ur_syll,sr_syll,ur_string,sr_string
i.mi,i.mi,imi,imi
i.ni,i.ni,ini,ini
i.pi,i.pi,ipi,ipi
i.ti,i.ti,iti,iti
i.ki,i.ki,iki,iki
i.bi,i.bi,ibi,ibi
i.di,i.di,idi,idi
i.gi,i.gi,igi,igi
i.fi,i.fi,ifi,ifi
i.si,i.si,isi,isi
i.vi,i.vi,ivi,ivi
i.zi,i.zi,izi,izi
i.ʃi,i.ʃi,iʃi,iʃi
i.ʒi,i.ʒi,iʒi,iʒi
i.θi,i.θi,iθi,iθi
i.ði,i.ði,iði,iði
i.hi,i.hi,ihi,ihi
i.me,i.me,ime,ime
i.ne,i.ne,ine,ine
i.pe,i.pe,ipe,ipe
i.te,i.te,ite,ite
i.ke,i.ke,ike,ike
i.be,i.be,ibe,ibe
i.de,i.de,ide,ide
i.ge,i.ge,ige,ige
i.fe,i.fe,ife,ife
i.se,i.se,ise,ise
i.ve,i.ve,ive,ive
i.ze,i.ze,ize,ize
i.ʃe,i.ʃe,iʃe,iʃe
i.ʒe,i.ʒe,iʒe,iʒe
i.θe,i.θe,iθe,iθe
i.ðe,i.ðe,iðe,iðe
i.he,i.he,ihe,ihe
i.mu,i.mu,imu,imu
i.nu,i.nu,inu,inu
i.pu,i.pu,ipu,ipu
i.tu,i.tu,itu,itu
i.ku,i.ku,iku,iku
i.bu,i.bu,ibu,ibu
i.du,i.du,idu,idu
i.gu,i.gu,igu,igu
i.fu,i.fu,ifu,ifu
i.su,i.su,isu,isu
i.vu,i.vu,ivu,ivu
i.zu,i.zu,izu,izu
i.ʃu,i.ʃu,iʃu,iʃu
i.ʒu,i.ʒu,iʒu,iʒu
i.θu,i.θu,iθu,iθu
i.ðu,i.ðu,iðu,iðu
i.hu,i.hu,ihu,ihu
i.mo,i.mo,imo,imo
i.no,i.no,ino,ino
i.po,i.po,ipo,ipo
i.to,i.to,ito,ito
i.ko,i.ko,iko,iko
i.bo,i.bo,ibo,ibo
i.do,i.do,ido,ido
i.go,i.go,igo,igo
i.fo,i.fo,ifo,ifo
i.so,i.so,iso,iso
i.vo,i.vo,ivo,ivo
i.zo,i.zo,izo,izo
i.ʃo,i.ʃo,iʃo,iʃo
i.ʒo,i.ʒo,iʒo,iʒo
i.θo,i.θo,iθo,iθo
i.ðo,i.ðo,iðo,iðo
i.ho,i.ho,iho,iho
e.mi,e.mi,emi,emi
e.ni,e.ni,eni,eni
e.pi,e.pi,epi,epi
e.ti,e.ti,eti,eti
e.ki,e.ki,eki,eki
e.bi,e.bi,ebi,ebi
e.di,e.di,edi,edi
e.gi,e.gi,egi,egi
e.fi,e.fi,efi,efi
e.si,e.si,esi,esi
e.vi,e.vi,evi,evi
e.zi,e.zi,ezi,ezi
e.ʃi,e.ʃi,eʃi,eʃi
e.ʒi,e.ʒi,eʒi,eʒi
e.θi,e.θi,eθi,eθi
e.ði,e.ði,eði,eði
e.hi,e.hi,ehi,ehi
e.me,e.me,eme,eme
e.ne,e.ne,ene,ene
e.pe,e.pe,epe,epe
e.te,e.te,ete,ete
e.ke,e.ke,eke,eke
e.be,e.be,ebe,ebe
e.de,e.de,ede,ede
e.ge,e.ge,ege,ege
e.fe,e.fe,efe,efe
e.se,e.se,ese,ese
e.ve,e.ve,eve,eve
e.ze,e.ze,eze,eze
e.ʃe,e.ʃe,eʃe,eʃe
e.ʒe,e.ʒe,eʒe,eʒe
e.θe,e.θe,eθe,eθe
e.ðe,e.ðe,eðe,eðe
e.he,e.he,ehe,ehe
e.mu,e.mu,emu,emu
e.nu,e.nu,enu,enu
e.pu,e.pu,epu,epu
e.tu,e.tu,etu,etu
e.ku,e.ku,eku,eku
e.bu,e.bu,ebu,ebu
e.du,e.du,edu,edu
e.gu,e.gu,egu,egu
e.fu,e.fu,efu,efu
e.su,e.su,esu,esu
e.vu,e.vu,evu,evu
e.zu,e.zu,ezu,ezu
e.ʃu,e.ʃu,eʃu,eʃu
e.ʒu,e.ʒu,eʒu,eʒu
e.θu,e.θu,eθu,eθu
e.ðu,e.ðu,eðu,eðu
e.hu,e.hu,ehu,ehu
e.mo,e.mo,emo,emo
e.no,e.no,eno,eno
e.po,e.po,epo,epo
e.to,e.to,eto,eto
e.ko,e.ko,eko,eko
e.bo,e.bo,ebo,ebo
e.do,e.do,edo,edo
e.go,e.go,ego,ego
e.fo,e.fo,efo,efo
e.so,e.so,eso,eso
e.vo,e.vo,evo,evo
e.zo,e.zo,ezo,ezo
e.ʃo,e.ʃo,eʃo,eʃo
e.ʒo,e.ʒo,eʒo,eʒo
e.θo,e.θo,eθo,eθo
e.ðo,e.ðo,eðo,eðo
e.ho,e.ho,eho,eho
u.mi,u.mi,umi,umi
u.ni,u.ni,uni,uni
u.pi,u.pi,upi,upi
u.ti,u.ti,uti,uti
u.ki,u.ki,uki,uki
u.bi,u.bi,ubi,ubi
u.di,u.di,udi,udi
u.gi,u.gi,ugi,ugi
u.fi,u.fi,ufi,ufi
u.si,u.si,usi,usi
u.vi,u.vi,uvi,uvi
u.zi,u.zi,uzi,uzi
u.ʃi,u.ʃi,uʃi,uʃi
u.ʒi,u.ʒi,uʒi,uʒi
u.θi,u.θi,uθi,uθi
u.ði,u.ði,uði,uði
u.hi,u.hi,uhi,uhi
u.me,u.me,ume,ume
u.ne,u.ne,une,une
u.pe,u.pe,upe,upe
u.te,u.te,ute,ute
u.ke,u.ke,uke,uke
u.be,u.be,ube,ube
u.de,u.de,ude,ude
u.ge,u.ge,uge,uge
u.fe,u.fe,ufe,ufe
u.se,u.se,use,use
u.ve,u.ve,uve,uve
u.ze,u.ze,uze,uze
u.ʃe,u.ʃe,uʃe,uʃe
u.ʒe,u.ʒe,uʒe,uʒe
u.θe,u.θe,uθe,uθe
u.ðe,u.ðe,uðe,uðe
u.he,u.he,uhe,uhe
u.mu,u.mu,umu,umu
u.nu,u.nu,unu,unu
u.pu,u.pu,upu,upu
u.tu,u.tu,utu,utu
u.ku,u.ku,uku,uku
u.bu,u.bu,ubu,ubu
u.du,u.du,udu,udu
u.gu,u.gu,ugu,ugu
u.fu,u.fu,ufu,ufu
u.su,u.su,usu,usu
u.vu,u.vu,uvu,uvu
u.zu,u.zu,uzu,uzu
u.ʃu,u.ʃu,uʃu,uʃu
u.ʒu,u.ʒu,uʒu,uʒu
u.θu,u.θu,uθu,uθu
u.ðu,u.ðu,uðu,uðu
u.hu,u.hu,uhu,uhu
u.mo,u.mo,umo,umo
u.no,u.no,uno,uno
u.po,u.po,upo,upo
u.to,u.to,uto,uto
u.ko,u.ko,uko,uko
u.bo,u.bo,ubo,ubo
u.do,u.do,udo,udo
u.go,u.go,ugo,ugo
u.fo,u.fo,ufo,ufo
u.so,u.so,uso,uso
u.vo,u.vo,uvo,uvo
u.zo,u.zo,uzo,uzo
u.ʃo,u.ʃo,uʃo,uʃo
u.ʒo,u.ʒo,uʒo,uʒo
u.θo,u.θo,uθo,uθo
u.ðo,u.ðo,uðo,uðo
u.ho,u.ho,uho,uho
o.mi,o.mi,omi,omi
o.ni,o.ni,oni,oni
o.pi,o.pi,opi,opi
o.ti,o.ti,oti,oti
o.ki,o.ki,oki,oki
o.bi,o.bi,obi,obi
o.di,o.di,odi,odi
o.gi,o.gi,ogi,ogi
o.fi,o.fi,ofi,ofi
o.si,o.si,osi,osi
o.vi,o.vi,ovi,ovi
o.zi,o.zi,ozi,ozi
o.ʃi,o.ʃi,oʃi,oʃi
o.ʒi,o.ʒi,oʒi,oʒi
o.θi,o.θi,oθi,oθi
o.ði,o.ði,oði,oði
o.hi,o.hi,ohi,ohi
o.me,o.me,ome,ome
o.ne,o.ne,one,one
o.pe,o.pe,ope,ope
o.te,o.te,ote,ote
o.ke,o.ke,oke,oke
o.be,o.be,obe,obe
o.de,o.de,ode,ode
o.ge,o.ge,oge,oge
o.fe,o.fe,ofe,ofe
o.se,o.se,ose,ose
o.ve,o.ve,ove,ove
o.ze,o.ze,oze,oze
o.ʃe,o.ʃe,oʃe,oʃe
o.ʒe,o.ʒe,oʒe,oʒe
o.θe,o.θe,oθe,oθe
o.ðe,o.ðe,oðe,oðe
o.he,o.he,ohe,ohe
o.mu,o.mu,omu,omu
o.nu,o.nu,onu,onu
o.pu,o.pu,opu,opu
o.tu,o.tu,otu,otu
o.ku,o.ku,oku,oku
o.bu,o.bu,obu,obu
o.du,o.du,odu,odu
o.gu,o.gu,ogu,ogu
o.fu,o.fu,ofu,ofu
o.su,o.su,osu,osu
o.vu,o.vu,ovu,ovu
o.zu,o.zu,ozu,ozu
o.ʃu,o.ʃu,oʃu,oʃu
o.ʒu,o.ʒu,oʒu,oʒu
o.θu,o.θu,oθu,oθu
o.ðu,o.ðu,oðu,oðu
o.hu,o.hu,ohu,ohu
o.mo,o.mo,omo,omo
o.no,o.no,ono,ono
o.po,o.po,opo,opo
o.to,o.to,oto,oto
o.ko,o.ko,oko,oko
o.bo,o.bo,obo,obo
o.do,o.do,odo,odo
o.go,o.go,ogo,ogo
o.fo,o.fo,ofo,ofo
o.so,o.so,oso,oso
o.vo,o.vo,ovo,ovo
o.zo,o.zo,ozo,ozo
o.ʃo,o.ʃo,oʃo,oʃo
o.ʒo,o.ʒo,oʒo,oʒo
o.θo,o.θo,oθo,oθo
o.ðo,o.ðo,oðo,oðo
o.ho,o.ho,oho,oho
i.mɪm,i.mɪm,imɪm,imɪm
i.mɪn,i.mɪn,imɪn,imɪn
i.mɪŋ,i.mɪŋ,imɪŋ,imɪŋ
i.mɪp,i.mɪp,imɪp,imɪp
i.mɪt,i.mɪt,imɪt,imɪt
i.mɪk,i.mɪk,imɪk,imɪk
i.mɪb,i.mɪb,imɪb,imɪb
i.mɪd,i.mɪd,imɪd,imɪd
i.mɪg,i.mɪg,imɪg,imɪg
i.mɪf,i.mɪf,imɪf,imɪf
i.mɪs,i.mɪs,imɪs,imɪs
i.mɪv,i.mɪv,imɪv,imɪv
i.mɪz,i.mɪz,imɪz,imɪz
i.mɪʃ,i.mɪʃ,imɪʃ,imɪʃ
i.mɪʒ,i.mɪʒ,imɪʒ,imɪʒ
i.mɪθ,i.mɪθ,imɪθ,imɪθ
i.mɪð,i.mɪð,imɪð,imɪð
i.nɪm,i.nɪm,inɪm,inɪm
i.nɪn,i.nɪn,inɪn,inɪn
i.nɪŋ,i.nɪŋ,inɪŋ,inɪŋ
i.nɪp,i.nɪp,inɪp,inɪp
i.nɪt,i.nɪt,inɪt,inɪt
i.nɪk,i.nɪk,inɪk,inɪk
i.nɪb,i.nɪb,inɪb,inɪb
i.nɪd,i.nɪd,inɪd,inɪd
i.nɪg,i.nɪg,inɪg,inɪg
i.nɪf,i.nɪf,inɪf,inɪf
i.nɪs,i.nɪs,inɪs,inɪs
i.nɪv,i.nɪv,inɪv,inɪv
i.nɪz,i.nɪz,inɪz,inɪz
i.nɪʃ,i.nɪʃ,inɪʃ,inɪʃ
i.nɪʒ,i.nɪʒ,inɪʒ,inɪʒ
i.nɪθ,i.nɪθ,inɪθ,inɪθ
i.nɪð,i.nɪð,inɪð,inɪð
i.pɪm,i.pɪm,ipɪm,ipɪm
i.pɪn,i.pɪn,ipɪn,ipɪn
i.pɪŋ,i.pɪŋ,ipɪŋ,ipɪŋ
i.pɪp,i.pɪp,ipɪp,ipɪp
i.pɪt,i.pɪt,ipɪt,ipɪt
i.pɪk,i.pɪk,ipɪk,ipɪk
i.pɪb,i.pɪb,ipɪb,ipɪb
i.pɪd,i.pɪd,ipɪd,ipɪd
i.pɪg,i.pɪg,ipɪg,ipɪg
i.pɪf,i.pɪf,ipɪf,ipɪf
i.pɪs,i.pɪs,ipɪs,ipɪs
i.pɪv,i.pɪv,ipɪv,ipɪv
i.pɪz,i.pɪz,ipɪz,ipɪz
i.pɪʃ,i.pɪʃ,ipɪʃ,ipɪʃ
i.pɪʒ,i.pɪʒ,ipɪʒ,ipɪʒ
i.pɪθ,i.pɪθ,ipɪθ,ipɪθ
i.pɪð,i.pɪð,ipɪð,ipɪð
i.tɪm,i.tɪm,itɪm,itɪm
i.tɪn,i.tɪn,itɪn,itɪn
i.tɪŋ,i.tɪŋ,itɪŋ,itɪŋ
i.tɪp,i.tɪp,itɪp,itɪp
i.tɪt,i.tɪt,itɪt,itɪt
i.tɪk,i.tɪk,itɪk,itɪk
i.tɪb,i.tɪb,itɪb,itɪb
i.tɪd,i.tɪd,itɪd,itɪd
i.tɪg,i.tɪg,itɪg,itɪg
i.tɪf,i.tɪf,itɪf,itɪf
i.tɪs,i.tɪs,itɪs,itɪs
i.tɪv,i.tɪv,itɪv,itɪv
i.tɪz,i.tɪz,itɪz,itɪz
i.tɪʃ,i.tɪʃ,itɪʃ,itɪʃ
i.tɪʒ,i.tɪʒ,itɪʒ,itɪʒ
i.tɪθ,i.tɪθ,itɪθ,itɪθ
i.tɪð,i.tɪð,itɪð,itɪð
i.kɪm,i.kɪm,ikɪm,ikɪm
i.kɪn,i.kɪn,ikɪn,ikɪn
i.kɪŋ,i.kɪŋ,ikɪŋ,ikɪŋ
i.kɪp,i.kɪp,ikɪp,ikɪp
i.kɪt,i.kɪt,ikɪt,ikɪt
i.kɪk,i.kɪk,ikɪk,ikɪk
i.kɪb,i.kɪb,ikɪb,ikɪb
i.kɪd,i.kɪd,ikɪd,ikɪd
i.kɪg,i.kɪg,ikɪg,ikɪg
i.kɪf,i.kɪf,ikɪf,ikɪf
i.kɪs,i.kɪs,ikɪs,ikɪs
i.kɪv,i.kɪv,ikɪv,ikɪv
i.kɪz,i.kɪz,ikɪz,ikɪz
i.kɪʃ,i.kɪʃ,ikɪʃ,ikɪʃ
i.kɪʒ,i.kɪʒ,ikɪʒ,ikɪʒ
i.kɪθ,i.kɪθ,ikɪθ,ikɪθ
i.kɪð,i.kɪð,ikɪð,ikɪð
i.bɪm,i.bɪm,ibɪm,ibɪm
i.bɪn,i.bɪn,ibɪn,ibɪn
i.bɪŋ,i.bɪŋ,ibɪŋ,ibɪŋ
i.bɪp,i.bɪp,ibɪp,ibɪp
i.bɪt,i.bɪt,ibɪt,ibɪt
i.bɪk,i.bɪk,ibɪk,ibɪk
i.bɪb,i.bɪb,ibɪb,ibɪb
i.bɪd,i.bɪd,ibɪd,ibɪd
i.bɪg,i.bɪg,ibɪg,ibɪg
i.bɪf,i.bɪf,ibɪf,ibɪf
i.bɪs,i.bɪs,ibɪs,ibɪs
i.bɪv,i.bɪv,ibɪv,ibɪv
i.bɪz,i.bɪz,ibɪz,ibɪz
i.bɪʃ,i.bɪʃ,ibɪʃ,ibɪʃ
i.bɪʒ,i.bɪʒ,ibɪʒ,ibɪʒ
i.bɪθ,i.bɪθ,ibɪθ,ibɪθ
i.bɪð,i.bɪð,ibɪð,ibɪð
i.dɪm,i.dɪm,idɪm,idɪm
i.dɪn,i.dɪn,idɪn,idɪn
i.dɪŋ,i.dɪŋ,idɪŋ,idɪŋ
i.dɪp,i.dɪp,idɪp,idɪp
i.dɪt,i.dɪt,idɪt,idɪt
i.dɪk,i.dɪk,idɪk,idɪk
i.dɪb,i.dɪb,idɪb,idɪb
i.dɪd,i.dɪd,idɪd,idɪd
i.dɪg,i.dɪg,idɪg,idɪg
i.dɪf,i.dɪf,idɪf,idɪf
i.dɪs,i.dɪs,idɪs,idɪs
i.dɪv,i.dɪv,idɪv,idɪv
i.dɪz,i.dɪz,idɪz,idɪz
i.dɪʃ,i.dɪʃ,idɪʃ,idɪʃ
i.dɪʒ,i.dɪʒ,idɪʒ,idɪʒ
i.dɪθ,i.dɪθ,idɪθ,idɪθ
i.dɪð,i.dɪð,idɪð,idɪð
i.gɪm,i.gɪm,igɪm,igɪm
i.gɪn,i.gɪn,igɪn,igɪn
i.gɪŋ,i.gɪŋ,igɪŋ,igɪŋ
i.gɪp,i.gɪp,igɪp,igɪp
i.gɪt,i.gɪt,igɪt,igɪt
i.gɪk,i.gɪk,igɪk,igɪk
i.gɪb,i.gɪb,igɪb,igɪb
i.gɪd,i.gɪd,igɪd,igɪd
i.gɪg,i.gɪg,igɪg,igɪg
i.gɪf,i.gɪf,igɪf,igɪf
i.gɪs,i.gɪs,igɪs,igɪs
i.gɪv,i.gɪv,igɪv,igɪv
i.gɪz,i.gɪz,igɪz,igɪz
i.gɪʃ,i.gɪʃ,igɪʃ,igɪʃ
i.gɪʒ,i.gɪʒ,igɪʒ,igɪʒ
i.gɪθ,i.gɪθ,igɪθ,igɪθ
i.gɪð,i.gɪð,igɪð,igɪð
i.fɪm,i.fɪm,ifɪm,ifɪm
i.fɪn,i.fɪn,ifɪn,ifɪn
i.fɪŋ,i.fɪŋ,ifɪŋ,ifɪŋ
i.fɪp,i.fɪp,ifɪp,ifɪp
i.fɪt,i.fɪt,ifɪt,ifɪt
i.fɪk,i.fɪk,ifɪk,ifɪk
i.fɪb,i.fɪb,ifɪb,ifɪb
i.fɪd,i.fɪd,ifɪd,ifɪd
i.fɪg,i.fɪg,ifɪg,ifɪg
i.fɪf,i.fɪf,ifɪf,ifɪf
i.fɪs,i.fɪs,ifɪs,ifɪs
i.fɪv,i.fɪv,ifɪv,ifɪv
i.fɪz,i.fɪz,ifɪz,ifɪz
i.fɪʃ,i.fɪʃ,ifɪʃ,ifɪʃ
i.fɪʒ,i.fɪʒ,ifɪʒ,ifɪʒ
i.fɪθ,i.fɪθ,ifɪθ,ifɪθ
i.fɪð,i.fɪð,ifɪð,ifɪð
i.sɪm,i.sɪm,isɪm,isɪm
i.sɪn,i.sɪn,isɪn,isɪn
i.sɪŋ,i.sɪŋ,isɪŋ,isɪŋ
i.sɪp,i.sɪp,isɪp,isɪp
i.sɪt,i.sɪt,isɪt,isɪt
i.sɪk,i.sɪk,isɪk,isɪk
i.sɪb,i.sɪb,isɪb,isɪb
i.sɪd,i.sɪd,isɪd,isɪd
i.sɪg,i.sɪg,isɪg,isɪg
i.sɪf,i.sɪf,isɪf,isɪf
i.sɪs,i.sɪs,isɪs,isɪs
i.sɪv,i.sɪv,isɪv,isɪv
i.sɪz,i.sɪz,isɪz,isɪz
i.sɪʃ,i.sɪʃ,isɪʃ,isɪʃ
i.sɪʒ,i.sɪʒ,isɪʒ,isɪʒ
i.sɪθ,i.sɪθ,isɪθ,isɪθ
i.sɪð,i.sɪð,isɪð,isɪð
i.vɪm,i.vɪm,ivɪm,ivɪm
i.vɪn,i.vɪn,ivɪn,ivɪn
i.vɪŋ,i.vɪŋ,ivɪŋ,ivɪŋ
i.vɪp,i.vɪp,ivɪp,ivɪp
i.vɪt,i.vɪt,ivɪt,ivɪt
i.vɪk,i.vɪk,ivɪk,ivɪk
i.vɪb,i.vɪb,ivɪb,ivɪb
i.vɪd,i.vɪd,ivɪd,ivɪd
i.vɪg,i.vɪg,ivɪg,ivɪg
i.vɪf,i.vɪf,ivɪf,ivɪf
i.vɪs,i.vɪs,ivɪs,ivɪs
i.vɪv,i.vɪv,ivɪv,ivɪv
i.vɪz,i.vɪz,ivɪz,ivɪz
i.vɪʃ,i.vɪʃ,ivɪʃ,ivɪʃ
i.vɪʒ,i.vɪʒ,ivɪʒ,ivɪʒ
i.vɪθ,i.vɪθ,ivɪθ,ivɪθ
i.vɪð,i.vɪð,ivɪð,ivɪð
i.zɪm,i.zɪm,izɪm,izɪm
i.zɪn,i.zɪn,izɪn,izɪn
i.zɪŋ,i.zɪŋ,izɪŋ,izɪŋ
i.zɪp,i.zɪp,izɪp,izɪp
i.zɪt,i.zɪt,izɪt,izɪt
i.zɪk,i.zɪk,izɪk,izɪk
i.zɪb,i.zɪb,izɪb,izɪb
i.zɪd,i.zɪd,izɪd,izɪd
i.zɪg,i.zɪg,izɪg,izɪg
i.zɪf,i.zɪf,izɪf,izɪf
i.zɪs,i.zɪs,izɪs,izɪs
i.zɪv,i.zɪv,izɪv,izɪv
i.zɪz,i.zɪz,izɪz,izɪz
i.zɪʃ,i.zɪʃ,izɪʃ,izɪʃ
i.zɪʒ,i.zɪʒ,izɪʒ,izɪʒ
i.zɪθ,i.zɪθ,izɪθ,izɪθ
i.zɪð,i.zɪð,izɪð,izɪð
i.ʃɪm,i.ʃɪm,iʃɪm,iʃɪm
i.ʃɪn,i.ʃɪn,iʃɪn,iʃɪn
i.ʃɪŋ,i.ʃɪŋ,iʃɪŋ,iʃɪŋ
i.ʃɪp,i.ʃɪp,iʃɪp,iʃɪp
i.ʃɪt,i.ʃɪt,iʃɪt,iʃɪt
i.ʃɪk,i.ʃɪk,iʃɪk,iʃɪk
i.ʃɪb,i.ʃɪb,iʃɪb,iʃɪb
i.ʃɪd,i.ʃɪd,iʃɪd,iʃɪd
i.ʃɪg,i.ʃɪg,iʃɪg,iʃɪg
i.ʃɪf,i.ʃɪf,iʃɪf,iʃɪf
i.ʃɪs,i.ʃɪs,iʃɪs,iʃɪs
i.ʃɪv,i.ʃɪv,iʃɪv,iʃɪv
i.ʃɪz,i.ʃɪz,iʃɪz,iʃɪz
i.ʃɪʃ,i.ʃɪʃ,iʃɪʃ,iʃɪʃ
i.ʃɪʒ,i.ʃɪʒ,iʃɪʒ,iʃɪʒ
i.ʃɪθ,i.ʃɪθ,iʃɪθ,iʃɪθ
i.ʃɪð,i.ʃɪð,iʃɪð,iʃɪð
i.ʒɪm,i.ʒɪm,iʒɪm,iʒɪm
i.ʒɪn,i.ʒɪn,iʒɪn,iʒɪn
i.ʒɪŋ,i.ʒɪŋ,iʒɪŋ,iʒɪŋ
i.ʒɪp,i.ʒɪp,iʒɪp,iʒɪp
i.ʒɪt,i.ʒɪt,iʒɪt,iʒɪt
i.ʒɪk,i.ʒɪk,iʒɪk,iʒɪk
i.ʒɪb,i.ʒɪb,iʒɪb,iʒɪb
i.ʒɪd,i.ʒɪd,iʒɪd,iʒɪd
i.ʒɪg,i.ʒɪg,iʒɪg,iʒɪg
i.ʒɪf,i.ʒɪf,iʒɪf,iʒɪf
i.ʒɪs,i.ʒɪs,iʒɪs,iʒɪs
i.ʒɪv,i.ʒɪv,iʒɪv,iʒɪv
i.ʒɪz,i.ʒɪz,iʒɪz,iʒɪz
i.ʒɪʃ,i.ʒɪʃ,iʒɪʃ,iʒɪʃ
i.ʒɪʒ,i.ʒɪʒ,iʒɪʒ,iʒɪʒ
i.ʒɪθ,i.ʒɪθ,iʒɪθ,iʒɪθ
i.ʒɪð,i.ʒɪð,iʒɪð,iʒɪð
i.θɪm,i.θɪm,iθɪm,iθɪm
i.θɪn,i.θɪn,iθɪn,iθɪn
i.θɪŋ,i.θɪŋ,iθɪŋ,iθɪŋ
i.θɪp,i.θɪp,iθɪp,iθɪp
i.θɪt,i.θɪt,iθɪt,iθɪt
i.θɪk,i.θɪk,iθɪk,iθɪk
i.θɪb,i.θɪb,iθɪb,iθɪb
i.θɪd,i.θɪd,iθɪd,iθɪd
i.θɪg,i.θɪg,iθɪg,iθɪg
i.θɪf,i.θɪf,iθɪf,iθɪf
i.θɪs,i.θɪs,iθɪs,iθɪs
i.θɪv,i.θɪv,iθɪv,iθɪv
i.θɪz,i.θɪz,iθɪz,iθɪz
i.θɪʃ,i.θɪʃ,iθɪʃ,iθɪʃ
i.θɪʒ,i.θɪʒ,iθɪʒ,iθɪʒ
i.θɪθ,i.θɪθ,iθɪθ,iθɪθ
i.θɪð,i.θɪð,iθɪð,iθɪð
i.ðɪm,i.ðɪm,iðɪm,iðɪm
i.ðɪn,i.ðɪn,iðɪn,iðɪn
i.ðɪŋ,i.ðɪŋ,iðɪŋ,iðɪŋ
i.ðɪp,i.ðɪp,iðɪp,iðɪp
i.ðɪt,i.ðɪt,iðɪt,iðɪt
i.ðɪk,i.ðɪk,iðɪk,iðɪk
i.ðɪb,i.ðɪb,iðɪb,iðɪb
i.ðɪd,i.ðɪd,iðɪd,iðɪd
i.ðɪg,i.ðɪg,iðɪg,iðɪg
i.ðɪf,i.ðɪf,iðɪf,iðɪf
i.ðɪs,i.ðɪs,iðɪs,iðɪs
i.ðɪv,i.ðɪv,iðɪv,iðɪv
i.ðɪz,i.ðɪz,iðɪz,iðɪz
i.ðɪʃ,i.ðɪʃ,iðɪʃ,iðɪʃ
i.ðɪʒ,i.ðɪʒ,iðɪʒ,iðɪʒ
i.ðɪθ,i.ðɪθ,iðɪθ,iðɪθ
i.ðɪð,i.ðɪð,iðɪð,iðɪð
i.hɪm,i.hɪm,ihɪm,ihɪm
i.hɪn,i.hɪn,ihɪn,ihɪn
i.hɪŋ,i.hɪŋ,ihɪŋ,ihɪŋ
i.hɪp,i.hɪp,ihɪp,ihɪp
i.hɪt,i.hɪt,ihɪt,ihɪt
i.hɪk,i.hɪk,ihɪk,ihɪk
i.hɪb,i.hɪb,ihɪb,ihɪb
i.hɪd,i.hɪd,ihɪd,ihɪd
i.hɪg,i.hɪg,ihɪg,ihɪg
i.hɪf,i.hɪf,ihɪf,ihɪf
i.hɪs,i.hɪs,ihɪs,ihɪs
i.hɪv,i.hɪv,ihɪv,ihɪv
i.hɪz,i.hɪz,ihɪz,ihɪz
i.hɪʃ,i.hɪʃ,ihɪʃ,ihɪʃ
i.hɪʒ,i.hɪʒ,ihɪʒ,ihɪʒ
i.hɪθ,i.hɪθ,ihɪθ,ihɪθ
i.hɪð,i.hɪð,ihɪð,ihɪð
i.mɛm,i.mɛm,imɛm,imɛm
i.mɛn,i.mɛn,imɛn,imɛn
i.mɛŋ,i.mɛŋ,imɛŋ,imɛŋ
i.mɛp,i.mɛp,imɛp,imɛp
i.mɛt,i.mɛt,imɛt,imɛt
i.mɛk,i.mɛk,imɛk,imɛk
i.mɛb,i.mɛb,imɛb,imɛb
i.mɛd,i.mɛd,imɛd,imɛd
i.mɛg,i.mɛg,imɛg,imɛg
i.mɛf,i.mɛf,imɛf,imɛf
i.mɛs,i.mɛs,imɛs,imɛs
i.mɛv,i.mɛv,imɛv,imɛv
i.mɛz,i.mɛz,imɛz,imɛz
i.mɛʃ,i.mɛʃ,imɛʃ,imɛʃ
i.mɛʒ,i.mɛʒ,imɛʒ,imɛʒ
i.mɛθ,i.mɛθ,imɛθ,imɛθ
i.mɛð,i.mɛð,imɛð,imɛð
i.nɛm,i.nɛm,inɛm,inɛm
i.nɛn,i.nɛn,inɛn,inɛn
i.nɛŋ,i.nɛŋ,inɛŋ,inɛŋ
i.nɛp,i.nɛp,inɛp,inɛp
i.nɛt,i.nɛt,inɛt,inɛt
i.nɛk,i.nɛk,inɛk,inɛk
i.nɛb,i.nɛb,inɛb,inɛb
i.nɛd,i.nɛd,inɛd,inɛd
i.nɛg,i.nɛg,inɛg,inɛg
i.nɛf,i.nɛf,inɛf,inɛf
i.nɛs,i.nɛs,inɛs,inɛs
i.nɛv,i.nɛv,inɛv,inɛv
i.nɛz,i.nɛz,inɛz,inɛz
i.nɛʃ,i.nɛʃ,inɛʃ,inɛʃ
i.nɛʒ,i.nɛʒ,inɛʒ,inɛʒ
i.nɛθ,i.nɛθ,inɛθ,inɛθ
i.nɛð,i.nɛð,inɛð,inɛð
i.pɛm,i.pɛm,ipɛm,ipɛm
i.pɛn,i.pɛn,ipɛn,ipɛn
i.pɛŋ,i.pɛŋ,ipɛŋ,ipɛŋ
i.pɛp,i.pɛp,ipɛp,ipɛp
i.pɛt,i.pɛt,ipɛt,ipɛt
i.pɛk,i.pɛk,ipɛk,ipɛk
i.pɛb,i.pɛb,ipɛb,ipɛb
i.pɛd,i.pɛd,ipɛd,ipɛd
i.pɛg,i.pɛg,ipɛg,ipɛg
i.pɛf,i.pɛf,ipɛf,ipɛf
i.pɛs,i.pɛs,ipɛs,ipɛs
i.pɛv,i.pɛv,ipɛv,ipɛv
i.pɛz,i.pɛz,ipɛz,ipɛz
i.pɛʃ,i.pɛʃ,ipɛʃ,ipɛʃ
i.pɛʒ,i.pɛʒ,ipɛʒ,ipɛʒ
i.pɛθ,i.pɛθ,ipɛθ,ipɛθ
i.pɛð,i.pɛð,ipɛð,ipɛð
i.tɛm,i.tɛm,itɛm,itɛm
i.tɛn,i.tɛn,itɛn,itɛn
i.tɛŋ,i.tɛŋ,itɛŋ,itɛŋ
i.tɛp,i.tɛp,itɛp,itɛp
i.tɛt,i.tɛt,itɛt,itɛt
i.tɛk,i.tɛk,itɛk,itɛk
i.tɛb,i.tɛb,itɛb,itɛb
i.tɛd,i.tɛd,itɛd,itɛd
i.tɛg,i.tɛg,itɛg,itɛg
i.tɛf,i.tɛf,itɛf,itɛf
i.tɛs,i.tɛs,itɛs,itɛs
i.tɛv,i.tɛv,itɛv,itɛv
i.tɛz,i.tɛz,itɛz,itɛz
i.tɛʃ,i.tɛʃ,itɛʃ,itɛʃ
i.tɛʒ,i.tɛʒ,itɛʒ,itɛʒ
i.tɛθ,i.tɛθ,itɛθ,itɛθ
i.tɛð,i.tɛð,itɛð,itɛð
i.kɛm,i.kɛm,ikɛm,ikɛm
i.kɛn,i.kɛn,ikɛn,ikɛn
i.kɛŋ,i.kɛŋ,ikɛŋ,ikɛŋ
i.kɛp,i.kɛp,ikɛp,ikɛp
i.kɛt,i.kɛt,ikɛt,ikɛt
i.kɛk,i.kɛk,ikɛk,ikɛk
i.kɛb,i.kɛb,ikɛb,ikɛb
i.kɛd,i.kɛd,ikɛd,ikɛd
i.kɛg,i.kɛg,ikɛg,ikɛg
i.kɛf,i.kɛf,ikɛf,ikɛf
i.kɛs,i.kɛs,ikɛs,ikɛs
i.kɛv,i.kɛv,ikɛv,ikɛv
i.kɛz,i.kɛz,ikɛz,ikɛz
i.kɛʃ,i.kɛʃ,ikɛʃ,ikɛʃ
i.kɛʒ,i.kɛʒ,ikɛʒ,ikɛʒ
i.kɛθ,i.kɛθ,ikɛθ,ikɛθ
i.kɛð,i.kɛð,ikɛð,ikɛð
i.bɛm,i.bɛm,ibɛm,ibɛm
i.bɛn,i.bɛn,ibɛn,ibɛn
i.bɛŋ,i.bɛŋ,ibɛŋ,ibɛŋ
i.bɛp,i.bɛp,ibɛp,ibɛp
i.bɛt,i.bɛt,ibɛt,ibɛt
i.bɛk,i.bɛk,ibɛk,ibɛk
i.bɛb,i.bɛb,ibɛb,ibɛb
i.bɛd,i.bɛd,ibɛd,ibɛd
i.bɛg,i.bɛg,ibɛg,ibɛg
i.bɛf,i.bɛf,ibɛf,ibɛf
i.bɛs,i.bɛs,ibɛs,ibɛs
i.bɛv,i.bɛv,ibɛv,ibɛv
i.bɛz,i.bɛz,ibɛz,ibɛz
i.bɛʃ,i.bɛʃ,ibɛʃ,ibɛʃ
i.bɛʒ,i.bɛʒ,ibɛʒ,ibɛʒ
i.bɛθ,i.bɛθ,ibɛθ,ibɛθ
i.bɛð,i.bɛð,ibɛð,ibɛð
i.dɛm,i.dɛm,idɛm,idɛm
i.dɛn,i.dɛn,idɛn,idɛn
i.dɛŋ,i.dɛŋ,idɛŋ,idɛŋ
i.dɛp,i.dɛp,idɛp,idɛp
i.dɛt,i.dɛt,idɛt,idɛt
i.dɛk,i.dɛk,idɛk,idɛk
i.dɛb,i.dɛb,idɛb,idɛb
i.dɛd,i.dɛd,idɛd,idɛd
i.dɛg,i.dɛg,idɛg,idɛg
i.dɛf,i.dɛf,idɛf,idɛf
i.dɛs,i.dɛs,idɛs,idɛs
i.dɛv,i.dɛv,idɛv,idɛv
i.dɛz,i.dɛz,idɛz,idɛz
i.dɛʃ,i.dɛʃ,idɛʃ,idɛʃ
i.dɛʒ,i.dɛʒ,idɛʒ,idɛʒ
i.dɛθ,i.dɛθ,idɛθ,idɛθ
i.dɛð,i.dɛð,idɛð,idɛð
i.gɛm,i.gɛm,igɛm,igɛm
i.gɛn,i.gɛn,igɛn,igɛn
i.gɛŋ,i.gɛŋ,igɛŋ,igɛŋ
i.gɛp,i.gɛp,igɛp,igɛp
i.gɛt,i.gɛt,igɛt,igɛt
i.gɛk,i.gɛk,igɛk,igɛk
i.gɛb,i.gɛb,igɛb,igɛb
i.gɛd,i.gɛd,igɛd,igɛd
i.gɛg,i.gɛg,igɛg,igɛg
i.gɛf,i.gɛf,igɛf,igɛf
i.gɛs,i.gɛs,igɛs,igɛs
i.gɛv,i.gɛv,igɛv,igɛv
i.gɛz,i.gɛz,igɛz,igɛz
i.gɛʃ,i.gɛʃ,igɛʃ,igɛʃ
i.gɛʒ,i.gɛʒ,igɛʒ,igɛʒ
i.gɛθ,i.gɛθ,igɛθ,igɛθ
i.gɛð,i.gɛð,igɛð,igɛð
i.fɛm,i.fɛm,ifɛm,ifɛm
i.fɛn,i.fɛn,ifɛn,ifɛn
i.fɛŋ,i.fɛŋ,ifɛŋ,ifɛŋ
i.fɛp,i.fɛp,ifɛp,ifɛp
i.fɛt,i.fɛt,ifɛt,ifɛt
i.fɛk,i.fɛk,ifɛk,ifɛk
i.fɛb,i.fɛb,ifɛb,ifɛb
i.fɛd,i.fɛd,ifɛd,ifɛd
i.fɛg,i.fɛg,ifɛg,ifɛg
i.fɛf,i.fɛf,ifɛf,ifɛf
i.fɛs,i.fɛs,ifɛs,ifɛs
i.fɛv,i.fɛv,ifɛv,ifɛv
i.fɛz,i.fɛz,ifɛz,ifɛz
i.fɛʃ,i.fɛʃ,ifɛʃ,ifɛʃ
i.fɛʒ,i.fɛʒ,ifɛʒ,ifɛʒ
i.fɛθ,i.fɛθ,ifɛθ,ifɛθ
i.fɛð,i.fɛð,ifɛð,ifɛð
i.sɛm,i.sɛm,isɛm,isɛm
i.sɛn,i.sɛn,isɛn,isɛn
i.sɛŋ,i.sɛŋ,isɛŋ,isɛŋ
i.sɛp,i.sɛp,isɛp,isɛp
i.sɛt,i.sɛt,isɛt,isɛt
i.sɛk,i.sɛk,isɛk,isɛk
i.sɛb,i.sɛb,isɛb,isɛb
i.sɛd,i.sɛd,isɛd,isɛd
i.sɛg,i.sɛg,isɛg,isɛg
i.sɛf,i.sɛf,isɛf,isɛf
i.sɛs,i.sɛs,isɛs,isɛs
i.sɛv,i.sɛv,isɛv,isɛv
i.sɛz,i.sɛz,isɛz,isɛz
i.sɛʃ,i.sɛʃ,isɛʃ,isɛʃ
i.sɛʒ,i.sɛʒ,isɛʒ,isɛʒ
i.sɛθ,i.sɛθ,isɛθ,isɛθ
i.sɛð,i.sɛð,isɛð,isɛð
i.vɛm,i.vɛm,ivɛm,ivɛm
i.vɛn,i.vɛn,ivɛn,ivɛn
i.vɛŋ,i.vɛŋ,ivɛŋ,ivɛŋ
i.vɛp,i.vɛp,ivɛp,ivɛp
i.vɛt,i.vɛt,ivɛt,ivɛt
i.vɛk,i.vɛk,ivɛk,ivɛk
i.vɛb,i.vɛb,ivɛb,ivɛb
i.vɛd,i.vɛd,ivɛd,ivɛd
i.vɛg,i.vɛg,ivɛg,ivɛg
i.vɛf,i.vɛf,ivɛf,ivɛf
i.vɛs,i.vɛs,ivɛs,ivɛs
i.vɛv,i.vɛv,ivɛv,ivɛv
i.vɛz,i.vɛz,ivɛz,ivɛz
i.vɛʃ,i.vɛʃ,ivɛʃ,ivɛʃ
i.vɛʒ,i.vɛʒ,ivɛʒ,ivɛʒ
i.vɛθ,i.vɛθ,ivɛθ,ivɛθ
i.vɛð,i.vɛð,ivɛð,ivɛð
i.zɛm,i.zɛm,izɛm,izɛm
i.zɛn,i.zɛn,izɛn,izɛn
i.zɛŋ,i.zɛŋ,izɛŋ,izɛŋ
i.zɛp,i.zɛp,izɛp,izɛp
i.zɛt,i.zɛt,izɛt,izɛt
i.zɛk,i.zɛk,izɛk,izɛk
i.zɛb,i.zɛb,izɛb,izɛb
i.zɛd,i.zɛd,izɛd,izɛd
i.zɛg,i.zɛg,izɛg,izɛg
i.zɛf,i.zɛf,izɛf,izɛf
i.zɛs,i.zɛs,izɛs,izɛs
i.zɛv,i.zɛv,izɛv,izɛv
i.zɛz,i.zɛz,izɛz,izɛz
i.zɛʃ,i.zɛʃ,izɛʃ,izɛʃ
i.zɛʒ,i.zɛʒ,izɛʒ,izɛʒ
i.zɛθ,i.zɛθ,izɛθ,izɛθ
i.zɛð,i.zɛð,izɛð,izɛð
i.ʃɛm,i.ʃɛm,iʃɛm,iʃɛm
i.ʃɛn,i.ʃɛn,iʃɛn,iʃɛn
i.ʃɛŋ,i.ʃɛŋ,iʃɛŋ,iʃɛŋ
i.ʃɛp,i.ʃɛp,iʃɛp,iʃɛp
i.ʃɛt,i.ʃɛt,iʃɛt,iʃɛt
i.ʃɛk,i.ʃɛk,iʃɛk,iʃɛk
i.ʃɛb,i.ʃɛb,iʃɛb,iʃɛb
i.ʃɛd,i.ʃɛd,iʃɛd,iʃɛd
i.ʃɛg,i.ʃɛg,iʃɛg,iʃɛg
i.ʃɛf,i.ʃɛf,iʃɛf,iʃɛf
i.ʃɛs,i.ʃɛs,iʃɛs,iʃɛs
i.ʃɛv,i.ʃɛv,iʃɛv,iʃɛv
i.ʃɛz,i.ʃɛz,iʃɛz,iʃɛz
i.ʃɛʃ,i.ʃɛʃ,iʃɛʃ,iʃɛʃ
i.ʃɛʒ,i.ʃɛʒ,iʃɛʒ,iʃɛʒ
i.ʃɛθ,i.ʃɛθ,iʃɛθ,iʃɛθ
i.ʃɛð,i.ʃɛð,iʃɛð,iʃɛð
i.ʒɛm,i.ʒɛm,iʒɛm,iʒɛm
i.ʒɛn,i.ʒɛn,iʒɛn,iʒɛn
i.ʒɛŋ,i.ʒɛŋ,iʒɛŋ,iʒɛŋ
i.ʒɛp,i.ʒɛp,iʒɛp,iʒɛp
i.ʒɛt,i.ʒɛt,iʒɛt,iʒɛt
i.ʒɛk,i.ʒɛk,iʒɛk,iʒɛk
i.ʒɛb,i.ʒɛb,iʒɛb,iʒɛb
i.ʒɛd,i.ʒɛd,iʒɛd,iʒɛd
i.ʒɛg,i.ʒɛg,iʒɛg,iʒɛg
i.ʒɛf,i.ʒɛf,iʒɛf,iʒɛf
i.ʒɛs,i.ʒɛs,iʒɛs,iʒɛs
i.ʒɛv,i.ʒɛv,iʒɛv,iʒɛv
i.ʒɛz,i.ʒɛz,iʒɛz,iʒɛz
i.ʒɛʃ,i.ʒɛʃ,iʒɛʃ,iʒɛʃ
i.ʒɛʒ,i.ʒɛʒ,iʒɛʒ,iʒɛʒ
i.ʒɛθ,i.ʒɛθ,iʒɛθ,iʒɛθ
i.ʒɛð,i.ʒɛð,iʒɛð,iʒɛð
i.θɛm,i.θɛm,iθɛm,iθɛm
i.θɛn,i.θɛn,iθɛn,iθɛn
i.θɛŋ,i.θɛŋ,iθɛŋ,iθɛŋ
i.θɛp,i.θɛp,iθɛp,iθɛp
i.θɛt,i.θɛt,iθɛt,iθɛt
i.θɛk,i.θɛk,iθɛk,iθɛk
i.θɛb,i.θɛb,iθɛb,iθɛb
i.θɛd,i.θɛd,iθɛd,iθɛd
i.θɛg,i.θɛg,iθɛg,iθɛg
i.θɛf,i.θɛf,iθɛf,iθɛf
i.θɛs,i.θɛs,iθɛs,iθɛs
i.θɛv,i.θɛv,iθɛv,iθɛv
i.θɛz,i.θɛz,iθɛz,iθɛz
i.θɛʃ,i.θɛʃ,iθɛʃ,iθɛʃ
i.θɛʒ,i.θɛʒ,iθɛʒ,iθɛʒ
i.θɛθ,i.θɛθ,iθɛθ,iθɛθ
i.θɛð,i.θɛð,iθɛð,iθɛð
i.ðɛm,i.ðɛm,iðɛm,iðɛm
i.ðɛn,i.ðɛn,iðɛn,iðɛn
i.ðɛŋ,i.ðɛŋ,iðɛŋ,iðɛŋ
i.ðɛp,i.ðɛp,iðɛp,iðɛp
i.ðɛt,i.ðɛt,iðɛt,iðɛt
i.ðɛk,i.ðɛk,iðɛk,iðɛk
i.ðɛb,i.ðɛb,iðɛb,iðɛb
i.ðɛd,i.ðɛd,iðɛd,iðɛd
i.ðɛg,i.ðɛg,iðɛg,iðɛg
i.ðɛf,i.ðɛf,iðɛf,iðɛf
i.ðɛs,i.ðɛs,iðɛs,iðɛs
i.ðɛv,i.ðɛv,iðɛv,iðɛv
i.ðɛz,i.ðɛz,iðɛz,iðɛz
i.ðɛʃ,i.ðɛʃ,iðɛʃ,iðɛʃ
i.ðɛʒ,i.ðɛʒ,iðɛʒ,iðɛʒ
i.ðɛθ,i.ðɛθ,iðɛθ,iðɛθ
i.ðɛð,i.ðɛð,iðɛð,iðɛð
i.hɛm,i.hɛm,ihɛm,ihɛm
i.hɛn,i.hɛn,ihɛn,ihɛn
i.hɛŋ,i.hɛŋ,ihɛŋ,ihɛŋ
i.hɛp,i.hɛp,ihɛp,ihɛp
i.hɛt,i.hɛt,ihɛt,ihɛt
i.hɛk,i.hɛk,ihɛk,ihɛk
i.hɛb,i.hɛb,ihɛb,ihɛb
i.hɛd,i.hɛd,ihɛd,ihɛd
i.hɛg,i.hɛg,ihɛg,ihɛg
i.hɛf,i.hɛf,ihɛf,ihɛf
i.hɛs,i.hɛs,ihɛs,ihɛs
i.hɛv,i.hɛv,ihɛv,ihɛv
i.hɛz,i.hɛz,ihɛz,ihɛz
i.hɛʃ,i.hɛʃ,ihɛʃ,ihɛʃ
i.hɛʒ,i.hɛʒ,ihɛʒ,ihɛʒ
i.hɛθ,i.hɛθ,ihɛθ,ihɛθ
i.hɛð,i.hɛð,ihɛð,ihɛð
i.mʊm,i.mʊm,imʊm,imʊm
i.mʊn,i.mʊn,imʊn,imʊn
i.mʊŋ,i.mʊŋ,imʊŋ,imʊŋ
i.mʊp,i.mʊp,imʊp,imʊp
i.mʊt,i.mʊt,imʊt,imʊt
i.mʊk,i.mʊk,imʊk,imʊk
i.mʊb,i.mʊb,imʊb,imʊb
i.mʊd,i.mʊd,imʊd,imʊd
i.mʊg,i.mʊg,imʊg,imʊg
i.mʊf,i.mʊf,imʊf,imʊf
i.mʊs,i.mʊs,imʊs,imʊs
i.mʊv,i.mʊv,imʊv,imʊv
i.mʊz,i.mʊz,imʊz,imʊz
i.mʊʃ,i.mʊʃ,imʊʃ,imʊʃ
i.mʊʒ,i.mʊʒ,imʊʒ,imʊʒ
i.mʊθ,i.mʊθ,imʊθ,imʊθ
i.mʊð,i.mʊð,imʊð,imʊð
i.nʊm,i.nʊm,inʊm,inʊm
i.nʊn,i.nʊn,inʊn,inʊn
i.nʊŋ,i.nʊŋ,inʊŋ,inʊŋ
i.nʊp,i.nʊp,inʊp,inʊp
i.nʊt,i.nʊt,inʊt,inʊt
i.nʊk,i.nʊk,inʊk,inʊk
i.nʊb,i.nʊb,inʊb,inʊb
i.nʊd,i.nʊd,inʊd,inʊd
i.nʊg,i.nʊg,inʊg,inʊg
i.nʊf,i.nʊf,inʊf,inʊf
i.nʊs,i.nʊs,inʊs,inʊs
i.nʊv,i.nʊv,inʊv,inʊv
i.nʊz,i.nʊz,inʊz,inʊz
i.nʊʃ,i.nʊʃ,inʊʃ,inʊʃ
i.nʊʒ,i.nʊʒ,inʊʒ,inʊʒ
i.nʊθ,i.nʊθ,inʊθ,inʊθ
i.nʊð,i.nʊð,inʊð,inʊð
i.pʊm,i.pʊm,ipʊm,ipʊm
i.pʊn,i.pʊn,ipʊn,ipʊn
i.pʊŋ,i.pʊŋ,ipʊŋ,ipʊŋ
i.pʊp,i.pʊp,ipʊp,ipʊp
i.pʊt,i.pʊt,ipʊt,ipʊt
i.pʊk,i.pʊk,ipʊk,ipʊk
i.pʊb,i.pʊb,ipʊb,ipʊb
i.pʊd,i.pʊd,ipʊd,ipʊd
i.pʊg,i.pʊg,ipʊg,ipʊg
i.pʊf,i.pʊf,ipʊf,ipʊf
i.pʊs,i.pʊs,ipʊs,ipʊs
i.pʊv,i.pʊv,ipʊv,ipʊv
i.pʊz,i.pʊz,ipʊz,ipʊz
i.pʊʃ,i.pʊʃ,ipʊʃ,ipʊʃ
i.pʊʒ,i.pʊʒ,ipʊʒ,ipʊʒ
i.pʊθ,i.pʊθ,ipʊθ,ipʊθ
i.pʊð,i.pʊð,ipʊð,ipʊð
i.tʊm,i.tʊm,itʊm,itʊm
i.tʊn,i.tʊn,itʊn,itʊn
i.tʊŋ,i.tʊŋ,itʊŋ,itʊŋ
i.tʊp,i.tʊp,itʊp,itʊp
i.tʊt,i.tʊt,itʊt,itʊt
i.tʊk,i.tʊk,itʊk,itʊk
i.tʊb,i.tʊb,itʊb,itʊb
i.tʊd,i.tʊd,itʊd,itʊd
i.tʊg,i.tʊg,itʊg,itʊg
i.tʊf,i.tʊf,itʊf,itʊf
i.tʊs,i.tʊs,itʊs,itʊs
i.tʊv,i.tʊv,itʊv,itʊv
i.tʊz,i.tʊz,itʊz,itʊz
i.tʊʃ,i.tʊʃ,itʊʃ,itʊʃ
i.tʊʒ,i.tʊʒ,itʊʒ,itʊʒ
i.tʊθ,i.tʊθ,itʊθ,itʊθ
i.tʊð,i.tʊð,itʊð,itʊð
i.kʊm,i.kʊm,ikʊm,ikʊm
i.kʊn,i.kʊn,ikʊn,ikʊn
i.kʊŋ,i.kʊŋ,ikʊŋ,ikʊŋ
i.kʊp,i.kʊp,ikʊp,ikʊp
i.kʊt,i.kʊt,ikʊt,ikʊt
i.kʊk,i.kʊk,ikʊk,ikʊk
i.kʊb,i.kʊb,ikʊb,ikʊb
i.kʊd,i.kʊd,ikʊd,ikʊd
i.kʊg,i.kʊg,ikʊg,ikʊg
i.kʊf,i.kʊf,ikʊf,ikʊf
i.kʊs,i.kʊs,ikʊs,ikʊs
i.kʊv,i.kʊv,ikʊv,ikʊv
i.kʊz,i.kʊz,ikʊz,ikʊz
i.kʊʃ,i.kʊʃ,ikʊʃ,ikʊʃ
i.kʊʒ,i.kʊʒ,ikʊʒ,ikʊʒ
i.kʊθ,i.kʊθ,ikʊθ,ikʊθ
i.kʊð,i.kʊð,ikʊð,ikʊð
i.bʊm,i.bʊm,ibʊm,ibʊm
i.bʊn,i.bʊn,ibʊn,ibʊn
i.bʊŋ,i.bʊŋ,ibʊŋ,ibʊŋ
i.bʊp,i.bʊp,ibʊp,ibʊp
i.bʊt,i.bʊt,ibʊt,ibʊt
i.bʊk,i.bʊk,ibʊk,ibʊk
i.bʊb,i.bʊb,ibʊb,ibʊb
i.bʊd,i.bʊd,ibʊd,ibʊd
i.bʊg,i.bʊg,ibʊg,ibʊg
i.bʊf,i.bʊf,ibʊf,ibʊf
i.bʊs,i.bʊs,ibʊs,ibʊs
i.bʊv,i.bʊv,ibʊv,ibʊv
i.bʊz,i.bʊz,ibʊz,ibʊz
i.bʊʃ,i.bʊʃ,ibʊʃ,ibʊʃ
i.bʊʒ,i.bʊʒ,ibʊʒ,ibʊʒ
i.bʊθ,i.bʊθ,ibʊθ,ibʊθ
i.bʊð,i.bʊð,ibʊð,ibʊð
i.dʊm,i.dʊm,idʊm,idʊm
i.dʊn,i.dʊn,idʊn,idʊn
i.dʊŋ,i.dʊŋ,idʊŋ,idʊŋ
i.dʊp,i.dʊp,idʊp,idʊp
i.dʊt,i.dʊt,idʊt,idʊt
i.dʊk,i.dʊk,idʊk,idʊk
i.dʊb,i.dʊb,idʊb,idʊb
i.dʊd,i.dʊd,idʊd,idʊd
i.dʊg,i.dʊg,idʊg,idʊg
i.dʊf,i.dʊf,idʊf,idʊf
i.dʊs,i.dʊs,idʊs,idʊs
i.dʊv,i.dʊv,idʊv,idʊv
i.dʊz,i.dʊz,idʊz,idʊz
i.dʊʃ,i.dʊʃ,idʊʃ,idʊʃ
i.dʊʒ,i.dʊʒ,idʊʒ,idʊʒ
i.dʊθ,i.dʊθ,idʊθ,idʊθ
i.dʊð,i.dʊð,idʊð,idʊð
i.gʊm,i.gʊm,igʊm,igʊm
i.gʊn,i.gʊn,igʊn,igʊn
i.gʊŋ,i.gʊŋ,igʊŋ,igʊŋ
i.gʊp,i.gʊp,igʊp,igʊp
i.gʊt,i.gʊt,igʊt,igʊt
i.gʊk,i.gʊk,igʊk,igʊk
i.gʊb,i.gʊb,igʊb,igʊb
i.gʊd,i.gʊd,igʊd,igʊd
i.gʊg,i.gʊg,igʊg,igʊg
i.gʊf,i.gʊf,igʊf,igʊf
i.gʊs,i.gʊs,igʊs,igʊs
i.gʊv,i.gʊv,igʊv,igʊv
i.gʊz,i.gʊz,igʊz,igʊz
i.gʊʃ,i.gʊʃ,igʊʃ,igʊʃ
i.gʊʒ,i.gʊʒ,igʊʒ,igʊʒ
i.gʊθ,i.gʊθ,igʊθ,igʊθ
i.gʊð,i.gʊð,igʊð,igʊð
i.fʊm,i.fʊm,ifʊm,ifʊm
i.fʊn,i.fʊn,ifʊn,ifʊn
i.fʊŋ,i.fʊŋ,ifʊŋ,ifʊŋ
i.fʊp,i.fʊp,ifʊp,ifʊp
i.fʊt,i.fʊt,ifʊt,ifʊt
i.fʊk,i.fʊk,ifʊk,ifʊk
i.fʊb,i.fʊb,ifʊb,ifʊb
i.fʊd,i.fʊd,ifʊd,ifʊd
i.fʊg,i.fʊg,ifʊg,ifʊg
i.fʊf,i.fʊf,ifʊf,ifʊf
i.fʊs,i.fʊs,ifʊs,ifʊs
i.fʊv,i.fʊv,ifʊv,ifʊv
i.fʊz,i.fʊz,ifʊz,ifʊz
i.fʊʃ,i.fʊʃ,ifʊʃ,ifʊʃ
i.fʊʒ,i.fʊʒ,ifʊʒ,ifʊʒ
i.fʊθ,i.fʊθ,ifʊθ,ifʊθ
i.fʊð,i.fʊð,ifʊð,ifʊð
i.sʊm,i.sʊm,isʊm,isʊm
i.sʊn,i.sʊn,isʊn,isʊn
i.sʊŋ,i.sʊŋ,isʊŋ,isʊŋ
i.sʊp,i.sʊp,isʊp,isʊp
i.sʊt,i.sʊt,isʊt,isʊt
i.sʊk,i.sʊk,isʊk,isʊk
i.sʊb,i.sʊb,isʊb,isʊb
i.sʊd,i.sʊd,isʊd,isʊd
i.sʊg,i.sʊg,isʊg,isʊg
i.sʊf,i.sʊf,isʊf,isʊf
i.sʊs,i.sʊs,isʊs,isʊs
i.sʊv,i.sʊv,isʊv,isʊv
i.sʊz,i.sʊz,isʊz,isʊz
i.sʊʃ,i.sʊʃ,isʊʃ,isʊʃ
i.sʊʒ,i.sʊʒ,isʊʒ,isʊʒ
i.sʊθ,i.sʊθ,isʊθ,isʊθ
i.sʊð,i.sʊð,isʊð,isʊð
i.vʊm,i.vʊm,ivʊm,ivʊm
i.vʊn,i.vʊn,ivʊn,ivʊn
i.vʊŋ,i.vʊŋ,ivʊŋ,ivʊŋ
i.vʊp,i.vʊp,ivʊp,ivʊp
i.vʊt,i.vʊt,ivʊt,ivʊt
i.vʊk,i.vʊk,ivʊk,ivʊk
i.vʊb,i.vʊb,ivʊb,ivʊb
i.vʊd,i.vʊd,ivʊd,ivʊd
i.vʊg,i.vʊg,ivʊg,ivʊg
i.vʊf,i.vʊf,ivʊf,ivʊf
i.vʊs,i.vʊs,ivʊs,ivʊs
i.vʊv,i.vʊv,ivʊv,ivʊv
i.vʊz,i.vʊz,ivʊz,ivʊz
i.vʊʃ,i.vʊʃ,ivʊʃ,ivʊʃ
i.vʊʒ,i.vʊʒ,ivʊʒ,ivʊʒ
i.vʊθ,i.vʊθ,ivʊθ,ivʊθ
i.vʊð,i.vʊð,ivʊð,ivʊð
i.zʊm,i.zʊm,izʊm,izʊm
i.zʊn,i.zʊn,izʊn,izʊn
i.zʊŋ,i.zʊŋ,izʊŋ,izʊŋ
i.zʊp,i.zʊp,izʊp,izʊp
i.zʊt,i.zʊt,izʊt,izʊt
i.zʊk,i.zʊk,izʊk,izʊk
i.zʊb,i.zʊb,izʊb,izʊb
i.zʊd,i.zʊd,izʊd,izʊd
i.zʊg,i.zʊg,izʊg,izʊg
i.zʊf,i.zʊf,izʊf,izʊf
i.zʊs,i.zʊs,izʊs,izʊs
i.zʊv,i.zʊv,izʊv,izʊv
i.zʊz,i.zʊz,izʊz,izʊz
i.zʊʃ,i.zʊʃ,izʊʃ,izʊʃ
i.zʊʒ,i.zʊʒ,izʊʒ,izʊʒ
i.zʊθ,i.zʊθ,izʊθ,izʊθ
i.zʊð,i.zʊð,izʊð,izʊð
i.ʃʊm,i.ʃʊm,iʃʊm,iʃʊm
i.ʃʊn,i.ʃʊn,iʃʊn,iʃʊn
i.ʃʊŋ,i.ʃʊŋ,iʃʊŋ,iʃʊŋ
i.ʃʊp,i.ʃʊp,iʃʊp,iʃʊp
i.ʃʊt,i.ʃʊt,iʃʊt,iʃʊt
i.ʃʊk,i.ʃʊk,iʃʊk,iʃʊk
i.ʃʊb,i.ʃʊb,iʃʊb,iʃʊb
i.ʃʊd,i.ʃʊd,iʃʊd,iʃʊd
i.ʃʊg,i.ʃʊg,iʃʊg,iʃʊg
i.ʃʊf,i.ʃʊf,iʃʊf,iʃʊf
i.ʃʊs,i.ʃʊs,iʃʊs,iʃʊs
i.ʃʊv,i.ʃʊv,iʃʊv,iʃʊv
i.ʃʊz,i.ʃʊz,iʃʊz,iʃʊz
i.ʃʊʃ,i.ʃʊʃ,iʃʊʃ,iʃʊʃ
i.ʃʊʒ,i.ʃʊʒ,iʃʊʒ,iʃʊʒ
i.ʃʊθ,i.ʃʊθ,iʃʊθ,iʃʊθ
i.ʃʊð,i.ʃʊð,iʃʊð,iʃʊð
i.ʒʊm,i.ʒʊm,iʒʊm,iʒʊm
i.ʒʊn,i.ʒʊn,iʒʊn,iʒʊn
i.ʒʊŋ,i.ʒʊŋ,iʒʊŋ,iʒʊŋ
i.ʒʊp,i.ʒʊp,iʒʊp,iʒʊp
i.ʒʊt,i.ʒʊt,iʒʊt,iʒʊt
i.ʒʊk,i.ʒʊk,iʒʊk,iʒʊk
i.ʒʊb,i.ʒʊb,iʒʊb,iʒʊb
i.ʒʊd,i.ʒʊd,iʒʊd,iʒʊd
i.ʒʊg,i.ʒʊg,iʒʊg,iʒʊg
i.ʒʊf,i.ʒʊf,iʒʊf,iʒʊf
i.ʒʊs,i.ʒʊs,iʒʊs,iʒʊs
i.ʒʊv,i.ʒʊv,iʒʊv,iʒʊv
i.ʒʊz,i.ʒʊz,iʒʊz,iʒʊz
i.ʒʊʃ,i.ʒʊʃ,iʒʊʃ,iʒʊʃ
i.ʒʊʒ,i.ʒʊʒ,iʒʊʒ,iʒʊʒ
i.ʒʊθ,i.ʒʊθ,iʒʊθ,iʒʊθ
i.ʒʊð,i.ʒʊð,iʒʊð,iʒʊð
i.θʊm,i.θʊm,iθʊm,iθʊm
i.θʊn,i.θʊn,iθʊn,iθʊn
i.θʊŋ,i.θʊŋ,iθʊŋ,iθʊŋ
i.θʊp,i.θʊp,iθʊp,iθʊp
i.θʊt,i.θʊt,iθʊt,iθʊt
i.θʊk,i.θʊk,iθʊk,iθʊk
i.θʊb,i.θʊb,iθʊb,iθʊb
i.θʊd,i.θʊd,iθʊd,iθʊd
i.θʊg,i.θʊg,iθʊg,iθʊg
i.θʊf,i.θʊf,iθʊf,iθʊf
i.θʊs,i.θʊs,iθʊs,iθʊs
i.θʊv,i.θʊv,iθʊv,iθʊv
i.θʊz,i.θʊz,iθʊz,iθʊz
i.θʊʃ,i.θʊʃ,iθʊʃ,iθʊʃ
i.θʊʒ,i.θʊʒ,iθʊʒ,iθʊʒ
i.θʊθ,i.θʊθ,iθʊθ,iθʊθ
i.θʊð,i.θʊð,iθʊð,iθʊð
i.ðʊm,i.ðʊm,iðʊm,iðʊm
i.ðʊn,i.ðʊn,iðʊn,iðʊn
i.ðʊŋ,i.ðʊŋ,iðʊŋ,iðʊŋ
i.ðʊp,i.ðʊp,iðʊp,iðʊp
i.ðʊt,i.ðʊt,iðʊt,iðʊt
i.ðʊk,i.ðʊk,iðʊk,iðʊk
i.ðʊb,i.ðʊb,iðʊb,iðʊb
i.ðʊd,i.ðʊd,iðʊd,iðʊd
i.ðʊg,i.ðʊg,iðʊg,iðʊg
i.ðʊf,i.ðʊf,iðʊf,iðʊf
i.ðʊs,i.ðʊs,iðʊs,iðʊs
i.ðʊv,i.ðʊv,iðʊv,iðʊv
i.ðʊz,i.ðʊz,iðʊz,iðʊz
i.ðʊʃ,i.ðʊʃ,iðʊʃ,iðʊʃ
i.ðʊʒ,i.ðʊʒ,iðʊʒ,iðʊʒ
i.ðʊθ,i.ðʊθ,iðʊθ,iðʊθ
i.ðʊð,i.ðʊð,iðʊð,iðʊð
i.hʊm,i.hʊm,ihʊm,ihʊm
i.hʊn,i.hʊn,ihʊn,ihʊn
i.hʊŋ,i.hʊŋ,ihʊŋ,ihʊŋ
i.hʊp,i.hʊp,ihʊp,ihʊp
i.hʊt,i.hʊt,ihʊt,ihʊt
i.hʊk,i.hʊk,ihʊk,ihʊk
i.hʊb,i.hʊb,ihʊb,ihʊb
i.hʊd,i.hʊd,ihʊd,ihʊd
i.hʊg,i.hʊg,ihʊg,ihʊg
i.hʊf,i.hʊf,ihʊf,ihʊf
i.hʊs,i.hʊs,ihʊs,ihʊs
i.hʊv,i.hʊv,ihʊv,ihʊv
i.hʊz,i.hʊz,ihʊz,ihʊz
i.hʊʃ,i.hʊʃ,ihʊʃ,ihʊʃ
i.hʊʒ,i.hʊʒ,ihʊʒ,ihʊʒ
i.hʊθ,i.hʊθ,ihʊθ,ihʊθ
i.hʊð,i.hʊð,ihʊð,ihʊð
i.mɔm,i.mɔm,imɔm,imɔm
i.mɔn,i.mɔn,imɔn,imɔn
i.mɔŋ,i.mɔŋ,imɔŋ,imɔŋ
i.mɔp,i.mɔp,imɔp,imɔp
i.mɔt,i.mɔt,imɔt,imɔt
i.mɔk,i.mɔk,imɔk,imɔk
i.mɔb,i.mɔb,imɔb,imɔb
i.mɔd,i.mɔd,imɔd,imɔd
i.mɔg,i.mɔg,imɔg,imɔg
i.mɔf,i.mɔf,imɔf,imɔf
i.mɔs,i.mɔs,imɔs,imɔs
i.mɔv,i.mɔv,imɔv,imɔv
i.mɔz,i.mɔz,imɔz,imɔz
i.mɔʃ,i.mɔʃ,imɔʃ,imɔʃ
i.mɔʒ,i.mɔʒ,imɔʒ,imɔʒ
i.mɔθ,i.mɔθ,imɔθ,imɔθ
i.mɔð,i.mɔð,imɔð,imɔð
i.nɔm,i.nɔm,inɔm,inɔm
i.nɔn,i.nɔn,inɔn,inɔn
i.nɔŋ,i.nɔŋ,inɔŋ,inɔŋ
i.nɔp,i.nɔp,inɔp,inɔp
i.nɔt,i.nɔt,inɔt,inɔt
i.nɔk,i.nɔk,inɔk,inɔk
i.nɔb,i.nɔb,inɔb,inɔb
i.nɔd,i.nɔd,inɔd,inɔd
i.nɔg,i.nɔg,inɔg,inɔg
i.nɔf,i.nɔf,inɔf,inɔf
i.nɔs,i.nɔs,inɔs,inɔs
i.nɔv,i.nɔv,inɔv,inɔv
i.nɔz,i.nɔz,inɔz,inɔz
i.nɔʃ,i.nɔʃ,inɔʃ,inɔʃ
i.nɔʒ,i.nɔʒ,inɔʒ,inɔʒ
i.nɔθ,i.nɔθ,inɔθ,inɔθ
i.nɔð,i.nɔð,inɔð,inɔð
i.pɔm,i.pɔm,ipɔm,ipɔm
i.pɔn,i.pɔn,ipɔn,ipɔn
i.pɔŋ,i.pɔŋ,ipɔŋ,ipɔŋ
i.pɔp,i.pɔp,ipɔp,ipɔp
i.pɔt,i.pɔt,ipɔt,ipɔt
i.pɔk,i.pɔk,ipɔk,ipɔk
i.pɔb,i.pɔb,ipɔb,ipɔb
i.pɔd,i.pɔd,ipɔd,ipɔd
i.pɔg,i.pɔg,ipɔg,ipɔg
i.pɔf,i.pɔf,ipɔf,ipɔf
i.pɔs,i.pɔs,ipɔs,ipɔs
i.pɔv,i.pɔv,ipɔv,ipɔv
i.pɔz,i.pɔz,ipɔz,ipɔz
i.pɔʃ,i.pɔʃ,ipɔʃ,ipɔʃ
i.pɔʒ,i.pɔʒ,ipɔʒ,ipɔʒ
i.pɔθ,i.pɔθ,ipɔθ,ipɔθ
i.pɔð,i.pɔð,ipɔð,ipɔð
i.tɔm,i.tɔm,itɔm,itɔm
i.tɔn,i.tɔn,itɔn,itɔn
i.tɔŋ,i.tɔŋ,itɔŋ,itɔŋ
i.tɔp,i.tɔp,itɔp,itɔp
i.tɔt,i.tɔt,itɔt,itɔt
i.tɔk,i.tɔk,itɔk,itɔk
i.tɔb,i.tɔb,itɔb,itɔb
i.tɔd,i.tɔd,itɔd,itɔd
i.tɔg,i.tɔg,itɔg,itɔg
i.tɔf,i.tɔf,itɔf,itɔf
i.tɔs,i.tɔs,itɔs,itɔs
i.tɔv,i.tɔv,itɔv,itɔv
i.tɔz,i.tɔz,itɔz,itɔz
i.tɔʃ,i.tɔʃ,itɔʃ,itɔʃ
i.tɔʒ,i.tɔʒ,itɔʒ,itɔʒ
i.tɔθ,i.tɔθ,itɔθ,itɔθ
i.tɔð,i.tɔð,itɔð,itɔð
i.kɔm,i.kɔm,ikɔm,ikɔm
i.kɔn,i.kɔn,ikɔn,ikɔn
i.kɔŋ,i.kɔŋ,ikɔŋ,ikɔŋ
i.kɔp,i.kɔp,ikɔp,ikɔp
i.kɔt,i.kɔt,ikɔt,ikɔt
i.kɔk,i.kɔk,ikɔk,ikɔk
i.kɔb,i.kɔb,ikɔb,ikɔb
i.kɔd,i.kɔd,ikɔd,ikɔd
i.kɔg,i.kɔg,ikɔg,ikɔg
i.kɔf,i.kɔf,ikɔf,ikɔf
i.kɔs,i.kɔs,ikɔs,ikɔs
i.kɔv,i.kɔv,ikɔv,ikɔv
i.kɔz,i.kɔz,ikɔz,ikɔz
i.kɔʃ,i.kɔʃ,ikɔʃ,ikɔʃ
i.kɔʒ,i.kɔʒ,ikɔʒ,ikɔʒ
i.kɔθ,i.kɔθ,ikɔθ,ikɔθ
i.kɔð,i.kɔð,ikɔð,ikɔð
i.bɔm,i.bɔm,ibɔm,ibɔm
i.bɔn,i.bɔn,ibɔn,ibɔn
i.bɔŋ,i.bɔŋ,ibɔŋ,ibɔŋ
i.bɔp,i.bɔp,ibɔp,ibɔp
i.bɔt,i.bɔt,ibɔt,ibɔt
i.bɔk,i.bɔk,ibɔk,ibɔk
i.bɔb,i.bɔb,ibɔb,ibɔb
i.bɔd,i.bɔd,ibɔd,ibɔd
i.bɔg,i.bɔg,ibɔg,ibɔg
i.bɔf,i.bɔf,ibɔf,ibɔf
i.bɔs,i.bɔs,ibɔs,ibɔs
i.bɔv,i.bɔv,ibɔv,ibɔv
i.bɔz,i.bɔz,ibɔz,ibɔz
i.bɔʃ,i.bɔʃ,ibɔʃ,ibɔʃ
i.bɔʒ,i.bɔʒ,ibɔʒ,ibɔʒ
i.bɔθ,i.bɔθ,ibɔθ,ibɔθ
i.bɔð,i.bɔð,ibɔð,ibɔð
i.dɔm,i.dɔm,idɔm,idɔm
i.dɔn,i.dɔn,idɔn,idɔn
i.dɔŋ,i.dɔŋ,idɔŋ,idɔŋ
i.dɔp,i.dɔp,idɔp,idɔp
i.dɔt,i.dɔt,idɔt,idɔt
i.dɔk,i.dɔk,idɔk,idɔk
i.dɔb,i.dɔb,idɔb,idɔb
i.dɔd,i.dɔd,idɔd,idɔd
i.dɔg,i.dɔg,idɔg,idɔg
i.dɔf,i.dɔf,idɔf,idɔf
i.dɔs,i.dɔs,idɔs,idɔs
i.dɔv,i.dɔv,idɔv,idɔv
i.dɔz,i.dɔz,idɔz,idɔz
i.dɔʃ,i.dɔʃ,idɔʃ,idɔʃ
i.dɔʒ,i.dɔʒ,idɔʒ,idɔʒ
i.dɔθ,i.dɔθ,idɔθ,idɔθ
i.dɔð,i.dɔð,idɔð,idɔð
i.gɔm,i.gɔm,igɔm,igɔm
i.gɔn,i.gɔn,igɔn,igɔn
i.gɔŋ,i.gɔŋ,igɔŋ,igɔŋ
i.gɔp,i.gɔp,igɔp,igɔp
i.gɔt,i.gɔt,igɔt,igɔt
i.gɔk,i.gɔk,igɔk,igɔk
i.gɔb,i.gɔb,igɔb,igɔb
i.gɔd,i.gɔd,igɔd,igɔd
i.gɔg,i.gɔg,igɔg,igɔg
i.gɔf,i.gɔf,igɔf,igɔf
i.gɔs,i.gɔs,igɔs,igɔs
i.gɔv,i.gɔv,igɔv,igɔv
i.gɔz,i.gɔz,igɔz,igɔz
i.gɔʃ,i.gɔʃ,igɔʃ,igɔʃ
i.gɔʒ,i.gɔʒ,igɔʒ,igɔʒ
i.gɔθ,i.gɔθ,igɔθ,igɔθ
i.gɔð,i.gɔð,igɔð,igɔð
i.fɔm,i.fɔm,ifɔm,ifɔm
i.fɔn,i.fɔn,ifɔn,ifɔn
i.fɔŋ,i.fɔŋ,ifɔŋ,ifɔŋ
i.fɔp,i.fɔp,ifɔp,ifɔp
i.fɔt,i.fɔt,ifɔt,ifɔt
i.fɔk,i.fɔk,ifɔk,ifɔk
i.fɔb,i.fɔb,ifɔb,ifɔb
i.fɔd,i.fɔd,ifɔd,ifɔd
i.fɔg,i.fɔg,ifɔg,ifɔg
i.fɔf,i.fɔf,ifɔf,ifɔf
i.fɔs,i.fɔs,ifɔs,ifɔs
i.fɔv,i.fɔv,ifɔv,ifɔv
i.fɔz,i.fɔz,ifɔz,ifɔz
i.fɔʃ,i.fɔʃ,ifɔʃ,ifɔʃ
i.fɔʒ,i.fɔʒ,ifɔʒ,ifɔʒ
i.fɔθ,i.fɔθ,ifɔθ,ifɔθ
i.fɔð,i.fɔð,ifɔð,ifɔð
i.sɔm,i.sɔm,isɔm,isɔm
i.sɔn,i.sɔn,isɔn,isɔn
i.sɔŋ,i.sɔŋ,isɔŋ,isɔŋ
i.sɔp,i.sɔp,isɔp,isɔp
i.sɔt,i.sɔt,isɔt,isɔt
i.sɔk,i.sɔk,isɔk,isɔk
i.sɔb,i.sɔb,isɔb,isɔb
i.sɔd,i.sɔd,isɔd,isɔd
i.sɔg,i.sɔg,isɔg,isɔg
i.sɔf,i.sɔf,isɔf,isɔf
i.sɔs,i.sɔs,isɔs,isɔs
i.sɔv,i.sɔv,isɔv,isɔv
i.sɔz,i.sɔz,isɔz,isɔz
i.sɔʃ,i.sɔʃ,isɔʃ,isɔʃ
i.sɔʒ,i.sɔʒ,isɔʒ,isɔʒ
i.sɔθ,i.sɔθ,isɔθ,isɔθ
i.sɔð,i.sɔð,isɔð,isɔð
i.vɔm,i.vɔm,ivɔm,ivɔm
i.vɔn,i.vɔn,ivɔn,ivɔn
i.vɔŋ,i.vɔŋ,ivɔŋ,ivɔŋ
i.vɔp,i.vɔp,ivɔp,ivɔp
i.vɔt,i.vɔt,ivɔt,ivɔt
i.vɔk,i.vɔk,ivɔk,ivɔk
i.vɔb,i.vɔb,ivɔb,ivɔb
i.vɔd,i.vɔd,ivɔd,ivɔd
i.vɔg,i.vɔg,ivɔg,ivɔg
i.vɔf,i.vɔf,ivɔf,ivɔf
i.vɔs,i.vɔs,ivɔs,ivɔs
i.vɔv,i.vɔv,ivɔv,ivɔv
i.vɔz,i.vɔz,ivɔz,ivɔz
i.vɔʃ,i.vɔʃ,ivɔʃ,ivɔʃ
i.vɔʒ,i.vɔʒ,ivɔʒ,ivɔʒ
i.vɔθ,i.vɔθ,ivɔθ,ivɔθ
i.vɔð,i.vɔð,ivɔð,ivɔð
i.zɔm,i.zɔm,izɔm,izɔm
i.zɔn,i.zɔn,izɔn,izɔn
i.zɔŋ,i.zɔŋ,izɔŋ,izɔŋ
i.zɔp,i.zɔp,izɔp,izɔp
i.zɔt,i.zɔt,izɔt,izɔt
i.zɔk,i.zɔk,izɔk,izɔk
i.zɔb,i.zɔb,izɔb,izɔb
i.zɔd,i.zɔd,izɔd,izɔd
i.zɔg,i.zɔg,izɔg,izɔg
i.zɔf,i.zɔf,izɔf,izɔf
i.zɔs,i.zɔs,izɔs,izɔs
i.zɔv,i.zɔv,izɔv,izɔv
i.zɔz,i.zɔz,izɔz,izɔz
i.zɔʃ,i.zɔʃ,izɔʃ,izɔʃ
i.zɔʒ,i.zɔʒ,izɔʒ,izɔʒ
i.zɔθ,i.zɔθ,izɔθ,izɔθ
i.zɔð,i.zɔð,izɔð,izɔð
i.ʃɔm,i.ʃɔm,iʃɔm,iʃɔm
i.ʃɔn,i.ʃɔn,iʃɔn,iʃɔn
i.ʃɔŋ,i.ʃɔŋ,iʃɔŋ,iʃɔŋ
i.ʃɔp,i.ʃɔp,iʃɔp,iʃɔp
i.ʃɔt,i.ʃɔt,iʃɔt,iʃɔt
i.ʃɔk,i.ʃɔk,iʃɔk,iʃɔk
i.ʃɔb,i.ʃɔb,iʃɔb,iʃɔb
i.ʃɔd,i.ʃɔd,iʃɔd,iʃɔd
i.ʃɔg,i.ʃɔg,iʃɔg,iʃɔg
i.ʃɔf,i.ʃɔf,iʃɔf,iʃɔf
i.ʃɔs,i.ʃɔs,iʃɔs,iʃɔs
i.ʃɔv,i.ʃɔv,iʃɔv,iʃɔv
i.ʃɔz,i.ʃɔz,iʃɔz,iʃɔz
i.ʃɔʃ,i.ʃɔʃ,iʃɔʃ,iʃɔʃ
i.ʃɔʒ,i.ʃɔʒ,iʃɔʒ,iʃɔʒ
i.ʃɔθ,i.ʃɔθ,iʃɔθ,iʃɔθ
i.ʃɔð,i.ʃɔð,iʃɔð,iʃɔð
i.ʒɔm,i.ʒɔm,iʒɔm,iʒɔm
i.ʒɔn,i.ʒɔn,iʒɔn,iʒɔn
i.ʒɔŋ,i.ʒɔŋ,iʒɔŋ,iʒɔŋ
i.ʒɔp,i.ʒɔp,iʒɔp,iʒɔp
i.ʒɔt,i.ʒɔt,iʒɔt,iʒɔt
i.ʒɔk,i.ʒɔk,iʒɔk,iʒɔk
i.ʒɔb,i.ʒɔb,iʒɔb,iʒɔb
i.ʒɔd,i.ʒɔd,iʒɔd,iʒɔd
i.ʒɔg,i.ʒɔg,iʒɔg,iʒɔg
i.ʒɔf,i.ʒɔf,iʒɔf,iʒɔf
i.ʒɔs,i.ʒɔs,iʒɔs,iʒɔs
i.ʒɔv,i.ʒɔv,iʒɔv,iʒɔv
i.ʒɔz,i.ʒɔz,iʒɔz,iʒɔz
i.ʒɔʃ,i.ʒɔʃ,iʒɔʃ,iʒɔʃ
i.ʒɔʒ,i.ʒɔʒ,iʒɔʒ,iʒɔʒ
i.ʒɔθ,i.ʒɔθ,iʒɔθ,iʒɔθ
i.ʒɔð,i.ʒɔð,iʒɔð,iʒɔð
i.θɔm,i.θɔm,iθɔm,iθɔm
i.θɔn,i.θɔn,iθɔn,iθɔn
i.θɔŋ,i.θɔŋ,iθɔŋ,iθɔŋ
i.θɔp,i.θɔp,iθɔp,iθɔp
i.θɔt,i.θɔt,iθɔt,iθɔt
i.θɔk,i.θɔk,iθɔk,iθɔk
i.θɔb,i.θɔb,iθɔb,iθɔb
i.θɔd,i.θɔd,iθɔd,iθɔd
i.θɔg,i.θɔg,iθɔg,iθɔg
i.θɔf,i.θɔf,iθɔf,iθɔf
i.θɔs,i.θɔs,iθɔs,iθɔs
i.θɔv,i.θɔv,iθɔv,iθɔv
i.θɔz,i.θɔz,iθɔz,iθɔz
i.θɔʃ,i.θɔʃ,iθɔʃ,iθɔʃ
i.θɔʒ,i.θɔʒ,iθɔʒ,iθɔʒ
i.θɔθ,i.θɔθ,iθɔθ,iθɔθ
i.θɔð,i.θɔð,iθɔð,iθɔð
i.ðɔm,i.ðɔm,iðɔm,iðɔm
i.ðɔn,i.ðɔn,iðɔn,iðɔn
i.ðɔŋ,i.ðɔŋ,iðɔŋ,iðɔŋ
i.ðɔp,i.ðɔp,iðɔp,iðɔp
i.ðɔt,i.ðɔt,iðɔt,iðɔt
i.ðɔk,i.ðɔk,iðɔk,iðɔk
i.ðɔb,i.ðɔb,iðɔb,iðɔb
i.ðɔd,i.ðɔd,iðɔd,iðɔd
i.ðɔg,i.ðɔg,iðɔg,iðɔg
i.ðɔf,i.ðɔf,iðɔf,iðɔf
i.ðɔs,i.ðɔs,iðɔs,iðɔs
i.ðɔv,i.ðɔv,iðɔv,iðɔv
i.ðɔz,i.ðɔz,iðɔz,iðɔz
i.ðɔʃ,i.ðɔʃ,iðɔʃ,iðɔʃ
i.ðɔʒ,i.ðɔʒ,iðɔʒ,iðɔʒ
i.ðɔθ,i.ðɔθ,iðɔθ,iðɔθ
i.ðɔð,i.ðɔð,iðɔð,iðɔð
i.hɔm,i.hɔm,ihɔm,ihɔm
i.hɔn,i.hɔn,ihɔn,ihɔn
i.hɔŋ,i.hɔŋ,ihɔŋ,ihɔŋ
i.hɔp,i.hɔp,ihɔp,ihɔp
i.hɔt,i.hɔt,ihɔt,ihɔt
i.hɔk,i.hɔk,ihɔk,ihɔk
i.hɔb,i.hɔb,ihɔb,ihɔb
i.hɔd,i.hɔd,ihɔd,ihɔd
i.hɔg,i.hɔg,ihɔg,ihɔg
i.hɔf,i.hɔf,ihɔf,ihɔf
i.hɔs,i.hɔs,ihɔs,ihɔs
i.hɔv,i.hɔv,ihɔv,ihɔv
i.hɔz,i.hɔz,ihɔz,ihɔz
i.hɔʃ,i.hɔʃ,ihɔʃ,ihɔʃ
i.hɔʒ,i.hɔʒ,ihɔʒ,ihɔʒ
i.hɔθ,i.hɔθ,ihɔθ,ihɔθ
i.hɔð,i.hɔð,ihɔð,ihɔð
e.mɪm,e.mɪm,emɪm,emɪm
e.mɪn,e.mɪn,emɪn,emɪn
e.mɪŋ,e.mɪŋ,emɪŋ,emɪŋ
e.mɪp,e.mɪp,emɪp,emɪp
e.mɪt,e.mɪt,emɪt,emɪt
e.mɪk,e.mɪk,emɪk,emɪk
e.mɪb,e.mɪb,emɪb,emɪb
e.mɪd,e.mɪd,emɪd,emɪd
e.mɪg,e.mɪg,emɪg,emɪg
e.mɪf,e.mɪf,emɪf,emɪf
e.mɪs,e.mɪs,emɪs,emɪs
e.mɪv,e.mɪv,emɪv,emɪv
e.mɪz,e.mɪz,emɪz,emɪz
e.mɪʃ,e.mɪʃ,emɪʃ,emɪʃ
e.mɪʒ,e.mɪʒ,emɪʒ,emɪʒ
e.mɪθ,e.mɪθ,emɪθ,emɪθ
e.mɪð,e.mɪð,emɪð,emɪð
e.nɪm,e.nɪm,enɪm,enɪm
e.nɪn,e.nɪn,enɪn,enɪn
e.nɪŋ,e.nɪŋ,enɪŋ,enɪŋ
e.nɪp,e.nɪp,enɪp,enɪp
e.nɪt,e.nɪt,enɪt,enɪt
e.nɪk,e.nɪk,enɪk,enɪk
e.nɪb,e.nɪb,enɪb,enɪb
e.nɪd,e.nɪd,enɪd,enɪd
e.nɪg,e.nɪg,enɪg,enɪg
e.nɪf,e.nɪf,enɪf,enɪf
e.nɪs,e.nɪs,enɪs,enɪs
e.nɪv,e.nɪv,enɪv,enɪv
e.nɪz,e.nɪz,enɪz,enɪz
e.nɪʃ,e.nɪʃ,enɪʃ,enɪʃ
e.nɪʒ,e.nɪʒ,enɪʒ,enɪʒ
e.nɪθ,e.nɪθ,enɪθ,enɪθ
e.nɪð,e.nɪð,enɪð,enɪð
e.pɪm,e.pɪm,epɪm,epɪm
e.pɪn,e.pɪn,epɪn,epɪn
e.pɪŋ,e.pɪŋ,epɪŋ,epɪŋ
e.pɪp,e.pɪp,epɪp,epɪp
e.pɪt,e.pɪt,epɪt,epɪt
e.pɪk,e.pɪk,epɪk,epɪk
e.pɪb,e.pɪb,epɪb,epɪb
e.pɪd,e.pɪd,epɪd,epɪd
e.pɪg,e.pɪg,epɪg,epɪg
e.pɪf,e.pɪf,epɪf,epɪf
e.pɪs,e.pɪs,epɪs,epɪs
e.pɪv,e.pɪv,epɪv,epɪv
e.pɪz,e.pɪz,epɪz,epɪz
e.pɪʃ,e.pɪʃ,epɪʃ,epɪʃ
e.pɪʒ,e.pɪʒ,epɪʒ,epɪʒ
e.pɪθ,e.pɪθ,epɪθ,epɪθ
e.pɪð,e.pɪð,epɪð,epɪð
e.tɪm,e.tɪm,etɪm,etɪm
e.tɪn,e.tɪn,etɪn,etɪn
e.tɪŋ,e.tɪŋ,etɪŋ,etɪŋ
e.tɪp,e.tɪp,etɪp,etɪp
e.tɪt,e.tɪt,etɪt,etɪt
e.tɪk,e.tɪk,etɪk,etɪk
e.tɪb,e.tɪb,etɪb,etɪb
e.tɪd,e.tɪd,etɪd,etɪd
e.tɪg,e.tɪg,etɪg,etɪg
e.tɪf,e.tɪf,etɪf,etɪf
e.tɪs,e.tɪs,etɪs,etɪs
e.tɪv,e.tɪv,etɪv,etɪv
e.tɪz,e.tɪz,etɪz,etɪz
e.tɪʃ,e.tɪʃ,etɪʃ,etɪʃ
e.tɪʒ,e.tɪʒ,etɪʒ,etɪʒ
e.tɪθ,e.tɪθ,etɪθ,etɪθ
e.tɪð,e.tɪð,etɪð,etɪð
e.kɪm,e.kɪm,ekɪm,ekɪm
e.kɪn,e.kɪn,ekɪn,ekɪn
e.kɪŋ,e.kɪŋ,ekɪŋ,ekɪŋ
e.kɪp,e.kɪp,ekɪp,ekɪp
e.kɪt,e.kɪt,ekɪt,ekɪt
e.kɪk,e.kɪk,ekɪk,ekɪk
e.kɪb,e.kɪb,ekɪb,ekɪb
e.kɪd,e.kɪd,ekɪd,ekɪd
e.kɪg,e.kɪg,ekɪg,ekɪg
e.kɪf,e.kɪf,ekɪf,ekɪf
e.kɪs,e.kɪs,ekɪs,ekɪs
e.kɪv,e.kɪv,ekɪv,ekɪv
e.kɪz,e.kɪz,ekɪz,ekɪz
e.kɪʃ,e.kɪʃ,ekɪʃ,ekɪʃ
e.kɪʒ,e.kɪʒ,ekɪʒ,ekɪʒ
e.kɪθ,e.kɪθ,ekɪθ,ekɪθ
e.kɪð,e.kɪð,ekɪð,ekɪð
e.bɪm,e.bɪm,ebɪm,ebɪm
e.bɪn,e.bɪn,ebɪn,ebɪn
e.bɪŋ,e.bɪŋ,ebɪŋ,ebɪŋ
e.bɪp,e.bɪp,ebɪp,ebɪp
e.bɪt,e.bɪt,ebɪt,ebɪt
e.bɪk,e.bɪk,ebɪk,ebɪk
e.bɪb,e.bɪb,ebɪb,ebɪb
e.bɪd,e.bɪd,ebɪd,ebɪd
e.bɪg,e.bɪg,ebɪg,ebɪg
e.bɪf,e.bɪf,ebɪf,ebɪf
e.bɪs,e.bɪs,ebɪs,ebɪs
e.bɪv,e.bɪv,ebɪv,ebɪv
e.bɪz,e.bɪz,ebɪz,ebɪz
e.bɪʃ,e.bɪʃ,ebɪʃ,ebɪʃ
e.bɪʒ,e.bɪʒ,ebɪʒ,ebɪʒ
e.bɪθ,e.bɪθ,ebɪθ,ebɪθ
e.bɪð,e.bɪð,ebɪð,ebɪð
e.dɪm,e.dɪm,edɪm,edɪm
e.dɪn,e.dɪn,edɪn,edɪn
e.dɪŋ,e.dɪŋ,edɪŋ,edɪŋ
e.dɪp,e.dɪp,edɪp,edɪp
e.dɪt,e.dɪt,edɪt,edɪt
e.dɪk,e.dɪk,edɪk,edɪk
e.dɪb,e.dɪb,edɪb,edɪb
e.dɪd,e.dɪd,edɪd,edɪd
e.dɪg,e.dɪg,edɪg,edɪg
e.dɪf,e.dɪf,edɪf,edɪf
e.dɪs,e.dɪs,edɪs,edɪs
e.dɪv,e.dɪv,edɪv,edɪv
e.dɪz,e.dɪz,edɪz,edɪz
e.dɪʃ,e.dɪʃ,edɪʃ,edɪʃ
e.dɪʒ,e.dɪʒ,edɪʒ,edɪʒ
e.dɪθ,e.dɪθ,edɪθ,edɪθ
e.dɪð,e.dɪð,edɪð,edɪð
e.gɪm,e.gɪm,egɪm,egɪm
e.gɪn,e.gɪn,egɪn,egɪn
e.gɪŋ,e.gɪŋ,egɪŋ,egɪŋ
e.gɪp,e.gɪp,egɪp,egɪp
e.gɪt,e.gɪt,egɪt,egɪt
e.gɪk,e.gɪk,egɪk,egɪk
e.gɪb,e.gɪb,egɪb,egɪb
e.gɪd,e.gɪd,egɪd,egɪd
e.gɪg,e.gɪg,egɪg,egɪg
e.gɪf,e.gɪf,egɪf,egɪf
e.gɪs,e.gɪs,egɪs,egɪs
e.gɪv,e.gɪv,egɪv,egɪv
e.gɪz,e.gɪz,egɪz,egɪz
e.gɪʃ,e.gɪʃ,egɪʃ,egɪʃ
e.gɪʒ,e.gɪʒ,egɪʒ,egɪʒ
e.gɪθ,e.gɪθ,egɪθ,egɪθ
e.gɪð,e.gɪð,egɪð,egɪð
e.fɪm,e.fɪm,efɪm,efɪm
e.fɪn,e.fɪn,efɪn,efɪn
e.fɪŋ,e.fɪŋ,efɪŋ,efɪŋ
e.fɪp,e.fɪp,efɪp,efɪp
e.fɪt,e.fɪt,efɪt,efɪt
e.fɪk,e.fɪk,efɪk,efɪk
e.fɪb,e.fɪb,efɪb,efɪb
e.fɪd,e.fɪd,efɪd,efɪd
e.fɪg,e.fɪg,efɪg,efɪg
e.fɪf,e.fɪf,efɪf,efɪf
e.fɪs,e.fɪs,efɪs,efɪs
e.fɪv,e.fɪv,efɪv,efɪv
e.fɪz,e.fɪz,efɪz,efɪz
e.fɪʃ,e.fɪʃ,efɪʃ,efɪʃ
e.fɪʒ,e.fɪʒ,efɪʒ,efɪʒ
e.fɪθ,e.fɪθ,efɪθ,efɪθ
e.fɪð,e.fɪð,efɪð,efɪð
e.sɪm,e.sɪm,esɪm,esɪm
e.sɪn,e.sɪn,esɪn,esɪn
e.sɪŋ,e.sɪŋ,esɪŋ,esɪŋ
e.sɪp,e.sɪp,esɪp,esɪp
e.sɪt,e.sɪt,esɪt,esɪt
e.sɪk,e.sɪk,esɪk,esɪk
e.sɪb,e.sɪb,esɪb,esɪb
e.sɪd,e.sɪd,esɪd,esɪd
e.sɪg,e.sɪg,esɪg,esɪg
e.sɪf,e.sɪf,esɪf,esɪf
e.sɪs,e.sɪs,esɪs,esɪs
e.sɪv,e.sɪv,esɪv,esɪv
e.sɪz,e.sɪz,esɪz,esɪz
e.sɪʃ,e.sɪʃ,esɪʃ,esɪʃ
e.sɪʒ,e.sɪʒ,esɪʒ,esɪʒ
e.sɪθ,e.sɪθ,esɪθ,esɪθ
e.sɪð,e.sɪð,esɪð,esɪð
e.vɪm,e.vɪm,evɪm,evɪm
e.vɪn,e.vɪn,evɪn,evɪn
e.vɪŋ,e.vɪŋ,evɪŋ,evɪŋ
e.vɪp,e.vɪp,evɪp,evɪp
e.vɪt,e.vɪt,evɪt,evɪt
e.vɪk,e.vɪk,evɪk,evɪk
e.vɪb,e.vɪb,evɪb,evɪb
e.vɪd,e.vɪd,evɪd,evɪd
e.vɪg,e.vɪg,evɪg,evɪg
e.vɪf,e.vɪf,evɪf,evɪf
e.vɪs,e.vɪs,evɪs,evɪs
e.vɪv,e.vɪv,evɪv,evɪv
e.vɪz,e.vɪz,evɪz,evɪz
e.vɪʃ,e.vɪʃ,evɪʃ,evɪʃ
e.vɪʒ,e.vɪʒ,evɪʒ,evɪʒ
e.vɪθ,e.vɪθ,evɪθ,evɪθ
e.vɪð,e.vɪð,evɪð,evɪð
e.zɪm,e.zɪm,ezɪm,ezɪm
e.zɪn,e.zɪn,ezɪn,ezɪn
e.zɪŋ,e.zɪŋ,ezɪŋ,ezɪŋ
e.zɪp,e.zɪp,ezɪp,ezɪp
e.zɪt,e.zɪt,ezɪt,ezɪt
e.zɪk,e.zɪk,ezɪk,ezɪk
e.zɪb,e.zɪb,ezɪb,ezɪb
e.zɪd,e.zɪd,ezɪd,ezɪd
e.zɪg,e.zɪg,ezɪg,ezɪg
e.zɪf,e.zɪf,ezɪf,ezɪf
e.zɪs,e.zɪs,ezɪs,ezɪs
e.zɪv,e.zɪv,ezɪv,ezɪv
e.zɪz,e.zɪz,ezɪz,ezɪz
e.zɪʃ,e.zɪʃ,ezɪʃ,ezɪʃ
e.zɪʒ,e.zɪʒ,ezɪʒ,ezɪʒ
e.zɪθ,e.zɪθ,ezɪθ,ezɪθ
e.zɪð,e.zɪð,ezɪð,ezɪð
e.ʃɪm,e.ʃɪm,eʃɪm,eʃɪm
e.ʃɪn,e.ʃɪn,eʃɪn,eʃɪn
e.ʃɪŋ,e.ʃɪŋ,eʃɪŋ,eʃɪŋ
e.ʃɪp,e.ʃɪp,eʃɪp,eʃɪp
e.ʃɪt,e.ʃɪt,eʃɪt,eʃɪt
e.ʃɪk,e.ʃɪk,eʃɪk,eʃɪk
e.ʃɪb,e.ʃɪb,eʃɪb,eʃɪb
e.ʃɪd,e.ʃɪd,eʃɪd,eʃɪd
e.ʃɪg,e.ʃɪg,eʃɪg,eʃɪg
e.ʃɪf,e.ʃɪf,eʃɪf,eʃɪf
e.ʃɪs,e.ʃɪs,eʃɪs,eʃɪs
e.ʃɪv,e.ʃɪv,eʃɪv,eʃɪv
e.ʃɪz,e.ʃɪz,eʃɪz,eʃɪz
e.ʃɪʃ,e.ʃɪʃ,eʃɪʃ,eʃɪʃ
e.ʃɪʒ,e.ʃɪʒ,eʃɪʒ,eʃɪʒ
e.ʃɪθ,e.ʃɪθ,eʃɪθ,eʃɪθ
e.ʃɪð,e.ʃɪð,eʃɪð,eʃɪð
e.ʒɪm,e.ʒɪm,eʒɪm,eʒɪm
e.ʒɪn,e.ʒɪn,eʒɪn,eʒɪn
e.ʒɪŋ,e.ʒɪŋ,eʒɪŋ,eʒɪŋ
e.ʒɪp,e.ʒɪp,eʒɪp,eʒɪp
e.ʒɪt,e.ʒɪt,eʒɪt,eʒɪt
e.ʒɪk,e.ʒɪk,eʒɪk,eʒɪk
e.ʒɪb,e.ʒɪb,eʒɪb,eʒɪb
e.ʒɪd,e.ʒɪd,eʒɪd,eʒɪd
e.ʒɪg,e.ʒɪg,eʒɪg,eʒɪg
e.ʒɪf,e.ʒɪf,eʒɪf,eʒɪf
e.ʒɪs,e.ʒɪs,eʒɪs,eʒɪs
e.ʒɪv,e.ʒɪv,eʒɪv,eʒɪv
e.ʒɪz,e.ʒɪz,eʒɪz,eʒɪz
e.ʒɪʃ,e.ʒɪʃ,eʒɪʃ,eʒɪʃ
e.ʒɪʒ,e.ʒɪʒ,eʒɪʒ,eʒɪʒ
e.ʒɪθ,e.ʒɪθ,eʒɪθ,eʒɪθ
e.ʒɪð,e.ʒɪð,eʒɪð,eʒɪð
e.θɪm,e.θɪm,eθɪm,eθɪm
e.θɪn,e.θɪn,eθɪn,eθɪn
e.θɪŋ,e.θɪŋ,eθɪŋ,eθɪŋ
e.θɪp,e.θɪp,eθɪp,eθɪp
e.θɪt,e.θɪt,eθɪt,eθɪt
e.θɪk,e.θɪk,eθɪk,eθɪk
e.θɪb,e.θɪb,eθɪb,eθɪb
e.θɪd,e.θɪd,eθɪd,eθɪd
e.θɪg,e.θɪg,eθɪg,eθɪg
e.θɪf,e.θɪf,eθɪf,eθɪf
e.θɪs,e.θɪs,eθɪs,eθɪs
e.θɪv,e.θɪv,eθɪv,eθɪv
e.θɪz,e.θɪz,eθɪz,eθɪz
e.θɪʃ,e.θɪʃ,eθɪʃ,eθɪʃ
e.θɪʒ,e.θɪʒ,eθɪʒ,eθɪʒ
e.θɪθ,e.θɪθ,eθɪθ,eθɪθ
e.θɪð,e.θɪð,eθɪð,eθɪð
e.ðɪm,e.ðɪm,eðɪm,eðɪm
e.ðɪn,e.ðɪn,eðɪn,eðɪn
e.ðɪŋ,e.ðɪŋ,eðɪŋ,eðɪŋ
e.ðɪp,e.ðɪp,eðɪp,eðɪp
e.ðɪt,e.ðɪt,eðɪt,eðɪt
e.ðɪk,e.ðɪk,eðɪk,eðɪk
e.ðɪb,e.ðɪb,eðɪb,eðɪb
e.ðɪd,e.ðɪd,eðɪd,eðɪd
e.ðɪg,e.ðɪg,eðɪg,eðɪg
e.ðɪf,e.ðɪf,eðɪf,eðɪf
e.ðɪs,e.ðɪs,eðɪs,eðɪs
e.ðɪv,e.ðɪv,eðɪv,eðɪv
e.ðɪz,e.ðɪz,eðɪz,eðɪz
e.ðɪʃ,e.ðɪʃ,eðɪʃ,eðɪʃ
e.ðɪʒ,e.ðɪʒ,eðɪʒ,eðɪʒ
e.ðɪθ,e.ðɪθ,eðɪθ,eðɪθ
e.ðɪð,e.ðɪð,eðɪð,eðɪð
e.hɪm,e.hɪm,ehɪm,ehɪm
e.hɪn,e.hɪn,ehɪn,ehɪn
e.hɪŋ,e.hɪŋ,ehɪŋ,ehɪŋ
e.hɪp,e.hɪp,ehɪp,ehɪp
e.hɪt,e.hɪt,ehɪt,ehɪt
e.hɪk,e.hɪk,ehɪk,ehɪk
e.hɪb,e.hɪb,ehɪb,ehɪb
e.hɪd,e.hɪd,ehɪd,ehɪd
e.hɪg,e.hɪg,ehɪg,ehɪg
e.hɪf,e.hɪf,ehɪf,ehɪf
e.hɪs,e.hɪs,ehɪs,ehɪs
e.hɪv,e.hɪv,ehɪv,ehɪv
e.hɪz,e.hɪz,ehɪz,ehɪz
e.hɪʃ,e.hɪʃ,ehɪʃ,ehɪʃ
e.hɪʒ,e.hɪʒ,ehɪʒ,ehɪʒ
e.hɪθ,e.hɪθ,ehɪθ,ehɪθ
e.hɪð,e.hɪð,ehɪð,ehɪð
e.mɛm,e.mɛm,emɛm,emɛm
e.mɛn,e.mɛn,emɛn,emɛn
e.mɛŋ,e.mɛŋ,emɛŋ,emɛŋ
e.mɛp,e.mɛp,emɛp,emɛp
e.mɛt,e.mɛt,emɛt,emɛt
e.mɛk,e.mɛk,emɛk,emɛk
e.mɛb,e.mɛb,emɛb,emɛb
e.mɛd,e.mɛd,emɛd,emɛd
e.mɛg,e.mɛg,emɛg,emɛg
e.mɛf,e.mɛf,emɛf,emɛf
e.mɛs,e.mɛs,emɛs,emɛs
e.mɛv,e.mɛv,emɛv,emɛv
e.mɛz,e.mɛz,emɛz,emɛz
e.mɛʃ,e.mɛʃ,emɛʃ,emɛʃ
e.mɛʒ,e.mɛʒ,emɛʒ,emɛʒ
e.mɛθ,e.mɛθ,emɛθ,emɛθ
e.mɛð,e.mɛð,emɛð,emɛð
e.nɛm,e.nɛm,enɛm,enɛm
e.nɛn,e.nɛn,enɛn,enɛn
e.nɛŋ,e.nɛŋ,enɛŋ,enɛŋ
e.nɛp,e.nɛp,enɛp,enɛp
e.nɛt,e.nɛt,enɛt,enɛt
e.nɛk,e.nɛk,enɛk,enɛk
e.nɛb,e.nɛb,enɛb,enɛb
e.nɛd,e.nɛd,enɛd,enɛd
e.nɛg,e.nɛg,enɛg,enɛg
e.nɛf,e.nɛf,enɛf,enɛf
e.nɛs,e.nɛs,enɛs,enɛs
e.nɛv,e.nɛv,enɛv,enɛv
e.nɛz,e.nɛz,enɛz,enɛz
e.nɛʃ,e.nɛʃ,enɛʃ,enɛʃ
e.nɛʒ,e.nɛʒ,enɛʒ,enɛʒ
e.nɛθ,e.nɛθ,enɛθ,enɛθ
e.nɛð,e.nɛð,enɛð,enɛð
e.pɛm,e.pɛm,epɛm,epɛm
e.pɛn,e.pɛn,epɛn,epɛn
e.pɛŋ,e.pɛŋ,epɛŋ,epɛŋ
e.pɛp,e.pɛp,epɛp,epɛp
e.pɛt,e.pɛt,epɛt,epɛt
e.pɛk,e.pɛk,epɛk,epɛk
e.pɛb,e.pɛb,epɛb,epɛb
e.pɛd,e.pɛd,epɛd,epɛd
e.pɛg,e.pɛg,epɛg,epɛg
e.pɛf,e.pɛf,epɛf,epɛf
e.pɛs,e.pɛs,epɛs,epɛs
e.pɛv,e.pɛv,epɛv,epɛv
e.pɛz,e.pɛz,epɛz,epɛz
e.pɛʃ,e.pɛʃ,epɛʃ,epɛʃ
e.pɛʒ,e.pɛʒ,epɛʒ,epɛʒ
e.pɛθ,e.pɛθ,epɛθ,epɛθ
e.pɛð,e.pɛð,epɛð,epɛð
e.tɛm,e.tɛm,etɛm,etɛm
e.tɛn,e.tɛn,etɛn,etɛn
e.tɛŋ,e.tɛŋ,etɛŋ,etɛŋ
e.tɛp,e.tɛp,etɛp,etɛp
e.tɛt,e.tɛt,etɛt,etɛt
e.tɛk,e.tɛk,etɛk,etɛk
e.tɛb,e.tɛb,etɛb,etɛb
e.tɛd,e.tɛd,etɛd,etɛd
e.tɛg,e.tɛg,etɛg,etɛg
e.tɛf,e.tɛf,etɛf,etɛf
e.tɛs,e.tɛs,etɛs,etɛs
e.tɛv,e.tɛv,etɛv,etɛv
e.tɛz,e.tɛz,etɛz,etɛz
e.tɛʃ,e.tɛʃ,etɛʃ,etɛʃ
e.tɛʒ,e.tɛʒ,etɛʒ,etɛʒ
e.tɛθ,e.tɛθ,etɛθ,etɛθ
e.tɛð,e.tɛð,etɛð,etɛð
e.kɛm,e.kɛm,ekɛm,ekɛm
e.kɛn,e.kɛn,ekɛn,ekɛn
e.kɛŋ,e.kɛŋ,ekɛŋ,ekɛŋ
e.kɛp,e.kɛp,ekɛp,ekɛp
e.kɛt,e.kɛt,ekɛt,ekɛt
e.kɛk,e.kɛk,ekɛk,ekɛk
e.kɛb,e.kɛb,ekɛb,ekɛb
e.kɛd,e.kɛd,ekɛd,ekɛd
e.kɛg,e.kɛg,ekɛg,ekɛg
e.kɛf,e.kɛf,ekɛf,ekɛf
e.kɛs,e.kɛs,ekɛs,ekɛs
e.kɛv,e.kɛv,ekɛv,ekɛv
e.kɛz,e.kɛz,ekɛz,ekɛz
e.kɛʃ,e.kɛʃ,ekɛʃ,ekɛʃ
e.kɛʒ,e.kɛʒ,ekɛʒ,ekɛʒ
e.kɛθ,e.kɛθ,ekɛθ,ekɛθ
e.kɛð,e.kɛð,ekɛð,ekɛð
e.bɛm,e.bɛm,ebɛm,ebɛm
e.bɛn,e.bɛn,ebɛn,ebɛn
e.bɛŋ,e.bɛŋ,ebɛŋ,ebɛŋ
e.bɛp,e.bɛp,ebɛp,ebɛp
e.bɛt,e.bɛt,ebɛt,ebɛt
e.bɛk,e.bɛk,ebɛk,ebɛk
e.bɛb,e.bɛb,ebɛb,ebɛb
e.bɛd,e.bɛd,ebɛd,ebɛd
e.bɛg,e.bɛg,ebɛg,ebɛg
e.bɛf,e.bɛf,ebɛf,ebɛf
e.bɛs,e.bɛs,ebɛs,ebɛs
e.bɛv,e.bɛv,ebɛv,ebɛv
e.bɛz,e.bɛz,ebɛz,ebɛz
e.bɛʃ,e.bɛʃ,ebɛʃ,ebɛʃ
e.bɛʒ,e.bɛʒ,ebɛʒ,ebɛʒ
e.bɛθ,e.bɛθ,ebɛθ,ebɛθ
e.bɛð,e.bɛð,ebɛð,ebɛð
e.dɛm,e.dɛm,edɛm,edɛm
e.dɛn,e.dɛn,edɛn,edɛn
e.dɛŋ,e.dɛŋ,edɛŋ,edɛŋ
e.dɛp,e.dɛp,edɛp,edɛp
e.dɛt,e.dɛt,edɛt,edɛt
e.dɛk,e.dɛk,edɛk,edɛk
e.dɛb,e.dɛb,edɛb,edɛb
e.dɛd,e.dɛd,edɛd,edɛd
e.dɛg,e.dɛg,edɛg,edɛg
e.dɛf,e.dɛf,edɛf,edɛf
e.dɛs,e.dɛs,edɛs,edɛs
e.dɛv,e.dɛv,edɛv,edɛv
e.dɛz,e.dɛz,edɛz,edɛz
e.dɛʃ,e.dɛʃ,edɛʃ,edɛʃ
e.dɛʒ,e.dɛʒ,edɛʒ,edɛʒ
e.dɛθ,e.dɛθ,edɛθ,edɛθ
e.dɛð,e.dɛð,edɛð,edɛð
e.gɛm,e.gɛm,egɛm,egɛm
e.gɛn,e.gɛn,egɛn,egɛn
e.gɛŋ,e.gɛŋ,egɛŋ,egɛŋ
e.gɛp,e.gɛp,egɛp,egɛp
e.gɛt,e.gɛt,egɛt,egɛt
e.gɛk,e.gɛk,egɛk,egɛk
e.gɛb,e.gɛb,egɛb,egɛb
e.gɛd,e.gɛd,egɛd,egɛd
e.gɛg,e.gɛg,egɛg,egɛg
e.gɛf,e.gɛf,egɛf,egɛf
e.gɛs,e.gɛs,egɛs,egɛs
e.gɛv,e.gɛv,egɛv,egɛv
e.gɛz,e.gɛz,egɛz,egɛz
e.gɛʃ,e.gɛʃ,egɛʃ,egɛʃ
e.gɛʒ,e.gɛʒ,egɛʒ,egɛʒ
e.gɛθ,e.gɛθ,egɛθ,egɛθ
e.gɛð,e.gɛð,egɛð,egɛð
e.fɛm,e.fɛm,efɛm,efɛm
e.fɛn,e.fɛn,efɛn,efɛn
e.fɛŋ,e.fɛŋ,efɛŋ,efɛŋ
e.fɛp,e.fɛp,efɛp,efɛp
e.fɛt,e.fɛt,efɛt,efɛt
e.fɛk,e.fɛk,efɛk,efɛk
e.fɛb,e.fɛb,efɛb,efɛb
e.fɛd,e.fɛd,efɛd,efɛd
e.fɛg,e.fɛg,efɛg,efɛg
e.fɛf,e.fɛf,efɛf,efɛf
e.fɛs,e.fɛs,efɛs,efɛs
e.fɛv,e.fɛv,efɛv,efɛv
e.fɛz,e.fɛz,efɛz,efɛz
e.fɛʃ,e.fɛʃ,efɛʃ,efɛʃ
e.fɛʒ,e.fɛʒ,efɛʒ,efɛʒ
e.fɛθ,e.fɛθ,efɛθ,efɛθ
e.fɛð,e.fɛð,efɛð,efɛð
e.sɛm,e.sɛm,esɛm,esɛm
e.sɛn,e.sɛn,esɛn,esɛn
e.sɛŋ,e.sɛŋ,esɛŋ,esɛŋ
e.sɛp,e.sɛp,esɛp,esɛp
e.sɛt,e.sɛt,esɛt,esɛt
e.sɛk,e.sɛk,esɛk,esɛk
e.sɛb,e.sɛb,esɛb,esɛb
e.sɛd,e.sɛd,esɛd,esɛd
e.sɛg,e.sɛg,esɛg,esɛg
e.sɛf,e.sɛf,esɛf,esɛf
e.sɛs,e.sɛs,esɛs,esɛs
e.sɛv,e.sɛv,esɛv,esɛv
e.sɛz,e.sɛz,esɛz,esɛz
e.sɛʃ,e.sɛʃ,esɛʃ,esɛʃ
e.sɛʒ,e.sɛʒ,esɛʒ,esɛʒ
e.sɛθ,e.sɛθ,esɛθ,esɛθ
e.sɛð,e.sɛð,esɛð,esɛð
e.vɛm,e.vɛm,evɛm,evɛm
e.vɛn,e.vɛn,evɛn,evɛn
e.vɛŋ,e.vɛŋ,evɛŋ,evɛŋ
e.vɛp,e.vɛp,evɛp,evɛp
e.vɛt,e.vɛt,evɛt,evɛt
e.vɛk,e.vɛk,evɛk,evɛk
e.vɛb,e.vɛb,evɛb,evɛb
e.vɛd,e.vɛd,evɛd,evɛd
e.vɛg,e.vɛg,evɛg,evɛg
e.vɛf,e.vɛf,evɛf,evɛf
e.vɛs,e.vɛs,evɛs,evɛs
e.vɛv,e.vɛv,evɛv,evɛv
e.vɛz,e.vɛz,evɛz,evɛz
e.vɛʃ,e.vɛʃ,evɛʃ,evɛʃ
e.vɛʒ,e.vɛʒ,evɛʒ,evɛʒ
e.vɛθ,e.vɛθ,evɛθ,evɛθ
e.vɛð,e.vɛð,evɛð,evɛð
e.zɛm,e.zɛm,ezɛm,ezɛm
e.zɛn,e.zɛn,ezɛn,ezɛn
e.zɛŋ,e.zɛŋ,ezɛŋ,ezɛŋ
e.zɛp,e.zɛp,ezɛp,ezɛp
e.zɛt,e.zɛt,ezɛt,ezɛt
e.zɛk,e.zɛk,ezɛk,ezɛk
e.zɛb,e.zɛb,ezɛb,ezɛb
e.zɛd,e.zɛd,ezɛd,ezɛd
e.zɛg,e.zɛg,ezɛg,ezɛg
e.zɛf,e.zɛf,ezɛf,ezɛf
e.zɛs,e.zɛs,ezɛs,ezɛs
e.zɛv,e.zɛv,ezɛv,ezɛv
e.zɛz,e.zɛz,ezɛz,ezɛz
e.zɛʃ,e.zɛʃ,ezɛʃ,ezɛʃ
e.zɛʒ,e.zɛʒ,ezɛʒ,ezɛʒ
e.zɛθ,e.zɛθ,ezɛθ,ezɛθ
e.zɛð,e.zɛð,ezɛð,ezɛð
e.ʃɛm,e.ʃɛm,eʃɛm,eʃɛm
e.ʃɛn,e.ʃɛn,eʃɛn,eʃɛn
e.ʃɛŋ,e.ʃɛŋ,eʃɛŋ,eʃɛŋ
e.ʃɛp,e.ʃɛp,eʃɛp,eʃɛp
e.ʃɛt,e.ʃɛt,eʃɛt,eʃɛt
e.ʃɛk,e.ʃɛk,eʃɛk,eʃɛk
e.ʃɛb,e.ʃɛb,eʃɛb,eʃɛb
e.ʃɛd,e.ʃɛd,eʃɛd,eʃɛd
e.ʃɛg,e.ʃɛg,eʃɛg,eʃɛg
e.ʃɛf,e.ʃɛf,eʃɛf,eʃɛf
e.ʃɛs,e.ʃɛs,eʃɛs,eʃɛs
e.ʃɛv,e.ʃɛv,eʃɛv,eʃɛv
e.ʃɛz,e.ʃɛz,eʃɛz,eʃɛz
e.ʃɛʃ,e.ʃɛʃ,eʃɛʃ,eʃɛʃ
e.ʃɛʒ,e.ʃɛʒ,eʃɛʒ,eʃɛʒ
e.ʃɛθ,e.ʃɛθ,eʃɛθ,eʃɛθ
e.ʃɛð,e.ʃɛð,eʃɛð,eʃɛð
e.ʒɛm,e.ʒɛm,eʒɛm,eʒɛm
e.ʒɛn,e.ʒɛn,eʒɛn,eʒɛn
e.ʒɛŋ,e.ʒɛŋ,eʒɛŋ,eʒɛŋ
e.ʒɛp,e.ʒɛp,eʒɛp,eʒɛp
e.ʒɛt,e.ʒɛt,eʒɛt,eʒɛt
e.ʒɛk,e.ʒɛk,eʒɛk,eʒɛk
e.ʒɛb,e.ʒɛb,eʒɛb,eʒɛb
e.ʒɛd,e.ʒɛd,eʒɛd,eʒɛd
e.ʒɛg,e.ʒɛg,eʒɛg,eʒɛg
e.ʒɛf,e.ʒɛf,eʒɛf,eʒɛf
e.ʒɛs,e.ʒɛs,eʒɛs,eʒɛs
e.ʒɛv,e.ʒɛv,eʒɛv,eʒɛv
e.ʒɛz,e.ʒɛz,eʒɛz,eʒɛz
e.ʒɛʃ,e.ʒɛʃ,eʒɛʃ,eʒɛʃ
e.ʒɛʒ,e.ʒɛʒ,eʒɛʒ,eʒɛʒ
e.ʒɛθ,e.ʒɛθ,eʒɛθ,eʒɛθ
e.ʒɛð,e.ʒɛð,eʒɛð,eʒɛð
e.θɛm,e.θɛm,eθɛm,eθɛm
e.θɛn,e.θɛn,eθɛn,eθɛn
e.θɛŋ,e.θɛŋ,eθɛŋ,eθɛŋ
e.θɛp,e.θɛp,eθɛp,eθɛp
e.θɛt,e.θɛt,eθɛt,eθɛt
e.θɛk,e.θɛk,eθɛk,eθɛk
e.θɛb,e.θɛb,eθɛb,eθɛb
e.θɛd,e.θɛd,eθɛd,eθɛd
e.θɛg,e.θɛg,eθɛg,eθɛg
e.θɛf,e.θɛf,eθɛf,eθɛf
e.θɛs,e.θɛs,eθɛs,eθɛs
e.θɛv,e.θɛv,eθɛv,eθɛv
e.θɛz,e.θɛz,eθɛz,eθɛz
e.θɛʃ,e.θɛʃ,eθɛʃ,eθɛʃ
e.θɛʒ,e.θɛʒ,eθɛʒ,eθɛʒ
e.θɛθ,e.θɛθ,eθɛθ,eθɛθ
e.θɛð,e.θɛð,eθɛð,eθɛð
e.ðɛm,e.ðɛm,eðɛm,eðɛm
e.ðɛn,e.ðɛn,eðɛn,eðɛn
e.ðɛŋ,e.ðɛŋ,eðɛŋ,eðɛŋ
e.ðɛp,e.ðɛp,eðɛp,eðɛp
e.ðɛt,e.ðɛt,eðɛt,eðɛt
e.ðɛk,e.ðɛk,eðɛk,eðɛk
e.ðɛb,e.ðɛb,eðɛb,eðɛb
e.ðɛd,e.ðɛd,eðɛd,eðɛd
e.ðɛg,e.ðɛg,eðɛg,eðɛg
e.ðɛf,e.ðɛf,eðɛf,eðɛf
e.ðɛs,e.ðɛs,eðɛs,eðɛs
e.ðɛv,e.ðɛv,eðɛv,eðɛv
e.ðɛz,e.ðɛz,eðɛz,eðɛz
e.ðɛʃ,e.ðɛʃ,eðɛʃ,eðɛʃ
e.ðɛʒ,e.ðɛʒ,eðɛʒ,eðɛʒ
e.ðɛθ,e.ðɛθ,eðɛθ,eðɛθ
e.ðɛð,e.ðɛð,eðɛð,eðɛð
e.hɛm,e.hɛm,ehɛm,ehɛm
e.hɛn,e.hɛn,ehɛn,ehɛn
e.hɛŋ,e.hɛŋ,ehɛŋ,ehɛŋ
e.hɛp,e.hɛp,ehɛp,ehɛp
e.hɛt,e.hɛt,ehɛt,ehɛt
e.hɛk,e.hɛk,ehɛk,ehɛk
e.hɛb,e.hɛb,ehɛb,ehɛb
e.hɛd,e.hɛd,ehɛd,ehɛd
e.hɛg,e.hɛg,ehɛg,ehɛg
e.hɛf,e.hɛf,ehɛf,ehɛf
e.hɛs,e.hɛs,ehɛs,ehɛs
e.hɛv,e.hɛv,ehɛv,ehɛv
e.hɛz,e.hɛz,ehɛz,ehɛz
e.hɛʃ,e.hɛʃ,ehɛʃ,ehɛʃ
e.hɛʒ,e.hɛʒ,ehɛʒ,ehɛʒ
e.hɛθ,e.hɛθ,ehɛθ,ehɛθ
e.hɛð,e.hɛð,ehɛð,ehɛð
e.mʊm,e.mʊm,emʊm,emʊm
e.mʊn,e.mʊn,emʊn,emʊn
e.mʊŋ,e.mʊŋ,emʊŋ,emʊŋ
e.mʊp,e.mʊp,emʊp,emʊp
e.mʊt,e.mʊt,emʊt,emʊt
e.mʊk,e.mʊk,emʊk,emʊk
e.mʊb,e.mʊb,emʊb,emʊb
e.mʊd,e.mʊd,emʊd,emʊd
e.mʊg,e.mʊg,emʊg,emʊg
e.mʊf,e.mʊf,emʊf,emʊf
e.mʊs,e.mʊs,emʊs,emʊs
e.mʊv,e.mʊv,emʊv,emʊv
e.mʊz,e.mʊz,emʊz,emʊz
e.mʊʃ,e.mʊʃ,emʊʃ,emʊʃ
e.mʊʒ,e.mʊʒ,emʊʒ,emʊʒ
e.mʊθ,e.mʊθ,emʊθ,emʊθ
e.mʊð,e.mʊð,emʊð,emʊð
e.nʊm,e.nʊm,enʊm,enʊm
e.nʊn,e.nʊn,enʊn,enʊn
e.nʊŋ,e.nʊŋ,enʊŋ,enʊŋ
e.nʊp,e.nʊp,enʊp,enʊp
e.nʊt,e.nʊt,enʊt,enʊt
e.nʊk,e.nʊk,enʊk,enʊk
e.nʊb,e.nʊb,enʊb,enʊb
e.nʊd,e.nʊd,enʊd,enʊd
e.nʊg,e.nʊg,enʊg,enʊg
e.nʊf,e.nʊf,enʊf,enʊf
e.nʊs,e.nʊs,enʊs,enʊs
e.nʊv,e.nʊv,enʊv,enʊv
e.nʊz,e.nʊz,enʊz,enʊz
e.nʊʃ,e.nʊʃ,enʊʃ,enʊʃ
e.nʊʒ,e.nʊʒ,enʊʒ,enʊʒ
e.nʊθ,e.nʊθ,enʊθ,enʊθ
e.nʊð,e.nʊð,enʊð,enʊð
e.pʊm,e.pʊm,epʊm,epʊm
e.pʊn,e.pʊn,epʊn,epʊn
e.pʊŋ,e.pʊŋ,epʊŋ,epʊŋ
e.pʊp,e.pʊp,epʊp,epʊp
e.pʊt,e.pʊt,epʊt,epʊt
e.pʊk,e.pʊk,epʊk,epʊk
e.pʊb,e.pʊb,epʊb,epʊb
e.pʊd,e.pʊd,epʊd,epʊd
e.pʊg,e.pʊg,epʊg,epʊg
e.pʊf,e.pʊf,epʊf,epʊf
e.pʊs,e.pʊs,epʊs,epʊs
e.pʊv,e.pʊv,epʊv,epʊv
e.pʊz,e.pʊz,epʊz,epʊz
e.pʊʃ,e.pʊʃ,epʊʃ,epʊʃ
e.pʊʒ,e.pʊʒ,epʊʒ,epʊʒ
e.pʊθ,e.pʊθ,epʊθ,epʊθ
e.pʊð,e.pʊð,epʊð,epʊð
e.tʊm,e.tʊm,etʊm,etʊm
e.tʊn,e.tʊn,etʊn,etʊn
e.tʊŋ,e.tʊŋ,etʊŋ,etʊŋ
e.tʊp,e.tʊp,etʊp,etʊp
e.tʊt,e.tʊt,etʊt,etʊt
e.tʊk,e.tʊk,etʊk,etʊk
e.tʊb,e.tʊb,etʊb,etʊb
e.tʊd,e.tʊd,etʊd,etʊd
e.tʊg,e.tʊg,etʊg,etʊg
e.tʊf,e.tʊf,etʊf,etʊf
e.tʊs,e.tʊs,etʊs,etʊs
e.tʊv,e.tʊv,etʊv,etʊv
e.tʊz,e.tʊz,etʊz,etʊz
e.tʊʃ,e.tʊʃ,etʊʃ,etʊʃ
e.tʊʒ,e.tʊʒ,etʊʒ,etʊʒ
e.tʊθ,e.tʊθ,etʊθ,etʊθ
e.tʊð,e.tʊð,etʊð,etʊð
e.kʊm,e.kʊm,ekʊm,ekʊm
e.kʊn,e.kʊn,ekʊn,ekʊn
e.kʊŋ,e.kʊŋ,ekʊŋ,ekʊŋ
e.kʊp,e.kʊp,ekʊp,ekʊp
e.kʊt,e.kʊt,ekʊt,ekʊt
e.kʊk,e.kʊk,ekʊk,ekʊk
e.kʊb,e.kʊb,ekʊb,ekʊb
e.kʊd,e.kʊd,ekʊd,ekʊd
e.kʊg,e.kʊg,ekʊg,ekʊg
e.kʊf,e.kʊf,ekʊf,ekʊf
e.kʊs,e.kʊs,ekʊs,ekʊs
e.kʊv,e.kʊv,ekʊv,ekʊv
e.kʊz,e.kʊz,ekʊz,ekʊz
e.kʊʃ,e.kʊʃ,ekʊʃ,ekʊʃ
e.kʊʒ,e.kʊʒ,ekʊʒ,ekʊʒ
e.kʊθ,e.kʊθ,ekʊθ,ekʊθ
e.kʊð,e.kʊð,ekʊð,ekʊð
e.bʊm,e.bʊm,ebʊm,ebʊm
e.bʊn,e.bʊn,ebʊn,ebʊn
e.bʊŋ,e.bʊŋ,ebʊŋ,ebʊŋ
e.bʊp,e.bʊp,ebʊp,ebʊp
e.bʊt,e.bʊt,ebʊt,ebʊt
e.bʊk,e.bʊk,ebʊk,ebʊk
e.bʊb,e.bʊb,ebʊb,ebʊb
e.bʊd,e.bʊd,ebʊd,ebʊd
e.bʊg,e.bʊg,ebʊg,ebʊg
e.bʊf,e.bʊf,ebʊf,ebʊf
e.bʊs,e.bʊs,ebʊs,ebʊs
e.bʊv,e.bʊv,ebʊv,ebʊv
e.bʊz,e.bʊz,ebʊz,ebʊz
e.bʊʃ,e.bʊʃ,ebʊʃ,ebʊʃ
e.bʊʒ,e.bʊʒ,ebʊʒ,ebʊʒ
e.bʊθ,e.bʊθ,ebʊθ,ebʊθ
e.bʊð,e.bʊð,ebʊð,ebʊð
e.dʊm,e.dʊm,edʊm,edʊm
e.dʊn,e.dʊn,edʊn,edʊn
e.dʊŋ,e.dʊŋ,edʊŋ,edʊŋ
e.dʊp,e.dʊp,edʊp,edʊp
e.dʊt,e.dʊt,edʊt,edʊt
e.dʊk,e.dʊk,edʊk,edʊk
e.dʊb,e.dʊb,edʊb,edʊb
e.dʊd,e.dʊd,edʊd,edʊd
e.dʊg,e.dʊg,edʊg,edʊg
e.dʊf,e.dʊf,edʊf,edʊf
e.dʊs,e.dʊs,edʊs,edʊs
e.dʊv,e.dʊv,edʊv,edʊv
e.dʊz,e.dʊz,edʊz,edʊz
e.dʊʃ,e.dʊʃ,edʊʃ,edʊʃ
e.dʊʒ,e.dʊʒ,edʊʒ,edʊʒ
e.dʊθ,e.dʊθ,edʊθ,edʊθ
e.dʊð,e.dʊð,edʊð,edʊð
e.gʊm,e.gʊm,egʊm,egʊm
e.gʊn,e.gʊn,egʊn,egʊn
e.gʊŋ,e.gʊŋ,egʊŋ,egʊŋ
e.gʊp,e.gʊp,egʊp,egʊp
e.gʊt,e.gʊt,egʊt,egʊt
e.gʊk,e.gʊk,egʊk,egʊk
e.gʊb,e.gʊb,egʊb,egʊb
e.gʊd,e.gʊd,egʊd,egʊd
e.gʊg,e.gʊg,egʊg,egʊg
e.gʊf,e.gʊf,egʊf,egʊf
e.gʊs,e.gʊs,egʊs,egʊs
e.gʊv,e.gʊv,egʊv,egʊv
e.gʊz,e.gʊz,egʊz,egʊz
e.gʊʃ,e.gʊʃ,egʊʃ,egʊʃ
e.gʊʒ,e.gʊʒ,egʊʒ,egʊʒ
e.gʊθ,e.gʊθ,egʊθ,egʊθ
e.gʊð,e.gʊð,egʊð,egʊð
e.fʊm,e.fʊm,efʊm,efʊm
e.fʊn,e.fʊn,efʊn,efʊn
e.fʊŋ,e.fʊŋ,efʊŋ,efʊŋ
e.fʊp,e.fʊp,efʊp,efʊp
e.fʊt,e.fʊt,efʊt,efʊt
e.fʊk,e.fʊk,efʊk,efʊk
e.fʊb,e.fʊb,efʊb,efʊb
e.fʊd,e.fʊd,efʊd,efʊd
e.fʊg,e.fʊg,efʊg,efʊg
e.fʊf,e.fʊf,efʊf,efʊf
e.fʊs,e.fʊs,efʊs,efʊs
e.fʊv,e.fʊv,efʊv,efʊv
e.fʊz,e.fʊz,efʊz,efʊz
e.fʊʃ,e.fʊʃ,efʊʃ,efʊʃ
e.fʊʒ,e.fʊʒ,efʊʒ,efʊʒ
e.fʊθ,e.fʊθ,efʊθ,efʊθ
e.fʊð,e.fʊð,efʊð,efʊð
e.sʊm,e.sʊm,esʊm,esʊm
e.sʊn,e.sʊn,esʊn,esʊn
e.sʊŋ,e.sʊŋ,esʊŋ,esʊŋ
e.sʊp,e.sʊp,esʊp,esʊp
e.sʊt,e.sʊt,esʊt,esʊt
e.sʊk,e.sʊk,esʊk,esʊk
e.sʊb,e.sʊb,esʊb,esʊb
e.sʊd,e.sʊd,esʊd,esʊd
e.sʊg,e.sʊg,esʊg,esʊg
e.sʊf,e.sʊf,esʊf,esʊf
e.sʊs,e.sʊs,esʊs,esʊs
e.sʊv,e.sʊv,esʊv,esʊv
e.sʊz,e.sʊz,esʊz,esʊz
e.sʊʃ,e.sʊʃ,esʊʃ,esʊʃ
e.sʊʒ,e.sʊʒ,esʊʒ,esʊʒ
e.sʊθ,e.sʊθ,esʊθ,esʊθ
e.sʊð,e.sʊð,esʊð,esʊð
e.vʊm,e.vʊm,evʊm,evʊm
e.vʊn,e.vʊn,evʊn,evʊn
e.vʊŋ,e.vʊŋ,evʊŋ,evʊŋ
e.vʊp,e.vʊp,evʊp,evʊp
e.vʊt,e.vʊt,evʊt,evʊt
e.vʊk,e.vʊk,evʊk,evʊk
e.vʊb,e.vʊb,evʊb,evʊb
e.vʊd,e.vʊd,evʊd,evʊd
e.vʊg,e.vʊg,evʊg,evʊg
e.vʊf,e.vʊf,evʊf,evʊf
e.vʊs,e.vʊs,evʊs,evʊs
e.vʊv,e.vʊv,evʊv,evʊv
e.vʊz,e.vʊz,evʊz,evʊz
e.vʊʃ,e.vʊʃ,evʊʃ,evʊʃ
e.vʊʒ,e.vʊʒ,evʊʒ,evʊʒ
e.vʊθ,e.vʊθ,evʊθ,evʊθ
e.vʊð,e.vʊð,evʊð,evʊð
e.zʊm,e.zʊm,ezʊm,ezʊm
e.zʊn,e.zʊn,ezʊn,ezʊn
e.zʊŋ,e.zʊŋ,ezʊŋ,ezʊŋ
e.zʊp,e.zʊp,ezʊp,ezʊp
e.zʊt,e.zʊt,ezʊt,ezʊt
e.zʊk,e.zʊk,ezʊk,ezʊk
e.zʊb,e.zʊb,ezʊb,ezʊb
e.zʊd,e.zʊd,ezʊd,ezʊd
e.zʊg,e.zʊg,ezʊg,ezʊg
e.zʊf,e.zʊf,ezʊf,ezʊf
e.zʊs,e.zʊs,ezʊs,ezʊs
e.zʊv,e.zʊv,ezʊv,ezʊv
e.zʊz,e.zʊz,ezʊz,ezʊz
e.zʊʃ,e.zʊʃ,ezʊʃ,ezʊʃ
e.zʊʒ,e.zʊʒ,ezʊʒ,ezʊʒ
e.zʊθ,e.zʊθ,ezʊθ,ezʊθ
e.zʊð,e.zʊð,ezʊð,ezʊð
e.ʃʊm,e.ʃʊm,eʃʊm,eʃʊm
e.ʃʊn,e.ʃʊn,eʃʊn,eʃʊn
e.ʃʊŋ,e.ʃʊŋ,eʃʊŋ,eʃʊŋ
e.ʃʊp,e.ʃʊp,eʃʊp,eʃʊp
e.ʃʊt,e.ʃʊt,eʃʊt,eʃʊt
e.ʃʊk,e.ʃʊk,eʃʊk,eʃʊk
e.ʃʊb,e.ʃʊb,eʃʊb,eʃʊb
e.ʃʊd,e.ʃʊd,eʃʊd,eʃʊd
e.ʃʊg,e.ʃʊg,eʃʊg,eʃʊg
e.ʃʊf,e.ʃʊf,eʃʊf,eʃʊf
e.ʃʊs,e.ʃʊs,eʃʊs,eʃʊs
e.ʃʊv,e.ʃʊv,eʃʊv,eʃʊv
e.ʃʊz,e.ʃʊz,eʃʊz,eʃʊz
e.ʃʊʃ,e.ʃʊʃ,eʃʊʃ,eʃʊʃ
e.ʃʊʒ,e.ʃʊʒ,eʃʊʒ,eʃʊʒ
e.ʃʊθ,e.ʃʊθ,eʃʊθ,eʃʊθ
e.ʃʊð,e.ʃʊð,eʃʊð,eʃʊð
e.ʒʊm,e.ʒʊm,eʒʊm,eʒʊm
e.ʒʊn,e.ʒʊn,eʒʊn,eʒʊn
e.ʒʊŋ,e.ʒʊŋ,eʒʊŋ,eʒʊŋ
e.ʒʊp,e.ʒʊp,eʒʊp,eʒʊp
e.ʒʊt,e.ʒʊt,eʒʊt,eʒʊt
e.ʒʊk,e.ʒʊk,eʒʊk,eʒʊk
e.ʒʊb,e.ʒʊb,eʒʊb,eʒʊb
e.ʒʊd,e.ʒʊd,eʒʊd,eʒʊd
e.ʒʊg,e.ʒʊg,eʒʊg,eʒʊg
e.ʒʊf,e.ʒʊf,eʒʊf,eʒʊf
e.ʒʊs,e.ʒʊs,eʒʊs,eʒʊs
e.ʒʊv,e.ʒʊv,eʒʊv,eʒʊv
e.ʒʊz,e.ʒʊz,eʒʊz,eʒʊz
e.ʒʊʃ,e.ʒʊʃ,eʒʊʃ,eʒʊʃ
e.ʒʊʒ,e.ʒʊʒ,eʒʊʒ,eʒʊʒ
e.ʒʊθ,e.ʒʊθ,eʒʊθ,eʒʊθ
e.ʒʊð,e.ʒʊð,eʒʊð,eʒʊð
e.θʊm,e.θʊm,eθʊm,eθʊm
e.θʊn,e.θʊn,eθʊn,eθʊn
e.θʊŋ,e.θʊŋ,eθʊŋ,eθʊŋ
e.θʊp,e.θʊp,eθʊp,eθʊp
e.θʊt,e.θʊt,eθʊt,eθʊt
e.θʊk,e.θʊk,eθʊk,eθʊk
e.θʊb,e.θʊb,eθʊb,eθʊb
e.θʊd,e.θʊd,eθʊd,eθʊd
e.θʊg,e.θʊg,eθʊg,eθʊg
e.θʊf,e.θʊf,eθʊf,eθʊf
e.θʊs,e.θʊs,eθʊs,eθʊs
e.θʊv,e.θʊv,eθʊv,eθʊv
e.θʊz,e.θʊz,eθʊz,eθʊz
e.θʊʃ,e.θʊʃ,eθʊʃ,eθʊʃ
e.θʊʒ,e.θʊʒ,eθʊʒ,eθʊʒ
e.θʊθ,e.θʊθ,eθʊθ,eθʊθ
e.θʊð,e.θʊð,eθʊð,eθʊð
e.ðʊm,e.ðʊm,eðʊm,eðʊm
e.ðʊn,e.ðʊn,eðʊn,eðʊn
e.ðʊŋ,e.ðʊŋ,eðʊŋ,eðʊŋ
e.ðʊp,e.ðʊp,eðʊp,eðʊp
e.ðʊt,e.ðʊt,eðʊt,eðʊt
e.ðʊk,e.ðʊk,eðʊk,eðʊk
e.ðʊb,e.ðʊb,eðʊb,eðʊb
e.ðʊd,e.ðʊd,eðʊd,eðʊd
e.ðʊg,e.ðʊg,eðʊg,eðʊg
e.ðʊf,e.ðʊf,eðʊf,eðʊf
e.ðʊs,e.ðʊs,eðʊs,eðʊs
e.ðʊv,e.ðʊv,eðʊv,eðʊv
e.ðʊz,e.ðʊz,eðʊz,eðʊz
e.ðʊʃ,e.ðʊʃ,eðʊʃ,eðʊʃ
e.ðʊʒ,e.ðʊʒ,eðʊʒ,eðʊʒ
e.ðʊθ,e.ðʊθ,eðʊθ,eðʊθ
e.ðʊð,e.ðʊð,eðʊð,eðʊð
e.hʊm,e.hʊm,ehʊm,ehʊm
e.hʊn,e.hʊn,ehʊn,ehʊn
e.hʊŋ,e.hʊŋ,ehʊŋ,ehʊŋ
e.hʊp,e.hʊp,ehʊp,ehʊp
e.hʊt,e.hʊt,ehʊt,ehʊt
e.hʊk,e.hʊk,ehʊk,ehʊk
e.hʊb,e.hʊb,ehʊb,ehʊb
e.hʊd,e.hʊd,ehʊd,ehʊd
e.hʊg,e.hʊg,ehʊg,ehʊg
e.hʊf,e.hʊf,ehʊf,ehʊf
e.hʊs,e.hʊs,ehʊs,ehʊs
e.hʊv,e.hʊv,ehʊv,ehʊv
e.hʊz,e.hʊz,ehʊz,ehʊz
e.hʊʃ,e.hʊʃ,ehʊʃ,ehʊʃ
e.hʊʒ,e.hʊʒ,ehʊʒ,ehʊʒ
e.hʊθ,e.hʊθ,ehʊθ,ehʊθ
e.hʊð,e.hʊð,ehʊð,ehʊð
e.mɔm,e.mɔm,emɔm,emɔm
e.mɔn,e.mɔn,emɔn,emɔn
e.mɔŋ,e.mɔŋ,emɔŋ,emɔŋ
e.mɔp,e.mɔp,emɔp,emɔp
e.mɔt,e.mɔt,emɔt,emɔt
e.mɔk,e.mɔk,emɔk,emɔk
e.mɔb,e.mɔb,emɔb,emɔb
e.mɔd,e.mɔd,emɔd,emɔd
e.mɔg,e.mɔg,emɔg,emɔg
e.mɔf,e.mɔf,emɔf,emɔf
e.mɔs,e.mɔs,emɔs,emɔs
e.mɔv,e.mɔv,emɔv,emɔv
e.mɔz,e.mɔz,emɔz,emɔz
e.mɔʃ,e.mɔʃ,emɔʃ,emɔʃ
e.mɔʒ,e.mɔʒ,emɔʒ,emɔʒ
e.mɔθ,e.mɔθ,emɔθ,emɔθ
e.mɔð,e.mɔð,emɔð,emɔð
e.nɔm,e.nɔm,enɔm,enɔm
e.nɔn,e.nɔn,enɔn,enɔn
e.nɔŋ,e.nɔŋ,enɔŋ,enɔŋ
e.nɔp,e.nɔp,enɔp,enɔp
e.nɔt,e.nɔt,enɔt,enɔt
e.nɔk,e.nɔk,enɔk,enɔk
e.nɔb,e.nɔb,enɔb,enɔb
e.nɔd,e.nɔd,enɔd,enɔd
e.nɔg,e.nɔg,enɔg,enɔg
e.nɔf,e.nɔf,enɔf,enɔf
e.nɔs,e.nɔs,enɔs,enɔs
e.nɔv,e.nɔv,enɔv,enɔv
e.nɔz,e.nɔz,enɔz,enɔz
e.nɔʃ,e.nɔʃ,enɔʃ,enɔʃ
e.nɔʒ,e.nɔʒ,enɔʒ,enɔʒ
e.nɔθ,e.nɔθ,enɔθ,enɔθ
e.nɔð,e.nɔð,enɔð,enɔð
e.pɔm,e.pɔm,epɔm,epɔm
e.pɔn,e.pɔn,epɔn,epɔn
e.pɔŋ,e.pɔŋ,epɔŋ,epɔŋ
e.pɔp,e.pɔp,epɔp,epɔp
e.pɔt,e.pɔt,epɔt,epɔt
e.pɔk,e.pɔk,epɔk,epɔk
e.pɔb,e.pɔb,epɔb,epɔb
e.pɔd,e.pɔd,epɔd,epɔd
e.pɔg,e.pɔg,epɔg,epɔg
e.pɔf,e.pɔf,epɔf,epɔf
e.pɔs,e.pɔs,epɔs,epɔs
e.pɔv,e.pɔv,epɔv,epɔv
e.pɔz,e.pɔz,epɔz,epɔz
e.pɔʃ,e.pɔʃ,epɔʃ,epɔʃ
e.pɔʒ,e.pɔʒ,epɔʒ,epɔʒ
e.pɔθ,e.pɔθ,epɔθ,epɔθ
e.pɔð,e.pɔð,epɔð,epɔð
e.tɔm,e.tɔm,etɔm,etɔm
e.tɔn,e.tɔn,etɔn,etɔn
e.tɔŋ,e.tɔŋ,etɔŋ,etɔŋ
e.tɔp,e.tɔp,etɔp,etɔp
e.tɔt,e.tɔt,etɔt,etɔt
e.tɔk,e.tɔk,etɔk,etɔk
e.tɔb,e.tɔb,etɔb,etɔb
e.tɔd,e.tɔd,etɔd,etɔd
e.tɔg,e.tɔg,etɔg,etɔg
e.tɔf,e.tɔf,etɔf,etɔf
e.tɔs,e.tɔs,etɔs,etɔs
e.tɔv,e.tɔv,etɔv,etɔv
e.tɔz,e.tɔz,etɔz,etɔz
e.tɔʃ,e.tɔʃ,etɔʃ,etɔʃ
e.tɔʒ,e.tɔʒ,etɔʒ,etɔʒ
e.tɔθ,e.tɔθ,etɔθ,etɔθ
e.tɔð,e.tɔð,etɔð,etɔð
e.kɔm,e.kɔm,ekɔm,ekɔm
e.kɔn,e.kɔn,ekɔn,ekɔn
e.kɔŋ,e.kɔŋ,ekɔŋ,ekɔŋ
e.kɔp,e.kɔp,ekɔp,ekɔp
e.kɔt,e.kɔt,ekɔt,ekɔt
e.kɔk,e.kɔk,ekɔk,ekɔk
e.kɔb,e.kɔb,ekɔb,ekɔb
e.kɔd,e.kɔd,ekɔd,ekɔd
e.kɔg,e.kɔg,ekɔg,ekɔg
e.kɔf,e.kɔf,ekɔf,ekɔf
e.kɔs,e.kɔs,ekɔs,ekɔs
e.kɔv,e.kɔv,ekɔv,ekɔv
e.kɔz,e.kɔz,ekɔz,ekɔz
e.kɔʃ,e.kɔʃ,ekɔʃ,ekɔʃ
e.kɔʒ,e.kɔʒ,ekɔʒ,ekɔʒ
e.kɔθ,e.kɔθ,ekɔθ,ekɔθ
e.kɔð,e.kɔð,ekɔð,ekɔð
e.bɔm,e.bɔm,ebɔm,ebɔm
e.bɔn,e.bɔn,ebɔn,ebɔn
e.bɔŋ,e.bɔŋ,ebɔŋ,ebɔŋ
e.bɔp,e.bɔp,ebɔp,ebɔp
e.bɔt,e.bɔt,ebɔt,ebɔt
e.bɔk,e.bɔk,ebɔk,ebɔk
e.bɔb,e.bɔb,ebɔb,ebɔb
e.bɔd,e.bɔd,ebɔd,ebɔd
e.bɔg,e.bɔg,ebɔg,ebɔg
e.bɔf,e.bɔf,ebɔf,ebɔf
e.bɔs,e.bɔs,ebɔs,ebɔs
e.bɔv,e.bɔv,ebɔv,ebɔv
e.bɔz,e.bɔz,ebɔz,ebɔz
e.bɔʃ,e.bɔʃ,ebɔʃ,ebɔʃ
e.bɔʒ,e.bɔʒ,ebɔʒ,ebɔʒ
e.bɔθ,e.bɔθ,ebɔθ,ebɔθ
e.bɔð,e.bɔð,ebɔð,ebɔð
e.dɔm,e.dɔm,edɔm,edɔm
e.dɔn,e.dɔn,edɔn,edɔn
e.dɔŋ,e.dɔŋ,edɔŋ,edɔŋ
e.dɔp,e.dɔp,edɔp,edɔp
e.dɔt,e.dɔt,edɔt,edɔt
e.dɔk,e.dɔk,edɔk,edɔk
e.dɔb,e.dɔb,edɔb,edɔb
e.dɔd,e.dɔd,edɔd,edɔd
e.dɔg,e.dɔg,edɔg,edɔg
e.dɔf,e.dɔf,edɔf,edɔf
e.dɔs,e.dɔs,edɔs,edɔs
e.dɔv,e.dɔv,edɔv,edɔv
e.dɔz,e.dɔz,edɔz,edɔz
e.dɔʃ,e.dɔʃ,edɔʃ,edɔʃ
e.dɔʒ,e.dɔʒ,edɔʒ,edɔʒ
e.dɔθ,e.dɔθ,edɔθ,edɔθ
e.dɔð,e.dɔð,edɔð,edɔð
e.gɔm,e.gɔm,egɔm,egɔm
e.gɔn,e.gɔn,egɔn,egɔn
e.gɔŋ,e.gɔŋ,egɔŋ,egɔŋ
e.gɔp,e.gɔp,egɔp,egɔp
e.gɔt,e.gɔt,egɔt,egɔt
e.gɔk,e.gɔk,egɔk,egɔk
e.gɔb,e.gɔb,egɔb,egɔb
e.gɔd,e.gɔd,egɔd,egɔd
e.gɔg,e.gɔg,egɔg,egɔg
e.gɔf,e.gɔf,egɔf,egɔf
e.gɔs,e.gɔs,egɔs,egɔs
e.gɔv,e.gɔv,egɔv,egɔv
e.gɔz,e.gɔz,egɔz,egɔz
e.gɔʃ,e.gɔʃ,egɔʃ,egɔʃ
e.gɔʒ,e.gɔʒ,egɔʒ,egɔʒ
e.gɔθ,e.gɔθ,egɔθ,egɔθ
e.gɔð,e.gɔð,egɔð,egɔð
e.fɔm,e.fɔm,efɔm,efɔm
e.fɔn,e.fɔn,efɔn,efɔn
e.fɔŋ,e.fɔŋ,efɔŋ,efɔŋ
e.fɔp,e.fɔp,efɔp,efɔp
e.fɔt,e.fɔt,efɔt,efɔt
e.fɔk,e.fɔk,efɔk,efɔk
e.fɔb,e.fɔb,efɔb,efɔb
e.fɔd,e.fɔd,efɔd,efɔd
e.fɔg,e.fɔg,efɔg,efɔg
e.fɔf,e.fɔf,efɔf,efɔf
e.fɔs,e.fɔs,efɔs,efɔs
e.fɔv,e.fɔv,efɔv,efɔv
e.fɔz,e.fɔz,efɔz,efɔz
e.fɔʃ,e.fɔʃ,efɔʃ,efɔʃ
e.fɔʒ,e.fɔʒ,efɔʒ,efɔʒ
e.fɔθ,e.fɔθ,efɔθ,efɔθ
e.fɔð,e.fɔð,efɔð,efɔð
e.sɔm,e.sɔm,esɔm,esɔm
e.sɔn,e.sɔn,esɔn,esɔn
e.sɔŋ,e.sɔŋ,esɔŋ,esɔŋ
e.sɔp,e.sɔp,esɔp,esɔp
e.sɔt,e.sɔt,esɔt,esɔt
e.sɔk,e.sɔk,esɔk,esɔk
e.sɔb,e.sɔb,esɔb,esɔb
e.sɔd,e.sɔd,esɔd,esɔd
e.sɔg,e.sɔg,esɔg,esɔg
e.sɔf,e.sɔf,esɔf,esɔf
e.sɔs,e.sɔs,esɔs,esɔs
e.sɔv,e.sɔv,esɔv,esɔv
e.sɔz,e.sɔz,esɔz,esɔz
e.sɔʃ,e.sɔʃ,esɔʃ,esɔʃ
e.sɔʒ,e.sɔʒ,esɔʒ,esɔʒ
e.sɔθ,e.sɔθ,esɔθ,esɔθ
e.sɔð,e.sɔð,esɔð,esɔð
e.vɔm,e.vɔm,evɔm,evɔm
e.vɔn,e.vɔn,evɔn,evɔn
e.vɔŋ,e.vɔŋ,evɔŋ,evɔŋ
e.vɔp,e.vɔp,evɔp,evɔp
e.vɔt,e.vɔt,evɔt,evɔt
e.vɔk,e.vɔk,evɔk,evɔk
e.vɔb,e.vɔb,evɔb,evɔb
e.vɔd,e.vɔd,evɔd,evɔd
e.vɔg,e.vɔg,evɔg,evɔg
e.vɔf,e.vɔf,evɔf,evɔf
e.vɔs,e.vɔs,evɔs,evɔs
e.vɔv,e.vɔv,evɔv,evɔv
e.vɔz,e.vɔz,evɔz,evɔz
e.vɔʃ,e.vɔʃ,evɔʃ,evɔʃ
e.vɔʒ,e.vɔʒ,evɔʒ,evɔʒ
e.vɔθ,e.vɔθ,evɔθ,evɔθ
e.vɔð,e.vɔð,evɔð,evɔð
e.zɔm,e.zɔm,ezɔm,ezɔm
e.zɔn,e.zɔn,ezɔn,ezɔn
e.zɔŋ,e.zɔŋ,ezɔŋ,ezɔŋ
e.zɔp,e.zɔp,ezɔp,ezɔp
e.zɔt,e.zɔt,ezɔt,ezɔt
e.zɔk,e.zɔk,ezɔk,ezɔk
e.zɔb,e.zɔb,ezɔb,ezɔb
e.zɔd,e.zɔd,ezɔd,ezɔd
e.zɔg,e.zɔg,ezɔg,ezɔg
e.zɔf,e.zɔf,ezɔf,ezɔf
e.zɔs,e.zɔs,ezɔs,ezɔs
e.zɔv,e.zɔv,ezɔv,ezɔv
e.zɔz,e.zɔz,ezɔz,ezɔz
e.zɔʃ,e.zɔʃ,ezɔʃ,ezɔʃ
e.zɔʒ,e.zɔʒ,ezɔʒ,ezɔʒ
e.zɔθ,e.zɔθ,ezɔθ,ezɔθ
e.zɔð,e.zɔð,ezɔð,ezɔð
e.ʃɔm,e.ʃɔm,eʃɔm,eʃɔm
e.ʃɔn,e.ʃɔn,eʃɔn,eʃɔn
e.ʃɔŋ,e.ʃɔŋ,eʃɔŋ,eʃɔŋ
e.ʃɔp,e.ʃɔp,eʃɔp,eʃɔp
e.ʃɔt,e.ʃɔt,eʃɔt,eʃɔt
e.ʃɔk,e.ʃɔk,eʃɔk,eʃɔk
e.ʃɔb,e.ʃɔb,eʃɔb,eʃɔb
e.ʃɔd,e.ʃɔd,eʃɔd,eʃɔd
e.ʃɔg,e.ʃɔg,eʃɔg,eʃɔg
e.ʃɔf,e.ʃɔf,eʃɔf,eʃɔf
e.ʃɔs,e.ʃɔs,eʃɔs,eʃɔs
e.ʃɔv,e.ʃɔv,eʃɔv,eʃɔv
e.ʃɔz,e.ʃɔz,eʃɔz,eʃɔz
e.ʃɔʃ,e.ʃɔʃ,eʃɔʃ,eʃɔʃ
e.ʃɔʒ,e.ʃɔʒ,eʃɔʒ,eʃɔʒ
e.ʃɔθ,e.ʃɔθ,eʃɔθ,eʃɔθ
e.ʃɔð,e.ʃɔð,eʃɔð,eʃɔð
e.ʒɔm,e.ʒɔm,eʒɔm,eʒɔm
e.ʒɔn,e.ʒɔn,eʒɔn,eʒɔn
e.ʒɔŋ,e.ʒɔŋ,eʒɔŋ,eʒɔŋ
e.ʒɔp,e.ʒɔp,eʒɔp,eʒɔp
e.ʒɔt,e.ʒɔt,eʒɔt,eʒɔt
e.ʒɔk,e.ʒɔk,eʒɔk,eʒɔk
e.ʒɔb,e.ʒɔb,eʒɔb,eʒɔb
e.ʒɔd,e.ʒɔd,eʒɔd,eʒɔd
e.ʒɔg,e.ʒɔg,eʒɔg,eʒɔg
e.ʒɔf,e.ʒɔf,eʒɔf,eʒɔf
e.ʒɔs,e.ʒɔs,eʒɔs,eʒɔs
e.ʒɔv,e.ʒɔv,eʒɔv,eʒɔv
e.ʒɔz,e.ʒɔz,eʒɔz,eʒɔz
e.ʒɔʃ,e.ʒɔʃ,eʒɔʃ,eʒɔʃ
e.ʒɔʒ,e.ʒɔʒ,eʒɔʒ,eʒɔʒ
e.ʒɔθ,e.ʒɔθ,eʒɔθ,eʒɔθ
e.ʒɔð,e.ʒɔð,eʒɔð,eʒɔð
e.θɔm,e.θɔm,eθɔm,eθɔm
e.θɔn,e.θɔn,eθɔn,eθɔn
e.θɔŋ,e.θɔŋ,eθɔŋ,eθɔŋ
e.θɔp,e.θɔp,eθɔp,eθɔp
e.θɔt,e.θɔt,eθɔt,eθɔt
e.θɔk,e.θɔk,eθɔk,eθɔk
e.θɔb,e.θɔb,eθɔb,eθɔb
e.θɔd,e.θɔd,eθɔd,eθɔd
e.θɔg,e.θɔg,eθɔg,eθɔg
e.θɔf,e.θɔf,eθɔf,eθɔf
e.θɔs,e.θɔs,eθɔs,eθɔs
e.θɔv,e.θɔv,eθɔv,eθɔv
e.θɔz,e.θɔz,eθɔz,eθɔz
e.θɔʃ,e.θɔʃ,eθɔʃ,eθɔʃ
e.θɔʒ,e.θɔʒ,eθɔʒ,eθɔʒ
e.θɔθ,e.θɔθ,eθɔθ,eθɔθ
e.θɔð,e.θɔð,eθɔð,eθɔð
e.ðɔm,e.ðɔm,eðɔm,eðɔm
e.ðɔn,e.ðɔn,eðɔn,eðɔn
e.ðɔŋ,e.ðɔŋ,eðɔŋ,eðɔŋ
e.ðɔp,e.ðɔp,eðɔp,eðɔp
e.ðɔt,e.ðɔt,eðɔt,eðɔt
e.ðɔk,e.ðɔk,eðɔk,eðɔk
e.ðɔb,e.ðɔb,eðɔb,eðɔb
e.ðɔd,e.ðɔd,eðɔd,eðɔd
e.ðɔg,e.ðɔg,eðɔg,eðɔg
e.ðɔf,e.ðɔf,eðɔf,eðɔf
e.ðɔs,e.ðɔs,eðɔs,eðɔs
e.ðɔv,e.ðɔv,eðɔv,eðɔv
e.ðɔz,e.ðɔz,eðɔz,eðɔz
e.ðɔʃ,e.ðɔʃ,eðɔʃ,eðɔʃ
e.ðɔʒ,e.ðɔʒ,eðɔʒ,eðɔʒ
e.ðɔθ,e.ðɔθ,eðɔθ,eðɔθ
e.ðɔð,e.ðɔð,eðɔð,eðɔð
e.hɔm,e.hɔm,ehɔm,ehɔm
e.hɔn,e.hɔn,ehɔn,ehɔn
e.hɔŋ,e.hɔŋ,ehɔŋ,ehɔŋ
e.hɔp,e.hɔp,ehɔp,ehɔp
e.hɔt,e.hɔt,ehɔt,ehɔt
e.hɔk,e.hɔk,ehɔk,ehɔk
e.hɔb,e.hɔb,ehɔb,ehɔb
e.hɔd,e.hɔd,ehɔd,ehɔd
e.hɔg,e.hɔg,ehɔg,ehɔg
e.hɔf,e.hɔf,ehɔf,ehɔf
e.hɔs,e.hɔs,ehɔs,ehɔs
e.hɔv,e.hɔv,ehɔv,ehɔv
e.hɔz,e.hɔz,ehɔz,ehɔz
e.hɔʃ,e.hɔʃ,ehɔʃ,ehɔʃ
e.hɔʒ,e.hɔʒ,ehɔʒ,ehɔʒ
e.hɔθ,e.hɔθ,ehɔθ,ehɔθ
e.hɔð,e.hɔð,ehɔð,ehɔð
u.mɪm,u.mɪm,umɪm,umɪm
u.mɪn,u.mɪn,umɪn,umɪn
u.mɪŋ,u.mɪŋ,umɪŋ,umɪŋ
u.mɪp,u.mɪp,umɪp,umɪp
u.mɪt,u.mɪt,umɪt,umɪt
u.mɪk,u.mɪk,umɪk,umɪk
u.mɪb,u.mɪb,umɪb,umɪb
u.mɪd,u.mɪd,umɪd,umɪd
u.mɪg,u.mɪg,umɪg,umɪg
u.mɪf,u.mɪf,umɪf,umɪf
u.mɪs,u.mɪs,umɪs,umɪs
u.mɪv,u.mɪv,umɪv,umɪv
u.mɪz,u.mɪz,umɪz,umɪz
u.mɪʃ,u.mɪʃ,umɪʃ,umɪʃ
u.mɪʒ,u.mɪʒ,umɪʒ,umɪʒ
u.mɪθ,u.mɪθ,umɪθ,umɪθ
u.mɪð,u.mɪð,umɪð,umɪð
u.nɪm,u.nɪm,unɪm,unɪm
u.nɪn,u.nɪn,unɪn,unɪn
u.nɪŋ,u.nɪŋ,unɪŋ,unɪŋ
u.nɪp,u.nɪp,unɪp,unɪp
u.nɪt,u.nɪt,unɪt,unɪt
u.nɪk,u.nɪk,unɪk,unɪk
u.nɪb,u.nɪb,unɪb,unɪb
u.nɪd,u.nɪd,unɪd,unɪd
u.nɪg,u.nɪg,unɪg,unɪg
u.nɪf,u.nɪf,unɪf,unɪf
u.nɪs,u.nɪs,unɪs,unɪs
u.nɪv,u.nɪv,unɪv,unɪv
u.nɪz,u.nɪz,unɪz,unɪz
u.nɪʃ,u.nɪʃ,unɪʃ,unɪʃ
u.nɪʒ,u.nɪʒ,unɪʒ,unɪʒ
u.nɪθ,u.nɪθ,unɪθ,unɪθ
u.nɪð,u.nɪð,unɪð,unɪð
u.pɪm,u.pɪm,upɪm,upɪm
u.pɪn,u.pɪn,upɪn,upɪn
u.pɪŋ,u.pɪŋ,upɪŋ,upɪŋ
u.pɪp,u.pɪp,upɪp,upɪp
u.pɪt,u.pɪt,upɪt,upɪt
u.pɪk,u.pɪk,upɪk,upɪk
u.pɪb,u.pɪb,upɪb,upɪb
u.pɪd,u.pɪd,upɪd,upɪd
u.pɪg,u.pɪg,upɪg,upɪg
u.pɪf,u.pɪf,upɪf,upɪf
u.pɪs,u.pɪs,upɪs,upɪs
u.pɪv,u.pɪv,upɪv,upɪv
u.pɪz,u.pɪz,upɪz,upɪz
u.pɪʃ,u.pɪʃ,upɪʃ,upɪʃ
u.pɪʒ,u.pɪʒ,upɪʒ,upɪʒ
u.pɪθ,u.pɪθ,upɪθ,upɪθ
u.pɪð,u.pɪð,upɪð,upɪð
u.tɪm,u.tɪm,utɪm,utɪm
u.tɪn,u.tɪn,utɪn,utɪn
u.tɪŋ,u.tɪŋ,utɪŋ,utɪŋ
u.tɪp,u.tɪp,utɪp,utɪp
u.tɪt,u.tɪt,utɪt,utɪt
u.tɪk,u.tɪk,utɪk,utɪk
u.tɪb,u.tɪb,utɪb,utɪb
u.tɪd,u.tɪd,utɪd,utɪd
u.tɪg,u.tɪg,utɪg,utɪg
u.tɪf,u.tɪf,utɪf,utɪf
u.tɪs,u.tɪs,utɪs,utɪs
u.tɪv,u.tɪv,utɪv,utɪv
u.tɪz,u.tɪz,utɪz,utɪz
u.tɪʃ,u.tɪʃ,utɪʃ,utɪʃ
u.tɪʒ,u.tɪʒ,utɪʒ,utɪʒ
u.tɪθ,u.tɪθ,utɪθ,utɪθ
u.tɪð,u.tɪð,utɪð,utɪð
u.kɪm,u.kɪm,ukɪm,ukɪm
u.kɪn,u.kɪn,ukɪn,ukɪn
u.kɪŋ,u.kɪŋ,ukɪŋ,ukɪŋ
u.kɪp,u.kɪp,ukɪp,ukɪp
u.kɪt,u.kɪt,ukɪt,ukɪt
u.kɪk,u.kɪk,ukɪk,ukɪk
u.kɪb,u.kɪb,ukɪb,ukɪb
u.kɪd,u.kɪd,ukɪd,ukɪd
u.kɪg,u.kɪg,ukɪg,ukɪg
u.kɪf,u.kɪf,ukɪf,ukɪf
u.kɪs,u.kɪs,ukɪs,ukɪs
u.kɪv,u.kɪv,ukɪv,ukɪv
u.kɪz,u.kɪz,ukɪz,ukɪz
u.kɪʃ,u.kɪʃ,ukɪʃ,ukɪʃ
u.kɪʒ,u.kɪʒ,ukɪʒ,ukɪʒ
u.kɪθ,u.kɪθ,ukɪθ,ukɪθ
u.kɪð,u.kɪð,ukɪð,ukɪð
u.bɪm,u.bɪm,ubɪm,ubɪm
u.bɪn,u.bɪn,ubɪn,ubɪn
u.bɪŋ,u.bɪŋ,ubɪŋ,ubɪŋ
u.bɪp,u.bɪp,ubɪp,ubɪp
u.bɪt,u.bɪt,ubɪt,ubɪt
u.bɪk,u.bɪk,ubɪk,ubɪk
u.bɪb,u.bɪb,ubɪb,ubɪb
u.bɪd,u.bɪd,ubɪd,ubɪd
u.bɪg,u.bɪg,ubɪg,ubɪg
u.bɪf,u.bɪf,ubɪf,ubɪf
u.bɪs,u.bɪs,ubɪs,ubɪs
u.bɪv,u.bɪv,ubɪv,ubɪv
u.bɪz,u.bɪz,ubɪz,ubɪz
u.bɪʃ,u.bɪʃ,ubɪʃ,ubɪʃ
u.bɪʒ,u.bɪʒ,ubɪʒ,ubɪʒ
u.bɪθ,u.bɪθ,ubɪθ,ubɪθ
u.bɪð,u.bɪð,ubɪð,ubɪð
u.dɪm,u.dɪm,udɪm,udɪm
u.dɪn,u.dɪn,udɪn,udɪn
u.dɪŋ,u.dɪŋ,udɪŋ,udɪŋ
u.dɪp,u.dɪp,udɪp,udɪp
u.dɪt,u.dɪt,udɪt,udɪt
u.dɪk,u.dɪk,udɪk,udɪk
u.dɪb,u.dɪb,udɪb,udɪb
u.dɪd,u.dɪd,udɪd,udɪd
u.dɪg,u.dɪg,udɪg,udɪg
u.dɪf,u.dɪf,udɪf,udɪf
u.dɪs,u.dɪs,udɪs,udɪs
u.dɪv,u.dɪv,udɪv,udɪv
u.dɪz,u.dɪz,udɪz,udɪz
u.dɪʃ,u.dɪʃ,udɪʃ,udɪʃ
u.dɪʒ,u.dɪʒ,udɪʒ,udɪʒ
u.dɪθ,u.dɪθ,udɪθ,udɪθ
u.dɪð,u.dɪð,udɪð,udɪð
u.gɪm,u.gɪm,ugɪm,ugɪm
u.gɪn,u.gɪn,ugɪn,ugɪn
u.gɪŋ,u.gɪŋ,ugɪŋ,ugɪŋ
u.gɪp,u.gɪp,ugɪp,ugɪp
u.gɪt,u.gɪt,ugɪt,ugɪt
u.gɪk,u.gɪk,ugɪk,ugɪk
u.gɪb,u.gɪb,ugɪb,ugɪb
u.gɪd,u.gɪd,ugɪd,ugɪd
u.gɪg,u.gɪg,ugɪg,ugɪg
u.gɪf,u.gɪf,ugɪf,ugɪf
u.gɪs,u.gɪs,ugɪs,ugɪs
u.gɪv,u.gɪv,ugɪv,ugɪv
u.gɪz,u.gɪz,ugɪz,ugɪz
u.gɪʃ,u.gɪʃ,ugɪʃ,ugɪʃ
u.gɪʒ,u.gɪʒ,ugɪʒ,ugɪʒ
u.gɪθ,u.gɪθ,ugɪθ,ugɪθ
u.gɪð,u.gɪð,ugɪð,ugɪð
u.fɪm,u.fɪm,ufɪm,ufɪm
u.fɪn,u.fɪn,ufɪn,ufɪn
u.fɪŋ,u.fɪŋ,ufɪŋ,ufɪŋ
u.fɪp,u.fɪp,ufɪp,ufɪp
u.fɪt,u.fɪt,ufɪt,ufɪt
u.fɪk,u.fɪk,ufɪk,ufɪk
u.fɪb,u.fɪb,ufɪb,ufɪb
u.fɪd,u.fɪd,ufɪd,ufɪd
u.fɪg,u.fɪg,ufɪg,ufɪg
u.fɪf,u.fɪf,ufɪf,ufɪf
u.fɪs,u.fɪs,ufɪs,ufɪs
u.fɪv,u.fɪv,ufɪv,ufɪv
u.fɪz,u.fɪz,ufɪz,ufɪz
u.fɪʃ,u.fɪʃ,ufɪʃ,ufɪʃ
u.fɪʒ,u.fɪʒ,ufɪʒ,ufɪʒ
u.fɪθ,u.fɪθ,ufɪθ,ufɪθ
u.fɪð,u.fɪð,ufɪð,ufɪð
u.sɪm,u.sɪm,usɪm,usɪm
u.sɪn,u.sɪn,usɪn,usɪn
u.sɪŋ,u.sɪŋ,usɪŋ,usɪŋ
u.sɪp,u.sɪp,usɪp,usɪp
u.sɪt,u.sɪt,usɪt,usɪt
u.sɪk,u.sɪk,usɪk,usɪk
u.sɪb,u.sɪb,usɪb,usɪb
u.sɪd,u.sɪd,usɪd,usɪd
u.sɪg,u.sɪg,usɪg,usɪg
u.sɪf,u.sɪf,usɪf,usɪf
u.sɪs,u.sɪs,usɪs,usɪs
u.sɪv,u.sɪv,usɪv,usɪv
u.sɪz,u.sɪz,usɪz,usɪz
u.sɪʃ,u.sɪʃ,usɪʃ,usɪʃ
u.sɪʒ,u.sɪʒ,usɪʒ,usɪʒ
u.sɪθ,u.sɪθ,usɪθ,usɪθ
u.sɪð,u.sɪð,usɪð,usɪð
u.vɪm,u.vɪm,uvɪm,uvɪm
u.vɪn,u.vɪn,uvɪn,uvɪn
u.vɪŋ,u.vɪŋ,uvɪŋ,uvɪŋ
u.vɪp,u.vɪp,uvɪp,uvɪp
u.vɪt,u.vɪt,uvɪt,uvɪt
u.vɪk,u.vɪk,uvɪk,uvɪk
u.vɪb,u.vɪb,uvɪb,uvɪb
u.vɪd,u.vɪd,uvɪd,uvɪd
u.vɪg,u.vɪg,uvɪg,uvɪg
u.vɪf,u.vɪf,uvɪf,uvɪf
u.vɪs,u.vɪs,uvɪs,uvɪs
u.vɪv,u.vɪv,uvɪv,uvɪv
u.vɪz,u.vɪz,uvɪz,uvɪz
u.vɪʃ,u.vɪʃ,uvɪʃ,uvɪʃ
u.vɪʒ,u.vɪʒ,uvɪʒ,uvɪʒ
u.vɪθ,u.vɪθ,uvɪθ,uvɪθ
u.vɪð,u.vɪð,uvɪð,uvɪð
u.zɪm,u.zɪm,uzɪm,uzɪm
u.zɪn,u.zɪn,uzɪn,uzɪn
u.zɪŋ,u.zɪŋ,uzɪŋ,uzɪŋ
u.zɪp,u.zɪp,uzɪp,uzɪp
u.zɪt,u.zɪt,uzɪt,uzɪt
u.zɪk,u.zɪk,uzɪk,uzɪk
u.zɪb,u.zɪb,uzɪb,uzɪb
u.zɪd,u.zɪd,uzɪd,uzɪd
u.zɪg,u.zɪg,uzɪg,uzɪg
u.zɪf,u.zɪf,uzɪf,uzɪf
u.zɪs,u.zɪs,uzɪs,uzɪs
u.zɪv,u.zɪv,uzɪv,uzɪv
u.zɪz,u.zɪz,uzɪz,uzɪz
u.zɪʃ,u.zɪʃ,uzɪʃ,uzɪʃ
u.zɪʒ,u.zɪʒ,uzɪʒ,uzɪʒ
u.zɪθ,u.zɪθ,uzɪθ,uzɪθ
u.zɪð,u.zɪð,uzɪð,uzɪð
u.ʃɪm,u.ʃɪm,uʃɪm,uʃɪm
u.ʃɪn,u.ʃɪn,uʃɪn,uʃɪn
u.ʃɪŋ,u.ʃɪŋ,uʃɪŋ,uʃɪŋ
u.ʃɪp,u.ʃɪp,uʃɪp,uʃɪp
u.ʃɪt,u.ʃɪt,uʃɪt,uʃɪt
u.ʃɪk,u.ʃɪk,uʃɪk,uʃɪk
u.ʃɪb,u.ʃɪb,uʃɪb,uʃɪb
u.ʃɪd,u.ʃɪd,uʃɪd,uʃɪd
u.ʃɪg,u.ʃɪg,uʃɪg,uʃɪg
u.ʃɪf,u.ʃɪf,uʃɪf,uʃɪf
u.ʃɪs,u.ʃɪs,uʃɪs,uʃɪs
u.ʃɪv,u.ʃɪv,uʃɪv,uʃɪv
u.ʃɪz,u.ʃɪz,uʃɪz,uʃɪz
u.ʃɪʃ,u.ʃɪʃ,uʃɪʃ,uʃɪʃ
u.ʃɪʒ,u.ʃɪʒ,uʃɪʒ,uʃɪʒ
u.ʃɪθ,u.ʃɪθ,uʃɪθ,uʃɪθ
u.ʃɪð,u.ʃɪð,uʃɪð,uʃɪð
u.ʒɪm,u.ʒɪm,uʒɪm,uʒɪm
u.ʒɪn,u.ʒɪn,uʒɪn,uʒɪn
u.ʒɪŋ,u.ʒɪŋ,uʒɪŋ,uʒɪŋ
u.ʒɪp,u.ʒɪp,uʒɪp,uʒɪp
u.ʒɪt,u.ʒɪt,uʒɪt,uʒɪt
u.ʒɪk,u.ʒɪk,uʒɪk,uʒɪk
u.ʒɪb,u.ʒɪb,uʒɪb,uʒɪb
u.ʒɪd,u.ʒɪd,uʒɪd,uʒɪd
u.ʒɪg,u.ʒɪg,uʒɪg,uʒɪg
u.ʒɪf,u.ʒɪf,uʒɪf,uʒɪf
u.ʒɪs,u.ʒɪs,uʒɪs,uʒɪs
u.ʒɪv,u.ʒɪv,uʒɪv,uʒɪv
u.ʒɪz,u.ʒɪz,uʒɪz,uʒɪz
u.ʒɪʃ,u.ʒɪʃ,uʒɪʃ,uʒɪʃ
u.ʒɪʒ,u.ʒɪʒ,uʒɪʒ,uʒɪʒ
u.ʒɪθ,u.ʒɪθ,uʒɪθ,uʒɪθ
u.ʒɪð,u.ʒɪð,uʒɪð,uʒɪð
u.θɪm,u.θɪm,uθɪm,uθɪm
u.θɪn,u.θɪn,uθɪn,uθɪn
u.θɪŋ,u.θɪŋ,uθɪŋ,uθɪŋ
u.θɪp,u.θɪp,uθɪp,uθɪp
u.θɪt,u.θɪt,uθɪt,uθɪt
u.θɪk,u.θɪk,uθɪk,uθɪk
u.θɪb,u.θɪb,uθɪb,uθɪb
u.θɪd,u.θɪd,uθɪd,uθɪd
u.θɪg,u.θɪg,uθɪg,uθɪg
u.θɪf,u.θɪf,uθɪf,uθɪf
u.θɪs,u.θɪs,uθɪs,uθɪs
u.θɪv,u.θɪv,uθɪv,uθɪv
u.θɪz,u.θɪz,uθɪz,uθɪz
u.θɪʃ,u.θɪʃ,uθɪʃ,uθɪʃ
u.θɪʒ,u.θɪʒ,uθɪʒ,uθɪʒ
u.θɪθ,u.θɪθ,uθɪθ,uθɪθ
u.θɪð,u.θɪð,uθɪð,uθɪð
u.ðɪm,u.ðɪm,uðɪm,uðɪm
u.ðɪn,u.ðɪn,uðɪn,uðɪn
u.ðɪŋ,u.ðɪŋ,uðɪŋ,uðɪŋ
u.ðɪp,u.ðɪp,uðɪp,uðɪp
u.ðɪt,u.ðɪt,uðɪt,uðɪt
u.ðɪk,u.ðɪk,uðɪk,uðɪk
u.ðɪb,u.ðɪb,uðɪb,uðɪb
u.ðɪd,u.ðɪd,uðɪd,uðɪd
u.ðɪg,u.ðɪg,uðɪg,uðɪg
u.ðɪf,u.ðɪf,uðɪf,uðɪf
u.ðɪs,u.ðɪs,uðɪs,uðɪs
u.ðɪv,u.ðɪv,uðɪv,uðɪv
u.ðɪz,u.ðɪz,uðɪz,uðɪz
u.ðɪʃ,u.ðɪʃ,uðɪʃ,uðɪʃ
u.ðɪʒ,u.ðɪʒ,uðɪʒ,uðɪʒ
u.ðɪθ,u.ðɪθ,uðɪθ,uðɪθ
u.ðɪð,u.ðɪð,uðɪð,uðɪð
u.hɪm,u.hɪm,uhɪm,uhɪm
u.hɪn,u.hɪn,uhɪn,uhɪn
u.hɪŋ,u.hɪŋ,uhɪŋ,uhɪŋ
u.hɪp,u.hɪp,uhɪp,uhɪp
u.hɪt,u.hɪt,uhɪt,uhɪt
u.hɪk,u.hɪk,uhɪk,uhɪk
u.hɪb,u.hɪb,uhɪb,uhɪb
u.hɪd,u.hɪd,uhɪd,uhɪd
u.hɪg,u.hɪg,uhɪg,uhɪg
u.hɪf,u.hɪf,uhɪf,uhɪf
u.hɪs,u.hɪs,uhɪs,uhɪs
u.hɪv,u.hɪv,uhɪv,uhɪv
u.hɪz,u.hɪz,uhɪz,uhɪz
u.hɪʃ,u.hɪʃ,uhɪʃ,uhɪʃ
u.hɪʒ,u.hɪʒ,uhɪʒ,uhɪʒ
u.hɪθ,u.hɪθ,uhɪθ,uhɪθ
u.hɪð,u.hɪð,uhɪð,uhɪð
u.mɛm,u.mɛm,umɛm,umɛm
u.mɛn,u.mɛn,umɛn,umɛn
u.mɛŋ,u.mɛŋ,umɛŋ,umɛŋ
u.mɛp,u.mɛp,umɛp,umɛp
u.mɛt,u.mɛt,umɛt,umɛt
u.mɛk,u.mɛk,umɛk,umɛk
u.mɛb,u.mɛb,umɛb,umɛb
u.mɛd,u.mɛd,umɛd,umɛd
u.mɛg,u.mɛg,umɛg,umɛg
u.mɛf,u.mɛf,umɛf,umɛf
u.mɛs,u.mɛs,umɛs,umɛs
u.mɛv,u.mɛv,umɛv,umɛv
u.mɛz,u.mɛz,umɛz,umɛz
u.mɛʃ,u.mɛʃ,umɛʃ,umɛʃ
u.mɛʒ,u.mɛʒ,umɛʒ,umɛʒ
u.mɛθ,u.mɛθ,umɛθ,umɛθ
u.mɛð,u.mɛð,umɛð,umɛð
u.nɛm,u.nɛm,unɛm,unɛm
u.nɛn,u.nɛn,unɛn,unɛn
u.nɛŋ,u.nɛŋ,unɛŋ,unɛŋ
u.nɛp,u.nɛp,unɛp,unɛp
u.nɛt,u.nɛt,unɛt,unɛt
u.nɛk,u.nɛk,unɛk,unɛk
u.nɛb,u.nɛb,unɛb,unɛb
u.nɛd,u.nɛd,unɛd,unɛd
u.nɛg,u.nɛg,unɛg,unɛg
u.nɛf,u.nɛf,unɛf,unɛf
u.nɛs,u.nɛs,unɛs,unɛs
u.nɛv,u.nɛv,unɛv,unɛv
u.nɛz,u.nɛz,unɛz,unɛz
u.nɛʃ,u.nɛʃ,unɛʃ,unɛʃ
u.nɛʒ,u.nɛʒ,unɛʒ,unɛʒ
u.nɛθ,u.nɛθ,unɛθ,unɛθ
u.nɛð,u.nɛð,unɛð,unɛð
u.pɛm,u.pɛm,upɛm,upɛm
u.pɛn,u.pɛn,upɛn,upɛn
u.pɛŋ,u.pɛŋ,upɛŋ,upɛŋ
u.pɛp,u.pɛp,upɛp,upɛp
u.pɛt,u.pɛt,upɛt,upɛt
u.pɛk,u.pɛk,upɛk,upɛk
u.pɛb,u.pɛb,upɛb,upɛb
u.pɛd,u.pɛd,upɛd,upɛd
u.pɛg,u.pɛg,upɛg,upɛg
u.pɛf,u.pɛf,upɛf,upɛf
u.pɛs,u.pɛs,upɛs,upɛs
u.pɛv,u.pɛv,upɛv,upɛv
u.pɛz,u.pɛz,upɛz,upɛz
u.pɛʃ,u.pɛʃ,upɛʃ,upɛʃ
u.pɛʒ,u.pɛʒ,upɛʒ,upɛʒ
u.pɛθ,u.pɛθ,upɛθ,upɛθ
u.pɛð,u.pɛð,upɛð,upɛð
u.tɛm,u.tɛm,utɛm,utɛm
u.tɛn,u.tɛn,utɛn,utɛn
u.tɛŋ,u.tɛŋ,utɛŋ,utɛŋ
u.tɛp,u.tɛp,utɛp,utɛp
u.tɛt,u.tɛt,utɛt,utɛt
u.tɛk,u.tɛk,utɛk,utɛk
u.tɛb,u.tɛb,utɛb,utɛb
u.tɛd,u.tɛd,utɛd,utɛd
u.tɛg,u.tɛg,utɛg,utɛg
u.tɛf,u.tɛf,utɛf,utɛf
u.tɛs,u.tɛs,utɛs,utɛs
u.tɛv,u.tɛv,utɛv,utɛv
u.tɛz,u.tɛz,utɛz,utɛz
u.tɛʃ,u.tɛʃ,utɛʃ,utɛʃ
u.tɛʒ,u.tɛʒ,utɛʒ,utɛʒ
u.tɛθ,u.tɛθ,utɛθ,utɛθ
u.tɛð,u.tɛð,utɛð,utɛð
u.kɛm,u.kɛm,ukɛm,ukɛm
u.kɛn,u.kɛn,ukɛn,ukɛn
u.kɛŋ,u.kɛŋ,ukɛŋ,ukɛŋ
u.kɛp,u.kɛp,ukɛp,ukɛp
u.kɛt,u.kɛt,ukɛt,ukɛt
u.kɛk,u.kɛk,ukɛk,ukɛk
u.kɛb,u.kɛb,ukɛb,ukɛb
u.kɛd,u.kɛd,ukɛd,ukɛd
u.kɛg,u.kɛg,ukɛg,ukɛg
u.kɛf,u.kɛf,ukɛf,ukɛf
u.kɛs,u.kɛs,ukɛs,ukɛs
u.kɛv,u.kɛv,ukɛv,ukɛv
u.kɛz,u.kɛz,ukɛz,ukɛz
u.kɛʃ,u.kɛʃ,ukɛʃ,ukɛʃ
u.kɛʒ,u.kɛʒ,ukɛʒ,ukɛʒ
u.kɛθ,u.kɛθ,ukɛθ,ukɛθ
u.kɛð,u.kɛð,ukɛð,ukɛð
u.bɛm,u.bɛm,ubɛm,ubɛm
u.bɛn,u.bɛn,ubɛn,ubɛn
u.bɛŋ,u.bɛŋ,ubɛŋ,ubɛŋ
u.bɛp,u.bɛp,ubɛp,ubɛp
u.bɛt,u.bɛt,ubɛt,ubɛt
u.bɛk,u.bɛk,ubɛk,ubɛk
u.bɛb,u.bɛb,ubɛb,ubɛb
u.bɛd,u.bɛd,ubɛd,ubɛd
u.bɛg,u.bɛg,ubɛg,ubɛg
u.bɛf,u.bɛf,ubɛf,ubɛf
u.bɛs,u.bɛs,ubɛs,ubɛs
u.bɛv,u.bɛv,ubɛv,ubɛv
u.bɛz,u.bɛz,ubɛz,ubɛz
u.bɛʃ,u.bɛʃ,ubɛʃ,ubɛʃ
u.bɛʒ,u.bɛʒ,ubɛʒ,ubɛʒ
u.bɛθ,u.bɛθ,ubɛθ,ubɛθ
u.bɛð,u.bɛð,ubɛð,ubɛð
u.dɛm,u.dɛm,udɛm,udɛm
u.dɛn,u.dɛn,udɛn,udɛn
u.dɛŋ,u.dɛŋ,udɛŋ,udɛŋ
u.dɛp,u.dɛp,udɛp,udɛp
u.dɛt,u.dɛt,udɛt,udɛt
u.dɛk,u.dɛk,udɛk,udɛk
u.dɛb,u.dɛb,udɛb,udɛb
u.dɛd,u.dɛd,udɛd,udɛd
u.dɛg,u.dɛg,udɛg,udɛg
u.dɛf,u.dɛf,udɛf,udɛf
u.dɛs,u.dɛs,udɛs,udɛs
u.dɛv,u.dɛv,udɛv,udɛv
u.dɛz,u.dɛz,udɛz,udɛz
u.dɛʃ,u.dɛʃ,udɛʃ,udɛʃ
u.dɛʒ,u.dɛʒ,udɛʒ,udɛʒ
u.dɛθ,u.dɛθ,udɛθ,udɛθ
u.dɛð,u.dɛð,udɛð,udɛð
u.gɛm,u.gɛm,ugɛm,ugɛm
u.gɛn,u.gɛn,ugɛn,ugɛn
u.gɛŋ,u.gɛŋ,ugɛŋ,ugɛŋ
u.gɛp,u.gɛp,ugɛp,ugɛp
u.gɛt,u.gɛt,ugɛt,ugɛt
u.gɛk,u.gɛk,ugɛk,ugɛk
u.gɛb,u.gɛb,ugɛb,ugɛb
u.gɛd,u.gɛd,ugɛd,ugɛd
u.gɛg,u.gɛg,ugɛg,ugɛg
u.gɛf,u.gɛf,ugɛf,ugɛf
u.gɛs,u.gɛs,ugɛs,ugɛs
u.gɛv,u.gɛv,ugɛv,ugɛv
u.gɛz,u.gɛz,ugɛz,ugɛz
u.gɛʃ,u.gɛʃ,ugɛʃ,ugɛʃ
u.gɛʒ,u.gɛʒ,ugɛʒ,ugɛʒ
u.gɛθ,u.gɛθ,ugɛθ,ugɛθ
u.gɛð,u.gɛð,ugɛð,ugɛð
u.fɛm,u.fɛm,ufɛm,ufɛm
u.fɛn,u.fɛn,ufɛn,ufɛn
u.fɛŋ,u.fɛŋ,ufɛŋ,ufɛŋ
u.fɛp,u.fɛp,ufɛp,ufɛp
u.fɛt,u.fɛt,ufɛt,ufɛt
u.fɛk,u.fɛk,ufɛk,ufɛk
u.fɛb,u.fɛb,ufɛb,ufɛb
u.fɛd,u.fɛd,ufɛd,ufɛd
u.fɛg,u.fɛg,ufɛg,ufɛg
u.fɛf,u.fɛf,ufɛf,ufɛf
u.fɛs,u.fɛs,ufɛs,ufɛs
u.fɛv,u.fɛv,ufɛv,ufɛv
u.fɛz,u.fɛz,ufɛz,ufɛz
u.fɛʃ,u.fɛʃ,ufɛʃ,ufɛʃ
u.fɛʒ,u.fɛʒ,ufɛʒ,ufɛʒ
u.fɛθ,u.fɛθ,ufɛθ,ufɛθ
u.fɛð,u.fɛð,ufɛð,ufɛð
u.sɛm,u.sɛm,usɛm,usɛm
u.sɛn,u.sɛn,usɛn,usɛn
u.sɛŋ,u.sɛŋ,usɛŋ,usɛŋ
u.sɛp,u.sɛp,usɛp,usɛp
u.sɛt,u.sɛt,usɛt,usɛt
u.sɛk,u.sɛk,usɛk,usɛk
u.sɛb,u.sɛb,usɛb,usɛb
u.sɛd,u.sɛd,usɛd,usɛd
u.sɛg,u.sɛg,usɛg,usɛg
u.sɛf,u.sɛf,usɛf,usɛf
u.sɛs,u.sɛs,usɛs,usɛs
u.sɛv,u.sɛv,usɛv,usɛv
u.sɛz,u.sɛz,usɛz,usɛz
u.sɛʃ,u.sɛʃ,usɛʃ,usɛʃ
u.sɛʒ,u.sɛʒ,usɛʒ,usɛʒ
u.sɛθ,u.sɛθ,usɛθ,usɛθ
u.sɛð,u.sɛð,usɛð,usɛð
u.vɛm,u.vɛm,uvɛm,uvɛm
u.vɛn,u.vɛn,uvɛn,uvɛn
u.vɛŋ,u.vɛŋ,uvɛŋ,uvɛŋ
u.vɛp,u.vɛp,uvɛp,uvɛp
u.vɛt,u.vɛt,uvɛt,uvɛt
u.vɛk,u.vɛk,uvɛk,uvɛk
u.vɛb,u.vɛb,uvɛb,uvɛb
u.vɛd,u.vɛd,uvɛd,uvɛd
u.vɛg,u.vɛg,uvɛg,uvɛg
u.vɛf,u.vɛf,uvɛf,uvɛf
u.vɛs,u.vɛs,uvɛs,uvɛs
u.vɛv,u.vɛv,uvɛv,uvɛv
u.vɛz,u.vɛz,uvɛz,uvɛz
u.vɛʃ,u.vɛʃ,uvɛʃ,uvɛʃ
u.vɛʒ,u.vɛʒ,uvɛʒ,uvɛʒ
u.vɛθ,u.vɛθ,uvɛθ,uvɛθ
u.vɛð,u.vɛð,uvɛð,uvɛð
u.zɛm,u.zɛm,uzɛm,uzɛm
u.zɛn,u.zɛn,uzɛn,uzɛn
u.zɛŋ,u.zɛŋ,uzɛŋ,uzɛŋ
u.zɛp,u.zɛp,uzɛp,uzɛp
u.zɛt,u.zɛt,uzɛt,uzɛt
u.zɛk,u.zɛk,uzɛk,uzɛk
u.zɛb,u.zɛb,uzɛb,uzɛb
u.zɛd,u.zɛd,uzɛd,uzɛd
u.zɛg,u.zɛg,uzɛg,uzɛg
u.zɛf,u.zɛf,uzɛf,uzɛf
u.zɛs,u.zɛs,uzɛs,uzɛs
u.zɛv,u.zɛv,uzɛv,uzɛv
u.zɛz,u.zɛz,uzɛz,uzɛz
u.zɛʃ,u.zɛʃ,uzɛʃ,uzɛʃ
u.zɛʒ,u.zɛʒ,uzɛʒ,uzɛʒ
u.zɛθ,u.zɛθ,uzɛθ,uzɛθ
u.zɛð,u.zɛð,uzɛð,uzɛð
u.ʃɛm,u.ʃɛm,uʃɛm,uʃɛm
u.ʃɛn,u.ʃɛn,uʃɛn,uʃɛn
u.ʃɛŋ,u.ʃɛŋ,uʃɛŋ,uʃɛŋ
u.ʃɛp,u.ʃɛp,uʃɛp,uʃɛp
u.ʃɛt,u.ʃɛt,uʃɛt,uʃɛt
u.ʃɛk,u.ʃɛk,uʃɛk,uʃɛk
u.ʃɛb,u.ʃɛb,uʃɛb,uʃɛb
u.ʃɛd,u.ʃɛd,uʃɛd,uʃɛd
u.ʃɛg,u.ʃɛg,uʃɛg,uʃɛg
u.ʃɛf,u.ʃɛf,uʃɛf,uʃɛf
u.ʃɛs,u.ʃɛs,uʃɛs,uʃɛs
u.ʃɛv,u.ʃɛv,uʃɛv,uʃɛv
u.ʃɛz,u.ʃɛz,uʃɛz,uʃɛz
u.ʃɛʃ,u.ʃɛʃ,uʃɛʃ,uʃɛʃ
u.ʃɛʒ,u.ʃɛʒ,uʃɛʒ,uʃɛʒ
u.ʃɛθ,u.ʃɛθ,uʃɛθ,uʃɛθ
u.ʃɛð,u.ʃɛð,uʃɛð,uʃɛð
u.ʒɛm,u.ʒɛm,uʒɛm,uʒɛm
u.ʒɛn,u.ʒɛn,uʒɛn,uʒɛn
u.ʒɛŋ,u.ʒɛŋ,uʒɛŋ,uʒɛŋ
u.ʒɛp,u.ʒɛp,uʒɛp,uʒɛp
u.ʒɛt,u.ʒɛt,uʒɛt,uʒɛt
u.ʒɛk,u.ʒɛk,uʒɛk,uʒɛk
u.ʒɛb,u.ʒɛb,uʒɛb,uʒɛb
u.ʒɛd,u.ʒɛd,uʒɛd,uʒɛd
u.ʒɛg,u.ʒɛg,uʒɛg,uʒɛg
u.ʒɛf,u.ʒɛf,uʒɛf,uʒɛf
u.ʒɛs,u.ʒɛs,uʒɛs,uʒɛs
u.ʒɛv,u.ʒɛv,uʒɛv,uʒɛv
u.ʒɛz,u.ʒɛz,uʒɛz,uʒɛz
u.ʒɛʃ,u.ʒɛʃ,uʒɛʃ,uʒɛʃ
u.ʒɛʒ,u.ʒɛʒ,uʒɛʒ,uʒɛʒ
u.ʒɛθ,u.ʒɛθ,uʒɛθ,uʒɛθ
u.ʒɛð,u.ʒɛð,uʒɛð,uʒɛð
u.θɛm,u.θɛm,uθɛm,uθɛm
u.θɛn,u.θɛn,uθɛn,uθɛn
u.θɛŋ,u.θɛŋ,uθɛŋ,uθɛŋ
u.θɛp,u.θɛp,uθɛp,uθɛp
u.θɛt,u.θɛt,uθɛt,uθɛt
u.θɛk,u.θɛk,uθɛk,uθɛk
u.θɛb,u.θɛb,uθɛb,uθɛb
u.θɛd,u.θɛd,uθɛd,uθɛd
u.θɛg,u.θɛg,uθɛg,uθɛg
u.θɛf,u.θɛf,uθɛf,uθɛf
u.θɛs,u.θɛs,uθɛs,uθɛs
u.θɛv,u.θɛv,uθɛv,uθɛv
u.θɛz,u.θɛz,uθɛz,uθɛz
u.θɛʃ,u.θɛʃ,uθɛʃ,uθɛʃ
u.θɛʒ,u.θɛʒ,uθɛʒ,uθɛʒ
u.θɛθ,u.θɛθ,uθɛθ,uθɛθ
u.θɛð,u.θɛð,uθɛð,uθɛð
u.ðɛm,u.ðɛm,uðɛm,uðɛm
u.ðɛn,u.ðɛn,uðɛn,uðɛn
u.ðɛŋ,u.ðɛŋ,uðɛŋ,uðɛŋ
u.ðɛp,u.ðɛp,uðɛp,uðɛp
u.ðɛt,u.ðɛt,uðɛt,uðɛt
u.ðɛk,u.ðɛk,uðɛk,uðɛk
u.ðɛb,u.ðɛb,uðɛb,uðɛb
u.ðɛd,u.ðɛd,uðɛd,uðɛd
u.ðɛg,u.ðɛg,uðɛg,uðɛg
u.ðɛf,u.ðɛf,uðɛf,uðɛf
u.ðɛs,u.ðɛs,uðɛs,uðɛs
u.ðɛv,u.ðɛv,uðɛv,uðɛv
u.ðɛz,u.ðɛz,uðɛz,uðɛz
u.ðɛʃ,u.ðɛʃ,uðɛʃ,uðɛʃ
u.ðɛʒ,u.ðɛʒ,uðɛʒ,uðɛʒ
u.ðɛθ,u.ðɛθ,uðɛθ,uðɛθ
u.ðɛð,u.ðɛð,uðɛð,uðɛð
u.hɛm,u.hɛm,uhɛm,uhɛm
u.hɛn,u.hɛn,uhɛn,uhɛn
u.hɛŋ,u.hɛŋ,uhɛŋ,uhɛŋ
u.hɛp,u.hɛp,uhɛp,uhɛp
u.hɛt,u.hɛt,uhɛt,uhɛt
u.hɛk,u.hɛk,uhɛk,uhɛk
u.hɛb,u.hɛb,uhɛb,uhɛb
u.hɛd,u.hɛd,uhɛd,uhɛd
u.hɛg,u.hɛg,uhɛg,uhɛg
u.hɛf,u.hɛf,uhɛf,uhɛf
u.hɛs,u.hɛs,uhɛs,uhɛs
u.hɛv,u.hɛv,uhɛv,uhɛv
u.hɛz,u.hɛz,uhɛz,uhɛz
u.hɛʃ,u.hɛʃ,uhɛʃ,uhɛʃ
u.hɛʒ,u.hɛʒ,uhɛʒ,uhɛʒ
u.hɛθ,u.hɛθ,uhɛθ,uhɛθ
u.hɛð,u.hɛð,uhɛð,uhɛð
u.mʊm,u.mʊm,umʊm,umʊm
u.mʊn,u.mʊn,umʊn,umʊn
u.mʊŋ,u.mʊŋ,umʊŋ,umʊŋ
u.mʊp,u.mʊp,umʊp,umʊp
u.mʊt,u.mʊt,umʊt,umʊt
u.mʊk,u.mʊk,umʊk,umʊk
u.mʊb,u.mʊb,umʊb,umʊb
u.mʊd,u.mʊd,umʊd,umʊd
u.mʊg,u.mʊg,umʊg,umʊg
u.mʊf,u.mʊf,umʊf,umʊf
u.mʊs,u.mʊs,umʊs,umʊs
u.mʊv,u.mʊv,umʊv,umʊv
u.mʊz,u.mʊz,umʊz,umʊz
u.mʊʃ,u.mʊʃ,umʊʃ,umʊʃ
u.mʊʒ,u.mʊʒ,umʊʒ,umʊʒ
u.mʊθ,u.mʊθ,umʊθ,umʊθ
u.mʊð,u.mʊð,umʊð,umʊð
u.nʊm,u.nʊm,unʊm,unʊm
u.nʊn,u.nʊn,unʊn,unʊn
u.nʊŋ,u.nʊŋ,unʊŋ,unʊŋ
u.nʊp,u.nʊp,unʊp,unʊp
u.nʊt,u.nʊt,unʊt,unʊt
u.nʊk,u.nʊk,unʊk,unʊk
u.nʊb,u.nʊb,unʊb,unʊb
u.nʊd,u.nʊd,unʊd,unʊd
u.nʊg,u.nʊg,unʊg,unʊg
u.nʊf,u.nʊf,unʊf,unʊf
u.nʊs,u.nʊs,unʊs,unʊs
u.nʊv,u.nʊv,unʊv,unʊv
u.nʊz,u.nʊz,unʊz,unʊz
u.nʊʃ,u.nʊʃ,unʊʃ,unʊʃ
u.nʊʒ,u.nʊʒ,unʊʒ,unʊʒ
u.nʊθ,u.nʊθ,unʊθ,unʊθ
u.nʊð,u.nʊð,unʊð,unʊð
u.pʊm,u.pʊm,upʊm,upʊm
u.pʊn,u.pʊn,upʊn,upʊn
u.pʊŋ,u.pʊŋ,upʊŋ,upʊŋ
u.pʊp,u.pʊp,upʊp,upʊp
u.pʊt,u.pʊt,upʊt,upʊt
u.pʊk,u.pʊk,upʊk,upʊk
u.pʊb,u.pʊb,upʊb,upʊb
u.pʊd,u.pʊd,upʊd,upʊd
u.pʊg,u.pʊg,upʊg,upʊg
u.pʊf,u.pʊf,upʊf,upʊf
u.pʊs,u.pʊs,upʊs,upʊs
u.pʊv,u.pʊv,upʊv,upʊv
u.pʊz,u.pʊz,upʊz,upʊz
u.pʊʃ,u.pʊʃ,upʊʃ,upʊʃ
u.pʊʒ,u.pʊʒ,upʊʒ,upʊʒ
u.pʊθ,u.pʊθ,upʊθ,upʊθ
u.pʊð,u.pʊð,upʊð,upʊð
u.tʊm,u.tʊm,utʊm,utʊm
u.tʊn,u.tʊn,utʊn,utʊn
u.tʊŋ,u.tʊŋ,utʊŋ,utʊŋ
u.tʊp,u.tʊp,utʊp,utʊp
u.tʊt,u.tʊt,utʊt,utʊt
u.tʊk,u.tʊk,utʊk,utʊk
u.tʊb,u.tʊb,utʊb,utʊb
u.tʊd,u.tʊd,utʊd,utʊd
u.tʊg,u.tʊg,utʊg,utʊg
u.tʊf,u.tʊf,utʊf,utʊf
u.tʊs,u.tʊs,utʊs,utʊs
u.tʊv,u.tʊv,utʊv,utʊv
u.tʊz,u.tʊz,utʊz,utʊz
u.tʊʃ,u.tʊʃ,utʊʃ,utʊʃ
u.tʊʒ,u.tʊʒ,utʊʒ,utʊʒ
u.tʊθ,u.tʊθ,utʊθ,utʊθ
u.tʊð,u.tʊð,utʊð,utʊð
u.kʊm,u.kʊm,ukʊm,ukʊm
u.kʊn,u.kʊn,ukʊn,ukʊn
u.kʊŋ,u.kʊŋ,ukʊŋ,ukʊŋ
u.kʊp,u.kʊp,ukʊp,ukʊp
u.kʊt,u.kʊt,ukʊt,ukʊt
u.kʊk,u.kʊk,ukʊk,ukʊk
u.kʊb,u.kʊb,ukʊb,ukʊb
u.kʊd,u.kʊd,ukʊd,ukʊd
u.kʊg,u.kʊg,ukʊg,ukʊg
u.kʊf,u.kʊf,ukʊf,ukʊf
u.kʊs,u.kʊs,ukʊs,ukʊs
u.kʊv,u.kʊv,ukʊv,ukʊv
u.kʊz,u.kʊz,ukʊz,ukʊz
u.kʊʃ,u.kʊʃ,ukʊʃ,ukʊʃ
u.kʊʒ,u.kʊʒ,ukʊʒ,ukʊʒ
u.kʊθ,u.kʊθ,ukʊθ,ukʊθ
u.kʊð,u.kʊð,ukʊð,ukʊð
u.bʊm,u.bʊm,ubʊm,ubʊm
u.bʊn,u.bʊn,ubʊn,ubʊn
u.bʊŋ,u.bʊŋ,ubʊŋ,ubʊŋ
u.bʊp,u.bʊp,ubʊp,ubʊp
u.bʊt,u.bʊt,ubʊt,ubʊt
u.bʊk,u.bʊk,ubʊk,ubʊk
u.bʊb,u.bʊb,ubʊb,ubʊb
u.bʊd,u.bʊd,ubʊd,ubʊd
u.bʊg,u.bʊg,ubʊg,ubʊg
u.bʊf,u.bʊf,ubʊf,ubʊf
u.bʊs,u.bʊs,ubʊs,ubʊs
u.bʊv,u.bʊv,ubʊv,ubʊv
u.bʊz,u.bʊz,ubʊz,ubʊz
u.bʊʃ,u.bʊʃ,ubʊʃ,ubʊʃ
u.bʊʒ,u.bʊʒ,ubʊʒ,ubʊʒ
u.bʊθ,u.bʊθ,ubʊθ,ubʊθ
u.bʊð,u.bʊð,ubʊð,ubʊð
u.dʊm,u.dʊm,udʊm,udʊm
u.dʊn,u.dʊn,udʊn,udʊn
u.dʊŋ,u.dʊŋ,udʊŋ,udʊŋ
u.dʊp,u.dʊp,udʊp,udʊp
u.dʊt,u.dʊt,udʊt,udʊt
u.dʊk,u.dʊk,udʊk,udʊk
u.dʊb,u.dʊb,udʊb,udʊb
u.dʊd,u.dʊd,udʊd,udʊd
u.dʊg,u.dʊg,udʊg,udʊg
u.dʊf,u.dʊf,udʊf,udʊf
u.dʊs,u.dʊs,udʊs,udʊs
u.dʊv,u.dʊv,udʊv,udʊv
u.dʊz,u.dʊz,udʊz,udʊz
u.dʊʃ,u.dʊʃ,udʊʃ,udʊʃ
u.dʊʒ,u.dʊʒ,udʊʒ,udʊʒ
u.dʊθ,u.dʊθ,udʊθ,udʊθ
u.dʊð,u.dʊð,udʊð,udʊð
u.gʊm,u.gʊm,ugʊm,ugʊm
u.gʊn,u.gʊn,ugʊn,ugʊn
u.gʊŋ,u.gʊŋ,ugʊŋ,ugʊŋ
u.gʊp,u.gʊp,ugʊp,ugʊp
u.gʊt,u.gʊt,ugʊt,ugʊt
u.gʊk,u.gʊk,ugʊk,ugʊk
u.gʊb,u.gʊb,ugʊb,ugʊb
u.gʊd,u.gʊd,ugʊd,ugʊd
u.gʊg,u.gʊg,ugʊg,ugʊg
u.gʊf,u.gʊf,ugʊf,ugʊf
u.gʊs,u.gʊs,ugʊs,ugʊs
u.gʊv,u.gʊv,ugʊv,ugʊv
u.gʊz,u.gʊz,ugʊz,ugʊz
u.gʊʃ,u.gʊʃ,ugʊʃ,ugʊʃ
u.gʊʒ,u.gʊʒ,ugʊʒ,ugʊʒ
u.gʊθ,u.gʊθ,ugʊθ,ugʊθ
u.gʊð,u.gʊð,ugʊð,ugʊð
u.fʊm,u.fʊm,ufʊm,ufʊm
u.fʊn,u.fʊn,ufʊn,ufʊn
u.fʊŋ,u.fʊŋ,ufʊŋ,ufʊŋ
u.fʊp,u.fʊp,ufʊp,ufʊp
u.fʊt,u.fʊt,ufʊt,ufʊt
u.fʊk,u.fʊk,ufʊk,ufʊk
u.fʊb,u.fʊb,ufʊb,ufʊb
u.fʊd,u.fʊd,ufʊd,ufʊd
u.fʊg,u.fʊg,ufʊg,ufʊg
u.fʊf,u.fʊf,ufʊf,ufʊf
u.fʊs,u.fʊs,ufʊs,ufʊs
u.fʊv,u.fʊv,ufʊv,ufʊv
u.fʊz,u.fʊz,ufʊz,ufʊz
u.fʊʃ,u.fʊʃ,ufʊʃ,ufʊʃ
u.fʊʒ,u.fʊʒ,ufʊʒ,ufʊʒ
u.fʊθ,u.fʊθ,ufʊθ,ufʊθ
u.fʊð,u.fʊð,ufʊð,ufʊð
u.sʊm,u.sʊm,usʊm,usʊm
u.sʊn,u.sʊn,usʊn,usʊn
u.sʊŋ,u.sʊŋ,usʊŋ,usʊŋ
u.sʊp,u.sʊp,usʊp,usʊp
u.sʊt,u.sʊt,usʊt,usʊt
u.sʊk,u.sʊk,usʊk,usʊk
u.sʊb,u.sʊb,usʊb,usʊb
u.sʊd,u.sʊd,usʊd,usʊd
u.sʊg,u.sʊg,usʊg,usʊg
u.sʊf,u.sʊf,usʊf,usʊf
u.sʊs,u.sʊs,usʊs,usʊs
u.sʊv,u.sʊv,usʊv,usʊv
u.sʊz,u.sʊz,usʊz,usʊz
u.sʊʃ,u.sʊʃ,usʊʃ,usʊʃ
u.sʊʒ,u.sʊʒ,usʊʒ,usʊʒ
u.sʊθ,u.sʊθ,usʊθ,usʊθ
u.sʊð,u.sʊð,usʊð,usʊð
u.vʊm,u.vʊm,uvʊm,uvʊm
u.vʊn,u.vʊn,uvʊn,uvʊn
u.vʊŋ,u.vʊŋ,uvʊŋ,uvʊŋ
u.vʊp,u.vʊp,uvʊp,uvʊp
u.vʊt,u.vʊt,uvʊt,uvʊt
u.vʊk,u.vʊk,uvʊk,uvʊk
u.vʊb,u.vʊb,uvʊb,uvʊb
u.vʊd,u.vʊd,uvʊd,uvʊd
u.vʊg,u.vʊg,uvʊg,uvʊg
u.vʊf,u.vʊf,uvʊf,uvʊf
u.vʊs,u.vʊs,uvʊs,uvʊs
u.vʊv,u.vʊv,uvʊv,uvʊv
u.vʊz,u.vʊz,uvʊz,uvʊz
u.vʊʃ,u.vʊʃ,uvʊʃ,uvʊʃ
u.vʊʒ,u.vʊʒ,uvʊʒ,uvʊʒ
u.vʊθ,u.vʊθ,uvʊθ,uvʊθ
u.vʊð,u.vʊð,uvʊð,uvʊð
u.zʊm,u.zʊm,uzʊm,uzʊm
u.zʊn,u.zʊn,uzʊn,uzʊn
u.zʊŋ,u.zʊŋ,uzʊŋ,uzʊŋ
u.zʊp,u.zʊp,uzʊp,uzʊp
u.zʊt,u.zʊt,uzʊt,uzʊt
u.zʊk,u.zʊk,uzʊk,uzʊk
u.zʊb,u.zʊb,uzʊb,uzʊb
u.zʊd,u.zʊd,uzʊd,uzʊd
u.zʊg,u.zʊg,uzʊg,uzʊg
u.zʊf,u.zʊf,uzʊf,uzʊf
u.zʊs,u.zʊs,uzʊs,uzʊs
u.zʊv,u.zʊv,uzʊv,uzʊv
u.zʊz,u.zʊz,uzʊz,uzʊz
u.zʊʃ,u.zʊʃ,uzʊʃ,uzʊʃ
u.zʊʒ,u.zʊʒ,uzʊʒ,uzʊʒ
u.zʊθ,u.zʊθ,uzʊθ,uzʊθ
u.zʊð,u.zʊð,uzʊð,uzʊð
u.ʃʊm,u.ʃʊm,uʃʊm,uʃʊm
u.ʃʊn,u.ʃʊn,uʃʊn,uʃʊn
u.ʃʊŋ,u.ʃʊŋ,uʃʊŋ,uʃʊŋ
u.ʃʊp,u.ʃʊp,uʃʊp,uʃʊp
u.ʃʊt,u.ʃʊt,uʃʊt,uʃʊt
u.ʃʊk,u.ʃʊk,uʃʊk,uʃʊk
u.ʃʊb,u.ʃʊb,uʃʊb,uʃʊb
u.ʃʊd,u.ʃʊd,uʃʊd,uʃʊd
u.ʃʊg,u.ʃʊg,uʃʊg,uʃʊg
u.ʃʊf,u.ʃʊf,uʃʊf,uʃʊf
u.ʃʊs,u.ʃʊs,uʃʊs,uʃʊs
u.ʃʊv,u.ʃʊv,uʃʊv,uʃʊv
u.ʃʊz,u.ʃʊz,uʃʊz,uʃʊz
u.ʃʊʃ,u.ʃʊʃ,uʃʊʃ,uʃʊʃ
u.ʃʊʒ,u.ʃʊʒ,uʃʊʒ,uʃʊʒ
u.ʃʊθ,u.ʃʊθ,uʃʊθ,uʃʊθ
u.ʃʊð,u.ʃʊð,uʃʊð,uʃʊð
u.ʒʊm,u.ʒʊm,uʒʊm,uʒʊm
u.ʒʊn,u.ʒʊn,uʒʊn,uʒʊn
u.ʒʊŋ,u.ʒʊŋ,uʒʊŋ,uʒʊŋ
u.ʒʊp,u.ʒʊp,uʒʊp,uʒʊp
u.ʒʊt,u.ʒʊt,uʒʊt,uʒʊt
u.ʒʊk,u.ʒʊk,uʒʊk,uʒʊk
u.ʒʊb,u.ʒʊb,uʒʊb,uʒʊb
u.ʒʊd,u.ʒʊd,uʒʊd,uʒʊd
u.ʒʊg,u.ʒʊg,uʒʊg,uʒʊg
u.ʒʊf,u.ʒʊf,uʒʊf,uʒʊf
u.ʒʊs,u.ʒʊs,uʒʊs,uʒʊs
u.ʒʊv,u.ʒʊv,uʒʊv,uʒʊv
u.ʒʊz,u.ʒʊz,uʒʊz,uʒʊz
u.ʒʊʃ,u.ʒʊʃ,uʒʊʃ,uʒʊʃ
u.ʒʊʒ,u.ʒʊʒ,uʒʊʒ,uʒʊʒ
u.ʒʊθ,u.ʒʊθ,uʒʊθ,uʒʊθ
u.ʒʊð,u.ʒʊð,uʒʊð,uʒʊð
u.θʊm,u.θʊm,uθʊm,uθʊm
u.θʊn,u.θʊn,uθʊn,uθʊn
u.θʊŋ,u.θʊŋ,uθʊŋ,uθʊŋ
u.θʊp,u.θʊp,uθʊp,uθʊp
u.θʊt,u.θʊt,uθʊt,uθʊt
u.θʊk,u.θʊk,uθʊk,uθʊk
u.θʊb,u.θʊb,uθʊb,uθʊb
u.θʊd,u.θʊd,uθʊd,uθʊd
u.θʊg,u.θʊg,uθʊg,uθʊg
u.θʊf,u.θʊf,uθʊf,uθʊf
u.θʊs,u.θʊs,uθʊs,uθʊs
u.θʊv,u.θʊv,uθʊv,uθʊv
u.θʊz,u.θʊz,uθʊz,uθʊz
u.θʊʃ,u.θʊʃ,uθʊʃ,uθʊʃ
u.θʊʒ,u.θʊʒ,uθʊʒ,uθʊʒ
u.θʊθ,u.θʊθ,uθʊθ,uθʊθ
u.θʊð,u.θʊð,uθʊð,uθʊð
u.ðʊm,u.ðʊm,uðʊm,uðʊm
u.ðʊn,u.ðʊn,uðʊn,uðʊn
u.ðʊŋ,u.ðʊŋ,uðʊŋ,uðʊŋ
u.ðʊp,u.ðʊp,uðʊp,uðʊp
u.ðʊt,u.ðʊt,uðʊt,uðʊt
u.ðʊk,u.ðʊk,uðʊk,uðʊk
u.ðʊb,u.ðʊb,uðʊb,uðʊb
u.ðʊd,u.ðʊd,uðʊd,uðʊd
u.ðʊg,u.ðʊg,uðʊg,uðʊg
u.ðʊf,u.ðʊf,uðʊf,uðʊf
u.ðʊs,u.ðʊs,uðʊs,uðʊs
u.ðʊv,u.ðʊv,uðʊv,uðʊv
u.ðʊz,u.ðʊz,uðʊz,uðʊz
u.ðʊʃ,u.ðʊʃ,uðʊʃ,uðʊʃ
u.ðʊʒ,u.ðʊʒ,uðʊʒ,uðʊʒ
u.ðʊθ,u.ðʊθ,uðʊθ,uðʊθ
u.ðʊð,u.ðʊð,uðʊð,uðʊð
u.hʊm,u.hʊm,uhʊm,uhʊm
u.hʊn,u.hʊn,uhʊn,uhʊn
u.hʊŋ,u.hʊŋ,uhʊŋ,uhʊŋ
u.hʊp,u.hʊp,uhʊp,uhʊp
u.hʊt,u.hʊt,uhʊt,uhʊt
u.hʊk,u.hʊk,uhʊk,uhʊk
u.hʊb,u.hʊb,uhʊb,uhʊb
u.hʊd,u.hʊd,uhʊd,uhʊd
u.hʊg,u.hʊg,uhʊg,uhʊg
u.hʊf,u.hʊf,uhʊf,uhʊf
u.hʊs,u.hʊs,uhʊs,uhʊs
u.hʊv,u.hʊv,uhʊv,uhʊv
u.hʊz,u.hʊz,uhʊz,uhʊz
u.hʊʃ,u.hʊʃ,uhʊʃ,uhʊʃ
u.hʊʒ,u.hʊʒ,uhʊʒ,uhʊʒ
u.hʊθ,u.hʊθ,uhʊθ,uhʊθ
u.hʊð,u.hʊð,uhʊð,uhʊð
u.mɔm,u.mɔm,umɔm,umɔm
u.mɔn,u.mɔn,umɔn,umɔn
u.mɔŋ,u.mɔŋ,umɔŋ,umɔŋ
u.mɔp,u.mɔp,umɔp,umɔp
u.mɔt,u.mɔt,umɔt,umɔt
u.mɔk,u.mɔk,umɔk,umɔk
u.mɔb,u.mɔb,umɔb,umɔb
u.mɔd,u.mɔd,umɔd,umɔd
u.mɔg,u.mɔg,umɔg,umɔg
u.mɔf,u.mɔf,umɔf,umɔf
u.mɔs,u.mɔs,umɔs,umɔs
u.mɔv,u.mɔv,umɔv,umɔv
u.mɔz,u.mɔz,umɔz,umɔz
u.mɔʃ,u.mɔʃ,umɔʃ,umɔʃ
u.mɔʒ,u.mɔʒ,umɔʒ,umɔʒ
u.mɔθ,u.mɔθ,umɔθ,umɔθ
u.mɔð,u.mɔð,umɔð,umɔð
u.nɔm,u.nɔm,unɔm,unɔm
u.nɔn,u.nɔn,unɔn,unɔn
u.nɔŋ,u.nɔŋ,unɔŋ,unɔŋ
u.nɔp,u.nɔp,unɔp,unɔp
u.nɔt,u.nɔt,unɔt,unɔt
u.nɔk,u.nɔk,unɔk,unɔk
u.nɔb,u.nɔb,unɔb,unɔb
u.nɔd,u.nɔd,unɔd,unɔd
u.nɔg,u.nɔg,unɔg,unɔg
u.nɔf,u.nɔf,unɔf,unɔf
u.nɔs,u.nɔs,unɔs,unɔs
u.nɔv,u.nɔv,unɔv,unɔv
u.nɔz,u.nɔz,unɔz,unɔz
u.nɔʃ,u.nɔʃ,unɔʃ,unɔʃ
u.nɔʒ,u.nɔʒ,unɔʒ,unɔʒ
u.nɔθ,u.nɔθ,unɔθ,unɔθ
u.nɔð,u.nɔð,unɔð,unɔð
u.pɔm,u.pɔm,upɔm,upɔm
u.pɔn,u.pɔn,upɔn,upɔn
u.pɔŋ,u.pɔŋ,upɔŋ,upɔŋ
u.pɔp,u.pɔp,upɔp,upɔp
u.pɔt,u.pɔt,upɔt,upɔt
u.pɔk,u.pɔk,upɔk,upɔk
u.pɔb,u.pɔb,upɔb,upɔb
u.pɔd,u.pɔd,upɔd,upɔd
u.pɔg,u.pɔg,upɔg,upɔg
u.pɔf,u.pɔf,upɔf,upɔf
u.pɔs,u.pɔs,upɔs,upɔs
u.pɔv,u.pɔv,upɔv,upɔv
u.pɔz,u.pɔz,upɔz,upɔz
u.pɔʃ,u.pɔʃ,upɔʃ,upɔʃ
u.pɔʒ,u.pɔʒ,upɔʒ,upɔʒ
u.pɔθ,u.pɔθ,upɔθ,upɔθ
u.pɔð,u.pɔð,upɔð,upɔð
u.tɔm,u.tɔm,utɔm,utɔm
u.tɔn,u.tɔn,utɔn,utɔn
u.tɔŋ,u.tɔŋ,utɔŋ,utɔŋ
u.tɔp,u.tɔp,utɔp,utɔp
u.tɔt,u.tɔt,utɔt,utɔt
u.tɔk,u.tɔk,utɔk,utɔk
u.tɔb,u.tɔb,utɔb,utɔb
u.tɔd,u.tɔd,utɔd,utɔd
u.tɔg,u.tɔg,utɔg,utɔg
u.tɔf,u.tɔf,utɔf,utɔf
u.tɔs,u.tɔs,utɔs,utɔs
u.tɔv,u.tɔv,utɔv,utɔv
u.tɔz,u.tɔz,utɔz,utɔz
u.tɔʃ,u.tɔʃ,utɔʃ,utɔʃ
u.tɔʒ,u.tɔʒ,utɔʒ,utɔʒ
u.tɔθ,u.tɔθ,utɔθ,utɔθ
u.tɔð,u.tɔð,utɔð,utɔð
u.kɔm,u.kɔm,ukɔm,ukɔm
u.kɔn,u.kɔn,ukɔn,ukɔn
u.kɔŋ,u.kɔŋ,ukɔŋ,ukɔŋ
u.kɔp,u.kɔp,ukɔp,ukɔp
u.kɔt,u.kɔt,ukɔt,ukɔt
u.kɔk,u.kɔk,ukɔk,ukɔk
u.kɔb,u.kɔb,ukɔb,ukɔb
u.kɔd,u.kɔd,ukɔd,ukɔd
u.kɔg,u.kɔg,ukɔg,ukɔg
u.kɔf,u.kɔf,ukɔf,ukɔf
u.kɔs,u.kɔs,ukɔs,ukɔs
u.kɔv,u.kɔv,ukɔv,ukɔv
u.kɔz,u.kɔz,ukɔz,ukɔz
u.kɔʃ,u.kɔʃ,ukɔʃ,ukɔʃ
u.kɔʒ,u.kɔʒ,ukɔʒ,ukɔʒ
u.kɔθ,u.kɔθ,ukɔθ,ukɔθ
u.kɔð,u.kɔð,ukɔð,ukɔð
u.bɔm,u.bɔm,ubɔm,ubɔm
u.bɔn,u.bɔn,ubɔn,ubɔn
u.bɔŋ,u.bɔŋ,ubɔŋ,ubɔŋ
u.bɔp,u.bɔp,ubɔp,ubɔp
u.bɔt,u.bɔt,ubɔt,ubɔt
u.bɔk,u.bɔk,ubɔk,ubɔk
u.bɔb,u.bɔb,ubɔb,ubɔb
u.bɔd,u.bɔd,ubɔd,ubɔd
u.bɔg,u.bɔg,ubɔg,ubɔg
u.bɔf,u.bɔf,ubɔf,ubɔf
u.bɔs,u.bɔs,ubɔs,ubɔs
u.bɔv,u.bɔv,ubɔv,ubɔv
u.bɔz,u.bɔz,ubɔz,ubɔz
u.bɔʃ,u.bɔʃ,ubɔʃ,ubɔʃ
u.bɔʒ,u.bɔʒ,ubɔʒ,ubɔʒ
u.bɔθ,u.bɔθ,ubɔθ,ubɔθ
u.bɔð,u.bɔð,ubɔð,ubɔð
u.dɔm,u.dɔm,udɔm,udɔm
u.dɔn,u.dɔn,udɔn,udɔn
u.dɔŋ,u.dɔŋ,udɔŋ,udɔŋ
u.dɔp,u.dɔp,udɔp,udɔp
u.dɔt,u.dɔt,udɔt,udɔt
u.dɔk,u.dɔk,udɔk,udɔk
u.dɔb,u.dɔb,udɔb,udɔb
u.dɔd,u.dɔd,udɔd,udɔd
u.dɔg,u.dɔg,udɔg,udɔg
u.dɔf,u.dɔf,udɔf,udɔf
u.dɔs,u.dɔs,udɔs,udɔs
u.dɔv,u.dɔv,udɔv,udɔv
u.dɔz,u.dɔz,udɔz,udɔz
u.dɔʃ,u.dɔʃ,udɔʃ,udɔʃ
u.dɔʒ,u.dɔʒ,udɔʒ,udɔʒ
u.dɔθ,u.dɔθ,udɔθ,udɔθ
u.dɔð,u.dɔð,udɔð,udɔð
u.gɔm,u.gɔm,ugɔm,ugɔm
u.gɔn,u.gɔn,ugɔn,ugɔn
u.gɔŋ,u.gɔŋ,ugɔŋ,ugɔŋ
u.gɔp,u.gɔp,ugɔp,ugɔp
u.gɔt,u.gɔt,ugɔt,ugɔt
u.gɔk,u.gɔk,ugɔk,ugɔk
u.gɔb,u.gɔb,ugɔb,ugɔb
u.gɔd,u.gɔd,ugɔd,ugɔd
u.gɔg,u.gɔg,ugɔg,ugɔg
u.gɔf,u.gɔf,ugɔf,ugɔf
u.gɔs,u.gɔs,ugɔs,ugɔs
u.gɔv,u.gɔv,ugɔv,ugɔv
u.gɔz,u.gɔz,ugɔz,ugɔz
u.gɔʃ,u.gɔʃ,ugɔʃ,ugɔʃ
u.gɔʒ,u.gɔʒ,ugɔʒ,ugɔʒ
u.gɔθ,u.gɔθ,ugɔθ,ugɔθ
u.gɔð,u.gɔð,ugɔð,ugɔð
u.fɔm,u.fɔm,ufɔm,ufɔm
u.fɔn,u.fɔn,ufɔn,ufɔn
u.fɔŋ,u.fɔŋ,ufɔŋ,ufɔŋ
u.fɔp,u.fɔp,ufɔp,ufɔp
u.fɔt,u.fɔt,ufɔt,ufɔt
u.fɔk,u.fɔk,ufɔk,ufɔk
u.fɔb,u.fɔb,ufɔb,ufɔb
u.fɔd,u.fɔd,ufɔd,ufɔd
u.fɔg,u.fɔg,ufɔg,ufɔg
u.fɔf,u.fɔf,ufɔf,ufɔf
u.fɔs,u.fɔs,ufɔs,ufɔs
u.fɔv,u.fɔv,ufɔv,ufɔv
u.fɔz,u.fɔz,ufɔz,ufɔz
u.fɔʃ,u.fɔʃ,ufɔʃ,ufɔʃ
u.fɔʒ,u.fɔʒ,ufɔʒ,ufɔʒ
u.fɔθ,u.fɔθ,ufɔθ,ufɔθ
u.fɔð,u.fɔð,ufɔð,ufɔð
u.sɔm,u.sɔm,usɔm,usɔm
u.sɔn,u.sɔn,usɔn,usɔn
u.sɔŋ,u.sɔŋ,usɔŋ,usɔŋ
u.sɔp,u.sɔp,usɔp,usɔp
u.sɔt,u.sɔt,usɔt,usɔt
u.sɔk,u.sɔk,usɔk,usɔk
u.sɔb,u.sɔb,usɔb,usɔb
u.sɔd,u.sɔd,usɔd,usɔd
u.sɔg,u.sɔg,usɔg,usɔg
u.sɔf,u.sɔf,usɔf,usɔf
u.sɔs,u.sɔs,usɔs,usɔs
u.sɔv,u.sɔv,usɔv,usɔv
u.sɔz,u.sɔz,usɔz,usɔz
u.sɔʃ,u.sɔʃ,usɔʃ,usɔʃ
u.sɔʒ,u.sɔʒ,usɔʒ,usɔʒ
u.sɔθ,u.sɔθ,usɔθ,usɔθ
u.sɔð,u.sɔð,usɔð,usɔð
u.vɔm,u.vɔm,uvɔm,uvɔm
u.vɔn,u.vɔn,uvɔn,uvɔn
u.vɔŋ,u.vɔŋ,uvɔŋ,uvɔŋ
u.vɔp,u.vɔp,uvɔp,uvɔp
u.vɔt,u.vɔt,uvɔt,uvɔt
u.vɔk,u.vɔk,uvɔk,uvɔk
u.vɔb,u.vɔb,uvɔb,uvɔb
u.vɔd,u.vɔd,uvɔd,uvɔd
u.vɔg,u.vɔg,uvɔg,uvɔg
u.vɔf,u.vɔf,uvɔf,uvɔf
u.vɔs,u.vɔs,uvɔs,uvɔs
u.vɔv,u.vɔv,uvɔv,uvɔv
u.vɔz,u.vɔz,uvɔz,uvɔz
u.vɔʃ,u.vɔʃ,uvɔʃ,uvɔʃ
u.vɔʒ,u.vɔʒ,uvɔʒ,uvɔʒ
u.vɔθ,u.vɔθ,uvɔθ,uvɔθ
u.vɔð,u.vɔð,uvɔð,uvɔð
u.zɔm,u.zɔm,uzɔm,uzɔm
u.zɔn,u.zɔn,uzɔn,uzɔn
u.zɔŋ,u.zɔŋ,uzɔŋ,uzɔŋ
u.zɔp,u.zɔp,uzɔp,uzɔp
u.zɔt,u.zɔt,uzɔt,uzɔt
u.zɔk,u.zɔk,uzɔk,uzɔk
u.zɔb,u.zɔb,uzɔb,uzɔb
u.zɔd,u.zɔd,uzɔd,uzɔd
u.zɔg,u.zɔg,uzɔg,uzɔg
u.zɔf,u.zɔf,uzɔf,uzɔf
u.zɔs,u.zɔs,uzɔs,uzɔs
u.zɔv,u.zɔv,uzɔv,uzɔv
u.zɔz,u.zɔz,uzɔz,uzɔz
u.zɔʃ,u.zɔʃ,uzɔʃ,uzɔʃ
u.zɔʒ,u.zɔʒ,uzɔʒ,uzɔʒ
u.zɔθ,u.zɔθ,uzɔθ,uzɔθ
u.zɔð,u.zɔð,uzɔð,uzɔð
u.ʃɔm,u.ʃɔm,uʃɔm,uʃɔm
u.ʃɔn,u.ʃɔn,uʃɔn,uʃɔn
u.ʃɔŋ,u.ʃɔŋ,uʃɔŋ,uʃɔŋ
u.ʃɔp,u.ʃɔp,uʃɔp,uʃɔp
u.ʃɔt,u.ʃɔt,uʃɔt,uʃɔt
u.ʃɔk,u.ʃɔk,uʃɔk,uʃɔk
u.ʃɔb,u.ʃɔb,uʃɔb,uʃɔb
u.ʃɔd,u.ʃɔd,uʃɔd,uʃɔd
u.ʃɔg,u.ʃɔg,uʃɔg,uʃɔg
u.ʃɔf,u.ʃɔf,uʃɔf,uʃɔf
u.ʃɔs,u.ʃɔs,uʃɔs,uʃɔs
u.ʃɔv,u.ʃɔv,uʃɔv,uʃɔv
u.ʃɔz,u.ʃɔz,uʃɔz,uʃɔz
u.ʃɔʃ,u.ʃɔʃ,uʃɔʃ,uʃɔʃ
u.ʃɔʒ,u.ʃɔʒ,uʃɔʒ,uʃɔʒ
u.ʃɔθ,u.ʃɔθ,uʃɔθ,uʃɔθ
u.ʃɔð,u.ʃɔð,uʃɔð,uʃɔð
u.ʒɔm,u.ʒɔm,uʒɔm,uʒɔm
u.ʒɔn,u.ʒɔn,uʒɔn,uʒɔn
u.ʒɔŋ,u.ʒɔŋ,uʒɔŋ,uʒɔŋ
u.ʒɔp,u.ʒɔp,uʒɔp,uʒɔp
u.ʒɔt,u.ʒɔt,uʒɔt,uʒɔt
u.ʒɔk,u.ʒɔk,uʒɔk,uʒɔk
u.ʒɔb,u.ʒɔb,uʒɔb,uʒɔb
u.ʒɔd,u.ʒɔd,uʒɔd,uʒɔd
u.ʒɔg,u.ʒɔg,uʒɔg,uʒɔg
u.ʒɔf,u.ʒɔf,uʒɔf,uʒɔf
u.ʒɔs,u.ʒɔs,uʒɔs,uʒɔs
u.ʒɔv,u.ʒɔv,uʒɔv,uʒɔv
u.ʒɔz,u.ʒɔz,uʒɔz,uʒɔz
u.ʒɔʃ,u.ʒɔʃ,uʒɔʃ,uʒɔʃ
u.ʒɔʒ,u.ʒɔʒ,uʒɔʒ,uʒɔʒ
u.ʒɔθ,u.ʒɔθ,uʒɔθ,uʒɔθ
u.ʒɔð,u.ʒɔð,uʒɔð,uʒɔð
u.θɔm,u.θɔm,uθɔm,uθɔm
u.θɔn,u.θɔn,uθɔn,uθɔn
u.θɔŋ,u.θɔŋ,uθɔŋ,uθɔŋ
u.θɔp,u.θɔp,uθɔp,uθɔp
u.θɔt,u.θɔt,uθɔt,uθɔt
u.θɔk,u.θɔk,uθɔk,uθɔk
u.θɔb,u.θɔb,uθɔb,uθɔb
u.θɔd,u.θɔd,uθɔd,uθɔd
u.θɔg,u.θɔg,uθɔg,uθɔg
u.θɔf,u.θɔf,uθɔf,uθɔf
u.θɔs,u.θɔs,uθɔs,uθɔs
u.θɔv,u.θɔv,uθɔv,uθɔv
u.θɔz,u.θɔz,uθɔz,uθɔz
u.θɔʃ,u.θɔʃ,uθɔʃ,uθɔʃ
u.θɔʒ,u.θɔʒ,uθɔʒ,uθɔʒ
u.θɔθ,u.θɔθ,uθɔθ,uθɔθ
u.θɔð,u.θɔð,uθɔð,uθɔð
u.ðɔm,u.ðɔm,uðɔm,uðɔm
u.ðɔn,u.ðɔn,uðɔn,uðɔn
u.ðɔŋ,u.ðɔŋ,uðɔŋ,uðɔŋ
u.ðɔp,u.ðɔp,uðɔp,uðɔp
u.ðɔt,u.ðɔt,uðɔt,uðɔt
u.ðɔk,u.ðɔk,uðɔk,uðɔk
u.ðɔb,u.ðɔb,uðɔb,uðɔb
u.ðɔd,u.ðɔd,uðɔd,uðɔd
u.ðɔg,u.ðɔg,uðɔg,uðɔg
u.ðɔf,u.ðɔf,uðɔf,uðɔf
u.ðɔs,u.ðɔs,uðɔs,uðɔs
u.ðɔv,u.ðɔv,uðɔv,uðɔv
u.ðɔz,u.ðɔz,uðɔz,uðɔz
u.ðɔʃ,u.ðɔʃ,uðɔʃ,uðɔʃ
u.ðɔʒ,u.ðɔʒ,uðɔʒ,uðɔʒ
u.ðɔθ,u.ðɔθ,uðɔθ,uðɔθ
u.ðɔð,u.ðɔð,uðɔð,uðɔð
u.hɔm,u.hɔm,uhɔm,uhɔm
u.hɔn,u.hɔn,uhɔn,uhɔn
u.hɔŋ,u.hɔŋ,uhɔŋ,uhɔŋ
u.hɔp,u.hɔp,uhɔp,uhɔp
u.hɔt,u.hɔt,uhɔt,uhɔt
u.hɔk,u.hɔk,uhɔk,uhɔk
u.hɔb,u.hɔb,uhɔb,uhɔb
u.hɔd,u.hɔd,uhɔd,uhɔd
u.hɔg,u.hɔg,uhɔg,uhɔg
u.hɔf,u.hɔf,uhɔf,uhɔf
u.hɔs,u.hɔs,uhɔs,uhɔs
u.hɔv,u.hɔv,uhɔv,uhɔv
u.hɔz,u.hɔz,uhɔz,uhɔz
u.hɔʃ,u.hɔʃ,uhɔʃ,uhɔʃ
u.hɔʒ,u.hɔʒ,uhɔʒ,uhɔʒ
u.hɔθ,u.hɔθ,uhɔθ,uhɔθ
u.hɔð,u.hɔð,uhɔð,uhɔð
o.mɪm,o.mɪm,omɪm,omɪm
o.mɪn,o.mɪn,omɪn,omɪn
o.mɪŋ,o.mɪŋ,omɪŋ,omɪŋ
o.mɪp,o.mɪp,omɪp,omɪp
o.mɪt,o.mɪt,omɪt,omɪt
o.mɪk,o.mɪk,omɪk,omɪk
o.mɪb,o.mɪb,omɪb,omɪb
o.mɪd,o.mɪd,omɪd,omɪd
o.mɪg,o.mɪg,omɪg,omɪg
o.mɪf,o.mɪf,omɪf,omɪf
o.mɪs,o.mɪs,omɪs,omɪs
o.mɪv,o.mɪv,omɪv,omɪv
o.mɪz,o.mɪz,omɪz,omɪz
o.mɪʃ,o.mɪʃ,omɪʃ,omɪʃ
o.mɪʒ,o.mɪʒ,omɪʒ,omɪʒ
o.mɪθ,o.mɪθ,omɪθ,omɪθ
o.mɪð,o.mɪð,omɪð,omɪð
o.nɪm,o.nɪm,onɪm,onɪm
o.nɪn,o.nɪn,onɪn,onɪn
o.nɪŋ,o.nɪŋ,onɪŋ,onɪŋ
o.nɪp,o.nɪp,onɪp,onɪp
o.nɪt,o.nɪt,onɪt,onɪt
o.nɪk,o.nɪk,onɪk,onɪk
o.nɪb,o.nɪb,onɪb,onɪb
o.nɪd,o.nɪd,onɪd,onɪd
o.nɪg,o.nɪg,onɪg,onɪg
o.nɪf,o.nɪf,onɪf,onɪf
o.nɪs,o.nɪs,onɪs,onɪs
o.nɪv,o.nɪv,onɪv,onɪv
o.nɪz,o.nɪz,onɪz,onɪz
o.nɪʃ,o.nɪʃ,onɪʃ,onɪʃ
o.nɪʒ,o.nɪʒ,onɪʒ,onɪʒ
o.nɪθ,o.nɪθ,onɪθ,onɪθ
o.nɪð,o.nɪð,onɪð,onɪð
o.pɪm,o.pɪm,opɪm,opɪm
o.pɪn,o.pɪn,opɪn,opɪn
o.pɪŋ,o.pɪŋ,opɪŋ,opɪŋ
o.pɪp,o.pɪp,opɪp,opɪp
o.pɪt,o.pɪt,opɪt,opɪt
o.pɪk,o.pɪk,opɪk,opɪk
o.pɪb,o.pɪb,opɪb,opɪb
o.pɪd,o.pɪd,opɪd,opɪd
o.pɪg,o.pɪg,opɪg,opɪg
o.pɪf,o.pɪf,opɪf,opɪf
o.pɪs,o.pɪs,opɪs,opɪs
o.pɪv,o.pɪv,opɪv,opɪv
o.pɪz,o.pɪz,opɪz,opɪz
o.pɪʃ,o.pɪʃ,opɪʃ,opɪʃ
o.pɪʒ,o.pɪʒ,opɪʒ,opɪʒ
o.pɪθ,o.pɪθ,opɪθ,opɪθ
o.pɪð,o.pɪð,opɪð,opɪð
o.tɪm,o.tɪm,otɪm,otɪm
o.tɪn,o.tɪn,otɪn,otɪn
o.tɪŋ,o.tɪŋ,otɪŋ,otɪŋ
o.tɪp,o.tɪp,otɪp,otɪp
o.tɪt,o.tɪt,otɪt,otɪt
o.tɪk,o.tɪk,otɪk,otɪk
o.tɪb,o.tɪb,otɪb,otɪb
o.tɪd,o.tɪd,otɪd,otɪd
o.tɪg,o.tɪg,otɪg,otɪg
o.tɪf,o.tɪf,otɪf,otɪf
o.tɪs,o.tɪs,otɪs,otɪs
o.tɪv,o.tɪv,otɪv,otɪv
o.tɪz,o.tɪz,otɪz,otɪz
o.tɪʃ,o.tɪʃ,otɪʃ,otɪʃ
o.tɪʒ,o.tɪʒ,otɪʒ,otɪʒ
o.tɪθ,o.tɪθ,otɪθ,otɪθ
o.tɪð,o.tɪð,otɪð,otɪð
o.kɪm,o.kɪm,okɪm,okɪm
o.kɪn,o.kɪn,okɪn,okɪn
o.kɪŋ,o.kɪŋ,okɪŋ,okɪŋ
o.kɪp,o.kɪp,okɪp,okɪp
o.kɪt,o.kɪt,okɪt,okɪt
o.kɪk,o.kɪk,okɪk,okɪk
o.kɪb,o.kɪb,okɪb,okɪb
o.kɪd,o.kɪd,okɪd,okɪd
o.kɪg,o.kɪg,okɪg,okɪg
o.kɪf,o.kɪf,okɪf,okɪf
o.kɪs,o.kɪs,okɪs,okɪs
o.kɪv,o.kɪv,okɪv,okɪv
o.kɪz,o.kɪz,okɪz,okɪz
o.kɪʃ,o.kɪʃ,okɪʃ,okɪʃ
o.kɪʒ,o.kɪʒ,okɪʒ,okɪʒ
o.kɪθ,o.kɪθ,okɪθ,okɪθ
o.kɪð,o.kɪð,okɪð,okɪð
o.bɪm,o.bɪm,obɪm,obɪm
o.bɪn,o.bɪn,obɪn,obɪn
o.bɪŋ,o.bɪŋ,obɪŋ,obɪŋ
o.bɪp,o.bɪp,obɪp,obɪp
o.bɪt,o.bɪt,obɪt,obɪt
o.bɪk,o.bɪk,obɪk,obɪk
o.bɪb,o.bɪb,obɪb,obɪb
o.bɪd,o.bɪd,obɪd,obɪd
o.bɪg,o.bɪg,obɪg,obɪg
o.bɪf,o.bɪf,obɪf,obɪf
o.bɪs,o.bɪs,obɪs,obɪs
o.bɪv,o.bɪv,obɪv,obɪv
o.bɪz,o.bɪz,obɪz,obɪz
o.bɪʃ,o.bɪʃ,obɪʃ,obɪʃ
o.bɪʒ,o.bɪʒ,obɪʒ,obɪʒ
o.bɪθ,o.bɪθ,obɪθ,obɪθ
o.bɪð,o.bɪð,obɪð,obɪð
o.dɪm,o.dɪm,odɪm,odɪm
o.dɪn,o.dɪn,odɪn,odɪn
o.dɪŋ,o.dɪŋ,odɪŋ,odɪŋ
o.dɪp,o.dɪp,odɪp,odɪp
o.dɪt,o.dɪt,odɪt,odɪt
o.dɪk,o.dɪk,odɪk,odɪk
o.dɪb,o.dɪb,odɪb,odɪb
o.dɪd,o.dɪd,odɪd,odɪd
o.dɪg,o.dɪg,odɪg,odɪg
o.dɪf,o.dɪf,odɪf,odɪf
o.dɪs,o.dɪs,odɪs,odɪs
o.dɪv,o.dɪv,odɪv,odɪv
o.dɪz,o.dɪz,odɪz,odɪz
o.dɪʃ,o.dɪʃ,odɪʃ,odɪʃ
o.dɪʒ,o.dɪʒ,odɪʒ,odɪʒ
o.dɪθ,o.dɪθ,odɪθ,odɪθ
o.dɪð,o.dɪð,odɪð,odɪð
o.gɪm,o.gɪm,ogɪm,ogɪm
o.gɪn,o.gɪn,ogɪn,ogɪn
o.gɪŋ,o.gɪŋ,ogɪŋ,ogɪŋ
o.gɪp,o.gɪp,ogɪp,ogɪp
o.gɪt,o.gɪt,ogɪt,ogɪt
o.gɪk,o.gɪk,ogɪk,ogɪk
o.gɪb,o.gɪb,ogɪb,ogɪb
o.gɪd,o.gɪd,ogɪd,ogɪd
o.gɪg,o.gɪg,ogɪg,ogɪg
o.gɪf,o.gɪf,ogɪf,ogɪf
o.gɪs,o.gɪs,ogɪs,ogɪs
o.gɪv,o.gɪv,ogɪv,ogɪv
o.gɪz,o.gɪz,ogɪz,ogɪz
o.gɪʃ,o.gɪʃ,ogɪʃ,ogɪʃ
o.gɪʒ,o.gɪʒ,ogɪʒ,ogɪʒ
o.gɪθ,o.gɪθ,ogɪθ,ogɪθ
o.gɪð,o.gɪð,ogɪð,ogɪð
o.fɪm,o.fɪm,ofɪm,ofɪm
o.fɪn,o.fɪn,ofɪn,ofɪn
o.fɪŋ,o.fɪŋ,ofɪŋ,ofɪŋ
o.fɪp,o.fɪp,ofɪp,ofɪp
o.fɪt,o.fɪt,ofɪt,ofɪt
o.fɪk,o.fɪk,ofɪk,ofɪk
o.fɪb,o.fɪb,ofɪb,ofɪb
o.fɪd,o.fɪd,ofɪd,ofɪd
o.fɪg,o.fɪg,ofɪg,ofɪg
o.fɪf,o.fɪf,ofɪf,ofɪf
o.fɪs,o.fɪs,ofɪs,ofɪs
o.fɪv,o.fɪv,ofɪv,ofɪv
o.fɪz,o.fɪz,ofɪz,ofɪz
o.fɪʃ,o.fɪʃ,ofɪʃ,ofɪʃ
o.fɪʒ,o.fɪʒ,ofɪʒ,ofɪʒ
o.fɪθ,o.fɪθ,ofɪθ,ofɪθ
o.fɪð,o.fɪð,ofɪð,ofɪð
o.sɪm,o.sɪm,osɪm,osɪm
o.sɪn,o.sɪn,osɪn,osɪn
o.sɪŋ,o.sɪŋ,osɪŋ,osɪŋ
o.sɪp,o.sɪp,osɪp,osɪp
o.sɪt,o.sɪt,osɪt,osɪt
o.sɪk,o.sɪk,osɪk,osɪk
o.sɪb,o.sɪb,osɪb,osɪb
o.sɪd,o.sɪd,osɪd,osɪd
o.sɪg,o.sɪg,osɪg,osɪg
o.sɪf,o.sɪf,osɪf,osɪf
o.sɪs,o.sɪs,osɪs,osɪs
o.sɪv,o.sɪv,osɪv,osɪv
o.sɪz,o.sɪz,osɪz,osɪz
o.sɪʃ,o.sɪʃ,osɪʃ,osɪʃ
o.sɪʒ,o.sɪʒ,osɪʒ,osɪʒ
o.sɪθ,o.sɪθ,osɪθ,osɪθ
o.sɪð,o.sɪð,osɪð,osɪð
o.vɪm,o.vɪm,ovɪm,ovɪm
o.vɪn,o.vɪn,ovɪn,ovɪn
o.vɪŋ,o.vɪŋ,ovɪŋ,ovɪŋ
o.vɪp,o.vɪp,ovɪp,ovɪp
o.vɪt,o.vɪt,ovɪt,ovɪt
o.vɪk,o.vɪk,ovɪk,ovɪk
o.vɪb,o.vɪb,ovɪb,ovɪb
o.vɪd,o.vɪd,ovɪd,ovɪd
o.vɪg,o.vɪg,ovɪg,ovɪg
o.vɪf,o.vɪf,ovɪf,ovɪf
o.vɪs,o.vɪs,ovɪs,ovɪs
o.vɪv,o.vɪv,ovɪv,ovɪv
o.vɪz,o.vɪz,ovɪz,ovɪz
o.vɪʃ,o.vɪʃ,ovɪʃ,ovɪʃ
o.vɪʒ,o.vɪʒ,ovɪʒ,ovɪʒ
o.vɪθ,o.vɪθ,ovɪθ,ovɪθ
o.vɪð,o.vɪð,ovɪð,ovɪð
o.zɪm,o.zɪm,ozɪm,ozɪm
o.zɪn,o.zɪn,ozɪn,ozɪn
o.zɪŋ,o.zɪŋ,ozɪŋ,ozɪŋ
o.zɪp,o.zɪp,ozɪp,ozɪp
o.zɪt,o.zɪt,ozɪt,ozɪt
o.zɪk,o.zɪk,ozɪk,ozɪk
o.zɪb,o.zɪb,ozɪb,ozɪb
o.zɪd,o.zɪd,ozɪd,ozɪd
o.zɪg,o.zɪg,ozɪg,ozɪg
o.zɪf,o.zɪf,ozɪf,ozɪf
o.zɪs,o.zɪs,ozɪs,ozɪs
o.zɪv,o.zɪv,ozɪv,ozɪv
o.zɪz,o.zɪz,ozɪz,ozɪz
o.zɪʃ,o.zɪʃ,ozɪʃ,ozɪʃ
o.zɪʒ,o.zɪʒ,ozɪʒ,ozɪʒ
o.zɪθ,o.zɪθ,ozɪθ,ozɪθ
o.zɪð,o.zɪð,ozɪð,ozɪð
o.ʃɪm,o.ʃɪm,oʃɪm,oʃɪm
o.ʃɪn,o.ʃɪn,oʃɪn,oʃɪn
o.ʃɪŋ,o.ʃɪŋ,oʃɪŋ,oʃɪŋ
o.ʃɪp,o.ʃɪp,oʃɪp,oʃɪp
o.ʃɪt,o.ʃɪt,oʃɪt,oʃɪt
o.ʃɪk,o.ʃɪk,oʃɪk,oʃɪk
o.ʃɪb,o.ʃɪb,oʃɪb,oʃɪb
o.ʃɪd,o.ʃɪd,oʃɪd,oʃɪd
o.ʃɪg,o.ʃɪg,oʃɪg,oʃɪg
o.ʃɪf,o.ʃɪf,oʃɪf,oʃɪf
o.ʃɪs,o.ʃɪs,oʃɪs,oʃɪs
o.ʃɪv,o.ʃɪv,oʃɪv,oʃɪv
o.ʃɪz,o.ʃɪz,oʃɪz,oʃɪz
o.ʃɪʃ,o.ʃɪʃ,oʃɪʃ,oʃɪʃ
o.ʃɪʒ,o.ʃɪʒ,oʃɪʒ,oʃɪʒ
o.ʃɪθ,o.ʃɪθ,oʃɪθ,oʃɪθ
o.ʃɪð,o.ʃɪð,oʃɪð,oʃɪð
o.ʒɪm,o.ʒɪm,oʒɪm,oʒɪm
o.ʒɪn,o.ʒɪn,oʒɪn,oʒɪn
o.ʒɪŋ,o.ʒɪŋ,oʒɪŋ,oʒɪŋ
o.ʒɪp,o.ʒɪp,oʒɪp,oʒɪp
o.ʒɪt,o.ʒɪt,oʒɪt,oʒɪt
o.ʒɪk,o.ʒɪk,oʒɪk,oʒɪk
o.ʒɪb,o.ʒɪb,oʒɪb,oʒɪb
o.ʒɪd,o.ʒɪd,oʒɪd,oʒɪd
o.ʒɪg,o.ʒɪg,oʒɪg,oʒɪg
o.ʒɪf,o.ʒɪf,oʒɪf,oʒɪf
o.ʒɪs,o.ʒɪs,oʒɪs,oʒɪs
o.ʒɪv,o.ʒɪv,oʒɪv,oʒɪv
o.ʒɪz,o.ʒɪz,oʒɪz,oʒɪz
o.ʒɪʃ,o.ʒɪʃ,oʒɪʃ,oʒɪʃ
o.ʒɪʒ,o.ʒɪʒ,oʒɪʒ,oʒɪʒ
o.ʒɪθ,o.ʒɪθ,oʒɪθ,oʒɪθ
o.ʒɪð,o.ʒɪð,oʒɪð,oʒɪð
o.θɪm,o.θɪm,oθɪm,oθɪm
o.θɪn,o.θɪn,oθɪn,oθɪn
o.θɪŋ,o.θɪŋ,oθɪŋ,oθɪŋ
o.θɪp,o.θɪp,oθɪp,oθɪp
o.θɪt,o.θɪt,oθɪt,oθɪt
o.θɪk,o.θɪk,oθɪk,oθɪk
o.θɪb,o.θɪb,oθɪb,oθɪb
o.θɪd,o.θɪd,oθɪd,oθɪd
o.θɪg,o.θɪg,oθɪg,oθɪg
o.θɪf,o.θɪf,oθɪf,oθɪf
o.θɪs,o.θɪs,oθɪs,oθɪs
o.θɪv,o.θɪv,oθɪv,oθɪv
o.θɪz,o.θɪz,oθɪz,oθɪz
o.θɪʃ,o.θɪʃ,oθɪʃ,oθɪʃ
o.θɪʒ,o.θɪʒ,oθɪʒ,oθɪʒ
o.θɪθ,o.θɪθ,oθɪθ,oθɪθ
o.θɪð,o.θɪð,oθɪð,oθɪð
o.ðɪm,o.ðɪm,oðɪm,oðɪm
o.ðɪn,o.ðɪn,oðɪn,oðɪn
o.ðɪŋ,o.ðɪŋ,oðɪŋ,oðɪŋ
o.ðɪp,o.ðɪp,oðɪp,oðɪp
o.ðɪt,o.ðɪt,oðɪt,oðɪt
o.ðɪk,o.ðɪk,oðɪk,oðɪk
o.ðɪb,o.ðɪb,oðɪb,oðɪb
o.ðɪd,o.ðɪd,oðɪd,oðɪd
o.ðɪg,o.ðɪg,oðɪg,oðɪg
o.ðɪf,o.ðɪf,oðɪf,oðɪf
o.ðɪs,o.ðɪs,oðɪs,oðɪs
o.ðɪv,o.ðɪv,oðɪv,oðɪv
o.ðɪz,o.ðɪz,oðɪz,oðɪz
o.ðɪʃ,o.ðɪʃ,oðɪʃ,oðɪʃ
o.ðɪʒ,o.ðɪʒ,oðɪʒ,oðɪʒ
o.ðɪθ,o.ðɪθ,oðɪθ,oðɪθ
o.ðɪð,o.ðɪð,oðɪð,oðɪð
o.hɪm,o.hɪm,ohɪm,ohɪm
o.hɪn,o.hɪn,ohɪn,ohɪn
o.hɪŋ,o.hɪŋ,ohɪŋ,ohɪŋ
o.hɪp,o.hɪp,ohɪp,ohɪp
o.hɪt,o.hɪt,ohɪt,ohɪt
o.hɪk,o.hɪk,ohɪk,ohɪk
o.hɪb,o.hɪb,ohɪb,ohɪb
o.hɪd,o.hɪd,ohɪd,ohɪd
o.hɪg,o.hɪg,ohɪg,ohɪg
o.hɪf,o.hɪf,ohɪf,ohɪf
o.hɪs,o.hɪs,ohɪs,ohɪs
o.hɪv,o.hɪv,ohɪv,ohɪv
o.hɪz,o.hɪz,ohɪz,ohɪz
o.hɪʃ,o.hɪʃ,ohɪʃ,ohɪʃ
o.hɪʒ,o.hɪʒ,ohɪʒ,ohɪʒ
o.hɪθ,o.hɪθ,ohɪθ,ohɪθ
o.hɪð,o.hɪð,ohɪð,ohɪð
o.mɛm,o.mɛm,omɛm,omɛm
o.mɛn,o.mɛn,omɛn,omɛn
o.mɛŋ,o.mɛŋ,omɛŋ,omɛŋ
o.mɛp,o.mɛp,omɛp,omɛp
o.mɛt,o.mɛt,omɛt,omɛt
o.mɛk,o.mɛk,omɛk,omɛk
o.mɛb,o.mɛb,omɛb,omɛb
o.mɛd,o.mɛd,omɛd,omɛd
o.mɛg,o.mɛg,omɛg,omɛg
o.mɛf,o.mɛf,omɛf,omɛf
o.mɛs,o.mɛs,omɛs,omɛs
o.mɛv,o.mɛv,omɛv,omɛv
o.mɛz,o.mɛz,omɛz,omɛz
o.mɛʃ,o.mɛʃ,omɛʃ,omɛʃ
o.mɛʒ,o.mɛʒ,omɛʒ,omɛʒ
o.mɛθ,o.mɛθ,omɛθ,omɛθ
o.mɛð,o.mɛð,omɛð,omɛð
o.nɛm,o.nɛm,onɛm,onɛm
o.nɛn,o.nɛn,onɛn,onɛn
o.nɛŋ,o.nɛŋ,onɛŋ,onɛŋ
o.nɛp,o.nɛp,onɛp,onɛp
o.nɛt,o.nɛt,onɛt,onɛt
o.nɛk,o.nɛk,onɛk,onɛk
o.nɛb,o.nɛb,onɛb,onɛb
o.nɛd,o.nɛd,onɛd,onɛd
o.nɛg,o.nɛg,onɛg,onɛg
o.nɛf,o.nɛf,onɛf,onɛf
o.nɛs,o.nɛs,onɛs,onɛs
o.nɛv,o.nɛv,onɛv,onɛv
o.nɛz,o.nɛz,onɛz,onɛz
o.nɛʃ,o.nɛʃ,onɛʃ,onɛʃ
o.nɛʒ,o.nɛʒ,onɛʒ,onɛʒ
o.nɛθ,o.nɛθ,onɛθ,onɛθ
o.nɛð,o.nɛð,onɛð,onɛð
o.pɛm,o.pɛm,opɛm,opɛm
o.pɛn,o.pɛn,opɛn,opɛn
o.pɛŋ,o.pɛŋ,opɛŋ,opɛŋ
o.pɛp,o.pɛp,opɛp,opɛp
o.pɛt,o.pɛt,opɛt,opɛt
o.pɛk,o.pɛk,opɛk,opɛk
o.pɛb,o.pɛb,opɛb,opɛb
o.pɛd,o.pɛd,opɛd,opɛd
o.pɛg,o.pɛg,opɛg,opɛg
o.pɛf,o.pɛf,opɛf,opɛf
o.pɛs,o.pɛs,opɛs,opɛs
o.pɛv,o.pɛv,opɛv,opɛv
o.pɛz,o.pɛz,opɛz,opɛz
o.pɛʃ,o.pɛʃ,opɛʃ,opɛʃ
o.pɛʒ,o.pɛʒ,opɛʒ,opɛʒ
o.pɛθ,o.pɛθ,opɛθ,opɛθ
o.pɛð,o.pɛð,opɛð,opɛð
o.tɛm,o.tɛm,otɛm,otɛm
o.tɛn,o.tɛn,otɛn,otɛn
o.tɛŋ,o.tɛŋ,otɛŋ,otɛŋ
o.tɛp,o.tɛp,otɛp,otɛp
o.tɛt,o.tɛt,otɛt,otɛt
o.tɛk,o.tɛk,otɛk,otɛk
o.tɛb,o.tɛb,otɛb,otɛb
o.tɛd,o.tɛd,otɛd,otɛd
o.tɛg,o.tɛg,otɛg,otɛg
o.tɛf,o.tɛf,otɛf,otɛf
o.tɛs,o.tɛs,otɛs,otɛs
o.tɛv,o.tɛv,otɛv,otɛv
o.tɛz,o.tɛz,otɛz,otɛz
o.tɛʃ,o.tɛʃ,otɛʃ,otɛʃ
o.tɛʒ,o.tɛʒ,otɛʒ,otɛʒ
o.tɛθ,o.tɛθ,otɛθ,otɛθ
o.tɛð,o.tɛð,otɛð,otɛð
o.kɛm,o.kɛm,okɛm,okɛm
o.kɛn,o.kɛn,okɛn,okɛn
o.kɛŋ,o.kɛŋ,okɛŋ,okɛŋ
o.kɛp,o.kɛp,okɛp,okɛp
o.kɛt,o.kɛt,okɛt,okɛt
o.kɛk,o.kɛk,okɛk,okɛk
o.kɛb,o.kɛb,okɛb,okɛb
o.kɛd,o.kɛd,okɛd,okɛd
o.kɛg,o.kɛg,okɛg,okɛg
o.kɛf,o.kɛf,okɛf,okɛf
o.kɛs,o.kɛs,okɛs,okɛs
o.kɛv,o.kɛv,okɛv,okɛv
o.kɛz,o.kɛz,okɛz,okɛz
o.kɛʃ,o.kɛʃ,okɛʃ,okɛʃ
o.kɛʒ,o.kɛʒ,okɛʒ,okɛʒ
o.kɛθ,o.kɛθ,okɛθ,okɛθ
o.kɛð,o.kɛð,okɛð,okɛð
o.bɛm,o.bɛm,obɛm,obɛm
o.bɛn,o.bɛn,obɛn,obɛn
o.bɛŋ,o.bɛŋ,obɛŋ,obɛŋ
o.bɛp,o.bɛp,obɛp,obɛp
o.bɛt,o.bɛt,obɛt,obɛt
o.bɛk,o.bɛk,obɛk,obɛk
o.bɛb,o.bɛb,obɛb,obɛb
o.bɛd,o.bɛd,obɛd,obɛd
o.bɛg,o.bɛg,obɛg,obɛg
o.bɛf,o.bɛf,obɛf,obɛf
o.bɛs,o.bɛs,obɛs,obɛs
o.bɛv,o.bɛv,obɛv,obɛv
o.bɛz,o.bɛz,obɛz,obɛz
o.bɛʃ,o.bɛʃ,obɛʃ,obɛʃ
o.bɛʒ,o.bɛʒ,obɛʒ,obɛʒ
o.bɛθ,o.bɛθ,obɛθ,obɛθ
o.bɛð,o.bɛð,obɛð,obɛð
o.dɛm,o.dɛm,odɛm,odɛm
o.dɛn,o.dɛn,odɛn,odɛn
o.dɛŋ,o.dɛŋ,odɛŋ,odɛŋ
o.dɛp,o.dɛp,odɛp,odɛp
o.dɛt,o.dɛt,odɛt,odɛt
o.dɛk,o.dɛk,odɛk,odɛk
o.dɛb,o.dɛb,odɛb,odɛb
o.dɛd,o.dɛd,odɛd,odɛd
o.dɛg,o.dɛg,odɛg,odɛg
o.dɛf,o.dɛf,odɛf,odɛf
o.dɛs,o.dɛs,odɛs,odɛs
o.dɛv,o.dɛv,odɛv,odɛv
o.dɛz,o.dɛz,odɛz,odɛz
o.dɛʃ,o.dɛʃ,odɛʃ,odɛʃ
o.dɛʒ,o.dɛʒ,odɛʒ,odɛʒ
o.dɛθ,o.dɛθ,odɛθ,odɛθ
o.dɛð,o.dɛð,odɛð,odɛð
o.gɛm,o.gɛm,ogɛm,ogɛm
o.gɛn,o.gɛn,ogɛn,ogɛn
o.gɛŋ,o.gɛŋ,ogɛŋ,ogɛŋ
o.gɛp,o.gɛp,ogɛp,ogɛp
o.gɛt,o.gɛt,ogɛt,ogɛt
o.gɛk,o.gɛk,ogɛk,ogɛk
o.gɛb,o.gɛb,ogɛb,ogɛb
o.gɛd,o.gɛd,ogɛd,ogɛd
o.gɛg,o.gɛg,ogɛg,ogɛg
o.gɛf,o.gɛf,ogɛf,ogɛf
o.gɛs,o.gɛs,ogɛs,ogɛs
o.gɛv,o.gɛv,ogɛv,ogɛv
o.gɛz,o.gɛz,ogɛz,ogɛz
o.gɛʃ,o.gɛʃ,ogɛʃ,ogɛʃ
o.gɛʒ,o.gɛʒ,ogɛʒ,ogɛʒ
o.gɛθ,o.gɛθ,ogɛθ,ogɛθ
o.gɛð,o.gɛð,ogɛð,ogɛð
o.fɛm,o.fɛm,ofɛm,ofɛm
o.fɛn,o.fɛn,ofɛn,ofɛn
o.fɛŋ,o.fɛŋ,ofɛŋ,ofɛŋ
o.fɛp,o.fɛp,ofɛp,ofɛp
o.fɛt,o.fɛt,ofɛt,ofɛt
o.fɛk,o.fɛk,ofɛk,ofɛk
o.fɛb,o.fɛb,ofɛb,ofɛb
o.fɛd,o.fɛd,ofɛd,ofɛd
o.fɛg,o.fɛg,ofɛg,ofɛg
o.fɛf,o.fɛf,ofɛf,ofɛf
o.fɛs,o.fɛs,ofɛs,ofɛs
o.fɛv,o.fɛv,ofɛv,ofɛv
o.fɛz,o.fɛz,ofɛz,ofɛz
o.fɛʃ,o.fɛʃ,ofɛʃ,ofɛʃ
o.fɛʒ,o.fɛʒ,ofɛʒ,ofɛʒ
o.fɛθ,o.fɛθ,ofɛθ,ofɛθ
o.fɛð,o.fɛð,ofɛð,ofɛð
o.sɛm,o.sɛm,osɛm,osɛm
o.sɛn,o.sɛn,osɛn,osɛn
o.sɛŋ,o.sɛŋ,osɛŋ,osɛŋ
o.sɛp,o.sɛp,osɛp,osɛp
o.sɛt,o.sɛt,osɛt,osɛt
o.sɛk,o.sɛk,osɛk,osɛk
o.sɛb,o.sɛb,osɛb,osɛb
o.sɛd,o.sɛd,osɛd,osɛd
o.sɛg,o.sɛg,osɛg,osɛg
o.sɛf,o.sɛf,osɛf,osɛf
o.sɛs,o.sɛs,osɛs,osɛs
o.sɛv,o.sɛv,osɛv,osɛv
o.sɛz,o.sɛz,osɛz,osɛz
o.sɛʃ,o.sɛʃ,osɛʃ,osɛʃ
o.sɛʒ,o.sɛʒ,osɛʒ,osɛʒ
o.sɛθ,o.sɛθ,osɛθ,osɛθ
o.sɛð,o.sɛð,osɛð,osɛð
o.vɛm,o.vɛm,ovɛm,ovɛm
o.vɛn,o.vɛn,ovɛn,ovɛn
o.vɛŋ,o.vɛŋ,ovɛŋ,ovɛŋ
o.vɛp,o.vɛp,ovɛp,ovɛp
o.vɛt,o.vɛt,ovɛt,ovɛt
o.vɛk,o.vɛk,ovɛk,ovɛk
o.vɛb,o.vɛb,ovɛb,ovɛb
o.vɛd,o.vɛd,ovɛd,ovɛd
o.vɛg,o.vɛg,ovɛg,ovɛg
o.vɛf,o.vɛf,ovɛf,ovɛf
o.vɛs,o.vɛs,ovɛs,ovɛs
o.vɛv,o.vɛv,ovɛv,ovɛv
o.vɛz,o.vɛz,ovɛz,ovɛz
o.vɛʃ,o.vɛʃ,ovɛʃ,ovɛʃ
o.vɛʒ,o.vɛʒ,ovɛʒ,ovɛʒ
o.vɛθ,o.vɛθ,ovɛθ,ovɛθ
o.vɛð,o.vɛð,ovɛð,ovɛð
o.zɛm,o.zɛm,ozɛm,ozɛm
o.zɛn,o.zɛn,ozɛn,ozɛn
o.zɛŋ,o.zɛŋ,ozɛŋ,ozɛŋ
o.zɛp,o.zɛp,ozɛp,ozɛp
o.zɛt,o.zɛt,ozɛt,ozɛt
o.zɛk,o.zɛk,ozɛk,ozɛk
o.zɛb,o.zɛb,ozɛb,ozɛb
o.zɛd,o.zɛd,ozɛd,ozɛd
o.zɛg,o.zɛg,ozɛg,ozɛg
o.zɛf,o.zɛf,ozɛf,ozɛf
o.zɛs,o.zɛs,ozɛs,ozɛs
o.zɛv,o.zɛv,ozɛv,ozɛv
o.zɛz,o.zɛz,ozɛz,ozɛz
o.zɛʃ,o.zɛʃ,ozɛʃ,ozɛʃ
o.zɛʒ,o.zɛʒ,ozɛʒ,ozɛʒ
o.zɛθ,o.zɛθ,ozɛθ,ozɛθ
o.zɛð,o.zɛð,ozɛð,ozɛð
o.ʃɛm,o.ʃɛm,oʃɛm,oʃɛm
o.ʃɛn,o.ʃɛn,oʃɛn,oʃɛn
o.ʃɛŋ,o.ʃɛŋ,oʃɛŋ,oʃɛŋ
o.ʃɛp,o.ʃɛp,oʃɛp,oʃɛp
o.ʃɛt,o.ʃɛt,oʃɛt,oʃɛt
o.ʃɛk,o.ʃɛk,oʃɛk,oʃɛk
o.ʃɛb,o.ʃɛb,oʃɛb,oʃɛb
o.ʃɛd,o.ʃɛd,oʃɛd,oʃɛd
o.ʃɛg,o.ʃɛg,oʃɛg,oʃɛg
o.ʃɛf,o.ʃɛf,oʃɛf,oʃɛf
o.ʃɛs,o.ʃɛs,oʃɛs,oʃɛs
o.ʃɛv,o.ʃɛv,oʃɛv,oʃɛv
o.ʃɛz,o.ʃɛz,oʃɛz,oʃɛz
o.ʃɛʃ,o.ʃɛʃ,oʃɛʃ,oʃɛʃ
o.ʃɛʒ,o.ʃɛʒ,oʃɛʒ,oʃɛʒ
o.ʃɛθ,o.ʃɛθ,oʃɛθ,oʃɛθ
o.ʃɛð,o.ʃɛð,oʃɛð,oʃɛð
o.ʒɛm,o.ʒɛm,oʒɛm,oʒɛm
o.ʒɛn,o.ʒɛn,oʒɛn,oʒɛn
o.ʒɛŋ,o.ʒɛŋ,oʒɛŋ,oʒɛŋ
o.ʒɛp,o.ʒɛp,oʒɛp,oʒɛp
o.ʒɛt,o.ʒɛt,oʒɛt,oʒɛt
o.ʒɛk,o.ʒɛk,oʒɛk,oʒɛk
o.ʒɛb,o.ʒɛb,oʒɛb,oʒɛb
o.ʒɛd,o.ʒɛd,oʒɛd,oʒɛd
o.ʒɛg,o.ʒɛg,oʒɛg,oʒɛg
o.ʒɛf,o.ʒɛf,oʒɛf,oʒɛf
o.ʒɛs,o.ʒɛs,oʒɛs,oʒɛs
o.ʒɛv,o.ʒɛv,oʒɛv,oʒɛv
o.ʒɛz,o.ʒɛz,oʒɛz,oʒɛz
o.ʒɛʃ,o.ʒɛʃ,oʒɛʃ,oʒɛʃ
o.ʒɛʒ,o.ʒɛʒ,oʒɛʒ,oʒɛʒ
o.ʒɛθ,o.ʒɛθ,oʒɛθ,oʒɛθ
o.ʒɛð,o.ʒɛð,oʒɛð,oʒɛð
o.θɛm,o.θɛm,oθɛm,oθɛm
o.θɛn,o.θɛn,oθɛn,oθɛn
o.θɛŋ,o.θɛŋ,oθɛŋ,oθɛŋ
o.θɛp,o.θɛp,oθɛp,oθɛp
o.θɛt,o.θɛt,oθɛt,oθɛt
o.θɛk,o.θɛk,oθɛk,oθɛk
o.θɛb,o.θɛb,oθɛb,oθɛb
o.θɛd,o.θɛd,oθɛd,oθɛd
o.θɛg,o.θɛg,oθɛg,oθɛg
o.θɛf,o.θɛf,oθɛf,oθɛf
o.θɛs,o.θɛs,oθɛs,oθɛs
o.θɛv,o.θɛv,oθɛv,oθɛv
o.θɛz,o.θɛz,oθɛz,oθɛz
o.θɛʃ,o.θɛʃ,oθɛʃ,oθɛʃ
o.θɛʒ,o.θɛʒ,oθɛʒ,oθɛʒ
o.θɛθ,o.θɛθ,oθɛθ,oθɛθ
o.θɛð,o.θɛð,oθɛð,oθɛð
o.ðɛm,o.ðɛm,oðɛm,oðɛm
o.ðɛn,o.ðɛn,oðɛn,oðɛn
o.ðɛŋ,o.ðɛŋ,oðɛŋ,oðɛŋ
o.ðɛp,o.ðɛp,oðɛp,oðɛp
o.ðɛt,o.ðɛt,oðɛt,oðɛt
o.ðɛk,o.ðɛk,oðɛk,oðɛk
o.ðɛb,o.ðɛb,oðɛb,oðɛb
o.ðɛd,o.ðɛd,oðɛd,oðɛd
o.ðɛg,o.ðɛg,oðɛg,oðɛg
o.ðɛf,o.ðɛf,oðɛf,oðɛf
o.ðɛs,o.ðɛs,oðɛs,oðɛs
o.ðɛv,o.ðɛv,oðɛv,oðɛv
o.ðɛz,o.ðɛz,oðɛz,oðɛz
o.ðɛʃ,o.ðɛʃ,oðɛʃ,oðɛʃ
o.ðɛʒ,o.ðɛʒ,oðɛʒ,oðɛʒ
o.ðɛθ,o.ðɛθ,oðɛθ,oðɛθ
o.ðɛð,o.ðɛð,oðɛð,oðɛð
o.hɛm,o.hɛm,ohɛm,ohɛm
o.hɛn,o.hɛn,ohɛn,ohɛn
o.hɛŋ,o.hɛŋ,ohɛŋ,ohɛŋ
o.hɛp,o.hɛp,ohɛp,ohɛp
o.hɛt,o.hɛt,ohɛt,ohɛt
o.hɛk,o.hɛk,ohɛk,ohɛk
o.hɛb,o.hɛb,ohɛb,ohɛb
o.hɛd,o.hɛd,ohɛd,ohɛd
o.hɛg,o.hɛg,ohɛg,ohɛg
o.hɛf,o.hɛf,ohɛf,ohɛf
o.hɛs,o.hɛs,ohɛs,ohɛs
o.hɛv,o.hɛv,ohɛv,ohɛv
o.hɛz,o.hɛz,ohɛz,ohɛz
o.hɛʃ,o.hɛʃ,ohɛʃ,ohɛʃ
o.hɛʒ,o.hɛʒ,ohɛʒ,ohɛʒ
o.hɛθ,o.hɛθ,ohɛθ,ohɛθ
o.hɛð,o.hɛð,ohɛð,ohɛð
o.mʊm,o.mʊm,omʊm,omʊm
o.mʊn,o.mʊn,omʊn,omʊn
o.mʊŋ,o.mʊŋ,omʊŋ,omʊŋ
o.mʊp,o.mʊp,omʊp,omʊp
o.mʊt,o.mʊt,omʊt,omʊt
o.mʊk,o.mʊk,omʊk,omʊk
o.mʊb,o.mʊb,omʊb,omʊb
o.mʊd,o.mʊd,omʊd,omʊd
o.mʊg,o.mʊg,omʊg,omʊg
o.mʊf,o.mʊf,omʊf,omʊf
o.mʊs,o.mʊs,omʊs,omʊs
o.mʊv,o.mʊv,omʊv,omʊv
o.mʊz,o.mʊz,omʊz,omʊz
o.mʊʃ,o.mʊʃ,omʊʃ,omʊʃ
o.mʊʒ,o.mʊʒ,omʊʒ,omʊʒ
o.mʊθ,o.mʊθ,omʊθ,omʊθ
o.mʊð,o.mʊð,omʊð,omʊð
o.nʊm,o.nʊm,onʊm,onʊm
o.nʊn,o.nʊn,onʊn,onʊn
o.nʊŋ,o.nʊŋ,onʊŋ,onʊŋ
o.nʊp,o.nʊp,onʊp,onʊp
o.nʊt,o.nʊt,onʊt,onʊt
o.nʊk,o.nʊk,onʊk,onʊk
o.nʊb,o.nʊb,onʊb,onʊb
o.nʊd,o.nʊd,onʊd,onʊd
o.nʊg,o.nʊg,onʊg,onʊg
o.nʊf,o.nʊf,onʊf,onʊf
o.nʊs,o.nʊs,onʊs,onʊs
o.nʊv,o.nʊv,onʊv,onʊv
o.nʊz,o.nʊz,onʊz,onʊz
o.nʊʃ,o.nʊʃ,onʊʃ,onʊʃ
o.nʊʒ,o.nʊʒ,onʊʒ,onʊʒ
o.nʊθ,o.nʊθ,onʊθ,onʊθ
o.nʊð,o.nʊð,onʊð,onʊð
o.pʊm,o.pʊm,opʊm,opʊm
o.pʊn,o.pʊn,opʊn,opʊn
o.pʊŋ,o.pʊŋ,opʊŋ,opʊŋ
o.pʊp,o.pʊp,opʊp,opʊp
o.pʊt,o.pʊt,opʊt,opʊt
o.pʊk,o.pʊk,opʊk,opʊk
o.pʊb,o.pʊb,opʊb,opʊb
o.pʊd,o.pʊd,opʊd,opʊd
o.pʊg,o.pʊg,opʊg,opʊg
o.pʊf,o.pʊf,opʊf,opʊf
o.pʊs,o.pʊs,opʊs,opʊs
o.pʊv,o.pʊv,opʊv,opʊv
o.pʊz,o.pʊz,opʊz,opʊz
o.pʊʃ,o.pʊʃ,opʊʃ,opʊʃ
o.pʊʒ,o.pʊʒ,opʊʒ,opʊʒ
o.pʊθ,o.pʊθ,opʊθ,opʊθ
o.pʊð,o.pʊð,opʊð,opʊð
o.tʊm,o.tʊm,otʊm,otʊm
o.tʊn,o.tʊn,otʊn,otʊn
o.tʊŋ,o.tʊŋ,otʊŋ,otʊŋ
o.tʊp,o.tʊp,otʊp,otʊp
o.tʊt,o.tʊt,otʊt,otʊt
o.tʊk,o.tʊk,otʊk,otʊk
o.tʊb,o.tʊb,otʊb,otʊb
o.tʊd,o.tʊd,otʊd,otʊd
o.tʊg,o.tʊg,otʊg,otʊg
o.tʊf,o.tʊf,otʊf,otʊf
o.tʊs,o.tʊs,otʊs,otʊs
o.tʊv,o.tʊv,otʊv,otʊv
o.tʊz,o.tʊz,otʊz,otʊz
o.tʊʃ,o.tʊʃ,otʊʃ,otʊʃ
o.tʊʒ,o.tʊʒ,otʊʒ,otʊʒ
o.tʊθ,o.tʊθ,otʊθ,otʊθ
o.tʊð,o.tʊð,otʊð,otʊð
o.kʊm,o.kʊm,okʊm,okʊm
o.kʊn,o.kʊn,okʊn,okʊn
o.kʊŋ,o.kʊŋ,okʊŋ,okʊŋ
o.kʊp,o.kʊp,okʊp,okʊp
o.kʊt,o.kʊt,okʊt,okʊt
o.kʊk,o.kʊk,okʊk,okʊk
o.kʊb,o.kʊb,okʊb,okʊb
o.kʊd,o.kʊd,okʊd,okʊd
o.kʊg,o.kʊg,okʊg,okʊg
o.kʊf,o.kʊf,okʊf,okʊf
o.kʊs,o.kʊs,okʊs,okʊs
o.kʊv,o.kʊv,okʊv,okʊv
o.kʊz,o.kʊz,okʊz,okʊz
o.kʊʃ,o.kʊʃ,okʊʃ,okʊʃ
o.kʊʒ,o.kʊʒ,okʊʒ,okʊʒ
o.kʊθ,o.kʊθ,okʊθ,okʊθ
o.kʊð,o.kʊð,okʊð,okʊð
o.bʊm,o.bʊm,obʊm,obʊm
o.bʊn,o.bʊn,obʊn,obʊn
o.bʊŋ,o.bʊŋ,obʊŋ,obʊŋ
o.bʊp,o.bʊp,obʊp,obʊp
o.bʊt,o.bʊt,obʊt,obʊt
o.bʊk,o.bʊk,obʊk,obʊk
o.bʊb,o.bʊb,obʊb,obʊb
o.bʊd,o.bʊd,obʊd,obʊd
o.bʊg,o.bʊg,obʊg,obʊg
o.bʊf,o.bʊf,obʊf,obʊf
o.bʊs,o.bʊs,obʊs,obʊs
o.bʊv,o.bʊv,obʊv,obʊv
o.bʊz,o.bʊz,obʊz,obʊz
o.bʊʃ,o.bʊʃ,obʊʃ,obʊʃ
o.bʊʒ,o.bʊʒ,obʊʒ,obʊʒ
o.bʊθ,o.bʊθ,obʊθ,obʊθ
o.bʊð,o.bʊð,obʊð,obʊð
o.dʊm,o.dʊm,odʊm,odʊm
o.dʊn,o.dʊn,odʊn,odʊn
o.dʊŋ,o.dʊŋ,odʊŋ,odʊŋ
o.dʊp,o.dʊp,odʊp,odʊp
o.dʊt,o.dʊt,odʊt,odʊt
o.dʊk,o.dʊk,odʊk,odʊk
o.dʊb,o.dʊb,odʊb,odʊb
o.dʊd,o.dʊd,odʊd,odʊd
o.dʊg,o.dʊg,odʊg,odʊg
o.dʊf,o.dʊf,odʊf,odʊf
o.dʊs,o.dʊs,odʊs,odʊs
o.dʊv,o.dʊv,odʊv,odʊv
o.dʊz,o.dʊz,odʊz,odʊz
o.dʊʃ,o.dʊʃ,odʊʃ,odʊʃ
o.dʊʒ,o.dʊʒ,odʊʒ,odʊʒ
o.dʊθ,o.dʊθ,odʊθ,odʊθ
o.dʊð,o.dʊð,odʊð,odʊð
o.gʊm,o.gʊm,ogʊm,ogʊm
o.gʊn,o.gʊn,ogʊn,ogʊn
o.gʊŋ,o.gʊŋ,ogʊŋ,ogʊŋ
o.gʊp,o.gʊp,ogʊp,ogʊp
o.gʊt,o.gʊt,ogʊt,ogʊt
o.gʊk,o.gʊk,ogʊk,ogʊk
o.gʊb,o.gʊb,ogʊb,ogʊb
o.gʊd,o.gʊd,ogʊd,ogʊd
o.gʊg,o.gʊg,ogʊg,ogʊg
o.gʊf,o.gʊf,ogʊf,ogʊf
o.gʊs,o.gʊs,ogʊs,ogʊs
o.gʊv,o.gʊv,ogʊv,ogʊv
o.gʊz,o.gʊz,ogʊz,ogʊz
o.gʊʃ,o.gʊʃ,ogʊʃ,ogʊʃ
o.gʊʒ,o.gʊʒ,ogʊʒ,ogʊʒ
o.gʊθ,o.gʊθ,ogʊθ,ogʊθ
o.gʊð,o.gʊð,ogʊð,ogʊð
o.fʊm,o.fʊm,ofʊm,ofʊm
o.fʊn,o.fʊn,ofʊn,ofʊn
o.fʊŋ,o.fʊŋ,ofʊŋ,ofʊŋ
o.fʊp,o.fʊp,ofʊp,ofʊp
o.fʊt,o.fʊt,ofʊt,ofʊt
o.fʊk,o.fʊk,ofʊk,ofʊk
o.fʊb,o.fʊb,ofʊb,ofʊb
o.fʊd,o.fʊd,ofʊd,ofʊd
o.fʊg,o.fʊg,ofʊg,ofʊg
o.fʊf,o.fʊf,ofʊf,ofʊf
o.fʊs,o.fʊs,ofʊs,ofʊs
o.fʊv,o.fʊv,ofʊv,ofʊv
o.fʊz,o.fʊz,ofʊz,ofʊz
o.fʊʃ,o.fʊʃ,ofʊʃ,ofʊʃ
o.fʊʒ,o.fʊʒ,ofʊʒ,ofʊʒ
o.fʊθ,o.fʊθ,ofʊθ,ofʊθ
o.fʊð,o.fʊð,ofʊð,ofʊð
o.sʊm,o.sʊm,osʊm,osʊm
o.sʊn,o.sʊn,osʊn,osʊn
o.sʊŋ,o.sʊŋ,osʊŋ,osʊŋ
o.sʊp,o.sʊp,osʊp,osʊp
o.sʊt,o.sʊt,osʊt,osʊt
o.sʊk,o.sʊk,osʊk,osʊk
o.sʊb,o.sʊb,osʊb,osʊb
o.sʊd,o.sʊd,osʊd,osʊd
o.sʊg,o.sʊg,osʊg,osʊg
o.sʊf,o.sʊf,osʊf,osʊf
o.sʊs,o.sʊs,osʊs,osʊs
o.sʊv,o.sʊv,osʊv,osʊv
o.sʊz,o.sʊz,osʊz,osʊz
o.sʊʃ,o.sʊʃ,osʊʃ,osʊʃ
o.sʊʒ,o.sʊʒ,osʊʒ,osʊʒ
o.sʊθ,o.sʊθ,osʊθ,osʊθ
o.sʊð,o.sʊð,osʊð,osʊð
o.vʊm,o.vʊm,ovʊm,ovʊm
o.vʊn,o.vʊn,ovʊn,ovʊn
o.vʊŋ,o.vʊŋ,ovʊŋ,ovʊŋ
o.vʊp,o.vʊp,ovʊp,ovʊp
o.vʊt,o.vʊt,ovʊt,ovʊt
o.vʊk,o.vʊk,ovʊk,ovʊk
o.vʊb,o.vʊb,ovʊb,ovʊb
o.vʊd,o.vʊd,ovʊd,ovʊd
o.vʊg,o.vʊg,ovʊg,ovʊg
o.vʊf,o.vʊf,ovʊf,ovʊf
o.vʊs,o.vʊs,ovʊs,ovʊs
o.vʊv,o.vʊv,ovʊv,ovʊv
o.vʊz,o.vʊz,ovʊz,ovʊz
o.vʊʃ,o.vʊʃ,ovʊʃ,ovʊʃ
o.vʊʒ,o.vʊʒ,ovʊʒ,ovʊʒ
o.vʊθ,o.vʊθ,ovʊθ,ovʊθ
o.vʊð,o.vʊð,ovʊð,ovʊð
o.zʊm,o.zʊm,ozʊm,ozʊm
o.zʊn,o.zʊn,ozʊn,ozʊn
o.zʊŋ,o.zʊŋ,ozʊŋ,ozʊŋ
o.zʊp,o.zʊp,ozʊp,ozʊp
o.zʊt,o.zʊt,ozʊt,ozʊt
o.zʊk,o.zʊk,ozʊk,ozʊk
o.zʊb,o.zʊb,ozʊb,ozʊb
o.zʊd,o.zʊd,ozʊd,ozʊd
o.zʊg,o.zʊg,ozʊg,ozʊg
o.zʊf,o.zʊf,ozʊf,ozʊf
o.zʊs,o.zʊs,ozʊs,ozʊs
o.zʊv,o.zʊv,ozʊv,ozʊv
o.zʊz,o.zʊz,ozʊz,ozʊz
o.zʊʃ,o.zʊʃ,ozʊʃ,ozʊʃ
o.zʊʒ,o.zʊʒ,ozʊʒ,ozʊʒ
o.zʊθ,o.zʊθ,ozʊθ,ozʊθ
o.zʊð,o.zʊð,ozʊð,ozʊð
o.ʃʊm,o.ʃʊm,oʃʊm,oʃʊm
o.ʃʊn,o.ʃʊn,oʃʊn,oʃʊn
o.ʃʊŋ,o.ʃʊŋ,oʃʊŋ,oʃʊŋ
o.ʃʊp,o.ʃʊp,oʃʊp,oʃʊp
o.ʃʊt,o.ʃʊt,oʃʊt,oʃʊt
o.ʃʊk,o.ʃʊk,oʃʊk,oʃʊk
o.ʃʊb,o.ʃʊb,oʃʊb,oʃʊb
o.ʃʊd,o.ʃʊd,oʃʊd,oʃʊd
o.ʃʊg,o.ʃʊg,oʃʊg,oʃʊg
o.ʃʊf,o.ʃʊf,oʃʊf,oʃʊf
o.ʃʊs,o.ʃʊs,oʃʊs,oʃʊs
o.ʃʊv,o.ʃʊv,oʃʊv,oʃʊv
o.ʃʊz,o.ʃʊz,oʃʊz,oʃʊz
o.ʃʊʃ,o.ʃʊʃ,oʃʊʃ,oʃʊʃ
o.ʃʊʒ,o.ʃʊʒ,oʃʊʒ,oʃʊʒ
o.ʃʊθ,o.ʃʊθ,oʃʊθ,oʃʊθ
o.ʃʊð,o.ʃʊð,oʃʊð,oʃʊð
o.ʒʊm,o.ʒʊm,oʒʊm,oʒʊm
o.ʒʊn,o.ʒʊn,oʒʊn,oʒʊn
o.ʒʊŋ,o.ʒʊŋ,oʒʊŋ,oʒʊŋ
o.ʒʊp,o.ʒʊp,oʒʊp,oʒʊp
o.ʒʊt,o.ʒʊt,oʒʊt,oʒʊt
o.ʒʊk,o.ʒʊk,oʒʊk,oʒʊk
o.ʒʊb,o.ʒʊb,oʒʊb,oʒʊb
o.ʒʊd,o.ʒʊd,oʒʊd,oʒʊd
o.ʒʊg,o.ʒʊg,oʒʊg,oʒʊg
o.ʒʊf,o.ʒʊf,oʒʊf,oʒʊf
o.ʒʊs,o.ʒʊs,oʒʊs,oʒʊs
o.ʒʊv,o.ʒʊv,oʒʊv,oʒʊv
o.ʒʊz,o.ʒʊz,oʒʊz,oʒʊz
o.ʒʊʃ,o.ʒʊʃ,oʒʊʃ,oʒʊʃ
o.ʒʊʒ,o.ʒʊʒ,oʒʊʒ,oʒʊʒ
o.ʒʊθ,o.ʒʊθ,oʒʊθ,oʒʊθ
o.ʒʊð,o.ʒʊð,oʒʊð,oʒʊð
o.θʊm,o.θʊm,oθʊm,oθʊm
o.θʊn,o.θʊn,oθʊn,oθʊn
o.θʊŋ,o.θʊŋ,oθʊŋ,oθʊŋ
o.θʊp,o.θʊp,oθʊp,oθʊp
o.θʊt,o.θʊt,oθʊt,oθʊt
o.θʊk,o.θʊk,oθʊk,oθʊk
o.θʊb,o.θʊb,oθʊb,oθʊb
o.θʊd,o.θʊd,oθʊd,oθʊd
o.θʊg,o.θʊg,oθʊg,oθʊg
o.θʊf,o.θʊf,oθʊf,oθʊf
o.θʊs,o.θʊs,oθʊs,oθʊs
o.θʊv,o.θʊv,oθʊv,oθʊv
o.θʊz,o.θʊz,oθʊz,oθʊz
o.θʊʃ,o.θʊʃ,oθʊʃ,oθʊʃ
o.θʊʒ,o.θʊʒ,oθʊʒ,oθʊʒ
o.θʊθ,o.θʊθ,oθʊθ,oθʊθ
o.θʊð,o.θʊð,oθʊð,oθʊð
o.ðʊm,o.ðʊm,oðʊm,oðʊm
o.ðʊn,o.ðʊn,oðʊn,oðʊn
o.ðʊŋ,o.ðʊŋ,oðʊŋ,oðʊŋ
o.ðʊp,o.ðʊp,oðʊp,oðʊp
o.ðʊt,o.ðʊt,oðʊt,oðʊt
o.ðʊk,o.ðʊk,oðʊk,oðʊk
o.ðʊb,o.ðʊb,oðʊb,oðʊb
o.ðʊd,o.ðʊd,oðʊd,oðʊd
o.ðʊg,o.ðʊg,oðʊg,oðʊg
o.ðʊf,o.ðʊf,oðʊf,oðʊf
o.ðʊs,o.ðʊs,oðʊs,oðʊs
o.ðʊv,o.ðʊv,oðʊv,oðʊv
o.ðʊz,o.ðʊz,oðʊz,oðʊz
o.ðʊʃ,o.ðʊʃ,oðʊʃ,oðʊʃ
o.ðʊʒ,o.ðʊʒ,oðʊʒ,oðʊʒ
o.ðʊθ,o.ðʊθ,oðʊθ,oðʊθ
o.ðʊð,o.ðʊð,oðʊð,oðʊð
o.hʊm,o.hʊm,ohʊm,ohʊm
o.hʊn,o.hʊn,ohʊn,ohʊn
o.hʊŋ,o.hʊŋ,ohʊŋ,ohʊŋ
o.hʊp,o.hʊp,ohʊp,ohʊp
o.hʊt,o.hʊt,ohʊt,ohʊt
o.hʊk,o.hʊk,ohʊk,ohʊk
o.hʊb,o.hʊb,ohʊb,ohʊb
o.hʊd,o.hʊd,ohʊd,ohʊd
o.hʊg,o.hʊg,ohʊg,ohʊg
o.hʊf,o.hʊf,ohʊf,ohʊf
o.hʊs,o.hʊs,ohʊs,ohʊs
o.hʊv,o.hʊv,ohʊv,ohʊv
o.hʊz,o.hʊz,ohʊz,ohʊz
o.hʊʃ,o.hʊʃ,ohʊʃ,ohʊʃ
o.hʊʒ,o.hʊʒ,ohʊʒ,ohʊʒ
o.hʊθ,o.hʊθ,ohʊθ,ohʊθ
o.hʊð,o.hʊð,ohʊð,ohʊð
o.mɔm,o.mɔm,omɔm,omɔm
o.mɔn,o.mɔn,omɔn,omɔn
o.mɔŋ,o.mɔŋ,omɔŋ,omɔŋ
o.mɔp,o.mɔp,omɔp,omɔp
o.mɔt,o.mɔt,omɔt,omɔt
o.mɔk,o.mɔk,omɔk,omɔk
o.mɔb,o.mɔb,omɔb,omɔb
o.mɔd,o.mɔd,omɔd,omɔd
o.mɔg,o.mɔg,omɔg,omɔg
o.mɔf,o.mɔf,omɔf,omɔf
o.mɔs,o.mɔs,omɔs,omɔs
o.mɔv,o.mɔv,omɔv,omɔv
o.mɔz,o.mɔz,omɔz,omɔz
o.mɔʃ,o.mɔʃ,omɔʃ,omɔʃ
o.mɔʒ,o.mɔʒ,omɔʒ,omɔʒ
o.mɔθ,o.mɔθ,omɔθ,omɔθ
o.mɔð,o.mɔð,omɔð,omɔð
o.nɔm,o.nɔm,onɔm,onɔm
o.nɔn,o.nɔn,onɔn,onɔn
o.nɔŋ,o.nɔŋ,onɔŋ,onɔŋ
o.nɔp,o.nɔp,onɔp,onɔp
o.nɔt,o.nɔt,onɔt,onɔt
o.nɔk,o.nɔk,onɔk,onɔk
o.nɔb,o.nɔb,onɔb,onɔb
o.nɔd,o.nɔd,onɔd,onɔd
o.nɔg,o.nɔg,onɔg,onɔg
o.nɔf,o.nɔf,onɔf,onɔf
o.nɔs,o.nɔs,onɔs,onɔs
o.nɔv,o.nɔv,onɔv,onɔv
o.nɔz,o.nɔz,onɔz,onɔz
o.nɔʃ,o.nɔʃ,onɔʃ,onɔʃ
o.nɔʒ,o.nɔʒ,onɔʒ,onɔʒ
o.nɔθ,o.nɔθ,onɔθ,onɔθ
o.nɔð,o.nɔð,onɔð,onɔð
o.pɔm,o.pɔm,opɔm,opɔm
o.pɔn,o.pɔn,opɔn,opɔn
o.pɔŋ,o.pɔŋ,opɔŋ,opɔŋ
o.pɔp,o.pɔp,opɔp,opɔp
o.pɔt,o.pɔt,opɔt,opɔt
o.pɔk,o.pɔk,opɔk,opɔk
o.pɔb,o.pɔb,opɔb,opɔb
o.pɔd,o.pɔd,opɔd,opɔd
o.pɔg,o.pɔg,opɔg,opɔg
o.pɔf,o.pɔf,opɔf,opɔf
o.pɔs,o.pɔs,opɔs,opɔs
o.pɔv,o.pɔv,opɔv,opɔv
o.pɔz,o.pɔz,opɔz,opɔz
o.pɔʃ,o.pɔʃ,opɔʃ,opɔʃ
o.pɔʒ,o.pɔʒ,opɔʒ,opɔʒ
o.pɔθ,o.pɔθ,opɔθ,opɔθ
o.pɔð,o.pɔð,opɔð,opɔð
o.tɔm,o.tɔm,otɔm,otɔm
o.tɔn,o.tɔn,otɔn,otɔn
o.tɔŋ,o.tɔŋ,otɔŋ,otɔŋ
o.tɔp,o.tɔp,otɔp,otɔp
o.tɔt,o.tɔt,otɔt,otɔt
o.tɔk,o.tɔk,otɔk,otɔk
o.tɔb,o.tɔb,otɔb,otɔb
o.tɔd,o.tɔd,otɔd,otɔd
o.tɔg,o.tɔg,otɔg,otɔg
o.tɔf,o.tɔf,otɔf,otɔf
o.tɔs,o.tɔs,otɔs,otɔs
o.tɔv,o.tɔv,otɔv,otɔv
o.tɔz,o.tɔz,otɔz,otɔz
o.tɔʃ,o.tɔʃ,otɔʃ,otɔʃ
o.tɔʒ,o.tɔʒ,otɔʒ,otɔʒ
o.tɔθ,o.tɔθ,otɔθ,otɔθ
o.tɔð,o.tɔð,otɔð,otɔð
o.kɔm,o.kɔm,okɔm,okɔm
o.kɔn,o.kɔn,okɔn,okɔn
o.kɔŋ,o.kɔŋ,okɔŋ,okɔŋ
o.kɔp,o.kɔp,okɔp,okɔp
o.kɔt,o.kɔt,okɔt,okɔt
o.kɔk,o.kɔk,okɔk,okɔk
o.kɔb,o.kɔb,okɔb,okɔb
o.kɔd,o.kɔd,okɔd,okɔd
o.kɔg,o.kɔg,okɔg,okɔg
o.kɔf,o.kɔf,okɔf,okɔf
o.kɔs,o.kɔs,okɔs,okɔs
o.kɔv,o.kɔv,okɔv,okɔv
o.kɔz,o.kɔz,okɔz,okɔz
o.kɔʃ,o.kɔʃ,okɔʃ,okɔʃ
o.kɔʒ,o.kɔʒ,okɔʒ,okɔʒ
o.kɔθ,o.kɔθ,okɔθ,okɔθ
o.kɔð,o.kɔð,okɔð,okɔð
o.bɔm,o.bɔm,obɔm,obɔm
o.bɔn,o.bɔn,obɔn,obɔn
o.bɔŋ,o.bɔŋ,obɔŋ,obɔŋ
o.bɔp,o.bɔp,obɔp,obɔp
o.bɔt,o.bɔt,obɔt,obɔt
o.bɔk,o.bɔk,obɔk,obɔk
o.bɔb,o.bɔb,obɔb,obɔb
o.bɔd,o.bɔd,obɔd,obɔd
o.bɔg,o.bɔg,obɔg,obɔg
o.bɔf,o.bɔf,obɔf,obɔf
o.bɔs,o.bɔs,obɔs,obɔs
o.bɔv,o.bɔv,obɔv,obɔv
o.bɔz,o.bɔz,obɔz,obɔz
o.bɔʃ,o.bɔʃ,obɔʃ,obɔʃ
o.bɔʒ,o.bɔʒ,obɔʒ,obɔʒ
o.bɔθ,o.bɔθ,obɔθ,obɔθ
o.bɔð,o.bɔð,obɔð,obɔð
o.dɔm,o.dɔm,odɔm,odɔm
o.dɔn,o.dɔn,odɔn,odɔn
o.dɔŋ,o.dɔŋ,odɔŋ,odɔŋ
o.dɔp,o.dɔp,odɔp,odɔp
o.dɔt,o.dɔt,odɔt,odɔt
o.dɔk,o.dɔk,odɔk,odɔk
o.dɔb,o.dɔb,odɔb,odɔb
o.dɔd,o.dɔd,odɔd,odɔd
o.dɔg,o.dɔg,odɔg,odɔg
o.dɔf,o.dɔf,odɔf,odɔf
o.dɔs,o.dɔs,odɔs,odɔs
o.dɔv,o.dɔv,odɔv,odɔv
o.dɔz,o.dɔz,odɔz,odɔz
o.dɔʃ,o.dɔʃ,odɔʃ,odɔʃ
o.dɔʒ,o.dɔʒ,odɔʒ,odɔʒ
o.dɔθ,o.dɔθ,odɔθ,odɔθ
o.dɔð,o.dɔð,odɔð,odɔð
o.gɔm,o.gɔm,ogɔm,ogɔm
o.gɔn,o.gɔn,ogɔn,ogɔn
o.gɔŋ,o.gɔŋ,ogɔŋ,ogɔŋ
o.gɔp,o.gɔp,ogɔp,ogɔp
o.gɔt,o.gɔt,ogɔt,ogɔt
o.gɔk,o.gɔk,ogɔk,ogɔk
o.gɔb,o.gɔb,ogɔb,ogɔb
o.gɔd,o.gɔd,ogɔd,ogɔd
o.gɔg,o.gɔg,ogɔg,ogɔg
o.gɔf,o.gɔf,ogɔf,ogɔf
o.gɔs,o.gɔs,ogɔs,ogɔs
o.gɔv,o.gɔv,ogɔv,ogɔv
o.gɔz,o.gɔz,ogɔz,ogɔz
o.gɔʃ,o.gɔʃ,ogɔʃ,ogɔʃ
o.gɔʒ,o.gɔʒ,ogɔʒ,ogɔʒ
o.gɔθ,o.gɔθ,ogɔθ,ogɔθ
o.gɔð,o.gɔð,ogɔð,ogɔð
o.fɔm,o.fɔm,ofɔm,ofɔm
o.fɔn,o.fɔn,ofɔn,ofɔn
o.fɔŋ,o.fɔŋ,ofɔŋ,ofɔŋ
o.fɔp,o.fɔp,ofɔp,ofɔp
o.fɔt,o.fɔt,ofɔt,ofɔt
o.fɔk,o.fɔk,ofɔk,ofɔk
o.fɔb,o.fɔb,ofɔb,ofɔb
o.fɔd,o.fɔd,ofɔd,ofɔd
o.fɔg,o.fɔg,ofɔg,ofɔg
o.fɔf,o.fɔf,ofɔf,ofɔf
o.fɔs,o.fɔs,ofɔs,ofɔs
o.fɔv,o.fɔv,ofɔv,ofɔv
o.fɔz,o.fɔz,ofɔz,ofɔz
o.fɔʃ,o.fɔʃ,ofɔʃ,ofɔʃ
o.fɔʒ,o.fɔʒ,ofɔʒ,ofɔʒ
o.fɔθ,o.fɔθ,ofɔθ,ofɔθ
o.fɔð,o.fɔð,ofɔð,ofɔð
o.sɔm,o.sɔm,osɔm,osɔm
o.sɔn,o.sɔn,osɔn,osɔn
o.sɔŋ,o.sɔŋ,osɔŋ,osɔŋ
o.sɔp,o.sɔp,osɔp,osɔp
o.sɔt,o.sɔt,osɔt,osɔt
o.sɔk,o.sɔk,osɔk,osɔk
o.sɔb,o.sɔb,osɔb,osɔb
o.sɔd,o.sɔd,osɔd,osɔd
o.sɔg,o.sɔg,osɔg,osɔg
o.sɔf,o.sɔf,osɔf,osɔf
o.sɔs,o.sɔs,osɔs,osɔs
o.sɔv,o.sɔv,osɔv,osɔv
o.sɔz,o.sɔz,osɔz,osɔz
o.sɔʃ,o.sɔʃ,osɔʃ,osɔʃ
o.sɔʒ,o.sɔʒ,osɔʒ,osɔʒ
o.sɔθ,o.sɔθ,osɔθ,osɔθ
o.sɔð,o.sɔð,osɔð,osɔð
o.vɔm,o.vɔm,ovɔm,ovɔm
o.vɔn,o.vɔn,ovɔn,ovɔn
o.vɔŋ,o.vɔŋ,ovɔŋ,ovɔŋ
o.vɔp,o.vɔp,ovɔp,ovɔp
o.vɔt,o.vɔt,ovɔt,ovɔt
o.vɔk,o.vɔk,ovɔk,ovɔk
o.vɔb,o.vɔb,ovɔb,ovɔb
o.vɔd,o.vɔd,ovɔd,ovɔd
o.vɔg,o.vɔg,ovɔg,ovɔg
o.vɔf,o.vɔf,ovɔf,ovɔf
o.vɔs,o.vɔs,ovɔs,ovɔs
o.vɔv,o.vɔv,ovɔv,ovɔv
o.vɔz,o.vɔz,ovɔz,ovɔz
o.vɔʃ,o.vɔʃ,ovɔʃ,ovɔʃ
o.vɔʒ,o.vɔʒ,ovɔʒ,ovɔʒ
o.vɔθ,o.vɔθ,ovɔθ,ovɔθ
o.vɔð,o.vɔð,ovɔð,ovɔð
o.zɔm,o.zɔm,ozɔm,ozɔm
o.zɔn,o.zɔn,ozɔn,ozɔn
o.zɔŋ,o.zɔŋ,ozɔŋ,ozɔŋ
o.zɔp,o.zɔp,ozɔp,ozɔp
o.zɔt,o.zɔt,ozɔt,ozɔt
o.zɔk,o.zɔk,ozɔk,ozɔk
o.zɔb,o.zɔb,ozɔb,ozɔb
o.zɔd,o.zɔd,ozɔd,ozɔd
o.zɔg,o.zɔg,ozɔg,ozɔg
o.zɔf,o.zɔf,ozɔf,ozɔf
o.zɔs,o.zɔs,ozɔs,ozɔs
o.zɔv,o.zɔv,ozɔv,ozɔv
o.zɔz,o.zɔz,ozɔz,ozɔz
o.zɔʃ,o.zɔʃ,ozɔʃ,ozɔʃ
o.zɔʒ,o.zɔʒ,ozɔʒ,ozɔʒ
o.zɔθ,o.zɔθ,ozɔθ,ozɔθ
o.zɔð,o.zɔð,ozɔð,ozɔð
o.ʃɔm,o.ʃɔm,oʃɔm,oʃɔm
o.ʃɔn,o.ʃɔn,oʃɔn,oʃɔn
o.ʃɔŋ,o.ʃɔŋ,oʃɔŋ,oʃɔŋ
o.ʃɔp,o.ʃɔp,oʃɔp,oʃɔp
o.ʃɔt,o.ʃɔt,oʃɔt,oʃɔt
o.ʃɔk,o.ʃɔk,oʃɔk,oʃɔk
o.ʃɔb,o.ʃɔb,oʃɔb,oʃɔb
o.ʃɔd,o.ʃɔd,oʃɔd,oʃɔd
o.ʃɔg,o.ʃɔg,oʃɔg,oʃɔg
o.ʃɔf,o.ʃɔf,oʃɔf,oʃɔf
o.ʃɔs,o.ʃɔs,oʃɔs,oʃɔs
o.ʃɔv,o.ʃɔv,oʃɔv,oʃɔv
o.ʃɔz,o.ʃɔz,oʃɔz,oʃɔz
o.ʃɔʃ,o.ʃɔʃ,oʃɔʃ,oʃɔʃ
o.ʃɔʒ,o.ʃɔʒ,oʃɔʒ,oʃɔʒ
o.ʃɔθ,o.ʃɔθ,oʃɔθ,oʃɔθ
o.ʃɔð,o.ʃɔð,oʃɔð,oʃɔð
o.ʒɔm,o.ʒɔm,oʒɔm,oʒɔm
o.ʒɔn,o.ʒɔn,oʒɔn,oʒɔn
o.ʒɔŋ,o.ʒɔŋ,oʒɔŋ,oʒɔŋ
o.ʒɔp,o.ʒɔp,oʒɔp,oʒɔp
o.ʒɔt,o.ʒɔt,oʒɔt,oʒɔt
o.ʒɔk,o.ʒɔk,oʒɔk,oʒɔk
o.ʒɔb,o.ʒɔb,oʒɔb,oʒɔb
o.ʒɔd,o.ʒɔd,oʒɔd,oʒɔd
o.ʒɔg,o.ʒɔg,oʒɔg,oʒɔg
o.ʒɔf,o.ʒɔf,oʒɔf,oʒɔf
o.ʒɔs,o.ʒɔs,oʒɔs,oʒɔs
o.ʒɔv,o.ʒɔv,oʒɔv,oʒɔv
o.ʒɔz,o.ʒɔz,oʒɔz,oʒɔz
o.ʒɔʃ,o.ʒɔʃ,oʒɔʃ,oʒɔʃ
o.ʒɔʒ,o.ʒɔʒ,oʒɔʒ,oʒɔʒ
o.ʒɔθ,o.ʒɔθ,oʒɔθ,oʒɔθ
o.ʒɔð,o.ʒɔð,oʒɔð,oʒɔð
o.θɔm,o.θɔm,oθɔm,oθɔm
o.θɔn,o.θɔn,oθɔn,oθɔn
o.θɔŋ,o.θɔŋ,oθɔŋ,oθɔŋ
o.θɔp,o.θɔp,oθɔp,oθɔp
o.θɔt,o.θɔt,oθɔt,oθɔt
o.θɔk,o.θɔk,oθɔk,oθɔk
o.θɔb,o.θɔb,oθɔb,oθɔb
o.θɔd,o.θɔd,oθɔd,oθɔd
o.θɔg,o.θɔg,oθɔg,oθɔg
o.θɔf,o.θɔf,oθɔf,oθɔf
o.θɔs,o.θɔs,oθɔs,oθɔs
o.θɔv,o.θɔv,oθɔv,oθɔv
o.θɔz,o.θɔz,oθɔz,oθɔz
o.θɔʃ,o.θɔʃ,oθɔʃ,oθɔʃ
o.θɔʒ,o.θɔʒ,oθɔʒ,oθɔʒ
o.θɔθ,o.θɔθ,oθɔθ,oθɔθ
o.θɔð,o.θɔð,oθɔð,oθɔð
o.ðɔm,o.ðɔm,oðɔm,oðɔm
o.ðɔn,o.ðɔn,oðɔn,oðɔn
o.ðɔŋ,o.ðɔŋ,oðɔŋ,oðɔŋ
o.ðɔp,o.ðɔp,oðɔp,oðɔp
o.ðɔt,o.ðɔt,oðɔt,oðɔt
o.ðɔk,o.ðɔk,oðɔk,oðɔk
o.ðɔb,o.ðɔb,oðɔb,oðɔb
o.ðɔd,o.ðɔd,oðɔd,oðɔd
o.ðɔg,o.ðɔg,oðɔg,oðɔg
o.ðɔf,o.ðɔf,oðɔf,oðɔf
o.ðɔs,o.ðɔs,oðɔs,oðɔs
o.ðɔv,o.ðɔv,oðɔv,oðɔv
o.ðɔz,o.ðɔz,oðɔz,oðɔz
o.ðɔʃ,o.ðɔʃ,oðɔʃ,oðɔʃ
o.ðɔʒ,o.ðɔʒ,oðɔʒ,oðɔʒ
o.ðɔθ,o.ðɔθ,oðɔθ,oðɔθ
o.ðɔð,o.ðɔð,oðɔð,oðɔð
o.hɔm,o.hɔm,ohɔm,ohɔm
o.hɔn,o.hɔn,ohɔn,ohɔn
o.hɔŋ,o.hɔŋ,ohɔŋ,ohɔŋ
o.hɔp,o.hɔp,ohɔp,ohɔp
o.hɔt,o.hɔt,ohɔt,ohɔt
o.hɔk,o.hɔk,ohɔk,ohɔk
o.hɔb,o.hɔb,ohɔb,ohɔb
o.hɔd,o.hɔd,ohɔd,ohɔd
o.hɔg,o.hɔg,ohɔg,ohɔg
o.hɔf,o.hɔf,ohɔf,ohɔf
o.hɔs,o.hɔs,ohɔs,ohɔs
o.hɔv,o.hɔv,ohɔv,ohɔv
o.hɔz,o.hɔz,ohɔz,ohɔz
o.hɔʃ,o.hɔʃ,ohɔʃ,ohɔʃ
o.hɔʒ,o.hɔʒ,ohɔʒ,ohɔʒ
o.hɔθ,o.hɔθ,ohɔθ,ohɔθ
o.hɔð,o.hɔð,ohɔð,ohɔð
mi.mi,mi.mi,mimi,mimi
mi.ni,mi.ni,mini,mini
mi.pi,mi.pi,mipi,mipi
mi.ti,mi.ti,miti,miti
mi.ki,mi.ki,miki,miki
mi.bi,mi.bi,mibi,mibi
mi.di,mi.di,midi,midi
mi.gi,mi.gi,migi,migi
mi.fi,mi.fi,mifi,mifi
mi.si,mi.si,misi,misi
mi.vi,mi.vi,mivi,mivi
mi.zi,mi.zi,mizi,mizi
mi.ʃi,mi.ʃi,miʃi,miʃi
mi.ʒi,mi.ʒi,miʒi,miʒi
mi.θi,mi.θi,miθi,miθi
mi.ði,mi.ði,miði,miði
mi.hi,mi.hi,mihi,mihi
mi.me,mi.me,mime,mime
mi.ne,mi.ne,mine,mine
mi.pe,mi.pe,mipe,mipe
mi.te,mi.te,mite,mite
mi.ke,mi.ke,mike,mike
mi.be,mi.be,mibe,mibe
mi.de,mi.de,mide,mide
mi.ge,mi.ge,mige,mige
mi.fe,mi.fe,mife,mife
mi.se,mi.se,mise,mise
mi.ve,mi.ve,mive,mive
mi.ze,mi.ze,mize,mize
mi.ʃe,mi.ʃe,miʃe,miʃe
mi.ʒe,mi.ʒe,miʒe,miʒe
mi.θe,mi.θe,miθe,miθe
mi.ðe,mi.ðe,miðe,miðe
mi.he,mi.he,mihe,mihe
mi.mu,mi.mu,mimu,mimu
mi.nu,mi.nu,minu,minu
mi.pu,mi.pu,mipu,mipu
mi.tu,mi.tu,mitu,mitu
mi.ku,mi.ku,miku,miku
mi.bu,mi.bu,mibu,mibu
mi.du,mi.du,midu,midu
mi.gu,mi.gu,migu,migu
mi.fu,mi.fu,mifu,mifu
mi.su,mi.su,misu,misu
mi.vu,mi.vu,mivu,mivu
mi.zu,mi.zu,mizu,mizu
mi.ʃu,mi.ʃu,miʃu,miʃu
mi.ʒu,mi.ʒu,miʒu,miʒu
mi.θu,mi.θu,miθu,miθu
mi.ðu,mi.ðu,miðu,miðu
mi.hu,mi.hu,mihu,mihu
mi.mo,mi.mo,mimo,mimo
mi.no,mi.no,mino,mino
mi.po,mi.po,mipo,mipo
mi.to,mi.to,mito,mito
mi.ko,mi.ko,miko,miko
mi.bo,mi.bo,mibo,mibo
mi.do,mi.do,mido,mido
mi.go,mi.go,migo,migo
mi.fo,mi.fo,mifo,mifo
mi.so,mi.so,miso,miso
mi.vo,mi.vo,mivo,mivo
mi.zo,mi.zo,mizo,mizo
mi.ʃo,mi.ʃo,miʃo,miʃo
mi.ʒo,mi.ʒo,miʒo,miʒo
mi.θo,mi.θo,miθo,miθo
mi.ðo,mi.ðo,miðo,miðo
mi.ho,mi.ho,miho,miho
ni.mi,ni.mi,nimi,nimi
ni.ni,ni.ni,nini,nini
ni.pi,ni.pi,nipi,nipi
ni.ti,ni.ti,niti,niti
ni.ki,ni.ki,niki,niki
ni.bi,ni.bi,nibi,nibi
ni.di,ni.di,nidi,nidi
ni.gi,ni.gi,nigi,nigi
ni.fi,ni.fi,nifi,nifi
ni.si,ni.si,nisi,nisi
ni.vi,ni.vi,nivi,nivi
ni.zi,ni.zi,nizi,nizi
ni.ʃi,ni.ʃi,niʃi,niʃi
ni.ʒi,ni.ʒi,niʒi,niʒi
ni.θi,ni.θi,niθi,niθi
ni.ði,ni.ði,niði,niði
ni.hi,ni.hi,nihi,nihi
ni.me,ni.me,nime,nime
ni.ne,ni.ne,nine,nine
ni.pe,ni.pe,nipe,nipe
ni.te,ni.te,nite,nite
ni.ke,ni.ke,nike,nike
ni.be,ni.be,nibe,nibe
ni.de,ni.de,nide,nide
ni.ge,ni.ge,nige,nige
ni.fe,ni.fe,nife,nife
ni.se,ni.se,nise,nise
ni.ve,ni.ve,nive,nive
ni.ze,ni.ze,nize,nize
ni.ʃe,ni.ʃe,niʃe,niʃe
ni.ʒe,ni.ʒe,niʒe,niʒe
ni.θe,ni.θe,niθe,niθe
ni.ðe,ni.ðe,niðe,niðe
ni.he,ni.he,nihe,nihe
ni.mu,ni.mu,nimu,nimu
ni.nu,ni.nu,ninu,ninu
ni.pu,ni.pu,nipu,nipu
ni.tu,ni.tu,nitu,nitu
ni.ku,ni.ku,niku,niku
ni.bu,ni.bu,nibu,nibu
ni.du,ni.du,nidu,nidu
ni.gu,ni.gu,nigu,nigu
ni.fu,ni.fu,nifu,nifu
ni.su,ni.su,nisu,nisu
ni.vu,ni.vu,nivu,nivu
ni.zu,ni.zu,nizu,nizu
ni.ʃu,ni.ʃu,niʃu,niʃu
ni.ʒu,ni.ʒu,niʒu,niʒu
ni.θu,ni.θu,niθu,niθu
ni.ðu,ni.ðu,niðu,niðu
ni.hu,ni.hu,nihu,nihu
ni.mo,ni.mo,nimo,nimo
ni.no,ni.no,nino,nino
ni.po,ni.po,nipo,nipo
ni.to,ni.to,nito,nito
ni.ko,ni.ko,niko,niko
ni.bo,ni.bo,nibo,nibo
ni.do,ni.do,nido,nido
ni.go,ni.go,nigo,nigo
ni.fo,ni.fo,nifo,nifo
ni.so,ni.so,niso,niso
ni.vo,ni.vo,nivo,nivo
ni.zo,ni.zo,nizo,nizo
ni.ʃo,ni.ʃo,niʃo,niʃo
ni.ʒo,ni.ʒo,niʒo,niʒo
ni.θo,ni.θo,niθo,niθo
ni.ðo,ni.ðo,niðo,niðo
ni.ho,ni.ho,niho,niho
pi.mi,pi.mi,pimi,pimi
pi.ni,pi.ni,pini,pini
pi.pi,pi.pi,pipi,pipi
pi.ti,pi.ti,piti,piti
pi.ki,pi.ki,piki,piki
pi.bi,pi.bi,pibi,pibi
pi.di,pi.di,pidi,pidi
pi.gi,pi.gi,pigi,pigi
pi.fi,pi.fi,pifi,pifi
pi.si,pi.si,pisi,pisi
pi.vi,pi.vi,pivi,pivi
pi.zi,pi.zi,pizi,pizi
pi.ʃi,pi.ʃi,piʃi,piʃi
pi.ʒi,pi.ʒi,piʒi,piʒi
pi.θi,pi.θi,piθi,piθi
pi.ði,pi.ði,piði,piði
pi.hi,pi.hi,pihi,pihi
pi.me,pi.me,pime,pime
pi.ne,pi.ne,pine,pine
pi.pe,pi.pe,pipe,pipe
pi.te,pi.te,pite,pite
pi.ke,pi.ke,pike,pike
pi.be,pi.be,pibe,pibe
pi.de,pi.de,pide,pide
pi.ge,pi.ge,pige,pige
pi.fe,pi.fe,pife,pife
pi.se,pi.se,pise,pise
pi.ve,pi.ve,pive,pive
pi.ze,pi.ze,pize,pize
pi.ʃe,pi.ʃe,piʃe,piʃe
pi.ʒe,pi.ʒe,piʒe,piʒe
pi.θe,pi.θe,piθe,piθe
pi.ðe,pi.ðe,piðe,piðe
pi.he,pi.he,pihe,pihe
pi.mu,pi.mu,pimu,pimu
pi.nu,pi.nu,pinu,pinu
pi.pu,pi.pu,pipu,pipu
pi.tu,pi.tu,pitu,pitu
pi.ku,pi.ku,piku,piku
pi.bu,pi.bu,pibu,pibu
pi.du,pi.du,pidu,pidu
pi.gu,pi.gu,pigu,pigu
pi.fu,pi.fu,pifu,pifu
pi.su,pi.su,pisu,pisu
pi.vu,pi.vu,pivu,pivu
pi.zu,pi.zu,pizu,pizu
pi.ʃu,pi.ʃu,piʃu,piʃu
pi.ʒu,pi.ʒu,piʒu,piʒu
pi.θu,pi.θu,piθu,piθu
pi.ðu,pi.ðu,piðu,piðu
pi.hu,pi.hu,pihu,pihu
pi.mo,pi.mo,pimo,pimo
pi.no,pi.no,pino,pino
pi.po,pi.po,pipo,pipo
pi.to,pi.to,pito,pito
pi.ko,pi.ko,piko,piko
pi.bo,pi.bo,pibo,pibo
pi.do,pi.do,pido,pido
pi.go,pi.go,pigo,pigo
pi.fo,pi.fo,pifo,pifo
pi.so,pi.so,piso,piso
pi.vo,pi.vo,pivo,pivo
pi.zo,pi.zo,pizo,pizo
pi.ʃo,pi.ʃo,piʃo,piʃo
pi.ʒo,pi.ʒo,piʒo,piʒo
pi.θo,pi.θo,piθo,piθo
pi.ðo,pi.ðo,piðo,piðo
pi.ho,pi.ho,piho,piho
ti.mi,ti.mi,timi,timi
ti.ni,ti.ni,tini,tini
ti.pi,ti.pi,tipi,tipi
ti.ti,ti.ti,titi,titi
ti.ki,ti.ki,tiki,tiki
ti.bi,ti.bi,tibi,tibi
ti.di,ti.di,tidi,tidi
ti.gi,ti.gi,tigi,tigi
ti.fi,ti.fi,tifi,tifi
ti.si,ti.si,tisi,tisi
ti.vi,ti.vi,tivi,tivi
ti.zi,ti.zi,tizi,tizi
ti.ʃi,ti.ʃi,tiʃi,tiʃi
ti.ʒi,ti.ʒi,tiʒi,tiʒi
ti.θi,ti.θi,tiθi,tiθi
ti.ði,ti.ði,tiði,tiði
ti.hi,ti.hi,tihi,tihi
ti.me,ti.me,time,time
ti.ne,ti.ne,tine,tine
ti.pe,ti.pe,tipe,tipe
ti.te,ti.te,tite,tite
ti.ke,ti.ke,tike,tike
ti.be,ti.be,tibe,tibe
ti.de,ti.de,tide,tide
ti.ge,ti.ge,tige,tige
ti.fe,ti.fe,tife,tife
ti.se,ti.se,tise,tise
ti.ve,ti.ve,tive,tive
ti.ze,ti.ze,tize,tize
ti.ʃe,ti.ʃe,tiʃe,tiʃe
ti.ʒe,ti.ʒe,tiʒe,tiʒe
ti.θe,ti.θe,tiθe,tiθe
ti.ðe,ti.ðe,tiðe,tiðe
ti.he,ti.he,tihe,tihe
ti.mu,ti.mu,timu,timu
ti.nu,ti.nu,tinu,tinu
ti.pu,ti.pu,tipu,tipu
ti.tu,ti.tu,titu,titu
ti.ku,ti.ku,tiku,tiku
ti.bu,ti.bu,tibu,tibu
ti.du,ti.du,tidu,tidu
ti.gu,ti.gu,tigu,tigu
ti.fu,ti.fu,tifu,tifu
ti.su,ti.su,tisu,tisu
ti.vu,ti.vu,tivu,tivu
ti.zu,ti.zu,tizu,tizu
ti.ʃu,ti.ʃu,tiʃu,tiʃu
ti.ʒu,ti.ʒu,tiʒu,tiʒu
ti.θu,ti.θu,tiθu,tiθu
ti.ðu,ti.ðu,tiðu,tiðu
ti.hu,ti.hu,tihu,tihu
ti.mo,ti.mo,timo,timo
ti.no,ti.no,tino,tino
ti.po,ti.po,tipo,tipo
ti.to,ti.to,tito,tito
ti.ko,ti.ko,tiko,tiko
ti.bo,ti.bo,tibo,tibo
ti.do,ti.do,tido,tido
ti.go,ti.go,tigo,tigo
ti.fo,ti.fo,tifo,tifo
ti.so,ti.so,tiso,tiso
ti.vo,ti.vo,tivo,tivo
ti.zo,ti.zo,tizo,tizo
ti.ʃo,ti.ʃo,tiʃo,tiʃo
ti.ʒo,ti.ʒo,tiʒo,tiʒo
ti.θo,ti.θo,tiθo,tiθo
ti.ðo,ti.ðo,tiðo,tiðo
ti.ho,ti.ho,tiho,tiho
ki.mi,ki.mi,kimi,kimi
ki.ni,ki.ni,kini,kini
ki.pi,ki.pi,kipi,kipi
ki.ti,ki.ti,kiti,kiti
ki.ki,ki.ki,kiki,kiki
ki.bi,ki.bi,kibi,kibi
ki.di,ki.di,kidi,kidi
ki.gi,ki.gi,kigi,kigi
ki.fi,ki.fi,kifi,kifi
ki.si,ki.si,kisi,kisi
ki.vi,ki.vi,kivi,kivi
ki.zi,ki.zi,kizi,kizi
ki.ʃi,ki.ʃi,kiʃi,kiʃi
ki.ʒi,ki.ʒi,kiʒi,kiʒi
ki.θi,ki.θi,kiθi,kiθi
ki.ði,ki.ði,kiði,kiði
ki.hi,ki.hi,kihi,kihi
ki.me,ki.me,kime,kime
ki.ne,ki.ne,kine,kine
ki.pe,ki.pe,kipe,kipe
ki.te,ki.te,kite,kite
ki.ke,ki.ke,kike,kike
ki.be,ki.be,kibe,kibe
ki.de,ki.de,kide,kide
ki.ge,ki.ge,kige,kige
ki.fe,ki.fe,kife,kife
ki.se,ki.se,kise,kise
ki.ve,ki.ve,kive,kive
ki.ze,ki.ze,kize,kize
ki.ʃe,ki.ʃe,kiʃe,kiʃe
ki.ʒe,ki.ʒe,kiʒe,kiʒe
ki.θe,ki.θe,kiθe,kiθe
ki.ðe,ki.ðe,kiðe,kiðe
ki.he,ki.he,kihe,kihe
ki.mu,ki.mu,kimu,kimu
ki.nu,ki.nu,kinu,kinu
ki.pu,ki.pu,kipu,kipu
ki.tu,ki.tu,kitu,kitu
ki.ku,ki.ku,kiku,kiku
ki.bu,ki.bu,kibu,kibu
ki.du,ki.du,kidu,kidu
ki.gu,ki.gu,kigu,kigu
ki.fu,ki.fu,kifu,kifu
ki.su,ki.su,kisu,kisu
ki.vu,ki.vu,kivu,kivu
ki.zu,ki.zu,kizu,kizu
ki.ʃu,ki.ʃu,kiʃu,kiʃu
ki.ʒu,ki.ʒu,kiʒu,kiʒu
ki.θu,ki.θu,kiθu,kiθu
ki.ðu,ki.ðu,kiðu,kiðu
ki.hu,ki.hu,kihu,kihu
ki.mo,ki.mo,kimo,kimo
ki.no,ki.no,kino,kino
ki.po,ki.po,kipo,kipo
ki.to,ki.to,kito,kito
ki.ko,ki.ko,kiko,kiko
ki.bo,ki.bo,kibo,kibo
ki.do,ki.do,kido,kido
ki.go,ki.go,kigo,kigo
ki.fo,ki.fo,kifo,kifo
ki.so,ki.so,kiso,kiso
ki.vo,ki.vo,kivo,kivo
ki.zo,ki.zo,kizo,kizo
ki.ʃo,ki.ʃo,kiʃo,kiʃo
ki.ʒo,ki.ʒo,kiʒo,kiʒo
ki.θo,ki.θo,kiθo,kiθo
ki.ðo,ki.ðo,kiðo,kiðo
ki.ho,ki.ho,kiho,kiho
bi.mi,bi.mi,bimi,bimi
bi.ni,bi.ni,bini,bini
bi.pi,bi.pi,bipi,bipi
bi.ti,bi.ti,biti,biti
bi.ki,bi.ki,biki,biki
bi.bi,bi.bi,bibi,bibi
bi.di,bi.di,bidi,bidi
bi.gi,bi.gi,bigi,bigi
bi.fi,bi.fi,bifi,bifi
bi.si,bi.si,bisi,bisi
bi.vi,bi.vi,bivi,bivi
bi.zi,bi.zi,bizi,bizi
bi.ʃi,bi.ʃi,biʃi,biʃi
bi.ʒi,bi.ʒi,biʒi,biʒi
bi.θi,bi.θi,biθi,biθi
bi.ði,bi.ði,biði,biði
bi.hi,bi.hi,bihi,bihi
bi.me,bi.me,bime,bime
bi.ne,bi.ne,bine,bine
bi.pe,bi.pe,bipe,bipe
bi.te,bi.te,bite,bite
bi.ke,bi.ke,bike,bike
bi.be,bi.be,bibe,bibe
bi.de,bi.de,bide,bide
bi.ge,bi.ge,bige,bige
bi.fe,bi.fe,bife,bife
bi.se,bi.se,bise,bise
bi.ve,bi.ve,bive,bive
bi.ze,bi.ze,bize,bize
bi.ʃe,bi.ʃe,biʃe,biʃe
bi.ʒe,bi.ʒe,biʒe,biʒe
bi.θe,bi.θe,biθe,biθe
bi.ðe,bi.ðe,biðe,biðe
bi.he,bi.he,bihe,bihe
bi.mu,bi.mu,bimu,bimu
bi.nu,bi.nu,binu,binu
bi.pu,bi.pu,bipu,bipu
bi.tu,bi.tu,bitu,bitu
bi.ku,bi.ku,biku,biku
bi.bu,bi.bu,bibu,bibu
bi.du,bi.du,bidu,bidu
bi.gu,bi.gu,bigu,bigu
bi.fu,bi.fu,bifu,bifu
bi.su,bi.su,bisu,bisu
bi.vu,bi.vu,bivu,bivu
bi.zu,bi.zu,bizu,bizu
bi.ʃu,bi.ʃu,biʃu,biʃu
bi.ʒu,bi.ʒu,biʒu,biʒu
bi.θu,bi.θu,biθu,biθu
bi.ðu,bi.ðu,biðu,biðu
bi.hu,bi.hu,bihu,bihu
bi.mo,bi.mo,bimo,bimo
bi.no,bi.no,bino,bino
bi.po,bi.po,bipo,bipo
bi.to,bi.to,bito,bito
bi.ko,bi.ko,biko,biko
bi.bo,bi.bo,bibo,bibo
bi.do,bi.do,bido,bido
bi.go,bi.go,bigo,bigo
bi.fo,bi.fo,bifo,bifo
bi.so,bi.so,biso,biso
bi.vo,bi.vo,bivo,bivo
bi.zo,bi.zo,bizo,bizo
bi.ʃo,bi.ʃo,biʃo,biʃo
bi.ʒo,bi.ʒo,biʒo,biʒo
bi.θo,bi.θo,biθo,biθo
bi.ðo,bi.ðo,biðo,biðo
bi.ho,bi.ho,biho,biho
di.mi,di.mi,dimi,dimi
di.ni,di.ni,dini,dini
di.pi,di.pi,dipi,dipi
di.ti,di.ti,diti,diti
di.ki,di.ki,diki,diki
di.bi,di.bi,dibi,dibi
di.di,di.di,didi,didi
di.gi,di.gi,digi,digi
di.fi,di.fi,difi,difi
di.si,di.si,disi,disi
di.vi,di.vi,divi,divi
di.zi,di.zi,dizi,dizi
di.ʃi,di.ʃi,diʃi,diʃi
di.ʒi,di.ʒi,diʒi,diʒi
di.θi,di.θi,diθi,diθi
di.ði,di.ði,diði,diði
di.hi,di.hi,dihi,dihi
di.me,di.me,dime,dime
di.ne,di.ne,dine,dine
di.pe,di.pe,dipe,dipe
di.te,di.te,dite,dite
di.ke,di.ke,dike,dike
di.be,di.be,dibe,dibe
di.de,di.de,dide,dide
di.ge,di.ge,dige,dige
di.fe,di.fe,dife,dife
di.se,di.se,dise,dise
di.ve,di.ve,dive,dive
di.ze,di.ze,dize,dize
di.ʃe,di.ʃe,diʃe,diʃe
di.ʒe,di.ʒe,diʒe,diʒe
di.θe,di.θe,diθe,diθe
di.ðe,di.ðe,diðe,diðe
di.he,di.he,dihe,dihe
di.mu,di.mu,dimu,dimu
di.nu,di.nu,dinu,dinu
di.pu,di.pu,dipu,dipu
di.tu,di.tu,ditu,ditu
di.ku,di.ku,diku,diku
di.bu,di.bu,dibu,dibu
di.du,di.du,didu,didu
di.gu,di.gu,digu,digu
di.fu,di.fu,difu,difu
di.su,di.su,disu,disu
di.vu,di.vu,divu,divu
di.zu,di.zu,dizu,dizu
di.ʃu,di.ʃu,diʃu,diʃu
di.ʒu,di.ʒu,diʒu,diʒu
di.θu,di.θu,diθu,diθu
di.ðu,di.ðu,diðu,diðu
di.hu,di.hu,dihu,dihu
di.mo,di.mo,dimo,dimo
di.no,di.no,dino,dino
di.po,di.po,dipo,dipo
di.to,di.to,dito,dito
di.ko,di.ko,diko,diko
di.bo,di.bo,dibo,dibo
di.do,di.do,dido,dido
di.go,di.go,digo,digo
di.fo,di.fo,difo,difo
di.so,di.so,diso,diso
di.vo,di.vo,divo,divo
di.zo,di.zo,dizo,dizo
di.ʃo,di.ʃo,diʃo,diʃo
di.ʒo,di.ʒo,diʒo,diʒo
di.θo,di.θo,diθo,diθo
di.ðo,di.ðo,diðo,diðo
di.ho,di.ho,diho,diho
gi.mi,gi.mi,gimi,gimi
gi.ni,gi.ni,gini,gini
gi.pi,gi.pi,gipi,gipi
gi.ti,gi.ti,giti,giti
gi.ki,gi.ki,giki,giki
gi.bi,gi.bi,gibi,gibi
gi.di,gi.di,gidi,gidi
gi.gi,gi.gi,gigi,gigi
gi.fi,gi.fi,gifi,gifi
gi.si,gi.si,gisi,gisi
gi.vi,gi.vi,givi,givi
gi.zi,gi.zi,gizi,gizi
gi.ʃi,gi.ʃi,giʃi,giʃi
gi.ʒi,gi.ʒi,giʒi,giʒi
gi.θi,gi.θi,giθi,giθi
gi.ði,gi.ði,giði,giði
gi.hi,gi.hi,gihi,gihi
gi.me,gi.me,gime,gime
gi.ne,gi.ne,gine,gine
gi.pe,gi.pe,gipe,gipe
gi.te,gi.te,gite,gite
gi.ke,gi.ke,gike,gike
gi.be,gi.be,gibe,gibe
gi.de,gi.de,gide,gide
gi.ge,gi.ge,gige,gige
gi.fe,gi.fe,gife,gife
gi.se,gi.se,gise,gise
gi.ve,gi.ve,give,give
gi.ze,gi.ze,gize,gize
gi.ʃe,gi.ʃe,giʃe,giʃe
gi.ʒe,gi.ʒe,giʒe,giʒe
gi.θe,gi.θe,giθe,giθe
gi.ðe,gi.ðe,giðe,giðe
gi.he,gi.he,gihe,gihe
gi.mu,gi.mu,gimu,gimu
gi.nu,gi.nu,ginu,ginu
gi.pu,gi.pu,gipu,gipu
gi.tu,gi.tu,gitu,gitu
gi.ku,gi.ku,giku,giku
gi.bu,gi.bu,gibu,gibu
gi.du,gi.du,gidu,gidu
gi.gu,gi.gu,gigu,gigu
gi.fu,gi.fu,gifu,gifu
gi.su,gi.su,gisu,gisu
gi.vu,gi.vu,givu,givu
gi.zu,gi.zu,gizu,gizu
gi.ʃu,gi.ʃu,giʃu,giʃu
gi.ʒu,gi.ʒu,giʒu,giʒu
gi.θu,gi.θu,giθu,giθu
gi.ðu,gi.ðu,giðu,giðu
gi.hu,gi.hu,gihu,gihu
gi.mo,gi.mo,gimo,gimo
gi.no,gi.no,gino,gino
gi.po,gi.po,gipo,gipo
gi.to,gi.to,gito,gito
gi.ko,gi.ko,giko,giko
gi.bo,gi.bo,gibo,gibo
gi.do,gi.do,gido,gido
gi.go,gi.go,gigo,gigo
gi.fo,gi.fo,gifo,gifo
gi.so,gi.so,giso,giso
gi.vo,gi.vo,givo,givo
gi.zo,gi.zo,gizo,gizo
gi.ʃo,gi.ʃo,giʃo,giʃo
gi.ʒo,gi.ʒo,giʒo,giʒo
gi.θo,gi.θo,giθo,giθo
gi.ðo,gi.ðo,giðo,giðo
gi.ho,gi.ho,giho,giho
fi.mi,fi.mi,fimi,fimi
fi.ni,fi.ni,fini,fini
fi.pi,fi.pi,fipi,fipi
fi.ti,fi.ti,fiti,fiti
fi.ki,fi.ki,fiki,fiki
fi.bi,fi.bi,fibi,fibi
fi.di,fi.di,fidi,fidi
fi.gi,fi.gi,figi,figi
fi.fi,fi.fi,fifi,fifi
fi.si,fi.si,fisi,fisi
fi.vi,fi.vi,fivi,fivi
fi.zi,fi.zi,fizi,fizi
fi.ʃi,fi.ʃi,fiʃi,fiʃi
fi.ʒi,fi.ʒi,fiʒi,fiʒi
fi.θi,fi.θi,fiθi,fiθi
fi.ði,fi.ði,fiði,fiði
fi.hi,fi.hi,fihi,fihi
fi.me,fi.me,fime,fime
fi.ne,fi.ne,fine,fine
fi.pe,fi.pe,fipe,fipe
fi.te,fi.te,fite,fite
fi.ke,fi.ke,fike,fike
fi.be,fi.be,fibe,fibe
fi.de,fi.de,fide,fide
fi.ge,fi.ge,fige,fige
fi.fe,fi.fe,fife,fife
fi.se,fi.se,fise,fise
fi.ve,fi.ve,five,five
fi.ze,fi.ze,fize,fize
fi.ʃe,fi.ʃe,fiʃe,fiʃe
fi.ʒe,fi.ʒe,fiʒe,fiʒe
fi.θe,fi.θe,fiθe,fiθe
fi.ðe,fi.ðe,fiðe,fiðe
fi.he,fi.he,fihe,fihe
fi.mu,fi.mu,fimu,fimu
fi.nu,fi.nu,finu,finu
fi.pu,fi.pu,fipu,fipu
fi.tu,fi.tu,fitu,fitu
fi.ku,fi.ku,fiku,fiku
fi.bu,fi.bu,fibu,fibu
fi.du,fi.du,fidu,fidu
fi.gu,fi.gu,figu,figu
fi.fu,fi.fu,fifu,fifu
fi.su,fi.su,fisu,fisu
fi.vu,fi.vu,fivu,fivu
fi.zu,fi.zu,fizu,fizu
fi.ʃu,fi.ʃu,fiʃu,fiʃu
fi.ʒu,fi.ʒu,fiʒu,fiʒu
fi.θu,fi.θu,fiθu,fiθu
fi.ðu,fi.ðu,fiðu,fiðu
fi.hu,fi.hu,fihu,fihu
fi.mo,fi.mo,fimo,fimo
fi.no,fi.no,fino,fino
fi.po,fi.po,fipo,fipo
fi.to,fi.to,fito,fito
fi.ko,fi.ko,fiko,fiko
fi.bo,fi.bo,fibo,fibo
fi.do,fi.do,fido,fido
fi.go,fi.go,figo,figo
fi.fo,fi.fo,fifo,fifo
fi.so,fi.so,fiso,fiso
fi.vo,fi.vo,fivo,fivo
fi.zo,fi.zo,fizo,fizo
fi.ʃo,fi.ʃo,fiʃo,fiʃo
fi.ʒo,fi.ʒo,fiʒo,fiʒo
fi.θo,fi.θo,fiθo,fiθo
fi.ðo,fi.ðo,fiðo,fiðo
fi.ho,fi.ho,fiho,fiho
si.mi,si.mi,simi,simi
si.ni,si.ni,sini,sini
si.pi,si.pi,sipi,sipi
si.ti,si.ti,siti,siti
si.ki,si.ki,siki,siki
si.bi,si.bi,sibi,sibi
si.di,si.di,sidi,sidi
si.gi,si.gi,sigi,sigi
si.fi,si.fi,sifi,sifi
si.si,si.si,sisi,sisi
si.vi,si.vi,sivi,sivi
si.zi,si.zi,sizi,sizi
si.ʃi,si.ʃi,siʃi,siʃi
si.ʒi,si.ʒi,siʒi,siʒi
si.θi,si.θi,siθi,siθi
si.ði,si.ði,siði,siði
si.hi,si.hi,sihi,sihi
si.me,si.me,sime,sime
si.ne,si.ne,sine,sine
si.pe,si.pe,sipe,sipe
si.te,si.te,site,site
si.ke,si.ke,sike,sike
si.be,si.be,sibe,sibe
si.de,si.de,side,side
si.ge,si.ge,sige,sige
si.fe,si.fe,sife,sife
si.se,si.se,sise,sise
si.ve,si.ve,sive,sive
si.ze,si.ze,size,size
si.ʃe,si.ʃe,siʃe,siʃe
si.ʒe,si.ʒe,siʒe,siʒe
si.θe,si.θe,siθe,siθe
si.ðe,si.ðe,siðe,siðe
si.he,si.he,sihe,sihe
si.mu,si.mu,simu,simu
si.nu,si.nu,sinu,sinu
si.pu,si.pu,sipu,sipu
si.tu,si.tu,situ,situ
si.ku,si.ku,siku,siku
si.bu,si.bu,sibu,sibu
si.du,si.du,sidu,sidu
si.gu,si.gu,sigu,sigu
si.fu,si.fu,sifu,sifu
si.su,si.su,sisu,sisu
si.vu,si.vu,sivu,sivu
si.zu,si.zu,sizu,sizu
si.ʃu,si.ʃu,siʃu,siʃu
si.ʒu,si.ʒu,siʒu,siʒu
si.θu,si.θu,siθu,siθu
si.ðu,si.ðu,siðu,siðu
si.hu,si.hu,sihu,sihu
si.mo,si.mo,simo,simo
si.no,si.no,sino,sino
si.po,si.po,sipo,sipo
si.to,si.to,sito,sito
si.ko,si.ko,siko,siko
si.bo,si.bo,sibo,sibo
si.do,si.do,sido,sido
si.go,si.go,sigo,sigo
si.fo,si.fo,sifo,sifo
si.so,si.so,siso,siso
si.vo,si.vo,sivo,sivo
si.zo,si.zo,sizo,sizo
si.ʃo,si.ʃo,siʃo,siʃo
si.ʒo,si.ʒo,siʒo,siʒo
si.θo,si.θo,siθo,siθo
si.ðo,si.ðo,siðo,siðo
si.ho,si.ho,siho,siho
vi.mi,vi.mi,vimi,vimi
vi.ni,vi.ni,vini,vini
vi.pi,vi.pi,vipi,vipi
vi.ti,vi.ti,viti,viti
vi.ki,vi.ki,viki,viki
vi.bi,vi.bi,vibi,vibi
vi.di,vi.di,vidi,vidi
vi.gi,vi.gi,vigi,vigi
vi.fi,vi.fi,vifi,vifi
vi.si,vi.si,visi,visi
vi.vi,vi.vi,vivi,vivi
vi.zi,vi.zi,vizi,vizi
vi.ʃi,vi.ʃi,viʃi,viʃi
vi.ʒi,vi.ʒi,viʒi,viʒi
vi.θi,vi.θi,viθi,viθi
vi.ði,vi.ði,viði,viði
vi.hi,vi.hi,vihi,vihi
vi.me,vi.me,vime,vime
vi.ne,vi.ne,vine,vine
vi.pe,vi.pe,vipe,vipe
vi.te,vi.te,vite,vite
vi.ke,vi.ke,vike,vike
vi.be,vi.be,vibe,vibe
vi.de,vi.de,vide,vide
vi.ge,vi.ge,vige,vige
vi.fe,vi.fe,vife,vife
vi.se,vi.se,vise,vise
vi.ve,vi.ve,vive,vive
vi.ze,vi.ze,vize,vize
vi.ʃe,vi.ʃe,viʃe,viʃe
vi.ʒe,vi.ʒe,viʒe,viʒe
vi.θe,vi.θe,viθe,viθe
vi.ðe,vi.ðe,viðe,viðe
vi.he,vi.he,vihe,vihe
vi.mu,vi.mu,vimu,vimu
vi.nu,vi.nu,vinu,vinu
vi.pu,vi.pu,vipu,vipu
vi.tu,vi.tu,vitu,vitu
vi.ku,vi.ku,viku,viku
vi.bu,vi.bu,vibu,vibu
vi.du,vi.du,vidu,vidu
vi.gu,vi.gu,vigu,vigu
vi.fu,vi.fu,vifu,vifu
vi.su,vi.su,visu,visu
vi.vu,vi.vu,vivu,vivu
vi.zu,vi.zu,vizu,vizu
vi.ʃu,vi.ʃu,viʃu,viʃu
vi.ʒu,vi.ʒu,viʒu,viʒu
vi.θu,vi.θu,viθu,viθu
vi.ðu,vi.ðu,viðu,viðu
vi.hu,vi.hu,vihu,vihu
vi.mo,vi.mo,vimo,vimo
vi.no,vi.no,vino,vino
vi.po,vi.po,vipo,vipo
vi.to,vi.to,vito,vito
vi.ko,vi.ko,viko,viko
vi.bo,vi.bo,vibo,vibo
vi.do,vi.do,vido,vido
vi.go,vi.go,vigo,vigo
vi.fo,vi.fo,vifo,vifo
vi.so,vi.so,viso,viso
vi.vo,vi.vo,vivo,vivo
vi.zo,vi.zo,vizo,vizo
vi.ʃo,vi.ʃo,viʃo,viʃo
vi.ʒo,vi.ʒo,viʒo,viʒo
vi.θo,vi.θo,viθo,viθo
vi.ðo,vi.ðo,viðo,viðo
vi.ho,vi.ho,viho,viho
zi.mi,zi.mi,zimi,zimi
zi.ni,zi.ni,zini,zini
zi.pi,zi.pi,zipi,zipi
zi.ti,zi.ti,ziti,ziti
zi.ki,zi.ki,ziki,ziki
zi.bi,zi.bi,zibi,zibi
zi.di,zi.di,zidi,zidi
zi.gi,zi.gi,zigi,zigi
zi.fi,zi.fi,zifi,zifi
zi.si,zi.si,zisi,zisi
zi.vi,zi.vi,zivi,zivi
zi.zi,zi.zi,zizi,zizi
zi.ʃi,zi.ʃi,ziʃi,ziʃi
zi.ʒi,zi.ʒi,ziʒi,ziʒi
zi.θi,zi.θi,ziθi,ziθi
zi.ði,zi.ði,ziði,ziði
zi.hi,zi.hi,zihi,zihi
zi.me,zi.me,zime,zime
zi.ne,zi.ne,zine,zine
zi.pe,zi.pe,zipe,zipe
zi.te,zi.te,zite,zite
zi.ke,zi.ke,zike,zike
zi.be,zi.be,zibe,zibe
zi.de,zi.de,zide,zide
zi.ge,zi.ge,zige,zige
zi.fe,zi.fe,zife,zife
zi.se,zi.se,zise,zise
zi.ve,zi.ve,zive,zive
zi.ze,zi.ze,zize,zize
zi.ʃe,zi.ʃe,ziʃe,ziʃe
zi.ʒe,zi.ʒe,ziʒe,ziʒe
zi.θe,zi.θe,ziθe,ziθe
zi.ðe,zi.ðe,ziðe,ziðe
zi.he,zi.he,zihe,zihe
zi.mu,zi.mu,zimu,zimu
zi.nu,zi.nu,zinu,zinu
zi.pu,zi.pu,zipu,zipu
zi.tu,zi.tu,zitu,zitu
zi.ku,zi.ku,ziku,ziku
zi.bu,zi.bu,zibu,zibu
zi.du,zi.du,zidu,zidu
zi.gu,zi.gu,zigu,zigu
zi.fu,zi.fu,zifu,zifu
zi.su,zi.su,zisu,zisu
zi.vu,zi.vu,zivu,zivu
zi.zu,zi.zu,zizu,zizu
zi.ʃu,zi.ʃu,ziʃu,ziʃu
zi.ʒu,zi.ʒu,ziʒu,ziʒu
zi.θu,zi.θu,ziθu,ziθu
zi.ðu,zi.ðu,ziðu,ziðu
zi.hu,zi.hu,zihu,zihu
zi.mo,zi.mo,zimo,zimo
zi.no,zi.no,zino,zino
zi.po,zi.po,zipo,zipo
zi.to,zi.to,zito,zito
zi.ko,zi.ko,ziko,ziko
zi.bo,zi.bo,zibo,zibo
zi.do,zi.do,zido,zido
zi.go,zi.go,zigo,zigo
zi.fo,zi.fo,zifo,zifo
zi.so,zi.so,ziso,ziso
zi.vo,zi.vo,zivo,zivo
zi.zo,zi.zo,zizo,zizo
zi.ʃo,zi.ʃo,ziʃo,ziʃo
zi.ʒo,zi.ʒo,ziʒo,ziʒo
zi.θo,zi.θo,ziθo,ziθo
zi.ðo,zi.ðo,ziðo,ziðo
zi.ho,zi.ho,ziho,ziho
ʃi.mi,ʃi.mi,ʃimi,ʃimi
ʃi.ni,ʃi.ni,ʃini,ʃini
ʃi.pi,ʃi.pi,ʃipi,ʃipi
ʃi.ti,ʃi.ti,ʃiti,ʃiti
ʃi.ki,ʃi.ki,ʃiki,ʃiki
ʃi.bi,ʃi.bi,ʃibi,ʃibi
ʃi.di,ʃi.di,ʃidi,ʃidi
ʃi.gi,ʃi.gi,ʃigi,ʃigi
ʃi.fi,ʃi.fi,ʃifi,ʃifi
ʃi.si,ʃi.si,ʃisi,ʃisi
ʃi.vi,ʃi.vi,ʃivi,ʃivi
ʃi.zi,ʃi.zi,ʃizi,ʃizi
ʃi.ʃi,ʃi.ʃi,ʃiʃi,ʃiʃi
ʃi.ʒi,ʃi.ʒi,ʃiʒi,ʃiʒi
ʃi.θi,ʃi.θi,ʃiθi,ʃiθi
ʃi.ði,ʃi.ði,ʃiði,ʃiði
ʃi.hi,ʃi.hi,ʃihi,ʃihi
ʃi.me,ʃi.me,ʃime,ʃime
ʃi.ne,ʃi.ne,ʃine,ʃine
ʃi.pe,ʃi.pe,ʃipe,ʃipe
ʃi.te,ʃi.te,ʃite,ʃite
ʃi.ke,ʃi.ke,ʃike,ʃike
ʃi.be,ʃi.be,ʃibe,ʃibe
ʃi.de,ʃi.de,ʃide,ʃide
ʃi.ge,ʃi.ge,ʃige,ʃige
ʃi.fe,ʃi.fe,ʃife,ʃife
ʃi.se,ʃi.se,ʃise,ʃise
ʃi.ve,ʃi.ve,ʃive,ʃive
ʃi.ze,ʃi.ze,ʃize,ʃize
ʃi.ʃe,ʃi.ʃe,ʃiʃe,ʃiʃe
ʃi.ʒe,ʃi.ʒe,ʃiʒe,ʃiʒe
ʃi.θe,ʃi.θe,ʃiθe,ʃiθe
ʃi.ðe,ʃi.ðe,ʃiðe,ʃiðe
ʃi.he,ʃi.he,ʃihe,ʃihe
ʃi.mu,ʃi.mu,ʃimu,ʃimu
ʃi.nu,ʃi.nu,ʃinu,ʃinu
ʃi.pu,ʃi.pu,ʃipu,ʃipu
ʃi.tu,ʃi.tu,ʃitu,ʃitu
ʃi.ku,ʃi.ku,ʃiku,ʃiku
ʃi.bu,ʃi.bu,ʃibu,ʃibu
ʃi.du,ʃi.du,ʃidu,ʃidu
ʃi.gu,ʃi.gu,ʃigu,ʃigu
ʃi.fu,ʃi.fu,ʃifu,ʃifu
ʃi.su,ʃi.su,ʃisu,ʃisu
ʃi.vu,ʃi.vu,ʃivu,ʃivu
ʃi.zu,ʃi.zu,ʃizu,ʃizu
ʃi.ʃu,ʃi.ʃu,ʃiʃu,ʃiʃu
ʃi.ʒu,ʃi.ʒu,ʃiʒu,ʃiʒu
ʃi.θu,ʃi.θu,ʃiθu,ʃiθu
ʃi.ðu,ʃi.ðu,ʃiðu,ʃiðu
ʃi.hu,ʃi.hu,ʃihu,ʃihu
ʃi.mo,ʃi.mo,ʃimo,ʃimo
ʃi.no,ʃi.no,ʃino,ʃino
ʃi.po,ʃi.po,ʃipo,ʃipo
ʃi.to,ʃi.to,ʃito,ʃito
ʃi.ko,ʃi.ko,ʃiko,ʃiko
ʃi.bo,ʃi.bo,ʃibo,ʃibo
ʃi.do,ʃi.do,ʃido,ʃido
ʃi.go,ʃi.go,ʃigo,ʃigo
ʃi.fo,ʃi.fo,ʃifo,ʃifo
ʃi.so,ʃi.so,ʃiso,ʃiso
ʃi.vo,ʃi.vo,ʃivo,ʃivo
ʃi.zo,ʃi.zo,ʃizo,ʃizo
ʃi.ʃo,ʃi.ʃo,ʃiʃo,ʃiʃo
ʃi.ʒo,ʃi.ʒo,ʃiʒo,ʃiʒo
ʃi.θo,ʃi.θo,ʃiθo,ʃiθo
ʃi.ðo,ʃi.ðo,ʃiðo,ʃiðo
ʃi.ho,ʃi.ho,ʃiho,ʃiho
ʒi.mi,ʒi.mi,ʒimi,ʒimi
ʒi.ni,ʒi.ni,ʒini,ʒini
ʒi.pi,ʒi.pi,ʒipi,ʒipi
ʒi.ti,ʒi.ti,ʒiti,ʒiti
ʒi.ki,ʒi.ki,ʒiki,ʒiki
ʒi.bi,ʒi.bi,ʒibi,ʒibi
ʒi.di,ʒi.di,ʒidi,ʒidi
ʒi.gi,ʒi.gi,ʒigi,ʒigi
ʒi.fi,ʒi.fi,ʒifi,ʒifi
ʒi.si,ʒi.si,ʒisi,ʒisi
ʒi.vi,ʒi.vi,ʒivi,ʒivi
ʒi.zi,ʒi.zi,ʒizi,ʒizi
ʒi.ʃi,ʒi.ʃi,ʒiʃi,ʒiʃi
ʒi.ʒi,ʒi.ʒi,ʒiʒi,ʒiʒi
ʒi.θi,ʒi.θi,ʒiθi,ʒiθi
ʒi.ði,ʒi.ði,ʒiði,ʒiði
ʒi.hi,ʒi.hi,ʒihi,ʒihi
ʒi.me,ʒi.me,ʒime,ʒime
ʒi.ne,ʒi.ne,ʒine,ʒine
ʒi.pe,ʒi.pe,ʒipe,ʒipe
ʒi.te,ʒi.te,ʒite,ʒite
ʒi.ke,ʒi.ke,ʒike,ʒike
ʒi.be,ʒi.be,ʒibe,ʒibe
ʒi.de,ʒi.de,ʒide,ʒide
ʒi.ge,ʒi.ge,ʒige,ʒige
ʒi.fe,ʒi.fe,ʒife,ʒife
ʒi.se,ʒi.se,ʒise,ʒise
ʒi.ve,ʒi.ve,ʒive,ʒive
ʒi.ze,ʒi.ze,ʒize,ʒize
ʒi.ʃe,ʒi.ʃe,ʒiʃe,ʒiʃe
ʒi.ʒe,ʒi.ʒe,ʒiʒe,ʒiʒe
ʒi.θe,ʒi.θe,ʒiθe,ʒiθe
ʒi.ðe,ʒi.ðe,ʒiðe,ʒiðe
ʒi.he,ʒi.he,ʒihe,ʒihe
ʒi.mu,ʒi.mu,ʒimu,ʒimu
ʒi.nu,ʒi.nu,ʒinu,ʒinu
ʒi.pu,ʒi.pu,ʒipu,ʒipu
ʒi.tu,ʒi.tu,ʒitu,ʒitu
ʒi.ku,ʒi.ku,ʒiku,ʒiku
ʒi.bu,ʒi.bu,ʒibu,ʒibu
ʒi.du,ʒi.du,ʒidu,ʒidu
ʒi.gu,ʒi.gu,ʒigu,ʒigu
ʒi.fu,ʒi.fu,ʒifu,ʒifu
ʒi.su,ʒi.su,ʒisu,ʒisu
ʒi.vu,ʒi.vu,ʒivu,ʒivu
ʒi.zu,ʒi.zu,ʒizu,ʒizu
ʒi.ʃu,ʒi.ʃu,ʒiʃu,ʒiʃu
ʒi.ʒu,ʒi.ʒu,ʒiʒu,ʒiʒu
ʒi.θu,ʒi.θu,ʒiθu,ʒiθu
ʒi.ðu,ʒi.ðu,ʒiðu,ʒiðu
ʒi.hu,ʒi.hu,ʒihu,ʒihu
ʒi.mo,ʒi.mo,ʒimo,ʒimo
ʒi.no,ʒi.no,ʒino,ʒino
ʒi.po,ʒi.po,ʒipo,ʒipo
ʒi.to,ʒi.to,ʒito,ʒito
ʒi.ko,ʒi.ko,ʒiko,ʒiko
ʒi.bo,ʒi.bo,ʒibo,ʒibo
ʒi.do,ʒi.do,ʒido,ʒido
ʒi.go,ʒi.go,ʒigo,ʒigo
ʒi.fo,ʒi.fo,ʒifo,ʒifo
ʒi.so,ʒi.so,ʒiso,ʒiso
ʒi.vo,ʒi.vo,ʒivo,ʒivo
ʒi.zo,ʒi.zo,ʒizo,ʒizo
ʒi.ʃo,ʒi.ʃo,ʒiʃo,ʒiʃo
ʒi.ʒo,ʒi.ʒo,ʒiʒo,ʒiʒo
ʒi.θo,ʒi.θo,ʒiθo,ʒiθo
ʒi.ðo,ʒi.ðo,ʒiðo,ʒiðo
ʒi.ho,ʒi.ho,ʒiho,ʒiho
θi.mi,θi.mi,θimi,θimi
θi.ni,θi.ni,θini,θini
θi.pi,θi.pi,θipi,θipi
θi.ti,θi.ti,θiti,θiti
θi.ki,θi.ki,θiki,θiki
θi.bi,θi.bi,θibi,θibi
θi.di,θi.di,θidi,θidi
θi.gi,θi.gi,θigi,θigi
θi.fi,θi.fi,θifi,θifi
θi.si,θi.si,θisi,θisi
θi.vi,θi.vi,θivi,θivi
θi.zi,θi.zi,θizi,θizi
θi.ʃi,θi.ʃi,θiʃi,θiʃi
θi.ʒi,θi.ʒi,θiʒi,θiʒi
θi.θi,θi.θi,θiθi,θiθi
θi.ði,θi.ði,θiði,θiði
θi.hi,θi.hi,θihi,θihi
θi.me,θi.me,θime,θime
θi.ne,θi.ne,θine,θine
θi.pe,θi.pe,θipe,θipe
θi.te,θi.te,θite,θite
θi.ke,θi.ke,θike,θike
θi.be,θi.be,θibe,θibe
θi.de,θi.de,θide,θide
θi.ge,θi.ge,θige,θige
θi.fe,θi.fe,θife,θife
θi.se,θi.se,θise,θise
θi.ve,θi.ve,θive,θive
θi.ze,θi.ze,θize,θize
θi.ʃe,θi.ʃe,θiʃe,θiʃe
θi.ʒe,θi.ʒe,θiʒe,θiʒe
θi.θe,θi.θe,θiθe,θiθe
θi.ðe,θi.ðe,θiðe,θiðe
θi.he,θi.he,θihe,θihe
θi.mu,θi.mu,θimu,θimu
θi.nu,θi.nu,θinu,θinu
θi.pu,θi.pu,θipu,θipu
θi.tu,θi.tu,θitu,θitu
θi.ku,θi.ku,θiku,θiku
θi.bu,θi.bu,θibu,θibu
θi.du,θi.du,θidu,θidu
θi.gu,θi.gu,θigu,θigu
θi.fu,θi.fu,θifu,θifu
θi.su,θi.su,θisu,θisu
θi.vu,θi.vu,θivu,θivu
θi.zu,θi.zu,θizu,θizu
θi.ʃu,θi.ʃu,θiʃu,θiʃu
θi.ʒu,θi.ʒu,θiʒu,θiʒu
θi.θu,θi.θu,θiθu,θiθu
θi.ðu,θi.ðu,θiðu,θiðu
θi.hu,θi.hu,θihu,θihu
θi.mo,θi.mo,θimo,θimo
θi.no,θi.no,θino,θino
θi.po,θi.po,θipo,θipo
θi.to,θi.to,θito,θito
θi.ko,θi.ko,θiko,θiko
θi.bo,θi.bo,θibo,θibo
θi.do,θi.do,θido,θido
θi.go,θi.go,θigo,θigo
θi.fo,θi.fo,θifo,θifo
θi.so,θi.so,θiso,θiso
θi.vo,θi.vo,θivo,θivo
θi.zo,θi.zo,θizo,θizo
θi.ʃo,θi.ʃo,θiʃo,θiʃo
θi.ʒo,θi.ʒo,θiʒo,θiʒo
θi.θo,θi.θo,θiθo,θiθo
θi.ðo,θi.ðo,θiðo,θiðo
θi.ho,θi.ho,θiho,θiho
ði.mi,ði.mi,ðimi,ðimi
ði.ni,ði.ni,ðini,ðini
ði.pi,ði.pi,ðipi,ðipi
ði.ti,ði.ti,ðiti,ðiti
ði.ki,ði.ki,ðiki,ðiki
ði.bi,ði.bi,ðibi,ðibi
ði.di,ði.di,ðidi,ðidi
ði.gi,ði.gi,ðigi,ðigi
ði.fi,ði.fi,ðifi,ðifi
ði.si,ði.si,ðisi,ðisi
ði.vi,ði.vi,ðivi,ðivi
ði.zi,ði.zi,ðizi,ðizi
ði.ʃi,ði.ʃi,ðiʃi,ðiʃi
ði.ʒi,ði.ʒi,ðiʒi,ðiʒi
ði.θi,ði.θi,ðiθi,ðiθi
ði.ði,ði.ði,ðiði,ðiði
ði.hi,ði.hi,ðihi,ðihi
ði.me,ði.me,ðime,ðime
ði.ne,ði.ne,ðine,ðine
ði.pe,ði.pe,ðipe,ðipe
ði.te,ði.te,ðite,ðite
ði.ke,ði.ke,ðike,ðike
ði.be,ði.be,ðibe,ðibe
ði.de,ði.de,ðide,ðide
ði.ge,ði.ge,ðige,ðige
ði.fe,ði.fe,ðife,ðife
ði.se,ði.se,ðise,ðise
ði.ve,ði.ve,ðive,ðive
ði.ze,ði.ze,ðize,ðize
ði.ʃe,ði.ʃe,ðiʃe,ðiʃe
ði.ʒe,ði.ʒe,ðiʒe,ðiʒe
ði.θe,ði.θe,ðiθe,ðiθe
ði.ðe,ði.ðe,ðiðe,ðiðe
ði.he,ði.he,ðihe,ðihe
ði.mu,ði.mu,ðimu,ðimu
ði.nu,ði.nu,ðinu,ðinu
ði.pu,ði.pu,ðipu,ðipu
ði.tu,ði.tu,ðitu,ðitu
ði.ku,ði.ku,ðiku,ðiku
ði.bu,ði.bu,ðibu,ðibu
ði.du,ði.du,ðidu,ðidu
ði.gu,ði.gu,ðigu,ðigu
ði.fu,ði.fu,ðifu,ðifu
ði.su,ði.su,ðisu,ðisu
ði.vu,ði.vu,ðivu,ðivu
ði.zu,ði.zu,ðizu,ðizu
ði.ʃu,ði.ʃu,ðiʃu,ðiʃu
ði.ʒu,ði.ʒu,ðiʒu,ðiʒu
ði.θu,ði.θu,ðiθu,ðiθu
ði.ðu,ði.ðu,ðiðu,ðiðu
ði.hu,ði.hu,ðihu,ðihu
ði.mo,ði.mo,ðimo,ðimo
ði.no,ði.no,ðino,ðino
ði.po,ði.po,ðipo,ðipo
ði.to,ði.to,ðito,ðito
ði.ko,ði.ko,ðiko,ðiko
ði.bo,ði.bo,ðibo,ðibo
ði.do,ði.do,ðido,ðido
ði.go,ði.go,ðigo,ðigo
ði.fo,ði.fo,ðifo,ðifo
ði.so,ði.so,ðiso,ðiso
ði.vo,ði.vo,ðivo,ðivo
ði.zo,ði.zo,ðizo,ðizo
ði.ʃo,ði.ʃo,ðiʃo,ðiʃo
ði.ʒo,ði.ʒo,ðiʒo,ðiʒo
ði.θo,ði.θo,ðiθo,ðiθo
ði.ðo,ði.ðo,ðiðo,ðiðo
ði.ho,ði.ho,ðiho,ðiho
hi.mi,hi.mi,himi,himi
hi.ni,hi.ni,hini,hini
hi.pi,hi.pi,hipi,hipi
hi.ti,hi.ti,hiti,hiti
hi.ki,hi.ki,hiki,hiki
hi.bi,hi.bi,hibi,hibi
hi.di,hi.di,hidi,hidi
hi.gi,hi.gi,higi,higi
hi.fi,hi.fi,hifi,hifi
hi.si,hi.si,hisi,hisi
hi.vi,hi.vi,hivi,hivi
hi.zi,hi.zi,hizi,hizi
hi.ʃi,hi.ʃi,hiʃi,hiʃi
hi.ʒi,hi.ʒi,hiʒi,hiʒi
hi.θi,hi.θi,hiθi,hiθi
hi.ði,hi.ði,hiði,hiði
hi.hi,hi.hi,hihi,hihi
hi.me,hi.me,hime,hime
hi.ne,hi.ne,hine,hine
hi.pe,hi.pe,hipe,hipe
hi.te,hi.te,hite,hite
hi.ke,hi.ke,hike,hike
hi.be,hi.be,hibe,hibe
hi.de,hi.de,hide,hide
hi.ge,hi.ge,hige,hige
hi.fe,hi.fe,hife,hife
hi.se,hi.se,hise,hise
hi.ve,hi.ve,hive,hive
hi.ze,hi.ze,hize,hize
hi.ʃe,hi.ʃe,hiʃe,hiʃe
hi.ʒe,hi.ʒe,hiʒe,hiʒe
hi.θe,hi.θe,hiθe,hiθe
hi.ðe,hi.ðe,hiðe,hiðe
hi.he,hi.he,hihe,hihe
hi.mu,hi.mu,himu,himu
hi.nu,hi.nu,hinu,hinu
hi.pu,hi.pu,hipu,hipu
hi.tu,hi.tu,hitu,hitu
hi.ku,hi.ku,hiku,hiku
hi.bu,hi.bu,hibu,hibu
hi.du,hi.du,hidu,hidu
hi.gu,hi.gu,higu,higu
hi.fu,hi.fu,hifu,hifu
hi.su,hi.su,hisu,hisu
hi.vu,hi.vu,hivu,hivu
hi.zu,hi.zu,hizu,hizu
hi.ʃu,hi.ʃu,hiʃu,hiʃu
hi.ʒu,hi.ʒu,hiʒu,hiʒu
hi.θu,hi.θu,hiθu,hiθu
hi.ðu,hi.ðu,hiðu,hiðu
hi.hu,hi.hu,hihu,hihu
hi.mo,hi.mo,himo,himo
hi.no,hi.no,hino,hino
hi.po,hi.po,hipo,hipo
hi.to,hi.to,hito,hito
hi.ko,hi.ko,hiko,hiko
hi.bo,hi.bo,hibo,hibo
hi.do,hi.do,hido,hido
hi.go,hi.go,higo,higo
hi.fo,hi.fo,hifo,hifo
hi.so,hi.so,hiso,hiso
hi.vo,hi.vo,hivo,hivo
hi.zo,hi.zo,hizo,hizo
hi.ʃo,hi.ʃo,hiʃo,hiʃo
hi.ʒo,hi.ʒo,hiʒo,hiʒo
hi.θo,hi.θo,hiθo,hiθo
hi.ðo,hi.ðo,hiðo,hiðo
hi.ho,hi.ho,hiho,hiho
me.mi,me.mi,memi,memi
me.ni,me.ni,meni,meni
me.pi,me.pi,mepi,mepi
me.ti,me.ti,meti,meti
me.ki,me.ki,meki,meki
me.bi,me.bi,mebi,mebi
me.di,me.di,medi,medi
me.gi,me.gi,megi,megi
me.fi,me.fi,mefi,mefi
me.si,me.si,mesi,mesi
me.vi,me.vi,mevi,mevi
me.zi,me.zi,mezi,mezi
me.ʃi,me.ʃi,meʃi,meʃi
me.ʒi,me.ʒi,meʒi,meʒi
me.θi,me.θi,meθi,meθi
me.ði,me.ði,meði,meði
me.hi,me.hi,mehi,mehi
me.me,me.me,meme,meme
me.ne,me.ne,mene,mene
me.pe,me.pe,mepe,mepe
me.te,me.te,mete,mete
me.ke,me.ke,meke,meke
me.be,me.be,mebe,mebe
me.de,me.de,mede,mede
me.ge,me.ge,mege,mege
me.fe,me.fe,mefe,mefe
me.se,me.se,mese,mese
me.ve,me.ve,meve,meve
me.ze,me.ze,meze,meze
me.ʃe,me.ʃe,meʃe,meʃe
me.ʒe,me.ʒe,meʒe,meʒe
me.θe,me.θe,meθe,meθe
me.ðe,me.ðe,meðe,meðe
me.he,me.he,mehe,mehe
me.mu,me.mu,memu,memu
me.nu,me.nu,menu,menu
me.pu,me.pu,mepu,mepu
me.tu,me.tu,metu,metu
me.ku,me.ku,meku,meku
me.bu,me.bu,mebu,mebu
me.du,me.du,medu,medu
me.gu,me.gu,megu,megu
me.fu,me.fu,mefu,mefu
me.su,me.su,mesu,mesu
me.vu,me.vu,mevu,mevu
me.zu,me.zu,mezu,mezu
me.ʃu,me.ʃu,meʃu,meʃu
me.ʒu,me.ʒu,meʒu,meʒu
me.θu,me.θu,meθu,meθu
me.ðu,me.ðu,meðu,meðu
me.hu,me.hu,mehu,mehu
me.mo,me.mo,memo,memo
me.no,me.no,meno,meno
me.po,me.po,mepo,mepo
me.to,me.to,meto,meto
me.ko,me.ko,meko,meko
me.bo,me.bo,mebo,mebo
me.do,me.do,medo,medo
me.go,me.go,mego,mego
me.fo,me.fo,mefo,mefo
me.so,me.so,meso,meso
me.vo,me.vo,mevo,mevo
me.zo,me.zo,mezo,mezo
me.ʃo,me.ʃo,meʃo,meʃo
me.ʒo,me.ʒo,meʒo,meʒo
me.θo,me.θo,meθo,meθo
me.ðo,me.ðo,meðo,meðo
me.ho,me.ho,meho,meho
ne.mi,ne.mi,nemi,nemi
ne.ni,ne.ni,neni,neni
ne.pi,ne.pi,nepi,nepi
ne.ti,ne.ti,neti,neti
ne.ki,ne.ki,neki,neki
ne.bi,ne.bi,nebi,nebi
ne.di,ne.di,nedi,nedi
ne.gi,ne.gi,negi,negi
ne.fi,ne.fi,nefi,nefi
ne.si,ne.si,nesi,nesi
ne.vi,ne.vi,nevi,nevi
ne.zi,ne.zi,nezi,nezi
ne.ʃi,ne.ʃi,neʃi,neʃi
ne.ʒi,ne.ʒi,neʒi,neʒi
ne.θi,ne.θi,neθi,neθi
ne.ði,ne.ði,neði,neði
ne.hi,ne.hi,nehi,nehi
ne.me,ne.me,neme,neme
ne.ne,ne.ne,nene,nene
ne.pe,ne.pe,nepe,nepe
ne.te,ne.te,nete,nete
ne.ke,ne.ke,neke,neke
ne.be,ne.be,nebe,nebe
ne.de,ne.de,nede,nede
ne.ge,ne.ge,nege,nege
ne.fe,ne.fe,nefe,nefe
ne.se,ne.se,nese,nese
ne.ve,ne.ve,neve,neve
ne.ze,ne.ze,neze,neze
ne.ʃe,ne.ʃe,neʃe,neʃe
ne.ʒe,ne.ʒe,neʒe,neʒe
ne.θe,ne.θe,neθe,neθe
ne.ðe,ne.ðe,neðe,neðe
ne.he,ne.he,nehe,nehe
ne.mu,ne.mu,nemu,nemu
ne.nu,ne.nu,nenu,nenu
ne.pu,ne.pu,nepu,nepu
ne.tu,ne.tu,netu,netu
ne.ku,ne.ku,neku,neku
ne.bu,ne.bu,nebu,nebu
ne.du,ne.du,nedu,nedu
ne.gu,ne.gu,negu,negu
ne.fu,ne.fu,nefu,nefu
ne.su,ne.su,nesu,nesu
ne.vu,ne.vu,nevu,nevu
ne.zu,ne.zu,nezu,nezu
ne.ʃu,ne.ʃu,neʃu,neʃu
ne.ʒu,ne.ʒu,neʒu,neʒu
ne.θu,ne.θu,neθu,neθu
ne.ðu,ne.ðu,neðu,neðu
ne.hu,ne.hu,nehu,nehu
ne.mo,ne.mo,nemo,nemo
ne.no,ne.no,neno,neno
ne.po,ne.po,nepo,nepo
ne.to,ne.to,neto,neto
ne.ko,ne.ko,neko,neko
ne.bo,ne.bo,nebo,nebo
ne.do,ne.do,nedo,nedo
ne.go,ne.go,nego,nego
ne.fo,ne.fo,nefo,nefo
ne.so,ne.so,neso,neso
ne.vo,ne.vo,nevo,nevo
ne.zo,ne.zo,nezo,nezo
ne.ʃo,ne.ʃo,neʃo,neʃo
ne.ʒo,ne.ʒo,neʒo,neʒo
ne.θo,ne.θo,neθo,neθo
ne.ðo,ne.ðo,neðo,neðo
ne.ho,ne.ho,neho,neho
pe.mi,pe.mi,pemi,pemi
pe.ni,pe.ni,peni,peni
pe.pi,pe.pi,pepi,pepi
pe.ti,pe.ti,peti,peti
pe.ki,pe.ki,peki,peki
pe.bi,pe.bi,pebi,pebi
pe.di,pe.di,pedi,pedi
pe.gi,pe.gi,pegi,pegi
pe.fi,pe.fi,pefi,pefi
pe.si,pe.si,pesi,pesi
pe.vi,pe.vi,pevi,pevi
pe.zi,pe.zi,pezi,pezi
pe.ʃi,pe.ʃi,peʃi,peʃi
pe.ʒi,pe.ʒi,peʒi,peʒi
pe.θi,pe.θi,peθi,peθi
pe.ði,pe.ði,peði,peði
pe.hi,pe.hi,pehi,pehi
pe.me,pe.me,peme,peme
pe.ne,pe.ne,pene,pene
pe.pe,pe.pe,pepe,pepe
pe.te,pe.te,pete,pete
pe.ke,pe.ke,peke,peke
pe.be,pe.be,pebe,pebe
pe.de,pe.de,pede,pede
pe.ge,pe.ge,pege,pege
pe.fe,pe.fe,pefe,pefe
pe.se,pe.se,pese,pese
pe.ve,pe.ve,peve,peve
pe.ze,pe.ze,peze,peze
pe.ʃe,pe.ʃe,peʃe,peʃe
pe.ʒe,pe.ʒe,peʒe,peʒe
pe.θe,pe.θe,peθe,peθe
pe.ðe,pe.ðe,peðe,peðe
pe.he,pe.he,pehe,pehe
pe.mu,pe.mu,pemu,pemu
pe.nu,pe.nu,penu,penu
pe.pu,pe.pu,pepu,pepu
pe.tu,pe.tu,petu,petu
pe.ku,pe.ku,peku,peku
pe.bu,pe.bu,pebu,pebu
pe.du,pe.du,pedu,pedu
pe.gu,pe.gu,pegu,pegu
pe.fu,pe.fu,pefu,pefu
pe.su,pe.su,pesu,pesu
pe.vu,pe.vu,pevu,pevu
pe.zu,pe.zu,pezu,pezu
pe.ʃu,pe.ʃu,peʃu,peʃu
pe.ʒu,pe.ʒu,peʒu,peʒu
pe.θu,pe.θu,peθu,peθu
pe.ðu,pe.ðu,peðu,peðu
pe.hu,pe.hu,pehu,pehu
pe.mo,pe.mo,pemo,pemo
pe.no,pe.no,peno,peno
pe.po,pe.po,pepo,pepo
pe.to,pe.to,peto,peto
pe.ko,pe.ko,peko,peko
pe.bo,pe.bo,pebo,pebo
pe.do,pe.do,pedo,pedo
pe.go,pe.go,pego,pego
pe.fo,pe.fo,pefo,pefo
pe.so,pe.so,peso,peso
pe.vo,pe.vo,pevo,pevo
pe.zo,pe.zo,pezo,pezo
pe.ʃo,pe.ʃo,peʃo,peʃo
pe.ʒo,pe.ʒo,peʒo,peʒo
pe.θo,pe.θo,peθo,peθo
pe.ðo,pe.ðo,peðo,peðo
pe.ho,pe.ho,peho,peho
te.mi,te.mi,temi,temi
te.ni,te.ni,teni,teni
te.pi,te.pi,tepi,tepi
te.ti,te.ti,teti,teti
te.ki,te.ki,teki,teki
te.bi,te.bi,tebi,tebi
te.di,te.di,tedi,tedi
te.gi,te.gi,tegi,tegi
te.fi,te.fi,tefi,tefi
te.si,te.si,tesi,tesi
te.vi,te.vi,tevi,tevi
te.zi,te.zi,tezi,tezi
te.ʃi,te.ʃi,teʃi,teʃi
te.ʒi,te.ʒi,teʒi,teʒi
te.θi,te.θi,teθi,teθi
te.ði,te.ði,teði,teði
te.hi,te.hi,tehi,tehi
te.me,te.me,teme,teme
te.ne,te.ne,tene,tene
te.pe,te.pe,tepe,tepe
te.te,te.te,tete,tete
te.ke,te.ke,teke,teke
te.be,te.be,tebe,tebe
te.de,te.de,tede,tede
te.ge,te.ge,tege,tege
te.fe,te.fe,tefe,tefe
te.se,te.se,tese,tese
te.ve,te.ve,teve,teve
te.ze,te.ze,teze,teze
te.ʃe,te.ʃe,teʃe,teʃe
te.ʒe,te.ʒe,teʒe,teʒe
te.θe,te.θe,teθe,teθe
te.ðe,te.ðe,teðe,teðe
te.he,te.he,tehe,tehe
te.mu,te.mu,temu,temu
te.nu,te.nu,tenu,tenu
te.pu,te.pu,tepu,tepu
te.tu,te.tu,tetu,tetu
te.ku,te.ku,teku,teku
te.bu,te.bu,tebu,tebu
te.du,te.du,tedu,tedu
te.gu,te.gu,tegu,tegu
te.fu,te.fu,tefu,tefu
te.su,te.su,tesu,tesu
te.vu,te.vu,tevu,tevu
te.zu,te.zu,tezu,tezu
te.ʃu,te.ʃu,teʃu,teʃu
te.ʒu,te.ʒu,teʒu,teʒu
te.θu,te.θu,teθu,teθu
te.ðu,te.ðu,teðu,teðu
te.hu,te.hu,tehu,tehu
te.mo,te.mo,temo,temo
te.no,te.no,teno,teno
te.po,te.po,tepo,tepo
te.to,te.to,teto,teto
te.ko,te.ko,teko,teko
te.bo,te.bo,tebo,tebo
te.do,te.do,tedo,tedo
te.go,te.go,tego,tego
te.fo,te.fo,tefo,tefo
te.so,te.so,teso,teso
te.vo,te.vo,tevo,tevo
te.zo,te.zo,tezo,tezo
te.ʃo,te.ʃo,teʃo,teʃo
te.ʒo,te.ʒo,teʒo,teʒo
te.θo,te.θo,teθo,teθo
te.ðo,te.ðo,teðo,teðo
te.ho,te.ho,teho,teho
ke.mi,ke.mi,kemi,kemi
ke.ni,ke.ni,keni,keni
ke.pi,ke.pi,kepi,kepi
ke.ti,ke.ti,keti,keti
ke.ki,ke.ki,keki,keki
ke.bi,ke.bi,kebi,kebi
ke.di,ke.di,kedi,kedi
ke.gi,ke.gi,kegi,kegi
ke.fi,ke.fi,kefi,kefi
ke.si,ke.si,kesi,kesi
ke.vi,ke.vi,kevi,kevi
ke.zi,ke.zi,kezi,kezi
ke.ʃi,ke.ʃi,keʃi,keʃi
ke.ʒi,ke.ʒi,keʒi,keʒi
ke.θi,ke.θi,keθi,keθi
ke.ði,ke.ði,keði,keði
ke.hi,ke.hi,kehi,kehi
ke.me,ke.me,keme,keme
ke.ne,ke.ne,kene,kene
ke.pe,ke.pe,kepe,kepe
ke.te,ke.te,kete,kete
ke.ke,ke.ke,keke,keke
ke.be,ke.be,kebe,kebe
ke.de,ke.de,kede,kede
ke.ge,ke.ge,kege,kege
ke.fe,ke.fe,kefe,kefe
ke.se,ke.se,kese,kese
ke.ve,ke.ve,keve,keve
ke.ze,ke.ze,keze,keze
ke.ʃe,ke.ʃe,keʃe,keʃe
ke.ʒe,ke.ʒe,keʒe,keʒe
ke.θe,ke.θe,keθe,keθe
ke.ðe,ke.ðe,keðe,keðe
ke.he,ke.he,kehe,kehe
ke.mu,ke.mu,kemu,kemu
ke.nu,ke.nu,kenu,kenu
ke.pu,ke.pu,kepu,kepu
ke.tu,ke.tu,ketu,ketu
ke.ku,ke.ku,keku,keku
ke.bu,ke.bu,kebu,kebu
ke.du,ke.du,kedu,kedu
ke.gu,ke.gu,kegu,kegu
ke.fu,ke.fu,kefu,kefu
ke.su,ke.su,kesu,kesu
ke.vu,ke.vu,kevu,kevu
ke.zu,ke.zu,kezu,kezu
ke.ʃu,ke.ʃu,keʃu,keʃu
ke.ʒu,ke.ʒu,keʒu,keʒu
ke.θu,ke.θu,keθu,keθu
ke.ðu,ke.ðu,keðu,keðu
ke.hu,ke.hu,kehu,kehu
ke.mo,ke.mo,kemo,kemo
ke.no,ke.no,keno,keno
ke.po,ke.po,kepo,kepo
ke.to,ke.to,keto,keto
ke.ko,ke.ko,keko,keko
ke.bo,ke.bo,kebo,kebo
ke.do,ke.do,kedo,kedo
ke.go,ke.go,kego,kego
ke.fo,ke.fo,kefo,kefo
ke.so,ke.so,keso,keso
ke.vo,ke.vo,kevo,kevo
ke.zo,ke.zo,kezo,kezo
ke.ʃo,ke.ʃo,keʃo,keʃo
ke.ʒo,ke.ʒo,keʒo,keʒo
ke.θo,ke.θo,keθo,keθo
ke.ðo,ke.ðo,keðo,keðo
ke.ho,ke.ho,keho,keho
be.mi,be.mi,bemi,bemi
be.ni,be.ni,beni,beni
be.pi,be.pi,bepi,bepi
be.ti,be.ti,beti,beti
be.ki,be.ki,beki,beki
be.bi,be.bi,bebi,bebi
be.di,be.di,bedi,bedi
be.gi,be.gi,begi,begi
be.fi,be.fi,befi,befi
be.si,be.si,besi,besi
be.vi,be.vi,bevi,bevi
be.zi,be.zi,bezi,bezi
be.ʃi,be.ʃi,beʃi,beʃi
be.ʒi,be.ʒi,beʒi,beʒi
be.θi,be.θi,beθi,beθi
be.ði,be.ði,beði,beði
be.hi,be.hi,behi,behi
be.me,be.me,beme,beme
be.ne,be.ne,bene,bene
be.pe,be.pe,bepe,bepe
be.te,be.te,bete,bete
be.ke,be.ke,beke,beke
be.be,be.be,bebe,bebe
be.de,be.de,bede,bede
be.ge,be.ge,bege,bege
be.fe,be.fe,befe,befe
be.se,be.se,bese,bese
be.ve,be.ve,beve,beve
be.ze,be.ze,beze,beze
be.ʃe,be.ʃe,beʃe,beʃe
be.ʒe,be.ʒe,beʒe,beʒe
be.θe,be.θe,beθe,beθe
be.ðe,be.ðe,beðe,beðe
be.he,be.he,behe,behe
be.mu,be.mu,bemu,bemu
be.nu,be.nu,benu,benu
be.pu,be.pu,bepu,bepu
be.tu,be.tu,betu,betu
be.ku,be.ku,beku,beku
be.bu,be.bu,bebu,bebu
be.du,be.du,bedu,bedu
be.gu,be.gu,begu,begu
be.fu,be.fu,befu,befu
be.su,be.su,besu,besu
be.vu,be.vu,bevu,bevu
be.zu,be.zu,bezu,bezu
be.ʃu,be.ʃu,beʃu,beʃu
be.ʒu,be.ʒu,beʒu,beʒu
be.θu,be.θu,beθu,beθu
be.ðu,be.ðu,beðu,beðu
be.hu,be.hu,behu,behu
be.mo,be.mo,bemo,bemo
be.no,be.no,beno,beno
be.po,be.po,bepo,bepo
be.to,be.to,beto,beto
be.ko,be.ko,beko,beko
be.bo,be.bo,bebo,bebo
be.do,be.do,bedo,bedo
be.go,be.go,bego,bego
be.fo,be.fo,befo,befo
be.so,be.so,beso,beso
be.vo,be.vo,bevo,bevo
be.zo,be.zo,bezo,bezo
be.ʃo,be.ʃo,beʃo,beʃo
be.ʒo,be.ʒo,beʒo,beʒo
be.θo,be.θo,beθo,beθo
be.ðo,be.ðo,beðo,beðo
be.ho,be.ho,beho,beho
de.mi,de.mi,demi,demi
de.ni,de.ni,deni,deni
de.pi,de.pi,depi,depi
de.ti,de.ti,deti,deti
de.ki,de.ki,deki,deki
de.bi,de.bi,debi,debi
de.di,de.di,dedi,dedi
de.gi,de.gi,degi,degi
de.fi,de.fi,defi,defi
de.si,de.si,desi,desi
de.vi,de.vi,devi,devi
de.zi,de.zi,dezi,dezi
de.ʃi,de.ʃi,deʃi,deʃi
de.ʒi,de.ʒi,deʒi,deʒi
de.θi,de.θi,deθi,deθi
de.ði,de.ði,deði,deði
de.hi,de.hi,dehi,dehi
de.me,de.me,deme,deme
de.ne,de.ne,dene,dene
de.pe,de.pe,depe,depe
de.te,de.te,dete,dete
de.ke,de.ke,deke,deke
de.be,de.be,debe,debe
de.de,de.de,dede,dede
de.ge,de.ge,dege,dege
de.fe,de.fe,defe,defe
de.se,de.se,dese,dese
de.ve,de.ve,deve,deve
de.ze,de.ze,deze,deze
de.ʃe,de.ʃe,deʃe,deʃe
de.ʒe,de.ʒe,deʒe,deʒe
de.θe,de.θe,deθe,deθe
de.ðe,de.ðe,deðe,deðe
de.he,de.he,dehe,dehe
de.mu,de.mu,demu,demu
de.nu,de.nu,denu,denu
de.pu,de.pu,depu,depu
de.tu,de.tu,detu,detu
de.ku,de.ku,deku,deku
de.bu,de.bu,debu,debu
de.du,de.du,dedu,dedu
de.gu,de.gu,degu,degu
de.fu,de.fu,defu,defu
de.su,de.su,desu,desu
de.vu,de.vu,devu,devu
de.zu,de.zu,dezu,dezu
de.ʃu,de.ʃu,deʃu,deʃu
de.ʒu,de.ʒu,deʒu,deʒu
de.θu,de.θu,deθu,deθu
de.ðu,de.ðu,deðu,deðu
de.hu,de.hu,dehu,dehu
de.mo,de.mo,demo,demo
de.no,de.no,deno,deno
de.po,de.po,depo,depo
de.to,de.to,deto,deto
de.ko,de.ko,deko,deko
de.bo,de.bo,debo,debo
de.do,de.do,dedo,dedo
de.go,de.go,dego,dego
de.fo,de.fo,defo,defo
de.so,de.so,deso,deso
de.vo,de.vo,devo,devo
de.zo,de.zo,dezo,dezo
de.ʃo,de.ʃo,deʃo,deʃo
de.ʒo,de.ʒo,deʒo,deʒo
de.θo,de.θo,deθo,deθo
de.ðo,de.ðo,deðo,deðo
de.ho,de.ho,deho,deho
ge.mi,ge.mi,gemi,gemi
ge.ni,ge.ni,geni,geni
ge.pi,ge.pi,gepi,gepi
ge.ti,ge.ti,geti,geti
ge.ki,ge.ki,geki,geki
ge.bi,ge.bi,gebi,gebi
ge.di,ge.di,gedi,gedi
ge.gi,ge.gi,gegi,gegi
ge.fi,ge.fi,gefi,gefi
ge.si,ge.si,gesi,gesi
ge.vi,ge.vi,gevi,gevi
ge.zi,ge.zi,gezi,gezi
ge.ʃi,ge.ʃi,geʃi,geʃi
ge.ʒi,ge.ʒi,geʒi,geʒi
ge.θi,ge.θi,geθi,geθi
ge.ði,ge.ði,geði,geði
ge.hi,ge.hi,gehi,gehi
ge.me,ge.me,geme,geme
ge.ne,ge.ne,gene,gene
ge.pe,ge.pe,gepe,gepe
ge.te,ge.te,gete,gete
ge.ke,ge.ke,geke,geke
ge.be,ge.be,gebe,gebe
ge.de,ge.de,gede,gede
ge.ge,ge.ge,gege,gege
ge.fe,ge.fe,gefe,gefe
ge.se,ge.se,gese,gese
ge.ve,ge.ve,geve,geve
ge.ze,ge.ze,geze,geze
ge.ʃe,ge.ʃe,geʃe,geʃe
ge.ʒe,ge.ʒe,geʒe,geʒe
ge.θe,ge.θe,geθe,geθe
ge.ðe,ge.ðe,geðe,geðe
ge.he,ge.he,gehe,gehe
ge.mu,ge.mu,gemu,gemu
ge.nu,ge.nu,genu,genu
ge.pu,ge.pu,gepu,gepu
ge.tu,ge.tu,getu,getu
ge.ku,ge.ku,geku,geku
ge.bu,ge.bu,gebu,gebu
ge.du,ge.du,gedu,gedu
ge.gu,ge.gu,gegu,gegu
ge.fu,ge.fu,gefu,gefu
ge.su,ge.su,gesu,gesu
ge.vu,ge.vu,gevu,gevu
ge.zu,ge.zu,gezu,gezu
ge.ʃu,ge.ʃu,geʃu,geʃu
ge.ʒu,ge.ʒu,geʒu,geʒu
ge.θu,ge.θu,geθu,geθu
ge.ðu,ge.ðu,geðu,geðu
ge.hu,ge.hu,gehu,gehu
ge.mo,ge.mo,gemo,gemo
ge.no,ge.no,geno,geno
ge.po,ge.po,gepo,gepo
ge.to,ge.to,geto,geto
ge.ko,ge.ko,geko,geko
ge.bo,ge.bo,gebo,gebo
ge.do,ge.do,gedo,gedo
ge.go,ge.go,gego,gego
ge.fo,ge.fo,gefo,gefo
ge.so,ge.so,geso,geso
ge.vo,ge.vo,gevo,gevo
ge.zo,ge.zo,gezo,gezo
ge.ʃo,ge.ʃo,geʃo,geʃo
ge.ʒo,ge.ʒo,geʒo,geʒo
ge.θo,ge.θo,geθo,geθo
ge.ðo,ge.ðo,geðo,geðo
ge.ho,ge.ho,geho,geho
fe.mi,fe.mi,femi,femi
fe.ni,fe.ni,feni,feni
fe.pi,fe.pi,fepi,fepi
fe.ti,fe.ti,feti,feti
fe.ki,fe.ki,feki,feki
fe.bi,fe.bi,febi,febi
fe.di,fe.di,fedi,fedi
fe.gi,fe.gi,fegi,fegi
fe.fi,fe.fi,fefi,fefi
fe.si,fe.si,fesi,fesi
fe.vi,fe.vi,fevi,fevi
fe.zi,fe.zi,fezi,fezi
fe.ʃi,fe.ʃi,feʃi,feʃi
fe.ʒi,fe.ʒi,feʒi,feʒi
fe.θi,fe.θi,feθi,feθi
fe.ði,fe.ði,feði,feði
fe.hi,fe.hi,fehi,fehi
fe.me,fe.me,feme,feme
fe.ne,fe.ne,fene,fene
fe.pe,fe.pe,fepe,fepe
fe.te,fe.te,fete,fete
fe.ke,fe.ke,feke,feke
fe.be,fe.be,febe,febe
fe.de,fe.de,fede,fede
fe.ge,fe.ge,fege,fege
fe.fe,fe.fe,fefe,fefe
fe.se,fe.se,fese,fese
fe.ve,fe.ve,feve,feve
fe.ze,fe.ze,feze,feze
fe.ʃe,fe.ʃe,feʃe,feʃe
fe.ʒe,fe.ʒe,feʒe,feʒe
fe.θe,fe.θe,feθe,feθe
fe.ðe,fe.ðe,feðe,feðe
fe.he,fe.he,fehe,fehe
fe.mu,fe.mu,femu,femu
fe.nu,fe.nu,fenu,fenu
fe.pu,fe.pu,fepu,fepu
fe.tu,fe.tu,fetu,fetu
fe.ku,fe.ku,feku,feku
fe.bu,fe.bu,febu,febu
fe.du,fe.du,fedu,fedu
fe.gu,fe.gu,fegu,fegu
fe.fu,fe.fu,fefu,fefu
fe.su,fe.su,fesu,fesu
fe.vu,fe.vu,fevu,fevu
fe.zu,fe.zu,fezu,fezu
fe.ʃu,fe.ʃu,feʃu,feʃu
fe.ʒu,fe.ʒu,feʒu,feʒu
fe.θu,fe.θu,feθu,feθu
fe.ðu,fe.ðu,feðu,feðu
fe.hu,fe.hu,fehu,fehu
fe.mo,fe.mo,femo,femo
fe.no,fe.no,feno,feno
fe.po,fe.po,fepo,fepo
fe.to,fe.to,feto,feto
fe.ko,fe.ko,feko,feko
fe.bo,fe.bo,febo,febo
fe.do,fe.do,fedo,fedo
fe.go,fe.go,fego,fego
fe.fo,fe.fo,fefo,fefo
fe.so,fe.so,feso,feso
fe.vo,fe.vo,fevo,fevo
fe.zo,fe.zo,fezo,fezo
fe.ʃo,fe.ʃo,feʃo,feʃo
fe.ʒo,fe.ʒo,feʒo,feʒo
fe.θo,fe.θo,feθo,feθo
fe.ðo,fe.ðo,feðo,feðo
fe.ho,fe.ho,feho,feho
se.mi,se.mi,semi,semi
se.ni,se.ni,seni,seni
se.pi,se.pi,sepi,sepi
se.ti,se.ti,seti,seti
se.ki,se.ki,seki,seki
se.bi,se.bi,sebi,sebi
se.di,se.di,sedi,sedi
se.gi,se.gi,segi,segi
se.fi,se.fi,sefi,sefi
se.si,se.si,sesi,sesi
se.vi,se.vi,sevi,sevi
se.zi,se.zi,sezi,sezi
se.ʃi,se.ʃi,seʃi,seʃi
se.ʒi,se.ʒi,seʒi,seʒi
se.θi,se.θi,seθi,seθi
se.ði,se.ði,seði,seði
se.hi,se.hi,sehi,sehi
se.me,se.me,seme,seme
se.ne,se.ne,sene,sene
se.pe,se.pe,sepe,sepe
se.te,se.te,sete,sete
se.ke,se.ke,seke,seke
se.be,se.be,sebe,sebe
se.de,se.de,sede,sede
se.ge,se.ge,sege,sege
se.fe,se.fe,sefe,sefe
se.se,se.se,sese,sese
se.ve,se.ve,seve,seve
se.ze,se.ze,seze,seze
se.ʃe,se.ʃe,seʃe,seʃe
se.ʒe,se.ʒe,seʒe,seʒe
se.θe,se.θe,seθe,seθe
se.ðe,se.ðe,seðe,seðe
se.he,se.he,sehe,sehe
se.mu,se.mu,semu,semu
se.nu,se.nu,senu,senu
se.pu,se.pu,sepu,sepu
se.tu,se.tu,setu,setu
se.ku,se.ku,seku,seku
se.bu,se.bu,sebu,sebu
se.du,se.du,sedu,sedu
se.gu,se.gu,segu,segu
se.fu,se.fu,sefu,sefu
se.su,se.su,sesu,sesu
se.vu,se.vu,sevu,sevu
se.zu,se.zu,sezu,sezu
se.ʃu,se.ʃu,seʃu,seʃu
se.ʒu,se.ʒu,seʒu,seʒu
se.θu,se.θu,seθu,seθu
se.ðu,se.ðu,seðu,seðu
se.hu,se.hu,sehu,sehu
se.mo,se.mo,semo,semo
se.no,se.no,seno,seno
se.po,se.po,sepo,sepo
se.to,se.to,seto,seto
se.ko,se.ko,seko,seko
se.bo,se.bo,sebo,sebo
se.do,se.do,sedo,sedo
se.go,se.go,sego,sego
se.fo,se.fo,sefo,sefo
se.so,se.so,seso,seso
se.vo,se.vo,sevo,sevo
se.zo,se.zo,sezo,sezo
se.ʃo,se.ʃo,seʃo,seʃo
se.ʒo,se.ʒo,seʒo,seʒo
se.θo,se.θo,seθo,seθo
se.ðo,se.ðo,seðo,seðo
se.ho,se.ho,seho,seho
ve.mi,ve.mi,vemi,vemi
ve.ni,ve.ni,veni,veni
ve.pi,ve.pi,vepi,vepi
ve.ti,ve.ti,veti,veti
ve.ki,ve.ki,veki,veki
ve.bi,ve.bi,vebi,vebi
ve.di,ve.di,vedi,vedi
ve.gi,ve.gi,vegi,vegi
ve.fi,ve.fi,vefi,vefi
ve.si,ve.si,vesi,vesi
ve.vi,ve.vi,vevi,vevi
ve.zi,ve.zi,vezi,vezi
ve.ʃi,ve.ʃi,veʃi,veʃi
ve.ʒi,ve.ʒi,veʒi,veʒi
ve.θi,ve.θi,veθi,veθi
ve.ði,ve.ði,veði,veði
ve.hi,ve.hi,vehi,vehi
ve.me,ve.me,veme,veme
ve.ne,ve.ne,vene,vene
ve.pe,ve.pe,vepe,vepe
ve.te,ve.te,vete,vete
ve.ke,ve.ke,veke,veke
ve.be,ve.be,vebe,vebe
ve.de,ve.de,vede,vede
ve.ge,ve.ge,vege,vege
ve.fe,ve.fe,vefe,vefe
ve.se,ve.se,vese,vese
ve.ve,ve.ve,veve,veve
ve.ze,ve.ze,veze,veze
ve.ʃe,ve.ʃe,veʃe,veʃe
ve.ʒe,ve.ʒe,veʒe,veʒe
ve.θe,ve.θe,veθe,veθe
ve.ðe,ve.ðe,veðe,veðe
ve.he,ve.he,vehe,vehe
ve.mu,ve.mu,vemu,vemu
ve.nu,ve.nu,venu,venu
ve.pu,ve.pu,vepu,vepu
ve.tu,ve.tu,vetu,vetu
ve.ku,ve.ku,veku,veku
ve.bu,ve.bu,vebu,vebu
ve.du,ve.du,vedu,vedu
ve.gu,ve.gu,vegu,vegu
ve.fu,ve.fu,vefu,vefu
ve.su,ve.su,vesu,vesu
ve.vu,ve.vu,vevu,vevu
ve.zu,ve.zu,vezu,vezu
ve.ʃu,ve.ʃu,veʃu,veʃu
ve.ʒu,ve.ʒu,veʒu,veʒu
ve.θu,ve.θu,veθu,veθu
ve.ðu,ve.ðu,veðu,veðu
ve.hu,ve.hu,vehu,vehu
ve.mo,ve.mo,vemo,vemo
ve.no,ve.no,veno,veno
ve.po,ve.po,vepo,vepo
ve.to,ve.to,veto,veto
ve.ko,ve.ko,veko,veko
ve.bo,ve.bo,vebo,vebo
ve.do,ve.do,vedo,vedo
ve.go,ve.go,vego,vego
ve.fo,ve.fo,vefo,vefo
ve.so,ve.so,veso,veso
ve.vo,ve.vo,vevo,vevo
ve.zo,ve.zo,vezo,vezo
ve.ʃo,ve.ʃo,veʃo,veʃo
ve.ʒo,ve.ʒo,veʒo,veʒo
ve.θo,ve.θo,veθo,veθo
ve.ðo,ve.ðo,veðo,veðo
ve.ho,ve.ho,veho,veho
ze.mi,ze.mi,zemi,zemi
ze.ni,ze.ni,zeni,zeni
ze.pi,ze.pi,zepi,zepi
ze.ti,ze.ti,zeti,zeti
ze.ki,ze.ki,zeki,zeki
ze.bi,ze.bi,zebi,zebi
ze.di,ze.di,zedi,zedi
ze.gi,ze.gi,zegi,zegi
ze.fi,ze.fi,zefi,zefi
ze.si,ze.si,zesi,zesi
ze.vi,ze.vi,zevi,zevi
ze.zi,ze.zi,zezi,zezi
ze.ʃi,ze.ʃi,zeʃi,zeʃi
ze.ʒi,ze.ʒi,zeʒi,zeʒi
ze.θi,ze.θi,zeθi,zeθi
ze.ði,ze.ði,zeði,zeði
ze.hi,ze.hi,zehi,zehi
ze.me,ze.me,zeme,zeme
ze.ne,ze.ne,zene,zene
ze.pe,ze.pe,zepe,zepe
ze.te,ze.te,zete,zete
ze.ke,ze.ke,zeke,zeke
ze.be,ze.be,zebe,zebe
ze.de,ze.de,zede,zede
ze.ge,ze.ge,zege,zege
ze.fe,ze.fe,zefe,zefe
ze.se,ze.se,zese,zese
ze.ve,ze.ve,zeve,zeve
ze.ze,ze.ze,zeze,zeze
ze.ʃe,ze.ʃe,zeʃe,zeʃe
ze.ʒe,ze.ʒe,zeʒe,zeʒe
ze.θe,ze.θe,zeθe,zeθe
ze.ðe,ze.ðe,zeðe,zeðe
ze.he,ze.he,zehe,zehe
ze.mu,ze.mu,zemu,zemu
ze.nu,ze.nu,zenu,zenu
ze.pu,ze.pu,zepu,zepu
ze.tu,ze.tu,zetu,zetu
ze.ku,ze.ku,zeku,zeku
ze.bu,ze.bu,zebu,zebu
ze.du,ze.du,zedu,zedu
ze.gu,ze.gu,zegu,zegu
ze.fu,ze.fu,zefu,zefu
ze.su,ze.su,zesu,zesu
ze.vu,ze.vu,zevu,zevu
ze.zu,ze.zu,zezu,zezu
ze.ʃu,ze.ʃu,zeʃu,zeʃu
ze.ʒu,ze.ʒu,zeʒu,zeʒu
ze.θu,ze.θu,zeθu,zeθu
ze.ðu,ze.ðu,zeðu,zeðu
ze.hu,ze.hu,zehu,zehu
ze.mo,ze.mo,zemo,zemo
ze.no,ze.no,zeno,zeno
ze.po,ze.po,zepo,zepo
ze.to,ze.to,zeto,zeto
ze.ko,ze.ko,zeko,zeko
ze.bo,ze.bo,zebo,zebo
ze.do,ze.do,zedo,zedo
ze.go,ze.go,zego,zego
ze.fo,ze.fo,zefo,zefo
ze.so,ze.so,zeso,zeso
ze.vo,ze.vo,zevo,zevo
ze.zo,ze.zo,zezo,zezo
ze.ʃo,ze.ʃo,zeʃo,zeʃo
ze.ʒo,ze.ʒo,zeʒo,zeʒo
ze.θo,ze.θo,zeθo,zeθo
ze.ðo,ze.ðo,zeðo,zeðo
ze.ho,ze.ho,zeho,zeho
ʃe.mi,ʃe.mi,ʃemi,ʃemi
ʃe.ni,ʃe.ni,ʃeni,ʃeni
ʃe.pi,ʃe.pi,ʃepi,ʃepi
ʃe.ti,ʃe.ti,ʃeti,ʃeti
ʃe.ki,ʃe.ki,ʃeki,ʃeki
ʃe.bi,ʃe.bi,ʃebi,ʃebi
ʃe.di,ʃe.di,ʃedi,ʃedi
ʃe.gi,ʃe.gi,ʃegi,ʃegi
ʃe.fi,ʃe.fi,ʃefi,ʃefi
ʃe.si,ʃe.si,ʃesi,ʃesi
ʃe.vi,ʃe.vi,ʃevi,ʃevi
ʃe.zi,ʃe.zi,ʃezi,ʃezi
ʃe.ʃi,ʃe.ʃi,ʃeʃi,ʃeʃi
ʃe.ʒi,ʃe.ʒi,ʃeʒi,ʃeʒi
ʃe.θi,ʃe.θi,ʃeθi,ʃeθi
ʃe.ði,ʃe.ði,ʃeði,ʃeði
ʃe.hi,ʃe.hi,ʃehi,ʃehi
ʃe.me,ʃe.me,ʃeme,ʃeme
ʃe.ne,ʃe.ne,ʃene,ʃene
ʃe.pe,ʃe.pe,ʃepe,ʃepe
ʃe.te,ʃe.te,ʃete,ʃete
ʃe.ke,ʃe.ke,ʃeke,ʃeke
ʃe.be,ʃe.be,ʃebe,ʃebe
ʃe.de,ʃe.de,ʃede,ʃede
ʃe.ge,ʃe.ge,ʃege,ʃege
ʃe.fe,ʃe.fe,ʃefe,ʃefe
ʃe.se,ʃe.se,ʃese,ʃese
ʃe.ve,ʃe.ve,ʃeve,ʃeve
ʃe.ze,ʃe.ze,ʃeze,ʃeze
ʃe.ʃe,ʃe.ʃe,ʃeʃe,ʃeʃe
ʃe.ʒe,ʃe.ʒe,ʃeʒe,ʃeʒe
ʃe.θe,ʃe.θe,ʃeθe,ʃeθe
ʃe.ðe,ʃe.ðe,ʃeðe,ʃeðe
ʃe.he,ʃe.he,ʃehe,ʃehe
ʃe.mu,ʃe.mu,ʃemu,ʃemu
ʃe.nu,ʃe.nu,ʃenu,ʃenu
ʃe.pu,ʃe.pu,ʃepu,ʃepu
ʃe.tu,ʃe.tu,ʃetu,ʃetu
ʃe.ku,ʃe.ku,ʃeku,ʃeku
ʃe.bu,ʃe.bu,ʃebu,ʃebu
ʃe.du,ʃe.du,ʃedu,ʃedu
ʃe.gu,ʃe.gu,ʃegu,ʃegu
ʃe.fu,ʃe.fu,ʃefu,ʃefu
ʃe.su,ʃe.su,ʃesu,ʃesu
ʃe.vu,ʃe.vu,ʃevu,ʃevu
ʃe.zu,ʃe.zu,ʃezu,ʃezu
ʃe.ʃu,ʃe.ʃu,ʃeʃu,ʃeʃu
ʃe.ʒu,ʃe.ʒu,ʃeʒu,ʃeʒu
ʃe.θu,ʃe.θu,ʃeθu,ʃeθu
ʃe.ðu,ʃe.ðu,ʃeðu,ʃeðu
ʃe.hu,ʃe.hu,ʃehu,ʃehu
ʃe.mo,ʃe.mo,ʃemo,ʃemo
ʃe.no,ʃe.no,ʃeno,ʃeno
ʃe.po,ʃe.po,ʃepo,ʃepo
ʃe.to,ʃe.to,ʃeto,ʃeto
ʃe.ko,ʃe.ko,ʃeko,ʃeko
ʃe.bo,ʃe.bo,ʃebo,ʃebo
ʃe.do,ʃe.do,ʃedo,ʃedo
ʃe.go,ʃe.go,ʃego,ʃego
ʃe.fo,ʃe.fo,ʃefo,ʃefo
ʃe.so,ʃe.so,ʃeso,ʃeso
ʃe.vo,ʃe.vo,ʃevo,ʃevo
ʃe.zo,ʃe.zo,ʃezo,ʃezo
ʃe.ʃo,ʃe.ʃo,ʃeʃo,ʃeʃo
ʃe.ʒo,ʃe.ʒo,ʃeʒo,ʃeʒo
ʃe.θo,ʃe.θo,ʃeθo,ʃeθo
ʃe.ðo,ʃe.ðo,ʃeðo,ʃeðo
ʃe.ho,ʃe.ho,ʃeho,ʃeho
ʒe.mi,ʒe.mi,ʒemi,ʒemi
ʒe.ni,ʒe.ni,ʒeni,ʒeni
ʒe.pi,ʒe.pi,ʒepi,ʒepi
ʒe.ti,ʒe.ti,ʒeti,ʒeti
ʒe.ki,ʒe.ki,ʒeki,ʒeki
ʒe.bi,ʒe.bi,ʒebi,ʒebi
ʒe.di,ʒe.di,ʒedi,ʒedi
ʒe.gi,ʒe.gi,ʒegi,ʒegi
ʒe.fi,ʒe.fi,ʒefi,ʒefi
ʒe.si,ʒe.si,ʒesi,ʒesi
ʒe.vi,ʒe.vi,ʒevi,ʒevi
ʒe.zi,ʒe.zi,ʒezi,ʒezi
ʒe.ʃi,ʒe.ʃi,ʒeʃi,ʒeʃi
ʒe.ʒi,ʒe.ʒi,ʒeʒi,ʒeʒi
ʒe.θi,ʒe.θi,ʒeθi,ʒeθi
ʒe.ði,ʒe.ði,ʒeði,ʒeði
ʒe.hi,ʒe.hi,ʒehi,ʒehi
ʒe.me,ʒe.me,ʒeme,ʒeme
ʒe.ne,ʒe.ne,ʒene,ʒene
ʒe.pe,ʒe.pe,ʒepe,ʒepe
ʒe.te,ʒe.te,ʒete,ʒete
ʒe.ke,ʒe.ke,ʒeke,ʒeke
ʒe.be,ʒe.be,ʒebe,ʒebe
ʒe.de,ʒe.de,ʒede,ʒede
ʒe.ge,ʒe.ge,ʒege,ʒege
ʒe.fe,ʒe.fe,ʒefe,ʒefe
ʒe.se,ʒe.se,ʒese,ʒese
ʒe.ve,ʒe.ve,ʒeve,ʒeve
ʒe.ze,ʒe.ze,ʒeze,ʒeze
ʒe.ʃe,ʒe.ʃe,ʒeʃe,ʒeʃe
ʒe.ʒe,ʒe.ʒe,ʒeʒe,ʒeʒe
ʒe.θe,ʒe.θe,ʒeθe,ʒeθe
ʒe.ðe,ʒe.ðe,ʒeðe,ʒeðe
ʒe.he,ʒe.he,ʒehe,ʒehe
ʒe.mu,ʒe.mu,ʒemu,ʒemu
ʒe.nu,ʒe.nu,ʒenu,ʒenu
ʒe.pu,ʒe.pu,ʒepu,ʒepu
ʒe.tu,ʒe.tu,ʒetu,ʒetu
ʒe.ku,ʒe.ku,ʒeku,ʒeku
ʒe.bu,ʒe.bu,ʒebu,ʒebu
ʒe.du,ʒe.du,ʒedu,ʒedu
ʒe.gu,ʒe.gu,ʒegu,ʒegu
ʒe.fu,ʒe.fu,ʒefu,ʒefu
ʒe.su,ʒe.su,ʒesu,ʒesu
ʒe.vu,ʒe.vu,ʒevu,ʒevu
ʒe.zu,ʒe.zu,ʒezu,ʒezu
ʒe.ʃu,ʒe.ʃu,ʒeʃu,ʒeʃu
ʒe.ʒu,ʒe.ʒu,ʒeʒu,ʒeʒu
ʒe.θu,ʒe.θu,ʒeθu,ʒeθu
ʒe.ðu,ʒe.ðu,ʒeðu,ʒeðu
ʒe.hu,ʒe.hu,ʒehu,ʒehu
ʒe.mo,ʒe.mo,ʒemo,ʒemo
ʒe.no,ʒe.no,ʒeno,ʒeno
ʒe.po,ʒe.po,ʒepo,ʒepo
ʒe.to,ʒe.to,ʒeto,ʒeto
ʒe.ko,ʒe.ko,ʒeko,ʒeko
ʒe.bo,ʒe.bo,ʒebo,ʒebo
ʒe.do,ʒe.do,ʒedo,ʒedo
ʒe.go,ʒe.go,ʒego,ʒego
ʒe.fo,ʒe.fo,ʒefo,ʒefo
ʒe.so,ʒe.so,ʒeso,ʒeso
ʒe.vo,ʒe.vo,ʒevo,ʒevo
ʒe.zo,ʒe.zo,ʒezo,ʒezo
ʒe.ʃo,ʒe.ʃo,ʒeʃo,ʒeʃo
ʒe.ʒo,ʒe.ʒo,ʒeʒo,ʒeʒo
ʒe.θo,ʒe.θo,ʒeθo,ʒeθo
ʒe.ðo,ʒe.ðo,ʒeðo,ʒeðo
ʒe.ho,ʒe.ho,ʒeho,ʒeho
θe.mi,θe.mi,θemi,θemi
θe.ni,θe.ni,θeni,θeni
θe.pi,θe.pi,θepi,θepi
θe.ti,θe.ti,θeti,θeti
θe.ki,θe.ki,θeki,θeki
θe.bi,θe.bi,θebi,θebi
θe.di,θe.di,θedi,θedi
θe.gi,θe.gi,θegi,θegi
θe.fi,θe.fi,θefi,θefi
θe.si,θe.si,θesi,θesi
θe.vi,θe.vi,θevi,θevi
θe.zi,θe.zi,θezi,θezi
θe.ʃi,θe.ʃi,θeʃi,θeʃi
θe.ʒi,θe.ʒi,θeʒi,θeʒi
θe.θi,θe.θi,θeθi,θeθi
θe.ði,θe.ði,θeði,θeði
θe.hi,θe.hi,θehi,θehi
θe.me,θe.me,θeme,θeme
θe.ne,θe.ne,θene,θene
θe.pe,θe.pe,θepe,θepe
θe.te,θe.te,θete,θete
θe.ke,θe.ke,θeke,θeke
θe.be,θe.be,θebe,θebe
θe.de,θe.de,θede,θede
θe.ge,θe.ge,θege,θege
θe.fe,θe.fe,θefe,θefe
θe.se,θe.se,θese,θese
θe.ve,θe.ve,θeve,θeve
θe.ze,θe.ze,θeze,θeze
θe.ʃe,θe.ʃe,θeʃe,θeʃe
θe.ʒe,θe.ʒe,θeʒe,θeʒe
θe.θe,θe.θe,θeθe,θeθe
θe.ðe,θe.ðe,θeðe,θeðe
θe.he,θe.he,θehe,θehe
θe.mu,θe.mu,θemu,θemu
θe.nu,θe.nu,θenu,θenu
θe.pu,θe.pu,θepu,θepu
θe.tu,θe.tu,θetu,θetu
θe.ku,θe.ku,θeku,θeku
θe.bu,θe.bu,θebu,θebu
θe.du,θe.du,θedu,θedu
θe.gu,θe.gu,θegu,θegu
θe.fu,θe.fu,θefu,θefu
θe.su,θe.su,θesu,θesu
θe.vu,θe.vu,θevu,θevu
θe.zu,θe.zu,θezu,θezu
θe.ʃu,θe.ʃu,θeʃu,θeʃu
θe.ʒu,θe.ʒu,θeʒu,θeʒu
θe.θu,θe.θu,θeθu,θeθu
θe.ðu,θe.ðu,θeðu,θeðu
θe.hu,θe.hu,θehu,θehu
θe.mo,θe.mo,θemo,θemo
θe.no,θe.no,θeno,θeno
θe.po,θe.po,θepo,θepo
θe.to,θe.to,θeto,θeto
θe.ko,θe.ko,θeko,θeko
θe.bo,θe.bo,θebo,θebo
θe.do,θe.do,θedo,θedo
θe.go,θe.go,θego,θego
θe.fo,θe.fo,θefo,θefo
θe.so,θe.so,θeso,θeso
θe.vo,θe.vo,θevo,θevo
θe.zo,θe.zo,θezo,θezo
θe.ʃo,θe.ʃo,θeʃo,θeʃo
θe.ʒo,θe.ʒo,θeʒo,θeʒo
θe.θo,θe.θo,θeθo,θeθo
θe.ðo,θe.ðo,θeðo,θeðo
θe.ho,θe.ho,θeho,θeho
ðe.mi,ðe.mi,ðemi,ðemi
ðe.ni,ðe.ni,ðeni,ðeni
ðe.pi,ðe.pi,ðepi,ðepi
ðe.ti,ðe.ti,ðeti,ðeti
ðe.ki,ðe.ki,ðeki,ðeki
ðe.bi,ðe.bi,ðebi,ðebi
ðe.di,ðe.di,ðedi,ðedi
ðe.gi,ðe.gi,ðegi,ðegi
ðe.fi,ðe.fi,ðefi,ðefi
ðe.si,ðe.si,ðesi,ðesi
ðe.vi,ðe.vi,ðevi,ðevi
ðe.zi,ðe.zi,ðezi,ðezi
ðe.ʃi,ðe.ʃi,ðeʃi,ðeʃi
ðe.ʒi,ðe.ʒi,ðeʒi,ðeʒi
ðe.θi,ðe.θi,ðeθi,ðeθi
ðe.ði,ðe.ði,ðeði,ðeði
ðe.hi,ðe.hi,ðehi,ðehi
ðe.me,ðe.me,ðeme,ðeme
ðe.ne,ðe.ne,ðene,ðene
ðe.pe,ðe.pe,ðepe,ðepe
ðe.te,ðe.te,ðete,ðete
ðe.ke,ðe.ke,ðeke,ðeke
ðe.be,ðe.be,ðebe,ðebe
ðe.de,ðe.de,ðede,ðede
ðe.ge,ðe.ge,ðege,ðege
ðe.fe,ðe.fe,ðefe,ðefe
ðe.se,ðe.se,ðese,ðese
ðe.ve,ðe.ve,ðeve,ðeve
ðe.ze,ðe.ze,ðeze,ðeze
ðe.ʃe,ðe.ʃe,ðeʃe,ðeʃe
ðe.ʒe,ðe.ʒe,ðeʒe,ðeʒe
ðe.θe,ðe.θe,ðeθe,ðeθe
ðe.ðe,ðe.ðe,ðeðe,ðeðe
ðe.he,ðe.he,ðehe,ðehe
ðe.mu,ðe.mu,ðemu,ðemu
ðe.nu,ðe.nu,ðenu,ðenu
ðe.pu,ðe.pu,ðepu,ðepu
ðe.tu,ðe.tu,ðetu,ðetu
ðe.ku,ðe.ku,ðeku,ðeku
ðe.bu,ðe.bu,ðebu,ðebu
ðe.du,ðe.du,ðedu,ðedu
ðe.gu,ðe.gu,ðegu,ðegu
ðe.fu,ðe.fu,ðefu,ðefu
ðe.su,ðe.su,ðesu,ðesu
ðe.vu,ðe.vu,ðevu,ðevu
ðe.zu,ðe.zu,ðezu,ðezu
ðe.ʃu,ðe.ʃu,ðeʃu,ðeʃu
ðe.ʒu,ðe.ʒu,ðeʒu,ðeʒu
ðe.θu,ðe.θu,ðeθu,ðeθu
ðe.ðu,ðe.ðu,ðeðu,ðeðu
ðe.hu,ðe.hu,ðehu,ðehu
ðe.mo,ðe.mo,ðemo,ðemo
ðe.no,ðe.no,ðeno,ðeno
ðe.po,ðe.po,ðepo,ðepo
ðe.to,ðe.to,ðeto,ðeto
ðe.ko,ðe.ko,ðeko,ðeko
ðe.bo,ðe.bo,ðebo,ðebo
ðe.do,ðe.do,ðedo,ðedo
ðe.go,ðe.go,ðego,ðego
ðe.fo,ðe.fo,ðefo,ðefo
ðe.so,ðe.so,ðeso,ðeso
ðe.vo,ðe.vo,ðevo,ðevo
ðe.zo,ðe.zo,ðezo,ðezo
ðe.ʃo,ðe.ʃo,ðeʃo,ðeʃo
ðe.ʒo,ðe.ʒo,ðeʒo,ðeʒo
ðe.θo,ðe.θo,ðeθo,ðeθo
ðe.ðo,ðe.ðo,ðeðo,ðeðo
ðe.ho,ðe.ho,ðeho,ðeho
he.mi,he.mi,hemi,hemi
he.ni,he.ni,heni,heni
he.pi,he.pi,hepi,hepi
he.ti,he.ti,heti,heti
he.ki,he.ki,heki,heki
he.bi,he.bi,hebi,hebi
he.di,he.di,hedi,hedi
he.gi,he.gi,hegi,hegi
he.fi,he.fi,hefi,hefi
he.si,he.si,hesi,hesi
he.vi,he.vi,hevi,hevi
he.zi,he.zi,hezi,hezi
he.ʃi,he.ʃi,heʃi,heʃi
he.ʒi,he.ʒi,heʒi,heʒi
he.θi,he.θi,heθi,heθi
he.ði,he.ði,heði,heði
he.hi,he.hi,hehi,hehi
he.me,he.me,heme,heme
he.ne,he.ne,hene,hene
he.pe,he.pe,hepe,hepe
he.te,he.te,hete,hete
he.ke,he.ke,heke,heke
he.be,he.be,hebe,hebe
he.de,he.de,hede,hede
he.ge,he.ge,hege,hege
he.fe,he.fe,hefe,hefe
he.se,he.se,hese,hese
he.ve,he.ve,heve,heve
he.ze,he.ze,heze,heze
he.ʃe,he.ʃe,heʃe,heʃe
he.ʒe,he.ʒe,heʒe,heʒe
he.θe,he.θe,heθe,heθe
he.ðe,he.ðe,heðe,heðe
he.he,he.he,hehe,hehe
he.mu,he.mu,hemu,hemu
he.nu,he.nu,henu,henu
he.pu,he.pu,hepu,hepu
he.tu,he.tu,hetu,hetu
he.ku,he.ku,heku,heku
he.bu,he.bu,hebu,hebu
he.du,he.du,hedu,hedu
he.gu,he.gu,hegu,hegu
he.fu,he.fu,hefu,hefu
he.su,he.su,hesu,hesu
he.vu,he.vu,hevu,hevu
he.zu,he.zu,hezu,hezu
he.ʃu,he.ʃu,heʃu,heʃu
he.ʒu,he.ʒu,heʒu,heʒu
he.θu,he.θu,heθu,heθu
he.ðu,he.ðu,heðu,heðu
he.hu,he.hu,hehu,hehu
he.mo,he.mo,hemo,hemo
he.no,he.no,heno,heno
he.po,he.po,hepo,hepo
he.to,he.to,heto,heto
he.ko,he.ko,heko,heko
he.bo,he.bo,hebo,hebo
he.do,he.do,hedo,hedo
he.go,he.go,hego,hego
he.fo,he.fo,hefo,hefo
he.so,he.so,heso,heso
he.vo,he.vo,hevo,hevo
he.zo,he.zo,hezo,hezo
he.ʃo,he.ʃo,heʃo,heʃo
he.ʒo,he.ʒo,heʒo,heʒo
he.θo,he.θo,heθo,heθo
he.ðo,he.ðo,heðo,heðo
he.ho,he.ho,heho,heho
mu.mi,mu.mi,mumi,mumi
mu.ni,mu.ni,muni,muni
mu.pi,mu.pi,mupi,mupi
mu.ti,mu.ti,muti,muti
mu.ki,mu.ki,muki,muki
mu.bi,mu.bi,mubi,mubi
mu.di,mu.di,mudi,mudi
mu.gi,mu.gi,mugi,mugi
mu.fi,mu.fi,mufi,mufi
mu.si,mu.si,musi,musi
mu.vi,mu.vi,muvi,muvi
mu.zi,mu.zi,muzi,muzi
mu.ʃi,mu.ʃi,muʃi,muʃi
mu.ʒi,mu.ʒi,muʒi,muʒi
mu.θi,mu.θi,muθi,muθi
mu.ði,mu.ði,muði,muði
mu.hi,mu.hi,muhi,muhi
mu.me,mu.me,mume,mume
mu.ne,mu.ne,mune,mune
mu.pe,mu.pe,mupe,mupe
mu.te,mu.te,mute,mute
mu.ke,mu.ke,muke,muke
mu.be,mu.be,mube,mube
mu.de,mu.de,mude,mude
mu.ge,mu.ge,muge,muge
mu.fe,mu.fe,mufe,mufe
mu.se,mu.se,muse,muse
mu.ve,mu.ve,muve,muve
mu.ze,mu.ze,muze,muze
mu.ʃe,mu.ʃe,muʃe,muʃe
mu.ʒe,mu.ʒe,muʒe,muʒe
mu.θe,mu.θe,muθe,muθe
mu.ðe,mu.ðe,muðe,muðe
mu.he,mu.he,muhe,muhe
mu.mu,mu.mu,mumu,mumu
mu.nu,mu.nu,munu,munu
mu.pu,mu.pu,mupu,mupu
mu.tu,mu.tu,mutu,mutu
mu.ku,mu.ku,muku,muku
mu.bu,mu.bu,mubu,mubu
mu.du,mu.du,mudu,mudu
mu.gu,mu.gu,mugu,mugu
mu.fu,mu.fu,mufu,mufu
mu.su,mu.su,musu,musu
mu.vu,mu.vu,muvu,muvu
mu.zu,mu.zu,muzu,muzu
mu.ʃu,mu.ʃu,muʃu,muʃu
mu.ʒu,mu.ʒu,muʒu,muʒu
mu.θu,mu.θu,muθu,muθu
mu.ðu,mu.ðu,muðu,muðu
mu.hu,mu.hu,muhu,muhu
mu.mo,mu.mo,mumo,mumo
mu.no,mu.no,muno,muno
mu.po,mu.po,mupo,mupo
mu.to,mu.to,muto,muto
mu.ko,mu.ko,muko,muko
mu.bo,mu.bo,mubo,mubo
mu.do,mu.do,mudo,mudo
mu.go,mu.go,mugo,mugo
mu.fo,mu.fo,mufo,mufo
mu.so,mu.so,muso,muso
mu.vo,mu.vo,muvo,muvo
mu.zo,mu.zo,muzo,muzo
mu.ʃo,mu.ʃo,muʃo,muʃo
mu.ʒo,mu.ʒo,muʒo,muʒo
mu.θo,mu.θo,muθo,muθo
mu.ðo,mu.ðo,muðo,muðo
mu.ho,mu.ho,muho,muho
nu.mi,nu.mi,numi,numi
nu.ni,nu.ni,nuni,nuni
nu.pi,nu.pi,nupi,nupi
nu.ti,nu.ti,nuti,nuti
nu.ki,nu.ki,nuki,nuki
nu.bi,nu.bi,nubi,nubi
nu.di,nu.di,nudi,nudi
nu.gi,nu.gi,nugi,nugi
nu.fi,nu.fi,nufi,nufi
nu.si,nu.si,nusi,nusi
nu.vi,nu.vi,nuvi,nuvi
nu.zi,nu.zi,nuzi,nuzi
nu.ʃi,nu.ʃi,nuʃi,nuʃi
nu.ʒi,nu.ʒi,nuʒi,nuʒi
nu.θi,nu.θi,nuθi,nuθi
nu.ði,nu.ði,nuði,nuði
nu.hi,nu.hi,nuhi,nuhi
nu.me,nu.me,nume,nume
nu.ne,nu.ne,nune,nune
nu.pe,nu.pe,nupe,nupe
nu.te,nu.te,nute,nute
nu.ke,nu.ke,nuke,nuke
nu.be,nu.be,nube,nube
nu.de,nu.de,nude,nude
nu.ge,nu.ge,nuge,nuge
nu.fe,nu.fe,nufe,nufe
nu.se,nu.se,nuse,nuse
nu.ve,nu.ve,nuve,nuve
nu.ze,nu.ze,nuze,nuze
nu.ʃe,nu.ʃe,nuʃe,nuʃe
nu.ʒe,nu.ʒe,nuʒe,nuʒe
nu.θe,nu.θe,nuθe,nuθe
nu.ðe,nu.ðe,nuðe,nuðe
nu.he,nu.he,nuhe,nuhe
nu.mu,nu.mu,numu,numu
nu.nu,nu.nu,nunu,nunu
nu.pu,nu.pu,nupu,nupu
nu.tu,nu.tu,nutu,nutu
nu.ku,nu.ku,nuku,nuku
nu.bu,nu.bu,nubu,nubu
nu.du,nu.du,nudu,nudu
nu.gu,nu.gu,nugu,nugu
nu.fu,nu.fu,nufu,nufu
nu.su,nu.su,nusu,nusu
nu.vu,nu.vu,nuvu,nuvu
nu.zu,nu.zu,nuzu,nuzu
nu.ʃu,nu.ʃu,nuʃu,nuʃu
nu.ʒu,nu.ʒu,nuʒu,nuʒu
nu.θu,nu.θu,nuθu,nuθu
nu.ðu,nu.ðu,nuðu,nuðu
nu.hu,nu.hu,nuhu,nuhu
nu.mo,nu.mo,numo,numo
nu.no,nu.no,nuno,nuno
nu.po,nu.po,nupo,nupo
nu.to,nu.to,nuto,nuto
nu.ko,nu.ko,nuko,nuko
nu.bo,nu.bo,nubo,nubo
nu.do,nu.do,nudo,nudo
nu.go,nu.go,nugo,nugo
nu.fo,nu.fo,nufo,nufo
nu.so,nu.so,nuso,nuso
nu.vo,nu.vo,nuvo,nuvo
nu.zo,nu.zo,nuzo,nuzo
nu.ʃo,nu.ʃo,nuʃo,nuʃo
nu.ʒo,nu.ʒo,nuʒo,nuʒo
nu.θo,nu.θo,nuθo,nuθo
nu.ðo,nu.ðo,nuðo,nuðo
nu.ho,nu.ho,nuho,nuho
pu.mi,pu.mi,pumi,pumi
pu.ni,pu.ni,puni,puni
pu.pi,pu.pi,pupi,pupi
pu.ti,pu.ti,puti,puti
pu.ki,pu.ki,puki,puki
pu.bi,pu.bi,pubi,pubi
pu.di,pu.di,pudi,pudi
pu.gi,pu.gi,pugi,pugi
pu.fi,pu.fi,pufi,pufi
pu.si,pu.si,pusi,pusi
pu.vi,pu.vi,puvi,puvi
pu.zi,pu.zi,puzi,puzi
pu.ʃi,pu.ʃi,puʃi,puʃi
pu.ʒi,pu.ʒi,puʒi,puʒi
pu.θi,pu.θi,puθi,puθi
pu.ði,pu.ði,puði,puði
pu.hi,pu.hi,puhi,puhi
pu.me,pu.me,pume,pume
pu.ne,pu.ne,pune,pune
pu.pe,pu.pe,pupe,pupe
pu.te,pu.te,pute,pute
pu.ke,pu.ke,puke,puke
pu.be,pu.be,pube,pube
pu.de,pu.de,pude,pude
pu.ge,pu.ge,puge,puge
pu.fe,pu.fe,pufe,pufe
pu.se,pu.se,puse,puse
pu.ve,pu.ve,puve,puve
pu.ze,pu.ze,puze,puze
pu.ʃe,pu.ʃe,puʃe,puʃe
pu.ʒe,pu.ʒe,puʒe,puʒe
pu.θe,pu.θe,puθe,puθe
pu.ðe,pu.ðe,puðe,puðe
pu.he,pu.he,puhe,puhe
pu.mu,pu.mu,pumu,pumu
pu.nu,pu.nu,punu,punu
pu.pu,pu.pu,pupu,pupu
pu.tu,pu.tu,putu,putu
pu.ku,pu.ku,puku,puku
pu.bu,pu.bu,pubu,pubu
pu.du,pu.du,pudu,pudu
pu.gu,pu.gu,pugu,pugu
pu.fu,pu.fu,pufu,pufu
pu.su,pu.su,pusu,pusu
pu.vu,pu.vu,puvu,puvu
pu.zu,pu.zu,puzu,puzu
pu.ʃu,pu.ʃu,puʃu,puʃu
pu.ʒu,pu.ʒu,puʒu,puʒu
pu.θu,pu.θu,puθu,puθu
pu.ðu,pu.ðu,puðu,puðu
pu.hu,pu.hu,puhu,puhu
pu.mo,pu.mo,pumo,pumo
pu.no,pu.no,puno,puno
pu.po,pu.po,pupo,pupo
pu.to,pu.to,puto,puto
pu.ko,pu.ko,puko,puko
pu.bo,pu.bo,pubo,pubo
pu.do,pu.do,pudo,pudo
pu.go,pu.go,pugo,pugo
pu.fo,pu.fo,pufo,pufo
pu.so,pu.so,puso,puso
pu.vo,pu.vo,puvo,puvo
pu.zo,pu.zo,puzo,puzo
pu.ʃo,pu.ʃo,puʃo,puʃo
pu.ʒo,pu.ʒo,puʒo,puʒo
pu.θo,pu.θo,puθo,puθo
pu.ðo,pu.ðo,puðo,puðo
pu.ho,pu.ho,puho,puho
tu.mi,tu.mi,tumi,tumi
tu.ni,tu.ni,tuni,tuni
tu.pi,tu.pi,tupi,tupi
tu.ti,tu.ti,tuti,tuti
tu.ki,tu.ki,tuki,tuki
tu.bi,tu.bi,tubi,tubi
tu.di,tu.di,tudi,tudi
tu.gi,tu.gi,tugi,tugi
tu.fi,tu.fi,tufi,tufi
tu.si,tu.si,tusi,tusi
tu.vi,tu.vi,tuvi,tuvi
tu.zi,tu.zi,tuzi,tuzi
tu.ʃi,tu.ʃi,tuʃi,tuʃi
tu.ʒi,tu.ʒi,tuʒi,tuʒi
tu.θi,tu.θi,tuθi,tuθi
tu.ði,tu.ði,tuði,tuði
tu.hi,tu.hi,tuhi,tuhi
tu.me,tu.me,tume,tume
tu.ne,tu.ne,tune,tune
tu.pe,tu.pe,tupe,tupe
tu.te,tu.te,tute,tute
tu.ke,tu.ke,tuke,tuke
tu.be,tu.be,tube,tube
tu.de,tu.de,tude,tude
tu.ge,tu.ge,tuge,tuge
tu.fe,tu.fe,tufe,tufe
tu.se,tu.se,tuse,tuse
tu.ve,tu.ve,tuve,tuve
tu.ze,tu.ze,tuze,tuze
tu.ʃe,tu.ʃe,tuʃe,tuʃe
tu.ʒe,tu.ʒe,tuʒe,tuʒe
tu.θe,tu.θe,tuθe,tuθe
tu.ðe,tu.ðe,tuðe,tuðe
tu.he,tu.he,tuhe,tuhe
tu.mu,tu.mu,tumu,tumu
tu.nu,tu.nu,tunu,tunu
tu.pu,tu.pu,tupu,tupu
tu.tu,tu.tu,tutu,tutu
tu.ku,tu.ku,tuku,tuku
tu.bu,tu.bu,tubu,tubu
tu.du,tu.du,tudu,tudu
tu.gu,tu.gu,tugu,tugu
tu.fu,tu.fu,tufu,tufu
tu.su,tu.su,tusu,tusu
tu.vu,tu.vu,tuvu,tuvu
tu.zu,tu.zu,tuzu,tuzu
tu.ʃu,tu.ʃu,tuʃu,tuʃu
tu.ʒu,tu.ʒu,tuʒu,tuʒu
tu.θu,tu.θu,tuθu,tuθu
tu.ðu,tu.ðu,tuðu,tuðu
tu.hu,tu.hu,tuhu,tuhu
tu.mo,tu.mo,tumo,tumo
tu.no,tu.no,tuno,tuno
tu.po,tu.po,tupo,tupo
tu.to,tu.to,tuto,tuto
tu.ko,tu.ko,tuko,tuko
tu.bo,tu.bo,tubo,tubo
tu.do,tu.do,tudo,tudo
tu.go,tu.go,tugo,tugo
tu.fo,tu.fo,tufo,tufo
tu.so,tu.so,tuso,tuso
tu.vo,tu.vo,tuvo,tuvo
tu.zo,tu.zo,tuzo,tuzo
tu.ʃo,tu.ʃo,tuʃo,tuʃo
tu.ʒo,tu.ʒo,tuʒo,tuʒo
tu.θo,tu.θo,tuθo,tuθo
tu.ðo,tu.ðo,tuðo,tuðo
tu.ho,tu.ho,tuho,tuho
ku.mi,ku.mi,kumi,kumi
ku.ni,ku.ni,kuni,kuni
ku.pi,ku.pi,kupi,kupi
ku.ti,ku.ti,kuti,kuti
ku.ki,ku.ki,kuki,kuki
ku.bi,ku.bi,kubi,kubi
ku.di,ku.di,kudi,kudi
ku.gi,ku.gi,kugi,kugi
ku.fi,ku.fi,kufi,kufi
ku.si,ku.si,kusi,kusi
ku.vi,ku.vi,kuvi,kuvi
ku.zi,ku.zi,kuzi,kuzi
ku.ʃi,ku.ʃi,kuʃi,kuʃi
ku.ʒi,ku.ʒi,kuʒi,kuʒi
ku.θi,ku.θi,kuθi,kuθi
ku.ði,ku.ði,kuði,kuði
ku.hi,ku.hi,kuhi,kuhi
ku.me,ku.me,kume,kume
ku.ne,ku.ne,kune,kune
ku.pe,ku.pe,kupe,kupe
ku.te,ku.te,kute,kute
ku.ke,ku.ke,kuke,kuke
ku.be,ku.be,kube,kube
ku.de,ku.de,kude,kude
ku.ge,ku.ge,kuge,kuge
ku.fe,ku.fe,kufe,kufe
ku.se,ku.se,kuse,kuse
ku.ve,ku.ve,kuve,kuve
ku.ze,ku.ze,kuze,kuze
ku.ʃe,ku.ʃe,kuʃe,kuʃe
ku.ʒe,ku.ʒe,kuʒe,kuʒe
ku.θe,ku.θe,kuθe,kuθe
ku.ðe,ku.ðe,kuðe,kuðe
ku.he,ku.he,kuhe,kuhe
ku.mu,ku.mu,kumu,kumu
ku.nu,ku.nu,kunu,kunu
ku.pu,ku.pu,kupu,kupu
ku.tu,ku.tu,kutu,kutu
ku.ku,ku.ku,kuku,kuku
ku.bu,ku.bu,kubu,kubu
ku.du,ku.du,kudu,kudu
ku.gu,ku.gu,kugu,kugu
ku.fu,ku.fu,kufu,kufu
ku.su,ku.su,kusu,kusu
ku.vu,ku.vu,kuvu,kuvu
ku.zu,ku.zu,kuzu,kuzu
ku.ʃu,ku.ʃu,kuʃu,kuʃu
ku.ʒu,ku.ʒu,kuʒu,kuʒu
ku.θu,ku.θu,kuθu,kuθu
ku.ðu,ku.ðu,kuðu,kuðu
ku.hu,ku.hu,kuhu,kuhu
ku.mo,ku.mo,kumo,kumo
ku.no,ku.no,kuno,kuno
ku.po,ku.po,kupo,kupo
ku.to,ku.to,kuto,kuto
ku.ko,ku.ko,kuko,kuko
ku.bo,ku.bo,kubo,kubo
ku.do,ku.do,kudo,kudo
ku.go,ku.go,kugo,kugo
ku.fo,ku.fo,kufo,kufo
ku.so,ku.so,kuso,kuso
ku.vo,ku.vo,kuvo,kuvo
ku.zo,ku.zo,kuzo,kuzo
ku.ʃo,ku.ʃo,kuʃo,kuʃo
ku.ʒo,ku.ʒo,kuʒo,kuʒo
ku.θo,ku.θo,kuθo,kuθo
ku.ðo,ku.ðo,kuðo,kuðo
ku.ho,ku.ho,kuho,kuho
bu.mi,bu.mi,bumi,bumi
bu.ni,bu.ni,buni,buni
bu.pi,bu.pi,bupi,bupi
bu.ti,bu.ti,buti,buti
bu.ki,bu.ki,buki,buki
bu.bi,bu.bi,bubi,bubi
bu.di,bu.di,budi,budi
bu.gi,bu.gi,bugi,bugi
bu.fi,bu.fi,bufi,bufi
bu.si,bu.si,busi,busi
bu.vi,bu.vi,buvi,buvi
bu.zi,bu.zi,buzi,buzi
bu.ʃi,bu.ʃi,buʃi,buʃi
bu.ʒi,bu.ʒi,buʒi,buʒi
bu.θi,bu.θi,buθi,buθi
bu.ði,bu.ði,buði,buði
bu.hi,bu.hi,buhi,buhi
bu.me,bu.me,bume,bume
bu.ne,bu.ne,bune,bune
bu.pe,bu.pe,bupe,bupe
bu.te,bu.te,bute,bute
bu.ke,bu.ke,buke,buke
bu.be,bu.be,bube,bube
bu.de,bu.de,bude,bude
bu.ge,bu.ge,buge,buge
bu.fe,bu.fe,bufe,bufe
bu.se,bu.se,buse,buse
bu.ve,bu.ve,buve,buve
bu.ze,bu.ze,buze,buze
bu.ʃe,bu.ʃe,buʃe,buʃe
bu.ʒe,bu.ʒe,buʒe,buʒe
bu.θe,bu.θe,buθe,buθe
bu.ðe,bu.ðe,buðe,buðe
bu.he,bu.he,buhe,buhe
bu.mu,bu.mu,bumu,bumu
bu.nu,bu.nu,bunu,bunu
bu.pu,bu.pu,bupu,bupu
bu.tu,bu.tu,butu,butu
bu.ku,bu.ku,buku,buku
bu.bu,bu.bu,bubu,bubu
bu.du,bu.du,budu,budu
bu.gu,bu.gu,bugu,bugu
bu.fu,bu.fu,bufu,bufu
bu.su,bu.su,busu,busu
bu.vu,bu.vu,buvu,buvu
bu.zu,bu.zu,buzu,buzu
bu.ʃu,bu.ʃu,buʃu,buʃu
bu.ʒu,bu.ʒu,buʒu,buʒu
bu.θu,bu.θu,buθu,buθu
bu.ðu,bu.ðu,buðu,buðu
bu.hu,bu.hu,buhu,buhu
bu.mo,bu.mo,bumo,bumo
bu.no,bu.no,buno,buno
bu.po,bu.po,bupo,bupo
bu.to,bu.to,buto,buto
bu.ko,bu.ko,buko,buko
bu.bo,bu.bo,bubo,bubo
bu.do,bu.do,budo,budo
bu.go,bu.go,bugo,bugo
bu.fo,bu.fo,bufo,bufo
bu.so,bu.so,buso,buso
bu.vo,bu.vo,buvo,buvo
bu.zo,bu.zo,buzo,buzo
bu.ʃo,bu.ʃo,buʃo,buʃo
bu.ʒo,bu.ʒo,buʒo,buʒo
bu.θo,bu.θo,buθo,buθo
bu.ðo,bu.ðo,buðo,buðo
bu.ho,bu.ho,buho,buho
du.mi,du.mi,dumi,dumi
du.ni,du.ni,duni,duni
du.pi,du.pi,dupi,dupi
du.ti,du.ti,duti,duti
du.ki,du.ki,duki,duki
du.bi,du.bi,dubi,dubi
du.di,du.di,dudi,dudi
du.gi,du.gi,dugi,dugi
du.fi,du.fi,dufi,dufi
du.si,du.si,dusi,dusi
du.vi,du.vi,duvi,duvi
du.zi,du.zi,duzi,duzi
du.ʃi,du.ʃi,duʃi,duʃi
du.ʒi,du.ʒi,duʒi,duʒi
du.θi,du.θi,duθi,duθi
du.ði,du.ði,duði,duði
du.hi,du.hi,duhi,duhi
du.me,du.me,dume,dume
du.ne,du.ne,dune,dune
du.pe,du.pe,dupe,dupe
du.te,du.te,dute,dute
du.ke,du.ke,duke,duke
du.be,du.be,dube,dube
du.de,du.de,dude,dude
du.ge,du.ge,duge,duge
du.fe,du.fe,dufe,dufe
du.se,du.se,duse,duse
du.ve,du.ve,duve,duve
du.ze,du.ze,duze,duze
du.ʃe,du.ʃe,duʃe,duʃe
du.ʒe,du.ʒe,duʒe,duʒe
du.θe,du.θe,duθe,duθe
du.ðe,du.ðe,duðe,duðe
du.he,du.he,duhe,duhe
du.mu,du.mu,dumu,dumu
du.nu,du.nu,dunu,dunu
du.pu,du.pu,dupu,dupu
du.tu,du.tu,dutu,dutu
du.ku,du.ku,duku,duku
du.bu,du.bu,dubu,dubu
du.du,du.du,dudu,dudu
du.gu,du.gu,dugu,dugu
du.fu,du.fu,dufu,dufu
du.su,du.su,dusu,dusu
du.vu,du.vu,duvu,duvu
du.zu,du.zu,duzu,duzu
du.ʃu,du.ʃu,duʃu,duʃu
du.ʒu,du.ʒu,duʒu,duʒu
du.θu,du.θu,duθu,duθu
du.ðu,du.ðu,duðu,duðu
du.hu,du.hu,duhu,duhu
du.mo,du.mo,dumo,dumo
du.no,du.no,duno,duno
du.po,du.po,dupo,dupo
du.to,du.to,duto,duto
du.ko,du.ko,duko,duko
du.bo,du.bo,dubo,dubo
du.do,du.do,dudo,dudo
du.go,du.go,dugo,dugo
du.fo,du.fo,dufo,dufo
du.so,du.so,duso,duso
du.vo,du.vo,duvo,duvo
du.zo,du.zo,duzo,duzo
du.ʃo,du.ʃo,duʃo,duʃo
du.ʒo,du.ʒo,duʒo,duʒo
du.θo,du.θo,duθo,duθo
du.ðo,du.ðo,duðo,duðo
du.ho,du.ho,duho,duho
gu.mi,gu.mi,gumi,gumi
gu.ni,gu.ni,guni,guni
gu.pi,gu.pi,gupi,gupi
gu.ti,gu.ti,guti,guti
gu.ki,gu.ki,guki,guki
gu.bi,gu.bi,gubi,gubi
gu.di,gu.di,gudi,gudi
gu.gi,gu.gi,gugi,gugi
gu.fi,gu.fi,gufi,gufi
gu.si,gu.si,gusi,gusi
gu.vi,gu.vi,guvi,guvi
gu.zi,gu.zi,guzi,guzi
gu.ʃi,gu.ʃi,guʃi,guʃi
gu.ʒi,gu.ʒi,guʒi,guʒi
gu.θi,gu.θi,guθi,guθi
gu.ði,gu.ði,guði,guði
gu.hi,gu.hi,guhi,guhi
gu.me,gu.me,gume,gume
gu.ne,gu.ne,gune,gune
gu.pe,gu.pe,gupe,gupe
gu.te,gu.te,gute,gute
gu.ke,gu.ke,guke,guke
gu.be,gu.be,gube,gube
gu.de,gu.de,gude,gude
gu.ge,gu.ge,guge,guge
gu.fe,gu.fe,gufe,gufe
gu.se,gu.se,guse,guse
gu.ve,gu.ve,guve,guve
gu.ze,gu.ze,guze,guze
gu.ʃe,gu.ʃe,guʃe,guʃe
gu.ʒe,gu.ʒe,guʒe,guʒe
gu.θe,gu.θe,guθe,guθe
gu.ðe,gu.ðe,guðe,guðe
gu.he,gu.he,guhe,guhe
gu.mu,gu.mu,gumu,gumu
gu.nu,gu.nu,gunu,gunu
gu.pu,gu.pu,gupu,gupu
gu.tu,gu.tu,gutu,gutu
gu.ku,gu.ku,guku,guku
gu.bu,gu.bu,gubu,gubu
gu.du,gu.du,gudu,gudu
gu.gu,gu.gu,gugu,gugu
gu.fu,gu.fu,gufu,gufu
gu.su,gu.su,gusu,gusu
gu.vu,gu.vu,guvu,guvu
gu.zu,gu.zu,guzu,guzu
gu.ʃu,gu.ʃu,guʃu,guʃu
gu.ʒu,gu.ʒu,guʒu,guʒu
gu.θu,gu.θu,guθu,guθu
gu.ðu,gu.ðu,guðu,guðu
gu.hu,gu.hu,guhu,guhu
gu.mo,gu.mo,gumo,gumo
gu.no,gu.no,guno,guno
gu.po,gu.po,gupo,gupo
gu.to,gu.to,guto,guto
gu.ko,gu.ko,guko,guko
gu.bo,gu.bo,gubo,gubo
gu.do,gu.do,gudo,gudo
gu.go,gu.go,gugo,gugo
gu.fo,gu.fo,gufo,gufo
gu.so,gu.so,guso,guso
gu.vo,gu.vo,guvo,guvo
gu.zo,gu.zo,guzo,guzo
gu.ʃo,gu.ʃo,guʃo,guʃo
gu.ʒo,gu.ʒo,guʒo,guʒo
gu.θo,gu.θo,guθo,guθo
gu.ðo,gu.ðo,guðo,guðo
gu.ho,gu.ho,guho,guho
fu.mi,fu.mi,fumi,fumi
fu.ni,fu.ni,funi,funi
fu.pi,fu.pi,fupi,fupi
fu.ti,fu.ti,futi,futi
fu.ki,fu.ki,fuki,fuki
fu.bi,fu.bi,fubi,fubi
fu.di,fu.di,fudi,fudi
fu.gi,fu.gi,fugi,fugi
fu.fi,fu.fi,fufi,fufi
fu.si,fu.si,fusi,fusi
fu.vi,fu.vi,fuvi,fuvi
fu.zi,fu.zi,fuzi,fuzi
fu.ʃi,fu.ʃi,fuʃi,fuʃi
fu.ʒi,fu.ʒi,fuʒi,fuʒi
fu.θi,fu.θi,fuθi,fuθi
fu.ði,fu.ði,fuði,fuði
fu.hi,fu.hi,fuhi,fuhi
fu.me,fu.me,fume,fume
fu.ne,fu.ne,fune,fune
fu.pe,fu.pe,fupe,fupe
fu.te,fu.te,fute,fute
fu.ke,fu.ke,fuke,fuke
fu.be,fu.be,fube,fube
fu.de,fu.de,fude,fude
fu.ge,fu.ge,fuge,fuge
fu.fe,fu.fe,fufe,fufe
fu.se,fu.se,fuse,fuse
fu.ve,fu.ve,fuve,fuve
fu.ze,fu.ze,fuze,fuze
fu.ʃe,fu.ʃe,fuʃe,fuʃe
fu.ʒe,fu.ʒe,fuʒe,fuʒe
fu.θe,fu.θe,fuθe,fuθe
fu.ðe,fu.ðe,fuðe,fuðe
fu.he,fu.he,fuhe,fuhe
fu.mu,fu.mu,fumu,fumu
fu.nu,fu.nu,funu,funu
fu.pu,fu.pu,fupu,fupu
fu.tu,fu.tu,futu,futu
fu.ku,fu.ku,fuku,fuku
fu.bu,fu.bu,fubu,fubu
fu.du,fu.du,fudu,fudu
fu.gu,fu.gu,fugu,fugu
fu.fu,fu.fu,fufu,fufu
fu.su,fu.su,fusu,fusu
fu.vu,fu.vu,fuvu,fuvu
fu.zu,fu.zu,fuzu,fuzu
fu.ʃu,fu.ʃu,fuʃu,fuʃu
fu.ʒu,fu.ʒu,fuʒu,fuʒu
fu.θu,fu.θu,fuθu,fuθu
fu.ðu,fu.ðu,fuðu,fuðu
fu.hu,fu.hu,fuhu,fuhu
fu.mo,fu.mo,fumo,fumo
fu.no,fu.no,funo,funo
fu.po,fu.po,fupo,fupo
fu.to,fu.to,futo,futo
fu.ko,fu.ko,fuko,fuko
fu.bo,fu.bo,fubo,fubo
fu.do,fu.do,fudo,fudo
fu.go,fu.go,fugo,fugo
fu.fo,fu.fo,fufo,fufo
fu.so,fu.so,fuso,fuso
fu.vo,fu.vo,fuvo,fuvo
fu.zo,fu.zo,fuzo,fuzo
fu.ʃo,fu.ʃo,fuʃo,fuʃo
fu.ʒo,fu.ʒo,fuʒo,fuʒo
fu.θo,fu.θo,fuθo,fuθo
fu.ðo,fu.ðo,fuðo,fuðo
fu.ho,fu.ho,fuho,fuho
su.mi,su.mi,sumi,sumi
su.ni,su.ni,suni,suni
su.pi,su.pi,supi,supi
su.ti,su.ti,suti,suti
su.ki,su.ki,suki,suki
su.bi,su.bi,subi,subi
su.di,su.di,sudi,sudi
su.gi,su.gi,sugi,sugi
su.fi,su.fi,sufi,sufi
su.si,su.si,susi,susi
su.vi,su.vi,suvi,suvi
su.zi,su.zi,suzi,suzi
su.ʃi,su.ʃi,suʃi,suʃi
su.ʒi,su.ʒi,suʒi,suʒi
su.θi,su.θi,suθi,suθi
su.ði,su.ði,suði,suði
su.hi,su.hi,suhi,suhi
su.me,su.me,sume,sume
su.ne,su.ne,sune,sune
su.pe,su.pe,supe,supe
su.te,su.te,sute,sute
su.ke,su.ke,suke,suke
su.be,su.be,sube,sube
su.de,su.de,sude,sude
su.ge,su.ge,suge,suge
su.fe,su.fe,sufe,sufe
su.se,su.se,suse,suse
su.ve,su.ve,suve,suve
su.ze,su.ze,suze,suze
su.ʃe,su.ʃe,suʃe,suʃe
su.ʒe,su.ʒe,suʒe,suʒe
su.θe,su.θe,suθe,suθe
su.ðe,su.ðe,suðe,suðe
su.he,su.he,suhe,suhe
su.mu,su.mu,sumu,sumu
su.nu,su.nu,sunu,sunu
su.pu,su.pu,supu,supu
su.tu,su.tu,sutu,sutu
su.ku,su.ku,suku,suku
su.bu,su.bu,subu,subu
su.du,su.du,sudu,sudu
su.gu,su.gu,sugu,sugu
su.fu,su.fu,sufu,sufu
su.su,su.su,susu,susu
su.vu,su.vu,suvu,suvu
su.zu,su.zu,suzu,suzu
su.ʃu,su.ʃu,suʃu,suʃu
su.ʒu,su.ʒu,suʒu,suʒu
su.θu,su.θu,suθu,suθu
su.ðu,su.ðu,suðu,suðu
su.hu,su.hu,suhu,suhu
su.mo,su.mo,sumo,sumo
su.no,su.no,suno,suno
su.po,su.po,supo,supo
su.to,su.to,suto,suto
su.ko,su.ko,suko,suko
su.bo,su.bo,subo,subo
su.do,su.do,sudo,sudo
su.go,su.go,sugo,sugo
su.fo,su.fo,sufo,sufo
su.so,su.so,suso,suso
su.vo,su.vo,suvo,suvo
su.zo,su.zo,suzo,suzo
su.ʃo,su.ʃo,suʃo,suʃo
su.ʒo,su.ʒo,suʒo,suʒo
su.θo,su.θo,suθo,suθo
su.ðo,su.ðo,suðo,suðo
su.ho,su.ho,suho,suho
vu.mi,vu.mi,vumi,vumi
vu.ni,vu.ni,vuni,vuni
vu.pi,vu.pi,vupi,vupi
vu.ti,vu.ti,vuti,vuti
vu.ki,vu.ki,vuki,vuki
vu.bi,vu.bi,vubi,vubi
vu.di,vu.di,vudi,vudi
vu.gi,vu.gi,vugi,vugi
vu.fi,vu.fi,vufi,vufi
vu.si,vu.si,vusi,vusi
vu.vi,vu.vi,vuvi,vuvi
vu.zi,vu.zi,vuzi,vuzi
vu.ʃi,vu.ʃi,vuʃi,vuʃi
vu.ʒi,vu.ʒi,vuʒi,vuʒi
vu.θi,vu.θi,vuθi,vuθi
vu.ði,vu.ði,vuði,vuði
vu.hi,vu.hi,vuhi,vuhi
vu.me,vu.me,vume,vume
vu.ne,vu.ne,vune,vune
vu.pe,vu.pe,vupe,vupe
vu.te,vu.te,vute,vute
vu.ke,vu.ke,vuke,vuke
vu.be,vu.be,vube,vube
vu.de,vu.de,vude,vude
vu.ge,vu.ge,vuge,vuge
vu.fe,vu.fe,vufe,vufe
vu.se,vu.se,vuse,vuse
vu.ve,vu.ve,vuve,vuve
vu.ze,vu.ze,vuze,vuze
vu.ʃe,vu.ʃe,vuʃe,vuʃe
vu.ʒe,vu.ʒe,vuʒe,vuʒe
vu.θe,vu.θe,vuθe,vuθe
vu.ðe,vu.ðe,vuðe,vuðe
vu.he,vu.he,vuhe,vuhe
vu.mu,vu.mu,vumu,vumu
vu.nu,vu.nu,vunu,vunu
vu.pu,vu.pu,vupu,vupu
vu.tu,vu.tu,vutu,vutu
vu.ku,vu.ku,vuku,vuku
vu.bu,vu.bu,vubu,vubu
vu.du,vu.du,vudu,vudu
vu.gu,vu.gu,vugu,vugu
vu.fu,vu.fu,vufu,vufu
vu.su,vu.su,vusu,vusu
vu.vu,vu.vu,vuvu,vuvu
vu.zu,vu.zu,vuzu,vuzu
vu.ʃu,vu.ʃu,vuʃu,vuʃu
vu.ʒu,vu.ʒu,vuʒu,vuʒu
vu.θu,vu.θu,vuθu,vuθu
vu.ðu,vu.ðu,vuðu,vuðu
vu.hu,vu.hu,vuhu,vuhu
vu.mo,vu.mo,vumo,vumo
vu.no,vu.no,vuno,vuno
vu.po,vu.po,vupo,vupo
vu.to,vu.to,vuto,vuto
vu.ko,vu.ko,vuko,vuko
vu.bo,vu.bo,vubo,vubo
vu.do,vu.do,vudo,vudo
vu.go,vu.go,vugo,vugo
vu.fo,vu.fo,vufo,vufo
vu.so,vu.so,vuso,vuso
vu.vo,vu.vo,vuvo,vuvo
vu.zo,vu.zo,vuzo,vuzo
vu.ʃo,vu.ʃo,vuʃo,vuʃo
vu.ʒo,vu.ʒo,vuʒo,vuʒo
vu.θo,vu.θo,vuθo,vuθo
vu.ðo,vu.ðo,vuðo,vuðo
vu.ho,vu.ho,vuho,vuho
zu.mi,zu.mi,zumi,zumi
zu.ni,zu.ni,zuni,zuni
zu.pi,zu.pi,zupi,zupi
zu.ti,zu.ti,zuti,zuti
zu.ki,zu.ki,zuki,zuki
zu.bi,zu.bi,zubi,zubi
zu.di,zu.di,zudi,zudi
zu.gi,zu.gi,zugi,zugi
zu.fi,zu.fi,zufi,zufi
zu.si,zu.si,zusi,zusi
zu.vi,zu.vi,zuvi,zuvi
zu.zi,zu.zi,zuzi,zuzi
zu.ʃi,zu.ʃi,zuʃi,zuʃi
zu.ʒi,zu.ʒi,zuʒi,zuʒi
zu.θi,zu.θi,zuθi,zuθi
zu.ði,zu.ði,zuði,zuði
zu.hi,zu.hi,zuhi,zuhi
zu.me,zu.me,zume,zume
zu.ne,zu.ne,zune,zune
zu.pe,zu.pe,zupe,zupe
zu.te,zu.te,zute,zute
zu.ke,zu.ke,zuke,zuke
zu.be,zu.be,zube,zube
zu.de,zu.de,zude,zude
zu.ge,zu.ge,zuge,zuge
zu.fe,zu.fe,zufe,zufe
zu.se,zu.se,zuse,zuse
zu.ve,zu.ve,zuve,zuve
zu.ze,zu.ze,zuze,zuze
zu.ʃe,zu.ʃe,zuʃe,zuʃe
zu.ʒe,zu.ʒe,zuʒe,zuʒe
zu.θe,zu.θe,zuθe,zuθe
zu.ðe,zu.ðe,zuðe,zuðe
zu.he,zu.he,zuhe,zuhe
zu.mu,zu.mu,zumu,zumu
zu.nu,zu.nu,zunu,zunu
zu.pu,zu.pu,zupu,zupu
zu.tu,zu.tu,zutu,zutu
zu.ku,zu.ku,zuku,zuku
zu.bu,zu.bu,zubu,zubu
zu.du,zu.du,zudu,zudu
zu.gu,zu.gu,zugu,zugu
zu.fu,zu.fu,zufu,zufu
zu.su,zu.su,zusu,zusu
zu.vu,zu.vu,zuvu,zuvu
zu.zu,zu.zu,zuzu,zuzu
zu.ʃu,zu.ʃu,zuʃu,zuʃu
zu.ʒu,zu.ʒu,zuʒu,zuʒu
zu.θu,zu.θu,zuθu,zuθu
zu.ðu,zu.ðu,zuðu,zuðu
zu.hu,zu.hu,zuhu,zuhu
zu.mo,zu.mo,zumo,zumo
zu.no,zu.no,zuno,zuno
zu.po,zu.po,zupo,zupo
zu.to,zu.to,zuto,zuto
zu.ko,zu.ko,zuko,zuko
zu.bo,zu.bo,zubo,zubo
zu.do,zu.do,zudo,zudo
zu.go,zu.go,zugo,zugo
zu.fo,zu.fo,zufo,zufo
zu.so,zu.so,zuso,zuso
zu.vo,zu.vo,zuvo,zuvo
zu.zo,zu.zo,zuzo,zuzo
zu.ʃo,zu.ʃo,zuʃo,zuʃo
zu.ʒo,zu.ʒo,zuʒo,zuʒo
zu.θo,zu.θo,zuθo,zuθo
zu.ðo,zu.ðo,zuðo,zuðo
zu.ho,zu.ho,zuho,zuho
ʃu.mi,ʃu.mi,ʃumi,ʃumi
ʃu.ni,ʃu.ni,ʃuni,ʃuni
ʃu.pi,ʃu.pi,ʃupi,ʃupi
ʃu.ti,ʃu.ti,ʃuti,ʃuti
ʃu.ki,ʃu.ki,ʃuki,ʃuki
ʃu.bi,ʃu.bi,ʃubi,ʃubi
ʃu.di,ʃu.di,ʃudi,ʃudi
ʃu.gi,ʃu.gi,ʃugi,ʃugi
ʃu.fi,ʃu.fi,ʃufi,ʃufi
ʃu.si,ʃu.si,ʃusi,ʃusi
ʃu.vi,ʃu.vi,ʃuvi,ʃuvi
ʃu.zi,ʃu.zi,ʃuzi,ʃuzi
ʃu.ʃi,ʃu.ʃi,ʃuʃi,ʃuʃi
ʃu.ʒi,ʃu.ʒi,ʃuʒi,ʃuʒi
ʃu.θi,ʃu.θi,ʃuθi,ʃuθi
ʃu.ði,ʃu.ði,ʃuði,ʃuði
ʃu.hi,ʃu.hi,ʃuhi,ʃuhi
ʃu.me,ʃu.me,ʃume,ʃume
ʃu.ne,ʃu.ne,ʃune,ʃune
ʃu.pe,ʃu.pe,ʃupe,ʃupe
ʃu.te,ʃu.te,ʃute,ʃute
ʃu.ke,ʃu.ke,ʃuke,ʃuke
ʃu.be,ʃu.be,ʃube,ʃube
ʃu.de,ʃu.de,ʃude,ʃude
ʃu.ge,ʃu.ge,ʃuge,ʃuge
ʃu.fe,ʃu.fe,ʃufe,ʃufe
ʃu.se,ʃu.se,ʃuse,ʃuse
ʃu.ve,ʃu.ve,ʃuve,ʃuve
ʃu.ze,ʃu.ze,ʃuze,ʃuze
ʃu.ʃe,ʃu.ʃe,ʃuʃe,ʃuʃe
ʃu.ʒe,ʃu.ʒe,ʃuʒe,ʃuʒe
ʃu.θe,ʃu.θe,ʃuθe,ʃuθe
ʃu.ðe,ʃu.ðe,ʃuðe,ʃuðe
ʃu.he,ʃu.he,ʃuhe,ʃuhe
ʃu.mu,ʃu.mu,ʃumu,ʃumu
ʃu.nu,ʃu.nu,ʃunu,ʃunu
ʃu.pu,ʃu.pu,ʃupu,ʃupu
ʃu.tu,ʃu.tu,ʃutu,ʃutu
ʃu.ku,ʃu.ku,ʃuku,ʃuku
ʃu.bu,ʃu.bu,ʃubu,ʃubu
ʃu.du,ʃu.du,ʃudu,ʃudu
ʃu.gu,ʃu.gu,ʃugu,ʃugu
ʃu.fu,ʃu.fu,ʃufu,ʃufu
ʃu.su,ʃu.su,ʃusu,ʃusu
ʃu.vu,ʃu.vu,ʃuvu,ʃuvu
ʃu.zu,ʃu.zu,ʃuzu,ʃuzu
ʃu.ʃu,ʃu.ʃu,ʃuʃu,ʃuʃu
ʃu.ʒu,ʃu.ʒu,ʃuʒu,ʃuʒu
ʃu.θu,ʃu.θu,ʃuθu,ʃuθu
ʃu.ðu,ʃu.ðu,ʃuðu,ʃuðu
ʃu.hu,ʃu.hu,ʃuhu,ʃuhu
ʃu.mo,ʃu.mo,ʃumo,ʃumo
ʃu.no,ʃu.no,ʃuno,ʃuno
ʃu.po,ʃu.po,ʃupo,ʃupo
ʃu.to,ʃu.to,ʃuto,ʃuto
ʃu.ko,ʃu.ko,ʃuko,ʃuko
ʃu.bo,ʃu.bo,ʃubo,ʃubo
ʃu.do,ʃu.do,ʃudo,ʃudo
ʃu.go,ʃu.go,ʃugo,ʃugo
ʃu.fo,ʃu.fo,ʃufo,ʃufo
ʃu.so,ʃu.so,ʃuso,ʃuso
ʃu.vo,ʃu.vo,ʃuvo,ʃuvo
ʃu.zo,ʃu.zo,ʃuzo,ʃuzo
ʃu.ʃo,ʃu.ʃo,ʃuʃo,ʃuʃo
ʃu.ʒo,ʃu.ʒo,ʃuʒo,ʃuʒo
ʃu.θo,ʃu.θo,ʃuθo,ʃuθo
ʃu.ðo,ʃu.ðo,ʃuðo,ʃuðo
ʃu.ho,ʃu.ho,ʃuho,ʃuho
ʒu.mi,ʒu.mi,ʒumi,ʒumi
ʒu.ni,ʒu.ni,ʒuni,ʒuni
ʒu.pi,ʒu.pi,ʒupi,ʒupi
ʒu.ti,ʒu.ti,ʒuti,ʒuti
ʒu.ki,ʒu.ki,ʒuki,ʒuki
ʒu.bi,ʒu.bi,ʒubi,ʒubi
ʒu.di,ʒu.di,ʒudi,ʒudi
ʒu.gi,ʒu.gi,ʒugi,ʒugi
ʒu.fi,ʒu.fi,ʒufi,ʒufi
ʒu.si,ʒu.si,ʒusi,ʒusi
ʒu.vi,ʒu.vi,ʒuvi,ʒuvi
ʒu.zi,ʒu.zi,ʒuzi,ʒuzi
ʒu.ʃi,ʒu.ʃi,ʒuʃi,ʒuʃi
ʒu.ʒi,ʒu.ʒi,ʒuʒi,ʒuʒi
ʒu.θi,ʒu.θi,ʒuθi,ʒuθi
ʒu.ði,ʒu.ði,ʒuði,ʒuði
ʒu.hi,ʒu.hi,ʒuhi,ʒuhi
ʒu.me,ʒu.me,ʒume,ʒume
ʒu.ne,ʒu.ne,ʒune,ʒune
ʒu.pe,ʒu.pe,ʒupe,ʒupe
ʒu.te,ʒu.te,ʒute,ʒute
ʒu.ke,ʒu.ke,ʒuke,ʒuke
ʒu.be,ʒu.be,ʒube,ʒube
ʒu.de,ʒu.de,ʒude,ʒude
ʒu.ge,ʒu.ge,ʒuge,ʒuge
ʒu.fe,ʒu.fe,ʒufe,ʒufe
ʒu.se,ʒu.se,ʒuse,ʒuse
ʒu.ve,ʒu.ve,ʒuve,ʒuve
ʒu.ze,ʒu.ze,ʒuze,ʒuze
ʒu.ʃe,ʒu.ʃe,ʒuʃe,ʒuʃe
ʒu.ʒe,ʒu.ʒe,ʒuʒe,ʒuʒe
ʒu.θe,ʒu.θe,ʒuθe,ʒuθe
ʒu.ðe,ʒu.ðe,ʒuðe,ʒuðe
ʒu.he,ʒu.he,ʒuhe,ʒuhe
ʒu.mu,ʒu.mu,ʒumu,ʒumu
ʒu.nu,ʒu.nu,ʒunu,ʒunu
ʒu.pu,ʒu.pu,ʒupu,ʒupu
ʒu.tu,ʒu.tu,ʒutu,ʒutu
ʒu.ku,ʒu.ku,ʒuku,ʒuku
ʒu.bu,ʒu.bu,ʒubu,ʒubu
ʒu.du,ʒu.du,ʒudu,ʒudu
ʒu.gu,ʒu.gu,ʒugu,ʒugu
ʒu.fu,ʒu.fu,ʒufu,ʒufu
ʒu.su,ʒu.su,ʒusu,ʒusu
ʒu.vu,ʒu.vu,ʒuvu,ʒuvu
ʒu.zu,ʒu.zu,ʒuzu,ʒuzu
ʒu.ʃu,ʒu.ʃu,ʒuʃu,ʒuʃu
ʒu.ʒu,ʒu.ʒu,ʒuʒu,ʒuʒu
ʒu.θu,ʒu.θu,ʒuθu,ʒuθu
ʒu.ðu,ʒu.ðu,ʒuðu,ʒuðu
ʒu.hu,ʒu.hu,ʒuhu,ʒuhu
ʒu.mo,ʒu.mo,ʒumo,ʒumo
ʒu.no,ʒu.no,ʒuno,ʒuno
ʒu.po,ʒu.po,ʒupo,ʒupo
ʒu.to,ʒu.to,ʒuto,ʒuto
ʒu.ko,ʒu.ko,ʒuko,ʒuko
ʒu.bo,ʒu.bo,ʒubo,ʒubo
ʒu.do,ʒu.do,ʒudo,ʒudo
ʒu.go,ʒu.go,ʒugo,ʒugo
ʒu.fo,ʒu.fo,ʒufo,ʒufo
ʒu.so,ʒu.so,ʒuso,ʒuso
ʒu.vo,ʒu.vo,ʒuvo,ʒuvo
ʒu.zo,ʒu.zo,ʒuzo,ʒuzo
ʒu.ʃo,ʒu.ʃo,ʒuʃo,ʒuʃo
ʒu.ʒo,ʒu.ʒo,ʒuʒo,ʒuʒo
ʒu.θo,ʒu.θo,ʒuθo,ʒuθo
ʒu.ðo,ʒu.ðo,ʒuðo,ʒuðo
ʒu.ho,ʒu.ho,ʒuho,ʒuho
θu.mi,θu.mi,θumi,θumi
θu.ni,θu.ni,θuni,θuni
θu.pi,θu.pi,θupi,θupi
θu.ti,θu.ti,θuti,θuti
θu.ki,θu.ki,θuki,θuki
θu.bi,θu.bi,θubi,θubi
θu.di,θu.di,θudi,θudi
θu.gi,θu.gi,θugi,θugi
θu.fi,θu.fi,θufi,θufi
θu.si,θu.si,θusi,θusi
θu.vi,θu.vi,θuvi,θuvi
θu.zi,θu.zi,θuzi,θuzi
θu.ʃi,θu.ʃi,θuʃi,θuʃi
θu.ʒi,θu.ʒi,θuʒi,θuʒi
θu.θi,θu.θi,θuθi,θuθi
θu.ði,θu.ði,θuði,θuði
θu.hi,θu.hi,θuhi,θuhi
θu.me,θu.me,θume,θume
θu.ne,θu.ne,θune,θune
θu.pe,θu.pe,θupe,θupe
θu.te,θu.te,θute,θute
θu.ke,θu.ke,θuke,θuke
θu.be,θu.be,θube,θube
θu.de,θu.de,θude,θude
θu.ge,θu.ge,θuge,θuge
θu.fe,θu.fe,θufe,θufe
θu.se,θu.se,θuse,θuse
θu.ve,θu.ve,θuve,θuve
θu.ze,θu.ze,θuze,θuze
θu.ʃe,θu.ʃe,θuʃe,θuʃe
θu.ʒe,θu.ʒe,θuʒe,θuʒe
θu.θe,θu.θe,θuθe,θuθe
θu.ðe,θu.ðe,θuðe,θuðe
θu.he,θu.he,θuhe,θuhe
θu.mu,θu.mu,θumu,θumu
θu.nu,θu.nu,θunu,θunu
θu.pu,θu.pu,θupu,θupu
θu.tu,θu.tu,θutu,θutu
θu.ku,θu.ku,θuku,θuku
θu.bu,θu.bu,θubu,θubu
θu.du,θu.du,θudu,θudu
θu.gu,θu.gu,θugu,θugu
θu.fu,θu.fu,θufu,θufu
θu.su,θu.su,θusu,θusu
θu.vu,θu.vu,θuvu,θuvu
θu.zu,θu.zu,θuzu,θuzu
θu.ʃu,θu.ʃu,θuʃu,θuʃu
θu.ʒu,θu.ʒu,θuʒu,θuʒu
θu.θu,θu.θu,θuθu,θuθu
θu.ðu,θu.ðu,θuðu,θuðu
θu.hu,θu.hu,θuhu,θuhu
θu.mo,θu.mo,θumo,θumo
θu.no,θu.no,θuno,θuno
θu.po,θu.po,θupo,θupo
θu.to,θu.to,θuto,θuto
θu.ko,θu.ko,θuko,θuko
θu.bo,θu.bo,θubo,θubo
θu.do,θu.do,θudo,θudo
θu.go,θu.go,θugo,θugo
θu.fo,θu.fo,θufo,θufo
θu.so,θu.so,θuso,θuso
θu.vo,θu.vo,θuvo,θuvo
θu.zo,θu.zo,θuzo,θuzo
θu.ʃo,θu.ʃo,θuʃo,θuʃo
θu.ʒo,θu.ʒo,θuʒo,θuʒo
θu.θo,θu.θo,θuθo,θuθo
θu.ðo,θu.ðo,θuðo,θuðo
θu.ho,θu.ho,θuho,θuho
ðu.mi,ðu.mi,ðumi,ðumi
ðu.ni,ðu.ni,ðuni,ðuni
ðu.pi,ðu.pi,ðupi,ðupi
ðu.ti,ðu.ti,ðuti,ðuti
ðu.ki,ðu.ki,ðuki,ðuki
ðu.bi,ðu.bi,ðubi,ðubi
ðu.di,ðu.di,ðudi,ðudi
ðu.gi,ðu.gi,ðugi,ðugi
ðu.fi,ðu.fi,ðufi,ðufi
ðu.si,ðu.si,ðusi,ðusi
ðu.vi,ðu.vi,ðuvi,ðuvi
ðu.zi,ðu.zi,ðuzi,ðuzi
ðu.ʃi,ðu.ʃi,ðuʃi,ðuʃi
ðu.ʒi,ðu.ʒi,ðuʒi,ðuʒi
ðu.θi,ðu.θi,ðuθi,ðuθi
ðu.ði,ðu.ði,ðuði,ðuði
ðu.hi,ðu.hi,ðuhi,ðuhi
ðu.me,ðu.me,ðume,ðume
ðu.ne,ðu.ne,ðune,ðune
ðu.pe,ðu.pe,ðupe,ðupe
ðu.te,ðu.te,ðute,ðute
ðu.ke,ðu.ke,ðuke,ðuke
ðu.be,ðu.be,ðube,ðube
ðu.de,ðu.de,ðude,ðude
ðu.ge,ðu.ge,ðuge,ðuge
ðu.fe,ðu.fe,ðufe,ðufe
ðu.se,ðu.se,ðuse,ðuse
ðu.ve,ðu.ve,ðuve,ðuve
ðu.ze,ðu.ze,ðuze,ðuze
ðu.ʃe,ðu.ʃe,ðuʃe,ðuʃe
ðu.ʒe,ðu.ʒe,ðuʒe,ðuʒe
ðu.θe,ðu.θe,ðuθe,ðuθe
ðu.ðe,ðu.ðe,ðuðe,ðuðe
ðu.he,ðu.he,ðuhe,ðuhe
ðu.mu,ðu.mu,ðumu,ðumu
ðu.nu,ðu.nu,ðunu,ðunu
ðu.pu,ðu.pu,ðupu,ðupu
ðu.tu,ðu.tu,ðutu,ðutu
ðu.ku,ðu.ku,ðuku,ðuku
ðu.bu,ðu.bu,ðubu,ðubu
ðu.du,ðu.du,ðudu,ðudu
ðu.gu,ðu.gu,ðugu,ðugu
ðu.fu,ðu.fu,ðufu,ðufu
ðu.su,ðu.su,ðusu,ðusu
ðu.vu,ðu.vu,ðuvu,ðuvu
ðu.zu,ðu.zu,ðuzu,ðuzu
ðu.ʃu,ðu.ʃu,ðuʃu,ðuʃu
ðu.ʒu,ðu.ʒu,ðuʒu,ðuʒu
ðu.θu,ðu.θu,ðuθu,ðuθu
ðu.ðu,ðu.ðu,ðuðu,ðuðu
ðu.hu,ðu.hu,ðuhu,ðuhu
ðu.mo,ðu.mo,ðumo,ðumo
ðu.no,ðu.no,ðuno,ðuno
ðu.po,ðu.po,ðupo,ðupo
ðu.to,ðu.to,ðuto,ðuto
ðu.ko,ðu.ko,ðuko,ðuko
ðu.bo,ðu.bo,ðubo,ðubo
ðu.do,ðu.do,ðudo,ðudo
ðu.go,ðu.go,ðugo,ðugo
ðu.fo,ðu.fo,ðufo,ðufo
ðu.so,ðu.so,ðuso,ðuso
ðu.vo,ðu.vo,ðuvo,ðuvo
ðu.zo,ðu.zo,ðuzo,ðuzo
ðu.ʃo,ðu.ʃo,ðuʃo,ðuʃo
ðu.ʒo,ðu.ʒo,ðuʒo,ðuʒo
ðu.θo,ðu.θo,ðuθo,ðuθo
ðu.ðo,ðu.ðo,ðuðo,ðuðo
ðu.ho,ðu.ho,ðuho,ðuho
hu.mi,hu.mi,humi,humi
hu.ni,hu.ni,huni,huni
hu.pi,hu.pi,hupi,hupi
hu.ti,hu.ti,huti,huti
hu.ki,hu.ki,huki,huki
hu.bi,hu.bi,hubi,hubi
hu.di,hu.di,hudi,hudi
hu.gi,hu.gi,hugi,hugi
hu.fi,hu.fi,hufi,hufi
hu.si,hu.si,husi,husi
hu.vi,hu.vi,huvi,huvi
hu.zi,hu.zi,huzi,huzi
hu.ʃi,hu.ʃi,huʃi,huʃi
hu.ʒi,hu.ʒi,huʒi,huʒi
hu.θi,hu.θi,huθi,huθi
hu.ði,hu.ði,huði,huði
hu.hi,hu.hi,huhi,huhi
hu.me,hu.me,hume,hume
hu.ne,hu.ne,hune,hune
hu.pe,hu.pe,hupe,hupe
hu.te,hu.te,hute,hute
hu.ke,hu.ke,huke,huke
hu.be,hu.be,hube,hube
hu.de,hu.de,hude,hude
hu.ge,hu.ge,huge,huge
hu.fe,hu.fe,hufe,hufe
hu.se,hu.se,huse,huse
hu.ve,hu.ve,huve,huve
hu.ze,hu.ze,huze,huze
hu.ʃe,hu.ʃe,huʃe,huʃe
hu.ʒe,hu.ʒe,huʒe,huʒe
hu.θe,hu.θe,huθe,huθe
hu.ðe,hu.ðe,huðe,huðe
hu.he,hu.he,huhe,huhe
hu.mu,hu.mu,humu,humu
hu.nu,hu.nu,hunu,hunu
hu.pu,hu.pu,hupu,hupu
hu.tu,hu.tu,hutu,hutu
hu.ku,hu.ku,huku,huku
hu.bu,hu.bu,hubu,hubu
hu.du,hu.du,hudu,hudu
hu.gu,hu.gu,hugu,hugu
hu.fu,hu.fu,hufu,hufu
hu.su,hu.su,husu,husu
hu.vu,hu.vu,huvu,huvu
hu.zu,hu.zu,huzu,huzu
hu.ʃu,hu.ʃu,huʃu,huʃu
hu.ʒu,hu.ʒu,huʒu,huʒu
hu.θu,hu.θu,huθu,huθu
hu.ðu,hu.ðu,huðu,huðu
hu.hu,hu.hu,huhu,huhu
hu.mo,hu.mo,humo,humo
hu.no,hu.no,huno,huno
hu.po,hu.po,hupo,hupo
hu.to,hu.to,huto,huto
hu.ko,hu.ko,huko,huko
hu.bo,hu.bo,hubo,hubo
hu.do,hu.do,hudo,hudo
hu.go,hu.go,hugo,hugo
hu.fo,hu.fo,hufo,hufo
hu.so,hu.so,huso,huso
hu.vo,hu.vo,huvo,huvo
hu.zo,hu.zo,huzo,huzo
hu.ʃo,hu.ʃo,huʃo,huʃo
hu.ʒo,hu.ʒo,huʒo,huʒo
hu.θo,hu.θo,huθo,huθo
hu.ðo,hu.ðo,huðo,huðo
hu.ho,hu.ho,huho,huho
mo.mi,mo.mi,momi,momi
mo.ni,mo.ni,moni,moni
mo.pi,mo.pi,mopi,mopi
mo.ti,mo.ti,moti,moti
mo.ki,mo.ki,moki,moki
mo.bi,mo.bi,mobi,mobi
mo.di,mo.di,modi,modi
mo.gi,mo.gi,mogi,mogi
mo.fi,mo.fi,mofi,mofi
mo.si,mo.si,mosi,mosi
mo.vi,mo.vi,movi,movi
mo.zi,mo.zi,mozi,mozi
mo.ʃi,mo.ʃi,moʃi,moʃi
mo.ʒi,mo.ʒi,moʒi,moʒi
mo.θi,mo.θi,moθi,moθi
mo.ði,mo.ði,moði,moði
mo.hi,mo.hi,mohi,mohi
mo.me,mo.me,mome,mome
mo.ne,mo.ne,mone,mone
mo.pe,mo.pe,mope,mope
mo.te,mo.te,mote,mote
mo.ke,mo.ke,moke,moke
mo.be,mo.be,mobe,mobe
mo.de,mo.de,mode,mode
mo.ge,mo.ge,moge,moge
mo.fe,mo.fe,mofe,mofe
mo.se,mo.se,mose,mose
mo.ve,mo.ve,move,move
mo.ze,mo.ze,moze,moze
mo.ʃe,mo.ʃe,moʃe,moʃe
mo.ʒe,mo.ʒe,moʒe,moʒe
mo.θe,mo.θe,moθe,moθe
mo.ðe,mo.ðe,moðe,moðe
mo.he,mo.he,mohe,mohe
mo.mu,mo.mu,momu,momu
mo.nu,mo.nu,monu,monu
mo.pu,mo.pu,mopu,mopu
mo.tu,mo.tu,motu,motu
mo.ku,mo.ku,moku,moku
mo.bu,mo.bu,mobu,mobu
mo.du,mo.du,modu,modu
mo.gu,mo.gu,mogu,mogu
mo.fu,mo.fu,mofu,mofu
mo.su,mo.su,mosu,mosu
mo.vu,mo.vu,movu,movu
mo.zu,mo.zu,mozu,mozu
mo.ʃu,mo.ʃu,moʃu,moʃu
mo.ʒu,mo.ʒu,moʒu,moʒu
mo.θu,mo.θu,moθu,moθu
mo.ðu,mo.ðu,moðu,moðu
mo.hu,mo.hu,mohu,mohu
mo.mo,mo.mo,momo,momo
mo.no,mo.no,mono,mono
mo.po,mo.po,mopo,mopo
mo.to,mo.to,moto,moto
mo.ko,mo.ko,moko,moko
mo.bo,mo.bo,mobo,mobo
mo.do,mo.do,modo,modo
mo.go,mo.go,mogo,mogo
mo.fo,mo.fo,mofo,mofo
mo.so,mo.so,moso,moso
mo.vo,mo.vo,movo,movo
mo.zo,mo.zo,mozo,mozo
mo.ʃo,mo.ʃo,moʃo,moʃo
mo.ʒo,mo.ʒo,moʒo,moʒo
mo.θo,mo.θo,moθo,moθo
mo.ðo,mo.ðo,moðo,moðo
mo.ho,mo.ho,moho,moho
no.mi,no.mi,nomi,nomi
no.ni,no.ni,noni,noni
no.pi,no.pi,nopi,nopi
no.ti,no.ti,noti,noti
no.ki,no.ki,noki,noki
no.bi,no.bi,nobi,nobi
no.di,no.di,nodi,nodi
no.gi,no.gi,nogi,nogi
no.fi,no.fi,nofi,nofi
no.si,no.si,nosi,nosi
no.vi,no.vi,novi,novi
no.zi,no.zi,nozi,nozi
no.ʃi,no.ʃi,noʃi,noʃi
no.ʒi,no.ʒi,noʒi,noʒi
no.θi,no.θi,noθi,noθi
no.ði,no.ði,noði,noði
no.hi,no.hi,nohi,nohi
no.me,no.me,nome,nome
no.ne,no.ne,none,none
no.pe,no.pe,nope,nope
no.te,no.te,note,note
no.ke,no.ke,noke,noke
no.be,no.be,nobe,nobe
no.de,no.de,node,node
no.ge,no.ge,noge,noge
no.fe,no.fe,nofe,nofe
no.se,no.se,nose,nose
no.ve,no.ve,nove,nove
no.ze,no.ze,noze,noze
no.ʃe,no.ʃe,noʃe,noʃe
no.ʒe,no.ʒe,noʒe,noʒe
no.θe,no.θe,noθe,noθe
no.ðe,no.ðe,noðe,noðe
no.he,no.he,nohe,nohe
no.mu,no.mu,nomu,nomu
no.nu,no.nu,nonu,nonu
no.pu,no.pu,nopu,nopu
no.tu,no.tu,notu,notu
no.ku,no.ku,noku,noku
no.bu,no.bu,nobu,nobu
no.du,no.du,nodu,nodu
no.gu,no.gu,nogu,nogu
no.fu,no.fu,nofu,nofu
no.su,no.su,nosu,nosu
no.vu,no.vu,novu,novu
no.zu,no.zu,nozu,nozu
no.ʃu,no.ʃu,noʃu,noʃu
no.ʒu,no.ʒu,noʒu,noʒu
no.θu,no.θu,noθu,noθu
no.ðu,no.ðu,noðu,noðu
no.hu,no.hu,nohu,nohu
no.mo,no.mo,nomo,nomo
no.no,no.no,nono,nono
no.po,no.po,nopo,nopo
no.to,no.to,noto,noto
no.ko,no.ko,noko,noko
no.bo,no.bo,nobo,nobo
no.do,no.do,nodo,nodo
no.go,no.go,nogo,nogo
no.fo,no.fo,nofo,nofo
no.so,no.so,noso,noso
no.vo,no.vo,novo,novo
no.zo,no.zo,nozo,nozo
no.ʃo,no.ʃo,noʃo,noʃo
no.ʒo,no.ʒo,noʒo,noʒo
no.θo,no.θo,noθo,noθo
no.ðo,no.ðo,noðo,noðo
no.ho,no.ho,noho,noho
po.mi,po.mi,pomi,pomi
po.ni,po.ni,poni,poni
po.pi,po.pi,popi,popi
po.ti,po.ti,poti,poti
po.ki,po.ki,poki,poki
po.bi,po.bi,pobi,pobi
po.di,po.di,podi,podi
po.gi,po.gi,pogi,pogi
po.fi,po.fi,pofi,pofi
po.si,po.si,posi,posi
po.vi,po.vi,povi,povi
po.zi,po.zi,pozi,pozi
po.ʃi,po.ʃi,poʃi,poʃi
po.ʒi,po.ʒi,poʒi,poʒi
po.θi,po.θi,poθi,poθi
po.ði,po.ði,poði,poði
po.hi,po.hi,pohi,pohi
po.me,po.me,pome,pome
po.ne,po.ne,pone,pone
po.pe,po.pe,pope,pope
po.te,po.te,pote,pote
po.ke,po.ke,poke,poke
po.be,po.be,pobe,pobe
po.de,po.de,pode,pode
po.ge,po.ge,poge,poge
po.fe,po.fe,pofe,pofe
po.se,po.se,pose,pose
po.ve,po.ve,pove,pove
po.ze,po.ze,poze,poze
po.ʃe,po.ʃe,poʃe,poʃe
po.ʒe,po.ʒe,poʒe,poʒe
po.θe,po.θe,poθe,poθe
po.ðe,po.ðe,poðe,poðe
po.he,po.he,pohe,pohe
po.mu,po.mu,pomu,pomu
po.nu,po.nu,ponu,ponu
po.pu,po.pu,popu,popu
po.tu,po.tu,potu,potu
po.ku,po.ku,poku,poku
po.bu,po.bu,pobu,pobu
po.du,po.du,podu,podu
po.gu,po.gu,pogu,pogu
po.fu,po.fu,pofu,pofu
po.su,po.su,posu,posu
po.vu,po.vu,povu,povu
po.zu,po.zu,pozu,pozu
po.ʃu,po.ʃu,poʃu,poʃu
po.ʒu,po.ʒu,poʒu,poʒu
po.θu,po.θu,poθu,poθu
po.ðu,po.ðu,poðu,poðu
po.hu,po.hu,pohu,pohu
po.mo,po.mo,pomo,pomo
po.no,po.no,pono,pono
po.po,po.po,popo,popo
po.to,po.to,poto,poto
po.ko,po.ko,poko,poko
po.bo,po.bo,pobo,pobo
po.do,po.do,podo,podo
po.go,po.go,pogo,pogo
po.fo,po.fo,pofo,pofo
po.so,po.so,poso,poso
po.vo,po.vo,povo,povo
po.zo,po.zo,pozo,pozo
po.ʃo,po.ʃo,poʃo,poʃo
po.ʒo,po.ʒo,poʒo,poʒo
po.θo,po.θo,poθo,poθo
po.ðo,po.ðo,poðo,poðo
po.ho,po.ho,poho,poho
to.mi,to.mi,tomi,tomi
to.ni,to.ni,toni,toni
to.pi,to.pi,topi,topi
to.ti,to.ti,toti,toti
to.ki,to.ki,toki,toki
to.bi,to.bi,tobi,tobi
to.di,to.di,todi,todi
to.gi,to.gi,togi,togi
to.fi,to.fi,tofi,tofi
to.si,to.si,tosi,tosi
to.vi,to.vi,tovi,tovi
to.zi,to.zi,tozi,tozi
to.ʃi,to.ʃi,toʃi,toʃi
to.ʒi,to.ʒi,toʒi,toʒi
to.θi,to.θi,toθi,toθi
to.ði,to.ði,toði,toði
to.hi,to.hi,tohi,tohi
to.me,to.me,tome,tome
to.ne,to.ne,tone,tone
to.pe,to.pe,tope,tope
to.te,to.te,tote,tote
to.ke,to.ke,toke,toke
to.be,to.be,tobe,tobe
to.de,to.de,tode,tode
to.ge,to.ge,toge,toge
to.fe,to.fe,tofe,tofe
to.se,to.se,tose,tose
to.ve,to.ve,tove,tove
to.ze,to.ze,toze,toze
to.ʃe,to.ʃe,toʃe,toʃe
to.ʒe,to.ʒe,toʒe,toʒe
to.θe,to.θe,toθe,toθe
to.ðe,to.ðe,toðe,toðe
to.he,to.he,tohe,tohe
to.mu,to.mu,tomu,tomu
to.nu,to.nu,tonu,tonu
to.pu,to.pu,topu,topu
to.tu,to.tu,totu,totu
to.ku,to.ku,toku,toku
to.bu,to.bu,tobu,tobu
to.du,to.du,todu,todu
to.gu,to.gu,togu,togu
to.fu,to.fu,tofu,tofu
to.su,to.su,tosu,tosu
to.vu,to.vu,tovu,tovu
to.zu,to.zu,tozu,tozu
to.ʃu,to.ʃu,toʃu,toʃu
to.ʒu,to.ʒu,toʒu,toʒu
to.θu,to.θu,toθu,toθu
to.ðu,to.ðu,toðu,toðu
to.hu,to.hu,tohu,tohu
to.mo,to.mo,tomo,tomo
to.no,to.no,tono,tono
to.po,to.po,topo,topo
to.to,to.to,toto,toto
to.ko,to.ko,toko,toko
to.bo,to.bo,tobo,tobo
to.do,to.do,todo,todo
to.go,to.go,togo,togo
to.fo,to.fo,tofo,tofo
to.so,to.so,toso,toso
to.vo,to.vo,tovo,tovo
to.zo,to.zo,tozo,tozo
to.ʃo,to.ʃo,toʃo,toʃo
to.ʒo,to.ʒo,toʒo,toʒo
to.θo,to.θo,toθo,toθo
to.ðo,to.ðo,toðo,toðo
to.ho,to.ho,toho,toho
ko.mi,ko.mi,komi,komi
ko.ni,ko.ni,koni,koni
ko.pi,ko.pi,kopi,kopi
ko.ti,ko.ti,koti,koti
ko.ki,ko.ki,koki,koki
ko.bi,ko.bi,kobi,kobi
ko.di,ko.di,kodi,kodi
ko.gi,ko.gi,kogi,kogi
ko.fi,ko.fi,kofi,kofi
ko.si,ko.si,kosi,kosi
ko.vi,ko.vi,kovi,kovi
ko.zi,ko.zi,kozi,kozi
ko.ʃi,ko.ʃi,koʃi,koʃi
ko.ʒi,ko.ʒi,koʒi,koʒi
ko.θi,ko.θi,koθi,koθi
ko.ði,ko.ði,koði,koði
ko.hi,ko.hi,kohi,kohi
ko.me,ko.me,kome,kome
ko.ne,ko.ne,kone,kone
ko.pe,ko.pe,kope,kope
ko.te,ko.te,kote,kote
ko.ke,ko.ke,koke,koke
ko.be,ko.be,kobe,kobe
ko.de,ko.de,kode,kode
ko.ge,ko.ge,koge,koge
ko.fe,ko.fe,kofe,kofe
ko.se,ko.se,kose,kose
ko.ve,ko.ve,kove,kove
ko.ze,ko.ze,koze,koze
ko.ʃe,ko.ʃe,koʃe,koʃe
ko.ʒe,ko.ʒe,koʒe,koʒe
ko.θe,ko.θe,koθe,koθe
ko.ðe,ko.ðe,koðe,koðe
ko.he,ko.he,kohe,kohe
ko.mu,ko.mu,komu,komu
ko.nu,ko.nu,konu,konu
ko.pu,ko.pu,kopu,kopu
ko.tu,ko.tu,kotu,kotu
ko.ku,ko.ku,koku,koku
ko.bu,ko.bu,kobu,kobu
ko.du,ko.du,kodu,kodu
ko.gu,ko.gu,kogu,kogu
ko.fu,ko.fu,kofu,kofu
ko.su,ko.su,kosu,kosu
ko.vu,ko.vu,kovu,kovu
ko.zu,ko.zu,kozu,kozu
ko.ʃu,ko.ʃu,koʃu,koʃu
ko.ʒu,ko.ʒu,koʒu,koʒu
ko.θu,ko.θu,koθu,koθu
ko.ðu,ko.ðu,koðu,koðu
ko.hu,ko.hu,kohu,kohu
ko.mo,ko.mo,komo,komo
ko.no,ko.no,kono,kono
ko.po,ko.po,kopo,kopo
ko.to,ko.to,koto,koto
ko.ko,ko.ko,koko,koko
ko.bo,ko.bo,kobo,kobo
ko.do,ko.do,kodo,kodo
ko.go,ko.go,kogo,kogo
ko.fo,ko.fo,kofo,kofo
ko.so,ko.so,koso,koso
ko.vo,ko.vo,kovo,kovo
ko.zo,ko.zo,kozo,kozo
ko.ʃo,ko.ʃo,koʃo,koʃo
ko.ʒo,ko.ʒo,koʒo,koʒo
ko.θo,ko.θo,koθo,koθo
ko.ðo,ko.ðo,koðo,koðo
ko.ho,ko.ho,koho,koho
bo.mi,bo.mi,bomi,bomi
bo.ni,bo.ni,boni,boni
bo.pi,bo.pi,bopi,bopi
bo.ti,bo.ti,boti,boti
bo.ki,bo.ki,boki,boki
bo.bi,bo.bi,bobi,bobi
bo.di,bo.di,bodi,bodi
bo.gi,bo.gi,bogi,bogi
bo.fi,bo.fi,bofi,bofi
bo.si,bo.si,bosi,bosi
bo.vi,bo.vi,bovi,bovi
bo.zi,bo.zi,bozi,bozi
bo.ʃi,bo.ʃi,boʃi,boʃi
bo.ʒi,bo.ʒi,boʒi,boʒi
bo.θi,bo.θi,boθi,boθi
bo.ði,bo.ði,boði,boði
bo.hi,bo.hi,bohi,bohi
bo.me,bo.me,bome,bome
bo.ne,bo.ne,bone,bone
bo.pe,bo.pe,bope,bope
bo.te,bo.te,bote,bote
bo.ke,bo.ke,boke,boke
bo.be,bo.be,bobe,bobe
bo.de,bo.de,bode,bode
bo.ge,bo.ge,boge,boge
bo.fe,bo.fe,bofe,bofe
bo.se,bo.se,bose,bose
bo.ve,bo.ve,bove,bove
bo.ze,bo.ze,boze,boze
bo.ʃe,bo.ʃe,boʃe,boʃe
bo.ʒe,bo.ʒe,boʒe,boʒe
bo.θe,bo.θe,boθe,boθe
bo.ðe,bo.ðe,boðe,boðe
bo.he,bo.he,bohe,bohe
bo.mu,bo.mu,bomu,bomu
bo.nu,bo.nu,bonu,bonu
bo.pu,bo.pu,bopu,bopu
bo.tu,bo.tu,botu,botu
bo.ku,bo.ku,boku,boku
bo.bu,bo.bu,bobu,bobu
bo.du,bo.du,bodu,bodu
bo.gu,bo.gu,bogu,bogu
bo.fu,bo.fu,bofu,bofu
bo.su,bo.su,bosu,bosu
bo.vu,bo.vu,bovu,bovu
bo.zu,bo.zu,bozu,bozu
bo.ʃu,bo.ʃu,boʃu,boʃu
bo.ʒu,bo.ʒu,boʒu,boʒu
bo.θu,bo.θu,boθu,boθu
bo.ðu,bo.ðu,boðu,boðu
bo.hu,bo.hu,bohu,bohu
bo.mo,bo.mo,bomo,bomo
bo.no,bo.no,bono,bono
bo.po,bo.po,bopo,bopo
bo.to,bo.to,boto,boto
bo.ko,bo.ko,boko,boko
bo.bo,bo.bo,bobo,bobo
bo.do,bo.do,bodo,bodo
bo.go,bo.go,bogo,bogo
bo.fo,bo.fo,bofo,bofo
bo.so,bo.so,boso,boso
bo.vo,bo.vo,bovo,bovo
bo.zo,bo.zo,bozo,bozo
bo.ʃo,bo.ʃo,boʃo,boʃo
bo.ʒo,bo.ʒo,boʒo,boʒo
bo.θo,bo.θo,boθo,boθo
bo.ðo,bo.ðo,boðo,boðo
bo.ho,bo.ho,boho,boho
do.mi,do.mi,domi,domi
do.ni,do.ni,doni,doni
do.pi,do.pi,dopi,dopi
do.ti,do.ti,doti,doti
do.ki,do.ki,doki,doki
do.bi,do.bi,dobi,dobi
do.di,do.di,dodi,dodi
do.gi,do.gi,dogi,dogi
do.fi,do.fi,dofi,dofi
do.si,do.si,dosi,dosi
do.vi,do.vi,dovi,dovi
do.zi,do.zi,dozi,dozi
do.ʃi,do.ʃi,doʃi,doʃi
do.ʒi,do.ʒi,doʒi,doʒi
do.θi,do.θi,doθi,doθi
do.ði,do.ði,doði,doði
do.hi,do.hi,dohi,dohi
do.me,do.me,dome,dome
do.ne,do.ne,done,done
do.pe,do.pe,dope,dope
do.te,do.te,dote,dote
do.ke,do.ke,doke,doke
do.be,do.be,dobe,dobe
do.de,do.de,dode,dode
do.ge,do.ge,doge,doge
do.fe,do.fe,dofe,dofe
do.se,do.se,dose,dose
do.ve,do.ve,dove,dove
do.ze,do.ze,doze,doze
do.ʃe,do.ʃe,doʃe,doʃe
do.ʒe,do.ʒe,doʒe,doʒe
do.θe,do.θe,doθe,doθe
do.ðe,do.ðe,doðe,doðe
do.he,do.he,dohe,dohe
do.mu,do.mu,domu,domu
do.nu,do.nu,donu,donu
do.pu,do.pu,dopu,dopu
do.tu,do.tu,dotu,dotu
do.ku,do.ku,doku,doku
do.bu,do.bu,dobu,dobu
do.du,do.du,dodu,dodu
do.gu,do.gu,dogu,dogu
do.fu,do.fu,dofu,dofu
do.su,do.su,dosu,dosu
do.vu,do.vu,dovu,dovu
do.zu,do.zu,dozu,dozu
do.ʃu,do.ʃu,doʃu,doʃu
do.ʒu,do.ʒu,doʒu,doʒu
do.θu,do.θu,doθu,doθu
do.ðu,do.ðu,doðu,doðu
do.hu,do.hu,dohu,dohu
do.mo,do.mo,domo,domo
do.no,do.no,dono,dono
do.po,do.po,dopo,dopo
do.to,do.to,doto,doto
do.ko,do.ko,doko,doko
do.bo,do.bo,dobo,dobo
do.do,do.do,dodo,dodo
do.go,do.go,dogo,dogo
do.fo,do.fo,dofo,dofo
do.so,do.so,doso,doso
do.vo,do.vo,dovo,dovo
do.zo,do.zo,dozo,dozo
do.ʃo,do.ʃo,doʃo,doʃo
do.ʒo,do.ʒo,doʒo,doʒo
do.θo,do.θo,doθo,doθo
do.ðo,do.ðo,doðo,doðo
do.ho,do.ho,doho,doho
go.mi,go.mi,gomi,gomi
go.ni,go.ni,goni,goni
go.pi,go.pi,gopi,gopi
go.ti,go.ti,goti,goti
go.ki,go.ki,goki,goki
go.bi,go.bi,gobi,gobi
go.di,go.di,godi,godi
go.gi,go.gi,gogi,gogi
go.fi,go.fi,gofi,gofi
go.si,go.si,gosi,gosi
go.vi,go.vi,govi,govi
go.zi,go.zi,gozi,gozi
go.ʃi,go.ʃi,goʃi,goʃi
go.ʒi,go.ʒi,goʒi,goʒi
go.θi,go.θi,goθi,goθi
go.ði,go.ði,goði,goði
go.hi,go.hi,gohi,gohi
go.me,go.me,gome,gome
go.ne,go.ne,gone,gone
go.pe,go.pe,gope,gope
go.te,go.te,gote,gote
go.ke,go.ke,goke,goke
go.be,go.be,gobe,gobe
go.de,go.de,gode,gode
go.ge,go.ge,goge,goge
go.fe,go.fe,gofe,gofe
go.se,go.se,gose,gose
go.ve,go.ve,gove,gove
go.ze,go.ze,goze,goze
go.ʃe,go.ʃe,goʃe,goʃe
go.ʒe,go.ʒe,goʒe,goʒe
go.θe,go.θe,goθe,goθe
go.ðe,go.ðe,goðe,goðe
go.he,go.he,gohe,gohe
go.mu,go.mu,gomu,gomu
go.nu,go.nu,gonu,gonu
go.pu,go.pu,gopu,gopu
go.tu,go.tu,gotu,gotu
go.ku,go.ku,goku,goku
go.bu,go.bu,gobu,gobu
go.du,go.du,godu,godu
go.gu,go.gu,gogu,gogu
go.fu,go.fu,gofu,gofu
go.su,go.su,gosu,gosu
go.vu,go.vu,govu,govu
go.zu,go.zu,gozu,gozu
go.ʃu,go.ʃu,goʃu,goʃu
go.ʒu,go.ʒu,goʒu,goʒu
go.θu,go.θu,goθu,goθu
go.ðu,go.ðu,goðu,goðu
go.hu,go.hu,gohu,gohu
go.mo,go.mo,gomo,gomo
go.no,go.no,gono,gono
go.po,go.po,gopo,gopo
go.to,go.to,goto,goto
go.ko,go.ko,goko,goko
go.bo,go.bo,gobo,gobo
go.do,go.do,godo,godo
go.go,go.go,gogo,gogo
go.fo,go.fo,gofo,gofo
go.so,go.so,goso,goso
go.vo,go.vo,govo,govo
go.zo,go.zo,gozo,gozo
go.ʃo,go.ʃo,goʃo,goʃo
go.ʒo,go.ʒo,goʒo,goʒo
go.θo,go.θo,goθo,goθo
go.ðo,go.ðo,goðo,goðo
go.ho,go.ho,goho,goho
fo.mi,fo.mi,fomi,fomi
fo.ni,fo.ni,foni,foni
fo.pi,fo.pi,fopi,fopi
fo.ti,fo.ti,foti,foti
fo.ki,fo.ki,foki,foki
fo.bi,fo.bi,fobi,fobi
fo.di,fo.di,fodi,fodi
fo.gi,fo.gi,fogi,fogi
fo.fi,fo.fi,fofi,fofi
fo.si,fo.si,fosi,fosi
fo.vi,fo.vi,fovi,fovi
fo.zi,fo.zi,fozi,fozi
fo.ʃi,fo.ʃi,foʃi,foʃi
fo.ʒi,fo.ʒi,foʒi,foʒi
fo.θi,fo.θi,foθi,foθi
fo.ði,fo.ði,foði,foði
fo.hi,fo.hi,fohi,fohi
fo.me,fo.me,fome,fome
fo.ne,fo.ne,fone,fone
fo.pe,fo.pe,fope,fope
fo.te,fo.te,fote,fote
fo.ke,fo.ke,foke,foke
fo.be,fo.be,fobe,fobe
fo.de,fo.de,fode,fode
fo.ge,fo.ge,foge,foge
fo.fe,fo.fe,fofe,fofe
fo.se,fo.se,fose,fose
fo.ve,fo.ve,fove,fove
fo.ze,fo.ze,foze,foze
fo.ʃe,fo.ʃe,foʃe,foʃe
fo.ʒe,fo.ʒe,foʒe,foʒe
fo.θe,fo.θe,foθe,foθe
fo.ðe,fo.ðe,foðe,foðe
fo.he,fo.he,fohe,fohe
fo.mu,fo.mu,fomu,fomu
fo.nu,fo.nu,fonu,fonu
fo.pu,fo.pu,fopu,fopu
fo.tu,fo.tu,fotu,fotu
fo.ku,fo.ku,foku,foku
fo.bu,fo.bu,fobu,fobu
fo.du,fo.du,fodu,fodu
fo.gu,fo.gu,fogu,fogu
fo.fu,fo.fu,fofu,fofu
fo.su,fo.su,fosu,fosu
fo.vu,fo.vu,fovu,fovu
fo.zu,fo.zu,fozu,fozu
fo.ʃu,fo.ʃu,foʃu,foʃu
fo.ʒu,fo.ʒu,foʒu,foʒu
fo.θu,fo.θu,foθu,foθu
fo.ðu,fo.ðu,foðu,foðu
fo.hu,fo.hu,fohu,fohu
fo.mo,fo.mo,fomo,fomo
fo.no,fo.no,fono,fono
fo.po,fo.po,fopo,fopo
fo.to,fo.to,foto,foto
fo.ko,fo.ko,foko,foko
fo.bo,fo.bo,fobo,fobo
fo.do,fo.do,fodo,fodo
fo.go,fo.go,fogo,fogo
fo.fo,fo.fo,fofo,fofo
fo.so,fo.so,foso,foso
fo.vo,fo.vo,fovo,fovo
fo.zo,fo.zo,fozo,fozo
fo.ʃo,fo.ʃo,foʃo,foʃo
fo.ʒo,fo.ʒo,foʒo,foʒo
fo.θo,fo.θo,foθo,foθo
fo.ðo,fo.ðo,foðo,foðo
fo.ho,fo.ho,foho,foho
so.mi,so.mi,somi,somi
so.ni,so.ni,soni,soni
so.pi,so.pi,sopi,sopi
so.ti,so.ti,soti,soti
so.ki,so.ki,soki,soki
so.bi,so.bi,sobi,sobi
so.di,so.di,sodi,sodi
so.gi,so.gi,sogi,sogi
so.fi,so.fi,sofi,sofi
so.si,so.si,sosi,sosi
so.vi,so.vi,sovi,sovi
so.zi,so.zi,sozi,sozi
so.ʃi,so.ʃi,soʃi,soʃi
so.ʒi,so.ʒi,soʒi,soʒi
so.θi,so.θi,soθi,soθi
so.ði,so.ði,soði,soði
so.hi,so.hi,sohi,sohi
so.me,so.me,some,some
so.ne,so.ne,sone,sone
so.pe,so.pe,sope,sope
so.te,so.te,sote,sote
so.ke,so.ke,soke,soke
so.be,so.be,sobe,sobe
so.de,so.de,sode,sode
so.ge,so.ge,soge,soge
so.fe,so.fe,sofe,sofe
so.se,so.se,sose,sose
so.ve,so.ve,sove,sove
so.ze,so.ze,soze,soze
so.ʃe,so.ʃe,soʃe,soʃe
so.ʒe,so.ʒe,soʒe,soʒe
so.θe,so.θe,soθe,soθe
so.ðe,so.ðe,soðe,soðe
so.he,so.he,sohe,sohe
so.mu,so.mu,somu,somu
so.nu,so.nu,sonu,sonu
so.pu,so.pu,sopu,sopu
so.tu,so.tu,sotu,sotu
so.ku,so.ku,soku,soku
so.bu,so.bu,sobu,sobu
so.du,so.du,sodu,sodu
so.gu,so.gu,sogu,sogu
so.fu,so.fu,sofu,sofu
so.su,so.su,sosu,sosu
so.vu,so.vu,sovu,sovu
so.zu,so.zu,sozu,sozu
so.ʃu,so.ʃu,soʃu,soʃu
so.ʒu,so.ʒu,soʒu,soʒu
so.θu,so.θu,soθu,soθu
so.ðu,so.ðu,soðu,soðu
so.hu,so.hu,sohu,sohu
so.mo,so.mo,somo,somo
so.no,so.no,sono,sono
so.po,so.po,sopo,sopo
so.to,so.to,soto,soto
so.ko,so.ko,soko,soko
so.bo,so.bo,sobo,sobo
so.do,so.do,sodo,sodo
so.go,so.go,sogo,sogo
so.fo,so.fo,sofo,sofo
so.so,so.so,soso,soso
so.vo,so.vo,sovo,sovo
so.zo,so.zo,sozo,sozo
so.ʃo,so.ʃo,soʃo,soʃo
so.ʒo,so.ʒo,soʒo,soʒo
so.θo,so.θo,soθo,soθo
so.ðo,so.ðo,soðo,soðo
so.ho,so.ho,soho,soho
vo.mi,vo.mi,vomi,vomi
vo.ni,vo.ni,voni,voni
vo.pi,vo.pi,vopi,vopi
vo.ti,vo.ti,voti,voti
vo.ki,vo.ki,voki,voki
vo.bi,vo.bi,vobi,vobi
vo.di,vo.di,vodi,vodi
vo.gi,vo.gi,vogi,vogi
vo.fi,vo.fi,vofi,vofi
vo.si,vo.si,vosi,vosi
vo.vi,vo.vi,vovi,vovi
vo.zi,vo.zi,vozi,vozi
vo.ʃi,vo.ʃi,voʃi,voʃi
vo.ʒi,vo.ʒi,voʒi,voʒi
vo.θi,vo.θi,voθi,voθi
vo.ði,vo.ði,voði,voði
vo.hi,vo.hi,vohi,vohi
vo.me,vo.me,vome,vome
vo.ne,vo.ne,vone,vone
vo.pe,vo.pe,vope,vope
vo.te,vo.te,vote,vote
vo.ke,vo.ke,voke,voke
vo.be,vo.be,vobe,vobe
vo.de,vo.de,vode,vode
vo.ge,vo.ge,voge,voge
vo.fe,vo.fe,vofe,vofe
vo.se,vo.se,vose,vose
vo.ve,vo.ve,vove,vove
vo.ze,vo.ze,voze,voze
vo.ʃe,vo.ʃe,voʃe,voʃe
vo.ʒe,vo.ʒe,voʒe,voʒe
vo.θe,vo.θe,voθe,voθe
vo.ðe,vo.ðe,voðe,voðe
vo.he,vo.he,vohe,vohe
vo.mu,vo.mu,vomu,vomu
vo.nu,vo.nu,vonu,vonu
vo.pu,vo.pu,vopu,vopu
vo.tu,vo.tu,votu,votu
vo.ku,vo.ku,voku,voku
vo.bu,vo.bu,vobu,vobu
vo.du,vo.du,vodu,vodu
vo.gu,vo.gu,vogu,vogu
vo.fu,vo.fu,vofu,vofu
vo.su,vo.su,vosu,vosu
vo.vu,vo.vu,vovu,vovu
vo.zu,vo.zu,vozu,vozu
vo.ʃu,vo.ʃu,voʃu,voʃu
vo.ʒu,vo.ʒu,voʒu,voʒu
vo.θu,vo.θu,voθu,voθu
vo.ðu,vo.ðu,voðu,voðu
vo.hu,vo.hu,vohu,vohu
vo.mo,vo.mo,vomo,vomo
vo.no,vo.no,vono,vono
vo.po,vo.po,vopo,vopo
vo.to,vo.to,voto,voto
vo.ko,vo.ko,voko,voko
vo.bo,vo.bo,vobo,vobo
vo.do,vo.do,vodo,vodo
vo.go,vo.go,vogo,vogo
vo.fo,vo.fo,vofo,vofo
vo.so,vo.so,voso,voso
vo.vo,vo.vo,vovo,vovo
vo.zo,vo.zo,vozo,vozo
vo.ʃo,vo.ʃo,voʃo,voʃo
vo.ʒo,vo.ʒo,voʒo,voʒo
vo.θo,vo.θo,voθo,voθo
vo.ðo,vo.ðo,voðo,voðo
vo.ho,vo.ho,voho,voho
zo.mi,zo.mi,zomi,zomi
zo.ni,zo.ni,zoni,zoni
zo.pi,zo.pi,zopi,zopi
zo.ti,zo.ti,zoti,zoti
zo.ki,zo.ki,zoki,zoki
zo.bi,zo.bi,zobi,zobi
zo.di,zo.di,zodi,zodi
zo.gi,zo.gi,zogi,zogi
zo.fi,zo.fi,zofi,zofi
zo.si,zo.si,zosi,zosi
zo.vi,zo.vi,zovi,zovi
zo.zi,zo.zi,zozi,zozi
zo.ʃi,zo.ʃi,zoʃi,zoʃi
zo.ʒi,zo.ʒi,zoʒi,zoʒi
zo.θi,zo.θi,zoθi,zoθi
zo.ði,zo.ði,zoði,zoði
zo.hi,zo.hi,zohi,zohi
zo.me,zo.me,zome,zome
zo.ne,zo.ne,zone,zone
zo.pe,zo.pe,zope,zope
zo.te,zo.te,zote,zote
zo.ke,zo.ke,zoke,zoke
zo.be,zo.be,zobe,zobe
zo.de,zo.de,zode,zode
zo.ge,zo.ge,zoge,zoge
zo.fe,zo.fe,zofe,zofe
zo.se,zo.se,zose,zose
zo.ve,zo.ve,zove,zove
zo.ze,zo.ze,zoze,zoze
zo.ʃe,zo.ʃe,zoʃe,zoʃe
zo.ʒe,zo.ʒe,zoʒe,zoʒe
zo.θe,zo.θe,zoθe,zoθe
zo.ðe,zo.ðe,zoðe,zoðe
zo.he,zo.he,zohe,zohe
zo.mu,zo.mu,zomu,zomu
zo.nu,zo.nu,zonu,zonu
zo.pu,zo.pu,zopu,zopu
zo.tu,zo.tu,zotu,zotu
zo.ku,zo.ku,zoku,zoku
zo.bu,zo.bu,zobu,zobu
zo.du,zo.du,zodu,zodu
zo.gu,zo.gu,zogu,zogu
zo.fu,zo.fu,zofu,zofu
zo.su,zo.su,zosu,zosu
zo.vu,zo.vu,zovu,zovu
zo.zu,zo.zu,zozu,zozu
zo.ʃu,zo.ʃu,zoʃu,zoʃu
zo.ʒu,zo.ʒu,zoʒu,zoʒu
zo.θu,zo.θu,zoθu,zoθu
zo.ðu,zo.ðu,zoðu,zoðu
zo.hu,zo.hu,zohu,zohu
zo.mo,zo.mo,zomo,zomo
zo.no,zo.no,zono,zono
zo.po,zo.po,zopo,zopo
zo.to,zo.to,zoto,zoto
zo.ko,zo.ko,zoko,zoko
zo.bo,zo.bo,zobo,zobo
zo.do,zo.do,zodo,zodo
zo.go,zo.go,zogo,zogo
zo.fo,zo.fo,zofo,zofo
zo.so,zo.so,zoso,zoso
zo.vo,zo.vo,zovo,zovo
zo.zo,zo.zo,zozo,zozo
zo.ʃo,zo.ʃo,zoʃo,zoʃo
zo.ʒo,zo.ʒo,zoʒo,zoʒo
zo.θo,zo.θo,zoθo,zoθo
zo.ðo,zo.ðo,zoðo,zoðo
zo.ho,zo.ho,zoho,zoho
ʃo.mi,ʃo.mi,ʃomi,ʃomi
ʃo.ni,ʃo.ni,ʃoni,ʃoni
ʃo.pi,ʃo.pi,ʃopi,ʃopi
ʃo.ti,ʃo.ti,ʃoti,ʃoti
ʃo.ki,ʃo.ki,ʃoki,ʃoki
ʃo.bi,ʃo.bi,ʃobi,ʃobi
ʃo.di,ʃo.di,ʃodi,ʃodi
ʃo.gi,ʃo.gi,ʃogi,ʃogi
ʃo.fi,ʃo.fi,ʃofi,ʃofi
ʃo.si,ʃo.si,ʃosi,ʃosi
ʃo.vi,ʃo.vi,ʃovi,ʃovi
ʃo.zi,ʃo.zi,ʃozi,ʃozi
ʃo.ʃi,ʃo.ʃi,ʃoʃi,ʃoʃi
ʃo.ʒi,ʃo.ʒi,ʃoʒi,ʃoʒi
ʃo.θi,ʃo.θi,ʃoθi,ʃoθi
ʃo.ði,ʃo.ði,ʃoði,ʃoði
ʃo.hi,ʃo.hi,ʃohi,ʃohi
ʃo.me,ʃo.me,ʃome,ʃome
ʃo.ne,ʃo.ne,ʃone,ʃone
ʃo.pe,ʃo.pe,ʃope,ʃope
ʃo.te,ʃo.te,ʃote,ʃote
ʃo.ke,ʃo.ke,ʃoke,ʃoke
ʃo.be,ʃo.be,ʃobe,ʃobe
ʃo.de,ʃo.de,ʃode,ʃode
ʃo.ge,ʃo.ge,ʃoge,ʃoge
ʃo.fe,ʃo.fe,ʃofe,ʃofe
ʃo.se,ʃo.se,ʃose,ʃose
ʃo.ve,ʃo.ve,ʃove,ʃove
ʃo.ze,ʃo.ze,ʃoze,ʃoze
ʃo.ʃe,ʃo.ʃe,ʃoʃe,ʃoʃe
ʃo.ʒe,ʃo.ʒe,ʃoʒe,ʃoʒe
ʃo.θe,ʃo.θe,ʃoθe,ʃoθe
ʃo.ðe,ʃo.ðe,ʃoðe,ʃoðe
ʃo.he,ʃo.he,ʃohe,ʃohe
ʃo.mu,ʃo.mu,ʃomu,ʃomu
ʃo.nu,ʃo.nu,ʃonu,ʃonu
ʃo.pu,ʃo.pu,ʃopu,ʃopu
ʃo.tu,ʃo.tu,ʃotu,ʃotu
ʃo.ku,ʃo.ku,ʃoku,ʃoku
ʃo.bu,ʃo.bu,ʃobu,ʃobu
ʃo.du,ʃo.du,ʃodu,ʃodu
ʃo.gu,ʃo.gu,ʃogu,ʃogu
ʃo.fu,ʃo.fu,ʃofu,ʃofu
ʃo.su,ʃo.su,ʃosu,ʃosu
ʃo.vu,ʃo.vu,ʃovu,ʃovu
ʃo.zu,ʃo.zu,ʃozu,ʃozu
ʃo.ʃu,ʃo.ʃu,ʃoʃu,ʃoʃu
ʃo.ʒu,ʃo.ʒu,ʃoʒu,ʃoʒu
ʃo.θu,ʃo.θu,ʃoθu,ʃoθu
ʃo.ðu,ʃo.ðu,ʃoðu,ʃoðu
ʃo.hu,ʃo.hu,ʃohu,ʃohu
ʃo.mo,ʃo.mo,ʃomo,ʃomo
ʃo.no,ʃo.no,ʃono,ʃono
ʃo.po,ʃo.po,ʃopo,ʃopo
ʃo.to,ʃo.to,ʃoto,ʃoto
ʃo.ko,ʃo.ko,ʃoko,ʃoko
ʃo.bo,ʃo.bo,ʃobo,ʃobo
ʃo.do,ʃo.do,ʃodo,ʃodo
ʃo.go,ʃo.go,ʃogo,ʃogo
ʃo.fo,ʃo.fo,ʃofo,ʃofo
ʃo.so,ʃo.so,ʃoso,ʃoso
ʃo.vo,ʃo.vo,ʃovo,ʃovo
ʃo.zo,ʃo.zo,ʃozo,ʃozo
ʃo.ʃo,ʃo.ʃo,ʃoʃo,ʃoʃo
ʃo.ʒo,ʃo.ʒo,ʃoʒo,ʃoʒo
ʃo.θo,ʃo.θo,ʃoθo,ʃoθo
ʃo.ðo,ʃo.ðo,ʃoðo,ʃoðo
ʃo.ho,ʃo.ho,ʃoho,ʃoho
ʒo.mi,ʒo.mi,ʒomi,ʒomi
ʒo.ni,ʒo.ni,ʒoni,ʒoni
ʒo.pi,ʒo.pi,ʒopi,ʒopi
ʒo.ti,ʒo.ti,ʒoti,ʒoti
ʒo.ki,ʒo.ki,ʒoki,ʒoki
ʒo.bi,ʒo.bi,ʒobi,ʒobi
ʒo.di,ʒo.di,ʒodi,ʒodi
ʒo.gi,ʒo.gi,ʒogi,ʒogi
ʒo.fi,ʒo.fi,ʒofi,ʒofi
ʒo.si,ʒo.si,ʒosi,ʒosi
ʒo.vi,ʒo.vi,ʒovi,ʒovi
ʒo.zi,ʒo.zi,ʒozi,ʒozi
ʒo.ʃi,ʒo.ʃi,ʒoʃi,ʒoʃi
ʒo.ʒi,ʒo.ʒi,ʒoʒi,ʒoʒi
ʒo.θi,ʒo.θi,ʒoθi,ʒoθi
ʒo.ði,ʒo.ði,ʒoði,ʒoði
ʒo.hi,ʒo.hi,ʒohi,ʒohi
ʒo.me,ʒo.me,ʒome,ʒome
ʒo.ne,ʒo.ne,ʒone,ʒone
ʒo.pe,ʒo.pe,ʒope,ʒope
ʒo.te,ʒo.te,ʒote,ʒote
ʒo.ke,ʒo.ke,ʒoke,ʒoke
ʒo.be,ʒo.be,ʒobe,ʒobe
ʒo.de,ʒo.de,ʒode,ʒode
ʒo.ge,ʒo.ge,ʒoge,ʒoge
ʒo.fe,ʒo.fe,ʒofe,ʒofe
ʒo.se,ʒo.se,ʒose,ʒose
ʒo.ve,ʒo.ve,ʒove,ʒove
ʒo.ze,ʒo.ze,ʒoze,ʒoze
ʒo.ʃe,ʒo.ʃe,ʒoʃe,ʒoʃe
ʒo.ʒe,ʒo.ʒe,ʒoʒe,ʒoʒe
ʒo.θe,ʒo.θe,ʒoθe,ʒoθe
ʒo.ðe,ʒo.ðe,ʒoðe,ʒoðe
ʒo.he,ʒo.he,ʒohe,ʒohe
ʒo.mu,ʒo.mu,ʒomu,ʒomu
ʒo.nu,ʒo.nu,ʒonu,ʒonu
ʒo.pu,ʒo.pu,ʒopu,ʒopu
ʒo.tu,ʒo.tu,ʒotu,ʒotu
ʒo.ku,ʒo.ku,ʒoku,ʒoku
ʒo.bu,ʒo.bu,ʒobu,ʒobu
ʒo.du,ʒo.du,ʒodu,ʒodu
ʒo.gu,ʒo.gu,ʒogu,ʒogu
ʒo.fu,ʒo.fu,ʒofu,ʒofu
ʒo.su,ʒo.su,ʒosu,ʒosu
ʒo.vu,ʒo.vu,ʒovu,ʒovu
ʒo.zu,ʒo.zu,ʒozu,ʒozu
ʒo.ʃu,ʒo.ʃu,ʒoʃu,ʒoʃu
ʒo.ʒu,ʒo.ʒu,ʒoʒu,ʒoʒu
ʒo.θu,ʒo.θu,ʒoθu,ʒoθu
ʒo.ðu,ʒo.ðu,ʒoðu,ʒoðu
ʒo.hu,ʒo.hu,ʒohu,ʒohu
ʒo.mo,ʒo.mo,ʒomo,ʒomo
ʒo.no,ʒo.no,ʒono,ʒono
ʒo.po,ʒo.po,ʒopo,ʒopo
ʒo.to,ʒo.to,ʒoto,ʒoto
ʒo.ko,ʒo.ko,ʒoko,ʒoko
ʒo.bo,ʒo.bo,ʒobo,ʒobo
ʒo.do,ʒo.do,ʒodo,ʒodo
ʒo.go,ʒo.go,ʒogo,ʒogo
ʒo.fo,ʒo.fo,ʒofo,ʒofo
ʒo.so,ʒo.so,ʒoso,ʒoso
ʒo.vo,ʒo.vo,ʒovo,ʒovo
ʒo.zo,ʒo.zo,ʒozo,ʒozo
ʒo.ʃo,ʒo.ʃo,ʒoʃo,ʒoʃo
ʒo.ʒo,ʒo.ʒo,ʒoʒo,ʒoʒo
ʒo.θo,ʒo.θo,ʒoθo,ʒoθo
ʒo.ðo,ʒo.ðo,ʒoðo,ʒoðo
ʒo.ho,ʒo.ho,ʒoho,ʒoho
θo.mi,θo.mi,θomi,θomi
θo.ni,θo.ni,θoni,θoni
θo.pi,θo.pi,θopi,θopi
θo.ti,θo.ti,θoti,θoti
θo.ki,θo.ki,θoki,θoki
θo.bi,θo.bi,θobi,θobi
θo.di,θo.di,θodi,θodi
θo.gi,θo.gi,θogi,θogi
θo.fi,θo.fi,θofi,θofi
θo.si,θo.si,θosi,θosi
θo.vi,θo.vi,θovi,θovi
θo.zi,θo.zi,θozi,θozi
θo.ʃi,θo.ʃi,θoʃi,θoʃi
θo.ʒi,θo.ʒi,θoʒi,θoʒi
θo.θi,θo.θi,θoθi,θoθi
θo.ði,θo.ði,θoði,θoði
θo.hi,θo.hi,θohi,θohi
θo.me,θo.me,θome,θome
θo.ne,θo.ne,θone,θone
θo.pe,θo.pe,θope,θope
θo.te,θo.te,θote,θote
θo.ke,θo.ke,θoke,θoke
θo.be,θo.be,θobe,θobe
θo.de,θo.de,θode,θode
θo.ge,θo.ge,θoge,θoge
θo.fe,θo.fe,θofe,θofe
θo.se,θo.se,θose,θose
θo.ve,θo.ve,θove,θove
θo.ze,θo.ze,θoze,θoze
θo.ʃe,θo.ʃe,θoʃe,θoʃe
θo.ʒe,θo.ʒe,θoʒe,θoʒe
θo.θe,θo.θe,θoθe,θoθe
θo.ðe,θo.ðe,θoðe,θoðe
θo.he,θo.he,θohe,θohe
θo.mu,θo.mu,θomu,θomu
θo.nu,θo.nu,θonu,θonu
θo.pu,θo.pu,θopu,θopu
θo.tu,θo.tu,θotu,θotu
θo.ku,θo.ku,θoku,θoku
θo.bu,θo.bu,θobu,θobu
θo.du,θo.du,θodu,θodu
θo.gu,θo.gu,θogu,θogu
θo.fu,θo.fu,θofu,θofu
θo.su,θo.su,θosu,θosu
θo.vu,θo.vu,θovu,θovu
θo.zu,θo.zu,θozu,θozu
θo.ʃu,θo.ʃu,θoʃu,θoʃu
θo.ʒu,θo.ʒu,θoʒu,θoʒu
θo.θu,θo.θu,θoθu,θoθu
θo.ðu,θo.ðu,θoðu,θoðu
θo.hu,θo.hu,θohu,θohu
θo.mo,θo.mo,θomo,θomo
θo.no,θo.no,θono,θono
θo.po,θo.po,θopo,θopo
θo.to,θo.to,θoto,θoto
θo.ko,θo.ko,θoko,θoko
θo.bo,θo.bo,θobo,θobo
θo.do,θo.do,θodo,θodo
θo.go,θo.go,θogo,θogo
θo.fo,θo.fo,θofo,θofo
θo.so,θo.so,θoso,θoso
θo.vo,θo.vo,θovo,θovo
θo.zo,θo.zo,θozo,θozo
θo.ʃo,θo.ʃo,θoʃo,θoʃo
θo.ʒo,θo.ʒo,θoʒo,θoʒo
θo.θo,θo.θo,θoθo,θoθo
θo.ðo,θo.ðo,θoðo,θoðo
θo.ho,θo.ho,θoho,θoho
ðo.mi,ðo.mi,ðomi,ðomi
ðo.ni,ðo.ni,ðoni,ðoni
ðo.pi,ðo.pi,ðopi,ðopi
ðo.ti,ðo.ti,ðoti,ðoti
ðo.ki,ðo.ki,ðoki,ðoki
ðo.bi,ðo.bi,ðobi,ðobi
ðo.di,ðo.di,ðodi,ðodi
ðo.gi,ðo.gi,ðogi,ðogi
ðo.fi,ðo.fi,ðofi,ðofi
ðo.si,ðo.si,ðosi,ðosi
ðo.vi,ðo.vi,ðovi,ðovi
ðo.zi,ðo.zi,ðozi,ðozi
ðo.ʃi,ðo.ʃi,ðoʃi,ðoʃi
ðo.ʒi,ðo.ʒi,ðoʒi,ðoʒi
ðo.θi,ðo.θi,ðoθi,ðoθi
ðo.ði,ðo.ði,ðoði,ðoði
ðo.hi,ðo.hi,ðohi,ðohi
ðo.me,ðo.me,ðome,ðome
ðo.ne,ðo.ne,ðone,ðone
ðo.pe,ðo.pe,ðope,ðope
ðo.te,ðo.te,ðote,ðote
ðo.ke,ðo.ke,ðoke,ðoke
ðo.be,ðo.be,ðobe,ðobe
ðo.de,ðo.de,ðode,ðode
ðo.ge,ðo.ge,ðoge,ðoge
ðo.fe,ðo.fe,ðofe,ðofe
ðo.se,ðo.se,ðose,ðose
ðo.ve,ðo.ve,ðove,ðove
ðo.ze,ðo.ze,ðoze,ðoze
ðo.ʃe,ðo.ʃe,ðoʃe,ðoʃe
ðo.ʒe,ðo.ʒe,ðoʒe,ðoʒe
ðo.θe,ðo.θe,ðoθe,ðoθe
ðo.ðe,ðo.ðe,ðoðe,ðoðe
ðo.he,ðo.he,ðohe,ðohe
ðo.mu,ðo.mu,ðomu,ðomu
ðo.nu,ðo.nu,ðonu,ðonu
ðo.pu,ðo.pu,ðopu,ðopu
ðo.tu,ðo.tu,ðotu,ðotu
ðo.ku,ðo.ku,ðoku,ðoku
ðo.bu,ðo.bu,ðobu,ðobu
ðo.du,ðo.du,ðodu,ðodu
ðo.gu,ðo.gu,ðogu,ðogu
ðo.fu,ðo.fu,ðofu,ðofu
ðo.su,ðo.su,ðosu,ðosu
ðo.vu,ðo.vu,ðovu,ðovu
ðo.zu,ðo.zu,ðozu,ðozu
ðo.ʃu,ðo.ʃu,ðoʃu,ðoʃu
ðo.ʒu,ðo.ʒu,ðoʒu,ðoʒu
ðo.θu,ðo.θu,ðoθu,ðoθu
ðo.ðu,ðo.ðu,ðoðu,ðoðu
ðo.hu,ðo.hu,ðohu,ðohu
ðo.mo,ðo.mo,ðomo,ðomo
ðo.no,ðo.no,ðono,ðono
ðo.po,ðo.po,ðopo,ðopo
ðo.to,ðo.to,ðoto,ðoto
ðo.ko,ðo.ko,ðoko,ðoko
ðo.bo,ðo.bo,ðobo,ðobo
ðo.do,ðo.do,ðodo,ðodo
ðo.go,ðo.go,ðogo,ðogo
ðo.fo,ðo.fo,ðofo,ðofo
ðo.so,ðo.so,ðoso,ðoso
ðo.vo,ðo.vo,ðovo,ðovo
ðo.zo,ðo.zo,ðozo,ðozo
ðo.ʃo,ðo.ʃo,ðoʃo,ðoʃo
ðo.ʒo,ðo.ʒo,ðoʒo,ðoʒo
ðo.θo,ðo.θo,ðoθo,ðoθo
ðo.ðo,ðo.ðo,ðoðo,ðoðo
ðo.ho,ðo.ho,ðoho,ðoho
ho.mi,ho.mi,homi,homi
ho.ni,ho.ni,honi,honi
ho.pi,ho.pi,hopi,hopi
ho.ti,ho.ti,hoti,hoti
ho.ki,ho.ki,hoki,hoki
ho.bi,ho.bi,hobi,hobi
ho.di,ho.di,hodi,hodi
ho.gi,ho.gi,hogi,hogi
ho.fi,ho.fi,hofi,hofi
ho.si,ho.si,hosi,hosi
ho.vi,ho.vi,hovi,hovi
ho.zi,ho.zi,hozi,hozi
ho.ʃi,ho.ʃi,hoʃi,hoʃi
ho.ʒi,ho.ʒi,hoʒi,hoʒi
ho.θi,ho.θi,hoθi,hoθi
ho.ði,ho.ði,hoði,hoði
ho.hi,ho.hi,hohi,hohi
ho.me,ho.me,home,home
ho.ne,ho.ne,hone,hone
ho.pe,ho.pe,hope,hope
ho.te,ho.te,hote,hote
ho.ke,ho.ke,hoke,hoke
ho.be,ho.be,hobe,hobe
ho.de,ho.de,hode,hode
ho.ge,ho.ge,hoge,hoge
ho.fe,ho.fe,hofe,hofe
ho.se,ho.se,hose,hose
ho.ve,ho.ve,hove,hove
ho.ze,ho.ze,hoze,hoze
ho.ʃe,ho.ʃe,hoʃe,hoʃe
ho.ʒe,ho.ʒe,hoʒe,hoʒe
ho.θe,ho.θe,hoθe,hoθe
ho.ðe,ho.ðe,hoðe,hoðe
ho.he,ho.he,hohe,hohe
ho.mu,ho.mu,homu,homu
ho.nu,ho.nu,honu,honu
ho.pu,ho.pu,hopu,hopu
ho.tu,ho.tu,hotu,hotu
ho.ku,ho.ku,hoku,hoku
ho.bu,ho.bu,hobu,hobu
ho.du,ho.du,hodu,hodu
ho.gu,ho.gu,hogu,hogu
ho.fu,ho.fu,hofu,hofu
ho.su,ho.su,hosu,hosu
ho.vu,ho.vu,hovu,hovu
ho.zu,ho.zu,hozu,hozu
ho.ʃu,ho.ʃu,hoʃu,hoʃu
ho.ʒu,ho.ʒu,hoʒu,hoʒu
ho.θu,ho.θu,hoθu,hoθu
ho.ðu,ho.ðu,hoðu,hoðu
ho.hu,ho.hu,hohu,hohu
ho.mo,ho.mo,homo,homo
ho.no,ho.no,hono,hono
ho.po,ho.po,hopo,hopo
ho.to,ho.to,hoto,hoto
ho.ko,ho.ko,hoko,hoko
ho.bo,ho.bo,hobo,hobo
ho.do,ho.do,hodo,hodo
ho.go,ho.go,hogo,hogo
ho.fo,ho.fo,hofo,hofo
ho.so,ho.so,hoso,hoso
ho.vo,ho.vo,hovo,hovo
ho.zo,ho.zo,hozo,hozo
ho.ʃo,ho.ʃo,hoʃo,hoʃo
ho.ʒo,ho.ʒo,hoʒo,hoʒo
ho.θo,ho.θo,hoθo,hoθo
ho.ðo,ho.ðo,hoðo,hoðo
ho.ho,ho.ho,hoho,hoho
ɪm.i,ɪm.i,ɪmi,ɪmi
ɪm.e,ɪm.e,ɪme,ɪme
ɪm.u,ɪm.u,ɪmu,ɪmu
ɪm.o,ɪm.o,ɪmo,ɪmo
ɪn.i,ɪn.i,ɪni,ɪni
ɪn.e,ɪn.e,ɪne,ɪne
ɪn.u,ɪn.u,ɪnu,ɪnu
ɪn.o,ɪn.o,ɪno,ɪno
ɪŋ.i,ɪŋ.i,ɪŋi,ɪŋi
ɪŋ.e,ɪŋ.e,ɪŋe,ɪŋe
ɪŋ.u,ɪŋ.u,ɪŋu,ɪŋu
ɪŋ.o,ɪŋ.o,ɪŋo,ɪŋo
ɪp.i,ɪp.i,ɪpi,ɪpi
ɪp.e,ɪp.e,ɪpe,ɪpe
ɪp.u,ɪp.u,ɪpu,ɪpu
ɪp.o,ɪp.o,ɪpo,ɪpo
ɪt.i,ɪt.i,ɪti,ɪti
ɪt.e,ɪt.e,ɪte,ɪte
ɪt.u,ɪt.u,ɪtu,ɪtu
ɪt.o,ɪt.o,ɪto,ɪto
ɪk.i,ɪk.i,ɪki,ɪki
ɪk.e,ɪk.e,ɪke,ɪke
ɪk.u,ɪk.u,ɪku,ɪku
ɪk.o,ɪk.o,ɪko,ɪko
ɪb.i,ɪb.i,ɪbi,ɪbi
ɪb.e,ɪb.e,ɪbe,ɪbe
ɪb.u,ɪb.u,ɪbu,ɪbu
ɪb.o,ɪb.o,ɪbo,ɪbo
ɪd.i,ɪd.i,ɪdi,ɪdi
ɪd.e,ɪd.e,ɪde,ɪde
ɪd.u,ɪd.u,ɪdu,ɪdu
ɪd.o,ɪd.o,ɪdo,ɪdo
ɪg.i,ɪg.i,ɪgi,ɪgi
ɪg.e,ɪg.e,ɪge,ɪge
ɪg.u,ɪg.u,ɪgu,ɪgu
ɪg.o,ɪg.o,ɪgo,ɪgo
ɪf.i,ɪf.i,ɪfi,ɪfi
ɪf.e,ɪf.e,ɪfe,ɪfe
ɪf.u,ɪf.u,ɪfu,ɪfu
ɪf.o,ɪf.o,ɪfo,ɪfo
ɪs.i,ɪs.i,ɪsi,ɪsi
ɪs.e,ɪs.e,ɪse,ɪse
ɪs.u,ɪs.u,ɪsu,ɪsu
ɪs.o,ɪs.o,ɪso,ɪso
ɪv.i,ɪv.i,ɪvi,ɪvi
ɪv.e,ɪv.e,ɪve,ɪve
ɪv.u,ɪv.u,ɪvu,ɪvu
ɪv.o,ɪv.o,ɪvo,ɪvo
ɪz.i,ɪz.i,ɪzi,ɪzi
ɪz.e,ɪz.e,ɪze,ɪze
ɪz.u,ɪz.u,ɪzu,ɪzu
ɪz.o,ɪz.o,ɪzo,ɪzo
ɪʃ.i,ɪʃ.i,ɪʃi,ɪʃi
ɪʃ.e,ɪʃ.e,ɪʃe,ɪʃe
ɪʃ.u,ɪʃ.u,ɪʃu,ɪʃu
ɪʃ.o,ɪʃ.o,ɪʃo,ɪʃo
ɪʒ.i,ɪʒ.i,ɪʒi,ɪʒi
ɪʒ.e,ɪʒ.e,ɪʒe,ɪʒe
ɪʒ.u,ɪʒ.u,ɪʒu,ɪʒu
ɪʒ.o,ɪʒ.o,ɪʒo,ɪʒo
ɪθ.i,ɪθ.i,ɪθi,ɪθi
ɪθ.e,ɪθ.e,ɪθe,ɪθe
ɪθ.u,ɪθ.u,ɪθu,ɪθu
ɪθ.o,ɪθ.o,ɪθo,ɪθo
ɪð.i,ɪð.i,ɪði,ɪði
ɪð.e,ɪð.e,ɪðe,ɪðe
ɪð.u,ɪð.u,ɪðu,ɪðu
ɪð.o,ɪð.o,ɪðo,ɪðo
ɛm.i,ɛm.i,ɛmi,ɛmi
ɛm.e,ɛm.e,ɛme,ɛme
ɛm.u,ɛm.u,ɛmu,ɛmu
ɛm.o,ɛm.o,ɛmo,ɛmo
ɛn.i,ɛn.i,ɛni,ɛni
ɛn.e,ɛn.e,ɛne,ɛne
ɛn.u,ɛn.u,ɛnu,ɛnu
ɛn.o,ɛn.o,ɛno,ɛno
ɛŋ.i,ɛŋ.i,ɛŋi,ɛŋi
ɛŋ.e,ɛŋ.e,ɛŋe,ɛŋe
ɛŋ.u,ɛŋ.u,ɛŋu,ɛŋu
ɛŋ.o,ɛŋ.o,ɛŋo,ɛŋo
ɛp.i,ɛp.i,ɛpi,ɛpi
ɛp.e,ɛp.e,ɛpe,ɛpe
ɛp.u,ɛp.u,ɛpu,ɛpu
ɛp.o,ɛp.o,ɛpo,ɛpo
ɛt.i,ɛt.i,ɛti,ɛti
ɛt.e,ɛt.e,ɛte,ɛte
ɛt.u,ɛt.u,ɛtu,ɛtu
ɛt.o,ɛt.o,ɛto,ɛto
ɛk.i,ɛk.i,ɛki,ɛki
ɛk.e,ɛk.e,ɛke,ɛke
ɛk.u,ɛk.u,ɛku,ɛku
ɛk.o,ɛk.o,ɛko,ɛko
ɛb.i,ɛb.i,ɛbi,ɛbi
ɛb.e,ɛb.e,ɛbe,ɛbe
ɛb.u,ɛb.u,ɛbu,ɛbu
ɛb.o,ɛb.o,ɛbo,ɛbo
ɛd.i,ɛd.i,ɛdi,ɛdi
ɛd.e,ɛd.e,ɛde,ɛde
ɛd.u,ɛd.u,ɛdu,ɛdu
ɛd.o,ɛd.o,ɛdo,ɛdo
ɛg.i,ɛg.i,ɛgi,ɛgi
ɛg.e,ɛg.e,ɛge,ɛge
ɛg.u,ɛg.u,ɛgu,ɛgu
ɛg.o,ɛg.o,ɛgo,ɛgo
ɛf.i,ɛf.i,ɛfi,ɛfi
ɛf.e,ɛf.e,ɛfe,ɛfe
ɛf.u,ɛf.u,ɛfu,ɛfu
ɛf.o,ɛf.o,ɛfo,ɛfo
ɛs.i,ɛs.i,ɛsi,ɛsi
ɛs.e,ɛs.e,ɛse,ɛse
ɛs.u,ɛs.u,ɛsu,ɛsu
ɛs.o,ɛs.o,ɛso,ɛso
ɛv.i,ɛv.i,ɛvi,ɛvi
ɛv.e,ɛv.e,ɛve,ɛve
ɛv.u,ɛv.u,ɛvu,ɛvu
ɛv.o,ɛv.o,ɛvo,ɛvo
ɛz.i,ɛz.i,ɛzi,ɛzi
ɛz.e,ɛz.e,ɛze,ɛze
ɛz.u,ɛz.u,ɛzu,ɛzu
ɛz.o,ɛz.o,ɛzo,ɛzo
ɛʃ.i,ɛʃ.i,ɛʃi,ɛʃi
ɛʃ.e,ɛʃ.e,ɛʃe,ɛʃe
ɛʃ.u,ɛʃ.u,ɛʃu,ɛʃu
ɛʃ.o,ɛʃ.o,ɛʃo,ɛʃo
ɛʒ.i,ɛʒ.i,ɛʒi,ɛʒi
ɛʒ.e,ɛʒ.e,ɛʒe,ɛʒe
ɛʒ.u,ɛʒ.u,ɛʒu,ɛʒu
ɛʒ.o,ɛʒ.o,ɛʒo,ɛʒo
ɛθ.i,ɛθ.i,ɛθi,ɛθi
ɛθ.e,ɛθ.e,ɛθe,ɛθe
ɛθ.u,ɛθ.u,ɛθu,ɛθu
ɛθ.o,ɛθ.o,ɛθo,ɛθo
ɛð.i,ɛð.i,ɛði,ɛði
ɛð.e,ɛð.e,ɛðe,ɛðe
ɛð.u,ɛð.u,ɛðu,ɛðu
ɛð.o,ɛð.o,ɛðo,ɛðo
ʊm.i,ʊm.i,ʊmi,ʊmi
ʊm.e,ʊm.e,ʊme,ʊme
ʊm.u,ʊm.u,ʊmu,ʊmu
ʊm.o,ʊm.o,ʊmo,ʊmo
ʊn.i,ʊn.i,ʊni,ʊni
ʊn.e,ʊn.e,ʊne,ʊne
ʊn.u,ʊn.u,ʊnu,ʊnu
ʊn.o,ʊn.o,ʊno,ʊno
ʊŋ.i,ʊŋ.i,ʊŋi,ʊŋi
ʊŋ.e,ʊŋ.e,ʊŋe,ʊŋe
ʊŋ.u,ʊŋ.u,ʊŋu,ʊŋu
ʊŋ.o,ʊŋ.o,ʊŋo,ʊŋo
ʊp.i,ʊp.i,ʊpi,ʊpi
ʊp.e,ʊp.e,ʊpe,ʊpe
ʊp.u,ʊp.u,ʊpu,ʊpu
ʊp.o,ʊp.o,ʊpo,ʊpo
ʊt.i,ʊt.i,ʊti,ʊti
ʊt.e,ʊt.e,ʊte,ʊte
ʊt.u,ʊt.u,ʊtu,ʊtu
ʊt.o,ʊt.o,ʊto,ʊto
ʊk.i,ʊk.i,ʊki,ʊki
ʊk.e,ʊk.e,ʊke,ʊke
ʊk.u,ʊk.u,ʊku,ʊku
ʊk.o,ʊk.o,ʊko,ʊko
ʊb.i,ʊb.i,ʊbi,ʊbi
ʊb.e,ʊb.e,ʊbe,ʊbe
ʊb.u,ʊb.u,ʊbu,ʊbu
ʊb.o,ʊb.o,ʊbo,ʊbo
ʊd.i,ʊd.i,ʊdi,ʊdi
ʊd.e,ʊd.e,ʊde,ʊde
ʊd.u,ʊd.u,ʊdu,ʊdu
ʊd.o,ʊd.o,ʊdo,ʊdo
ʊg.i,ʊg.i,ʊgi,ʊgi
ʊg.e,ʊg.e,ʊge,ʊge
ʊg.u,ʊg.u,ʊgu,ʊgu
ʊg.o,ʊg.o,ʊgo,ʊgo
ʊf.i,ʊf.i,ʊfi,ʊfi
ʊf.e,ʊf.e,ʊfe,ʊfe
ʊf.u,ʊf.u,ʊfu,ʊfu
ʊf.o,ʊf.o,ʊfo,ʊfo
ʊs.i,ʊs.i,ʊsi,ʊsi
ʊs.e,ʊs.e,ʊse,ʊse
ʊs.u,ʊs.u,ʊsu,ʊsu
ʊs.o,ʊs.o,ʊso,ʊso
ʊv.i,ʊv.i,ʊvi,ʊvi
ʊv.e,ʊv.e,ʊve,ʊve
ʊv.u,ʊv.u,ʊvu,ʊvu
ʊv.o,ʊv.o,ʊvo,ʊvo
ʊz.i,ʊz.i,ʊzi,ʊzi
ʊz.e,ʊz.e,ʊze,ʊze
ʊz.u,ʊz.u,ʊzu,ʊzu
ʊz.o,ʊz.o,ʊzo,ʊzo
ʊʃ.i,ʊʃ.i,ʊʃi,ʊʃi
ʊʃ.e,ʊʃ.e,ʊʃe,ʊʃe
ʊʃ.u,ʊʃ.u,ʊʃu,ʊʃu
ʊʃ.o,ʊʃ.o,ʊʃo,ʊʃo
ʊʒ.i,ʊʒ.i,ʊʒi,ʊʒi
ʊʒ.e,ʊʒ.e,ʊʒe,ʊʒe
ʊʒ.u,ʊʒ.u,ʊʒu,ʊʒu
ʊʒ.o,ʊʒ.o,ʊʒo,ʊʒo
ʊθ.i,ʊθ.i,ʊθi,ʊθi
ʊθ.e,ʊθ.e,ʊθe,ʊθe
ʊθ.u,ʊθ.u,ʊθu,ʊθu
ʊθ.o,ʊθ.o,ʊθo,ʊθo
ʊð.i,ʊð.i,ʊði,ʊði
ʊð.e,ʊð.e,ʊðe,ʊðe
ʊð.u,ʊð.u,ʊðu,ʊðu
ʊð.o,ʊð.o,ʊðo,ʊðo
ɔm.i,ɔm.i,ɔmi,ɔmi
ɔm.e,ɔm.e,ɔme,ɔme
ɔm.u,ɔm.u,ɔmu,ɔmu
ɔm.o,ɔm.o,ɔmo,ɔmo
ɔn.i,ɔn.i,ɔni,ɔni
ɔn.e,ɔn.e,ɔne,ɔne
ɔn.u,ɔn.u,ɔnu,ɔnu
ɔn.o,ɔn.o,ɔno,ɔno
ɔŋ.i,ɔŋ.i,ɔŋi,ɔŋi
ɔŋ.e,ɔŋ.e,ɔŋe,ɔŋe
ɔŋ.u,ɔŋ.u,ɔŋu,ɔŋu
ɔŋ.o,ɔŋ.o,ɔŋo,ɔŋo
ɔp.i,ɔp.i,ɔpi,ɔpi
ɔp.e,ɔp.e,ɔpe,ɔpe
ɔp.u,ɔp.u,ɔpu,ɔpu
ɔp.o,ɔp.o,ɔpo,ɔpo
ɔt.i,ɔt.i,ɔti,ɔti
ɔt.e,ɔt.e,ɔte,ɔte
ɔt.u,ɔt.u,ɔtu,ɔtu
ɔt.o,ɔt.o,ɔto,ɔto
ɔk.i,ɔk.i,ɔki,ɔki
ɔk.e,ɔk.e,ɔke,ɔke
ɔk.u,ɔk.u,ɔku,ɔku
ɔk.o,ɔk.o,ɔko,ɔko
ɔb.i,ɔb.i,ɔbi,ɔbi
ɔb.e,ɔb.e,ɔbe,ɔbe
ɔb.u,ɔb.u,ɔbu,ɔbu
ɔb.o,ɔb.o,ɔbo,ɔbo
ɔd.i,ɔd.i,ɔdi,ɔdi
ɔd.e,ɔd.e,ɔde,ɔde
ɔd.u,ɔd.u,ɔdu,ɔdu
ɔd.o,ɔd.o,ɔdo,ɔdo
ɔg.i,ɔg.i,ɔgi,ɔgi
ɔg.e,ɔg.e,ɔge,ɔge
ɔg.u,ɔg.u,ɔgu,ɔgu
ɔg.o,ɔg.o,ɔgo,ɔgo
ɔf.i,ɔf.i,ɔfi,ɔfi
ɔf.e,ɔf.e,ɔfe,ɔfe
ɔf.u,ɔf.u,ɔfu,ɔfu
ɔf.o,ɔf.o,ɔfo,ɔfo
ɔs.i,ɔs.i,ɔsi,ɔsi
ɔs.e,ɔs.e,ɔse,ɔse
ɔs.u,ɔs.u,ɔsu,ɔsu
ɔs.o,ɔs.o,ɔso,ɔso
ɔv.i,ɔv.i,ɔvi,ɔvi
ɔv.e,ɔv.e,ɔve,ɔve
ɔv.u,ɔv.u,ɔvu,ɔvu
ɔv.o,ɔv.o,ɔvo,ɔvo
ɔz.i,ɔz.i,ɔzi,ɔzi
ɔz.e,ɔz.e,ɔze,ɔze
ɔz.u,ɔz.u,ɔzu,ɔzu
ɔz.o,ɔz.o,ɔzo,ɔzo
ɔʃ.i,ɔʃ.i,ɔʃi,ɔʃi
ɔʃ.e,ɔʃ.e,ɔʃe,ɔʃe
ɔʃ.u,ɔʃ.u,ɔʃu,ɔʃu
ɔʃ.o,ɔʃ.o,ɔʃo,ɔʃo
ɔʒ.i,ɔʒ.i,ɔʒi,ɔʒi
ɔʒ.e,ɔʒ.e,ɔʒe,ɔʒe
ɔʒ.u,ɔʒ.u,ɔʒu,ɔʒu
ɔʒ.o,ɔʒ.o,ɔʒo,ɔʒo
ɔθ.i,ɔθ.i,ɔθi,ɔθi
ɔθ.e,ɔθ.e,ɔθe,ɔθe
ɔθ.u,ɔθ.u,ɔθu,ɔθu
ɔθ.o,ɔθ.o,ɔθo,ɔθo
ɔð.i,ɔð.i,ɔði,ɔði
ɔð.e,ɔð.e,ɔðe,ɔðe
ɔð.u,ɔð.u,ɔðu,ɔðu
ɔð.o,ɔð.o,ɔðo,ɔðo
ɪm.ɪm,ɪm.ɪm,ɪmɪm,ɪmɪm
ɪm.ɪn,ɪm.ɪn,ɪmɪn,ɪmɪn
ɪm.ɪŋ,ɪm.ɪŋ,ɪmɪŋ,ɪmɪŋ
ɪm.ɪp,ɪm.ɪp,ɪmɪp,ɪmɪp
ɪm.ɪt,ɪm.ɪt,ɪmɪt,ɪmɪt
ɪm.ɪk,ɪm.ɪk,ɪmɪk,ɪmɪk
ɪm.ɪb,ɪm.ɪb,ɪmɪb,ɪmɪb
ɪm.ɪd,ɪm.ɪd,ɪmɪd,ɪmɪd
ɪm.ɪg,ɪm.ɪg,ɪmɪg,ɪmɪg
ɪm.ɪf,ɪm.ɪf,ɪmɪf,ɪmɪf
ɪm.ɪs,ɪm.ɪs,ɪmɪs,ɪmɪs
ɪm.ɪv,ɪm.ɪv,ɪmɪv,ɪmɪv
ɪm.ɪz,ɪm.ɪz,ɪmɪz,ɪmɪz
ɪm.ɪʃ,ɪm.ɪʃ,ɪmɪʃ,ɪmɪʃ
ɪm.ɪʒ,ɪm.ɪʒ,ɪmɪʒ,ɪmɪʒ
ɪm.ɪθ,ɪm.ɪθ,ɪmɪθ,ɪmɪθ
ɪm.ɪð,ɪm.ɪð,ɪmɪð,ɪmɪð
ɪm.ɛm,ɪm.ɛm,ɪmɛm,ɪmɛm
ɪm.ɛn,ɪm.ɛn,ɪmɛn,ɪmɛn
ɪm.ɛŋ,ɪm.ɛŋ,ɪmɛŋ,ɪmɛŋ
ɪm.ɛp,ɪm.ɛp,ɪmɛp,ɪmɛp
ɪm.ɛt,ɪm.ɛt,ɪmɛt,ɪmɛt
ɪm.ɛk,ɪm.ɛk,ɪmɛk,ɪmɛk
ɪm.ɛb,ɪm.ɛb,ɪmɛb,ɪmɛb
ɪm.ɛd,ɪm.ɛd,ɪmɛd,ɪmɛd
ɪm.ɛg,ɪm.ɛg,ɪmɛg,ɪmɛg
ɪm.ɛf,ɪm.ɛf,ɪmɛf,ɪmɛf
ɪm.ɛs,ɪm.ɛs,ɪmɛs,ɪmɛs
ɪm.ɛv,ɪm.ɛv,ɪmɛv,ɪmɛv
ɪm.ɛz,ɪm.ɛz,ɪmɛz,ɪmɛz
ɪm.ɛʃ,ɪm.ɛʃ,ɪmɛʃ,ɪmɛʃ
ɪm.ɛʒ,ɪm.ɛʒ,ɪmɛʒ,ɪmɛʒ
ɪm.ɛθ,ɪm.ɛθ,ɪmɛθ,ɪmɛθ
ɪm.ɛð,ɪm.ɛð,ɪmɛð,ɪmɛð
ɪm.ʊm,ɪm.ʊm,ɪmʊm,ɪmʊm
ɪm.ʊn,ɪm.ʊn,ɪmʊn,ɪmʊn
ɪm.ʊŋ,ɪm.ʊŋ,ɪmʊŋ,ɪmʊŋ
ɪm.ʊp,ɪm.ʊp,ɪmʊp,ɪmʊp
ɪm.ʊt,ɪm.ʊt,ɪmʊt,ɪmʊt
ɪm.ʊk,ɪm.ʊk,ɪmʊk,ɪmʊk
ɪm.ʊb,ɪm.ʊb,ɪmʊb,ɪmʊb
ɪm.ʊd,ɪm.ʊd,ɪmʊd,ɪmʊd
ɪm.ʊg,ɪm.ʊg,ɪmʊg,ɪmʊg
ɪm.ʊf,ɪm.ʊf,ɪmʊf,ɪmʊf
ɪm.ʊs,ɪm.ʊs,ɪmʊs,ɪmʊs
ɪm.ʊv,ɪm.ʊv,ɪmʊv,ɪmʊv
ɪm.ʊz,ɪm.ʊz,ɪmʊz,ɪmʊz
ɪm.ʊʃ,ɪm.ʊʃ,ɪmʊʃ,ɪmʊʃ
ɪm.ʊʒ,ɪm.ʊʒ,ɪmʊʒ,ɪmʊʒ
ɪm.ʊθ,ɪm.ʊθ,ɪmʊθ,ɪmʊθ
ɪm.ʊð,ɪm.ʊð,ɪmʊð,ɪmʊð
ɪm.ɔm,ɪm.ɔm,ɪmɔm,ɪmɔm
ɪm.ɔn,ɪm.ɔn,ɪmɔn,ɪmɔn
ɪm.ɔŋ,ɪm.ɔŋ,ɪmɔŋ,ɪmɔŋ
ɪm.ɔp,ɪm.ɔp,ɪmɔp,ɪmɔp
ɪm.ɔt,ɪm.ɔt,ɪmɔt,ɪmɔt
ɪm.ɔk,ɪm.ɔk,ɪmɔk,ɪmɔk
ɪm.ɔb,ɪm.ɔb,ɪmɔb,ɪmɔb
ɪm.ɔd,ɪm.ɔd,ɪmɔd,ɪmɔd
ɪm.ɔg,ɪm.ɔg,ɪmɔg,ɪmɔg
ɪm.ɔf,ɪm.ɔf,ɪmɔf,ɪmɔf
ɪm.ɔs,ɪm.ɔs,ɪmɔs,ɪmɔs
ɪm.ɔv,ɪm.ɔv,ɪmɔv,ɪmɔv
ɪm.ɔz,ɪm.ɔz,ɪmɔz,ɪmɔz
ɪm.ɔʃ,ɪm.ɔʃ,ɪmɔʃ,ɪmɔʃ
ɪm.ɔʒ,ɪm.ɔʒ,ɪmɔʒ,ɪmɔʒ
ɪm.ɔθ,ɪm.ɔθ,ɪmɔθ,ɪmɔθ
ɪm.ɔð,ɪm.ɔð,ɪmɔð,ɪmɔð
ɪn.ɪm,ɪn.ɪm,ɪnɪm,ɪnɪm
ɪn.ɪn,ɪn.ɪn,ɪnɪn,ɪnɪn
ɪn.ɪŋ,ɪn.ɪŋ,ɪnɪŋ,ɪnɪŋ
ɪn.ɪp,ɪn.ɪp,ɪnɪp,ɪnɪp
ɪn.ɪt,ɪn.ɪt,ɪnɪt,ɪnɪt
ɪn.ɪk,ɪn.ɪk,ɪnɪk,ɪnɪk
ɪn.ɪb,ɪn.ɪb,ɪnɪb,ɪnɪb
ɪn.ɪd,ɪn.ɪd,ɪnɪd,ɪnɪd
ɪn.ɪg,ɪn.ɪg,ɪnɪg,ɪnɪg
ɪn.ɪf,ɪn.ɪf,ɪnɪf,ɪnɪf
ɪn.ɪs,ɪn.ɪs,ɪnɪs,ɪnɪs
ɪn.ɪv,ɪn.ɪv,ɪnɪv,ɪnɪv
ɪn.ɪz,ɪn.ɪz,ɪnɪz,ɪnɪz
ɪn.ɪʃ,ɪn.ɪʃ,ɪnɪʃ,ɪnɪʃ
ɪn.ɪʒ,ɪn.ɪʒ,ɪnɪʒ,ɪnɪʒ
ɪn.ɪθ,ɪn.ɪθ,ɪnɪθ,ɪnɪθ
ɪn.ɪð,ɪn.ɪð,ɪnɪð,ɪnɪð
ɪn.ɛm,ɪn.ɛm,ɪnɛm,ɪnɛm
ɪn.ɛn,ɪn.ɛn,ɪnɛn,ɪnɛn
ɪn.ɛŋ,ɪn.ɛŋ,ɪnɛŋ,ɪnɛŋ
ɪn.ɛp,ɪn.ɛp,ɪnɛp,ɪnɛp
ɪn.ɛt,ɪn.ɛt,ɪnɛt,ɪnɛt
ɪn.ɛk,ɪn.ɛk,ɪnɛk,ɪnɛk
ɪn.ɛb,ɪn.ɛb,ɪnɛb,ɪnɛb
ɪn.ɛd,ɪn.ɛd,ɪnɛd,ɪnɛd
ɪn.ɛg,ɪn.ɛg,ɪnɛg,ɪnɛg
ɪn.ɛf,ɪn.ɛf,ɪnɛf,ɪnɛf
ɪn.ɛs,ɪn.ɛs,ɪnɛs,ɪnɛs
ɪn.ɛv,ɪn.ɛv,ɪnɛv,ɪnɛv
ɪn.ɛz,ɪn.ɛz,ɪnɛz,ɪnɛz
ɪn.ɛʃ,ɪn.ɛʃ,ɪnɛʃ,ɪnɛʃ
ɪn.ɛʒ,ɪn.ɛʒ,ɪnɛʒ,ɪnɛʒ
ɪn.ɛθ,ɪn.ɛθ,ɪnɛθ,ɪnɛθ
ɪn.ɛð,ɪn.ɛð,ɪnɛð,ɪnɛð
ɪn.ʊm,ɪn.ʊm,ɪnʊm,ɪnʊm
ɪn.ʊn,ɪn.ʊn,ɪnʊn,ɪnʊn
ɪn.ʊŋ,ɪn.ʊŋ,ɪnʊŋ,ɪnʊŋ
ɪn.ʊp,ɪn.ʊp,ɪnʊp,ɪnʊp
ɪn.ʊt,ɪn.ʊt,ɪnʊt,ɪnʊt
ɪn.ʊk,ɪn.ʊk,ɪnʊk,ɪnʊk
ɪn.ʊb,ɪn.ʊb,ɪnʊb,ɪnʊb
ɪn.ʊd,ɪn.ʊd,ɪnʊd,ɪnʊd
ɪn.ʊg,ɪn.ʊg,ɪnʊg,ɪnʊg
ɪn.ʊf,ɪn.ʊf,ɪnʊf,ɪnʊf
ɪn.ʊs,ɪn.ʊs,ɪnʊs,ɪnʊs
ɪn.ʊv,ɪn.ʊv,ɪnʊv,ɪnʊv
ɪn.ʊz,ɪn.ʊz,ɪnʊz,ɪnʊz
ɪn.ʊʃ,ɪn.ʊʃ,ɪnʊʃ,ɪnʊʃ
ɪn.ʊʒ,ɪn.ʊʒ,ɪnʊʒ,ɪnʊʒ
ɪn.ʊθ,ɪn.ʊθ,ɪnʊθ,ɪnʊθ
ɪn.ʊð,ɪn.ʊð,ɪnʊð,ɪnʊð
ɪn.ɔm,ɪn.ɔm,ɪnɔm,ɪnɔm
ɪn.ɔn,ɪn.ɔn,ɪnɔn,ɪnɔn
ɪn.ɔŋ,ɪn.ɔŋ,ɪnɔŋ,ɪnɔŋ
ɪn.ɔp,ɪn.ɔp,ɪnɔp,ɪnɔp
ɪn.ɔt,ɪn.ɔt,ɪnɔt,ɪnɔt
ɪn.ɔk,ɪn.ɔk,ɪnɔk,ɪnɔk
ɪn.ɔb,ɪn.ɔb,ɪnɔb,ɪnɔb
ɪn.ɔd,ɪn.ɔd,ɪnɔd,ɪnɔd
ɪn.ɔg,ɪn.ɔg,ɪnɔg,ɪnɔg
ɪn.ɔf,ɪn.ɔf,ɪnɔf,ɪnɔf
ɪn.ɔs,ɪn.ɔs,ɪnɔs,ɪnɔs
ɪn.ɔv,ɪn.ɔv,ɪnɔv,ɪnɔv
ɪn.ɔz,ɪn.ɔz,ɪnɔz,ɪnɔz
ɪn.ɔʃ,ɪn.ɔʃ,ɪnɔʃ,ɪnɔʃ
ɪn.ɔʒ,ɪn.ɔʒ,ɪnɔʒ,ɪnɔʒ
ɪn.ɔθ,ɪn.ɔθ,ɪnɔθ,ɪnɔθ
ɪn.ɔð,ɪn.ɔð,ɪnɔð,ɪnɔð
ɪŋ.ɪm,ɪŋ.ɪm,ɪŋɪm,ɪŋɪm
ɪŋ.ɪn,ɪŋ.ɪn,ɪŋɪn,ɪŋɪn
ɪŋ.ɪŋ,ɪŋ.ɪŋ,ɪŋɪŋ,ɪŋɪŋ
ɪŋ.ɪp,ɪŋ.ɪp,ɪŋɪp,ɪŋɪp
ɪŋ.ɪt,ɪŋ.ɪt,ɪŋɪt,ɪŋɪt
ɪŋ.ɪk,ɪŋ.ɪk,ɪŋɪk,ɪŋɪk
ɪŋ.ɪb,ɪŋ.ɪb,ɪŋɪb,ɪŋɪb
ɪŋ.ɪd,ɪŋ.ɪd,ɪŋɪd,ɪŋɪd
ɪŋ.ɪg,ɪŋ.ɪg,ɪŋɪg,ɪŋɪg
ɪŋ.ɪf,ɪŋ.ɪf,ɪŋɪf,ɪŋɪf
ɪŋ.ɪs,ɪŋ.ɪs,ɪŋɪs,ɪŋɪs
ɪŋ.ɪv,ɪŋ.ɪv,ɪŋɪv,ɪŋɪv
ɪŋ.ɪz,ɪŋ.ɪz,ɪŋɪz,ɪŋɪz
ɪŋ.ɪʃ,ɪŋ.ɪʃ,ɪŋɪʃ,ɪŋɪʃ
ɪŋ.ɪʒ,ɪŋ.ɪʒ,ɪŋɪʒ,ɪŋɪʒ
ɪŋ.ɪθ,ɪŋ.ɪθ,ɪŋɪθ,ɪŋɪθ
ɪŋ.ɪð,ɪŋ.ɪð,ɪŋɪð,ɪŋɪð
ɪŋ.ɛm,ɪŋ.ɛm,ɪŋɛm,ɪŋɛm
ɪŋ.ɛn,ɪŋ.ɛn,ɪŋɛn,ɪŋɛn
ɪŋ.ɛŋ,ɪŋ.ɛŋ,ɪŋɛŋ,ɪŋɛŋ
ɪŋ.ɛp,ɪŋ.ɛp,ɪŋɛp,ɪŋɛp
ɪŋ.ɛt,ɪŋ.ɛt,ɪŋɛt,ɪŋɛt
ɪŋ.ɛk,ɪŋ.ɛk,ɪŋɛk,ɪŋɛk
ɪŋ.ɛb,ɪŋ.ɛb,ɪŋɛb,ɪŋɛb
ɪŋ.ɛd,ɪŋ.ɛd,ɪŋɛd,ɪŋɛd
ɪŋ.ɛg,ɪŋ.ɛg,ɪŋɛg,ɪŋɛg
ɪŋ.ɛf,ɪŋ.ɛf,ɪŋɛf,ɪŋɛf
ɪŋ.ɛs,ɪŋ.ɛs,ɪŋɛs,ɪŋɛs
ɪŋ.ɛv,ɪŋ.ɛv,ɪŋɛv,ɪŋɛv
ɪŋ.ɛz,ɪŋ.ɛz,ɪŋɛz,ɪŋɛz
ɪŋ.ɛʃ,ɪŋ.ɛʃ,ɪŋɛʃ,ɪŋɛʃ
ɪŋ.ɛʒ,ɪŋ.ɛʒ,ɪŋɛʒ,ɪŋɛʒ
ɪŋ.ɛθ,ɪŋ.ɛθ,ɪŋɛθ,ɪŋɛθ
ɪŋ.ɛð,ɪŋ.ɛð,ɪŋɛð,ɪŋɛð
ɪŋ.ʊm,ɪŋ.ʊm,ɪŋʊm,ɪŋʊm
ɪŋ.ʊn,ɪŋ.ʊn,ɪŋʊn,ɪŋʊn
ɪŋ.ʊŋ,ɪŋ.ʊŋ,ɪŋʊŋ,ɪŋʊŋ
ɪŋ.ʊp,ɪŋ.ʊp,ɪŋʊp,ɪŋʊp
ɪŋ.ʊt,ɪŋ.ʊt,ɪŋʊt,ɪŋʊt
ɪŋ.ʊk,ɪŋ.ʊk,ɪŋʊk,ɪŋʊk
ɪŋ.ʊb,ɪŋ.ʊb,ɪŋʊb,ɪŋʊb
ɪŋ.ʊd,ɪŋ.ʊd,ɪŋʊd,ɪŋʊd
ɪŋ.ʊg,ɪŋ.ʊg,ɪŋʊg,ɪŋʊg
ɪŋ.ʊf,ɪŋ.ʊf,ɪŋʊf,ɪŋʊf
ɪŋ.ʊs,ɪŋ.ʊs,ɪŋʊs,ɪŋʊs
ɪŋ.ʊv,ɪŋ.ʊv,ɪŋʊv,ɪŋʊv
ɪŋ.ʊz,ɪŋ.ʊz,ɪŋʊz,ɪŋʊz
ɪŋ.ʊʃ,ɪŋ.ʊʃ,ɪŋʊʃ,ɪŋʊʃ
ɪŋ.ʊʒ,ɪŋ.ʊʒ,ɪŋʊʒ,ɪŋʊʒ
ɪŋ.ʊθ,ɪŋ.ʊθ,ɪŋʊθ,ɪŋʊθ
ɪŋ.ʊð,ɪŋ.ʊð,ɪŋʊð,ɪŋʊð
ɪŋ.ɔm,ɪŋ.ɔm,ɪŋɔm,ɪŋɔm
ɪŋ.ɔn,ɪŋ.ɔn,ɪŋɔn,ɪŋɔn
ɪŋ.ɔŋ,ɪŋ.ɔŋ,ɪŋɔŋ,ɪŋɔŋ
ɪŋ.ɔp,ɪŋ.ɔp,ɪŋɔp,ɪŋɔp
ɪŋ.ɔt,ɪŋ.ɔt,ɪŋɔt,ɪŋɔt
ɪŋ.ɔk,ɪŋ.ɔk,ɪŋɔk,ɪŋɔk
ɪŋ.ɔb,ɪŋ.ɔb,ɪŋɔb,ɪŋɔb
ɪŋ.ɔd,ɪŋ.ɔd,ɪŋɔd,ɪŋɔd
ɪŋ.ɔg,ɪŋ.ɔg,ɪŋɔg,ɪŋɔg
ɪŋ.ɔf,ɪŋ.ɔf,ɪŋɔf,ɪŋɔf
ɪŋ.ɔs,ɪŋ.ɔs,ɪŋɔs,ɪŋɔs
ɪŋ.ɔv,ɪŋ.ɔv,ɪŋɔv,ɪŋɔv
ɪŋ.ɔz,ɪŋ.ɔz,ɪŋɔz,ɪŋɔz
ɪŋ.ɔʃ,ɪŋ.ɔʃ,ɪŋɔʃ,ɪŋɔʃ
ɪŋ.ɔʒ,ɪŋ.ɔʒ,ɪŋɔʒ,ɪŋɔʒ
ɪŋ.ɔθ,ɪŋ.ɔθ,ɪŋɔθ,ɪŋɔθ
ɪŋ.ɔð,ɪŋ.ɔð,ɪŋɔð,ɪŋɔð
ɪp.ɪm,ɪp.ɪm,ɪpɪm,ɪpɪm
ɪp.ɪn,ɪp.ɪn,ɪpɪn,ɪpɪn
ɪp.ɪŋ,ɪp.ɪŋ,ɪpɪŋ,ɪpɪŋ
ɪp.ɪp,ɪp.ɪp,ɪpɪp,ɪpɪp
ɪp.ɪt,ɪp.ɪt,ɪpɪt,ɪpɪt
ɪp.ɪk,ɪp.ɪk,ɪpɪk,ɪpɪk
ɪp.ɪb,ɪp.ɪb,ɪpɪb,ɪpɪb
ɪp.ɪd,ɪp.ɪd,ɪpɪd,ɪpɪd
ɪp.ɪg,ɪp.ɪg,ɪpɪg,ɪpɪg
ɪp.ɪf,ɪp.ɪf,ɪpɪf,ɪpɪf
ɪp.ɪs,ɪp.ɪs,ɪpɪs,ɪpɪs
ɪp.ɪv,ɪp.ɪv,ɪpɪv,ɪpɪv
ɪp.ɪz,ɪp.ɪz,ɪpɪz,ɪpɪz
ɪp.ɪʃ,ɪp.ɪʃ,ɪpɪʃ,ɪpɪʃ
ɪp.ɪʒ,ɪp.ɪʒ,ɪpɪʒ,ɪpɪʒ
ɪp.ɪθ,ɪp.ɪθ,ɪpɪθ,ɪpɪθ
ɪp.ɪð,ɪp.ɪð,ɪpɪð,ɪpɪð
ɪp.ɛm,ɪp.ɛm,ɪpɛm,ɪpɛm
ɪp.ɛn,ɪp.ɛn,ɪpɛn,ɪpɛn
ɪp.ɛŋ,ɪp.ɛŋ,ɪpɛŋ,ɪpɛŋ
ɪp.ɛp,ɪp.ɛp,ɪpɛp,ɪpɛp
ɪp.ɛt,ɪp.ɛt,ɪpɛt,ɪpɛt
ɪp.ɛk,ɪp.ɛk,ɪpɛk,ɪpɛk
ɪp.ɛb,ɪp.ɛb,ɪpɛb,ɪpɛb
ɪp.ɛd,ɪp.ɛd,ɪpɛd,ɪpɛd
ɪp.ɛg,ɪp.ɛg,ɪpɛg,ɪpɛg
ɪp.ɛf,ɪp.ɛf,ɪpɛf,ɪpɛf
ɪp.ɛs,ɪp.ɛs,ɪpɛs,ɪpɛs
ɪp.ɛv,ɪp.ɛv,ɪpɛv,ɪpɛv
ɪp.ɛz,ɪp.ɛz,ɪpɛz,ɪpɛz
ɪp.ɛʃ,ɪp.ɛʃ,ɪpɛʃ,ɪpɛʃ
ɪp.ɛʒ,ɪp.ɛʒ,ɪpɛʒ,ɪpɛʒ
ɪp.ɛθ,ɪp.ɛθ,ɪpɛθ,ɪpɛθ
ɪp.ɛð,ɪp.ɛð,ɪpɛð,ɪpɛð
ɪp.ʊm,ɪp.ʊm,ɪpʊm,ɪpʊm
ɪp.ʊn,ɪp.ʊn,ɪpʊn,ɪpʊn
ɪp.ʊŋ,ɪp.ʊŋ,ɪpʊŋ,ɪpʊŋ
ɪp.ʊp,ɪp.ʊp,ɪpʊp,ɪpʊp
ɪp.ʊt,ɪp.ʊt,ɪpʊt,ɪpʊt
ɪp.ʊk,ɪp.ʊk,ɪpʊk,ɪpʊk
ɪp.ʊb,ɪp.ʊb,ɪpʊb,ɪpʊb
ɪp.ʊd,ɪp.ʊd,ɪpʊd,ɪpʊd
ɪp.ʊg,ɪp.ʊg,ɪpʊg,ɪpʊg
ɪp.ʊf,ɪp.ʊf,ɪpʊf,ɪpʊf
ɪp.ʊs,ɪp.ʊs,ɪpʊs,ɪpʊs
ɪp.ʊv,ɪp.ʊv,ɪpʊv,ɪpʊv
ɪp.ʊz,ɪp.ʊz,ɪpʊz,ɪpʊz
ɪp.ʊʃ,ɪp.ʊʃ,ɪpʊʃ,ɪpʊʃ
ɪp.ʊʒ,ɪp.ʊʒ,ɪpʊʒ,ɪpʊʒ
ɪp.ʊθ,ɪp.ʊθ,ɪpʊθ,ɪpʊθ
ɪp.ʊð,ɪp.ʊð,ɪpʊð,ɪpʊð
ɪp.ɔm,ɪp.ɔm,ɪpɔm,ɪpɔm
ɪp.ɔn,ɪp.ɔn,ɪpɔn,ɪpɔn
ɪp.ɔŋ,ɪp.ɔŋ,ɪpɔŋ,ɪpɔŋ
ɪp.ɔp,ɪp.ɔp,ɪpɔp,ɪpɔp
ɪp.ɔt,ɪp.ɔt,ɪpɔt,ɪpɔt
ɪp.ɔk,ɪp.ɔk,ɪpɔk,ɪpɔk
ɪp.ɔb,ɪp.ɔb,ɪpɔb,ɪpɔb
ɪp.ɔd,ɪp.ɔd,ɪpɔd,ɪpɔd
ɪp.ɔg,ɪp.ɔg,ɪpɔg,ɪpɔg
ɪp.ɔf,ɪp.ɔf,ɪpɔf,ɪpɔf
ɪp.ɔs,ɪp.ɔs,ɪpɔs,ɪpɔs
ɪp.ɔv,ɪp.ɔv,ɪpɔv,ɪpɔv
ɪp.ɔz,ɪp.ɔz,ɪpɔz,ɪpɔz
ɪp.ɔʃ,ɪp.ɔʃ,ɪpɔʃ,ɪpɔʃ
ɪp.ɔʒ,ɪp.ɔʒ,ɪpɔʒ,ɪpɔʒ
ɪp.ɔθ,ɪp.ɔθ,ɪpɔθ,ɪpɔθ
ɪp.ɔð,ɪp.ɔð,ɪpɔð,ɪpɔð
ɪt.ɪm,ɪt.ɪm,ɪtɪm,ɪtɪm
ɪt.ɪn,ɪt.ɪn,ɪtɪn,ɪtɪn
ɪt.ɪŋ,ɪt.ɪŋ,ɪtɪŋ,ɪtɪŋ
ɪt.ɪp,ɪt.ɪp,ɪtɪp,ɪtɪp
ɪt.ɪt,ɪt.ɪt,ɪtɪt,ɪtɪt
ɪt.ɪk,ɪt.ɪk,ɪtɪk,ɪtɪk
ɪt.ɪb,ɪt.ɪb,ɪtɪb,ɪtɪb
ɪt.ɪd,ɪt.ɪd,ɪtɪd,ɪtɪd
ɪt.ɪg,ɪt.ɪg,ɪtɪg,ɪtɪg
ɪt.ɪf,ɪt.ɪf,ɪtɪf,ɪtɪf
ɪt.ɪs,ɪt.ɪs,ɪtɪs,ɪtɪs
ɪt.ɪv,ɪt.ɪv,ɪtɪv,ɪtɪv
ɪt.ɪz,ɪt.ɪz,ɪtɪz,ɪtɪz
ɪt.ɪʃ,ɪt.ɪʃ,ɪtɪʃ,ɪtɪʃ
ɪt.ɪʒ,ɪt.ɪʒ,ɪtɪʒ,ɪtɪʒ
ɪt.ɪθ,ɪt.ɪθ,ɪtɪθ,ɪtɪθ
ɪt.ɪð,ɪt.ɪð,ɪtɪð,ɪtɪð
ɪt.ɛm,ɪt.ɛm,ɪtɛm,ɪtɛm
ɪt.ɛn,ɪt.ɛn,ɪtɛn,ɪtɛn
ɪt.ɛŋ,ɪt.ɛŋ,ɪtɛŋ,ɪtɛŋ
ɪt.ɛp,ɪt.ɛp,ɪtɛp,ɪtɛp
ɪt.ɛt,ɪt.ɛt,ɪtɛt,ɪtɛt
ɪt.ɛk,ɪt.ɛk,ɪtɛk,ɪtɛk
ɪt.ɛb,ɪt.ɛb,ɪtɛb,ɪtɛb
ɪt.ɛd,ɪt.ɛd,ɪtɛd,ɪtɛd
ɪt.ɛg,ɪt.ɛg,ɪtɛg,ɪtɛg
ɪt.ɛf,ɪt.ɛf,ɪtɛf,ɪtɛf
ɪt.ɛs,ɪt.ɛs,ɪtɛs,ɪtɛs
ɪt.ɛv,ɪt.ɛv,ɪtɛv,ɪtɛv
ɪt.ɛz,ɪt.ɛz,ɪtɛz,ɪtɛz
ɪt.ɛʃ,ɪt.ɛʃ,ɪtɛʃ,ɪtɛʃ
ɪt.ɛʒ,ɪt.ɛʒ,ɪtɛʒ,ɪtɛʒ
ɪt.ɛθ,ɪt.ɛθ,ɪtɛθ,ɪtɛθ
ɪt.ɛð,ɪt.ɛð,ɪtɛð,ɪtɛð
ɪt.ʊm,ɪt.ʊm,ɪtʊm,ɪtʊm
ɪt.ʊn,ɪt.ʊn,ɪtʊn,ɪtʊn
ɪt.ʊŋ,ɪt.ʊŋ,ɪtʊŋ,ɪtʊŋ
ɪt.ʊp,ɪt.ʊp,ɪtʊp,ɪtʊp
ɪt.ʊt,ɪt.ʊt,ɪtʊt,ɪtʊt
ɪt.ʊk,ɪt.ʊk,ɪtʊk,ɪtʊk
ɪt.ʊb,ɪt.ʊb,ɪtʊb,ɪtʊb
ɪt.ʊd,ɪt.ʊd,ɪtʊd,ɪtʊd
ɪt.ʊg,ɪt.ʊg,ɪtʊg,ɪtʊg
ɪt.ʊf,ɪt.ʊf,ɪtʊf,ɪtʊf
ɪt.ʊs,ɪt.ʊs,ɪtʊs,ɪtʊs
ɪt.ʊv,ɪt.ʊv,ɪtʊv,ɪtʊv
ɪt.ʊz,ɪt.ʊz,ɪtʊz,ɪtʊz
ɪt.ʊʃ,ɪt.ʊʃ,ɪtʊʃ,ɪtʊʃ
ɪt.ʊʒ,ɪt.ʊʒ,ɪtʊʒ,ɪtʊʒ
ɪt.ʊθ,ɪt.ʊθ,ɪtʊθ,ɪtʊθ
ɪt.ʊð,ɪt.ʊð,ɪtʊð,ɪtʊð
ɪt.ɔm,ɪt.ɔm,ɪtɔm,ɪtɔm
ɪt.ɔn,ɪt.ɔn,ɪtɔn,ɪtɔn
ɪt.ɔŋ,ɪt.ɔŋ,ɪtɔŋ,ɪtɔŋ
ɪt.ɔp,ɪt.ɔp,ɪtɔp,ɪtɔp
ɪt.ɔt,ɪt.ɔt,ɪtɔt,ɪtɔt
ɪt.ɔk,ɪt.ɔk,ɪtɔk,ɪtɔk
ɪt.ɔb,ɪt.ɔb,ɪtɔb,ɪtɔb
ɪt.ɔd,ɪt.ɔd,ɪtɔd,ɪtɔd
ɪt.ɔg,ɪt.ɔg,ɪtɔg,ɪtɔg
ɪt.ɔf,ɪt.ɔf,ɪtɔf,ɪtɔf
ɪt.ɔs,ɪt.ɔs,ɪtɔs,ɪtɔs
ɪt.ɔv,ɪt.ɔv,ɪtɔv,ɪtɔv
ɪt.ɔz,ɪt.ɔz,ɪtɔz,ɪtɔz
ɪt.ɔʃ,ɪt.ɔʃ,ɪtɔʃ,ɪtɔʃ
ɪt.ɔʒ,ɪt.ɔʒ,ɪtɔʒ,ɪtɔʒ
ɪt.ɔθ,ɪt.ɔθ,ɪtɔθ,ɪtɔθ
ɪt.ɔð,ɪt.ɔð,ɪtɔð,ɪtɔð
ɪk.ɪm,ɪk.ɪm,ɪkɪm,ɪkɪm
ɪk.ɪn,ɪk.ɪn,ɪkɪn,ɪkɪn
ɪk.ɪŋ,ɪk.ɪŋ,ɪkɪŋ,ɪkɪŋ
ɪk.ɪp,ɪk.ɪp,ɪkɪp,ɪkɪp
ɪk.ɪt,ɪk.ɪt,ɪkɪt,ɪkɪt
ɪk.ɪk,ɪk.ɪk,ɪkɪk,ɪkɪk
ɪk.ɪb,ɪk.ɪb,ɪkɪb,ɪkɪb
ɪk.ɪd,ɪk.ɪd,ɪkɪd,ɪkɪd
ɪk.ɪg,ɪk.ɪg,ɪkɪg,ɪkɪg
ɪk.ɪf,ɪk.ɪf,ɪkɪf,ɪkɪf
ɪk.ɪs,ɪk.ɪs,ɪkɪs,ɪkɪs
ɪk.ɪv,ɪk.ɪv,ɪkɪv,ɪkɪv
ɪk.ɪz,ɪk.ɪz,ɪkɪz,ɪkɪz
ɪk.ɪʃ,ɪk.ɪʃ,ɪkɪʃ,ɪkɪʃ
ɪk.ɪʒ,ɪk.ɪʒ,ɪkɪʒ,ɪkɪʒ
ɪk.ɪθ,ɪk.ɪθ,ɪkɪθ,ɪkɪθ
ɪk.ɪð,ɪk.ɪð,ɪkɪð,ɪkɪð
ɪk.ɛm,ɪk.ɛm,ɪkɛm,ɪkɛm
ɪk.ɛn,ɪk.ɛn,ɪkɛn,ɪkɛn
ɪk.ɛŋ,ɪk.ɛŋ,ɪkɛŋ,ɪkɛŋ
ɪk.ɛp,ɪk.ɛp,ɪkɛp,ɪkɛp
ɪk.ɛt,ɪk.ɛt,ɪkɛt,ɪkɛt
ɪk.ɛk,ɪk.ɛk,ɪkɛk,ɪkɛk
ɪk.ɛb,ɪk.ɛb,ɪkɛb,ɪkɛb
ɪk.ɛd,ɪk.ɛd,ɪkɛd,ɪkɛd
ɪk.ɛg,ɪk.ɛg,ɪkɛg,ɪkɛg
ɪk.ɛf,ɪk.ɛf,ɪkɛf,ɪkɛf
ɪk.ɛs,ɪk.ɛs,ɪkɛs,ɪkɛs
ɪk.ɛv,ɪk.ɛv,ɪkɛv,ɪkɛv
ɪk.ɛz,ɪk.ɛz,ɪkɛz,ɪkɛz
ɪk.ɛʃ,ɪk.ɛʃ,ɪkɛʃ,ɪkɛʃ
ɪk.ɛʒ,ɪk.ɛʒ,ɪkɛʒ,ɪkɛʒ
ɪk.ɛθ,ɪk.ɛθ,ɪkɛθ,ɪkɛθ
ɪk.ɛð,ɪk.ɛð,ɪkɛð,ɪkɛð
ɪk.ʊm,ɪk.ʊm,ɪkʊm,ɪkʊm
ɪk.ʊn,ɪk.ʊn,ɪkʊn,ɪkʊn
ɪk.ʊŋ,ɪk.ʊŋ,ɪkʊŋ,ɪkʊŋ
ɪk.ʊp,ɪk.ʊp,ɪkʊp,ɪkʊp
ɪk.ʊt,ɪk.ʊt,ɪkʊt,ɪkʊt
ɪk.ʊk,ɪk.ʊk,ɪkʊk,ɪkʊk
ɪk.ʊb,ɪk.ʊb,ɪkʊb,ɪkʊb
ɪk.ʊd,ɪk.ʊd,ɪkʊd,ɪkʊd
ɪk.ʊg,ɪk.ʊg,ɪkʊg,ɪkʊg
ɪk.ʊf,ɪk.ʊf,ɪkʊf,ɪkʊf
ɪk.ʊs,ɪk.ʊs,ɪkʊs,ɪkʊs
ɪk.ʊv,ɪk.ʊv,ɪkʊv,ɪkʊv
ɪk.ʊz,ɪk.ʊz,ɪkʊz,ɪkʊz
ɪk.ʊʃ,ɪk.ʊʃ,ɪkʊʃ,ɪkʊʃ
ɪk.ʊʒ,ɪk.ʊʒ,ɪkʊʒ,ɪkʊʒ
ɪk.ʊθ,ɪk.ʊθ,ɪkʊθ,ɪkʊθ
ɪk.ʊð,ɪk.ʊð,ɪkʊð,ɪkʊð
ɪk.ɔm,ɪk.ɔm,ɪkɔm,ɪkɔm
ɪk.ɔn,ɪk.ɔn,ɪkɔn,ɪkɔn
ɪk.ɔŋ,ɪk.ɔŋ,ɪkɔŋ,ɪkɔŋ
ɪk.ɔp,ɪk.ɔp,ɪkɔp,ɪkɔp
ɪk.ɔt,ɪk.ɔt,ɪkɔt,ɪkɔt
ɪk.ɔk,ɪk.ɔk,ɪkɔk,ɪkɔk
ɪk.ɔb,ɪk.ɔb,ɪkɔb,ɪkɔb
ɪk.ɔd,ɪk.ɔd,ɪkɔd,ɪkɔd
ɪk.ɔg,ɪk.ɔg,ɪkɔg,ɪkɔg
ɪk.ɔf,ɪk.ɔf,ɪkɔf,ɪkɔf
ɪk.ɔs,ɪk.ɔs,ɪkɔs,ɪkɔs
ɪk.ɔv,ɪk.ɔv,ɪkɔv,ɪkɔv
ɪk.ɔz,ɪk.ɔz,ɪkɔz,ɪkɔz
ɪk.ɔʃ,ɪk.ɔʃ,ɪkɔʃ,ɪkɔʃ
ɪk.ɔʒ,ɪk.ɔʒ,ɪkɔʒ,ɪkɔʒ
ɪk.ɔθ,ɪk.ɔθ,ɪkɔθ,ɪkɔθ
ɪk.ɔð,ɪk.ɔð,ɪkɔð,ɪkɔð
ɪb.ɪm,ɪb.ɪm,ɪbɪm,ɪbɪm
ɪb.ɪn,ɪb.ɪn,ɪbɪn,ɪbɪn
ɪb.ɪŋ,ɪb.ɪŋ,ɪbɪŋ,ɪbɪŋ
ɪb.ɪp,ɪb.ɪp,ɪbɪp,ɪbɪp
ɪb.ɪt,ɪb.ɪt,ɪbɪt,ɪbɪt
ɪb.ɪk,ɪb.ɪk,ɪbɪk,ɪbɪk
ɪb.ɪb,ɪb.ɪb,ɪbɪb,ɪbɪb
ɪb.ɪd,ɪb.ɪd,ɪbɪd,ɪbɪd
ɪb.ɪg,ɪb.ɪg,ɪbɪg,ɪbɪg
ɪb.ɪf,ɪb.ɪf,ɪbɪf,ɪbɪf
ɪb.ɪs,ɪb.ɪs,ɪbɪs,ɪbɪs
ɪb.ɪv,ɪb.ɪv,ɪbɪv,ɪbɪv
ɪb.ɪz,ɪb.ɪz,ɪbɪz,ɪbɪz
ɪb.ɪʃ,ɪb.ɪʃ,ɪbɪʃ,ɪbɪʃ
ɪb.ɪʒ,ɪb.ɪʒ,ɪbɪʒ,ɪbɪʒ
ɪb.ɪθ,ɪb.ɪθ,ɪbɪθ,ɪbɪθ
ɪb.ɪð,ɪb.ɪð,ɪbɪð,ɪbɪð
ɪb.ɛm,ɪb.ɛm,ɪbɛm,ɪbɛm
ɪb.ɛn,ɪb.ɛn,ɪbɛn,ɪbɛn
ɪb.ɛŋ,ɪb.ɛŋ,ɪbɛŋ,ɪbɛŋ
ɪb.ɛp,ɪb.ɛp,ɪbɛp,ɪbɛp
ɪb.ɛt,ɪb.ɛt,ɪbɛt,ɪbɛt
ɪb.ɛk,ɪb.ɛk,ɪbɛk,ɪbɛk
ɪb.ɛb,ɪb.ɛb,ɪbɛb,ɪbɛb
ɪb.ɛd,ɪb.ɛd,ɪbɛd,ɪbɛd
ɪb.ɛg,ɪb.ɛg,ɪbɛg,ɪbɛg
ɪb.ɛf,ɪb.ɛf,ɪbɛf,ɪbɛf
ɪb.ɛs,ɪb.ɛs,ɪbɛs,ɪbɛs
ɪb.ɛv,ɪb.ɛv,ɪbɛv,ɪbɛv
ɪb.ɛz,ɪb.ɛz,ɪbɛz,ɪbɛz
ɪb.ɛʃ,ɪb.ɛʃ,ɪbɛʃ,ɪbɛʃ
ɪb.ɛʒ,ɪb.ɛʒ,ɪbɛʒ,ɪbɛʒ
ɪb.ɛθ,ɪb.ɛθ,ɪbɛθ,ɪbɛθ
ɪb.ɛð,ɪb.ɛð,ɪbɛð,ɪbɛð
ɪb.ʊm,ɪb.ʊm,ɪbʊm,ɪbʊm
ɪb.ʊn,ɪb.ʊn,ɪbʊn,ɪbʊn
ɪb.ʊŋ,ɪb.ʊŋ,ɪbʊŋ,ɪbʊŋ
ɪb.ʊp,ɪb.ʊp,ɪbʊp,ɪbʊp
ɪb.ʊt,ɪb.ʊt,ɪbʊt,ɪbʊt
ɪb.ʊk,ɪb.ʊk,ɪbʊk,ɪbʊk
ɪb.ʊb,ɪb.ʊb,ɪbʊb,ɪbʊb
ɪb.ʊd,ɪb.ʊd,ɪbʊd,ɪbʊd
ɪb.ʊg,ɪb.ʊg,ɪbʊg,ɪbʊg
ɪb.ʊf,ɪb.ʊf,ɪbʊf,ɪbʊf
ɪb.ʊs,ɪb.ʊs,ɪbʊs,ɪbʊs
ɪb.ʊv,ɪb.ʊv,ɪbʊv,ɪbʊv
ɪb.ʊz,ɪb.ʊz,ɪbʊz,ɪbʊz
ɪb.ʊʃ,ɪb.ʊʃ,ɪbʊʃ,ɪbʊʃ
ɪb.ʊʒ,ɪb.ʊʒ,ɪbʊʒ,ɪbʊʒ
ɪb.ʊθ,ɪb.ʊθ,ɪbʊθ,ɪbʊθ
ɪb.ʊð,ɪb.ʊð,ɪbʊð,ɪbʊð
ɪb.ɔm,ɪb.ɔm,ɪbɔm,ɪbɔm
ɪb.ɔn,ɪb.ɔn,ɪbɔn,ɪbɔn
ɪb.ɔŋ,ɪb.ɔŋ,ɪbɔŋ,ɪbɔŋ
ɪb.ɔp,ɪb.ɔp,ɪbɔp,ɪbɔp
ɪb.ɔt,ɪb.ɔt,ɪbɔt,ɪbɔt
ɪb.ɔk,ɪb.ɔk,ɪbɔk,ɪbɔk
ɪb.ɔb,ɪb.ɔb,ɪbɔb,ɪbɔb
ɪb.ɔd,ɪb.ɔd,ɪbɔd,ɪbɔd
ɪb.ɔg,ɪb.ɔg,ɪbɔg,ɪbɔg
ɪb.ɔf,ɪb.ɔf,ɪbɔf,ɪbɔf
ɪb.ɔs,ɪb.ɔs,ɪbɔs,ɪbɔs
ɪb.ɔv,ɪb.ɔv,ɪbɔv,ɪbɔv
ɪb.ɔz,ɪb.ɔz,ɪbɔz,ɪbɔz
ɪb.ɔʃ,ɪb.ɔʃ,ɪbɔʃ,ɪbɔʃ
ɪb.ɔʒ,ɪb.ɔʒ,ɪbɔʒ,ɪbɔʒ
ɪb.ɔθ,ɪb.ɔθ,ɪbɔθ,ɪbɔθ
ɪb.ɔð,ɪb.ɔð,ɪbɔð,ɪbɔð
ɪd.ɪm,ɪd.ɪm,ɪdɪm,ɪdɪm
ɪd.ɪn,ɪd.ɪn,ɪdɪn,ɪdɪn
ɪd.ɪŋ,ɪd.ɪŋ,ɪdɪŋ,ɪdɪŋ
ɪd.ɪp,ɪd.ɪp,ɪdɪp,ɪdɪp
ɪd.ɪt,ɪd.ɪt,ɪdɪt,ɪdɪt
ɪd.ɪk,ɪd.ɪk,ɪdɪk,ɪdɪk
ɪd.ɪb,ɪd.ɪb,ɪdɪb,ɪdɪb
ɪd.ɪd,ɪd.ɪd,ɪdɪd,ɪdɪd
ɪd.ɪg,ɪd.ɪg,ɪdɪg,ɪdɪg
ɪd.ɪf,ɪd.ɪf,ɪdɪf,ɪdɪf
ɪd.ɪs,ɪd.ɪs,ɪdɪs,ɪdɪs
ɪd.ɪv,ɪd.ɪv,ɪdɪv,ɪdɪv
ɪd.ɪz,ɪd.ɪz,ɪdɪz,ɪdɪz
ɪd.ɪʃ,ɪd.ɪʃ,ɪdɪʃ,ɪdɪʃ
ɪd.ɪʒ,ɪd.ɪʒ,ɪdɪʒ,ɪdɪʒ
ɪd.ɪθ,ɪd.ɪθ,ɪdɪθ,ɪdɪθ
ɪd.ɪð,ɪd.ɪð,ɪdɪð,ɪdɪð
ɪd.ɛm,ɪd.ɛm,ɪdɛm,ɪdɛm
ɪd.ɛn,ɪd.ɛn,ɪdɛn,ɪdɛn
ɪd.ɛŋ,ɪd.ɛŋ,ɪdɛŋ,ɪdɛŋ
ɪd.ɛp,ɪd.ɛp,ɪdɛp,ɪdɛp
ɪd.ɛt,ɪd.ɛt,ɪdɛt,ɪdɛt
ɪd.ɛk,ɪd.ɛk,ɪdɛk,ɪdɛk
ɪd.ɛb,ɪd.ɛb,ɪdɛb,ɪdɛb
ɪd.ɛd,ɪd.ɛd,ɪdɛd,ɪdɛd
ɪd.ɛg,ɪd.ɛg,ɪdɛg,ɪdɛg
ɪd.ɛf,ɪd.ɛf,ɪdɛf,ɪdɛf
ɪd.ɛs,ɪd.ɛs,ɪdɛs,ɪdɛs
ɪd.ɛv,ɪd.ɛv,ɪdɛv,ɪdɛv
ɪd.ɛz,ɪd.ɛz,ɪdɛz,ɪdɛz
ɪd.ɛʃ,ɪd.ɛʃ,ɪdɛʃ,ɪdɛʃ
ɪd.ɛʒ,ɪd.ɛʒ,ɪdɛʒ,ɪdɛʒ
ɪd.ɛθ,ɪd.ɛθ,ɪdɛθ,ɪdɛθ
ɪd.ɛð,ɪd.ɛð,ɪdɛð,ɪdɛð
ɪd.ʊm,ɪd.ʊm,ɪdʊm,ɪdʊm
ɪd.ʊn,ɪd.ʊn,ɪdʊn,ɪdʊn
ɪd.ʊŋ,ɪd.ʊŋ,ɪdʊŋ,ɪdʊŋ
ɪd.ʊp,ɪd.ʊp,ɪdʊp,ɪdʊp
ɪd.ʊt,ɪd.ʊt,ɪdʊt,ɪdʊt
ɪd.ʊk,ɪd.ʊk,ɪdʊk,ɪdʊk
ɪd.ʊb,ɪd.ʊb,ɪdʊb,ɪdʊb
ɪd.ʊd,ɪd.ʊd,ɪdʊd,ɪdʊd
ɪd.ʊg,ɪd.ʊg,ɪdʊg,ɪdʊg
ɪd.ʊf,ɪd.ʊf,ɪdʊf,ɪdʊf
ɪd.ʊs,ɪd.ʊs,ɪdʊs,ɪdʊs
ɪd.ʊv,ɪd.ʊv,ɪdʊv,ɪdʊv
ɪd.ʊz,ɪd.ʊz,ɪdʊz,ɪdʊz
ɪd.ʊʃ,ɪd.ʊʃ,ɪdʊʃ,ɪdʊʃ
ɪd.ʊʒ,ɪd.ʊʒ,ɪdʊʒ,ɪdʊʒ
ɪd.ʊθ,ɪd.ʊθ,ɪdʊθ,ɪdʊθ
ɪd.ʊð,ɪd.ʊð,ɪdʊð,ɪdʊð
ɪd.ɔm,ɪd.ɔm,ɪdɔm,ɪdɔm
ɪd.ɔn,ɪd.ɔn,ɪdɔn,ɪdɔn
ɪd.ɔŋ,ɪd.ɔŋ,ɪdɔŋ,ɪdɔŋ
ɪd.ɔp,ɪd.ɔp,ɪdɔp,ɪdɔp
ɪd.ɔt,ɪd.ɔt,ɪdɔt,ɪdɔt
ɪd.ɔk,ɪd.ɔk,ɪdɔk,ɪdɔk
ɪd.ɔb,ɪd.ɔb,ɪdɔb,ɪdɔb
ɪd.ɔd,ɪd.ɔd,ɪdɔd,ɪdɔd
ɪd.ɔg,ɪd.ɔg,ɪdɔg,ɪdɔg
ɪd.ɔf,ɪd.ɔf,ɪdɔf,ɪdɔf
ɪd.ɔs,ɪd.ɔs,ɪdɔs,ɪdɔs
ɪd.ɔv,ɪd.ɔv,ɪdɔv,ɪdɔv
ɪd.ɔz,ɪd.ɔz,ɪdɔz,ɪdɔz
ɪd.ɔʃ,ɪd.ɔʃ,ɪdɔʃ,ɪdɔʃ
ɪd.ɔʒ,ɪd.ɔʒ,ɪdɔʒ,ɪdɔʒ
ɪd.ɔθ,ɪd.ɔθ,ɪdɔθ,ɪdɔθ
ɪd.ɔð,ɪd.ɔð,ɪdɔð,ɪdɔð
ɪg.ɪm,ɪg.ɪm,ɪgɪm,ɪgɪm
ɪg.ɪn,ɪg.ɪn,ɪgɪn,ɪgɪn
ɪg.ɪŋ,ɪg.ɪŋ,ɪgɪŋ,ɪgɪŋ
ɪg.ɪp,ɪg.ɪp,ɪgɪp,ɪgɪp
ɪg.ɪt,ɪg.ɪt,ɪgɪt,ɪgɪt
ɪg.ɪk,ɪg.ɪk,ɪgɪk,ɪgɪk
ɪg.ɪb,ɪg.ɪb,ɪgɪb,ɪgɪb
ɪg.ɪd,ɪg.ɪd,ɪgɪd,ɪgɪd
ɪg.ɪg,ɪg.ɪg,ɪgɪg,ɪgɪg
ɪg.ɪf,ɪg.ɪf,ɪgɪf,ɪgɪf
ɪg.ɪs,ɪg.ɪs,ɪgɪs,ɪgɪs
ɪg.ɪv,ɪg.ɪv,ɪgɪv,ɪgɪv
ɪg.ɪz,ɪg.ɪz,ɪgɪz,ɪgɪz
ɪg.ɪʃ,ɪg.ɪʃ,ɪgɪʃ,ɪgɪʃ
ɪg.ɪʒ,ɪg.ɪʒ,ɪgɪʒ,ɪgɪʒ
ɪg.ɪθ,ɪg.ɪθ,ɪgɪθ,ɪgɪθ
ɪg.ɪð,ɪg.ɪð,ɪgɪð,ɪgɪð
ɪg.ɛm,ɪg.ɛm,ɪgɛm,ɪgɛm
ɪg.ɛn,ɪg.ɛn,ɪgɛn,ɪgɛn
ɪg.ɛŋ,ɪg.ɛŋ,ɪgɛŋ,ɪgɛŋ
ɪg.ɛp,ɪg.ɛp,ɪgɛp,ɪgɛp
ɪg.ɛt,ɪg.ɛt,ɪgɛt,ɪgɛt
ɪg.ɛk,ɪg.ɛk,ɪgɛk,ɪgɛk
ɪg.ɛb,ɪg.ɛb,ɪgɛb,ɪgɛb
ɪg.ɛd,ɪg.ɛd,ɪgɛd,ɪgɛd
ɪg.ɛg,ɪg.ɛg,ɪgɛg,ɪgɛg
ɪg.ɛf,ɪg.ɛf,ɪgɛf,ɪgɛf
ɪg.ɛs,ɪg.ɛs,ɪgɛs,ɪgɛs
ɪg.ɛv,ɪg.ɛv,ɪgɛv,ɪgɛv
ɪg.ɛz,ɪg.ɛz,ɪgɛz,ɪgɛz
ɪg.ɛʃ,ɪg.ɛʃ,ɪgɛʃ,ɪgɛʃ
ɪg.ɛʒ,ɪg.ɛʒ,ɪgɛʒ,ɪgɛʒ
ɪg.ɛθ,ɪg.ɛθ,ɪgɛθ,ɪgɛθ
ɪg.ɛð,ɪg.ɛð,ɪgɛð,ɪgɛð
ɪg.ʊm,ɪg.ʊm,ɪgʊm,ɪgʊm
ɪg.ʊn,ɪg.ʊn,ɪgʊn,ɪgʊn
ɪg.ʊŋ,ɪg.ʊŋ,ɪgʊŋ,ɪgʊŋ
ɪg.ʊp,ɪg.ʊp,ɪgʊp,ɪgʊp
ɪg.ʊt,ɪg.ʊt,ɪgʊt,ɪgʊt
ɪg.ʊk,ɪg.ʊk,ɪgʊk,ɪgʊk
ɪg.ʊb,ɪg.ʊb,ɪgʊb,ɪgʊb
ɪg.ʊd,ɪg.ʊd,ɪgʊd,ɪgʊd
ɪg.ʊg,ɪg.ʊg,ɪgʊg,ɪgʊg
ɪg.ʊf,ɪg.ʊf,ɪgʊf,ɪgʊf
ɪg.ʊs,ɪg.ʊs,ɪgʊs,ɪgʊs
ɪg.ʊv,ɪg.ʊv,ɪgʊv,ɪgʊv
ɪg.ʊz,ɪg.ʊz,ɪgʊz,ɪgʊz
ɪg.ʊʃ,ɪg.ʊʃ,ɪgʊʃ,ɪgʊʃ
ɪg.ʊʒ,ɪg.ʊʒ,ɪgʊʒ,ɪgʊʒ
ɪg.ʊθ,ɪg.ʊθ,ɪgʊθ,ɪgʊθ
ɪg.ʊð,ɪg.ʊð,ɪgʊð,ɪgʊð
ɪg.ɔm,ɪg.ɔm,ɪgɔm,ɪgɔm
ɪg.ɔn,ɪg.ɔn,ɪgɔn,ɪgɔn
ɪg.ɔŋ,ɪg.ɔŋ,ɪgɔŋ,ɪgɔŋ
ɪg.ɔp,ɪg.ɔp,ɪgɔp,ɪgɔp
ɪg.ɔt,ɪg.ɔt,ɪgɔt,ɪgɔt
ɪg.ɔk,ɪg.ɔk,ɪgɔk,ɪgɔk
ɪg.ɔb,ɪg.ɔb,ɪgɔb,ɪgɔb
ɪg.ɔd,ɪg.ɔd,ɪgɔd,ɪgɔd
ɪg.ɔg,ɪg.ɔg,ɪgɔg,ɪgɔg
ɪg.ɔf,ɪg.ɔf,ɪgɔf,ɪgɔf
ɪg.ɔs,ɪg.ɔs,ɪgɔs,ɪgɔs
ɪg.ɔv,ɪg.ɔv,ɪgɔv,ɪgɔv
ɪg.ɔz,ɪg.ɔz,ɪgɔz,ɪgɔz
ɪg.ɔʃ,ɪg.ɔʃ,ɪgɔʃ,ɪgɔʃ
ɪg.ɔʒ,ɪg.ɔʒ,ɪgɔʒ,ɪgɔʒ
ɪg.ɔθ,ɪg.ɔθ,ɪgɔθ,ɪgɔθ
ɪg.ɔð,ɪg.ɔð,ɪgɔð,ɪgɔð
ɪf.ɪm,ɪf.ɪm,ɪfɪm,ɪfɪm
ɪf.ɪn,ɪf.ɪn,ɪfɪn,ɪfɪn
ɪf.ɪŋ,ɪf.ɪŋ,ɪfɪŋ,ɪfɪŋ
ɪf.ɪp,ɪf.ɪp,ɪfɪp,ɪfɪp
ɪf.ɪt,ɪf.ɪt,ɪfɪt,ɪfɪt
ɪf.ɪk,ɪf.ɪk,ɪfɪk,ɪfɪk
ɪf.ɪb,ɪf.ɪb,ɪfɪb,ɪfɪb
ɪf.ɪd,ɪf.ɪd,ɪfɪd,ɪfɪd
ɪf.ɪg,ɪf.ɪg,ɪfɪg,ɪfɪg
ɪf.ɪf,ɪf.ɪf,ɪfɪf,ɪfɪf
ɪf.ɪs,ɪf.ɪs,ɪfɪs,ɪfɪs
ɪf.ɪv,ɪf.ɪv,ɪfɪv,ɪfɪv
ɪf.ɪz,ɪf.ɪz,ɪfɪz,ɪfɪz
ɪf.ɪʃ,ɪf.ɪʃ,ɪfɪʃ,ɪfɪʃ
ɪf.ɪʒ,ɪf.ɪʒ,ɪfɪʒ,ɪfɪʒ
ɪf.ɪθ,ɪf.ɪθ,ɪfɪθ,ɪfɪθ
ɪf.ɪð,ɪf.ɪð,ɪfɪð,ɪfɪð
ɪf.ɛm,ɪf.ɛm,ɪfɛm,ɪfɛm
ɪf.ɛn,ɪf.ɛn,ɪfɛn,ɪfɛn
ɪf.ɛŋ,ɪf.ɛŋ,ɪfɛŋ,ɪfɛŋ
ɪf.ɛp,ɪf.ɛp,ɪfɛp,ɪfɛp
ɪf.ɛt,ɪf.ɛt,ɪfɛt,ɪfɛt
ɪf.ɛk,ɪf.ɛk,ɪfɛk,ɪfɛk
ɪf.ɛb,ɪf.ɛb,ɪfɛb,ɪfɛb
ɪf.ɛd,ɪf.ɛd,ɪfɛd,ɪfɛd
ɪf.ɛg,ɪf.ɛg,ɪfɛg,ɪfɛg
ɪf.ɛf,ɪf.ɛf,ɪfɛf,ɪfɛf
ɪf.ɛs,ɪf.ɛs,ɪfɛs,ɪfɛs
ɪf.ɛv,ɪf.ɛv,ɪfɛv,ɪfɛv
ɪf.ɛz,ɪf.ɛz,ɪfɛz,ɪfɛz
ɪf.ɛʃ,ɪf.ɛʃ,ɪfɛʃ,ɪfɛʃ
ɪf.ɛʒ,ɪf.ɛʒ,ɪfɛʒ,ɪfɛʒ
ɪf.ɛθ,ɪf.ɛθ,ɪfɛθ,ɪfɛθ
ɪf.ɛð,ɪf.ɛð,ɪfɛð,ɪfɛð
ɪf.ʊm,ɪf.ʊm,ɪfʊm,ɪfʊm
ɪf.ʊn,ɪf.ʊn,ɪfʊn,ɪfʊn
ɪf.ʊŋ,ɪf.ʊŋ,ɪfʊŋ,ɪfʊŋ
ɪf.ʊp,ɪf.ʊp,ɪfʊp,ɪfʊp
ɪf.ʊt,ɪf.ʊt,ɪfʊt,ɪfʊt
ɪf.ʊk,ɪf.ʊk,ɪfʊk,ɪfʊk
ɪf.ʊb,ɪf.ʊb,ɪfʊb,ɪfʊb
ɪf.ʊd,ɪf.ʊd,ɪfʊd,ɪfʊd
ɪf.ʊg,ɪf.ʊg,ɪfʊg,ɪfʊg
ɪf.ʊf,ɪf.ʊf,ɪfʊf,ɪfʊf
ɪf.ʊs,ɪf.ʊs,ɪfʊs,ɪfʊs
ɪf.ʊv,ɪf.ʊv,ɪfʊv,ɪfʊv
ɪf.ʊz,ɪf.ʊz,ɪfʊz,ɪfʊz
ɪf.ʊʃ,ɪf.ʊʃ,ɪfʊʃ,ɪfʊʃ
ɪf.ʊʒ,ɪf.ʊʒ,ɪfʊʒ,ɪfʊʒ
ɪf.ʊθ,ɪf.ʊθ,ɪfʊθ,ɪfʊθ
ɪf.ʊð,ɪf.ʊð,ɪfʊð,ɪfʊð
ɪf.ɔm,ɪf.ɔm,ɪfɔm,ɪfɔm
ɪf.ɔn,ɪf.ɔn,ɪfɔn,ɪfɔn
ɪf.ɔŋ,ɪf.ɔŋ,ɪfɔŋ,ɪfɔŋ
ɪf.ɔp,ɪf.ɔp,ɪfɔp,ɪfɔp
ɪf.ɔt,ɪf.ɔt,ɪfɔt,ɪfɔt
ɪf.ɔk,ɪf.ɔk,ɪfɔk,ɪfɔk
ɪf.ɔb,ɪf.ɔb,ɪfɔb,ɪfɔb
ɪf.ɔd,ɪf.ɔd,ɪfɔd,ɪfɔd
ɪf.ɔg,ɪf.ɔg,ɪfɔg,ɪfɔg
ɪf.ɔf,ɪf.ɔf,ɪfɔf,ɪfɔf
ɪf.ɔs,ɪf.ɔs,ɪfɔs,ɪfɔs
ɪf.ɔv,ɪf.ɔv,ɪfɔv,ɪfɔv
ɪf.ɔz,ɪf.ɔz,ɪfɔz,ɪfɔz
ɪf.ɔʃ,ɪf.ɔʃ,ɪfɔʃ,ɪfɔʃ
ɪf.ɔʒ,ɪf.ɔʒ,ɪfɔʒ,ɪfɔʒ
ɪf.ɔθ,ɪf.ɔθ,ɪfɔθ,ɪfɔθ
ɪf.ɔð,ɪf.ɔð,ɪfɔð,ɪfɔð
ɪs.ɪm,ɪs.ɪm,ɪsɪm,ɪsɪm
ɪs.ɪn,ɪs.ɪn,ɪsɪn,ɪsɪn
ɪs.ɪŋ,ɪs.ɪŋ,ɪsɪŋ,ɪsɪŋ
ɪs.ɪp,ɪs.ɪp,ɪsɪp,ɪsɪp
ɪs.ɪt,ɪs.ɪt,ɪsɪt,ɪsɪt
ɪs.ɪk,ɪs.ɪk,ɪsɪk,ɪsɪk
ɪs.ɪb,ɪs.ɪb,ɪsɪb,ɪsɪb
ɪs.ɪd,ɪs.ɪd,ɪsɪd,ɪsɪd
ɪs.ɪg,ɪs.ɪg,ɪsɪg,ɪsɪg
ɪs.ɪf,ɪs.ɪf,ɪsɪf,ɪsɪf
ɪs.ɪs,ɪs.ɪs,ɪsɪs,ɪsɪs
ɪs.ɪv,ɪs.ɪv,ɪsɪv,ɪsɪv
ɪs.ɪz,ɪs.ɪz,ɪsɪz,ɪsɪz
ɪs.ɪʃ,ɪs.ɪʃ,ɪsɪʃ,ɪsɪʃ
ɪs.ɪʒ,ɪs.ɪʒ,ɪsɪʒ,ɪsɪʒ
ɪs.ɪθ,ɪs.ɪθ,ɪsɪθ,ɪsɪθ
ɪs.ɪð,ɪs.ɪð,ɪsɪð,ɪsɪð
ɪs.ɛm,ɪs.ɛm,ɪsɛm,ɪsɛm
ɪs.ɛn,ɪs.ɛn,ɪsɛn,ɪsɛn
ɪs.ɛŋ,ɪs.ɛŋ,ɪsɛŋ,ɪsɛŋ
ɪs.ɛp,ɪs.ɛp,ɪsɛp,ɪsɛp
ɪs.ɛt,ɪs.ɛt,ɪsɛt,ɪsɛt
ɪs.ɛk,ɪs.ɛk,ɪsɛk,ɪsɛk
ɪs.ɛb,ɪs.ɛb,ɪsɛb,ɪsɛb
ɪs.ɛd,ɪs.ɛd,ɪsɛd,ɪsɛd
ɪs.ɛg,ɪs.ɛg,ɪsɛg,ɪsɛg
ɪs.ɛf,ɪs.ɛf,ɪsɛf,ɪsɛf
ɪs.ɛs,ɪs.ɛs,ɪsɛs,ɪsɛs
ɪs.ɛv,ɪs.ɛv,ɪsɛv,ɪsɛv
ɪs.ɛz,ɪs.ɛz,ɪsɛz,ɪsɛz
ɪs.ɛʃ,ɪs.ɛʃ,ɪsɛʃ,ɪsɛʃ
ɪs.ɛʒ,ɪs.ɛʒ,ɪsɛʒ,ɪsɛʒ
ɪs.ɛθ,ɪs.ɛθ,ɪsɛθ,ɪsɛθ
ɪs.ɛð,ɪs.ɛð,ɪsɛð,ɪsɛð
ɪs.ʊm,ɪs.ʊm,ɪsʊm,ɪsʊm
ɪs.ʊn,ɪs.ʊn,ɪsʊn,ɪsʊn
ɪs.ʊŋ,ɪs.ʊŋ,ɪsʊŋ,ɪsʊŋ
ɪs.ʊp,ɪs.ʊp,ɪsʊp,ɪsʊp
ɪs.ʊt,ɪs.ʊt,ɪsʊt,ɪsʊt
ɪs.ʊk,ɪs.ʊk,ɪsʊk,ɪsʊk
ɪs.ʊb,ɪs.ʊb,ɪsʊb,ɪsʊb
ɪs.ʊd,ɪs.ʊd,ɪsʊd,ɪsʊd
ɪs.ʊg,ɪs.ʊg,ɪsʊg,ɪsʊg
ɪs.ʊf,ɪs.ʊf,ɪsʊf,ɪsʊf
ɪs.ʊs,ɪs.ʊs,ɪsʊs,ɪsʊs
ɪs.ʊv,ɪs.ʊv,ɪsʊv,ɪsʊv
ɪs.ʊz,ɪs.ʊz,ɪsʊz,ɪsʊz
ɪs.ʊʃ,ɪs.ʊʃ,ɪsʊʃ,ɪsʊʃ
ɪs.ʊʒ,ɪs.ʊʒ,ɪsʊʒ,ɪsʊʒ
ɪs.ʊθ,ɪs.ʊθ,ɪsʊθ,ɪsʊθ
ɪs.ʊð,ɪs.ʊð,ɪsʊð,ɪsʊð
ɪs.ɔm,ɪs.ɔm,ɪsɔm,ɪsɔm
ɪs.ɔn,ɪs.ɔn,ɪsɔn,ɪsɔn
ɪs.ɔŋ,ɪs.ɔŋ,ɪsɔŋ,ɪsɔŋ
ɪs.ɔp,ɪs.ɔp,ɪsɔp,ɪsɔp
ɪs.ɔt,ɪs.ɔt,ɪsɔt,ɪsɔt
ɪs.ɔk,ɪs.ɔk,ɪsɔk,ɪsɔk
ɪs.ɔb,ɪs.ɔb,ɪsɔb,ɪsɔb
ɪs.ɔd,ɪs.ɔd,ɪsɔd,ɪsɔd
ɪs.ɔg,ɪs.ɔg,ɪsɔg,ɪsɔg
ɪs.ɔf,ɪs.ɔf,ɪsɔf,ɪsɔf
ɪs.ɔs,ɪs.ɔs,ɪsɔs,ɪsɔs
ɪs.ɔv,ɪs.ɔv,ɪsɔv,ɪsɔv
ɪs.ɔz,ɪs.ɔz,ɪsɔz,ɪsɔz
ɪs.ɔʃ,ɪs.ɔʃ,ɪsɔʃ,ɪsɔʃ
ɪs.ɔʒ,ɪs.ɔʒ,ɪsɔʒ,ɪsɔʒ
ɪs.ɔθ,ɪs.ɔθ,ɪsɔθ,ɪsɔθ
ɪs.ɔð,ɪs.ɔð,ɪsɔð,ɪsɔð
ɪv.ɪm,ɪv.ɪm,ɪvɪm,ɪvɪm
ɪv.ɪn,ɪv.ɪn,ɪvɪn,ɪvɪn
ɪv.ɪŋ,ɪv.ɪŋ,ɪvɪŋ,ɪvɪŋ
ɪv.ɪp,ɪv.ɪp,ɪvɪp,ɪvɪp
ɪv.ɪt,ɪv.ɪt,ɪvɪt,ɪvɪt
ɪv.ɪk,ɪv.ɪk,ɪvɪk,ɪvɪk
ɪv.ɪb,ɪv.ɪb,ɪvɪb,ɪvɪb
ɪv.ɪd,ɪv.ɪd,ɪvɪd,ɪvɪd
ɪv.ɪg,ɪv.ɪg,ɪvɪg,ɪvɪg
ɪv.ɪf,ɪv.ɪf,ɪvɪf,ɪvɪf
ɪv.ɪs,ɪv.ɪs,ɪvɪs,ɪvɪs
ɪv.ɪv,ɪv.ɪv,ɪvɪv,ɪvɪv
ɪv.ɪz,ɪv.ɪz,ɪvɪz,ɪvɪz
ɪv.ɪʃ,ɪv.ɪʃ,ɪvɪʃ,ɪvɪʃ
ɪv.ɪʒ,ɪv.ɪʒ,ɪvɪʒ,ɪvɪʒ
ɪv.ɪθ,ɪv.ɪθ,ɪvɪθ,ɪvɪθ
ɪv.ɪð,ɪv.ɪð,ɪvɪð,ɪvɪð
ɪv.ɛm,ɪv.ɛm,ɪvɛm,ɪvɛm
ɪv.ɛn,ɪv.ɛn,ɪvɛn,ɪvɛn
ɪv.ɛŋ,ɪv.ɛŋ,ɪvɛŋ,ɪvɛŋ
ɪv.ɛp,ɪv.ɛp,ɪvɛp,ɪvɛp
ɪv.ɛt,ɪv.ɛt,ɪvɛt,ɪvɛt
ɪv.ɛk,ɪv.ɛk,ɪvɛk,ɪvɛk
ɪv.ɛb,ɪv.ɛb,ɪvɛb,ɪvɛb
ɪv.ɛd,ɪv.ɛd,ɪvɛd,ɪvɛd
ɪv.ɛg,ɪv.ɛg,ɪvɛg,ɪvɛg
ɪv.ɛf,ɪv.ɛf,ɪvɛf,ɪvɛf
ɪv.ɛs,ɪv.ɛs,ɪvɛs,ɪvɛs
ɪv.ɛv,ɪv.ɛv,ɪvɛv,ɪvɛv
ɪv.ɛz,ɪv.ɛz,ɪvɛz,ɪvɛz
ɪv.ɛʃ,ɪv.ɛʃ,ɪvɛʃ,ɪvɛʃ
ɪv.ɛʒ,ɪv.ɛʒ,ɪvɛʒ,ɪvɛʒ
ɪv.ɛθ,ɪv.ɛθ,ɪvɛθ,ɪvɛθ
ɪv.ɛð,ɪv.ɛð,ɪvɛð,ɪvɛð
ɪv.ʊm,ɪv.ʊm,ɪvʊm,ɪvʊm
ɪv.ʊn,ɪv.ʊn,ɪvʊn,ɪvʊn
ɪv.ʊŋ,ɪv.ʊŋ,ɪvʊŋ,ɪvʊŋ
ɪv.ʊp,ɪv.ʊp,ɪvʊp,ɪvʊp
ɪv.ʊt,ɪv.ʊt,ɪvʊt,ɪvʊt
ɪv.ʊk,ɪv.ʊk,ɪvʊk,ɪvʊk
ɪv.ʊb,ɪv.ʊb,ɪvʊb,ɪvʊb
ɪv.ʊd,ɪv.ʊd,ɪvʊd,ɪvʊd
ɪv.ʊg,ɪv.ʊg,ɪvʊg,ɪvʊg
ɪv.ʊf,ɪv.ʊf,ɪvʊf,ɪvʊf
ɪv.ʊs,ɪv.ʊs,ɪvʊs,ɪvʊs
ɪv.ʊv,ɪv.ʊv,ɪvʊv,ɪvʊv
ɪv.ʊz,ɪv.ʊz,ɪvʊz,ɪvʊz
ɪv.ʊʃ,ɪv.ʊʃ,ɪvʊʃ,ɪvʊʃ
ɪv.ʊʒ,ɪv.ʊʒ,ɪvʊʒ,ɪvʊʒ
ɪv.ʊθ,ɪv.ʊθ,ɪvʊθ,ɪvʊθ
ɪv.ʊð,ɪv.ʊð,ɪvʊð,ɪvʊð
ɪv.ɔm,ɪv.ɔm,ɪvɔm,ɪvɔm
ɪv.ɔn,ɪv.ɔn,ɪvɔn,ɪvɔn
ɪv.ɔŋ,ɪv.ɔŋ,ɪvɔŋ,ɪvɔŋ
ɪv.ɔp,ɪv.ɔp,ɪvɔp,ɪvɔp
ɪv.ɔt,ɪv.ɔt,ɪvɔt,ɪvɔt
ɪv.ɔk,ɪv.ɔk,ɪvɔk,ɪvɔk
ɪv.ɔb,ɪv.ɔb,ɪvɔb,ɪvɔb
ɪv.ɔd,ɪv.ɔd,ɪvɔd,ɪvɔd
ɪv.ɔg,ɪv.ɔg,ɪvɔg,ɪvɔg
ɪv.ɔf,ɪv.ɔf,ɪvɔf,ɪvɔf
ɪv.ɔs,ɪv.ɔs,ɪvɔs,ɪvɔs
ɪv.ɔv,ɪv.ɔv,ɪvɔv,ɪvɔv
ɪv.ɔz,ɪv.ɔz,ɪvɔz,ɪvɔz
ɪv.ɔʃ,ɪv.ɔʃ,ɪvɔʃ,ɪvɔʃ
ɪv.ɔʒ,ɪv.ɔʒ,ɪvɔʒ,ɪvɔʒ
ɪv.ɔθ,ɪv.ɔθ,ɪvɔθ,ɪvɔθ
ɪv.ɔð,ɪv.ɔð,ɪvɔð,ɪvɔð
ɪz.ɪm,ɪz.ɪm,ɪzɪm,ɪzɪm
ɪz.ɪn,ɪz.ɪn,ɪzɪn,ɪzɪn
ɪz.ɪŋ,ɪz.ɪŋ,ɪzɪŋ,ɪzɪŋ
ɪz.ɪp,ɪz.ɪp,ɪzɪp,ɪzɪp
ɪz.ɪt,ɪz.ɪt,ɪzɪt,ɪzɪt
ɪz.ɪk,ɪz.ɪk,ɪzɪk,ɪzɪk
ɪz.ɪb,ɪz.ɪb,ɪzɪb,ɪzɪb
ɪz.ɪd,ɪz.ɪd,ɪzɪd,ɪzɪd
ɪz.ɪg,ɪz.ɪg,ɪzɪg,ɪzɪg
ɪz.ɪf,ɪz.ɪf,ɪzɪf,ɪzɪf
ɪz.ɪs,ɪz.ɪs,ɪzɪs,ɪzɪs
ɪz.ɪv,ɪz.ɪv,ɪzɪv,ɪzɪv
ɪz.ɪz,ɪz.ɪz,ɪzɪz,ɪzɪz
ɪz.ɪʃ,ɪz.ɪʃ,ɪzɪʃ,ɪzɪʃ
ɪz.ɪʒ,ɪz.ɪʒ,ɪzɪʒ,ɪzɪʒ
ɪz.ɪθ,ɪz.ɪθ,ɪzɪθ,ɪzɪθ
ɪz.ɪð,ɪz.ɪð,ɪzɪð,ɪzɪð
ɪz.ɛm,ɪz.ɛm,ɪzɛm,ɪzɛm
ɪz.ɛn,ɪz.ɛn,ɪzɛn,ɪzɛn
ɪz.ɛŋ,ɪz.ɛŋ,ɪzɛŋ,ɪzɛŋ
ɪz.ɛp,ɪz.ɛp,ɪzɛp,ɪzɛp
ɪz.ɛt,ɪz.ɛt,ɪzɛt,ɪzɛt
ɪz.ɛk,ɪz.ɛk,ɪzɛk,ɪzɛk
ɪz.ɛb,ɪz.ɛb,ɪzɛb,ɪzɛb
ɪz.ɛd,ɪz.ɛd,ɪzɛd,ɪzɛd
ɪz.ɛg,ɪz.ɛg,ɪzɛg,ɪzɛg
ɪz.ɛf,ɪz.ɛf,ɪzɛf,ɪzɛf
ɪz.ɛs,ɪz.ɛs,ɪzɛs,ɪzɛs
ɪz.ɛv,ɪz.ɛv,ɪzɛv,ɪzɛv
ɪz.ɛz,ɪz.ɛz,ɪzɛz,ɪzɛz
ɪz.ɛʃ,ɪz.ɛʃ,ɪzɛʃ,ɪzɛʃ
ɪz.ɛʒ,ɪz.ɛʒ,ɪzɛʒ,ɪzɛʒ
ɪz.ɛθ,ɪz.ɛθ,ɪzɛθ,ɪzɛθ
ɪz.ɛð,ɪz.ɛð,ɪzɛð,ɪzɛð
ɪz.ʊm,ɪz.ʊm,ɪzʊm,ɪzʊm
ɪz.ʊn,ɪz.ʊn,ɪzʊn,ɪzʊn
ɪz.ʊŋ,ɪz.ʊŋ,ɪzʊŋ,ɪzʊŋ
ɪz.ʊp,ɪz.ʊp,ɪzʊp,ɪzʊp
ɪz.ʊt,ɪz.ʊt,ɪzʊt,ɪzʊt
ɪz.ʊk,ɪz.ʊk,ɪzʊk,ɪzʊk
ɪz.ʊb,ɪz.ʊb,ɪzʊb,ɪzʊb
ɪz.ʊd,ɪz.ʊd,ɪzʊd,ɪzʊd
ɪz.ʊg,ɪz.ʊg,ɪzʊg,ɪzʊg
ɪz.ʊf,ɪz.ʊf,ɪzʊf,ɪzʊf
ɪz.ʊs,ɪz.ʊs,ɪzʊs,ɪzʊs
ɪz.ʊv,ɪz.ʊv,ɪzʊv,ɪzʊv
ɪz.ʊz,ɪz.ʊz,ɪzʊz,ɪzʊz
ɪz.ʊʃ,ɪz.ʊʃ,ɪzʊʃ,ɪzʊʃ
ɪz.ʊʒ,ɪz.ʊʒ,ɪzʊʒ,ɪzʊʒ
ɪz.ʊθ,ɪz.ʊθ,ɪzʊθ,ɪzʊθ
ɪz.ʊð,ɪz.ʊð,ɪzʊð,ɪzʊð
ɪz.ɔm,ɪz.ɔm,ɪzɔm,ɪzɔm
ɪz.ɔn,ɪz.ɔn,ɪzɔn,ɪzɔn
ɪz.ɔŋ,ɪz.ɔŋ,ɪzɔŋ,ɪzɔŋ
ɪz.ɔp,ɪz.ɔp,ɪzɔp,ɪzɔp
ɪz.ɔt,ɪz.ɔt,ɪzɔt,ɪzɔt
ɪz.ɔk,ɪz.ɔk,ɪzɔk,ɪzɔk
ɪz.ɔb,ɪz.ɔb,ɪzɔb,ɪzɔb
ɪz.ɔd,ɪz.ɔd,ɪzɔd,ɪzɔd
ɪz.ɔg,ɪz.ɔg,ɪzɔg,ɪzɔg
ɪz.ɔf,ɪz.ɔf,ɪzɔf,ɪzɔf
ɪz.ɔs,ɪz.ɔs,ɪzɔs,ɪzɔs
ɪz.ɔv,ɪz.ɔv,ɪzɔv,ɪzɔv
ɪz.ɔz,ɪz.ɔz,ɪzɔz,ɪzɔz
ɪz.ɔʃ,ɪz.ɔʃ,ɪzɔʃ,ɪzɔʃ
ɪz.ɔʒ,ɪz.ɔʒ,ɪzɔʒ,ɪzɔʒ
ɪz.ɔθ,ɪz.ɔθ,ɪzɔθ,ɪzɔθ
ɪz.ɔð,ɪz.ɔð,ɪzɔð,ɪzɔð
ɪʃ.ɪm,ɪʃ.ɪm,ɪʃɪm,ɪʃɪm
ɪʃ.ɪn,ɪʃ.ɪn,ɪʃɪn,ɪʃɪn
ɪʃ.ɪŋ,ɪʃ.ɪŋ,ɪʃɪŋ,ɪʃɪŋ
ɪʃ.ɪp,ɪʃ.ɪp,ɪʃɪp,ɪʃɪp
ɪʃ.ɪt,ɪʃ.ɪt,ɪʃɪt,ɪʃɪt
ɪʃ.ɪk,ɪʃ.ɪk,ɪʃɪk,ɪʃɪk
ɪʃ.ɪb,ɪʃ.ɪb,ɪʃɪb,ɪʃɪb
ɪʃ.ɪd,ɪʃ.ɪd,ɪʃɪd,ɪʃɪd
ɪʃ.ɪg,ɪʃ.ɪg,ɪʃɪg,ɪʃɪg
ɪʃ.ɪf,ɪʃ.ɪf,ɪʃɪf,ɪʃɪf
ɪʃ.ɪs,ɪʃ.ɪs,ɪʃɪs,ɪʃɪs
ɪʃ.ɪv,ɪʃ.ɪv,ɪʃɪv,ɪʃɪv
ɪʃ.ɪz,ɪʃ.ɪz,ɪʃɪz,ɪʃɪz
ɪʃ.ɪʃ,ɪʃ.ɪʃ,ɪʃɪʃ,ɪʃɪʃ
ɪʃ.ɪʒ,ɪʃ.ɪʒ,ɪʃɪʒ,ɪʃɪʒ
ɪʃ.ɪθ,ɪʃ.ɪθ,ɪʃɪθ,ɪʃɪθ
ɪʃ.ɪð,ɪʃ.ɪð,ɪʃɪð,ɪʃɪð
ɪʃ.ɛm,ɪʃ.ɛm,ɪʃɛm,ɪʃɛm
ɪʃ.ɛn,ɪʃ.ɛn,ɪʃɛn,ɪʃɛn
ɪʃ.ɛŋ,ɪʃ.ɛŋ,ɪʃɛŋ,ɪʃɛŋ
ɪʃ.ɛp,ɪʃ.ɛp,ɪʃɛp,ɪʃɛp
ɪʃ.ɛt,ɪʃ.ɛt,ɪʃɛt,ɪʃɛt
ɪʃ.ɛk,ɪʃ.ɛk,ɪʃɛk,ɪʃɛk
ɪʃ.ɛb,ɪʃ.ɛb,ɪʃɛb,ɪʃɛb
ɪʃ.ɛd,ɪʃ.ɛd,ɪʃɛd,ɪʃɛd
ɪʃ.ɛg,ɪʃ.ɛg,ɪʃɛg,ɪʃɛg
ɪʃ.ɛf,ɪʃ.ɛf,ɪʃɛf,ɪʃɛf
ɪʃ.ɛs,ɪʃ.ɛs,ɪʃɛs,ɪʃɛs
ɪʃ.ɛv,ɪʃ.ɛv,ɪʃɛv,ɪʃɛv
ɪʃ.ɛz,ɪʃ.ɛz,ɪʃɛz,ɪʃɛz
ɪʃ.ɛʃ,ɪʃ.ɛʃ,ɪʃɛʃ,ɪʃɛʃ
ɪʃ.ɛʒ,ɪʃ.ɛʒ,ɪʃɛʒ,ɪʃɛʒ
ɪʃ.ɛθ,ɪʃ.ɛθ,ɪʃɛθ,ɪʃɛθ
ɪʃ.ɛð,ɪʃ.ɛð,ɪʃɛð,ɪʃɛð
ɪʃ.ʊm,ɪʃ.ʊm,ɪʃʊm,ɪʃʊm
ɪʃ.ʊn,ɪʃ.ʊn,ɪʃʊn,ɪʃʊn
ɪʃ.ʊŋ,ɪʃ.ʊŋ,ɪʃʊŋ,ɪʃʊŋ
ɪʃ.ʊp,ɪʃ.ʊp,ɪʃʊp,ɪʃʊp
ɪʃ.ʊt,ɪʃ.ʊt,ɪʃʊt,ɪʃʊt
ɪʃ.ʊk,ɪʃ.ʊk,ɪʃʊk,ɪʃʊk
ɪʃ.ʊb,ɪʃ.ʊb,ɪʃʊb,ɪʃʊb
ɪʃ.ʊd,ɪʃ.ʊd,ɪʃʊd,ɪʃʊd
ɪʃ.ʊg,ɪʃ.ʊg,ɪʃʊg,ɪʃʊg
ɪʃ.ʊf,ɪʃ.ʊf,ɪʃʊf,ɪʃʊf
ɪʃ.ʊs,ɪʃ.ʊs,ɪʃʊs,ɪʃʊs
ɪʃ.ʊv,ɪʃ.ʊv,ɪʃʊv,ɪʃʊv
ɪʃ.ʊz,ɪʃ.ʊz,ɪʃʊz,ɪʃʊz
ɪʃ.ʊʃ,ɪʃ.ʊʃ,ɪʃʊʃ,ɪʃʊʃ
ɪʃ.ʊʒ,ɪʃ.ʊʒ,ɪʃʊʒ,ɪʃʊʒ
ɪʃ.ʊθ,ɪʃ.ʊθ,ɪʃʊθ,ɪʃʊθ
ɪʃ.ʊð,ɪʃ.ʊð,ɪʃʊð,ɪʃʊð
ɪʃ.ɔm,ɪʃ.ɔm,ɪʃɔm,ɪʃɔm
ɪʃ.ɔn,ɪʃ.ɔn,ɪʃɔn,ɪʃɔn
ɪʃ.ɔŋ,ɪʃ.ɔŋ,ɪʃɔŋ,ɪʃɔŋ
ɪʃ.ɔp,ɪʃ.ɔp,ɪʃɔp,ɪʃɔp
ɪʃ.ɔt,ɪʃ.ɔt,ɪʃɔt,ɪʃɔt
ɪʃ.ɔk,ɪʃ.ɔk,ɪʃɔk,ɪʃɔk
ɪʃ.ɔb,ɪʃ.ɔb,ɪʃɔb,ɪʃɔb
ɪʃ.ɔd,ɪʃ.ɔd,ɪʃɔd,ɪʃɔd
ɪʃ.ɔg,ɪʃ.ɔg,ɪʃɔg,ɪʃɔg
ɪʃ.ɔf,ɪʃ.ɔf,ɪʃɔf,ɪʃɔf
ɪʃ.ɔs,ɪʃ.ɔs,ɪʃɔs,ɪʃɔs
ɪʃ.ɔv,ɪʃ.ɔv,ɪʃɔv,ɪʃɔv
ɪʃ.ɔz,ɪʃ.ɔz,ɪʃɔz,ɪʃɔz
ɪʃ.ɔʃ,ɪʃ.ɔʃ,ɪʃɔʃ,ɪʃɔʃ
ɪʃ.ɔʒ,ɪʃ.ɔʒ,ɪʃɔʒ,ɪʃɔʒ
ɪʃ.ɔθ,ɪʃ.ɔθ,ɪʃɔθ,ɪʃɔθ
ɪʃ.ɔð,ɪʃ.ɔð,ɪʃɔð,ɪʃɔð
ɪʒ.ɪm,ɪʒ.ɪm,ɪʒɪm,ɪʒɪm
ɪʒ.ɪn,ɪʒ.ɪn,ɪʒɪn,ɪʒɪn
ɪʒ.ɪŋ,ɪʒ.ɪŋ,ɪʒɪŋ,ɪʒɪŋ
ɪʒ.ɪp,ɪʒ.ɪp,ɪʒɪp,ɪʒɪp
ɪʒ.ɪt,ɪʒ.ɪt,ɪʒɪt,ɪʒɪt
ɪʒ.ɪk,ɪʒ.ɪk,ɪʒɪk,ɪʒɪk
ɪʒ.ɪb,ɪʒ.ɪb,ɪʒɪb,ɪʒɪb
ɪʒ.ɪd,ɪʒ.ɪd,ɪʒɪd,ɪʒɪd
ɪʒ.ɪg,ɪʒ.ɪg,ɪʒɪg,ɪʒɪg
ɪʒ.ɪf,ɪʒ.ɪf,ɪʒɪf,ɪʒɪf
ɪʒ.ɪs,ɪʒ.ɪs,ɪʒɪs,ɪʒɪs
ɪʒ.ɪv,ɪʒ.ɪv,ɪʒɪv,ɪʒɪv
ɪʒ.ɪz,ɪʒ.ɪz,ɪʒɪz,ɪʒɪz
ɪʒ.ɪʃ,ɪʒ.ɪʃ,ɪʒɪʃ,ɪʒɪʃ
ɪʒ.ɪʒ,ɪʒ.ɪʒ,ɪʒɪʒ,ɪʒɪʒ
ɪʒ.ɪθ,ɪʒ.ɪθ,ɪʒɪθ,ɪʒɪθ
ɪʒ.ɪð,ɪʒ.ɪð,ɪʒɪð,ɪʒɪð
ɪʒ.ɛm,ɪʒ.ɛm,ɪʒɛm,ɪʒɛm
ɪʒ.ɛn,ɪʒ.ɛn,ɪʒɛn,ɪʒɛn
ɪʒ.ɛŋ,ɪʒ.ɛŋ,ɪʒɛŋ,ɪʒɛŋ
ɪʒ.ɛp,ɪʒ.ɛp,ɪʒɛp,ɪʒɛp
ɪʒ.ɛt,ɪʒ.ɛt,ɪʒɛt,ɪʒɛt
ɪʒ.ɛk,ɪʒ.ɛk,ɪʒɛk,ɪʒɛk
ɪʒ.ɛb,ɪʒ.ɛb,ɪʒɛb,ɪʒɛb
ɪʒ.ɛd,ɪʒ.ɛd,ɪʒɛd,ɪʒɛd
ɪʒ.ɛg,ɪʒ.ɛg,ɪʒɛg,ɪʒɛg
ɪʒ.ɛf,ɪʒ.ɛf,ɪʒɛf,ɪʒɛf
ɪʒ.ɛs,ɪʒ.ɛs,ɪʒɛs,ɪʒɛs
ɪʒ.ɛv,ɪʒ.ɛv,ɪʒɛv,ɪʒɛv
ɪʒ.ɛz,ɪʒ.ɛz,ɪʒɛz,ɪʒɛz
ɪʒ.ɛʃ,ɪʒ.ɛʃ,ɪʒɛʃ,ɪʒɛʃ
ɪʒ.ɛʒ,ɪʒ.ɛʒ,ɪʒɛʒ,ɪʒɛʒ
ɪʒ.ɛθ,ɪʒ.ɛθ,ɪʒɛθ,ɪʒɛθ
ɪʒ.ɛð,ɪʒ.ɛð,ɪʒɛð,ɪʒɛð
ɪʒ.ʊm,ɪʒ.ʊm,ɪʒʊm,ɪʒʊm
ɪʒ.ʊn,ɪʒ.ʊn,ɪʒʊn,ɪʒʊn
ɪʒ.ʊŋ,ɪʒ.ʊŋ,ɪʒʊŋ,ɪʒʊŋ
ɪʒ.ʊp,ɪʒ.ʊp,ɪʒʊp,ɪʒʊp
ɪʒ.ʊt,ɪʒ.ʊt,ɪʒʊt,ɪʒʊt
ɪʒ.ʊk,ɪʒ.ʊk,ɪʒʊk,ɪʒʊk
ɪʒ.ʊb,ɪʒ.ʊb,ɪʒʊb,ɪʒʊb
ɪʒ.ʊd,ɪʒ.ʊd,ɪʒʊd,ɪʒʊd
ɪʒ.ʊg,ɪʒ.ʊg,ɪʒʊg,ɪʒʊg
ɪʒ.ʊf,ɪʒ.ʊf,ɪʒʊf,ɪʒʊf
ɪʒ.ʊs,ɪʒ.ʊs,ɪʒʊs,ɪʒʊs
ɪʒ.ʊv,ɪʒ.ʊv,ɪʒʊv,ɪʒʊv
ɪʒ.ʊz,ɪʒ.ʊz,ɪʒʊz,ɪʒʊz
ɪʒ.ʊʃ,ɪʒ.ʊʃ,ɪʒʊʃ,ɪʒʊʃ
ɪʒ.ʊʒ,ɪʒ.ʊʒ,ɪʒʊʒ,ɪʒʊʒ
ɪʒ.ʊθ,ɪʒ.ʊθ,ɪʒʊθ,ɪʒʊθ
ɪʒ.ʊð,ɪʒ.ʊð,ɪʒʊð,ɪʒʊð
ɪʒ.ɔm,ɪʒ.ɔm,ɪʒɔm,ɪʒɔm
ɪʒ.ɔn,ɪʒ.ɔn,ɪʒɔn,ɪʒɔn
ɪʒ.ɔŋ,ɪʒ.ɔŋ,ɪʒɔŋ,ɪʒɔŋ
ɪʒ.ɔp,ɪʒ.ɔp,ɪʒɔp,ɪʒɔp
ɪʒ.ɔt,ɪʒ.ɔt,ɪʒɔt,ɪʒɔt
ɪʒ.ɔk,ɪʒ.ɔk,ɪʒɔk,ɪʒɔk
ɪʒ.ɔb,ɪʒ.ɔb,ɪʒɔb,ɪʒɔb
ɪʒ.ɔd,ɪʒ.ɔd,ɪʒɔd,ɪʒɔd
ɪʒ.ɔg,ɪʒ.ɔg,ɪʒɔg,ɪʒɔg
ɪʒ.ɔf,ɪʒ.ɔf,ɪʒɔf,ɪʒɔf
ɪʒ.ɔs,ɪʒ.ɔs,ɪʒɔs,ɪʒɔs
ɪʒ.ɔv,ɪʒ.ɔv,ɪʒɔv,ɪʒɔv
ɪʒ.ɔz,ɪʒ.ɔz,ɪʒɔz,ɪʒɔz
ɪʒ.ɔʃ,ɪʒ.ɔʃ,ɪʒɔʃ,ɪʒɔʃ
ɪʒ.ɔʒ,ɪʒ.ɔʒ,ɪʒɔʒ,ɪʒɔʒ
ɪʒ.ɔθ,ɪʒ.ɔθ,ɪʒɔθ,ɪʒɔθ
ɪʒ.ɔð,ɪʒ.ɔð,ɪʒɔð,ɪʒɔð
ɪθ.ɪm,ɪθ.ɪm,ɪθɪm,ɪθɪm
ɪθ.ɪn,ɪθ.ɪn,ɪθɪn,ɪθɪn
ɪθ.ɪŋ,ɪθ.ɪŋ,ɪθɪŋ,ɪθɪŋ
ɪθ.ɪp,ɪθ.ɪp,ɪθɪp,ɪθɪp
ɪθ.ɪt,ɪθ.ɪt,ɪθɪt,ɪθɪt
ɪθ.ɪk,ɪθ.ɪk,ɪθɪk,ɪθɪk
ɪθ.ɪb,ɪθ.ɪb,ɪθɪb,ɪθɪb
ɪθ.ɪd,ɪθ.ɪd,ɪθɪd,ɪθɪd
ɪθ.ɪg,ɪθ.ɪg,ɪθɪg,ɪθɪg
ɪθ.ɪf,ɪθ.ɪf,ɪθɪf,ɪθɪf
ɪθ.ɪs,ɪθ.ɪs,ɪθɪs,ɪθɪs
ɪθ.ɪv,ɪθ.ɪv,ɪθɪv,ɪθɪv
ɪθ.ɪz,ɪθ.ɪz,ɪθɪz,ɪθɪz
ɪθ.ɪʃ,ɪθ.ɪʃ,ɪθɪʃ,ɪθɪʃ
ɪθ.ɪʒ,ɪθ.ɪʒ,ɪθɪʒ,ɪθɪʒ
ɪθ.ɪθ,ɪθ.ɪθ,ɪθɪθ,ɪθɪθ
ɪθ.ɪð,ɪθ.ɪð,ɪθɪð,ɪθɪð
ɪθ.ɛm,ɪθ.ɛm,ɪθɛm,ɪθɛm
ɪθ.ɛn,ɪθ.ɛn,ɪθɛn,ɪθɛn
ɪθ.ɛŋ,ɪθ.ɛŋ,ɪθɛŋ,ɪθɛŋ
ɪθ.ɛp,ɪθ.ɛp,ɪθɛp,ɪθɛp
ɪθ.ɛt,ɪθ.ɛt,ɪθɛt,ɪθɛt
ɪθ.ɛk,ɪθ.ɛk,ɪθɛk,ɪθɛk
ɪθ.ɛb,ɪθ.ɛb,ɪθɛb,ɪθɛb
ɪθ.ɛd,ɪθ.ɛd,ɪθɛd,ɪθɛd
ɪθ.ɛg,ɪθ.ɛg,ɪθɛg,ɪθɛg
ɪθ.ɛf,ɪθ.ɛf,ɪθɛf,ɪθɛf
ɪθ.ɛs,ɪθ.ɛs,ɪθɛs,ɪθɛs
ɪθ.ɛv,ɪθ.ɛv,ɪθɛv,ɪθɛv
ɪθ.ɛz,ɪθ.ɛz,ɪθɛz,ɪθɛz
ɪθ.ɛʃ,ɪθ.ɛʃ,ɪθɛʃ,ɪθɛʃ
ɪθ.ɛʒ,ɪθ.ɛʒ,ɪθɛʒ,ɪθɛʒ
ɪθ.ɛθ,ɪθ.ɛθ,ɪθɛθ,ɪθɛθ
ɪθ.ɛð,ɪθ.ɛð,ɪθɛð,ɪθɛð
ɪθ.ʊm,ɪθ.ʊm,ɪθʊm,ɪθʊm
ɪθ.ʊn,ɪθ.ʊn,ɪθʊn,ɪθʊn
ɪθ.ʊŋ,ɪθ.ʊŋ,ɪθʊŋ,ɪθʊŋ
ɪθ.ʊp,ɪθ.ʊp,ɪθʊp,ɪθʊp
ɪθ.ʊt,ɪθ.ʊt,ɪθʊt,ɪθʊt
ɪθ.ʊk,ɪθ.ʊk,ɪθʊk,ɪθʊk
ɪθ.ʊb,ɪθ.ʊb,ɪθʊb,ɪθʊb
ɪθ.ʊd,ɪθ.ʊd,ɪθʊd,ɪθʊd
ɪθ.ʊg,ɪθ.ʊg,ɪθʊg,ɪθʊg
ɪθ.ʊf,ɪθ.ʊf,ɪθʊf,ɪθʊf
ɪθ.ʊs,ɪθ.ʊs,ɪθʊs,ɪθʊs
ɪθ.ʊv,ɪθ.ʊv,ɪθʊv,ɪθʊv
ɪθ.ʊz,ɪθ.ʊz,ɪθʊz,ɪθʊz
ɪθ.ʊʃ,ɪθ.ʊʃ,ɪθʊʃ,ɪθʊʃ
ɪθ.ʊʒ,ɪθ.ʊʒ,ɪθʊʒ,ɪθʊʒ
ɪθ.ʊθ,ɪθ.ʊθ,ɪθʊθ,ɪθʊθ
ɪθ.ʊð,ɪθ.ʊð,ɪθʊð,ɪθʊð
ɪθ.ɔm,ɪθ.ɔm,ɪθɔm,ɪθɔm
ɪθ.ɔn,ɪθ.ɔn,ɪθɔn,ɪθɔn
ɪθ.ɔŋ,ɪθ.ɔŋ,ɪθɔŋ,ɪθɔŋ
ɪθ.ɔp,ɪθ.ɔp,ɪθɔp,ɪθɔp
ɪθ.ɔt,ɪθ.ɔt,ɪθɔt,ɪθɔt
ɪθ.ɔk,ɪθ.ɔk,ɪθɔk,ɪθɔk
ɪθ.ɔb,ɪθ.ɔb,ɪθɔb,ɪθɔb
ɪθ.ɔd,ɪθ.ɔd,ɪθɔd,ɪθɔd
ɪθ.ɔg,ɪθ.ɔg,ɪθɔg,ɪθɔg
ɪθ.ɔf,ɪθ.ɔf,ɪθɔf,ɪθɔf
ɪθ.ɔs,ɪθ.ɔs,ɪθɔs,ɪθɔs
ɪθ.ɔv,ɪθ.ɔv,ɪθɔv,ɪθɔv
ɪθ.ɔz,ɪθ.ɔz,ɪθɔz,ɪθɔz
ɪθ.ɔʃ,ɪθ.ɔʃ,ɪθɔʃ,ɪθɔʃ
ɪθ.ɔʒ,ɪθ.ɔʒ,ɪθɔʒ,ɪθɔʒ
ɪθ.ɔθ,ɪθ.ɔθ,ɪθɔθ,ɪθɔθ
ɪθ.ɔð,ɪθ.ɔð,ɪθɔð,ɪθɔð
ɪð.ɪm,ɪð.ɪm,ɪðɪm,ɪðɪm
ɪð.ɪn,ɪð.ɪn,ɪðɪn,ɪðɪn
ɪð.ɪŋ,ɪð.ɪŋ,ɪðɪŋ,ɪðɪŋ
ɪð.ɪp,ɪð.ɪp,ɪðɪp,ɪðɪp
ɪð.ɪt,ɪð.ɪt,ɪðɪt,ɪðɪt
ɪð.ɪk,ɪð.ɪk,ɪðɪk,ɪðɪk
ɪð.ɪb,ɪð.ɪb,ɪðɪb,ɪðɪb
ɪð.ɪd,ɪð.ɪd,ɪðɪd,ɪðɪd
ɪð.ɪg,ɪð.ɪg,ɪðɪg,ɪðɪg
ɪð.ɪf,ɪð.ɪf,ɪðɪf,ɪðɪf
ɪð.ɪs,ɪð.ɪs,ɪðɪs,ɪðɪs
ɪð.ɪv,ɪð.ɪv,ɪðɪv,ɪðɪv
ɪð.ɪz,ɪð.ɪz,ɪðɪz,ɪðɪz
ɪð.ɪʃ,ɪð.ɪʃ,ɪðɪʃ,ɪðɪʃ
ɪð.ɪʒ,ɪð.ɪʒ,ɪðɪʒ,ɪðɪʒ
ɪð.ɪθ,ɪð.ɪθ,ɪðɪθ,ɪðɪθ
ɪð.ɪð,ɪð.ɪð,ɪðɪð,ɪðɪð
ɪð.ɛm,ɪð.ɛm,ɪðɛm,ɪðɛm
ɪð.ɛn,ɪð.ɛn,ɪðɛn,ɪðɛn
ɪð.ɛŋ,ɪð.ɛŋ,ɪðɛŋ,ɪðɛŋ
ɪð.ɛp,ɪð.ɛp,ɪðɛp,ɪðɛp
ɪð.ɛt,ɪð.ɛt,ɪðɛt,ɪðɛt
ɪð.ɛk,ɪð.ɛk,ɪðɛk,ɪðɛk
ɪð.ɛb,ɪð.ɛb,ɪðɛb,ɪðɛb
ɪð.ɛd,ɪð.ɛd,ɪðɛd,ɪðɛd
ɪð.ɛg,ɪð.ɛg,ɪðɛg,ɪðɛg
ɪð.ɛf,ɪð.ɛf,ɪðɛf,ɪðɛf
ɪð.ɛs,ɪð.ɛs,ɪðɛs,ɪðɛs
ɪð.ɛv,ɪð.ɛv,ɪðɛv,ɪðɛv
ɪð.ɛz,ɪð.ɛz,ɪðɛz,ɪðɛz
ɪð.ɛʃ,ɪð.ɛʃ,ɪðɛʃ,ɪðɛʃ
ɪð.ɛʒ,ɪð.ɛʒ,ɪðɛʒ,ɪðɛʒ
ɪð.ɛθ,ɪð.ɛθ,ɪðɛθ,ɪðɛθ
ɪð.ɛð,ɪð.ɛð,ɪðɛð,ɪðɛð
ɪð.ʊm,ɪð.ʊm,ɪðʊm,ɪðʊm
ɪð.ʊn,ɪð.ʊn,ɪðʊn,ɪðʊn
ɪð.ʊŋ,ɪð.ʊŋ,ɪðʊŋ,ɪðʊŋ
ɪð.ʊp,ɪð.ʊp,ɪðʊp,ɪðʊp
ɪð.ʊt,ɪð.ʊt,ɪðʊt,ɪðʊt
ɪð.ʊk,ɪð.ʊk,ɪðʊk,ɪðʊk
ɪð.ʊb,ɪð.ʊb,ɪðʊb,ɪðʊb
ɪð.ʊd,ɪð.ʊd,ɪðʊd,ɪðʊd
ɪð.ʊg,ɪð.ʊg,ɪðʊg,ɪðʊg
ɪð.ʊf,ɪð.ʊf,ɪðʊf,ɪðʊf
ɪð.ʊs,ɪð.ʊs,ɪðʊs,ɪðʊs
ɪð.ʊv,ɪð.ʊv,ɪðʊv,ɪðʊv
ɪð.ʊz,ɪð.ʊz,ɪðʊz,ɪðʊz
ɪð.ʊʃ,ɪð.ʊʃ,ɪðʊʃ,ɪðʊʃ
ɪð.ʊʒ,ɪð.ʊʒ,ɪðʊʒ,ɪðʊʒ
ɪð.ʊθ,ɪð.ʊθ,ɪðʊθ,ɪðʊθ
ɪð.ʊð,ɪð.ʊð,ɪðʊð,ɪðʊð
ɪð.ɔm,ɪð.ɔm,ɪðɔm,ɪðɔm
ɪð.ɔn,ɪð.ɔn,ɪðɔn,ɪðɔn
ɪð.ɔŋ,ɪð.ɔŋ,ɪðɔŋ,ɪðɔŋ
ɪð.ɔp,ɪð.ɔp,ɪðɔp,ɪðɔp
ɪð.ɔt,ɪð.ɔt,ɪðɔt,ɪðɔt
ɪð.ɔk,ɪð.ɔk,ɪðɔk,ɪðɔk
ɪð.ɔb,ɪð.ɔb,ɪðɔb,ɪðɔb
ɪð.ɔd,ɪð.ɔd,ɪðɔd,ɪðɔd
ɪð.ɔg,ɪð.ɔg,ɪðɔg,ɪðɔg
ɪð.ɔf,ɪð.ɔf,ɪðɔf,ɪðɔf
ɪð.ɔs,ɪð.ɔs,ɪðɔs,ɪðɔs
ɪð.ɔv,ɪð.ɔv,ɪðɔv,ɪðɔv
ɪð.ɔz,ɪð.ɔz,ɪðɔz,ɪðɔz
ɪð.ɔʃ,ɪð.ɔʃ,ɪðɔʃ,ɪðɔʃ
ɪð.ɔʒ,ɪð.ɔʒ,ɪðɔʒ,ɪðɔʒ
ɪð.ɔθ,ɪð.ɔθ,ɪðɔθ,ɪðɔθ
ɪð.ɔð,ɪð.ɔð,ɪðɔð,ɪðɔð
ɛm.ɪm,ɛm.ɪm,ɛmɪm,ɛmɪm
ɛm.ɪn,ɛm.ɪn,ɛmɪn,ɛmɪn
ɛm.ɪŋ,ɛm.ɪŋ,ɛmɪŋ,ɛmɪŋ
ɛm.ɪp,ɛm.ɪp,ɛmɪp,ɛmɪp
ɛm.ɪt,ɛm.ɪt,ɛmɪt,ɛmɪt
ɛm.ɪk,ɛm.ɪk,ɛmɪk,ɛmɪk
ɛm.ɪb,ɛm.ɪb,ɛmɪb,ɛmɪb
ɛm.ɪd,ɛm.ɪd,ɛmɪd,ɛmɪd
ɛm.ɪg,ɛm.ɪg,ɛmɪg,ɛmɪg
ɛm.ɪf,ɛm.ɪf,ɛmɪf,ɛmɪf
ɛm.ɪs,ɛm.ɪs,ɛmɪs,ɛmɪs
ɛm.ɪv,ɛm.ɪv,ɛmɪv,ɛmɪv
ɛm.ɪz,ɛm.ɪz,ɛmɪz,ɛmɪz
ɛm.ɪʃ,ɛm.ɪʃ,ɛmɪʃ,ɛmɪʃ
ɛm.ɪʒ,ɛm.ɪʒ,ɛmɪʒ,ɛmɪʒ
ɛm.ɪθ,ɛm.ɪθ,ɛmɪθ,ɛmɪθ
ɛm.ɪð,ɛm.ɪð,ɛmɪð,ɛmɪð
ɛm.ɛm,ɛm.ɛm,ɛmɛm,ɛmɛm
ɛm.ɛn,ɛm.ɛn,ɛmɛn,ɛmɛn
ɛm.ɛŋ,ɛm.ɛŋ,ɛmɛŋ,ɛmɛŋ
ɛm.ɛp,ɛm.ɛp,ɛmɛp,ɛmɛp
ɛm.ɛt,ɛm.ɛt,ɛmɛt,ɛmɛt
ɛm.ɛk,ɛm.ɛk,ɛmɛk,ɛmɛk
ɛm.ɛb,ɛm.ɛb,ɛmɛb,ɛmɛb
ɛm.ɛd,ɛm.ɛd,ɛmɛd,ɛmɛd
ɛm.ɛg,ɛm.ɛg,ɛmɛg,ɛmɛg
ɛm.ɛf,ɛm.ɛf,ɛmɛf,ɛmɛf
ɛm.ɛs,ɛm.ɛs,ɛmɛs,ɛmɛs
ɛm.ɛv,ɛm.ɛv,ɛmɛv,ɛmɛv
ɛm.ɛz,ɛm.ɛz,ɛmɛz,ɛmɛz
ɛm.ɛʃ,ɛm.ɛʃ,ɛmɛʃ,ɛmɛʃ
ɛm.ɛʒ,ɛm.ɛʒ,ɛmɛʒ,ɛmɛʒ
ɛm.ɛθ,ɛm.ɛθ,ɛmɛθ,ɛmɛθ
ɛm.ɛð,ɛm.ɛð,ɛmɛð,ɛmɛð
ɛm.ʊm,ɛm.ʊm,ɛmʊm,ɛmʊm
ɛm.ʊn,ɛm.ʊn,ɛmʊn,ɛmʊn
ɛm.ʊŋ,ɛm.ʊŋ,ɛmʊŋ,ɛmʊŋ
ɛm.ʊp,ɛm.ʊp,ɛmʊp,ɛmʊp
ɛm.ʊt,ɛm.ʊt,ɛmʊt,ɛmʊt
ɛm.ʊk,ɛm.ʊk,ɛmʊk,ɛmʊk
ɛm.ʊb,ɛm.ʊb,ɛmʊb,ɛmʊb
ɛm.ʊd,ɛm.ʊd,ɛmʊd,ɛmʊd
ɛm.ʊg,ɛm.ʊg,ɛmʊg,ɛmʊg
ɛm.ʊf,ɛm.ʊf,ɛmʊf,ɛmʊf
ɛm.ʊs,ɛm.ʊs,ɛmʊs,ɛmʊs
ɛm.ʊv,ɛm.ʊv,ɛmʊv,ɛmʊv
ɛm.ʊz,ɛm.ʊz,ɛmʊz,ɛmʊz
ɛm.ʊʃ,ɛm.ʊʃ,ɛmʊʃ,ɛmʊʃ
ɛm.ʊʒ,ɛm.ʊʒ,ɛmʊʒ,ɛmʊʒ
ɛm.ʊθ,ɛm.ʊθ,ɛmʊθ,ɛmʊθ
ɛm.ʊð,ɛm.ʊð,ɛmʊð,ɛmʊð
ɛm.ɔm,ɛm.ɔm,ɛmɔm,ɛmɔm
ɛm.ɔn,ɛm.ɔn,ɛmɔn,ɛmɔn
ɛm.ɔŋ,ɛm.ɔŋ,ɛmɔŋ,ɛmɔŋ
ɛm.ɔp,ɛm.ɔp,ɛmɔp,ɛmɔp
ɛm.ɔt,ɛm.ɔt,ɛmɔt,ɛmɔt
ɛm.ɔk,ɛm.ɔk,ɛmɔk,ɛmɔk
ɛm.ɔb,ɛm.ɔb,ɛmɔb,ɛmɔb
ɛm.ɔd,ɛm.ɔd,ɛmɔd,ɛmɔd
ɛm.ɔg,ɛm.ɔg,ɛmɔg,ɛmɔg
ɛm.ɔf,ɛm.ɔf,ɛmɔf,ɛmɔf
ɛm.ɔs,ɛm.ɔs,ɛmɔs,ɛmɔs
ɛm.ɔv,ɛm.ɔv,ɛmɔv,ɛmɔv
ɛm.ɔz,ɛm.ɔz,ɛmɔz,ɛmɔz
ɛm.ɔʃ,ɛm.ɔʃ,ɛmɔʃ,ɛmɔʃ
ɛm.ɔʒ,ɛm.ɔʒ,ɛmɔʒ,ɛmɔʒ
ɛm.ɔθ,ɛm.ɔθ,ɛmɔθ,ɛmɔθ
ɛm.ɔð,ɛm.ɔð,ɛmɔð,ɛmɔð
ɛn.ɪm,ɛn.ɪm,ɛnɪm,ɛnɪm
ɛn.ɪn,ɛn.ɪn,ɛnɪn,ɛnɪn
ɛn.ɪŋ,ɛn.ɪŋ,ɛnɪŋ,ɛnɪŋ
ɛn.ɪp,ɛn.ɪp,ɛnɪp,ɛnɪp
ɛn.ɪt,ɛn.ɪt,ɛnɪt,ɛnɪt
ɛn.ɪk,ɛn.ɪk,ɛnɪk,ɛnɪk
ɛn.ɪb,ɛn.ɪb,ɛnɪb,ɛnɪb
ɛn.ɪd,ɛn.ɪd,ɛnɪd,ɛnɪd
ɛn.ɪg,ɛn.ɪg,ɛnɪg,ɛnɪg
ɛn.ɪf,ɛn.ɪf,ɛnɪf,ɛnɪf
ɛn.ɪs,ɛn.ɪs,ɛnɪs,ɛnɪs
ɛn.ɪv,ɛn.ɪv,ɛnɪv,ɛnɪv
ɛn.ɪz,ɛn.ɪz,ɛnɪz,ɛnɪz
ɛn.ɪʃ,ɛn.ɪʃ,ɛnɪʃ,ɛnɪʃ
ɛn.ɪʒ,ɛn.ɪʒ,ɛnɪʒ,ɛnɪʒ
ɛn.ɪθ,ɛn.ɪθ,ɛnɪθ,ɛnɪθ
ɛn.ɪð,ɛn.ɪð,ɛnɪð,ɛnɪð
ɛn.ɛm,ɛn.ɛm,ɛnɛm,ɛnɛm
ɛn.ɛn,ɛn.ɛn,ɛnɛn,ɛnɛn
ɛn.ɛŋ,ɛn.ɛŋ,ɛnɛŋ,ɛnɛŋ
ɛn.ɛp,ɛn.ɛp,ɛnɛp,ɛnɛp
ɛn.ɛt,ɛn.ɛt,ɛnɛt,ɛnɛt
ɛn.ɛk,ɛn.ɛk,ɛnɛk,ɛnɛk
ɛn.ɛb,ɛn.ɛb,ɛnɛb,ɛnɛb
ɛn.ɛd,ɛn.ɛd,ɛnɛd,ɛnɛd
ɛn.ɛg,ɛn.ɛg,ɛnɛg,ɛnɛg
ɛn.ɛf,ɛn.ɛf,ɛnɛf,ɛnɛf
ɛn.ɛs,ɛn.ɛs,ɛnɛs,ɛnɛs
ɛn.ɛv,ɛn.ɛv,ɛnɛv,ɛnɛv
ɛn.ɛz,ɛn.ɛz,ɛnɛz,ɛnɛz
ɛn.ɛʃ,ɛn.ɛʃ,ɛnɛʃ,ɛnɛʃ
ɛn.ɛʒ,ɛn.ɛʒ,ɛnɛʒ,ɛnɛʒ
ɛn.ɛθ,ɛn.ɛθ,ɛnɛθ,ɛnɛθ
ɛn.ɛð,ɛn.ɛð,ɛnɛð,ɛnɛð
ɛn.ʊm,ɛn.ʊm,ɛnʊm,ɛnʊm
ɛn.ʊn,ɛn.ʊn,ɛnʊn,ɛnʊn
ɛn.ʊŋ,ɛn.ʊŋ,ɛnʊŋ,ɛnʊŋ
ɛn.ʊp,ɛn.ʊp,ɛnʊp,ɛnʊp
ɛn.ʊt,ɛn.ʊt,ɛnʊt,ɛnʊt
ɛn.ʊk,ɛn.ʊk,ɛnʊk,ɛnʊk
ɛn.ʊb,ɛn.ʊb,ɛnʊb,ɛnʊb
ɛn.ʊd,ɛn.ʊd,ɛnʊd,ɛnʊd
ɛn.ʊg,ɛn.ʊg,ɛnʊg,ɛnʊg
ɛn.ʊf,ɛn.ʊf,ɛnʊf,ɛnʊf
ɛn.ʊs,ɛn.ʊs,ɛnʊs,ɛnʊs
ɛn.ʊv,ɛn.ʊv,ɛnʊv,ɛnʊv
ɛn.ʊz,ɛn.ʊz,ɛnʊz,ɛnʊz
ɛn.ʊʃ,ɛn.ʊʃ,ɛnʊʃ,ɛnʊʃ
ɛn.ʊʒ,ɛn.ʊʒ,ɛnʊʒ,ɛnʊʒ
ɛn.ʊθ,ɛn.ʊθ,ɛnʊθ,ɛnʊθ
ɛn.ʊð,ɛn.ʊð,ɛnʊð,ɛnʊð
ɛn.ɔm,ɛn.ɔm,ɛnɔm,ɛnɔm
ɛn.ɔn,ɛn.ɔn,ɛnɔn,ɛnɔn
ɛn.ɔŋ,ɛn.ɔŋ,ɛnɔŋ,ɛnɔŋ
ɛn.ɔp,ɛn.ɔp,ɛnɔp,ɛnɔp
ɛn.ɔt,ɛn.ɔt,ɛnɔt,ɛnɔt
ɛn.ɔk,ɛn.ɔk,ɛnɔk,ɛnɔk
ɛn.ɔb,ɛn.ɔb,ɛnɔb,ɛnɔb
ɛn.ɔd,ɛn.ɔd,ɛnɔd,ɛnɔd
ɛn.ɔg,ɛn.ɔg,ɛnɔg,ɛnɔg
ɛn.ɔf,ɛn.ɔf,ɛnɔf,ɛnɔf
ɛn.ɔs,ɛn.ɔs,ɛnɔs,ɛnɔs
ɛn.ɔv,ɛn.ɔv,ɛnɔv,ɛnɔv
ɛn.ɔz,ɛn.ɔz,ɛnɔz,ɛnɔz
ɛn.ɔʃ,ɛn.ɔʃ,ɛnɔʃ,ɛnɔʃ
ɛn.ɔʒ,ɛn.ɔʒ,ɛnɔʒ,ɛnɔʒ
ɛn.ɔθ,ɛn.ɔθ,ɛnɔθ,ɛnɔθ
ɛn.ɔð,ɛn.ɔð,ɛnɔð,ɛnɔð
ɛŋ.ɪm,ɛŋ.ɪm,ɛŋɪm,ɛŋɪm
ɛŋ.ɪn,ɛŋ.ɪn,ɛŋɪn,ɛŋɪn
ɛŋ.ɪŋ,ɛŋ.ɪŋ,ɛŋɪŋ,ɛŋɪŋ
ɛŋ.ɪp,ɛŋ.ɪp,ɛŋɪp,ɛŋɪp
ɛŋ.ɪt,ɛŋ.ɪt,ɛŋɪt,ɛŋɪt
ɛŋ.ɪk,ɛŋ.ɪk,ɛŋɪk,ɛŋɪk
ɛŋ.ɪb,ɛŋ.ɪb,ɛŋɪb,ɛŋɪb
ɛŋ.ɪd,ɛŋ.ɪd,ɛŋɪd,ɛŋɪd
ɛŋ.ɪg,ɛŋ.ɪg,ɛŋɪg,ɛŋɪg
ɛŋ.ɪf,ɛŋ.ɪf,ɛŋɪf,ɛŋɪf
ɛŋ.ɪs,ɛŋ.ɪs,ɛŋɪs,ɛŋɪs
ɛŋ.ɪv,ɛŋ.ɪv,ɛŋɪv,ɛŋɪv
ɛŋ.ɪz,ɛŋ.ɪz,ɛŋɪz,ɛŋɪz
ɛŋ.ɪʃ,ɛŋ.ɪʃ,ɛŋɪʃ,ɛŋɪʃ
ɛŋ.ɪʒ,ɛŋ.ɪʒ,ɛŋɪʒ,ɛŋɪʒ
ɛŋ.ɪθ,ɛŋ.ɪθ,ɛŋɪθ,ɛŋɪθ
ɛŋ.ɪð,ɛŋ.ɪð,ɛŋɪð,ɛŋɪð
ɛŋ.ɛm,ɛŋ.ɛm,ɛŋɛm,ɛŋɛm
ɛŋ.ɛn,ɛŋ.ɛn,ɛŋɛn,ɛŋɛn
ɛŋ.ɛŋ,ɛŋ.ɛŋ,ɛŋɛŋ,ɛŋɛŋ
ɛŋ.ɛp,ɛŋ.ɛp,ɛŋɛp,ɛŋɛp
ɛŋ.ɛt,ɛŋ.ɛt,ɛŋɛt,ɛŋɛt
ɛŋ.ɛk,ɛŋ.ɛk,ɛŋɛk,ɛŋɛk
ɛŋ.ɛb,ɛŋ.ɛb,ɛŋɛb,ɛŋɛb
ɛŋ.ɛd,ɛŋ.ɛd,ɛŋɛd,ɛŋɛd
ɛŋ.ɛg,ɛŋ.ɛg,ɛŋɛg,ɛŋɛg
ɛŋ.ɛf,ɛŋ.ɛf,ɛŋɛf,ɛŋɛf
ɛŋ.ɛs,ɛŋ.ɛs,ɛŋɛs,ɛŋɛs
ɛŋ.ɛv,ɛŋ.ɛv,ɛŋɛv,ɛŋɛv
ɛŋ.ɛz,ɛŋ.ɛz,ɛŋɛz,ɛŋɛz
ɛŋ.ɛʃ,ɛŋ.ɛʃ,ɛŋɛʃ,ɛŋɛʃ
ɛŋ.ɛʒ,ɛŋ.ɛʒ,ɛŋɛʒ,ɛŋɛʒ
ɛŋ.ɛθ,ɛŋ.ɛθ,ɛŋɛθ,ɛŋɛθ
ɛŋ.ɛð,ɛŋ.ɛð,ɛŋɛð,ɛŋɛð
ɛŋ.ʊm,ɛŋ.ʊm,ɛŋʊm,ɛŋʊm
ɛŋ.ʊn,ɛŋ.ʊn,ɛŋʊn,ɛŋʊn
ɛŋ.ʊŋ,ɛŋ.ʊŋ,ɛŋʊŋ,ɛŋʊŋ
ɛŋ.ʊp,ɛŋ.ʊp,ɛŋʊp,ɛŋʊp
ɛŋ.ʊt,ɛŋ.ʊt,ɛŋʊt,ɛŋʊt
ɛŋ.ʊk,ɛŋ.ʊk,ɛŋʊk,ɛŋʊk
ɛŋ.ʊb,ɛŋ.ʊb,ɛŋʊb,ɛŋʊb
ɛŋ.ʊd,ɛŋ.ʊd,ɛŋʊd,ɛŋʊd
ɛŋ.ʊg,ɛŋ.ʊg,ɛŋʊg,ɛŋʊg
ɛŋ.ʊf,ɛŋ.ʊf,ɛŋʊf,ɛŋʊf
ɛŋ.ʊs,ɛŋ.ʊs,ɛŋʊs,ɛŋʊs
ɛŋ.ʊv,ɛŋ.ʊv,ɛŋʊv,ɛŋʊv
ɛŋ.ʊz,ɛŋ.ʊz,ɛŋʊz,ɛŋʊz
ɛŋ.ʊʃ,ɛŋ.ʊʃ,ɛŋʊʃ,ɛŋʊʃ
ɛŋ.ʊʒ,ɛŋ.ʊʒ,ɛŋʊʒ,ɛŋʊʒ
ɛŋ.ʊθ,ɛŋ.ʊθ,ɛŋʊθ,ɛŋʊθ
ɛŋ.ʊð,ɛŋ.ʊð,ɛŋʊð,ɛŋʊð
ɛŋ.ɔm,ɛŋ.ɔm,ɛŋɔm,ɛŋɔm
ɛŋ.ɔn,ɛŋ.ɔn,ɛŋɔn,ɛŋɔn
ɛŋ.ɔŋ,ɛŋ.ɔŋ,ɛŋɔŋ,ɛŋɔŋ
ɛŋ.ɔp,ɛŋ.ɔp,ɛŋɔp,ɛŋɔp
ɛŋ.ɔt,ɛŋ.ɔt,ɛŋɔt,ɛŋɔt
ɛŋ.ɔk,ɛŋ.ɔk,ɛŋɔk,ɛŋɔk
ɛŋ.ɔb,ɛŋ.ɔb,ɛŋɔb,ɛŋɔb
ɛŋ.ɔd,ɛŋ.ɔd,ɛŋɔd,ɛŋɔd
ɛŋ.ɔg,ɛŋ.ɔg,ɛŋɔg,ɛŋɔg
ɛŋ.ɔf,ɛŋ.ɔf,ɛŋɔf,ɛŋɔf
ɛŋ.ɔs,ɛŋ.ɔs,ɛŋɔs,ɛŋɔs
ɛŋ.ɔv,ɛŋ.ɔv,ɛŋɔv,ɛŋɔv
ɛŋ.ɔz,ɛŋ.ɔz,ɛŋɔz,ɛŋɔz
ɛŋ.ɔʃ,ɛŋ.ɔʃ,ɛŋɔʃ,ɛŋɔʃ
ɛŋ.ɔʒ,ɛŋ.ɔʒ,ɛŋɔʒ,ɛŋɔʒ
ɛŋ.ɔθ,ɛŋ.ɔθ,ɛŋɔθ,ɛŋɔθ
ɛŋ.ɔð,ɛŋ.ɔð,ɛŋɔð,ɛŋɔð
ɛp.ɪm,ɛp.ɪm,ɛpɪm,ɛpɪm
ɛp.ɪn,ɛp.ɪn,ɛpɪn,ɛpɪn
ɛp.ɪŋ,ɛp.ɪŋ,ɛpɪŋ,ɛpɪŋ
ɛp.ɪp,ɛp.ɪp,ɛpɪp,ɛpɪp
ɛp.ɪt,ɛp.ɪt,ɛpɪt,ɛpɪt
ɛp.ɪk,ɛp.ɪk,ɛpɪk,ɛpɪk
ɛp.ɪb,ɛp.ɪb,ɛpɪb,ɛpɪb
ɛp.ɪd,ɛp.ɪd,ɛpɪd,ɛpɪd
ɛp.ɪg,ɛp.ɪg,ɛpɪg,ɛpɪg
ɛp.ɪf,ɛp.ɪf,ɛpɪf,ɛpɪf
ɛp.ɪs,ɛp.ɪs,ɛpɪs,ɛpɪs
ɛp.ɪv,ɛp.ɪv,ɛpɪv,ɛpɪv
ɛp.ɪz,ɛp.ɪz,ɛpɪz,ɛpɪz
ɛp.ɪʃ,ɛp.ɪʃ,ɛpɪʃ,ɛpɪʃ
ɛp.ɪʒ,ɛp.ɪʒ,ɛpɪʒ,ɛpɪʒ
ɛp.ɪθ,ɛp.ɪθ,ɛpɪθ,ɛpɪθ
ɛp.ɪð,ɛp.ɪð,ɛpɪð,ɛpɪð
ɛp.ɛm,ɛp.ɛm,ɛpɛm,ɛpɛm
ɛp.ɛn,ɛp.ɛn,ɛpɛn,ɛpɛn
ɛp.ɛŋ,ɛp.ɛŋ,ɛpɛŋ,ɛpɛŋ
ɛp.ɛp,ɛp.ɛp,ɛpɛp,ɛpɛp
ɛp.ɛt,ɛp.ɛt,ɛpɛt,ɛpɛt
ɛp.ɛk,ɛp.ɛk,ɛpɛk,ɛpɛk
ɛp.ɛb,ɛp.ɛb,ɛpɛb,ɛpɛb
ɛp.ɛd,ɛp.ɛd,ɛpɛd,ɛpɛd
ɛp.ɛg,ɛp.ɛg,ɛpɛg,ɛpɛg
ɛp.ɛf,ɛp.ɛf,ɛpɛf,ɛpɛf
ɛp.ɛs,ɛp.ɛs,ɛpɛs,ɛpɛs
ɛp.ɛv,ɛp.ɛv,ɛpɛv,ɛpɛv
ɛp.ɛz,ɛp.ɛz,ɛpɛz,ɛpɛz
ɛp.ɛʃ,ɛp.ɛʃ,ɛpɛʃ,ɛpɛʃ
ɛp.ɛʒ,ɛp.ɛʒ,ɛpɛʒ,ɛpɛʒ
ɛp.ɛθ,ɛp.ɛθ,ɛpɛθ,ɛpɛθ
ɛp.ɛð,ɛp.ɛð,ɛpɛð,ɛpɛð
ɛp.ʊm,ɛp.ʊm,ɛpʊm,ɛpʊm
ɛp.ʊn,ɛp.ʊn,ɛpʊn,ɛpʊn
ɛp.ʊŋ,ɛp.ʊŋ,ɛpʊŋ,ɛpʊŋ
ɛp.ʊp,ɛp.ʊp,ɛpʊp,ɛpʊp
ɛp.ʊt,ɛp.ʊt,ɛpʊt,ɛpʊt
ɛp.ʊk,ɛp.ʊk,ɛpʊk,ɛpʊk
ɛp.ʊb,ɛp.ʊb,ɛpʊb,ɛpʊb
ɛp.ʊd,ɛp.ʊd,ɛpʊd,ɛpʊd
ɛp.ʊg,ɛp.ʊg,ɛpʊg,ɛpʊg
ɛp.ʊf,ɛp.ʊf,ɛpʊf,ɛpʊf
ɛp.ʊs,ɛp.ʊs,ɛpʊs,ɛpʊs
ɛp.ʊv,ɛp.ʊv,ɛpʊv,ɛpʊv
ɛp.ʊz,ɛp.ʊz,ɛpʊz,ɛpʊz
ɛp.ʊʃ,ɛp.ʊʃ,ɛpʊʃ,ɛpʊʃ
ɛp.ʊʒ,ɛp.ʊʒ,ɛpʊʒ,ɛpʊʒ
ɛp.ʊθ,ɛp.ʊθ,ɛpʊθ,ɛpʊθ
ɛp.ʊð,ɛp.ʊð,ɛpʊð,ɛpʊð
ɛp.ɔm,ɛp.ɔm,ɛpɔm,ɛpɔm
ɛp.ɔn,ɛp.ɔn,ɛpɔn,ɛpɔn
ɛp.ɔŋ,ɛp.ɔŋ,ɛpɔŋ,ɛpɔŋ
ɛp.ɔp,ɛp.ɔp,ɛpɔp,ɛpɔp
ɛp.ɔt,ɛp.ɔt,ɛpɔt,ɛpɔt
ɛp.ɔk,ɛp.ɔk,ɛpɔk,ɛpɔk
ɛp.ɔb,ɛp.ɔb,ɛpɔb,ɛpɔb
ɛp.ɔd,ɛp.ɔd,ɛpɔd,ɛpɔd
ɛp.ɔg,ɛp.ɔg,ɛpɔg,ɛpɔg
ɛp.ɔf,ɛp.ɔf,ɛpɔf,ɛpɔf
ɛp.ɔs,ɛp.ɔs,ɛpɔs,ɛpɔs
ɛp.ɔv,ɛp.ɔv,ɛpɔv,ɛpɔv
ɛp.ɔz,ɛp.ɔz,ɛpɔz,ɛpɔz
ɛp.ɔʃ,ɛp.ɔʃ,ɛpɔʃ,ɛpɔʃ
ɛp.ɔʒ,ɛp.ɔʒ,ɛpɔʒ,ɛpɔʒ
ɛp.ɔθ,ɛp.ɔθ,ɛpɔθ,ɛpɔθ
ɛp.ɔð,ɛp.ɔð,ɛpɔð,ɛpɔð
ɛt.ɪm,ɛt.ɪm,ɛtɪm,ɛtɪm
ɛt.ɪn,ɛt.ɪn,ɛtɪn,ɛtɪn
ɛt.ɪŋ,ɛt.ɪŋ,ɛtɪŋ,ɛtɪŋ
ɛt.ɪp,ɛt.ɪp,ɛtɪp,ɛtɪp
ɛt.ɪt,ɛt.ɪt,ɛtɪt,ɛtɪt
ɛt.ɪk,ɛt.ɪk,ɛtɪk,ɛtɪk
ɛt.ɪb,ɛt.ɪb,ɛtɪb,ɛtɪb
ɛt.ɪd,ɛt.ɪd,ɛtɪd,ɛtɪd
ɛt.ɪg,ɛt.ɪg,ɛtɪg,ɛtɪg
ɛt.ɪf,ɛt.ɪf,ɛtɪf,ɛtɪf
ɛt.ɪs,ɛt.ɪs,ɛtɪs,ɛtɪs
ɛt.ɪv,ɛt.ɪv,ɛtɪv,ɛtɪv
ɛt.ɪz,ɛt.ɪz,ɛtɪz,ɛtɪz
ɛt.ɪʃ,ɛt.ɪʃ,ɛtɪʃ,ɛtɪʃ
ɛt.ɪʒ,ɛt.ɪʒ,ɛtɪʒ,ɛtɪʒ
ɛt.ɪθ,ɛt.ɪθ,ɛtɪθ,ɛtɪθ
ɛt.ɪð,ɛt.ɪð,ɛtɪð,ɛtɪð
ɛt.ɛm,ɛt.ɛm,ɛtɛm,ɛtɛm
ɛt.ɛn,ɛt.ɛn,ɛtɛn,ɛtɛn
ɛt.ɛŋ,ɛt.ɛŋ,ɛtɛŋ,ɛtɛŋ
ɛt.ɛp,ɛt.ɛp,ɛtɛp,ɛtɛp
ɛt.ɛt,ɛt.ɛt,ɛtɛt,ɛtɛt
ɛt.ɛk,ɛt.ɛk,ɛtɛk,ɛtɛk
ɛt.ɛb,ɛt.ɛb,ɛtɛb,ɛtɛb
ɛt.ɛd,ɛt.ɛd,ɛtɛd,ɛtɛd
ɛt.ɛg,ɛt.ɛg,ɛtɛg,ɛtɛg
ɛt.ɛf,ɛt.ɛf,ɛtɛf,ɛtɛf
ɛt.ɛs,ɛt.ɛs,ɛtɛs,ɛtɛs
ɛt.ɛv,ɛt.ɛv,ɛtɛv,ɛtɛv
ɛt.ɛz,ɛt.ɛz,ɛtɛz,ɛtɛz
ɛt.ɛʃ,ɛt.ɛʃ,ɛtɛʃ,ɛtɛʃ
ɛt.ɛʒ,ɛt.ɛʒ,ɛtɛʒ,ɛtɛʒ
ɛt.ɛθ,ɛt.ɛθ,ɛtɛθ,ɛtɛθ
ɛt.ɛð,ɛt.ɛð,ɛtɛð,ɛtɛð
ɛt.ʊm,ɛt.ʊm,ɛtʊm,ɛtʊm
ɛt.ʊn,ɛt.ʊn,ɛtʊn,ɛtʊn
ɛt.ʊŋ,ɛt.ʊŋ,ɛtʊŋ,ɛtʊŋ
ɛt.ʊp,ɛt.ʊp,ɛtʊp,ɛtʊp
ɛt.ʊt,ɛt.ʊt,ɛtʊt,ɛtʊt
ɛt.ʊk,ɛt.ʊk,ɛtʊk,ɛtʊk
ɛt.ʊb,ɛt.ʊb,ɛtʊb,ɛtʊb
ɛt.ʊd,ɛt.ʊd,ɛtʊd,ɛtʊd
ɛt.ʊg,ɛt.ʊg,ɛtʊg,ɛtʊg
ɛt.ʊf,ɛt.ʊf,ɛtʊf,ɛtʊf
ɛt.ʊs,ɛt.ʊs,ɛtʊs,ɛtʊs
ɛt.ʊv,ɛt.ʊv,ɛtʊv,ɛtʊv
ɛt.ʊz,ɛt.ʊz,ɛtʊz,ɛtʊz
ɛt.ʊʃ,ɛt.ʊʃ,ɛtʊʃ,ɛtʊʃ
ɛt.ʊʒ,ɛt.ʊʒ,ɛtʊʒ,ɛtʊʒ
ɛt.ʊθ,ɛt.ʊθ,ɛtʊθ,ɛtʊθ
ɛt.ʊð,ɛt.ʊð,ɛtʊð,ɛtʊð
ɛt.ɔm,ɛt.ɔm,ɛtɔm,ɛtɔm
ɛt.ɔn,ɛt.ɔn,ɛtɔn,ɛtɔn
ɛt.ɔŋ,ɛt.ɔŋ,ɛtɔŋ,ɛtɔŋ
ɛt.ɔp,ɛt.ɔp,ɛtɔp,ɛtɔp
ɛt.ɔt,ɛt.ɔt,ɛtɔt,ɛtɔt
ɛt.ɔk,ɛt.ɔk,ɛtɔk,ɛtɔk
ɛt.ɔb,ɛt.ɔb,ɛtɔb,ɛtɔb
ɛt.ɔd,ɛt.ɔd,ɛtɔd,ɛtɔd
ɛt.ɔg,ɛt.ɔg,ɛtɔg,ɛtɔg
ɛt.ɔf,ɛt.ɔf,ɛtɔf,ɛtɔf
ɛt.ɔs,ɛt.ɔs,ɛtɔs,ɛtɔs
ɛt.ɔv,ɛt.ɔv,ɛtɔv,ɛtɔv
ɛt.ɔz,ɛt.ɔz,ɛtɔz,ɛtɔz
ɛt.ɔʃ,ɛt.ɔʃ,ɛtɔʃ,ɛtɔʃ
ɛt.ɔʒ,ɛt.ɔʒ,ɛtɔʒ,ɛtɔʒ
ɛt.ɔθ,ɛt.ɔθ,ɛtɔθ,ɛtɔθ
ɛt.ɔð,ɛt.ɔð,ɛtɔð,ɛtɔð
ɛk.ɪm,ɛk.ɪm,ɛkɪm,ɛkɪm
ɛk.ɪn,ɛk.ɪn,ɛkɪn,ɛkɪn
ɛk.ɪŋ,ɛk.ɪŋ,ɛkɪŋ,ɛkɪŋ
ɛk.ɪp,ɛk.ɪp,ɛkɪp,ɛkɪp
ɛk.ɪt,ɛk.ɪt,ɛkɪt,ɛkɪt
ɛk.ɪk,ɛk.ɪk,ɛkɪk,ɛkɪk
ɛk.ɪb,ɛk.ɪb,ɛkɪb,ɛkɪb
ɛk.ɪd,ɛk.ɪd,ɛkɪd,ɛkɪd
ɛk.ɪg,ɛk.ɪg,ɛkɪg,ɛkɪg
ɛk.ɪf,ɛk.ɪf,ɛkɪf,ɛkɪf
ɛk.ɪs,ɛk.ɪs,ɛkɪs,ɛkɪs
ɛk.ɪv,ɛk.ɪv,ɛkɪv,ɛkɪv
ɛk.ɪz,ɛk.ɪz,ɛkɪz,ɛkɪz
ɛk.ɪʃ,ɛk.ɪʃ,ɛkɪʃ,ɛkɪʃ
ɛk.ɪʒ,ɛk.ɪʒ,ɛkɪʒ,ɛkɪʒ
ɛk.ɪθ,ɛk.ɪθ,ɛkɪθ,ɛkɪθ
ɛk.ɪð,ɛk.ɪð,ɛkɪð,ɛkɪð
ɛk.ɛm,ɛk.ɛm,ɛkɛm,ɛkɛm
ɛk.ɛn,ɛk.ɛn,ɛkɛn,ɛkɛn
ɛk.ɛŋ,ɛk.ɛŋ,ɛkɛŋ,ɛkɛŋ
ɛk.ɛp,ɛk.ɛp,ɛkɛp,ɛkɛp
ɛk.ɛt,ɛk.ɛt,ɛkɛt,ɛkɛt
ɛk.ɛk,ɛk.ɛk,ɛkɛk,ɛkɛk
ɛk.ɛb,ɛk.ɛb,ɛkɛb,ɛkɛb
ɛk.ɛd,ɛk.ɛd,ɛkɛd,ɛkɛd
ɛk.ɛg,ɛk.ɛg,ɛkɛg,ɛkɛg
ɛk.ɛf,ɛk.ɛf,ɛkɛf,ɛkɛf
ɛk.ɛs,ɛk.ɛs,ɛkɛs,ɛkɛs
ɛk.ɛv,ɛk.ɛv,ɛkɛv,ɛkɛv
ɛk.ɛz,ɛk.ɛz,ɛkɛz,ɛkɛz
ɛk.ɛʃ,ɛk.ɛʃ,ɛkɛʃ,ɛkɛʃ
ɛk.ɛʒ,ɛk.ɛʒ,ɛkɛʒ,ɛkɛʒ
ɛk.ɛθ,ɛk.ɛθ,ɛkɛθ,ɛkɛθ
ɛk.ɛð,ɛk.ɛð,ɛkɛð,ɛkɛð
ɛk.ʊm,ɛk.ʊm,ɛkʊm,ɛkʊm
ɛk.ʊn,ɛk.ʊn,ɛkʊn,ɛkʊn
ɛk.ʊŋ,ɛk.ʊŋ,ɛkʊŋ,ɛkʊŋ
ɛk.ʊp,ɛk.ʊp,ɛkʊp,ɛkʊp
ɛk.ʊt,ɛk.ʊt,ɛkʊt,ɛkʊt
ɛk.ʊk,ɛk.ʊk,ɛkʊk,ɛkʊk
ɛk.ʊb,ɛk.ʊb,ɛkʊb,ɛkʊb
ɛk.ʊd,ɛk.ʊd,ɛkʊd,ɛkʊd
ɛk.ʊg,ɛk.ʊg,ɛkʊg,ɛkʊg
ɛk.ʊf,ɛk.ʊf,ɛkʊf,ɛkʊf
ɛk.ʊs,ɛk.ʊs,ɛkʊs,ɛkʊs
ɛk.ʊv,ɛk.ʊv,ɛkʊv,ɛkʊv
ɛk.ʊz,ɛk.ʊz,ɛkʊz,ɛkʊz
ɛk.ʊʃ,ɛk.ʊʃ,ɛkʊʃ,ɛkʊʃ
ɛk.ʊʒ,ɛk.ʊʒ,ɛkʊʒ,ɛkʊʒ
ɛk.ʊθ,ɛk.ʊθ,ɛkʊθ,ɛkʊθ
ɛk.ʊð,ɛk.ʊð,ɛkʊð,ɛkʊð
ɛk.ɔm,ɛk.ɔm,ɛkɔm,ɛkɔm
ɛk.ɔn,ɛk.ɔn,ɛkɔn,ɛkɔn
ɛk.ɔŋ,ɛk.ɔŋ,ɛkɔŋ,ɛkɔŋ
ɛk.ɔp,ɛk.ɔp,ɛkɔp,ɛkɔp
ɛk.ɔt,ɛk.ɔt,ɛkɔt,ɛkɔt
ɛk.ɔk,ɛk.ɔk,ɛkɔk,ɛkɔk
ɛk.ɔb,ɛk.ɔb,ɛkɔb,ɛkɔb
ɛk.ɔd,ɛk.ɔd,ɛkɔd,ɛkɔd
ɛk.ɔg,ɛk.ɔg,ɛkɔg,ɛkɔg
ɛk.ɔf,ɛk.ɔf,ɛkɔf,ɛkɔf
ɛk.ɔs,ɛk.ɔs,ɛkɔs,ɛkɔs
ɛk.ɔv,ɛk.ɔv,ɛkɔv,ɛkɔv
ɛk.ɔz,ɛk.ɔz,ɛkɔz,ɛkɔz
ɛk.ɔʃ,ɛk.ɔʃ,ɛkɔʃ,ɛkɔʃ
ɛk.ɔʒ,ɛk.ɔʒ,ɛkɔʒ,ɛkɔʒ
ɛk.ɔθ,ɛk.ɔθ,ɛkɔθ,ɛkɔθ
ɛk.ɔð,ɛk.ɔð,ɛkɔð,ɛkɔð
ɛb.ɪm,ɛb.ɪm,ɛbɪm,ɛbɪm
ɛb.ɪn,ɛb.ɪn,ɛbɪn,ɛbɪn
ɛb.ɪŋ,ɛb.ɪŋ,ɛbɪŋ,ɛbɪŋ
ɛb.ɪp,ɛb.ɪp,ɛbɪp,ɛbɪp
ɛb.ɪt,ɛb.ɪt,ɛbɪt,ɛbɪt
ɛb.ɪk,ɛb.ɪk,ɛbɪk,ɛbɪk
ɛb.ɪb,ɛb.ɪb,ɛbɪb,ɛbɪb
ɛb.ɪd,ɛb.ɪd,ɛbɪd,ɛbɪd
ɛb.ɪg,ɛb.ɪg,ɛbɪg,ɛbɪg
ɛb.ɪf,ɛb.ɪf,ɛbɪf,ɛbɪf
ɛb.ɪs,ɛb.ɪs,ɛbɪs,ɛbɪs
ɛb.ɪv,ɛb.ɪv,ɛbɪv,ɛbɪv
ɛb.ɪz,ɛb.ɪz,ɛbɪz,ɛbɪz
ɛb.ɪʃ,ɛb.ɪʃ,ɛbɪʃ,ɛbɪʃ
ɛb.ɪʒ,ɛb.ɪʒ,ɛbɪʒ,ɛbɪʒ
ɛb.ɪθ,ɛb.ɪθ,ɛbɪθ,ɛbɪθ
ɛb.ɪð,ɛb.ɪð,ɛbɪð,ɛbɪð
ɛb.ɛm,ɛb.ɛm,ɛbɛm,ɛbɛm
ɛb.ɛn,ɛb.ɛn,ɛbɛn,ɛbɛn
ɛb.ɛŋ,ɛb.ɛŋ,ɛbɛŋ,ɛbɛŋ
ɛb.ɛp,ɛb.ɛp,ɛbɛp,ɛbɛp
ɛb.ɛt,ɛb.ɛt,ɛbɛt,ɛbɛt
ɛb.ɛk,ɛb.ɛk,ɛbɛk,ɛbɛk
ɛb.ɛb,ɛb.ɛb,ɛbɛb,ɛbɛb
ɛb.ɛd,ɛb.ɛd,ɛbɛd,ɛbɛd
ɛb.ɛg,ɛb.ɛg,ɛbɛg,ɛbɛg
ɛb.ɛf,ɛb.ɛf,ɛbɛf,ɛbɛf
ɛb.ɛs,ɛb.ɛs,ɛbɛs,ɛbɛs
ɛb.ɛv,ɛb.ɛv,ɛbɛv,ɛbɛv
ɛb.ɛz,ɛb.ɛz,ɛbɛz,ɛbɛz
ɛb.ɛʃ,ɛb.ɛʃ,ɛbɛʃ,ɛbɛʃ
ɛb.ɛʒ,ɛb.ɛʒ,ɛbɛʒ,ɛbɛʒ
ɛb.ɛθ,ɛb.ɛθ,ɛbɛθ,ɛbɛθ
ɛb.ɛð,ɛb.ɛð,ɛbɛð,ɛbɛð
ɛb.ʊm,ɛb.ʊm,ɛbʊm,ɛbʊm
ɛb.ʊn,ɛb.ʊn,ɛbʊn,ɛbʊn
ɛb.ʊŋ,ɛb.ʊŋ,ɛbʊŋ,ɛbʊŋ
ɛb.ʊp,ɛb.ʊp,ɛbʊp,ɛbʊp
ɛb.ʊt,ɛb.ʊt,ɛbʊt,ɛbʊt
ɛb.ʊk,ɛb.ʊk,ɛbʊk,ɛbʊk
ɛb.ʊb,ɛb.ʊb,ɛbʊb,ɛbʊb
ɛb.ʊd,ɛb.ʊd,ɛbʊd,ɛbʊd
ɛb.ʊg,ɛb.ʊg,ɛbʊg,ɛbʊg
ɛb.ʊf,ɛb.ʊf,ɛbʊf,ɛbʊf
ɛb.ʊs,ɛb.ʊs,ɛbʊs,ɛbʊs
ɛb.ʊv,ɛb.ʊv,ɛbʊv,ɛbʊv
ɛb.ʊz,ɛb.ʊz,ɛbʊz,ɛbʊz
ɛb.ʊʃ,ɛb.ʊʃ,ɛbʊʃ,ɛbʊʃ
ɛb.ʊʒ,ɛb.ʊʒ,ɛbʊʒ,ɛbʊʒ
ɛb.ʊθ,ɛb.ʊθ,ɛbʊθ,ɛbʊθ
ɛb.ʊð,ɛb.ʊð,ɛbʊð,ɛbʊð
ɛb.ɔm,ɛb.ɔm,ɛbɔm,ɛbɔm
ɛb.ɔn,ɛb.ɔn,ɛbɔn,ɛbɔn
ɛb.ɔŋ,ɛb.ɔŋ,ɛbɔŋ,ɛbɔŋ
ɛb.ɔp,ɛb.ɔp,ɛbɔp,ɛbɔp
ɛb.ɔt,ɛb.ɔt,ɛbɔt,ɛbɔt
ɛb.ɔk,ɛb.ɔk,ɛbɔk,ɛbɔk
ɛb.ɔb,ɛb.ɔb,ɛbɔb,ɛbɔb
ɛb.ɔd,ɛb.ɔd,ɛbɔd,ɛbɔd
ɛb.ɔg,ɛb.ɔg,ɛbɔg,ɛbɔg
ɛb.ɔf,ɛb.ɔf,ɛbɔf,ɛbɔf
ɛb.ɔs,ɛb.ɔs,ɛbɔs,ɛbɔs
ɛb.ɔv,ɛb.ɔv,ɛbɔv,ɛbɔv
ɛb.ɔz,ɛb.ɔz,ɛbɔz,ɛbɔz
ɛb.ɔʃ,ɛb.ɔʃ,ɛbɔʃ,ɛbɔʃ
ɛb.ɔʒ,ɛb.ɔʒ,ɛbɔʒ,ɛbɔʒ
ɛb.ɔθ,ɛb.ɔθ,ɛbɔθ,ɛbɔθ
ɛb.ɔð,ɛb.ɔð,ɛbɔð,ɛbɔð
ɛd.ɪm,ɛd.ɪm,ɛdɪm,ɛdɪm
ɛd.ɪn,ɛd.ɪn,ɛdɪn,ɛdɪn
ɛd.ɪŋ,ɛd.ɪŋ,ɛdɪŋ,ɛdɪŋ
ɛd.ɪp,ɛd.ɪp,ɛdɪp,ɛdɪp
ɛd.ɪt,ɛd.ɪt,ɛdɪt,ɛdɪt
ɛd.ɪk,ɛd.ɪk,ɛdɪk,ɛdɪk
ɛd.ɪb,ɛd.ɪb,ɛdɪb,ɛdɪb
ɛd.ɪd,ɛd.ɪd,ɛdɪd,ɛdɪd
ɛd.ɪg,ɛd.ɪg,ɛdɪg,ɛdɪg
ɛd.ɪf,ɛd.ɪf,ɛdɪf,ɛdɪf
ɛd.ɪs,ɛd.ɪs,ɛdɪs,ɛdɪs
ɛd.ɪv,ɛd.ɪv,ɛdɪv,ɛdɪv
ɛd.ɪz,ɛd.ɪz,ɛdɪz,ɛdɪz
ɛd.ɪʃ,ɛd.ɪʃ,ɛdɪʃ,ɛdɪʃ
ɛd.ɪʒ,ɛd.ɪʒ,ɛdɪʒ,ɛdɪʒ
ɛd.ɪθ,ɛd.ɪθ,ɛdɪθ,ɛdɪθ
ɛd.ɪð,ɛd.ɪð,ɛdɪð,ɛdɪð
ɛd.ɛm,ɛd.ɛm,ɛdɛm,ɛdɛm
ɛd.ɛn,ɛd.ɛn,ɛdɛn,ɛdɛn
ɛd.ɛŋ,ɛd.ɛŋ,ɛdɛŋ,ɛdɛŋ
ɛd.ɛp,ɛd.ɛp,ɛdɛp,ɛdɛp
ɛd.ɛt,ɛd.ɛt,ɛdɛt,ɛdɛt
ɛd.ɛk,ɛd.ɛk,ɛdɛk,ɛdɛk
ɛd.ɛb,ɛd.ɛb,ɛdɛb,ɛdɛb
ɛd.ɛd,ɛd.ɛd,ɛdɛd,ɛdɛd
ɛd.ɛg,ɛd.ɛg,ɛdɛg,ɛdɛg
ɛd.ɛf,ɛd.ɛf,ɛdɛf,ɛdɛf
ɛd.ɛs,ɛd.ɛs,ɛdɛs,ɛdɛs
ɛd.ɛv,ɛd.ɛv,ɛdɛv,ɛdɛv
ɛd.ɛz,ɛd.ɛz,ɛdɛz,ɛdɛz
ɛd.ɛʃ,ɛd.ɛʃ,ɛdɛʃ,ɛdɛʃ
ɛd.ɛʒ,ɛd.ɛʒ,ɛdɛʒ,ɛdɛʒ
ɛd.ɛθ,ɛd.ɛθ,ɛdɛθ,ɛdɛθ
ɛd.ɛð,ɛd.ɛð,ɛdɛð,ɛdɛð
ɛd.ʊm,ɛd.ʊm,ɛdʊm,ɛdʊm
ɛd.ʊn,ɛd.ʊn,ɛdʊn,ɛdʊn
ɛd.ʊŋ,ɛd.ʊŋ,ɛdʊŋ,ɛdʊŋ
ɛd.ʊp,ɛd.ʊp,ɛdʊp,ɛdʊp
ɛd.ʊt,ɛd.ʊt,ɛdʊt,ɛdʊt
ɛd.ʊk,ɛd.ʊk,ɛdʊk,ɛdʊk
ɛd.ʊb,ɛd.ʊb,ɛdʊb,ɛdʊb
ɛd.ʊd,ɛd.ʊd,ɛdʊd,ɛdʊd
ɛd.ʊg,ɛd.ʊg,ɛdʊg,ɛdʊg
ɛd.ʊf,ɛd.ʊf,ɛdʊf,ɛdʊf
ɛd.ʊs,ɛd.ʊs,ɛdʊs,ɛdʊs
ɛd.ʊv,ɛd.ʊv,ɛdʊv,ɛdʊv
ɛd.ʊz,ɛd.ʊz,ɛdʊz,ɛdʊz
ɛd.ʊʃ,ɛd.ʊʃ,ɛdʊʃ,ɛdʊʃ
ɛd.ʊʒ,ɛd.ʊʒ,ɛdʊʒ,ɛdʊʒ
ɛd.ʊθ,ɛd.ʊθ,ɛdʊθ,ɛdʊθ
ɛd.ʊð,ɛd.ʊð,ɛdʊð,ɛdʊð
ɛd.ɔm,ɛd.ɔm,ɛdɔm,ɛdɔm
ɛd.ɔn,ɛd.ɔn,ɛdɔn,ɛdɔn
ɛd.ɔŋ,ɛd.ɔŋ,ɛdɔŋ,ɛdɔŋ
ɛd.ɔp,ɛd.ɔp,ɛdɔp,ɛdɔp
ɛd.ɔt,ɛd.ɔt,ɛdɔt,ɛdɔt
ɛd.ɔk,ɛd.ɔk,ɛdɔk,ɛdɔk
ɛd.ɔb,ɛd.ɔb,ɛdɔb,ɛdɔb
ɛd.ɔd,ɛd.ɔd,ɛdɔd,ɛdɔd
ɛd.ɔg,ɛd.ɔg,ɛdɔg,ɛdɔg
ɛd.ɔf,ɛd.ɔf,ɛdɔf,ɛdɔf
ɛd.ɔs,ɛd.ɔs,ɛdɔs,ɛdɔs
ɛd.ɔv,ɛd.ɔv,ɛdɔv,ɛdɔv
ɛd.ɔz,ɛd.ɔz,ɛdɔz,ɛdɔz
ɛd.ɔʃ,ɛd.ɔʃ,ɛdɔʃ,ɛdɔʃ
ɛd.ɔʒ,ɛd.ɔʒ,ɛdɔʒ,ɛdɔʒ
ɛd.ɔθ,ɛd.ɔθ,ɛdɔθ,ɛdɔθ
ɛd.ɔð,ɛd.ɔð,ɛdɔð,ɛdɔð
ɛg.ɪm,ɛg.ɪm,ɛgɪm,ɛgɪm
ɛg.ɪn,ɛg.ɪn,ɛgɪn,ɛgɪn
ɛg.ɪŋ,ɛg.ɪŋ,ɛgɪŋ,ɛgɪŋ
ɛg.ɪp,ɛg.ɪp,ɛgɪp,ɛgɪp
ɛg.ɪt,ɛg.ɪt,ɛgɪt,ɛgɪt
ɛg.ɪk,ɛg.ɪk,ɛgɪk,ɛgɪk
ɛg.ɪb,ɛg.ɪb,ɛgɪb,ɛgɪb
ɛg.ɪd,ɛg.ɪd,ɛgɪd,ɛgɪd
ɛg.ɪg,ɛg.ɪg,ɛgɪg,ɛgɪg
ɛg.ɪf,ɛg.ɪf,ɛgɪf,ɛgɪf
ɛg.ɪs,ɛg.ɪs,ɛgɪs,ɛgɪs
ɛg.ɪv,ɛg.ɪv,ɛgɪv,ɛgɪv
ɛg.ɪz,ɛg.ɪz,ɛgɪz,ɛgɪz
ɛg.ɪʃ,ɛg.ɪʃ,ɛgɪʃ,ɛgɪʃ
ɛg.ɪʒ,ɛg.ɪʒ,ɛgɪʒ,ɛgɪʒ
ɛg.ɪθ,ɛg.ɪθ,ɛgɪθ,ɛgɪθ
ɛg.ɪð,ɛg.ɪð,ɛgɪð,ɛgɪð
ɛg.ɛm,ɛg.ɛm,ɛgɛm,ɛgɛm
ɛg.ɛn,ɛg.ɛn,ɛgɛn,ɛgɛn
ɛg.ɛŋ,ɛg.ɛŋ,ɛgɛŋ,ɛgɛŋ
ɛg.ɛp,ɛg.ɛp,ɛgɛp,ɛgɛp
ɛg.ɛt,ɛg.ɛt,ɛgɛt,ɛgɛt
ɛg.ɛk,ɛg.ɛk,ɛgɛk,ɛgɛk
ɛg.ɛb,ɛg.ɛb,ɛgɛb,ɛgɛb
ɛg.ɛd,ɛg.ɛd,ɛgɛd,ɛgɛd
ɛg.ɛg,ɛg.ɛg,ɛgɛg,ɛgɛg
ɛg.ɛf,ɛg.ɛf,ɛgɛf,ɛgɛf
ɛg.ɛs,ɛg.ɛs,ɛgɛs,ɛgɛs
ɛg.ɛv,ɛg.ɛv,ɛgɛv,ɛgɛv
ɛg.ɛz,ɛg.ɛz,ɛgɛz,ɛgɛz
ɛg.ɛʃ,ɛg.ɛʃ,ɛgɛʃ,ɛgɛʃ
ɛg.ɛʒ,ɛg.ɛʒ,ɛgɛʒ,ɛgɛʒ
ɛg.ɛθ,ɛg.ɛθ,ɛgɛθ,ɛgɛθ
ɛg.ɛð,ɛg.ɛð,ɛgɛð,ɛgɛð
ɛg.ʊm,ɛg.ʊm,ɛgʊm,ɛgʊm
ɛg.ʊn,ɛg.ʊn,ɛgʊn,ɛgʊn
ɛg.ʊŋ,ɛg.ʊŋ,ɛgʊŋ,ɛgʊŋ
ɛg.ʊp,ɛg.ʊp,ɛgʊp,ɛgʊp
ɛg.ʊt,ɛg.ʊt,ɛgʊt,ɛgʊt
ɛg.ʊk,ɛg.ʊk,ɛgʊk,ɛgʊk
ɛg.ʊb,ɛg.ʊb,ɛgʊb,ɛgʊb
ɛg.ʊd,ɛg.ʊd,ɛgʊd,ɛgʊd
ɛg.ʊg,ɛg.ʊg,ɛgʊg,ɛgʊg
ɛg.ʊf,ɛg.ʊf,ɛgʊf,ɛgʊf
ɛg.ʊs,ɛg.ʊs,ɛgʊs,ɛgʊs
ɛg.ʊv,ɛg.ʊv,ɛgʊv,ɛgʊv
ɛg.ʊz,ɛg.ʊz,ɛgʊz,ɛgʊz
ɛg.ʊʃ,ɛg.ʊʃ,ɛgʊʃ,ɛgʊʃ
ɛg.ʊʒ,ɛg.ʊʒ,ɛgʊʒ,ɛgʊʒ
ɛg.ʊθ,ɛg.ʊθ,ɛgʊθ,ɛgʊθ
ɛg.ʊð,ɛg.ʊð,ɛgʊð,ɛgʊð
ɛg.ɔm,ɛg.ɔm,ɛgɔm,ɛgɔm
ɛg.ɔn,ɛg.ɔn,ɛgɔn,ɛgɔn
ɛg.ɔŋ,ɛg.ɔŋ,ɛgɔŋ,ɛgɔŋ
ɛg.ɔp,ɛg.ɔp,ɛgɔp,ɛgɔp
ɛg.ɔt,ɛg.ɔt,ɛgɔt,ɛgɔt
ɛg.ɔk,ɛg.ɔk,ɛgɔk,ɛgɔk
ɛg.ɔb,ɛg.ɔb,ɛgɔb,ɛgɔb
ɛg.ɔd,ɛg.ɔd,ɛgɔd,ɛgɔd
ɛg.ɔg,ɛg.ɔg,ɛgɔg,ɛgɔg
ɛg.ɔf,ɛg.ɔf,ɛgɔf,ɛgɔf
ɛg.ɔs,ɛg.ɔs,ɛgɔs,ɛgɔs
ɛg.ɔv,ɛg.ɔv,ɛgɔv,ɛgɔv
ɛg.ɔz,ɛg.ɔz,ɛgɔz,ɛgɔz
ɛg.ɔʃ,ɛg.ɔʃ,ɛgɔʃ,ɛgɔʃ
ɛg.ɔʒ,ɛg.ɔʒ,ɛgɔʒ,ɛgɔʒ
ɛg.ɔθ,ɛg.ɔθ,ɛgɔθ,ɛgɔθ
ɛg.ɔð,ɛg.ɔð,ɛgɔð,ɛgɔð
ɛf.ɪm,ɛf.ɪm,ɛfɪm,ɛfɪm
ɛf.ɪn,ɛf.ɪn,ɛfɪn,ɛfɪn
ɛf.ɪŋ,ɛf.ɪŋ,ɛfɪŋ,ɛfɪŋ
ɛf.ɪp,ɛf.ɪp,ɛfɪp,ɛfɪp
ɛf.ɪt,ɛf.ɪt,ɛfɪt,ɛfɪt
ɛf.ɪk,ɛf.ɪk,ɛfɪk,ɛfɪk
ɛf.ɪb,ɛf.ɪb,ɛfɪb,ɛfɪb
ɛf.ɪd,ɛf.ɪd,ɛfɪd,ɛfɪd
ɛf.ɪg,ɛf.ɪg,ɛfɪg,ɛfɪg
ɛf.ɪf,ɛf.ɪf,ɛfɪf,ɛfɪf
ɛf.ɪs,ɛf.ɪs,ɛfɪs,ɛfɪs
ɛf.ɪv,ɛf.ɪv,ɛfɪv,ɛfɪv
ɛf.ɪz,ɛf.ɪz,ɛfɪz,ɛfɪz
ɛf.ɪʃ,ɛf.ɪʃ,ɛfɪʃ,ɛfɪʃ
ɛf.ɪʒ,ɛf.ɪʒ,ɛfɪʒ,ɛfɪʒ
ɛf.ɪθ,ɛf.ɪθ,ɛfɪθ,ɛfɪθ
ɛf.ɪð,ɛf.ɪð,ɛfɪð,ɛfɪð
ɛf.ɛm,ɛf.ɛm,ɛfɛm,ɛfɛm
ɛf.ɛn,ɛf.ɛn,ɛfɛn,ɛfɛn
ɛf.ɛŋ,ɛf.ɛŋ,ɛfɛŋ,ɛfɛŋ
ɛf.ɛp,ɛf.ɛp,ɛfɛp,ɛfɛp
ɛf.ɛt,ɛf.ɛt,ɛfɛt,ɛfɛt
ɛf.ɛk,ɛf.ɛk,ɛfɛk,ɛfɛk
ɛf.ɛb,ɛf.ɛb,ɛfɛb,ɛfɛb
ɛf.ɛd,ɛf.ɛd,ɛfɛd,ɛfɛd
ɛf.ɛg,ɛf.ɛg,ɛfɛg,ɛfɛg
ɛf.ɛf,ɛf.ɛf,ɛfɛf,ɛfɛf
ɛf.ɛs,ɛf.ɛs,ɛfɛs,ɛfɛs
ɛf.ɛv,ɛf.ɛv,ɛfɛv,ɛfɛv
ɛf.ɛz,ɛf.ɛz,ɛfɛz,ɛfɛz
ɛf.ɛʃ,ɛf.ɛʃ,ɛfɛʃ,ɛfɛʃ
ɛf.ɛʒ,ɛf.ɛʒ,ɛfɛʒ,ɛfɛʒ
ɛf.ɛθ,ɛf.ɛθ,ɛfɛθ,ɛfɛθ
ɛf.ɛð,ɛf.ɛð,ɛfɛð,ɛfɛð
ɛf.ʊm,ɛf.ʊm,ɛfʊm,ɛfʊm
ɛf.ʊn,ɛf.ʊn,ɛfʊn,ɛfʊn
ɛf.ʊŋ,ɛf.ʊŋ,ɛfʊŋ,ɛfʊŋ
ɛf.ʊp,ɛf.ʊp,ɛfʊp,ɛfʊp
ɛf.ʊt,ɛf.ʊt,ɛfʊt,ɛfʊt
ɛf.ʊk,ɛf.ʊk,ɛfʊk,ɛfʊk
ɛf.ʊb,ɛf.ʊb,ɛfʊb,ɛfʊb
ɛf.ʊd,ɛf.ʊd,ɛfʊd,ɛfʊd
ɛf.ʊg,ɛf.ʊg,ɛfʊg,ɛfʊg
ɛf.ʊf,ɛf.ʊf,ɛfʊf,ɛfʊf
ɛf.ʊs,ɛf.ʊs,ɛfʊs,ɛfʊs
ɛf.ʊv,ɛf.ʊv,ɛfʊv,ɛfʊv
ɛf.ʊz,ɛf.ʊz,ɛfʊz,ɛfʊz
ɛf.ʊʃ,ɛf.ʊʃ,ɛfʊʃ,ɛfʊʃ
ɛf.ʊʒ,ɛf.ʊʒ,ɛfʊʒ,ɛfʊʒ
ɛf.ʊθ,ɛf.ʊθ,ɛfʊθ,ɛfʊθ
ɛf.ʊð,ɛf.ʊð,ɛfʊð,ɛfʊð
ɛf.ɔm,ɛf.ɔm,ɛfɔm,ɛfɔm
ɛf.ɔn,ɛf.ɔn,ɛfɔn,ɛfɔn
ɛf.ɔŋ,ɛf.ɔŋ,ɛfɔŋ,ɛfɔŋ
ɛf.ɔp,ɛf.ɔp,ɛfɔp,ɛfɔp
ɛf.ɔt,ɛf.ɔt,ɛfɔt,ɛfɔt
ɛf.ɔk,ɛf.ɔk,ɛfɔk,ɛfɔk
ɛf.ɔb,ɛf.ɔb,ɛfɔb,ɛfɔb
ɛf.ɔd,ɛf.ɔd,ɛfɔd,ɛfɔd
ɛf.ɔg,ɛf.ɔg,ɛfɔg,ɛfɔg
ɛf.ɔf,ɛf.ɔf,ɛfɔf,ɛfɔf
ɛf.ɔs,ɛf.ɔs,ɛfɔs,ɛfɔs
ɛf.ɔv,ɛf.ɔv,ɛfɔv,ɛfɔv
ɛf.ɔz,ɛf.ɔz,ɛfɔz,ɛfɔz
ɛf.ɔʃ,ɛf.ɔʃ,ɛfɔʃ,ɛfɔʃ
ɛf.ɔʒ,ɛf.ɔʒ,ɛfɔʒ,ɛfɔʒ
ɛf.ɔθ,ɛf.ɔθ,ɛfɔθ,ɛfɔθ
ɛf.ɔð,ɛf.ɔð,ɛfɔð,ɛfɔð
ɛs.ɪm,ɛs.ɪm,ɛsɪm,ɛsɪm
ɛs.ɪn,ɛs.ɪn,ɛsɪn,ɛsɪn
ɛs.ɪŋ,ɛs.ɪŋ,ɛsɪŋ,ɛsɪŋ
ɛs.ɪp,ɛs.ɪp,ɛsɪp,ɛsɪp
ɛs.ɪt,ɛs.ɪt,ɛsɪt,ɛsɪt
ɛs.ɪk,ɛs.ɪk,ɛsɪk,ɛsɪk
ɛs.ɪb,ɛs.ɪb,ɛsɪb,ɛsɪb
ɛs.ɪd,ɛs.ɪd,ɛsɪd,ɛsɪd
ɛs.ɪg,ɛs.ɪg,ɛsɪg,ɛsɪg
ɛs.ɪf,ɛs.ɪf,ɛsɪf,ɛsɪf
ɛs.ɪs,ɛs.ɪs,ɛsɪs,ɛsɪs
ɛs.ɪv,ɛs.ɪv,ɛsɪv,ɛsɪv
ɛs.ɪz,ɛs.ɪz,ɛsɪz,ɛsɪz
ɛs.ɪʃ,ɛs.ɪʃ,ɛsɪʃ,ɛsɪʃ
ɛs.ɪʒ,ɛs.ɪʒ,ɛsɪʒ,ɛsɪʒ
ɛs.ɪθ,ɛs.ɪθ,ɛsɪθ,ɛsɪθ
ɛs.ɪð,ɛs.ɪð,ɛsɪð,ɛsɪð
ɛs.ɛm,ɛs.ɛm,ɛsɛm,ɛsɛm
ɛs.ɛn,ɛs.ɛn,ɛsɛn,ɛsɛn
ɛs.ɛŋ,ɛs.ɛŋ,ɛsɛŋ,ɛsɛŋ
ɛs.ɛp,ɛs.ɛp,ɛsɛp,ɛsɛp
ɛs.ɛt,ɛs.ɛt,ɛsɛt,ɛsɛt
ɛs.ɛk,ɛs.ɛk,ɛsɛk,ɛsɛk
ɛs.ɛb,ɛs.ɛb,ɛsɛb,ɛsɛb
ɛs.ɛd,ɛs.ɛd,ɛsɛd,ɛsɛd
ɛs.ɛg,ɛs.ɛg,ɛsɛg,ɛsɛg
ɛs.ɛf,ɛs.ɛf,ɛsɛf,ɛsɛf
ɛs.ɛs,ɛs.ɛs,ɛsɛs,ɛsɛs
ɛs.ɛv,ɛs.ɛv,ɛsɛv,ɛsɛv
ɛs.ɛz,ɛs.ɛz,ɛsɛz,ɛsɛz
ɛs.ɛʃ,ɛs.ɛʃ,ɛsɛʃ,ɛsɛʃ
ɛs.ɛʒ,ɛs.ɛʒ,ɛsɛʒ,ɛsɛʒ
ɛs.ɛθ,ɛs.ɛθ,ɛsɛθ,ɛsɛθ
ɛs.ɛð,ɛs.ɛð,ɛsɛð,ɛsɛð
ɛs.ʊm,ɛs.ʊm,ɛsʊm,ɛsʊm
ɛs.ʊn,ɛs.ʊn,ɛsʊn,ɛsʊn
ɛs.ʊŋ,ɛs.ʊŋ,ɛsʊŋ,ɛsʊŋ
ɛs.ʊp,ɛs.ʊp,ɛsʊp,ɛsʊp
ɛs.ʊt,ɛs.ʊt,ɛsʊt,ɛsʊt
ɛs.ʊk,ɛs.ʊk,ɛsʊk,ɛsʊk
ɛs.ʊb,ɛs.ʊb,ɛsʊb,ɛsʊb
ɛs.ʊd,ɛs.ʊd,ɛsʊd,ɛsʊd
ɛs.ʊg,ɛs.ʊg,ɛsʊg,ɛsʊg
ɛs.ʊf,ɛs.ʊf,ɛsʊf,ɛsʊf
ɛs.ʊs,ɛs.ʊs,ɛsʊs,ɛsʊs
ɛs.ʊv,ɛs.ʊv,ɛsʊv,ɛsʊv
ɛs.ʊz,ɛs.ʊz,ɛsʊz,ɛsʊz
ɛs.ʊʃ,ɛs.ʊʃ,ɛsʊʃ,ɛsʊʃ
ɛs.ʊʒ,ɛs.ʊʒ,ɛsʊʒ,ɛsʊʒ
ɛs.ʊθ,ɛs.ʊθ,ɛsʊθ,ɛsʊθ
ɛs.ʊð,ɛs.ʊð,ɛsʊð,ɛsʊð
ɛs.ɔm,ɛs.ɔm,ɛsɔm,ɛsɔm
ɛs.ɔn,ɛs.ɔn,ɛsɔn,ɛsɔn
ɛs.ɔŋ,ɛs.ɔŋ,ɛsɔŋ,ɛsɔŋ
ɛs.ɔp,ɛs.ɔp,ɛsɔp,ɛsɔp
ɛs.ɔt,ɛs.ɔt,ɛsɔt,ɛsɔt
ɛs.ɔk,ɛs.ɔk,ɛsɔk,ɛsɔk
ɛs.ɔb,ɛs.ɔb,ɛsɔb,ɛsɔb
ɛs.ɔd,ɛs.ɔd,ɛsɔd,ɛsɔd
ɛs.ɔg,ɛs.ɔg,ɛsɔg,ɛsɔg
ɛs.ɔf,ɛs.ɔf,ɛsɔf,ɛsɔf
ɛs.ɔs,ɛs.ɔs,ɛsɔs,ɛsɔs
ɛs.ɔv,ɛs.ɔv,ɛsɔv,ɛsɔv
ɛs.ɔz,ɛs.ɔz,ɛsɔz,ɛsɔz
ɛs.ɔʃ,ɛs.ɔʃ,ɛsɔʃ,ɛsɔʃ
ɛs.ɔʒ,ɛs.ɔʒ,ɛsɔʒ,ɛsɔʒ
ɛs.ɔθ,ɛs.ɔθ,ɛsɔθ,ɛsɔθ
ɛs.ɔð,ɛs.ɔð,ɛsɔð,ɛsɔð
ɛv.ɪm,ɛv.ɪm,ɛvɪm,ɛvɪm
ɛv.ɪn,ɛv.ɪn,ɛvɪn,ɛvɪn
ɛv.ɪŋ,ɛv.ɪŋ,ɛvɪŋ,ɛvɪŋ
ɛv.ɪp,ɛv.ɪp,ɛvɪp,ɛvɪp
ɛv.ɪt,ɛv.ɪt,ɛvɪt,ɛvɪt
ɛv.ɪk,ɛv.ɪk,ɛvɪk,ɛvɪk
ɛv.ɪb,ɛv.ɪb,ɛvɪb,ɛvɪb
ɛv.ɪd,ɛv.ɪd,ɛvɪd,ɛvɪd
ɛv.ɪg,ɛv.ɪg,ɛvɪg,ɛvɪg
ɛv.ɪf,ɛv.ɪf,ɛvɪf,ɛvɪf
ɛv.ɪs,ɛv.ɪs,ɛvɪs,ɛvɪs
ɛv.ɪv,ɛv.ɪv,ɛvɪv,ɛvɪv
ɛv.ɪz,ɛv.ɪz,ɛvɪz,ɛvɪz
ɛv.ɪʃ,ɛv.ɪʃ,ɛvɪʃ,ɛvɪʃ
ɛv.ɪʒ,ɛv.ɪʒ,ɛvɪʒ,ɛvɪʒ
ɛv.ɪθ,ɛv.ɪθ,ɛvɪθ,ɛvɪθ
ɛv.ɪð,ɛv.ɪð,ɛvɪð,ɛvɪð
ɛv.ɛm,ɛv.ɛm,ɛvɛm,ɛvɛm
ɛv.ɛn,ɛv.ɛn,ɛvɛn,ɛvɛn
ɛv.ɛŋ,ɛv.ɛŋ,ɛvɛŋ,ɛvɛŋ
ɛv.ɛp,ɛv.ɛp,ɛvɛp,ɛvɛp
ɛv.ɛt,ɛv.ɛt,ɛvɛt,ɛvɛt
ɛv.ɛk,ɛv.ɛk,ɛvɛk,ɛvɛk
ɛv.ɛb,ɛv.ɛb,ɛvɛb,ɛvɛb
ɛv.ɛd,ɛv.ɛd,ɛvɛd,ɛvɛd
ɛv.ɛg,ɛv.ɛg,ɛvɛg,ɛvɛg
ɛv.ɛf,ɛv.ɛf,ɛvɛf,ɛvɛf
ɛv.ɛs,ɛv.ɛs,ɛvɛs,ɛvɛs
ɛv.ɛv,ɛv.ɛv,ɛvɛv,ɛvɛv
ɛv.ɛz,ɛv.ɛz,ɛvɛz,ɛvɛz
ɛv.ɛʃ,ɛv.ɛʃ,ɛvɛʃ,ɛvɛʃ
ɛv.ɛʒ,ɛv.ɛʒ,ɛvɛʒ,ɛvɛʒ
ɛv.ɛθ,ɛv.ɛθ,ɛvɛθ,ɛvɛθ
ɛv.ɛð,ɛv.ɛð,ɛvɛð,ɛvɛð
ɛv.ʊm,ɛv.ʊm,ɛvʊm,ɛvʊm
ɛv.ʊn,ɛv.ʊn,ɛvʊn,ɛvʊn
ɛv.ʊŋ,ɛv.ʊŋ,ɛvʊŋ,ɛvʊŋ
ɛv.ʊp,ɛv.ʊp,ɛvʊp,ɛvʊp
ɛv.ʊt,ɛv.ʊt,ɛvʊt,ɛvʊt
ɛv.ʊk,ɛv.ʊk,ɛvʊk,ɛvʊk
ɛv.ʊb,ɛv.ʊb,ɛvʊb,ɛvʊb
ɛv.ʊd,ɛv.ʊd,ɛvʊd,ɛvʊd
ɛv.ʊg,ɛv.ʊg,ɛvʊg,ɛvʊg
ɛv.ʊf,ɛv.ʊf,ɛvʊf,ɛvʊf
ɛv.ʊs,ɛv.ʊs,ɛvʊs,ɛvʊs
ɛv.ʊv,ɛv.ʊv,ɛvʊv,ɛvʊv
ɛv.ʊz,ɛv.ʊz,ɛvʊz,ɛvʊz
ɛv.ʊʃ,ɛv.ʊʃ,ɛvʊʃ,ɛvʊʃ
ɛv.ʊʒ,ɛv.ʊʒ,ɛvʊʒ,ɛvʊʒ
ɛv.ʊθ,ɛv.ʊθ,ɛvʊθ,ɛvʊθ
ɛv.ʊð,ɛv.ʊð,ɛvʊð,ɛvʊð
ɛv.ɔm,ɛv.ɔm,ɛvɔm,ɛvɔm
ɛv.ɔn,ɛv.ɔn,ɛvɔn,ɛvɔn
ɛv.ɔŋ,ɛv.ɔŋ,ɛvɔŋ,ɛvɔŋ
ɛv.ɔp,ɛv.ɔp,ɛvɔp,ɛvɔp
ɛv.ɔt,ɛv.ɔt,ɛvɔt,ɛvɔt
ɛv.ɔk,ɛv.ɔk,ɛvɔk,ɛvɔk
ɛv.ɔb,ɛv.ɔb,ɛvɔb,ɛvɔb
ɛv.ɔd,ɛv.ɔd,ɛvɔd,ɛvɔd
ɛv.ɔg,ɛv.ɔg,ɛvɔg,ɛvɔg
ɛv.ɔf,ɛv.ɔf,ɛvɔf,ɛvɔf
ɛv.ɔs,ɛv.ɔs,ɛvɔs,ɛvɔs
ɛv.ɔv,ɛv.ɔv,ɛvɔv,ɛvɔv
ɛv.ɔz,ɛv.ɔz,ɛvɔz,ɛvɔz
ɛv.ɔʃ,ɛv.ɔʃ,ɛvɔʃ,ɛvɔʃ
ɛv.ɔʒ,ɛv.ɔʒ,ɛvɔʒ,ɛvɔʒ
ɛv.ɔθ,ɛv.ɔθ,ɛvɔθ,ɛvɔθ
ɛv.ɔð,ɛv.ɔð,ɛvɔð,ɛvɔð
ɛz.ɪm,ɛz.ɪm,ɛzɪm,ɛzɪm
ɛz.ɪn,ɛz.ɪn,ɛzɪn,ɛzɪn
ɛz.ɪŋ,ɛz.ɪŋ,ɛzɪŋ,ɛzɪŋ
ɛz.ɪp,ɛz.ɪp,ɛzɪp,ɛzɪp
ɛz.ɪt,ɛz.ɪt,ɛzɪt,ɛzɪt
ɛz.ɪk,ɛz.ɪk,ɛzɪk,ɛzɪk
ɛz.ɪb,ɛz.ɪb,ɛzɪb,ɛzɪb
ɛz.ɪd,ɛz.ɪd,ɛzɪd,ɛzɪd
ɛz.ɪg,ɛz.ɪg,ɛzɪg,ɛzɪg
ɛz.ɪf,ɛz.ɪf,ɛzɪf,ɛzɪf
ɛz.ɪs,ɛz.ɪs,ɛzɪs,ɛzɪs
ɛz.ɪv,ɛz.ɪv,ɛzɪv,ɛzɪv
ɛz.ɪz,ɛz.ɪz,ɛzɪz,ɛzɪz
ɛz.ɪʃ,ɛz.ɪʃ,ɛzɪʃ,ɛzɪʃ
ɛz.ɪʒ,ɛz.ɪʒ,ɛzɪʒ,ɛzɪʒ
ɛz.ɪθ,ɛz.ɪθ,ɛzɪθ,ɛzɪθ
ɛz.ɪð,ɛz.ɪð,ɛzɪð,ɛzɪð
ɛz.ɛm,ɛz.ɛm,ɛzɛm,ɛzɛm
ɛz.ɛn,ɛz.ɛn,ɛzɛn,ɛzɛn
ɛz.ɛŋ,ɛz.ɛŋ,ɛzɛŋ,ɛzɛŋ
ɛz.ɛp,ɛz.ɛp,ɛzɛp,ɛzɛp
ɛz.ɛt,ɛz.ɛt,ɛzɛt,ɛzɛt
ɛz.ɛk,ɛz.ɛk,ɛzɛk,ɛzɛk
ɛz.ɛb,ɛz.ɛb,ɛzɛb,ɛzɛb
ɛz.ɛd,ɛz.ɛd,ɛzɛd,ɛzɛd
ɛz.ɛg,ɛz.ɛg,ɛzɛg,ɛzɛg
ɛz.ɛf,ɛz.ɛf,ɛzɛf,ɛzɛf
ɛz.ɛs,ɛz.ɛs,ɛzɛs,ɛzɛs
ɛz.ɛv,ɛz.ɛv,ɛzɛv,ɛzɛv
ɛz.ɛz,ɛz.ɛz,ɛzɛz,ɛzɛz
ɛz.ɛʃ,ɛz.ɛʃ,ɛzɛʃ,ɛzɛʃ
ɛz.ɛʒ,ɛz.ɛʒ,ɛzɛʒ,ɛzɛʒ
ɛz.ɛθ,ɛz.ɛθ,ɛzɛθ,ɛzɛθ
ɛz.ɛð,ɛz.ɛð,ɛzɛð,ɛzɛð
ɛz.ʊm,ɛz.ʊm,ɛzʊm,ɛzʊm
ɛz.ʊn,ɛz.ʊn,ɛzʊn,ɛzʊn
ɛz.ʊŋ,ɛz.ʊŋ,ɛzʊŋ,ɛzʊŋ
ɛz.ʊp,ɛz.ʊp,ɛzʊp,ɛzʊp
ɛz.ʊt,ɛz.ʊt,ɛzʊt,ɛzʊt
ɛz.ʊk,ɛz.ʊk,ɛzʊk,ɛzʊk
ɛz.ʊb,ɛz.ʊb,ɛzʊb,ɛzʊb
ɛz.ʊd,ɛz.ʊd,ɛzʊd,ɛzʊd
ɛz.ʊg,ɛz.ʊg,ɛzʊg,ɛzʊg
ɛz.ʊf,ɛz.ʊf,ɛzʊf,ɛzʊf
ɛz.ʊs,ɛz.ʊs,ɛzʊs,ɛzʊs
ɛz.ʊv,ɛz.ʊv,ɛzʊv,ɛzʊv
ɛz.ʊz,ɛz.ʊz,ɛzʊz,ɛzʊz
ɛz.ʊʃ,ɛz.ʊʃ,ɛzʊʃ,ɛzʊʃ
ɛz.ʊʒ,ɛz.ʊʒ,ɛzʊʒ,ɛzʊʒ
ɛz.ʊθ,ɛz.ʊθ,ɛzʊθ,ɛzʊθ
ɛz.ʊð,ɛz.ʊð,ɛzʊð,ɛzʊð
ɛz.ɔm,ɛz.ɔm,ɛzɔm,ɛzɔm
ɛz.ɔn,ɛz.ɔn,ɛzɔn,ɛzɔn
ɛz.ɔŋ,ɛz.ɔŋ,ɛzɔŋ,ɛzɔŋ
ɛz.ɔp,ɛz.ɔp,ɛzɔp,ɛzɔp
ɛz.ɔt,ɛz.ɔt,ɛzɔt,ɛzɔt
ɛz.ɔk,ɛz.ɔk,ɛzɔk,ɛzɔk
ɛz.ɔb,ɛz.ɔb,ɛzɔb,ɛzɔb
ɛz.ɔd,ɛz.ɔd,ɛzɔd,ɛzɔd
ɛz.ɔg,ɛz.ɔg,ɛzɔg,ɛzɔg
ɛz.ɔf,ɛz.ɔf,ɛzɔf,ɛzɔf
ɛz.ɔs,ɛz.ɔs,ɛzɔs,ɛzɔs
ɛz.ɔv,ɛz.ɔv,ɛzɔv,ɛzɔv
ɛz.ɔz,ɛz.ɔz,ɛzɔz,ɛzɔz
ɛz.ɔʃ,ɛz.ɔʃ,ɛzɔʃ,ɛzɔʃ
ɛz.ɔʒ,ɛz.ɔʒ,ɛzɔʒ,ɛzɔʒ
ɛz.ɔθ,ɛz.ɔθ,ɛzɔθ,ɛzɔθ
ɛz.ɔð,ɛz.ɔð,ɛzɔð,ɛzɔð
ɛʃ.ɪm,ɛʃ.ɪm,ɛʃɪm,ɛʃɪm
ɛʃ.ɪn,ɛʃ.ɪn,ɛʃɪn,ɛʃɪn
ɛʃ.ɪŋ,ɛʃ.ɪŋ,ɛʃɪŋ,ɛʃɪŋ
ɛʃ.ɪp,ɛʃ.ɪp,ɛʃɪp,ɛʃɪp
ɛʃ.ɪt,ɛʃ.ɪt,ɛʃɪt,ɛʃɪt
ɛʃ.ɪk,ɛʃ.ɪk,ɛʃɪk,ɛʃɪk
ɛʃ.ɪb,ɛʃ.ɪb,ɛʃɪb,ɛʃɪb
ɛʃ.ɪd,ɛʃ.ɪd,ɛʃɪd,ɛʃɪd
ɛʃ.ɪg,ɛʃ.ɪg,ɛʃɪg,ɛʃɪg
ɛʃ.ɪf,ɛʃ.ɪf,ɛʃɪf,ɛʃɪf
ɛʃ.ɪs,ɛʃ.ɪs,ɛʃɪs,ɛʃɪs
ɛʃ.ɪv,ɛʃ.ɪv,ɛʃɪv,ɛʃɪv
ɛʃ.ɪz,ɛʃ.ɪz,ɛʃɪz,ɛʃɪz
ɛʃ.ɪʃ,ɛʃ.ɪʃ,ɛʃɪʃ,ɛʃɪʃ
ɛʃ.ɪʒ,ɛʃ.ɪʒ,ɛʃɪʒ,ɛʃɪʒ
ɛʃ.ɪθ,ɛʃ.ɪθ,ɛʃɪθ,ɛʃɪθ
ɛʃ.ɪð,ɛʃ.ɪð,ɛʃɪð,ɛʃɪð
ɛʃ.ɛm,ɛʃ.ɛm,ɛʃɛm,ɛʃɛm
ɛʃ.ɛn,ɛʃ.ɛn,ɛʃɛn,ɛʃɛn
ɛʃ.ɛŋ,ɛʃ.ɛŋ,ɛʃɛŋ,ɛʃɛŋ
ɛʃ.ɛp,ɛʃ.ɛp,ɛʃɛp,ɛʃɛp
ɛʃ.ɛt,ɛʃ.ɛt,ɛʃɛt,ɛʃɛt
ɛʃ.ɛk,ɛʃ.ɛk,ɛʃɛk,ɛʃɛk
ɛʃ.ɛb,ɛʃ.ɛb,ɛʃɛb,ɛʃɛb
ɛʃ.ɛd,ɛʃ.ɛd,ɛʃɛd,ɛʃɛd
ɛʃ.ɛg,ɛʃ.ɛg,ɛʃɛg,ɛʃɛg
ɛʃ.ɛf,ɛʃ.ɛf,ɛʃɛf,ɛʃɛf
ɛʃ.ɛs,ɛʃ.ɛs,ɛʃɛs,ɛʃɛs
ɛʃ.ɛv,ɛʃ.ɛv,ɛʃɛv,ɛʃɛv
ɛʃ.ɛz,ɛʃ.ɛz,ɛʃɛz,ɛʃɛz
ɛʃ.ɛʃ,ɛʃ.ɛʃ,ɛʃɛʃ,ɛʃɛʃ
ɛʃ.ɛʒ,ɛʃ.ɛʒ,ɛʃɛʒ,ɛʃɛʒ
ɛʃ.ɛθ,ɛʃ.ɛθ,ɛʃɛθ,ɛʃɛθ
ɛʃ.ɛð,ɛʃ.ɛð,ɛʃɛð,ɛʃɛð
ɛʃ.ʊm,ɛʃ.ʊm,ɛʃʊm,ɛʃʊm
ɛʃ.ʊn,ɛʃ.ʊn,ɛʃʊn,ɛʃʊn
ɛʃ.ʊŋ,ɛʃ.ʊŋ,ɛʃʊŋ,ɛʃʊŋ
ɛʃ.ʊp,ɛʃ.ʊp,ɛʃʊp,ɛʃʊp
ɛʃ.ʊt,ɛʃ.ʊt,ɛʃʊt,ɛʃʊt
ɛʃ.ʊk,ɛʃ.ʊk,ɛʃʊk,ɛʃʊk
ɛʃ.ʊb,ɛʃ.ʊb,ɛʃʊb,ɛʃʊb
ɛʃ.ʊd,ɛʃ.ʊd,ɛʃʊd,ɛʃʊd
ɛʃ.ʊg,ɛʃ.ʊg,ɛʃʊg,ɛʃʊg
ɛʃ.ʊf,ɛʃ.ʊf,ɛʃʊf,ɛʃʊf
ɛʃ.ʊs,ɛʃ.ʊs,ɛʃʊs,ɛʃʊs
ɛʃ.ʊv,ɛʃ.ʊv,ɛʃʊv,ɛʃʊv
ɛʃ.ʊz,ɛʃ.ʊz,ɛʃʊz,ɛʃʊz
ɛʃ.ʊʃ,ɛʃ.ʊʃ,ɛʃʊʃ,ɛʃʊʃ
ɛʃ.ʊʒ,ɛʃ.ʊʒ,ɛʃʊʒ,ɛʃʊʒ
ɛʃ.ʊθ,ɛʃ.ʊθ,ɛʃʊθ,ɛʃʊθ
ɛʃ.ʊð,ɛʃ.ʊð,ɛʃʊð,ɛʃʊð
ɛʃ.ɔm,ɛʃ.ɔm,ɛʃɔm,ɛʃɔm
ɛʃ.ɔn,ɛʃ.ɔn,ɛʃɔn,ɛʃɔn
ɛʃ.ɔŋ,ɛʃ.ɔŋ,ɛʃɔŋ,ɛʃɔŋ
ɛʃ.ɔp,ɛʃ.ɔp,ɛʃɔp,ɛʃɔp
ɛʃ.ɔt,ɛʃ.ɔt,ɛʃɔt,ɛʃɔt
ɛʃ.ɔk,ɛʃ.ɔk,ɛʃɔk,ɛʃɔk
ɛʃ.ɔb,ɛʃ.ɔb,ɛʃɔb,ɛʃɔb
ɛʃ.ɔd,ɛʃ.ɔd,ɛʃɔd,ɛʃɔd
ɛʃ.ɔg,ɛʃ.ɔg,ɛʃɔg,ɛʃɔg
ɛʃ.ɔf,ɛʃ.ɔf,ɛʃɔf,ɛʃɔf
ɛʃ.ɔs,ɛʃ.ɔs,ɛʃɔs,ɛʃɔs
ɛʃ.ɔv,ɛʃ.ɔv,ɛʃɔv,ɛʃɔv
ɛʃ.ɔz,ɛʃ.ɔz,ɛʃɔz,ɛʃɔz
ɛʃ.ɔʃ,ɛʃ.ɔʃ,ɛʃɔʃ,ɛʃɔʃ
ɛʃ.ɔʒ,ɛʃ.ɔʒ,ɛʃɔʒ,ɛʃɔʒ
ɛʃ.ɔθ,ɛʃ.ɔθ,ɛʃɔθ,ɛʃɔθ
ɛʃ.ɔð,ɛʃ.ɔð,ɛʃɔð,ɛʃɔð
ɛʒ.ɪm,ɛʒ.ɪm,ɛʒɪm,ɛʒɪm
ɛʒ.ɪn,ɛʒ.ɪn,ɛʒɪn,ɛʒɪn
ɛʒ.ɪŋ,ɛʒ.ɪŋ,ɛʒɪŋ,ɛʒɪŋ
ɛʒ.ɪp,ɛʒ.ɪp,ɛʒɪp,ɛʒɪp
ɛʒ.ɪt,ɛʒ.ɪt,ɛʒɪt,ɛʒɪt
ɛʒ.ɪk,ɛʒ.ɪk,ɛʒɪk,ɛʒɪk
ɛʒ.ɪb,ɛʒ.ɪb,ɛʒɪb,ɛʒɪb
ɛʒ.ɪd,ɛʒ.ɪd,ɛʒɪd,ɛʒɪd
ɛʒ.ɪg,ɛʒ.ɪg,ɛʒɪg,ɛʒɪg
ɛʒ.ɪf,ɛʒ.ɪf,ɛʒɪf,ɛʒɪf
ɛʒ.ɪs,ɛʒ.ɪs,ɛʒɪs,ɛʒɪs
ɛʒ.ɪv,ɛʒ.ɪv,ɛʒɪv,ɛʒɪv
ɛʒ.ɪz,ɛʒ.ɪz,ɛʒɪz,ɛʒɪz
ɛʒ.ɪʃ,ɛʒ.ɪʃ,ɛʒɪʃ,ɛʒɪʃ
ɛʒ.ɪʒ,ɛʒ.ɪʒ,ɛʒɪʒ,ɛʒɪʒ
ɛʒ.ɪθ,ɛʒ.ɪθ,ɛʒɪθ,ɛʒɪθ
ɛʒ.ɪð,ɛʒ.ɪð,ɛʒɪð,ɛʒɪð
ɛʒ.ɛm,ɛʒ.ɛm,ɛʒɛm,ɛʒɛm
ɛʒ.ɛn,ɛʒ.ɛn,ɛʒɛn,ɛʒɛn
ɛʒ.ɛŋ,ɛʒ.ɛŋ,ɛʒɛŋ,ɛʒɛŋ
ɛʒ.ɛp,ɛʒ.ɛp,ɛʒɛp,ɛʒɛp
ɛʒ.ɛt,ɛʒ.ɛt,ɛʒɛt,ɛʒɛt
ɛʒ.ɛk,ɛʒ.ɛk,ɛʒɛk,ɛʒɛk
ɛʒ.ɛb,ɛʒ.ɛb,ɛʒɛb,ɛʒɛb
ɛʒ.ɛd,ɛʒ.ɛd,ɛʒɛd,ɛʒɛd
ɛʒ.ɛg,ɛʒ.ɛg,ɛʒɛg,ɛʒɛg
ɛʒ.ɛf,ɛʒ.ɛf,ɛʒɛf,ɛʒɛf
ɛʒ.ɛs,ɛʒ.ɛs,ɛʒɛs,ɛʒɛs
ɛʒ.ɛv,ɛʒ.ɛv,ɛʒɛv,ɛʒɛv
ɛʒ.ɛz,ɛʒ.ɛz,ɛʒɛz,ɛʒɛz
ɛʒ.ɛʃ,ɛʒ.ɛʃ,ɛʒɛʃ,ɛʒɛʃ
ɛʒ.ɛʒ,ɛʒ.ɛʒ,ɛʒɛʒ,ɛʒɛʒ
ɛʒ.ɛθ,ɛʒ.ɛθ,ɛʒɛθ,ɛʒɛθ
ɛʒ.ɛð,ɛʒ.ɛð,ɛʒɛð,ɛʒɛð
ɛʒ.ʊm,ɛʒ.ʊm,ɛʒʊm,ɛʒʊm
ɛʒ.ʊn,ɛʒ.ʊn,ɛʒʊn,ɛʒʊn
ɛʒ.ʊŋ,ɛʒ.ʊŋ,ɛʒʊŋ,ɛʒʊŋ
ɛʒ.ʊp,ɛʒ.ʊp,ɛʒʊp,ɛʒʊp
ɛʒ.ʊt,ɛʒ.ʊt,ɛʒʊt,ɛʒʊt
ɛʒ.ʊk,ɛʒ.ʊk,ɛʒʊk,ɛʒʊk
ɛʒ.ʊb,ɛʒ.ʊb,ɛʒʊb,ɛʒʊb
ɛʒ.ʊd,ɛʒ.ʊd,ɛʒʊd,ɛʒʊd
ɛʒ.ʊg,ɛʒ.ʊg,ɛʒʊg,ɛʒʊg
ɛʒ.ʊf,ɛʒ.ʊf,ɛʒʊf,ɛʒʊf
ɛʒ.ʊs,ɛʒ.ʊs,ɛʒʊs,ɛʒʊs
ɛʒ.ʊv,ɛʒ.ʊv,ɛʒʊv,ɛʒʊv
ɛʒ.ʊz,ɛʒ.ʊz,ɛʒʊz,ɛʒʊz
ɛʒ.ʊʃ,ɛʒ.ʊʃ,ɛʒʊʃ,ɛʒʊʃ
ɛʒ.ʊʒ,ɛʒ.ʊʒ,ɛʒʊʒ,ɛʒʊʒ
ɛʒ.ʊθ,ɛʒ.ʊθ,ɛʒʊθ,ɛʒʊθ
ɛʒ.ʊð,ɛʒ.ʊð,ɛʒʊð,ɛʒʊð
ɛʒ.ɔm,ɛʒ.ɔm,ɛʒɔm,ɛʒɔm
ɛʒ.ɔn,ɛʒ.ɔn,ɛʒɔn,ɛʒɔn
ɛʒ.ɔŋ,ɛʒ.ɔŋ,ɛʒɔŋ,ɛʒɔŋ
ɛʒ.ɔp,ɛʒ.ɔp,ɛʒɔp,ɛʒɔp
ɛʒ.ɔt,ɛʒ.ɔt,ɛʒɔt,ɛʒɔt
ɛʒ.ɔk,ɛʒ.ɔk,ɛʒɔk,ɛʒɔk
ɛʒ.ɔb,ɛʒ.ɔb,ɛʒɔb,ɛʒɔb
ɛʒ.ɔd,ɛʒ.ɔd,ɛʒɔd,ɛʒɔd
ɛʒ.ɔg,ɛʒ.ɔg,ɛʒɔg,ɛʒɔg
ɛʒ.ɔf,ɛʒ.ɔf,ɛʒɔf,ɛʒɔf
ɛʒ.ɔs,ɛʒ.ɔs,ɛʒɔs,ɛʒɔs
ɛʒ.ɔv,ɛʒ.ɔv,ɛʒɔv,ɛʒɔv
ɛʒ.ɔz,ɛʒ.ɔz,ɛʒɔz,ɛʒɔz
ɛʒ.ɔʃ,ɛʒ.ɔʃ,ɛʒɔʃ,ɛʒɔʃ
ɛʒ.ɔʒ,ɛʒ.ɔʒ,ɛʒɔʒ,ɛʒɔʒ
ɛʒ.ɔθ,ɛʒ.ɔθ,ɛʒɔθ,ɛʒɔθ
ɛʒ.ɔð,ɛʒ.ɔð,ɛʒɔð,ɛʒɔð
ɛθ.ɪm,ɛθ.ɪm,ɛθɪm,ɛθɪm
ɛθ.ɪn,ɛθ.ɪn,ɛθɪn,ɛθɪn
ɛθ.ɪŋ,ɛθ.ɪŋ,ɛθɪŋ,ɛθɪŋ
ɛθ.ɪp,ɛθ.ɪp,ɛθɪp,ɛθɪp
ɛθ.ɪt,ɛθ.ɪt,ɛθɪt,ɛθɪt
ɛθ.ɪk,ɛθ.ɪk,ɛθɪk,ɛθɪk
ɛθ.ɪb,ɛθ.ɪb,ɛθɪb,ɛθɪb
ɛθ.ɪd,ɛθ.ɪd,ɛθɪd,ɛθɪd
ɛθ.ɪg,ɛθ.ɪg,ɛθɪg,ɛθɪg
ɛθ.ɪf,ɛθ.ɪf,ɛθɪf,ɛθɪf
ɛθ.ɪs,ɛθ.ɪs,ɛθɪs,ɛθɪs
ɛθ.ɪv,ɛθ.ɪv,ɛθɪv,ɛθɪv
ɛθ.ɪz,ɛθ.ɪz,ɛθɪz,ɛθɪz
ɛθ.ɪʃ,ɛθ.ɪʃ,ɛθɪʃ,ɛθɪʃ
ɛθ.ɪʒ,ɛθ.ɪʒ,ɛθɪʒ,ɛθɪʒ
ɛθ.ɪθ,ɛθ.ɪθ,ɛθɪθ,ɛθɪθ
ɛθ.ɪð,ɛθ.ɪð,ɛθɪð,ɛθɪð
ɛθ.ɛm,ɛθ.ɛm,ɛθɛm,ɛθɛm
ɛθ.ɛn,ɛθ.ɛn,ɛθɛn,ɛθɛn
ɛθ.ɛŋ,ɛθ.ɛŋ,ɛθɛŋ,ɛθɛŋ
ɛθ.ɛp,ɛθ.ɛp,ɛθɛp,ɛθɛp
ɛθ.ɛt,ɛθ.ɛt,ɛθɛt,ɛθɛt
ɛθ.ɛk,ɛθ.ɛk,ɛθɛk,ɛθɛk
ɛθ.ɛb,ɛθ.ɛb,ɛθɛb,ɛθɛb
ɛθ.ɛd,ɛθ.ɛd,ɛθɛd,ɛθɛd
ɛθ.ɛg,ɛθ.ɛg,ɛθɛg,ɛθɛg
ɛθ.ɛf,ɛθ.ɛf,ɛθɛf,ɛθɛf
ɛθ.ɛs,ɛθ.ɛs,ɛθɛs,ɛθɛs
ɛθ.ɛv,ɛθ.ɛv,ɛθɛv,ɛθɛv
ɛθ.ɛz,ɛθ.ɛz,ɛθɛz,ɛθɛz
ɛθ.ɛʃ,ɛθ.ɛʃ,ɛθɛʃ,ɛθɛʃ
ɛθ.ɛʒ,ɛθ.ɛʒ,ɛθɛʒ,ɛθɛʒ
ɛθ.ɛθ,ɛθ.ɛθ,ɛθɛθ,ɛθɛθ
ɛθ.ɛð,ɛθ.ɛð,ɛθɛð,ɛθɛð
ɛθ.ʊm,ɛθ.ʊm,ɛθʊm,ɛθʊm
ɛθ.ʊn,ɛθ.ʊn,ɛθʊn,ɛθʊn
ɛθ.ʊŋ,ɛθ.ʊŋ,ɛθʊŋ,ɛθʊŋ
ɛθ.ʊp,ɛθ.ʊp,ɛθʊp,ɛθʊp
ɛθ.ʊt,ɛθ.ʊt,ɛθʊt,ɛθʊt
ɛθ.ʊk,ɛθ.ʊk,ɛθʊk,ɛθʊk
ɛθ.ʊb,ɛθ.ʊb,ɛθʊb,ɛθʊb
ɛθ.ʊd,ɛθ.ʊd,ɛθʊd,ɛθʊd
ɛθ.ʊg,ɛθ.ʊg,ɛθʊg,ɛθʊg
ɛθ.ʊf,ɛθ.ʊf,ɛθʊf,ɛθʊf
ɛθ.ʊs,ɛθ.ʊs,ɛθʊs,ɛθʊs
ɛθ.ʊv,ɛθ.ʊv,ɛθʊv,ɛθʊv
ɛθ.ʊz,ɛθ.ʊz,ɛθʊz,ɛθʊz
ɛθ.ʊʃ,ɛθ.ʊʃ,ɛθʊʃ,ɛθʊʃ
ɛθ.ʊʒ,ɛθ.ʊʒ,ɛθʊʒ,ɛθʊʒ
ɛθ.ʊθ,ɛθ.ʊθ,ɛθʊθ,ɛθʊθ
ɛθ.ʊð,ɛθ.ʊð,ɛθʊð,ɛθʊð
ɛθ.ɔm,ɛθ.ɔm,ɛθɔm,ɛθɔm
ɛθ.ɔn,ɛθ.ɔn,ɛθɔn,ɛθɔn
ɛθ.ɔŋ,ɛθ.ɔŋ,ɛθɔŋ,ɛθɔŋ
ɛθ.ɔp,ɛθ.ɔp,ɛθɔp,ɛθɔp
ɛθ.ɔt,ɛθ.ɔt,ɛθɔt,ɛθɔt
ɛθ.ɔk,ɛθ.ɔk,ɛθɔk,ɛθɔk
ɛθ.ɔb,ɛθ.ɔb,ɛθɔb,ɛθɔb
ɛθ.ɔd,ɛθ.ɔd,ɛθɔd,ɛθɔd
ɛθ.ɔg,ɛθ.ɔg,ɛθɔg,ɛθɔg
ɛθ.ɔf,ɛθ.ɔf,ɛθɔf,ɛθɔf
ɛθ.ɔs,ɛθ.ɔs,ɛθɔs,ɛθɔs
ɛθ.ɔv,ɛθ.ɔv,ɛθɔv,ɛθɔv
ɛθ.ɔz,ɛθ.ɔz,ɛθɔz,ɛθɔz
ɛθ.ɔʃ,ɛθ.ɔʃ,ɛθɔʃ,ɛθɔʃ
ɛθ.ɔʒ,ɛθ.ɔʒ,ɛθɔʒ,ɛθɔʒ
ɛθ.ɔθ,ɛθ.ɔθ,ɛθɔθ,ɛθɔθ
ɛθ.ɔð,ɛθ.ɔð,ɛθɔð,ɛθɔð
ɛð.ɪm,ɛð.ɪm,ɛðɪm,ɛðɪm
ɛð.ɪn,ɛð.ɪn,ɛðɪn,ɛðɪn
ɛð.ɪŋ,ɛð.ɪŋ,ɛðɪŋ,ɛðɪŋ
ɛð.ɪp,ɛð.ɪp,ɛðɪp,ɛðɪp
ɛð.ɪt,ɛð.ɪt,ɛðɪt,ɛðɪt
ɛð.ɪk,ɛð.ɪk,ɛðɪk,ɛðɪk
ɛð.ɪb,ɛð.ɪb,ɛðɪb,ɛðɪb
ɛð.ɪd,ɛð.ɪd,ɛðɪd,ɛðɪd
ɛð.ɪg,ɛð.ɪg,ɛðɪg,ɛðɪg
ɛð.ɪf,ɛð.ɪf,ɛðɪf,ɛðɪf
ɛð.ɪs,ɛð.ɪs,ɛðɪs,ɛðɪs
ɛð.ɪv,ɛð.ɪv,ɛðɪv,ɛðɪv
ɛð.ɪz,ɛð.ɪz,ɛðɪz,ɛðɪz
ɛð.ɪʃ,ɛð.ɪʃ,ɛðɪʃ,ɛðɪʃ
ɛð.ɪʒ,ɛð.ɪʒ,ɛðɪʒ,ɛðɪʒ
ɛð.ɪθ,ɛð.ɪθ,ɛðɪθ,ɛðɪθ
ɛð.ɪð,ɛð.ɪð,ɛðɪð,ɛðɪð
ɛð.ɛm,ɛð.ɛm,ɛðɛm,ɛðɛm
ɛð.ɛn,ɛð.ɛn,ɛðɛn,ɛðɛn
ɛð.ɛŋ,ɛð.ɛŋ,ɛðɛŋ,ɛðɛŋ
ɛð.ɛp,ɛð.ɛp,ɛðɛp,ɛðɛp
ɛð.ɛt,ɛð.ɛt,ɛðɛt,ɛðɛt
ɛð.ɛk,ɛð.ɛk,ɛðɛk,ɛðɛk
ɛð.ɛb,ɛð.ɛb,ɛðɛb,ɛðɛb
ɛð.ɛd,ɛð.ɛd,ɛðɛd,ɛðɛd
ɛð.ɛg,ɛð.ɛg,ɛðɛg,ɛðɛg
ɛð.ɛf,ɛð.ɛf,ɛðɛf,ɛðɛf
ɛð.ɛs,ɛð.ɛs,ɛðɛs,ɛðɛs
ɛð.ɛv,ɛð.ɛv,ɛðɛv,ɛðɛv
ɛð.ɛz,ɛð.ɛz,ɛðɛz,ɛðɛz
ɛð.ɛʃ,ɛð.ɛʃ,ɛðɛʃ,ɛðɛʃ
ɛð.ɛʒ,ɛð.ɛʒ,ɛðɛʒ,ɛðɛʒ
ɛð.ɛθ,ɛð.ɛθ,ɛðɛθ,ɛðɛθ
ɛð.ɛð,ɛð.ɛð,ɛðɛð,ɛðɛð
ɛð.ʊm,ɛð.ʊm,ɛðʊm,ɛðʊm
ɛð.ʊn,ɛð.ʊn,ɛðʊn,ɛðʊn
ɛð.ʊŋ,ɛð.ʊŋ,ɛðʊŋ,ɛðʊŋ
ɛð.ʊp,ɛð.ʊp,ɛðʊp,ɛðʊp
ɛð.ʊt,ɛð.ʊt,ɛðʊt,ɛðʊt
ɛð.ʊk,ɛð.ʊk,ɛðʊk,ɛðʊk
ɛð.ʊb,ɛð.ʊb,ɛðʊb,ɛðʊb
ɛð.ʊd,ɛð.ʊd,ɛðʊd,ɛðʊd
ɛð.ʊg,ɛð.ʊg,ɛðʊg,ɛðʊg
ɛð.ʊf,ɛð.ʊf,ɛðʊf,ɛðʊf
ɛð.ʊs,ɛð.ʊs,ɛðʊs,ɛðʊs
ɛð.ʊv,ɛð.ʊv,ɛðʊv,ɛðʊv
ɛð.ʊz,ɛð.ʊz,ɛðʊz,ɛðʊz
ɛð.ʊʃ,ɛð.ʊʃ,ɛðʊʃ,ɛðʊʃ
ɛð.ʊʒ,ɛð.ʊʒ,ɛðʊʒ,ɛðʊʒ
ɛð.ʊθ,ɛð.ʊθ,ɛðʊθ,ɛðʊθ
ɛð.ʊð,ɛð.ʊð,ɛðʊð,ɛðʊð
ɛð.ɔm,ɛð.ɔm,ɛðɔm,ɛðɔm
ɛð.ɔn,ɛð.ɔn,ɛðɔn,ɛðɔn
ɛð.ɔŋ,ɛð.ɔŋ,ɛðɔŋ,ɛðɔŋ
ɛð.ɔp,ɛð.ɔp,ɛðɔp,ɛðɔp
ɛð.ɔt,ɛð.ɔt,ɛðɔt,ɛðɔt
ɛð.ɔk,ɛð.ɔk,ɛðɔk,ɛðɔk
ɛð.ɔb,ɛð.ɔb,ɛðɔb,ɛðɔb
ɛð.ɔd,ɛð.ɔd,ɛðɔd,ɛðɔd
ɛð.ɔg,ɛð.ɔg,ɛðɔg,ɛðɔg
ɛð.ɔf,ɛð.ɔf,ɛðɔf,ɛðɔf
ɛð.ɔs,ɛð.ɔs,ɛðɔs,ɛðɔs
ɛð.ɔv,ɛð.ɔv,ɛðɔv,ɛðɔv
ɛð.ɔz,ɛð.ɔz,ɛðɔz,ɛðɔz
ɛð.ɔʃ,ɛð.ɔʃ,ɛðɔʃ,ɛðɔʃ
ɛð.ɔʒ,ɛð.ɔʒ,ɛðɔʒ,ɛðɔʒ
ɛð.ɔθ,ɛð.ɔθ,ɛðɔθ,ɛðɔθ
ɛð.ɔð,ɛð.ɔð,ɛðɔð,ɛðɔð
ʊm.ɪm,ʊm.ɪm,ʊmɪm,ʊmɪm
ʊm.ɪn,ʊm.ɪn,ʊmɪn,ʊmɪn
ʊm.ɪŋ,ʊm.ɪŋ,ʊmɪŋ,ʊmɪŋ
ʊm.ɪp,ʊm.ɪp,ʊmɪp,ʊmɪp
ʊm.ɪt,ʊm.ɪt,ʊmɪt,ʊmɪt
ʊm.ɪk,ʊm.ɪk,ʊmɪk,ʊmɪk
ʊm.ɪb,ʊm.ɪb,ʊmɪb,ʊmɪb
ʊm.ɪd,ʊm.ɪd,ʊmɪd,ʊmɪd
ʊm.ɪg,ʊm.ɪg,ʊmɪg,ʊmɪg
ʊm.ɪf,ʊm.ɪf,ʊmɪf,ʊmɪf
ʊm.ɪs,ʊm.ɪs,ʊmɪs,ʊmɪs
ʊm.ɪv,ʊm.ɪv,ʊmɪv,ʊmɪv
ʊm.ɪz,ʊm.ɪz,ʊmɪz,ʊmɪz
ʊm.ɪʃ,ʊm.ɪʃ,ʊmɪʃ,ʊmɪʃ
ʊm.ɪʒ,ʊm.ɪʒ,ʊmɪʒ,ʊmɪʒ
ʊm.ɪθ,ʊm.ɪθ,ʊmɪθ,ʊmɪθ
ʊm.ɪð,ʊm.ɪð,ʊmɪð,ʊmɪð
ʊm.ɛm,ʊm.ɛm,ʊmɛm,ʊmɛm
ʊm.ɛn,ʊm.ɛn,ʊmɛn,ʊmɛn
ʊm.ɛŋ,ʊm.ɛŋ,ʊmɛŋ,ʊmɛŋ
ʊm.ɛp,ʊm.ɛp,ʊmɛp,ʊmɛp
ʊm.ɛt,ʊm.ɛt,ʊmɛt,ʊmɛt
ʊm.ɛk,ʊm.ɛk,ʊmɛk,ʊmɛk
ʊm.ɛb,ʊm.ɛb,ʊmɛb,ʊmɛb
ʊm.ɛd,ʊm.ɛd,ʊmɛd,ʊmɛd
ʊm.ɛg,ʊm.ɛg,ʊmɛg,ʊmɛg
ʊm.ɛf,ʊm.ɛf,ʊmɛf,ʊmɛf
ʊm.ɛs,ʊm.ɛs,ʊmɛs,ʊmɛs
ʊm.ɛv,ʊm.ɛv,ʊmɛv,ʊmɛv
ʊm.ɛz,ʊm.ɛz,ʊmɛz,ʊmɛz
ʊm.ɛʃ,ʊm.ɛʃ,ʊmɛʃ,ʊmɛʃ
ʊm.ɛʒ,ʊm.ɛʒ,ʊmɛʒ,ʊmɛʒ
ʊm.ɛθ,ʊm.ɛθ,ʊmɛθ,ʊmɛθ
ʊm.ɛð,ʊm.ɛð,ʊmɛð,ʊmɛð
ʊm.ʊm,ʊm.ʊm,ʊmʊm,ʊmʊm
ʊm.ʊn,ʊm.ʊn,ʊmʊn,ʊmʊn
ʊm.ʊŋ,ʊm.ʊŋ,ʊmʊŋ,ʊmʊŋ
ʊm.ʊp,ʊm.ʊp,ʊmʊp,ʊmʊp
ʊm.ʊt,ʊm.ʊt,ʊmʊt,ʊmʊt
ʊm.ʊk,ʊm.ʊk,ʊmʊk,ʊmʊk
ʊm.ʊb,ʊm.ʊb,ʊmʊb,ʊmʊb
ʊm.ʊd,ʊm.ʊd,ʊmʊd,ʊmʊd
ʊm.ʊg,ʊm.ʊg,ʊmʊg,ʊmʊg
ʊm.ʊf,ʊm.ʊf,ʊmʊf,ʊmʊf
ʊm.ʊs,ʊm.ʊs,ʊmʊs,ʊmʊs
ʊm.ʊv,ʊm.ʊv,ʊmʊv,ʊmʊv
ʊm.ʊz,ʊm.ʊz,ʊmʊz,ʊmʊz
ʊm.ʊʃ,ʊm.ʊʃ,ʊmʊʃ,ʊmʊʃ
ʊm.ʊʒ,ʊm.ʊʒ,ʊmʊʒ,ʊmʊʒ
ʊm.ʊθ,ʊm.ʊθ,ʊmʊθ,ʊmʊθ
ʊm.ʊð,ʊm.ʊð,ʊmʊð,ʊmʊð
ʊm.ɔm,ʊm.ɔm,ʊmɔm,ʊmɔm
ʊm.ɔn,ʊm.ɔn,ʊmɔn,ʊmɔn
ʊm.ɔŋ,ʊm.ɔŋ,ʊmɔŋ,ʊmɔŋ
ʊm.ɔp,ʊm.ɔp,ʊmɔp,ʊmɔp
ʊm.ɔt,ʊm.ɔt,ʊmɔt,ʊmɔt
ʊm.ɔk,ʊm.ɔk,ʊmɔk,ʊmɔk
ʊm.ɔb,ʊm.ɔb,ʊmɔb,ʊmɔb
ʊm.ɔd,ʊm.ɔd,ʊmɔd,ʊmɔd
ʊm.ɔg,ʊm.ɔg,ʊmɔg,ʊmɔg
ʊm.ɔf,ʊm.ɔf,ʊmɔf,ʊmɔf
ʊm.ɔs,ʊm.ɔs,ʊmɔs,ʊmɔs
ʊm.ɔv,ʊm.ɔv,ʊmɔv,ʊmɔv
ʊm.ɔz,ʊm.ɔz,ʊmɔz,ʊmɔz
ʊm.ɔʃ,ʊm.ɔʃ,ʊmɔʃ,ʊmɔʃ
ʊm.ɔʒ,ʊm.ɔʒ,ʊmɔʒ,ʊmɔʒ
ʊm.ɔθ,ʊm.ɔθ,ʊmɔθ,ʊmɔθ
ʊm.ɔð,ʊm.ɔð,ʊmɔð,ʊmɔð
ʊn.ɪm,ʊn.ɪm,ʊnɪm,ʊnɪm
ʊn.ɪn,ʊn.ɪn,ʊnɪn,ʊnɪn
ʊn.ɪŋ,ʊn.ɪŋ,ʊnɪŋ,ʊnɪŋ
ʊn.ɪp,ʊn.ɪp,ʊnɪp,ʊnɪp
ʊn.ɪt,ʊn.ɪt,ʊnɪt,ʊnɪt
ʊn.ɪk,ʊn.ɪk,ʊnɪk,ʊnɪk
ʊn.ɪb,ʊn.ɪb,ʊnɪb,ʊnɪb
ʊn.ɪd,ʊn.ɪd,ʊnɪd,ʊnɪd
ʊn.ɪg,ʊn.ɪg,ʊnɪg,ʊnɪg
ʊn.ɪf,ʊn.ɪf,ʊnɪf,ʊnɪf
ʊn.ɪs,ʊn.ɪs,ʊnɪs,ʊnɪs
ʊn.ɪv,ʊn.ɪv,ʊnɪv,ʊnɪv
ʊn.ɪz,ʊn.ɪz,ʊnɪz,ʊnɪz
ʊn.ɪʃ,ʊn.ɪʃ,ʊnɪʃ,ʊnɪʃ
ʊn.ɪʒ,ʊn.ɪʒ,ʊnɪʒ,ʊnɪʒ
ʊn.ɪθ,ʊn.ɪθ,ʊnɪθ,ʊnɪθ
ʊn.ɪð,ʊn.ɪð,ʊnɪð,ʊnɪð
ʊn.ɛm,ʊn.ɛm,ʊnɛm,ʊnɛm
ʊn.ɛn,ʊn.ɛn,ʊnɛn,ʊnɛn
ʊn.ɛŋ,ʊn.ɛŋ,ʊnɛŋ,ʊnɛŋ
ʊn.ɛp,ʊn.ɛp,ʊnɛp,ʊnɛp
ʊn.ɛt,ʊn.ɛt,ʊnɛt,ʊnɛt
ʊn.ɛk,ʊn.ɛk,ʊnɛk,ʊnɛk
ʊn.ɛb,ʊn.ɛb,ʊnɛb,ʊnɛb
ʊn.ɛd,ʊn.ɛd,ʊnɛd,ʊnɛd
ʊn.ɛg,ʊn.ɛg,ʊnɛg,ʊnɛg
ʊn.ɛf,ʊn.ɛf,ʊnɛf,ʊnɛf
ʊn.ɛs,ʊn.ɛs,ʊnɛs,ʊnɛs
ʊn.ɛv,ʊn.ɛv,ʊnɛv,ʊnɛv
ʊn.ɛz,ʊn.ɛz,ʊnɛz,ʊnɛz
ʊn.ɛʃ,ʊn.ɛʃ,ʊnɛʃ,ʊnɛʃ
ʊn.ɛʒ,ʊn.ɛʒ,ʊnɛʒ,ʊnɛʒ
ʊn.ɛθ,ʊn.ɛθ,ʊnɛθ,ʊnɛθ
ʊn.ɛð,ʊn.ɛð,ʊnɛð,ʊnɛð
ʊn.ʊm,ʊn.ʊm,ʊnʊm,ʊnʊm
ʊn.ʊn,ʊn.ʊn,ʊnʊn,ʊnʊn
ʊn.ʊŋ,ʊn.ʊŋ,ʊnʊŋ,ʊnʊŋ
ʊn.ʊp,ʊn.ʊp,ʊnʊp,ʊnʊp
ʊn.ʊt,ʊn.ʊt,ʊnʊt,ʊnʊt
ʊn.ʊk,ʊn.ʊk,ʊnʊk,ʊnʊk
ʊn.ʊb,ʊn.ʊb,ʊnʊb,ʊnʊb
ʊn.ʊd,ʊn.ʊd,ʊnʊd,ʊnʊd
ʊn.ʊg,ʊn.ʊg,ʊnʊg,ʊnʊg
ʊn.ʊf,ʊn.ʊf,ʊnʊf,ʊnʊf
ʊn.ʊs,ʊn.ʊs,ʊnʊs,ʊnʊs
ʊn.ʊv,ʊn.ʊv,ʊnʊv,ʊnʊv
ʊn.ʊz,ʊn.ʊz,ʊnʊz,ʊnʊz
ʊn.ʊʃ,ʊn.ʊʃ,ʊnʊʃ,ʊnʊʃ
ʊn.ʊʒ,ʊn.ʊʒ,ʊnʊʒ,ʊnʊʒ
ʊn.ʊθ,ʊn.ʊθ,ʊnʊθ,ʊnʊθ
ʊn.ʊð,ʊn.ʊð,ʊnʊð,ʊnʊð
ʊn.ɔm,ʊn.ɔm,ʊnɔm,ʊnɔm
ʊn.ɔn,ʊn.ɔn,ʊnɔn,ʊnɔn
ʊn.ɔŋ,ʊn.ɔŋ,ʊnɔŋ,ʊnɔŋ
ʊn.ɔp,ʊn.ɔp,ʊnɔp,ʊnɔp
ʊn.ɔt,ʊn.ɔt,ʊnɔt,ʊnɔt
ʊn.ɔk,ʊn.ɔk,ʊnɔk,ʊnɔk
ʊn.ɔb,ʊn.ɔb,ʊnɔb,ʊnɔb
ʊn.ɔd,ʊn.ɔd,ʊnɔd,ʊnɔd
ʊn.ɔg,ʊn.ɔg,ʊnɔg,ʊnɔg
ʊn.ɔf,ʊn.ɔf,ʊnɔf,ʊnɔf
ʊn.ɔs,ʊn.ɔs,ʊnɔs,ʊnɔs
ʊn.ɔv,ʊn.ɔv,ʊnɔv,ʊnɔv
ʊn.ɔz,ʊn.ɔz,ʊnɔz,ʊnɔz
ʊn.ɔʃ,ʊn.ɔʃ,ʊnɔʃ,ʊnɔʃ
ʊn.ɔʒ,ʊn.ɔʒ,ʊnɔʒ,ʊnɔʒ
ʊn.ɔθ,ʊn.ɔθ,ʊnɔθ,ʊnɔθ
ʊn.ɔð,ʊn.ɔð,ʊnɔð,ʊnɔð
ʊŋ.ɪm,ʊŋ.ɪm,ʊŋɪm,ʊŋɪm
ʊŋ.ɪn,ʊŋ.ɪn,ʊŋɪn,ʊŋɪn
ʊŋ.ɪŋ,ʊŋ.ɪŋ,ʊŋɪŋ,ʊŋɪŋ
ʊŋ.ɪp,ʊŋ.ɪp,ʊŋɪp,ʊŋɪp
ʊŋ.ɪt,ʊŋ.ɪt,ʊŋɪt,ʊŋɪt
ʊŋ.ɪk,ʊŋ.ɪk,ʊŋɪk,ʊŋɪk
ʊŋ.ɪb,ʊŋ.ɪb,ʊŋɪb,ʊŋɪb
ʊŋ.ɪd,ʊŋ.ɪd,ʊŋɪd,ʊŋɪd
ʊŋ.ɪg,ʊŋ.ɪg,ʊŋɪg,ʊŋɪg
ʊŋ.ɪf,ʊŋ.ɪf,ʊŋɪf,ʊŋɪf
ʊŋ.ɪs,ʊŋ.ɪs,ʊŋɪs,ʊŋɪs
ʊŋ.ɪv,ʊŋ.ɪv,ʊŋɪv,ʊŋɪv
ʊŋ.ɪz,ʊŋ.ɪz,ʊŋɪz,ʊŋɪz
ʊŋ.ɪʃ,ʊŋ.ɪʃ,ʊŋɪʃ,ʊŋɪʃ
ʊŋ.ɪʒ,ʊŋ.ɪʒ,ʊŋɪʒ,ʊŋɪʒ
ʊŋ.ɪθ,ʊŋ.ɪθ,ʊŋɪθ,ʊŋɪθ
ʊŋ.ɪð,ʊŋ.ɪð,ʊŋɪð,ʊŋɪð
ʊŋ.ɛm,ʊŋ.ɛm,ʊŋɛm,ʊŋɛm
ʊŋ.ɛn,ʊŋ.ɛn,ʊŋɛn,ʊŋɛn
ʊŋ.ɛŋ,ʊŋ.ɛŋ,ʊŋɛŋ,ʊŋɛŋ
ʊŋ.ɛp,ʊŋ.ɛp,ʊŋɛp,ʊŋɛp
ʊŋ.ɛt,ʊŋ.ɛt,ʊŋɛt,ʊŋɛt
ʊŋ.ɛk,ʊŋ.ɛk,ʊŋɛk,ʊŋɛk
ʊŋ.ɛb,ʊŋ.ɛb,ʊŋɛb,ʊŋɛb
ʊŋ.ɛd,ʊŋ.ɛd,ʊŋɛd,ʊŋɛd
ʊŋ.ɛg,ʊŋ.ɛg,ʊŋɛg,ʊŋɛg
ʊŋ.ɛf,ʊŋ.ɛf,ʊŋɛf,ʊŋɛf
ʊŋ.ɛs,ʊŋ.ɛs,ʊŋɛs,ʊŋɛs
ʊŋ.ɛv,ʊŋ.ɛv,ʊŋɛv,ʊŋɛv
ʊŋ.ɛz,ʊŋ.ɛz,ʊŋɛz,ʊŋɛz
ʊŋ.ɛʃ,ʊŋ.ɛʃ,ʊŋɛʃ,ʊŋɛʃ
ʊŋ.ɛʒ,ʊŋ.ɛʒ,ʊŋɛʒ,ʊŋɛʒ
ʊŋ.ɛθ,ʊŋ.ɛθ,ʊŋɛθ,ʊŋɛθ
ʊŋ.ɛð,ʊŋ.ɛð,ʊŋɛð,ʊŋɛð
ʊŋ.ʊm,ʊŋ.ʊm,ʊŋʊm,ʊŋʊm
ʊŋ.ʊn,ʊŋ.ʊn,ʊŋʊn,ʊŋʊn
ʊŋ.ʊŋ,ʊŋ.ʊŋ,ʊŋʊŋ,ʊŋʊŋ
ʊŋ.ʊp,ʊŋ.ʊp,ʊŋʊp,ʊŋʊp
ʊŋ.ʊt,ʊŋ.ʊt,ʊŋʊt,ʊŋʊt
ʊŋ.ʊk,ʊŋ.ʊk,ʊŋʊk,ʊŋʊk
ʊŋ.ʊb,ʊŋ.ʊb,ʊŋʊb,ʊŋʊb
ʊŋ.ʊd,ʊŋ.ʊd,ʊŋʊd,ʊŋʊd
ʊŋ.ʊg,ʊŋ.ʊg,ʊŋʊg,ʊŋʊg
ʊŋ.ʊf,ʊŋ.ʊf,ʊŋʊf,ʊŋʊf
ʊŋ.ʊs,ʊŋ.ʊs,ʊŋʊs,ʊŋʊs
ʊŋ.ʊv,ʊŋ.ʊv,ʊŋʊv,ʊŋʊv
ʊŋ.ʊz,ʊŋ.ʊz,ʊŋʊz,ʊŋʊz
ʊŋ.ʊʃ,ʊŋ.ʊʃ,ʊŋʊʃ,ʊŋʊʃ
ʊŋ.ʊʒ,ʊŋ.ʊʒ,ʊŋʊʒ,ʊŋʊʒ
ʊŋ.ʊθ,ʊŋ.ʊθ,ʊŋʊθ,ʊŋʊθ
ʊŋ.ʊð,ʊŋ.ʊð,ʊŋʊð,ʊŋʊð
ʊŋ.ɔm,ʊŋ.ɔm,ʊŋɔm,ʊŋɔm
ʊŋ.ɔn,ʊŋ.ɔn,ʊŋɔn,ʊŋɔn
ʊŋ.ɔŋ,ʊŋ.ɔŋ,ʊŋɔŋ,ʊŋɔŋ
ʊŋ.ɔp,ʊŋ.ɔp,ʊŋɔp,ʊŋɔp
ʊŋ.ɔt,ʊŋ.ɔt,ʊŋɔt,ʊŋɔt
ʊŋ.ɔk,ʊŋ.ɔk,ʊŋɔk,ʊŋɔk
ʊŋ.ɔb,ʊŋ.ɔb,ʊŋɔb,ʊŋɔb
ʊŋ.ɔd,ʊŋ.ɔd,ʊŋɔd,ʊŋɔd
ʊŋ.ɔg,ʊŋ.ɔg,ʊŋɔg,ʊŋɔg
ʊŋ.ɔf,ʊŋ.ɔf,ʊŋɔf,ʊŋɔf
ʊŋ.ɔs,ʊŋ.ɔs,ʊŋɔs,ʊŋɔs
ʊŋ.ɔv,ʊŋ.ɔv,ʊŋɔv,ʊŋɔv
ʊŋ.ɔz,ʊŋ.ɔz,ʊŋɔz,ʊŋɔz
ʊŋ.ɔʃ,ʊŋ.ɔʃ,ʊŋɔʃ,ʊŋɔʃ
ʊŋ.ɔʒ,ʊŋ.ɔʒ,ʊŋɔʒ,ʊŋɔʒ
ʊŋ.ɔθ,ʊŋ.ɔθ,ʊŋɔθ,ʊŋɔθ
ʊŋ.ɔð,ʊŋ.ɔð,ʊŋɔð,ʊŋɔð
ʊp.ɪm,ʊp.ɪm,ʊpɪm,ʊpɪm
ʊp.ɪn,ʊp.ɪn,ʊpɪn,ʊpɪn
ʊp.ɪŋ,ʊp.ɪŋ,ʊpɪŋ,ʊpɪŋ
ʊp.ɪp,ʊp.ɪp,ʊpɪp,ʊpɪp
ʊp.ɪt,ʊp.ɪt,ʊpɪt,ʊpɪt
ʊp.ɪk,ʊp.ɪk,ʊpɪk,ʊpɪk
ʊp.ɪb,ʊp.ɪb,ʊpɪb,ʊpɪb
ʊp.ɪd,ʊp.ɪd,ʊpɪd,ʊpɪd
ʊp.ɪg,ʊp.ɪg,ʊpɪg,ʊpɪg
ʊp.ɪf,ʊp.ɪf,ʊpɪf,ʊpɪf
ʊp.ɪs,ʊp.ɪs,ʊpɪs,ʊpɪs
ʊp.ɪv,ʊp.ɪv,ʊpɪv,ʊpɪv
ʊp.ɪz,ʊp.ɪz,ʊpɪz,ʊpɪz
ʊp.ɪʃ,ʊp.ɪʃ,ʊpɪʃ,ʊpɪʃ
ʊp.ɪʒ,ʊp.ɪʒ,ʊpɪʒ,ʊpɪʒ
ʊp.ɪθ,ʊp.ɪθ,ʊpɪθ,ʊpɪθ
ʊp.ɪð,ʊp.ɪð,ʊpɪð,ʊpɪð
ʊp.ɛm,ʊp.ɛm,ʊpɛm,ʊpɛm
ʊp.ɛn,ʊp.ɛn,ʊpɛn,ʊpɛn
ʊp.ɛŋ,ʊp.ɛŋ,ʊpɛŋ,ʊpɛŋ
ʊp.ɛp,ʊp.ɛp,ʊpɛp,ʊpɛp
ʊp.ɛt,ʊp.ɛt,ʊpɛt,ʊpɛt
ʊp.ɛk,ʊp.ɛk,ʊpɛk,ʊpɛk
ʊp.ɛb,ʊp.ɛb,ʊpɛb,ʊpɛb
ʊp.ɛd,ʊp.ɛd,ʊpɛd,ʊpɛd
ʊp.ɛg,ʊp.ɛg,ʊpɛg,ʊpɛg
ʊp.ɛf,ʊp.ɛf,ʊpɛf,ʊpɛf
ʊp.ɛs,ʊp.ɛs,ʊpɛs,ʊpɛs
ʊp.ɛv,ʊp.ɛv,ʊpɛv,ʊpɛv
ʊp.ɛz,ʊp.ɛz,ʊpɛz,ʊpɛz
ʊp.ɛʃ,ʊp.ɛʃ,ʊpɛʃ,ʊpɛʃ
ʊp.ɛʒ,ʊp.ɛʒ,ʊpɛʒ,ʊpɛʒ
ʊp.ɛθ,ʊp.ɛθ,ʊpɛθ,ʊpɛθ
ʊp.ɛð,ʊp.ɛð,ʊpɛð,ʊpɛð
ʊp.ʊm,ʊp.ʊm,ʊpʊm,ʊpʊm
ʊp.ʊn,ʊp.ʊn,ʊpʊn,ʊpʊn
ʊp.ʊŋ,ʊp.ʊŋ,ʊpʊŋ,ʊpʊŋ
ʊp.ʊp,ʊp.ʊp,ʊpʊp,ʊpʊp
ʊp.ʊt,ʊp.ʊt,ʊpʊt,ʊpʊt
ʊp.ʊk,ʊp.ʊk,ʊpʊk,ʊpʊk
ʊp.ʊb,ʊp.ʊb,ʊpʊb,ʊpʊb
ʊp.ʊd,ʊp.ʊd,ʊpʊd,ʊpʊd
ʊp.ʊg,ʊp.ʊg,ʊpʊg,ʊpʊg
ʊp.ʊf,ʊp.ʊf,ʊpʊf,ʊpʊf
ʊp.ʊs,ʊp.ʊs,ʊpʊs,ʊpʊs
ʊp.ʊv,ʊp.ʊv,ʊpʊv,ʊpʊv
ʊp.ʊz,ʊp.ʊz,ʊpʊz,ʊpʊz
ʊp.ʊʃ,ʊp.ʊʃ,ʊpʊʃ,ʊpʊʃ
ʊp.ʊʒ,ʊp.ʊʒ,ʊpʊʒ,ʊpʊʒ
ʊp.ʊθ,ʊp.ʊθ,ʊpʊθ,ʊpʊθ
ʊp.ʊð,ʊp.ʊð,ʊpʊð,ʊpʊð
ʊp.ɔm,ʊp.ɔm,ʊpɔm,ʊpɔm
ʊp.ɔn,ʊp.ɔn,ʊpɔn,ʊpɔn
ʊp.ɔŋ,ʊp.ɔŋ,ʊpɔŋ,ʊpɔŋ
ʊp.ɔp,ʊp.ɔp,ʊpɔp,ʊpɔp
ʊp.ɔt,ʊp.ɔt,ʊpɔt,ʊpɔt
ʊp.ɔk,ʊp.ɔk,ʊpɔk,ʊpɔk
ʊp.ɔb,ʊp.ɔb,ʊpɔb,ʊpɔb
ʊp.ɔd,ʊp.ɔd,ʊpɔd,ʊpɔd
ʊp.ɔg,ʊp.ɔg,ʊpɔg,ʊpɔg
ʊp.ɔf,ʊp.ɔf,ʊpɔf,ʊpɔf
ʊp.ɔs,ʊp.ɔs,ʊpɔs,ʊpɔs
ʊp.ɔv,ʊp.ɔv,ʊpɔv,ʊpɔv
ʊp.ɔz,ʊp.ɔz,ʊpɔz,ʊpɔz
ʊp.ɔʃ,ʊp.ɔʃ,ʊpɔʃ,ʊpɔʃ
ʊp.ɔʒ,ʊp.ɔʒ,ʊpɔʒ,ʊpɔʒ
ʊp.ɔθ,ʊp.ɔθ,ʊpɔθ,ʊpɔθ
ʊp.ɔð,ʊp.ɔð,ʊpɔð,ʊpɔð
ʊt.ɪm,ʊt.ɪm,ʊtɪm,ʊtɪm
ʊt.ɪn,ʊt.ɪn,ʊtɪn,ʊtɪn
ʊt.ɪŋ,ʊt.ɪŋ,ʊtɪŋ,ʊtɪŋ
ʊt.ɪp,ʊt.ɪp,ʊtɪp,ʊtɪp
ʊt.ɪt,ʊt.ɪt,ʊtɪt,ʊtɪt
ʊt.ɪk,ʊt.ɪk,ʊtɪk,ʊtɪk
ʊt.ɪb,ʊt.ɪb,ʊtɪb,ʊtɪb
ʊt.ɪd,ʊt.ɪd,ʊtɪd,ʊtɪd
ʊt.ɪg,ʊt.ɪg,ʊtɪg,ʊtɪg
ʊt.ɪf,ʊt.ɪf,ʊtɪf,ʊtɪf
ʊt.ɪs,ʊt.ɪs,ʊtɪs,ʊtɪs
ʊt.ɪv,ʊt.ɪv,ʊtɪv,ʊtɪv
ʊt.ɪz,ʊt.ɪz,ʊtɪz,ʊtɪz
ʊt.ɪʃ,ʊt.ɪʃ,ʊtɪʃ,ʊtɪʃ
ʊt.ɪʒ,ʊt.ɪʒ,ʊtɪʒ,ʊtɪʒ
ʊt.ɪθ,ʊt.ɪθ,ʊtɪθ,ʊtɪθ
ʊt.ɪð,ʊt.ɪð,ʊtɪð,ʊtɪð
ʊt.ɛm,ʊt.ɛm,ʊtɛm,ʊtɛm
ʊt.ɛn,ʊt.ɛn,ʊtɛn,ʊtɛn
ʊt.ɛŋ,ʊt.ɛŋ,ʊtɛŋ,ʊtɛŋ
ʊt.ɛp,ʊt.ɛp,ʊtɛp,ʊtɛp
ʊt.ɛt,ʊt.ɛt,ʊtɛt,ʊtɛt
ʊt.ɛk,ʊt.ɛk,ʊtɛk,ʊtɛk
ʊt.ɛb,ʊt.ɛb,ʊtɛb,ʊtɛb
ʊt.ɛd,ʊt.ɛd,ʊtɛd,ʊtɛd
ʊt.ɛg,ʊt.ɛg,ʊtɛg,ʊtɛg
ʊt.ɛf,ʊt.ɛf,ʊtɛf,ʊtɛf
ʊt.ɛs,ʊt.ɛs,ʊtɛs,ʊtɛs
ʊt.ɛv,ʊt.ɛv,ʊtɛv,ʊtɛv
ʊt.ɛz,ʊt.ɛz,ʊtɛz,ʊtɛz
ʊt.ɛʃ,ʊt.ɛʃ,ʊtɛʃ,ʊtɛʃ
ʊt.ɛʒ,ʊt.ɛʒ,ʊtɛʒ,ʊtɛʒ
ʊt.ɛθ,ʊt.ɛθ,ʊtɛθ,ʊtɛθ
ʊt.ɛð,ʊt.ɛð,ʊtɛð,ʊtɛð
ʊt.ʊm,ʊt.ʊm,ʊtʊm,ʊtʊm
ʊt.ʊn,ʊt.ʊn,ʊtʊn,ʊtʊn
ʊt.ʊŋ,ʊt.ʊŋ,ʊtʊŋ,ʊtʊŋ
ʊt.ʊp,ʊt.ʊp,ʊtʊp,ʊtʊp
ʊt.ʊt,ʊt.ʊt,ʊtʊt,ʊtʊt
ʊt.ʊk,ʊt.ʊk,ʊtʊk,ʊtʊk
ʊt.ʊb,ʊt.ʊb,ʊtʊb,ʊtʊb
ʊt.ʊd,ʊt.ʊd,ʊtʊd,ʊtʊd
ʊt.ʊg,ʊt.ʊg,ʊtʊg,ʊtʊg
ʊt.ʊf,ʊt.ʊf,ʊtʊf,ʊtʊf
ʊt.ʊs,ʊt.ʊs,ʊtʊs,ʊtʊs
ʊt.ʊv,ʊt.ʊv,ʊtʊv,ʊtʊv
ʊt.ʊz,ʊt.ʊz,ʊtʊz,ʊtʊz
ʊt.ʊʃ,ʊt.ʊʃ,ʊtʊʃ,ʊtʊʃ
ʊt.ʊʒ,ʊt.ʊʒ,ʊtʊʒ,ʊtʊʒ
ʊt.ʊθ,ʊt.ʊθ,ʊtʊθ,ʊtʊθ
ʊt.ʊð,ʊt.ʊð,ʊtʊð,ʊtʊð
ʊt.ɔm,ʊt.ɔm,ʊtɔm,ʊtɔm
ʊt.ɔn,ʊt.ɔn,ʊtɔn,ʊtɔn
ʊt.ɔŋ,ʊt.ɔŋ,ʊtɔŋ,ʊtɔŋ
ʊt.ɔp,ʊt.ɔp,ʊtɔp,ʊtɔp
ʊt.ɔt,ʊt.ɔt,ʊtɔt,ʊtɔt
ʊt.ɔk,ʊt.ɔk,ʊtɔk,ʊtɔk
ʊt.ɔb,ʊt.ɔb,ʊtɔb,ʊtɔb
ʊt.ɔd,ʊt.ɔd,ʊtɔd,ʊtɔd
ʊt.ɔg,ʊt.ɔg,ʊtɔg,ʊtɔg
ʊt.ɔf,ʊt.ɔf,ʊtɔf,ʊtɔf
ʊt.ɔs,ʊt.ɔs,ʊtɔs,ʊtɔs
ʊt.ɔv,ʊt.ɔv,ʊtɔv,ʊtɔv
ʊt.ɔz,ʊt.ɔz,ʊtɔz,ʊtɔz
ʊt.ɔʃ,ʊt.ɔʃ,ʊtɔʃ,ʊtɔʃ
ʊt.ɔʒ,ʊt.ɔʒ,ʊtɔʒ,ʊtɔʒ
ʊt.ɔθ,ʊt.ɔθ,ʊtɔθ,ʊtɔθ
ʊt.ɔð,ʊt.ɔð,ʊtɔð,ʊtɔð
ʊk.ɪm,ʊk.ɪm,ʊkɪm,ʊkɪm
ʊk.ɪn,ʊk.ɪn,ʊkɪn,ʊkɪn
ʊk.ɪŋ,ʊk.ɪŋ,ʊkɪŋ,ʊkɪŋ
ʊk.ɪp,ʊk.ɪp,ʊkɪp,ʊkɪp
ʊk.ɪt,ʊk.ɪt,ʊkɪt,ʊkɪt
ʊk.ɪk,ʊk.ɪk,ʊkɪk,ʊkɪk
ʊk.ɪb,ʊk.ɪb,ʊkɪb,ʊkɪb
ʊk.ɪd,ʊk.ɪd,ʊkɪd,ʊkɪd
ʊk.ɪg,ʊk.ɪg,ʊkɪg,ʊkɪg
ʊk.ɪf,ʊk.ɪf,ʊkɪf,ʊkɪf
ʊk.ɪs,ʊk.ɪs,ʊkɪs,ʊkɪs
ʊk.ɪv,ʊk.ɪv,ʊkɪv,ʊkɪv
ʊk.ɪz,ʊk.ɪz,ʊkɪz,ʊkɪz
ʊk.ɪʃ,ʊk.ɪʃ,ʊkɪʃ,ʊkɪʃ
ʊk.ɪʒ,ʊk.ɪʒ,ʊkɪʒ,ʊkɪʒ
ʊk.ɪθ,ʊk.ɪθ,ʊkɪθ,ʊkɪθ
ʊk.ɪð,ʊk.ɪð,ʊkɪð,ʊkɪð
ʊk.ɛm,ʊk.ɛm,ʊkɛm,ʊkɛm
ʊk.ɛn,ʊk.ɛn,ʊkɛn,ʊkɛn
ʊk.ɛŋ,ʊk.ɛŋ,ʊkɛŋ,ʊkɛŋ
ʊk.ɛp,ʊk.ɛp,ʊkɛp,ʊkɛp
ʊk.ɛt,ʊk.ɛt,ʊkɛt,ʊkɛt
ʊk.ɛk,ʊk.ɛk,ʊkɛk,ʊkɛk
ʊk.ɛb,ʊk.ɛb,ʊkɛb,ʊkɛb
ʊk.ɛd,ʊk.ɛd,ʊkɛd,ʊkɛd
ʊk.ɛg,ʊk.ɛg,ʊkɛg,ʊkɛg
ʊk.ɛf,ʊk.ɛf,ʊkɛf,ʊkɛf
ʊk.ɛs,ʊk.ɛs,ʊkɛs,ʊkɛs
ʊk.ɛv,ʊk.ɛv,ʊkɛv,ʊkɛv
ʊk.ɛz,ʊk.ɛz,ʊkɛz,ʊkɛz
ʊk.ɛʃ,ʊk.ɛʃ,ʊkɛʃ,ʊkɛʃ
ʊk.ɛʒ,ʊk.ɛʒ,ʊkɛʒ,ʊkɛʒ
ʊk.ɛθ,ʊk.ɛθ,ʊkɛθ,ʊkɛθ
ʊk.ɛð,ʊk.ɛð,ʊkɛð,ʊkɛð
ʊk.ʊm,ʊk.ʊm,ʊkʊm,ʊkʊm
ʊk.ʊn,ʊk.ʊn,ʊkʊn,ʊkʊn
ʊk.ʊŋ,ʊk.ʊŋ,ʊkʊŋ,ʊkʊŋ
ʊk.ʊp,ʊk.ʊp,ʊkʊp,ʊkʊp
ʊk.ʊt,ʊk.ʊt,ʊkʊt,ʊkʊt
ʊk.ʊk,ʊk.ʊk,ʊkʊk,ʊkʊk
ʊk.ʊb,ʊk.ʊb,ʊkʊb,ʊkʊb
ʊk.ʊd,ʊk.ʊd,ʊkʊd,ʊkʊd
ʊk.ʊg,ʊk.ʊg,ʊkʊg,ʊkʊg
ʊk.ʊf,ʊk.ʊf,ʊkʊf,ʊkʊf
ʊk.ʊs,ʊk.ʊs,ʊkʊs,ʊkʊs
ʊk.ʊv,ʊk.ʊv,ʊkʊv,ʊkʊv
ʊk.ʊz,ʊk.ʊz,ʊkʊz,ʊkʊz
ʊk.ʊʃ,ʊk.ʊʃ,ʊkʊʃ,ʊkʊʃ
ʊk.ʊʒ,ʊk.ʊʒ,ʊkʊʒ,ʊkʊʒ
ʊk.ʊθ,ʊk.ʊθ,ʊkʊθ,ʊkʊθ
ʊk.ʊð,ʊk.ʊð,ʊkʊð,ʊkʊð
ʊk.ɔm,ʊk.ɔm,ʊkɔm,ʊkɔm
ʊk.ɔn,ʊk.ɔn,ʊkɔn,ʊkɔn
ʊk.ɔŋ,ʊk.ɔŋ,ʊkɔŋ,ʊkɔŋ
ʊk.ɔp,ʊk.ɔp,ʊkɔp,ʊkɔp
ʊk.ɔt,ʊk.ɔt,ʊkɔt,ʊkɔt
ʊk.ɔk,ʊk.ɔk,ʊkɔk,ʊkɔk
ʊk.ɔb,ʊk.ɔb,ʊkɔb,ʊkɔb
ʊk.ɔd,ʊk.ɔd,ʊkɔd,ʊkɔd
ʊk.ɔg,ʊk.ɔg,ʊkɔg,ʊkɔg
ʊk.ɔf,ʊk.ɔf,ʊkɔf,ʊkɔf
ʊk.ɔs,ʊk.ɔs,ʊkɔs,ʊkɔs
ʊk.ɔv,ʊk.ɔv,ʊkɔv,ʊkɔv
ʊk.ɔz,ʊk.ɔz,ʊkɔz,ʊkɔz
ʊk.ɔʃ,ʊk.ɔʃ,ʊkɔʃ,ʊkɔʃ
ʊk.ɔʒ,ʊk.ɔʒ,ʊkɔʒ,ʊkɔʒ
ʊk.ɔθ,ʊk.ɔθ,ʊkɔθ,ʊkɔθ
ʊk.ɔð,ʊk.ɔð,ʊkɔð,ʊkɔð
ʊb.ɪm,ʊb.ɪm,ʊbɪm,ʊbɪm
ʊb.ɪn,ʊb.ɪn,ʊbɪn,ʊbɪn
ʊb.ɪŋ,ʊb.ɪŋ,ʊbɪŋ,ʊbɪŋ
ʊb.ɪp,ʊb.ɪp,ʊbɪp,ʊbɪp
ʊb.ɪt,ʊb.ɪt,ʊbɪt,ʊbɪt
ʊb.ɪk,ʊb.ɪk,ʊbɪk,ʊbɪk
ʊb.ɪb,ʊb.ɪb,ʊbɪb,ʊbɪb
ʊb.ɪd,ʊb.ɪd,ʊbɪd,ʊbɪd
ʊb.ɪg,ʊb.ɪg,ʊbɪg,ʊbɪg
ʊb.ɪf,ʊb.ɪf,ʊbɪf,ʊbɪf
ʊb.ɪs,ʊb.ɪs,ʊbɪs,ʊbɪs
ʊb.ɪv,ʊb.ɪv,ʊbɪv,ʊbɪv
ʊb.ɪz,ʊb.ɪz,ʊbɪz,ʊbɪz
ʊb.ɪʃ,ʊb.ɪʃ,ʊbɪʃ,ʊbɪʃ
ʊb.ɪʒ,ʊb.ɪʒ,ʊbɪʒ,ʊbɪʒ
ʊb.ɪθ,ʊb.ɪθ,ʊbɪθ,ʊbɪθ
ʊb.ɪð,ʊb.ɪð,ʊbɪð,ʊbɪð
ʊb.ɛm,ʊb.ɛm,ʊbɛm,ʊbɛm
ʊb.ɛn,ʊb.ɛn,ʊbɛn,ʊbɛn
ʊb.ɛŋ,ʊb.ɛŋ,ʊbɛŋ,ʊbɛŋ
ʊb.ɛp,ʊb.ɛp,ʊbɛp,ʊbɛp
ʊb.ɛt,ʊb.ɛt,ʊbɛt,ʊbɛt
ʊb.ɛk,ʊb.ɛk,ʊbɛk,ʊbɛk
ʊb.ɛb,ʊb.ɛb,ʊbɛb,ʊbɛb
ʊb.ɛd,ʊb.ɛd,ʊbɛd,ʊbɛd
ʊb.ɛg,ʊb.ɛg,ʊbɛg,ʊbɛg
ʊb.ɛf,ʊb.ɛf,ʊbɛf,ʊbɛf
ʊb.ɛs,ʊb.ɛs,ʊbɛs,ʊbɛs
ʊb.ɛv,ʊb.ɛv,ʊbɛv,ʊbɛv
ʊb.ɛz,ʊb.ɛz,ʊbɛz,ʊbɛz
ʊb.ɛʃ,ʊb.ɛʃ,ʊbɛʃ,ʊbɛʃ
ʊb.ɛʒ,ʊb.ɛʒ,ʊbɛʒ,ʊbɛʒ
ʊb.ɛθ,ʊb.ɛθ,ʊbɛθ,ʊbɛθ
ʊb.ɛð,ʊb.ɛð,ʊbɛð,ʊbɛð
ʊb.ʊm,ʊb.ʊm,ʊbʊm,ʊbʊm
ʊb.ʊn,ʊb.ʊn,ʊbʊn,ʊbʊn
ʊb.ʊŋ,ʊb.ʊŋ,ʊbʊŋ,ʊbʊŋ
ʊb.ʊp,ʊb.ʊp,ʊbʊp,ʊbʊp
ʊb.ʊt,ʊb.ʊt,ʊbʊt,ʊbʊt
ʊb.ʊk,ʊb.ʊk,ʊbʊk,ʊbʊk
ʊb.ʊb,ʊb.ʊb,ʊbʊb,ʊbʊb
ʊb.ʊd,ʊb.ʊd,ʊbʊd,ʊbʊd
ʊb.ʊg,ʊb.ʊg,ʊbʊg,ʊbʊg
ʊb.ʊf,ʊb.ʊf,ʊbʊf,ʊbʊf
ʊb.ʊs,ʊb.ʊs,ʊbʊs,ʊbʊs
ʊb.ʊv,ʊb.ʊv,ʊbʊv,ʊbʊv
ʊb.ʊz,ʊb.ʊz,ʊbʊz,ʊbʊz
ʊb.ʊʃ,ʊb.ʊʃ,ʊbʊʃ,ʊbʊʃ
ʊb.ʊʒ,ʊb.ʊʒ,ʊbʊʒ,ʊbʊʒ
ʊb.ʊθ,ʊb.ʊθ,ʊbʊθ,ʊbʊθ
ʊb.ʊð,ʊb.ʊð,ʊbʊð,ʊbʊð
ʊb.ɔm,ʊb.ɔm,ʊbɔm,ʊbɔm
ʊb.ɔn,ʊb.ɔn,ʊbɔn,ʊbɔn
ʊb.ɔŋ,ʊb.ɔŋ,ʊbɔŋ,ʊbɔŋ
ʊb.ɔp,ʊb.ɔp,ʊbɔp,ʊbɔp
ʊb.ɔt,ʊb.ɔt,ʊbɔt,ʊbɔt
ʊb.ɔk,ʊb.ɔk,ʊbɔk,ʊbɔk
ʊb.ɔb,ʊb.ɔb,ʊbɔb,ʊbɔb
ʊb.ɔd,ʊb.ɔd,ʊbɔd,ʊbɔd
ʊb.ɔg,ʊb.ɔg,ʊbɔg,ʊbɔg
ʊb.ɔf,ʊb.ɔf,ʊbɔf,ʊbɔf
ʊb.ɔs,ʊb.ɔs,ʊbɔs,ʊbɔs
ʊb.ɔv,ʊb.ɔv,ʊbɔv,ʊbɔv
ʊb.ɔz,ʊb.ɔz,ʊbɔz,ʊbɔz
ʊb.ɔʃ,ʊb.ɔʃ,ʊbɔʃ,ʊbɔʃ
ʊb.ɔʒ,ʊb.ɔʒ,ʊbɔʒ,ʊbɔʒ
ʊb.ɔθ,ʊb.ɔθ,ʊbɔθ,ʊbɔθ
ʊb.ɔð,ʊb.ɔð,ʊbɔð,ʊbɔð
ʊd.ɪm,ʊd.ɪm,ʊdɪm,ʊdɪm
ʊd.ɪn,ʊd.ɪn,ʊdɪn,ʊdɪn
ʊd.ɪŋ,ʊd.ɪŋ,ʊdɪŋ,ʊdɪŋ
ʊd.ɪp,ʊd.ɪp,ʊdɪp,ʊdɪp
ʊd.ɪt,ʊd.ɪt,ʊdɪt,ʊdɪt
ʊd.ɪk,ʊd.ɪk,ʊdɪk,ʊdɪk
ʊd.ɪb,ʊd.ɪb,ʊdɪb,ʊdɪb
ʊd.ɪd,ʊd.ɪd,ʊdɪd,ʊdɪd
ʊd.ɪg,ʊd.ɪg,ʊdɪg,ʊdɪg
ʊd.ɪf,ʊd.ɪf,ʊdɪf,ʊdɪf
ʊd.ɪs,ʊd.ɪs,ʊdɪs,ʊdɪs
ʊd.ɪv,ʊd.ɪv,ʊdɪv,ʊdɪv
ʊd.ɪz,ʊd.ɪz,ʊdɪz,ʊdɪz
ʊd.ɪʃ,ʊd.ɪʃ,ʊdɪʃ,ʊdɪʃ
ʊd.ɪʒ,ʊd.ɪʒ,ʊdɪʒ,ʊdɪʒ
ʊd.ɪθ,ʊd.ɪθ,ʊdɪθ,ʊdɪθ
ʊd.ɪð,ʊd.ɪð,ʊdɪð,ʊdɪð
ʊd.ɛm,ʊd.ɛm,ʊdɛm,ʊdɛm
ʊd.ɛn,ʊd.ɛn,ʊdɛn,ʊdɛn
ʊd.ɛŋ,ʊd.ɛŋ,ʊdɛŋ,ʊdɛŋ
ʊd.ɛp,ʊd.ɛp,ʊdɛp,ʊdɛp
ʊd.ɛt,ʊd.ɛt,ʊdɛt,ʊdɛt
ʊd.ɛk,ʊd.ɛk,ʊdɛk,ʊdɛk
ʊd.ɛb,ʊd.ɛb,ʊdɛb,ʊdɛb
ʊd.ɛd,ʊd.ɛd,ʊdɛd,ʊdɛd
ʊd.ɛg,ʊd.ɛg,ʊdɛg,ʊdɛg
ʊd.ɛf,ʊd.ɛf,ʊdɛf,ʊdɛf
ʊd.ɛs,ʊd.ɛs,ʊdɛs,ʊdɛs
ʊd.ɛv,ʊd.ɛv,ʊdɛv,ʊdɛv
ʊd.ɛz,ʊd.ɛz,ʊdɛz,ʊdɛz
ʊd.ɛʃ,ʊd.ɛʃ,ʊdɛʃ,ʊdɛʃ
ʊd.ɛʒ,ʊd.ɛʒ,ʊdɛʒ,ʊdɛʒ
ʊd.ɛθ,ʊd.ɛθ,ʊdɛθ,ʊdɛθ
ʊd.ɛð,ʊd.ɛð,ʊdɛð,ʊdɛð
ʊd.ʊm,ʊd.ʊm,ʊdʊm,ʊdʊm
ʊd.ʊn,ʊd.ʊn,ʊdʊn,ʊdʊn
ʊd.ʊŋ,ʊd.ʊŋ,ʊdʊŋ,ʊdʊŋ
ʊd.ʊp,ʊd.ʊp,ʊdʊp,ʊdʊp
ʊd.ʊt,ʊd.ʊt,ʊdʊt,ʊdʊt
ʊd.ʊk,ʊd.ʊk,ʊdʊk,ʊdʊk
ʊd.ʊb,ʊd.ʊb,ʊdʊb,ʊdʊb
ʊd.ʊd,ʊd.ʊd,ʊdʊd,ʊdʊd
ʊd.ʊg,ʊd.ʊg,ʊdʊg,ʊdʊg
ʊd.ʊf,ʊd.ʊf,ʊdʊf,ʊdʊf
ʊd.ʊs,ʊd.ʊs,ʊdʊs,ʊdʊs
ʊd.ʊv,ʊd.ʊv,ʊdʊv,ʊdʊv
ʊd.ʊz,ʊd.ʊz,ʊdʊz,ʊdʊz
ʊd.ʊʃ,ʊd.ʊʃ,ʊdʊʃ,ʊdʊʃ
ʊd.ʊʒ,ʊd.ʊʒ,ʊdʊʒ,ʊdʊʒ
ʊd.ʊθ,ʊd.ʊθ,ʊdʊθ,ʊdʊθ
ʊd.ʊð,ʊd.ʊð,ʊdʊð,ʊdʊð
ʊd.ɔm,ʊd.ɔm,ʊdɔm,ʊdɔm
ʊd.ɔn,ʊd.ɔn,ʊdɔn,ʊdɔn
ʊd.ɔŋ,ʊd.ɔŋ,ʊdɔŋ,ʊdɔŋ
ʊd.ɔp,ʊd.ɔp,ʊdɔp,ʊdɔp
ʊd.ɔt,ʊd.ɔt,ʊdɔt,ʊdɔt
ʊd.ɔk,ʊd.ɔk,ʊdɔk,ʊdɔk
ʊd.ɔb,ʊd.ɔb,ʊdɔb,ʊdɔb
ʊd.ɔd,ʊd.ɔd,ʊdɔd,ʊdɔd
ʊd.ɔg,ʊd.ɔg,ʊdɔg,ʊdɔg
ʊd.ɔf,ʊd.ɔf,ʊdɔf,ʊdɔf
ʊd.ɔs,ʊd.ɔs,ʊdɔs,ʊdɔs
ʊd.ɔv,ʊd.ɔv,ʊdɔv,ʊdɔv
ʊd.ɔz,ʊd.ɔz,ʊdɔz,ʊdɔz
ʊd.ɔʃ,ʊd.ɔʃ,ʊdɔʃ,ʊdɔʃ
ʊd.ɔʒ,ʊd.ɔʒ,ʊdɔʒ,ʊdɔʒ
ʊd.ɔθ,ʊd.ɔθ,ʊdɔθ,ʊdɔθ
ʊd.ɔð,ʊd.ɔð,ʊdɔð,ʊdɔð
ʊg.ɪm,ʊg.ɪm,ʊgɪm,ʊgɪm
ʊg.ɪn,ʊg.ɪn,ʊgɪn,ʊgɪn
ʊg.ɪŋ,ʊg.ɪŋ,ʊgɪŋ,ʊgɪŋ
ʊg.ɪp,ʊg.ɪp,ʊgɪp,ʊgɪp
ʊg.ɪt,ʊg.ɪt,ʊgɪt,ʊgɪt
ʊg.ɪk,ʊg.ɪk,ʊgɪk,ʊgɪk
ʊg.ɪb,ʊg.ɪb,ʊgɪb,ʊgɪb
ʊg.ɪd,ʊg.ɪd,ʊgɪd,ʊgɪd
ʊg.ɪg,ʊg.ɪg,ʊgɪg,ʊgɪg
ʊg.ɪf,ʊg.ɪf,ʊgɪf,ʊgɪf
ʊg.ɪs,ʊg.ɪs,ʊgɪs,ʊgɪs
ʊg.ɪv,ʊg.ɪv,ʊgɪv,ʊgɪv
ʊg.ɪz,ʊg.ɪz,ʊgɪz,ʊgɪz
ʊg.ɪʃ,ʊg.ɪʃ,ʊgɪʃ,ʊgɪʃ
ʊg.ɪʒ,ʊg.ɪʒ,ʊgɪʒ,ʊgɪʒ
ʊg.ɪθ,ʊg.ɪθ,ʊgɪθ,ʊgɪθ
ʊg.ɪð,ʊg.ɪð,ʊgɪð,ʊgɪð
ʊg.ɛm,ʊg.ɛm,ʊgɛm,ʊgɛm
ʊg.ɛn,ʊg.ɛn,ʊgɛn,ʊgɛn
ʊg.ɛŋ,ʊg.ɛŋ,ʊgɛŋ,ʊgɛŋ
ʊg.ɛp,ʊg.ɛp,ʊgɛp,ʊgɛp
ʊg.ɛt,ʊg.ɛt,ʊgɛt,ʊgɛt
ʊg.ɛk,ʊg.ɛk,ʊgɛk,ʊgɛk
ʊg.ɛb,ʊg.ɛb,ʊgɛb,ʊgɛb
ʊg.ɛd,ʊg.ɛd,ʊgɛd,ʊgɛd
ʊg.ɛg,ʊg.ɛg,ʊgɛg,ʊgɛg
ʊg.ɛf,ʊg.ɛf,ʊgɛf,ʊgɛf
ʊg.ɛs,ʊg.ɛs,ʊgɛs,ʊgɛs
ʊg.ɛv,ʊg.ɛv,ʊgɛv,ʊgɛv
ʊg.ɛz,ʊg.ɛz,ʊgɛz,ʊgɛz
ʊg.ɛʃ,ʊg.ɛʃ,ʊgɛʃ,ʊgɛʃ
ʊg.ɛʒ,ʊg.ɛʒ,ʊgɛʒ,ʊgɛʒ
ʊg.ɛθ,ʊg.ɛθ,ʊgɛθ,ʊgɛθ
ʊg.ɛð,ʊg.ɛð,ʊgɛð,ʊgɛð
ʊg.ʊm,ʊg.ʊm,ʊgʊm,ʊgʊm
ʊg.ʊn,ʊg.ʊn,ʊgʊn,ʊgʊn
ʊg.ʊŋ,ʊg.ʊŋ,ʊgʊŋ,ʊgʊŋ
ʊg.ʊp,ʊg.ʊp,ʊgʊp,ʊgʊp
ʊg.ʊt,ʊg.ʊt,ʊgʊt,ʊgʊt
ʊg.ʊk,ʊg.ʊk,ʊgʊk,ʊgʊk
ʊg.ʊb,ʊg.ʊb,ʊgʊb,ʊgʊb
ʊg.ʊd,ʊg.ʊd,ʊgʊd,ʊgʊd
ʊg.ʊg,ʊg.ʊg,ʊgʊg,ʊgʊg
ʊg.ʊf,ʊg.ʊf,ʊgʊf,ʊgʊf
ʊg.ʊs,ʊg.ʊs,ʊgʊs,ʊgʊs
ʊg.ʊv,ʊg.ʊv,ʊgʊv,ʊgʊv
ʊg.ʊz,ʊg.ʊz,ʊgʊz,ʊgʊz
ʊg.ʊʃ,ʊg.ʊʃ,ʊgʊʃ,ʊgʊʃ
ʊg.ʊʒ,ʊg.ʊʒ,ʊgʊʒ,ʊgʊʒ
ʊg.ʊθ,ʊg.ʊθ,ʊgʊθ,ʊgʊθ
ʊg.ʊð,ʊg.ʊð,ʊgʊð,ʊgʊð
ʊg.ɔm,ʊg.ɔm,ʊgɔm,ʊgɔm
ʊg.ɔn,ʊg.ɔn,ʊgɔn,ʊgɔn
ʊg.ɔŋ,ʊg.ɔŋ,ʊgɔŋ,ʊgɔŋ
ʊg.ɔp,ʊg.ɔp,ʊgɔp,ʊgɔp
ʊg.ɔt,ʊg.ɔt,ʊgɔt,ʊgɔt
ʊg.ɔk,ʊg.ɔk,ʊgɔk,ʊgɔk
ʊg.ɔb,ʊg.ɔb,ʊgɔb,ʊgɔb
ʊg.ɔd,ʊg.ɔd,ʊgɔd,ʊgɔd
ʊg.ɔg,ʊg.ɔg,ʊgɔg,ʊgɔg
ʊg.ɔf,ʊg.ɔf,ʊgɔf,ʊgɔf
ʊg.ɔs,ʊg.ɔs,ʊgɔs,ʊgɔs
ʊg.ɔv,ʊg.ɔv,ʊgɔv,ʊgɔv
ʊg.ɔz,ʊg.ɔz,ʊgɔz,ʊgɔz
ʊg.ɔʃ,ʊg.ɔʃ,ʊgɔʃ,ʊgɔʃ
ʊg.ɔʒ,ʊg.ɔʒ,ʊgɔʒ,ʊgɔʒ
ʊg.ɔθ,ʊg.ɔθ,ʊgɔθ,ʊgɔθ
ʊg.ɔð,ʊg.ɔð,ʊgɔð,ʊgɔð
ʊf.ɪm,ʊf.ɪm,ʊfɪm,ʊfɪm
ʊf.ɪn,ʊf.ɪn,ʊfɪn,ʊfɪn
ʊf.ɪŋ,ʊf.ɪŋ,ʊfɪŋ,ʊfɪŋ
ʊf.ɪp,ʊf.ɪp,ʊfɪp,ʊfɪp
ʊf.ɪt,ʊf.ɪt,ʊfɪt,ʊfɪt
ʊf.ɪk,ʊf.ɪk,ʊfɪk,ʊfɪk
ʊf.ɪb,ʊf.ɪb,ʊfɪb,ʊfɪb
ʊf.ɪd,ʊf.ɪd,ʊfɪd,ʊfɪd
ʊf.ɪg,ʊf.ɪg,ʊfɪg,ʊfɪg
ʊf.ɪf,ʊf.ɪf,ʊfɪf,ʊfɪf
ʊf.ɪs,ʊf.ɪs,ʊfɪs,ʊfɪs
ʊf.ɪv,ʊf.ɪv,ʊfɪv,ʊfɪv
ʊf.ɪz,ʊf.ɪz,ʊfɪz,ʊfɪz
ʊf.ɪʃ,ʊf.ɪʃ,ʊfɪʃ,ʊfɪʃ
ʊf.ɪʒ,ʊf.ɪʒ,ʊfɪʒ,ʊfɪʒ
ʊf.ɪθ,ʊf.ɪθ,ʊfɪθ,ʊfɪθ
ʊf.ɪð,ʊf.ɪð,ʊfɪð,ʊfɪð
ʊf.ɛm,ʊf.ɛm,ʊfɛm,ʊfɛm
ʊf.ɛn,ʊf.ɛn,ʊfɛn,ʊfɛn
ʊf.ɛŋ,ʊf.ɛŋ,ʊfɛŋ,ʊfɛŋ
ʊf.ɛp,ʊf.ɛp,ʊfɛp,ʊfɛp
ʊf.ɛt,ʊf.ɛt,ʊfɛt,ʊfɛt
ʊf.ɛk,ʊf.ɛk,ʊfɛk,ʊfɛk
ʊf.ɛb,ʊf.ɛb,ʊfɛb,ʊfɛb
ʊf.ɛd,ʊf.ɛd,ʊfɛd,ʊfɛd
ʊf.ɛg,ʊf.ɛg,ʊfɛg,ʊfɛg
ʊf.ɛf,ʊf.ɛf,ʊfɛf,ʊfɛf
ʊf.ɛs,ʊf.ɛs,ʊfɛs,ʊfɛs
ʊf.ɛv,ʊf.ɛv,ʊfɛv,ʊfɛv
ʊf.ɛz,ʊf.ɛz,ʊfɛz,ʊfɛz
ʊf.ɛʃ,ʊf.ɛʃ,ʊfɛʃ,ʊfɛʃ
ʊf.ɛʒ,ʊf.ɛʒ,ʊfɛʒ,ʊfɛʒ
ʊf.ɛθ,ʊf.ɛθ,ʊfɛθ,ʊfɛθ
ʊf.ɛð,ʊf.ɛð,ʊfɛð,ʊfɛð
ʊf.ʊm,ʊf.ʊm,ʊfʊm,ʊfʊm
ʊf.ʊn,ʊf.ʊn,ʊfʊn,ʊfʊn
ʊf.ʊŋ,ʊf.ʊŋ,ʊfʊŋ,ʊfʊŋ
ʊf.ʊp,ʊf.ʊp,ʊfʊp,ʊfʊp
ʊf.ʊt,ʊf.ʊt,ʊfʊt,ʊfʊt
ʊf.ʊk,ʊf.ʊk,ʊfʊk,ʊfʊk
ʊf.ʊb,ʊf.ʊb,ʊfʊb,ʊfʊb
ʊf.ʊd,ʊf.ʊd,ʊfʊd,ʊfʊd
ʊf.ʊg,ʊf.ʊg,ʊfʊg,ʊfʊg
ʊf.ʊf,ʊf.ʊf,ʊfʊf,ʊfʊf
ʊf.ʊs,ʊf.ʊs,ʊfʊs,ʊfʊs
ʊf.ʊv,ʊf.ʊv,ʊfʊv,ʊfʊv
ʊf.ʊz,ʊf.ʊz,ʊfʊz,ʊfʊz
ʊf.ʊʃ,ʊf.ʊʃ,ʊfʊʃ,ʊfʊʃ
ʊf.ʊʒ,ʊf.ʊʒ,ʊfʊʒ,ʊfʊʒ
ʊf.ʊθ,ʊf.ʊθ,ʊfʊθ,ʊfʊθ
ʊf.ʊð,ʊf.ʊð,ʊfʊð,ʊfʊð
ʊf.ɔm,ʊf.ɔm,ʊfɔm,ʊfɔm
ʊf.ɔn,ʊf.ɔn,ʊfɔn,ʊfɔn
ʊf.ɔŋ,ʊf.ɔŋ,ʊfɔŋ,ʊfɔŋ
ʊf.ɔp,ʊf.ɔp,ʊfɔp,ʊfɔp
ʊf.ɔt,ʊf.ɔt,ʊfɔt,ʊfɔt
ʊf.ɔk,ʊf.ɔk,ʊfɔk,ʊfɔk
ʊf.ɔb,ʊf.ɔb,ʊfɔb,ʊfɔb
ʊf.ɔd,ʊf.ɔd,ʊfɔd,ʊfɔd
ʊf.ɔg,ʊf.ɔg,ʊfɔg,ʊfɔg
ʊf.ɔf,ʊf.ɔf,ʊfɔf,ʊfɔf
ʊf.ɔs,ʊf.ɔs,ʊfɔs,ʊfɔs
ʊf.ɔv,ʊf.ɔv,ʊfɔv,ʊfɔv
ʊf.ɔz,ʊf.ɔz,ʊfɔz,ʊfɔz
ʊf.ɔʃ,ʊf.ɔʃ,ʊfɔʃ,ʊfɔʃ
ʊf.ɔʒ,ʊf.ɔʒ,ʊfɔʒ,ʊfɔʒ
ʊf.ɔθ,ʊf.ɔθ,ʊfɔθ,ʊfɔθ
ʊf.ɔð,ʊf.ɔð,ʊfɔð,ʊfɔð
ʊs.ɪm,ʊs.ɪm,ʊsɪm,ʊsɪm
ʊs.ɪn,ʊs.ɪn,ʊsɪn,ʊsɪn
ʊs.ɪŋ,ʊs.ɪŋ,ʊsɪŋ,ʊsɪŋ
ʊs.ɪp,ʊs.ɪp,ʊsɪp,ʊsɪp
ʊs.ɪt,ʊs.ɪt,ʊsɪt,ʊsɪt
ʊs.ɪk,ʊs.ɪk,ʊsɪk,ʊsɪk
ʊs.ɪb,ʊs.ɪb,ʊsɪb,ʊsɪb
ʊs.ɪd,ʊs.ɪd,ʊsɪd,ʊsɪd
ʊs.ɪg,ʊs.ɪg,ʊsɪg,ʊsɪg
ʊs.ɪf,ʊs.ɪf,ʊsɪf,ʊsɪf
ʊs.ɪs,ʊs.ɪs,ʊsɪs,ʊsɪs
ʊs.ɪv,ʊs.ɪv,ʊsɪv,ʊsɪv
ʊs.ɪz,ʊs.ɪz,ʊsɪz,ʊsɪz
ʊs.ɪʃ,ʊs.ɪʃ,ʊsɪʃ,ʊsɪʃ
ʊs.ɪʒ,ʊs.ɪʒ,ʊsɪʒ,ʊsɪʒ
ʊs.ɪθ,ʊs.ɪθ,ʊsɪθ,ʊsɪθ
ʊs.ɪð,ʊs.ɪð,ʊsɪð,ʊsɪð
ʊs.ɛm,ʊs.ɛm,ʊsɛm,ʊsɛm
ʊs.ɛn,ʊs.ɛn,ʊsɛn,ʊsɛn
ʊs.ɛŋ,ʊs.ɛŋ,ʊsɛŋ,ʊsɛŋ
ʊs.ɛp,ʊs.ɛp,ʊsɛp,ʊsɛp
ʊs.ɛt,ʊs.ɛt,ʊsɛt,ʊsɛt
ʊs.ɛk,ʊs.ɛk,ʊsɛk,ʊsɛk
ʊs.ɛb,ʊs.ɛb,ʊsɛb,ʊsɛb
ʊs.ɛd,ʊs.ɛd,ʊsɛd,ʊsɛd
ʊs.ɛg,ʊs.ɛg,ʊsɛg,ʊsɛg
ʊs.ɛf,ʊs.ɛf,ʊsɛf,ʊsɛf
ʊs.ɛs,ʊs.ɛs,ʊsɛs,ʊsɛs
ʊs.ɛv,ʊs.ɛv,ʊsɛv,ʊsɛv
ʊs.ɛz,ʊs.ɛz,ʊsɛz,ʊsɛz
ʊs.ɛʃ,ʊs.ɛʃ,ʊsɛʃ,ʊsɛʃ
ʊs.ɛʒ,ʊs.ɛʒ,ʊsɛʒ,ʊsɛʒ
ʊs.ɛθ,ʊs.ɛθ,ʊsɛθ,ʊsɛθ
ʊs.ɛð,ʊs.ɛð,ʊsɛð,ʊsɛð
ʊs.ʊm,ʊs.ʊm,ʊsʊm,ʊsʊm
ʊs.ʊn,ʊs.ʊn,ʊsʊn,ʊsʊn
ʊs.ʊŋ,ʊs.ʊŋ,ʊsʊŋ,ʊsʊŋ
ʊs.ʊp,ʊs.ʊp,ʊsʊp,ʊsʊp
ʊs.ʊt,ʊs.ʊt,ʊsʊt,ʊsʊt
ʊs.ʊk,ʊs.ʊk,ʊsʊk,ʊsʊk
ʊs.ʊb,ʊs.ʊb,ʊsʊb,ʊsʊb
ʊs.ʊd,ʊs.ʊd,ʊsʊd,ʊsʊd
ʊs.ʊg,ʊs.ʊg,ʊsʊg,ʊsʊg
ʊs.ʊf,ʊs.ʊf,ʊsʊf,ʊsʊf
ʊs.ʊs,ʊs.ʊs,ʊsʊs,ʊsʊs
ʊs.ʊv,ʊs.ʊv,ʊsʊv,ʊsʊv
ʊs.ʊz,ʊs.ʊz,ʊsʊz,ʊsʊz
ʊs.ʊʃ,ʊs.ʊʃ,ʊsʊʃ,ʊsʊʃ
ʊs.ʊʒ,ʊs.ʊʒ,ʊsʊʒ,ʊsʊʒ
ʊs.ʊθ,ʊs.ʊθ,ʊsʊθ,ʊsʊθ
ʊs.ʊð,ʊs.ʊð,ʊsʊð,ʊsʊð
ʊs.ɔm,ʊs.ɔm,ʊsɔm,ʊsɔm
ʊs.ɔn,ʊs.ɔn,ʊsɔn,ʊsɔn
ʊs.ɔŋ,ʊs.ɔŋ,ʊsɔŋ,ʊsɔŋ
ʊs.ɔp,ʊs.ɔp,ʊsɔp,ʊsɔp
ʊs.ɔt,ʊs.ɔt,ʊsɔt,ʊsɔt
ʊs.ɔk,ʊs.ɔk,ʊsɔk,ʊsɔk
ʊs.ɔb,ʊs.ɔb,ʊsɔb,ʊsɔb
ʊs.ɔd,ʊs.ɔd,ʊsɔd,ʊsɔd
ʊs.ɔg,ʊs.ɔg,ʊsɔg,ʊsɔg
ʊs.ɔf,ʊs.ɔf,ʊsɔf,ʊsɔf
ʊs.ɔs,ʊs.ɔs,ʊsɔs,ʊsɔs
ʊs.ɔv,ʊs.ɔv,ʊsɔv,ʊsɔv
ʊs.ɔz,ʊs.ɔz,ʊsɔz,ʊsɔz
ʊs.ɔʃ,ʊs.ɔʃ,ʊsɔʃ,ʊsɔʃ
ʊs.ɔʒ,ʊs.ɔʒ,ʊsɔʒ,ʊsɔʒ
ʊs.ɔθ,ʊs.ɔθ,ʊsɔθ,ʊsɔθ
ʊs.ɔð,ʊs.ɔð,ʊsɔð,ʊsɔð
ʊv.ɪm,ʊv.ɪm,ʊvɪm,ʊvɪm
ʊv.ɪn,ʊv.ɪn,ʊvɪn,ʊvɪn
ʊv.ɪŋ,ʊv.ɪŋ,ʊvɪŋ,ʊvɪŋ
ʊv.ɪp,ʊv.ɪp,ʊvɪp,ʊvɪp
ʊv.ɪt,ʊv.ɪt,ʊvɪt,ʊvɪt
ʊv.ɪk,ʊv.ɪk,ʊvɪk,ʊvɪk
ʊv.ɪb,ʊv.ɪb,ʊvɪb,ʊvɪb
ʊv.ɪd,ʊv.ɪd,ʊvɪd,ʊvɪd
ʊv.ɪg,ʊv.ɪg,ʊvɪg,ʊvɪg
ʊv.ɪf,ʊv.ɪf,ʊvɪf,ʊvɪf
ʊv.ɪs,ʊv.ɪs,ʊvɪs,ʊvɪs
ʊv.ɪv,ʊv.ɪv,ʊvɪv,ʊvɪv
ʊv.ɪz,ʊv.ɪz,ʊvɪz,ʊvɪz
ʊv.ɪʃ,ʊv.ɪʃ,ʊvɪʃ,ʊvɪʃ
ʊv.ɪʒ,ʊv.ɪʒ,ʊvɪʒ,ʊvɪʒ
ʊv.ɪθ,ʊv.ɪθ,ʊvɪθ,ʊvɪθ
ʊv.ɪð,ʊv.ɪð,ʊvɪð,ʊvɪð
ʊv.ɛm,ʊv.ɛm,ʊvɛm,ʊvɛm
ʊv.ɛn,ʊv.ɛn,ʊvɛn,ʊvɛn
ʊv.ɛŋ,ʊv.ɛŋ,ʊvɛŋ,ʊvɛŋ
ʊv.ɛp,ʊv.ɛp,ʊvɛp,ʊvɛp
ʊv.ɛt,ʊv.ɛt,ʊvɛt,ʊvɛt
ʊv.ɛk,ʊv.ɛk,ʊvɛk,ʊvɛk
ʊv.ɛb,ʊv.ɛb,ʊvɛb,ʊvɛb
ʊv.ɛd,ʊv.ɛd,ʊvɛd,ʊvɛd
ʊv.ɛg,ʊv.ɛg,ʊvɛg,ʊvɛg
ʊv.ɛf,ʊv.ɛf,ʊvɛf,ʊvɛf
ʊv.ɛs,ʊv.ɛs,ʊvɛs,ʊvɛs
ʊv.ɛv,ʊv.ɛv,ʊvɛv,ʊvɛv
ʊv.ɛz,ʊv.ɛz,ʊvɛz,ʊvɛz
ʊv.ɛʃ,ʊv.ɛʃ,ʊvɛʃ,ʊvɛʃ
ʊv.ɛʒ,ʊv.ɛʒ,ʊvɛʒ,ʊvɛʒ
ʊv.ɛθ,ʊv.ɛθ,ʊvɛθ,ʊvɛθ
ʊv.ɛð,ʊv.ɛð,ʊvɛð,ʊvɛð
ʊv.ʊm,ʊv.ʊm,ʊvʊm,ʊvʊm
ʊv.ʊn,ʊv.ʊn,ʊvʊn,ʊvʊn
ʊv.ʊŋ,ʊv.ʊŋ,ʊvʊŋ,ʊvʊŋ
ʊv.ʊp,ʊv.ʊp,ʊvʊp,ʊvʊp
ʊv.ʊt,ʊv.ʊt,ʊvʊt,ʊvʊt
ʊv.ʊk,ʊv.ʊk,ʊvʊk,ʊvʊk
ʊv.ʊb,ʊv.ʊb,ʊvʊb,ʊvʊb
ʊv.ʊd,ʊv.ʊd,ʊvʊd,ʊvʊd
ʊv.ʊg,ʊv.ʊg,ʊvʊg,ʊvʊg
ʊv.ʊf,ʊv.ʊf,ʊvʊf,ʊvʊf
ʊv.ʊs,ʊv.ʊs,ʊvʊs,ʊvʊs
ʊv.ʊv,ʊv.ʊv,ʊvʊv,ʊvʊv
ʊv.ʊz,ʊv.ʊz,ʊvʊz,ʊvʊz
ʊv.ʊʃ,ʊv.ʊʃ,ʊvʊʃ,ʊvʊʃ
ʊv.ʊʒ,ʊv.ʊʒ,ʊvʊʒ,ʊvʊʒ
ʊv.ʊθ,ʊv.ʊθ,ʊvʊθ,ʊvʊθ
ʊv.ʊð,ʊv.ʊð,ʊvʊð,ʊvʊð
ʊv.ɔm,ʊv.ɔm,ʊvɔm,ʊvɔm
ʊv.ɔn,ʊv.ɔn,ʊvɔn,ʊvɔn
ʊv.ɔŋ,ʊv.ɔŋ,ʊvɔŋ,ʊvɔŋ
ʊv.ɔp,ʊv.ɔp,ʊvɔp,ʊvɔp
ʊv.ɔt,ʊv.ɔt,ʊvɔt,ʊvɔt
ʊv.ɔk,ʊv.ɔk,ʊvɔk,ʊvɔk
ʊv.ɔb,ʊv.ɔb,ʊvɔb,ʊvɔb
ʊv.ɔd,ʊv.ɔd,ʊvɔd,ʊvɔd
ʊv.ɔg,ʊv.ɔg,ʊvɔg,ʊvɔg
ʊv.ɔf,ʊv.ɔf,ʊvɔf,ʊvɔf
ʊv.ɔs,ʊv.ɔs,ʊvɔs,ʊvɔs
ʊv.ɔv,ʊv.ɔv,ʊvɔv,ʊvɔv
ʊv.ɔz,ʊv.ɔz,ʊvɔz,ʊvɔz
ʊv.ɔʃ,ʊv.ɔʃ,ʊvɔʃ,ʊvɔʃ
ʊv.ɔʒ,ʊv.ɔʒ,ʊvɔʒ,ʊvɔʒ
ʊv.ɔθ,ʊv.ɔθ,ʊvɔθ,ʊvɔθ
ʊv.ɔð,ʊv.ɔð,ʊvɔð,ʊvɔð
ʊz.ɪm,ʊz.ɪm,ʊzɪm,ʊzɪm
ʊz.ɪn,ʊz.ɪn,ʊzɪn,ʊzɪn
ʊz.ɪŋ,ʊz.ɪŋ,ʊzɪŋ,ʊzɪŋ
ʊz.ɪp,ʊz.ɪp,ʊzɪp,ʊzɪp
ʊz.ɪt,ʊz.ɪt,ʊzɪt,ʊzɪt
ʊz.ɪk,ʊz.ɪk,ʊzɪk,ʊzɪk
ʊz.ɪb,ʊz.ɪb,ʊzɪb,ʊzɪb
ʊz.ɪd,ʊz.ɪd,ʊzɪd,ʊzɪd
ʊz.ɪg,ʊz.ɪg,ʊzɪg,ʊzɪg
ʊz.ɪf,ʊz.ɪf,ʊzɪf,ʊzɪf
ʊz.ɪs,ʊz.ɪs,ʊzɪs,ʊzɪs
ʊz.ɪv,ʊz.ɪv,ʊzɪv,ʊzɪv
ʊz.ɪz,ʊz.ɪz,ʊzɪz,ʊzɪz
ʊz.ɪʃ,ʊz.ɪʃ,ʊzɪʃ,ʊzɪʃ
ʊz.ɪʒ,ʊz.ɪʒ,ʊzɪʒ,ʊzɪʒ
ʊz.ɪθ,ʊz.ɪθ,ʊzɪθ,ʊzɪθ
ʊz.ɪð,ʊz.ɪð,ʊzɪð,ʊzɪð
ʊz.ɛm,ʊz.ɛm,ʊzɛm,ʊzɛm
ʊz.ɛn,ʊz.ɛn,ʊzɛn,ʊzɛn
ʊz.ɛŋ,ʊz.ɛŋ,ʊzɛŋ,ʊzɛŋ
ʊz.ɛp,ʊz.ɛp,ʊzɛp,ʊzɛp
ʊz.ɛt,ʊz.ɛt,ʊzɛt,ʊzɛt
ʊz.ɛk,ʊz.ɛk,ʊzɛk,ʊzɛk
ʊz.ɛb,ʊz.ɛb,ʊzɛb,ʊzɛb
ʊz.ɛd,ʊz.ɛd,ʊzɛd,ʊzɛd
ʊz.ɛg,ʊz.ɛg,ʊzɛg,ʊzɛg
ʊz.ɛf,ʊz.ɛf,ʊzɛf,ʊzɛf
ʊz.ɛs,ʊz.ɛs,ʊzɛs,ʊzɛs
ʊz.ɛv,ʊz.ɛv,ʊzɛv,ʊzɛv
ʊz.ɛz,ʊz.ɛz,ʊzɛz,ʊzɛz
ʊz.ɛʃ,ʊz.ɛʃ,ʊzɛʃ,ʊzɛʃ
ʊz.ɛʒ,ʊz.ɛʒ,ʊzɛʒ,ʊzɛʒ
ʊz.ɛθ,ʊz.ɛθ,ʊzɛθ,ʊzɛθ
ʊz.ɛð,ʊz.ɛð,ʊzɛð,ʊzɛð
ʊz.ʊm,ʊz.ʊm,ʊzʊm,ʊzʊm
ʊz.ʊn,ʊz.ʊn,ʊzʊn,ʊzʊn
ʊz.ʊŋ,ʊz.ʊŋ,ʊzʊŋ,ʊzʊŋ
ʊz.ʊp,ʊz.ʊp,ʊzʊp,ʊzʊp
ʊz.ʊt,ʊz.ʊt,ʊzʊt,ʊzʊt
ʊz.ʊk,ʊz.ʊk,ʊzʊk,ʊzʊk
ʊz.ʊb,ʊz.ʊb,ʊzʊb,ʊzʊb
ʊz.ʊd,ʊz.ʊd,ʊzʊd,ʊzʊd
ʊz.ʊg,ʊz.ʊg,ʊzʊg,ʊzʊg
ʊz.ʊf,ʊz.ʊf,ʊzʊf,ʊzʊf
ʊz.ʊs,ʊz.ʊs,ʊzʊs,ʊzʊs
ʊz.ʊv,ʊz.ʊv,ʊzʊv,ʊzʊv
ʊz.ʊz,ʊz.ʊz,ʊzʊz,ʊzʊz
ʊz.ʊʃ,ʊz.ʊʃ,ʊzʊʃ,ʊzʊʃ
ʊz.ʊʒ,ʊz.ʊʒ,ʊzʊʒ,ʊzʊʒ
ʊz.ʊθ,ʊz.ʊθ,ʊzʊθ,ʊzʊθ
ʊz.ʊð,ʊz.ʊð,ʊzʊð,ʊzʊð
ʊz.ɔm,ʊz.ɔm,ʊzɔm,ʊzɔm
ʊz.ɔn,ʊz.ɔn,ʊzɔn,ʊzɔn
ʊz.ɔŋ,ʊz.ɔŋ,ʊzɔŋ,ʊzɔŋ
ʊz.ɔp,ʊz.ɔp,ʊzɔp,ʊzɔp
ʊz.ɔt,ʊz.ɔt,ʊzɔt,ʊzɔt
ʊz.ɔk,ʊz.ɔk,ʊzɔk,ʊzɔk
ʊz.ɔb,ʊz.ɔb,ʊzɔb,ʊzɔb
ʊz.ɔd,ʊz.ɔd,ʊzɔd,ʊzɔd
ʊz.ɔg,ʊz.ɔg,ʊzɔg,ʊzɔg
ʊz.ɔf,ʊz.ɔf,ʊzɔf,ʊzɔf
ʊz.ɔs,ʊz.ɔs,ʊzɔs,ʊzɔs
ʊz.ɔv,ʊz.ɔv,ʊzɔv,ʊzɔv
ʊz.ɔz,ʊz.ɔz,ʊzɔz,ʊzɔz
ʊz.ɔʃ,ʊz.ɔʃ,ʊzɔʃ,ʊzɔʃ
ʊz.ɔʒ,ʊz.ɔʒ,ʊzɔʒ,ʊzɔʒ
ʊz.ɔθ,ʊz.ɔθ,ʊzɔθ,ʊzɔθ
ʊz.ɔð,ʊz.ɔð,ʊzɔð,ʊzɔð
ʊʃ.ɪm,ʊʃ.ɪm,ʊʃɪm,ʊʃɪm
ʊʃ.ɪn,ʊʃ.ɪn,ʊʃɪn,ʊʃɪn
ʊʃ.ɪŋ,ʊʃ.ɪŋ,ʊʃɪŋ,ʊʃɪŋ
ʊʃ.ɪp,ʊʃ.ɪp,ʊʃɪp,ʊʃɪp
ʊʃ.ɪt,ʊʃ.ɪt,ʊʃɪt,ʊʃɪt
ʊʃ.ɪk,ʊʃ.ɪk,ʊʃɪk,ʊʃɪk
ʊʃ.ɪb,ʊʃ.ɪb,ʊʃɪb,ʊʃɪb
ʊʃ.ɪd,ʊʃ.ɪd,ʊʃɪd,ʊʃɪd
ʊʃ.ɪg,ʊʃ.ɪg,ʊʃɪg,ʊʃɪg
ʊʃ.ɪf,ʊʃ.ɪf,ʊʃɪf,ʊʃɪf
ʊʃ.ɪs,ʊʃ.ɪs,ʊʃɪs,ʊʃɪs
ʊʃ.ɪv,ʊʃ.ɪv,ʊʃɪv,ʊʃɪv
ʊʃ.ɪz,ʊʃ.ɪz,ʊʃɪz,ʊʃɪz
ʊʃ.ɪʃ,ʊʃ.ɪʃ,ʊʃɪʃ,ʊʃɪʃ
ʊʃ.ɪʒ,ʊʃ.ɪʒ,ʊʃɪʒ,ʊʃɪʒ
ʊʃ.ɪθ,ʊʃ.ɪθ,ʊʃɪθ,ʊʃɪθ
ʊʃ.ɪð,ʊʃ.ɪð,ʊʃɪð,ʊʃɪð
ʊʃ.ɛm,ʊʃ.ɛm,ʊʃɛm,ʊʃɛm
ʊʃ.ɛn,ʊʃ.ɛn,ʊʃɛn,ʊʃɛn
ʊʃ.ɛŋ,ʊʃ.ɛŋ,ʊʃɛŋ,ʊʃɛŋ
ʊʃ.ɛp,ʊʃ.ɛp,ʊʃɛp,ʊʃɛp
ʊʃ.ɛt,ʊʃ.ɛt,ʊʃɛt,ʊʃɛt
ʊʃ.ɛk,ʊʃ.ɛk,ʊʃɛk,ʊʃɛk
ʊʃ.ɛb,ʊʃ.ɛb,ʊʃɛb,ʊʃɛb
ʊʃ.ɛd,ʊʃ.ɛd,ʊʃɛd,ʊʃɛd
ʊʃ.ɛg,ʊʃ.ɛg,ʊʃɛg,ʊʃɛg
ʊʃ.ɛf,ʊʃ.ɛf,ʊʃɛf,ʊʃɛf
ʊʃ.ɛs,ʊʃ.ɛs,ʊʃɛs,ʊʃɛs
ʊʃ.ɛv,ʊʃ.ɛv,ʊʃɛv,ʊʃɛv
ʊʃ.ɛz,ʊʃ.ɛz,ʊʃɛz,ʊʃɛz
ʊʃ.ɛʃ,ʊʃ.ɛʃ,ʊʃɛʃ,ʊʃɛʃ
ʊʃ.ɛʒ,ʊʃ.ɛʒ,ʊʃɛʒ,ʊʃɛʒ
ʊʃ.ɛθ,ʊʃ.ɛθ,ʊʃɛθ,ʊʃɛθ
ʊʃ.ɛð,ʊʃ.ɛð,ʊʃɛð,ʊʃɛð
ʊʃ.ʊm,ʊʃ.ʊm,ʊʃʊm,ʊʃʊm
ʊʃ.ʊn,ʊʃ.ʊn,ʊʃʊn,ʊʃʊn
ʊʃ.ʊŋ,ʊʃ.ʊŋ,ʊʃʊŋ,ʊʃʊŋ
ʊʃ.ʊp,ʊʃ.ʊp,ʊʃʊp,ʊʃʊp
ʊʃ.ʊt,ʊʃ.ʊt,ʊʃʊt,ʊʃʊt
ʊʃ.ʊk,ʊʃ.ʊk,ʊʃʊk,ʊʃʊk
ʊʃ.ʊb,ʊʃ.ʊb,ʊʃʊb,ʊʃʊb
ʊʃ.ʊd,ʊʃ.ʊd,ʊʃʊd,ʊʃʊd
ʊʃ.ʊg,ʊʃ.ʊg,ʊʃʊg,ʊʃʊg
ʊʃ.ʊf,ʊʃ.ʊf,ʊʃʊf,ʊʃʊf
ʊʃ.ʊs,ʊʃ.ʊs,ʊʃʊs,ʊʃʊs
ʊʃ.ʊv,ʊʃ.ʊv,ʊʃʊv,ʊʃʊv
ʊʃ.ʊz,ʊʃ.ʊz,ʊʃʊz,ʊʃʊz
ʊʃ.ʊʃ,ʊʃ.ʊʃ,ʊʃʊʃ,ʊʃʊʃ
ʊʃ.ʊʒ,ʊʃ.ʊʒ,ʊʃʊʒ,ʊʃʊʒ
ʊʃ.ʊθ,ʊʃ.ʊθ,ʊʃʊθ,ʊʃʊθ
ʊʃ.ʊð,ʊʃ.ʊð,ʊʃʊð,ʊʃʊð
ʊʃ.ɔm,ʊʃ.ɔm,ʊʃɔm,ʊʃɔm
ʊʃ.ɔn,ʊʃ.ɔn,ʊʃɔn,ʊʃɔn
ʊʃ.ɔŋ,ʊʃ.ɔŋ,ʊʃɔŋ,ʊʃɔŋ
ʊʃ.ɔp,ʊʃ.ɔp,ʊʃɔp,ʊʃɔp
ʊʃ.ɔt,ʊʃ.ɔt,ʊʃɔt,ʊʃɔt
ʊʃ.ɔk,ʊʃ.ɔk,ʊʃɔk,ʊʃɔk
ʊʃ.ɔb,ʊʃ.ɔb,ʊʃɔb,ʊʃɔb
ʊʃ.ɔd,ʊʃ.ɔd,ʊʃɔd,ʊʃɔd
ʊʃ.ɔg,ʊʃ.ɔg,ʊʃɔg,ʊʃɔg
ʊʃ.ɔf,ʊʃ.ɔf,ʊʃɔf,ʊʃɔf
ʊʃ.ɔs,ʊʃ.ɔs,ʊʃɔs,ʊʃɔs
ʊʃ.ɔv,ʊʃ.ɔv,ʊʃɔv,ʊʃɔv
ʊʃ.ɔz,ʊʃ.ɔz,ʊʃɔz,ʊʃɔz
ʊʃ.ɔʃ,ʊʃ.ɔʃ,ʊʃɔʃ,ʊʃɔʃ
ʊʃ.ɔʒ,ʊʃ.ɔʒ,ʊʃɔʒ,ʊʃɔʒ
ʊʃ.ɔθ,ʊʃ.ɔθ,ʊʃɔθ,ʊʃɔθ
ʊʃ.ɔð,ʊʃ.ɔð,ʊʃɔð,ʊʃɔð
ʊʒ.ɪm,ʊʒ.ɪm,ʊʒɪm,ʊʒɪm
ʊʒ.ɪn,ʊʒ.ɪn,ʊʒɪn,ʊʒɪn
ʊʒ.ɪŋ,ʊʒ.ɪŋ,ʊʒɪŋ,ʊʒɪŋ
ʊʒ.ɪp,ʊʒ.ɪp,ʊʒɪp,ʊʒɪp
ʊʒ.ɪt,ʊʒ.ɪt,ʊʒɪt,ʊʒɪt
ʊʒ.ɪk,ʊʒ.ɪk,ʊʒɪk,ʊʒɪk
ʊʒ.ɪb,ʊʒ.ɪb,ʊʒɪb,ʊʒɪb
ʊʒ.ɪd,ʊʒ.ɪd,ʊʒɪd,ʊʒɪd
ʊʒ.ɪg,ʊʒ.ɪg,ʊʒɪg,ʊʒɪg
ʊʒ.ɪf,ʊʒ.ɪf,ʊʒɪf,ʊʒɪf
ʊʒ.ɪs,ʊʒ.ɪs,ʊʒɪs,ʊʒɪs
ʊʒ.ɪv,ʊʒ.ɪv,ʊʒɪv,ʊʒɪv
ʊʒ.ɪz,ʊʒ.ɪz,ʊʒɪz,ʊʒɪz
ʊʒ.ɪʃ,ʊʒ.ɪʃ,ʊʒɪʃ,ʊʒɪʃ
ʊʒ.ɪʒ,ʊʒ.ɪʒ,ʊʒɪʒ,ʊʒɪʒ
ʊʒ.ɪθ,ʊʒ.ɪθ,ʊʒɪθ,ʊʒɪθ
ʊʒ.ɪð,ʊʒ.ɪð,ʊʒɪð,ʊʒɪð
ʊʒ.ɛm,ʊʒ.ɛm,ʊʒɛm,ʊʒɛm
ʊʒ.ɛn,ʊʒ.ɛn,ʊʒɛn,ʊʒɛn
ʊʒ.ɛŋ,ʊʒ.ɛŋ,ʊʒɛŋ,ʊʒɛŋ
ʊʒ.ɛp,ʊʒ.ɛp,ʊʒɛp,ʊʒɛp
ʊʒ.ɛt,ʊʒ.ɛt,ʊʒɛt,ʊʒɛt
ʊʒ.ɛk,ʊʒ.ɛk,ʊʒɛk,ʊʒɛk
ʊʒ.ɛb,ʊʒ.ɛb,ʊʒɛb,ʊʒɛb
ʊʒ.ɛd,ʊʒ.ɛd,ʊʒɛd,ʊʒɛd
ʊʒ.ɛg,ʊʒ.ɛg,ʊʒɛg,ʊʒɛg
ʊʒ.ɛf,ʊʒ.ɛf,ʊʒɛf,ʊʒɛf
ʊʒ.ɛs,ʊʒ.ɛs,ʊʒɛs,ʊʒɛs
ʊʒ.ɛv,ʊʒ.ɛv,ʊʒɛv,ʊʒɛv
ʊʒ.ɛz,ʊʒ.ɛz,ʊʒɛz,ʊʒɛz
ʊʒ.ɛʃ,ʊʒ.ɛʃ,ʊʒɛʃ,ʊʒɛʃ
ʊʒ.ɛʒ,ʊʒ.ɛʒ,ʊʒɛʒ,ʊʒɛʒ
ʊʒ.ɛθ,ʊʒ.ɛθ,ʊʒɛθ,ʊʒɛθ
ʊʒ.ɛð,ʊʒ.ɛð,ʊʒɛð,ʊʒɛð
ʊʒ.ʊm,ʊʒ.ʊm,ʊʒʊm,ʊʒʊm
ʊʒ.ʊn,ʊʒ.ʊn,ʊʒʊn,ʊʒʊn
ʊʒ.ʊŋ,ʊʒ.ʊŋ,ʊʒʊŋ,ʊʒʊŋ
ʊʒ.ʊp,ʊʒ.ʊp,ʊʒʊp,ʊʒʊp
ʊʒ.ʊt,ʊʒ.ʊt,ʊʒʊt,ʊʒʊt
ʊʒ.ʊk,ʊʒ.ʊk,ʊʒʊk,ʊʒʊk
ʊʒ.ʊb,ʊʒ.ʊb,ʊʒʊb,ʊʒʊb
ʊʒ.ʊd,ʊʒ.ʊd,ʊʒʊd,ʊʒʊd
ʊʒ.ʊg,ʊʒ.ʊg,ʊʒʊg,ʊʒʊg
ʊʒ.ʊf,ʊʒ.ʊf,ʊʒʊf,ʊʒʊf
ʊʒ.ʊs,ʊʒ.ʊs,ʊʒʊs,ʊʒʊs
ʊʒ.ʊv,ʊʒ.ʊv,ʊʒʊv,ʊʒʊv
ʊʒ.ʊz,ʊʒ.ʊz,ʊʒʊz,ʊʒʊz
ʊʒ.ʊʃ,ʊʒ.ʊʃ,ʊʒʊʃ,ʊʒʊʃ
ʊʒ.ʊʒ,ʊʒ.ʊʒ,ʊʒʊʒ,ʊʒʊʒ
ʊʒ.ʊθ,ʊʒ.ʊθ,ʊʒʊθ,ʊʒʊθ
ʊʒ.ʊð,ʊʒ.ʊð,ʊʒʊð,ʊʒʊð
ʊʒ.ɔm,ʊʒ.ɔm,ʊʒɔm,ʊʒɔm
ʊʒ.ɔn,ʊʒ.ɔn,ʊʒɔn,ʊʒɔn
ʊʒ.ɔŋ,ʊʒ.ɔŋ,ʊʒɔŋ,ʊʒɔŋ
ʊʒ.ɔp,ʊʒ.ɔp,ʊʒɔp,ʊʒɔp
ʊʒ.ɔt,ʊʒ.ɔt,ʊʒɔt,ʊʒɔt
ʊʒ.ɔk,ʊʒ.ɔk,ʊʒɔk,ʊʒɔk
ʊʒ.ɔb,ʊʒ.ɔb,ʊʒɔb,ʊʒɔb
ʊʒ.ɔd,ʊʒ.ɔd,ʊʒɔd,ʊʒɔd
ʊʒ.ɔg,ʊʒ.ɔg,ʊʒɔg,ʊʒɔg
ʊʒ.ɔf,ʊʒ.ɔf,ʊʒɔf,ʊʒɔf
ʊʒ.ɔs,ʊʒ.ɔs,ʊʒɔs,ʊʒɔs
ʊʒ.ɔv,ʊʒ.ɔv,ʊʒɔv,ʊʒɔv
ʊʒ.ɔz,ʊʒ.ɔz,ʊʒɔz,ʊʒɔz
ʊʒ.ɔʃ,ʊʒ.ɔʃ,ʊʒɔʃ,ʊʒɔʃ
ʊʒ.ɔʒ,ʊʒ.ɔʒ,ʊʒɔʒ,ʊʒɔʒ
ʊʒ.ɔθ,ʊʒ.ɔθ,ʊʒɔθ,ʊʒɔθ
ʊʒ.ɔð,ʊʒ.ɔð,ʊʒɔð,ʊʒɔð
ʊθ.ɪm,ʊθ.ɪm,ʊθɪm,ʊθɪm
ʊθ.ɪn,ʊθ.ɪn,ʊθɪn,ʊθɪn
ʊθ.ɪŋ,ʊθ.ɪŋ,ʊθɪŋ,ʊθɪŋ
ʊθ.ɪp,ʊθ.ɪp,ʊθɪp,ʊθɪp
ʊθ.ɪt,ʊθ.ɪt,ʊθɪt,ʊθɪt
ʊθ.ɪk,ʊθ.ɪk,ʊθɪk,ʊθɪk
ʊθ.ɪb,ʊθ.ɪb,ʊθɪb,ʊθɪb
ʊθ.ɪd,ʊθ.ɪd,ʊθɪd,ʊθɪd
ʊθ.ɪg,ʊθ.ɪg,ʊθɪg,ʊθɪg
ʊθ.ɪf,ʊθ.ɪf,ʊθɪf,ʊθɪf
ʊθ.ɪs,ʊθ.ɪs,ʊθɪs,ʊθɪs
ʊθ.ɪv,ʊθ.ɪv,ʊθɪv,ʊθɪv
ʊθ.ɪz,ʊθ.ɪz,ʊθɪz,ʊθɪz
ʊθ.ɪʃ,ʊθ.ɪʃ,ʊθɪʃ,ʊθɪʃ
ʊθ.ɪʒ,ʊθ.ɪʒ,ʊθɪʒ,ʊθɪʒ
ʊθ.ɪθ,ʊθ.ɪθ,ʊθɪθ,ʊθɪθ
ʊθ.ɪð,ʊθ.ɪð,ʊθɪð,ʊθɪð
ʊθ.ɛm,ʊθ.ɛm,ʊθɛm,ʊθɛm
ʊθ.ɛn,ʊθ.ɛn,ʊθɛn,ʊθɛn
ʊθ.ɛŋ,ʊθ.ɛŋ,ʊθɛŋ,ʊθɛŋ
ʊθ.ɛp,ʊθ.ɛp,ʊθɛp,ʊθɛp
ʊθ.ɛt,ʊθ.ɛt,ʊθɛt,ʊθɛt
ʊθ.ɛk,ʊθ.ɛk,ʊθɛk,ʊθɛk
ʊθ.ɛb,ʊθ.ɛb,ʊθɛb,ʊθɛb
ʊθ.ɛd,ʊθ.ɛd,ʊθɛd,ʊθɛd
ʊθ.ɛg,ʊθ.ɛg,ʊθɛg,ʊθɛg
ʊθ.ɛf,ʊθ.ɛf,ʊθɛf,ʊθɛf
ʊθ.ɛs,ʊθ.ɛs,ʊθɛs,ʊθɛs
ʊθ.ɛv,ʊθ.ɛv,ʊθɛv,ʊθɛv
ʊθ.ɛz,ʊθ.ɛz,ʊθɛz,ʊθɛz
ʊθ.ɛʃ,ʊθ.ɛʃ,ʊθɛʃ,ʊθɛʃ
ʊθ.ɛʒ,ʊθ.ɛʒ,ʊθɛʒ,ʊθɛʒ
ʊθ.ɛθ,ʊθ.ɛθ,ʊθɛθ,ʊθɛθ
ʊθ.ɛð,ʊθ.ɛð,ʊθɛð,ʊθɛð
ʊθ.ʊm,ʊθ.ʊm,ʊθʊm,ʊθʊm
ʊθ.ʊn,ʊθ.ʊn,ʊθʊn,ʊθʊn
ʊθ.ʊŋ,ʊθ.ʊŋ,ʊθʊŋ,ʊθʊŋ
ʊθ.ʊp,ʊθ.ʊp,ʊθʊp,ʊθʊp
ʊθ.ʊt,ʊθ.ʊt,ʊθʊt,ʊθʊt
ʊθ.ʊk,ʊθ.ʊk,ʊθʊk,ʊθʊk
ʊθ.ʊb,ʊθ.ʊb,ʊθʊb,ʊθʊb
ʊθ.ʊd,ʊθ.ʊd,ʊθʊd,ʊθʊd
ʊθ.ʊg,ʊθ.ʊg,ʊθʊg,ʊθʊg
ʊθ.ʊf,ʊθ.ʊf,ʊθʊf,ʊθʊf
ʊθ.ʊs,ʊθ.ʊs,ʊθʊs,ʊθʊs
ʊθ.ʊv,ʊθ.ʊv,ʊθʊv,ʊθʊv
ʊθ.ʊz,ʊθ.ʊz,ʊθʊz,ʊθʊz
ʊθ.ʊʃ,ʊθ.ʊʃ,ʊθʊʃ,ʊθʊʃ
ʊθ.ʊʒ,ʊθ.ʊʒ,ʊθʊʒ,ʊθʊʒ
ʊθ.ʊθ,ʊθ.ʊθ,ʊθʊθ,ʊθʊθ
ʊθ.ʊð,ʊθ.ʊð,ʊθʊð,ʊθʊð
ʊθ.ɔm,ʊθ.ɔm,ʊθɔm,ʊθɔm
ʊθ.ɔn,ʊθ.ɔn,ʊθɔn,ʊθɔn
ʊθ.ɔŋ,ʊθ.ɔŋ,ʊθɔŋ,ʊθɔŋ
ʊθ.ɔp,ʊθ.ɔp,ʊθɔp,ʊθɔp
ʊθ.ɔt,ʊθ.ɔt,ʊθɔt,ʊθɔt
ʊθ.ɔk,ʊθ.ɔk,ʊθɔk,ʊθɔk
ʊθ.ɔb,ʊθ.ɔb,ʊθɔb,ʊθɔb
ʊθ.ɔd,ʊθ.ɔd,ʊθɔd,ʊθɔd
ʊθ.ɔg,ʊθ.ɔg,ʊθɔg,ʊθɔg
ʊθ.ɔf,ʊθ.ɔf,ʊθɔf,ʊθɔf
ʊθ.ɔs,ʊθ.ɔs,ʊθɔs,ʊθɔs
ʊθ.ɔv,ʊθ.ɔv,ʊθɔv,ʊθɔv
ʊθ.ɔz,ʊθ.ɔz,ʊθɔz,ʊθɔz
ʊθ.ɔʃ,ʊθ.ɔʃ,ʊθɔʃ,ʊθɔʃ
ʊθ.ɔʒ,ʊθ.ɔʒ,ʊθɔʒ,ʊθɔʒ
ʊθ.ɔθ,ʊθ.ɔθ,ʊθɔθ,ʊθɔθ
ʊθ.ɔð,ʊθ.ɔð,ʊθɔð,ʊθɔð
ʊð.ɪm,ʊð.ɪm,ʊðɪm,ʊðɪm
ʊð.ɪn,ʊð.ɪn,ʊðɪn,ʊðɪn
ʊð.ɪŋ,ʊð.ɪŋ,ʊðɪŋ,ʊðɪŋ
ʊð.ɪp,ʊð.ɪp,ʊðɪp,ʊðɪp
ʊð.ɪt,ʊð.ɪt,ʊðɪt,ʊðɪt
ʊð.ɪk,ʊð.ɪk,ʊðɪk,ʊðɪk
ʊð.ɪb,ʊð.ɪb,ʊðɪb,ʊðɪb
ʊð.ɪd,ʊð.ɪd,ʊðɪd,ʊðɪd
ʊð.ɪg,ʊð.ɪg,ʊðɪg,ʊðɪg
ʊð.ɪf,ʊð.ɪf,ʊðɪf,ʊðɪf
ʊð.ɪs,ʊð.ɪs,ʊðɪs,ʊðɪs
ʊð.ɪv,ʊð.ɪv,ʊðɪv,ʊðɪv
ʊð.ɪz,ʊð.ɪz,ʊðɪz,ʊðɪz
ʊð.ɪʃ,ʊð.ɪʃ,ʊðɪʃ,ʊðɪʃ
ʊð.ɪʒ,ʊð.ɪʒ,ʊðɪʒ,ʊðɪʒ
ʊð.ɪθ,ʊð.ɪθ,ʊðɪθ,ʊðɪθ
ʊð.ɪð,ʊð.ɪð,ʊðɪð,ʊðɪð
ʊð.ɛm,ʊð.ɛm,ʊðɛm,ʊðɛm
ʊð.ɛn,ʊð.ɛn,ʊðɛn,ʊðɛn
ʊð.ɛŋ,ʊð.ɛŋ,ʊðɛŋ,ʊðɛŋ
ʊð.ɛp,ʊð.ɛp,ʊðɛp,ʊðɛp
ʊð.ɛt,ʊð.ɛt,ʊðɛt,ʊðɛt
ʊð.ɛk,ʊð.ɛk,ʊðɛk,ʊðɛk
ʊð.ɛb,ʊð.ɛb,ʊðɛb,ʊðɛb
ʊð.ɛd,ʊð.ɛd,ʊðɛd,ʊðɛd
ʊð.ɛg,ʊð.ɛg,ʊðɛg,ʊðɛg
ʊð.ɛf,ʊð.ɛf,ʊðɛf,ʊðɛf
ʊð.ɛs,ʊð.ɛs,ʊðɛs,ʊðɛs
ʊð.ɛv,ʊð.ɛv,ʊðɛv,ʊðɛv
ʊð.ɛz,ʊð.ɛz,ʊðɛz,ʊðɛz
ʊð.ɛʃ,ʊð.ɛʃ,ʊðɛʃ,ʊðɛʃ
ʊð.ɛʒ,ʊð.ɛʒ,ʊðɛʒ,ʊðɛʒ
ʊð.ɛθ,ʊð.ɛθ,ʊðɛθ,ʊðɛθ
ʊð.ɛð,ʊð.ɛð,ʊðɛð,ʊðɛð
ʊð.ʊm,ʊð.ʊm,ʊðʊm,ʊðʊm
ʊð.ʊn,ʊð.ʊn,ʊðʊn,ʊðʊn
ʊð.ʊŋ,ʊð.ʊŋ,ʊðʊŋ,ʊðʊŋ
ʊð.ʊp,ʊð.ʊp,ʊðʊp,ʊðʊp
ʊð.ʊt,ʊð.ʊt,ʊðʊt,ʊðʊt
ʊð.ʊk,ʊð.ʊk,ʊðʊk,ʊðʊk
ʊð.ʊb,ʊð.ʊb,ʊðʊb,ʊðʊb
ʊð.ʊd,ʊð.ʊd,ʊðʊd,ʊðʊd
ʊð.ʊg,ʊð.ʊg,ʊðʊg,ʊðʊg
ʊð.ʊf,ʊð.ʊf,ʊðʊf,ʊðʊf
ʊð.ʊs,ʊð.ʊs,ʊðʊs,ʊðʊs
ʊð.ʊv,ʊð.ʊv,ʊðʊv,ʊðʊv
ʊð.ʊz,ʊð.ʊz,ʊðʊz,ʊðʊz
ʊð.ʊʃ,ʊð.ʊʃ,ʊðʊʃ,ʊðʊʃ
ʊð.ʊʒ,ʊð.ʊʒ,ʊðʊʒ,ʊðʊʒ
ʊð.ʊθ,ʊð.ʊθ,ʊðʊθ,ʊðʊθ
ʊð.ʊð,ʊð.ʊð,ʊðʊð,ʊðʊð
ʊð.ɔm,ʊð.ɔm,ʊðɔm,ʊðɔm
ʊð.ɔn,ʊð.ɔn,ʊðɔn,ʊðɔn
ʊð.ɔŋ,ʊð.ɔŋ,ʊðɔŋ,ʊðɔŋ
ʊð.ɔp,ʊð.ɔp,ʊðɔp,ʊðɔp
ʊð.ɔt,ʊð.ɔt,ʊðɔt,ʊðɔt
ʊð.ɔk,ʊð.ɔk,ʊðɔk,ʊðɔk
ʊð.ɔb,ʊð.ɔb,ʊðɔb,ʊðɔb
ʊð.ɔd,ʊð.ɔd,ʊðɔd,ʊðɔd
ʊð.ɔg,ʊð.ɔg,ʊðɔg,ʊðɔg
ʊð.ɔf,ʊð.ɔf,ʊðɔf,ʊðɔf
ʊð.ɔs,ʊð.ɔs,ʊðɔs,ʊðɔs
ʊð.ɔv,ʊð.ɔv,ʊðɔv,ʊðɔv
ʊð.ɔz,ʊð.ɔz,ʊðɔz,ʊðɔz
ʊð.ɔʃ,ʊð.ɔʃ,ʊðɔʃ,ʊðɔʃ
ʊð.ɔʒ,ʊð.ɔʒ,ʊðɔʒ,ʊðɔʒ
ʊð.ɔθ,ʊð.ɔθ,ʊðɔθ,ʊðɔθ
ʊð.ɔð,ʊð.ɔð,ʊðɔð,ʊðɔð
ɔm.ɪm,ɔm.ɪm,ɔmɪm,ɔmɪm
ɔm.ɪn,ɔm.ɪn,ɔmɪn,ɔmɪn
ɔm.ɪŋ,ɔm.ɪŋ,ɔmɪŋ,ɔmɪŋ
ɔm.ɪp,ɔm.ɪp,ɔmɪp,ɔmɪp
ɔm.ɪt,ɔm.ɪt,ɔmɪt,ɔmɪt
ɔm.ɪk,ɔm.ɪk,ɔmɪk,ɔmɪk
ɔm.ɪb,ɔm.ɪb,ɔmɪb,ɔmɪb
ɔm.ɪd,ɔm.ɪd,ɔmɪd,ɔmɪd
ɔm.ɪg,ɔm.ɪg,ɔmɪg,ɔmɪg
ɔm.ɪf,ɔm.ɪf,ɔmɪf,ɔmɪf
ɔm.ɪs,ɔm.ɪs,ɔmɪs,ɔmɪs
ɔm.ɪv,ɔm.ɪv,ɔmɪv,ɔmɪv
ɔm.ɪz,ɔm.ɪz,ɔmɪz,ɔmɪz
ɔm.ɪʃ,ɔm.ɪʃ,ɔmɪʃ,ɔmɪʃ
ɔm.ɪʒ,ɔm.ɪʒ,ɔmɪʒ,ɔmɪʒ
ɔm.ɪθ,ɔm.ɪθ,ɔmɪθ,ɔmɪθ
ɔm.ɪð,ɔm.ɪð,ɔmɪð,ɔmɪð
ɔm.ɛm,ɔm.ɛm,ɔmɛm,ɔmɛm
ɔm.ɛn,ɔm.ɛn,ɔmɛn,ɔmɛn
ɔm.ɛŋ,ɔm.ɛŋ,ɔmɛŋ,ɔmɛŋ
ɔm.ɛp,ɔm.ɛp,ɔmɛp,ɔmɛp
ɔm.ɛt,ɔm.ɛt,ɔmɛt,ɔmɛt
ɔm.ɛk,ɔm.ɛk,ɔmɛk,ɔmɛk
ɔm.ɛb,ɔm.ɛb,ɔmɛb,ɔmɛb
ɔm.ɛd,ɔm.ɛd,ɔmɛd,ɔmɛd
ɔm.ɛg,ɔm.ɛg,ɔmɛg,ɔmɛg
ɔm.ɛf,ɔm.ɛf,ɔmɛf,ɔmɛf
ɔm.ɛs,ɔm.ɛs,ɔmɛs,ɔmɛs
ɔm.ɛv,ɔm.ɛv,ɔmɛv,ɔmɛv
ɔm.ɛz,ɔm.ɛz,ɔmɛz,ɔmɛz
ɔm.ɛʃ,ɔm.ɛʃ,ɔmɛʃ,ɔmɛʃ
ɔm.ɛʒ,ɔm.ɛʒ,ɔmɛʒ,ɔmɛʒ
ɔm.ɛθ,ɔm.ɛθ,ɔmɛθ,ɔmɛθ
ɔm.ɛð,ɔm.ɛð,ɔmɛð,ɔmɛð
ɔm.ʊm,ɔm.ʊm,ɔmʊm,ɔmʊm
ɔm.ʊn,ɔm.ʊn,ɔmʊn,ɔmʊn
ɔm.ʊŋ,ɔm.ʊŋ,ɔmʊŋ,ɔmʊŋ
ɔm.ʊp,ɔm.ʊp,ɔmʊp,ɔmʊp
ɔm.ʊt,ɔm.ʊt,ɔmʊt,ɔmʊt
ɔm.ʊk,ɔm.ʊk,ɔmʊk,ɔmʊk
ɔm.ʊb,ɔm.ʊb,ɔmʊb,ɔmʊb
ɔm.ʊd,ɔm.ʊd,ɔmʊd,ɔmʊd
ɔm.ʊg,ɔm.ʊg,ɔmʊg,ɔmʊg
ɔm.ʊf,ɔm.ʊf,ɔmʊf,ɔmʊf
ɔm.ʊs,ɔm.ʊs,ɔmʊs,ɔmʊs
ɔm.ʊv,ɔm.ʊv,ɔmʊv,ɔmʊv
ɔm.ʊz,ɔm.ʊz,ɔmʊz,ɔmʊz
ɔm.ʊʃ,ɔm.ʊʃ,ɔmʊʃ,ɔmʊʃ
ɔm.ʊʒ,ɔm.ʊʒ,ɔmʊʒ,ɔmʊʒ
ɔm.ʊθ,ɔm.ʊθ,ɔmʊθ,ɔmʊθ
ɔm.ʊð,ɔm.ʊð,ɔmʊð,ɔmʊð
ɔm.ɔm,ɔm.ɔm,ɔmɔm,ɔmɔm
ɔm.ɔn,ɔm.ɔn,ɔmɔn,ɔmɔn
ɔm.ɔŋ,ɔm.ɔŋ,ɔmɔŋ,ɔmɔŋ
ɔm.ɔp,ɔm.ɔp,ɔmɔp,ɔmɔp
ɔm.ɔt,ɔm.ɔt,ɔmɔt,ɔmɔt
ɔm.ɔk,ɔm.ɔk,ɔmɔk,ɔmɔk
ɔm.ɔb,ɔm.ɔb,ɔmɔb,ɔmɔb
ɔm.ɔd,ɔm.ɔd,ɔmɔd,ɔmɔd
ɔm.ɔg,ɔm.ɔg,ɔmɔg,ɔmɔg
ɔm.ɔf,ɔm.ɔf,ɔmɔf,ɔmɔf
ɔm.ɔs,ɔm.ɔs,ɔmɔs,ɔmɔs
ɔm.ɔv,ɔm.ɔv,ɔmɔv,ɔmɔv
ɔm.ɔz,ɔm.ɔz,ɔmɔz,ɔmɔz
ɔm.ɔʃ,ɔm.ɔʃ,ɔmɔʃ,ɔmɔʃ
ɔm.ɔʒ,ɔm.ɔʒ,ɔmɔʒ,ɔmɔʒ
ɔm.ɔθ,ɔm.ɔθ,ɔmɔθ,ɔmɔθ
ɔm.ɔð,ɔm.ɔð,ɔmɔð,ɔmɔð
ɔn.ɪm,ɔn.ɪm,ɔnɪm,ɔnɪm
ɔn.ɪn,ɔn.ɪn,ɔnɪn,ɔnɪn
ɔn.ɪŋ,ɔn.ɪŋ,ɔnɪŋ,ɔnɪŋ
ɔn.ɪp,ɔn.ɪp,ɔnɪp,ɔnɪp
ɔn.ɪt,ɔn.ɪt,ɔnɪt,ɔnɪt
ɔn.ɪk,ɔn.ɪk,ɔnɪk,ɔnɪk
ɔn.ɪb,ɔn.ɪb,ɔnɪb,ɔnɪb
ɔn.ɪd,ɔn.ɪd,ɔnɪd,ɔnɪd
ɔn.ɪg,ɔn.ɪg,ɔnɪg,ɔnɪg
ɔn.ɪf,ɔn.ɪf,ɔnɪf,ɔnɪf
ɔn.ɪs,ɔn.ɪs,ɔnɪs,ɔnɪs
ɔn.ɪv,ɔn.ɪv,ɔnɪv,ɔnɪv
ɔn.ɪz,ɔn.ɪz,ɔnɪz,ɔnɪz
ɔn.ɪʃ,ɔn.ɪʃ,ɔnɪʃ,ɔnɪʃ
ɔn.ɪʒ,ɔn.ɪʒ,ɔnɪʒ,ɔnɪʒ
ɔn.ɪθ,ɔn.ɪθ,ɔnɪθ,ɔnɪθ
ɔn.ɪð,ɔn.ɪð,ɔnɪð,ɔnɪð
ɔn.ɛm,ɔn.ɛm,ɔnɛm,ɔnɛm
ɔn.ɛn,ɔn.ɛn,ɔnɛn,ɔnɛn
ɔn.ɛŋ,ɔn.ɛŋ,ɔnɛŋ,ɔnɛŋ
ɔn.ɛp,ɔn.ɛp,ɔnɛp,ɔnɛp
ɔn.ɛt,ɔn.ɛt,ɔnɛt,ɔnɛt
ɔn.ɛk,ɔn.ɛk,ɔnɛk,ɔnɛk
ɔn.ɛb,ɔn.ɛb,ɔnɛb,ɔnɛb
ɔn.ɛd,ɔn.ɛd,ɔnɛd,ɔnɛd
ɔn.ɛg,ɔn.ɛg,ɔnɛg,ɔnɛg
ɔn.ɛf,ɔn.ɛf,ɔnɛf,ɔnɛf
ɔn.ɛs,ɔn.ɛs,ɔnɛs,ɔnɛs
ɔn.ɛv,ɔn.ɛv,ɔnɛv,ɔnɛv
ɔn.ɛz,ɔn.ɛz,ɔnɛz,ɔnɛz
ɔn.ɛʃ,ɔn.ɛʃ,ɔnɛʃ,ɔnɛʃ
ɔn.ɛʒ,ɔn.ɛʒ,ɔnɛʒ,ɔnɛʒ
ɔn.ɛθ,ɔn.ɛθ,ɔnɛθ,ɔnɛθ
ɔn.ɛð,ɔn.ɛð,ɔnɛð,ɔnɛð
ɔn.ʊm,ɔn.ʊm,ɔnʊm,ɔnʊm
ɔn.ʊn,ɔn.ʊn,ɔnʊn,ɔnʊn
ɔn.ʊŋ,ɔn.ʊŋ,ɔnʊŋ,ɔnʊŋ
ɔn.ʊp,ɔn.ʊp,ɔnʊp,ɔnʊp
ɔn.ʊt,ɔn.ʊt,ɔnʊt,ɔnʊt
ɔn.ʊk,ɔn.ʊk,ɔnʊk,ɔnʊk
ɔn.ʊb,ɔn.ʊb,ɔnʊb,ɔnʊb
ɔn.ʊd,ɔn.ʊd,ɔnʊd,ɔnʊd
ɔn.ʊg,ɔn.ʊg,ɔnʊg,ɔnʊg
ɔn.ʊf,ɔn.ʊf,ɔnʊf,ɔnʊf
ɔn.ʊs,ɔn.ʊs,ɔnʊs,ɔnʊs
ɔn.ʊv,ɔn.ʊv,ɔnʊv,ɔnʊv
ɔn.ʊz,ɔn.ʊz,ɔnʊz,ɔnʊz
ɔn.ʊʃ,ɔn.ʊʃ,ɔnʊʃ,ɔnʊʃ
ɔn.ʊʒ,ɔn.ʊʒ,ɔnʊʒ,ɔnʊʒ
ɔn.ʊθ,ɔn.ʊθ,ɔnʊθ,ɔnʊθ
ɔn.ʊð,ɔn.ʊð,ɔnʊð,ɔnʊð
ɔn.ɔm,ɔn.ɔm,ɔnɔm,ɔnɔm
ɔn.ɔn,ɔn.ɔn,ɔnɔn,ɔnɔn
ɔn.ɔŋ,ɔn.ɔŋ,ɔnɔŋ,ɔnɔŋ
ɔn.ɔp,ɔn.ɔp,ɔnɔp,ɔnɔp
ɔn.ɔt,ɔn.ɔt,ɔnɔt,ɔnɔt
ɔn.ɔk,ɔn.ɔk,ɔnɔk,ɔnɔk
ɔn.ɔb,ɔn.ɔb,ɔnɔb,ɔnɔb
ɔn.ɔd,ɔn.ɔd,ɔnɔd,ɔnɔd
ɔn.ɔg,ɔn.ɔg,ɔnɔg,ɔnɔg
ɔn.ɔf,ɔn.ɔf,ɔnɔf,ɔnɔf
ɔn.ɔs,ɔn.ɔs,ɔnɔs,ɔnɔs
ɔn.ɔv,ɔn.ɔv,ɔnɔv,ɔnɔv
ɔn.ɔz,ɔn.ɔz,ɔnɔz,ɔnɔz
ɔn.ɔʃ,ɔn.ɔʃ,ɔnɔʃ,ɔnɔʃ
ɔn.ɔʒ,ɔn.ɔʒ,ɔnɔʒ,ɔnɔʒ
ɔn.ɔθ,ɔn.ɔθ,ɔnɔθ,ɔnɔθ
ɔn.ɔð,ɔn.ɔð,ɔnɔð,ɔnɔð
ɔŋ.ɪm,ɔŋ.ɪm,ɔŋɪm,ɔŋɪm
ɔŋ.ɪn,ɔŋ.ɪn,ɔŋɪn,ɔŋɪn
ɔŋ.ɪŋ,ɔŋ.ɪŋ,ɔŋɪŋ,ɔŋɪŋ
ɔŋ.ɪp,ɔŋ.ɪp,ɔŋɪp,ɔŋɪp
ɔŋ.ɪt,ɔŋ.ɪt,ɔŋɪt,ɔŋɪt
ɔŋ.ɪk,ɔŋ.ɪk,ɔŋɪk,ɔŋɪk
ɔŋ.ɪb,ɔŋ.ɪb,ɔŋɪb,ɔŋɪb
ɔŋ.ɪd,ɔŋ.ɪd,ɔŋɪd,ɔŋɪd
ɔŋ.ɪg,ɔŋ.ɪg,ɔŋɪg,ɔŋɪg
ɔŋ.ɪf,ɔŋ.ɪf,ɔŋɪf,ɔŋɪf
ɔŋ.ɪs,ɔŋ.ɪs,ɔŋɪs,ɔŋɪs
ɔŋ.ɪv,ɔŋ.ɪv,ɔŋɪv,ɔŋɪv
ɔŋ.ɪz,ɔŋ.ɪz,ɔŋɪz,ɔŋɪz
ɔŋ.ɪʃ,ɔŋ.ɪʃ,ɔŋɪʃ,ɔŋɪʃ
ɔŋ.ɪʒ,ɔŋ.ɪʒ,ɔŋɪʒ,ɔŋɪʒ
ɔŋ.ɪθ,ɔŋ.ɪθ,ɔŋɪθ,ɔŋɪθ
ɔŋ.ɪð,ɔŋ.ɪð,ɔŋɪð,ɔŋɪð
ɔŋ.ɛm,ɔŋ.ɛm,ɔŋɛm,ɔŋɛm
ɔŋ.ɛn,ɔŋ.ɛn,ɔŋɛn,ɔŋɛn
ɔŋ.ɛŋ,ɔŋ.ɛŋ,ɔŋɛŋ,ɔŋɛŋ
ɔŋ.ɛp,ɔŋ.ɛp,ɔŋɛp,ɔŋɛp
ɔŋ.ɛt,ɔŋ.ɛt,ɔŋɛt,ɔŋɛt
ɔŋ.ɛk,ɔŋ.ɛk,ɔŋɛk,ɔŋɛk
ɔŋ.ɛb,ɔŋ.ɛb,ɔŋɛb,ɔŋɛb
ɔŋ.ɛd,ɔŋ.ɛd,ɔŋɛd,ɔŋɛd
ɔŋ.ɛg,ɔŋ.ɛg,ɔŋɛg,ɔŋɛg
ɔŋ.ɛf,ɔŋ.ɛf,ɔŋɛf,ɔŋɛf
ɔŋ.ɛs,ɔŋ.ɛs,ɔŋɛs,ɔŋɛs
ɔŋ.ɛv,ɔŋ.ɛv,ɔŋɛv,ɔŋɛv
ɔŋ.ɛz,ɔŋ.ɛz,ɔŋɛz,ɔŋɛz
ɔŋ.ɛʃ,ɔŋ.ɛʃ,ɔŋɛʃ,ɔŋɛʃ
ɔŋ.ɛʒ,ɔŋ.ɛʒ,ɔŋɛʒ,ɔŋɛʒ
ɔŋ.ɛθ,ɔŋ.ɛθ,ɔŋɛθ,ɔŋɛθ
ɔŋ.ɛð,ɔŋ.ɛð,ɔŋɛð,ɔŋɛð
ɔŋ.ʊm,ɔŋ.ʊm,ɔŋʊm,ɔŋʊm
ɔŋ.ʊn,ɔŋ.ʊn,ɔŋʊn,ɔŋʊn
ɔŋ.ʊŋ,ɔŋ.ʊŋ,ɔŋʊŋ,ɔŋʊŋ
ɔŋ.ʊp,ɔŋ.ʊp,ɔŋʊp,ɔŋʊp
ɔŋ.ʊt,ɔŋ.ʊt,ɔŋʊt,ɔŋʊt
ɔŋ.ʊk,ɔŋ.ʊk,ɔŋʊk,ɔŋʊk
ɔŋ.ʊb,ɔŋ.ʊb,ɔŋʊb,ɔŋʊb
ɔŋ.ʊd,ɔŋ.ʊd,ɔŋʊd,ɔŋʊd
ɔŋ.ʊg,ɔŋ.ʊg,ɔŋʊg,ɔŋʊg
ɔŋ.ʊf,ɔŋ.ʊf,ɔŋʊf,ɔŋʊf
ɔŋ.ʊs,ɔŋ.ʊs,ɔŋʊs,ɔŋʊs
ɔŋ.ʊv,ɔŋ.ʊv,ɔŋʊv,ɔŋʊv
ɔŋ.ʊz,ɔŋ.ʊz,ɔŋʊz,ɔŋʊz
ɔŋ.ʊʃ,ɔŋ.ʊʃ,ɔŋʊʃ,ɔŋʊʃ
ɔŋ.ʊʒ,ɔŋ.ʊʒ,ɔŋʊʒ,ɔŋʊʒ
ɔŋ.ʊθ,ɔŋ.ʊθ,ɔŋʊθ,ɔŋʊθ
ɔŋ.ʊð,ɔŋ.ʊð,ɔŋʊð,ɔŋʊð
ɔŋ.ɔm,ɔŋ.ɔm,ɔŋɔm,ɔŋɔm
ɔŋ.ɔn,ɔŋ.ɔn,ɔŋɔn,ɔŋɔn
ɔŋ.ɔŋ,ɔŋ.ɔŋ,ɔŋɔŋ,ɔŋɔŋ
ɔŋ.ɔp,ɔŋ.ɔp,ɔŋɔp,ɔŋɔp
ɔŋ.ɔt,ɔŋ.ɔt,ɔŋɔt,ɔŋɔt
ɔŋ.ɔk,ɔŋ.ɔk,ɔŋɔk,ɔŋɔk
ɔŋ.ɔb,ɔŋ.ɔb,ɔŋɔb,ɔŋɔb
ɔŋ.ɔd,ɔŋ.ɔd,ɔŋɔd,ɔŋɔd
ɔŋ.ɔg,ɔŋ.ɔg,ɔŋɔg,ɔŋɔg
ɔŋ.ɔf,ɔŋ.ɔf,ɔŋɔf,ɔŋɔf
ɔŋ.ɔs,ɔŋ.ɔs,ɔŋɔs,ɔŋɔs
ɔŋ.ɔv,ɔŋ.ɔv,ɔŋɔv,ɔŋɔv
ɔŋ.ɔz,ɔŋ.ɔz,ɔŋɔz,ɔŋɔz
ɔŋ.ɔʃ,ɔŋ.ɔʃ,ɔŋɔʃ,ɔŋɔʃ
ɔŋ.ɔʒ,ɔŋ.ɔʒ,ɔŋɔʒ,ɔŋɔʒ
ɔŋ.ɔθ,ɔŋ.ɔθ,ɔŋɔθ,ɔŋɔθ
ɔŋ.ɔð,ɔŋ.ɔð,ɔŋɔð,ɔŋɔð
ɔp.ɪm,ɔp.ɪm,ɔpɪm,ɔpɪm
ɔp.ɪn,ɔp.ɪn,ɔpɪn,ɔpɪn
ɔp.ɪŋ,ɔp.ɪŋ,ɔpɪŋ,ɔpɪŋ
ɔp.ɪp,ɔp.ɪp,ɔpɪp,ɔpɪp
ɔp.ɪt,ɔp.ɪt,ɔpɪt,ɔpɪt
ɔp.ɪk,ɔp.ɪk,ɔpɪk,ɔpɪk
ɔp.ɪb,ɔp.ɪb,ɔpɪb,ɔpɪb
ɔp.ɪd,ɔp.ɪd,ɔpɪd,ɔpɪd
ɔp.ɪg,ɔp.ɪg,ɔpɪg,ɔpɪg
ɔp.ɪf,ɔp.ɪf,ɔpɪf,ɔpɪf
ɔp.ɪs,ɔp.ɪs,ɔpɪs,ɔpɪs
ɔp.ɪv,ɔp.ɪv,ɔpɪv,ɔpɪv
ɔp.ɪz,ɔp.ɪz,ɔpɪz,ɔpɪz
ɔp.ɪʃ,ɔp.ɪʃ,ɔpɪʃ,ɔpɪʃ
ɔp.ɪʒ,ɔp.ɪʒ,ɔpɪʒ,ɔpɪʒ
ɔp.ɪθ,ɔp.ɪθ,ɔpɪθ,ɔpɪθ
ɔp.ɪð,ɔp.ɪð,ɔpɪð,ɔpɪð
ɔp.ɛm,ɔp.ɛm,ɔpɛm,ɔpɛm
ɔp.ɛn,ɔp.ɛn,ɔpɛn,ɔpɛn
ɔp.ɛŋ,ɔp.ɛŋ,ɔpɛŋ,ɔpɛŋ
ɔp.ɛp,ɔp.ɛp,ɔpɛp,ɔpɛp
ɔp.ɛt,ɔp.ɛt,ɔpɛt,ɔpɛt
ɔp.ɛk,ɔp.ɛk,ɔpɛk,ɔpɛk
ɔp.ɛb,ɔp.ɛb,ɔpɛb,ɔpɛb
ɔp.ɛd,ɔp.ɛd,ɔpɛd,ɔpɛd
ɔp.ɛg,ɔp.ɛg,ɔpɛg,ɔpɛg
ɔp.ɛf,ɔp.ɛf,ɔpɛf,ɔpɛf
ɔp.ɛs,ɔp.ɛs,ɔpɛs,ɔpɛs
ɔp.ɛv,ɔp.ɛv,ɔpɛv,ɔpɛv
ɔp.ɛz,ɔp.ɛz,ɔpɛz,ɔpɛz
ɔp.ɛʃ,ɔp.ɛʃ,ɔpɛʃ,ɔpɛʃ
ɔp.ɛʒ,ɔp.ɛʒ,ɔpɛʒ,ɔpɛʒ
ɔp.ɛθ,ɔp.ɛθ,ɔpɛθ,ɔpɛθ
ɔp.ɛð,ɔp.ɛð,ɔpɛð,ɔpɛð
ɔp.ʊm,ɔp.ʊm,ɔpʊm,ɔpʊm
ɔp.ʊn,ɔp.ʊn,ɔpʊn,ɔpʊn
ɔp.ʊŋ,ɔp.ʊŋ,ɔpʊŋ,ɔpʊŋ
ɔp.ʊp,ɔp.ʊp,ɔpʊp,ɔpʊp
ɔp.ʊt,ɔp.ʊt,ɔpʊt,ɔpʊt
ɔp.ʊk,ɔp.ʊk,ɔpʊk,ɔpʊk
ɔp.ʊb,ɔp.ʊb,ɔpʊb,ɔpʊb
ɔp.ʊd,ɔp.ʊd,ɔpʊd,ɔpʊd
ɔp.ʊg,ɔp.ʊg,ɔpʊg,ɔpʊg
ɔp.ʊf,ɔp.ʊf,ɔpʊf,ɔpʊf
ɔp.ʊs,ɔp.ʊs,ɔpʊs,ɔpʊs
ɔp.ʊv,ɔp.ʊv,ɔpʊv,ɔpʊv
ɔp.ʊz,ɔp.ʊz,ɔpʊz,ɔpʊz
ɔp.ʊʃ,ɔp.ʊʃ,ɔpʊʃ,ɔpʊʃ
ɔp.ʊʒ,ɔp.ʊʒ,ɔpʊʒ,ɔpʊʒ
ɔp.ʊθ,ɔp.ʊθ,ɔpʊθ,ɔpʊθ
ɔp.ʊð,ɔp.ʊð,ɔpʊð,ɔpʊð
ɔp.ɔm,ɔp.ɔm,ɔpɔm,ɔpɔm
ɔp.ɔn,ɔp.ɔn,ɔpɔn,ɔpɔn
ɔp.ɔŋ,ɔp.ɔŋ,ɔpɔŋ,ɔpɔŋ
ɔp.ɔp,ɔp.ɔp,ɔpɔp,ɔpɔp
ɔp.ɔt,ɔp.ɔt,ɔpɔt,ɔpɔt
ɔp.ɔk,ɔp.ɔk,ɔpɔk,ɔpɔk
ɔp.ɔb,ɔp.ɔb,ɔpɔb,ɔpɔb
ɔp.ɔd,ɔp.ɔd,ɔpɔd,ɔpɔd
ɔp.ɔg,ɔp.ɔg,ɔpɔg,ɔpɔg
ɔp.ɔf,ɔp.ɔf,ɔpɔf,ɔpɔf
ɔp.ɔs,ɔp.ɔs,ɔpɔs,ɔpɔs
ɔp.ɔv,ɔp.ɔv,ɔpɔv,ɔpɔv
ɔp.ɔz,ɔp.ɔz,ɔpɔz,ɔpɔz
ɔp.ɔʃ,ɔp.ɔʃ,ɔpɔʃ,ɔpɔʃ
ɔp.ɔʒ,ɔp.ɔʒ,ɔpɔʒ,ɔpɔʒ
ɔp.ɔθ,ɔp.ɔθ,ɔpɔθ,ɔpɔθ
ɔp.ɔð,ɔp.ɔð,ɔpɔð,ɔpɔð
ɔt.ɪm,ɔt.ɪm,ɔtɪm,ɔtɪm
ɔt.ɪn,ɔt.ɪn,ɔtɪn,ɔtɪn
ɔt.ɪŋ,ɔt.ɪŋ,ɔtɪŋ,ɔtɪŋ
ɔt.ɪp,ɔt.ɪp,ɔtɪp,ɔtɪp
ɔt.ɪt,ɔt.ɪt,ɔtɪt,ɔtɪt
ɔt.ɪk,ɔt.ɪk,ɔtɪk,ɔtɪk
ɔt.ɪb,ɔt.ɪb,ɔtɪb,ɔtɪb
ɔt.ɪd,ɔt.ɪd,ɔtɪd,ɔtɪd
ɔt.ɪg,ɔt.ɪg,ɔtɪg,ɔtɪg
ɔt.ɪf,ɔt.ɪf,ɔtɪf,ɔtɪf
ɔt.ɪs,ɔt.ɪs,ɔtɪs,ɔtɪs
ɔt.ɪv,ɔt.ɪv,ɔtɪv,ɔtɪv
ɔt.ɪz,ɔt.ɪz,ɔtɪz,ɔtɪz
ɔt.ɪʃ,ɔt.ɪʃ,ɔtɪʃ,ɔtɪʃ
ɔt.ɪʒ,ɔt.ɪʒ,ɔtɪʒ,ɔtɪʒ
ɔt.ɪθ,ɔt.ɪθ,ɔtɪθ,ɔtɪθ
ɔt.ɪð,ɔt.ɪð,ɔtɪð,ɔtɪð
ɔt.ɛm,ɔt.ɛm,ɔtɛm,ɔtɛm
ɔt.ɛn,ɔt.ɛn,ɔtɛn,ɔtɛn
ɔt.ɛŋ,ɔt.ɛŋ,ɔtɛŋ,ɔtɛŋ
ɔt.ɛp,ɔt.ɛp,ɔtɛp,ɔtɛp
ɔt.ɛt,ɔt.ɛt,ɔtɛt,ɔtɛt
ɔt.ɛk,ɔt.ɛk,ɔtɛk,ɔtɛk
ɔt.ɛb,ɔt.ɛb,ɔtɛb,ɔtɛb
ɔt.ɛd,ɔt.ɛd,ɔtɛd,ɔtɛd
ɔt.ɛg,ɔt.ɛg,ɔtɛg,ɔtɛg
ɔt.ɛf,ɔt.ɛf,ɔtɛf,ɔtɛf
ɔt.ɛs,ɔt.ɛs,ɔtɛs,ɔtɛs
ɔt.ɛv,ɔt.ɛv,ɔtɛv,ɔtɛv
ɔt.ɛz,ɔt.ɛz,ɔtɛz,ɔtɛz
ɔt.ɛʃ,ɔt.ɛʃ,ɔtɛʃ,ɔtɛʃ
ɔt.ɛʒ,ɔt.ɛʒ,ɔtɛʒ,ɔtɛʒ
ɔt.ɛθ,ɔt.ɛθ,ɔtɛθ,ɔtɛθ
ɔt.ɛð,ɔt.ɛð,ɔtɛð,ɔtɛð
ɔt.ʊm,ɔt.ʊm,ɔtʊm,ɔtʊm
ɔt.ʊn,ɔt.ʊn,ɔtʊn,ɔtʊn
ɔt.ʊŋ,ɔt.ʊŋ,ɔtʊŋ,ɔtʊŋ
ɔt.ʊp,ɔt.ʊp,ɔtʊp,ɔtʊp
ɔt.ʊt,ɔt.ʊt,ɔtʊt,ɔtʊt
ɔt.ʊk,ɔt.ʊk,ɔtʊk,ɔtʊk
ɔt.ʊb,ɔt.ʊb,ɔtʊb,ɔtʊb
ɔt.ʊd,ɔt.ʊd,ɔtʊd,ɔtʊd
ɔt.ʊg,ɔt.ʊg,ɔtʊg,ɔtʊg
ɔt.ʊf,ɔt.ʊf,ɔtʊf,ɔtʊf
ɔt.ʊs,ɔt.ʊs,ɔtʊs,ɔtʊs
ɔt.ʊv,ɔt.ʊv,ɔtʊv,ɔtʊv
ɔt.ʊz,ɔt.ʊz,ɔtʊz,ɔtʊz
ɔt.ʊʃ,ɔt.ʊʃ,ɔtʊʃ,ɔtʊʃ
ɔt.ʊʒ,ɔt.ʊʒ,ɔtʊʒ,ɔtʊʒ
ɔt.ʊθ,ɔt.ʊθ,ɔtʊθ,ɔtʊθ
ɔt.ʊð,ɔt.ʊð,ɔtʊð,ɔtʊð
ɔt.ɔm,ɔt.ɔm,ɔtɔm,ɔtɔm
ɔt.ɔn,ɔt.ɔn,ɔtɔn,ɔtɔn
ɔt.ɔŋ,ɔt.ɔŋ,ɔtɔŋ,ɔtɔŋ
ɔt.ɔp,ɔt.ɔp,ɔtɔp,ɔtɔp
ɔt.ɔt,ɔt.ɔt,ɔtɔt,ɔtɔt
ɔt.ɔk,ɔt.ɔk,ɔtɔk,ɔtɔk
ɔt.ɔb,ɔt.ɔb,ɔtɔb,ɔtɔb
ɔt.ɔd,ɔt.ɔd,ɔtɔd,ɔtɔd
ɔt.ɔg,ɔt.ɔg,ɔtɔg,ɔtɔg
ɔt.ɔf,ɔt.ɔf,ɔtɔf,ɔtɔf
ɔt.ɔs,ɔt.ɔs,ɔtɔs,ɔtɔs
ɔt.ɔv,ɔt.ɔv,ɔtɔv,ɔtɔv
ɔt.ɔz,ɔt.ɔz,ɔtɔz,ɔtɔz
ɔt.ɔʃ,ɔt.ɔʃ,ɔtɔʃ,ɔtɔʃ
ɔt.ɔʒ,ɔt.ɔʒ,ɔtɔʒ,ɔtɔʒ
ɔt.ɔθ,ɔt.ɔθ,ɔtɔθ,ɔtɔθ
ɔt.ɔð,ɔt.ɔð,ɔtɔð,ɔtɔð
ɔk.ɪm,ɔk.ɪm,ɔkɪm,ɔkɪm
ɔk.ɪn,ɔk.ɪn,ɔkɪn,ɔkɪn
ɔk.ɪŋ,ɔk.ɪŋ,ɔkɪŋ,ɔkɪŋ
ɔk.ɪp,ɔk.ɪp,ɔkɪp,ɔkɪp
ɔk.ɪt,ɔk.ɪt,ɔkɪt,ɔkɪt
ɔk.ɪk,ɔk.ɪk,ɔkɪk,ɔkɪk
ɔk.ɪb,ɔk.ɪb,ɔkɪb,ɔkɪb
ɔk.ɪd,ɔk.ɪd,ɔkɪd,ɔkɪd
ɔk.ɪg,ɔk.ɪg,ɔkɪg,ɔkɪg
ɔk.ɪf,ɔk.ɪf,ɔkɪf,ɔkɪf
ɔk.ɪs,ɔk.ɪs,ɔkɪs,ɔkɪs
ɔk.ɪv,ɔk.ɪv,ɔkɪv,ɔkɪv
ɔk.ɪz,ɔk.ɪz,ɔkɪz,ɔkɪz
ɔk.ɪʃ,ɔk.ɪʃ,ɔkɪʃ,ɔkɪʃ
ɔk.ɪʒ,ɔk.ɪʒ,ɔkɪʒ,ɔkɪʒ
ɔk.ɪθ,ɔk.ɪθ,ɔkɪθ,ɔkɪθ
ɔk.ɪð,ɔk.ɪð,ɔkɪð,ɔkɪð
ɔk.ɛm,ɔk.ɛm,ɔkɛm,ɔkɛm
ɔk.ɛn,ɔk.ɛn,ɔkɛn,ɔkɛn
ɔk.ɛŋ,ɔk.ɛŋ,ɔkɛŋ,ɔkɛŋ
ɔk.ɛp,ɔk.ɛp,ɔkɛp,ɔkɛp
ɔk.ɛt,ɔk.ɛt,ɔkɛt,ɔkɛt
ɔk.ɛk,ɔk.ɛk,ɔkɛk,ɔkɛk
ɔk.ɛb,ɔk.ɛb,ɔkɛb,ɔkɛb
ɔk.ɛd,ɔk.ɛd,ɔkɛd,ɔkɛd
ɔk.ɛg,ɔk.ɛg,ɔkɛg,ɔkɛg
ɔk.ɛf,ɔk.ɛf,ɔkɛf,ɔkɛf
ɔk.ɛs,ɔk.ɛs,ɔkɛs,ɔkɛs
ɔk.ɛv,ɔk.ɛv,ɔkɛv,ɔkɛv
ɔk.ɛz,ɔk.ɛz,ɔkɛz,ɔkɛz
ɔk.ɛʃ,ɔk.ɛʃ,ɔkɛʃ,ɔkɛʃ
ɔk.ɛʒ,ɔk.ɛʒ,ɔkɛʒ,ɔkɛʒ
ɔk.ɛθ,ɔk.ɛθ,ɔkɛθ,ɔkɛθ
ɔk.ɛð,ɔk.ɛð,ɔkɛð,ɔkɛð
ɔk.ʊm,ɔk.ʊm,ɔkʊm,ɔkʊm
ɔk.ʊn,ɔk.ʊn,ɔkʊn,ɔkʊn
ɔk.ʊŋ,ɔk.ʊŋ,ɔkʊŋ,ɔkʊŋ
ɔk.ʊp,ɔk.ʊp,ɔkʊp,ɔkʊp
ɔk.ʊt,ɔk.ʊt,ɔkʊt,ɔkʊt
ɔk.ʊk,ɔk.ʊk,ɔkʊk,ɔkʊk
ɔk.ʊb,ɔk.ʊb,ɔkʊb,ɔkʊb
ɔk.ʊd,ɔk.ʊd,ɔkʊd,ɔkʊd
ɔk.ʊg,ɔk.ʊg,ɔkʊg,ɔkʊg
ɔk.ʊf,ɔk.ʊf,ɔkʊf,ɔkʊf
ɔk.ʊs,ɔk.ʊs,ɔkʊs,ɔkʊs
ɔk.ʊv,ɔk.ʊv,ɔkʊv,ɔkʊv
ɔk.ʊz,ɔk.ʊz,ɔkʊz,ɔkʊz
ɔk.ʊʃ,ɔk.ʊʃ,ɔkʊʃ,ɔkʊʃ
ɔk.ʊʒ,ɔk.ʊʒ,ɔkʊʒ,ɔkʊʒ
ɔk.ʊθ,ɔk.ʊθ,ɔkʊθ,ɔkʊθ
ɔk.ʊð,ɔk.ʊð,ɔkʊð,ɔkʊð
ɔk.ɔm,ɔk.ɔm,ɔkɔm,ɔkɔm
ɔk.ɔn,ɔk.ɔn,ɔkɔn,ɔkɔn
ɔk.ɔŋ,ɔk.ɔŋ,ɔkɔŋ,ɔkɔŋ
ɔk.ɔp,ɔk.ɔp,ɔkɔp,ɔkɔp
ɔk.ɔt,ɔk.ɔt,ɔkɔt,ɔkɔt
ɔk.ɔk,ɔk.ɔk,ɔkɔk,ɔkɔk
ɔk.ɔb,ɔk.ɔb,ɔkɔb,ɔkɔb
ɔk.ɔd,ɔk.ɔd,ɔkɔd,ɔkɔd
ɔk.ɔg,ɔk.ɔg,ɔkɔg,ɔkɔg
ɔk.ɔf,ɔk.ɔf,ɔkɔf,ɔkɔf
ɔk.ɔs,ɔk.ɔs,ɔkɔs,ɔkɔs
ɔk.ɔv,ɔk.ɔv,ɔkɔv,ɔkɔv
ɔk.ɔz,ɔk.ɔz,ɔkɔz,ɔkɔz
ɔk.ɔʃ,ɔk.ɔʃ,ɔkɔʃ,ɔkɔʃ
ɔk.ɔʒ,ɔk.ɔʒ,ɔkɔʒ,ɔkɔʒ
ɔk.ɔθ,ɔk.ɔθ,ɔkɔθ,ɔkɔθ
ɔk.ɔð,ɔk.ɔð,ɔkɔð,ɔkɔð
ɔb.ɪm,ɔb.ɪm,ɔbɪm,ɔbɪm
ɔb.ɪn,ɔb.ɪn,ɔbɪn,ɔbɪn
ɔb.ɪŋ,ɔb.ɪŋ,ɔbɪŋ,ɔbɪŋ
ɔb.ɪp,ɔb.ɪp,ɔbɪp,ɔbɪp
ɔb.ɪt,ɔb.ɪt,ɔbɪt,ɔbɪt
ɔb.ɪk,ɔb.ɪk,ɔbɪk,ɔbɪk
ɔb.ɪb,ɔb.ɪb,ɔbɪb,ɔbɪb
ɔb.ɪd,ɔb.ɪd,ɔbɪd,ɔbɪd
ɔb.ɪg,ɔb.ɪg,ɔbɪg,ɔbɪg
ɔb.ɪf,ɔb.ɪf,ɔbɪf,ɔbɪf
ɔb.ɪs,ɔb.ɪs,ɔbɪs,ɔbɪs
ɔb.ɪv,ɔb.ɪv,ɔbɪv,ɔbɪv
ɔb.ɪz,ɔb.ɪz,ɔbɪz,ɔbɪz
ɔb.ɪʃ,ɔb.ɪʃ,ɔbɪʃ,ɔbɪʃ
ɔb.ɪʒ,ɔb.ɪʒ,ɔbɪʒ,ɔbɪʒ
ɔb.ɪθ,ɔb.ɪθ,ɔbɪθ,ɔbɪθ
ɔb.ɪð,ɔb.ɪð,ɔbɪð,ɔbɪð
ɔb.ɛm,ɔb.ɛm,ɔbɛm,ɔbɛm
ɔb.ɛn,ɔb.ɛn,ɔbɛn,ɔbɛn
ɔb.ɛŋ,ɔb.ɛŋ,ɔbɛŋ,ɔbɛŋ
ɔb.ɛp,ɔb.ɛp,ɔbɛp,ɔbɛp
ɔb.ɛt,ɔb.ɛt,ɔbɛt,ɔbɛt
ɔb.ɛk,ɔb.ɛk,ɔbɛk,ɔbɛk
ɔb.ɛb,ɔb.ɛb,ɔbɛb,ɔbɛb
ɔb.ɛd,ɔb.ɛd,ɔbɛd,ɔbɛd
ɔb.ɛg,ɔb.ɛg,ɔbɛg,ɔbɛg
ɔb.ɛf,ɔb.ɛf,ɔbɛf,ɔbɛf
ɔb.ɛs,ɔb.ɛs,ɔbɛs,ɔbɛs
ɔb.ɛv,ɔb.ɛv,ɔbɛv,ɔbɛv
ɔb.ɛz,ɔb.ɛz,ɔbɛz,ɔbɛz
ɔb.ɛʃ,ɔb.ɛʃ,ɔbɛʃ,ɔbɛʃ
ɔb.ɛʒ,ɔb.ɛʒ,ɔbɛʒ,ɔbɛʒ
ɔb.ɛθ,ɔb.ɛθ,ɔbɛθ,ɔbɛθ
ɔb.ɛð,ɔb.ɛð,ɔbɛð,ɔbɛð
ɔb.ʊm,ɔb.ʊm,ɔbʊm,ɔbʊm
ɔb.ʊn,ɔb.ʊn,ɔbʊn,ɔbʊn
ɔb.ʊŋ,ɔb.ʊŋ,ɔbʊŋ,ɔbʊŋ
ɔb.ʊp,ɔb.ʊp,ɔbʊp,ɔbʊp
ɔb.ʊt,ɔb.ʊt,ɔbʊt,ɔbʊt
ɔb.ʊk,ɔb.ʊk,ɔbʊk,ɔbʊk
ɔb.ʊb,ɔb.ʊb,ɔbʊb,ɔbʊb
ɔb.ʊd,ɔb.ʊd,ɔbʊd,ɔbʊd
ɔb.ʊg,ɔb.ʊg,ɔbʊg,ɔbʊg
ɔb.ʊf,ɔb.ʊf,ɔbʊf,ɔbʊf
ɔb.ʊs,ɔb.ʊs,ɔbʊs,ɔbʊs
ɔb.ʊv,ɔb.ʊv,ɔbʊv,ɔbʊv
ɔb.ʊz,ɔb.ʊz,ɔbʊz,ɔbʊz
ɔb.ʊʃ,ɔb.ʊʃ,ɔbʊʃ,ɔbʊʃ
ɔb.ʊʒ,ɔb.ʊʒ,ɔbʊʒ,ɔbʊʒ
ɔb.ʊθ,ɔb.ʊθ,ɔbʊθ,ɔbʊθ
ɔb.ʊð,ɔb.ʊð,ɔbʊð,ɔbʊð
ɔb.ɔm,ɔb.ɔm,ɔbɔm,ɔbɔm
ɔb.ɔn,ɔb.ɔn,ɔbɔn,ɔbɔn
ɔb.ɔŋ,ɔb.ɔŋ,ɔbɔŋ,ɔbɔŋ
ɔb.ɔp,ɔb.ɔp,ɔbɔp,ɔbɔp
ɔb.ɔt,ɔb.ɔt,ɔbɔt,ɔbɔt
ɔb.ɔk,ɔb.ɔk,ɔbɔk,ɔbɔk
ɔb.ɔb,ɔb.ɔb,ɔbɔb,ɔbɔb
ɔb.ɔd,ɔb.ɔd,ɔbɔd,ɔbɔd
ɔb.ɔg,ɔb.ɔg,ɔbɔg,ɔbɔg
ɔb.ɔf,ɔb.ɔf,ɔbɔf,ɔbɔf
ɔb.ɔs,ɔb.ɔs,ɔbɔs,ɔbɔs
ɔb.ɔv,ɔb.ɔv,ɔbɔv,ɔbɔv
ɔb.ɔz,ɔb.ɔz,ɔbɔz,ɔbɔz
ɔb.ɔʃ,ɔb.ɔʃ,ɔbɔʃ,ɔbɔʃ
ɔb.ɔʒ,ɔb.ɔʒ,ɔbɔʒ,ɔbɔʒ
ɔb.ɔθ,ɔb.ɔθ,ɔbɔθ,ɔbɔθ
ɔb.ɔð,ɔb.ɔð,ɔbɔð,ɔbɔð
ɔd.ɪm,ɔd.ɪm,ɔdɪm,ɔdɪm
ɔd.ɪn,ɔd.ɪn,ɔdɪn,ɔdɪn
ɔd.ɪŋ,ɔd.ɪŋ,ɔdɪŋ,ɔdɪŋ
ɔd.ɪp,ɔd.ɪp,ɔdɪp,ɔdɪp
ɔd.ɪt,ɔd.ɪt,ɔdɪt,ɔdɪt
ɔd.ɪk,ɔd.ɪk,ɔdɪk,ɔdɪk
ɔd.ɪb,ɔd.ɪb,ɔdɪb,ɔdɪb
ɔd.ɪd,ɔd.ɪd,ɔdɪd,ɔdɪd
ɔd.ɪg,ɔd.ɪg,ɔdɪg,ɔdɪg
ɔd.ɪf,ɔd.ɪf,ɔdɪf,ɔdɪf
ɔd.ɪs,ɔd.ɪs,ɔdɪs,ɔdɪs
ɔd.ɪv,ɔd.ɪv,ɔdɪv,ɔdɪv
ɔd.ɪz,ɔd.ɪz,ɔdɪz,ɔdɪz
ɔd.ɪʃ,ɔd.ɪʃ,ɔdɪʃ,ɔdɪʃ
ɔd.ɪʒ,ɔd.ɪʒ,ɔdɪʒ,ɔdɪʒ
ɔd.ɪθ,ɔd.ɪθ,ɔdɪθ,ɔdɪθ
ɔd.ɪð,ɔd.ɪð,ɔdɪð,ɔdɪð
ɔd.ɛm,ɔd.ɛm,ɔdɛm,ɔdɛm
ɔd.ɛn,ɔd.ɛn,ɔdɛn,ɔdɛn
ɔd.ɛŋ,ɔd.ɛŋ,ɔdɛŋ,ɔdɛŋ
ɔd.ɛp,ɔd.ɛp,ɔdɛp,ɔdɛp
ɔd.ɛt,ɔd.ɛt,ɔdɛt,ɔdɛt
ɔd.ɛk,ɔd.ɛk,ɔdɛk,ɔdɛk
ɔd.ɛb,ɔd.ɛb,ɔdɛb,ɔdɛb
ɔd.ɛd,ɔd.ɛd,ɔdɛd,ɔdɛd
ɔd.ɛg,ɔd.ɛg,ɔdɛg,ɔdɛg
ɔd.ɛf,ɔd.ɛf,ɔdɛf,ɔdɛf
ɔd.ɛs,ɔd.ɛs,ɔdɛs,ɔdɛs
ɔd.ɛv,ɔd.ɛv,ɔdɛv,ɔdɛv
ɔd.ɛz,ɔd.ɛz,ɔdɛz,ɔdɛz
ɔd.ɛʃ,ɔd.ɛʃ,ɔdɛʃ,ɔdɛʃ
ɔd.ɛʒ,ɔd.ɛʒ,ɔdɛʒ,ɔdɛʒ
ɔd.ɛθ,ɔd.ɛθ,ɔdɛθ,ɔdɛθ
ɔd.ɛð,ɔd.ɛð,ɔdɛð,ɔdɛð
ɔd.ʊm,ɔd.ʊm,ɔdʊm,ɔdʊm
ɔd.ʊn,ɔd.ʊn,ɔdʊn,ɔdʊn
ɔd.ʊŋ,ɔd.ʊŋ,ɔdʊŋ,ɔdʊŋ
ɔd.ʊp,ɔd.ʊp,ɔdʊp,ɔdʊp
ɔd.ʊt,ɔd.ʊt,ɔdʊt,ɔdʊt
ɔd.ʊk,ɔd.ʊk,ɔdʊk,ɔdʊk
ɔd.ʊb,ɔd.ʊb,ɔdʊb,ɔdʊb
ɔd.ʊd,ɔd.ʊd,ɔdʊd,ɔdʊd
ɔd.ʊg,ɔd.ʊg,ɔdʊg,ɔdʊg
ɔd.ʊf,ɔd.ʊf,ɔdʊf,ɔdʊf
ɔd.ʊs,ɔd.ʊs,ɔdʊs,ɔdʊs
ɔd.ʊv,ɔd.ʊv,ɔdʊv,ɔdʊv
ɔd.ʊz,ɔd.ʊz,ɔdʊz,ɔdʊz
ɔd.ʊʃ,ɔd.ʊʃ,ɔdʊʃ,ɔdʊʃ
ɔd.ʊʒ,ɔd.ʊʒ,ɔdʊʒ,ɔdʊʒ
ɔd.ʊθ,ɔd.ʊθ,ɔdʊθ,ɔdʊθ
ɔd.ʊð,ɔd.ʊð,ɔdʊð,ɔdʊð
ɔd.ɔm,ɔd.ɔm,ɔdɔm,ɔdɔm
ɔd.ɔn,ɔd.ɔn,ɔdɔn,ɔdɔn
ɔd.ɔŋ,ɔd.ɔŋ,ɔdɔŋ,ɔdɔŋ
ɔd.ɔp,ɔd.ɔp,ɔdɔp,ɔdɔp
ɔd.ɔt,ɔd.ɔt,ɔdɔt,ɔdɔt
ɔd.ɔk,ɔd.ɔk,ɔdɔk,ɔdɔk
ɔd.ɔb,ɔd.ɔb,ɔdɔb,ɔdɔb
ɔd.ɔd,ɔd.ɔd,ɔdɔd,ɔdɔd
ɔd.ɔg,ɔd.ɔg,ɔdɔg,ɔdɔg
ɔd.ɔf,ɔd.ɔf,ɔdɔf,ɔdɔf
ɔd.ɔs,ɔd.ɔs,ɔdɔs,ɔdɔs
ɔd.ɔv,ɔd.ɔv,ɔdɔv,ɔdɔv
ɔd.ɔz,ɔd.ɔz,ɔdɔz,ɔdɔz
ɔd.ɔʃ,ɔd.ɔʃ,ɔdɔʃ,ɔdɔʃ
ɔd.ɔʒ,ɔd.ɔʒ,ɔdɔʒ,ɔdɔʒ
ɔd.ɔθ,ɔd.ɔθ,ɔdɔθ,ɔdɔθ
ɔd.ɔð,ɔd.ɔð,ɔdɔð,ɔdɔð
ɔg.ɪm,ɔg.ɪm,ɔgɪm,ɔgɪm
ɔg.ɪn,ɔg.ɪn,ɔgɪn,ɔgɪn
ɔg.ɪŋ,ɔg.ɪŋ,ɔgɪŋ,ɔgɪŋ
ɔg.ɪp,ɔg.ɪp,ɔgɪp,ɔgɪp
ɔg.ɪt,ɔg.ɪt,ɔgɪt,ɔgɪt
ɔg.ɪk,ɔg.ɪk,ɔgɪk,ɔgɪk
ɔg.ɪb,ɔg.ɪb,ɔgɪb,ɔgɪb
ɔg.ɪd,ɔg.ɪd,ɔgɪd,ɔgɪd
ɔg.ɪg,ɔg.ɪg,ɔgɪg,ɔgɪg
ɔg.ɪf,ɔg.ɪf,ɔgɪf,ɔgɪf
ɔg.ɪs,ɔg.ɪs,ɔgɪs,ɔgɪs
ɔg.ɪv,ɔg.ɪv,ɔgɪv,ɔgɪv
ɔg.ɪz,ɔg.ɪz,ɔgɪz,ɔgɪz
ɔg.ɪʃ,ɔg.ɪʃ,ɔgɪʃ,ɔgɪʃ
ɔg.ɪʒ,ɔg.ɪʒ,ɔgɪʒ,ɔgɪʒ
ɔg.ɪθ,ɔg.ɪθ,ɔgɪθ,ɔgɪθ
ɔg.ɪð,ɔg.ɪð,ɔgɪð,ɔgɪð
ɔg.ɛm,ɔg.ɛm,ɔgɛm,ɔgɛm
ɔg.ɛn,ɔg.ɛn,ɔgɛn,ɔgɛn
ɔg.ɛŋ,ɔg.ɛŋ,ɔgɛŋ,ɔgɛŋ
ɔg.ɛp,ɔg.ɛp,ɔgɛp,ɔgɛp
ɔg.ɛt,ɔg.ɛt,ɔgɛt,ɔgɛt
ɔg.ɛk,ɔg.ɛk,ɔgɛk,ɔgɛk
ɔg.ɛb,ɔg.ɛb,ɔgɛb,ɔgɛb
ɔg.ɛd,ɔg.ɛd,ɔgɛd,ɔgɛd
ɔg.ɛg,ɔg.ɛg,ɔgɛg,ɔgɛg
ɔg.ɛf,ɔg.ɛf,ɔgɛf,ɔgɛf
ɔg.ɛs,ɔg.ɛs,ɔgɛs,ɔgɛs
ɔg.ɛv,ɔg.ɛv,ɔgɛv,ɔgɛv
ɔg.ɛz,ɔg.ɛz,ɔgɛz,ɔgɛz
ɔg.ɛʃ,ɔg.ɛʃ,ɔgɛʃ,ɔgɛʃ
ɔg.ɛʒ,ɔg.ɛʒ,ɔgɛʒ,ɔgɛʒ
ɔg.ɛθ,ɔg.ɛθ,ɔgɛθ,ɔgɛθ
ɔg.ɛð,ɔg.ɛð,ɔgɛð,ɔgɛð
ɔg.ʊm,ɔg.ʊm,ɔgʊm,ɔgʊm
ɔg.ʊn,ɔg.ʊn,ɔgʊn,ɔgʊn
ɔg.ʊŋ,ɔg.ʊŋ,ɔgʊŋ,ɔgʊŋ
ɔg.ʊp,ɔg.ʊp,ɔgʊp,ɔgʊp
ɔg.ʊt,ɔg.ʊt,ɔgʊt,ɔgʊt
ɔg.ʊk,ɔg.ʊk,ɔgʊk,ɔgʊk
ɔg.ʊb,ɔg.ʊb,ɔgʊb,ɔgʊb
ɔg.ʊd,ɔg.ʊd,ɔgʊd,ɔgʊd
ɔg.ʊg,ɔg.ʊg,ɔgʊg,ɔgʊg
ɔg.ʊf,ɔg.ʊf,ɔgʊf,ɔgʊf
ɔg.ʊs,ɔg.ʊs,ɔgʊs,ɔgʊs
ɔg.ʊv,ɔg.ʊv,ɔgʊv,ɔgʊv
ɔg.ʊz,ɔg.ʊz,ɔgʊz,ɔgʊz
ɔg.ʊʃ,ɔg.ʊʃ,ɔgʊʃ,ɔgʊʃ
ɔg.ʊʒ,ɔg.ʊʒ,ɔgʊʒ,ɔgʊʒ
ɔg.ʊθ,ɔg.ʊθ,ɔgʊθ,ɔgʊθ
ɔg.ʊð,ɔg.ʊð,ɔgʊð,ɔgʊð
ɔg.ɔm,ɔg.ɔm,ɔgɔm,ɔgɔm
ɔg.ɔn,ɔg.ɔn,ɔgɔn,ɔgɔn
ɔg.ɔŋ,ɔg.ɔŋ,ɔgɔŋ,ɔgɔŋ
ɔg.ɔp,ɔg.ɔp,ɔgɔp,ɔgɔp
ɔg.ɔt,ɔg.ɔt,ɔgɔt,ɔgɔt
ɔg.ɔk,ɔg.ɔk,ɔgɔk,ɔgɔk
ɔg.ɔb,ɔg.ɔb,ɔgɔb,ɔgɔb
ɔg.ɔd,ɔg.ɔd,ɔgɔd,ɔgɔd
ɔg.ɔg,ɔg.ɔg,ɔgɔg,ɔgɔg
ɔg.ɔf,ɔg.ɔf,ɔgɔf,ɔgɔf
ɔg.ɔs,ɔg.ɔs,ɔgɔs,ɔgɔs
ɔg.ɔv,ɔg.ɔv,ɔgɔv,ɔgɔv
ɔg.ɔz,ɔg.ɔz,ɔgɔz,ɔgɔz
ɔg.ɔʃ,ɔg.ɔʃ,ɔgɔʃ,ɔgɔʃ
ɔg.ɔʒ,ɔg.ɔʒ,ɔgɔʒ,ɔgɔʒ
ɔg.ɔθ,ɔg.ɔθ,ɔgɔθ,ɔgɔθ
ɔg.ɔð,ɔg.ɔð,ɔgɔð,ɔgɔð
ɔf.ɪm,ɔf.ɪm,ɔfɪm,ɔfɪm
ɔf.ɪn,ɔf.ɪn,ɔfɪn,ɔfɪn
ɔf.ɪŋ,ɔf.ɪŋ,ɔfɪŋ,ɔfɪŋ
ɔf.ɪp,ɔf.ɪp,ɔfɪp,ɔfɪp
ɔf.ɪt,ɔf.ɪt,ɔfɪt,ɔfɪt
ɔf.ɪk,ɔf.ɪk,ɔfɪk,ɔfɪk
ɔf.ɪb,ɔf.ɪb,ɔfɪb,ɔfɪb
ɔf.ɪd,ɔf.ɪd,ɔfɪd,ɔfɪd
ɔf.ɪg,ɔf.ɪg,ɔfɪg,ɔfɪg
ɔf.ɪf,ɔf.ɪf,ɔfɪf,ɔfɪf
ɔf.ɪs,ɔf.ɪs,ɔfɪs,ɔfɪs
ɔf.ɪv,ɔf.ɪv,ɔfɪv,ɔfɪv
ɔf.ɪz,ɔf.ɪz,ɔfɪz,ɔfɪz
ɔf.ɪʃ,ɔf.ɪʃ,ɔfɪʃ,ɔfɪʃ
ɔf.ɪʒ,ɔf.ɪʒ,ɔfɪʒ,ɔfɪʒ
ɔf.ɪθ,ɔf.ɪθ,ɔfɪθ,ɔfɪθ
ɔf.ɪð,ɔf.ɪð,ɔfɪð,ɔfɪð
ɔf.ɛm,ɔf.ɛm,ɔfɛm,ɔfɛm
ɔf.ɛn,ɔf.ɛn,ɔfɛn,ɔfɛn
ɔf.ɛŋ,ɔf.ɛŋ,ɔfɛŋ,ɔfɛŋ
ɔf.ɛp,ɔf.ɛp,ɔfɛp,ɔfɛp
ɔf.ɛt,ɔf.ɛt,ɔfɛt,ɔfɛt
ɔf.ɛk,ɔf.ɛk,ɔfɛk,ɔfɛk
ɔf.ɛb,ɔf.ɛb,ɔfɛb,ɔfɛb
ɔf.ɛd,ɔf.ɛd,ɔfɛd,ɔfɛd
ɔf.ɛg,ɔf.ɛg,ɔfɛg,ɔfɛg
ɔf.ɛf,ɔf.ɛf,ɔfɛf,ɔfɛf
ɔf.ɛs,ɔf.ɛs,ɔfɛs,ɔfɛs
ɔf.ɛv,ɔf.ɛv,ɔfɛv,ɔfɛv
ɔf.ɛz,ɔf.ɛz,ɔfɛz,ɔfɛz
ɔf.ɛʃ,ɔf.ɛʃ,ɔfɛʃ,ɔfɛʃ
ɔf.ɛʒ,ɔf.ɛʒ,ɔfɛʒ,ɔfɛʒ
ɔf.ɛθ,ɔf.ɛθ,ɔfɛθ,ɔfɛθ
ɔf.ɛð,ɔf.ɛð,ɔfɛð,ɔfɛð
ɔf.ʊm,ɔf.ʊm,ɔfʊm,ɔfʊm
ɔf.ʊn,ɔf.ʊn,ɔfʊn,ɔfʊn
ɔf.ʊŋ,ɔf.ʊŋ,ɔfʊŋ,ɔfʊŋ
ɔf.ʊp,ɔf.ʊp,ɔfʊp,ɔfʊp
ɔf.ʊt,ɔf.ʊt,ɔfʊt,ɔfʊt
ɔf.ʊk,ɔf.ʊk,ɔfʊk,ɔfʊk
ɔf.ʊb,ɔf.ʊb,ɔfʊb,ɔfʊb
ɔf.ʊd,ɔf.ʊd,ɔfʊd,ɔfʊd
ɔf.ʊg,ɔf.ʊg,ɔfʊg,ɔfʊg
ɔf.ʊf,ɔf.ʊf,ɔfʊf,ɔfʊf
ɔf.ʊs,ɔf.ʊs,ɔfʊs,ɔfʊs
ɔf.ʊv,ɔf.ʊv,ɔfʊv,ɔfʊv
ɔf.ʊz,ɔf.ʊz,ɔfʊz,ɔfʊz
ɔf.ʊʃ,ɔf.ʊʃ,ɔfʊʃ,ɔfʊʃ
ɔf.ʊʒ,ɔf.ʊʒ,ɔfʊʒ,ɔfʊʒ
ɔf.ʊθ,ɔf.ʊθ,ɔfʊθ,ɔfʊθ
ɔf.ʊð,ɔf.ʊð,ɔfʊð,ɔfʊð
ɔf.ɔm,ɔf.ɔm,ɔfɔm,ɔfɔm
ɔf.ɔn,ɔf.ɔn,ɔfɔn,ɔfɔn
ɔf.ɔŋ,ɔf.ɔŋ,ɔfɔŋ,ɔfɔŋ
ɔf.ɔp,ɔf.ɔp,ɔfɔp,ɔfɔp
ɔf.ɔt,ɔf.ɔt,ɔfɔt,ɔfɔt
ɔf.ɔk,ɔf.ɔk,ɔfɔk,ɔfɔk
ɔf.ɔb,ɔf.ɔb,ɔfɔb,ɔfɔb
ɔf.ɔd,ɔf.ɔd,ɔfɔd,ɔfɔd
ɔf.ɔg,ɔf.ɔg,ɔfɔg,ɔfɔg
ɔf.ɔf,ɔf.ɔf,ɔfɔf,ɔfɔf
ɔf.ɔs,ɔf.ɔs,ɔfɔs,ɔfɔs
ɔf.ɔv,ɔf.ɔv,ɔfɔv,ɔfɔv
ɔf.ɔz,ɔf.ɔz,ɔfɔz,ɔfɔz
ɔf.ɔʃ,ɔf.ɔʃ,ɔfɔʃ,ɔfɔʃ
ɔf.ɔʒ,ɔf.ɔʒ,ɔfɔʒ,ɔfɔʒ
ɔf.ɔθ,ɔf.ɔθ,ɔfɔθ,ɔfɔθ
ɔf.ɔð,ɔf.ɔð,ɔfɔð,ɔfɔð
ɔs.ɪm,ɔs.ɪm,ɔsɪm,ɔsɪm
ɔs.ɪn,ɔs.ɪn,ɔsɪn,ɔsɪn
ɔs.ɪŋ,ɔs.ɪŋ,ɔsɪŋ,ɔsɪŋ
ɔs.ɪp,ɔs.ɪp,ɔsɪp,ɔsɪp
ɔs.ɪt,ɔs.ɪt,ɔsɪt,ɔsɪt
ɔs.ɪk,ɔs.ɪk,ɔsɪk,ɔsɪk
ɔs.ɪb,ɔs.ɪb,ɔsɪb,ɔsɪb
ɔs.ɪd,ɔs.ɪd,ɔsɪd,ɔsɪd
ɔs.ɪg,ɔs.ɪg,ɔsɪg,ɔsɪg
ɔs.ɪf,ɔs.ɪf,ɔsɪf,ɔsɪf
ɔs.ɪs,ɔs.ɪs,ɔsɪs,ɔsɪs
ɔs.ɪv,ɔs.ɪv,ɔsɪv,ɔsɪv
ɔs.ɪz,ɔs.ɪz,ɔsɪz,ɔsɪz
ɔs.ɪʃ,ɔs.ɪʃ,ɔsɪʃ,ɔsɪʃ
ɔs.ɪʒ,ɔs.ɪʒ,ɔsɪʒ,ɔsɪʒ
ɔs.ɪθ,ɔs.ɪθ,ɔsɪθ,ɔsɪθ
ɔs.ɪð,ɔs.ɪð,ɔsɪð,ɔsɪð
ɔs.ɛm,ɔs.ɛm,ɔsɛm,ɔsɛm
ɔs.ɛn,ɔs.ɛn,ɔsɛn,ɔsɛn
ɔs.ɛŋ,ɔs.ɛŋ,ɔsɛŋ,ɔsɛŋ
ɔs.ɛp,ɔs.ɛp,ɔsɛp,ɔsɛp
ɔs.ɛt,ɔs.ɛt,ɔsɛt,ɔsɛt
ɔs.ɛk,ɔs.ɛk,ɔsɛk,ɔsɛk
ɔs.ɛb,ɔs.ɛb,ɔsɛb,ɔsɛb
ɔs.ɛd,ɔs.ɛd,ɔsɛd,ɔsɛd
ɔs.ɛg,ɔs.ɛg,ɔsɛg,ɔsɛg
ɔs.ɛf,ɔs.ɛf,ɔsɛf,ɔsɛf
ɔs.ɛs,ɔs.ɛs,ɔsɛs,ɔsɛs
ɔs.ɛv,ɔs.ɛv,ɔsɛv,ɔsɛv
ɔs.ɛz,ɔs.ɛz,ɔsɛz,ɔsɛz
ɔs.ɛʃ,ɔs.ɛʃ,ɔsɛʃ,ɔsɛʃ
ɔs.ɛʒ,ɔs.ɛʒ,ɔsɛʒ,ɔsɛʒ
ɔs.ɛθ,ɔs.ɛθ,ɔsɛθ,ɔsɛθ
ɔs.ɛð,ɔs.ɛð,ɔsɛð,ɔsɛð
ɔs.ʊm,ɔs.ʊm,ɔsʊm,ɔsʊm
ɔs.ʊn,ɔs.ʊn,ɔsʊn,ɔsʊn
ɔs.ʊŋ,ɔs.ʊŋ,ɔsʊŋ,ɔsʊŋ
ɔs.ʊp,ɔs.ʊp,ɔsʊp,ɔsʊp
ɔs.ʊt,ɔs.ʊt,ɔsʊt,ɔsʊt
ɔs.ʊk,ɔs.ʊk,ɔsʊk,ɔsʊk
ɔs.ʊb,ɔs.ʊb,ɔsʊb,ɔsʊb
ɔs.ʊd,ɔs.ʊd,ɔsʊd,ɔsʊd
ɔs.ʊg,ɔs.ʊg,ɔsʊg,ɔsʊg
ɔs.ʊf,ɔs.ʊf,ɔsʊf,ɔsʊf
ɔs.ʊs,ɔs.ʊs,ɔsʊs,ɔsʊs
ɔs.ʊv,ɔs.ʊv,ɔsʊv,ɔsʊv
ɔs.ʊz,ɔs.ʊz,ɔsʊz,ɔsʊz
ɔs.ʊʃ,ɔs.ʊʃ,ɔsʊʃ,ɔsʊʃ
ɔs.ʊʒ,ɔs.ʊʒ,ɔsʊʒ,ɔsʊʒ
ɔs.ʊθ,ɔs.ʊθ,ɔsʊθ,ɔsʊθ
ɔs.ʊð,ɔs.ʊð,ɔsʊð,ɔsʊð
ɔs.ɔm,ɔs.ɔm,ɔsɔm,ɔsɔm
ɔs.ɔn,ɔs.ɔn,ɔsɔn,ɔsɔn
ɔs.ɔŋ,ɔs.ɔŋ,ɔsɔŋ,ɔsɔŋ
ɔs.ɔp,ɔs.ɔp,ɔsɔp,ɔsɔp
ɔs.ɔt,ɔs.ɔt,ɔsɔt,ɔsɔt
ɔs.ɔk,ɔs.ɔk,ɔsɔk,ɔsɔk
ɔs.ɔb,ɔs.ɔb,ɔsɔb,ɔsɔb
ɔs.ɔd,ɔs.ɔd,ɔsɔd,ɔsɔd
ɔs.ɔg,ɔs.ɔg,ɔsɔg,ɔsɔg
ɔs.ɔf,ɔs.ɔf,ɔsɔf,ɔsɔf
ɔs.ɔs,ɔs.ɔs,ɔsɔs,ɔsɔs
ɔs.ɔv,ɔs.ɔv,ɔsɔv,ɔsɔv
ɔs.ɔz,ɔs.ɔz,ɔsɔz,ɔsɔz
ɔs.ɔʃ,ɔs.ɔʃ,ɔsɔʃ,ɔsɔʃ
ɔs.ɔʒ,ɔs.ɔʒ,ɔsɔʒ,ɔsɔʒ
ɔs.ɔθ,ɔs.ɔθ,ɔsɔθ,ɔsɔθ
ɔs.ɔð,ɔs.ɔð,ɔsɔð,ɔsɔð
ɔv.ɪm,ɔv.ɪm,ɔvɪm,ɔvɪm
ɔv.ɪn,ɔv.ɪn,ɔvɪn,ɔvɪn
ɔv.ɪŋ,ɔv.ɪŋ,ɔvɪŋ,ɔvɪŋ
ɔv.ɪp,ɔv.ɪp,ɔvɪp,ɔvɪp
ɔv.ɪt,ɔv.ɪt,ɔvɪt,ɔvɪt
ɔv.ɪk,ɔv.ɪk,ɔvɪk,ɔvɪk
ɔv.ɪb,ɔv.ɪb,ɔvɪb,ɔvɪb
ɔv.ɪd,ɔv.ɪd,ɔvɪd,ɔvɪd
ɔv.ɪg,ɔv.ɪg,ɔvɪg,ɔvɪg
ɔv.ɪf,ɔv.ɪf,ɔvɪf,ɔvɪf
ɔv.ɪs,ɔv.ɪs,ɔvɪs,ɔvɪs
ɔv.ɪv,ɔv.ɪv,ɔvɪv,ɔvɪv
ɔv.ɪz,ɔv.ɪz,ɔvɪz,ɔvɪz
ɔv.ɪʃ,ɔv.ɪʃ,ɔvɪʃ,ɔvɪʃ
ɔv.ɪʒ,ɔv.ɪʒ,ɔvɪʒ,ɔvɪʒ
ɔv.ɪθ,ɔv.ɪθ,ɔvɪθ,ɔvɪθ
ɔv.ɪð,ɔv.ɪð,ɔvɪð,ɔvɪð
ɔv.ɛm,ɔv.ɛm,ɔvɛm,ɔvɛm
ɔv.ɛn,ɔv.ɛn,ɔvɛn,ɔvɛn
ɔv.ɛŋ,ɔv.ɛŋ,ɔvɛŋ,ɔvɛŋ
ɔv.ɛp,ɔv.ɛp,ɔvɛp,ɔvɛp
ɔv.ɛt,ɔv.ɛt,ɔvɛt,ɔvɛt
ɔv.ɛk,ɔv.ɛk,ɔvɛk,ɔvɛk
ɔv.ɛb,ɔv.ɛb,ɔvɛb,ɔvɛb
ɔv.ɛd,ɔv.ɛd,ɔvɛd,ɔvɛd
ɔv.ɛg,ɔv.ɛg,ɔvɛg,ɔvɛg
ɔv.ɛf,ɔv.ɛf,ɔvɛf,ɔvɛf
ɔv.ɛs,ɔv.ɛs,ɔvɛs,ɔvɛs
ɔv.ɛv,ɔv.ɛv,ɔvɛv,ɔvɛv
ɔv.ɛz,ɔv.ɛz,ɔvɛz,ɔvɛz
ɔv.ɛʃ,ɔv.ɛʃ,ɔvɛʃ,ɔvɛʃ
ɔv.ɛʒ,ɔv.ɛʒ,ɔvɛʒ,ɔvɛʒ
ɔv.ɛθ,ɔv.ɛθ,ɔvɛθ,ɔvɛθ
ɔv.ɛð,ɔv.ɛð,ɔvɛð,ɔvɛð
ɔv.ʊm,ɔv.ʊm,ɔvʊm,ɔvʊm
ɔv.ʊn,ɔv.ʊn,ɔvʊn,ɔvʊn
ɔv.ʊŋ,ɔv.ʊŋ,ɔvʊŋ,ɔvʊŋ
ɔv.ʊp,ɔv.ʊp,ɔvʊp,ɔvʊp
ɔv.ʊt,ɔv.ʊt,ɔvʊt,ɔvʊt
ɔv.ʊk,ɔv.ʊk,ɔvʊk,ɔvʊk
ɔv.ʊb,ɔv.ʊb,ɔvʊb,ɔvʊb
ɔv.ʊd,ɔv.ʊd,ɔvʊd,ɔvʊd
ɔv.ʊg,ɔv.ʊg,ɔvʊg,ɔvʊg
ɔv.ʊf,ɔv.ʊf,ɔvʊf,ɔvʊf
ɔv.ʊs,ɔv.ʊs,ɔvʊs,ɔvʊs
ɔv.ʊv,ɔv.ʊv,ɔvʊv,ɔvʊv
ɔv.ʊz,ɔv.ʊz,ɔvʊz,ɔvʊz
ɔv.ʊʃ,ɔv.ʊʃ,ɔvʊʃ,ɔvʊʃ
ɔv.ʊʒ,ɔv.ʊʒ,ɔvʊʒ,ɔvʊʒ
ɔv.ʊθ,ɔv.ʊθ,ɔvʊθ,ɔvʊθ
ɔv.ʊð,ɔv.ʊð,ɔvʊð,ɔvʊð
ɔv.ɔm,ɔv.ɔm,ɔvɔm,ɔvɔm
ɔv.ɔn,ɔv.ɔn,ɔvɔn,ɔvɔn
ɔv.ɔŋ,ɔv.ɔŋ,ɔvɔŋ,ɔvɔŋ
ɔv.ɔp,ɔv.ɔp,ɔvɔp,ɔvɔp
ɔv.ɔt,ɔv.ɔt,ɔvɔt,ɔvɔt
ɔv.ɔk,ɔv.ɔk,ɔvɔk,ɔvɔk
ɔv.ɔb,ɔv.ɔb,ɔvɔb,ɔvɔb
ɔv.ɔd,ɔv.ɔd,ɔvɔd,ɔvɔd
ɔv.ɔg,ɔv.ɔg,ɔvɔg,ɔvɔg
ɔv.ɔf,ɔv.ɔf,ɔvɔf,ɔvɔf
ɔv.ɔs,ɔv.ɔs,ɔvɔs,ɔvɔs
ɔv.ɔv,ɔv.ɔv,ɔvɔv,ɔvɔv
ɔv.ɔz,ɔv.ɔz,ɔvɔz,ɔvɔz
ɔv.ɔʃ,ɔv.ɔʃ,ɔvɔʃ,ɔvɔʃ
ɔv.ɔʒ,ɔv.ɔʒ,ɔvɔʒ,ɔvɔʒ
ɔv.ɔθ,ɔv.ɔθ,ɔvɔθ,ɔvɔθ
ɔv.ɔð,ɔv.ɔð,ɔvɔð,ɔvɔð
ɔz.ɪm,ɔz.ɪm,ɔzɪm,ɔzɪm
ɔz.ɪn,ɔz.ɪn,ɔzɪn,ɔzɪn
ɔz.ɪŋ,ɔz.ɪŋ,ɔzɪŋ,ɔzɪŋ
ɔz.ɪp,ɔz.ɪp,ɔzɪp,ɔzɪp
ɔz.ɪt,ɔz.ɪt,ɔzɪt,ɔzɪt
ɔz.ɪk,ɔz.ɪk,ɔzɪk,ɔzɪk
ɔz.ɪb,ɔz.ɪb,ɔzɪb,ɔzɪb
ɔz.ɪd,ɔz.ɪd,ɔzɪd,ɔzɪd
ɔz.ɪg,ɔz.ɪg,ɔzɪg,ɔzɪg
ɔz.ɪf,ɔz.ɪf,ɔzɪf,ɔzɪf
ɔz.ɪs,ɔz.ɪs,ɔzɪs,ɔzɪs
ɔz.ɪv,ɔz.ɪv,ɔzɪv,ɔzɪv
ɔz.ɪz,ɔz.ɪz,ɔzɪz,ɔzɪz
ɔz.ɪʃ,ɔz.ɪʃ,ɔzɪʃ,ɔzɪʃ
ɔz.ɪʒ,ɔz.ɪʒ,ɔzɪʒ,ɔzɪʒ
ɔz.ɪθ,ɔz.ɪθ,ɔzɪθ,ɔzɪθ
ɔz.ɪð,ɔz.ɪð,ɔzɪð,ɔzɪð
ɔz.ɛm,ɔz.ɛm,ɔzɛm,ɔzɛm
ɔz.ɛn,ɔz.ɛn,ɔzɛn,ɔzɛn
ɔz.ɛŋ,ɔz.ɛŋ,ɔzɛŋ,ɔzɛŋ
ɔz.ɛp,ɔz.ɛp,ɔzɛp,ɔzɛp
ɔz.ɛt,ɔz.ɛt,ɔzɛt,ɔzɛt
ɔz.ɛk,ɔz.ɛk,ɔzɛk,ɔzɛk
ɔz.ɛb,ɔz.ɛb,ɔzɛb,ɔzɛb
ɔz.ɛd,ɔz.ɛd,ɔzɛd,ɔzɛd
ɔz.ɛg,ɔz.ɛg,ɔzɛg,ɔzɛg
ɔz.ɛf,ɔz.ɛf,ɔzɛf,ɔzɛf
ɔz.ɛs,ɔz.ɛs,ɔzɛs,ɔzɛs
ɔz.ɛv,ɔz.ɛv,ɔzɛv,ɔzɛv
ɔz.ɛz,ɔz.ɛz,ɔzɛz,ɔzɛz
ɔz.ɛʃ,ɔz.ɛʃ,ɔzɛʃ,ɔzɛʃ
ɔz.ɛʒ,ɔz.ɛʒ,ɔzɛʒ,ɔzɛʒ
ɔz.ɛθ,ɔz.ɛθ,ɔzɛθ,ɔzɛθ
ɔz.ɛð,ɔz.ɛð,ɔzɛð,ɔzɛð
ɔz.ʊm,ɔz.ʊm,ɔzʊm,ɔzʊm
ɔz.ʊn,ɔz.ʊn,ɔzʊn,ɔzʊn
ɔz.ʊŋ,ɔz.ʊŋ,ɔzʊŋ,ɔzʊŋ
ɔz.ʊp,ɔz.ʊp,ɔzʊp,ɔzʊp
ɔz.ʊt,ɔz.ʊt,ɔzʊt,ɔzʊt
ɔz.ʊk,ɔz.ʊk,ɔzʊk,ɔzʊk
ɔz.ʊb,ɔz.ʊb,ɔzʊb,ɔzʊb
ɔz.ʊd,ɔz.ʊd,ɔzʊd,ɔzʊd
ɔz.ʊg,ɔz.ʊg,ɔzʊg,ɔzʊg
ɔz.ʊf,ɔz.ʊf,ɔzʊf,ɔzʊf
ɔz.ʊs,ɔz.ʊs,ɔzʊs,ɔzʊs
ɔz.ʊv,ɔz.ʊv,ɔzʊv,ɔzʊv
ɔz.ʊz,ɔz.ʊz,ɔzʊz,ɔzʊz
ɔz.ʊʃ,ɔz.ʊʃ,ɔzʊʃ,ɔzʊʃ
ɔz.ʊʒ,ɔz.ʊʒ,ɔzʊʒ,ɔzʊʒ
ɔz.ʊθ,ɔz.ʊθ,ɔzʊθ,ɔzʊθ
ɔz.ʊð,ɔz.ʊð,ɔzʊð,ɔzʊð
ɔz.ɔm,ɔz.ɔm,ɔzɔm,ɔzɔm
ɔz.ɔn,ɔz.ɔn,ɔzɔn,ɔzɔn
ɔz.ɔŋ,ɔz.ɔŋ,ɔzɔŋ,ɔzɔŋ
ɔz.ɔp,ɔz.ɔp,ɔzɔp,ɔzɔp
ɔz.ɔt,ɔz.ɔt,ɔzɔt,ɔzɔt
ɔz.ɔk,ɔz.ɔk,ɔzɔk,ɔzɔk
ɔz.ɔb,ɔz.ɔb,ɔzɔb,ɔzɔb
ɔz.ɔd,ɔz.ɔd,ɔzɔd,ɔzɔd
ɔz.ɔg,ɔz.ɔg,ɔzɔg,ɔzɔg
ɔz.ɔf,ɔz.ɔf,ɔzɔf,ɔzɔf
ɔz.ɔs,ɔz.ɔs,ɔzɔs,ɔzɔs
ɔz.ɔv,ɔz.ɔv,ɔzɔv,ɔzɔv
ɔz.ɔz,ɔz.ɔz,ɔzɔz,ɔzɔz
ɔz.ɔʃ,ɔz.ɔʃ,ɔzɔʃ,ɔzɔʃ
ɔz.ɔʒ,ɔz.ɔʒ,ɔzɔʒ,ɔzɔʒ
ɔz.ɔθ,ɔz.ɔθ,ɔzɔθ,ɔzɔθ
ɔz.ɔð,ɔz.ɔð,ɔzɔð,ɔzɔð
ɔʃ.ɪm,ɔʃ.ɪm,ɔʃɪm,ɔʃɪm
ɔʃ.ɪn,ɔʃ.ɪn,ɔʃɪn,ɔʃɪn
ɔʃ.ɪŋ,ɔʃ.ɪŋ,ɔʃɪŋ,ɔʃɪŋ
ɔʃ.ɪp,ɔʃ.ɪp,ɔʃɪp,ɔʃɪp
ɔʃ.ɪt,ɔʃ.ɪt,ɔʃɪt,ɔʃɪt
ɔʃ.ɪk,ɔʃ.ɪk,ɔʃɪk,ɔʃɪk
ɔʃ.ɪb,ɔʃ.ɪb,ɔʃɪb,ɔʃɪb
ɔʃ.ɪd,ɔʃ.ɪd,ɔʃɪd,ɔʃɪd
ɔʃ.ɪg,ɔʃ.ɪg,ɔʃɪg,ɔʃɪg
ɔʃ.ɪf,ɔʃ.ɪf,ɔʃɪf,ɔʃɪf
ɔʃ.ɪs,ɔʃ.ɪs,ɔʃɪs,ɔʃɪs
ɔʃ.ɪv,ɔʃ.ɪv,ɔʃɪv,ɔʃɪv
ɔʃ.ɪz,ɔʃ.ɪz,ɔʃɪz,ɔʃɪz
ɔʃ.ɪʃ,ɔʃ.ɪʃ,ɔʃɪʃ,ɔʃɪʃ
ɔʃ.ɪʒ,ɔʃ.ɪʒ,ɔʃɪʒ,ɔʃɪʒ
ɔʃ.ɪθ,ɔʃ.ɪθ,ɔʃɪθ,ɔʃɪθ
ɔʃ.ɪð,ɔʃ.ɪð,ɔʃɪð,ɔʃɪð
ɔʃ.ɛm,ɔʃ.ɛm,ɔʃɛm,ɔʃɛm
ɔʃ.ɛn,ɔʃ.ɛn,ɔʃɛn,ɔʃɛn
ɔʃ.ɛŋ,ɔʃ.ɛŋ,ɔʃɛŋ,ɔʃɛŋ
ɔʃ.ɛp,ɔʃ.ɛp,ɔʃɛp,ɔʃɛp
ɔʃ.ɛt,ɔʃ.ɛt,ɔʃɛt,ɔʃɛt
ɔʃ.ɛk,ɔʃ.ɛk,ɔʃɛk,ɔʃɛk
ɔʃ.ɛb,ɔʃ.ɛb,ɔʃɛb,ɔʃɛb
ɔʃ.ɛd,ɔʃ.ɛd,ɔʃɛd,ɔʃɛd
ɔʃ.ɛg,ɔʃ.ɛg,ɔʃɛg,ɔʃɛg
ɔʃ.ɛf,ɔʃ.ɛf,ɔʃɛf,ɔʃɛf
ɔʃ.ɛs,ɔʃ.ɛs,ɔʃɛs,ɔʃɛs
ɔʃ.ɛv,ɔʃ.ɛv,ɔʃɛv,ɔʃɛv
ɔʃ.ɛz,ɔʃ.ɛz,ɔʃɛz,ɔʃɛz
ɔʃ.ɛʃ,ɔʃ.ɛʃ,ɔʃɛʃ,ɔʃɛʃ
ɔʃ.ɛʒ,ɔʃ.ɛʒ,ɔʃɛʒ,ɔʃɛʒ
ɔʃ.ɛθ,ɔʃ.ɛθ,ɔʃɛθ,ɔʃɛθ
ɔʃ.ɛð,ɔʃ.ɛð,ɔʃɛð,ɔʃɛð
ɔʃ.ʊm,ɔʃ.ʊm,ɔʃʊm,ɔʃʊm
ɔʃ.ʊn,ɔʃ.ʊn,ɔʃʊn,ɔʃʊn
ɔʃ.ʊŋ,ɔʃ.ʊŋ,ɔʃʊŋ,ɔʃʊŋ
ɔʃ.ʊp,ɔʃ.ʊp,ɔʃʊp,ɔʃʊp
ɔʃ.ʊt,ɔʃ.ʊt,ɔʃʊt,ɔʃʊt
ɔʃ.ʊk,ɔʃ.ʊk,ɔʃʊk,ɔʃʊk
ɔʃ.ʊb,ɔʃ.ʊb,ɔʃʊb,ɔʃʊb
ɔʃ.ʊd,ɔʃ.ʊd,ɔʃʊd,ɔʃʊd
ɔʃ.ʊg,ɔʃ.ʊg,ɔʃʊg,ɔʃʊg
ɔʃ.ʊf,ɔʃ.ʊf,ɔʃʊf,ɔʃʊf
ɔʃ.ʊs,ɔʃ.ʊs,ɔʃʊs,ɔʃʊs
ɔʃ.ʊv,ɔʃ.ʊv,ɔʃʊv,ɔʃʊv
ɔʃ.ʊz,ɔʃ.ʊz,ɔʃʊz,ɔʃʊz
ɔʃ.ʊʃ,ɔʃ.ʊʃ,ɔʃʊʃ,ɔʃʊʃ
ɔʃ.ʊʒ,ɔʃ.ʊʒ,ɔʃʊʒ,ɔʃʊʒ
ɔʃ.ʊθ,ɔʃ.ʊθ,ɔʃʊθ,ɔʃʊθ
ɔʃ.ʊð,ɔʃ.ʊð,ɔʃʊð,ɔʃʊð
ɔʃ.ɔm,ɔʃ.ɔm,ɔʃɔm,ɔʃɔm
ɔʃ.ɔn,ɔʃ.ɔn,ɔʃɔn,ɔʃɔn
ɔʃ.ɔŋ,ɔʃ.ɔŋ,ɔʃɔŋ,ɔʃɔŋ
ɔʃ.ɔp,ɔʃ.ɔp,ɔʃɔp,ɔʃɔp
ɔʃ.ɔt,ɔʃ.ɔt,ɔʃɔt,ɔʃɔt
ɔʃ.ɔk,ɔʃ.ɔk,ɔʃɔk,ɔʃɔk
ɔʃ.ɔb,ɔʃ.ɔb,ɔʃɔb,ɔʃɔb
ɔʃ.ɔd,ɔʃ.ɔd,ɔʃɔd,ɔʃɔd
ɔʃ.ɔg,ɔʃ.ɔg,ɔʃɔg,ɔʃɔg
ɔʃ.ɔf,ɔʃ.ɔf,ɔʃɔf,ɔʃɔf
ɔʃ.ɔs,ɔʃ.ɔs,ɔʃɔs,ɔʃɔs
ɔʃ.ɔv,ɔʃ.ɔv,ɔʃɔv,ɔʃɔv
ɔʃ.ɔz,ɔʃ.ɔz,ɔʃɔz,ɔʃɔz
ɔʃ.ɔʃ,ɔʃ.ɔʃ,ɔʃɔʃ,ɔʃɔʃ
ɔʃ.ɔʒ,ɔʃ.ɔʒ,ɔʃɔʒ,ɔʃɔʒ
ɔʃ.ɔθ,ɔʃ.ɔθ,ɔʃɔθ,ɔʃɔθ
ɔʃ.ɔð,ɔʃ.ɔð,ɔʃɔð,ɔʃɔð
ɔʒ.ɪm,ɔʒ.ɪm,ɔʒɪm,ɔʒɪm
ɔʒ.ɪn,ɔʒ.ɪn,ɔʒɪn,ɔʒɪn
ɔʒ.ɪŋ,ɔʒ.ɪŋ,ɔʒɪŋ,ɔʒɪŋ
ɔʒ.ɪp,ɔʒ.ɪp,ɔʒɪp,ɔʒɪp
ɔʒ.ɪt,ɔʒ.ɪt,ɔʒɪt,ɔʒɪt
ɔʒ.ɪk,ɔʒ.ɪk,ɔʒɪk,ɔʒɪk
ɔʒ.ɪb,ɔʒ.ɪb,ɔʒɪb,ɔʒɪb
ɔʒ.ɪd,ɔʒ.ɪd,ɔʒɪd,ɔʒɪd
ɔʒ.ɪg,ɔʒ.ɪg,ɔʒɪg,ɔʒɪg
ɔʒ.ɪf,ɔʒ.ɪf,ɔʒɪf,ɔʒɪf
ɔʒ.ɪs,ɔʒ.ɪs,ɔʒɪs,ɔʒɪs
ɔʒ.ɪv,ɔʒ.ɪv,ɔʒɪv,ɔʒɪv
ɔʒ.ɪz,ɔʒ.ɪz,ɔʒɪz,ɔʒɪz
ɔʒ.ɪʃ,ɔʒ.ɪʃ,ɔʒɪʃ,ɔʒɪʃ
ɔʒ.ɪʒ,ɔʒ.ɪʒ,ɔʒɪʒ,ɔʒɪʒ
ɔʒ.ɪθ,ɔʒ.ɪθ,ɔʒɪθ,ɔʒɪθ
ɔʒ.ɪð,ɔʒ.ɪð,ɔʒɪð,ɔʒɪð
ɔʒ.ɛm,ɔʒ.ɛm,ɔʒɛm,ɔʒɛm
ɔʒ.ɛn,ɔʒ.ɛn,ɔʒɛn,ɔʒɛn
ɔʒ.ɛŋ,ɔʒ.ɛŋ,ɔʒɛŋ,ɔʒɛŋ
ɔʒ.ɛp,ɔʒ.ɛp,ɔʒɛp,ɔʒɛp
ɔʒ.ɛt,ɔʒ.ɛt,ɔʒɛt,ɔʒɛt
ɔʒ.ɛk,ɔʒ.ɛk,ɔʒɛk,ɔʒɛk
ɔʒ.ɛb,ɔʒ.ɛb,ɔʒɛb,ɔʒɛb
ɔʒ.ɛd,ɔʒ.ɛd,ɔʒɛd,ɔʒɛd
ɔʒ.ɛg,ɔʒ.ɛg,ɔʒɛg,ɔʒɛg
ɔʒ.ɛf,ɔʒ.ɛf,ɔʒɛf,ɔʒɛf
ɔʒ.ɛs,ɔʒ.ɛs,ɔʒɛs,ɔʒɛs
ɔʒ.ɛv,ɔʒ.ɛv,ɔʒɛv,ɔʒɛv
ɔʒ.ɛz,ɔʒ.ɛz,ɔʒɛz,ɔʒɛz
ɔʒ.ɛʃ,ɔʒ.ɛʃ,ɔʒɛʃ,ɔʒɛʃ
ɔʒ.ɛʒ,ɔʒ.ɛʒ,ɔʒɛʒ,ɔʒɛʒ
ɔʒ.ɛθ,ɔʒ.ɛθ,ɔʒɛθ,ɔʒɛθ
ɔʒ.ɛð,ɔʒ.ɛð,ɔʒɛð,ɔʒɛð
ɔʒ.ʊm,ɔʒ.ʊm,ɔʒʊm,ɔʒʊm
ɔʒ.ʊn,ɔʒ.ʊn,ɔʒʊn,ɔʒʊn
ɔʒ.ʊŋ,ɔʒ.ʊŋ,ɔʒʊŋ,ɔʒʊŋ
ɔʒ.ʊp,ɔʒ.ʊp,ɔʒʊp,ɔʒʊp
ɔʒ.ʊt,ɔʒ.ʊt,ɔʒʊt,ɔʒʊt
ɔʒ.ʊk,ɔʒ.ʊk,ɔʒʊk,ɔʒʊk
ɔʒ.ʊb,ɔʒ.ʊb,ɔʒʊb,ɔʒʊb
ɔʒ.ʊd,ɔʒ.ʊd,ɔʒʊd,ɔʒʊd
ɔʒ.ʊg,ɔʒ.ʊg,ɔʒʊg,ɔʒʊg
ɔʒ.ʊf,ɔʒ.ʊf,ɔʒʊf,ɔʒʊf
ɔʒ.ʊs,ɔʒ.ʊs,ɔʒʊs,ɔʒʊs
ɔʒ.ʊv,ɔʒ.ʊv,ɔʒʊv,ɔʒʊv
ɔʒ.ʊz,ɔʒ.ʊz,ɔʒʊz,ɔʒʊz
ɔʒ.ʊʃ,ɔʒ.ʊʃ,ɔʒʊʃ,ɔʒʊʃ
ɔʒ.ʊʒ,ɔʒ.ʊʒ,ɔʒʊʒ,ɔʒʊʒ
ɔʒ.ʊθ,ɔʒ.ʊθ,ɔʒʊθ,ɔʒʊθ
ɔʒ.ʊð,ɔʒ.ʊð,ɔʒʊð,ɔʒʊð
ɔʒ.ɔm,ɔʒ.ɔm,ɔʒɔm,ɔʒɔm
ɔʒ.ɔn,ɔʒ.ɔn,ɔʒɔn,ɔʒɔn
ɔʒ.ɔŋ,ɔʒ.ɔŋ,ɔʒɔŋ,ɔʒɔŋ
ɔʒ.ɔp,ɔʒ.ɔp,ɔʒɔp,ɔʒɔp
ɔʒ.ɔt,ɔʒ.ɔt,ɔʒɔt,ɔʒɔt
ɔʒ.ɔk,ɔʒ.ɔk,ɔʒɔk,ɔʒɔk
ɔʒ.ɔb,ɔʒ.ɔb,ɔʒɔb,ɔʒɔb
ɔʒ.ɔd,ɔʒ.ɔd,ɔʒɔd,ɔʒɔd
ɔʒ.ɔg,ɔʒ.ɔg,ɔʒɔg,ɔʒɔg
ɔʒ.ɔf,ɔʒ.ɔf,ɔʒɔf,ɔʒɔf
ɔʒ.ɔs,ɔʒ.ɔs,ɔʒɔs,ɔʒɔs
ɔʒ.ɔv,ɔʒ.ɔv,ɔʒɔv,ɔʒɔv
ɔʒ.ɔz,ɔʒ.ɔz,ɔʒɔz,ɔʒɔz
ɔʒ.ɔʃ,ɔʒ.ɔʃ,ɔʒɔʃ,ɔʒɔʃ
ɔʒ.ɔʒ,ɔʒ.ɔʒ,ɔʒɔʒ,ɔʒɔʒ
ɔʒ.ɔθ,ɔʒ.ɔθ,ɔʒɔθ,ɔʒɔθ
ɔʒ.ɔð,ɔʒ.ɔð,ɔʒɔð,ɔʒɔð
ɔθ.ɪm,ɔθ.ɪm,ɔθɪm,ɔθɪm
ɔθ.ɪn,ɔθ.ɪn,ɔθɪn,ɔθɪn
ɔθ.ɪŋ,ɔθ.ɪŋ,ɔθɪŋ,ɔθɪŋ
ɔθ.ɪp,ɔθ.ɪp,ɔθɪp,ɔθɪp
ɔθ.ɪt,ɔθ.ɪt,ɔθɪt,ɔθɪt
ɔθ.ɪk,ɔθ.ɪk,ɔθɪk,ɔθɪk
ɔθ.ɪb,ɔθ.ɪb,ɔθɪb,ɔθɪb
ɔθ.ɪd,ɔθ.ɪd,ɔθɪd,ɔθɪd
ɔθ.ɪg,ɔθ.ɪg,ɔθɪg,ɔθɪg
ɔθ.ɪf,ɔθ.ɪf,ɔθɪf,ɔθɪf
ɔθ.ɪs,ɔθ.ɪs,ɔθɪs,ɔθɪs
ɔθ.ɪv,ɔθ.ɪv,ɔθɪv,ɔθɪv
ɔθ.ɪz,ɔθ.ɪz,ɔθɪz,ɔθɪz
ɔθ.ɪʃ,ɔθ.ɪʃ,ɔθɪʃ,ɔθɪʃ
ɔθ.ɪʒ,ɔθ.ɪʒ,ɔθɪʒ,ɔθɪʒ
ɔθ.ɪθ,ɔθ.ɪθ,ɔθɪθ,ɔθɪθ
ɔθ.ɪð,ɔθ.ɪð,ɔθɪð,ɔθɪð
ɔθ.ɛm,ɔθ.ɛm,ɔθɛm,ɔθɛm
ɔθ.ɛn,ɔθ.ɛn,ɔθɛn,ɔθɛn
ɔθ.ɛŋ,ɔθ.ɛŋ,ɔθɛŋ,ɔθɛŋ
ɔθ.ɛp,ɔθ.ɛp,ɔθɛp,ɔθɛp
ɔθ.ɛt,ɔθ.ɛt,ɔθɛt,ɔθɛt
ɔθ.ɛk,ɔθ.ɛk,ɔθɛk,ɔθɛk
ɔθ.ɛb,ɔθ.ɛb,ɔθɛb,ɔθɛb
ɔθ.ɛd,ɔθ.ɛd,ɔθɛd,ɔθɛd
ɔθ.ɛg,ɔθ.ɛg,ɔθɛg,ɔθɛg
ɔθ.ɛf,ɔθ.ɛf,ɔθɛf,ɔθɛf
ɔθ.ɛs,ɔθ.ɛs,ɔθɛs,ɔθɛs
ɔθ.ɛv,ɔθ.ɛv,ɔθɛv,ɔθɛv
ɔθ.ɛz,ɔθ.ɛz,ɔθɛz,ɔθɛz
ɔθ.ɛʃ,ɔθ.ɛʃ,ɔθɛʃ,ɔθɛʃ
ɔθ.ɛʒ,ɔθ.ɛʒ,ɔθɛʒ,ɔθɛʒ
ɔθ.ɛθ,ɔθ.ɛθ,ɔθɛθ,ɔθɛθ
ɔθ.ɛð,ɔθ.ɛð,ɔθɛð,ɔθɛð
ɔθ.ʊm,ɔθ.ʊm,ɔθʊm,ɔθʊm
ɔθ.ʊn,ɔθ.ʊn,ɔθʊn,ɔθʊn
ɔθ.ʊŋ,ɔθ.ʊŋ,ɔθʊŋ,ɔθʊŋ
ɔθ.ʊp,ɔθ.ʊp,ɔθʊp,ɔθʊp
ɔθ.ʊt,ɔθ.ʊt,ɔθʊt,ɔθʊt
ɔθ.ʊk,ɔθ.ʊk,ɔθʊk,ɔθʊk
ɔθ.ʊb,ɔθ.ʊb,ɔθʊb,ɔθʊb
ɔθ.ʊd,ɔθ.ʊd,ɔθʊd,ɔθʊd
ɔθ.ʊg,ɔθ.ʊg,ɔθʊg,ɔθʊg
ɔθ.ʊf,ɔθ.ʊf,ɔθʊf,ɔθʊf
ɔθ.ʊs,ɔθ.ʊs,ɔθʊs,ɔθʊs
ɔθ.ʊv,ɔθ.ʊv,ɔθʊv,ɔθʊv
ɔθ.ʊz,ɔθ.ʊz,ɔθʊz,ɔθʊz
ɔθ.ʊʃ,ɔθ.ʊʃ,ɔθʊʃ,ɔθʊʃ
ɔθ.ʊʒ,ɔθ.ʊʒ,ɔθʊʒ,ɔθʊʒ
ɔθ.ʊθ,ɔθ.ʊθ,ɔθʊθ,ɔθʊθ
ɔθ.ʊð,ɔθ.ʊð,ɔθʊð,ɔθʊð
ɔθ.ɔm,ɔθ.ɔm,ɔθɔm,ɔθɔm
ɔθ.ɔn,ɔθ.ɔn,ɔθɔn,ɔθɔn
ɔθ.ɔŋ,ɔθ.ɔŋ,ɔθɔŋ,ɔθɔŋ
ɔθ.ɔp,ɔθ.ɔp,ɔθɔp,ɔθɔp
ɔθ.ɔt,ɔθ.ɔt,ɔθɔt,ɔθɔt
ɔθ.ɔk,ɔθ.ɔk,ɔθɔk,ɔθɔk
ɔθ.ɔb,ɔθ.ɔb,ɔθɔb,ɔθɔb
ɔθ.ɔd,ɔθ.ɔd,ɔθɔd,ɔθɔd
ɔθ.ɔg,ɔθ.ɔg,ɔθɔg,ɔθɔg
ɔθ.ɔf,ɔθ.ɔf,ɔθɔf,ɔθɔf
ɔθ.ɔs,ɔθ.ɔs,ɔθɔs,ɔθɔs
ɔθ.ɔv,ɔθ.ɔv,ɔθɔv,ɔθɔv
ɔθ.ɔz,ɔθ.ɔz,ɔθɔz,ɔθɔz
ɔθ.ɔʃ,ɔθ.ɔʃ,ɔθɔʃ,ɔθɔʃ
ɔθ.ɔʒ,ɔθ.ɔʒ,ɔθɔʒ,ɔθɔʒ
ɔθ.ɔθ,ɔθ.ɔθ,ɔθɔθ,ɔθɔθ
ɔθ.ɔð,ɔθ.ɔð,ɔθɔð,ɔθɔð
ɔð.ɪm,ɔð.ɪm,ɔðɪm,ɔðɪm
ɔð.ɪn,ɔð.ɪn,ɔðɪn,ɔðɪn
ɔð.ɪŋ,ɔð.ɪŋ,ɔðɪŋ,ɔðɪŋ
ɔð.ɪp,ɔð.ɪp,ɔðɪp,ɔðɪp
ɔð.ɪt,ɔð.ɪt,ɔðɪt,ɔðɪt
ɔð.ɪk,ɔð.ɪk,ɔðɪk,ɔðɪk
ɔð.ɪb,ɔð.ɪb,ɔðɪb,ɔðɪb
ɔð.ɪd,ɔð.ɪd,ɔðɪd,ɔðɪd
ɔð.ɪg,ɔð.ɪg,ɔðɪg,ɔðɪg
ɔð.ɪf,ɔð.ɪf,ɔðɪf,ɔðɪf
ɔð.ɪs,ɔð.ɪs,ɔðɪs,ɔðɪs
ɔð.ɪv,ɔð.ɪv,ɔðɪv,ɔðɪv
ɔð.ɪz,ɔð.ɪz,ɔðɪz,ɔðɪz
ɔð.ɪʃ,ɔð.ɪʃ,ɔðɪʃ,ɔðɪʃ
ɔð.ɪʒ,ɔð.ɪʒ,ɔðɪʒ,ɔðɪʒ
ɔð.ɪθ,ɔð.ɪθ,ɔðɪθ,ɔðɪθ
ɔð.ɪð,ɔð.ɪð,ɔðɪð,ɔðɪð
ɔð.ɛm,ɔð.ɛm,ɔðɛm,ɔðɛm
ɔð.ɛn,ɔð.ɛn,ɔðɛn,ɔðɛn
ɔð.ɛŋ,ɔð.ɛŋ,ɔðɛŋ,ɔðɛŋ
ɔð.ɛp,ɔð.ɛp,ɔðɛp,ɔðɛp
ɔð.ɛt,ɔð.ɛt,ɔðɛt,ɔðɛt
ɔð.ɛk,ɔð.ɛk,ɔðɛk,ɔðɛk
ɔð.ɛb,ɔð.ɛb,ɔðɛb,ɔðɛb
ɔð.ɛd,ɔð.ɛd,ɔðɛd,ɔðɛd
ɔð.ɛg,ɔð.ɛg,ɔðɛg,ɔðɛg
ɔð.ɛf,ɔð.ɛf,ɔðɛf,ɔðɛf
ɔð.ɛs,ɔð.ɛs,ɔðɛs,ɔðɛs
ɔð.ɛv,ɔð.ɛv,ɔðɛv,ɔðɛv
ɔð.ɛz,ɔð.ɛz,ɔðɛz,ɔðɛz
ɔð.ɛʃ,ɔð.ɛʃ,ɔðɛʃ,ɔðɛʃ
ɔð.ɛʒ,ɔð.ɛʒ,ɔðɛʒ,ɔðɛʒ
ɔð.ɛθ,ɔð.ɛθ,ɔðɛθ,ɔðɛθ
ɔð.ɛð,ɔð.ɛð,ɔðɛð,ɔðɛð
ɔð.ʊm,ɔð.ʊm,ɔðʊm,ɔðʊm
ɔð.ʊn,ɔð.ʊn,ɔðʊn,ɔðʊn
ɔð.ʊŋ,ɔð.ʊŋ,ɔðʊŋ,ɔðʊŋ
ɔð.ʊp,ɔð.ʊp,ɔðʊp,ɔðʊp
ɔð.ʊt,ɔð.ʊt,ɔðʊt,ɔðʊt
ɔð.ʊk,ɔð.ʊk,ɔðʊk,ɔðʊk
ɔð.ʊb,ɔð.ʊb,ɔðʊb,ɔðʊb
ɔð.ʊd,ɔð.ʊd,ɔðʊd,ɔðʊd
ɔð.ʊg,ɔð.ʊg,ɔðʊg,ɔðʊg
ɔð.ʊf,ɔð.ʊf,ɔðʊf,ɔðʊf
ɔð.ʊs,ɔð.ʊs,ɔðʊs,ɔðʊs
ɔð.ʊv,ɔð.ʊv,ɔðʊv,ɔðʊv
ɔð.ʊz,ɔð.ʊz,ɔðʊz,ɔðʊz
ɔð.ʊʃ,ɔð.ʊʃ,ɔðʊʃ,ɔðʊʃ
ɔð.ʊʒ,ɔð.ʊʒ,ɔðʊʒ,ɔðʊʒ
ɔð.ʊθ,ɔð.ʊθ,ɔðʊθ,ɔðʊθ
ɔð.ʊð,ɔð.ʊð,ɔðʊð,ɔðʊð
ɔð.ɔm,ɔð.ɔm,ɔðɔm,ɔðɔm
ɔð.ɔn,ɔð.ɔn,ɔðɔn,ɔðɔn
ɔð.ɔŋ,ɔð.ɔŋ,ɔðɔŋ,ɔðɔŋ
ɔð.ɔp,ɔð.ɔp,ɔðɔp,ɔðɔp
ɔð.ɔt,ɔð.ɔt,ɔðɔt,ɔðɔt
ɔð.ɔk,ɔð.ɔk,ɔðɔk,ɔðɔk
ɔð.ɔb,ɔð.ɔb,ɔðɔb,ɔðɔb
ɔð.ɔd,ɔð.ɔd,ɔðɔd,ɔðɔd
ɔð.ɔg,ɔð.ɔg,ɔðɔg,ɔðɔg
ɔð.ɔf,ɔð.ɔf,ɔðɔf,ɔðɔf
ɔð.ɔs,ɔð.ɔs,ɔðɔs,ɔðɔs
ɔð.ɔv,ɔð.ɔv,ɔðɔv,ɔðɔv
ɔð.ɔz,ɔð.ɔz,ɔðɔz,ɔðɔz
ɔð.ɔʃ,ɔð.ɔʃ,ɔðɔʃ,ɔðɔʃ
ɔð.ɔʒ,ɔð.ɔʒ,ɔðɔʒ,ɔðɔʒ
ɔð.ɔθ,ɔð.ɔθ,ɔðɔθ,ɔðɔθ
ɔð.ɔð,ɔð.ɔð,ɔðɔð,ɔðɔð
mɪm.i,mɪm.i,mɪmi,mɪmi
mɪm.e,mɪm.e,mɪme,mɪme
mɪm.u,mɪm.u,mɪmu,mɪmu
mɪm.o,mɪm.o,mɪmo,mɪmo
mɪn.i,mɪn.i,mɪni,mɪni
mɪn.e,mɪn.e,mɪne,mɪne
mɪn.u,mɪn.u,mɪnu,mɪnu
mɪn.o,mɪn.o,mɪno,mɪno
mɪŋ.i,mɪŋ.i,mɪŋi,mɪŋi
mɪŋ.e,mɪŋ.e,mɪŋe,mɪŋe
mɪŋ.u,mɪŋ.u,mɪŋu,mɪŋu
mɪŋ.o,mɪŋ.o,mɪŋo,mɪŋo
mɪp.i,mɪp.i,mɪpi,mɪpi
mɪp.e,mɪp.e,mɪpe,mɪpe
mɪp.u,mɪp.u,mɪpu,mɪpu
mɪp.o,mɪp.o,mɪpo,mɪpo
mɪt.i,mɪt.i,mɪti,mɪti
mɪt.e,mɪt.e,mɪte,mɪte
mɪt.u,mɪt.u,mɪtu,mɪtu
mɪt.o,mɪt.o,mɪto,mɪto
mɪk.i,mɪk.i,mɪki,mɪki
mɪk.e,mɪk.e,mɪke,mɪke
mɪk.u,mɪk.u,mɪku,mɪku
mɪk.o,mɪk.o,mɪko,mɪko
mɪb.i,mɪb.i,mɪbi,mɪbi
mɪb.e,mɪb.e,mɪbe,mɪbe
mɪb.u,mɪb.u,mɪbu,mɪbu
mɪb.o,mɪb.o,mɪbo,mɪbo
mɪd.i,mɪd.i,mɪdi,mɪdi
mɪd.e,mɪd.e,mɪde,mɪde
mɪd.u,mɪd.u,mɪdu,mɪdu
mɪd.o,mɪd.o,mɪdo,mɪdo
mɪg.i,mɪg.i,mɪgi,mɪgi
mɪg.e,mɪg.e,mɪge,mɪge
mɪg.u,mɪg.u,mɪgu,mɪgu
mɪg.o,mɪg.o,mɪgo,mɪgo
mɪf.i,mɪf.i,mɪfi,mɪfi
mɪf.e,mɪf.e,mɪfe,mɪfe
mɪf.u,mɪf.u,mɪfu,mɪfu
mɪf.o,mɪf.o,mɪfo,mɪfo
mɪs.i,mɪs.i,mɪsi,mɪsi
mɪs.e,mɪs.e,mɪse,mɪse
mɪs.u,mɪs.u,mɪsu,mɪsu
mɪs.o,mɪs.o,mɪso,mɪso
mɪv.i,mɪv.i,mɪvi,mɪvi
mɪv.e,mɪv.e,mɪve,mɪve
mɪv.u,mɪv.u,mɪvu,mɪvu
mɪv.o,mɪv.o,mɪvo,mɪvo
mɪz.i,mɪz.i,mɪzi,mɪzi
mɪz.e,mɪz.e,mɪze,mɪze
mɪz.u,mɪz.u,mɪzu,mɪzu
mɪz.o,mɪz.o,mɪzo,mɪzo
mɪʃ.i,mɪʃ.i,mɪʃi,mɪʃi
mɪʃ.e,mɪʃ.e,mɪʃe,mɪʃe
mɪʃ.u,mɪʃ.u,mɪʃu,mɪʃu
mɪʃ.o,mɪʃ.o,mɪʃo,mɪʃo
mɪʒ.i,mɪʒ.i,mɪʒi,mɪʒi
mɪʒ.e,mɪʒ.e,mɪʒe,mɪʒe
mɪʒ.u,mɪʒ.u,mɪʒu,mɪʒu
mɪʒ.o,mɪʒ.o,mɪʒo,mɪʒo
mɪθ.i,mɪθ.i,mɪθi,mɪθi
mɪθ.e,mɪθ.e,mɪθe,mɪθe
mɪθ.u,mɪθ.u,mɪθu,mɪθu
mɪθ.o,mɪθ.o,mɪθo,mɪθo
mɪð.i,mɪð.i,mɪði,mɪði
mɪð.e,mɪð.e,mɪðe,mɪðe
mɪð.u,mɪð.u,mɪðu,mɪðu
mɪð.o,mɪð.o,mɪðo,mɪðo
nɪm.i,nɪm.i,nɪmi,nɪmi
nɪm.e,nɪm.e,nɪme,nɪme
nɪm.u,nɪm.u,nɪmu,nɪmu
nɪm.o,nɪm.o,nɪmo,nɪmo
nɪn.i,nɪn.i,nɪni,nɪni
nɪn.e,nɪn.e,nɪne,nɪne
nɪn.u,nɪn.u,nɪnu,nɪnu
nɪn.o,nɪn.o,nɪno,nɪno
nɪŋ.i,nɪŋ.i,nɪŋi,nɪŋi
nɪŋ.e,nɪŋ.e,nɪŋe,nɪŋe
nɪŋ.u,nɪŋ.u,nɪŋu,nɪŋu
nɪŋ.o,nɪŋ.o,nɪŋo,nɪŋo
nɪp.i,nɪp.i,nɪpi,nɪpi
nɪp.e,nɪp.e,nɪpe,nɪpe
nɪp.u,nɪp.u,nɪpu,nɪpu
nɪp.o,nɪp.o,nɪpo,nɪpo
nɪt.i,nɪt.i,nɪti,nɪti
nɪt.e,nɪt.e,nɪte,nɪte
nɪt.u,nɪt.u,nɪtu,nɪtu
nɪt.o,nɪt.o,nɪto,nɪto
nɪk.i,nɪk.i,nɪki,nɪki
nɪk.e,nɪk.e,nɪke,nɪke
nɪk.u,nɪk.u,nɪku,nɪku
nɪk.o,nɪk.o,nɪko,nɪko
nɪb.i,nɪb.i,nɪbi,nɪbi
nɪb.e,nɪb.e,nɪbe,nɪbe
nɪb.u,nɪb.u,nɪbu,nɪbu
nɪb.o,nɪb.o,nɪbo,nɪbo
nɪd.i,nɪd.i,nɪdi,nɪdi
nɪd.e,nɪd.e,nɪde,nɪde
nɪd.u,nɪd.u,nɪdu,nɪdu
nɪd.o,nɪd.o,nɪdo,nɪdo
nɪg.i,nɪg.i,nɪgi,nɪgi
nɪg.e,nɪg.e,nɪge,nɪge
nɪg.u,nɪg.u,nɪgu,nɪgu
nɪg.o,nɪg.o,nɪgo,nɪgo
nɪf.i,nɪf.i,nɪfi,nɪfi
nɪf.e,nɪf.e,nɪfe,nɪfe
nɪf.u,nɪf.u,nɪfu,nɪfu
nɪf.o,nɪf.o,nɪfo,nɪfo
nɪs.i,nɪs.i,nɪsi,nɪsi
nɪs.e,nɪs.e,nɪse,nɪse
nɪs.u,nɪs.u,nɪsu,nɪsu
nɪs.o,nɪs.o,nɪso,nɪso
nɪv.i,nɪv.i,nɪvi,nɪvi
nɪv.e,nɪv.e,nɪve,nɪve
nɪv.u,nɪv.u,nɪvu,nɪvu
nɪv.o,nɪv.o,nɪvo,nɪvo
nɪz.i,nɪz.i,nɪzi,nɪzi
nɪz.e,nɪz.e,nɪze,nɪze
nɪz.u,nɪz.u,nɪzu,nɪzu
nɪz.o,nɪz.o,nɪzo,nɪzo
nɪʃ.i,nɪʃ.i,nɪʃi,nɪʃi
nɪʃ.e,nɪʃ.e,nɪʃe,nɪʃe
nɪʃ.u,nɪʃ.u,nɪʃu,nɪʃu
nɪʃ.o,nɪʃ.o,nɪʃo,nɪʃo
nɪʒ.i,nɪʒ.i,nɪʒi,nɪʒi
nɪʒ.e,nɪʒ.e,nɪʒe,nɪʒe
nɪʒ.u,nɪʒ.u,nɪʒu,nɪʒu
nɪʒ.o,nɪʒ.o,nɪʒo,nɪʒo
nɪθ.i,nɪθ.i,nɪθi,nɪθi
nɪθ.e,nɪθ.e,nɪθe,nɪθe
nɪθ.u,nɪθ.u,nɪθu,nɪθu
nɪθ.o,nɪθ.o,nɪθo,nɪθo
nɪð.i,nɪð.i,nɪði,nɪði
nɪð.e,nɪð.e,nɪðe,nɪðe
nɪð.u,nɪð.u,nɪðu,nɪðu
nɪð.o,nɪð.o,nɪðo,nɪðo
pɪm.i,pɪm.i,pɪmi,pɪmi
pɪm.e,pɪm.e,pɪme,pɪme
pɪm.u,pɪm.u,pɪmu,pɪmu
pɪm.o,pɪm.o,pɪmo,pɪmo
pɪn.i,pɪn.i,pɪni,pɪni
pɪn.e,pɪn.e,pɪne,pɪne
pɪn.u,pɪn.u,pɪnu,pɪnu
pɪn.o,pɪn.o,pɪno,pɪno
pɪŋ.i,pɪŋ.i,pɪŋi,pɪŋi
pɪŋ.e,pɪŋ.e,pɪŋe,pɪŋe
pɪŋ.u,pɪŋ.u,pɪŋu,pɪŋu
pɪŋ.o,pɪŋ.o,pɪŋo,pɪŋo
pɪp.i,pɪp.i,pɪpi,pɪpi
pɪp.e,pɪp.e,pɪpe,pɪpe
pɪp.u,pɪp.u,pɪpu,pɪpu
pɪp.o,pɪp.o,pɪpo,pɪpo
pɪt.i,pɪt.i,pɪti,pɪti
pɪt.e,pɪt.e,pɪte,pɪte
pɪt.u,pɪt.u,pɪtu,pɪtu
pɪt.o,pɪt.o,pɪto,pɪto
pɪk.i,pɪk.i,pɪki,pɪki
pɪk.e,pɪk.e,pɪke,pɪke
pɪk.u,pɪk.u,pɪku,pɪku
pɪk.o,pɪk.o,pɪko,pɪko
pɪb.i,pɪb.i,pɪbi,pɪbi
pɪb.e,pɪb.e,pɪbe,pɪbe
pɪb.u,pɪb.u,pɪbu,pɪbu
pɪb.o,pɪb.o,pɪbo,pɪbo
pɪd.i,pɪd.i,pɪdi,pɪdi
pɪd.e,pɪd.e,pɪde,pɪde
pɪd.u,pɪd.u,pɪdu,pɪdu
pɪd.o,pɪd.o,pɪdo,pɪdo
pɪg.i,pɪg.i,pɪgi,pɪgi
pɪg.e,pɪg.e,pɪge,pɪge
pɪg.u,pɪg.u,pɪgu,pɪgu
pɪg.o,pɪg.o,pɪgo,pɪgo
pɪf.i,pɪf.i,pɪfi,pɪfi
pɪf.e,pɪf.e,pɪfe,pɪfe
pɪf.u,pɪf.u,pɪfu,pɪfu
pɪf.o,pɪf.o,pɪfo,pɪfo
pɪs.i,pɪs.i,pɪsi,pɪsi
pɪs.e,pɪs.e,pɪse,pɪse
pɪs.u,pɪs.u,pɪsu,pɪsu
pɪs.o,pɪs.o,pɪso,pɪso
pɪv.i,pɪv.i,pɪvi,pɪvi
pɪv.e,pɪv.e,pɪve,pɪve
pɪv.u,pɪv.u,pɪvu,pɪvu
pɪv.o,pɪv.o,pɪvo,pɪvo
pɪz.i,pɪz.i,pɪzi,pɪzi
pɪz.e,pɪz.e,pɪze,pɪze
pɪz.u,pɪz.u,pɪzu,pɪzu
pɪz.o,pɪz.o,pɪzo,pɪzo
pɪʃ.i,pɪʃ.i,pɪʃi,pɪʃi
pɪʃ.e,pɪʃ.e,pɪʃe,pɪʃe
pɪʃ.u,pɪʃ.u,pɪʃu,pɪʃu
pɪʃ.o,pɪʃ.o,pɪʃo,pɪʃo
pɪʒ.i,pɪʒ.i,pɪʒi,pɪʒi
pɪʒ.e,pɪʒ.e,pɪʒe,pɪʒe
pɪʒ.u,pɪʒ.u,pɪʒu,pɪʒu
pɪʒ.o,pɪʒ.o,pɪʒo,pɪʒo
pɪθ.i,pɪθ.i,pɪθi,pɪθi
pɪθ.e,pɪθ.e,pɪθe,pɪθe
pɪθ.u,pɪθ.u,pɪθu,pɪθu
pɪθ.o,pɪθ.o,pɪθo,pɪθo
pɪð.i,pɪð.i,pɪði,pɪði
pɪð.e,pɪð.e,pɪðe,pɪðe
pɪð.u,pɪð.u,pɪðu,pɪðu
pɪð.o,pɪð.o,pɪðo,pɪðo
tɪm.i,tɪm.i,tɪmi,tɪmi
tɪm.e,tɪm.e,tɪme,tɪme
tɪm.u,tɪm.u,tɪmu,tɪmu
tɪm.o,tɪm.o,tɪmo,tɪmo
tɪn.i,tɪn.i,tɪni,tɪni
tɪn.e,tɪn.e,tɪne,tɪne
tɪn.u,tɪn.u,tɪnu,tɪnu
tɪn.o,tɪn.o,tɪno,tɪno
tɪŋ.i,tɪŋ.i,tɪŋi,tɪŋi
tɪŋ.e,tɪŋ.e,tɪŋe,tɪŋe
tɪŋ.u,tɪŋ.u,tɪŋu,tɪŋu
tɪŋ.o,tɪŋ.o,tɪŋo,tɪŋo
tɪp.i,tɪp.i,tɪpi,tɪpi
tɪp.e,tɪp.e,tɪpe,tɪpe
tɪp.u,tɪp.u,tɪpu,tɪpu
tɪp.o,tɪp.o,tɪpo,tɪpo
tɪt.i,tɪt.i,tɪti,tɪti
tɪt.e,tɪt.e,tɪte,tɪte
tɪt.u,tɪt.u,tɪtu,tɪtu
tɪt.o,tɪt.o,tɪto,tɪto
tɪk.i,tɪk.i,tɪki,tɪki
tɪk.e,tɪk.e,tɪke,tɪke
tɪk.u,tɪk.u,tɪku,tɪku
tɪk.o,tɪk.o,tɪko,tɪko
tɪb.i,tɪb.i,tɪbi,tɪbi
tɪb.e,tɪb.e,tɪbe,tɪbe
tɪb.u,tɪb.u,tɪbu,tɪbu
tɪb.o,tɪb.o,tɪbo,tɪbo
tɪd.i,tɪd.i,tɪdi,tɪdi
tɪd.e,tɪd.e,tɪde,tɪde
tɪd.u,tɪd.u,tɪdu,tɪdu
tɪd.o,tɪd.o,tɪdo,tɪdo
tɪg.i,tɪg.i,tɪgi,tɪgi
tɪg.e,tɪg.e,tɪge,tɪge
tɪg.u,tɪg.u,tɪgu,tɪgu
tɪg.o,tɪg.o,tɪgo,tɪgo
tɪf.i,tɪf.i,tɪfi,tɪfi
tɪf.e,tɪf.e,tɪfe,tɪfe
tɪf.u,tɪf.u,tɪfu,tɪfu
tɪf.o,tɪf.o,tɪfo,tɪfo
tɪs.i,tɪs.i,tɪsi,tɪsi
tɪs.e,tɪs.e,tɪse,tɪse
tɪs.u,tɪs.u,tɪsu,tɪsu
tɪs.o,tɪs.o,tɪso,tɪso
tɪv.i,tɪv.i,tɪvi,tɪvi
tɪv.e,tɪv.e,tɪve,tɪve
tɪv.u,tɪv.u,tɪvu,tɪvu
tɪv.o,tɪv.o,tɪvo,tɪvo
tɪz.i,tɪz.i,tɪzi,tɪzi
tɪz.e,tɪz.e,tɪze,tɪze
tɪz.u,tɪz.u,tɪzu,tɪzu
tɪz.o,tɪz.o,tɪzo,tɪzo
tɪʃ.i,tɪʃ.i,tɪʃi,tɪʃi
tɪʃ.e,tɪʃ.e,tɪʃe,tɪʃe
tɪʃ.u,tɪʃ.u,tɪʃu,tɪʃu
tɪʃ.o,tɪʃ.o,tɪʃo,tɪʃo
tɪʒ.i,tɪʒ.i,tɪʒi,tɪʒi
tɪʒ.e,tɪʒ.e,tɪʒe,tɪʒe
tɪʒ.u,tɪʒ.u,tɪʒu,tɪʒu
tɪʒ.o,tɪʒ.o,tɪʒo,tɪʒo
tɪθ.i,tɪθ.i,tɪθi,tɪθi
tɪθ.e,tɪθ.e,tɪθe,tɪθe
tɪθ.u,tɪθ.u,tɪθu,tɪθu
tɪθ.o,tɪθ.o,tɪθo,tɪθo
tɪð.i,tɪð.i,tɪði,tɪði
tɪð.e,tɪð.e,tɪðe,tɪðe
tɪð.u,tɪð.u,tɪðu,tɪðu
tɪð.o,tɪð.o,tɪðo,tɪðo
kɪm.i,kɪm.i,kɪmi,kɪmi
kɪm.e,kɪm.e,kɪme,kɪme
kɪm.u,kɪm.u,kɪmu,kɪmu
kɪm.o,kɪm.o,kɪmo,kɪmo
kɪn.i,kɪn.i,kɪni,kɪni
kɪn.e,kɪn.e,kɪne,kɪne
kɪn.u,kɪn.u,kɪnu,kɪnu
kɪn.o,kɪn.o,kɪno,kɪno
kɪŋ.i,kɪŋ.i,kɪŋi,kɪŋi
kɪŋ.e,kɪŋ.e,kɪŋe,kɪŋe
kɪŋ.u,kɪŋ.u,kɪŋu,kɪŋu
kɪŋ.o,kɪŋ.o,kɪŋo,kɪŋo
kɪp.i,kɪp.i,kɪpi,kɪpi
kɪp.e,kɪp.e,kɪpe,kɪpe
kɪp.u,kɪp.u,kɪpu,kɪpu
kɪp.o,kɪp.o,kɪpo,kɪpo
kɪt.i,kɪt.i,kɪti,kɪti
kɪt.e,kɪt.e,kɪte,kɪte
kɪt.u,kɪt.u,kɪtu,kɪtu
kɪt.o,kɪt.o,kɪto,kɪto
kɪk.i,kɪk.i,kɪki,kɪki
kɪk.e,kɪk.e,kɪke,kɪke
kɪk.u,kɪk.u,kɪku,kɪku
kɪk.o,kɪk.o,kɪko,kɪko
kɪb.i,kɪb.i,kɪbi,kɪbi
kɪb.e,kɪb.e,kɪbe,kɪbe
kɪb.u,kɪb.u,kɪbu,kɪbu
kɪb.o,kɪb.o,kɪbo,kɪbo
kɪd.i,kɪd.i,kɪdi,kɪdi
kɪd.e,kɪd.e,kɪde,kɪde
kɪd.u,kɪd.u,kɪdu,kɪdu
kɪd.o,kɪd.o,kɪdo,kɪdo
kɪg.i,kɪg.i,kɪgi,kɪgi
kɪg.e,kɪg.e,kɪge,kɪge
kɪg.u,kɪg.u,kɪgu,kɪgu
kɪg.o,kɪg.o,kɪgo,kɪgo
kɪf.i,kɪf.i,kɪfi,kɪfi
kɪf.e,kɪf.e,kɪfe,kɪfe
kɪf.u,kɪf.u,kɪfu,kɪfu
kɪf.o,kɪf.o,kɪfo,kɪfo
kɪs.i,kɪs.i,kɪsi,kɪsi
kɪs.e,kɪs.e,kɪse,kɪse
kɪs.u,kɪs.u,kɪsu,kɪsu
kɪs.o,kɪs.o,kɪso,kɪso
kɪv.i,kɪv.i,kɪvi,kɪvi
kɪv.e,kɪv.e,kɪve,kɪve
kɪv.u,kɪv.u,kɪvu,kɪvu
kɪv.o,kɪv.o,kɪvo,kɪvo
kɪz.i,kɪz.i,kɪzi,kɪzi
kɪz.e,kɪz.e,kɪze,kɪze
kɪz.u,kɪz.u,kɪzu,kɪzu
kɪz.o,kɪz.o,kɪzo,kɪzo
kɪʃ.i,kɪʃ.i,kɪʃi,kɪʃi
kɪʃ.e,kɪʃ.e,kɪʃe,kɪʃe
kɪʃ.u,kɪʃ.u,kɪʃu,kɪʃu
kɪʃ.o,kɪʃ.o,kɪʃo,kɪʃo
kɪʒ.i,kɪʒ.i,kɪʒi,kɪʒi
kɪʒ.e,kɪʒ.e,kɪʒe,kɪʒe
kɪʒ.u,kɪʒ.u,kɪʒu,kɪʒu
kɪʒ.o,kɪʒ.o,kɪʒo,kɪʒo
kɪθ.i,kɪθ.i,kɪθi,kɪθi
kɪθ.e,kɪθ.e,kɪθe,kɪθe
kɪθ.u,kɪθ.u,kɪθu,kɪθu
kɪθ.o,kɪθ.o,kɪθo,kɪθo
kɪð.i,kɪð.i,kɪði,kɪði
kɪð.e,kɪð.e,kɪðe,kɪðe
kɪð.u,kɪð.u,kɪðu,kɪðu
kɪð.o,kɪð.o,kɪðo,kɪðo
bɪm.i,bɪm.i,bɪmi,bɪmi
bɪm.e,bɪm.e,bɪme,bɪme
bɪm.u,bɪm.u,bɪmu,bɪmu
bɪm.o,bɪm.o,bɪmo,bɪmo
bɪn.i,bɪn.i,bɪni,bɪni
bɪn.e,bɪn.e,bɪne,bɪne
bɪn.u,bɪn.u,bɪnu,bɪnu
bɪn.o,bɪn.o,bɪno,bɪno
bɪŋ.i,bɪŋ.i,bɪŋi,bɪŋi
bɪŋ.e,bɪŋ.e,bɪŋe,bɪŋe
bɪŋ.u,bɪŋ.u,bɪŋu,bɪŋu
bɪŋ.o,bɪŋ.o,bɪŋo,bɪŋo
bɪp.i,bɪp.i,bɪpi,bɪpi
bɪp.e,bɪp.e,bɪpe,bɪpe
bɪp.u,bɪp.u,bɪpu,bɪpu
bɪp.o,bɪp.o,bɪpo,bɪpo
bɪt.i,bɪt.i,bɪti,bɪti
bɪt.e,bɪt.e,bɪte,bɪte
bɪt.u,bɪt.u,bɪtu,bɪtu
bɪt.o,bɪt.o,bɪto,bɪto
bɪk.i,bɪk.i,bɪki,bɪki
bɪk.e,bɪk.e,bɪke,bɪke
bɪk.u,bɪk.u,bɪku,bɪku
bɪk.o,bɪk.o,bɪko,bɪko
bɪb.i,bɪb.i,bɪbi,bɪbi
bɪb.e,bɪb.e,bɪbe,bɪbe
bɪb.u,bɪb.u,bɪbu,bɪbu
bɪb.o,bɪb.o,bɪbo,bɪbo
bɪd.i,bɪd.i,bɪdi,bɪdi
bɪd.e,bɪd.e,bɪde,bɪde
bɪd.u,bɪd.u,bɪdu,bɪdu
bɪd.o,bɪd.o,bɪdo,bɪdo
bɪg.i,bɪg.i,bɪgi,bɪgi
bɪg.e,bɪg.e,bɪge,bɪge
bɪg.u,bɪg.u,bɪgu,bɪgu
bɪg.o,bɪg.o,bɪgo,bɪgo
bɪf.i,bɪf.i,bɪfi,bɪfi
bɪf.e,bɪf.e,bɪfe,bɪfe
bɪf.u,bɪf.u,bɪfu,bɪfu
bɪf.o,bɪf.o,bɪfo,bɪfo
bɪs.i,bɪs.i,bɪsi,bɪsi
bɪs.e,bɪs.e,bɪse,bɪse
bɪs.u,bɪs.u,bɪsu,bɪsu
bɪs.o,bɪs.o,bɪso,bɪso
bɪv.i,bɪv.i,bɪvi,bɪvi
bɪv.e,bɪv.e,bɪve,bɪve
bɪv.u,bɪv.u,bɪvu,bɪvu
bɪv.o,bɪv.o,bɪvo,bɪvo
bɪz.i,bɪz.i,bɪzi,bɪzi
bɪz.e,bɪz.e,bɪze,bɪze
bɪz.u,bɪz.u,bɪzu,bɪzu
bɪz.o,bɪz.o,bɪzo,bɪzo
bɪʃ.i,bɪʃ.i,bɪʃi,bɪʃi
bɪʃ.e,bɪʃ.e,bɪʃe,bɪʃe
bɪʃ.u,bɪʃ.u,bɪʃu,bɪʃu
bɪʃ.o,bɪʃ.o,bɪʃo,bɪʃo
bɪʒ.i,bɪʒ.i,bɪʒi,bɪʒi
bɪʒ.e,bɪʒ.e,bɪʒe,bɪʒe
bɪʒ.u,bɪʒ.u,bɪʒu,bɪʒu
bɪʒ.o,bɪʒ.o,bɪʒo,bɪʒo
bɪθ.i,bɪθ.i,bɪθi,bɪθi
bɪθ.e,bɪθ.e,bɪθe,bɪθe
bɪθ.u,bɪθ.u,bɪθu,bɪθu
bɪθ.o,bɪθ.o,bɪθo,bɪθo
bɪð.i,bɪð.i,bɪði,bɪði
bɪð.e,bɪð.e,bɪðe,bɪðe
bɪð.u,bɪð.u,bɪðu,bɪðu
bɪð.o,bɪð.o,bɪðo,bɪðo
dɪm.i,dɪm.i,dɪmi,dɪmi
dɪm.e,dɪm.e,dɪme,dɪme
dɪm.u,dɪm.u,dɪmu,dɪmu
dɪm.o,dɪm.o,dɪmo,dɪmo
dɪn.i,dɪn.i,dɪni,dɪni
dɪn.e,dɪn.e,dɪne,dɪne
dɪn.u,dɪn.u,dɪnu,dɪnu
dɪn.o,dɪn.o,dɪno,dɪno
dɪŋ.i,dɪŋ.i,dɪŋi,dɪŋi
dɪŋ.e,dɪŋ.e,dɪŋe,dɪŋe
dɪŋ.u,dɪŋ.u,dɪŋu,dɪŋu
dɪŋ.o,dɪŋ.o,dɪŋo,dɪŋo
dɪp.i,dɪp.i,dɪpi,dɪpi
dɪp.e,dɪp.e,dɪpe,dɪpe
dɪp.u,dɪp.u,dɪpu,dɪpu
dɪp.o,dɪp.o,dɪpo,dɪpo
dɪt.i,dɪt.i,dɪti,dɪti
dɪt.e,dɪt.e,dɪte,dɪte
dɪt.u,dɪt.u,dɪtu,dɪtu
dɪt.o,dɪt.o,dɪto,dɪto
dɪk.i,dɪk.i,dɪki,dɪki
dɪk.e,dɪk.e,dɪke,dɪke
dɪk.u,dɪk.u,dɪku,dɪku
dɪk.o,dɪk.o,dɪko,dɪko
dɪb.i,dɪb.i,dɪbi,dɪbi
dɪb.e,dɪb.e,dɪbe,dɪbe
dɪb.u,dɪb.u,dɪbu,dɪbu
dɪb.o,dɪb.o,dɪbo,dɪbo
dɪd.i,dɪd.i,dɪdi,dɪdi
dɪd.e,dɪd.e,dɪde,dɪde
dɪd.u,dɪd.u,dɪdu,dɪdu
dɪd.o,dɪd.o,dɪdo,dɪdo
dɪg.i,dɪg.i,dɪgi,dɪgi
dɪg.e,dɪg.e,dɪge,dɪge
dɪg.u,dɪg.u,dɪgu,dɪgu
dɪg.o,dɪg.o,dɪgo,dɪgo
dɪf.i,dɪf.i,dɪfi,dɪfi
dɪf.e,dɪf.e,dɪfe,dɪfe
dɪf.u,dɪf.u,dɪfu,dɪfu
dɪf.o,dɪf.o,dɪfo,dɪfo
dɪs.i,dɪs.i,dɪsi,dɪsi
dɪs.e,dɪs.e,dɪse,dɪse
dɪs.u,dɪs.u,dɪsu,dɪsu
dɪs.o,dɪs.o,dɪso,dɪso
dɪv.i,dɪv.i,dɪvi,dɪvi
dɪv.e,dɪv.e,dɪve,dɪve
dɪv.u,dɪv.u,dɪvu,dɪvu
dɪv.o,dɪv.o,dɪvo,dɪvo
dɪz.i,dɪz.i,dɪzi,dɪzi
dɪz.e,dɪz.e,dɪze,dɪze
dɪz.u,dɪz.u,dɪzu,dɪzu
dɪz.o,dɪz.o,dɪzo,dɪzo
dɪʃ.i,dɪʃ.i,dɪʃi,dɪʃi
dɪʃ.e,dɪʃ.e,dɪʃe,dɪʃe
dɪʃ.u,dɪʃ.u,dɪʃu,dɪʃu
dɪʃ.o,dɪʃ.o,dɪʃo,dɪʃo
dɪʒ.i,dɪʒ.i,dɪʒi,dɪʒi
dɪʒ.e,dɪʒ.e,dɪʒe,dɪʒe
dɪʒ.u,dɪʒ.u,dɪʒu,dɪʒu
dɪʒ.o,dɪʒ.o,dɪʒo,dɪʒo
dɪθ.i,dɪθ.i,dɪθi,dɪθi
dɪθ.e,dɪθ.e,dɪθe,dɪθe
dɪθ.u,dɪθ.u,dɪθu,dɪθu
dɪθ.o,dɪθ.o,dɪθo,dɪθo
dɪð.i,dɪð.i,dɪði,dɪði
dɪð.e,dɪð.e,dɪðe,dɪðe
dɪð.u,dɪð.u,dɪðu,dɪðu
dɪð.o,dɪð.o,dɪðo,dɪðo
gɪm.i,gɪm.i,gɪmi,gɪmi
gɪm.e,gɪm.e,gɪme,gɪme
gɪm.u,gɪm.u,gɪmu,gɪmu
gɪm.o,gɪm.o,gɪmo,gɪmo
gɪn.i,gɪn.i,gɪni,gɪni
gɪn.e,gɪn.e,gɪne,gɪne
gɪn.u,gɪn.u,gɪnu,gɪnu
gɪn.o,gɪn.o,gɪno,gɪno
gɪŋ.i,gɪŋ.i,gɪŋi,gɪŋi
gɪŋ.e,gɪŋ.e,gɪŋe,gɪŋe
gɪŋ.u,gɪŋ.u,gɪŋu,gɪŋu
gɪŋ.o,gɪŋ.o,gɪŋo,gɪŋo
gɪp.i,gɪp.i,gɪpi,gɪpi
gɪp.e,gɪp.e,gɪpe,gɪpe
gɪp.u,gɪp.u,gɪpu,gɪpu
gɪp.o,gɪp.o,gɪpo,gɪpo
gɪt.i,gɪt.i,gɪti,gɪti
gɪt.e,gɪt.e,gɪte,gɪte
gɪt.u,gɪt.u,gɪtu,gɪtu
gɪt.o,gɪt.o,gɪto,gɪto
gɪk.i,gɪk.i,gɪki,gɪki
gɪk.e,gɪk.e,gɪke,gɪke
gɪk.u,gɪk.u,gɪku,gɪku
gɪk.o,gɪk.o,gɪko,gɪko
gɪb.i,gɪb.i,gɪbi,gɪbi
gɪb.e,gɪb.e,gɪbe,gɪbe
gɪb.u,gɪb.u,gɪbu,gɪbu
gɪb.o,gɪb.o,gɪbo,gɪbo
gɪd.i,gɪd.i,gɪdi,gɪdi
gɪd.e,gɪd.e,gɪde,gɪde
gɪd.u,gɪd.u,gɪdu,gɪdu
gɪd.o,gɪd.o,gɪdo,gɪdo
gɪg.i,gɪg.i,gɪgi,gɪgi
gɪg.e,gɪg.e,gɪge,gɪge
gɪg.u,gɪg.u,gɪgu,gɪgu
gɪg.o,gɪg.o,gɪgo,gɪgo
gɪf.i,gɪf.i,gɪfi,gɪfi
gɪf.e,gɪf.e,gɪfe,gɪfe
gɪf.u,gɪf.u,gɪfu,gɪfu
gɪf.o,gɪf.o,gɪfo,gɪfo
gɪs.i,gɪs.i,gɪsi,gɪsi
gɪs.e,gɪs.e,gɪse,gɪse
gɪs.u,gɪs.u,gɪsu,gɪsu
gɪs.o,gɪs.o,gɪso,gɪso
gɪv.i,gɪv.i,gɪvi,gɪvi
gɪv.e,gɪv.e,gɪve,gɪve
gɪv.u,gɪv.u,gɪvu,gɪvu
gɪv.o,gɪv.o,gɪvo,gɪvo
gɪz.i,gɪz.i,gɪzi,gɪzi
gɪz.e,gɪz.e,gɪze,gɪze
gɪz.u,gɪz.u,gɪzu,gɪzu
gɪz.o,gɪz.o,gɪzo,gɪzo
gɪʃ.i,gɪʃ.i,gɪʃi,gɪʃi
gɪʃ.e,gɪʃ.e,gɪʃe,gɪʃe
gɪʃ.u,gɪʃ.u,gɪʃu,gɪʃu
gɪʃ.o,gɪʃ.o,gɪʃo,gɪʃo
gɪʒ.i,gɪʒ.i,gɪʒi,gɪʒi
gɪʒ.e,gɪʒ.e,gɪʒe,gɪʒe
gɪʒ.u,gɪʒ.u,gɪʒu,gɪʒu
gɪʒ.o,gɪʒ.o,gɪʒo,gɪʒo
gɪθ.i,gɪθ.i,gɪθi,gɪθi
gɪθ.e,gɪθ.e,gɪθe,gɪθe
gɪθ.u,gɪθ.u,gɪθu,gɪθu
gɪθ.o,gɪθ.o,gɪθo,gɪθo
gɪð.i,gɪð.i,gɪði,gɪði
gɪð.e,gɪð.e,gɪðe,gɪðe
gɪð.u,gɪð.u,gɪðu,gɪðu
gɪð.o,gɪð.o,gɪðo,gɪðo
fɪm.i,fɪm.i,fɪmi,fɪmi
fɪm.e,fɪm.e,fɪme,fɪme
fɪm.u,fɪm.u,fɪmu,fɪmu
fɪm.o,fɪm.o,fɪmo,fɪmo
fɪn.i,fɪn.i,fɪni,fɪni
fɪn.e,fɪn.e,fɪne,fɪne
fɪn.u,fɪn.u,fɪnu,fɪnu
fɪn.o,fɪn.o,fɪno,fɪno
fɪŋ.i,fɪŋ.i,fɪŋi,fɪŋi
fɪŋ.e,fɪŋ.e,fɪŋe,fɪŋe
fɪŋ.u,fɪŋ.u,fɪŋu,fɪŋu
fɪŋ.o,fɪŋ.o,fɪŋo,fɪŋo
fɪp.i,fɪp.i,fɪpi,fɪpi
fɪp.e,fɪp.e,fɪpe,fɪpe
fɪp.u,fɪp.u,fɪpu,fɪpu
fɪp.o,fɪp.o,fɪpo,fɪpo
fɪt.i,fɪt.i,fɪti,fɪti
fɪt.e,fɪt.e,fɪte,fɪte
fɪt.u,fɪt.u,fɪtu,fɪtu
fɪt.o,fɪt.o,fɪto,fɪto
fɪk.i,fɪk.i,fɪki,fɪki
fɪk.e,fɪk.e,fɪke,fɪke
fɪk.u,fɪk.u,fɪku,fɪku
fɪk.o,fɪk.o,fɪko,fɪko
fɪb.i,fɪb.i,fɪbi,fɪbi
fɪb.e,fɪb.e,fɪbe,fɪbe
fɪb.u,fɪb.u,fɪbu,fɪbu
fɪb.o,fɪb.o,fɪbo,fɪbo
fɪd.i,fɪd.i,fɪdi,fɪdi
fɪd.e,fɪd.e,fɪde,fɪde
fɪd.u,fɪd.u,fɪdu,fɪdu
fɪd.o,fɪd.o,fɪdo,fɪdo
fɪg.i,fɪg.i,fɪgi,fɪgi
fɪg.e,fɪg.e,fɪge,fɪge
fɪg.u,fɪg.u,fɪgu,fɪgu
fɪg.o,fɪg.o,fɪgo,fɪgo
fɪf.i,fɪf.i,fɪfi,fɪfi
fɪf.e,fɪf.e,fɪfe,fɪfe
fɪf.u,fɪf.u,fɪfu,fɪfu
fɪf.o,fɪf.o,fɪfo,fɪfo
fɪs.i,fɪs.i,fɪsi,fɪsi
fɪs.e,fɪs.e,fɪse,fɪse
fɪs.u,fɪs.u,fɪsu,fɪsu
fɪs.o,fɪs.o,fɪso,fɪso
fɪv.i,fɪv.i,fɪvi,fɪvi
fɪv.e,fɪv.e,fɪve,fɪve
fɪv.u,fɪv.u,fɪvu,fɪvu
fɪv.o,fɪv.o,fɪvo,fɪvo
fɪz.i,fɪz.i,fɪzi,fɪzi
fɪz.e,fɪz.e,fɪze,fɪze
fɪz.u,fɪz.u,fɪzu,fɪzu
fɪz.o,fɪz.o,fɪzo,fɪzo
fɪʃ.i,fɪʃ.i,fɪʃi,fɪʃi
fɪʃ.e,fɪʃ.e,fɪʃe,fɪʃe
fɪʃ.u,fɪʃ.u,fɪʃu,fɪʃu
fɪʃ.o,fɪʃ.o,fɪʃo,fɪʃo
fɪʒ.i,fɪʒ.i,fɪʒi,fɪʒi
fɪʒ.e,fɪʒ.e,fɪʒe,fɪʒe
fɪʒ.u,fɪʒ.u,fɪʒu,fɪʒu
fɪʒ.o,fɪʒ.o,fɪʒo,fɪʒo
fɪθ.i,fɪθ.i,fɪθi,fɪθi
fɪθ.e,fɪθ.e,fɪθe,fɪθe
fɪθ.u,fɪθ.u,fɪθu,fɪθu
fɪθ.o,fɪθ.o,fɪθo,fɪθo
fɪð.i,fɪð.i,fɪði,fɪði
fɪð.e,fɪð.e,fɪðe,fɪðe
fɪð.u,fɪð.u,fɪðu,fɪðu
fɪð.o,fɪð.o,fɪðo,fɪðo
sɪm.i,sɪm.i,sɪmi,sɪmi
sɪm.e,sɪm.e,sɪme,sɪme
sɪm.u,sɪm.u,sɪmu,sɪmu
sɪm.o,sɪm.o,sɪmo,sɪmo
sɪn.i,sɪn.i,sɪni,sɪni
sɪn.e,sɪn.e,sɪne,sɪne
sɪn.u,sɪn.u,sɪnu,sɪnu
sɪn.o,sɪn.o,sɪno,sɪno
sɪŋ.i,sɪŋ.i,sɪŋi,sɪŋi
sɪŋ.e,sɪŋ.e,sɪŋe,sɪŋe
sɪŋ.u,sɪŋ.u,sɪŋu,sɪŋu
sɪŋ.o,sɪŋ.o,sɪŋo,sɪŋo
sɪp.i,sɪp.i,sɪpi,sɪpi
sɪp.e,sɪp.e,sɪpe,sɪpe
sɪp.u,sɪp.u,sɪpu,sɪpu
sɪp.o,sɪp.o,sɪpo,sɪpo
sɪt.i,sɪt.i,sɪti,sɪti
sɪt.e,sɪt.e,sɪte,sɪte
sɪt.u,sɪt.u,sɪtu,sɪtu
sɪt.o,sɪt.o,sɪto,sɪto
sɪk.i,sɪk.i,sɪki,sɪki
sɪk.e,sɪk.e,sɪke,sɪke
sɪk.u,sɪk.u,sɪku,sɪku
sɪk.o,sɪk.o,sɪko,sɪko
sɪb.i,sɪb.i,sɪbi,sɪbi
sɪb.e,sɪb.e,sɪbe,sɪbe
sɪb.u,sɪb.u,sɪbu,sɪbu
sɪb.o,sɪb.o,sɪbo,sɪbo
sɪd.i,sɪd.i,sɪdi,sɪdi
sɪd.e,sɪd.e,sɪde,sɪde
sɪd.u,sɪd.u,sɪdu,sɪdu
sɪd.o,sɪd.o,sɪdo,sɪdo
sɪg.i,sɪg.i,sɪgi,sɪgi
sɪg.e,sɪg.e,sɪge,sɪge
sɪg.u,sɪg.u,sɪgu,sɪgu
sɪg.o,sɪg.o,sɪgo,sɪgo
sɪf.i,sɪf.i,sɪfi,sɪfi
sɪf.e,sɪf.e,sɪfe,sɪfe
sɪf.u,sɪf.u,sɪfu,sɪfu
sɪf.o,sɪf.o,sɪfo,sɪfo
sɪs.i,sɪs.i,sɪsi,sɪsi
sɪs.e,sɪs.e,sɪse,sɪse
sɪs.u,sɪs.u,sɪsu,sɪsu
sɪs.o,sɪs.o,sɪso,sɪso
sɪv.i,sɪv.i,sɪvi,sɪvi
sɪv.e,sɪv.e,sɪve,sɪve
sɪv.u,sɪv.u,sɪvu,sɪvu
sɪv.o,sɪv.o,sɪvo,sɪvo
sɪz.i,sɪz.i,sɪzi,sɪzi
sɪz.e,sɪz.e,sɪze,sɪze
sɪz.u,sɪz.u,sɪzu,sɪzu
sɪz.o,sɪz.o,sɪzo,sɪzo
sɪʃ.i,sɪʃ.i,sɪʃi,sɪʃi
sɪʃ.e,sɪʃ.e,sɪʃe,sɪʃe
sɪʃ.u,sɪʃ.u,sɪʃu,sɪʃu
sɪʃ.o,sɪʃ.o,sɪʃo,sɪʃo
sɪʒ.i,sɪʒ.i,sɪʒi,sɪʒi
sɪʒ.e,sɪʒ.e,sɪʒe,sɪʒe
sɪʒ.u,sɪʒ.u,sɪʒu,sɪʒu
sɪʒ.o,sɪʒ.o,sɪʒo,sɪʒo
sɪθ.i,sɪθ.i,sɪθi,sɪθi
sɪθ.e,sɪθ.e,sɪθe,sɪθe
sɪθ.u,sɪθ.u,sɪθu,sɪθu
sɪθ.o,sɪθ.o,sɪθo,sɪθo
sɪð.i,sɪð.i,sɪði,sɪði
sɪð.e,sɪð.e,sɪðe,sɪðe
sɪð.u,sɪð.u,sɪðu,sɪðu
sɪð.o,sɪð.o,sɪðo,sɪðo
vɪm.i,vɪm.i,vɪmi,vɪmi
vɪm.e,vɪm.e,vɪme,vɪme
vɪm.u,vɪm.u,vɪmu,vɪmu
vɪm.o,vɪm.o,vɪmo,vɪmo
vɪn.i,vɪn.i,vɪni,vɪni
vɪn.e,vɪn.e,vɪne,vɪne
vɪn.u,vɪn.u,vɪnu,vɪnu
vɪn.o,vɪn.o,vɪno,vɪno
vɪŋ.i,vɪŋ.i,vɪŋi,vɪŋi
vɪŋ.e,vɪŋ.e,vɪŋe,vɪŋe
vɪŋ.u,vɪŋ.u,vɪŋu,vɪŋu
vɪŋ.o,vɪŋ.o,vɪŋo,vɪŋo
vɪp.i,vɪp.i,vɪpi,vɪpi
vɪp.e,vɪp.e,vɪpe,vɪpe
vɪp.u,vɪp.u,vɪpu,vɪpu
vɪp.o,vɪp.o,vɪpo,vɪpo
vɪt.i,vɪt.i,vɪti,vɪti
vɪt.e,vɪt.e,vɪte,vɪte
vɪt.u,vɪt.u,vɪtu,vɪtu
vɪt.o,vɪt.o,vɪto,vɪto
vɪk.i,vɪk.i,vɪki,vɪki
vɪk.e,vɪk.e,vɪke,vɪke
vɪk.u,vɪk.u,vɪku,vɪku
vɪk.o,vɪk.o,vɪko,vɪko
vɪb.i,vɪb.i,vɪbi,vɪbi
vɪb.e,vɪb.e,vɪbe,vɪbe
vɪb.u,vɪb.u,vɪbu,vɪbu
vɪb.o,vɪb.o,vɪbo,vɪbo
vɪd.i,vɪd.i,vɪdi,vɪdi
vɪd.e,vɪd.e,vɪde,vɪde
vɪd.u,vɪd.u,vɪdu,vɪdu
vɪd.o,vɪd.o,vɪdo,vɪdo
vɪg.i,vɪg.i,vɪgi,vɪgi
vɪg.e,vɪg.e,vɪge,vɪge
vɪg.u,vɪg.u,vɪgu,vɪgu
vɪg.o,vɪg.o,vɪgo,vɪgo
vɪf.i,vɪf.i,vɪfi,vɪfi
vɪf.e,vɪf.e,vɪfe,vɪfe
vɪf.u,vɪf.u,vɪfu,vɪfu
vɪf.o,vɪf.o,vɪfo,vɪfo
vɪs.i,vɪs.i,vɪsi,vɪsi
vɪs.e,vɪs.e,vɪse,vɪse
vɪs.u,vɪs.u,vɪsu,vɪsu
vɪs.o,vɪs.o,vɪso,vɪso
vɪv.i,vɪv.i,vɪvi,vɪvi
vɪv.e,vɪv.e,vɪve,vɪve
vɪv.u,vɪv.u,vɪvu,vɪvu
vɪv.o,vɪv.o,vɪvo,vɪvo
vɪz.i,vɪz.i,vɪzi,vɪzi
vɪz.e,vɪz.e,vɪze,vɪze
vɪz.u,vɪz.u,vɪzu,vɪzu
vɪz.o,vɪz.o,vɪzo,vɪzo
vɪʃ.i,vɪʃ.i,vɪʃi,vɪʃi
vɪʃ.e,vɪʃ.e,vɪʃe,vɪʃe
vɪʃ.u,vɪʃ.u,vɪʃu,vɪʃu
vɪʃ.o,vɪʃ.o,vɪʃo,vɪʃo
vɪʒ.i,vɪʒ.i,vɪʒi,vɪʒi
vɪʒ.e,vɪʒ.e,vɪʒe,vɪʒe
vɪʒ.u,vɪʒ.u,vɪʒu,vɪʒu
vɪʒ.o,vɪʒ.o,vɪʒo,vɪʒo
vɪθ.i,vɪθ.i,vɪθi,vɪθi
vɪθ.e,vɪθ.e,vɪθe,vɪθe
vɪθ.u,vɪθ.u,vɪθu,vɪθu
vɪθ.o,vɪθ.o,vɪθo,vɪθo
vɪð.i,vɪð.i,vɪði,vɪði
vɪð.e,vɪð.e,vɪðe,vɪðe
vɪð.u,vɪð.u,vɪðu,vɪðu
vɪð.o,vɪð.o,vɪðo,vɪðo
zɪm.i,zɪm.i,zɪmi,zɪmi
zɪm.e,zɪm.e,zɪme,zɪme
zɪm.u,zɪm.u,zɪmu,zɪmu
zɪm.o,zɪm.o,zɪmo,zɪmo
zɪn.i,zɪn.i,zɪni,zɪni
zɪn.e,zɪn.e,zɪne,zɪne
zɪn.u,zɪn.u,zɪnu,zɪnu
zɪn.o,zɪn.o,zɪno,zɪno
zɪŋ.i,zɪŋ.i,zɪŋi,zɪŋi
zɪŋ.e,zɪŋ.e,zɪŋe,zɪŋe
zɪŋ.u,zɪŋ.u,zɪŋu,zɪŋu
zɪŋ.o,zɪŋ.o,zɪŋo,zɪŋo
zɪp.i,zɪp.i,zɪpi,zɪpi
zɪp.e,zɪp.e,zɪpe,zɪpe
zɪp.u,zɪp.u,zɪpu,zɪpu
zɪp.o,zɪp.o,zɪpo,zɪpo
zɪt.i,zɪt.i,zɪti,zɪti
zɪt.e,zɪt.e,zɪte,zɪte
zɪt.u,zɪt.u,zɪtu,zɪtu
zɪt.o,zɪt.o,zɪto,zɪto
zɪk.i,zɪk.i,zɪki,zɪki
zɪk.e,zɪk.e,zɪke,zɪke
zɪk.u,zɪk.u,zɪku,zɪku
zɪk.o,zɪk.o,zɪko,zɪko
zɪb.i,zɪb.i,zɪbi,zɪbi
zɪb.e,zɪb.e,zɪbe,zɪbe
zɪb.u,zɪb.u,zɪbu,zɪbu
zɪb.o,zɪb.o,zɪbo,zɪbo
zɪd.i,zɪd.i,zɪdi,zɪdi
zɪd.e,zɪd.e,zɪde,zɪde
zɪd.u,zɪd.u,zɪdu,zɪdu
zɪd.o,zɪd.o,zɪdo,zɪdo
zɪg.i,zɪg.i,zɪgi,zɪgi
zɪg.e,zɪg.e,zɪge,zɪge
zɪg.u,zɪg.u,zɪgu,zɪgu
zɪg.o,zɪg.o,zɪgo,zɪgo
zɪf.i,zɪf.i,zɪfi,zɪfi
zɪf.e,zɪf.e,zɪfe,zɪfe
zɪf.u,zɪf.u,zɪfu,zɪfu
zɪf.o,zɪf.o,zɪfo,zɪfo
zɪs.i,zɪs.i,zɪsi,zɪsi
zɪs.e,zɪs.e,zɪse,zɪse
zɪs.u,zɪs.u,zɪsu,zɪsu
zɪs.o,zɪs.o,zɪso,zɪso
zɪv.i,zɪv.i,zɪvi,zɪvi
zɪv.e,zɪv.e,zɪve,zɪve
zɪv.u,zɪv.u,zɪvu,zɪvu
zɪv.o,zɪv.o,zɪvo,zɪvo
zɪz.i,zɪz.i,zɪzi,zɪzi
zɪz.e,zɪz.e,zɪze,zɪze
zɪz.u,zɪz.u,zɪzu,zɪzu
zɪz.o,zɪz.o,zɪzo,zɪzo
zɪʃ.i,zɪʃ.i,zɪʃi,zɪʃi
zɪʃ.e,zɪʃ.e,zɪʃe,zɪʃe
zɪʃ.u,zɪʃ.u,zɪʃu,zɪʃu
zɪʃ.o,zɪʃ.o,zɪʃo,zɪʃo
zɪʒ.i,zɪʒ.i,zɪʒi,zɪʒi
zɪʒ.e,zɪʒ.e,zɪʒe,zɪʒe
zɪʒ.u,zɪʒ.u,zɪʒu,zɪʒu
zɪʒ.o,zɪʒ.o,zɪʒo,zɪʒo
zɪθ.i,zɪθ.i,zɪθi,zɪθi
zɪθ.e,zɪθ.e,zɪθe,zɪθe
zɪθ.u,zɪθ.u,zɪθu,zɪθu
zɪθ.o,zɪθ.o,zɪθo,zɪθo
zɪð.i,zɪð.i,zɪði,zɪði
zɪð.e,zɪð.e,zɪðe,zɪðe
zɪð.u,zɪð.u,zɪðu,zɪðu
zɪð.o,zɪð.o,zɪðo,zɪðo
ʃɪm.i,ʃɪm.i,ʃɪmi,ʃɪmi
ʃɪm.e,ʃɪm.e,ʃɪme,ʃɪme
ʃɪm.u,ʃɪm.u,ʃɪmu,ʃɪmu
ʃɪm.o,ʃɪm.o,ʃɪmo,ʃɪmo
ʃɪn.i,ʃɪn.i,ʃɪni,ʃɪni
ʃɪn.e,ʃɪn.e,ʃɪne,ʃɪne
ʃɪn.u,ʃɪn.u,ʃɪnu,ʃɪnu
ʃɪn.o,ʃɪn.o,ʃɪno,ʃɪno
ʃɪŋ.i,ʃɪŋ.i,ʃɪŋi,ʃɪŋi
ʃɪŋ.e,ʃɪŋ.e,ʃɪŋe,ʃɪŋe
ʃɪŋ.u,ʃɪŋ.u,ʃɪŋu,ʃɪŋu
ʃɪŋ.o,ʃɪŋ.o,ʃɪŋo,ʃɪŋo
ʃɪp.i,ʃɪp.i,ʃɪpi,ʃɪpi
ʃɪp.e,ʃɪp.e,ʃɪpe,ʃɪpe
ʃɪp.u,ʃɪp.u,ʃɪpu,ʃɪpu
ʃɪp.o,ʃɪp.o,ʃɪpo,ʃɪpo
ʃɪt.i,ʃɪt.i,ʃɪti,ʃɪti
ʃɪt.e,ʃɪt.e,ʃɪte,ʃɪte
ʃɪt.u,ʃɪt.u,ʃɪtu,ʃɪtu
ʃɪt.o,ʃɪt.o,ʃɪto,ʃɪto
ʃɪk.i,ʃɪk.i,ʃɪki,ʃɪki
ʃɪk.e,ʃɪk.e,ʃɪke,ʃɪke
ʃɪk.u,ʃɪk.u,ʃɪku,ʃɪku
ʃɪk.o,ʃɪk.o,ʃɪko,ʃɪko
ʃɪb.i,ʃɪb.i,ʃɪbi,ʃɪbi
ʃɪb.e,ʃɪb.e,ʃɪbe,ʃɪbe
ʃɪb.u,ʃɪb.u,ʃɪbu,ʃɪbu
ʃɪb.o,ʃɪb.o,ʃɪbo,ʃɪbo
ʃɪd.i,ʃɪd.i,ʃɪdi,ʃɪdi
ʃɪd.e,ʃɪd.e,ʃɪde,ʃɪde
ʃɪd.u,ʃɪd.u,ʃɪdu,ʃɪdu
ʃɪd.o,ʃɪd.o,ʃɪdo,ʃɪdo
ʃɪg.i,ʃɪg.i,ʃɪgi,ʃɪgi
ʃɪg.e,ʃɪg.e,ʃɪge,ʃɪge
ʃɪg.u,ʃɪg.u,ʃɪgu,ʃɪgu
ʃɪg.o,ʃɪg.o,ʃɪgo,ʃɪgo
ʃɪf.i,ʃɪf.i,ʃɪfi,ʃɪfi
ʃɪf.e,ʃɪf.e,ʃɪfe,ʃɪfe
ʃɪf.u,ʃɪf.u,ʃɪfu,ʃɪfu
ʃɪf.o,ʃɪf.o,ʃɪfo,ʃɪfo
ʃɪs.i,ʃɪs.i,ʃɪsi,ʃɪsi
ʃɪs.e,ʃɪs.e,ʃɪse,ʃɪse
ʃɪs.u,ʃɪs.u,ʃɪsu,ʃɪsu
ʃɪs.o,ʃɪs.o,ʃɪso,ʃɪso
ʃɪv.i,ʃɪv.i,ʃɪvi,ʃɪvi
ʃɪv.e,ʃɪv.e,ʃɪve,ʃɪve
ʃɪv.u,ʃɪv.u,ʃɪvu,ʃɪvu
ʃɪv.o,ʃɪv.o,ʃɪvo,ʃɪvo
ʃɪz.i,ʃɪz.i,ʃɪzi,ʃɪzi
ʃɪz.e,ʃɪz.e,ʃɪze,ʃɪze
ʃɪz.u,ʃɪz.u,ʃɪzu,ʃɪzu
ʃɪz.o,ʃɪz.o,ʃɪzo,ʃɪzo
ʃɪʃ.i,ʃɪʃ.i,ʃɪʃi,ʃɪʃi
ʃɪʃ.e,ʃɪʃ.e,ʃɪʃe,ʃɪʃe
ʃɪʃ.u,ʃɪʃ.u,ʃɪʃu,ʃɪʃu
ʃɪʃ.o,ʃɪʃ.o,ʃɪʃo,ʃɪʃo
ʃɪʒ.i,ʃɪʒ.i,ʃɪʒi,ʃɪʒi
ʃɪʒ.e,ʃɪʒ.e,ʃɪʒe,ʃɪʒe
ʃɪʒ.u,ʃɪʒ.u,ʃɪʒu,ʃɪʒu
ʃɪʒ.o,ʃɪʒ.o,ʃɪʒo,ʃɪʒo
ʃɪθ.i,ʃɪθ.i,ʃɪθi,ʃɪθi
ʃɪθ.e,ʃɪθ.e,ʃɪθe,ʃɪθe
ʃɪθ.u,ʃɪθ.u,ʃɪθu,ʃɪθu
ʃɪθ.o,ʃɪθ.o,ʃɪθo,ʃɪθo
ʃɪð.i,ʃɪð.i,ʃɪði,ʃɪði
ʃɪð.e,ʃɪð.e,ʃɪðe,ʃɪðe
ʃɪð.u,ʃɪð.u,ʃɪðu,ʃɪðu
ʃɪð.o,ʃɪð.o,ʃɪðo,ʃɪðo
ʒɪm.i,ʒɪm.i,ʒɪmi,ʒɪmi
ʒɪm.e,ʒɪm.e,ʒɪme,ʒɪme
ʒɪm.u,ʒɪm.u,ʒɪmu,ʒɪmu
ʒɪm.o,ʒɪm.o,ʒɪmo,ʒɪmo
ʒɪn.i,ʒɪn.i,ʒɪni,ʒɪni
ʒɪn.e,ʒɪn.e,ʒɪne,ʒɪne
ʒɪn.u,ʒɪn.u,ʒɪnu,ʒɪnu
ʒɪn.o,ʒɪn.o,ʒɪno,ʒɪno
ʒɪŋ.i,ʒɪŋ.i,ʒɪŋi,ʒɪŋi
ʒɪŋ.e,ʒɪŋ.e,ʒɪŋe,ʒɪŋe
ʒɪŋ.u,ʒɪŋ.u,ʒɪŋu,ʒɪŋu
ʒɪŋ.o,ʒɪŋ.o,ʒɪŋo,ʒɪŋo
ʒɪp.i,ʒɪp.i,ʒɪpi,ʒɪpi
ʒɪp.e,ʒɪp.e,ʒɪpe,ʒɪpe
ʒɪp.u,ʒɪp.u,ʒɪpu,ʒɪpu
ʒɪp.o,ʒɪp.o,ʒɪpo,ʒɪpo
ʒɪt.i,ʒɪt.i,ʒɪti,ʒɪti
ʒɪt.e,ʒɪt.e,ʒɪte,ʒɪte
ʒɪt.u,ʒɪt.u,ʒɪtu,ʒɪtu
ʒɪt.o,ʒɪt.o,ʒɪto,ʒɪto
ʒɪk.i,ʒɪk.i,ʒɪki,ʒɪki
ʒɪk.e,ʒɪk.e,ʒɪke,ʒɪke
ʒɪk.u,ʒɪk.u,ʒɪku,ʒɪku
ʒɪk.o,ʒɪk.o,ʒɪko,ʒɪko
ʒɪb.i,ʒɪb.i,ʒɪbi,ʒɪbi
ʒɪb.e,ʒɪb.e,ʒɪbe,ʒɪbe
ʒɪb.u,ʒɪb.u,ʒɪbu,ʒɪbu
ʒɪb.o,ʒɪb.o,ʒɪbo,ʒɪbo
ʒɪd.i,ʒɪd.i,ʒɪdi,ʒɪdi
ʒɪd.e,ʒɪd.e,ʒɪde,ʒɪde
ʒɪd.u,ʒɪd.u,ʒɪdu,ʒɪdu
ʒɪd.o,ʒɪd.o,ʒɪdo,ʒɪdo
ʒɪg.i,ʒɪg.i,ʒɪgi,ʒɪgi
ʒɪg.e,ʒɪg.e,ʒɪge,ʒɪge
ʒɪg.u,ʒɪg.u,ʒɪgu,ʒɪgu
ʒɪg.o,ʒɪg.o,ʒɪgo,ʒɪgo
ʒɪf.i,ʒɪf.i,ʒɪfi,ʒɪfi
ʒɪf.e,ʒɪf.e,ʒɪfe,ʒɪfe
ʒɪf.u,ʒɪf.u,ʒɪfu,ʒɪfu
ʒɪf.o,ʒɪf.o,ʒɪfo,ʒɪfo
ʒɪs.i,ʒɪs.i,ʒɪsi,ʒɪsi
ʒɪs.e,ʒɪs.e,ʒɪse,ʒɪse
ʒɪs.u,ʒɪs.u,ʒɪsu,ʒɪsu
ʒɪs.o,ʒɪs.o,ʒɪso,ʒɪso
ʒɪv.i,ʒɪv.i,ʒɪvi,ʒɪvi
ʒɪv.e,ʒɪv.e,ʒɪve,ʒɪve
ʒɪv.u,ʒɪv.u,ʒɪvu,ʒɪvu
ʒɪv.o,ʒɪv.o,ʒɪvo,ʒɪvo
ʒɪz.i,ʒɪz.i,ʒɪzi,ʒɪzi
ʒɪz.e,ʒɪz.e,ʒɪze,ʒɪze
ʒɪz.u,ʒɪz.u,ʒɪzu,ʒɪzu
ʒɪz.o,ʒɪz.o,ʒɪzo,ʒɪzo
ʒɪʃ.i,ʒɪʃ.i,ʒɪʃi,ʒɪʃi
ʒɪʃ.e,ʒɪʃ.e,ʒɪʃe,ʒɪʃe
ʒɪʃ.u,ʒɪʃ.u,ʒɪʃu,ʒɪʃu
ʒɪʃ.o,ʒɪʃ.o,ʒɪʃo,ʒɪʃo
ʒɪʒ.i,ʒɪʒ.i,ʒɪʒi,ʒɪʒi
ʒɪʒ.e,ʒɪʒ.e,ʒɪʒe,ʒɪʒe
ʒɪʒ.u,ʒɪʒ.u,ʒɪʒu,ʒɪʒu
ʒɪʒ.o,ʒɪʒ.o,ʒɪʒo,ʒɪʒo
ʒɪθ.i,ʒɪθ.i,ʒɪθi,ʒɪθi
ʒɪθ.e,ʒɪθ.e,ʒɪθe,ʒɪθe
ʒɪθ.u,ʒɪθ.u,ʒɪθu,ʒɪθu
ʒɪθ.o,ʒɪθ.o,ʒɪθo,ʒɪθo
ʒɪð.i,ʒɪð.i,ʒɪði,ʒɪði
ʒɪð.e,ʒɪð.e,ʒɪðe,ʒɪðe
ʒɪð.u,ʒɪð.u,ʒɪðu,ʒɪðu
ʒɪð.o,ʒɪð.o,ʒɪðo,ʒɪðo
θɪm.i,θɪm.i,θɪmi,θɪmi
θɪm.e,θɪm.e,θɪme,θɪme
θɪm.u,θɪm.u,θɪmu,θɪmu
θɪm.o,θɪm.o,θɪmo,θɪmo
θɪn.i,θɪn.i,θɪni,θɪni
θɪn.e,θɪn.e,θɪne,θɪne
θɪn.u,θɪn.u,θɪnu,θɪnu
θɪn.o,θɪn.o,θɪno,θɪno
θɪŋ.i,θɪŋ.i,θɪŋi,θɪŋi
θɪŋ.e,θɪŋ.e,θɪŋe,θɪŋe
θɪŋ.u,θɪŋ.u,θɪŋu,θɪŋu
θɪŋ.o,θɪŋ.o,θɪŋo,θɪŋo
θɪp.i,θɪp.i,θɪpi,θɪpi
θɪp.e,θɪp.e,θɪpe,θɪpe
θɪp.u,θɪp.u,θɪpu,θɪpu
θɪp.o,θɪp.o,θɪpo,θɪpo
θɪt.i,θɪt.i,θɪti,θɪti
θɪt.e,θɪt.e,θɪte,θɪte
θɪt.u,θɪt.u,θɪtu,θɪtu
θɪt.o,θɪt.o,θɪto,θɪto
θɪk.i,θɪk.i,θɪki,θɪki
θɪk.e,θɪk.e,θɪke,θɪke
θɪk.u,θɪk.u,θɪku,θɪku
θɪk.o,θɪk.o,θɪko,θɪko
θɪb.i,θɪb.i,θɪbi,θɪbi
θɪb.e,θɪb.e,θɪbe,θɪbe
θɪb.u,θɪb.u,θɪbu,θɪbu
θɪb.o,θɪb.o,θɪbo,θɪbo
θɪd.i,θɪd.i,θɪdi,θɪdi
θɪd.e,θɪd.e,θɪde,θɪde
θɪd.u,θɪd.u,θɪdu,θɪdu
θɪd.o,θɪd.o,θɪdo,θɪdo
θɪg.i,θɪg.i,θɪgi,θɪgi
θɪg.e,θɪg.e,θɪge,θɪge
θɪg.u,θɪg.u,θɪgu,θɪgu
θɪg.o,θɪg.o,θɪgo,θɪgo
θɪf.i,θɪf.i,θɪfi,θɪfi
θɪf.e,θɪf.e,θɪfe,θɪfe
θɪf.u,θɪf.u,θɪfu,θɪfu
θɪf.o,θɪf.o,θɪfo,θɪfo
θɪs.i,θɪs.i,θɪsi,θɪsi
θɪs.e,θɪs.e,θɪse,θɪse
θɪs.u,θɪs.u,θɪsu,θɪsu
θɪs.o,θɪs.o,θɪso,θɪso
θɪv.i,θɪv.i,θɪvi,θɪvi
θɪv.e,θɪv.e,θɪve,θɪve
θɪv.u,θɪv.u,θɪvu,θɪvu
θɪv.o,θɪv.o,θɪvo,θɪvo
θɪz.i,θɪz.i,θɪzi,θɪzi
θɪz.e,θɪz.e,θɪze,θɪze
θɪz.u,θɪz.u,θɪzu,θɪzu
θɪz.o,θɪz.o,θɪzo,θɪzo
θɪʃ.i,θɪʃ.i,θɪʃi,θɪʃi
θɪʃ.e,θɪʃ.e,θɪʃe,θɪʃe
θɪʃ.u,θɪʃ.u,θɪʃu,θɪʃu
θɪʃ.o,θɪʃ.o,θɪʃo,θɪʃo
θɪʒ.i,θɪʒ.i,θɪʒi,θɪʒi
θɪʒ.e,θɪʒ.e,θɪʒe,θɪʒe
θɪʒ.u,θɪʒ.u,θɪʒu,θɪʒu
θɪʒ.o,θɪʒ.o,θɪʒo,θɪʒo
θɪθ.i,θɪθ.i,θɪθi,θɪθi
θɪθ.e,θɪθ.e,θɪθe,θɪθe
θɪθ.u,θɪθ.u,θɪθu,θɪθu
θɪθ.o,θɪθ.o,θɪθo,θɪθo
θɪð.i,θɪð.i,θɪði,θɪði
θɪð.e,θɪð.e,θɪðe,θɪðe
θɪð.u,θɪð.u,θɪðu,θɪðu
θɪð.o,θɪð.o,θɪðo,θɪðo
ðɪm.i,ðɪm.i,ðɪmi,ðɪmi
ðɪm.e,ðɪm.e,ðɪme,ðɪme
ðɪm.u,ðɪm.u,ðɪmu,ðɪmu
ðɪm.o,ðɪm.o,ðɪmo,ðɪmo
ðɪn.i,ðɪn.i,ðɪni,ðɪni
ðɪn.e,ðɪn.e,ðɪne,ðɪne
ðɪn.u,ðɪn.u,ðɪnu,ðɪnu
ðɪn.o,ðɪn.o,ðɪno,ðɪno
ðɪŋ.i,ðɪŋ.i,ðɪŋi,ðɪŋi
ðɪŋ.e,ðɪŋ.e,ðɪŋe,ðɪŋe
ðɪŋ.u,ðɪŋ.u,ðɪŋu,ðɪŋu
ðɪŋ.o,ðɪŋ.o,ðɪŋo,ðɪŋo
ðɪp.i,ðɪp.i,ðɪpi,ðɪpi
ðɪp.e,ðɪp.e,ðɪpe,ðɪpe
ðɪp.u,ðɪp.u,ðɪpu,ðɪpu
ðɪp.o,ðɪp.o,ðɪpo,ðɪpo
ðɪt.i,ðɪt.i,ðɪti,ðɪti
ðɪt.e,ðɪt.e,ðɪte,ðɪte
ðɪt.u,ðɪt.u,ðɪtu,ðɪtu
ðɪt.o,ðɪt.o,ðɪto,ðɪto
ðɪk.i,ðɪk.i,ðɪki,ðɪki
ðɪk.e,ðɪk.e,ðɪke,ðɪke
ðɪk.u,ðɪk.u,ðɪku,ðɪku
ðɪk.o,ðɪk.o,ðɪko,ðɪko
ðɪb.i,ðɪb.i,ðɪbi,ðɪbi
ðɪb.e,ðɪb.e,ðɪbe,ðɪbe
ðɪb.u,ðɪb.u,ðɪbu,ðɪbu
ðɪb.o,ðɪb.o,ðɪbo,ðɪbo
ðɪd.i,ðɪd.i,ðɪdi,ðɪdi
ðɪd.e,ðɪd.e,ðɪde,ðɪde
ðɪd.u,ðɪd.u,ðɪdu,ðɪdu
ðɪd.o,ðɪd.o,ðɪdo,ðɪdo
ðɪg.i,ðɪg.i,ðɪgi,ðɪgi
ðɪg.e,ðɪg.e,ðɪge,ðɪge
ðɪg.u,ðɪg.u,ðɪgu,ðɪgu
ðɪg.o,ðɪg.o,ðɪgo,ðɪgo
ðɪf.i,ðɪf.i,ðɪfi,ðɪfi
ðɪf.e,ðɪf.e,ðɪfe,ðɪfe
ðɪf.u,ðɪf.u,ðɪfu,ðɪfu
ðɪf.o,ðɪf.o,ðɪfo,ðɪfo
ðɪs.i,ðɪs.i,ðɪsi,ðɪsi
ðɪs.e,ðɪs.e,ðɪse,ðɪse
ðɪs.u,ðɪs.u,ðɪsu,ðɪsu
ðɪs.o,ðɪs.o,ðɪso,ðɪso
ðɪv.i,ðɪv.i,ðɪvi,ðɪvi
ðɪv.e,ðɪv.e,ðɪve,ðɪve
ðɪv.u,ðɪv.u,ðɪvu,ðɪvu
ðɪv.o,ðɪv.o,ðɪvo,ðɪvo
ðɪz.i,ðɪz.i,ðɪzi,ðɪzi
ðɪz.e,ðɪz.e,ðɪze,ðɪze
ðɪz.u,ðɪz.u,ðɪzu,ðɪzu
ðɪz.o,ðɪz.o,ðɪzo,ðɪzo
ðɪʃ.i,ðɪʃ.i,ðɪʃi,ðɪʃi
ðɪʃ.e,ðɪʃ.e,ðɪʃe,ðɪʃe
ðɪʃ.u,ðɪʃ.u,ðɪʃu,ðɪʃu
ðɪʃ.o,ðɪʃ.o,ðɪʃo,ðɪʃo
ðɪʒ.i,ðɪʒ.i,ðɪʒi,ðɪʒi
ðɪʒ.e,ðɪʒ.e,ðɪʒe,ðɪʒe
ðɪʒ.u,ðɪʒ.u,ðɪʒu,ðɪʒu
ðɪʒ.o,ðɪʒ.o,ðɪʒo,ðɪʒo
ðɪθ.i,ðɪθ.i,ðɪθi,ðɪθi
ðɪθ.e,ðɪθ.e,ðɪθe,ðɪθe
ðɪθ.u,ðɪθ.u,ðɪθu,ðɪθu
ðɪθ.o,ðɪθ.o,ðɪθo,ðɪθo
ðɪð.i,ðɪð.i,ðɪði,ðɪði
ðɪð.e,ðɪð.e,ðɪðe,ðɪðe
ðɪð.u,ðɪð.u,ðɪðu,ðɪðu
ðɪð.o,ðɪð.o,ðɪðo,ðɪðo
hɪm.i,hɪm.i,hɪmi,hɪmi
hɪm.e,hɪm.e,hɪme,hɪme
hɪm.u,hɪm.u,hɪmu,hɪmu
hɪm.o,hɪm.o,hɪmo,hɪmo
hɪn.i,hɪn.i,hɪni,hɪni
hɪn.e,hɪn.e,hɪne,hɪne
hɪn.u,hɪn.u,hɪnu,hɪnu
hɪn.o,hɪn.o,hɪno,hɪno
hɪŋ.i,hɪŋ.i,hɪŋi,hɪŋi
hɪŋ.e,hɪŋ.e,hɪŋe,hɪŋe
hɪŋ.u,hɪŋ.u,hɪŋu,hɪŋu
hɪŋ.o,hɪŋ.o,hɪŋo,hɪŋo
hɪp.i,hɪp.i,hɪpi,hɪpi
hɪp.e,hɪp.e,hɪpe,hɪpe
hɪp.u,hɪp.u,hɪpu,hɪpu
hɪp.o,hɪp.o,hɪpo,hɪpo
hɪt.i,hɪt.i,hɪti,hɪti
hɪt.e,hɪt.e,hɪte,hɪte
hɪt.u,hɪt.u,hɪtu,hɪtu
hɪt.o,hɪt.o,hɪto,hɪto
hɪk.i,hɪk.i,hɪki,hɪki
hɪk.e,hɪk.e,hɪke,hɪke
hɪk.u,hɪk.u,hɪku,hɪku
hɪk.o,hɪk.o,hɪko,hɪko
hɪb.i,hɪb.i,hɪbi,hɪbi
hɪb.e,hɪb.e,hɪbe,hɪbe
hɪb.u,hɪb.u,hɪbu,hɪbu
hɪb.o,hɪb.o,hɪbo,hɪbo
hɪd.i,hɪd.i,hɪdi,hɪdi
hɪd.e,hɪd.e,hɪde,hɪde
hɪd.u,hɪd.u,hɪdu,hɪdu
hɪd.o,hɪd.o,hɪdo,hɪdo
hɪg.i,hɪg.i,hɪgi,hɪgi
hɪg.e,hɪg.e,hɪge,hɪge
hɪg.u,hɪg.u,hɪgu,hɪgu
hɪg.o,hɪg.o,hɪgo,hɪgo
hɪf.i,hɪf.i,hɪfi,hɪfi
hɪf.e,hɪf.e,hɪfe,hɪfe
hɪf.u,hɪf.u,hɪfu,hɪfu
hɪf.o,hɪf.o,hɪfo,hɪfo
hɪs.i,hɪs.i,hɪsi,hɪsi
hɪs.e,hɪs.e,hɪse,hɪse
hɪs.u,hɪs.u,hɪsu,hɪsu
hɪs.o,hɪs.o,hɪso,hɪso
hɪv.i,hɪv.i,hɪvi,hɪvi
hɪv.e,hɪv.e,hɪve,hɪve
hɪv.u,hɪv.u,hɪvu,hɪvu
hɪv.o,hɪv.o,hɪvo,hɪvo
hɪz.i,hɪz.i,hɪzi,hɪzi
hɪz.e,hɪz.e,hɪze,hɪze
hɪz.u,hɪz.u,hɪzu,hɪzu
hɪz.o,hɪz.o,hɪzo,hɪzo
hɪʃ.i,hɪʃ.i,hɪʃi,hɪʃi
hɪʃ.e,hɪʃ.e,hɪʃe,hɪʃe
hɪʃ.u,hɪʃ.u,hɪʃu,hɪʃu
hɪʃ.o,hɪʃ.o,hɪʃo,hɪʃo
hɪʒ.i,hɪʒ.i,hɪʒi,hɪʒi
hɪʒ.e,hɪʒ.e,hɪʒe,hɪʒe
hɪʒ.u,hɪʒ.u,hɪʒu,hɪʒu
hɪʒ.o,hɪʒ.o,hɪʒo,hɪʒo
hɪθ.i,hɪθ.i,hɪθi,hɪθi
hɪθ.e,hɪθ.e,hɪθe,hɪθe
hɪθ.u,hɪθ.u,hɪθu,hɪθu
hɪθ.o,hɪθ.o,hɪθo,hɪθo
hɪð.i,hɪð.i,hɪði,hɪði
hɪð.e,hɪð.e,hɪðe,hɪðe
hɪð.u,hɪð.u,hɪðu,hɪðu
hɪð.o,hɪð.o,hɪðo,hɪðo
mɛm.i,mɛm.i,mɛmi,mɛmi
mɛm.e,mɛm.e,mɛme,mɛme
mɛm.u,mɛm.u,mɛmu,mɛmu
mɛm.o,mɛm.o,mɛmo,mɛmo
mɛn.i,mɛn.i,mɛni,mɛni
mɛn.e,mɛn.e,mɛne,mɛne
mɛn.u,mɛn.u,mɛnu,mɛnu
mɛn.o,mɛn.o,mɛno,mɛno
mɛŋ.i,mɛŋ.i,mɛŋi,mɛŋi
mɛŋ.e,mɛŋ.e,mɛŋe,mɛŋe
mɛŋ.u,mɛŋ.u,mɛŋu,mɛŋu
mɛŋ.o,mɛŋ.o,mɛŋo,mɛŋo
mɛp.i,mɛp.i,mɛpi,mɛpi
mɛp.e,mɛp.e,mɛpe,mɛpe
mɛp.u,mɛp.u,mɛpu,mɛpu
mɛp.o,mɛp.o,mɛpo,mɛpo
mɛt.i,mɛt.i,mɛti,mɛti
mɛt.e,mɛt.e,mɛte,mɛte
mɛt.u,mɛt.u,mɛtu,mɛtu
mɛt.o,mɛt.o,mɛto,mɛto
mɛk.i,mɛk.i,mɛki,mɛki
mɛk.e,mɛk.e,mɛke,mɛke
mɛk.u,mɛk.u,mɛku,mɛku
mɛk.o,mɛk.o,mɛko,mɛko
mɛb.i,mɛb.i,mɛbi,mɛbi
mɛb.e,mɛb.e,mɛbe,mɛbe
mɛb.u,mɛb.u,mɛbu,mɛbu
mɛb.o,mɛb.o,mɛbo,mɛbo
mɛd.i,mɛd.i,mɛdi,mɛdi
mɛd.e,mɛd.e,mɛde,mɛde
mɛd.u,mɛd.u,mɛdu,mɛdu
mɛd.o,mɛd.o,mɛdo,mɛdo
mɛg.i,mɛg.i,mɛgi,mɛgi
mɛg.e,mɛg.e,mɛge,mɛge
mɛg.u,mɛg.u,mɛgu,mɛgu
mɛg.o,mɛg.o,mɛgo,mɛgo
mɛf.i,mɛf.i,mɛfi,mɛfi
mɛf.e,mɛf.e,mɛfe,mɛfe
mɛf.u,mɛf.u,mɛfu,mɛfu
mɛf.o,mɛf.o,mɛfo,mɛfo
mɛs.i,mɛs.i,mɛsi,mɛsi
mɛs.e,mɛs.e,mɛse,mɛse
mɛs.u,mɛs.u,mɛsu,mɛsu
mɛs.o,mɛs.o,mɛso,mɛso
mɛv.i,mɛv.i,mɛvi,mɛvi
mɛv.e,mɛv.e,mɛve,mɛve
mɛv.u,mɛv.u,mɛvu,mɛvu
mɛv.o,mɛv.o,mɛvo,mɛvo
mɛz.i,mɛz.i,mɛzi,mɛzi
mɛz.e,mɛz.e,mɛze,mɛze
mɛz.u,mɛz.u,mɛzu,mɛzu
mɛz.o,mɛz.o,mɛzo,mɛzo
mɛʃ.i,mɛʃ.i,mɛʃi,mɛʃi
mɛʃ.e,mɛʃ.e,mɛʃe,mɛʃe
mɛʃ.u,mɛʃ.u,mɛʃu,mɛʃu
mɛʃ.o,mɛʃ.o,mɛʃo,mɛʃo
mɛʒ.i,mɛʒ.i,mɛʒi,mɛʒi
mɛʒ.e,mɛʒ.e,mɛʒe,mɛʒe
mɛʒ.u,mɛʒ.u,mɛʒu,mɛʒu
mɛʒ.o,mɛʒ.o,mɛʒo,mɛʒo
mɛθ.i,mɛθ.i,mɛθi,mɛθi
mɛθ.e,mɛθ.e,mɛθe,mɛθe
mɛθ.u,mɛθ.u,mɛθu,mɛθu
mɛθ.o,mɛθ.o,mɛθo,mɛθo
mɛð.i,mɛð.i,mɛði,mɛði
mɛð.e,mɛð.e,mɛðe,mɛðe
mɛð.u,mɛð.u,mɛðu,mɛðu
mɛð.o,mɛð.o,mɛðo,mɛðo
nɛm.i,nɛm.i,nɛmi,nɛmi
nɛm.e,nɛm.e,nɛme,nɛme
nɛm.u,nɛm.u,nɛmu,nɛmu
nɛm.o,nɛm.o,nɛmo,nɛmo
nɛn.i,nɛn.i,nɛni,nɛni
nɛn.e,nɛn.e,nɛne,nɛne
nɛn.u,nɛn.u,nɛnu,nɛnu
nɛn.o,nɛn.o,nɛno,nɛno
nɛŋ.i,nɛŋ.i,nɛŋi,nɛŋi
nɛŋ.e,nɛŋ.e,nɛŋe,nɛŋe
nɛŋ.u,nɛŋ.u,nɛŋu,nɛŋu
nɛŋ.o,nɛŋ.o,nɛŋo,nɛŋo
nɛp.i,nɛp.i,nɛpi,nɛpi
nɛp.e,nɛp.e,nɛpe,nɛpe
nɛp.u,nɛp.u,nɛpu,nɛpu
nɛp.o,nɛp.o,nɛpo,nɛpo
nɛt.i,nɛt.i,nɛti,nɛti
nɛt.e,nɛt.e,nɛte,nɛte
nɛt.u,nɛt.u,nɛtu,nɛtu
nɛt.o,nɛt.o,nɛto,nɛto
nɛk.i,nɛk.i,nɛki,nɛki
nɛk.e,nɛk.e,nɛke,nɛke
nɛk.u,nɛk.u,nɛku,nɛku
nɛk.o,nɛk.o,nɛko,nɛko
nɛb.i,nɛb.i,nɛbi,nɛbi
nɛb.e,nɛb.e,nɛbe,nɛbe
nɛb.u,nɛb.u,nɛbu,nɛbu
nɛb.o,nɛb.o,nɛbo,nɛbo
nɛd.i,nɛd.i,nɛdi,nɛdi
nɛd.e,nɛd.e,nɛde,nɛde
nɛd.u,nɛd.u,nɛdu,nɛdu
nɛd.o,nɛd.o,nɛdo,nɛdo
nɛg.i,nɛg.i,nɛgi,nɛgi
nɛg.e,nɛg.e,nɛge,nɛge
nɛg.u,nɛg.u,nɛgu,nɛgu
nɛg.o,nɛg.o,nɛgo,nɛgo
nɛf.i,nɛf.i,nɛfi,nɛfi
nɛf.e,nɛf.e,nɛfe,nɛfe
nɛf.u,nɛf.u,nɛfu,nɛfu
nɛf.o,nɛf.o,nɛfo,nɛfo
nɛs.i,nɛs.i,nɛsi,nɛsi
nɛs.e,nɛs.e,nɛse,nɛse
nɛs.u,nɛs.u,nɛsu,nɛsu
nɛs.o,nɛs.o,nɛso,nɛso
nɛv.i,nɛv.i,nɛvi,nɛvi
nɛv.e,nɛv.e,nɛve,nɛve
nɛv.u,nɛv.u,nɛvu,nɛvu
nɛv.o,nɛv.o,nɛvo,nɛvo
nɛz.i,nɛz.i,nɛzi,nɛzi
nɛz.e,nɛz.e,nɛze,nɛze
nɛz.u,nɛz.u,nɛzu,nɛzu
nɛz.o,nɛz.o,nɛzo,nɛzo
nɛʃ.i,nɛʃ.i,nɛʃi,nɛʃi
nɛʃ.e,nɛʃ.e,nɛʃe,nɛʃe
nɛʃ.u,nɛʃ.u,nɛʃu,nɛʃu
nɛʃ.o,nɛʃ.o,nɛʃo,nɛʃo
nɛʒ.i,nɛʒ.i,nɛʒi,nɛʒi
nɛʒ.e,nɛʒ.e,nɛʒe,nɛʒe
nɛʒ.u,nɛʒ.u,nɛʒu,nɛʒu
nɛʒ.o,nɛʒ.o,nɛʒo,nɛʒo
nɛθ.i,nɛθ.i,nɛθi,nɛθi
nɛθ.e,nɛθ.e,nɛθe,nɛθe
nɛθ.u,nɛθ.u,nɛθu,nɛθu
nɛθ.o,nɛθ.o,nɛθo,nɛθo
nɛð.i,nɛð.i,nɛði,nɛði
nɛð.e,nɛð.e,nɛðe,nɛðe
nɛð.u,nɛð.u,nɛðu,nɛðu
nɛð.o,nɛð.o,nɛðo,nɛðo
pɛm.i,pɛm.i,pɛmi,pɛmi
pɛm.e,pɛm.e,pɛme,pɛme
pɛm.u,pɛm.u,pɛmu,pɛmu
pɛm.o,pɛm.o,pɛmo,pɛmo
pɛn.i,pɛn.i,pɛni,pɛni
pɛn.e,pɛn.e,pɛne,pɛne
pɛn.u,pɛn.u,pɛnu,pɛnu
pɛn.o,pɛn.o,pɛno,pɛno
pɛŋ.i,pɛŋ.i,pɛŋi,pɛŋi
pɛŋ.e,pɛŋ.e,pɛŋe,pɛŋe
pɛŋ.u,pɛŋ.u,pɛŋu,pɛŋu
pɛŋ.o,pɛŋ.o,pɛŋo,pɛŋo
pɛp.i,pɛp.i,pɛpi,pɛpi
pɛp.e,pɛp.e,pɛpe,pɛpe
pɛp.u,pɛp.u,pɛpu,pɛpu
pɛp.o,pɛp.o,pɛpo,pɛpo
pɛt.i,pɛt.i,pɛti,pɛti
pɛt.e,pɛt.e,pɛte,pɛte
pɛt.u,pɛt.u,pɛtu,pɛtu
pɛt.o,pɛt.o,pɛto,pɛto
pɛk.i,pɛk.i,pɛki,pɛki
pɛk.e,pɛk.e,pɛke,pɛke
pɛk.u,pɛk.u,pɛku,pɛku
pɛk.o,pɛk.o,pɛko,pɛko
pɛb.i,pɛb.i,pɛbi,pɛbi
pɛb.e,pɛb.e,pɛbe,pɛbe
pɛb.u,pɛb.u,pɛbu,pɛbu
pɛb.o,pɛb.o,pɛbo,pɛbo
pɛd.i,pɛd.i,pɛdi,pɛdi
pɛd.e,pɛd.e,pɛde,pɛde
pɛd.u,pɛd.u,pɛdu,pɛdu
pɛd.o,pɛd.o,pɛdo,pɛdo
pɛg.i,pɛg.i,pɛgi,pɛgi
pɛg.e,pɛg.e,pɛge,pɛge
pɛg.u,pɛg.u,pɛgu,pɛgu
pɛg.o,pɛg.o,pɛgo,pɛgo
pɛf.i,pɛf.i,pɛfi,pɛfi
pɛf.e,pɛf.e,pɛfe,pɛfe
pɛf.u,pɛf.u,pɛfu,pɛfu
pɛf.o,pɛf.o,pɛfo,pɛfo
pɛs.i,pɛs.i,pɛsi,pɛsi
pɛs.e,pɛs.e,pɛse,pɛse
pɛs.u,pɛs.u,pɛsu,pɛsu
pɛs.o,pɛs.o,pɛso,pɛso
pɛv.i,pɛv.i,pɛvi,pɛvi
pɛv.e,pɛv.e,pɛve,pɛve
pɛv.u,pɛv.u,pɛvu,pɛvu
pɛv.o,pɛv.o,pɛvo,pɛvo
pɛz.i,pɛz.i,pɛzi,pɛzi
pɛz.e,pɛz.e,pɛze,pɛze
pɛz.u,pɛz.u,pɛzu,pɛzu
pɛz.o,pɛz.o,pɛzo,pɛzo
pɛʃ.i,pɛʃ.i,pɛʃi,pɛʃi
pɛʃ.e,pɛʃ.e,pɛʃe,pɛʃe
pɛʃ.u,pɛʃ.u,pɛʃu,pɛʃu
pɛʃ.o,pɛʃ.o,pɛʃo,pɛʃo
pɛʒ.i,pɛʒ.i,pɛʒi,pɛʒi
pɛʒ.e,pɛʒ.e,pɛʒe,pɛʒe
pɛʒ.u,pɛʒ.u,pɛʒu,pɛʒu
pɛʒ.o,pɛʒ.o,pɛʒo,pɛʒo
pɛθ.i,pɛθ.i,pɛθi,pɛθi
pɛθ.e,pɛθ.e,pɛθe,pɛθe
pɛθ.u,pɛθ.u,pɛθu,pɛθu
pɛθ.o,pɛθ.o,pɛθo,pɛθo
pɛð.i,pɛð.i,pɛði,pɛði
pɛð.e,pɛð.e,pɛðe,pɛðe
pɛð.u,pɛð.u,pɛðu,pɛðu
pɛð.o,pɛð.o,pɛðo,pɛðo
tɛm.i,tɛm.i,tɛmi,tɛmi
tɛm.e,tɛm.e,tɛme,tɛme
tɛm.u,tɛm.u,tɛmu,tɛmu
tɛm.o,tɛm.o,tɛmo,tɛmo
tɛn.i,tɛn.i,tɛni,tɛni
tɛn.e,tɛn.e,tɛne,tɛne
tɛn.u,tɛn.u,tɛnu,tɛnu
tɛn.o,tɛn.o,tɛno,tɛno
tɛŋ.i,tɛŋ.i,tɛŋi,tɛŋi
tɛŋ.e,tɛŋ.e,tɛŋe,tɛŋe
tɛŋ.u,tɛŋ.u,tɛŋu,tɛŋu
tɛŋ.o,tɛŋ.o,tɛŋo,tɛŋo
tɛp.i,tɛp.i,tɛpi,tɛpi
tɛp.e,tɛp.e,tɛpe,tɛpe
tɛp.u,tɛp.u,tɛpu,tɛpu
tɛp.o,tɛp.o,tɛpo,tɛpo
tɛt.i,tɛt.i,tɛti,tɛti
tɛt.e,tɛt.e,tɛte,tɛte
tɛt.u,tɛt.u,tɛtu,tɛtu
tɛt.o,tɛt.o,tɛto,tɛto
tɛk.i,tɛk.i,tɛki,tɛki
tɛk.e,tɛk.e,tɛke,tɛke
tɛk.u,tɛk.u,tɛku,tɛku
tɛk.o,tɛk.o,tɛko,tɛko
tɛb.i,tɛb.i,tɛbi,tɛbi
tɛb.e,tɛb.e,tɛbe,tɛbe
tɛb.u,tɛb.u,tɛbu,tɛbu
tɛb.o,tɛb.o,tɛbo,tɛbo
tɛd.i,tɛd.i,tɛdi,tɛdi
tɛd.e,tɛd.e,tɛde,tɛde
tɛd.u,tɛd.u,tɛdu,tɛdu
tɛd.o,tɛd.o,tɛdo,tɛdo
tɛg.i,tɛg.i,tɛgi,tɛgi
tɛg.e,tɛg.e,tɛge,tɛge
tɛg.u,tɛg.u,tɛgu,tɛgu
tɛg.o,tɛg.o,tɛgo,tɛgo
tɛf.i,tɛf.i,tɛfi,tɛfi
tɛf.e,tɛf.e,tɛfe,tɛfe
tɛf.u,tɛf.u,tɛfu,tɛfu
tɛf.o,tɛf.o,tɛfo,tɛfo
tɛs.i,tɛs.i,tɛsi,tɛsi
tɛs.e,tɛs.e,tɛse,tɛse
tɛs.u,tɛs.u,tɛsu,tɛsu
tɛs.o,tɛs.o,tɛso,tɛso
tɛv.i,tɛv.i,tɛvi,tɛvi
tɛv.e,tɛv.e,tɛve,tɛve
tɛv.u,tɛv.u,tɛvu,tɛvu
tɛv.o,tɛv.o,tɛvo,tɛvo
tɛz.i,tɛz.i,tɛzi,tɛzi
tɛz.e,tɛz.e,tɛze,tɛze
tɛz.u,tɛz.u,tɛzu,tɛzu
tɛz.o,tɛz.o,tɛzo,tɛzo
tɛʃ.i,tɛʃ.i,tɛʃi,tɛʃi
tɛʃ.e,tɛʃ.e,tɛʃe,tɛʃe
tɛʃ.u,tɛʃ.u,tɛʃu,tɛʃu
tɛʃ.o,tɛʃ.o,tɛʃo,tɛʃo
tɛʒ.i,tɛʒ.i,tɛʒi,tɛʒi
tɛʒ.e,tɛʒ.e,tɛʒe,tɛʒe
tɛʒ.u,tɛʒ.u,tɛʒu,tɛʒu
tɛʒ.o,tɛʒ.o,tɛʒo,tɛʒo
tɛθ.i,tɛθ.i,tɛθi,tɛθi
tɛθ.e,tɛθ.e,tɛθe,tɛθe
tɛθ.u,tɛθ.u,tɛθu,tɛθu
tɛθ.o,tɛθ.o,tɛθo,tɛθo
tɛð.i,tɛð.i,tɛði,tɛði
tɛð.e,tɛð.e,tɛðe,tɛðe
tɛð.u,tɛð.u,tɛðu,tɛðu
tɛð.o,tɛð.o,tɛðo,tɛðo
kɛm.i,kɛm.i,kɛmi,kɛmi
kɛm.e,kɛm.e,kɛme,kɛme
kɛm.u,kɛm.u,kɛmu,kɛmu
kɛm.o,kɛm.o,kɛmo,kɛmo
kɛn.i,kɛn.i,kɛni,kɛni
kɛn.e,kɛn.e,kɛne,kɛne
kɛn.u,kɛn.u,kɛnu,kɛnu
kɛn.o,kɛn.o,kɛno,kɛno
kɛŋ.i,kɛŋ.i,kɛŋi,kɛŋi
kɛŋ.e,kɛŋ.e,kɛŋe,kɛŋe
kɛŋ.u,kɛŋ.u,kɛŋu,kɛŋu
kɛŋ.o,kɛŋ.o,kɛŋo,kɛŋo
kɛp.i,kɛp.i,kɛpi,kɛpi
kɛp.e,kɛp.e,kɛpe,kɛpe
kɛp.u,kɛp.u,kɛpu,kɛpu
kɛp.o,kɛp.o,kɛpo,kɛpo
kɛt.i,kɛt.i,kɛti,kɛti
kɛt.e,kɛt.e,kɛte,kɛte
kɛt.u,kɛt.u,kɛtu,kɛtu
kɛt.o,kɛt.o,kɛto,kɛto
kɛk.i,kɛk.i,kɛki,kɛki
kɛk.e,kɛk.e,kɛke,kɛke
kɛk.u,kɛk.u,kɛku,kɛku
kɛk.o,kɛk.o,kɛko,kɛko
kɛb.i,kɛb.i,kɛbi,kɛbi
kɛb.e,kɛb.e,kɛbe,kɛbe
kɛb.u,kɛb.u,kɛbu,kɛbu
kɛb.o,kɛb.o,kɛbo,kɛbo
kɛd.i,kɛd.i,kɛdi,kɛdi
kɛd.e,kɛd.e,kɛde,kɛde
kɛd.u,kɛd.u,kɛdu,kɛdu
kɛd.o,kɛd.o,kɛdo,kɛdo
kɛg.i,kɛg.i,kɛgi,kɛgi
kɛg.e,kɛg.e,kɛge,kɛge
kɛg.u,kɛg.u,kɛgu,kɛgu
kɛg.o,kɛg.o,kɛgo,kɛgo
kɛf.i,kɛf.i,kɛfi,kɛfi
kɛf.e,kɛf.e,kɛfe,kɛfe
kɛf.u,kɛf.u,kɛfu,kɛfu
kɛf.o,kɛf.o,kɛfo,kɛfo
kɛs.i,kɛs.i,kɛsi,kɛsi
kɛs.e,kɛs.e,kɛse,kɛse
kɛs.u,kɛs.u,kɛsu,kɛsu
kɛs.o,kɛs.o,kɛso,kɛso
kɛv.i,kɛv.i,kɛvi,kɛvi
kɛv.e,kɛv.e,kɛve,kɛve
kɛv.u,kɛv.u,kɛvu,kɛvu
kɛv.o,kɛv.o,kɛvo,kɛvo
kɛz.i,kɛz.i,kɛzi,kɛzi
kɛz.e,kɛz.e,kɛze,kɛze
kɛz.u,kɛz.u,kɛzu,kɛzu
kɛz.o,kɛz.o,kɛzo,kɛzo
kɛʃ.i,kɛʃ.i,kɛʃi,kɛʃi
kɛʃ.e,kɛʃ.e,kɛʃe,kɛʃe
kɛʃ.u,kɛʃ.u,kɛʃu,kɛʃu
kɛʃ.o,kɛʃ.o,kɛʃo,kɛʃo
kɛʒ.i,kɛʒ.i,kɛʒi,kɛʒi
kɛʒ.e,kɛʒ.e,kɛʒe,kɛʒe
kɛʒ.u,kɛʒ.u,kɛʒu,kɛʒu
kɛʒ.o,kɛʒ.o,kɛʒo,kɛʒo
kɛθ.i,kɛθ.i,kɛθi,kɛθi
kɛθ.e,kɛθ.e,kɛθe,kɛθe
kɛθ.u,kɛθ.u,kɛθu,kɛθu
kɛθ.o,kɛθ.o,kɛθo,kɛθo
kɛð.i,kɛð.i,kɛði,kɛði
kɛð.e,kɛð.e,kɛðe,kɛðe
kɛð.u,kɛð.u,kɛðu,kɛðu
kɛð.o,kɛð.o,kɛðo,kɛðo
bɛm.i,bɛm.i,bɛmi,bɛmi
bɛm.e,bɛm.e,bɛme,bɛme
bɛm.u,bɛm.u,bɛmu,bɛmu
bɛm.o,bɛm.o,bɛmo,bɛmo
bɛn.i,bɛn.i,bɛni,bɛni
bɛn.e,bɛn.e,bɛne,bɛne
bɛn.u,bɛn.u,bɛnu,bɛnu
bɛn.o,bɛn.o,bɛno,bɛno
bɛŋ.i,bɛŋ.i,bɛŋi,bɛŋi
bɛŋ.e,bɛŋ.e,bɛŋe,bɛŋe
bɛŋ.u,bɛŋ.u,bɛŋu,bɛŋu
bɛŋ.o,bɛŋ.o,bɛŋo,bɛŋo
bɛp.i,bɛp.i,bɛpi,bɛpi
bɛp.e,bɛp.e,bɛpe,bɛpe
bɛp.u,bɛp.u,bɛpu,bɛpu
bɛp.o,bɛp.o,bɛpo,bɛpo
bɛt.i,bɛt.i,bɛti,bɛti
bɛt.e,bɛt.e,bɛte,bɛte
bɛt.u,bɛt.u,bɛtu,bɛtu
bɛt.o,bɛt.o,bɛto,bɛto
bɛk.i,bɛk.i,bɛki,bɛki
bɛk.e,bɛk.e,bɛke,bɛke
bɛk.u,bɛk.u,bɛku,bɛku
bɛk.o,bɛk.o,bɛko,bɛko
bɛb.i,bɛb.i,bɛbi,bɛbi
bɛb.e,bɛb.e,bɛbe,bɛbe
bɛb.u,bɛb.u,bɛbu,bɛbu
bɛb.o,bɛb.o,bɛbo,bɛbo
bɛd.i,bɛd.i,bɛdi,bɛdi
bɛd.e,bɛd.e,bɛde,bɛde
bɛd.u,bɛd.u,bɛdu,bɛdu
bɛd.o,bɛd.o,bɛdo,bɛdo
bɛg.i,bɛg.i,bɛgi,bɛgi
bɛg.e,bɛg.e,bɛge,bɛge
bɛg.u,bɛg.u,bɛgu,bɛgu
bɛg.o,bɛg.o,bɛgo,bɛgo
bɛf.i,bɛf.i,bɛfi,bɛfi
bɛf.e,bɛf.e,bɛfe,bɛfe
bɛf.u,bɛf.u,bɛfu,bɛfu
bɛf.o,bɛf.o,bɛfo,bɛfo
bɛs.i,bɛs.i,bɛsi,bɛsi
bɛs.e,bɛs.e,bɛse,bɛse
bɛs.u,bɛs.u,bɛsu,bɛsu
bɛs.o,bɛs.o,bɛso,bɛso
bɛv.i,bɛv.i,bɛvi,bɛvi
bɛv.e,bɛv.e,bɛve,bɛve
bɛv.u,bɛv.u,bɛvu,bɛvu
bɛv.o,bɛv.o,bɛvo,bɛvo
bɛz.i,bɛz.i,bɛzi,bɛzi
bɛz.e,bɛz.e,bɛze,bɛze
bɛz.u,bɛz.u,bɛzu,bɛzu
bɛz.o,bɛz.o,bɛzo,bɛzo
bɛʃ.i,bɛʃ.i,bɛʃi,bɛʃi
bɛʃ.e,bɛʃ.e,bɛʃe,bɛʃe
bɛʃ.u,bɛʃ.u,bɛʃu,bɛʃu
bɛʃ.o,bɛʃ.o,bɛʃo,bɛʃo
bɛʒ.i,bɛʒ.i,bɛʒi,bɛʒi
bɛʒ.e,bɛʒ.e,bɛʒe,bɛʒe
bɛʒ.u,bɛʒ.u,bɛʒu,bɛʒu
bɛʒ.o,bɛʒ.o,bɛʒo,bɛʒo
bɛθ.i,bɛθ.i,bɛθi,bɛθi
bɛθ.e,bɛθ.e,bɛθe,bɛθe
bɛθ.u,bɛθ.u,bɛθu,bɛθu
bɛθ.o,bɛθ.o,bɛθo,bɛθo
bɛð.i,bɛð.i,bɛði,bɛði
bɛð.e,bɛð.e,bɛðe,bɛðe
bɛð.u,bɛð.u,bɛðu,bɛðu
bɛð.o,bɛð.o,bɛðo,bɛðo
dɛm.i,dɛm.i,dɛmi,dɛmi
dɛm.e,dɛm.e,dɛme,dɛme
dɛm.u,dɛm.u,dɛmu,dɛmu
dɛm.o,dɛm.o,dɛmo,dɛmo
dɛn.i,dɛn.i,dɛni,dɛni
dɛn.e,dɛn.e,dɛne,dɛne
dɛn.u,dɛn.u,dɛnu,dɛnu
dɛn.o,dɛn.o,dɛno,dɛno
dɛŋ.i,dɛŋ.i,dɛŋi,dɛŋi
dɛŋ.e,dɛŋ.e,dɛŋe,dɛŋe
dɛŋ.u,dɛŋ.u,dɛŋu,dɛŋu
dɛŋ.o,dɛŋ.o,dɛŋo,dɛŋo
dɛp.i,dɛp.i,dɛpi,dɛpi
dɛp.e,dɛp.e,dɛpe,dɛpe
dɛp.u,dɛp.u,dɛpu,dɛpu
dɛp.o,dɛp.o,dɛpo,dɛpo
dɛt.i,dɛt.i,dɛti,dɛti
dɛt.e,dɛt.e,dɛte,dɛte
dɛt.u,dɛt.u,dɛtu,dɛtu
dɛt.o,dɛt.o,dɛto,dɛto
dɛk.i,dɛk.i,dɛki,dɛki
dɛk.e,dɛk.e,dɛke,dɛke
dɛk.u,dɛk.u,dɛku,dɛku
dɛk.o,dɛk.o,dɛko,dɛko
dɛb.i,dɛb.i,dɛbi,dɛbi
dɛb.e,dɛb.e,dɛbe,dɛbe
dɛb.u,dɛb.u,dɛbu,dɛbu
dɛb.o,dɛb.o,dɛbo,dɛbo
dɛd.i,dɛd.i,dɛdi,dɛdi
dɛd.e,dɛd.e,dɛde,dɛde
dɛd.u,dɛd.u,dɛdu,dɛdu
dɛd.o,dɛd.o,dɛdo,dɛdo
dɛg.i,dɛg.i,dɛgi,dɛgi
dɛg.e,dɛg.e,dɛge,dɛge
dɛg.u,dɛg.u,dɛgu,dɛgu
dɛg.o,dɛg.o,dɛgo,dɛgo
dɛf.i,dɛf.i,dɛfi,dɛfi
dɛf.e,dɛf.e,dɛfe,dɛfe
dɛf.u,dɛf.u,dɛfu,dɛfu
dɛf.o,dɛf.o,dɛfo,dɛfo
dɛs.i,dɛs.i,dɛsi,dɛsi
dɛs.e,dɛs.e,dɛse,dɛse
dɛs.u,dɛs.u,dɛsu,dɛsu
dɛs.o,dɛs.o,dɛso,dɛso
dɛv.i,dɛv.i,dɛvi,dɛvi
dɛv.e,dɛv.e,dɛve,dɛve
dɛv.u,dɛv.u,dɛvu,dɛvu
dɛv.o,dɛv.o,dɛvo,dɛvo
dɛz.i,dɛz.i,dɛzi,dɛzi
dɛz.e,dɛz.e,dɛze,dɛze
dɛz.u,dɛz.u,dɛzu,dɛzu
dɛz.o,dɛz.o,dɛzo,dɛzo
dɛʃ.i,dɛʃ.i,dɛʃi,dɛʃi
dɛʃ.e,dɛʃ.e,dɛʃe,dɛʃe
dɛʃ.u,dɛʃ.u,dɛʃu,dɛʃu
dɛʃ.o,dɛʃ.o,dɛʃo,dɛʃo
dɛʒ.i,dɛʒ.i,dɛʒi,dɛʒi
dɛʒ.e,dɛʒ.e,dɛʒe,dɛʒe
dɛʒ.u,dɛʒ.u,dɛʒu,dɛʒu
dɛʒ.o,dɛʒ.o,dɛʒo,dɛʒo
dɛθ.i,dɛθ.i,dɛθi,dɛθi
dɛθ.e,dɛθ.e,dɛθe,dɛθe
dɛθ.u,dɛθ.u,dɛθu,dɛθu
dɛθ.o,dɛθ.o,dɛθo,dɛθo
dɛð.i,dɛð.i,dɛði,dɛði
dɛð.e,dɛð.e,dɛðe,dɛðe
dɛð.u,dɛð.u,dɛðu,dɛðu
dɛð.o,dɛð.o,dɛðo,dɛðo
gɛm.i,gɛm.i,gɛmi,gɛmi
gɛm.e,gɛm.e,gɛme,gɛme
gɛm.u,gɛm.u,gɛmu,gɛmu
gɛm.o,gɛm.o,gɛmo,gɛmo
gɛn.i,gɛn.i,gɛni,gɛni
gɛn.e,gɛn.e,gɛne,gɛne
gɛn.u,gɛn.u,gɛnu,gɛnu
gɛn.o,gɛn.o,gɛno,gɛno
gɛŋ.i,gɛŋ.i,gɛŋi,gɛŋi
gɛŋ.e,gɛŋ.e,gɛŋe,gɛŋe
gɛŋ.u,gɛŋ.u,gɛŋu,gɛŋu
gɛŋ.o,gɛŋ.o,gɛŋo,gɛŋo
gɛp.i,gɛp.i,gɛpi,gɛpi
gɛp.e,gɛp.e,gɛpe,gɛpe
gɛp.u,gɛp.u,gɛpu,gɛpu
gɛp.o,gɛp.o,gɛpo,gɛpo
gɛt.i,gɛt.i,gɛti,gɛti
gɛt.e,gɛt.e,gɛte,gɛte
gɛt.u,gɛt.u,gɛtu,gɛtu
gɛt.o,gɛt.o,gɛto,gɛto
gɛk.i,gɛk.i,gɛki,gɛki
gɛk.e,gɛk.e,gɛke,gɛke
gɛk.u,gɛk.u,gɛku,gɛku
gɛk.o,gɛk.o,gɛko,gɛko
gɛb.i,gɛb.i,gɛbi,gɛbi
gɛb.e,gɛb.e,gɛbe,gɛbe
gɛb.u,gɛb.u,gɛbu,gɛbu
gɛb.o,gɛb.o,gɛbo,gɛbo
gɛd.i,gɛd.i,gɛdi,gɛdi
gɛd.e,gɛd.e,gɛde,gɛde
gɛd.u,gɛd.u,gɛdu,gɛdu
gɛd.o,gɛd.o,gɛdo,gɛdo
gɛg.i,gɛg.i,gɛgi,gɛgi
gɛg.e,gɛg.e,gɛge,gɛge
gɛg.u,gɛg.u,gɛgu,gɛgu
gɛg.o,gɛg.o,gɛgo,gɛgo
gɛf.i,gɛf.i,gɛfi,gɛfi
gɛf.e,gɛf.e,gɛfe,gɛfe
gɛf.u,gɛf.u,gɛfu,gɛfu
gɛf.o,gɛf.o,gɛfo,gɛfo
gɛs.i,gɛs.i,gɛsi,gɛsi
gɛs.e,gɛs.e,gɛse,gɛse
gɛs.u,gɛs.u,gɛsu,gɛsu
gɛs.o,gɛs.o,gɛso,gɛso
gɛv.i,gɛv.i,gɛvi,gɛvi
gɛv.e,gɛv.e,gɛve,gɛve
gɛv.u,gɛv.u,gɛvu,gɛvu
gɛv.o,gɛv.o,gɛvo,gɛvo
gɛz.i,gɛz.i,gɛzi,gɛzi
gɛz.e,gɛz.e,gɛze,gɛze
gɛz.u,gɛz.u,gɛzu,gɛzu
gɛz.o,gɛz.o,gɛzo,gɛzo
gɛʃ.i,gɛʃ.i,gɛʃi,gɛʃi
gɛʃ.e,gɛʃ.e,gɛʃe,gɛʃe
gɛʃ.u,gɛʃ.u,gɛʃu,gɛʃu
gɛʃ.o,gɛʃ.o,gɛʃo,gɛʃo
gɛʒ.i,gɛʒ.i,gɛʒi,gɛʒi
gɛʒ.e,gɛʒ.e,gɛʒe,gɛʒe
gɛʒ.u,gɛʒ.u,gɛʒu,gɛʒu
gɛʒ.o,gɛʒ.o,gɛʒo,gɛʒo
gɛθ.i,gɛθ.i,gɛθi,gɛθi
gɛθ.e,gɛθ.e,gɛθe,gɛθe
gɛθ.u,gɛθ.u,gɛθu,gɛθu
gɛθ.o,gɛθ.o,gɛθo,gɛθo
gɛð.i,gɛð.i,gɛði,gɛði
gɛð.e,gɛð.e,gɛðe,gɛðe
gɛð.u,gɛð.u,gɛðu,gɛðu
gɛð.o,gɛð.o,gɛðo,gɛðo
fɛm.i,fɛm.i,fɛmi,fɛmi
fɛm.e,fɛm.e,fɛme,fɛme
fɛm.u,fɛm.u,fɛmu,fɛmu
fɛm.o,fɛm.o,fɛmo,fɛmo
fɛn.i,fɛn.i,fɛni,fɛni
fɛn.e,fɛn.e,fɛne,fɛne
fɛn.u,fɛn.u,fɛnu,fɛnu
fɛn.o,fɛn.o,fɛno,fɛno
fɛŋ.i,fɛŋ.i,fɛŋi,fɛŋi
fɛŋ.e,fɛŋ.e,fɛŋe,fɛŋe
fɛŋ.u,fɛŋ.u,fɛŋu,fɛŋu
fɛŋ.o,fɛŋ.o,fɛŋo,fɛŋo
fɛp.i,fɛp.i,fɛpi,fɛpi
fɛp.e,fɛp.e,fɛpe,fɛpe
fɛp.u,fɛp.u,fɛpu,fɛpu
fɛp.o,fɛp.o,fɛpo,fɛpo
fɛt.i,fɛt.i,fɛti,fɛti
fɛt.e,fɛt.e,fɛte,fɛte
fɛt.u,fɛt.u,fɛtu,fɛtu
fɛt.o,fɛt.o,fɛto,fɛto
fɛk.i,fɛk.i,fɛki,fɛki
fɛk.e,fɛk.e,fɛke,fɛke
fɛk.u,fɛk.u,fɛku,fɛku
fɛk.o,fɛk.o,fɛko,fɛko
fɛb.i,fɛb.i,fɛbi,fɛbi
fɛb.e,fɛb.e,fɛbe,fɛbe
fɛb.u,fɛb.u,fɛbu,fɛbu
fɛb.o,fɛb.o,fɛbo,fɛbo
fɛd.i,fɛd.i,fɛdi,fɛdi
fɛd.e,fɛd.e,fɛde,fɛde
fɛd.u,fɛd.u,fɛdu,fɛdu
fɛd.o,fɛd.o,fɛdo,fɛdo
fɛg.i,fɛg.i,fɛgi,fɛgi
fɛg.e,fɛg.e,fɛge,fɛge
fɛg.u,fɛg.u,fɛgu,fɛgu
fɛg.o,fɛg.o,fɛgo,fɛgo
fɛf.i,fɛf.i,fɛfi,fɛfi
fɛf.e,fɛf.e,fɛfe,fɛfe
fɛf.u,fɛf.u,fɛfu,fɛfu
fɛf.o,fɛf.o,fɛfo,fɛfo
fɛs.i,fɛs.i,fɛsi,fɛsi
fɛs.e,fɛs.e,fɛse,fɛse
fɛs.u,fɛs.u,fɛsu,fɛsu
fɛs.o,fɛs.o,fɛso,fɛso
fɛv.i,fɛv.i,fɛvi,fɛvi
fɛv.e,fɛv.e,fɛve,fɛve
fɛv.u,fɛv.u,fɛvu,fɛvu
fɛv.o,fɛv.o,fɛvo,fɛvo
fɛz.i,fɛz.i,fɛzi,fɛzi
fɛz.e,fɛz.e,fɛze,fɛze
fɛz.u,fɛz.u,fɛzu,fɛzu
fɛz.o,fɛz.o,fɛzo,fɛzo
fɛʃ.i,fɛʃ.i,fɛʃi,fɛʃi
fɛʃ.e,fɛʃ.e,fɛʃe,fɛʃe
fɛʃ.u,fɛʃ.u,fɛʃu,fɛʃu
fɛʃ.o,fɛʃ.o,fɛʃo,fɛʃo
fɛʒ.i,fɛʒ.i,fɛʒi,fɛʒi
fɛʒ.e,fɛʒ.e,fɛʒe,fɛʒe
fɛʒ.u,fɛʒ.u,fɛʒu,fɛʒu
fɛʒ.o,fɛʒ.o,fɛʒo,fɛʒo
fɛθ.i,fɛθ.i,fɛθi,fɛθi
fɛθ.e,fɛθ.e,fɛθe,fɛθe
fɛθ.u,fɛθ.u,fɛθu,fɛθu
fɛθ.o,fɛθ.o,fɛθo,fɛθo
fɛð.i,fɛð.i,fɛði,fɛði
fɛð.e,fɛð.e,fɛðe,fɛðe
fɛð.u,fɛð.u,fɛðu,fɛðu
fɛð.o,fɛð.o,fɛðo,fɛðo
sɛm.i,sɛm.i,sɛmi,sɛmi
sɛm.e,sɛm.e,sɛme,sɛme
sɛm.u,sɛm.u,sɛmu,sɛmu
sɛm.o,sɛm.o,sɛmo,sɛmo
sɛn.i,sɛn.i,sɛni,sɛni
sɛn.e,sɛn.e,sɛne,sɛne
sɛn.u,sɛn.u,sɛnu,sɛnu
sɛn.o,sɛn.o,sɛno,sɛno
sɛŋ.i,sɛŋ.i,sɛŋi,sɛŋi
sɛŋ.e,sɛŋ.e,sɛŋe,sɛŋe
sɛŋ.u,sɛŋ.u,sɛŋu,sɛŋu
sɛŋ.o,sɛŋ.o,sɛŋo,sɛŋo
sɛp.i,sɛp.i,sɛpi,sɛpi
sɛp.e,sɛp.e,sɛpe,sɛpe
sɛp.u,sɛp.u,sɛpu,sɛpu
sɛp.o,sɛp.o,sɛpo,sɛpo
sɛt.i,sɛt.i,sɛti,sɛti
sɛt.e,sɛt.e,sɛte,sɛte
sɛt.u,sɛt.u,sɛtu,sɛtu
sɛt.o,sɛt.o,sɛto,sɛto
sɛk.i,sɛk.i,sɛki,sɛki
sɛk.e,sɛk.e,sɛke,sɛke
sɛk.u,sɛk.u,sɛku,sɛku
sɛk.o,sɛk.o,sɛko,sɛko
sɛb.i,sɛb.i,sɛbi,sɛbi
sɛb.e,sɛb.e,sɛbe,sɛbe
sɛb.u,sɛb.u,sɛbu,sɛbu
sɛb.o,sɛb.o,sɛbo,sɛbo
sɛd.i,sɛd.i,sɛdi,sɛdi
sɛd.e,sɛd.e,sɛde,sɛde
sɛd.u,sɛd.u,sɛdu,sɛdu
sɛd.o,sɛd.o,sɛdo,sɛdo
sɛg.i,sɛg.i,sɛgi,sɛgi
sɛg.e,sɛg.e,sɛge,sɛge
sɛg.u,sɛg.u,sɛgu,sɛgu
sɛg.o,sɛg.o,sɛgo,sɛgo
sɛf.i,sɛf.i,sɛfi,sɛfi
sɛf.e,sɛf.e,sɛfe,sɛfe
sɛf.u,sɛf.u,sɛfu,sɛfu
sɛf.o,sɛf.o,sɛfo,sɛfo
sɛs.i,sɛs.i,sɛsi,sɛsi
sɛs.e,sɛs.e,sɛse,sɛse
sɛs.u,sɛs.u,sɛsu,sɛsu
sɛs.o,sɛs.o,sɛso,sɛso
sɛv.i,sɛv.i,sɛvi,sɛvi
sɛv.e,sɛv.e,sɛve,sɛve
sɛv.u,sɛv.u,sɛvu,sɛvu
sɛv.o,sɛv.o,sɛvo,sɛvo
sɛz.i,sɛz.i,sɛzi,sɛzi
sɛz.e,sɛz.e,sɛze,sɛze
sɛz.u,sɛz.u,sɛzu,sɛzu
sɛz.o,sɛz.o,sɛzo,sɛzo
sɛʃ.i,sɛʃ.i,sɛʃi,sɛʃi
sɛʃ.e,sɛʃ.e,sɛʃe,sɛʃe
sɛʃ.u,sɛʃ.u,sɛʃu,sɛʃu
sɛʃ.o,sɛʃ.o,sɛʃo,sɛʃo
sɛʒ.i,sɛʒ.i,sɛʒi,sɛʒi
sɛʒ.e,sɛʒ.e,sɛʒe,sɛʒe
sɛʒ.u,sɛʒ.u,sɛʒu,sɛʒu
sɛʒ.o,sɛʒ.o,sɛʒo,sɛʒo
sɛθ.i,sɛθ.i,sɛθi,sɛθi
sɛθ.e,sɛθ.e,sɛθe,sɛθe
sɛθ.u,sɛθ.u,sɛθu,sɛθu
sɛθ.o,sɛθ.o,sɛθo,sɛθo
sɛð.i,sɛð.i,sɛði,sɛði
sɛð.e,sɛð.e,sɛðe,sɛðe
sɛð.u,sɛð.u,sɛðu,sɛðu
sɛð.o,sɛð.o,sɛðo,sɛðo
vɛm.i,vɛm.i,vɛmi,vɛmi
vɛm.e,vɛm.e,vɛme,vɛme
vɛm.u,vɛm.u,vɛmu,vɛmu
vɛm.o,vɛm.o,vɛmo,vɛmo
vɛn.i,vɛn.i,vɛni,vɛni
vɛn.e,vɛn.e,vɛne,vɛne
vɛn.u,vɛn.u,vɛnu,vɛnu
vɛn.o,vɛn.o,vɛno,vɛno
vɛŋ.i,vɛŋ.i,vɛŋi,vɛŋi
vɛŋ.e,vɛŋ.e,vɛŋe,vɛŋe
vɛŋ.u,vɛŋ.u,vɛŋu,vɛŋu
vɛŋ.o,vɛŋ.o,vɛŋo,vɛŋo
vɛp.i,vɛp.i,vɛpi,vɛpi
vɛp.e,vɛp.e,vɛpe,vɛpe
vɛp.u,vɛp.u,vɛpu,vɛpu
vɛp.o,vɛp.o,vɛpo,vɛpo
vɛt.i,vɛt.i,vɛti,vɛti
vɛt.e,vɛt.e,vɛte,vɛte
vɛt.u,vɛt.u,vɛtu,vɛtu
vɛt.o,vɛt.o,vɛto,vɛto
vɛk.i,vɛk.i,vɛki,vɛki
vɛk.e,vɛk.e,vɛke,vɛke
vɛk.u,vɛk.u,vɛku,vɛku
vɛk.o,vɛk.o,vɛko,vɛko
vɛb.i,vɛb.i,vɛbi,vɛbi
vɛb.e,vɛb.e,vɛbe,vɛbe
vɛb.u,vɛb.u,vɛbu,vɛbu
vɛb.o,vɛb.o,vɛbo,vɛbo
vɛd.i,vɛd.i,vɛdi,vɛdi
vɛd.e,vɛd.e,vɛde,vɛde
vɛd.u,vɛd.u,vɛdu,vɛdu
vɛd.o,vɛd.o,vɛdo,vɛdo
vɛg.i,vɛg.i,vɛgi,vɛgi
vɛg.e,vɛg.e,vɛge,vɛge
vɛg.u,vɛg.u,vɛgu,vɛgu
vɛg.o,vɛg.o,vɛgo,vɛgo
vɛf.i,vɛf.i,vɛfi,vɛfi
vɛf.e,vɛf.e,vɛfe,vɛfe
vɛf.u,vɛf.u,vɛfu,vɛfu
vɛf.o,vɛf.o,vɛfo,vɛfo
vɛs.i,vɛs.i,vɛsi,vɛsi
vɛs.e,vɛs.e,vɛse,vɛse
vɛs.u,vɛs.u,vɛsu,vɛsu
vɛs.o,vɛs.o,vɛso,vɛso
vɛv.i,vɛv.i,vɛvi,vɛvi
vɛv.e,vɛv.e,vɛve,vɛve
vɛv.u,vɛv.u,vɛvu,vɛvu
vɛv.o,vɛv.o,vɛvo,vɛvo
vɛz.i,vɛz.i,vɛzi,vɛzi
vɛz.e,vɛz.e,vɛze,vɛze
vɛz.u,vɛz.u,vɛzu,vɛzu
vɛz.o,vɛz.o,vɛzo,vɛzo
vɛʃ.i,vɛʃ.i,vɛʃi,vɛʃi
vɛʃ.e,vɛʃ.e,vɛʃe,vɛʃe
vɛʃ.u,vɛʃ.u,vɛʃu,vɛʃu
vɛʃ.o,vɛʃ.o,vɛʃo,vɛʃo
vɛʒ.i,vɛʒ.i,vɛʒi,vɛʒi
vɛʒ.e,vɛʒ.e,vɛʒe,vɛʒe
vɛʒ.u,vɛʒ.u,vɛʒu,vɛʒu
vɛʒ.o,vɛʒ.o,vɛʒo,vɛʒo
vɛθ.i,vɛθ.i,vɛθi,vɛθi
vɛθ.e,vɛθ.e,vɛθe,vɛθe
vɛθ.u,vɛθ.u,vɛθu,vɛθu
vɛθ.o,vɛθ.o,vɛθo,vɛθo
vɛð.i,vɛð.i,vɛði,vɛði
vɛð.e,vɛð.e,vɛðe,vɛðe
vɛð.u,vɛð.u,vɛðu,vɛðu
vɛð.o,vɛð.o,vɛðo,vɛðo
zɛm.i,zɛm.i,zɛmi,zɛmi
zɛm.e,zɛm.e,zɛme,zɛme
zɛm.u,zɛm.u,zɛmu,zɛmu
zɛm.o,zɛm.o,zɛmo,zɛmo
zɛn.i,zɛn.i,zɛni,zɛni
zɛn.e,zɛn.e,zɛne,zɛne
zɛn.u,zɛn.u,zɛnu,zɛnu
zɛn.o,zɛn.o,zɛno,zɛno
zɛŋ.i,zɛŋ.i,zɛŋi,zɛŋi
zɛŋ.e,zɛŋ.e,zɛŋe,zɛŋe
zɛŋ.u,zɛŋ.u,zɛŋu,zɛŋu
zɛŋ.o,zɛŋ.o,zɛŋo,zɛŋo
zɛp.i,zɛp.i,zɛpi,zɛpi
zɛp.e,zɛp.e,zɛpe,zɛpe
zɛp.u,zɛp.u,zɛpu,zɛpu
zɛp.o,zɛp.o,zɛpo,zɛpo
zɛt.i,zɛt.i,zɛti,zɛti
zɛt.e,zɛt.e,zɛte,zɛte
zɛt.u,zɛt.u,zɛtu,zɛtu
zɛt.o,zɛt.o,zɛto,zɛto
zɛk.i,zɛk.i,zɛki,zɛki
zɛk.e,zɛk.e,zɛke,zɛke
zɛk.u,zɛk.u,zɛku,zɛku
zɛk.o,zɛk.o,zɛko,zɛko
zɛb.i,zɛb.i,zɛbi,zɛbi
zɛb.e,zɛb.e,zɛbe,zɛbe
zɛb.u,zɛb.u,zɛbu,zɛbu
zɛb.o,zɛb.o,zɛbo,zɛbo
zɛd.i,zɛd.i,zɛdi,zɛdi
zɛd.e,zɛd.e,zɛde,zɛde
zɛd.u,zɛd.u,zɛdu,zɛdu
zɛd.o,zɛd.o,zɛdo,zɛdo
zɛg.i,zɛg.i,zɛgi,zɛgi
zɛg.e,zɛg.e,zɛge,zɛge
zɛg.u,zɛg.u,zɛgu,zɛgu
zɛg.o,zɛg.o,zɛgo,zɛgo
zɛf.i,zɛf.i,zɛfi,zɛfi
zɛf.e,zɛf.e,zɛfe,zɛfe
zɛf.u,zɛf.u,zɛfu,zɛfu
zɛf.o,zɛf.o,zɛfo,zɛfo
zɛs.i,zɛs.i,zɛsi,zɛsi
zɛs.e,zɛs.e,zɛse,zɛse
zɛs.u,zɛs.u,zɛsu,zɛsu
zɛs.o,zɛs.o,zɛso,zɛso
zɛv.i,zɛv.i,zɛvi,zɛvi
zɛv.e,zɛv.e,zɛve,zɛve
zɛv.u,zɛv.u,zɛvu,zɛvu
zɛv.o,zɛv.o,zɛvo,zɛvo
zɛz.i,zɛz.i,zɛzi,zɛzi
zɛz.e,zɛz.e,zɛze,zɛze
zɛz.u,zɛz.u,zɛzu,zɛzu
zɛz.o,zɛz.o,zɛzo,zɛzo
zɛʃ.i,zɛʃ.i,zɛʃi,zɛʃi
zɛʃ.e,zɛʃ.e,zɛʃe,zɛʃe
zɛʃ.u,zɛʃ.u,zɛʃu,zɛʃu
zɛʃ.o,zɛʃ.o,zɛʃo,zɛʃo
zɛʒ.i,zɛʒ.i,zɛʒi,zɛʒi
zɛʒ.e,zɛʒ.e,zɛʒe,zɛʒe
zɛʒ.u,zɛʒ.u,zɛʒu,zɛʒu
zɛʒ.o,zɛʒ.o,zɛʒo,zɛʒo
zɛθ.i,zɛθ.i,zɛθi,zɛθi
zɛθ.e,zɛθ.e,zɛθe,zɛθe
zɛθ.u,zɛθ.u,zɛθu,zɛθu
zɛθ.o,zɛθ.o,zɛθo,zɛθo
zɛð.i,zɛð.i,zɛði,zɛði
zɛð.e,zɛð.e,zɛðe,zɛðe
zɛð.u,zɛð.u,zɛðu,zɛðu
zɛð.o,zɛð.o,zɛðo,zɛðo
ʃɛm.i,ʃɛm.i,ʃɛmi,ʃɛmi
ʃɛm.e,ʃɛm.e,ʃɛme,ʃɛme
ʃɛm.u,ʃɛm.u,ʃɛmu,ʃɛmu
ʃɛm.o,ʃɛm.o,ʃɛmo,ʃɛmo
ʃɛn.i,ʃɛn.i,ʃɛni,ʃɛni
ʃɛn.e,ʃɛn.e,ʃɛne,ʃɛne
ʃɛn.u,ʃɛn.u,ʃɛnu,ʃɛnu
ʃɛn.o,ʃɛn.o,ʃɛno,ʃɛno
ʃɛŋ.i,ʃɛŋ.i,ʃɛŋi,ʃɛŋi
ʃɛŋ.e,ʃɛŋ.e,ʃɛŋe,ʃɛŋe
ʃɛŋ.u,ʃɛŋ.u,ʃɛŋu,ʃɛŋu
ʃɛŋ.o,ʃɛŋ.o,ʃɛŋo,ʃɛŋo
ʃɛp.i,ʃɛp.i,ʃɛpi,ʃɛpi
ʃɛp.e,ʃɛp.e,ʃɛpe,ʃɛpe
ʃɛp.u,ʃɛp.u,ʃɛpu,ʃɛpu
ʃɛp.o,ʃɛp.o,ʃɛpo,ʃɛpo
ʃɛt.i,ʃɛt.i,ʃɛti,ʃɛti
ʃɛt.e,ʃɛt.e,ʃɛte,ʃɛte
ʃɛt.u,ʃɛt.u,ʃɛtu,ʃɛtu
ʃɛt.o,ʃɛt.o,ʃɛto,ʃɛto
ʃɛk.i,ʃɛk.i,ʃɛki,ʃɛki
ʃɛk.e,ʃɛk.e,ʃɛke,ʃɛke
ʃɛk.u,ʃɛk.u,ʃɛku,ʃɛku
ʃɛk.o,ʃɛk.o,ʃɛko,ʃɛko
ʃɛb.i,ʃɛb.i,ʃɛbi,ʃɛbi
ʃɛb.e,ʃɛb.e,ʃɛbe,ʃɛbe
ʃɛb.u,ʃɛb.u,ʃɛbu,ʃɛbu
ʃɛb.o,ʃɛb.o,ʃɛbo,ʃɛbo
ʃɛd.i,ʃɛd.i,ʃɛdi,ʃɛdi
ʃɛd.e,ʃɛd.e,ʃɛde,ʃɛde
ʃɛd.u,ʃɛd.u,ʃɛdu,ʃɛdu
ʃɛd.o,ʃɛd.o,ʃɛdo,ʃɛdo
ʃɛg.i,ʃɛg.i,ʃɛgi,ʃɛgi
ʃɛg.e,ʃɛg.e,ʃɛge,ʃɛge
ʃɛg.u,ʃɛg.u,ʃɛgu,ʃɛgu
ʃɛg.o,ʃɛg.o,ʃɛgo,ʃɛgo
ʃɛf.i,ʃɛf.i,ʃɛfi,ʃɛfi
ʃɛf.e,ʃɛf.e,ʃɛfe,ʃɛfe
ʃɛf.u,ʃɛf.u,ʃɛfu,ʃɛfu
ʃɛf.o,ʃɛf.o,ʃɛfo,ʃɛfo
ʃɛs.i,ʃɛs.i,ʃɛsi,ʃɛsi
ʃɛs.e,ʃɛs.e,ʃɛse,ʃɛse
ʃɛs.u,ʃɛs.u,ʃɛsu,ʃɛsu
ʃɛs.o,ʃɛs.o,ʃɛso,ʃɛso
ʃɛv.i,ʃɛv.i,ʃɛvi,ʃɛvi
ʃɛv.e,ʃɛv.e,ʃɛve,ʃɛve
ʃɛv.u,ʃɛv.u,ʃɛvu,ʃɛvu
ʃɛv.o,ʃɛv.o,ʃɛvo,ʃɛvo
ʃɛz.i,ʃɛz.i,ʃɛzi,ʃɛzi
ʃɛz.e,ʃɛz.e,ʃɛze,ʃɛze
ʃɛz.u,ʃɛz.u,ʃɛzu,ʃɛzu
ʃɛz.o,ʃɛz.o,ʃɛzo,ʃɛzo
ʃɛʃ.i,ʃɛʃ.i,ʃɛʃi,ʃɛʃi
ʃɛʃ.e,ʃɛʃ.e,ʃɛʃe,ʃɛʃe
ʃɛʃ.u,ʃɛʃ.u,ʃɛʃu,ʃɛʃu
ʃɛʃ.o,ʃɛʃ.o,ʃɛʃo,ʃɛʃo
ʃɛʒ.i,ʃɛʒ.i,ʃɛʒi,ʃɛʒi
ʃɛʒ.e,ʃɛʒ.e,ʃɛʒe,ʃɛʒe
ʃɛʒ.u,ʃɛʒ.u,ʃɛʒu,ʃɛʒu
ʃɛʒ.o,ʃɛʒ.o,ʃɛʒo,ʃɛʒo
ʃɛθ.i,ʃɛθ.i,ʃɛθi,ʃɛθi
ʃɛθ.e,ʃɛθ.e,ʃɛθe,ʃɛθe
ʃɛθ.u,ʃɛθ.u,ʃɛθu,ʃɛθu
ʃɛθ.o,ʃɛθ.o,ʃɛθo,ʃɛθo
ʃɛð.i,ʃɛð.i,ʃɛði,ʃɛði
ʃɛð.e,ʃɛð.e,ʃɛðe,ʃɛðe
ʃɛð.u,ʃɛð.u,ʃɛðu,ʃɛðu
ʃɛð.o,ʃɛð.o,ʃɛðo,ʃɛðo
ʒɛm.i,ʒɛm.i,ʒɛmi,ʒɛmi
ʒɛm.e,ʒɛm.e,ʒɛme,ʒɛme
ʒɛm.u,ʒɛm.u,ʒɛmu,ʒɛmu
ʒɛm.o,ʒɛm.o,ʒɛmo,ʒɛmo
ʒɛn.i,ʒɛn.i,ʒɛni,ʒɛni
ʒɛn.e,ʒɛn.e,ʒɛne,ʒɛne
ʒɛn.u,ʒɛn.u,ʒɛnu,ʒɛnu
ʒɛn.o,ʒɛn.o,ʒɛno,ʒɛno
ʒɛŋ.i,ʒɛŋ.i,ʒɛŋi,ʒɛŋi
ʒɛŋ.e,ʒɛŋ.e,ʒɛŋe,ʒɛŋe
ʒɛŋ.u,ʒɛŋ.u,ʒɛŋu,ʒɛŋu
ʒɛŋ.o,ʒɛŋ.o,ʒɛŋo,ʒɛŋo
ʒɛp.i,ʒɛp.i,ʒɛpi,ʒɛpi
ʒɛp.e,ʒɛp.e,ʒɛpe,ʒɛpe
ʒɛp.u,ʒɛp.u,ʒɛpu,ʒɛpu
ʒɛp.o,ʒɛp.o,ʒɛpo,ʒɛpo
ʒɛt.i,ʒɛt.i,ʒɛti,ʒɛti
ʒɛt.e,ʒɛt.e,ʒɛte,ʒɛte
ʒɛt.u,ʒɛt.u,ʒɛtu,ʒɛtu
ʒɛt.o,ʒɛt.o,ʒɛto,ʒɛto
ʒɛk.i,ʒɛk.i,ʒɛki,ʒɛki
ʒɛk.e,ʒɛk.e,ʒɛke,ʒɛke
ʒɛk.u,ʒɛk.u,ʒɛku,ʒɛku
ʒɛk.o,ʒɛk.o,ʒɛko,ʒɛko
ʒɛb.i,ʒɛb.i,ʒɛbi,ʒɛbi
ʒɛb.e,ʒɛb.e,ʒɛbe,ʒɛbe
ʒɛb.u,ʒɛb.u,ʒɛbu,ʒɛbu
ʒɛb.o,ʒɛb.o,ʒɛbo,ʒɛbo
ʒɛd.i,ʒɛd.i,ʒɛdi,ʒɛdi
ʒɛd.e,ʒɛd.e,ʒɛde,ʒɛde
ʒɛd.u,ʒɛd.u,ʒɛdu,ʒɛdu
ʒɛd.o,ʒɛd.o,ʒɛdo,ʒɛdo
ʒɛg.i,ʒɛg.i,ʒɛgi,ʒɛgi
ʒɛg.e,ʒɛg.e,ʒɛge,ʒɛge
ʒɛg.u,ʒɛg.u,ʒɛgu,ʒɛgu
ʒɛg.o,ʒɛg.o,ʒɛgo,ʒɛgo
ʒɛf.i,ʒɛf.i,ʒɛfi,ʒɛfi
ʒɛf.e,ʒɛf.e,ʒɛfe,ʒɛfe
ʒɛf.u,ʒɛf.u,ʒɛfu,ʒɛfu
ʒɛf.o,ʒɛf.o,ʒɛfo,ʒɛfo
ʒɛs.i,ʒɛs.i,ʒɛsi,ʒɛsi
ʒɛs.e,ʒɛs.e,ʒɛse,ʒɛse
ʒɛs.u,ʒɛs.u,ʒɛsu,ʒɛsu
ʒɛs.o,ʒɛs.o,ʒɛso,ʒɛso
ʒɛv.i,ʒɛv.i,ʒɛvi,ʒɛvi
ʒɛv.e,ʒɛv.e,ʒɛve,ʒɛve
ʒɛv.u,ʒɛv.u,ʒɛvu,ʒɛvu
ʒɛv.o,ʒɛv.o,ʒɛvo,ʒɛvo
ʒɛz.i,ʒɛz.i,ʒɛzi,ʒɛzi
ʒɛz.e,ʒɛz.e,ʒɛze,ʒɛze
ʒɛz.u,ʒɛz.u,ʒɛzu,ʒɛzu
ʒɛz.o,ʒɛz.o,ʒɛzo,ʒɛzo
ʒɛʃ.i,ʒɛʃ.i,ʒɛʃi,ʒɛʃi
ʒɛʃ.e,ʒɛʃ.e,ʒɛʃe,ʒɛʃe
ʒɛʃ.u,ʒɛʃ.u,ʒɛʃu,ʒɛʃu
ʒɛʃ.o,ʒɛʃ.o,ʒɛʃo,ʒɛʃo
ʒɛʒ.i,ʒɛʒ.i,ʒɛʒi,ʒɛʒi
ʒɛʒ.e,ʒɛʒ.e,ʒɛʒe,ʒɛʒe
ʒɛʒ.u,ʒɛʒ.u,ʒɛʒu,ʒɛʒu
ʒɛʒ.o,ʒɛʒ.o,ʒɛʒo,ʒɛʒo
ʒɛθ.i,ʒɛθ.i,ʒɛθi,ʒɛθi
ʒɛθ.e,ʒɛθ.e,ʒɛθe,ʒɛθe
ʒɛθ.u,ʒɛθ.u,ʒɛθu,ʒɛθu
ʒɛθ.o,ʒɛθ.o,ʒɛθo,ʒɛθo
ʒɛð.i,ʒɛð.i,ʒɛði,ʒɛði
ʒɛð.e,ʒɛð.e,ʒɛðe,ʒɛðe
ʒɛð.u,ʒɛð.u,ʒɛðu,ʒɛðu
ʒɛð.o,ʒɛð.o,ʒɛðo,ʒɛðo
θɛm.i,θɛm.i,θɛmi,θɛmi
θɛm.e,θɛm.e,θɛme,θɛme
θɛm.u,θɛm.u,θɛmu,θɛmu
θɛm.o,θɛm.o,θɛmo,θɛmo
θɛn.i,θɛn.i,θɛni,θɛni
θɛn.e,θɛn.e,θɛne,θɛne
θɛn.u,θɛn.u,θɛnu,θɛnu
θɛn.o,θɛn.o,θɛno,θɛno
θɛŋ.i,θɛŋ.i,θɛŋi,θɛŋi
θɛŋ.e,θɛŋ.e,θɛŋe,θɛŋe
θɛŋ.u,θɛŋ.u,θɛŋu,θɛŋu
θɛŋ.o,θɛŋ.o,θɛŋo,θɛŋo
θɛp.i,θɛp.i,θɛpi,θɛpi
θɛp.e,θɛp.e,θɛpe,θɛpe
θɛp.u,θɛp.u,θɛpu,θɛpu
θɛp.o,θɛp.o,θɛpo,θɛpo
θɛt.i,θɛt.i,θɛti,θɛti
θɛt.e,θɛt.e,θɛte,θɛte
θɛt.u,θɛt.u,θɛtu,θɛtu
θɛt.o,θɛt.o,θɛto,θɛto
θɛk.i,θɛk.i,θɛki,θɛki
θɛk.e,θɛk.e,θɛke,θɛke
θɛk.u,θɛk.u,θɛku,θɛku
θɛk.o,θɛk.o,θɛko,θɛko
θɛb.i,θɛb.i,θɛbi,θɛbi
θɛb.e,θɛb.e,θɛbe,θɛbe
θɛb.u,θɛb.u,θɛbu,θɛbu
θɛb.o,θɛb.o,θɛbo,θɛbo
θɛd.i,θɛd.i,θɛdi,θɛdi
θɛd.e,θɛd.e,θɛde,θɛde
θɛd.u,θɛd.u,θɛdu,θɛdu
θɛd.o,θɛd.o,θɛdo,θɛdo
θɛg.i,θɛg.i,θɛgi,θɛgi
θɛg.e,θɛg.e,θɛge,θɛge
θɛg.u,θɛg.u,θɛgu,θɛgu
θɛg.o,θɛg.o,θɛgo,θɛgo
θɛf.i,θɛf.i,θɛfi,θɛfi
θɛf.e,θɛf.e,θɛfe,θɛfe
θɛf.u,θɛf.u,θɛfu,θɛfu
θɛf.o,θɛf.o,θɛfo,θɛfo
θɛs.i,θɛs.i,θɛsi,θɛsi
θɛs.e,θɛs.e,θɛse,θɛse
θɛs.u,θɛs.u,θɛsu,θɛsu
θɛs.o,θɛs.o,θɛso,θɛso
θɛv.i,θɛv.i,θɛvi,θɛvi
θɛv.e,θɛv.e,θɛve,θɛve
θɛv.u,θɛv.u,θɛvu,θɛvu
θɛv.o,θɛv.o,θɛvo,θɛvo
θɛz.i,θɛz.i,θɛzi,θɛzi
θɛz.e,θɛz.e,θɛze,θɛze
θɛz.u,θɛz.u,θɛzu,θɛzu
θɛz.o,θɛz.o,θɛzo,θɛzo
θɛʃ.i,θɛʃ.i,θɛʃi,θɛʃi
θɛʃ.e,θɛʃ.e,θɛʃe,θɛʃe
θɛʃ.u,θɛʃ.u,θɛʃu,θɛʃu
θɛʃ.o,θɛʃ.o,θɛʃo,θɛʃo
θɛʒ.i,θɛʒ.i,θɛʒi,θɛʒi
θɛʒ.e,θɛʒ.e,θɛʒe,θɛʒe
θɛʒ.u,θɛʒ.u,θɛʒu,θɛʒu
θɛʒ.o,θɛʒ.o,θɛʒo,θɛʒo
θɛθ.i,θɛθ.i,θɛθi,θɛθi
θɛθ.e,θɛθ.e,θɛθe,θɛθe
θɛθ.u,θɛθ.u,θɛθu,θɛθu
θɛθ.o,θɛθ.o,θɛθo,θɛθo
θɛð.i,θɛð.i,θɛði,θɛði
θɛð.e,θɛð.e,θɛðe,θɛðe
θɛð.u,θɛð.u,θɛðu,θɛðu
θɛð.o,θɛð.o,θɛðo,θɛðo
ðɛm.i,ðɛm.i,ðɛmi,ðɛmi
ðɛm.e,ðɛm.e,ðɛme,ðɛme
ðɛm.u,ðɛm.u,ðɛmu,ðɛmu
ðɛm.o,ðɛm.o,ðɛmo,ðɛmo
ðɛn.i,ðɛn.i,ðɛni,ðɛni
ðɛn.e,ðɛn.e,ðɛne,ðɛne
ðɛn.u,ðɛn.u,ðɛnu,ðɛnu
ðɛn.o,ðɛn.o,ðɛno,ðɛno
ðɛŋ.i,ðɛŋ.i,ðɛŋi,ðɛŋi
ðɛŋ.e,ðɛŋ.e,ðɛŋe,ðɛŋe
ðɛŋ.u,ðɛŋ.u,ðɛŋu,ðɛŋu
ðɛŋ.o,ðɛŋ.o,ðɛŋo,ðɛŋo
ðɛp.i,ðɛp.i,ðɛpi,ðɛpi
ðɛp.e,ðɛp.e,ðɛpe,ðɛpe
ðɛp.u,ðɛp.u,ðɛpu,ðɛpu
ðɛp.o,ðɛp.o,ðɛpo,ðɛpo
ðɛt.i,ðɛt.i,ðɛti,ðɛti
ðɛt.e,ðɛt.e,ðɛte,ðɛte
ðɛt.u,ðɛt.u,ðɛtu,ðɛtu
ðɛt.o,ðɛt.o,ðɛto,ðɛto
ðɛk.i,ðɛk.i,ðɛki,ðɛki
ðɛk.e,ðɛk.e,ðɛke,ðɛke
ðɛk.u,ðɛk.u,ðɛku,ðɛku
ðɛk.o,ðɛk.o,ðɛko,ðɛko
ðɛb.i,ðɛb.i,ðɛbi,ðɛbi
ðɛb.e,ðɛb.e,ðɛbe,ðɛbe
ðɛb.u,ðɛb.u,ðɛbu,ðɛbu
ðɛb.o,ðɛb.o,ðɛbo,ðɛbo
ðɛd.i,ðɛd.i,ðɛdi,ðɛdi
ðɛd.e,ðɛd.e,ðɛde,ðɛde
ðɛd.u,ðɛd.u,ðɛdu,ðɛdu
ðɛd.o,ðɛd.o,ðɛdo,ðɛdo
ðɛg.i,ðɛg.i,ðɛgi,ðɛgi
ðɛg.e,ðɛg.e,ðɛge,ðɛge
ðɛg.u,ðɛg.u,ðɛgu,ðɛgu
ðɛg.o,ðɛg.o,ðɛgo,ðɛgo
ðɛf.i,ðɛf.i,ðɛfi,ðɛfi
ðɛf.e,ðɛf.e,ðɛfe,ðɛfe
ðɛf.u,ðɛf.u,ðɛfu,ðɛfu
ðɛf.o,ðɛf.o,ðɛfo,ðɛfo
ðɛs.i,ðɛs.i,ðɛsi,ðɛsi
ðɛs.e,ðɛs.e,ðɛse,ðɛse
ðɛs.u,ðɛs.u,ðɛsu,ðɛsu
ðɛs.o,ðɛs.o,ðɛso,ðɛso
ðɛv.i,ðɛv.i,ðɛvi,ðɛvi
ðɛv.e,ðɛv.e,ðɛve,ðɛve
ðɛv.u,ðɛv.u,ðɛvu,ðɛvu
ðɛv.o,ðɛv.o,ðɛvo,ðɛvo
ðɛz.i,ðɛz.i,ðɛzi,ðɛzi
ðɛz.e,ðɛz.e,ðɛze,ðɛze
ðɛz.u,ðɛz.u,ðɛzu,ðɛzu
ðɛz.o,ðɛz.o,ðɛzo,ðɛzo
ðɛʃ.i,ðɛʃ.i,ðɛʃi,ðɛʃi
ðɛʃ.e,ðɛʃ.e,ðɛʃe,ðɛʃe
ðɛʃ.u,ðɛʃ.u,ðɛʃu,ðɛʃu
ðɛʃ.o,ðɛʃ.o,ðɛʃo,ðɛʃo
ðɛʒ.i,ðɛʒ.i,ðɛʒi,ðɛʒi
ðɛʒ.e,ðɛʒ.e,ðɛʒe,ðɛʒe
ðɛʒ.u,ðɛʒ.u,ðɛʒu,ðɛʒu
ðɛʒ.o,ðɛʒ.o,ðɛʒo,ðɛʒo
ðɛθ.i,ðɛθ.i,ðɛθi,ðɛθi
ðɛθ.e,ðɛθ.e,ðɛθe,ðɛθe
ðɛθ.u,ðɛθ.u,ðɛθu,ðɛθu
ðɛθ.o,ðɛθ.o,ðɛθo,ðɛθo
ðɛð.i,ðɛð.i,ðɛði,ðɛði
ðɛð.e,ðɛð.e,ðɛðe,ðɛðe
ðɛð.u,ðɛð.u,ðɛðu,ðɛðu
ðɛð.o,ðɛð.o,ðɛðo,ðɛðo
hɛm.i,hɛm.i,hɛmi,hɛmi
hɛm.e,hɛm.e,hɛme,hɛme
hɛm.u,hɛm.u,hɛmu,hɛmu
hɛm.o,hɛm.o,hɛmo,hɛmo
hɛn.i,hɛn.i,hɛni,hɛni
hɛn.e,hɛn.e,hɛne,hɛne
hɛn.u,hɛn.u,hɛnu,hɛnu
hɛn.o,hɛn.o,hɛno,hɛno
hɛŋ.i,hɛŋ.i,hɛŋi,hɛŋi
hɛŋ.e,hɛŋ.e,hɛŋe,hɛŋe
hɛŋ.u,hɛŋ.u,hɛŋu,hɛŋu
hɛŋ.o,hɛŋ.o,hɛŋo,hɛŋo
hɛp.i,hɛp.i,hɛpi,hɛpi
hɛp.e,hɛp.e,hɛpe,hɛpe
hɛp.u,hɛp.u,hɛpu,hɛpu
hɛp.o,hɛp.o,hɛpo,hɛpo
hɛt.i,hɛt.i,hɛti,hɛti
hɛt.e,hɛt.e,hɛte,hɛte
hɛt.u,hɛt.u,hɛtu,hɛtu
hɛt.o,hɛt.o,hɛto,hɛto
hɛk.i,hɛk.i,hɛki,hɛki
hɛk.e,hɛk.e,hɛke,hɛke
hɛk.u,hɛk.u,hɛku,hɛku
hɛk.o,hɛk.o,hɛko,hɛko
hɛb.i,hɛb.i,hɛbi,hɛbi
hɛb.e,hɛb.e,hɛbe,hɛbe
hɛb.u,hɛb.u,hɛbu,hɛbu
hɛb.o,hɛb.o,hɛbo,hɛbo
hɛd.i,hɛd.i,hɛdi,hɛdi
hɛd.e,hɛd.e,hɛde,hɛde
hɛd.u,hɛd.u,hɛdu,hɛdu
hɛd.o,hɛd.o,hɛdo,hɛdo
hɛg.i,hɛg.i,hɛgi,hɛgi
hɛg.e,hɛg.e,hɛge,hɛge
hɛg.u,hɛg.u,hɛgu,hɛgu
hɛg.o,hɛg.o,hɛgo,hɛgo
hɛf.i,hɛf.i,hɛfi,hɛfi
hɛf.e,hɛf.e,hɛfe,hɛfe
hɛf.u,hɛf.u,hɛfu,hɛfu
hɛf.o,hɛf.o,hɛfo,hɛfo
hɛs.i,hɛs.i,hɛsi,hɛsi
hɛs.e,hɛs.e,hɛse,hɛse
hɛs.u,hɛs.u,hɛsu,hɛsu
hɛs.o,hɛs.o,hɛso,hɛso
hɛv.i,hɛv.i,hɛvi,hɛvi
hɛv.e,hɛv.e,hɛve,hɛve
hɛv.u,hɛv.u,hɛvu,hɛvu
hɛv.o,hɛv.o,hɛvo,hɛvo
hɛz.i,hɛz.i,hɛzi,hɛzi
hɛz.e,hɛz.e,hɛze,hɛze
hɛz.u,hɛz.u,hɛzu,hɛzu
hɛz.o,hɛz.o,hɛzo,hɛzo
hɛʃ.i,hɛʃ.i,hɛʃi,hɛʃi
hɛʃ.e,hɛʃ.e,hɛʃe,hɛʃe
hɛʃ.u,hɛʃ.u,hɛʃu,hɛʃu
hɛʃ.o,hɛʃ.o,hɛʃo,hɛʃo
hɛʒ.i,hɛʒ.i,hɛʒi,hɛʒi
hɛʒ.e,hɛʒ.e,hɛʒe,hɛʒe
hɛʒ.u,hɛʒ.u,hɛʒu,hɛʒu
hɛʒ.o,hɛʒ.o,hɛʒo,hɛʒo
hɛθ.i,hɛθ.i,hɛθi,hɛθi
hɛθ.e,hɛθ.e,hɛθe,hɛθe
hɛθ.u,hɛθ.u,hɛθu,hɛθu
hɛθ.o,hɛθ.o,hɛθo,hɛθo
hɛð.i,hɛð.i,hɛði,hɛði
hɛð.e,hɛð.e,hɛðe,hɛðe
hɛð.u,hɛð.u,hɛðu,hɛðu
hɛð.o,hɛð.o,hɛðo,hɛðo
mʊm.i,mʊm.i,mʊmi,mʊmi
mʊm.e,mʊm.e,mʊme,mʊme
mʊm.u,mʊm.u,mʊmu,mʊmu
mʊm.o,mʊm.o,mʊmo,mʊmo
mʊn.i,mʊn.i,mʊni,mʊni
mʊn.e,mʊn.e,mʊne,mʊne
mʊn.u,mʊn.u,mʊnu,mʊnu
mʊn.o,mʊn.o,mʊno,mʊno
mʊŋ.i,mʊŋ.i,mʊŋi,mʊŋi
mʊŋ.e,mʊŋ.e,mʊŋe,mʊŋe
mʊŋ.u,mʊŋ.u,mʊŋu,mʊŋu
mʊŋ.o,mʊŋ.o,mʊŋo,mʊŋo
mʊp.i,mʊp.i,mʊpi,mʊpi
mʊp.e,mʊp.e,mʊpe,mʊpe
mʊp.u,mʊp.u,mʊpu,mʊpu
mʊp.o,mʊp.o,mʊpo,mʊpo
mʊt.i,mʊt.i,mʊti,mʊti
mʊt.e,mʊt.e,mʊte,mʊte
mʊt.u,mʊt.u,mʊtu,mʊtu
mʊt.o,mʊt.o,mʊto,mʊto
mʊk.i,mʊk.i,mʊki,mʊki
mʊk.e,mʊk.e,mʊke,mʊke
mʊk.u,mʊk.u,mʊku,mʊku
mʊk.o,mʊk.o,mʊko,mʊko
mʊb.i,mʊb.i,mʊbi,mʊbi
mʊb.e,mʊb.e,mʊbe,mʊbe
mʊb.u,mʊb.u,mʊbu,mʊbu
mʊb.o,mʊb.o,mʊbo,mʊbo
mʊd.i,mʊd.i,mʊdi,mʊdi
mʊd.e,mʊd.e,mʊde,mʊde
mʊd.u,mʊd.u,mʊdu,mʊdu
mʊd.o,mʊd.o,mʊdo,mʊdo
mʊg.i,mʊg.i,mʊgi,mʊgi
mʊg.e,mʊg.e,mʊge,mʊge
mʊg.u,mʊg.u,mʊgu,mʊgu
mʊg.o,mʊg.o,mʊgo,mʊgo
mʊf.i,mʊf.i,mʊfi,mʊfi
mʊf.e,mʊf.e,mʊfe,mʊfe
mʊf.u,mʊf.u,mʊfu,mʊfu
mʊf.o,mʊf.o,mʊfo,mʊfo
mʊs.i,mʊs.i,mʊsi,mʊsi
mʊs.e,mʊs.e,mʊse,mʊse
mʊs.u,mʊs.u,mʊsu,mʊsu
mʊs.o,mʊs.o,mʊso,mʊso
mʊv.i,mʊv.i,mʊvi,mʊvi
mʊv.e,mʊv.e,mʊve,mʊve
mʊv.u,mʊv.u,mʊvu,mʊvu
mʊv.o,mʊv.o,mʊvo,mʊvo
mʊz.i,mʊz.i,mʊzi,mʊzi
mʊz.e,mʊz.e,mʊze,mʊze
mʊz.u,mʊz.u,mʊzu,mʊzu
mʊz.o,mʊz.o,mʊzo,mʊzo
mʊʃ.i,mʊʃ.i,mʊʃi,mʊʃi
mʊʃ.e,mʊʃ.e,mʊʃe,mʊʃe
mʊʃ.u,mʊʃ.u,mʊʃu,mʊʃu
mʊʃ.o,mʊʃ.o,mʊʃo,mʊʃo
mʊʒ.i,mʊʒ.i,mʊʒi,mʊʒi
mʊʒ.e,mʊʒ.e,mʊʒe,mʊʒe
mʊʒ.u,mʊʒ.u,mʊʒu,mʊʒu
mʊʒ.o,mʊʒ.o,mʊʒo,mʊʒo
mʊθ.i,mʊθ.i,mʊθi,mʊθi
mʊθ.e,mʊθ.e,mʊθe,mʊθe
mʊθ.u,mʊθ.u,mʊθu,mʊθu
mʊθ.o,mʊθ.o,mʊθo,mʊθo
mʊð.i,mʊð.i,mʊði,mʊði
mʊð.e,mʊð.e,mʊðe,mʊðe
mʊð.u,mʊð.u,mʊðu,mʊðu
mʊð.o,mʊð.o,mʊðo,mʊðo
nʊm.i,nʊm.i,nʊmi,nʊmi
nʊm.e,nʊm.e,nʊme,nʊme
nʊm.u,nʊm.u,nʊmu,nʊmu
nʊm.o,nʊm.o,nʊmo,nʊmo
nʊn.i,nʊn.i,nʊni,nʊni
nʊn.e,nʊn.e,nʊne,nʊne
nʊn.u,nʊn.u,nʊnu,nʊnu
nʊn.o,nʊn.o,nʊno,nʊno
nʊŋ.i,nʊŋ.i,nʊŋi,nʊŋi
nʊŋ.e,nʊŋ.e,nʊŋe,nʊŋe
nʊŋ.u,nʊŋ.u,nʊŋu,nʊŋu
nʊŋ.o,nʊŋ.o,nʊŋo,nʊŋo
nʊp.i,nʊp.i,nʊpi,nʊpi
nʊp.e,nʊp.e,nʊpe,nʊpe
nʊp.u,nʊp.u,nʊpu,nʊpu
nʊp.o,nʊp.o,nʊpo,nʊpo
nʊt.i,nʊt.i,nʊti,nʊti
nʊt.e,nʊt.e,nʊte,nʊte
nʊt.u,nʊt.u,nʊtu,nʊtu
nʊt.o,nʊt.o,nʊto,nʊto
nʊk.i,nʊk.i,nʊki,nʊki
nʊk.e,nʊk.e,nʊke,nʊke
nʊk.u,nʊk.u,nʊku,nʊku
nʊk.o,nʊk.o,nʊko,nʊko
nʊb.i,nʊb.i,nʊbi,nʊbi
nʊb.e,nʊb.e,nʊbe,nʊbe
nʊb.u,nʊb.u,nʊbu,nʊbu
nʊb.o,nʊb.o,nʊbo,nʊbo
nʊd.i,nʊd.i,nʊdi,nʊdi
nʊd.e,nʊd.e,nʊde,nʊde
nʊd.u,nʊd.u,nʊdu,nʊdu
nʊd.o,nʊd.o,nʊdo,nʊdo
nʊg.i,nʊg.i,nʊgi,nʊgi
nʊg.e,nʊg.e,nʊge,nʊge
nʊg.u,nʊg.u,nʊgu,nʊgu
nʊg.o,nʊg.o,nʊgo,nʊgo
nʊf.i,nʊf.i,nʊfi,nʊfi
nʊf.e,nʊf.e,nʊfe,nʊfe
nʊf.u,nʊf.u,nʊfu,nʊfu
nʊf.o,nʊf.o,nʊfo,nʊfo
nʊs.i,nʊs.i,nʊsi,nʊsi
nʊs.e,nʊs.e,nʊse,nʊse
nʊs.u,nʊs.u,nʊsu,nʊsu
nʊs.o,nʊs.o,nʊso,nʊso
nʊv.i,nʊv.i,nʊvi,nʊvi
nʊv.e,nʊv.e,nʊve,nʊve
nʊv.u,nʊv.u,nʊvu,nʊvu
nʊv.o,nʊv.o,nʊvo,nʊvo
nʊz.i,nʊz.i,nʊzi,nʊzi
nʊz.e,nʊz.e,nʊze,nʊze
nʊz.u,nʊz.u,nʊzu,nʊzu
nʊz.o,nʊz.o,nʊzo,nʊzo
nʊʃ.i,nʊʃ.i,nʊʃi,nʊʃi
nʊʃ.e,nʊʃ.e,nʊʃe,nʊʃe
nʊʃ.u,nʊʃ.u,nʊʃu,nʊʃu
nʊʃ.o,nʊʃ.o,nʊʃo,nʊʃo
nʊʒ.i,nʊʒ.i,nʊʒi,nʊʒi
nʊʒ.e,nʊʒ.e,nʊʒe,nʊʒe
nʊʒ.u,nʊʒ.u,nʊʒu,nʊʒu
nʊʒ.o,nʊʒ.o,nʊʒo,nʊʒo
nʊθ.i,nʊθ.i,nʊθi,nʊθi
nʊθ.e,nʊθ.e,nʊθe,nʊθe
nʊθ.u,nʊθ.u,nʊθu,nʊθu
nʊθ.o,nʊθ.o,nʊθo,nʊθo
nʊð.i,nʊð.i,nʊði,nʊði
nʊð.e,nʊð.e,nʊðe,nʊðe
nʊð.u,nʊð.u,nʊðu,nʊðu
nʊð.o,nʊð.o,nʊðo,nʊðo
pʊm.i,pʊm.i,pʊmi,pʊmi
pʊm.e,pʊm.e,pʊme,pʊme
pʊm.u,pʊm.u,pʊmu,pʊmu
pʊm.o,pʊm.o,pʊmo,pʊmo
pʊn.i,pʊn.i,pʊni,pʊni
pʊn.e,pʊn.e,pʊne,pʊne
pʊn.u,pʊn.u,pʊnu,pʊnu
pʊn.o,pʊn.o,pʊno,pʊno
pʊŋ.i,pʊŋ.i,pʊŋi,pʊŋi
pʊŋ.e,pʊŋ.e,pʊŋe,pʊŋe
pʊŋ.u,pʊŋ.u,pʊŋu,pʊŋu
pʊŋ.o,pʊŋ.o,pʊŋo,pʊŋo
pʊp.i,pʊp.i,pʊpi,pʊpi
pʊp.e,pʊp.e,pʊpe,pʊpe
pʊp.u,pʊp.u,pʊpu,pʊpu
pʊp.o,pʊp.o,pʊpo,pʊpo
pʊt.i,pʊt.i,pʊti,pʊti
pʊt.e,pʊt.e,pʊte,pʊte
pʊt.u,pʊt.u,pʊtu,pʊtu
pʊt.o,pʊt.o,pʊto,pʊto
pʊk.i,pʊk.i,pʊki,pʊki
pʊk.e,pʊk.e,pʊke,pʊke
pʊk.u,pʊk.u,pʊku,pʊku
pʊk.o,pʊk.o,pʊko,pʊko
pʊb.i,pʊb.i,pʊbi,pʊbi
pʊb.e,pʊb.e,pʊbe,pʊbe
pʊb.u,pʊb.u,pʊbu,pʊbu
pʊb.o,pʊb.o,pʊbo,pʊbo
pʊd.i,pʊd.i,pʊdi,pʊdi
pʊd.e,pʊd.e,pʊde,pʊde
pʊd.u,pʊd.u,pʊdu,pʊdu
pʊd.o,pʊd.o,pʊdo,pʊdo
pʊg.i,pʊg.i,pʊgi,pʊgi
pʊg.e,pʊg.e,pʊge,pʊge
pʊg.u,pʊg.u,pʊgu,pʊgu
pʊg.o,pʊg.o,pʊgo,pʊgo
pʊf.i,pʊf.i,pʊfi,pʊfi
pʊf.e,pʊf.e,pʊfe,pʊfe
pʊf.u,pʊf.u,pʊfu,pʊfu
pʊf.o,pʊf.o,pʊfo,pʊfo
pʊs.i,pʊs.i,pʊsi,pʊsi
pʊs.e,pʊs.e,pʊse,pʊse
pʊs.u,pʊs.u,pʊsu,pʊsu
pʊs.o,pʊs.o,pʊso,pʊso
pʊv.i,pʊv.i,pʊvi,pʊvi
pʊv.e,pʊv.e,pʊve,pʊve
pʊv.u,pʊv.u,pʊvu,pʊvu
pʊv.o,pʊv.o,pʊvo,pʊvo
pʊz.i,pʊz.i,pʊzi,pʊzi
pʊz.e,pʊz.e,pʊze,pʊze
pʊz.u,pʊz.u,pʊzu,pʊzu
pʊz.o,pʊz.o,pʊzo,pʊzo
pʊʃ.i,pʊʃ.i,pʊʃi,pʊʃi
pʊʃ.e,pʊʃ.e,pʊʃe,pʊʃe
pʊʃ.u,pʊʃ.u,pʊʃu,pʊʃu
pʊʃ.o,pʊʃ.o,pʊʃo,pʊʃo
pʊʒ.i,pʊʒ.i,pʊʒi,pʊʒi
pʊʒ.e,pʊʒ.e,pʊʒe,pʊʒe
pʊʒ.u,pʊʒ.u,pʊʒu,pʊʒu
pʊʒ.o,pʊʒ.o,pʊʒo,pʊʒo
pʊθ.i,pʊθ.i,pʊθi,pʊθi
pʊθ.e,pʊθ.e,pʊθe,pʊθe
pʊθ.u,pʊθ.u,pʊθu,pʊθu
pʊθ.o,pʊθ.o,pʊθo,pʊθo
pʊð.i,pʊð.i,pʊði,pʊði
pʊð.e,pʊð.e,pʊðe,pʊðe
pʊð.u,pʊð.u,pʊðu,pʊðu
pʊð.o,pʊð.o,pʊðo,pʊðo
tʊm.i,tʊm.i,tʊmi,tʊmi
tʊm.e,tʊm.e,tʊme,tʊme
tʊm.u,tʊm.u,tʊmu,tʊmu
tʊm.o,tʊm.o,tʊmo,tʊmo
tʊn.i,tʊn.i,tʊni,tʊni
tʊn.e,tʊn.e,tʊne,tʊne
tʊn.u,tʊn.u,tʊnu,tʊnu
tʊn.o,tʊn.o,tʊno,tʊno
tʊŋ.i,tʊŋ.i,tʊŋi,tʊŋi
tʊŋ.e,tʊŋ.e,tʊŋe,tʊŋe
tʊŋ.u,tʊŋ.u,tʊŋu,tʊŋu
tʊŋ.o,tʊŋ.o,tʊŋo,tʊŋo
tʊp.i,tʊp.i,tʊpi,tʊpi
tʊp.e,tʊp.e,tʊpe,tʊpe
tʊp.u,tʊp.u,tʊpu,tʊpu
tʊp.o,tʊp.o,tʊpo,tʊpo
tʊt.i,tʊt.i,tʊti,tʊti
tʊt.e,tʊt.e,tʊte,tʊte
tʊt.u,tʊt.u,tʊtu,tʊtu
tʊt.o,tʊt.o,tʊto,tʊto
tʊk.i,tʊk.i,tʊki,tʊki
tʊk.e,tʊk.e,tʊke,tʊke
tʊk.u,tʊk.u,tʊku,tʊku
tʊk.o,tʊk.o,tʊko,tʊko
tʊb.i,tʊb.i,tʊbi,tʊbi
tʊb.e,tʊb.e,tʊbe,tʊbe
tʊb.u,tʊb.u,tʊbu,tʊbu
tʊb.o,tʊb.o,tʊbo,tʊbo
tʊd.i,tʊd.i,tʊdi,tʊdi
tʊd.e,tʊd.e,tʊde,tʊde
tʊd.u,tʊd.u,tʊdu,tʊdu
tʊd.o,tʊd.o,tʊdo,tʊdo
tʊg.i,tʊg.i,tʊgi,tʊgi
tʊg.e,tʊg.e,tʊge,tʊge
tʊg.u,tʊg.u,tʊgu,tʊgu
tʊg.o,tʊg.o,tʊgo,tʊgo
tʊf.i,tʊf.i,tʊfi,tʊfi
tʊf.e,tʊf.e,tʊfe,tʊfe
tʊf.u,tʊf.u,tʊfu,tʊfu
tʊf.o,tʊf.o,tʊfo,tʊfo
tʊs.i,tʊs.i,tʊsi,tʊsi
tʊs.e,tʊs.e,tʊse,tʊse
tʊs.u,tʊs.u,tʊsu,tʊsu
tʊs.o,tʊs.o,tʊso,tʊso
tʊv.i,tʊv.i,tʊvi,tʊvi
tʊv.e,tʊv.e,tʊve,tʊve
tʊv.u,tʊv.u,tʊvu,tʊvu
tʊv.o,tʊv.o,tʊvo,tʊvo
tʊz.i,tʊz.i,tʊzi,tʊzi
tʊz.e,tʊz.e,tʊze,tʊze
tʊz.u,tʊz.u,tʊzu,tʊzu
tʊz.o,tʊz.o,tʊzo,tʊzo
tʊʃ.i,tʊʃ.i,tʊʃi,tʊʃi
tʊʃ.e,tʊʃ.e,tʊʃe,tʊʃe
tʊʃ.u,tʊʃ.u,tʊʃu,tʊʃu
tʊʃ.o,tʊʃ.o,tʊʃo,tʊʃo
tʊʒ.i,tʊʒ.i,tʊʒi,tʊʒi
tʊʒ.e,tʊʒ.e,tʊʒe,tʊʒe
tʊʒ.u,tʊʒ.u,tʊʒu,tʊʒu
tʊʒ.o,tʊʒ.o,tʊʒo,tʊʒo
tʊθ.i,tʊθ.i,tʊθi,tʊθi
tʊθ.e,tʊθ.e,tʊθe,tʊθe
tʊθ.u,tʊθ.u,tʊθu,tʊθu
tʊθ.o,tʊθ.o,tʊθo,tʊθo
tʊð.i,tʊð.i,tʊði,tʊði
tʊð.e,tʊð.e,tʊðe,tʊðe
tʊð.u,tʊð.u,tʊðu,tʊðu
tʊð.o,tʊð.o,tʊðo,tʊðo
kʊm.i,kʊm.i,kʊmi,kʊmi
kʊm.e,kʊm.e,kʊme,kʊme
kʊm.u,kʊm.u,kʊmu,kʊmu
kʊm.o,kʊm.o,kʊmo,kʊmo
kʊn.i,kʊn.i,kʊni,kʊni
kʊn.e,kʊn.e,kʊne,kʊne
kʊn.u,kʊn.u,kʊnu,kʊnu
kʊn.o,kʊn.o,kʊno,kʊno
kʊŋ.i,kʊŋ.i,kʊŋi,kʊŋi
kʊŋ.e,kʊŋ.e,kʊŋe,kʊŋe
kʊŋ.u,kʊŋ.u,kʊŋu,kʊŋu
kʊŋ.o,kʊŋ.o,kʊŋo,kʊŋo
kʊp.i,kʊp.i,kʊpi,kʊpi
kʊp.e,kʊp.e,kʊpe,kʊpe
kʊp.u,kʊp.u,kʊpu,kʊpu
kʊp.o,kʊp.o,kʊpo,kʊpo
kʊt.i,kʊt.i,kʊti,kʊti
kʊt.e,kʊt.e,kʊte,kʊte
kʊt.u,kʊt.u,kʊtu,kʊtu
kʊt.o,kʊt.o,kʊto,kʊto
kʊk.i,kʊk.i,kʊki,kʊki
kʊk.e,kʊk.e,kʊke,kʊke
kʊk.u,kʊk.u,kʊku,kʊku
kʊk.o,kʊk.o,kʊko,kʊko
kʊb.i,kʊb.i,kʊbi,kʊbi
kʊb.e,kʊb.e,kʊbe,kʊbe
kʊb.u,kʊb.u,kʊbu,kʊbu
kʊb.o,kʊb.o,kʊbo,kʊbo
kʊd.i,kʊd.i,kʊdi,kʊdi
kʊd.e,kʊd.e,kʊde,kʊde
kʊd.u,kʊd.u,kʊdu,kʊdu
kʊd.o,kʊd.o,kʊdo,kʊdo
kʊg.i,kʊg.i,kʊgi,kʊgi
kʊg.e,kʊg.e,kʊge,kʊge
kʊg.u,kʊg.u,kʊgu,kʊgu
kʊg.o,kʊg.o,kʊgo,kʊgo
kʊf.i,kʊf.i,kʊfi,kʊfi
kʊf.e,kʊf.e,kʊfe,kʊfe
kʊf.u,kʊf.u,kʊfu,kʊfu
kʊf.o,kʊf.o,kʊfo,kʊfo
kʊs.i,kʊs.i,kʊsi,kʊsi
kʊs.e,kʊs.e,kʊse,kʊse
kʊs.u,kʊs.u,kʊsu,kʊsu
kʊs.o,kʊs.o,kʊso,kʊso
kʊv.i,kʊv.i,kʊvi,kʊvi
kʊv.e,kʊv.e,kʊve,kʊve
kʊv.u,kʊv.u,kʊvu,kʊvu
kʊv.o,kʊv.o,kʊvo,kʊvo
kʊz.i,kʊz.i,kʊzi,kʊzi
kʊz.e,kʊz.e,kʊze,kʊze
kʊz.u,kʊz.u,kʊzu,kʊzu
kʊz.o,kʊz.o,kʊzo,kʊzo
kʊʃ.i,kʊʃ.i,kʊʃi,kʊʃi
kʊʃ.e,kʊʃ.e,kʊʃe,kʊʃe
kʊʃ.u,kʊʃ.u,kʊʃu,kʊʃu
kʊʃ.o,kʊʃ.o,kʊʃo,kʊʃo
kʊʒ.i,kʊʒ.i,kʊʒi,kʊʒi
kʊʒ.e,kʊʒ.e,kʊʒe,kʊʒe
kʊʒ.u,kʊʒ.u,kʊʒu,kʊʒu
kʊʒ.o,kʊʒ.o,kʊʒo,kʊʒo
kʊθ.i,kʊθ.i,kʊθi,kʊθi
kʊθ.e,kʊθ.e,kʊθe,kʊθe
kʊθ.u,kʊθ.u,kʊθu,kʊθu
kʊθ.o,kʊθ.o,kʊθo,kʊθo
kʊð.i,kʊð.i,kʊði,kʊði
kʊð.e,kʊð.e,kʊðe,kʊðe
kʊð.u,kʊð.u,kʊðu,kʊðu
kʊð.o,kʊð.o,kʊðo,kʊðo
bʊm.i,bʊm.i,bʊmi,bʊmi
bʊm.e,bʊm.e,bʊme,bʊme
bʊm.u,bʊm.u,bʊmu,bʊmu
bʊm.o,bʊm.o,bʊmo,bʊmo
bʊn.i,bʊn.i,bʊni,bʊni
bʊn.e,bʊn.e,bʊne,bʊne
bʊn.u,bʊn.u,bʊnu,bʊnu
bʊn.o,bʊn.o,bʊno,bʊno
bʊŋ.i,bʊŋ.i,bʊŋi,bʊŋi
bʊŋ.e,bʊŋ.e,bʊŋe,bʊŋe
bʊŋ.u,bʊŋ.u,bʊŋu,bʊŋu
bʊŋ.o,bʊŋ.o,bʊŋo,bʊŋo
bʊp.i,bʊp.i,bʊpi,bʊpi
bʊp.e,bʊp.e,bʊpe,bʊpe
bʊp.u,bʊp.u,bʊpu,bʊpu
bʊp.o,bʊp.o,bʊpo,bʊpo
bʊt.i,bʊt.i,bʊti,bʊti
bʊt.e,bʊt.e,bʊte,bʊte
bʊt.u,bʊt.u,bʊtu,bʊtu
bʊt.o,bʊt.o,bʊto,bʊto
bʊk.i,bʊk.i,bʊki,bʊki
bʊk.e,bʊk.e,bʊke,bʊke
bʊk.u,bʊk.u,bʊku,bʊku
bʊk.o,bʊk.o,bʊko,bʊko
bʊb.i,bʊb.i,bʊbi,bʊbi
bʊb.e,bʊb.e,bʊbe,bʊbe
bʊb.u,bʊb.u,bʊbu,bʊbu
bʊb.o,bʊb.o,bʊbo,bʊbo
bʊd.i,bʊd.i,bʊdi,bʊdi
bʊd.e,bʊd.e,bʊde,bʊde
bʊd.u,bʊd.u,bʊdu,bʊdu
bʊd.o,bʊd.o,bʊdo,bʊdo
bʊg.i,bʊg.i,bʊgi,bʊgi
bʊg.e,bʊg.e,bʊge,bʊge
bʊg.u,bʊg.u,bʊgu,bʊgu
bʊg.o,bʊg.o,bʊgo,bʊgo
bʊf.i,bʊf.i,bʊfi,bʊfi
bʊf.e,bʊf.e,bʊfe,bʊfe
bʊf.u,bʊf.u,bʊfu,bʊfu
bʊf.o,bʊf.o,bʊfo,bʊfo
bʊs.i,bʊs.i,bʊsi,bʊsi
bʊs.e,bʊs.e,bʊse,bʊse
bʊs.u,bʊs.u,bʊsu,bʊsu
bʊs.o,bʊs.o,bʊso,bʊso
bʊv.i,bʊv.i,bʊvi,bʊvi
bʊv.e,bʊv.e,bʊve,bʊve
bʊv.u,bʊv.u,bʊvu,bʊvu
bʊv.o,bʊv.o,bʊvo,bʊvo
bʊz.i,bʊz.i,bʊzi,bʊzi
bʊz.e,bʊz.e,bʊze,bʊze
bʊz.u,bʊz.u,bʊzu,bʊzu
bʊz.o,bʊz.o,bʊzo,bʊzo
bʊʃ.i,bʊʃ.i,bʊʃi,bʊʃi
bʊʃ.e,bʊʃ.e,bʊʃe,bʊʃe
bʊʃ.u,bʊʃ.u,bʊʃu,bʊʃu
bʊʃ.o,bʊʃ.o,bʊʃo,bʊʃo
bʊʒ.i,bʊʒ.i,bʊʒi,bʊʒi
bʊʒ.e,bʊʒ.e,bʊʒe,bʊʒe
bʊʒ.u,bʊʒ.u,bʊʒu,bʊʒu
bʊʒ.o,bʊʒ.o,bʊʒo,bʊʒo
bʊθ.i,bʊθ.i,bʊθi,bʊθi
bʊθ.e,bʊθ.e,bʊθe,bʊθe
bʊθ.u,bʊθ.u,bʊθu,bʊθu
bʊθ.o,bʊθ.o,bʊθo,bʊθo
bʊð.i,bʊð.i,bʊði,bʊði
bʊð.e,bʊð.e,bʊðe,bʊðe
bʊð.u,bʊð.u,bʊðu,bʊðu
bʊð.o,bʊð.o,bʊðo,bʊðo
dʊm.i,dʊm.i,dʊmi,dʊmi
dʊm.e,dʊm.e,dʊme,dʊme
dʊm.u,dʊm.u,dʊmu,dʊmu
dʊm.o,dʊm.o,dʊmo,dʊmo
dʊn.i,dʊn.i,dʊni,dʊni
dʊn.e,dʊn.e,dʊne,dʊne
dʊn.u,dʊn.u,dʊnu,dʊnu
dʊn.o,dʊn.o,dʊno,dʊno
dʊŋ.i,dʊŋ.i,dʊŋi,dʊŋi
dʊŋ.e,dʊŋ.e,dʊŋe,dʊŋe
dʊŋ.u,dʊŋ.u,dʊŋu,dʊŋu
dʊŋ.o,dʊŋ.o,dʊŋo,dʊŋo
dʊp.i,dʊp.i,dʊpi,dʊpi
dʊp.e,dʊp.e,dʊpe,dʊpe
dʊp.u,dʊp.u,dʊpu,dʊpu
dʊp.o,dʊp.o,dʊpo,dʊpo
dʊt.i,dʊt.i,dʊti,dʊti
dʊt.e,dʊt.e,dʊte,dʊte
dʊt.u,dʊt.u,dʊtu,dʊtu
dʊt.o,dʊt.o,dʊto,dʊto
dʊk.i,dʊk.i,dʊki,dʊki
dʊk.e,dʊk.e,dʊke,dʊke
dʊk.u,dʊk.u,dʊku,dʊku
dʊk.o,dʊk.o,dʊko,dʊko
dʊb.i,dʊb.i,dʊbi,dʊbi
dʊb.e,dʊb.e,dʊbe,dʊbe
dʊb.u,dʊb.u,dʊbu,dʊbu
dʊb.o,dʊb.o,dʊbo,dʊbo
dʊd.i,dʊd.i,dʊdi,dʊdi
dʊd.e,dʊd.e,dʊde,dʊde
dʊd.u,dʊd.u,dʊdu,dʊdu
dʊd.o,dʊd.o,dʊdo,dʊdo
dʊg.i,dʊg.i,dʊgi,dʊgi
dʊg.e,dʊg.e,dʊge,dʊge
dʊg.u,dʊg.u,dʊgu,dʊgu
dʊg.o,dʊg.o,dʊgo,dʊgo
dʊf.i,dʊf.i,dʊfi,dʊfi
dʊf.e,dʊf.e,dʊfe,dʊfe
dʊf.u,dʊf.u,dʊfu,dʊfu
dʊf.o,dʊf.o,dʊfo,dʊfo
dʊs.i,dʊs.i,dʊsi,dʊsi
dʊs.e,dʊs.e,dʊse,dʊse
dʊs.u,dʊs.u,dʊsu,dʊsu
dʊs.o,dʊs.o,dʊso,dʊso
dʊv.i,dʊv.i,dʊvi,dʊvi
dʊv.e,dʊv.e,dʊve,dʊve
dʊv.u,dʊv.u,dʊvu,dʊvu
dʊv.o,dʊv.o,dʊvo,dʊvo
dʊz.i,dʊz.i,dʊzi,dʊzi
dʊz.e,dʊz.e,dʊze,dʊze
dʊz.u,dʊz.u,dʊzu,dʊzu
dʊz.o,dʊz.o,dʊzo,dʊzo
dʊʃ.i,dʊʃ.i,dʊʃi,dʊʃi
dʊʃ.e,dʊʃ.e,dʊʃe,dʊʃe
dʊʃ.u,dʊʃ.u,dʊʃu,dʊʃu
dʊʃ.o,dʊʃ.o,dʊʃo,dʊʃo
dʊʒ.i,dʊʒ.i,dʊʒi,dʊʒi
dʊʒ.e,dʊʒ.e,dʊʒe,dʊʒe
dʊʒ.u,dʊʒ.u,dʊʒu,dʊʒu
dʊʒ.o,dʊʒ.o,dʊʒo,dʊʒo
dʊθ.i,dʊθ.i,dʊθi,dʊθi
dʊθ.e,dʊθ.e,dʊθe,dʊθe
dʊθ.u,dʊθ.u,dʊθu,dʊθu
dʊθ.o,dʊθ.o,dʊθo,dʊθo
dʊð.i,dʊð.i,dʊði,dʊði
dʊð.e,dʊð.e,dʊðe,dʊðe
dʊð.u,dʊð.u,dʊðu,dʊðu
dʊð.o,dʊð.o,dʊðo,dʊðo
gʊm.i,gʊm.i,gʊmi,gʊmi
gʊm.e,gʊm.e,gʊme,gʊme
gʊm.u,gʊm.u,gʊmu,gʊmu
gʊm.o,gʊm.o,gʊmo,gʊmo
gʊn.i,gʊn.i,gʊni,gʊni
gʊn.e,gʊn.e,gʊne,gʊne
gʊn.u,gʊn.u,gʊnu,gʊnu
gʊn.o,gʊn.o,gʊno,gʊno
gʊŋ.i,gʊŋ.i,gʊŋi,gʊŋi
gʊŋ.e,gʊŋ.e,gʊŋe,gʊŋe
gʊŋ.u,gʊŋ.u,gʊŋu,gʊŋu
gʊŋ.o,gʊŋ.o,gʊŋo,gʊŋo
gʊp.i,gʊp.i,gʊpi,gʊpi
gʊp.e,gʊp.e,gʊpe,gʊpe
gʊp.u,gʊp.u,gʊpu,gʊpu
gʊp.o,gʊp.o,gʊpo,gʊpo
gʊt.i,gʊt.i,gʊti,gʊti
gʊt.e,gʊt.e,gʊte,gʊte
gʊt.u,gʊt.u,gʊtu,gʊtu
gʊt.o,gʊt.o,gʊto,gʊto
gʊk.i,gʊk.i,gʊki,gʊki
gʊk.e,gʊk.e,gʊke,gʊke
gʊk.u,gʊk.u,gʊku,gʊku
gʊk.o,gʊk.o,gʊko,gʊko
gʊb.i,gʊb.i,gʊbi,gʊbi
gʊb.e,gʊb.e,gʊbe,gʊbe
gʊb.u,gʊb.u,gʊbu,gʊbu
gʊb.o,gʊb.o,gʊbo,gʊbo
gʊd.i,gʊd.i,gʊdi,gʊdi
gʊd.e,gʊd.e,gʊde,gʊde
gʊd.u,gʊd.u,gʊdu,gʊdu
gʊd.o,gʊd.o,gʊdo,gʊdo
gʊg.i,gʊg.i,gʊgi,gʊgi
gʊg.e,gʊg.e,gʊge,gʊge
gʊg.u,gʊg.u,gʊgu,gʊgu
gʊg.o,gʊg.o,gʊgo,gʊgo
gʊf.i,gʊf.i,gʊfi,gʊfi
gʊf.e,gʊf.e,gʊfe,gʊfe
gʊf.u,gʊf.u,gʊfu,gʊfu
gʊf.o,gʊf.o,gʊfo,gʊfo
gʊs.i,gʊs.i,gʊsi,gʊsi
gʊs.e,gʊs.e,gʊse,gʊse
gʊs.u,gʊs.u,gʊsu,gʊsu
gʊs.o,gʊs.o,gʊso,gʊso
gʊv.i,gʊv.i,gʊvi,gʊvi
gʊv.e,gʊv.e,gʊve,gʊve
gʊv.u,gʊv.u,gʊvu,gʊvu
gʊv.o,gʊv.o,gʊvo,gʊvo
gʊz.i,gʊz.i,gʊzi,gʊzi
gʊz.e,gʊz.e,gʊze,gʊze
gʊz.u,gʊz.u,gʊzu,gʊzu
gʊz.o,gʊz.o,gʊzo,gʊzo
gʊʃ.i,gʊʃ.i,gʊʃi,gʊʃi
gʊʃ.e,gʊʃ.e,gʊʃe,gʊʃe
gʊʃ.u,gʊʃ.u,gʊʃu,gʊʃu
gʊʃ.o,gʊʃ.o,gʊʃo,gʊʃo
gʊʒ.i,gʊʒ.i,gʊʒi,gʊʒi
gʊʒ.e,gʊʒ.e,gʊʒe,gʊʒe
gʊʒ.u,gʊʒ.u,gʊʒu,gʊʒu
gʊʒ.o,gʊʒ.o,gʊʒo,gʊʒo
gʊθ.i,gʊθ.i,gʊθi,gʊθi
gʊθ.e,gʊθ.e,gʊθe,gʊθe
gʊθ.u,gʊθ.u,gʊθu,gʊθu
gʊθ.o,gʊθ.o,gʊθo,gʊθo
gʊð.i,gʊð.i,gʊði,gʊði
gʊð.e,gʊð.e,gʊðe,gʊðe
gʊð.u,gʊð.u,gʊðu,gʊðu
gʊð.o,gʊð.o,gʊðo,gʊðo
fʊm.i,fʊm.i,fʊmi,fʊmi
fʊm.e,fʊm.e,fʊme,fʊme
fʊm.u,fʊm.u,fʊmu,fʊmu
fʊm.o,fʊm.o,fʊmo,fʊmo
fʊn.i,fʊn.i,fʊni,fʊni
fʊn.e,fʊn.e,fʊne,fʊne
fʊn.u,fʊn.u,fʊnu,fʊnu
fʊn.o,fʊn.o,fʊno,fʊno
fʊŋ.i,fʊŋ.i,fʊŋi,fʊŋi
fʊŋ.e,fʊŋ.e,fʊŋe,fʊŋe
fʊŋ.u,fʊŋ.u,fʊŋu,fʊŋu
fʊŋ.o,fʊŋ.o,fʊŋo,fʊŋo
fʊp.i,fʊp.i,fʊpi,fʊpi
fʊp.e,fʊp.e,fʊpe,fʊpe
fʊp.u,fʊp.u,fʊpu,fʊpu
fʊp.o,fʊp.o,fʊpo,fʊpo
fʊt.i,fʊt.i,fʊti,fʊti
fʊt.e,fʊt.e,fʊte,fʊte
fʊt.u,fʊt.u,fʊtu,fʊtu
fʊt.o,fʊt.o,fʊto,fʊto
fʊk.i,fʊk.i,fʊki,fʊki
fʊk.e,fʊk.e,fʊke,fʊke
fʊk.u,fʊk.u,fʊku,fʊku
fʊk.o,fʊk.o,fʊko,fʊko
fʊb.i,fʊb.i,fʊbi,fʊbi
fʊb.e,fʊb.e,fʊbe,fʊbe
fʊb.u,fʊb.u,fʊbu,fʊbu
fʊb.o,fʊb.o,fʊbo,fʊbo
fʊd.i,fʊd.i,fʊdi,fʊdi
fʊd.e,fʊd.e,fʊde,fʊde
fʊd.u,fʊd.u,fʊdu,fʊdu
fʊd.o,fʊd.o,fʊdo,fʊdo
fʊg.i,fʊg.i,fʊgi,fʊgi
fʊg.e,fʊg.e,fʊge,fʊge
fʊg.u,fʊg.u,fʊgu,fʊgu
fʊg.o,fʊg.o,fʊgo,fʊgo
fʊf.i,fʊf.i,fʊfi,fʊfi
fʊf.e,fʊf.e,fʊfe,fʊfe
fʊf.u,fʊf.u,fʊfu,fʊfu
fʊf.o,fʊf.o,fʊfo,fʊfo
fʊs.i,fʊs.i,fʊsi,fʊsi
fʊs.e,fʊs.e,fʊse,fʊse
fʊs.u,fʊs.u,fʊsu,fʊsu
fʊs.o,fʊs.o,fʊso,fʊso
fʊv.i,fʊv.i,fʊvi,fʊvi
fʊv.e,fʊv.e,fʊve,fʊve
fʊv.u,fʊv.u,fʊvu,fʊvu
fʊv.o,fʊv.o,fʊvo,fʊvo
fʊz.i,fʊz.i,fʊzi,fʊzi
fʊz.e,fʊz.e,fʊze,fʊze
fʊz.u,fʊz.u,fʊzu,fʊzu
fʊz.o,fʊz.o,fʊzo,fʊzo
fʊʃ.i,fʊʃ.i,fʊʃi,fʊʃi
fʊʃ.e,fʊʃ.e,fʊʃe,fʊʃe
fʊʃ.u,fʊʃ.u,fʊʃu,fʊʃu
fʊʃ.o,fʊʃ.o,fʊʃo,fʊʃo
fʊʒ.i,fʊʒ.i,fʊʒi,fʊʒi
fʊʒ.e,fʊʒ.e,fʊʒe,fʊʒe
fʊʒ.u,fʊʒ.u,fʊʒu,fʊʒu
fʊʒ.o,fʊʒ.o,fʊʒo,fʊʒo
fʊθ.i,fʊθ.i,fʊθi,fʊθi
fʊθ.e,fʊθ.e,fʊθe,fʊθe
fʊθ.u,fʊθ.u,fʊθu,fʊθu
fʊθ.o,fʊθ.o,fʊθo,fʊθo
fʊð.i,fʊð.i,fʊði,fʊði
fʊð.e,fʊð.e,fʊðe,fʊðe
fʊð.u,fʊð.u,fʊðu,fʊðu
fʊð.o,fʊð.o,fʊðo,fʊðo
sʊm.i,sʊm.i,sʊmi,sʊmi
sʊm.e,sʊm.e,sʊme,sʊme
sʊm.u,sʊm.u,sʊmu,sʊmu
sʊm.o,sʊm.o,sʊmo,sʊmo
sʊn.i,sʊn.i,sʊni,sʊni
sʊn.e,sʊn.e,sʊne,sʊne
sʊn.u,sʊn.u,sʊnu,sʊnu
sʊn.o,sʊn.o,sʊno,sʊno
sʊŋ.i,sʊŋ.i,sʊŋi,sʊŋi
sʊŋ.e,sʊŋ.e,sʊŋe,sʊŋe
sʊŋ.u,sʊŋ.u,sʊŋu,sʊŋu
sʊŋ.o,sʊŋ.o,sʊŋo,sʊŋo
sʊp.i,sʊp.i,sʊpi,sʊpi
sʊp.e,sʊp.e,sʊpe,sʊpe
sʊp.u,sʊp.u,sʊpu,sʊpu
sʊp.o,sʊp.o,sʊpo,sʊpo
sʊt.i,sʊt.i,sʊti,sʊti
sʊt.e,sʊt.e,sʊte,sʊte
sʊt.u,sʊt.u,sʊtu,sʊtu
sʊt.o,sʊt.o,sʊto,sʊto
sʊk.i,sʊk.i,sʊki,sʊki
sʊk.e,sʊk.e,sʊke,sʊke
sʊk.u,sʊk.u,sʊku,sʊku
sʊk.o,sʊk.o,sʊko,sʊko
sʊb.i,sʊb.i,sʊbi,sʊbi
sʊb.e,sʊb.e,sʊbe,sʊbe
sʊb.u,sʊb.u,sʊbu,sʊbu
sʊb.o,sʊb.o,sʊbo,sʊbo
sʊd.i,sʊd.i,sʊdi,sʊdi
sʊd.e,sʊd.e,sʊde,sʊde
sʊd.u,sʊd.u,sʊdu,sʊdu
sʊd.o,sʊd.o,sʊdo,sʊdo
sʊg.i,sʊg.i,sʊgi,sʊgi
sʊg.e,sʊg.e,sʊge,sʊge
sʊg.u,sʊg.u,sʊgu,sʊgu
sʊg.o,sʊg.o,sʊgo,sʊgo
sʊf.i,sʊf.i,sʊfi,sʊfi
sʊf.e,sʊf.e,sʊfe,sʊfe
sʊf.u,sʊf.u,sʊfu,sʊfu
sʊf.o,sʊf.o,sʊfo,sʊfo
sʊs.i,sʊs.i,sʊsi,sʊsi
sʊs.e,sʊs.e,sʊse,sʊse
sʊs.u,sʊs.u,sʊsu,sʊsu
sʊs.o,sʊs.o,sʊso,sʊso
sʊv.i,sʊv.i,sʊvi,sʊvi
sʊv.e,sʊv.e,sʊve,sʊve
sʊv.u,sʊv.u,sʊvu,sʊvu
sʊv.o,sʊv.o,sʊvo,sʊvo
sʊz.i,sʊz.i,sʊzi,sʊzi
sʊz.e,sʊz.e,sʊze,sʊze
sʊz.u,sʊz.u,sʊzu,sʊzu
sʊz.o,sʊz.o,sʊzo,sʊzo
sʊʃ.i,sʊʃ.i,sʊʃi,sʊʃi
sʊʃ.e,sʊʃ.e,sʊʃe,sʊʃe
sʊʃ.u,sʊʃ.u,sʊʃu,sʊʃu
sʊʃ.o,sʊʃ.o,sʊʃo,sʊʃo
sʊʒ.i,sʊʒ.i,sʊʒi,sʊʒi
sʊʒ.e,sʊʒ.e,sʊʒe,sʊʒe
sʊʒ.u,sʊʒ.u,sʊʒu,sʊʒu
sʊʒ.o,sʊʒ.o,sʊʒo,sʊʒo
sʊθ.i,sʊθ.i,sʊθi,sʊθi
sʊθ.e,sʊθ.e,sʊθe,sʊθe
sʊθ.u,sʊθ.u,sʊθu,sʊθu
sʊθ.o,sʊθ.o,sʊθo,sʊθo
sʊð.i,sʊð.i,sʊði,sʊði
sʊð.e,sʊð.e,sʊðe,sʊðe
sʊð.u,sʊð.u,sʊðu,sʊðu
sʊð.o,sʊð.o,sʊðo,sʊðo
vʊm.i,vʊm.i,vʊmi,vʊmi
vʊm.e,vʊm.e,vʊme,vʊme
vʊm.u,vʊm.u,vʊmu,vʊmu
vʊm.o,vʊm.o,vʊmo,vʊmo
vʊn.i,vʊn.i,vʊni,vʊni
vʊn.e,vʊn.e,vʊne,vʊne
vʊn.u,vʊn.u,vʊnu,vʊnu
vʊn.o,vʊn.o,vʊno,vʊno
vʊŋ.i,vʊŋ.i,vʊŋi,vʊŋi
vʊŋ.e,vʊŋ.e,vʊŋe,vʊŋe
vʊŋ.u,vʊŋ.u,vʊŋu,vʊŋu
vʊŋ.o,vʊŋ.o,vʊŋo,vʊŋo
vʊp.i,vʊp.i,vʊpi,vʊpi
vʊp.e,vʊp.e,vʊpe,vʊpe
vʊp.u,vʊp.u,vʊpu,vʊpu
vʊp.o,vʊp.o,vʊpo,vʊpo
vʊt.i,vʊt.i,vʊti,vʊti
vʊt.e,vʊt.e,vʊte,vʊte
vʊt.u,vʊt.u,vʊtu,vʊtu
vʊt.o,vʊt.o,vʊto,vʊto
vʊk.i,vʊk.i,vʊki,vʊki
vʊk.e,vʊk.e,vʊke,vʊke
vʊk.u,vʊk.u,vʊku,vʊku
vʊk.o,vʊk.o,vʊko,vʊko
vʊb.i,vʊb.i,vʊbi,vʊbi
vʊb.e,vʊb.e,vʊbe,vʊbe
vʊb.u,vʊb.u,vʊbu,vʊbu
vʊb.o,vʊb.o,vʊbo,vʊbo
vʊd.i,vʊd.i,vʊdi,vʊdi
vʊd.e,vʊd.e,vʊde,vʊde
vʊd.u,vʊd.u,vʊdu,vʊdu
vʊd.o,vʊd.o,vʊdo,vʊdo
vʊg.i,vʊg.i,vʊgi,vʊgi
vʊg.e,vʊg.e,vʊge,vʊge
vʊg.u,vʊg.u,vʊgu,vʊgu
vʊg.o,vʊg.o,vʊgo,vʊgo
vʊf.i,vʊf.i,vʊfi,vʊfi
vʊf.e,vʊf.e,vʊfe,vʊfe
vʊf.u,vʊf.u,vʊfu,vʊfu
vʊf.o,vʊf.o,vʊfo,vʊfo
vʊs.i,vʊs.i,vʊsi,vʊsi
vʊs.e,vʊs.e,vʊse,vʊse
vʊs.u,vʊs.u,vʊsu,vʊsu
vʊs.o,vʊs.o,vʊso,vʊso
vʊv.i,vʊv.i,vʊvi,vʊvi
vʊv.e,vʊv.e,vʊve,vʊve
vʊv.u,vʊv.u,vʊvu,vʊvu
vʊv.o,vʊv.o,vʊvo,vʊvo
vʊz.i,vʊz.i,vʊzi,vʊzi
vʊz.e,vʊz.e,vʊze,vʊze
vʊz.u,vʊz.u,vʊzu,vʊzu
vʊz.o,vʊz.o,vʊzo,vʊzo
vʊʃ.i,vʊʃ.i,vʊʃi,vʊʃi
vʊʃ.e,vʊʃ.e,vʊʃe,vʊʃe
vʊʃ.u,vʊʃ.u,vʊʃu,vʊʃu
vʊʃ.o,vʊʃ.o,vʊʃo,vʊʃo
vʊʒ.i,vʊʒ.i,vʊʒi,vʊʒi
vʊʒ.e,vʊʒ.e,vʊʒe,vʊʒe
vʊʒ.u,vʊʒ.u,vʊʒu,vʊʒu
vʊʒ.o,vʊʒ.o,vʊʒo,vʊʒo
vʊθ.i,vʊθ.i,vʊθi,vʊθi
vʊθ.e,vʊθ.e,vʊθe,vʊθe
vʊθ.u,vʊθ.u,vʊθu,vʊθu
vʊθ.o,vʊθ.o,vʊθo,vʊθo
vʊð.i,vʊð.i,vʊði,vʊði
vʊð.e,vʊð.e,vʊðe,vʊðe
vʊð.u,vʊð.u,vʊðu,vʊðu
vʊð.o,vʊð.o,vʊðo,vʊðo
zʊm.i,zʊm.i,zʊmi,zʊmi
zʊm.e,zʊm.e,zʊme,zʊme
zʊm.u,zʊm.u,zʊmu,zʊmu
zʊm.o,zʊm.o,zʊmo,zʊmo
zʊn.i,zʊn.i,zʊni,zʊni
zʊn.e,zʊn.e,zʊne,zʊne
zʊn.u,zʊn.u,zʊnu,zʊnu
zʊn.o,zʊn.o,zʊno,zʊno
zʊŋ.i,zʊŋ.i,zʊŋi,zʊŋi
zʊŋ.e,zʊŋ.e,zʊŋe,zʊŋe
zʊŋ.u,zʊŋ.u,zʊŋu,zʊŋu
zʊŋ.o,zʊŋ.o,zʊŋo,zʊŋo
zʊp.i,zʊp.i,zʊpi,zʊpi
zʊp.e,zʊp.e,zʊpe,zʊpe
zʊp.u,zʊp.u,zʊpu,zʊpu
zʊp.o,zʊp.o,zʊpo,zʊpo
zʊt.i,zʊt.i,zʊti,zʊti
zʊt.e,zʊt.e,zʊte,zʊte
zʊt.u,zʊt.u,zʊtu,zʊtu
zʊt.o,zʊt.o,zʊto,zʊto
zʊk.i,zʊk.i,zʊki,zʊki
zʊk.e,zʊk.e,zʊke,zʊke
zʊk.u,zʊk.u,zʊku,zʊku
zʊk.o,zʊk.o,zʊko,zʊko
zʊb.i,zʊb.i,zʊbi,zʊbi
zʊb.e,zʊb.e,zʊbe,zʊbe
zʊb.u,zʊb.u,zʊbu,zʊbu
zʊb.o,zʊb.o,zʊbo,zʊbo
zʊd.i,zʊd.i,zʊdi,zʊdi
zʊd.e,zʊd.e,zʊde,zʊde
zʊd.u,zʊd.u,zʊdu,zʊdu
zʊd.o,zʊd.o,zʊdo,zʊdo
zʊg.i,zʊg.i,zʊgi,zʊgi
zʊg.e,zʊg.e,zʊge,zʊge
zʊg.u,zʊg.u,zʊgu,zʊgu
zʊg.o,zʊg.o,zʊgo,zʊgo
zʊf.i,zʊf.i,zʊfi,zʊfi
zʊf.e,zʊf.e,zʊfe,zʊfe
zʊf.u,zʊf.u,zʊfu,zʊfu
zʊf.o,zʊf.o,zʊfo,zʊfo
zʊs.i,zʊs.i,zʊsi,zʊsi
zʊs.e,zʊs.e,zʊse,zʊse
zʊs.u,zʊs.u,zʊsu,zʊsu
zʊs.o,zʊs.o,zʊso,zʊso
zʊv.i,zʊv.i,zʊvi,zʊvi
zʊv.e,zʊv.e,zʊve,zʊve
zʊv.u,zʊv.u,zʊvu,zʊvu
zʊv.o,zʊv.o,zʊvo,zʊvo
zʊz.i,zʊz.i,zʊzi,zʊzi
zʊz.e,zʊz.e,zʊze,zʊze
zʊz.u,zʊz.u,zʊzu,zʊzu
zʊz.o,zʊz.o,zʊzo,zʊzo
zʊʃ.i,zʊʃ.i,zʊʃi,zʊʃi
zʊʃ.e,zʊʃ.e,zʊʃe,zʊʃe
zʊʃ.u,zʊʃ.u,zʊʃu,zʊʃu
zʊʃ.o,zʊʃ.o,zʊʃo,zʊʃo
zʊʒ.i,zʊʒ.i,zʊʒi,zʊʒi
zʊʒ.e,zʊʒ.e,zʊʒe,zʊʒe
zʊʒ.u,zʊʒ.u,zʊʒu,zʊʒu
zʊʒ.o,zʊʒ.o,zʊʒo,zʊʒo
zʊθ.i,zʊθ.i,zʊθi,zʊθi
zʊθ.e,zʊθ.e,zʊθe,zʊθe
zʊθ.u,zʊθ.u,zʊθu,zʊθu
zʊθ.o,zʊθ.o,zʊθo,zʊθo
zʊð.i,zʊð.i,zʊði,zʊði
zʊð.e,zʊð.e,zʊðe,zʊðe
zʊð.u,zʊð.u,zʊðu,zʊðu
zʊð.o,zʊð.o,zʊðo,zʊðo
ʃʊm.i,ʃʊm.i,ʃʊmi,ʃʊmi
ʃʊm.e,ʃʊm.e,ʃʊme,ʃʊme
ʃʊm.u,ʃʊm.u,ʃʊmu,ʃʊmu
ʃʊm.o,ʃʊm.o,ʃʊmo,ʃʊmo
ʃʊn.i,ʃʊn.i,ʃʊni,ʃʊni
ʃʊn.e,ʃʊn.e,ʃʊne,ʃʊne
ʃʊn.u,ʃʊn.u,ʃʊnu,ʃʊnu
ʃʊn.o,ʃʊn.o,ʃʊno,ʃʊno
ʃʊŋ.i,ʃʊŋ.i,ʃʊŋi,ʃʊŋi
ʃʊŋ.e,ʃʊŋ.e,ʃʊŋe,ʃʊŋe
ʃʊŋ.u,ʃʊŋ.u,ʃʊŋu,ʃʊŋu
ʃʊŋ.o,ʃʊŋ.o,ʃʊŋo,ʃʊŋo
ʃʊp.i,ʃʊp.i,ʃʊpi,ʃʊpi
ʃʊp.e,ʃʊp.e,ʃʊpe,ʃʊpe
ʃʊp.u,ʃʊp.u,ʃʊpu,ʃʊpu
ʃʊp.o,ʃʊp.o,ʃʊpo,ʃʊpo
ʃʊt.i,ʃʊt.i,ʃʊti,ʃʊti
ʃʊt.e,ʃʊt.e,ʃʊte,ʃʊte
ʃʊt.u,ʃʊt.u,ʃʊtu,ʃʊtu
ʃʊt.o,ʃʊt.o,ʃʊto,ʃʊto
ʃʊk.i,ʃʊk.i,ʃʊki,ʃʊki
ʃʊk.e,ʃʊk.e,ʃʊke,ʃʊke
ʃʊk.u,ʃʊk.u,ʃʊku,ʃʊku
ʃʊk.o,ʃʊk.o,ʃʊko,ʃʊko
ʃʊb.i,ʃʊb.i,ʃʊbi,ʃʊbi
ʃʊb.e,ʃʊb.e,ʃʊbe,ʃʊbe
ʃʊb.u,ʃʊb.u,ʃʊbu,ʃʊbu
ʃʊb.o,ʃʊb.o,ʃʊbo,ʃʊbo
ʃʊd.i,ʃʊd.i,ʃʊdi,ʃʊdi
ʃʊd.e,ʃʊd.e,ʃʊde,ʃʊde
ʃʊd.u,ʃʊd.u,ʃʊdu,ʃʊdu
ʃʊd.o,ʃʊd.o,ʃʊdo,ʃʊdo
ʃʊg.i,ʃʊg.i,ʃʊgi,ʃʊgi
ʃʊg.e,ʃʊg.e,ʃʊge,ʃʊge
ʃʊg.u,ʃʊg.u,ʃʊgu,ʃʊgu
ʃʊg.o,ʃʊg.o,ʃʊgo,ʃʊgo
ʃʊf.i,ʃʊf.i,ʃʊfi,ʃʊfi
ʃʊf.e,ʃʊf.e,ʃʊfe,ʃʊfe
ʃʊf.u,ʃʊf.u,ʃʊfu,ʃʊfu
ʃʊf.o,ʃʊf.o,ʃʊfo,ʃʊfo
ʃʊs.i,ʃʊs.i,ʃʊsi,ʃʊsi
ʃʊs.e,ʃʊs.e,ʃʊse,ʃʊse
ʃʊs.u,ʃʊs.u,ʃʊsu,ʃʊsu
ʃʊs.o,ʃʊs.o,ʃʊso,ʃʊso
ʃʊv.i,ʃʊv.i,ʃʊvi,ʃʊvi
ʃʊv.e,ʃʊv.e,ʃʊve,ʃʊve
ʃʊv.u,ʃʊv.u,ʃʊvu,ʃʊvu
ʃʊv.o,ʃʊv.o,ʃʊvo,ʃʊvo
ʃʊz.i,ʃʊz.i,ʃʊzi,ʃʊzi
ʃʊz.e,ʃʊz.e,ʃʊze,ʃʊze
ʃʊz.u,ʃʊz.u,ʃʊzu,ʃʊzu
ʃʊz.o,ʃʊz.o,ʃʊzo,ʃʊzo
ʃʊʃ.i,ʃʊʃ.i,ʃʊʃi,ʃʊʃi
ʃʊʃ.e,ʃʊʃ.e,ʃʊʃe,ʃʊʃe
ʃʊʃ.u,ʃʊʃ.u,ʃʊʃu,ʃʊʃu
ʃʊʃ.o,ʃʊʃ.o,ʃʊʃo,ʃʊʃo
ʃʊʒ.i,ʃʊʒ.i,ʃʊʒi,ʃʊʒi
ʃʊʒ.e,ʃʊʒ.e,ʃʊʒe,ʃʊʒe
ʃʊʒ.u,ʃʊʒ.u,ʃʊʒu,ʃʊʒu
ʃʊʒ.o,ʃʊʒ.o,ʃʊʒo,ʃʊʒo
ʃʊθ.i,ʃʊθ.i,ʃʊθi,ʃʊθi
ʃʊθ.e,ʃʊθ.e,ʃʊθe,ʃʊθe
ʃʊθ.u,ʃʊθ.u,ʃʊθu,ʃʊθu
ʃʊθ.o,ʃʊθ.o,ʃʊθo,ʃʊθo
ʃʊð.i,ʃʊð.i,ʃʊði,ʃʊði
ʃʊð.e,ʃʊð.e,ʃʊðe,ʃʊðe
ʃʊð.u,ʃʊð.u,ʃʊðu,ʃʊðu
ʃʊð.o,ʃʊð.o,ʃʊðo,ʃʊðo
ʒʊm.i,ʒʊm.i,ʒʊmi,ʒʊmi
ʒʊm.e,ʒʊm.e,ʒʊme,ʒʊme
ʒʊm.u,ʒʊm.u,ʒʊmu,ʒʊmu
ʒʊm.o,ʒʊm.o,ʒʊmo,ʒʊmo
ʒʊn.i,ʒʊn.i,ʒʊni,ʒʊni
ʒʊn.e,ʒʊn.e,ʒʊne,ʒʊne
ʒʊn.u,ʒʊn.u,ʒʊnu,ʒʊnu
ʒʊn.o,ʒʊn.o,ʒʊno,ʒʊno
ʒʊŋ.i,ʒʊŋ.i,ʒʊŋi,ʒʊŋi
ʒʊŋ.e,ʒʊŋ.e,ʒʊŋe,ʒʊŋe
ʒʊŋ.u,ʒʊŋ.u,ʒʊŋu,ʒʊŋu
ʒʊŋ.o,ʒʊŋ.o,ʒʊŋo,ʒʊŋo
ʒʊp.i,ʒʊp.i,ʒʊpi,ʒʊpi
ʒʊp.e,ʒʊp.e,ʒʊpe,ʒʊpe
ʒʊp.u,ʒʊp.u,ʒʊpu,ʒʊpu
ʒʊp.o,ʒʊp.o,ʒʊpo,ʒʊpo
ʒʊt.i,ʒʊt.i,ʒʊti,ʒʊti
ʒʊt.e,ʒʊt.e,ʒʊte,ʒʊte
ʒʊt.u,ʒʊt.u,ʒʊtu,ʒʊtu
ʒʊt.o,ʒʊt.o,ʒʊto,ʒʊto
ʒʊk.i,ʒʊk.i,ʒʊki,ʒʊki
ʒʊk.e,ʒʊk.e,ʒʊke,ʒʊke
ʒʊk.u,ʒʊk.u,ʒʊku,ʒʊku
ʒʊk.o,ʒʊk.o,ʒʊko,ʒʊko
ʒʊb.i,ʒʊb.i,ʒʊbi,ʒʊbi
ʒʊb.e,ʒʊb.e,ʒʊbe,ʒʊbe
ʒʊb.u,ʒʊb.u,ʒʊbu,ʒʊbu
ʒʊb.o,ʒʊb.o,ʒʊbo,ʒʊbo
ʒʊd.i,ʒʊd.i,ʒʊdi,ʒʊdi
ʒʊd.e,ʒʊd.e,ʒʊde,ʒʊde
ʒʊd.u,ʒʊd.u,ʒʊdu,ʒʊdu
ʒʊd.o,ʒʊd.o,ʒʊdo,ʒʊdo
ʒʊg.i,ʒʊg.i,ʒʊgi,ʒʊgi
ʒʊg.e,ʒʊg.e,ʒʊge,ʒʊge
ʒʊg.u,ʒʊg.u,ʒʊgu,ʒʊgu
ʒʊg.o,ʒʊg.o,ʒʊgo,ʒʊgo
ʒʊf.i,ʒʊf.i,ʒʊfi,ʒʊfi
ʒʊf.e,ʒʊf.e,ʒʊfe,ʒʊfe
ʒʊf.u,ʒʊf.u,ʒʊfu,ʒʊfu
ʒʊf.o,ʒʊf.o,ʒʊfo,ʒʊfo
ʒʊs.i,ʒʊs.i,ʒʊsi,ʒʊsi
ʒʊs.e,ʒʊs.e,ʒʊse,ʒʊse
ʒʊs.u,ʒʊs.u,ʒʊsu,ʒʊsu
ʒʊs.o,ʒʊs.o,ʒʊso,ʒʊso
ʒʊv.i,ʒʊv.i,ʒʊvi,ʒʊvi
ʒʊv.e,ʒʊv.e,ʒʊve,ʒʊve
ʒʊv.u,ʒʊv.u,ʒʊvu,ʒʊvu
ʒʊv.o,ʒʊv.o,ʒʊvo,ʒʊvo
ʒʊz.i,ʒʊz.i,ʒʊzi,ʒʊzi
ʒʊz.e,ʒʊz.e,ʒʊze,ʒʊze
ʒʊz.u,ʒʊz.u,ʒʊzu,ʒʊzu
ʒʊz.o,ʒʊz.o,ʒʊzo,ʒʊzo
ʒʊʃ.i,ʒʊʃ.i,ʒʊʃi,ʒʊʃi
ʒʊʃ.e,ʒʊʃ.e,ʒʊʃe,ʒʊʃe
ʒʊʃ.u,ʒʊʃ.u,ʒʊʃu,ʒʊʃu
ʒʊʃ.o,ʒʊʃ.o,ʒʊʃo,ʒʊʃo
ʒʊʒ.i,ʒʊʒ.i,ʒʊʒi,ʒʊʒi
ʒʊʒ.e,ʒʊʒ.e,ʒʊʒe,ʒʊʒe
ʒʊʒ.u,ʒʊʒ.u,ʒʊʒu,ʒʊʒu
ʒʊʒ.o,ʒʊʒ.o,ʒʊʒo,ʒʊʒo
ʒʊθ.i,ʒʊθ.i,ʒʊθi,ʒʊθi
ʒʊθ.e,ʒʊθ.e,ʒʊθe,ʒʊθe
ʒʊθ.u,ʒʊθ.u,ʒʊθu,ʒʊθu
ʒʊθ.o,ʒʊθ.o,ʒʊθo,ʒʊθo
ʒʊð.i,ʒʊð.i,ʒʊði,ʒʊði
ʒʊð.e,ʒʊð.e,ʒʊðe,ʒʊðe
ʒʊð.u,ʒʊð.u,ʒʊðu,ʒʊðu
ʒʊð.o,ʒʊð.o,ʒʊðo,ʒʊðo
θʊm.i,θʊm.i,θʊmi,θʊmi
θʊm.e,θʊm.e,θʊme,θʊme
θʊm.u,θʊm.u,θʊmu,θʊmu
θʊm.o,θʊm.o,θʊmo,θʊmo
θʊn.i,θʊn.i,θʊni,θʊni
θʊn.e,θʊn.e,θʊne,θʊne
θʊn.u,θʊn.u,θʊnu,θʊnu
θʊn.o,θʊn.o,θʊno,θʊno
θʊŋ.i,θʊŋ.i,θʊŋi,θʊŋi
θʊŋ.e,θʊŋ.e,θʊŋe,θʊŋe
θʊŋ.u,θʊŋ.u,θʊŋu,θʊŋu
θʊŋ.o,θʊŋ.o,θʊŋo,θʊŋo
θʊp.i,θʊp.i,θʊpi,θʊpi
θʊp.e,θʊp.e,θʊpe,θʊpe
θʊp.u,θʊp.u,θʊpu,θʊpu
θʊp.o,θʊp.o,θʊpo,θʊpo
θʊt.i,θʊt.i,θʊti,θʊti
θʊt.e,θʊt.e,θʊte,θʊte
θʊt.u,θʊt.u,θʊtu,θʊtu
θʊt.o,θʊt.o,θʊto,θʊto
θʊk.i,θʊk.i,θʊki,θʊki
θʊk.e,θʊk.e,θʊke,θʊke
θʊk.u,θʊk.u,θʊku,θʊku
θʊk.o,θʊk.o,θʊko,θʊko
θʊb.i,θʊb.i,θʊbi,θʊbi
θʊb.e,θʊb.e,θʊbe,θʊbe
θʊb.u,θʊb.u,θʊbu,θʊbu
θʊb.o,θʊb.o,θʊbo,θʊbo
θʊd.i,θʊd.i,θʊdi,θʊdi
θʊd.e,θʊd.e,θʊde,θʊde
θʊd.u,θʊd.u,θʊdu,θʊdu
θʊd.o,θʊd.o,θʊdo,θʊdo
θʊg.i,θʊg.i,θʊgi,θʊgi
θʊg.e,θʊg.e,θʊge,θʊge
θʊg.u,θʊg.u,θʊgu,θʊgu
θʊg.o,θʊg.o,θʊgo,θʊgo
θʊf.i,θʊf.i,θʊfi,θʊfi
θʊf.e,θʊf.e,θʊfe,θʊfe
θʊf.u,θʊf.u,θʊfu,θʊfu
θʊf.o,θʊf.o,θʊfo,θʊfo
θʊs.i,θʊs.i,θʊsi,θʊsi
θʊs.e,θʊs.e,θʊse,θʊse
θʊs.u,θʊs.u,θʊsu,θʊsu
θʊs.o,θʊs.o,θʊso,θʊso
θʊv.i,θʊv.i,θʊvi,θʊvi
θʊv.e,θʊv.e,θʊve,θʊve
θʊv.u,θʊv.u,θʊvu,θʊvu
θʊv.o,θʊv.o,θʊvo,θʊvo
θʊz.i,θʊz.i,θʊzi,θʊzi
θʊz.e,θʊz.e,θʊze,θʊze
θʊz.u,θʊz.u,θʊzu,θʊzu
θʊz.o,θʊz.o,θʊzo,θʊzo
θʊʃ.i,θʊʃ.i,θʊʃi,θʊʃi
θʊʃ.e,θʊʃ.e,θʊʃe,θʊʃe
θʊʃ.u,θʊʃ.u,θʊʃu,θʊʃu
θʊʃ.o,θʊʃ.o,θʊʃo,θʊʃo
θʊʒ.i,θʊʒ.i,θʊʒi,θʊʒi
θʊʒ.e,θʊʒ.e,θʊʒe,θʊʒe
θʊʒ.u,θʊʒ.u,θʊʒu,θʊʒu
θʊʒ.o,θʊʒ.o,θʊʒo,θʊʒo
θʊθ.i,θʊθ.i,θʊθi,θʊθi
θʊθ.e,θʊθ.e,θʊθe,θʊθe
θʊθ.u,θʊθ.u,θʊθu,θʊθu
θʊθ.o,θʊθ.o,θʊθo,θʊθo
θʊð.i,θʊð.i,θʊði,θʊði
θʊð.e,θʊð.e,θʊðe,θʊðe
θʊð.u,θʊð.u,θʊðu,θʊðu
θʊð.o,θʊð.o,θʊðo,θʊðo
ðʊm.i,ðʊm.i,ðʊmi,ðʊmi
ðʊm.e,ðʊm.e,ðʊme,ðʊme
ðʊm.u,ðʊm.u,ðʊmu,ðʊmu
ðʊm.o,ðʊm.o,ðʊmo,ðʊmo
ðʊn.i,ðʊn.i,ðʊni,ðʊni
ðʊn.e,ðʊn.e,ðʊne,ðʊne
ðʊn.u,ðʊn.u,ðʊnu,ðʊnu
ðʊn.o,ðʊn.o,ðʊno,ðʊno
ðʊŋ.i,ðʊŋ.i,ðʊŋi,ðʊŋi
ðʊŋ.e,ðʊŋ.e,ðʊŋe,ðʊŋe
ðʊŋ.u,ðʊŋ.u,ðʊŋu,ðʊŋu
ðʊŋ.o,ðʊŋ.o,ðʊŋo,ðʊŋo
ðʊp.i,ðʊp.i,ðʊpi,ðʊpi
ðʊp.e,ðʊp.e,ðʊpe,ðʊpe
ðʊp.u,ðʊp.u,ðʊpu,ðʊpu
ðʊp.o,ðʊp.o,ðʊpo,ðʊpo
ðʊt.i,ðʊt.i,ðʊti,ðʊti
ðʊt.e,ðʊt.e,ðʊte,ðʊte
ðʊt.u,ðʊt.u,ðʊtu,ðʊtu
ðʊt.o,ðʊt.o,ðʊto,ðʊto
ðʊk.i,ðʊk.i,ðʊki,ðʊki
ðʊk.e,ðʊk.e,ðʊke,ðʊke
ðʊk.u,ðʊk.u,ðʊku,ðʊku
ðʊk.o,ðʊk.o,ðʊko,ðʊko
ðʊb.i,ðʊb.i,ðʊbi,ðʊbi
ðʊb.e,ðʊb.e,ðʊbe,ðʊbe
ðʊb.u,ðʊb.u,ðʊbu,ðʊbu
ðʊb.o,ðʊb.o,ðʊbo,ðʊbo
ðʊd.i,ðʊd.i,ðʊdi,ðʊdi
ðʊd.e,ðʊd.e,ðʊde,ðʊde
ðʊd.u,ðʊd.u,ðʊdu,ðʊdu
ðʊd.o,ðʊd.o,ðʊdo,ðʊdo
ðʊg.i,ðʊg.i,ðʊgi,ðʊgi
ðʊg.e,ðʊg.e,ðʊge,ðʊge
ðʊg.u,ðʊg.u,ðʊgu,ðʊgu
ðʊg.o,ðʊg.o,ðʊgo,ðʊgo
ðʊf.i,ðʊf.i,ðʊfi,ðʊfi
ðʊf.e,ðʊf.e,ðʊfe,ðʊfe
ðʊf.u,ðʊf.u,ðʊfu,ðʊfu
ðʊf.o,ðʊf.o,ðʊfo,ðʊfo
ðʊs.i,ðʊs.i,ðʊsi,ðʊsi
ðʊs.e,ðʊs.e,ðʊse,ðʊse
ðʊs.u,ðʊs.u,ðʊsu,ðʊsu
ðʊs.o,ðʊs.o,ðʊso,ðʊso
ðʊv.i,ðʊv.i,ðʊvi,ðʊvi
ðʊv.e,ðʊv.e,ðʊve,ðʊve
ðʊv.u,ðʊv.u,ðʊvu,ðʊvu
ðʊv.o,ðʊv.o,ðʊvo,ðʊvo
ðʊz.i,ðʊz.i,ðʊzi,ðʊzi
ðʊz.e,ðʊz.e,ðʊze,ðʊze
ðʊz.u,ðʊz.u,ðʊzu,ðʊzu
ðʊz.o,ðʊz.o,ðʊzo,ðʊzo
ðʊʃ.i,ðʊʃ.i,ðʊʃi,ðʊʃi
ðʊʃ.e,ðʊʃ.e,ðʊʃe,ðʊʃe
ðʊʃ.u,ðʊʃ.u,ðʊʃu,ðʊʃu
ðʊʃ.o,ðʊʃ.o,ðʊʃo,ðʊʃo
ðʊʒ.i,ðʊʒ.i,ðʊʒi,ðʊʒi
ðʊʒ.e,ðʊʒ.e,ðʊʒe,ðʊʒe
ðʊʒ.u,ðʊʒ.u,ðʊʒu,ðʊʒu
ðʊʒ.o,ðʊʒ.o,ðʊʒo,ðʊʒo
ðʊθ.i,ðʊθ.i,ðʊθi,ðʊθi
ðʊθ.e,ðʊθ.e,ðʊθe,ðʊθe
ðʊθ.u,ðʊθ.u,ðʊθu,ðʊθu
ðʊθ.o,ðʊθ.o,ðʊθo,ðʊθo
ðʊð.i,ðʊð.i,ðʊði,ðʊði
ðʊð.e,ðʊð.e,ðʊðe,ðʊðe
ðʊð.u,ðʊð.u,ðʊðu,ðʊðu
ðʊð.o,ðʊð.o,ðʊðo,ðʊðo
hʊm.i,hʊm.i,hʊmi,hʊmi
hʊm.e,hʊm.e,hʊme,hʊme
hʊm.u,hʊm.u,hʊmu,hʊmu
hʊm.o,hʊm.o,hʊmo,hʊmo
hʊn.i,hʊn.i,hʊni,hʊni
hʊn.e,hʊn.e,hʊne,hʊne
hʊn.u,hʊn.u,hʊnu,hʊnu
hʊn.o,hʊn.o,hʊno,hʊno
hʊŋ.i,hʊŋ.i,hʊŋi,hʊŋi
hʊŋ.e,hʊŋ.e,hʊŋe,hʊŋe
hʊŋ.u,hʊŋ.u,hʊŋu,hʊŋu
hʊŋ.o,hʊŋ.o,hʊŋo,hʊŋo
hʊp.i,hʊp.i,hʊpi,hʊpi
hʊp.e,hʊp.e,hʊpe,hʊpe
hʊp.u,hʊp.u,hʊpu,hʊpu
hʊp.o,hʊp.o,hʊpo,hʊpo
hʊt.i,hʊt.i,hʊti,hʊti
hʊt.e,hʊt.e,hʊte,hʊte
hʊt.u,hʊt.u,hʊtu,hʊtu
hʊt.o,hʊt.o,hʊto,hʊto
hʊk.i,hʊk.i,hʊki,hʊki
hʊk.e,hʊk.e,hʊke,hʊke
hʊk.u,hʊk.u,hʊku,hʊku
hʊk.o,hʊk.o,hʊko,hʊko
hʊb.i,hʊb.i,hʊbi,hʊbi
hʊb.e,hʊb.e,hʊbe,hʊbe
hʊb.u,hʊb.u,hʊbu,hʊbu
hʊb.o,hʊb.o,hʊbo,hʊbo
hʊd.i,hʊd.i,hʊdi,hʊdi
hʊd.e,hʊd.e,hʊde,hʊde
hʊd.u,hʊd.u,hʊdu,hʊdu
hʊd.o,hʊd.o,hʊdo,hʊdo
hʊg.i,hʊg.i,hʊgi,hʊgi
hʊg.e,hʊg.e,hʊge,hʊge
hʊg.u,hʊg.u,hʊgu,hʊgu
hʊg.o,hʊg.o,hʊgo,hʊgo
hʊf.i,hʊf.i,hʊfi,hʊfi
hʊf.e,hʊf.e,hʊfe,hʊfe
hʊf.u,hʊf.u,hʊfu,hʊfu
hʊf.o,hʊf.o,hʊfo,hʊfo
hʊs.i,hʊs.i,hʊsi,hʊsi
hʊs.e,hʊs.e,hʊse,hʊse
hʊs.u,hʊs.u,hʊsu,hʊsu
hʊs.o,hʊs.o,hʊso,hʊso
hʊv.i,hʊv.i,hʊvi,hʊvi
hʊv.e,hʊv.e,hʊve,hʊve
hʊv.u,hʊv.u,hʊvu,hʊvu
hʊv.o,hʊv.o,hʊvo,hʊvo
hʊz.i,hʊz.i,hʊzi,hʊzi
hʊz.e,hʊz.e,hʊze,hʊze
hʊz.u,hʊz.u,hʊzu,hʊzu
hʊz.o,hʊz.o,hʊzo,hʊzo
hʊʃ.i,hʊʃ.i,hʊʃi,hʊʃi
hʊʃ.e,hʊʃ.e,hʊʃe,hʊʃe
hʊʃ.u,hʊʃ.u,hʊʃu,hʊʃu
hʊʃ.o,hʊʃ.o,hʊʃo,hʊʃo
hʊʒ.i,hʊʒ.i,hʊʒi,hʊʒi
hʊʒ.e,hʊʒ.e,hʊʒe,hʊʒe
hʊʒ.u,hʊʒ.u,hʊʒu,hʊʒu
hʊʒ.o,hʊʒ.o,hʊʒo,hʊʒo
hʊθ.i,hʊθ.i,hʊθi,hʊθi
hʊθ.e,hʊθ.e,hʊθe,hʊθe
hʊθ.u,hʊθ.u,hʊθu,hʊθu
hʊθ.o,hʊθ.o,hʊθo,hʊθo
hʊð.i,hʊð.i,hʊði,hʊði
hʊð.e,hʊð.e,hʊðe,hʊðe
hʊð.u,hʊð.u,hʊðu,hʊðu
hʊð.o,hʊð.o,hʊðo,hʊðo
mɔm.i,mɔm.i,mɔmi,mɔmi
mɔm.e,mɔm.e,mɔme,mɔme
mɔm.u,mɔm.u,mɔmu,mɔmu
mɔm.o,mɔm.o,mɔmo,mɔmo
mɔn.i,mɔn.i,mɔni,mɔni
mɔn.e,mɔn.e,mɔne,mɔne
mɔn.u,mɔn.u,mɔnu,mɔnu
mɔn.o,mɔn.o,mɔno,mɔno
mɔŋ.i,mɔŋ.i,mɔŋi,mɔŋi
mɔŋ.e,mɔŋ.e,mɔŋe,mɔŋe
mɔŋ.u,mɔŋ.u,mɔŋu,mɔŋu
mɔŋ.o,mɔŋ.o,mɔŋo,mɔŋo
mɔp.i,mɔp.i,mɔpi,mɔpi
mɔp.e,mɔp.e,mɔpe,mɔpe
mɔp.u,mɔp.u,mɔpu,mɔpu
mɔp.o,mɔp.o,mɔpo,mɔpo
mɔt.i,mɔt.i,mɔti,mɔti
mɔt.e,mɔt.e,mɔte,mɔte
mɔt.u,mɔt.u,mɔtu,mɔtu
mɔt.o,mɔt.o,mɔto,mɔto
mɔk.i,mɔk.i,mɔki,mɔki
mɔk.e,mɔk.e,mɔke,mɔke
mɔk.u,mɔk.u,mɔku,mɔku
mɔk.o,mɔk.o,mɔko,mɔko
mɔb.i,mɔb.i,mɔbi,mɔbi
mɔb.e,mɔb.e,mɔbe,mɔbe
mɔb.u,mɔb.u,mɔbu,mɔbu
mɔb.o,mɔb.o,mɔbo,mɔbo
mɔd.i,mɔd.i,mɔdi,mɔdi
mɔd.e,mɔd.e,mɔde,mɔde
mɔd.u,mɔd.u,mɔdu,mɔdu
mɔd.o,mɔd.o,mɔdo,mɔdo
mɔg.i,mɔg.i,mɔgi,mɔgi
mɔg.e,mɔg.e,mɔge,mɔge
mɔg.u,mɔg.u,mɔgu,mɔgu
mɔg.o,mɔg.o,mɔgo,mɔgo
mɔf.i,mɔf.i,mɔfi,mɔfi
mɔf.e,mɔf.e,mɔfe,mɔfe
mɔf.u,mɔf.u,mɔfu,mɔfu
mɔf.o,mɔf.o,mɔfo,mɔfo
mɔs.i,mɔs.i,mɔsi,mɔsi
mɔs.e,mɔs.e,mɔse,mɔse
mɔs.u,mɔs.u,mɔsu,mɔsu
mɔs.o,mɔs.o,mɔso,mɔso
mɔv.i,mɔv.i,mɔvi,mɔvi
mɔv.e,mɔv.e,mɔve,mɔve
mɔv.u,mɔv.u,mɔvu,mɔvu
mɔv.o,mɔv.o,mɔvo,mɔvo
mɔz.i,mɔz.i,mɔzi,mɔzi
mɔz.e,mɔz.e,mɔze,mɔze
mɔz.u,mɔz.u,mɔzu,mɔzu
mɔz.o,mɔz.o,mɔzo,mɔzo
mɔʃ.i,mɔʃ.i,mɔʃi,mɔʃi
mɔʃ.e,mɔʃ.e,mɔʃe,mɔʃe
mɔʃ.u,mɔʃ.u,mɔʃu,mɔʃu
mɔʃ.o,mɔʃ.o,mɔʃo,mɔʃo
mɔʒ.i,mɔʒ.i,mɔʒi,mɔʒi
mɔʒ.e,mɔʒ.e,mɔʒe,mɔʒe
mɔʒ.u,mɔʒ.u,mɔʒu,mɔʒu
mɔʒ.o,mɔʒ.o,mɔʒo,mɔʒo
mɔθ.i,mɔθ.i,mɔθi,mɔθi
mɔθ.e,mɔθ.e,mɔθe,mɔθe
mɔθ.u,mɔθ.u,mɔθu,mɔθu
mɔθ.o,mɔθ.o,mɔθo,mɔθo
mɔð.i,mɔð.i,mɔði,mɔði
mɔð.e,mɔð.e,mɔðe,mɔðe
mɔð.u,mɔð.u,mɔðu,mɔðu
mɔð.o,mɔð.o,mɔðo,mɔðo
nɔm.i,nɔm.i,nɔmi,nɔmi
nɔm.e,nɔm.e,nɔme,nɔme
nɔm.u,nɔm.u,nɔmu,nɔmu
nɔm.o,nɔm.o,nɔmo,nɔmo
nɔn.i,nɔn.i,nɔni,nɔni
nɔn.e,nɔn.e,nɔne,nɔne
nɔn.u,nɔn.u,nɔnu,nɔnu
nɔn.o,nɔn.o,nɔno,nɔno
nɔŋ.i,nɔŋ.i,nɔŋi,nɔŋi
nɔŋ.e,nɔŋ.e,nɔŋe,nɔŋe
nɔŋ.u,nɔŋ.u,nɔŋu,nɔŋu
nɔŋ.o,nɔŋ.o,nɔŋo,nɔŋo
nɔp.i,nɔp.i,nɔpi,nɔpi
nɔp.e,nɔp.e,nɔpe,nɔpe
nɔp.u,nɔp.u,nɔpu,nɔpu
nɔp.o,nɔp.o,nɔpo,nɔpo
nɔt.i,nɔt.i,nɔti,nɔti
nɔt.e,nɔt.e,nɔte,nɔte
nɔt.u,nɔt.u,nɔtu,nɔtu
nɔt.o,nɔt.o,nɔto,nɔto
nɔk.i,nɔk.i,nɔki,nɔki
nɔk.e,nɔk.e,nɔke,nɔke
nɔk.u,nɔk.u,nɔku,nɔku
nɔk.o,nɔk.o,nɔko,nɔko
nɔb.i,nɔb.i,nɔbi,nɔbi
nɔb.e,nɔb.e,nɔbe,nɔbe
nɔb.u,nɔb.u,nɔbu,nɔbu
nɔb.o,nɔb.o,nɔbo,nɔbo
nɔd.i,nɔd.i,nɔdi,nɔdi
nɔd.e,nɔd.e,nɔde,nɔde
nɔd.u,nɔd.u,nɔdu,nɔdu
nɔd.o,nɔd.o,nɔdo,nɔdo
nɔg.i,nɔg.i,nɔgi,nɔgi
nɔg.e,nɔg.e,nɔge,nɔge
nɔg.u,nɔg.u,nɔgu,nɔgu
nɔg.o,nɔg.o,nɔgo,nɔgo
nɔf.i,nɔf.i,nɔfi,nɔfi
nɔf.e,nɔf.e,nɔfe,nɔfe
nɔf.u,nɔf.u,nɔfu,nɔfu
nɔf.o,nɔf.o,nɔfo,nɔfo
nɔs.i,nɔs.i,nɔsi,nɔsi
nɔs.e,nɔs.e,nɔse,nɔse
nɔs.u,nɔs.u,nɔsu,nɔsu
nɔs.o,nɔs.o,nɔso,nɔso
nɔv.i,nɔv.i,nɔvi,nɔvi
nɔv.e,nɔv.e,nɔve,nɔve
nɔv.u,nɔv.u,nɔvu,nɔvu
nɔv.o,nɔv.o,nɔvo,nɔvo
nɔz.i,nɔz.i,nɔzi,nɔzi
nɔz.e,nɔz.e,nɔze,nɔze
nɔz.u,nɔz.u,nɔzu,nɔzu
nɔz.o,nɔz.o,nɔzo,nɔzo
nɔʃ.i,nɔʃ.i,nɔʃi,nɔʃi
nɔʃ.e,nɔʃ.e,nɔʃe,nɔʃe
nɔʃ.u,nɔʃ.u,nɔʃu,nɔʃu
nɔʃ.o,nɔʃ.o,nɔʃo,nɔʃo
nɔʒ.i,nɔʒ.i,nɔʒi,nɔʒi
nɔʒ.e,nɔʒ.e,nɔʒe,nɔʒe
nɔʒ.u,nɔʒ.u,nɔʒu,nɔʒu
nɔʒ.o,nɔʒ.o,nɔʒo,nɔʒo
nɔθ.i,nɔθ.i,nɔθi,nɔθi
nɔθ.e,nɔθ.e,nɔθe,nɔθe
nɔθ.u,nɔθ.u,nɔθu,nɔθu
nɔθ.o,nɔθ.o,nɔθo,nɔθo
nɔð.i,nɔð.i,nɔði,nɔði
nɔð.e,nɔð.e,nɔðe,nɔðe
nɔð.u,nɔð.u,nɔðu,nɔðu
nɔð.o,nɔð.o,nɔðo,nɔðo
pɔm.i,pɔm.i,pɔmi,pɔmi
pɔm.e,pɔm.e,pɔme,pɔme
pɔm.u,pɔm.u,pɔmu,pɔmu
pɔm.o,pɔm.o,pɔmo,pɔmo
pɔn.i,pɔn.i,pɔni,pɔni
pɔn.e,pɔn.e,pɔne,pɔne
pɔn.u,pɔn.u,pɔnu,pɔnu
pɔn.o,pɔn.o,pɔno,pɔno
pɔŋ.i,pɔŋ.i,pɔŋi,pɔŋi
pɔŋ.e,pɔŋ.e,pɔŋe,pɔŋe
pɔŋ.u,pɔŋ.u,pɔŋu,pɔŋu
pɔŋ.o,pɔŋ.o,pɔŋo,pɔŋo
pɔp.i,pɔp.i,pɔpi,pɔpi
pɔp.e,pɔp.e,pɔpe,pɔpe
pɔp.u,pɔp.u,pɔpu,pɔpu
pɔp.o,pɔp.o,pɔpo,pɔpo
pɔt.i,pɔt.i,pɔti,pɔti
pɔt.e,pɔt.e,pɔte,pɔte
pɔt.u,pɔt.u,pɔtu,pɔtu
pɔt.o,pɔt.o,pɔto,pɔto
pɔk.i,pɔk.i,pɔki,pɔki
pɔk.e,pɔk.e,pɔke,pɔke
pɔk.u,pɔk.u,pɔku,pɔku
pɔk.o,pɔk.o,pɔko,pɔko
pɔb.i,pɔb.i,pɔbi,pɔbi
pɔb.e,pɔb.e,pɔbe,pɔbe
pɔb.u,pɔb.u,pɔbu,pɔbu
pɔb.o,pɔb.o,pɔbo,pɔbo
pɔd.i,pɔd.i,pɔdi,pɔdi
pɔd.e,pɔd.e,pɔde,pɔde
pɔd.u,pɔd.u,pɔdu,pɔdu
pɔd.o,pɔd.o,pɔdo,pɔdo
pɔg.i,pɔg.i,pɔgi,pɔgi
pɔg.e,pɔg.e,pɔge,pɔge
pɔg.u,pɔg.u,pɔgu,pɔgu
pɔg.o,pɔg.o,pɔgo,pɔgo
pɔf.i,pɔf.i,pɔfi,pɔfi
pɔf.e,pɔf.e,pɔfe,pɔfe
pɔf.u,pɔf.u,pɔfu,pɔfu
pɔf.o,pɔf.o,pɔfo,pɔfo
pɔs.i,pɔs.i,pɔsi,pɔsi
pɔs.e,pɔs.e,pɔse,pɔse
pɔs.u,pɔs.u,pɔsu,pɔsu
pɔs.o,pɔs.o,pɔso,pɔso
pɔv.i,pɔv.i,pɔvi,pɔvi
pɔv.e,pɔv.e,pɔve,pɔve
pɔv.u,pɔv.u,pɔvu,pɔvu
pɔv.o,pɔv.o,pɔvo,pɔvo
pɔz.i,pɔz.i,pɔzi,pɔzi
pɔz.e,pɔz.e,pɔze,pɔze
pɔz.u,pɔz.u,pɔzu,pɔzu
pɔz.o,pɔz.o,pɔzo,pɔzo
pɔʃ.i,pɔʃ.i,pɔʃi,pɔʃi
pɔʃ.e,pɔʃ.e,pɔʃe,pɔʃe
pɔʃ.u,pɔʃ.u,pɔʃu,pɔʃu
pɔʃ.o,pɔʃ.o,pɔʃo,pɔʃo
pɔʒ.i,pɔʒ.i,pɔʒi,pɔʒi
pɔʒ.e,pɔʒ.e,pɔʒe,pɔʒe
pɔʒ.u,pɔʒ.u,pɔʒu,pɔʒu
pɔʒ.o,pɔʒ.o,pɔʒo,pɔʒo
pɔθ.i,pɔθ.i,pɔθi,pɔθi
pɔθ.e,pɔθ.e,pɔθe,pɔθe
pɔθ.u,pɔθ.u,pɔθu,pɔθu
pɔθ.o,pɔθ.o,pɔθo,pɔθo
pɔð.i,pɔð.i,pɔði,pɔði
pɔð.e,pɔð.e,pɔðe,pɔðe
pɔð.u,pɔð.u,pɔðu,pɔðu
pɔð.o,pɔð.o,pɔðo,pɔðo
tɔm.i,tɔm.i,tɔmi,tɔmi
tɔm.e,tɔm.e,tɔme,tɔme
tɔm.u,tɔm.u,tɔmu,tɔmu
tɔm.o,tɔm.o,tɔmo,tɔmo
tɔn.i,tɔn.i,tɔni,tɔni
tɔn.e,tɔn.e,tɔne,tɔne
tɔn.u,tɔn.u,tɔnu,tɔnu
tɔn.o,tɔn.o,tɔno,tɔno
tɔŋ.i,tɔŋ.i,tɔŋi,tɔŋi
tɔŋ.e,tɔŋ.e,tɔŋe,tɔŋe
tɔŋ.u,tɔŋ.u,tɔŋu,tɔŋu
tɔŋ.o,tɔŋ.o,tɔŋo,tɔŋo
tɔp.i,tɔp.i,tɔpi,tɔpi
tɔp.e,tɔp.e,tɔpe,tɔpe
tɔp.u,tɔp.u,tɔpu,tɔpu
tɔp.o,tɔp.o,tɔpo,tɔpo
tɔt.i,tɔt.i,tɔti,tɔti
tɔt.e,tɔt.e,tɔte,tɔte
tɔt.u,tɔt.u,tɔtu,tɔtu
tɔt.o,tɔt.o,tɔto,tɔto
tɔk.i,tɔk.i,tɔki,tɔki
tɔk.e,tɔk.e,tɔke,tɔke
tɔk.u,tɔk.u,tɔku,tɔku
tɔk.o,tɔk.o,tɔko,tɔko
tɔb.i,tɔb.i,tɔbi,tɔbi
tɔb.e,tɔb.e,tɔbe,tɔbe
tɔb.u,tɔb.u,tɔbu,tɔbu
tɔb.o,tɔb.o,tɔbo,tɔbo
tɔd.i,tɔd.i,tɔdi,tɔdi
tɔd.e,tɔd.e,tɔde,tɔde
tɔd.u,tɔd.u,tɔdu,tɔdu
tɔd.o,tɔd.o,tɔdo,tɔdo
tɔg.i,tɔg.i,tɔgi,tɔgi
tɔg.e,tɔg.e,tɔge,tɔge
tɔg.u,tɔg.u,tɔgu,tɔgu
tɔg.o,tɔg.o,tɔgo,tɔgo
tɔf.i,tɔf.i,tɔfi,tɔfi
tɔf.e,tɔf.e,tɔfe,tɔfe
tɔf.u,tɔf.u,tɔfu,tɔfu
tɔf.o,tɔf.o,tɔfo,tɔfo
tɔs.i,tɔs.i,tɔsi,tɔsi
tɔs.e,tɔs.e,tɔse,tɔse
tɔs.u,tɔs.u,tɔsu,tɔsu
tɔs.o,tɔs.o,tɔso,tɔso
tɔv.i,tɔv.i,tɔvi,tɔvi
tɔv.e,tɔv.e,tɔve,tɔve
tɔv.u,tɔv.u,tɔvu,tɔvu
tɔv.o,tɔv.o,tɔvo,tɔvo
tɔz.i,tɔz.i,tɔzi,tɔzi
tɔz.e,tɔz.e,tɔze,tɔze
tɔz.u,tɔz.u,tɔzu,tɔzu
tɔz.o,tɔz.o,tɔzo,tɔzo
tɔʃ.i,tɔʃ.i,tɔʃi,tɔʃi
tɔʃ.e,tɔʃ.e,tɔʃe,tɔʃe
tɔʃ.u,tɔʃ.u,tɔʃu,tɔʃu
tɔʃ.o,tɔʃ.o,tɔʃo,tɔʃo
tɔʒ.i,tɔʒ.i,tɔʒi,tɔʒi
tɔʒ.e,tɔʒ.e,tɔʒe,tɔʒe
tɔʒ.u,tɔʒ.u,tɔʒu,tɔʒu
tɔʒ.o,tɔʒ.o,tɔʒo,tɔʒo
tɔθ.i,tɔθ.i,tɔθi,tɔθi
tɔθ.e,tɔθ.e,tɔθe,tɔθe
tɔθ.u,tɔθ.u,tɔθu,tɔθu
tɔθ.o,tɔθ.o,tɔθo,tɔθo
tɔð.i,tɔð.i,tɔði,tɔði
tɔð.e,tɔð.e,tɔðe,tɔðe
tɔð.u,tɔð.u,tɔðu,tɔðu
tɔð.o,tɔð.o,tɔðo,tɔðo
kɔm.i,kɔm.i,kɔmi,kɔmi
kɔm.e,kɔm.e,kɔme,kɔme
kɔm.u,kɔm.u,kɔmu,kɔmu
kɔm.o,kɔm.o,kɔmo,kɔmo
kɔn.i,kɔn.i,kɔni,kɔni
kɔn.e,kɔn.e,kɔne,kɔne
kɔn.u,kɔn.u,kɔnu,kɔnu
kɔn.o,kɔn.o,kɔno,kɔno
kɔŋ.i,kɔŋ.i,kɔŋi,kɔŋi
kɔŋ.e,kɔŋ.e,kɔŋe,kɔŋe
kɔŋ.u,kɔŋ.u,kɔŋu,kɔŋu
kɔŋ.o,kɔŋ.o,kɔŋo,kɔŋo
kɔp.i,kɔp.i,kɔpi,kɔpi
kɔp.e,kɔp.e,kɔpe,kɔpe
kɔp.u,kɔp.u,kɔpu,kɔpu
kɔp.o,kɔp.o,kɔpo,kɔpo
kɔt.i,kɔt.i,kɔti,kɔti
kɔt.e,kɔt.e,kɔte,kɔte
kɔt.u,kɔt.u,kɔtu,kɔtu
kɔt.o,kɔt.o,kɔto,kɔto
kɔk.i,kɔk.i,kɔki,kɔki
kɔk.e,kɔk.e,kɔke,kɔke
kɔk.u,kɔk.u,kɔku,kɔku
kɔk.o,kɔk.o,kɔko,kɔko
kɔb.i,kɔb.i,kɔbi,kɔbi
kɔb.e,kɔb.e,kɔbe,kɔbe
kɔb.u,kɔb.u,kɔbu,kɔbu
kɔb.o,kɔb.o,kɔbo,kɔbo
kɔd.i,kɔd.i,kɔdi,kɔdi
kɔd.e,kɔd.e,kɔde,kɔde
kɔd.u,kɔd.u,kɔdu,kɔdu
kɔd.o,kɔd.o,kɔdo,kɔdo
kɔg.i,kɔg.i,kɔgi,kɔgi
kɔg.e,kɔg.e,kɔge,kɔge
kɔg.u,kɔg.u,kɔgu,kɔgu
kɔg.o,kɔg.o,kɔgo,kɔgo
kɔf.i,kɔf.i,kɔfi,kɔfi
kɔf.e,kɔf.e,kɔfe,kɔfe
kɔf.u,kɔf.u,kɔfu,kɔfu
kɔf.o,kɔf.o,kɔfo,kɔfo
kɔs.i,kɔs.i,kɔsi,kɔsi
kɔs.e,kɔs.e,kɔse,kɔse
kɔs.u,kɔs.u,kɔsu,kɔsu
kɔs.o,kɔs.o,kɔso,kɔso
kɔv.i,kɔv.i,kɔvi,kɔvi
kɔv.e,kɔv.e,kɔve,kɔve
kɔv.u,kɔv.u,kɔvu,kɔvu
kɔv.o,kɔv.o,kɔvo,kɔvo
kɔz.i,kɔz.i,kɔzi,kɔzi
kɔz.e,kɔz.e,kɔze,kɔze
kɔz.u,kɔz.u,kɔzu,kɔzu
kɔz.o,kɔz.o,kɔzo,kɔzo
kɔʃ.i,kɔʃ.i,kɔʃi,kɔʃi
kɔʃ.e,kɔʃ.e,kɔʃe,kɔʃe
kɔʃ.u,kɔʃ.u,kɔʃu,kɔʃu
kɔʃ.o,kɔʃ.o,kɔʃo,kɔʃo
kɔʒ.i,kɔʒ.i,kɔʒi,kɔʒi
kɔʒ.e,kɔʒ.e,kɔʒe,kɔʒe
kɔʒ.u,kɔʒ.u,kɔʒu,kɔʒu
kɔʒ.o,kɔʒ.o,kɔʒo,kɔʒo
kɔθ.i,kɔθ.i,kɔθi,kɔθi
kɔθ.e,kɔθ.e,kɔθe,kɔθe
kɔθ.u,kɔθ.u,kɔθu,kɔθu
kɔθ.o,kɔθ.o,kɔθo,kɔθo
kɔð.i,kɔð.i,kɔði,kɔði
kɔð.e,kɔð.e,kɔðe,kɔðe
kɔð.u,kɔð.u,kɔðu,kɔðu
kɔð.o,kɔð.o,kɔðo,kɔðo
bɔm.i,bɔm.i,bɔmi,bɔmi
bɔm.e,bɔm.e,bɔme,bɔme
bɔm.u,bɔm.u,bɔmu,bɔmu
bɔm.o,bɔm.o,bɔmo,bɔmo
bɔn.i,bɔn.i,bɔni,bɔni
bɔn.e,bɔn.e,bɔne,bɔne
bɔn.u,bɔn.u,bɔnu,bɔnu
bɔn.o,bɔn.o,bɔno,bɔno
bɔŋ.i,bɔŋ.i,bɔŋi,bɔŋi
bɔŋ.e,bɔŋ.e,bɔŋe,bɔŋe
bɔŋ.u,bɔŋ.u,bɔŋu,bɔŋu
bɔŋ.o,bɔŋ.o,bɔŋo,bɔŋo
bɔp.i,bɔp.i,bɔpi,bɔpi
bɔp.e,bɔp.e,bɔpe,bɔpe
bɔp.u,bɔp.u,bɔpu,bɔpu
bɔp.o,bɔp.o,bɔpo,bɔpo
bɔt.i,bɔt.i,bɔti,bɔti
bɔt.e,bɔt.e,bɔte,bɔte
bɔt.u,bɔt.u,bɔtu,bɔtu
bɔt.o,bɔt.o,bɔto,bɔto
bɔk.i,bɔk.i,bɔki,bɔki
bɔk.e,bɔk.e,bɔke,bɔke
bɔk.u,bɔk.u,bɔku,bɔku
bɔk.o,bɔk.o,bɔko,bɔko
bɔb.i,bɔb.i,bɔbi,bɔbi
bɔb.e,bɔb.e,bɔbe,bɔbe
bɔb.u,bɔb.u,bɔbu,bɔbu
bɔb.o,bɔb.o,bɔbo,bɔbo
bɔd.i,bɔd.i,bɔdi,bɔdi
bɔd.e,bɔd.e,bɔde,bɔde
bɔd.u,bɔd.u,bɔdu,bɔdu
bɔd.o,bɔd.o,bɔdo,bɔdo
bɔg.i,bɔg.i,bɔgi,bɔgi
bɔg.e,bɔg.e,bɔge,bɔge
bɔg.u,bɔg.u,bɔgu,bɔgu
bɔg.o,bɔg.o,bɔgo,bɔgo
bɔf.i,bɔf.i,bɔfi,bɔfi
bɔf.e,bɔf.e,bɔfe,bɔfe
bɔf.u,bɔf.u,bɔfu,bɔfu
bɔf.o,bɔf.o,bɔfo,bɔfo
bɔs.i,bɔs.i,bɔsi,bɔsi
bɔs.e,bɔs.e,bɔse,bɔse
bɔs.u,bɔs.u,bɔsu,bɔsu
bɔs.o,bɔs.o,bɔso,bɔso
bɔv.i,bɔv.i,bɔvi,bɔvi
bɔv.e,bɔv.e,bɔve,bɔve
bɔv.u,bɔv.u,bɔvu,bɔvu
bɔv.o,bɔv.o,bɔvo,bɔvo
bɔz.i,bɔz.i,bɔzi,bɔzi
bɔz.e,bɔz.e,bɔze,bɔze
bɔz.u,bɔz.u,bɔzu,bɔzu
bɔz.o,bɔz.o,bɔzo,bɔzo
bɔʃ.i,bɔʃ.i,bɔʃi,bɔʃi
bɔʃ.e,bɔʃ.e,bɔʃe,bɔʃe
bɔʃ.u,bɔʃ.u,bɔʃu,bɔʃu
bɔʃ.o,bɔʃ.o,bɔʃo,bɔʃo
bɔʒ.i,bɔʒ.i,bɔʒi,bɔʒi
bɔʒ.e,bɔʒ.e,bɔʒe,bɔʒe
bɔʒ.u,bɔʒ.u,bɔʒu,bɔʒu
bɔʒ.o,bɔʒ.o,bɔʒo,bɔʒo
bɔθ.i,bɔθ.i,bɔθi,bɔθi
bɔθ.e,bɔθ.e,bɔθe,bɔθe
bɔθ.u,bɔθ.u,bɔθu,bɔθu
bɔθ.o,bɔθ.o,bɔθo,bɔθo
bɔð.i,bɔð.i,bɔði,bɔði
bɔð.e,bɔð.e,bɔðe,bɔðe
bɔð.u,bɔð.u,bɔðu,bɔðu
bɔð.o,bɔð.o,bɔðo,bɔðo
dɔm.i,dɔm.i,dɔmi,dɔmi
dɔm.e,dɔm.e,dɔme,dɔme
dɔm.u,dɔm.u,dɔmu,dɔmu
dɔm.o,dɔm.o,dɔmo,dɔmo
dɔn.i,dɔn.i,dɔni,dɔni
dɔn.e,dɔn.e,dɔne,dɔne
dɔn.u,dɔn.u,dɔnu,dɔnu
dɔn.o,dɔn.o,dɔno,dɔno
dɔŋ.i,dɔŋ.i,dɔŋi,dɔŋi
dɔŋ.e,dɔŋ.e,dɔŋe,dɔŋe
dɔŋ.u,dɔŋ.u,dɔŋu,dɔŋu
dɔŋ.o,dɔŋ.o,dɔŋo,dɔŋo
dɔp.i,dɔp.i,dɔpi,dɔpi
dɔp.e,dɔp.e,dɔpe,dɔpe
dɔp.u,dɔp.u,dɔpu,dɔpu
dɔp.o,dɔp.o,dɔpo,dɔpo
dɔt.i,dɔt.i,dɔti,dɔti
dɔt.e,dɔt.e,dɔte,dɔte
dɔt.u,dɔt.u,dɔtu,dɔtu
dɔt.o,dɔt.o,dɔto,dɔto
dɔk.i,dɔk.i,dɔki,dɔki
dɔk.e,dɔk.e,dɔke,dɔke
dɔk.u,dɔk.u,dɔku,dɔku
dɔk.o,dɔk.o,dɔko,dɔko
dɔb.i,dɔb.i,dɔbi,dɔbi
dɔb.e,dɔb.e,dɔbe,dɔbe
dɔb.u,dɔb.u,dɔbu,dɔbu
dɔb.o,dɔb.o,dɔbo,dɔbo
dɔd.i,dɔd.i,dɔdi,dɔdi
dɔd.e,dɔd.e,dɔde,dɔde
dɔd.u,dɔd.u,dɔdu,dɔdu
dɔd.o,dɔd.o,dɔdo,dɔdo
dɔg.i,dɔg.i,dɔgi,dɔgi
dɔg.e,dɔg.e,dɔge,dɔge
dɔg.u,dɔg.u,dɔgu,dɔgu
dɔg.o,dɔg.o,dɔgo,dɔgo
dɔf.i,dɔf.i,dɔfi,dɔfi
dɔf.e,dɔf.e,dɔfe,dɔfe
dɔf.u,dɔf.u,dɔfu,dɔfu
dɔf.o,dɔf.o,dɔfo,dɔfo
dɔs.i,dɔs.i,dɔsi,dɔsi
dɔs.e,dɔs.e,dɔse,dɔse
dɔs.u,dɔs.u,dɔsu,dɔsu
dɔs.o,dɔs.o,dɔso,dɔso
dɔv.i,dɔv.i,dɔvi,dɔvi
dɔv.e,dɔv.e,dɔve,dɔve
dɔv.u,dɔv.u,dɔvu,dɔvu
dɔv.o,dɔv.o,dɔvo,dɔvo
dɔz.i,dɔz.i,dɔzi,dɔzi
dɔz.e,dɔz.e,dɔze,dɔze
dɔz.u,dɔz.u,dɔzu,dɔzu
dɔz.o,dɔz.o,dɔzo,dɔzo
dɔʃ.i,dɔʃ.i,dɔʃi,dɔʃi
dɔʃ.e,dɔʃ.e,dɔʃe,dɔʃe
dɔʃ.u,dɔʃ.u,dɔʃu,dɔʃu
dɔʃ.o,dɔʃ.o,dɔʃo,dɔʃo
dɔʒ.i,dɔʒ.i,dɔʒi,dɔʒi
dɔʒ.e,dɔʒ.e,dɔʒe,dɔʒe
dɔʒ.u,dɔʒ.u,dɔʒu,dɔʒu
dɔʒ.o,dɔʒ.o,dɔʒo,dɔʒo
dɔθ.i,dɔθ.i,dɔθi,dɔθi
dɔθ.e,dɔθ.e,dɔθe,dɔθe
dɔθ.u,dɔθ.u,dɔθu,dɔθu
dɔθ.o,dɔθ.o,dɔθo,dɔθo
dɔð.i,dɔð.i,dɔði,dɔði
dɔð.e,dɔð.e,dɔðe,dɔðe
dɔð.u,dɔð.u,dɔðu,dɔðu
dɔð.o,dɔð.o,dɔðo,dɔðo
gɔm.i,gɔm.i,gɔmi,gɔmi
gɔm.e,gɔm.e,gɔme,gɔme
gɔm.u,gɔm.u,gɔmu,gɔmu
gɔm.o,gɔm.o,gɔmo,gɔmo
gɔn.i,gɔn.i,gɔni,gɔni
gɔn.e,gɔn.e,gɔne,gɔne
gɔn.u,gɔn.u,gɔnu,gɔnu
gɔn.o,gɔn.o,gɔno,gɔno
gɔŋ.i,gɔŋ.i,gɔŋi,gɔŋi
gɔŋ.e,gɔŋ.e,gɔŋe,gɔŋe
gɔŋ.u,gɔŋ.u,gɔŋu,gɔŋu
gɔŋ.o,gɔŋ.o,gɔŋo,gɔŋo
gɔp.i,gɔp.i,gɔpi,gɔpi
gɔp.e,gɔp.e,gɔpe,gɔpe
gɔp.u,gɔp.u,gɔpu,gɔpu
gɔp.o,gɔp.o,gɔpo,gɔpo
gɔt.i,gɔt.i,gɔti,gɔti
gɔt.e,gɔt.e,gɔte,gɔte
gɔt.u,gɔt.u,gɔtu,gɔtu
gɔt.o,gɔt.o,gɔto,gɔto
gɔk.i,gɔk.i,gɔki,gɔki
gɔk.e,gɔk.e,gɔke,gɔke
gɔk.u,gɔk.u,gɔku,gɔku
gɔk.o,gɔk.o,gɔko,gɔko
gɔb.i,gɔb.i,gɔbi,gɔbi
gɔb.e,gɔb.e,gɔbe,gɔbe
gɔb.u,gɔb.u,gɔbu,gɔbu
gɔb.o,gɔb.o,gɔbo,gɔbo
gɔd.i,gɔd.i,gɔdi,gɔdi
gɔd.e,gɔd.e,gɔde,gɔde
gɔd.u,gɔd.u,gɔdu,gɔdu
gɔd.o,gɔd.o,gɔdo,gɔdo
gɔg.i,gɔg.i,gɔgi,gɔgi
gɔg.e,gɔg.e,gɔge,gɔge
gɔg.u,gɔg.u,gɔgu,gɔgu
gɔg.o,gɔg.o,gɔgo,gɔgo
gɔf.i,gɔf.i,gɔfi,gɔfi
gɔf.e,gɔf.e,gɔfe,gɔfe
gɔf.u,gɔf.u,gɔfu,gɔfu
gɔf.o,gɔf.o,gɔfo,gɔfo
gɔs.i,gɔs.i,gɔsi,gɔsi
gɔs.e,gɔs.e,gɔse,gɔse
gɔs.u,gɔs.u,gɔsu,gɔsu
gɔs.o,gɔs.o,gɔso,gɔso
gɔv.i,gɔv.i,gɔvi,gɔvi
gɔv.e,gɔv.e,gɔve,gɔve
gɔv.u,gɔv.u,gɔvu,gɔvu
gɔv.o,gɔv.o,gɔvo,gɔvo
gɔz.i,gɔz.i,gɔzi,gɔzi
gɔz.e,gɔz.e,gɔze,gɔze
gɔz.u,gɔz.u,gɔzu,gɔzu
gɔz.o,gɔz.o,gɔzo,gɔzo
gɔʃ.i,gɔʃ.i,gɔʃi,gɔʃi
gɔʃ.e,gɔʃ.e,gɔʃe,gɔʃe
gɔʃ.u,gɔʃ.u,gɔʃu,gɔʃu
gɔʃ.o,gɔʃ.o,gɔʃo,gɔʃo
gɔʒ.i,gɔʒ.i,gɔʒi,gɔʒi
gɔʒ.e,gɔʒ.e,gɔʒe,gɔʒe
gɔʒ.u,gɔʒ.u,gɔʒu,gɔʒu
gɔʒ.o,gɔʒ.o,gɔʒo,gɔʒo
gɔθ.i,gɔθ.i,gɔθi,gɔθi
gɔθ.e,gɔθ.e,gɔθe,gɔθe
gɔθ.u,gɔθ.u,gɔθu,gɔθu
gɔθ.o,gɔθ.o,gɔθo,gɔθo
gɔð.i,gɔð.i,gɔði,gɔði
gɔð.e,gɔð.e,gɔðe,gɔðe
gɔð.u,gɔð.u,gɔðu,gɔðu
gɔð.o,gɔð.o,gɔðo,gɔðo
fɔm.i,fɔm.i,fɔmi,fɔmi
fɔm.e,fɔm.e,fɔme,fɔme
fɔm.u,fɔm.u,fɔmu,fɔmu
fɔm.o,fɔm.o,fɔmo,fɔmo
fɔn.i,fɔn.i,fɔni,fɔni
fɔn.e,fɔn.e,fɔne,fɔne
fɔn.u,fɔn.u,fɔnu,fɔnu
fɔn.o,fɔn.o,fɔno,fɔno
fɔŋ.i,fɔŋ.i,fɔŋi,fɔŋi
fɔŋ.e,fɔŋ.e,fɔŋe,fɔŋe
fɔŋ.u,fɔŋ.u,fɔŋu,fɔŋu
fɔŋ.o,fɔŋ.o,fɔŋo,fɔŋo
fɔp.i,fɔp.i,fɔpi,fɔpi
fɔp.e,fɔp.e,fɔpe,fɔpe
fɔp.u,fɔp.u,fɔpu,fɔpu
fɔp.o,fɔp.o,fɔpo,fɔpo
fɔt.i,fɔt.i,fɔti,fɔti
fɔt.e,fɔt.e,fɔte,fɔte
fɔt.u,fɔt.u,fɔtu,fɔtu
fɔt.o,fɔt.o,fɔto,fɔto
fɔk.i,fɔk.i,fɔki,fɔki
fɔk.e,fɔk.e,fɔke,fɔke
fɔk.u,fɔk.u,fɔku,fɔku
fɔk.o,fɔk.o,fɔko,fɔko
fɔb.i,fɔb.i,fɔbi,fɔbi
fɔb.e,fɔb.e,fɔbe,fɔbe
fɔb.u,fɔb.u,fɔbu,fɔbu
fɔb.o,fɔb.o,fɔbo,fɔbo
fɔd.i,fɔd.i,fɔdi,fɔdi
fɔd.e,fɔd.e,fɔde,fɔde
fɔd.u,fɔd.u,fɔdu,fɔdu
fɔd.o,fɔd.o,fɔdo,fɔdo
fɔg.i,fɔg.i,fɔgi,fɔgi
fɔg.e,fɔg.e,fɔge,fɔge
fɔg.u,fɔg.u,fɔgu,fɔgu
fɔg.o,fɔg.o,fɔgo,fɔgo
fɔf.i,fɔf.i,fɔfi,fɔfi
fɔf.e,fɔf.e,fɔfe,fɔfe
fɔf.u,fɔf.u,fɔfu,fɔfu
fɔf.o,fɔf.o,fɔfo,fɔfo
fɔs.i,fɔs.i,fɔsi,fɔsi
fɔs.e,fɔs.e,fɔse,fɔse
fɔs.u,fɔs.u,fɔsu,fɔsu
fɔs.o,fɔs.o,fɔso,fɔso
fɔv.i,fɔv.i,fɔvi,fɔvi
fɔv.e,fɔv.e,fɔve,fɔve
fɔv.u,fɔv.u,fɔvu,fɔvu
fɔv.o,fɔv.o,fɔvo,fɔvo
fɔz.i,fɔz.i,fɔzi,fɔzi
fɔz.e,fɔz.e,fɔze,fɔze
fɔz.u,fɔz.u,fɔzu,fɔzu
fɔz.o,fɔz.o,fɔzo,fɔzo
fɔʃ.i,fɔʃ.i,fɔʃi,fɔʃi
fɔʃ.e,fɔʃ.e,fɔʃe,fɔʃe
fɔʃ.u,fɔʃ.u,fɔʃu,fɔʃu
fɔʃ.o,fɔʃ.o,fɔʃo,fɔʃo
fɔʒ.i,fɔʒ.i,fɔʒi,fɔʒi
fɔʒ.e,fɔʒ.e,fɔʒe,fɔʒe
fɔʒ.u,fɔʒ.u,fɔʒu,fɔʒu
fɔʒ.o,fɔʒ.o,fɔʒo,fɔʒo
fɔθ.i,fɔθ.i,fɔθi,fɔθi
fɔθ.e,fɔθ.e,fɔθe,fɔθe
fɔθ.u,fɔθ.u,fɔθu,fɔθu
fɔθ.o,fɔθ.o,fɔθo,fɔθo
fɔð.i,fɔð.i,fɔði,fɔði
fɔð.e,fɔð.e,fɔðe,fɔðe
fɔð.u,fɔð.u,fɔðu,fɔðu
fɔð.o,fɔð.o,fɔðo,fɔðo
sɔm.i,sɔm.i,sɔmi,sɔmi
sɔm.e,sɔm.e,sɔme,sɔme
sɔm.u,sɔm.u,sɔmu,sɔmu
sɔm.o,sɔm.o,sɔmo,sɔmo
sɔn.i,sɔn.i,sɔni,sɔni
sɔn.e,sɔn.e,sɔne,sɔne
sɔn.u,sɔn.u,sɔnu,sɔnu
sɔn.o,sɔn.o,sɔno,sɔno
sɔŋ.i,sɔŋ.i,sɔŋi,sɔŋi
sɔŋ.e,sɔŋ.e,sɔŋe,sɔŋe
sɔŋ.u,sɔŋ.u,sɔŋu,sɔŋu
sɔŋ.o,sɔŋ.o,sɔŋo,sɔŋo
sɔp.i,sɔp.i,sɔpi,sɔpi
sɔp.e,sɔp.e,sɔpe,sɔpe
sɔp.u,sɔp.u,sɔpu,sɔpu
sɔp.o,sɔp.o,sɔpo,sɔpo
sɔt.i,sɔt.i,sɔti,sɔti
sɔt.e,sɔt.e,sɔte,sɔte
sɔt.u,sɔt.u,sɔtu,sɔtu
sɔt.o,sɔt.o,sɔto,sɔto
sɔk.i,sɔk.i,sɔki,sɔki
sɔk.e,sɔk.e,sɔke,sɔke
sɔk.u,sɔk.u,sɔku,sɔku
sɔk.o,sɔk.o,sɔko,sɔko
sɔb.i,sɔb.i,sɔbi,sɔbi
sɔb.e,sɔb.e,sɔbe,sɔbe
sɔb.u,sɔb.u,sɔbu,sɔbu
sɔb.o,sɔb.o,sɔbo,sɔbo
sɔd.i,sɔd.i,sɔdi,sɔdi
sɔd.e,sɔd.e,sɔde,sɔde
sɔd.u,sɔd.u,sɔdu,sɔdu
sɔd.o,sɔd.o,sɔdo,sɔdo
sɔg.i,sɔg.i,sɔgi,sɔgi
sɔg.e,sɔg.e,sɔge,sɔge
sɔg.u,sɔg.u,sɔgu,sɔgu
sɔg.o,sɔg.o,sɔgo,sɔgo
sɔf.i,sɔf.i,sɔfi,sɔfi
sɔf.e,sɔf.e,sɔfe,sɔfe
sɔf.u,sɔf.u,sɔfu,sɔfu
sɔf.o,sɔf.o,sɔfo,sɔfo
sɔs.i,sɔs.i,sɔsi,sɔsi
sɔs.e,sɔs.e,sɔse,sɔse
sɔs.u,sɔs.u,sɔsu,sɔsu
sɔs.o,sɔs.o,sɔso,sɔso
sɔv.i,sɔv.i,sɔvi,sɔvi
sɔv.e,sɔv.e,sɔve,sɔve
sɔv.u,sɔv.u,sɔvu,sɔvu
sɔv.o,sɔv.o,sɔvo,sɔvo
sɔz.i,sɔz.i,sɔzi,sɔzi
sɔz.e,sɔz.e,sɔze,sɔze
sɔz.u,sɔz.u,sɔzu,sɔzu
sɔz.o,sɔz.o,sɔzo,sɔzo
sɔʃ.i,sɔʃ.i,sɔʃi,sɔʃi
sɔʃ.e,sɔʃ.e,sɔʃe,sɔʃe
sɔʃ.u,sɔʃ.u,sɔʃu,sɔʃu
sɔʃ.o,sɔʃ.o,sɔʃo,sɔʃo
sɔʒ.i,sɔʒ.i,sɔʒi,sɔʒi
sɔʒ.e,sɔʒ.e,sɔʒe,sɔʒe
sɔʒ.u,sɔʒ.u,sɔʒu,sɔʒu
sɔʒ.o,sɔʒ.o,sɔʒo,sɔʒo
sɔθ.i,sɔθ.i,sɔθi,sɔθi
sɔθ.e,sɔθ.e,sɔθe,sɔθe
sɔθ.u,sɔθ.u,sɔθu,sɔθu
sɔθ.o,sɔθ.o,sɔθo,sɔθo
sɔð.i,sɔð.i,sɔði,sɔði
sɔð.e,sɔð.e,sɔðe,sɔðe
sɔð.u,sɔð.u,sɔðu,sɔðu
sɔð.o,sɔð.o,sɔðo,sɔðo
vɔm.i,vɔm.i,vɔmi,vɔmi
vɔm.e,vɔm.e,vɔme,vɔme
vɔm.u,vɔm.u,vɔmu,vɔmu
vɔm.o,vɔm.o,vɔmo,vɔmo
vɔn.i,vɔn.i,vɔni,vɔni
vɔn.e,vɔn.e,vɔne,vɔne
vɔn.u,vɔn.u,vɔnu,vɔnu
vɔn.o,vɔn.o,vɔno,vɔno
vɔŋ.i,vɔŋ.i,vɔŋi,vɔŋi
vɔŋ.e,vɔŋ.e,vɔŋe,vɔŋe
vɔŋ.u,vɔŋ.u,vɔŋu,vɔŋu
vɔŋ.o,vɔŋ.o,vɔŋo,vɔŋo
vɔp.i,vɔp.i,vɔpi,vɔpi
vɔp.e,vɔp.e,vɔpe,vɔpe
vɔp.u,vɔp.u,vɔpu,vɔpu
vɔp.o,vɔp.o,vɔpo,vɔpo
vɔt.i,vɔt.i,vɔti,vɔti
vɔt.e,vɔt.e,vɔte,vɔte
vɔt.u,vɔt.u,vɔtu,vɔtu
vɔt.o,vɔt.o,vɔto,vɔto
vɔk.i,vɔk.i,vɔki,vɔki
vɔk.e,vɔk.e,vɔke,vɔke
vɔk.u,vɔk.u,vɔku,vɔku
vɔk.o,vɔk.o,vɔko,vɔko
vɔb.i,vɔb.i,vɔbi,vɔbi
vɔb.e,vɔb.e,vɔbe,vɔbe
vɔb.u,vɔb.u,vɔbu,vɔbu
vɔb.o,vɔb.o,vɔbo,vɔbo
vɔd.i,vɔd.i,vɔdi,vɔdi
vɔd.e,vɔd.e,vɔde,vɔde
vɔd.u,vɔd.u,vɔdu,vɔdu
vɔd.o,vɔd.o,vɔdo,vɔdo
vɔg.i,vɔg.i,vɔgi,vɔgi
vɔg.e,vɔg.e,vɔge,vɔge
vɔg.u,vɔg.u,vɔgu,vɔgu
vɔg.o,vɔg.o,vɔgo,vɔgo
vɔf.i,vɔf.i,vɔfi,vɔfi
vɔf.e,vɔf.e,vɔfe,vɔfe
vɔf.u,vɔf.u,vɔfu,vɔfu
vɔf.o,vɔf.o,vɔfo,vɔfo
vɔs.i,vɔs.i,vɔsi,vɔsi
vɔs.e,vɔs.e,vɔse,vɔse
vɔs.u,vɔs.u,vɔsu,vɔsu
vɔs.o,vɔs.o,vɔso,vɔso
vɔv.i,vɔv.i,vɔvi,vɔvi
vɔv.e,vɔv.e,vɔve,vɔve
vɔv.u,vɔv.u,vɔvu,vɔvu
vɔv.o,vɔv.o,vɔvo,vɔvo
vɔz.i,vɔz.i,vɔzi,vɔzi
vɔz.e,vɔz.e,vɔze,vɔze
vɔz.u,vɔz.u,vɔzu,vɔzu
vɔz.o,vɔz.o,vɔzo,vɔzo
vɔʃ.i,vɔʃ.i,vɔʃi,vɔʃi
vɔʃ.e,vɔʃ.e,vɔʃe,vɔʃe
vɔʃ.u,vɔʃ.u,vɔʃu,vɔʃu
vɔʃ.o,vɔʃ.o,vɔʃo,vɔʃo
vɔʒ.i,vɔʒ.i,vɔʒi,vɔʒi
vɔʒ.e,vɔʒ.e,vɔʒe,vɔʒe
vɔʒ.u,vɔʒ.u,vɔʒu,vɔʒu
vɔʒ.o,vɔʒ.o,vɔʒo,vɔʒo
vɔθ.i,vɔθ.i,vɔθi,vɔθi
vɔθ.e,vɔθ.e,vɔθe,vɔθe
vɔθ.u,vɔθ.u,vɔθu,vɔθu
vɔθ.o,vɔθ.o,vɔθo,vɔθo
vɔð.i,vɔð.i,vɔði,vɔði
vɔð.e,vɔð.e,vɔðe,vɔðe
vɔð.u,vɔð.u,vɔðu,vɔðu
vɔð.o,vɔð.o,vɔðo,vɔðo
zɔm.i,zɔm.i,zɔmi,zɔmi
zɔm.e,zɔm.e,zɔme,zɔme
zɔm.u,zɔm.u,zɔmu,zɔmu
zɔm.o,zɔm.o,zɔmo,zɔmo
zɔn.i,zɔn.i,zɔni,zɔni
zɔn.e,zɔn.e,zɔne,zɔne
zɔn.u,zɔn.u,zɔnu,zɔnu
zɔn.o,zɔn.o,zɔno,zɔno
zɔŋ.i,zɔŋ.i,zɔŋi,zɔŋi
zɔŋ.e,zɔŋ.e,zɔŋe,zɔŋe
zɔŋ.u,zɔŋ.u,zɔŋu,zɔŋu
zɔŋ.o,zɔŋ.o,zɔŋo,zɔŋo
zɔp.i,zɔp.i,zɔpi,zɔpi
zɔp.e,zɔp.e,zɔpe,zɔpe
zɔp.u,zɔp.u,zɔpu,zɔpu
zɔp.o,zɔp.o,zɔpo,zɔpo
zɔt.i,zɔt.i,zɔti,zɔti
zɔt.e,zɔt.e,zɔte,zɔte
zɔt.u,zɔt.u,zɔtu,zɔtu
zɔt.o,zɔt.o,zɔto,zɔto
zɔk.i,zɔk.i,zɔki,zɔki
zɔk.e,zɔk.e,zɔke,zɔke
zɔk.u,zɔk.u,zɔku,zɔku
zɔk.o,zɔk.o,zɔko,zɔko
zɔb.i,zɔb.i,zɔbi,zɔbi
zɔb.e,zɔb.e,zɔbe,zɔbe
zɔb.u,zɔb.u,zɔbu,zɔbu
zɔb.o,zɔb.o,zɔbo,zɔbo
zɔd.i,zɔd.i,zɔdi,zɔdi
zɔd.e,zɔd.e,zɔde,zɔde
zɔd.u,zɔd.u,zɔdu,zɔdu
zɔd.o,zɔd.o,zɔdo,zɔdo
zɔg.i,zɔg.i,zɔgi,zɔgi
zɔg.e,zɔg.e,zɔge,zɔge
zɔg.u,zɔg.u,zɔgu,zɔgu
zɔg.o,zɔg.o,zɔgo,zɔgo
zɔf.i,zɔf.i,zɔfi,zɔfi
zɔf.e,zɔf.e,zɔfe,zɔfe
zɔf.u,zɔf.u,zɔfu,zɔfu
zɔf.o,zɔf.o,zɔfo,zɔfo
zɔs.i,zɔs.i,zɔsi,zɔsi
zɔs.e,zɔs.e,zɔse,zɔse
zɔs.u,zɔs.u,zɔsu,zɔsu
zɔs.o,zɔs.o,zɔso,zɔso
zɔv.i,zɔv.i,zɔvi,zɔvi
zɔv.e,zɔv.e,zɔve,zɔve
zɔv.u,zɔv.u,zɔvu,zɔvu
zɔv.o,zɔv.o,zɔvo,zɔvo
zɔz.i,zɔz.i,zɔzi,zɔzi
zɔz.e,zɔz.e,zɔze,zɔze
zɔz.u,zɔz.u,zɔzu,zɔzu
zɔz.o,zɔz.o,zɔzo,zɔzo
zɔʃ.i,zɔʃ.i,zɔʃi,zɔʃi
zɔʃ.e,zɔʃ.e,zɔʃe,zɔʃe
zɔʃ.u,zɔʃ.u,zɔʃu,zɔʃu
zɔʃ.o,zɔʃ.o,zɔʃo,zɔʃo
zɔʒ.i,zɔʒ.i,zɔʒi,zɔʒi
zɔʒ.e,zɔʒ.e,zɔʒe,zɔʒe
zɔʒ.u,zɔʒ.u,zɔʒu,zɔʒu
zɔʒ.o,zɔʒ.o,zɔʒo,zɔʒo
zɔθ.i,zɔθ.i,zɔθi,zɔθi
zɔθ.e,zɔθ.e,zɔθe,zɔθe
zɔθ.u,zɔθ.u,zɔθu,zɔθu
zɔθ.o,zɔθ.o,zɔθo,zɔθo
zɔð.i,zɔð.i,zɔði,zɔði
zɔð.e,zɔð.e,zɔðe,zɔðe
zɔð.u,zɔð.u,zɔðu,zɔðu
zɔð.o,zɔð.o,zɔðo,zɔðo
ʃɔm.i,ʃɔm.i,ʃɔmi,ʃɔmi
ʃɔm.e,ʃɔm.e,ʃɔme,ʃɔme
ʃɔm.u,ʃɔm.u,ʃɔmu,ʃɔmu
ʃɔm.o,ʃɔm.o,ʃɔmo,ʃɔmo
ʃɔn.i,ʃɔn.i,ʃɔni,ʃɔni
ʃɔn.e,ʃɔn.e,ʃɔne,ʃɔne
ʃɔn.u,ʃɔn.u,ʃɔnu,ʃɔnu
ʃɔn.o,ʃɔn.o,ʃɔno,ʃɔno
ʃɔŋ.i,ʃɔŋ.i,ʃɔŋi,ʃɔŋi
ʃɔŋ.e,ʃɔŋ.e,ʃɔŋe,ʃɔŋe
ʃɔŋ.u,ʃɔŋ.u,ʃɔŋu,ʃɔŋu
ʃɔŋ.o,ʃɔŋ.o,ʃɔŋo,ʃɔŋo
ʃɔp.i,ʃɔp.i,ʃɔpi,ʃɔpi
ʃɔp.e,ʃɔp.e,ʃɔpe,ʃɔpe
ʃɔp.u,ʃɔp.u,ʃɔpu,ʃɔpu
ʃɔp.o,ʃɔp.o,ʃɔpo,ʃɔpo
ʃɔt.i,ʃɔt.i,ʃɔti,ʃɔti
ʃɔt.e,ʃɔt.e,ʃɔte,ʃɔte
ʃɔt.u,ʃɔt.u,ʃɔtu,ʃɔtu
ʃɔt.o,ʃɔt.o,ʃɔto,ʃɔto
ʃɔk.i,ʃɔk.i,ʃɔki,ʃɔki
ʃɔk.e,ʃɔk.e,ʃɔke,ʃɔke
ʃɔk.u,ʃɔk.u,ʃɔku,ʃɔku
ʃɔk.o,ʃɔk.o,ʃɔko,ʃɔko
ʃɔb.i,ʃɔb.i,ʃɔbi,ʃɔbi
ʃɔb.e,ʃɔb.e,ʃɔbe,ʃɔbe
ʃɔb.u,ʃɔb.u,ʃɔbu,ʃɔbu
ʃɔb.o,ʃɔb.o,ʃɔbo,ʃɔbo
ʃɔd.i,ʃɔd.i,ʃɔdi,ʃɔdi
ʃɔd.e,ʃɔd.e,ʃɔde,ʃɔde
ʃɔd.u,ʃɔd.u,ʃɔdu,ʃɔdu
ʃɔd.o,ʃɔd.o,ʃɔdo,ʃɔdo
ʃɔg.i,ʃɔg.i,ʃɔgi,ʃɔgi
ʃɔg.e,ʃɔg.e,ʃɔge,ʃɔge
ʃɔg.u,ʃɔg.u,ʃɔgu,ʃɔgu
ʃɔg.o,ʃɔg.o,ʃɔgo,ʃɔgo
ʃɔf.i,ʃɔf.i,ʃɔfi,ʃɔfi
ʃɔf.e,ʃɔf.e,ʃɔfe,ʃɔfe
ʃɔf.u,ʃɔf.u,ʃɔfu,ʃɔfu
ʃɔf.o,ʃɔf.o,ʃɔfo,ʃɔfo
ʃɔs.i,ʃɔs.i,ʃɔsi,ʃɔsi
ʃɔs.e,ʃɔs.e,ʃɔse,ʃɔse
ʃɔs.u,ʃɔs.u,ʃɔsu,ʃɔsu
ʃɔs.o,ʃɔs.o,ʃɔso,ʃɔso
ʃɔv.i,ʃɔv.i,ʃɔvi,ʃɔvi
ʃɔv.e,ʃɔv.e,ʃɔve,ʃɔve
ʃɔv.u,ʃɔv.u,ʃɔvu,ʃɔvu
ʃɔv.o,ʃɔv.o,ʃɔvo,ʃɔvo
ʃɔz.i,ʃɔz.i,ʃɔzi,ʃɔzi
ʃɔz.e,ʃɔz.e,ʃɔze,ʃɔze
ʃɔz.u,ʃɔz.u,ʃɔzu,ʃɔzu
ʃɔz.o,ʃɔz.o,ʃɔzo,ʃɔzo
ʃɔʃ.i,ʃɔʃ.i,ʃɔʃi,ʃɔʃi
ʃɔʃ.e,ʃɔʃ.e,ʃɔʃe,ʃɔʃe
ʃɔʃ.u,ʃɔʃ.u,ʃɔʃu,ʃɔʃu
ʃɔʃ.o,ʃɔʃ.o,ʃɔʃo,ʃɔʃo
ʃɔʒ.i,ʃɔʒ.i,ʃɔʒi,ʃɔʒi
ʃɔʒ.e,ʃɔʒ.e,ʃɔʒe,ʃɔʒe
ʃɔʒ.u,ʃɔʒ.u,ʃɔʒu,ʃɔʒu
ʃɔʒ.o,ʃɔʒ.o,ʃɔʒo,ʃɔʒo
ʃɔθ.i,ʃɔθ.i,ʃɔθi,ʃɔθi
ʃɔθ.e,ʃɔθ.e,ʃɔθe,ʃɔθe
ʃɔθ.u,ʃɔθ.u,ʃɔθu,ʃɔθu
ʃɔθ.o,ʃɔθ.o,ʃɔθo,ʃɔθo
ʃɔð.i,ʃɔð.i,ʃɔði,ʃɔði
ʃɔð.e,ʃɔð.e,ʃɔðe,ʃɔðe
ʃɔð.u,ʃɔð.u,ʃɔðu,ʃɔðu
ʃɔð.o,ʃɔð.o,ʃɔðo,ʃɔðo
ʒɔm.i,ʒɔm.i,ʒɔmi,ʒɔmi
ʒɔm.e,ʒɔm.e,ʒɔme,ʒɔme
ʒɔm.u,ʒɔm.u,ʒɔmu,ʒɔmu
ʒɔm.o,ʒɔm.o,ʒɔmo,ʒɔmo
ʒɔn.i,ʒɔn.i,ʒɔni,ʒɔni
ʒɔn.e,ʒɔn.e,ʒɔne,ʒɔne
ʒɔn.u,ʒɔn.u,ʒɔnu,ʒɔnu
ʒɔn.o,ʒɔn.o,ʒɔno,ʒɔno
ʒɔŋ.i,ʒɔŋ.i,ʒɔŋi,ʒɔŋi
ʒɔŋ.e,ʒɔŋ.e,ʒɔŋe,ʒɔŋe
ʒɔŋ.u,ʒɔŋ.u,ʒɔŋu,ʒɔŋu
ʒɔŋ.o,ʒɔŋ.o,ʒɔŋo,ʒɔŋo
ʒɔp.i,ʒɔp.i,ʒɔpi,ʒɔpi
ʒɔp.e,ʒɔp.e,ʒɔpe,ʒɔpe
ʒɔp.u,ʒɔp.u,ʒɔpu,ʒɔpu
ʒɔp.o,ʒɔp.o,ʒɔpo,ʒɔpo
ʒɔt.i,ʒɔt.i,ʒɔti,ʒɔti
ʒɔt.e,ʒɔt.e,ʒɔte,ʒɔte
ʒɔt.u,ʒɔt.u,ʒɔtu,ʒɔtu
ʒɔt.o,ʒɔt.o,ʒɔto,ʒɔto
ʒɔk.i,ʒɔk.i,ʒɔki,ʒɔki
ʒɔk.e,ʒɔk.e,ʒɔke,ʒɔke
ʒɔk.u,ʒɔk.u,ʒɔku,ʒɔku
ʒɔk.o,ʒɔk.o,ʒɔko,ʒɔko
ʒɔb.i,ʒɔb.i,ʒɔbi,ʒɔbi
ʒɔb.e,ʒɔb.e,ʒɔbe,ʒɔbe
ʒɔb.u,ʒɔb.u,ʒɔbu,ʒɔbu
ʒɔb.o,ʒɔb.o,ʒɔbo,ʒɔbo
ʒɔd.i,ʒɔd.i,ʒɔdi,ʒɔdi
ʒɔd.e,ʒɔd.e,ʒɔde,ʒɔde
ʒɔd.u,ʒɔd.u,ʒɔdu,ʒɔdu
ʒɔd.o,ʒɔd.o,ʒɔdo,ʒɔdo
ʒɔg.i,ʒɔg.i,ʒɔgi,ʒɔgi
ʒɔg.e,ʒɔg.e,ʒɔge,ʒɔge
ʒɔg.u,ʒɔg.u,ʒɔgu,ʒɔgu
ʒɔg.o,ʒɔg.o,ʒɔgo,ʒɔgo
ʒɔf.i,ʒɔf.i,ʒɔfi,ʒɔfi
ʒɔf.e,ʒɔf.e,ʒɔfe,ʒɔfe
ʒɔf.u,ʒɔf.u,ʒɔfu,ʒɔfu
ʒɔf.o,ʒɔf.o,ʒɔfo,ʒɔfo
ʒɔs.i,ʒɔs.i,ʒɔsi,ʒɔsi
ʒɔs.e,ʒɔs.e,ʒɔse,ʒɔse
ʒɔs.u,ʒɔs.u,ʒɔsu,ʒɔsu
ʒɔs.o,ʒɔs.o,ʒɔso,ʒɔso
ʒɔv.i,ʒɔv.i,ʒɔvi,ʒɔvi
ʒɔv.e,ʒɔv.e,ʒɔve,ʒɔve
ʒɔv.u,ʒɔv.u,ʒɔvu,ʒɔvu
ʒɔv.o,ʒɔv.o,ʒɔvo,ʒɔvo
ʒɔz.i,ʒɔz.i,ʒɔzi,ʒɔzi
ʒɔz.e,ʒɔz.e,ʒɔze,ʒɔze
ʒɔz.u,ʒɔz.u,ʒɔzu,ʒɔzu
ʒɔz.o,ʒɔz.o,ʒɔzo,ʒɔzo
ʒɔʃ.i,ʒɔʃ.i,ʒɔʃi,ʒɔʃi
ʒɔʃ.e,ʒɔʃ.e,ʒɔʃe,ʒɔʃe
ʒɔʃ.u,ʒɔʃ.u,ʒɔʃu,ʒɔʃu
ʒɔʃ.o,ʒɔʃ.o,ʒɔʃo,ʒɔʃo
ʒɔʒ.i,ʒɔʒ.i,ʒɔʒi,ʒɔʒi
ʒɔʒ.e,ʒɔʒ.e,ʒɔʒe,ʒɔʒe
ʒɔʒ.u,ʒɔʒ.u,ʒɔʒu,ʒɔʒu
ʒɔʒ.o,ʒɔʒ.o,ʒɔʒo,ʒɔʒo
ʒɔθ.i,ʒɔθ.i,ʒɔθi,ʒɔθi
ʒɔθ.e,ʒɔθ.e,ʒɔθe,ʒɔθe
ʒɔθ.u,ʒɔθ.u,ʒɔθu,ʒɔθu
ʒɔθ.o,ʒɔθ.o,ʒɔθo,ʒɔθo
ʒɔð.i,ʒɔð.i,ʒɔði,ʒɔði
ʒɔð.e,ʒɔð.e,ʒɔðe,ʒɔðe
ʒɔð.u,ʒɔð.u,ʒɔðu,ʒɔðu
ʒɔð.o,ʒɔð.o,ʒɔðo,ʒɔðo
θɔm.i,θɔm.i,θɔmi,θɔmi
θɔm.e,θɔm.e,θɔme,θɔme
θɔm.u,θɔm.u,θɔmu,θɔmu
θɔm.o,θɔm.o,θɔmo,θɔmo
θɔn.i,θɔn.i,θɔni,θɔni
θɔn.e,θɔn.e,θɔne,θɔne
θɔn.u,θɔn.u,θɔnu,θɔnu
θɔn.o,θɔn.o,θɔno,θɔno
θɔŋ.i,θɔŋ.i,θɔŋi,θɔŋi
θɔŋ.e,θɔŋ.e,θɔŋe,θɔŋe
θɔŋ.u,θɔŋ.u,θɔŋu,θɔŋu
θɔŋ.o,θɔŋ.o,θɔŋo,θɔŋo
θɔp.i,θɔp.i,θɔpi,θɔpi
θɔp.e,θɔp.e,θɔpe,θɔpe
θɔp.u,θɔp.u,θɔpu,θɔpu
θɔp.o,θɔp.o,θɔpo,θɔpo
θɔt.i,θɔt.i,θɔti,θɔti
θɔt.e,θɔt.e,θɔte,θɔte
θɔt.u,θɔt.u,θɔtu,θɔtu
θɔt.o,θɔt.o,θɔto,θɔto
θɔk.i,θɔk.i,θɔki,θɔki
θɔk.e,θɔk.e,θɔke,θɔke
θɔk.u,θɔk.u,θɔku,θɔku
θɔk.o,θɔk.o,θɔko,θɔko
θɔb.i,θɔb.i,θɔbi,θɔbi
θɔb.e,θɔb.e,θɔbe,θɔbe
θɔb.u,θɔb.u,θɔbu,θɔbu
θɔb.o,θɔb.o,θɔbo,θɔbo
θɔd.i,θɔd.i,θɔdi,θɔdi
θɔd.e,θɔd.e,θɔde,θɔde
θɔd.u,θɔd.u,θɔdu,θɔdu
θɔd.o,θɔd.o,θɔdo,θɔdo
θɔg.i,θɔg.i,θɔgi,θɔgi
θɔg.e,θɔg.e,θɔge,θɔge
θɔg.u,θɔg.u,θɔgu,θɔgu
θɔg.o,θɔg.o,θɔgo,θɔgo
θɔf.i,θɔf.i,θɔfi,θɔfi
θɔf.e,θɔf.e,θɔfe,θɔfe
θɔf.u,θɔf.u,θɔfu,θɔfu
θɔf.o,θɔf.o,θɔfo,θɔfo
θɔs.i,θɔs.i,θɔsi,θɔsi
θɔs.e,θɔs.e,θɔse,θɔse
θɔs.u,θɔs.u,θɔsu,θɔsu
θɔs.o,θɔs.o,θɔso,θɔso
θɔv.i,θɔv.i,θɔvi,θɔvi
θɔv.e,θɔv.e,θɔve,θɔve
θɔv.u,θɔv.u,θɔvu,θɔvu
θɔv.o,θɔv.o,θɔvo,θɔvo
θɔz.i,θɔz.i,θɔzi,θɔzi
θɔz.e,θɔz.e,θɔze,θɔze
θɔz.u,θɔz.u,θɔzu,θɔzu
θɔz.o,θɔz.o,θɔzo,θɔzo
θɔʃ.i,θɔʃ.i,θɔʃi,θɔʃi
θɔʃ.e,θɔʃ.e,θɔʃe,θɔʃe
θɔʃ.u,θɔʃ.u,θɔʃu,θɔʃu
θɔʃ.o,θɔʃ.o,θɔʃo,θɔʃo
θɔʒ.i,θɔʒ.i,θɔʒi,θɔʒi
θɔʒ.e,θɔʒ.e,θɔʒe,θɔʒe
θɔʒ.u,θɔʒ.u,θɔʒu,θɔʒu
θɔʒ.o,θɔʒ.o,θɔʒo,θɔʒo
θɔθ.i,θɔθ.i,θɔθi,θɔθi
θɔθ.e,θɔθ.e,θɔθe,θɔθe
θɔθ.u,θɔθ.u,θɔθu,θɔθu
θɔθ.o,θɔθ.o,θɔθo,θɔθo
θɔð.i,θɔð.i,θɔði,θɔði
θɔð.e,θɔð.e,θɔðe,θɔðe
θɔð.u,θɔð.u,θɔðu,θɔðu
θɔð.o,θɔð.o,θɔðo,θɔðo
ðɔm.i,ðɔm.i,ðɔmi,ðɔmi
ðɔm.e,ðɔm.e,ðɔme,ðɔme
ðɔm.u,ðɔm.u,ðɔmu,ðɔmu
ðɔm.o,ðɔm.o,ðɔmo,ðɔmo
ðɔn.i,ðɔn.i,ðɔni,ðɔni
ðɔn.e,ðɔn.e,ðɔne,ðɔne
ðɔn.u,ðɔn.u,ðɔnu,ðɔnu
ðɔn.o,ðɔn.o,ðɔno,ðɔno
ðɔŋ.i,ðɔŋ.i,ðɔŋi,ðɔŋi
ðɔŋ.e,ðɔŋ.e,ðɔŋe,ðɔŋe
ðɔŋ.u,ðɔŋ.u,ðɔŋu,ðɔŋu
ðɔŋ.o,ðɔŋ.o,ðɔŋo,ðɔŋo
ðɔp.i,ðɔp.i,ðɔpi,ðɔpi
ðɔp.e,ðɔp.e,ðɔpe,ðɔpe
ðɔp.u,ðɔp.u,ðɔpu,ðɔpu
ðɔp.o,ðɔp.o,ðɔpo,ðɔpo
ðɔt.i,ðɔt.i,ðɔti,ðɔti
ðɔt.e,ðɔt.e,ðɔte,ðɔte
ðɔt.u,ðɔt.u,ðɔtu,ðɔtu
ðɔt.o,ðɔt.o,ðɔto,ðɔto
ðɔk.i,ðɔk.i,ðɔki,ðɔki
ðɔk.e,ðɔk.e,ðɔke,ðɔke
ðɔk.u,ðɔk.u,ðɔku,ðɔku
ðɔk.o,ðɔk.o,ðɔko,ðɔko
ðɔb.i,ðɔb.i,ðɔbi,ðɔbi
ðɔb.e,ðɔb.e,ðɔbe,ðɔbe
ðɔb.u,ðɔb.u,ðɔbu,ðɔbu
ðɔb.o,ðɔb.o,ðɔbo,ðɔbo
ðɔd.i,ðɔd.i,ðɔdi,ðɔdi
ðɔd.e,ðɔd.e,ðɔde,ðɔde
ðɔd.u,ðɔd.u,ðɔdu,ðɔdu
ðɔd.o,ðɔd.o,ðɔdo,ðɔdo
ðɔg.i,ðɔg.i,ðɔgi,ðɔgi
ðɔg.e,ðɔg.e,ðɔge,ðɔge
ðɔg.u,ðɔg.u,ðɔgu,ðɔgu
ðɔg.o,ðɔg.o,ðɔgo,ðɔgo
ðɔf.i,ðɔf.i,ðɔfi,ðɔfi
ðɔf.e,ðɔf.e,ðɔfe,ðɔfe
ðɔf.u,ðɔf.u,ðɔfu,ðɔfu
ðɔf.o,ðɔf.o,ðɔfo,ðɔfo
ðɔs.i,ðɔs.i,ðɔsi,ðɔsi
ðɔs.e,ðɔs.e,ðɔse,ðɔse
ðɔs.u,ðɔs.u,ðɔsu,ðɔsu
ðɔs.o,ðɔs.o,ðɔso,ðɔso
ðɔv.i,ðɔv.i,ðɔvi,ðɔvi
ðɔv.e,ðɔv.e,ðɔve,ðɔve
ðɔv.u,ðɔv.u,ðɔvu,ðɔvu
ðɔv.o,ðɔv.o,ðɔvo,ðɔvo
ðɔz.i,ðɔz.i,ðɔzi,ðɔzi
ðɔz.e,ðɔz.e,ðɔze,ðɔze
ðɔz.u,ðɔz.u,ðɔzu,ðɔzu
ðɔz.o,ðɔz.o,ðɔzo,ðɔzo
ðɔʃ.i,ðɔʃ.i,ðɔʃi,ðɔʃi
ðɔʃ.e,ðɔʃ.e,ðɔʃe,ðɔʃe
ðɔʃ.u,ðɔʃ.u,ðɔʃu,ðɔʃu
ðɔʃ.o,ðɔʃ.o,ðɔʃo,ðɔʃo
ðɔʒ.i,ðɔʒ.i,ðɔʒi,ðɔʒi
ðɔʒ.e,ðɔʒ.e,ðɔʒe,ðɔʒe
ðɔʒ.u,ðɔʒ.u,ðɔʒu,ðɔʒu
ðɔʒ.o,ðɔʒ.o,ðɔʒo,ðɔʒo
ðɔθ.i,ðɔθ.i,ðɔθi,ðɔθi
ðɔθ.e,ðɔθ.e,ðɔθe,ðɔθe
ðɔθ.u,ðɔθ.u,ðɔθu,ðɔθu
ðɔθ.o,ðɔθ.o,ðɔθo,ðɔθo
ðɔð.i,ðɔð.i,ðɔði,ðɔði
ðɔð.e,ðɔð.e,ðɔðe,ðɔðe
ðɔð.u,ðɔð.u,ðɔðu,ðɔðu
ðɔð.o,ðɔð.o,ðɔðo,ðɔðo
hɔm.i,hɔm.i,hɔmi,hɔmi
hɔm.e,hɔm.e,hɔme,hɔme
hɔm.u,hɔm.u,hɔmu,hɔmu
hɔm.o,hɔm.o,hɔmo,hɔmo
hɔn.i,hɔn.i,hɔni,hɔni
hɔn.e,hɔn.e,hɔne,hɔne
hɔn.u,hɔn.u,hɔnu,hɔnu
hɔn.o,hɔn.o,hɔno,hɔno
hɔŋ.i,hɔŋ.i,hɔŋi,hɔŋi
hɔŋ.e,hɔŋ.e,hɔŋe,hɔŋe
hɔŋ.u,hɔŋ.u,hɔŋu,hɔŋu
hɔŋ.o,hɔŋ.o,hɔŋo,hɔŋo
hɔp.i,hɔp.i,hɔpi,hɔpi
hɔp.e,hɔp.e,hɔpe,hɔpe
hɔp.u,hɔp.u,hɔpu,hɔpu
hɔp.o,hɔp.o,hɔpo,hɔpo
hɔt.i,hɔt.i,hɔti,hɔti
hɔt.e,hɔt.e,hɔte,hɔte
hɔt.u,hɔt.u,hɔtu,hɔtu
hɔt.o,hɔt.o,hɔto,hɔto
hɔk.i,hɔk.i,hɔki,hɔki
hɔk.e,hɔk.e,hɔke,hɔke
hɔk.u,hɔk.u,hɔku,hɔku
hɔk.o,hɔk.o,hɔko,hɔko
hɔb.i,hɔb.i,hɔbi,hɔbi
hɔb.e,hɔb.e,hɔbe,hɔbe
hɔb.u,hɔb.u,hɔbu,hɔbu
hɔb.o,hɔb.o,hɔbo,hɔbo
hɔd.i,hɔd.i,hɔdi,hɔdi
hɔd.e,hɔd.e,hɔde,hɔde
hɔd.u,hɔd.u,hɔdu,hɔdu
hɔd.o,hɔd.o,hɔdo,hɔdo
hɔg.i,hɔg.i,hɔgi,hɔgi
hɔg.e,hɔg.e,hɔge,hɔge
hɔg.u,hɔg.u,hɔgu,hɔgu
hɔg.o,hɔg.o,hɔgo,hɔgo
hɔf.i,hɔf.i,hɔfi,hɔfi
hɔf.e,hɔf.e,hɔfe,hɔfe
hɔf.u,hɔf.u,hɔfu,hɔfu
hɔf.o,hɔf.o,hɔfo,hɔfo
hɔs.i,hɔs.i,hɔsi,hɔsi
hɔs.e,hɔs.e,hɔse,hɔse
hɔs.u,hɔs.u,hɔsu,hɔsu
hɔs.o,hɔs.o,hɔso,hɔso
hɔv.i,hɔv.i,hɔvi,hɔvi
hɔv.e,hɔv.e,hɔve,hɔve
hɔv.u,hɔv.u,hɔvu,hɔvu
hɔv.o,hɔv.o,hɔvo,hɔvo
hɔz.i,hɔz.i,hɔzi,hɔzi
hɔz.e,hɔz.e,hɔze,hɔze
hɔz.u,hɔz.u,hɔzu,hɔzu
hɔz.o,hɔz.o,hɔzo,hɔzo
hɔʃ.i,hɔʃ.i,hɔʃi,hɔʃi
hɔʃ.e,hɔʃ.e,hɔʃe,hɔʃe
hɔʃ.u,hɔʃ.u,hɔʃu,hɔʃu
hɔʃ.o,hɔʃ.o,hɔʃo,hɔʃo
hɔʒ.i,hɔʒ.i,hɔʒi,hɔʒi
hɔʒ.e,hɔʒ.e,hɔʒe,hɔʒe
hɔʒ.u,hɔʒ.u,hɔʒu,hɔʒu
hɔʒ.o,hɔʒ.o,hɔʒo,hɔʒo
hɔθ.i,hɔθ.i,hɔθi,hɔθi
hɔθ.e,hɔθ.e,hɔθe,hɔθe
hɔθ.u,hɔθ.u,hɔθu,hɔθu
hɔθ.o,hɔθ.o,hɔθo,hɔθo
hɔð.i,hɔð.i,hɔði,hɔði
hɔð.e,hɔð.e,hɔðe,hɔðe
hɔð.u,hɔð.u,hɔðu,hɔðu
hɔð.o,hɔð.o,hɔðo,hɔðo
