ur_syll,sr_syll,ur_string,sr_string
i.mi,u.mi,imi,umi
i.ni,u.ni,ini,uni
i.pi,u.pi,ipi,upi
i.ti,u.ti,iti,uti
i.ki,u.ki,iki,uki
i.bi,u.bi,ibi,ubi
i.di,u.di,idi,udi
i.gi,u.gi,igi,ugi
i.fi,u.fi,ifi,ufi
i.si,u.si,isi,usi
i.vi,u.vi,ivi,uvi
i.zi,u.zi,izi,uzi
i.ʃi,u.ʃi,iʃi,uʃi
i.ʒi,u.ʒi,iʒi,uʒi
i.θi,u.θi,iθi,uθi
i.ði,u.ði,iði,uði
i.hi,u.hi,ihi,uhi
i.me,u.me,ime,ume
i.ne,u.ne,ine,une
i.pe,u.pe,ipe,upe
i.te,u.te,ite,ute
i.ke,u.ke,ike,uke
i.be,u.be,ibe,ube
i.de,u.de,ide,ude
i.ge,u.ge,ige,uge
i.fe,u.fe,ife,ufe
i.se,u.se,ise,use
i.ve,u.ve,ive,uve
i.ze,u.ze,ize,uze
i.ʃe,u.ʃe,iʃe,uʃe
i.ʒe,u.ʒe,iʒe,uʒe
i.θe,u.θe,iθe,uθe
i.ðe,u.ðe,iðe,uðe
i.he,u.he,ihe,uhe
i.mu,u.mu,imu,umu
i.nu,u.nu,inu,unu
i.pu,u.pu,ipu,upu
i.tu,u.tu,itu,utu
i.ku,u.ku,iku,uku
i.bu,u.bu,ibu,ubu
i.du,u.du,idu,udu
i.gu,u.gu,igu,ugu
i.fu,u.fu,ifu,ufu
i.su,u.su,isu,usu
i.vu,u.vu,ivu,uvu
i.zu,u.zu,izu,uzu
i.ʃu,u.ʃu,iʃu,uʃu
i.ʒu,u.ʒu,iʒu,uʒu
i.θu,u.θu,iθu,uθu
i.ðu,u.ðu,iðu,uðu
i.hu,u.hu,ihu,uhu
i.mo,u.mo,imo,umo
i.no,u.no,ino,uno
i.po,u.po,ipo,upo
i.to,u.to,ito,uto
i.ko,u.ko,iko,uko
i.bo,u.bo,ibo,ubo
i.do,u.do,ido,udo
i.go,u.go,igo,ugo
i.fo,u.fo,ifo,ufo
i.so,u.so,iso,uso
i.vo,u.vo,ivo,uvo
i.zo,u.zo,izo,uzo
i.ʃo,u.ʃo,iʃo,uʃo
i.ʒo,u.ʒo,iʒo,uʒo
i.θo,u.θo,iθo,uθo
i.ðo,u.ðo,iðo,uðo
i.ho,u.ho,iho,uho
e.mi,o.mi,emi,omi
e.ni,o.ni,eni,oni
e.pi,o.pi,epi,opi
e.ti,o.ti,eti,oti
e.ki,o.ki,eki,oki
e.bi,o.bi,ebi,obi
e.di,o.di,edi,odi
e.gi,o.gi,egi,ogi
e.fi,o.fi,efi,ofi
e.si,o.si,esi,osi
e.vi,o.vi,evi,ovi
e.zi,o.zi,ezi,ozi
e.ʃi,o.ʃi,eʃi,oʃi
e.ʒi,o.ʒi,eʒi,oʒi
e.θi,o.θi,eθi,oθi
e.ði,o.ði,eði,oði
e.hi,o.hi,ehi,ohi
e.me,o.me,eme,ome
e.ne,o.ne,ene,one
e.pe,o.pe,epe,ope
e.te,o.te,ete,ote
e.ke,o.ke,eke,oke
e.be,o.be,ebe,obe
e.de,o.de,ede,ode
e.ge,o.ge,ege,oge
e.fe,o.fe,efe,ofe
e.se,o.se,ese,ose
e.ve,o.ve,eve,ove
e.ze,o.ze,eze,oze
e.ʃe,o.ʃe,eʃe,oʃe
e.ʒe,o.ʒe,eʒe,oʒe
e.θe,o.θe,eθe,oθe
e.ðe,o.ðe,eðe,oðe
e.he,o.he,ehe,ohe
e.mu,o.mu,emu,omu
e.nu,o.nu,enu,onu
e.pu,o.pu,epu,opu
e.tu,o.tu,etu,otu
e.ku,o.ku,eku,oku
e.bu,o.bu,ebu,obu
e.du,o.du,edu,odu
e.gu,o.gu,egu,ogu
e.fu,o.fu,efu,ofu
e.su,o.su,esu,osu
e.vu,o.vu,evu,ovu
e.zu,o.zu,ezu,ozu
e.ʃu,o.ʃu,eʃu,oʃu
e.ʒu,o.ʒu,eʒu,oʒu
e.θu,o.θu,eθu,oθu
e.ðu,o.ðu,eðu,oðu
e.hu,o.hu,ehu,ohu
e.mo,o.mo,emo,omo
e.no,o.no,eno,ono
e.po,o.po,epo,opo
e.to,o.to,eto,oto
e.ko,o.ko,eko,oko
e.bo,o.bo,ebo,obo
e.do,o.do,edo,odo
e.go,o.go,ego,ogo
e.fo,o.fo,efo,ofo
e.so,o.so,eso,oso
e.vo,o.vo,evo,ovo
e.zo,o.zo,ezo,ozo
e.ʃo,o.ʃo,eʃo,oʃo
e.ʒo,o.ʒo,eʒo,oʒo
e.θo,o.θo,eθo,oθo
e.ðo,o.ðo,eðo,oðo
e.ho,o.ho,eho,oho
u.mi,i.mi,umi,imi
u.ni,i.ni,uni,ini
u.pi,i.pi,upi,ipi
u.ti,i.ti,uti,iti
u.ki,i.ki,uki,iki
u.bi,i.bi,ubi,ibi
u.di,i.di,udi,idi
u.gi,i.gi,ugi,igi
u.fi,i.fi,ufi,ifi
u.si,i.si,usi,isi
u.vi,i.vi,uvi,ivi
u.zi,i.zi,uzi,izi
u.ʃi,i.ʃi,uʃi,iʃi
u.ʒi,i.ʒi,uʒi,iʒi
u.θi,i.θi,uθi,iθi
u.ði,i.ði,uði,iði
u.hi,i.hi,uhi,ihi
u.me,i.me,ume,ime
u.ne,i.ne,une,ine
u.pe,i.pe,upe,ipe
u.te,i.te,ute,ite
u.ke,i.ke,uke,ike
u.be,i.be,ube,ibe
u.de,i.de,ude,ide
u.ge,i.ge,uge,ige
u.fe,i.fe,ufe,ife
u.se,i.se,use,ise
u.ve,i.ve,uve,ive
u.ze,i.ze,uze,ize
u.ʃe,i.ʃe,uʃe,iʃe
u.ʒe,i.ʒe,uʒe,iʒe
u.θe,i.θe,uθe,iθe
u.ðe,i.ðe,uðe,iðe
u.he,i.he,uhe,ihe
u.mu,i.mu,umu,imu
u.nu,i.nu,unu,inu
u.pu,i.pu,upu,ipu
u.tu,i.tu,utu,itu
u.ku,i.ku,uku,iku
u.bu,i.bu,ubu,ibu
u.du,i.du,udu,idu
u.gu,i.gu,ugu,igu
u.fu,i.fu,ufu,ifu
u.su,i.su,usu,isu
u.vu,i.vu,uvu,ivu
u.zu,i.zu,uzu,izu
u.ʃu,i.ʃu,uʃu,iʃu
u.ʒu,i.ʒu,uʒu,iʒu
u.θu,i.θu,uθu,iθu
u.ðu,i.ðu,uðu,iðu
u.hu,i.hu,uhu,ihu
u.mo,i.mo,umo,imo
u.no,i.no,uno,ino
u.po,i.po,upo,ipo
u.to,i.to,uto,ito
u.ko,i.ko,uko,iko
u.bo,i.bo,ubo,ibo
u.do,i.do,udo,ido
u.go,i.go,ugo,igo
u.fo,i.fo,ufo,ifo
u.so,i.so,uso,iso
u.vo,i.vo,uvo,ivo
u.zo,i.zo,uzo,izo
u.ʃo,i.ʃo,uʃo,iʃo
u.ʒo,i.ʒo,uʒo,iʒo
u.θo,i.θo,uθo,iθo
u.ðo,i.ðo,uðo,iðo
u.ho,i.ho,uho,iho
o.mi,e.mi,omi,emi
o.ni,e.ni,oni,eni
o.pi,e.pi,opi,epi
o.ti,e.ti,oti,eti
o.ki,e.ki,oki,eki
o.bi,e.bi,obi,ebi
o.di,e.di,odi,edi
o.gi,e.gi,ogi,egi
o.fi,e.fi,ofi,efi
o.si,e.si,osi,esi
o.vi,e.vi,ovi,evi
o.zi,e.zi,ozi,ezi
o.ʃi,e.ʃi,oʃi,eʃi
o.ʒi,e.ʒi,oʒi,eʒi
o.θi,e.θi,oθi,eθi
o.ði,e.ði,oði,eði
o.hi,e.hi,ohi,ehi
o.me,e.me,ome,eme
o.ne,e.ne,one,ene
o.pe,e.pe,ope,epe
o.te,e.te,ote,ete
o.ke,e.ke,oke,eke
o.be,e.be,obe,ebe
o.de,e.de,ode,ede
o.ge,e.ge,oge,ege
o.fe,e.fe,ofe,efe
o.se,e.se,ose,ese
o.ve,e.ve,ove,eve
o.ze,e.ze,oze,eze
o.ʃe,e.ʃe,oʃe,eʃe
o.ʒe,e.ʒe,oʒe,eʒe
o.θe,e.θe,oθe,eθe
o.ðe,e.ðe,oðe,eðe
o.he,e.he,ohe,ehe
o.mu,e.mu,omu,emu
o.nu,e.nu,onu,enu
o.pu,e.pu,opu,epu
o.tu,e.tu,otu,etu
o.ku,e.ku,oku,eku
o.bu,e.bu,obu,ebu
o.du,e.du,odu,edu
o.gu,e.gu,ogu,egu
o.fu,e.fu,ofu,efu
o.su,e.su,osu,esu
o.vu,e.vu,ovu,evu
o.zu,e.zu,ozu,ezu
o.ʃu,e.ʃu,oʃu,eʃu
o.ʒu,e.ʒu,oʒu,eʒu
o.θu,e.θu,oθu,eθu
o.ðu,e.ðu,oðu,eðu
o.hu,e.hu,ohu,ehu
o.mo,e.mo,omo,emo
o.no,e.no,ono,eno
o.po,e.po,opo,epo
o.to,e.to,oto,eto
o.ko,e.ko,oko,eko
o.bo,e.bo,obo,ebo
o.do,e.do,odo,edo
o.go,e.go,ogo,ego
o.fo,e.fo,ofo,efo
o.so,e.so,oso,eso
o.vo,e.vo,ovo,evo
o.zo,e.zo,ozo,ezo
o.ʃo,e.ʃo,oʃo,eʃo
o.ʒo,e.ʒo,oʒo,eʒo
o.θo,e.θo,oθo,eθo
o.ðo,e.ðo,oðo,eðo
o.ho,e.ho,oho,eho
i.mɪm,u.mɪm,imɪm,umɪm
i.mɪn,u.mɪn,imɪn,umɪn
i.mɪŋ,u.mɪŋ,imɪŋ,umɪŋ
i.mɪp,u.mɪp,imɪp,umɪp
i.mɪt,u.mɪt,imɪt,umɪt
i.mɪk,u.mɪk,imɪk,umɪk
i.mɪb,u.mɪb,imɪb,umɪb
i.mɪd,u.mɪd,imɪd,umɪd
i.mɪg,u.mɪg,imɪg,umɪg
i.mɪf,u.mɪf,imɪf,umɪf
i.mɪs,u.mɪs,imɪs,umɪs
i.mɪv,u.mɪv,imɪv,umɪv
i.mɪz,u.mɪz,imɪz,umɪz
i.mɪʃ,u.mɪʃ,imɪʃ,umɪʃ
i.mɪʒ,u.mɪʒ,imɪʒ,umɪʒ
i.mɪθ,u.mɪθ,imɪθ,umɪθ
i.mɪð,u.mɪð,imɪð,umɪð
i.nɪm,u.nɪm,inɪm,unɪm
i.nɪn,u.nɪn,inɪn,unɪn
i.nɪŋ,u.nɪŋ,inɪŋ,unɪŋ
i.nɪp,u.nɪp,inɪp,unɪp
i.nɪt,u.nɪt,inɪt,unɪt
i.nɪk,u.nɪk,inɪk,unɪk
i.nɪb,u.nɪb,inɪb,unɪb
i.nɪd,u.nɪd,inɪd,unɪd
i.nɪg,u.nɪg,inɪg,unɪg
i.nɪf,u.nɪf,inɪf,unɪf
i.nɪs,u.nɪs,inɪs,unɪs
i.nɪv,u.nɪv,inɪv,unɪv
i.nɪz,u.nɪz,inɪz,unɪz
i.nɪʃ,u.nɪʃ,inɪʃ,unɪʃ
i.nɪʒ,u.nɪʒ,inɪʒ,unɪʒ
i.nɪθ,u.nɪθ,inɪθ,unɪθ
i.nɪð,u.nɪð,inɪð,unɪð
i.pɪm,u.pɪm,ipɪm,upɪm
i.pɪn,u.pɪn,ipɪn,upɪn
i.pɪŋ,u.pɪŋ,ipɪŋ,upɪŋ
i.pɪp,u.pɪp,ipɪp,upɪp
i.pɪt,u.pɪt,ipɪt,upɪt
i.pɪk,u.pɪk,ipɪk,upɪk
i.pɪb,u.pɪb,ipɪb,upɪb
i.pɪd,u.pɪd,ipɪd,upɪd
i.pɪg,u.pɪg,ipɪg,upɪg
i.pɪf,u.pɪf,ipɪf,upɪf
i.pɪs,u.pɪs,ipɪs,upɪs
i.pɪv,u.pɪv,ipɪv,upɪv
i.pɪz,u.pɪz,ipɪz,upɪz
i.pɪʃ,u.pɪʃ,ipɪʃ,upɪʃ
i.pɪʒ,u.pɪʒ,ipɪʒ,upɪʒ
i.pɪθ,u.pɪθ,ipɪθ,upɪθ
i.pɪð,u.pɪð,ipɪð,upɪð
i.tɪm,u.tɪm,itɪm,utɪm
i.tɪn,u.tɪn,itɪn,utɪn
i.tɪŋ,u.tɪŋ,itɪŋ,utɪŋ
i.tɪp,u.tɪp,itɪp,utɪp
i.tɪt,u.tɪt,itɪt,utɪt
i.tɪk,u.tɪk,itɪk,utɪk
i.tɪb,u.tɪb,itɪb,utɪb
i.tɪd,u.tɪd,itɪd,utɪd
i.tɪg,u.tɪg,itɪg,utɪg
i.tɪf,u.tɪf,itɪf,utɪf
i.tɪs,u.tɪs,itɪs,utɪs
i.tɪv,u.tɪv,itɪv,utɪv
i.tɪz,u.tɪz,itɪz,utɪz
i.tɪʃ,u.tɪʃ,itɪʃ,utɪʃ
i.tɪʒ,u.tɪʒ,itɪʒ,utɪʒ
i.tɪθ,u.tɪθ,itɪθ,utɪθ
i.tɪð,u.tɪð,itɪð,utɪð
i.kɪm,u.kɪm,ikɪm,ukɪm
i.kɪn,u.kɪn,ikɪn,ukɪn
i.kɪŋ,u.kɪŋ,ikɪŋ,ukɪŋ
i.kɪp,u.kɪp,ikɪp,ukɪp
i.kɪt,u.kɪt,ikɪt,ukɪt
i.kɪk,u.kɪk,ikɪk,ukɪk
i.kɪb,u.kɪb,ikɪb,ukɪb
i.kɪd,u.kɪd,ikɪd,ukɪd
i.kɪg,u.kɪg,ikɪg,ukɪg
i.kɪf,u.kɪf,ikɪf,ukɪf
i.kɪs,u.kɪs,ikɪs,ukɪs
i.kɪv,u.kɪv,ikɪv,ukɪv
i.kɪz,u.kɪz,ikɪz,ukɪz
i.kɪʃ,u.kɪʃ,ikɪʃ,ukɪʃ
i.kɪʒ,u.kɪʒ,ikɪʒ,ukɪʒ
i.kɪθ,u.kɪθ,ikɪθ,ukɪθ
i.kɪð,u.kɪð,ikɪð,ukɪð
i.bɪm,u.bɪm,ibɪm,ubɪm
i.bɪn,u.bɪn,ibɪn,ubɪn
i.bɪŋ,u.bɪŋ,ibɪŋ,ubɪŋ
i.bɪp,u.bɪp,ibɪp,ubɪp
i.bɪt,u.bɪt,ibɪt,ubɪt
i.bɪk,u.bɪk,ibɪk,ubɪk
i.bɪb,u.bɪb,ibɪb,ubɪb
i.bɪd,u.bɪd,ibɪd,ubɪd
i.bɪg,u.bɪg,ibɪg,ubɪg
i.bɪf,u.bɪf,ibɪf,ubɪf
i.bɪs,u.bɪs,ibɪs,ubɪs
i.bɪv,u.bɪv,ibɪv,ubɪv
i.bɪz,u.bɪz,ibɪz,ubɪz
i.bɪʃ,u.bɪʃ,ibɪʃ,ubɪʃ
i.bɪʒ,u.bɪʒ,ibɪʒ,ubɪʒ
i.bɪθ,u.bɪθ,ibɪθ,ubɪθ
i.bɪð,u.bɪð,ibɪð,ubɪð
i.dɪm,u.dɪm,idɪm,udɪm
i.dɪn,u.dɪn,idɪn,udɪn
i.dɪŋ,u.dɪŋ,idɪŋ,udɪŋ
i.dɪp,u.dɪp,idɪp,udɪp
i.dɪt,u.dɪt,idɪt,udɪt
i.dɪk,u.dɪk,idɪk,udɪk
i.dɪb,u.dɪb,idɪb,udɪb
i.dɪd,u.dɪd,idɪd,udɪd
i.dɪg,u.dɪg,idɪg,udɪg
i.dɪf,u.dɪf,idɪf,udɪf
i.dɪs,u.dɪs,idɪs,udɪs
i.dɪv,u.dɪv,idɪv,udɪv
i.dɪz,u.dɪz,idɪz,udɪz
i.dɪʃ,u.dɪʃ,idɪʃ,udɪʃ
i.dɪʒ,u.dɪʒ,idɪʒ,udɪʒ
i.dɪθ,u.dɪθ,idɪθ,udɪθ
i.dɪð,u.dɪð,idɪð,udɪð
i.gɪm,u.gɪm,igɪm,ugɪm
i.gɪn,u.gɪn,igɪn,ugɪn
i.gɪŋ,u.gɪŋ,igɪŋ,ugɪŋ
i.gɪp,u.gɪp,igɪp,ugɪp
i.gɪt,u.gɪt,igɪt,ugɪt
i.gɪk,u.gɪk,igɪk,ugɪk
i.gɪb,u.gɪb,igɪb,ugɪb
i.gɪd,u.gɪd,igɪd,ugɪd
i.gɪg,u.gɪg,igɪg,ugɪg
i.gɪf,u.gɪf,igɪf,ugɪf
i.gɪs,u.gɪs,igɪs,ugɪs
i.gɪv,u.gɪv,igɪv,ugɪv
i.gɪz,u.gɪz,igɪz,ugɪz
i.gɪʃ,u.gɪʃ,igɪʃ,ugɪʃ
i.gɪʒ,u.gɪʒ,igɪʒ,ugɪʒ
i.gɪθ,u.gɪθ,igɪθ,ugɪθ
i.gɪð,u.gɪð,igɪð,ugɪð
i.fɪm,u.fɪm,ifɪm,ufɪm
i.fɪn,u.fɪn,ifɪn,ufɪn
i.fɪŋ,u.fɪŋ,ifɪŋ,ufɪŋ
i.fɪp,u.fɪp,ifɪp,ufɪp
i.fɪt,u.fɪt,ifɪt,ufɪt
i.fɪk,u.fɪk,ifɪk,ufɪk
i.fɪb,u.fɪb,ifɪb,ufɪb
i.fɪd,u.fɪd,ifɪd,ufɪd
i.fɪg,u.fɪg,ifɪg,ufɪg
i.fɪf,u.fɪf,ifɪf,ufɪf
i.fɪs,u.fɪs,ifɪs,ufɪs
i.fɪv,u.fɪv,ifɪv,ufɪv
i.fɪz,u.fɪz,ifɪz,ufɪz
i.fɪʃ,u.fɪʃ,ifɪʃ,ufɪʃ
i.fɪʒ,u.fɪʒ,ifɪʒ,ufɪʒ
i.fɪθ,u.fɪθ,ifɪθ,ufɪθ
i.fɪð,u.fɪð,ifɪð,ufɪð
i.sɪm,u.sɪm,isɪm,usɪm
i.sɪn,u.sɪn,isɪn,usɪn
i.sɪŋ,u.sɪŋ,isɪŋ,usɪŋ
i.sɪp,u.sɪp,isɪp,usɪp
i.sɪt,u.sɪt,isɪt,usɪt
i.sɪk,u.sɪk,isɪk,usɪk
i.sɪb,u.sɪb,isɪb,usɪb
i.sɪd,u.sɪd,isɪd,usɪd
i.sɪg,u.sɪg,isɪg,usɪg
i.sɪf,u.sɪf,isɪf,usɪf
i.sɪs,u.sɪs,isɪs,usɪs
i.sɪv,u.sɪv,isɪv,usɪv
i.sɪz,u.sɪz,isɪz,usɪz
i.sɪʃ,u.sɪʃ,isɪʃ,usɪʃ
i.sɪʒ,u.sɪʒ,isɪʒ,usɪʒ
i.sɪθ,u.sɪθ,isɪθ,usɪθ
i.sɪð,u.sɪð,isɪð,usɪð
i.vɪm,u.vɪm,ivɪm,uvɪm
i.vɪn,u.vɪn,ivɪn,uvɪn
i.vɪŋ,u.vɪŋ,ivɪŋ,uvɪŋ
i.vɪp,u.vɪp,ivɪp,uvɪp
i.vɪt,u.vɪt,ivɪt,uvɪt
i.vɪk,u.vɪk,ivɪk,uvɪk
i.vɪb,u.vɪb,ivɪb,uvɪb
i.vɪd,u.vɪd,ivɪd,uvɪd
i.vɪg,u.vɪg,ivɪg,uvɪg
i.vɪf,u.vɪf,ivɪf,uvɪf
i.vɪs,u.vɪs,ivɪs,uvɪs
i.vɪv,u.vɪv,ivɪv,uvɪv
i.vɪz,u.vɪz,ivɪz,uvɪz
i.vɪʃ,u.vɪʃ,ivɪʃ,uvɪʃ
i.vɪʒ,u.vɪʒ,ivɪʒ,uvɪʒ
i.vɪθ,u.vɪθ,ivɪθ,uvɪθ
i.vɪð,u.vɪð,ivɪð,uvɪð
i.zɪm,u.zɪm,izɪm,uzɪm
i.zɪn,u.zɪn,izɪn,uzɪn
i.zɪŋ,u.zɪŋ,izɪŋ,uzɪŋ
i.zɪp,u.zɪp,izɪp,uzɪp
i.zɪt,u.zɪt,izɪt,uzɪt
i.zɪk,u.zɪk,izɪk,uzɪk
i.zɪb,u.zɪb,izɪb,uzɪb
i.zɪd,u.zɪd,izɪd,uzɪd
i.zɪg,u.zɪg,izɪg,uzɪg
i.zɪf,u.zɪf,izɪf,uzɪf
i.zɪs,u.zɪs,izɪs,uzɪs
i.zɪv,u.zɪv,izɪv,uzɪv
i.zɪz,u.zɪz,izɪz,uzɪz
i.zɪʃ,u.zɪʃ,izɪʃ,uzɪʃ
i.zɪʒ,u.zɪʒ,izɪʒ,uzɪʒ
i.zɪθ,u.zɪθ,izɪθ,uzɪθ
i.zɪð,u.zɪð,izɪð,uzɪð
i.ʃɪm,u.ʃɪm,iʃɪm,uʃɪm
i.ʃɪn,u.ʃɪn,iʃɪn,uʃɪn
i.ʃɪŋ,u.ʃɪŋ,iʃɪŋ,uʃɪŋ
i.ʃɪp,u.ʃɪp,iʃɪp,uʃɪp
i.ʃɪt,u.ʃɪt,iʃɪt,uʃɪt
i.ʃɪk,u.ʃɪk,iʃɪk,uʃɪk
i.ʃɪb,u.ʃɪb,iʃɪb,uʃɪb
i.ʃɪd,u.ʃɪd,iʃɪd,uʃɪd
i.ʃɪg,u.ʃɪg,iʃɪg,uʃɪg
i.ʃɪf,u.ʃɪf,iʃɪf,uʃɪf
i.ʃɪs,u.ʃɪs,iʃɪs,uʃɪs
i.ʃɪv,u.ʃɪv,iʃɪv,uʃɪv
i.ʃɪz,u.ʃɪz,iʃɪz,uʃɪz
i.ʃɪʃ,u.ʃɪʃ,iʃɪʃ,uʃɪʃ
i.ʃɪʒ,u.ʃɪʒ,iʃɪʒ,uʃɪʒ
i.ʃɪθ,u.ʃɪθ,iʃɪθ,uʃɪθ
i.ʃɪð,u.ʃɪð,iʃɪð,uʃɪð
i.ʒɪm,u.ʒɪm,iʒɪm,uʒɪm
i.ʒɪn,u.ʒɪn,iʒɪn,uʒɪn
i.ʒɪŋ,u.ʒɪŋ,iʒɪŋ,uʒɪŋ
i.ʒɪp,u.ʒɪp,iʒɪp,uʒɪp
i.ʒɪt,u.ʒɪt,iʒɪt,uʒɪt
i.ʒɪk,u.ʒɪk,iʒɪk,uʒɪk
i.ʒɪb,u.ʒɪb,iʒɪb,uʒɪb
i.ʒɪd,u.ʒɪd,iʒɪd,uʒɪd
i.ʒɪg,u.ʒɪg,iʒɪg,uʒɪg
i.ʒɪf,u.ʒɪf,iʒɪf,uʒɪf
i.ʒɪs,u.ʒɪs,iʒɪs,uʒɪs
i.ʒɪv,u.ʒɪv,iʒɪv,uʒɪv
i.ʒɪz,u.ʒɪz,iʒɪz,uʒɪz
i.ʒɪʃ,u.ʒɪʃ,iʒɪʃ,uʒɪʃ
i.ʒɪʒ,u.ʒɪʒ,iʒɪʒ,uʒɪʒ
i.ʒɪθ,u.ʒɪθ,iʒɪθ,uʒɪθ
i.ʒɪð,u.ʒɪð,iʒɪð,uʒɪð
i.θɪm,u.θɪm,iθɪm,uθɪm
i.θɪn,u.θɪn,iθɪn,uθɪn
i.θɪŋ,u.θɪŋ,iθɪŋ,uθɪŋ
i.θɪp,u.θɪp,iθɪp,uθɪp
i.θɪt,u.θɪt,iθɪt,uθɪt
i.θɪk,u.θɪk,iθɪk,uθɪk
i.θɪb,u.θɪb,iθɪb,uθɪb
i.θɪd,u.θɪd,iθɪd,uθɪd
i.θɪg,u.θɪg,iθɪg,uθɪg
i.θɪf,u.θɪf,iθɪf,uθɪf
i.θɪs,u.θɪs,iθɪs,uθɪs
i.θɪv,u.θɪv,iθɪv,uθɪv
i.θɪz,u.θɪz,iθɪz,uθɪz
i.θɪʃ,u.θɪʃ,iθɪʃ,uθɪʃ
i.θɪʒ,u.θɪʒ,iθɪʒ,uθɪʒ
i.θɪθ,u.θɪθ,iθɪθ,uθɪθ
i.θɪð,u.θɪð,iθɪð,uθɪð
i.ðɪm,u.ðɪm,iðɪm,uðɪm
i.ðɪn,u.ðɪn,iðɪn,uðɪn
i.ðɪŋ,u.ðɪŋ,iðɪŋ,uðɪŋ
i.ðɪp,u.ðɪp,iðɪp,uðɪp
i.ðɪt,u.ðɪt,iðɪt,uðɪt
i.ðɪk,u.ðɪk,iðɪk,uðɪk
i.ðɪb,u.ðɪb,iðɪb,uðɪb
i.ðɪd,u.ðɪd,iðɪd,uðɪd
i.ðɪg,u.ðɪg,iðɪg,uðɪg
i.ðɪf,u.ðɪf,iðɪf,uðɪf
i.ðɪs,u.ðɪs,iðɪs,uðɪs
i.ðɪv,u.ðɪv,iðɪv,uðɪv
i.ðɪz,u.ðɪz,iðɪz,uðɪz
i.ðɪʃ,u.ðɪʃ,iðɪʃ,uðɪʃ
i.ðɪʒ,u.ðɪʒ,iðɪʒ,uðɪʒ
i.ðɪθ,u.ðɪθ,iðɪθ,uðɪθ
i.ðɪð,u.ðɪð,iðɪð,uðɪð
i.hɪm,u.hɪm,ihɪm,uhɪm
i.hɪn,u.hɪn,ihɪn,uhɪn
i.hɪŋ,u.hɪŋ,ihɪŋ,uhɪŋ
i.hɪp,u.hɪp,ihɪp,uhɪp
i.hɪt,u.hɪt,ihɪt,uhɪt
i.hɪk,u.hɪk,ihɪk,uhɪk
i.hɪb,u.hɪb,ihɪb,uhɪb
i.hɪd,u.hɪd,ihɪd,uhɪd
i.hɪg,u.hɪg,ihɪg,uhɪg
i.hɪf,u.hɪf,ihɪf,uhɪf
i.hɪs,u.hɪs,ihɪs,uhɪs
i.hɪv,u.hɪv,ihɪv,uhɪv
i.hɪz,u.hɪz,ihɪz,uhɪz
i.hɪʃ,u.hɪʃ,ihɪʃ,uhɪʃ
i.hɪʒ,u.hɪʒ,ihɪʒ,uhɪʒ
i.hɪθ,u.hɪθ,ihɪθ,uhɪθ
i.hɪð,u.hɪð,ihɪð,uhɪð
i.mɛm,u.mɛm,imɛm,umɛm
i.mɛn,u.mɛn,imɛn,umɛn
i.mɛŋ,u.mɛŋ,imɛŋ,umɛŋ
i.mɛp,u.mɛp,imɛp,umɛp
i.mɛt,u.mɛt,imɛt,umɛt
i.mɛk,u.mɛk,imɛk,umɛk
i.mɛb,u.mɛb,imɛb,umɛb
i.mɛd,u.mɛd,imɛd,umɛd
i.mɛg,u.mɛg,imɛg,umɛg
i.mɛf,u.mɛf,imɛf,umɛf
i.mɛs,u.mɛs,imɛs,umɛs
i.mɛv,u.mɛv,imɛv,umɛv
i.mɛz,u.mɛz,imɛz,umɛz
i.mɛʃ,u.mɛʃ,imɛʃ,umɛʃ
i.mɛʒ,u.mɛʒ,imɛʒ,umɛʒ
i.mɛθ,u.mɛθ,imɛθ,umɛθ
i.mɛð,u.mɛð,imɛð,umɛð
i.nɛm,u.nɛm,inɛm,unɛm
i.nɛn,u.nɛn,inɛn,unɛn
i.nɛŋ,u.nɛŋ,inɛŋ,unɛŋ
i.nɛp,u.nɛp,inɛp,unɛp
i.nɛt,u.nɛt,inɛt,unɛt
i.nɛk,u.nɛk,inɛk,unɛk
i.nɛb,u.nɛb,inɛb,unɛb
i.nɛd,u.nɛd,inɛd,unɛd
i.nɛg,u.nɛg,inɛg,unɛg
i.nɛf,u.nɛf,inɛf,unɛf
i.nɛs,u.nɛs,inɛs,unɛs
i.nɛv,u.nɛv,inɛv,unɛv
i.nɛz,u.nɛz,inɛz,unɛz
i.nɛʃ,u.nɛʃ,inɛʃ,unɛʃ
i.nɛʒ,u.nɛʒ,inɛʒ,unɛʒ
i.nɛθ,u.nɛθ,inɛθ,unɛθ
i.nɛð,u.nɛð,inɛð,unɛð
i.pɛm,u.pɛm,ipɛm,upɛm
i.pɛn,u.pɛn,ipɛn,upɛn
i.pɛŋ,u.pɛŋ,ipɛŋ,upɛŋ
i.pɛp,u.pɛp,ipɛp,upɛp
i.pɛt,u.pɛt,ipɛt,upɛt
i.pɛk,u.pɛk,ipɛk,upɛk
i.pɛb,u.pɛb,ipɛb,upɛb
i.pɛd,u.pɛd,ipɛd,upɛd
i.pɛg,u.pɛg,ipɛg,upɛg
i.pɛf,u.pɛf,ipɛf,upɛf
i.pɛs,u.pɛs,ipɛs,upɛs
i.pɛv,u.pɛv,ipɛv,upɛv
i.pɛz,u.pɛz,ipɛz,upɛz
i.pɛʃ,u.pɛʃ,ipɛʃ,upɛʃ
i.pɛʒ,u.pɛʒ,ipɛʒ,upɛʒ
i.pɛθ,u.pɛθ,ipɛθ,upɛθ
i.pɛð,u.pɛð,ipɛð,upɛð
i.tɛm,u.tɛm,itɛm,utɛm
i.tɛn,u.tɛn,itɛn,utɛn
i.tɛŋ,u.tɛŋ,itɛŋ,utɛŋ
i.tɛp,u.tɛp,itɛp,utɛp
i.tɛt,u.tɛt,itɛt,utɛt
i.tɛk,u.tɛk,itɛk,utɛk
i.tɛb,u.tɛb,itɛb,utɛb
i.tɛd,u.tɛd,itɛd,utɛd
i.tɛg,u.tɛg,itɛg,utɛg
i.tɛf,u.tɛf,itɛf,utɛf
i.tɛs,u.tɛs,itɛs,utɛs
i.tɛv,u.tɛv,itɛv,utɛv
i.tɛz,u.tɛz,itɛz,utɛz
i.tɛʃ,u.tɛʃ,itɛʃ,utɛʃ
i.tɛʒ,u.tɛʒ,itɛʒ,utɛʒ
i.tɛθ,u.tɛθ,itɛθ,utɛθ
i.tɛð,u.tɛð,itɛð,utɛð
i.kɛm,u.kɛm,ikɛm,ukɛm
i.kɛn,u.kɛn,ikɛn,ukɛn
i.kɛŋ,u.kɛŋ,ikɛŋ,ukɛŋ
i.kɛp,u.kɛp,ikɛp,ukɛp
i.kɛt,u.kɛt,ikɛt,ukɛt
i.kɛk,u.kɛk,ikɛk,ukɛk
i.kɛb,u.kɛb,ikɛb,ukɛb
i.kɛd,u.kɛd,ikɛd,ukɛd
i.kɛg,u.kɛg,ikɛg,ukɛg
i.kɛf,u.kɛf,ikɛf,ukɛf
i.kɛs,u.kɛs,ikɛs,ukɛs
i.kɛv,u.kɛv,ikɛv,ukɛv
i.kɛz,u.kɛz,ikɛz,ukɛz
i.kɛʃ,u.kɛʃ,ikɛʃ,ukɛʃ
i.kɛʒ,u.kɛʒ,ikɛʒ,ukɛʒ
i.kɛθ,u.kɛθ,ikɛθ,ukɛθ
i.kɛð,u.kɛð,ikɛð,ukɛð
i.bɛm,u.bɛm,ibɛm,ubɛm
i.bɛn,u.bɛn,ibɛn,ubɛn
i.bɛŋ,u.bɛŋ,ibɛŋ,ubɛŋ
i.bɛp,u.bɛp,ibɛp,ubɛp
i.bɛt,u.bɛt,ibɛt,ubɛt
i.bɛk,u.bɛk,ibɛk,ubɛk
i.bɛb,u.bɛb,ibɛb,ubɛb
i.bɛd,u.bɛd,ibɛd,ubɛd
i.bɛg,u.bɛg,ibɛg,ubɛg
i.bɛf,u.bɛf,ibɛf,ubɛf
i.bɛs,u.bɛs,ibɛs,ubɛs
i.bɛv,u.bɛv,ibɛv,ubɛv
i.bɛz,u.bɛz,ibɛz,ubɛz
i.bɛʃ,u.bɛʃ,ibɛʃ,ubɛʃ
i.bɛʒ,u.bɛʒ,ibɛʒ,ubɛʒ
i.bɛθ,u.bɛθ,ibɛθ,ubɛθ
i.bɛð,u.bɛð,ibɛð,ubɛð
i.dɛm,u.dɛm,idɛm,udɛm
i.dɛn,u.dɛn,idɛn,udɛn
i.dɛŋ,u.dɛŋ,idɛŋ,udɛŋ
i.dɛp,u.dɛp,idɛp,udɛp
i.dɛt,u.dɛt,idɛt,udɛt
i.dɛk,u.dɛk,idɛk,udɛk
i.dɛb,u.dɛb,idɛb,udɛb
i.dɛd,u.dɛd,idɛd,udɛd
i.dɛg,u.dɛg,idɛg,udɛg
i.dɛf,u.dɛf,idɛf,udɛf
i.dɛs,u.dɛs,idɛs,udɛs
i.dɛv,u.dɛv,idɛv,udɛv
i.dɛz,u.dɛz,idɛz,udɛz
i.dɛʃ,u.dɛʃ,idɛʃ,udɛʃ
i.dɛʒ,u.dɛʒ,idɛʒ,udɛʒ
i.dɛθ,u.dɛθ,idɛθ,udɛθ
i.dɛð,u.dɛð,idɛð,udɛð
i.gɛm,u.gɛm,igɛm,ugɛm
i.gɛn,u.gɛn,igɛn,ugɛn
i.gɛŋ,u.gɛŋ,igɛŋ,ugɛŋ
i.gɛp,u.gɛp,igɛp,ugɛp
i.gɛt,u.gɛt,igɛt,ugɛt
i.gɛk,u.gɛk,igɛk,ugɛk
i.gɛb,u.gɛb,igɛb,ugɛb
i.gɛd,u.gɛd,igɛd,ugɛd
i.gɛg,u.gɛg,igɛg,ugɛg
i.gɛf,u.gɛf,igɛf,ugɛf
i.gɛs,u.gɛs,igɛs,ugɛs
i.gɛv,u.gɛv,igɛv,ugɛv
i.gɛz,u.gɛz,igɛz,ugɛz
i.gɛʃ,u.gɛʃ,igɛʃ,ugɛʃ
i.gɛʒ,u.gɛʒ,igɛʒ,ugɛʒ
i.gɛθ,u.gɛθ,igɛθ,ugɛθ
i.gɛð,u.gɛð,igɛð,ugɛð
i.fɛm,u.fɛm,ifɛm,ufɛm
i.fɛn,u.fɛn,ifɛn,ufɛn
i.fɛŋ,u.fɛŋ,ifɛŋ,ufɛŋ
i.fɛp,u.fɛp,ifɛp,ufɛp
i.fɛt,u.fɛt,ifɛt,ufɛt
i.fɛk,u.fɛk,ifɛk,ufɛk
i.fɛb,u.fɛb,ifɛb,ufɛb
i.fɛd,u.fɛd,ifɛd,ufɛd
i.fɛg,u.fɛg,ifɛg,ufɛg
i.fɛf,u.fɛf,ifɛf,ufɛf
i.fɛs,u.fɛs,ifɛs,ufɛs
i.fɛv,u.fɛv,ifɛv,ufɛv
i.fɛz,u.fɛz,ifɛz,ufɛz
i.fɛʃ,u.fɛʃ,ifɛʃ,ufɛʃ
i.fɛʒ,u.fɛʒ,ifɛʒ,ufɛʒ
i.fɛθ,u.fɛθ,ifɛθ,ufɛθ
i.fɛð,u.fɛð,ifɛð,ufɛð
i.sɛm,u.sɛm,isɛm,usɛm
i.sɛn,u.sɛn,isɛn,usɛn
i.sɛŋ,u.sɛŋ,isɛŋ,usɛŋ
i.sɛp,u.sɛp,isɛp,usɛp
i.sɛt,u.sɛt,isɛt,usɛt
i.sɛk,u.sɛk,isɛk,usɛk
i.sɛb,u.sɛb,isɛb,usɛb
i.sɛd,u.sɛd,isɛd,usɛd
i.sɛg,u.sɛg,isɛg,usɛg
i.sɛf,u.sɛf,isɛf,usɛf
i.sɛs,u.sɛs,isɛs,usɛs
i.sɛv,u.sɛv,isɛv,usɛv
i.sɛz,u.sɛz,isɛz,usɛz
i.sɛʃ,u.sɛʃ,isɛʃ,usɛʃ
i.sɛʒ,u.sɛʒ,isɛʒ,usɛʒ
i.sɛθ,u.sɛθ,isɛθ,usɛθ
i.sɛð,u.sɛð,isɛð,usɛð
i.vɛm,u.vɛm,ivɛm,uvɛm
i.vɛn,u.vɛn,ivɛn,uvɛn
i.vɛŋ,u.vɛŋ,ivɛŋ,uvɛŋ
i.vɛp,u.vɛp,ivɛp,uvɛp
i.vɛt,u.vɛt,ivɛt,uvɛt
i.vɛk,u.vɛk,ivɛk,uvɛk
i.vɛb,u.vɛb,ivɛb,uvɛb
i.vɛd,u.vɛd,ivɛd,uvɛd
i.vɛg,u.vɛg,ivɛg,uvɛg
i.vɛf,u.vɛf,ivɛf,uvɛf
i.vɛs,u.vɛs,ivɛs,uvɛs
i.vɛv,u.vɛv,ivɛv,uvɛv
i.vɛz,u.vɛz,ivɛz,uvɛz
i.vɛʃ,u.vɛʃ,ivɛʃ,uvɛʃ
i.vɛʒ,u.vɛʒ,ivɛʒ,uvɛʒ
i.vɛθ,u.vɛθ,ivɛθ,uvɛθ
i.vɛð,u.vɛð,ivɛð,uvɛð
i.zɛm,u.zɛm,izɛm,uzɛm
i.zɛn,u.zɛn,izɛn,uzɛn
i.zɛŋ,u.zɛŋ,izɛŋ,uzɛŋ
i.zɛp,u.zɛp,izɛp,uzɛp
i.zɛt,u.zɛt,izɛt,uzɛt
i.zɛk,u.zɛk,izɛk,uzɛk
i.zɛb,u.zɛb,izɛb,uzɛb
i.zɛd,u.zɛd,izɛd,uzɛd
i.zɛg,u.zɛg,izɛg,uzɛg
i.zɛf,u.zɛf,izɛf,uzɛf
i.zɛs,u.zɛs,izɛs,uzɛs
i.zɛv,u.zɛv,izɛv,uzɛv
i.zɛz,u.zɛz,izɛz,uzɛz
i.zɛʃ,u.zɛʃ,izɛʃ,uzɛʃ
i.zɛʒ,u.zɛʒ,izɛʒ,uzɛʒ
i.zɛθ,u.zɛθ,izɛθ,uzɛθ
i.zɛð,u.zɛð,izɛð,uzɛð
i.ʃɛm,u.ʃɛm,iʃɛm,uʃɛm
i.ʃɛn,u.ʃɛn,iʃɛn,uʃɛn
i.ʃɛŋ,u.ʃɛŋ,iʃɛŋ,uʃɛŋ
i.ʃɛp,u.ʃɛp,iʃɛp,uʃɛp
i.ʃɛt,u.ʃɛt,iʃɛt,uʃɛt
i.ʃɛk,u.ʃɛk,iʃɛk,uʃɛk
i.ʃɛb,u.ʃɛb,iʃɛb,uʃɛb
i.ʃɛd,u.ʃɛd,iʃɛd,uʃɛd
i.ʃɛg,u.ʃɛg,iʃɛg,uʃɛg
i.ʃɛf,u.ʃɛf,iʃɛf,uʃɛf
i.ʃɛs,u.ʃɛs,iʃɛs,uʃɛs
i.ʃɛv,u.ʃɛv,iʃɛv,uʃɛv
i.ʃɛz,u.ʃɛz,iʃɛz,uʃɛz
i.ʃɛʃ,u.ʃɛʃ,iʃɛʃ,uʃɛʃ
i.ʃɛʒ,u.ʃɛʒ,iʃɛʒ,uʃɛʒ
i.ʃɛθ,u.ʃɛθ,iʃɛθ,uʃɛθ
i.ʃɛð,u.ʃɛð,iʃɛð,uʃɛð
i.ʒɛm,u.ʒɛm,iʒɛm,uʒɛm
i.ʒɛn,u.ʒɛn,iʒɛn,uʒɛn
i.ʒɛŋ,u.ʒɛŋ,iʒɛŋ,uʒɛŋ
i.ʒɛp,u.ʒɛp,iʒɛp,uʒɛp
i.ʒɛt,u.ʒɛt,iʒɛt,uʒɛt
i.ʒɛk,u.ʒɛk,iʒɛk,uʒɛk
i.ʒɛb,u.ʒɛb,iʒɛb,uʒɛb
i.ʒɛd,u.ʒɛd,iʒɛd,uʒɛd
i.ʒɛg,u.ʒɛg,iʒɛg,uʒɛg
i.ʒɛf,u.ʒɛf,iʒɛf,uʒɛf
i.ʒɛs,u.ʒɛs,iʒɛs,uʒɛs
i.ʒɛv,u.ʒɛv,iʒɛv,uʒɛv
i.ʒɛz,u.ʒɛz,iʒɛz,uʒɛz
i.ʒɛʃ,u.ʒɛʃ,iʒɛʃ,uʒɛʃ
i.ʒɛʒ,u.ʒɛʒ,iʒɛʒ,uʒɛʒ
i.ʒɛθ,u.ʒɛθ,iʒɛθ,uʒɛθ
i.ʒɛð,u.ʒɛð,iʒɛð,uʒɛð
i.θɛm,u.θɛm,iθɛm,uθɛm
i.θɛn,u.θɛn,iθɛn,uθɛn
i.θɛŋ,u.θɛŋ,iθɛŋ,uθɛŋ
i.θɛp,u.θɛp,iθɛp,uθɛp
i.θɛt,u.θɛt,iθɛt,uθɛt
i.θɛk,u.θɛk,iθɛk,uθɛk
i.θɛb,u.θɛb,iθɛb,uθɛb
i.θɛd,u.θɛd,iθɛd,uθɛd
i.θɛg,u.θɛg,iθɛg,uθɛg
i.θɛf,u.θɛf,iθɛf,uθɛf
i.θɛs,u.θɛs,iθɛs,uθɛs
i.θɛv,u.θɛv,iθɛv,uθɛv
i.θɛz,u.θɛz,iθɛz,uθɛz
i.θɛʃ,u.θɛʃ,iθɛʃ,uθɛʃ
i.θɛʒ,u.θɛʒ,iθɛʒ,uθɛʒ
i.θɛθ,u.θɛθ,iθɛθ,uθɛθ
i.θɛð,u.θɛð,iθɛð,uθɛð
i.ðɛm,u.ðɛm,iðɛm,uðɛm
i.ðɛn,u.ðɛn,iðɛn,uðɛn
i.ðɛŋ,u.ðɛŋ,iðɛŋ,uðɛŋ
i.ðɛp,u.ðɛp,iðɛp,uðɛp
i.ðɛt,u.ðɛt,iðɛt,uðɛt
i.ðɛk,u.ðɛk,iðɛk,uðɛk
i.ðɛb,u.ðɛb,iðɛb,uðɛb
i.ðɛd,u.ðɛd,iðɛd,uðɛd
i.ðɛg,u.ðɛg,iðɛg,uðɛg
i.ðɛf,u.ðɛf,iðɛf,uðɛf
i.ðɛs,u.ðɛs,iðɛs,uðɛs
i.ðɛv,u.ðɛv,iðɛv,uðɛv
i.ðɛz,u.ðɛz,iðɛz,uðɛz
i.ðɛʃ,u.ðɛʃ,iðɛʃ,uðɛʃ
i.ðɛʒ,u.ðɛʒ,iðɛʒ,uðɛʒ
i.ðɛθ,u.ðɛθ,iðɛθ,uðɛθ
i.ðɛð,u.ðɛð,iðɛð,uðɛð
i.hɛm,u.hɛm,ihɛm,uhɛm
i.hɛn,u.hɛn,ihɛn,uhɛn
i.hɛŋ,u.hɛŋ,ihɛŋ,uhɛŋ
i.hɛp,u.hɛp,ihɛp,uhɛp
i.hɛt,u.hɛt,ihɛt,uhɛt
i.hɛk,u.hɛk,ihɛk,uhɛk
i.hɛb,u.hɛb,ihɛb,uhɛb
i.hɛd,u.hɛd,ihɛd,uhɛd
i.hɛg,u.hɛg,ihɛg,uhɛg
i.hɛf,u.hɛf,ihɛf,uhɛf
i.hɛs,u.hɛs,ihɛs,uhɛs
i.hɛv,u.hɛv,ihɛv,uhɛv
i.hɛz,u.hɛz,ihɛz,uhɛz
i.hɛʃ,u.hɛʃ,ihɛʃ,uhɛʃ
i.hɛʒ,u.hɛʒ,ihɛʒ,uhɛʒ
i.hɛθ,u.hɛθ,ihɛθ,uhɛθ
i.hɛð,u.hɛð,ihɛð,uhɛð
i.mʊm,u.mʊm,imʊm,umʊm
i.mʊn,u.mʊn,imʊn,umʊn
i.mʊŋ,u.mʊŋ,imʊŋ,umʊŋ
i.mʊp,u.mʊp,imʊp,umʊp
i.mʊt,u.mʊt,imʊt,umʊt
i.mʊk,u.mʊk,imʊk,umʊk
i.mʊb,u.mʊb,imʊb,umʊb
i.mʊd,u.mʊd,imʊd,umʊd
i.mʊg,u.mʊg,imʊg,umʊg
i.mʊf,u.mʊf,imʊf,umʊf
i.mʊs,u.mʊs,imʊs,umʊs
i.mʊv,u.mʊv,imʊv,umʊv
i.mʊz,u.mʊz,imʊz,umʊz
i.mʊʃ,u.mʊʃ,imʊʃ,umʊʃ
i.mʊʒ,u.mʊʒ,imʊʒ,umʊʒ
i.mʊθ,u.mʊθ,imʊθ,umʊθ
i.mʊð,u.mʊð,imʊð,umʊð
i.nʊm,u.nʊm,inʊm,unʊm
i.nʊn,u.nʊn,inʊn,unʊn
i.nʊŋ,u.nʊŋ,inʊŋ,unʊŋ
i.nʊp,u.nʊp,inʊp,unʊp
i.nʊt,u.nʊt,inʊt,unʊt
i.nʊk,u.nʊk,inʊk,unʊk
i.nʊb,u.nʊb,inʊb,unʊb
i.nʊd,u.nʊd,inʊd,unʊd
i.nʊg,u.nʊg,inʊg,unʊg
i.nʊf,u.nʊf,inʊf,unʊf
i.nʊs,u.nʊs,inʊs,unʊs
i.nʊv,u.nʊv,inʊv,unʊv
i.nʊz,u.nʊz,inʊz,unʊz
i.nʊʃ,u.nʊʃ,inʊʃ,unʊʃ
i.nʊʒ,u.nʊʒ,inʊʒ,unʊʒ
i.nʊθ,u.nʊθ,inʊθ,unʊθ
i.nʊð,u.nʊð,inʊð,unʊð
i.pʊm,u.pʊm,ipʊm,upʊm
i.pʊn,u.pʊn,ipʊn,upʊn
i.pʊŋ,u.pʊŋ,ipʊŋ,upʊŋ
i.pʊp,u.pʊp,ipʊp,upʊp
i.pʊt,u.pʊt,ipʊt,upʊt
i.pʊk,u.pʊk,ipʊk,upʊk
i.pʊb,u.pʊb,ipʊb,upʊb
i.pʊd,u.pʊd,ipʊd,upʊd
i.pʊg,u.pʊg,ipʊg,upʊg
i.pʊf,u.pʊf,ipʊf,upʊf
i.pʊs,u.pʊs,ipʊs,upʊs
i.pʊv,u.pʊv,ipʊv,upʊv
i.pʊz,u.pʊz,ipʊz,upʊz
i.pʊʃ,u.pʊʃ,ipʊʃ,upʊʃ
i.pʊʒ,u.pʊʒ,ipʊʒ,upʊʒ
i.pʊθ,u.pʊθ,ipʊθ,upʊθ
i.pʊð,u.pʊð,ipʊð,upʊð
i.tʊm,u.tʊm,itʊm,utʊm
i.tʊn,u.tʊn,itʊn,utʊn
i.tʊŋ,u.tʊŋ,itʊŋ,utʊŋ
i.tʊp,u.tʊp,itʊp,utʊp
i.tʊt,u.tʊt,itʊt,utʊt
i.tʊk,u.tʊk,itʊk,utʊk
i.tʊb,u.tʊb,itʊb,utʊb
i.tʊd,u.tʊd,itʊd,utʊd
i.tʊg,u.tʊg,itʊg,utʊg
i.tʊf,u.tʊf,itʊf,utʊf
i.tʊs,u.tʊs,itʊs,utʊs
i.tʊv,u.tʊv,itʊv,utʊv
i.tʊz,u.tʊz,itʊz,utʊz
i.tʊʃ,u.tʊʃ,itʊʃ,utʊʃ
i.tʊʒ,u.tʊʒ,itʊʒ,utʊʒ
i.tʊθ,u.tʊθ,itʊθ,utʊθ
i.tʊð,u.tʊð,itʊð,utʊð
i.kʊm,u.kʊm,ikʊm,ukʊm
i.kʊn,u.kʊn,ikʊn,ukʊn
i.kʊŋ,u.kʊŋ,ikʊŋ,ukʊŋ
i.kʊp,u.kʊp,ikʊp,ukʊp
i.kʊt,u.kʊt,ikʊt,ukʊt
i.kʊk,u.kʊk,ikʊk,ukʊk
i.kʊb,u.kʊb,ikʊb,ukʊb
i.kʊd,u.kʊd,ikʊd,ukʊd
i.kʊg,u.kʊg,ikʊg,ukʊg
i.kʊf,u.kʊf,ikʊf,ukʊf
i.kʊs,u.kʊs,ikʊs,ukʊs
i.kʊv,u.kʊv,ikʊv,ukʊv
i.kʊz,u.kʊz,ikʊz,ukʊz
i.kʊʃ,u.kʊʃ,ikʊʃ,ukʊʃ
i.kʊʒ,u.kʊʒ,ikʊʒ,ukʊʒ
i.kʊθ,u.kʊθ,ikʊθ,ukʊθ
i.kʊð,u.kʊð,ikʊð,ukʊð
i.bʊm,u.bʊm,ibʊm,ubʊm
i.bʊn,u.bʊn,ibʊn,ubʊn
i.bʊŋ,u.bʊŋ,ibʊŋ,ubʊŋ
i.bʊp,u.bʊp,ibʊp,ubʊp
i.bʊt,u.bʊt,ibʊt,ubʊt
i.bʊk,u.bʊk,ibʊk,ubʊk
i.bʊb,u.bʊb,ibʊb,ubʊb
i.bʊd,u.bʊd,ibʊd,ubʊd
i.bʊg,u.bʊg,ibʊg,ubʊg
i.bʊf,u.bʊf,ibʊf,ubʊf
i.bʊs,u.bʊs,ibʊs,ubʊs
i.bʊv,u.bʊv,ibʊv,ubʊv
i.bʊz,u.bʊz,ibʊz,ubʊz
i.bʊʃ,u.bʊʃ,ibʊʃ,ubʊʃ
i.bʊʒ,u.bʊʒ,ibʊʒ,ubʊʒ
i.bʊθ,u.bʊθ,ibʊθ,ubʊθ
i.bʊð,u.bʊð,ibʊð,ubʊð
i.dʊm,u.dʊm,idʊm,udʊm
i.dʊn,u.dʊn,idʊn,udʊn
i.dʊŋ,u.dʊŋ,idʊŋ,udʊŋ
i.dʊp,u.dʊp,idʊp,udʊp
i.dʊt,u.dʊt,idʊt,udʊt
i.dʊk,u.dʊk,idʊk,udʊk
i.dʊb,u.dʊb,idʊb,udʊb
i.dʊd,u.dʊd,idʊd,udʊd
i.dʊg,u.dʊg,idʊg,udʊg
i.dʊf,u.dʊf,idʊf,udʊf
i.dʊs,u.dʊs,idʊs,udʊs
i.dʊv,u.dʊv,idʊv,udʊv
i.dʊz,u.dʊz,idʊz,udʊz
i.dʊʃ,u.dʊʃ,idʊʃ,udʊʃ
i.dʊʒ,u.dʊʒ,idʊʒ,udʊʒ
i.dʊθ,u.dʊθ,idʊθ,udʊθ
i.dʊð,u.dʊð,idʊð,udʊð
i.gʊm,u.gʊm,igʊm,ugʊm
i.gʊn,u.gʊn,igʊn,ugʊn
i.gʊŋ,u.gʊŋ,igʊŋ,ugʊŋ
i.gʊp,u.gʊp,igʊp,ugʊp
i.gʊt,u.gʊt,igʊt,ugʊt
i.gʊk,u.gʊk,igʊk,ugʊk
i.gʊb,u.gʊb,igʊb,ugʊb
i.gʊd,u.gʊd,igʊd,ugʊd
i.gʊg,u.gʊg,igʊg,ugʊg
i.gʊf,u.gʊf,igʊf,ugʊf
i.gʊs,u.gʊs,igʊs,ugʊs
i.gʊv,u.gʊv,igʊv,ugʊv
i.gʊz,u.gʊz,igʊz,ugʊz
i.gʊʃ,u.gʊʃ,igʊʃ,ugʊʃ
i.gʊʒ,u.gʊʒ,igʊʒ,ugʊʒ
i.gʊθ,u.gʊθ,igʊθ,ugʊθ
i.gʊð,u.gʊð,igʊð,ugʊð
i.fʊm,u.fʊm,ifʊm,ufʊm
i.fʊn,u.fʊn,ifʊn,ufʊn
i.fʊŋ,u.fʊŋ,ifʊŋ,ufʊŋ
i.fʊp,u.fʊp,ifʊp,ufʊp
i.fʊt,u.fʊt,ifʊt,ufʊt
i.fʊk,u.fʊk,ifʊk,ufʊk
i.fʊb,u.fʊb,ifʊb,ufʊb
i.fʊd,u.fʊd,ifʊd,ufʊd
i.fʊg,u.fʊg,ifʊg,ufʊg
i.fʊf,u.fʊf,ifʊf,ufʊf
i.fʊs,u.fʊs,ifʊs,ufʊs
i.fʊv,u.fʊv,ifʊv,ufʊv
i.fʊz,u.fʊz,ifʊz,ufʊz
i.fʊʃ,u.fʊʃ,ifʊʃ,ufʊʃ
i.fʊʒ,u.fʊʒ,ifʊʒ,ufʊʒ
i.fʊθ,u.fʊθ,ifʊθ,ufʊθ
i.fʊð,u.fʊð,ifʊð,ufʊð
i.sʊm,u.sʊm,isʊm,usʊm
i.sʊn,u.sʊn,isʊn,usʊn
i.sʊŋ,u.sʊŋ,isʊŋ,usʊŋ
i.sʊp,u.sʊp,isʊp,usʊp
i.sʊt,u.sʊt,isʊt,usʊt
i.sʊk,u.sʊk,isʊk,usʊk
i.sʊb,u.sʊb,isʊb,usʊb
i.sʊd,u.sʊd,isʊd,usʊd
i.sʊg,u.sʊg,isʊg,usʊg
i.sʊf,u.sʊf,isʊf,usʊf
i.sʊs,u.sʊs,isʊs,usʊs
i.sʊv,u.sʊv,isʊv,usʊv
i.sʊz,u.sʊz,isʊz,usʊz
i.sʊʃ,u.sʊʃ,isʊʃ,usʊʃ
i.sʊʒ,u.sʊʒ,isʊʒ,usʊʒ
i.sʊθ,u.sʊθ,isʊθ,usʊθ
i.sʊð,u.sʊð,isʊð,usʊð
i.vʊm,u.vʊm,ivʊm,uvʊm
i.vʊn,u.vʊn,ivʊn,uvʊn
i.vʊŋ,u.vʊŋ,ivʊŋ,uvʊŋ
i.vʊp,u.vʊp,ivʊp,uvʊp
i.vʊt,u.vʊt,ivʊt,uvʊt
i.vʊk,u.vʊk,ivʊk,uvʊk
i.vʊb,u.vʊb,ivʊb,uvʊb
i.vʊd,u.vʊd,ivʊd,uvʊd
i.vʊg,u.vʊg,ivʊg,uvʊg
i.vʊf,u.vʊf,ivʊf,uvʊf
i.vʊs,u.vʊs,ivʊs,uvʊs
i.vʊv,u.vʊv,ivʊv,uvʊv
i.vʊz,u.vʊz,ivʊz,uvʊz
i.vʊʃ,u.vʊʃ,ivʊʃ,uvʊʃ
i.vʊʒ,u.vʊʒ,ivʊʒ,uvʊʒ
i.vʊθ,u.vʊθ,ivʊθ,uvʊθ
i.vʊð,u.vʊð,ivʊð,uvʊð
i.zʊm,u.zʊm,izʊm,uzʊm
i.zʊn,u.zʊn,izʊn,uzʊn
i.zʊŋ,u.zʊŋ,izʊŋ,uzʊŋ
i.zʊp,u.zʊp,izʊp,uzʊp
i.zʊt,u.zʊt,izʊt,uzʊt
i.zʊk,u.zʊk,izʊk,uzʊk
i.zʊb,u.zʊb,izʊb,uzʊb
i.zʊd,u.zʊd,izʊd,uzʊd
i.zʊg,u.zʊg,izʊg,uzʊg
i.zʊf,u.zʊf,izʊf,uzʊf
i.zʊs,u.zʊs,izʊs,uzʊs
i.zʊv,u.zʊv,izʊv,uzʊv
i.zʊz,u.zʊz,izʊz,uzʊz
i.zʊʃ,u.zʊʃ,izʊʃ,uzʊʃ
i.zʊʒ,u.zʊʒ,izʊʒ,uzʊʒ
i.zʊθ,u.zʊθ,izʊθ,uzʊθ
i.zʊð,u.zʊð,izʊð,uzʊð
i.ʃʊm,u.ʃʊm,iʃʊm,uʃʊm
i.ʃʊn,u.ʃʊn,iʃʊn,uʃʊn
i.ʃʊŋ,u.ʃʊŋ,iʃʊŋ,uʃʊŋ
i.ʃʊp,u.ʃʊp,iʃʊp,uʃʊp
i.ʃʊt,u.ʃʊt,iʃʊt,uʃʊt
i.ʃʊk,u.ʃʊk,iʃʊk,uʃʊk
i.ʃʊb,u.ʃʊb,iʃʊb,uʃʊb
i.ʃʊd,u.ʃʊd,iʃʊd,uʃʊd
i.ʃʊg,u.ʃʊg,iʃʊg,uʃʊg
i.ʃʊf,u.ʃʊf,iʃʊf,uʃʊf
i.ʃʊs,u.ʃʊs,iʃʊs,uʃʊs
i.ʃʊv,u.ʃʊv,iʃʊv,uʃʊv
i.ʃʊz,u.ʃʊz,iʃʊz,uʃʊz
i.ʃʊʃ,u.ʃʊʃ,iʃʊʃ,uʃʊʃ
i.ʃʊʒ,u.ʃʊʒ,iʃʊʒ,uʃʊʒ
i.ʃʊθ,u.ʃʊθ,iʃʊθ,uʃʊθ
i.ʃʊð,u.ʃʊð,iʃʊð,uʃʊð
i.ʒʊm,u.ʒʊm,iʒʊm,uʒʊm
i.ʒʊn,u.ʒʊn,iʒʊn,uʒʊn
i.ʒʊŋ,u.ʒʊŋ,iʒʊŋ,uʒʊŋ
i.ʒʊp,u.ʒʊp,iʒʊp,uʒʊp
i.ʒʊt,u.ʒʊt,iʒʊt,uʒʊt
i.ʒʊk,u.ʒʊk,iʒʊk,uʒʊk
i.ʒʊb,u.ʒʊb,iʒʊb,uʒʊb
i.ʒʊd,u.ʒʊd,iʒʊd,uʒʊd
i.ʒʊg,u.ʒʊg,iʒʊg,uʒʊg
i.ʒʊf,u.ʒʊf,iʒʊf,uʒʊf
i.ʒʊs,u.ʒʊs,iʒʊs,uʒʊs
i.ʒʊv,u.ʒʊv,iʒʊv,uʒʊv
i.ʒʊz,u.ʒʊz,iʒʊz,uʒʊz
i.ʒʊʃ,u.ʒʊʃ,iʒʊʃ,uʒʊʃ
i.ʒʊʒ,u.ʒʊʒ,iʒʊʒ,uʒʊʒ
i.ʒʊθ,u.ʒʊθ,iʒʊθ,uʒʊθ
i.ʒʊð,u.ʒʊð,iʒʊð,uʒʊð
i.θʊm,u.θʊm,iθʊm,uθʊm
i.θʊn,u.θʊn,iθʊn,uθʊn
i.θʊŋ,u.θʊŋ,iθʊŋ,uθʊŋ
i.θʊp,u.θʊp,iθʊp,uθʊp
i.θʊt,u.θʊt,iθʊt,uθʊt
i.θʊk,u.θʊk,iθʊk,uθʊk
i.θʊb,u.θʊb,iθʊb,uθʊb
i.θʊd,u.θʊd,iθʊd,uθʊd
i.θʊg,u.θʊg,iθʊg,uθʊg
i.θʊf,u.θʊf,iθʊf,uθʊf
i.θʊs,u.θʊs,iθʊs,uθʊs
i.θʊv,u.θʊv,iθʊv,uθʊv
i.θʊz,u.θʊz,iθʊz,uθʊz
i.θʊʃ,u.θʊʃ,iθʊʃ,uθʊʃ
i.θʊʒ,u.θʊʒ,iθʊʒ,uθʊʒ
i.θʊθ,u.θʊθ,iθʊθ,uθʊθ
i.θʊð,u.θʊð,iθʊð,uθʊð
i.ðʊm,u.ðʊm,iðʊm,uðʊm
i.ðʊn,u.ðʊn,iðʊn,uðʊn
i.ðʊŋ,u.ðʊŋ,iðʊŋ,uðʊŋ
i.ðʊp,u.ðʊp,iðʊp,uðʊp
i.ðʊt,u.ðʊt,iðʊt,uðʊt
i.ðʊk,u.ðʊk,iðʊk,uðʊk
i.ðʊb,u.ðʊb,iðʊb,uðʊb
i.ðʊd,u.ðʊd,iðʊd,uðʊd
i.ðʊg,u.ðʊg,iðʊg,uðʊg
i.ðʊf,u.ðʊf,iðʊf,uðʊf
i.ðʊs,u.ðʊs,iðʊs,uðʊs
i.ðʊv,u.ðʊv,iðʊv,uðʊv
i.ðʊz,u.ðʊz,iðʊz,uðʊz
i.ðʊʃ,u.ðʊʃ,iðʊʃ,uðʊʃ
i.ðʊʒ,u.ðʊʒ,iðʊʒ,uðʊʒ
i.ðʊθ,u.ðʊθ,iðʊθ,uðʊθ
i.ðʊð,u.ðʊð,iðʊð,uðʊð
i.hʊm,u.hʊm,ihʊm,uhʊm
i.hʊn,u.hʊn,ihʊn,uhʊn
i.hʊŋ,u.hʊŋ,ihʊŋ,uhʊŋ
i.hʊp,u.hʊp,ihʊp,uhʊp
i.hʊt,u.hʊt,ihʊt,uhʊt
i.hʊk,u.hʊk,ihʊk,uhʊk
i.hʊb,u.hʊb,ihʊb,uhʊb
i.hʊd,u.hʊd,ihʊd,uhʊd
i.hʊg,u.hʊg,ihʊg,uhʊg
i.hʊf,u.hʊf,ihʊf,uhʊf
i.hʊs,u.hʊs,ihʊs,uhʊs
i.hʊv,u.hʊv,ihʊv,uhʊv
i.hʊz,u.hʊz,ihʊz,uhʊz
i.hʊʃ,u.hʊʃ,ihʊʃ,uhʊʃ
i.hʊʒ,u.hʊʒ,ihʊʒ,uhʊʒ
i.hʊθ,u.hʊθ,ihʊθ,uhʊθ
i.hʊð,u.hʊð,ihʊð,uhʊð
i.mɔm,u.mɔm,imɔm,umɔm
i.mɔn,u.mɔn,imɔn,umɔn
i.mɔŋ,u.mɔŋ,imɔŋ,umɔŋ
i.mɔp,u.mɔp,imɔp,umɔp
i.mɔt,u.mɔt,imɔt,umɔt
i.mɔk,u.mɔk,imɔk,umɔk
i.mɔb,u.mɔb,imɔb,umɔb
i.mɔd,u.mɔd,imɔd,umɔd
i.mɔg,u.mɔg,imɔg,umɔg
i.mɔf,u.mɔf,imɔf,umɔf
i.mɔs,u.mɔs,imɔs,umɔs
i.mɔv,u.mɔv,imɔv,umɔv
i.mɔz,u.mɔz,imɔz,umɔz
i.mɔʃ,u.mɔʃ,imɔʃ,umɔʃ
i.mɔʒ,u.mɔʒ,imɔʒ,umɔʒ
i.mɔθ,u.mɔθ,imɔθ,umɔθ
i.mɔð,u.mɔð,imɔð,umɔð
i.nɔm,u.nɔm,inɔm,unɔm
i.nɔn,u.nɔn,inɔn,unɔn
i.nɔŋ,u.nɔŋ,inɔŋ,unɔŋ
i.nɔp,u.nɔp,inɔp,unɔp
i.nɔt,u.nɔt,inɔt,unɔt
i.nɔk,u.nɔk,inɔk,unɔk
i.nɔb,u.nɔb,inɔb,unɔb
i.nɔd,u.nɔd,inɔd,unɔd
i.nɔg,u.nɔg,inɔg,unɔg
i.nɔf,u.nɔf,inɔf,unɔf
i.nɔs,u.nɔs,inɔs,unɔs
i.nɔv,u.nɔv,inɔv,unɔv
i.nɔz,u.nɔz,inɔz,unɔz
i.nɔʃ,u.nɔʃ,inɔʃ,unɔʃ
i.nɔʒ,u.nɔʒ,inɔʒ,unɔʒ
i.nɔθ,u.nɔθ,inɔθ,unɔθ
i.nɔð,u.nɔð,inɔð,unɔð
i.pɔm,u.pɔm,ipɔm,upɔm
i.pɔn,u.pɔn,ipɔn,upɔn
i.pɔŋ,u.pɔŋ,ipɔŋ,upɔŋ
i.pɔp,u.pɔp,ipɔp,upɔp
i.pɔt,u.pɔt,ipɔt,upɔt
i.pɔk,u.pɔk,ipɔk,upɔk
i.pɔb,u.pɔb,ipɔb,upɔb
i.pɔd,u.pɔd,ipɔd,upɔd
i.pɔg,u.pɔg,ipɔg,upɔg
i.pɔf,u.pɔf,ipɔf,upɔf
i.pɔs,u.pɔs,ipɔs,upɔs
i.pɔv,u.pɔv,ipɔv,upɔv
i.pɔz,u.pɔz,ipɔz,upɔz
i.pɔʃ,u.pɔʃ,ipɔʃ,upɔʃ
i.pɔʒ,u.pɔʒ,ipɔʒ,upɔʒ
i.pɔθ,u.pɔθ,ipɔθ,upɔθ
i.pɔð,u.pɔð,ipɔð,upɔð
i.tɔm,u.tɔm,itɔm,utɔm
i.tɔn,u.tɔn,itɔn,utɔn
i.tɔŋ,u.tɔŋ,itɔŋ,utɔŋ
i.tɔp,u.tɔp,itɔp,utɔp
i.tɔt,u.tɔt,itɔt,utɔt
i.tɔk,u.tɔk,itɔk,utɔk
i.tɔb,u.tɔb,itɔb,utɔb
i.tɔd,u.tɔd,itɔd,utɔd
i.tɔg,u.tɔg,itɔg,utɔg
i.tɔf,u.tɔf,itɔf,utɔf
i.tɔs,u.tɔs,itɔs,utɔs
i.tɔv,u.tɔv,itɔv,utɔv
i.tɔz,u.tɔz,itɔz,utɔz
i.tɔʃ,u.tɔʃ,itɔʃ,utɔʃ
i.tɔʒ,u.tɔʒ,itɔʒ,utɔʒ
i.tɔθ,u.tɔθ,itɔθ,utɔθ
i.tɔð,u.tɔð,itɔð,utɔð
i.kɔm,u.kɔm,ikɔm,ukɔm
i.kɔn,u.kɔn,ikɔn,ukɔn
i.kɔŋ,u.kɔŋ,ikɔŋ,ukɔŋ
i.kɔp,u.kɔp,ikɔp,ukɔp
i.kɔt,u.kɔt,ikɔt,ukɔt
i.kɔk,u.kɔk,ikɔk,ukɔk
i.kɔb,u.kɔb,ikɔb,ukɔb
i.kɔd,u.kɔd,ikɔd,ukɔd
i.kɔg,u.kɔg,ikɔg,ukɔg
i.kɔf,u.kɔf,ikɔf,ukɔf
i.kɔs,u.kɔs,ikɔs,ukɔs
i.kɔv,u.kɔv,ikɔv,ukɔv
i.kɔz,u.kɔz,ikɔz,ukɔz
i.kɔʃ,u.kɔʃ,ikɔʃ,ukɔʃ
i.kɔʒ,u.kɔʒ,ikɔʒ,ukɔʒ
i.kɔθ,u.kɔθ,ikɔθ,ukɔθ
i.kɔð,u.kɔð,ikɔð,ukɔð
i.bɔm,u.bɔm,ibɔm,ubɔm
i.bɔn,u.bɔn,ibɔn,ubɔn
i.bɔŋ,u.bɔŋ,ibɔŋ,ubɔŋ
i.bɔp,u.bɔp,ibɔp,ubɔp
i.bɔt,u.bɔt,ibɔt,ubɔt
i.bɔk,u.bɔk,ibɔk,ubɔk
i.bɔb,u.bɔb,ibɔb,ubɔb
i.bɔd,u.bɔd,ibɔd,ubɔd
i.bɔg,u.bɔg,ibɔg,ubɔg
i.bɔf,u.bɔf,ibɔf,ubɔf
i.bɔs,u.bɔs,ibɔs,ubɔs
i.bɔv,u.bɔv,ibɔv,ubɔv
i.bɔz,u.bɔz,ibɔz,ubɔz
i.bɔʃ,u.bɔʃ,ibɔʃ,ubɔʃ
i.bɔʒ,u.bɔʒ,ibɔʒ,ubɔʒ
i.bɔθ,u.bɔθ,ibɔθ,ubɔθ
i.bɔð,u.bɔð,ibɔð,ubɔð
i.dɔm,u.dɔm,idɔm,udɔm
i.dɔn,u.dɔn,idɔn,udɔn
i.dɔŋ,u.dɔŋ,idɔŋ,udɔŋ
i.dɔp,u.dɔp,idɔp,udɔp
i.dɔt,u.dɔt,idɔt,udɔt
i.dɔk,u.dɔk,idɔk,udɔk
i.dɔb,u.dɔb,idɔb,udɔb
i.dɔd,u.dɔd,idɔd,udɔd
i.dɔg,u.dɔg,idɔg,udɔg
i.dɔf,u.dɔf,idɔf,udɔf
i.dɔs,u.dɔs,idɔs,udɔs
i.dɔv,u.dɔv,idɔv,udɔv
i.dɔz,u.dɔz,idɔz,udɔz
i.dɔʃ,u.dɔʃ,idɔʃ,udɔʃ
i.dɔʒ,u.dɔʒ,idɔʒ,udɔʒ
i.dɔθ,u.dɔθ,idɔθ,udɔθ
i.dɔð,u.dɔð,idɔð,udɔð
i.gɔm,u.gɔm,igɔm,ugɔm
i.gɔn,u.gɔn,igɔn,ugɔn
i.gɔŋ,u.gɔŋ,igɔŋ,ugɔŋ
i.gɔp,u.gɔp,igɔp,ugɔp
i.gɔt,u.gɔt,igɔt,ugɔt
i.gɔk,u.gɔk,igɔk,ugɔk
i.gɔb,u.gɔb,igɔb,ugɔb
i.gɔd,u.gɔd,igɔd,ugɔd
i.gɔg,u.gɔg,igɔg,ugɔg
i.gɔf,u.gɔf,igɔf,ugɔf
i.gɔs,u.gɔs,igɔs,ugɔs
i.gɔv,u.gɔv,igɔv,ugɔv
i.gɔz,u.gɔz,igɔz,ugɔz
i.gɔʃ,u.gɔʃ,igɔʃ,ugɔʃ
i.gɔʒ,u.gɔʒ,igɔʒ,ugɔʒ
i.gɔθ,u.gɔθ,igɔθ,ugɔθ
i.gɔð,u.gɔð,igɔð,ugɔð
i.fɔm,u.fɔm,ifɔm,ufɔm
i.fɔn,u.fɔn,ifɔn,ufɔn
i.fɔŋ,u.fɔŋ,ifɔŋ,ufɔŋ
i.fɔp,u.fɔp,ifɔp,ufɔp
i.fɔt,u.fɔt,ifɔt,ufɔt
i.fɔk,u.fɔk,ifɔk,ufɔk
i.fɔb,u.fɔb,ifɔb,ufɔb
i.fɔd,u.fɔd,ifɔd,ufɔd
i.fɔg,u.fɔg,ifɔg,ufɔg
i.fɔf,u.fɔf,ifɔf,ufɔf
i.fɔs,u.fɔs,ifɔs,ufɔs
i.fɔv,u.fɔv,ifɔv,ufɔv
i.fɔz,u.fɔz,ifɔz,ufɔz
i.fɔʃ,u.fɔʃ,ifɔʃ,ufɔʃ
i.fɔʒ,u.fɔʒ,ifɔʒ,ufɔʒ
i.fɔθ,u.fɔθ,ifɔθ,ufɔθ
i.fɔð,u.fɔð,ifɔð,ufɔð
i.sɔm,u.sɔm,isɔm,usɔm
i.sɔn,u.sɔn,isɔn,usɔn
i.sɔŋ,u.sɔŋ,isɔŋ,usɔŋ
i.sɔp,u.sɔp,isɔp,usɔp
i.sɔt,u.sɔt,isɔt,usɔt
i.sɔk,u.sɔk,isɔk,usɔk
i.sɔb,u.sɔb,isɔb,usɔb
i.sɔd,u.sɔd,isɔd,usɔd
i.sɔg,u.sɔg,isɔg,usɔg
i.sɔf,u.sɔf,isɔf,usɔf
i.sɔs,u.sɔs,isɔs,usɔs
i.sɔv,u.sɔv,isɔv,usɔv
i.sɔz,u.sɔz,isɔz,usɔz
i.sɔʃ,u.sɔʃ,isɔʃ,usɔʃ
i.sɔʒ,u.sɔʒ,isɔʒ,usɔʒ
i.sɔθ,u.sɔθ,isɔθ,usɔθ
i.sɔð,u.sɔð,isɔð,usɔð
i.vɔm,u.vɔm,ivɔm,uvɔm
i.vɔn,u.vɔn,ivɔn,uvɔn
i.vɔŋ,u.vɔŋ,ivɔŋ,uvɔŋ
i.vɔp,u.vɔp,ivɔp,uvɔp
i.vɔt,u.vɔt,ivɔt,uvɔt
i.vɔk,u.vɔk,ivɔk,uvɔk
i.vɔb,u.vɔb,ivɔb,uvɔb
i.vɔd,u.vɔd,ivɔd,uvɔd
i.vɔg,u.vɔg,ivɔg,uvɔg
i.vɔf,u.vɔf,ivɔf,uvɔf
i.vɔs,u.vɔs,ivɔs,uvɔs
i.vɔv,u.vɔv,ivɔv,uvɔv
i.vɔz,u.vɔz,ivɔz,uvɔz
i.vɔʃ,u.vɔʃ,ivɔʃ,uvɔʃ
i.vɔʒ,u.vɔʒ,ivɔʒ,uvɔʒ
i.vɔθ,u.vɔθ,ivɔθ,uvɔθ
i.vɔð,u.vɔð,ivɔð,uvɔð
i.zɔm,u.zɔm,izɔm,uzɔm
i.zɔn,u.zɔn,izɔn,uzɔn
i.zɔŋ,u.zɔŋ,izɔŋ,uzɔŋ
i.zɔp,u.zɔp,izɔp,uzɔp
i.zɔt,u.zɔt,izɔt,uzɔt
i.zɔk,u.zɔk,izɔk,uzɔk
i.zɔb,u.zɔb,izɔb,uzɔb
i.zɔd,u.zɔd,izɔd,uzɔd
i.zɔg,u.zɔg,izɔg,uzɔg
i.zɔf,u.zɔf,izɔf,uzɔf
i.zɔs,u.zɔs,izɔs,uzɔs
i.zɔv,u.zɔv,izɔv,uzɔv
i.zɔz,u.zɔz,izɔz,uzɔz
i.zɔʃ,u.zɔʃ,izɔʃ,uzɔʃ
i.zɔʒ,u.zɔʒ,izɔʒ,uzɔʒ
i.zɔθ,u.zɔθ,izɔθ,uzɔθ
i.zɔð,u.zɔð,izɔð,uzɔð
i.ʃɔm,u.ʃɔm,iʃɔm,uʃɔm
i.ʃɔn,u.ʃɔn,iʃɔn,uʃɔn
i.ʃɔŋ,u.ʃɔŋ,iʃɔŋ,uʃɔŋ
i.ʃɔp,u.ʃɔp,iʃɔp,uʃɔp
i.ʃɔt,u.ʃɔt,iʃɔt,uʃɔt
i.ʃɔk,u.ʃɔk,iʃɔk,uʃɔk
i.ʃɔb,u.ʃɔb,iʃɔb,uʃɔb
i.ʃɔd,u.ʃɔd,iʃɔd,uʃɔd
i.ʃɔg,u.ʃɔg,iʃɔg,uʃɔg
i.ʃɔf,u.ʃɔf,iʃɔf,uʃɔf
i.ʃɔs,u.ʃɔs,iʃɔs,uʃɔs
i.ʃɔv,u.ʃɔv,iʃɔv,uʃɔv
i.ʃɔz,u.ʃɔz,iʃɔz,uʃɔz
i.ʃɔʃ,u.ʃɔʃ,iʃɔʃ,uʃɔʃ
i.ʃɔʒ,u.ʃɔʒ,iʃɔʒ,uʃɔʒ
i.ʃɔθ,u.ʃɔθ,iʃɔθ,uʃɔθ
i.ʃɔð,u.ʃɔð,iʃɔð,uʃɔð
i.ʒɔm,u.ʒɔm,iʒɔm,uʒɔm
i.ʒɔn,u.ʒɔn,iʒɔn,uʒɔn
i.ʒɔŋ,u.ʒɔŋ,iʒɔŋ,uʒɔŋ
i.ʒɔp,u.ʒɔp,iʒɔp,uʒɔp
i.ʒɔt,u.ʒɔt,iʒɔt,uʒɔt
i.ʒɔk,u.ʒɔk,iʒɔk,uʒɔk
i.ʒɔb,u.ʒɔb,iʒɔb,uʒɔb
i.ʒɔd,u.ʒɔd,iʒɔd,uʒɔd
i.ʒɔg,u.ʒɔg,iʒɔg,uʒɔg
i.ʒɔf,u.ʒɔf,iʒɔf,uʒɔf
i.ʒɔs,u.ʒɔs,iʒɔs,uʒɔs
i.ʒɔv,u.ʒɔv,iʒɔv,uʒɔv
i.ʒɔz,u.ʒɔz,iʒɔz,uʒɔz
i.ʒɔʃ,u.ʒɔʃ,iʒɔʃ,uʒɔʃ
i.ʒɔʒ,u.ʒɔʒ,iʒɔʒ,uʒɔʒ
i.ʒɔθ,u.ʒɔθ,iʒɔθ,uʒɔθ
i.ʒɔð,u.ʒɔð,iʒɔð,uʒɔð
i.θɔm,u.θɔm,iθɔm,uθɔm
i.θɔn,u.θɔn,iθɔn,uθɔn
i.θɔŋ,u.θɔŋ,iθɔŋ,uθɔŋ
i.θɔp,u.θɔp,iθɔp,uθɔp
i.θɔt,u.θɔt,iθɔt,uθɔt
i.θɔk,u.θɔk,iθɔk,uθɔk
i.θɔb,u.θɔb,iθɔb,uθɔb
i.θɔd,u.θɔd,iθɔd,uθɔd
i.θɔg,u.θɔg,iθɔg,uθɔg
i.θɔf,u.θɔf,iθɔf,uθɔf
i.θɔs,u.θɔs,iθɔs,uθɔs
i.θɔv,u.θɔv,iθɔv,uθɔv
i.θɔz,u.θɔz,iθɔz,uθɔz
i.θɔʃ,u.θɔʃ,iθɔʃ,uθɔʃ
i.θɔʒ,u.θɔʒ,iθɔʒ,uθɔʒ
i.θɔθ,u.θɔθ,iθɔθ,uθɔθ
i.θɔð,u.θɔð,iθɔð,uθɔð
i.ðɔm,u.ðɔm,iðɔm,uðɔm
i.ðɔn,u.ðɔn,iðɔn,uðɔn
i.ðɔŋ,u.ðɔŋ,iðɔŋ,uðɔŋ
i.ðɔp,u.ðɔp,iðɔp,uðɔp
i.ðɔt,u.ðɔt,iðɔt,uðɔt
i.ðɔk,u.ðɔk,iðɔk,uðɔk
i.ðɔb,u.ðɔb,iðɔb,uðɔb
i.ðɔd,u.ðɔd,iðɔd,uðɔd
i.ðɔg,u.ðɔg,iðɔg,uðɔg
i.ðɔf,u.ðɔf,iðɔf,uðɔf
i.ðɔs,u.ðɔs,iðɔs,uðɔs
i.ðɔv,u.ðɔv,iðɔv,uðɔv
i.ðɔz,u.ðɔz,iðɔz,uðɔz
i.ðɔʃ,u.ðɔʃ,iðɔʃ,uðɔʃ
i.ðɔʒ,u.ðɔʒ,iðɔʒ,uðɔʒ
i.ðɔθ,u.ðɔθ,iðɔθ,uðɔθ
i.ðɔð,u.ðɔð,iðɔð,uðɔð
i.hɔm,u.hɔm,ihɔm,uhɔm
i.hɔn,u.hɔn,ihɔn,uhɔn
i.hɔŋ,u.hɔŋ,ihɔŋ,uhɔŋ
i.hɔp,u.hɔp,ihɔp,uhɔp
i.hɔt,u.hɔt,ihɔt,uhɔt
i.hɔk,u.hɔk,ihɔk,uhɔk
i.hɔb,u.hɔb,ihɔb,uhɔb
i.hɔd,u.hɔd,ihɔd,uhɔd
i.hɔg,u.hɔg,ihɔg,uhɔg
i.hɔf,u.hɔf,ihɔf,uhɔf
i.hɔs,u.hɔs,ihɔs,uhɔs
i.hɔv,u.hɔv,ihɔv,uhɔv
i.hɔz,u.hɔz,ihɔz,uhɔz
i.hɔʃ,u.hɔʃ,ihɔʃ,uhɔʃ
i.hɔʒ,u.hɔʒ,ihɔʒ,uhɔʒ
i.hɔθ,u.hɔθ,ihɔθ,uhɔθ
i.hɔð,u.hɔð,ihɔð,uhɔð
e.mɪm,o.mɪm,emɪm,omɪm
e.mɪn,o.mɪn,emɪn,omɪn
e.mɪŋ,o.mɪŋ,emɪŋ,omɪŋ
e.mɪp,o.mɪp,emɪp,omɪp
e.mɪt,o.mɪt,emɪt,omɪt
e.mɪk,o.mɪk,emɪk,omɪk
e.mɪb,o.mɪb,emɪb,omɪb
e.mɪd,o.mɪd,emɪd,omɪd
e.mɪg,o.mɪg,emɪg,omɪg
e.mɪf,o.mɪf,emɪf,omɪf
e.mɪs,o.mɪs,emɪs,omɪs
e.mɪv,o.mɪv,emɪv,omɪv
e.mɪz,o.mɪz,emɪz,omɪz
e.mɪʃ,o.mɪʃ,emɪʃ,omɪʃ
e.mɪʒ,o.mɪʒ,emɪʒ,omɪʒ
e.mɪθ,o.mɪθ,emɪθ,omɪθ
e.mɪð,o.mɪð,emɪð,omɪð
e.nɪm,o.nɪm,enɪm,onɪm
e.nɪn,o.nɪn,enɪn,onɪn
e.nɪŋ,o.nɪŋ,enɪŋ,onɪŋ
e.nɪp,o.nɪp,enɪp,onɪp
e.nɪt,o.nɪt,enɪt,onɪt
e.nɪk,o.nɪk,enɪk,onɪk
e.nɪb,o.nɪb,enɪb,onɪb
e.nɪd,o.nɪd,enɪd,onɪd
e.nɪg,o.nɪg,enɪg,onɪg
e.nɪf,o.nɪf,enɪf,onɪf
e.nɪs,o.nɪs,enɪs,onɪs
e.nɪv,o.nɪv,enɪv,onɪv
e.nɪz,o.nɪz,enɪz,onɪz
e.nɪʃ,o.nɪʃ,enɪʃ,onɪʃ
e.nɪʒ,o.nɪʒ,enɪʒ,onɪʒ
e.nɪθ,o.nɪθ,enɪθ,onɪθ
e.nɪð,o.nɪð,enɪð,onɪð
e.pɪm,o.pɪm,epɪm,opɪm
e.pɪn,o.pɪn,epɪn,opɪn
e.pɪŋ,o.pɪŋ,epɪŋ,opɪŋ
e.pɪp,o.pɪp,epɪp,opɪp
e.pɪt,o.pɪt,epɪt,opɪt
e.pɪk,o.pɪk,epɪk,opɪk
e.pɪb,o.pɪb,epɪb,opɪb
e.pɪd,o.pɪd,epɪd,opɪd
e.pɪg,o.pɪg,epɪg,opɪg
e.pɪf,o.pɪf,epɪf,opɪf
e.pɪs,o.pɪs,epɪs,opɪs
e.pɪv,o.pɪv,epɪv,opɪv
e.pɪz,o.pɪz,epɪz,opɪz
e.pɪʃ,o.pɪʃ,epɪʃ,opɪʃ
e.pɪʒ,o.pɪʒ,epɪʒ,opɪʒ
e.pɪθ,o.pɪθ,epɪθ,opɪθ
e.pɪð,o.pɪð,epɪð,opɪð
e.tɪm,o.tɪm,etɪm,otɪm
e.tɪn,o.tɪn,etɪn,otɪn
e.tɪŋ,o.tɪŋ,etɪŋ,otɪŋ
e.tɪp,o.tɪp,etɪp,otɪp
e.tɪt,o.tɪt,etɪt,otɪt
e.tɪk,o.tɪk,etɪk,otɪk
e.tɪb,o.tɪb,etɪb,otɪb
e.tɪd,o.tɪd,etɪd,otɪd
e.tɪg,o.tɪg,etɪg,otɪg
e.tɪf,o.tɪf,etɪf,otɪf
e.tɪs,o.tɪs,etɪs,otɪs
e.tɪv,o.tɪv,etɪv,otɪv
e.tɪz,o.tɪz,etɪz,otɪz
e.tɪʃ,o.tɪʃ,etɪʃ,otɪʃ
e.tɪʒ,o.tɪʒ,etɪʒ,otɪʒ
e.tɪθ,o.tɪθ,etɪθ,otɪθ
e.tɪð,o.tɪð,etɪð,otɪð
e.kɪm,o.kɪm,ekɪm,okɪm
e.kɪn,o.kɪn,ekɪn,okɪn
e.kɪŋ,o.kɪŋ,ekɪŋ,okɪŋ
e.kɪp,o.kɪp,ekɪp,okɪp
e.kɪt,o.kɪt,ekɪt,okɪt
e.kɪk,o.kɪk,ekɪk,okɪk
e.kɪb,o.kɪb,ekɪb,okɪb
e.kɪd,o.kɪd,ekɪd,okɪd
e.kɪg,o.kɪg,ekɪg,okɪg
e.kɪf,o.kɪf,ekɪf,okɪf
e.kɪs,o.kɪs,ekɪs,okɪs
e.kɪv,o.kɪv,ekɪv,okɪv
e.kɪz,o.kɪz,ekɪz,okɪz
e.kɪʃ,o.kɪʃ,ekɪʃ,okɪʃ
e.kɪʒ,o.kɪʒ,ekɪʒ,okɪʒ
e.kɪθ,o.kɪθ,ekɪθ,okɪθ
e.kɪð,o.kɪð,ekɪð,okɪð
e.bɪm,o.bɪm,ebɪm,obɪm
e.bɪn,o.bɪn,ebɪn,obɪn
e.bɪŋ,o.bɪŋ,ebɪŋ,obɪŋ
e.bɪp,o.bɪp,ebɪp,obɪp
e.bɪt,o.bɪt,ebɪt,obɪt
e.bɪk,o.bɪk,ebɪk,obɪk
e.bɪb,o.bɪb,ebɪb,obɪb
e.bɪd,o.bɪd,ebɪd,obɪd
e.bɪg,o.bɪg,ebɪg,obɪg
e.bɪf,o.bɪf,ebɪf,obɪf
e.bɪs,o.bɪs,ebɪs,obɪs
e.bɪv,o.bɪv,ebɪv,obɪv
e.bɪz,o.bɪz,ebɪz,obɪz
e.bɪʃ,o.bɪʃ,ebɪʃ,obɪʃ
e.bɪʒ,o.bɪʒ,ebɪʒ,obɪʒ
e.bɪθ,o.bɪθ,ebɪθ,obɪθ
e.bɪð,o.bɪð,ebɪð,obɪð
e.dɪm,o.dɪm,edɪm,odɪm
e.dɪn,o.dɪn,edɪn,odɪn
e.dɪŋ,o.dɪŋ,edɪŋ,odɪŋ
e.dɪp,o.dɪp,edɪp,odɪp
e.dɪt,o.dɪt,edɪt,odɪt
e.dɪk,o.dɪk,edɪk,odɪk
e.dɪb,o.dɪb,edɪb,odɪb
e.dɪd,o.dɪd,edɪd,odɪd
e.dɪg,o.dɪg,edɪg,odɪg
e.dɪf,o.dɪf,edɪf,odɪf
e.dɪs,o.dɪs,edɪs,odɪs
e.dɪv,o.dɪv,edɪv,odɪv
e.dɪz,o.dɪz,edɪz,odɪz
e.dɪʃ,o.dɪʃ,edɪʃ,odɪʃ
e.dɪʒ,o.dɪʒ,edɪʒ,odɪʒ
e.dɪθ,o.dɪθ,edɪθ,odɪθ
e.dɪð,o.dɪð,edɪð,odɪð
e.gɪm,o.gɪm,egɪm,ogɪm
e.gɪn,o.gɪn,egɪn,ogɪn
e.gɪŋ,o.gɪŋ,egɪŋ,ogɪŋ
e.gɪp,o.gɪp,egɪp,ogɪp
e.gɪt,o.gɪt,egɪt,ogɪt
e.gɪk,o.gɪk,egɪk,ogɪk
e.gɪb,o.gɪb,egɪb,ogɪb
e.gɪd,o.gɪd,egɪd,ogɪd
e.gɪg,o.gɪg,egɪg,ogɪg
e.gɪf,o.gɪf,egɪf,ogɪf
e.gɪs,o.gɪs,egɪs,ogɪs
e.gɪv,o.gɪv,egɪv,ogɪv
e.gɪz,o.gɪz,egɪz,ogɪz
e.gɪʃ,o.gɪʃ,egɪʃ,ogɪʃ
e.gɪʒ,o.gɪʒ,egɪʒ,ogɪʒ
e.gɪθ,o.gɪθ,egɪθ,ogɪθ
e.gɪð,o.gɪð,egɪð,ogɪð
e.fɪm,o.fɪm,efɪm,ofɪm
e.fɪn,o.fɪn,efɪn,ofɪn
e.fɪŋ,o.fɪŋ,efɪŋ,ofɪŋ
e.fɪp,o.fɪp,efɪp,ofɪp
e.fɪt,o.fɪt,efɪt,ofɪt
e.fɪk,o.fɪk,efɪk,ofɪk
e.fɪb,o.fɪb,efɪb,ofɪb
e.fɪd,o.fɪd,efɪd,ofɪd
e.fɪg,o.fɪg,efɪg,ofɪg
e.fɪf,o.fɪf,efɪf,ofɪf
e.fɪs,o.fɪs,efɪs,ofɪs
e.fɪv,o.fɪv,efɪv,ofɪv
e.fɪz,o.fɪz,efɪz,ofɪz
e.fɪʃ,o.fɪʃ,efɪʃ,ofɪʃ
e.fɪʒ,o.fɪʒ,efɪʒ,ofɪʒ
e.fɪθ,o.fɪθ,efɪθ,ofɪθ
e.fɪð,o.fɪð,efɪð,ofɪð
e.sɪm,o.sɪm,esɪm,osɪm
e.sɪn,o.sɪn,esɪn,osɪn
e.sɪŋ,o.sɪŋ,esɪŋ,osɪŋ
e.sɪp,o.sɪp,esɪp,osɪp
e.sɪt,o.sɪt,esɪt,osɪt
e.sɪk,o.sɪk,esɪk,osɪk
e.sɪb,o.sɪb,esɪb,osɪb
e.sɪd,o.sɪd,esɪd,osɪd
e.sɪg,o.sɪg,esɪg,osɪg
e.sɪf,o.sɪf,esɪf,osɪf
e.sɪs,o.sɪs,esɪs,osɪs
e.sɪv,o.sɪv,esɪv,osɪv
e.sɪz,o.sɪz,esɪz,osɪz
e.sɪʃ,o.sɪʃ,esɪʃ,osɪʃ
e.sɪʒ,o.sɪʒ,esɪʒ,osɪʒ
e.sɪθ,o.sɪθ,esɪθ,osɪθ
e.sɪð,o.sɪð,esɪð,osɪð
e.vɪm,o.vɪm,evɪm,ovɪm
e.vɪn,o.vɪn,evɪn,ovɪn
e.vɪŋ,o.vɪŋ,evɪŋ,ovɪŋ
e.vɪp,o.vɪp,evɪp,ovɪp
e.vɪt,o.vɪt,evɪt,ovɪt
e.vɪk,o.vɪk,evɪk,ovɪk
e.vɪb,o.vɪb,evɪb,ovɪb
e.vɪd,o.vɪd,evɪd,ovɪd
e.vɪg,o.vɪg,evɪg,ovɪg
e.vɪf,o.vɪf,evɪf,ovɪf
e.vɪs,o.vɪs,evɪs,ovɪs
e.vɪv,o.vɪv,evɪv,ovɪv
e.vɪz,o.vɪz,evɪz,ovɪz
e.vɪʃ,o.vɪʃ,evɪʃ,ovɪʃ
e.vɪʒ,o.vɪʒ,evɪʒ,ovɪʒ
e.vɪθ,o.vɪθ,evɪθ,ovɪθ
e.vɪð,o.vɪð,evɪð,ovɪð
e.zɪm,o.zɪm,ezɪm,ozɪm
e.zɪn,o.zɪn,ezɪn,ozɪn
e.zɪŋ,o.zɪŋ,ezɪŋ,ozɪŋ
e.zɪp,o.zɪp,ezɪp,ozɪp
e.zɪt,o.zɪt,ezɪt,ozɪt
e.zɪk,o.zɪk,ezɪk,ozɪk
e.zɪb,o.zɪb,ezɪb,ozɪb
e.zɪd,o.zɪd,ezɪd,ozɪd
e.zɪg,o.zɪg,ezɪg,ozɪg
e.zɪf,o.zɪf,ezɪf,ozɪf
e.zɪs,o.zɪs,ezɪs,ozɪs
e.zɪv,o.zɪv,ezɪv,ozɪv
e.zɪz,o.zɪz,ezɪz,ozɪz
e.zɪʃ,o.zɪʃ,ezɪʃ,ozɪʃ
e.zɪʒ,o.zɪʒ,ezɪʒ,ozɪʒ
e.zɪθ,o.zɪθ,ezɪθ,ozɪθ
e.zɪð,o.zɪð,ezɪð,ozɪð
e.ʃɪm,o.ʃɪm,eʃɪm,oʃɪm
e.ʃɪn,o.ʃɪn,eʃɪn,oʃɪn
e.ʃɪŋ,o.ʃɪŋ,eʃɪŋ,oʃɪŋ
e.ʃɪp,o.ʃɪp,eʃɪp,oʃɪp
e.ʃɪt,o.ʃɪt,eʃɪt,oʃɪt
e.ʃɪk,o.ʃɪk,eʃɪk,oʃɪk
e.ʃɪb,o.ʃɪb,eʃɪb,oʃɪb
e.ʃɪd,o.ʃɪd,eʃɪd,oʃɪd
e.ʃɪg,o.ʃɪg,eʃɪg,oʃɪg
e.ʃɪf,o.ʃɪf,eʃɪf,oʃɪf
e.ʃɪs,o.ʃɪs,eʃɪs,oʃɪs
e.ʃɪv,o.ʃɪv,eʃɪv,oʃɪv
e.ʃɪz,o.ʃɪz,eʃɪz,oʃɪz
e.ʃɪʃ,o.ʃɪʃ,eʃɪʃ,oʃɪʃ
e.ʃɪʒ,o.ʃɪʒ,eʃɪʒ,oʃɪʒ
e.ʃɪθ,o.ʃɪθ,eʃɪθ,oʃɪθ
e.ʃɪð,o.ʃɪð,eʃɪð,oʃɪð
e.ʒɪm,o.ʒɪm,eʒɪm,oʒɪm
e.ʒɪn,o.ʒɪn,eʒɪn,oʒɪn
e.ʒɪŋ,o.ʒɪŋ,eʒɪŋ,oʒɪŋ
e.ʒɪp,o.ʒɪp,eʒɪp,oʒɪp
e.ʒɪt,o.ʒɪt,eʒɪt,oʒɪt
e.ʒɪk,o.ʒɪk,eʒɪk,oʒɪk
e.ʒɪb,o.ʒɪb,eʒɪb,oʒɪb
e.ʒɪd,o.ʒɪd,eʒɪd,oʒɪd
e.ʒɪg,o.ʒɪg,eʒɪg,oʒɪg
e.ʒɪf,o.ʒɪf,eʒɪf,oʒɪf
e.ʒɪs,o.ʒɪs,eʒɪs,oʒɪs
e.ʒɪv,o.ʒɪv,eʒɪv,oʒɪv
e.ʒɪz,o.ʒɪz,eʒɪz,oʒɪz
e.ʒɪʃ,o.ʒɪʃ,eʒɪʃ,oʒɪʃ
e.ʒɪʒ,o.ʒɪʒ,eʒɪʒ,oʒɪʒ
e.ʒɪθ,o.ʒɪθ,eʒɪθ,oʒɪθ
e.ʒɪð,o.ʒɪð,eʒɪð,oʒɪð
e.θɪm,o.θɪm,eθɪm,oθɪm
e.θɪn,o.θɪn,eθɪn,oθɪn
e.θɪŋ,o.θɪŋ,eθɪŋ,oθɪŋ
e.θɪp,o.θɪp,eθɪp,oθɪp
e.θɪt,o.θɪt,eθɪt,oθɪt
e.θɪk,o.θɪk,eθɪk,oθɪk
e.θɪb,o.θɪb,eθɪb,oθɪb
e.θɪd,o.θɪd,eθɪd,oθɪd
e.θɪg,o.θɪg,eθɪg,oθɪg
e.θɪf,o.θɪf,eθɪf,oθɪf
e.θɪs,o.θɪs,eθɪs,oθɪs
e.θɪv,o.θɪv,eθɪv,oθɪv
e.θɪz,o.θɪz,eθɪz,oθɪz
e.θɪʃ,o.θɪʃ,eθɪʃ,oθɪʃ
e.θɪʒ,o.θɪʒ,eθɪʒ,oθɪʒ
e.θɪθ,o.θɪθ,eθɪθ,oθɪθ
e.θɪð,o.θɪð,eθɪð,oθɪð
e.ðɪm,o.ðɪm,eðɪm,oðɪm
e.ðɪn,o.ðɪn,eðɪn,oðɪn
e.ðɪŋ,o.ðɪŋ,eðɪŋ,oðɪŋ
e.ðɪp,o.ðɪp,eðɪp,oðɪp
e.ðɪt,o.ðɪt,eðɪt,oðɪt
e.ðɪk,o.ðɪk,eðɪk,oðɪk
e.ðɪb,o.ðɪb,eðɪb,oðɪb
e.ðɪd,o.ðɪd,eðɪd,oðɪd
e.ðɪg,o.ðɪg,eðɪg,oðɪg
e.ðɪf,o.ðɪf,eðɪf,oðɪf
e.ðɪs,o.ðɪs,eðɪs,oðɪs
e.ðɪv,o.ðɪv,eðɪv,oðɪv
e.ðɪz,o.ðɪz,eðɪz,oðɪz
e.ðɪʃ,o.ðɪʃ,eðɪʃ,oðɪʃ
e.ðɪʒ,o.ðɪʒ,eðɪʒ,oðɪʒ
e.ðɪθ,o.ðɪθ,eðɪθ,oðɪθ
e.ðɪð,o.ðɪð,eðɪð,oðɪð
e.hɪm,o.hɪm,ehɪm,ohɪm
e.hɪn,o.hɪn,ehɪn,ohɪn
e.hɪŋ,o.hɪŋ,ehɪŋ,ohɪŋ
e.hɪp,o.hɪp,ehɪp,ohɪp
e.hɪt,o.hɪt,ehɪt,ohɪt
e.hɪk,o.hɪk,ehɪk,ohɪk
e.hɪb,o.hɪb,ehɪb,ohɪb
e.hɪd,o.hɪd,ehɪd,ohɪd
e.hɪg,o.hɪg,ehɪg,ohɪg
e.hɪf,o.hɪf,ehɪf,ohɪf
e.hɪs,o.hɪs,ehɪs,ohɪs
e.hɪv,o.hɪv,ehɪv,ohɪv
e.hɪz,o.hɪz,ehɪz,ohɪz
e.hɪʃ,o.hɪʃ,ehɪʃ,ohɪʃ
e.hɪʒ,o.hɪʒ,ehɪʒ,ohɪʒ
e.hɪθ,o.hɪθ,ehɪθ,ohɪθ
e.hɪð,o.hɪð,ehɪð,ohɪð
e.mɛm,o.mɛm,emɛm,omɛm
e.mɛn,o.mɛn,emɛn,omɛn
e.mɛŋ,o.mɛŋ,emɛŋ,omɛŋ
e.mɛp,o.mɛp,emɛp,omɛp
e.mɛt,o.mɛt,emɛt,omɛt
e.mɛk,o.mɛk,emɛk,omɛk
e.mɛb,o.mɛb,emɛb,omɛb
e.mɛd,o.mɛd,emɛd,omɛd
e.mɛg,o.mɛg,emɛg,omɛg
e.mɛf,o.mɛf,emɛf,omɛf
e.mɛs,o.mɛs,emɛs,omɛs
e.mɛv,o.mɛv,emɛv,omɛv
e.mɛz,o.mɛz,emɛz,omɛz
e.mɛʃ,o.mɛʃ,emɛʃ,omɛʃ
e.mɛʒ,o.mɛʒ,emɛʒ,omɛʒ
e.mɛθ,o.mɛθ,emɛθ,omɛθ
e.mɛð,o.mɛð,emɛð,omɛð
e.nɛm,o.nɛm,enɛm,onɛm
e.nɛn,o.nɛn,enɛn,onɛn
e.nɛŋ,o.nɛŋ,enɛŋ,onɛŋ
e.nɛp,o.nɛp,enɛp,onɛp
e.nɛt,o.nɛt,enɛt,onɛt
e.nɛk,o.nɛk,enɛk,onɛk
e.nɛb,o.nɛb,enɛb,onɛb
e.nɛd,o.nɛd,enɛd,onɛd
e.nɛg,o.nɛg,enɛg,onɛg
e.nɛf,o.nɛf,enɛf,onɛf
e.nɛs,o.nɛs,enɛs,onɛs
e.nɛv,o.nɛv,enɛv,onɛv
e.nɛz,o.nɛz,enɛz,onɛz
e.nɛʃ,o.nɛʃ,enɛʃ,onɛʃ
e.nɛʒ,o.nɛʒ,enɛʒ,onɛʒ
e.nɛθ,o.nɛθ,enɛθ,onɛθ
e.nɛð,o.nɛð,enɛð,onɛð
e.pɛm,o.pɛm,epɛm,opɛm
e.pɛn,o.pɛn,epɛn,opɛn
e.pɛŋ,o.pɛŋ,epɛŋ,opɛŋ
e.pɛp,o.pɛp,epɛp,opɛp
e.pɛt,o.pɛt,epɛt,opɛt
e.pɛk,o.pɛk,epɛk,opɛk
e.pɛb,o.pɛb,epɛb,opɛb
e.pɛd,o.pɛd,epɛd,opɛd
e.pɛg,o.pɛg,epɛg,opɛg
e.pɛf,o.pɛf,epɛf,opɛf
e.pɛs,o.pɛs,epɛs,opɛs
e.pɛv,o.pɛv,epɛv,opɛv
e.pɛz,o.pɛz,epɛz,opɛz
e.pɛʃ,o.pɛʃ,epɛʃ,opɛʃ
e.pɛʒ,o.pɛʒ,epɛʒ,opɛʒ
e.pɛθ,o.pɛθ,epɛθ,opɛθ
e.pɛð,o.pɛð,epɛð,opɛð
e.tɛm,o.tɛm,etɛm,otɛm
e.tɛn,o.tɛn,etɛn,otɛn
e.tɛŋ,o.tɛŋ,etɛŋ,otɛŋ
e.tɛp,o.tɛp,etɛp,otɛp
e.tɛt,o.tɛt,etɛt,otɛt
e.tɛk,o.tɛk,etɛk,otɛk
e.tɛb,o.tɛb,etɛb,otɛb
e.tɛd,o.tɛd,etɛd,otɛd
e.tɛg,o.tɛg,etɛg,otɛg
e.tɛf,o.tɛf,etɛf,otɛf
e.tɛs,o.tɛs,etɛs,otɛs
e.tɛv,o.tɛv,etɛv,otɛv
e.tɛz,o.tɛz,etɛz,otɛz
e.tɛʃ,o.tɛʃ,etɛʃ,otɛʃ
e.tɛʒ,o.tɛʒ,etɛʒ,otɛʒ
e.tɛθ,o.tɛθ,etɛθ,otɛθ
e.tɛð,o.tɛð,etɛð,otɛð
e.kɛm,o.kɛm,ekɛm,okɛm
e.kɛn,o.kɛn,ekɛn,okɛn
e.kɛŋ,o.kɛŋ,ekɛŋ,okɛŋ
e.kɛp,o.kɛp,ekɛp,okɛp
e.kɛt,o.kɛt,ekɛt,okɛt
e.kɛk,o.kɛk,ekɛk,okɛk
e.kɛb,o.kɛb,ekɛb,okɛb
e.kɛd,o.kɛd,ekɛd,okɛd
e.kɛg,o.kɛg,ekɛg,okɛg
e.kɛf,o.kɛf,ekɛf,okɛf
e.kɛs,o.kɛs,ekɛs,okɛs
e.kɛv,o.kɛv,ekɛv,okɛv
e.kɛz,o.kɛz,ekɛz,okɛz
e.kɛʃ,o.kɛʃ,ekɛʃ,okɛʃ
e.kɛʒ,o.kɛʒ,ekɛʒ,okɛʒ
e.kɛθ,o.kɛθ,ekɛθ,okɛθ
e.kɛð,o.kɛð,ekɛð,okɛð
e.bɛm,o.bɛm,ebɛm,obɛm
e.bɛn,o.bɛn,ebɛn,obɛn
e.bɛŋ,o.bɛŋ,ebɛŋ,obɛŋ
e.bɛp,o.bɛp,ebɛp,obɛp
e.bɛt,o.bɛt,ebɛt,obɛt
e.bɛk,o.bɛk,ebɛk,obɛk
e.bɛb,o.bɛb,ebɛb,obɛb
e.bɛd,o.bɛd,ebɛd,obɛd
e.bɛg,o.bɛg,ebɛg,obɛg
e.bɛf,o.bɛf,ebɛf,obɛf
e.bɛs,o.bɛs,ebɛs,obɛs
e.bɛv,o.bɛv,ebɛv,obɛv
e.bɛz,o.bɛz,ebɛz,obɛz
e.bɛʃ,o.bɛʃ,ebɛʃ,obɛʃ
e.bɛʒ,o.bɛʒ,ebɛʒ,obɛʒ
e.bɛθ,o.bɛθ,ebɛθ,obɛθ
e.bɛð,o.bɛð,ebɛð,obɛð
e.dɛm,o.dɛm,edɛm,odɛm
e.dɛn,o.dɛn,edɛn,odɛn
e.dɛŋ,o.dɛŋ,edɛŋ,odɛŋ
e.dɛp,o.dɛp,edɛp,odɛp
e.dɛt,o.dɛt,edɛt,odɛt
e.dɛk,o.dɛk,edɛk,odɛk
e.dɛb,o.dɛb,edɛb,odɛb
e.dɛd,o.dɛd,edɛd,odɛd
e.dɛg,o.dɛg,edɛg,odɛg
e.dɛf,o.dɛf,edɛf,odɛf
e.dɛs,o.dɛs,edɛs,odɛs
e.dɛv,o.dɛv,edɛv,odɛv
e.dɛz,o.dɛz,edɛz,odɛz
e.dɛʃ,o.dɛʃ,edɛʃ,odɛʃ
e.dɛʒ,o.dɛʒ,edɛʒ,odɛʒ
e.dɛθ,o.dɛθ,edɛθ,odɛθ
e.dɛð,o.dɛð,edɛð,odɛð
e.gɛm,o.gɛm,egɛm,ogɛm
e.gɛn,o.gɛn,egɛn,ogɛn
e.gɛŋ,o.gɛŋ,egɛŋ,ogɛŋ
e.gɛp,o.gɛp,egɛp,ogɛp
e.gɛt,o.gɛt,egɛt,ogɛt
e.gɛk,o.gɛk,egɛk,ogɛk
e.gɛb,o.gɛb,egɛb,ogɛb
e.gɛd,o.gɛd,egɛd,ogɛd
e.gɛg,o.gɛg,egɛg,ogɛg
e.gɛf,o.gɛf,egɛf,ogɛf
e.gɛs,o.gɛs,egɛs,ogɛs
e.gɛv,o.gɛv,egɛv,ogɛv
e.gɛz,o.gɛz,egɛz,ogɛz
e.gɛʃ,o.gɛʃ,egɛʃ,ogɛʃ
e.gɛʒ,o.gɛʒ,egɛʒ,ogɛʒ
e.gɛθ,o.gɛθ,egɛθ,ogɛθ
e.gɛð,o.gɛð,egɛð,ogɛð
e.fɛm,o.fɛm,efɛm,ofɛm
e.fɛn,o.fɛn,efɛn,ofɛn
e.fɛŋ,o.fɛŋ,efɛŋ,ofɛŋ
e.fɛp,o.fɛp,efɛp,ofɛp
e.fɛt,o.fɛt,efɛt,ofɛt
e.fɛk,o.fɛk,efɛk,ofɛk
e.fɛb,o.fɛb,efɛb,ofɛb
e.fɛd,o.fɛd,efɛd,ofɛd
e.fɛg,o.fɛg,efɛg,ofɛg
e.fɛf,o.fɛf,efɛf,ofɛf
e.fɛs,o.fɛs,efɛs,ofɛs
e.fɛv,o.fɛv,efɛv,ofɛv
e.fɛz,o.fɛz,efɛz,ofɛz
e.fɛʃ,o.fɛʃ,efɛʃ,ofɛʃ
e.fɛʒ,o.fɛʒ,efɛʒ,ofɛʒ
e.fɛθ,o.fɛθ,efɛθ,ofɛθ
e.fɛð,o.fɛð,efɛð,ofɛð
e.sɛm,o.sɛm,esɛm,osɛm
e.sɛn,o.sɛn,esɛn,osɛn
e.sɛŋ,o.sɛŋ,esɛŋ,osɛŋ
e.sɛp,o.sɛp,esɛp,osɛp
e.sɛt,o.sɛt,esɛt,osɛt
e.sɛk,o.sɛk,esɛk,osɛk
e.sɛb,o.sɛb,esɛb,osɛb
e.sɛd,o.sɛd,esɛd,osɛd
e.sɛg,o.sɛg,esɛg,osɛg
e.sɛf,o.sɛf,esɛf,osɛf
e.sɛs,o.sɛs,esɛs,osɛs
e.sɛv,o.sɛv,esɛv,osɛv
e.sɛz,o.sɛz,esɛz,osɛz
e.sɛʃ,o.sɛʃ,esɛʃ,osɛʃ
e.sɛʒ,o.sɛʒ,esɛʒ,osɛʒ
e.sɛθ,o.sɛθ,esɛθ,osɛθ
e.sɛð,o.sɛð,esɛð,osɛð
e.vɛm,o.vɛm,evɛm,ovɛm
e.vɛn,o.vɛn,evɛn,ovɛn
e.vɛŋ,o.vɛŋ,evɛŋ,ovɛŋ
e.vɛp,o.vɛp,evɛp,ovɛp
e.vɛt,o.vɛt,evɛt,ovɛt
e.vɛk,o.vɛk,evɛk,ovɛk
e.vɛb,o.vɛb,evɛb,ovɛb
e.vɛd,o.vɛd,evɛd,ovɛd
e.vɛg,o.vɛg,evɛg,ovɛg
e.vɛf,o.vɛf,evɛf,ovɛf
e.vɛs,o.vɛs,evɛs,ovɛs
e.vɛv,o.vɛv,evɛv,ovɛv
e.vɛz,o.vɛz,evɛz,ovɛz
e.vɛʃ,o.vɛʃ,evɛʃ,ovɛʃ
e.vɛʒ,o.vɛʒ,evɛʒ,ovɛʒ
e.vɛθ,o.vɛθ,evɛθ,ovɛθ
e.vɛð,o.vɛð,evɛð,ovɛð
e.zɛm,o.zɛm,ezɛm,ozɛm
e.zɛn,o.zɛn,ezɛn,ozɛn
e.zɛŋ,o.zɛŋ,ezɛŋ,ozɛŋ
e.zɛp,o.zɛp,ezɛp,ozɛp
e.zɛt,o.zɛt,ezɛt,ozɛt
e.zɛk,o.zɛk,ezɛk,ozɛk
e.zɛb,o.zɛb,ezɛb,ozɛb
e.zɛd,o.zɛd,ezɛd,ozɛd
e.zɛg,o.zɛg,ezɛg,ozɛg
e.zɛf,o.zɛf,ezɛf,ozɛf
e.zɛs,o.zɛs,ezɛs,ozɛs
e.zɛv,o.zɛv,ezɛv,ozɛv
e.zɛz,o.zɛz,ezɛz,ozɛz
e.zɛʃ,o.zɛʃ,ezɛʃ,ozɛʃ
e.zɛʒ,o.zɛʒ,ezɛʒ,ozɛʒ
e.zɛθ,o.zɛθ,ezɛθ,ozɛθ
e.zɛð,o.zɛð,ezɛð,ozɛð
e.ʃɛm,o.ʃɛm,eʃɛm,oʃɛm
e.ʃɛn,o.ʃɛn,eʃɛn,oʃɛn
e.ʃɛŋ,o.ʃɛŋ,eʃɛŋ,oʃɛŋ
e.ʃɛp,o.ʃɛp,eʃɛp,oʃɛp
e.ʃɛt,o.ʃɛt,eʃɛt,oʃɛt
e.ʃɛk,o.ʃɛk,eʃɛk,oʃɛk
e.ʃɛb,o.ʃɛb,eʃɛb,oʃɛb
e.ʃɛd,o.ʃɛd,eʃɛd,oʃɛd
e.ʃɛg,o.ʃɛg,eʃɛg,oʃɛg
e.ʃɛf,o.ʃɛf,eʃɛf,oʃɛf
e.ʃɛs,o.ʃɛs,eʃɛs,oʃɛs
e.ʃɛv,o.ʃɛv,eʃɛv,oʃɛv
e.ʃɛz,o.ʃɛz,eʃɛz,oʃɛz
e.ʃɛʃ,o.ʃɛʃ,eʃɛʃ,oʃɛʃ
e.ʃɛʒ,o.ʃɛʒ,eʃɛʒ,oʃɛʒ
e.ʃɛθ,o.ʃɛθ,eʃɛθ,oʃɛθ
e.ʃɛð,o.ʃɛð,eʃɛð,oʃɛð
e.ʒɛm,o.ʒɛm,eʒɛm,oʒɛm
e.ʒɛn,o.ʒɛn,eʒɛn,oʒɛn
e.ʒɛŋ,o.ʒɛŋ,eʒɛŋ,oʒɛŋ
e.ʒɛp,o.ʒɛp,eʒɛp,oʒɛp
e.ʒɛt,o.ʒɛt,eʒɛt,oʒɛt
e.ʒɛk,o.ʒɛk,eʒɛk,oʒɛk
e.ʒɛb,o.ʒɛb,eʒɛb,oʒɛb
e.ʒɛd,o.ʒɛd,eʒɛd,oʒɛd
e.ʒɛg,o.ʒɛg,eʒɛg,oʒɛg
e.ʒɛf,o.ʒɛf,eʒɛf,oʒɛf
e.ʒɛs,o.ʒɛs,eʒɛs,oʒɛs
e.ʒɛv,o.ʒɛv,eʒɛv,oʒɛv
e.ʒɛz,o.ʒɛz,eʒɛz,oʒɛz
e.ʒɛʃ,o.ʒɛʃ,eʒɛʃ,oʒɛʃ
e.ʒɛʒ,o.ʒɛʒ,eʒɛʒ,oʒɛʒ
e.ʒɛθ,o.ʒɛθ,eʒɛθ,oʒɛθ
e.ʒɛð,o.ʒɛð,eʒɛð,oʒɛð
e.θɛm,o.θɛm,eθɛm,oθɛm
e.θɛn,o.θɛn,eθɛn,oθɛn
e.θɛŋ,o.θɛŋ,eθɛŋ,oθɛŋ
e.θɛp,o.θɛp,eθɛp,oθɛp
e.θɛt,o.θɛt,eθɛt,oθɛt
e.θɛk,o.θɛk,eθɛk,oθɛk
e.θɛb,o.θɛb,eθɛb,oθɛb
e.θɛd,o.θɛd,eθɛd,oθɛd
e.θɛg,o.θɛg,eθɛg,oθɛg
e.θɛf,o.θɛf,eθɛf,oθɛf
e.θɛs,o.θɛs,eθɛs,oθɛs
e.θɛv,o.θɛv,eθɛv,oθɛv
e.θɛz,o.θɛz,eθɛz,oθɛz
e.θɛʃ,o.θɛʃ,eθɛʃ,oθɛʃ
e.θɛʒ,o.θɛʒ,eθɛʒ,oθɛʒ
e.θɛθ,o.θɛθ,eθɛθ,oθɛθ
e.θɛð,o.θɛð,eθɛð,oθɛð
e.ðɛm,o.ðɛm,eðɛm,oðɛm
e.ðɛn,o.ðɛn,eðɛn,oðɛn
e.ðɛŋ,o.ðɛŋ,eðɛŋ,oðɛŋ
e.ðɛp,o.ðɛp,eðɛp,oðɛp
e.ðɛt,o.ðɛt,eðɛt,oðɛt
e.ðɛk,o.ðɛk,eðɛk,oðɛk
e.ðɛb,o.ðɛb,eðɛb,oðɛb
e.ðɛd,o.ðɛd,eðɛd,oðɛd
e.ðɛg,o.ðɛg,eðɛg,oðɛg
e.ðɛf,o.ðɛf,eðɛf,oðɛf
e.ðɛs,o.ðɛs,eðɛs,oðɛs
e.ðɛv,o.ðɛv,eðɛv,oðɛv
e.ðɛz,o.ðɛz,eðɛz,oðɛz
e.ðɛʃ,o.ðɛʃ,eðɛʃ,oðɛʃ
e.ðɛʒ,o.ðɛʒ,eðɛʒ,oðɛʒ
e.ðɛθ,o.ðɛθ,eðɛθ,oðɛθ
e.ðɛð,o.ðɛð,eðɛð,oðɛð
e.hɛm,o.hɛm,ehɛm,ohɛm
e.hɛn,o.hɛn,ehɛn,ohɛn
e.hɛŋ,o.hɛŋ,ehɛŋ,ohɛŋ
e.hɛp,o.hɛp,ehɛp,ohɛp
e.hɛt,o.hɛt,ehɛt,ohɛt
e.hɛk,o.hɛk,ehɛk,ohɛk
e.hɛb,o.hɛb,ehɛb,ohɛb
e.hɛd,o.hɛd,ehɛd,ohɛd
e.hɛg,o.hɛg,ehɛg,ohɛg
e.hɛf,o.hɛf,ehɛf,ohɛf
e.hɛs,o.hɛs,ehɛs,ohɛs
e.hɛv,o.hɛv,ehɛv,ohɛv
e.hɛz,o.hɛz,ehɛz,ohɛz
e.hɛʃ,o.hɛʃ,ehɛʃ,ohɛʃ
e.hɛʒ,o.hɛʒ,ehɛʒ,ohɛʒ
e.hɛθ,o.hɛθ,ehɛθ,ohɛθ
e.hɛð,o.hɛð,ehɛð,ohɛð
e.mʊm,o.mʊm,emʊm,omʊm
e.mʊn,o.mʊn,emʊn,omʊn
e.mʊŋ,o.mʊŋ,emʊŋ,omʊŋ
e.mʊp,o.mʊp,emʊp,omʊp
e.mʊt,o.mʊt,emʊt,omʊt
e.mʊk,o.mʊk,emʊk,omʊk
e.mʊb,o.mʊb,emʊb,omʊb
e.mʊd,o.mʊd,emʊd,omʊd
e.mʊg,o.mʊg,emʊg,omʊg
e.mʊf,o.mʊf,emʊf,omʊf
e.mʊs,o.mʊs,emʊs,omʊs
e.mʊv,o.mʊv,emʊv,omʊv
e.mʊz,o.mʊz,emʊz,omʊz
e.mʊʃ,o.mʊʃ,emʊʃ,omʊʃ
e.mʊʒ,o.mʊʒ,emʊʒ,omʊʒ
e.mʊθ,o.mʊθ,emʊθ,omʊθ
e.mʊð,o.mʊð,emʊð,omʊð
e.nʊm,o.nʊm,enʊm,onʊm
e.nʊn,o.nʊn,enʊn,onʊn
e.nʊŋ,o.nʊŋ,enʊŋ,onʊŋ
e.nʊp,o.nʊp,enʊp,onʊp
e.nʊt,o.nʊt,enʊt,onʊt
e.nʊk,o.nʊk,enʊk,onʊk
e.nʊb,o.nʊb,enʊb,onʊb
e.nʊd,o.nʊd,enʊd,onʊd
e.nʊg,o.nʊg,enʊg,onʊg
e.nʊf,o.nʊf,enʊf,onʊf
e.nʊs,o.nʊs,enʊs,onʊs
e.nʊv,o.nʊv,enʊv,onʊv
e.nʊz,o.nʊz,enʊz,onʊz
e.nʊʃ,o.nʊʃ,enʊʃ,onʊʃ
e.nʊʒ,o.nʊʒ,enʊʒ,onʊʒ
e.nʊθ,o.nʊθ,enʊθ,onʊθ
e.nʊð,o.nʊð,enʊð,onʊð
e.pʊm,o.pʊm,epʊm,opʊm
e.pʊn,o.pʊn,epʊn,opʊn
e.pʊŋ,o.pʊŋ,epʊŋ,opʊŋ
e.pʊp,o.pʊp,epʊp,opʊp
e.pʊt,o.pʊt,epʊt,opʊt
e.pʊk,o.pʊk,epʊk,opʊk
e.pʊb,o.pʊb,epʊb,opʊb
e.pʊd,o.pʊd,epʊd,opʊd
e.pʊg,o.pʊg,epʊg,opʊg
e.pʊf,o.pʊf,epʊf,opʊf
e.pʊs,o.pʊs,epʊs,opʊs
e.pʊv,o.pʊv,epʊv,opʊv
e.pʊz,o.pʊz,epʊz,opʊz
e.pʊʃ,o.pʊʃ,epʊʃ,opʊʃ
e.pʊʒ,o.pʊʒ,epʊʒ,opʊʒ
e.pʊθ,o.pʊθ,epʊθ,opʊθ
e.pʊð,o.pʊð,epʊð,opʊð
e.tʊm,o.tʊm,etʊm,otʊm
e.tʊn,o.tʊn,etʊn,otʊn
e.tʊŋ,o.tʊŋ,etʊŋ,otʊŋ
e.tʊp,o.tʊp,etʊp,otʊp
e.tʊt,o.tʊt,etʊt,otʊt
e.tʊk,o.tʊk,etʊk,otʊk
e.tʊb,o.tʊb,etʊb,otʊb
e.tʊd,o.tʊd,etʊd,otʊd
e.tʊg,o.tʊg,etʊg,otʊg
e.tʊf,o.tʊf,etʊf,otʊf
e.tʊs,o.tʊs,etʊs,otʊs
e.tʊv,o.tʊv,etʊv,otʊv
e.tʊz,o.tʊz,etʊz,otʊz
e.tʊʃ,o.tʊʃ,etʊʃ,otʊʃ
e.tʊʒ,o.tʊʒ,etʊʒ,otʊʒ
e.tʊθ,o.tʊθ,etʊθ,otʊθ
e.tʊð,o.tʊð,etʊð,otʊð
e.kʊm,o.kʊm,ekʊm,okʊm
e.kʊn,o.kʊn,ekʊn,okʊn
e.kʊŋ,o.kʊŋ,ekʊŋ,okʊŋ
e.kʊp,o.kʊp,ekʊp,okʊp
e.kʊt,o.kʊt,ekʊt,okʊt
e.kʊk,o.kʊk,ekʊk,okʊk
e.kʊb,o.kʊb,ekʊb,okʊb
e.kʊd,o.kʊd,ekʊd,okʊd
e.kʊg,o.kʊg,ekʊg,okʊg
e.kʊf,o.kʊf,ekʊf,okʊf
e.kʊs,o.kʊs,ekʊs,okʊs
e.kʊv,o.kʊv,ekʊv,okʊv
e.kʊz,o.kʊz,ekʊz,okʊz
e.kʊʃ,o.kʊʃ,ekʊʃ,okʊʃ
e.kʊʒ,o.kʊʒ,ekʊʒ,okʊʒ
e.kʊθ,o.kʊθ,ekʊθ,okʊθ
e.kʊð,o.kʊð,ekʊð,okʊð
e.bʊm,o.bʊm,ebʊm,obʊm
e.bʊn,o.bʊn,ebʊn,obʊn
e.bʊŋ,o.bʊŋ,ebʊŋ,obʊŋ
e.bʊp,o.bʊp,ebʊp,obʊp
e.bʊt,o.bʊt,ebʊt,obʊt
e.bʊk,o.bʊk,ebʊk,obʊk
e.bʊb,o.bʊb,ebʊb,obʊb
e.bʊd,o.bʊd,ebʊd,obʊd
e.bʊg,o.bʊg,ebʊg,obʊg
e.bʊf,o.bʊf,ebʊf,obʊf
e.bʊs,o.bʊs,ebʊs,obʊs
e.bʊv,o.bʊv,ebʊv,obʊv
e.bʊz,o.bʊz,ebʊz,obʊz
e.bʊʃ,o.bʊʃ,ebʊʃ,obʊʃ
e.bʊʒ,o.bʊʒ,ebʊʒ,obʊʒ
e.bʊθ,o.bʊθ,ebʊθ,obʊθ
e.bʊð,o.bʊð,ebʊð,obʊð
e.dʊm,o.dʊm,edʊm,odʊm
e.dʊn,o.dʊn,edʊn,odʊn
e.dʊŋ,o.dʊŋ,edʊŋ,odʊŋ
e.dʊp,o.dʊp,edʊp,odʊp
e.dʊt,o.dʊt,edʊt,odʊt
e.dʊk,o.dʊk,edʊk,odʊk
e.dʊb,o.dʊb,edʊb,odʊb
e.dʊd,o.dʊd,edʊd,odʊd
e.dʊg,o.dʊg,edʊg,odʊg
e.dʊf,o.dʊf,edʊf,odʊf
e.dʊs,o.dʊs,edʊs,odʊs
e.dʊv,o.dʊv,edʊv,odʊv
e.dʊz,o.dʊz,edʊz,odʊz
e.dʊʃ,o.dʊʃ,edʊʃ,odʊʃ
e.dʊʒ,o.dʊʒ,edʊʒ,odʊʒ
e.dʊθ,o.dʊθ,edʊθ,odʊθ
e.dʊð,o.dʊð,edʊð,odʊð
e.gʊm,o.gʊm,egʊm,ogʊm
e.gʊn,o.gʊn,egʊn,ogʊn
e.gʊŋ,o.gʊŋ,egʊŋ,ogʊŋ
e.gʊp,o.gʊp,egʊp,ogʊp
e.gʊt,o.gʊt,egʊt,ogʊt
e.gʊk,o.gʊk,egʊk,ogʊk
e.gʊb,o.gʊb,egʊb,ogʊb
e.gʊd,o.gʊd,egʊd,ogʊd
e.gʊg,o.gʊg,egʊg,ogʊg
e.gʊf,o.gʊf,egʊf,ogʊf
e.gʊs,o.gʊs,egʊs,ogʊs
e.gʊv,o.gʊv,egʊv,ogʊv
e.gʊz,o.gʊz,egʊz,ogʊz
e.gʊʃ,o.gʊʃ,egʊʃ,ogʊʃ
e.gʊʒ,o.gʊʒ,egʊʒ,ogʊʒ
e.gʊθ,o.gʊθ,egʊθ,ogʊθ
e.gʊð,o.gʊð,egʊð,ogʊð
e.fʊm,o.fʊm,efʊm,ofʊm
e.fʊn,o.fʊn,efʊn,ofʊn
e.fʊŋ,o.fʊŋ,efʊŋ,ofʊŋ
e.fʊp,o.fʊp,efʊp,ofʊp
e.fʊt,o.fʊt,efʊt,ofʊt
e.fʊk,o.fʊk,efʊk,ofʊk
e.fʊb,o.fʊb,efʊb,ofʊb
e.fʊd,o.fʊd,efʊd,ofʊd
e.fʊg,o.fʊg,efʊg,ofʊg
e.fʊf,o.fʊf,efʊf,ofʊf
e.fʊs,o.fʊs,efʊs,ofʊs
e.fʊv,o.fʊv,efʊv,ofʊv
e.fʊz,o.fʊz,efʊz,ofʊz
e.fʊʃ,o.fʊʃ,efʊʃ,ofʊʃ
e.fʊʒ,o.fʊʒ,efʊʒ,ofʊʒ
e.fʊθ,o.fʊθ,efʊθ,ofʊθ
e.fʊð,o.fʊð,efʊð,ofʊð
e.sʊm,o.sʊm,esʊm,osʊm
e.sʊn,o.sʊn,esʊn,osʊn
e.sʊŋ,o.sʊŋ,esʊŋ,osʊŋ
e.sʊp,o.sʊp,esʊp,osʊp
e.sʊt,o.sʊt,esʊt,osʊt
e.sʊk,o.sʊk,esʊk,osʊk
e.sʊb,o.sʊb,esʊb,osʊb
e.sʊd,o.sʊd,esʊd,osʊd
e.sʊg,o.sʊg,esʊg,osʊg
e.sʊf,o.sʊf,esʊf,osʊf
e.sʊs,o.sʊs,esʊs,osʊs
e.sʊv,o.sʊv,esʊv,osʊv
e.sʊz,o.sʊz,esʊz,osʊz
e.sʊʃ,o.sʊʃ,esʊʃ,osʊʃ
e.sʊʒ,o.sʊʒ,esʊʒ,osʊʒ
e.sʊθ,o.sʊθ,esʊθ,osʊθ
e.sʊð,o.sʊð,esʊð,osʊð
e.vʊm,o.vʊm,evʊm,ovʊm
e.vʊn,o.vʊn,evʊn,ovʊn
e.vʊŋ,o.vʊŋ,evʊŋ,ovʊŋ
e.vʊp,o.vʊp,evʊp,ovʊp
e.vʊt,o.vʊt,evʊt,ovʊt
e.vʊk,o.vʊk,evʊk,ovʊk
e.vʊb,o.vʊb,evʊb,ovʊb
e.vʊd,o.vʊd,evʊd,ovʊd
e.vʊg,o.vʊg,evʊg,ovʊg
e.vʊf,o.vʊf,evʊf,ovʊf
e.vʊs,o.vʊs,evʊs,ovʊs
e.vʊv,o.vʊv,evʊv,ovʊv
e.vʊz,o.vʊz,evʊz,ovʊz
e.vʊʃ,o.vʊʃ,evʊʃ,ovʊʃ
e.vʊʒ,o.vʊʒ,evʊʒ,ovʊʒ
e.vʊθ,o.vʊθ,evʊθ,ovʊθ
e.vʊð,o.vʊð,evʊð,ovʊð
e.zʊm,o.zʊm,ezʊm,ozʊm
e.zʊn,o.zʊn,ezʊn,ozʊn
e.zʊŋ,o.zʊŋ,ezʊŋ,ozʊŋ
e.zʊp,o.zʊp,ezʊp,ozʊp
e.zʊt,o.zʊt,ezʊt,ozʊt
e.zʊk,o.zʊk,ezʊk,ozʊk
e.zʊb,o.zʊb,ezʊb,ozʊb
e.zʊd,o.zʊd,ezʊd,ozʊd
e.zʊg,o.zʊg,ezʊg,ozʊg
e.zʊf,o.zʊf,ezʊf,ozʊf
e.zʊs,o.zʊs,ezʊs,ozʊs
e.zʊv,o.zʊv,ezʊv,ozʊv
e.zʊz,o.zʊz,ezʊz,ozʊz
e.zʊʃ,o.zʊʃ,ezʊʃ,ozʊʃ
e.zʊʒ,o.zʊʒ,ezʊʒ,ozʊʒ
e.zʊθ,o.zʊθ,ezʊθ,ozʊθ
e.zʊð,o.zʊð,ezʊð,ozʊð
e.ʃʊm,o.ʃʊm,eʃʊm,oʃʊm
e.ʃʊn,o.ʃʊn,eʃʊn,oʃʊn
e.ʃʊŋ,o.ʃʊŋ,eʃʊŋ,oʃʊŋ
e.ʃʊp,o.ʃʊp,eʃʊp,oʃʊp
e.ʃʊt,o.ʃʊt,eʃʊt,oʃʊt
e.ʃʊk,o.ʃʊk,eʃʊk,oʃʊk
e.ʃʊb,o.ʃʊb,eʃʊb,oʃʊb
e.ʃʊd,o.ʃʊd,eʃʊd,oʃʊd
e.ʃʊg,o.ʃʊg,eʃʊg,oʃʊg
e.ʃʊf,o.ʃʊf,eʃʊf,oʃʊf
e.ʃʊs,o.ʃʊs,eʃʊs,oʃʊs
e.ʃʊv,o.ʃʊv,eʃʊv,oʃʊv
e.ʃʊz,o.ʃʊz,eʃʊz,oʃʊz
e.ʃʊʃ,o.ʃʊʃ,eʃʊʃ,oʃʊʃ
e.ʃʊʒ,o.ʃʊʒ,eʃʊʒ,oʃʊʒ
e.ʃʊθ,o.ʃʊθ,eʃʊθ,oʃʊθ
e.ʃʊð,o.ʃʊð,eʃʊð,oʃʊð
e.ʒʊm,o.ʒʊm,eʒʊm,oʒʊm
e.ʒʊn,o.ʒʊn,eʒʊn,oʒʊn
e.ʒʊŋ,o.ʒʊŋ,eʒʊŋ,oʒʊŋ
e.ʒʊp,o.ʒʊp,eʒʊp,oʒʊp
e.ʒʊt,o.ʒʊt,eʒʊt,oʒʊt
e.ʒʊk,o.ʒʊk,eʒʊk,oʒʊk
e.ʒʊb,o.ʒʊb,eʒʊb,oʒʊb
e.ʒʊd,o.ʒʊd,eʒʊd,oʒʊd
e.ʒʊg,o.ʒʊg,eʒʊg,oʒʊg
e.ʒʊf,o.ʒʊf,eʒʊf,oʒʊf
e.ʒʊs,o.ʒʊs,eʒʊs,oʒʊs
e.ʒʊv,o.ʒʊv,eʒʊv,oʒʊv
e.ʒʊz,o.ʒʊz,eʒʊz,oʒʊz
e.ʒʊʃ,o.ʒʊʃ,eʒʊʃ,oʒʊʃ
e.ʒʊʒ,o.ʒʊʒ,eʒʊʒ,oʒʊʒ
e.ʒʊθ,o.ʒʊθ,eʒʊθ,oʒʊθ
e.ʒʊð,o.ʒʊð,eʒʊð,oʒʊð
e.θʊm,o.θʊm,eθʊm,oθʊm
e.θʊn,o.θʊn,eθʊn,oθʊn
e.θʊŋ,o.θʊŋ,eθʊŋ,oθʊŋ
e.θʊp,o.θʊp,eθʊp,oθʊp
e.θʊt,o.θʊt,eθʊt,oθʊt
e.θʊk,o.θʊk,eθʊk,oθʊk
e.θʊb,o.θʊb,eθʊb,oθʊb
e.θʊd,o.θʊd,eθʊd,oθʊd
e.θʊg,o.θʊg,eθʊg,oθʊg
e.θʊf,o.θʊf,eθʊf,oθʊf
e.θʊs,o.θʊs,eθʊs,oθʊs
e.θʊv,o.θʊv,eθʊv,oθʊv
e.θʊz,o.θʊz,eθʊz,oθʊz
e.θʊʃ,o.θʊʃ,eθʊʃ,oθʊʃ
e.θʊʒ,o.θʊʒ,eθʊʒ,oθʊʒ
e.θʊθ,o.θʊθ,eθʊθ,oθʊθ
e.θʊð,o.θʊð,eθʊð,oθʊð
e.ðʊm,o.ðʊm,eðʊm,oðʊm
e.ðʊn,o.ðʊn,eðʊn,oðʊn
e.ðʊŋ,o.ðʊŋ,eðʊŋ,oðʊŋ
e.ðʊp,o.ðʊp,eðʊp,oðʊp
e.ðʊt,o.ðʊt,eðʊt,oðʊt
e.ðʊk,o.ðʊk,eðʊk,oðʊk
e.ðʊb,o.ðʊb,eðʊb,oðʊb
e.ðʊd,o.ðʊd,eðʊd,oðʊd
e.ðʊg,o.ðʊg,eðʊg,oðʊg
e.ðʊf,o.ðʊf,eðʊf,oðʊf
e.ðʊs,o.ðʊs,eðʊs,oðʊs
e.ðʊv,o.ðʊv,eðʊv,oðʊv
e.ðʊz,o.ðʊz,eðʊz,oðʊz
e.ðʊʃ,o.ðʊʃ,eðʊʃ,oðʊʃ
e.ðʊʒ,o.ðʊʒ,eðʊʒ,oðʊʒ
e.ðʊθ,o.ðʊθ,eðʊθ,oðʊθ
e.ðʊð,o.ðʊð,eðʊð,oðʊð
e.hʊm,o.hʊm,ehʊm,ohʊm
e.hʊn,o.hʊn,ehʊn,ohʊn
e.hʊŋ,o.hʊŋ,ehʊŋ,ohʊŋ
e.hʊp,o.hʊp,ehʊp,ohʊp
e.hʊt,o.hʊt,ehʊt,ohʊt
e.hʊk,o.hʊk,ehʊk,ohʊk
e.hʊb,o.hʊb,ehʊb,ohʊb
e.hʊd,o.hʊd,ehʊd,ohʊd
e.hʊg,o.hʊg,ehʊg,ohʊg
e.hʊf,o.hʊf,ehʊf,ohʊf
e.hʊs,o.hʊs,ehʊs,ohʊs
e.hʊv,o.hʊv,ehʊv,ohʊv
e.hʊz,o.hʊz,ehʊz,ohʊz
e.hʊʃ,o.hʊʃ,ehʊʃ,ohʊʃ
e.hʊʒ,o.hʊʒ,ehʊʒ,ohʊʒ
e.hʊθ,o.hʊθ,ehʊθ,ohʊθ
e.hʊð,o.hʊð,ehʊð,ohʊð
e.mɔm,o.mɔm,emɔm,omɔm
e.mɔn,o.mɔn,emɔn,omɔn
e.mɔŋ,o.mɔŋ,emɔŋ,omɔŋ
e.mɔp,o.mɔp,emɔp,omɔp
e.mɔt,o.mɔt,emɔt,omɔt
e.mɔk,o.mɔk,emɔk,omɔk
e.mɔb,o.mɔb,emɔb,omɔb
e.mɔd,o.mɔd,emɔd,omɔd
e.mɔg,o.mɔg,emɔg,omɔg
e.mɔf,o.mɔf,emɔf,omɔf
e.mɔs,o.mɔs,emɔs,omɔs
e.mɔv,o.mɔv,emɔv,omɔv
e.mɔz,o.mɔz,emɔz,omɔz
e.mɔʃ,o.mɔʃ,emɔʃ,omɔʃ
e.mɔʒ,o.mɔʒ,emɔʒ,omɔʒ
e.mɔθ,o.mɔθ,emɔθ,omɔθ
e.mɔð,o.mɔð,emɔð,omɔð
e.nɔm,o.nɔm,enɔm,onɔm
e.nɔn,o.nɔn,enɔn,onɔn
e.nɔŋ,o.nɔŋ,enɔŋ,onɔŋ
e.nɔp,o.nɔp,enɔp,onɔp
e.nɔt,o.nɔt,enɔt,onɔt
e.nɔk,o.nɔk,enɔk,onɔk
e.nɔb,o.nɔb,enɔb,onɔb
e.nɔd,o.nɔd,enɔd,onɔd
e.nɔg,o.nɔg,enɔg,onɔg
e.nɔf,o.nɔf,enɔf,onɔf
e.nɔs,o.nɔs,enɔs,onɔs
e.nɔv,o.nɔv,enɔv,onɔv
e.nɔz,o.nɔz,enɔz,onɔz
e.nɔʃ,o.nɔʃ,enɔʃ,onɔʃ
e.nɔʒ,o.nɔʒ,enɔʒ,onɔʒ
e.nɔθ,o.nɔθ,enɔθ,onɔθ
e.nɔð,o.nɔð,enɔð,onɔð
e.pɔm,o.pɔm,epɔm,opɔm
e.pɔn,o.pɔn,epɔn,opɔn
e.pɔŋ,o.pɔŋ,epɔŋ,opɔŋ
e.pɔp,o.pɔp,epɔp,opɔp
e.pɔt,o.pɔt,epɔt,opɔt
e.pɔk,o.pɔk,epɔk,opɔk
e.pɔb,o.pɔb,epɔb,opɔb
e.pɔd,o.pɔd,epɔd,opɔd
e.pɔg,o.pɔg,epɔg,opɔg
e.pɔf,o.pɔf,epɔf,opɔf
e.pɔs,o.pɔs,epɔs,opɔs
e.pɔv,o.pɔv,epɔv,opɔv
e.pɔz,o.pɔz,epɔz,opɔz
e.pɔʃ,o.pɔʃ,epɔʃ,opɔʃ
e.pɔʒ,o.pɔʒ,epɔʒ,opɔʒ
e.pɔθ,o.pɔθ,epɔθ,opɔθ
e.pɔð,o.pɔð,epɔð,opɔð
e.tɔm,o.tɔm,etɔm,otɔm
e.tɔn,o.tɔn,etɔn,otɔn
e.tɔŋ,o.tɔŋ,etɔŋ,otɔŋ
e.tɔp,o.tɔp,etɔp,otɔp
e.tɔt,o.tɔt,etɔt,otɔt
e.tɔk,o.tɔk,etɔk,otɔk
e.tɔb,o.tɔb,etɔb,otɔb
e.tɔd,o.tɔd,etɔd,otɔd
e.tɔg,o.tɔg,etɔg,otɔg
e.tɔf,o.tɔf,etɔf,otɔf
e.tɔs,o.tɔs,etɔs,otɔs
e.tɔv,o.tɔv,etɔv,otɔv
e.tɔz,o.tɔz,etɔz,otɔz
e.tɔʃ,o.tɔʃ,etɔʃ,otɔʃ
e.tɔʒ,o.tɔʒ,etɔʒ,otɔʒ
e.tɔθ,o.tɔθ,etɔθ,otɔθ
e.tɔð,o.tɔð,etɔð,otɔð
e.kɔm,o.kɔm,ekɔm,okɔm
e.kɔn,o.kɔn,ekɔn,okɔn
e.kɔŋ,o.kɔŋ,ekɔŋ,okɔŋ
e.kɔp,o.kɔp,ekɔp,okɔp
e.kɔt,o.kɔt,ekɔt,okɔt
e.kɔk,o.kɔk,ekɔk,okɔk
e.kɔb,o.kɔb,ekɔb,okɔb
e.kɔd,o.kɔd,ekɔd,okɔd
e.kɔg,o.kɔg,ekɔg,okɔg
e.kɔf,o.kɔf,ekɔf,okɔf
e.kɔs,o.kɔs,ekɔs,okɔs
e.kɔv,o.kɔv,ekɔv,okɔv
e.kɔz,o.kɔz,ekɔz,okɔz
e.kɔʃ,o.kɔʃ,ekɔʃ,okɔʃ
e.kɔʒ,o.kɔʒ,ekɔʒ,okɔʒ
e.kɔθ,o.kɔθ,ekɔθ,okɔθ
e.kɔð,o.kɔð,ekɔð,okɔð
e.bɔm,o.bɔm,ebɔm,obɔm
e.bɔn,o.bɔn,ebɔn,obɔn
e.bɔŋ,o.bɔŋ,ebɔŋ,obɔŋ
e.bɔp,o.bɔp,ebɔp,obɔp
e.bɔt,o.bɔt,ebɔt,obɔt
e.bɔk,o.bɔk,ebɔk,obɔk
e.bɔb,o.bɔb,ebɔb,obɔb
e.bɔd,o.bɔd,ebɔd,obɔd
e.bɔg,o.bɔg,ebɔg,obɔg
e.bɔf,o.bɔf,ebɔf,obɔf
e.bɔs,o.bɔs,ebɔs,obɔs
e.bɔv,o.bɔv,ebɔv,obɔv
e.bɔz,o.bɔz,ebɔz,obɔz
e.bɔʃ,o.bɔʃ,ebɔʃ,obɔʃ
e.bɔʒ,o.bɔʒ,ebɔʒ,obɔʒ
e.bɔθ,o.bɔθ,ebɔθ,obɔθ
e.bɔð,o.bɔð,ebɔð,obɔð
e.dɔm,o.dɔm,edɔm,odɔm
e.dɔn,o.dɔn,edɔn,odɔn
e.dɔŋ,o.dɔŋ,edɔŋ,odɔŋ
e.dɔp,o.dɔp,edɔp,odɔp
e.dɔt,o.dɔt,edɔt,odɔt
e.dɔk,o.dɔk,edɔk,odɔk
e.dɔb,o.dɔb,edɔb,odɔb
e.dɔd,o.dɔd,edɔd,odɔd
e.dɔg,o.dɔg,edɔg,odɔg
e.dɔf,o.dɔf,edɔf,odɔf
e.dɔs,o.dɔs,edɔs,odɔs
e.dɔv,o.dɔv,edɔv,odɔv
e.dɔz,o.dɔz,edɔz,odɔz
e.dɔʃ,o.dɔʃ,edɔʃ,odɔʃ
e.dɔʒ,o.dɔʒ,edɔʒ,odɔʒ
e.dɔθ,o.dɔθ,edɔθ,odɔθ
e.dɔð,o.dɔð,edɔð,odɔð
e.gɔm,o.gɔm,egɔm,ogɔm
e.gɔn,o.gɔn,egɔn,ogɔn
e.gɔŋ,o.gɔŋ,egɔŋ,ogɔŋ
e.gɔp,o.gɔp,egɔp,ogɔp
e.gɔt,o.gɔt,egɔt,ogɔt
e.gɔk,o.gɔk,egɔk,ogɔk
e.gɔb,o.gɔb,egɔb,ogɔb
e.gɔd,o.gɔd,egɔd,ogɔd
e.gɔg,o.gɔg,egɔg,ogɔg
e.gɔf,o.gɔf,egɔf,ogɔf
e.gɔs,o.gɔs,egɔs,ogɔs
e.gɔv,o.gɔv,egɔv,ogɔv
e.gɔz,o.gɔz,egɔz,ogɔz
e.gɔʃ,o.gɔʃ,egɔʃ,ogɔʃ
e.gɔʒ,o.gɔʒ,egɔʒ,ogɔʒ
e.gɔθ,o.gɔθ,egɔθ,ogɔθ
e.gɔð,o.gɔð,egɔð,ogɔð
e.fɔm,o.fɔm,efɔm,ofɔm
e.fɔn,o.fɔn,efɔn,ofɔn
e.fɔŋ,o.fɔŋ,efɔŋ,ofɔŋ
e.fɔp,o.fɔp,efɔp,ofɔp
e.fɔt,o.fɔt,efɔt,ofɔt
e.fɔk,o.fɔk,efɔk,ofɔk
e.fɔb,o.fɔb,efɔb,ofɔb
e.fɔd,o.fɔd,efɔd,ofɔd
e.fɔg,o.fɔg,efɔg,ofɔg
e.fɔf,o.fɔf,efɔf,ofɔf
e.fɔs,o.fɔs,efɔs,ofɔs
e.fɔv,o.fɔv,efɔv,ofɔv
e.fɔz,o.fɔz,efɔz,ofɔz
e.fɔʃ,o.fɔʃ,efɔʃ,ofɔʃ
e.fɔʒ,o.fɔʒ,efɔʒ,ofɔʒ
e.fɔθ,o.fɔθ,efɔθ,ofɔθ
e.fɔð,o.fɔð,efɔð,ofɔð
e.sɔm,o.sɔm,esɔm,osɔm
e.sɔn,o.sɔn,esɔn,osɔn
e.sɔŋ,o.sɔŋ,esɔŋ,osɔŋ
e.sɔp,o.sɔp,esɔp,osɔp
e.sɔt,o.sɔt,esɔt,osɔt
e.sɔk,o.sɔk,esɔk,osɔk
e.sɔb,o.sɔb,esɔb,osɔb
e.sɔd,o.sɔd,esɔd,osɔd
e.sɔg,o.sɔg,esɔg,osɔg
e.sɔf,o.sɔf,esɔf,osɔf
e.sɔs,o.sɔs,esɔs,osɔs
e.sɔv,o.sɔv,esɔv,osɔv
e.sɔz,o.sɔz,esɔz,osɔz
e.sɔʃ,o.sɔʃ,esɔʃ,osɔʃ
e.sɔʒ,o.sɔʒ,esɔʒ,osɔʒ
e.sɔθ,o.sɔθ,esɔθ,osɔθ
e.sɔð,o.sɔð,esɔð,osɔð
e.vɔm,o.vɔm,evɔm,ovɔm
e.vɔn,o.vɔn,evɔn,ovɔn
e.vɔŋ,o.vɔŋ,evɔŋ,ovɔŋ
e.vɔp,o.vɔp,evɔp,ovɔp
e.vɔt,o.vɔt,evɔt,ovɔt
e.vɔk,o.vɔk,evɔk,ovɔk
e.vɔb,o.vɔb,evɔb,ovɔb
e.vɔd,o.vɔd,evɔd,ovɔd
e.vɔg,o.vɔg,evɔg,ovɔg
e.vɔf,o.vɔf,evɔf,ovɔf
e.vɔs,o.vɔs,evɔs,ovɔs
e.vɔv,o.vɔv,evɔv,ovɔv
e.vɔz,o.vɔz,evɔz,ovɔz
e.vɔʃ,o.vɔʃ,evɔʃ,ovɔʃ
e.vɔʒ,o.vɔʒ,evɔʒ,ovɔʒ
e.vɔθ,o.vɔθ,evɔθ,ovɔθ
e.vɔð,o.vɔð,evɔð,ovɔð
e.zɔm,o.zɔm,ezɔm,ozɔm
e.zɔn,o.zɔn,ezɔn,ozɔn
e.zɔŋ,o.zɔŋ,ezɔŋ,ozɔŋ
e.zɔp,o.zɔp,ezɔp,ozɔp
e.zɔt,o.zɔt,ezɔt,ozɔt
e.zɔk,o.zɔk,ezɔk,ozɔk
e.zɔb,o.zɔb,ezɔb,ozɔb
e.zɔd,o.zɔd,ezɔd,ozɔd
e.zɔg,o.zɔg,ezɔg,ozɔg
e.zɔf,o.zɔf,ezɔf,ozɔf
e.zɔs,o.zɔs,ezɔs,ozɔs
e.zɔv,o.zɔv,ezɔv,ozɔv
e.zɔz,o.zɔz,ezɔz,ozɔz
e.zɔʃ,o.zɔʃ,ezɔʃ,ozɔʃ
e.zɔʒ,o.zɔʒ,ezɔʒ,ozɔʒ
e.zɔθ,o.zɔθ,ezɔθ,ozɔθ
e.zɔð,o.zɔð,ezɔð,ozɔð
e.ʃɔm,o.ʃɔm,eʃɔm,oʃɔm
e.ʃɔn,o.ʃɔn,eʃɔn,oʃɔn
e.ʃɔŋ,o.ʃɔŋ,eʃɔŋ,oʃɔŋ
e.ʃɔp,o.ʃɔp,eʃɔp,oʃɔp
e.ʃɔt,o.ʃɔt,eʃɔt,oʃɔt
e.ʃɔk,o.ʃɔk,eʃɔk,oʃɔk
e.ʃɔb,o.ʃɔb,eʃɔb,oʃɔb
e.ʃɔd,o.ʃɔd,eʃɔd,oʃɔd
e.ʃɔg,o.ʃɔg,eʃɔg,oʃɔg
e.ʃɔf,o.ʃɔf,eʃɔf,oʃɔf
e.ʃɔs,o.ʃɔs,eʃɔs,oʃɔs
e.ʃɔv,o.ʃɔv,eʃɔv,oʃɔv
e.ʃɔz,o.ʃɔz,eʃɔz,oʃɔz
e.ʃɔʃ,o.ʃɔʃ,eʃɔʃ,oʃɔʃ
e.ʃɔʒ,o.ʃɔʒ,eʃɔʒ,oʃɔʒ
e.ʃɔθ,o.ʃɔθ,eʃɔθ,oʃɔθ
e.ʃɔð,o.ʃɔð,eʃɔð,oʃɔð
e.ʒɔm,o.ʒɔm,eʒɔm,oʒɔm
e.ʒɔn,o.ʒɔn,eʒɔn,oʒɔn
e.ʒɔŋ,o.ʒɔŋ,eʒɔŋ,oʒɔŋ
e.ʒɔp,o.ʒɔp,eʒɔp,oʒɔp
e.ʒɔt,o.ʒɔt,eʒɔt,oʒɔt
e.ʒɔk,o.ʒɔk,eʒɔk,oʒɔk
e.ʒɔb,o.ʒɔb,eʒɔb,oʒɔb
e.ʒɔd,o.ʒɔd,eʒɔd,oʒɔd
e.ʒɔg,o.ʒɔg,eʒɔg,oʒɔg
e.ʒɔf,o.ʒɔf,eʒɔf,oʒɔf
e.ʒɔs,o.ʒɔs,eʒɔs,oʒɔs
e.ʒɔv,o.ʒɔv,eʒɔv,oʒɔv
e.ʒɔz,o.ʒɔz,eʒɔz,oʒɔz
e.ʒɔʃ,o.ʒɔʃ,eʒɔʃ,oʒɔʃ
e.ʒɔʒ,o.ʒɔʒ,eʒɔʒ,oʒɔʒ
e.ʒɔθ,o.ʒɔθ,eʒɔθ,oʒɔθ
e.ʒɔð,o.ʒɔð,eʒɔð,oʒɔð
e.θɔm,o.θɔm,eθɔm,oθɔm
e.θɔn,o.θɔn,eθɔn,oθɔn
e.θɔŋ,o.θɔŋ,eθɔŋ,oθɔŋ
e.θɔp,o.θɔp,eθɔp,oθɔp
e.θɔt,o.θɔt,eθɔt,oθɔt
e.θɔk,o.θɔk,eθɔk,oθɔk
e.θɔb,o.θɔb,eθɔb,oθɔb
e.θɔd,o.θɔd,eθɔd,oθɔd
e.θɔg,o.θɔg,eθɔg,oθɔg
e.θɔf,o.θɔf,eθɔf,oθɔf
e.θɔs,o.θɔs,eθɔs,oθɔs
e.θɔv,o.θɔv,eθɔv,oθɔv
e.θɔz,o.θɔz,eθɔz,oθɔz
e.θɔʃ,o.θɔʃ,eθɔʃ,oθɔʃ
e.θɔʒ,o.θɔʒ,eθɔʒ,oθɔʒ
e.θɔθ,o.θɔθ,eθɔθ,oθɔθ
e.θɔð,o.θɔð,eθɔð,oθɔð
e.ðɔm,o.ðɔm,eðɔm,oðɔm
e.ðɔn,o.ðɔn,eðɔn,oðɔn
e.ðɔŋ,o.ðɔŋ,eðɔŋ,oðɔŋ
e.ðɔp,o.ðɔp,eðɔp,oðɔp
e.ðɔt,o.ðɔt,eðɔt,oðɔt
e.ðɔk,o.ðɔk,eðɔk,oðɔk
e.ðɔb,o.ðɔb,eðɔb,oðɔb
e.ðɔd,o.ðɔd,eðɔd,oðɔd
e.ðɔg,o.ðɔg,eðɔg,oðɔg
e.ðɔf,o.ðɔf,eðɔf,oðɔf
e.ðɔs,o.ðɔs,eðɔs,oðɔs
e.ðɔv,o.ðɔv,eðɔv,oðɔv
e.ðɔz,o.ðɔz,eðɔz,oðɔz
e.ðɔʃ,o.ðɔʃ,eðɔʃ,oðɔʃ
e.ðɔʒ,o.ðɔʒ,eðɔʒ,oðɔʒ
e.ðɔθ,o.ðɔθ,eðɔθ,oðɔθ
e.ðɔð,o.ðɔð,eðɔð,oðɔð
e.hɔm,o.hɔm,ehɔm,ohɔm
e.hɔn,o.hɔn,ehɔn,ohɔn
e.hɔŋ,o.hɔŋ,ehɔŋ,ohɔŋ
e.hɔp,o.hɔp,ehɔp,ohɔp
e.hɔt,o.hɔt,ehɔt,ohɔt
e.hɔk,o.hɔk,ehɔk,ohɔk
e.hɔb,o.hɔb,ehɔb,ohɔb
e.hɔd,o.hɔd,ehɔd,ohɔd
e.hɔg,o.hɔg,ehɔg,ohɔg
e.hɔf,o.hɔf,ehɔf,ohɔf
e.hɔs,o.hɔs,ehɔs,ohɔs
e.hɔv,o.hɔv,ehɔv,ohɔv
e.hɔz,o.hɔz,ehɔz,ohɔz
e.hɔʃ,o.hɔʃ,ehɔʃ,ohɔʃ
e.hɔʒ,o.hɔʒ,ehɔʒ,ohɔʒ
e.hɔθ,o.hɔθ,ehɔθ,ohɔθ
e.hɔð,o.hɔð,ehɔð,ohɔð
u.mɪm,i.mɪm,umɪm,imɪm
u.mɪn,i.mɪn,umɪn,imɪn
u.mɪŋ,i.mɪŋ,umɪŋ,imɪŋ
u.mɪp,i.mɪp,umɪp,imɪp
u.mɪt,i.mɪt,umɪt,imɪt
u.mɪk,i.mɪk,umɪk,imɪk
u.mɪb,i.mɪb,umɪb,imɪb
u.mɪd,i.mɪd,umɪd,imɪd
u.mɪg,i.mɪg,umɪg,imɪg
u.mɪf,i.mɪf,umɪf,imɪf
u.mɪs,i.mɪs,umɪs,imɪs
u.mɪv,i.mɪv,umɪv,imɪv
u.mɪz,i.mɪz,umɪz,imɪz
u.mɪʃ,i.mɪʃ,umɪʃ,imɪʃ
u.mɪʒ,i.mɪʒ,umɪʒ,imɪʒ
u.mɪθ,i.mɪθ,umɪθ,imɪθ
u.mɪð,i.mɪð,umɪð,imɪð
u.nɪm,i.nɪm,unɪm,inɪm
u.nɪn,i.nɪn,unɪn,inɪn
u.nɪŋ,i.nɪŋ,unɪŋ,inɪŋ
u.nɪp,i.nɪp,unɪp,inɪp
u.nɪt,i.nɪt,unɪt,inɪt
u.nɪk,i.nɪk,unɪk,inɪk
u.nɪb,i.nɪb,unɪb,inɪb
u.nɪd,i.nɪd,unɪd,inɪd
u.nɪg,i.nɪg,unɪg,inɪg
u.nɪf,i.nɪf,unɪf,inɪf
u.nɪs,i.nɪs,unɪs,inɪs
u.nɪv,i.nɪv,unɪv,inɪv
u.nɪz,i.nɪz,unɪz,inɪz
u.nɪʃ,i.nɪʃ,unɪʃ,inɪʃ
u.nɪʒ,i.nɪʒ,unɪʒ,inɪʒ
u.nɪθ,i.nɪθ,unɪθ,inɪθ
u.nɪð,i.nɪð,unɪð,inɪð
u.pɪm,i.pɪm,upɪm,ipɪm
u.pɪn,i.pɪn,upɪn,ipɪn
u.pɪŋ,i.pɪŋ,upɪŋ,ipɪŋ
u.pɪp,i.pɪp,upɪp,ipɪp
u.pɪt,i.pɪt,upɪt,ipɪt
u.pɪk,i.pɪk,upɪk,ipɪk
u.pɪb,i.pɪb,upɪb,ipɪb
u.pɪd,i.pɪd,upɪd,ipɪd
u.pɪg,i.pɪg,upɪg,ipɪg
u.pɪf,i.pɪf,upɪf,ipɪf
u.pɪs,i.pɪs,upɪs,ipɪs
u.pɪv,i.pɪv,upɪv,ipɪv
u.pɪz,i.pɪz,upɪz,ipɪz
u.pɪʃ,i.pɪʃ,upɪʃ,ipɪʃ
u.pɪʒ,i.pɪʒ,upɪʒ,ipɪʒ
u.pɪθ,i.pɪθ,upɪθ,ipɪθ
u.pɪð,i.pɪð,upɪð,ipɪð
u.tɪm,i.tɪm,utɪm,itɪm
u.tɪn,i.tɪn,utɪn,itɪn
u.tɪŋ,i.tɪŋ,utɪŋ,itɪŋ
u.tɪp,i.tɪp,utɪp,itɪp
u.tɪt,i.tɪt,utɪt,itɪt
u.tɪk,i.tɪk,utɪk,itɪk
u.tɪb,i.tɪb,utɪb,itɪb
u.tɪd,i.tɪd,utɪd,itɪd
u.tɪg,i.tɪg,utɪg,itɪg
u.tɪf,i.tɪf,utɪf,itɪf
u.tɪs,i.tɪs,utɪs,itɪs
u.tɪv,i.tɪv,utɪv,itɪv
u.tɪz,i.tɪz,utɪz,itɪz
u.tɪʃ,i.tɪʃ,utɪʃ,itɪʃ
u.tɪʒ,i.tɪʒ,utɪʒ,itɪʒ
u.tɪθ,i.tɪθ,utɪθ,itɪθ
u.tɪð,i.tɪð,utɪð,itɪð
u.kɪm,i.kɪm,ukɪm,ikɪm
u.kɪn,i.kɪn,ukɪn,ikɪn
u.kɪŋ,i.kɪŋ,ukɪŋ,ikɪŋ
u.kɪp,i.kɪp,ukɪp,ikɪp
u.kɪt,i.kɪt,ukɪt,ikɪt
u.kɪk,i.kɪk,ukɪk,ikɪk
u.kɪb,i.kɪb,ukɪb,ikɪb
u.kɪd,i.kɪd,ukɪd,ikɪd
u.kɪg,i.kɪg,ukɪg,ikɪg
u.kɪf,i.kɪf,ukɪf,ikɪf
u.kɪs,i.kɪs,ukɪs,ikɪs
u.kɪv,i.kɪv,ukɪv,ikɪv
u.kɪz,i.kɪz,ukɪz,ikɪz
u.kɪʃ,i.kɪʃ,ukɪʃ,ikɪʃ
u.kɪʒ,i.kɪʒ,ukɪʒ,ikɪʒ
u.kɪθ,i.kɪθ,ukɪθ,ikɪθ
u.kɪð,i.kɪð,ukɪð,ikɪð
u.bɪm,i.bɪm,ubɪm,ibɪm
u.bɪn,i.bɪn,ubɪn,ibɪn
u.bɪŋ,i.bɪŋ,ubɪŋ,ibɪŋ
u.bɪp,i.bɪp,ubɪp,ibɪp
u.bɪt,i.bɪt,ubɪt,ibɪt
u.bɪk,i.bɪk,ubɪk,ibɪk
u.bɪb,i.bɪb,ubɪb,ibɪb
u.bɪd,i.bɪd,ubɪd,ibɪd
u.bɪg,i.bɪg,ubɪg,ibɪg
u.bɪf,i.bɪf,ubɪf,ibɪf
u.bɪs,i.bɪs,ubɪs,ibɪs
u.bɪv,i.bɪv,ubɪv,ibɪv
u.bɪz,i.bɪz,ubɪz,ibɪz
u.bɪʃ,i.bɪʃ,ubɪʃ,ibɪʃ
u.bɪʒ,i.bɪʒ,ubɪʒ,ibɪʒ
u.bɪθ,i.bɪθ,ubɪθ,ibɪθ
u.bɪð,i.bɪð,ubɪð,ibɪð
u.dɪm,i.dɪm,udɪm,idɪm
u.dɪn,i.dɪn,udɪn,idɪn
u.dɪŋ,i.dɪŋ,udɪŋ,idɪŋ
u.dɪp,i.dɪp,udɪp,idɪp
u.dɪt,i.dɪt,udɪt,idɪt
u.dɪk,i.dɪk,udɪk,idɪk
u.dɪb,i.dɪb,udɪb,idɪb
u.dɪd,i.dɪd,udɪd,idɪd
u.dɪg,i.dɪg,udɪg,idɪg
u.dɪf,i.dɪf,udɪf,idɪf
u.dɪs,i.dɪs,udɪs,idɪs
u.dɪv,i.dɪv,udɪv,idɪv
u.dɪz,i.dɪz,udɪz,idɪz
u.dɪʃ,i.dɪʃ,udɪʃ,idɪʃ
u.dɪʒ,i.dɪʒ,udɪʒ,idɪʒ
u.dɪθ,i.dɪθ,udɪθ,idɪθ
u.dɪð,i.dɪð,udɪð,idɪð
u.gɪm,i.gɪm,ugɪm,igɪm
u.gɪn,i.gɪn,ugɪn,igɪn
u.gɪŋ,i.gɪŋ,ugɪŋ,igɪŋ
u.gɪp,i.gɪp,ugɪp,igɪp
u.gɪt,i.gɪt,ugɪt,igɪt
u.gɪk,i.gɪk,ugɪk,igɪk
u.gɪb,i.gɪb,ugɪb,igɪb
u.gɪd,i.gɪd,ugɪd,igɪd
u.gɪg,i.gɪg,ugɪg,igɪg
u.gɪf,i.gɪf,ugɪf,igɪf
u.gɪs,i.gɪs,ugɪs,igɪs
u.gɪv,i.gɪv,ugɪv,igɪv
u.gɪz,i.gɪz,ugɪz,igɪz
u.gɪʃ,i.gɪʃ,ugɪʃ,igɪʃ
u.gɪʒ,i.gɪʒ,ugɪʒ,igɪʒ
u.gɪθ,i.gɪθ,ugɪθ,igɪθ
u.gɪð,i.gɪð,ugɪð,igɪð
u.fɪm,i.fɪm,ufɪm,ifɪm
u.fɪn,i.fɪn,ufɪn,ifɪn
u.fɪŋ,i.fɪŋ,ufɪŋ,ifɪŋ
u.fɪp,i.fɪp,ufɪp,ifɪp
u.fɪt,i.fɪt,ufɪt,ifɪt
u.fɪk,i.fɪk,ufɪk,ifɪk
u.fɪb,i.fɪb,ufɪb,ifɪb
u.fɪd,i.fɪd,ufɪd,ifɪd
u.fɪg,i.fɪg,ufɪg,ifɪg
u.fɪf,i.fɪf,ufɪf,ifɪf
u.fɪs,i.fɪs,ufɪs,ifɪs
u.fɪv,i.fɪv,ufɪv,ifɪv
u.fɪz,i.fɪz,ufɪz,ifɪz
u.fɪʃ,i.fɪʃ,ufɪʃ,ifɪʃ
u.fɪʒ,i.fɪʒ,ufɪʒ,ifɪʒ
u.fɪθ,i.fɪθ,ufɪθ,ifɪθ
u.fɪð,i.fɪð,ufɪð,ifɪð
u.sɪm,i.sɪm,usɪm,isɪm
u.sɪn,i.sɪn,usɪn,isɪn
u.sɪŋ,i.sɪŋ,usɪŋ,isɪŋ
u.sɪp,i.sɪp,usɪp,isɪp
u.sɪt,i.sɪt,usɪt,isɪt
u.sɪk,i.sɪk,usɪk,isɪk
u.sɪb,i.sɪb,usɪb,isɪb
u.sɪd,i.sɪd,usɪd,isɪd
u.sɪg,i.sɪg,usɪg,isɪg
u.sɪf,i.sɪf,usɪf,isɪf
u.sɪs,i.sɪs,usɪs,isɪs
u.sɪv,i.sɪv,usɪv,isɪv
u.sɪz,i.sɪz,usɪz,isɪz
u.sɪʃ,i.sɪʃ,usɪʃ,isɪʃ
u.sɪʒ,i.sɪʒ,usɪʒ,isɪʒ
u.sɪθ,i.sɪθ,usɪθ,isɪθ
u.sɪð,i.sɪð,usɪð,isɪð
u.vɪm,i.vɪm,uvɪm,ivɪm
u.vɪn,i.vɪn,uvɪn,ivɪn
u.vɪŋ,i.vɪŋ,uvɪŋ,ivɪŋ
u.vɪp,i.vɪp,uvɪp,ivɪp
u.vɪt,i.vɪt,uvɪt,ivɪt
u.vɪk,i.vɪk,uvɪk,ivɪk
u.vɪb,i.vɪb,uvɪb,ivɪb
u.vɪd,i.vɪd,uvɪd,ivɪd
u.vɪg,i.vɪg,uvɪg,ivɪg
u.vɪf,i.vɪf,uvɪf,ivɪf
u.vɪs,i.vɪs,uvɪs,ivɪs
u.vɪv,i.vɪv,uvɪv,ivɪv
u.vɪz,i.vɪz,uvɪz,ivɪz
u.vɪʃ,i.vɪʃ,uvɪʃ,ivɪʃ
u.vɪʒ,i.vɪʒ,uvɪʒ,ivɪʒ
u.vɪθ,i.vɪθ,uvɪθ,ivɪθ
u.vɪð,i.vɪð,uvɪð,ivɪð
u.zɪm,i.zɪm,uzɪm,izɪm
u.zɪn,i.zɪn,uzɪn,izɪn
u.zɪŋ,i.zɪŋ,uzɪŋ,izɪŋ
u.zɪp,i.zɪp,uzɪp,izɪp
u.zɪt,i.zɪt,uzɪt,izɪt
u.zɪk,i.zɪk,uzɪk,izɪk
u.zɪb,i.zɪb,uzɪb,izɪb
u.zɪd,i.zɪd,uzɪd,izɪd
u.zɪg,i.zɪg,uzɪg,izɪg
u.zɪf,i.zɪf,uzɪf,izɪf
u.zɪs,i.zɪs,uzɪs,izɪs
u.zɪv,i.zɪv,uzɪv,izɪv
u.zɪz,i.zɪz,uzɪz,izɪz
u.zɪʃ,i.zɪʃ,uzɪʃ,izɪʃ
u.zɪʒ,i.zɪʒ,uzɪʒ,izɪʒ
u.zɪθ,i.zɪθ,uzɪθ,izɪθ
u.zɪð,i.zɪð,uzɪð,izɪð
u.ʃɪm,i.ʃɪm,uʃɪm,iʃɪm
u.ʃɪn,i.ʃɪn,uʃɪn,iʃɪn
u.ʃɪŋ,i.ʃɪŋ,uʃɪŋ,iʃɪŋ
u.ʃɪp,i.ʃɪp,uʃɪp,iʃɪp
u.ʃɪt,i.ʃɪt,uʃɪt,iʃɪt
u.ʃɪk,i.ʃɪk,uʃɪk,iʃɪk
u.ʃɪb,i.ʃɪb,uʃɪb,iʃɪb
u.ʃɪd,i.ʃɪd,uʃɪd,iʃɪd
u.ʃɪg,i.ʃɪg,uʃɪg,iʃɪg
u.ʃɪf,i.ʃɪf,uʃɪf,iʃɪf
u.ʃɪs,i.ʃɪs,uʃɪs,iʃɪs
u.ʃɪv,i.ʃɪv,uʃɪv,iʃɪv
u.ʃɪz,i.ʃɪz,uʃɪz,iʃɪz
u.ʃɪʃ,i.ʃɪʃ,uʃɪʃ,iʃɪʃ
u.ʃɪʒ,i.ʃɪʒ,uʃɪʒ,iʃɪʒ
u.ʃɪθ,i.ʃɪθ,uʃɪθ,iʃɪθ
u.ʃɪð,i.ʃɪð,uʃɪð,iʃɪð
u.ʒɪm,i.ʒɪm,uʒɪm,iʒɪm
u.ʒɪn,i.ʒɪn,uʒɪn,iʒɪn
u.ʒɪŋ,i.ʒɪŋ,uʒɪŋ,iʒɪŋ
u.ʒɪp,i.ʒɪp,uʒɪp,iʒɪp
u.ʒɪt,i.ʒɪt,uʒɪt,iʒɪt
u.ʒɪk,i.ʒɪk,uʒɪk,iʒɪk
u.ʒɪb,i.ʒɪb,uʒɪb,iʒɪb
u.ʒɪd,i.ʒɪd,uʒɪd,iʒɪd
u.ʒɪg,i.ʒɪg,uʒɪg,iʒɪg
u.ʒɪf,i.ʒɪf,uʒɪf,iʒɪf
u.ʒɪs,i.ʒɪs,uʒɪs,iʒɪs
u.ʒɪv,i.ʒɪv,uʒɪv,iʒɪv
u.ʒɪz,i.ʒɪz,uʒɪz,iʒɪz
u.ʒɪʃ,i.ʒɪʃ,uʒɪʃ,iʒɪʃ
u.ʒɪʒ,i.ʒɪʒ,uʒɪʒ,iʒɪʒ
u.ʒɪθ,i.ʒɪθ,uʒɪθ,iʒɪθ
u.ʒɪð,i.ʒɪð,uʒɪð,iʒɪð
u.θɪm,i.θɪm,uθɪm,iθɪm
u.θɪn,i.θɪn,uθɪn,iθɪn
u.θɪŋ,i.θɪŋ,uθɪŋ,iθɪŋ
u.θɪp,i.θɪp,uθɪp,iθɪp
u.θɪt,i.θɪt,uθɪt,iθɪt
u.θɪk,i.θɪk,uθɪk,iθɪk
u.θɪb,i.θɪb,uθɪb,iθɪb
u.θɪd,i.θɪd,uθɪd,iθɪd
u.θɪg,i.θɪg,uθɪg,iθɪg
u.θɪf,i.θɪf,uθɪf,iθɪf
u.θɪs,i.θɪs,uθɪs,iθɪs
u.θɪv,i.θɪv,uθɪv,iθɪv
u.θɪz,i.θɪz,uθɪz,iθɪz
u.θɪʃ,i.θɪʃ,uθɪʃ,iθɪʃ
u.θɪʒ,i.θɪʒ,uθɪʒ,iθɪʒ
u.θɪθ,i.θɪθ,uθɪθ,iθɪθ
u.θɪð,i.θɪð,uθɪð,iθɪð
u.ðɪm,i.ðɪm,uðɪm,iðɪm
u.ðɪn,i.ðɪn,uðɪn,iðɪn
u.ðɪŋ,i.ðɪŋ,uðɪŋ,iðɪŋ
u.ðɪp,i.ðɪp,uðɪp,iðɪp
u.ðɪt,i.ðɪt,uðɪt,iðɪt
u.ðɪk,i.ðɪk,uðɪk,iðɪk
u.ðɪb,i.ðɪb,uðɪb,iðɪb
u.ðɪd,i.ðɪd,uðɪd,iðɪd
u.ðɪg,i.ðɪg,uðɪg,iðɪg
u.ðɪf,i.ðɪf,uðɪf,iðɪf
u.ðɪs,i.ðɪs,uðɪs,iðɪs
u.ðɪv,i.ðɪv,uðɪv,iðɪv
u.ðɪz,i.ðɪz,uðɪz,iðɪz
u.ðɪʃ,i.ðɪʃ,uðɪʃ,iðɪʃ
u.ðɪʒ,i.ðɪʒ,uðɪʒ,iðɪʒ
u.ðɪθ,i.ðɪθ,uðɪθ,iðɪθ
u.ðɪð,i.ðɪð,uðɪð,iðɪð
u.hɪm,i.hɪm,uhɪm,ihɪm
u.hɪn,i.hɪn,uhɪn,ihɪn
u.hɪŋ,i.hɪŋ,uhɪŋ,ihɪŋ
u.hɪp,i.hɪp,uhɪp,ihɪp
u.hɪt,i.hɪt,uhɪt,ihɪt
u.hɪk,i.hɪk,uhɪk,ihɪk
u.hɪb,i.hɪb,uhɪb,ihɪb
u.hɪd,i.hɪd,uhɪd,ihɪd
u.hɪg,i.hɪg,uhɪg,ihɪg
u.hɪf,i.hɪf,uhɪf,ihɪf
u.hɪs,i.hɪs,uhɪs,ihɪs
u.hɪv,i.hɪv,uhɪv,ihɪv
u.hɪz,i.hɪz,uhɪz,ihɪz
u.hɪʃ,i.hɪʃ,uhɪʃ,ihɪʃ
u.hɪʒ,i.hɪʒ,uhɪʒ,ihɪʒ
u.hɪθ,i.hɪθ,uhɪθ,ihɪθ
u.hɪð,i.hɪð,uhɪð,ihɪð
u.mɛm,i.mɛm,umɛm,imɛm
u.mɛn,i.mɛn,umɛn,imɛn
u.mɛŋ,i.mɛŋ,umɛŋ,imɛŋ
u.mɛp,i.mɛp,umɛp,imɛp
u.mɛt,i.mɛt,umɛt,imɛt
u.mɛk,i.mɛk,umɛk,imɛk
u.mɛb,i.mɛb,umɛb,imɛb
u.mɛd,i.mɛd,umɛd,imɛd
u.mɛg,i.mɛg,umɛg,imɛg
u.mɛf,i.mɛf,umɛf,imɛf
u.mɛs,i.mɛs,umɛs,imɛs
u.mɛv,i.mɛv,umɛv,imɛv
u.mɛz,i.mɛz,umɛz,imɛz
u.mɛʃ,i.mɛʃ,umɛʃ,imɛʃ
u.mɛʒ,i.mɛʒ,umɛʒ,imɛʒ
u.mɛθ,i.mɛθ,umɛθ,imɛθ
u.mɛð,i.mɛð,umɛð,imɛð
u.nɛm,i.nɛm,unɛm,inɛm
u.nɛn,i.nɛn,unɛn,inɛn
u.nɛŋ,i.nɛŋ,unɛŋ,inɛŋ
u.nɛp,i.nɛp,unɛp,inɛp
u.nɛt,i.nɛt,unɛt,inɛt
u.nɛk,i.nɛk,unɛk,inɛk
u.nɛb,i.nɛb,unɛb,inɛb
u.nɛd,i.nɛd,unɛd,inɛd
u.nɛg,i.nɛg,unɛg,inɛg
u.nɛf,i.nɛf,unɛf,inɛf
u.nɛs,i.nɛs,unɛs,inɛs
u.nɛv,i.nɛv,unɛv,inɛv
u.nɛz,i.nɛz,unɛz,inɛz
u.nɛʃ,i.nɛʃ,unɛʃ,inɛʃ
u.nɛʒ,i.nɛʒ,unɛʒ,inɛʒ
u.nɛθ,i.nɛθ,unɛθ,inɛθ
u.nɛð,i.nɛð,unɛð,inɛð
u.pɛm,i.pɛm,upɛm,ipɛm
u.pɛn,i.pɛn,upɛn,ipɛn
u.pɛŋ,i.pɛŋ,upɛŋ,ipɛŋ
u.pɛp,i.pɛp,upɛp,ipɛp
u.pɛt,i.pɛt,upɛt,ipɛt
u.pɛk,i.pɛk,upɛk,ipɛk
u.pɛb,i.pɛb,upɛb,ipɛb
u.pɛd,i.pɛd,upɛd,ipɛd
u.pɛg,i.pɛg,upɛg,ipɛg
u.pɛf,i.pɛf,upɛf,ipɛf
u.pɛs,i.pɛs,upɛs,ipɛs
u.pɛv,i.pɛv,upɛv,ipɛv
u.pɛz,i.pɛz,upɛz,ipɛz
u.pɛʃ,i.pɛʃ,upɛʃ,ipɛʃ
u.pɛʒ,i.pɛʒ,upɛʒ,ipɛʒ
u.pɛθ,i.pɛθ,upɛθ,ipɛθ
u.pɛð,i.pɛð,upɛð,ipɛð
u.tɛm,i.tɛm,utɛm,itɛm
u.tɛn,i.tɛn,utɛn,itɛn
u.tɛŋ,i.tɛŋ,utɛŋ,itɛŋ
u.tɛp,i.tɛp,utɛp,itɛp
u.tɛt,i.tɛt,utɛt,itɛt
u.tɛk,i.tɛk,utɛk,itɛk
u.tɛb,i.tɛb,utɛb,itɛb
u.tɛd,i.tɛd,utɛd,itɛd
u.tɛg,i.tɛg,utɛg,itɛg
u.tɛf,i.tɛf,utɛf,itɛf
u.tɛs,i.tɛs,utɛs,itɛs
u.tɛv,i.tɛv,utɛv,itɛv
u.tɛz,i.tɛz,utɛz,itɛz
u.tɛʃ,i.tɛʃ,utɛʃ,itɛʃ
u.tɛʒ,i.tɛʒ,utɛʒ,itɛʒ
u.tɛθ,i.tɛθ,utɛθ,itɛθ
u.tɛð,i.tɛð,utɛð,itɛð
u.kɛm,i.kɛm,ukɛm,ikɛm
u.kɛn,i.kɛn,ukɛn,ikɛn
u.kɛŋ,i.kɛŋ,ukɛŋ,ikɛŋ
u.kɛp,i.kɛp,ukɛp,ikɛp
u.kɛt,i.kɛt,ukɛt,ikɛt
u.kɛk,i.kɛk,ukɛk,ikɛk
u.kɛb,i.kɛb,ukɛb,ikɛb
u.kɛd,i.kɛd,ukɛd,ikɛd
u.kɛg,i.kɛg,ukɛg,ikɛg
u.kɛf,i.kɛf,ukɛf,ikɛf
u.kɛs,i.kɛs,ukɛs,ikɛs
u.kɛv,i.kɛv,ukɛv,ikɛv
u.kɛz,i.kɛz,ukɛz,ikɛz
u.kɛʃ,i.kɛʃ,ukɛʃ,ikɛʃ
u.kɛʒ,i.kɛʒ,ukɛʒ,ikɛʒ
u.kɛθ,i.kɛθ,ukɛθ,ikɛθ
u.kɛð,i.kɛð,ukɛð,ikɛð
u.bɛm,i.bɛm,ubɛm,ibɛm
u.bɛn,i.bɛn,ubɛn,ibɛn
u.bɛŋ,i.bɛŋ,ubɛŋ,ibɛŋ
u.bɛp,i.bɛp,ubɛp,ibɛp
u.bɛt,i.bɛt,ubɛt,ibɛt
u.bɛk,i.bɛk,ubɛk,ibɛk
u.bɛb,i.bɛb,ubɛb,ibɛb
u.bɛd,i.bɛd,ubɛd,ibɛd
u.bɛg,i.bɛg,ubɛg,ibɛg
u.bɛf,i.bɛf,ubɛf,ibɛf
u.bɛs,i.bɛs,ubɛs,ibɛs
u.bɛv,i.bɛv,ubɛv,ibɛv
u.bɛz,i.bɛz,ubɛz,ibɛz
u.bɛʃ,i.bɛʃ,ubɛʃ,ibɛʃ
u.bɛʒ,i.bɛʒ,ubɛʒ,ibɛʒ
u.bɛθ,i.bɛθ,ubɛθ,ibɛθ
u.bɛð,i.bɛð,ubɛð,ibɛð
u.dɛm,i.dɛm,udɛm,idɛm
u.dɛn,i.dɛn,udɛn,idɛn
u.dɛŋ,i.dɛŋ,udɛŋ,idɛŋ
u.dɛp,i.dɛp,udɛp,idɛp
u.dɛt,i.dɛt,udɛt,idɛt
u.dɛk,i.dɛk,udɛk,idɛk
u.dɛb,i.dɛb,udɛb,idɛb
u.dɛd,i.dɛd,udɛd,idɛd
u.dɛg,i.dɛg,udɛg,idɛg
u.dɛf,i.dɛf,udɛf,idɛf
u.dɛs,i.dɛs,udɛs,idɛs
u.dɛv,i.dɛv,udɛv,idɛv
u.dɛz,i.dɛz,udɛz,idɛz
u.dɛʃ,i.dɛʃ,udɛʃ,idɛʃ
u.dɛʒ,i.dɛʒ,udɛʒ,idɛʒ
u.dɛθ,i.dɛθ,udɛθ,idɛθ
u.dɛð,i.dɛð,udɛð,idɛð
u.gɛm,i.gɛm,ugɛm,igɛm
u.gɛn,i.gɛn,ugɛn,igɛn
u.gɛŋ,i.gɛŋ,ugɛŋ,igɛŋ
u.gɛp,i.gɛp,ugɛp,igɛp
u.gɛt,i.gɛt,ugɛt,igɛt
u.gɛk,i.gɛk,ugɛk,igɛk
u.gɛb,i.gɛb,ugɛb,igɛb
u.gɛd,i.gɛd,ugɛd,igɛd
u.gɛg,i.gɛg,ugɛg,igɛg
u.gɛf,i.gɛf,ugɛf,igɛf
u.gɛs,i.gɛs,ugɛs,igɛs
u.gɛv,i.gɛv,ugɛv,igɛv
u.gɛz,i.gɛz,ugɛz,igɛz
u.gɛʃ,i.gɛʃ,ugɛʃ,igɛʃ
u.gɛʒ,i.gɛʒ,ugɛʒ,igɛʒ
u.gɛθ,i.gɛθ,ugɛθ,igɛθ
u.gɛð,i.gɛð,ugɛð,igɛð
u.fɛm,i.fɛm,ufɛm,ifɛm
u.fɛn,i.fɛn,ufɛn,ifɛn
u.fɛŋ,i.fɛŋ,ufɛŋ,ifɛŋ
u.fɛp,i.fɛp,ufɛp,ifɛp
u.fɛt,i.fɛt,ufɛt,ifɛt
u.fɛk,i.fɛk,ufɛk,ifɛk
u.fɛb,i.fɛb,ufɛb,ifɛb
u.fɛd,i.fɛd,ufɛd,ifɛd
u.fɛg,i.fɛg,ufɛg,ifɛg
u.fɛf,i.fɛf,ufɛf,ifɛf
u.fɛs,i.fɛs,ufɛs,ifɛs
u.fɛv,i.fɛv,ufɛv,ifɛv
u.fɛz,i.fɛz,ufɛz,ifɛz
u.fɛʃ,i.fɛʃ,ufɛʃ,ifɛʃ
u.fɛʒ,i.fɛʒ,ufɛʒ,ifɛʒ
u.fɛθ,i.fɛθ,ufɛθ,ifɛθ
u.fɛð,i.fɛð,ufɛð,ifɛð
u.sɛm,i.sɛm,usɛm,isɛm
u.sɛn,i.sɛn,usɛn,isɛn
u.sɛŋ,i.sɛŋ,usɛŋ,isɛŋ
u.sɛp,i.sɛp,usɛp,isɛp
u.sɛt,i.sɛt,usɛt,isɛt
u.sɛk,i.sɛk,usɛk,isɛk
u.sɛb,i.sɛb,usɛb,isɛb
u.sɛd,i.sɛd,usɛd,isɛd
u.sɛg,i.sɛg,usɛg,isɛg
u.sɛf,i.sɛf,usɛf,isɛf
u.sɛs,i.sɛs,usɛs,isɛs
u.sɛv,i.sɛv,usɛv,isɛv
u.sɛz,i.sɛz,usɛz,isɛz
u.sɛʃ,i.sɛʃ,usɛʃ,isɛʃ
u.sɛʒ,i.sɛʒ,usɛʒ,isɛʒ
u.sɛθ,i.sɛθ,usɛθ,isɛθ
u.sɛð,i.sɛð,usɛð,isɛð
u.vɛm,i.vɛm,uvɛm,ivɛm
u.vɛn,i.vɛn,uvɛn,ivɛn
u.vɛŋ,i.vɛŋ,uvɛŋ,ivɛŋ
u.vɛp,i.vɛp,uvɛp,ivɛp
u.vɛt,i.vɛt,uvɛt,ivɛt
u.vɛk,i.vɛk,uvɛk,ivɛk
u.vɛb,i.vɛb,uvɛb,ivɛb
u.vɛd,i.vɛd,uvɛd,ivɛd
u.vɛg,i.vɛg,uvɛg,ivɛg
u.vɛf,i.vɛf,uvɛf,ivɛf
u.vɛs,i.vɛs,uvɛs,ivɛs
u.vɛv,i.vɛv,uvɛv,ivɛv
u.vɛz,i.vɛz,uvɛz,ivɛz
u.vɛʃ,i.vɛʃ,uvɛʃ,ivɛʃ
u.vɛʒ,i.vɛʒ,uvɛʒ,ivɛʒ
u.vɛθ,i.vɛθ,uvɛθ,ivɛθ
u.vɛð,i.vɛð,uvɛð,ivɛð
u.zɛm,i.zɛm,uzɛm,izɛm
u.zɛn,i.zɛn,uzɛn,izɛn
u.zɛŋ,i.zɛŋ,uzɛŋ,izɛŋ
u.zɛp,i.zɛp,uzɛp,izɛp
u.zɛt,i.zɛt,uzɛt,izɛt
u.zɛk,i.zɛk,uzɛk,izɛk
u.zɛb,i.zɛb,uzɛb,izɛb
u.zɛd,i.zɛd,uzɛd,izɛd
u.zɛg,i.zɛg,uzɛg,izɛg
u.zɛf,i.zɛf,uzɛf,izɛf
u.zɛs,i.zɛs,uzɛs,izɛs
u.zɛv,i.zɛv,uzɛv,izɛv
u.zɛz,i.zɛz,uzɛz,izɛz
u.zɛʃ,i.zɛʃ,uzɛʃ,izɛʃ
u.zɛʒ,i.zɛʒ,uzɛʒ,izɛʒ
u.zɛθ,i.zɛθ,uzɛθ,izɛθ
u.zɛð,i.zɛð,uzɛð,izɛð
u.ʃɛm,i.ʃɛm,uʃɛm,iʃɛm
u.ʃɛn,i.ʃɛn,uʃɛn,iʃɛn
u.ʃɛŋ,i.ʃɛŋ,uʃɛŋ,iʃɛŋ
u.ʃɛp,i.ʃɛp,uʃɛp,iʃɛp
u.ʃɛt,i.ʃɛt,uʃɛt,iʃɛt
u.ʃɛk,i.ʃɛk,uʃɛk,iʃɛk
u.ʃɛb,i.ʃɛb,uʃɛb,iʃɛb
u.ʃɛd,i.ʃɛd,uʃɛd,iʃɛd
u.ʃɛg,i.ʃɛg,uʃɛg,iʃɛg
u.ʃɛf,i.ʃɛf,uʃɛf,iʃɛf
u.ʃɛs,i.ʃɛs,uʃɛs,iʃɛs
u.ʃɛv,i.ʃɛv,uʃɛv,iʃɛv
u.ʃɛz,i.ʃɛz,uʃɛz,iʃɛz
u.ʃɛʃ,i.ʃɛʃ,uʃɛʃ,iʃɛʃ
u.ʃɛʒ,i.ʃɛʒ,uʃɛʒ,iʃɛʒ
u.ʃɛθ,i.ʃɛθ,uʃɛθ,iʃɛθ
u.ʃɛð,i.ʃɛð,uʃɛð,iʃɛð
u.ʒɛm,i.ʒɛm,uʒɛm,iʒɛm
u.ʒɛn,i.ʒɛn,uʒɛn,iʒɛn
u.ʒɛŋ,i.ʒɛŋ,uʒɛŋ,iʒɛŋ
u.ʒɛp,i.ʒɛp,uʒɛp,iʒɛp
u.ʒɛt,i.ʒɛt,uʒɛt,iʒɛt
u.ʒɛk,i.ʒɛk,uʒɛk,iʒɛk
u.ʒɛb,i.ʒɛb,uʒɛb,iʒɛb
u.ʒɛd,i.ʒɛd,uʒɛd,iʒɛd
u.ʒɛg,i.ʒɛg,uʒɛg,iʒɛg
u.ʒɛf,i.ʒɛf,uʒɛf,iʒɛf
u.ʒɛs,i.ʒɛs,uʒɛs,iʒɛs
u.ʒɛv,i.ʒɛv,uʒɛv,iʒɛv
u.ʒɛz,i.ʒɛz,uʒɛz,iʒɛz
u.ʒɛʃ,i.ʒɛʃ,uʒɛʃ,iʒɛʃ
u.ʒɛʒ,i.ʒɛʒ,uʒɛʒ,iʒɛʒ
u.ʒɛθ,i.ʒɛθ,uʒɛθ,iʒɛθ
u.ʒɛð,i.ʒɛð,uʒɛð,iʒɛð
u.θɛm,i.θɛm,uθɛm,iθɛm
u.θɛn,i.θɛn,uθɛn,iθɛn
u.θɛŋ,i.θɛŋ,uθɛŋ,iθɛŋ
u.θɛp,i.θɛp,uθɛp,iθɛp
u.θɛt,i.θɛt,uθɛt,iθɛt
u.θɛk,i.θɛk,uθɛk,iθɛk
u.θɛb,i.θɛb,uθɛb,iθɛb
u.θɛd,i.θɛd,uθɛd,iθɛd
u.θɛg,i.θɛg,uθɛg,iθɛg
u.θɛf,i.θɛf,uθɛf,iθɛf
u.θɛs,i.θɛs,uθɛs,iθɛs
u.θɛv,i.θɛv,uθɛv,iθɛv
u.θɛz,i.θɛz,uθɛz,iθɛz
u.θɛʃ,i.θɛʃ,uθɛʃ,iθɛʃ
u.θɛʒ,i.θɛʒ,uθɛʒ,iθɛʒ
u.θɛθ,i.θɛθ,uθɛθ,iθɛθ
u.θɛð,i.θɛð,uθɛð,iθɛð
u.ðɛm,i.ðɛm,uðɛm,iðɛm
u.ðɛn,i.ðɛn,uðɛn,iðɛn
u.ðɛŋ,i.ðɛŋ,uðɛŋ,iðɛŋ
u.ðɛp,i.ðɛp,uðɛp,iðɛp
u.ðɛt,i.ðɛt,uðɛt,iðɛt
u.ðɛk,i.ðɛk,uðɛk,iðɛk
u.ðɛb,i.ðɛb,uðɛb,iðɛb
u.ðɛd,i.ðɛd,uðɛd,iðɛd
u.ðɛg,i.ðɛg,uðɛg,iðɛg
u.ðɛf,i.ðɛf,uðɛf,iðɛf
u.ðɛs,i.ðɛs,uðɛs,iðɛs
u.ðɛv,i.ðɛv,uðɛv,iðɛv
u.ðɛz,i.ðɛz,uðɛz,iðɛz
u.ðɛʃ,i.ðɛʃ,uðɛʃ,iðɛʃ
u.ðɛʒ,i.ðɛʒ,uðɛʒ,iðɛʒ
u.ðɛθ,i.ðɛθ,uðɛθ,iðɛθ
u.ðɛð,i.ðɛð,uðɛð,iðɛð
u.hɛm,i.hɛm,uhɛm,ihɛm
u.hɛn,i.hɛn,uhɛn,ihɛn
u.hɛŋ,i.hɛŋ,uhɛŋ,ihɛŋ
u.hɛp,i.hɛp,uhɛp,ihɛp
u.hɛt,i.hɛt,uhɛt,ihɛt
u.hɛk,i.hɛk,uhɛk,ihɛk
u.hɛb,i.hɛb,uhɛb,ihɛb
u.hɛd,i.hɛd,uhɛd,ihɛd
u.hɛg,i.hɛg,uhɛg,ihɛg
u.hɛf,i.hɛf,uhɛf,ihɛf
u.hɛs,i.hɛs,uhɛs,ihɛs
u.hɛv,i.hɛv,uhɛv,ihɛv
u.hɛz,i.hɛz,uhɛz,ihɛz
u.hɛʃ,i.hɛʃ,uhɛʃ,ihɛʃ
u.hɛʒ,i.hɛʒ,uhɛʒ,ihɛʒ
u.hɛθ,i.hɛθ,uhɛθ,ihɛθ
u.hɛð,i.hɛð,uhɛð,ihɛð
u.mʊm,i.mʊm,umʊm,imʊm
u.mʊn,i.mʊn,umʊn,imʊn
u.mʊŋ,i.mʊŋ,umʊŋ,imʊŋ
u.mʊp,i.mʊp,umʊp,imʊp
u.mʊt,i.mʊt,umʊt,imʊt
u.mʊk,i.mʊk,umʊk,imʊk
u.mʊb,i.mʊb,umʊb,imʊb
u.mʊd,i.mʊd,umʊd,imʊd
u.mʊg,i.mʊg,umʊg,imʊg
u.mʊf,i.mʊf,umʊf,imʊf
u.mʊs,i.mʊs,umʊs,imʊs
u.mʊv,i.mʊv,umʊv,imʊv
u.mʊz,i.mʊz,umʊz,imʊz
u.mʊʃ,i.mʊʃ,umʊʃ,imʊʃ
u.mʊʒ,i.mʊʒ,umʊʒ,imʊʒ
u.mʊθ,i.mʊθ,umʊθ,imʊθ
u.mʊð,i.mʊð,umʊð,imʊð
u.nʊm,i.nʊm,unʊm,inʊm
u.nʊn,i.nʊn,unʊn,inʊn
u.nʊŋ,i.nʊŋ,unʊŋ,inʊŋ
u.nʊp,i.nʊp,unʊp,inʊp
u.nʊt,i.nʊt,unʊt,inʊt
u.nʊk,i.nʊk,unʊk,inʊk
u.nʊb,i.nʊb,unʊb,inʊb
u.nʊd,i.nʊd,unʊd,inʊd
u.nʊg,i.nʊg,unʊg,inʊg
u.nʊf,i.nʊf,unʊf,inʊf
u.nʊs,i.nʊs,unʊs,inʊs
u.nʊv,i.nʊv,unʊv,inʊv
u.nʊz,i.nʊz,unʊz,inʊz
u.nʊʃ,i.nʊʃ,unʊʃ,inʊʃ
u.nʊʒ,i.nʊʒ,unʊʒ,inʊʒ
u.nʊθ,i.nʊθ,unʊθ,inʊθ
u.nʊð,i.nʊð,unʊð,inʊð
u.pʊm,i.pʊm,upʊm,ipʊm
u.pʊn,i.pʊn,upʊn,ipʊn
u.pʊŋ,i.pʊŋ,upʊŋ,ipʊŋ
u.pʊp,i.pʊp,upʊp,ipʊp
u.pʊt,i.pʊt,upʊt,ipʊt
u.pʊk,i.pʊk,upʊk,ipʊk
u.pʊb,i.pʊb,upʊb,ipʊb
u.pʊd,i.pʊd,upʊd,ipʊd
u.pʊg,i.pʊg,upʊg,ipʊg
u.pʊf,i.pʊf,upʊf,ipʊf
u.pʊs,i.pʊs,upʊs,ipʊs
u.pʊv,i.pʊv,upʊv,ipʊv
u.pʊz,i.pʊz,upʊz,ipʊz
u.pʊʃ,i.pʊʃ,upʊʃ,ipʊʃ
u.pʊʒ,i.pʊʒ,upʊʒ,ipʊʒ
u.pʊθ,i.pʊθ,upʊθ,ipʊθ
u.pʊð,i.pʊð,upʊð,ipʊð
u.tʊm,i.tʊm,utʊm,itʊm
u.tʊn,i.tʊn,utʊn,itʊn
u.tʊŋ,i.tʊŋ,utʊŋ,itʊŋ
u.tʊp,i.tʊp,utʊp,itʊp
u.tʊt,i.tʊt,utʊt,itʊt
u.tʊk,i.tʊk,utʊk,itʊk
u.tʊb,i.tʊb,utʊb,itʊb
u.tʊd,i.tʊd,utʊd,itʊd
u.tʊg,i.tʊg,utʊg,itʊg
u.tʊf,i.tʊf,utʊf,itʊf
u.tʊs,i.tʊs,utʊs,itʊs
u.tʊv,i.tʊv,utʊv,itʊv
u.tʊz,i.tʊz,utʊz,itʊz
u.tʊʃ,i.tʊʃ,utʊʃ,itʊʃ
u.tʊʒ,i.tʊʒ,utʊʒ,itʊʒ
u.tʊθ,i.tʊθ,utʊθ,itʊθ
u.tʊð,i.tʊð,utʊð,itʊð
u.kʊm,i.kʊm,ukʊm,ikʊm
u.kʊn,i.kʊn,ukʊn,ikʊn
u.kʊŋ,i.kʊŋ,ukʊŋ,ikʊŋ
u.kʊp,i.kʊp,ukʊp,ikʊp
u.kʊt,i.kʊt,ukʊt,ikʊt
u.kʊk,i.kʊk,ukʊk,ikʊk
u.kʊb,i.kʊb,ukʊb,ikʊb
u.kʊd,i.kʊd,ukʊd,ikʊd
u.kʊg,i.kʊg,ukʊg,ikʊg
u.kʊf,i.kʊf,ukʊf,ikʊf
u.kʊs,i.kʊs,ukʊs,ikʊs
u.kʊv,i.kʊv,ukʊv,ikʊv
u.kʊz,i.kʊz,ukʊz,ikʊz
u.kʊʃ,i.kʊʃ,ukʊʃ,ikʊʃ
u.kʊʒ,i.kʊʒ,ukʊʒ,ikʊʒ
u.kʊθ,i.kʊθ,ukʊθ,ikʊθ
u.kʊð,i.kʊð,ukʊð,ikʊð
u.bʊm,i.bʊm,ubʊm,ibʊm
u.bʊn,i.bʊn,ubʊn,ibʊn
u.bʊŋ,i.bʊŋ,ubʊŋ,ibʊŋ
u.bʊp,i.bʊp,ubʊp,ibʊp
u.bʊt,i.bʊt,ubʊt,ibʊt
u.bʊk,i.bʊk,ubʊk,ibʊk
u.bʊb,i.bʊb,ubʊb,ibʊb
u.bʊd,i.bʊd,ubʊd,ibʊd
u.bʊg,i.bʊg,ubʊg,ibʊg
u.bʊf,i.bʊf,ubʊf,ibʊf
u.bʊs,i.bʊs,ubʊs,ibʊs
u.bʊv,i.bʊv,ubʊv,ibʊv
u.bʊz,i.bʊz,ubʊz,ibʊz
u.bʊʃ,i.bʊʃ,ubʊʃ,ibʊʃ
u.bʊʒ,i.bʊʒ,ubʊʒ,ibʊʒ
u.bʊθ,i.bʊθ,ubʊθ,ibʊθ
u.bʊð,i.bʊð,ubʊð,ibʊð
u.dʊm,i.dʊm,udʊm,idʊm
u.dʊn,i.dʊn,udʊn,idʊn
u.dʊŋ,i.dʊŋ,udʊŋ,idʊŋ
u.dʊp,i.dʊp,udʊp,idʊp
u.dʊt,i.dʊt,udʊt,idʊt
u.dʊk,i.dʊk,udʊk,idʊk
u.dʊb,i.dʊb,udʊb,idʊb
u.dʊd,i.dʊd,udʊd,idʊd
u.dʊg,i.dʊg,udʊg,idʊg
u.dʊf,i.dʊf,udʊf,idʊf
u.dʊs,i.dʊs,udʊs,idʊs
u.dʊv,i.dʊv,udʊv,idʊv
u.dʊz,i.dʊz,udʊz,idʊz
u.dʊʃ,i.dʊʃ,udʊʃ,idʊʃ
u.dʊʒ,i.dʊʒ,udʊʒ,idʊʒ
u.dʊθ,i.dʊθ,udʊθ,idʊθ
u.dʊð,i.dʊð,udʊð,idʊð
u.gʊm,i.gʊm,ugʊm,igʊm
u.gʊn,i.gʊn,ugʊn,igʊn
u.gʊŋ,i.gʊŋ,ugʊŋ,igʊŋ
u.gʊp,i.gʊp,ugʊp,igʊp
u.gʊt,i.gʊt,ugʊt,igʊt
u.gʊk,i.gʊk,ugʊk,igʊk
u.gʊb,i.gʊb,ugʊb,igʊb
u.gʊd,i.gʊd,ugʊd,igʊd
u.gʊg,i.gʊg,ugʊg,igʊg
u.gʊf,i.gʊf,ugʊf,igʊf
u.gʊs,i.gʊs,ugʊs,igʊs
u.gʊv,i.gʊv,ugʊv,igʊv
u.gʊz,i.gʊz,ugʊz,igʊz
u.gʊʃ,i.gʊʃ,ugʊʃ,igʊʃ
u.gʊʒ,i.gʊʒ,ugʊʒ,igʊʒ
u.gʊθ,i.gʊθ,ugʊθ,igʊθ
u.gʊð,i.gʊð,ugʊð,igʊð
u.fʊm,i.fʊm,ufʊm,ifʊm
u.fʊn,i.fʊn,ufʊn,ifʊn
u.fʊŋ,i.fʊŋ,ufʊŋ,ifʊŋ
u.fʊp,i.fʊp,ufʊp,ifʊp
u.fʊt,i.fʊt,ufʊt,ifʊt
u.fʊk,i.fʊk,ufʊk,ifʊk
u.fʊb,i.fʊb,ufʊb,ifʊb
u.fʊd,i.fʊd,ufʊd,ifʊd
u.fʊg,i.fʊg,ufʊg,ifʊg
u.fʊf,i.fʊf,ufʊf,ifʊf
u.fʊs,i.fʊs,ufʊs,ifʊs
u.fʊv,i.fʊv,ufʊv,ifʊv
u.fʊz,i.fʊz,ufʊz,ifʊz
u.fʊʃ,i.fʊʃ,ufʊʃ,ifʊʃ
u.fʊʒ,i.fʊʒ,ufʊʒ,ifʊʒ
u.fʊθ,i.fʊθ,ufʊθ,ifʊθ
u.fʊð,i.fʊð,ufʊð,ifʊð
u.sʊm,i.sʊm,usʊm,isʊm
u.sʊn,i.sʊn,usʊn,isʊn
u.sʊŋ,i.sʊŋ,usʊŋ,isʊŋ
u.sʊp,i.sʊp,usʊp,isʊp
u.sʊt,i.sʊt,usʊt,isʊt
u.sʊk,i.sʊk,usʊk,isʊk
u.sʊb,i.sʊb,usʊb,isʊb
u.sʊd,i.sʊd,usʊd,isʊd
u.sʊg,i.sʊg,usʊg,isʊg
u.sʊf,i.sʊf,usʊf,isʊf
u.sʊs,i.sʊs,usʊs,isʊs
u.sʊv,i.sʊv,usʊv,isʊv
u.sʊz,i.sʊz,usʊz,isʊz
u.sʊʃ,i.sʊʃ,usʊʃ,isʊʃ
u.sʊʒ,i.sʊʒ,usʊʒ,isʊʒ
u.sʊθ,i.sʊθ,usʊθ,isʊθ
u.sʊð,i.sʊð,usʊð,isʊð
u.vʊm,i.vʊm,uvʊm,ivʊm
u.vʊn,i.vʊn,uvʊn,ivʊn
u.vʊŋ,i.vʊŋ,uvʊŋ,ivʊŋ
u.vʊp,i.vʊp,uvʊp,ivʊp
u.vʊt,i.vʊt,uvʊt,ivʊt
u.vʊk,i.vʊk,uvʊk,ivʊk
u.vʊb,i.vʊb,uvʊb,ivʊb
u.vʊd,i.vʊd,uvʊd,ivʊd
u.vʊg,i.vʊg,uvʊg,ivʊg
u.vʊf,i.vʊf,uvʊf,ivʊf
u.vʊs,i.vʊs,uvʊs,ivʊs
u.vʊv,i.vʊv,uvʊv,ivʊv
u.vʊz,i.vʊz,uvʊz,ivʊz
u.vʊʃ,i.vʊʃ,uvʊʃ,ivʊʃ
u.vʊʒ,i.vʊʒ,uvʊʒ,ivʊʒ
u.vʊθ,i.vʊθ,uvʊθ,ivʊθ
u.vʊð,i.vʊð,uvʊð,ivʊð
u.zʊm,i.zʊm,uzʊm,izʊm
u.zʊn,i.zʊn,uzʊn,izʊn
u.zʊŋ,i.zʊŋ,uzʊŋ,izʊŋ
u.zʊp,i.zʊp,uzʊp,izʊp
u.zʊt,i.zʊt,uzʊt,izʊt
u.zʊk,i.zʊk,uzʊk,izʊk
u.zʊb,i.zʊb,uzʊb,izʊb
u.zʊd,i.zʊd,uzʊd,izʊd
u.zʊg,i.zʊg,uzʊg,izʊg
u.zʊf,i.zʊf,uzʊf,izʊf
u.zʊs,i.zʊs,uzʊs,izʊs
u.zʊv,i.zʊv,uzʊv,izʊv
u.zʊz,i.zʊz,uzʊz,izʊz
u.zʊʃ,i.zʊʃ,uzʊʃ,izʊʃ
u.zʊʒ,i.zʊʒ,uzʊʒ,izʊʒ
u.zʊθ,i.zʊθ,uzʊθ,izʊθ
u.zʊð,i.zʊð,uzʊð,izʊð
u.ʃʊm,i.ʃʊm,uʃʊm,iʃʊm
u.ʃʊn,i.ʃʊn,uʃʊn,iʃʊn
u.ʃʊŋ,i.ʃʊŋ,uʃʊŋ,iʃʊŋ
u.ʃʊp,i.ʃʊp,uʃʊp,iʃʊp
u.ʃʊt,i.ʃʊt,uʃʊt,iʃʊt
u.ʃʊk,i.ʃʊk,uʃʊk,iʃʊk
u.ʃʊb,i.ʃʊb,uʃʊb,iʃʊb
u.ʃʊd,i.ʃʊd,uʃʊd,iʃʊd
u.ʃʊg,i.ʃʊg,uʃʊg,iʃʊg
u.ʃʊf,i.ʃʊf,uʃʊf,iʃʊf
u.ʃʊs,i.ʃʊs,uʃʊs,iʃʊs
u.ʃʊv,i.ʃʊv,uʃʊv,iʃʊv
u.ʃʊz,i.ʃʊz,uʃʊz,iʃʊz
u.ʃʊʃ,i.ʃʊʃ,uʃʊʃ,iʃʊʃ
u.ʃʊʒ,i.ʃʊʒ,uʃʊʒ,iʃʊʒ
u.ʃʊθ,i.ʃʊθ,uʃʊθ,iʃʊθ
u.ʃʊð,i.ʃʊð,uʃʊð,iʃʊð
u.ʒʊm,i.ʒʊm,uʒʊm,iʒʊm
u.ʒʊn,i.ʒʊn,uʒʊn,iʒʊn
u.ʒʊŋ,i.ʒʊŋ,uʒʊŋ,iʒʊŋ
u.ʒʊp,i.ʒʊp,uʒʊp,iʒʊp
u.ʒʊt,i.ʒʊt,uʒʊt,iʒʊt
u.ʒʊk,i.ʒʊk,uʒʊk,iʒʊk
u.ʒʊb,i.ʒʊb,uʒʊb,iʒʊb
u.ʒʊd,i.ʒʊd,uʒʊd,iʒʊd
u.ʒʊg,i.ʒʊg,uʒʊg,iʒʊg
u.ʒʊf,i.ʒʊf,uʒʊf,iʒʊf
u.ʒʊs,i.ʒʊs,uʒʊs,iʒʊs
u.ʒʊv,i.ʒʊv,uʒʊv,iʒʊv
u.ʒʊz,i.ʒʊz,uʒʊz,iʒʊz
u.ʒʊʃ,i.ʒʊʃ,uʒʊʃ,iʒʊʃ
u.ʒʊʒ,i.ʒʊʒ,uʒʊʒ,iʒʊʒ
u.ʒʊθ,i.ʒʊθ,uʒʊθ,iʒʊθ
u.ʒʊð,i.ʒʊð,uʒʊð,iʒʊð
u.θʊm,i.θʊm,uθʊm,iθʊm
u.θʊn,i.θʊn,uθʊn,iθʊn
u.θʊŋ,i.θʊŋ,uθʊŋ,iθʊŋ
u.θʊp,i.θʊp,uθʊp,iθʊp
u.θʊt,i.θʊt,uθʊt,iθʊt
u.θʊk,i.θʊk,uθʊk,iθʊk
u.θʊb,i.θʊb,uθʊb,iθʊb
u.θʊd,i.θʊd,uθʊd,iθʊd
u.θʊg,i.θʊg,uθʊg,iθʊg
u.θʊf,i.θʊf,uθʊf,iθʊf
u.θʊs,i.θʊs,uθʊs,iθʊs
u.θʊv,i.θʊv,uθʊv,iθʊv
u.θʊz,i.θʊz,uθʊz,iθʊz
u.θʊʃ,i.θʊʃ,uθʊʃ,iθʊʃ
u.θʊʒ,i.θʊʒ,uθʊʒ,iθʊʒ
u.θʊθ,i.θʊθ,uθʊθ,iθʊθ
u.θʊð,i.θʊð,uθʊð,iθʊð
u.ðʊm,i.ðʊm,uðʊm,iðʊm
u.ðʊn,i.ðʊn,uðʊn,iðʊn
u.ðʊŋ,i.ðʊŋ,uðʊŋ,iðʊŋ
u.ðʊp,i.ðʊp,uðʊp,iðʊp
u.ðʊt,i.ðʊt,uðʊt,iðʊt
u.ðʊk,i.ðʊk,uðʊk,iðʊk
u.ðʊb,i.ðʊb,uðʊb,iðʊb
u.ðʊd,i.ðʊd,uðʊd,iðʊd
u.ðʊg,i.ðʊg,uðʊg,iðʊg
u.ðʊf,i.ðʊf,uðʊf,iðʊf
u.ðʊs,i.ðʊs,uðʊs,iðʊs
u.ðʊv,i.ðʊv,uðʊv,iðʊv
u.ðʊz,i.ðʊz,uðʊz,iðʊz
u.ðʊʃ,i.ðʊʃ,uðʊʃ,iðʊʃ
u.ðʊʒ,i.ðʊʒ,uðʊʒ,iðʊʒ
u.ðʊθ,i.ðʊθ,uðʊθ,iðʊθ
u.ðʊð,i.ðʊð,uðʊð,iðʊð
u.hʊm,i.hʊm,uhʊm,ihʊm
u.hʊn,i.hʊn,uhʊn,ihʊn
u.hʊŋ,i.hʊŋ,uhʊŋ,ihʊŋ
u.hʊp,i.hʊp,uhʊp,ihʊp
u.hʊt,i.hʊt,uhʊt,ihʊt
u.hʊk,i.hʊk,uhʊk,ihʊk
u.hʊb,i.hʊb,uhʊb,ihʊb
u.hʊd,i.hʊd,uhʊd,ihʊd
u.hʊg,i.hʊg,uhʊg,ihʊg
u.hʊf,i.hʊf,uhʊf,ihʊf
u.hʊs,i.hʊs,uhʊs,ihʊs
u.hʊv,i.hʊv,uhʊv,ihʊv
u.hʊz,i.hʊz,uhʊz,ihʊz
u.hʊʃ,i.hʊʃ,uhʊʃ,ihʊʃ
u.hʊʒ,i.hʊʒ,uhʊʒ,ihʊʒ
u.hʊθ,i.hʊθ,uhʊθ,ihʊθ
u.hʊð,i.hʊð,uhʊð,ihʊð
u.mɔm,i.mɔm,umɔm,imɔm
u.mɔn,i.mɔn,umɔn,imɔn
u.mɔŋ,i.mɔŋ,umɔŋ,imɔŋ
u.mɔp,i.mɔp,umɔp,imɔp
u.mɔt,i.mɔt,umɔt,imɔt
u.mɔk,i.mɔk,umɔk,imɔk
u.mɔb,i.mɔb,umɔb,imɔb
u.mɔd,i.mɔd,umɔd,imɔd
u.mɔg,i.mɔg,umɔg,imɔg
u.mɔf,i.mɔf,umɔf,imɔf
u.mɔs,i.mɔs,umɔs,imɔs
u.mɔv,i.mɔv,umɔv,imɔv
u.mɔz,i.mɔz,umɔz,imɔz
u.mɔʃ,i.mɔʃ,umɔʃ,imɔʃ
u.mɔʒ,i.mɔʒ,umɔʒ,imɔʒ
u.mɔθ,i.mɔθ,umɔθ,imɔθ
u.mɔð,i.mɔð,umɔð,imɔð
u.nɔm,i.nɔm,unɔm,inɔm
u.nɔn,i.nɔn,unɔn,inɔn
u.nɔŋ,i.nɔŋ,unɔŋ,inɔŋ
u.nɔp,i.nɔp,unɔp,inɔp
u.nɔt,i.nɔt,unɔt,inɔt
u.nɔk,i.nɔk,unɔk,inɔk
u.nɔb,i.nɔb,unɔb,inɔb
u.nɔd,i.nɔd,unɔd,inɔd
u.nɔg,i.nɔg,unɔg,inɔg
u.nɔf,i.nɔf,unɔf,inɔf
u.nɔs,i.nɔs,unɔs,inɔs
u.nɔv,i.nɔv,unɔv,inɔv
u.nɔz,i.nɔz,unɔz,inɔz
u.nɔʃ,i.nɔʃ,unɔʃ,inɔʃ
u.nɔʒ,i.nɔʒ,unɔʒ,inɔʒ
u.nɔθ,i.nɔθ,unɔθ,inɔθ
u.nɔð,i.nɔð,unɔð,inɔð
u.pɔm,i.pɔm,upɔm,ipɔm
u.pɔn,i.pɔn,upɔn,ipɔn
u.pɔŋ,i.pɔŋ,upɔŋ,ipɔŋ
u.pɔp,i.pɔp,upɔp,ipɔp
u.pɔt,i.pɔt,upɔt,ipɔt
u.pɔk,i.pɔk,upɔk,ipɔk
u.pɔb,i.pɔb,upɔb,ipɔb
u.pɔd,i.pɔd,upɔd,ipɔd
u.pɔg,i.pɔg,upɔg,ipɔg
u.pɔf,i.pɔf,upɔf,ipɔf
u.pɔs,i.pɔs,upɔs,ipɔs
u.pɔv,i.pɔv,upɔv,ipɔv
u.pɔz,i.pɔz,upɔz,ipɔz
u.pɔʃ,i.pɔʃ,upɔʃ,ipɔʃ
u.pɔʒ,i.pɔʒ,upɔʒ,ipɔʒ
u.pɔθ,i.pɔθ,upɔθ,ipɔθ
u.pɔð,i.pɔð,upɔð,ipɔð
u.tɔm,i.tɔm,utɔm,itɔm
u.tɔn,i.tɔn,utɔn,itɔn
u.tɔŋ,i.tɔŋ,utɔŋ,itɔŋ
u.tɔp,i.tɔp,utɔp,itɔp
u.tɔt,i.tɔt,utɔt,itɔt
u.tɔk,i.tɔk,utɔk,itɔk
u.tɔb,i.tɔb,utɔb,itɔb
u.tɔd,i.tɔd,utɔd,itɔd
u.tɔg,i.tɔg,utɔg,itɔg
u.tɔf,i.tɔf,utɔf,itɔf
u.tɔs,i.tɔs,utɔs,itɔs
u.tɔv,i.tɔv,utɔv,itɔv
u.tɔz,i.tɔz,utɔz,itɔz
u.tɔʃ,i.tɔʃ,utɔʃ,itɔʃ
u.tɔʒ,i.tɔʒ,utɔʒ,itɔʒ
u.tɔθ,i.tɔθ,utɔθ,itɔθ
u.tɔð,i.tɔð,utɔð,itɔð
u.kɔm,i.kɔm,ukɔm,ikɔm
u.kɔn,i.kɔn,ukɔn,ikɔn
u.kɔŋ,i.kɔŋ,ukɔŋ,ikɔŋ
u.kɔp,i.kɔp,ukɔp,ikɔp
u.kɔt,i.kɔt,ukɔt,ikɔt
u.kɔk,i.kɔk,ukɔk,ikɔk
u.kɔb,i.kɔb,ukɔb,ikɔb
u.kɔd,i.kɔd,ukɔd,ikɔd
u.kɔg,i.kɔg,ukɔg,ikɔg
u.kɔf,i.kɔf,ukɔf,ikɔf
u.kɔs,i.kɔs,ukɔs,ikɔs
u.kɔv,i.kɔv,ukɔv,ikɔv
u.kɔz,i.kɔz,ukɔz,ikɔz
u.kɔʃ,i.kɔʃ,ukɔʃ,ikɔʃ
u.kɔʒ,i.kɔʒ,ukɔʒ,ikɔʒ
u.kɔθ,i.kɔθ,ukɔθ,ikɔθ
u.kɔð,i.kɔð,ukɔð,ikɔð
u.bɔm,i.bɔm,ubɔm,ibɔm
u.bɔn,i.bɔn,ubɔn,ibɔn
u.bɔŋ,i.bɔŋ,ubɔŋ,ibɔŋ
u.bɔp,i.bɔp,ubɔp,ibɔp
u.bɔt,i.bɔt,ubɔt,ibɔt
u.bɔk,i.bɔk,ubɔk,ibɔk
u.bɔb,i.bɔb,ubɔb,ibɔb
u.bɔd,i.bɔd,ubɔd,ibɔd
u.bɔg,i.bɔg,ubɔg,ibɔg
u.bɔf,i.bɔf,ubɔf,ibɔf
u.bɔs,i.bɔs,ubɔs,ibɔs
u.bɔv,i.bɔv,ubɔv,ibɔv
u.bɔz,i.bɔz,ubɔz,ibɔz
u.bɔʃ,i.bɔʃ,ubɔʃ,ibɔʃ
u.bɔʒ,i.bɔʒ,ubɔʒ,ibɔʒ
u.bɔθ,i.bɔθ,ubɔθ,ibɔθ
u.bɔð,i.bɔð,ubɔð,ibɔð
u.dɔm,i.dɔm,udɔm,idɔm
u.dɔn,i.dɔn,udɔn,idɔn
u.dɔŋ,i.dɔŋ,udɔŋ,idɔŋ
u.dɔp,i.dɔp,udɔp,idɔp
u.dɔt,i.dɔt,udɔt,idɔt
u.dɔk,i.dɔk,udɔk,idɔk
u.dɔb,i.dɔb,udɔb,idɔb
u.dɔd,i.dɔd,udɔd,idɔd
u.dɔg,i.dɔg,udɔg,idɔg
u.dɔf,i.dɔf,udɔf,idɔf
u.dɔs,i.dɔs,udɔs,idɔs
u.dɔv,i.dɔv,udɔv,idɔv
u.dɔz,i.dɔz,udɔz,idɔz
u.dɔʃ,i.dɔʃ,udɔʃ,idɔʃ
u.dɔʒ,i.dɔʒ,udɔʒ,idɔʒ
u.dɔθ,i.dɔθ,udɔθ,idɔθ
u.dɔð,i.dɔð,udɔð,idɔð
u.gɔm,i.gɔm,ugɔm,igɔm
u.gɔn,i.gɔn,ugɔn,igɔn
u.gɔŋ,i.gɔŋ,ugɔŋ,igɔŋ
u.gɔp,i.gɔp,ugɔp,igɔp
u.gɔt,i.gɔt,ugɔt,igɔt
u.gɔk,i.gɔk,ugɔk,igɔk
u.gɔb,i.gɔb,ugɔb,igɔb
u.gɔd,i.gɔd,ugɔd,igɔd
u.gɔg,i.gɔg,ugɔg,igɔg
u.gɔf,i.gɔf,ugɔf,igɔf
u.gɔs,i.gɔs,ugɔs,igɔs
u.gɔv,i.gɔv,ugɔv,igɔv
u.gɔz,i.gɔz,ugɔz,igɔz
u.gɔʃ,i.gɔʃ,ugɔʃ,igɔʃ
u.gɔʒ,i.gɔʒ,ugɔʒ,igɔʒ
u.gɔθ,i.gɔθ,ugɔθ,igɔθ
u.gɔð,i.gɔð,ugɔð,igɔð
u.fɔm,i.fɔm,ufɔm,ifɔm
u.fɔn,i.fɔn,ufɔn,ifɔn
u.fɔŋ,i.fɔŋ,ufɔŋ,ifɔŋ
u.fɔp,i.fɔp,ufɔp,ifɔp
u.fɔt,i.fɔt,ufɔt,ifɔt
u.fɔk,i.fɔk,ufɔk,ifɔk
u.fɔb,i.fɔb,ufɔb,ifɔb
u.fɔd,i.fɔd,ufɔd,ifɔd
u.fɔg,i.fɔg,ufɔg,ifɔg
u.fɔf,i.fɔf,ufɔf,ifɔf
u.fɔs,i.fɔs,ufɔs,ifɔs
u.fɔv,i.fɔv,ufɔv,ifɔv
u.fɔz,i.fɔz,ufɔz,ifɔz
u.fɔʃ,i.fɔʃ,ufɔʃ,ifɔʃ
u.fɔʒ,i.fɔʒ,ufɔʒ,ifɔʒ
u.fɔθ,i.fɔθ,ufɔθ,ifɔθ
u.fɔð,i.fɔð,ufɔð,ifɔð
u.sɔm,i.sɔm,usɔm,isɔm
u.sɔn,i.sɔn,usɔn,isɔn
u.sɔŋ,i.sɔŋ,usɔŋ,isɔŋ
u.sɔp,i.sɔp,usɔp,isɔp
u.sɔt,i.sɔt,usɔt,isɔt
u.sɔk,i.sɔk,usɔk,isɔk
u.sɔb,i.sɔb,usɔb,isɔb
u.sɔd,i.sɔd,usɔd,isɔd
u.sɔg,i.sɔg,usɔg,isɔg
u.sɔf,i.sɔf,usɔf,isɔf
u.sɔs,i.sɔs,usɔs,isɔs
u.sɔv,i.sɔv,usɔv,isɔv
u.sɔz,i.sɔz,usɔz,isɔz
u.sɔʃ,i.sɔʃ,usɔʃ,isɔʃ
u.sɔʒ,i.sɔʒ,usɔʒ,isɔʒ
u.sɔθ,i.sɔθ,usɔθ,isɔθ
u.sɔð,i.sɔð,usɔð,isɔð
u.vɔm,i.vɔm,uvɔm,ivɔm
u.vɔn,i.vɔn,uvɔn,ivɔn
u.vɔŋ,i.vɔŋ,uvɔŋ,ivɔŋ
u.vɔp,i.vɔp,uvɔp,ivɔp
u.vɔt,i.vɔt,uvɔt,ivɔt
u.vɔk,i.vɔk,uvɔk,ivɔk
u.vɔb,i.vɔb,uvɔb,ivɔb
u.vɔd,i.vɔd,uvɔd,ivɔd
u.vɔg,i.vɔg,uvɔg,ivɔg
u.vɔf,i.vɔf,uvɔf,ivɔf
u.vɔs,i.vɔs,uvɔs,ivɔs
u.vɔv,i.vɔv,uvɔv,ivɔv
u.vɔz,i.vɔz,uvɔz,ivɔz
u.vɔʃ,i.vɔʃ,uvɔʃ,ivɔʃ
u.vɔʒ,i.vɔʒ,uvɔʒ,ivɔʒ
u.vɔθ,i.vɔθ,uvɔθ,ivɔθ
u.vɔð,i.vɔð,uvɔð,ivɔð
u.zɔm,i.zɔm,uzɔm,izɔm
u.zɔn,i.zɔn,uzɔn,izɔn
u.zɔŋ,i.zɔŋ,uzɔŋ,izɔŋ
u.zɔp,i.zɔp,uzɔp,izɔp
u.zɔt,i.zɔt,uzɔt,izɔt
u.zɔk,i.zɔk,uzɔk,izɔk
u.zɔb,i.zɔb,uzɔb,izɔb
u.zɔd,i.zɔd,uzɔd,izɔd
u.zɔg,i.zɔg,uzɔg,izɔg
u.zɔf,i.zɔf,uzɔf,izɔf
u.zɔs,i.zɔs,uzɔs,izɔs
u.zɔv,i.zɔv,uzɔv,izɔv
u.zɔz,i.zɔz,uzɔz,izɔz
u.zɔʃ,i.zɔʃ,uzɔʃ,izɔʃ
u.zɔʒ,i.zɔʒ,uzɔʒ,izɔʒ
u.zɔθ,i.zɔθ,uzɔθ,izɔθ
u.zɔð,i.zɔð,uzɔð,izɔð
u.ʃɔm,i.ʃɔm,uʃɔm,iʃɔm
u.ʃɔn,i.ʃɔn,uʃɔn,iʃɔn
u.ʃɔŋ,i.ʃɔŋ,uʃɔŋ,iʃɔŋ
u.ʃɔp,i.ʃɔp,uʃɔp,iʃɔp
u.ʃɔt,i.ʃɔt,uʃɔt,iʃɔt
u.ʃɔk,i.ʃɔk,uʃɔk,iʃɔk
u.ʃɔb,i.ʃɔb,uʃɔb,iʃɔb
u.ʃɔd,i.ʃɔd,uʃɔd,iʃɔd
u.ʃɔg,i.ʃɔg,uʃɔg,iʃɔg
u.ʃɔf,i.ʃɔf,uʃɔf,iʃɔf
u.ʃɔs,i.ʃɔs,uʃɔs,iʃɔs
u.ʃɔv,i.ʃɔv,uʃɔv,iʃɔv
u.ʃɔz,i.ʃɔz,uʃɔz,iʃɔz
u.ʃɔʃ,i.ʃɔʃ,uʃɔʃ,iʃɔʃ
u.ʃɔʒ,i.ʃɔʒ,uʃɔʒ,iʃɔʒ
u.ʃɔθ,i.ʃɔθ,uʃɔθ,iʃɔθ
u.ʃɔð,i.ʃɔð,uʃɔð,iʃɔð
u.ʒɔm,i.ʒɔm,uʒɔm,iʒɔm
u.ʒɔn,i.ʒɔn,uʒɔn,iʒɔn
u.ʒɔŋ,i.ʒɔŋ,uʒɔŋ,iʒɔŋ
u.ʒɔp,i.ʒɔp,uʒɔp,iʒɔp
u.ʒɔt,i.ʒɔt,uʒɔt,iʒɔt
u.ʒɔk,i.ʒɔk,uʒɔk,iʒɔk
u.ʒɔb,i.ʒɔb,uʒɔb,iʒɔb
u.ʒɔd,i.ʒɔd,uʒɔd,iʒɔd
u.ʒɔg,i.ʒɔg,uʒɔg,iʒɔg
u.ʒɔf,i.ʒɔf,uʒɔf,iʒɔf
u.ʒɔs,i.ʒɔs,uʒɔs,iʒɔs
u.ʒɔv,i.ʒɔv,uʒɔv,iʒɔv
u.ʒɔz,i.ʒɔz,uʒɔz,iʒɔz
u.ʒɔʃ,i.ʒɔʃ,uʒɔʃ,iʒɔʃ
u.ʒɔʒ,i.ʒɔʒ,uʒɔʒ,iʒɔʒ
u.ʒɔθ,i.ʒɔθ,uʒɔθ,iʒɔθ
u.ʒɔð,i.ʒɔð,uʒɔð,iʒɔð
u.θɔm,i.θɔm,uθɔm,iθɔm
u.θɔn,i.θɔn,uθɔn,iθɔn
u.θɔŋ,i.θɔŋ,uθɔŋ,iθɔŋ
u.θɔp,i.θɔp,uθɔp,iθɔp
u.θɔt,i.θɔt,uθɔt,iθɔt
u.θɔk,i.θɔk,uθɔk,iθɔk
u.θɔb,i.θɔb,uθɔb,iθɔb
u.θɔd,i.θɔd,uθɔd,iθɔd
u.θɔg,i.θɔg,uθɔg,iθɔg
u.θɔf,i.θɔf,uθɔf,iθɔf
u.θɔs,i.θɔs,uθɔs,iθɔs
u.θɔv,i.θɔv,uθɔv,iθɔv
u.θɔz,i.θɔz,uθɔz,iθɔz
u.θɔʃ,i.θɔʃ,uθɔʃ,iθɔʃ
u.θɔʒ,i.θɔʒ,uθɔʒ,iθɔʒ
u.θɔθ,i.θɔθ,uθɔθ,iθɔθ
u.θɔð,i.θɔð,uθɔð,iθɔð
u.ðɔm,i.ðɔm,uðɔm,iðɔm
u.ðɔn,i.ðɔn,uðɔn,iðɔn
u.ðɔŋ,i.ðɔŋ,uðɔŋ,iðɔŋ
u.ðɔp,i.ðɔp,uðɔp,iðɔp
u.ðɔt,i.ðɔt,uðɔt,iðɔt
u.ðɔk,i.ðɔk,uðɔk,iðɔk
u.ðɔb,i.ðɔb,uðɔb,iðɔb
u.ðɔd,i.ðɔd,uðɔd,iðɔd
u.ðɔg,i.ðɔg,uðɔg,iðɔg
u.ðɔf,i.ðɔf,uðɔf,iðɔf
u.ðɔs,i.ðɔs,uðɔs,iðɔs
u.ðɔv,i.ðɔv,uðɔv,iðɔv
u.ðɔz,i.ðɔz,uðɔz,iðɔz
u.ðɔʃ,i.ðɔʃ,uðɔʃ,iðɔʃ
u.ðɔʒ,i.ðɔʒ,uðɔʒ,iðɔʒ
u.ðɔθ,i.ðɔθ,uðɔθ,iðɔθ
u.ðɔð,i.ðɔð,uðɔð,iðɔð
u.hɔm,i.hɔm,uhɔm,ihɔm
u.hɔn,i.hɔn,uhɔn,ihɔn
u.hɔŋ,i.hɔŋ,uhɔŋ,ihɔŋ
u.hɔp,i.hɔp,uhɔp,ihɔp
u.hɔt,i.hɔt,uhɔt,ihɔt
u.hɔk,i.hɔk,uhɔk,ihɔk
u.hɔb,i.hɔb,uhɔb,ihɔb
u.hɔd,i.hɔd,uhɔd,ihɔd
u.hɔg,i.hɔg,uhɔg,ihɔg
u.hɔf,i.hɔf,uhɔf,ihɔf
u.hɔs,i.hɔs,uhɔs,ihɔs
u.hɔv,i.hɔv,uhɔv,ihɔv
u.hɔz,i.hɔz,uhɔz,ihɔz
u.hɔʃ,i.hɔʃ,uhɔʃ,ihɔʃ
u.hɔʒ,i.hɔʒ,uhɔʒ,ihɔʒ
u.hɔθ,i.hɔθ,uhɔθ,ihɔθ
u.hɔð,i.hɔð,uhɔð,ihɔð
o.mɪm,e.mɪm,omɪm,emɪm
o.mɪn,e.mɪn,omɪn,emɪn
o.mɪŋ,e.mɪŋ,omɪŋ,emɪŋ
o.mɪp,e.mɪp,omɪp,emɪp
o.mɪt,e.mɪt,omɪt,emɪt
o.mɪk,e.mɪk,omɪk,emɪk
o.mɪb,e.mɪb,omɪb,emɪb
o.mɪd,e.mɪd,omɪd,emɪd
o.mɪg,e.mɪg,omɪg,emɪg
o.mɪf,e.mɪf,omɪf,emɪf
o.mɪs,e.mɪs,omɪs,emɪs
o.mɪv,e.mɪv,omɪv,emɪv
o.mɪz,e.mɪz,omɪz,emɪz
o.mɪʃ,e.mɪʃ,omɪʃ,emɪʃ
o.mɪʒ,e.mɪʒ,omɪʒ,emɪʒ
o.mɪθ,e.mɪθ,omɪθ,emɪθ
o.mɪð,e.mɪð,omɪð,emɪð
o.nɪm,e.nɪm,onɪm,enɪm
o.nɪn,e.nɪn,onɪn,enɪn
o.nɪŋ,e.nɪŋ,onɪŋ,enɪŋ
o.nɪp,e.nɪp,onɪp,enɪp
o.nɪt,e.nɪt,onɪt,enɪt
o.nɪk,e.nɪk,onɪk,enɪk
o.nɪb,e.nɪb,onɪb,enɪb
o.nɪd,e.nɪd,onɪd,enɪd
o.nɪg,e.nɪg,onɪg,enɪg
o.nɪf,e.nɪf,onɪf,enɪf
o.nɪs,e.nɪs,onɪs,enɪs
o.nɪv,e.nɪv,onɪv,enɪv
o.nɪz,e.nɪz,onɪz,enɪz
o.nɪʃ,e.nɪʃ,onɪʃ,enɪʃ
o.nɪʒ,e.nɪʒ,onɪʒ,enɪʒ
o.nɪθ,e.nɪθ,onɪθ,enɪθ
o.nɪð,e.nɪð,onɪð,enɪð
o.pɪm,e.pɪm,opɪm,epɪm
o.pɪn,e.pɪn,opɪn,epɪn
o.pɪŋ,e.pɪŋ,opɪŋ,epɪŋ
o.pɪp,e.pɪp,opɪp,epɪp
o.pɪt,e.pɪt,opɪt,epɪt
o.pɪk,e.pɪk,opɪk,epɪk
o.pɪb,e.pɪb,opɪb,epɪb
o.pɪd,e.pɪd,opɪd,epɪd
o.pɪg,e.pɪg,opɪg,epɪg
o.pɪf,e.pɪf,opɪf,epɪf
o.pɪs,e.pɪs,opɪs,epɪs
o.pɪv,e.pɪv,opɪv,epɪv
o.pɪz,e.pɪz,opɪz,epɪz
o.pɪʃ,e.pɪʃ,opɪʃ,epɪʃ
o.pɪʒ,e.pɪʒ,opɪʒ,epɪʒ
o.pɪθ,e.pɪθ,opɪθ,epɪθ
o.pɪð,e.pɪð,opɪð,epɪð
o.tɪm,e.tɪm,otɪm,etɪm
o.tɪn,e.tɪn,otɪn,etɪn
o.tɪŋ,e.tɪŋ,otɪŋ,etɪŋ
o.tɪp,e.tɪp,otɪp,etɪp
o.tɪt,e.tɪt,otɪt,etɪt
o.tɪk,e.tɪk,otɪk,etɪk
o.tɪb,e.tɪb,otɪb,etɪb
o.tɪd,e.tɪd,otɪd,etɪd
o.tɪg,e.tɪg,otɪg,etɪg
o.tɪf,e.tɪf,otɪf,etɪf
o.tɪs,e.tɪs,otɪs,etɪs
o.tɪv,e.tɪv,otɪv,etɪv
o.tɪz,e.tɪz,otɪz,etɪz
o.tɪʃ,e.tɪʃ,otɪʃ,etɪʃ
o.tɪʒ,e.tɪʒ,otɪʒ,etɪʒ
o.tɪθ,e.tɪθ,otɪθ,etɪθ
o.tɪð,e.tɪð,otɪð,etɪð
o.kɪm,e.kɪm,okɪm,ekɪm
o.kɪn,e.kɪn,okɪn,ekɪn
o.kɪŋ,e.kɪŋ,okɪŋ,ekɪŋ
o.kɪp,e.kɪp,okɪp,ekɪp
o.kɪt,e.kɪt,okɪt,ekɪt
o.kɪk,e.kɪk,okɪk,ekɪk
o.kɪb,e.kɪb,okɪb,ekɪb
o.kɪd,e.kɪd,okɪd,ekɪd
o.kɪg,e.kɪg,okɪg,ekɪg
o.kɪf,e.kɪf,okɪf,ekɪf
o.kɪs,e.kɪs,okɪs,ekɪs
o.kɪv,e.kɪv,okɪv,ekɪv
o.kɪz,e.kɪz,okɪz,ekɪz
o.kɪʃ,e.kɪʃ,okɪʃ,ekɪʃ
o.kɪʒ,e.kɪʒ,okɪʒ,ekɪʒ
o.kɪθ,e.kɪθ,okɪθ,ekɪθ
o.kɪð,e.kɪð,okɪð,ekɪð
o.bɪm,e.bɪm,obɪm,ebɪm
o.bɪn,e.bɪn,obɪn,ebɪn
o.bɪŋ,e.bɪŋ,obɪŋ,ebɪŋ
o.bɪp,e.bɪp,obɪp,ebɪp
o.bɪt,e.bɪt,obɪt,ebɪt
o.bɪk,e.bɪk,obɪk,ebɪk
o.bɪb,e.bɪb,obɪb,ebɪb
o.bɪd,e.bɪd,obɪd,ebɪd
o.bɪg,e.bɪg,obɪg,ebɪg
o.bɪf,e.bɪf,obɪf,ebɪf
o.bɪs,e.bɪs,obɪs,ebɪs
o.bɪv,e.bɪv,obɪv,ebɪv
o.bɪz,e.bɪz,obɪz,ebɪz
o.bɪʃ,e.bɪʃ,obɪʃ,ebɪʃ
o.bɪʒ,e.bɪʒ,obɪʒ,ebɪʒ
o.bɪθ,e.bɪθ,obɪθ,ebɪθ
o.bɪð,e.bɪð,obɪð,ebɪð
o.dɪm,e.dɪm,odɪm,edɪm
o.dɪn,e.dɪn,odɪn,edɪn
o.dɪŋ,e.dɪŋ,odɪŋ,edɪŋ
o.dɪp,e.dɪp,odɪp,edɪp
o.dɪt,e.dɪt,odɪt,edɪt
o.dɪk,e.dɪk,odɪk,edɪk
o.dɪb,e.dɪb,odɪb,edɪb
o.dɪd,e.dɪd,odɪd,edɪd
o.dɪg,e.dɪg,odɪg,edɪg
o.dɪf,e.dɪf,odɪf,edɪf
o.dɪs,e.dɪs,odɪs,edɪs
o.dɪv,e.dɪv,odɪv,edɪv
o.dɪz,e.dɪz,odɪz,edɪz
o.dɪʃ,e.dɪʃ,odɪʃ,edɪʃ
o.dɪʒ,e.dɪʒ,odɪʒ,edɪʒ
o.dɪθ,e.dɪθ,odɪθ,edɪθ
o.dɪð,e.dɪð,odɪð,edɪð
o.gɪm,e.gɪm,ogɪm,egɪm
o.gɪn,e.gɪn,ogɪn,egɪn
o.gɪŋ,e.gɪŋ,ogɪŋ,egɪŋ
o.gɪp,e.gɪp,ogɪp,egɪp
o.gɪt,e.gɪt,ogɪt,egɪt
o.gɪk,e.gɪk,ogɪk,egɪk
o.gɪb,e.gɪb,ogɪb,egɪb
o.gɪd,e.gɪd,ogɪd,egɪd
o.gɪg,e.gɪg,ogɪg,egɪg
o.gɪf,e.gɪf,ogɪf,egɪf
o.gɪs,e.gɪs,ogɪs,egɪs
o.gɪv,e.gɪv,ogɪv,egɪv
o.gɪz,e.gɪz,ogɪz,egɪz
o.gɪʃ,e.gɪʃ,ogɪʃ,egɪʃ
o.gɪʒ,e.gɪʒ,ogɪʒ,egɪʒ
o.gɪθ,e.gɪθ,ogɪθ,egɪθ
o.gɪð,e.gɪð,ogɪð,egɪð
o.fɪm,e.fɪm,ofɪm,efɪm
o.fɪn,e.fɪn,ofɪn,efɪn
o.fɪŋ,e.fɪŋ,ofɪŋ,efɪŋ
o.fɪp,e.fɪp,ofɪp,efɪp
o.fɪt,e.fɪt,ofɪt,efɪt
o.fɪk,e.fɪk,ofɪk,efɪk
o.fɪb,e.fɪb,ofɪb,efɪb
o.fɪd,e.fɪd,ofɪd,efɪd
o.fɪg,e.fɪg,ofɪg,efɪg
o.fɪf,e.fɪf,ofɪf,efɪf
o.fɪs,e.fɪs,ofɪs,efɪs
o.fɪv,e.fɪv,ofɪv,efɪv
o.fɪz,e.fɪz,ofɪz,efɪz
o.fɪʃ,e.fɪʃ,ofɪʃ,efɪʃ
o.fɪʒ,e.fɪʒ,ofɪʒ,efɪʒ
o.fɪθ,e.fɪθ,ofɪθ,efɪθ
o.fɪð,e.fɪð,ofɪð,efɪð
o.sɪm,e.sɪm,osɪm,esɪm
o.sɪn,e.sɪn,osɪn,esɪn
o.sɪŋ,e.sɪŋ,osɪŋ,esɪŋ
o.sɪp,e.sɪp,osɪp,esɪp
o.sɪt,e.sɪt,osɪt,esɪt
o.sɪk,e.sɪk,osɪk,esɪk
o.sɪb,e.sɪb,osɪb,esɪb
o.sɪd,e.sɪd,osɪd,esɪd
o.sɪg,e.sɪg,osɪg,esɪg
o.sɪf,e.sɪf,osɪf,esɪf
o.sɪs,e.sɪs,osɪs,esɪs
o.sɪv,e.sɪv,osɪv,esɪv
o.sɪz,e.sɪz,osɪz,esɪz
o.sɪʃ,e.sɪʃ,osɪʃ,esɪʃ
o.sɪʒ,e.sɪʒ,osɪʒ,esɪʒ
o.sɪθ,e.sɪθ,osɪθ,esɪθ
o.sɪð,e.sɪð,osɪð,esɪð
o.vɪm,e.vɪm,ovɪm,evɪm
o.vɪn,e.vɪn,ovɪn,evɪn
o.vɪŋ,e.vɪŋ,ovɪŋ,evɪŋ
o.vɪp,e.vɪp,ovɪp,evɪp
o.vɪt,e.vɪt,ovɪt,evɪt
o.vɪk,e.vɪk,ovɪk,evɪk
o.vɪb,e.vɪb,ovɪb,evɪb
o.vɪd,e.vɪd,ovɪd,evɪd
o.vɪg,e.vɪg,ovɪg,evɪg
o.vɪf,e.vɪf,ovɪf,evɪf
o.vɪs,e.vɪs,ovɪs,evɪs
o.vɪv,e.vɪv,ovɪv,evɪv
o.vɪz,e.vɪz,ovɪz,evɪz
o.vɪʃ,e.vɪʃ,ovɪʃ,evɪʃ
o.vɪʒ,e.vɪʒ,ovɪʒ,evɪʒ
o.vɪθ,e.vɪθ,ovɪθ,evɪθ
o.vɪð,e.vɪð,ovɪð,evɪð
o.zɪm,e.zɪm,ozɪm,ezɪm
o.zɪn,e.zɪn,ozɪn,ezɪn
o.zɪŋ,e.zɪŋ,ozɪŋ,ezɪŋ
o.zɪp,e.zɪp,ozɪp,ezɪp
o.zɪt,e.zɪt,ozɪt,ezɪt
o.zɪk,e.zɪk,ozɪk,ezɪk
o.zɪb,e.zɪb,ozɪb,ezɪb
o.zɪd,e.zɪd,ozɪd,ezɪd
o.zɪg,e.zɪg,ozɪg,ezɪg
o.zɪf,e.zɪf,ozɪf,ezɪf
o.zɪs,e.zɪs,ozɪs,ezɪs
o.zɪv,e.zɪv,ozɪv,ezɪv
o.zɪz,e.zɪz,ozɪz,ezɪz
o.zɪʃ,e.zɪʃ,ozɪʃ,ezɪʃ
o.zɪʒ,e.zɪʒ,ozɪʒ,ezɪʒ
o.zɪθ,e.zɪθ,ozɪθ,ezɪθ
o.zɪð,e.zɪð,ozɪð,ezɪð
o.ʃɪm,e.ʃɪm,oʃɪm,eʃɪm
o.ʃɪn,e.ʃɪn,oʃɪn,eʃɪn
o.ʃɪŋ,e.ʃɪŋ,oʃɪŋ,eʃɪŋ
o.ʃɪp,e.ʃɪp,oʃɪp,eʃɪp
o.ʃɪt,e.ʃɪt,oʃɪt,eʃɪt
o.ʃɪk,e.ʃɪk,oʃɪk,eʃɪk
o.ʃɪb,e.ʃɪb,oʃɪb,eʃɪb
o.ʃɪd,e.ʃɪd,oʃɪd,eʃɪd
o.ʃɪg,e.ʃɪg,oʃɪg,eʃɪg
o.ʃɪf,e.ʃɪf,oʃɪf,eʃɪf
o.ʃɪs,e.ʃɪs,oʃɪs,eʃɪs
o.ʃɪv,e.ʃɪv,oʃɪv,eʃɪv
o.ʃɪz,e.ʃɪz,oʃɪz,eʃɪz
o.ʃɪʃ,e.ʃɪʃ,oʃɪʃ,eʃɪʃ
o.ʃɪʒ,e.ʃɪʒ,oʃɪʒ,eʃɪʒ
o.ʃɪθ,e.ʃɪθ,oʃɪθ,eʃɪθ
o.ʃɪð,e.ʃɪð,oʃɪð,eʃɪð
o.ʒɪm,e.ʒɪm,oʒɪm,eʒɪm
o.ʒɪn,e.ʒɪn,oʒɪn,eʒɪn
o.ʒɪŋ,e.ʒɪŋ,oʒɪŋ,eʒɪŋ
o.ʒɪp,e.ʒɪp,oʒɪp,eʒɪp
o.ʒɪt,e.ʒɪt,oʒɪt,eʒɪt
o.ʒɪk,e.ʒɪk,oʒɪk,eʒɪk
o.ʒɪb,e.ʒɪb,oʒɪb,eʒɪb
o.ʒɪd,e.ʒɪd,oʒɪd,eʒɪd
o.ʒɪg,e.ʒɪg,oʒɪg,eʒɪg
o.ʒɪf,e.ʒɪf,oʒɪf,eʒɪf
o.ʒɪs,e.ʒɪs,oʒɪs,eʒɪs
o.ʒɪv,e.ʒɪv,oʒɪv,eʒɪv
o.ʒɪz,e.ʒɪz,oʒɪz,eʒɪz
o.ʒɪʃ,e.ʒɪʃ,oʒɪʃ,eʒɪʃ
o.ʒɪʒ,e.ʒɪʒ,oʒɪʒ,eʒɪʒ
o.ʒɪθ,e.ʒɪθ,oʒɪθ,eʒɪθ
o.ʒɪð,e.ʒɪð,oʒɪð,eʒɪð
o.θɪm,e.θɪm,oθɪm,eθɪm
o.θɪn,e.θɪn,oθɪn,eθɪn
o.θɪŋ,e.θɪŋ,oθɪŋ,eθɪŋ
o.θɪp,e.θɪp,oθɪp,eθɪp
o.θɪt,e.θɪt,oθɪt,eθɪt
o.θɪk,e.θɪk,oθɪk,eθɪk
o.θɪb,e.θɪb,oθɪb,eθɪb
o.θɪd,e.θɪd,oθɪd,eθɪd
o.θɪg,e.θɪg,oθɪg,eθɪg
o.θɪf,e.θɪf,oθɪf,eθɪf
o.θɪs,e.θɪs,oθɪs,eθɪs
o.θɪv,e.θɪv,oθɪv,eθɪv
o.θɪz,e.θɪz,oθɪz,eθɪz
o.θɪʃ,e.θɪʃ,oθɪʃ,eθɪʃ
o.θɪʒ,e.θɪʒ,oθɪʒ,eθɪʒ
o.θɪθ,e.θɪθ,oθɪθ,eθɪθ
o.θɪð,e.θɪð,oθɪð,eθɪð
o.ðɪm,e.ðɪm,oðɪm,eðɪm
o.ðɪn,e.ðɪn,oðɪn,eðɪn
o.ðɪŋ,e.ðɪŋ,oðɪŋ,eðɪŋ
o.ðɪp,e.ðɪp,oðɪp,eðɪp
o.ðɪt,e.ðɪt,oðɪt,eðɪt
o.ðɪk,e.ðɪk,oðɪk,eðɪk
o.ðɪb,e.ðɪb,oðɪb,eðɪb
o.ðɪd,e.ðɪd,oðɪd,eðɪd
o.ðɪg,e.ðɪg,oðɪg,eðɪg
o.ðɪf,e.ðɪf,oðɪf,eðɪf
o.ðɪs,e.ðɪs,oðɪs,eðɪs
o.ðɪv,e.ðɪv,oðɪv,eðɪv
o.ðɪz,e.ðɪz,oðɪz,eðɪz
o.ðɪʃ,e.ðɪʃ,oðɪʃ,eðɪʃ
o.ðɪʒ,e.ðɪʒ,oðɪʒ,eðɪʒ
o.ðɪθ,e.ðɪθ,oðɪθ,eðɪθ
o.ðɪð,e.ðɪð,oðɪð,eðɪð
o.hɪm,e.hɪm,ohɪm,ehɪm
o.hɪn,e.hɪn,ohɪn,ehɪn
o.hɪŋ,e.hɪŋ,ohɪŋ,ehɪŋ
o.hɪp,e.hɪp,ohɪp,ehɪp
o.hɪt,e.hɪt,ohɪt,ehɪt
o.hɪk,e.hɪk,ohɪk,ehɪk
o.hɪb,e.hɪb,ohɪb,ehɪb
o.hɪd,e.hɪd,ohɪd,ehɪd
o.hɪg,e.hɪg,ohɪg,ehɪg
o.hɪf,e.hɪf,ohɪf,ehɪf
o.hɪs,e.hɪs,ohɪs,ehɪs
o.hɪv,e.hɪv,ohɪv,ehɪv
o.hɪz,e.hɪz,ohɪz,ehɪz
o.hɪʃ,e.hɪʃ,ohɪʃ,ehɪʃ
o.hɪʒ,e.hɪʒ,ohɪʒ,ehɪʒ
o.hɪθ,e.hɪθ,ohɪθ,ehɪθ
o.hɪð,e.hɪð,ohɪð,ehɪð
o.mɛm,e.mɛm,omɛm,emɛm
o.mɛn,e.mɛn,omɛn,emɛn
o.mɛŋ,e.mɛŋ,omɛŋ,emɛŋ
o.mɛp,e.mɛp,omɛp,emɛp
o.mɛt,e.mɛt,omɛt,emɛt
o.mɛk,e.mɛk,omɛk,emɛk
o.mɛb,e.mɛb,omɛb,emɛb
o.mɛd,e.mɛd,omɛd,emɛd
o.mɛg,e.mɛg,omɛg,emɛg
o.mɛf,e.mɛf,omɛf,emɛf
o.mɛs,e.mɛs,omɛs,emɛs
o.mɛv,e.mɛv,omɛv,emɛv
o.mɛz,e.mɛz,omɛz,emɛz
o.mɛʃ,e.mɛʃ,omɛʃ,emɛʃ
o.mɛʒ,e.mɛʒ,omɛʒ,emɛʒ
o.mɛθ,e.mɛθ,omɛθ,emɛθ
o.mɛð,e.mɛð,omɛð,emɛð
o.nɛm,e.nɛm,onɛm,enɛm
o.nɛn,e.nɛn,onɛn,enɛn
o.nɛŋ,e.nɛŋ,onɛŋ,enɛŋ
o.nɛp,e.nɛp,onɛp,enɛp
o.nɛt,e.nɛt,onɛt,enɛt
o.nɛk,e.nɛk,onɛk,enɛk
o.nɛb,e.nɛb,onɛb,enɛb
o.nɛd,e.nɛd,onɛd,enɛd
o.nɛg,e.nɛg,onɛg,enɛg
o.nɛf,e.nɛf,onɛf,enɛf
o.nɛs,e.nɛs,onɛs,enɛs
o.nɛv,e.nɛv,onɛv,enɛv
o.nɛz,e.nɛz,onɛz,enɛz
o.nɛʃ,e.nɛʃ,onɛʃ,enɛʃ
o.nɛʒ,e.nɛʒ,onɛʒ,enɛʒ
o.nɛθ,e.nɛθ,onɛθ,enɛθ
o.nɛð,e.nɛð,onɛð,enɛð
o.pɛm,e.pɛm,opɛm,epɛm
o.pɛn,e.pɛn,opɛn,epɛn
o.pɛŋ,e.pɛŋ,opɛŋ,epɛŋ
o.pɛp,e.pɛp,opɛp,epɛp
o.pɛt,e.pɛt,opɛt,epɛt
o.pɛk,e.pɛk,opɛk,epɛk
o.pɛb,e.pɛb,opɛb,epɛb
o.pɛd,e.pɛd,opɛd,epɛd
o.pɛg,e.pɛg,opɛg,epɛg
o.pɛf,e.pɛf,opɛf,epɛf
o.pɛs,e.pɛs,opɛs,epɛs
o.pɛv,e.pɛv,opɛv,epɛv
o.pɛz,e.pɛz,opɛz,epɛz
o.pɛʃ,e.pɛʃ,opɛʃ,epɛʃ
o.pɛʒ,e.pɛʒ,opɛʒ,epɛʒ
o.pɛθ,e.pɛθ,opɛθ,epɛθ
o.pɛð,e.pɛð,opɛð,epɛð
o.tɛm,e.tɛm,otɛm,etɛm
o.tɛn,e.tɛn,otɛn,etɛn
o.tɛŋ,e.tɛŋ,otɛŋ,etɛŋ
o.tɛp,e.tɛp,otɛp,etɛp
o.tɛt,e.tɛt,otɛt,etɛt
o.tɛk,e.tɛk,otɛk,etɛk
o.tɛb,e.tɛb,otɛb,etɛb
o.tɛd,e.tɛd,otɛd,etɛd
o.tɛg,e.tɛg,otɛg,etɛg
o.tɛf,e.tɛf,otɛf,etɛf
o.tɛs,e.tɛs,otɛs,etɛs
o.tɛv,e.tɛv,otɛv,etɛv
o.tɛz,e.tɛz,otɛz,etɛz
o.tɛʃ,e.tɛʃ,otɛʃ,etɛʃ
o.tɛʒ,e.tɛʒ,otɛʒ,etɛʒ
o.tɛθ,e.tɛθ,otɛθ,etɛθ
o.tɛð,e.tɛð,otɛð,etɛð
o.kɛm,e.kɛm,okɛm,ekɛm
o.kɛn,e.kɛn,okɛn,ekɛn
o.kɛŋ,e.kɛŋ,okɛŋ,ekɛŋ
o.kɛp,e.kɛp,okɛp,ekɛp
o.kɛt,e.kɛt,okɛt,ekɛt
o.kɛk,e.kɛk,okɛk,ekɛk
o.kɛb,e.kɛb,okɛb,ekɛb
o.kɛd,e.kɛd,okɛd,ekɛd
o.kɛg,e.kɛg,okɛg,ekɛg
o.kɛf,e.kɛf,okɛf,ekɛf
o.kɛs,e.kɛs,okɛs,ekɛs
o.kɛv,e.kɛv,okɛv,ekɛv
o.kɛz,e.kɛz,okɛz,ekɛz
o.kɛʃ,e.kɛʃ,okɛʃ,ekɛʃ
o.kɛʒ,e.kɛʒ,okɛʒ,ekɛʒ
o.kɛθ,e.kɛθ,okɛθ,ekɛθ
o.kɛð,e.kɛð,okɛð,ekɛð
o.bɛm,e.bɛm,obɛm,ebɛm
o.bɛn,e.bɛn,obɛn,ebɛn
o.bɛŋ,e.bɛŋ,obɛŋ,ebɛŋ
o.bɛp,e.bɛp,obɛp,ebɛp
o.bɛt,e.bɛt,obɛt,ebɛt
o.bɛk,e.bɛk,obɛk,ebɛk
o.bɛb,e.bɛb,obɛb,ebɛb
o.bɛd,e.bɛd,obɛd,ebɛd
o.bɛg,e.bɛg,obɛg,ebɛg
o.bɛf,e.bɛf,obɛf,ebɛf
o.bɛs,e.bɛs,obɛs,ebɛs
o.bɛv,e.bɛv,obɛv,ebɛv
o.bɛz,e.bɛz,obɛz,ebɛz
o.bɛʃ,e.bɛʃ,obɛʃ,ebɛʃ
o.bɛʒ,e.bɛʒ,obɛʒ,ebɛʒ
o.bɛθ,e.bɛθ,obɛθ,ebɛθ
o.bɛð,e.bɛð,obɛð,ebɛð
o.dɛm,e.dɛm,odɛm,edɛm
o.dɛn,e.dɛn,odɛn,edɛn
o.dɛŋ,e.dɛŋ,odɛŋ,edɛŋ
o.dɛp,e.dɛp,odɛp,edɛp
o.dɛt,e.dɛt,odɛt,edɛt
o.dɛk,e.dɛk,odɛk,edɛk
o.dɛb,e.dɛb,odɛb,edɛb
o.dɛd,e.dɛd,odɛd,edɛd
o.dɛg,e.dɛg,odɛg,edɛg
o.dɛf,e.dɛf,odɛf,edɛf
o.dɛs,e.dɛs,odɛs,edɛs
o.dɛv,e.dɛv,odɛv,edɛv
o.dɛz,e.dɛz,odɛz,edɛz
o.dɛʃ,e.dɛʃ,odɛʃ,edɛʃ
o.dɛʒ,e.dɛʒ,odɛʒ,edɛʒ
o.dɛθ,e.dɛθ,odɛθ,edɛθ
o.dɛð,e.dɛð,odɛð,edɛð
o.gɛm,e.gɛm,ogɛm,egɛm
o.gɛn,e.gɛn,ogɛn,egɛn
o.gɛŋ,e.gɛŋ,ogɛŋ,egɛŋ
o.gɛp,e.gɛp,ogɛp,egɛp
o.gɛt,e.gɛt,ogɛt,egɛt
o.gɛk,e.gɛk,ogɛk,egɛk
o.gɛb,e.gɛb,ogɛb,egɛb
o.gɛd,e.gɛd,ogɛd,egɛd
o.gɛg,e.gɛg,ogɛg,egɛg
o.gɛf,e.gɛf,ogɛf,egɛf
o.gɛs,e.gɛs,ogɛs,egɛs
o.gɛv,e.gɛv,ogɛv,egɛv
o.gɛz,e.gɛz,ogɛz,egɛz
o.gɛʃ,e.gɛʃ,ogɛʃ,egɛʃ
o.gɛʒ,e.gɛʒ,ogɛʒ,egɛʒ
o.gɛθ,e.gɛθ,ogɛθ,egɛθ
o.gɛð,e.gɛð,ogɛð,egɛð
o.fɛm,e.fɛm,ofɛm,efɛm
o.fɛn,e.fɛn,ofɛn,efɛn
o.fɛŋ,e.fɛŋ,ofɛŋ,efɛŋ
o.fɛp,e.fɛp,ofɛp,efɛp
o.fɛt,e.fɛt,ofɛt,efɛt
o.fɛk,e.fɛk,ofɛk,efɛk
o.fɛb,e.fɛb,ofɛb,efɛb
o.fɛd,e.fɛd,ofɛd,efɛd
o.fɛg,e.fɛg,ofɛg,efɛg
o.fɛf,e.fɛf,ofɛf,efɛf
o.fɛs,e.fɛs,ofɛs,efɛs
o.fɛv,e.fɛv,ofɛv,efɛv
o.fɛz,e.fɛz,ofɛz,efɛz
o.fɛʃ,e.fɛʃ,ofɛʃ,efɛʃ
o.fɛʒ,e.fɛʒ,ofɛʒ,efɛʒ
o.fɛθ,e.fɛθ,ofɛθ,efɛθ
o.fɛð,e.fɛð,ofɛð,efɛð
o.sɛm,e.sɛm,osɛm,esɛm
o.sɛn,e.sɛn,osɛn,esɛn
o.sɛŋ,e.sɛŋ,osɛŋ,esɛŋ
o.sɛp,e.sɛp,osɛp,esɛp
o.sɛt,e.sɛt,osɛt,esɛt
o.sɛk,e.sɛk,osɛk,esɛk
o.sɛb,e.sɛb,osɛb,esɛb
o.sɛd,e.sɛd,osɛd,esɛd
o.sɛg,e.sɛg,osɛg,esɛg
o.sɛf,e.sɛf,osɛf,esɛf
o.sɛs,e.sɛs,osɛs,esɛs
o.sɛv,e.sɛv,osɛv,esɛv
o.sɛz,e.sɛz,osɛz,esɛz
o.sɛʃ,e.sɛʃ,osɛʃ,esɛʃ
o.sɛʒ,e.sɛʒ,osɛʒ,esɛʒ
o.sɛθ,e.sɛθ,osɛθ,esɛθ
o.sɛð,e.sɛð,osɛð,esɛð
o.vɛm,e.vɛm,ovɛm,evɛm
o.vɛn,e.vɛn,ovɛn,evɛn
o.vɛŋ,e.vɛŋ,ovɛŋ,evɛŋ
o.vɛp,e.vɛp,ovɛp,evɛp
o.vɛt,e.vɛt,ovɛt,evɛt
o.vɛk,e.vɛk,ovɛk,evɛk
o.vɛb,e.vɛb,ovɛb,evɛb
o.vɛd,e.vɛd,ovɛd,evɛd
o.vɛg,e.vɛg,ovɛg,evɛg
o.vɛf,e.vɛf,ovɛf,evɛf
o.vɛs,e.vɛs,ovɛs,evɛs
o.vɛv,e.vɛv,ovɛv,evɛv
o.vɛz,e.vɛz,ovɛz,evɛz
o.vɛʃ,e.vɛʃ,ovɛʃ,evɛʃ
o.vɛʒ,e.vɛʒ,ovɛʒ,evɛʒ
o.vɛθ,e.vɛθ,ovɛθ,evɛθ
o.vɛð,e.vɛð,ovɛð,evɛð
o.zɛm,e.zɛm,ozɛm,ezɛm
o.zɛn,e.zɛn,ozɛn,ezɛn
o.zɛŋ,e.zɛŋ,ozɛŋ,ezɛŋ
o.zɛp,e.zɛp,ozɛp,ezɛp
o.zɛt,e.zɛt,ozɛt,ezɛt
o.zɛk,e.zɛk,ozɛk,ezɛk
o.zɛb,e.zɛb,ozɛb,ezɛb
o.zɛd,e.zɛd,ozɛd,ezɛd
o.zɛg,e.zɛg,ozɛg,ezɛg
o.zɛf,e.zɛf,ozɛf,ezɛf
o.zɛs,e.zɛs,ozɛs,ezɛs
o.zɛv,e.zɛv,ozɛv,ezɛv
o.zɛz,e.zɛz,ozɛz,ezɛz
o.zɛʃ,e.zɛʃ,ozɛʃ,ezɛʃ
o.zɛʒ,e.zɛʒ,ozɛʒ,ezɛʒ
o.zɛθ,e.zɛθ,ozɛθ,ezɛθ
o.zɛð,e.zɛð,ozɛð,ezɛð
o.ʃɛm,e.ʃɛm,oʃɛm,eʃɛm
o.ʃɛn,e.ʃɛn,oʃɛn,eʃɛn
o.ʃɛŋ,e.ʃɛŋ,oʃɛŋ,eʃɛŋ
o.ʃɛp,e.ʃɛp,oʃɛp,eʃɛp
o.ʃɛt,e.ʃɛt,oʃɛt,eʃɛt
o.ʃɛk,e.ʃɛk,oʃɛk,eʃɛk
o.ʃɛb,e.ʃɛb,oʃɛb,eʃɛb
o.ʃɛd,e.ʃɛd,oʃɛd,eʃɛd
o.ʃɛg,e.ʃɛg,oʃɛg,eʃɛg
o.ʃɛf,e.ʃɛf,oʃɛf,eʃɛf
o.ʃɛs,e.ʃɛs,oʃɛs,eʃɛs
o.ʃɛv,e.ʃɛv,oʃɛv,eʃɛv
o.ʃɛz,e.ʃɛz,oʃɛz,eʃɛz
o.ʃɛʃ,e.ʃɛʃ,oʃɛʃ,eʃɛʃ
o.ʃɛʒ,e.ʃɛʒ,oʃɛʒ,eʃɛʒ
o.ʃɛθ,e.ʃɛθ,oʃɛθ,eʃɛθ
o.ʃɛð,e.ʃɛð,oʃɛð,eʃɛð
o.ʒɛm,e.ʒɛm,oʒɛm,eʒɛm
o.ʒɛn,e.ʒɛn,oʒɛn,eʒɛn
o.ʒɛŋ,e.ʒɛŋ,oʒɛŋ,eʒɛŋ
o.ʒɛp,e.ʒɛp,oʒɛp,eʒɛp
o.ʒɛt,e.ʒɛt,oʒɛt,eʒɛt
o.ʒɛk,e.ʒɛk,oʒɛk,eʒɛk
o.ʒɛb,e.ʒɛb,oʒɛb,eʒɛb
o.ʒɛd,e.ʒɛd,oʒɛd,eʒɛd
o.ʒɛg,e.ʒɛg,oʒɛg,eʒɛg
o.ʒɛf,e.ʒɛf,oʒɛf,eʒɛf
o.ʒɛs,e.ʒɛs,oʒɛs,eʒɛs
o.ʒɛv,e.ʒɛv,oʒɛv,eʒɛv
o.ʒɛz,e.ʒɛz,oʒɛz,eʒɛz
o.ʒɛʃ,e.ʒɛʃ,oʒɛʃ,eʒɛʃ
o.ʒɛʒ,e.ʒɛʒ,oʒɛʒ,eʒɛʒ
o.ʒɛθ,e.ʒɛθ,oʒɛθ,eʒɛθ
o.ʒɛð,e.ʒɛð,oʒɛð,eʒɛð
o.θɛm,e.θɛm,oθɛm,eθɛm
o.θɛn,e.θɛn,oθɛn,eθɛn
o.θɛŋ,e.θɛŋ,oθɛŋ,eθɛŋ
o.θɛp,e.θɛp,oθɛp,eθɛp
o.θɛt,e.θɛt,oθɛt,eθɛt
o.θɛk,e.θɛk,oθɛk,eθɛk
o.θɛb,e.θɛb,oθɛb,eθɛb
o.θɛd,e.θɛd,oθɛd,eθɛd
o.θɛg,e.θɛg,oθɛg,eθɛg
o.θɛf,e.θɛf,oθɛf,eθɛf
o.θɛs,e.θɛs,oθɛs,eθɛs
o.θɛv,e.θɛv,oθɛv,eθɛv
o.θɛz,e.θɛz,oθɛz,eθɛz
o.θɛʃ,e.θɛʃ,oθɛʃ,eθɛʃ
o.θɛʒ,e.θɛʒ,oθɛʒ,eθɛʒ
o.θɛθ,e.θɛθ,oθɛθ,eθɛθ
o.θɛð,e.θɛð,oθɛð,eθɛð
o.ðɛm,e.ðɛm,oðɛm,eðɛm
o.ðɛn,e.ðɛn,oðɛn,eðɛn
o.ðɛŋ,e.ðɛŋ,oðɛŋ,eðɛŋ
o.ðɛp,e.ðɛp,oðɛp,eðɛp
o.ðɛt,e.ðɛt,oðɛt,eðɛt
o.ðɛk,e.ðɛk,oðɛk,eðɛk
o.ðɛb,e.ðɛb,oðɛb,eðɛb
o.ðɛd,e.ðɛd,oðɛd,eðɛd
o.ðɛg,e.ðɛg,oðɛg,eðɛg
o.ðɛf,e.ðɛf,oðɛf,eðɛf
o.ðɛs,e.ðɛs,oðɛs,eðɛs
o.ðɛv,e.ðɛv,oðɛv,eðɛv
o.ðɛz,e.ðɛz,oðɛz,eðɛz
o.ðɛʃ,e.ðɛʃ,oðɛʃ,eðɛʃ
o.ðɛʒ,e.ðɛʒ,oðɛʒ,eðɛʒ
o.ðɛθ,e.ðɛθ,oðɛθ,eðɛθ
o.ðɛð,e.ðɛð,oðɛð,eðɛð
o.hɛm,e.hɛm,ohɛm,ehɛm
o.hɛn,e.hɛn,ohɛn,ehɛn
o.hɛŋ,e.hɛŋ,ohɛŋ,ehɛŋ
o.hɛp,e.hɛp,ohɛp,ehɛp
o.hɛt,e.hɛt,ohɛt,ehɛt
o.hɛk,e.hɛk,ohɛk,ehɛk
o.hɛb,e.hɛb,ohɛb,ehɛb
o.hɛd,e.hɛd,ohɛd,ehɛd
o.hɛg,e.hɛg,ohɛg,ehɛg
o.hɛf,e.hɛf,ohɛf,ehɛf
o.hɛs,e.hɛs,ohɛs,ehɛs
o.hɛv,e.hɛv,ohɛv,ehɛv
o.hɛz,e.hɛz,ohɛz,ehɛz
o.hɛʃ,e.hɛʃ,ohɛʃ,ehɛʃ
o.hɛʒ,e.hɛʒ,ohɛʒ,ehɛʒ
o.hɛθ,e.hɛθ,ohɛθ,ehɛθ
o.hɛð,e.hɛð,ohɛð,ehɛð
o.mʊm,e.mʊm,omʊm,emʊm
o.mʊn,e.mʊn,omʊn,emʊn
o.mʊŋ,e.mʊŋ,omʊŋ,emʊŋ
o.mʊp,e.mʊp,omʊp,emʊp
o.mʊt,e.mʊt,omʊt,emʊt
o.mʊk,e.mʊk,omʊk,emʊk
o.mʊb,e.mʊb,omʊb,emʊb
o.mʊd,e.mʊd,omʊd,emʊd
o.mʊg,e.mʊg,omʊg,emʊg
o.mʊf,e.mʊf,omʊf,emʊf
o.mʊs,e.mʊs,omʊs,emʊs
o.mʊv,e.mʊv,omʊv,emʊv
o.mʊz,e.mʊz,omʊz,emʊz
o.mʊʃ,e.mʊʃ,omʊʃ,emʊʃ
o.mʊʒ,e.mʊʒ,omʊʒ,emʊʒ
o.mʊθ,e.mʊθ,omʊθ,emʊθ
o.mʊð,e.mʊð,omʊð,emʊð
o.nʊm,e.nʊm,onʊm,enʊm
o.nʊn,e.nʊn,onʊn,enʊn
o.nʊŋ,e.nʊŋ,onʊŋ,enʊŋ
o.nʊp,e.nʊp,onʊp,enʊp
o.nʊt,e.nʊt,onʊt,enʊt
o.nʊk,e.nʊk,onʊk,enʊk
o.nʊb,e.nʊb,onʊb,enʊb
o.nʊd,e.nʊd,onʊd,enʊd
o.nʊg,e.nʊg,onʊg,enʊg
o.nʊf,e.nʊf,onʊf,enʊf
o.nʊs,e.nʊs,onʊs,enʊs
o.nʊv,e.nʊv,onʊv,enʊv
o.nʊz,e.nʊz,onʊz,enʊz
o.nʊʃ,e.nʊʃ,onʊʃ,enʊʃ
o.nʊʒ,e.nʊʒ,onʊʒ,enʊʒ
o.nʊθ,e.nʊθ,onʊθ,enʊθ
o.nʊð,e.nʊð,onʊð,enʊð
o.pʊm,e.pʊm,opʊm,epʊm
o.pʊn,e.pʊn,opʊn,epʊn
o.pʊŋ,e.pʊŋ,opʊŋ,epʊŋ
o.pʊp,e.pʊp,opʊp,epʊp
o.pʊt,e.pʊt,opʊt,epʊt
o.pʊk,e.pʊk,opʊk,epʊk
o.pʊb,e.pʊb,opʊb,epʊb
o.pʊd,e.pʊd,opʊd,epʊd
o.pʊg,e.pʊg,opʊg,epʊg
o.pʊf,e.pʊf,opʊf,epʊf
o.pʊs,e.pʊs,opʊs,epʊs
o.pʊv,e.pʊv,opʊv,epʊv
o.pʊz,e.pʊz,opʊz,epʊz
o.pʊʃ,e.pʊʃ,opʊʃ,epʊʃ
o.pʊʒ,e.pʊʒ,opʊʒ,epʊʒ
o.pʊθ,e.pʊθ,opʊθ,epʊθ
o.pʊð,e.pʊð,opʊð,epʊð
o.tʊm,e.tʊm,otʊm,etʊm
o.tʊn,e.tʊn,otʊn,etʊn
o.tʊŋ,e.tʊŋ,otʊŋ,etʊŋ
o.tʊp,e.tʊp,otʊp,etʊp
o.tʊt,e.tʊt,otʊt,etʊt
o.tʊk,e.tʊk,otʊk,etʊk
o.tʊb,e.tʊb,otʊb,etʊb
o.tʊd,e.tʊd,otʊd,etʊd
o.tʊg,e.tʊg,otʊg,etʊg
o.tʊf,e.tʊf,otʊf,etʊf
o.tʊs,e.tʊs,otʊs,etʊs
o.tʊv,e.tʊv,otʊv,etʊv
o.tʊz,e.tʊz,otʊz,etʊz
o.tʊʃ,e.tʊʃ,otʊʃ,etʊʃ
o.tʊʒ,e.tʊʒ,otʊʒ,etʊʒ
o.tʊθ,e.tʊθ,otʊθ,etʊθ
o.tʊð,e.tʊð,otʊð,etʊð
o.kʊm,e.kʊm,okʊm,ekʊm
o.kʊn,e.kʊn,okʊn,ekʊn
o.kʊŋ,e.kʊŋ,okʊŋ,ekʊŋ
o.kʊp,e.kʊp,okʊp,ekʊp
o.kʊt,e.kʊt,okʊt,ekʊt
o.kʊk,e.kʊk,okʊk,ekʊk
o.kʊb,e.kʊb,okʊb,ekʊb
o.kʊd,e.kʊd,okʊd,ekʊd
o.kʊg,e.kʊg,okʊg,ekʊg
o.kʊf,e.kʊf,okʊf,ekʊf
o.kʊs,e.kʊs,okʊs,ekʊs
o.kʊv,e.kʊv,okʊv,ekʊv
o.kʊz,e.kʊz,okʊz,ekʊz
o.kʊʃ,e.kʊʃ,okʊʃ,ekʊʃ
o.kʊʒ,e.kʊʒ,okʊʒ,ekʊʒ
o.kʊθ,e.kʊθ,okʊθ,ekʊθ
o.kʊð,e.kʊð,okʊð,ekʊð
o.bʊm,e.bʊm,obʊm,ebʊm
o.bʊn,e.bʊn,obʊn,ebʊn
o.bʊŋ,e.bʊŋ,obʊŋ,ebʊŋ
o.bʊp,e.bʊp,obʊp,ebʊp
o.bʊt,e.bʊt,obʊt,ebʊt
o.bʊk,e.bʊk,obʊk,ebʊk
o.bʊb,e.bʊb,obʊb,ebʊb
o.bʊd,e.bʊd,obʊd,ebʊd
o.bʊg,e.bʊg,obʊg,ebʊg
o.bʊf,e.bʊf,obʊf,ebʊf
o.bʊs,e.bʊs,obʊs,ebʊs
o.bʊv,e.bʊv,obʊv,ebʊv
o.bʊz,e.bʊz,obʊz,ebʊz
o.bʊʃ,e.bʊʃ,obʊʃ,ebʊʃ
o.bʊʒ,e.bʊʒ,obʊʒ,ebʊʒ
o.bʊθ,e.bʊθ,obʊθ,ebʊθ
o.bʊð,e.bʊð,obʊð,ebʊð
o.dʊm,e.dʊm,odʊm,edʊm
o.dʊn,e.dʊn,odʊn,edʊn
o.dʊŋ,e.dʊŋ,odʊŋ,edʊŋ
o.dʊp,e.dʊp,odʊp,edʊp
o.dʊt,e.dʊt,odʊt,edʊt
o.dʊk,e.dʊk,odʊk,edʊk
o.dʊb,e.dʊb,odʊb,edʊb
o.dʊd,e.dʊd,odʊd,edʊd
o.dʊg,e.dʊg,odʊg,edʊg
o.dʊf,e.dʊf,odʊf,edʊf
o.dʊs,e.dʊs,odʊs,edʊs
o.dʊv,e.dʊv,odʊv,edʊv
o.dʊz,e.dʊz,odʊz,edʊz
o.dʊʃ,e.dʊʃ,odʊʃ,edʊʃ
o.dʊʒ,e.dʊʒ,odʊʒ,edʊʒ
o.dʊθ,e.dʊθ,odʊθ,edʊθ
o.dʊð,e.dʊð,odʊð,edʊð
o.gʊm,e.gʊm,ogʊm,egʊm
o.gʊn,e.gʊn,ogʊn,egʊn
o.gʊŋ,e.gʊŋ,ogʊŋ,egʊŋ
o.gʊp,e.gʊp,ogʊp,egʊp
o.gʊt,e.gʊt,ogʊt,egʊt
o.gʊk,e.gʊk,ogʊk,egʊk
o.gʊb,e.gʊb,ogʊb,egʊb
o.gʊd,e.gʊd,ogʊd,egʊd
o.gʊg,e.gʊg,ogʊg,egʊg
o.gʊf,e.gʊf,ogʊf,egʊf
o.gʊs,e.gʊs,ogʊs,egʊs
o.gʊv,e.gʊv,ogʊv,egʊv
o.gʊz,e.gʊz,ogʊz,egʊz
o.gʊʃ,e.gʊʃ,ogʊʃ,egʊʃ
o.gʊʒ,e.gʊʒ,ogʊʒ,egʊʒ
o.gʊθ,e.gʊθ,ogʊθ,egʊθ
o.gʊð,e.gʊð,ogʊð,egʊð
o.fʊm,e.fʊm,ofʊm,efʊm
o.fʊn,e.fʊn,ofʊn,efʊn
o.fʊŋ,e.fʊŋ,ofʊŋ,efʊŋ
o.fʊp,e.fʊp,ofʊp,efʊp
o.fʊt,e.fʊt,ofʊt,efʊt
o.fʊk,e.fʊk,ofʊk,efʊk
o.fʊb,e.fʊb,ofʊb,efʊb
o.fʊd,e.fʊd,ofʊd,efʊd
o.fʊg,e.fʊg,ofʊg,efʊg
o.fʊf,e.fʊf,ofʊf,efʊf
o.fʊs,e.fʊs,ofʊs,efʊs
o.fʊv,e.fʊv,ofʊv,efʊv
o.fʊz,e.fʊz,ofʊz,efʊz
o.fʊʃ,e.fʊʃ,ofʊʃ,efʊʃ
o.fʊʒ,e.fʊʒ,ofʊʒ,efʊʒ
o.fʊθ,e.fʊθ,ofʊθ,efʊθ
o.fʊð,e.fʊð,ofʊð,efʊð
o.sʊm,e.sʊm,osʊm,esʊm
o.sʊn,e.sʊn,osʊn,esʊn
o.sʊŋ,e.sʊŋ,osʊŋ,esʊŋ
o.sʊp,e.sʊp,osʊp,esʊp
o.sʊt,e.sʊt,osʊt,esʊt
o.sʊk,e.sʊk,osʊk,esʊk
o.sʊb,e.sʊb,osʊb,esʊb
o.sʊd,e.sʊd,osʊd,esʊd
o.sʊg,e.sʊg,osʊg,esʊg
o.sʊf,e.sʊf,osʊf,esʊf
o.sʊs,e.sʊs,osʊs,esʊs
o.sʊv,e.sʊv,osʊv,esʊv
o.sʊz,e.sʊz,osʊz,esʊz
o.sʊʃ,e.sʊʃ,osʊʃ,esʊʃ
o.sʊʒ,e.sʊʒ,osʊʒ,esʊʒ
o.sʊθ,e.sʊθ,osʊθ,esʊθ
o.sʊð,e.sʊð,osʊð,esʊð
o.vʊm,e.vʊm,ovʊm,evʊm
o.vʊn,e.vʊn,ovʊn,evʊn
o.vʊŋ,e.vʊŋ,ovʊŋ,evʊŋ
o.vʊp,e.vʊp,ovʊp,evʊp
o.vʊt,e.vʊt,ovʊt,evʊt
o.vʊk,e.vʊk,ovʊk,evʊk
o.vʊb,e.vʊb,ovʊb,evʊb
o.vʊd,e.vʊd,ovʊd,evʊd
o.vʊg,e.vʊg,ovʊg,evʊg
o.vʊf,e.vʊf,ovʊf,evʊf
o.vʊs,e.vʊs,ovʊs,evʊs
o.vʊv,e.vʊv,ovʊv,evʊv
o.vʊz,e.vʊz,ovʊz,evʊz
o.vʊʃ,e.vʊʃ,ovʊʃ,evʊʃ
o.vʊʒ,e.vʊʒ,ovʊʒ,evʊʒ
o.vʊθ,e.vʊθ,ovʊθ,evʊθ
o.vʊð,e.vʊð,ovʊð,evʊð
o.zʊm,e.zʊm,ozʊm,ezʊm
o.zʊn,e.zʊn,ozʊn,ezʊn
o.zʊŋ,e.zʊŋ,ozʊŋ,ezʊŋ
o.zʊp,e.zʊp,ozʊp,ezʊp
o.zʊt,e.zʊt,ozʊt,ezʊt
o.zʊk,e.zʊk,ozʊk,ezʊk
o.zʊb,e.zʊb,ozʊb,ezʊb
o.zʊd,e.zʊd,ozʊd,ezʊd
o.zʊg,e.zʊg,ozʊg,ezʊg
o.zʊf,e.zʊf,ozʊf,ezʊf
o.zʊs,e.zʊs,ozʊs,ezʊs
o.zʊv,e.zʊv,ozʊv,ezʊv
o.zʊz,e.zʊz,ozʊz,ezʊz
o.zʊʃ,e.zʊʃ,ozʊʃ,ezʊʃ
o.zʊʒ,e.zʊʒ,ozʊʒ,ezʊʒ
o.zʊθ,e.zʊθ,ozʊθ,ezʊθ
o.zʊð,e.zʊð,ozʊð,ezʊð
o.ʃʊm,e.ʃʊm,oʃʊm,eʃʊm
o.ʃʊn,e.ʃʊn,oʃʊn,eʃʊn
o.ʃʊŋ,e.ʃʊŋ,oʃʊŋ,eʃʊŋ
o.ʃʊp,e.ʃʊp,oʃʊp,eʃʊp
o.ʃʊt,e.ʃʊt,oʃʊt,eʃʊt
o.ʃʊk,e.ʃʊk,oʃʊk,eʃʊk
o.ʃʊb,e.ʃʊb,oʃʊb,eʃʊb
o.ʃʊd,e.ʃʊd,oʃʊd,eʃʊd
o.ʃʊg,e.ʃʊg,oʃʊg,eʃʊg
o.ʃʊf,e.ʃʊf,oʃʊf,eʃʊf
o.ʃʊs,e.ʃʊs,oʃʊs,eʃʊs
o.ʃʊv,e.ʃʊv,oʃʊv,eʃʊv
o.ʃʊz,e.ʃʊz,oʃʊz,eʃʊz
o.ʃʊʃ,e.ʃʊʃ,oʃʊʃ,eʃʊʃ
o.ʃʊʒ,e.ʃʊʒ,oʃʊʒ,eʃʊʒ
o.ʃʊθ,e.ʃʊθ,oʃʊθ,eʃʊθ
o.ʃʊð,e.ʃʊð,oʃʊð,eʃʊð
o.ʒʊm,e.ʒʊm,oʒʊm,eʒʊm
o.ʒʊn,e.ʒʊn,oʒʊn,eʒʊn
o.ʒʊŋ,e.ʒʊŋ,oʒʊŋ,eʒʊŋ
o.ʒʊp,e.ʒʊp,oʒʊp,eʒʊp
o.ʒʊt,e.ʒʊt,oʒʊt,eʒʊt
o.ʒʊk,e.ʒʊk,oʒʊk,eʒʊk
o.ʒʊb,e.ʒʊb,oʒʊb,eʒʊb
o.ʒʊd,e.ʒʊd,oʒʊd,eʒʊd
o.ʒʊg,e.ʒʊg,oʒʊg,eʒʊg
o.ʒʊf,e.ʒʊf,oʒʊf,eʒʊf
o.ʒʊs,e.ʒʊs,oʒʊs,eʒʊs
o.ʒʊv,e.ʒʊv,oʒʊv,eʒʊv
o.ʒʊz,e.ʒʊz,oʒʊz,eʒʊz
o.ʒʊʃ,e.ʒʊʃ,oʒʊʃ,eʒʊʃ
o.ʒʊʒ,e.ʒʊʒ,oʒʊʒ,eʒʊʒ
o.ʒʊθ,e.ʒʊθ,oʒʊθ,eʒʊθ
o.ʒʊð,e.ʒʊð,oʒʊð,eʒʊð
o.θʊm,e.θʊm,oθʊm,eθʊm
o.θʊn,e.θʊn,oθʊn,eθʊn
o.θʊŋ,e.θʊŋ,oθʊŋ,eθʊŋ
o.θʊp,e.θʊp,oθʊp,eθʊp
o.θʊt,e.θʊt,oθʊt,eθʊt
o.θʊk,e.θʊk,oθʊk,eθʊk
o.θʊb,e.θʊb,oθʊb,eθʊb
o.θʊd,e.θʊd,oθʊd,eθʊd
o.θʊg,e.θʊg,oθʊg,eθʊg
o.θʊf,e.θʊf,oθʊf,eθʊf
o.θʊs,e.θʊs,oθʊs,eθʊs
o.θʊv,e.θʊv,oθʊv,eθʊv
o.θʊz,e.θʊz,oθʊz,eθʊz
o.θʊʃ,e.θʊʃ,oθʊʃ,eθʊʃ
o.θʊʒ,e.θʊʒ,oθʊʒ,eθʊʒ
o.θʊθ,e.θʊθ,oθʊθ,eθʊθ
o.θʊð,e.θʊð,oθʊð,eθʊð
o.ðʊm,e.ðʊm,oðʊm,eðʊm
o.ðʊn,e.ðʊn,oðʊn,eðʊn
o.ðʊŋ,e.ðʊŋ,oðʊŋ,eðʊŋ
o.ðʊp,e.ðʊp,oðʊp,eðʊp
o.ðʊt,e.ðʊt,oðʊt,eðʊt
o.ðʊk,e.ðʊk,oðʊk,eðʊk
o.ðʊb,e.ðʊb,oðʊb,eðʊb
o.ðʊd,e.ðʊd,oðʊd,eðʊd
o.ðʊg,e.ðʊg,oðʊg,eðʊg
o.ðʊf,e.ðʊf,oðʊf,eðʊf
o.ðʊs,e.ðʊs,oðʊs,eðʊs
o.ðʊv,e.ðʊv,oðʊv,eðʊv
o.ðʊz,e.ðʊz,oðʊz,eðʊz
o.ðʊʃ,e.ðʊʃ,oðʊʃ,eðʊʃ
o.ðʊʒ,e.ðʊʒ,oðʊʒ,eðʊʒ
o.ðʊθ,e.ðʊθ,oðʊθ,eðʊθ
o.ðʊð,e.ðʊð,oðʊð,eðʊð
o.hʊm,e.hʊm,ohʊm,ehʊm
o.hʊn,e.hʊn,ohʊn,ehʊn
o.hʊŋ,e.hʊŋ,ohʊŋ,ehʊŋ
o.hʊp,e.hʊp,ohʊp,ehʊp
o.hʊt,e.hʊt,ohʊt,ehʊt
o.hʊk,e.hʊk,ohʊk,ehʊk
o.hʊb,e.hʊb,ohʊb,ehʊb
o.hʊd,e.hʊd,ohʊd,ehʊd
o.hʊg,e.hʊg,ohʊg,ehʊg
o.hʊf,e.hʊf,ohʊf,ehʊf
o.hʊs,e.hʊs,ohʊs,ehʊs
o.hʊv,e.hʊv,ohʊv,ehʊv
o.hʊz,e.hʊz,ohʊz,ehʊz
o.hʊʃ,e.hʊʃ,ohʊʃ,ehʊʃ
o.hʊʒ,e.hʊʒ,ohʊʒ,ehʊʒ
o.hʊθ,e.hʊθ,ohʊθ,ehʊθ
o.hʊð,e.hʊð,ohʊð,ehʊð
o.mɔm,e.mɔm,omɔm,emɔm
o.mɔn,e.mɔn,omɔn,emɔn
o.mɔŋ,e.mɔŋ,omɔŋ,emɔŋ
o.mɔp,e.mɔp,omɔp,emɔp
o.mɔt,e.mɔt,omɔt,emɔt
o.mɔk,e.mɔk,omɔk,emɔk
o.mɔb,e.mɔb,omɔb,emɔb
o.mɔd,e.mɔd,omɔd,emɔd
o.mɔg,e.mɔg,omɔg,emɔg
o.mɔf,e.mɔf,omɔf,emɔf
o.mɔs,e.mɔs,omɔs,emɔs
o.mɔv,e.mɔv,omɔv,emɔv
o.mɔz,e.mɔz,omɔz,emɔz
o.mɔʃ,e.mɔʃ,omɔʃ,emɔʃ
o.mɔʒ,e.mɔʒ,omɔʒ,emɔʒ
o.mɔθ,e.mɔθ,omɔθ,emɔθ
o.mɔð,e.mɔð,omɔð,emɔð
o.nɔm,e.nɔm,onɔm,enɔm
o.nɔn,e.nɔn,onɔn,enɔn
o.nɔŋ,e.nɔŋ,onɔŋ,enɔŋ
o.nɔp,e.nɔp,onɔp,enɔp
o.nɔt,e.nɔt,onɔt,enɔt
o.nɔk,e.nɔk,onɔk,enɔk
o.nɔb,e.nɔb,onɔb,enɔb
o.nɔd,e.nɔd,onɔd,enɔd
o.nɔg,e.nɔg,onɔg,enɔg
o.nɔf,e.nɔf,onɔf,enɔf
o.nɔs,e.nɔs,onɔs,enɔs
o.nɔv,e.nɔv,onɔv,enɔv
o.nɔz,e.nɔz,onɔz,enɔz
o.nɔʃ,e.nɔʃ,onɔʃ,enɔʃ
o.nɔʒ,e.nɔʒ,onɔʒ,enɔʒ
o.nɔθ,e.nɔθ,onɔθ,enɔθ
o.nɔð,e.nɔð,onɔð,enɔð
o.pɔm,e.pɔm,opɔm,epɔm
o.pɔn,e.pɔn,opɔn,epɔn
o.pɔŋ,e.pɔŋ,opɔŋ,epɔŋ
o.pɔp,e.pɔp,opɔp,epɔp
o.pɔt,e.pɔt,opɔt,epɔt
o.pɔk,e.pɔk,opɔk,epɔk
o.pɔb,e.pɔb,opɔb,epɔb
o.pɔd,e.pɔd,opɔd,epɔd
o.pɔg,e.pɔg,opɔg,epɔg
o.pɔf,e.pɔf,opɔf,epɔf
o.pɔs,e.pɔs,opɔs,epɔs
o.pɔv,e.pɔv,opɔv,epɔv
o.pɔz,e.pɔz,opɔz,epɔz
o.pɔʃ,e.pɔʃ,opɔʃ,epɔʃ
o.pɔʒ,e.pɔʒ,opɔʒ,epɔʒ
o.pɔθ,e.pɔθ,opɔθ,epɔθ
o.pɔð,e.pɔð,opɔð,epɔð
o.tɔm,e.tɔm,otɔm,etɔm
o.tɔn,e.tɔn,otɔn,etɔn
o.tɔŋ,e.tɔŋ,otɔŋ,etɔŋ
o.tɔp,e.tɔp,otɔp,etɔp
o.tɔt,e.tɔt,otɔt,etɔt
o.tɔk,e.tɔk,otɔk,etɔk
o.tɔb,e.tɔb,otɔb,etɔb
o.tɔd,e.tɔd,otɔd,etɔd
o.tɔg,e.tɔg,otɔg,etɔg
o.tɔf,e.tɔf,otɔf,etɔf
o.tɔs,e.tɔs,otɔs,etɔs
o.tɔv,e.tɔv,otɔv,etɔv
o.tɔz,e.tɔz,otɔz,etɔz
o.tɔʃ,e.tɔʃ,otɔʃ,etɔʃ
o.tɔʒ,e.tɔʒ,otɔʒ,etɔʒ
o.tɔθ,e.tɔθ,otɔθ,etɔθ
o.tɔð,e.tɔð,otɔð,etɔð
o.kɔm,e.kɔm,okɔm,ekɔm
o.kɔn,e.kɔn,okɔn,ekɔn
o.kɔŋ,e.kɔŋ,okɔŋ,ekɔŋ
o.kɔp,e.kɔp,okɔp,ekɔp
o.kɔt,e.kɔt,okɔt,ekɔt
o.kɔk,e.kɔk,okɔk,ekɔk
o.kɔb,e.kɔb,okɔb,ekɔb
o.kɔd,e.kɔd,okɔd,ekɔd
o.kɔg,e.kɔg,okɔg,ekɔg
o.kɔf,e.kɔf,okɔf,ekɔf
o.kɔs,e.kɔs,okɔs,ekɔs
o.kɔv,e.kɔv,okɔv,ekɔv
o.kɔz,e.kɔz,okɔz,ekɔz
o.kɔʃ,e.kɔʃ,okɔʃ,ekɔʃ
o.kɔʒ,e.kɔʒ,okɔʒ,ekɔʒ
o.kɔθ,e.kɔθ,okɔθ,ekɔθ
o.kɔð,e.kɔð,okɔð,ekɔð
o.bɔm,e.bɔm,obɔm,ebɔm
o.bɔn,e.bɔn,obɔn,ebɔn
o.bɔŋ,e.bɔŋ,obɔŋ,ebɔŋ
o.bɔp,e.bɔp,obɔp,ebɔp
o.bɔt,e.bɔt,obɔt,ebɔt
o.bɔk,e.bɔk,obɔk,ebɔk
o.bɔb,e.bɔb,obɔb,ebɔb
o.bɔd,e.bɔd,obɔd,ebɔd
o.bɔg,e.bɔg,obɔg,ebɔg
o.bɔf,e.bɔf,obɔf,ebɔf
o.bɔs,e.bɔs,obɔs,ebɔs
o.bɔv,e.bɔv,obɔv,ebɔv
o.bɔz,e.bɔz,obɔz,ebɔz
o.bɔʃ,e.bɔʃ,obɔʃ,ebɔʃ
o.bɔʒ,e.bɔʒ,obɔʒ,ebɔʒ
o.bɔθ,e.bɔθ,obɔθ,ebɔθ
o.bɔð,e.bɔð,obɔð,ebɔð
o.dɔm,e.dɔm,odɔm,edɔm
o.dɔn,e.dɔn,odɔn,edɔn
o.dɔŋ,e.dɔŋ,odɔŋ,edɔŋ
o.dɔp,e.dɔp,odɔp,edɔp
o.dɔt,e.dɔt,odɔt,edɔt
o.dɔk,e.dɔk,odɔk,edɔk
o.dɔb,e.dɔb,odɔb,edɔb
o.dɔd,e.dɔd,odɔd,edɔd
o.dɔg,e.dɔg,odɔg,edɔg
o.dɔf,e.dɔf,odɔf,edɔf
o.dɔs,e.dɔs,odɔs,edɔs
o.dɔv,e.dɔv,odɔv,edɔv
o.dɔz,e.dɔz,odɔz,edɔz
o.dɔʃ,e.dɔʃ,odɔʃ,edɔʃ
o.dɔʒ,e.dɔʒ,odɔʒ,edɔʒ
o.dɔθ,e.dɔθ,odɔθ,edɔθ
o.dɔð,e.dɔð,odɔð,edɔð
o.gɔm,e.gɔm,ogɔm,egɔm
o.gɔn,e.gɔn,ogɔn,egɔn
o.gɔŋ,e.gɔŋ,ogɔŋ,egɔŋ
o.gɔp,e.gɔp,ogɔp,egɔp
o.gɔt,e.gɔt,ogɔt,egɔt
o.gɔk,e.gɔk,ogɔk,egɔk
o.gɔb,e.gɔb,ogɔb,egɔb
o.gɔd,e.gɔd,ogɔd,egɔd
o.gɔg,e.gɔg,ogɔg,egɔg
o.gɔf,e.gɔf,ogɔf,egɔf
o.gɔs,e.gɔs,ogɔs,egɔs
o.gɔv,e.gɔv,ogɔv,egɔv
o.gɔz,e.gɔz,ogɔz,egɔz
o.gɔʃ,e.gɔʃ,ogɔʃ,egɔʃ
o.gɔʒ,e.gɔʒ,ogɔʒ,egɔʒ
o.gɔθ,e.gɔθ,ogɔθ,egɔθ
o.gɔð,e.gɔð,ogɔð,egɔð
o.fɔm,e.fɔm,ofɔm,efɔm
o.fɔn,e.fɔn,ofɔn,efɔn
o.fɔŋ,e.fɔŋ,ofɔŋ,efɔŋ
o.fɔp,e.fɔp,ofɔp,efɔp
o.fɔt,e.fɔt,ofɔt,efɔt
o.fɔk,e.fɔk,ofɔk,efɔk
o.fɔb,e.fɔb,ofɔb,efɔb
o.fɔd,e.fɔd,ofɔd,efɔd
o.fɔg,e.fɔg,ofɔg,efɔg
o.fɔf,e.fɔf,ofɔf,efɔf
o.fɔs,e.fɔs,ofɔs,efɔs
o.fɔv,e.fɔv,ofɔv,efɔv
o.fɔz,e.fɔz,ofɔz,efɔz
o.fɔʃ,e.fɔʃ,ofɔʃ,efɔʃ
o.fɔʒ,e.fɔʒ,ofɔʒ,efɔʒ
o.fɔθ,e.fɔθ,ofɔθ,efɔθ
o.fɔð,e.fɔð,ofɔð,efɔð
o.sɔm,e.sɔm,osɔm,esɔm
o.sɔn,e.sɔn,osɔn,esɔn
o.sɔŋ,e.sɔŋ,osɔŋ,esɔŋ
o.sɔp,e.sɔp,osɔp,esɔp
o.sɔt,e.sɔt,osɔt,esɔt
o.sɔk,e.sɔk,osɔk,esɔk
o.sɔb,e.sɔb,osɔb,esɔb
o.sɔd,e.sɔd,osɔd,esɔd
o.sɔg,e.sɔg,osɔg,esɔg
o.sɔf,e.sɔf,osɔf,esɔf
o.sɔs,e.sɔs,osɔs,esɔs
o.sɔv,e.sɔv,osɔv,esɔv
o.sɔz,e.sɔz,osɔz,esɔz
o.sɔʃ,e.sɔʃ,osɔʃ,esɔʃ
o.sɔʒ,e.sɔʒ,osɔʒ,esɔʒ
o.sɔθ,e.sɔθ,osɔθ,esɔθ
o.sɔð,e.sɔð,osɔð,esɔð
o.vɔm,e.vɔm,ovɔm,evɔm
o.vɔn,e.vɔn,ovɔn,evɔn
o.vɔŋ,e.vɔŋ,ovɔŋ,evɔŋ
o.vɔp,e.vɔp,ovɔp,evɔp
o.vɔt,e.vɔt,ovɔt,evɔt
o.vɔk,e.vɔk,ovɔk,evɔk
o.vɔb,e.vɔb,ovɔb,evɔb
o.vɔd,e.vɔd,ovɔd,evɔd
o.vɔg,e.vɔg,ovɔg,evɔg
o.vɔf,e.vɔf,ovɔf,evɔf
o.vɔs,e.vɔs,ovɔs,evɔs
o.vɔv,e.vɔv,ovɔv,evɔv
o.vɔz,e.vɔz,ovɔz,evɔz
o.vɔʃ,e.vɔʃ,ovɔʃ,evɔʃ
o.vɔʒ,e.vɔʒ,ovɔʒ,evɔʒ
o.vɔθ,e.vɔθ,ovɔθ,evɔθ
o.vɔð,e.vɔð,ovɔð,evɔð
o.zɔm,e.zɔm,ozɔm,ezɔm
o.zɔn,e.zɔn,ozɔn,ezɔn
o.zɔŋ,e.zɔŋ,ozɔŋ,ezɔŋ
o.zɔp,e.zɔp,ozɔp,ezɔp
o.zɔt,e.zɔt,ozɔt,ezɔt
o.zɔk,e.zɔk,ozɔk,ezɔk
o.zɔb,e.zɔb,ozɔb,ezɔb
o.zɔd,e.zɔd,ozɔd,ezɔd
o.zɔg,e.zɔg,ozɔg,ezɔg
o.zɔf,e.zɔf,ozɔf,ezɔf
o.zɔs,e.zɔs,ozɔs,ezɔs
o.zɔv,e.zɔv,ozɔv,ezɔv
o.zɔz,e.zɔz,ozɔz,ezɔz
o.zɔʃ,e.zɔʃ,ozɔʃ,ezɔʃ
o.zɔʒ,e.zɔʒ,ozɔʒ,ezɔʒ
o.zɔθ,e.zɔθ,ozɔθ,ezɔθ
o.zɔð,e.zɔð,ozɔð,ezɔð
o.ʃɔm,e.ʃɔm,oʃɔm,eʃɔm
o.ʃɔn,e.ʃɔn,oʃɔn,eʃɔn
o.ʃɔŋ,e.ʃɔŋ,oʃɔŋ,eʃɔŋ
o.ʃɔp,e.ʃɔp,oʃɔp,eʃɔp
o.ʃɔt,e.ʃɔt,oʃɔt,eʃɔt
o.ʃɔk,e.ʃɔk,oʃɔk,eʃɔk
o.ʃɔb,e.ʃɔb,oʃɔb,eʃɔb
o.ʃɔd,e.ʃɔd,oʃɔd,eʃɔd
o.ʃɔg,e.ʃɔg,oʃɔg,eʃɔg
o.ʃɔf,e.ʃɔf,oʃɔf,eʃɔf
o.ʃɔs,e.ʃɔs,oʃɔs,eʃɔs
o.ʃɔv,e.ʃɔv,oʃɔv,eʃɔv
o.ʃɔz,e.ʃɔz,oʃɔz,eʃɔz
o.ʃɔʃ,e.ʃɔʃ,oʃɔʃ,eʃɔʃ
o.ʃɔʒ,e.ʃɔʒ,oʃɔʒ,eʃɔʒ
o.ʃɔθ,e.ʃɔθ,oʃɔθ,eʃɔθ
o.ʃɔð,e.ʃɔð,oʃɔð,eʃɔð
o.ʒɔm,e.ʒɔm,oʒɔm,eʒɔm
o.ʒɔn,e.ʒɔn,oʒɔn,eʒɔn
o.ʒɔŋ,e.ʒɔŋ,oʒɔŋ,eʒɔŋ
o.ʒɔp,e.ʒɔp,oʒɔp,eʒɔp
o.ʒɔt,e.ʒɔt,oʒɔt,eʒɔt
o.ʒɔk,e.ʒɔk,oʒɔk,eʒɔk
o.ʒɔb,e.ʒɔb,oʒɔb,eʒɔb
o.ʒɔd,e.ʒɔd,oʒɔd,eʒɔd
o.ʒɔg,e.ʒɔg,oʒɔg,eʒɔg
o.ʒɔf,e.ʒɔf,oʒɔf,eʒɔf
o.ʒɔs,e.ʒɔs,oʒɔs,eʒɔs
o.ʒɔv,e.ʒɔv,oʒɔv,eʒɔv
o.ʒɔz,e.ʒɔz,oʒɔz,eʒɔz
o.ʒɔʃ,e.ʒɔʃ,oʒɔʃ,eʒɔʃ
o.ʒɔʒ,e.ʒɔʒ,oʒɔʒ,eʒɔʒ
o.ʒɔθ,e.ʒɔθ,oʒɔθ,eʒɔθ
o.ʒɔð,e.ʒɔð,oʒɔð,eʒɔð
o.θɔm,e.θɔm,oθɔm,eθɔm
o.θɔn,e.θɔn,oθɔn,eθɔn
o.θɔŋ,e.θɔŋ,oθɔŋ,eθɔŋ
o.θɔp,e.θɔp,oθɔp,eθɔp
o.θɔt,e.θɔt,oθɔt,eθɔt
o.θɔk,e.θɔk,oθɔk,eθɔk
o.θɔb,e.θɔb,oθɔb,eθɔb
o.θɔd,e.θɔd,oθɔd,eθɔd
o.θɔg,e.θɔg,oθɔg,eθɔg
o.θɔf,e.θɔf,oθɔf,eθɔf
o.θɔs,e.θɔs,oθɔs,eθɔs
o.θɔv,e.θɔv,oθɔv,eθɔv
o.θɔz,e.θɔz,oθɔz,eθɔz
o.θɔʃ,e.θɔʃ,oθɔʃ,eθɔʃ
o.θɔʒ,e.θɔʒ,oθɔʒ,eθɔʒ
o.θɔθ,e.θɔθ,oθɔθ,eθɔθ
o.θɔð,e.θɔð,oθɔð,eθɔð
o.ðɔm,e.ðɔm,oðɔm,eðɔm
o.ðɔn,e.ðɔn,oðɔn,eðɔn
o.ðɔŋ,e.ðɔŋ,oðɔŋ,eðɔŋ
o.ðɔp,e.ðɔp,oðɔp,eðɔp
o.ðɔt,e.ðɔt,oðɔt,eðɔt
o.ðɔk,e.ðɔk,oðɔk,eðɔk
o.ðɔb,e.ðɔb,oðɔb,eðɔb
o.ðɔd,e.ðɔd,oðɔd,eðɔd
o.ðɔg,e.ðɔg,oðɔg,eðɔg
o.ðɔf,e.ðɔf,oðɔf,eðɔf
o.ðɔs,e.ðɔs,oðɔs,eðɔs
o.ðɔv,e.ðɔv,oðɔv,eðɔv
o.ðɔz,e.ðɔz,oðɔz,eðɔz
o.ðɔʃ,e.ðɔʃ,oðɔʃ,eðɔʃ
o.ðɔʒ,e.ðɔʒ,oðɔʒ,eðɔʒ
o.ðɔθ,e.ðɔθ,oðɔθ,eðɔθ
o.ðɔð,e.ðɔð,oðɔð,eðɔð
o.hɔm,e.hɔm,ohɔm,ehɔm
o.hɔn,e.hɔn,ohɔn,ehɔn
o.hɔŋ,e.hɔŋ,ohɔŋ,ehɔŋ
o.hɔp,e.hɔp,ohɔp,ehɔp
o.hɔt,e.hɔt,ohɔt,ehɔt
o.hɔk,e.hɔk,ohɔk,ehɔk
o.hɔb,e.hɔb,ohɔb,ehɔb
o.hɔd,e.hɔd,ohɔd,ehɔd
o.hɔg,e.hɔg,ohɔg,ehɔg
o.hɔf,e.hɔf,ohɔf,ehɔf
o.hɔs,e.hɔs,ohɔs,ehɔs
o.hɔv,e.hɔv,ohɔv,ehɔv
o.hɔz,e.hɔz,ohɔz,ehɔz
o.hɔʃ,e.hɔʃ,ohɔʃ,ehɔʃ
o.hɔʒ,e.hɔʒ,ohɔʒ,ehɔʒ
o.hɔθ,e.hɔθ,ohɔθ,ehɔθ
o.hɔð,e.hɔð,ohɔð,ehɔð
mi.mi,mu.mi,mimi,mumi
mi.ni,mu.ni,mini,muni
mi.pi,mu.pi,mipi,mupi
mi.ti,mu.ti,miti,muti
mi.ki,mu.ki,miki,muki
mi.bi,mu.bi,mibi,mubi
mi.di,mu.di,midi,mudi
mi.gi,mu.gi,migi,mugi
mi.fi,mu.fi,mifi,mufi
mi.si,mu.si,misi,musi
mi.vi,mu.vi,mivi,muvi
mi.zi,mu.zi,mizi,muzi
mi.ʃi,mu.ʃi,miʃi,muʃi
mi.ʒi,mu.ʒi,miʒi,muʒi
mi.θi,mu.θi,miθi,muθi
mi.ði,mu.ði,miði,muði
mi.hi,mu.hi,mihi,muhi
mi.me,mu.me,mime,mume
mi.ne,mu.ne,mine,mune
mi.pe,mu.pe,mipe,mupe
mi.te,mu.te,mite,mute
mi.ke,mu.ke,mike,muke
mi.be,mu.be,mibe,mube
mi.de,mu.de,mide,mude
mi.ge,mu.ge,mige,muge
mi.fe,mu.fe,mife,mufe
mi.se,mu.se,mise,muse
mi.ve,mu.ve,mive,muve
mi.ze,mu.ze,mize,muze
mi.ʃe,mu.ʃe,miʃe,muʃe
mi.ʒe,mu.ʒe,miʒe,muʒe
mi.θe,mu.θe,miθe,muθe
mi.ðe,mu.ðe,miðe,muðe
mi.he,mu.he,mihe,muhe
mi.mu,mu.mu,mimu,mumu
mi.nu,mu.nu,minu,munu
mi.pu,mu.pu,mipu,mupu
mi.tu,mu.tu,mitu,mutu
mi.ku,mu.ku,miku,muku
mi.bu,mu.bu,mibu,mubu
mi.du,mu.du,midu,mudu
mi.gu,mu.gu,migu,mugu
mi.fu,mu.fu,mifu,mufu
mi.su,mu.su,misu,musu
mi.vu,mu.vu,mivu,muvu
mi.zu,mu.zu,mizu,muzu
mi.ʃu,mu.ʃu,miʃu,muʃu
mi.ʒu,mu.ʒu,miʒu,muʒu
mi.θu,mu.θu,miθu,muθu
mi.ðu,mu.ðu,miðu,muðu
mi.hu,mu.hu,mihu,muhu
mi.mo,mu.mo,mimo,mumo
mi.no,mu.no,mino,muno
mi.po,mu.po,mipo,mupo
mi.to,mu.to,mito,muto
mi.ko,mu.ko,miko,muko
mi.bo,mu.bo,mibo,mubo
mi.do,mu.do,mido,mudo
mi.go,mu.go,migo,mugo
mi.fo,mu.fo,mifo,mufo
mi.so,mu.so,miso,muso
mi.vo,mu.vo,mivo,muvo
mi.zo,mu.zo,mizo,muzo
mi.ʃo,mu.ʃo,miʃo,muʃo
mi.ʒo,mu.ʒo,miʒo,muʒo
mi.θo,mu.θo,miθo,muθo
mi.ðo,mu.ðo,miðo,muðo
mi.ho,mu.ho,miho,muho
ni.mi,nu.mi,nimi,numi
ni.ni,nu.ni,nini,nuni
ni.pi,nu.pi,nipi,nupi
ni.ti,nu.ti,niti,nuti
ni.ki,nu.ki,niki,nuki
ni.bi,nu.bi,nibi,nubi
ni.di,nu.di,nidi,nudi
ni.gi,nu.gi,nigi,nugi
ni.fi,nu.fi,nifi,nufi
ni.si,nu.si,nisi,nusi
ni.vi,nu.vi,nivi,nuvi
ni.zi,nu.zi,nizi,nuzi
ni.ʃi,nu.ʃi,niʃi,nuʃi
ni.ʒi,nu.ʒi,niʒi,nuʒi
ni.θi,nu.θi,niθi,nuθi
ni.ði,nu.ði,niði,nuði
ni.hi,nu.hi,nihi,nuhi
ni.me,nu.me,nime,nume
ni.ne,nu.ne,nine,nune
ni.pe,nu.pe,nipe,nupe
ni.te,nu.te,nite,nute
ni.ke,nu.ke,nike,nuke
ni.be,nu.be,nibe,nube
ni.de,nu.de,nide,nude
ni.ge,nu.ge,nige,nuge
ni.fe,nu.fe,nife,nufe
ni.se,nu.se,nise,nuse
ni.ve,nu.ve,nive,nuve
ni.ze,nu.ze,nize,nuze
ni.ʃe,nu.ʃe,niʃe,nuʃe
ni.ʒe,nu.ʒe,niʒe,nuʒe
ni.θe,nu.θe,niθe,nuθe
ni.ðe,nu.ðe,niðe,nuðe
ni.he,nu.he,nihe,nuhe
ni.mu,nu.mu,nimu,numu
ni.nu,nu.nu,ninu,nunu
ni.pu,nu.pu,nipu,nupu
ni.tu,nu.tu,nitu,nutu
ni.ku,nu.ku,niku,nuku
ni.bu,nu.bu,nibu,nubu
ni.du,nu.du,nidu,nudu
ni.gu,nu.gu,nigu,nugu
ni.fu,nu.fu,nifu,nufu
ni.su,nu.su,nisu,nusu
ni.vu,nu.vu,nivu,nuvu
ni.zu,nu.zu,nizu,nuzu
ni.ʃu,nu.ʃu,niʃu,nuʃu
ni.ʒu,nu.ʒu,niʒu,nuʒu
ni.θu,nu.θu,niθu,nuθu
ni.ðu,nu.ðu,niðu,nuðu
ni.hu,nu.hu,nihu,nuhu
ni.mo,nu.mo,nimo,numo
ni.no,nu.no,nino,nuno
ni.po,nu.po,nipo,nupo
ni.to,nu.to,nito,nuto
ni.ko,nu.ko,niko,nuko
ni.bo,nu.bo,nibo,nubo
ni.do,nu.do,nido,nudo
ni.go,nu.go,nigo,nugo
ni.fo,nu.fo,nifo,nufo
ni.so,nu.so,niso,nuso
ni.vo,nu.vo,nivo,nuvo
ni.zo,nu.zo,nizo,nuzo
ni.ʃo,nu.ʃo,niʃo,nuʃo
ni.ʒo,nu.ʒo,niʒo,nuʒo
ni.θo,nu.θo,niθo,nuθo
ni.ðo,nu.ðo,niðo,nuðo
ni.ho,nu.ho,niho,nuho
pi.mi,pu.mi,pimi,pumi
pi.ni,pu.ni,pini,puni
pi.pi,pu.pi,pipi,pupi
pi.ti,pu.ti,piti,puti
pi.ki,pu.ki,piki,puki
pi.bi,pu.bi,pibi,pubi
pi.di,pu.di,pidi,pudi
pi.gi,pu.gi,pigi,pugi
pi.fi,pu.fi,pifi,pufi
pi.si,pu.si,pisi,pusi
pi.vi,pu.vi,pivi,puvi
pi.zi,pu.zi,pizi,puzi
pi.ʃi,pu.ʃi,piʃi,puʃi
pi.ʒi,pu.ʒi,piʒi,puʒi
pi.θi,pu.θi,piθi,puθi
pi.ði,pu.ði,piði,puði
pi.hi,pu.hi,pihi,puhi
pi.me,pu.me,pime,pume
pi.ne,pu.ne,pine,pune
pi.pe,pu.pe,pipe,pupe
pi.te,pu.te,pite,pute
pi.ke,pu.ke,pike,puke
pi.be,pu.be,pibe,pube
pi.de,pu.de,pide,pude
pi.ge,pu.ge,pige,puge
pi.fe,pu.fe,pife,pufe
pi.se,pu.se,pise,puse
pi.ve,pu.ve,pive,puve
pi.ze,pu.ze,pize,puze
pi.ʃe,pu.ʃe,piʃe,puʃe
pi.ʒe,pu.ʒe,piʒe,puʒe
pi.θe,pu.θe,piθe,puθe
pi.ðe,pu.ðe,piðe,puðe
pi.he,pu.he,pihe,puhe
pi.mu,pu.mu,pimu,pumu
pi.nu,pu.nu,pinu,punu
pi.pu,pu.pu,pipu,pupu
pi.tu,pu.tu,pitu,putu
pi.ku,pu.ku,piku,puku
pi.bu,pu.bu,pibu,pubu
pi.du,pu.du,pidu,pudu
pi.gu,pu.gu,pigu,pugu
pi.fu,pu.fu,pifu,pufu
pi.su,pu.su,pisu,pusu
pi.vu,pu.vu,pivu,puvu
pi.zu,pu.zu,pizu,puzu
pi.ʃu,pu.ʃu,piʃu,puʃu
pi.ʒu,pu.ʒu,piʒu,puʒu
pi.θu,pu.θu,piθu,puθu
pi.ðu,pu.ðu,piðu,puðu
pi.hu,pu.hu,pihu,puhu
pi.mo,pu.mo,pimo,pumo
pi.no,pu.no,pino,puno
pi.po,pu.po,pipo,pupo
pi.to,pu.to,pito,puto
pi.ko,pu.ko,piko,puko
pi.bo,pu.bo,pibo,pubo
pi.do,pu.do,pido,pudo
pi.go,pu.go,pigo,pugo
pi.fo,pu.fo,pifo,pufo
pi.so,pu.so,piso,puso
pi.vo,pu.vo,pivo,puvo
pi.zo,pu.zo,pizo,puzo
pi.ʃo,pu.ʃo,piʃo,puʃo
pi.ʒo,pu.ʒo,piʒo,puʒo
pi.θo,pu.θo,piθo,puθo
pi.ðo,pu.ðo,piðo,puðo
pi.ho,pu.ho,piho,puho
ti.mi,tu.mi,timi,tumi
ti.ni,tu.ni,tini,tuni
ti.pi,tu.pi,tipi,tupi
ti.ti,tu.ti,titi,tuti
ti.ki,tu.ki,tiki,tuki
ti.bi,tu.bi,tibi,tubi
ti.di,tu.di,tidi,tudi
ti.gi,tu.gi,tigi,tugi
ti.fi,tu.fi,tifi,tufi
ti.si,tu.si,tisi,tusi
ti.vi,tu.vi,tivi,tuvi
ti.zi,tu.zi,tizi,tuzi
ti.ʃi,tu.ʃi,tiʃi,tuʃi
ti.ʒi,tu.ʒi,tiʒi,tuʒi
ti.θi,tu.θi,tiθi,tuθi
ti.ði,tu.ði,tiði,tuði
ti.hi,tu.hi,tihi,tuhi
ti.me,tu.me,time,tume
ti.ne,tu.ne,tine,tune
ti.pe,tu.pe,tipe,tupe
ti.te,tu.te,tite,tute
ti.ke,tu.ke,tike,tuke
ti.be,tu.be,tibe,tube
ti.de,tu.de,tide,tude
ti.ge,tu.ge,tige,tuge
ti.fe,tu.fe,tife,tufe
ti.se,tu.se,tise,tuse
ti.ve,tu.ve,tive,tuve
ti.ze,tu.ze,tize,tuze
ti.ʃe,tu.ʃe,tiʃe,tuʃe
ti.ʒe,tu.ʒe,tiʒe,tuʒe
ti.θe,tu.θe,tiθe,tuθe
ti.ðe,tu.ðe,tiðe,tuðe
ti.he,tu.he,tihe,tuhe
ti.mu,tu.mu,timu,tumu
ti.nu,tu.nu,tinu,tunu
ti.pu,tu.pu,tipu,tupu
ti.tu,tu.tu,titu,tutu
ti.ku,tu.ku,tiku,tuku
ti.bu,tu.bu,tibu,tubu
ti.du,tu.du,tidu,tudu
ti.gu,tu.gu,tigu,tugu
ti.fu,tu.fu,tifu,tufu
ti.su,tu.su,tisu,tusu
ti.vu,tu.vu,tivu,tuvu
ti.zu,tu.zu,tizu,tuzu
ti.ʃu,tu.ʃu,tiʃu,tuʃu
ti.ʒu,tu.ʒu,tiʒu,tuʒu
ti.θu,tu.θu,tiθu,tuθu
ti.ðu,tu.ðu,tiðu,tuðu
ti.hu,tu.hu,tihu,tuhu
ti.mo,tu.mo,timo,tumo
ti.no,tu.no,tino,tuno
ti.po,tu.po,tipo,tupo
ti.to,tu.to,tito,tuto
ti.ko,tu.ko,tiko,tuko
ti.bo,tu.bo,tibo,tubo
ti.do,tu.do,tido,tudo
ti.go,tu.go,tigo,tugo
ti.fo,tu.fo,tifo,tufo
ti.so,tu.so,tiso,tuso
ti.vo,tu.vo,tivo,tuvo
ti.zo,tu.zo,tizo,tuzo
ti.ʃo,tu.ʃo,tiʃo,tuʃo
ti.ʒo,tu.ʒo,tiʒo,tuʒo
ti.θo,tu.θo,tiθo,tuθo
ti.ðo,tu.ðo,tiðo,tuðo
ti.ho,tu.ho,tiho,tuho
ki.mi,ku.mi,kimi,kumi
ki.ni,ku.ni,kini,kuni
ki.pi,ku.pi,kipi,kupi
ki.ti,ku.ti,kiti,kuti
ki.ki,ku.ki,kiki,kuki
ki.bi,ku.bi,kibi,kubi
ki.di,ku.di,kidi,kudi
ki.gi,ku.gi,kigi,kugi
ki.fi,ku.fi,kifi,kufi
ki.si,ku.si,kisi,kusi
ki.vi,ku.vi,kivi,kuvi
ki.zi,ku.zi,kizi,kuzi
ki.ʃi,ku.ʃi,kiʃi,kuʃi
ki.ʒi,ku.ʒi,kiʒi,kuʒi
ki.θi,ku.θi,kiθi,kuθi
ki.ði,ku.ði,kiði,kuði
ki.hi,ku.hi,kihi,kuhi
ki.me,ku.me,kime,kume
ki.ne,ku.ne,kine,kune
ki.pe,ku.pe,kipe,kupe
ki.te,ku.te,kite,kute
ki.ke,ku.ke,kike,kuke
ki.be,ku.be,kibe,kube
ki.de,ku.de,kide,kude
ki.ge,ku.ge,kige,kuge
ki.fe,ku.fe,kife,kufe
ki.se,ku.se,kise,kuse
ki.ve,ku.ve,kive,kuve
ki.ze,ku.ze,kize,kuze
ki.ʃe,ku.ʃe,kiʃe,kuʃe
ki.ʒe,ku.ʒe,kiʒe,kuʒe
ki.θe,ku.θe,kiθe,kuθe
ki.ðe,ku.ðe,kiðe,kuðe
ki.he,ku.he,kihe,kuhe
ki.mu,ku.mu,kimu,kumu
ki.nu,ku.nu,kinu,kunu
ki.pu,ku.pu,kipu,kupu
ki.tu,ku.tu,kitu,kutu
ki.ku,ku.ku,kiku,kuku
ki.bu,ku.bu,kibu,kubu
ki.du,ku.du,kidu,kudu
ki.gu,ku.gu,kigu,kugu
ki.fu,ku.fu,kifu,kufu
ki.su,ku.su,kisu,kusu
ki.vu,ku.vu,kivu,kuvu
ki.zu,ku.zu,kizu,kuzu
ki.ʃu,ku.ʃu,kiʃu,kuʃu
ki.ʒu,ku.ʒu,kiʒu,kuʒu
ki.θu,ku.θu,kiθu,kuθu
ki.ðu,ku.ðu,kiðu,kuðu
ki.hu,ku.hu,kihu,kuhu
ki.mo,ku.mo,kimo,kumo
ki.no,ku.no,kino,kuno
ki.po,ku.po,kipo,kupo
ki.to,ku.to,kito,kuto
ki.ko,ku.ko,kiko,kuko
ki.bo,ku.bo,kibo,kubo
ki.do,ku.do,kido,kudo
ki.go,ku.go,kigo,kugo
ki.fo,ku.fo,kifo,kufo
ki.so,ku.so,kiso,kuso
ki.vo,ku.vo,kivo,kuvo
ki.zo,ku.zo,kizo,kuzo
ki.ʃo,ku.ʃo,kiʃo,kuʃo
ki.ʒo,ku.ʒo,kiʒo,kuʒo
ki.θo,ku.θo,kiθo,kuθo
ki.ðo,ku.ðo,kiðo,kuðo
ki.ho,ku.ho,kiho,kuho
bi.mi,bu.mi,bimi,bumi
bi.ni,bu.ni,bini,buni
bi.pi,bu.pi,bipi,bupi
bi.ti,bu.ti,biti,buti
bi.ki,bu.ki,biki,buki
bi.bi,bu.bi,bibi,bubi
bi.di,bu.di,bidi,budi
bi.gi,bu.gi,bigi,bugi
bi.fi,bu.fi,bifi,bufi
bi.si,bu.si,bisi,busi
bi.vi,bu.vi,bivi,buvi
bi.zi,bu.zi,bizi,buzi
bi.ʃi,bu.ʃi,biʃi,buʃi
bi.ʒi,bu.ʒi,biʒi,buʒi
bi.θi,bu.θi,biθi,buθi
bi.ði,bu.ði,biði,buði
bi.hi,bu.hi,bihi,buhi
bi.me,bu.me,bime,bume
bi.ne,bu.ne,bine,bune
bi.pe,bu.pe,bipe,bupe
bi.te,bu.te,bite,bute
bi.ke,bu.ke,bike,buke
bi.be,bu.be,bibe,bube
bi.de,bu.de,bide,bude
bi.ge,bu.ge,bige,buge
bi.fe,bu.fe,bife,bufe
bi.se,bu.se,bise,buse
bi.ve,bu.ve,bive,buve
bi.ze,bu.ze,bize,buze
bi.ʃe,bu.ʃe,biʃe,buʃe
bi.ʒe,bu.ʒe,biʒe,buʒe
bi.θe,bu.θe,biθe,buθe
bi.ðe,bu.ðe,biðe,buðe
bi.he,bu.he,bihe,buhe
bi.mu,bu.mu,bimu,bumu
bi.nu,bu.nu,binu,bunu
bi.pu,bu.pu,bipu,bupu
bi.tu,bu.tu,bitu,butu
bi.ku,bu.ku,biku,buku
bi.bu,bu.bu,bibu,bubu
bi.du,bu.du,bidu,budu
bi.gu,bu.gu,bigu,bugu
bi.fu,bu.fu,bifu,bufu
bi.su,bu.su,bisu,busu
bi.vu,bu.vu,bivu,buvu
bi.zu,bu.zu,bizu,buzu
bi.ʃu,bu.ʃu,biʃu,buʃu
bi.ʒu,bu.ʒu,biʒu,buʒu
bi.θu,bu.θu,biθu,buθu
bi.ðu,bu.ðu,biðu,buðu
bi.hu,bu.hu,bihu,buhu
bi.mo,bu.mo,bimo,bumo
bi.no,bu.no,bino,buno
bi.po,bu.po,bipo,bupo
bi.to,bu.to,bito,buto
bi.ko,bu.ko,biko,buko
bi.bo,bu.bo,bibo,bubo
bi.do,bu.do,bido,budo
bi.go,bu.go,bigo,bugo
bi.fo,bu.fo,bifo,bufo
bi.so,bu.so,biso,buso
bi.vo,bu.vo,bivo,buvo
bi.zo,bu.zo,bizo,buzo
bi.ʃo,bu.ʃo,biʃo,buʃo
bi.ʒo,bu.ʒo,biʒo,buʒo
bi.θo,bu.θo,biθo,buθo
bi.ðo,bu.ðo,biðo,buðo
bi.ho,bu.ho,biho,buho
di.mi,du.mi,dimi,dumi
di.ni,du.ni,dini,duni
di.pi,du.pi,dipi,dupi
di.ti,du.ti,diti,duti
di.ki,du.ki,diki,duki
di.bi,du.bi,dibi,dubi
di.di,du.di,didi,dudi
di.gi,du.gi,digi,dugi
di.fi,du.fi,difi,dufi
di.si,du.si,disi,dusi
di.vi,du.vi,divi,duvi
di.zi,du.zi,dizi,duzi
di.ʃi,du.ʃi,diʃi,duʃi
di.ʒi,du.ʒi,diʒi,duʒi
di.θi,du.θi,diθi,duθi
di.ði,du.ði,diði,duði
di.hi,du.hi,dihi,duhi
di.me,du.me,dime,dume
di.ne,du.ne,dine,dune
di.pe,du.pe,dipe,dupe
di.te,du.te,dite,dute
di.ke,du.ke,dike,duke
di.be,du.be,dibe,dube
di.de,du.de,dide,dude
di.ge,du.ge,dige,duge
di.fe,du.fe,dife,dufe
di.se,du.se,dise,duse
di.ve,du.ve,dive,duve
di.ze,du.ze,dize,duze
di.ʃe,du.ʃe,diʃe,duʃe
di.ʒe,du.ʒe,diʒe,duʒe
di.θe,du.θe,diθe,duθe
di.ðe,du.ðe,diðe,duðe
di.he,du.he,dihe,duhe
di.mu,du.mu,dimu,dumu
di.nu,du.nu,dinu,dunu
di.pu,du.pu,dipu,dupu
di.tu,du.tu,ditu,dutu
di.ku,du.ku,diku,duku
di.bu,du.bu,dibu,dubu
di.du,du.du,didu,dudu
di.gu,du.gu,digu,dugu
di.fu,du.fu,difu,dufu
di.su,du.su,disu,dusu
di.vu,du.vu,divu,duvu
di.zu,du.zu,dizu,duzu
di.ʃu,du.ʃu,diʃu,duʃu
di.ʒu,du.ʒu,diʒu,duʒu
di.θu,du.θu,diθu,duθu
di.ðu,du.ðu,diðu,duðu
di.hu,du.hu,dihu,duhu
di.mo,du.mo,dimo,dumo
di.no,du.no,dino,duno
di.po,du.po,dipo,dupo
di.to,du.to,dito,duto
di.ko,du.ko,diko,duko
di.bo,du.bo,dibo,dubo
di.do,du.do,dido,dudo
di.go,du.go,digo,dugo
di.fo,du.fo,difo,dufo
di.so,du.so,diso,duso
di.vo,du.vo,divo,duvo
di.zo,du.zo,dizo,duzo
di.ʃo,du.ʃo,diʃo,duʃo
di.ʒo,du.ʒo,diʒo,duʒo
di.θo,du.θo,diθo,duθo
di.ðo,du.ðo,diðo,duðo
di.ho,du.ho,diho,duho
gi.mi,gu.mi,gimi,gumi
gi.ni,gu.ni,gini,guni
gi.pi,gu.pi,gipi,gupi
gi.ti,gu.ti,giti,guti
gi.ki,gu.ki,giki,guki
gi.bi,gu.bi,gibi,gubi
gi.di,gu.di,gidi,gudi
gi.gi,gu.gi,gigi,gugi
gi.fi,gu.fi,gifi,gufi
gi.si,gu.si,gisi,gusi
gi.vi,gu.vi,givi,guvi
gi.zi,gu.zi,gizi,guzi
gi.ʃi,gu.ʃi,giʃi,guʃi
gi.ʒi,gu.ʒi,giʒi,guʒi
gi.θi,gu.θi,giθi,guθi
gi.ði,gu.ði,giði,guði
gi.hi,gu.hi,gihi,guhi
gi.me,gu.me,gime,gume
gi.ne,gu.ne,gine,gune
gi.pe,gu.pe,gipe,gupe
gi.te,gu.te,gite,gute
gi.ke,gu.ke,gike,guke
gi.be,gu.be,gibe,gube
gi.de,gu.de,gide,gude
gi.ge,gu.ge,gige,guge
gi.fe,gu.fe,gife,gufe
gi.se,gu.se,gise,guse
gi.ve,gu.ve,give,guve
gi.ze,gu.ze,gize,guze
gi.ʃe,gu.ʃe,giʃe,guʃe
gi.ʒe,gu.ʒe,giʒe,guʒe
gi.θe,gu.θe,giθe,guθe
gi.ðe,gu.ðe,giðe,guðe
gi.he,gu.he,gihe,guhe
gi.mu,gu.mu,gimu,gumu
gi.nu,gu.nu,ginu,gunu
gi.pu,gu.pu,gipu,gupu
gi.tu,gu.tu,gitu,gutu
gi.ku,gu.ku,giku,guku
gi.bu,gu.bu,gibu,gubu
gi.du,gu.du,gidu,gudu
gi.gu,gu.gu,gigu,gugu
gi.fu,gu.fu,gifu,gufu
gi.su,gu.su,gisu,gusu
gi.vu,gu.vu,givu,guvu
gi.zu,gu.zu,gizu,guzu
gi.ʃu,gu.ʃu,giʃu,guʃu
gi.ʒu,gu.ʒu,giʒu,guʒu
gi.θu,gu.θu,giθu,guθu
gi.ðu,gu.ðu,giðu,guðu
gi.hu,gu.hu,gihu,guhu
gi.mo,gu.mo,gimo,gumo
gi.no,gu.no,gino,guno
gi.po,gu.po,gipo,gupo
gi.to,gu.to,gito,guto
gi.ko,gu.ko,giko,guko
gi.bo,gu.bo,gibo,gubo
gi.do,gu.do,gido,gudo
gi.go,gu.go,gigo,gugo
gi.fo,gu.fo,gifo,gufo
gi.so,gu.so,giso,guso
gi.vo,gu.vo,givo,guvo
gi.zo,gu.zo,gizo,guzo
gi.ʃo,gu.ʃo,giʃo,guʃo
gi.ʒo,gu.ʒo,giʒo,guʒo
gi.θo,gu.θo,giθo,guθo
gi.ðo,gu.ðo,giðo,guðo
gi.ho,gu.ho,giho,guho
fi.mi,fu.mi,fimi,fumi
fi.ni,fu.ni,fini,funi
fi.pi,fu.pi,fipi,fupi
fi.ti,fu.ti,fiti,futi
fi.ki,fu.ki,fiki,fuki
fi.bi,fu.bi,fibi,fubi
fi.di,fu.di,fidi,fudi
fi.gi,fu.gi,figi,fugi
fi.fi,fu.fi,fifi,fufi
fi.si,fu.si,fisi,fusi
fi.vi,fu.vi,fivi,fuvi
fi.zi,fu.zi,fizi,fuzi
fi.ʃi,fu.ʃi,fiʃi,fuʃi
fi.ʒi,fu.ʒi,fiʒi,fuʒi
fi.θi,fu.θi,fiθi,fuθi
fi.ði,fu.ði,fiði,fuði
fi.hi,fu.hi,fihi,fuhi
fi.me,fu.me,fime,fume
fi.ne,fu.ne,fine,fune
fi.pe,fu.pe,fipe,fupe
fi.te,fu.te,fite,fute
fi.ke,fu.ke,fike,fuke
fi.be,fu.be,fibe,fube
fi.de,fu.de,fide,fude
fi.ge,fu.ge,fige,fuge
fi.fe,fu.fe,fife,fufe
fi.se,fu.se,fise,fuse
fi.ve,fu.ve,five,fuve
fi.ze,fu.ze,fize,fuze
fi.ʃe,fu.ʃe,fiʃe,fuʃe
fi.ʒe,fu.ʒe,fiʒe,fuʒe
fi.θe,fu.θe,fiθe,fuθe
fi.ðe,fu.ðe,fiðe,fuðe
fi.he,fu.he,fihe,fuhe
fi.mu,fu.mu,fimu,fumu
fi.nu,fu.nu,finu,funu
fi.pu,fu.pu,fipu,fupu
fi.tu,fu.tu,fitu,futu
fi.ku,fu.ku,fiku,fuku
fi.bu,fu.bu,fibu,fubu
fi.du,fu.du,fidu,fudu
fi.gu,fu.gu,figu,fugu
fi.fu,fu.fu,fifu,fufu
fi.su,fu.su,fisu,fusu
fi.vu,fu.vu,fivu,fuvu
fi.zu,fu.zu,fizu,fuzu
fi.ʃu,fu.ʃu,fiʃu,fuʃu
fi.ʒu,fu.ʒu,fiʒu,fuʒu
fi.θu,fu.θu,fiθu,fuθu
fi.ðu,fu.ðu,fiðu,fuðu
fi.hu,fu.hu,fihu,fuhu
fi.mo,fu.mo,fimo,fumo
fi.no,fu.no,fino,funo
fi.po,fu.po,fipo,fupo
fi.to,fu.to,fito,futo
fi.ko,fu.ko,fiko,fuko
fi.bo,fu.bo,fibo,fubo
fi.do,fu.do,fido,fudo
fi.go,fu.go,figo,fugo
fi.fo,fu.fo,fifo,fufo
fi.so,fu.so,fiso,fuso
fi.vo,fu.vo,fivo,fuvo
fi.zo,fu.zo,fizo,fuzo
fi.ʃo,fu.ʃo,fiʃo,fuʃo
fi.ʒo,fu.ʒo,fiʒo,fuʒo
fi.θo,fu.θo,fiθo,fuθo
fi.ðo,fu.ðo,fiðo,fuðo
fi.ho,fu.ho,fiho,fuho
si.mi,su.mi,simi,sumi
si.ni,su.ni,sini,suni
si.pi,su.pi,sipi,supi
si.ti,su.ti,siti,suti
si.ki,su.ki,siki,suki
si.bi,su.bi,sibi,subi
si.di,su.di,sidi,sudi
si.gi,su.gi,sigi,sugi
si.fi,su.fi,sifi,sufi
si.si,su.si,sisi,susi
si.vi,su.vi,sivi,suvi
si.zi,su.zi,sizi,suzi
si.ʃi,su.ʃi,siʃi,suʃi
si.ʒi,su.ʒi,siʒi,suʒi
si.θi,su.θi,siθi,suθi
si.ði,su.ði,siði,suði
si.hi,su.hi,sihi,suhi
si.me,su.me,sime,sume
si.ne,su.ne,sine,sune
si.pe,su.pe,sipe,supe
si.te,su.te,site,sute
si.ke,su.ke,sike,suke
si.be,su.be,sibe,sube
si.de,su.de,side,sude
si.ge,su.ge,sige,suge
si.fe,su.fe,sife,sufe
si.se,su.se,sise,suse
si.ve,su.ve,sive,suve
si.ze,su.ze,size,suze
si.ʃe,su.ʃe,siʃe,suʃe
si.ʒe,su.ʒe,siʒe,suʒe
si.θe,su.θe,siθe,suθe
si.ðe,su.ðe,siðe,suðe
si.he,su.he,sihe,suhe
si.mu,su.mu,simu,sumu
si.nu,su.nu,sinu,sunu
si.pu,su.pu,sipu,supu
si.tu,su.tu,situ,sutu
si.ku,su.ku,siku,suku
si.bu,su.bu,sibu,subu
si.du,su.du,sidu,sudu
si.gu,su.gu,sigu,sugu
si.fu,su.fu,sifu,sufu
si.su,su.su,sisu,susu
si.vu,su.vu,sivu,suvu
si.zu,su.zu,sizu,suzu
si.ʃu,su.ʃu,siʃu,suʃu
si.ʒu,su.ʒu,siʒu,suʒu
si.θu,su.θu,siθu,suθu
si.ðu,su.ðu,siðu,suðu
si.hu,su.hu,sihu,suhu
si.mo,su.mo,simo,sumo
si.no,su.no,sino,suno
si.po,su.po,sipo,supo
si.to,su.to,sito,suto
si.ko,su.ko,siko,suko
si.bo,su.bo,sibo,subo
si.do,su.do,sido,sudo
si.go,su.go,sigo,sugo
si.fo,su.fo,sifo,sufo
si.so,su.so,siso,suso
si.vo,su.vo,sivo,suvo
si.zo,su.zo,sizo,suzo
si.ʃo,su.ʃo,siʃo,suʃo
si.ʒo,su.ʒo,siʒo,suʒo
si.θo,su.θo,siθo,suθo
si.ðo,su.ðo,siðo,suðo
si.ho,su.ho,siho,suho
vi.mi,vu.mi,vimi,vumi
vi.ni,vu.ni,vini,vuni
vi.pi,vu.pi,vipi,vupi
vi.ti,vu.ti,viti,vuti
vi.ki,vu.ki,viki,vuki
vi.bi,vu.bi,vibi,vubi
vi.di,vu.di,vidi,vudi
vi.gi,vu.gi,vigi,vugi
vi.fi,vu.fi,vifi,vufi
vi.si,vu.si,visi,vusi
vi.vi,vu.vi,vivi,vuvi
vi.zi,vu.zi,vizi,vuzi
vi.ʃi,vu.ʃi,viʃi,vuʃi
vi.ʒi,vu.ʒi,viʒi,vuʒi
vi.θi,vu.θi,viθi,vuθi
vi.ði,vu.ði,viði,vuði
vi.hi,vu.hi,vihi,vuhi
vi.me,vu.me,vime,vume
vi.ne,vu.ne,vine,vune
vi.pe,vu.pe,vipe,vupe
vi.te,vu.te,vite,vute
vi.ke,vu.ke,vike,vuke
vi.be,vu.be,vibe,vube
vi.de,vu.de,vide,vude
vi.ge,vu.ge,vige,vuge
vi.fe,vu.fe,vife,vufe
vi.se,vu.se,vise,vuse
vi.ve,vu.ve,vive,vuve
vi.ze,vu.ze,vize,vuze
vi.ʃe,vu.ʃe,viʃe,vuʃe
vi.ʒe,vu.ʒe,viʒe,vuʒe
vi.θe,vu.θe,viθe,vuθe
vi.ðe,vu.ðe,viðe,vuðe
vi.he,vu.he,vihe,vuhe
vi.mu,vu.mu,vimu,vumu
vi.nu,vu.nu,vinu,vunu
vi.pu,vu.pu,vipu,vupu
vi.tu,vu.tu,vitu,vutu
vi.ku,vu.ku,viku,vuku
vi.bu,vu.bu,vibu,vubu
vi.du,vu.du,vidu,vudu
vi.gu,vu.gu,vigu,vugu
vi.fu,vu.fu,vifu,vufu
vi.su,vu.su,visu,vusu
vi.vu,vu.vu,vivu,vuvu
vi.zu,vu.zu,vizu,vuzu
vi.ʃu,vu.ʃu,viʃu,vuʃu
vi.ʒu,vu.ʒu,viʒu,vuʒu
vi.θu,vu.θu,viθu,vuθu
vi.ðu,vu.ðu,viðu,vuðu
vi.hu,vu.hu,vihu,vuhu
vi.mo,vu.mo,vimo,vumo
vi.no,vu.no,vino,vuno
vi.po,vu.po,vipo,vupo
vi.to,vu.to,vito,vuto
vi.ko,vu.ko,viko,vuko
vi.bo,vu.bo,vibo,vubo
vi.do,vu.do,vido,vudo
vi.go,vu.go,vigo,vugo
vi.fo,vu.fo,vifo,vufo
vi.so,vu.so,viso,vuso
vi.vo,vu.vo,vivo,vuvo
vi.zo,vu.zo,vizo,vuzo
vi.ʃo,vu.ʃo,viʃo,vuʃo
vi.ʒo,vu.ʒo,viʒo,vuʒo
vi.θo,vu.θo,viθo,vuθo
vi.ðo,vu.ðo,viðo,vuðo
vi.ho,vu.ho,viho,vuho
zi.mi,zu.mi,zimi,zumi
zi.ni,zu.ni,zini,zuni
zi.pi,zu.pi,zipi,zupi
zi.ti,zu.ti,ziti,zuti
zi.ki,zu.ki,ziki,zuki
zi.bi,zu.bi,zibi,zubi
zi.di,zu.di,zidi,zudi
zi.gi,zu.gi,zigi,zugi
zi.fi,zu.fi,zifi,zufi
zi.si,zu.si,zisi,zusi
zi.vi,zu.vi,zivi,zuvi
zi.zi,zu.zi,zizi,zuzi
zi.ʃi,zu.ʃi,ziʃi,zuʃi
zi.ʒi,zu.ʒi,ziʒi,zuʒi
zi.θi,zu.θi,ziθi,zuθi
zi.ði,zu.ði,ziði,zuði
zi.hi,zu.hi,zihi,zuhi
zi.me,zu.me,zime,zume
zi.ne,zu.ne,zine,zune
zi.pe,zu.pe,zipe,zupe
zi.te,zu.te,zite,zute
zi.ke,zu.ke,zike,zuke
zi.be,zu.be,zibe,zube
zi.de,zu.de,zide,zude
zi.ge,zu.ge,zige,zuge
zi.fe,zu.fe,zife,zufe
zi.se,zu.se,zise,zuse
zi.ve,zu.ve,zive,zuve
zi.ze,zu.ze,zize,zuze
zi.ʃe,zu.ʃe,ziʃe,zuʃe
zi.ʒe,zu.ʒe,ziʒe,zuʒe
zi.θe,zu.θe,ziθe,zuθe
zi.ðe,zu.ðe,ziðe,zuðe
zi.he,zu.he,zihe,zuhe
zi.mu,zu.mu,zimu,zumu
zi.nu,zu.nu,zinu,zunu
zi.pu,zu.pu,zipu,zupu
zi.tu,zu.tu,zitu,zutu
zi.ku,zu.ku,ziku,zuku
zi.bu,zu.bu,zibu,zubu
zi.du,zu.du,zidu,zudu
zi.gu,zu.gu,zigu,zugu
zi.fu,zu.fu,zifu,zufu
zi.su,zu.su,zisu,zusu
zi.vu,zu.vu,zivu,zuvu
zi.zu,zu.zu,zizu,zuzu
zi.ʃu,zu.ʃu,ziʃu,zuʃu
zi.ʒu,zu.ʒu,ziʒu,zuʒu
zi.θu,zu.θu,ziθu,zuθu
zi.ðu,zu.ðu,ziðu,zuðu
zi.hu,zu.hu,zihu,zuhu
zi.mo,zu.mo,zimo,zumo
zi.no,zu.no,zino,zuno
zi.po,zu.po,zipo,zupo
zi.to,zu.to,zito,zuto
zi.ko,zu.ko,ziko,zuko
zi.bo,zu.bo,zibo,zubo
zi.do,zu.do,zido,zudo
zi.go,zu.go,zigo,zugo
zi.fo,zu.fo,zifo,zufo
zi.so,zu.so,ziso,zuso
zi.vo,zu.vo,zivo,zuvo
zi.zo,zu.zo,zizo,zuzo
zi.ʃo,zu.ʃo,ziʃo,zuʃo
zi.ʒo,zu.ʒo,ziʒo,zuʒo
zi.θo,zu.θo,ziθo,zuθo
zi.ðo,zu.ðo,ziðo,zuðo
zi.ho,zu.ho,ziho,zuho
ʃi.mi,ʃu.mi,ʃimi,ʃumi
ʃi.ni,ʃu.ni,ʃini,ʃuni
ʃi.pi,ʃu.pi,ʃipi,ʃupi
ʃi.ti,ʃu.ti,ʃiti,ʃuti
ʃi.ki,ʃu.ki,ʃiki,ʃuki
ʃi.bi,ʃu.bi,ʃibi,ʃubi
ʃi.di,ʃu.di,ʃidi,ʃudi
ʃi.gi,ʃu.gi,ʃigi,ʃugi
ʃi.fi,ʃu.fi,ʃifi,ʃufi
ʃi.si,ʃu.si,ʃisi,ʃusi
ʃi.vi,ʃu.vi,ʃivi,ʃuvi
ʃi.zi,ʃu.zi,ʃizi,ʃuzi
ʃi.ʃi,ʃu.ʃi,ʃiʃi,ʃuʃi
ʃi.ʒi,ʃu.ʒi,ʃiʒi,ʃuʒi
ʃi.θi,ʃu.θi,ʃiθi,ʃuθi
ʃi.ði,ʃu.ði,ʃiði,ʃuði
ʃi.hi,ʃu.hi,ʃihi,ʃuhi
ʃi.me,ʃu.me,ʃime,ʃume
ʃi.ne,ʃu.ne,ʃine,ʃune
ʃi.pe,ʃu.pe,ʃipe,ʃupe
ʃi.te,ʃu.te,ʃite,ʃute
ʃi.ke,ʃu.ke,ʃike,ʃuke
ʃi.be,ʃu.be,ʃibe,ʃube
ʃi.de,ʃu.de,ʃide,ʃude
ʃi.ge,ʃu.ge,ʃige,ʃuge
ʃi.fe,ʃu.fe,ʃife,ʃufe
ʃi.se,ʃu.se,ʃise,ʃuse
ʃi.ve,ʃu.ve,ʃive,ʃuve
ʃi.ze,ʃu.ze,ʃize,ʃuze
ʃi.ʃe,ʃu.ʃe,ʃiʃe,ʃuʃe
ʃi.ʒe,ʃu.ʒe,ʃiʒe,ʃuʒe
ʃi.θe,ʃu.θe,ʃiθe,ʃuθe
ʃi.ðe,ʃu.ðe,ʃiðe,ʃuðe
ʃi.he,ʃu.he,ʃihe,ʃuhe
ʃi.mu,ʃu.mu,ʃimu,ʃumu
ʃi.nu,ʃu.nu,ʃinu,ʃunu
ʃi.pu,ʃu.pu,ʃipu,ʃupu
ʃi.tu,ʃu.tu,ʃitu,ʃutu
ʃi.ku,ʃu.ku,ʃiku,ʃuku
ʃi.bu,ʃu.bu,ʃibu,ʃubu
ʃi.du,ʃu.du,ʃidu,ʃudu
ʃi.gu,ʃu.gu,ʃigu,ʃugu
ʃi.fu,ʃu.fu,ʃifu,ʃufu
ʃi.su,ʃu.su,ʃisu,ʃusu
ʃi.vu,ʃu.vu,ʃivu,ʃuvu
ʃi.zu,ʃu.zu,ʃizu,ʃuzu
ʃi.ʃu,ʃu.ʃu,ʃiʃu,ʃuʃu
ʃi.ʒu,ʃu.ʒu,ʃiʒu,ʃuʒu
ʃi.θu,ʃu.θu,ʃiθu,ʃuθu
ʃi.ðu,ʃu.ðu,ʃiðu,ʃuðu
ʃi.hu,ʃu.hu,ʃihu,ʃuhu
ʃi.mo,ʃu.mo,ʃimo,ʃumo
ʃi.no,ʃu.no,ʃino,ʃuno
ʃi.po,ʃu.po,ʃipo,ʃupo
ʃi.to,ʃu.to,ʃito,ʃuto
ʃi.ko,ʃu.ko,ʃiko,ʃuko
ʃi.bo,ʃu.bo,ʃibo,ʃubo
ʃi.do,ʃu.do,ʃido,ʃudo
ʃi.go,ʃu.go,ʃigo,ʃugo
ʃi.fo,ʃu.fo,ʃifo,ʃufo
ʃi.so,ʃu.so,ʃiso,ʃuso
ʃi.vo,ʃu.vo,ʃivo,ʃuvo
ʃi.zo,ʃu.zo,ʃizo,ʃuzo
ʃi.ʃo,ʃu.ʃo,ʃiʃo,ʃuʃo
ʃi.ʒo,ʃu.ʒo,ʃiʒo,ʃuʒo
ʃi.θo,ʃu.θo,ʃiθo,ʃuθo
ʃi.ðo,ʃu.ðo,ʃiðo,ʃuðo
ʃi.ho,ʃu.ho,ʃiho,ʃuho
ʒi.mi,ʒu.mi,ʒimi,ʒumi
ʒi.ni,ʒu.ni,ʒini,ʒuni
ʒi.pi,ʒu.pi,ʒipi,ʒupi
ʒi.ti,ʒu.ti,ʒiti,ʒuti
ʒi.ki,ʒu.ki,ʒiki,ʒuki
ʒi.bi,ʒu.bi,ʒibi,ʒubi
ʒi.di,ʒu.di,ʒidi,ʒudi
ʒi.gi,ʒu.gi,ʒigi,ʒugi
ʒi.fi,ʒu.fi,ʒifi,ʒufi
ʒi.si,ʒu.si,ʒisi,ʒusi
ʒi.vi,ʒu.vi,ʒivi,ʒuvi
ʒi.zi,ʒu.zi,ʒizi,ʒuzi
ʒi.ʃi,ʒu.ʃi,ʒiʃi,ʒuʃi
ʒi.ʒi,ʒu.ʒi,ʒiʒi,ʒuʒi
ʒi.θi,ʒu.θi,ʒiθi,ʒuθi
ʒi.ði,ʒu.ði,ʒiði,ʒuði
ʒi.hi,ʒu.hi,ʒihi,ʒuhi
ʒi.me,ʒu.me,ʒime,ʒume
ʒi.ne,ʒu.ne,ʒine,ʒune
ʒi.pe,ʒu.pe,ʒipe,ʒupe
ʒi.te,ʒu.te,ʒite,ʒute
ʒi.ke,ʒu.ke,ʒike,ʒuke
ʒi.be,ʒu.be,ʒibe,ʒube
ʒi.de,ʒu.de,ʒide,ʒude
ʒi.ge,ʒu.ge,ʒige,ʒuge
ʒi.fe,ʒu.fe,ʒife,ʒufe
ʒi.se,ʒu.se,ʒise,ʒuse
ʒi.ve,ʒu.ve,ʒive,ʒuve
ʒi.ze,ʒu.ze,ʒize,ʒuze
ʒi.ʃe,ʒu.ʃe,ʒiʃe,ʒuʃe
ʒi.ʒe,ʒu.ʒe,ʒiʒe,ʒuʒe
ʒi.θe,ʒu.θe,ʒiθe,ʒuθe
ʒi.ðe,ʒu.ðe,ʒiðe,ʒuðe
ʒi.he,ʒu.he,ʒihe,ʒuhe
ʒi.mu,ʒu.mu,ʒimu,ʒumu
ʒi.nu,ʒu.nu,ʒinu,ʒunu
ʒi.pu,ʒu.pu,ʒipu,ʒupu
ʒi.tu,ʒu.tu,ʒitu,ʒutu
ʒi.ku,ʒu.ku,ʒiku,ʒuku
ʒi.bu,ʒu.bu,ʒibu,ʒubu
ʒi.du,ʒu.du,ʒidu,ʒudu
ʒi.gu,ʒu.gu,ʒigu,ʒugu
ʒi.fu,ʒu.fu,ʒifu,ʒufu
ʒi.su,ʒu.su,ʒisu,ʒusu
ʒi.vu,ʒu.vu,ʒivu,ʒuvu
ʒi.zu,ʒu.zu,ʒizu,ʒuzu
ʒi.ʃu,ʒu.ʃu,ʒiʃu,ʒuʃu
ʒi.ʒu,ʒu.ʒu,ʒiʒu,ʒuʒu
ʒi.θu,ʒu.θu,ʒiθu,ʒuθu
ʒi.ðu,ʒu.ðu,ʒiðu,ʒuðu
ʒi.hu,ʒu.hu,ʒihu,ʒuhu
ʒi.mo,ʒu.mo,ʒimo,ʒumo
ʒi.no,ʒu.no,ʒino,ʒuno
ʒi.po,ʒu.po,ʒipo,ʒupo
ʒi.to,ʒu.to,ʒito,ʒuto
ʒi.ko,ʒu.ko,ʒiko,ʒuko
ʒi.bo,ʒu.bo,ʒibo,ʒubo
ʒi.do,ʒu.do,ʒido,ʒudo
ʒi.go,ʒu.go,ʒigo,ʒugo
ʒi.fo,ʒu.fo,ʒifo,ʒufo
ʒi.so,ʒu.so,ʒiso,ʒuso
ʒi.vo,ʒu.vo,ʒivo,ʒuvo
ʒi.zo,ʒu.zo,ʒizo,ʒuzo
ʒi.ʃo,ʒu.ʃo,ʒiʃo,ʒuʃo
ʒi.ʒo,ʒu.ʒo,ʒiʒo,ʒuʒo
ʒi.θo,ʒu.θo,ʒiθo,ʒuθo
ʒi.ðo,ʒu.ðo,ʒiðo,ʒuðo
ʒi.ho,ʒu.ho,ʒiho,ʒuho
θi.mi,θu.mi,θimi,θumi
θi.ni,θu.ni,θini,θuni
θi.pi,θu.pi,θipi,θupi
θi.ti,θu.ti,θiti,θuti
θi.ki,θu.ki,θiki,θuki
θi.bi,θu.bi,θibi,θubi
θi.di,θu.di,θidi,θudi
θi.gi,θu.gi,θigi,θugi
θi.fi,θu.fi,θifi,θufi
θi.si,θu.si,θisi,θusi
θi.vi,θu.vi,θivi,θuvi
θi.zi,θu.zi,θizi,θuzi
θi.ʃi,θu.ʃi,θiʃi,θuʃi
θi.ʒi,θu.ʒi,θiʒi,θuʒi
θi.θi,θu.θi,θiθi,θuθi
θi.ði,θu.ði,θiði,θuði
θi.hi,θu.hi,θihi,θuhi
θi.me,θu.me,θime,θume
θi.ne,θu.ne,θine,θune
θi.pe,θu.pe,θipe,θupe
θi.te,θu.te,θite,θute
θi.ke,θu.ke,θike,θuke
θi.be,θu.be,θibe,θube
θi.de,θu.de,θide,θude
θi.ge,θu.ge,θige,θuge
θi.fe,θu.fe,θife,θufe
θi.se,θu.se,θise,θuse
θi.ve,θu.ve,θive,θuve
θi.ze,θu.ze,θize,θuze
θi.ʃe,θu.ʃe,θiʃe,θuʃe
θi.ʒe,θu.ʒe,θiʒe,θuʒe
θi.θe,θu.θe,θiθe,θuθe
θi.ðe,θu.ðe,θiðe,θuðe
θi.he,θu.he,θihe,θuhe
θi.mu,θu.mu,θimu,θumu
θi.nu,θu.nu,θinu,θunu
θi.pu,θu.pu,θipu,θupu
θi.tu,θu.tu,θitu,θutu
θi.ku,θu.ku,θiku,θuku
θi.bu,θu.bu,θibu,θubu
θi.du,θu.du,θidu,θudu
θi.gu,θu.gu,θigu,θugu
θi.fu,θu.fu,θifu,θufu
θi.su,θu.su,θisu,θusu
θi.vu,θu.vu,θivu,θuvu
θi.zu,θu.zu,θizu,θuzu
θi.ʃu,θu.ʃu,θiʃu,θuʃu
θi.ʒu,θu.ʒu,θiʒu,θuʒu
θi.θu,θu.θu,θiθu,θuθu
θi.ðu,θu.ðu,θiðu,θuðu
θi.hu,θu.hu,θihu,θuhu
θi.mo,θu.mo,θimo,θumo
θi.no,θu.no,θino,θuno
θi.po,θu.po,θipo,θupo
θi.to,θu.to,θito,θuto
θi.ko,θu.ko,θiko,θuko
θi.bo,θu.bo,θibo,θubo
θi.do,θu.do,θido,θudo
θi.go,θu.go,θigo,θugo
θi.fo,θu.fo,θifo,θufo
θi.so,θu.so,θiso,θuso
θi.vo,θu.vo,θivo,θuvo
θi.zo,θu.zo,θizo,θuzo
θi.ʃo,θu.ʃo,θiʃo,θuʃo
θi.ʒo,θu.ʒo,θiʒo,θuʒo
θi.θo,θu.θo,θiθo,θuθo
θi.ðo,θu.ðo,θiðo,θuðo
θi.ho,θu.ho,θiho,θuho
ði.mi,ðu.mi,ðimi,ðumi
ði.ni,ðu.ni,ðini,ðuni
ði.pi,ðu.pi,ðipi,ðupi
ði.ti,ðu.ti,ðiti,ðuti
ði.ki,ðu.ki,ðiki,ðuki
ði.bi,ðu.bi,ðibi,ðubi
ði.di,ðu.di,ðidi,ðudi
ði.gi,ðu.gi,ðigi,ðugi
ði.fi,ðu.fi,ðifi,ðufi
ði.si,ðu.si,ðisi,ðusi
ði.vi,ðu.vi,ðivi,ðuvi
ði.zi,ðu.zi,ðizi,ðuzi
ði.ʃi,ðu.ʃi,ðiʃi,ðuʃi
ði.ʒi,ðu.ʒi,ðiʒi,ðuʒi
ði.θi,ðu.θi,ðiθi,ðuθi
ði.ði,ðu.ði,ðiði,ðuði
ði.hi,ðu.hi,ðihi,ðuhi
ði.me,ðu.me,ðime,ðume
ði.ne,ðu.ne,ðine,ðune
ði.pe,ðu.pe,ðipe,ðupe
ði.te,ðu.te,ðite,ðute
ði.ke,ðu.ke,ðike,ðuke
ði.be,ðu.be,ðibe,ðube
ði.de,ðu.de,ðide,ðude
ði.ge,ðu.ge,ðige,ðuge
ði.fe,ðu.fe,ðife,ðufe
ði.se,ðu.se,ðise,ðuse
ði.ve,ðu.ve,ðive,ðuve
ði.ze,ðu.ze,ðize,ðuze
ði.ʃe,ðu.ʃe,ðiʃe,ðuʃe
ði.ʒe,ðu.ʒe,ðiʒe,ðuʒe
ði.θe,ðu.θe,ðiθe,ðuθe
ði.ðe,ðu.ðe,ðiðe,ðuðe
ði.he,ðu.he,ðihe,ðuhe
ði.mu,ðu.mu,ðimu,ðumu
ði.nu,ðu.nu,ðinu,ðunu
ði.pu,ðu.pu,ðipu,ðupu
ði.tu,ðu.tu,ðitu,ðutu
ði.ku,ðu.ku,ðiku,ðuku
ði.bu,ðu.bu,ðibu,ðubu
ði.du,ðu.du,ðidu,ðudu
ði.gu,ðu.gu,ðigu,ðugu
ði.fu,ðu.fu,ðifu,ðufu
ði.su,ðu.su,ðisu,ðusu
ði.vu,ðu.vu,ðivu,ðuvu
ði.zu,ðu.zu,ðizu,ðuzu
ði.ʃu,ðu.ʃu,ðiʃu,ðuʃu
ði.ʒu,ðu.ʒu,ðiʒu,ðuʒu
ði.θu,ðu.θu,ðiθu,ðuθu
ði.ðu,ðu.ðu,ðiðu,ðuðu
ði.hu,ðu.hu,ðihu,ðuhu
ði.mo,ðu.mo,ðimo,ðumo
ði.no,ðu.no,ðino,ðuno
ði.po,ðu.po,ðipo,ðupo
ði.to,ðu.to,ðito,ðuto
ði.ko,ðu.ko,ðiko,ðuko
ði.bo,ðu.bo,ðibo,ðubo
ði.do,ðu.do,ðido,ðudo
ði.go,ðu.go,ðigo,ðugo
ði.fo,ðu.fo,ðifo,ðufo
ði.so,ðu.so,ðiso,ðuso
ði.vo,ðu.vo,ðivo,ðuvo
ði.zo,ðu.zo,ðizo,ðuzo
ði.ʃo,ðu.ʃo,ðiʃo,ðuʃo
ði.ʒo,ðu.ʒo,ðiʒo,ðuʒo
ði.θo,ðu.θo,ðiθo,ðuθo
ði.ðo,ðu.ðo,ðiðo,ðuðo
ði.ho,ðu.ho,ðiho,ðuho
hi.mi,hu.mi,himi,humi
hi.ni,hu.ni,hini,huni
hi.pi,hu.pi,hipi,hupi
hi.ti,hu.ti,hiti,huti
hi.ki,hu.ki,hiki,huki
hi.bi,hu.bi,hibi,hubi
hi.di,hu.di,hidi,hudi
hi.gi,hu.gi,higi,hugi
hi.fi,hu.fi,hifi,hufi
hi.si,hu.si,hisi,husi
hi.vi,hu.vi,hivi,huvi
hi.zi,hu.zi,hizi,huzi
hi.ʃi,hu.ʃi,hiʃi,huʃi
hi.ʒi,hu.ʒi,hiʒi,huʒi
hi.θi,hu.θi,hiθi,huθi
hi.ði,hu.ði,hiði,huði
hi.hi,hu.hi,hihi,huhi
hi.me,hu.me,hime,hume
hi.ne,hu.ne,hine,hune
hi.pe,hu.pe,hipe,hupe
hi.te,hu.te,hite,hute
hi.ke,hu.ke,hike,huke
hi.be,hu.be,hibe,hube
hi.de,hu.de,hide,hude
hi.ge,hu.ge,hige,huge
hi.fe,hu.fe,hife,hufe
hi.se,hu.se,hise,huse
hi.ve,hu.ve,hive,huve
hi.ze,hu.ze,hize,huze
hi.ʃe,hu.ʃe,hiʃe,huʃe
hi.ʒe,hu.ʒe,hiʒe,huʒe
hi.θe,hu.θe,hiθe,huθe
hi.ðe,hu.ðe,hiðe,huðe
hi.he,hu.he,hihe,huhe
hi.mu,hu.mu,himu,humu
hi.nu,hu.nu,hinu,hunu
hi.pu,hu.pu,hipu,hupu
hi.tu,hu.tu,hitu,hutu
hi.ku,hu.ku,hiku,huku
hi.bu,hu.bu,hibu,hubu
hi.du,hu.du,hidu,hudu
hi.gu,hu.gu,higu,hugu
hi.fu,hu.fu,hifu,hufu
hi.su,hu.su,hisu,husu
hi.vu,hu.vu,hivu,huvu
hi.zu,hu.zu,hizu,huzu
hi.ʃu,hu.ʃu,hiʃu,huʃu
hi.ʒu,hu.ʒu,hiʒu,huʒu
hi.θu,hu.θu,hiθu,huθu
hi.ðu,hu.ðu,hiðu,huðu
hi.hu,hu.hu,hihu,huhu
hi.mo,hu.mo,himo,humo
hi.no,hu.no,hino,huno
hi.po,hu.po,hipo,hupo
hi.to,hu.to,hito,huto
hi.ko,hu.ko,hiko,huko
hi.bo,hu.bo,hibo,hubo
hi.do,hu.do,hido,hudo
hi.go,hu.go,higo,hugo
hi.fo,hu.fo,hifo,hufo
hi.so,hu.so,hiso,huso
hi.vo,hu.vo,hivo,huvo
hi.zo,hu.zo,hizo,huzo
hi.ʃo,hu.ʃo,hiʃo,huʃo
hi.ʒo,hu.ʒo,hiʒo,huʒo
hi.θo,hu.θo,hiθo,huθo
hi.ðo,hu.ðo,hiðo,huðo
hi.ho,hu.ho,hiho,huho
me.mi,mo.mi,memi,momi
me.ni,mo.ni,meni,moni
me.pi,mo.pi,mepi,mopi
me.ti,mo.ti,meti,moti
me.ki,mo.ki,meki,moki
me.bi,mo.bi,mebi,mobi
me.di,mo.di,medi,modi
me.gi,mo.gi,megi,mogi
me.fi,mo.fi,mefi,mofi
me.si,mo.si,mesi,mosi
me.vi,mo.vi,mevi,movi
me.zi,mo.zi,mezi,mozi
me.ʃi,mo.ʃi,meʃi,moʃi
me.ʒi,mo.ʒi,meʒi,moʒi
me.θi,mo.θi,meθi,moθi
me.ði,mo.ði,meði,moði
me.hi,mo.hi,mehi,mohi
me.me,mo.me,meme,mome
me.ne,mo.ne,mene,mone
me.pe,mo.pe,mepe,mope
me.te,mo.te,mete,mote
me.ke,mo.ke,meke,moke
me.be,mo.be,mebe,mobe
me.de,mo.de,mede,mode
me.ge,mo.ge,mege,moge
me.fe,mo.fe,mefe,mofe
me.se,mo.se,mese,mose
me.ve,mo.ve,meve,move
me.ze,mo.ze,meze,moze
me.ʃe,mo.ʃe,meʃe,moʃe
me.ʒe,mo.ʒe,meʒe,moʒe
me.θe,mo.θe,meθe,moθe
me.ðe,mo.ðe,meðe,moðe
me.he,mo.he,mehe,mohe
me.mu,mo.mu,memu,momu
me.nu,mo.nu,menu,monu
me.pu,mo.pu,mepu,mopu
me.tu,mo.tu,metu,motu
me.ku,mo.ku,meku,moku
me.bu,mo.bu,mebu,mobu
me.du,mo.du,medu,modu
me.gu,mo.gu,megu,mogu
me.fu,mo.fu,mefu,mofu
me.su,mo.su,mesu,mosu
me.vu,mo.vu,mevu,movu
me.zu,mo.zu,mezu,mozu
me.ʃu,mo.ʃu,meʃu,moʃu
me.ʒu,mo.ʒu,meʒu,moʒu
me.θu,mo.θu,meθu,moθu
me.ðu,mo.ðu,meðu,moðu
me.hu,mo.hu,mehu,mohu
me.mo,mo.mo,memo,momo
me.no,mo.no,meno,mono
me.po,mo.po,mepo,mopo
me.to,mo.to,meto,moto
me.ko,mo.ko,meko,moko
me.bo,mo.bo,mebo,mobo
me.do,mo.do,medo,modo
me.go,mo.go,mego,mogo
me.fo,mo.fo,mefo,mofo
me.so,mo.so,meso,moso
me.vo,mo.vo,mevo,movo
me.zo,mo.zo,mezo,mozo
me.ʃo,mo.ʃo,meʃo,moʃo
me.ʒo,mo.ʒo,meʒo,moʒo
me.θo,mo.θo,meθo,moθo
me.ðo,mo.ðo,meðo,moðo
me.ho,mo.ho,meho,moho
ne.mi,no.mi,nemi,nomi
ne.ni,no.ni,neni,noni
ne.pi,no.pi,nepi,nopi
ne.ti,no.ti,neti,noti
ne.ki,no.ki,neki,noki
ne.bi,no.bi,nebi,nobi
ne.di,no.di,nedi,nodi
ne.gi,no.gi,negi,nogi
ne.fi,no.fi,nefi,nofi
ne.si,no.si,nesi,nosi
ne.vi,no.vi,nevi,novi
ne.zi,no.zi,nezi,nozi
ne.ʃi,no.ʃi,neʃi,noʃi
ne.ʒi,no.ʒi,neʒi,noʒi
ne.θi,no.θi,neθi,noθi
ne.ði,no.ði,neði,noði
ne.hi,no.hi,nehi,nohi
ne.me,no.me,neme,nome
ne.ne,no.ne,nene,none
ne.pe,no.pe,nepe,nope
ne.te,no.te,nete,note
ne.ke,no.ke,neke,noke
ne.be,no.be,nebe,nobe
ne.de,no.de,nede,node
ne.ge,no.ge,nege,noge
ne.fe,no.fe,nefe,nofe
ne.se,no.se,nese,nose
ne.ve,no.ve,neve,nove
ne.ze,no.ze,neze,noze
ne.ʃe,no.ʃe,neʃe,noʃe
ne.ʒe,no.ʒe,neʒe,noʒe
ne.θe,no.θe,neθe,noθe
ne.ðe,no.ðe,neðe,noðe
ne.he,no.he,nehe,nohe
ne.mu,no.mu,nemu,nomu
ne.nu,no.nu,nenu,nonu
ne.pu,no.pu,nepu,nopu
ne.tu,no.tu,netu,notu
ne.ku,no.ku,neku,noku
ne.bu,no.bu,nebu,nobu
ne.du,no.du,nedu,nodu
ne.gu,no.gu,negu,nogu
ne.fu,no.fu,nefu,nofu
ne.su,no.su,nesu,nosu
ne.vu,no.vu,nevu,novu
ne.zu,no.zu,nezu,nozu
ne.ʃu,no.ʃu,neʃu,noʃu
ne.ʒu,no.ʒu,neʒu,noʒu
ne.θu,no.θu,neθu,noθu
ne.ðu,no.ðu,neðu,noðu
ne.hu,no.hu,nehu,nohu
ne.mo,no.mo,nemo,nomo
ne.no,no.no,neno,nono
ne.po,no.po,nepo,nopo
ne.to,no.to,neto,noto
ne.ko,no.ko,neko,noko
ne.bo,no.bo,nebo,nobo
ne.do,no.do,nedo,nodo
ne.go,no.go,nego,nogo
ne.fo,no.fo,nefo,nofo
ne.so,no.so,neso,noso
ne.vo,no.vo,nevo,novo
ne.zo,no.zo,nezo,nozo
ne.ʃo,no.ʃo,neʃo,noʃo
ne.ʒo,no.ʒo,neʒo,noʒo
ne.θo,no.θo,neθo,noθo
ne.ðo,no.ðo,neðo,noðo
ne.ho,no.ho,neho,noho
pe.mi,po.mi,pemi,pomi
pe.ni,po.ni,peni,poni
pe.pi,po.pi,pepi,popi
pe.ti,po.ti,peti,poti
pe.ki,po.ki,peki,poki
pe.bi,po.bi,pebi,pobi
pe.di,po.di,pedi,podi
pe.gi,po.gi,pegi,pogi
pe.fi,po.fi,pefi,pofi
pe.si,po.si,pesi,posi
pe.vi,po.vi,pevi,povi
pe.zi,po.zi,pezi,pozi
pe.ʃi,po.ʃi,peʃi,poʃi
pe.ʒi,po.ʒi,peʒi,poʒi
pe.θi,po.θi,peθi,poθi
pe.ði,po.ði,peði,poði
pe.hi,po.hi,pehi,pohi
pe.me,po.me,peme,pome
pe.ne,po.ne,pene,pone
pe.pe,po.pe,pepe,pope
pe.te,po.te,pete,pote
pe.ke,po.ke,peke,poke
pe.be,po.be,pebe,pobe
pe.de,po.de,pede,pode
pe.ge,po.ge,pege,poge
pe.fe,po.fe,pefe,pofe
pe.se,po.se,pese,pose
pe.ve,po.ve,peve,pove
pe.ze,po.ze,peze,poze
pe.ʃe,po.ʃe,peʃe,poʃe
pe.ʒe,po.ʒe,peʒe,poʒe
pe.θe,po.θe,peθe,poθe
pe.ðe,po.ðe,peðe,poðe
pe.he,po.he,pehe,pohe
pe.mu,po.mu,pemu,pomu
pe.nu,po.nu,penu,ponu
pe.pu,po.pu,pepu,popu
pe.tu,po.tu,petu,potu
pe.ku,po.ku,peku,poku
pe.bu,po.bu,pebu,pobu
pe.du,po.du,pedu,podu
pe.gu,po.gu,pegu,pogu
pe.fu,po.fu,pefu,pofu
pe.su,po.su,pesu,posu
pe.vu,po.vu,pevu,povu
pe.zu,po.zu,pezu,pozu
pe.ʃu,po.ʃu,peʃu,poʃu
pe.ʒu,po.ʒu,peʒu,poʒu
pe.θu,po.θu,peθu,poθu
pe.ðu,po.ðu,peðu,poðu
pe.hu,po.hu,pehu,pohu
pe.mo,po.mo,pemo,pomo
pe.no,po.no,peno,pono
pe.po,po.po,pepo,popo
pe.to,po.to,peto,poto
pe.ko,po.ko,peko,poko
pe.bo,po.bo,pebo,pobo
pe.do,po.do,pedo,podo
pe.go,po.go,pego,pogo
pe.fo,po.fo,pefo,pofo
pe.so,po.so,peso,poso
pe.vo,po.vo,pevo,povo
pe.zo,po.zo,pezo,pozo
pe.ʃo,po.ʃo,peʃo,poʃo
pe.ʒo,po.ʒo,peʒo,poʒo
pe.θo,po.θo,peθo,poθo
pe.ðo,po.ðo,peðo,poðo
pe.ho,po.ho,peho,poho
te.mi,to.mi,temi,tomi
te.ni,to.ni,teni,toni
te.pi,to.pi,tepi,topi
te.ti,to.ti,teti,toti
te.ki,to.ki,teki,toki
te.bi,to.bi,tebi,tobi
te.di,to.di,tedi,todi
te.gi,to.gi,tegi,togi
te.fi,to.fi,tefi,tofi
te.si,to.si,tesi,tosi
te.vi,to.vi,tevi,tovi
te.zi,to.zi,tezi,tozi
te.ʃi,to.ʃi,teʃi,toʃi
te.ʒi,to.ʒi,teʒi,toʒi
te.θi,to.θi,teθi,toθi
te.ði,to.ði,teði,toði
te.hi,to.hi,tehi,tohi
te.me,to.me,teme,tome
te.ne,to.ne,tene,tone
te.pe,to.pe,tepe,tope
te.te,to.te,tete,tote
te.ke,to.ke,teke,toke
te.be,to.be,tebe,tobe
te.de,to.de,tede,tode
te.ge,to.ge,tege,toge
te.fe,to.fe,tefe,tofe
te.se,to.se,tese,tose
te.ve,to.ve,teve,tove
te.ze,to.ze,teze,toze
te.ʃe,to.ʃe,teʃe,toʃe
te.ʒe,to.ʒe,teʒe,toʒe
te.θe,to.θe,teθe,toθe
te.ðe,to.ðe,teðe,toðe
te.he,to.he,tehe,tohe
te.mu,to.mu,temu,tomu
te.nu,to.nu,tenu,tonu
te.pu,to.pu,tepu,topu
te.tu,to.tu,tetu,totu
te.ku,to.ku,teku,toku
te.bu,to.bu,tebu,tobu
te.du,to.du,tedu,todu
te.gu,to.gu,tegu,togu
te.fu,to.fu,tefu,tofu
te.su,to.su,tesu,tosu
te.vu,to.vu,tevu,tovu
te.zu,to.zu,tezu,tozu
te.ʃu,to.ʃu,teʃu,toʃu
te.ʒu,to.ʒu,teʒu,toʒu
te.θu,to.θu,teθu,toθu
te.ðu,to.ðu,teðu,toðu
te.hu,to.hu,tehu,tohu
te.mo,to.mo,temo,tomo
te.no,to.no,teno,tono
te.po,to.po,tepo,topo
te.to,to.to,teto,toto
te.ko,to.ko,teko,toko
te.bo,to.bo,tebo,tobo
te.do,to.do,tedo,todo
te.go,to.go,tego,togo
te.fo,to.fo,tefo,tofo
te.so,to.so,teso,toso
te.vo,to.vo,tevo,tovo
te.zo,to.zo,tezo,tozo
te.ʃo,to.ʃo,teʃo,toʃo
te.ʒo,to.ʒo,teʒo,toʒo
te.θo,to.θo,teθo,toθo
te.ðo,to.ðo,teðo,toðo
te.ho,to.ho,teho,toho
ke.mi,ko.mi,kemi,komi
ke.ni,ko.ni,keni,koni
ke.pi,ko.pi,kepi,kopi
ke.ti,ko.ti,keti,koti
ke.ki,ko.ki,keki,koki
ke.bi,ko.bi,kebi,kobi
ke.di,ko.di,kedi,kodi
ke.gi,ko.gi,kegi,kogi
ke.fi,ko.fi,kefi,kofi
ke.si,ko.si,kesi,kosi
ke.vi,ko.vi,kevi,kovi
ke.zi,ko.zi,kezi,kozi
ke.ʃi,ko.ʃi,keʃi,koʃi
ke.ʒi,ko.ʒi,keʒi,koʒi
ke.θi,ko.θi,keθi,koθi
ke.ði,ko.ði,keði,koði
ke.hi,ko.hi,kehi,kohi
ke.me,ko.me,keme,kome
ke.ne,ko.ne,kene,kone
ke.pe,ko.pe,kepe,kope
ke.te,ko.te,kete,kote
ke.ke,ko.ke,keke,koke
ke.be,ko.be,kebe,kobe
ke.de,ko.de,kede,kode
ke.ge,ko.ge,kege,koge
ke.fe,ko.fe,kefe,kofe
ke.se,ko.se,kese,kose
ke.ve,ko.ve,keve,kove
ke.ze,ko.ze,keze,koze
ke.ʃe,ko.ʃe,keʃe,koʃe
ke.ʒe,ko.ʒe,keʒe,koʒe
ke.θe,ko.θe,keθe,koθe
ke.ðe,ko.ðe,keðe,koðe
ke.he,ko.he,kehe,kohe
ke.mu,ko.mu,kemu,komu
ke.nu,ko.nu,kenu,konu
ke.pu,ko.pu,kepu,kopu
ke.tu,ko.tu,ketu,kotu
ke.ku,ko.ku,keku,koku
ke.bu,ko.bu,kebu,kobu
ke.du,ko.du,kedu,kodu
ke.gu,ko.gu,kegu,kogu
ke.fu,ko.fu,kefu,kofu
ke.su,ko.su,kesu,kosu
ke.vu,ko.vu,kevu,kovu
ke.zu,ko.zu,kezu,kozu
ke.ʃu,ko.ʃu,keʃu,koʃu
ke.ʒu,ko.ʒu,keʒu,koʒu
ke.θu,ko.θu,keθu,koθu
ke.ðu,ko.ðu,keðu,koðu
ke.hu,ko.hu,kehu,kohu
ke.mo,ko.mo,kemo,komo
ke.no,ko.no,keno,kono
ke.po,ko.po,kepo,kopo
ke.to,ko.to,keto,koto
ke.ko,ko.ko,keko,koko
ke.bo,ko.bo,kebo,kobo
ke.do,ko.do,kedo,kodo
ke.go,ko.go,kego,kogo
ke.fo,ko.fo,kefo,kofo
ke.so,ko.so,keso,koso
ke.vo,ko.vo,kevo,kovo
ke.zo,ko.zo,kezo,kozo
ke.ʃo,ko.ʃo,keʃo,koʃo
ke.ʒo,ko.ʒo,keʒo,koʒo
ke.θo,ko.θo,keθo,koθo
ke.ðo,ko.ðo,keðo,koðo
ke.ho,ko.ho,keho,koho
be.mi,bo.mi,bemi,bomi
be.ni,bo.ni,beni,boni
be.pi,bo.pi,bepi,bopi
be.ti,bo.ti,beti,boti
be.ki,bo.ki,beki,boki
be.bi,bo.bi,bebi,bobi
be.di,bo.di,bedi,bodi
be.gi,bo.gi,begi,bogi
be.fi,bo.fi,befi,bofi
be.si,bo.si,besi,bosi
be.vi,bo.vi,bevi,bovi
be.zi,bo.zi,bezi,bozi
be.ʃi,bo.ʃi,beʃi,boʃi
be.ʒi,bo.ʒi,beʒi,boʒi
be.θi,bo.θi,beθi,boθi
be.ði,bo.ði,beði,boði
be.hi,bo.hi,behi,bohi
be.me,bo.me,beme,bome
be.ne,bo.ne,bene,bone
be.pe,bo.pe,bepe,bope
be.te,bo.te,bete,bote
be.ke,bo.ke,beke,boke
be.be,bo.be,bebe,bobe
be.de,bo.de,bede,bode
be.ge,bo.ge,bege,boge
be.fe,bo.fe,befe,bofe
be.se,bo.se,bese,bose
be.ve,bo.ve,beve,bove
be.ze,bo.ze,beze,boze
be.ʃe,bo.ʃe,beʃe,boʃe
be.ʒe,bo.ʒe,beʒe,boʒe
be.θe,bo.θe,beθe,boθe
be.ðe,bo.ðe,beðe,boðe
be.he,bo.he,behe,bohe
be.mu,bo.mu,bemu,bomu
be.nu,bo.nu,benu,bonu
be.pu,bo.pu,bepu,bopu
be.tu,bo.tu,betu,botu
be.ku,bo.ku,beku,boku
be.bu,bo.bu,bebu,bobu
be.du,bo.du,bedu,bodu
be.gu,bo.gu,begu,bogu
be.fu,bo.fu,befu,bofu
be.su,bo.su,besu,bosu
be.vu,bo.vu,bevu,bovu
be.zu,bo.zu,bezu,bozu
be.ʃu,bo.ʃu,beʃu,boʃu
be.ʒu,bo.ʒu,beʒu,boʒu
be.θu,bo.θu,beθu,boθu
be.ðu,bo.ðu,beðu,boðu
be.hu,bo.hu,behu,bohu
be.mo,bo.mo,bemo,bomo
be.no,bo.no,beno,bono
be.po,bo.po,bepo,bopo
be.to,bo.to,beto,boto
be.ko,bo.ko,beko,boko
be.bo,bo.bo,bebo,bobo
be.do,bo.do,bedo,bodo
be.go,bo.go,bego,bogo
be.fo,bo.fo,befo,bofo
be.so,bo.so,beso,boso
be.vo,bo.vo,bevo,bovo
be.zo,bo.zo,bezo,bozo
be.ʃo,bo.ʃo,beʃo,boʃo
be.ʒo,bo.ʒo,beʒo,boʒo
be.θo,bo.θo,beθo,boθo
be.ðo,bo.ðo,beðo,boðo
be.ho,bo.ho,beho,boho
de.mi,do.mi,demi,domi
de.ni,do.ni,deni,doni
de.pi,do.pi,depi,dopi
de.ti,do.ti,deti,doti
de.ki,do.ki,deki,doki
de.bi,do.bi,debi,dobi
de.di,do.di,dedi,dodi
de.gi,do.gi,degi,dogi
de.fi,do.fi,defi,dofi
de.si,do.si,desi,dosi
de.vi,do.vi,devi,dovi
de.zi,do.zi,dezi,dozi
de.ʃi,do.ʃi,deʃi,doʃi
de.ʒi,do.ʒi,deʒi,doʒi
de.θi,do.θi,deθi,doθi
de.ði,do.ði,deði,doði
de.hi,do.hi,dehi,dohi
de.me,do.me,deme,dome
de.ne,do.ne,dene,done
de.pe,do.pe,depe,dope
de.te,do.te,dete,dote
de.ke,do.ke,deke,doke
de.be,do.be,debe,dobe
de.de,do.de,dede,dode
de.ge,do.ge,dege,doge
de.fe,do.fe,defe,dofe
de.se,do.se,dese,dose
de.ve,do.ve,deve,dove
de.ze,do.ze,deze,doze
de.ʃe,do.ʃe,deʃe,doʃe
de.ʒe,do.ʒe,deʒe,doʒe
de.θe,do.θe,deθe,doθe
de.ðe,do.ðe,deðe,doðe
de.he,do.he,dehe,dohe
de.mu,do.mu,demu,domu
de.nu,do.nu,denu,donu
de.pu,do.pu,depu,dopu
de.tu,do.tu,detu,dotu
de.ku,do.ku,deku,doku
de.bu,do.bu,debu,dobu
de.du,do.du,dedu,dodu
de.gu,do.gu,degu,dogu
de.fu,do.fu,defu,dofu
de.su,do.su,desu,dosu
de.vu,do.vu,devu,dovu
de.zu,do.zu,dezu,dozu
de.ʃu,do.ʃu,deʃu,doʃu
de.ʒu,do.ʒu,deʒu,doʒu
de.θu,do.θu,deθu,doθu
de.ðu,do.ðu,deðu,doðu
de.hu,do.hu,dehu,dohu
de.mo,do.mo,demo,domo
de.no,do.no,deno,dono
de.po,do.po,depo,dopo
de.to,do.to,deto,doto
de.ko,do.ko,deko,doko
de.bo,do.bo,debo,dobo
de.do,do.do,dedo,dodo
de.go,do.go,dego,dogo
de.fo,do.fo,defo,dofo
de.so,do.so,deso,doso
de.vo,do.vo,devo,dovo
de.zo,do.zo,dezo,dozo
de.ʃo,do.ʃo,deʃo,doʃo
de.ʒo,do.ʒo,deʒo,doʒo
de.θo,do.θo,deθo,doθo
de.ðo,do.ðo,deðo,doðo
de.ho,do.ho,deho,doho
ge.mi,go.mi,gemi,gomi
ge.ni,go.ni,geni,goni
ge.pi,go.pi,gepi,gopi
ge.ti,go.ti,geti,goti
ge.ki,go.ki,geki,goki
ge.bi,go.bi,gebi,gobi
ge.di,go.di,gedi,godi
ge.gi,go.gi,gegi,gogi
ge.fi,go.fi,gefi,gofi
ge.si,go.si,gesi,gosi
ge.vi,go.vi,gevi,govi
ge.zi,go.zi,gezi,gozi
ge.ʃi,go.ʃi,geʃi,goʃi
ge.ʒi,go.ʒi,geʒi,goʒi
ge.θi,go.θi,geθi,goθi
ge.ði,go.ði,geði,goði
ge.hi,go.hi,gehi,gohi
ge.me,go.me,geme,gome
ge.ne,go.ne,gene,gone
ge.pe,go.pe,gepe,gope
ge.te,go.te,gete,gote
ge.ke,go.ke,geke,goke
ge.be,go.be,gebe,gobe
ge.de,go.de,gede,gode
ge.ge,go.ge,gege,goge
ge.fe,go.fe,gefe,gofe
ge.se,go.se,gese,gose
ge.ve,go.ve,geve,gove
ge.ze,go.ze,geze,goze
ge.ʃe,go.ʃe,geʃe,goʃe
ge.ʒe,go.ʒe,geʒe,goʒe
ge.θe,go.θe,geθe,goθe
ge.ðe,go.ðe,geðe,goðe
ge.he,go.he,gehe,gohe
ge.mu,go.mu,gemu,gomu
ge.nu,go.nu,genu,gonu
ge.pu,go.pu,gepu,gopu
ge.tu,go.tu,getu,gotu
ge.ku,go.ku,geku,goku
ge.bu,go.bu,gebu,gobu
ge.du,go.du,gedu,godu
ge.gu,go.gu,gegu,gogu
ge.fu,go.fu,gefu,gofu
ge.su,go.su,gesu,gosu
ge.vu,go.vu,gevu,govu
ge.zu,go.zu,gezu,gozu
ge.ʃu,go.ʃu,geʃu,goʃu
ge.ʒu,go.ʒu,geʒu,goʒu
ge.θu,go.θu,geθu,goθu
ge.ðu,go.ðu,geðu,goðu
ge.hu,go.hu,gehu,gohu
ge.mo,go.mo,gemo,gomo
ge.no,go.no,geno,gono
ge.po,go.po,gepo,gopo
ge.to,go.to,geto,goto
ge.ko,go.ko,geko,goko
ge.bo,go.bo,gebo,gobo
ge.do,go.do,gedo,godo
ge.go,go.go,gego,gogo
ge.fo,go.fo,gefo,gofo
ge.so,go.so,geso,goso
ge.vo,go.vo,gevo,govo
ge.zo,go.zo,gezo,gozo
ge.ʃo,go.ʃo,geʃo,goʃo
ge.ʒo,go.ʒo,geʒo,goʒo
ge.θo,go.θo,geθo,goθo
ge.ðo,go.ðo,geðo,goðo
ge.ho,go.ho,geho,goho
fe.mi,fo.mi,femi,fomi
fe.ni,fo.ni,feni,foni
fe.pi,fo.pi,fepi,fopi
fe.ti,fo.ti,feti,foti
fe.ki,fo.ki,feki,foki
fe.bi,fo.bi,febi,fobi
fe.di,fo.di,fedi,fodi
fe.gi,fo.gi,fegi,fogi
fe.fi,fo.fi,fefi,fofi
fe.si,fo.si,fesi,fosi
fe.vi,fo.vi,fevi,fovi
fe.zi,fo.zi,fezi,fozi
fe.ʃi,fo.ʃi,feʃi,foʃi
fe.ʒi,fo.ʒi,feʒi,foʒi
fe.θi,fo.θi,feθi,foθi
fe.ði,fo.ði,feði,foði
fe.hi,fo.hi,fehi,fohi
fe.me,fo.me,feme,fome
fe.ne,fo.ne,fene,fone
fe.pe,fo.pe,fepe,fope
fe.te,fo.te,fete,fote
fe.ke,fo.ke,feke,foke
fe.be,fo.be,febe,fobe
fe.de,fo.de,fede,fode
fe.ge,fo.ge,fege,foge
fe.fe,fo.fe,fefe,fofe
fe.se,fo.se,fese,fose
fe.ve,fo.ve,feve,fove
fe.ze,fo.ze,feze,foze
fe.ʃe,fo.ʃe,feʃe,foʃe
fe.ʒe,fo.ʒe,feʒe,foʒe
fe.θe,fo.θe,feθe,foθe
fe.ðe,fo.ðe,feðe,foðe
fe.he,fo.he,fehe,fohe
fe.mu,fo.mu,femu,fomu
fe.nu,fo.nu,fenu,fonu
fe.pu,fo.pu,fepu,fopu
fe.tu,fo.tu,fetu,fotu
fe.ku,fo.ku,feku,foku
fe.bu,fo.bu,febu,fobu
fe.du,fo.du,fedu,fodu
fe.gu,fo.gu,fegu,fogu
fe.fu,fo.fu,fefu,fofu
fe.su,fo.su,fesu,fosu
fe.vu,fo.vu,fevu,fovu
fe.zu,fo.zu,fezu,fozu
fe.ʃu,fo.ʃu,feʃu,foʃu
fe.ʒu,fo.ʒu,feʒu,foʒu
fe.θu,fo.θu,feθu,foθu
fe.ðu,fo.ðu,feðu,foðu
fe.hu,fo.hu,fehu,fohu
fe.mo,fo.mo,femo,fomo
fe.no,fo.no,feno,fono
fe.po,fo.po,fepo,fopo
fe.to,fo.to,feto,foto
fe.ko,fo.ko,feko,foko
fe.bo,fo.bo,febo,fobo
fe.do,fo.do,fedo,fodo
fe.go,fo.go,fego,fogo
fe.fo,fo.fo,fefo,fofo
fe.so,fo.so,feso,foso
fe.vo,fo.vo,fevo,fovo
fe.zo,fo.zo,fezo,fozo
fe.ʃo,fo.ʃo,feʃo,foʃo
fe.ʒo,fo.ʒo,feʒo,foʒo
fe.θo,fo.θo,feθo,foθo
fe.ðo,fo.ðo,feðo,foðo
fe.ho,fo.ho,feho,foho
se.mi,so.mi,semi,somi
se.ni,so.ni,seni,soni
se.pi,so.pi,sepi,sopi
se.ti,so.ti,seti,soti
se.ki,so.ki,seki,soki
se.bi,so.bi,sebi,sobi
se.di,so.di,sedi,sodi
se.gi,so.gi,segi,sogi
se.fi,so.fi,sefi,sofi
se.si,so.si,sesi,sosi
se.vi,so.vi,sevi,sovi
se.zi,so.zi,sezi,sozi
se.ʃi,so.ʃi,seʃi,soʃi
se.ʒi,so.ʒi,seʒi,soʒi
se.θi,so.θi,seθi,soθi
se.ði,so.ði,seði,soði
se.hi,so.hi,sehi,sohi
se.me,so.me,seme,some
se.ne,so.ne,sene,sone
se.pe,so.pe,sepe,sope
se.te,so.te,sete,sote
se.ke,so.ke,seke,soke
se.be,so.be,sebe,sobe
se.de,so.de,sede,sode
se.ge,so.ge,sege,soge
se.fe,so.fe,sefe,sofe
se.se,so.se,sese,sose
se.ve,so.ve,seve,sove
se.ze,so.ze,seze,soze
se.ʃe,so.ʃe,seʃe,soʃe
se.ʒe,so.ʒe,seʒe,soʒe
se.θe,so.θe,seθe,soθe
se.ðe,so.ðe,seðe,soðe
se.he,so.he,sehe,sohe
se.mu,so.mu,semu,somu
se.nu,so.nu,senu,sonu
se.pu,so.pu,sepu,sopu
se.tu,so.tu,setu,sotu
se.ku,so.ku,seku,soku
se.bu,so.bu,sebu,sobu
se.du,so.du,sedu,sodu
se.gu,so.gu,segu,sogu
se.fu,so.fu,sefu,sofu
se.su,so.su,sesu,sosu
se.vu,so.vu,sevu,sovu
se.zu,so.zu,sezu,sozu
se.ʃu,so.ʃu,seʃu,soʃu
se.ʒu,so.ʒu,seʒu,soʒu
se.θu,so.θu,seθu,soθu
se.ðu,so.ðu,seðu,soðu
se.hu,so.hu,sehu,sohu
se.mo,so.mo,semo,somo
se.no,so.no,seno,sono
se.po,so.po,sepo,sopo
se.to,so.to,seto,soto
se.ko,so.ko,seko,soko
se.bo,so.bo,sebo,sobo
se.do,so.do,sedo,sodo
se.go,so.go,sego,sogo
se.fo,so.fo,sefo,sofo
se.so,so.so,seso,soso
se.vo,so.vo,sevo,sovo
se.zo,so.zo,sezo,sozo
se.ʃo,so.ʃo,seʃo,soʃo
se.ʒo,so.ʒo,seʒo,soʒo
se.θo,so.θo,seθo,soθo
se.ðo,so.ðo,seðo,soðo
se.ho,so.ho,seho,soho
ve.mi,vo.mi,vemi,vomi
ve.ni,vo.ni,veni,voni
ve.pi,vo.pi,vepi,vopi
ve.ti,vo.ti,veti,voti
ve.ki,vo.ki,veki,voki
ve.bi,vo.bi,vebi,vobi
ve.di,vo.di,vedi,vodi
ve.gi,vo.gi,vegi,vogi
ve.fi,vo.fi,vefi,vofi
ve.si,vo.si,vesi,vosi
ve.vi,vo.vi,vevi,vovi
ve.zi,vo.zi,vezi,vozi
ve.ʃi,vo.ʃi,veʃi,voʃi
ve.ʒi,vo.ʒi,veʒi,voʒi
ve.θi,vo.θi,veθi,voθi
ve.ði,vo.ði,veði,voði
ve.hi,vo.hi,vehi,vohi
ve.me,vo.me,veme,vome
ve.ne,vo.ne,vene,vone
ve.pe,vo.pe,vepe,vope
ve.te,vo.te,vete,vote
ve.ke,vo.ke,veke,voke
ve.be,vo.be,vebe,vobe
ve.de,vo.de,vede,vode
ve.ge,vo.ge,vege,voge
ve.fe,vo.fe,vefe,vofe
ve.se,vo.se,vese,vose
ve.ve,vo.ve,veve,vove
ve.ze,vo.ze,veze,voze
ve.ʃe,vo.ʃe,veʃe,voʃe
ve.ʒe,vo.ʒe,veʒe,voʒe
ve.θe,vo.θe,veθe,voθe
ve.ðe,vo.ðe,veðe,voðe
ve.he,vo.he,vehe,vohe
ve.mu,vo.mu,vemu,vomu
ve.nu,vo.nu,venu,vonu
ve.pu,vo.pu,vepu,vopu
ve.tu,vo.tu,vetu,votu
ve.ku,vo.ku,veku,voku
ve.bu,vo.bu,vebu,vobu
ve.du,vo.du,vedu,vodu
ve.gu,vo.gu,vegu,vogu
ve.fu,vo.fu,vefu,vofu
ve.su,vo.su,vesu,vosu
ve.vu,vo.vu,vevu,vovu
ve.zu,vo.zu,vezu,vozu
ve.ʃu,vo.ʃu,veʃu,voʃu
ve.ʒu,vo.ʒu,veʒu,voʒu
ve.θu,vo.θu,veθu,voθu
ve.ðu,vo.ðu,veðu,voðu
ve.hu,vo.hu,vehu,vohu
ve.mo,vo.mo,vemo,vomo
ve.no,vo.no,veno,vono
ve.po,vo.po,vepo,vopo
ve.to,vo.to,veto,voto
ve.ko,vo.ko,veko,voko
ve.bo,vo.bo,vebo,vobo
ve.do,vo.do,vedo,vodo
ve.go,vo.go,vego,vogo
ve.fo,vo.fo,vefo,vofo
ve.so,vo.so,veso,voso
ve.vo,vo.vo,vevo,vovo
ve.zo,vo.zo,vezo,vozo
ve.ʃo,vo.ʃo,veʃo,voʃo
ve.ʒo,vo.ʒo,veʒo,voʒo
ve.θo,vo.θo,veθo,voθo
ve.ðo,vo.ðo,veðo,voðo
ve.ho,vo.ho,veho,voho
ze.mi,zo.mi,zemi,zomi
ze.ni,zo.ni,zeni,zoni
ze.pi,zo.pi,zepi,zopi
ze.ti,zo.ti,zeti,zoti
ze.ki,zo.ki,zeki,zoki
ze.bi,zo.bi,zebi,zobi
ze.di,zo.di,zedi,zodi
ze.gi,zo.gi,zegi,zogi
ze.fi,zo.fi,zefi,zofi
ze.si,zo.si,zesi,zosi
ze.vi,zo.vi,zevi,zovi
ze.zi,zo.zi,zezi,zozi
ze.ʃi,zo.ʃi,zeʃi,zoʃi
ze.ʒi,zo.ʒi,zeʒi,zoʒi
ze.θi,zo.θi,zeθi,zoθi
ze.ði,zo.ði,zeði,zoði
ze.hi,zo.hi,zehi,zohi
ze.me,zo.me,zeme,zome
ze.ne,zo.ne,zene,zone
ze.pe,zo.pe,zepe,zope
ze.te,zo.te,zete,zote
ze.ke,zo.ke,zeke,zoke
ze.be,zo.be,zebe,zobe
ze.de,zo.de,zede,zode
ze.ge,zo.ge,zege,zoge
ze.fe,zo.fe,zefe,zofe
ze.se,zo.se,zese,zose
ze.ve,zo.ve,zeve,zove
ze.ze,zo.ze,zeze,zoze
ze.ʃe,zo.ʃe,zeʃe,zoʃe
ze.ʒe,zo.ʒe,zeʒe,zoʒe
ze.θe,zo.θe,zeθe,zoθe
ze.ðe,zo.ðe,zeðe,zoðe
ze.he,zo.he,zehe,zohe
ze.mu,zo.mu,zemu,zomu
ze.nu,zo.nu,zenu,zonu
ze.pu,zo.pu,zepu,zopu
ze.tu,zo.tu,zetu,zotu
ze.ku,zo.ku,zeku,zoku
ze.bu,zo.bu,zebu,zobu
ze.du,zo.du,zedu,zodu
ze.gu,zo.gu,zegu,zogu
ze.fu,zo.fu,zefu,zofu
ze.su,zo.su,zesu,zosu
ze.vu,zo.vu,zevu,zovu
ze.zu,zo.zu,zezu,zozu
ze.ʃu,zo.ʃu,zeʃu,zoʃu
ze.ʒu,zo.ʒu,zeʒu,zoʒu
ze.θu,zo.θu,zeθu,zoθu
ze.ðu,zo.ðu,zeðu,zoðu
ze.hu,zo.hu,zehu,zohu
ze.mo,zo.mo,zemo,zomo
ze.no,zo.no,zeno,zono
ze.po,zo.po,zepo,zopo
ze.to,zo.to,zeto,zoto
ze.ko,zo.ko,zeko,zoko
ze.bo,zo.bo,zebo,zobo
ze.do,zo.do,zedo,zodo
ze.go,zo.go,zego,zogo
ze.fo,zo.fo,zefo,zofo
ze.so,zo.so,zeso,zoso
ze.vo,zo.vo,zevo,zovo
ze.zo,zo.zo,zezo,zozo
ze.ʃo,zo.ʃo,zeʃo,zoʃo
ze.ʒo,zo.ʒo,zeʒo,zoʒo
ze.θo,zo.θo,zeθo,zoθo
ze.ðo,zo.ðo,zeðo,zoðo
ze.ho,zo.ho,zeho,zoho
ʃe.mi,ʃo.mi,ʃemi,ʃomi
ʃe.ni,ʃo.ni,ʃeni,ʃoni
ʃe.pi,ʃo.pi,ʃepi,ʃopi
ʃe.ti,ʃo.ti,ʃeti,ʃoti
ʃe.ki,ʃo.ki,ʃeki,ʃoki
ʃe.bi,ʃo.bi,ʃebi,ʃobi
ʃe.di,ʃo.di,ʃedi,ʃodi
ʃe.gi,ʃo.gi,ʃegi,ʃogi
ʃe.fi,ʃo.fi,ʃefi,ʃofi
ʃe.si,ʃo.si,ʃesi,ʃosi
ʃe.vi,ʃo.vi,ʃevi,ʃovi
ʃe.zi,ʃo.zi,ʃezi,ʃozi
ʃe.ʃi,ʃo.ʃi,ʃeʃi,ʃoʃi
ʃe.ʒi,ʃo.ʒi,ʃeʒi,ʃoʒi
ʃe.θi,ʃo.θi,ʃeθi,ʃoθi
ʃe.ði,ʃo.ði,ʃeði,ʃoði
ʃe.hi,ʃo.hi,ʃehi,ʃohi
ʃe.me,ʃo.me,ʃeme,ʃome
ʃe.ne,ʃo.ne,ʃene,ʃone
ʃe.pe,ʃo.pe,ʃepe,ʃope
ʃe.te,ʃo.te,ʃete,ʃote
ʃe.ke,ʃo.ke,ʃeke,ʃoke
ʃe.be,ʃo.be,ʃebe,ʃobe
ʃe.de,ʃo.de,ʃede,ʃode
ʃe.ge,ʃo.ge,ʃege,ʃoge
ʃe.fe,ʃo.fe,ʃefe,ʃofe
ʃe.se,ʃo.se,ʃese,ʃose
ʃe.ve,ʃo.ve,ʃeve,ʃove
ʃe.ze,ʃo.ze,ʃeze,ʃoze
ʃe.ʃe,ʃo.ʃe,ʃeʃe,ʃoʃe
ʃe.ʒe,ʃo.ʒe,ʃeʒe,ʃoʒe
ʃe.θe,ʃo.θe,ʃeθe,ʃoθe
ʃe.ðe,ʃo.ðe,ʃeðe,ʃoðe
ʃe.he,ʃo.he,ʃehe,ʃohe
ʃe.mu,ʃo.mu,ʃemu,ʃomu
ʃe.nu,ʃo.nu,ʃenu,ʃonu
ʃe.pu,ʃo.pu,ʃepu,ʃopu
ʃe.tu,ʃo.tu,ʃetu,ʃotu
ʃe.ku,ʃo.ku,ʃeku,ʃoku
ʃe.bu,ʃo.bu,ʃebu,ʃobu
ʃe.du,ʃo.du,ʃedu,ʃodu
ʃe.gu,ʃo.gu,ʃegu,ʃogu
ʃe.fu,ʃo.fu,ʃefu,ʃofu
ʃe.su,ʃo.su,ʃesu,ʃosu
ʃe.vu,ʃo.vu,ʃevu,ʃovu
ʃe.zu,ʃo.zu,ʃezu,ʃozu
ʃe.ʃu,ʃo.ʃu,ʃeʃu,ʃoʃu
ʃe.ʒu,ʃo.ʒu,ʃeʒu,ʃoʒu
ʃe.θu,ʃo.θu,ʃeθu,ʃoθu
ʃe.ðu,ʃo.ðu,ʃeðu,ʃoðu
ʃe.hu,ʃo.hu,ʃehu,ʃohu
ʃe.mo,ʃo.mo,ʃemo,ʃomo
ʃe.no,ʃo.no,ʃeno,ʃono
ʃe.po,ʃo.po,ʃepo,ʃopo
ʃe.to,ʃo.to,ʃeto,ʃoto
ʃe.ko,ʃo.ko,ʃeko,ʃoko
ʃe.bo,ʃo.bo,ʃebo,ʃobo
ʃe.do,ʃo.do,ʃedo,ʃodo
ʃe.go,ʃo.go,ʃego,ʃogo
ʃe.fo,ʃo.fo,ʃefo,ʃofo
ʃe.so,ʃo.so,ʃeso,ʃoso
ʃe.vo,ʃo.vo,ʃevo,ʃovo
ʃe.zo,ʃo.zo,ʃezo,ʃozo
ʃe.ʃo,ʃo.ʃo,ʃeʃo,ʃoʃo
ʃe.ʒo,ʃo.ʒo,ʃeʒo,ʃoʒo
ʃe.θo,ʃo.θo,ʃeθo,ʃoθo
ʃe.ðo,ʃo.ðo,ʃeðo,ʃoðo
ʃe.ho,ʃo.ho,ʃeho,ʃoho
ʒe.mi,ʒo.mi,ʒemi,ʒomi
ʒe.ni,ʒo.ni,ʒeni,ʒoni
ʒe.pi,ʒo.pi,ʒepi,ʒopi
ʒe.ti,ʒo.ti,ʒeti,ʒoti
ʒe.ki,ʒo.ki,ʒeki,ʒoki
ʒe.bi,ʒo.bi,ʒebi,ʒobi
ʒe.di,ʒo.di,ʒedi,ʒodi
ʒe.gi,ʒo.gi,ʒegi,ʒogi
ʒe.fi,ʒo.fi,ʒefi,ʒofi
ʒe.si,ʒo.si,ʒesi,ʒosi
ʒe.vi,ʒo.vi,ʒevi,ʒovi
ʒe.zi,ʒo.zi,ʒezi,ʒozi
ʒe.ʃi,ʒo.ʃi,ʒeʃi,ʒoʃi
ʒe.ʒi,ʒo.ʒi,ʒeʒi,ʒoʒi
ʒe.θi,ʒo.θi,ʒeθi,ʒoθi
ʒe.ði,ʒo.ði,ʒeði,ʒoði
ʒe.hi,ʒo.hi,ʒehi,ʒohi
ʒe.me,ʒo.me,ʒeme,ʒome
ʒe.ne,ʒo.ne,ʒene,ʒone
ʒe.pe,ʒo.pe,ʒepe,ʒope
ʒe.te,ʒo.te,ʒete,ʒote
ʒe.ke,ʒo.ke,ʒeke,ʒoke
ʒe.be,ʒo.be,ʒebe,ʒobe
ʒe.de,ʒo.de,ʒede,ʒode
ʒe.ge,ʒo.ge,ʒege,ʒoge
ʒe.fe,ʒo.fe,ʒefe,ʒofe
ʒe.se,ʒo.se,ʒese,ʒose
ʒe.ve,ʒo.ve,ʒeve,ʒove
ʒe.ze,ʒo.ze,ʒeze,ʒoze
ʒe.ʃe,ʒo.ʃe,ʒeʃe,ʒoʃe
ʒe.ʒe,ʒo.ʒe,ʒeʒe,ʒoʒe
ʒe.θe,ʒo.θe,ʒeθe,ʒoθe
ʒe.ðe,ʒo.ðe,ʒeðe,ʒoðe
ʒe.he,ʒo.he,ʒehe,ʒohe
ʒe.mu,ʒo.mu,ʒemu,ʒomu
ʒe.nu,ʒo.nu,ʒenu,ʒonu
ʒe.pu,ʒo.pu,ʒepu,ʒopu
ʒe.tu,ʒo.tu,ʒetu,ʒotu
ʒe.ku,ʒo.ku,ʒeku,ʒoku
ʒe.bu,ʒo.bu,ʒebu,ʒobu
ʒe.du,ʒo.du,ʒedu,ʒodu
ʒe.gu,ʒo.gu,ʒegu,ʒogu
ʒe.fu,ʒo.fu,ʒefu,ʒofu
ʒe.su,ʒo.su,ʒesu,ʒosu
ʒe.vu,ʒo.vu,ʒevu,ʒovu
ʒe.zu,ʒo.zu,ʒezu,ʒozu
ʒe.ʃu,ʒo.ʃu,ʒeʃu,ʒoʃu
ʒe.ʒu,ʒo.ʒu,ʒeʒu,ʒoʒu
ʒe.θu,ʒo.θu,ʒeθu,ʒoθu
ʒe.ðu,ʒo.ðu,ʒeðu,ʒoðu
ʒe.hu,ʒo.hu,ʒehu,ʒohu
ʒe.mo,ʒo.mo,ʒemo,ʒomo
ʒe.no,ʒo.no,ʒeno,ʒono
ʒe.po,ʒo.po,ʒepo,ʒopo
ʒe.to,ʒo.to,ʒeto,ʒoto
ʒe.ko,ʒo.ko,ʒeko,ʒoko
ʒe.bo,ʒo.bo,ʒebo,ʒobo
ʒe.do,ʒo.do,ʒedo,ʒodo
ʒe.go,ʒo.go,ʒego,ʒogo
ʒe.fo,ʒo.fo,ʒefo,ʒofo
ʒe.so,ʒo.so,ʒeso,ʒoso
ʒe.vo,ʒo.vo,ʒevo,ʒovo
ʒe.zo,ʒo.zo,ʒezo,ʒozo
ʒe.ʃo,ʒo.ʃo,ʒeʃo,ʒoʃo
ʒe.ʒo,ʒo.ʒo,ʒeʒo,ʒoʒo
ʒe.θo,ʒo.θo,ʒeθo,ʒoθo
ʒe.ðo,ʒo.ðo,ʒeðo,ʒoðo
ʒe.ho,ʒo.ho,ʒeho,ʒoho
θe.mi,θo.mi,θemi,θomi
θe.ni,θo.ni,θeni,θoni
θe.pi,θo.pi,θepi,θopi
θe.ti,θo.ti,θeti,θoti
θe.ki,θo.ki,θeki,θoki
θe.bi,θo.bi,θebi,θobi
θe.di,θo.di,θedi,θodi
θe.gi,θo.gi,θegi,θogi
θe.fi,θo.fi,θefi,θofi
θe.si,θo.si,θesi,θosi
θe.vi,θo.vi,θevi,θovi
θe.zi,θo.zi,θezi,θozi
θe.ʃi,θo.ʃi,θeʃi,θoʃi
θe.ʒi,θo.ʒi,θeʒi,θoʒi
θe.θi,θo.θi,θeθi,θoθi
θe.ði,θo.ði,θeði,θoði
θe.hi,θo.hi,θehi,θohi
θe.me,θo.me,θeme,θome
θe.ne,θo.ne,θene,θone
θe.pe,θo.pe,θepe,θope
θe.te,θo.te,θete,θote
θe.ke,θo.ke,θeke,θoke
θe.be,θo.be,θebe,θobe
θe.de,θo.de,θede,θode
θe.ge,θo.ge,θege,θoge
θe.fe,θo.fe,θefe,θofe
θe.se,θo.se,θese,θose
θe.ve,θo.ve,θeve,θove
θe.ze,θo.ze,θeze,θoze
θe.ʃe,θo.ʃe,θeʃe,θoʃe
θe.ʒe,θo.ʒe,θeʒe,θoʒe
θe.θe,θo.θe,θeθe,θoθe
θe.ðe,θo.ðe,θeðe,θoðe
θe.he,θo.he,θehe,θohe
θe.mu,θo.mu,θemu,θomu
θe.nu,θo.nu,θenu,θonu
θe.pu,θo.pu,θepu,θopu
θe.tu,θo.tu,θetu,θotu
θe.ku,θo.ku,θeku,θoku
θe.bu,θo.bu,θebu,θobu
θe.du,θo.du,θedu,θodu
θe.gu,θo.gu,θegu,θogu
θe.fu,θo.fu,θefu,θofu
θe.su,θo.su,θesu,θosu
θe.vu,θo.vu,θevu,θovu
θe.zu,θo.zu,θezu,θozu
θe.ʃu,θo.ʃu,θeʃu,θoʃu
θe.ʒu,θo.ʒu,θeʒu,θoʒu
θe.θu,θo.θu,θeθu,θoθu
θe.ðu,θo.ðu,θeðu,θoðu
θe.hu,θo.hu,θehu,θohu
θe.mo,θo.mo,θemo,θomo
θe.no,θo.no,θeno,θono
θe.po,θo.po,θepo,θopo
θe.to,θo.to,θeto,θoto
θe.ko,θo.ko,θeko,θoko
θe.bo,θo.bo,θebo,θobo
θe.do,θo.do,θedo,θodo
θe.go,θo.go,θego,θogo
θe.fo,θo.fo,θefo,θofo
θe.so,θo.so,θeso,θoso
θe.vo,θo.vo,θevo,θovo
θe.zo,θo.zo,θezo,θozo
θe.ʃo,θo.ʃo,θeʃo,θoʃo
θe.ʒo,θo.ʒo,θeʒo,θoʒo
θe.θo,θo.θo,θeθo,θoθo
θe.ðo,θo.ðo,θeðo,θoðo
θe.ho,θo.ho,θeho,θoho
ðe.mi,ðo.mi,ðemi,ðomi
ðe.ni,ðo.ni,ðeni,ðoni
ðe.pi,ðo.pi,ðepi,ðopi
ðe.ti,ðo.ti,ðeti,ðoti
ðe.ki,ðo.ki,ðeki,ðoki
ðe.bi,ðo.bi,ðebi,ðobi
ðe.di,ðo.di,ðedi,ðodi
ðe.gi,ðo.gi,ðegi,ðogi
ðe.fi,ðo.fi,ðefi,ðofi
ðe.si,ðo.si,ðesi,ðosi
ðe.vi,ðo.vi,ðevi,ðovi
ðe.zi,ðo.zi,ðezi,ðozi
ðe.ʃi,ðo.ʃi,ðeʃi,ðoʃi
ðe.ʒi,ðo.ʒi,ðeʒi,ðoʒi
ðe.θi,ðo.θi,ðeθi,ðoθi
ðe.ði,ðo.ði,ðeði,ðoði
ðe.hi,ðo.hi,ðehi,ðohi
ðe.me,ðo.me,ðeme,ðome
ðe.ne,ðo.ne,ðene,ðone
ðe.pe,ðo.pe,ðepe,ðope
ðe.te,ðo.te,ðete,ðote
ðe.ke,ðo.ke,ðeke,ðoke
ðe.be,ðo.be,ðebe,ðobe
ðe.de,ðo.de,ðede,ðode
ðe.ge,ðo.ge,ðege,ðoge
ðe.fe,ðo.fe,ðefe,ðofe
ðe.se,ðo.se,ðese,ðose
ðe.ve,ðo.ve,ðeve,ðove
ðe.ze,ðo.ze,ðeze,ðoze
ðe.ʃe,ðo.ʃe,ðeʃe,ðoʃe
ðe.ʒe,ðo.ʒe,ðeʒe,ðoʒe
ðe.θe,ðo.θe,ðeθe,ðoθe
ðe.ðe,ðo.ðe,ðeðe,ðoðe
ðe.he,ðo.he,ðehe,ðohe
ðe.mu,ðo.mu,ðemu,ðomu
ðe.nu,ðo.nu,ðenu,ðonu
ðe.pu,ðo.pu,ðepu,ðopu
ðe.tu,ðo.tu,ðetu,ðotu
ðe.ku,ðo.ku,ðeku,ðoku
ðe.bu,ðo.bu,ðebu,ðobu
ðe.du,ðo.du,ðedu,ðodu
ðe.gu,ðo.gu,ðegu,ðogu
ðe.fu,ðo.fu,ðefu,ðofu
ðe.su,ðo.su,ðesu,ðosu
ðe.vu,ðo.vu,ðevu,ðovu
ðe.zu,ðo.zu,ðezu,ðozu
ðe.ʃu,ðo.ʃu,ðeʃu,ðoʃu
ðe.ʒu,ðo.ʒu,ðeʒu,ðoʒu
ðe.θu,ðo.θu,ðeθu,ðoθu
ðe.ðu,ðo.ðu,ðeðu,ðoðu
ðe.hu,ðo.hu,ðehu,ðohu
ðe.mo,ðo.mo,ðemo,ðomo
ðe.no,ðo.no,ðeno,ðono
ðe.po,ðo.po,ðepo,ðopo
ðe.to,ðo.to,ðeto,ðoto
ðe.ko,ðo.ko,ðeko,ðoko
ðe.bo,ðo.bo,ðebo,ðobo
ðe.do,ðo.do,ðedo,ðodo
ðe.go,ðo.go,ðego,ðogo
ðe.fo,ðo.fo,ðefo,ðofo
ðe.so,ðo.so,ðeso,ðoso
ðe.vo,ðo.vo,ðevo,ðovo
ðe.zo,ðo.zo,ðezo,ðozo
ðe.ʃo,ðo.ʃo,ðeʃo,ðoʃo
ðe.ʒo,ðo.ʒo,ðeʒo,ðoʒo
ðe.θo,ðo.θo,ðeθo,ðoθo
ðe.ðo,ðo.ðo,ðeðo,ðoðo
ðe.ho,ðo.ho,ðeho,ðoho
he.mi,ho.mi,hemi,homi
he.ni,ho.ni,heni,honi
he.pi,ho.pi,hepi,hopi
he.ti,ho.ti,heti,hoti
he.ki,ho.ki,heki,hoki
he.bi,ho.bi,hebi,hobi
he.di,ho.di,hedi,hodi
he.gi,ho.gi,hegi,hogi
he.fi,ho.fi,hefi,hofi
he.si,ho.si,hesi,hosi
he.vi,ho.vi,hevi,hovi
he.zi,ho.zi,hezi,hozi
he.ʃi,ho.ʃi,heʃi,hoʃi
he.ʒi,ho.ʒi,heʒi,hoʒi
he.θi,ho.θi,heθi,hoθi
he.ði,ho.ði,heði,hoði
he.hi,ho.hi,hehi,hohi
he.me,ho.me,heme,home
he.ne,ho.ne,hene,hone
he.pe,ho.pe,hepe,hope
he.te,ho.te,hete,hote
he.ke,ho.ke,heke,hoke
he.be,ho.be,hebe,hobe
he.de,ho.de,hede,hode
he.ge,ho.ge,hege,hoge
he.fe,ho.fe,hefe,hofe
he.se,ho.se,hese,hose
he.ve,ho.ve,heve,hove
he.ze,ho.ze,heze,hoze
he.ʃe,ho.ʃe,heʃe,hoʃe
he.ʒe,ho.ʒe,heʒe,hoʒe
he.θe,ho.θe,heθe,hoθe
he.ðe,ho.ðe,heðe,hoðe
he.he,ho.he,hehe,hohe
he.mu,ho.mu,hemu,homu
he.nu,ho.nu,henu,honu
he.pu,ho.pu,hepu,hopu
he.tu,ho.tu,hetu,hotu
he.ku,ho.ku,heku,hoku
he.bu,ho.bu,hebu,hobu
he.du,ho.du,hedu,hodu
he.gu,ho.gu,hegu,hogu
he.fu,ho.fu,hefu,hofu
he.su,ho.su,hesu,hosu
he.vu,ho.vu,hevu,hovu
he.zu,ho.zu,hezu,hozu
he.ʃu,ho.ʃu,heʃu,hoʃu
he.ʒu,ho.ʒu,heʒu,hoʒu
he.θu,ho.θu,heθu,hoθu
he.ðu,ho.ðu,heðu,hoðu
he.hu,ho.hu,hehu,hohu
he.mo,ho.mo,hemo,homo
he.no,ho.no,heno,hono
he.po,ho.po,hepo,hopo
he.to,ho.to,heto,hoto
he.ko,ho.ko,heko,hoko
he.bo,ho.bo,hebo,hobo
he.do,ho.do,hedo,hodo
he.go,ho.go,hego,hogo
he.fo,ho.fo,hefo,hofo
he.so,ho.so,heso,hoso
he.vo,ho.vo,hevo,hovo
he.zo,ho.zo,hezo,hozo
he.ʃo,ho.ʃo,heʃo,hoʃo
he.ʒo,ho.ʒo,heʒo,hoʒo
he.θo,ho.θo,heθo,hoθo
he.ðo,ho.ðo,heðo,hoðo
he.ho,ho.ho,heho,hoho
mu.mi,mi.mi,mumi,mimi
mu.ni,mi.ni,muni,mini
mu.pi,mi.pi,mupi,mipi
mu.ti,mi.ti,muti,miti
mu.ki,mi.ki,muki,miki
mu.bi,mi.bi,mubi,mibi
mu.di,mi.di,mudi,midi
mu.gi,mi.gi,mugi,migi
mu.fi,mi.fi,mufi,mifi
mu.si,mi.si,musi,misi
mu.vi,mi.vi,muvi,mivi
mu.zi,mi.zi,muzi,mizi
mu.ʃi,mi.ʃi,muʃi,miʃi
mu.ʒi,mi.ʒi,muʒi,miʒi
mu.θi,mi.θi,muθi,miθi
mu.ði,mi.ði,muði,miði
mu.hi,mi.hi,muhi,mihi
mu.me,mi.me,mume,mime
mu.ne,mi.ne,mune,mine
mu.pe,mi.pe,mupe,mipe
mu.te,mi.te,mute,mite
mu.ke,mi.ke,muke,mike
mu.be,mi.be,mube,mibe
mu.de,mi.de,mude,mide
mu.ge,mi.ge,muge,mige
mu.fe,mi.fe,mufe,mife
mu.se,mi.se,muse,mise
mu.ve,mi.ve,muve,mive
mu.ze,mi.ze,muze,mize
mu.ʃe,mi.ʃe,muʃe,miʃe
mu.ʒe,mi.ʒe,muʒe,miʒe
mu.θe,mi.θe,muθe,miθe
mu.ðe,mi.ðe,muðe,miðe
mu.he,mi.he,muhe,mihe
mu.mu,mi.mu,mumu,mimu
mu.nu,mi.nu,munu,minu
mu.pu,mi.pu,mupu,mipu
mu.tu,mi.tu,mutu,mitu
mu.ku,mi.ku,muku,miku
mu.bu,mi.bu,mubu,mibu
mu.du,mi.du,mudu,midu
mu.gu,mi.gu,mugu,migu
mu.fu,mi.fu,mufu,mifu
mu.su,mi.su,musu,misu
mu.vu,mi.vu,muvu,mivu
mu.zu,mi.zu,muzu,mizu
mu.ʃu,mi.ʃu,muʃu,miʃu
mu.ʒu,mi.ʒu,muʒu,miʒu
mu.θu,mi.θu,muθu,miθu
mu.ðu,mi.ðu,muðu,miðu
mu.hu,mi.hu,muhu,mihu
mu.mo,mi.mo,mumo,mimo
mu.no,mi.no,muno,mino
mu.po,mi.po,mupo,mipo
mu.to,mi.to,muto,mito
mu.ko,mi.ko,muko,miko
mu.bo,mi.bo,mubo,mibo
mu.do,mi.do,mudo,mido
mu.go,mi.go,mugo,migo
mu.fo,mi.fo,mufo,mifo
mu.so,mi.so,muso,miso
mu.vo,mi.vo,muvo,mivo
mu.zo,mi.zo,muzo,mizo
mu.ʃo,mi.ʃo,muʃo,miʃo
mu.ʒo,mi.ʒo,muʒo,miʒo
mu.θo,mi.θo,muθo,miθo
mu.ðo,mi.ðo,muðo,miðo
mu.ho,mi.ho,muho,miho
nu.mi,ni.mi,numi,nimi
nu.ni,ni.ni,nuni,nini
nu.pi,ni.pi,nupi,nipi
nu.ti,ni.ti,nuti,niti
nu.ki,ni.ki,nuki,niki
nu.bi,ni.bi,nubi,nibi
nu.di,ni.di,nudi,nidi
nu.gi,ni.gi,nugi,nigi
nu.fi,ni.fi,nufi,nifi
nu.si,ni.si,nusi,nisi
nu.vi,ni.vi,nuvi,nivi
nu.zi,ni.zi,nuzi,nizi
nu.ʃi,ni.ʃi,nuʃi,niʃi
nu.ʒi,ni.ʒi,nuʒi,niʒi
nu.θi,ni.θi,nuθi,niθi
nu.ði,ni.ði,nuði,niði
nu.hi,ni.hi,nuhi,nihi
nu.me,ni.me,nume,nime
nu.ne,ni.ne,nune,nine
nu.pe,ni.pe,nupe,nipe
nu.te,ni.te,nute,nite
nu.ke,ni.ke,nuke,nike
nu.be,ni.be,nube,nibe
nu.de,ni.de,nude,nide
nu.ge,ni.ge,nuge,nige
nu.fe,ni.fe,nufe,nife
nu.se,ni.se,nuse,nise
nu.ve,ni.ve,nuve,nive
nu.ze,ni.ze,nuze,nize
nu.ʃe,ni.ʃe,nuʃe,niʃe
nu.ʒe,ni.ʒe,nuʒe,niʒe
nu.θe,ni.θe,nuθe,niθe
nu.ðe,ni.ðe,nuðe,niðe
nu.he,ni.he,nuhe,nihe
nu.mu,ni.mu,numu,nimu
nu.nu,ni.nu,nunu,ninu
nu.pu,ni.pu,nupu,nipu
nu.tu,ni.tu,nutu,nitu
nu.ku,ni.ku,nuku,niku
nu.bu,ni.bu,nubu,nibu
nu.du,ni.du,nudu,nidu
nu.gu,ni.gu,nugu,nigu
nu.fu,ni.fu,nufu,nifu
nu.su,ni.su,nusu,nisu
nu.vu,ni.vu,nuvu,nivu
nu.zu,ni.zu,nuzu,nizu
nu.ʃu,ni.ʃu,nuʃu,niʃu
nu.ʒu,ni.ʒu,nuʒu,niʒu
nu.θu,ni.θu,nuθu,niθu
nu.ðu,ni.ðu,nuðu,niðu
nu.hu,ni.hu,nuhu,nihu
nu.mo,ni.mo,numo,nimo
nu.no,ni.no,nuno,nino
nu.po,ni.po,nupo,nipo
nu.to,ni.to,nuto,nito
nu.ko,ni.ko,nuko,niko
nu.bo,ni.bo,nubo,nibo
nu.do,ni.do,nudo,nido
nu.go,ni.go,nugo,nigo
nu.fo,ni.fo,nufo,nifo
nu.so,ni.so,nuso,niso
nu.vo,ni.vo,nuvo,nivo
nu.zo,ni.zo,nuzo,nizo
nu.ʃo,ni.ʃo,nuʃo,niʃo
nu.ʒo,ni.ʒo,nuʒo,niʒo
nu.θo,ni.θo,nuθo,niθo
nu.ðo,ni.ðo,nuðo,niðo
nu.ho,ni.ho,nuho,niho
pu.mi,pi.mi,pumi,pimi
pu.ni,pi.ni,puni,pini
pu.pi,pi.pi,pupi,pipi
pu.ti,pi.ti,puti,piti
pu.ki,pi.ki,puki,piki
pu.bi,pi.bi,pubi,pibi
pu.di,pi.di,pudi,pidi
pu.gi,pi.gi,pugi,pigi
pu.fi,pi.fi,pufi,pifi
pu.si,pi.si,pusi,pisi
pu.vi,pi.vi,puvi,pivi
pu.zi,pi.zi,puzi,pizi
pu.ʃi,pi.ʃi,puʃi,piʃi
pu.ʒi,pi.ʒi,puʒi,piʒi
pu.θi,pi.θi,puθi,piθi
pu.ði,pi.ði,puði,piði
pu.hi,pi.hi,puhi,pihi
pu.me,pi.me,pume,pime
pu.ne,pi.ne,pune,pine
pu.pe,pi.pe,pupe,pipe
pu.te,pi.te,pute,pite
pu.ke,pi.ke,puke,pike
pu.be,pi.be,pube,pibe
pu.de,pi.de,pude,pide
pu.ge,pi.ge,puge,pige
pu.fe,pi.fe,pufe,pife
pu.se,pi.se,puse,pise
pu.ve,pi.ve,puve,pive
pu.ze,pi.ze,puze,pize
pu.ʃe,pi.ʃe,puʃe,piʃe
pu.ʒe,pi.ʒe,puʒe,piʒe
pu.θe,pi.θe,puθe,piθe
pu.ðe,pi.ðe,puðe,piðe
pu.he,pi.he,puhe,pihe
pu.mu,pi.mu,pumu,pimu
pu.nu,pi.nu,punu,pinu
pu.pu,pi.pu,pupu,pipu
pu.tu,pi.tu,putu,pitu
pu.ku,pi.ku,puku,piku
pu.bu,pi.bu,pubu,pibu
pu.du,pi.du,pudu,pidu
pu.gu,pi.gu,pugu,pigu
pu.fu,pi.fu,pufu,pifu
pu.su,pi.su,pusu,pisu
pu.vu,pi.vu,puvu,pivu
pu.zu,pi.zu,puzu,pizu
pu.ʃu,pi.ʃu,puʃu,piʃu
pu.ʒu,pi.ʒu,puʒu,piʒu
pu.θu,pi.θu,puθu,piθu
pu.ðu,pi.ðu,puðu,piðu
pu.hu,pi.hu,puhu,pihu
pu.mo,pi.mo,pumo,pimo
pu.no,pi.no,puno,pino
pu.po,pi.po,pupo,pipo
pu.to,pi.to,puto,pito
pu.ko,pi.ko,puko,piko
pu.bo,pi.bo,pubo,pibo
pu.do,pi.do,pudo,pido
pu.go,pi.go,pugo,pigo
pu.fo,pi.fo,pufo,pifo
pu.so,pi.so,puso,piso
pu.vo,pi.vo,puvo,pivo
pu.zo,pi.zo,puzo,pizo
pu.ʃo,pi.ʃo,puʃo,piʃo
pu.ʒo,pi.ʒo,puʒo,piʒo
pu.θo,pi.θo,puθo,piθo
pu.ðo,pi.ðo,puðo,piðo
pu.ho,pi.ho,puho,piho
tu.mi,ti.mi,tumi,timi
tu.ni,ti.ni,tuni,tini
tu.pi,ti.pi,tupi,tipi
tu.ti,ti.ti,tuti,titi
tu.ki,ti.ki,tuki,tiki
tu.bi,ti.bi,tubi,tibi
tu.di,ti.di,tudi,tidi
tu.gi,ti.gi,tugi,tigi
tu.fi,ti.fi,tufi,tifi
tu.si,ti.si,tusi,tisi
tu.vi,ti.vi,tuvi,tivi
tu.zi,ti.zi,tuzi,tizi
tu.ʃi,ti.ʃi,tuʃi,tiʃi
tu.ʒi,ti.ʒi,tuʒi,tiʒi
tu.θi,ti.θi,tuθi,tiθi
tu.ði,ti.ði,tuði,tiði
tu.hi,ti.hi,tuhi,tihi
tu.me,ti.me,tume,time
tu.ne,ti.ne,tune,tine
tu.pe,ti.pe,tupe,tipe
tu.te,ti.te,tute,tite
tu.ke,ti.ke,tuke,tike
tu.be,ti.be,tube,tibe
tu.de,ti.de,tude,tide
tu.ge,ti.ge,tuge,tige
tu.fe,ti.fe,tufe,tife
tu.se,ti.se,tuse,tise
tu.ve,ti.ve,tuve,tive
tu.ze,ti.ze,tuze,tize
tu.ʃe,ti.ʃe,tuʃe,tiʃe
tu.ʒe,ti.ʒe,tuʒe,tiʒe
tu.θe,ti.θe,tuθe,tiθe
tu.ðe,ti.ðe,tuðe,tiðe
tu.he,ti.he,tuhe,tihe
tu.mu,ti.mu,tumu,timu
tu.nu,ti.nu,tunu,tinu
tu.pu,ti.pu,tupu,tipu
tu.tu,ti.tu,tutu,titu
tu.ku,ti.ku,tuku,tiku
tu.bu,ti.bu,tubu,tibu
tu.du,ti.du,tudu,tidu
tu.gu,ti.gu,tugu,tigu
tu.fu,ti.fu,tufu,tifu
tu.su,ti.su,tusu,tisu
tu.vu,ti.vu,tuvu,tivu
tu.zu,ti.zu,tuzu,tizu
tu.ʃu,ti.ʃu,tuʃu,tiʃu
tu.ʒu,ti.ʒu,tuʒu,tiʒu
tu.θu,ti.θu,tuθu,tiθu
tu.ðu,ti.ðu,tuðu,tiðu
tu.hu,ti.hu,tuhu,tihu
tu.mo,ti.mo,tumo,timo
tu.no,ti.no,tuno,tino
tu.po,ti.po,tupo,tipo
tu.to,ti.to,tuto,tito
tu.ko,ti.ko,tuko,tiko
tu.bo,ti.bo,tubo,tibo
tu.do,ti.do,tudo,tido
tu.go,ti.go,tugo,tigo
tu.fo,ti.fo,tufo,tifo
tu.so,ti.so,tuso,tiso
tu.vo,ti.vo,tuvo,tivo
tu.zo,ti.zo,tuzo,tizo
tu.ʃo,ti.ʃo,tuʃo,tiʃo
tu.ʒo,ti.ʒo,tuʒo,tiʒo
tu.θo,ti.θo,tuθo,tiθo
tu.ðo,ti.ðo,tuðo,tiðo
tu.ho,ti.ho,tuho,tiho
ku.mi,ki.mi,kumi,kimi
ku.ni,ki.ni,kuni,kini
ku.pi,ki.pi,kupi,kipi
ku.ti,ki.ti,kuti,kiti
ku.ki,ki.ki,kuki,kiki
ku.bi,ki.bi,kubi,kibi
ku.di,ki.di,kudi,kidi
ku.gi,ki.gi,kugi,kigi
ku.fi,ki.fi,kufi,kifi
ku.si,ki.si,kusi,kisi
ku.vi,ki.vi,kuvi,kivi
ku.zi,ki.zi,kuzi,kizi
ku.ʃi,ki.ʃi,kuʃi,kiʃi
ku.ʒi,ki.ʒi,kuʒi,kiʒi
ku.θi,ki.θi,kuθi,kiθi
ku.ði,ki.ði,kuði,kiði
ku.hi,ki.hi,kuhi,kihi
ku.me,ki.me,kume,kime
ku.ne,ki.ne,kune,kine
ku.pe,ki.pe,kupe,kipe
ku.te,ki.te,kute,kite
ku.ke,ki.ke,kuke,kike
ku.be,ki.be,kube,kibe
ku.de,ki.de,kude,kide
ku.ge,ki.ge,kuge,kige
ku.fe,ki.fe,kufe,kife
ku.se,ki.se,kuse,kise
ku.ve,ki.ve,kuve,kive
ku.ze,ki.ze,kuze,kize
ku.ʃe,ki.ʃe,kuʃe,kiʃe
ku.ʒe,ki.ʒe,kuʒe,kiʒe
ku.θe,ki.θe,kuθe,kiθe
ku.ðe,ki.ðe,kuðe,kiðe
ku.he,ki.he,kuhe,kihe
ku.mu,ki.mu,kumu,kimu
ku.nu,ki.nu,kunu,kinu
ku.pu,ki.pu,kupu,kipu
ku.tu,ki.tu,kutu,kitu
ku.ku,ki.ku,kuku,kiku
ku.bu,ki.bu,kubu,kibu
ku.du,ki.du,kudu,kidu
ku.gu,ki.gu,kugu,kigu
ku.fu,ki.fu,kufu,kifu
ku.su,ki.su,kusu,kisu
ku.vu,ki.vu,kuvu,kivu
ku.zu,ki.zu,kuzu,kizu
ku.ʃu,ki.ʃu,kuʃu,kiʃu
ku.ʒu,ki.ʒu,kuʒu,kiʒu
ku.θu,ki.θu,kuθu,kiθu
ku.ðu,ki.ðu,kuðu,kiðu
ku.hu,ki.hu,kuhu,kihu
ku.mo,ki.mo,kumo,kimo
ku.no,ki.no,kuno,kino
ku.po,ki.po,kupo,kipo
ku.to,ki.to,kuto,kito
ku.ko,ki.ko,kuko,kiko
ku.bo,ki.bo,kubo,kibo
ku.do,ki.do,kudo,kido
ku.go,ki.go,kugo,kigo
ku.fo,ki.fo,kufo,kifo
ku.so,ki.so,kuso,kiso
ku.vo,ki.vo,kuvo,kivo
ku.zo,ki.zo,kuzo,kizo
ku.ʃo,ki.ʃo,kuʃo,kiʃo
ku.ʒo,ki.ʒo,kuʒo,kiʒo
ku.θo,ki.θo,kuθo,kiθo
ku.ðo,ki.ðo,kuðo,kiðo
ku.ho,ki.ho,kuho,kiho
bu.mi,bi.mi,bumi,bimi
bu.ni,bi.ni,buni,bini
bu.pi,bi.pi,bupi,bipi
bu.ti,bi.ti,buti,biti
bu.ki,bi.ki,buki,biki
bu.bi,bi.bi,bubi,bibi
bu.di,bi.di,budi,bidi
bu.gi,bi.gi,bugi,bigi
bu.fi,bi.fi,bufi,bifi
bu.si,bi.si,busi,bisi
bu.vi,bi.vi,buvi,bivi
bu.zi,bi.zi,buzi,bizi
bu.ʃi,bi.ʃi,buʃi,biʃi
bu.ʒi,bi.ʒi,buʒi,biʒi
bu.θi,bi.θi,buθi,biθi
bu.ði,bi.ði,buði,biði
bu.hi,bi.hi,buhi,bihi
bu.me,bi.me,bume,bime
bu.ne,bi.ne,bune,bine
bu.pe,bi.pe,bupe,bipe
bu.te,bi.te,bute,bite
bu.ke,bi.ke,buke,bike
bu.be,bi.be,bube,bibe
bu.de,bi.de,bude,bide
bu.ge,bi.ge,buge,bige
bu.fe,bi.fe,bufe,bife
bu.se,bi.se,buse,bise
bu.ve,bi.ve,buve,bive
bu.ze,bi.ze,buze,bize
bu.ʃe,bi.ʃe,buʃe,biʃe
bu.ʒe,bi.ʒe,buʒe,biʒe
bu.θe,bi.θe,buθe,biθe
bu.ðe,bi.ðe,buðe,biðe
bu.he,bi.he,buhe,bihe
bu.mu,bi.mu,bumu,bimu
bu.nu,bi.nu,bunu,binu
bu.pu,bi.pu,bupu,bipu
bu.tu,bi.tu,butu,bitu
bu.ku,bi.ku,buku,biku
bu.bu,bi.bu,bubu,bibu
bu.du,bi.du,budu,bidu
bu.gu,bi.gu,bugu,bigu
bu.fu,bi.fu,bufu,bifu
bu.su,bi.su,busu,bisu
bu.vu,bi.vu,buvu,bivu
bu.zu,bi.zu,buzu,bizu
bu.ʃu,bi.ʃu,buʃu,biʃu
bu.ʒu,bi.ʒu,buʒu,biʒu
bu.θu,bi.θu,buθu,biθu
bu.ðu,bi.ðu,buðu,biðu
bu.hu,bi.hu,buhu,bihu
bu.mo,bi.mo,bumo,bimo
bu.no,bi.no,buno,bino
bu.po,bi.po,bupo,bipo
bu.to,bi.to,buto,bito
bu.ko,bi.ko,buko,biko
bu.bo,bi.bo,bubo,bibo
bu.do,bi.do,budo,bido
bu.go,bi.go,bugo,bigo
bu.fo,bi.fo,bufo,bifo
bu.so,bi.so,buso,biso
bu.vo,bi.vo,buvo,bivo
bu.zo,bi.zo,buzo,bizo
bu.ʃo,bi.ʃo,buʃo,biʃo
bu.ʒo,bi.ʒo,buʒo,biʒo
bu.θo,bi.θo,buθo,biθo
bu.ðo,bi.ðo,buðo,biðo
bu.ho,bi.ho,buho,biho
du.mi,di.mi,dumi,dimi
du.ni,di.ni,duni,dini
du.pi,di.pi,dupi,dipi
du.ti,di.ti,duti,diti
du.ki,di.ki,duki,diki
du.bi,di.bi,dubi,dibi
du.di,di.di,dudi,didi
du.gi,di.gi,dugi,digi
du.fi,di.fi,dufi,difi
du.si,di.si,dusi,disi
du.vi,di.vi,duvi,divi
du.zi,di.zi,duzi,dizi
du.ʃi,di.ʃi,duʃi,diʃi
du.ʒi,di.ʒi,duʒi,diʒi
du.θi,di.θi,duθi,diθi
du.ði,di.ði,duði,diði
du.hi,di.hi,duhi,dihi
du.me,di.me,dume,dime
du.ne,di.ne,dune,dine
du.pe,di.pe,dupe,dipe
du.te,di.te,dute,dite
du.ke,di.ke,duke,dike
du.be,di.be,dube,dibe
du.de,di.de,dude,dide
du.ge,di.ge,duge,dige
du.fe,di.fe,dufe,dife
du.se,di.se,duse,dise
du.ve,di.ve,duve,dive
du.ze,di.ze,duze,dize
du.ʃe,di.ʃe,duʃe,diʃe
du.ʒe,di.ʒe,duʒe,diʒe
du.θe,di.θe,duθe,diθe
du.ðe,di.ðe,duðe,diðe
du.he,di.he,duhe,dihe
du.mu,di.mu,dumu,dimu
du.nu,di.nu,dunu,dinu
du.pu,di.pu,dupu,dipu
du.tu,di.tu,dutu,ditu
du.ku,di.ku,duku,diku
du.bu,di.bu,dubu,dibu
du.du,di.du,dudu,didu
du.gu,di.gu,dugu,digu
du.fu,di.fu,dufu,difu
du.su,di.su,dusu,disu
du.vu,di.vu,duvu,divu
du.zu,di.zu,duzu,dizu
du.ʃu,di.ʃu,duʃu,diʃu
du.ʒu,di.ʒu,duʒu,diʒu
du.θu,di.θu,duθu,diθu
du.ðu,di.ðu,duðu,diðu
du.hu,di.hu,duhu,dihu
du.mo,di.mo,dumo,dimo
du.no,di.no,duno,dino
du.po,di.po,dupo,dipo
du.to,di.to,duto,dito
du.ko,di.ko,duko,diko
du.bo,di.bo,dubo,dibo
du.do,di.do,dudo,dido
du.go,di.go,dugo,digo
du.fo,di.fo,dufo,difo
du.so,di.so,duso,diso
du.vo,di.vo,duvo,divo
du.zo,di.zo,duzo,dizo
du.ʃo,di.ʃo,duʃo,diʃo
du.ʒo,di.ʒo,duʒo,diʒo
du.θo,di.θo,duθo,diθo
du.ðo,di.ðo,duðo,diðo
du.ho,di.ho,duho,diho
gu.mi,gi.mi,gumi,gimi
gu.ni,gi.ni,guni,gini
gu.pi,gi.pi,gupi,gipi
gu.ti,gi.ti,guti,giti
gu.ki,gi.ki,guki,giki
gu.bi,gi.bi,gubi,gibi
gu.di,gi.di,gudi,gidi
gu.gi,gi.gi,gugi,gigi
gu.fi,gi.fi,gufi,gifi
gu.si,gi.si,gusi,gisi
gu.vi,gi.vi,guvi,givi
gu.zi,gi.zi,guzi,gizi
gu.ʃi,gi.ʃi,guʃi,giʃi
gu.ʒi,gi.ʒi,guʒi,giʒi
gu.θi,gi.θi,guθi,giθi
gu.ði,gi.ði,guði,giði
gu.hi,gi.hi,guhi,gihi
gu.me,gi.me,gume,gime
gu.ne,gi.ne,gune,gine
gu.pe,gi.pe,gupe,gipe
gu.te,gi.te,gute,gite
gu.ke,gi.ke,guke,gike
gu.be,gi.be,gube,gibe
gu.de,gi.de,gude,gide
gu.ge,gi.ge,guge,gige
gu.fe,gi.fe,gufe,gife
gu.se,gi.se,guse,gise
gu.ve,gi.ve,guve,give
gu.ze,gi.ze,guze,gize
gu.ʃe,gi.ʃe,guʃe,giʃe
gu.ʒe,gi.ʒe,guʒe,giʒe
gu.θe,gi.θe,guθe,giθe
gu.ðe,gi.ðe,guðe,giðe
gu.he,gi.he,guhe,gihe
gu.mu,gi.mu,gumu,gimu
gu.nu,gi.nu,gunu,ginu
gu.pu,gi.pu,gupu,gipu
gu.tu,gi.tu,gutu,gitu
gu.ku,gi.ku,guku,giku
gu.bu,gi.bu,gubu,gibu
gu.du,gi.du,gudu,gidu
gu.gu,gi.gu,gugu,gigu
gu.fu,gi.fu,gufu,gifu
gu.su,gi.su,gusu,gisu
gu.vu,gi.vu,guvu,givu
gu.zu,gi.zu,guzu,gizu
gu.ʃu,gi.ʃu,guʃu,giʃu
gu.ʒu,gi.ʒu,guʒu,giʒu
gu.θu,gi.θu,guθu,giθu
gu.ðu,gi.ðu,guðu,giðu
gu.hu,gi.hu,guhu,gihu
gu.mo,gi.mo,gumo,gimo
gu.no,gi.no,guno,gino
gu.po,gi.po,gupo,gipo
gu.to,gi.to,guto,gito
gu.ko,gi.ko,guko,giko
gu.bo,gi.bo,gubo,gibo
gu.do,gi.do,gudo,gido
gu.go,gi.go,gugo,gigo
gu.fo,gi.fo,gufo,gifo
gu.so,gi.so,guso,giso
gu.vo,gi.vo,guvo,givo
gu.zo,gi.zo,guzo,gizo
gu.ʃo,gi.ʃo,guʃo,giʃo
gu.ʒo,gi.ʒo,guʒo,giʒo
gu.θo,gi.θo,guθo,giθo
gu.ðo,gi.ðo,guðo,giðo
gu.ho,gi.ho,guho,giho
fu.mi,fi.mi,fumi,fimi
fu.ni,fi.ni,funi,fini
fu.pi,fi.pi,fupi,fipi
fu.ti,fi.ti,futi,fiti
fu.ki,fi.ki,fuki,fiki
fu.bi,fi.bi,fubi,fibi
fu.di,fi.di,fudi,fidi
fu.gi,fi.gi,fugi,figi
fu.fi,fi.fi,fufi,fifi
fu.si,fi.si,fusi,fisi
fu.vi,fi.vi,fuvi,fivi
fu.zi,fi.zi,fuzi,fizi
fu.ʃi,fi.ʃi,fuʃi,fiʃi
fu.ʒi,fi.ʒi,fuʒi,fiʒi
fu.θi,fi.θi,fuθi,fiθi
fu.ði,fi.ði,fuði,fiði
fu.hi,fi.hi,fuhi,fihi
fu.me,fi.me,fume,fime
fu.ne,fi.ne,fune,fine
fu.pe,fi.pe,fupe,fipe
fu.te,fi.te,fute,fite
fu.ke,fi.ke,fuke,fike
fu.be,fi.be,fube,fibe
fu.de,fi.de,fude,fide
fu.ge,fi.ge,fuge,fige
fu.fe,fi.fe,fufe,fife
fu.se,fi.se,fuse,fise
fu.ve,fi.ve,fuve,five
fu.ze,fi.ze,fuze,fize
fu.ʃe,fi.ʃe,fuʃe,fiʃe
fu.ʒe,fi.ʒe,fuʒe,fiʒe
fu.θe,fi.θe,fuθe,fiθe
fu.ðe,fi.ðe,fuðe,fiðe
fu.he,fi.he,fuhe,fihe
fu.mu,fi.mu,fumu,fimu
fu.nu,fi.nu,funu,finu
fu.pu,fi.pu,fupu,fipu
fu.tu,fi.tu,futu,fitu
fu.ku,fi.ku,fuku,fiku
fu.bu,fi.bu,fubu,fibu
fu.du,fi.du,fudu,fidu
fu.gu,fi.gu,fugu,figu
fu.fu,fi.fu,fufu,fifu
fu.su,fi.su,fusu,fisu
fu.vu,fi.vu,fuvu,fivu
fu.zu,fi.zu,fuzu,fizu
fu.ʃu,fi.ʃu,fuʃu,fiʃu
fu.ʒu,fi.ʒu,fuʒu,fiʒu
fu.θu,fi.θu,fuθu,fiθu
fu.ðu,fi.ðu,fuðu,fiðu
fu.hu,fi.hu,fuhu,fihu
fu.mo,fi.mo,fumo,fimo
fu.no,fi.no,funo,fino
fu.po,fi.po,fupo,fipo
fu.to,fi.to,futo,fito
fu.ko,fi.ko,fuko,fiko
fu.bo,fi.bo,fubo,fibo
fu.do,fi.do,fudo,fido
fu.go,fi.go,fugo,figo
fu.fo,fi.fo,fufo,fifo
fu.so,fi.so,fuso,fiso
fu.vo,fi.vo,fuvo,fivo
fu.zo,fi.zo,fuzo,fizo
fu.ʃo,fi.ʃo,fuʃo,fiʃo
fu.ʒo,fi.ʒo,fuʒo,fiʒo
fu.θo,fi.θo,fuθo,fiθo
fu.ðo,fi.ðo,fuðo,fiðo
fu.ho,fi.ho,fuho,fiho
su.mi,si.mi,sumi,simi
su.ni,si.ni,suni,sini
su.pi,si.pi,supi,sipi
su.ti,si.ti,suti,siti
su.ki,si.ki,suki,siki
su.bi,si.bi,subi,sibi
su.di,si.di,sudi,sidi
su.gi,si.gi,sugi,sigi
su.fi,si.fi,sufi,sifi
su.si,si.si,susi,sisi
su.vi,si.vi,suvi,sivi
su.zi,si.zi,suzi,sizi
su.ʃi,si.ʃi,suʃi,siʃi
su.ʒi,si.ʒi,suʒi,siʒi
su.θi,si.θi,suθi,siθi
su.ði,si.ði,suði,siði
su.hi,si.hi,suhi,sihi
su.me,si.me,sume,sime
su.ne,si.ne,sune,sine
su.pe,si.pe,supe,sipe
su.te,si.te,sute,site
su.ke,si.ke,suke,sike
su.be,si.be,sube,sibe
su.de,si.de,sude,side
su.ge,si.ge,suge,sige
su.fe,si.fe,sufe,sife
su.se,si.se,suse,sise
su.ve,si.ve,suve,sive
su.ze,si.ze,suze,size
su.ʃe,si.ʃe,suʃe,siʃe
su.ʒe,si.ʒe,suʒe,siʒe
su.θe,si.θe,suθe,siθe
su.ðe,si.ðe,suðe,siðe
su.he,si.he,suhe,sihe
su.mu,si.mu,sumu,simu
su.nu,si.nu,sunu,sinu
su.pu,si.pu,supu,sipu
su.tu,si.tu,sutu,situ
su.ku,si.ku,suku,siku
su.bu,si.bu,subu,sibu
su.du,si.du,sudu,sidu
su.gu,si.gu,sugu,sigu
su.fu,si.fu,sufu,sifu
su.su,si.su,susu,sisu
su.vu,si.vu,suvu,sivu
su.zu,si.zu,suzu,sizu
su.ʃu,si.ʃu,suʃu,siʃu
su.ʒu,si.ʒu,suʒu,siʒu
su.θu,si.θu,suθu,siθu
su.ðu,si.ðu,suðu,siðu
su.hu,si.hu,suhu,sihu
su.mo,si.mo,sumo,simo
su.no,si.no,suno,sino
su.po,si.po,supo,sipo
su.to,si.to,suto,sito
su.ko,si.ko,suko,siko
su.bo,si.bo,subo,sibo
su.do,si.do,sudo,sido
su.go,si.go,sugo,sigo
su.fo,si.fo,sufo,sifo
su.so,si.so,suso,siso
su.vo,si.vo,suvo,sivo
su.zo,si.zo,suzo,sizo
su.ʃo,si.ʃo,suʃo,siʃo
su.ʒo,si.ʒo,suʒo,siʒo
su.θo,si.θo,suθo,siθo
su.ðo,si.ðo,suðo,siðo
su.ho,si.ho,suho,siho
vu.mi,vi.mi,vumi,vimi
vu.ni,vi.ni,vuni,vini
vu.pi,vi.pi,vupi,vipi
vu.ti,vi.ti,vuti,viti
vu.ki,vi.ki,vuki,viki
vu.bi,vi.bi,vubi,vibi
vu.di,vi.di,vudi,vidi
vu.gi,vi.gi,vugi,vigi
vu.fi,vi.fi,vufi,vifi
vu.si,vi.si,vusi,visi
vu.vi,vi.vi,vuvi,vivi
vu.zi,vi.zi,vuzi,vizi
vu.ʃi,vi.ʃi,vuʃi,viʃi
vu.ʒi,vi.ʒi,vuʒi,viʒi
vu.θi,vi.θi,vuθi,viθi
vu.ði,vi.ði,vuði,viði
vu.hi,vi.hi,vuhi,vihi
vu.me,vi.me,vume,vime
vu.ne,vi.ne,vune,vine
vu.pe,vi.pe,vupe,vipe
vu.te,vi.te,vute,vite
vu.ke,vi.ke,vuke,vike
vu.be,vi.be,vube,vibe
vu.de,vi.de,vude,vide
vu.ge,vi.ge,vuge,vige
vu.fe,vi.fe,vufe,vife
vu.se,vi.se,vuse,vise
vu.ve,vi.ve,vuve,vive
vu.ze,vi.ze,vuze,vize
vu.ʃe,vi.ʃe,vuʃe,viʃe
vu.ʒe,vi.ʒe,vuʒe,viʒe
vu.θe,vi.θe,vuθe,viθe
vu.ðe,vi.ðe,vuðe,viðe
vu.he,vi.he,vuhe,vihe
vu.mu,vi.mu,vumu,vimu
vu.nu,vi.nu,vunu,vinu
vu.pu,vi.pu,vupu,vipu
vu.tu,vi.tu,vutu,vitu
vu.ku,vi.ku,vuku,viku
vu.bu,vi.bu,vubu,vibu
vu.du,vi.du,vudu,vidu
vu.gu,vi.gu,vugu,vigu
vu.fu,vi.fu,vufu,vifu
vu.su,vi.su,vusu,visu
vu.vu,vi.vu,vuvu,vivu
vu.zu,vi.zu,vuzu,vizu
vu.ʃu,vi.ʃu,vuʃu,viʃu
vu.ʒu,vi.ʒu,vuʒu,viʒu
vu.θu,vi.θu,vuθu,viθu
vu.ðu,vi.ðu,vuðu,viðu
vu.hu,vi.hu,vuhu,vihu
vu.mo,vi.mo,vumo,vimo
vu.no,vi.no,vuno,vino
vu.po,vi.po,vupo,vipo
vu.to,vi.to,vuto,vito
vu.ko,vi.ko,vuko,viko
vu.bo,vi.bo,vubo,vibo
vu.do,vi.do,vudo,vido
vu.go,vi.go,vugo,vigo
vu.fo,vi.fo,vufo,vifo
vu.so,vi.so,vuso,viso
vu.vo,vi.vo,vuvo,vivo
vu.zo,vi.zo,vuzo,vizo
vu.ʃo,vi.ʃo,vuʃo,viʃo
vu.ʒo,vi.ʒo,vuʒo,viʒo
vu.θo,vi.θo,vuθo,viθo
vu.ðo,vi.ðo,vuðo,viðo
vu.ho,vi.ho,vuho,viho
zu.mi,zi.mi,zumi,zimi
zu.ni,zi.ni,zuni,zini
zu.pi,zi.pi,zupi,zipi
zu.ti,zi.ti,zuti,ziti
zu.ki,zi.ki,zuki,ziki
zu.bi,zi.bi,zubi,zibi
zu.di,zi.di,zudi,zidi
zu.gi,zi.gi,zugi,zigi
zu.fi,zi.fi,zufi,zifi
zu.si,zi.si,zusi,zisi
zu.vi,zi.vi,zuvi,zivi
zu.zi,zi.zi,zuzi,zizi
zu.ʃi,zi.ʃi,zuʃi,ziʃi
zu.ʒi,zi.ʒi,zuʒi,ziʒi
zu.θi,zi.θi,zuθi,ziθi
zu.ði,zi.ði,zuði,ziði
zu.hi,zi.hi,zuhi,zihi
zu.me,zi.me,zume,zime
zu.ne,zi.ne,zune,zine
zu.pe,zi.pe,zupe,zipe
zu.te,zi.te,zute,zite
zu.ke,zi.ke,zuke,zike
zu.be,zi.be,zube,zibe
zu.de,zi.de,zude,zide
zu.ge,zi.ge,zuge,zige
zu.fe,zi.fe,zufe,zife
zu.se,zi.se,zuse,zise
zu.ve,zi.ve,zuve,zive
zu.ze,zi.ze,zuze,zize
zu.ʃe,zi.ʃe,zuʃe,ziʃe
zu.ʒe,zi.ʒe,zuʒe,ziʒe
zu.θe,zi.θe,zuθe,ziθe
zu.ðe,zi.ðe,zuðe,ziðe
zu.he,zi.he,zuhe,zihe
zu.mu,zi.mu,zumu,zimu
zu.nu,zi.nu,zunu,zinu
zu.pu,zi.pu,zupu,zipu
zu.tu,zi.tu,zutu,zitu
zu.ku,zi.ku,zuku,ziku
zu.bu,zi.bu,zubu,zibu
zu.du,zi.du,zudu,zidu
zu.gu,zi.gu,zugu,zigu
zu.fu,zi.fu,zufu,zifu
zu.su,zi.su,zusu,zisu
zu.vu,zi.vu,zuvu,zivu
zu.zu,zi.zu,zuzu,zizu
zu.ʃu,zi.ʃu,zuʃu,ziʃu
zu.ʒu,zi.ʒu,zuʒu,ziʒu
zu.θu,zi.θu,zuθu,ziθu
zu.ðu,zi.ðu,zuðu,ziðu
zu.hu,zi.hu,zuhu,zihu
zu.mo,zi.mo,zumo,zimo
zu.no,zi.no,zuno,zino
zu.po,zi.po,zupo,zipo
zu.to,zi.to,zuto,zito
zu.ko,zi.ko,zuko,ziko
zu.bo,zi.bo,zubo,zibo
zu.do,zi.do,zudo,zido
zu.go,zi.go,zugo,zigo
zu.fo,zi.fo,zufo,zifo
zu.so,zi.so,zuso,ziso
zu.vo,zi.vo,zuvo,zivo
zu.zo,zi.zo,zuzo,zizo
zu.ʃo,zi.ʃo,zuʃo,ziʃo
zu.ʒo,zi.ʒo,zuʒo,ziʒo
zu.θo,zi.θo,zuθo,ziθo
zu.ðo,zi.ðo,zuðo,ziðo
zu.ho,zi.ho,zuho,ziho
ʃu.mi,ʃi.mi,ʃumi,ʃimi
ʃu.ni,ʃi.ni,ʃuni,ʃini
ʃu.pi,ʃi.pi,ʃupi,ʃipi
ʃu.ti,ʃi.ti,ʃuti,ʃiti
ʃu.ki,ʃi.ki,ʃuki,ʃiki
ʃu.bi,ʃi.bi,ʃubi,ʃibi
ʃu.di,ʃi.di,ʃudi,ʃidi
ʃu.gi,ʃi.gi,ʃugi,ʃigi
ʃu.fi,ʃi.fi,ʃufi,ʃifi
ʃu.si,ʃi.si,ʃusi,ʃisi
ʃu.vi,ʃi.vi,ʃuvi,ʃivi
ʃu.zi,ʃi.zi,ʃuzi,ʃizi
ʃu.ʃi,ʃi.ʃi,ʃuʃi,ʃiʃi
ʃu.ʒi,ʃi.ʒi,ʃuʒi,ʃiʒi
ʃu.θi,ʃi.θi,ʃuθi,ʃiθi
ʃu.ði,ʃi.ði,ʃuði,ʃiði
ʃu.hi,ʃi.hi,ʃuhi,ʃihi
ʃu.me,ʃi.me,ʃume,ʃime
ʃu.ne,ʃi.ne,ʃune,ʃine
ʃu.pe,ʃi.pe,ʃupe,ʃipe
ʃu.te,ʃi.te,ʃute,ʃite
ʃu.ke,ʃi.ke,ʃuke,ʃike
ʃu.be,ʃi.be,ʃube,ʃibe
ʃu.de,ʃi.de,ʃude,ʃide
ʃu.ge,ʃi.ge,ʃuge,ʃige
ʃu.fe,ʃi.fe,ʃufe,ʃife
ʃu.se,ʃi.se,ʃuse,ʃise
ʃu.ve,ʃi.ve,ʃuve,ʃive
ʃu.ze,ʃi.ze,ʃuze,ʃize
ʃu.ʃe,ʃi.ʃe,ʃuʃe,ʃiʃe
ʃu.ʒe,ʃi.ʒe,ʃuʒe,ʃiʒe
ʃu.θe,ʃi.θe,ʃuθe,ʃiθe
ʃu.ðe,ʃi.ðe,ʃuðe,ʃiðe
ʃu.he,ʃi.he,ʃuhe,ʃihe
ʃu.mu,ʃi.mu,ʃumu,ʃimu
ʃu.nu,ʃi.nu,ʃunu,ʃinu
ʃu.pu,ʃi.pu,ʃupu,ʃipu
ʃu.tu,ʃi.tu,ʃutu,ʃitu
ʃu.ku,ʃi.ku,ʃuku,ʃiku
ʃu.bu,ʃi.bu,ʃubu,ʃibu
ʃu.du,ʃi.du,ʃudu,ʃidu
ʃu.gu,ʃi.gu,ʃugu,ʃigu
ʃu.fu,ʃi.fu,ʃufu,ʃifu
ʃu.su,ʃi.su,ʃusu,ʃisu
ʃu.vu,ʃi.vu,ʃuvu,ʃivu
ʃu.zu,ʃi.zu,ʃuzu,ʃizu
ʃu.ʃu,ʃi.ʃu,ʃuʃu,ʃiʃu
ʃu.ʒu,ʃi.ʒu,ʃuʒu,ʃiʒu
ʃu.θu,ʃi.θu,ʃuθu,ʃiθu
ʃu.ðu,ʃi.ðu,ʃuðu,ʃiðu
ʃu.hu,ʃi.hu,ʃuhu,ʃihu
ʃu.mo,ʃi.mo,ʃumo,ʃimo
ʃu.no,ʃi.no,ʃuno,ʃino
ʃu.po,ʃi.po,ʃupo,ʃipo
ʃu.to,ʃi.to,ʃuto,ʃito
ʃu.ko,ʃi.ko,ʃuko,ʃiko
ʃu.bo,ʃi.bo,ʃubo,ʃibo
ʃu.do,ʃi.do,ʃudo,ʃido
ʃu.go,ʃi.go,ʃugo,ʃigo
ʃu.fo,ʃi.fo,ʃufo,ʃifo
ʃu.so,ʃi.so,ʃuso,ʃiso
ʃu.vo,ʃi.vo,ʃuvo,ʃivo
ʃu.zo,ʃi.zo,ʃuzo,ʃizo
ʃu.ʃo,ʃi.ʃo,ʃuʃo,ʃiʃo
ʃu.ʒo,ʃi.ʒo,ʃuʒo,ʃiʒo
ʃu.θo,ʃi.θo,ʃuθo,ʃiθo
ʃu.ðo,ʃi.ðo,ʃuðo,ʃiðo
ʃu.ho,ʃi.ho,ʃuho,ʃiho
ʒu.mi,ʒi.mi,ʒumi,ʒimi
ʒu.ni,ʒi.ni,ʒuni,ʒini
ʒu.pi,ʒi.pi,ʒupi,ʒipi
ʒu.ti,ʒi.ti,ʒuti,ʒiti
ʒu.ki,ʒi.ki,ʒuki,ʒiki
ʒu.bi,ʒi.bi,ʒubi,ʒibi
ʒu.di,ʒi.di,ʒudi,ʒidi
ʒu.gi,ʒi.gi,ʒugi,ʒigi
ʒu.fi,ʒi.fi,ʒufi,ʒifi
ʒu.si,ʒi.si,ʒusi,ʒisi
ʒu.vi,ʒi.vi,ʒuvi,ʒivi
ʒu.zi,ʒi.zi,ʒuzi,ʒizi
ʒu.ʃi,ʒi.ʃi,ʒuʃi,ʒiʃi
ʒu.ʒi,ʒi.ʒi,ʒuʒi,ʒiʒi
ʒu.θi,ʒi.θi,ʒuθi,ʒiθi
ʒu.ði,ʒi.ði,ʒuði,ʒiði
ʒu.hi,ʒi.hi,ʒuhi,ʒihi
ʒu.me,ʒi.me,ʒume,ʒime
ʒu.ne,ʒi.ne,ʒune,ʒine
ʒu.pe,ʒi.pe,ʒupe,ʒipe
ʒu.te,ʒi.te,ʒute,ʒite
ʒu.ke,ʒi.ke,ʒuke,ʒike
ʒu.be,ʒi.be,ʒube,ʒibe
ʒu.de,ʒi.de,ʒude,ʒide
ʒu.ge,ʒi.ge,ʒuge,ʒige
ʒu.fe,ʒi.fe,ʒufe,ʒife
ʒu.se,ʒi.se,ʒuse,ʒise
ʒu.ve,ʒi.ve,ʒuve,ʒive
ʒu.ze,ʒi.ze,ʒuze,ʒize
ʒu.ʃe,ʒi.ʃe,ʒuʃe,ʒiʃe
ʒu.ʒe,ʒi.ʒe,ʒuʒe,ʒiʒe
ʒu.θe,ʒi.θe,ʒuθe,ʒiθe
ʒu.ðe,ʒi.ðe,ʒuðe,ʒiðe
ʒu.he,ʒi.he,ʒuhe,ʒihe
ʒu.mu,ʒi.mu,ʒumu,ʒimu
ʒu.nu,ʒi.nu,ʒunu,ʒinu
ʒu.pu,ʒi.pu,ʒupu,ʒipu
ʒu.tu,ʒi.tu,ʒutu,ʒitu
ʒu.ku,ʒi.ku,ʒuku,ʒiku
ʒu.bu,ʒi.bu,ʒubu,ʒibu
ʒu.du,ʒi.du,ʒudu,ʒidu
ʒu.gu,ʒi.gu,ʒugu,ʒigu
ʒu.fu,ʒi.fu,ʒufu,ʒifu
ʒu.su,ʒi.su,ʒusu,ʒisu
ʒu.vu,ʒi.vu,ʒuvu,ʒivu
ʒu.zu,ʒi.zu,ʒuzu,ʒizu
ʒu.ʃu,ʒi.ʃu,ʒuʃu,ʒiʃu
ʒu.ʒu,ʒi.ʒu,ʒuʒu,ʒiʒu
ʒu.θu,ʒi.θu,ʒuθu,ʒiθu
ʒu.ðu,ʒi.ðu,ʒuðu,ʒiðu
ʒu.hu,ʒi.hu,ʒuhu,ʒihu
ʒu.mo,ʒi.mo,ʒumo,ʒimo
ʒu.no,ʒi.no,ʒuno,ʒino
ʒu.po,ʒi.po,ʒupo,ʒipo
ʒu.to,ʒi.to,ʒuto,ʒito
ʒu.ko,ʒi.ko,ʒuko,ʒiko
ʒu.bo,ʒi.bo,ʒubo,ʒibo
ʒu.do,ʒi.do,ʒudo,ʒido
ʒu.go,ʒi.go,ʒugo,ʒigo
ʒu.fo,ʒi.fo,ʒufo,ʒifo
ʒu.so,ʒi.so,ʒuso,ʒiso
ʒu.vo,ʒi.vo,ʒuvo,ʒivo
ʒu.zo,ʒi.zo,ʒuzo,ʒizo
ʒu.ʃo,ʒi.ʃo,ʒuʃo,ʒiʃo
ʒu.ʒo,ʒi.ʒo,ʒuʒo,ʒiʒo
ʒu.θo,ʒi.θo,ʒuθo,ʒiθo
ʒu.ðo,ʒi.ðo,ʒuðo,ʒiðo
ʒu.ho,ʒi.ho,ʒuho,ʒiho
θu.mi,θi.mi,θumi,θimi
θu.ni,θi.ni,θuni,θini
θu.pi,θi.pi,θupi,θipi
θu.ti,θi.ti,θuti,θiti
θu.ki,θi.ki,θuki,θiki
θu.bi,θi.bi,θubi,θibi
θu.di,θi.di,θudi,θidi
θu.gi,θi.gi,θugi,θigi
θu.fi,θi.fi,θufi,θifi
θu.si,θi.si,θusi,θisi
θu.vi,θi.vi,θuvi,θivi
θu.zi,θi.zi,θuzi,θizi
θu.ʃi,θi.ʃi,θuʃi,θiʃi
θu.ʒi,θi.ʒi,θuʒi,θiʒi
θu.θi,θi.θi,θuθi,θiθi
θu.ði,θi.ði,θuði,θiði
θu.hi,θi.hi,θuhi,θihi
θu.me,θi.me,θume,θime
θu.ne,θi.ne,θune,θine
θu.pe,θi.pe,θupe,θipe
θu.te,θi.te,θute,θite
θu.ke,θi.ke,θuke,θike
θu.be,θi.be,θube,θibe
θu.de,θi.de,θude,θide
θu.ge,θi.ge,θuge,θige
θu.fe,θi.fe,θufe,θife
θu.se,θi.se,θuse,θise
θu.ve,θi.ve,θuve,θive
θu.ze,θi.ze,θuze,θize
θu.ʃe,θi.ʃe,θuʃe,θiʃe
θu.ʒe,θi.ʒe,θuʒe,θiʒe
θu.θe,θi.θe,θuθe,θiθe
θu.ðe,θi.ðe,θuðe,θiðe
θu.he,θi.he,θuhe,θihe
θu.mu,θi.mu,θumu,θimu
θu.nu,θi.nu,θunu,θinu
θu.pu,θi.pu,θupu,θipu
θu.tu,θi.tu,θutu,θitu
θu.ku,θi.ku,θuku,θiku
θu.bu,θi.bu,θubu,θibu
θu.du,θi.du,θudu,θidu
θu.gu,θi.gu,θugu,θigu
θu.fu,θi.fu,θufu,θifu
θu.su,θi.su,θusu,θisu
θu.vu,θi.vu,θuvu,θivu
θu.zu,θi.zu,θuzu,θizu
θu.ʃu,θi.ʃu,θuʃu,θiʃu
θu.ʒu,θi.ʒu,θuʒu,θiʒu
θu.θu,θi.θu,θuθu,θiθu
θu.ðu,θi.ðu,θuðu,θiðu
θu.hu,θi.hu,θuhu,θihu
θu.mo,θi.mo,θumo,θimo
θu.no,θi.no,θuno,θino
θu.po,θi.po,θupo,θipo
θu.to,θi.to,θuto,θito
θu.ko,θi.ko,θuko,θiko
θu.bo,θi.bo,θubo,θibo
θu.do,θi.do,θudo,θido
θu.go,θi.go,θugo,θigo
θu.fo,θi.fo,θufo,θifo
θu.so,θi.so,θuso,θiso
θu.vo,θi.vo,θuvo,θivo
θu.zo,θi.zo,θuzo,θizo
θu.ʃo,θi.ʃo,θuʃo,θiʃo
θu.ʒo,θi.ʒo,θuʒo,θiʒo
θu.θo,θi.θo,θuθo,θiθo
θu.ðo,θi.ðo,θuðo,θiðo
θu.ho,θi.ho,θuho,θiho
ðu.mi,ði.mi,ðumi,ðimi
ðu.ni,ði.ni,ðuni,ðini
ðu.pi,ði.pi,ðupi,ðipi
ðu.ti,ði.ti,ðuti,ðiti
ðu.ki,ði.ki,ðuki,ðiki
ðu.bi,ði.bi,ðubi,ðibi
ðu.di,ði.di,ðudi,ðidi
ðu.gi,ði.gi,ðugi,ðigi
ðu.fi,ði.fi,ðufi,ðifi
ðu.si,ði.si,ðusi,ðisi
ðu.vi,ði.vi,ðuvi,ðivi
ðu.zi,ði.zi,ðuzi,ðizi
ðu.ʃi,ði.ʃi,ðuʃi,ðiʃi
ðu.ʒi,ði.ʒi,ðuʒi,ðiʒi
ðu.θi,ði.θi,ðuθi,ðiθi
ðu.ði,ði.ði,ðuði,ðiði
ðu.hi,ði.hi,ðuhi,ðihi
ðu.me,ði.me,ðume,ðime
ðu.ne,ði.ne,ðune,ðine
ðu.pe,ði.pe,ðupe,ðipe
ðu.te,ði.te,ðute,ðite
ðu.ke,ði.ke,ðuke,ðike
ðu.be,ði.be,ðube,ðibe
ðu.de,ði.de,ðude,ðide
ðu.ge,ði.ge,ðuge,ðige
ðu.fe,ði.fe,ðufe,ðife
ðu.se,ði.se,ðuse,ðise
ðu.ve,ði.ve,ðuve,ðive
ðu.ze,ði.ze,ðuze,ðize
ðu.ʃe,ði.ʃe,ðuʃe,ðiʃe
ðu.ʒe,ði.ʒe,ðuʒe,ðiʒe
ðu.θe,ði.θe,ðuθe,ðiθe
ðu.ðe,ði.ðe,ðuðe,ðiðe
ðu.he,ði.he,ðuhe,ðihe
ðu.mu,ði.mu,ðumu,ðimu
ðu.nu,ði.nu,ðunu,ðinu
ðu.pu,ði.pu,ðupu,ðipu
ðu.tu,ði.tu,ðutu,ðitu
ðu.ku,ði.ku,ðuku,ðiku
ðu.bu,ði.bu,ðubu,ðibu
ðu.du,ði.du,ðudu,ðidu
ðu.gu,ði.gu,ðugu,ðigu
ðu.fu,ði.fu,ðufu,ðifu
ðu.su,ði.su,ðusu,ðisu
ðu.vu,ði.vu,ðuvu,ðivu
ðu.zu,ði.zu,ðuzu,ðizu
ðu.ʃu,ði.ʃu,ðuʃu,ðiʃu
ðu.ʒu,ði.ʒu,ðuʒu,ðiʒu
ðu.θu,ði.θu,ðuθu,ðiθu
ðu.ðu,ði.ðu,ðuðu,ðiðu
ðu.hu,ði.hu,ðuhu,ðihu
ðu.mo,ði.mo,ðumo,ðimo
ðu.no,ði.no,ðuno,ðino
ðu.po,ði.po,ðupo,ðipo
ðu.to,ði.to,ðuto,ðito
ðu.ko,ði.ko,ðuko,ðiko
ðu.bo,ði.bo,ðubo,ðibo
ðu.do,ði.do,ðudo,ðido
ðu.go,ði.go,ðugo,ðigo
ðu.fo,ði.fo,ðufo,ðifo
ðu.so,ði.so,ðuso,ðiso
ðu.vo,ði.vo,ðuvo,ðivo
ðu.zo,ði.zo,ðuzo,ðizo
ðu.ʃo,ði.ʃo,ðuʃo,ðiʃo
ðu.ʒo,ði.ʒo,ðuʒo,ðiʒo
ðu.θo,ði.θo,ðuθo,ðiθo
ðu.ðo,ði.ðo,ðuðo,ðiðo
ðu.ho,ði.ho,ðuho,ðiho
hu.mi,hi.mi,humi,himi
hu.ni,hi.ni,huni,hini
hu.pi,hi.pi,hupi,hipi
hu.ti,hi.ti,huti,hiti
hu.ki,hi.ki,huki,hiki
hu.bi,hi.bi,hubi,hibi
hu.di,hi.di,hudi,hidi
hu.gi,hi.gi,hugi,higi
hu.fi,hi.fi,hufi,hifi
hu.si,hi.si,husi,hisi
hu.vi,hi.vi,huvi,hivi
hu.zi,hi.zi,huzi,hizi
hu.ʃi,hi.ʃi,huʃi,hiʃi
hu.ʒi,hi.ʒi,huʒi,hiʒi
hu.θi,hi.θi,huθi,hiθi
hu.ði,hi.ði,huði,hiði
hu.hi,hi.hi,huhi,hihi
hu.me,hi.me,hume,hime
hu.ne,hi.ne,hune,hine
hu.pe,hi.pe,hupe,hipe
hu.te,hi.te,hute,hite
hu.ke,hi.ke,huke,hike
hu.be,hi.be,hube,hibe
hu.de,hi.de,hude,hide
hu.ge,hi.ge,huge,hige
hu.fe,hi.fe,hufe,hife
hu.se,hi.se,huse,hise
hu.ve,hi.ve,huve,hive
hu.ze,hi.ze,huze,hize
hu.ʃe,hi.ʃe,huʃe,hiʃe
hu.ʒe,hi.ʒe,huʒe,hiʒe
hu.θe,hi.θe,huθe,hiθe
hu.ðe,hi.ðe,huðe,hiðe
hu.he,hi.he,huhe,hihe
hu.mu,hi.mu,humu,himu
hu.nu,hi.nu,hunu,hinu
hu.pu,hi.pu,hupu,hipu
hu.tu,hi.tu,hutu,hitu
hu.ku,hi.ku,huku,hiku
hu.bu,hi.bu,hubu,hibu
hu.du,hi.du,hudu,hidu
hu.gu,hi.gu,hugu,higu
hu.fu,hi.fu,hufu,hifu
hu.su,hi.su,husu,hisu
hu.vu,hi.vu,huvu,hivu
hu.zu,hi.zu,huzu,hizu
hu.ʃu,hi.ʃu,huʃu,hiʃu
hu.ʒu,hi.ʒu,huʒu,hiʒu
hu.θu,hi.θu,huθu,hiθu
hu.ðu,hi.ðu,huðu,hiðu
hu.hu,hi.hu,huhu,hihu
hu.mo,hi.mo,humo,himo
hu.no,hi.no,huno,hino
hu.po,hi.po,hupo,hipo
hu.to,hi.to,huto,hito
hu.ko,hi.ko,huko,hiko
hu.bo,hi.bo,hubo,hibo
hu.do,hi.do,hudo,hido
hu.go,hi.go,hugo,higo
hu.fo,hi.fo,hufo,hifo
hu.so,hi.so,huso,hiso
hu.vo,hi.vo,huvo,hivo
hu.zo,hi.zo,huzo,hizo
hu.ʃo,hi.ʃo,huʃo,hiʃo
hu.ʒo,hi.ʒo,huʒo,hiʒo
hu.θo,hi.θo,huθo,hiθo
hu.ðo,hi.ðo,huðo,hiðo
hu.ho,hi.ho,huho,hiho
mo.mi,me.mi,momi,memi
mo.ni,me.ni,moni,meni
mo.pi,me.pi,mopi,mepi
mo.ti,me.ti,moti,meti
mo.ki,me.ki,moki,meki
mo.bi,me.bi,mobi,mebi
mo.di,me.di,modi,medi
mo.gi,me.gi,mogi,megi
mo.fi,me.fi,mofi,mefi
mo.si,me.si,mosi,mesi
mo.vi,me.vi,movi,mevi
mo.zi,me.zi,mozi,mezi
mo.ʃi,me.ʃi,moʃi,meʃi
mo.ʒi,me.ʒi,moʒi,meʒi
mo.θi,me.θi,moθi,meθi
mo.ði,me.ði,moði,meði
mo.hi,me.hi,mohi,mehi
mo.me,me.me,mome,meme
mo.ne,me.ne,mone,mene
mo.pe,me.pe,mope,mepe
mo.te,me.te,mote,mete
mo.ke,me.ke,moke,meke
mo.be,me.be,mobe,mebe
mo.de,me.de,mode,mede
mo.ge,me.ge,moge,mege
mo.fe,me.fe,mofe,mefe
mo.se,me.se,mose,mese
mo.ve,me.ve,move,meve
mo.ze,me.ze,moze,meze
mo.ʃe,me.ʃe,moʃe,meʃe
mo.ʒe,me.ʒe,moʒe,meʒe
mo.θe,me.θe,moθe,meθe
mo.ðe,me.ðe,moðe,meðe
mo.he,me.he,mohe,mehe
mo.mu,me.mu,momu,memu
mo.nu,me.nu,monu,menu
mo.pu,me.pu,mopu,mepu
mo.tu,me.tu,motu,metu
mo.ku,me.ku,moku,meku
mo.bu,me.bu,mobu,mebu
mo.du,me.du,modu,medu
mo.gu,me.gu,mogu,megu
mo.fu,me.fu,mofu,mefu
mo.su,me.su,mosu,mesu
mo.vu,me.vu,movu,mevu
mo.zu,me.zu,mozu,mezu
mo.ʃu,me.ʃu,moʃu,meʃu
mo.ʒu,me.ʒu,moʒu,meʒu
mo.θu,me.θu,moθu,meθu
mo.ðu,me.ðu,moðu,meðu
mo.hu,me.hu,mohu,mehu
mo.mo,me.mo,momo,memo
mo.no,me.no,mono,meno
mo.po,me.po,mopo,mepo
mo.to,me.to,moto,meto
mo.ko,me.ko,moko,meko
mo.bo,me.bo,mobo,mebo
mo.do,me.do,modo,medo
mo.go,me.go,mogo,mego
mo.fo,me.fo,mofo,mefo
mo.so,me.so,moso,meso
mo.vo,me.vo,movo,mevo
mo.zo,me.zo,mozo,mezo
mo.ʃo,me.ʃo,moʃo,meʃo
mo.ʒo,me.ʒo,moʒo,meʒo
mo.θo,me.θo,moθo,meθo
mo.ðo,me.ðo,moðo,meðo
mo.ho,me.ho,moho,meho
no.mi,ne.mi,nomi,nemi
no.ni,ne.ni,noni,neni
no.pi,ne.pi,nopi,nepi
no.ti,ne.ti,noti,neti
no.ki,ne.ki,noki,neki
no.bi,ne.bi,nobi,nebi
no.di,ne.di,nodi,nedi
no.gi,ne.gi,nogi,negi
no.fi,ne.fi,nofi,nefi
no.si,ne.si,nosi,nesi
no.vi,ne.vi,novi,nevi
no.zi,ne.zi,nozi,nezi
no.ʃi,ne.ʃi,noʃi,neʃi
no.ʒi,ne.ʒi,noʒi,neʒi
no.θi,ne.θi,noθi,neθi
no.ði,ne.ði,noði,neði
no.hi,ne.hi,nohi,nehi
no.me,ne.me,nome,neme
no.ne,ne.ne,none,nene
no.pe,ne.pe,nope,nepe
no.te,ne.te,note,nete
no.ke,ne.ke,noke,neke
no.be,ne.be,nobe,nebe
no.de,ne.de,node,nede
no.ge,ne.ge,noge,nege
no.fe,ne.fe,nofe,nefe
no.se,ne.se,nose,nese
no.ve,ne.ve,nove,neve
no.ze,ne.ze,noze,neze
no.ʃe,ne.ʃe,noʃe,neʃe
no.ʒe,ne.ʒe,noʒe,neʒe
no.θe,ne.θe,noθe,neθe
no.ðe,ne.ðe,noðe,neðe
no.he,ne.he,nohe,nehe
no.mu,ne.mu,nomu,nemu
no.nu,ne.nu,nonu,nenu
no.pu,ne.pu,nopu,nepu
no.tu,ne.tu,notu,netu
no.ku,ne.ku,noku,neku
no.bu,ne.bu,nobu,nebu
no.du,ne.du,nodu,nedu
no.gu,ne.gu,nogu,negu
no.fu,ne.fu,nofu,nefu
no.su,ne.su,nosu,nesu
no.vu,ne.vu,novu,nevu
no.zu,ne.zu,nozu,nezu
no.ʃu,ne.ʃu,noʃu,neʃu
no.ʒu,ne.ʒu,noʒu,neʒu
no.θu,ne.θu,noθu,neθu
no.ðu,ne.ðu,noðu,neðu
no.hu,ne.hu,nohu,nehu
no.mo,ne.mo,nomo,nemo
no.no,ne.no,nono,neno
no.po,ne.po,nopo,nepo
no.to,ne.to,noto,neto
no.ko,ne.ko,noko,neko
no.bo,ne.bo,nobo,nebo
no.do,ne.do,nodo,nedo
no.go,ne.go,nogo,nego
no.fo,ne.fo,nofo,nefo
no.so,ne.so,noso,neso
no.vo,ne.vo,novo,nevo
no.zo,ne.zo,nozo,nezo
no.ʃo,ne.ʃo,noʃo,neʃo
no.ʒo,ne.ʒo,noʒo,neʒo
no.θo,ne.θo,noθo,neθo
no.ðo,ne.ðo,noðo,neðo
no.ho,ne.ho,noho,neho
po.mi,pe.mi,pomi,pemi
po.ni,pe.ni,poni,peni
po.pi,pe.pi,popi,pepi
po.ti,pe.ti,poti,peti
po.ki,pe.ki,poki,peki
po.bi,pe.bi,pobi,pebi
po.di,pe.di,podi,pedi
po.gi,pe.gi,pogi,pegi
po.fi,pe.fi,pofi,pefi
po.si,pe.si,posi,pesi
po.vi,pe.vi,povi,pevi
po.zi,pe.zi,pozi,pezi
po.ʃi,pe.ʃi,poʃi,peʃi
po.ʒi,pe.ʒi,poʒi,peʒi
po.θi,pe.θi,poθi,peθi
po.ði,pe.ði,poði,peði
po.hi,pe.hi,pohi,pehi
po.me,pe.me,pome,peme
po.ne,pe.ne,pone,pene
po.pe,pe.pe,pope,pepe
po.te,pe.te,pote,pete
po.ke,pe.ke,poke,peke
po.be,pe.be,pobe,pebe
po.de,pe.de,pode,pede
po.ge,pe.ge,poge,pege
po.fe,pe.fe,pofe,pefe
po.se,pe.se,pose,pese
po.ve,pe.ve,pove,peve
po.ze,pe.ze,poze,peze
po.ʃe,pe.ʃe,poʃe,peʃe
po.ʒe,pe.ʒe,poʒe,peʒe
po.θe,pe.θe,poθe,peθe
po.ðe,pe.ðe,poðe,peðe
po.he,pe.he,pohe,pehe
po.mu,pe.mu,pomu,pemu
po.nu,pe.nu,ponu,penu
po.pu,pe.pu,popu,pepu
po.tu,pe.tu,potu,petu
po.ku,pe.ku,poku,peku
po.bu,pe.bu,pobu,pebu
po.du,pe.du,podu,pedu
po.gu,pe.gu,pogu,pegu
po.fu,pe.fu,pofu,pefu
po.su,pe.su,posu,pesu
po.vu,pe.vu,povu,pevu
po.zu,pe.zu,pozu,pezu
po.ʃu,pe.ʃu,poʃu,peʃu
po.ʒu,pe.ʒu,poʒu,peʒu
po.θu,pe.θu,poθu,peθu
po.ðu,pe.ðu,poðu,peðu
po.hu,pe.hu,pohu,pehu
po.mo,pe.mo,pomo,pemo
po.no,pe.no,pono,peno
po.po,pe.po,popo,pepo
po.to,pe.to,poto,peto
po.ko,pe.ko,poko,peko
po.bo,pe.bo,pobo,pebo
po.do,pe.do,podo,pedo
po.go,pe.go,pogo,pego
po.fo,pe.fo,pofo,pefo
po.so,pe.so,poso,peso
po.vo,pe.vo,povo,pevo
po.zo,pe.zo,pozo,pezo
po.ʃo,pe.ʃo,poʃo,peʃo
po.ʒo,pe.ʒo,poʒo,peʒo
po.θo,pe.θo,poθo,peθo
po.ðo,pe.ðo,poðo,peðo
po.ho,pe.ho,poho,peho
to.mi,te.mi,tomi,temi
to.ni,te.ni,toni,teni
to.pi,te.pi,topi,tepi
to.ti,te.ti,toti,teti
to.ki,te.ki,toki,teki
to.bi,te.bi,tobi,tebi
to.di,te.di,todi,tedi
to.gi,te.gi,togi,tegi
to.fi,te.fi,tofi,tefi
to.si,te.si,tosi,tesi
to.vi,te.vi,tovi,tevi
to.zi,te.zi,tozi,tezi
to.ʃi,te.ʃi,toʃi,teʃi
to.ʒi,te.ʒi,toʒi,teʒi
to.θi,te.θi,toθi,teθi
to.ði,te.ði,toði,teði
to.hi,te.hi,tohi,tehi
to.me,te.me,tome,teme
to.ne,te.ne,tone,tene
to.pe,te.pe,tope,tepe
to.te,te.te,tote,tete
to.ke,te.ke,toke,teke
to.be,te.be,tobe,tebe
to.de,te.de,tode,tede
to.ge,te.ge,toge,tege
to.fe,te.fe,tofe,tefe
to.se,te.se,tose,tese
to.ve,te.ve,tove,teve
to.ze,te.ze,toze,teze
to.ʃe,te.ʃe,toʃe,teʃe
to.ʒe,te.ʒe,toʒe,teʒe
to.θe,te.θe,toθe,teθe
to.ðe,te.ðe,toðe,teðe
to.he,te.he,tohe,tehe
to.mu,te.mu,tomu,temu
to.nu,te.nu,tonu,tenu
to.pu,te.pu,topu,tepu
to.tu,te.tu,totu,tetu
to.ku,te.ku,toku,teku
to.bu,te.bu,tobu,tebu
to.du,te.du,todu,tedu
to.gu,te.gu,togu,tegu
to.fu,te.fu,tofu,tefu
to.su,te.su,tosu,tesu
to.vu,te.vu,tovu,tevu
to.zu,te.zu,tozu,tezu
to.ʃu,te.ʃu,toʃu,teʃu
to.ʒu,te.ʒu,toʒu,teʒu
to.θu,te.θu,toθu,teθu
to.ðu,te.ðu,toðu,teðu
to.hu,te.hu,tohu,tehu
to.mo,te.mo,tomo,temo
to.no,te.no,tono,teno
to.po,te.po,topo,tepo
to.to,te.to,toto,teto
to.ko,te.ko,toko,teko
to.bo,te.bo,tobo,tebo
to.do,te.do,todo,tedo
to.go,te.go,togo,tego
to.fo,te.fo,tofo,tefo
to.so,te.so,toso,teso
to.vo,te.vo,tovo,tevo
to.zo,te.zo,tozo,tezo
to.ʃo,te.ʃo,toʃo,teʃo
to.ʒo,te.ʒo,toʒo,teʒo
to.θo,te.θo,toθo,teθo
to.ðo,te.ðo,toðo,teðo
to.ho,te.ho,toho,teho
ko.mi,ke.mi,komi,kemi
ko.ni,ke.ni,koni,keni
ko.pi,ke.pi,kopi,kepi
ko.ti,ke.ti,koti,keti
ko.ki,ke.ki,koki,keki
ko.bi,ke.bi,kobi,kebi
ko.di,ke.di,kodi,kedi
ko.gi,ke.gi,kogi,kegi
ko.fi,ke.fi,kofi,kefi
ko.si,ke.si,kosi,kesi
ko.vi,ke.vi,kovi,kevi
ko.zi,ke.zi,kozi,kezi
ko.ʃi,ke.ʃi,koʃi,keʃi
ko.ʒi,ke.ʒi,koʒi,keʒi
ko.θi,ke.θi,koθi,keθi
ko.ði,ke.ði,koði,keði
ko.hi,ke.hi,kohi,kehi
ko.me,ke.me,kome,keme
ko.ne,ke.ne,kone,kene
ko.pe,ke.pe,kope,kepe
ko.te,ke.te,kote,kete
ko.ke,ke.ke,koke,keke
ko.be,ke.be,kobe,kebe
ko.de,ke.de,kode,kede
ko.ge,ke.ge,koge,kege
ko.fe,ke.fe,kofe,kefe
ko.se,ke.se,kose,kese
ko.ve,ke.ve,kove,keve
ko.ze,ke.ze,koze,keze
ko.ʃe,ke.ʃe,koʃe,keʃe
ko.ʒe,ke.ʒe,koʒe,keʒe
ko.θe,ke.θe,koθe,keθe
ko.ðe,ke.ðe,koðe,keðe
ko.he,ke.he,kohe,kehe
ko.mu,ke.mu,komu,kemu
ko.nu,ke.nu,konu,kenu
ko.pu,ke.pu,kopu,kepu
ko.tu,ke.tu,kotu,ketu
ko.ku,ke.ku,koku,keku
ko.bu,ke.bu,kobu,kebu
ko.du,ke.du,kodu,kedu
ko.gu,ke.gu,kogu,kegu
ko.fu,ke.fu,kofu,kefu
ko.su,ke.su,kosu,kesu
ko.vu,ke.vu,kovu,kevu
ko.zu,ke.zu,kozu,kezu
ko.ʃu,ke.ʃu,koʃu,keʃu
ko.ʒu,ke.ʒu,koʒu,keʒu
ko.θu,ke.θu,koθu,keθu
ko.ðu,ke.ðu,koðu,keðu
ko.hu,ke.hu,kohu,kehu
ko.mo,ke.mo,komo,kemo
ko.no,ke.no,kono,keno
ko.po,ke.po,kopo,kepo
ko.to,ke.to,koto,keto
ko.ko,ke.ko,koko,keko
ko.bo,ke.bo,kobo,kebo
ko.do,ke.do,kodo,kedo
ko.go,ke.go,kogo,kego
ko.fo,ke.fo,kofo,kefo
ko.so,ke.so,koso,keso
ko.vo,ke.vo,kovo,kevo
ko.zo,ke.zo,kozo,kezo
ko.ʃo,ke.ʃo,koʃo,keʃo
ko.ʒo,ke.ʒo,koʒo,keʒo
ko.θo,ke.θo,koθo,keθo
ko.ðo,ke.ðo,koðo,keðo
ko.ho,ke.ho,koho,keho
bo.mi,be.mi,bomi,bemi
bo.ni,be.ni,boni,beni
bo.pi,be.pi,bopi,bepi
bo.ti,be.ti,boti,beti
bo.ki,be.ki,boki,beki
bo.bi,be.bi,bobi,bebi
bo.di,be.di,bodi,bedi
bo.gi,be.gi,bogi,begi
bo.fi,be.fi,bofi,befi
bo.si,be.si,bosi,besi
bo.vi,be.vi,bovi,bevi
bo.zi,be.zi,bozi,bezi
bo.ʃi,be.ʃi,boʃi,beʃi
bo.ʒi,be.ʒi,boʒi,beʒi
bo.θi,be.θi,boθi,beθi
bo.ði,be.ði,boði,beði
bo.hi,be.hi,bohi,behi
bo.me,be.me,bome,beme
bo.ne,be.ne,bone,bene
bo.pe,be.pe,bope,bepe
bo.te,be.te,bote,bete
bo.ke,be.ke,boke,beke
bo.be,be.be,bobe,bebe
bo.de,be.de,bode,bede
bo.ge,be.ge,boge,bege
bo.fe,be.fe,bofe,befe
bo.se,be.se,bose,bese
bo.ve,be.ve,bove,beve
bo.ze,be.ze,boze,beze
bo.ʃe,be.ʃe,boʃe,beʃe
bo.ʒe,be.ʒe,boʒe,beʒe
bo.θe,be.θe,boθe,beθe
bo.ðe,be.ðe,boðe,beðe
bo.he,be.he,bohe,behe
bo.mu,be.mu,bomu,bemu
bo.nu,be.nu,bonu,benu
bo.pu,be.pu,bopu,bepu
bo.tu,be.tu,botu,betu
bo.ku,be.ku,boku,beku
bo.bu,be.bu,bobu,bebu
bo.du,be.du,bodu,bedu
bo.gu,be.gu,bogu,begu
bo.fu,be.fu,bofu,befu
bo.su,be.su,bosu,besu
bo.vu,be.vu,bovu,bevu
bo.zu,be.zu,bozu,bezu
bo.ʃu,be.ʃu,boʃu,beʃu
bo.ʒu,be.ʒu,boʒu,beʒu
bo.θu,be.θu,boθu,beθu
bo.ðu,be.ðu,boðu,beðu
bo.hu,be.hu,bohu,behu
bo.mo,be.mo,bomo,bemo
bo.no,be.no,bono,beno
bo.po,be.po,bopo,bepo
bo.to,be.to,boto,beto
bo.ko,be.ko,boko,beko
bo.bo,be.bo,bobo,bebo
bo.do,be.do,bodo,bedo
bo.go,be.go,bogo,bego
bo.fo,be.fo,bofo,befo
bo.so,be.so,boso,beso
bo.vo,be.vo,bovo,bevo
bo.zo,be.zo,bozo,bezo
bo.ʃo,be.ʃo,boʃo,beʃo
bo.ʒo,be.ʒo,boʒo,beʒo
bo.θo,be.θo,boθo,beθo
bo.ðo,be.ðo,boðo,beðo
bo.ho,be.ho,boho,beho
do.mi,de.mi,domi,demi
do.ni,de.ni,doni,deni
do.pi,de.pi,dopi,depi
do.ti,de.ti,doti,deti
do.ki,de.ki,doki,deki
do.bi,de.bi,dobi,debi
do.di,de.di,dodi,dedi
do.gi,de.gi,dogi,degi
do.fi,de.fi,dofi,defi
do.si,de.si,dosi,desi
do.vi,de.vi,dovi,devi
do.zi,de.zi,dozi,dezi
do.ʃi,de.ʃi,doʃi,deʃi
do.ʒi,de.ʒi,doʒi,deʒi
do.θi,de.θi,doθi,deθi
do.ði,de.ði,doði,deði
do.hi,de.hi,dohi,dehi
do.me,de.me,dome,deme
do.ne,de.ne,done,dene
do.pe,de.pe,dope,depe
do.te,de.te,dote,dete
do.ke,de.ke,doke,deke
do.be,de.be,dobe,debe
do.de,de.de,dode,dede
do.ge,de.ge,doge,dege
do.fe,de.fe,dofe,defe
do.se,de.se,dose,dese
do.ve,de.ve,dove,deve
do.ze,de.ze,doze,deze
do.ʃe,de.ʃe,doʃe,deʃe
do.ʒe,de.ʒe,doʒe,deʒe
do.θe,de.θe,doθe,deθe
do.ðe,de.ðe,doðe,deðe
do.he,de.he,dohe,dehe
do.mu,de.mu,domu,demu
do.nu,de.nu,donu,denu
do.pu,de.pu,dopu,depu
do.tu,de.tu,dotu,detu
do.ku,de.ku,doku,deku
do.bu,de.bu,dobu,debu
do.du,de.du,dodu,dedu
do.gu,de.gu,dogu,degu
do.fu,de.fu,dofu,defu
do.su,de.su,dosu,desu
do.vu,de.vu,dovu,devu
do.zu,de.zu,dozu,dezu
do.ʃu,de.ʃu,doʃu,deʃu
do.ʒu,de.ʒu,doʒu,deʒu
do.θu,de.θu,doθu,deθu
do.ðu,de.ðu,doðu,deðu
do.hu,de.hu,dohu,dehu
do.mo,de.mo,domo,demo
do.no,de.no,dono,deno
do.po,de.po,dopo,depo
do.to,de.to,doto,deto
do.ko,de.ko,doko,deko
do.bo,de.bo,dobo,debo
do.do,de.do,dodo,dedo
do.go,de.go,dogo,dego
do.fo,de.fo,dofo,defo
do.so,de.so,doso,deso
do.vo,de.vo,dovo,devo
do.zo,de.zo,dozo,dezo
do.ʃo,de.ʃo,doʃo,deʃo
do.ʒo,de.ʒo,doʒo,deʒo
do.θo,de.θo,doθo,deθo
do.ðo,de.ðo,doðo,deðo
do.ho,de.ho,doho,deho
go.mi,ge.mi,gomi,gemi
go.ni,ge.ni,goni,geni
go.pi,ge.pi,gopi,gepi
go.ti,ge.ti,goti,geti
go.ki,ge.ki,goki,geki
go.bi,ge.bi,gobi,gebi
go.di,ge.di,godi,gedi
go.gi,ge.gi,gogi,gegi
go.fi,ge.fi,gofi,gefi
go.si,ge.si,gosi,gesi
go.vi,ge.vi,govi,gevi
go.zi,ge.zi,gozi,gezi
go.ʃi,ge.ʃi,goʃi,geʃi
go.ʒi,ge.ʒi,goʒi,geʒi
go.θi,ge.θi,goθi,geθi
go.ði,ge.ði,goði,geði
go.hi,ge.hi,gohi,gehi
go.me,ge.me,gome,geme
go.ne,ge.ne,gone,gene
go.pe,ge.pe,gope,gepe
go.te,ge.te,gote,gete
go.ke,ge.ke,goke,geke
go.be,ge.be,gobe,gebe
go.de,ge.de,gode,gede
go.ge,ge.ge,goge,gege
go.fe,ge.fe,gofe,gefe
go.se,ge.se,gose,gese
go.ve,ge.ve,gove,geve
go.ze,ge.ze,goze,geze
go.ʃe,ge.ʃe,goʃe,geʃe
go.ʒe,ge.ʒe,goʒe,geʒe
go.θe,ge.θe,goθe,geθe
go.ðe,ge.ðe,goðe,geðe
go.he,ge.he,gohe,gehe
go.mu,ge.mu,gomu,gemu
go.nu,ge.nu,gonu,genu
go.pu,ge.pu,gopu,gepu
go.tu,ge.tu,gotu,getu
go.ku,ge.ku,goku,geku
go.bu,ge.bu,gobu,gebu
go.du,ge.du,godu,gedu
go.gu,ge.gu,gogu,gegu
go.fu,ge.fu,gofu,gefu
go.su,ge.su,gosu,gesu
go.vu,ge.vu,govu,gevu
go.zu,ge.zu,gozu,gezu
go.ʃu,ge.ʃu,goʃu,geʃu
go.ʒu,ge.ʒu,goʒu,geʒu
go.θu,ge.θu,goθu,geθu
go.ðu,ge.ðu,goðu,geðu
go.hu,ge.hu,gohu,gehu
go.mo,ge.mo,gomo,gemo
go.no,ge.no,gono,geno
go.po,ge.po,gopo,gepo
go.to,ge.to,goto,geto
go.ko,ge.ko,goko,geko
go.bo,ge.bo,gobo,gebo
go.do,ge.do,godo,gedo
go.go,ge.go,gogo,gego
go.fo,ge.fo,gofo,gefo
go.so,ge.so,goso,geso
go.vo,ge.vo,govo,gevo
go.zo,ge.zo,gozo,gezo
go.ʃo,ge.ʃo,goʃo,geʃo
go.ʒo,ge.ʒo,goʒo,geʒo
go.θo,ge.θo,goθo,geθo
go.ðo,ge.ðo,goðo,geðo
go.ho,ge.ho,goho,geho
fo.mi,fe.mi,fomi,femi
fo.ni,fe.ni,foni,feni
fo.pi,fe.pi,fopi,fepi
fo.ti,fe.ti,foti,feti
fo.ki,fe.ki,foki,feki
fo.bi,fe.bi,fobi,febi
fo.di,fe.di,fodi,fedi
fo.gi,fe.gi,fogi,fegi
fo.fi,fe.fi,fofi,fefi
fo.si,fe.si,fosi,fesi
fo.vi,fe.vi,fovi,fevi
fo.zi,fe.zi,fozi,fezi
fo.ʃi,fe.ʃi,foʃi,feʃi
fo.ʒi,fe.ʒi,foʒi,feʒi
fo.θi,fe.θi,foθi,feθi
fo.ði,fe.ði,foði,feði
fo.hi,fe.hi,fohi,fehi
fo.me,fe.me,fome,feme
fo.ne,fe.ne,fone,fene
fo.pe,fe.pe,fope,fepe
fo.te,fe.te,fote,fete
fo.ke,fe.ke,foke,feke
fo.be,fe.be,fobe,febe
fo.de,fe.de,fode,fede
fo.ge,fe.ge,foge,fege
fo.fe,fe.fe,fofe,fefe
fo.se,fe.se,fose,fese
fo.ve,fe.ve,fove,feve
fo.ze,fe.ze,foze,feze
fo.ʃe,fe.ʃe,foʃe,feʃe
fo.ʒe,fe.ʒe,foʒe,feʒe
fo.θe,fe.θe,foθe,feθe
fo.ðe,fe.ðe,foðe,feðe
fo.he,fe.he,fohe,fehe
fo.mu,fe.mu,fomu,femu
fo.nu,fe.nu,fonu,fenu
fo.pu,fe.pu,fopu,fepu
fo.tu,fe.tu,fotu,fetu
fo.ku,fe.ku,foku,feku
fo.bu,fe.bu,fobu,febu
fo.du,fe.du,fodu,fedu
fo.gu,fe.gu,fogu,fegu
fo.fu,fe.fu,fofu,fefu
fo.su,fe.su,fosu,fesu
fo.vu,fe.vu,fovu,fevu
fo.zu,fe.zu,fozu,fezu
fo.ʃu,fe.ʃu,foʃu,feʃu
fo.ʒu,fe.ʒu,foʒu,feʒu
fo.θu,fe.θu,foθu,feθu
fo.ðu,fe.ðu,foðu,feðu
fo.hu,fe.hu,fohu,fehu
fo.mo,fe.mo,fomo,femo
fo.no,fe.no,fono,feno
fo.po,fe.po,fopo,fepo
fo.to,fe.to,foto,feto
fo.ko,fe.ko,foko,feko
fo.bo,fe.bo,fobo,febo
fo.do,fe.do,fodo,fedo
fo.go,fe.go,fogo,fego
fo.fo,fe.fo,fofo,fefo
fo.so,fe.so,foso,feso
fo.vo,fe.vo,fovo,fevo
fo.zo,fe.zo,fozo,fezo
fo.ʃo,fe.ʃo,foʃo,feʃo
fo.ʒo,fe.ʒo,foʒo,feʒo
fo.θo,fe.θo,foθo,feθo
fo.ðo,fe.ðo,foðo,feðo
fo.ho,fe.ho,foho,feho
so.mi,se.mi,somi,semi
so.ni,se.ni,soni,seni
so.pi,se.pi,sopi,sepi
so.ti,se.ti,soti,seti
so.ki,se.ki,soki,seki
so.bi,se.bi,sobi,sebi
so.di,se.di,sodi,sedi
so.gi,se.gi,sogi,segi
so.fi,se.fi,sofi,sefi
so.si,se.si,sosi,sesi
so.vi,se.vi,sovi,sevi
so.zi,se.zi,sozi,sezi
so.ʃi,se.ʃi,soʃi,seʃi
so.ʒi,se.ʒi,soʒi,seʒi
so.θi,se.θi,soθi,seθi
so.ði,se.ði,soði,seði
so.hi,se.hi,sohi,sehi
so.me,se.me,some,seme
so.ne,se.ne,sone,sene
so.pe,se.pe,sope,sepe
so.te,se.te,sote,sete
so.ke,se.ke,soke,seke
so.be,se.be,sobe,sebe
so.de,se.de,sode,sede
so.ge,se.ge,soge,sege
so.fe,se.fe,sofe,sefe
so.se,se.se,sose,sese
so.ve,se.ve,sove,seve
so.ze,se.ze,soze,seze
so.ʃe,se.ʃe,soʃe,seʃe
so.ʒe,se.ʒe,soʒe,seʒe
so.θe,se.θe,soθe,seθe
so.ðe,se.ðe,soðe,seðe
so.he,se.he,sohe,sehe
so.mu,se.mu,somu,semu
so.nu,se.nu,sonu,senu
so.pu,se.pu,sopu,sepu
so.tu,se.tu,sotu,setu
so.ku,se.ku,soku,seku
so.bu,se.bu,sobu,sebu
so.du,se.du,sodu,sedu
so.gu,se.gu,sogu,segu
so.fu,se.fu,sofu,sefu
so.su,se.su,sosu,sesu
so.vu,se.vu,sovu,sevu
so.zu,se.zu,sozu,sezu
so.ʃu,se.ʃu,soʃu,seʃu
so.ʒu,se.ʒu,soʒu,seʒu
so.θu,se.θu,soθu,seθu
so.ðu,se.ðu,soðu,seðu
so.hu,se.hu,sohu,sehu
so.mo,se.mo,somo,semo
so.no,se.no,sono,seno
so.po,se.po,sopo,sepo
so.to,se.to,soto,seto
so.ko,se.ko,soko,seko
so.bo,se.bo,sobo,sebo
so.do,se.do,sodo,sedo
so.go,se.go,sogo,sego
so.fo,se.fo,sofo,sefo
so.so,se.so,soso,seso
so.vo,se.vo,sovo,sevo
so.zo,se.zo,sozo,sezo
so.ʃo,se.ʃo,soʃo,seʃo
so.ʒo,se.ʒo,soʒo,seʒo
so.θo,se.θo,soθo,seθo
so.ðo,se.ðo,soðo,seðo
so.ho,se.ho,soho,seho
vo.mi,ve.mi,vomi,vemi
vo.ni,ve.ni,voni,veni
vo.pi,ve.pi,vopi,vepi
vo.ti,ve.ti,voti,veti
vo.ki,ve.ki,voki,veki
vo.bi,ve.bi,vobi,vebi
vo.di,ve.di,vodi,vedi
vo.gi,ve.gi,vogi,vegi
vo.fi,ve.fi,vofi,vefi
vo.si,ve.si,vosi,vesi
vo.vi,ve.vi,vovi,vevi
vo.zi,ve.zi,vozi,vezi
vo.ʃi,ve.ʃi,voʃi,veʃi
vo.ʒi,ve.ʒi,voʒi,veʒi
vo.θi,ve.θi,voθi,veθi
vo.ði,ve.ði,voði,veði
vo.hi,ve.hi,vohi,vehi
vo.me,ve.me,vome,veme
vo.ne,ve.ne,vone,vene
vo.pe,ve.pe,vope,vepe
vo.te,ve.te,vote,vete
vo.ke,ve.ke,voke,veke
vo.be,ve.be,vobe,vebe
vo.de,ve.de,vode,vede
vo.ge,ve.ge,voge,vege
vo.fe,ve.fe,vofe,vefe
vo.se,ve.se,vose,vese
vo.ve,ve.ve,vove,veve
vo.ze,ve.ze,voze,veze
vo.ʃe,ve.ʃe,voʃe,veʃe
vo.ʒe,ve.ʒe,voʒe,veʒe
vo.θe,ve.θe,voθe,veθe
vo.ðe,ve.ðe,voðe,veðe
vo.he,ve.he,vohe,vehe
vo.mu,ve.mu,vomu,vemu
vo.nu,ve.nu,vonu,venu
vo.pu,ve.pu,vopu,vepu
vo.tu,ve.tu,votu,vetu
vo.ku,ve.ku,voku,veku
vo.bu,ve.bu,vobu,vebu
vo.du,ve.du,vodu,vedu
vo.gu,ve.gu,vogu,vegu
vo.fu,ve.fu,vofu,vefu
vo.su,ve.su,vosu,vesu
vo.vu,ve.vu,vovu,vevu
vo.zu,ve.zu,vozu,vezu
vo.ʃu,ve.ʃu,voʃu,veʃu
vo.ʒu,ve.ʒu,voʒu,veʒu
vo.θu,ve.θu,voθu,veθu
vo.ðu,ve.ðu,voðu,veðu
vo.hu,ve.hu,vohu,vehu
vo.mo,ve.mo,vomo,vemo
vo.no,ve.no,vono,veno
vo.po,ve.po,vopo,vepo
vo.to,ve.to,voto,veto
vo.ko,ve.ko,voko,veko
vo.bo,ve.bo,vobo,vebo
vo.do,ve.do,vodo,vedo
vo.go,ve.go,vogo,vego
vo.fo,ve.fo,vofo,vefo
vo.so,ve.so,voso,veso
vo.vo,ve.vo,vovo,vevo
vo.zo,ve.zo,vozo,vezo
vo.ʃo,ve.ʃo,voʃo,veʃo
vo.ʒo,ve.ʒo,voʒo,veʒo
vo.θo,ve.θo,voθo,veθo
vo.ðo,ve.ðo,voðo,veðo
vo.ho,ve.ho,voho,veho
zo.mi,ze.mi,zomi,zemi
zo.ni,ze.ni,zoni,zeni
zo.pi,ze.pi,zopi,zepi
zo.ti,ze.ti,zoti,zeti
zo.ki,ze.ki,zoki,zeki
zo.bi,ze.bi,zobi,zebi
zo.di,ze.di,zodi,zedi
zo.gi,ze.gi,zogi,zegi
zo.fi,ze.fi,zofi,zefi
zo.si,ze.si,zosi,zesi
zo.vi,ze.vi,zovi,zevi
zo.zi,ze.zi,zozi,zezi
zo.ʃi,ze.ʃi,zoʃi,zeʃi
zo.ʒi,ze.ʒi,zoʒi,zeʒi
zo.θi,ze.θi,zoθi,zeθi
zo.ði,ze.ði,zoði,zeði
zo.hi,ze.hi,zohi,zehi
zo.me,ze.me,zome,zeme
zo.ne,ze.ne,zone,zene
zo.pe,ze.pe,zope,zepe
zo.te,ze.te,zote,zete
zo.ke,ze.ke,zoke,zeke
zo.be,ze.be,zobe,zebe
zo.de,ze.de,zode,zede
zo.ge,ze.ge,zoge,zege
zo.fe,ze.fe,zofe,zefe
zo.se,ze.se,zose,zese
zo.ve,ze.ve,zove,zeve
zo.ze,ze.ze,zoze,zeze
zo.ʃe,ze.ʃe,zoʃe,zeʃe
zo.ʒe,ze.ʒe,zoʒe,zeʒe
zo.θe,ze.θe,zoθe,zeθe
zo.ðe,ze.ðe,zoðe,zeðe
zo.he,ze.he,zohe,zehe
zo.mu,ze.mu,zomu,zemu
zo.nu,ze.nu,zonu,zenu
zo.pu,ze.pu,zopu,zepu
zo.tu,ze.tu,zotu,zetu
zo.ku,ze.ku,zoku,zeku
zo.bu,ze.bu,zobu,zebu
zo.du,ze.du,zodu,zedu
zo.gu,ze.gu,zogu,zegu
zo.fu,ze.fu,zofu,zefu
zo.su,ze.su,zosu,zesu
zo.vu,ze.vu,zovu,zevu
zo.zu,ze.zu,zozu,zezu
zo.ʃu,ze.ʃu,zoʃu,zeʃu
zo.ʒu,ze.ʒu,zoʒu,zeʒu
zo.θu,ze.θu,zoθu,zeθu
zo.ðu,ze.ðu,zoðu,zeðu
zo.hu,ze.hu,zohu,zehu
zo.mo,ze.mo,zomo,zemo
zo.no,ze.no,zono,zeno
zo.po,ze.po,zopo,zepo
zo.to,ze.to,zoto,zeto
zo.ko,ze.ko,zoko,zeko
zo.bo,ze.bo,zobo,zebo
zo.do,ze.do,zodo,zedo
zo.go,ze.go,zogo,zego
zo.fo,ze.fo,zofo,zefo
zo.so,ze.so,zoso,zeso
zo.vo,ze.vo,zovo,zevo
zo.zo,ze.zo,zozo,zezo
zo.ʃo,ze.ʃo,zoʃo,zeʃo
zo.ʒo,ze.ʒo,zoʒo,zeʒo
zo.θo,ze.θo,zoθo,zeθo
zo.ðo,ze.ðo,zoðo,zeðo
zo.ho,ze.ho,zoho,zeho
ʃo.mi,ʃe.mi,ʃomi,ʃemi
ʃo.ni,ʃe.ni,ʃoni,ʃeni
ʃo.pi,ʃe.pi,ʃopi,ʃepi
ʃo.ti,ʃe.ti,ʃoti,ʃeti
ʃo.ki,ʃe.ki,ʃoki,ʃeki
ʃo.bi,ʃe.bi,ʃobi,ʃebi
ʃo.di,ʃe.di,ʃodi,ʃedi
ʃo.gi,ʃe.gi,ʃogi,ʃegi
ʃo.fi,ʃe.fi,ʃofi,ʃefi
ʃo.si,ʃe.si,ʃosi,ʃesi
ʃo.vi,ʃe.vi,ʃovi,ʃevi
ʃo.zi,ʃe.zi,ʃozi,ʃezi
ʃo.ʃi,ʃe.ʃi,ʃoʃi,ʃeʃi
ʃo.ʒi,ʃe.ʒi,ʃoʒi,ʃeʒi
ʃo.θi,ʃe.θi,ʃoθi,ʃeθi
ʃo.ði,ʃe.ði,ʃoði,ʃeði
ʃo.hi,ʃe.hi,ʃohi,ʃehi
ʃo.me,ʃe.me,ʃome,ʃeme
ʃo.ne,ʃe.ne,ʃone,ʃene
ʃo.pe,ʃe.pe,ʃope,ʃepe
ʃo.te,ʃe.te,ʃote,ʃete
ʃo.ke,ʃe.ke,ʃoke,ʃeke
ʃo.be,ʃe.be,ʃobe,ʃebe
ʃo.de,ʃe.de,ʃode,ʃede
ʃo.ge,ʃe.ge,ʃoge,ʃege
ʃo.fe,ʃe.fe,ʃofe,ʃefe
ʃo.se,ʃe.se,ʃose,ʃese
ʃo.ve,ʃe.ve,ʃove,ʃeve
ʃo.ze,ʃe.ze,ʃoze,ʃeze
ʃo.ʃe,ʃe.ʃe,ʃoʃe,ʃeʃe
ʃo.ʒe,ʃe.ʒe,ʃoʒe,ʃeʒe
ʃo.θe,ʃe.θe,ʃoθe,ʃeθe
ʃo.ðe,ʃe.ðe,ʃoðe,ʃeðe
ʃo.he,ʃe.he,ʃohe,ʃehe
ʃo.mu,ʃe.mu,ʃomu,ʃemu
ʃo.nu,ʃe.nu,ʃonu,ʃenu
ʃo.pu,ʃe.pu,ʃopu,ʃepu
ʃo.tu,ʃe.tu,ʃotu,ʃetu
ʃo.ku,ʃe.ku,ʃoku,ʃeku
ʃo.bu,ʃe.bu,ʃobu,ʃebu
ʃo.du,ʃe.du,ʃodu,ʃedu
ʃo.gu,ʃe.gu,ʃogu,ʃegu
ʃo.fu,ʃe.fu,ʃofu,ʃefu
ʃo.su,ʃe.su,ʃosu,ʃesu
ʃo.vu,ʃe.vu,ʃovu,ʃevu
ʃo.zu,ʃe.zu,ʃozu,ʃezu
ʃo.ʃu,ʃe.ʃu,ʃoʃu,ʃeʃu
ʃo.ʒu,ʃe.ʒu,ʃoʒu,ʃeʒu
ʃo.θu,ʃe.θu,ʃoθu,ʃeθu
ʃo.ðu,ʃe.ðu,ʃoðu,ʃeðu
ʃo.hu,ʃe.hu,ʃohu,ʃehu
ʃo.mo,ʃe.mo,ʃomo,ʃemo
ʃo.no,ʃe.no,ʃono,ʃeno
ʃo.po,ʃe.po,ʃopo,ʃepo
ʃo.to,ʃe.to,ʃoto,ʃeto
ʃo.ko,ʃe.ko,ʃoko,ʃeko
ʃo.bo,ʃe.bo,ʃobo,ʃebo
ʃo.do,ʃe.do,ʃodo,ʃedo
ʃo.go,ʃe.go,ʃogo,ʃego
ʃo.fo,ʃe.fo,ʃofo,ʃefo
ʃo.so,ʃe.so,ʃoso,ʃeso
ʃo.vo,ʃe.vo,ʃovo,ʃevo
ʃo.zo,ʃe.zo,ʃozo,ʃezo
ʃo.ʃo,ʃe.ʃo,ʃoʃo,ʃeʃo
ʃo.ʒo,ʃe.ʒo,ʃoʒo,ʃeʒo
ʃo.θo,ʃe.θo,ʃoθo,ʃeθo
ʃo.ðo,ʃe.ðo,ʃoðo,ʃeðo
ʃo.ho,ʃe.ho,ʃoho,ʃeho
ʒo.mi,ʒe.mi,ʒomi,ʒemi
ʒo.ni,ʒe.ni,ʒoni,ʒeni
ʒo.pi,ʒe.pi,ʒopi,ʒepi
ʒo.ti,ʒe.ti,ʒoti,ʒeti
ʒo.ki,ʒe.ki,ʒoki,ʒeki
ʒo.bi,ʒe.bi,ʒobi,ʒebi
ʒo.di,ʒe.di,ʒodi,ʒedi
ʒo.gi,ʒe.gi,ʒogi,ʒegi
ʒo.fi,ʒe.fi,ʒofi,ʒefi
ʒo.si,ʒe.si,ʒosi,ʒesi
ʒo.vi,ʒe.vi,ʒovi,ʒevi
ʒo.zi,ʒe.zi,ʒozi,ʒezi
ʒo.ʃi,ʒe.ʃi,ʒoʃi,ʒeʃi
ʒo.ʒi,ʒe.ʒi,ʒoʒi,ʒeʒi
ʒo.θi,ʒe.θi,ʒoθi,ʒeθi
ʒo.ði,ʒe.ði,ʒoði,ʒeði
ʒo.hi,ʒe.hi,ʒohi,ʒehi
ʒo.me,ʒe.me,ʒome,ʒeme
ʒo.ne,ʒe.ne,ʒone,ʒene
ʒo.pe,ʒe.pe,ʒope,ʒepe
ʒo.te,ʒe.te,ʒote,ʒete
ʒo.ke,ʒe.ke,ʒoke,ʒeke
ʒo.be,ʒe.be,ʒobe,ʒebe
ʒo.de,ʒe.de,ʒode,ʒede
ʒo.ge,ʒe.ge,ʒoge,ʒege
ʒo.fe,ʒe.fe,ʒofe,ʒefe
ʒo.se,ʒe.se,ʒose,ʒese
ʒo.ve,ʒe.ve,ʒove,ʒeve
ʒo.ze,ʒe.ze,ʒoze,ʒeze
ʒo.ʃe,ʒe.ʃe,ʒoʃe,ʒeʃe
ʒo.ʒe,ʒe.ʒe,ʒoʒe,ʒeʒe
ʒo.θe,ʒe.θe,ʒoθe,ʒeθe
ʒo.ðe,ʒe.ðe,ʒoðe,ʒeðe
ʒo.he,ʒe.he,ʒohe,ʒehe
ʒo.mu,ʒe.mu,ʒomu,ʒemu
ʒo.nu,ʒe.nu,ʒonu,ʒenu
ʒo.pu,ʒe.pu,ʒopu,ʒepu
ʒo.tu,ʒe.tu,ʒotu,ʒetu
ʒo.ku,ʒe.ku,ʒoku,ʒeku
ʒo.bu,ʒe.bu,ʒobu,ʒebu
ʒo.du,ʒe.du,ʒodu,ʒedu
ʒo.gu,ʒe.gu,ʒogu,ʒegu
ʒo.fu,ʒe.fu,ʒofu,ʒefu
ʒo.su,ʒe.su,ʒosu,ʒesu
ʒo.vu,ʒe.vu,ʒovu,ʒevu
ʒo.zu,ʒe.zu,ʒozu,ʒezu
ʒo.ʃu,ʒe.ʃu,ʒoʃu,ʒeʃu
ʒo.ʒu,ʒe.ʒu,ʒoʒu,ʒeʒu
ʒo.θu,ʒe.θu,ʒoθu,ʒeθu
ʒo.ðu,ʒe.ðu,ʒoðu,ʒeðu
ʒo.hu,ʒe.hu,ʒohu,ʒehu
ʒo.mo,ʒe.mo,ʒomo,ʒemo
ʒo.no,ʒe.no,ʒono,ʒeno
ʒo.po,ʒe.po,ʒopo,ʒepo
ʒo.to,ʒe.to,ʒoto,ʒeto
ʒo.ko,ʒe.ko,ʒoko,ʒeko
ʒo.bo,ʒe.bo,ʒobo,ʒebo
ʒo.do,ʒe.do,ʒodo,ʒedo
ʒo.go,ʒe.go,ʒogo,ʒego
ʒo.fo,ʒe.fo,ʒofo,ʒefo
ʒo.so,ʒe.so,ʒoso,ʒeso
ʒo.vo,ʒe.vo,ʒovo,ʒevo
ʒo.zo,ʒe.zo,ʒozo,ʒezo
ʒo.ʃo,ʒe.ʃo,ʒoʃo,ʒeʃo
ʒo.ʒo,ʒe.ʒo,ʒoʒo,ʒeʒo
ʒo.θo,ʒe.θo,ʒoθo,ʒeθo
ʒo.ðo,ʒe.ðo,ʒoðo,ʒeðo
ʒo.ho,ʒe.ho,ʒoho,ʒeho
θo.mi,θe.mi,θomi,θemi
θo.ni,θe.ni,θoni,θeni
θo.pi,θe.pi,θopi,θepi
θo.ti,θe.ti,θoti,θeti
θo.ki,θe.ki,θoki,θeki
θo.bi,θe.bi,θobi,θebi
θo.di,θe.di,θodi,θedi
θo.gi,θe.gi,θogi,θegi
θo.fi,θe.fi,θofi,θefi
θo.si,θe.si,θosi,θesi
θo.vi,θe.vi,θovi,θevi
θo.zi,θe.zi,θozi,θezi
θo.ʃi,θe.ʃi,θoʃi,θeʃi
θo.ʒi,θe.ʒi,θoʒi,θeʒi
θo.θi,θe.θi,θoθi,θeθi
θo.ði,θe.ði,θoði,θeði
θo.hi,θe.hi,θohi,θehi
θo.me,θe.me,θome,θeme
θo.ne,θe.ne,θone,θene
θo.pe,θe.pe,θope,θepe
θo.te,θe.te,θote,θete
θo.ke,θe.ke,θoke,θeke
θo.be,θe.be,θobe,θebe
θo.de,θe.de,θode,θede
θo.ge,θe.ge,θoge,θege
θo.fe,θe.fe,θofe,θefe
θo.se,θe.se,θose,θese
θo.ve,θe.ve,θove,θeve
θo.ze,θe.ze,θoze,θeze
θo.ʃe,θe.ʃe,θoʃe,θeʃe
θo.ʒe,θe.ʒe,θoʒe,θeʒe
θo.θe,θe.θe,θoθe,θeθe
θo.ðe,θe.ðe,θoðe,θeðe
θo.he,θe.he,θohe,θehe
θo.mu,θe.mu,θomu,θemu
θo.nu,θe.nu,θonu,θenu
θo.pu,θe.pu,θopu,θepu
θo.tu,θe.tu,θotu,θetu
θo.ku,θe.ku,θoku,θeku
θo.bu,θe.bu,θobu,θebu
θo.du,θe.du,θodu,θedu
θo.gu,θe.gu,θogu,θegu
θo.fu,θe.fu,θofu,θefu
θo.su,θe.su,θosu,θesu
θo.vu,θe.vu,θovu,θevu
θo.zu,θe.zu,θozu,θezu
θo.ʃu,θe.ʃu,θoʃu,θeʃu
θo.ʒu,θe.ʒu,θoʒu,θeʒu
θo.θu,θe.θu,θoθu,θeθu
θo.ðu,θe.ðu,θoðu,θeðu
θo.hu,θe.hu,θohu,θehu
θo.mo,θe.mo,θomo,θemo
θo.no,θe.no,θono,θeno
θo.po,θe.po,θopo,θepo
θo.to,θe.to,θoto,θeto
θo.ko,θe.ko,θoko,θeko
θo.bo,θe.bo,θobo,θebo
θo.do,θe.do,θodo,θedo
θo.go,θe.go,θogo,θego
θo.fo,θe.fo,θofo,θefo
θo.so,θe.so,θoso,θeso
θo.vo,θe.vo,θovo,θevo
θo.zo,θe.zo,θozo,θezo
θo.ʃo,θe.ʃo,θoʃo,θeʃo
θo.ʒo,θe.ʒo,θoʒo,θeʒo
θo.θo,θe.θo,θoθo,θeθo
θo.ðo,θe.ðo,θoðo,θeðo
θo.ho,θe.ho,θoho,θeho
ðo.mi,ðe.mi,ðomi,ðemi
ðo.ni,ðe.ni,ðoni,ðeni
ðo.pi,ðe.pi,ðopi,ðepi
ðo.ti,ðe.ti,ðoti,ðeti
ðo.ki,ðe.ki,ðoki,ðeki
ðo.bi,ðe.bi,ðobi,ðebi
ðo.di,ðe.di,ðodi,ðedi
ðo.gi,ðe.gi,ðogi,ðegi
ðo.fi,ðe.fi,ðofi,ðefi
ðo.si,ðe.si,ðosi,ðesi
ðo.vi,ðe.vi,ðovi,ðevi
ðo.zi,ðe.zi,ðozi,ðezi
ðo.ʃi,ðe.ʃi,ðoʃi,ðeʃi
ðo.ʒi,ðe.ʒi,ðoʒi,ðeʒi
ðo.θi,ðe.θi,ðoθi,ðeθi
ðo.ði,ðe.ði,ðoði,ðeði
ðo.hi,ðe.hi,ðohi,ðehi
ðo.me,ðe.me,ðome,ðeme
ðo.ne,ðe.ne,ðone,ðene
ðo.pe,ðe.pe,ðope,ðepe
ðo.te,ðe.te,ðote,ðete
ðo.ke,ðe.ke,ðoke,ðeke
ðo.be,ðe.be,ðobe,ðebe
ðo.de,ðe.de,ðode,ðede
ðo.ge,ðe.ge,ðoge,ðege
ðo.fe,ðe.fe,ðofe,ðefe
ðo.se,ðe.se,ðose,ðese
ðo.ve,ðe.ve,ðove,ðeve
ðo.ze,ðe.ze,ðoze,ðeze
ðo.ʃe,ðe.ʃe,ðoʃe,ðeʃe
ðo.ʒe,ðe.ʒe,ðoʒe,ðeʒe
ðo.θe,ðe.θe,ðoθe,ðeθe
ðo.ðe,ðe.ðe,ðoðe,ðeðe
ðo.he,ðe.he,ðohe,ðehe
ðo.mu,ðe.mu,ðomu,ðemu
ðo.nu,ðe.nu,ðonu,ðenu
ðo.pu,ðe.pu,ðopu,ðepu
ðo.tu,ðe.tu,ðotu,ðetu
ðo.ku,ðe.ku,ðoku,ðeku
ðo.bu,ðe.bu,ðobu,ðebu
ðo.du,ðe.du,ðodu,ðedu
ðo.gu,ðe.gu,ðogu,ðegu
ðo.fu,ðe.fu,ðofu,ðefu
ðo.su,ðe.su,ðosu,ðesu
ðo.vu,ðe.vu,ðovu,ðevu
ðo.zu,ðe.zu,ðozu,ðezu
ðo.ʃu,ðe.ʃu,ðoʃu,ðeʃu
ðo.ʒu,ðe.ʒu,ðoʒu,ðeʒu
ðo.θu,ðe.θu,ðoθu,ðeθu
ðo.ðu,ðe.ðu,ðoðu,ðeðu
ðo.hu,ðe.hu,ðohu,ðehu
ðo.mo,ðe.mo,ðomo,ðemo
ðo.no,ðe.no,ðono,ðeno
ðo.po,ðe.po,ðopo,ðepo
ðo.to,ðe.to,ðoto,ðeto
ðo.ko,ðe.ko,ðoko,ðeko
ðo.bo,ðe.bo,ðobo,ðebo
ðo.do,ðe.do,ðodo,ðedo
ðo.go,ðe.go,ðogo,ðego
ðo.fo,ðe.fo,ðofo,ðefo
ðo.so,ðe.so,ðoso,ðeso
ðo.vo,ðe.vo,ðovo,ðevo
ðo.zo,ðe.zo,ðozo,ðezo
ðo.ʃo,ðe.ʃo,ðoʃo,ðeʃo
ðo.ʒo,ðe.ʒo,ðoʒo,ðeʒo
ðo.θo,ðe.θo,ðoθo,ðeθo
ðo.ðo,ðe.ðo,ðoðo,ðeðo
ðo.ho,ðe.ho,ðoho,ðeho
ho.mi,he.mi,homi,hemi
ho.ni,he.ni,honi,heni
ho.pi,he.pi,hopi,hepi
ho.ti,he.ti,hoti,heti
ho.ki,he.ki,hoki,heki
ho.bi,he.bi,hobi,hebi
ho.di,he.di,hodi,hedi
ho.gi,he.gi,hogi,hegi
ho.fi,he.fi,hofi,hefi
ho.si,he.si,hosi,hesi
ho.vi,he.vi,hovi,hevi
ho.zi,he.zi,hozi,hezi
ho.ʃi,he.ʃi,hoʃi,heʃi
ho.ʒi,he.ʒi,hoʒi,heʒi
ho.θi,he.θi,hoθi,heθi
ho.ði,he.ði,hoði,heði
ho.hi,he.hi,hohi,hehi
ho.me,he.me,home,heme
ho.ne,he.ne,hone,hene
ho.pe,he.pe,hope,hepe
ho.te,he.te,hote,hete
ho.ke,he.ke,hoke,heke
ho.be,he.be,hobe,hebe
ho.de,he.de,hode,hede
ho.ge,he.ge,hoge,hege
ho.fe,he.fe,hofe,hefe
ho.se,he.se,hose,hese
ho.ve,he.ve,hove,heve
ho.ze,he.ze,hoze,heze
ho.ʃe,he.ʃe,hoʃe,heʃe
ho.ʒe,he.ʒe,hoʒe,heʒe
ho.θe,he.θe,hoθe,heθe
ho.ðe,he.ðe,hoðe,heðe
ho.he,he.he,hohe,hehe
ho.mu,he.mu,homu,hemu
ho.nu,he.nu,honu,henu
ho.pu,he.pu,hopu,hepu
ho.tu,he.tu,hotu,hetu
ho.ku,he.ku,hoku,heku
ho.bu,he.bu,hobu,hebu
ho.du,he.du,hodu,hedu
ho.gu,he.gu,hogu,hegu
ho.fu,he.fu,hofu,hefu
ho.su,he.su,hosu,hesu
ho.vu,he.vu,hovu,hevu
ho.zu,he.zu,hozu,hezu
ho.ʃu,he.ʃu,hoʃu,heʃu
ho.ʒu,he.ʒu,hoʒu,heʒu
ho.θu,he.θu,hoθu,heθu
ho.ðu,he.ðu,hoðu,heðu
ho.hu,he.hu,hohu,hehu
ho.mo,he.mo,homo,hemo
ho.no,he.no,hono,heno
ho.po,he.po,hopo,hepo
ho.to,he.to,hoto,heto
ho.ko,he.ko,hoko,heko
ho.bo,he.bo,hobo,hebo
ho.do,he.do,hodo,hedo
ho.go,he.go,hogo,hego
ho.fo,he.fo,hofo,hefo
ho.so,he.so,hoso,heso
ho.vo,he.vo,hovo,hevo
ho.zo,he.zo,hozo,hezo
ho.ʃo,he.ʃo,hoʃo,heʃo
ho.ʒo,he.ʒo,hoʒo,heʒo
ho.θo,he.θo,hoθo,heθo
ho.ðo,he.ðo,hoðo,heðo
ho.ho,he.ho,hoho,heho
ɪm.i,ʊm.i,ɪmi,ʊmi
ɪm.e,ʊm.e,ɪme,ʊme
ɪm.u,ʊm.u,ɪmu,ʊmu
ɪm.o,ʊm.o,ɪmo,ʊmo
ɪn.i,ʊn.i,ɪni,ʊni
ɪn.e,ʊn.e,ɪne,ʊne
ɪn.u,ʊn.u,ɪnu,ʊnu
ɪn.o,ʊn.o,ɪno,ʊno
ɪŋ.i,ʊŋ.i,ɪŋi,ʊŋi
ɪŋ.e,ʊŋ.e,ɪŋe,ʊŋe
ɪŋ.u,ʊŋ.u,ɪŋu,ʊŋu
ɪŋ.o,ʊŋ.o,ɪŋo,ʊŋo
ɪp.i,ʊp.i,ɪpi,ʊpi
ɪp.e,ʊp.e,ɪpe,ʊpe
ɪp.u,ʊp.u,ɪpu,ʊpu
ɪp.o,ʊp.o,ɪpo,ʊpo
ɪt.i,ʊt.i,ɪti,ʊti
ɪt.e,ʊt.e,ɪte,ʊte
ɪt.u,ʊt.u,ɪtu,ʊtu
ɪt.o,ʊt.o,ɪto,ʊto
ɪk.i,ʊk.i,ɪki,ʊki
ɪk.e,ʊk.e,ɪke,ʊke
ɪk.u,ʊk.u,ɪku,ʊku
ɪk.o,ʊk.o,ɪko,ʊko
ɪb.i,ʊb.i,ɪbi,ʊbi
ɪb.e,ʊb.e,ɪbe,ʊbe
ɪb.u,ʊb.u,ɪbu,ʊbu
ɪb.o,ʊb.o,ɪbo,ʊbo
ɪd.i,ʊd.i,ɪdi,ʊdi
ɪd.e,ʊd.e,ɪde,ʊde
ɪd.u,ʊd.u,ɪdu,ʊdu
ɪd.o,ʊd.o,ɪdo,ʊdo
ɪg.i,ʊg.i,ɪgi,ʊgi
ɪg.e,ʊg.e,ɪge,ʊge
ɪg.u,ʊg.u,ɪgu,ʊgu
ɪg.o,ʊg.o,ɪgo,ʊgo
ɪf.i,ʊf.i,ɪfi,ʊfi
ɪf.e,ʊf.e,ɪfe,ʊfe
ɪf.u,ʊf.u,ɪfu,ʊfu
ɪf.o,ʊf.o,ɪfo,ʊfo
ɪs.i,ʊs.i,ɪsi,ʊsi
ɪs.e,ʊs.e,ɪse,ʊse
ɪs.u,ʊs.u,ɪsu,ʊsu
ɪs.o,ʊs.o,ɪso,ʊso
ɪv.i,ʊv.i,ɪvi,ʊvi
ɪv.e,ʊv.e,ɪve,ʊve
ɪv.u,ʊv.u,ɪvu,ʊvu
ɪv.o,ʊv.o,ɪvo,ʊvo
ɪz.i,ʊz.i,ɪzi,ʊzi
ɪz.e,ʊz.e,ɪze,ʊze
ɪz.u,ʊz.u,ɪzu,ʊzu
ɪz.o,ʊz.o,ɪzo,ʊzo
ɪʃ.i,ʊʃ.i,ɪʃi,ʊʃi
ɪʃ.e,ʊʃ.e,ɪʃe,ʊʃe
ɪʃ.u,ʊʃ.u,ɪʃu,ʊʃu
ɪʃ.o,ʊʃ.o,ɪʃo,ʊʃo
ɪʒ.i,ʊʒ.i,ɪʒi,ʊʒi
ɪʒ.e,ʊʒ.e,ɪʒe,ʊʒe
ɪʒ.u,ʊʒ.u,ɪʒu,ʊʒu
ɪʒ.o,ʊʒ.o,ɪʒo,ʊʒo
ɪθ.i,ʊθ.i,ɪθi,ʊθi
ɪθ.e,ʊθ.e,ɪθe,ʊθe
ɪθ.u,ʊθ.u,ɪθu,ʊθu
ɪθ.o,ʊθ.o,ɪθo,ʊθo
ɪð.i,ʊð.i,ɪði,ʊði
ɪð.e,ʊð.e,ɪðe,ʊðe
ɪð.u,ʊð.u,ɪðu,ʊðu
ɪð.o,ʊð.o,ɪðo,ʊðo
ɛm.i,ɔm.i,ɛmi,ɔmi
ɛm.e,ɔm.e,ɛme,ɔme
ɛm.u,ɔm.u,ɛmu,ɔmu
ɛm.o,ɔm.o,ɛmo,ɔmo
ɛn.i,ɔn.i,ɛni,ɔni
ɛn.e,ɔn.e,ɛne,ɔne
ɛn.u,ɔn.u,ɛnu,ɔnu
ɛn.o,ɔn.o,ɛno,ɔno
ɛŋ.i,ɔŋ.i,ɛŋi,ɔŋi
ɛŋ.e,ɔŋ.e,ɛŋe,ɔŋe
ɛŋ.u,ɔŋ.u,ɛŋu,ɔŋu
ɛŋ.o,ɔŋ.o,ɛŋo,ɔŋo
ɛp.i,ɔp.i,ɛpi,ɔpi
ɛp.e,ɔp.e,ɛpe,ɔpe
ɛp.u,ɔp.u,ɛpu,ɔpu
ɛp.o,ɔp.o,ɛpo,ɔpo
ɛt.i,ɔt.i,ɛti,ɔti
ɛt.e,ɔt.e,ɛte,ɔte
ɛt.u,ɔt.u,ɛtu,ɔtu
ɛt.o,ɔt.o,ɛto,ɔto
ɛk.i,ɔk.i,ɛki,ɔki
ɛk.e,ɔk.e,ɛke,ɔke
ɛk.u,ɔk.u,ɛku,ɔku
ɛk.o,ɔk.o,ɛko,ɔko
ɛb.i,ɔb.i,ɛbi,ɔbi
ɛb.e,ɔb.e,ɛbe,ɔbe
ɛb.u,ɔb.u,ɛbu,ɔbu
ɛb.o,ɔb.o,ɛbo,ɔbo
ɛd.i,ɔd.i,ɛdi,ɔdi
ɛd.e,ɔd.e,ɛde,ɔde
ɛd.u,ɔd.u,ɛdu,ɔdu
ɛd.o,ɔd.o,ɛdo,ɔdo
ɛg.i,ɔg.i,ɛgi,ɔgi
ɛg.e,ɔg.e,ɛge,ɔge
ɛg.u,ɔg.u,ɛgu,ɔgu
ɛg.o,ɔg.o,ɛgo,ɔgo
ɛf.i,ɔf.i,ɛfi,ɔfi
ɛf.e,ɔf.e,ɛfe,ɔfe
ɛf.u,ɔf.u,ɛfu,ɔfu
ɛf.o,ɔf.o,ɛfo,ɔfo
ɛs.i,ɔs.i,ɛsi,ɔsi
ɛs.e,ɔs.e,ɛse,ɔse
ɛs.u,ɔs.u,ɛsu,ɔsu
ɛs.o,ɔs.o,ɛso,ɔso
ɛv.i,ɔv.i,ɛvi,ɔvi
ɛv.e,ɔv.e,ɛve,ɔve
ɛv.u,ɔv.u,ɛvu,ɔvu
ɛv.o,ɔv.o,ɛvo,ɔvo
ɛz.i,ɔz.i,ɛzi,ɔzi
ɛz.e,ɔz.e,ɛze,ɔze
ɛz.u,ɔz.u,ɛzu,ɔzu
ɛz.o,ɔz.o,ɛzo,ɔzo
ɛʃ.i,ɔʃ.i,ɛʃi,ɔʃi
ɛʃ.e,ɔʃ.e,ɛʃe,ɔʃe
ɛʃ.u,ɔʃ.u,ɛʃu,ɔʃu
ɛʃ.o,ɔʃ.o,ɛʃo,ɔʃo
ɛʒ.i,ɔʒ.i,ɛʒi,ɔʒi
ɛʒ.e,ɔʒ.e,ɛʒe,ɔʒe
ɛʒ.u,ɔʒ.u,ɛʒu,ɔʒu
ɛʒ.o,ɔʒ.o,ɛʒo,ɔʒo
ɛθ.i,ɔθ.i,ɛθi,ɔθi
ɛθ.e,ɔθ.e,ɛθe,ɔθe
ɛθ.u,ɔθ.u,ɛθu,ɔθu
ɛθ.o,ɔθ.o,ɛθo,ɔθo
ɛð.i,ɔð.i,ɛði,ɔði
ɛð.e,ɔð.e,ɛðe,ɔðe
ɛð.u,ɔð.u,ɛðu,ɔðu
ɛð.o,ɔð.o,ɛðo,ɔðo
ʊm.i,ɪm.i,ʊmi,ɪmi
ʊm.e,ɪm.e,ʊme,ɪme
ʊm.u,ɪm.u,ʊmu,ɪmu
ʊm.o,ɪm.o,ʊmo,ɪmo
ʊn.i,ɪn.i,ʊni,ɪni
ʊn.e,ɪn.e,ʊne,ɪne
ʊn.u,ɪn.u,ʊnu,ɪnu
ʊn.o,ɪn.o,ʊno,ɪno
ʊŋ.i,ɪŋ.i,ʊŋi,ɪŋi
ʊŋ.e,ɪŋ.e,ʊŋe,ɪŋe
ʊŋ.u,ɪŋ.u,ʊŋu,ɪŋu
ʊŋ.o,ɪŋ.o,ʊŋo,ɪŋo
ʊp.i,ɪp.i,ʊpi,ɪpi
ʊp.e,ɪp.e,ʊpe,ɪpe
ʊp.u,ɪp.u,ʊpu,ɪpu
ʊp.o,ɪp.o,ʊpo,ɪpo
ʊt.i,ɪt.i,ʊti,ɪti
ʊt.e,ɪt.e,ʊte,ɪte
ʊt.u,ɪt.u,ʊtu,ɪtu
ʊt.o,ɪt.o,ʊto,ɪto
ʊk.i,ɪk.i,ʊki,ɪki
ʊk.e,ɪk.e,ʊke,ɪke
ʊk.u,ɪk.u,ʊku,ɪku
ʊk.o,ɪk.o,ʊko,ɪko
ʊb.i,ɪb.i,ʊbi,ɪbi
ʊb.e,ɪb.e,ʊbe,ɪbe
ʊb.u,ɪb.u,ʊbu,ɪbu
ʊb.o,ɪb.o,ʊbo,ɪbo
ʊd.i,ɪd.i,ʊdi,ɪdi
ʊd.e,ɪd.e,ʊde,ɪde
ʊd.u,ɪd.u,ʊdu,ɪdu
ʊd.o,ɪd.o,ʊdo,ɪdo
ʊg.i,ɪg.i,ʊgi,ɪgi
ʊg.e,ɪg.e,ʊge,ɪge
ʊg.u,ɪg.u,ʊgu,ɪgu
ʊg.o,ɪg.o,ʊgo,ɪgo
ʊf.i,ɪf.i,ʊfi,ɪfi
ʊf.e,ɪf.e,ʊfe,ɪfe
ʊf.u,ɪf.u,ʊfu,ɪfu
ʊf.o,ɪf.o,ʊfo,ɪfo
ʊs.i,ɪs.i,ʊsi,ɪsi
ʊs.e,ɪs.e,ʊse,ɪse
ʊs.u,ɪs.u,ʊsu,ɪsu
ʊs.o,ɪs.o,ʊso,ɪso
ʊv.i,ɪv.i,ʊvi,ɪvi
ʊv.e,ɪv.e,ʊve,ɪve
ʊv.u,ɪv.u,ʊvu,ɪvu
ʊv.o,ɪv.o,ʊvo,ɪvo
ʊz.i,ɪz.i,ʊzi,ɪzi
ʊz.e,ɪz.e,ʊze,ɪze
ʊz.u,ɪz.u,ʊzu,ɪzu
ʊz.o,ɪz.o,ʊzo,ɪzo
ʊʃ.i,ɪʃ.i,ʊʃi,ɪʃi
ʊʃ.e,ɪʃ.e,ʊʃe,ɪʃe
ʊʃ.u,ɪʃ.u,ʊʃu,ɪʃu
ʊʃ.o,ɪʃ.o,ʊʃo,ɪʃo
ʊʒ.i,ɪʒ.i,ʊʒi,ɪʒi
ʊʒ.e,ɪʒ.e,ʊʒe,ɪʒe
ʊʒ.u,ɪʒ.u,ʊʒu,ɪʒu
ʊʒ.o,ɪʒ.o,ʊʒo,ɪʒo
ʊθ.i,ɪθ.i,ʊθi,ɪθi
ʊθ.e,ɪθ.e,ʊθe,ɪθe
ʊθ.u,ɪθ.u,ʊθu,ɪθu
ʊθ.o,ɪθ.o,ʊθo,ɪθo
ʊð.i,ɪð.i,ʊði,ɪði
ʊð.e,ɪð.e,ʊðe,ɪðe
ʊð.u,ɪð.u,ʊðu,ɪðu
ʊð.o,ɪð.o,ʊðo,ɪðo
ɔm.i,ɛm.i,ɔmi,ɛmi
ɔm.e,ɛm.e,ɔme,ɛme
ɔm.u,ɛm.u,ɔmu,ɛmu
ɔm.o,ɛm.o,ɔmo,ɛmo
ɔn.i,ɛn.i,ɔni,ɛni
ɔn.e,ɛn.e,ɔne,ɛne
ɔn.u,ɛn.u,ɔnu,ɛnu
ɔn.o,ɛn.o,ɔno,ɛno
ɔŋ.i,ɛŋ.i,ɔŋi,ɛŋi
ɔŋ.e,ɛŋ.e,ɔŋe,ɛŋe
ɔŋ.u,ɛŋ.u,ɔŋu,ɛŋu
ɔŋ.o,ɛŋ.o,ɔŋo,ɛŋo
ɔp.i,ɛp.i,ɔpi,ɛpi
ɔp.e,ɛp.e,ɔpe,ɛpe
ɔp.u,ɛp.u,ɔpu,ɛpu
ɔp.o,ɛp.o,ɔpo,ɛpo
ɔt.i,ɛt.i,ɔti,ɛti
ɔt.e,ɛt.e,ɔte,ɛte
ɔt.u,ɛt.u,ɔtu,ɛtu
ɔt.o,ɛt.o,ɔto,ɛto
ɔk.i,ɛk.i,ɔki,ɛki
ɔk.e,ɛk.e,ɔke,ɛke
ɔk.u,ɛk.u,ɔku,ɛku
ɔk.o,ɛk.o,ɔko,ɛko
ɔb.i,ɛb.i,ɔbi,ɛbi
ɔb.e,ɛb.e,ɔbe,ɛbe
ɔb.u,ɛb.u,ɔbu,ɛbu
ɔb.o,ɛb.o,ɔbo,ɛbo
ɔd.i,ɛd.i,ɔdi,ɛdi
ɔd.e,ɛd.e,ɔde,ɛde
ɔd.u,ɛd.u,ɔdu,ɛdu
ɔd.o,ɛd.o,ɔdo,ɛdo
ɔg.i,ɛg.i,ɔgi,ɛgi
ɔg.e,ɛg.e,ɔge,ɛge
ɔg.u,ɛg.u,ɔgu,ɛgu
ɔg.o,ɛg.o,ɔgo,ɛgo
ɔf.i,ɛf.i,ɔfi,ɛfi
ɔf.e,ɛf.e,ɔfe,ɛfe
ɔf.u,ɛf.u,ɔfu,ɛfu
ɔf.o,ɛf.o,ɔfo,ɛfo
ɔs.i,ɛs.i,ɔsi,ɛsi
ɔs.e,ɛs.e,ɔse,ɛse
ɔs.u,ɛs.u,ɔsu,ɛsu
ɔs.o,ɛs.o,ɔso,ɛso
ɔv.i,ɛv.i,ɔvi,ɛvi
ɔv.e,ɛv.e,ɔve,ɛve
ɔv.u,ɛv.u,ɔvu,ɛvu
ɔv.o,ɛv.o,ɔvo,ɛvo
ɔz.i,ɛz.i,ɔzi,ɛzi
ɔz.e,ɛz.e,ɔze,ɛze
ɔz.u,ɛz.u,ɔzu,ɛzu
ɔz.o,ɛz.o,ɔzo,ɛzo
ɔʃ.i,ɛʃ.i,ɔʃi,ɛʃi
ɔʃ.e,ɛʃ.e,ɔʃe,ɛʃe
ɔʃ.u,ɛʃ.u,ɔʃu,ɛʃu
ɔʃ.o,ɛʃ.o,ɔʃo,ɛʃo
ɔʒ.i,ɛʒ.i,ɔʒi,ɛʒi
ɔʒ.e,ɛʒ.e,ɔʒe,ɛʒe
ɔʒ.u,ɛʒ.u,ɔʒu,ɛʒu
ɔʒ.o,ɛʒ.o,ɔʒo,ɛʒo
ɔθ.i,ɛθ.i,ɔθi,ɛθi
ɔθ.e,ɛθ.e,ɔθe,ɛθe
ɔθ.u,ɛθ.u,ɔθu,ɛθu
ɔθ.o,ɛθ.o,ɔθo,ɛθo
ɔð.i,ɛð.i,ɔði,ɛði
ɔð.e,ɛð.e,ɔðe,ɛðe
ɔð.u,ɛð.u,ɔðu,ɛðu
ɔð.o,ɛð.o,ɔðo,ɛðo
ɪm.ɪm,ʊm.ɪm,ɪmɪm,ʊmɪm
ɪm.ɪn,ʊm.ɪn,ɪmɪn,ʊmɪn
ɪm.ɪŋ,ʊm.ɪŋ,ɪmɪŋ,ʊmɪŋ
ɪm.ɪp,ʊm.ɪp,ɪmɪp,ʊmɪp
ɪm.ɪt,ʊm.ɪt,ɪmɪt,ʊmɪt
ɪm.ɪk,ʊm.ɪk,ɪmɪk,ʊmɪk
ɪm.ɪb,ʊm.ɪb,ɪmɪb,ʊmɪb
ɪm.ɪd,ʊm.ɪd,ɪmɪd,ʊmɪd
ɪm.ɪg,ʊm.ɪg,ɪmɪg,ʊmɪg
ɪm.ɪf,ʊm.ɪf,ɪmɪf,ʊmɪf
ɪm.ɪs,ʊm.ɪs,ɪmɪs,ʊmɪs
ɪm.ɪv,ʊm.ɪv,ɪmɪv,ʊmɪv
ɪm.ɪz,ʊm.ɪz,ɪmɪz,ʊmɪz
ɪm.ɪʃ,ʊm.ɪʃ,ɪmɪʃ,ʊmɪʃ
ɪm.ɪʒ,ʊm.ɪʒ,ɪmɪʒ,ʊmɪʒ
ɪm.ɪθ,ʊm.ɪθ,ɪmɪθ,ʊmɪθ
ɪm.ɪð,ʊm.ɪð,ɪmɪð,ʊmɪð
ɪm.ɛm,ʊm.ɛm,ɪmɛm,ʊmɛm
ɪm.ɛn,ʊm.ɛn,ɪmɛn,ʊmɛn
ɪm.ɛŋ,ʊm.ɛŋ,ɪmɛŋ,ʊmɛŋ
ɪm.ɛp,ʊm.ɛp,ɪmɛp,ʊmɛp
ɪm.ɛt,ʊm.ɛt,ɪmɛt,ʊmɛt
ɪm.ɛk,ʊm.ɛk,ɪmɛk,ʊmɛk
ɪm.ɛb,ʊm.ɛb,ɪmɛb,ʊmɛb
ɪm.ɛd,ʊm.ɛd,ɪmɛd,ʊmɛd
ɪm.ɛg,ʊm.ɛg,ɪmɛg,ʊmɛg
ɪm.ɛf,ʊm.ɛf,ɪmɛf,ʊmɛf
ɪm.ɛs,ʊm.ɛs,ɪmɛs,ʊmɛs
ɪm.ɛv,ʊm.ɛv,ɪmɛv,ʊmɛv
ɪm.ɛz,ʊm.ɛz,ɪmɛz,ʊmɛz
ɪm.ɛʃ,ʊm.ɛʃ,ɪmɛʃ,ʊmɛʃ
ɪm.ɛʒ,ʊm.ɛʒ,ɪmɛʒ,ʊmɛʒ
ɪm.ɛθ,ʊm.ɛθ,ɪmɛθ,ʊmɛθ
ɪm.ɛð,ʊm.ɛð,ɪmɛð,ʊmɛð
ɪm.ʊm,ʊm.ʊm,ɪmʊm,ʊmʊm
ɪm.ʊn,ʊm.ʊn,ɪmʊn,ʊmʊn
ɪm.ʊŋ,ʊm.ʊŋ,ɪmʊŋ,ʊmʊŋ
ɪm.ʊp,ʊm.ʊp,ɪmʊp,ʊmʊp
ɪm.ʊt,ʊm.ʊt,ɪmʊt,ʊmʊt
ɪm.ʊk,ʊm.ʊk,ɪmʊk,ʊmʊk
ɪm.ʊb,ʊm.ʊb,ɪmʊb,ʊmʊb
ɪm.ʊd,ʊm.ʊd,ɪmʊd,ʊmʊd
ɪm.ʊg,ʊm.ʊg,ɪmʊg,ʊmʊg
ɪm.ʊf,ʊm.ʊf,ɪmʊf,ʊmʊf
ɪm.ʊs,ʊm.ʊs,ɪmʊs,ʊmʊs
ɪm.ʊv,ʊm.ʊv,ɪmʊv,ʊmʊv
ɪm.ʊz,ʊm.ʊz,ɪmʊz,ʊmʊz
ɪm.ʊʃ,ʊm.ʊʃ,ɪmʊʃ,ʊmʊʃ
ɪm.ʊʒ,ʊm.ʊʒ,ɪmʊʒ,ʊmʊʒ
ɪm.ʊθ,ʊm.ʊθ,ɪmʊθ,ʊmʊθ
ɪm.ʊð,ʊm.ʊð,ɪmʊð,ʊmʊð
ɪm.ɔm,ʊm.ɔm,ɪmɔm,ʊmɔm
ɪm.ɔn,ʊm.ɔn,ɪmɔn,ʊmɔn
ɪm.ɔŋ,ʊm.ɔŋ,ɪmɔŋ,ʊmɔŋ
ɪm.ɔp,ʊm.ɔp,ɪmɔp,ʊmɔp
ɪm.ɔt,ʊm.ɔt,ɪmɔt,ʊmɔt
ɪm.ɔk,ʊm.ɔk,ɪmɔk,ʊmɔk
ɪm.ɔb,ʊm.ɔb,ɪmɔb,ʊmɔb
ɪm.ɔd,ʊm.ɔd,ɪmɔd,ʊmɔd
ɪm.ɔg,ʊm.ɔg,ɪmɔg,ʊmɔg
ɪm.ɔf,ʊm.ɔf,ɪmɔf,ʊmɔf
ɪm.ɔs,ʊm.ɔs,ɪmɔs,ʊmɔs
ɪm.ɔv,ʊm.ɔv,ɪmɔv,ʊmɔv
ɪm.ɔz,ʊm.ɔz,ɪmɔz,ʊmɔz
ɪm.ɔʃ,ʊm.ɔʃ,ɪmɔʃ,ʊmɔʃ
ɪm.ɔʒ,ʊm.ɔʒ,ɪmɔʒ,ʊmɔʒ
ɪm.ɔθ,ʊm.ɔθ,ɪmɔθ,ʊmɔθ
ɪm.ɔð,ʊm.ɔð,ɪmɔð,ʊmɔð
ɪn.ɪm,ʊn.ɪm,ɪnɪm,ʊnɪm
ɪn.ɪn,ʊn.ɪn,ɪnɪn,ʊnɪn
ɪn.ɪŋ,ʊn.ɪŋ,ɪnɪŋ,ʊnɪŋ
ɪn.ɪp,ʊn.ɪp,ɪnɪp,ʊnɪp
ɪn.ɪt,ʊn.ɪt,ɪnɪt,ʊnɪt
ɪn.ɪk,ʊn.ɪk,ɪnɪk,ʊnɪk
ɪn.ɪb,ʊn.ɪb,ɪnɪb,ʊnɪb
ɪn.ɪd,ʊn.ɪd,ɪnɪd,ʊnɪd
ɪn.ɪg,ʊn.ɪg,ɪnɪg,ʊnɪg
ɪn.ɪf,ʊn.ɪf,ɪnɪf,ʊnɪf
ɪn.ɪs,ʊn.ɪs,ɪnɪs,ʊnɪs
ɪn.ɪv,ʊn.ɪv,ɪnɪv,ʊnɪv
ɪn.ɪz,ʊn.ɪz,ɪnɪz,ʊnɪz
ɪn.ɪʃ,ʊn.ɪʃ,ɪnɪʃ,ʊnɪʃ
ɪn.ɪʒ,ʊn.ɪʒ,ɪnɪʒ,ʊnɪʒ
ɪn.ɪθ,ʊn.ɪθ,ɪnɪθ,ʊnɪθ
ɪn.ɪð,ʊn.ɪð,ɪnɪð,ʊnɪð
ɪn.ɛm,ʊn.ɛm,ɪnɛm,ʊnɛm
ɪn.ɛn,ʊn.ɛn,ɪnɛn,ʊnɛn
ɪn.ɛŋ,ʊn.ɛŋ,ɪnɛŋ,ʊnɛŋ
ɪn.ɛp,ʊn.ɛp,ɪnɛp,ʊnɛp
ɪn.ɛt,ʊn.ɛt,ɪnɛt,ʊnɛt
ɪn.ɛk,ʊn.ɛk,ɪnɛk,ʊnɛk
ɪn.ɛb,ʊn.ɛb,ɪnɛb,ʊnɛb
ɪn.ɛd,ʊn.ɛd,ɪnɛd,ʊnɛd
ɪn.ɛg,ʊn.ɛg,ɪnɛg,ʊnɛg
ɪn.ɛf,ʊn.ɛf,ɪnɛf,ʊnɛf
ɪn.ɛs,ʊn.ɛs,ɪnɛs,ʊnɛs
ɪn.ɛv,ʊn.ɛv,ɪnɛv,ʊnɛv
ɪn.ɛz,ʊn.ɛz,ɪnɛz,ʊnɛz
ɪn.ɛʃ,ʊn.ɛʃ,ɪnɛʃ,ʊnɛʃ
ɪn.ɛʒ,ʊn.ɛʒ,ɪnɛʒ,ʊnɛʒ
ɪn.ɛθ,ʊn.ɛθ,ɪnɛθ,ʊnɛθ
ɪn.ɛð,ʊn.ɛð,ɪnɛð,ʊnɛð
ɪn.ʊm,ʊn.ʊm,ɪnʊm,ʊnʊm
ɪn.ʊn,ʊn.ʊn,ɪnʊn,ʊnʊn
ɪn.ʊŋ,ʊn.ʊŋ,ɪnʊŋ,ʊnʊŋ
ɪn.ʊp,ʊn.ʊp,ɪnʊp,ʊnʊp
ɪn.ʊt,ʊn.ʊt,ɪnʊt,ʊnʊt
ɪn.ʊk,ʊn.ʊk,ɪnʊk,ʊnʊk
ɪn.ʊb,ʊn.ʊb,ɪnʊb,ʊnʊb
ɪn.ʊd,ʊn.ʊd,ɪnʊd,ʊnʊd
ɪn.ʊg,ʊn.ʊg,ɪnʊg,ʊnʊg
ɪn.ʊf,ʊn.ʊf,ɪnʊf,ʊnʊf
ɪn.ʊs,ʊn.ʊs,ɪnʊs,ʊnʊs
ɪn.ʊv,ʊn.ʊv,ɪnʊv,ʊnʊv
ɪn.ʊz,ʊn.ʊz,ɪnʊz,ʊnʊz
ɪn.ʊʃ,ʊn.ʊʃ,ɪnʊʃ,ʊnʊʃ
ɪn.ʊʒ,ʊn.ʊʒ,ɪnʊʒ,ʊnʊʒ
ɪn.ʊθ,ʊn.ʊθ,ɪnʊθ,ʊnʊθ
ɪn.ʊð,ʊn.ʊð,ɪnʊð,ʊnʊð
ɪn.ɔm,ʊn.ɔm,ɪnɔm,ʊnɔm
ɪn.ɔn,ʊn.ɔn,ɪnɔn,ʊnɔn
ɪn.ɔŋ,ʊn.ɔŋ,ɪnɔŋ,ʊnɔŋ
ɪn.ɔp,ʊn.ɔp,ɪnɔp,ʊnɔp
ɪn.ɔt,ʊn.ɔt,ɪnɔt,ʊnɔt
ɪn.ɔk,ʊn.ɔk,ɪnɔk,ʊnɔk
ɪn.ɔb,ʊn.ɔb,ɪnɔb,ʊnɔb
ɪn.ɔd,ʊn.ɔd,ɪnɔd,ʊnɔd
ɪn.ɔg,ʊn.ɔg,ɪnɔg,ʊnɔg
ɪn.ɔf,ʊn.ɔf,ɪnɔf,ʊnɔf
ɪn.ɔs,ʊn.ɔs,ɪnɔs,ʊnɔs
ɪn.ɔv,ʊn.ɔv,ɪnɔv,ʊnɔv
ɪn.ɔz,ʊn.ɔz,ɪnɔz,ʊnɔz
ɪn.ɔʃ,ʊn.ɔʃ,ɪnɔʃ,ʊnɔʃ
ɪn.ɔʒ,ʊn.ɔʒ,ɪnɔʒ,ʊnɔʒ
ɪn.ɔθ,ʊn.ɔθ,ɪnɔθ,ʊnɔθ
ɪn.ɔð,ʊn.ɔð,ɪnɔð,ʊnɔð
ɪŋ.ɪm,ʊŋ.ɪm,ɪŋɪm,ʊŋɪm
ɪŋ.ɪn,ʊŋ.ɪn,ɪŋɪn,ʊŋɪn
ɪŋ.ɪŋ,ʊŋ.ɪŋ,ɪŋɪŋ,ʊŋɪŋ
ɪŋ.ɪp,ʊŋ.ɪp,ɪŋɪp,ʊŋɪp
ɪŋ.ɪt,ʊŋ.ɪt,ɪŋɪt,ʊŋɪt
ɪŋ.ɪk,ʊŋ.ɪk,ɪŋɪk,ʊŋɪk
ɪŋ.ɪb,ʊŋ.ɪb,ɪŋɪb,ʊŋɪb
ɪŋ.ɪd,ʊŋ.ɪd,ɪŋɪd,ʊŋɪd
ɪŋ.ɪg,ʊŋ.ɪg,ɪŋɪg,ʊŋɪg
ɪŋ.ɪf,ʊŋ.ɪf,ɪŋɪf,ʊŋɪf
ɪŋ.ɪs,ʊŋ.ɪs,ɪŋɪs,ʊŋɪs
ɪŋ.ɪv,ʊŋ.ɪv,ɪŋɪv,ʊŋɪv
ɪŋ.ɪz,ʊŋ.ɪz,ɪŋɪz,ʊŋɪz
ɪŋ.ɪʃ,ʊŋ.ɪʃ,ɪŋɪʃ,ʊŋɪʃ
ɪŋ.ɪʒ,ʊŋ.ɪʒ,ɪŋɪʒ,ʊŋɪʒ
ɪŋ.ɪθ,ʊŋ.ɪθ,ɪŋɪθ,ʊŋɪθ
ɪŋ.ɪð,ʊŋ.ɪð,ɪŋɪð,ʊŋɪð
ɪŋ.ɛm,ʊŋ.ɛm,ɪŋɛm,ʊŋɛm
ɪŋ.ɛn,ʊŋ.ɛn,ɪŋɛn,ʊŋɛn
ɪŋ.ɛŋ,ʊŋ.ɛŋ,ɪŋɛŋ,ʊŋɛŋ
ɪŋ.ɛp,ʊŋ.ɛp,ɪŋɛp,ʊŋɛp
ɪŋ.ɛt,ʊŋ.ɛt,ɪŋɛt,ʊŋɛt
ɪŋ.ɛk,ʊŋ.ɛk,ɪŋɛk,ʊŋɛk
ɪŋ.ɛb,ʊŋ.ɛb,ɪŋɛb,ʊŋɛb
ɪŋ.ɛd,ʊŋ.ɛd,ɪŋɛd,ʊŋɛd
ɪŋ.ɛg,ʊŋ.ɛg,ɪŋɛg,ʊŋɛg
ɪŋ.ɛf,ʊŋ.ɛf,ɪŋɛf,ʊŋɛf
ɪŋ.ɛs,ʊŋ.ɛs,ɪŋɛs,ʊŋɛs
ɪŋ.ɛv,ʊŋ.ɛv,ɪŋɛv,ʊŋɛv
ɪŋ.ɛz,ʊŋ.ɛz,ɪŋɛz,ʊŋɛz
ɪŋ.ɛʃ,ʊŋ.ɛʃ,ɪŋɛʃ,ʊŋɛʃ
ɪŋ.ɛʒ,ʊŋ.ɛʒ,ɪŋɛʒ,ʊŋɛʒ
ɪŋ.ɛθ,ʊŋ.ɛθ,ɪŋɛθ,ʊŋɛθ
ɪŋ.ɛð,ʊŋ.ɛð,ɪŋɛð,ʊŋɛð
ɪŋ.ʊm,ʊŋ.ʊm,ɪŋʊm,ʊŋʊm
ɪŋ.ʊn,ʊŋ.ʊn,ɪŋʊn,ʊŋʊn
ɪŋ.ʊŋ,ʊŋ.ʊŋ,ɪŋʊŋ,ʊŋʊŋ
ɪŋ.ʊp,ʊŋ.ʊp,ɪŋʊp,ʊŋʊp
ɪŋ.ʊt,ʊŋ.ʊt,ɪŋʊt,ʊŋʊt
ɪŋ.ʊk,ʊŋ.ʊk,ɪŋʊk,ʊŋʊk
ɪŋ.ʊb,ʊŋ.ʊb,ɪŋʊb,ʊŋʊb
ɪŋ.ʊd,ʊŋ.ʊd,ɪŋʊd,ʊŋʊd
ɪŋ.ʊg,ʊŋ.ʊg,ɪŋʊg,ʊŋʊg
ɪŋ.ʊf,ʊŋ.ʊf,ɪŋʊf,ʊŋʊf
ɪŋ.ʊs,ʊŋ.ʊs,ɪŋʊs,ʊŋʊs
ɪŋ.ʊv,ʊŋ.ʊv,ɪŋʊv,ʊŋʊv
ɪŋ.ʊz,ʊŋ.ʊz,ɪŋʊz,ʊŋʊz
ɪŋ.ʊʃ,ʊŋ.ʊʃ,ɪŋʊʃ,ʊŋʊʃ
ɪŋ.ʊʒ,ʊŋ.ʊʒ,ɪŋʊʒ,ʊŋʊʒ
ɪŋ.ʊθ,ʊŋ.ʊθ,ɪŋʊθ,ʊŋʊθ
ɪŋ.ʊð,ʊŋ.ʊð,ɪŋʊð,ʊŋʊð
ɪŋ.ɔm,ʊŋ.ɔm,ɪŋɔm,ʊŋɔm
ɪŋ.ɔn,ʊŋ.ɔn,ɪŋɔn,ʊŋɔn
ɪŋ.ɔŋ,ʊŋ.ɔŋ,ɪŋɔŋ,ʊŋɔŋ
ɪŋ.ɔp,ʊŋ.ɔp,ɪŋɔp,ʊŋɔp
ɪŋ.ɔt,ʊŋ.ɔt,ɪŋɔt,ʊŋɔt
ɪŋ.ɔk,ʊŋ.ɔk,ɪŋɔk,ʊŋɔk
ɪŋ.ɔb,ʊŋ.ɔb,ɪŋɔb,ʊŋɔb
ɪŋ.ɔd,ʊŋ.ɔd,ɪŋɔd,ʊŋɔd
ɪŋ.ɔg,ʊŋ.ɔg,ɪŋɔg,ʊŋɔg
ɪŋ.ɔf,ʊŋ.ɔf,ɪŋɔf,ʊŋɔf
ɪŋ.ɔs,ʊŋ.ɔs,ɪŋɔs,ʊŋɔs
ɪŋ.ɔv,ʊŋ.ɔv,ɪŋɔv,ʊŋɔv
ɪŋ.ɔz,ʊŋ.ɔz,ɪŋɔz,ʊŋɔz
ɪŋ.ɔʃ,ʊŋ.ɔʃ,ɪŋɔʃ,ʊŋɔʃ
ɪŋ.ɔʒ,ʊŋ.ɔʒ,ɪŋɔʒ,ʊŋɔʒ
ɪŋ.ɔθ,ʊŋ.ɔθ,ɪŋɔθ,ʊŋɔθ
ɪŋ.ɔð,ʊŋ.ɔð,ɪŋɔð,ʊŋɔð
ɪp.ɪm,ʊp.ɪm,ɪpɪm,ʊpɪm
ɪp.ɪn,ʊp.ɪn,ɪpɪn,ʊpɪn
ɪp.ɪŋ,ʊp.ɪŋ,ɪpɪŋ,ʊpɪŋ
ɪp.ɪp,ʊp.ɪp,ɪpɪp,ʊpɪp
ɪp.ɪt,ʊp.ɪt,ɪpɪt,ʊpɪt
ɪp.ɪk,ʊp.ɪk,ɪpɪk,ʊpɪk
ɪp.ɪb,ʊp.ɪb,ɪpɪb,ʊpɪb
ɪp.ɪd,ʊp.ɪd,ɪpɪd,ʊpɪd
ɪp.ɪg,ʊp.ɪg,ɪpɪg,ʊpɪg
ɪp.ɪf,ʊp.ɪf,ɪpɪf,ʊpɪf
ɪp.ɪs,ʊp.ɪs,ɪpɪs,ʊpɪs
ɪp.ɪv,ʊp.ɪv,ɪpɪv,ʊpɪv
ɪp.ɪz,ʊp.ɪz,ɪpɪz,ʊpɪz
ɪp.ɪʃ,ʊp.ɪʃ,ɪpɪʃ,ʊpɪʃ
ɪp.ɪʒ,ʊp.ɪʒ,ɪpɪʒ,ʊpɪʒ
ɪp.ɪθ,ʊp.ɪθ,ɪpɪθ,ʊpɪθ
ɪp.ɪð,ʊp.ɪð,ɪpɪð,ʊpɪð
ɪp.ɛm,ʊp.ɛm,ɪpɛm,ʊpɛm
ɪp.ɛn,ʊp.ɛn,ɪpɛn,ʊpɛn
ɪp.ɛŋ,ʊp.ɛŋ,ɪpɛŋ,ʊpɛŋ
ɪp.ɛp,ʊp.ɛp,ɪpɛp,ʊpɛp
ɪp.ɛt,ʊp.ɛt,ɪpɛt,ʊpɛt
ɪp.ɛk,ʊp.ɛk,ɪpɛk,ʊpɛk
ɪp.ɛb,ʊp.ɛb,ɪpɛb,ʊpɛb
ɪp.ɛd,ʊp.ɛd,ɪpɛd,ʊpɛd
ɪp.ɛg,ʊp.ɛg,ɪpɛg,ʊpɛg
ɪp.ɛf,ʊp.ɛf,ɪpɛf,ʊpɛf
ɪp.ɛs,ʊp.ɛs,ɪpɛs,ʊpɛs
ɪp.ɛv,ʊp.ɛv,ɪpɛv,ʊpɛv
ɪp.ɛz,ʊp.ɛz,ɪpɛz,ʊpɛz
ɪp.ɛʃ,ʊp.ɛʃ,ɪpɛʃ,ʊpɛʃ
ɪp.ɛʒ,ʊp.ɛʒ,ɪpɛʒ,ʊpɛʒ
ɪp.ɛθ,ʊp.ɛθ,ɪpɛθ,ʊpɛθ
ɪp.ɛð,ʊp.ɛð,ɪpɛð,ʊpɛð
ɪp.ʊm,ʊp.ʊm,ɪpʊm,ʊpʊm
ɪp.ʊn,ʊp.ʊn,ɪpʊn,ʊpʊn
ɪp.ʊŋ,ʊp.ʊŋ,ɪpʊŋ,ʊpʊŋ
ɪp.ʊp,ʊp.ʊp,ɪpʊp,ʊpʊp
ɪp.ʊt,ʊp.ʊt,ɪpʊt,ʊpʊt
ɪp.ʊk,ʊp.ʊk,ɪpʊk,ʊpʊk
ɪp.ʊb,ʊp.ʊb,ɪpʊb,ʊpʊb
ɪp.ʊd,ʊp.ʊd,ɪpʊd,ʊpʊd
ɪp.ʊg,ʊp.ʊg,ɪpʊg,ʊpʊg
ɪp.ʊf,ʊp.ʊf,ɪpʊf,ʊpʊf
ɪp.ʊs,ʊp.ʊs,ɪpʊs,ʊpʊs
ɪp.ʊv,ʊp.ʊv,ɪpʊv,ʊpʊv
ɪp.ʊz,ʊp.ʊz,ɪpʊz,ʊpʊz
ɪp.ʊʃ,ʊp.ʊʃ,ɪpʊʃ,ʊpʊʃ
ɪp.ʊʒ,ʊp.ʊʒ,ɪpʊʒ,ʊpʊʒ
ɪp.ʊθ,ʊp.ʊθ,ɪpʊθ,ʊpʊθ
ɪp.ʊð,ʊp.ʊð,ɪpʊð,ʊpʊð
ɪp.ɔm,ʊp.ɔm,ɪpɔm,ʊpɔm
ɪp.ɔn,ʊp.ɔn,ɪpɔn,ʊpɔn
ɪp.ɔŋ,ʊp.ɔŋ,ɪpɔŋ,ʊpɔŋ
ɪp.ɔp,ʊp.ɔp,ɪpɔp,ʊpɔp
ɪp.ɔt,ʊp.ɔt,ɪpɔt,ʊpɔt
ɪp.ɔk,ʊp.ɔk,ɪpɔk,ʊpɔk
ɪp.ɔb,ʊp.ɔb,ɪpɔb,ʊpɔb
ɪp.ɔd,ʊp.ɔd,ɪpɔd,ʊpɔd
ɪp.ɔg,ʊp.ɔg,ɪpɔg,ʊpɔg
ɪp.ɔf,ʊp.ɔf,ɪpɔf,ʊpɔf
ɪp.ɔs,ʊp.ɔs,ɪpɔs,ʊpɔs
ɪp.ɔv,ʊp.ɔv,ɪpɔv,ʊpɔv
ɪp.ɔz,ʊp.ɔz,ɪpɔz,ʊpɔz
ɪp.ɔʃ,ʊp.ɔʃ,ɪpɔʃ,ʊpɔʃ
ɪp.ɔʒ,ʊp.ɔʒ,ɪpɔʒ,ʊpɔʒ
ɪp.ɔθ,ʊp.ɔθ,ɪpɔθ,ʊpɔθ
ɪp.ɔð,ʊp.ɔð,ɪpɔð,ʊpɔð
ɪt.ɪm,ʊt.ɪm,ɪtɪm,ʊtɪm
ɪt.ɪn,ʊt.ɪn,ɪtɪn,ʊtɪn
ɪt.ɪŋ,ʊt.ɪŋ,ɪtɪŋ,ʊtɪŋ
ɪt.ɪp,ʊt.ɪp,ɪtɪp,ʊtɪp
ɪt.ɪt,ʊt.ɪt,ɪtɪt,ʊtɪt
ɪt.ɪk,ʊt.ɪk,ɪtɪk,ʊtɪk
ɪt.ɪb,ʊt.ɪb,ɪtɪb,ʊtɪb
ɪt.ɪd,ʊt.ɪd,ɪtɪd,ʊtɪd
ɪt.ɪg,ʊt.ɪg,ɪtɪg,ʊtɪg
ɪt.ɪf,ʊt.ɪf,ɪtɪf,ʊtɪf
ɪt.ɪs,ʊt.ɪs,ɪtɪs,ʊtɪs
ɪt.ɪv,ʊt.ɪv,ɪtɪv,ʊtɪv
ɪt.ɪz,ʊt.ɪz,ɪtɪz,ʊtɪz
ɪt.ɪʃ,ʊt.ɪʃ,ɪtɪʃ,ʊtɪʃ
ɪt.ɪʒ,ʊt.ɪʒ,ɪtɪʒ,ʊtɪʒ
ɪt.ɪθ,ʊt.ɪθ,ɪtɪθ,ʊtɪθ
ɪt.ɪð,ʊt.ɪð,ɪtɪð,ʊtɪð
ɪt.ɛm,ʊt.ɛm,ɪtɛm,ʊtɛm
ɪt.ɛn,ʊt.ɛn,ɪtɛn,ʊtɛn
ɪt.ɛŋ,ʊt.ɛŋ,ɪtɛŋ,ʊtɛŋ
ɪt.ɛp,ʊt.ɛp,ɪtɛp,ʊtɛp
ɪt.ɛt,ʊt.ɛt,ɪtɛt,ʊtɛt
ɪt.ɛk,ʊt.ɛk,ɪtɛk,ʊtɛk
ɪt.ɛb,ʊt.ɛb,ɪtɛb,ʊtɛb
ɪt.ɛd,ʊt.ɛd,ɪtɛd,ʊtɛd
ɪt.ɛg,ʊt.ɛg,ɪtɛg,ʊtɛg
ɪt.ɛf,ʊt.ɛf,ɪtɛf,ʊtɛf
ɪt.ɛs,ʊt.ɛs,ɪtɛs,ʊtɛs
ɪt.ɛv,ʊt.ɛv,ɪtɛv,ʊtɛv
ɪt.ɛz,ʊt.ɛz,ɪtɛz,ʊtɛz
ɪt.ɛʃ,ʊt.ɛʃ,ɪtɛʃ,ʊtɛʃ
ɪt.ɛʒ,ʊt.ɛʒ,ɪtɛʒ,ʊtɛʒ
ɪt.ɛθ,ʊt.ɛθ,ɪtɛθ,ʊtɛθ
ɪt.ɛð,ʊt.ɛð,ɪtɛð,ʊtɛð
ɪt.ʊm,ʊt.ʊm,ɪtʊm,ʊtʊm
ɪt.ʊn,ʊt.ʊn,ɪtʊn,ʊtʊn
ɪt.ʊŋ,ʊt.ʊŋ,ɪtʊŋ,ʊtʊŋ
ɪt.ʊp,ʊt.ʊp,ɪtʊp,ʊtʊp
ɪt.ʊt,ʊt.ʊt,ɪtʊt,ʊtʊt
ɪt.ʊk,ʊt.ʊk,ɪtʊk,ʊtʊk
ɪt.ʊb,ʊt.ʊb,ɪtʊb,ʊtʊb
ɪt.ʊd,ʊt.ʊd,ɪtʊd,ʊtʊd
ɪt.ʊg,ʊt.ʊg,ɪtʊg,ʊtʊg
ɪt.ʊf,ʊt.ʊf,ɪtʊf,ʊtʊf
ɪt.ʊs,ʊt.ʊs,ɪtʊs,ʊtʊs
ɪt.ʊv,ʊt.ʊv,ɪtʊv,ʊtʊv
ɪt.ʊz,ʊt.ʊz,ɪtʊz,ʊtʊz
ɪt.ʊʃ,ʊt.ʊʃ,ɪtʊʃ,ʊtʊʃ
ɪt.ʊʒ,ʊt.ʊʒ,ɪtʊʒ,ʊtʊʒ
ɪt.ʊθ,ʊt.ʊθ,ɪtʊθ,ʊtʊθ
ɪt.ʊð,ʊt.ʊð,ɪtʊð,ʊtʊð
ɪt.ɔm,ʊt.ɔm,ɪtɔm,ʊtɔm
ɪt.ɔn,ʊt.ɔn,ɪtɔn,ʊtɔn
ɪt.ɔŋ,ʊt.ɔŋ,ɪtɔŋ,ʊtɔŋ
ɪt.ɔp,ʊt.ɔp,ɪtɔp,ʊtɔp
ɪt.ɔt,ʊt.ɔt,ɪtɔt,ʊtɔt
ɪt.ɔk,ʊt.ɔk,ɪtɔk,ʊtɔk
ɪt.ɔb,ʊt.ɔb,ɪtɔb,ʊtɔb
ɪt.ɔd,ʊt.ɔd,ɪtɔd,ʊtɔd
ɪt.ɔg,ʊt.ɔg,ɪtɔg,ʊtɔg
ɪt.ɔf,ʊt.ɔf,ɪtɔf,ʊtɔf
ɪt.ɔs,ʊt.ɔs,ɪtɔs,ʊtɔs
ɪt.ɔv,ʊt.ɔv,ɪtɔv,ʊtɔv
ɪt.ɔz,ʊt.ɔz,ɪtɔz,ʊtɔz
ɪt.ɔʃ,ʊt.ɔʃ,ɪtɔʃ,ʊtɔʃ
ɪt.ɔʒ,ʊt.ɔʒ,ɪtɔʒ,ʊtɔʒ
ɪt.ɔθ,ʊt.ɔθ,ɪtɔθ,ʊtɔθ
ɪt.ɔð,ʊt.ɔð,ɪtɔð,ʊtɔð
ɪk.ɪm,ʊk.ɪm,ɪkɪm,ʊkɪm
ɪk.ɪn,ʊk.ɪn,ɪkɪn,ʊkɪn
ɪk.ɪŋ,ʊk.ɪŋ,ɪkɪŋ,ʊkɪŋ
ɪk.ɪp,ʊk.ɪp,ɪkɪp,ʊkɪp
ɪk.ɪt,ʊk.ɪt,ɪkɪt,ʊkɪt
ɪk.ɪk,ʊk.ɪk,ɪkɪk,ʊkɪk
ɪk.ɪb,ʊk.ɪb,ɪkɪb,ʊkɪb
ɪk.ɪd,ʊk.ɪd,ɪkɪd,ʊkɪd
ɪk.ɪg,ʊk.ɪg,ɪkɪg,ʊkɪg
ɪk.ɪf,ʊk.ɪf,ɪkɪf,ʊkɪf
ɪk.ɪs,ʊk.ɪs,ɪkɪs,ʊkɪs
ɪk.ɪv,ʊk.ɪv,ɪkɪv,ʊkɪv
ɪk.ɪz,ʊk.ɪz,ɪkɪz,ʊkɪz
ɪk.ɪʃ,ʊk.ɪʃ,ɪkɪʃ,ʊkɪʃ
ɪk.ɪʒ,ʊk.ɪʒ,ɪkɪʒ,ʊkɪʒ
ɪk.ɪθ,ʊk.ɪθ,ɪkɪθ,ʊkɪθ
ɪk.ɪð,ʊk.ɪð,ɪkɪð,ʊkɪð
ɪk.ɛm,ʊk.ɛm,ɪkɛm,ʊkɛm
ɪk.ɛn,ʊk.ɛn,ɪkɛn,ʊkɛn
ɪk.ɛŋ,ʊk.ɛŋ,ɪkɛŋ,ʊkɛŋ
ɪk.ɛp,ʊk.ɛp,ɪkɛp,ʊkɛp
ɪk.ɛt,ʊk.ɛt,ɪkɛt,ʊkɛt
ɪk.ɛk,ʊk.ɛk,ɪkɛk,ʊkɛk
ɪk.ɛb,ʊk.ɛb,ɪkɛb,ʊkɛb
ɪk.ɛd,ʊk.ɛd,ɪkɛd,ʊkɛd
ɪk.ɛg,ʊk.ɛg,ɪkɛg,ʊkɛg
ɪk.ɛf,ʊk.ɛf,ɪkɛf,ʊkɛf
ɪk.ɛs,ʊk.ɛs,ɪkɛs,ʊkɛs
ɪk.ɛv,ʊk.ɛv,ɪkɛv,ʊkɛv
ɪk.ɛz,ʊk.ɛz,ɪkɛz,ʊkɛz
ɪk.ɛʃ,ʊk.ɛʃ,ɪkɛʃ,ʊkɛʃ
ɪk.ɛʒ,ʊk.ɛʒ,ɪkɛʒ,ʊkɛʒ
ɪk.ɛθ,ʊk.ɛθ,ɪkɛθ,ʊkɛθ
ɪk.ɛð,ʊk.ɛð,ɪkɛð,ʊkɛð
ɪk.ʊm,ʊk.ʊm,ɪkʊm,ʊkʊm
ɪk.ʊn,ʊk.ʊn,ɪkʊn,ʊkʊn
ɪk.ʊŋ,ʊk.ʊŋ,ɪkʊŋ,ʊkʊŋ
ɪk.ʊp,ʊk.ʊp,ɪkʊp,ʊkʊp
ɪk.ʊt,ʊk.ʊt,ɪkʊt,ʊkʊt
ɪk.ʊk,ʊk.ʊk,ɪkʊk,ʊkʊk
ɪk.ʊb,ʊk.ʊb,ɪkʊb,ʊkʊb
ɪk.ʊd,ʊk.ʊd,ɪkʊd,ʊkʊd
ɪk.ʊg,ʊk.ʊg,ɪkʊg,ʊkʊg
ɪk.ʊf,ʊk.ʊf,ɪkʊf,ʊkʊf
ɪk.ʊs,ʊk.ʊs,ɪkʊs,ʊkʊs
ɪk.ʊv,ʊk.ʊv,ɪkʊv,ʊkʊv
ɪk.ʊz,ʊk.ʊz,ɪkʊz,ʊkʊz
ɪk.ʊʃ,ʊk.ʊʃ,ɪkʊʃ,ʊkʊʃ
ɪk.ʊʒ,ʊk.ʊʒ,ɪkʊʒ,ʊkʊʒ
ɪk.ʊθ,ʊk.ʊθ,ɪkʊθ,ʊkʊθ
ɪk.ʊð,ʊk.ʊð,ɪkʊð,ʊkʊð
ɪk.ɔm,ʊk.ɔm,ɪkɔm,ʊkɔm
ɪk.ɔn,ʊk.ɔn,ɪkɔn,ʊkɔn
ɪk.ɔŋ,ʊk.ɔŋ,ɪkɔŋ,ʊkɔŋ
ɪk.ɔp,ʊk.ɔp,ɪkɔp,ʊkɔp
ɪk.ɔt,ʊk.ɔt,ɪkɔt,ʊkɔt
ɪk.ɔk,ʊk.ɔk,ɪkɔk,ʊkɔk
ɪk.ɔb,ʊk.ɔb,ɪkɔb,ʊkɔb
ɪk.ɔd,ʊk.ɔd,ɪkɔd,ʊkɔd
ɪk.ɔg,ʊk.ɔg,ɪkɔg,ʊkɔg
ɪk.ɔf,ʊk.ɔf,ɪkɔf,ʊkɔf
ɪk.ɔs,ʊk.ɔs,ɪkɔs,ʊkɔs
ɪk.ɔv,ʊk.ɔv,ɪkɔv,ʊkɔv
ɪk.ɔz,ʊk.ɔz,ɪkɔz,ʊkɔz
ɪk.ɔʃ,ʊk.ɔʃ,ɪkɔʃ,ʊkɔʃ
ɪk.ɔʒ,ʊk.ɔʒ,ɪkɔʒ,ʊkɔʒ
ɪk.ɔθ,ʊk.ɔθ,ɪkɔθ,ʊkɔθ
ɪk.ɔð,ʊk.ɔð,ɪkɔð,ʊkɔð
ɪb.ɪm,ʊb.ɪm,ɪbɪm,ʊbɪm
ɪb.ɪn,ʊb.ɪn,ɪbɪn,ʊbɪn
ɪb.ɪŋ,ʊb.ɪŋ,ɪbɪŋ,ʊbɪŋ
ɪb.ɪp,ʊb.ɪp,ɪbɪp,ʊbɪp
ɪb.ɪt,ʊb.ɪt,ɪbɪt,ʊbɪt
ɪb.ɪk,ʊb.ɪk,ɪbɪk,ʊbɪk
ɪb.ɪb,ʊb.ɪb,ɪbɪb,ʊbɪb
ɪb.ɪd,ʊb.ɪd,ɪbɪd,ʊbɪd
ɪb.ɪg,ʊb.ɪg,ɪbɪg,ʊbɪg
ɪb.ɪf,ʊb.ɪf,ɪbɪf,ʊbɪf
ɪb.ɪs,ʊb.ɪs,ɪbɪs,ʊbɪs
ɪb.ɪv,ʊb.ɪv,ɪbɪv,ʊbɪv
ɪb.ɪz,ʊb.ɪz,ɪbɪz,ʊbɪz
ɪb.ɪʃ,ʊb.ɪʃ,ɪbɪʃ,ʊbɪʃ
ɪb.ɪʒ,ʊb.ɪʒ,ɪbɪʒ,ʊbɪʒ
ɪb.ɪθ,ʊb.ɪθ,ɪbɪθ,ʊbɪθ
ɪb.ɪð,ʊb.ɪð,ɪbɪð,ʊbɪð
ɪb.ɛm,ʊb.ɛm,ɪbɛm,ʊbɛm
ɪb.ɛn,ʊb.ɛn,ɪbɛn,ʊbɛn
ɪb.ɛŋ,ʊb.ɛŋ,ɪbɛŋ,ʊbɛŋ
ɪb.ɛp,ʊb.ɛp,ɪbɛp,ʊbɛp
ɪb.ɛt,ʊb.ɛt,ɪbɛt,ʊbɛt
ɪb.ɛk,ʊb.ɛk,ɪbɛk,ʊbɛk
ɪb.ɛb,ʊb.ɛb,ɪbɛb,ʊbɛb
ɪb.ɛd,ʊb.ɛd,ɪbɛd,ʊbɛd
ɪb.ɛg,ʊb.ɛg,ɪbɛg,ʊbɛg
ɪb.ɛf,ʊb.ɛf,ɪbɛf,ʊbɛf
ɪb.ɛs,ʊb.ɛs,ɪbɛs,ʊbɛs
ɪb.ɛv,ʊb.ɛv,ɪbɛv,ʊbɛv
ɪb.ɛz,ʊb.ɛz,ɪbɛz,ʊbɛz
ɪb.ɛʃ,ʊb.ɛʃ,ɪbɛʃ,ʊbɛʃ
ɪb.ɛʒ,ʊb.ɛʒ,ɪbɛʒ,ʊbɛʒ
ɪb.ɛθ,ʊb.ɛθ,ɪbɛθ,ʊbɛθ
ɪb.ɛð,ʊb.ɛð,ɪbɛð,ʊbɛð
ɪb.ʊm,ʊb.ʊm,ɪbʊm,ʊbʊm
ɪb.ʊn,ʊb.ʊn,ɪbʊn,ʊbʊn
ɪb.ʊŋ,ʊb.ʊŋ,ɪbʊŋ,ʊbʊŋ
ɪb.ʊp,ʊb.ʊp,ɪbʊp,ʊbʊp
ɪb.ʊt,ʊb.ʊt,ɪbʊt,ʊbʊt
ɪb.ʊk,ʊb.ʊk,ɪbʊk,ʊbʊk
ɪb.ʊb,ʊb.ʊb,ɪbʊb,ʊbʊb
ɪb.ʊd,ʊb.ʊd,ɪbʊd,ʊbʊd
ɪb.ʊg,ʊb.ʊg,ɪbʊg,ʊbʊg
ɪb.ʊf,ʊb.ʊf,ɪbʊf,ʊbʊf
ɪb.ʊs,ʊb.ʊs,ɪbʊs,ʊbʊs
ɪb.ʊv,ʊb.ʊv,ɪbʊv,ʊbʊv
ɪb.ʊz,ʊb.ʊz,ɪbʊz,ʊbʊz
ɪb.ʊʃ,ʊb.ʊʃ,ɪbʊʃ,ʊbʊʃ
ɪb.ʊʒ,ʊb.ʊʒ,ɪbʊʒ,ʊbʊʒ
ɪb.ʊθ,ʊb.ʊθ,ɪbʊθ,ʊbʊθ
ɪb.ʊð,ʊb.ʊð,ɪbʊð,ʊbʊð
ɪb.ɔm,ʊb.ɔm,ɪbɔm,ʊbɔm
ɪb.ɔn,ʊb.ɔn,ɪbɔn,ʊbɔn
ɪb.ɔŋ,ʊb.ɔŋ,ɪbɔŋ,ʊbɔŋ
ɪb.ɔp,ʊb.ɔp,ɪbɔp,ʊbɔp
ɪb.ɔt,ʊb.ɔt,ɪbɔt,ʊbɔt
ɪb.ɔk,ʊb.ɔk,ɪbɔk,ʊbɔk
ɪb.ɔb,ʊb.ɔb,ɪbɔb,ʊbɔb
ɪb.ɔd,ʊb.ɔd,ɪbɔd,ʊbɔd
ɪb.ɔg,ʊb.ɔg,ɪbɔg,ʊbɔg
ɪb.ɔf,ʊb.ɔf,ɪbɔf,ʊbɔf
ɪb.ɔs,ʊb.ɔs,ɪbɔs,ʊbɔs
ɪb.ɔv,ʊb.ɔv,ɪbɔv,ʊbɔv
ɪb.ɔz,ʊb.ɔz,ɪbɔz,ʊbɔz
ɪb.ɔʃ,ʊb.ɔʃ,ɪbɔʃ,ʊbɔʃ
ɪb.ɔʒ,ʊb.ɔʒ,ɪbɔʒ,ʊbɔʒ
ɪb.ɔθ,ʊb.ɔθ,ɪbɔθ,ʊbɔθ
ɪb.ɔð,ʊb.ɔð,ɪbɔð,ʊbɔð
ɪd.ɪm,ʊd.ɪm,ɪdɪm,ʊdɪm
ɪd.ɪn,ʊd.ɪn,ɪdɪn,ʊdɪn
ɪd.ɪŋ,ʊd.ɪŋ,ɪdɪŋ,ʊdɪŋ
ɪd.ɪp,ʊd.ɪp,ɪdɪp,ʊdɪp
ɪd.ɪt,ʊd.ɪt,ɪdɪt,ʊdɪt
ɪd.ɪk,ʊd.ɪk,ɪdɪk,ʊdɪk
ɪd.ɪb,ʊd.ɪb,ɪdɪb,ʊdɪb
ɪd.ɪd,ʊd.ɪd,ɪdɪd,ʊdɪd
ɪd.ɪg,ʊd.ɪg,ɪdɪg,ʊdɪg
ɪd.ɪf,ʊd.ɪf,ɪdɪf,ʊdɪf
ɪd.ɪs,ʊd.ɪs,ɪdɪs,ʊdɪs
ɪd.ɪv,ʊd.ɪv,ɪdɪv,ʊdɪv
ɪd.ɪz,ʊd.ɪz,ɪdɪz,ʊdɪz
ɪd.ɪʃ,ʊd.ɪʃ,ɪdɪʃ,ʊdɪʃ
ɪd.ɪʒ,ʊd.ɪʒ,ɪdɪʒ,ʊdɪʒ
ɪd.ɪθ,ʊd.ɪθ,ɪdɪθ,ʊdɪθ
ɪd.ɪð,ʊd.ɪð,ɪdɪð,ʊdɪð
ɪd.ɛm,ʊd.ɛm,ɪdɛm,ʊdɛm
ɪd.ɛn,ʊd.ɛn,ɪdɛn,ʊdɛn
ɪd.ɛŋ,ʊd.ɛŋ,ɪdɛŋ,ʊdɛŋ
ɪd.ɛp,ʊd.ɛp,ɪdɛp,ʊdɛp
ɪd.ɛt,ʊd.ɛt,ɪdɛt,ʊdɛt
ɪd.ɛk,ʊd.ɛk,ɪdɛk,ʊdɛk
ɪd.ɛb,ʊd.ɛb,ɪdɛb,ʊdɛb
ɪd.ɛd,ʊd.ɛd,ɪdɛd,ʊdɛd
ɪd.ɛg,ʊd.ɛg,ɪdɛg,ʊdɛg
ɪd.ɛf,ʊd.ɛf,ɪdɛf,ʊdɛf
ɪd.ɛs,ʊd.ɛs,ɪdɛs,ʊdɛs
ɪd.ɛv,ʊd.ɛv,ɪdɛv,ʊdɛv
ɪd.ɛz,ʊd.ɛz,ɪdɛz,ʊdɛz
ɪd.ɛʃ,ʊd.ɛʃ,ɪdɛʃ,ʊdɛʃ
ɪd.ɛʒ,ʊd.ɛʒ,ɪdɛʒ,ʊdɛʒ
ɪd.ɛθ,ʊd.ɛθ,ɪdɛθ,ʊdɛθ
ɪd.ɛð,ʊd.ɛð,ɪdɛð,ʊdɛð
ɪd.ʊm,ʊd.ʊm,ɪdʊm,ʊdʊm
ɪd.ʊn,ʊd.ʊn,ɪdʊn,ʊdʊn
ɪd.ʊŋ,ʊd.ʊŋ,ɪdʊŋ,ʊdʊŋ
ɪd.ʊp,ʊd.ʊp,ɪdʊp,ʊdʊp
ɪd.ʊt,ʊd.ʊt,ɪdʊt,ʊdʊt
ɪd.ʊk,ʊd.ʊk,ɪdʊk,ʊdʊk
ɪd.ʊb,ʊd.ʊb,ɪdʊb,ʊdʊb
ɪd.ʊd,ʊd.ʊd,ɪdʊd,ʊdʊd
ɪd.ʊg,ʊd.ʊg,ɪdʊg,ʊdʊg
ɪd.ʊf,ʊd.ʊf,ɪdʊf,ʊdʊf
ɪd.ʊs,ʊd.ʊs,ɪdʊs,ʊdʊs
ɪd.ʊv,ʊd.ʊv,ɪdʊv,ʊdʊv
ɪd.ʊz,ʊd.ʊz,ɪdʊz,ʊdʊz
ɪd.ʊʃ,ʊd.ʊʃ,ɪdʊʃ,ʊdʊʃ
ɪd.ʊʒ,ʊd.ʊʒ,ɪdʊʒ,ʊdʊʒ
ɪd.ʊθ,ʊd.ʊθ,ɪdʊθ,ʊdʊθ
ɪd.ʊð,ʊd.ʊð,ɪdʊð,ʊdʊð
ɪd.ɔm,ʊd.ɔm,ɪdɔm,ʊdɔm
ɪd.ɔn,ʊd.ɔn,ɪdɔn,ʊdɔn
ɪd.ɔŋ,ʊd.ɔŋ,ɪdɔŋ,ʊdɔŋ
ɪd.ɔp,ʊd.ɔp,ɪdɔp,ʊdɔp
ɪd.ɔt,ʊd.ɔt,ɪdɔt,ʊdɔt
ɪd.ɔk,ʊd.ɔk,ɪdɔk,ʊdɔk
ɪd.ɔb,ʊd.ɔb,ɪdɔb,ʊdɔb
ɪd.ɔd,ʊd.ɔd,ɪdɔd,ʊdɔd
ɪd.ɔg,ʊd.ɔg,ɪdɔg,ʊdɔg
ɪd.ɔf,ʊd.ɔf,ɪdɔf,ʊdɔf
ɪd.ɔs,ʊd.ɔs,ɪdɔs,ʊdɔs
ɪd.ɔv,ʊd.ɔv,ɪdɔv,ʊdɔv
ɪd.ɔz,ʊd.ɔz,ɪdɔz,ʊdɔz
ɪd.ɔʃ,ʊd.ɔʃ,ɪdɔʃ,ʊdɔʃ
ɪd.ɔʒ,ʊd.ɔʒ,ɪdɔʒ,ʊdɔʒ
ɪd.ɔθ,ʊd.ɔθ,ɪdɔθ,ʊdɔθ
ɪd.ɔð,ʊd.ɔð,ɪdɔð,ʊdɔð
ɪg.ɪm,ʊg.ɪm,ɪgɪm,ʊgɪm
ɪg.ɪn,ʊg.ɪn,ɪgɪn,ʊgɪn
ɪg.ɪŋ,ʊg.ɪŋ,ɪgɪŋ,ʊgɪŋ
ɪg.ɪp,ʊg.ɪp,ɪgɪp,ʊgɪp
ɪg.ɪt,ʊg.ɪt,ɪgɪt,ʊgɪt
ɪg.ɪk,ʊg.ɪk,ɪgɪk,ʊgɪk
ɪg.ɪb,ʊg.ɪb,ɪgɪb,ʊgɪb
ɪg.ɪd,ʊg.ɪd,ɪgɪd,ʊgɪd
ɪg.ɪg,ʊg.ɪg,ɪgɪg,ʊgɪg
ɪg.ɪf,ʊg.ɪf,ɪgɪf,ʊgɪf
ɪg.ɪs,ʊg.ɪs,ɪgɪs,ʊgɪs
ɪg.ɪv,ʊg.ɪv,ɪgɪv,ʊgɪv
ɪg.ɪz,ʊg.ɪz,ɪgɪz,ʊgɪz
ɪg.ɪʃ,ʊg.ɪʃ,ɪgɪʃ,ʊgɪʃ
ɪg.ɪʒ,ʊg.ɪʒ,ɪgɪʒ,ʊgɪʒ
ɪg.ɪθ,ʊg.ɪθ,ɪgɪθ,ʊgɪθ
ɪg.ɪð,ʊg.ɪð,ɪgɪð,ʊgɪð
ɪg.ɛm,ʊg.ɛm,ɪgɛm,ʊgɛm
ɪg.ɛn,ʊg.ɛn,ɪgɛn,ʊgɛn
ɪg.ɛŋ,ʊg.ɛŋ,ɪgɛŋ,ʊgɛŋ
ɪg.ɛp,ʊg.ɛp,ɪgɛp,ʊgɛp
ɪg.ɛt,ʊg.ɛt,ɪgɛt,ʊgɛt
ɪg.ɛk,ʊg.ɛk,ɪgɛk,ʊgɛk
ɪg.ɛb,ʊg.ɛb,ɪgɛb,ʊgɛb
ɪg.ɛd,ʊg.ɛd,ɪgɛd,ʊgɛd
ɪg.ɛg,ʊg.ɛg,ɪgɛg,ʊgɛg
ɪg.ɛf,ʊg.ɛf,ɪgɛf,ʊgɛf
ɪg.ɛs,ʊg.ɛs,ɪgɛs,ʊgɛs
ɪg.ɛv,ʊg.ɛv,ɪgɛv,ʊgɛv
ɪg.ɛz,ʊg.ɛz,ɪgɛz,ʊgɛz
ɪg.ɛʃ,ʊg.ɛʃ,ɪgɛʃ,ʊgɛʃ
ɪg.ɛʒ,ʊg.ɛʒ,ɪgɛʒ,ʊgɛʒ
ɪg.ɛθ,ʊg.ɛθ,ɪgɛθ,ʊgɛθ
ɪg.ɛð,ʊg.ɛð,ɪgɛð,ʊgɛð
ɪg.ʊm,ʊg.ʊm,ɪgʊm,ʊgʊm
ɪg.ʊn,ʊg.ʊn,ɪgʊn,ʊgʊn
ɪg.ʊŋ,ʊg.ʊŋ,ɪgʊŋ,ʊgʊŋ
ɪg.ʊp,ʊg.ʊp,ɪgʊp,ʊgʊp
ɪg.ʊt,ʊg.ʊt,ɪgʊt,ʊgʊt
ɪg.ʊk,ʊg.ʊk,ɪgʊk,ʊgʊk
ɪg.ʊb,ʊg.ʊb,ɪgʊb,ʊgʊb
ɪg.ʊd,ʊg.ʊd,ɪgʊd,ʊgʊd
ɪg.ʊg,ʊg.ʊg,ɪgʊg,ʊgʊg
ɪg.ʊf,ʊg.ʊf,ɪgʊf,ʊgʊf
ɪg.ʊs,ʊg.ʊs,ɪgʊs,ʊgʊs
ɪg.ʊv,ʊg.ʊv,ɪgʊv,ʊgʊv
ɪg.ʊz,ʊg.ʊz,ɪgʊz,ʊgʊz
ɪg.ʊʃ,ʊg.ʊʃ,ɪgʊʃ,ʊgʊʃ
ɪg.ʊʒ,ʊg.ʊʒ,ɪgʊʒ,ʊgʊʒ
ɪg.ʊθ,ʊg.ʊθ,ɪgʊθ,ʊgʊθ
ɪg.ʊð,ʊg.ʊð,ɪgʊð,ʊgʊð
ɪg.ɔm,ʊg.ɔm,ɪgɔm,ʊgɔm
ɪg.ɔn,ʊg.ɔn,ɪgɔn,ʊgɔn
ɪg.ɔŋ,ʊg.ɔŋ,ɪgɔŋ,ʊgɔŋ
ɪg.ɔp,ʊg.ɔp,ɪgɔp,ʊgɔp
ɪg.ɔt,ʊg.ɔt,ɪgɔt,ʊgɔt
ɪg.ɔk,ʊg.ɔk,ɪgɔk,ʊgɔk
ɪg.ɔb,ʊg.ɔb,ɪgɔb,ʊgɔb
ɪg.ɔd,ʊg.ɔd,ɪgɔd,ʊgɔd
ɪg.ɔg,ʊg.ɔg,ɪgɔg,ʊgɔg
ɪg.ɔf,ʊg.ɔf,ɪgɔf,ʊgɔf
ɪg.ɔs,ʊg.ɔs,ɪgɔs,ʊgɔs
ɪg.ɔv,ʊg.ɔv,ɪgɔv,ʊgɔv
ɪg.ɔz,ʊg.ɔz,ɪgɔz,ʊgɔz
ɪg.ɔʃ,ʊg.ɔʃ,ɪgɔʃ,ʊgɔʃ
ɪg.ɔʒ,ʊg.ɔʒ,ɪgɔʒ,ʊgɔʒ
ɪg.ɔθ,ʊg.ɔθ,ɪgɔθ,ʊgɔθ
ɪg.ɔð,ʊg.ɔð,ɪgɔð,ʊgɔð
ɪf.ɪm,ʊf.ɪm,ɪfɪm,ʊfɪm
ɪf.ɪn,ʊf.ɪn,ɪfɪn,ʊfɪn
ɪf.ɪŋ,ʊf.ɪŋ,ɪfɪŋ,ʊfɪŋ
ɪf.ɪp,ʊf.ɪp,ɪfɪp,ʊfɪp
ɪf.ɪt,ʊf.ɪt,ɪfɪt,ʊfɪt
ɪf.ɪk,ʊf.ɪk,ɪfɪk,ʊfɪk
ɪf.ɪb,ʊf.ɪb,ɪfɪb,ʊfɪb
ɪf.ɪd,ʊf.ɪd,ɪfɪd,ʊfɪd
ɪf.ɪg,ʊf.ɪg,ɪfɪg,ʊfɪg
ɪf.ɪf,ʊf.ɪf,ɪfɪf,ʊfɪf
ɪf.ɪs,ʊf.ɪs,ɪfɪs,ʊfɪs
ɪf.ɪv,ʊf.ɪv,ɪfɪv,ʊfɪv
ɪf.ɪz,ʊf.ɪz,ɪfɪz,ʊfɪz
ɪf.ɪʃ,ʊf.ɪʃ,ɪfɪʃ,ʊfɪʃ
ɪf.ɪʒ,ʊf.ɪʒ,ɪfɪʒ,ʊfɪʒ
ɪf.ɪθ,ʊf.ɪθ,ɪfɪθ,ʊfɪθ
ɪf.ɪð,ʊf.ɪð,ɪfɪð,ʊfɪð
ɪf.ɛm,ʊf.ɛm,ɪfɛm,ʊfɛm
ɪf.ɛn,ʊf.ɛn,ɪfɛn,ʊfɛn
ɪf.ɛŋ,ʊf.ɛŋ,ɪfɛŋ,ʊfɛŋ
ɪf.ɛp,ʊf.ɛp,ɪfɛp,ʊfɛp
ɪf.ɛt,ʊf.ɛt,ɪfɛt,ʊfɛt
ɪf.ɛk,ʊf.ɛk,ɪfɛk,ʊfɛk
ɪf.ɛb,ʊf.ɛb,ɪfɛb,ʊfɛb
ɪf.ɛd,ʊf.ɛd,ɪfɛd,ʊfɛd
ɪf.ɛg,ʊf.ɛg,ɪfɛg,ʊfɛg
ɪf.ɛf,ʊf.ɛf,ɪfɛf,ʊfɛf
ɪf.ɛs,ʊf.ɛs,ɪfɛs,ʊfɛs
ɪf.ɛv,ʊf.ɛv,ɪfɛv,ʊfɛv
ɪf.ɛz,ʊf.ɛz,ɪfɛz,ʊfɛz
ɪf.ɛʃ,ʊf.ɛʃ,ɪfɛʃ,ʊfɛʃ
ɪf.ɛʒ,ʊf.ɛʒ,ɪfɛʒ,ʊfɛʒ
ɪf.ɛθ,ʊf.ɛθ,ɪfɛθ,ʊfɛθ
ɪf.ɛð,ʊf.ɛð,ɪfɛð,ʊfɛð
ɪf.ʊm,ʊf.ʊm,ɪfʊm,ʊfʊm
ɪf.ʊn,ʊf.ʊn,ɪfʊn,ʊfʊn
ɪf.ʊŋ,ʊf.ʊŋ,ɪfʊŋ,ʊfʊŋ
ɪf.ʊp,ʊf.ʊp,ɪfʊp,ʊfʊp
ɪf.ʊt,ʊf.ʊt,ɪfʊt,ʊfʊt
ɪf.ʊk,ʊf.ʊk,ɪfʊk,ʊfʊk
ɪf.ʊb,ʊf.ʊb,ɪfʊb,ʊfʊb
ɪf.ʊd,ʊf.ʊd,ɪfʊd,ʊfʊd
ɪf.ʊg,ʊf.ʊg,ɪfʊg,ʊfʊg
ɪf.ʊf,ʊf.ʊf,ɪfʊf,ʊfʊf
ɪf.ʊs,ʊf.ʊs,ɪfʊs,ʊfʊs
ɪf.ʊv,ʊf.ʊv,ɪfʊv,ʊfʊv
ɪf.ʊz,ʊf.ʊz,ɪfʊz,ʊfʊz
ɪf.ʊʃ,ʊf.ʊʃ,ɪfʊʃ,ʊfʊʃ
ɪf.ʊʒ,ʊf.ʊʒ,ɪfʊʒ,ʊfʊʒ
ɪf.ʊθ,ʊf.ʊθ,ɪfʊθ,ʊfʊθ
ɪf.ʊð,ʊf.ʊð,ɪfʊð,ʊfʊð
ɪf.ɔm,ʊf.ɔm,ɪfɔm,ʊfɔm
ɪf.ɔn,ʊf.ɔn,ɪfɔn,ʊfɔn
ɪf.ɔŋ,ʊf.ɔŋ,ɪfɔŋ,ʊfɔŋ
ɪf.ɔp,ʊf.ɔp,ɪfɔp,ʊfɔp
ɪf.ɔt,ʊf.ɔt,ɪfɔt,ʊfɔt
ɪf.ɔk,ʊf.ɔk,ɪfɔk,ʊfɔk
ɪf.ɔb,ʊf.ɔb,ɪfɔb,ʊfɔb
ɪf.ɔd,ʊf.ɔd,ɪfɔd,ʊfɔd
ɪf.ɔg,ʊf.ɔg,ɪfɔg,ʊfɔg
ɪf.ɔf,ʊf.ɔf,ɪfɔf,ʊfɔf
ɪf.ɔs,ʊf.ɔs,ɪfɔs,ʊfɔs
ɪf.ɔv,ʊf.ɔv,ɪfɔv,ʊfɔv
ɪf.ɔz,ʊf.ɔz,ɪfɔz,ʊfɔz
ɪf.ɔʃ,ʊf.ɔʃ,ɪfɔʃ,ʊfɔʃ
ɪf.ɔʒ,ʊf.ɔʒ,ɪfɔʒ,ʊfɔʒ
ɪf.ɔθ,ʊf.ɔθ,ɪfɔθ,ʊfɔθ
ɪf.ɔð,ʊf.ɔð,ɪfɔð,ʊfɔð
ɪs.ɪm,ʊs.ɪm,ɪsɪm,ʊsɪm
ɪs.ɪn,ʊs.ɪn,ɪsɪn,ʊsɪn
ɪs.ɪŋ,ʊs.ɪŋ,ɪsɪŋ,ʊsɪŋ
ɪs.ɪp,ʊs.ɪp,ɪsɪp,ʊsɪp
ɪs.ɪt,ʊs.ɪt,ɪsɪt,ʊsɪt
ɪs.ɪk,ʊs.ɪk,ɪsɪk,ʊsɪk
ɪs.ɪb,ʊs.ɪb,ɪsɪb,ʊsɪb
ɪs.ɪd,ʊs.ɪd,ɪsɪd,ʊsɪd
ɪs.ɪg,ʊs.ɪg,ɪsɪg,ʊsɪg
ɪs.ɪf,ʊs.ɪf,ɪsɪf,ʊsɪf
ɪs.ɪs,ʊs.ɪs,ɪsɪs,ʊsɪs
ɪs.ɪv,ʊs.ɪv,ɪsɪv,ʊsɪv
ɪs.ɪz,ʊs.ɪz,ɪsɪz,ʊsɪz
ɪs.ɪʃ,ʊs.ɪʃ,ɪsɪʃ,ʊsɪʃ
ɪs.ɪʒ,ʊs.ɪʒ,ɪsɪʒ,ʊsɪʒ
ɪs.ɪθ,ʊs.ɪθ,ɪsɪθ,ʊsɪθ
ɪs.ɪð,ʊs.ɪð,ɪsɪð,ʊsɪð
ɪs.ɛm,ʊs.ɛm,ɪsɛm,ʊsɛm
ɪs.ɛn,ʊs.ɛn,ɪsɛn,ʊsɛn
ɪs.ɛŋ,ʊs.ɛŋ,ɪsɛŋ,ʊsɛŋ
ɪs.ɛp,ʊs.ɛp,ɪsɛp,ʊsɛp
ɪs.ɛt,ʊs.ɛt,ɪsɛt,ʊsɛt
ɪs.ɛk,ʊs.ɛk,ɪsɛk,ʊsɛk
ɪs.ɛb,ʊs.ɛb,ɪsɛb,ʊsɛb
ɪs.ɛd,ʊs.ɛd,ɪsɛd,ʊsɛd
ɪs.ɛg,ʊs.ɛg,ɪsɛg,ʊsɛg
ɪs.ɛf,ʊs.ɛf,ɪsɛf,ʊsɛf
ɪs.ɛs,ʊs.ɛs,ɪsɛs,ʊsɛs
ɪs.ɛv,ʊs.ɛv,ɪsɛv,ʊsɛv
ɪs.ɛz,ʊs.ɛz,ɪsɛz,ʊsɛz
ɪs.ɛʃ,ʊs.ɛʃ,ɪsɛʃ,ʊsɛʃ
ɪs.ɛʒ,ʊs.ɛʒ,ɪsɛʒ,ʊsɛʒ
ɪs.ɛθ,ʊs.ɛθ,ɪsɛθ,ʊsɛθ
ɪs.ɛð,ʊs.ɛð,ɪsɛð,ʊsɛð
ɪs.ʊm,ʊs.ʊm,ɪsʊm,ʊsʊm
ɪs.ʊn,ʊs.ʊn,ɪsʊn,ʊsʊn
ɪs.ʊŋ,ʊs.ʊŋ,ɪsʊŋ,ʊsʊŋ
ɪs.ʊp,ʊs.ʊp,ɪsʊp,ʊsʊp
ɪs.ʊt,ʊs.ʊt,ɪsʊt,ʊsʊt
ɪs.ʊk,ʊs.ʊk,ɪsʊk,ʊsʊk
ɪs.ʊb,ʊs.ʊb,ɪsʊb,ʊsʊb
ɪs.ʊd,ʊs.ʊd,ɪsʊd,ʊsʊd
ɪs.ʊg,ʊs.ʊg,ɪsʊg,ʊsʊg
ɪs.ʊf,ʊs.ʊf,ɪsʊf,ʊsʊf
ɪs.ʊs,ʊs.ʊs,ɪsʊs,ʊsʊs
ɪs.ʊv,ʊs.ʊv,ɪsʊv,ʊsʊv
ɪs.ʊz,ʊs.ʊz,ɪsʊz,ʊsʊz
ɪs.ʊʃ,ʊs.ʊʃ,ɪsʊʃ,ʊsʊʃ
ɪs.ʊʒ,ʊs.ʊʒ,ɪsʊʒ,ʊsʊʒ
ɪs.ʊθ,ʊs.ʊθ,ɪsʊθ,ʊsʊθ
ɪs.ʊð,ʊs.ʊð,ɪsʊð,ʊsʊð
ɪs.ɔm,ʊs.ɔm,ɪsɔm,ʊsɔm
ɪs.ɔn,ʊs.ɔn,ɪsɔn,ʊsɔn
ɪs.ɔŋ,ʊs.ɔŋ,ɪsɔŋ,ʊsɔŋ
ɪs.ɔp,ʊs.ɔp,ɪsɔp,ʊsɔp
ɪs.ɔt,ʊs.ɔt,ɪsɔt,ʊsɔt
ɪs.ɔk,ʊs.ɔk,ɪsɔk,ʊsɔk
ɪs.ɔb,ʊs.ɔb,ɪsɔb,ʊsɔb
ɪs.ɔd,ʊs.ɔd,ɪsɔd,ʊsɔd
ɪs.ɔg,ʊs.ɔg,ɪsɔg,ʊsɔg
ɪs.ɔf,ʊs.ɔf,ɪsɔf,ʊsɔf
ɪs.ɔs,ʊs.ɔs,ɪsɔs,ʊsɔs
ɪs.ɔv,ʊs.ɔv,ɪsɔv,ʊsɔv
ɪs.ɔz,ʊs.ɔz,ɪsɔz,ʊsɔz
ɪs.ɔʃ,ʊs.ɔʃ,ɪsɔʃ,ʊsɔʃ
ɪs.ɔʒ,ʊs.ɔʒ,ɪsɔʒ,ʊsɔʒ
ɪs.ɔθ,ʊs.ɔθ,ɪsɔθ,ʊsɔθ
ɪs.ɔð,ʊs.ɔð,ɪsɔð,ʊsɔð
ɪv.ɪm,ʊv.ɪm,ɪvɪm,ʊvɪm
ɪv.ɪn,ʊv.ɪn,ɪvɪn,ʊvɪn
ɪv.ɪŋ,ʊv.ɪŋ,ɪvɪŋ,ʊvɪŋ
ɪv.ɪp,ʊv.ɪp,ɪvɪp,ʊvɪp
ɪv.ɪt,ʊv.ɪt,ɪvɪt,ʊvɪt
ɪv.ɪk,ʊv.ɪk,ɪvɪk,ʊvɪk
ɪv.ɪb,ʊv.ɪb,ɪvɪb,ʊvɪb
ɪv.ɪd,ʊv.ɪd,ɪvɪd,ʊvɪd
ɪv.ɪg,ʊv.ɪg,ɪvɪg,ʊvɪg
ɪv.ɪf,ʊv.ɪf,ɪvɪf,ʊvɪf
ɪv.ɪs,ʊv.ɪs,ɪvɪs,ʊvɪs
ɪv.ɪv,ʊv.ɪv,ɪvɪv,ʊvɪv
ɪv.ɪz,ʊv.ɪz,ɪvɪz,ʊvɪz
ɪv.ɪʃ,ʊv.ɪʃ,ɪvɪʃ,ʊvɪʃ
ɪv.ɪʒ,ʊv.ɪʒ,ɪvɪʒ,ʊvɪʒ
ɪv.ɪθ,ʊv.ɪθ,ɪvɪθ,ʊvɪθ
ɪv.ɪð,ʊv.ɪð,ɪvɪð,ʊvɪð
ɪv.ɛm,ʊv.ɛm,ɪvɛm,ʊvɛm
ɪv.ɛn,ʊv.ɛn,ɪvɛn,ʊvɛn
ɪv.ɛŋ,ʊv.ɛŋ,ɪvɛŋ,ʊvɛŋ
ɪv.ɛp,ʊv.ɛp,ɪvɛp,ʊvɛp
ɪv.ɛt,ʊv.ɛt,ɪvɛt,ʊvɛt
ɪv.ɛk,ʊv.ɛk,ɪvɛk,ʊvɛk
ɪv.ɛb,ʊv.ɛb,ɪvɛb,ʊvɛb
ɪv.ɛd,ʊv.ɛd,ɪvɛd,ʊvɛd
ɪv.ɛg,ʊv.ɛg,ɪvɛg,ʊvɛg
ɪv.ɛf,ʊv.ɛf,ɪvɛf,ʊvɛf
ɪv.ɛs,ʊv.ɛs,ɪvɛs,ʊvɛs
ɪv.ɛv,ʊv.ɛv,ɪvɛv,ʊvɛv
ɪv.ɛz,ʊv.ɛz,ɪvɛz,ʊvɛz
ɪv.ɛʃ,ʊv.ɛʃ,ɪvɛʃ,ʊvɛʃ
ɪv.ɛʒ,ʊv.ɛʒ,ɪvɛʒ,ʊvɛʒ
ɪv.ɛθ,ʊv.ɛθ,ɪvɛθ,ʊvɛθ
ɪv.ɛð,ʊv.ɛð,ɪvɛð,ʊvɛð
ɪv.ʊm,ʊv.ʊm,ɪvʊm,ʊvʊm
ɪv.ʊn,ʊv.ʊn,ɪvʊn,ʊvʊn
ɪv.ʊŋ,ʊv.ʊŋ,ɪvʊŋ,ʊvʊŋ
ɪv.ʊp,ʊv.ʊp,ɪvʊp,ʊvʊp
ɪv.ʊt,ʊv.ʊt,ɪvʊt,ʊvʊt
ɪv.ʊk,ʊv.ʊk,ɪvʊk,ʊvʊk
ɪv.ʊb,ʊv.ʊb,ɪvʊb,ʊvʊb
ɪv.ʊd,ʊv.ʊd,ɪvʊd,ʊvʊd
ɪv.ʊg,ʊv.ʊg,ɪvʊg,ʊvʊg
ɪv.ʊf,ʊv.ʊf,ɪvʊf,ʊvʊf
ɪv.ʊs,ʊv.ʊs,ɪvʊs,ʊvʊs
ɪv.ʊv,ʊv.ʊv,ɪvʊv,ʊvʊv
ɪv.ʊz,ʊv.ʊz,ɪvʊz,ʊvʊz
ɪv.ʊʃ,ʊv.ʊʃ,ɪvʊʃ,ʊvʊʃ
ɪv.ʊʒ,ʊv.ʊʒ,ɪvʊʒ,ʊvʊʒ
ɪv.ʊθ,ʊv.ʊθ,ɪvʊθ,ʊvʊθ
ɪv.ʊð,ʊv.ʊð,ɪvʊð,ʊvʊð
ɪv.ɔm,ʊv.ɔm,ɪvɔm,ʊvɔm
ɪv.ɔn,ʊv.ɔn,ɪvɔn,ʊvɔn
ɪv.ɔŋ,ʊv.ɔŋ,ɪvɔŋ,ʊvɔŋ
ɪv.ɔp,ʊv.ɔp,ɪvɔp,ʊvɔp
ɪv.ɔt,ʊv.ɔt,ɪvɔt,ʊvɔt
ɪv.ɔk,ʊv.ɔk,ɪvɔk,ʊvɔk
ɪv.ɔb,ʊv.ɔb,ɪvɔb,ʊvɔb
ɪv.ɔd,ʊv.ɔd,ɪvɔd,ʊvɔd
ɪv.ɔg,ʊv.ɔg,ɪvɔg,ʊvɔg
ɪv.ɔf,ʊv.ɔf,ɪvɔf,ʊvɔf
ɪv.ɔs,ʊv.ɔs,ɪvɔs,ʊvɔs
ɪv.ɔv,ʊv.ɔv,ɪvɔv,ʊvɔv
ɪv.ɔz,ʊv.ɔz,ɪvɔz,ʊvɔz
ɪv.ɔʃ,ʊv.ɔʃ,ɪvɔʃ,ʊvɔʃ
ɪv.ɔʒ,ʊv.ɔʒ,ɪvɔʒ,ʊvɔʒ
ɪv.ɔθ,ʊv.ɔθ,ɪvɔθ,ʊvɔθ
ɪv.ɔð,ʊv.ɔð,ɪvɔð,ʊvɔð
ɪz.ɪm,ʊz.ɪm,ɪzɪm,ʊzɪm
ɪz.ɪn,ʊz.ɪn,ɪzɪn,ʊzɪn
ɪz.ɪŋ,ʊz.ɪŋ,ɪzɪŋ,ʊzɪŋ
ɪz.ɪp,ʊz.ɪp,ɪzɪp,ʊzɪp
ɪz.ɪt,ʊz.ɪt,ɪzɪt,ʊzɪt
ɪz.ɪk,ʊz.ɪk,ɪzɪk,ʊzɪk
ɪz.ɪb,ʊz.ɪb,ɪzɪb,ʊzɪb
ɪz.ɪd,ʊz.ɪd,ɪzɪd,ʊzɪd
ɪz.ɪg,ʊz.ɪg,ɪzɪg,ʊzɪg
ɪz.ɪf,ʊz.ɪf,ɪzɪf,ʊzɪf
ɪz.ɪs,ʊz.ɪs,ɪzɪs,ʊzɪs
ɪz.ɪv,ʊz.ɪv,ɪzɪv,ʊzɪv
ɪz.ɪz,ʊz.ɪz,ɪzɪz,ʊzɪz
ɪz.ɪʃ,ʊz.ɪʃ,ɪzɪʃ,ʊzɪʃ
ɪz.ɪʒ,ʊz.ɪʒ,ɪzɪʒ,ʊzɪʒ
ɪz.ɪθ,ʊz.ɪθ,ɪzɪθ,ʊzɪθ
ɪz.ɪð,ʊz.ɪð,ɪzɪð,ʊzɪð
ɪz.ɛm,ʊz.ɛm,ɪzɛm,ʊzɛm
ɪz.ɛn,ʊz.ɛn,ɪzɛn,ʊzɛn
ɪz.ɛŋ,ʊz.ɛŋ,ɪzɛŋ,ʊzɛŋ
ɪz.ɛp,ʊz.ɛp,ɪzɛp,ʊzɛp
ɪz.ɛt,ʊz.ɛt,ɪzɛt,ʊzɛt
ɪz.ɛk,ʊz.ɛk,ɪzɛk,ʊzɛk
ɪz.ɛb,ʊz.ɛb,ɪzɛb,ʊzɛb
ɪz.ɛd,ʊz.ɛd,ɪzɛd,ʊzɛd
ɪz.ɛg,ʊz.ɛg,ɪzɛg,ʊzɛg
ɪz.ɛf,ʊz.ɛf,ɪzɛf,ʊzɛf
ɪz.ɛs,ʊz.ɛs,ɪzɛs,ʊzɛs
ɪz.ɛv,ʊz.ɛv,ɪzɛv,ʊzɛv
ɪz.ɛz,ʊz.ɛz,ɪzɛz,ʊzɛz
ɪz.ɛʃ,ʊz.ɛʃ,ɪzɛʃ,ʊzɛʃ
ɪz.ɛʒ,ʊz.ɛʒ,ɪzɛʒ,ʊzɛʒ
ɪz.ɛθ,ʊz.ɛθ,ɪzɛθ,ʊzɛθ
ɪz.ɛð,ʊz.ɛð,ɪzɛð,ʊzɛð
ɪz.ʊm,ʊz.ʊm,ɪzʊm,ʊzʊm
ɪz.ʊn,ʊz.ʊn,ɪzʊn,ʊzʊn
ɪz.ʊŋ,ʊz.ʊŋ,ɪzʊŋ,ʊzʊŋ
ɪz.ʊp,ʊz.ʊp,ɪzʊp,ʊzʊp
ɪz.ʊt,ʊz.ʊt,ɪzʊt,ʊzʊt
ɪz.ʊk,ʊz.ʊk,ɪzʊk,ʊzʊk
ɪz.ʊb,ʊz.ʊb,ɪzʊb,ʊzʊb
ɪz.ʊd,ʊz.ʊd,ɪzʊd,ʊzʊd
ɪz.ʊg,ʊz.ʊg,ɪzʊg,ʊzʊg
ɪz.ʊf,ʊz.ʊf,ɪzʊf,ʊzʊf
ɪz.ʊs,ʊz.ʊs,ɪzʊs,ʊzʊs
ɪz.ʊv,ʊz.ʊv,ɪzʊv,ʊzʊv
ɪz.ʊz,ʊz.ʊz,ɪzʊz,ʊzʊz
ɪz.ʊʃ,ʊz.ʊʃ,ɪzʊʃ,ʊzʊʃ
ɪz.ʊʒ,ʊz.ʊʒ,ɪzʊʒ,ʊzʊʒ
ɪz.ʊθ,ʊz.ʊθ,ɪzʊθ,ʊzʊθ
ɪz.ʊð,ʊz.ʊð,ɪzʊð,ʊzʊð
ɪz.ɔm,ʊz.ɔm,ɪzɔm,ʊzɔm
ɪz.ɔn,ʊz.ɔn,ɪzɔn,ʊzɔn
ɪz.ɔŋ,ʊz.ɔŋ,ɪzɔŋ,ʊzɔŋ
ɪz.ɔp,ʊz.ɔp,ɪzɔp,ʊzɔp
ɪz.ɔt,ʊz.ɔt,ɪzɔt,ʊzɔt
ɪz.ɔk,ʊz.ɔk,ɪzɔk,ʊzɔk
ɪz.ɔb,ʊz.ɔb,ɪzɔb,ʊzɔb
ɪz.ɔd,ʊz.ɔd,ɪzɔd,ʊzɔd
ɪz.ɔg,ʊz.ɔg,ɪzɔg,ʊzɔg
ɪz.ɔf,ʊz.ɔf,ɪzɔf,ʊzɔf
ɪz.ɔs,ʊz.ɔs,ɪzɔs,ʊzɔs
ɪz.ɔv,ʊz.ɔv,ɪzɔv,ʊzɔv
ɪz.ɔz,ʊz.ɔz,ɪzɔz,ʊzɔz
ɪz.ɔʃ,ʊz.ɔʃ,ɪzɔʃ,ʊzɔʃ
ɪz.ɔʒ,ʊz.ɔʒ,ɪzɔʒ,ʊzɔʒ
ɪz.ɔθ,ʊz.ɔθ,ɪzɔθ,ʊzɔθ
ɪz.ɔð,ʊz.ɔð,ɪzɔð,ʊzɔð
ɪʃ.ɪm,ʊʃ.ɪm,ɪʃɪm,ʊʃɪm
ɪʃ.ɪn,ʊʃ.ɪn,ɪʃɪn,ʊʃɪn
ɪʃ.ɪŋ,ʊʃ.ɪŋ,ɪʃɪŋ,ʊʃɪŋ
ɪʃ.ɪp,ʊʃ.ɪp,ɪʃɪp,ʊʃɪp
ɪʃ.ɪt,ʊʃ.ɪt,ɪʃɪt,ʊʃɪt
ɪʃ.ɪk,ʊʃ.ɪk,ɪʃɪk,ʊʃɪk
ɪʃ.ɪb,ʊʃ.ɪb,ɪʃɪb,ʊʃɪb
ɪʃ.ɪd,ʊʃ.ɪd,ɪʃɪd,ʊʃɪd
ɪʃ.ɪg,ʊʃ.ɪg,ɪʃɪg,ʊʃɪg
ɪʃ.ɪf,ʊʃ.ɪf,ɪʃɪf,ʊʃɪf
ɪʃ.ɪs,ʊʃ.ɪs,ɪʃɪs,ʊʃɪs
ɪʃ.ɪv,ʊʃ.ɪv,ɪʃɪv,ʊʃɪv
ɪʃ.ɪz,ʊʃ.ɪz,ɪʃɪz,ʊʃɪz
ɪʃ.ɪʃ,ʊʃ.ɪʃ,ɪʃɪʃ,ʊʃɪʃ
ɪʃ.ɪʒ,ʊʃ.ɪʒ,ɪʃɪʒ,ʊʃɪʒ
ɪʃ.ɪθ,ʊʃ.ɪθ,ɪʃɪθ,ʊʃɪθ
ɪʃ.ɪð,ʊʃ.ɪð,ɪʃɪð,ʊʃɪð
ɪʃ.ɛm,ʊʃ.ɛm,ɪʃɛm,ʊʃɛm
ɪʃ.ɛn,ʊʃ.ɛn,ɪʃɛn,ʊʃɛn
ɪʃ.ɛŋ,ʊʃ.ɛŋ,ɪʃɛŋ,ʊʃɛŋ
ɪʃ.ɛp,ʊʃ.ɛp,ɪʃɛp,ʊʃɛp
ɪʃ.ɛt,ʊʃ.ɛt,ɪʃɛt,ʊʃɛt
ɪʃ.ɛk,ʊʃ.ɛk,ɪʃɛk,ʊʃɛk
ɪʃ.ɛb,ʊʃ.ɛb,ɪʃɛb,ʊʃɛb
ɪʃ.ɛd,ʊʃ.ɛd,ɪʃɛd,ʊʃɛd
ɪʃ.ɛg,ʊʃ.ɛg,ɪʃɛg,ʊʃɛg
ɪʃ.ɛf,ʊʃ.ɛf,ɪʃɛf,ʊʃɛf
ɪʃ.ɛs,ʊʃ.ɛs,ɪʃɛs,ʊʃɛs
ɪʃ.ɛv,ʊʃ.ɛv,ɪʃɛv,ʊʃɛv
ɪʃ.ɛz,ʊʃ.ɛz,ɪʃɛz,ʊʃɛz
ɪʃ.ɛʃ,ʊʃ.ɛʃ,ɪʃɛʃ,ʊʃɛʃ
ɪʃ.ɛʒ,ʊʃ.ɛʒ,ɪʃɛʒ,ʊʃɛʒ
ɪʃ.ɛθ,ʊʃ.ɛθ,ɪʃɛθ,ʊʃɛθ
ɪʃ.ɛð,ʊʃ.ɛð,ɪʃɛð,ʊʃɛð
ɪʃ.ʊm,ʊʃ.ʊm,ɪʃʊm,ʊʃʊm
ɪʃ.ʊn,ʊʃ.ʊn,ɪʃʊn,ʊʃʊn
ɪʃ.ʊŋ,ʊʃ.ʊŋ,ɪʃʊŋ,ʊʃʊŋ
ɪʃ.ʊp,ʊʃ.ʊp,ɪʃʊp,ʊʃʊp
ɪʃ.ʊt,ʊʃ.ʊt,ɪʃʊt,ʊʃʊt
ɪʃ.ʊk,ʊʃ.ʊk,ɪʃʊk,ʊʃʊk
ɪʃ.ʊb,ʊʃ.ʊb,ɪʃʊb,ʊʃʊb
ɪʃ.ʊd,ʊʃ.ʊd,ɪʃʊd,ʊʃʊd
ɪʃ.ʊg,ʊʃ.ʊg,ɪʃʊg,ʊʃʊg
ɪʃ.ʊf,ʊʃ.ʊf,ɪʃʊf,ʊʃʊf
ɪʃ.ʊs,ʊʃ.ʊs,ɪʃʊs,ʊʃʊs
ɪʃ.ʊv,ʊʃ.ʊv,ɪʃʊv,ʊʃʊv
ɪʃ.ʊz,ʊʃ.ʊz,ɪʃʊz,ʊʃʊz
ɪʃ.ʊʃ,ʊʃ.ʊʃ,ɪʃʊʃ,ʊʃʊʃ
ɪʃ.ʊʒ,ʊʃ.ʊʒ,ɪʃʊʒ,ʊʃʊʒ
ɪʃ.ʊθ,ʊʃ.ʊθ,ɪʃʊθ,ʊʃʊθ
ɪʃ.ʊð,ʊʃ.ʊð,ɪʃʊð,ʊʃʊð
ɪʃ.ɔm,ʊʃ.ɔm,ɪʃɔm,ʊʃɔm
ɪʃ.ɔn,ʊʃ.ɔn,ɪʃɔn,ʊʃɔn
ɪʃ.ɔŋ,ʊʃ.ɔŋ,ɪʃɔŋ,ʊʃɔŋ
ɪʃ.ɔp,ʊʃ.ɔp,ɪʃɔp,ʊʃɔp
ɪʃ.ɔt,ʊʃ.ɔt,ɪʃɔt,ʊʃɔt
ɪʃ.ɔk,ʊʃ.ɔk,ɪʃɔk,ʊʃɔk
ɪʃ.ɔb,ʊʃ.ɔb,ɪʃɔb,ʊʃɔb
ɪʃ.ɔd,ʊʃ.ɔd,ɪʃɔd,ʊʃɔd
ɪʃ.ɔg,ʊʃ.ɔg,ɪʃɔg,ʊʃɔg
ɪʃ.ɔf,ʊʃ.ɔf,ɪʃɔf,ʊʃɔf
ɪʃ.ɔs,ʊʃ.ɔs,ɪʃɔs,ʊʃɔs
ɪʃ.ɔv,ʊʃ.ɔv,ɪʃɔv,ʊʃɔv
ɪʃ.ɔz,ʊʃ.ɔz,ɪʃɔz,ʊʃɔz
ɪʃ.ɔʃ,ʊʃ.ɔʃ,ɪʃɔʃ,ʊʃɔʃ
ɪʃ.ɔʒ,ʊʃ.ɔʒ,ɪʃɔʒ,ʊʃɔʒ
ɪʃ.ɔθ,ʊʃ.ɔθ,ɪʃɔθ,ʊʃɔθ
ɪʃ.ɔð,ʊʃ.ɔð,ɪʃɔð,ʊʃɔð
ɪʒ.ɪm,ʊʒ.ɪm,ɪʒɪm,ʊʒɪm
ɪʒ.ɪn,ʊʒ.ɪn,ɪʒɪn,ʊʒɪn
ɪʒ.ɪŋ,ʊʒ.ɪŋ,ɪʒɪŋ,ʊʒɪŋ
ɪʒ.ɪp,ʊʒ.ɪp,ɪʒɪp,ʊʒɪp
ɪʒ.ɪt,ʊʒ.ɪt,ɪʒɪt,ʊʒɪt
ɪʒ.ɪk,ʊʒ.ɪk,ɪʒɪk,ʊʒɪk
ɪʒ.ɪb,ʊʒ.ɪb,ɪʒɪb,ʊʒɪb
ɪʒ.ɪd,ʊʒ.ɪd,ɪʒɪd,ʊʒɪd
ɪʒ.ɪg,ʊʒ.ɪg,ɪʒɪg,ʊʒɪg
ɪʒ.ɪf,ʊʒ.ɪf,ɪʒɪf,ʊʒɪf
ɪʒ.ɪs,ʊʒ.ɪs,ɪʒɪs,ʊʒɪs
ɪʒ.ɪv,ʊʒ.ɪv,ɪʒɪv,ʊʒɪv
ɪʒ.ɪz,ʊʒ.ɪz,ɪʒɪz,ʊʒɪz
ɪʒ.ɪʃ,ʊʒ.ɪʃ,ɪʒɪʃ,ʊʒɪʃ
ɪʒ.ɪʒ,ʊʒ.ɪʒ,ɪʒɪʒ,ʊʒɪʒ
ɪʒ.ɪθ,ʊʒ.ɪθ,ɪʒɪθ,ʊʒɪθ
ɪʒ.ɪð,ʊʒ.ɪð,ɪʒɪð,ʊʒɪð
ɪʒ.ɛm,ʊʒ.ɛm,ɪʒɛm,ʊʒɛm
ɪʒ.ɛn,ʊʒ.ɛn,ɪʒɛn,ʊʒɛn
ɪʒ.ɛŋ,ʊʒ.ɛŋ,ɪʒɛŋ,ʊʒɛŋ
ɪʒ.ɛp,ʊʒ.ɛp,ɪʒɛp,ʊʒɛp
ɪʒ.ɛt,ʊʒ.ɛt,ɪʒɛt,ʊʒɛt
ɪʒ.ɛk,ʊʒ.ɛk,ɪʒɛk,ʊʒɛk
ɪʒ.ɛb,ʊʒ.ɛb,ɪʒɛb,ʊʒɛb
ɪʒ.ɛd,ʊʒ.ɛd,ɪʒɛd,ʊʒɛd
ɪʒ.ɛg,ʊʒ.ɛg,ɪʒɛg,ʊʒɛg
ɪʒ.ɛf,ʊʒ.ɛf,ɪʒɛf,ʊʒɛf
ɪʒ.ɛs,ʊʒ.ɛs,ɪʒɛs,ʊʒɛs
ɪʒ.ɛv,ʊʒ.ɛv,ɪʒɛv,ʊʒɛv
ɪʒ.ɛz,ʊʒ.ɛz,ɪʒɛz,ʊʒɛz
ɪʒ.ɛʃ,ʊʒ.ɛʃ,ɪʒɛʃ,ʊʒɛʃ
ɪʒ.ɛʒ,ʊʒ.ɛʒ,ɪʒɛʒ,ʊʒɛʒ
ɪʒ.ɛθ,ʊʒ.ɛθ,ɪʒɛθ,ʊʒɛθ
ɪʒ.ɛð,ʊʒ.ɛð,ɪʒɛð,ʊʒɛð
ɪʒ.ʊm,ʊʒ.ʊm,ɪʒʊm,ʊʒʊm
ɪʒ.ʊn,ʊʒ.ʊn,ɪʒʊn,ʊʒʊn
ɪʒ.ʊŋ,ʊʒ.ʊŋ,ɪʒʊŋ,ʊʒʊŋ
ɪʒ.ʊp,ʊʒ.ʊp,ɪʒʊp,ʊʒʊp
ɪʒ.ʊt,ʊʒ.ʊt,ɪʒʊt,ʊʒʊt
ɪʒ.ʊk,ʊʒ.ʊk,ɪʒʊk,ʊʒʊk
ɪʒ.ʊb,ʊʒ.ʊb,ɪʒʊb,ʊʒʊb
ɪʒ.ʊd,ʊʒ.ʊd,ɪʒʊd,ʊʒʊd
ɪʒ.ʊg,ʊʒ.ʊg,ɪʒʊg,ʊʒʊg
ɪʒ.ʊf,ʊʒ.ʊf,ɪʒʊf,ʊʒʊf
ɪʒ.ʊs,ʊʒ.ʊs,ɪʒʊs,ʊʒʊs
ɪʒ.ʊv,ʊʒ.ʊv,ɪʒʊv,ʊʒʊv
ɪʒ.ʊz,ʊʒ.ʊz,ɪʒʊz,ʊʒʊz
ɪʒ.ʊʃ,ʊʒ.ʊʃ,ɪʒʊʃ,ʊʒʊʃ
ɪʒ.ʊʒ,ʊʒ.ʊʒ,ɪʒʊʒ,ʊʒʊʒ
ɪʒ.ʊθ,ʊʒ.ʊθ,ɪʒʊθ,ʊʒʊθ
ɪʒ.ʊð,ʊʒ.ʊð,ɪʒʊð,ʊʒʊð
ɪʒ.ɔm,ʊʒ.ɔm,ɪʒɔm,ʊʒɔm
ɪʒ.ɔn,ʊʒ.ɔn,ɪʒɔn,ʊʒɔn
ɪʒ.ɔŋ,ʊʒ.ɔŋ,ɪʒɔŋ,ʊʒɔŋ
ɪʒ.ɔp,ʊʒ.ɔp,ɪʒɔp,ʊʒɔp
ɪʒ.ɔt,ʊʒ.ɔt,ɪʒɔt,ʊʒɔt
ɪʒ.ɔk,ʊʒ.ɔk,ɪʒɔk,ʊʒɔk
ɪʒ.ɔb,ʊʒ.ɔb,ɪʒɔb,ʊʒɔb
ɪʒ.ɔd,ʊʒ.ɔd,ɪʒɔd,ʊʒɔd
ɪʒ.ɔg,ʊʒ.ɔg,ɪʒɔg,ʊʒɔg
ɪʒ.ɔf,ʊʒ.ɔf,ɪʒɔf,ʊʒɔf
ɪʒ.ɔs,ʊʒ.ɔs,ɪʒɔs,ʊʒɔs
ɪʒ.ɔv,ʊʒ.ɔv,ɪʒɔv,ʊʒɔv
ɪʒ.ɔz,ʊʒ.ɔz,ɪʒɔz,ʊʒɔz
ɪʒ.ɔʃ,ʊʒ.ɔʃ,ɪʒɔʃ,ʊʒɔʃ
ɪʒ.ɔʒ,ʊʒ.ɔʒ,ɪʒɔʒ,ʊʒɔʒ
ɪʒ.ɔθ,ʊʒ.ɔθ,ɪʒɔθ,ʊʒɔθ
ɪʒ.ɔð,ʊʒ.ɔð,ɪʒɔð,ʊʒɔð
ɪθ.ɪm,ʊθ.ɪm,ɪθɪm,ʊθɪm
ɪθ.ɪn,ʊθ.ɪn,ɪθɪn,ʊθɪn
ɪθ.ɪŋ,ʊθ.ɪŋ,ɪθɪŋ,ʊθɪŋ
ɪθ.ɪp,ʊθ.ɪp,ɪθɪp,ʊθɪp
ɪθ.ɪt,ʊθ.ɪt,ɪθɪt,ʊθɪt
ɪθ.ɪk,ʊθ.ɪk,ɪθɪk,ʊθɪk
ɪθ.ɪb,ʊθ.ɪb,ɪθɪb,ʊθɪb
ɪθ.ɪd,ʊθ.ɪd,ɪθɪd,ʊθɪd
ɪθ.ɪg,ʊθ.ɪg,ɪθɪg,ʊθɪg
ɪθ.ɪf,ʊθ.ɪf,ɪθɪf,ʊθɪf
ɪθ.ɪs,ʊθ.ɪs,ɪθɪs,ʊθɪs
ɪθ.ɪv,ʊθ.ɪv,ɪθɪv,ʊθɪv
ɪθ.ɪz,ʊθ.ɪz,ɪθɪz,ʊθɪz
ɪθ.ɪʃ,ʊθ.ɪʃ,ɪθɪʃ,ʊθɪʃ
ɪθ.ɪʒ,ʊθ.ɪʒ,ɪθɪʒ,ʊθɪʒ
ɪθ.ɪθ,ʊθ.ɪθ,ɪθɪθ,ʊθɪθ
ɪθ.ɪð,ʊθ.ɪð,ɪθɪð,ʊθɪð
ɪθ.ɛm,ʊθ.ɛm,ɪθɛm,ʊθɛm
ɪθ.ɛn,ʊθ.ɛn,ɪθɛn,ʊθɛn
ɪθ.ɛŋ,ʊθ.ɛŋ,ɪθɛŋ,ʊθɛŋ
ɪθ.ɛp,ʊθ.ɛp,ɪθɛp,ʊθɛp
ɪθ.ɛt,ʊθ.ɛt,ɪθɛt,ʊθɛt
ɪθ.ɛk,ʊθ.ɛk,ɪθɛk,ʊθɛk
ɪθ.ɛb,ʊθ.ɛb,ɪθɛb,ʊθɛb
ɪθ.ɛd,ʊθ.ɛd,ɪθɛd,ʊθɛd
ɪθ.ɛg,ʊθ.ɛg,ɪθɛg,ʊθɛg
ɪθ.ɛf,ʊθ.ɛf,ɪθɛf,ʊθɛf
ɪθ.ɛs,ʊθ.ɛs,ɪθɛs,ʊθɛs
ɪθ.ɛv,ʊθ.ɛv,ɪθɛv,ʊθɛv
ɪθ.ɛz,ʊθ.ɛz,ɪθɛz,ʊθɛz
ɪθ.ɛʃ,ʊθ.ɛʃ,ɪθɛʃ,ʊθɛʃ
ɪθ.ɛʒ,ʊθ.ɛʒ,ɪθɛʒ,ʊθɛʒ
ɪθ.ɛθ,ʊθ.ɛθ,ɪθɛθ,ʊθɛθ
ɪθ.ɛð,ʊθ.ɛð,ɪθɛð,ʊθɛð
ɪθ.ʊm,ʊθ.ʊm,ɪθʊm,ʊθʊm
ɪθ.ʊn,ʊθ.ʊn,ɪθʊn,ʊθʊn
ɪθ.ʊŋ,ʊθ.ʊŋ,ɪθʊŋ,ʊθʊŋ
ɪθ.ʊp,ʊθ.ʊp,ɪθʊp,ʊθʊp
ɪθ.ʊt,ʊθ.ʊt,ɪθʊt,ʊθʊt
ɪθ.ʊk,ʊθ.ʊk,ɪθʊk,ʊθʊk
ɪθ.ʊb,ʊθ.ʊb,ɪθʊb,ʊθʊb
ɪθ.ʊd,ʊθ.ʊd,ɪθʊd,ʊθʊd
ɪθ.ʊg,ʊθ.ʊg,ɪθʊg,ʊθʊg
ɪθ.ʊf,ʊθ.ʊf,ɪθʊf,ʊθʊf
ɪθ.ʊs,ʊθ.ʊs,ɪθʊs,ʊθʊs
ɪθ.ʊv,ʊθ.ʊv,ɪθʊv,ʊθʊv
ɪθ.ʊz,ʊθ.ʊz,ɪθʊz,ʊθʊz
ɪθ.ʊʃ,ʊθ.ʊʃ,ɪθʊʃ,ʊθʊʃ
ɪθ.ʊʒ,ʊθ.ʊʒ,ɪθʊʒ,ʊθʊʒ
ɪθ.ʊθ,ʊθ.ʊθ,ɪθʊθ,ʊθʊθ
ɪθ.ʊð,ʊθ.ʊð,ɪθʊð,ʊθʊð
ɪθ.ɔm,ʊθ.ɔm,ɪθɔm,ʊθɔm
ɪθ.ɔn,ʊθ.ɔn,ɪθɔn,ʊθɔn
ɪθ.ɔŋ,ʊθ.ɔŋ,ɪθɔŋ,ʊθɔŋ
ɪθ.ɔp,ʊθ.ɔp,ɪθɔp,ʊθɔp
ɪθ.ɔt,ʊθ.ɔt,ɪθɔt,ʊθɔt
ɪθ.ɔk,ʊθ.ɔk,ɪθɔk,ʊθɔk
ɪθ.ɔb,ʊθ.ɔb,ɪθɔb,ʊθɔb
ɪθ.ɔd,ʊθ.ɔd,ɪθɔd,ʊθɔd
ɪθ.ɔg,ʊθ.ɔg,ɪθɔg,ʊθɔg
ɪθ.ɔf,ʊθ.ɔf,ɪθɔf,ʊθɔf
ɪθ.ɔs,ʊθ.ɔs,ɪθɔs,ʊθɔs
ɪθ.ɔv,ʊθ.ɔv,ɪθɔv,ʊθɔv
ɪθ.ɔz,ʊθ.ɔz,ɪθɔz,ʊθɔz
ɪθ.ɔʃ,ʊθ.ɔʃ,ɪθɔʃ,ʊθɔʃ
ɪθ.ɔʒ,ʊθ.ɔʒ,ɪθɔʒ,ʊθɔʒ
ɪθ.ɔθ,ʊθ.ɔθ,ɪθɔθ,ʊθɔθ
ɪθ.ɔð,ʊθ.ɔð,ɪθɔð,ʊθɔð
ɪð.ɪm,ʊð.ɪm,ɪðɪm,ʊðɪm
ɪð.ɪn,ʊð.ɪn,ɪðɪn,ʊðɪn
ɪð.ɪŋ,ʊð.ɪŋ,ɪðɪŋ,ʊðɪŋ
ɪð.ɪp,ʊð.ɪp,ɪðɪp,ʊðɪp
ɪð.ɪt,ʊð.ɪt,ɪðɪt,ʊðɪt
ɪð.ɪk,ʊð.ɪk,ɪðɪk,ʊðɪk
ɪð.ɪb,ʊð.ɪb,ɪðɪb,ʊðɪb
ɪð.ɪd,ʊð.ɪd,ɪðɪd,ʊðɪd
ɪð.ɪg,ʊð.ɪg,ɪðɪg,ʊðɪg
ɪð.ɪf,ʊð.ɪf,ɪðɪf,ʊðɪf
ɪð.ɪs,ʊð.ɪs,ɪðɪs,ʊðɪs
ɪð.ɪv,ʊð.ɪv,ɪðɪv,ʊðɪv
ɪð.ɪz,ʊð.ɪz,ɪðɪz,ʊðɪz
ɪð.ɪʃ,ʊð.ɪʃ,ɪðɪʃ,ʊðɪʃ
ɪð.ɪʒ,ʊð.ɪʒ,ɪðɪʒ,ʊðɪʒ
ɪð.ɪθ,ʊð.ɪθ,ɪðɪθ,ʊðɪθ
ɪð.ɪð,ʊð.ɪð,ɪðɪð,ʊðɪð
ɪð.ɛm,ʊð.ɛm,ɪðɛm,ʊðɛm
ɪð.ɛn,ʊð.ɛn,ɪðɛn,ʊðɛn
ɪð.ɛŋ,ʊð.ɛŋ,ɪðɛŋ,ʊðɛŋ
ɪð.ɛp,ʊð.ɛp,ɪðɛp,ʊðɛp
ɪð.ɛt,ʊð.ɛt,ɪðɛt,ʊðɛt
ɪð.ɛk,ʊð.ɛk,ɪðɛk,ʊðɛk
ɪð.ɛb,ʊð.ɛb,ɪðɛb,ʊðɛb
ɪð.ɛd,ʊð.ɛd,ɪðɛd,ʊðɛd
ɪð.ɛg,ʊð.ɛg,ɪðɛg,ʊðɛg
ɪð.ɛf,ʊð.ɛf,ɪðɛf,ʊðɛf
ɪð.ɛs,ʊð.ɛs,ɪðɛs,ʊðɛs
ɪð.ɛv,ʊð.ɛv,ɪðɛv,ʊðɛv
ɪð.ɛz,ʊð.ɛz,ɪðɛz,ʊðɛz
ɪð.ɛʃ,ʊð.ɛʃ,ɪðɛʃ,ʊðɛʃ
ɪð.ɛʒ,ʊð.ɛʒ,ɪðɛʒ,ʊðɛʒ
ɪð.ɛθ,ʊð.ɛθ,ɪðɛθ,ʊðɛθ
ɪð.ɛð,ʊð.ɛð,ɪðɛð,ʊðɛð
ɪð.ʊm,ʊð.ʊm,ɪðʊm,ʊðʊm
ɪð.ʊn,ʊð.ʊn,ɪðʊn,ʊðʊn
ɪð.ʊŋ,ʊð.ʊŋ,ɪðʊŋ,ʊðʊŋ
ɪð.ʊp,ʊð.ʊp,ɪðʊp,ʊðʊp
ɪð.ʊt,ʊð.ʊt,ɪðʊt,ʊðʊt
ɪð.ʊk,ʊð.ʊk,ɪðʊk,ʊðʊk
ɪð.ʊb,ʊð.ʊb,ɪðʊb,ʊðʊb
ɪð.ʊd,ʊð.ʊd,ɪðʊd,ʊðʊd
ɪð.ʊg,ʊð.ʊg,ɪðʊg,ʊðʊg
ɪð.ʊf,ʊð.ʊf,ɪðʊf,ʊðʊf
ɪð.ʊs,ʊð.ʊs,ɪðʊs,ʊðʊs
ɪð.ʊv,ʊð.ʊv,ɪðʊv,ʊðʊv
ɪð.ʊz,ʊð.ʊz,ɪðʊz,ʊðʊz
ɪð.ʊʃ,ʊð.ʊʃ,ɪðʊʃ,ʊðʊʃ
ɪð.ʊʒ,ʊð.ʊʒ,ɪðʊʒ,ʊðʊʒ
ɪð.ʊθ,ʊð.ʊθ,ɪðʊθ,ʊðʊθ
ɪð.ʊð,ʊð.ʊð,ɪðʊð,ʊðʊð
ɪð.ɔm,ʊð.ɔm,ɪðɔm,ʊðɔm
ɪð.ɔn,ʊð.ɔn,ɪðɔn,ʊðɔn
ɪð.ɔŋ,ʊð.ɔŋ,ɪðɔŋ,ʊðɔŋ
ɪð.ɔp,ʊð.ɔp,ɪðɔp,ʊðɔp
ɪð.ɔt,ʊð.ɔt,ɪðɔt,ʊðɔt
ɪð.ɔk,ʊð.ɔk,ɪðɔk,ʊðɔk
ɪð.ɔb,ʊð.ɔb,ɪðɔb,ʊðɔb
ɪð.ɔd,ʊð.ɔd,ɪðɔd,ʊðɔd
ɪð.ɔg,ʊð.ɔg,ɪðɔg,ʊðɔg
ɪð.ɔf,ʊð.ɔf,ɪðɔf,ʊðɔf
ɪð.ɔs,ʊð.ɔs,ɪðɔs,ʊðɔs
ɪð.ɔv,ʊð.ɔv,ɪðɔv,ʊðɔv
ɪð.ɔz,ʊð.ɔz,ɪðɔz,ʊðɔz
ɪð.ɔʃ,ʊð.ɔʃ,ɪðɔʃ,ʊðɔʃ
ɪð.ɔʒ,ʊð.ɔʒ,ɪðɔʒ,ʊðɔʒ
ɪð.ɔθ,ʊð.ɔθ,ɪðɔθ,ʊðɔθ
ɪð.ɔð,ʊð.ɔð,ɪðɔð,ʊðɔð
ɛm.ɪm,ɔm.ɪm,ɛmɪm,ɔmɪm
ɛm.ɪn,ɔm.ɪn,ɛmɪn,ɔmɪn
ɛm.ɪŋ,ɔm.ɪŋ,ɛmɪŋ,ɔmɪŋ
ɛm.ɪp,ɔm.ɪp,ɛmɪp,ɔmɪp
ɛm.ɪt,ɔm.ɪt,ɛmɪt,ɔmɪt
ɛm.ɪk,ɔm.ɪk,ɛmɪk,ɔmɪk
ɛm.ɪb,ɔm.ɪb,ɛmɪb,ɔmɪb
ɛm.ɪd,ɔm.ɪd,ɛmɪd,ɔmɪd
ɛm.ɪg,ɔm.ɪg,ɛmɪg,ɔmɪg
ɛm.ɪf,ɔm.ɪf,ɛmɪf,ɔmɪf
ɛm.ɪs,ɔm.ɪs,ɛmɪs,ɔmɪs
ɛm.ɪv,ɔm.ɪv,ɛmɪv,ɔmɪv
ɛm.ɪz,ɔm.ɪz,ɛmɪz,ɔmɪz
ɛm.ɪʃ,ɔm.ɪʃ,ɛmɪʃ,ɔmɪʃ
ɛm.ɪʒ,ɔm.ɪʒ,ɛmɪʒ,ɔmɪʒ
ɛm.ɪθ,ɔm.ɪθ,ɛmɪθ,ɔmɪθ
ɛm.ɪð,ɔm.ɪð,ɛmɪð,ɔmɪð
ɛm.ɛm,ɔm.ɛm,ɛmɛm,ɔmɛm
ɛm.ɛn,ɔm.ɛn,ɛmɛn,ɔmɛn
ɛm.ɛŋ,ɔm.ɛŋ,ɛmɛŋ,ɔmɛŋ
ɛm.ɛp,ɔm.ɛp,ɛmɛp,ɔmɛp
ɛm.ɛt,ɔm.ɛt,ɛmɛt,ɔmɛt
ɛm.ɛk,ɔm.ɛk,ɛmɛk,ɔmɛk
ɛm.ɛb,ɔm.ɛb,ɛmɛb,ɔmɛb
ɛm.ɛd,ɔm.ɛd,ɛmɛd,ɔmɛd
ɛm.ɛg,ɔm.ɛg,ɛmɛg,ɔmɛg
ɛm.ɛf,ɔm.ɛf,ɛmɛf,ɔmɛf
ɛm.ɛs,ɔm.ɛs,ɛmɛs,ɔmɛs
ɛm.ɛv,ɔm.ɛv,ɛmɛv,ɔmɛv
ɛm.ɛz,ɔm.ɛz,ɛmɛz,ɔmɛz
ɛm.ɛʃ,ɔm.ɛʃ,ɛmɛʃ,ɔmɛʃ
ɛm.ɛʒ,ɔm.ɛʒ,ɛmɛʒ,ɔmɛʒ
ɛm.ɛθ,ɔm.ɛθ,ɛmɛθ,ɔmɛθ
ɛm.ɛð,ɔm.ɛð,ɛmɛð,ɔmɛð
ɛm.ʊm,ɔm.ʊm,ɛmʊm,ɔmʊm
ɛm.ʊn,ɔm.ʊn,ɛmʊn,ɔmʊn
ɛm.ʊŋ,ɔm.ʊŋ,ɛmʊŋ,ɔmʊŋ
ɛm.ʊp,ɔm.ʊp,ɛmʊp,ɔmʊp
ɛm.ʊt,ɔm.ʊt,ɛmʊt,ɔmʊt
ɛm.ʊk,ɔm.ʊk,ɛmʊk,ɔmʊk
ɛm.ʊb,ɔm.ʊb,ɛmʊb,ɔmʊb
ɛm.ʊd,ɔm.ʊd,ɛmʊd,ɔmʊd
ɛm.ʊg,ɔm.ʊg,ɛmʊg,ɔmʊg
ɛm.ʊf,ɔm.ʊf,ɛmʊf,ɔmʊf
ɛm.ʊs,ɔm.ʊs,ɛmʊs,ɔmʊs
ɛm.ʊv,ɔm.ʊv,ɛmʊv,ɔmʊv
ɛm.ʊz,ɔm.ʊz,ɛmʊz,ɔmʊz
ɛm.ʊʃ,ɔm.ʊʃ,ɛmʊʃ,ɔmʊʃ
ɛm.ʊʒ,ɔm.ʊʒ,ɛmʊʒ,ɔmʊʒ
ɛm.ʊθ,ɔm.ʊθ,ɛmʊθ,ɔmʊθ
ɛm.ʊð,ɔm.ʊð,ɛmʊð,ɔmʊð
ɛm.ɔm,ɔm.ɔm,ɛmɔm,ɔmɔm
ɛm.ɔn,ɔm.ɔn,ɛmɔn,ɔmɔn
ɛm.ɔŋ,ɔm.ɔŋ,ɛmɔŋ,ɔmɔŋ
ɛm.ɔp,ɔm.ɔp,ɛmɔp,ɔmɔp
ɛm.ɔt,ɔm.ɔt,ɛmɔt,ɔmɔt
ɛm.ɔk,ɔm.ɔk,ɛmɔk,ɔmɔk
ɛm.ɔb,ɔm.ɔb,ɛmɔb,ɔmɔb
ɛm.ɔd,ɔm.ɔd,ɛmɔd,ɔmɔd
ɛm.ɔg,ɔm.ɔg,ɛmɔg,ɔmɔg
ɛm.ɔf,ɔm.ɔf,ɛmɔf,ɔmɔf
ɛm.ɔs,ɔm.ɔs,ɛmɔs,ɔmɔs
ɛm.ɔv,ɔm.ɔv,ɛmɔv,ɔmɔv
ɛm.ɔz,ɔm.ɔz,ɛmɔz,ɔmɔz
ɛm.ɔʃ,ɔm.ɔʃ,ɛmɔʃ,ɔmɔʃ
ɛm.ɔʒ,ɔm.ɔʒ,ɛmɔʒ,ɔmɔʒ
ɛm.ɔθ,ɔm.ɔθ,ɛmɔθ,ɔmɔθ
ɛm.ɔð,ɔm.ɔð,ɛmɔð,ɔmɔð
ɛn.ɪm,ɔn.ɪm,ɛnɪm,ɔnɪm
ɛn.ɪn,ɔn.ɪn,ɛnɪn,ɔnɪn
ɛn.ɪŋ,ɔn.ɪŋ,ɛnɪŋ,ɔnɪŋ
ɛn.ɪp,ɔn.ɪp,ɛnɪp,ɔnɪp
ɛn.ɪt,ɔn.ɪt,ɛnɪt,ɔnɪt
ɛn.ɪk,ɔn.ɪk,ɛnɪk,ɔnɪk
ɛn.ɪb,ɔn.ɪb,ɛnɪb,ɔnɪb
ɛn.ɪd,ɔn.ɪd,ɛnɪd,ɔnɪd
ɛn.ɪg,ɔn.ɪg,ɛnɪg,ɔnɪg
ɛn.ɪf,ɔn.ɪf,ɛnɪf,ɔnɪf
ɛn.ɪs,ɔn.ɪs,ɛnɪs,ɔnɪs
ɛn.ɪv,ɔn.ɪv,ɛnɪv,ɔnɪv
ɛn.ɪz,ɔn.ɪz,ɛnɪz,ɔnɪz
ɛn.ɪʃ,ɔn.ɪʃ,ɛnɪʃ,ɔnɪʃ
ɛn.ɪʒ,ɔn.ɪʒ,ɛnɪʒ,ɔnɪʒ
ɛn.ɪθ,ɔn.ɪθ,ɛnɪθ,ɔnɪθ
ɛn.ɪð,ɔn.ɪð,ɛnɪð,ɔnɪð
ɛn.ɛm,ɔn.ɛm,ɛnɛm,ɔnɛm
ɛn.ɛn,ɔn.ɛn,ɛnɛn,ɔnɛn
ɛn.ɛŋ,ɔn.ɛŋ,ɛnɛŋ,ɔnɛŋ
ɛn.ɛp,ɔn.ɛp,ɛnɛp,ɔnɛp
ɛn.ɛt,ɔn.ɛt,ɛnɛt,ɔnɛt
ɛn.ɛk,ɔn.ɛk,ɛnɛk,ɔnɛk
ɛn.ɛb,ɔn.ɛb,ɛnɛb,ɔnɛb
ɛn.ɛd,ɔn.ɛd,ɛnɛd,ɔnɛd
ɛn.ɛg,ɔn.ɛg,ɛnɛg,ɔnɛg
ɛn.ɛf,ɔn.ɛf,ɛnɛf,ɔnɛf
ɛn.ɛs,ɔn.ɛs,ɛnɛs,ɔnɛs
ɛn.ɛv,ɔn.ɛv,ɛnɛv,ɔnɛv
ɛn.ɛz,ɔn.ɛz,ɛnɛz,ɔnɛz
ɛn.ɛʃ,ɔn.ɛʃ,ɛnɛʃ,ɔnɛʃ
ɛn.ɛʒ,ɔn.ɛʒ,ɛnɛʒ,ɔnɛʒ
ɛn.ɛθ,ɔn.ɛθ,ɛnɛθ,ɔnɛθ
ɛn.ɛð,ɔn.ɛð,ɛnɛð,ɔnɛð
ɛn.ʊm,ɔn.ʊm,ɛnʊm,ɔnʊm
ɛn.ʊn,ɔn.ʊn,ɛnʊn,ɔnʊn
ɛn.ʊŋ,ɔn.ʊŋ,ɛnʊŋ,ɔnʊŋ
ɛn.ʊp,ɔn.ʊp,ɛnʊp,ɔnʊp
ɛn.ʊt,ɔn.ʊt,ɛnʊt,ɔnʊt
ɛn.ʊk,ɔn.ʊk,ɛnʊk,ɔnʊk
ɛn.ʊb,ɔn.ʊb,ɛnʊb,ɔnʊb
ɛn.ʊd,ɔn.ʊd,ɛnʊd,ɔnʊd
ɛn.ʊg,ɔn.ʊg,ɛnʊg,ɔnʊg
ɛn.ʊf,ɔn.ʊf,ɛnʊf,ɔnʊf
ɛn.ʊs,ɔn.ʊs,ɛnʊs,ɔnʊs
ɛn.ʊv,ɔn.ʊv,ɛnʊv,ɔnʊv
ɛn.ʊz,ɔn.ʊz,ɛnʊz,ɔnʊz
ɛn.ʊʃ,ɔn.ʊʃ,ɛnʊʃ,ɔnʊʃ
ɛn.ʊʒ,ɔn.ʊʒ,ɛnʊʒ,ɔnʊʒ
ɛn.ʊθ,ɔn.ʊθ,ɛnʊθ,ɔnʊθ
ɛn.ʊð,ɔn.ʊð,ɛnʊð,ɔnʊð
ɛn.ɔm,ɔn.ɔm,ɛnɔm,ɔnɔm
ɛn.ɔn,ɔn.ɔn,ɛnɔn,ɔnɔn
ɛn.ɔŋ,ɔn.ɔŋ,ɛnɔŋ,ɔnɔŋ
ɛn.ɔp,ɔn.ɔp,ɛnɔp,ɔnɔp
ɛn.ɔt,ɔn.ɔt,ɛnɔt,ɔnɔt
ɛn.ɔk,ɔn.ɔk,ɛnɔk,ɔnɔk
ɛn.ɔb,ɔn.ɔb,ɛnɔb,ɔnɔb
ɛn.ɔd,ɔn.ɔd,ɛnɔd,ɔnɔd
ɛn.ɔg,ɔn.ɔg,ɛnɔg,ɔnɔg
ɛn.ɔf,ɔn.ɔf,ɛnɔf,ɔnɔf
ɛn.ɔs,ɔn.ɔs,ɛnɔs,ɔnɔs
ɛn.ɔv,ɔn.ɔv,ɛnɔv,ɔnɔv
ɛn.ɔz,ɔn.ɔz,ɛnɔz,ɔnɔz
ɛn.ɔʃ,ɔn.ɔʃ,ɛnɔʃ,ɔnɔʃ
ɛn.ɔʒ,ɔn.ɔʒ,ɛnɔʒ,ɔnɔʒ
ɛn.ɔθ,ɔn.ɔθ,ɛnɔθ,ɔnɔθ
ɛn.ɔð,ɔn.ɔð,ɛnɔð,ɔnɔð
ɛŋ.ɪm,ɔŋ.ɪm,ɛŋɪm,ɔŋɪm
ɛŋ.ɪn,ɔŋ.ɪn,ɛŋɪn,ɔŋɪn
ɛŋ.ɪŋ,ɔŋ.ɪŋ,ɛŋɪŋ,ɔŋɪŋ
ɛŋ.ɪp,ɔŋ.ɪp,ɛŋɪp,ɔŋɪp
ɛŋ.ɪt,ɔŋ.ɪt,ɛŋɪt,ɔŋɪt
ɛŋ.ɪk,ɔŋ.ɪk,ɛŋɪk,ɔŋɪk
ɛŋ.ɪb,ɔŋ.ɪb,ɛŋɪb,ɔŋɪb
ɛŋ.ɪd,ɔŋ.ɪd,ɛŋɪd,ɔŋɪd
ɛŋ.ɪg,ɔŋ.ɪg,ɛŋɪg,ɔŋɪg
ɛŋ.ɪf,ɔŋ.ɪf,ɛŋɪf,ɔŋɪf
ɛŋ.ɪs,ɔŋ.ɪs,ɛŋɪs,ɔŋɪs
ɛŋ.ɪv,ɔŋ.ɪv,ɛŋɪv,ɔŋɪv
ɛŋ.ɪz,ɔŋ.ɪz,ɛŋɪz,ɔŋɪz
ɛŋ.ɪʃ,ɔŋ.ɪʃ,ɛŋɪʃ,ɔŋɪʃ
ɛŋ.ɪʒ,ɔŋ.ɪʒ,ɛŋɪʒ,ɔŋɪʒ
ɛŋ.ɪθ,ɔŋ.ɪθ,ɛŋɪθ,ɔŋɪθ
ɛŋ.ɪð,ɔŋ.ɪð,ɛŋɪð,ɔŋɪð
ɛŋ.ɛm,ɔŋ.ɛm,ɛŋɛm,ɔŋɛm
ɛŋ.ɛn,ɔŋ.ɛn,ɛŋɛn,ɔŋɛn
ɛŋ.ɛŋ,ɔŋ.ɛŋ,ɛŋɛŋ,ɔŋɛŋ
ɛŋ.ɛp,ɔŋ.ɛp,ɛŋɛp,ɔŋɛp
ɛŋ.ɛt,ɔŋ.ɛt,ɛŋɛt,ɔŋɛt
ɛŋ.ɛk,ɔŋ.ɛk,ɛŋɛk,ɔŋɛk
ɛŋ.ɛb,ɔŋ.ɛb,ɛŋɛb,ɔŋɛb
ɛŋ.ɛd,ɔŋ.ɛd,ɛŋɛd,ɔŋɛd
ɛŋ.ɛg,ɔŋ.ɛg,ɛŋɛg,ɔŋɛg
ɛŋ.ɛf,ɔŋ.ɛf,ɛŋɛf,ɔŋɛf
ɛŋ.ɛs,ɔŋ.ɛs,ɛŋɛs,ɔŋɛs
ɛŋ.ɛv,ɔŋ.ɛv,ɛŋɛv,ɔŋɛv
ɛŋ.ɛz,ɔŋ.ɛz,ɛŋɛz,ɔŋɛz
ɛŋ.ɛʃ,ɔŋ.ɛʃ,ɛŋɛʃ,ɔŋɛʃ
ɛŋ.ɛʒ,ɔŋ.ɛʒ,ɛŋɛʒ,ɔŋɛʒ
ɛŋ.ɛθ,ɔŋ.ɛθ,ɛŋɛθ,ɔŋɛθ
ɛŋ.ɛð,ɔŋ.ɛð,ɛŋɛð,ɔŋɛð
ɛŋ.ʊm,ɔŋ.ʊm,ɛŋʊm,ɔŋʊm
ɛŋ.ʊn,ɔŋ.ʊn,ɛŋʊn,ɔŋʊn
ɛŋ.ʊŋ,ɔŋ.ʊŋ,ɛŋʊŋ,ɔŋʊŋ
ɛŋ.ʊp,ɔŋ.ʊp,ɛŋʊp,ɔŋʊp
ɛŋ.ʊt,ɔŋ.ʊt,ɛŋʊt,ɔŋʊt
ɛŋ.ʊk,ɔŋ.ʊk,ɛŋʊk,ɔŋʊk
ɛŋ.ʊb,ɔŋ.ʊb,ɛŋʊb,ɔŋʊb
ɛŋ.ʊd,ɔŋ.ʊd,ɛŋʊd,ɔŋʊd
ɛŋ.ʊg,ɔŋ.ʊg,ɛŋʊg,ɔŋʊg
ɛŋ.ʊf,ɔŋ.ʊf,ɛŋʊf,ɔŋʊf
ɛŋ.ʊs,ɔŋ.ʊs,ɛŋʊs,ɔŋʊs
ɛŋ.ʊv,ɔŋ.ʊv,ɛŋʊv,ɔŋʊv
ɛŋ.ʊz,ɔŋ.ʊz,ɛŋʊz,ɔŋʊz
ɛŋ.ʊʃ,ɔŋ.ʊʃ,ɛŋʊʃ,ɔŋʊʃ
ɛŋ.ʊʒ,ɔŋ.ʊʒ,ɛŋʊʒ,ɔŋʊʒ
ɛŋ.ʊθ,ɔŋ.ʊθ,ɛŋʊθ,ɔŋʊθ
ɛŋ.ʊð,ɔŋ.ʊð,ɛŋʊð,ɔŋʊð
ɛŋ.ɔm,ɔŋ.ɔm,ɛŋɔm,ɔŋɔm
ɛŋ.ɔn,ɔŋ.ɔn,ɛŋɔn,ɔŋɔn
ɛŋ.ɔŋ,ɔŋ.ɔŋ,ɛŋɔŋ,ɔŋɔŋ
ɛŋ.ɔp,ɔŋ.ɔp,ɛŋɔp,ɔŋɔp
ɛŋ.ɔt,ɔŋ.ɔt,ɛŋɔt,ɔŋɔt
ɛŋ.ɔk,ɔŋ.ɔk,ɛŋɔk,ɔŋɔk
ɛŋ.ɔb,ɔŋ.ɔb,ɛŋɔb,ɔŋɔb
ɛŋ.ɔd,ɔŋ.ɔd,ɛŋɔd,ɔŋɔd
ɛŋ.ɔg,ɔŋ.ɔg,ɛŋɔg,ɔŋɔg
ɛŋ.ɔf,ɔŋ.ɔf,ɛŋɔf,ɔŋɔf
ɛŋ.ɔs,ɔŋ.ɔs,ɛŋɔs,ɔŋɔs
ɛŋ.ɔv,ɔŋ.ɔv,ɛŋɔv,ɔŋɔv
ɛŋ.ɔz,ɔŋ.ɔz,ɛŋɔz,ɔŋɔz
ɛŋ.ɔʃ,ɔŋ.ɔʃ,ɛŋɔʃ,ɔŋɔʃ
ɛŋ.ɔʒ,ɔŋ.ɔʒ,ɛŋɔʒ,ɔŋɔʒ
ɛŋ.ɔθ,ɔŋ.ɔθ,ɛŋɔθ,ɔŋɔθ
ɛŋ.ɔð,ɔŋ.ɔð,ɛŋɔð,ɔŋɔð
ɛp.ɪm,ɔp.ɪm,ɛpɪm,ɔpɪm
ɛp.ɪn,ɔp.ɪn,ɛpɪn,ɔpɪn
ɛp.ɪŋ,ɔp.ɪŋ,ɛpɪŋ,ɔpɪŋ
ɛp.ɪp,ɔp.ɪp,ɛpɪp,ɔpɪp
ɛp.ɪt,ɔp.ɪt,ɛpɪt,ɔpɪt
ɛp.ɪk,ɔp.ɪk,ɛpɪk,ɔpɪk
ɛp.ɪb,ɔp.ɪb,ɛpɪb,ɔpɪb
ɛp.ɪd,ɔp.ɪd,ɛpɪd,ɔpɪd
ɛp.ɪg,ɔp.ɪg,ɛpɪg,ɔpɪg
ɛp.ɪf,ɔp.ɪf,ɛpɪf,ɔpɪf
ɛp.ɪs,ɔp.ɪs,ɛpɪs,ɔpɪs
ɛp.ɪv,ɔp.ɪv,ɛpɪv,ɔpɪv
ɛp.ɪz,ɔp.ɪz,ɛpɪz,ɔpɪz
ɛp.ɪʃ,ɔp.ɪʃ,ɛpɪʃ,ɔpɪʃ
ɛp.ɪʒ,ɔp.ɪʒ,ɛpɪʒ,ɔpɪʒ
ɛp.ɪθ,ɔp.ɪθ,ɛpɪθ,ɔpɪθ
ɛp.ɪð,ɔp.ɪð,ɛpɪð,ɔpɪð
ɛp.ɛm,ɔp.ɛm,ɛpɛm,ɔpɛm
ɛp.ɛn,ɔp.ɛn,ɛpɛn,ɔpɛn
ɛp.ɛŋ,ɔp.ɛŋ,ɛpɛŋ,ɔpɛŋ
ɛp.ɛp,ɔp.ɛp,ɛpɛp,ɔpɛp
ɛp.ɛt,ɔp.ɛt,ɛpɛt,ɔpɛt
ɛp.ɛk,ɔp.ɛk,ɛpɛk,ɔpɛk
ɛp.ɛb,ɔp.ɛb,ɛpɛb,ɔpɛb
ɛp.ɛd,ɔp.ɛd,ɛpɛd,ɔpɛd
ɛp.ɛg,ɔp.ɛg,ɛpɛg,ɔpɛg
ɛp.ɛf,ɔp.ɛf,ɛpɛf,ɔpɛf
ɛp.ɛs,ɔp.ɛs,ɛpɛs,ɔpɛs
ɛp.ɛv,ɔp.ɛv,ɛpɛv,ɔpɛv
ɛp.ɛz,ɔp.ɛz,ɛpɛz,ɔpɛz
ɛp.ɛʃ,ɔp.ɛʃ,ɛpɛʃ,ɔpɛʃ
ɛp.ɛʒ,ɔp.ɛʒ,ɛpɛʒ,ɔpɛʒ
ɛp.ɛθ,ɔp.ɛθ,ɛpɛθ,ɔpɛθ
ɛp.ɛð,ɔp.ɛð,ɛpɛð,ɔpɛð
ɛp.ʊm,ɔp.ʊm,ɛpʊm,ɔpʊm
ɛp.ʊn,ɔp.ʊn,ɛpʊn,ɔpʊn
ɛp.ʊŋ,ɔp.ʊŋ,ɛpʊŋ,ɔpʊŋ
ɛp.ʊp,ɔp.ʊp,ɛpʊp,ɔpʊp
ɛp.ʊt,ɔp.ʊt,ɛpʊt,ɔpʊt
ɛp.ʊk,ɔp.ʊk,ɛpʊk,ɔpʊk
ɛp.ʊb,ɔp.ʊb,ɛpʊb,ɔpʊb
ɛp.ʊd,ɔp.ʊd,ɛpʊd,ɔpʊd
ɛp.ʊg,ɔp.ʊg,ɛpʊg,ɔpʊg
ɛp.ʊf,ɔp.ʊf,ɛpʊf,ɔpʊf
ɛp.ʊs,ɔp.ʊs,ɛpʊs,ɔpʊs
ɛp.ʊv,ɔp.ʊv,ɛpʊv,ɔpʊv
ɛp.ʊz,ɔp.ʊz,ɛpʊz,ɔpʊz
ɛp.ʊʃ,ɔp.ʊʃ,ɛpʊʃ,ɔpʊʃ
ɛp.ʊʒ,ɔp.ʊʒ,ɛpʊʒ,ɔpʊʒ
ɛp.ʊθ,ɔp.ʊθ,ɛpʊθ,ɔpʊθ
ɛp.ʊð,ɔp.ʊð,ɛpʊð,ɔpʊð
ɛp.ɔm,ɔp.ɔm,ɛpɔm,ɔpɔm
ɛp.ɔn,ɔp.ɔn,ɛpɔn,ɔpɔn
ɛp.ɔŋ,ɔp.ɔŋ,ɛpɔŋ,ɔpɔŋ
ɛp.ɔp,ɔp.ɔp,ɛpɔp,ɔpɔp
ɛp.ɔt,ɔp.ɔt,ɛpɔt,ɔpɔt
ɛp.ɔk,ɔp.ɔk,ɛpɔk,ɔpɔk
ɛp.ɔb,ɔp.ɔb,ɛpɔb,ɔpɔb
ɛp.ɔd,ɔp.ɔd,ɛpɔd,ɔpɔd
ɛp.ɔg,ɔp.ɔg,ɛpɔg,ɔpɔg
ɛp.ɔf,ɔp.ɔf,ɛpɔf,ɔpɔf
ɛp.ɔs,ɔp.ɔs,ɛpɔs,ɔpɔs
ɛp.ɔv,ɔp.ɔv,ɛpɔv,ɔpɔv
ɛp.ɔz,ɔp.ɔz,ɛpɔz,ɔpɔz
ɛp.ɔʃ,ɔp.ɔʃ,ɛpɔʃ,ɔpɔʃ
ɛp.ɔʒ,ɔp.ɔʒ,ɛpɔʒ,ɔpɔʒ
ɛp.ɔθ,ɔp.ɔθ,ɛpɔθ,ɔpɔθ
ɛp.ɔð,ɔp.ɔð,ɛpɔð,ɔpɔð
ɛt.ɪm,ɔt.ɪm,ɛtɪm,ɔtɪm
ɛt.ɪn,ɔt.ɪn,ɛtɪn,ɔtɪn
ɛt.ɪŋ,ɔt.ɪŋ,ɛtɪŋ,ɔtɪŋ
ɛt.ɪp,ɔt.ɪp,ɛtɪp,ɔtɪp
ɛt.ɪt,ɔt.ɪt,ɛtɪt,ɔtɪt
ɛt.ɪk,ɔt.ɪk,ɛtɪk,ɔtɪk
ɛt.ɪb,ɔt.ɪb,ɛtɪb,ɔtɪb
ɛt.ɪd,ɔt.ɪd,ɛtɪd,ɔtɪd
ɛt.ɪg,ɔt.ɪg,ɛtɪg,ɔtɪg
ɛt.ɪf,ɔt.ɪf,ɛtɪf,ɔtɪf
ɛt.ɪs,ɔt.ɪs,ɛtɪs,ɔtɪs
ɛt.ɪv,ɔt.ɪv,ɛtɪv,ɔtɪv
ɛt.ɪz,ɔt.ɪz,ɛtɪz,ɔtɪz
ɛt.ɪʃ,ɔt.ɪʃ,ɛtɪʃ,ɔtɪʃ
ɛt.ɪʒ,ɔt.ɪʒ,ɛtɪʒ,ɔtɪʒ
ɛt.ɪθ,ɔt.ɪθ,ɛtɪθ,ɔtɪθ
ɛt.ɪð,ɔt.ɪð,ɛtɪð,ɔtɪð
ɛt.ɛm,ɔt.ɛm,ɛtɛm,ɔtɛm
ɛt.ɛn,ɔt.ɛn,ɛtɛn,ɔtɛn
ɛt.ɛŋ,ɔt.ɛŋ,ɛtɛŋ,ɔtɛŋ
ɛt.ɛp,ɔt.ɛp,ɛtɛp,ɔtɛp
ɛt.ɛt,ɔt.ɛt,ɛtɛt,ɔtɛt
ɛt.ɛk,ɔt.ɛk,ɛtɛk,ɔtɛk
ɛt.ɛb,ɔt.ɛb,ɛtɛb,ɔtɛb
ɛt.ɛd,ɔt.ɛd,ɛtɛd,ɔtɛd
ɛt.ɛg,ɔt.ɛg,ɛtɛg,ɔtɛg
ɛt.ɛf,ɔt.ɛf,ɛtɛf,ɔtɛf
ɛt.ɛs,ɔt.ɛs,ɛtɛs,ɔtɛs
ɛt.ɛv,ɔt.ɛv,ɛtɛv,ɔtɛv
ɛt.ɛz,ɔt.ɛz,ɛtɛz,ɔtɛz
ɛt.ɛʃ,ɔt.ɛʃ,ɛtɛʃ,ɔtɛʃ
ɛt.ɛʒ,ɔt.ɛʒ,ɛtɛʒ,ɔtɛʒ
ɛt.ɛθ,ɔt.ɛθ,ɛtɛθ,ɔtɛθ
ɛt.ɛð,ɔt.ɛð,ɛtɛð,ɔtɛð
ɛt.ʊm,ɔt.ʊm,ɛtʊm,ɔtʊm
ɛt.ʊn,ɔt.ʊn,ɛtʊn,ɔtʊn
ɛt.ʊŋ,ɔt.ʊŋ,ɛtʊŋ,ɔtʊŋ
ɛt.ʊp,ɔt.ʊp,ɛtʊp,ɔtʊp
ɛt.ʊt,ɔt.ʊt,ɛtʊt,ɔtʊt
ɛt.ʊk,ɔt.ʊk,ɛtʊk,ɔtʊk
ɛt.ʊb,ɔt.ʊb,ɛtʊb,ɔtʊb
ɛt.ʊd,ɔt.ʊd,ɛtʊd,ɔtʊd
ɛt.ʊg,ɔt.ʊg,ɛtʊg,ɔtʊg
ɛt.ʊf,ɔt.ʊf,ɛtʊf,ɔtʊf
ɛt.ʊs,ɔt.ʊs,ɛtʊs,ɔtʊs
ɛt.ʊv,ɔt.ʊv,ɛtʊv,ɔtʊv
ɛt.ʊz,ɔt.ʊz,ɛtʊz,ɔtʊz
ɛt.ʊʃ,ɔt.ʊʃ,ɛtʊʃ,ɔtʊʃ
ɛt.ʊʒ,ɔt.ʊʒ,ɛtʊʒ,ɔtʊʒ
ɛt.ʊθ,ɔt.ʊθ,ɛtʊθ,ɔtʊθ
ɛt.ʊð,ɔt.ʊð,ɛtʊð,ɔtʊð
ɛt.ɔm,ɔt.ɔm,ɛtɔm,ɔtɔm
ɛt.ɔn,ɔt.ɔn,ɛtɔn,ɔtɔn
ɛt.ɔŋ,ɔt.ɔŋ,ɛtɔŋ,ɔtɔŋ
ɛt.ɔp,ɔt.ɔp,ɛtɔp,ɔtɔp
ɛt.ɔt,ɔt.ɔt,ɛtɔt,ɔtɔt
ɛt.ɔk,ɔt.ɔk,ɛtɔk,ɔtɔk
ɛt.ɔb,ɔt.ɔb,ɛtɔb,ɔtɔb
ɛt.ɔd,ɔt.ɔd,ɛtɔd,ɔtɔd
ɛt.ɔg,ɔt.ɔg,ɛtɔg,ɔtɔg
ɛt.ɔf,ɔt.ɔf,ɛtɔf,ɔtɔf
ɛt.ɔs,ɔt.ɔs,ɛtɔs,ɔtɔs
ɛt.ɔv,ɔt.ɔv,ɛtɔv,ɔtɔv
ɛt.ɔz,ɔt.ɔz,ɛtɔz,ɔtɔz
ɛt.ɔʃ,ɔt.ɔʃ,ɛtɔʃ,ɔtɔʃ
ɛt.ɔʒ,ɔt.ɔʒ,ɛtɔʒ,ɔtɔʒ
ɛt.ɔθ,ɔt.ɔθ,ɛtɔθ,ɔtɔθ
ɛt.ɔð,ɔt.ɔð,ɛtɔð,ɔtɔð
ɛk.ɪm,ɔk.ɪm,ɛkɪm,ɔkɪm
ɛk.ɪn,ɔk.ɪn,ɛkɪn,ɔkɪn
ɛk.ɪŋ,ɔk.ɪŋ,ɛkɪŋ,ɔkɪŋ
ɛk.ɪp,ɔk.ɪp,ɛkɪp,ɔkɪp
ɛk.ɪt,ɔk.ɪt,ɛkɪt,ɔkɪt
ɛk.ɪk,ɔk.ɪk,ɛkɪk,ɔkɪk
ɛk.ɪb,ɔk.ɪb,ɛkɪb,ɔkɪb
ɛk.ɪd,ɔk.ɪd,ɛkɪd,ɔkɪd
ɛk.ɪg,ɔk.ɪg,ɛkɪg,ɔkɪg
ɛk.ɪf,ɔk.ɪf,ɛkɪf,ɔkɪf
ɛk.ɪs,ɔk.ɪs,ɛkɪs,ɔkɪs
ɛk.ɪv,ɔk.ɪv,ɛkɪv,ɔkɪv
ɛk.ɪz,ɔk.ɪz,ɛkɪz,ɔkɪz
ɛk.ɪʃ,ɔk.ɪʃ,ɛkɪʃ,ɔkɪʃ
ɛk.ɪʒ,ɔk.ɪʒ,ɛkɪʒ,ɔkɪʒ
ɛk.ɪθ,ɔk.ɪθ,ɛkɪθ,ɔkɪθ
ɛk.ɪð,ɔk.ɪð,ɛkɪð,ɔkɪð
ɛk.ɛm,ɔk.ɛm,ɛkɛm,ɔkɛm
ɛk.ɛn,ɔk.ɛn,ɛkɛn,ɔkɛn
ɛk.ɛŋ,ɔk.ɛŋ,ɛkɛŋ,ɔkɛŋ
ɛk.ɛp,ɔk.ɛp,ɛkɛp,ɔkɛp
ɛk.ɛt,ɔk.ɛt,ɛkɛt,ɔkɛt
ɛk.ɛk,ɔk.ɛk,ɛkɛk,ɔkɛk
ɛk.ɛb,ɔk.ɛb,ɛkɛb,ɔkɛb
ɛk.ɛd,ɔk.ɛd,ɛkɛd,ɔkɛd
ɛk.ɛg,ɔk.ɛg,ɛkɛg,ɔkɛg
ɛk.ɛf,ɔk.ɛf,ɛkɛf,ɔkɛf
ɛk.ɛs,ɔk.ɛs,ɛkɛs,ɔkɛs
ɛk.ɛv,ɔk.ɛv,ɛkɛv,ɔkɛv
ɛk.ɛz,ɔk.ɛz,ɛkɛz,ɔkɛz
ɛk.ɛʃ,ɔk.ɛʃ,ɛkɛʃ,ɔkɛʃ
ɛk.ɛʒ,ɔk.ɛʒ,ɛkɛʒ,ɔkɛʒ
ɛk.ɛθ,ɔk.ɛθ,ɛkɛθ,ɔkɛθ
ɛk.ɛð,ɔk.ɛð,ɛkɛð,ɔkɛð
ɛk.ʊm,ɔk.ʊm,ɛkʊm,ɔkʊm
ɛk.ʊn,ɔk.ʊn,ɛkʊn,ɔkʊn
ɛk.ʊŋ,ɔk.ʊŋ,ɛkʊŋ,ɔkʊŋ
ɛk.ʊp,ɔk.ʊp,ɛkʊp,ɔkʊp
ɛk.ʊt,ɔk.ʊt,ɛkʊt,ɔkʊt
ɛk.ʊk,ɔk.ʊk,ɛkʊk,ɔkʊk
ɛk.ʊb,ɔk.ʊb,ɛkʊb,ɔkʊb
ɛk.ʊd,ɔk.ʊd,ɛkʊd,ɔkʊd
ɛk.ʊg,ɔk.ʊg,ɛkʊg,ɔkʊg
ɛk.ʊf,ɔk.ʊf,ɛkʊf,ɔkʊf
ɛk.ʊs,ɔk.ʊs,ɛkʊs,ɔkʊs
ɛk.ʊv,ɔk.ʊv,ɛkʊv,ɔkʊv
ɛk.ʊz,ɔk.ʊz,ɛkʊz,ɔkʊz
ɛk.ʊʃ,ɔk.ʊʃ,ɛkʊʃ,ɔkʊʃ
ɛk.ʊʒ,ɔk.ʊʒ,ɛkʊʒ,ɔkʊʒ
ɛk.ʊθ,ɔk.ʊθ,ɛkʊθ,ɔkʊθ
ɛk.ʊð,ɔk.ʊð,ɛkʊð,ɔkʊð
ɛk.ɔm,ɔk.ɔm,ɛkɔm,ɔkɔm
ɛk.ɔn,ɔk.ɔn,ɛkɔn,ɔkɔn
ɛk.ɔŋ,ɔk.ɔŋ,ɛkɔŋ,ɔkɔŋ
ɛk.ɔp,ɔk.ɔp,ɛkɔp,ɔkɔp
ɛk.ɔt,ɔk.ɔt,ɛkɔt,ɔkɔt
ɛk.ɔk,ɔk.ɔk,ɛkɔk,ɔkɔk
ɛk.ɔb,ɔk.ɔb,ɛkɔb,ɔkɔb
ɛk.ɔd,ɔk.ɔd,ɛkɔd,ɔkɔd
ɛk.ɔg,ɔk.ɔg,ɛkɔg,ɔkɔg
ɛk.ɔf,ɔk.ɔf,ɛkɔf,ɔkɔf
ɛk.ɔs,ɔk.ɔs,ɛkɔs,ɔkɔs
ɛk.ɔv,ɔk.ɔv,ɛkɔv,ɔkɔv
ɛk.ɔz,ɔk.ɔz,ɛkɔz,ɔkɔz
ɛk.ɔʃ,ɔk.ɔʃ,ɛkɔʃ,ɔkɔʃ
ɛk.ɔʒ,ɔk.ɔʒ,ɛkɔʒ,ɔkɔʒ
ɛk.ɔθ,ɔk.ɔθ,ɛkɔθ,ɔkɔθ
ɛk.ɔð,ɔk.ɔð,ɛkɔð,ɔkɔð
ɛb.ɪm,ɔb.ɪm,ɛbɪm,ɔbɪm
ɛb.ɪn,ɔb.ɪn,ɛbɪn,ɔbɪn
ɛb.ɪŋ,ɔb.ɪŋ,ɛbɪŋ,ɔbɪŋ
ɛb.ɪp,ɔb.ɪp,ɛbɪp,ɔbɪp
ɛb.ɪt,ɔb.ɪt,ɛbɪt,ɔbɪt
ɛb.ɪk,ɔb.ɪk,ɛbɪk,ɔbɪk
ɛb.ɪb,ɔb.ɪb,ɛbɪb,ɔbɪb
ɛb.ɪd,ɔb.ɪd,ɛbɪd,ɔbɪd
ɛb.ɪg,ɔb.ɪg,ɛbɪg,ɔbɪg
ɛb.ɪf,ɔb.ɪf,ɛbɪf,ɔbɪf
ɛb.ɪs,ɔb.ɪs,ɛbɪs,ɔbɪs
ɛb.ɪv,ɔb.ɪv,ɛbɪv,ɔbɪv
ɛb.ɪz,ɔb.ɪz,ɛbɪz,ɔbɪz
ɛb.ɪʃ,ɔb.ɪʃ,ɛbɪʃ,ɔbɪʃ
ɛb.ɪʒ,ɔb.ɪʒ,ɛbɪʒ,ɔbɪʒ
ɛb.ɪθ,ɔb.ɪθ,ɛbɪθ,ɔbɪθ
ɛb.ɪð,ɔb.ɪð,ɛbɪð,ɔbɪð
ɛb.ɛm,ɔb.ɛm,ɛbɛm,ɔbɛm
ɛb.ɛn,ɔb.ɛn,ɛbɛn,ɔbɛn
ɛb.ɛŋ,ɔb.ɛŋ,ɛbɛŋ,ɔbɛŋ
ɛb.ɛp,ɔb.ɛp,ɛbɛp,ɔbɛp
ɛb.ɛt,ɔb.ɛt,ɛbɛt,ɔbɛt
ɛb.ɛk,ɔb.ɛk,ɛbɛk,ɔbɛk
ɛb.ɛb,ɔb.ɛb,ɛbɛb,ɔbɛb
ɛb.ɛd,ɔb.ɛd,ɛbɛd,ɔbɛd
ɛb.ɛg,ɔb.ɛg,ɛbɛg,ɔbɛg
ɛb.ɛf,ɔb.ɛf,ɛbɛf,ɔbɛf
ɛb.ɛs,ɔb.ɛs,ɛbɛs,ɔbɛs
ɛb.ɛv,ɔb.ɛv,ɛbɛv,ɔbɛv
ɛb.ɛz,ɔb.ɛz,ɛbɛz,ɔbɛz
ɛb.ɛʃ,ɔb.ɛʃ,ɛbɛʃ,ɔbɛʃ
ɛb.ɛʒ,ɔb.ɛʒ,ɛbɛʒ,ɔbɛʒ
ɛb.ɛθ,ɔb.ɛθ,ɛbɛθ,ɔbɛθ
ɛb.ɛð,ɔb.ɛð,ɛbɛð,ɔbɛð
ɛb.ʊm,ɔb.ʊm,ɛbʊm,ɔbʊm
ɛb.ʊn,ɔb.ʊn,ɛbʊn,ɔbʊn
ɛb.ʊŋ,ɔb.ʊŋ,ɛbʊŋ,ɔbʊŋ
ɛb.ʊp,ɔb.ʊp,ɛbʊp,ɔbʊp
ɛb.ʊt,ɔb.ʊt,ɛbʊt,ɔbʊt
ɛb.ʊk,ɔb.ʊk,ɛbʊk,ɔbʊk
ɛb.ʊb,ɔb.ʊb,ɛbʊb,ɔbʊb
ɛb.ʊd,ɔb.ʊd,ɛbʊd,ɔbʊd
ɛb.ʊg,ɔb.ʊg,ɛbʊg,ɔbʊg
ɛb.ʊf,ɔb.ʊf,ɛbʊf,ɔbʊf
ɛb.ʊs,ɔb.ʊs,ɛbʊs,ɔbʊs
ɛb.ʊv,ɔb.ʊv,ɛbʊv,ɔbʊv
ɛb.ʊz,ɔb.ʊz,ɛbʊz,ɔbʊz
ɛb.ʊʃ,ɔb.ʊʃ,ɛbʊʃ,ɔbʊʃ
ɛb.ʊʒ,ɔb.ʊʒ,ɛbʊʒ,ɔbʊʒ
ɛb.ʊθ,ɔb.ʊθ,ɛbʊθ,ɔbʊθ
ɛb.ʊð,ɔb.ʊð,ɛbʊð,ɔbʊð
ɛb.ɔm,ɔb.ɔm,ɛbɔm,ɔbɔm
ɛb.ɔn,ɔb.ɔn,ɛbɔn,ɔbɔn
ɛb.ɔŋ,ɔb.ɔŋ,ɛbɔŋ,ɔbɔŋ
ɛb.ɔp,ɔb.ɔp,ɛbɔp,ɔbɔp
ɛb.ɔt,ɔb.ɔt,ɛbɔt,ɔbɔt
ɛb.ɔk,ɔb.ɔk,ɛbɔk,ɔbɔk
ɛb.ɔb,ɔb.ɔb,ɛbɔb,ɔbɔb
ɛb.ɔd,ɔb.ɔd,ɛbɔd,ɔbɔd
ɛb.ɔg,ɔb.ɔg,ɛbɔg,ɔbɔg
ɛb.ɔf,ɔb.ɔf,ɛbɔf,ɔbɔf
ɛb.ɔs,ɔb.ɔs,ɛbɔs,ɔbɔs
ɛb.ɔv,ɔb.ɔv,ɛbɔv,ɔbɔv
ɛb.ɔz,ɔb.ɔz,ɛbɔz,ɔbɔz
ɛb.ɔʃ,ɔb.ɔʃ,ɛbɔʃ,ɔbɔʃ
ɛb.ɔʒ,ɔb.ɔʒ,ɛbɔʒ,ɔbɔʒ
ɛb.ɔθ,ɔb.ɔθ,ɛbɔθ,ɔbɔθ
ɛb.ɔð,ɔb.ɔð,ɛbɔð,ɔbɔð
ɛd.ɪm,ɔd.ɪm,ɛdɪm,ɔdɪm
ɛd.ɪn,ɔd.ɪn,ɛdɪn,ɔdɪn
ɛd.ɪŋ,ɔd.ɪŋ,ɛdɪŋ,ɔdɪŋ
ɛd.ɪp,ɔd.ɪp,ɛdɪp,ɔdɪp
ɛd.ɪt,ɔd.ɪt,ɛdɪt,ɔdɪt
ɛd.ɪk,ɔd.ɪk,ɛdɪk,ɔdɪk
ɛd.ɪb,ɔd.ɪb,ɛdɪb,ɔdɪb
ɛd.ɪd,ɔd.ɪd,ɛdɪd,ɔdɪd
ɛd.ɪg,ɔd.ɪg,ɛdɪg,ɔdɪg
ɛd.ɪf,ɔd.ɪf,ɛdɪf,ɔdɪf
ɛd.ɪs,ɔd.ɪs,ɛdɪs,ɔdɪs
ɛd.ɪv,ɔd.ɪv,ɛdɪv,ɔdɪv
ɛd.ɪz,ɔd.ɪz,ɛdɪz,ɔdɪz
ɛd.ɪʃ,ɔd.ɪʃ,ɛdɪʃ,ɔdɪʃ
ɛd.ɪʒ,ɔd.ɪʒ,ɛdɪʒ,ɔdɪʒ
ɛd.ɪθ,ɔd.ɪθ,ɛdɪθ,ɔdɪθ
ɛd.ɪð,ɔd.ɪð,ɛdɪð,ɔdɪð
ɛd.ɛm,ɔd.ɛm,ɛdɛm,ɔdɛm
ɛd.ɛn,ɔd.ɛn,ɛdɛn,ɔdɛn
ɛd.ɛŋ,ɔd.ɛŋ,ɛdɛŋ,ɔdɛŋ
ɛd.ɛp,ɔd.ɛp,ɛdɛp,ɔdɛp
ɛd.ɛt,ɔd.ɛt,ɛdɛt,ɔdɛt
ɛd.ɛk,ɔd.ɛk,ɛdɛk,ɔdɛk
ɛd.ɛb,ɔd.ɛb,ɛdɛb,ɔdɛb
ɛd.ɛd,ɔd.ɛd,ɛdɛd,ɔdɛd
ɛd.ɛg,ɔd.ɛg,ɛdɛg,ɔdɛg
ɛd.ɛf,ɔd.ɛf,ɛdɛf,ɔdɛf
ɛd.ɛs,ɔd.ɛs,ɛdɛs,ɔdɛs
ɛd.ɛv,ɔd.ɛv,ɛdɛv,ɔdɛv
ɛd.ɛz,ɔd.ɛz,ɛdɛz,ɔdɛz
ɛd.ɛʃ,ɔd.ɛʃ,ɛdɛʃ,ɔdɛʃ
ɛd.ɛʒ,ɔd.ɛʒ,ɛdɛʒ,ɔdɛʒ
ɛd.ɛθ,ɔd.ɛθ,ɛdɛθ,ɔdɛθ
ɛd.ɛð,ɔd.ɛð,ɛdɛð,ɔdɛð
ɛd.ʊm,ɔd.ʊm,ɛdʊm,ɔdʊm
ɛd.ʊn,ɔd.ʊn,ɛdʊn,ɔdʊn
ɛd.ʊŋ,ɔd.ʊŋ,ɛdʊŋ,ɔdʊŋ
ɛd.ʊp,ɔd.ʊp,ɛdʊp,ɔdʊp
ɛd.ʊt,ɔd.ʊt,ɛdʊt,ɔdʊt
ɛd.ʊk,ɔd.ʊk,ɛdʊk,ɔdʊk
ɛd.ʊb,ɔd.ʊb,ɛdʊb,ɔdʊb
ɛd.ʊd,ɔd.ʊd,ɛdʊd,ɔdʊd
ɛd.ʊg,ɔd.ʊg,ɛdʊg,ɔdʊg
ɛd.ʊf,ɔd.ʊf,ɛdʊf,ɔdʊf
ɛd.ʊs,ɔd.ʊs,ɛdʊs,ɔdʊs
ɛd.ʊv,ɔd.ʊv,ɛdʊv,ɔdʊv
ɛd.ʊz,ɔd.ʊz,ɛdʊz,ɔdʊz
ɛd.ʊʃ,ɔd.ʊʃ,ɛdʊʃ,ɔdʊʃ
ɛd.ʊʒ,ɔd.ʊʒ,ɛdʊʒ,ɔdʊʒ
ɛd.ʊθ,ɔd.ʊθ,ɛdʊθ,ɔdʊθ
ɛd.ʊð,ɔd.ʊð,ɛdʊð,ɔdʊð
ɛd.ɔm,ɔd.ɔm,ɛdɔm,ɔdɔm
ɛd.ɔn,ɔd.ɔn,ɛdɔn,ɔdɔn
ɛd.ɔŋ,ɔd.ɔŋ,ɛdɔŋ,ɔdɔŋ
ɛd.ɔp,ɔd.ɔp,ɛdɔp,ɔdɔp
ɛd.ɔt,ɔd.ɔt,ɛdɔt,ɔdɔt
ɛd.ɔk,ɔd.ɔk,ɛdɔk,ɔdɔk
ɛd.ɔb,ɔd.ɔb,ɛdɔb,ɔdɔb
ɛd.ɔd,ɔd.ɔd,ɛdɔd,ɔdɔd
ɛd.ɔg,ɔd.ɔg,ɛdɔg,ɔdɔg
ɛd.ɔf,ɔd.ɔf,ɛdɔf,ɔdɔf
ɛd.ɔs,ɔd.ɔs,ɛdɔs,ɔdɔs
ɛd.ɔv,ɔd.ɔv,ɛdɔv,ɔdɔv
ɛd.ɔz,ɔd.ɔz,ɛdɔz,ɔdɔz
ɛd.ɔʃ,ɔd.ɔʃ,ɛdɔʃ,ɔdɔʃ
ɛd.ɔʒ,ɔd.ɔʒ,ɛdɔʒ,ɔdɔʒ
ɛd.ɔθ,ɔd.ɔθ,ɛdɔθ,ɔdɔθ
ɛd.ɔð,ɔd.ɔð,ɛdɔð,ɔdɔð
ɛg.ɪm,ɔg.ɪm,ɛgɪm,ɔgɪm
ɛg.ɪn,ɔg.ɪn,ɛgɪn,ɔgɪn
ɛg.ɪŋ,ɔg.ɪŋ,ɛgɪŋ,ɔgɪŋ
ɛg.ɪp,ɔg.ɪp,ɛgɪp,ɔgɪp
ɛg.ɪt,ɔg.ɪt,ɛgɪt,ɔgɪt
ɛg.ɪk,ɔg.ɪk,ɛgɪk,ɔgɪk
ɛg.ɪb,ɔg.ɪb,ɛgɪb,ɔgɪb
ɛg.ɪd,ɔg.ɪd,ɛgɪd,ɔgɪd
ɛg.ɪg,ɔg.ɪg,ɛgɪg,ɔgɪg
ɛg.ɪf,ɔg.ɪf,ɛgɪf,ɔgɪf
ɛg.ɪs,ɔg.ɪs,ɛgɪs,ɔgɪs
ɛg.ɪv,ɔg.ɪv,ɛgɪv,ɔgɪv
ɛg.ɪz,ɔg.ɪz,ɛgɪz,ɔgɪz
ɛg.ɪʃ,ɔg.ɪʃ,ɛgɪʃ,ɔgɪʃ
ɛg.ɪʒ,ɔg.ɪʒ,ɛgɪʒ,ɔgɪʒ
ɛg.ɪθ,ɔg.ɪθ,ɛgɪθ,ɔgɪθ
ɛg.ɪð,ɔg.ɪð,ɛgɪð,ɔgɪð
ɛg.ɛm,ɔg.ɛm,ɛgɛm,ɔgɛm
ɛg.ɛn,ɔg.ɛn,ɛgɛn,ɔgɛn
ɛg.ɛŋ,ɔg.ɛŋ,ɛgɛŋ,ɔgɛŋ
ɛg.ɛp,ɔg.ɛp,ɛgɛp,ɔgɛp
ɛg.ɛt,ɔg.ɛt,ɛgɛt,ɔgɛt
ɛg.ɛk,ɔg.ɛk,ɛgɛk,ɔgɛk
ɛg.ɛb,ɔg.ɛb,ɛgɛb,ɔgɛb
ɛg.ɛd,ɔg.ɛd,ɛgɛd,ɔgɛd
ɛg.ɛg,ɔg.ɛg,ɛgɛg,ɔgɛg
ɛg.ɛf,ɔg.ɛf,ɛgɛf,ɔgɛf
ɛg.ɛs,ɔg.ɛs,ɛgɛs,ɔgɛs
ɛg.ɛv,ɔg.ɛv,ɛgɛv,ɔgɛv
ɛg.ɛz,ɔg.ɛz,ɛgɛz,ɔgɛz
ɛg.ɛʃ,ɔg.ɛʃ,ɛgɛʃ,ɔgɛʃ
ɛg.ɛʒ,ɔg.ɛʒ,ɛgɛʒ,ɔgɛʒ
ɛg.ɛθ,ɔg.ɛθ,ɛgɛθ,ɔgɛθ
ɛg.ɛð,ɔg.ɛð,ɛgɛð,ɔgɛð
ɛg.ʊm,ɔg.ʊm,ɛgʊm,ɔgʊm
ɛg.ʊn,ɔg.ʊn,ɛgʊn,ɔgʊn
ɛg.ʊŋ,ɔg.ʊŋ,ɛgʊŋ,ɔgʊŋ
ɛg.ʊp,ɔg.ʊp,ɛgʊp,ɔgʊp
ɛg.ʊt,ɔg.ʊt,ɛgʊt,ɔgʊt
ɛg.ʊk,ɔg.ʊk,ɛgʊk,ɔgʊk
ɛg.ʊb,ɔg.ʊb,ɛgʊb,ɔgʊb
ɛg.ʊd,ɔg.ʊd,ɛgʊd,ɔgʊd
ɛg.ʊg,ɔg.ʊg,ɛgʊg,ɔgʊg
ɛg.ʊf,ɔg.ʊf,ɛgʊf,ɔgʊf
ɛg.ʊs,ɔg.ʊs,ɛgʊs,ɔgʊs
ɛg.ʊv,ɔg.ʊv,ɛgʊv,ɔgʊv
ɛg.ʊz,ɔg.ʊz,ɛgʊz,ɔgʊz
ɛg.ʊʃ,ɔg.ʊʃ,ɛgʊʃ,ɔgʊʃ
ɛg.ʊʒ,ɔg.ʊʒ,ɛgʊʒ,ɔgʊʒ
ɛg.ʊθ,ɔg.ʊθ,ɛgʊθ,ɔgʊθ
ɛg.ʊð,ɔg.ʊð,ɛgʊð,ɔgʊð
ɛg.ɔm,ɔg.ɔm,ɛgɔm,ɔgɔm
ɛg.ɔn,ɔg.ɔn,ɛgɔn,ɔgɔn
ɛg.ɔŋ,ɔg.ɔŋ,ɛgɔŋ,ɔgɔŋ
ɛg.ɔp,ɔg.ɔp,ɛgɔp,ɔgɔp
ɛg.ɔt,ɔg.ɔt,ɛgɔt,ɔgɔt
ɛg.ɔk,ɔg.ɔk,ɛgɔk,ɔgɔk
ɛg.ɔb,ɔg.ɔb,ɛgɔb,ɔgɔb
ɛg.ɔd,ɔg.ɔd,ɛgɔd,ɔgɔd
ɛg.ɔg,ɔg.ɔg,ɛgɔg,ɔgɔg
ɛg.ɔf,ɔg.ɔf,ɛgɔf,ɔgɔf
ɛg.ɔs,ɔg.ɔs,ɛgɔs,ɔgɔs
ɛg.ɔv,ɔg.ɔv,ɛgɔv,ɔgɔv
ɛg.ɔz,ɔg.ɔz,ɛgɔz,ɔgɔz
ɛg.ɔʃ,ɔg.ɔʃ,ɛgɔʃ,ɔgɔʃ
ɛg.ɔʒ,ɔg.ɔʒ,ɛgɔʒ,ɔgɔʒ
ɛg.ɔθ,ɔg.ɔθ,ɛgɔθ,ɔgɔθ
ɛg.ɔð,ɔg.ɔð,ɛgɔð,ɔgɔð
ɛf.ɪm,ɔf.ɪm,ɛfɪm,ɔfɪm
ɛf.ɪn,ɔf.ɪn,ɛfɪn,ɔfɪn
ɛf.ɪŋ,ɔf.ɪŋ,ɛfɪŋ,ɔfɪŋ
ɛf.ɪp,ɔf.ɪp,ɛfɪp,ɔfɪp
ɛf.ɪt,ɔf.ɪt,ɛfɪt,ɔfɪt
ɛf.ɪk,ɔf.ɪk,ɛfɪk,ɔfɪk
ɛf.ɪb,ɔf.ɪb,ɛfɪb,ɔfɪb
ɛf.ɪd,ɔf.ɪd,ɛfɪd,ɔfɪd
ɛf.ɪg,ɔf.ɪg,ɛfɪg,ɔfɪg
ɛf.ɪf,ɔf.ɪf,ɛfɪf,ɔfɪf
ɛf.ɪs,ɔf.ɪs,ɛfɪs,ɔfɪs
ɛf.ɪv,ɔf.ɪv,ɛfɪv,ɔfɪv
ɛf.ɪz,ɔf.ɪz,ɛfɪz,ɔfɪz
ɛf.ɪʃ,ɔf.ɪʃ,ɛfɪʃ,ɔfɪʃ
ɛf.ɪʒ,ɔf.ɪʒ,ɛfɪʒ,ɔfɪʒ
ɛf.ɪθ,ɔf.ɪθ,ɛfɪθ,ɔfɪθ
ɛf.ɪð,ɔf.ɪð,ɛfɪð,ɔfɪð
ɛf.ɛm,ɔf.ɛm,ɛfɛm,ɔfɛm
ɛf.ɛn,ɔf.ɛn,ɛfɛn,ɔfɛn
ɛf.ɛŋ,ɔf.ɛŋ,ɛfɛŋ,ɔfɛŋ
ɛf.ɛp,ɔf.ɛp,ɛfɛp,ɔfɛp
ɛf.ɛt,ɔf.ɛt,ɛfɛt,ɔfɛt
ɛf.ɛk,ɔf.ɛk,ɛfɛk,ɔfɛk
ɛf.ɛb,ɔf.ɛb,ɛfɛb,ɔfɛb
ɛf.ɛd,ɔf.ɛd,ɛfɛd,ɔfɛd
ɛf.ɛg,ɔf.ɛg,ɛfɛg,ɔfɛg
ɛf.ɛf,ɔf.ɛf,ɛfɛf,ɔfɛf
ɛf.ɛs,ɔf.ɛs,ɛfɛs,ɔfɛs
ɛf.ɛv,ɔf.ɛv,ɛfɛv,ɔfɛv
ɛf.ɛz,ɔf.ɛz,ɛfɛz,ɔfɛz
ɛf.ɛʃ,ɔf.ɛʃ,ɛfɛʃ,ɔfɛʃ
ɛf.ɛʒ,ɔf.ɛʒ,ɛfɛʒ,ɔfɛʒ
ɛf.ɛθ,ɔf.ɛθ,ɛfɛθ,ɔfɛθ
ɛf.ɛð,ɔf.ɛð,ɛfɛð,ɔfɛð
ɛf.ʊm,ɔf.ʊm,ɛfʊm,ɔfʊm
ɛf.ʊn,ɔf.ʊn,ɛfʊn,ɔfʊn
ɛf.ʊŋ,ɔf.ʊŋ,ɛfʊŋ,ɔfʊŋ
ɛf.ʊp,ɔf.ʊp,ɛfʊp,ɔfʊp
ɛf.ʊt,ɔf.ʊt,ɛfʊt,ɔfʊt
ɛf.ʊk,ɔf.ʊk,ɛfʊk,ɔfʊk
ɛf.ʊb,ɔf.ʊb,ɛfʊb,ɔfʊb
ɛf.ʊd,ɔf.ʊd,ɛfʊd,ɔfʊd
ɛf.ʊg,ɔf.ʊg,ɛfʊg,ɔfʊg
ɛf.ʊf,ɔf.ʊf,ɛfʊf,ɔfʊf
ɛf.ʊs,ɔf.ʊs,ɛfʊs,ɔfʊs
ɛf.ʊv,ɔf.ʊv,ɛfʊv,ɔfʊv
ɛf.ʊz,ɔf.ʊz,ɛfʊz,ɔfʊz
ɛf.ʊʃ,ɔf.ʊʃ,ɛfʊʃ,ɔfʊʃ
ɛf.ʊʒ,ɔf.ʊʒ,ɛfʊʒ,ɔfʊʒ
ɛf.ʊθ,ɔf.ʊθ,ɛfʊθ,ɔfʊθ
ɛf.ʊð,ɔf.ʊð,ɛfʊð,ɔfʊð
ɛf.ɔm,ɔf.ɔm,ɛfɔm,ɔfɔm
ɛf.ɔn,ɔf.ɔn,ɛfɔn,ɔfɔn
ɛf.ɔŋ,ɔf.ɔŋ,ɛfɔŋ,ɔfɔŋ
ɛf.ɔp,ɔf.ɔp,ɛfɔp,ɔfɔp
ɛf.ɔt,ɔf.ɔt,ɛfɔt,ɔfɔt
ɛf.ɔk,ɔf.ɔk,ɛfɔk,ɔfɔk
ɛf.ɔb,ɔf.ɔb,ɛfɔb,ɔfɔb
ɛf.ɔd,ɔf.ɔd,ɛfɔd,ɔfɔd
ɛf.ɔg,ɔf.ɔg,ɛfɔg,ɔfɔg
ɛf.ɔf,ɔf.ɔf,ɛfɔf,ɔfɔf
ɛf.ɔs,ɔf.ɔs,ɛfɔs,ɔfɔs
ɛf.ɔv,ɔf.ɔv,ɛfɔv,ɔfɔv
ɛf.ɔz,ɔf.ɔz,ɛfɔz,ɔfɔz
ɛf.ɔʃ,ɔf.ɔʃ,ɛfɔʃ,ɔfɔʃ
ɛf.ɔʒ,ɔf.ɔʒ,ɛfɔʒ,ɔfɔʒ
ɛf.ɔθ,ɔf.ɔθ,ɛfɔθ,ɔfɔθ
ɛf.ɔð,ɔf.ɔð,ɛfɔð,ɔfɔð
ɛs.ɪm,ɔs.ɪm,ɛsɪm,ɔsɪm
ɛs.ɪn,ɔs.ɪn,ɛsɪn,ɔsɪn
ɛs.ɪŋ,ɔs.ɪŋ,ɛsɪŋ,ɔsɪŋ
ɛs.ɪp,ɔs.ɪp,ɛsɪp,ɔsɪp
ɛs.ɪt,ɔs.ɪt,ɛsɪt,ɔsɪt
ɛs.ɪk,ɔs.ɪk,ɛsɪk,ɔsɪk
ɛs.ɪb,ɔs.ɪb,ɛsɪb,ɔsɪb
ɛs.ɪd,ɔs.ɪd,ɛsɪd,ɔsɪd
ɛs.ɪg,ɔs.ɪg,ɛsɪg,ɔsɪg
ɛs.ɪf,ɔs.ɪf,ɛsɪf,ɔsɪf
ɛs.ɪs,ɔs.ɪs,ɛsɪs,ɔsɪs
ɛs.ɪv,ɔs.ɪv,ɛsɪv,ɔsɪv
ɛs.ɪz,ɔs.ɪz,ɛsɪz,ɔsɪz
ɛs.ɪʃ,ɔs.ɪʃ,ɛsɪʃ,ɔsɪʃ
ɛs.ɪʒ,ɔs.ɪʒ,ɛsɪʒ,ɔsɪʒ
ɛs.ɪθ,ɔs.ɪθ,ɛsɪθ,ɔsɪθ
ɛs.ɪð,ɔs.ɪð,ɛsɪð,ɔsɪð
ɛs.ɛm,ɔs.ɛm,ɛsɛm,ɔsɛm
ɛs.ɛn,ɔs.ɛn,ɛsɛn,ɔsɛn
ɛs.ɛŋ,ɔs.ɛŋ,ɛsɛŋ,ɔsɛŋ
ɛs.ɛp,ɔs.ɛp,ɛsɛp,ɔsɛp
ɛs.ɛt,ɔs.ɛt,ɛsɛt,ɔsɛt
ɛs.ɛk,ɔs.ɛk,ɛsɛk,ɔsɛk
ɛs.ɛb,ɔs.ɛb,ɛsɛb,ɔsɛb
ɛs.ɛd,ɔs.ɛd,ɛsɛd,ɔsɛd
ɛs.ɛg,ɔs.ɛg,ɛsɛg,ɔsɛg
ɛs.ɛf,ɔs.ɛf,ɛsɛf,ɔsɛf
ɛs.ɛs,ɔs.ɛs,ɛsɛs,ɔsɛs
ɛs.ɛv,ɔs.ɛv,ɛsɛv,ɔsɛv
ɛs.ɛz,ɔs.ɛz,ɛsɛz,ɔsɛz
ɛs.ɛʃ,ɔs.ɛʃ,ɛsɛʃ,ɔsɛʃ
ɛs.ɛʒ,ɔs.ɛʒ,ɛsɛʒ,ɔsɛʒ
ɛs.ɛθ,ɔs.ɛθ,ɛsɛθ,ɔsɛθ
ɛs.ɛð,ɔs.ɛð,ɛsɛð,ɔsɛð
ɛs.ʊm,ɔs.ʊm,ɛsʊm,ɔsʊm
ɛs.ʊn,ɔs.ʊn,ɛsʊn,ɔsʊn
ɛs.ʊŋ,ɔs.ʊŋ,ɛsʊŋ,ɔsʊŋ
ɛs.ʊp,ɔs.ʊp,ɛsʊp,ɔsʊp
ɛs.ʊt,ɔs.ʊt,ɛsʊt,ɔsʊt
ɛs.ʊk,ɔs.ʊk,ɛsʊk,ɔsʊk
ɛs.ʊb,ɔs.ʊb,ɛsʊb,ɔsʊb
ɛs.ʊd,ɔs.ʊd,ɛsʊd,ɔsʊd
ɛs.ʊg,ɔs.ʊg,ɛsʊg,ɔsʊg
ɛs.ʊf,ɔs.ʊf,ɛsʊf,ɔsʊf
ɛs.ʊs,ɔs.ʊs,ɛsʊs,ɔsʊs
ɛs.ʊv,ɔs.ʊv,ɛsʊv,ɔsʊv
ɛs.ʊz,ɔs.ʊz,ɛsʊz,ɔsʊz
ɛs.ʊʃ,ɔs.ʊʃ,ɛsʊʃ,ɔsʊʃ
ɛs.ʊʒ,ɔs.ʊʒ,ɛsʊʒ,ɔsʊʒ
ɛs.ʊθ,ɔs.ʊθ,ɛsʊθ,ɔsʊθ
ɛs.ʊð,ɔs.ʊð,ɛsʊð,ɔsʊð
ɛs.ɔm,ɔs.ɔm,ɛsɔm,ɔsɔm
ɛs.ɔn,ɔs.ɔn,ɛsɔn,ɔsɔn
ɛs.ɔŋ,ɔs.ɔŋ,ɛsɔŋ,ɔsɔŋ
ɛs.ɔp,ɔs.ɔp,ɛsɔp,ɔsɔp
ɛs.ɔt,ɔs.ɔt,ɛsɔt,ɔsɔt
ɛs.ɔk,ɔs.ɔk,ɛsɔk,ɔsɔk
ɛs.ɔb,ɔs.ɔb,ɛsɔb,ɔsɔb
ɛs.ɔd,ɔs.ɔd,ɛsɔd,ɔsɔd
ɛs.ɔg,ɔs.ɔg,ɛsɔg,ɔsɔg
ɛs.ɔf,ɔs.ɔf,ɛsɔf,ɔsɔf
ɛs.ɔs,ɔs.ɔs,ɛsɔs,ɔsɔs
ɛs.ɔv,ɔs.ɔv,ɛsɔv,ɔsɔv
ɛs.ɔz,ɔs.ɔz,ɛsɔz,ɔsɔz
ɛs.ɔʃ,ɔs.ɔʃ,ɛsɔʃ,ɔsɔʃ
ɛs.ɔʒ,ɔs.ɔʒ,ɛsɔʒ,ɔsɔʒ
ɛs.ɔθ,ɔs.ɔθ,ɛsɔθ,ɔsɔθ
ɛs.ɔð,ɔs.ɔð,ɛsɔð,ɔsɔð
ɛv.ɪm,ɔv.ɪm,ɛvɪm,ɔvɪm
ɛv.ɪn,ɔv.ɪn,ɛvɪn,ɔvɪn
ɛv.ɪŋ,ɔv.ɪŋ,ɛvɪŋ,ɔvɪŋ
ɛv.ɪp,ɔv.ɪp,ɛvɪp,ɔvɪp
ɛv.ɪt,ɔv.ɪt,ɛvɪt,ɔvɪt
ɛv.ɪk,ɔv.ɪk,ɛvɪk,ɔvɪk
ɛv.ɪb,ɔv.ɪb,ɛvɪb,ɔvɪb
ɛv.ɪd,ɔv.ɪd,ɛvɪd,ɔvɪd
ɛv.ɪg,ɔv.ɪg,ɛvɪg,ɔvɪg
ɛv.ɪf,ɔv.ɪf,ɛvɪf,ɔvɪf
ɛv.ɪs,ɔv.ɪs,ɛvɪs,ɔvɪs
ɛv.ɪv,ɔv.ɪv,ɛvɪv,ɔvɪv
ɛv.ɪz,ɔv.ɪz,ɛvɪz,ɔvɪz
ɛv.ɪʃ,ɔv.ɪʃ,ɛvɪʃ,ɔvɪʃ
ɛv.ɪʒ,ɔv.ɪʒ,ɛvɪʒ,ɔvɪʒ
ɛv.ɪθ,ɔv.ɪθ,ɛvɪθ,ɔvɪθ
ɛv.ɪð,ɔv.ɪð,ɛvɪð,ɔvɪð
ɛv.ɛm,ɔv.ɛm,ɛvɛm,ɔvɛm
ɛv.ɛn,ɔv.ɛn,ɛvɛn,ɔvɛn
ɛv.ɛŋ,ɔv.ɛŋ,ɛvɛŋ,ɔvɛŋ
ɛv.ɛp,ɔv.ɛp,ɛvɛp,ɔvɛp
ɛv.ɛt,ɔv.ɛt,ɛvɛt,ɔvɛt
ɛv.ɛk,ɔv.ɛk,ɛvɛk,ɔvɛk
ɛv.ɛb,ɔv.ɛb,ɛvɛb,ɔvɛb
ɛv.ɛd,ɔv.ɛd,ɛvɛd,ɔvɛd
ɛv.ɛg,ɔv.ɛg,ɛvɛg,ɔvɛg
ɛv.ɛf,ɔv.ɛf,ɛvɛf,ɔvɛf
ɛv.ɛs,ɔv.ɛs,ɛvɛs,ɔvɛs
ɛv.ɛv,ɔv.ɛv,ɛvɛv,ɔvɛv
ɛv.ɛz,ɔv.ɛz,ɛvɛz,ɔvɛz
ɛv.ɛʃ,ɔv.ɛʃ,ɛvɛʃ,ɔvɛʃ
ɛv.ɛʒ,ɔv.ɛʒ,ɛvɛʒ,ɔvɛʒ
ɛv.ɛθ,ɔv.ɛθ,ɛvɛθ,ɔvɛθ
ɛv.ɛð,ɔv.ɛð,ɛvɛð,ɔvɛð
ɛv.ʊm,ɔv.ʊm,ɛvʊm,ɔvʊm
ɛv.ʊn,ɔv.ʊn,ɛvʊn,ɔvʊn
ɛv.ʊŋ,ɔv.ʊŋ,ɛvʊŋ,ɔvʊŋ
ɛv.ʊp,ɔv.ʊp,ɛvʊp,ɔvʊp
ɛv.ʊt,ɔv.ʊt,ɛvʊt,ɔvʊt
ɛv.ʊk,ɔv.ʊk,ɛvʊk,ɔvʊk
ɛv.ʊb,ɔv.ʊb,ɛvʊb,ɔvʊb
ɛv.ʊd,ɔv.ʊd,ɛvʊd,ɔvʊd
ɛv.ʊg,ɔv.ʊg,ɛvʊg,ɔvʊg
ɛv.ʊf,ɔv.ʊf,ɛvʊf,ɔvʊf
ɛv.ʊs,ɔv.ʊs,ɛvʊs,ɔvʊs
ɛv.ʊv,ɔv.ʊv,ɛvʊv,ɔvʊv
ɛv.ʊz,ɔv.ʊz,ɛvʊz,ɔvʊz
ɛv.ʊʃ,ɔv.ʊʃ,ɛvʊʃ,ɔvʊʃ
ɛv.ʊʒ,ɔv.ʊʒ,ɛvʊʒ,ɔvʊʒ
ɛv.ʊθ,ɔv.ʊθ,ɛvʊθ,ɔvʊθ
ɛv.ʊð,ɔv.ʊð,ɛvʊð,ɔvʊð
ɛv.ɔm,ɔv.ɔm,ɛvɔm,ɔvɔm
ɛv.ɔn,ɔv.ɔn,ɛvɔn,ɔvɔn
ɛv.ɔŋ,ɔv.ɔŋ,ɛvɔŋ,ɔvɔŋ
ɛv.ɔp,ɔv.ɔp,ɛvɔp,ɔvɔp
ɛv.ɔt,ɔv.ɔt,ɛvɔt,ɔvɔt
ɛv.ɔk,ɔv.ɔk,ɛvɔk,ɔvɔk
ɛv.ɔb,ɔv.ɔb,ɛvɔb,ɔvɔb
ɛv.ɔd,ɔv.ɔd,ɛvɔd,ɔvɔd
ɛv.ɔg,ɔv.ɔg,ɛvɔg,ɔvɔg
ɛv.ɔf,ɔv.ɔf,ɛvɔf,ɔvɔf
ɛv.ɔs,ɔv.ɔs,ɛvɔs,ɔvɔs
ɛv.ɔv,ɔv.ɔv,ɛvɔv,ɔvɔv
ɛv.ɔz,ɔv.ɔz,ɛvɔz,ɔvɔz
ɛv.ɔʃ,ɔv.ɔʃ,ɛvɔʃ,ɔvɔʃ
ɛv.ɔʒ,ɔv.ɔʒ,ɛvɔʒ,ɔvɔʒ
ɛv.ɔθ,ɔv.ɔθ,ɛvɔθ,ɔvɔθ
ɛv.ɔð,ɔv.ɔð,ɛvɔð,ɔvɔð
ɛz.ɪm,ɔz.ɪm,ɛzɪm,ɔzɪm
ɛz.ɪn,ɔz.ɪn,ɛzɪn,ɔzɪn
ɛz.ɪŋ,ɔz.ɪŋ,ɛzɪŋ,ɔzɪŋ
ɛz.ɪp,ɔz.ɪp,ɛzɪp,ɔzɪp
ɛz.ɪt,ɔz.ɪt,ɛzɪt,ɔzɪt
ɛz.ɪk,ɔz.ɪk,ɛzɪk,ɔzɪk
ɛz.ɪb,ɔz.ɪb,ɛzɪb,ɔzɪb
ɛz.ɪd,ɔz.ɪd,ɛzɪd,ɔzɪd
ɛz.ɪg,ɔz.ɪg,ɛzɪg,ɔzɪg
ɛz.ɪf,ɔz.ɪf,ɛzɪf,ɔzɪf
ɛz.ɪs,ɔz.ɪs,ɛzɪs,ɔzɪs
ɛz.ɪv,ɔz.ɪv,ɛzɪv,ɔzɪv
ɛz.ɪz,ɔz.ɪz,ɛzɪz,ɔzɪz
ɛz.ɪʃ,ɔz.ɪʃ,ɛzɪʃ,ɔzɪʃ
ɛz.ɪʒ,ɔz.ɪʒ,ɛzɪʒ,ɔzɪʒ
ɛz.ɪθ,ɔz.ɪθ,ɛzɪθ,ɔzɪθ
ɛz.ɪð,ɔz.ɪð,ɛzɪð,ɔzɪð
ɛz.ɛm,ɔz.ɛm,ɛzɛm,ɔzɛm
ɛz.ɛn,ɔz.ɛn,ɛzɛn,ɔzɛn
ɛz.ɛŋ,ɔz.ɛŋ,ɛzɛŋ,ɔzɛŋ
ɛz.ɛp,ɔz.ɛp,ɛzɛp,ɔzɛp
ɛz.ɛt,ɔz.ɛt,ɛzɛt,ɔzɛt
ɛz.ɛk,ɔz.ɛk,ɛzɛk,ɔzɛk
ɛz.ɛb,ɔz.ɛb,ɛzɛb,ɔzɛb
ɛz.ɛd,ɔz.ɛd,ɛzɛd,ɔzɛd
ɛz.ɛg,ɔz.ɛg,ɛzɛg,ɔzɛg
ɛz.ɛf,ɔz.ɛf,ɛzɛf,ɔzɛf
ɛz.ɛs,ɔz.ɛs,ɛzɛs,ɔzɛs
ɛz.ɛv,ɔz.ɛv,ɛzɛv,ɔzɛv
ɛz.ɛz,ɔz.ɛz,ɛzɛz,ɔzɛz
ɛz.ɛʃ,ɔz.ɛʃ,ɛzɛʃ,ɔzɛʃ
ɛz.ɛʒ,ɔz.ɛʒ,ɛzɛʒ,ɔzɛʒ
ɛz.ɛθ,ɔz.ɛθ,ɛzɛθ,ɔzɛθ
ɛz.ɛð,ɔz.ɛð,ɛzɛð,ɔzɛð
ɛz.ʊm,ɔz.ʊm,ɛzʊm,ɔzʊm
ɛz.ʊn,ɔz.ʊn,ɛzʊn,ɔzʊn
ɛz.ʊŋ,ɔz.ʊŋ,ɛzʊŋ,ɔzʊŋ
ɛz.ʊp,ɔz.ʊp,ɛzʊp,ɔzʊp
ɛz.ʊt,ɔz.ʊt,ɛzʊt,ɔzʊt
ɛz.ʊk,ɔz.ʊk,ɛzʊk,ɔzʊk
ɛz.ʊb,ɔz.ʊb,ɛzʊb,ɔzʊb
ɛz.ʊd,ɔz.ʊd,ɛzʊd,ɔzʊd
ɛz.ʊg,ɔz.ʊg,ɛzʊg,ɔzʊg
ɛz.ʊf,ɔz.ʊf,ɛzʊf,ɔzʊf
ɛz.ʊs,ɔz.ʊs,ɛzʊs,ɔzʊs
ɛz.ʊv,ɔz.ʊv,ɛzʊv,ɔzʊv
ɛz.ʊz,ɔz.ʊz,ɛzʊz,ɔzʊz
ɛz.ʊʃ,ɔz.ʊʃ,ɛzʊʃ,ɔzʊʃ
ɛz.ʊʒ,ɔz.ʊʒ,ɛzʊʒ,ɔzʊʒ
ɛz.ʊθ,ɔz.ʊθ,ɛzʊθ,ɔzʊθ
ɛz.ʊð,ɔz.ʊð,ɛzʊð,ɔzʊð
ɛz.ɔm,ɔz.ɔm,ɛzɔm,ɔzɔm
ɛz.ɔn,ɔz.ɔn,ɛzɔn,ɔzɔn
ɛz.ɔŋ,ɔz.ɔŋ,ɛzɔŋ,ɔzɔŋ
ɛz.ɔp,ɔz.ɔp,ɛzɔp,ɔzɔp
ɛz.ɔt,ɔz.ɔt,ɛzɔt,ɔzɔt
ɛz.ɔk,ɔz.ɔk,ɛzɔk,ɔzɔk
ɛz.ɔb,ɔz.ɔb,ɛzɔb,ɔzɔb
ɛz.ɔd,ɔz.ɔd,ɛzɔd,ɔzɔd
ɛz.ɔg,ɔz.ɔg,ɛzɔg,ɔzɔg
ɛz.ɔf,ɔz.ɔf,ɛzɔf,ɔzɔf
ɛz.ɔs,ɔz.ɔs,ɛzɔs,ɔzɔs
ɛz.ɔv,ɔz.ɔv,ɛzɔv,ɔzɔv
ɛz.ɔz,ɔz.ɔz,ɛzɔz,ɔzɔz
ɛz.ɔʃ,ɔz.ɔʃ,ɛzɔʃ,ɔzɔʃ
ɛz.ɔʒ,ɔz.ɔʒ,ɛzɔʒ,ɔzɔʒ
ɛz.ɔθ,ɔz.ɔθ,ɛzɔθ,ɔzɔθ
ɛz.ɔð,ɔz.ɔð,ɛzɔð,ɔzɔð
ɛʃ.ɪm,ɔʃ.ɪm,ɛʃɪm,ɔʃɪm
ɛʃ.ɪn,ɔʃ.ɪn,ɛʃɪn,ɔʃɪn
ɛʃ.ɪŋ,ɔʃ.ɪŋ,ɛʃɪŋ,ɔʃɪŋ
ɛʃ.ɪp,ɔʃ.ɪp,ɛʃɪp,ɔʃɪp
ɛʃ.ɪt,ɔʃ.ɪt,ɛʃɪt,ɔʃɪt
ɛʃ.ɪk,ɔʃ.ɪk,ɛʃɪk,ɔʃɪk
ɛʃ.ɪb,ɔʃ.ɪb,ɛʃɪb,ɔʃɪb
ɛʃ.ɪd,ɔʃ.ɪd,ɛʃɪd,ɔʃɪd
ɛʃ.ɪg,ɔʃ.ɪg,ɛʃɪg,ɔʃɪg
ɛʃ.ɪf,ɔʃ.ɪf,ɛʃɪf,ɔʃɪf
ɛʃ.ɪs,ɔʃ.ɪs,ɛʃɪs,ɔʃɪs
ɛʃ.ɪv,ɔʃ.ɪv,ɛʃɪv,ɔʃɪv
ɛʃ.ɪz,ɔʃ.ɪz,ɛʃɪz,ɔʃɪz
ɛʃ.ɪʃ,ɔʃ.ɪʃ,ɛʃɪʃ,ɔʃɪʃ
ɛʃ.ɪʒ,ɔʃ.ɪʒ,ɛʃɪʒ,ɔʃɪʒ
ɛʃ.ɪθ,ɔʃ.ɪθ,ɛʃɪθ,ɔʃɪθ
ɛʃ.ɪð,ɔʃ.ɪð,ɛʃɪð,ɔʃɪð
ɛʃ.ɛm,ɔʃ.ɛm,ɛʃɛm,ɔʃɛm
ɛʃ.ɛn,ɔʃ.ɛn,ɛʃɛn,ɔʃɛn
ɛʃ.ɛŋ,ɔʃ.ɛŋ,ɛʃɛŋ,ɔʃɛŋ
ɛʃ.ɛp,ɔʃ.ɛp,ɛʃɛp,ɔʃɛp
ɛʃ.ɛt,ɔʃ.ɛt,ɛʃɛt,ɔʃɛt
ɛʃ.ɛk,ɔʃ.ɛk,ɛʃɛk,ɔʃɛk
ɛʃ.ɛb,ɔʃ.ɛb,ɛʃɛb,ɔʃɛb
ɛʃ.ɛd,ɔʃ.ɛd,ɛʃɛd,ɔʃɛd
ɛʃ.ɛg,ɔʃ.ɛg,ɛʃɛg,ɔʃɛg
ɛʃ.ɛf,ɔʃ.ɛf,ɛʃɛf,ɔʃɛf
ɛʃ.ɛs,ɔʃ.ɛs,ɛʃɛs,ɔʃɛs
ɛʃ.ɛv,ɔʃ.ɛv,ɛʃɛv,ɔʃɛv
ɛʃ.ɛz,ɔʃ.ɛz,ɛʃɛz,ɔʃɛz
ɛʃ.ɛʃ,ɔʃ.ɛʃ,ɛʃɛʃ,ɔʃɛʃ
ɛʃ.ɛʒ,ɔʃ.ɛʒ,ɛʃɛʒ,ɔʃɛʒ
ɛʃ.ɛθ,ɔʃ.ɛθ,ɛʃɛθ,ɔʃɛθ
ɛʃ.ɛð,ɔʃ.ɛð,ɛʃɛð,ɔʃɛð
ɛʃ.ʊm,ɔʃ.ʊm,ɛʃʊm,ɔʃʊm
ɛʃ.ʊn,ɔʃ.ʊn,ɛʃʊn,ɔʃʊn
ɛʃ.ʊŋ,ɔʃ.ʊŋ,ɛʃʊŋ,ɔʃʊŋ
ɛʃ.ʊp,ɔʃ.ʊp,ɛʃʊp,ɔʃʊp
ɛʃ.ʊt,ɔʃ.ʊt,ɛʃʊt,ɔʃʊt
ɛʃ.ʊk,ɔʃ.ʊk,ɛʃʊk,ɔʃʊk
ɛʃ.ʊb,ɔʃ.ʊb,ɛʃʊb,ɔʃʊb
ɛʃ.ʊd,ɔʃ.ʊd,ɛʃʊd,ɔʃʊd
ɛʃ.ʊg,ɔʃ.ʊg,ɛʃʊg,ɔʃʊg
ɛʃ.ʊf,ɔʃ.ʊf,ɛʃʊf,ɔʃʊf
ɛʃ.ʊs,ɔʃ.ʊs,ɛʃʊs,ɔʃʊs
ɛʃ.ʊv,ɔʃ.ʊv,ɛʃʊv,ɔʃʊv
ɛʃ.ʊz,ɔʃ.ʊz,ɛʃʊz,ɔʃʊz
ɛʃ.ʊʃ,ɔʃ.ʊʃ,ɛʃʊʃ,ɔʃʊʃ
ɛʃ.ʊʒ,ɔʃ.ʊʒ,ɛʃʊʒ,ɔʃʊʒ
ɛʃ.ʊθ,ɔʃ.ʊθ,ɛʃʊθ,ɔʃʊθ
ɛʃ.ʊð,ɔʃ.ʊð,ɛʃʊð,ɔʃʊð
ɛʃ.ɔm,ɔʃ.ɔm,ɛʃɔm,ɔʃɔm
ɛʃ.ɔn,ɔʃ.ɔn,ɛʃɔn,ɔʃɔn
ɛʃ.ɔŋ,ɔʃ.ɔŋ,ɛʃɔŋ,ɔʃɔŋ
ɛʃ.ɔp,ɔʃ.ɔp,ɛʃɔp,ɔʃɔp
ɛʃ.ɔt,ɔʃ.ɔt,ɛʃɔt,ɔʃɔt
ɛʃ.ɔk,ɔʃ.ɔk,ɛʃɔk,ɔʃɔk
ɛʃ.ɔb,ɔʃ.ɔb,ɛʃɔb,ɔʃɔb
ɛʃ.ɔd,ɔʃ.ɔd,ɛʃɔd,ɔʃɔd
ɛʃ.ɔg,ɔʃ.ɔg,ɛʃɔg,ɔʃɔg
ɛʃ.ɔf,ɔʃ.ɔf,ɛʃɔf,ɔʃɔf
ɛʃ.ɔs,ɔʃ.ɔs,ɛʃɔs,ɔʃɔs
ɛʃ.ɔv,ɔʃ.ɔv,ɛʃɔv,ɔʃɔv
ɛʃ.ɔz,ɔʃ.ɔz,ɛʃɔz,ɔʃɔz
ɛʃ.ɔʃ,ɔʃ.ɔʃ,ɛʃɔʃ,ɔʃɔʃ
ɛʃ.ɔʒ,ɔʃ.ɔʒ,ɛʃɔʒ,ɔʃɔʒ
ɛʃ.ɔθ,ɔʃ.ɔθ,ɛʃɔθ,ɔʃɔθ
ɛʃ.ɔð,ɔʃ.ɔð,ɛʃɔð,ɔʃɔð
ɛʒ.ɪm,ɔʒ.ɪm,ɛʒɪm,ɔʒɪm
ɛʒ.ɪn,ɔʒ.ɪn,ɛʒɪn,ɔʒɪn
ɛʒ.ɪŋ,ɔʒ.ɪŋ,ɛʒɪŋ,ɔʒɪŋ
ɛʒ.ɪp,ɔʒ.ɪp,ɛʒɪp,ɔʒɪp
ɛʒ.ɪt,ɔʒ.ɪt,ɛʒɪt,ɔʒɪt
ɛʒ.ɪk,ɔʒ.ɪk,ɛʒɪk,ɔʒɪk
ɛʒ.ɪb,ɔʒ.ɪb,ɛʒɪb,ɔʒɪb
ɛʒ.ɪd,ɔʒ.ɪd,ɛʒɪd,ɔʒɪd
ɛʒ.ɪg,ɔʒ.ɪg,ɛʒɪg,ɔʒɪg
ɛʒ.ɪf,ɔʒ.ɪf,ɛʒɪf,ɔʒɪf
ɛʒ.ɪs,ɔʒ.ɪs,ɛʒɪs,ɔʒɪs
ɛʒ.ɪv,ɔʒ.ɪv,ɛʒɪv,ɔʒɪv
ɛʒ.ɪz,ɔʒ.ɪz,ɛʒɪz,ɔʒɪz
ɛʒ.ɪʃ,ɔʒ.ɪʃ,ɛʒɪʃ,ɔʒɪʃ
ɛʒ.ɪʒ,ɔʒ.ɪʒ,ɛʒɪʒ,ɔʒɪʒ
ɛʒ.ɪθ,ɔʒ.ɪθ,ɛʒɪθ,ɔʒɪθ
ɛʒ.ɪð,ɔʒ.ɪð,ɛʒɪð,ɔʒɪð
ɛʒ.ɛm,ɔʒ.ɛm,ɛʒɛm,ɔʒɛm
ɛʒ.ɛn,ɔʒ.ɛn,ɛʒɛn,ɔʒɛn
ɛʒ.ɛŋ,ɔʒ.ɛŋ,ɛʒɛŋ,ɔʒɛŋ
ɛʒ.ɛp,ɔʒ.ɛp,ɛʒɛp,ɔʒɛp
ɛʒ.ɛt,ɔʒ.ɛt,ɛʒɛt,ɔʒɛt
ɛʒ.ɛk,ɔʒ.ɛk,ɛʒɛk,ɔʒɛk
ɛʒ.ɛb,ɔʒ.ɛb,ɛʒɛb,ɔʒɛb
ɛʒ.ɛd,ɔʒ.ɛd,ɛʒɛd,ɔʒɛd
ɛʒ.ɛg,ɔʒ.ɛg,ɛʒɛg,ɔʒɛg
ɛʒ.ɛf,ɔʒ.ɛf,ɛʒɛf,ɔʒɛf
ɛʒ.ɛs,ɔʒ.ɛs,ɛʒɛs,ɔʒɛs
ɛʒ.ɛv,ɔʒ.ɛv,ɛʒɛv,ɔʒɛv
ɛʒ.ɛz,ɔʒ.ɛz,ɛʒɛz,ɔʒɛz
ɛʒ.ɛʃ,ɔʒ.ɛʃ,ɛʒɛʃ,ɔʒɛʃ
ɛʒ.ɛʒ,ɔʒ.ɛʒ,ɛʒɛʒ,ɔʒɛʒ
ɛʒ.ɛθ,ɔʒ.ɛθ,ɛʒɛθ,ɔʒɛθ
ɛʒ.ɛð,ɔʒ.ɛð,ɛʒɛð,ɔʒɛð
ɛʒ.ʊm,ɔʒ.ʊm,ɛʒʊm,ɔʒʊm
ɛʒ.ʊn,ɔʒ.ʊn,ɛʒʊn,ɔʒʊn
ɛʒ.ʊŋ,ɔʒ.ʊŋ,ɛʒʊŋ,ɔʒʊŋ
ɛʒ.ʊp,ɔʒ.ʊp,ɛʒʊp,ɔʒʊp
ɛʒ.ʊt,ɔʒ.ʊt,ɛʒʊt,ɔʒʊt
ɛʒ.ʊk,ɔʒ.ʊk,ɛʒʊk,ɔʒʊk
ɛʒ.ʊb,ɔʒ.ʊb,ɛʒʊb,ɔʒʊb
ɛʒ.ʊd,ɔʒ.ʊd,ɛʒʊd,ɔʒʊd
ɛʒ.ʊg,ɔʒ.ʊg,ɛʒʊg,ɔʒʊg
ɛʒ.ʊf,ɔʒ.ʊf,ɛʒʊf,ɔʒʊf
ɛʒ.ʊs,ɔʒ.ʊs,ɛʒʊs,ɔʒʊs
ɛʒ.ʊv,ɔʒ.ʊv,ɛʒʊv,ɔʒʊv
ɛʒ.ʊz,ɔʒ.ʊz,ɛʒʊz,ɔʒʊz
ɛʒ.ʊʃ,ɔʒ.ʊʃ,ɛʒʊʃ,ɔʒʊʃ
ɛʒ.ʊʒ,ɔʒ.ʊʒ,ɛʒʊʒ,ɔʒʊʒ
ɛʒ.ʊθ,ɔʒ.ʊθ,ɛʒʊθ,ɔʒʊθ
ɛʒ.ʊð,ɔʒ.ʊð,ɛʒʊð,ɔʒʊð
ɛʒ.ɔm,ɔʒ.ɔm,ɛʒɔm,ɔʒɔm
ɛʒ.ɔn,ɔʒ.ɔn,ɛʒɔn,ɔʒɔn
ɛʒ.ɔŋ,ɔʒ.ɔŋ,ɛʒɔŋ,ɔʒɔŋ
ɛʒ.ɔp,ɔʒ.ɔp,ɛʒɔp,ɔʒɔp
ɛʒ.ɔt,ɔʒ.ɔt,ɛʒɔt,ɔʒɔt
ɛʒ.ɔk,ɔʒ.ɔk,ɛʒɔk,ɔʒɔk
ɛʒ.ɔb,ɔʒ.ɔb,ɛʒɔb,ɔʒɔb
ɛʒ.ɔd,ɔʒ.ɔd,ɛʒɔd,ɔʒɔd
ɛʒ.ɔg,ɔʒ.ɔg,ɛʒɔg,ɔʒɔg
ɛʒ.ɔf,ɔʒ.ɔf,ɛʒɔf,ɔʒɔf
ɛʒ.ɔs,ɔʒ.ɔs,ɛʒɔs,ɔʒɔs
ɛʒ.ɔv,ɔʒ.ɔv,ɛʒɔv,ɔʒɔv
ɛʒ.ɔz,ɔʒ.ɔz,ɛʒɔz,ɔʒɔz
ɛʒ.ɔʃ,ɔʒ.ɔʃ,ɛʒɔʃ,ɔʒɔʃ
ɛʒ.ɔʒ,ɔʒ.ɔʒ,ɛʒɔʒ,ɔʒɔʒ
ɛʒ.ɔθ,ɔʒ.ɔθ,ɛʒɔθ,ɔʒɔθ
ɛʒ.ɔð,ɔʒ.ɔð,ɛʒɔð,ɔʒɔð
ɛθ.ɪm,ɔθ.ɪm,ɛθɪm,ɔθɪm
ɛθ.ɪn,ɔθ.ɪn,ɛθɪn,ɔθɪn
ɛθ.ɪŋ,ɔθ.ɪŋ,ɛθɪŋ,ɔθɪŋ
ɛθ.ɪp,ɔθ.ɪp,ɛθɪp,ɔθɪp
ɛθ.ɪt,ɔθ.ɪt,ɛθɪt,ɔθɪt
ɛθ.ɪk,ɔθ.ɪk,ɛθɪk,ɔθɪk
ɛθ.ɪb,ɔθ.ɪb,ɛθɪb,ɔθɪb
ɛθ.ɪd,ɔθ.ɪd,ɛθɪd,ɔθɪd
ɛθ.ɪg,ɔθ.ɪg,ɛθɪg,ɔθɪg
ɛθ.ɪf,ɔθ.ɪf,ɛθɪf,ɔθɪf
ɛθ.ɪs,ɔθ.ɪs,ɛθɪs,ɔθɪs
ɛθ.ɪv,ɔθ.ɪv,ɛθɪv,ɔθɪv
ɛθ.ɪz,ɔθ.ɪz,ɛθɪz,ɔθɪz
ɛθ.ɪʃ,ɔθ.ɪʃ,ɛθɪʃ,ɔθɪʃ
ɛθ.ɪʒ,ɔθ.ɪʒ,ɛθɪʒ,ɔθɪʒ
ɛθ.ɪθ,ɔθ.ɪθ,ɛθɪθ,ɔθɪθ
ɛθ.ɪð,ɔθ.ɪð,ɛθɪð,ɔθɪð
ɛθ.ɛm,ɔθ.ɛm,ɛθɛm,ɔθɛm
ɛθ.ɛn,ɔθ.ɛn,ɛθɛn,ɔθɛn
ɛθ.ɛŋ,ɔθ.ɛŋ,ɛθɛŋ,ɔθɛŋ
ɛθ.ɛp,ɔθ.ɛp,ɛθɛp,ɔθɛp
ɛθ.ɛt,ɔθ.ɛt,ɛθɛt,ɔθɛt
ɛθ.ɛk,ɔθ.ɛk,ɛθɛk,ɔθɛk
ɛθ.ɛb,ɔθ.ɛb,ɛθɛb,ɔθɛb
ɛθ.ɛd,ɔθ.ɛd,ɛθɛd,ɔθɛd
ɛθ.ɛg,ɔθ.ɛg,ɛθɛg,ɔθɛg
ɛθ.ɛf,ɔθ.ɛf,ɛθɛf,ɔθɛf
ɛθ.ɛs,ɔθ.ɛs,ɛθɛs,ɔθɛs
ɛθ.ɛv,ɔθ.ɛv,ɛθɛv,ɔθɛv
ɛθ.ɛz,ɔθ.ɛz,ɛθɛz,ɔθɛz
ɛθ.ɛʃ,ɔθ.ɛʃ,ɛθɛʃ,ɔθɛʃ
ɛθ.ɛʒ,ɔθ.ɛʒ,ɛθɛʒ,ɔθɛʒ
ɛθ.ɛθ,ɔθ.ɛθ,ɛθɛθ,ɔθɛθ
ɛθ.ɛð,ɔθ.ɛð,ɛθɛð,ɔθɛð
ɛθ.ʊm,ɔθ.ʊm,ɛθʊm,ɔθʊm
ɛθ.ʊn,ɔθ.ʊn,ɛθʊn,ɔθʊn
ɛθ.ʊŋ,ɔθ.ʊŋ,ɛθʊŋ,ɔθʊŋ
ɛθ.ʊp,ɔθ.ʊp,ɛθʊp,ɔθʊp
ɛθ.ʊt,ɔθ.ʊt,ɛθʊt,ɔθʊt
ɛθ.ʊk,ɔθ.ʊk,ɛθʊk,ɔθʊk
ɛθ.ʊb,ɔθ.ʊb,ɛθʊb,ɔθʊb
ɛθ.ʊd,ɔθ.ʊd,ɛθʊd,ɔθʊd
ɛθ.ʊg,ɔθ.ʊg,ɛθʊg,ɔθʊg
ɛθ.ʊf,ɔθ.ʊf,ɛθʊf,ɔθʊf
ɛθ.ʊs,ɔθ.ʊs,ɛθʊs,ɔθʊs
ɛθ.ʊv,ɔθ.ʊv,ɛθʊv,ɔθʊv
ɛθ.ʊz,ɔθ.ʊz,ɛθʊz,ɔθʊz
ɛθ.ʊʃ,ɔθ.ʊʃ,ɛθʊʃ,ɔθʊʃ
ɛθ.ʊʒ,ɔθ.ʊʒ,ɛθʊʒ,ɔθʊʒ
ɛθ.ʊθ,ɔθ.ʊθ,ɛθʊθ,ɔθʊθ
ɛθ.ʊð,ɔθ.ʊð,ɛθʊð,ɔθʊð
ɛθ.ɔm,ɔθ.ɔm,ɛθɔm,ɔθɔm
ɛθ.ɔn,ɔθ.ɔn,ɛθɔn,ɔθɔn
ɛθ.ɔŋ,ɔθ.ɔŋ,ɛθɔŋ,ɔθɔŋ
ɛθ.ɔp,ɔθ.ɔp,ɛθɔp,ɔθɔp
ɛθ.ɔt,ɔθ.ɔt,ɛθɔt,ɔθɔt
ɛθ.ɔk,ɔθ.ɔk,ɛθɔk,ɔθɔk
ɛθ.ɔb,ɔθ.ɔb,ɛθɔb,ɔθɔb
ɛθ.ɔd,ɔθ.ɔd,ɛθɔd,ɔθɔd
ɛθ.ɔg,ɔθ.ɔg,ɛθɔg,ɔθɔg
ɛθ.ɔf,ɔθ.ɔf,ɛθɔf,ɔθɔf
ɛθ.ɔs,ɔθ.ɔs,ɛθɔs,ɔθɔs
ɛθ.ɔv,ɔθ.ɔv,ɛθɔv,ɔθɔv
ɛθ.ɔz,ɔθ.ɔz,ɛθɔz,ɔθɔz
ɛθ.ɔʃ,ɔθ.ɔʃ,ɛθɔʃ,ɔθɔʃ
ɛθ.ɔʒ,ɔθ.ɔʒ,ɛθɔʒ,ɔθɔʒ
ɛθ.ɔθ,ɔθ.ɔθ,ɛθɔθ,ɔθɔθ
ɛθ.ɔð,ɔθ.ɔð,ɛθɔð,ɔθɔð
ɛð.ɪm,ɔð.ɪm,ɛðɪm,ɔðɪm
ɛð.ɪn,ɔð.ɪn,ɛðɪn,ɔðɪn
ɛð.ɪŋ,ɔð.ɪŋ,ɛðɪŋ,ɔðɪŋ
ɛð.ɪp,ɔð.ɪp,ɛðɪp,ɔðɪp
ɛð.ɪt,ɔð.ɪt,ɛðɪt,ɔðɪt
ɛð.ɪk,ɔð.ɪk,ɛðɪk,ɔðɪk
ɛð.ɪb,ɔð.ɪb,ɛðɪb,ɔðɪb
ɛð.ɪd,ɔð.ɪd,ɛðɪd,ɔðɪd
ɛð.ɪg,ɔð.ɪg,ɛðɪg,ɔðɪg
ɛð.ɪf,ɔð.ɪf,ɛðɪf,ɔðɪf
ɛð.ɪs,ɔð.ɪs,ɛðɪs,ɔðɪs
ɛð.ɪv,ɔð.ɪv,ɛðɪv,ɔðɪv
ɛð.ɪz,ɔð.ɪz,ɛðɪz,ɔðɪz
ɛð.ɪʃ,ɔð.ɪʃ,ɛðɪʃ,ɔðɪʃ
ɛð.ɪʒ,ɔð.ɪʒ,ɛðɪʒ,ɔðɪʒ
ɛð.ɪθ,ɔð.ɪθ,ɛðɪθ,ɔðɪθ
ɛð.ɪð,ɔð.ɪð,ɛðɪð,ɔðɪð
ɛð.ɛm,ɔð.ɛm,ɛðɛm,ɔðɛm
ɛð.ɛn,ɔð.ɛn,ɛðɛn,ɔðɛn
ɛð.ɛŋ,ɔð.ɛŋ,ɛðɛŋ,ɔðɛŋ
ɛð.ɛp,ɔð.ɛp,ɛðɛp,ɔðɛp
ɛð.ɛt,ɔð.ɛt,ɛðɛt,ɔðɛt
ɛð.ɛk,ɔð.ɛk,ɛðɛk,ɔðɛk
ɛð.ɛb,ɔð.ɛb,ɛðɛb,ɔðɛb
ɛð.ɛd,ɔð.ɛd,ɛðɛd,ɔðɛd
ɛð.ɛg,ɔð.ɛg,ɛðɛg,ɔðɛg
ɛð.ɛf,ɔð.ɛf,ɛðɛf,ɔðɛf
ɛð.ɛs,ɔð.ɛs,ɛðɛs,ɔðɛs
ɛð.ɛv,ɔð.ɛv,ɛðɛv,ɔðɛv
ɛð.ɛz,ɔð.ɛz,ɛðɛz,ɔðɛz
ɛð.ɛʃ,ɔð.ɛʃ,ɛðɛʃ,ɔðɛʃ
ɛð.ɛʒ,ɔð.ɛʒ,ɛðɛʒ,ɔðɛʒ
ɛð.ɛθ,ɔð.ɛθ,ɛðɛθ,ɔðɛθ
ɛð.ɛð,ɔð.ɛð,ɛðɛð,ɔðɛð
ɛð.ʊm,ɔð.ʊm,ɛðʊm,ɔðʊm
ɛð.ʊn,ɔð.ʊn,ɛðʊn,ɔðʊn
ɛð.ʊŋ,ɔð.ʊŋ,ɛðʊŋ,ɔðʊŋ
ɛð.ʊp,ɔð.ʊp,ɛðʊp,ɔðʊp
ɛð.ʊt,ɔð.ʊt,ɛðʊt,ɔðʊt
ɛð.ʊk,ɔð.ʊk,ɛðʊk,ɔðʊk
ɛð.ʊb,ɔð.ʊb,ɛðʊb,ɔðʊb
ɛð.ʊd,ɔð.ʊd,ɛðʊd,ɔðʊd
ɛð.ʊg,ɔð.ʊg,ɛðʊg,ɔðʊg
ɛð.ʊf,ɔð.ʊf,ɛðʊf,ɔðʊf
ɛð.ʊs,ɔð.ʊs,ɛðʊs,ɔðʊs
ɛð.ʊv,ɔð.ʊv,ɛðʊv,ɔðʊv
ɛð.ʊz,ɔð.ʊz,ɛðʊz,ɔðʊz
ɛð.ʊʃ,ɔð.ʊʃ,ɛðʊʃ,ɔðʊʃ
ɛð.ʊʒ,ɔð.ʊʒ,ɛðʊʒ,ɔðʊʒ
ɛð.ʊθ,ɔð.ʊθ,ɛðʊθ,ɔðʊθ
ɛð.ʊð,ɔð.ʊð,ɛðʊð,ɔðʊð
ɛð.ɔm,ɔð.ɔm,ɛðɔm,ɔðɔm
ɛð.ɔn,ɔð.ɔn,ɛðɔn,ɔðɔn
ɛð.ɔŋ,ɔð.ɔŋ,ɛðɔŋ,ɔðɔŋ
ɛð.ɔp,ɔð.ɔp,ɛðɔp,ɔðɔp
ɛð.ɔt,ɔð.ɔt,ɛðɔt,ɔðɔt
ɛð.ɔk,ɔð.ɔk,ɛðɔk,ɔðɔk
ɛð.ɔb,ɔð.ɔb,ɛðɔb,ɔðɔb
ɛð.ɔd,ɔð.ɔd,ɛðɔd,ɔðɔd
ɛð.ɔg,ɔð.ɔg,ɛðɔg,ɔðɔg
ɛð.ɔf,ɔð.ɔf,ɛðɔf,ɔðɔf
ɛð.ɔs,ɔð.ɔs,ɛðɔs,ɔðɔs
ɛð.ɔv,ɔð.ɔv,ɛðɔv,ɔðɔv
ɛð.ɔz,ɔð.ɔz,ɛðɔz,ɔðɔz
ɛð.ɔʃ,ɔð.ɔʃ,ɛðɔʃ,ɔðɔʃ
ɛð.ɔʒ,ɔð.ɔʒ,ɛðɔʒ,ɔðɔʒ
ɛð.ɔθ,ɔð.ɔθ,ɛðɔθ,ɔðɔθ
ɛð.ɔð,ɔð.ɔð,ɛðɔð,ɔðɔð
ʊm.ɪm,ɪm.ɪm,ʊmɪm,ɪmɪm
ʊm.ɪn,ɪm.ɪn,ʊmɪn,ɪmɪn
ʊm.ɪŋ,ɪm.ɪŋ,ʊmɪŋ,ɪmɪŋ
ʊm.ɪp,ɪm.ɪp,ʊmɪp,ɪmɪp
ʊm.ɪt,ɪm.ɪt,ʊmɪt,ɪmɪt
ʊm.ɪk,ɪm.ɪk,ʊmɪk,ɪmɪk
ʊm.ɪb,ɪm.ɪb,ʊmɪb,ɪmɪb
ʊm.ɪd,ɪm.ɪd,ʊmɪd,ɪmɪd
ʊm.ɪg,ɪm.ɪg,ʊmɪg,ɪmɪg
ʊm.ɪf,ɪm.ɪf,ʊmɪf,ɪmɪf
ʊm.ɪs,ɪm.ɪs,ʊmɪs,ɪmɪs
ʊm.ɪv,ɪm.ɪv,ʊmɪv,ɪmɪv
ʊm.ɪz,ɪm.ɪz,ʊmɪz,ɪmɪz
ʊm.ɪʃ,ɪm.ɪʃ,ʊmɪʃ,ɪmɪʃ
ʊm.ɪʒ,ɪm.ɪʒ,ʊmɪʒ,ɪmɪʒ
ʊm.ɪθ,ɪm.ɪθ,ʊmɪθ,ɪmɪθ
ʊm.ɪð,ɪm.ɪð,ʊmɪð,ɪmɪð
ʊm.ɛm,ɪm.ɛm,ʊmɛm,ɪmɛm
ʊm.ɛn,ɪm.ɛn,ʊmɛn,ɪmɛn
ʊm.ɛŋ,ɪm.ɛŋ,ʊmɛŋ,ɪmɛŋ
ʊm.ɛp,ɪm.ɛp,ʊmɛp,ɪmɛp
ʊm.ɛt,ɪm.ɛt,ʊmɛt,ɪmɛt
ʊm.ɛk,ɪm.ɛk,ʊmɛk,ɪmɛk
ʊm.ɛb,ɪm.ɛb,ʊmɛb,ɪmɛb
ʊm.ɛd,ɪm.ɛd,ʊmɛd,ɪmɛd
ʊm.ɛg,ɪm.ɛg,ʊmɛg,ɪmɛg
ʊm.ɛf,ɪm.ɛf,ʊmɛf,ɪmɛf
ʊm.ɛs,ɪm.ɛs,ʊmɛs,ɪmɛs
ʊm.ɛv,ɪm.ɛv,ʊmɛv,ɪmɛv
ʊm.ɛz,ɪm.ɛz,ʊmɛz,ɪmɛz
ʊm.ɛʃ,ɪm.ɛʃ,ʊmɛʃ,ɪmɛʃ
ʊm.ɛʒ,ɪm.ɛʒ,ʊmɛʒ,ɪmɛʒ
ʊm.ɛθ,ɪm.ɛθ,ʊmɛθ,ɪmɛθ
ʊm.ɛð,ɪm.ɛð,ʊmɛð,ɪmɛð
ʊm.ʊm,ɪm.ʊm,ʊmʊm,ɪmʊm
ʊm.ʊn,ɪm.ʊn,ʊmʊn,ɪmʊn
ʊm.ʊŋ,ɪm.ʊŋ,ʊmʊŋ,ɪmʊŋ
ʊm.ʊp,ɪm.ʊp,ʊmʊp,ɪmʊp
ʊm.ʊt,ɪm.ʊt,ʊmʊt,ɪmʊt
ʊm.ʊk,ɪm.ʊk,ʊmʊk,ɪmʊk
ʊm.ʊb,ɪm.ʊb,ʊmʊb,ɪmʊb
ʊm.ʊd,ɪm.ʊd,ʊmʊd,ɪmʊd
ʊm.ʊg,ɪm.ʊg,ʊmʊg,ɪmʊg
ʊm.ʊf,ɪm.ʊf,ʊmʊf,ɪmʊf
ʊm.ʊs,ɪm.ʊs,ʊmʊs,ɪmʊs
ʊm.ʊv,ɪm.ʊv,ʊmʊv,ɪmʊv
ʊm.ʊz,ɪm.ʊz,ʊmʊz,ɪmʊz
ʊm.ʊʃ,ɪm.ʊʃ,ʊmʊʃ,ɪmʊʃ
ʊm.ʊʒ,ɪm.ʊʒ,ʊmʊʒ,ɪmʊʒ
ʊm.ʊθ,ɪm.ʊθ,ʊmʊθ,ɪmʊθ
ʊm.ʊð,ɪm.ʊð,ʊmʊð,ɪmʊð
ʊm.ɔm,ɪm.ɔm,ʊmɔm,ɪmɔm
ʊm.ɔn,ɪm.ɔn,ʊmɔn,ɪmɔn
ʊm.ɔŋ,ɪm.ɔŋ,ʊmɔŋ,ɪmɔŋ
ʊm.ɔp,ɪm.ɔp,ʊmɔp,ɪmɔp
ʊm.ɔt,ɪm.ɔt,ʊmɔt,ɪmɔt
ʊm.ɔk,ɪm.ɔk,ʊmɔk,ɪmɔk
ʊm.ɔb,ɪm.ɔb,ʊmɔb,ɪmɔb
ʊm.ɔd,ɪm.ɔd,ʊmɔd,ɪmɔd
ʊm.ɔg,ɪm.ɔg,ʊmɔg,ɪmɔg
ʊm.ɔf,ɪm.ɔf,ʊmɔf,ɪmɔf
ʊm.ɔs,ɪm.ɔs,ʊmɔs,ɪmɔs
ʊm.ɔv,ɪm.ɔv,ʊmɔv,ɪmɔv
ʊm.ɔz,ɪm.ɔz,ʊmɔz,ɪmɔz
ʊm.ɔʃ,ɪm.ɔʃ,ʊmɔʃ,ɪmɔʃ
ʊm.ɔʒ,ɪm.ɔʒ,ʊmɔʒ,ɪmɔʒ
ʊm.ɔθ,ɪm.ɔθ,ʊmɔθ,ɪmɔθ
ʊm.ɔð,ɪm.ɔð,ʊmɔð,ɪmɔð
ʊn.ɪm,ɪn.ɪm,ʊnɪm,ɪnɪm
ʊn.ɪn,ɪn.ɪn,ʊnɪn,ɪnɪn
ʊn.ɪŋ,ɪn.ɪŋ,ʊnɪŋ,ɪnɪŋ
ʊn.ɪp,ɪn.ɪp,ʊnɪp,ɪnɪp
ʊn.ɪt,ɪn.ɪt,ʊnɪt,ɪnɪt
ʊn.ɪk,ɪn.ɪk,ʊnɪk,ɪnɪk
ʊn.ɪb,ɪn.ɪb,ʊnɪb,ɪnɪb
ʊn.ɪd,ɪn.ɪd,ʊnɪd,ɪnɪd
ʊn.ɪg,ɪn.ɪg,ʊnɪg,ɪnɪg
ʊn.ɪf,ɪn.ɪf,ʊnɪf,ɪnɪf
ʊn.ɪs,ɪn.ɪs,ʊnɪs,ɪnɪs
ʊn.ɪv,ɪn.ɪv,ʊnɪv,ɪnɪv
ʊn.ɪz,ɪn.ɪz,ʊnɪz,ɪnɪz
ʊn.ɪʃ,ɪn.ɪʃ,ʊnɪʃ,ɪnɪʃ
ʊn.ɪʒ,ɪn.ɪʒ,ʊnɪʒ,ɪnɪʒ
ʊn.ɪθ,ɪn.ɪθ,ʊnɪθ,ɪnɪθ
ʊn.ɪð,ɪn.ɪð,ʊnɪð,ɪnɪð
ʊn.ɛm,ɪn.ɛm,ʊnɛm,ɪnɛm
ʊn.ɛn,ɪn.ɛn,ʊnɛn,ɪnɛn
ʊn.ɛŋ,ɪn.ɛŋ,ʊnɛŋ,ɪnɛŋ
ʊn.ɛp,ɪn.ɛp,ʊnɛp,ɪnɛp
ʊn.ɛt,ɪn.ɛt,ʊnɛt,ɪnɛt
ʊn.ɛk,ɪn.ɛk,ʊnɛk,ɪnɛk
ʊn.ɛb,ɪn.ɛb,ʊnɛb,ɪnɛb
ʊn.ɛd,ɪn.ɛd,ʊnɛd,ɪnɛd
ʊn.ɛg,ɪn.ɛg,ʊnɛg,ɪnɛg
ʊn.ɛf,ɪn.ɛf,ʊnɛf,ɪnɛf
ʊn.ɛs,ɪn.ɛs,ʊnɛs,ɪnɛs
ʊn.ɛv,ɪn.ɛv,ʊnɛv,ɪnɛv
ʊn.ɛz,ɪn.ɛz,ʊnɛz,ɪnɛz
ʊn.ɛʃ,ɪn.ɛʃ,ʊnɛʃ,ɪnɛʃ
ʊn.ɛʒ,ɪn.ɛʒ,ʊnɛʒ,ɪnɛʒ
ʊn.ɛθ,ɪn.ɛθ,ʊnɛθ,ɪnɛθ
ʊn.ɛð,ɪn.ɛð,ʊnɛð,ɪnɛð
ʊn.ʊm,ɪn.ʊm,ʊnʊm,ɪnʊm
ʊn.ʊn,ɪn.ʊn,ʊnʊn,ɪnʊn
ʊn.ʊŋ,ɪn.ʊŋ,ʊnʊŋ,ɪnʊŋ
ʊn.ʊp,ɪn.ʊp,ʊnʊp,ɪnʊp
ʊn.ʊt,ɪn.ʊt,ʊnʊt,ɪnʊt
ʊn.ʊk,ɪn.ʊk,ʊnʊk,ɪnʊk
ʊn.ʊb,ɪn.ʊb,ʊnʊb,ɪnʊb
ʊn.ʊd,ɪn.ʊd,ʊnʊd,ɪnʊd
ʊn.ʊg,ɪn.ʊg,ʊnʊg,ɪnʊg
ʊn.ʊf,ɪn.ʊf,ʊnʊf,ɪnʊf
ʊn.ʊs,ɪn.ʊs,ʊnʊs,ɪnʊs
ʊn.ʊv,ɪn.ʊv,ʊnʊv,ɪnʊv
ʊn.ʊz,ɪn.ʊz,ʊnʊz,ɪnʊz
ʊn.ʊʃ,ɪn.ʊʃ,ʊnʊʃ,ɪnʊʃ
ʊn.ʊʒ,ɪn.ʊʒ,ʊnʊʒ,ɪnʊʒ
ʊn.ʊθ,ɪn.ʊθ,ʊnʊθ,ɪnʊθ
ʊn.ʊð,ɪn.ʊð,ʊnʊð,ɪnʊð
ʊn.ɔm,ɪn.ɔm,ʊnɔm,ɪnɔm
ʊn.ɔn,ɪn.ɔn,ʊnɔn,ɪnɔn
ʊn.ɔŋ,ɪn.ɔŋ,ʊnɔŋ,ɪnɔŋ
ʊn.ɔp,ɪn.ɔp,ʊnɔp,ɪnɔp
ʊn.ɔt,ɪn.ɔt,ʊnɔt,ɪnɔt
ʊn.ɔk,ɪn.ɔk,ʊnɔk,ɪnɔk
ʊn.ɔb,ɪn.ɔb,ʊnɔb,ɪnɔb
ʊn.ɔd,ɪn.ɔd,ʊnɔd,ɪnɔd
ʊn.ɔg,ɪn.ɔg,ʊnɔg,ɪnɔg
ʊn.ɔf,ɪn.ɔf,ʊnɔf,ɪnɔf
ʊn.ɔs,ɪn.ɔs,ʊnɔs,ɪnɔs
ʊn.ɔv,ɪn.ɔv,ʊnɔv,ɪnɔv
ʊn.ɔz,ɪn.ɔz,ʊnɔz,ɪnɔz
ʊn.ɔʃ,ɪn.ɔʃ,ʊnɔʃ,ɪnɔʃ
ʊn.ɔʒ,ɪn.ɔʒ,ʊnɔʒ,ɪnɔʒ
ʊn.ɔθ,ɪn.ɔθ,ʊnɔθ,ɪnɔθ
ʊn.ɔð,ɪn.ɔð,ʊnɔð,ɪnɔð
ʊŋ.ɪm,ɪŋ.ɪm,ʊŋɪm,ɪŋɪm
ʊŋ.ɪn,ɪŋ.ɪn,ʊŋɪn,ɪŋɪn
ʊŋ.ɪŋ,ɪŋ.ɪŋ,ʊŋɪŋ,ɪŋɪŋ
ʊŋ.ɪp,ɪŋ.ɪp,ʊŋɪp,ɪŋɪp
ʊŋ.ɪt,ɪŋ.ɪt,ʊŋɪt,ɪŋɪt
ʊŋ.ɪk,ɪŋ.ɪk,ʊŋɪk,ɪŋɪk
ʊŋ.ɪb,ɪŋ.ɪb,ʊŋɪb,ɪŋɪb
ʊŋ.ɪd,ɪŋ.ɪd,ʊŋɪd,ɪŋɪd
ʊŋ.ɪg,ɪŋ.ɪg,ʊŋɪg,ɪŋɪg
ʊŋ.ɪf,ɪŋ.ɪf,ʊŋɪf,ɪŋɪf
ʊŋ.ɪs,ɪŋ.ɪs,ʊŋɪs,ɪŋɪs
ʊŋ.ɪv,ɪŋ.ɪv,ʊŋɪv,ɪŋɪv
ʊŋ.ɪz,ɪŋ.ɪz,ʊŋɪz,ɪŋɪz
ʊŋ.ɪʃ,ɪŋ.ɪʃ,ʊŋɪʃ,ɪŋɪʃ
ʊŋ.ɪʒ,ɪŋ.ɪʒ,ʊŋɪʒ,ɪŋɪʒ
ʊŋ.ɪθ,ɪŋ.ɪθ,ʊŋɪθ,ɪŋɪθ
ʊŋ.ɪð,ɪŋ.ɪð,ʊŋɪð,ɪŋɪð
ʊŋ.ɛm,ɪŋ.ɛm,ʊŋɛm,ɪŋɛm
ʊŋ.ɛn,ɪŋ.ɛn,ʊŋɛn,ɪŋɛn
ʊŋ.ɛŋ,ɪŋ.ɛŋ,ʊŋɛŋ,ɪŋɛŋ
ʊŋ.ɛp,ɪŋ.ɛp,ʊŋɛp,ɪŋɛp
ʊŋ.ɛt,ɪŋ.ɛt,ʊŋɛt,ɪŋɛt
ʊŋ.ɛk,ɪŋ.ɛk,ʊŋɛk,ɪŋɛk
ʊŋ.ɛb,ɪŋ.ɛb,ʊŋɛb,ɪŋɛb
ʊŋ.ɛd,ɪŋ.ɛd,ʊŋɛd,ɪŋɛd
ʊŋ.ɛg,ɪŋ.ɛg,ʊŋɛg,ɪŋɛg
ʊŋ.ɛf,ɪŋ.ɛf,ʊŋɛf,ɪŋɛf
ʊŋ.ɛs,ɪŋ.ɛs,ʊŋɛs,ɪŋɛs
ʊŋ.ɛv,ɪŋ.ɛv,ʊŋɛv,ɪŋɛv
ʊŋ.ɛz,ɪŋ.ɛz,ʊŋɛz,ɪŋɛz
ʊŋ.ɛʃ,ɪŋ.ɛʃ,ʊŋɛʃ,ɪŋɛʃ
ʊŋ.ɛʒ,ɪŋ.ɛʒ,ʊŋɛʒ,ɪŋɛʒ
ʊŋ.ɛθ,ɪŋ.ɛθ,ʊŋɛθ,ɪŋɛθ
ʊŋ.ɛð,ɪŋ.ɛð,ʊŋɛð,ɪŋɛð
ʊŋ.ʊm,ɪŋ.ʊm,ʊŋʊm,ɪŋʊm
ʊŋ.ʊn,ɪŋ.ʊn,ʊŋʊn,ɪŋʊn
ʊŋ.ʊŋ,ɪŋ.ʊŋ,ʊŋʊŋ,ɪŋʊŋ
ʊŋ.ʊp,ɪŋ.ʊp,ʊŋʊp,ɪŋʊp
ʊŋ.ʊt,ɪŋ.ʊt,ʊŋʊt,ɪŋʊt
ʊŋ.ʊk,ɪŋ.ʊk,ʊŋʊk,ɪŋʊk
ʊŋ.ʊb,ɪŋ.ʊb,ʊŋʊb,ɪŋʊb
ʊŋ.ʊd,ɪŋ.ʊd,ʊŋʊd,ɪŋʊd
ʊŋ.ʊg,ɪŋ.ʊg,ʊŋʊg,ɪŋʊg
ʊŋ.ʊf,ɪŋ.ʊf,ʊŋʊf,ɪŋʊf
ʊŋ.ʊs,ɪŋ.ʊs,ʊŋʊs,ɪŋʊs
ʊŋ.ʊv,ɪŋ.ʊv,ʊŋʊv,ɪŋʊv
ʊŋ.ʊz,ɪŋ.ʊz,ʊŋʊz,ɪŋʊz
ʊŋ.ʊʃ,ɪŋ.ʊʃ,ʊŋʊʃ,ɪŋʊʃ
ʊŋ.ʊʒ,ɪŋ.ʊʒ,ʊŋʊʒ,ɪŋʊʒ
ʊŋ.ʊθ,ɪŋ.ʊθ,ʊŋʊθ,ɪŋʊθ
ʊŋ.ʊð,ɪŋ.ʊð,ʊŋʊð,ɪŋʊð
ʊŋ.ɔm,ɪŋ.ɔm,ʊŋɔm,ɪŋɔm
ʊŋ.ɔn,ɪŋ.ɔn,ʊŋɔn,ɪŋɔn
ʊŋ.ɔŋ,ɪŋ.ɔŋ,ʊŋɔŋ,ɪŋɔŋ
ʊŋ.ɔp,ɪŋ.ɔp,ʊŋɔp,ɪŋɔp
ʊŋ.ɔt,ɪŋ.ɔt,ʊŋɔt,ɪŋɔt
ʊŋ.ɔk,ɪŋ.ɔk,ʊŋɔk,ɪŋɔk
ʊŋ.ɔb,ɪŋ.ɔb,ʊŋɔb,ɪŋɔb
ʊŋ.ɔd,ɪŋ.ɔd,ʊŋɔd,ɪŋɔd
ʊŋ.ɔg,ɪŋ.ɔg,ʊŋɔg,ɪŋɔg
ʊŋ.ɔf,ɪŋ.ɔf,ʊŋɔf,ɪŋɔf
ʊŋ.ɔs,ɪŋ.ɔs,ʊŋɔs,ɪŋɔs
ʊŋ.ɔv,ɪŋ.ɔv,ʊŋɔv,ɪŋɔv
ʊŋ.ɔz,ɪŋ.ɔz,ʊŋɔz,ɪŋɔz
ʊŋ.ɔʃ,ɪŋ.ɔʃ,ʊŋɔʃ,ɪŋɔʃ
ʊŋ.ɔʒ,ɪŋ.ɔʒ,ʊŋɔʒ,ɪŋɔʒ
ʊŋ.ɔθ,ɪŋ.ɔθ,ʊŋɔθ,ɪŋɔθ
ʊŋ.ɔð,ɪŋ.ɔð,ʊŋɔð,ɪŋɔð
ʊp.ɪm,ɪp.ɪm,ʊpɪm,ɪpɪm
ʊp.ɪn,ɪp.ɪn,ʊpɪn,ɪpɪn
ʊp.ɪŋ,ɪp.ɪŋ,ʊpɪŋ,ɪpɪŋ
ʊp.ɪp,ɪp.ɪp,ʊpɪp,ɪpɪp
ʊp.ɪt,ɪp.ɪt,ʊpɪt,ɪpɪt
ʊp.ɪk,ɪp.ɪk,ʊpɪk,ɪpɪk
ʊp.ɪb,ɪp.ɪb,ʊpɪb,ɪpɪb
ʊp.ɪd,ɪp.ɪd,ʊpɪd,ɪpɪd
ʊp.ɪg,ɪp.ɪg,ʊpɪg,ɪpɪg
ʊp.ɪf,ɪp.ɪf,ʊpɪf,ɪpɪf
ʊp.ɪs,ɪp.ɪs,ʊpɪs,ɪpɪs
ʊp.ɪv,ɪp.ɪv,ʊpɪv,ɪpɪv
ʊp.ɪz,ɪp.ɪz,ʊpɪz,ɪpɪz
ʊp.ɪʃ,ɪp.ɪʃ,ʊpɪʃ,ɪpɪʃ
ʊp.ɪʒ,ɪp.ɪʒ,ʊpɪʒ,ɪpɪʒ
ʊp.ɪθ,ɪp.ɪθ,ʊpɪθ,ɪpɪθ
ʊp.ɪð,ɪp.ɪð,ʊpɪð,ɪpɪð
ʊp.ɛm,ɪp.ɛm,ʊpɛm,ɪpɛm
ʊp.ɛn,ɪp.ɛn,ʊpɛn,ɪpɛn
ʊp.ɛŋ,ɪp.ɛŋ,ʊpɛŋ,ɪpɛŋ
ʊp.ɛp,ɪp.ɛp,ʊpɛp,ɪpɛp
ʊp.ɛt,ɪp.ɛt,ʊpɛt,ɪpɛt
ʊp.ɛk,ɪp.ɛk,ʊpɛk,ɪpɛk
ʊp.ɛb,ɪp.ɛb,ʊpɛb,ɪpɛb
ʊp.ɛd,ɪp.ɛd,ʊpɛd,ɪpɛd
ʊp.ɛg,ɪp.ɛg,ʊpɛg,ɪpɛg
ʊp.ɛf,ɪp.ɛf,ʊpɛf,ɪpɛf
ʊp.ɛs,ɪp.ɛs,ʊpɛs,ɪpɛs
ʊp.ɛv,ɪp.ɛv,ʊpɛv,ɪpɛv
ʊp.ɛz,ɪp.ɛz,ʊpɛz,ɪpɛz
ʊp.ɛʃ,ɪp.ɛʃ,ʊpɛʃ,ɪpɛʃ
ʊp.ɛʒ,ɪp.ɛʒ,ʊpɛʒ,ɪpɛʒ
ʊp.ɛθ,ɪp.ɛθ,ʊpɛθ,ɪpɛθ
ʊp.ɛð,ɪp.ɛð,ʊpɛð,ɪpɛð
ʊp.ʊm,ɪp.ʊm,ʊpʊm,ɪpʊm
ʊp.ʊn,ɪp.ʊn,ʊpʊn,ɪpʊn
ʊp.ʊŋ,ɪp.ʊŋ,ʊpʊŋ,ɪpʊŋ
ʊp.ʊp,ɪp.ʊp,ʊpʊp,ɪpʊp
ʊp.ʊt,ɪp.ʊt,ʊpʊt,ɪpʊt
ʊp.ʊk,ɪp.ʊk,ʊpʊk,ɪpʊk
ʊp.ʊb,ɪp.ʊb,ʊpʊb,ɪpʊb
ʊp.ʊd,ɪp.ʊd,ʊpʊd,ɪpʊd
ʊp.ʊg,ɪp.ʊg,ʊpʊg,ɪpʊg
ʊp.ʊf,ɪp.ʊf,ʊpʊf,ɪpʊf
ʊp.ʊs,ɪp.ʊs,ʊpʊs,ɪpʊs
ʊp.ʊv,ɪp.ʊv,ʊpʊv,ɪpʊv
ʊp.ʊz,ɪp.ʊz,ʊpʊz,ɪpʊz
ʊp.ʊʃ,ɪp.ʊʃ,ʊpʊʃ,ɪpʊʃ
ʊp.ʊʒ,ɪp.ʊʒ,ʊpʊʒ,ɪpʊʒ
ʊp.ʊθ,ɪp.ʊθ,ʊpʊθ,ɪpʊθ
ʊp.ʊð,ɪp.ʊð,ʊpʊð,ɪpʊð
ʊp.ɔm,ɪp.ɔm,ʊpɔm,ɪpɔm
ʊp.ɔn,ɪp.ɔn,ʊpɔn,ɪpɔn
ʊp.ɔŋ,ɪp.ɔŋ,ʊpɔŋ,ɪpɔŋ
ʊp.ɔp,ɪp.ɔp,ʊpɔp,ɪpɔp
ʊp.ɔt,ɪp.ɔt,ʊpɔt,ɪpɔt
ʊp.ɔk,ɪp.ɔk,ʊpɔk,ɪpɔk
ʊp.ɔb,ɪp.ɔb,ʊpɔb,ɪpɔb
ʊp.ɔd,ɪp.ɔd,ʊpɔd,ɪpɔd
ʊp.ɔg,ɪp.ɔg,ʊpɔg,ɪpɔg
ʊp.ɔf,ɪp.ɔf,ʊpɔf,ɪpɔf
ʊp.ɔs,ɪp.ɔs,ʊpɔs,ɪpɔs
ʊp.ɔv,ɪp.ɔv,ʊpɔv,ɪpɔv
ʊp.ɔz,ɪp.ɔz,ʊpɔz,ɪpɔz
ʊp.ɔʃ,ɪp.ɔʃ,ʊpɔʃ,ɪpɔʃ
ʊp.ɔʒ,ɪp.ɔʒ,ʊpɔʒ,ɪpɔʒ
ʊp.ɔθ,ɪp.ɔθ,ʊpɔθ,ɪpɔθ
ʊp.ɔð,ɪp.ɔð,ʊpɔð,ɪpɔð
ʊt.ɪm,ɪt.ɪm,ʊtɪm,ɪtɪm
ʊt.ɪn,ɪt.ɪn,ʊtɪn,ɪtɪn
ʊt.ɪŋ,ɪt.ɪŋ,ʊtɪŋ,ɪtɪŋ
ʊt.ɪp,ɪt.ɪp,ʊtɪp,ɪtɪp
ʊt.ɪt,ɪt.ɪt,ʊtɪt,ɪtɪt
ʊt.ɪk,ɪt.ɪk,ʊtɪk,ɪtɪk
ʊt.ɪb,ɪt.ɪb,ʊtɪb,ɪtɪb
ʊt.ɪd,ɪt.ɪd,ʊtɪd,ɪtɪd
ʊt.ɪg,ɪt.ɪg,ʊtɪg,ɪtɪg
ʊt.ɪf,ɪt.ɪf,ʊtɪf,ɪtɪf
ʊt.ɪs,ɪt.ɪs,ʊtɪs,ɪtɪs
ʊt.ɪv,ɪt.ɪv,ʊtɪv,ɪtɪv
ʊt.ɪz,ɪt.ɪz,ʊtɪz,ɪtɪz
ʊt.ɪʃ,ɪt.ɪʃ,ʊtɪʃ,ɪtɪʃ
ʊt.ɪʒ,ɪt.ɪʒ,ʊtɪʒ,ɪtɪʒ
ʊt.ɪθ,ɪt.ɪθ,ʊtɪθ,ɪtɪθ
ʊt.ɪð,ɪt.ɪð,ʊtɪð,ɪtɪð
ʊt.ɛm,ɪt.ɛm,ʊtɛm,ɪtɛm
ʊt.ɛn,ɪt.ɛn,ʊtɛn,ɪtɛn
ʊt.ɛŋ,ɪt.ɛŋ,ʊtɛŋ,ɪtɛŋ
ʊt.ɛp,ɪt.ɛp,ʊtɛp,ɪtɛp
ʊt.ɛt,ɪt.ɛt,ʊtɛt,ɪtɛt
ʊt.ɛk,ɪt.ɛk,ʊtɛk,ɪtɛk
ʊt.ɛb,ɪt.ɛb,ʊtɛb,ɪtɛb
ʊt.ɛd,ɪt.ɛd,ʊtɛd,ɪtɛd
ʊt.ɛg,ɪt.ɛg,ʊtɛg,ɪtɛg
ʊt.ɛf,ɪt.ɛf,ʊtɛf,ɪtɛf
ʊt.ɛs,ɪt.ɛs,ʊtɛs,ɪtɛs
ʊt.ɛv,ɪt.ɛv,ʊtɛv,ɪtɛv
ʊt.ɛz,ɪt.ɛz,ʊtɛz,ɪtɛz
ʊt.ɛʃ,ɪt.ɛʃ,ʊtɛʃ,ɪtɛʃ
ʊt.ɛʒ,ɪt.ɛʒ,ʊtɛʒ,ɪtɛʒ
ʊt.ɛθ,ɪt.ɛθ,ʊtɛθ,ɪtɛθ
ʊt.ɛð,ɪt.ɛð,ʊtɛð,ɪtɛð
ʊt.ʊm,ɪt.ʊm,ʊtʊm,ɪtʊm
ʊt.ʊn,ɪt.ʊn,ʊtʊn,ɪtʊn
ʊt.ʊŋ,ɪt.ʊŋ,ʊtʊŋ,ɪtʊŋ
ʊt.ʊp,ɪt.ʊp,ʊtʊp,ɪtʊp
ʊt.ʊt,ɪt.ʊt,ʊtʊt,ɪtʊt
ʊt.ʊk,ɪt.ʊk,ʊtʊk,ɪtʊk
ʊt.ʊb,ɪt.ʊb,ʊtʊb,ɪtʊb
ʊt.ʊd,ɪt.ʊd,ʊtʊd,ɪtʊd
ʊt.ʊg,ɪt.ʊg,ʊtʊg,ɪtʊg
ʊt.ʊf,ɪt.ʊf,ʊtʊf,ɪtʊf
ʊt.ʊs,ɪt.ʊs,ʊtʊs,ɪtʊs
ʊt.ʊv,ɪt.ʊv,ʊtʊv,ɪtʊv
ʊt.ʊz,ɪt.ʊz,ʊtʊz,ɪtʊz
ʊt.ʊʃ,ɪt.ʊʃ,ʊtʊʃ,ɪtʊʃ
ʊt.ʊʒ,ɪt.ʊʒ,ʊtʊʒ,ɪtʊʒ
ʊt.ʊθ,ɪt.ʊθ,ʊtʊθ,ɪtʊθ
ʊt.ʊð,ɪt.ʊð,ʊtʊð,ɪtʊð
ʊt.ɔm,ɪt.ɔm,ʊtɔm,ɪtɔm
ʊt.ɔn,ɪt.ɔn,ʊtɔn,ɪtɔn
ʊt.ɔŋ,ɪt.ɔŋ,ʊtɔŋ,ɪtɔŋ
ʊt.ɔp,ɪt.ɔp,ʊtɔp,ɪtɔp
ʊt.ɔt,ɪt.ɔt,ʊtɔt,ɪtɔt
ʊt.ɔk,ɪt.ɔk,ʊtɔk,ɪtɔk
ʊt.ɔb,ɪt.ɔb,ʊtɔb,ɪtɔb
ʊt.ɔd,ɪt.ɔd,ʊtɔd,ɪtɔd
ʊt.ɔg,ɪt.ɔg,ʊtɔg,ɪtɔg
ʊt.ɔf,ɪt.ɔf,ʊtɔf,ɪtɔf
ʊt.ɔs,ɪt.ɔs,ʊtɔs,ɪtɔs
ʊt.ɔv,ɪt.ɔv,ʊtɔv,ɪtɔv
ʊt.ɔz,ɪt.ɔz,ʊtɔz,ɪtɔz
ʊt.ɔʃ,ɪt.ɔʃ,ʊtɔʃ,ɪtɔʃ
ʊt.ɔʒ,ɪt.ɔʒ,ʊtɔʒ,ɪtɔʒ
ʊt.ɔθ,ɪt.ɔθ,ʊtɔθ,ɪtɔθ
ʊt.ɔð,ɪt.ɔð,ʊtɔð,ɪtɔð
ʊk.ɪm,ɪk.ɪm,ʊkɪm,ɪkɪm
ʊk.ɪn,ɪk.ɪn,ʊkɪn,ɪkɪn
ʊk.ɪŋ,ɪk.ɪŋ,ʊkɪŋ,ɪkɪŋ
ʊk.ɪp,ɪk.ɪp,ʊkɪp,ɪkɪp
ʊk.ɪt,ɪk.ɪt,ʊkɪt,ɪkɪt
ʊk.ɪk,ɪk.ɪk,ʊkɪk,ɪkɪk
ʊk.ɪb,ɪk.ɪb,ʊkɪb,ɪkɪb
ʊk.ɪd,ɪk.ɪd,ʊkɪd,ɪkɪd
ʊk.ɪg,ɪk.ɪg,ʊkɪg,ɪkɪg
ʊk.ɪf,ɪk.ɪf,ʊkɪf,ɪkɪf
ʊk.ɪs,ɪk.ɪs,ʊkɪs,ɪkɪs
ʊk.ɪv,ɪk.ɪv,ʊkɪv,ɪkɪv
ʊk.ɪz,ɪk.ɪz,ʊkɪz,ɪkɪz
ʊk.ɪʃ,ɪk.ɪʃ,ʊkɪʃ,ɪkɪʃ
ʊk.ɪʒ,ɪk.ɪʒ,ʊkɪʒ,ɪkɪʒ
ʊk.ɪθ,ɪk.ɪθ,ʊkɪθ,ɪkɪθ
ʊk.ɪð,ɪk.ɪð,ʊkɪð,ɪkɪð
ʊk.ɛm,ɪk.ɛm,ʊkɛm,ɪkɛm
ʊk.ɛn,ɪk.ɛn,ʊkɛn,ɪkɛn
ʊk.ɛŋ,ɪk.ɛŋ,ʊkɛŋ,ɪkɛŋ
ʊk.ɛp,ɪk.ɛp,ʊkɛp,ɪkɛp
ʊk.ɛt,ɪk.ɛt,ʊkɛt,ɪkɛt
ʊk.ɛk,ɪk.ɛk,ʊkɛk,ɪkɛk
ʊk.ɛb,ɪk.ɛb,ʊkɛb,ɪkɛb
ʊk.ɛd,ɪk.ɛd,ʊkɛd,ɪkɛd
ʊk.ɛg,ɪk.ɛg,ʊkɛg,ɪkɛg
ʊk.ɛf,ɪk.ɛf,ʊkɛf,ɪkɛf
ʊk.ɛs,ɪk.ɛs,ʊkɛs,ɪkɛs
ʊk.ɛv,ɪk.ɛv,ʊkɛv,ɪkɛv
ʊk.ɛz,ɪk.ɛz,ʊkɛz,ɪkɛz
ʊk.ɛʃ,ɪk.ɛʃ,ʊkɛʃ,ɪkɛʃ
ʊk.ɛʒ,ɪk.ɛʒ,ʊkɛʒ,ɪkɛʒ
ʊk.ɛθ,ɪk.ɛθ,ʊkɛθ,ɪkɛθ
ʊk.ɛð,ɪk.ɛð,ʊkɛð,ɪkɛð
ʊk.ʊm,ɪk.ʊm,ʊkʊm,ɪkʊm
ʊk.ʊn,ɪk.ʊn,ʊkʊn,ɪkʊn
ʊk.ʊŋ,ɪk.ʊŋ,ʊkʊŋ,ɪkʊŋ
ʊk.ʊp,ɪk.ʊp,ʊkʊp,ɪkʊp
ʊk.ʊt,ɪk.ʊt,ʊkʊt,ɪkʊt
ʊk.ʊk,ɪk.ʊk,ʊkʊk,ɪkʊk
ʊk.ʊb,ɪk.ʊb,ʊkʊb,ɪkʊb
ʊk.ʊd,ɪk.ʊd,ʊkʊd,ɪkʊd
ʊk.ʊg,ɪk.ʊg,ʊkʊg,ɪkʊg
ʊk.ʊf,ɪk.ʊf,ʊkʊf,ɪkʊf
ʊk.ʊs,ɪk.ʊs,ʊkʊs,ɪkʊs
ʊk.ʊv,ɪk.ʊv,ʊkʊv,ɪkʊv
ʊk.ʊz,ɪk.ʊz,ʊkʊz,ɪkʊz
ʊk.ʊʃ,ɪk.ʊʃ,ʊkʊʃ,ɪkʊʃ
ʊk.ʊʒ,ɪk.ʊʒ,ʊkʊʒ,ɪkʊʒ
ʊk.ʊθ,ɪk.ʊθ,ʊkʊθ,ɪkʊθ
ʊk.ʊð,ɪk.ʊð,ʊkʊð,ɪkʊð
ʊk.ɔm,ɪk.ɔm,ʊkɔm,ɪkɔm
ʊk.ɔn,ɪk.ɔn,ʊkɔn,ɪkɔn
ʊk.ɔŋ,ɪk.ɔŋ,ʊkɔŋ,ɪkɔŋ
ʊk.ɔp,ɪk.ɔp,ʊkɔp,ɪkɔp
ʊk.ɔt,ɪk.ɔt,ʊkɔt,ɪkɔt
ʊk.ɔk,ɪk.ɔk,ʊkɔk,ɪkɔk
ʊk.ɔb,ɪk.ɔb,ʊkɔb,ɪkɔb
ʊk.ɔd,ɪk.ɔd,ʊkɔd,ɪkɔd
ʊk.ɔg,ɪk.ɔg,ʊkɔg,ɪkɔg
ʊk.ɔf,ɪk.ɔf,ʊkɔf,ɪkɔf
ʊk.ɔs,ɪk.ɔs,ʊkɔs,ɪkɔs
ʊk.ɔv,ɪk.ɔv,ʊkɔv,ɪkɔv
ʊk.ɔz,ɪk.ɔz,ʊkɔz,ɪkɔz
ʊk.ɔʃ,ɪk.ɔʃ,ʊkɔʃ,ɪkɔʃ
ʊk.ɔʒ,ɪk.ɔʒ,ʊkɔʒ,ɪkɔʒ
ʊk.ɔθ,ɪk.ɔθ,ʊkɔθ,ɪkɔθ
ʊk.ɔð,ɪk.ɔð,ʊkɔð,ɪkɔð
ʊb.ɪm,ɪb.ɪm,ʊbɪm,ɪbɪm
ʊb.ɪn,ɪb.ɪn,ʊbɪn,ɪbɪn
ʊb.ɪŋ,ɪb.ɪŋ,ʊbɪŋ,ɪbɪŋ
ʊb.ɪp,ɪb.ɪp,ʊbɪp,ɪbɪp
ʊb.ɪt,ɪb.ɪt,ʊbɪt,ɪbɪt
ʊb.ɪk,ɪb.ɪk,ʊbɪk,ɪbɪk
ʊb.ɪb,ɪb.ɪb,ʊbɪb,ɪbɪb
ʊb.ɪd,ɪb.ɪd,ʊbɪd,ɪbɪd
ʊb.ɪg,ɪb.ɪg,ʊbɪg,ɪbɪg
ʊb.ɪf,ɪb.ɪf,ʊbɪf,ɪbɪf
ʊb.ɪs,ɪb.ɪs,ʊbɪs,ɪbɪs
ʊb.ɪv,ɪb.ɪv,ʊbɪv,ɪbɪv
ʊb.ɪz,ɪb.ɪz,ʊbɪz,ɪbɪz
ʊb.ɪʃ,ɪb.ɪʃ,ʊbɪʃ,ɪbɪʃ
ʊb.ɪʒ,ɪb.ɪʒ,ʊbɪʒ,ɪbɪʒ
ʊb.ɪθ,ɪb.ɪθ,ʊbɪθ,ɪbɪθ
ʊb.ɪð,ɪb.ɪð,ʊbɪð,ɪbɪð
ʊb.ɛm,ɪb.ɛm,ʊbɛm,ɪbɛm
ʊb.ɛn,ɪb.ɛn,ʊbɛn,ɪbɛn
ʊb.ɛŋ,ɪb.ɛŋ,ʊbɛŋ,ɪbɛŋ
ʊb.ɛp,ɪb.ɛp,ʊbɛp,ɪbɛp
ʊb.ɛt,ɪb.ɛt,ʊbɛt,ɪbɛt
ʊb.ɛk,ɪb.ɛk,ʊbɛk,ɪbɛk
ʊb.ɛb,ɪb.ɛb,ʊbɛb,ɪbɛb
ʊb.ɛd,ɪb.ɛd,ʊbɛd,ɪbɛd
ʊb.ɛg,ɪb.ɛg,ʊbɛg,ɪbɛg
ʊb.ɛf,ɪb.ɛf,ʊbɛf,ɪbɛf
ʊb.ɛs,ɪb.ɛs,ʊbɛs,ɪbɛs
ʊb.ɛv,ɪb.ɛv,ʊbɛv,ɪbɛv
ʊb.ɛz,ɪb.ɛz,ʊbɛz,ɪbɛz
ʊb.ɛʃ,ɪb.ɛʃ,ʊbɛʃ,ɪbɛʃ
ʊb.ɛʒ,ɪb.ɛʒ,ʊbɛʒ,ɪbɛʒ
ʊb.ɛθ,ɪb.ɛθ,ʊbɛθ,ɪbɛθ
ʊb.ɛð,ɪb.ɛð,ʊbɛð,ɪbɛð
ʊb.ʊm,ɪb.ʊm,ʊbʊm,ɪbʊm
ʊb.ʊn,ɪb.ʊn,ʊbʊn,ɪbʊn
ʊb.ʊŋ,ɪb.ʊŋ,ʊbʊŋ,ɪbʊŋ
ʊb.ʊp,ɪb.ʊp,ʊbʊp,ɪbʊp
ʊb.ʊt,ɪb.ʊt,ʊbʊt,ɪbʊt
ʊb.ʊk,ɪb.ʊk,ʊbʊk,ɪbʊk
ʊb.ʊb,ɪb.ʊb,ʊbʊb,ɪbʊb
ʊb.ʊd,ɪb.ʊd,ʊbʊd,ɪbʊd
ʊb.ʊg,ɪb.ʊg,ʊbʊg,ɪbʊg
ʊb.ʊf,ɪb.ʊf,ʊbʊf,ɪbʊf
ʊb.ʊs,ɪb.ʊs,ʊbʊs,ɪbʊs
ʊb.ʊv,ɪb.ʊv,ʊbʊv,ɪbʊv
ʊb.ʊz,ɪb.ʊz,ʊbʊz,ɪbʊz
ʊb.ʊʃ,ɪb.ʊʃ,ʊbʊʃ,ɪbʊʃ
ʊb.ʊʒ,ɪb.ʊʒ,ʊbʊʒ,ɪbʊʒ
ʊb.ʊθ,ɪb.ʊθ,ʊbʊθ,ɪbʊθ
ʊb.ʊð,ɪb.ʊð,ʊbʊð,ɪbʊð
ʊb.ɔm,ɪb.ɔm,ʊbɔm,ɪbɔm
ʊb.ɔn,ɪb.ɔn,ʊbɔn,ɪbɔn
ʊb.ɔŋ,ɪb.ɔŋ,ʊbɔŋ,ɪbɔŋ
ʊb.ɔp,ɪb.ɔp,ʊbɔp,ɪbɔp
ʊb.ɔt,ɪb.ɔt,ʊbɔt,ɪbɔt
ʊb.ɔk,ɪb.ɔk,ʊbɔk,ɪbɔk
ʊb.ɔb,ɪb.ɔb,ʊbɔb,ɪbɔb
ʊb.ɔd,ɪb.ɔd,ʊbɔd,ɪbɔd
ʊb.ɔg,ɪb.ɔg,ʊbɔg,ɪbɔg
ʊb.ɔf,ɪb.ɔf,ʊbɔf,ɪbɔf
ʊb.ɔs,ɪb.ɔs,ʊbɔs,ɪbɔs
ʊb.ɔv,ɪb.ɔv,ʊbɔv,ɪbɔv
ʊb.ɔz,ɪb.ɔz,ʊbɔz,ɪbɔz
ʊb.ɔʃ,ɪb.ɔʃ,ʊbɔʃ,ɪbɔʃ
ʊb.ɔʒ,ɪb.ɔʒ,ʊbɔʒ,ɪbɔʒ
ʊb.ɔθ,ɪb.ɔθ,ʊbɔθ,ɪbɔθ
ʊb.ɔð,ɪb.ɔð,ʊbɔð,ɪbɔð
ʊd.ɪm,ɪd.ɪm,ʊdɪm,ɪdɪm
ʊd.ɪn,ɪd.ɪn,ʊdɪn,ɪdɪn
ʊd.ɪŋ,ɪd.ɪŋ,ʊdɪŋ,ɪdɪŋ
ʊd.ɪp,ɪd.ɪp,ʊdɪp,ɪdɪp
ʊd.ɪt,ɪd.ɪt,ʊdɪt,ɪdɪt
ʊd.ɪk,ɪd.ɪk,ʊdɪk,ɪdɪk
ʊd.ɪb,ɪd.ɪb,ʊdɪb,ɪdɪb
ʊd.ɪd,ɪd.ɪd,ʊdɪd,ɪdɪd
ʊd.ɪg,ɪd.ɪg,ʊdɪg,ɪdɪg
ʊd.ɪf,ɪd.ɪf,ʊdɪf,ɪdɪf
ʊd.ɪs,ɪd.ɪs,ʊdɪs,ɪdɪs
ʊd.ɪv,ɪd.ɪv,ʊdɪv,ɪdɪv
ʊd.ɪz,ɪd.ɪz,ʊdɪz,ɪdɪz
ʊd.ɪʃ,ɪd.ɪʃ,ʊdɪʃ,ɪdɪʃ
ʊd.ɪʒ,ɪd.ɪʒ,ʊdɪʒ,ɪdɪʒ
ʊd.ɪθ,ɪd.ɪθ,ʊdɪθ,ɪdɪθ
ʊd.ɪð,ɪd.ɪð,ʊdɪð,ɪdɪð
ʊd.ɛm,ɪd.ɛm,ʊdɛm,ɪdɛm
ʊd.ɛn,ɪd.ɛn,ʊdɛn,ɪdɛn
ʊd.ɛŋ,ɪd.ɛŋ,ʊdɛŋ,ɪdɛŋ
ʊd.ɛp,ɪd.ɛp,ʊdɛp,ɪdɛp
ʊd.ɛt,ɪd.ɛt,ʊdɛt,ɪdɛt
ʊd.ɛk,ɪd.ɛk,ʊdɛk,ɪdɛk
ʊd.ɛb,ɪd.ɛb,ʊdɛb,ɪdɛb
ʊd.ɛd,ɪd.ɛd,ʊdɛd,ɪdɛd
ʊd.ɛg,ɪd.ɛg,ʊdɛg,ɪdɛg
ʊd.ɛf,ɪd.ɛf,ʊdɛf,ɪdɛf
ʊd.ɛs,ɪd.ɛs,ʊdɛs,ɪdɛs
ʊd.ɛv,ɪd.ɛv,ʊdɛv,ɪdɛv
ʊd.ɛz,ɪd.ɛz,ʊdɛz,ɪdɛz
ʊd.ɛʃ,ɪd.ɛʃ,ʊdɛʃ,ɪdɛʃ
ʊd.ɛʒ,ɪd.ɛʒ,ʊdɛʒ,ɪdɛʒ
ʊd.ɛθ,ɪd.ɛθ,ʊdɛθ,ɪdɛθ
ʊd.ɛð,ɪd.ɛð,ʊdɛð,ɪdɛð
ʊd.ʊm,ɪd.ʊm,ʊdʊm,ɪdʊm
ʊd.ʊn,ɪd.ʊn,ʊdʊn,ɪdʊn
ʊd.ʊŋ,ɪd.ʊŋ,ʊdʊŋ,ɪdʊŋ
ʊd.ʊp,ɪd.ʊp,ʊdʊp,ɪdʊp
ʊd.ʊt,ɪd.ʊt,ʊdʊt,ɪdʊt
ʊd.ʊk,ɪd.ʊk,ʊdʊk,ɪdʊk
ʊd.ʊb,ɪd.ʊb,ʊdʊb,ɪdʊb
ʊd.ʊd,ɪd.ʊd,ʊdʊd,ɪdʊd
ʊd.ʊg,ɪd.ʊg,ʊdʊg,ɪdʊg
ʊd.ʊf,ɪd.ʊf,ʊdʊf,ɪdʊf
ʊd.ʊs,ɪd.ʊs,ʊdʊs,ɪdʊs
ʊd.ʊv,ɪd.ʊv,ʊdʊv,ɪdʊv
ʊd.ʊz,ɪd.ʊz,ʊdʊz,ɪdʊz
ʊd.ʊʃ,ɪd.ʊʃ,ʊdʊʃ,ɪdʊʃ
ʊd.ʊʒ,ɪd.ʊʒ,ʊdʊʒ,ɪdʊʒ
ʊd.ʊθ,ɪd.ʊθ,ʊdʊθ,ɪdʊθ
ʊd.ʊð,ɪd.ʊð,ʊdʊð,ɪdʊð
ʊd.ɔm,ɪd.ɔm,ʊdɔm,ɪdɔm
ʊd.ɔn,ɪd.ɔn,ʊdɔn,ɪdɔn
ʊd.ɔŋ,ɪd.ɔŋ,ʊdɔŋ,ɪdɔŋ
ʊd.ɔp,ɪd.ɔp,ʊdɔp,ɪdɔp
ʊd.ɔt,ɪd.ɔt,ʊdɔt,ɪdɔt
ʊd.ɔk,ɪd.ɔk,ʊdɔk,ɪdɔk
ʊd.ɔb,ɪd.ɔb,ʊdɔb,ɪdɔb
ʊd.ɔd,ɪd.ɔd,ʊdɔd,ɪdɔd
ʊd.ɔg,ɪd.ɔg,ʊdɔg,ɪdɔg
ʊd.ɔf,ɪd.ɔf,ʊdɔf,ɪdɔf
ʊd.ɔs,ɪd.ɔs,ʊdɔs,ɪdɔs
ʊd.ɔv,ɪd.ɔv,ʊdɔv,ɪdɔv
ʊd.ɔz,ɪd.ɔz,ʊdɔz,ɪdɔz
ʊd.ɔʃ,ɪd.ɔʃ,ʊdɔʃ,ɪdɔʃ
ʊd.ɔʒ,ɪd.ɔʒ,ʊdɔʒ,ɪdɔʒ
ʊd.ɔθ,ɪd.ɔθ,ʊdɔθ,ɪdɔθ
ʊd.ɔð,ɪd.ɔð,ʊdɔð,ɪdɔð
ʊg.ɪm,ɪg.ɪm,ʊgɪm,ɪgɪm
ʊg.ɪn,ɪg.ɪn,ʊgɪn,ɪgɪn
ʊg.ɪŋ,ɪg.ɪŋ,ʊgɪŋ,ɪgɪŋ
ʊg.ɪp,ɪg.ɪp,ʊgɪp,ɪgɪp
ʊg.ɪt,ɪg.ɪt,ʊgɪt,ɪgɪt
ʊg.ɪk,ɪg.ɪk,ʊgɪk,ɪgɪk
ʊg.ɪb,ɪg.ɪb,ʊgɪb,ɪgɪb
ʊg.ɪd,ɪg.ɪd,ʊgɪd,ɪgɪd
ʊg.ɪg,ɪg.ɪg,ʊgɪg,ɪgɪg
ʊg.ɪf,ɪg.ɪf,ʊgɪf,ɪgɪf
ʊg.ɪs,ɪg.ɪs,ʊgɪs,ɪgɪs
ʊg.ɪv,ɪg.ɪv,ʊgɪv,ɪgɪv
ʊg.ɪz,ɪg.ɪz,ʊgɪz,ɪgɪz
ʊg.ɪʃ,ɪg.ɪʃ,ʊgɪʃ,ɪgɪʃ
ʊg.ɪʒ,ɪg.ɪʒ,ʊgɪʒ,ɪgɪʒ
ʊg.ɪθ,ɪg.ɪθ,ʊgɪθ,ɪgɪθ
ʊg.ɪð,ɪg.ɪð,ʊgɪð,ɪgɪð
ʊg.ɛm,ɪg.ɛm,ʊgɛm,ɪgɛm
ʊg.ɛn,ɪg.ɛn,ʊgɛn,ɪgɛn
ʊg.ɛŋ,ɪg.ɛŋ,ʊgɛŋ,ɪgɛŋ
ʊg.ɛp,ɪg.ɛp,ʊgɛp,ɪgɛp
ʊg.ɛt,ɪg.ɛt,ʊgɛt,ɪgɛt
ʊg.ɛk,ɪg.ɛk,ʊgɛk,ɪgɛk
ʊg.ɛb,ɪg.ɛb,ʊgɛb,ɪgɛb
ʊg.ɛd,ɪg.ɛd,ʊgɛd,ɪgɛd
ʊg.ɛg,ɪg.ɛg,ʊgɛg,ɪgɛg
ʊg.ɛf,ɪg.ɛf,ʊgɛf,ɪgɛf
ʊg.ɛs,ɪg.ɛs,ʊgɛs,ɪgɛs
ʊg.ɛv,ɪg.ɛv,ʊgɛv,ɪgɛv
ʊg.ɛz,ɪg.ɛz,ʊgɛz,ɪgɛz
ʊg.ɛʃ,ɪg.ɛʃ,ʊgɛʃ,ɪgɛʃ
ʊg.ɛʒ,ɪg.ɛʒ,ʊgɛʒ,ɪgɛʒ
ʊg.ɛθ,ɪg.ɛθ,ʊgɛθ,ɪgɛθ
ʊg.ɛð,ɪg.ɛð,ʊgɛð,ɪgɛð
ʊg.ʊm,ɪg.ʊm,ʊgʊm,ɪgʊm
ʊg.ʊn,ɪg.ʊn,ʊgʊn,ɪgʊn
ʊg.ʊŋ,ɪg.ʊŋ,ʊgʊŋ,ɪgʊŋ
ʊg.ʊp,ɪg.ʊp,ʊgʊp,ɪgʊp
ʊg.ʊt,ɪg.ʊt,ʊgʊt,ɪgʊt
ʊg.ʊk,ɪg.ʊk,ʊgʊk,ɪgʊk
ʊg.ʊb,ɪg.ʊb,ʊgʊb,ɪgʊb
ʊg.ʊd,ɪg.ʊd,ʊgʊd,ɪgʊd
ʊg.ʊg,ɪg.ʊg,ʊgʊg,ɪgʊg
ʊg.ʊf,ɪg.ʊf,ʊgʊf,ɪgʊf
ʊg.ʊs,ɪg.ʊs,ʊgʊs,ɪgʊs
ʊg.ʊv,ɪg.ʊv,ʊgʊv,ɪgʊv
ʊg.ʊz,ɪg.ʊz,ʊgʊz,ɪgʊz
ʊg.ʊʃ,ɪg.ʊʃ,ʊgʊʃ,ɪgʊʃ
ʊg.ʊʒ,ɪg.ʊʒ,ʊgʊʒ,ɪgʊʒ
ʊg.ʊθ,ɪg.ʊθ,ʊgʊθ,ɪgʊθ
ʊg.ʊð,ɪg.ʊð,ʊgʊð,ɪgʊð
ʊg.ɔm,ɪg.ɔm,ʊgɔm,ɪgɔm
ʊg.ɔn,ɪg.ɔn,ʊgɔn,ɪgɔn
ʊg.ɔŋ,ɪg.ɔŋ,ʊgɔŋ,ɪgɔŋ
ʊg.ɔp,ɪg.ɔp,ʊgɔp,ɪgɔp
ʊg.ɔt,ɪg.ɔt,ʊgɔt,ɪgɔt
ʊg.ɔk,ɪg.ɔk,ʊgɔk,ɪgɔk
ʊg.ɔb,ɪg.ɔb,ʊgɔb,ɪgɔb
ʊg.ɔd,ɪg.ɔd,ʊgɔd,ɪgɔd
ʊg.ɔg,ɪg.ɔg,ʊgɔg,ɪgɔg
ʊg.ɔf,ɪg.ɔf,ʊgɔf,ɪgɔf
ʊg.ɔs,ɪg.ɔs,ʊgɔs,ɪgɔs
ʊg.ɔv,ɪg.ɔv,ʊgɔv,ɪgɔv
ʊg.ɔz,ɪg.ɔz,ʊgɔz,ɪgɔz
ʊg.ɔʃ,ɪg.ɔʃ,ʊgɔʃ,ɪgɔʃ
ʊg.ɔʒ,ɪg.ɔʒ,ʊgɔʒ,ɪgɔʒ
ʊg.ɔθ,ɪg.ɔθ,ʊgɔθ,ɪgɔθ
ʊg.ɔð,ɪg.ɔð,ʊgɔð,ɪgɔð
ʊf.ɪm,ɪf.ɪm,ʊfɪm,ɪfɪm
ʊf.ɪn,ɪf.ɪn,ʊfɪn,ɪfɪn
ʊf.ɪŋ,ɪf.ɪŋ,ʊfɪŋ,ɪfɪŋ
ʊf.ɪp,ɪf.ɪp,ʊfɪp,ɪfɪp
ʊf.ɪt,ɪf.ɪt,ʊfɪt,ɪfɪt
ʊf.ɪk,ɪf.ɪk,ʊfɪk,ɪfɪk
ʊf.ɪb,ɪf.ɪb,ʊfɪb,ɪfɪb
ʊf.ɪd,ɪf.ɪd,ʊfɪd,ɪfɪd
ʊf.ɪg,ɪf.ɪg,ʊfɪg,ɪfɪg
ʊf.ɪf,ɪf.ɪf,ʊfɪf,ɪfɪf
ʊf.ɪs,ɪf.ɪs,ʊfɪs,ɪfɪs
ʊf.ɪv,ɪf.ɪv,ʊfɪv,ɪfɪv
ʊf.ɪz,ɪf.ɪz,ʊfɪz,ɪfɪz
ʊf.ɪʃ,ɪf.ɪʃ,ʊfɪʃ,ɪfɪʃ
ʊf.ɪʒ,ɪf.ɪʒ,ʊfɪʒ,ɪfɪʒ
ʊf.ɪθ,ɪf.ɪθ,ʊfɪθ,ɪfɪθ
ʊf.ɪð,ɪf.ɪð,ʊfɪð,ɪfɪð
ʊf.ɛm,ɪf.ɛm,ʊfɛm,ɪfɛm
ʊf.ɛn,ɪf.ɛn,ʊfɛn,ɪfɛn
ʊf.ɛŋ,ɪf.ɛŋ,ʊfɛŋ,ɪfɛŋ
ʊf.ɛp,ɪf.ɛp,ʊfɛp,ɪfɛp
ʊf.ɛt,ɪf.ɛt,ʊfɛt,ɪfɛt
ʊf.ɛk,ɪf.ɛk,ʊfɛk,ɪfɛk
ʊf.ɛb,ɪf.ɛb,ʊfɛb,ɪfɛb
ʊf.ɛd,ɪf.ɛd,ʊfɛd,ɪfɛd
ʊf.ɛg,ɪf.ɛg,ʊfɛg,ɪfɛg
ʊf.ɛf,ɪf.ɛf,ʊfɛf,ɪfɛf
ʊf.ɛs,ɪf.ɛs,ʊfɛs,ɪfɛs
ʊf.ɛv,ɪf.ɛv,ʊfɛv,ɪfɛv
ʊf.ɛz,ɪf.ɛz,ʊfɛz,ɪfɛz
ʊf.ɛʃ,ɪf.ɛʃ,ʊfɛʃ,ɪfɛʃ
ʊf.ɛʒ,ɪf.ɛʒ,ʊfɛʒ,ɪfɛʒ
ʊf.ɛθ,ɪf.ɛθ,ʊfɛθ,ɪfɛθ
ʊf.ɛð,ɪf.ɛð,ʊfɛð,ɪfɛð
ʊf.ʊm,ɪf.ʊm,ʊfʊm,ɪfʊm
ʊf.ʊn,ɪf.ʊn,ʊfʊn,ɪfʊn
ʊf.ʊŋ,ɪf.ʊŋ,ʊfʊŋ,ɪfʊŋ
ʊf.ʊp,ɪf.ʊp,ʊfʊp,ɪfʊp
ʊf.ʊt,ɪf.ʊt,ʊfʊt,ɪfʊt
ʊf.ʊk,ɪf.ʊk,ʊfʊk,ɪfʊk
ʊf.ʊb,ɪf.ʊb,ʊfʊb,ɪfʊb
ʊf.ʊd,ɪf.ʊd,ʊfʊd,ɪfʊd
ʊf.ʊg,ɪf.ʊg,ʊfʊg,ɪfʊg
ʊf.ʊf,ɪf.ʊf,ʊfʊf,ɪfʊf
ʊf.ʊs,ɪf.ʊs,ʊfʊs,ɪfʊs
ʊf.ʊv,ɪf.ʊv,ʊfʊv,ɪfʊv
ʊf.ʊz,ɪf.ʊz,ʊfʊz,ɪfʊz
ʊf.ʊʃ,ɪf.ʊʃ,ʊfʊʃ,ɪfʊʃ
ʊf.ʊʒ,ɪf.ʊʒ,ʊfʊʒ,ɪfʊʒ
ʊf.ʊθ,ɪf.ʊθ,ʊfʊθ,ɪfʊθ
ʊf.ʊð,ɪf.ʊð,ʊfʊð,ɪfʊð
ʊf.ɔm,ɪf.ɔm,ʊfɔm,ɪfɔm
ʊf.ɔn,ɪf.ɔn,ʊfɔn,ɪfɔn
ʊf.ɔŋ,ɪf.ɔŋ,ʊfɔŋ,ɪfɔŋ
ʊf.ɔp,ɪf.ɔp,ʊfɔp,ɪfɔp
ʊf.ɔt,ɪf.ɔt,ʊfɔt,ɪfɔt
ʊf.ɔk,ɪf.ɔk,ʊfɔk,ɪfɔk
ʊf.ɔb,ɪf.ɔb,ʊfɔb,ɪfɔb
ʊf.ɔd,ɪf.ɔd,ʊfɔd,ɪfɔd
ʊf.ɔg,ɪf.ɔg,ʊfɔg,ɪfɔg
ʊf.ɔf,ɪf.ɔf,ʊfɔf,ɪfɔf
ʊf.ɔs,ɪf.ɔs,ʊfɔs,ɪfɔs
ʊf.ɔv,ɪf.ɔv,ʊfɔv,ɪfɔv
ʊf.ɔz,ɪf.ɔz,ʊfɔz,ɪfɔz
ʊf.ɔʃ,ɪf.ɔʃ,ʊfɔʃ,ɪfɔʃ
ʊf.ɔʒ,ɪf.ɔʒ,ʊfɔʒ,ɪfɔʒ
ʊf.ɔθ,ɪf.ɔθ,ʊfɔθ,ɪfɔθ
ʊf.ɔð,ɪf.ɔð,ʊfɔð,ɪfɔð
ʊs.ɪm,ɪs.ɪm,ʊsɪm,ɪsɪm
ʊs.ɪn,ɪs.ɪn,ʊsɪn,ɪsɪn
ʊs.ɪŋ,ɪs.ɪŋ,ʊsɪŋ,ɪsɪŋ
ʊs.ɪp,ɪs.ɪp,ʊsɪp,ɪsɪp
ʊs.ɪt,ɪs.ɪt,ʊsɪt,ɪsɪt
ʊs.ɪk,ɪs.ɪk,ʊsɪk,ɪsɪk
ʊs.ɪb,ɪs.ɪb,ʊsɪb,ɪsɪb
ʊs.ɪd,ɪs.ɪd,ʊsɪd,ɪsɪd
ʊs.ɪg,ɪs.ɪg,ʊsɪg,ɪsɪg
ʊs.ɪf,ɪs.ɪf,ʊsɪf,ɪsɪf
ʊs.ɪs,ɪs.ɪs,ʊsɪs,ɪsɪs
ʊs.ɪv,ɪs.ɪv,ʊsɪv,ɪsɪv
ʊs.ɪz,ɪs.ɪz,ʊsɪz,ɪsɪz
ʊs.ɪʃ,ɪs.ɪʃ,ʊsɪʃ,ɪsɪʃ
ʊs.ɪʒ,ɪs.ɪʒ,ʊsɪʒ,ɪsɪʒ
ʊs.ɪθ,ɪs.ɪθ,ʊsɪθ,ɪsɪθ
ʊs.ɪð,ɪs.ɪð,ʊsɪð,ɪsɪð
ʊs.ɛm,ɪs.ɛm,ʊsɛm,ɪsɛm
ʊs.ɛn,ɪs.ɛn,ʊsɛn,ɪsɛn
ʊs.ɛŋ,ɪs.ɛŋ,ʊsɛŋ,ɪsɛŋ
ʊs.ɛp,ɪs.ɛp,ʊsɛp,ɪsɛp
ʊs.ɛt,ɪs.ɛt,ʊsɛt,ɪsɛt
ʊs.ɛk,ɪs.ɛk,ʊsɛk,ɪsɛk
ʊs.ɛb,ɪs.ɛb,ʊsɛb,ɪsɛb
ʊs.ɛd,ɪs.ɛd,ʊsɛd,ɪsɛd
ʊs.ɛg,ɪs.ɛg,ʊsɛg,ɪsɛg
ʊs.ɛf,ɪs.ɛf,ʊsɛf,ɪsɛf
ʊs.ɛs,ɪs.ɛs,ʊsɛs,ɪsɛs
ʊs.ɛv,ɪs.ɛv,ʊsɛv,ɪsɛv
ʊs.ɛz,ɪs.ɛz,ʊsɛz,ɪsɛz
ʊs.ɛʃ,ɪs.ɛʃ,ʊsɛʃ,ɪsɛʃ
ʊs.ɛʒ,ɪs.ɛʒ,ʊsɛʒ,ɪsɛʒ
ʊs.ɛθ,ɪs.ɛθ,ʊsɛθ,ɪsɛθ
ʊs.ɛð,ɪs.ɛð,ʊsɛð,ɪsɛð
ʊs.ʊm,ɪs.ʊm,ʊsʊm,ɪsʊm
ʊs.ʊn,ɪs.ʊn,ʊsʊn,ɪsʊn
ʊs.ʊŋ,ɪs.ʊŋ,ʊsʊŋ,ɪsʊŋ
ʊs.ʊp,ɪs.ʊp,ʊsʊp,ɪsʊp
ʊs.ʊt,ɪs.ʊt,ʊsʊt,ɪsʊt
ʊs.ʊk,ɪs.ʊk,ʊsʊk,ɪsʊk
ʊs.ʊb,ɪs.ʊb,ʊsʊb,ɪsʊb
ʊs.ʊd,ɪs.ʊd,ʊsʊd,ɪsʊd
ʊs.ʊg,ɪs.ʊg,ʊsʊg,ɪsʊg
ʊs.ʊf,ɪs.ʊf,ʊsʊf,ɪsʊf
ʊs.ʊs,ɪs.ʊs,ʊsʊs,ɪsʊs
ʊs.ʊv,ɪs.ʊv,ʊsʊv,ɪsʊv
ʊs.ʊz,ɪs.ʊz,ʊsʊz,ɪsʊz
ʊs.ʊʃ,ɪs.ʊʃ,ʊsʊʃ,ɪsʊʃ
ʊs.ʊʒ,ɪs.ʊʒ,ʊsʊʒ,ɪsʊʒ
ʊs.ʊθ,ɪs.ʊθ,ʊsʊθ,ɪsʊθ
ʊs.ʊð,ɪs.ʊð,ʊsʊð,ɪsʊð
ʊs.ɔm,ɪs.ɔm,ʊsɔm,ɪsɔm
ʊs.ɔn,ɪs.ɔn,ʊsɔn,ɪsɔn
ʊs.ɔŋ,ɪs.ɔŋ,ʊsɔŋ,ɪsɔŋ
ʊs.ɔp,ɪs.ɔp,ʊsɔp,ɪsɔp
ʊs.ɔt,ɪs.ɔt,ʊsɔt,ɪsɔt
ʊs.ɔk,ɪs.ɔk,ʊsɔk,ɪsɔk
ʊs.ɔb,ɪs.ɔb,ʊsɔb,ɪsɔb
ʊs.ɔd,ɪs.ɔd,ʊsɔd,ɪsɔd
ʊs.ɔg,ɪs.ɔg,ʊsɔg,ɪsɔg
ʊs.ɔf,ɪs.ɔf,ʊsɔf,ɪsɔf
ʊs.ɔs,ɪs.ɔs,ʊsɔs,ɪsɔs
ʊs.ɔv,ɪs.ɔv,ʊsɔv,ɪsɔv
ʊs.ɔz,ɪs.ɔz,ʊsɔz,ɪsɔz
ʊs.ɔʃ,ɪs.ɔʃ,ʊsɔʃ,ɪsɔʃ
ʊs.ɔʒ,ɪs.ɔʒ,ʊsɔʒ,ɪsɔʒ
ʊs.ɔθ,ɪs.ɔθ,ʊsɔθ,ɪsɔθ
ʊs.ɔð,ɪs.ɔð,ʊsɔð,ɪsɔð
ʊv.ɪm,ɪv.ɪm,ʊvɪm,ɪvɪm
ʊv.ɪn,ɪv.ɪn,ʊvɪn,ɪvɪn
ʊv.ɪŋ,ɪv.ɪŋ,ʊvɪŋ,ɪvɪŋ
ʊv.ɪp,ɪv.ɪp,ʊvɪp,ɪvɪp
ʊv.ɪt,ɪv.ɪt,ʊvɪt,ɪvɪt
ʊv.ɪk,ɪv.ɪk,ʊvɪk,ɪvɪk
ʊv.ɪb,ɪv.ɪb,ʊvɪb,ɪvɪb
ʊv.ɪd,ɪv.ɪd,ʊvɪd,ɪvɪd
ʊv.ɪg,ɪv.ɪg,ʊvɪg,ɪvɪg
ʊv.ɪf,ɪv.ɪf,ʊvɪf,ɪvɪf
ʊv.ɪs,ɪv.ɪs,ʊvɪs,ɪvɪs
ʊv.ɪv,ɪv.ɪv,ʊvɪv,ɪvɪv
ʊv.ɪz,ɪv.ɪz,ʊvɪz,ɪvɪz
ʊv.ɪʃ,ɪv.ɪʃ,ʊvɪʃ,ɪvɪʃ
ʊv.ɪʒ,ɪv.ɪʒ,ʊvɪʒ,ɪvɪʒ
ʊv.ɪθ,ɪv.ɪθ,ʊvɪθ,ɪvɪθ
ʊv.ɪð,ɪv.ɪð,ʊvɪð,ɪvɪð
ʊv.ɛm,ɪv.ɛm,ʊvɛm,ɪvɛm
ʊv.ɛn,ɪv.ɛn,ʊvɛn,ɪvɛn
ʊv.ɛŋ,ɪv.ɛŋ,ʊvɛŋ,ɪvɛŋ
ʊv.ɛp,ɪv.ɛp,ʊvɛp,ɪvɛp
ʊv.ɛt,ɪv.ɛt,ʊvɛt,ɪvɛt
ʊv.ɛk,ɪv.ɛk,ʊvɛk,ɪvɛk
ʊv.ɛb,ɪv.ɛb,ʊvɛb,ɪvɛb
ʊv.ɛd,ɪv.ɛd,ʊvɛd,ɪvɛd
ʊv.ɛg,ɪv.ɛg,ʊvɛg,ɪvɛg
ʊv.ɛf,ɪv.ɛf,ʊvɛf,ɪvɛf
ʊv.ɛs,ɪv.ɛs,ʊvɛs,ɪvɛs
ʊv.ɛv,ɪv.ɛv,ʊvɛv,ɪvɛv
ʊv.ɛz,ɪv.ɛz,ʊvɛz,ɪvɛz
ʊv.ɛʃ,ɪv.ɛʃ,ʊvɛʃ,ɪvɛʃ
ʊv.ɛʒ,ɪv.ɛʒ,ʊvɛʒ,ɪvɛʒ
ʊv.ɛθ,ɪv.ɛθ,ʊvɛθ,ɪvɛθ
ʊv.ɛð,ɪv.ɛð,ʊvɛð,ɪvɛð
ʊv.ʊm,ɪv.ʊm,ʊvʊm,ɪvʊm
ʊv.ʊn,ɪv.ʊn,ʊvʊn,ɪvʊn
ʊv.ʊŋ,ɪv.ʊŋ,ʊvʊŋ,ɪvʊŋ
ʊv.ʊp,ɪv.ʊp,ʊvʊp,ɪvʊp
ʊv.ʊt,ɪv.ʊt,ʊvʊt,ɪvʊt
ʊv.ʊk,ɪv.ʊk,ʊvʊk,ɪvʊk
ʊv.ʊb,ɪv.ʊb,ʊvʊb,ɪvʊb
ʊv.ʊd,ɪv.ʊd,ʊvʊd,ɪvʊd
ʊv.ʊg,ɪv.ʊg,ʊvʊg,ɪvʊg
ʊv.ʊf,ɪv.ʊf,ʊvʊf,ɪvʊf
ʊv.ʊs,ɪv.ʊs,ʊvʊs,ɪvʊs
ʊv.ʊv,ɪv.ʊv,ʊvʊv,ɪvʊv
ʊv.ʊz,ɪv.ʊz,ʊvʊz,ɪvʊz
ʊv.ʊʃ,ɪv.ʊʃ,ʊvʊʃ,ɪvʊʃ
ʊv.ʊʒ,ɪv.ʊʒ,ʊvʊʒ,ɪvʊʒ
ʊv.ʊθ,ɪv.ʊθ,ʊvʊθ,ɪvʊθ
ʊv.ʊð,ɪv.ʊð,ʊvʊð,ɪvʊð
ʊv.ɔm,ɪv.ɔm,ʊvɔm,ɪvɔm
ʊv.ɔn,ɪv.ɔn,ʊvɔn,ɪvɔn
ʊv.ɔŋ,ɪv.ɔŋ,ʊvɔŋ,ɪvɔŋ
ʊv.ɔp,ɪv.ɔp,ʊvɔp,ɪvɔp
ʊv.ɔt,ɪv.ɔt,ʊvɔt,ɪvɔt
ʊv.ɔk,ɪv.ɔk,ʊvɔk,ɪvɔk
ʊv.ɔb,ɪv.ɔb,ʊvɔb,ɪvɔb
ʊv.ɔd,ɪv.ɔd,ʊvɔd,ɪvɔd
ʊv.ɔg,ɪv.ɔg,ʊvɔg,ɪvɔg
ʊv.ɔf,ɪv.ɔf,ʊvɔf,ɪvɔf
ʊv.ɔs,ɪv.ɔs,ʊvɔs,ɪvɔs
ʊv.ɔv,ɪv.ɔv,ʊvɔv,ɪvɔv
ʊv.ɔz,ɪv.ɔz,ʊvɔz,ɪvɔz
ʊv.ɔʃ,ɪv.ɔʃ,ʊvɔʃ,ɪvɔʃ
ʊv.ɔʒ,ɪv.ɔʒ,ʊvɔʒ,ɪvɔʒ
ʊv.ɔθ,ɪv.ɔθ,ʊvɔθ,ɪvɔθ
ʊv.ɔð,ɪv.ɔð,ʊvɔð,ɪvɔð
ʊz.ɪm,ɪz.ɪm,ʊzɪm,ɪzɪm
ʊz.ɪn,ɪz.ɪn,ʊzɪn,ɪzɪn
ʊz.ɪŋ,ɪz.ɪŋ,ʊzɪŋ,ɪzɪŋ
ʊz.ɪp,ɪz.ɪp,ʊzɪp,ɪzɪp
ʊz.ɪt,ɪz.ɪt,ʊzɪt,ɪzɪt
ʊz.ɪk,ɪz.ɪk,ʊzɪk,ɪzɪk
ʊz.ɪb,ɪz.ɪb,ʊzɪb,ɪzɪb
ʊz.ɪd,ɪz.ɪd,ʊzɪd,ɪzɪd
ʊz.ɪg,ɪz.ɪg,ʊzɪg,ɪzɪg
ʊz.ɪf,ɪz.ɪf,ʊzɪf,ɪzɪf
ʊz.ɪs,ɪz.ɪs,ʊzɪs,ɪzɪs
ʊz.ɪv,ɪz.ɪv,ʊzɪv,ɪzɪv
ʊz.ɪz,ɪz.ɪz,ʊzɪz,ɪzɪz
ʊz.ɪʃ,ɪz.ɪʃ,ʊzɪʃ,ɪzɪʃ
ʊz.ɪʒ,ɪz.ɪʒ,ʊzɪʒ,ɪzɪʒ
ʊz.ɪθ,ɪz.ɪθ,ʊzɪθ,ɪzɪθ
ʊz.ɪð,ɪz.ɪð,ʊzɪð,ɪzɪð
ʊz.ɛm,ɪz.ɛm,ʊzɛm,ɪzɛm
ʊz.ɛn,ɪz.ɛn,ʊzɛn,ɪzɛn
ʊz.ɛŋ,ɪz.ɛŋ,ʊzɛŋ,ɪzɛŋ
ʊz.ɛp,ɪz.ɛp,ʊzɛp,ɪzɛp
ʊz.ɛt,ɪz.ɛt,ʊzɛt,ɪzɛt
ʊz.ɛk,ɪz.ɛk,ʊzɛk,ɪzɛk
ʊz.ɛb,ɪz.ɛb,ʊzɛb,ɪzɛb
ʊz.ɛd,ɪz.ɛd,ʊzɛd,ɪzɛd
ʊz.ɛg,ɪz.ɛg,ʊzɛg,ɪzɛg
ʊz.ɛf,ɪz.ɛf,ʊzɛf,ɪzɛf
ʊz.ɛs,ɪz.ɛs,ʊzɛs,ɪzɛs
ʊz.ɛv,ɪz.ɛv,ʊzɛv,ɪzɛv
ʊz.ɛz,ɪz.ɛz,ʊzɛz,ɪzɛz
ʊz.ɛʃ,ɪz.ɛʃ,ʊzɛʃ,ɪzɛʃ
ʊz.ɛʒ,ɪz.ɛʒ,ʊzɛʒ,ɪzɛʒ
ʊz.ɛθ,ɪz.ɛθ,ʊzɛθ,ɪzɛθ
ʊz.ɛð,ɪz.ɛð,ʊzɛð,ɪzɛð
ʊz.ʊm,ɪz.ʊm,ʊzʊm,ɪzʊm
ʊz.ʊn,ɪz.ʊn,ʊzʊn,ɪzʊn
ʊz.ʊŋ,ɪz.ʊŋ,ʊzʊŋ,ɪzʊŋ
ʊz.ʊp,ɪz.ʊp,ʊzʊp,ɪzʊp
ʊz.ʊt,ɪz.ʊt,ʊzʊt,ɪzʊt
ʊz.ʊk,ɪz.ʊk,ʊzʊk,ɪzʊk
ʊz.ʊb,ɪz.ʊb,ʊzʊb,ɪzʊb
ʊz.ʊd,ɪz.ʊd,ʊzʊd,ɪzʊd
ʊz.ʊg,ɪz.ʊg,ʊzʊg,ɪzʊg
ʊz.ʊf,ɪz.ʊf,ʊzʊf,ɪzʊf
ʊz.ʊs,ɪz.ʊs,ʊzʊs,ɪzʊs
ʊz.ʊv,ɪz.ʊv,ʊzʊv,ɪzʊv
ʊz.ʊz,ɪz.ʊz,ʊzʊz,ɪzʊz
ʊz.ʊʃ,ɪz.ʊʃ,ʊzʊʃ,ɪzʊʃ
ʊz.ʊʒ,ɪz.ʊʒ,ʊzʊʒ,ɪzʊʒ
ʊz.ʊθ,ɪz.ʊθ,ʊzʊθ,ɪzʊθ
ʊz.ʊð,ɪz.ʊð,ʊzʊð,ɪzʊð
ʊz.ɔm,ɪz.ɔm,ʊzɔm,ɪzɔm
ʊz.ɔn,ɪz.ɔn,ʊzɔn,ɪzɔn
ʊz.ɔŋ,ɪz.ɔŋ,ʊzɔŋ,ɪzɔŋ
ʊz.ɔp,ɪz.ɔp,ʊzɔp,ɪzɔp
ʊz.ɔt,ɪz.ɔt,ʊzɔt,ɪzɔt
ʊz.ɔk,ɪz.ɔk,ʊzɔk,ɪzɔk
ʊz.ɔb,ɪz.ɔb,ʊzɔb,ɪzɔb
ʊz.ɔd,ɪz.ɔd,ʊzɔd,ɪzɔd
ʊz.ɔg,ɪz.ɔg,ʊzɔg,ɪzɔg
ʊz.ɔf,ɪz.ɔf,ʊzɔf,ɪzɔf
ʊz.ɔs,ɪz.ɔs,ʊzɔs,ɪzɔs
ʊz.ɔv,ɪz.ɔv,ʊzɔv,ɪzɔv
ʊz.ɔz,ɪz.ɔz,ʊzɔz,ɪzɔz
ʊz.ɔʃ,ɪz.ɔʃ,ʊzɔʃ,ɪzɔʃ
ʊz.ɔʒ,ɪz.ɔʒ,ʊzɔʒ,ɪzɔʒ
ʊz.ɔθ,ɪz.ɔθ,ʊzɔθ,ɪzɔθ
ʊz.ɔð,ɪz.ɔð,ʊzɔð,ɪzɔð
ʊʃ.ɪm,ɪʃ.ɪm,ʊʃɪm,ɪʃɪm
ʊʃ.ɪn,ɪʃ.ɪn,ʊʃɪn,ɪʃɪn
ʊʃ.ɪŋ,ɪʃ.ɪŋ,ʊʃɪŋ,ɪʃɪŋ
ʊʃ.ɪp,ɪʃ.ɪp,ʊʃɪp,ɪʃɪp
ʊʃ.ɪt,ɪʃ.ɪt,ʊʃɪt,ɪʃɪt
ʊʃ.ɪk,ɪʃ.ɪk,ʊʃɪk,ɪʃɪk
ʊʃ.ɪb,ɪʃ.ɪb,ʊʃɪb,ɪʃɪb
ʊʃ.ɪd,ɪʃ.ɪd,ʊʃɪd,ɪʃɪd
ʊʃ.ɪg,ɪʃ.ɪg,ʊʃɪg,ɪʃɪg
ʊʃ.ɪf,ɪʃ.ɪf,ʊʃɪf,ɪʃɪf
ʊʃ.ɪs,ɪʃ.ɪs,ʊʃɪs,ɪʃɪs
ʊʃ.ɪv,ɪʃ.ɪv,ʊʃɪv,ɪʃɪv
ʊʃ.ɪz,ɪʃ.ɪz,ʊʃɪz,ɪʃɪz
ʊʃ.ɪʃ,ɪʃ.ɪʃ,ʊʃɪʃ,ɪʃɪʃ
ʊʃ.ɪʒ,ɪʃ.ɪʒ,ʊʃɪʒ,ɪʃɪʒ
ʊʃ.ɪθ,ɪʃ.ɪθ,ʊʃɪθ,ɪʃɪθ
ʊʃ.ɪð,ɪʃ.ɪð,ʊʃɪð,ɪʃɪð
ʊʃ.ɛm,ɪʃ.ɛm,ʊʃɛm,ɪʃɛm
ʊʃ.ɛn,ɪʃ.ɛn,ʊʃɛn,ɪʃɛn
ʊʃ.ɛŋ,ɪʃ.ɛŋ,ʊʃɛŋ,ɪʃɛŋ
ʊʃ.ɛp,ɪʃ.ɛp,ʊʃɛp,ɪʃɛp
ʊʃ.ɛt,ɪʃ.ɛt,ʊʃɛt,ɪʃɛt
ʊʃ.ɛk,ɪʃ.ɛk,ʊʃɛk,ɪʃɛk
ʊʃ.ɛb,ɪʃ.ɛb,ʊʃɛb,ɪʃɛb
ʊʃ.ɛd,ɪʃ.ɛd,ʊʃɛd,ɪʃɛd
ʊʃ.ɛg,ɪʃ.ɛg,ʊʃɛg,ɪʃɛg
ʊʃ.ɛf,ɪʃ.ɛf,ʊʃɛf,ɪʃɛf
ʊʃ.ɛs,ɪʃ.ɛs,ʊʃɛs,ɪʃɛs
ʊʃ.ɛv,ɪʃ.ɛv,ʊʃɛv,ɪʃɛv
ʊʃ.ɛz,ɪʃ.ɛz,ʊʃɛz,ɪʃɛz
ʊʃ.ɛʃ,ɪʃ.ɛʃ,ʊʃɛʃ,ɪʃɛʃ
ʊʃ.ɛʒ,ɪʃ.ɛʒ,ʊʃɛʒ,ɪʃɛʒ
ʊʃ.ɛθ,ɪʃ.ɛθ,ʊʃɛθ,ɪʃɛθ
ʊʃ.ɛð,ɪʃ.ɛð,ʊʃɛð,ɪʃɛð
ʊʃ.ʊm,ɪʃ.ʊm,ʊʃʊm,ɪʃʊm
ʊʃ.ʊn,ɪʃ.ʊn,ʊʃʊn,ɪʃʊn
ʊʃ.ʊŋ,ɪʃ.ʊŋ,ʊʃʊŋ,ɪʃʊŋ
ʊʃ.ʊp,ɪʃ.ʊp,ʊʃʊp,ɪʃʊp
ʊʃ.ʊt,ɪʃ.ʊt,ʊʃʊt,ɪʃʊt
ʊʃ.ʊk,ɪʃ.ʊk,ʊʃʊk,ɪʃʊk
ʊʃ.ʊb,ɪʃ.ʊb,ʊʃʊb,ɪʃʊb
ʊʃ.ʊd,ɪʃ.ʊd,ʊʃʊd,ɪʃʊd
ʊʃ.ʊg,ɪʃ.ʊg,ʊʃʊg,ɪʃʊg
ʊʃ.ʊf,ɪʃ.ʊf,ʊʃʊf,ɪʃʊf
ʊʃ.ʊs,ɪʃ.ʊs,ʊʃʊs,ɪʃʊs
ʊʃ.ʊv,ɪʃ.ʊv,ʊʃʊv,ɪʃʊv
ʊʃ.ʊz,ɪʃ.ʊz,ʊʃʊz,ɪʃʊz
ʊʃ.ʊʃ,ɪʃ.ʊʃ,ʊʃʊʃ,ɪʃʊʃ
ʊʃ.ʊʒ,ɪʃ.ʊʒ,ʊʃʊʒ,ɪʃʊʒ
ʊʃ.ʊθ,ɪʃ.ʊθ,ʊʃʊθ,ɪʃʊθ
ʊʃ.ʊð,ɪʃ.ʊð,ʊʃʊð,ɪʃʊð
ʊʃ.ɔm,ɪʃ.ɔm,ʊʃɔm,ɪʃɔm
ʊʃ.ɔn,ɪʃ.ɔn,ʊʃɔn,ɪʃɔn
ʊʃ.ɔŋ,ɪʃ.ɔŋ,ʊʃɔŋ,ɪʃɔŋ
ʊʃ.ɔp,ɪʃ.ɔp,ʊʃɔp,ɪʃɔp
ʊʃ.ɔt,ɪʃ.ɔt,ʊʃɔt,ɪʃɔt
ʊʃ.ɔk,ɪʃ.ɔk,ʊʃɔk,ɪʃɔk
ʊʃ.ɔb,ɪʃ.ɔb,ʊʃɔb,ɪʃɔb
ʊʃ.ɔd,ɪʃ.ɔd,ʊʃɔd,ɪʃɔd
ʊʃ.ɔg,ɪʃ.ɔg,ʊʃɔg,ɪʃɔg
ʊʃ.ɔf,ɪʃ.ɔf,ʊʃɔf,ɪʃɔf
ʊʃ.ɔs,ɪʃ.ɔs,ʊʃɔs,ɪʃɔs
ʊʃ.ɔv,ɪʃ.ɔv,ʊʃɔv,ɪʃɔv
ʊʃ.ɔz,ɪʃ.ɔz,ʊʃɔz,ɪʃɔz
ʊʃ.ɔʃ,ɪʃ.ɔʃ,ʊʃɔʃ,ɪʃɔʃ
ʊʃ.ɔʒ,ɪʃ.ɔʒ,ʊʃɔʒ,ɪʃɔʒ
ʊʃ.ɔθ,ɪʃ.ɔθ,ʊʃɔθ,ɪʃɔθ
ʊʃ.ɔð,ɪʃ.ɔð,ʊʃɔð,ɪʃɔð
ʊʒ.ɪm,ɪʒ.ɪm,ʊʒɪm,ɪʒɪm
ʊʒ.ɪn,ɪʒ.ɪn,ʊʒɪn,ɪʒɪn
ʊʒ.ɪŋ,ɪʒ.ɪŋ,ʊʒɪŋ,ɪʒɪŋ
ʊʒ.ɪp,ɪʒ.ɪp,ʊʒɪp,ɪʒɪp
ʊʒ.ɪt,ɪʒ.ɪt,ʊʒɪt,ɪʒɪt
ʊʒ.ɪk,ɪʒ.ɪk,ʊʒɪk,ɪʒɪk
ʊʒ.ɪb,ɪʒ.ɪb,ʊʒɪb,ɪʒɪb
ʊʒ.ɪd,ɪʒ.ɪd,ʊʒɪd,ɪʒɪd
ʊʒ.ɪg,ɪʒ.ɪg,ʊʒɪg,ɪʒɪg
ʊʒ.ɪf,ɪʒ.ɪf,ʊʒɪf,ɪʒɪf
ʊʒ.ɪs,ɪʒ.ɪs,ʊʒɪs,ɪʒɪs
ʊʒ.ɪv,ɪʒ.ɪv,ʊʒɪv,ɪʒɪv
ʊʒ.ɪz,ɪʒ.ɪz,ʊʒɪz,ɪʒɪz
ʊʒ.ɪʃ,ɪʒ.ɪʃ,ʊʒɪʃ,ɪʒɪʃ
ʊʒ.ɪʒ,ɪʒ.ɪʒ,ʊʒɪʒ,ɪʒɪʒ
ʊʒ.ɪθ,ɪʒ.ɪθ,ʊʒɪθ,ɪʒɪθ
ʊʒ.ɪð,ɪʒ.ɪð,ʊʒɪð,ɪʒɪð
ʊʒ.ɛm,ɪʒ.ɛm,ʊʒɛm,ɪʒɛm
ʊʒ.ɛn,ɪʒ.ɛn,ʊʒɛn,ɪʒɛn
ʊʒ.ɛŋ,ɪʒ.ɛŋ,ʊʒɛŋ,ɪʒɛŋ
ʊʒ.ɛp,ɪʒ.ɛp,ʊʒɛp,ɪʒɛp
ʊʒ.ɛt,ɪʒ.ɛt,ʊʒɛt,ɪʒɛt
ʊʒ.ɛk,ɪʒ.ɛk,ʊʒɛk,ɪʒɛk
ʊʒ.ɛb,ɪʒ.ɛb,ʊʒɛb,ɪʒɛb
ʊʒ.ɛd,ɪʒ.ɛd,ʊʒɛd,ɪʒɛd
ʊʒ.ɛg,ɪʒ.ɛg,ʊʒɛg,ɪʒɛg
ʊʒ.ɛf,ɪʒ.ɛf,ʊʒɛf,ɪʒɛf
ʊʒ.ɛs,ɪʒ.ɛs,ʊʒɛs,ɪʒɛs
ʊʒ.ɛv,ɪʒ.ɛv,ʊʒɛv,ɪʒɛv
ʊʒ.ɛz,ɪʒ.ɛz,ʊʒɛz,ɪʒɛz
ʊʒ.ɛʃ,ɪʒ.ɛʃ,ʊʒɛʃ,ɪʒɛʃ
ʊʒ.ɛʒ,ɪʒ.ɛʒ,ʊʒɛʒ,ɪʒɛʒ
ʊʒ.ɛθ,ɪʒ.ɛθ,ʊʒɛθ,ɪʒɛθ
ʊʒ.ɛð,ɪʒ.ɛð,ʊʒɛð,ɪʒɛð
ʊʒ.ʊm,ɪʒ.ʊm,ʊʒʊm,ɪʒʊm
ʊʒ.ʊn,ɪʒ.ʊn,ʊʒʊn,ɪʒʊn
ʊʒ.ʊŋ,ɪʒ.ʊŋ,ʊʒʊŋ,ɪʒʊŋ
ʊʒ.ʊp,ɪʒ.ʊp,ʊʒʊp,ɪʒʊp
ʊʒ.ʊt,ɪʒ.ʊt,ʊʒʊt,ɪʒʊt
ʊʒ.ʊk,ɪʒ.ʊk,ʊʒʊk,ɪʒʊk
ʊʒ.ʊb,ɪʒ.ʊb,ʊʒʊb,ɪʒʊb
ʊʒ.ʊd,ɪʒ.ʊd,ʊʒʊd,ɪʒʊd
ʊʒ.ʊg,ɪʒ.ʊg,ʊʒʊg,ɪʒʊg
ʊʒ.ʊf,ɪʒ.ʊf,ʊʒʊf,ɪʒʊf
ʊʒ.ʊs,ɪʒ.ʊs,ʊʒʊs,ɪʒʊs
ʊʒ.ʊv,ɪʒ.ʊv,ʊʒʊv,ɪʒʊv
ʊʒ.ʊz,ɪʒ.ʊz,ʊʒʊz,ɪʒʊz
ʊʒ.ʊʃ,ɪʒ.ʊʃ,ʊʒʊʃ,ɪʒʊʃ
ʊʒ.ʊʒ,ɪʒ.ʊʒ,ʊʒʊʒ,ɪʒʊʒ
ʊʒ.ʊθ,ɪʒ.ʊθ,ʊʒʊθ,ɪʒʊθ
ʊʒ.ʊð,ɪʒ.ʊð,ʊʒʊð,ɪʒʊð
ʊʒ.ɔm,ɪʒ.ɔm,ʊʒɔm,ɪʒɔm
ʊʒ.ɔn,ɪʒ.ɔn,ʊʒɔn,ɪʒɔn
ʊʒ.ɔŋ,ɪʒ.ɔŋ,ʊʒɔŋ,ɪʒɔŋ
ʊʒ.ɔp,ɪʒ.ɔp,ʊʒɔp,ɪʒɔp
ʊʒ.ɔt,ɪʒ.ɔt,ʊʒɔt,ɪʒɔt
ʊʒ.ɔk,ɪʒ.ɔk,ʊʒɔk,ɪʒɔk
ʊʒ.ɔb,ɪʒ.ɔb,ʊʒɔb,ɪʒɔb
ʊʒ.ɔd,ɪʒ.ɔd,ʊʒɔd,ɪʒɔd
ʊʒ.ɔg,ɪʒ.ɔg,ʊʒɔg,ɪʒɔg
ʊʒ.ɔf,ɪʒ.ɔf,ʊʒɔf,ɪʒɔf
ʊʒ.ɔs,ɪʒ.ɔs,ʊʒɔs,ɪʒɔs
ʊʒ.ɔv,ɪʒ.ɔv,ʊʒɔv,ɪʒɔv
ʊʒ.ɔz,ɪʒ.ɔz,ʊʒɔz,ɪʒɔz
ʊʒ.ɔʃ,ɪʒ.ɔʃ,ʊʒɔʃ,ɪʒɔʃ
ʊʒ.ɔʒ,ɪʒ.ɔʒ,ʊʒɔʒ,ɪʒɔʒ
ʊʒ.ɔθ,ɪʒ.ɔθ,ʊʒɔθ,ɪʒɔθ
ʊʒ.ɔð,ɪʒ.ɔð,ʊʒɔð,ɪʒɔð
ʊθ.ɪm,ɪθ.ɪm,ʊθɪm,ɪθɪm
ʊθ.ɪn,ɪθ.ɪn,ʊθɪn,ɪθɪn
ʊθ.ɪŋ,ɪθ.ɪŋ,ʊθɪŋ,ɪθɪŋ
ʊθ.ɪp,ɪθ.ɪp,ʊθɪp,ɪθɪp
ʊθ.ɪt,ɪθ.ɪt,ʊθɪt,ɪθɪt
ʊθ.ɪk,ɪθ.ɪk,ʊθɪk,ɪθɪk
ʊθ.ɪb,ɪθ.ɪb,ʊθɪb,ɪθɪb
ʊθ.ɪd,ɪθ.ɪd,ʊθɪd,ɪθɪd
ʊθ.ɪg,ɪθ.ɪg,ʊθɪg,ɪθɪg
ʊθ.ɪf,ɪθ.ɪf,ʊθɪf,ɪθɪf
ʊθ.ɪs,ɪθ.ɪs,ʊθɪs,ɪθɪs
ʊθ.ɪv,ɪθ.ɪv,ʊθɪv,ɪθɪv
ʊθ.ɪz,ɪθ.ɪz,ʊθɪz,ɪθɪz
ʊθ.ɪʃ,ɪθ.ɪʃ,ʊθɪʃ,ɪθɪʃ
ʊθ.ɪʒ,ɪθ.ɪʒ,ʊθɪʒ,ɪθɪʒ
ʊθ.ɪθ,ɪθ.ɪθ,ʊθɪθ,ɪθɪθ
ʊθ.ɪð,ɪθ.ɪð,ʊθɪð,ɪθɪð
ʊθ.ɛm,ɪθ.ɛm,ʊθɛm,ɪθɛm
ʊθ.ɛn,ɪθ.ɛn,ʊθɛn,ɪθɛn
ʊθ.ɛŋ,ɪθ.ɛŋ,ʊθɛŋ,ɪθɛŋ
ʊθ.ɛp,ɪθ.ɛp,ʊθɛp,ɪθɛp
ʊθ.ɛt,ɪθ.ɛt,ʊθɛt,ɪθɛt
ʊθ.ɛk,ɪθ.ɛk,ʊθɛk,ɪθɛk
ʊθ.ɛb,ɪθ.ɛb,ʊθɛb,ɪθɛb
ʊθ.ɛd,ɪθ.ɛd,ʊθɛd,ɪθɛd
ʊθ.ɛg,ɪθ.ɛg,ʊθɛg,ɪθɛg
ʊθ.ɛf,ɪθ.ɛf,ʊθɛf,ɪθɛf
ʊθ.ɛs,ɪθ.ɛs,ʊθɛs,ɪθɛs
ʊθ.ɛv,ɪθ.ɛv,ʊθɛv,ɪθɛv
ʊθ.ɛz,ɪθ.ɛz,ʊθɛz,ɪθɛz
ʊθ.ɛʃ,ɪθ.ɛʃ,ʊθɛʃ,ɪθɛʃ
ʊθ.ɛʒ,ɪθ.ɛʒ,ʊθɛʒ,ɪθɛʒ
ʊθ.ɛθ,ɪθ.ɛθ,ʊθɛθ,ɪθɛθ
ʊθ.ɛð,ɪθ.ɛð,ʊθɛð,ɪθɛð
ʊθ.ʊm,ɪθ.ʊm,ʊθʊm,ɪθʊm
ʊθ.ʊn,ɪθ.ʊn,ʊθʊn,ɪθʊn
ʊθ.ʊŋ,ɪθ.ʊŋ,ʊθʊŋ,ɪθʊŋ
ʊθ.ʊp,ɪθ.ʊp,ʊθʊp,ɪθʊp
ʊθ.ʊt,ɪθ.ʊt,ʊθʊt,ɪθʊt
ʊθ.ʊk,ɪθ.ʊk,ʊθʊk,ɪθʊk
ʊθ.ʊb,ɪθ.ʊb,ʊθʊb,ɪθʊb
ʊθ.ʊd,ɪθ.ʊd,ʊθʊd,ɪθʊd
ʊθ.ʊg,ɪθ.ʊg,ʊθʊg,ɪθʊg
ʊθ.ʊf,ɪθ.ʊf,ʊθʊf,ɪθʊf
ʊθ.ʊs,ɪθ.ʊs,ʊθʊs,ɪθʊs
ʊθ.ʊv,ɪθ.ʊv,ʊθʊv,ɪθʊv
ʊθ.ʊz,ɪθ.ʊz,ʊθʊz,ɪθʊz
ʊθ.ʊʃ,ɪθ.ʊʃ,ʊθʊʃ,ɪθʊʃ
ʊθ.ʊʒ,ɪθ.ʊʒ,ʊθʊʒ,ɪθʊʒ
ʊθ.ʊθ,ɪθ.ʊθ,ʊθʊθ,ɪθʊθ
ʊθ.ʊð,ɪθ.ʊð,ʊθʊð,ɪθʊð
ʊθ.ɔm,ɪθ.ɔm,ʊθɔm,ɪθɔm
ʊθ.ɔn,ɪθ.ɔn,ʊθɔn,ɪθɔn
ʊθ.ɔŋ,ɪθ.ɔŋ,ʊθɔŋ,ɪθɔŋ
ʊθ.ɔp,ɪθ.ɔp,ʊθɔp,ɪθɔp
ʊθ.ɔt,ɪθ.ɔt,ʊθɔt,ɪθɔt
ʊθ.ɔk,ɪθ.ɔk,ʊθɔk,ɪθɔk
ʊθ.ɔb,ɪθ.ɔb,ʊθɔb,ɪθɔb
ʊθ.ɔd,ɪθ.ɔd,ʊθɔd,ɪθɔd
ʊθ.ɔg,ɪθ.ɔg,ʊθɔg,ɪθɔg
ʊθ.ɔf,ɪθ.ɔf,ʊθɔf,ɪθɔf
ʊθ.ɔs,ɪθ.ɔs,ʊθɔs,ɪθɔs
ʊθ.ɔv,ɪθ.ɔv,ʊθɔv,ɪθɔv
ʊθ.ɔz,ɪθ.ɔz,ʊθɔz,ɪθɔz
ʊθ.ɔʃ,ɪθ.ɔʃ,ʊθɔʃ,ɪθɔʃ
ʊθ.ɔʒ,ɪθ.ɔʒ,ʊθɔʒ,ɪθɔʒ
ʊθ.ɔθ,ɪθ.ɔθ,ʊθɔθ,ɪθɔθ
ʊθ.ɔð,ɪθ.ɔð,ʊθɔð,ɪθɔð
ʊð.ɪm,ɪð.ɪm,ʊðɪm,ɪðɪm
ʊð.ɪn,ɪð.ɪn,ʊðɪn,ɪðɪn
ʊð.ɪŋ,ɪð.ɪŋ,ʊðɪŋ,ɪðɪŋ
ʊð.ɪp,ɪð.ɪp,ʊðɪp,ɪðɪp
ʊð.ɪt,ɪð.ɪt,ʊðɪt,ɪðɪt
ʊð.ɪk,ɪð.ɪk,ʊðɪk,ɪðɪk
ʊð.ɪb,ɪð.ɪb,ʊðɪb,ɪðɪb
ʊð.ɪd,ɪð.ɪd,ʊðɪd,ɪðɪd
ʊð.ɪg,ɪð.ɪg,ʊðɪg,ɪðɪg
ʊð.ɪf,ɪð.ɪf,ʊðɪf,ɪðɪf
ʊð.ɪs,ɪð.ɪs,ʊðɪs,ɪðɪs
ʊð.ɪv,ɪð.ɪv,ʊðɪv,ɪðɪv
ʊð.ɪz,ɪð.ɪz,ʊðɪz,ɪðɪz
ʊð.ɪʃ,ɪð.ɪʃ,ʊðɪʃ,ɪðɪʃ
ʊð.ɪʒ,ɪð.ɪʒ,ʊðɪʒ,ɪðɪʒ
ʊð.ɪθ,ɪð.ɪθ,ʊðɪθ,ɪðɪθ
ʊð.ɪð,ɪð.ɪð,ʊðɪð,ɪðɪð
ʊð.ɛm,ɪð.ɛm,ʊðɛm,ɪðɛm
ʊð.ɛn,ɪð.ɛn,ʊðɛn,ɪðɛn
ʊð.ɛŋ,ɪð.ɛŋ,ʊðɛŋ,ɪðɛŋ
ʊð.ɛp,ɪð.ɛp,ʊðɛp,ɪðɛp
ʊð.ɛt,ɪð.ɛt,ʊðɛt,ɪðɛt
ʊð.ɛk,ɪð.ɛk,ʊðɛk,ɪðɛk
ʊð.ɛb,ɪð.ɛb,ʊðɛb,ɪðɛb
ʊð.ɛd,ɪð.ɛd,ʊðɛd,ɪðɛd
ʊð.ɛg,ɪð.ɛg,ʊðɛg,ɪðɛg
ʊð.ɛf,ɪð.ɛf,ʊðɛf,ɪðɛf
ʊð.ɛs,ɪð.ɛs,ʊðɛs,ɪðɛs
ʊð.ɛv,ɪð.ɛv,ʊðɛv,ɪðɛv
ʊð.ɛz,ɪð.ɛz,ʊðɛz,ɪðɛz
ʊð.ɛʃ,ɪð.ɛʃ,ʊðɛʃ,ɪðɛʃ
ʊð.ɛʒ,ɪð.ɛʒ,ʊðɛʒ,ɪðɛʒ
ʊð.ɛθ,ɪð.ɛθ,ʊðɛθ,ɪðɛθ
ʊð.ɛð,ɪð.ɛð,ʊðɛð,ɪðɛð
ʊð.ʊm,ɪð.ʊm,ʊðʊm,ɪðʊm
ʊð.ʊn,ɪð.ʊn,ʊðʊn,ɪðʊn
ʊð.ʊŋ,ɪð.ʊŋ,ʊðʊŋ,ɪðʊŋ
ʊð.ʊp,ɪð.ʊp,ʊðʊp,ɪðʊp
ʊð.ʊt,ɪð.ʊt,ʊðʊt,ɪðʊt
ʊð.ʊk,ɪð.ʊk,ʊðʊk,ɪðʊk
ʊð.ʊb,ɪð.ʊb,ʊðʊb,ɪðʊb
ʊð.ʊd,ɪð.ʊd,ʊðʊd,ɪðʊd
ʊð.ʊg,ɪð.ʊg,ʊðʊg,ɪðʊg
ʊð.ʊf,ɪð.ʊf,ʊðʊf,ɪðʊf
ʊð.ʊs,ɪð.ʊs,ʊðʊs,ɪðʊs
ʊð.ʊv,ɪð.ʊv,ʊðʊv,ɪðʊv
ʊð.ʊz,ɪð.ʊz,ʊðʊz,ɪðʊz
ʊð.ʊʃ,ɪð.ʊʃ,ʊðʊʃ,ɪðʊʃ
ʊð.ʊʒ,ɪð.ʊʒ,ʊðʊʒ,ɪðʊʒ
ʊð.ʊθ,ɪð.ʊθ,ʊðʊθ,ɪðʊθ
ʊð.ʊð,ɪð.ʊð,ʊðʊð,ɪðʊð
ʊð.ɔm,ɪð.ɔm,ʊðɔm,ɪðɔm
ʊð.ɔn,ɪð.ɔn,ʊðɔn,ɪðɔn
ʊð.ɔŋ,ɪð.ɔŋ,ʊðɔŋ,ɪðɔŋ
ʊð.ɔp,ɪð.ɔp,ʊðɔp,ɪðɔp
ʊð.ɔt,ɪð.ɔt,ʊðɔt,ɪðɔt
ʊð.ɔk,ɪð.ɔk,ʊðɔk,ɪðɔk
ʊð.ɔb,ɪð.ɔb,ʊðɔb,ɪðɔb
ʊð.ɔd,ɪð.ɔd,ʊðɔd,ɪðɔd
ʊð.ɔg,ɪð.ɔg,ʊðɔg,ɪðɔg
ʊð.ɔf,ɪð.ɔf,ʊðɔf,ɪðɔf
ʊð.ɔs,ɪð.ɔs,ʊðɔs,ɪðɔs
ʊð.ɔv,ɪð.ɔv,ʊðɔv,ɪðɔv
ʊð.ɔz,ɪð.ɔz,ʊðɔz,ɪðɔz
ʊð.ɔʃ,ɪð.ɔʃ,ʊðɔʃ,ɪðɔʃ
ʊð.ɔʒ,ɪð.ɔʒ,ʊðɔʒ,ɪðɔʒ
ʊð.ɔθ,ɪð.ɔθ,ʊðɔθ,ɪðɔθ
ʊð.ɔð,ɪð.ɔð,ʊðɔð,ɪðɔð
ɔm.ɪm,ɛm.ɪm,ɔmɪm,ɛmɪm
ɔm.ɪn,ɛm.ɪn,ɔmɪn,ɛmɪn
ɔm.ɪŋ,ɛm.ɪŋ,ɔmɪŋ,ɛmɪŋ
ɔm.ɪp,ɛm.ɪp,ɔmɪp,ɛmɪp
ɔm.ɪt,ɛm.ɪt,ɔmɪt,ɛmɪt
ɔm.ɪk,ɛm.ɪk,ɔmɪk,ɛmɪk
ɔm.ɪb,ɛm.ɪb,ɔmɪb,ɛmɪb
ɔm.ɪd,ɛm.ɪd,ɔmɪd,ɛmɪd
ɔm.ɪg,ɛm.ɪg,ɔmɪg,ɛmɪg
ɔm.ɪf,ɛm.ɪf,ɔmɪf,ɛmɪf
ɔm.ɪs,ɛm.ɪs,ɔmɪs,ɛmɪs
ɔm.ɪv,ɛm.ɪv,ɔmɪv,ɛmɪv
ɔm.ɪz,ɛm.ɪz,ɔmɪz,ɛmɪz
ɔm.ɪʃ,ɛm.ɪʃ,ɔmɪʃ,ɛmɪʃ
ɔm.ɪʒ,ɛm.ɪʒ,ɔmɪʒ,ɛmɪʒ
ɔm.ɪθ,ɛm.ɪθ,ɔmɪθ,ɛmɪθ
ɔm.ɪð,ɛm.ɪð,ɔmɪð,ɛmɪð
ɔm.ɛm,ɛm.ɛm,ɔmɛm,ɛmɛm
ɔm.ɛn,ɛm.ɛn,ɔmɛn,ɛmɛn
ɔm.ɛŋ,ɛm.ɛŋ,ɔmɛŋ,ɛmɛŋ
ɔm.ɛp,ɛm.ɛp,ɔmɛp,ɛmɛp
ɔm.ɛt,ɛm.ɛt,ɔmɛt,ɛmɛt
ɔm.ɛk,ɛm.ɛk,ɔmɛk,ɛmɛk
ɔm.ɛb,ɛm.ɛb,ɔmɛb,ɛmɛb
ɔm.ɛd,ɛm.ɛd,ɔmɛd,ɛmɛd
ɔm.ɛg,ɛm.ɛg,ɔmɛg,ɛmɛg
ɔm.ɛf,ɛm.ɛf,ɔmɛf,ɛmɛf
ɔm.ɛs,ɛm.ɛs,ɔmɛs,ɛmɛs
ɔm.ɛv,ɛm.ɛv,ɔmɛv,ɛmɛv
ɔm.ɛz,ɛm.ɛz,ɔmɛz,ɛmɛz
ɔm.ɛʃ,ɛm.ɛʃ,ɔmɛʃ,ɛmɛʃ
ɔm.ɛʒ,ɛm.ɛʒ,ɔmɛʒ,ɛmɛʒ
ɔm.ɛθ,ɛm.ɛθ,ɔmɛθ,ɛmɛθ
ɔm.ɛð,ɛm.ɛð,ɔmɛð,ɛmɛð
ɔm.ʊm,ɛm.ʊm,ɔmʊm,ɛmʊm
ɔm.ʊn,ɛm.ʊn,ɔmʊn,ɛmʊn
ɔm.ʊŋ,ɛm.ʊŋ,ɔmʊŋ,ɛmʊŋ
ɔm.ʊp,ɛm.ʊp,ɔmʊp,ɛmʊp
ɔm.ʊt,ɛm.ʊt,ɔmʊt,ɛmʊt
ɔm.ʊk,ɛm.ʊk,ɔmʊk,ɛmʊk
ɔm.ʊb,ɛm.ʊb,ɔmʊb,ɛmʊb
ɔm.ʊd,ɛm.ʊd,ɔmʊd,ɛmʊd
ɔm.ʊg,ɛm.ʊg,ɔmʊg,ɛmʊg
ɔm.ʊf,ɛm.ʊf,ɔmʊf,ɛmʊf
ɔm.ʊs,ɛm.ʊs,ɔmʊs,ɛmʊs
ɔm.ʊv,ɛm.ʊv,ɔmʊv,ɛmʊv
ɔm.ʊz,ɛm.ʊz,ɔmʊz,ɛmʊz
ɔm.ʊʃ,ɛm.ʊʃ,ɔmʊʃ,ɛmʊʃ
ɔm.ʊʒ,ɛm.ʊʒ,ɔmʊʒ,ɛmʊʒ
ɔm.ʊθ,ɛm.ʊθ,ɔmʊθ,ɛmʊθ
ɔm.ʊð,ɛm.ʊð,ɔmʊð,ɛmʊð
ɔm.ɔm,ɛm.ɔm,ɔmɔm,ɛmɔm
ɔm.ɔn,ɛm.ɔn,ɔmɔn,ɛmɔn
ɔm.ɔŋ,ɛm.ɔŋ,ɔmɔŋ,ɛmɔŋ
ɔm.ɔp,ɛm.ɔp,ɔmɔp,ɛmɔp
ɔm.ɔt,ɛm.ɔt,ɔmɔt,ɛmɔt
ɔm.ɔk,ɛm.ɔk,ɔmɔk,ɛmɔk
ɔm.ɔb,ɛm.ɔb,ɔmɔb,ɛmɔb
ɔm.ɔd,ɛm.ɔd,ɔmɔd,ɛmɔd
ɔm.ɔg,ɛm.ɔg,ɔmɔg,ɛmɔg
ɔm.ɔf,ɛm.ɔf,ɔmɔf,ɛmɔf
ɔm.ɔs,ɛm.ɔs,ɔmɔs,ɛmɔs
ɔm.ɔv,ɛm.ɔv,ɔmɔv,ɛmɔv
ɔm.ɔz,ɛm.ɔz,ɔmɔz,ɛmɔz
ɔm.ɔʃ,ɛm.ɔʃ,ɔmɔʃ,ɛmɔʃ
ɔm.ɔʒ,ɛm.ɔʒ,ɔmɔʒ,ɛmɔʒ
ɔm.ɔθ,ɛm.ɔθ,ɔmɔθ,ɛmɔθ
ɔm.ɔð,ɛm.ɔð,ɔmɔð,ɛmɔð
ɔn.ɪm,ɛn.ɪm,ɔnɪm,ɛnɪm
ɔn.ɪn,ɛn.ɪn,ɔnɪn,ɛnɪn
ɔn.ɪŋ,ɛn.ɪŋ,ɔnɪŋ,ɛnɪŋ
ɔn.ɪp,ɛn.ɪp,ɔnɪp,ɛnɪp
ɔn.ɪt,ɛn.ɪt,ɔnɪt,ɛnɪt
ɔn.ɪk,ɛn.ɪk,ɔnɪk,ɛnɪk
ɔn.ɪb,ɛn.ɪb,ɔnɪb,ɛnɪb
ɔn.ɪd,ɛn.ɪd,ɔnɪd,ɛnɪd
ɔn.ɪg,ɛn.ɪg,ɔnɪg,ɛnɪg
ɔn.ɪf,ɛn.ɪf,ɔnɪf,ɛnɪf
ɔn.ɪs,ɛn.ɪs,ɔnɪs,ɛnɪs
ɔn.ɪv,ɛn.ɪv,ɔnɪv,ɛnɪv
ɔn.ɪz,ɛn.ɪz,ɔnɪz,ɛnɪz
ɔn.ɪʃ,ɛn.ɪʃ,ɔnɪʃ,ɛnɪʃ
ɔn.ɪʒ,ɛn.ɪʒ,ɔnɪʒ,ɛnɪʒ
ɔn.ɪθ,ɛn.ɪθ,ɔnɪθ,ɛnɪθ
ɔn.ɪð,ɛn.ɪð,ɔnɪð,ɛnɪð
ɔn.ɛm,ɛn.ɛm,ɔnɛm,ɛnɛm
ɔn.ɛn,ɛn.ɛn,ɔnɛn,ɛnɛn
ɔn.ɛŋ,ɛn.ɛŋ,ɔnɛŋ,ɛnɛŋ
ɔn.ɛp,ɛn.ɛp,ɔnɛp,ɛnɛp
ɔn.ɛt,ɛn.ɛt,ɔnɛt,ɛnɛt
ɔn.ɛk,ɛn.ɛk,ɔnɛk,ɛnɛk
ɔn.ɛb,ɛn.ɛb,ɔnɛb,ɛnɛb
ɔn.ɛd,ɛn.ɛd,ɔnɛd,ɛnɛd
ɔn.ɛg,ɛn.ɛg,ɔnɛg,ɛnɛg
ɔn.ɛf,ɛn.ɛf,ɔnɛf,ɛnɛf
ɔn.ɛs,ɛn.ɛs,ɔnɛs,ɛnɛs
ɔn.ɛv,ɛn.ɛv,ɔnɛv,ɛnɛv
ɔn.ɛz,ɛn.ɛz,ɔnɛz,ɛnɛz
ɔn.ɛʃ,ɛn.ɛʃ,ɔnɛʃ,ɛnɛʃ
ɔn.ɛʒ,ɛn.ɛʒ,ɔnɛʒ,ɛnɛʒ
ɔn.ɛθ,ɛn.ɛθ,ɔnɛθ,ɛnɛθ
ɔn.ɛð,ɛn.ɛð,ɔnɛð,ɛnɛð
ɔn.ʊm,ɛn.ʊm,ɔnʊm,ɛnʊm
ɔn.ʊn,ɛn.ʊn,ɔnʊn,ɛnʊn
ɔn.ʊŋ,ɛn.ʊŋ,ɔnʊŋ,ɛnʊŋ
ɔn.ʊp,ɛn.ʊp,ɔnʊp,ɛnʊp
ɔn.ʊt,ɛn.ʊt,ɔnʊt,ɛnʊt
ɔn.ʊk,ɛn.ʊk,ɔnʊk,ɛnʊk
ɔn.ʊb,ɛn.ʊb,ɔnʊb,ɛnʊb
ɔn.ʊd,ɛn.ʊd,ɔnʊd,ɛnʊd
ɔn.ʊg,ɛn.ʊg,ɔnʊg,ɛnʊg
ɔn.ʊf,ɛn.ʊf,ɔnʊf,ɛnʊf
ɔn.ʊs,ɛn.ʊs,ɔnʊs,ɛnʊs
ɔn.ʊv,ɛn.ʊv,ɔnʊv,ɛnʊv
ɔn.ʊz,ɛn.ʊz,ɔnʊz,ɛnʊz
ɔn.ʊʃ,ɛn.ʊʃ,ɔnʊʃ,ɛnʊʃ
ɔn.ʊʒ,ɛn.ʊʒ,ɔnʊʒ,ɛnʊʒ
ɔn.ʊθ,ɛn.ʊθ,ɔnʊθ,ɛnʊθ
ɔn.ʊð,ɛn.ʊð,ɔnʊð,ɛnʊð
ɔn.ɔm,ɛn.ɔm,ɔnɔm,ɛnɔm
ɔn.ɔn,ɛn.ɔn,ɔnɔn,ɛnɔn
ɔn.ɔŋ,ɛn.ɔŋ,ɔnɔŋ,ɛnɔŋ
ɔn.ɔp,ɛn.ɔp,ɔnɔp,ɛnɔp
ɔn.ɔt,ɛn.ɔt,ɔnɔt,ɛnɔt
ɔn.ɔk,ɛn.ɔk,ɔnɔk,ɛnɔk
ɔn.ɔb,ɛn.ɔb,ɔnɔb,ɛnɔb
ɔn.ɔd,ɛn.ɔd,ɔnɔd,ɛnɔd
ɔn.ɔg,ɛn.ɔg,ɔnɔg,ɛnɔg
ɔn.ɔf,ɛn.ɔf,ɔnɔf,ɛnɔf
ɔn.ɔs,ɛn.ɔs,ɔnɔs,ɛnɔs
ɔn.ɔv,ɛn.ɔv,ɔnɔv,ɛnɔv
ɔn.ɔz,ɛn.ɔz,ɔnɔz,ɛnɔz
ɔn.ɔʃ,ɛn.ɔʃ,ɔnɔʃ,ɛnɔʃ
ɔn.ɔʒ,ɛn.ɔʒ,ɔnɔʒ,ɛnɔʒ
ɔn.ɔθ,ɛn.ɔθ,ɔnɔθ,ɛnɔθ
ɔn.ɔð,ɛn.ɔð,ɔnɔð,ɛnɔð
ɔŋ.ɪm,ɛŋ.ɪm,ɔŋɪm,ɛŋɪm
ɔŋ.ɪn,ɛŋ.ɪn,ɔŋɪn,ɛŋɪn
ɔŋ.ɪŋ,ɛŋ.ɪŋ,ɔŋɪŋ,ɛŋɪŋ
ɔŋ.ɪp,ɛŋ.ɪp,ɔŋɪp,ɛŋɪp
ɔŋ.ɪt,ɛŋ.ɪt,ɔŋɪt,ɛŋɪt
ɔŋ.ɪk,ɛŋ.ɪk,ɔŋɪk,ɛŋɪk
ɔŋ.ɪb,ɛŋ.ɪb,ɔŋɪb,ɛŋɪb
ɔŋ.ɪd,ɛŋ.ɪd,ɔŋɪd,ɛŋɪd
ɔŋ.ɪg,ɛŋ.ɪg,ɔŋɪg,ɛŋɪg
ɔŋ.ɪf,ɛŋ.ɪf,ɔŋɪf,ɛŋɪf
ɔŋ.ɪs,ɛŋ.ɪs,ɔŋɪs,ɛŋɪs
ɔŋ.ɪv,ɛŋ.ɪv,ɔŋɪv,ɛŋɪv
ɔŋ.ɪz,ɛŋ.ɪz,ɔŋɪz,ɛŋɪz
ɔŋ.ɪʃ,ɛŋ.ɪʃ,ɔŋɪʃ,ɛŋɪʃ
ɔŋ.ɪʒ,ɛŋ.ɪʒ,ɔŋɪʒ,ɛŋɪʒ
ɔŋ.ɪθ,ɛŋ.ɪθ,ɔŋɪθ,ɛŋɪθ
ɔŋ.ɪð,ɛŋ.ɪð,ɔŋɪð,ɛŋɪð
ɔŋ.ɛm,ɛŋ.ɛm,ɔŋɛm,ɛŋɛm
ɔŋ.ɛn,ɛŋ.ɛn,ɔŋɛn,ɛŋɛn
ɔŋ.ɛŋ,ɛŋ.ɛŋ,ɔŋɛŋ,ɛŋɛŋ
ɔŋ.ɛp,ɛŋ.ɛp,ɔŋɛp,ɛŋɛp
ɔŋ.ɛt,ɛŋ.ɛt,ɔŋɛt,ɛŋɛt
ɔŋ.ɛk,ɛŋ.ɛk,ɔŋɛk,ɛŋɛk
ɔŋ.ɛb,ɛŋ.ɛb,ɔŋɛb,ɛŋɛb
ɔŋ.ɛd,ɛŋ.ɛd,ɔŋɛd,ɛŋɛd
ɔŋ.ɛg,ɛŋ.ɛg,ɔŋɛg,ɛŋɛg
ɔŋ.ɛf,ɛŋ.ɛf,ɔŋɛf,ɛŋɛf
ɔŋ.ɛs,ɛŋ.ɛs,ɔŋɛs,ɛŋɛs
ɔŋ.ɛv,ɛŋ.ɛv,ɔŋɛv,ɛŋɛv
ɔŋ.ɛz,ɛŋ.ɛz,ɔŋɛz,ɛŋɛz
ɔŋ.ɛʃ,ɛŋ.ɛʃ,ɔŋɛʃ,ɛŋɛʃ
ɔŋ.ɛʒ,ɛŋ.ɛʒ,ɔŋɛʒ,ɛŋɛʒ
ɔŋ.ɛθ,ɛŋ.ɛθ,ɔŋɛθ,ɛŋɛθ
ɔŋ.ɛð,ɛŋ.ɛð,ɔŋɛð,ɛŋɛð
ɔŋ.ʊm,ɛŋ.ʊm,ɔŋʊm,ɛŋʊm
ɔŋ.ʊn,ɛŋ.ʊn,ɔŋʊn,ɛŋʊn
ɔŋ.ʊŋ,ɛŋ.ʊŋ,ɔŋʊŋ,ɛŋʊŋ
ɔŋ.ʊp,ɛŋ.ʊp,ɔŋʊp,ɛŋʊp
ɔŋ.ʊt,ɛŋ.ʊt,ɔŋʊt,ɛŋʊt
ɔŋ.ʊk,ɛŋ.ʊk,ɔŋʊk,ɛŋʊk
ɔŋ.ʊb,ɛŋ.ʊb,ɔŋʊb,ɛŋʊb
ɔŋ.ʊd,ɛŋ.ʊd,ɔŋʊd,ɛŋʊd
ɔŋ.ʊg,ɛŋ.ʊg,ɔŋʊg,ɛŋʊg
ɔŋ.ʊf,ɛŋ.ʊf,ɔŋʊf,ɛŋʊf
ɔŋ.ʊs,ɛŋ.ʊs,ɔŋʊs,ɛŋʊs
ɔŋ.ʊv,ɛŋ.ʊv,ɔŋʊv,ɛŋʊv
ɔŋ.ʊz,ɛŋ.ʊz,ɔŋʊz,ɛŋʊz
ɔŋ.ʊʃ,ɛŋ.ʊʃ,ɔŋʊʃ,ɛŋʊʃ
ɔŋ.ʊʒ,ɛŋ.ʊʒ,ɔŋʊʒ,ɛŋʊʒ
ɔŋ.ʊθ,ɛŋ.ʊθ,ɔŋʊθ,ɛŋʊθ
ɔŋ.ʊð,ɛŋ.ʊð,ɔŋʊð,ɛŋʊð
ɔŋ.ɔm,ɛŋ.ɔm,ɔŋɔm,ɛŋɔm
ɔŋ.ɔn,ɛŋ.ɔn,ɔŋɔn,ɛŋɔn
ɔŋ.ɔŋ,ɛŋ.ɔŋ,ɔŋɔŋ,ɛŋɔŋ
ɔŋ.ɔp,ɛŋ.ɔp,ɔŋɔp,ɛŋɔp
ɔŋ.ɔt,ɛŋ.ɔt,ɔŋɔt,ɛŋɔt
ɔŋ.ɔk,ɛŋ.ɔk,ɔŋɔk,ɛŋɔk
ɔŋ.ɔb,ɛŋ.ɔb,ɔŋɔb,ɛŋɔb
ɔŋ.ɔd,ɛŋ.ɔd,ɔŋɔd,ɛŋɔd
ɔŋ.ɔg,ɛŋ.ɔg,ɔŋɔg,ɛŋɔg
ɔŋ.ɔf,ɛŋ.ɔf,ɔŋɔf,ɛŋɔf
ɔŋ.ɔs,ɛŋ.ɔs,ɔŋɔs,ɛŋɔs
ɔŋ.ɔv,ɛŋ.ɔv,ɔŋɔv,ɛŋɔv
ɔŋ.ɔz,ɛŋ.ɔz,ɔŋɔz,ɛŋɔz
ɔŋ.ɔʃ,ɛŋ.ɔʃ,ɔŋɔʃ,ɛŋɔʃ
ɔŋ.ɔʒ,ɛŋ.ɔʒ,ɔŋɔʒ,ɛŋɔʒ
ɔŋ.ɔθ,ɛŋ.ɔθ,ɔŋɔθ,ɛŋɔθ
ɔŋ.ɔð,ɛŋ.ɔð,ɔŋɔð,ɛŋɔð
ɔp.ɪm,ɛp.ɪm,ɔpɪm,ɛpɪm
ɔp.ɪn,ɛp.ɪn,ɔpɪn,ɛpɪn
ɔp.ɪŋ,ɛp.ɪŋ,ɔpɪŋ,ɛpɪŋ
ɔp.ɪp,ɛp.ɪp,ɔpɪp,ɛpɪp
ɔp.ɪt,ɛp.ɪt,ɔpɪt,ɛpɪt
ɔp.ɪk,ɛp.ɪk,ɔpɪk,ɛpɪk
ɔp.ɪb,ɛp.ɪb,ɔpɪb,ɛpɪb
ɔp.ɪd,ɛp.ɪd,ɔpɪd,ɛpɪd
ɔp.ɪg,ɛp.ɪg,ɔpɪg,ɛpɪg
ɔp.ɪf,ɛp.ɪf,ɔpɪf,ɛpɪf
ɔp.ɪs,ɛp.ɪs,ɔpɪs,ɛpɪs
ɔp.ɪv,ɛp.ɪv,ɔpɪv,ɛpɪv
ɔp.ɪz,ɛp.ɪz,ɔpɪz,ɛpɪz
ɔp.ɪʃ,ɛp.ɪʃ,ɔpɪʃ,ɛpɪʃ
ɔp.ɪʒ,ɛp.ɪʒ,ɔpɪʒ,ɛpɪʒ
ɔp.ɪθ,ɛp.ɪθ,ɔpɪθ,ɛpɪθ
ɔp.ɪð,ɛp.ɪð,ɔpɪð,ɛpɪð
ɔp.ɛm,ɛp.ɛm,ɔpɛm,ɛpɛm
ɔp.ɛn,ɛp.ɛn,ɔpɛn,ɛpɛn
ɔp.ɛŋ,ɛp.ɛŋ,ɔpɛŋ,ɛpɛŋ
ɔp.ɛp,ɛp.ɛp,ɔpɛp,ɛpɛp
ɔp.ɛt,ɛp.ɛt,ɔpɛt,ɛpɛt
ɔp.ɛk,ɛp.ɛk,ɔpɛk,ɛpɛk
ɔp.ɛb,ɛp.ɛb,ɔpɛb,ɛpɛb
ɔp.ɛd,ɛp.ɛd,ɔpɛd,ɛpɛd
ɔp.ɛg,ɛp.ɛg,ɔpɛg,ɛpɛg
ɔp.ɛf,ɛp.ɛf,ɔpɛf,ɛpɛf
ɔp.ɛs,ɛp.ɛs,ɔpɛs,ɛpɛs
ɔp.ɛv,ɛp.ɛv,ɔpɛv,ɛpɛv
ɔp.ɛz,ɛp.ɛz,ɔpɛz,ɛpɛz
ɔp.ɛʃ,ɛp.ɛʃ,ɔpɛʃ,ɛpɛʃ
ɔp.ɛʒ,ɛp.ɛʒ,ɔpɛʒ,ɛpɛʒ
ɔp.ɛθ,ɛp.ɛθ,ɔpɛθ,ɛpɛθ
ɔp.ɛð,ɛp.ɛð,ɔpɛð,ɛpɛð
ɔp.ʊm,ɛp.ʊm,ɔpʊm,ɛpʊm
ɔp.ʊn,ɛp.ʊn,ɔpʊn,ɛpʊn
ɔp.ʊŋ,ɛp.ʊŋ,ɔpʊŋ,ɛpʊŋ
ɔp.ʊp,ɛp.ʊp,ɔpʊp,ɛpʊp
ɔp.ʊt,ɛp.ʊt,ɔpʊt,ɛpʊt
ɔp.ʊk,ɛp.ʊk,ɔpʊk,ɛpʊk
ɔp.ʊb,ɛp.ʊb,ɔpʊb,ɛpʊb
ɔp.ʊd,ɛp.ʊd,ɔpʊd,ɛpʊd
ɔp.ʊg,ɛp.ʊg,ɔpʊg,ɛpʊg
ɔp.ʊf,ɛp.ʊf,ɔpʊf,ɛpʊf
ɔp.ʊs,ɛp.ʊs,ɔpʊs,ɛpʊs
ɔp.ʊv,ɛp.ʊv,ɔpʊv,ɛpʊv
ɔp.ʊz,ɛp.ʊz,ɔpʊz,ɛpʊz
ɔp.ʊʃ,ɛp.ʊʃ,ɔpʊʃ,ɛpʊʃ
ɔp.ʊʒ,ɛp.ʊʒ,ɔpʊʒ,ɛpʊʒ
ɔp.ʊθ,ɛp.ʊθ,ɔpʊθ,ɛpʊθ
ɔp.ʊð,ɛp.ʊð,ɔpʊð,ɛpʊð
ɔp.ɔm,ɛp.ɔm,ɔpɔm,ɛpɔm
ɔp.ɔn,ɛp.ɔn,ɔpɔn,ɛpɔn
ɔp.ɔŋ,ɛp.ɔŋ,ɔpɔŋ,ɛpɔŋ
ɔp.ɔp,ɛp.ɔp,ɔpɔp,ɛpɔp
ɔp.ɔt,ɛp.ɔt,ɔpɔt,ɛpɔt
ɔp.ɔk,ɛp.ɔk,ɔpɔk,ɛpɔk
ɔp.ɔb,ɛp.ɔb,ɔpɔb,ɛpɔb
ɔp.ɔd,ɛp.ɔd,ɔpɔd,ɛpɔd
ɔp.ɔg,ɛp.ɔg,ɔpɔg,ɛpɔg
ɔp.ɔf,ɛp.ɔf,ɔpɔf,ɛpɔf
ɔp.ɔs,ɛp.ɔs,ɔpɔs,ɛpɔs
ɔp.ɔv,ɛp.ɔv,ɔpɔv,ɛpɔv
ɔp.ɔz,ɛp.ɔz,ɔpɔz,ɛpɔz
ɔp.ɔʃ,ɛp.ɔʃ,ɔpɔʃ,ɛpɔʃ
ɔp.ɔʒ,ɛp.ɔʒ,ɔpɔʒ,ɛpɔʒ
ɔp.ɔθ,ɛp.ɔθ,ɔpɔθ,ɛpɔθ
ɔp.ɔð,ɛp.ɔð,ɔpɔð,ɛpɔð
ɔt.ɪm,ɛt.ɪm,ɔtɪm,ɛtɪm
ɔt.ɪn,ɛt.ɪn,ɔtɪn,ɛtɪn
ɔt.ɪŋ,ɛt.ɪŋ,ɔtɪŋ,ɛtɪŋ
ɔt.ɪp,ɛt.ɪp,ɔtɪp,ɛtɪp
ɔt.ɪt,ɛt.ɪt,ɔtɪt,ɛtɪt
ɔt.ɪk,ɛt.ɪk,ɔtɪk,ɛtɪk
ɔt.ɪb,ɛt.ɪb,ɔtɪb,ɛtɪb
ɔt.ɪd,ɛt.ɪd,ɔtɪd,ɛtɪd
ɔt.ɪg,ɛt.ɪg,ɔtɪg,ɛtɪg
ɔt.ɪf,ɛt.ɪf,ɔtɪf,ɛtɪf
ɔt.ɪs,ɛt.ɪs,ɔtɪs,ɛtɪs
ɔt.ɪv,ɛt.ɪv,ɔtɪv,ɛtɪv
ɔt.ɪz,ɛt.ɪz,ɔtɪz,ɛtɪz
ɔt.ɪʃ,ɛt.ɪʃ,ɔtɪʃ,ɛtɪʃ
ɔt.ɪʒ,ɛt.ɪʒ,ɔtɪʒ,ɛtɪʒ
ɔt.ɪθ,ɛt.ɪθ,ɔtɪθ,ɛtɪθ
ɔt.ɪð,ɛt.ɪð,ɔtɪð,ɛtɪð
ɔt.ɛm,ɛt.ɛm,ɔtɛm,ɛtɛm
ɔt.ɛn,ɛt.ɛn,ɔtɛn,ɛtɛn
ɔt.ɛŋ,ɛt.ɛŋ,ɔtɛŋ,ɛtɛŋ
ɔt.ɛp,ɛt.ɛp,ɔtɛp,ɛtɛp
ɔt.ɛt,ɛt.ɛt,ɔtɛt,ɛtɛt
ɔt.ɛk,ɛt.ɛk,ɔtɛk,ɛtɛk
ɔt.ɛb,ɛt.ɛb,ɔtɛb,ɛtɛb
ɔt.ɛd,ɛt.ɛd,ɔtɛd,ɛtɛd
ɔt.ɛg,ɛt.ɛg,ɔtɛg,ɛtɛg
ɔt.ɛf,ɛt.ɛf,ɔtɛf,ɛtɛf
ɔt.ɛs,ɛt.ɛs,ɔtɛs,ɛtɛs
ɔt.ɛv,ɛt.ɛv,ɔtɛv,ɛtɛv
ɔt.ɛz,ɛt.ɛz,ɔtɛz,ɛtɛz
ɔt.ɛʃ,ɛt.ɛʃ,ɔtɛʃ,ɛtɛʃ
ɔt.ɛʒ,ɛt.ɛʒ,ɔtɛʒ,ɛtɛʒ
ɔt.ɛθ,ɛt.ɛθ,ɔtɛθ,ɛtɛθ
ɔt.ɛð,ɛt.ɛð,ɔtɛð,ɛtɛð
ɔt.ʊm,ɛt.ʊm,ɔtʊm,ɛtʊm
ɔt.ʊn,ɛt.ʊn,ɔtʊn,ɛtʊn
ɔt.ʊŋ,ɛt.ʊŋ,ɔtʊŋ,ɛtʊŋ
ɔt.ʊp,ɛt.ʊp,ɔtʊp,ɛtʊp
ɔt.ʊt,ɛt.ʊt,ɔtʊt,ɛtʊt
ɔt.ʊk,ɛt.ʊk,ɔtʊk,ɛtʊk
ɔt.ʊb,ɛt.ʊb,ɔtʊb,ɛtʊb
ɔt.ʊd,ɛt.ʊd,ɔtʊd,ɛtʊd
ɔt.ʊg,ɛt.ʊg,ɔtʊg,ɛtʊg
ɔt.ʊf,ɛt.ʊf,ɔtʊf,ɛtʊf
ɔt.ʊs,ɛt.ʊs,ɔtʊs,ɛtʊs
ɔt.ʊv,ɛt.ʊv,ɔtʊv,ɛtʊv
ɔt.ʊz,ɛt.ʊz,ɔtʊz,ɛtʊz
ɔt.ʊʃ,ɛt.ʊʃ,ɔtʊʃ,ɛtʊʃ
ɔt.ʊʒ,ɛt.ʊʒ,ɔtʊʒ,ɛtʊʒ
ɔt.ʊθ,ɛt.ʊθ,ɔtʊθ,ɛtʊθ
ɔt.ʊð,ɛt.ʊð,ɔtʊð,ɛtʊð
ɔt.ɔm,ɛt.ɔm,ɔtɔm,ɛtɔm
ɔt.ɔn,ɛt.ɔn,ɔtɔn,ɛtɔn
ɔt.ɔŋ,ɛt.ɔŋ,ɔtɔŋ,ɛtɔŋ
ɔt.ɔp,ɛt.ɔp,ɔtɔp,ɛtɔp
ɔt.ɔt,ɛt.ɔt,ɔtɔt,ɛtɔt
ɔt.ɔk,ɛt.ɔk,ɔtɔk,ɛtɔk
ɔt.ɔb,ɛt.ɔb,ɔtɔb,ɛtɔb
ɔt.ɔd,ɛt.ɔd,ɔtɔd,ɛtɔd
ɔt.ɔg,ɛt.ɔg,ɔtɔg,ɛtɔg
ɔt.ɔf,ɛt.ɔf,ɔtɔf,ɛtɔf
ɔt.ɔs,ɛt.ɔs,ɔtɔs,ɛtɔs
ɔt.ɔv,ɛt.ɔv,ɔtɔv,ɛtɔv
ɔt.ɔz,ɛt.ɔz,ɔtɔz,ɛtɔz
ɔt.ɔʃ,ɛt.ɔʃ,ɔtɔʃ,ɛtɔʃ
ɔt.ɔʒ,ɛt.ɔʒ,ɔtɔʒ,ɛtɔʒ
ɔt.ɔθ,ɛt.ɔθ,ɔtɔθ,ɛtɔθ
ɔt.ɔð,ɛt.ɔð,ɔtɔð,ɛtɔð
ɔk.ɪm,ɛk.ɪm,ɔkɪm,ɛkɪm
ɔk.ɪn,ɛk.ɪn,ɔkɪn,ɛkɪn
ɔk.ɪŋ,ɛk.ɪŋ,ɔkɪŋ,ɛkɪŋ
ɔk.ɪp,ɛk.ɪp,ɔkɪp,ɛkɪp
ɔk.ɪt,ɛk.ɪt,ɔkɪt,ɛkɪt
ɔk.ɪk,ɛk.ɪk,ɔkɪk,ɛkɪk
ɔk.ɪb,ɛk.ɪb,ɔkɪb,ɛkɪb
ɔk.ɪd,ɛk.ɪd,ɔkɪd,ɛkɪd
ɔk.ɪg,ɛk.ɪg,ɔkɪg,ɛkɪg
ɔk.ɪf,ɛk.ɪf,ɔkɪf,ɛkɪf
ɔk.ɪs,ɛk.ɪs,ɔkɪs,ɛkɪs
ɔk.ɪv,ɛk.ɪv,ɔkɪv,ɛkɪv
ɔk.ɪz,ɛk.ɪz,ɔkɪz,ɛkɪz
ɔk.ɪʃ,ɛk.ɪʃ,ɔkɪʃ,ɛkɪʃ
ɔk.ɪʒ,ɛk.ɪʒ,ɔkɪʒ,ɛkɪʒ
ɔk.ɪθ,ɛk.ɪθ,ɔkɪθ,ɛkɪθ
ɔk.ɪð,ɛk.ɪð,ɔkɪð,ɛkɪð
ɔk.ɛm,ɛk.ɛm,ɔkɛm,ɛkɛm
ɔk.ɛn,ɛk.ɛn,ɔkɛn,ɛkɛn
ɔk.ɛŋ,ɛk.ɛŋ,ɔkɛŋ,ɛkɛŋ
ɔk.ɛp,ɛk.ɛp,ɔkɛp,ɛkɛp
ɔk.ɛt,ɛk.ɛt,ɔkɛt,ɛkɛt
ɔk.ɛk,ɛk.ɛk,ɔkɛk,ɛkɛk
ɔk.ɛb,ɛk.ɛb,ɔkɛb,ɛkɛb
ɔk.ɛd,ɛk.ɛd,ɔkɛd,ɛkɛd
ɔk.ɛg,ɛk.ɛg,ɔkɛg,ɛkɛg
ɔk.ɛf,ɛk.ɛf,ɔkɛf,ɛkɛf
ɔk.ɛs,ɛk.ɛs,ɔkɛs,ɛkɛs
ɔk.ɛv,ɛk.ɛv,ɔkɛv,ɛkɛv
ɔk.ɛz,ɛk.ɛz,ɔkɛz,ɛkɛz
ɔk.ɛʃ,ɛk.ɛʃ,ɔkɛʃ,ɛkɛʃ
ɔk.ɛʒ,ɛk.ɛʒ,ɔkɛʒ,ɛkɛʒ
ɔk.ɛθ,ɛk.ɛθ,ɔkɛθ,ɛkɛθ
ɔk.ɛð,ɛk.ɛð,ɔkɛð,ɛkɛð
ɔk.ʊm,ɛk.ʊm,ɔkʊm,ɛkʊm
ɔk.ʊn,ɛk.ʊn,ɔkʊn,ɛkʊn
ɔk.ʊŋ,ɛk.ʊŋ,ɔkʊŋ,ɛkʊŋ
ɔk.ʊp,ɛk.ʊp,ɔkʊp,ɛkʊp
ɔk.ʊt,ɛk.ʊt,ɔkʊt,ɛkʊt
ɔk.ʊk,ɛk.ʊk,ɔkʊk,ɛkʊk
ɔk.ʊb,ɛk.ʊb,ɔkʊb,ɛkʊb
ɔk.ʊd,ɛk.ʊd,ɔkʊd,ɛkʊd
ɔk.ʊg,ɛk.ʊg,ɔkʊg,ɛkʊg
ɔk.ʊf,ɛk.ʊf,ɔkʊf,ɛkʊf
ɔk.ʊs,ɛk.ʊs,ɔkʊs,ɛkʊs
ɔk.ʊv,ɛk.ʊv,ɔkʊv,ɛkʊv
ɔk.ʊz,ɛk.ʊz,ɔkʊz,ɛkʊz
ɔk.ʊʃ,ɛk.ʊʃ,ɔkʊʃ,ɛkʊʃ
ɔk.ʊʒ,ɛk.ʊʒ,ɔkʊʒ,ɛkʊʒ
ɔk.ʊθ,ɛk.ʊθ,ɔkʊθ,ɛkʊθ
ɔk.ʊð,ɛk.ʊð,ɔkʊð,ɛkʊð
ɔk.ɔm,ɛk.ɔm,ɔkɔm,ɛkɔm
ɔk.ɔn,ɛk.ɔn,ɔkɔn,ɛkɔn
ɔk.ɔŋ,ɛk.ɔŋ,ɔkɔŋ,ɛkɔŋ
ɔk.ɔp,ɛk.ɔp,ɔkɔp,ɛkɔp
ɔk.ɔt,ɛk.ɔt,ɔkɔt,ɛkɔt
ɔk.ɔk,ɛk.ɔk,ɔkɔk,ɛkɔk
ɔk.ɔb,ɛk.ɔb,ɔkɔb,ɛkɔb
ɔk.ɔd,ɛk.ɔd,ɔkɔd,ɛkɔd
ɔk.ɔg,ɛk.ɔg,ɔkɔg,ɛkɔg
ɔk.ɔf,ɛk.ɔf,ɔkɔf,ɛkɔf
ɔk.ɔs,ɛk.ɔs,ɔkɔs,ɛkɔs
ɔk.ɔv,ɛk.ɔv,ɔkɔv,ɛkɔv
ɔk.ɔz,ɛk.ɔz,ɔkɔz,ɛkɔz
ɔk.ɔʃ,ɛk.ɔʃ,ɔkɔʃ,ɛkɔʃ
ɔk.ɔʒ,ɛk.ɔʒ,ɔkɔʒ,ɛkɔʒ
ɔk.ɔθ,ɛk.ɔθ,ɔkɔθ,ɛkɔθ
ɔk.ɔð,ɛk.ɔð,ɔkɔð,ɛkɔð
ɔb.ɪm,ɛb.ɪm,ɔbɪm,ɛbɪm
ɔb.ɪn,ɛb.ɪn,ɔbɪn,ɛbɪn
ɔb.ɪŋ,ɛb.ɪŋ,ɔbɪŋ,ɛbɪŋ
ɔb.ɪp,ɛb.ɪp,ɔbɪp,ɛbɪp
ɔb.ɪt,ɛb.ɪt,ɔbɪt,ɛbɪt
ɔb.ɪk,ɛb.ɪk,ɔbɪk,ɛbɪk
ɔb.ɪb,ɛb.ɪb,ɔbɪb,ɛbɪb
ɔb.ɪd,ɛb.ɪd,ɔbɪd,ɛbɪd
ɔb.ɪg,ɛb.ɪg,ɔbɪg,ɛbɪg
ɔb.ɪf,ɛb.ɪf,ɔbɪf,ɛbɪf
ɔb.ɪs,ɛb.ɪs,ɔbɪs,ɛbɪs
ɔb.ɪv,ɛb.ɪv,ɔbɪv,ɛbɪv
ɔb.ɪz,ɛb.ɪz,ɔbɪz,ɛbɪz
ɔb.ɪʃ,ɛb.ɪʃ,ɔbɪʃ,ɛbɪʃ
ɔb.ɪʒ,ɛb.ɪʒ,ɔbɪʒ,ɛbɪʒ
ɔb.ɪθ,ɛb.ɪθ,ɔbɪθ,ɛbɪθ
ɔb.ɪð,ɛb.ɪð,ɔbɪð,ɛbɪð
ɔb.ɛm,ɛb.ɛm,ɔbɛm,ɛbɛm
ɔb.ɛn,ɛb.ɛn,ɔbɛn,ɛbɛn
ɔb.ɛŋ,ɛb.ɛŋ,ɔbɛŋ,ɛbɛŋ
ɔb.ɛp,ɛb.ɛp,ɔbɛp,ɛbɛp
ɔb.ɛt,ɛb.ɛt,ɔbɛt,ɛbɛt
ɔb.ɛk,ɛb.ɛk,ɔbɛk,ɛbɛk
ɔb.ɛb,ɛb.ɛb,ɔbɛb,ɛbɛb
ɔb.ɛd,ɛb.ɛd,ɔbɛd,ɛbɛd
ɔb.ɛg,ɛb.ɛg,ɔbɛg,ɛbɛg
ɔb.ɛf,ɛb.ɛf,ɔbɛf,ɛbɛf
ɔb.ɛs,ɛb.ɛs,ɔbɛs,ɛbɛs
ɔb.ɛv,ɛb.ɛv,ɔbɛv,ɛbɛv
ɔb.ɛz,ɛb.ɛz,ɔbɛz,ɛbɛz
ɔb.ɛʃ,ɛb.ɛʃ,ɔbɛʃ,ɛbɛʃ
ɔb.ɛʒ,ɛb.ɛʒ,ɔbɛʒ,ɛbɛʒ
ɔb.ɛθ,ɛb.ɛθ,ɔbɛθ,ɛbɛθ
ɔb.ɛð,ɛb.ɛð,ɔbɛð,ɛbɛð
ɔb.ʊm,ɛb.ʊm,ɔbʊm,ɛbʊm
ɔb.ʊn,ɛb.ʊn,ɔbʊn,ɛbʊn
ɔb.ʊŋ,ɛb.ʊŋ,ɔbʊŋ,ɛbʊŋ
ɔb.ʊp,ɛb.ʊp,ɔbʊp,ɛbʊp
ɔb.ʊt,ɛb.ʊt,ɔbʊt,ɛbʊt
ɔb.ʊk,ɛb.ʊk,ɔbʊk,ɛbʊk
ɔb.ʊb,ɛb.ʊb,ɔbʊb,ɛbʊb
ɔb.ʊd,ɛb.ʊd,ɔbʊd,ɛbʊd
ɔb.ʊg,ɛb.ʊg,ɔbʊg,ɛbʊg
ɔb.ʊf,ɛb.ʊf,ɔbʊf,ɛbʊf
ɔb.ʊs,ɛb.ʊs,ɔbʊs,ɛbʊs
ɔb.ʊv,ɛb.ʊv,ɔbʊv,ɛbʊv
ɔb.ʊz,ɛb.ʊz,ɔbʊz,ɛbʊz
ɔb.ʊʃ,ɛb.ʊʃ,ɔbʊʃ,ɛbʊʃ
ɔb.ʊʒ,ɛb.ʊʒ,ɔbʊʒ,ɛbʊʒ
ɔb.ʊθ,ɛb.ʊθ,ɔbʊθ,ɛbʊθ
ɔb.ʊð,ɛb.ʊð,ɔbʊð,ɛbʊð
ɔb.ɔm,ɛb.ɔm,ɔbɔm,ɛbɔm
ɔb.ɔn,ɛb.ɔn,ɔbɔn,ɛbɔn
ɔb.ɔŋ,ɛb.ɔŋ,ɔbɔŋ,ɛbɔŋ
ɔb.ɔp,ɛb.ɔp,ɔbɔp,ɛbɔp
ɔb.ɔt,ɛb.ɔt,ɔbɔt,ɛbɔt
ɔb.ɔk,ɛb.ɔk,ɔbɔk,ɛbɔk
ɔb.ɔb,ɛb.ɔb,ɔbɔb,ɛbɔb
ɔb.ɔd,ɛb.ɔd,ɔbɔd,ɛbɔd
ɔb.ɔg,ɛb.ɔg,ɔbɔg,ɛbɔg
ɔb.ɔf,ɛb.ɔf,ɔbɔf,ɛbɔf
ɔb.ɔs,ɛb.ɔs,ɔbɔs,ɛbɔs
ɔb.ɔv,ɛb.ɔv,ɔbɔv,ɛbɔv
ɔb.ɔz,ɛb.ɔz,ɔbɔz,ɛbɔz
ɔb.ɔʃ,ɛb.ɔʃ,ɔbɔʃ,ɛbɔʃ
ɔb.ɔʒ,ɛb.ɔʒ,ɔbɔʒ,ɛbɔʒ
ɔb.ɔθ,ɛb.ɔθ,ɔbɔθ,ɛbɔθ
ɔb.ɔð,ɛb.ɔð,ɔbɔð,ɛbɔð
ɔd.ɪm,ɛd.ɪm,ɔdɪm,ɛdɪm
ɔd.ɪn,ɛd.ɪn,ɔdɪn,ɛdɪn
ɔd.ɪŋ,ɛd.ɪŋ,ɔdɪŋ,ɛdɪŋ
ɔd.ɪp,ɛd.ɪp,ɔdɪp,ɛdɪp
ɔd.ɪt,ɛd.ɪt,ɔdɪt,ɛdɪt
ɔd.ɪk,ɛd.ɪk,ɔdɪk,ɛdɪk
ɔd.ɪb,ɛd.ɪb,ɔdɪb,ɛdɪb
ɔd.ɪd,ɛd.ɪd,ɔdɪd,ɛdɪd
ɔd.ɪg,ɛd.ɪg,ɔdɪg,ɛdɪg
ɔd.ɪf,ɛd.ɪf,ɔdɪf,ɛdɪf
ɔd.ɪs,ɛd.ɪs,ɔdɪs,ɛdɪs
ɔd.ɪv,ɛd.ɪv,ɔdɪv,ɛdɪv
ɔd.ɪz,ɛd.ɪz,ɔdɪz,ɛdɪz
ɔd.ɪʃ,ɛd.ɪʃ,ɔdɪʃ,ɛdɪʃ
ɔd.ɪʒ,ɛd.ɪʒ,ɔdɪʒ,ɛdɪʒ
ɔd.ɪθ,ɛd.ɪθ,ɔdɪθ,ɛdɪθ
ɔd.ɪð,ɛd.ɪð,ɔdɪð,ɛdɪð
ɔd.ɛm,ɛd.ɛm,ɔdɛm,ɛdɛm
ɔd.ɛn,ɛd.ɛn,ɔdɛn,ɛdɛn
ɔd.ɛŋ,ɛd.ɛŋ,ɔdɛŋ,ɛdɛŋ
ɔd.ɛp,ɛd.ɛp,ɔdɛp,ɛdɛp
ɔd.ɛt,ɛd.ɛt,ɔdɛt,ɛdɛt
ɔd.ɛk,ɛd.ɛk,ɔdɛk,ɛdɛk
ɔd.ɛb,ɛd.ɛb,ɔdɛb,ɛdɛb
ɔd.ɛd,ɛd.ɛd,ɔdɛd,ɛdɛd
ɔd.ɛg,ɛd.ɛg,ɔdɛg,ɛdɛg
ɔd.ɛf,ɛd.ɛf,ɔdɛf,ɛdɛf
ɔd.ɛs,ɛd.ɛs,ɔdɛs,ɛdɛs
ɔd.ɛv,ɛd.ɛv,ɔdɛv,ɛdɛv
ɔd.ɛz,ɛd.ɛz,ɔdɛz,ɛdɛz
ɔd.ɛʃ,ɛd.ɛʃ,ɔdɛʃ,ɛdɛʃ
ɔd.ɛʒ,ɛd.ɛʒ,ɔdɛʒ,ɛdɛʒ
ɔd.ɛθ,ɛd.ɛθ,ɔdɛθ,ɛdɛθ
ɔd.ɛð,ɛd.ɛð,ɔdɛð,ɛdɛð
ɔd.ʊm,ɛd.ʊm,ɔdʊm,ɛdʊm
ɔd.ʊn,ɛd.ʊn,ɔdʊn,ɛdʊn
ɔd.ʊŋ,ɛd.ʊŋ,ɔdʊŋ,ɛdʊŋ
ɔd.ʊp,ɛd.ʊp,ɔdʊp,ɛdʊp
ɔd.ʊt,ɛd.ʊt,ɔdʊt,ɛdʊt
ɔd.ʊk,ɛd.ʊk,ɔdʊk,ɛdʊk
ɔd.ʊb,ɛd.ʊb,ɔdʊb,ɛdʊb
ɔd.ʊd,ɛd.ʊd,ɔdʊd,ɛdʊd
ɔd.ʊg,ɛd.ʊg,ɔdʊg,ɛdʊg
ɔd.ʊf,ɛd.ʊf,ɔdʊf,ɛdʊf
ɔd.ʊs,ɛd.ʊs,ɔdʊs,ɛdʊs
ɔd.ʊv,ɛd.ʊv,ɔdʊv,ɛdʊv
ɔd.ʊz,ɛd.ʊz,ɔdʊz,ɛdʊz
ɔd.ʊʃ,ɛd.ʊʃ,ɔdʊʃ,ɛdʊʃ
ɔd.ʊʒ,ɛd.ʊʒ,ɔdʊʒ,ɛdʊʒ
ɔd.ʊθ,ɛd.ʊθ,ɔdʊθ,ɛdʊθ
ɔd.ʊð,ɛd.ʊð,ɔdʊð,ɛdʊð
ɔd.ɔm,ɛd.ɔm,ɔdɔm,ɛdɔm
ɔd.ɔn,ɛd.ɔn,ɔdɔn,ɛdɔn
ɔd.ɔŋ,ɛd.ɔŋ,ɔdɔŋ,ɛdɔŋ
ɔd.ɔp,ɛd.ɔp,ɔdɔp,ɛdɔp
ɔd.ɔt,ɛd.ɔt,ɔdɔt,ɛdɔt
ɔd.ɔk,ɛd.ɔk,ɔdɔk,ɛdɔk
ɔd.ɔb,ɛd.ɔb,ɔdɔb,ɛdɔb
ɔd.ɔd,ɛd.ɔd,ɔdɔd,ɛdɔd
ɔd.ɔg,ɛd.ɔg,ɔdɔg,ɛdɔg
ɔd.ɔf,ɛd.ɔf,ɔdɔf,ɛdɔf
ɔd.ɔs,ɛd.ɔs,ɔdɔs,ɛdɔs
ɔd.ɔv,ɛd.ɔv,ɔdɔv,ɛdɔv
ɔd.ɔz,ɛd.ɔz,ɔdɔz,ɛdɔz
ɔd.ɔʃ,ɛd.ɔʃ,ɔdɔʃ,ɛdɔʃ
ɔd.ɔʒ,ɛd.ɔʒ,ɔdɔʒ,ɛdɔʒ
ɔd.ɔθ,ɛd.ɔθ,ɔdɔθ,ɛdɔθ
ɔd.ɔð,ɛd.ɔð,ɔdɔð,ɛdɔð
ɔg.ɪm,ɛg.ɪm,ɔgɪm,ɛgɪm
ɔg.ɪn,ɛg.ɪn,ɔgɪn,ɛgɪn
ɔg.ɪŋ,ɛg.ɪŋ,ɔgɪŋ,ɛgɪŋ
ɔg.ɪp,ɛg.ɪp,ɔgɪp,ɛgɪp
ɔg.ɪt,ɛg.ɪt,ɔgɪt,ɛgɪt
ɔg.ɪk,ɛg.ɪk,ɔgɪk,ɛgɪk
ɔg.ɪb,ɛg.ɪb,ɔgɪb,ɛgɪb
ɔg.ɪd,ɛg.ɪd,ɔgɪd,ɛgɪd
ɔg.ɪg,ɛg.ɪg,ɔgɪg,ɛgɪg
ɔg.ɪf,ɛg.ɪf,ɔgɪf,ɛgɪf
ɔg.ɪs,ɛg.ɪs,ɔgɪs,ɛgɪs
ɔg.ɪv,ɛg.ɪv,ɔgɪv,ɛgɪv
ɔg.ɪz,ɛg.ɪz,ɔgɪz,ɛgɪz
ɔg.ɪʃ,ɛg.ɪʃ,ɔgɪʃ,ɛgɪʃ
ɔg.ɪʒ,ɛg.ɪʒ,ɔgɪʒ,ɛgɪʒ
ɔg.ɪθ,ɛg.ɪθ,ɔgɪθ,ɛgɪθ
ɔg.ɪð,ɛg.ɪð,ɔgɪð,ɛgɪð
ɔg.ɛm,ɛg.ɛm,ɔgɛm,ɛgɛm
ɔg.ɛn,ɛg.ɛn,ɔgɛn,ɛgɛn
ɔg.ɛŋ,ɛg.ɛŋ,ɔgɛŋ,ɛgɛŋ
ɔg.ɛp,ɛg.ɛp,ɔgɛp,ɛgɛp
ɔg.ɛt,ɛg.ɛt,ɔgɛt,ɛgɛt
ɔg.ɛk,ɛg.ɛk,ɔgɛk,ɛgɛk
ɔg.ɛb,ɛg.ɛb,ɔgɛb,ɛgɛb
ɔg.ɛd,ɛg.ɛd,ɔgɛd,ɛgɛd
ɔg.ɛg,ɛg.ɛg,ɔgɛg,ɛgɛg
ɔg.ɛf,ɛg.ɛf,ɔgɛf,ɛgɛf
ɔg.ɛs,ɛg.ɛs,ɔgɛs,ɛgɛs
ɔg.ɛv,ɛg.ɛv,ɔgɛv,ɛgɛv
ɔg.ɛz,ɛg.ɛz,ɔgɛz,ɛgɛz
ɔg.ɛʃ,ɛg.ɛʃ,ɔgɛʃ,ɛgɛʃ
ɔg.ɛʒ,ɛg.ɛʒ,ɔgɛʒ,ɛgɛʒ
ɔg.ɛθ,ɛg.ɛθ,ɔgɛθ,ɛgɛθ
ɔg.ɛð,ɛg.ɛð,ɔgɛð,ɛgɛð
ɔg.ʊm,ɛg.ʊm,ɔgʊm,ɛgʊm
ɔg.ʊn,ɛg.ʊn,ɔgʊn,ɛgʊn
ɔg.ʊŋ,ɛg.ʊŋ,ɔgʊŋ,ɛgʊŋ
ɔg.ʊp,ɛg.ʊp,ɔgʊp,ɛgʊp
ɔg.ʊt,ɛg.ʊt,ɔgʊt,ɛgʊt
ɔg.ʊk,ɛg.ʊk,ɔgʊk,ɛgʊk
ɔg.ʊb,ɛg.ʊb,ɔgʊb,ɛgʊb
ɔg.ʊd,ɛg.ʊd,ɔgʊd,ɛgʊd
ɔg.ʊg,ɛg.ʊg,ɔgʊg,ɛgʊg
ɔg.ʊf,ɛg.ʊf,ɔgʊf,ɛgʊf
ɔg.ʊs,ɛg.ʊs,ɔgʊs,ɛgʊs
ɔg.ʊv,ɛg.ʊv,ɔgʊv,ɛgʊv
ɔg.ʊz,ɛg.ʊz,ɔgʊz,ɛgʊz
ɔg.ʊʃ,ɛg.ʊʃ,ɔgʊʃ,ɛgʊʃ
ɔg.ʊʒ,ɛg.ʊʒ,ɔgʊʒ,ɛgʊʒ
ɔg.ʊθ,ɛg.ʊθ,ɔgʊθ,ɛgʊθ
ɔg.ʊð,ɛg.ʊð,ɔgʊð,ɛgʊð
ɔg.ɔm,ɛg.ɔm,ɔgɔm,ɛgɔm
ɔg.ɔn,ɛg.ɔn,ɔgɔn,ɛgɔn
ɔg.ɔŋ,ɛg.ɔŋ,ɔgɔŋ,ɛgɔŋ
ɔg.ɔp,ɛg.ɔp,ɔgɔp,ɛgɔp
ɔg.ɔt,ɛg.ɔt,ɔgɔt,ɛgɔt
ɔg.ɔk,ɛg.ɔk,ɔgɔk,ɛgɔk
ɔg.ɔb,ɛg.ɔb,ɔgɔb,ɛgɔb
ɔg.ɔd,ɛg.ɔd,ɔgɔd,ɛgɔd
ɔg.ɔg,ɛg.ɔg,ɔgɔg,ɛgɔg
ɔg.ɔf,ɛg.ɔf,ɔgɔf,ɛgɔf
ɔg.ɔs,ɛg.ɔs,ɔgɔs,ɛgɔs
ɔg.ɔv,ɛg.ɔv,ɔgɔv,ɛgɔv
ɔg.ɔz,ɛg.ɔz,ɔgɔz,ɛgɔz
ɔg.ɔʃ,ɛg.ɔʃ,ɔgɔʃ,ɛgɔʃ
ɔg.ɔʒ,ɛg.ɔʒ,ɔgɔʒ,ɛgɔʒ
ɔg.ɔθ,ɛg.ɔθ,ɔgɔθ,ɛgɔθ
ɔg.ɔð,ɛg.ɔð,ɔgɔð,ɛgɔð
ɔf.ɪm,ɛf.ɪm,ɔfɪm,ɛfɪm
ɔf.ɪn,ɛf.ɪn,ɔfɪn,ɛfɪn
ɔf.ɪŋ,ɛf.ɪŋ,ɔfɪŋ,ɛfɪŋ
ɔf.ɪp,ɛf.ɪp,ɔfɪp,ɛfɪp
ɔf.ɪt,ɛf.ɪt,ɔfɪt,ɛfɪt
ɔf.ɪk,ɛf.ɪk,ɔfɪk,ɛfɪk
ɔf.ɪb,ɛf.ɪb,ɔfɪb,ɛfɪb
ɔf.ɪd,ɛf.ɪd,ɔfɪd,ɛfɪd
ɔf.ɪg,ɛf.ɪg,ɔfɪg,ɛfɪg
ɔf.ɪf,ɛf.ɪf,ɔfɪf,ɛfɪf
ɔf.ɪs,ɛf.ɪs,ɔfɪs,ɛfɪs
ɔf.ɪv,ɛf.ɪv,ɔfɪv,ɛfɪv
ɔf.ɪz,ɛf.ɪz,ɔfɪz,ɛfɪz
ɔf.ɪʃ,ɛf.ɪʃ,ɔfɪʃ,ɛfɪʃ
ɔf.ɪʒ,ɛf.ɪʒ,ɔfɪʒ,ɛfɪʒ
ɔf.ɪθ,ɛf.ɪθ,ɔfɪθ,ɛfɪθ
ɔf.ɪð,ɛf.ɪð,ɔfɪð,ɛfɪð
ɔf.ɛm,ɛf.ɛm,ɔfɛm,ɛfɛm
ɔf.ɛn,ɛf.ɛn,ɔfɛn,ɛfɛn
ɔf.ɛŋ,ɛf.ɛŋ,ɔfɛŋ,ɛfɛŋ
ɔf.ɛp,ɛf.ɛp,ɔfɛp,ɛfɛp
ɔf.ɛt,ɛf.ɛt,ɔfɛt,ɛfɛt
ɔf.ɛk,ɛf.ɛk,ɔfɛk,ɛfɛk
ɔf.ɛb,ɛf.ɛb,ɔfɛb,ɛfɛb
ɔf.ɛd,ɛf.ɛd,ɔfɛd,ɛfɛd
ɔf.ɛg,ɛf.ɛg,ɔfɛg,ɛfɛg
ɔf.ɛf,ɛf.ɛf,ɔfɛf,ɛfɛf
ɔf.ɛs,ɛf.ɛs,ɔfɛs,ɛfɛs
ɔf.ɛv,ɛf.ɛv,ɔfɛv,ɛfɛv
ɔf.ɛz,ɛf.ɛz,ɔfɛz,ɛfɛz
ɔf.ɛʃ,ɛf.ɛʃ,ɔfɛʃ,ɛfɛʃ
ɔf.ɛʒ,ɛf.ɛʒ,ɔfɛʒ,ɛfɛʒ
ɔf.ɛθ,ɛf.ɛθ,ɔfɛθ,ɛfɛθ
ɔf.ɛð,ɛf.ɛð,ɔfɛð,ɛfɛð
ɔf.ʊm,ɛf.ʊm,ɔfʊm,ɛfʊm
ɔf.ʊn,ɛf.ʊn,ɔfʊn,ɛfʊn
ɔf.ʊŋ,ɛf.ʊŋ,ɔfʊŋ,ɛfʊŋ
ɔf.ʊp,ɛf.ʊp,ɔfʊp,ɛfʊp
ɔf.ʊt,ɛf.ʊt,ɔfʊt,ɛfʊt
ɔf.ʊk,ɛf.ʊk,ɔfʊk,ɛfʊk
ɔf.ʊb,ɛf.ʊb,ɔfʊb,ɛfʊb
ɔf.ʊd,ɛf.ʊd,ɔfʊd,ɛfʊd
ɔf.ʊg,ɛf.ʊg,ɔfʊg,ɛfʊg
ɔf.ʊf,ɛf.ʊf,ɔfʊf,ɛfʊf
ɔf.ʊs,ɛf.ʊs,ɔfʊs,ɛfʊs
ɔf.ʊv,ɛf.ʊv,ɔfʊv,ɛfʊv
ɔf.ʊz,ɛf.ʊz,ɔfʊz,ɛfʊz
ɔf.ʊʃ,ɛf.ʊʃ,ɔfʊʃ,ɛfʊʃ
ɔf.ʊʒ,ɛf.ʊʒ,ɔfʊʒ,ɛfʊʒ
ɔf.ʊθ,ɛf.ʊθ,ɔfʊθ,ɛfʊθ
ɔf.ʊð,ɛf.ʊð,ɔfʊð,ɛfʊð
ɔf.ɔm,ɛf.ɔm,ɔfɔm,ɛfɔm
ɔf.ɔn,ɛf.ɔn,ɔfɔn,ɛfɔn
ɔf.ɔŋ,ɛf.ɔŋ,ɔfɔŋ,ɛfɔŋ
ɔf.ɔp,ɛf.ɔp,ɔfɔp,ɛfɔp
ɔf.ɔt,ɛf.ɔt,ɔfɔt,ɛfɔt
ɔf.ɔk,ɛf.ɔk,ɔfɔk,ɛfɔk
ɔf.ɔb,ɛf.ɔb,ɔfɔb,ɛfɔb
ɔf.ɔd,ɛf.ɔd,ɔfɔd,ɛfɔd
ɔf.ɔg,ɛf.ɔg,ɔfɔg,ɛfɔg
ɔf.ɔf,ɛf.ɔf,ɔfɔf,ɛfɔf
ɔf.ɔs,ɛf.ɔs,ɔfɔs,ɛfɔs
ɔf.ɔv,ɛf.ɔv,ɔfɔv,ɛfɔv
ɔf.ɔz,ɛf.ɔz,ɔfɔz,ɛfɔz
ɔf.ɔʃ,ɛf.ɔʃ,ɔfɔʃ,ɛfɔʃ
ɔf.ɔʒ,ɛf.ɔʒ,ɔfɔʒ,ɛfɔʒ
ɔf.ɔθ,ɛf.ɔθ,ɔfɔθ,ɛfɔθ
ɔf.ɔð,ɛf.ɔð,ɔfɔð,ɛfɔð
ɔs.ɪm,ɛs.ɪm,ɔsɪm,ɛsɪm
ɔs.ɪn,ɛs.ɪn,ɔsɪn,ɛsɪn
ɔs.ɪŋ,ɛs.ɪŋ,ɔsɪŋ,ɛsɪŋ
ɔs.ɪp,ɛs.ɪp,ɔsɪp,ɛsɪp
ɔs.ɪt,ɛs.ɪt,ɔsɪt,ɛsɪt
ɔs.ɪk,ɛs.ɪk,ɔsɪk,ɛsɪk
ɔs.ɪb,ɛs.ɪb,ɔsɪb,ɛsɪb
ɔs.ɪd,ɛs.ɪd,ɔsɪd,ɛsɪd
ɔs.ɪg,ɛs.ɪg,ɔsɪg,ɛsɪg
ɔs.ɪf,ɛs.ɪf,ɔsɪf,ɛsɪf
ɔs.ɪs,ɛs.ɪs,ɔsɪs,ɛsɪs
ɔs.ɪv,ɛs.ɪv,ɔsɪv,ɛsɪv
ɔs.ɪz,ɛs.ɪz,ɔsɪz,ɛsɪz
ɔs.ɪʃ,ɛs.ɪʃ,ɔsɪʃ,ɛsɪʃ
ɔs.ɪʒ,ɛs.ɪʒ,ɔsɪʒ,ɛsɪʒ
ɔs.ɪθ,ɛs.ɪθ,ɔsɪθ,ɛsɪθ
ɔs.ɪð,ɛs.ɪð,ɔsɪð,ɛsɪð
ɔs.ɛm,ɛs.ɛm,ɔsɛm,ɛsɛm
ɔs.ɛn,ɛs.ɛn,ɔsɛn,ɛsɛn
ɔs.ɛŋ,ɛs.ɛŋ,ɔsɛŋ,ɛsɛŋ
ɔs.ɛp,ɛs.ɛp,ɔsɛp,ɛsɛp
ɔs.ɛt,ɛs.ɛt,ɔsɛt,ɛsɛt
ɔs.ɛk,ɛs.ɛk,ɔsɛk,ɛsɛk
ɔs.ɛb,ɛs.ɛb,ɔsɛb,ɛsɛb
ɔs.ɛd,ɛs.ɛd,ɔsɛd,ɛsɛd
ɔs.ɛg,ɛs.ɛg,ɔsɛg,ɛsɛg
ɔs.ɛf,ɛs.ɛf,ɔsɛf,ɛsɛf
ɔs.ɛs,ɛs.ɛs,ɔsɛs,ɛsɛs
ɔs.ɛv,ɛs.ɛv,ɔsɛv,ɛsɛv
ɔs.ɛz,ɛs.ɛz,ɔsɛz,ɛsɛz
ɔs.ɛʃ,ɛs.ɛʃ,ɔsɛʃ,ɛsɛʃ
ɔs.ɛʒ,ɛs.ɛʒ,ɔsɛʒ,ɛsɛʒ
ɔs.ɛθ,ɛs.ɛθ,ɔsɛθ,ɛsɛθ
ɔs.ɛð,ɛs.ɛð,ɔsɛð,ɛsɛð
ɔs.ʊm,ɛs.ʊm,ɔsʊm,ɛsʊm
ɔs.ʊn,ɛs.ʊn,ɔsʊn,ɛsʊn
ɔs.ʊŋ,ɛs.ʊŋ,ɔsʊŋ,ɛsʊŋ
ɔs.ʊp,ɛs.ʊp,ɔsʊp,ɛsʊp
ɔs.ʊt,ɛs.ʊt,ɔsʊt,ɛsʊt
ɔs.ʊk,ɛs.ʊk,ɔsʊk,ɛsʊk
ɔs.ʊb,ɛs.ʊb,ɔsʊb,ɛsʊb
ɔs.ʊd,ɛs.ʊd,ɔsʊd,ɛsʊd
ɔs.ʊg,ɛs.ʊg,ɔsʊg,ɛsʊg
ɔs.ʊf,ɛs.ʊf,ɔsʊf,ɛsʊf
ɔs.ʊs,ɛs.ʊs,ɔsʊs,ɛsʊs
ɔs.ʊv,ɛs.ʊv,ɔsʊv,ɛsʊv
ɔs.ʊz,ɛs.ʊz,ɔsʊz,ɛsʊz
ɔs.ʊʃ,ɛs.ʊʃ,ɔsʊʃ,ɛsʊʃ
ɔs.ʊʒ,ɛs.ʊʒ,ɔsʊʒ,ɛsʊʒ
ɔs.ʊθ,ɛs.ʊθ,ɔsʊθ,ɛsʊθ
ɔs.ʊð,ɛs.ʊð,ɔsʊð,ɛsʊð
ɔs.ɔm,ɛs.ɔm,ɔsɔm,ɛsɔm
ɔs.ɔn,ɛs.ɔn,ɔsɔn,ɛsɔn
ɔs.ɔŋ,ɛs.ɔŋ,ɔsɔŋ,ɛsɔŋ
ɔs.ɔp,ɛs.ɔp,ɔsɔp,ɛsɔp
ɔs.ɔt,ɛs.ɔt,ɔsɔt,ɛsɔt
ɔs.ɔk,ɛs.ɔk,ɔsɔk,ɛsɔk
ɔs.ɔb,ɛs.ɔb,ɔsɔb,ɛsɔb
ɔs.ɔd,ɛs.ɔd,ɔsɔd,ɛsɔd
ɔs.ɔg,ɛs.ɔg,ɔsɔg,ɛsɔg
ɔs.ɔf,ɛs.ɔf,ɔsɔf,ɛsɔf
ɔs.ɔs,ɛs.ɔs,ɔsɔs,ɛsɔs
ɔs.ɔv,ɛs.ɔv,ɔsɔv,ɛsɔv
ɔs.ɔz,ɛs.ɔz,ɔsɔz,ɛsɔz
ɔs.ɔʃ,ɛs.ɔʃ,ɔsɔʃ,ɛsɔʃ
ɔs.ɔʒ,ɛs.ɔʒ,ɔsɔʒ,ɛsɔʒ
ɔs.ɔθ,ɛs.ɔθ,ɔsɔθ,ɛsɔθ
ɔs.ɔð,ɛs.ɔð,ɔsɔð,ɛsɔð
ɔv.ɪm,ɛv.ɪm,ɔvɪm,ɛvɪm
ɔv.ɪn,ɛv.ɪn,ɔvɪn,ɛvɪn
ɔv.ɪŋ,ɛv.ɪŋ,ɔvɪŋ,ɛvɪŋ
ɔv.ɪp,ɛv.ɪp,ɔvɪp,ɛvɪp
ɔv.ɪt,ɛv.ɪt,ɔvɪt,ɛvɪt
ɔv.ɪk,ɛv.ɪk,ɔvɪk,ɛvɪk
ɔv.ɪb,ɛv.ɪb,ɔvɪb,ɛvɪb
ɔv.ɪd,ɛv.ɪd,ɔvɪd,ɛvɪd
ɔv.ɪg,ɛv.ɪg,ɔvɪg,ɛvɪg
ɔv.ɪf,ɛv.ɪf,ɔvɪf,ɛvɪf
ɔv.ɪs,ɛv.ɪs,ɔvɪs,ɛvɪs
ɔv.ɪv,ɛv.ɪv,ɔvɪv,ɛvɪv
ɔv.ɪz,ɛv.ɪz,ɔvɪz,ɛvɪz
ɔv.ɪʃ,ɛv.ɪʃ,ɔvɪʃ,ɛvɪʃ
ɔv.ɪʒ,ɛv.ɪʒ,ɔvɪʒ,ɛvɪʒ
ɔv.ɪθ,ɛv.ɪθ,ɔvɪθ,ɛvɪθ
ɔv.ɪð,ɛv.ɪð,ɔvɪð,ɛvɪð
ɔv.ɛm,ɛv.ɛm,ɔvɛm,ɛvɛm
ɔv.ɛn,ɛv.ɛn,ɔvɛn,ɛvɛn
ɔv.ɛŋ,ɛv.ɛŋ,ɔvɛŋ,ɛvɛŋ
ɔv.ɛp,ɛv.ɛp,ɔvɛp,ɛvɛp
ɔv.ɛt,ɛv.ɛt,ɔvɛt,ɛvɛt
ɔv.ɛk,ɛv.ɛk,ɔvɛk,ɛvɛk
ɔv.ɛb,ɛv.ɛb,ɔvɛb,ɛvɛb
ɔv.ɛd,ɛv.ɛd,ɔvɛd,ɛvɛd
ɔv.ɛg,ɛv.ɛg,ɔvɛg,ɛvɛg
ɔv.ɛf,ɛv.ɛf,ɔvɛf,ɛvɛf
ɔv.ɛs,ɛv.ɛs,ɔvɛs,ɛvɛs
ɔv.ɛv,ɛv.ɛv,ɔvɛv,ɛvɛv
ɔv.ɛz,ɛv.ɛz,ɔvɛz,ɛvɛz
ɔv.ɛʃ,ɛv.ɛʃ,ɔvɛʃ,ɛvɛʃ
ɔv.ɛʒ,ɛv.ɛʒ,ɔvɛʒ,ɛvɛʒ
ɔv.ɛθ,ɛv.ɛθ,ɔvɛθ,ɛvɛθ
ɔv.ɛð,ɛv.ɛð,ɔvɛð,ɛvɛð
ɔv.ʊm,ɛv.ʊm,ɔvʊm,ɛvʊm
ɔv.ʊn,ɛv.ʊn,ɔvʊn,ɛvʊn
ɔv.ʊŋ,ɛv.ʊŋ,ɔvʊŋ,ɛvʊŋ
ɔv.ʊp,ɛv.ʊp,ɔvʊp,ɛvʊp
ɔv.ʊt,ɛv.ʊt,ɔvʊt,ɛvʊt
ɔv.ʊk,ɛv.ʊk,ɔvʊk,ɛvʊk
ɔv.ʊb,ɛv.ʊb,ɔvʊb,ɛvʊb
ɔv.ʊd,ɛv.ʊd,ɔvʊd,ɛvʊd
ɔv.ʊg,ɛv.ʊg,ɔvʊg,ɛvʊg
ɔv.ʊf,ɛv.ʊf,ɔvʊf,ɛvʊf
ɔv.ʊs,ɛv.ʊs,ɔvʊs,ɛvʊs
ɔv.ʊv,ɛv.ʊv,ɔvʊv,ɛvʊv
ɔv.ʊz,ɛv.ʊz,ɔvʊz,ɛvʊz
ɔv.ʊʃ,ɛv.ʊʃ,ɔvʊʃ,ɛvʊʃ
ɔv.ʊʒ,ɛv.ʊʒ,ɔvʊʒ,ɛvʊʒ
ɔv.ʊθ,ɛv.ʊθ,ɔvʊθ,ɛvʊθ
ɔv.ʊð,ɛv.ʊð,ɔvʊð,ɛvʊð
ɔv.ɔm,ɛv.ɔm,ɔvɔm,ɛvɔm
ɔv.ɔn,ɛv.ɔn,ɔvɔn,ɛvɔn
ɔv.ɔŋ,ɛv.ɔŋ,ɔvɔŋ,ɛvɔŋ
ɔv.ɔp,ɛv.ɔp,ɔvɔp,ɛvɔp
ɔv.ɔt,ɛv.ɔt,ɔvɔt,ɛvɔt
ɔv.ɔk,ɛv.ɔk,ɔvɔk,ɛvɔk
ɔv.ɔb,ɛv.ɔb,ɔvɔb,ɛvɔb
ɔv.ɔd,ɛv.ɔd,ɔvɔd,ɛvɔd
ɔv.ɔg,ɛv.ɔg,ɔvɔg,ɛvɔg
ɔv.ɔf,ɛv.ɔf,ɔvɔf,ɛvɔf
ɔv.ɔs,ɛv.ɔs,ɔvɔs,ɛvɔs
ɔv.ɔv,ɛv.ɔv,ɔvɔv,ɛvɔv
ɔv.ɔz,ɛv.ɔz,ɔvɔz,ɛvɔz
ɔv.ɔʃ,ɛv.ɔʃ,ɔvɔʃ,ɛvɔʃ
ɔv.ɔʒ,ɛv.ɔʒ,ɔvɔʒ,ɛvɔʒ
ɔv.ɔθ,ɛv.ɔθ,ɔvɔθ,ɛvɔθ
ɔv.ɔð,ɛv.ɔð,ɔvɔð,ɛvɔð
ɔz.ɪm,ɛz.ɪm,ɔzɪm,ɛzɪm
ɔz.ɪn,ɛz.ɪn,ɔzɪn,ɛzɪn
ɔz.ɪŋ,ɛz.ɪŋ,ɔzɪŋ,ɛzɪŋ
ɔz.ɪp,ɛz.ɪp,ɔzɪp,ɛzɪp
ɔz.ɪt,ɛz.ɪt,ɔzɪt,ɛzɪt
ɔz.ɪk,ɛz.ɪk,ɔzɪk,ɛzɪk
ɔz.ɪb,ɛz.ɪb,ɔzɪb,ɛzɪb
ɔz.ɪd,ɛz.ɪd,ɔzɪd,ɛzɪd
ɔz.ɪg,ɛz.ɪg,ɔzɪg,ɛzɪg
ɔz.ɪf,ɛz.ɪf,ɔzɪf,ɛzɪf
ɔz.ɪs,ɛz.ɪs,ɔzɪs,ɛzɪs
ɔz.ɪv,ɛz.ɪv,ɔzɪv,ɛzɪv
ɔz.ɪz,ɛz.ɪz,ɔzɪz,ɛzɪz
ɔz.ɪʃ,ɛz.ɪʃ,ɔzɪʃ,ɛzɪʃ
ɔz.ɪʒ,ɛz.ɪʒ,ɔzɪʒ,ɛzɪʒ
ɔz.ɪθ,ɛz.ɪθ,ɔzɪθ,ɛzɪθ
ɔz.ɪð,ɛz.ɪð,ɔzɪð,ɛzɪð
ɔz.ɛm,ɛz.ɛm,ɔzɛm,ɛzɛm
ɔz.ɛn,ɛz.ɛn,ɔzɛn,ɛzɛn
ɔz.ɛŋ,ɛz.ɛŋ,ɔzɛŋ,ɛzɛŋ
ɔz.ɛp,ɛz.ɛp,ɔzɛp,ɛzɛp
ɔz.ɛt,ɛz.ɛt,ɔzɛt,ɛzɛt
ɔz.ɛk,ɛz.ɛk,ɔzɛk,ɛzɛk
ɔz.ɛb,ɛz.ɛb,ɔzɛb,ɛzɛb
ɔz.ɛd,ɛz.ɛd,ɔzɛd,ɛzɛd
ɔz.ɛg,ɛz.ɛg,ɔzɛg,ɛzɛg
ɔz.ɛf,ɛz.ɛf,ɔzɛf,ɛzɛf
ɔz.ɛs,ɛz.ɛs,ɔzɛs,ɛzɛs
ɔz.ɛv,ɛz.ɛv,ɔzɛv,ɛzɛv
ɔz.ɛz,ɛz.ɛz,ɔzɛz,ɛzɛz
ɔz.ɛʃ,ɛz.ɛʃ,ɔzɛʃ,ɛzɛʃ
ɔz.ɛʒ,ɛz.ɛʒ,ɔzɛʒ,ɛzɛʒ
ɔz.ɛθ,ɛz.ɛθ,ɔzɛθ,ɛzɛθ
ɔz.ɛð,ɛz.ɛð,ɔzɛð,ɛzɛð
ɔz.ʊm,ɛz.ʊm,ɔzʊm,ɛzʊm
ɔz.ʊn,ɛz.ʊn,ɔzʊn,ɛzʊn
ɔz.ʊŋ,ɛz.ʊŋ,ɔzʊŋ,ɛzʊŋ
ɔz.ʊp,ɛz.ʊp,ɔzʊp,ɛzʊp
ɔz.ʊt,ɛz.ʊt,ɔzʊt,ɛzʊt
ɔz.ʊk,ɛz.ʊk,ɔzʊk,ɛzʊk
ɔz.ʊb,ɛz.ʊb,ɔzʊb,ɛzʊb
ɔz.ʊd,ɛz.ʊd,ɔzʊd,ɛzʊd
ɔz.ʊg,ɛz.ʊg,ɔzʊg,ɛzʊg
ɔz.ʊf,ɛz.ʊf,ɔzʊf,ɛzʊf
ɔz.ʊs,ɛz.ʊs,ɔzʊs,ɛzʊs
ɔz.ʊv,ɛz.ʊv,ɔzʊv,ɛzʊv
ɔz.ʊz,ɛz.ʊz,ɔzʊz,ɛzʊz
ɔz.ʊʃ,ɛz.ʊʃ,ɔzʊʃ,ɛzʊʃ
ɔz.ʊʒ,ɛz.ʊʒ,ɔzʊʒ,ɛzʊʒ
ɔz.ʊθ,ɛz.ʊθ,ɔzʊθ,ɛzʊθ
ɔz.ʊð,ɛz.ʊð,ɔzʊð,ɛzʊð
ɔz.ɔm,ɛz.ɔm,ɔzɔm,ɛzɔm
ɔz.ɔn,ɛz.ɔn,ɔzɔn,ɛzɔn
ɔz.ɔŋ,ɛz.ɔŋ,ɔzɔŋ,ɛzɔŋ
ɔz.ɔp,ɛz.ɔp,ɔzɔp,ɛzɔp
ɔz.ɔt,ɛz.ɔt,ɔzɔt,ɛzɔt
ɔz.ɔk,ɛz.ɔk,ɔzɔk,ɛzɔk
ɔz.ɔb,ɛz.ɔb,ɔzɔb,ɛzɔb
ɔz.ɔd,ɛz.ɔd,ɔzɔd,ɛzɔd
ɔz.ɔg,ɛz.ɔg,ɔzɔg,ɛzɔg
ɔz.ɔf,ɛz.ɔf,ɔzɔf,ɛzɔf
ɔz.ɔs,ɛz.ɔs,ɔzɔs,ɛzɔs
ɔz.ɔv,ɛz.ɔv,ɔzɔv,ɛzɔv
ɔz.ɔz,ɛz.ɔz,ɔzɔz,ɛzɔz
ɔz.ɔʃ,ɛz.ɔʃ,ɔzɔʃ,ɛzɔʃ
ɔz.ɔʒ,ɛz.ɔʒ,ɔzɔʒ,ɛzɔʒ
ɔz.ɔθ,ɛz.ɔθ,ɔzɔθ,ɛzɔθ
ɔz.ɔð,ɛz.ɔð,ɔzɔð,ɛzɔð
ɔʃ.ɪm,ɛʃ.ɪm,ɔʃɪm,ɛʃɪm
ɔʃ.ɪn,ɛʃ.ɪn,ɔʃɪn,ɛʃɪn
ɔʃ.ɪŋ,ɛʃ.ɪŋ,ɔʃɪŋ,ɛʃɪŋ
ɔʃ.ɪp,ɛʃ.ɪp,ɔʃɪp,ɛʃɪp
ɔʃ.ɪt,ɛʃ.ɪt,ɔʃɪt,ɛʃɪt
ɔʃ.ɪk,ɛʃ.ɪk,ɔʃɪk,ɛʃɪk
ɔʃ.ɪb,ɛʃ.ɪb,ɔʃɪb,ɛʃɪb
ɔʃ.ɪd,ɛʃ.ɪd,ɔʃɪd,ɛʃɪd
ɔʃ.ɪg,ɛʃ.ɪg,ɔʃɪg,ɛʃɪg
ɔʃ.ɪf,ɛʃ.ɪf,ɔʃɪf,ɛʃɪf
ɔʃ.ɪs,ɛʃ.ɪs,ɔʃɪs,ɛʃɪs
ɔʃ.ɪv,ɛʃ.ɪv,ɔʃɪv,ɛʃɪv
ɔʃ.ɪz,ɛʃ.ɪz,ɔʃɪz,ɛʃɪz
ɔʃ.ɪʃ,ɛʃ.ɪʃ,ɔʃɪʃ,ɛʃɪʃ
ɔʃ.ɪʒ,ɛʃ.ɪʒ,ɔʃɪʒ,ɛʃɪʒ
ɔʃ.ɪθ,ɛʃ.ɪθ,ɔʃɪθ,ɛʃɪθ
ɔʃ.ɪð,ɛʃ.ɪð,ɔʃɪð,ɛʃɪð
ɔʃ.ɛm,ɛʃ.ɛm,ɔʃɛm,ɛʃɛm
ɔʃ.ɛn,ɛʃ.ɛn,ɔʃɛn,ɛʃɛn
ɔʃ.ɛŋ,ɛʃ.ɛŋ,ɔʃɛŋ,ɛʃɛŋ
ɔʃ.ɛp,ɛʃ.ɛp,ɔʃɛp,ɛʃɛp
ɔʃ.ɛt,ɛʃ.ɛt,ɔʃɛt,ɛʃɛt
ɔʃ.ɛk,ɛʃ.ɛk,ɔʃɛk,ɛʃɛk
ɔʃ.ɛb,ɛʃ.ɛb,ɔʃɛb,ɛʃɛb
ɔʃ.ɛd,ɛʃ.ɛd,ɔʃɛd,ɛʃɛd
ɔʃ.ɛg,ɛʃ.ɛg,ɔʃɛg,ɛʃɛg
ɔʃ.ɛf,ɛʃ.ɛf,ɔʃɛf,ɛʃɛf
ɔʃ.ɛs,ɛʃ.ɛs,ɔʃɛs,ɛʃɛs
ɔʃ.ɛv,ɛʃ.ɛv,ɔʃɛv,ɛʃɛv
ɔʃ.ɛz,ɛʃ.ɛz,ɔʃɛz,ɛʃɛz
ɔʃ.ɛʃ,ɛʃ.ɛʃ,ɔʃɛʃ,ɛʃɛʃ
ɔʃ.ɛʒ,ɛʃ.ɛʒ,ɔʃɛʒ,ɛʃɛʒ
ɔʃ.ɛθ,ɛʃ.ɛθ,ɔʃɛθ,ɛʃɛθ
ɔʃ.ɛð,ɛʃ.ɛð,ɔʃɛð,ɛʃɛð
ɔʃ.ʊm,ɛʃ.ʊm,ɔʃʊm,ɛʃʊm
ɔʃ.ʊn,ɛʃ.ʊn,ɔʃʊn,ɛʃʊn
ɔʃ.ʊŋ,ɛʃ.ʊŋ,ɔʃʊŋ,ɛʃʊŋ
ɔʃ.ʊp,ɛʃ.ʊp,ɔʃʊp,ɛʃʊp
ɔʃ.ʊt,ɛʃ.ʊt,ɔʃʊt,ɛʃʊt
ɔʃ.ʊk,ɛʃ.ʊk,ɔʃʊk,ɛʃʊk
ɔʃ.ʊb,ɛʃ.ʊb,ɔʃʊb,ɛʃʊb
ɔʃ.ʊd,ɛʃ.ʊd,ɔʃʊd,ɛʃʊd
ɔʃ.ʊg,ɛʃ.ʊg,ɔʃʊg,ɛʃʊg
ɔʃ.ʊf,ɛʃ.ʊf,ɔʃʊf,ɛʃʊf
ɔʃ.ʊs,ɛʃ.ʊs,ɔʃʊs,ɛʃʊs
ɔʃ.ʊv,ɛʃ.ʊv,ɔʃʊv,ɛʃʊv
ɔʃ.ʊz,ɛʃ.ʊz,ɔʃʊz,ɛʃʊz
ɔʃ.ʊʃ,ɛʃ.ʊʃ,ɔʃʊʃ,ɛʃʊʃ
ɔʃ.ʊʒ,ɛʃ.ʊʒ,ɔʃʊʒ,ɛʃʊʒ
ɔʃ.ʊθ,ɛʃ.ʊθ,ɔʃʊθ,ɛʃʊθ
ɔʃ.ʊð,ɛʃ.ʊð,ɔʃʊð,ɛʃʊð
ɔʃ.ɔm,ɛʃ.ɔm,ɔʃɔm,ɛʃɔm
ɔʃ.ɔn,ɛʃ.ɔn,ɔʃɔn,ɛʃɔn
ɔʃ.ɔŋ,ɛʃ.ɔŋ,ɔʃɔŋ,ɛʃɔŋ
ɔʃ.ɔp,ɛʃ.ɔp,ɔʃɔp,ɛʃɔp
ɔʃ.ɔt,ɛʃ.ɔt,ɔʃɔt,ɛʃɔt
ɔʃ.ɔk,ɛʃ.ɔk,ɔʃɔk,ɛʃɔk
ɔʃ.ɔb,ɛʃ.ɔb,ɔʃɔb,ɛʃɔb
ɔʃ.ɔd,ɛʃ.ɔd,ɔʃɔd,ɛʃɔd
ɔʃ.ɔg,ɛʃ.ɔg,ɔʃɔg,ɛʃɔg
ɔʃ.ɔf,ɛʃ.ɔf,ɔʃɔf,ɛʃɔf
ɔʃ.ɔs,ɛʃ.ɔs,ɔʃɔs,ɛʃɔs
ɔʃ.ɔv,ɛʃ.ɔv,ɔʃɔv,ɛʃɔv
ɔʃ.ɔz,ɛʃ.ɔz,ɔʃɔz,ɛʃɔz
ɔʃ.ɔʃ,ɛʃ.ɔʃ,ɔʃɔʃ,ɛʃɔʃ
ɔʃ.ɔʒ,ɛʃ.ɔʒ,ɔʃɔʒ,ɛʃɔʒ
ɔʃ.ɔθ,ɛʃ.ɔθ,ɔʃɔθ,ɛʃɔθ
ɔʃ.ɔð,ɛʃ.ɔð,ɔʃɔð,ɛʃɔð
ɔʒ.ɪm,ɛʒ.ɪm,ɔʒɪm,ɛʒɪm
ɔʒ.ɪn,ɛʒ.ɪn,ɔʒɪn,ɛʒɪn
ɔʒ.ɪŋ,ɛʒ.ɪŋ,ɔʒɪŋ,ɛʒɪŋ
ɔʒ.ɪp,ɛʒ.ɪp,ɔʒɪp,ɛʒɪp
ɔʒ.ɪt,ɛʒ.ɪt,ɔʒɪt,ɛʒɪt
ɔʒ.ɪk,ɛʒ.ɪk,ɔʒɪk,ɛʒɪk
ɔʒ.ɪb,ɛʒ.ɪb,ɔʒɪb,ɛʒɪb
ɔʒ.ɪd,ɛʒ.ɪd,ɔʒɪd,ɛʒɪd
ɔʒ.ɪg,ɛʒ.ɪg,ɔʒɪg,ɛʒɪg
ɔʒ.ɪf,ɛʒ.ɪf,ɔʒɪf,ɛʒɪf
ɔʒ.ɪs,ɛʒ.ɪs,ɔʒɪs,ɛʒɪs
ɔʒ.ɪv,ɛʒ.ɪv,ɔʒɪv,ɛʒɪv
ɔʒ.ɪz,ɛʒ.ɪz,ɔʒɪz,ɛʒɪz
ɔʒ.ɪʃ,ɛʒ.ɪʃ,ɔʒɪʃ,ɛʒɪʃ
ɔʒ.ɪʒ,ɛʒ.ɪʒ,ɔʒɪʒ,ɛʒɪʒ
ɔʒ.ɪθ,ɛʒ.ɪθ,ɔʒɪθ,ɛʒɪθ
ɔʒ.ɪð,ɛʒ.ɪð,ɔʒɪð,ɛʒɪð
ɔʒ.ɛm,ɛʒ.ɛm,ɔʒɛm,ɛʒɛm
ɔʒ.ɛn,ɛʒ.ɛn,ɔʒɛn,ɛʒɛn
ɔʒ.ɛŋ,ɛʒ.ɛŋ,ɔʒɛŋ,ɛʒɛŋ
ɔʒ.ɛp,ɛʒ.ɛp,ɔʒɛp,ɛʒɛp
ɔʒ.ɛt,ɛʒ.ɛt,ɔʒɛt,ɛʒɛt
ɔʒ.ɛk,ɛʒ.ɛk,ɔʒɛk,ɛʒɛk
ɔʒ.ɛb,ɛʒ.ɛb,ɔʒɛb,ɛʒɛb
ɔʒ.ɛd,ɛʒ.ɛd,ɔʒɛd,ɛʒɛd
ɔʒ.ɛg,ɛʒ.ɛg,ɔʒɛg,ɛʒɛg
ɔʒ.ɛf,ɛʒ.ɛf,ɔʒɛf,ɛʒɛf
ɔʒ.ɛs,ɛʒ.ɛs,ɔʒɛs,ɛʒɛs
ɔʒ.ɛv,ɛʒ.ɛv,ɔʒɛv,ɛʒɛv
ɔʒ.ɛz,ɛʒ.ɛz,ɔʒɛz,ɛʒɛz
ɔʒ.ɛʃ,ɛʒ.ɛʃ,ɔʒɛʃ,ɛʒɛʃ
ɔʒ.ɛʒ,ɛʒ.ɛʒ,ɔʒɛʒ,ɛʒɛʒ
ɔʒ.ɛθ,ɛʒ.ɛθ,ɔʒɛθ,ɛʒɛθ
ɔʒ.ɛð,ɛʒ.ɛð,ɔʒɛð,ɛʒɛð
ɔʒ.ʊm,ɛʒ.ʊm,ɔʒʊm,ɛʒʊm
ɔʒ.ʊn,ɛʒ.ʊn,ɔʒʊn,ɛʒʊn
ɔʒ.ʊŋ,ɛʒ.ʊŋ,ɔʒʊŋ,ɛʒʊŋ
ɔʒ.ʊp,ɛʒ.ʊp,ɔʒʊp,ɛʒʊp
ɔʒ.ʊt,ɛʒ.ʊt,ɔʒʊt,ɛʒʊt
ɔʒ.ʊk,ɛʒ.ʊk,ɔʒʊk,ɛʒʊk
ɔʒ.ʊb,ɛʒ.ʊb,ɔʒʊb,ɛʒʊb
ɔʒ.ʊd,ɛʒ.ʊd,ɔʒʊd,ɛʒʊd
ɔʒ.ʊg,ɛʒ.ʊg,ɔʒʊg,ɛʒʊg
ɔʒ.ʊf,ɛʒ.ʊf,ɔʒʊf,ɛʒʊf
ɔʒ.ʊs,ɛʒ.ʊs,ɔʒʊs,ɛʒʊs
ɔʒ.ʊv,ɛʒ.ʊv,ɔʒʊv,ɛʒʊv
ɔʒ.ʊz,ɛʒ.ʊz,ɔʒʊz,ɛʒʊz
ɔʒ.ʊʃ,ɛʒ.ʊʃ,ɔʒʊʃ,ɛʒʊʃ
ɔʒ.ʊʒ,ɛʒ.ʊʒ,ɔʒʊʒ,ɛʒʊʒ
ɔʒ.ʊθ,ɛʒ.ʊθ,ɔʒʊθ,ɛʒʊθ
ɔʒ.ʊð,ɛʒ.ʊð,ɔʒʊð,ɛʒʊð
ɔʒ.ɔm,ɛʒ.ɔm,ɔʒɔm,ɛʒɔm
ɔʒ.ɔn,ɛʒ.ɔn,ɔʒɔn,ɛʒɔn
ɔʒ.ɔŋ,ɛʒ.ɔŋ,ɔʒɔŋ,ɛʒɔŋ
ɔʒ.ɔp,ɛʒ.ɔp,ɔʒɔp,ɛʒɔp
ɔʒ.ɔt,ɛʒ.ɔt,ɔʒɔt,ɛʒɔt
ɔʒ.ɔk,ɛʒ.ɔk,ɔʒɔk,ɛʒɔk
ɔʒ.ɔb,ɛʒ.ɔb,ɔʒɔb,ɛʒɔb
ɔʒ.ɔd,ɛʒ.ɔd,ɔʒɔd,ɛʒɔd
ɔʒ.ɔg,ɛʒ.ɔg,ɔʒɔg,ɛʒɔg
ɔʒ.ɔf,ɛʒ.ɔf,ɔʒɔf,ɛʒɔf
ɔʒ.ɔs,ɛʒ.ɔs,ɔʒɔs,ɛʒɔs
ɔʒ.ɔv,ɛʒ.ɔv,ɔʒɔv,ɛʒɔv
ɔʒ.ɔz,ɛʒ.ɔz,ɔʒɔz,ɛʒɔz
ɔʒ.ɔʃ,ɛʒ.ɔʃ,ɔʒɔʃ,ɛʒɔʃ
ɔʒ.ɔʒ,ɛʒ.ɔʒ,ɔʒɔʒ,ɛʒɔʒ
ɔʒ.ɔθ,ɛʒ.ɔθ,ɔʒɔθ,ɛʒɔθ
ɔʒ.ɔð,ɛʒ.ɔð,ɔʒɔð,ɛʒɔð
ɔθ.ɪm,ɛθ.ɪm,ɔθɪm,ɛθɪm
ɔθ.ɪn,ɛθ.ɪn,ɔθɪn,ɛθɪn
ɔθ.ɪŋ,ɛθ.ɪŋ,ɔθɪŋ,ɛθɪŋ
ɔθ.ɪp,ɛθ.ɪp,ɔθɪp,ɛθɪp
ɔθ.ɪt,ɛθ.ɪt,ɔθɪt,ɛθɪt
ɔθ.ɪk,ɛθ.ɪk,ɔθɪk,ɛθɪk
ɔθ.ɪb,ɛθ.ɪb,ɔθɪb,ɛθɪb
ɔθ.ɪd,ɛθ.ɪd,ɔθɪd,ɛθɪd
ɔθ.ɪg,ɛθ.ɪg,ɔθɪg,ɛθɪg
ɔθ.ɪf,ɛθ.ɪf,ɔθɪf,ɛθɪf
ɔθ.ɪs,ɛθ.ɪs,ɔθɪs,ɛθɪs
ɔθ.ɪv,ɛθ.ɪv,ɔθɪv,ɛθɪv
ɔθ.ɪz,ɛθ.ɪz,ɔθɪz,ɛθɪz
ɔθ.ɪʃ,ɛθ.ɪʃ,ɔθɪʃ,ɛθɪʃ
ɔθ.ɪʒ,ɛθ.ɪʒ,ɔθɪʒ,ɛθɪʒ
ɔθ.ɪθ,ɛθ.ɪθ,ɔθɪθ,ɛθɪθ
ɔθ.ɪð,ɛθ.ɪð,ɔθɪð,ɛθɪð
ɔθ.ɛm,ɛθ.ɛm,ɔθɛm,ɛθɛm
ɔθ.ɛn,ɛθ.ɛn,ɔθɛn,ɛθɛn
ɔθ.ɛŋ,ɛθ.ɛŋ,ɔθɛŋ,ɛθɛŋ
ɔθ.ɛp,ɛθ.ɛp,ɔθɛp,ɛθɛp
ɔθ.ɛt,ɛθ.ɛt,ɔθɛt,ɛθɛt
ɔθ.ɛk,ɛθ.ɛk,ɔθɛk,ɛθɛk
ɔθ.ɛb,ɛθ.ɛb,ɔθɛb,ɛθɛb
ɔθ.ɛd,ɛθ.ɛd,ɔθɛd,ɛθɛd
ɔθ.ɛg,ɛθ.ɛg,ɔθɛg,ɛθɛg
ɔθ.ɛf,ɛθ.ɛf,ɔθɛf,ɛθɛf
ɔθ.ɛs,ɛθ.ɛs,ɔθɛs,ɛθɛs
ɔθ.ɛv,ɛθ.ɛv,ɔθɛv,ɛθɛv
ɔθ.ɛz,ɛθ.ɛz,ɔθɛz,ɛθɛz
ɔθ.ɛʃ,ɛθ.ɛʃ,ɔθɛʃ,ɛθɛʃ
ɔθ.ɛʒ,ɛθ.ɛʒ,ɔθɛʒ,ɛθɛʒ
ɔθ.ɛθ,ɛθ.ɛθ,ɔθɛθ,ɛθɛθ
ɔθ.ɛð,ɛθ.ɛð,ɔθɛð,ɛθɛð
ɔθ.ʊm,ɛθ.ʊm,ɔθʊm,ɛθʊm
ɔθ.ʊn,ɛθ.ʊn,ɔθʊn,ɛθʊn
ɔθ.ʊŋ,ɛθ.ʊŋ,ɔθʊŋ,ɛθʊŋ
ɔθ.ʊp,ɛθ.ʊp,ɔθʊp,ɛθʊp
ɔθ.ʊt,ɛθ.ʊt,ɔθʊt,ɛθʊt
ɔθ.ʊk,ɛθ.ʊk,ɔθʊk,ɛθʊk
ɔθ.ʊb,ɛθ.ʊb,ɔθʊb,ɛθʊb
ɔθ.ʊd,ɛθ.ʊd,ɔθʊd,ɛθʊd
ɔθ.ʊg,ɛθ.ʊg,ɔθʊg,ɛθʊg
ɔθ.ʊf,ɛθ.ʊf,ɔθʊf,ɛθʊf
ɔθ.ʊs,ɛθ.ʊs,ɔθʊs,ɛθʊs
ɔθ.ʊv,ɛθ.ʊv,ɔθʊv,ɛθʊv
ɔθ.ʊz,ɛθ.ʊz,ɔθʊz,ɛθʊz
ɔθ.ʊʃ,ɛθ.ʊʃ,ɔθʊʃ,ɛθʊʃ
ɔθ.ʊʒ,ɛθ.ʊʒ,ɔθʊʒ,ɛθʊʒ
ɔθ.ʊθ,ɛθ.ʊθ,ɔθʊθ,ɛθʊθ
ɔθ.ʊð,ɛθ.ʊð,ɔθʊð,ɛθʊð
ɔθ.ɔm,ɛθ.ɔm,ɔθɔm,ɛθɔm
ɔθ.ɔn,ɛθ.ɔn,ɔθɔn,ɛθɔn
ɔθ.ɔŋ,ɛθ.ɔŋ,ɔθɔŋ,ɛθɔŋ
ɔθ.ɔp,ɛθ.ɔp,ɔθɔp,ɛθɔp
ɔθ.ɔt,ɛθ.ɔt,ɔθɔt,ɛθɔt
ɔθ.ɔk,ɛθ.ɔk,ɔθɔk,ɛθɔk
ɔθ.ɔb,ɛθ.ɔb,ɔθɔb,ɛθɔb
ɔθ.ɔd,ɛθ.ɔd,ɔθɔd,ɛθɔd
ɔθ.ɔg,ɛθ.ɔg,ɔθɔg,ɛθɔg
ɔθ.ɔf,ɛθ.ɔf,ɔθɔf,ɛθɔf
ɔθ.ɔs,ɛθ.ɔs,ɔθɔs,ɛθɔs
ɔθ.ɔv,ɛθ.ɔv,ɔθɔv,ɛθɔv
ɔθ.ɔz,ɛθ.ɔz,ɔθɔz,ɛθɔz
ɔθ.ɔʃ,ɛθ.ɔʃ,ɔθɔʃ,ɛθɔʃ
ɔθ.ɔʒ,ɛθ.ɔʒ,ɔθɔʒ,ɛθɔʒ
ɔθ.ɔθ,ɛθ.ɔθ,ɔθɔθ,ɛθɔθ
ɔθ.ɔð,ɛθ.ɔð,ɔθɔð,ɛθɔð
ɔð.ɪm,ɛð.ɪm,ɔðɪm,ɛðɪm
ɔð.ɪn,ɛð.ɪn,ɔðɪn,ɛðɪn
ɔð.ɪŋ,ɛð.ɪŋ,ɔðɪŋ,ɛðɪŋ
ɔð.ɪp,ɛð.ɪp,ɔðɪp,ɛðɪp
ɔð.ɪt,ɛð.ɪt,ɔðɪt,ɛðɪt
ɔð.ɪk,ɛð.ɪk,ɔðɪk,ɛðɪk
ɔð.ɪb,ɛð.ɪb,ɔðɪb,ɛðɪb
ɔð.ɪd,ɛð.ɪd,ɔðɪd,ɛðɪd
ɔð.ɪg,ɛð.ɪg,ɔðɪg,ɛðɪg
ɔð.ɪf,ɛð.ɪf,ɔðɪf,ɛðɪf
ɔð.ɪs,ɛð.ɪs,ɔðɪs,ɛðɪs
ɔð.ɪv,ɛð.ɪv,ɔðɪv,ɛðɪv
ɔð.ɪz,ɛð.ɪz,ɔðɪz,ɛðɪz
ɔð.ɪʃ,ɛð.ɪʃ,ɔðɪʃ,ɛðɪʃ
ɔð.ɪʒ,ɛð.ɪʒ,ɔðɪʒ,ɛðɪʒ
ɔð.ɪθ,ɛð.ɪθ,ɔðɪθ,ɛðɪθ
ɔð.ɪð,ɛð.ɪð,ɔðɪð,ɛðɪð
ɔð.ɛm,ɛð.ɛm,ɔðɛm,ɛðɛm
ɔð.ɛn,ɛð.ɛn,ɔðɛn,ɛðɛn
ɔð.ɛŋ,ɛð.ɛŋ,ɔðɛŋ,ɛðɛŋ
ɔð.ɛp,ɛð.ɛp,ɔðɛp,ɛðɛp
ɔð.ɛt,ɛð.ɛt,ɔðɛt,ɛðɛt
ɔð.ɛk,ɛð.ɛk,ɔðɛk,ɛðɛk
ɔð.ɛb,ɛð.ɛb,ɔðɛb,ɛðɛb
ɔð.ɛd,ɛð.ɛd,ɔðɛd,ɛðɛd
ɔð.ɛg,ɛð.ɛg,ɔðɛg,ɛðɛg
ɔð.ɛf,ɛð.ɛf,ɔðɛf,ɛðɛf
ɔð.ɛs,ɛð.ɛs,ɔðɛs,ɛðɛs
ɔð.ɛv,ɛð.ɛv,ɔðɛv,ɛðɛv
ɔð.ɛz,ɛð.ɛz,ɔðɛz,ɛðɛz
ɔð.ɛʃ,ɛð.ɛʃ,ɔðɛʃ,ɛðɛʃ
ɔð.ɛʒ,ɛð.ɛʒ,ɔðɛʒ,ɛðɛʒ
ɔð.ɛθ,ɛð.ɛθ,ɔðɛθ,ɛðɛθ
ɔð.ɛð,ɛð.ɛð,ɔðɛð,ɛðɛð
ɔð.ʊm,ɛð.ʊm,ɔðʊm,ɛðʊm
ɔð.ʊn,ɛð.ʊn,ɔðʊn,ɛðʊn
ɔð.ʊŋ,ɛð.ʊŋ,ɔðʊŋ,ɛðʊŋ
ɔð.ʊp,ɛð.ʊp,ɔðʊp,ɛðʊp
ɔð.ʊt,ɛð.ʊt,ɔðʊt,ɛðʊt
ɔð.ʊk,ɛð.ʊk,ɔðʊk,ɛðʊk
ɔð.ʊb,ɛð.ʊb,ɔðʊb,ɛðʊb
ɔð.ʊd,ɛð.ʊd,ɔðʊd,ɛðʊd
ɔð.ʊg,ɛð.ʊg,ɔðʊg,ɛðʊg
ɔð.ʊf,ɛð.ʊf,ɔðʊf,ɛðʊf
ɔð.ʊs,ɛð.ʊs,ɔðʊs,ɛðʊs
ɔð.ʊv,ɛð.ʊv,ɔðʊv,ɛðʊv
ɔð.ʊz,ɛð.ʊz,ɔðʊz,ɛðʊz
ɔð.ʊʃ,ɛð.ʊʃ,ɔðʊʃ,ɛðʊʃ
ɔð.ʊʒ,ɛð.ʊʒ,ɔðʊʒ,ɛðʊʒ
ɔð.ʊθ,ɛð.ʊθ,ɔðʊθ,ɛðʊθ
ɔð.ʊð,ɛð.ʊð,ɔðʊð,ɛðʊð
ɔð.ɔm,ɛð.ɔm,ɔðɔm,ɛðɔm
ɔð.ɔn,ɛð.ɔn,ɔðɔn,ɛðɔn
ɔð.ɔŋ,ɛð.ɔŋ,ɔðɔŋ,ɛðɔŋ
ɔð.ɔp,ɛð.ɔp,ɔðɔp,ɛðɔp
ɔð.ɔt,ɛð.ɔt,ɔðɔt,ɛðɔt
ɔð.ɔk,ɛð.ɔk,ɔðɔk,ɛðɔk
ɔð.ɔb,ɛð.ɔb,ɔðɔb,ɛðɔb
ɔð.ɔd,ɛð.ɔd,ɔðɔd,ɛðɔd
ɔð.ɔg,ɛð.ɔg,ɔðɔg,ɛðɔg
ɔð.ɔf,ɛð.ɔf,ɔðɔf,ɛðɔf
ɔð.ɔs,ɛð.ɔs,ɔðɔs,ɛðɔs
ɔð.ɔv,ɛð.ɔv,ɔðɔv,ɛðɔv
ɔð.ɔz,ɛð.ɔz,ɔðɔz,ɛðɔz
ɔð.ɔʃ,ɛð.ɔʃ,ɔðɔʃ,ɛðɔʃ
ɔð.ɔʒ,ɛð.ɔʒ,ɔðɔʒ,ɛðɔʒ
ɔð.ɔθ,ɛð.ɔθ,ɔðɔθ,ɛðɔθ
ɔð.ɔð,ɛð.ɔð,ɔðɔð,ɛðɔð
mɪm.i,mʊm.i,mɪmi,mʊmi
mɪm.e,mʊm.e,mɪme,mʊme
mɪm.u,mʊm.u,mɪmu,mʊmu
mɪm.o,mʊm.o,mɪmo,mʊmo
mɪn.i,mʊn.i,mɪni,mʊni
mɪn.e,mʊn.e,mɪne,mʊne
mɪn.u,mʊn.u,mɪnu,mʊnu
mɪn.o,mʊn.o,mɪno,mʊno
mɪŋ.i,mʊŋ.i,mɪŋi,mʊŋi
mɪŋ.e,mʊŋ.e,mɪŋe,mʊŋe
mɪŋ.u,mʊŋ.u,mɪŋu,mʊŋu
mɪŋ.o,mʊŋ.o,mɪŋo,mʊŋo
mɪp.i,mʊp.i,mɪpi,mʊpi
mɪp.e,mʊp.e,mɪpe,mʊpe
mɪp.u,mʊp.u,mɪpu,mʊpu
mɪp.o,mʊp.o,mɪpo,mʊpo
mɪt.i,mʊt.i,mɪti,mʊti
mɪt.e,mʊt.e,mɪte,mʊte
mɪt.u,mʊt.u,mɪtu,mʊtu
mɪt.o,mʊt.o,mɪto,mʊto
mɪk.i,mʊk.i,mɪki,mʊki
mɪk.e,mʊk.e,mɪke,mʊke
mɪk.u,mʊk.u,mɪku,mʊku
mɪk.o,mʊk.o,mɪko,mʊko
mɪb.i,mʊb.i,mɪbi,mʊbi
mɪb.e,mʊb.e,mɪbe,mʊbe
mɪb.u,mʊb.u,mɪbu,mʊbu
mɪb.o,mʊb.o,mɪbo,mʊbo
mɪd.i,mʊd.i,mɪdi,mʊdi
mɪd.e,mʊd.e,mɪde,mʊde
mɪd.u,mʊd.u,mɪdu,mʊdu
mɪd.o,mʊd.o,mɪdo,mʊdo
mɪg.i,mʊg.i,mɪgi,mʊgi
mɪg.e,mʊg.e,mɪge,mʊge
mɪg.u,mʊg.u,mɪgu,mʊgu
mɪg.o,mʊg.o,mɪgo,mʊgo
mɪf.i,mʊf.i,mɪfi,mʊfi
mɪf.e,mʊf.e,mɪfe,mʊfe
mɪf.u,mʊf.u,mɪfu,mʊfu
mɪf.o,mʊf.o,mɪfo,mʊfo
mɪs.i,mʊs.i,mɪsi,mʊsi
mɪs.e,mʊs.e,mɪse,mʊse
mɪs.u,mʊs.u,mɪsu,mʊsu
mɪs.o,mʊs.o,mɪso,mʊso
mɪv.i,mʊv.i,mɪvi,mʊvi
mɪv.e,mʊv.e,mɪve,mʊve
mɪv.u,mʊv.u,mɪvu,mʊvu
mɪv.o,mʊv.o,mɪvo,mʊvo
mɪz.i,mʊz.i,mɪzi,mʊzi
mɪz.e,mʊz.e,mɪze,mʊze
mɪz.u,mʊz.u,mɪzu,mʊzu
mɪz.o,mʊz.o,mɪzo,mʊzo
mɪʃ.i,mʊʃ.i,mɪʃi,mʊʃi
mɪʃ.e,mʊʃ.e,mɪʃe,mʊʃe
mɪʃ.u,mʊʃ.u,mɪʃu,mʊʃu
mɪʃ.o,mʊʃ.o,mɪʃo,mʊʃo
mɪʒ.i,mʊʒ.i,mɪʒi,mʊʒi
mɪʒ.e,mʊʒ.e,mɪʒe,mʊʒe
mɪʒ.u,mʊʒ.u,mɪʒu,mʊʒu
mɪʒ.o,mʊʒ.o,mɪʒo,mʊʒo
mɪθ.i,mʊθ.i,mɪθi,mʊθi
mɪθ.e,mʊθ.e,mɪθe,mʊθe
mɪθ.u,mʊθ.u,mɪθu,mʊθu
mɪθ.o,mʊθ.o,mɪθo,mʊθo
mɪð.i,mʊð.i,mɪði,mʊði
mɪð.e,mʊð.e,mɪðe,mʊðe
mɪð.u,mʊð.u,mɪðu,mʊðu
mɪð.o,mʊð.o,mɪðo,mʊðo
nɪm.i,nʊm.i,nɪmi,nʊmi
nɪm.e,nʊm.e,nɪme,nʊme
nɪm.u,nʊm.u,nɪmu,nʊmu
nɪm.o,nʊm.o,nɪmo,nʊmo
nɪn.i,nʊn.i,nɪni,nʊni
nɪn.e,nʊn.e,nɪne,nʊne
nɪn.u,nʊn.u,nɪnu,nʊnu
nɪn.o,nʊn.o,nɪno,nʊno
nɪŋ.i,nʊŋ.i,nɪŋi,nʊŋi
nɪŋ.e,nʊŋ.e,nɪŋe,nʊŋe
nɪŋ.u,nʊŋ.u,nɪŋu,nʊŋu
nɪŋ.o,nʊŋ.o,nɪŋo,nʊŋo
nɪp.i,nʊp.i,nɪpi,nʊpi
nɪp.e,nʊp.e,nɪpe,nʊpe
nɪp.u,nʊp.u,nɪpu,nʊpu
nɪp.o,nʊp.o,nɪpo,nʊpo
nɪt.i,nʊt.i,nɪti,nʊti
nɪt.e,nʊt.e,nɪte,nʊte
nɪt.u,nʊt.u,nɪtu,nʊtu
nɪt.o,nʊt.o,nɪto,nʊto
nɪk.i,nʊk.i,nɪki,nʊki
nɪk.e,nʊk.e,nɪke,nʊke
nɪk.u,nʊk.u,nɪku,nʊku
nɪk.o,nʊk.o,nɪko,nʊko
nɪb.i,nʊb.i,nɪbi,nʊbi
nɪb.e,nʊb.e,nɪbe,nʊbe
nɪb.u,nʊb.u,nɪbu,nʊbu
nɪb.o,nʊb.o,nɪbo,nʊbo
nɪd.i,nʊd.i,nɪdi,nʊdi
nɪd.e,nʊd.e,nɪde,nʊde
nɪd.u,nʊd.u,nɪdu,nʊdu
nɪd.o,nʊd.o,nɪdo,nʊdo
nɪg.i,nʊg.i,nɪgi,nʊgi
nɪg.e,nʊg.e,nɪge,nʊge
nɪg.u,nʊg.u,nɪgu,nʊgu
nɪg.o,nʊg.o,nɪgo,nʊgo
nɪf.i,nʊf.i,nɪfi,nʊfi
nɪf.e,nʊf.e,nɪfe,nʊfe
nɪf.u,nʊf.u,nɪfu,nʊfu
nɪf.o,nʊf.o,nɪfo,nʊfo
nɪs.i,nʊs.i,nɪsi,nʊsi
nɪs.e,nʊs.e,nɪse,nʊse
nɪs.u,nʊs.u,nɪsu,nʊsu
nɪs.o,nʊs.o,nɪso,nʊso
nɪv.i,nʊv.i,nɪvi,nʊvi
nɪv.e,nʊv.e,nɪve,nʊve
nɪv.u,nʊv.u,nɪvu,nʊvu
nɪv.o,nʊv.o,nɪvo,nʊvo
nɪz.i,nʊz.i,nɪzi,nʊzi
nɪz.e,nʊz.e,nɪze,nʊze
nɪz.u,nʊz.u,nɪzu,nʊzu
nɪz.o,nʊz.o,nɪzo,nʊzo
nɪʃ.i,nʊʃ.i,nɪʃi,nʊʃi
nɪʃ.e,nʊʃ.e,nɪʃe,nʊʃe
nɪʃ.u,nʊʃ.u,nɪʃu,nʊʃu
nɪʃ.o,nʊʃ.o,nɪʃo,nʊʃo
nɪʒ.i,nʊʒ.i,nɪʒi,nʊʒi
nɪʒ.e,nʊʒ.e,nɪʒe,nʊʒe
nɪʒ.u,nʊʒ.u,nɪʒu,nʊʒu
nɪʒ.o,nʊʒ.o,nɪʒo,nʊʒo
nɪθ.i,nʊθ.i,nɪθi,nʊθi
nɪθ.e,nʊθ.e,nɪθe,nʊθe
nɪθ.u,nʊθ.u,nɪθu,nʊθu
nɪθ.o,nʊθ.o,nɪθo,nʊθo
nɪð.i,nʊð.i,nɪði,nʊði
nɪð.e,nʊð.e,nɪðe,nʊðe
nɪð.u,nʊð.u,nɪðu,nʊðu
nɪð.o,nʊð.o,nɪðo,nʊðo
pɪm.i,pʊm.i,pɪmi,pʊmi
pɪm.e,pʊm.e,pɪme,pʊme
pɪm.u,pʊm.u,pɪmu,pʊmu
pɪm.o,pʊm.o,pɪmo,pʊmo
pɪn.i,pʊn.i,pɪni,pʊni
pɪn.e,pʊn.e,pɪne,pʊne
pɪn.u,pʊn.u,pɪnu,pʊnu
pɪn.o,pʊn.o,pɪno,pʊno
pɪŋ.i,pʊŋ.i,pɪŋi,pʊŋi
pɪŋ.e,pʊŋ.e,pɪŋe,pʊŋe
pɪŋ.u,pʊŋ.u,pɪŋu,pʊŋu
pɪŋ.o,pʊŋ.o,pɪŋo,pʊŋo
pɪp.i,pʊp.i,pɪpi,pʊpi
pɪp.e,pʊp.e,pɪpe,pʊpe
pɪp.u,pʊp.u,pɪpu,pʊpu
pɪp.o,pʊp.o,pɪpo,pʊpo
pɪt.i,pʊt.i,pɪti,pʊti
pɪt.e,pʊt.e,pɪte,pʊte
pɪt.u,pʊt.u,pɪtu,pʊtu
pɪt.o,pʊt.o,pɪto,pʊto
pɪk.i,pʊk.i,pɪki,pʊki
pɪk.e,pʊk.e,pɪke,pʊke
pɪk.u,pʊk.u,pɪku,pʊku
pɪk.o,pʊk.o,pɪko,pʊko
pɪb.i,pʊb.i,pɪbi,pʊbi
pɪb.e,pʊb.e,pɪbe,pʊbe
pɪb.u,pʊb.u,pɪbu,pʊbu
pɪb.o,pʊb.o,pɪbo,pʊbo
pɪd.i,pʊd.i,pɪdi,pʊdi
pɪd.e,pʊd.e,pɪde,pʊde
pɪd.u,pʊd.u,pɪdu,pʊdu
pɪd.o,pʊd.o,pɪdo,pʊdo
pɪg.i,pʊg.i,pɪgi,pʊgi
pɪg.e,pʊg.e,pɪge,pʊge
pɪg.u,pʊg.u,pɪgu,pʊgu
pɪg.o,pʊg.o,pɪgo,pʊgo
pɪf.i,pʊf.i,pɪfi,pʊfi
pɪf.e,pʊf.e,pɪfe,pʊfe
pɪf.u,pʊf.u,pɪfu,pʊfu
pɪf.o,pʊf.o,pɪfo,pʊfo
pɪs.i,pʊs.i,pɪsi,pʊsi
pɪs.e,pʊs.e,pɪse,pʊse
pɪs.u,pʊs.u,pɪsu,pʊsu
pɪs.o,pʊs.o,pɪso,pʊso
pɪv.i,pʊv.i,pɪvi,pʊvi
pɪv.e,pʊv.e,pɪve,pʊve
pɪv.u,pʊv.u,pɪvu,pʊvu
pɪv.o,pʊv.o,pɪvo,pʊvo
pɪz.i,pʊz.i,pɪzi,pʊzi
pɪz.e,pʊz.e,pɪze,pʊze
pɪz.u,pʊz.u,pɪzu,pʊzu
pɪz.o,pʊz.o,pɪzo,pʊzo
pɪʃ.i,pʊʃ.i,pɪʃi,pʊʃi
pɪʃ.e,pʊʃ.e,pɪʃe,pʊʃe
pɪʃ.u,pʊʃ.u,pɪʃu,pʊʃu
pɪʃ.o,pʊʃ.o,pɪʃo,pʊʃo
pɪʒ.i,pʊʒ.i,pɪʒi,pʊʒi
pɪʒ.e,pʊʒ.e,pɪʒe,pʊʒe
pɪʒ.u,pʊʒ.u,pɪʒu,pʊʒu
pɪʒ.o,pʊʒ.o,pɪʒo,pʊʒo
pɪθ.i,pʊθ.i,pɪθi,pʊθi
pɪθ.e,pʊθ.e,pɪθe,pʊθe
pɪθ.u,pʊθ.u,pɪθu,pʊθu
pɪθ.o,pʊθ.o,pɪθo,pʊθo
pɪð.i,pʊð.i,pɪði,pʊði
pɪð.e,pʊð.e,pɪðe,pʊðe
pɪð.u,pʊð.u,pɪðu,pʊðu
pɪð.o,pʊð.o,pɪðo,pʊðo
tɪm.i,tʊm.i,tɪmi,tʊmi
tɪm.e,tʊm.e,tɪme,tʊme
tɪm.u,tʊm.u,tɪmu,tʊmu
tɪm.o,tʊm.o,tɪmo,tʊmo
tɪn.i,tʊn.i,tɪni,tʊni
tɪn.e,tʊn.e,tɪne,tʊne
tɪn.u,tʊn.u,tɪnu,tʊnu
tɪn.o,tʊn.o,tɪno,tʊno
tɪŋ.i,tʊŋ.i,tɪŋi,tʊŋi
tɪŋ.e,tʊŋ.e,tɪŋe,tʊŋe
tɪŋ.u,tʊŋ.u,tɪŋu,tʊŋu
tɪŋ.o,tʊŋ.o,tɪŋo,tʊŋo
tɪp.i,tʊp.i,tɪpi,tʊpi
tɪp.e,tʊp.e,tɪpe,tʊpe
tɪp.u,tʊp.u,tɪpu,tʊpu
tɪp.o,tʊp.o,tɪpo,tʊpo
tɪt.i,tʊt.i,tɪti,tʊti
tɪt.e,tʊt.e,tɪte,tʊte
tɪt.u,tʊt.u,tɪtu,tʊtu
tɪt.o,tʊt.o,tɪto,tʊto
tɪk.i,tʊk.i,tɪki,tʊki
tɪk.e,tʊk.e,tɪke,tʊke
tɪk.u,tʊk.u,tɪku,tʊku
tɪk.o,tʊk.o,tɪko,tʊko
tɪb.i,tʊb.i,tɪbi,tʊbi
tɪb.e,tʊb.e,tɪbe,tʊbe
tɪb.u,tʊb.u,tɪbu,tʊbu
tɪb.o,tʊb.o,tɪbo,tʊbo
tɪd.i,tʊd.i,tɪdi,tʊdi
tɪd.e,tʊd.e,tɪde,tʊde
tɪd.u,tʊd.u,tɪdu,tʊdu
tɪd.o,tʊd.o,tɪdo,tʊdo
tɪg.i,tʊg.i,tɪgi,tʊgi
tɪg.e,tʊg.e,tɪge,tʊge
tɪg.u,tʊg.u,tɪgu,tʊgu
tɪg.o,tʊg.o,tɪgo,tʊgo
tɪf.i,tʊf.i,tɪfi,tʊfi
tɪf.e,tʊf.e,tɪfe,tʊfe
tɪf.u,tʊf.u,tɪfu,tʊfu
tɪf.o,tʊf.o,tɪfo,tʊfo
tɪs.i,tʊs.i,tɪsi,tʊsi
tɪs.e,tʊs.e,tɪse,tʊse
tɪs.u,tʊs.u,tɪsu,tʊsu
tɪs.o,tʊs.o,tɪso,tʊso
tɪv.i,tʊv.i,tɪvi,tʊvi
tɪv.e,tʊv.e,tɪve,tʊve
tɪv.u,tʊv.u,tɪvu,tʊvu
tɪv.o,tʊv.o,tɪvo,tʊvo
tɪz.i,tʊz.i,tɪzi,tʊzi
tɪz.e,tʊz.e,tɪze,tʊze
tɪz.u,tʊz.u,tɪzu,tʊzu
tɪz.o,tʊz.o,tɪzo,tʊzo
tɪʃ.i,tʊʃ.i,tɪʃi,tʊʃi
tɪʃ.e,tʊʃ.e,tɪʃe,tʊʃe
tɪʃ.u,tʊʃ.u,tɪʃu,tʊʃu
tɪʃ.o,tʊʃ.o,tɪʃo,tʊʃo
tɪʒ.i,tʊʒ.i,tɪʒi,tʊʒi
tɪʒ.e,tʊʒ.e,tɪʒe,tʊʒe
tɪʒ.u,tʊʒ.u,tɪʒu,tʊʒu
tɪʒ.o,tʊʒ.o,tɪʒo,tʊʒo
tɪθ.i,tʊθ.i,tɪθi,tʊθi
tɪθ.e,tʊθ.e,tɪθe,tʊθe
tɪθ.u,tʊθ.u,tɪθu,tʊθu
tɪθ.o,tʊθ.o,tɪθo,tʊθo
tɪð.i,tʊð.i,tɪði,tʊði
tɪð.e,tʊð.e,tɪðe,tʊðe
tɪð.u,tʊð.u,tɪðu,tʊðu
tɪð.o,tʊð.o,tɪðo,tʊðo
kɪm.i,kʊm.i,kɪmi,kʊmi
kɪm.e,kʊm.e,kɪme,kʊme
kɪm.u,kʊm.u,kɪmu,kʊmu
kɪm.o,kʊm.o,kɪmo,kʊmo
kɪn.i,kʊn.i,kɪni,kʊni
kɪn.e,kʊn.e,kɪne,kʊne
kɪn.u,kʊn.u,kɪnu,kʊnu
kɪn.o,kʊn.o,kɪno,kʊno
kɪŋ.i,kʊŋ.i,kɪŋi,kʊŋi
kɪŋ.e,kʊŋ.e,kɪŋe,kʊŋe
kɪŋ.u,kʊŋ.u,kɪŋu,kʊŋu
kɪŋ.o,kʊŋ.o,kɪŋo,kʊŋo
kɪp.i,kʊp.i,kɪpi,kʊpi
kɪp.e,kʊp.e,kɪpe,kʊpe
kɪp.u,kʊp.u,kɪpu,kʊpu
kɪp.o,kʊp.o,kɪpo,kʊpo
kɪt.i,kʊt.i,kɪti,kʊti
kɪt.e,kʊt.e,kɪte,kʊte
kɪt.u,kʊt.u,kɪtu,kʊtu
kɪt.o,kʊt.o,kɪto,kʊto
kɪk.i,kʊk.i,kɪki,kʊki
kɪk.e,kʊk.e,kɪke,kʊke
kɪk.u,kʊk.u,kɪku,kʊku
kɪk.o,kʊk.o,kɪko,kʊko
kɪb.i,kʊb.i,kɪbi,kʊbi
kɪb.e,kʊb.e,kɪbe,kʊbe
kɪb.u,kʊb.u,kɪbu,kʊbu
kɪb.o,kʊb.o,kɪbo,kʊbo
kɪd.i,kʊd.i,kɪdi,kʊdi
kɪd.e,kʊd.e,kɪde,kʊde
kɪd.u,kʊd.u,kɪdu,kʊdu
kɪd.o,kʊd.o,kɪdo,kʊdo
kɪg.i,kʊg.i,kɪgi,kʊgi
kɪg.e,kʊg.e,kɪge,kʊge
kɪg.u,kʊg.u,kɪgu,kʊgu
kɪg.o,kʊg.o,kɪgo,kʊgo
kɪf.i,kʊf.i,kɪfi,kʊfi
kɪf.e,kʊf.e,kɪfe,kʊfe
kɪf.u,kʊf.u,kɪfu,kʊfu
kɪf.o,kʊf.o,kɪfo,kʊfo
kɪs.i,kʊs.i,kɪsi,kʊsi
kɪs.e,kʊs.e,kɪse,kʊse
kɪs.u,kʊs.u,kɪsu,kʊsu
kɪs.o,kʊs.o,kɪso,kʊso
kɪv.i,kʊv.i,kɪvi,kʊvi
kɪv.e,kʊv.e,kɪve,kʊve
kɪv.u,kʊv.u,kɪvu,kʊvu
kɪv.o,kʊv.o,kɪvo,kʊvo
kɪz.i,kʊz.i,kɪzi,kʊzi
kɪz.e,kʊz.e,kɪze,kʊze
kɪz.u,kʊz.u,kɪzu,kʊzu
kɪz.o,kʊz.o,kɪzo,kʊzo
kɪʃ.i,kʊʃ.i,kɪʃi,kʊʃi
kɪʃ.e,kʊʃ.e,kɪʃe,kʊʃe
kɪʃ.u,kʊʃ.u,kɪʃu,kʊʃu
kɪʃ.o,kʊʃ.o,kɪʃo,kʊʃo
kɪʒ.i,kʊʒ.i,kɪʒi,kʊʒi
kɪʒ.e,kʊʒ.e,kɪʒe,kʊʒe
kɪʒ.u,kʊʒ.u,kɪʒu,kʊʒu
kɪʒ.o,kʊʒ.o,kɪʒo,kʊʒo
kɪθ.i,kʊθ.i,kɪθi,kʊθi
kɪθ.e,kʊθ.e,kɪθe,kʊθe
kɪθ.u,kʊθ.u,kɪθu,kʊθu
kɪθ.o,kʊθ.o,kɪθo,kʊθo
kɪð.i,kʊð.i,kɪði,kʊði
kɪð.e,kʊð.e,kɪðe,kʊðe
kɪð.u,kʊð.u,kɪðu,kʊðu
kɪð.o,kʊð.o,kɪðo,kʊðo
bɪm.i,bʊm.i,bɪmi,bʊmi
bɪm.e,bʊm.e,bɪme,bʊme
bɪm.u,bʊm.u,bɪmu,bʊmu
bɪm.o,bʊm.o,bɪmo,bʊmo
bɪn.i,bʊn.i,bɪni,bʊni
bɪn.e,bʊn.e,bɪne,bʊne
bɪn.u,bʊn.u,bɪnu,bʊnu
bɪn.o,bʊn.o,bɪno,bʊno
bɪŋ.i,bʊŋ.i,bɪŋi,bʊŋi
bɪŋ.e,bʊŋ.e,bɪŋe,bʊŋe
bɪŋ.u,bʊŋ.u,bɪŋu,bʊŋu
bɪŋ.o,bʊŋ.o,bɪŋo,bʊŋo
bɪp.i,bʊp.i,bɪpi,bʊpi
bɪp.e,bʊp.e,bɪpe,bʊpe
bɪp.u,bʊp.u,bɪpu,bʊpu
bɪp.o,bʊp.o,bɪpo,bʊpo
bɪt.i,bʊt.i,bɪti,bʊti
bɪt.e,bʊt.e,bɪte,bʊte
bɪt.u,bʊt.u,bɪtu,bʊtu
bɪt.o,bʊt.o,bɪto,bʊto
bɪk.i,bʊk.i,bɪki,bʊki
bɪk.e,bʊk.e,bɪke,bʊke
bɪk.u,bʊk.u,bɪku,bʊku
bɪk.o,bʊk.o,bɪko,bʊko
bɪb.i,bʊb.i,bɪbi,bʊbi
bɪb.e,bʊb.e,bɪbe,bʊbe
bɪb.u,bʊb.u,bɪbu,bʊbu
bɪb.o,bʊb.o,bɪbo,bʊbo
bɪd.i,bʊd.i,bɪdi,bʊdi
bɪd.e,bʊd.e,bɪde,bʊde
bɪd.u,bʊd.u,bɪdu,bʊdu
bɪd.o,bʊd.o,bɪdo,bʊdo
bɪg.i,bʊg.i,bɪgi,bʊgi
bɪg.e,bʊg.e,bɪge,bʊge
bɪg.u,bʊg.u,bɪgu,bʊgu
bɪg.o,bʊg.o,bɪgo,bʊgo
bɪf.i,bʊf.i,bɪfi,bʊfi
bɪf.e,bʊf.e,bɪfe,bʊfe
bɪf.u,bʊf.u,bɪfu,bʊfu
bɪf.o,bʊf.o,bɪfo,bʊfo
bɪs.i,bʊs.i,bɪsi,bʊsi
bɪs.e,bʊs.e,bɪse,bʊse
bɪs.u,bʊs.u,bɪsu,bʊsu
bɪs.o,bʊs.o,bɪso,bʊso
bɪv.i,bʊv.i,bɪvi,bʊvi
bɪv.e,bʊv.e,bɪve,bʊve
bɪv.u,bʊv.u,bɪvu,bʊvu
bɪv.o,bʊv.o,bɪvo,bʊvo
bɪz.i,bʊz.i,bɪzi,bʊzi
bɪz.e,bʊz.e,bɪze,bʊze
bɪz.u,bʊz.u,bɪzu,bʊzu
bɪz.o,bʊz.o,bɪzo,bʊzo
bɪʃ.i,bʊʃ.i,bɪʃi,bʊʃi
bɪʃ.e,bʊʃ.e,bɪʃe,bʊʃe
bɪʃ.u,bʊʃ.u,bɪʃu,bʊʃu
bɪʃ.o,bʊʃ.o,bɪʃo,bʊʃo
bɪʒ.i,bʊʒ.i,bɪʒi,bʊʒi
bɪʒ.e,bʊʒ.e,bɪʒe,bʊʒe
bɪʒ.u,bʊʒ.u,bɪʒu,bʊʒu
bɪʒ.o,bʊʒ.o,bɪʒo,bʊʒo
bɪθ.i,bʊθ.i,bɪθi,bʊθi
bɪθ.e,bʊθ.e,bɪθe,bʊθe
bɪθ.u,bʊθ.u,bɪθu,bʊθu
bɪθ.o,bʊθ.o,bɪθo,bʊθo
bɪð.i,bʊð.i,bɪði,bʊði
bɪð.e,bʊð.e,bɪðe,bʊðe
bɪð.u,bʊð.u,bɪðu,bʊðu
bɪð.o,bʊð.o,bɪðo,bʊðo
dɪm.i,dʊm.i,dɪmi,dʊmi
dɪm.e,dʊm.e,dɪme,dʊme
dɪm.u,dʊm.u,dɪmu,dʊmu
dɪm.o,dʊm.o,dɪmo,dʊmo
dɪn.i,dʊn.i,dɪni,dʊni
dɪn.e,dʊn.e,dɪne,dʊne
dɪn.u,dʊn.u,dɪnu,dʊnu
dɪn.o,dʊn.o,dɪno,dʊno
dɪŋ.i,dʊŋ.i,dɪŋi,dʊŋi
dɪŋ.e,dʊŋ.e,dɪŋe,dʊŋe
dɪŋ.u,dʊŋ.u,dɪŋu,dʊŋu
dɪŋ.o,dʊŋ.o,dɪŋo,dʊŋo
dɪp.i,dʊp.i,dɪpi,dʊpi
dɪp.e,dʊp.e,dɪpe,dʊpe
dɪp.u,dʊp.u,dɪpu,dʊpu
dɪp.o,dʊp.o,dɪpo,dʊpo
dɪt.i,dʊt.i,dɪti,dʊti
dɪt.e,dʊt.e,dɪte,dʊte
dɪt.u,dʊt.u,dɪtu,dʊtu
dɪt.o,dʊt.o,dɪto,dʊto
dɪk.i,dʊk.i,dɪki,dʊki
dɪk.e,dʊk.e,dɪke,dʊke
dɪk.u,dʊk.u,dɪku,dʊku
dɪk.o,dʊk.o,dɪko,dʊko
dɪb.i,dʊb.i,dɪbi,dʊbi
dɪb.e,dʊb.e,dɪbe,dʊbe
dɪb.u,dʊb.u,dɪbu,dʊbu
dɪb.o,dʊb.o,dɪbo,dʊbo
dɪd.i,dʊd.i,dɪdi,dʊdi
dɪd.e,dʊd.e,dɪde,dʊde
dɪd.u,dʊd.u,dɪdu,dʊdu
dɪd.o,dʊd.o,dɪdo,dʊdo
dɪg.i,dʊg.i,dɪgi,dʊgi
dɪg.e,dʊg.e,dɪge,dʊge
dɪg.u,dʊg.u,dɪgu,dʊgu
dɪg.o,dʊg.o,dɪgo,dʊgo
dɪf.i,dʊf.i,dɪfi,dʊfi
dɪf.e,dʊf.e,dɪfe,dʊfe
dɪf.u,dʊf.u,dɪfu,dʊfu
dɪf.o,dʊf.o,dɪfo,dʊfo
dɪs.i,dʊs.i,dɪsi,dʊsi
dɪs.e,dʊs.e,dɪse,dʊse
dɪs.u,dʊs.u,dɪsu,dʊsu
dɪs.o,dʊs.o,dɪso,dʊso
dɪv.i,dʊv.i,dɪvi,dʊvi
dɪv.e,dʊv.e,dɪve,dʊve
dɪv.u,dʊv.u,dɪvu,dʊvu
dɪv.o,dʊv.o,dɪvo,dʊvo
dɪz.i,dʊz.i,dɪzi,dʊzi
dɪz.e,dʊz.e,dɪze,dʊze
dɪz.u,dʊz.u,dɪzu,dʊzu
dɪz.o,dʊz.o,dɪzo,dʊzo
dɪʃ.i,dʊʃ.i,dɪʃi,dʊʃi
dɪʃ.e,dʊʃ.e,dɪʃe,dʊʃe
dɪʃ.u,dʊʃ.u,dɪʃu,dʊʃu
dɪʃ.o,dʊʃ.o,dɪʃo,dʊʃo
dɪʒ.i,dʊʒ.i,dɪʒi,dʊʒi
dɪʒ.e,dʊʒ.e,dɪʒe,dʊʒe
dɪʒ.u,dʊʒ.u,dɪʒu,dʊʒu
dɪʒ.o,dʊʒ.o,dɪʒo,dʊʒo
dɪθ.i,dʊθ.i,dɪθi,dʊθi
dɪθ.e,dʊθ.e,dɪθe,dʊθe
dɪθ.u,dʊθ.u,dɪθu,dʊθu
dɪθ.o,dʊθ.o,dɪθo,dʊθo
dɪð.i,dʊð.i,dɪði,dʊði
dɪð.e,dʊð.e,dɪðe,dʊðe
dɪð.u,dʊð.u,dɪðu,dʊðu
dɪð.o,dʊð.o,dɪðo,dʊðo
gɪm.i,gʊm.i,gɪmi,gʊmi
gɪm.e,gʊm.e,gɪme,gʊme
gɪm.u,gʊm.u,gɪmu,gʊmu
gɪm.o,gʊm.o,gɪmo,gʊmo
gɪn.i,gʊn.i,gɪni,gʊni
gɪn.e,gʊn.e,gɪne,gʊne
gɪn.u,gʊn.u,gɪnu,gʊnu
gɪn.o,gʊn.o,gɪno,gʊno
gɪŋ.i,gʊŋ.i,gɪŋi,gʊŋi
gɪŋ.e,gʊŋ.e,gɪŋe,gʊŋe
gɪŋ.u,gʊŋ.u,gɪŋu,gʊŋu
gɪŋ.o,gʊŋ.o,gɪŋo,gʊŋo
gɪp.i,gʊp.i,gɪpi,gʊpi
gɪp.e,gʊp.e,gɪpe,gʊpe
gɪp.u,gʊp.u,gɪpu,gʊpu
gɪp.o,gʊp.o,gɪpo,gʊpo
gɪt.i,gʊt.i,gɪti,gʊti
gɪt.e,gʊt.e,gɪte,gʊte
gɪt.u,gʊt.u,gɪtu,gʊtu
gɪt.o,gʊt.o,gɪto,gʊto
gɪk.i,gʊk.i,gɪki,gʊki
gɪk.e,gʊk.e,gɪke,gʊke
gɪk.u,gʊk.u,gɪku,gʊku
gɪk.o,gʊk.o,gɪko,gʊko
gɪb.i,gʊb.i,gɪbi,gʊbi
gɪb.e,gʊb.e,gɪbe,gʊbe
gɪb.u,gʊb.u,gɪbu,gʊbu
gɪb.o,gʊb.o,gɪbo,gʊbo
gɪd.i,gʊd.i,gɪdi,gʊdi
gɪd.e,gʊd.e,gɪde,gʊde
gɪd.u,gʊd.u,gɪdu,gʊdu
gɪd.o,gʊd.o,gɪdo,gʊdo
gɪg.i,gʊg.i,gɪgi,gʊgi
gɪg.e,gʊg.e,gɪge,gʊge
gɪg.u,gʊg.u,gɪgu,gʊgu
gɪg.o,gʊg.o,gɪgo,gʊgo
gɪf.i,gʊf.i,gɪfi,gʊfi
gɪf.e,gʊf.e,gɪfe,gʊfe
gɪf.u,gʊf.u,gɪfu,gʊfu
gɪf.o,gʊf.o,gɪfo,gʊfo
gɪs.i,gʊs.i,gɪsi,gʊsi
gɪs.e,gʊs.e,gɪse,gʊse
gɪs.u,gʊs.u,gɪsu,gʊsu
gɪs.o,gʊs.o,gɪso,gʊso
gɪv.i,gʊv.i,gɪvi,gʊvi
gɪv.e,gʊv.e,gɪve,gʊve
gɪv.u,gʊv.u,gɪvu,gʊvu
gɪv.o,gʊv.o,gɪvo,gʊvo
gɪz.i,gʊz.i,gɪzi,gʊzi
gɪz.e,gʊz.e,gɪze,gʊze
gɪz.u,gʊz.u,gɪzu,gʊzu
gɪz.o,gʊz.o,gɪzo,gʊzo
gɪʃ.i,gʊʃ.i,gɪʃi,gʊʃi
gɪʃ.e,gʊʃ.e,gɪʃe,gʊʃe
gɪʃ.u,gʊʃ.u,gɪʃu,gʊʃu
gɪʃ.o,gʊʃ.o,gɪʃo,gʊʃo
gɪʒ.i,gʊʒ.i,gɪʒi,gʊʒi
gɪʒ.e,gʊʒ.e,gɪʒe,gʊʒe
gɪʒ.u,gʊʒ.u,gɪʒu,gʊʒu
gɪʒ.o,gʊʒ.o,gɪʒo,gʊʒo
gɪθ.i,gʊθ.i,gɪθi,gʊθi
gɪθ.e,gʊθ.e,gɪθe,gʊθe
gɪθ.u,gʊθ.u,gɪθu,gʊθu
gɪθ.o,gʊθ.o,gɪθo,gʊθo
gɪð.i,gʊð.i,gɪði,gʊði
gɪð.e,gʊð.e,gɪðe,gʊðe
gɪð.u,gʊð.u,gɪðu,gʊðu
gɪð.o,gʊð.o,gɪðo,gʊðo
fɪm.i,fʊm.i,fɪmi,fʊmi
fɪm.e,fʊm.e,fɪme,fʊme
fɪm.u,fʊm.u,fɪmu,fʊmu
fɪm.o,fʊm.o,fɪmo,fʊmo
fɪn.i,fʊn.i,fɪni,fʊni
fɪn.e,fʊn.e,fɪne,fʊne
fɪn.u,fʊn.u,fɪnu,fʊnu
fɪn.o,fʊn.o,fɪno,fʊno
fɪŋ.i,fʊŋ.i,fɪŋi,fʊŋi
fɪŋ.e,fʊŋ.e,fɪŋe,fʊŋe
fɪŋ.u,fʊŋ.u,fɪŋu,fʊŋu
fɪŋ.o,fʊŋ.o,fɪŋo,fʊŋo
fɪp.i,fʊp.i,fɪpi,fʊpi
fɪp.e,fʊp.e,fɪpe,fʊpe
fɪp.u,fʊp.u,fɪpu,fʊpu
fɪp.o,fʊp.o,fɪpo,fʊpo
fɪt.i,fʊt.i,fɪti,fʊti
fɪt.e,fʊt.e,fɪte,fʊte
fɪt.u,fʊt.u,fɪtu,fʊtu
fɪt.o,fʊt.o,fɪto,fʊto
fɪk.i,fʊk.i,fɪki,fʊki
fɪk.e,fʊk.e,fɪke,fʊke
fɪk.u,fʊk.u,fɪku,fʊku
fɪk.o,fʊk.o,fɪko,fʊko
fɪb.i,fʊb.i,fɪbi,fʊbi
fɪb.e,fʊb.e,fɪbe,fʊbe
fɪb.u,fʊb.u,fɪbu,fʊbu
fɪb.o,fʊb.o,fɪbo,fʊbo
fɪd.i,fʊd.i,fɪdi,fʊdi
fɪd.e,fʊd.e,fɪde,fʊde
fɪd.u,fʊd.u,fɪdu,fʊdu
fɪd.o,fʊd.o,fɪdo,fʊdo
fɪg.i,fʊg.i,fɪgi,fʊgi
fɪg.e,fʊg.e,fɪge,fʊge
fɪg.u,fʊg.u,fɪgu,fʊgu
fɪg.o,fʊg.o,fɪgo,fʊgo
fɪf.i,fʊf.i,fɪfi,fʊfi
fɪf.e,fʊf.e,fɪfe,fʊfe
fɪf.u,fʊf.u,fɪfu,fʊfu
fɪf.o,fʊf.o,fɪfo,fʊfo
fɪs.i,fʊs.i,fɪsi,fʊsi
fɪs.e,fʊs.e,fɪse,fʊse
fɪs.u,fʊs.u,fɪsu,fʊsu
fɪs.o,fʊs.o,fɪso,fʊso
fɪv.i,fʊv.i,fɪvi,fʊvi
fɪv.e,fʊv.e,fɪve,fʊve
fɪv.u,fʊv.u,fɪvu,fʊvu
fɪv.o,fʊv.o,fɪvo,fʊvo
fɪz.i,fʊz.i,fɪzi,fʊzi
fɪz.e,fʊz.e,fɪze,fʊze
fɪz.u,fʊz.u,fɪzu,fʊzu
fɪz.o,fʊz.o,fɪzo,fʊzo
fɪʃ.i,fʊʃ.i,fɪʃi,fʊʃi
fɪʃ.e,fʊʃ.e,fɪʃe,fʊʃe
fɪʃ.u,fʊʃ.u,fɪʃu,fʊʃu
fɪʃ.o,fʊʃ.o,fɪʃo,fʊʃo
fɪʒ.i,fʊʒ.i,fɪʒi,fʊʒi
fɪʒ.e,fʊʒ.e,fɪʒe,fʊʒe
fɪʒ.u,fʊʒ.u,fɪʒu,fʊʒu
fɪʒ.o,fʊʒ.o,fɪʒo,fʊʒo
fɪθ.i,fʊθ.i,fɪθi,fʊθi
fɪθ.e,fʊθ.e,fɪθe,fʊθe
fɪθ.u,fʊθ.u,fɪθu,fʊθu
fɪθ.o,fʊθ.o,fɪθo,fʊθo
fɪð.i,fʊð.i,fɪði,fʊði
fɪð.e,fʊð.e,fɪðe,fʊðe
fɪð.u,fʊð.u,fɪðu,fʊðu
fɪð.o,fʊð.o,fɪðo,fʊðo
sɪm.i,sʊm.i,sɪmi,sʊmi
sɪm.e,sʊm.e,sɪme,sʊme
sɪm.u,sʊm.u,sɪmu,sʊmu
sɪm.o,sʊm.o,sɪmo,sʊmo
sɪn.i,sʊn.i,sɪni,sʊni
sɪn.e,sʊn.e,sɪne,sʊne
sɪn.u,sʊn.u,sɪnu,sʊnu
sɪn.o,sʊn.o,sɪno,sʊno
sɪŋ.i,sʊŋ.i,sɪŋi,sʊŋi
sɪŋ.e,sʊŋ.e,sɪŋe,sʊŋe
sɪŋ.u,sʊŋ.u,sɪŋu,sʊŋu
sɪŋ.o,sʊŋ.o,sɪŋo,sʊŋo
sɪp.i,sʊp.i,sɪpi,sʊpi
sɪp.e,sʊp.e,sɪpe,sʊpe
sɪp.u,sʊp.u,sɪpu,sʊpu
sɪp.o,sʊp.o,sɪpo,sʊpo
sɪt.i,sʊt.i,sɪti,sʊti
sɪt.e,sʊt.e,sɪte,sʊte
sɪt.u,sʊt.u,sɪtu,sʊtu
sɪt.o,sʊt.o,sɪto,sʊto
sɪk.i,sʊk.i,sɪki,sʊki
sɪk.e,sʊk.e,sɪke,sʊke
sɪk.u,sʊk.u,sɪku,sʊku
sɪk.o,sʊk.o,sɪko,sʊko
sɪb.i,sʊb.i,sɪbi,sʊbi
sɪb.e,sʊb.e,sɪbe,sʊbe
sɪb.u,sʊb.u,sɪbu,sʊbu
sɪb.o,sʊb.o,sɪbo,sʊbo
sɪd.i,sʊd.i,sɪdi,sʊdi
sɪd.e,sʊd.e,sɪde,sʊde
sɪd.u,sʊd.u,sɪdu,sʊdu
sɪd.o,sʊd.o,sɪdo,sʊdo
sɪg.i,sʊg.i,sɪgi,sʊgi
sɪg.e,sʊg.e,sɪge,sʊge
sɪg.u,sʊg.u,sɪgu,sʊgu
sɪg.o,sʊg.o,sɪgo,sʊgo
sɪf.i,sʊf.i,sɪfi,sʊfi
sɪf.e,sʊf.e,sɪfe,sʊfe
sɪf.u,sʊf.u,sɪfu,sʊfu
sɪf.o,sʊf.o,sɪfo,sʊfo
sɪs.i,sʊs.i,sɪsi,sʊsi
sɪs.e,sʊs.e,sɪse,sʊse
sɪs.u,sʊs.u,sɪsu,sʊsu
sɪs.o,sʊs.o,sɪso,sʊso
sɪv.i,sʊv.i,sɪvi,sʊvi
sɪv.e,sʊv.e,sɪve,sʊve
sɪv.u,sʊv.u,sɪvu,sʊvu
sɪv.o,sʊv.o,sɪvo,sʊvo
sɪz.i,sʊz.i,sɪzi,sʊzi
sɪz.e,sʊz.e,sɪze,sʊze
sɪz.u,sʊz.u,sɪzu,sʊzu
sɪz.o,sʊz.o,sɪzo,sʊzo
sɪʃ.i,sʊʃ.i,sɪʃi,sʊʃi
sɪʃ.e,sʊʃ.e,sɪʃe,sʊʃe
sɪʃ.u,sʊʃ.u,sɪʃu,sʊʃu
sɪʃ.o,sʊʃ.o,sɪʃo,sʊʃo
sɪʒ.i,sʊʒ.i,sɪʒi,sʊʒi
sɪʒ.e,sʊʒ.e,sɪʒe,sʊʒe
sɪʒ.u,sʊʒ.u,sɪʒu,sʊʒu
sɪʒ.o,sʊʒ.o,sɪʒo,sʊʒo
sɪθ.i,sʊθ.i,sɪθi,sʊθi
sɪθ.e,sʊθ.e,sɪθe,sʊθe
sɪθ.u,sʊθ.u,sɪθu,sʊθu
sɪθ.o,sʊθ.o,sɪθo,sʊθo
sɪð.i,sʊð.i,sɪði,sʊði
sɪð.e,sʊð.e,sɪðe,sʊðe
sɪð.u,sʊð.u,sɪðu,sʊðu
sɪð.o,sʊð.o,sɪðo,sʊðo
vɪm.i,vʊm.i,vɪmi,vʊmi
vɪm.e,vʊm.e,vɪme,vʊme
vɪm.u,vʊm.u,vɪmu,vʊmu
vɪm.o,vʊm.o,vɪmo,vʊmo
vɪn.i,vʊn.i,vɪni,vʊni
vɪn.e,vʊn.e,vɪne,vʊne
vɪn.u,vʊn.u,vɪnu,vʊnu
vɪn.o,vʊn.o,vɪno,vʊno
vɪŋ.i,vʊŋ.i,vɪŋi,vʊŋi
vɪŋ.e,vʊŋ.e,vɪŋe,vʊŋe
vɪŋ.u,vʊŋ.u,vɪŋu,vʊŋu
vɪŋ.o,vʊŋ.o,vɪŋo,vʊŋo
vɪp.i,vʊp.i,vɪpi,vʊpi
vɪp.e,vʊp.e,vɪpe,vʊpe
vɪp.u,vʊp.u,vɪpu,vʊpu
vɪp.o,vʊp.o,vɪpo,vʊpo
vɪt.i,vʊt.i,vɪti,vʊti
vɪt.e,vʊt.e,vɪte,vʊte
vɪt.u,vʊt.u,vɪtu,vʊtu
vɪt.o,vʊt.o,vɪto,vʊto
vɪk.i,vʊk.i,vɪki,vʊki
vɪk.e,vʊk.e,vɪke,vʊke
vɪk.u,vʊk.u,vɪku,vʊku
vɪk.o,vʊk.o,vɪko,vʊko
vɪb.i,vʊb.i,vɪbi,vʊbi
vɪb.e,vʊb.e,vɪbe,vʊbe
vɪb.u,vʊb.u,vɪbu,vʊbu
vɪb.o,vʊb.o,vɪbo,vʊbo
vɪd.i,vʊd.i,vɪdi,vʊdi
vɪd.e,vʊd.e,vɪde,vʊde
vɪd.u,vʊd.u,vɪdu,vʊdu
vɪd.o,vʊd.o,vɪdo,vʊdo
vɪg.i,vʊg.i,vɪgi,vʊgi
vɪg.e,vʊg.e,vɪge,vʊge
vɪg.u,vʊg.u,vɪgu,vʊgu
vɪg.o,vʊg.o,vɪgo,vʊgo
vɪf.i,vʊf.i,vɪfi,vʊfi
vɪf.e,vʊf.e,vɪfe,vʊfe
vɪf.u,vʊf.u,vɪfu,vʊfu
vɪf.o,vʊf.o,vɪfo,vʊfo
vɪs.i,vʊs.i,vɪsi,vʊsi
vɪs.e,vʊs.e,vɪse,vʊse
vɪs.u,vʊs.u,vɪsu,vʊsu
vɪs.o,vʊs.o,vɪso,vʊso
vɪv.i,vʊv.i,vɪvi,vʊvi
vɪv.e,vʊv.e,vɪve,vʊve
vɪv.u,vʊv.u,vɪvu,vʊvu
vɪv.o,vʊv.o,vɪvo,vʊvo
vɪz.i,vʊz.i,vɪzi,vʊzi
vɪz.e,vʊz.e,vɪze,vʊze
vɪz.u,vʊz.u,vɪzu,vʊzu
vɪz.o,vʊz.o,vɪzo,vʊzo
vɪʃ.i,vʊʃ.i,vɪʃi,vʊʃi
vɪʃ.e,vʊʃ.e,vɪʃe,vʊʃe
vɪʃ.u,vʊʃ.u,vɪʃu,vʊʃu
vɪʃ.o,vʊʃ.o,vɪʃo,vʊʃo
vɪʒ.i,vʊʒ.i,vɪʒi,vʊʒi
vɪʒ.e,vʊʒ.e,vɪʒe,vʊʒe
vɪʒ.u,vʊʒ.u,vɪʒu,vʊʒu
vɪʒ.o,vʊʒ.o,vɪʒo,vʊʒo
vɪθ.i,vʊθ.i,vɪθi,vʊθi
vɪθ.e,vʊθ.e,vɪθe,vʊθe
vɪθ.u,vʊθ.u,vɪθu,vʊθu
vɪθ.o,vʊθ.o,vɪθo,vʊθo
vɪð.i,vʊð.i,vɪði,vʊði
vɪð.e,vʊð.e,vɪðe,vʊðe
vɪð.u,vʊð.u,vɪðu,vʊðu
vɪð.o,vʊð.o,vɪðo,vʊðo
zɪm.i,zʊm.i,zɪmi,zʊmi
zɪm.e,zʊm.e,zɪme,zʊme
zɪm.u,zʊm.u,zɪmu,zʊmu
zɪm.o,zʊm.o,zɪmo,zʊmo
zɪn.i,zʊn.i,zɪni,zʊni
zɪn.e,zʊn.e,zɪne,zʊne
zɪn.u,zʊn.u,zɪnu,zʊnu
zɪn.o,zʊn.o,zɪno,zʊno
zɪŋ.i,zʊŋ.i,zɪŋi,zʊŋi
zɪŋ.e,zʊŋ.e,zɪŋe,zʊŋe
zɪŋ.u,zʊŋ.u,zɪŋu,zʊŋu
zɪŋ.o,zʊŋ.o,zɪŋo,zʊŋo
zɪp.i,zʊp.i,zɪpi,zʊpi
zɪp.e,zʊp.e,zɪpe,zʊpe
zɪp.u,zʊp.u,zɪpu,zʊpu
zɪp.o,zʊp.o,zɪpo,zʊpo
zɪt.i,zʊt.i,zɪti,zʊti
zɪt.e,zʊt.e,zɪte,zʊte
zɪt.u,zʊt.u,zɪtu,zʊtu
zɪt.o,zʊt.o,zɪto,zʊto
zɪk.i,zʊk.i,zɪki,zʊki
zɪk.e,zʊk.e,zɪke,zʊke
zɪk.u,zʊk.u,zɪku,zʊku
zɪk.o,zʊk.o,zɪko,zʊko
zɪb.i,zʊb.i,zɪbi,zʊbi
zɪb.e,zʊb.e,zɪbe,zʊbe
zɪb.u,zʊb.u,zɪbu,zʊbu
zɪb.o,zʊb.o,zɪbo,zʊbo
zɪd.i,zʊd.i,zɪdi,zʊdi
zɪd.e,zʊd.e,zɪde,zʊde
zɪd.u,zʊd.u,zɪdu,zʊdu
zɪd.o,zʊd.o,zɪdo,zʊdo
zɪg.i,zʊg.i,zɪgi,zʊgi
zɪg.e,zʊg.e,zɪge,zʊge
zɪg.u,zʊg.u,zɪgu,zʊgu
zɪg.o,zʊg.o,zɪgo,zʊgo
zɪf.i,zʊf.i,zɪfi,zʊfi
zɪf.e,zʊf.e,zɪfe,zʊfe
zɪf.u,zʊf.u,zɪfu,zʊfu
zɪf.o,zʊf.o,zɪfo,zʊfo
zɪs.i,zʊs.i,zɪsi,zʊsi
zɪs.e,zʊs.e,zɪse,zʊse
zɪs.u,zʊs.u,zɪsu,zʊsu
zɪs.o,zʊs.o,zɪso,zʊso
zɪv.i,zʊv.i,zɪvi,zʊvi
zɪv.e,zʊv.e,zɪve,zʊve
zɪv.u,zʊv.u,zɪvu,zʊvu
zɪv.o,zʊv.o,zɪvo,zʊvo
zɪz.i,zʊz.i,zɪzi,zʊzi
zɪz.e,zʊz.e,zɪze,zʊze
zɪz.u,zʊz.u,zɪzu,zʊzu
zɪz.o,zʊz.o,zɪzo,zʊzo
zɪʃ.i,zʊʃ.i,zɪʃi,zʊʃi
zɪʃ.e,zʊʃ.e,zɪʃe,zʊʃe
zɪʃ.u,zʊʃ.u,zɪʃu,zʊʃu
zɪʃ.o,zʊʃ.o,zɪʃo,zʊʃo
zɪʒ.i,zʊʒ.i,zɪʒi,zʊʒi
zɪʒ.e,zʊʒ.e,zɪʒe,zʊʒe
zɪʒ.u,zʊʒ.u,zɪʒu,zʊʒu
zɪʒ.o,zʊʒ.o,zɪʒo,zʊʒo
zɪθ.i,zʊθ.i,zɪθi,zʊθi
zɪθ.e,zʊθ.e,zɪθe,zʊθe
zɪθ.u,zʊθ.u,zɪθu,zʊθu
zɪθ.o,zʊθ.o,zɪθo,zʊθo
zɪð.i,zʊð.i,zɪði,zʊði
zɪð.e,zʊð.e,zɪðe,zʊðe
zɪð.u,zʊð.u,zɪðu,zʊðu
zɪð.o,zʊð.o,zɪðo,zʊðo
ʃɪm.i,ʃʊm.i,ʃɪmi,ʃʊmi
ʃɪm.e,ʃʊm.e,ʃɪme,ʃʊme
ʃɪm.u,ʃʊm.u,ʃɪmu,ʃʊmu
ʃɪm.o,ʃʊm.o,ʃɪmo,ʃʊmo
ʃɪn.i,ʃʊn.i,ʃɪni,ʃʊni
ʃɪn.e,ʃʊn.e,ʃɪne,ʃʊne
ʃɪn.u,ʃʊn.u,ʃɪnu,ʃʊnu
ʃɪn.o,ʃʊn.o,ʃɪno,ʃʊno
ʃɪŋ.i,ʃʊŋ.i,ʃɪŋi,ʃʊŋi
ʃɪŋ.e,ʃʊŋ.e,ʃɪŋe,ʃʊŋe
ʃɪŋ.u,ʃʊŋ.u,ʃɪŋu,ʃʊŋu
ʃɪŋ.o,ʃʊŋ.o,ʃɪŋo,ʃʊŋo
ʃɪp.i,ʃʊp.i,ʃɪpi,ʃʊpi
ʃɪp.e,ʃʊp.e,ʃɪpe,ʃʊpe
ʃɪp.u,ʃʊp.u,ʃɪpu,ʃʊpu
ʃɪp.o,ʃʊp.o,ʃɪpo,ʃʊpo
ʃɪt.i,ʃʊt.i,ʃɪti,ʃʊti
ʃɪt.e,ʃʊt.e,ʃɪte,ʃʊte
ʃɪt.u,ʃʊt.u,ʃɪtu,ʃʊtu
ʃɪt.o,ʃʊt.o,ʃɪto,ʃʊto
ʃɪk.i,ʃʊk.i,ʃɪki,ʃʊki
ʃɪk.e,ʃʊk.e,ʃɪke,ʃʊke
ʃɪk.u,ʃʊk.u,ʃɪku,ʃʊku
ʃɪk.o,ʃʊk.o,ʃɪko,ʃʊko
ʃɪb.i,ʃʊb.i,ʃɪbi,ʃʊbi
ʃɪb.e,ʃʊb.e,ʃɪbe,ʃʊbe
ʃɪb.u,ʃʊb.u,ʃɪbu,ʃʊbu
ʃɪb.o,ʃʊb.o,ʃɪbo,ʃʊbo
ʃɪd.i,ʃʊd.i,ʃɪdi,ʃʊdi
ʃɪd.e,ʃʊd.e,ʃɪde,ʃʊde
ʃɪd.u,ʃʊd.u,ʃɪdu,ʃʊdu
ʃɪd.o,ʃʊd.o,ʃɪdo,ʃʊdo
ʃɪg.i,ʃʊg.i,ʃɪgi,ʃʊgi
ʃɪg.e,ʃʊg.e,ʃɪge,ʃʊge
ʃɪg.u,ʃʊg.u,ʃɪgu,ʃʊgu
ʃɪg.o,ʃʊg.o,ʃɪgo,ʃʊgo
ʃɪf.i,ʃʊf.i,ʃɪfi,ʃʊfi
ʃɪf.e,ʃʊf.e,ʃɪfe,ʃʊfe
ʃɪf.u,ʃʊf.u,ʃɪfu,ʃʊfu
ʃɪf.o,ʃʊf.o,ʃɪfo,ʃʊfo
ʃɪs.i,ʃʊs.i,ʃɪsi,ʃʊsi
ʃɪs.e,ʃʊs.e,ʃɪse,ʃʊse
ʃɪs.u,ʃʊs.u,ʃɪsu,ʃʊsu
ʃɪs.o,ʃʊs.o,ʃɪso,ʃʊso
ʃɪv.i,ʃʊv.i,ʃɪvi,ʃʊvi
ʃɪv.e,ʃʊv.e,ʃɪve,ʃʊve
ʃɪv.u,ʃʊv.u,ʃɪvu,ʃʊvu
ʃɪv.o,ʃʊv.o,ʃɪvo,ʃʊvo
ʃɪz.i,ʃʊz.i,ʃɪzi,ʃʊzi
ʃɪz.e,ʃʊz.e,ʃɪze,ʃʊze
ʃɪz.u,ʃʊz.u,ʃɪzu,ʃʊzu
ʃɪz.o,ʃʊz.o,ʃɪzo,ʃʊzo
ʃɪʃ.i,ʃʊʃ.i,ʃɪʃi,ʃʊʃi
ʃɪʃ.e,ʃʊʃ.e,ʃɪʃe,ʃʊʃe
ʃɪʃ.u,ʃʊʃ.u,ʃɪʃu,ʃʊʃu
ʃɪʃ.o,ʃʊʃ.o,ʃɪʃo,ʃʊʃo
ʃɪʒ.i,ʃʊʒ.i,ʃɪʒi,ʃʊʒi
ʃɪʒ.e,ʃʊʒ.e,ʃɪʒe,ʃʊʒe
ʃɪʒ.u,ʃʊʒ.u,ʃɪʒu,ʃʊʒu
ʃɪʒ.o,ʃʊʒ.o,ʃɪʒo,ʃʊʒo
ʃɪθ.i,ʃʊθ.i,ʃɪθi,ʃʊθi
ʃɪθ.e,ʃʊθ.e,ʃɪθe,ʃʊθe
ʃɪθ.u,ʃʊθ.u,ʃɪθu,ʃʊθu
ʃɪθ.o,ʃʊθ.o,ʃɪθo,ʃʊθo
ʃɪð.i,ʃʊð.i,ʃɪði,ʃʊði
ʃɪð.e,ʃʊð.e,ʃɪðe,ʃʊðe
ʃɪð.u,ʃʊð.u,ʃɪðu,ʃʊðu
ʃɪð.o,ʃʊð.o,ʃɪðo,ʃʊðo
ʒɪm.i,ʒʊm.i,ʒɪmi,ʒʊmi
ʒɪm.e,ʒʊm.e,ʒɪme,ʒʊme
ʒɪm.u,ʒʊm.u,ʒɪmu,ʒʊmu
ʒɪm.o,ʒʊm.o,ʒɪmo,ʒʊmo
ʒɪn.i,ʒʊn.i,ʒɪni,ʒʊni
ʒɪn.e,ʒʊn.e,ʒɪne,ʒʊne
ʒɪn.u,ʒʊn.u,ʒɪnu,ʒʊnu
ʒɪn.o,ʒʊn.o,ʒɪno,ʒʊno
ʒɪŋ.i,ʒʊŋ.i,ʒɪŋi,ʒʊŋi
ʒɪŋ.e,ʒʊŋ.e,ʒɪŋe,ʒʊŋe
ʒɪŋ.u,ʒʊŋ.u,ʒɪŋu,ʒʊŋu
ʒɪŋ.o,ʒʊŋ.o,ʒɪŋo,ʒʊŋo
ʒɪp.i,ʒʊp.i,ʒɪpi,ʒʊpi
ʒɪp.e,ʒʊp.e,ʒɪpe,ʒʊpe
ʒɪp.u,ʒʊp.u,ʒɪpu,ʒʊpu
ʒɪp.o,ʒʊp.o,ʒɪpo,ʒʊpo
ʒɪt.i,ʒʊt.i,ʒɪti,ʒʊti
ʒɪt.e,ʒʊt.e,ʒɪte,ʒʊte
ʒɪt.u,ʒʊt.u,ʒɪtu,ʒʊtu
ʒɪt.o,ʒʊt.o,ʒɪto,ʒʊto
ʒɪk.i,ʒʊk.i,ʒɪki,ʒʊki
ʒɪk.e,ʒʊk.e,ʒɪke,ʒʊke
ʒɪk.u,ʒʊk.u,ʒɪku,ʒʊku
ʒɪk.o,ʒʊk.o,ʒɪko,ʒʊko
ʒɪb.i,ʒʊb.i,ʒɪbi,ʒʊbi
ʒɪb.e,ʒʊb.e,ʒɪbe,ʒʊbe
ʒɪb.u,ʒʊb.u,ʒɪbu,ʒʊbu
ʒɪb.o,ʒʊb.o,ʒɪbo,ʒʊbo
ʒɪd.i,ʒʊd.i,ʒɪdi,ʒʊdi
ʒɪd.e,ʒʊd.e,ʒɪde,ʒʊde
ʒɪd.u,ʒʊd.u,ʒɪdu,ʒʊdu
ʒɪd.o,ʒʊd.o,ʒɪdo,ʒʊdo
ʒɪg.i,ʒʊg.i,ʒɪgi,ʒʊgi
ʒɪg.e,ʒʊg.e,ʒɪge,ʒʊge
ʒɪg.u,ʒʊg.u,ʒɪgu,ʒʊgu
ʒɪg.o,ʒʊg.o,ʒɪgo,ʒʊgo
ʒɪf.i,ʒʊf.i,ʒɪfi,ʒʊfi
ʒɪf.e,ʒʊf.e,ʒɪfe,ʒʊfe
ʒɪf.u,ʒʊf.u,ʒɪfu,ʒʊfu
ʒɪf.o,ʒʊf.o,ʒɪfo,ʒʊfo
ʒɪs.i,ʒʊs.i,ʒɪsi,ʒʊsi
ʒɪs.e,ʒʊs.e,ʒɪse,ʒʊse
ʒɪs.u,ʒʊs.u,ʒɪsu,ʒʊsu
ʒɪs.o,ʒʊs.o,ʒɪso,ʒʊso
ʒɪv.i,ʒʊv.i,ʒɪvi,ʒʊvi
ʒɪv.e,ʒʊv.e,ʒɪve,ʒʊve
ʒɪv.u,ʒʊv.u,ʒɪvu,ʒʊvu
ʒɪv.o,ʒʊv.o,ʒɪvo,ʒʊvo
ʒɪz.i,ʒʊz.i,ʒɪzi,ʒʊzi
ʒɪz.e,ʒʊz.e,ʒɪze,ʒʊze
ʒɪz.u,ʒʊz.u,ʒɪzu,ʒʊzu
ʒɪz.o,ʒʊz.o,ʒɪzo,ʒʊzo
ʒɪʃ.i,ʒʊʃ.i,ʒɪʃi,ʒʊʃi
ʒɪʃ.e,ʒʊʃ.e,ʒɪʃe,ʒʊʃe
ʒɪʃ.u,ʒʊʃ.u,ʒɪʃu,ʒʊʃu
ʒɪʃ.o,ʒʊʃ.o,ʒɪʃo,ʒʊʃo
ʒɪʒ.i,ʒʊʒ.i,ʒɪʒi,ʒʊʒi
ʒɪʒ.e,ʒʊʒ.e,ʒɪʒe,ʒʊʒe
ʒɪʒ.u,ʒʊʒ.u,ʒɪʒu,ʒʊʒu
ʒɪʒ.o,ʒʊʒ.o,ʒɪʒo,ʒʊʒo
ʒɪθ.i,ʒʊθ.i,ʒɪθi,ʒʊθi
ʒɪθ.e,ʒʊθ.e,ʒɪθe,ʒʊθe
ʒɪθ.u,ʒʊθ.u,ʒɪθu,ʒʊθu
ʒɪθ.o,ʒʊθ.o,ʒɪθo,ʒʊθo
ʒɪð.i,ʒʊð.i,ʒɪði,ʒʊði
ʒɪð.e,ʒʊð.e,ʒɪðe,ʒʊðe
ʒɪð.u,ʒʊð.u,ʒɪðu,ʒʊðu
ʒɪð.o,ʒʊð.o,ʒɪðo,ʒʊðo
θɪm.i,θʊm.i,θɪmi,θʊmi
θɪm.e,θʊm.e,θɪme,θʊme
θɪm.u,θʊm.u,θɪmu,θʊmu
θɪm.o,θʊm.o,θɪmo,θʊmo
θɪn.i,θʊn.i,θɪni,θʊni
θɪn.e,θʊn.e,θɪne,θʊne
θɪn.u,θʊn.u,θɪnu,θʊnu
θɪn.o,θʊn.o,θɪno,θʊno
θɪŋ.i,θʊŋ.i,θɪŋi,θʊŋi
θɪŋ.e,θʊŋ.e,θɪŋe,θʊŋe
θɪŋ.u,θʊŋ.u,θɪŋu,θʊŋu
θɪŋ.o,θʊŋ.o,θɪŋo,θʊŋo
θɪp.i,θʊp.i,θɪpi,θʊpi
θɪp.e,θʊp.e,θɪpe,θʊpe
θɪp.u,θʊp.u,θɪpu,θʊpu
θɪp.o,θʊp.o,θɪpo,θʊpo
θɪt.i,θʊt.i,θɪti,θʊti
θɪt.e,θʊt.e,θɪte,θʊte
θɪt.u,θʊt.u,θɪtu,θʊtu
θɪt.o,θʊt.o,θɪto,θʊto
θɪk.i,θʊk.i,θɪki,θʊki
θɪk.e,θʊk.e,θɪke,θʊke
θɪk.u,θʊk.u,θɪku,θʊku
θɪk.o,θʊk.o,θɪko,θʊko
θɪb.i,θʊb.i,θɪbi,θʊbi
θɪb.e,θʊb.e,θɪbe,θʊbe
θɪb.u,θʊb.u,θɪbu,θʊbu
θɪb.o,θʊb.o,θɪbo,θʊbo
θɪd.i,θʊd.i,θɪdi,θʊdi
θɪd.e,θʊd.e,θɪde,θʊde
θɪd.u,θʊd.u,θɪdu,θʊdu
θɪd.o,θʊd.o,θɪdo,θʊdo
θɪg.i,θʊg.i,θɪgi,θʊgi
θɪg.e,θʊg.e,θɪge,θʊge
θɪg.u,θʊg.u,θɪgu,θʊgu
θɪg.o,θʊg.o,θɪgo,θʊgo
θɪf.i,θʊf.i,θɪfi,θʊfi
θɪf.e,θʊf.e,θɪfe,θʊfe
θɪf.u,θʊf.u,θɪfu,θʊfu
θɪf.o,θʊf.o,θɪfo,θʊfo
θɪs.i,θʊs.i,θɪsi,θʊsi
θɪs.e,θʊs.e,θɪse,θʊse
θɪs.u,θʊs.u,θɪsu,θʊsu
θɪs.o,θʊs.o,θɪso,θʊso
θɪv.i,θʊv.i,θɪvi,θʊvi
θɪv.e,θʊv.e,θɪve,θʊve
θɪv.u,θʊv.u,θɪvu,θʊvu
θɪv.o,θʊv.o,θɪvo,θʊvo
θɪz.i,θʊz.i,θɪzi,θʊzi
θɪz.e,θʊz.e,θɪze,θʊze
θɪz.u,θʊz.u,θɪzu,θʊzu
θɪz.o,θʊz.o,θɪzo,θʊzo
θɪʃ.i,θʊʃ.i,θɪʃi,θʊʃi
θɪʃ.e,θʊʃ.e,θɪʃe,θʊʃe
θɪʃ.u,θʊʃ.u,θɪʃu,θʊʃu
θɪʃ.o,θʊʃ.o,θɪʃo,θʊʃo
θɪʒ.i,θʊʒ.i,θɪʒi,θʊʒi
θɪʒ.e,θʊʒ.e,θɪʒe,θʊʒe
θɪʒ.u,θʊʒ.u,θɪʒu,θʊʒu
θɪʒ.o,θʊʒ.o,θɪʒo,θʊʒo
θɪθ.i,θʊθ.i,θɪθi,θʊθi
θɪθ.e,θʊθ.e,θɪθe,θʊθe
θɪθ.u,θʊθ.u,θɪθu,θʊθu
θɪθ.o,θʊθ.o,θɪθo,θʊθo
θɪð.i,θʊð.i,θɪði,θʊði
θɪð.e,θʊð.e,θɪðe,θʊðe
θɪð.u,θʊð.u,θɪðu,θʊðu
θɪð.o,θʊð.o,θɪðo,θʊðo
ðɪm.i,ðʊm.i,ðɪmi,ðʊmi
ðɪm.e,ðʊm.e,ðɪme,ðʊme
ðɪm.u,ðʊm.u,ðɪmu,ðʊmu
ðɪm.o,ðʊm.o,ðɪmo,ðʊmo
ðɪn.i,ðʊn.i,ðɪni,ðʊni
ðɪn.e,ðʊn.e,ðɪne,ðʊne
ðɪn.u,ðʊn.u,ðɪnu,ðʊnu
ðɪn.o,ðʊn.o,ðɪno,ðʊno
ðɪŋ.i,ðʊŋ.i,ðɪŋi,ðʊŋi
ðɪŋ.e,ðʊŋ.e,ðɪŋe,ðʊŋe
ðɪŋ.u,ðʊŋ.u,ðɪŋu,ðʊŋu
ðɪŋ.o,ðʊŋ.o,ðɪŋo,ðʊŋo
ðɪp.i,ðʊp.i,ðɪpi,ðʊpi
ðɪp.e,ðʊp.e,ðɪpe,ðʊpe
ðɪp.u,ðʊp.u,ðɪpu,ðʊpu
ðɪp.o,ðʊp.o,ðɪpo,ðʊpo
ðɪt.i,ðʊt.i,ðɪti,ðʊti
ðɪt.e,ðʊt.e,ðɪte,ðʊte
ðɪt.u,ðʊt.u,ðɪtu,ðʊtu
ðɪt.o,ðʊt.o,ðɪto,ðʊto
ðɪk.i,ðʊk.i,ðɪki,ðʊki
ðɪk.e,ðʊk.e,ðɪke,ðʊke
ðɪk.u,ðʊk.u,ðɪku,ðʊku
ðɪk.o,ðʊk.o,ðɪko,ðʊko
ðɪb.i,ðʊb.i,ðɪbi,ðʊbi
ðɪb.e,ðʊb.e,ðɪbe,ðʊbe
ðɪb.u,ðʊb.u,ðɪbu,ðʊbu
ðɪb.o,ðʊb.o,ðɪbo,ðʊbo
ðɪd.i,ðʊd.i,ðɪdi,ðʊdi
ðɪd.e,ðʊd.e,ðɪde,ðʊde
ðɪd.u,ðʊd.u,ðɪdu,ðʊdu
ðɪd.o,ðʊd.o,ðɪdo,ðʊdo
ðɪg.i,ðʊg.i,ðɪgi,ðʊgi
ðɪg.e,ðʊg.e,ðɪge,ðʊge
ðɪg.u,ðʊg.u,ðɪgu,ðʊgu
ðɪg.o,ðʊg.o,ðɪgo,ðʊgo
ðɪf.i,ðʊf.i,ðɪfi,ðʊfi
ðɪf.e,ðʊf.e,ðɪfe,ðʊfe
ðɪf.u,ðʊf.u,ðɪfu,ðʊfu
ðɪf.o,ðʊf.o,ðɪfo,ðʊfo
ðɪs.i,ðʊs.i,ðɪsi,ðʊsi
ðɪs.e,ðʊs.e,ðɪse,ðʊse
ðɪs.u,ðʊs.u,ðɪsu,ðʊsu
ðɪs.o,ðʊs.o,ðɪso,ðʊso
ðɪv.i,ðʊv.i,ðɪvi,ðʊvi
ðɪv.e,ðʊv.e,ðɪve,ðʊve
ðɪv.u,ðʊv.u,ðɪvu,ðʊvu
ðɪv.o,ðʊv.o,ðɪvo,ðʊvo
ðɪz.i,ðʊz.i,ðɪzi,ðʊzi
ðɪz.e,ðʊz.e,ðɪze,ðʊze
ðɪz.u,ðʊz.u,ðɪzu,ðʊzu
ðɪz.o,ðʊz.o,ðɪzo,ðʊzo
ðɪʃ.i,ðʊʃ.i,ðɪʃi,ðʊʃi
ðɪʃ.e,ðʊʃ.e,ðɪʃe,ðʊʃe
ðɪʃ.u,ðʊʃ.u,ðɪʃu,ðʊʃu
ðɪʃ.o,ðʊʃ.o,ðɪʃo,ðʊʃo
ðɪʒ.i,ðʊʒ.i,ðɪʒi,ðʊʒi
ðɪʒ.e,ðʊʒ.e,ðɪʒe,ðʊʒe
ðɪʒ.u,ðʊʒ.u,ðɪʒu,ðʊʒu
ðɪʒ.o,ðʊʒ.o,ðɪʒo,ðʊʒo
ðɪθ.i,ðʊθ.i,ðɪθi,ðʊθi
ðɪθ.e,ðʊθ.e,ðɪθe,ðʊθe
ðɪθ.u,ðʊθ.u,ðɪθu,ðʊθu
ðɪθ.o,ðʊθ.o,ðɪθo,ðʊθo
ðɪð.i,ðʊð.i,ðɪði,ðʊði
ðɪð.e,ðʊð.e,ðɪðe,ðʊðe
ðɪð.u,ðʊð.u,ðɪðu,ðʊðu
ðɪð.o,ðʊð.o,ðɪðo,ðʊðo
hɪm.i,hʊm.i,hɪmi,hʊmi
hɪm.e,hʊm.e,hɪme,hʊme
hɪm.u,hʊm.u,hɪmu,hʊmu
hɪm.o,hʊm.o,hɪmo,hʊmo
hɪn.i,hʊn.i,hɪni,hʊni
hɪn.e,hʊn.e,hɪne,hʊne
hɪn.u,hʊn.u,hɪnu,hʊnu
hɪn.o,hʊn.o,hɪno,hʊno
hɪŋ.i,hʊŋ.i,hɪŋi,hʊŋi
hɪŋ.e,hʊŋ.e,hɪŋe,hʊŋe
hɪŋ.u,hʊŋ.u,hɪŋu,hʊŋu
hɪŋ.o,hʊŋ.o,hɪŋo,hʊŋo
hɪp.i,hʊp.i,hɪpi,hʊpi
hɪp.e,hʊp.e,hɪpe,hʊpe
hɪp.u,hʊp.u,hɪpu,hʊpu
hɪp.o,hʊp.o,hɪpo,hʊpo
hɪt.i,hʊt.i,hɪti,hʊti
hɪt.e,hʊt.e,hɪte,hʊte
hɪt.u,hʊt.u,hɪtu,hʊtu
hɪt.o,hʊt.o,hɪto,hʊto
hɪk.i,hʊk.i,hɪki,hʊki
hɪk.e,hʊk.e,hɪke,hʊke
hɪk.u,hʊk.u,hɪku,hʊku
hɪk.o,hʊk.o,hɪko,hʊko
hɪb.i,hʊb.i,hɪbi,hʊbi
hɪb.e,hʊb.e,hɪbe,hʊbe
hɪb.u,hʊb.u,hɪbu,hʊbu
hɪb.o,hʊb.o,hɪbo,hʊbo
hɪd.i,hʊd.i,hɪdi,hʊdi
hɪd.e,hʊd.e,hɪde,hʊde
hɪd.u,hʊd.u,hɪdu,hʊdu
hɪd.o,hʊd.o,hɪdo,hʊdo
hɪg.i,hʊg.i,hɪgi,hʊgi
hɪg.e,hʊg.e,hɪge,hʊge
hɪg.u,hʊg.u,hɪgu,hʊgu
hɪg.o,hʊg.o,hɪgo,hʊgo
hɪf.i,hʊf.i,hɪfi,hʊfi
hɪf.e,hʊf.e,hɪfe,hʊfe
hɪf.u,hʊf.u,hɪfu,hʊfu
hɪf.o,hʊf.o,hɪfo,hʊfo
hɪs.i,hʊs.i,hɪsi,hʊsi
hɪs.e,hʊs.e,hɪse,hʊse
hɪs.u,hʊs.u,hɪsu,hʊsu
hɪs.o,hʊs.o,hɪso,hʊso
hɪv.i,hʊv.i,hɪvi,hʊvi
hɪv.e,hʊv.e,hɪve,hʊve
hɪv.u,hʊv.u,hɪvu,hʊvu
hɪv.o,hʊv.o,hɪvo,hʊvo
hɪz.i,hʊz.i,hɪzi,hʊzi
hɪz.e,hʊz.e,hɪze,hʊze
hɪz.u,hʊz.u,hɪzu,hʊzu
hɪz.o,hʊz.o,hɪzo,hʊzo
hɪʃ.i,hʊʃ.i,hɪʃi,hʊʃi
hɪʃ.e,hʊʃ.e,hɪʃe,hʊʃe
hɪʃ.u,hʊʃ.u,hɪʃu,hʊʃu
hɪʃ.o,hʊʃ.o,hɪʃo,hʊʃo
hɪʒ.i,hʊʒ.i,hɪʒi,hʊʒi
hɪʒ.e,hʊʒ.e,hɪʒe,hʊʒe
hɪʒ.u,hʊʒ.u,hɪʒu,hʊʒu
hɪʒ.o,hʊʒ.o,hɪʒo,hʊʒo
hɪθ.i,hʊθ.i,hɪθi,hʊθi
hɪθ.e,hʊθ.e,hɪθe,hʊθe
hɪθ.u,hʊθ.u,hɪθu,hʊθu
hɪθ.o,hʊθ.o,hɪθo,hʊθo
hɪð.i,hʊð.i,hɪði,hʊði
hɪð.e,hʊð.e,hɪðe,hʊðe
hɪð.u,hʊð.u,hɪðu,hʊðu
hɪð.o,hʊð.o,hɪðo,hʊðo
mɛm.i,mɔm.i,mɛmi,mɔmi
mɛm.e,mɔm.e,mɛme,mɔme
mɛm.u,mɔm.u,mɛmu,mɔmu
mɛm.o,mɔm.o,mɛmo,mɔmo
mɛn.i,mɔn.i,mɛni,mɔni
mɛn.e,mɔn.e,mɛne,mɔne
mɛn.u,mɔn.u,mɛnu,mɔnu
mɛn.o,mɔn.o,mɛno,mɔno
mɛŋ.i,mɔŋ.i,mɛŋi,mɔŋi
mɛŋ.e,mɔŋ.e,mɛŋe,mɔŋe
mɛŋ.u,mɔŋ.u,mɛŋu,mɔŋu
mɛŋ.o,mɔŋ.o,mɛŋo,mɔŋo
mɛp.i,mɔp.i,mɛpi,mɔpi
mɛp.e,mɔp.e,mɛpe,mɔpe
mɛp.u,mɔp.u,mɛpu,mɔpu
mɛp.o,mɔp.o,mɛpo,mɔpo
mɛt.i,mɔt.i,mɛti,mɔti
mɛt.e,mɔt.e,mɛte,mɔte
mɛt.u,mɔt.u,mɛtu,mɔtu
mɛt.o,mɔt.o,mɛto,mɔto
mɛk.i,mɔk.i,mɛki,mɔki
mɛk.e,mɔk.e,mɛke,mɔke
mɛk.u,mɔk.u,mɛku,mɔku
mɛk.o,mɔk.o,mɛko,mɔko
mɛb.i,mɔb.i,mɛbi,mɔbi
mɛb.e,mɔb.e,mɛbe,mɔbe
mɛb.u,mɔb.u,mɛbu,mɔbu
mɛb.o,mɔb.o,mɛbo,mɔbo
mɛd.i,mɔd.i,mɛdi,mɔdi
mɛd.e,mɔd.e,mɛde,mɔde
mɛd.u,mɔd.u,mɛdu,mɔdu
mɛd.o,mɔd.o,mɛdo,mɔdo
mɛg.i,mɔg.i,mɛgi,mɔgi
mɛg.e,mɔg.e,mɛge,mɔge
mɛg.u,mɔg.u,mɛgu,mɔgu
mɛg.o,mɔg.o,mɛgo,mɔgo
mɛf.i,mɔf.i,mɛfi,mɔfi
mɛf.e,mɔf.e,mɛfe,mɔfe
mɛf.u,mɔf.u,mɛfu,mɔfu
mɛf.o,mɔf.o,mɛfo,mɔfo
mɛs.i,mɔs.i,mɛsi,mɔsi
mɛs.e,mɔs.e,mɛse,mɔse
mɛs.u,mɔs.u,mɛsu,mɔsu
mɛs.o,mɔs.o,mɛso,mɔso
mɛv.i,mɔv.i,mɛvi,mɔvi
mɛv.e,mɔv.e,mɛve,mɔve
mɛv.u,mɔv.u,mɛvu,mɔvu
mɛv.o,mɔv.o,mɛvo,mɔvo
mɛz.i,mɔz.i,mɛzi,mɔzi
mɛz.e,mɔz.e,mɛze,mɔze
mɛz.u,mɔz.u,mɛzu,mɔzu
mɛz.o,mɔz.o,mɛzo,mɔzo
mɛʃ.i,mɔʃ.i,mɛʃi,mɔʃi
mɛʃ.e,mɔʃ.e,mɛʃe,mɔʃe
mɛʃ.u,mɔʃ.u,mɛʃu,mɔʃu
mɛʃ.o,mɔʃ.o,mɛʃo,mɔʃo
mɛʒ.i,mɔʒ.i,mɛʒi,mɔʒi
mɛʒ.e,mɔʒ.e,mɛʒe,mɔʒe
mɛʒ.u,mɔʒ.u,mɛʒu,mɔʒu
mɛʒ.o,mɔʒ.o,mɛʒo,mɔʒo
mɛθ.i,mɔθ.i,mɛθi,mɔθi
mɛθ.e,mɔθ.e,mɛθe,mɔθe
mɛθ.u,mɔθ.u,mɛθu,mɔθu
mɛθ.o,mɔθ.o,mɛθo,mɔθo
mɛð.i,mɔð.i,mɛði,mɔði
mɛð.e,mɔð.e,mɛðe,mɔðe
mɛð.u,mɔð.u,mɛðu,mɔðu
mɛð.o,mɔð.o,mɛðo,mɔðo
nɛm.i,nɔm.i,nɛmi,nɔmi
nɛm.e,nɔm.e,nɛme,nɔme
nɛm.u,nɔm.u,nɛmu,nɔmu
nɛm.o,nɔm.o,nɛmo,nɔmo
nɛn.i,nɔn.i,nɛni,nɔni
nɛn.e,nɔn.e,nɛne,nɔne
nɛn.u,nɔn.u,nɛnu,nɔnu
nɛn.o,nɔn.o,nɛno,nɔno
nɛŋ.i,nɔŋ.i,nɛŋi,nɔŋi
nɛŋ.e,nɔŋ.e,nɛŋe,nɔŋe
nɛŋ.u,nɔŋ.u,nɛŋu,nɔŋu
nɛŋ.o,nɔŋ.o,nɛŋo,nɔŋo
nɛp.i,nɔp.i,nɛpi,nɔpi
nɛp.e,nɔp.e,nɛpe,nɔpe
nɛp.u,nɔp.u,nɛpu,nɔpu
nɛp.o,nɔp.o,nɛpo,nɔpo
nɛt.i,nɔt.i,nɛti,nɔti
nɛt.e,nɔt.e,nɛte,nɔte
nɛt.u,nɔt.u,nɛtu,nɔtu
nɛt.o,nɔt.o,nɛto,nɔto
nɛk.i,nɔk.i,nɛki,nɔki
nɛk.e,nɔk.e,nɛke,nɔke
nɛk.u,nɔk.u,nɛku,nɔku
nɛk.o,nɔk.o,nɛko,nɔko
nɛb.i,nɔb.i,nɛbi,nɔbi
nɛb.e,nɔb.e,nɛbe,nɔbe
nɛb.u,nɔb.u,nɛbu,nɔbu
nɛb.o,nɔb.o,nɛbo,nɔbo
nɛd.i,nɔd.i,nɛdi,nɔdi
nɛd.e,nɔd.e,nɛde,nɔde
nɛd.u,nɔd.u,nɛdu,nɔdu
nɛd.o,nɔd.o,nɛdo,nɔdo
nɛg.i,nɔg.i,nɛgi,nɔgi
nɛg.e,nɔg.e,nɛge,nɔge
nɛg.u,nɔg.u,nɛgu,nɔgu
nɛg.o,nɔg.o,nɛgo,nɔgo
nɛf.i,nɔf.i,nɛfi,nɔfi
nɛf.e,nɔf.e,nɛfe,nɔfe
nɛf.u,nɔf.u,nɛfu,nɔfu
nɛf.o,nɔf.o,nɛfo,nɔfo
nɛs.i,nɔs.i,nɛsi,nɔsi
nɛs.e,nɔs.e,nɛse,nɔse
nɛs.u,nɔs.u,nɛsu,nɔsu
nɛs.o,nɔs.o,nɛso,nɔso
nɛv.i,nɔv.i,nɛvi,nɔvi
nɛv.e,nɔv.e,nɛve,nɔve
nɛv.u,nɔv.u,nɛvu,nɔvu
nɛv.o,nɔv.o,nɛvo,nɔvo
nɛz.i,nɔz.i,nɛzi,nɔzi
nɛz.e,nɔz.e,nɛze,nɔze
nɛz.u,nɔz.u,nɛzu,nɔzu
nɛz.o,nɔz.o,nɛzo,nɔzo
nɛʃ.i,nɔʃ.i,nɛʃi,nɔʃi
nɛʃ.e,nɔʃ.e,nɛʃe,nɔʃe
nɛʃ.u,nɔʃ.u,nɛʃu,nɔʃu
nɛʃ.o,nɔʃ.o,nɛʃo,nɔʃo
nɛʒ.i,nɔʒ.i,nɛʒi,nɔʒi
nɛʒ.e,nɔʒ.e,nɛʒe,nɔʒe
nɛʒ.u,nɔʒ.u,nɛʒu,nɔʒu
nɛʒ.o,nɔʒ.o,nɛʒo,nɔʒo
nɛθ.i,nɔθ.i,nɛθi,nɔθi
nɛθ.e,nɔθ.e,nɛθe,nɔθe
nɛθ.u,nɔθ.u,nɛθu,nɔθu
nɛθ.o,nɔθ.o,nɛθo,nɔθo
nɛð.i,nɔð.i,nɛði,nɔði
nɛð.e,nɔð.e,nɛðe,nɔðe
nɛð.u,nɔð.u,nɛðu,nɔðu
nɛð.o,nɔð.o,nɛðo,nɔðo
pɛm.i,pɔm.i,pɛmi,pɔmi
pɛm.e,pɔm.e,pɛme,pɔme
pɛm.u,pɔm.u,pɛmu,pɔmu
pɛm.o,pɔm.o,pɛmo,pɔmo
pɛn.i,pɔn.i,pɛni,pɔni
pɛn.e,pɔn.e,pɛne,pɔne
pɛn.u,pɔn.u,pɛnu,pɔnu
pɛn.o,pɔn.o,pɛno,pɔno
pɛŋ.i,pɔŋ.i,pɛŋi,pɔŋi
pɛŋ.e,pɔŋ.e,pɛŋe,pɔŋe
pɛŋ.u,pɔŋ.u,pɛŋu,pɔŋu
pɛŋ.o,pɔŋ.o,pɛŋo,pɔŋo
pɛp.i,pɔp.i,pɛpi,pɔpi
pɛp.e,pɔp.e,pɛpe,pɔpe
pɛp.u,pɔp.u,pɛpu,pɔpu
pɛp.o,pɔp.o,pɛpo,pɔpo
pɛt.i,pɔt.i,pɛti,pɔti
pɛt.e,pɔt.e,pɛte,pɔte
pɛt.u,pɔt.u,pɛtu,pɔtu
pɛt.o,pɔt.o,pɛto,pɔto
pɛk.i,pɔk.i,pɛki,pɔki
pɛk.e,pɔk.e,pɛke,pɔke
pɛk.u,pɔk.u,pɛku,pɔku
pɛk.o,pɔk.o,pɛko,pɔko
pɛb.i,pɔb.i,pɛbi,pɔbi
pɛb.e,pɔb.e,pɛbe,pɔbe
pɛb.u,pɔb.u,pɛbu,pɔbu
pɛb.o,pɔb.o,pɛbo,pɔbo
pɛd.i,pɔd.i,pɛdi,pɔdi
pɛd.e,pɔd.e,pɛde,pɔde
pɛd.u,pɔd.u,pɛdu,pɔdu
pɛd.o,pɔd.o,pɛdo,pɔdo
pɛg.i,pɔg.i,pɛgi,pɔgi
pɛg.e,pɔg.e,pɛge,pɔge
pɛg.u,pɔg.u,pɛgu,pɔgu
pɛg.o,pɔg.o,pɛgo,pɔgo
pɛf.i,pɔf.i,pɛfi,pɔfi
pɛf.e,pɔf.e,pɛfe,pɔfe
pɛf.u,pɔf.u,pɛfu,pɔfu
pɛf.o,pɔf.o,pɛfo,pɔfo
pɛs.i,pɔs.i,pɛsi,pɔsi
pɛs.e,pɔs.e,pɛse,pɔse
pɛs.u,pɔs.u,pɛsu,pɔsu
pɛs.o,pɔs.o,pɛso,pɔso
pɛv.i,pɔv.i,pɛvi,pɔvi
pɛv.e,pɔv.e,pɛve,pɔve
pɛv.u,pɔv.u,pɛvu,pɔvu
pɛv.o,pɔv.o,pɛvo,pɔvo
pɛz.i,pɔz.i,pɛzi,pɔzi
pɛz.e,pɔz.e,pɛze,pɔze
pɛz.u,pɔz.u,pɛzu,pɔzu
pɛz.o,pɔz.o,pɛzo,pɔzo
pɛʃ.i,pɔʃ.i,pɛʃi,pɔʃi
pɛʃ.e,pɔʃ.e,pɛʃe,pɔʃe
pɛʃ.u,pɔʃ.u,pɛʃu,pɔʃu
pɛʃ.o,pɔʃ.o,pɛʃo,pɔʃo
pɛʒ.i,pɔʒ.i,pɛʒi,pɔʒi
pɛʒ.e,pɔʒ.e,pɛʒe,pɔʒe
pɛʒ.u,pɔʒ.u,pɛʒu,pɔʒu
pɛʒ.o,pɔʒ.o,pɛʒo,pɔʒo
pɛθ.i,pɔθ.i,pɛθi,pɔθi
pɛθ.e,pɔθ.e,pɛθe,pɔθe
pɛθ.u,pɔθ.u,pɛθu,pɔθu
pɛθ.o,pɔθ.o,pɛθo,pɔθo
pɛð.i,pɔð.i,pɛði,pɔði
pɛð.e,pɔð.e,pɛðe,pɔðe
pɛð.u,pɔð.u,pɛðu,pɔðu
pɛð.o,pɔð.o,pɛðo,pɔðo
tɛm.i,tɔm.i,tɛmi,tɔmi
tɛm.e,tɔm.e,tɛme,tɔme
tɛm.u,tɔm.u,tɛmu,tɔmu
tɛm.o,tɔm.o,tɛmo,tɔmo
tɛn.i,tɔn.i,tɛni,tɔni
tɛn.e,tɔn.e,tɛne,tɔne
tɛn.u,tɔn.u,tɛnu,tɔnu
tɛn.o,tɔn.o,tɛno,tɔno
tɛŋ.i,tɔŋ.i,tɛŋi,tɔŋi
tɛŋ.e,tɔŋ.e,tɛŋe,tɔŋe
tɛŋ.u,tɔŋ.u,tɛŋu,tɔŋu
tɛŋ.o,tɔŋ.o,tɛŋo,tɔŋo
tɛp.i,tɔp.i,tɛpi,tɔpi
tɛp.e,tɔp.e,tɛpe,tɔpe
tɛp.u,tɔp.u,tɛpu,tɔpu
tɛp.o,tɔp.o,tɛpo,tɔpo
tɛt.i,tɔt.i,tɛti,tɔti
tɛt.e,tɔt.e,tɛte,tɔte
tɛt.u,tɔt.u,tɛtu,tɔtu
tɛt.o,tɔt.o,tɛto,tɔto
tɛk.i,tɔk.i,tɛki,tɔki
tɛk.e,tɔk.e,tɛke,tɔke
tɛk.u,tɔk.u,tɛku,tɔku
tɛk.o,tɔk.o,tɛko,tɔko
tɛb.i,tɔb.i,tɛbi,tɔbi
tɛb.e,tɔb.e,tɛbe,tɔbe
tɛb.u,tɔb.u,tɛbu,tɔbu
tɛb.o,tɔb.o,tɛbo,tɔbo
tɛd.i,tɔd.i,tɛdi,tɔdi
tɛd.e,tɔd.e,tɛde,tɔde
tɛd.u,tɔd.u,tɛdu,tɔdu
tɛd.o,tɔd.o,tɛdo,tɔdo
tɛg.i,tɔg.i,tɛgi,tɔgi
tɛg.e,tɔg.e,tɛge,tɔge
tɛg.u,tɔg.u,tɛgu,tɔgu
tɛg.o,tɔg.o,tɛgo,tɔgo
tɛf.i,tɔf.i,tɛfi,tɔfi
tɛf.e,tɔf.e,tɛfe,tɔfe
tɛf.u,tɔf.u,tɛfu,tɔfu
tɛf.o,tɔf.o,tɛfo,tɔfo
tɛs.i,tɔs.i,tɛsi,tɔsi
tɛs.e,tɔs.e,tɛse,tɔse
tɛs.u,tɔs.u,tɛsu,tɔsu
tɛs.o,tɔs.o,tɛso,tɔso
tɛv.i,tɔv.i,tɛvi,tɔvi
tɛv.e,tɔv.e,tɛve,tɔve
tɛv.u,tɔv.u,tɛvu,tɔvu
tɛv.o,tɔv.o,tɛvo,tɔvo
tɛz.i,tɔz.i,tɛzi,tɔzi
tɛz.e,tɔz.e,tɛze,tɔze
tɛz.u,tɔz.u,tɛzu,tɔzu
tɛz.o,tɔz.o,tɛzo,tɔzo
tɛʃ.i,tɔʃ.i,tɛʃi,tɔʃi
tɛʃ.e,tɔʃ.e,tɛʃe,tɔʃe
tɛʃ.u,tɔʃ.u,tɛʃu,tɔʃu
tɛʃ.o,tɔʃ.o,tɛʃo,tɔʃo
tɛʒ.i,tɔʒ.i,tɛʒi,tɔʒi
tɛʒ.e,tɔʒ.e,tɛʒe,tɔʒe
tɛʒ.u,tɔʒ.u,tɛʒu,tɔʒu
tɛʒ.o,tɔʒ.o,tɛʒo,tɔʒo
tɛθ.i,tɔθ.i,tɛθi,tɔθi
tɛθ.e,tɔθ.e,tɛθe,tɔθe
tɛθ.u,tɔθ.u,tɛθu,tɔθu
tɛθ.o,tɔθ.o,tɛθo,tɔθo
tɛð.i,tɔð.i,tɛði,tɔði
tɛð.e,tɔð.e,tɛðe,tɔðe
tɛð.u,tɔð.u,tɛðu,tɔðu
tɛð.o,tɔð.o,tɛðo,tɔðo
kɛm.i,kɔm.i,kɛmi,kɔmi
kɛm.e,kɔm.e,kɛme,kɔme
kɛm.u,kɔm.u,kɛmu,kɔmu
kɛm.o,kɔm.o,kɛmo,kɔmo
kɛn.i,kɔn.i,kɛni,kɔni
kɛn.e,kɔn.e,kɛne,kɔne
kɛn.u,kɔn.u,kɛnu,kɔnu
kɛn.o,kɔn.o,kɛno,kɔno
kɛŋ.i,kɔŋ.i,kɛŋi,kɔŋi
kɛŋ.e,kɔŋ.e,kɛŋe,kɔŋe
kɛŋ.u,kɔŋ.u,kɛŋu,kɔŋu
kɛŋ.o,kɔŋ.o,kɛŋo,kɔŋo
kɛp.i,kɔp.i,kɛpi,kɔpi
kɛp.e,kɔp.e,kɛpe,kɔpe
kɛp.u,kɔp.u,kɛpu,kɔpu
kɛp.o,kɔp.o,kɛpo,kɔpo
kɛt.i,kɔt.i,kɛti,kɔti
kɛt.e,kɔt.e,kɛte,kɔte
kɛt.u,kɔt.u,kɛtu,kɔtu
kɛt.o,kɔt.o,kɛto,kɔto
kɛk.i,kɔk.i,kɛki,kɔki
kɛk.e,kɔk.e,kɛke,kɔke
kɛk.u,kɔk.u,kɛku,kɔku
kɛk.o,kɔk.o,kɛko,kɔko
kɛb.i,kɔb.i,kɛbi,kɔbi
kɛb.e,kɔb.e,kɛbe,kɔbe
kɛb.u,kɔb.u,kɛbu,kɔbu
kɛb.o,kɔb.o,kɛbo,kɔbo
kɛd.i,kɔd.i,kɛdi,kɔdi
kɛd.e,kɔd.e,kɛde,kɔde
kɛd.u,kɔd.u,kɛdu,kɔdu
kɛd.o,kɔd.o,kɛdo,kɔdo
kɛg.i,kɔg.i,kɛgi,kɔgi
kɛg.e,kɔg.e,kɛge,kɔge
kɛg.u,kɔg.u,kɛgu,kɔgu
kɛg.o,kɔg.o,kɛgo,kɔgo
kɛf.i,kɔf.i,kɛfi,kɔfi
kɛf.e,kɔf.e,kɛfe,kɔfe
kɛf.u,kɔf.u,kɛfu,kɔfu
kɛf.o,kɔf.o,kɛfo,kɔfo
kɛs.i,kɔs.i,kɛsi,kɔsi
kɛs.e,kɔs.e,kɛse,kɔse
kɛs.u,kɔs.u,kɛsu,kɔsu
kɛs.o,kɔs.o,kɛso,kɔso
kɛv.i,kɔv.i,kɛvi,kɔvi
kɛv.e,kɔv.e,kɛve,kɔve
kɛv.u,kɔv.u,kɛvu,kɔvu
kɛv.o,kɔv.o,kɛvo,kɔvo
kɛz.i,kɔz.i,kɛzi,kɔzi
kɛz.e,kɔz.e,kɛze,kɔze
kɛz.u,kɔz.u,kɛzu,kɔzu
kɛz.o,kɔz.o,kɛzo,kɔzo
kɛʃ.i,kɔʃ.i,kɛʃi,kɔʃi
kɛʃ.e,kɔʃ.e,kɛʃe,kɔʃe
kɛʃ.u,kɔʃ.u,kɛʃu,kɔʃu
kɛʃ.o,kɔʃ.o,kɛʃo,kɔʃo
kɛʒ.i,kɔʒ.i,kɛʒi,kɔʒi
kɛʒ.e,kɔʒ.e,kɛʒe,kɔʒe
kɛʒ.u,kɔʒ.u,kɛʒu,kɔʒu
kɛʒ.o,kɔʒ.o,kɛʒo,kɔʒo
kɛθ.i,kɔθ.i,kɛθi,kɔθi
kɛθ.e,kɔθ.e,kɛθe,kɔθe
kɛθ.u,kɔθ.u,kɛθu,kɔθu
kɛθ.o,kɔθ.o,kɛθo,kɔθo
kɛð.i,kɔð.i,kɛði,kɔði
kɛð.e,kɔð.e,kɛðe,kɔðe
kɛð.u,kɔð.u,kɛðu,kɔðu
kɛð.o,kɔð.o,kɛðo,kɔðo
bɛm.i,bɔm.i,bɛmi,bɔmi
bɛm.e,bɔm.e,bɛme,bɔme
bɛm.u,bɔm.u,bɛmu,bɔmu
bɛm.o,bɔm.o,bɛmo,bɔmo
bɛn.i,bɔn.i,bɛni,bɔni
bɛn.e,bɔn.e,bɛne,bɔne
bɛn.u,bɔn.u,bɛnu,bɔnu
bɛn.o,bɔn.o,bɛno,bɔno
bɛŋ.i,bɔŋ.i,bɛŋi,bɔŋi
bɛŋ.e,bɔŋ.e,bɛŋe,bɔŋe
bɛŋ.u,bɔŋ.u,bɛŋu,bɔŋu
bɛŋ.o,bɔŋ.o,bɛŋo,bɔŋo
bɛp.i,bɔp.i,bɛpi,bɔpi
bɛp.e,bɔp.e,bɛpe,bɔpe
bɛp.u,bɔp.u,bɛpu,bɔpu
bɛp.o,bɔp.o,bɛpo,bɔpo
bɛt.i,bɔt.i,bɛti,bɔti
bɛt.e,bɔt.e,bɛte,bɔte
bɛt.u,bɔt.u,bɛtu,bɔtu
bɛt.o,bɔt.o,bɛto,bɔto
bɛk.i,bɔk.i,bɛki,bɔki
bɛk.e,bɔk.e,bɛke,bɔke
bɛk.u,bɔk.u,bɛku,bɔku
bɛk.o,bɔk.o,bɛko,bɔko
bɛb.i,bɔb.i,bɛbi,bɔbi
bɛb.e,bɔb.e,bɛbe,bɔbe
bɛb.u,bɔb.u,bɛbu,bɔbu
bɛb.o,bɔb.o,bɛbo,bɔbo
bɛd.i,bɔd.i,bɛdi,bɔdi
bɛd.e,bɔd.e,bɛde,bɔde
bɛd.u,bɔd.u,bɛdu,bɔdu
bɛd.o,bɔd.o,bɛdo,bɔdo
bɛg.i,bɔg.i,bɛgi,bɔgi
bɛg.e,bɔg.e,bɛge,bɔge
bɛg.u,bɔg.u,bɛgu,bɔgu
bɛg.o,bɔg.o,bɛgo,bɔgo
bɛf.i,bɔf.i,bɛfi,bɔfi
bɛf.e,bɔf.e,bɛfe,bɔfe
bɛf.u,bɔf.u,bɛfu,bɔfu
bɛf.o,bɔf.o,bɛfo,bɔfo
bɛs.i,bɔs.i,bɛsi,bɔsi
bɛs.e,bɔs.e,bɛse,bɔse
bɛs.u,bɔs.u,bɛsu,bɔsu
bɛs.o,bɔs.o,bɛso,bɔso
bɛv.i,bɔv.i,bɛvi,bɔvi
bɛv.e,bɔv.e,bɛve,bɔve
bɛv.u,bɔv.u,bɛvu,bɔvu
bɛv.o,bɔv.o,bɛvo,bɔvo
bɛz.i,bɔz.i,bɛzi,bɔzi
bɛz.e,bɔz.e,bɛze,bɔze
bɛz.u,bɔz.u,bɛzu,bɔzu
bɛz.o,bɔz.o,bɛzo,bɔzo
bɛʃ.i,bɔʃ.i,bɛʃi,bɔʃi
bɛʃ.e,bɔʃ.e,bɛʃe,bɔʃe
bɛʃ.u,bɔʃ.u,bɛʃu,bɔʃu
bɛʃ.o,bɔʃ.o,bɛʃo,bɔʃo
bɛʒ.i,bɔʒ.i,bɛʒi,bɔʒi
bɛʒ.e,bɔʒ.e,bɛʒe,bɔʒe
bɛʒ.u,bɔʒ.u,bɛʒu,bɔʒu
bɛʒ.o,bɔʒ.o,bɛʒo,bɔʒo
bɛθ.i,bɔθ.i,bɛθi,bɔθi
bɛθ.e,bɔθ.e,bɛθe,bɔθe
bɛθ.u,bɔθ.u,bɛθu,bɔθu
bɛθ.o,bɔθ.o,bɛθo,bɔθo
bɛð.i,bɔð.i,bɛði,bɔði
bɛð.e,bɔð.e,bɛðe,bɔðe
bɛð.u,bɔð.u,bɛðu,bɔðu
bɛð.o,bɔð.o,bɛðo,bɔðo
dɛm.i,dɔm.i,dɛmi,dɔmi
dɛm.e,dɔm.e,dɛme,dɔme
dɛm.u,dɔm.u,dɛmu,dɔmu
dɛm.o,dɔm.o,dɛmo,dɔmo
dɛn.i,dɔn.i,dɛni,dɔni
dɛn.e,dɔn.e,dɛne,dɔne
dɛn.u,dɔn.u,dɛnu,dɔnu
dɛn.o,dɔn.o,dɛno,dɔno
dɛŋ.i,dɔŋ.i,dɛŋi,dɔŋi
dɛŋ.e,dɔŋ.e,dɛŋe,dɔŋe
dɛŋ.u,dɔŋ.u,dɛŋu,dɔŋu
dɛŋ.o,dɔŋ.o,dɛŋo,dɔŋo
dɛp.i,dɔp.i,dɛpi,dɔpi
dɛp.e,dɔp.e,dɛpe,dɔpe
dɛp.u,dɔp.u,dɛpu,dɔpu
dɛp.o,dɔp.o,dɛpo,dɔpo
dɛt.i,dɔt.i,dɛti,dɔti
dɛt.e,dɔt.e,dɛte,dɔte
dɛt.u,dɔt.u,dɛtu,dɔtu
dɛt.o,dɔt.o,dɛto,dɔto
dɛk.i,dɔk.i,dɛki,dɔki
dɛk.e,dɔk.e,dɛke,dɔke
dɛk.u,dɔk.u,dɛku,dɔku
dɛk.o,dɔk.o,dɛko,dɔko
dɛb.i,dɔb.i,dɛbi,dɔbi
dɛb.e,dɔb.e,dɛbe,dɔbe
dɛb.u,dɔb.u,dɛbu,dɔbu
dɛb.o,dɔb.o,dɛbo,dɔbo
dɛd.i,dɔd.i,dɛdi,dɔdi
dɛd.e,dɔd.e,dɛde,dɔde
dɛd.u,dɔd.u,dɛdu,dɔdu
dɛd.o,dɔd.o,dɛdo,dɔdo
dɛg.i,dɔg.i,dɛgi,dɔgi
dɛg.e,dɔg.e,dɛge,dɔge
dɛg.u,dɔg.u,dɛgu,dɔgu
dɛg.o,dɔg.o,dɛgo,dɔgo
dɛf.i,dɔf.i,dɛfi,dɔfi
dɛf.e,dɔf.e,dɛfe,dɔfe
dɛf.u,dɔf.u,dɛfu,dɔfu
dɛf.o,dɔf.o,dɛfo,dɔfo
dɛs.i,dɔs.i,dɛsi,dɔsi
dɛs.e,dɔs.e,dɛse,dɔse
dɛs.u,dɔs.u,dɛsu,dɔsu
dɛs.o,dɔs.o,dɛso,dɔso
dɛv.i,dɔv.i,dɛvi,dɔvi
dɛv.e,dɔv.e,dɛve,dɔve
dɛv.u,dɔv.u,dɛvu,dɔvu
dɛv.o,dɔv.o,dɛvo,dɔvo
dɛz.i,dɔz.i,dɛzi,dɔzi
dɛz.e,dɔz.e,dɛze,dɔze
dɛz.u,dɔz.u,dɛzu,dɔzu
dɛz.o,dɔz.o,dɛzo,dɔzo
dɛʃ.i,dɔʃ.i,dɛʃi,dɔʃi
dɛʃ.e,dɔʃ.e,dɛʃe,dɔʃe
dɛʃ.u,dɔʃ.u,dɛʃu,dɔʃu
dɛʃ.o,dɔʃ.o,dɛʃo,dɔʃo
dɛʒ.i,dɔʒ.i,dɛʒi,dɔʒi
dɛʒ.e,dɔʒ.e,dɛʒe,dɔʒe
dɛʒ.u,dɔʒ.u,dɛʒu,dɔʒu
dɛʒ.o,dɔʒ.o,dɛʒo,dɔʒo
dɛθ.i,dɔθ.i,dɛθi,dɔθi
dɛθ.e,dɔθ.e,dɛθe,dɔθe
dɛθ.u,dɔθ.u,dɛθu,dɔθu
dɛθ.o,dɔθ.o,dɛθo,dɔθo
dɛð.i,dɔð.i,dɛði,dɔði
dɛð.e,dɔð.e,dɛðe,dɔðe
dɛð.u,dɔð.u,dɛðu,dɔðu
dɛð.o,dɔð.o,dɛðo,dɔðo
gɛm.i,gɔm.i,gɛmi,gɔmi
gɛm.e,gɔm.e,gɛme,gɔme
gɛm.u,gɔm.u,gɛmu,gɔmu
gɛm.o,gɔm.o,gɛmo,gɔmo
gɛn.i,gɔn.i,gɛni,gɔni
gɛn.e,gɔn.e,gɛne,gɔne
gɛn.u,gɔn.u,gɛnu,gɔnu
gɛn.o,gɔn.o,gɛno,gɔno
gɛŋ.i,gɔŋ.i,gɛŋi,gɔŋi
gɛŋ.e,gɔŋ.e,gɛŋe,gɔŋe
gɛŋ.u,gɔŋ.u,gɛŋu,gɔŋu
gɛŋ.o,gɔŋ.o,gɛŋo,gɔŋo
gɛp.i,gɔp.i,gɛpi,gɔpi
gɛp.e,gɔp.e,gɛpe,gɔpe
gɛp.u,gɔp.u,gɛpu,gɔpu
gɛp.o,gɔp.o,gɛpo,gɔpo
gɛt.i,gɔt.i,gɛti,gɔti
gɛt.e,gɔt.e,gɛte,gɔte
gɛt.u,gɔt.u,gɛtu,gɔtu
gɛt.o,gɔt.o,gɛto,gɔto
gɛk.i,gɔk.i,gɛki,gɔki
gɛk.e,gɔk.e,gɛke,gɔke
gɛk.u,gɔk.u,gɛku,gɔku
gɛk.o,gɔk.o,gɛko,gɔko
gɛb.i,gɔb.i,gɛbi,gɔbi
gɛb.e,gɔb.e,gɛbe,gɔbe
gɛb.u,gɔb.u,gɛbu,gɔbu
gɛb.o,gɔb.o,gɛbo,gɔbo
gɛd.i,gɔd.i,gɛdi,gɔdi
gɛd.e,gɔd.e,gɛde,gɔde
gɛd.u,gɔd.u,gɛdu,gɔdu
gɛd.o,gɔd.o,gɛdo,gɔdo
gɛg.i,gɔg.i,gɛgi,gɔgi
gɛg.e,gɔg.e,gɛge,gɔge
gɛg.u,gɔg.u,gɛgu,gɔgu
gɛg.o,gɔg.o,gɛgo,gɔgo
gɛf.i,gɔf.i,gɛfi,gɔfi
gɛf.e,gɔf.e,gɛfe,gɔfe
gɛf.u,gɔf.u,gɛfu,gɔfu
gɛf.o,gɔf.o,gɛfo,gɔfo
gɛs.i,gɔs.i,gɛsi,gɔsi
gɛs.e,gɔs.e,gɛse,gɔse
gɛs.u,gɔs.u,gɛsu,gɔsu
gɛs.o,gɔs.o,gɛso,gɔso
gɛv.i,gɔv.i,gɛvi,gɔvi
gɛv.e,gɔv.e,gɛve,gɔve
gɛv.u,gɔv.u,gɛvu,gɔvu
gɛv.o,gɔv.o,gɛvo,gɔvo
gɛz.i,gɔz.i,gɛzi,gɔzi
gɛz.e,gɔz.e,gɛze,gɔze
gɛz.u,gɔz.u,gɛzu,gɔzu
gɛz.o,gɔz.o,gɛzo,gɔzo
gɛʃ.i,gɔʃ.i,gɛʃi,gɔʃi
gɛʃ.e,gɔʃ.e,gɛʃe,gɔʃe
gɛʃ.u,gɔʃ.u,gɛʃu,gɔʃu
gɛʃ.o,gɔʃ.o,gɛʃo,gɔʃo
gɛʒ.i,gɔʒ.i,gɛʒi,gɔʒi
gɛʒ.e,gɔʒ.e,gɛʒe,gɔʒe
gɛʒ.u,gɔʒ.u,gɛʒu,gɔʒu
gɛʒ.o,gɔʒ.o,gɛʒo,gɔʒo
gɛθ.i,gɔθ.i,gɛθi,gɔθi
gɛθ.e,gɔθ.e,gɛθe,gɔθe
gɛθ.u,gɔθ.u,gɛθu,gɔθu
gɛθ.o,gɔθ.o,gɛθo,gɔθo
gɛð.i,gɔð.i,gɛði,gɔði
gɛð.e,gɔð.e,gɛðe,gɔðe
gɛð.u,gɔð.u,gɛðu,gɔðu
gɛð.o,gɔð.o,gɛðo,gɔðo
fɛm.i,fɔm.i,fɛmi,fɔmi
fɛm.e,fɔm.e,fɛme,fɔme
fɛm.u,fɔm.u,fɛmu,fɔmu
fɛm.o,fɔm.o,fɛmo,fɔmo
fɛn.i,fɔn.i,fɛni,fɔni
fɛn.e,fɔn.e,fɛne,fɔne
fɛn.u,fɔn.u,fɛnu,fɔnu
fɛn.o,fɔn.o,fɛno,fɔno
fɛŋ.i,fɔŋ.i,fɛŋi,fɔŋi
fɛŋ.e,fɔŋ.e,fɛŋe,fɔŋe
fɛŋ.u,fɔŋ.u,fɛŋu,fɔŋu
fɛŋ.o,fɔŋ.o,fɛŋo,fɔŋo
fɛp.i,fɔp.i,fɛpi,fɔpi
fɛp.e,fɔp.e,fɛpe,fɔpe
fɛp.u,fɔp.u,fɛpu,fɔpu
fɛp.o,fɔp.o,fɛpo,fɔpo
fɛt.i,fɔt.i,fɛti,fɔti
fɛt.e,fɔt.e,fɛte,fɔte
fɛt.u,fɔt.u,fɛtu,fɔtu
fɛt.o,fɔt.o,fɛto,fɔto
fɛk.i,fɔk.i,fɛki,fɔki
fɛk.e,fɔk.e,fɛke,fɔke
fɛk.u,fɔk.u,fɛku,fɔku
fɛk.o,fɔk.o,fɛko,fɔko
fɛb.i,fɔb.i,fɛbi,fɔbi
fɛb.e,fɔb.e,fɛbe,fɔbe
fɛb.u,fɔb.u,fɛbu,fɔbu
fɛb.o,fɔb.o,fɛbo,fɔbo
fɛd.i,fɔd.i,fɛdi,fɔdi
fɛd.e,fɔd.e,fɛde,fɔde
fɛd.u,fɔd.u,fɛdu,fɔdu
fɛd.o,fɔd.o,fɛdo,fɔdo
fɛg.i,fɔg.i,fɛgi,fɔgi
fɛg.e,fɔg.e,fɛge,fɔge
fɛg.u,fɔg.u,fɛgu,fɔgu
fɛg.o,fɔg.o,fɛgo,fɔgo
fɛf.i,fɔf.i,fɛfi,fɔfi
fɛf.e,fɔf.e,fɛfe,fɔfe
fɛf.u,fɔf.u,fɛfu,fɔfu
fɛf.o,fɔf.o,fɛfo,fɔfo
fɛs.i,fɔs.i,fɛsi,fɔsi
fɛs.e,fɔs.e,fɛse,fɔse
fɛs.u,fɔs.u,fɛsu,fɔsu
fɛs.o,fɔs.o,fɛso,fɔso
fɛv.i,fɔv.i,fɛvi,fɔvi
fɛv.e,fɔv.e,fɛve,fɔve
fɛv.u,fɔv.u,fɛvu,fɔvu
fɛv.o,fɔv.o,fɛvo,fɔvo
fɛz.i,fɔz.i,fɛzi,fɔzi
fɛz.e,fɔz.e,fɛze,fɔze
fɛz.u,fɔz.u,fɛzu,fɔzu
fɛz.o,fɔz.o,fɛzo,fɔzo
fɛʃ.i,fɔʃ.i,fɛʃi,fɔʃi
fɛʃ.e,fɔʃ.e,fɛʃe,fɔʃe
fɛʃ.u,fɔʃ.u,fɛʃu,fɔʃu
fɛʃ.o,fɔʃ.o,fɛʃo,fɔʃo
fɛʒ.i,fɔʒ.i,fɛʒi,fɔʒi
fɛʒ.e,fɔʒ.e,fɛʒe,fɔʒe
fɛʒ.u,fɔʒ.u,fɛʒu,fɔʒu
fɛʒ.o,fɔʒ.o,fɛʒo,fɔʒo
fɛθ.i,fɔθ.i,fɛθi,fɔθi
fɛθ.e,fɔθ.e,fɛθe,fɔθe
fɛθ.u,fɔθ.u,fɛθu,fɔθu
fɛθ.o,fɔθ.o,fɛθo,fɔθo
fɛð.i,fɔð.i,fɛði,fɔði
fɛð.e,fɔð.e,fɛðe,fɔðe
fɛð.u,fɔð.u,fɛðu,fɔðu
fɛð.o,fɔð.o,fɛðo,fɔðo
sɛm.i,sɔm.i,sɛmi,sɔmi
sɛm.e,sɔm.e,sɛme,sɔme
sɛm.u,sɔm.u,sɛmu,sɔmu
sɛm.o,sɔm.o,sɛmo,sɔmo
sɛn.i,sɔn.i,sɛni,sɔni
sɛn.e,sɔn.e,sɛne,sɔne
sɛn.u,sɔn.u,sɛnu,sɔnu
sɛn.o,sɔn.o,sɛno,sɔno
sɛŋ.i,sɔŋ.i,sɛŋi,sɔŋi
sɛŋ.e,sɔŋ.e,sɛŋe,sɔŋe
sɛŋ.u,sɔŋ.u,sɛŋu,sɔŋu
sɛŋ.o,sɔŋ.o,sɛŋo,sɔŋo
sɛp.i,sɔp.i,sɛpi,sɔpi
sɛp.e,sɔp.e,sɛpe,sɔpe
sɛp.u,sɔp.u,sɛpu,sɔpu
sɛp.o,sɔp.o,sɛpo,sɔpo
sɛt.i,sɔt.i,sɛti,sɔti
sɛt.e,sɔt.e,sɛte,sɔte
sɛt.u,sɔt.u,sɛtu,sɔtu
sɛt.o,sɔt.o,sɛto,sɔto
sɛk.i,sɔk.i,sɛki,sɔki
sɛk.e,sɔk.e,sɛke,sɔke
sɛk.u,sɔk.u,sɛku,sɔku
sɛk.o,sɔk.o,sɛko,sɔko
sɛb.i,sɔb.i,sɛbi,sɔbi
sɛb.e,sɔb.e,sɛbe,sɔbe
sɛb.u,sɔb.u,sɛbu,sɔbu
sɛb.o,sɔb.o,sɛbo,sɔbo
sɛd.i,sɔd.i,sɛdi,sɔdi
sɛd.e,sɔd.e,sɛde,sɔde
sɛd.u,sɔd.u,sɛdu,sɔdu
sɛd.o,sɔd.o,sɛdo,sɔdo
sɛg.i,sɔg.i,sɛgi,sɔgi
sɛg.e,sɔg.e,sɛge,sɔge
sɛg.u,sɔg.u,sɛgu,sɔgu
sɛg.o,sɔg.o,sɛgo,sɔgo
sɛf.i,sɔf.i,sɛfi,sɔfi
sɛf.e,sɔf.e,sɛfe,sɔfe
sɛf.u,sɔf.u,sɛfu,sɔfu
sɛf.o,sɔf.o,sɛfo,sɔfo
sɛs.i,sɔs.i,sɛsi,sɔsi
sɛs.e,sɔs.e,sɛse,sɔse
sɛs.u,sɔs.u,sɛsu,sɔsu
sɛs.o,sɔs.o,sɛso,sɔso
sɛv.i,sɔv.i,sɛvi,sɔvi
sɛv.e,sɔv.e,sɛve,sɔve
sɛv.u,sɔv.u,sɛvu,sɔvu
sɛv.o,sɔv.o,sɛvo,sɔvo
sɛz.i,sɔz.i,sɛzi,sɔzi
sɛz.e,sɔz.e,sɛze,sɔze
sɛz.u,sɔz.u,sɛzu,sɔzu
sɛz.o,sɔz.o,sɛzo,sɔzo
sɛʃ.i,sɔʃ.i,sɛʃi,sɔʃi
sɛʃ.e,sɔʃ.e,sɛʃe,sɔʃe
sɛʃ.u,sɔʃ.u,sɛʃu,sɔʃu
sɛʃ.o,sɔʃ.o,sɛʃo,sɔʃo
sɛʒ.i,sɔʒ.i,sɛʒi,sɔʒi
sɛʒ.e,sɔʒ.e,sɛʒe,sɔʒe
sɛʒ.u,sɔʒ.u,sɛʒu,sɔʒu
sɛʒ.o,sɔʒ.o,sɛʒo,sɔʒo
sɛθ.i,sɔθ.i,sɛθi,sɔθi
sɛθ.e,sɔθ.e,sɛθe,sɔθe
sɛθ.u,sɔθ.u,sɛθu,sɔθu
sɛθ.o,sɔθ.o,sɛθo,sɔθo
sɛð.i,sɔð.i,sɛði,sɔði
sɛð.e,sɔð.e,sɛðe,sɔðe
sɛð.u,sɔð.u,sɛðu,sɔðu
sɛð.o,sɔð.o,sɛðo,sɔðo
vɛm.i,vɔm.i,vɛmi,vɔmi
vɛm.e,vɔm.e,vɛme,vɔme
vɛm.u,vɔm.u,vɛmu,vɔmu
vɛm.o,vɔm.o,vɛmo,vɔmo
vɛn.i,vɔn.i,vɛni,vɔni
vɛn.e,vɔn.e,vɛne,vɔne
vɛn.u,vɔn.u,vɛnu,vɔnu
vɛn.o,vɔn.o,vɛno,vɔno
vɛŋ.i,vɔŋ.i,vɛŋi,vɔŋi
vɛŋ.e,vɔŋ.e,vɛŋe,vɔŋe
vɛŋ.u,vɔŋ.u,vɛŋu,vɔŋu
vɛŋ.o,vɔŋ.o,vɛŋo,vɔŋo
vɛp.i,vɔp.i,vɛpi,vɔpi
vɛp.e,vɔp.e,vɛpe,vɔpe
vɛp.u,vɔp.u,vɛpu,vɔpu
vɛp.o,vɔp.o,vɛpo,vɔpo
vɛt.i,vɔt.i,vɛti,vɔti
vɛt.e,vɔt.e,vɛte,vɔte
vɛt.u,vɔt.u,vɛtu,vɔtu
vɛt.o,vɔt.o,vɛto,vɔto
vɛk.i,vɔk.i,vɛki,vɔki
vɛk.e,vɔk.e,vɛke,vɔke
vɛk.u,vɔk.u,vɛku,vɔku
vɛk.o,vɔk.o,vɛko,vɔko
vɛb.i,vɔb.i,vɛbi,vɔbi
vɛb.e,vɔb.e,vɛbe,vɔbe
vɛb.u,vɔb.u,vɛbu,vɔbu
vɛb.o,vɔb.o,vɛbo,vɔbo
vɛd.i,vɔd.i,vɛdi,vɔdi
vɛd.e,vɔd.e,vɛde,vɔde
vɛd.u,vɔd.u,vɛdu,vɔdu
vɛd.o,vɔd.o,vɛdo,vɔdo
vɛg.i,vɔg.i,vɛgi,vɔgi
vɛg.e,vɔg.e,vɛge,vɔge
vɛg.u,vɔg.u,vɛgu,vɔgu
vɛg.o,vɔg.o,vɛgo,vɔgo
vɛf.i,vɔf.i,vɛfi,vɔfi
vɛf.e,vɔf.e,vɛfe,vɔfe
vɛf.u,vɔf.u,vɛfu,vɔfu
vɛf.o,vɔf.o,vɛfo,vɔfo
vɛs.i,vɔs.i,vɛsi,vɔsi
vɛs.e,vɔs.e,vɛse,vɔse
vɛs.u,vɔs.u,vɛsu,vɔsu
vɛs.o,vɔs.o,vɛso,vɔso
vɛv.i,vɔv.i,vɛvi,vɔvi
vɛv.e,vɔv.e,vɛve,vɔve
vɛv.u,vɔv.u,vɛvu,vɔvu
vɛv.o,vɔv.o,vɛvo,vɔvo
vɛz.i,vɔz.i,vɛzi,vɔzi
vɛz.e,vɔz.e,vɛze,vɔze
vɛz.u,vɔz.u,vɛzu,vɔzu
vɛz.o,vɔz.o,vɛzo,vɔzo
vɛʃ.i,vɔʃ.i,vɛʃi,vɔʃi
vɛʃ.e,vɔʃ.e,vɛʃe,vɔʃe
vɛʃ.u,vɔʃ.u,vɛʃu,vɔʃu
vɛʃ.o,vɔʃ.o,vɛʃo,vɔʃo
vɛʒ.i,vɔʒ.i,vɛʒi,vɔʒi
vɛʒ.e,vɔʒ.e,vɛʒe,vɔʒe
vɛʒ.u,vɔʒ.u,vɛʒu,vɔʒu
vɛʒ.o,vɔʒ.o,vɛʒo,vɔʒo
vɛθ.i,vɔθ.i,vɛθi,vɔθi
vɛθ.e,vɔθ.e,vɛθe,vɔθe
vɛθ.u,vɔθ.u,vɛθu,vɔθu
vɛθ.o,vɔθ.o,vɛθo,vɔθo
vɛð.i,vɔð.i,vɛði,vɔði
vɛð.e,vɔð.e,vɛðe,vɔðe
vɛð.u,vɔð.u,vɛðu,vɔðu
vɛð.o,vɔð.o,vɛðo,vɔðo
zɛm.i,zɔm.i,zɛmi,zɔmi
zɛm.e,zɔm.e,zɛme,zɔme
zɛm.u,zɔm.u,zɛmu,zɔmu
zɛm.o,zɔm.o,zɛmo,zɔmo
zɛn.i,zɔn.i,zɛni,zɔni
zɛn.e,zɔn.e,zɛne,zɔne
zɛn.u,zɔn.u,zɛnu,zɔnu
zɛn.o,zɔn.o,zɛno,zɔno
zɛŋ.i,zɔŋ.i,zɛŋi,zɔŋi
zɛŋ.e,zɔŋ.e,zɛŋe,zɔŋe
zɛŋ.u,zɔŋ.u,zɛŋu,zɔŋu
zɛŋ.o,zɔŋ.o,zɛŋo,zɔŋo
zɛp.i,zɔp.i,zɛpi,zɔpi
zɛp.e,zɔp.e,zɛpe,zɔpe
zɛp.u,zɔp.u,zɛpu,zɔpu
zɛp.o,zɔp.o,zɛpo,zɔpo
zɛt.i,zɔt.i,zɛti,zɔti
zɛt.e,zɔt.e,zɛte,zɔte
zɛt.u,zɔt.u,zɛtu,zɔtu
zɛt.o,zɔt.o,zɛto,zɔto
zɛk.i,zɔk.i,zɛki,zɔki
zɛk.e,zɔk.e,zɛke,zɔke
zɛk.u,zɔk.u,zɛku,zɔku
zɛk.o,zɔk.o,zɛko,zɔko
zɛb.i,zɔb.i,zɛbi,zɔbi
zɛb.e,zɔb.e,zɛbe,zɔbe
zɛb.u,zɔb.u,zɛbu,zɔbu
zɛb.o,zɔb.o,zɛbo,zɔbo
zɛd.i,zɔd.i,zɛdi,zɔdi
zɛd.e,zɔd.e,zɛde,zɔde
zɛd.u,zɔd.u,zɛdu,zɔdu
zɛd.o,zɔd.o,zɛdo,zɔdo
zɛg.i,zɔg.i,zɛgi,zɔgi
zɛg.e,zɔg.e,zɛge,zɔge
zɛg.u,zɔg.u,zɛgu,zɔgu
zɛg.o,zɔg.o,zɛgo,zɔgo
zɛf.i,zɔf.i,zɛfi,zɔfi
zɛf.e,zɔf.e,zɛfe,zɔfe
zɛf.u,zɔf.u,zɛfu,zɔfu
zɛf.o,zɔf.o,zɛfo,zɔfo
zɛs.i,zɔs.i,zɛsi,zɔsi
zɛs.e,zɔs.e,zɛse,zɔse
zɛs.u,zɔs.u,zɛsu,zɔsu
zɛs.o,zɔs.o,zɛso,zɔso
zɛv.i,zɔv.i,zɛvi,zɔvi
zɛv.e,zɔv.e,zɛve,zɔve
zɛv.u,zɔv.u,zɛvu,zɔvu
zɛv.o,zɔv.o,zɛvo,zɔvo
zɛz.i,zɔz.i,zɛzi,zɔzi
zɛz.e,zɔz.e,zɛze,zɔze
zɛz.u,zɔz.u,zɛzu,zɔzu
zɛz.o,zɔz.o,zɛzo,zɔzo
zɛʃ.i,zɔʃ.i,zɛʃi,zɔʃi
zɛʃ.e,zɔʃ.e,zɛʃe,zɔʃe
zɛʃ.u,zɔʃ.u,zɛʃu,zɔʃu
zɛʃ.o,zɔʃ.o,zɛʃo,zɔʃo
zɛʒ.i,zɔʒ.i,zɛʒi,zɔʒi
zɛʒ.e,zɔʒ.e,zɛʒe,zɔʒe
zɛʒ.u,zɔʒ.u,zɛʒu,zɔʒu
zɛʒ.o,zɔʒ.o,zɛʒo,zɔʒo
zɛθ.i,zɔθ.i,zɛθi,zɔθi
zɛθ.e,zɔθ.e,zɛθe,zɔθe
zɛθ.u,zɔθ.u,zɛθu,zɔθu
zɛθ.o,zɔθ.o,zɛθo,zɔθo
zɛð.i,zɔð.i,zɛði,zɔði
zɛð.e,zɔð.e,zɛðe,zɔðe
zɛð.u,zɔð.u,zɛðu,zɔðu
zɛð.o,zɔð.o,zɛðo,zɔðo
ʃɛm.i,ʃɔm.i,ʃɛmi,ʃɔmi
ʃɛm.e,ʃɔm.e,ʃɛme,ʃɔme
ʃɛm.u,ʃɔm.u,ʃɛmu,ʃɔmu
ʃɛm.o,ʃɔm.o,ʃɛmo,ʃɔmo
ʃɛn.i,ʃɔn.i,ʃɛni,ʃɔni
ʃɛn.e,ʃɔn.e,ʃɛne,ʃɔne
ʃɛn.u,ʃɔn.u,ʃɛnu,ʃɔnu
ʃɛn.o,ʃɔn.o,ʃɛno,ʃɔno
ʃɛŋ.i,ʃɔŋ.i,ʃɛŋi,ʃɔŋi
ʃɛŋ.e,ʃɔŋ.e,ʃɛŋe,ʃɔŋe
ʃɛŋ.u,ʃɔŋ.u,ʃɛŋu,ʃɔŋu
ʃɛŋ.o,ʃɔŋ.o,ʃɛŋo,ʃɔŋo
ʃɛp.i,ʃɔp.i,ʃɛpi,ʃɔpi
ʃɛp.e,ʃɔp.e,ʃɛpe,ʃɔpe
ʃɛp.u,ʃɔp.u,ʃɛpu,ʃɔpu
ʃɛp.o,ʃɔp.o,ʃɛpo,ʃɔpo
ʃɛt.i,ʃɔt.i,ʃɛti,ʃɔti
ʃɛt.e,ʃɔt.e,ʃɛte,ʃɔte
ʃɛt.u,ʃɔt.u,ʃɛtu,ʃɔtu
ʃɛt.o,ʃɔt.o,ʃɛto,ʃɔto
ʃɛk.i,ʃɔk.i,ʃɛki,ʃɔki
ʃɛk.e,ʃɔk.e,ʃɛke,ʃɔke
ʃɛk.u,ʃɔk.u,ʃɛku,ʃɔku
ʃɛk.o,ʃɔk.o,ʃɛko,ʃɔko
ʃɛb.i,ʃɔb.i,ʃɛbi,ʃɔbi
ʃɛb.e,ʃɔb.e,ʃɛbe,ʃɔbe
ʃɛb.u,ʃɔb.u,ʃɛbu,ʃɔbu
ʃɛb.o,ʃɔb.o,ʃɛbo,ʃɔbo
ʃɛd.i,ʃɔd.i,ʃɛdi,ʃɔdi
ʃɛd.e,ʃɔd.e,ʃɛde,ʃɔde
ʃɛd.u,ʃɔd.u,ʃɛdu,ʃɔdu
ʃɛd.o,ʃɔd.o,ʃɛdo,ʃɔdo
ʃɛg.i,ʃɔg.i,ʃɛgi,ʃɔgi
ʃɛg.e,ʃɔg.e,ʃɛge,ʃɔge
ʃɛg.u,ʃɔg.u,ʃɛgu,ʃɔgu
ʃɛg.o,ʃɔg.o,ʃɛgo,ʃɔgo
ʃɛf.i,ʃɔf.i,ʃɛfi,ʃɔfi
ʃɛf.e,ʃɔf.e,ʃɛfe,ʃɔfe
ʃɛf.u,ʃɔf.u,ʃɛfu,ʃɔfu
ʃɛf.o,ʃɔf.o,ʃɛfo,ʃɔfo
ʃɛs.i,ʃɔs.i,ʃɛsi,ʃɔsi
ʃɛs.e,ʃɔs.e,ʃɛse,ʃɔse
ʃɛs.u,ʃɔs.u,ʃɛsu,ʃɔsu
ʃɛs.o,ʃɔs.o,ʃɛso,ʃɔso
ʃɛv.i,ʃɔv.i,ʃɛvi,ʃɔvi
ʃɛv.e,ʃɔv.e,ʃɛve,ʃɔve
ʃɛv.u,ʃɔv.u,ʃɛvu,ʃɔvu
ʃɛv.o,ʃɔv.o,ʃɛvo,ʃɔvo
ʃɛz.i,ʃɔz.i,ʃɛzi,ʃɔzi
ʃɛz.e,ʃɔz.e,ʃɛze,ʃɔze
ʃɛz.u,ʃɔz.u,ʃɛzu,ʃɔzu
ʃɛz.o,ʃɔz.o,ʃɛzo,ʃɔzo
ʃɛʃ.i,ʃɔʃ.i,ʃɛʃi,ʃɔʃi
ʃɛʃ.e,ʃɔʃ.e,ʃɛʃe,ʃɔʃe
ʃɛʃ.u,ʃɔʃ.u,ʃɛʃu,ʃɔʃu
ʃɛʃ.o,ʃɔʃ.o,ʃɛʃo,ʃɔʃo
ʃɛʒ.i,ʃɔʒ.i,ʃɛʒi,ʃɔʒi
ʃɛʒ.e,ʃɔʒ.e,ʃɛʒe,ʃɔʒe
ʃɛʒ.u,ʃɔʒ.u,ʃɛʒu,ʃɔʒu
ʃɛʒ.o,ʃɔʒ.o,ʃɛʒo,ʃɔʒo
ʃɛθ.i,ʃɔθ.i,ʃɛθi,ʃɔθi
ʃɛθ.e,ʃɔθ.e,ʃɛθe,ʃɔθe
ʃɛθ.u,ʃɔθ.u,ʃɛθu,ʃɔθu
ʃɛθ.o,ʃɔθ.o,ʃɛθo,ʃɔθo
ʃɛð.i,ʃɔð.i,ʃɛði,ʃɔði
ʃɛð.e,ʃɔð.e,ʃɛðe,ʃɔðe
ʃɛð.u,ʃɔð.u,ʃɛðu,ʃɔðu
ʃɛð.o,ʃɔð.o,ʃɛðo,ʃɔðo
ʒɛm.i,ʒɔm.i,ʒɛmi,ʒɔmi
ʒɛm.e,ʒɔm.e,ʒɛme,ʒɔme
ʒɛm.u,ʒɔm.u,ʒɛmu,ʒɔmu
ʒɛm.o,ʒɔm.o,ʒɛmo,ʒɔmo
ʒɛn.i,ʒɔn.i,ʒɛni,ʒɔni
ʒɛn.e,ʒɔn.e,ʒɛne,ʒɔne
ʒɛn.u,ʒɔn.u,ʒɛnu,ʒɔnu
ʒɛn.o,ʒɔn.o,ʒɛno,ʒɔno
ʒɛŋ.i,ʒɔŋ.i,ʒɛŋi,ʒɔŋi
ʒɛŋ.e,ʒɔŋ.e,ʒɛŋe,ʒɔŋe
ʒɛŋ.u,ʒɔŋ.u,ʒɛŋu,ʒɔŋu
ʒɛŋ.o,ʒɔŋ.o,ʒɛŋo,ʒɔŋo
ʒɛp.i,ʒɔp.i,ʒɛpi,ʒɔpi
ʒɛp.e,ʒɔp.e,ʒɛpe,ʒɔpe
ʒɛp.u,ʒɔp.u,ʒɛpu,ʒɔpu
ʒɛp.o,ʒɔp.o,ʒɛpo,ʒɔpo
ʒɛt.i,ʒɔt.i,ʒɛti,ʒɔti
ʒɛt.e,ʒɔt.e,ʒɛte,ʒɔte
ʒɛt.u,ʒɔt.u,ʒɛtu,ʒɔtu
ʒɛt.o,ʒɔt.o,ʒɛto,ʒɔto
ʒɛk.i,ʒɔk.i,ʒɛki,ʒɔki
ʒɛk.e,ʒɔk.e,ʒɛke,ʒɔke
ʒɛk.u,ʒɔk.u,ʒɛku,ʒɔku
ʒɛk.o,ʒɔk.o,ʒɛko,ʒɔko
ʒɛb.i,ʒɔb.i,ʒɛbi,ʒɔbi
ʒɛb.e,ʒɔb.e,ʒɛbe,ʒɔbe
ʒɛb.u,ʒɔb.u,ʒɛbu,ʒɔbu
ʒɛb.o,ʒɔb.o,ʒɛbo,ʒɔbo
ʒɛd.i,ʒɔd.i,ʒɛdi,ʒɔdi
ʒɛd.e,ʒɔd.e,ʒɛde,ʒɔde
ʒɛd.u,ʒɔd.u,ʒɛdu,ʒɔdu
ʒɛd.o,ʒɔd.o,ʒɛdo,ʒɔdo
ʒɛg.i,ʒɔg.i,ʒɛgi,ʒɔgi
ʒɛg.e,ʒɔg.e,ʒɛge,ʒɔge
ʒɛg.u,ʒɔg.u,ʒɛgu,ʒɔgu
ʒɛg.o,ʒɔg.o,ʒɛgo,ʒɔgo
ʒɛf.i,ʒɔf.i,ʒɛfi,ʒɔfi
ʒɛf.e,ʒɔf.e,ʒɛfe,ʒɔfe
ʒɛf.u,ʒɔf.u,ʒɛfu,ʒɔfu
ʒɛf.o,ʒɔf.o,ʒɛfo,ʒɔfo
ʒɛs.i,ʒɔs.i,ʒɛsi,ʒɔsi
ʒɛs.e,ʒɔs.e,ʒɛse,ʒɔse
ʒɛs.u,ʒɔs.u,ʒɛsu,ʒɔsu
ʒɛs.o,ʒɔs.o,ʒɛso,ʒɔso
ʒɛv.i,ʒɔv.i,ʒɛvi,ʒɔvi
ʒɛv.e,ʒɔv.e,ʒɛve,ʒɔve
ʒɛv.u,ʒɔv.u,ʒɛvu,ʒɔvu
ʒɛv.o,ʒɔv.o,ʒɛvo,ʒɔvo
ʒɛz.i,ʒɔz.i,ʒɛzi,ʒɔzi
ʒɛz.e,ʒɔz.e,ʒɛze,ʒɔze
ʒɛz.u,ʒɔz.u,ʒɛzu,ʒɔzu
ʒɛz.o,ʒɔz.o,ʒɛzo,ʒɔzo
ʒɛʃ.i,ʒɔʃ.i,ʒɛʃi,ʒɔʃi
ʒɛʃ.e,ʒɔʃ.e,ʒɛʃe,ʒɔʃe
ʒɛʃ.u,ʒɔʃ.u,ʒɛʃu,ʒɔʃu
ʒɛʃ.o,ʒɔʃ.o,ʒɛʃo,ʒɔʃo
ʒɛʒ.i,ʒɔʒ.i,ʒɛʒi,ʒɔʒi
ʒɛʒ.e,ʒɔʒ.e,ʒɛʒe,ʒɔʒe
ʒɛʒ.u,ʒɔʒ.u,ʒɛʒu,ʒɔʒu
ʒɛʒ.o,ʒɔʒ.o,ʒɛʒo,ʒɔʒo
ʒɛθ.i,ʒɔθ.i,ʒɛθi,ʒɔθi
ʒɛθ.e,ʒɔθ.e,ʒɛθe,ʒɔθe
ʒɛθ.u,ʒɔθ.u,ʒɛθu,ʒɔθu
ʒɛθ.o,ʒɔθ.o,ʒɛθo,ʒɔθo
ʒɛð.i,ʒɔð.i,ʒɛði,ʒɔði
ʒɛð.e,ʒɔð.e,ʒɛðe,ʒɔðe
ʒɛð.u,ʒɔð.u,ʒɛðu,ʒɔðu
ʒɛð.o,ʒɔð.o,ʒɛðo,ʒɔðo
θɛm.i,θɔm.i,θɛmi,θɔmi
θɛm.e,θɔm.e,θɛme,θɔme
θɛm.u,θɔm.u,θɛmu,θɔmu
θɛm.o,θɔm.o,θɛmo,θɔmo
θɛn.i,θɔn.i,θɛni,θɔni
θɛn.e,θɔn.e,θɛne,θɔne
θɛn.u,θɔn.u,θɛnu,θɔnu
θɛn.o,θɔn.o,θɛno,θɔno
θɛŋ.i,θɔŋ.i,θɛŋi,θɔŋi
θɛŋ.e,θɔŋ.e,θɛŋe,θɔŋe
θɛŋ.u,θɔŋ.u,θɛŋu,θɔŋu
θɛŋ.o,θɔŋ.o,θɛŋo,θɔŋo
θɛp.i,θɔp.i,θɛpi,θɔpi
θɛp.e,θɔp.e,θɛpe,θɔpe
θɛp.u,θɔp.u,θɛpu,θɔpu
θɛp.o,θɔp.o,θɛpo,θɔpo
θɛt.i,θɔt.i,θɛti,θɔti
θɛt.e,θɔt.e,θɛte,θɔte
θɛt.u,θɔt.u,θɛtu,θɔtu
θɛt.o,θɔt.o,θɛto,θɔto
θɛk.i,θɔk.i,θɛki,θɔki
θɛk.e,θɔk.e,θɛke,θɔke
θɛk.u,θɔk.u,θɛku,θɔku
θɛk.o,θɔk.o,θɛko,θɔko
θɛb.i,θɔb.i,θɛbi,θɔbi
θɛb.e,θɔb.e,θɛbe,θɔbe
θɛb.u,θɔb.u,θɛbu,θɔbu
θɛb.o,θɔb.o,θɛbo,θɔbo
θɛd.i,θɔd.i,θɛdi,θɔdi
θɛd.e,θɔd.e,θɛde,θɔde
θɛd.u,θɔd.u,θɛdu,θɔdu
θɛd.o,θɔd.o,θɛdo,θɔdo
θɛg.i,θɔg.i,θɛgi,θɔgi
θɛg.e,θɔg.e,θɛge,θɔge
θɛg.u,θɔg.u,θɛgu,θɔgu
θɛg.o,θɔg.o,θɛgo,θɔgo
θɛf.i,θɔf.i,θɛfi,θɔfi
θɛf.e,θɔf.e,θɛfe,θɔfe
θɛf.u,θɔf.u,θɛfu,θɔfu
θɛf.o,θɔf.o,θɛfo,θɔfo
θɛs.i,θɔs.i,θɛsi,θɔsi
θɛs.e,θɔs.e,θɛse,θɔse
θɛs.u,θɔs.u,θɛsu,θɔsu
θɛs.o,θɔs.o,θɛso,θɔso
θɛv.i,θɔv.i,θɛvi,θɔvi
θɛv.e,θɔv.e,θɛve,θɔve
θɛv.u,θɔv.u,θɛvu,θɔvu
θɛv.o,θɔv.o,θɛvo,θɔvo
θɛz.i,θɔz.i,θɛzi,θɔzi
θɛz.e,θɔz.e,θɛze,θɔze
θɛz.u,θɔz.u,θɛzu,θɔzu
θɛz.o,θɔz.o,θɛzo,θɔzo
θɛʃ.i,θɔʃ.i,θɛʃi,θɔʃi
θɛʃ.e,θɔʃ.e,θɛʃe,θɔʃe
θɛʃ.u,θɔʃ.u,θɛʃu,θɔʃu
θɛʃ.o,θɔʃ.o,θɛʃo,θɔʃo
θɛʒ.i,θɔʒ.i,θɛʒi,θɔʒi
θɛʒ.e,θɔʒ.e,θɛʒe,θɔʒe
θɛʒ.u,θɔʒ.u,θɛʒu,θɔʒu
θɛʒ.o,θɔʒ.o,θɛʒo,θɔʒo
θɛθ.i,θɔθ.i,θɛθi,θɔθi
θɛθ.e,θɔθ.e,θɛθe,θɔθe
θɛθ.u,θɔθ.u,θɛθu,θɔθu
θɛθ.o,θɔθ.o,θɛθo,θɔθo
θɛð.i,θɔð.i,θɛði,θɔði
θɛð.e,θɔð.e,θɛðe,θɔðe
θɛð.u,θɔð.u,θɛðu,θɔðu
θɛð.o,θɔð.o,θɛðo,θɔðo
ðɛm.i,ðɔm.i,ðɛmi,ðɔmi
ðɛm.e,ðɔm.e,ðɛme,ðɔme
ðɛm.u,ðɔm.u,ðɛmu,ðɔmu
ðɛm.o,ðɔm.o,ðɛmo,ðɔmo
ðɛn.i,ðɔn.i,ðɛni,ðɔni
ðɛn.e,ðɔn.e,ðɛne,ðɔne
ðɛn.u,ðɔn.u,ðɛnu,ðɔnu
ðɛn.o,ðɔn.o,ðɛno,ðɔno
ðɛŋ.i,ðɔŋ.i,ðɛŋi,ðɔŋi
ðɛŋ.e,ðɔŋ.e,ðɛŋe,ðɔŋe
ðɛŋ.u,ðɔŋ.u,ðɛŋu,ðɔŋu
ðɛŋ.o,ðɔŋ.o,ðɛŋo,ðɔŋo
ðɛp.i,ðɔp.i,ðɛpi,ðɔpi
ðɛp.e,ðɔp.e,ðɛpe,ðɔpe
ðɛp.u,ðɔp.u,ðɛpu,ðɔpu
ðɛp.o,ðɔp.o,ðɛpo,ðɔpo
ðɛt.i,ðɔt.i,ðɛti,ðɔti
ðɛt.e,ðɔt.e,ðɛte,ðɔte
ðɛt.u,ðɔt.u,ðɛtu,ðɔtu
ðɛt.o,ðɔt.o,ðɛto,ðɔto
ðɛk.i,ðɔk.i,ðɛki,ðɔki
ðɛk.e,ðɔk.e,ðɛke,ðɔke
ðɛk.u,ðɔk.u,ðɛku,ðɔku
ðɛk.o,ðɔk.o,ðɛko,ðɔko
ðɛb.i,ðɔb.i,ðɛbi,ðɔbi
ðɛb.e,ðɔb.e,ðɛbe,ðɔbe
ðɛb.u,ðɔb.u,ðɛbu,ðɔbu
ðɛb.o,ðɔb.o,ðɛbo,ðɔbo
ðɛd.i,ðɔd.i,ðɛdi,ðɔdi
ðɛd.e,ðɔd.e,ðɛde,ðɔde
ðɛd.u,ðɔd.u,ðɛdu,ðɔdu
ðɛd.o,ðɔd.o,ðɛdo,ðɔdo
ðɛg.i,ðɔg.i,ðɛgi,ðɔgi
ðɛg.e,ðɔg.e,ðɛge,ðɔge
ðɛg.u,ðɔg.u,ðɛgu,ðɔgu
ðɛg.o,ðɔg.o,ðɛgo,ðɔgo
ðɛf.i,ðɔf.i,ðɛfi,ðɔfi
ðɛf.e,ðɔf.e,ðɛfe,ðɔfe
ðɛf.u,ðɔf.u,ðɛfu,ðɔfu
ðɛf.o,ðɔf.o,ðɛfo,ðɔfo
ðɛs.i,ðɔs.i,ðɛsi,ðɔsi
ðɛs.e,ðɔs.e,ðɛse,ðɔse
ðɛs.u,ðɔs.u,ðɛsu,ðɔsu
ðɛs.o,ðɔs.o,ðɛso,ðɔso
ðɛv.i,ðɔv.i,ðɛvi,ðɔvi
ðɛv.e,ðɔv.e,ðɛve,ðɔve
ðɛv.u,ðɔv.u,ðɛvu,ðɔvu
ðɛv.o,ðɔv.o,ðɛvo,ðɔvo
ðɛz.i,ðɔz.i,ðɛzi,ðɔzi
ðɛz.e,ðɔz.e,ðɛze,ðɔze
ðɛz.u,ðɔz.u,ðɛzu,ðɔzu
ðɛz.o,ðɔz.o,ðɛzo,ðɔzo
ðɛʃ.i,ðɔʃ.i,ðɛʃi,ðɔʃi
ðɛʃ.e,ðɔʃ.e,ðɛʃe,ðɔʃe
ðɛʃ.u,ðɔʃ.u,ðɛʃu,ðɔʃu
ðɛʃ.o,ðɔʃ.o,ðɛʃo,ðɔʃo
ðɛʒ.i,ðɔʒ.i,ðɛʒi,ðɔʒi
ðɛʒ.e,ðɔʒ.e,ðɛʒe,ðɔʒe
ðɛʒ.u,ðɔʒ.u,ðɛʒu,ðɔʒu
ðɛʒ.o,ðɔʒ.o,ðɛʒo,ðɔʒo
ðɛθ.i,ðɔθ.i,ðɛθi,ðɔθi
ðɛθ.e,ðɔθ.e,ðɛθe,ðɔθe
ðɛθ.u,ðɔθ.u,ðɛθu,ðɔθu
ðɛθ.o,ðɔθ.o,ðɛθo,ðɔθo
ðɛð.i,ðɔð.i,ðɛði,ðɔði
ðɛð.e,ðɔð.e,ðɛðe,ðɔðe
ðɛð.u,ðɔð.u,ðɛðu,ðɔðu
ðɛð.o,ðɔð.o,ðɛðo,ðɔðo
hɛm.i,hɔm.i,hɛmi,hɔmi
hɛm.e,hɔm.e,hɛme,hɔme
hɛm.u,hɔm.u,hɛmu,hɔmu
hɛm.o,hɔm.o,hɛmo,hɔmo
hɛn.i,hɔn.i,hɛni,hɔni
hɛn.e,hɔn.e,hɛne,hɔne
hɛn.u,hɔn.u,hɛnu,hɔnu
hɛn.o,hɔn.o,hɛno,hɔno
hɛŋ.i,hɔŋ.i,hɛŋi,hɔŋi
hɛŋ.e,hɔŋ.e,hɛŋe,hɔŋe
hɛŋ.u,hɔŋ.u,hɛŋu,hɔŋu
hɛŋ.o,hɔŋ.o,hɛŋo,hɔŋo
hɛp.i,hɔp.i,hɛpi,hɔpi
hɛp.e,hɔp.e,hɛpe,hɔpe
hɛp.u,hɔp.u,hɛpu,hɔpu
hɛp.o,hɔp.o,hɛpo,hɔpo
hɛt.i,hɔt.i,hɛti,hɔti
hɛt.e,hɔt.e,hɛte,hɔte
hɛt.u,hɔt.u,hɛtu,hɔtu
hɛt.o,hɔt.o,hɛto,hɔto
hɛk.i,hɔk.i,hɛki,hɔki
hɛk.e,hɔk.e,hɛke,hɔke
hɛk.u,hɔk.u,hɛku,hɔku
hɛk.o,hɔk.o,hɛko,hɔko
hɛb.i,hɔb.i,hɛbi,hɔbi
hɛb.e,hɔb.e,hɛbe,hɔbe
hɛb.u,hɔb.u,hɛbu,hɔbu
hɛb.o,hɔb.o,hɛbo,hɔbo
hɛd.i,hɔd.i,hɛdi,hɔdi
hɛd.e,hɔd.e,hɛde,hɔde
hɛd.u,hɔd.u,hɛdu,hɔdu
hɛd.o,hɔd.o,hɛdo,hɔdo
hɛg.i,hɔg.i,hɛgi,hɔgi
hɛg.e,hɔg.e,hɛge,hɔge
hɛg.u,hɔg.u,hɛgu,hɔgu
hɛg.o,hɔg.o,hɛgo,hɔgo
hɛf.i,hɔf.i,hɛfi,hɔfi
hɛf.e,hɔf.e,hɛfe,hɔfe
hɛf.u,hɔf.u,hɛfu,hɔfu
hɛf.o,hɔf.o,hɛfo,hɔfo
hɛs.i,hɔs.i,hɛsi,hɔsi
hɛs.e,hɔs.e,hɛse,hɔse
hɛs.u,hɔs.u,hɛsu,hɔsu
hɛs.o,hɔs.o,hɛso,hɔso
hɛv.i,hɔv.i,hɛvi,hɔvi
hɛv.e,hɔv.e,hɛve,hɔve
hɛv.u,hɔv.u,hɛvu,hɔvu
hɛv.o,hɔv.o,hɛvo,hɔvo
hɛz.i,hɔz.i,hɛzi,hɔzi
hɛz.e,hɔz.e,hɛze,hɔze
hɛz.u,hɔz.u,hɛzu,hɔzu
hɛz.o,hɔz.o,hɛzo,hɔzo
hɛʃ.i,hɔʃ.i,hɛʃi,hɔʃi
hɛʃ.e,hɔʃ.e,hɛʃe,hɔʃe
hɛʃ.u,hɔʃ.u,hɛʃu,hɔʃu
hɛʃ.o,hɔʃ.o,hɛʃo,hɔʃo
hɛʒ.i,hɔʒ.i,hɛʒi,hɔʒi
hɛʒ.e,hɔʒ.e,hɛʒe,hɔʒe
hɛʒ.u,hɔʒ.u,hɛʒu,hɔʒu
hɛʒ.o,hɔʒ.o,hɛʒo,hɔʒo
hɛθ.i,hɔθ.i,hɛθi,hɔθi
hɛθ.e,hɔθ.e,hɛθe,hɔθe
hɛθ.u,hɔθ.u,hɛθu,hɔθu
hɛθ.o,hɔθ.o,hɛθo,hɔθo
hɛð.i,hɔð.i,hɛði,hɔði
hɛð.e,hɔð.e,hɛðe,hɔðe
hɛð.u,hɔð.u,hɛðu,hɔðu
hɛð.o,hɔð.o,hɛðo,hɔðo
mʊm.i,mɪm.i,mʊmi,mɪmi
mʊm.e,mɪm.e,mʊme,mɪme
mʊm.u,mɪm.u,mʊmu,mɪmu
mʊm.o,mɪm.o,mʊmo,mɪmo
mʊn.i,mɪn.i,mʊni,mɪni
mʊn.e,mɪn.e,mʊne,mɪne
mʊn.u,mɪn.u,mʊnu,mɪnu
mʊn.o,mɪn.o,mʊno,mɪno
mʊŋ.i,mɪŋ.i,mʊŋi,mɪŋi
mʊŋ.e,mɪŋ.e,mʊŋe,mɪŋe
mʊŋ.u,mɪŋ.u,mʊŋu,mɪŋu
mʊŋ.o,mɪŋ.o,mʊŋo,mɪŋo
mʊp.i,mɪp.i,mʊpi,mɪpi
mʊp.e,mɪp.e,mʊpe,mɪpe
mʊp.u,mɪp.u,mʊpu,mɪpu
mʊp.o,mɪp.o,mʊpo,mɪpo
mʊt.i,mɪt.i,mʊti,mɪti
mʊt.e,mɪt.e,mʊte,mɪte
mʊt.u,mɪt.u,mʊtu,mɪtu
mʊt.o,mɪt.o,mʊto,mɪto
mʊk.i,mɪk.i,mʊki,mɪki
mʊk.e,mɪk.e,mʊke,mɪke
mʊk.u,mɪk.u,mʊku,mɪku
mʊk.o,mɪk.o,mʊko,mɪko
mʊb.i,mɪb.i,mʊbi,mɪbi
mʊb.e,mɪb.e,mʊbe,mɪbe
mʊb.u,mɪb.u,mʊbu,mɪbu
mʊb.o,mɪb.o,mʊbo,mɪbo
mʊd.i,mɪd.i,mʊdi,mɪdi
mʊd.e,mɪd.e,mʊde,mɪde
mʊd.u,mɪd.u,mʊdu,mɪdu
mʊd.o,mɪd.o,mʊdo,mɪdo
mʊg.i,mɪg.i,mʊgi,mɪgi
mʊg.e,mɪg.e,mʊge,mɪge
mʊg.u,mɪg.u,mʊgu,mɪgu
mʊg.o,mɪg.o,mʊgo,mɪgo
mʊf.i,mɪf.i,mʊfi,mɪfi
mʊf.e,mɪf.e,mʊfe,mɪfe
mʊf.u,mɪf.u,mʊfu,mɪfu
mʊf.o,mɪf.o,mʊfo,mɪfo
mʊs.i,mɪs.i,mʊsi,mɪsi
mʊs.e,mɪs.e,mʊse,mɪse
mʊs.u,mɪs.u,mʊsu,mɪsu
mʊs.o,mɪs.o,mʊso,mɪso
mʊv.i,mɪv.i,mʊvi,mɪvi
mʊv.e,mɪv.e,mʊve,mɪve
mʊv.u,mɪv.u,mʊvu,mɪvu
mʊv.o,mɪv.o,mʊvo,mɪvo
mʊz.i,mɪz.i,mʊzi,mɪzi
mʊz.e,mɪz.e,mʊze,mɪze
mʊz.u,mɪz.u,mʊzu,mɪzu
mʊz.o,mɪz.o,mʊzo,mɪzo
mʊʃ.i,mɪʃ.i,mʊʃi,mɪʃi
mʊʃ.e,mɪʃ.e,mʊʃe,mɪʃe
mʊʃ.u,mɪʃ.u,mʊʃu,mɪʃu
mʊʃ.o,mɪʃ.o,mʊʃo,mɪʃo
mʊʒ.i,mɪʒ.i,mʊʒi,mɪʒi
mʊʒ.e,mɪʒ.e,mʊʒe,mɪʒe
mʊʒ.u,mɪʒ.u,mʊʒu,mɪʒu
mʊʒ.o,mɪʒ.o,mʊʒo,mɪʒo
mʊθ.i,mɪθ.i,mʊθi,mɪθi
mʊθ.e,mɪθ.e,mʊθe,mɪθe
mʊθ.u,mɪθ.u,mʊθu,mɪθu
mʊθ.o,mɪθ.o,mʊθo,mɪθo
mʊð.i,mɪð.i,mʊði,mɪði
mʊð.e,mɪð.e,mʊðe,mɪðe
mʊð.u,mɪð.u,mʊðu,mɪðu
mʊð.o,mɪð.o,mʊðo,mɪðo
nʊm.i,nɪm.i,nʊmi,nɪmi
nʊm.e,nɪm.e,nʊme,nɪme
nʊm.u,nɪm.u,nʊmu,nɪmu
nʊm.o,nɪm.o,nʊmo,nɪmo
nʊn.i,nɪn.i,nʊni,nɪni
nʊn.e,nɪn.e,nʊne,nɪne
nʊn.u,nɪn.u,nʊnu,nɪnu
nʊn.o,nɪn.o,nʊno,nɪno
nʊŋ.i,nɪŋ.i,nʊŋi,nɪŋi
nʊŋ.e,nɪŋ.e,nʊŋe,nɪŋe
nʊŋ.u,nɪŋ.u,nʊŋu,nɪŋu
nʊŋ.o,nɪŋ.o,nʊŋo,nɪŋo
nʊp.i,nɪp.i,nʊpi,nɪpi
nʊp.e,nɪp.e,nʊpe,nɪpe
nʊp.u,nɪp.u,nʊpu,nɪpu
nʊp.o,nɪp.o,nʊpo,nɪpo
nʊt.i,nɪt.i,nʊti,nɪti
nʊt.e,nɪt.e,nʊte,nɪte
nʊt.u,nɪt.u,nʊtu,nɪtu
nʊt.o,nɪt.o,nʊto,nɪto
nʊk.i,nɪk.i,nʊki,nɪki
nʊk.e,nɪk.e,nʊke,nɪke
nʊk.u,nɪk.u,nʊku,nɪku
nʊk.o,nɪk.o,nʊko,nɪko
nʊb.i,nɪb.i,nʊbi,nɪbi
nʊb.e,nɪb.e,nʊbe,nɪbe
nʊb.u,nɪb.u,nʊbu,nɪbu
nʊb.o,nɪb.o,nʊbo,nɪbo
nʊd.i,nɪd.i,nʊdi,nɪdi
nʊd.e,nɪd.e,nʊde,nɪde
nʊd.u,nɪd.u,nʊdu,nɪdu
nʊd.o,nɪd.o,nʊdo,nɪdo
nʊg.i,nɪg.i,nʊgi,nɪgi
nʊg.e,nɪg.e,nʊge,nɪge
nʊg.u,nɪg.u,nʊgu,nɪgu
nʊg.o,nɪg.o,nʊgo,nɪgo
nʊf.i,nɪf.i,nʊfi,nɪfi
nʊf.e,nɪf.e,nʊfe,nɪfe
nʊf.u,nɪf.u,nʊfu,nɪfu
nʊf.o,nɪf.o,nʊfo,nɪfo
nʊs.i,nɪs.i,nʊsi,nɪsi
nʊs.e,nɪs.e,nʊse,nɪse
nʊs.u,nɪs.u,nʊsu,nɪsu
nʊs.o,nɪs.o,nʊso,nɪso
nʊv.i,nɪv.i,nʊvi,nɪvi
nʊv.e,nɪv.e,nʊve,nɪve
nʊv.u,nɪv.u,nʊvu,nɪvu
nʊv.o,nɪv.o,nʊvo,nɪvo
nʊz.i,nɪz.i,nʊzi,nɪzi
nʊz.e,nɪz.e,nʊze,nɪze
nʊz.u,nɪz.u,nʊzu,nɪzu
nʊz.o,nɪz.o,nʊzo,nɪzo
nʊʃ.i,nɪʃ.i,nʊʃi,nɪʃi
nʊʃ.e,nɪʃ.e,nʊʃe,nɪʃe
nʊʃ.u,nɪʃ.u,nʊʃu,nɪʃu
nʊʃ.o,nɪʃ.o,nʊʃo,nɪʃo
nʊʒ.i,nɪʒ.i,nʊʒi,nɪʒi
nʊʒ.e,nɪʒ.e,nʊʒe,nɪʒe
nʊʒ.u,nɪʒ.u,nʊʒu,nɪʒu
nʊʒ.o,nɪʒ.o,nʊʒo,nɪʒo
nʊθ.i,nɪθ.i,nʊθi,nɪθi
nʊθ.e,nɪθ.e,nʊθe,nɪθe
nʊθ.u,nɪθ.u,nʊθu,nɪθu
nʊθ.o,nɪθ.o,nʊθo,nɪθo
nʊð.i,nɪð.i,nʊði,nɪði
nʊð.e,nɪð.e,nʊðe,nɪðe
nʊð.u,nɪð.u,nʊðu,nɪðu
nʊð.o,nɪð.o,nʊðo,nɪðo
pʊm.i,pɪm.i,pʊmi,pɪmi
pʊm.e,pɪm.e,pʊme,pɪme
pʊm.u,pɪm.u,pʊmu,pɪmu
pʊm.o,pɪm.o,pʊmo,pɪmo
pʊn.i,pɪn.i,pʊni,pɪni
pʊn.e,pɪn.e,pʊne,pɪne
pʊn.u,pɪn.u,pʊnu,pɪnu
pʊn.o,pɪn.o,pʊno,pɪno
pʊŋ.i,pɪŋ.i,pʊŋi,pɪŋi
pʊŋ.e,pɪŋ.e,pʊŋe,pɪŋe
pʊŋ.u,pɪŋ.u,pʊŋu,pɪŋu
pʊŋ.o,pɪŋ.o,pʊŋo,pɪŋo
pʊp.i,pɪp.i,pʊpi,pɪpi
pʊp.e,pɪp.e,pʊpe,pɪpe
pʊp.u,pɪp.u,pʊpu,pɪpu
pʊp.o,pɪp.o,pʊpo,pɪpo
pʊt.i,pɪt.i,pʊti,pɪti
pʊt.e,pɪt.e,pʊte,pɪte
pʊt.u,pɪt.u,pʊtu,pɪtu
pʊt.o,pɪt.o,pʊto,pɪto
pʊk.i,pɪk.i,pʊki,pɪki
pʊk.e,pɪk.e,pʊke,pɪke
pʊk.u,pɪk.u,pʊku,pɪku
pʊk.o,pɪk.o,pʊko,pɪko
pʊb.i,pɪb.i,pʊbi,pɪbi
pʊb.e,pɪb.e,pʊbe,pɪbe
pʊb.u,pɪb.u,pʊbu,pɪbu
pʊb.o,pɪb.o,pʊbo,pɪbo
pʊd.i,pɪd.i,pʊdi,pɪdi
pʊd.e,pɪd.e,pʊde,pɪde
pʊd.u,pɪd.u,pʊdu,pɪdu
pʊd.o,pɪd.o,pʊdo,pɪdo
pʊg.i,pɪg.i,pʊgi,pɪgi
pʊg.e,pɪg.e,pʊge,pɪge
pʊg.u,pɪg.u,pʊgu,pɪgu
pʊg.o,pɪg.o,pʊgo,pɪgo
pʊf.i,pɪf.i,pʊfi,pɪfi
pʊf.e,pɪf.e,pʊfe,pɪfe
pʊf.u,pɪf.u,pʊfu,pɪfu
pʊf.o,pɪf.o,pʊfo,pɪfo
pʊs.i,pɪs.i,pʊsi,pɪsi
pʊs.e,pɪs.e,pʊse,pɪse
pʊs.u,pɪs.u,pʊsu,pɪsu
pʊs.o,pɪs.o,pʊso,pɪso
pʊv.i,pɪv.i,pʊvi,pɪvi
pʊv.e,pɪv.e,pʊve,pɪve
pʊv.u,pɪv.u,pʊvu,pɪvu
pʊv.o,pɪv.o,pʊvo,pɪvo
pʊz.i,pɪz.i,pʊzi,pɪzi
pʊz.e,pɪz.e,pʊze,pɪze
pʊz.u,pɪz.u,pʊzu,pɪzu
pʊz.o,pɪz.o,pʊzo,pɪzo
pʊʃ.i,pɪʃ.i,pʊʃi,pɪʃi
pʊʃ.e,pɪʃ.e,pʊʃe,pɪʃe
pʊʃ.u,pɪʃ.u,pʊʃu,pɪʃu
pʊʃ.o,pɪʃ.o,pʊʃo,pɪʃo
pʊʒ.i,pɪʒ.i,pʊʒi,pɪʒi
pʊʒ.e,pɪʒ.e,pʊʒe,pɪʒe
pʊʒ.u,pɪʒ.u,pʊʒu,pɪʒu
pʊʒ.o,pɪʒ.o,pʊʒo,pɪʒo
pʊθ.i,pɪθ.i,pʊθi,pɪθi
pʊθ.e,pɪθ.e,pʊθe,pɪθe
pʊθ.u,pɪθ.u,pʊθu,pɪθu
pʊθ.o,pɪθ.o,pʊθo,pɪθo
pʊð.i,pɪð.i,pʊði,pɪði
pʊð.e,pɪð.e,pʊðe,pɪðe
pʊð.u,pɪð.u,pʊðu,pɪðu
pʊð.o,pɪð.o,pʊðo,pɪðo
tʊm.i,tɪm.i,tʊmi,tɪmi
tʊm.e,tɪm.e,tʊme,tɪme
tʊm.u,tɪm.u,tʊmu,tɪmu
tʊm.o,tɪm.o,tʊmo,tɪmo
tʊn.i,tɪn.i,tʊni,tɪni
tʊn.e,tɪn.e,tʊne,tɪne
tʊn.u,tɪn.u,tʊnu,tɪnu
tʊn.o,tɪn.o,tʊno,tɪno
tʊŋ.i,tɪŋ.i,tʊŋi,tɪŋi
tʊŋ.e,tɪŋ.e,tʊŋe,tɪŋe
tʊŋ.u,tɪŋ.u,tʊŋu,tɪŋu
tʊŋ.o,tɪŋ.o,tʊŋo,tɪŋo
tʊp.i,tɪp.i,tʊpi,tɪpi
tʊp.e,tɪp.e,tʊpe,tɪpe
tʊp.u,tɪp.u,tʊpu,tɪpu
tʊp.o,tɪp.o,tʊpo,tɪpo
tʊt.i,tɪt.i,tʊti,tɪti
tʊt.e,tɪt.e,tʊte,tɪte
tʊt.u,tɪt.u,tʊtu,tɪtu
tʊt.o,tɪt.o,tʊto,tɪto
tʊk.i,tɪk.i,tʊki,tɪki
tʊk.e,tɪk.e,tʊke,tɪke
tʊk.u,tɪk.u,tʊku,tɪku
tʊk.o,tɪk.o,tʊko,tɪko
tʊb.i,tɪb.i,tʊbi,tɪbi
tʊb.e,tɪb.e,tʊbe,tɪbe
tʊb.u,tɪb.u,tʊbu,tɪbu
tʊb.o,tɪb.o,tʊbo,tɪbo
tʊd.i,tɪd.i,tʊdi,tɪdi
tʊd.e,tɪd.e,tʊde,tɪde
tʊd.u,tɪd.u,tʊdu,tɪdu
tʊd.o,tɪd.o,tʊdo,tɪdo
tʊg.i,tɪg.i,tʊgi,tɪgi
tʊg.e,tɪg.e,tʊge,tɪge
tʊg.u,tɪg.u,tʊgu,tɪgu
tʊg.o,tɪg.o,tʊgo,tɪgo
tʊf.i,tɪf.i,tʊfi,tɪfi
tʊf.e,tɪf.e,tʊfe,tɪfe
tʊf.u,tɪf.u,tʊfu,tɪfu
tʊf.o,tɪf.o,tʊfo,tɪfo
tʊs.i,tɪs.i,tʊsi,tɪsi
tʊs.e,tɪs.e,tʊse,tɪse
tʊs.u,tɪs.u,tʊsu,tɪsu
tʊs.o,tɪs.o,tʊso,tɪso
tʊv.i,tɪv.i,tʊvi,tɪvi
tʊv.e,tɪv.e,tʊve,tɪve
tʊv.u,tɪv.u,tʊvu,tɪvu
tʊv.o,tɪv.o,tʊvo,tɪvo
tʊz.i,tɪz.i,tʊzi,tɪzi
tʊz.e,tɪz.e,tʊze,tɪze
tʊz.u,tɪz.u,tʊzu,tɪzu
tʊz.o,tɪz.o,tʊzo,tɪzo
tʊʃ.i,tɪʃ.i,tʊʃi,tɪʃi
tʊʃ.e,tɪʃ.e,tʊʃe,tɪʃe
tʊʃ.u,tɪʃ.u,tʊʃu,tɪʃu
tʊʃ.o,tɪʃ.o,tʊʃo,tɪʃo
tʊʒ.i,tɪʒ.i,tʊʒi,tɪʒi
tʊʒ.e,tɪʒ.e,tʊʒe,tɪʒe
tʊʒ.u,tɪʒ.u,tʊʒu,tɪʒu
tʊʒ.o,tɪʒ.o,tʊʒo,tɪʒo
tʊθ.i,tɪθ.i,tʊθi,tɪθi
tʊθ.e,tɪθ.e,tʊθe,tɪθe
tʊθ.u,tɪθ.u,tʊθu,tɪθu
tʊθ.o,tɪθ.o,tʊθo,tɪθo
tʊð.i,tɪð.i,tʊði,tɪði
tʊð.e,tɪð.e,tʊðe,tɪðe
tʊð.u,tɪð.u,tʊðu,tɪðu
tʊð.o,tɪð.o,tʊðo,tɪðo
kʊm.i,kɪm.i,kʊmi,kɪmi
kʊm.e,kɪm.e,kʊme,kɪme
kʊm.u,kɪm.u,kʊmu,kɪmu
kʊm.o,kɪm.o,kʊmo,kɪmo
kʊn.i,kɪn.i,kʊni,kɪni
kʊn.e,kɪn.e,kʊne,kɪne
kʊn.u,kɪn.u,kʊnu,kɪnu
kʊn.o,kɪn.o,kʊno,kɪno
kʊŋ.i,kɪŋ.i,kʊŋi,kɪŋi
kʊŋ.e,kɪŋ.e,kʊŋe,kɪŋe
kʊŋ.u,kɪŋ.u,kʊŋu,kɪŋu
kʊŋ.o,kɪŋ.o,kʊŋo,kɪŋo
kʊp.i,kɪp.i,kʊpi,kɪpi
kʊp.e,kɪp.e,kʊpe,kɪpe
kʊp.u,kɪp.u,kʊpu,kɪpu
kʊp.o,kɪp.o,kʊpo,kɪpo
kʊt.i,kɪt.i,kʊti,kɪti
kʊt.e,kɪt.e,kʊte,kɪte
kʊt.u,kɪt.u,kʊtu,kɪtu
kʊt.o,kɪt.o,kʊto,kɪto
kʊk.i,kɪk.i,kʊki,kɪki
kʊk.e,kɪk.e,kʊke,kɪke
kʊk.u,kɪk.u,kʊku,kɪku
kʊk.o,kɪk.o,kʊko,kɪko
kʊb.i,kɪb.i,kʊbi,kɪbi
kʊb.e,kɪb.e,kʊbe,kɪbe
kʊb.u,kɪb.u,kʊbu,kɪbu
kʊb.o,kɪb.o,kʊbo,kɪbo
kʊd.i,kɪd.i,kʊdi,kɪdi
kʊd.e,kɪd.e,kʊde,kɪde
kʊd.u,kɪd.u,kʊdu,kɪdu
kʊd.o,kɪd.o,kʊdo,kɪdo
kʊg.i,kɪg.i,kʊgi,kɪgi
kʊg.e,kɪg.e,kʊge,kɪge
kʊg.u,kɪg.u,kʊgu,kɪgu
kʊg.o,kɪg.o,kʊgo,kɪgo
kʊf.i,kɪf.i,kʊfi,kɪfi
kʊf.e,kɪf.e,kʊfe,kɪfe
kʊf.u,kɪf.u,kʊfu,kɪfu
kʊf.o,kɪf.o,kʊfo,kɪfo
kʊs.i,kɪs.i,kʊsi,kɪsi
kʊs.e,kɪs.e,kʊse,kɪse
kʊs.u,kɪs.u,kʊsu,kɪsu
kʊs.o,kɪs.o,kʊso,kɪso
kʊv.i,kɪv.i,kʊvi,kɪvi
kʊv.e,kɪv.e,kʊve,kɪve
kʊv.u,kɪv.u,kʊvu,kɪvu
kʊv.o,kɪv.o,kʊvo,kɪvo
kʊz.i,kɪz.i,kʊzi,kɪzi
kʊz.e,kɪz.e,kʊze,kɪze
kʊz.u,kɪz.u,kʊzu,kɪzu
kʊz.o,kɪz.o,kʊzo,kɪzo
kʊʃ.i,kɪʃ.i,kʊʃi,kɪʃi
kʊʃ.e,kɪʃ.e,kʊʃe,kɪʃe
kʊʃ.u,kɪʃ.u,kʊʃu,kɪʃu
kʊʃ.o,kɪʃ.o,kʊʃo,kɪʃo
kʊʒ.i,kɪʒ.i,kʊʒi,kɪʒi
kʊʒ.e,kɪʒ.e,kʊʒe,kɪʒe
kʊʒ.u,kɪʒ.u,kʊʒu,kɪʒu
kʊʒ.o,kɪʒ.o,kʊʒo,kɪʒo
kʊθ.i,kɪθ.i,kʊθi,kɪθi
kʊθ.e,kɪθ.e,kʊθe,kɪθe
kʊθ.u,kɪθ.u,kʊθu,kɪθu
kʊθ.o,kɪθ.o,kʊθo,kɪθo
kʊð.i,kɪð.i,kʊði,kɪði
kʊð.e,kɪð.e,kʊðe,kɪðe
kʊð.u,kɪð.u,kʊðu,kɪðu
kʊð.o,kɪð.o,kʊðo,kɪðo
bʊm.i,bɪm.i,bʊmi,bɪmi
bʊm.e,bɪm.e,bʊme,bɪme
bʊm.u,bɪm.u,bʊmu,bɪmu
bʊm.o,bɪm.o,bʊmo,bɪmo
bʊn.i,bɪn.i,bʊni,bɪni
bʊn.e,bɪn.e,bʊne,bɪne
bʊn.u,bɪn.u,bʊnu,bɪnu
bʊn.o,bɪn.o,bʊno,bɪno
bʊŋ.i,bɪŋ.i,bʊŋi,bɪŋi
bʊŋ.e,bɪŋ.e,bʊŋe,bɪŋe
bʊŋ.u,bɪŋ.u,bʊŋu,bɪŋu
bʊŋ.o,bɪŋ.o,bʊŋo,bɪŋo
bʊp.i,bɪp.i,bʊpi,bɪpi
bʊp.e,bɪp.e,bʊpe,bɪpe
bʊp.u,bɪp.u,bʊpu,bɪpu
bʊp.o,bɪp.o,bʊpo,bɪpo
bʊt.i,bɪt.i,bʊti,bɪti
bʊt.e,bɪt.e,bʊte,bɪte
bʊt.u,bɪt.u,bʊtu,bɪtu
bʊt.o,bɪt.o,bʊto,bɪto
bʊk.i,bɪk.i,bʊki,bɪki
bʊk.e,bɪk.e,bʊke,bɪke
bʊk.u,bɪk.u,bʊku,bɪku
bʊk.o,bɪk.o,bʊko,bɪko
bʊb.i,bɪb.i,bʊbi,bɪbi
bʊb.e,bɪb.e,bʊbe,bɪbe
bʊb.u,bɪb.u,bʊbu,bɪbu
bʊb.o,bɪb.o,bʊbo,bɪbo
bʊd.i,bɪd.i,bʊdi,bɪdi
bʊd.e,bɪd.e,bʊde,bɪde
bʊd.u,bɪd.u,bʊdu,bɪdu
bʊd.o,bɪd.o,bʊdo,bɪdo
bʊg.i,bɪg.i,bʊgi,bɪgi
bʊg.e,bɪg.e,bʊge,bɪge
bʊg.u,bɪg.u,bʊgu,bɪgu
bʊg.o,bɪg.o,bʊgo,bɪgo
bʊf.i,bɪf.i,bʊfi,bɪfi
bʊf.e,bɪf.e,bʊfe,bɪfe
bʊf.u,bɪf.u,bʊfu,bɪfu
bʊf.o,bɪf.o,bʊfo,bɪfo
bʊs.i,bɪs.i,bʊsi,bɪsi
bʊs.e,bɪs.e,bʊse,bɪse
bʊs.u,bɪs.u,bʊsu,bɪsu
bʊs.o,bɪs.o,bʊso,bɪso
bʊv.i,bɪv.i,bʊvi,bɪvi
bʊv.e,bɪv.e,bʊve,bɪve
bʊv.u,bɪv.u,bʊvu,bɪvu
bʊv.o,bɪv.o,bʊvo,bɪvo
bʊz.i,bɪz.i,bʊzi,bɪzi
bʊz.e,bɪz.e,bʊze,bɪze
bʊz.u,bɪz.u,bʊzu,bɪzu
bʊz.o,bɪz.o,bʊzo,bɪzo
bʊʃ.i,bɪʃ.i,bʊʃi,bɪʃi
bʊʃ.e,bɪʃ.e,bʊʃe,bɪʃe
bʊʃ.u,bɪʃ.u,bʊʃu,bɪʃu
bʊʃ.o,bɪʃ.o,bʊʃo,bɪʃo
bʊʒ.i,bɪʒ.i,bʊʒi,bɪʒi
bʊʒ.e,bɪʒ.e,bʊʒe,bɪʒe
bʊʒ.u,bɪʒ.u,bʊʒu,bɪʒu
bʊʒ.o,bɪʒ.o,bʊʒo,bɪʒo
bʊθ.i,bɪθ.i,bʊθi,bɪθi
bʊθ.e,bɪθ.e,bʊθe,bɪθe
bʊθ.u,bɪθ.u,bʊθu,bɪθu
bʊθ.o,bɪθ.o,bʊθo,bɪθo
bʊð.i,bɪð.i,bʊði,bɪði
bʊð.e,bɪð.e,bʊðe,bɪðe
bʊð.u,bɪð.u,bʊðu,bɪðu
bʊð.o,bɪð.o,bʊðo,bɪðo
dʊm.i,dɪm.i,dʊmi,dɪmi
dʊm.e,dɪm.e,dʊme,dɪme
dʊm.u,dɪm.u,dʊmu,dɪmu
dʊm.o,dɪm.o,dʊmo,dɪmo
dʊn.i,dɪn.i,dʊni,dɪni
dʊn.e,dɪn.e,dʊne,dɪne
dʊn.u,dɪn.u,dʊnu,dɪnu
dʊn.o,dɪn.o,dʊno,dɪno
dʊŋ.i,dɪŋ.i,dʊŋi,dɪŋi
dʊŋ.e,dɪŋ.e,dʊŋe,dɪŋe
dʊŋ.u,dɪŋ.u,dʊŋu,dɪŋu
dʊŋ.o,dɪŋ.o,dʊŋo,dɪŋo
dʊp.i,dɪp.i,dʊpi,dɪpi
dʊp.e,dɪp.e,dʊpe,dɪpe
dʊp.u,dɪp.u,dʊpu,dɪpu
dʊp.o,dɪp.o,dʊpo,dɪpo
dʊt.i,dɪt.i,dʊti,dɪti
dʊt.e,dɪt.e,dʊte,dɪte
dʊt.u,dɪt.u,dʊtu,dɪtu
dʊt.o,dɪt.o,dʊto,dɪto
dʊk.i,dɪk.i,dʊki,dɪki
dʊk.e,dɪk.e,dʊke,dɪke
dʊk.u,dɪk.u,dʊku,dɪku
dʊk.o,dɪk.o,dʊko,dɪko
dʊb.i,dɪb.i,dʊbi,dɪbi
dʊb.e,dɪb.e,dʊbe,dɪbe
dʊb.u,dɪb.u,dʊbu,dɪbu
dʊb.o,dɪb.o,dʊbo,dɪbo
dʊd.i,dɪd.i,dʊdi,dɪdi
dʊd.e,dɪd.e,dʊde,dɪde
dʊd.u,dɪd.u,dʊdu,dɪdu
dʊd.o,dɪd.o,dʊdo,dɪdo
dʊg.i,dɪg.i,dʊgi,dɪgi
dʊg.e,dɪg.e,dʊge,dɪge
dʊg.u,dɪg.u,dʊgu,dɪgu
dʊg.o,dɪg.o,dʊgo,dɪgo
dʊf.i,dɪf.i,dʊfi,dɪfi
dʊf.e,dɪf.e,dʊfe,dɪfe
dʊf.u,dɪf.u,dʊfu,dɪfu
dʊf.o,dɪf.o,dʊfo,dɪfo
dʊs.i,dɪs.i,dʊsi,dɪsi
dʊs.e,dɪs.e,dʊse,dɪse
dʊs.u,dɪs.u,dʊsu,dɪsu
dʊs.o,dɪs.o,dʊso,dɪso
dʊv.i,dɪv.i,dʊvi,dɪvi
dʊv.e,dɪv.e,dʊve,dɪve
dʊv.u,dɪv.u,dʊvu,dɪvu
dʊv.o,dɪv.o,dʊvo,dɪvo
dʊz.i,dɪz.i,dʊzi,dɪzi
dʊz.e,dɪz.e,dʊze,dɪze
dʊz.u,dɪz.u,dʊzu,dɪzu
dʊz.o,dɪz.o,dʊzo,dɪzo
dʊʃ.i,dɪʃ.i,dʊʃi,dɪʃi
dʊʃ.e,dɪʃ.e,dʊʃe,dɪʃe
dʊʃ.u,dɪʃ.u,dʊʃu,dɪʃu
dʊʃ.o,dɪʃ.o,dʊʃo,dɪʃo
dʊʒ.i,dɪʒ.i,dʊʒi,dɪʒi
dʊʒ.e,dɪʒ.e,dʊʒe,dɪʒe
dʊʒ.u,dɪʒ.u,dʊʒu,dɪʒu
dʊʒ.o,dɪʒ.o,dʊʒo,dɪʒo
dʊθ.i,dɪθ.i,dʊθi,dɪθi
dʊθ.e,dɪθ.e,dʊθe,dɪθe
dʊθ.u,dɪθ.u,dʊθu,dɪθu
dʊθ.o,dɪθ.o,dʊθo,dɪθo
dʊð.i,dɪð.i,dʊði,dɪði
dʊð.e,dɪð.e,dʊðe,dɪðe
dʊð.u,dɪð.u,dʊðu,dɪðu
dʊð.o,dɪð.o,dʊðo,dɪðo
gʊm.i,gɪm.i,gʊmi,gɪmi
gʊm.e,gɪm.e,gʊme,gɪme
gʊm.u,gɪm.u,gʊmu,gɪmu
gʊm.o,gɪm.o,gʊmo,gɪmo
gʊn.i,gɪn.i,gʊni,gɪni
gʊn.e,gɪn.e,gʊne,gɪne
gʊn.u,gɪn.u,gʊnu,gɪnu
gʊn.o,gɪn.o,gʊno,gɪno
gʊŋ.i,gɪŋ.i,gʊŋi,gɪŋi
gʊŋ.e,gɪŋ.e,gʊŋe,gɪŋe
gʊŋ.u,gɪŋ.u,gʊŋu,gɪŋu
gʊŋ.o,gɪŋ.o,gʊŋo,gɪŋo
gʊp.i,gɪp.i,gʊpi,gɪpi
gʊp.e,gɪp.e,gʊpe,gɪpe
gʊp.u,gɪp.u,gʊpu,gɪpu
gʊp.o,gɪp.o,gʊpo,gɪpo
gʊt.i,gɪt.i,gʊti,gɪti
gʊt.e,gɪt.e,gʊte,gɪte
gʊt.u,gɪt.u,gʊtu,gɪtu
gʊt.o,gɪt.o,gʊto,gɪto
gʊk.i,gɪk.i,gʊki,gɪki
gʊk.e,gɪk.e,gʊke,gɪke
gʊk.u,gɪk.u,gʊku,gɪku
gʊk.o,gɪk.o,gʊko,gɪko
gʊb.i,gɪb.i,gʊbi,gɪbi
gʊb.e,gɪb.e,gʊbe,gɪbe
gʊb.u,gɪb.u,gʊbu,gɪbu
gʊb.o,gɪb.o,gʊbo,gɪbo
gʊd.i,gɪd.i,gʊdi,gɪdi
gʊd.e,gɪd.e,gʊde,gɪde
gʊd.u,gɪd.u,gʊdu,gɪdu
gʊd.o,gɪd.o,gʊdo,gɪdo
gʊg.i,gɪg.i,gʊgi,gɪgi
gʊg.e,gɪg.e,gʊge,gɪge
gʊg.u,gɪg.u,gʊgu,gɪgu
gʊg.o,gɪg.o,gʊgo,gɪgo
gʊf.i,gɪf.i,gʊfi,gɪfi
gʊf.e,gɪf.e,gʊfe,gɪfe
gʊf.u,gɪf.u,gʊfu,gɪfu
gʊf.o,gɪf.o,gʊfo,gɪfo
gʊs.i,gɪs.i,gʊsi,gɪsi
gʊs.e,gɪs.e,gʊse,gɪse
gʊs.u,gɪs.u,gʊsu,gɪsu
gʊs.o,gɪs.o,gʊso,gɪso
gʊv.i,gɪv.i,gʊvi,gɪvi
gʊv.e,gɪv.e,gʊve,gɪve
gʊv.u,gɪv.u,gʊvu,gɪvu
gʊv.o,gɪv.o,gʊvo,gɪvo
gʊz.i,gɪz.i,gʊzi,gɪzi
gʊz.e,gɪz.e,gʊze,gɪze
gʊz.u,gɪz.u,gʊzu,gɪzu
gʊz.o,gɪz.o,gʊzo,gɪzo
gʊʃ.i,gɪʃ.i,gʊʃi,gɪʃi
gʊʃ.e,gɪʃ.e,gʊʃe,gɪʃe
gʊʃ.u,gɪʃ.u,gʊʃu,gɪʃu
gʊʃ.o,gɪʃ.o,gʊʃo,gɪʃo
gʊʒ.i,gɪʒ.i,gʊʒi,gɪʒi
gʊʒ.e,gɪʒ.e,gʊʒe,gɪʒe
gʊʒ.u,gɪʒ.u,gʊʒu,gɪʒu
gʊʒ.o,gɪʒ.o,gʊʒo,gɪʒo
gʊθ.i,gɪθ.i,gʊθi,gɪθi
gʊθ.e,gɪθ.e,gʊθe,gɪθe
gʊθ.u,gɪθ.u,gʊθu,gɪθu
gʊθ.o,gɪθ.o,gʊθo,gɪθo
gʊð.i,gɪð.i,gʊði,gɪði
gʊð.e,gɪð.e,gʊðe,gɪðe
gʊð.u,gɪð.u,gʊðu,gɪðu
gʊð.o,gɪð.o,gʊðo,gɪðo
fʊm.i,fɪm.i,fʊmi,fɪmi
fʊm.e,fɪm.e,fʊme,fɪme
fʊm.u,fɪm.u,fʊmu,fɪmu
fʊm.o,fɪm.o,fʊmo,fɪmo
fʊn.i,fɪn.i,fʊni,fɪni
fʊn.e,fɪn.e,fʊne,fɪne
fʊn.u,fɪn.u,fʊnu,fɪnu
fʊn.o,fɪn.o,fʊno,fɪno
fʊŋ.i,fɪŋ.i,fʊŋi,fɪŋi
fʊŋ.e,fɪŋ.e,fʊŋe,fɪŋe
fʊŋ.u,fɪŋ.u,fʊŋu,fɪŋu
fʊŋ.o,fɪŋ.o,fʊŋo,fɪŋo
fʊp.i,fɪp.i,fʊpi,fɪpi
fʊp.e,fɪp.e,fʊpe,fɪpe
fʊp.u,fɪp.u,fʊpu,fɪpu
fʊp.o,fɪp.o,fʊpo,fɪpo
fʊt.i,fɪt.i,fʊti,fɪti
fʊt.e,fɪt.e,fʊte,fɪte
fʊt.u,fɪt.u,fʊtu,fɪtu
fʊt.o,fɪt.o,fʊto,fɪto
fʊk.i,fɪk.i,fʊki,fɪki
fʊk.e,fɪk.e,fʊke,fɪke
fʊk.u,fɪk.u,fʊku,fɪku
fʊk.o,fɪk.o,fʊko,fɪko
fʊb.i,fɪb.i,fʊbi,fɪbi
fʊb.e,fɪb.e,fʊbe,fɪbe
fʊb.u,fɪb.u,fʊbu,fɪbu
fʊb.o,fɪb.o,fʊbo,fɪbo
fʊd.i,fɪd.i,fʊdi,fɪdi
fʊd.e,fɪd.e,fʊde,fɪde
fʊd.u,fɪd.u,fʊdu,fɪdu
fʊd.o,fɪd.o,fʊdo,fɪdo
fʊg.i,fɪg.i,fʊgi,fɪgi
fʊg.e,fɪg.e,fʊge,fɪge
fʊg.u,fɪg.u,fʊgu,fɪgu
fʊg.o,fɪg.o,fʊgo,fɪgo
fʊf.i,fɪf.i,fʊfi,fɪfi
fʊf.e,fɪf.e,fʊfe,fɪfe
fʊf.u,fɪf.u,fʊfu,fɪfu
fʊf.o,fɪf.o,fʊfo,fɪfo
fʊs.i,fɪs.i,fʊsi,fɪsi
fʊs.e,fɪs.e,fʊse,fɪse
fʊs.u,fɪs.u,fʊsu,fɪsu
fʊs.o,fɪs.o,fʊso,fɪso
fʊv.i,fɪv.i,fʊvi,fɪvi
fʊv.e,fɪv.e,fʊve,fɪve
fʊv.u,fɪv.u,fʊvu,fɪvu
fʊv.o,fɪv.o,fʊvo,fɪvo
fʊz.i,fɪz.i,fʊzi,fɪzi
fʊz.e,fɪz.e,fʊze,fɪze
fʊz.u,fɪz.u,fʊzu,fɪzu
fʊz.o,fɪz.o,fʊzo,fɪzo
fʊʃ.i,fɪʃ.i,fʊʃi,fɪʃi
fʊʃ.e,fɪʃ.e,fʊʃe,fɪʃe
fʊʃ.u,fɪʃ.u,fʊʃu,fɪʃu
fʊʃ.o,fɪʃ.o,fʊʃo,fɪʃo
fʊʒ.i,fɪʒ.i,fʊʒi,fɪʒi
fʊʒ.e,fɪʒ.e,fʊʒe,fɪʒe
fʊʒ.u,fɪʒ.u,fʊʒu,fɪʒu
fʊʒ.o,fɪʒ.o,fʊʒo,fɪʒo
fʊθ.i,fɪθ.i,fʊθi,fɪθi
fʊθ.e,fɪθ.e,fʊθe,fɪθe
fʊθ.u,fɪθ.u,fʊθu,fɪθu
fʊθ.o,fɪθ.o,fʊθo,fɪθo
fʊð.i,fɪð.i,fʊði,fɪði
fʊð.e,fɪð.e,fʊðe,fɪðe
fʊð.u,fɪð.u,fʊðu,fɪðu
fʊð.o,fɪð.o,fʊðo,fɪðo
sʊm.i,sɪm.i,sʊmi,sɪmi
sʊm.e,sɪm.e,sʊme,sɪme
sʊm.u,sɪm.u,sʊmu,sɪmu
sʊm.o,sɪm.o,sʊmo,sɪmo
sʊn.i,sɪn.i,sʊni,sɪni
sʊn.e,sɪn.e,sʊne,sɪne
sʊn.u,sɪn.u,sʊnu,sɪnu
sʊn.o,sɪn.o,sʊno,sɪno
sʊŋ.i,sɪŋ.i,sʊŋi,sɪŋi
sʊŋ.e,sɪŋ.e,sʊŋe,sɪŋe
sʊŋ.u,sɪŋ.u,sʊŋu,sɪŋu
sʊŋ.o,sɪŋ.o,sʊŋo,sɪŋo
sʊp.i,sɪp.i,sʊpi,sɪpi
sʊp.e,sɪp.e,sʊpe,sɪpe
sʊp.u,sɪp.u,sʊpu,sɪpu
sʊp.o,sɪp.o,sʊpo,sɪpo
sʊt.i,sɪt.i,sʊti,sɪti
sʊt.e,sɪt.e,sʊte,sɪte
sʊt.u,sɪt.u,sʊtu,sɪtu
sʊt.o,sɪt.o,sʊto,sɪto
sʊk.i,sɪk.i,sʊki,sɪki
sʊk.e,sɪk.e,sʊke,sɪke
sʊk.u,sɪk.u,sʊku,sɪku
sʊk.o,sɪk.o,sʊko,sɪko
sʊb.i,sɪb.i,sʊbi,sɪbi
sʊb.e,sɪb.e,sʊbe,sɪbe
sʊb.u,sɪb.u,sʊbu,sɪbu
sʊb.o,sɪb.o,sʊbo,sɪbo
sʊd.i,sɪd.i,sʊdi,sɪdi
sʊd.e,sɪd.e,sʊde,sɪde
sʊd.u,sɪd.u,sʊdu,sɪdu
sʊd.o,sɪd.o,sʊdo,sɪdo
sʊg.i,sɪg.i,sʊgi,sɪgi
sʊg.e,sɪg.e,sʊge,sɪge
sʊg.u,sɪg.u,sʊgu,sɪgu
sʊg.o,sɪg.o,sʊgo,sɪgo
sʊf.i,sɪf.i,sʊfi,sɪfi
sʊf.e,sɪf.e,sʊfe,sɪfe
sʊf.u,sɪf.u,sʊfu,sɪfu
sʊf.o,sɪf.o,sʊfo,sɪfo
sʊs.i,sɪs.i,sʊsi,sɪsi
sʊs.e,sɪs.e,sʊse,sɪse
sʊs.u,sɪs.u,sʊsu,sɪsu
sʊs.o,sɪs.o,sʊso,sɪso
sʊv.i,sɪv.i,sʊvi,sɪvi
sʊv.e,sɪv.e,sʊve,sɪve
sʊv.u,sɪv.u,sʊvu,sɪvu
sʊv.o,sɪv.o,sʊvo,sɪvo
sʊz.i,sɪz.i,sʊzi,sɪzi
sʊz.e,sɪz.e,sʊze,sɪze
sʊz.u,sɪz.u,sʊzu,sɪzu
sʊz.o,sɪz.o,sʊzo,sɪzo
sʊʃ.i,sɪʃ.i,sʊʃi,sɪʃi
sʊʃ.e,sɪʃ.e,sʊʃe,sɪʃe
sʊʃ.u,sɪʃ.u,sʊʃu,sɪʃu
sʊʃ.o,sɪʃ.o,sʊʃo,sɪʃo
sʊʒ.i,sɪʒ.i,sʊʒi,sɪʒi
sʊʒ.e,sɪʒ.e,sʊʒe,sɪʒe
sʊʒ.u,sɪʒ.u,sʊʒu,sɪʒu
sʊʒ.o,sɪʒ.o,sʊʒo,sɪʒo
sʊθ.i,sɪθ.i,sʊθi,sɪθi
sʊθ.e,sɪθ.e,sʊθe,sɪθe
sʊθ.u,sɪθ.u,sʊθu,sɪθu
sʊθ.o,sɪθ.o,sʊθo,sɪθo
sʊð.i,sɪð.i,sʊði,sɪði
sʊð.e,sɪð.e,sʊðe,sɪðe
sʊð.u,sɪð.u,sʊðu,sɪðu
sʊð.o,sɪð.o,sʊðo,sɪðo
vʊm.i,vɪm.i,vʊmi,vɪmi
vʊm.e,vɪm.e,vʊme,vɪme
vʊm.u,vɪm.u,vʊmu,vɪmu
vʊm.o,vɪm.o,vʊmo,vɪmo
vʊn.i,vɪn.i,vʊni,vɪni
vʊn.e,vɪn.e,vʊne,vɪne
vʊn.u,vɪn.u,vʊnu,vɪnu
vʊn.o,vɪn.o,vʊno,vɪno
vʊŋ.i,vɪŋ.i,vʊŋi,vɪŋi
vʊŋ.e,vɪŋ.e,vʊŋe,vɪŋe
vʊŋ.u,vɪŋ.u,vʊŋu,vɪŋu
vʊŋ.o,vɪŋ.o,vʊŋo,vɪŋo
vʊp.i,vɪp.i,vʊpi,vɪpi
vʊp.e,vɪp.e,vʊpe,vɪpe
vʊp.u,vɪp.u,vʊpu,vɪpu
vʊp.o,vɪp.o,vʊpo,vɪpo
vʊt.i,vɪt.i,vʊti,vɪti
vʊt.e,vɪt.e,vʊte,vɪte
vʊt.u,vɪt.u,vʊtu,vɪtu
vʊt.o,vɪt.o,vʊto,vɪto
vʊk.i,vɪk.i,vʊki,vɪki
vʊk.e,vɪk.e,vʊke,vɪke
vʊk.u,vɪk.u,vʊku,vɪku
vʊk.o,vɪk.o,vʊko,vɪko
vʊb.i,vɪb.i,vʊbi,vɪbi
vʊb.e,vɪb.e,vʊbe,vɪbe
vʊb.u,vɪb.u,vʊbu,vɪbu
vʊb.o,vɪb.o,vʊbo,vɪbo
vʊd.i,vɪd.i,vʊdi,vɪdi
vʊd.e,vɪd.e,vʊde,vɪde
vʊd.u,vɪd.u,vʊdu,vɪdu
vʊd.o,vɪd.o,vʊdo,vɪdo
vʊg.i,vɪg.i,vʊgi,vɪgi
vʊg.e,vɪg.e,vʊge,vɪge
vʊg.u,vɪg.u,vʊgu,vɪgu
vʊg.o,vɪg.o,vʊgo,vɪgo
vʊf.i,vɪf.i,vʊfi,vɪfi
vʊf.e,vɪf.e,vʊfe,vɪfe
vʊf.u,vɪf.u,vʊfu,vɪfu
vʊf.o,vɪf.o,vʊfo,vɪfo
vʊs.i,vɪs.i,vʊsi,vɪsi
vʊs.e,vɪs.e,vʊse,vɪse
vʊs.u,vɪs.u,vʊsu,vɪsu
vʊs.o,vɪs.o,vʊso,vɪso
vʊv.i,vɪv.i,vʊvi,vɪvi
vʊv.e,vɪv.e,vʊve,vɪve
vʊv.u,vɪv.u,vʊvu,vɪvu
vʊv.o,vɪv.o,vʊvo,vɪvo
vʊz.i,vɪz.i,vʊzi,vɪzi
vʊz.e,vɪz.e,vʊze,vɪze
vʊz.u,vɪz.u,vʊzu,vɪzu
vʊz.o,vɪz.o,vʊzo,vɪzo
vʊʃ.i,vɪʃ.i,vʊʃi,vɪʃi
vʊʃ.e,vɪʃ.e,vʊʃe,vɪʃe
vʊʃ.u,vɪʃ.u,vʊʃu,vɪʃu
vʊʃ.o,vɪʃ.o,vʊʃo,vɪʃo
vʊʒ.i,vɪʒ.i,vʊʒi,vɪʒi
vʊʒ.e,vɪʒ.e,vʊʒe,vɪʒe
vʊʒ.u,vɪʒ.u,vʊʒu,vɪʒu
vʊʒ.o,vɪʒ.o,vʊʒo,vɪʒo
vʊθ.i,vɪθ.i,vʊθi,vɪθi
vʊθ.e,vɪθ.e,vʊθe,vɪθe
vʊθ.u,vɪθ.u,vʊθu,vɪθu
vʊθ.o,vɪθ.o,vʊθo,vɪθo
vʊð.i,vɪð.i,vʊði,vɪði
vʊð.e,vɪð.e,vʊðe,vɪðe
vʊð.u,vɪð.u,vʊðu,vɪðu
vʊð.o,vɪð.o,vʊðo,vɪðo
zʊm.i,zɪm.i,zʊmi,zɪmi
zʊm.e,zɪm.e,zʊme,zɪme
zʊm.u,zɪm.u,zʊmu,zɪmu
zʊm.o,zɪm.o,zʊmo,zɪmo
zʊn.i,zɪn.i,zʊni,zɪni
zʊn.e,zɪn.e,zʊne,zɪne
zʊn.u,zɪn.u,zʊnu,zɪnu
zʊn.o,zɪn.o,zʊno,zɪno
zʊŋ.i,zɪŋ.i,zʊŋi,zɪŋi
zʊŋ.e,zɪŋ.e,zʊŋe,zɪŋe
zʊŋ.u,zɪŋ.u,zʊŋu,zɪŋu
zʊŋ.o,zɪŋ.o,zʊŋo,zɪŋo
zʊp.i,zɪp.i,zʊpi,zɪpi
zʊp.e,zɪp.e,zʊpe,zɪpe
zʊp.u,zɪp.u,zʊpu,zɪpu
zʊp.o,zɪp.o,zʊpo,zɪpo
zʊt.i,zɪt.i,zʊti,zɪti
zʊt.e,zɪt.e,zʊte,zɪte
zʊt.u,zɪt.u,zʊtu,zɪtu
zʊt.o,zɪt.o,zʊto,zɪto
zʊk.i,zɪk.i,zʊki,zɪki
zʊk.e,zɪk.e,zʊke,zɪke
zʊk.u,zɪk.u,zʊku,zɪku
zʊk.o,zɪk.o,zʊko,zɪko
zʊb.i,zɪb.i,zʊbi,zɪbi
zʊb.e,zɪb.e,zʊbe,zɪbe
zʊb.u,zɪb.u,zʊbu,zɪbu
zʊb.o,zɪb.o,zʊbo,zɪbo
zʊd.i,zɪd.i,zʊdi,zɪdi
zʊd.e,zɪd.e,zʊde,zɪde
zʊd.u,zɪd.u,zʊdu,zɪdu
zʊd.o,zɪd.o,zʊdo,zɪdo
zʊg.i,zɪg.i,zʊgi,zɪgi
zʊg.e,zɪg.e,zʊge,zɪge
zʊg.u,zɪg.u,zʊgu,zɪgu
zʊg.o,zɪg.o,zʊgo,zɪgo
zʊf.i,zɪf.i,zʊfi,zɪfi
zʊf.e,zɪf.e,zʊfe,zɪfe
zʊf.u,zɪf.u,zʊfu,zɪfu
zʊf.o,zɪf.o,zʊfo,zɪfo
zʊs.i,zɪs.i,zʊsi,zɪsi
zʊs.e,zɪs.e,zʊse,zɪse
zʊs.u,zɪs.u,zʊsu,zɪsu
zʊs.o,zɪs.o,zʊso,zɪso
zʊv.i,zɪv.i,zʊvi,zɪvi
zʊv.e,zɪv.e,zʊve,zɪve
zʊv.u,zɪv.u,zʊvu,zɪvu
zʊv.o,zɪv.o,zʊvo,zɪvo
zʊz.i,zɪz.i,zʊzi,zɪzi
zʊz.e,zɪz.e,zʊze,zɪze
zʊz.u,zɪz.u,zʊzu,zɪzu
zʊz.o,zɪz.o,zʊzo,zɪzo
zʊʃ.i,zɪʃ.i,zʊʃi,zɪʃi
zʊʃ.e,zɪʃ.e,zʊʃe,zɪʃe
zʊʃ.u,zɪʃ.u,zʊʃu,zɪʃu
zʊʃ.o,zɪʃ.o,zʊʃo,zɪʃo
zʊʒ.i,zɪʒ.i,zʊʒi,zɪʒi
zʊʒ.e,zɪʒ.e,zʊʒe,zɪʒe
zʊʒ.u,zɪʒ.u,zʊʒu,zɪʒu
zʊʒ.o,zɪʒ.o,zʊʒo,zɪʒo
zʊθ.i,zɪθ.i,zʊθi,zɪθi
zʊθ.e,zɪθ.e,zʊθe,zɪθe
zʊθ.u,zɪθ.u,zʊθu,zɪθu
zʊθ.o,zɪθ.o,zʊθo,zɪθo
zʊð.i,zɪð.i,zʊði,zɪði
zʊð.e,zɪð.e,zʊðe,zɪðe
zʊð.u,zɪð.u,zʊðu,zɪðu
zʊð.o,zɪð.o,zʊðo,zɪðo
ʃʊm.i,ʃɪm.i,ʃʊmi,ʃɪmi
ʃʊm.e,ʃɪm.e,ʃʊme,ʃɪme
ʃʊm.u,ʃɪm.u,ʃʊmu,ʃɪmu
ʃʊm.o,ʃɪm.o,ʃʊmo,ʃɪmo
ʃʊn.i,ʃɪn.i,ʃʊni,ʃɪni
ʃʊn.e,ʃɪn.e,ʃʊne,ʃɪne
ʃʊn.u,ʃɪn.u,ʃʊnu,ʃɪnu
ʃʊn.o,ʃɪn.o,ʃʊno,ʃɪno
ʃʊŋ.i,ʃɪŋ.i,ʃʊŋi,ʃɪŋi
ʃʊŋ.e,ʃɪŋ.e,ʃʊŋe,ʃɪŋe
ʃʊŋ.u,ʃɪŋ.u,ʃʊŋu,ʃɪŋu
ʃʊŋ.o,ʃɪŋ.o,ʃʊŋo,ʃɪŋo
ʃʊp.i,ʃɪp.i,ʃʊpi,ʃɪpi
ʃʊp.e,ʃɪp.e,ʃʊpe,ʃɪpe
ʃʊp.u,ʃɪp.u,ʃʊpu,ʃɪpu
ʃʊp.o,ʃɪp.o,ʃʊpo,ʃɪpo
ʃʊt.i,ʃɪt.i,ʃʊti,ʃɪti
ʃʊt.e,ʃɪt.e,ʃʊte,ʃɪte
ʃʊt.u,ʃɪt.u,ʃʊtu,ʃɪtu
ʃʊt.o,ʃɪt.o,ʃʊto,ʃɪto
ʃʊk.i,ʃɪk.i,ʃʊki,ʃɪki
ʃʊk.e,ʃɪk.e,ʃʊke,ʃɪke
ʃʊk.u,ʃɪk.u,ʃʊku,ʃɪku
ʃʊk.o,ʃɪk.o,ʃʊko,ʃɪko
ʃʊb.i,ʃɪb.i,ʃʊbi,ʃɪbi
ʃʊb.e,ʃɪb.e,ʃʊbe,ʃɪbe
ʃʊb.u,ʃɪb.u,ʃʊbu,ʃɪbu
ʃʊb.o,ʃɪb.o,ʃʊbo,ʃɪbo
ʃʊd.i,ʃɪd.i,ʃʊdi,ʃɪdi
ʃʊd.e,ʃɪd.e,ʃʊde,ʃɪde
ʃʊd.u,ʃɪd.u,ʃʊdu,ʃɪdu
ʃʊd.o,ʃɪd.o,ʃʊdo,ʃɪdo
ʃʊg.i,ʃɪg.i,ʃʊgi,ʃɪgi
ʃʊg.e,ʃɪg.e,ʃʊge,ʃɪge
ʃʊg.u,ʃɪg.u,ʃʊgu,ʃɪgu
ʃʊg.o,ʃɪg.o,ʃʊgo,ʃɪgo
ʃʊf.i,ʃɪf.i,ʃʊfi,ʃɪfi
ʃʊf.e,ʃɪf.e,ʃʊfe,ʃɪfe
ʃʊf.u,ʃɪf.u,ʃʊfu,ʃɪfu
ʃʊf.o,ʃɪf.o,ʃʊfo,ʃɪfo
ʃʊs.i,ʃɪs.i,ʃʊsi,ʃɪsi
ʃʊs.e,ʃɪs.e,ʃʊse,ʃɪse
ʃʊs.u,ʃɪs.u,ʃʊsu,ʃɪsu
ʃʊs.o,ʃɪs.o,ʃʊso,ʃɪso
ʃʊv.i,ʃɪv.i,ʃʊvi,ʃɪvi
ʃʊv.e,ʃɪv.e,ʃʊve,ʃɪve
ʃʊv.u,ʃɪv.u,ʃʊvu,ʃɪvu
ʃʊv.o,ʃɪv.o,ʃʊvo,ʃɪvo
ʃʊz.i,ʃɪz.i,ʃʊzi,ʃɪzi
ʃʊz.e,ʃɪz.e,ʃʊze,ʃɪze
ʃʊz.u,ʃɪz.u,ʃʊzu,ʃɪzu
ʃʊz.o,ʃɪz.o,ʃʊzo,ʃɪzo
ʃʊʃ.i,ʃɪʃ.i,ʃʊʃi,ʃɪʃi
ʃʊʃ.e,ʃɪʃ.e,ʃʊʃe,ʃɪʃe
ʃʊʃ.u,ʃɪʃ.u,ʃʊʃu,ʃɪʃu
ʃʊʃ.o,ʃɪʃ.o,ʃʊʃo,ʃɪʃo
ʃʊʒ.i,ʃɪʒ.i,ʃʊʒi,ʃɪʒi
ʃʊʒ.e,ʃɪʒ.e,ʃʊʒe,ʃɪʒe
ʃʊʒ.u,ʃɪʒ.u,ʃʊʒu,ʃɪʒu
ʃʊʒ.o,ʃɪʒ.o,ʃʊʒo,ʃɪʒo
ʃʊθ.i,ʃɪθ.i,ʃʊθi,ʃɪθi
ʃʊθ.e,ʃɪθ.e,ʃʊθe,ʃɪθe
ʃʊθ.u,ʃɪθ.u,ʃʊθu,ʃɪθu
ʃʊθ.o,ʃɪθ.o,ʃʊθo,ʃɪθo
ʃʊð.i,ʃɪð.i,ʃʊði,ʃɪði
ʃʊð.e,ʃɪð.e,ʃʊðe,ʃɪðe
ʃʊð.u,ʃɪð.u,ʃʊðu,ʃɪðu
ʃʊð.o,ʃɪð.o,ʃʊðo,ʃɪðo
ʒʊm.i,ʒɪm.i,ʒʊmi,ʒɪmi
ʒʊm.e,ʒɪm.e,ʒʊme,ʒɪme
ʒʊm.u,ʒɪm.u,ʒʊmu,ʒɪmu
ʒʊm.o,ʒɪm.o,ʒʊmo,ʒɪmo
ʒʊn.i,ʒɪn.i,ʒʊni,ʒɪni
ʒʊn.e,ʒɪn.e,ʒʊne,ʒɪne
ʒʊn.u,ʒɪn.u,ʒʊnu,ʒɪnu
ʒʊn.o,ʒɪn.o,ʒʊno,ʒɪno
ʒʊŋ.i,ʒɪŋ.i,ʒʊŋi,ʒɪŋi
ʒʊŋ.e,ʒɪŋ.e,ʒʊŋe,ʒɪŋe
ʒʊŋ.u,ʒɪŋ.u,ʒʊŋu,ʒɪŋu
ʒʊŋ.o,ʒɪŋ.o,ʒʊŋo,ʒɪŋo
ʒʊp.i,ʒɪp.i,ʒʊpi,ʒɪpi
ʒʊp.e,ʒɪp.e,ʒʊpe,ʒɪpe
ʒʊp.u,ʒɪp.u,ʒʊpu,ʒɪpu
ʒʊp.o,ʒɪp.o,ʒʊpo,ʒɪpo
ʒʊt.i,ʒɪt.i,ʒʊti,ʒɪti
ʒʊt.e,ʒɪt.e,ʒʊte,ʒɪte
ʒʊt.u,ʒɪt.u,ʒʊtu,ʒɪtu
ʒʊt.o,ʒɪt.o,ʒʊto,ʒɪto
ʒʊk.i,ʒɪk.i,ʒʊki,ʒɪki
ʒʊk.e,ʒɪk.e,ʒʊke,ʒɪke
ʒʊk.u,ʒɪk.u,ʒʊku,ʒɪku
ʒʊk.o,ʒɪk.o,ʒʊko,ʒɪko
ʒʊb.i,ʒɪb.i,ʒʊbi,ʒɪbi
ʒʊb.e,ʒɪb.e,ʒʊbe,ʒɪbe
ʒʊb.u,ʒɪb.u,ʒʊbu,ʒɪbu
ʒʊb.o,ʒɪb.o,ʒʊbo,ʒɪbo
ʒʊd.i,ʒɪd.i,ʒʊdi,ʒɪdi
ʒʊd.e,ʒɪd.e,ʒʊde,ʒɪde
ʒʊd.u,ʒɪd.u,ʒʊdu,ʒɪdu
ʒʊd.o,ʒɪd.o,ʒʊdo,ʒɪdo
ʒʊg.i,ʒɪg.i,ʒʊgi,ʒɪgi
ʒʊg.e,ʒɪg.e,ʒʊge,ʒɪge
ʒʊg.u,ʒɪg.u,ʒʊgu,ʒɪgu
ʒʊg.o,ʒɪg.o,ʒʊgo,ʒɪgo
ʒʊf.i,ʒɪf.i,ʒʊfi,ʒɪfi
ʒʊf.e,ʒɪf.e,ʒʊfe,ʒɪfe
ʒʊf.u,ʒɪf.u,ʒʊfu,ʒɪfu
ʒʊf.o,ʒɪf.o,ʒʊfo,ʒɪfo
ʒʊs.i,ʒɪs.i,ʒʊsi,ʒɪsi
ʒʊs.e,ʒɪs.e,ʒʊse,ʒɪse
ʒʊs.u,ʒɪs.u,ʒʊsu,ʒɪsu
ʒʊs.o,ʒɪs.o,ʒʊso,ʒɪso
ʒʊv.i,ʒɪv.i,ʒʊvi,ʒɪvi
ʒʊv.e,ʒɪv.e,ʒʊve,ʒɪve
ʒʊv.u,ʒɪv.u,ʒʊvu,ʒɪvu
ʒʊv.o,ʒɪv.o,ʒʊvo,ʒɪvo
ʒʊz.i,ʒɪz.i,ʒʊzi,ʒɪzi
ʒʊz.e,ʒɪz.e,ʒʊze,ʒɪze
ʒʊz.u,ʒɪz.u,ʒʊzu,ʒɪzu
ʒʊz.o,ʒɪz.o,ʒʊzo,ʒɪzo
ʒʊʃ.i,ʒɪʃ.i,ʒʊʃi,ʒɪʃi
ʒʊʃ.e,ʒɪʃ.e,ʒʊʃe,ʒɪʃe
ʒʊʃ.u,ʒɪʃ.u,ʒʊʃu,ʒɪʃu
ʒʊʃ.o,ʒɪʃ.o,ʒʊʃo,ʒɪʃo
ʒʊʒ.i,ʒɪʒ.i,ʒʊʒi,ʒɪʒi
ʒʊʒ.e,ʒɪʒ.e,ʒʊʒe,ʒɪʒe
ʒʊʒ.u,ʒɪʒ.u,ʒʊʒu,ʒɪʒu
ʒʊʒ.o,ʒɪʒ.o,ʒʊʒo,ʒɪʒo
ʒʊθ.i,ʒɪθ.i,ʒʊθi,ʒɪθi
ʒʊθ.e,ʒɪθ.e,ʒʊθe,ʒɪθe
ʒʊθ.u,ʒɪθ.u,ʒʊθu,ʒɪθu
ʒʊθ.o,ʒɪθ.o,ʒʊθo,ʒɪθo
ʒʊð.i,ʒɪð.i,ʒʊði,ʒɪði
ʒʊð.e,ʒɪð.e,ʒʊðe,ʒɪðe
ʒʊð.u,ʒɪð.u,ʒʊðu,ʒɪðu
ʒʊð.o,ʒɪð.o,ʒʊðo,ʒɪðo
θʊm.i,θɪm.i,θʊmi,θɪmi
θʊm.e,θɪm.e,θʊme,θɪme
θʊm.u,θɪm.u,θʊmu,θɪmu
θʊm.o,θɪm.o,θʊmo,θɪmo
θʊn.i,θɪn.i,θʊni,θɪni
θʊn.e,θɪn.e,θʊne,θɪne
θʊn.u,θɪn.u,θʊnu,θɪnu
θʊn.o,θɪn.o,θʊno,θɪno
θʊŋ.i,θɪŋ.i,θʊŋi,θɪŋi
θʊŋ.e,θɪŋ.e,θʊŋe,θɪŋe
θʊŋ.u,θɪŋ.u,θʊŋu,θɪŋu
θʊŋ.o,θɪŋ.o,θʊŋo,θɪŋo
θʊp.i,θɪp.i,θʊpi,θɪpi
θʊp.e,θɪp.e,θʊpe,θɪpe
θʊp.u,θɪp.u,θʊpu,θɪpu
θʊp.o,θɪp.o,θʊpo,θɪpo
θʊt.i,θɪt.i,θʊti,θɪti
θʊt.e,θɪt.e,θʊte,θɪte
θʊt.u,θɪt.u,θʊtu,θɪtu
θʊt.o,θɪt.o,θʊto,θɪto
θʊk.i,θɪk.i,θʊki,θɪki
θʊk.e,θɪk.e,θʊke,θɪke
θʊk.u,θɪk.u,θʊku,θɪku
θʊk.o,θɪk.o,θʊko,θɪko
θʊb.i,θɪb.i,θʊbi,θɪbi
θʊb.e,θɪb.e,θʊbe,θɪbe
θʊb.u,θɪb.u,θʊbu,θɪbu
θʊb.o,θɪb.o,θʊbo,θɪbo
θʊd.i,θɪd.i,θʊdi,θɪdi
θʊd.e,θɪd.e,θʊde,θɪde
θʊd.u,θɪd.u,θʊdu,θɪdu
θʊd.o,θɪd.o,θʊdo,θɪdo
θʊg.i,θɪg.i,θʊgi,θɪgi
θʊg.e,θɪg.e,θʊge,θɪge
θʊg.u,θɪg.u,θʊgu,θɪgu
θʊg.o,θɪg.o,θʊgo,θɪgo
θʊf.i,θɪf.i,θʊfi,θɪfi
θʊf.e,θɪf.e,θʊfe,θɪfe
θʊf.u,θɪf.u,θʊfu,θɪfu
θʊf.o,θɪf.o,θʊfo,θɪfo
θʊs.i,θɪs.i,θʊsi,θɪsi
θʊs.e,θɪs.e,θʊse,θɪse
θʊs.u,θɪs.u,θʊsu,θɪsu
θʊs.o,θɪs.o,θʊso,θɪso
θʊv.i,θɪv.i,θʊvi,θɪvi
θʊv.e,θɪv.e,θʊve,θɪve
θʊv.u,θɪv.u,θʊvu,θɪvu
θʊv.o,θɪv.o,θʊvo,θɪvo
θʊz.i,θɪz.i,θʊzi,θɪzi
θʊz.e,θɪz.e,θʊze,θɪze
θʊz.u,θɪz.u,θʊzu,θɪzu
θʊz.o,θɪz.o,θʊzo,θɪzo
θʊʃ.i,θɪʃ.i,θʊʃi,θɪʃi
θʊʃ.e,θɪʃ.e,θʊʃe,θɪʃe
θʊʃ.u,θɪʃ.u,θʊʃu,θɪʃu
θʊʃ.o,θɪʃ.o,θʊʃo,θɪʃo
θʊʒ.i,θɪʒ.i,θʊʒi,θɪʒi
θʊʒ.e,θɪʒ.e,θʊʒe,θɪʒe
θʊʒ.u,θɪʒ.u,θʊʒu,θɪʒu
θʊʒ.o,θɪʒ.o,θʊʒo,θɪʒo
θʊθ.i,θɪθ.i,θʊθi,θɪθi
θʊθ.e,θɪθ.e,θʊθe,θɪθe
θʊθ.u,θɪθ.u,θʊθu,θɪθu
θʊθ.o,θɪθ.o,θʊθo,θɪθo
θʊð.i,θɪð.i,θʊði,θɪði
θʊð.e,θɪð.e,θʊðe,θɪðe
θʊð.u,θɪð.u,θʊðu,θɪðu
θʊð.o,θɪð.o,θʊðo,θɪðo
ðʊm.i,ðɪm.i,ðʊmi,ðɪmi
ðʊm.e,ðɪm.e,ðʊme,ðɪme
ðʊm.u,ðɪm.u,ðʊmu,ðɪmu
ðʊm.o,ðɪm.o,ðʊmo,ðɪmo
ðʊn.i,ðɪn.i,ðʊni,ðɪni
ðʊn.e,ðɪn.e,ðʊne,ðɪne
ðʊn.u,ðɪn.u,ðʊnu,ðɪnu
ðʊn.o,ðɪn.o,ðʊno,ðɪno
ðʊŋ.i,ðɪŋ.i,ðʊŋi,ðɪŋi
ðʊŋ.e,ðɪŋ.e,ðʊŋe,ðɪŋe
ðʊŋ.u,ðɪŋ.u,ðʊŋu,ðɪŋu
ðʊŋ.o,ðɪŋ.o,ðʊŋo,ðɪŋo
ðʊp.i,ðɪp.i,ðʊpi,ðɪpi
ðʊp.e,ðɪp.e,ðʊpe,ðɪpe
ðʊp.u,ðɪp.u,ðʊpu,ðɪpu
ðʊp.o,ðɪp.o,ðʊpo,ðɪpo
ðʊt.i,ðɪt.i,ðʊti,ðɪti
ðʊt.e,ðɪt.e,ðʊte,ðɪte
ðʊt.u,ðɪt.u,ðʊtu,ðɪtu
ðʊt.o,ðɪt.o,ðʊto,ðɪto
ðʊk.i,ðɪk.i,ðʊki,ðɪki
ðʊk.e,ðɪk.e,ðʊke,ðɪke
ðʊk.u,ðɪk.u,ðʊku,ðɪku
ðʊk.o,ðɪk.o,ðʊko,ðɪko
ðʊb.i,ðɪb.i,ðʊbi,ðɪbi
ðʊb.e,ðɪb.e,ðʊbe,ðɪbe
ðʊb.u,ðɪb.u,ðʊbu,ðɪbu
ðʊb.o,ðɪb.o,ðʊbo,ðɪbo
ðʊd.i,ðɪd.i,ðʊdi,ðɪdi
ðʊd.e,ðɪd.e,ðʊde,ðɪde
ðʊd.u,ðɪd.u,ðʊdu,ðɪdu
ðʊd.o,ðɪd.o,ðʊdo,ðɪdo
ðʊg.i,ðɪg.i,ðʊgi,ðɪgi
ðʊg.e,ðɪg.e,ðʊge,ðɪge
ðʊg.u,ðɪg.u,ðʊgu,ðɪgu
ðʊg.o,ðɪg.o,ðʊgo,ðɪgo
ðʊf.i,ðɪf.i,ðʊfi,ðɪfi
ðʊf.e,ðɪf.e,ðʊfe,ðɪfe
ðʊf.u,ðɪf.u,ðʊfu,ðɪfu
ðʊf.o,ðɪf.o,ðʊfo,ðɪfo
ðʊs.i,ðɪs.i,ðʊsi,ðɪsi
ðʊs.e,ðɪs.e,ðʊse,ðɪse
ðʊs.u,ðɪs.u,ðʊsu,ðɪsu
ðʊs.o,ðɪs.o,ðʊso,ðɪso
ðʊv.i,ðɪv.i,ðʊvi,ðɪvi
ðʊv.e,ðɪv.e,ðʊve,ðɪve
ðʊv.u,ðɪv.u,ðʊvu,ðɪvu
ðʊv.o,ðɪv.o,ðʊvo,ðɪvo
ðʊz.i,ðɪz.i,ðʊzi,ðɪzi
ðʊz.e,ðɪz.e,ðʊze,ðɪze
ðʊz.u,ðɪz.u,ðʊzu,ðɪzu
ðʊz.o,ðɪz.o,ðʊzo,ðɪzo
ðʊʃ.i,ðɪʃ.i,ðʊʃi,ðɪʃi
ðʊʃ.e,ðɪʃ.e,ðʊʃe,ðɪʃe
ðʊʃ.u,ðɪʃ.u,ðʊʃu,ðɪʃu
ðʊʃ.o,ðɪʃ.o,ðʊʃo,ðɪʃo
ðʊʒ.i,ðɪʒ.i,ðʊʒi,ðɪʒi
ðʊʒ.e,ðɪʒ.e,ðʊʒe,ðɪʒe
ðʊʒ.u,ðɪʒ.u,ðʊʒu,ðɪʒu
ðʊʒ.o,ðɪʒ.o,ðʊʒo,ðɪʒo
ðʊθ.i,ðɪθ.i,ðʊθi,ðɪθi
ðʊθ.e,ðɪθ.e,ðʊθe,ðɪθe
ðʊθ.u,ðɪθ.u,ðʊθu,ðɪθu
ðʊθ.o,ðɪθ.o,ðʊθo,ðɪθo
ðʊð.i,ðɪð.i,ðʊði,ðɪði
ðʊð.e,ðɪð.e,ðʊðe,ðɪðe
ðʊð.u,ðɪð.u,ðʊðu,ðɪðu
ðʊð.o,ðɪð.o,ðʊðo,ðɪðo
hʊm.i,hɪm.i,hʊmi,hɪmi
hʊm.e,hɪm.e,hʊme,hɪme
hʊm.u,hɪm.u,hʊmu,hɪmu
hʊm.o,hɪm.o,hʊmo,hɪmo
hʊn.i,hɪn.i,hʊni,hɪni
hʊn.e,hɪn.e,hʊne,hɪne
hʊn.u,hɪn.u,hʊnu,hɪnu
hʊn.o,hɪn.o,hʊno,hɪno
hʊŋ.i,hɪŋ.i,hʊŋi,hɪŋi
hʊŋ.e,hɪŋ.e,hʊŋe,hɪŋe
hʊŋ.u,hɪŋ.u,hʊŋu,hɪŋu
hʊŋ.o,hɪŋ.o,hʊŋo,hɪŋo
hʊp.i,hɪp.i,hʊpi,hɪpi
hʊp.e,hɪp.e,hʊpe,hɪpe
hʊp.u,hɪp.u,hʊpu,hɪpu
hʊp.o,hɪp.o,hʊpo,hɪpo
hʊt.i,hɪt.i,hʊti,hɪti
hʊt.e,hɪt.e,hʊte,hɪte
hʊt.u,hɪt.u,hʊtu,hɪtu
hʊt.o,hɪt.o,hʊto,hɪto
hʊk.i,hɪk.i,hʊki,hɪki
hʊk.e,hɪk.e,hʊke,hɪke
hʊk.u,hɪk.u,hʊku,hɪku
hʊk.o,hɪk.o,hʊko,hɪko
hʊb.i,hɪb.i,hʊbi,hɪbi
hʊb.e,hɪb.e,hʊbe,hɪbe
hʊb.u,hɪb.u,hʊbu,hɪbu
hʊb.o,hɪb.o,hʊbo,hɪbo
hʊd.i,hɪd.i,hʊdi,hɪdi
hʊd.e,hɪd.e,hʊde,hɪde
hʊd.u,hɪd.u,hʊdu,hɪdu
hʊd.o,hɪd.o,hʊdo,hɪdo
hʊg.i,hɪg.i,hʊgi,hɪgi
hʊg.e,hɪg.e,hʊge,hɪge
hʊg.u,hɪg.u,hʊgu,hɪgu
hʊg.o,hɪg.o,hʊgo,hɪgo
hʊf.i,hɪf.i,hʊfi,hɪfi
hʊf.e,hɪf.e,hʊfe,hɪfe
hʊf.u,hɪf.u,hʊfu,hɪfu
hʊf.o,hɪf.o,hʊfo,hɪfo
hʊs.i,hɪs.i,hʊsi,hɪsi
hʊs.e,hɪs.e,hʊse,hɪse
hʊs.u,hɪs.u,hʊsu,hɪsu
hʊs.o,hɪs.o,hʊso,hɪso
hʊv.i,hɪv.i,hʊvi,hɪvi
hʊv.e,hɪv.e,hʊve,hɪve
hʊv.u,hɪv.u,hʊvu,hɪvu
hʊv.o,hɪv.o,hʊvo,hɪvo
hʊz.i,hɪz.i,hʊzi,hɪzi
hʊz.e,hɪz.e,hʊze,hɪze
hʊz.u,hɪz.u,hʊzu,hɪzu
hʊz.o,hɪz.o,hʊzo,hɪzo
hʊʃ.i,hɪʃ.i,hʊʃi,hɪʃi
hʊʃ.e,hɪʃ.e,hʊʃe,hɪʃe
hʊʃ.u,hɪʃ.u,hʊʃu,hɪʃu
hʊʃ.o,hɪʃ.o,hʊʃo,hɪʃo
hʊʒ.i,hɪʒ.i,hʊʒi,hɪʒi
hʊʒ.e,hɪʒ.e,hʊʒe,hɪʒe
hʊʒ.u,hɪʒ.u,hʊʒu,hɪʒu
hʊʒ.o,hɪʒ.o,hʊʒo,hɪʒo
hʊθ.i,hɪθ.i,hʊθi,hɪθi
hʊθ.e,hɪθ.e,hʊθe,hɪθe
hʊθ.u,hɪθ.u,hʊθu,hɪθu
hʊθ.o,hɪθ.o,hʊθo,hɪθo
hʊð.i,hɪð.i,hʊði,hɪði
hʊð.e,hɪð.e,hʊðe,hɪðe
hʊð.u,hɪð.u,hʊðu,hɪðu
hʊð.o,hɪð.o,hʊðo,hɪðo
mɔm.i,mɛm.i,mɔmi,mɛmi
mɔm.e,mɛm.e,mɔme,mɛme
mɔm.u,mɛm.u,mɔmu,mɛmu
mɔm.o,mɛm.o,mɔmo,mɛmo
mɔn.i,mɛn.i,mɔni,mɛni
mɔn.e,mɛn.e,mɔne,mɛne
mɔn.u,mɛn.u,mɔnu,mɛnu
mɔn.o,mɛn.o,mɔno,mɛno
mɔŋ.i,mɛŋ.i,mɔŋi,mɛŋi
mɔŋ.e,mɛŋ.e,mɔŋe,mɛŋe
mɔŋ.u,mɛŋ.u,mɔŋu,mɛŋu
mɔŋ.o,mɛŋ.o,mɔŋo,mɛŋo
mɔp.i,mɛp.i,mɔpi,mɛpi
mɔp.e,mɛp.e,mɔpe,mɛpe
mɔp.u,mɛp.u,mɔpu,mɛpu
mɔp.o,mɛp.o,mɔpo,mɛpo
mɔt.i,mɛt.i,mɔti,mɛti
mɔt.e,mɛt.e,mɔte,mɛte
mɔt.u,mɛt.u,mɔtu,mɛtu
mɔt.o,mɛt.o,mɔto,mɛto
mɔk.i,mɛk.i,mɔki,mɛki
mɔk.e,mɛk.e,mɔke,mɛke
mɔk.u,mɛk.u,mɔku,mɛku
mɔk.o,mɛk.o,mɔko,mɛko
mɔb.i,mɛb.i,mɔbi,mɛbi
mɔb.e,mɛb.e,mɔbe,mɛbe
mɔb.u,mɛb.u,mɔbu,mɛbu
mɔb.o,mɛb.o,mɔbo,mɛbo
mɔd.i,mɛd.i,mɔdi,mɛdi
mɔd.e,mɛd.e,mɔde,mɛde
mɔd.u,mɛd.u,mɔdu,mɛdu
mɔd.o,mɛd.o,mɔdo,mɛdo
mɔg.i,mɛg.i,mɔgi,mɛgi
mɔg.e,mɛg.e,mɔge,mɛge
mɔg.u,mɛg.u,mɔgu,mɛgu
mɔg.o,mɛg.o,mɔgo,mɛgo
mɔf.i,mɛf.i,mɔfi,mɛfi
mɔf.e,mɛf.e,mɔfe,mɛfe
mɔf.u,mɛf.u,mɔfu,mɛfu
mɔf.o,mɛf.o,mɔfo,mɛfo
mɔs.i,mɛs.i,mɔsi,mɛsi
mɔs.e,mɛs.e,mɔse,mɛse
mɔs.u,mɛs.u,mɔsu,mɛsu
mɔs.o,mɛs.o,mɔso,mɛso
mɔv.i,mɛv.i,mɔvi,mɛvi
mɔv.e,mɛv.e,mɔve,mɛve
mɔv.u,mɛv.u,mɔvu,mɛvu
mɔv.o,mɛv.o,mɔvo,mɛvo
mɔz.i,mɛz.i,mɔzi,mɛzi
mɔz.e,mɛz.e,mɔze,mɛze
mɔz.u,mɛz.u,mɔzu,mɛzu
mɔz.o,mɛz.o,mɔzo,mɛzo
mɔʃ.i,mɛʃ.i,mɔʃi,mɛʃi
mɔʃ.e,mɛʃ.e,mɔʃe,mɛʃe
mɔʃ.u,mɛʃ.u,mɔʃu,mɛʃu
mɔʃ.o,mɛʃ.o,mɔʃo,mɛʃo
mɔʒ.i,mɛʒ.i,mɔʒi,mɛʒi
mɔʒ.e,mɛʒ.e,mɔʒe,mɛʒe
mɔʒ.u,mɛʒ.u,mɔʒu,mɛʒu
mɔʒ.o,mɛʒ.o,mɔʒo,mɛʒo
mɔθ.i,mɛθ.i,mɔθi,mɛθi
mɔθ.e,mɛθ.e,mɔθe,mɛθe
mɔθ.u,mɛθ.u,mɔθu,mɛθu
mɔθ.o,mɛθ.o,mɔθo,mɛθo
mɔð.i,mɛð.i,mɔði,mɛði
mɔð.e,mɛð.e,mɔðe,mɛðe
mɔð.u,mɛð.u,mɔðu,mɛðu
mɔð.o,mɛð.o,mɔðo,mɛðo
nɔm.i,nɛm.i,nɔmi,nɛmi
nɔm.e,nɛm.e,nɔme,nɛme
nɔm.u,nɛm.u,nɔmu,nɛmu
nɔm.o,nɛm.o,nɔmo,nɛmo
nɔn.i,nɛn.i,nɔni,nɛni
nɔn.e,nɛn.e,nɔne,nɛne
nɔn.u,nɛn.u,nɔnu,nɛnu
nɔn.o,nɛn.o,nɔno,nɛno
nɔŋ.i,nɛŋ.i,nɔŋi,nɛŋi
nɔŋ.e,nɛŋ.e,nɔŋe,nɛŋe
nɔŋ.u,nɛŋ.u,nɔŋu,nɛŋu
nɔŋ.o,nɛŋ.o,nɔŋo,nɛŋo
nɔp.i,nɛp.i,nɔpi,nɛpi
nɔp.e,nɛp.e,nɔpe,nɛpe
nɔp.u,nɛp.u,nɔpu,nɛpu
nɔp.o,nɛp.o,nɔpo,nɛpo
nɔt.i,nɛt.i,nɔti,nɛti
nɔt.e,nɛt.e,nɔte,nɛte
nɔt.u,nɛt.u,nɔtu,nɛtu
nɔt.o,nɛt.o,nɔto,nɛto
nɔk.i,nɛk.i,nɔki,nɛki
nɔk.e,nɛk.e,nɔke,nɛke
nɔk.u,nɛk.u,nɔku,nɛku
nɔk.o,nɛk.o,nɔko,nɛko
nɔb.i,nɛb.i,nɔbi,nɛbi
nɔb.e,nɛb.e,nɔbe,nɛbe
nɔb.u,nɛb.u,nɔbu,nɛbu
nɔb.o,nɛb.o,nɔbo,nɛbo
nɔd.i,nɛd.i,nɔdi,nɛdi
nɔd.e,nɛd.e,nɔde,nɛde
nɔd.u,nɛd.u,nɔdu,nɛdu
nɔd.o,nɛd.o,nɔdo,nɛdo
nɔg.i,nɛg.i,nɔgi,nɛgi
nɔg.e,nɛg.e,nɔge,nɛge
nɔg.u,nɛg.u,nɔgu,nɛgu
nɔg.o,nɛg.o,nɔgo,nɛgo
nɔf.i,nɛf.i,nɔfi,nɛfi
nɔf.e,nɛf.e,nɔfe,nɛfe
nɔf.u,nɛf.u,nɔfu,nɛfu
nɔf.o,nɛf.o,nɔfo,nɛfo
nɔs.i,nɛs.i,nɔsi,nɛsi
nɔs.e,nɛs.e,nɔse,nɛse
nɔs.u,nɛs.u,nɔsu,nɛsu
nɔs.o,nɛs.o,nɔso,nɛso
nɔv.i,nɛv.i,nɔvi,nɛvi
nɔv.e,nɛv.e,nɔve,nɛve
nɔv.u,nɛv.u,nɔvu,nɛvu
nɔv.o,nɛv.o,nɔvo,nɛvo
nɔz.i,nɛz.i,nɔzi,nɛzi
nɔz.e,nɛz.e,nɔze,nɛze
nɔz.u,nɛz.u,nɔzu,nɛzu
nɔz.o,nɛz.o,nɔzo,nɛzo
nɔʃ.i,nɛʃ.i,nɔʃi,nɛʃi
nɔʃ.e,nɛʃ.e,nɔʃe,nɛʃe
nɔʃ.u,nɛʃ.u,nɔʃu,nɛʃu
nɔʃ.o,nɛʃ.o,nɔʃo,nɛʃo
nɔʒ.i,nɛʒ.i,nɔʒi,nɛʒi
nɔʒ.e,nɛʒ.e,nɔʒe,nɛʒe
nɔʒ.u,nɛʒ.u,nɔʒu,nɛʒu
nɔʒ.o,nɛʒ.o,nɔʒo,nɛʒo
nɔθ.i,nɛθ.i,nɔθi,nɛθi
nɔθ.e,nɛθ.e,nɔθe,nɛθe
nɔθ.u,nɛθ.u,nɔθu,nɛθu
nɔθ.o,nɛθ.o,nɔθo,nɛθo
nɔð.i,nɛð.i,nɔði,nɛði
nɔð.e,nɛð.e,nɔðe,nɛðe
nɔð.u,nɛð.u,nɔðu,nɛðu
nɔð.o,nɛð.o,nɔðo,nɛðo
pɔm.i,pɛm.i,pɔmi,pɛmi
pɔm.e,pɛm.e,pɔme,pɛme
pɔm.u,pɛm.u,pɔmu,pɛmu
pɔm.o,pɛm.o,pɔmo,pɛmo
pɔn.i,pɛn.i,pɔni,pɛni
pɔn.e,pɛn.e,pɔne,pɛne
pɔn.u,pɛn.u,pɔnu,pɛnu
pɔn.o,pɛn.o,pɔno,pɛno
pɔŋ.i,pɛŋ.i,pɔŋi,pɛŋi
pɔŋ.e,pɛŋ.e,pɔŋe,pɛŋe
pɔŋ.u,pɛŋ.u,pɔŋu,pɛŋu
pɔŋ.o,pɛŋ.o,pɔŋo,pɛŋo
pɔp.i,pɛp.i,pɔpi,pɛpi
pɔp.e,pɛp.e,pɔpe,pɛpe
pɔp.u,pɛp.u,pɔpu,pɛpu
pɔp.o,pɛp.o,pɔpo,pɛpo
pɔt.i,pɛt.i,pɔti,pɛti
pɔt.e,pɛt.e,pɔte,pɛte
pɔt.u,pɛt.u,pɔtu,pɛtu
pɔt.o,pɛt.o,pɔto,pɛto
pɔk.i,pɛk.i,pɔki,pɛki
pɔk.e,pɛk.e,pɔke,pɛke
pɔk.u,pɛk.u,pɔku,pɛku
pɔk.o,pɛk.o,pɔko,pɛko
pɔb.i,pɛb.i,pɔbi,pɛbi
pɔb.e,pɛb.e,pɔbe,pɛbe
pɔb.u,pɛb.u,pɔbu,pɛbu
pɔb.o,pɛb.o,pɔbo,pɛbo
pɔd.i,pɛd.i,pɔdi,pɛdi
pɔd.e,pɛd.e,pɔde,pɛde
pɔd.u,pɛd.u,pɔdu,pɛdu
pɔd.o,pɛd.o,pɔdo,pɛdo
pɔg.i,pɛg.i,pɔgi,pɛgi
pɔg.e,pɛg.e,pɔge,pɛge
pɔg.u,pɛg.u,pɔgu,pɛgu
pɔg.o,pɛg.o,pɔgo,pɛgo
pɔf.i,pɛf.i,pɔfi,pɛfi
pɔf.e,pɛf.e,pɔfe,pɛfe
pɔf.u,pɛf.u,pɔfu,pɛfu
pɔf.o,pɛf.o,pɔfo,pɛfo
pɔs.i,pɛs.i,pɔsi,pɛsi
pɔs.e,pɛs.e,pɔse,pɛse
pɔs.u,pɛs.u,pɔsu,pɛsu
pɔs.o,pɛs.o,pɔso,pɛso
pɔv.i,pɛv.i,pɔvi,pɛvi
pɔv.e,pɛv.e,pɔve,pɛve
pɔv.u,pɛv.u,pɔvu,pɛvu
pɔv.o,pɛv.o,pɔvo,pɛvo
pɔz.i,pɛz.i,pɔzi,pɛzi
pɔz.e,pɛz.e,pɔze,pɛze
pɔz.u,pɛz.u,pɔzu,pɛzu
pɔz.o,pɛz.o,pɔzo,pɛzo
pɔʃ.i,pɛʃ.i,pɔʃi,pɛʃi
pɔʃ.e,pɛʃ.e,pɔʃe,pɛʃe
pɔʃ.u,pɛʃ.u,pɔʃu,pɛʃu
pɔʃ.o,pɛʃ.o,pɔʃo,pɛʃo
pɔʒ.i,pɛʒ.i,pɔʒi,pɛʒi
pɔʒ.e,pɛʒ.e,pɔʒe,pɛʒe
pɔʒ.u,pɛʒ.u,pɔʒu,pɛʒu
pɔʒ.o,pɛʒ.o,pɔʒo,pɛʒo
pɔθ.i,pɛθ.i,pɔθi,pɛθi
pɔθ.e,pɛθ.e,pɔθe,pɛθe
pɔθ.u,pɛθ.u,pɔθu,pɛθu
pɔθ.o,pɛθ.o,pɔθo,pɛθo
pɔð.i,pɛð.i,pɔði,pɛði
pɔð.e,pɛð.e,pɔðe,pɛðe
pɔð.u,pɛð.u,pɔðu,pɛðu
pɔð.o,pɛð.o,pɔðo,pɛðo
tɔm.i,tɛm.i,tɔmi,tɛmi
tɔm.e,tɛm.e,tɔme,tɛme
tɔm.u,tɛm.u,tɔmu,tɛmu
tɔm.o,tɛm.o,tɔmo,tɛmo
tɔn.i,tɛn.i,tɔni,tɛni
tɔn.e,tɛn.e,tɔne,tɛne
tɔn.u,tɛn.u,tɔnu,tɛnu
tɔn.o,tɛn.o,tɔno,tɛno
tɔŋ.i,tɛŋ.i,tɔŋi,tɛŋi
tɔŋ.e,tɛŋ.e,tɔŋe,tɛŋe
tɔŋ.u,tɛŋ.u,tɔŋu,tɛŋu
tɔŋ.o,tɛŋ.o,tɔŋo,tɛŋo
tɔp.i,tɛp.i,tɔpi,tɛpi
tɔp.e,tɛp.e,tɔpe,tɛpe
tɔp.u,tɛp.u,tɔpu,tɛpu
tɔp.o,tɛp.o,tɔpo,tɛpo
tɔt.i,tɛt.i,tɔti,tɛti
tɔt.e,tɛt.e,tɔte,tɛte
tɔt.u,tɛt.u,tɔtu,tɛtu
tɔt.o,tɛt.o,tɔto,tɛto
tɔk.i,tɛk.i,tɔki,tɛki
tɔk.e,tɛk.e,tɔke,tɛke
tɔk.u,tɛk.u,tɔku,tɛku
tɔk.o,tɛk.o,tɔko,tɛko
tɔb.i,tɛb.i,tɔbi,tɛbi
tɔb.e,tɛb.e,tɔbe,tɛbe
tɔb.u,tɛb.u,tɔbu,tɛbu
tɔb.o,tɛb.o,tɔbo,tɛbo
tɔd.i,tɛd.i,tɔdi,tɛdi
tɔd.e,tɛd.e,tɔde,tɛde
tɔd.u,tɛd.u,tɔdu,tɛdu
tɔd.o,tɛd.o,tɔdo,tɛdo
tɔg.i,tɛg.i,tɔgi,tɛgi
tɔg.e,tɛg.e,tɔge,tɛge
tɔg.u,tɛg.u,tɔgu,tɛgu
tɔg.o,tɛg.o,tɔgo,tɛgo
tɔf.i,tɛf.i,tɔfi,tɛfi
tɔf.e,tɛf.e,tɔfe,tɛfe
tɔf.u,tɛf.u,tɔfu,tɛfu
tɔf.o,tɛf.o,tɔfo,tɛfo
tɔs.i,tɛs.i,tɔsi,tɛsi
tɔs.e,tɛs.e,tɔse,tɛse
tɔs.u,tɛs.u,tɔsu,tɛsu
tɔs.o,tɛs.o,tɔso,tɛso
tɔv.i,tɛv.i,tɔvi,tɛvi
tɔv.e,tɛv.e,tɔve,tɛve
tɔv.u,tɛv.u,tɔvu,tɛvu
tɔv.o,tɛv.o,tɔvo,tɛvo
tɔz.i,tɛz.i,tɔzi,tɛzi
tɔz.e,tɛz.e,tɔze,tɛze
tɔz.u,tɛz.u,tɔzu,tɛzu
tɔz.o,tɛz.o,tɔzo,tɛzo
tɔʃ.i,tɛʃ.i,tɔʃi,tɛʃi
tɔʃ.e,tɛʃ.e,tɔʃe,tɛʃe
tɔʃ.u,tɛʃ.u,tɔʃu,tɛʃu
tɔʃ.o,tɛʃ.o,tɔʃo,tɛʃo
tɔʒ.i,tɛʒ.i,tɔʒi,tɛʒi
tɔʒ.e,tɛʒ.e,tɔʒe,tɛʒe
tɔʒ.u,tɛʒ.u,tɔʒu,tɛʒu
tɔʒ.o,tɛʒ.o,tɔʒo,tɛʒo
tɔθ.i,tɛθ.i,tɔθi,tɛθi
tɔθ.e,tɛθ.e,tɔθe,tɛθe
tɔθ.u,tɛθ.u,tɔθu,tɛθu
tɔθ.o,tɛθ.o,tɔθo,tɛθo
tɔð.i,tɛð.i,tɔði,tɛði
tɔð.e,tɛð.e,tɔðe,tɛðe
tɔð.u,tɛð.u,tɔðu,tɛðu
tɔð.o,tɛð.o,tɔðo,tɛðo
kɔm.i,kɛm.i,kɔmi,kɛmi
kɔm.e,kɛm.e,kɔme,kɛme
kɔm.u,kɛm.u,kɔmu,kɛmu
kɔm.o,kɛm.o,kɔmo,kɛmo
kɔn.i,kɛn.i,kɔni,kɛni
kɔn.e,kɛn.e,kɔne,kɛne
kɔn.u,kɛn.u,kɔnu,kɛnu
kɔn.o,kɛn.o,kɔno,kɛno
kɔŋ.i,kɛŋ.i,kɔŋi,kɛŋi
kɔŋ.e,kɛŋ.e,kɔŋe,kɛŋe
kɔŋ.u,kɛŋ.u,kɔŋu,kɛŋu
kɔŋ.o,kɛŋ.o,kɔŋo,kɛŋo
kɔp.i,kɛp.i,kɔpi,kɛpi
kɔp.e,kɛp.e,kɔpe,kɛpe
kɔp.u,kɛp.u,kɔpu,kɛpu
kɔp.o,kɛp.o,kɔpo,kɛpo
kɔt.i,kɛt.i,kɔti,kɛti
kɔt.e,kɛt.e,kɔte,kɛte
kɔt.u,kɛt.u,kɔtu,kɛtu
kɔt.o,kɛt.o,kɔto,kɛto
kɔk.i,kɛk.i,kɔki,kɛki
kɔk.e,kɛk.e,kɔke,kɛke
kɔk.u,kɛk.u,kɔku,kɛku
kɔk.o,kɛk.o,kɔko,kɛko
kɔb.i,kɛb.i,kɔbi,kɛbi
kɔb.e,kɛb.e,kɔbe,kɛbe
kɔb.u,kɛb.u,kɔbu,kɛbu
kɔb.o,kɛb.o,kɔbo,kɛbo
kɔd.i,kɛd.i,kɔdi,kɛdi
kɔd.e,kɛd.e,kɔde,kɛde
kɔd.u,kɛd.u,kɔdu,kɛdu
kɔd.o,kɛd.o,kɔdo,kɛdo
kɔg.i,kɛg.i,kɔgi,kɛgi
kɔg.e,kɛg.e,kɔge,kɛge
kɔg.u,kɛg.u,kɔgu,kɛgu
kɔg.o,kɛg.o,kɔgo,kɛgo
kɔf.i,kɛf.i,kɔfi,kɛfi
kɔf.e,kɛf.e,kɔfe,kɛfe
kɔf.u,kɛf.u,kɔfu,kɛfu
kɔf.o,kɛf.o,kɔfo,kɛfo
kɔs.i,kɛs.i,kɔsi,kɛsi
kɔs.e,kɛs.e,kɔse,kɛse
kɔs.u,kɛs.u,kɔsu,kɛsu
kɔs.o,kɛs.o,kɔso,kɛso
kɔv.i,kɛv.i,kɔvi,kɛvi
kɔv.e,kɛv.e,kɔve,kɛve
kɔv.u,kɛv.u,kɔvu,kɛvu
kɔv.o,kɛv.o,kɔvo,kɛvo
kɔz.i,kɛz.i,kɔzi,kɛzi
kɔz.e,kɛz.e,kɔze,kɛze
kɔz.u,kɛz.u,kɔzu,kɛzu
kɔz.o,kɛz.o,kɔzo,kɛzo
kɔʃ.i,kɛʃ.i,kɔʃi,kɛʃi
kɔʃ.e,kɛʃ.e,kɔʃe,kɛʃe
kɔʃ.u,kɛʃ.u,kɔʃu,kɛʃu
kɔʃ.o,kɛʃ.o,kɔʃo,kɛʃo
kɔʒ.i,kɛʒ.i,kɔʒi,kɛʒi
kɔʒ.e,kɛʒ.e,kɔʒe,kɛʒe
kɔʒ.u,kɛʒ.u,kɔʒu,kɛʒu
kɔʒ.o,kɛʒ.o,kɔʒo,kɛʒo
kɔθ.i,kɛθ.i,kɔθi,kɛθi
kɔθ.e,kɛθ.e,kɔθe,kɛθe
kɔθ.u,kɛθ.u,kɔθu,kɛθu
kɔθ.o,kɛθ.o,kɔθo,kɛθo
kɔð.i,kɛð.i,kɔði,kɛði
kɔð.e,kɛð.e,kɔðe,kɛðe
kɔð.u,kɛð.u,kɔðu,kɛðu
kɔð.o,kɛð.o,kɔðo,kɛðo
bɔm.i,bɛm.i,bɔmi,bɛmi
bɔm.e,bɛm.e,bɔme,bɛme
bɔm.u,bɛm.u,bɔmu,bɛmu
bɔm.o,bɛm.o,bɔmo,bɛmo
bɔn.i,bɛn.i,bɔni,bɛni
bɔn.e,bɛn.e,bɔne,bɛne
bɔn.u,bɛn.u,bɔnu,bɛnu
bɔn.o,bɛn.o,bɔno,bɛno
bɔŋ.i,bɛŋ.i,bɔŋi,bɛŋi
bɔŋ.e,bɛŋ.e,bɔŋe,bɛŋe
bɔŋ.u,bɛŋ.u,bɔŋu,bɛŋu
bɔŋ.o,bɛŋ.o,bɔŋo,bɛŋo
bɔp.i,bɛp.i,bɔpi,bɛpi
bɔp.e,bɛp.e,bɔpe,bɛpe
bɔp.u,bɛp.u,bɔpu,bɛpu
bɔp.o,bɛp.o,bɔpo,bɛpo
bɔt.i,bɛt.i,bɔti,bɛti
bɔt.e,bɛt.e,bɔte,bɛte
bɔt.u,bɛt.u,bɔtu,bɛtu
bɔt.o,bɛt.o,bɔto,bɛto
bɔk.i,bɛk.i,bɔki,bɛki
bɔk.e,bɛk.e,bɔke,bɛke
bɔk.u,bɛk.u,bɔku,bɛku
bɔk.o,bɛk.o,bɔko,bɛko
bɔb.i,bɛb.i,bɔbi,bɛbi
bɔb.e,bɛb.e,bɔbe,bɛbe
bɔb.u,bɛb.u,bɔbu,bɛbu
bɔb.o,bɛb.o,bɔbo,bɛbo
bɔd.i,bɛd.i,bɔdi,bɛdi
bɔd.e,bɛd.e,bɔde,bɛde
bɔd.u,bɛd.u,bɔdu,bɛdu
bɔd.o,bɛd.o,bɔdo,bɛdo
bɔg.i,bɛg.i,bɔgi,bɛgi
bɔg.e,bɛg.e,bɔge,bɛge
bɔg.u,bɛg.u,bɔgu,bɛgu
bɔg.o,bɛg.o,bɔgo,bɛgo
bɔf.i,bɛf.i,bɔfi,bɛfi
bɔf.e,bɛf.e,bɔfe,bɛfe
bɔf.u,bɛf.u,bɔfu,bɛfu
bɔf.o,bɛf.o,bɔfo,bɛfo
bɔs.i,bɛs.i,bɔsi,bɛsi
bɔs.e,bɛs.e,bɔse,bɛse
bɔs.u,bɛs.u,bɔsu,bɛsu
bɔs.o,bɛs.o,bɔso,bɛso
bɔv.i,bɛv.i,bɔvi,bɛvi
bɔv.e,bɛv.e,bɔve,bɛve
bɔv.u,bɛv.u,bɔvu,bɛvu
bɔv.o,bɛv.o,bɔvo,bɛvo
bɔz.i,bɛz.i,bɔzi,bɛzi
bɔz.e,bɛz.e,bɔze,bɛze
bɔz.u,bɛz.u,bɔzu,bɛzu
bɔz.o,bɛz.o,bɔzo,bɛzo
bɔʃ.i,bɛʃ.i,bɔʃi,bɛʃi
bɔʃ.e,bɛʃ.e,bɔʃe,bɛʃe
bɔʃ.u,bɛʃ.u,bɔʃu,bɛʃu
bɔʃ.o,bɛʃ.o,bɔʃo,bɛʃo
bɔʒ.i,bɛʒ.i,bɔʒi,bɛʒi
bɔʒ.e,bɛʒ.e,bɔʒe,bɛʒe
bɔʒ.u,bɛʒ.u,bɔʒu,bɛʒu
bɔʒ.o,bɛʒ.o,bɔʒo,bɛʒo
bɔθ.i,bɛθ.i,bɔθi,bɛθi
bɔθ.e,bɛθ.e,bɔθe,bɛθe
bɔθ.u,bɛθ.u,bɔθu,bɛθu
bɔθ.o,bɛθ.o,bɔθo,bɛθo
bɔð.i,bɛð.i,bɔði,bɛði
bɔð.e,bɛð.e,bɔðe,bɛðe
bɔð.u,bɛð.u,bɔðu,bɛðu
bɔð.o,bɛð.o,bɔðo,bɛðo
dɔm.i,dɛm.i,dɔmi,dɛmi
dɔm.e,dɛm.e,dɔme,dɛme
dɔm.u,dɛm.u,dɔmu,dɛmu
dɔm.o,dɛm.o,dɔmo,dɛmo
dɔn.i,dɛn.i,dɔni,dɛni
dɔn.e,dɛn.e,dɔne,dɛne
dɔn.u,dɛn.u,dɔnu,dɛnu
dɔn.o,dɛn.o,dɔno,dɛno
dɔŋ.i,dɛŋ.i,dɔŋi,dɛŋi
dɔŋ.e,dɛŋ.e,dɔŋe,dɛŋe
dɔŋ.u,dɛŋ.u,dɔŋu,dɛŋu
dɔŋ.o,dɛŋ.o,dɔŋo,dɛŋo
dɔp.i,dɛp.i,dɔpi,dɛpi
dɔp.e,dɛp.e,dɔpe,dɛpe
dɔp.u,dɛp.u,dɔpu,dɛpu
dɔp.o,dɛp.o,dɔpo,dɛpo
dɔt.i,dɛt.i,dɔti,dɛti
dɔt.e,dɛt.e,dɔte,dɛte
dɔt.u,dɛt.u,dɔtu,dɛtu
dɔt.o,dɛt.o,dɔto,dɛto
dɔk.i,dɛk.i,dɔki,dɛki
dɔk.e,dɛk.e,dɔke,dɛke
dɔk.u,dɛk.u,dɔku,dɛku
dɔk.o,dɛk.o,dɔko,dɛko
dɔb.i,dɛb.i,dɔbi,dɛbi
dɔb.e,dɛb.e,dɔbe,dɛbe
dɔb.u,dɛb.u,dɔbu,dɛbu
dɔb.o,dɛb.o,dɔbo,dɛbo
dɔd.i,dɛd.i,dɔdi,dɛdi
dɔd.e,dɛd.e,dɔde,dɛde
dɔd.u,dɛd.u,dɔdu,dɛdu
dɔd.o,dɛd.o,dɔdo,dɛdo
dɔg.i,dɛg.i,dɔgi,dɛgi
dɔg.e,dɛg.e,dɔge,dɛge
dɔg.u,dɛg.u,dɔgu,dɛgu
dɔg.o,dɛg.o,dɔgo,dɛgo
dɔf.i,dɛf.i,dɔfi,dɛfi
dɔf.e,dɛf.e,dɔfe,dɛfe
dɔf.u,dɛf.u,dɔfu,dɛfu
dɔf.o,dɛf.o,dɔfo,dɛfo
dɔs.i,dɛs.i,dɔsi,dɛsi
dɔs.e,dɛs.e,dɔse,dɛse
dɔs.u,dɛs.u,dɔsu,dɛsu
dɔs.o,dɛs.o,dɔso,dɛso
dɔv.i,dɛv.i,dɔvi,dɛvi
dɔv.e,dɛv.e,dɔve,dɛve
dɔv.u,dɛv.u,dɔvu,dɛvu
dɔv.o,dɛv.o,dɔvo,dɛvo
dɔz.i,dɛz.i,dɔzi,dɛzi
dɔz.e,dɛz.e,dɔze,dɛze
dɔz.u,dɛz.u,dɔzu,dɛzu
dɔz.o,dɛz.o,dɔzo,dɛzo
dɔʃ.i,dɛʃ.i,dɔʃi,dɛʃi
dɔʃ.e,dɛʃ.e,dɔʃe,dɛʃe
dɔʃ.u,dɛʃ.u,dɔʃu,dɛʃu
dɔʃ.o,dɛʃ.o,dɔʃo,dɛʃo
dɔʒ.i,dɛʒ.i,dɔʒi,dɛʒi
dɔʒ.e,dɛʒ.e,dɔʒe,dɛʒe
dɔʒ.u,dɛʒ.u,dɔʒu,dɛʒu
dɔʒ.o,dɛʒ.o,dɔʒo,dɛʒo
dɔθ.i,dɛθ.i,dɔθi,dɛθi
dɔθ.e,dɛθ.e,dɔθe,dɛθe
dɔθ.u,dɛθ.u,dɔθu,dɛθu
dɔθ.o,dɛθ.o,dɔθo,dɛθo
dɔð.i,dɛð.i,dɔði,dɛði
dɔð.e,dɛð.e,dɔðe,dɛðe
dɔð.u,dɛð.u,dɔðu,dɛðu
dɔð.o,dɛð.o,dɔðo,dɛðo
gɔm.i,gɛm.i,gɔmi,gɛmi
gɔm.e,gɛm.e,gɔme,gɛme
gɔm.u,gɛm.u,gɔmu,gɛmu
gɔm.o,gɛm.o,gɔmo,gɛmo
gɔn.i,gɛn.i,gɔni,gɛni
gɔn.e,gɛn.e,gɔne,gɛne
gɔn.u,gɛn.u,gɔnu,gɛnu
gɔn.o,gɛn.o,gɔno,gɛno
gɔŋ.i,gɛŋ.i,gɔŋi,gɛŋi
gɔŋ.e,gɛŋ.e,gɔŋe,gɛŋe
gɔŋ.u,gɛŋ.u,gɔŋu,gɛŋu
gɔŋ.o,gɛŋ.o,gɔŋo,gɛŋo
gɔp.i,gɛp.i,gɔpi,gɛpi
gɔp.e,gɛp.e,gɔpe,gɛpe
gɔp.u,gɛp.u,gɔpu,gɛpu
gɔp.o,gɛp.o,gɔpo,gɛpo
gɔt.i,gɛt.i,gɔti,gɛti
gɔt.e,gɛt.e,gɔte,gɛte
gɔt.u,gɛt.u,gɔtu,gɛtu
gɔt.o,gɛt.o,gɔto,gɛto
gɔk.i,gɛk.i,gɔki,gɛki
gɔk.e,gɛk.e,gɔke,gɛke
gɔk.u,gɛk.u,gɔku,gɛku
gɔk.o,gɛk.o,gɔko,gɛko
gɔb.i,gɛb.i,gɔbi,gɛbi
gɔb.e,gɛb.e,gɔbe,gɛbe
gɔb.u,gɛb.u,gɔbu,gɛbu
gɔb.o,gɛb.o,gɔbo,gɛbo
gɔd.i,gɛd.i,gɔdi,gɛdi
gɔd.e,gɛd.e,gɔde,gɛde
gɔd.u,gɛd.u,gɔdu,gɛdu
gɔd.o,gɛd.o,gɔdo,gɛdo
gɔg.i,gɛg.i,gɔgi,gɛgi
gɔg.e,gɛg.e,gɔge,gɛge
gɔg.u,gɛg.u,gɔgu,gɛgu
gɔg.o,gɛg.o,gɔgo,gɛgo
gɔf.i,gɛf.i,gɔfi,gɛfi
gɔf.e,gɛf.e,gɔfe,gɛfe
gɔf.u,gɛf.u,gɔfu,gɛfu
gɔf.o,gɛf.o,gɔfo,gɛfo
gɔs.i,gɛs.i,gɔsi,gɛsi
gɔs.e,gɛs.e,gɔse,gɛse
gɔs.u,gɛs.u,gɔsu,gɛsu
gɔs.o,gɛs.o,gɔso,gɛso
gɔv.i,gɛv.i,gɔvi,gɛvi
gɔv.e,gɛv.e,gɔve,gɛve
gɔv.u,gɛv.u,gɔvu,gɛvu
gɔv.o,gɛv.o,gɔvo,gɛvo
gɔz.i,gɛz.i,gɔzi,gɛzi
gɔz.e,gɛz.e,gɔze,gɛze
gɔz.u,gɛz.u,gɔzu,gɛzu
gɔz.o,gɛz.o,gɔzo,gɛzo
gɔʃ.i,gɛʃ.i,gɔʃi,gɛʃi
gɔʃ.e,gɛʃ.e,gɔʃe,gɛʃe
gɔʃ.u,gɛʃ.u,gɔʃu,gɛʃu
gɔʃ.o,gɛʃ.o,gɔʃo,gɛʃo
gɔʒ.i,gɛʒ.i,gɔʒi,gɛʒi
gɔʒ.e,gɛʒ.e,gɔʒe,gɛʒe
gɔʒ.u,gɛʒ.u,gɔʒu,gɛʒu
gɔʒ.o,gɛʒ.o,gɔʒo,gɛʒo
gɔθ.i,gɛθ.i,gɔθi,gɛθi
gɔθ.e,gɛθ.e,gɔθe,gɛθe
gɔθ.u,gɛθ.u,gɔθu,gɛθu
gɔθ.o,gɛθ.o,gɔθo,gɛθo
gɔð.i,gɛð.i,gɔði,gɛði
gɔð.e,gɛð.e,gɔðe,gɛðe
gɔð.u,gɛð.u,gɔðu,gɛðu
gɔð.o,gɛð.o,gɔðo,gɛðo
fɔm.i,fɛm.i,fɔmi,fɛmi
fɔm.e,fɛm.e,fɔme,fɛme
fɔm.u,fɛm.u,fɔmu,fɛmu
fɔm.o,fɛm.o,fɔmo,fɛmo
fɔn.i,fɛn.i,fɔni,fɛni
fɔn.e,fɛn.e,fɔne,fɛne
fɔn.u,fɛn.u,fɔnu,fɛnu
fɔn.o,fɛn.o,fɔno,fɛno
fɔŋ.i,fɛŋ.i,fɔŋi,fɛŋi
fɔŋ.e,fɛŋ.e,fɔŋe,fɛŋe
fɔŋ.u,fɛŋ.u,fɔŋu,fɛŋu
fɔŋ.o,fɛŋ.o,fɔŋo,fɛŋo
fɔp.i,fɛp.i,fɔpi,fɛpi
fɔp.e,fɛp.e,fɔpe,fɛpe
fɔp.u,fɛp.u,fɔpu,fɛpu
fɔp.o,fɛp.o,fɔpo,fɛpo
fɔt.i,fɛt.i,fɔti,fɛti
fɔt.e,fɛt.e,fɔte,fɛte
fɔt.u,fɛt.u,fɔtu,fɛtu
fɔt.o,fɛt.o,fɔto,fɛto
fɔk.i,fɛk.i,fɔki,fɛki
fɔk.e,fɛk.e,fɔke,fɛke
fɔk.u,fɛk.u,fɔku,fɛku
fɔk.o,fɛk.o,fɔko,fɛko
fɔb.i,fɛb.i,fɔbi,fɛbi
fɔb.e,fɛb.e,fɔbe,fɛbe
fɔb.u,fɛb.u,fɔbu,fɛbu
fɔb.o,fɛb.o,fɔbo,fɛbo
fɔd.i,fɛd.i,fɔdi,fɛdi
fɔd.e,fɛd.e,fɔde,fɛde
fɔd.u,fɛd.u,fɔdu,fɛdu
fɔd.o,fɛd.o,fɔdo,fɛdo
fɔg.i,fɛg.i,fɔgi,fɛgi
fɔg.e,fɛg.e,fɔge,fɛge
fɔg.u,fɛg.u,fɔgu,fɛgu
fɔg.o,fɛg.o,fɔgo,fɛgo
fɔf.i,fɛf.i,fɔfi,fɛfi
fɔf.e,fɛf.e,fɔfe,fɛfe
fɔf.u,fɛf.u,fɔfu,fɛfu
fɔf.o,fɛf.o,fɔfo,fɛfo
fɔs.i,fɛs.i,fɔsi,fɛsi
fɔs.e,fɛs.e,fɔse,fɛse
fɔs.u,fɛs.u,fɔsu,fɛsu
fɔs.o,fɛs.o,fɔso,fɛso
fɔv.i,fɛv.i,fɔvi,fɛvi
fɔv.e,fɛv.e,fɔve,fɛve
fɔv.u,fɛv.u,fɔvu,fɛvu
fɔv.o,fɛv.o,fɔvo,fɛvo
fɔz.i,fɛz.i,fɔzi,fɛzi
fɔz.e,fɛz.e,fɔze,fɛze
fɔz.u,fɛz.u,fɔzu,fɛzu
fɔz.o,fɛz.o,fɔzo,fɛzo
fɔʃ.i,fɛʃ.i,fɔʃi,fɛʃi
fɔʃ.e,fɛʃ.e,fɔʃe,fɛʃe
fɔʃ.u,fɛʃ.u,fɔʃu,fɛʃu
fɔʃ.o,fɛʃ.o,fɔʃo,fɛʃo
fɔʒ.i,fɛʒ.i,fɔʒi,fɛʒi
fɔʒ.e,fɛʒ.e,fɔʒe,fɛʒe
fɔʒ.u,fɛʒ.u,fɔʒu,fɛʒu
fɔʒ.o,fɛʒ.o,fɔʒo,fɛʒo
fɔθ.i,fɛθ.i,fɔθi,fɛθi
fɔθ.e,fɛθ.e,fɔθe,fɛθe
fɔθ.u,fɛθ.u,fɔθu,fɛθu
fɔθ.o,fɛθ.o,fɔθo,fɛθo
fɔð.i,fɛð.i,fɔði,fɛði
fɔð.e,fɛð.e,fɔðe,fɛðe
fɔð.u,fɛð.u,fɔðu,fɛðu
fɔð.o,fɛð.o,fɔðo,fɛðo
sɔm.i,sɛm.i,sɔmi,sɛmi
sɔm.e,sɛm.e,sɔme,sɛme
sɔm.u,sɛm.u,sɔmu,sɛmu
sɔm.o,sɛm.o,sɔmo,sɛmo
sɔn.i,sɛn.i,sɔni,sɛni
sɔn.e,sɛn.e,sɔne,sɛne
sɔn.u,sɛn.u,sɔnu,sɛnu
sɔn.o,sɛn.o,sɔno,sɛno
sɔŋ.i,sɛŋ.i,sɔŋi,sɛŋi
sɔŋ.e,sɛŋ.e,sɔŋe,sɛŋe
sɔŋ.u,sɛŋ.u,sɔŋu,sɛŋu
sɔŋ.o,sɛŋ.o,sɔŋo,sɛŋo
sɔp.i,sɛp.i,sɔpi,sɛpi
sɔp.e,sɛp.e,sɔpe,sɛpe
sɔp.u,sɛp.u,sɔpu,sɛpu
sɔp.o,sɛp.o,sɔpo,sɛpo
sɔt.i,sɛt.i,sɔti,sɛti
sɔt.e,sɛt.e,sɔte,sɛte
sɔt.u,sɛt.u,sɔtu,sɛtu
sɔt.o,sɛt.o,sɔto,sɛto
sɔk.i,sɛk.i,sɔki,sɛki
sɔk.e,sɛk.e,sɔke,sɛke
sɔk.u,sɛk.u,sɔku,sɛku
sɔk.o,sɛk.o,sɔko,sɛko
sɔb.i,sɛb.i,sɔbi,sɛbi
sɔb.e,sɛb.e,sɔbe,sɛbe
sɔb.u,sɛb.u,sɔbu,sɛbu
sɔb.o,sɛb.o,sɔbo,sɛbo
sɔd.i,sɛd.i,sɔdi,sɛdi
sɔd.e,sɛd.e,sɔde,sɛde
sɔd.u,sɛd.u,sɔdu,sɛdu
sɔd.o,sɛd.o,sɔdo,sɛdo
sɔg.i,sɛg.i,sɔgi,sɛgi
sɔg.e,sɛg.e,sɔge,sɛge
sɔg.u,sɛg.u,sɔgu,sɛgu
sɔg.o,sɛg.o,sɔgo,sɛgo
sɔf.i,sɛf.i,sɔfi,sɛfi
sɔf.e,sɛf.e,sɔfe,sɛfe
sɔf.u,sɛf.u,sɔfu,sɛfu
sɔf.o,sɛf.o,sɔfo,sɛfo
sɔs.i,sɛs.i,sɔsi,sɛsi
sɔs.e,sɛs.e,sɔse,sɛse
sɔs.u,sɛs.u,sɔsu,sɛsu
sɔs.o,sɛs.o,sɔso,sɛso
sɔv.i,sɛv.i,sɔvi,sɛvi
sɔv.e,sɛv.e,sɔve,sɛve
sɔv.u,sɛv.u,sɔvu,sɛvu
sɔv.o,sɛv.o,sɔvo,sɛvo
sɔz.i,sɛz.i,sɔzi,sɛzi
sɔz.e,sɛz.e,sɔze,sɛze
sɔz.u,sɛz.u,sɔzu,sɛzu
sɔz.o,sɛz.o,sɔzo,sɛzo
sɔʃ.i,sɛʃ.i,sɔʃi,sɛʃi
sɔʃ.e,sɛʃ.e,sɔʃe,sɛʃe
sɔʃ.u,sɛʃ.u,sɔʃu,sɛʃu
sɔʃ.o,sɛʃ.o,sɔʃo,sɛʃo
sɔʒ.i,sɛʒ.i,sɔʒi,sɛʒi
sɔʒ.e,sɛʒ.e,sɔʒe,sɛʒe
sɔʒ.u,sɛʒ.u,sɔʒu,sɛʒu
sɔʒ.o,sɛʒ.o,sɔʒo,sɛʒo
sɔθ.i,sɛθ.i,sɔθi,sɛθi
sɔθ.e,sɛθ.e,sɔθe,sɛθe
sɔθ.u,sɛθ.u,sɔθu,sɛθu
sɔθ.o,sɛθ.o,sɔθo,sɛθo
sɔð.i,sɛð.i,sɔði,sɛði
sɔð.e,sɛð.e,sɔðe,sɛðe
sɔð.u,sɛð.u,sɔðu,sɛðu
sɔð.o,sɛð.o,sɔðo,sɛðo
vɔm.i,vɛm.i,vɔmi,vɛmi
vɔm.e,vɛm.e,vɔme,vɛme
vɔm.u,vɛm.u,vɔmu,vɛmu
vɔm.o,vɛm.o,vɔmo,vɛmo
vɔn.i,vɛn.i,vɔni,vɛni
vɔn.e,vɛn.e,vɔne,vɛne
vɔn.u,vɛn.u,vɔnu,vɛnu
vɔn.o,vɛn.o,vɔno,vɛno
vɔŋ.i,vɛŋ.i,vɔŋi,vɛŋi
vɔŋ.e,vɛŋ.e,vɔŋe,vɛŋe
vɔŋ.u,vɛŋ.u,vɔŋu,vɛŋu
vɔŋ.o,vɛŋ.o,vɔŋo,vɛŋo
vɔp.i,vɛp.i,vɔpi,vɛpi
vɔp.e,vɛp.e,vɔpe,vɛpe
vɔp.u,vɛp.u,vɔpu,vɛpu
vɔp.o,vɛp.o,vɔpo,vɛpo
vɔt.i,vɛt.i,vɔti,vɛti
vɔt.e,vɛt.e,vɔte,vɛte
vɔt.u,vɛt.u,vɔtu,vɛtu
vɔt.o,vɛt.o,vɔto,vɛto
vɔk.i,vɛk.i,vɔki,vɛki
vɔk.e,vɛk.e,vɔke,vɛke
vɔk.u,vɛk.u,vɔku,vɛku
vɔk.o,vɛk.o,vɔko,vɛko
vɔb.i,vɛb.i,vɔbi,vɛbi
vɔb.e,vɛb.e,vɔbe,vɛbe
vɔb.u,vɛb.u,vɔbu,vɛbu
vɔb.o,vɛb.o,vɔbo,vɛbo
vɔd.i,vɛd.i,vɔdi,vɛdi
vɔd.e,vɛd.e,vɔde,vɛde
vɔd.u,vɛd.u,vɔdu,vɛdu
vɔd.o,vɛd.o,vɔdo,vɛdo
vɔg.i,vɛg.i,vɔgi,vɛgi
vɔg.e,vɛg.e,vɔge,vɛge
vɔg.u,vɛg.u,vɔgu,vɛgu
vɔg.o,vɛg.o,vɔgo,vɛgo
vɔf.i,vɛf.i,vɔfi,vɛfi
vɔf.e,vɛf.e,vɔfe,vɛfe
vɔf.u,vɛf.u,vɔfu,vɛfu
vɔf.o,vɛf.o,vɔfo,vɛfo
vɔs.i,vɛs.i,vɔsi,vɛsi
vɔs.e,vɛs.e,vɔse,vɛse
vɔs.u,vɛs.u,vɔsu,vɛsu
vɔs.o,vɛs.o,vɔso,vɛso
vɔv.i,vɛv.i,vɔvi,vɛvi
vɔv.e,vɛv.e,vɔve,vɛve
vɔv.u,vɛv.u,vɔvu,vɛvu
vɔv.o,vɛv.o,vɔvo,vɛvo
vɔz.i,vɛz.i,vɔzi,vɛzi
vɔz.e,vɛz.e,vɔze,vɛze
vɔz.u,vɛz.u,vɔzu,vɛzu
vɔz.o,vɛz.o,vɔzo,vɛzo
vɔʃ.i,vɛʃ.i,vɔʃi,vɛʃi
vɔʃ.e,vɛʃ.e,vɔʃe,vɛʃe
vɔʃ.u,vɛʃ.u,vɔʃu,vɛʃu
vɔʃ.o,vɛʃ.o,vɔʃo,vɛʃo
vɔʒ.i,vɛʒ.i,vɔʒi,vɛʒi
vɔʒ.e,vɛʒ.e,vɔʒe,vɛʒe
vɔʒ.u,vɛʒ.u,vɔʒu,vɛʒu
vɔʒ.o,vɛʒ.o,vɔʒo,vɛʒo
vɔθ.i,vɛθ.i,vɔθi,vɛθi
vɔθ.e,vɛθ.e,vɔθe,vɛθe
vɔθ.u,vɛθ.u,vɔθu,vɛθu
vɔθ.o,vɛθ.o,vɔθo,vɛθo
vɔð.i,vɛð.i,vɔði,vɛði
vɔð.e,vɛð.e,vɔðe,vɛðe
vɔð.u,vɛð.u,vɔðu,vɛðu
vɔð.o,vɛð.o,vɔðo,vɛðo
zɔm.i,zɛm.i,zɔmi,zɛmi
zɔm.e,zɛm.e,zɔme,zɛme
zɔm.u,zɛm.u,zɔmu,zɛmu
zɔm.o,zɛm.o,zɔmo,zɛmo
zɔn.i,zɛn.i,zɔni,zɛni
zɔn.e,zɛn.e,zɔne,zɛne
zɔn.u,zɛn.u,zɔnu,zɛnu
zɔn.o,zɛn.o,zɔno,zɛno
zɔŋ.i,zɛŋ.i,zɔŋi,zɛŋi
zɔŋ.e,zɛŋ.e,zɔŋe,zɛŋe
zɔŋ.u,zɛŋ.u,zɔŋu,zɛŋu
zɔŋ.o,zɛŋ.o,zɔŋo,zɛŋo
zɔp.i,zɛp.i,zɔpi,zɛpi
zɔp.e,zɛp.e,zɔpe,zɛpe
zɔp.u,zɛp.u,zɔpu,zɛpu
zɔp.o,zɛp.o,zɔpo,zɛpo
zɔt.i,zɛt.i,zɔti,zɛti
zɔt.e,zɛt.e,zɔte,zɛte
zɔt.u,zɛt.u,zɔtu,zɛtu
zɔt.o,zɛt.o,zɔto,zɛto
zɔk.i,zɛk.i,zɔki,zɛki
zɔk.e,zɛk.e,zɔke,zɛke
zɔk.u,zɛk.u,zɔku,zɛku
zɔk.o,zɛk.o,zɔko,zɛko
zɔb.i,zɛb.i,zɔbi,zɛbi
zɔb.e,zɛb.e,zɔbe,zɛbe
zɔb.u,zɛb.u,zɔbu,zɛbu
zɔb.o,zɛb.o,zɔbo,zɛbo
zɔd.i,zɛd.i,zɔdi,zɛdi
zɔd.e,zɛd.e,zɔde,zɛde
zɔd.u,zɛd.u,zɔdu,zɛdu
zɔd.o,zɛd.o,zɔdo,zɛdo
zɔg.i,zɛg.i,zɔgi,zɛgi
zɔg.e,zɛg.e,zɔge,zɛge
zɔg.u,zɛg.u,zɔgu,zɛgu
zɔg.o,zɛg.o,zɔgo,zɛgo
zɔf.i,zɛf.i,zɔfi,zɛfi
zɔf.e,zɛf.e,zɔfe,zɛfe
zɔf.u,zɛf.u,zɔfu,zɛfu
zɔf.o,zɛf.o,zɔfo,zɛfo
zɔs.i,zɛs.i,zɔsi,zɛsi
zɔs.e,zɛs.e,zɔse,zɛse
zɔs.u,zɛs.u,zɔsu,zɛsu
zɔs.o,zɛs.o,zɔso,zɛso
zɔv.i,zɛv.i,zɔvi,zɛvi
zɔv.e,zɛv.e,zɔve,zɛve
zɔv.u,zɛv.u,zɔvu,zɛvu
zɔv.o,zɛv.o,zɔvo,zɛvo
zɔz.i,zɛz.i,zɔzi,zɛzi
zɔz.e,zɛz.e,zɔze,zɛze
zɔz.u,zɛz.u,zɔzu,zɛzu
zɔz.o,zɛz.o,zɔzo,zɛzo
zɔʃ.i,zɛʃ.i,zɔʃi,zɛʃi
zɔʃ.e,zɛʃ.e,zɔʃe,zɛʃe
zɔʃ.u,zɛʃ.u,zɔʃu,zɛʃu
zɔʃ.o,zɛʃ.o,zɔʃo,zɛʃo
zɔʒ.i,zɛʒ.i,zɔʒi,zɛʒi
zɔʒ.e,zɛʒ.e,zɔʒe,zɛʒe
zɔʒ.u,zɛʒ.u,zɔʒu,zɛʒu
zɔʒ.o,zɛʒ.o,zɔʒo,zɛʒo
zɔθ.i,zɛθ.i,zɔθi,zɛθi
zɔθ.e,zɛθ.e,zɔθe,zɛθe
zɔθ.u,zɛθ.u,zɔθu,zɛθu
zɔθ.o,zɛθ.o,zɔθo,zɛθo
zɔð.i,zɛð.i,zɔði,zɛði
zɔð.e,zɛð.e,zɔðe,zɛðe
zɔð.u,zɛð.u,zɔðu,zɛðu
zɔð.o,zɛð.o,zɔðo,zɛðo
ʃɔm.i,ʃɛm.i,ʃɔmi,ʃɛmi
ʃɔm.e,ʃɛm.e,ʃɔme,ʃɛme
ʃɔm.u,ʃɛm.u,ʃɔmu,ʃɛmu
ʃɔm.o,ʃɛm.o,ʃɔmo,ʃɛmo
ʃɔn.i,ʃɛn.i,ʃɔni,ʃɛni
ʃɔn.e,ʃɛn.e,ʃɔne,ʃɛne
ʃɔn.u,ʃɛn.u,ʃɔnu,ʃɛnu
ʃɔn.o,ʃɛn.o,ʃɔno,ʃɛno
ʃɔŋ.i,ʃɛŋ.i,ʃɔŋi,ʃɛŋi
ʃɔŋ.e,ʃɛŋ.e,ʃɔŋe,ʃɛŋe
ʃɔŋ.u,ʃɛŋ.u,ʃɔŋu,ʃɛŋu
ʃɔŋ.o,ʃɛŋ.o,ʃɔŋo,ʃɛŋo
ʃɔp.i,ʃɛp.i,ʃɔpi,ʃɛpi
ʃɔp.e,ʃɛp.e,ʃɔpe,ʃɛpe
ʃɔp.u,ʃɛp.u,ʃɔpu,ʃɛpu
ʃɔp.o,ʃɛp.o,ʃɔpo,ʃɛpo
ʃɔt.i,ʃɛt.i,ʃɔti,ʃɛti
ʃɔt.e,ʃɛt.e,ʃɔte,ʃɛte
ʃɔt.u,ʃɛt.u,ʃɔtu,ʃɛtu
ʃɔt.o,ʃɛt.o,ʃɔto,ʃɛto
ʃɔk.i,ʃɛk.i,ʃɔki,ʃɛki
ʃɔk.e,ʃɛk.e,ʃɔke,ʃɛke
ʃɔk.u,ʃɛk.u,ʃɔku,ʃɛku
ʃɔk.o,ʃɛk.o,ʃɔko,ʃɛko
ʃɔb.i,ʃɛb.i,ʃɔbi,ʃɛbi
ʃɔb.e,ʃɛb.e,ʃɔbe,ʃɛbe
ʃɔb.u,ʃɛb.u,ʃɔbu,ʃɛbu
ʃɔb.o,ʃɛb.o,ʃɔbo,ʃɛbo
ʃɔd.i,ʃɛd.i,ʃɔdi,ʃɛdi
ʃɔd.e,ʃɛd.e,ʃɔde,ʃɛde
ʃɔd.u,ʃɛd.u,ʃɔdu,ʃɛdu
ʃɔd.o,ʃɛd.o,ʃɔdo,ʃɛdo
ʃɔg.i,ʃɛg.i,ʃɔgi,ʃɛgi
ʃɔg.e,ʃɛg.e,ʃɔge,ʃɛge
ʃɔg.u,ʃɛg.u,ʃɔgu,ʃɛgu
ʃɔg.o,ʃɛg.o,ʃɔgo,ʃɛgo
ʃɔf.i,ʃɛf.i,ʃɔfi,ʃɛfi
ʃɔf.e,ʃɛf.e,ʃɔfe,ʃɛfe
ʃɔf.u,ʃɛf.u,ʃɔfu,ʃɛfu
ʃɔf.o,ʃɛf.o,ʃɔfo,ʃɛfo
ʃɔs.i,ʃɛs.i,ʃɔsi,ʃɛsi
ʃɔs.e,ʃɛs.e,ʃɔse,ʃɛse
ʃɔs.u,ʃɛs.u,ʃɔsu,ʃɛsu
ʃɔs.o,ʃɛs.o,ʃɔso,ʃɛso
ʃɔv.i,ʃɛv.i,ʃɔvi,ʃɛvi
ʃɔv.e,ʃɛv.e,ʃɔve,ʃɛve
ʃɔv.u,ʃɛv.u,ʃɔvu,ʃɛvu
ʃɔv.o,ʃɛv.o,ʃɔvo,ʃɛvo
ʃɔz.i,ʃɛz.i,ʃɔzi,ʃɛzi
ʃɔz.e,ʃɛz.e,ʃɔze,ʃɛze
ʃɔz.u,ʃɛz.u,ʃɔzu,ʃɛzu
ʃɔz.o,ʃɛz.o,ʃɔzo,ʃɛzo
ʃɔʃ.i,ʃɛʃ.i,ʃɔʃi,ʃɛʃi
ʃɔʃ.e,ʃɛʃ.e,ʃɔʃe,ʃɛʃe
ʃɔʃ.u,ʃɛʃ.u,ʃɔʃu,ʃɛʃu
ʃɔʃ.o,ʃɛʃ.o,ʃɔʃo,ʃɛʃo
ʃɔʒ.i,ʃɛʒ.i,ʃɔʒi,ʃɛʒi
ʃɔʒ.e,ʃɛʒ.e,ʃɔʒe,ʃɛʒe
ʃɔʒ.u,ʃɛʒ.u,ʃɔʒu,ʃɛʒu
ʃɔʒ.o,ʃɛʒ.o,ʃɔʒo,ʃɛʒo
ʃɔθ.i,ʃɛθ.i,ʃɔθi,ʃɛθi
ʃɔθ.e,ʃɛθ.e,ʃɔθe,ʃɛθe
ʃɔθ.u,ʃɛθ.u,ʃɔθu,ʃɛθu
ʃɔθ.o,ʃɛθ.o,ʃɔθo,ʃɛθo
ʃɔð.i,ʃɛð.i,ʃɔði,ʃɛði
ʃɔð.e,ʃɛð.e,ʃɔðe,ʃɛðe
ʃɔð.u,ʃɛð.u,ʃɔðu,ʃɛðu
ʃɔð.o,ʃɛð.o,ʃɔðo,ʃɛðo
ʒɔm.i,ʒɛm.i,ʒɔmi,ʒɛmi
ʒɔm.e,ʒɛm.e,ʒɔme,ʒɛme
ʒɔm.u,ʒɛm.u,ʒɔmu,ʒɛmu
ʒɔm.o,ʒɛm.o,ʒɔmo,ʒɛmo
ʒɔn.i,ʒɛn.i,ʒɔni,ʒɛni
ʒɔn.e,ʒɛn.e,ʒɔne,ʒɛne
ʒɔn.u,ʒɛn.u,ʒɔnu,ʒɛnu
ʒɔn.o,ʒɛn.o,ʒɔno,ʒɛno
ʒɔŋ.i,ʒɛŋ.i,ʒɔŋi,ʒɛŋi
ʒɔŋ.e,ʒɛŋ.e,ʒɔŋe,ʒɛŋe
ʒɔŋ.u,ʒɛŋ.u,ʒɔŋu,ʒɛŋu
ʒɔŋ.o,ʒɛŋ.o,ʒɔŋo,ʒɛŋo
ʒɔp.i,ʒɛp.i,ʒɔpi,ʒɛpi
ʒɔp.e,ʒɛp.e,ʒɔpe,ʒɛpe
ʒɔp.u,ʒɛp.u,ʒɔpu,ʒɛpu
ʒɔp.o,ʒɛp.o,ʒɔpo,ʒɛpo
ʒɔt.i,ʒɛt.i,ʒɔti,ʒɛti
ʒɔt.e,ʒɛt.e,ʒɔte,ʒɛte
ʒɔt.u,ʒɛt.u,ʒɔtu,ʒɛtu
ʒɔt.o,ʒɛt.o,ʒɔto,ʒɛto
ʒɔk.i,ʒɛk.i,ʒɔki,ʒɛki
ʒɔk.e,ʒɛk.e,ʒɔke,ʒɛke
ʒɔk.u,ʒɛk.u,ʒɔku,ʒɛku
ʒɔk.o,ʒɛk.o,ʒɔko,ʒɛko
ʒɔb.i,ʒɛb.i,ʒɔbi,ʒɛbi
ʒɔb.e,ʒɛb.e,ʒɔbe,ʒɛbe
ʒɔb.u,ʒɛb.u,ʒɔbu,ʒɛbu
ʒɔb.o,ʒɛb.o,ʒɔbo,ʒɛbo
ʒɔd.i,ʒɛd.i,ʒɔdi,ʒɛdi
ʒɔd.e,ʒɛd.e,ʒɔde,ʒɛde
ʒɔd.u,ʒɛd.u,ʒɔdu,ʒɛdu
ʒɔd.o,ʒɛd.o,ʒɔdo,ʒɛdo
ʒɔg.i,ʒɛg.i,ʒɔgi,ʒɛgi
ʒɔg.e,ʒɛg.e,ʒɔge,ʒɛge
ʒɔg.u,ʒɛg.u,ʒɔgu,ʒɛgu
ʒɔg.o,ʒɛg.o,ʒɔgo,ʒɛgo
ʒɔf.i,ʒɛf.i,ʒɔfi,ʒɛfi
ʒɔf.e,ʒɛf.e,ʒɔfe,ʒɛfe
ʒɔf.u,ʒɛf.u,ʒɔfu,ʒɛfu
ʒɔf.o,ʒɛf.o,ʒɔfo,ʒɛfo
ʒɔs.i,ʒɛs.i,ʒɔsi,ʒɛsi
ʒɔs.e,ʒɛs.e,ʒɔse,ʒɛse
ʒɔs.u,ʒɛs.u,ʒɔsu,ʒɛsu
ʒɔs.o,ʒɛs.o,ʒɔso,ʒɛso
ʒɔv.i,ʒɛv.i,ʒɔvi,ʒɛvi
ʒɔv.e,ʒɛv.e,ʒɔve,ʒɛve
ʒɔv.u,ʒɛv.u,ʒɔvu,ʒɛvu
ʒɔv.o,ʒɛv.o,ʒɔvo,ʒɛvo
ʒɔz.i,ʒɛz.i,ʒɔzi,ʒɛzi
ʒɔz.e,ʒɛz.e,ʒɔze,ʒɛze
ʒɔz.u,ʒɛz.u,ʒɔzu,ʒɛzu
ʒɔz.o,ʒɛz.o,ʒɔzo,ʒɛzo
ʒɔʃ.i,ʒɛʃ.i,ʒɔʃi,ʒɛʃi
ʒɔʃ.e,ʒɛʃ.e,ʒɔʃe,ʒɛʃe
ʒɔʃ.u,ʒɛʃ.u,ʒɔʃu,ʒɛʃu
ʒɔʃ.o,ʒɛʃ.o,ʒɔʃo,ʒɛʃo
ʒɔʒ.i,ʒɛʒ.i,ʒɔʒi,ʒɛʒi
ʒɔʒ.e,ʒɛʒ.e,ʒɔʒe,ʒɛʒe
ʒɔʒ.u,ʒɛʒ.u,ʒɔʒu,ʒɛʒu
ʒɔʒ.o,ʒɛʒ.o,ʒɔʒo,ʒɛʒo
ʒɔθ.i,ʒɛθ.i,ʒɔθi,ʒɛθi
ʒɔθ.e,ʒɛθ.e,ʒɔθe,ʒɛθe
ʒɔθ.u,ʒɛθ.u,ʒɔθu,ʒɛθu
ʒɔθ.o,ʒɛθ.o,ʒɔθo,ʒɛθo
ʒɔð.i,ʒɛð.i,ʒɔði,ʒɛði
ʒɔð.e,ʒɛð.e,ʒɔðe,ʒɛðe
ʒɔð.u,ʒɛð.u,ʒɔðu,ʒɛðu
ʒɔð.o,ʒɛð.o,ʒɔðo,ʒɛðo
θɔm.i,θɛm.i,θɔmi,θɛmi
θɔm.e,θɛm.e,θɔme,θɛme
θɔm.u,θɛm.u,θɔmu,θɛmu
θɔm.o,θɛm.o,θɔmo,θɛmo
θɔn.i,θɛn.i,θɔni,θɛni
θɔn.e,θɛn.e,θɔne,θɛne
θɔn.u,θɛn.u,θɔnu,θɛnu
θɔn.o,θɛn.o,θɔno,θɛno
θɔŋ.i,θɛŋ.i,θɔŋi,θɛŋi
θɔŋ.e,θɛŋ.e,θɔŋe,θɛŋe
θɔŋ.u,θɛŋ.u,θɔŋu,θɛŋu
θɔŋ.o,θɛŋ.o,θɔŋo,θɛŋo
θɔp.i,θɛp.i,θɔpi,θɛpi
θɔp.e,θɛp.e,θɔpe,θɛpe
θɔp.u,θɛp.u,θɔpu,θɛpu
θɔp.o,θɛp.o,θɔpo,θɛpo
θɔt.i,θɛt.i,θɔti,θɛti
θɔt.e,θɛt.e,θɔte,θɛte
θɔt.u,θɛt.u,θɔtu,θɛtu
θɔt.o,θɛt.o,θɔto,θɛto
θɔk.i,θɛk.i,θɔki,θɛki
θɔk.e,θɛk.e,θɔke,θɛke
θɔk.u,θɛk.u,θɔku,θɛku
θɔk.o,θɛk.o,θɔko,θɛko
θɔb.i,θɛb.i,θɔbi,θɛbi
θɔb.e,θɛb.e,θɔbe,θɛbe
θɔb.u,θɛb.u,θɔbu,θɛbu
θɔb.o,θɛb.o,θɔbo,θɛbo
θɔd.i,θɛd.i,θɔdi,θɛdi
θɔd.e,θɛd.e,θɔde,θɛde
θɔd.u,θɛd.u,θɔdu,θɛdu
θɔd.o,θɛd.o,θɔdo,θɛdo
θɔg.i,θɛg.i,θɔgi,θɛgi
θɔg.e,θɛg.e,θɔge,θɛge
θɔg.u,θɛg.u,θɔgu,θɛgu
θɔg.o,θɛg.o,θɔgo,θɛgo
θɔf.i,θɛf.i,θɔfi,θɛfi
θɔf.e,θɛf.e,θɔfe,θɛfe
θɔf.u,θɛf.u,θɔfu,θɛfu
θɔf.o,θɛf.o,θɔfo,θɛfo
θɔs.i,θɛs.i,θɔsi,θɛsi
θɔs.e,θɛs.e,θɔse,θɛse
θɔs.u,θɛs.u,θɔsu,θɛsu
θɔs.o,θɛs.o,θɔso,θɛso
θɔv.i,θɛv.i,θɔvi,θɛvi
θɔv.e,θɛv.e,θɔve,θɛve
θɔv.u,θɛv.u,θɔvu,θɛvu
θɔv.o,θɛv.o,θɔvo,θɛvo
θɔz.i,θɛz.i,θɔzi,θɛzi
θɔz.e,θɛz.e,θɔze,θɛze
θɔz.u,θɛz.u,θɔzu,θɛzu
θɔz.o,θɛz.o,θɔzo,θɛzo
θɔʃ.i,θɛʃ.i,θɔʃi,θɛʃi
θɔʃ.e,θɛʃ.e,θɔʃe,θɛʃe
θɔʃ.u,θɛʃ.u,θɔʃu,θɛʃu
θɔʃ.o,θɛʃ.o,θɔʃo,θɛʃo
θɔʒ.i,θɛʒ.i,θɔʒi,θɛʒi
θɔʒ.e,θɛʒ.e,θɔʒe,θɛʒe
θɔʒ.u,θɛʒ.u,θɔʒu,θɛʒu
θɔʒ.o,θɛʒ.o,θɔʒo,θɛʒo
θɔθ.i,θɛθ.i,θɔθi,θɛθi
θɔθ.e,θɛθ.e,θɔθe,θɛθe
θɔθ.u,θɛθ.u,θɔθu,θɛθu
θɔθ.o,θɛθ.o,θɔθo,θɛθo
θɔð.i,θɛð.i,θɔði,θɛði
θɔð.e,θɛð.e,θɔðe,θɛðe
θɔð.u,θɛð.u,θɔðu,θɛðu
θɔð.o,θɛð.o,θɔðo,θɛðo
ðɔm.i,ðɛm.i,ðɔmi,ðɛmi
ðɔm.e,ðɛm.e,ðɔme,ðɛme
ðɔm.u,ðɛm.u,ðɔmu,ðɛmu
ðɔm.o,ðɛm.o,ðɔmo,ðɛmo
ðɔn.i,ðɛn.i,ðɔni,ðɛni
ðɔn.e,ðɛn.e,ðɔne,ðɛne
ðɔn.u,ðɛn.u,ðɔnu,ðɛnu
ðɔn.o,ðɛn.o,ðɔno,ðɛno
ðɔŋ.i,ðɛŋ.i,ðɔŋi,ðɛŋi
ðɔŋ.e,ðɛŋ.e,ðɔŋe,ðɛŋe
ðɔŋ.u,ðɛŋ.u,ðɔŋu,ðɛŋu
ðɔŋ.o,ðɛŋ.o,ðɔŋo,ðɛŋo
ðɔp.i,ðɛp.i,ðɔpi,ðɛpi
ðɔp.e,ðɛp.e,ðɔpe,ðɛpe
ðɔp.u,ðɛp.u,ðɔpu,ðɛpu
ðɔp.o,ðɛp.o,ðɔpo,ðɛpo
ðɔt.i,ðɛt.i,ðɔti,ðɛti
ðɔt.e,ðɛt.e,ðɔte,ðɛte
ðɔt.u,ðɛt.u,ðɔtu,ðɛtu
ðɔt.o,ðɛt.o,ðɔto,ðɛto
ðɔk.i,ðɛk.i,ðɔki,ðɛki
ðɔk.e,ðɛk.e,ðɔke,ðɛke
ðɔk.u,ðɛk.u,ðɔku,ðɛku
ðɔk.o,ðɛk.o,ðɔko,ðɛko
ðɔb.i,ðɛb.i,ðɔbi,ðɛbi
ðɔb.e,ðɛb.e,ðɔbe,ðɛbe
ðɔb.u,ðɛb.u,ðɔbu,ðɛbu
ðɔb.o,ðɛb.o,ðɔbo,ðɛbo
ðɔd.i,ðɛd.i,ðɔdi,ðɛdi
ðɔd.e,ðɛd.e,ðɔde,ðɛde
ðɔd.u,ðɛd.u,ðɔdu,ðɛdu
ðɔd.o,ðɛd.o,ðɔdo,ðɛdo
ðɔg.i,ðɛg.i,ðɔgi,ðɛgi
ðɔg.e,ðɛg.e,ðɔge,ðɛge
ðɔg.u,ðɛg.u,ðɔgu,ðɛgu
ðɔg.o,ðɛg.o,ðɔgo,ðɛgo
ðɔf.i,ðɛf.i,ðɔfi,ðɛfi
ðɔf.e,ðɛf.e,ðɔfe,ðɛfe
ðɔf.u,ðɛf.u,ðɔfu,ðɛfu
ðɔf.o,ðɛf.o,ðɔfo,ðɛfo
ðɔs.i,ðɛs.i,ðɔsi,ðɛsi
ðɔs.e,ðɛs.e,ðɔse,ðɛse
ðɔs.u,ðɛs.u,ðɔsu,ðɛsu
ðɔs.o,ðɛs.o,ðɔso,ðɛso
ðɔv.i,ðɛv.i,ðɔvi,ðɛvi
ðɔv.e,ðɛv.e,ðɔve,ðɛve
ðɔv.u,ðɛv.u,ðɔvu,ðɛvu
ðɔv.o,ðɛv.o,ðɔvo,ðɛvo
ðɔz.i,ðɛz.i,ðɔzi,ðɛzi
ðɔz.e,ðɛz.e,ðɔze,ðɛze
ðɔz.u,ðɛz.u,ðɔzu,ðɛzu
ðɔz.o,ðɛz.o,ðɔzo,ðɛzo
ðɔʃ.i,ðɛʃ.i,ðɔʃi,ðɛʃi
ðɔʃ.e,ðɛʃ.e,ðɔʃe,ðɛʃe
ðɔʃ.u,ðɛʃ.u,ðɔʃu,ðɛʃu
ðɔʃ.o,ðɛʃ.o,ðɔʃo,ðɛʃo
ðɔʒ.i,ðɛʒ.i,ðɔʒi,ðɛʒi
ðɔʒ.e,ðɛʒ.e,ðɔʒe,ðɛʒe
ðɔʒ.u,ðɛʒ.u,ðɔʒu,ðɛʒu
ðɔʒ.o,ðɛʒ.o,ðɔʒo,ðɛʒo
ðɔθ.i,ðɛθ.i,ðɔθi,ðɛθi
ðɔθ.e,ðɛθ.e,ðɔθe,ðɛθe
ðɔθ.u,ðɛθ.u,ðɔθu,ðɛθu
ðɔθ.o,ðɛθ.o,ðɔθo,ðɛθo
ðɔð.i,ðɛð.i,ðɔði,ðɛði
ðɔð.e,ðɛð.e,ðɔðe,ðɛðe
ðɔð.u,ðɛð.u,ðɔðu,ðɛðu
ðɔð.o,ðɛð.o,ðɔðo,ðɛðo
hɔm.i,hɛm.i,hɔmi,hɛmi
hɔm.e,hɛm.e,hɔme,hɛme
hɔm.u,hɛm.u,hɔmu,hɛmu
hɔm.o,hɛm.o,hɔmo,hɛmo
hɔn.i,hɛn.i,hɔni,hɛni
hɔn.e,hɛn.e,hɔne,hɛne
hɔn.u,hɛn.u,hɔnu,hɛnu
hɔn.o,hɛn.o,hɔno,hɛno
hɔŋ.i,hɛŋ.i,hɔŋi,hɛŋi
hɔŋ.e,hɛŋ.e,hɔŋe,hɛŋe
hɔŋ.u,hɛŋ.u,hɔŋu,hɛŋu
hɔŋ.o,hɛŋ.o,hɔŋo,hɛŋo
hɔp.i,hɛp.i,hɔpi,hɛpi
hɔp.e,hɛp.e,hɔpe,hɛpe
hɔp.u,hɛp.u,hɔpu,hɛpu
hɔp.o,hɛp.o,hɔpo,hɛpo
hɔt.i,hɛt.i,hɔti,hɛti
hɔt.e,hɛt.e,hɔte,hɛte
hɔt.u,hɛt.u,hɔtu,hɛtu
hɔt.o,hɛt.o,hɔto,hɛto
hɔk.i,hɛk.i,hɔki,hɛki
hɔk.e,hɛk.e,hɔke,hɛke
hɔk.u,hɛk.u,hɔku,hɛku
hɔk.o,hɛk.o,hɔko,hɛko
hɔb.i,hɛb.i,hɔbi,hɛbi
hɔb.e,hɛb.e,hɔbe,hɛbe
hɔb.u,hɛb.u,hɔbu,hɛbu
hɔb.o,hɛb.o,hɔbo,hɛbo
hɔd.i,hɛd.i,hɔdi,hɛdi
hɔd.e,hɛd.e,hɔde,hɛde
hɔd.u,hɛd.u,hɔdu,hɛdu
hɔd.o,hɛd.o,hɔdo,hɛdo
hɔg.i,hɛg.i,hɔgi,hɛgi
hɔg.e,hɛg.e,hɔge,hɛge
hɔg.u,hɛg.u,hɔgu,hɛgu
hɔg.o,hɛg.o,hɔgo,hɛgo
hɔf.i,hɛf.i,hɔfi,hɛfi
hɔf.e,hɛf.e,hɔfe,hɛfe
hɔf.u,hɛf.u,hɔfu,hɛfu
hɔf.o,hɛf.o,hɔfo,hɛfo
hɔs.i,hɛs.i,hɔsi,hɛsi
hɔs.e,hɛs.e,hɔse,hɛse
hɔs.u,hɛs.u,hɔsu,hɛsu
hɔs.o,hɛs.o,hɔso,hɛso
hɔv.i,hɛv.i,hɔvi,hɛvi
hɔv.e,hɛv.e,hɔve,hɛve
hɔv.u,hɛv.u,hɔvu,hɛvu
hɔv.o,hɛv.o,hɔvo,hɛvo
hɔz.i,hɛz.i,hɔzi,hɛzi
hɔz.e,hɛz.e,hɔze,hɛze
hɔz.u,hɛz.u,hɔzu,hɛzu
hɔz.o,hɛz.o,hɔzo,hɛzo
hɔʃ.i,hɛʃ.i,hɔʃi,hɛʃi
hɔʃ.e,hɛʃ.e,hɔʃe,hɛʃe
hɔʃ.u,hɛʃ.u,hɔʃu,hɛʃu
hɔʃ.o,hɛʃ.o,hɔʃo,hɛʃo
hɔʒ.i,hɛʒ.i,hɔʒi,hɛʒi
hɔʒ.e,hɛʒ.e,hɔʒe,hɛʒe
hɔʒ.u,hɛʒ.u,hɔʒu,hɛʒu
hɔʒ.o,hɛʒ.o,hɔʒo,hɛʒo
hɔθ.i,hɛθ.i,hɔθi,hɛθi
hɔθ.e,hɛθ.e,hɔθe,hɛθe
hɔθ.u,hɛθ.u,hɔθu,hɛθu
hɔθ.o,hɛθ.o,hɔθo,hɛθo
hɔð.i,hɛð.i,hɔði,hɛði
hɔð.e,hɛð.e,hɔðe,hɛðe
hɔð.u,hɛð.u,hɔðu,hɛðu
hɔð.o,hɛð.o,hɔðo,hɛðo
