stem,ur_ref,sr_ref,ur,sr
i,imi,imu,imi,imu
i,ini,inu,ini,inu
i,ipi,ipu,ipi,ipu
i,iti,itu,iti,itu
i,iki,iku,iki,iku
i,ibi,ibu,ibi,ibu
i,idi,idu,idi,idu
i,igi,igu,igi,igu
i,ifi,ifu,ifi,ifu
i,isi,isu,isi,isu
i,ivi,ivu,ivi,ivu
i,izi,izu,izi,izu
i,iʃi,iʃu,iʃi,iʃu
i,iʒi,iʒu,iʒi,iʒu
i,iθi,iθu,iθi,iθu
i,iði,iðu,iði,iðu
i,ihi,ihu,ihi,ihu
i,imeɪ,imoʊ,ime,imo
i,ineɪ,inoʊ,ine,ino
i,ipeɪ,ipoʊ,ipe,ipo
i,iteɪ,itoʊ,ite,ito
i,ikeɪ,ikoʊ,ike,iko
i,ibeɪ,iboʊ,ibe,ibo
i,ideɪ,idoʊ,ide,ido
i,igeɪ,igoʊ,ige,igo
i,ifeɪ,ifoʊ,ife,ifo
i,iseɪ,isoʊ,ise,iso
i,iveɪ,ivoʊ,ive,ivo
i,izeɪ,izoʊ,ize,izo
i,iʃeɪ,iʃoʊ,iʃe,iʃo
i,iʒeɪ,iʒoʊ,iʒe,iʒo
i,iθeɪ,iθoʊ,iθe,iθo
i,iðeɪ,iðoʊ,iðe,iðo
i,iheɪ,ihoʊ,ihe,iho
i,imu,imu,imu,imu
i,inu,inu,inu,inu
i,ipu,ipu,ipu,ipu
i,itu,itu,itu,itu
i,iku,iku,iku,iku
i,ibu,ibu,ibu,ibu
i,idu,idu,idu,idu
i,igu,igu,igu,igu
i,ifu,ifu,ifu,ifu
i,isu,isu,isu,isu
i,ivu,ivu,ivu,ivu
i,izu,izu,izu,izu
i,iʃu,iʃu,iʃu,iʃu
i,iʒu,iʒu,iʒu,iʒu
i,iθu,iθu,iθu,iθu
i,iðu,iðu,iðu,iðu
i,ihu,ihu,ihu,ihu
i,imoʊ,imoʊ,imo,imo
i,inoʊ,inoʊ,ino,ino
i,ipoʊ,ipoʊ,ipo,ipo
i,itoʊ,itoʊ,ito,ito
i,ikoʊ,ikoʊ,iko,iko
i,iboʊ,iboʊ,ibo,ibo
i,idoʊ,idoʊ,ido,ido
i,igoʊ,igoʊ,igo,igo
i,ifoʊ,ifoʊ,ifo,ifo
i,isoʊ,isoʊ,iso,iso
i,ivoʊ,ivoʊ,ivo,ivo
i,izoʊ,izoʊ,izo,izo
i,iʃoʊ,iʃoʊ,iʃo,iʃo
i,iʒoʊ,iʒoʊ,iʒo,iʒo
i,iθoʊ,iθoʊ,iθo,iθo
i,iðoʊ,iðoʊ,iðo,iðo
i,ihoʊ,ihoʊ,iho,iho
eɪ,eɪmi,eɪmu,emi,emu
eɪ,eɪni,eɪnu,eni,enu
eɪ,eɪpi,eɪpu,epi,epu
eɪ,eɪti,eɪtu,eti,etu
eɪ,eɪki,eɪku,eki,eku
eɪ,eɪbi,eɪbu,ebi,ebu
eɪ,eɪdi,eɪdu,edi,edu
eɪ,eɪgi,eɪgu,egi,egu
eɪ,eɪfi,eɪfu,efi,efu
eɪ,eɪsi,eɪsu,esi,esu
eɪ,eɪvi,eɪvu,evi,evu
eɪ,eɪzi,eɪzu,ezi,ezu
eɪ,eɪʃi,eɪʃu,eʃi,eʃu
eɪ,eɪʒi,eɪʒu,eʒi,eʒu
eɪ,eɪθi,eɪθu,eθi,eθu
eɪ,eɪði,eɪðu,eði,eðu
eɪ,eɪhi,eɪhu,ehi,ehu
eɪ,eɪmeɪ,eɪmoʊ,eme,emo
eɪ,eɪneɪ,eɪnoʊ,ene,eno
eɪ,eɪpeɪ,eɪpoʊ,epe,epo
eɪ,eɪteɪ,eɪtoʊ,ete,eto
eɪ,eɪkeɪ,eɪkoʊ,eke,eko
eɪ,eɪbeɪ,eɪboʊ,ebe,ebo
eɪ,eɪdeɪ,eɪdoʊ,ede,edo
eɪ,eɪgeɪ,eɪgoʊ,ege,ego
eɪ,eɪfeɪ,eɪfoʊ,efe,efo
eɪ,eɪseɪ,eɪsoʊ,ese,eso
eɪ,eɪveɪ,eɪvoʊ,eve,evo
eɪ,eɪzeɪ,eɪzoʊ,eze,ezo
eɪ,eɪʃeɪ,eɪʃoʊ,eʃe,eʃo
eɪ,eɪʒeɪ,eɪʒoʊ,eʒe,eʒo
eɪ,eɪθeɪ,eɪθoʊ,eθe,eθo
eɪ,eɪðeɪ,eɪðoʊ,eðe,eðo
eɪ,eɪheɪ,eɪhoʊ,ehe,eho
eɪ,eɪmu,eɪmu,emu,emu
eɪ,eɪnu,eɪnu,enu,enu
eɪ,eɪpu,eɪpu,epu,epu
eɪ,eɪtu,eɪtu,etu,etu
eɪ,eɪku,eɪku,eku,eku
eɪ,eɪbu,eɪbu,ebu,ebu
eɪ,eɪdu,eɪdu,edu,edu
eɪ,eɪgu,eɪgu,egu,egu
eɪ,eɪfu,eɪfu,efu,efu
eɪ,eɪsu,eɪsu,esu,esu
eɪ,eɪvu,eɪvu,evu,evu
eɪ,eɪzu,eɪzu,ezu,ezu
eɪ,eɪʃu,eɪʃu,eʃu,eʃu
eɪ,eɪʒu,eɪʒu,eʒu,eʒu
eɪ,eɪθu,eɪθu,eθu,eθu
eɪ,eɪðu,eɪðu,eðu,eðu
eɪ,eɪhu,eɪhu,ehu,ehu
eɪ,eɪmoʊ,eɪmoʊ,emo,emo
eɪ,eɪnoʊ,eɪnoʊ,eno,eno
eɪ,eɪpoʊ,eɪpoʊ,epo,epo
eɪ,eɪtoʊ,eɪtoʊ,eto,eto
eɪ,eɪkoʊ,eɪkoʊ,eko,eko
eɪ,eɪboʊ,eɪboʊ,ebo,ebo
eɪ,eɪdoʊ,eɪdoʊ,edo,edo
eɪ,eɪgoʊ,eɪgoʊ,ego,ego
eɪ,eɪfoʊ,eɪfoʊ,efo,efo
eɪ,eɪsoʊ,eɪsoʊ,eso,eso
eɪ,eɪvoʊ,eɪvoʊ,evo,evo
eɪ,eɪzoʊ,eɪzoʊ,ezo,ezo
eɪ,eɪʃoʊ,eɪʃoʊ,eʃo,eʃo
eɪ,eɪʒoʊ,eɪʒoʊ,eʒo,eʒo
eɪ,eɪθoʊ,eɪθoʊ,eθo,eθo
eɪ,eɪðoʊ,eɪðoʊ,eðo,eðo
eɪ,eɪhoʊ,eɪhoʊ,eho,eho
u,umi,umi,umi,umi
u,uni,uni,uni,uni
u,upi,upi,upi,upi
u,uti,uti,uti,uti
u,uki,uki,uki,uki
u,ubi,ubi,ubi,ubi
u,udi,udi,udi,udi
u,ugi,ugi,ugi,ugi
u,ufi,ufi,ufi,ufi
u,usi,usi,usi,usi
u,uvi,uvi,uvi,uvi
u,uzi,uzi,uzi,uzi
u,uʃi,uʃi,uʃi,uʃi
u,uʒi,uʒi,uʒi,uʒi
u,uθi,uθi,uθi,uθi
u,uði,uði,uði,uði
u,uhi,uhi,uhi,uhi
u,umeɪ,umeɪ,ume,ume
u,uneɪ,uneɪ,une,une
u,upeɪ,upeɪ,upe,upe
u,uteɪ,uteɪ,ute,ute
u,ukeɪ,ukeɪ,uke,uke
u,ubeɪ,ubeɪ,ube,ube
u,udeɪ,udeɪ,ude,ude
u,ugeɪ,ugeɪ,uge,uge
u,ufeɪ,ufeɪ,ufe,ufe
u,useɪ,useɪ,use,use
u,uveɪ,uveɪ,uve,uve
u,uzeɪ,uzeɪ,uze,uze
u,uʃeɪ,uʃeɪ,uʃe,uʃe
u,uʒeɪ,uʒeɪ,uʒe,uʒe
u,uθeɪ,uθeɪ,uθe,uθe
u,uðeɪ,uðeɪ,uðe,uðe
u,uheɪ,uheɪ,uhe,uhe
u,umu,umi,umu,umi
u,unu,uni,unu,uni
u,upu,upi,upu,upi
u,utu,uti,utu,uti
u,uku,uki,uku,uki
u,ubu,ubi,ubu,ubi
u,udu,udi,udu,udi
u,ugu,ugi,ugu,ugi
u,ufu,ufi,ufu,ufi
u,usu,usi,usu,usi
u,uvu,uvi,uvu,uvi
u,uzu,uzi,uzu,uzi
u,uʃu,uʃi,uʃu,uʃi
u,uʒu,uʒi,uʒu,uʒi
u,uθu,uθi,uθu,uθi
u,uðu,uði,uðu,uði
u,uhu,uhi,uhu,uhi
u,umoʊ,umeɪ,umo,ume
u,unoʊ,uneɪ,uno,une
u,upoʊ,upeɪ,upo,upe
u,utoʊ,uteɪ,uto,ute
u,ukoʊ,ukeɪ,uko,uke
u,uboʊ,ubeɪ,ubo,ube
u,udoʊ,udeɪ,udo,ude
u,ugoʊ,ugeɪ,ugo,uge
u,ufoʊ,ufeɪ,ufo,ufe
u,usoʊ,useɪ,uso,use
u,uvoʊ,uveɪ,uvo,uve
u,uzoʊ,uzeɪ,uzo,uze
u,uʃoʊ,uʃeɪ,uʃo,uʃe
u,uʒoʊ,uʒeɪ,uʒo,uʒe
u,uθoʊ,uθeɪ,uθo,uθe
u,uðoʊ,uðeɪ,uðo,uðe
u,uhoʊ,uheɪ,uho,uhe
oʊ,oʊmi,oʊmi,omi,omi
oʊ,oʊni,oʊni,oni,oni
oʊ,oʊpi,oʊpi,opi,opi
oʊ,oʊti,oʊti,oti,oti
oʊ,oʊki,oʊki,oki,oki
oʊ,oʊbi,oʊbi,obi,obi
oʊ,oʊdi,oʊdi,odi,odi
oʊ,oʊgi,oʊgi,ogi,ogi
oʊ,oʊfi,oʊfi,ofi,ofi
oʊ,oʊsi,oʊsi,osi,osi
oʊ,oʊvi,oʊvi,ovi,ovi
oʊ,oʊzi,oʊzi,ozi,ozi
oʊ,oʊʃi,oʊʃi,oʃi,oʃi
oʊ,oʊʒi,oʊʒi,oʒi,oʒi
oʊ,oʊθi,oʊθi,oθi,oθi
oʊ,oʊði,oʊði,oði,oði
oʊ,oʊhi,oʊhi,ohi,ohi
oʊ,oʊmeɪ,oʊmeɪ,ome,ome
oʊ,oʊneɪ,oʊneɪ,one,one
oʊ,oʊpeɪ,oʊpeɪ,ope,ope
oʊ,oʊteɪ,oʊteɪ,ote,ote
oʊ,oʊkeɪ,oʊkeɪ,oke,oke
oʊ,oʊbeɪ,oʊbeɪ,obe,obe
oʊ,oʊdeɪ,oʊdeɪ,ode,ode
oʊ,oʊgeɪ,oʊgeɪ,oge,oge
oʊ,oʊfeɪ,oʊfeɪ,ofe,ofe
oʊ,oʊseɪ,oʊseɪ,ose,ose
oʊ,oʊveɪ,oʊveɪ,ove,ove
oʊ,oʊzeɪ,oʊzeɪ,oze,oze
oʊ,oʊʃeɪ,oʊʃeɪ,oʃe,oʃe
oʊ,oʊʒeɪ,oʊʒeɪ,oʒe,oʒe
oʊ,oʊθeɪ,oʊθeɪ,oθe,oθe
oʊ,oʊðeɪ,oʊðeɪ,oðe,oðe
oʊ,oʊheɪ,oʊheɪ,ohe,ohe
oʊ,oʊmu,oʊmi,omu,omi
oʊ,oʊnu,oʊni,onu,oni
oʊ,oʊpu,oʊpi,opu,opi
oʊ,oʊtu,oʊti,otu,oti
oʊ,oʊku,oʊki,oku,oki
oʊ,oʊbu,oʊbi,obu,obi
oʊ,oʊdu,oʊdi,odu,odi
oʊ,oʊgu,oʊgi,ogu,ogi
oʊ,oʊfu,oʊfi,ofu,ofi
oʊ,oʊsu,oʊsi,osu,osi
oʊ,oʊvu,oʊvi,ovu,ovi
oʊ,oʊzu,oʊzi,ozu,ozi
oʊ,oʊʃu,oʊʃi,oʃu,oʃi
oʊ,oʊʒu,oʊʒi,oʒu,oʒi
oʊ,oʊθu,oʊθi,oθu,oθi
oʊ,oʊðu,oʊði,oðu,oði
oʊ,oʊhu,oʊhi,ohu,ohi
oʊ,oʊmoʊ,oʊmeɪ,omo,ome
oʊ,oʊnoʊ,oʊneɪ,ono,one
oʊ,oʊpoʊ,oʊpeɪ,opo,ope
oʊ,oʊtoʊ,oʊteɪ,oto,ote
oʊ,oʊkoʊ,oʊkeɪ,oko,oke
oʊ,oʊboʊ,oʊbeɪ,obo,obe
oʊ,oʊdoʊ,oʊdeɪ,odo,ode
oʊ,oʊgoʊ,oʊgeɪ,ogo,oge
oʊ,oʊfoʊ,oʊfeɪ,ofo,ofe
oʊ,oʊsoʊ,oʊseɪ,oso,ose
oʊ,oʊvoʊ,oʊveɪ,ovo,ove
oʊ,oʊzoʊ,oʊzeɪ,ozo,oze
oʊ,oʊʃoʊ,oʊʃeɪ,oʃo,oʃe
oʊ,oʊʒoʊ,oʊʒeɪ,oʒo,oʒe
oʊ,oʊθoʊ,oʊθeɪ,oθo,oθe
oʊ,oʊðoʊ,oʊðeɪ,oðo,oðe
oʊ,oʊhoʊ,oʊheɪ,oho,ohe
i,imɪm,imʊm,imɪm,imʊm
i,imɪn,imʊn,imɪn,imʊn
i,imɪŋ,imʊŋ,imɪŋ,imʊŋ
i,imɪp,imʊp,imɪp,imʊp
i,imɪt,imʊt,imɪt,imʊt
i,imɪk,imʊk,imɪk,imʊk
i,imɪb,imʊb,imɪb,imʊb
i,imɪd,imʊd,imɪd,imʊd
i,imɪg,imʊg,imɪg,imʊg
i,imɪf,imʊf,imɪf,imʊf
i,imɪs,imʊs,imɪs,imʊs
i,imɪv,imʊv,imɪv,imʊv
i,imɪz,imʊz,imɪz,imʊz
i,imɪʃ,imʊʃ,imɪʃ,imʊʃ
i,imɪʒ,imʊʒ,imɪʒ,imʊʒ
i,imɪθ,imʊθ,imɪθ,imʊθ
i,imɪð,imʊð,imɪð,imʊð
i,inɪm,inʊm,inɪm,inʊm
i,inɪn,inʊn,inɪn,inʊn
i,inɪŋ,inʊŋ,inɪŋ,inʊŋ
i,inɪp,inʊp,inɪp,inʊp
i,inɪt,inʊt,inɪt,inʊt
i,inɪk,inʊk,inɪk,inʊk
i,inɪb,inʊb,inɪb,inʊb
i,inɪd,inʊd,inɪd,inʊd
i,inɪg,inʊg,inɪg,inʊg
i,inɪf,inʊf,inɪf,inʊf
i,inɪs,inʊs,inɪs,inʊs
i,inɪv,inʊv,inɪv,inʊv
i,inɪz,inʊz,inɪz,inʊz
i,inɪʃ,inʊʃ,inɪʃ,inʊʃ
i,inɪʒ,inʊʒ,inɪʒ,inʊʒ
i,inɪθ,inʊθ,inɪθ,inʊθ
i,inɪð,inʊð,inɪð,inʊð
i,ipɪm,ipʊm,ipɪm,ipʊm
i,ipɪn,ipʊn,ipɪn,ipʊn
i,ipɪŋ,ipʊŋ,ipɪŋ,ipʊŋ
i,ipɪp,ipʊp,ipɪp,ipʊp
i,ipɪt,ipʊt,ipɪt,ipʊt
i,ipɪk,ipʊk,ipɪk,ipʊk
i,ipɪb,ipʊb,ipɪb,ipʊb
i,ipɪd,ipʊd,ipɪd,ipʊd
i,ipɪg,ipʊg,ipɪg,ipʊg
i,ipɪf,ipʊf,ipɪf,ipʊf
i,ipɪs,ipʊs,ipɪs,ipʊs
i,ipɪv,ipʊv,ipɪv,ipʊv
i,ipɪz,ipʊz,ipɪz,ipʊz
i,ipɪʃ,ipʊʃ,ipɪʃ,ipʊʃ
i,ipɪʒ,ipʊʒ,ipɪʒ,ipʊʒ
i,ipɪθ,ipʊθ,ipɪθ,ipʊθ
i,ipɪð,ipʊð,ipɪð,ipʊð
i,itɪm,itʊm,itɪm,itʊm
i,itɪn,itʊn,itɪn,itʊn
i,itɪŋ,itʊŋ,itɪŋ,itʊŋ
i,itɪp,itʊp,itɪp,itʊp
i,itɪt,itʊt,itɪt,itʊt
i,itɪk,itʊk,itɪk,itʊk
i,itɪb,itʊb,itɪb,itʊb
i,itɪd,itʊd,itɪd,itʊd
i,itɪg,itʊg,itɪg,itʊg
i,itɪf,itʊf,itɪf,itʊf
i,itɪs,itʊs,itɪs,itʊs
i,itɪv,itʊv,itɪv,itʊv
i,itɪz,itʊz,itɪz,itʊz
i,itɪʃ,itʊʃ,itɪʃ,itʊʃ
i,itɪʒ,itʊʒ,itɪʒ,itʊʒ
i,itɪθ,itʊθ,itɪθ,itʊθ
i,itɪð,itʊð,itɪð,itʊð
i,ikɪm,ikʊm,ikɪm,ikʊm
i,ikɪn,ikʊn,ikɪn,ikʊn
i,ikɪŋ,ikʊŋ,ikɪŋ,ikʊŋ
i,ikɪp,ikʊp,ikɪp,ikʊp
i,ikɪt,ikʊt,ikɪt,ikʊt
i,ikɪk,ikʊk,ikɪk,ikʊk
i,ikɪb,ikʊb,ikɪb,ikʊb
i,ikɪd,ikʊd,ikɪd,ikʊd
i,ikɪg,ikʊg,ikɪg,ikʊg
i,ikɪf,ikʊf,ikɪf,ikʊf
i,ikɪs,ikʊs,ikɪs,ikʊs
i,ikɪv,ikʊv,ikɪv,ikʊv
i,ikɪz,ikʊz,ikɪz,ikʊz
i,ikɪʃ,ikʊʃ,ikɪʃ,ikʊʃ
i,ikɪʒ,ikʊʒ,ikɪʒ,ikʊʒ
i,ikɪθ,ikʊθ,ikɪθ,ikʊθ
i,ikɪð,ikʊð,ikɪð,ikʊð
i,ibɪm,ibʊm,ibɪm,ibʊm
i,ibɪn,ibʊn,ibɪn,ibʊn
i,ibɪŋ,ibʊŋ,ibɪŋ,ibʊŋ
i,ibɪp,ibʊp,ibɪp,ibʊp
i,ibɪt,ibʊt,ibɪt,ibʊt
i,ibɪk,ibʊk,ibɪk,ibʊk
i,ibɪb,ibʊb,ibɪb,ibʊb
i,ibɪd,ibʊd,ibɪd,ibʊd
i,ibɪg,ibʊg,ibɪg,ibʊg
i,ibɪf,ibʊf,ibɪf,ibʊf
i,ibɪs,ibʊs,ibɪs,ibʊs
i,ibɪv,ibʊv,ibɪv,ibʊv
i,ibɪz,ibʊz,ibɪz,ibʊz
i,ibɪʃ,ibʊʃ,ibɪʃ,ibʊʃ
i,ibɪʒ,ibʊʒ,ibɪʒ,ibʊʒ
i,ibɪθ,ibʊθ,ibɪθ,ibʊθ
i,ibɪð,ibʊð,ibɪð,ibʊð
i,idɪm,idʊm,idɪm,idʊm
i,idɪn,idʊn,idɪn,idʊn
i,idɪŋ,idʊŋ,idɪŋ,idʊŋ
i,idɪp,idʊp,idɪp,idʊp
i,idɪt,idʊt,idɪt,idʊt
i,idɪk,idʊk,idɪk,idʊk
i,idɪb,idʊb,idɪb,idʊb
i,idɪd,idʊd,idɪd,idʊd
i,idɪg,idʊg,idɪg,idʊg
i,idɪf,idʊf,idɪf,idʊf
i,idɪs,idʊs,idɪs,idʊs
i,idɪv,idʊv,idɪv,idʊv
i,idɪz,idʊz,idɪz,idʊz
i,idɪʃ,idʊʃ,idɪʃ,idʊʃ
i,idɪʒ,idʊʒ,idɪʒ,idʊʒ
i,idɪθ,idʊθ,idɪθ,idʊθ
i,idɪð,idʊð,idɪð,idʊð
i,igɪm,igʊm,igɪm,igʊm
i,igɪn,igʊn,igɪn,igʊn
i,igɪŋ,igʊŋ,igɪŋ,igʊŋ
i,igɪp,igʊp,igɪp,igʊp
i,igɪt,igʊt,igɪt,igʊt
i,igɪk,igʊk,igɪk,igʊk
i,igɪb,igʊb,igɪb,igʊb
i,igɪd,igʊd,igɪd,igʊd
i,igɪg,igʊg,igɪg,igʊg
i,igɪf,igʊf,igɪf,igʊf
i,igɪs,igʊs,igɪs,igʊs
i,igɪv,igʊv,igɪv,igʊv
i,igɪz,igʊz,igɪz,igʊz
i,igɪʃ,igʊʃ,igɪʃ,igʊʃ
i,igɪʒ,igʊʒ,igɪʒ,igʊʒ
i,igɪθ,igʊθ,igɪθ,igʊθ
i,igɪð,igʊð,igɪð,igʊð
i,ifɪm,ifʊm,ifɪm,ifʊm
i,ifɪn,ifʊn,ifɪn,ifʊn
i,ifɪŋ,ifʊŋ,ifɪŋ,ifʊŋ
i,ifɪp,ifʊp,ifɪp,ifʊp
i,ifɪt,ifʊt,ifɪt,ifʊt
i,ifɪk,ifʊk,ifɪk,ifʊk
i,ifɪb,ifʊb,ifɪb,ifʊb
i,ifɪd,ifʊd,ifɪd,ifʊd
i,ifɪg,ifʊg,ifɪg,ifʊg
i,ifɪf,ifʊf,ifɪf,ifʊf
i,ifɪs,ifʊs,ifɪs,ifʊs
i,ifɪv,ifʊv,ifɪv,ifʊv
i,ifɪz,ifʊz,ifɪz,ifʊz
i,ifɪʃ,ifʊʃ,ifɪʃ,ifʊʃ
i,ifɪʒ,ifʊʒ,ifɪʒ,ifʊʒ
i,ifɪθ,ifʊθ,ifɪθ,ifʊθ
i,ifɪð,ifʊð,ifɪð,ifʊð
i,isɪm,isʊm,isɪm,isʊm
i,isɪn,isʊn,isɪn,isʊn
i,isɪŋ,isʊŋ,isɪŋ,isʊŋ
i,isɪp,isʊp,isɪp,isʊp
i,isɪt,isʊt,isɪt,isʊt
i,isɪk,isʊk,isɪk,isʊk
i,isɪb,isʊb,isɪb,isʊb
i,isɪd,isʊd,isɪd,isʊd
i,isɪg,isʊg,isɪg,isʊg
i,isɪf,isʊf,isɪf,isʊf
i,isɪs,isʊs,isɪs,isʊs
i,isɪv,isʊv,isɪv,isʊv
i,isɪz,isʊz,isɪz,isʊz
i,isɪʃ,isʊʃ,isɪʃ,isʊʃ
i,isɪʒ,isʊʒ,isɪʒ,isʊʒ
i,isɪθ,isʊθ,isɪθ,isʊθ
i,isɪð,isʊð,isɪð,isʊð
i,ivɪm,ivʊm,ivɪm,ivʊm
i,ivɪn,ivʊn,ivɪn,ivʊn
i,ivɪŋ,ivʊŋ,ivɪŋ,ivʊŋ
i,ivɪp,ivʊp,ivɪp,ivʊp
i,ivɪt,ivʊt,ivɪt,ivʊt
i,ivɪk,ivʊk,ivɪk,ivʊk
i,ivɪb,ivʊb,ivɪb,ivʊb
i,ivɪd,ivʊd,ivɪd,ivʊd
i,ivɪg,ivʊg,ivɪg,ivʊg
i,ivɪf,ivʊf,ivɪf,ivʊf
i,ivɪs,ivʊs,ivɪs,ivʊs
i,ivɪv,ivʊv,ivɪv,ivʊv
i,ivɪz,ivʊz,ivɪz,ivʊz
i,ivɪʃ,ivʊʃ,ivɪʃ,ivʊʃ
i,ivɪʒ,ivʊʒ,ivɪʒ,ivʊʒ
i,ivɪθ,ivʊθ,ivɪθ,ivʊθ
i,ivɪð,ivʊð,ivɪð,ivʊð
i,izɪm,izʊm,izɪm,izʊm
i,izɪn,izʊn,izɪn,izʊn
i,izɪŋ,izʊŋ,izɪŋ,izʊŋ
i,izɪp,izʊp,izɪp,izʊp
i,izɪt,izʊt,izɪt,izʊt
i,izɪk,izʊk,izɪk,izʊk
i,izɪb,izʊb,izɪb,izʊb
i,izɪd,izʊd,izɪd,izʊd
i,izɪg,izʊg,izɪg,izʊg
i,izɪf,izʊf,izɪf,izʊf
i,izɪs,izʊs,izɪs,izʊs
i,izɪv,izʊv,izɪv,izʊv
i,izɪz,izʊz,izɪz,izʊz
i,izɪʃ,izʊʃ,izɪʃ,izʊʃ
i,izɪʒ,izʊʒ,izɪʒ,izʊʒ
i,izɪθ,izʊθ,izɪθ,izʊθ
i,izɪð,izʊð,izɪð,izʊð
i,iʃɪm,iʃʊm,iʃɪm,iʃʊm
i,iʃɪn,iʃʊn,iʃɪn,iʃʊn
i,iʃɪŋ,iʃʊŋ,iʃɪŋ,iʃʊŋ
i,iʃɪp,iʃʊp,iʃɪp,iʃʊp
i,iʃɪt,iʃʊt,iʃɪt,iʃʊt
i,iʃɪk,iʃʊk,iʃɪk,iʃʊk
i,iʃɪb,iʃʊb,iʃɪb,iʃʊb
i,iʃɪd,iʃʊd,iʃɪd,iʃʊd
i,iʃɪg,iʃʊg,iʃɪg,iʃʊg
i,iʃɪf,iʃʊf,iʃɪf,iʃʊf
i,iʃɪs,iʃʊs,iʃɪs,iʃʊs
i,iʃɪv,iʃʊv,iʃɪv,iʃʊv
i,iʃɪz,iʃʊz,iʃɪz,iʃʊz
i,iʃɪʃ,iʃʊʃ,iʃɪʃ,iʃʊʃ
i,iʃɪʒ,iʃʊʒ,iʃɪʒ,iʃʊʒ
i,iʃɪθ,iʃʊθ,iʃɪθ,iʃʊθ
i,iʃɪð,iʃʊð,iʃɪð,iʃʊð
i,iʒɪm,iʒʊm,iʒɪm,iʒʊm
i,iʒɪn,iʒʊn,iʒɪn,iʒʊn
i,iʒɪŋ,iʒʊŋ,iʒɪŋ,iʒʊŋ
i,iʒɪp,iʒʊp,iʒɪp,iʒʊp
i,iʒɪt,iʒʊt,iʒɪt,iʒʊt
i,iʒɪk,iʒʊk,iʒɪk,iʒʊk
i,iʒɪb,iʒʊb,iʒɪb,iʒʊb
i,iʒɪd,iʒʊd,iʒɪd,iʒʊd
i,iʒɪg,iʒʊg,iʒɪg,iʒʊg
i,iʒɪf,iʒʊf,iʒɪf,iʒʊf
i,iʒɪs,iʒʊs,iʒɪs,iʒʊs
i,iʒɪv,iʒʊv,iʒɪv,iʒʊv
i,iʒɪz,iʒʊz,iʒɪz,iʒʊz
i,iʒɪʃ,iʒʊʃ,iʒɪʃ,iʒʊʃ
i,iʒɪʒ,iʒʊʒ,iʒɪʒ,iʒʊʒ
i,iʒɪθ,iʒʊθ,iʒɪθ,iʒʊθ
i,iʒɪð,iʒʊð,iʒɪð,iʒʊð
i,iθɪm,iθʊm,iθɪm,iθʊm
i,iθɪn,iθʊn,iθɪn,iθʊn
i,iθɪŋ,iθʊŋ,iθɪŋ,iθʊŋ
i,iθɪp,iθʊp,iθɪp,iθʊp
i,iθɪt,iθʊt,iθɪt,iθʊt
i,iθɪk,iθʊk,iθɪk,iθʊk
i,iθɪb,iθʊb,iθɪb,iθʊb
i,iθɪd,iθʊd,iθɪd,iθʊd
i,iθɪg,iθʊg,iθɪg,iθʊg
i,iθɪf,iθʊf,iθɪf,iθʊf
i,iθɪs,iθʊs,iθɪs,iθʊs
i,iθɪv,iθʊv,iθɪv,iθʊv
i,iθɪz,iθʊz,iθɪz,iθʊz
i,iθɪʃ,iθʊʃ,iθɪʃ,iθʊʃ
i,iθɪʒ,iθʊʒ,iθɪʒ,iθʊʒ
i,iθɪθ,iθʊθ,iθɪθ,iθʊθ
i,iθɪð,iθʊð,iθɪð,iθʊð
i,iðɪm,iðʊm,iðɪm,iðʊm
i,iðɪn,iðʊn,iðɪn,iðʊn
i,iðɪŋ,iðʊŋ,iðɪŋ,iðʊŋ
i,iðɪp,iðʊp,iðɪp,iðʊp
i,iðɪt,iðʊt,iðɪt,iðʊt
i,iðɪk,iðʊk,iðɪk,iðʊk
i,iðɪb,iðʊb,iðɪb,iðʊb
i,iðɪd,iðʊd,iðɪd,iðʊd
i,iðɪg,iðʊg,iðɪg,iðʊg
i,iðɪf,iðʊf,iðɪf,iðʊf
i,iðɪs,iðʊs,iðɪs,iðʊs
i,iðɪv,iðʊv,iðɪv,iðʊv
i,iðɪz,iðʊz,iðɪz,iðʊz
i,iðɪʃ,iðʊʃ,iðɪʃ,iðʊʃ
i,iðɪʒ,iðʊʒ,iðɪʒ,iðʊʒ
i,iðɪθ,iðʊθ,iðɪθ,iðʊθ
i,iðɪð,iðʊð,iðɪð,iðʊð
i,ihɪm,ihʊm,ihɪm,ihʊm
i,ihɪn,ihʊn,ihɪn,ihʊn
i,ihɪŋ,ihʊŋ,ihɪŋ,ihʊŋ
i,ihɪp,ihʊp,ihɪp,ihʊp
i,ihɪt,ihʊt,ihɪt,ihʊt
i,ihɪk,ihʊk,ihɪk,ihʊk
i,ihɪb,ihʊb,ihɪb,ihʊb
i,ihɪd,ihʊd,ihɪd,ihʊd
i,ihɪg,ihʊg,ihɪg,ihʊg
i,ihɪf,ihʊf,ihɪf,ihʊf
i,ihɪs,ihʊs,ihɪs,ihʊs
i,ihɪv,ihʊv,ihɪv,ihʊv
i,ihɪz,ihʊz,ihɪz,ihʊz
i,ihɪʃ,ihʊʃ,ihɪʃ,ihʊʃ
i,ihɪʒ,ihʊʒ,ihɪʒ,ihʊʒ
i,ihɪθ,ihʊθ,ihɪθ,ihʊθ
i,ihɪð,ihʊð,ihɪð,ihʊð
i,imɛm,imɔm,imɛm,imɔm
i,imɛn,imɔn,imɛn,imɔn
i,imɛŋ,imɔŋ,imɛŋ,imɔŋ
i,imɛp,imɔp,imɛp,imɔp
i,imɛt,imɔt,imɛt,imɔt
i,imɛk,imɔk,imɛk,imɔk
i,imɛb,imɔb,imɛb,imɔb
i,imɛd,imɔd,imɛd,imɔd
i,imɛg,imɔg,imɛg,imɔg
i,imɛf,imɔf,imɛf,imɔf
i,imɛs,imɔs,imɛs,imɔs
i,imɛv,imɔv,imɛv,imɔv
i,imɛz,imɔz,imɛz,imɔz
i,imɛʃ,imɔʃ,imɛʃ,imɔʃ
i,imɛʒ,imɔʒ,imɛʒ,imɔʒ
i,imɛθ,imɔθ,imɛθ,imɔθ
i,imɛð,imɔð,imɛð,imɔð
i,inɛm,inɔm,inɛm,inɔm
i,inɛn,inɔn,inɛn,inɔn
i,inɛŋ,inɔŋ,inɛŋ,inɔŋ
i,inɛp,inɔp,inɛp,inɔp
i,inɛt,inɔt,inɛt,inɔt
i,inɛk,inɔk,inɛk,inɔk
i,inɛb,inɔb,inɛb,inɔb
i,inɛd,inɔd,inɛd,inɔd
i,inɛg,inɔg,inɛg,inɔg
i,inɛf,inɔf,inɛf,inɔf
i,inɛs,inɔs,inɛs,inɔs
i,inɛv,inɔv,inɛv,inɔv
i,inɛz,inɔz,inɛz,inɔz
i,inɛʃ,inɔʃ,inɛʃ,inɔʃ
i,inɛʒ,inɔʒ,inɛʒ,inɔʒ
i,inɛθ,inɔθ,inɛθ,inɔθ
i,inɛð,inɔð,inɛð,inɔð
i,ipɛm,ipɔm,ipɛm,ipɔm
i,ipɛn,ipɔn,ipɛn,ipɔn
i,ipɛŋ,ipɔŋ,ipɛŋ,ipɔŋ
i,ipɛp,ipɔp,ipɛp,ipɔp
i,ipɛt,ipɔt,ipɛt,ipɔt
i,ipɛk,ipɔk,ipɛk,ipɔk
i,ipɛb,ipɔb,ipɛb,ipɔb
i,ipɛd,ipɔd,ipɛd,ipɔd
i,ipɛg,ipɔg,ipɛg,ipɔg
i,ipɛf,ipɔf,ipɛf,ipɔf
i,ipɛs,ipɔs,ipɛs,ipɔs
i,ipɛv,ipɔv,ipɛv,ipɔv
i,ipɛz,ipɔz,ipɛz,ipɔz
i,ipɛʃ,ipɔʃ,ipɛʃ,ipɔʃ
i,ipɛʒ,ipɔʒ,ipɛʒ,ipɔʒ
i,ipɛθ,ipɔθ,ipɛθ,ipɔθ
i,ipɛð,ipɔð,ipɛð,ipɔð
i,itɛm,itɔm,itɛm,itɔm
i,itɛn,itɔn,itɛn,itɔn
i,itɛŋ,itɔŋ,itɛŋ,itɔŋ
i,itɛp,itɔp,itɛp,itɔp
i,itɛt,itɔt,itɛt,itɔt
i,itɛk,itɔk,itɛk,itɔk
i,itɛb,itɔb,itɛb,itɔb
i,itɛd,itɔd,itɛd,itɔd
i,itɛg,itɔg,itɛg,itɔg
i,itɛf,itɔf,itɛf,itɔf
i,itɛs,itɔs,itɛs,itɔs
i,itɛv,itɔv,itɛv,itɔv
i,itɛz,itɔz,itɛz,itɔz
i,itɛʃ,itɔʃ,itɛʃ,itɔʃ
i,itɛʒ,itɔʒ,itɛʒ,itɔʒ
i,itɛθ,itɔθ,itɛθ,itɔθ
i,itɛð,itɔð,itɛð,itɔð
i,ikɛm,ikɔm,ikɛm,ikɔm
i,ikɛn,ikɔn,ikɛn,ikɔn
i,ikɛŋ,ikɔŋ,ikɛŋ,ikɔŋ
i,ikɛp,ikɔp,ikɛp,ikɔp
i,ikɛt,ikɔt,ikɛt,ikɔt
i,ikɛk,ikɔk,ikɛk,ikɔk
i,ikɛb,ikɔb,ikɛb,ikɔb
i,ikɛd,ikɔd,ikɛd,ikɔd
i,ikɛg,ikɔg,ikɛg,ikɔg
i,ikɛf,ikɔf,ikɛf,ikɔf
i,ikɛs,ikɔs,ikɛs,ikɔs
i,ikɛv,ikɔv,ikɛv,ikɔv
i,ikɛz,ikɔz,ikɛz,ikɔz
i,ikɛʃ,ikɔʃ,ikɛʃ,ikɔʃ
i,ikɛʒ,ikɔʒ,ikɛʒ,ikɔʒ
i,ikɛθ,ikɔθ,ikɛθ,ikɔθ
i,ikɛð,ikɔð,ikɛð,ikɔð
i,ibɛm,ibɔm,ibɛm,ibɔm
i,ibɛn,ibɔn,ibɛn,ibɔn
i,ibɛŋ,ibɔŋ,ibɛŋ,ibɔŋ
i,ibɛp,ibɔp,ibɛp,ibɔp
i,ibɛt,ibɔt,ibɛt,ibɔt
i,ibɛk,ibɔk,ibɛk,ibɔk
i,ibɛb,ibɔb,ibɛb,ibɔb
i,ibɛd,ibɔd,ibɛd,ibɔd
i,ibɛg,ibɔg,ibɛg,ibɔg
i,ibɛf,ibɔf,ibɛf,ibɔf
i,ibɛs,ibɔs,ibɛs,ibɔs
i,ibɛv,ibɔv,ibɛv,ibɔv
i,ibɛz,ibɔz,ibɛz,ibɔz
i,ibɛʃ,ibɔʃ,ibɛʃ,ibɔʃ
i,ibɛʒ,ibɔʒ,ibɛʒ,ibɔʒ
i,ibɛθ,ibɔθ,ibɛθ,ibɔθ
i,ibɛð,ibɔð,ibɛð,ibɔð
i,idɛm,idɔm,idɛm,idɔm
i,idɛn,idɔn,idɛn,idɔn
i,idɛŋ,idɔŋ,idɛŋ,idɔŋ
i,idɛp,idɔp,idɛp,idɔp
i,idɛt,idɔt,idɛt,idɔt
i,idɛk,idɔk,idɛk,idɔk
i,idɛb,idɔb,idɛb,idɔb
i,idɛd,idɔd,idɛd,idɔd
i,idɛg,idɔg,idɛg,idɔg
i,idɛf,idɔf,idɛf,idɔf
i,idɛs,idɔs,idɛs,idɔs
i,idɛv,idɔv,idɛv,idɔv
i,idɛz,idɔz,idɛz,idɔz
i,idɛʃ,idɔʃ,idɛʃ,idɔʃ
i,idɛʒ,idɔʒ,idɛʒ,idɔʒ
i,idɛθ,idɔθ,idɛθ,idɔθ
i,idɛð,idɔð,idɛð,idɔð
i,igɛm,igɔm,igɛm,igɔm
i,igɛn,igɔn,igɛn,igɔn
i,igɛŋ,igɔŋ,igɛŋ,igɔŋ
i,igɛp,igɔp,igɛp,igɔp
i,igɛt,igɔt,igɛt,igɔt
i,igɛk,igɔk,igɛk,igɔk
i,igɛb,igɔb,igɛb,igɔb
i,igɛd,igɔd,igɛd,igɔd
i,igɛg,igɔg,igɛg,igɔg
i,igɛf,igɔf,igɛf,igɔf
i,igɛs,igɔs,igɛs,igɔs
i,igɛv,igɔv,igɛv,igɔv
i,igɛz,igɔz,igɛz,igɔz
i,igɛʃ,igɔʃ,igɛʃ,igɔʃ
i,igɛʒ,igɔʒ,igɛʒ,igɔʒ
i,igɛθ,igɔθ,igɛθ,igɔθ
i,igɛð,igɔð,igɛð,igɔð
i,ifɛm,ifɔm,ifɛm,ifɔm
i,ifɛn,ifɔn,ifɛn,ifɔn
i,ifɛŋ,ifɔŋ,ifɛŋ,ifɔŋ
i,ifɛp,ifɔp,ifɛp,ifɔp
i,ifɛt,ifɔt,ifɛt,ifɔt
i,ifɛk,ifɔk,ifɛk,ifɔk
i,ifɛb,ifɔb,ifɛb,ifɔb
i,ifɛd,ifɔd,ifɛd,ifɔd
i,ifɛg,ifɔg,ifɛg,ifɔg
i,ifɛf,ifɔf,ifɛf,ifɔf
i,ifɛs,ifɔs,ifɛs,ifɔs
i,ifɛv,ifɔv,ifɛv,ifɔv
i,ifɛz,ifɔz,ifɛz,ifɔz
i,ifɛʃ,ifɔʃ,ifɛʃ,ifɔʃ
i,ifɛʒ,ifɔʒ,ifɛʒ,ifɔʒ
i,ifɛθ,ifɔθ,ifɛθ,ifɔθ
i,ifɛð,ifɔð,ifɛð,ifɔð
i,isɛm,isɔm,isɛm,isɔm
i,isɛn,isɔn,isɛn,isɔn
i,isɛŋ,isɔŋ,isɛŋ,isɔŋ
i,isɛp,isɔp,isɛp,isɔp
i,isɛt,isɔt,isɛt,isɔt
i,isɛk,isɔk,isɛk,isɔk
i,isɛb,isɔb,isɛb,isɔb
i,isɛd,isɔd,isɛd,isɔd
i,isɛg,isɔg,isɛg,isɔg
i,isɛf,isɔf,isɛf,isɔf
i,isɛs,isɔs,isɛs,isɔs
i,isɛv,isɔv,isɛv,isɔv
i,isɛz,isɔz,isɛz,isɔz
i,isɛʃ,isɔʃ,isɛʃ,isɔʃ
i,isɛʒ,isɔʒ,isɛʒ,isɔʒ
i,isɛθ,isɔθ,isɛθ,isɔθ
i,isɛð,isɔð,isɛð,isɔð
i,ivɛm,ivɔm,ivɛm,ivɔm
i,ivɛn,ivɔn,ivɛn,ivɔn
i,ivɛŋ,ivɔŋ,ivɛŋ,ivɔŋ
i,ivɛp,ivɔp,ivɛp,ivɔp
i,ivɛt,ivɔt,ivɛt,ivɔt
i,ivɛk,ivɔk,ivɛk,ivɔk
i,ivɛb,ivɔb,ivɛb,ivɔb
i,ivɛd,ivɔd,ivɛd,ivɔd
i,ivɛg,ivɔg,ivɛg,ivɔg
i,ivɛf,ivɔf,ivɛf,ivɔf
i,ivɛs,ivɔs,ivɛs,ivɔs
i,ivɛv,ivɔv,ivɛv,ivɔv
i,ivɛz,ivɔz,ivɛz,ivɔz
i,ivɛʃ,ivɔʃ,ivɛʃ,ivɔʃ
i,ivɛʒ,ivɔʒ,ivɛʒ,ivɔʒ
i,ivɛθ,ivɔθ,ivɛθ,ivɔθ
i,ivɛð,ivɔð,ivɛð,ivɔð
i,izɛm,izɔm,izɛm,izɔm
i,izɛn,izɔn,izɛn,izɔn
i,izɛŋ,izɔŋ,izɛŋ,izɔŋ
i,izɛp,izɔp,izɛp,izɔp
i,izɛt,izɔt,izɛt,izɔt
i,izɛk,izɔk,izɛk,izɔk
i,izɛb,izɔb,izɛb,izɔb
i,izɛd,izɔd,izɛd,izɔd
i,izɛg,izɔg,izɛg,izɔg
i,izɛf,izɔf,izɛf,izɔf
i,izɛs,izɔs,izɛs,izɔs
i,izɛv,izɔv,izɛv,izɔv
i,izɛz,izɔz,izɛz,izɔz
i,izɛʃ,izɔʃ,izɛʃ,izɔʃ
i,izɛʒ,izɔʒ,izɛʒ,izɔʒ
i,izɛθ,izɔθ,izɛθ,izɔθ
i,izɛð,izɔð,izɛð,izɔð
i,iʃɛm,iʃɔm,iʃɛm,iʃɔm
i,iʃɛn,iʃɔn,iʃɛn,iʃɔn
i,iʃɛŋ,iʃɔŋ,iʃɛŋ,iʃɔŋ
i,iʃɛp,iʃɔp,iʃɛp,iʃɔp
i,iʃɛt,iʃɔt,iʃɛt,iʃɔt
i,iʃɛk,iʃɔk,iʃɛk,iʃɔk
i,iʃɛb,iʃɔb,iʃɛb,iʃɔb
i,iʃɛd,iʃɔd,iʃɛd,iʃɔd
i,iʃɛg,iʃɔg,iʃɛg,iʃɔg
i,iʃɛf,iʃɔf,iʃɛf,iʃɔf
i,iʃɛs,iʃɔs,iʃɛs,iʃɔs
i,iʃɛv,iʃɔv,iʃɛv,iʃɔv
i,iʃɛz,iʃɔz,iʃɛz,iʃɔz
i,iʃɛʃ,iʃɔʃ,iʃɛʃ,iʃɔʃ
i,iʃɛʒ,iʃɔʒ,iʃɛʒ,iʃɔʒ
i,iʃɛθ,iʃɔθ,iʃɛθ,iʃɔθ
i,iʃɛð,iʃɔð,iʃɛð,iʃɔð
i,iʒɛm,iʒɔm,iʒɛm,iʒɔm
i,iʒɛn,iʒɔn,iʒɛn,iʒɔn
i,iʒɛŋ,iʒɔŋ,iʒɛŋ,iʒɔŋ
i,iʒɛp,iʒɔp,iʒɛp,iʒɔp
i,iʒɛt,iʒɔt,iʒɛt,iʒɔt
i,iʒɛk,iʒɔk,iʒɛk,iʒɔk
i,iʒɛb,iʒɔb,iʒɛb,iʒɔb
i,iʒɛd,iʒɔd,iʒɛd,iʒɔd
i,iʒɛg,iʒɔg,iʒɛg,iʒɔg
i,iʒɛf,iʒɔf,iʒɛf,iʒɔf
i,iʒɛs,iʒɔs,iʒɛs,iʒɔs
i,iʒɛv,iʒɔv,iʒɛv,iʒɔv
i,iʒɛz,iʒɔz,iʒɛz,iʒɔz
i,iʒɛʃ,iʒɔʃ,iʒɛʃ,iʒɔʃ
i,iʒɛʒ,iʒɔʒ,iʒɛʒ,iʒɔʒ
i,iʒɛθ,iʒɔθ,iʒɛθ,iʒɔθ
i,iʒɛð,iʒɔð,iʒɛð,iʒɔð
i,iθɛm,iθɔm,iθɛm,iθɔm
i,iθɛn,iθɔn,iθɛn,iθɔn
i,iθɛŋ,iθɔŋ,iθɛŋ,iθɔŋ
i,iθɛp,iθɔp,iθɛp,iθɔp
i,iθɛt,iθɔt,iθɛt,iθɔt
i,iθɛk,iθɔk,iθɛk,iθɔk
i,iθɛb,iθɔb,iθɛb,iθɔb
i,iθɛd,iθɔd,iθɛd,iθɔd
i,iθɛg,iθɔg,iθɛg,iθɔg
i,iθɛf,iθɔf,iθɛf,iθɔf
i,iθɛs,iθɔs,iθɛs,iθɔs
i,iθɛv,iθɔv,iθɛv,iθɔv
i,iθɛz,iθɔz,iθɛz,iθɔz
i,iθɛʃ,iθɔʃ,iθɛʃ,iθɔʃ
i,iθɛʒ,iθɔʒ,iθɛʒ,iθɔʒ
i,iθɛθ,iθɔθ,iθɛθ,iθɔθ
i,iθɛð,iθɔð,iθɛð,iθɔð
i,iðɛm,iðɔm,iðɛm,iðɔm
i,iðɛn,iðɔn,iðɛn,iðɔn
i,iðɛŋ,iðɔŋ,iðɛŋ,iðɔŋ
i,iðɛp,iðɔp,iðɛp,iðɔp
i,iðɛt,iðɔt,iðɛt,iðɔt
i,iðɛk,iðɔk,iðɛk,iðɔk
i,iðɛb,iðɔb,iðɛb,iðɔb
i,iðɛd,iðɔd,iðɛd,iðɔd
i,iðɛg,iðɔg,iðɛg,iðɔg
i,iðɛf,iðɔf,iðɛf,iðɔf
i,iðɛs,iðɔs,iðɛs,iðɔs
i,iðɛv,iðɔv,iðɛv,iðɔv
i,iðɛz,iðɔz,iðɛz,iðɔz
i,iðɛʃ,iðɔʃ,iðɛʃ,iðɔʃ
i,iðɛʒ,iðɔʒ,iðɛʒ,iðɔʒ
i,iðɛθ,iðɔθ,iðɛθ,iðɔθ
i,iðɛð,iðɔð,iðɛð,iðɔð
i,ihɛm,ihɔm,ihɛm,ihɔm
i,ihɛn,ihɔn,ihɛn,ihɔn
i,ihɛŋ,ihɔŋ,ihɛŋ,ihɔŋ
i,ihɛp,ihɔp,ihɛp,ihɔp
i,ihɛt,ihɔt,ihɛt,ihɔt
i,ihɛk,ihɔk,ihɛk,ihɔk
i,ihɛb,ihɔb,ihɛb,ihɔb
i,ihɛd,ihɔd,ihɛd,ihɔd
i,ihɛg,ihɔg,ihɛg,ihɔg
i,ihɛf,ihɔf,ihɛf,ihɔf
i,ihɛs,ihɔs,ihɛs,ihɔs
i,ihɛv,ihɔv,ihɛv,ihɔv
i,ihɛz,ihɔz,ihɛz,ihɔz
i,ihɛʃ,ihɔʃ,ihɛʃ,ihɔʃ
i,ihɛʒ,ihɔʒ,ihɛʒ,ihɔʒ
i,ihɛθ,ihɔθ,ihɛθ,ihɔθ
i,ihɛð,ihɔð,ihɛð,ihɔð
i,imʊm,imʊm,imʊm,imʊm
i,imʊn,imʊn,imʊn,imʊn
i,imʊŋ,imʊŋ,imʊŋ,imʊŋ
i,imʊp,imʊp,imʊp,imʊp
i,imʊt,imʊt,imʊt,imʊt
i,imʊk,imʊk,imʊk,imʊk
i,imʊb,imʊb,imʊb,imʊb
i,imʊd,imʊd,imʊd,imʊd
i,imʊg,imʊg,imʊg,imʊg
i,imʊf,imʊf,imʊf,imʊf
i,imʊs,imʊs,imʊs,imʊs
i,imʊv,imʊv,imʊv,imʊv
i,imʊz,imʊz,imʊz,imʊz
i,imʊʃ,imʊʃ,imʊʃ,imʊʃ
i,imʊʒ,imʊʒ,imʊʒ,imʊʒ
i,imʊθ,imʊθ,imʊθ,imʊθ
i,imʊð,imʊð,imʊð,imʊð
i,inʊm,inʊm,inʊm,inʊm
i,inʊn,inʊn,inʊn,inʊn
i,inʊŋ,inʊŋ,inʊŋ,inʊŋ
i,inʊp,inʊp,inʊp,inʊp
i,inʊt,inʊt,inʊt,inʊt
i,inʊk,inʊk,inʊk,inʊk
i,inʊb,inʊb,inʊb,inʊb
i,inʊd,inʊd,inʊd,inʊd
i,inʊg,inʊg,inʊg,inʊg
i,inʊf,inʊf,inʊf,inʊf
i,inʊs,inʊs,inʊs,inʊs
i,inʊv,inʊv,inʊv,inʊv
i,inʊz,inʊz,inʊz,inʊz
i,inʊʃ,inʊʃ,inʊʃ,inʊʃ
i,inʊʒ,inʊʒ,inʊʒ,inʊʒ
i,inʊθ,inʊθ,inʊθ,inʊθ
i,inʊð,inʊð,inʊð,inʊð
i,ipʊm,ipʊm,ipʊm,ipʊm
i,ipʊn,ipʊn,ipʊn,ipʊn
i,ipʊŋ,ipʊŋ,ipʊŋ,ipʊŋ
i,ipʊp,ipʊp,ipʊp,ipʊp
i,ipʊt,ipʊt,ipʊt,ipʊt
i,ipʊk,ipʊk,ipʊk,ipʊk
i,ipʊb,ipʊb,ipʊb,ipʊb
i,ipʊd,ipʊd,ipʊd,ipʊd
i,ipʊg,ipʊg,ipʊg,ipʊg
i,ipʊf,ipʊf,ipʊf,ipʊf
i,ipʊs,ipʊs,ipʊs,ipʊs
i,ipʊv,ipʊv,ipʊv,ipʊv
i,ipʊz,ipʊz,ipʊz,ipʊz
i,ipʊʃ,ipʊʃ,ipʊʃ,ipʊʃ
i,ipʊʒ,ipʊʒ,ipʊʒ,ipʊʒ
i,ipʊθ,ipʊθ,ipʊθ,ipʊθ
i,ipʊð,ipʊð,ipʊð,ipʊð
i,itʊm,itʊm,itʊm,itʊm
i,itʊn,itʊn,itʊn,itʊn
i,itʊŋ,itʊŋ,itʊŋ,itʊŋ
i,itʊp,itʊp,itʊp,itʊp
i,itʊt,itʊt,itʊt,itʊt
i,itʊk,itʊk,itʊk,itʊk
i,itʊb,itʊb,itʊb,itʊb
i,itʊd,itʊd,itʊd,itʊd
i,itʊg,itʊg,itʊg,itʊg
i,itʊf,itʊf,itʊf,itʊf
i,itʊs,itʊs,itʊs,itʊs
i,itʊv,itʊv,itʊv,itʊv
i,itʊz,itʊz,itʊz,itʊz
i,itʊʃ,itʊʃ,itʊʃ,itʊʃ
i,itʊʒ,itʊʒ,itʊʒ,itʊʒ
i,itʊθ,itʊθ,itʊθ,itʊθ
i,itʊð,itʊð,itʊð,itʊð
i,ikʊm,ikʊm,ikʊm,ikʊm
i,ikʊn,ikʊn,ikʊn,ikʊn
i,ikʊŋ,ikʊŋ,ikʊŋ,ikʊŋ
i,ikʊp,ikʊp,ikʊp,ikʊp
i,ikʊt,ikʊt,ikʊt,ikʊt
i,ikʊk,ikʊk,ikʊk,ikʊk
i,ikʊb,ikʊb,ikʊb,ikʊb
i,ikʊd,ikʊd,ikʊd,ikʊd
i,ikʊg,ikʊg,ikʊg,ikʊg
i,ikʊf,ikʊf,ikʊf,ikʊf
i,ikʊs,ikʊs,ikʊs,ikʊs
i,ikʊv,ikʊv,ikʊv,ikʊv
i,ikʊz,ikʊz,ikʊz,ikʊz
i,ikʊʃ,ikʊʃ,ikʊʃ,ikʊʃ
i,ikʊʒ,ikʊʒ,ikʊʒ,ikʊʒ
i,ikʊθ,ikʊθ,ikʊθ,ikʊθ
i,ikʊð,ikʊð,ikʊð,ikʊð
i,ibʊm,ibʊm,ibʊm,ibʊm
i,ibʊn,ibʊn,ibʊn,ibʊn
i,ibʊŋ,ibʊŋ,ibʊŋ,ibʊŋ
i,ibʊp,ibʊp,ibʊp,ibʊp
i,ibʊt,ibʊt,ibʊt,ibʊt
i,ibʊk,ibʊk,ibʊk,ibʊk
i,ibʊb,ibʊb,ibʊb,ibʊb
i,ibʊd,ibʊd,ibʊd,ibʊd
i,ibʊg,ibʊg,ibʊg,ibʊg
i,ibʊf,ibʊf,ibʊf,ibʊf
i,ibʊs,ibʊs,ibʊs,ibʊs
i,ibʊv,ibʊv,ibʊv,ibʊv
i,ibʊz,ibʊz,ibʊz,ibʊz
i,ibʊʃ,ibʊʃ,ibʊʃ,ibʊʃ
i,ibʊʒ,ibʊʒ,ibʊʒ,ibʊʒ
i,ibʊθ,ibʊθ,ibʊθ,ibʊθ
i,ibʊð,ibʊð,ibʊð,ibʊð
i,idʊm,idʊm,idʊm,idʊm
i,idʊn,idʊn,idʊn,idʊn
i,idʊŋ,idʊŋ,idʊŋ,idʊŋ
i,idʊp,idʊp,idʊp,idʊp
i,idʊt,idʊt,idʊt,idʊt
i,idʊk,idʊk,idʊk,idʊk
i,idʊb,idʊb,idʊb,idʊb
i,idʊd,idʊd,idʊd,idʊd
i,idʊg,idʊg,idʊg,idʊg
i,idʊf,idʊf,idʊf,idʊf
i,idʊs,idʊs,idʊs,idʊs
i,idʊv,idʊv,idʊv,idʊv
i,idʊz,idʊz,idʊz,idʊz
i,idʊʃ,idʊʃ,idʊʃ,idʊʃ
i,idʊʒ,idʊʒ,idʊʒ,idʊʒ
i,idʊθ,idʊθ,idʊθ,idʊθ
i,idʊð,idʊð,idʊð,idʊð
i,igʊm,igʊm,igʊm,igʊm
i,igʊn,igʊn,igʊn,igʊn
i,igʊŋ,igʊŋ,igʊŋ,igʊŋ
i,igʊp,igʊp,igʊp,igʊp
i,igʊt,igʊt,igʊt,igʊt
i,igʊk,igʊk,igʊk,igʊk
i,igʊb,igʊb,igʊb,igʊb
i,igʊd,igʊd,igʊd,igʊd
i,igʊg,igʊg,igʊg,igʊg
i,igʊf,igʊf,igʊf,igʊf
i,igʊs,igʊs,igʊs,igʊs
i,igʊv,igʊv,igʊv,igʊv
i,igʊz,igʊz,igʊz,igʊz
i,igʊʃ,igʊʃ,igʊʃ,igʊʃ
i,igʊʒ,igʊʒ,igʊʒ,igʊʒ
i,igʊθ,igʊθ,igʊθ,igʊθ
i,igʊð,igʊð,igʊð,igʊð
i,ifʊm,ifʊm,ifʊm,ifʊm
i,ifʊn,ifʊn,ifʊn,ifʊn
i,ifʊŋ,ifʊŋ,ifʊŋ,ifʊŋ
i,ifʊp,ifʊp,ifʊp,ifʊp
i,ifʊt,ifʊt,ifʊt,ifʊt
i,ifʊk,ifʊk,ifʊk,ifʊk
i,ifʊb,ifʊb,ifʊb,ifʊb
i,ifʊd,ifʊd,ifʊd,ifʊd
i,ifʊg,ifʊg,ifʊg,ifʊg
i,ifʊf,ifʊf,ifʊf,ifʊf
i,ifʊs,ifʊs,ifʊs,ifʊs
i,ifʊv,ifʊv,ifʊv,ifʊv
i,ifʊz,ifʊz,ifʊz,ifʊz
i,ifʊʃ,ifʊʃ,ifʊʃ,ifʊʃ
i,ifʊʒ,ifʊʒ,ifʊʒ,ifʊʒ
i,ifʊθ,ifʊθ,ifʊθ,ifʊθ
i,ifʊð,ifʊð,ifʊð,ifʊð
i,isʊm,isʊm,isʊm,isʊm
i,isʊn,isʊn,isʊn,isʊn
i,isʊŋ,isʊŋ,isʊŋ,isʊŋ
i,isʊp,isʊp,isʊp,isʊp
i,isʊt,isʊt,isʊt,isʊt
i,isʊk,isʊk,isʊk,isʊk
i,isʊb,isʊb,isʊb,isʊb
i,isʊd,isʊd,isʊd,isʊd
i,isʊg,isʊg,isʊg,isʊg
i,isʊf,isʊf,isʊf,isʊf
i,isʊs,isʊs,isʊs,isʊs
i,isʊv,isʊv,isʊv,isʊv
i,isʊz,isʊz,isʊz,isʊz
i,isʊʃ,isʊʃ,isʊʃ,isʊʃ
i,isʊʒ,isʊʒ,isʊʒ,isʊʒ
i,isʊθ,isʊθ,isʊθ,isʊθ
i,isʊð,isʊð,isʊð,isʊð
i,ivʊm,ivʊm,ivʊm,ivʊm
i,ivʊn,ivʊn,ivʊn,ivʊn
i,ivʊŋ,ivʊŋ,ivʊŋ,ivʊŋ
i,ivʊp,ivʊp,ivʊp,ivʊp
i,ivʊt,ivʊt,ivʊt,ivʊt
i,ivʊk,ivʊk,ivʊk,ivʊk
i,ivʊb,ivʊb,ivʊb,ivʊb
i,ivʊd,ivʊd,ivʊd,ivʊd
i,ivʊg,ivʊg,ivʊg,ivʊg
i,ivʊf,ivʊf,ivʊf,ivʊf
i,ivʊs,ivʊs,ivʊs,ivʊs
i,ivʊv,ivʊv,ivʊv,ivʊv
i,ivʊz,ivʊz,ivʊz,ivʊz
i,ivʊʃ,ivʊʃ,ivʊʃ,ivʊʃ
i,ivʊʒ,ivʊʒ,ivʊʒ,ivʊʒ
i,ivʊθ,ivʊθ,ivʊθ,ivʊθ
i,ivʊð,ivʊð,ivʊð,ivʊð
i,izʊm,izʊm,izʊm,izʊm
i,izʊn,izʊn,izʊn,izʊn
i,izʊŋ,izʊŋ,izʊŋ,izʊŋ
i,izʊp,izʊp,izʊp,izʊp
i,izʊt,izʊt,izʊt,izʊt
i,izʊk,izʊk,izʊk,izʊk
i,izʊb,izʊb,izʊb,izʊb
i,izʊd,izʊd,izʊd,izʊd
i,izʊg,izʊg,izʊg,izʊg
i,izʊf,izʊf,izʊf,izʊf
i,izʊs,izʊs,izʊs,izʊs
i,izʊv,izʊv,izʊv,izʊv
i,izʊz,izʊz,izʊz,izʊz
i,izʊʃ,izʊʃ,izʊʃ,izʊʃ
i,izʊʒ,izʊʒ,izʊʒ,izʊʒ
i,izʊθ,izʊθ,izʊθ,izʊθ
i,izʊð,izʊð,izʊð,izʊð
i,iʃʊm,iʃʊm,iʃʊm,iʃʊm
i,iʃʊn,iʃʊn,iʃʊn,iʃʊn
i,iʃʊŋ,iʃʊŋ,iʃʊŋ,iʃʊŋ
i,iʃʊp,iʃʊp,iʃʊp,iʃʊp
i,iʃʊt,iʃʊt,iʃʊt,iʃʊt
i,iʃʊk,iʃʊk,iʃʊk,iʃʊk
i,iʃʊb,iʃʊb,iʃʊb,iʃʊb
i,iʃʊd,iʃʊd,iʃʊd,iʃʊd
i,iʃʊg,iʃʊg,iʃʊg,iʃʊg
i,iʃʊf,iʃʊf,iʃʊf,iʃʊf
i,iʃʊs,iʃʊs,iʃʊs,iʃʊs
i,iʃʊv,iʃʊv,iʃʊv,iʃʊv
i,iʃʊz,iʃʊz,iʃʊz,iʃʊz
i,iʃʊʃ,iʃʊʃ,iʃʊʃ,iʃʊʃ
i,iʃʊʒ,iʃʊʒ,iʃʊʒ,iʃʊʒ
i,iʃʊθ,iʃʊθ,iʃʊθ,iʃʊθ
i,iʃʊð,iʃʊð,iʃʊð,iʃʊð
i,iʒʊm,iʒʊm,iʒʊm,iʒʊm
i,iʒʊn,iʒʊn,iʒʊn,iʒʊn
i,iʒʊŋ,iʒʊŋ,iʒʊŋ,iʒʊŋ
i,iʒʊp,iʒʊp,iʒʊp,iʒʊp
i,iʒʊt,iʒʊt,iʒʊt,iʒʊt
i,iʒʊk,iʒʊk,iʒʊk,iʒʊk
i,iʒʊb,iʒʊb,iʒʊb,iʒʊb
i,iʒʊd,iʒʊd,iʒʊd,iʒʊd
i,iʒʊg,iʒʊg,iʒʊg,iʒʊg
i,iʒʊf,iʒʊf,iʒʊf,iʒʊf
i,iʒʊs,iʒʊs,iʒʊs,iʒʊs
i,iʒʊv,iʒʊv,iʒʊv,iʒʊv
i,iʒʊz,iʒʊz,iʒʊz,iʒʊz
i,iʒʊʃ,iʒʊʃ,iʒʊʃ,iʒʊʃ
i,iʒʊʒ,iʒʊʒ,iʒʊʒ,iʒʊʒ
i,iʒʊθ,iʒʊθ,iʒʊθ,iʒʊθ
i,iʒʊð,iʒʊð,iʒʊð,iʒʊð
i,iθʊm,iθʊm,iθʊm,iθʊm
i,iθʊn,iθʊn,iθʊn,iθʊn
i,iθʊŋ,iθʊŋ,iθʊŋ,iθʊŋ
i,iθʊp,iθʊp,iθʊp,iθʊp
i,iθʊt,iθʊt,iθʊt,iθʊt
i,iθʊk,iθʊk,iθʊk,iθʊk
i,iθʊb,iθʊb,iθʊb,iθʊb
i,iθʊd,iθʊd,iθʊd,iθʊd
i,iθʊg,iθʊg,iθʊg,iθʊg
i,iθʊf,iθʊf,iθʊf,iθʊf
i,iθʊs,iθʊs,iθʊs,iθʊs
i,iθʊv,iθʊv,iθʊv,iθʊv
i,iθʊz,iθʊz,iθʊz,iθʊz
i,iθʊʃ,iθʊʃ,iθʊʃ,iθʊʃ
i,iθʊʒ,iθʊʒ,iθʊʒ,iθʊʒ
i,iθʊθ,iθʊθ,iθʊθ,iθʊθ
i,iθʊð,iθʊð,iθʊð,iθʊð
i,iðʊm,iðʊm,iðʊm,iðʊm
i,iðʊn,iðʊn,iðʊn,iðʊn
i,iðʊŋ,iðʊŋ,iðʊŋ,iðʊŋ
i,iðʊp,iðʊp,iðʊp,iðʊp
i,iðʊt,iðʊt,iðʊt,iðʊt
i,iðʊk,iðʊk,iðʊk,iðʊk
i,iðʊb,iðʊb,iðʊb,iðʊb
i,iðʊd,iðʊd,iðʊd,iðʊd
i,iðʊg,iðʊg,iðʊg,iðʊg
i,iðʊf,iðʊf,iðʊf,iðʊf
i,iðʊs,iðʊs,iðʊs,iðʊs
i,iðʊv,iðʊv,iðʊv,iðʊv
i,iðʊz,iðʊz,iðʊz,iðʊz
i,iðʊʃ,iðʊʃ,iðʊʃ,iðʊʃ
i,iðʊʒ,iðʊʒ,iðʊʒ,iðʊʒ
i,iðʊθ,iðʊθ,iðʊθ,iðʊθ
i,iðʊð,iðʊð,iðʊð,iðʊð
i,ihʊm,ihʊm,ihʊm,ihʊm
i,ihʊn,ihʊn,ihʊn,ihʊn
i,ihʊŋ,ihʊŋ,ihʊŋ,ihʊŋ
i,ihʊp,ihʊp,ihʊp,ihʊp
i,ihʊt,ihʊt,ihʊt,ihʊt
i,ihʊk,ihʊk,ihʊk,ihʊk
i,ihʊb,ihʊb,ihʊb,ihʊb
i,ihʊd,ihʊd,ihʊd,ihʊd
i,ihʊg,ihʊg,ihʊg,ihʊg
i,ihʊf,ihʊf,ihʊf,ihʊf
i,ihʊs,ihʊs,ihʊs,ihʊs
i,ihʊv,ihʊv,ihʊv,ihʊv
i,ihʊz,ihʊz,ihʊz,ihʊz
i,ihʊʃ,ihʊʃ,ihʊʃ,ihʊʃ
i,ihʊʒ,ihʊʒ,ihʊʒ,ihʊʒ
i,ihʊθ,ihʊθ,ihʊθ,ihʊθ
i,ihʊð,ihʊð,ihʊð,ihʊð
i,imɔm,imɔm,imɔm,imɔm
i,imɔn,imɔn,imɔn,imɔn
i,imɔŋ,imɔŋ,imɔŋ,imɔŋ
i,imɔp,imɔp,imɔp,imɔp
i,imɔt,imɔt,imɔt,imɔt
i,imɔk,imɔk,imɔk,imɔk
i,imɔb,imɔb,imɔb,imɔb
i,imɔd,imɔd,imɔd,imɔd
i,imɔg,imɔg,imɔg,imɔg
i,imɔf,imɔf,imɔf,imɔf
i,imɔs,imɔs,imɔs,imɔs
i,imɔv,imɔv,imɔv,imɔv
i,imɔz,imɔz,imɔz,imɔz
i,imɔʃ,imɔʃ,imɔʃ,imɔʃ
i,imɔʒ,imɔʒ,imɔʒ,imɔʒ
i,imɔθ,imɔθ,imɔθ,imɔθ
i,imɔð,imɔð,imɔð,imɔð
i,inɔm,inɔm,inɔm,inɔm
i,inɔn,inɔn,inɔn,inɔn
i,inɔŋ,inɔŋ,inɔŋ,inɔŋ
i,inɔp,inɔp,inɔp,inɔp
i,inɔt,inɔt,inɔt,inɔt
i,inɔk,inɔk,inɔk,inɔk
i,inɔb,inɔb,inɔb,inɔb
i,inɔd,inɔd,inɔd,inɔd
i,inɔg,inɔg,inɔg,inɔg
i,inɔf,inɔf,inɔf,inɔf
i,inɔs,inɔs,inɔs,inɔs
i,inɔv,inɔv,inɔv,inɔv
i,inɔz,inɔz,inɔz,inɔz
i,inɔʃ,inɔʃ,inɔʃ,inɔʃ
i,inɔʒ,inɔʒ,inɔʒ,inɔʒ
i,inɔθ,inɔθ,inɔθ,inɔθ
i,inɔð,inɔð,inɔð,inɔð
i,ipɔm,ipɔm,ipɔm,ipɔm
i,ipɔn,ipɔn,ipɔn,ipɔn
i,ipɔŋ,ipɔŋ,ipɔŋ,ipɔŋ
i,ipɔp,ipɔp,ipɔp,ipɔp
i,ipɔt,ipɔt,ipɔt,ipɔt
i,ipɔk,ipɔk,ipɔk,ipɔk
i,ipɔb,ipɔb,ipɔb,ipɔb
i,ipɔd,ipɔd,ipɔd,ipɔd
i,ipɔg,ipɔg,ipɔg,ipɔg
i,ipɔf,ipɔf,ipɔf,ipɔf
i,ipɔs,ipɔs,ipɔs,ipɔs
i,ipɔv,ipɔv,ipɔv,ipɔv
i,ipɔz,ipɔz,ipɔz,ipɔz
i,ipɔʃ,ipɔʃ,ipɔʃ,ipɔʃ
i,ipɔʒ,ipɔʒ,ipɔʒ,ipɔʒ
i,ipɔθ,ipɔθ,ipɔθ,ipɔθ
i,ipɔð,ipɔð,ipɔð,ipɔð
i,itɔm,itɔm,itɔm,itɔm
i,itɔn,itɔn,itɔn,itɔn
i,itɔŋ,itɔŋ,itɔŋ,itɔŋ
i,itɔp,itɔp,itɔp,itɔp
i,itɔt,itɔt,itɔt,itɔt
i,itɔk,itɔk,itɔk,itɔk
i,itɔb,itɔb,itɔb,itɔb
i,itɔd,itɔd,itɔd,itɔd
i,itɔg,itɔg,itɔg,itɔg
i,itɔf,itɔf,itɔf,itɔf
i,itɔs,itɔs,itɔs,itɔs
i,itɔv,itɔv,itɔv,itɔv
i,itɔz,itɔz,itɔz,itɔz
i,itɔʃ,itɔʃ,itɔʃ,itɔʃ
i,itɔʒ,itɔʒ,itɔʒ,itɔʒ
i,itɔθ,itɔθ,itɔθ,itɔθ
i,itɔð,itɔð,itɔð,itɔð
i,ikɔm,ikɔm,ikɔm,ikɔm
i,ikɔn,ikɔn,ikɔn,ikɔn
i,ikɔŋ,ikɔŋ,ikɔŋ,ikɔŋ
i,ikɔp,ikɔp,ikɔp,ikɔp
i,ikɔt,ikɔt,ikɔt,ikɔt
i,ikɔk,ikɔk,ikɔk,ikɔk
i,ikɔb,ikɔb,ikɔb,ikɔb
i,ikɔd,ikɔd,ikɔd,ikɔd
i,ikɔg,ikɔg,ikɔg,ikɔg
i,ikɔf,ikɔf,ikɔf,ikɔf
i,ikɔs,ikɔs,ikɔs,ikɔs
i,ikɔv,ikɔv,ikɔv,ikɔv
i,ikɔz,ikɔz,ikɔz,ikɔz
i,ikɔʃ,ikɔʃ,ikɔʃ,ikɔʃ
i,ikɔʒ,ikɔʒ,ikɔʒ,ikɔʒ
i,ikɔθ,ikɔθ,ikɔθ,ikɔθ
i,ikɔð,ikɔð,ikɔð,ikɔð
i,ibɔm,ibɔm,ibɔm,ibɔm
i,ibɔn,ibɔn,ibɔn,ibɔn
i,ibɔŋ,ibɔŋ,ibɔŋ,ibɔŋ
i,ibɔp,ibɔp,ibɔp,ibɔp
i,ibɔt,ibɔt,ibɔt,ibɔt
i,ibɔk,ibɔk,ibɔk,ibɔk
i,ibɔb,ibɔb,ibɔb,ibɔb
i,ibɔd,ibɔd,ibɔd,ibɔd
i,ibɔg,ibɔg,ibɔg,ibɔg
i,ibɔf,ibɔf,ibɔf,ibɔf
i,ibɔs,ibɔs,ibɔs,ibɔs
i,ibɔv,ibɔv,ibɔv,ibɔv
i,ibɔz,ibɔz,ibɔz,ibɔz
i,ibɔʃ,ibɔʃ,ibɔʃ,ibɔʃ
i,ibɔʒ,ibɔʒ,ibɔʒ,ibɔʒ
i,ibɔθ,ibɔθ,ibɔθ,ibɔθ
i,ibɔð,ibɔð,ibɔð,ibɔð
i,idɔm,idɔm,idɔm,idɔm
i,idɔn,idɔn,idɔn,idɔn
i,idɔŋ,idɔŋ,idɔŋ,idɔŋ
i,idɔp,idɔp,idɔp,idɔp
i,idɔt,idɔt,idɔt,idɔt
i,idɔk,idɔk,idɔk,idɔk
i,idɔb,idɔb,idɔb,idɔb
i,idɔd,idɔd,idɔd,idɔd
i,idɔg,idɔg,idɔg,idɔg
i,idɔf,idɔf,idɔf,idɔf
i,idɔs,idɔs,idɔs,idɔs
i,idɔv,idɔv,idɔv,idɔv
i,idɔz,idɔz,idɔz,idɔz
i,idɔʃ,idɔʃ,idɔʃ,idɔʃ
i,idɔʒ,idɔʒ,idɔʒ,idɔʒ
i,idɔθ,idɔθ,idɔθ,idɔθ
i,idɔð,idɔð,idɔð,idɔð
i,igɔm,igɔm,igɔm,igɔm
i,igɔn,igɔn,igɔn,igɔn
i,igɔŋ,igɔŋ,igɔŋ,igɔŋ
i,igɔp,igɔp,igɔp,igɔp
i,igɔt,igɔt,igɔt,igɔt
i,igɔk,igɔk,igɔk,igɔk
i,igɔb,igɔb,igɔb,igɔb
i,igɔd,igɔd,igɔd,igɔd
i,igɔg,igɔg,igɔg,igɔg
i,igɔf,igɔf,igɔf,igɔf
i,igɔs,igɔs,igɔs,igɔs
i,igɔv,igɔv,igɔv,igɔv
i,igɔz,igɔz,igɔz,igɔz
i,igɔʃ,igɔʃ,igɔʃ,igɔʃ
i,igɔʒ,igɔʒ,igɔʒ,igɔʒ
i,igɔθ,igɔθ,igɔθ,igɔθ
i,igɔð,igɔð,igɔð,igɔð
i,ifɔm,ifɔm,ifɔm,ifɔm
i,ifɔn,ifɔn,ifɔn,ifɔn
i,ifɔŋ,ifɔŋ,ifɔŋ,ifɔŋ
i,ifɔp,ifɔp,ifɔp,ifɔp
i,ifɔt,ifɔt,ifɔt,ifɔt
i,ifɔk,ifɔk,ifɔk,ifɔk
i,ifɔb,ifɔb,ifɔb,ifɔb
i,ifɔd,ifɔd,ifɔd,ifɔd
i,ifɔg,ifɔg,ifɔg,ifɔg
i,ifɔf,ifɔf,ifɔf,ifɔf
i,ifɔs,ifɔs,ifɔs,ifɔs
i,ifɔv,ifɔv,ifɔv,ifɔv
i,ifɔz,ifɔz,ifɔz,ifɔz
i,ifɔʃ,ifɔʃ,ifɔʃ,ifɔʃ
i,ifɔʒ,ifɔʒ,ifɔʒ,ifɔʒ
i,ifɔθ,ifɔθ,ifɔθ,ifɔθ
i,ifɔð,ifɔð,ifɔð,ifɔð
i,isɔm,isɔm,isɔm,isɔm
i,isɔn,isɔn,isɔn,isɔn
i,isɔŋ,isɔŋ,isɔŋ,isɔŋ
i,isɔp,isɔp,isɔp,isɔp
i,isɔt,isɔt,isɔt,isɔt
i,isɔk,isɔk,isɔk,isɔk
i,isɔb,isɔb,isɔb,isɔb
i,isɔd,isɔd,isɔd,isɔd
i,isɔg,isɔg,isɔg,isɔg
i,isɔf,isɔf,isɔf,isɔf
i,isɔs,isɔs,isɔs,isɔs
i,isɔv,isɔv,isɔv,isɔv
i,isɔz,isɔz,isɔz,isɔz
i,isɔʃ,isɔʃ,isɔʃ,isɔʃ
i,isɔʒ,isɔʒ,isɔʒ,isɔʒ
i,isɔθ,isɔθ,isɔθ,isɔθ
i,isɔð,isɔð,isɔð,isɔð
i,ivɔm,ivɔm,ivɔm,ivɔm
i,ivɔn,ivɔn,ivɔn,ivɔn
i,ivɔŋ,ivɔŋ,ivɔŋ,ivɔŋ
i,ivɔp,ivɔp,ivɔp,ivɔp
i,ivɔt,ivɔt,ivɔt,ivɔt
i,ivɔk,ivɔk,ivɔk,ivɔk
i,ivɔb,ivɔb,ivɔb,ivɔb
i,ivɔd,ivɔd,ivɔd,ivɔd
i,ivɔg,ivɔg,ivɔg,ivɔg
i,ivɔf,ivɔf,ivɔf,ivɔf
i,ivɔs,ivɔs,ivɔs,ivɔs
i,ivɔv,ivɔv,ivɔv,ivɔv
i,ivɔz,ivɔz,ivɔz,ivɔz
i,ivɔʃ,ivɔʃ,ivɔʃ,ivɔʃ
i,ivɔʒ,ivɔʒ,ivɔʒ,ivɔʒ
i,ivɔθ,ivɔθ,ivɔθ,ivɔθ
i,ivɔð,ivɔð,ivɔð,ivɔð
i,izɔm,izɔm,izɔm,izɔm
i,izɔn,izɔn,izɔn,izɔn
i,izɔŋ,izɔŋ,izɔŋ,izɔŋ
i,izɔp,izɔp,izɔp,izɔp
i,izɔt,izɔt,izɔt,izɔt
i,izɔk,izɔk,izɔk,izɔk
i,izɔb,izɔb,izɔb,izɔb
i,izɔd,izɔd,izɔd,izɔd
i,izɔg,izɔg,izɔg,izɔg
i,izɔf,izɔf,izɔf,izɔf
i,izɔs,izɔs,izɔs,izɔs
i,izɔv,izɔv,izɔv,izɔv
i,izɔz,izɔz,izɔz,izɔz
i,izɔʃ,izɔʃ,izɔʃ,izɔʃ
i,izɔʒ,izɔʒ,izɔʒ,izɔʒ
i,izɔθ,izɔθ,izɔθ,izɔθ
i,izɔð,izɔð,izɔð,izɔð
i,iʃɔm,iʃɔm,iʃɔm,iʃɔm
i,iʃɔn,iʃɔn,iʃɔn,iʃɔn
i,iʃɔŋ,iʃɔŋ,iʃɔŋ,iʃɔŋ
i,iʃɔp,iʃɔp,iʃɔp,iʃɔp
i,iʃɔt,iʃɔt,iʃɔt,iʃɔt
i,iʃɔk,iʃɔk,iʃɔk,iʃɔk
i,iʃɔb,iʃɔb,iʃɔb,iʃɔb
i,iʃɔd,iʃɔd,iʃɔd,iʃɔd
i,iʃɔg,iʃɔg,iʃɔg,iʃɔg
i,iʃɔf,iʃɔf,iʃɔf,iʃɔf
i,iʃɔs,iʃɔs,iʃɔs,iʃɔs
i,iʃɔv,iʃɔv,iʃɔv,iʃɔv
i,iʃɔz,iʃɔz,iʃɔz,iʃɔz
i,iʃɔʃ,iʃɔʃ,iʃɔʃ,iʃɔʃ
i,iʃɔʒ,iʃɔʒ,iʃɔʒ,iʃɔʒ
i,iʃɔθ,iʃɔθ,iʃɔθ,iʃɔθ
i,iʃɔð,iʃɔð,iʃɔð,iʃɔð
i,iʒɔm,iʒɔm,iʒɔm,iʒɔm
i,iʒɔn,iʒɔn,iʒɔn,iʒɔn
i,iʒɔŋ,iʒɔŋ,iʒɔŋ,iʒɔŋ
i,iʒɔp,iʒɔp,iʒɔp,iʒɔp
i,iʒɔt,iʒɔt,iʒɔt,iʒɔt
i,iʒɔk,iʒɔk,iʒɔk,iʒɔk
i,iʒɔb,iʒɔb,iʒɔb,iʒɔb
i,iʒɔd,iʒɔd,iʒɔd,iʒɔd
i,iʒɔg,iʒɔg,iʒɔg,iʒɔg
i,iʒɔf,iʒɔf,iʒɔf,iʒɔf
i,iʒɔs,iʒɔs,iʒɔs,iʒɔs
i,iʒɔv,iʒɔv,iʒɔv,iʒɔv
i,iʒɔz,iʒɔz,iʒɔz,iʒɔz
i,iʒɔʃ,iʒɔʃ,iʒɔʃ,iʒɔʃ
i,iʒɔʒ,iʒɔʒ,iʒɔʒ,iʒɔʒ
i,iʒɔθ,iʒɔθ,iʒɔθ,iʒɔθ
i,iʒɔð,iʒɔð,iʒɔð,iʒɔð
i,iθɔm,iθɔm,iθɔm,iθɔm
i,iθɔn,iθɔn,iθɔn,iθɔn
i,iθɔŋ,iθɔŋ,iθɔŋ,iθɔŋ
i,iθɔp,iθɔp,iθɔp,iθɔp
i,iθɔt,iθɔt,iθɔt,iθɔt
i,iθɔk,iθɔk,iθɔk,iθɔk
i,iθɔb,iθɔb,iθɔb,iθɔb
i,iθɔd,iθɔd,iθɔd,iθɔd
i,iθɔg,iθɔg,iθɔg,iθɔg
i,iθɔf,iθɔf,iθɔf,iθɔf
i,iθɔs,iθɔs,iθɔs,iθɔs
i,iθɔv,iθɔv,iθɔv,iθɔv
i,iθɔz,iθɔz,iθɔz,iθɔz
i,iθɔʃ,iθɔʃ,iθɔʃ,iθɔʃ
i,iθɔʒ,iθɔʒ,iθɔʒ,iθɔʒ
i,iθɔθ,iθɔθ,iθɔθ,iθɔθ
i,iθɔð,iθɔð,iθɔð,iθɔð
i,iðɔm,iðɔm,iðɔm,iðɔm
i,iðɔn,iðɔn,iðɔn,iðɔn
i,iðɔŋ,iðɔŋ,iðɔŋ,iðɔŋ
i,iðɔp,iðɔp,iðɔp,iðɔp
i,iðɔt,iðɔt,iðɔt,iðɔt
i,iðɔk,iðɔk,iðɔk,iðɔk
i,iðɔb,iðɔb,iðɔb,iðɔb
i,iðɔd,iðɔd,iðɔd,iðɔd
i,iðɔg,iðɔg,iðɔg,iðɔg
i,iðɔf,iðɔf,iðɔf,iðɔf
i,iðɔs,iðɔs,iðɔs,iðɔs
i,iðɔv,iðɔv,iðɔv,iðɔv
i,iðɔz,iðɔz,iðɔz,iðɔz
i,iðɔʃ,iðɔʃ,iðɔʃ,iðɔʃ
i,iðɔʒ,iðɔʒ,iðɔʒ,iðɔʒ
i,iðɔθ,iðɔθ,iðɔθ,iðɔθ
i,iðɔð,iðɔð,iðɔð,iðɔð
i,ihɔm,ihɔm,ihɔm,ihɔm
i,ihɔn,ihɔn,ihɔn,ihɔn
i,ihɔŋ,ihɔŋ,ihɔŋ,ihɔŋ
i,ihɔp,ihɔp,ihɔp,ihɔp
i,ihɔt,ihɔt,ihɔt,ihɔt
i,ihɔk,ihɔk,ihɔk,ihɔk
i,ihɔb,ihɔb,ihɔb,ihɔb
i,ihɔd,ihɔd,ihɔd,ihɔd
i,ihɔg,ihɔg,ihɔg,ihɔg
i,ihɔf,ihɔf,ihɔf,ihɔf
i,ihɔs,ihɔs,ihɔs,ihɔs
i,ihɔv,ihɔv,ihɔv,ihɔv
i,ihɔz,ihɔz,ihɔz,ihɔz
i,ihɔʃ,ihɔʃ,ihɔʃ,ihɔʃ
i,ihɔʒ,ihɔʒ,ihɔʒ,ihɔʒ
i,ihɔθ,ihɔθ,ihɔθ,ihɔθ
i,ihɔð,ihɔð,ihɔð,ihɔð
eɪ,eɪmɪm,eɪmʊm,emɪm,emʊm
eɪ,eɪmɪn,eɪmʊn,emɪn,emʊn
eɪ,eɪmɪŋ,eɪmʊŋ,emɪŋ,emʊŋ
eɪ,eɪmɪp,eɪmʊp,emɪp,emʊp
eɪ,eɪmɪt,eɪmʊt,emɪt,emʊt
eɪ,eɪmɪk,eɪmʊk,emɪk,emʊk
eɪ,eɪmɪb,eɪmʊb,emɪb,emʊb
eɪ,eɪmɪd,eɪmʊd,emɪd,emʊd
eɪ,eɪmɪg,eɪmʊg,emɪg,emʊg
eɪ,eɪmɪf,eɪmʊf,emɪf,emʊf
eɪ,eɪmɪs,eɪmʊs,emɪs,emʊs
eɪ,eɪmɪv,eɪmʊv,emɪv,emʊv
eɪ,eɪmɪz,eɪmʊz,emɪz,emʊz
eɪ,eɪmɪʃ,eɪmʊʃ,emɪʃ,emʊʃ
eɪ,eɪmɪʒ,eɪmʊʒ,emɪʒ,emʊʒ
eɪ,eɪmɪθ,eɪmʊθ,emɪθ,emʊθ
eɪ,eɪmɪð,eɪmʊð,emɪð,emʊð
eɪ,eɪnɪm,eɪnʊm,enɪm,enʊm
eɪ,eɪnɪn,eɪnʊn,enɪn,enʊn
eɪ,eɪnɪŋ,eɪnʊŋ,enɪŋ,enʊŋ
eɪ,eɪnɪp,eɪnʊp,enɪp,enʊp
eɪ,eɪnɪt,eɪnʊt,enɪt,enʊt
eɪ,eɪnɪk,eɪnʊk,enɪk,enʊk
eɪ,eɪnɪb,eɪnʊb,enɪb,enʊb
eɪ,eɪnɪd,eɪnʊd,enɪd,enʊd
eɪ,eɪnɪg,eɪnʊg,enɪg,enʊg
eɪ,eɪnɪf,eɪnʊf,enɪf,enʊf
eɪ,eɪnɪs,eɪnʊs,enɪs,enʊs
eɪ,eɪnɪv,eɪnʊv,enɪv,enʊv
eɪ,eɪnɪz,eɪnʊz,enɪz,enʊz
eɪ,eɪnɪʃ,eɪnʊʃ,enɪʃ,enʊʃ
eɪ,eɪnɪʒ,eɪnʊʒ,enɪʒ,enʊʒ
eɪ,eɪnɪθ,eɪnʊθ,enɪθ,enʊθ
eɪ,eɪnɪð,eɪnʊð,enɪð,enʊð
eɪ,eɪpɪm,eɪpʊm,epɪm,epʊm
eɪ,eɪpɪn,eɪpʊn,epɪn,epʊn
eɪ,eɪpɪŋ,eɪpʊŋ,epɪŋ,epʊŋ
eɪ,eɪpɪp,eɪpʊp,epɪp,epʊp
eɪ,eɪpɪt,eɪpʊt,epɪt,epʊt
eɪ,eɪpɪk,eɪpʊk,epɪk,epʊk
eɪ,eɪpɪb,eɪpʊb,epɪb,epʊb
eɪ,eɪpɪd,eɪpʊd,epɪd,epʊd
eɪ,eɪpɪg,eɪpʊg,epɪg,epʊg
eɪ,eɪpɪf,eɪpʊf,epɪf,epʊf
eɪ,eɪpɪs,eɪpʊs,epɪs,epʊs
eɪ,eɪpɪv,eɪpʊv,epɪv,epʊv
eɪ,eɪpɪz,eɪpʊz,epɪz,epʊz
eɪ,eɪpɪʃ,eɪpʊʃ,epɪʃ,epʊʃ
eɪ,eɪpɪʒ,eɪpʊʒ,epɪʒ,epʊʒ
eɪ,eɪpɪθ,eɪpʊθ,epɪθ,epʊθ
eɪ,eɪpɪð,eɪpʊð,epɪð,epʊð
eɪ,eɪtɪm,eɪtʊm,etɪm,etʊm
eɪ,eɪtɪn,eɪtʊn,etɪn,etʊn
eɪ,eɪtɪŋ,eɪtʊŋ,etɪŋ,etʊŋ
eɪ,eɪtɪp,eɪtʊp,etɪp,etʊp
eɪ,eɪtɪt,eɪtʊt,etɪt,etʊt
eɪ,eɪtɪk,eɪtʊk,etɪk,etʊk
eɪ,eɪtɪb,eɪtʊb,etɪb,etʊb
eɪ,eɪtɪd,eɪtʊd,etɪd,etʊd
eɪ,eɪtɪg,eɪtʊg,etɪg,etʊg
eɪ,eɪtɪf,eɪtʊf,etɪf,etʊf
eɪ,eɪtɪs,eɪtʊs,etɪs,etʊs
eɪ,eɪtɪv,eɪtʊv,etɪv,etʊv
eɪ,eɪtɪz,eɪtʊz,etɪz,etʊz
eɪ,eɪtɪʃ,eɪtʊʃ,etɪʃ,etʊʃ
eɪ,eɪtɪʒ,eɪtʊʒ,etɪʒ,etʊʒ
eɪ,eɪtɪθ,eɪtʊθ,etɪθ,etʊθ
eɪ,eɪtɪð,eɪtʊð,etɪð,etʊð
eɪ,eɪkɪm,eɪkʊm,ekɪm,ekʊm
eɪ,eɪkɪn,eɪkʊn,ekɪn,ekʊn
eɪ,eɪkɪŋ,eɪkʊŋ,ekɪŋ,ekʊŋ
eɪ,eɪkɪp,eɪkʊp,ekɪp,ekʊp
eɪ,eɪkɪt,eɪkʊt,ekɪt,ekʊt
eɪ,eɪkɪk,eɪkʊk,ekɪk,ekʊk
eɪ,eɪkɪb,eɪkʊb,ekɪb,ekʊb
eɪ,eɪkɪd,eɪkʊd,ekɪd,ekʊd
eɪ,eɪkɪg,eɪkʊg,ekɪg,ekʊg
eɪ,eɪkɪf,eɪkʊf,ekɪf,ekʊf
eɪ,eɪkɪs,eɪkʊs,ekɪs,ekʊs
eɪ,eɪkɪv,eɪkʊv,ekɪv,ekʊv
eɪ,eɪkɪz,eɪkʊz,ekɪz,ekʊz
eɪ,eɪkɪʃ,eɪkʊʃ,ekɪʃ,ekʊʃ
eɪ,eɪkɪʒ,eɪkʊʒ,ekɪʒ,ekʊʒ
eɪ,eɪkɪθ,eɪkʊθ,ekɪθ,ekʊθ
eɪ,eɪkɪð,eɪkʊð,ekɪð,ekʊð
eɪ,eɪbɪm,eɪbʊm,ebɪm,ebʊm
eɪ,eɪbɪn,eɪbʊn,ebɪn,ebʊn
eɪ,eɪbɪŋ,eɪbʊŋ,ebɪŋ,ebʊŋ
eɪ,eɪbɪp,eɪbʊp,ebɪp,ebʊp
eɪ,eɪbɪt,eɪbʊt,ebɪt,ebʊt
eɪ,eɪbɪk,eɪbʊk,ebɪk,ebʊk
eɪ,eɪbɪb,eɪbʊb,ebɪb,ebʊb
eɪ,eɪbɪd,eɪbʊd,ebɪd,ebʊd
eɪ,eɪbɪg,eɪbʊg,ebɪg,ebʊg
eɪ,eɪbɪf,eɪbʊf,ebɪf,ebʊf
eɪ,eɪbɪs,eɪbʊs,ebɪs,ebʊs
eɪ,eɪbɪv,eɪbʊv,ebɪv,ebʊv
eɪ,eɪbɪz,eɪbʊz,ebɪz,ebʊz
eɪ,eɪbɪʃ,eɪbʊʃ,ebɪʃ,ebʊʃ
eɪ,eɪbɪʒ,eɪbʊʒ,ebɪʒ,ebʊʒ
eɪ,eɪbɪθ,eɪbʊθ,ebɪθ,ebʊθ
eɪ,eɪbɪð,eɪbʊð,ebɪð,ebʊð
eɪ,eɪdɪm,eɪdʊm,edɪm,edʊm
eɪ,eɪdɪn,eɪdʊn,edɪn,edʊn
eɪ,eɪdɪŋ,eɪdʊŋ,edɪŋ,edʊŋ
eɪ,eɪdɪp,eɪdʊp,edɪp,edʊp
eɪ,eɪdɪt,eɪdʊt,edɪt,edʊt
eɪ,eɪdɪk,eɪdʊk,edɪk,edʊk
eɪ,eɪdɪb,eɪdʊb,edɪb,edʊb
eɪ,eɪdɪd,eɪdʊd,edɪd,edʊd
eɪ,eɪdɪg,eɪdʊg,edɪg,edʊg
eɪ,eɪdɪf,eɪdʊf,edɪf,edʊf
eɪ,eɪdɪs,eɪdʊs,edɪs,edʊs
eɪ,eɪdɪv,eɪdʊv,edɪv,edʊv
eɪ,eɪdɪz,eɪdʊz,edɪz,edʊz
eɪ,eɪdɪʃ,eɪdʊʃ,edɪʃ,edʊʃ
eɪ,eɪdɪʒ,eɪdʊʒ,edɪʒ,edʊʒ
eɪ,eɪdɪθ,eɪdʊθ,edɪθ,edʊθ
eɪ,eɪdɪð,eɪdʊð,edɪð,edʊð
eɪ,eɪgɪm,eɪgʊm,egɪm,egʊm
eɪ,eɪgɪn,eɪgʊn,egɪn,egʊn
eɪ,eɪgɪŋ,eɪgʊŋ,egɪŋ,egʊŋ
eɪ,eɪgɪp,eɪgʊp,egɪp,egʊp
eɪ,eɪgɪt,eɪgʊt,egɪt,egʊt
eɪ,eɪgɪk,eɪgʊk,egɪk,egʊk
eɪ,eɪgɪb,eɪgʊb,egɪb,egʊb
eɪ,eɪgɪd,eɪgʊd,egɪd,egʊd
eɪ,eɪgɪg,eɪgʊg,egɪg,egʊg
eɪ,eɪgɪf,eɪgʊf,egɪf,egʊf
eɪ,eɪgɪs,eɪgʊs,egɪs,egʊs
eɪ,eɪgɪv,eɪgʊv,egɪv,egʊv
eɪ,eɪgɪz,eɪgʊz,egɪz,egʊz
eɪ,eɪgɪʃ,eɪgʊʃ,egɪʃ,egʊʃ
eɪ,eɪgɪʒ,eɪgʊʒ,egɪʒ,egʊʒ
eɪ,eɪgɪθ,eɪgʊθ,egɪθ,egʊθ
eɪ,eɪgɪð,eɪgʊð,egɪð,egʊð
eɪ,eɪfɪm,eɪfʊm,efɪm,efʊm
eɪ,eɪfɪn,eɪfʊn,efɪn,efʊn
eɪ,eɪfɪŋ,eɪfʊŋ,efɪŋ,efʊŋ
eɪ,eɪfɪp,eɪfʊp,efɪp,efʊp
eɪ,eɪfɪt,eɪfʊt,efɪt,efʊt
eɪ,eɪfɪk,eɪfʊk,efɪk,efʊk
eɪ,eɪfɪb,eɪfʊb,efɪb,efʊb
eɪ,eɪfɪd,eɪfʊd,efɪd,efʊd
eɪ,eɪfɪg,eɪfʊg,efɪg,efʊg
eɪ,eɪfɪf,eɪfʊf,efɪf,efʊf
eɪ,eɪfɪs,eɪfʊs,efɪs,efʊs
eɪ,eɪfɪv,eɪfʊv,efɪv,efʊv
eɪ,eɪfɪz,eɪfʊz,efɪz,efʊz
eɪ,eɪfɪʃ,eɪfʊʃ,efɪʃ,efʊʃ
eɪ,eɪfɪʒ,eɪfʊʒ,efɪʒ,efʊʒ
eɪ,eɪfɪθ,eɪfʊθ,efɪθ,efʊθ
eɪ,eɪfɪð,eɪfʊð,efɪð,efʊð
eɪ,eɪsɪm,eɪsʊm,esɪm,esʊm
eɪ,eɪsɪn,eɪsʊn,esɪn,esʊn
eɪ,eɪsɪŋ,eɪsʊŋ,esɪŋ,esʊŋ
eɪ,eɪsɪp,eɪsʊp,esɪp,esʊp
eɪ,eɪsɪt,eɪsʊt,esɪt,esʊt
eɪ,eɪsɪk,eɪsʊk,esɪk,esʊk
eɪ,eɪsɪb,eɪsʊb,esɪb,esʊb
eɪ,eɪsɪd,eɪsʊd,esɪd,esʊd
eɪ,eɪsɪg,eɪsʊg,esɪg,esʊg
eɪ,eɪsɪf,eɪsʊf,esɪf,esʊf
eɪ,eɪsɪs,eɪsʊs,esɪs,esʊs
eɪ,eɪsɪv,eɪsʊv,esɪv,esʊv
eɪ,eɪsɪz,eɪsʊz,esɪz,esʊz
eɪ,eɪsɪʃ,eɪsʊʃ,esɪʃ,esʊʃ
eɪ,eɪsɪʒ,eɪsʊʒ,esɪʒ,esʊʒ
eɪ,eɪsɪθ,eɪsʊθ,esɪθ,esʊθ
eɪ,eɪsɪð,eɪsʊð,esɪð,esʊð
eɪ,eɪvɪm,eɪvʊm,evɪm,evʊm
eɪ,eɪvɪn,eɪvʊn,evɪn,evʊn
eɪ,eɪvɪŋ,eɪvʊŋ,evɪŋ,evʊŋ
eɪ,eɪvɪp,eɪvʊp,evɪp,evʊp
eɪ,eɪvɪt,eɪvʊt,evɪt,evʊt
eɪ,eɪvɪk,eɪvʊk,evɪk,evʊk
eɪ,eɪvɪb,eɪvʊb,evɪb,evʊb
eɪ,eɪvɪd,eɪvʊd,evɪd,evʊd
eɪ,eɪvɪg,eɪvʊg,evɪg,evʊg
eɪ,eɪvɪf,eɪvʊf,evɪf,evʊf
eɪ,eɪvɪs,eɪvʊs,evɪs,evʊs
eɪ,eɪvɪv,eɪvʊv,evɪv,evʊv
eɪ,eɪvɪz,eɪvʊz,evɪz,evʊz
eɪ,eɪvɪʃ,eɪvʊʃ,evɪʃ,evʊʃ
eɪ,eɪvɪʒ,eɪvʊʒ,evɪʒ,evʊʒ
eɪ,eɪvɪθ,eɪvʊθ,evɪθ,evʊθ
eɪ,eɪvɪð,eɪvʊð,evɪð,evʊð
eɪ,eɪzɪm,eɪzʊm,ezɪm,ezʊm
eɪ,eɪzɪn,eɪzʊn,ezɪn,ezʊn
eɪ,eɪzɪŋ,eɪzʊŋ,ezɪŋ,ezʊŋ
eɪ,eɪzɪp,eɪzʊp,ezɪp,ezʊp
eɪ,eɪzɪt,eɪzʊt,ezɪt,ezʊt
eɪ,eɪzɪk,eɪzʊk,ezɪk,ezʊk
eɪ,eɪzɪb,eɪzʊb,ezɪb,ezʊb
eɪ,eɪzɪd,eɪzʊd,ezɪd,ezʊd
eɪ,eɪzɪg,eɪzʊg,ezɪg,ezʊg
eɪ,eɪzɪf,eɪzʊf,ezɪf,ezʊf
eɪ,eɪzɪs,eɪzʊs,ezɪs,ezʊs
eɪ,eɪzɪv,eɪzʊv,ezɪv,ezʊv
eɪ,eɪzɪz,eɪzʊz,ezɪz,ezʊz
eɪ,eɪzɪʃ,eɪzʊʃ,ezɪʃ,ezʊʃ
eɪ,eɪzɪʒ,eɪzʊʒ,ezɪʒ,ezʊʒ
eɪ,eɪzɪθ,eɪzʊθ,ezɪθ,ezʊθ
eɪ,eɪzɪð,eɪzʊð,ezɪð,ezʊð
eɪ,eɪʃɪm,eɪʃʊm,eʃɪm,eʃʊm
eɪ,eɪʃɪn,eɪʃʊn,eʃɪn,eʃʊn
eɪ,eɪʃɪŋ,eɪʃʊŋ,eʃɪŋ,eʃʊŋ
eɪ,eɪʃɪp,eɪʃʊp,eʃɪp,eʃʊp
eɪ,eɪʃɪt,eɪʃʊt,eʃɪt,eʃʊt
eɪ,eɪʃɪk,eɪʃʊk,eʃɪk,eʃʊk
eɪ,eɪʃɪb,eɪʃʊb,eʃɪb,eʃʊb
eɪ,eɪʃɪd,eɪʃʊd,eʃɪd,eʃʊd
eɪ,eɪʃɪg,eɪʃʊg,eʃɪg,eʃʊg
eɪ,eɪʃɪf,eɪʃʊf,eʃɪf,eʃʊf
eɪ,eɪʃɪs,eɪʃʊs,eʃɪs,eʃʊs
eɪ,eɪʃɪv,eɪʃʊv,eʃɪv,eʃʊv
eɪ,eɪʃɪz,eɪʃʊz,eʃɪz,eʃʊz
eɪ,eɪʃɪʃ,eɪʃʊʃ,eʃɪʃ,eʃʊʃ
eɪ,eɪʃɪʒ,eɪʃʊʒ,eʃɪʒ,eʃʊʒ
eɪ,eɪʃɪθ,eɪʃʊθ,eʃɪθ,eʃʊθ
eɪ,eɪʃɪð,eɪʃʊð,eʃɪð,eʃʊð
eɪ,eɪʒɪm,eɪʒʊm,eʒɪm,eʒʊm
eɪ,eɪʒɪn,eɪʒʊn,eʒɪn,eʒʊn
eɪ,eɪʒɪŋ,eɪʒʊŋ,eʒɪŋ,eʒʊŋ
eɪ,eɪʒɪp,eɪʒʊp,eʒɪp,eʒʊp
eɪ,eɪʒɪt,eɪʒʊt,eʒɪt,eʒʊt
eɪ,eɪʒɪk,eɪʒʊk,eʒɪk,eʒʊk
eɪ,eɪʒɪb,eɪʒʊb,eʒɪb,eʒʊb
eɪ,eɪʒɪd,eɪʒʊd,eʒɪd,eʒʊd
eɪ,eɪʒɪg,eɪʒʊg,eʒɪg,eʒʊg
eɪ,eɪʒɪf,eɪʒʊf,eʒɪf,eʒʊf
eɪ,eɪʒɪs,eɪʒʊs,eʒɪs,eʒʊs
eɪ,eɪʒɪv,eɪʒʊv,eʒɪv,eʒʊv
eɪ,eɪʒɪz,eɪʒʊz,eʒɪz,eʒʊz
eɪ,eɪʒɪʃ,eɪʒʊʃ,eʒɪʃ,eʒʊʃ
eɪ,eɪʒɪʒ,eɪʒʊʒ,eʒɪʒ,eʒʊʒ
eɪ,eɪʒɪθ,eɪʒʊθ,eʒɪθ,eʒʊθ
eɪ,eɪʒɪð,eɪʒʊð,eʒɪð,eʒʊð
eɪ,eɪθɪm,eɪθʊm,eθɪm,eθʊm
eɪ,eɪθɪn,eɪθʊn,eθɪn,eθʊn
eɪ,eɪθɪŋ,eɪθʊŋ,eθɪŋ,eθʊŋ
eɪ,eɪθɪp,eɪθʊp,eθɪp,eθʊp
eɪ,eɪθɪt,eɪθʊt,eθɪt,eθʊt
eɪ,eɪθɪk,eɪθʊk,eθɪk,eθʊk
eɪ,eɪθɪb,eɪθʊb,eθɪb,eθʊb
eɪ,eɪθɪd,eɪθʊd,eθɪd,eθʊd
eɪ,eɪθɪg,eɪθʊg,eθɪg,eθʊg
eɪ,eɪθɪf,eɪθʊf,eθɪf,eθʊf
eɪ,eɪθɪs,eɪθʊs,eθɪs,eθʊs
eɪ,eɪθɪv,eɪθʊv,eθɪv,eθʊv
eɪ,eɪθɪz,eɪθʊz,eθɪz,eθʊz
eɪ,eɪθɪʃ,eɪθʊʃ,eθɪʃ,eθʊʃ
eɪ,eɪθɪʒ,eɪθʊʒ,eθɪʒ,eθʊʒ
eɪ,eɪθɪθ,eɪθʊθ,eθɪθ,eθʊθ
eɪ,eɪθɪð,eɪθʊð,eθɪð,eθʊð
eɪ,eɪðɪm,eɪðʊm,eðɪm,eðʊm
eɪ,eɪðɪn,eɪðʊn,eðɪn,eðʊn
eɪ,eɪðɪŋ,eɪðʊŋ,eðɪŋ,eðʊŋ
eɪ,eɪðɪp,eɪðʊp,eðɪp,eðʊp
eɪ,eɪðɪt,eɪðʊt,eðɪt,eðʊt
eɪ,eɪðɪk,eɪðʊk,eðɪk,eðʊk
eɪ,eɪðɪb,eɪðʊb,eðɪb,eðʊb
eɪ,eɪðɪd,eɪðʊd,eðɪd,eðʊd
eɪ,eɪðɪg,eɪðʊg,eðɪg,eðʊg
eɪ,eɪðɪf,eɪðʊf,eðɪf,eðʊf
eɪ,eɪðɪs,eɪðʊs,eðɪs,eðʊs
eɪ,eɪðɪv,eɪðʊv,eðɪv,eðʊv
eɪ,eɪðɪz,eɪðʊz,eðɪz,eðʊz
eɪ,eɪðɪʃ,eɪðʊʃ,eðɪʃ,eðʊʃ
eɪ,eɪðɪʒ,eɪðʊʒ,eðɪʒ,eðʊʒ
eɪ,eɪðɪθ,eɪðʊθ,eðɪθ,eðʊθ
eɪ,eɪðɪð,eɪðʊð,eðɪð,eðʊð
eɪ,eɪhɪm,eɪhʊm,ehɪm,ehʊm
eɪ,eɪhɪn,eɪhʊn,ehɪn,ehʊn
eɪ,eɪhɪŋ,eɪhʊŋ,ehɪŋ,ehʊŋ
eɪ,eɪhɪp,eɪhʊp,ehɪp,ehʊp
eɪ,eɪhɪt,eɪhʊt,ehɪt,ehʊt
eɪ,eɪhɪk,eɪhʊk,ehɪk,ehʊk
eɪ,eɪhɪb,eɪhʊb,ehɪb,ehʊb
eɪ,eɪhɪd,eɪhʊd,ehɪd,ehʊd
eɪ,eɪhɪg,eɪhʊg,ehɪg,ehʊg
eɪ,eɪhɪf,eɪhʊf,ehɪf,ehʊf
eɪ,eɪhɪs,eɪhʊs,ehɪs,ehʊs
eɪ,eɪhɪv,eɪhʊv,ehɪv,ehʊv
eɪ,eɪhɪz,eɪhʊz,ehɪz,ehʊz
eɪ,eɪhɪʃ,eɪhʊʃ,ehɪʃ,ehʊʃ
eɪ,eɪhɪʒ,eɪhʊʒ,ehɪʒ,ehʊʒ
eɪ,eɪhɪθ,eɪhʊθ,ehɪθ,ehʊθ
eɪ,eɪhɪð,eɪhʊð,ehɪð,ehʊð
eɪ,eɪmɛm,eɪmɔm,emɛm,emɔm
eɪ,eɪmɛn,eɪmɔn,emɛn,emɔn
eɪ,eɪmɛŋ,eɪmɔŋ,emɛŋ,emɔŋ
eɪ,eɪmɛp,eɪmɔp,emɛp,emɔp
eɪ,eɪmɛt,eɪmɔt,emɛt,emɔt
eɪ,eɪmɛk,eɪmɔk,emɛk,emɔk
eɪ,eɪmɛb,eɪmɔb,emɛb,emɔb
eɪ,eɪmɛd,eɪmɔd,emɛd,emɔd
eɪ,eɪmɛg,eɪmɔg,emɛg,emɔg
eɪ,eɪmɛf,eɪmɔf,emɛf,emɔf
eɪ,eɪmɛs,eɪmɔs,emɛs,emɔs
eɪ,eɪmɛv,eɪmɔv,emɛv,emɔv
eɪ,eɪmɛz,eɪmɔz,emɛz,emɔz
eɪ,eɪmɛʃ,eɪmɔʃ,emɛʃ,emɔʃ
eɪ,eɪmɛʒ,eɪmɔʒ,emɛʒ,emɔʒ
eɪ,eɪmɛθ,eɪmɔθ,emɛθ,emɔθ
eɪ,eɪmɛð,eɪmɔð,emɛð,emɔð
eɪ,eɪnɛm,eɪnɔm,enɛm,enɔm
eɪ,eɪnɛn,eɪnɔn,enɛn,enɔn
eɪ,eɪnɛŋ,eɪnɔŋ,enɛŋ,enɔŋ
eɪ,eɪnɛp,eɪnɔp,enɛp,enɔp
eɪ,eɪnɛt,eɪnɔt,enɛt,enɔt
eɪ,eɪnɛk,eɪnɔk,enɛk,enɔk
eɪ,eɪnɛb,eɪnɔb,enɛb,enɔb
eɪ,eɪnɛd,eɪnɔd,enɛd,enɔd
eɪ,eɪnɛg,eɪnɔg,enɛg,enɔg
eɪ,eɪnɛf,eɪnɔf,enɛf,enɔf
eɪ,eɪnɛs,eɪnɔs,enɛs,enɔs
eɪ,eɪnɛv,eɪnɔv,enɛv,enɔv
eɪ,eɪnɛz,eɪnɔz,enɛz,enɔz
eɪ,eɪnɛʃ,eɪnɔʃ,enɛʃ,enɔʃ
eɪ,eɪnɛʒ,eɪnɔʒ,enɛʒ,enɔʒ
eɪ,eɪnɛθ,eɪnɔθ,enɛθ,enɔθ
eɪ,eɪnɛð,eɪnɔð,enɛð,enɔð
eɪ,eɪpɛm,eɪpɔm,epɛm,epɔm
eɪ,eɪpɛn,eɪpɔn,epɛn,epɔn
eɪ,eɪpɛŋ,eɪpɔŋ,epɛŋ,epɔŋ
eɪ,eɪpɛp,eɪpɔp,epɛp,epɔp
eɪ,eɪpɛt,eɪpɔt,epɛt,epɔt
eɪ,eɪpɛk,eɪpɔk,epɛk,epɔk
eɪ,eɪpɛb,eɪpɔb,epɛb,epɔb
eɪ,eɪpɛd,eɪpɔd,epɛd,epɔd
eɪ,eɪpɛg,eɪpɔg,epɛg,epɔg
eɪ,eɪpɛf,eɪpɔf,epɛf,epɔf
eɪ,eɪpɛs,eɪpɔs,epɛs,epɔs
eɪ,eɪpɛv,eɪpɔv,epɛv,epɔv
eɪ,eɪpɛz,eɪpɔz,epɛz,epɔz
eɪ,eɪpɛʃ,eɪpɔʃ,epɛʃ,epɔʃ
eɪ,eɪpɛʒ,eɪpɔʒ,epɛʒ,epɔʒ
eɪ,eɪpɛθ,eɪpɔθ,epɛθ,epɔθ
eɪ,eɪpɛð,eɪpɔð,epɛð,epɔð
eɪ,eɪtɛm,eɪtɔm,etɛm,etɔm
eɪ,eɪtɛn,eɪtɔn,etɛn,etɔn
eɪ,eɪtɛŋ,eɪtɔŋ,etɛŋ,etɔŋ
eɪ,eɪtɛp,eɪtɔp,etɛp,etɔp
eɪ,eɪtɛt,eɪtɔt,etɛt,etɔt
eɪ,eɪtɛk,eɪtɔk,etɛk,etɔk
eɪ,eɪtɛb,eɪtɔb,etɛb,etɔb
eɪ,eɪtɛd,eɪtɔd,etɛd,etɔd
eɪ,eɪtɛg,eɪtɔg,etɛg,etɔg
eɪ,eɪtɛf,eɪtɔf,etɛf,etɔf
eɪ,eɪtɛs,eɪtɔs,etɛs,etɔs
eɪ,eɪtɛv,eɪtɔv,etɛv,etɔv
eɪ,eɪtɛz,eɪtɔz,etɛz,etɔz
eɪ,eɪtɛʃ,eɪtɔʃ,etɛʃ,etɔʃ
eɪ,eɪtɛʒ,eɪtɔʒ,etɛʒ,etɔʒ
eɪ,eɪtɛθ,eɪtɔθ,etɛθ,etɔθ
eɪ,eɪtɛð,eɪtɔð,etɛð,etɔð
eɪ,eɪkɛm,eɪkɔm,ekɛm,ekɔm
eɪ,eɪkɛn,eɪkɔn,ekɛn,ekɔn
eɪ,eɪkɛŋ,eɪkɔŋ,ekɛŋ,ekɔŋ
eɪ,eɪkɛp,eɪkɔp,ekɛp,ekɔp
eɪ,eɪkɛt,eɪkɔt,ekɛt,ekɔt
eɪ,eɪkɛk,eɪkɔk,ekɛk,ekɔk
eɪ,eɪkɛb,eɪkɔb,ekɛb,ekɔb
eɪ,eɪkɛd,eɪkɔd,ekɛd,ekɔd
eɪ,eɪkɛg,eɪkɔg,ekɛg,ekɔg
eɪ,eɪkɛf,eɪkɔf,ekɛf,ekɔf
eɪ,eɪkɛs,eɪkɔs,ekɛs,ekɔs
eɪ,eɪkɛv,eɪkɔv,ekɛv,ekɔv
eɪ,eɪkɛz,eɪkɔz,ekɛz,ekɔz
eɪ,eɪkɛʃ,eɪkɔʃ,ekɛʃ,ekɔʃ
eɪ,eɪkɛʒ,eɪkɔʒ,ekɛʒ,ekɔʒ
eɪ,eɪkɛθ,eɪkɔθ,ekɛθ,ekɔθ
eɪ,eɪkɛð,eɪkɔð,ekɛð,ekɔð
eɪ,eɪbɛm,eɪbɔm,ebɛm,ebɔm
eɪ,eɪbɛn,eɪbɔn,ebɛn,ebɔn
eɪ,eɪbɛŋ,eɪbɔŋ,ebɛŋ,ebɔŋ
eɪ,eɪbɛp,eɪbɔp,ebɛp,ebɔp
eɪ,eɪbɛt,eɪbɔt,ebɛt,ebɔt
eɪ,eɪbɛk,eɪbɔk,ebɛk,ebɔk
eɪ,eɪbɛb,eɪbɔb,ebɛb,ebɔb
eɪ,eɪbɛd,eɪbɔd,ebɛd,ebɔd
eɪ,eɪbɛg,eɪbɔg,ebɛg,ebɔg
eɪ,eɪbɛf,eɪbɔf,ebɛf,ebɔf
eɪ,eɪbɛs,eɪbɔs,ebɛs,ebɔs
eɪ,eɪbɛv,eɪbɔv,ebɛv,ebɔv
eɪ,eɪbɛz,eɪbɔz,ebɛz,ebɔz
eɪ,eɪbɛʃ,eɪbɔʃ,ebɛʃ,ebɔʃ
eɪ,eɪbɛʒ,eɪbɔʒ,ebɛʒ,ebɔʒ
eɪ,eɪbɛθ,eɪbɔθ,ebɛθ,ebɔθ
eɪ,eɪbɛð,eɪbɔð,ebɛð,ebɔð
eɪ,eɪdɛm,eɪdɔm,edɛm,edɔm
eɪ,eɪdɛn,eɪdɔn,edɛn,edɔn
eɪ,eɪdɛŋ,eɪdɔŋ,edɛŋ,edɔŋ
eɪ,eɪdɛp,eɪdɔp,edɛp,edɔp
eɪ,eɪdɛt,eɪdɔt,edɛt,edɔt
eɪ,eɪdɛk,eɪdɔk,edɛk,edɔk
eɪ,eɪdɛb,eɪdɔb,edɛb,edɔb
eɪ,eɪdɛd,eɪdɔd,edɛd,edɔd
eɪ,eɪdɛg,eɪdɔg,edɛg,edɔg
eɪ,eɪdɛf,eɪdɔf,edɛf,edɔf
eɪ,eɪdɛs,eɪdɔs,edɛs,edɔs
eɪ,eɪdɛv,eɪdɔv,edɛv,edɔv
eɪ,eɪdɛz,eɪdɔz,edɛz,edɔz
eɪ,eɪdɛʃ,eɪdɔʃ,edɛʃ,edɔʃ
eɪ,eɪdɛʒ,eɪdɔʒ,edɛʒ,edɔʒ
eɪ,eɪdɛθ,eɪdɔθ,edɛθ,edɔθ
eɪ,eɪdɛð,eɪdɔð,edɛð,edɔð
eɪ,eɪgɛm,eɪgɔm,egɛm,egɔm
eɪ,eɪgɛn,eɪgɔn,egɛn,egɔn
eɪ,eɪgɛŋ,eɪgɔŋ,egɛŋ,egɔŋ
eɪ,eɪgɛp,eɪgɔp,egɛp,egɔp
eɪ,eɪgɛt,eɪgɔt,egɛt,egɔt
eɪ,eɪgɛk,eɪgɔk,egɛk,egɔk
eɪ,eɪgɛb,eɪgɔb,egɛb,egɔb
eɪ,eɪgɛd,eɪgɔd,egɛd,egɔd
eɪ,eɪgɛg,eɪgɔg,egɛg,egɔg
eɪ,eɪgɛf,eɪgɔf,egɛf,egɔf
eɪ,eɪgɛs,eɪgɔs,egɛs,egɔs
eɪ,eɪgɛv,eɪgɔv,egɛv,egɔv
eɪ,eɪgɛz,eɪgɔz,egɛz,egɔz
eɪ,eɪgɛʃ,eɪgɔʃ,egɛʃ,egɔʃ
eɪ,eɪgɛʒ,eɪgɔʒ,egɛʒ,egɔʒ
eɪ,eɪgɛθ,eɪgɔθ,egɛθ,egɔθ
eɪ,eɪgɛð,eɪgɔð,egɛð,egɔð
eɪ,eɪfɛm,eɪfɔm,efɛm,efɔm
eɪ,eɪfɛn,eɪfɔn,efɛn,efɔn
eɪ,eɪfɛŋ,eɪfɔŋ,efɛŋ,efɔŋ
eɪ,eɪfɛp,eɪfɔp,efɛp,efɔp
eɪ,eɪfɛt,eɪfɔt,efɛt,efɔt
eɪ,eɪfɛk,eɪfɔk,efɛk,efɔk
eɪ,eɪfɛb,eɪfɔb,efɛb,efɔb
eɪ,eɪfɛd,eɪfɔd,efɛd,efɔd
eɪ,eɪfɛg,eɪfɔg,efɛg,efɔg
eɪ,eɪfɛf,eɪfɔf,efɛf,efɔf
eɪ,eɪfɛs,eɪfɔs,efɛs,efɔs
eɪ,eɪfɛv,eɪfɔv,efɛv,efɔv
eɪ,eɪfɛz,eɪfɔz,efɛz,efɔz
eɪ,eɪfɛʃ,eɪfɔʃ,efɛʃ,efɔʃ
eɪ,eɪfɛʒ,eɪfɔʒ,efɛʒ,efɔʒ
eɪ,eɪfɛθ,eɪfɔθ,efɛθ,efɔθ
eɪ,eɪfɛð,eɪfɔð,efɛð,efɔð
eɪ,eɪsɛm,eɪsɔm,esɛm,esɔm
eɪ,eɪsɛn,eɪsɔn,esɛn,esɔn
eɪ,eɪsɛŋ,eɪsɔŋ,esɛŋ,esɔŋ
eɪ,eɪsɛp,eɪsɔp,esɛp,esɔp
eɪ,eɪsɛt,eɪsɔt,esɛt,esɔt
eɪ,eɪsɛk,eɪsɔk,esɛk,esɔk
eɪ,eɪsɛb,eɪsɔb,esɛb,esɔb
eɪ,eɪsɛd,eɪsɔd,esɛd,esɔd
eɪ,eɪsɛg,eɪsɔg,esɛg,esɔg
eɪ,eɪsɛf,eɪsɔf,esɛf,esɔf
eɪ,eɪsɛs,eɪsɔs,esɛs,esɔs
eɪ,eɪsɛv,eɪsɔv,esɛv,esɔv
eɪ,eɪsɛz,eɪsɔz,esɛz,esɔz
eɪ,eɪsɛʃ,eɪsɔʃ,esɛʃ,esɔʃ
eɪ,eɪsɛʒ,eɪsɔʒ,esɛʒ,esɔʒ
eɪ,eɪsɛθ,eɪsɔθ,esɛθ,esɔθ
eɪ,eɪsɛð,eɪsɔð,esɛð,esɔð
eɪ,eɪvɛm,eɪvɔm,evɛm,evɔm
eɪ,eɪvɛn,eɪvɔn,evɛn,evɔn
eɪ,eɪvɛŋ,eɪvɔŋ,evɛŋ,evɔŋ
eɪ,eɪvɛp,eɪvɔp,evɛp,evɔp
eɪ,eɪvɛt,eɪvɔt,evɛt,evɔt
eɪ,eɪvɛk,eɪvɔk,evɛk,evɔk
eɪ,eɪvɛb,eɪvɔb,evɛb,evɔb
eɪ,eɪvɛd,eɪvɔd,evɛd,evɔd
eɪ,eɪvɛg,eɪvɔg,evɛg,evɔg
eɪ,eɪvɛf,eɪvɔf,evɛf,evɔf
eɪ,eɪvɛs,eɪvɔs,evɛs,evɔs
eɪ,eɪvɛv,eɪvɔv,evɛv,evɔv
eɪ,eɪvɛz,eɪvɔz,evɛz,evɔz
eɪ,eɪvɛʃ,eɪvɔʃ,evɛʃ,evɔʃ
eɪ,eɪvɛʒ,eɪvɔʒ,evɛʒ,evɔʒ
eɪ,eɪvɛθ,eɪvɔθ,evɛθ,evɔθ
eɪ,eɪvɛð,eɪvɔð,evɛð,evɔð
eɪ,eɪzɛm,eɪzɔm,ezɛm,ezɔm
eɪ,eɪzɛn,eɪzɔn,ezɛn,ezɔn
eɪ,eɪzɛŋ,eɪzɔŋ,ezɛŋ,ezɔŋ
eɪ,eɪzɛp,eɪzɔp,ezɛp,ezɔp
eɪ,eɪzɛt,eɪzɔt,ezɛt,ezɔt
eɪ,eɪzɛk,eɪzɔk,ezɛk,ezɔk
eɪ,eɪzɛb,eɪzɔb,ezɛb,ezɔb
eɪ,eɪzɛd,eɪzɔd,ezɛd,ezɔd
eɪ,eɪzɛg,eɪzɔg,ezɛg,ezɔg
eɪ,eɪzɛf,eɪzɔf,ezɛf,ezɔf
eɪ,eɪzɛs,eɪzɔs,ezɛs,ezɔs
eɪ,eɪzɛv,eɪzɔv,ezɛv,ezɔv
eɪ,eɪzɛz,eɪzɔz,ezɛz,ezɔz
eɪ,eɪzɛʃ,eɪzɔʃ,ezɛʃ,ezɔʃ
eɪ,eɪzɛʒ,eɪzɔʒ,ezɛʒ,ezɔʒ
eɪ,eɪzɛθ,eɪzɔθ,ezɛθ,ezɔθ
eɪ,eɪzɛð,eɪzɔð,ezɛð,ezɔð
eɪ,eɪʃɛm,eɪʃɔm,eʃɛm,eʃɔm
eɪ,eɪʃɛn,eɪʃɔn,eʃɛn,eʃɔn
eɪ,eɪʃɛŋ,eɪʃɔŋ,eʃɛŋ,eʃɔŋ
eɪ,eɪʃɛp,eɪʃɔp,eʃɛp,eʃɔp
eɪ,eɪʃɛt,eɪʃɔt,eʃɛt,eʃɔt
eɪ,eɪʃɛk,eɪʃɔk,eʃɛk,eʃɔk
eɪ,eɪʃɛb,eɪʃɔb,eʃɛb,eʃɔb
eɪ,eɪʃɛd,eɪʃɔd,eʃɛd,eʃɔd
eɪ,eɪʃɛg,eɪʃɔg,eʃɛg,eʃɔg
eɪ,eɪʃɛf,eɪʃɔf,eʃɛf,eʃɔf
eɪ,eɪʃɛs,eɪʃɔs,eʃɛs,eʃɔs
eɪ,eɪʃɛv,eɪʃɔv,eʃɛv,eʃɔv
eɪ,eɪʃɛz,eɪʃɔz,eʃɛz,eʃɔz
eɪ,eɪʃɛʃ,eɪʃɔʃ,eʃɛʃ,eʃɔʃ
eɪ,eɪʃɛʒ,eɪʃɔʒ,eʃɛʒ,eʃɔʒ
eɪ,eɪʃɛθ,eɪʃɔθ,eʃɛθ,eʃɔθ
eɪ,eɪʃɛð,eɪʃɔð,eʃɛð,eʃɔð
eɪ,eɪʒɛm,eɪʒɔm,eʒɛm,eʒɔm
eɪ,eɪʒɛn,eɪʒɔn,eʒɛn,eʒɔn
eɪ,eɪʒɛŋ,eɪʒɔŋ,eʒɛŋ,eʒɔŋ
eɪ,eɪʒɛp,eɪʒɔp,eʒɛp,eʒɔp
eɪ,eɪʒɛt,eɪʒɔt,eʒɛt,eʒɔt
eɪ,eɪʒɛk,eɪʒɔk,eʒɛk,eʒɔk
eɪ,eɪʒɛb,eɪʒɔb,eʒɛb,eʒɔb
eɪ,eɪʒɛd,eɪʒɔd,eʒɛd,eʒɔd
eɪ,eɪʒɛg,eɪʒɔg,eʒɛg,eʒɔg
eɪ,eɪʒɛf,eɪʒɔf,eʒɛf,eʒɔf
eɪ,eɪʒɛs,eɪʒɔs,eʒɛs,eʒɔs
eɪ,eɪʒɛv,eɪʒɔv,eʒɛv,eʒɔv
eɪ,eɪʒɛz,eɪʒɔz,eʒɛz,eʒɔz
eɪ,eɪʒɛʃ,eɪʒɔʃ,eʒɛʃ,eʒɔʃ
eɪ,eɪʒɛʒ,eɪʒɔʒ,eʒɛʒ,eʒɔʒ
eɪ,eɪʒɛθ,eɪʒɔθ,eʒɛθ,eʒɔθ
eɪ,eɪʒɛð,eɪʒɔð,eʒɛð,eʒɔð
eɪ,eɪθɛm,eɪθɔm,eθɛm,eθɔm
eɪ,eɪθɛn,eɪθɔn,eθɛn,eθɔn
eɪ,eɪθɛŋ,eɪθɔŋ,eθɛŋ,eθɔŋ
eɪ,eɪθɛp,eɪθɔp,eθɛp,eθɔp
eɪ,eɪθɛt,eɪθɔt,eθɛt,eθɔt
eɪ,eɪθɛk,eɪθɔk,eθɛk,eθɔk
eɪ,eɪθɛb,eɪθɔb,eθɛb,eθɔb
eɪ,eɪθɛd,eɪθɔd,eθɛd,eθɔd
eɪ,eɪθɛg,eɪθɔg,eθɛg,eθɔg
eɪ,eɪθɛf,eɪθɔf,eθɛf,eθɔf
eɪ,eɪθɛs,eɪθɔs,eθɛs,eθɔs
eɪ,eɪθɛv,eɪθɔv,eθɛv,eθɔv
eɪ,eɪθɛz,eɪθɔz,eθɛz,eθɔz
eɪ,eɪθɛʃ,eɪθɔʃ,eθɛʃ,eθɔʃ
eɪ,eɪθɛʒ,eɪθɔʒ,eθɛʒ,eθɔʒ
eɪ,eɪθɛθ,eɪθɔθ,eθɛθ,eθɔθ
eɪ,eɪθɛð,eɪθɔð,eθɛð,eθɔð
eɪ,eɪðɛm,eɪðɔm,eðɛm,eðɔm
eɪ,eɪðɛn,eɪðɔn,eðɛn,eðɔn
eɪ,eɪðɛŋ,eɪðɔŋ,eðɛŋ,eðɔŋ
eɪ,eɪðɛp,eɪðɔp,eðɛp,eðɔp
eɪ,eɪðɛt,eɪðɔt,eðɛt,eðɔt
eɪ,eɪðɛk,eɪðɔk,eðɛk,eðɔk
eɪ,eɪðɛb,eɪðɔb,eðɛb,eðɔb
eɪ,eɪðɛd,eɪðɔd,eðɛd,eðɔd
eɪ,eɪðɛg,eɪðɔg,eðɛg,eðɔg
eɪ,eɪðɛf,eɪðɔf,eðɛf,eðɔf
eɪ,eɪðɛs,eɪðɔs,eðɛs,eðɔs
eɪ,eɪðɛv,eɪðɔv,eðɛv,eðɔv
eɪ,eɪðɛz,eɪðɔz,eðɛz,eðɔz
eɪ,eɪðɛʃ,eɪðɔʃ,eðɛʃ,eðɔʃ
eɪ,eɪðɛʒ,eɪðɔʒ,eðɛʒ,eðɔʒ
eɪ,eɪðɛθ,eɪðɔθ,eðɛθ,eðɔθ
eɪ,eɪðɛð,eɪðɔð,eðɛð,eðɔð
eɪ,eɪhɛm,eɪhɔm,ehɛm,ehɔm
eɪ,eɪhɛn,eɪhɔn,ehɛn,ehɔn
eɪ,eɪhɛŋ,eɪhɔŋ,ehɛŋ,ehɔŋ
eɪ,eɪhɛp,eɪhɔp,ehɛp,ehɔp
eɪ,eɪhɛt,eɪhɔt,ehɛt,ehɔt
eɪ,eɪhɛk,eɪhɔk,ehɛk,ehɔk
eɪ,eɪhɛb,eɪhɔb,ehɛb,ehɔb
eɪ,eɪhɛd,eɪhɔd,ehɛd,ehɔd
eɪ,eɪhɛg,eɪhɔg,ehɛg,ehɔg
eɪ,eɪhɛf,eɪhɔf,ehɛf,ehɔf
eɪ,eɪhɛs,eɪhɔs,ehɛs,ehɔs
eɪ,eɪhɛv,eɪhɔv,ehɛv,ehɔv
eɪ,eɪhɛz,eɪhɔz,ehɛz,ehɔz
eɪ,eɪhɛʃ,eɪhɔʃ,ehɛʃ,ehɔʃ
eɪ,eɪhɛʒ,eɪhɔʒ,ehɛʒ,ehɔʒ
eɪ,eɪhɛθ,eɪhɔθ,ehɛθ,ehɔθ
eɪ,eɪhɛð,eɪhɔð,ehɛð,ehɔð
eɪ,eɪmʊm,eɪmʊm,emʊm,emʊm
eɪ,eɪmʊn,eɪmʊn,emʊn,emʊn
eɪ,eɪmʊŋ,eɪmʊŋ,emʊŋ,emʊŋ
eɪ,eɪmʊp,eɪmʊp,emʊp,emʊp
eɪ,eɪmʊt,eɪmʊt,emʊt,emʊt
eɪ,eɪmʊk,eɪmʊk,emʊk,emʊk
eɪ,eɪmʊb,eɪmʊb,emʊb,emʊb
eɪ,eɪmʊd,eɪmʊd,emʊd,emʊd
eɪ,eɪmʊg,eɪmʊg,emʊg,emʊg
eɪ,eɪmʊf,eɪmʊf,emʊf,emʊf
eɪ,eɪmʊs,eɪmʊs,emʊs,emʊs
eɪ,eɪmʊv,eɪmʊv,emʊv,emʊv
eɪ,eɪmʊz,eɪmʊz,emʊz,emʊz
eɪ,eɪmʊʃ,eɪmʊʃ,emʊʃ,emʊʃ
eɪ,eɪmʊʒ,eɪmʊʒ,emʊʒ,emʊʒ
eɪ,eɪmʊθ,eɪmʊθ,emʊθ,emʊθ
eɪ,eɪmʊð,eɪmʊð,emʊð,emʊð
eɪ,eɪnʊm,eɪnʊm,enʊm,enʊm
eɪ,eɪnʊn,eɪnʊn,enʊn,enʊn
eɪ,eɪnʊŋ,eɪnʊŋ,enʊŋ,enʊŋ
eɪ,eɪnʊp,eɪnʊp,enʊp,enʊp
eɪ,eɪnʊt,eɪnʊt,enʊt,enʊt
eɪ,eɪnʊk,eɪnʊk,enʊk,enʊk
eɪ,eɪnʊb,eɪnʊb,enʊb,enʊb
eɪ,eɪnʊd,eɪnʊd,enʊd,enʊd
eɪ,eɪnʊg,eɪnʊg,enʊg,enʊg
eɪ,eɪnʊf,eɪnʊf,enʊf,enʊf
eɪ,eɪnʊs,eɪnʊs,enʊs,enʊs
eɪ,eɪnʊv,eɪnʊv,enʊv,enʊv
eɪ,eɪnʊz,eɪnʊz,enʊz,enʊz
eɪ,eɪnʊʃ,eɪnʊʃ,enʊʃ,enʊʃ
eɪ,eɪnʊʒ,eɪnʊʒ,enʊʒ,enʊʒ
eɪ,eɪnʊθ,eɪnʊθ,enʊθ,enʊθ
eɪ,eɪnʊð,eɪnʊð,enʊð,enʊð
eɪ,eɪpʊm,eɪpʊm,epʊm,epʊm
eɪ,eɪpʊn,eɪpʊn,epʊn,epʊn
eɪ,eɪpʊŋ,eɪpʊŋ,epʊŋ,epʊŋ
eɪ,eɪpʊp,eɪpʊp,epʊp,epʊp
eɪ,eɪpʊt,eɪpʊt,epʊt,epʊt
eɪ,eɪpʊk,eɪpʊk,epʊk,epʊk
eɪ,eɪpʊb,eɪpʊb,epʊb,epʊb
eɪ,eɪpʊd,eɪpʊd,epʊd,epʊd
eɪ,eɪpʊg,eɪpʊg,epʊg,epʊg
eɪ,eɪpʊf,eɪpʊf,epʊf,epʊf
eɪ,eɪpʊs,eɪpʊs,epʊs,epʊs
eɪ,eɪpʊv,eɪpʊv,epʊv,epʊv
eɪ,eɪpʊz,eɪpʊz,epʊz,epʊz
eɪ,eɪpʊʃ,eɪpʊʃ,epʊʃ,epʊʃ
eɪ,eɪpʊʒ,eɪpʊʒ,epʊʒ,epʊʒ
eɪ,eɪpʊθ,eɪpʊθ,epʊθ,epʊθ
eɪ,eɪpʊð,eɪpʊð,epʊð,epʊð
eɪ,eɪtʊm,eɪtʊm,etʊm,etʊm
eɪ,eɪtʊn,eɪtʊn,etʊn,etʊn
eɪ,eɪtʊŋ,eɪtʊŋ,etʊŋ,etʊŋ
eɪ,eɪtʊp,eɪtʊp,etʊp,etʊp
eɪ,eɪtʊt,eɪtʊt,etʊt,etʊt
eɪ,eɪtʊk,eɪtʊk,etʊk,etʊk
eɪ,eɪtʊb,eɪtʊb,etʊb,etʊb
eɪ,eɪtʊd,eɪtʊd,etʊd,etʊd
eɪ,eɪtʊg,eɪtʊg,etʊg,etʊg
eɪ,eɪtʊf,eɪtʊf,etʊf,etʊf
eɪ,eɪtʊs,eɪtʊs,etʊs,etʊs
eɪ,eɪtʊv,eɪtʊv,etʊv,etʊv
eɪ,eɪtʊz,eɪtʊz,etʊz,etʊz
eɪ,eɪtʊʃ,eɪtʊʃ,etʊʃ,etʊʃ
eɪ,eɪtʊʒ,eɪtʊʒ,etʊʒ,etʊʒ
eɪ,eɪtʊθ,eɪtʊθ,etʊθ,etʊθ
eɪ,eɪtʊð,eɪtʊð,etʊð,etʊð
eɪ,eɪkʊm,eɪkʊm,ekʊm,ekʊm
eɪ,eɪkʊn,eɪkʊn,ekʊn,ekʊn
eɪ,eɪkʊŋ,eɪkʊŋ,ekʊŋ,ekʊŋ
eɪ,eɪkʊp,eɪkʊp,ekʊp,ekʊp
eɪ,eɪkʊt,eɪkʊt,ekʊt,ekʊt
eɪ,eɪkʊk,eɪkʊk,ekʊk,ekʊk
eɪ,eɪkʊb,eɪkʊb,ekʊb,ekʊb
eɪ,eɪkʊd,eɪkʊd,ekʊd,ekʊd
eɪ,eɪkʊg,eɪkʊg,ekʊg,ekʊg
eɪ,eɪkʊf,eɪkʊf,ekʊf,ekʊf
eɪ,eɪkʊs,eɪkʊs,ekʊs,ekʊs
eɪ,eɪkʊv,eɪkʊv,ekʊv,ekʊv
eɪ,eɪkʊz,eɪkʊz,ekʊz,ekʊz
eɪ,eɪkʊʃ,eɪkʊʃ,ekʊʃ,ekʊʃ
eɪ,eɪkʊʒ,eɪkʊʒ,ekʊʒ,ekʊʒ
eɪ,eɪkʊθ,eɪkʊθ,ekʊθ,ekʊθ
eɪ,eɪkʊð,eɪkʊð,ekʊð,ekʊð
eɪ,eɪbʊm,eɪbʊm,ebʊm,ebʊm
eɪ,eɪbʊn,eɪbʊn,ebʊn,ebʊn
eɪ,eɪbʊŋ,eɪbʊŋ,ebʊŋ,ebʊŋ
eɪ,eɪbʊp,eɪbʊp,ebʊp,ebʊp
eɪ,eɪbʊt,eɪbʊt,ebʊt,ebʊt
eɪ,eɪbʊk,eɪbʊk,ebʊk,ebʊk
eɪ,eɪbʊb,eɪbʊb,ebʊb,ebʊb
eɪ,eɪbʊd,eɪbʊd,ebʊd,ebʊd
eɪ,eɪbʊg,eɪbʊg,ebʊg,ebʊg
eɪ,eɪbʊf,eɪbʊf,ebʊf,ebʊf
eɪ,eɪbʊs,eɪbʊs,ebʊs,ebʊs
eɪ,eɪbʊv,eɪbʊv,ebʊv,ebʊv
eɪ,eɪbʊz,eɪbʊz,ebʊz,ebʊz
eɪ,eɪbʊʃ,eɪbʊʃ,ebʊʃ,ebʊʃ
eɪ,eɪbʊʒ,eɪbʊʒ,ebʊʒ,ebʊʒ
eɪ,eɪbʊθ,eɪbʊθ,ebʊθ,ebʊθ
eɪ,eɪbʊð,eɪbʊð,ebʊð,ebʊð
eɪ,eɪdʊm,eɪdʊm,edʊm,edʊm
eɪ,eɪdʊn,eɪdʊn,edʊn,edʊn
eɪ,eɪdʊŋ,eɪdʊŋ,edʊŋ,edʊŋ
eɪ,eɪdʊp,eɪdʊp,edʊp,edʊp
eɪ,eɪdʊt,eɪdʊt,edʊt,edʊt
eɪ,eɪdʊk,eɪdʊk,edʊk,edʊk
eɪ,eɪdʊb,eɪdʊb,edʊb,edʊb
eɪ,eɪdʊd,eɪdʊd,edʊd,edʊd
eɪ,eɪdʊg,eɪdʊg,edʊg,edʊg
eɪ,eɪdʊf,eɪdʊf,edʊf,edʊf
eɪ,eɪdʊs,eɪdʊs,edʊs,edʊs
eɪ,eɪdʊv,eɪdʊv,edʊv,edʊv
eɪ,eɪdʊz,eɪdʊz,edʊz,edʊz
eɪ,eɪdʊʃ,eɪdʊʃ,edʊʃ,edʊʃ
eɪ,eɪdʊʒ,eɪdʊʒ,edʊʒ,edʊʒ
eɪ,eɪdʊθ,eɪdʊθ,edʊθ,edʊθ
eɪ,eɪdʊð,eɪdʊð,edʊð,edʊð
eɪ,eɪgʊm,eɪgʊm,egʊm,egʊm
eɪ,eɪgʊn,eɪgʊn,egʊn,egʊn
eɪ,eɪgʊŋ,eɪgʊŋ,egʊŋ,egʊŋ
eɪ,eɪgʊp,eɪgʊp,egʊp,egʊp
eɪ,eɪgʊt,eɪgʊt,egʊt,egʊt
eɪ,eɪgʊk,eɪgʊk,egʊk,egʊk
eɪ,eɪgʊb,eɪgʊb,egʊb,egʊb
eɪ,eɪgʊd,eɪgʊd,egʊd,egʊd
eɪ,eɪgʊg,eɪgʊg,egʊg,egʊg
eɪ,eɪgʊf,eɪgʊf,egʊf,egʊf
eɪ,eɪgʊs,eɪgʊs,egʊs,egʊs
eɪ,eɪgʊv,eɪgʊv,egʊv,egʊv
eɪ,eɪgʊz,eɪgʊz,egʊz,egʊz
eɪ,eɪgʊʃ,eɪgʊʃ,egʊʃ,egʊʃ
eɪ,eɪgʊʒ,eɪgʊʒ,egʊʒ,egʊʒ
eɪ,eɪgʊθ,eɪgʊθ,egʊθ,egʊθ
eɪ,eɪgʊð,eɪgʊð,egʊð,egʊð
eɪ,eɪfʊm,eɪfʊm,efʊm,efʊm
eɪ,eɪfʊn,eɪfʊn,efʊn,efʊn
eɪ,eɪfʊŋ,eɪfʊŋ,efʊŋ,efʊŋ
eɪ,eɪfʊp,eɪfʊp,efʊp,efʊp
eɪ,eɪfʊt,eɪfʊt,efʊt,efʊt
eɪ,eɪfʊk,eɪfʊk,efʊk,efʊk
eɪ,eɪfʊb,eɪfʊb,efʊb,efʊb
eɪ,eɪfʊd,eɪfʊd,efʊd,efʊd
eɪ,eɪfʊg,eɪfʊg,efʊg,efʊg
eɪ,eɪfʊf,eɪfʊf,efʊf,efʊf
eɪ,eɪfʊs,eɪfʊs,efʊs,efʊs
eɪ,eɪfʊv,eɪfʊv,efʊv,efʊv
eɪ,eɪfʊz,eɪfʊz,efʊz,efʊz
eɪ,eɪfʊʃ,eɪfʊʃ,efʊʃ,efʊʃ
eɪ,eɪfʊʒ,eɪfʊʒ,efʊʒ,efʊʒ
eɪ,eɪfʊθ,eɪfʊθ,efʊθ,efʊθ
eɪ,eɪfʊð,eɪfʊð,efʊð,efʊð
eɪ,eɪsʊm,eɪsʊm,esʊm,esʊm
eɪ,eɪsʊn,eɪsʊn,esʊn,esʊn
eɪ,eɪsʊŋ,eɪsʊŋ,esʊŋ,esʊŋ
eɪ,eɪsʊp,eɪsʊp,esʊp,esʊp
eɪ,eɪsʊt,eɪsʊt,esʊt,esʊt
eɪ,eɪsʊk,eɪsʊk,esʊk,esʊk
eɪ,eɪsʊb,eɪsʊb,esʊb,esʊb
eɪ,eɪsʊd,eɪsʊd,esʊd,esʊd
eɪ,eɪsʊg,eɪsʊg,esʊg,esʊg
eɪ,eɪsʊf,eɪsʊf,esʊf,esʊf
eɪ,eɪsʊs,eɪsʊs,esʊs,esʊs
eɪ,eɪsʊv,eɪsʊv,esʊv,esʊv
eɪ,eɪsʊz,eɪsʊz,esʊz,esʊz
eɪ,eɪsʊʃ,eɪsʊʃ,esʊʃ,esʊʃ
eɪ,eɪsʊʒ,eɪsʊʒ,esʊʒ,esʊʒ
eɪ,eɪsʊθ,eɪsʊθ,esʊθ,esʊθ
eɪ,eɪsʊð,eɪsʊð,esʊð,esʊð
eɪ,eɪvʊm,eɪvʊm,evʊm,evʊm
eɪ,eɪvʊn,eɪvʊn,evʊn,evʊn
eɪ,eɪvʊŋ,eɪvʊŋ,evʊŋ,evʊŋ
eɪ,eɪvʊp,eɪvʊp,evʊp,evʊp
eɪ,eɪvʊt,eɪvʊt,evʊt,evʊt
eɪ,eɪvʊk,eɪvʊk,evʊk,evʊk
eɪ,eɪvʊb,eɪvʊb,evʊb,evʊb
eɪ,eɪvʊd,eɪvʊd,evʊd,evʊd
eɪ,eɪvʊg,eɪvʊg,evʊg,evʊg
eɪ,eɪvʊf,eɪvʊf,evʊf,evʊf
eɪ,eɪvʊs,eɪvʊs,evʊs,evʊs
eɪ,eɪvʊv,eɪvʊv,evʊv,evʊv
eɪ,eɪvʊz,eɪvʊz,evʊz,evʊz
eɪ,eɪvʊʃ,eɪvʊʃ,evʊʃ,evʊʃ
eɪ,eɪvʊʒ,eɪvʊʒ,evʊʒ,evʊʒ
eɪ,eɪvʊθ,eɪvʊθ,evʊθ,evʊθ
eɪ,eɪvʊð,eɪvʊð,evʊð,evʊð
eɪ,eɪzʊm,eɪzʊm,ezʊm,ezʊm
eɪ,eɪzʊn,eɪzʊn,ezʊn,ezʊn
eɪ,eɪzʊŋ,eɪzʊŋ,ezʊŋ,ezʊŋ
eɪ,eɪzʊp,eɪzʊp,ezʊp,ezʊp
eɪ,eɪzʊt,eɪzʊt,ezʊt,ezʊt
eɪ,eɪzʊk,eɪzʊk,ezʊk,ezʊk
eɪ,eɪzʊb,eɪzʊb,ezʊb,ezʊb
eɪ,eɪzʊd,eɪzʊd,ezʊd,ezʊd
eɪ,eɪzʊg,eɪzʊg,ezʊg,ezʊg
eɪ,eɪzʊf,eɪzʊf,ezʊf,ezʊf
eɪ,eɪzʊs,eɪzʊs,ezʊs,ezʊs
eɪ,eɪzʊv,eɪzʊv,ezʊv,ezʊv
eɪ,eɪzʊz,eɪzʊz,ezʊz,ezʊz
eɪ,eɪzʊʃ,eɪzʊʃ,ezʊʃ,ezʊʃ
eɪ,eɪzʊʒ,eɪzʊʒ,ezʊʒ,ezʊʒ
eɪ,eɪzʊθ,eɪzʊθ,ezʊθ,ezʊθ
eɪ,eɪzʊð,eɪzʊð,ezʊð,ezʊð
eɪ,eɪʃʊm,eɪʃʊm,eʃʊm,eʃʊm
eɪ,eɪʃʊn,eɪʃʊn,eʃʊn,eʃʊn
eɪ,eɪʃʊŋ,eɪʃʊŋ,eʃʊŋ,eʃʊŋ
eɪ,eɪʃʊp,eɪʃʊp,eʃʊp,eʃʊp
eɪ,eɪʃʊt,eɪʃʊt,eʃʊt,eʃʊt
eɪ,eɪʃʊk,eɪʃʊk,eʃʊk,eʃʊk
eɪ,eɪʃʊb,eɪʃʊb,eʃʊb,eʃʊb
eɪ,eɪʃʊd,eɪʃʊd,eʃʊd,eʃʊd
eɪ,eɪʃʊg,eɪʃʊg,eʃʊg,eʃʊg
eɪ,eɪʃʊf,eɪʃʊf,eʃʊf,eʃʊf
eɪ,eɪʃʊs,eɪʃʊs,eʃʊs,eʃʊs
eɪ,eɪʃʊv,eɪʃʊv,eʃʊv,eʃʊv
eɪ,eɪʃʊz,eɪʃʊz,eʃʊz,eʃʊz
eɪ,eɪʃʊʃ,eɪʃʊʃ,eʃʊʃ,eʃʊʃ
eɪ,eɪʃʊʒ,eɪʃʊʒ,eʃʊʒ,eʃʊʒ
eɪ,eɪʃʊθ,eɪʃʊθ,eʃʊθ,eʃʊθ
eɪ,eɪʃʊð,eɪʃʊð,eʃʊð,eʃʊð
eɪ,eɪʒʊm,eɪʒʊm,eʒʊm,eʒʊm
eɪ,eɪʒʊn,eɪʒʊn,eʒʊn,eʒʊn
eɪ,eɪʒʊŋ,eɪʒʊŋ,eʒʊŋ,eʒʊŋ
eɪ,eɪʒʊp,eɪʒʊp,eʒʊp,eʒʊp
eɪ,eɪʒʊt,eɪʒʊt,eʒʊt,eʒʊt
eɪ,eɪʒʊk,eɪʒʊk,eʒʊk,eʒʊk
eɪ,eɪʒʊb,eɪʒʊb,eʒʊb,eʒʊb
eɪ,eɪʒʊd,eɪʒʊd,eʒʊd,eʒʊd
eɪ,eɪʒʊg,eɪʒʊg,eʒʊg,eʒʊg
eɪ,eɪʒʊf,eɪʒʊf,eʒʊf,eʒʊf
eɪ,eɪʒʊs,eɪʒʊs,eʒʊs,eʒʊs
eɪ,eɪʒʊv,eɪʒʊv,eʒʊv,eʒʊv
eɪ,eɪʒʊz,eɪʒʊz,eʒʊz,eʒʊz
eɪ,eɪʒʊʃ,eɪʒʊʃ,eʒʊʃ,eʒʊʃ
eɪ,eɪʒʊʒ,eɪʒʊʒ,eʒʊʒ,eʒʊʒ
eɪ,eɪʒʊθ,eɪʒʊθ,eʒʊθ,eʒʊθ
eɪ,eɪʒʊð,eɪʒʊð,eʒʊð,eʒʊð
eɪ,eɪθʊm,eɪθʊm,eθʊm,eθʊm
eɪ,eɪθʊn,eɪθʊn,eθʊn,eθʊn
eɪ,eɪθʊŋ,eɪθʊŋ,eθʊŋ,eθʊŋ
eɪ,eɪθʊp,eɪθʊp,eθʊp,eθʊp
eɪ,eɪθʊt,eɪθʊt,eθʊt,eθʊt
eɪ,eɪθʊk,eɪθʊk,eθʊk,eθʊk
eɪ,eɪθʊb,eɪθʊb,eθʊb,eθʊb
eɪ,eɪθʊd,eɪθʊd,eθʊd,eθʊd
eɪ,eɪθʊg,eɪθʊg,eθʊg,eθʊg
eɪ,eɪθʊf,eɪθʊf,eθʊf,eθʊf
eɪ,eɪθʊs,eɪθʊs,eθʊs,eθʊs
eɪ,eɪθʊv,eɪθʊv,eθʊv,eθʊv
eɪ,eɪθʊz,eɪθʊz,eθʊz,eθʊz
eɪ,eɪθʊʃ,eɪθʊʃ,eθʊʃ,eθʊʃ
eɪ,eɪθʊʒ,eɪθʊʒ,eθʊʒ,eθʊʒ
eɪ,eɪθʊθ,eɪθʊθ,eθʊθ,eθʊθ
eɪ,eɪθʊð,eɪθʊð,eθʊð,eθʊð
eɪ,eɪðʊm,eɪðʊm,eðʊm,eðʊm
eɪ,eɪðʊn,eɪðʊn,eðʊn,eðʊn
eɪ,eɪðʊŋ,eɪðʊŋ,eðʊŋ,eðʊŋ
eɪ,eɪðʊp,eɪðʊp,eðʊp,eðʊp
eɪ,eɪðʊt,eɪðʊt,eðʊt,eðʊt
eɪ,eɪðʊk,eɪðʊk,eðʊk,eðʊk
eɪ,eɪðʊb,eɪðʊb,eðʊb,eðʊb
eɪ,eɪðʊd,eɪðʊd,eðʊd,eðʊd
eɪ,eɪðʊg,eɪðʊg,eðʊg,eðʊg
eɪ,eɪðʊf,eɪðʊf,eðʊf,eðʊf
eɪ,eɪðʊs,eɪðʊs,eðʊs,eðʊs
eɪ,eɪðʊv,eɪðʊv,eðʊv,eðʊv
eɪ,eɪðʊz,eɪðʊz,eðʊz,eðʊz
eɪ,eɪðʊʃ,eɪðʊʃ,eðʊʃ,eðʊʃ
eɪ,eɪðʊʒ,eɪðʊʒ,eðʊʒ,eðʊʒ
eɪ,eɪðʊθ,eɪðʊθ,eðʊθ,eðʊθ
eɪ,eɪðʊð,eɪðʊð,eðʊð,eðʊð
eɪ,eɪhʊm,eɪhʊm,ehʊm,ehʊm
eɪ,eɪhʊn,eɪhʊn,ehʊn,ehʊn
eɪ,eɪhʊŋ,eɪhʊŋ,ehʊŋ,ehʊŋ
eɪ,eɪhʊp,eɪhʊp,ehʊp,ehʊp
eɪ,eɪhʊt,eɪhʊt,ehʊt,ehʊt
eɪ,eɪhʊk,eɪhʊk,ehʊk,ehʊk
eɪ,eɪhʊb,eɪhʊb,ehʊb,ehʊb
eɪ,eɪhʊd,eɪhʊd,ehʊd,ehʊd
eɪ,eɪhʊg,eɪhʊg,ehʊg,ehʊg
eɪ,eɪhʊf,eɪhʊf,ehʊf,ehʊf
eɪ,eɪhʊs,eɪhʊs,ehʊs,ehʊs
eɪ,eɪhʊv,eɪhʊv,ehʊv,ehʊv
eɪ,eɪhʊz,eɪhʊz,ehʊz,ehʊz
eɪ,eɪhʊʃ,eɪhʊʃ,ehʊʃ,ehʊʃ
eɪ,eɪhʊʒ,eɪhʊʒ,ehʊʒ,ehʊʒ
eɪ,eɪhʊθ,eɪhʊθ,ehʊθ,ehʊθ
eɪ,eɪhʊð,eɪhʊð,ehʊð,ehʊð
eɪ,eɪmɔm,eɪmɔm,emɔm,emɔm
eɪ,eɪmɔn,eɪmɔn,emɔn,emɔn
eɪ,eɪmɔŋ,eɪmɔŋ,emɔŋ,emɔŋ
eɪ,eɪmɔp,eɪmɔp,emɔp,emɔp
eɪ,eɪmɔt,eɪmɔt,emɔt,emɔt
eɪ,eɪmɔk,eɪmɔk,emɔk,emɔk
eɪ,eɪmɔb,eɪmɔb,emɔb,emɔb
eɪ,eɪmɔd,eɪmɔd,emɔd,emɔd
eɪ,eɪmɔg,eɪmɔg,emɔg,emɔg
eɪ,eɪmɔf,eɪmɔf,emɔf,emɔf
eɪ,eɪmɔs,eɪmɔs,emɔs,emɔs
eɪ,eɪmɔv,eɪmɔv,emɔv,emɔv
eɪ,eɪmɔz,eɪmɔz,emɔz,emɔz
eɪ,eɪmɔʃ,eɪmɔʃ,emɔʃ,emɔʃ
eɪ,eɪmɔʒ,eɪmɔʒ,emɔʒ,emɔʒ
eɪ,eɪmɔθ,eɪmɔθ,emɔθ,emɔθ
eɪ,eɪmɔð,eɪmɔð,emɔð,emɔð
eɪ,eɪnɔm,eɪnɔm,enɔm,enɔm
eɪ,eɪnɔn,eɪnɔn,enɔn,enɔn
eɪ,eɪnɔŋ,eɪnɔŋ,enɔŋ,enɔŋ
eɪ,eɪnɔp,eɪnɔp,enɔp,enɔp
eɪ,eɪnɔt,eɪnɔt,enɔt,enɔt
eɪ,eɪnɔk,eɪnɔk,enɔk,enɔk
eɪ,eɪnɔb,eɪnɔb,enɔb,enɔb
eɪ,eɪnɔd,eɪnɔd,enɔd,enɔd
eɪ,eɪnɔg,eɪnɔg,enɔg,enɔg
eɪ,eɪnɔf,eɪnɔf,enɔf,enɔf
eɪ,eɪnɔs,eɪnɔs,enɔs,enɔs
eɪ,eɪnɔv,eɪnɔv,enɔv,enɔv
eɪ,eɪnɔz,eɪnɔz,enɔz,enɔz
eɪ,eɪnɔʃ,eɪnɔʃ,enɔʃ,enɔʃ
eɪ,eɪnɔʒ,eɪnɔʒ,enɔʒ,enɔʒ
eɪ,eɪnɔθ,eɪnɔθ,enɔθ,enɔθ
eɪ,eɪnɔð,eɪnɔð,enɔð,enɔð
eɪ,eɪpɔm,eɪpɔm,epɔm,epɔm
eɪ,eɪpɔn,eɪpɔn,epɔn,epɔn
eɪ,eɪpɔŋ,eɪpɔŋ,epɔŋ,epɔŋ
eɪ,eɪpɔp,eɪpɔp,epɔp,epɔp
eɪ,eɪpɔt,eɪpɔt,epɔt,epɔt
eɪ,eɪpɔk,eɪpɔk,epɔk,epɔk
eɪ,eɪpɔb,eɪpɔb,epɔb,epɔb
eɪ,eɪpɔd,eɪpɔd,epɔd,epɔd
eɪ,eɪpɔg,eɪpɔg,epɔg,epɔg
eɪ,eɪpɔf,eɪpɔf,epɔf,epɔf
eɪ,eɪpɔs,eɪpɔs,epɔs,epɔs
eɪ,eɪpɔv,eɪpɔv,epɔv,epɔv
eɪ,eɪpɔz,eɪpɔz,epɔz,epɔz
eɪ,eɪpɔʃ,eɪpɔʃ,epɔʃ,epɔʃ
eɪ,eɪpɔʒ,eɪpɔʒ,epɔʒ,epɔʒ
eɪ,eɪpɔθ,eɪpɔθ,epɔθ,epɔθ
eɪ,eɪpɔð,eɪpɔð,epɔð,epɔð
eɪ,eɪtɔm,eɪtɔm,etɔm,etɔm
eɪ,eɪtɔn,eɪtɔn,etɔn,etɔn
eɪ,eɪtɔŋ,eɪtɔŋ,etɔŋ,etɔŋ
eɪ,eɪtɔp,eɪtɔp,etɔp,etɔp
eɪ,eɪtɔt,eɪtɔt,etɔt,etɔt
eɪ,eɪtɔk,eɪtɔk,etɔk,etɔk
eɪ,eɪtɔb,eɪtɔb,etɔb,etɔb
eɪ,eɪtɔd,eɪtɔd,etɔd,etɔd
eɪ,eɪtɔg,eɪtɔg,etɔg,etɔg
eɪ,eɪtɔf,eɪtɔf,etɔf,etɔf
eɪ,eɪtɔs,eɪtɔs,etɔs,etɔs
eɪ,eɪtɔv,eɪtɔv,etɔv,etɔv
eɪ,eɪtɔz,eɪtɔz,etɔz,etɔz
eɪ,eɪtɔʃ,eɪtɔʃ,etɔʃ,etɔʃ
eɪ,eɪtɔʒ,eɪtɔʒ,etɔʒ,etɔʒ
eɪ,eɪtɔθ,eɪtɔθ,etɔθ,etɔθ
eɪ,eɪtɔð,eɪtɔð,etɔð,etɔð
eɪ,eɪkɔm,eɪkɔm,ekɔm,ekɔm
eɪ,eɪkɔn,eɪkɔn,ekɔn,ekɔn
eɪ,eɪkɔŋ,eɪkɔŋ,ekɔŋ,ekɔŋ
eɪ,eɪkɔp,eɪkɔp,ekɔp,ekɔp
eɪ,eɪkɔt,eɪkɔt,ekɔt,ekɔt
eɪ,eɪkɔk,eɪkɔk,ekɔk,ekɔk
eɪ,eɪkɔb,eɪkɔb,ekɔb,ekɔb
eɪ,eɪkɔd,eɪkɔd,ekɔd,ekɔd
eɪ,eɪkɔg,eɪkɔg,ekɔg,ekɔg
eɪ,eɪkɔf,eɪkɔf,ekɔf,ekɔf
eɪ,eɪkɔs,eɪkɔs,ekɔs,ekɔs
eɪ,eɪkɔv,eɪkɔv,ekɔv,ekɔv
eɪ,eɪkɔz,eɪkɔz,ekɔz,ekɔz
eɪ,eɪkɔʃ,eɪkɔʃ,ekɔʃ,ekɔʃ
eɪ,eɪkɔʒ,eɪkɔʒ,ekɔʒ,ekɔʒ
eɪ,eɪkɔθ,eɪkɔθ,ekɔθ,ekɔθ
eɪ,eɪkɔð,eɪkɔð,ekɔð,ekɔð
eɪ,eɪbɔm,eɪbɔm,ebɔm,ebɔm
eɪ,eɪbɔn,eɪbɔn,ebɔn,ebɔn
eɪ,eɪbɔŋ,eɪbɔŋ,ebɔŋ,ebɔŋ
eɪ,eɪbɔp,eɪbɔp,ebɔp,ebɔp
eɪ,eɪbɔt,eɪbɔt,ebɔt,ebɔt
eɪ,eɪbɔk,eɪbɔk,ebɔk,ebɔk
eɪ,eɪbɔb,eɪbɔb,ebɔb,ebɔb
eɪ,eɪbɔd,eɪbɔd,ebɔd,ebɔd
eɪ,eɪbɔg,eɪbɔg,ebɔg,ebɔg
eɪ,eɪbɔf,eɪbɔf,ebɔf,ebɔf
eɪ,eɪbɔs,eɪbɔs,ebɔs,ebɔs
eɪ,eɪbɔv,eɪbɔv,ebɔv,ebɔv
eɪ,eɪbɔz,eɪbɔz,ebɔz,ebɔz
eɪ,eɪbɔʃ,eɪbɔʃ,ebɔʃ,ebɔʃ
eɪ,eɪbɔʒ,eɪbɔʒ,ebɔʒ,ebɔʒ
eɪ,eɪbɔθ,eɪbɔθ,ebɔθ,ebɔθ
eɪ,eɪbɔð,eɪbɔð,ebɔð,ebɔð
eɪ,eɪdɔm,eɪdɔm,edɔm,edɔm
eɪ,eɪdɔn,eɪdɔn,edɔn,edɔn
eɪ,eɪdɔŋ,eɪdɔŋ,edɔŋ,edɔŋ
eɪ,eɪdɔp,eɪdɔp,edɔp,edɔp
eɪ,eɪdɔt,eɪdɔt,edɔt,edɔt
eɪ,eɪdɔk,eɪdɔk,edɔk,edɔk
eɪ,eɪdɔb,eɪdɔb,edɔb,edɔb
eɪ,eɪdɔd,eɪdɔd,edɔd,edɔd
eɪ,eɪdɔg,eɪdɔg,edɔg,edɔg
eɪ,eɪdɔf,eɪdɔf,edɔf,edɔf
eɪ,eɪdɔs,eɪdɔs,edɔs,edɔs
eɪ,eɪdɔv,eɪdɔv,edɔv,edɔv
eɪ,eɪdɔz,eɪdɔz,edɔz,edɔz
eɪ,eɪdɔʃ,eɪdɔʃ,edɔʃ,edɔʃ
eɪ,eɪdɔʒ,eɪdɔʒ,edɔʒ,edɔʒ
eɪ,eɪdɔθ,eɪdɔθ,edɔθ,edɔθ
eɪ,eɪdɔð,eɪdɔð,edɔð,edɔð
eɪ,eɪgɔm,eɪgɔm,egɔm,egɔm
eɪ,eɪgɔn,eɪgɔn,egɔn,egɔn
eɪ,eɪgɔŋ,eɪgɔŋ,egɔŋ,egɔŋ
eɪ,eɪgɔp,eɪgɔp,egɔp,egɔp
eɪ,eɪgɔt,eɪgɔt,egɔt,egɔt
eɪ,eɪgɔk,eɪgɔk,egɔk,egɔk
eɪ,eɪgɔb,eɪgɔb,egɔb,egɔb
eɪ,eɪgɔd,eɪgɔd,egɔd,egɔd
eɪ,eɪgɔg,eɪgɔg,egɔg,egɔg
eɪ,eɪgɔf,eɪgɔf,egɔf,egɔf
eɪ,eɪgɔs,eɪgɔs,egɔs,egɔs
eɪ,eɪgɔv,eɪgɔv,egɔv,egɔv
eɪ,eɪgɔz,eɪgɔz,egɔz,egɔz
eɪ,eɪgɔʃ,eɪgɔʃ,egɔʃ,egɔʃ
eɪ,eɪgɔʒ,eɪgɔʒ,egɔʒ,egɔʒ
eɪ,eɪgɔθ,eɪgɔθ,egɔθ,egɔθ
eɪ,eɪgɔð,eɪgɔð,egɔð,egɔð
eɪ,eɪfɔm,eɪfɔm,efɔm,efɔm
eɪ,eɪfɔn,eɪfɔn,efɔn,efɔn
eɪ,eɪfɔŋ,eɪfɔŋ,efɔŋ,efɔŋ
eɪ,eɪfɔp,eɪfɔp,efɔp,efɔp
eɪ,eɪfɔt,eɪfɔt,efɔt,efɔt
eɪ,eɪfɔk,eɪfɔk,efɔk,efɔk
eɪ,eɪfɔb,eɪfɔb,efɔb,efɔb
eɪ,eɪfɔd,eɪfɔd,efɔd,efɔd
eɪ,eɪfɔg,eɪfɔg,efɔg,efɔg
eɪ,eɪfɔf,eɪfɔf,efɔf,efɔf
eɪ,eɪfɔs,eɪfɔs,efɔs,efɔs
eɪ,eɪfɔv,eɪfɔv,efɔv,efɔv
eɪ,eɪfɔz,eɪfɔz,efɔz,efɔz
eɪ,eɪfɔʃ,eɪfɔʃ,efɔʃ,efɔʃ
eɪ,eɪfɔʒ,eɪfɔʒ,efɔʒ,efɔʒ
eɪ,eɪfɔθ,eɪfɔθ,efɔθ,efɔθ
eɪ,eɪfɔð,eɪfɔð,efɔð,efɔð
eɪ,eɪsɔm,eɪsɔm,esɔm,esɔm
eɪ,eɪsɔn,eɪsɔn,esɔn,esɔn
eɪ,eɪsɔŋ,eɪsɔŋ,esɔŋ,esɔŋ
eɪ,eɪsɔp,eɪsɔp,esɔp,esɔp
eɪ,eɪsɔt,eɪsɔt,esɔt,esɔt
eɪ,eɪsɔk,eɪsɔk,esɔk,esɔk
eɪ,eɪsɔb,eɪsɔb,esɔb,esɔb
eɪ,eɪsɔd,eɪsɔd,esɔd,esɔd
eɪ,eɪsɔg,eɪsɔg,esɔg,esɔg
eɪ,eɪsɔf,eɪsɔf,esɔf,esɔf
eɪ,eɪsɔs,eɪsɔs,esɔs,esɔs
eɪ,eɪsɔv,eɪsɔv,esɔv,esɔv
eɪ,eɪsɔz,eɪsɔz,esɔz,esɔz
eɪ,eɪsɔʃ,eɪsɔʃ,esɔʃ,esɔʃ
eɪ,eɪsɔʒ,eɪsɔʒ,esɔʒ,esɔʒ
eɪ,eɪsɔθ,eɪsɔθ,esɔθ,esɔθ
eɪ,eɪsɔð,eɪsɔð,esɔð,esɔð
eɪ,eɪvɔm,eɪvɔm,evɔm,evɔm
eɪ,eɪvɔn,eɪvɔn,evɔn,evɔn
eɪ,eɪvɔŋ,eɪvɔŋ,evɔŋ,evɔŋ
eɪ,eɪvɔp,eɪvɔp,evɔp,evɔp
eɪ,eɪvɔt,eɪvɔt,evɔt,evɔt
eɪ,eɪvɔk,eɪvɔk,evɔk,evɔk
eɪ,eɪvɔb,eɪvɔb,evɔb,evɔb
eɪ,eɪvɔd,eɪvɔd,evɔd,evɔd
eɪ,eɪvɔg,eɪvɔg,evɔg,evɔg
eɪ,eɪvɔf,eɪvɔf,evɔf,evɔf
eɪ,eɪvɔs,eɪvɔs,evɔs,evɔs
eɪ,eɪvɔv,eɪvɔv,evɔv,evɔv
eɪ,eɪvɔz,eɪvɔz,evɔz,evɔz
eɪ,eɪvɔʃ,eɪvɔʃ,evɔʃ,evɔʃ
eɪ,eɪvɔʒ,eɪvɔʒ,evɔʒ,evɔʒ
eɪ,eɪvɔθ,eɪvɔθ,evɔθ,evɔθ
eɪ,eɪvɔð,eɪvɔð,evɔð,evɔð
eɪ,eɪzɔm,eɪzɔm,ezɔm,ezɔm
eɪ,eɪzɔn,eɪzɔn,ezɔn,ezɔn
eɪ,eɪzɔŋ,eɪzɔŋ,ezɔŋ,ezɔŋ
eɪ,eɪzɔp,eɪzɔp,ezɔp,ezɔp
eɪ,eɪzɔt,eɪzɔt,ezɔt,ezɔt
eɪ,eɪzɔk,eɪzɔk,ezɔk,ezɔk
eɪ,eɪzɔb,eɪzɔb,ezɔb,ezɔb
eɪ,eɪzɔd,eɪzɔd,ezɔd,ezɔd
eɪ,eɪzɔg,eɪzɔg,ezɔg,ezɔg
eɪ,eɪzɔf,eɪzɔf,ezɔf,ezɔf
eɪ,eɪzɔs,eɪzɔs,ezɔs,ezɔs
eɪ,eɪzɔv,eɪzɔv,ezɔv,ezɔv
eɪ,eɪzɔz,eɪzɔz,ezɔz,ezɔz
eɪ,eɪzɔʃ,eɪzɔʃ,ezɔʃ,ezɔʃ
eɪ,eɪzɔʒ,eɪzɔʒ,ezɔʒ,ezɔʒ
eɪ,eɪzɔθ,eɪzɔθ,ezɔθ,ezɔθ
eɪ,eɪzɔð,eɪzɔð,ezɔð,ezɔð
eɪ,eɪʃɔm,eɪʃɔm,eʃɔm,eʃɔm
eɪ,eɪʃɔn,eɪʃɔn,eʃɔn,eʃɔn
eɪ,eɪʃɔŋ,eɪʃɔŋ,eʃɔŋ,eʃɔŋ
eɪ,eɪʃɔp,eɪʃɔp,eʃɔp,eʃɔp
eɪ,eɪʃɔt,eɪʃɔt,eʃɔt,eʃɔt
eɪ,eɪʃɔk,eɪʃɔk,eʃɔk,eʃɔk
eɪ,eɪʃɔb,eɪʃɔb,eʃɔb,eʃɔb
eɪ,eɪʃɔd,eɪʃɔd,eʃɔd,eʃɔd
eɪ,eɪʃɔg,eɪʃɔg,eʃɔg,eʃɔg
eɪ,eɪʃɔf,eɪʃɔf,eʃɔf,eʃɔf
eɪ,eɪʃɔs,eɪʃɔs,eʃɔs,eʃɔs
eɪ,eɪʃɔv,eɪʃɔv,eʃɔv,eʃɔv
eɪ,eɪʃɔz,eɪʃɔz,eʃɔz,eʃɔz
eɪ,eɪʃɔʃ,eɪʃɔʃ,eʃɔʃ,eʃɔʃ
eɪ,eɪʃɔʒ,eɪʃɔʒ,eʃɔʒ,eʃɔʒ
eɪ,eɪʃɔθ,eɪʃɔθ,eʃɔθ,eʃɔθ
eɪ,eɪʃɔð,eɪʃɔð,eʃɔð,eʃɔð
eɪ,eɪʒɔm,eɪʒɔm,eʒɔm,eʒɔm
eɪ,eɪʒɔn,eɪʒɔn,eʒɔn,eʒɔn
eɪ,eɪʒɔŋ,eɪʒɔŋ,eʒɔŋ,eʒɔŋ
eɪ,eɪʒɔp,eɪʒɔp,eʒɔp,eʒɔp
eɪ,eɪʒɔt,eɪʒɔt,eʒɔt,eʒɔt
eɪ,eɪʒɔk,eɪʒɔk,eʒɔk,eʒɔk
eɪ,eɪʒɔb,eɪʒɔb,eʒɔb,eʒɔb
eɪ,eɪʒɔd,eɪʒɔd,eʒɔd,eʒɔd
eɪ,eɪʒɔg,eɪʒɔg,eʒɔg,eʒɔg
eɪ,eɪʒɔf,eɪʒɔf,eʒɔf,eʒɔf
eɪ,eɪʒɔs,eɪʒɔs,eʒɔs,eʒɔs
eɪ,eɪʒɔv,eɪʒɔv,eʒɔv,eʒɔv
eɪ,eɪʒɔz,eɪʒɔz,eʒɔz,eʒɔz
eɪ,eɪʒɔʃ,eɪʒɔʃ,eʒɔʃ,eʒɔʃ
eɪ,eɪʒɔʒ,eɪʒɔʒ,eʒɔʒ,eʒɔʒ
eɪ,eɪʒɔθ,eɪʒɔθ,eʒɔθ,eʒɔθ
eɪ,eɪʒɔð,eɪʒɔð,eʒɔð,eʒɔð
eɪ,eɪθɔm,eɪθɔm,eθɔm,eθɔm
eɪ,eɪθɔn,eɪθɔn,eθɔn,eθɔn
eɪ,eɪθɔŋ,eɪθɔŋ,eθɔŋ,eθɔŋ
eɪ,eɪθɔp,eɪθɔp,eθɔp,eθɔp
eɪ,eɪθɔt,eɪθɔt,eθɔt,eθɔt
eɪ,eɪθɔk,eɪθɔk,eθɔk,eθɔk
eɪ,eɪθɔb,eɪθɔb,eθɔb,eθɔb
eɪ,eɪθɔd,eɪθɔd,eθɔd,eθɔd
eɪ,eɪθɔg,eɪθɔg,eθɔg,eθɔg
eɪ,eɪθɔf,eɪθɔf,eθɔf,eθɔf
eɪ,eɪθɔs,eɪθɔs,eθɔs,eθɔs
eɪ,eɪθɔv,eɪθɔv,eθɔv,eθɔv
eɪ,eɪθɔz,eɪθɔz,eθɔz,eθɔz
eɪ,eɪθɔʃ,eɪθɔʃ,eθɔʃ,eθɔʃ
eɪ,eɪθɔʒ,eɪθɔʒ,eθɔʒ,eθɔʒ
eɪ,eɪθɔθ,eɪθɔθ,eθɔθ,eθɔθ
eɪ,eɪθɔð,eɪθɔð,eθɔð,eθɔð
eɪ,eɪðɔm,eɪðɔm,eðɔm,eðɔm
eɪ,eɪðɔn,eɪðɔn,eðɔn,eðɔn
eɪ,eɪðɔŋ,eɪðɔŋ,eðɔŋ,eðɔŋ
eɪ,eɪðɔp,eɪðɔp,eðɔp,eðɔp
eɪ,eɪðɔt,eɪðɔt,eðɔt,eðɔt
eɪ,eɪðɔk,eɪðɔk,eðɔk,eðɔk
eɪ,eɪðɔb,eɪðɔb,eðɔb,eðɔb
eɪ,eɪðɔd,eɪðɔd,eðɔd,eðɔd
eɪ,eɪðɔg,eɪðɔg,eðɔg,eðɔg
eɪ,eɪðɔf,eɪðɔf,eðɔf,eðɔf
eɪ,eɪðɔs,eɪðɔs,eðɔs,eðɔs
eɪ,eɪðɔv,eɪðɔv,eðɔv,eðɔv
eɪ,eɪðɔz,eɪðɔz,eðɔz,eðɔz
eɪ,eɪðɔʃ,eɪðɔʃ,eðɔʃ,eðɔʃ
eɪ,eɪðɔʒ,eɪðɔʒ,eðɔʒ,eðɔʒ
eɪ,eɪðɔθ,eɪðɔθ,eðɔθ,eðɔθ
eɪ,eɪðɔð,eɪðɔð,eðɔð,eðɔð
eɪ,eɪhɔm,eɪhɔm,ehɔm,ehɔm
eɪ,eɪhɔn,eɪhɔn,ehɔn,ehɔn
eɪ,eɪhɔŋ,eɪhɔŋ,ehɔŋ,ehɔŋ
eɪ,eɪhɔp,eɪhɔp,ehɔp,ehɔp
eɪ,eɪhɔt,eɪhɔt,ehɔt,ehɔt
eɪ,eɪhɔk,eɪhɔk,ehɔk,ehɔk
eɪ,eɪhɔb,eɪhɔb,ehɔb,ehɔb
eɪ,eɪhɔd,eɪhɔd,ehɔd,ehɔd
eɪ,eɪhɔg,eɪhɔg,ehɔg,ehɔg
eɪ,eɪhɔf,eɪhɔf,ehɔf,ehɔf
eɪ,eɪhɔs,eɪhɔs,ehɔs,ehɔs
eɪ,eɪhɔv,eɪhɔv,ehɔv,ehɔv
eɪ,eɪhɔz,eɪhɔz,ehɔz,ehɔz
eɪ,eɪhɔʃ,eɪhɔʃ,ehɔʃ,ehɔʃ
eɪ,eɪhɔʒ,eɪhɔʒ,ehɔʒ,ehɔʒ
eɪ,eɪhɔθ,eɪhɔθ,ehɔθ,ehɔθ
eɪ,eɪhɔð,eɪhɔð,ehɔð,ehɔð
u,umɪm,umɪm,umɪm,umɪm
u,umɪn,umɪn,umɪn,umɪn
u,umɪŋ,umɪŋ,umɪŋ,umɪŋ
u,umɪp,umɪp,umɪp,umɪp
u,umɪt,umɪt,umɪt,umɪt
u,umɪk,umɪk,umɪk,umɪk
u,umɪb,umɪb,umɪb,umɪb
u,umɪd,umɪd,umɪd,umɪd
u,umɪg,umɪg,umɪg,umɪg
u,umɪf,umɪf,umɪf,umɪf
u,umɪs,umɪs,umɪs,umɪs
u,umɪv,umɪv,umɪv,umɪv
u,umɪz,umɪz,umɪz,umɪz
u,umɪʃ,umɪʃ,umɪʃ,umɪʃ
u,umɪʒ,umɪʒ,umɪʒ,umɪʒ
u,umɪθ,umɪθ,umɪθ,umɪθ
u,umɪð,umɪð,umɪð,umɪð
u,unɪm,unɪm,unɪm,unɪm
u,unɪn,unɪn,unɪn,unɪn
u,unɪŋ,unɪŋ,unɪŋ,unɪŋ
u,unɪp,unɪp,unɪp,unɪp
u,unɪt,unɪt,unɪt,unɪt
u,unɪk,unɪk,unɪk,unɪk
u,unɪb,unɪb,unɪb,unɪb
u,unɪd,unɪd,unɪd,unɪd
u,unɪg,unɪg,unɪg,unɪg
u,unɪf,unɪf,unɪf,unɪf
u,unɪs,unɪs,unɪs,unɪs
u,unɪv,unɪv,unɪv,unɪv
u,unɪz,unɪz,unɪz,unɪz
u,unɪʃ,unɪʃ,unɪʃ,unɪʃ
u,unɪʒ,unɪʒ,unɪʒ,unɪʒ
u,unɪθ,unɪθ,unɪθ,unɪθ
u,unɪð,unɪð,unɪð,unɪð
u,upɪm,upɪm,upɪm,upɪm
u,upɪn,upɪn,upɪn,upɪn
u,upɪŋ,upɪŋ,upɪŋ,upɪŋ
u,upɪp,upɪp,upɪp,upɪp
u,upɪt,upɪt,upɪt,upɪt
u,upɪk,upɪk,upɪk,upɪk
u,upɪb,upɪb,upɪb,upɪb
u,upɪd,upɪd,upɪd,upɪd
u,upɪg,upɪg,upɪg,upɪg
u,upɪf,upɪf,upɪf,upɪf
u,upɪs,upɪs,upɪs,upɪs
u,upɪv,upɪv,upɪv,upɪv
u,upɪz,upɪz,upɪz,upɪz
u,upɪʃ,upɪʃ,upɪʃ,upɪʃ
u,upɪʒ,upɪʒ,upɪʒ,upɪʒ
u,upɪθ,upɪθ,upɪθ,upɪθ
u,upɪð,upɪð,upɪð,upɪð
u,utɪm,utɪm,utɪm,utɪm
u,utɪn,utɪn,utɪn,utɪn
u,utɪŋ,utɪŋ,utɪŋ,utɪŋ
u,utɪp,utɪp,utɪp,utɪp
u,utɪt,utɪt,utɪt,utɪt
u,utɪk,utɪk,utɪk,utɪk
u,utɪb,utɪb,utɪb,utɪb
u,utɪd,utɪd,utɪd,utɪd
u,utɪg,utɪg,utɪg,utɪg
u,utɪf,utɪf,utɪf,utɪf
u,utɪs,utɪs,utɪs,utɪs
u,utɪv,utɪv,utɪv,utɪv
u,utɪz,utɪz,utɪz,utɪz
u,utɪʃ,utɪʃ,utɪʃ,utɪʃ
u,utɪʒ,utɪʒ,utɪʒ,utɪʒ
u,utɪθ,utɪθ,utɪθ,utɪθ
u,utɪð,utɪð,utɪð,utɪð
u,ukɪm,ukɪm,ukɪm,ukɪm
u,ukɪn,ukɪn,ukɪn,ukɪn
u,ukɪŋ,ukɪŋ,ukɪŋ,ukɪŋ
u,ukɪp,ukɪp,ukɪp,ukɪp
u,ukɪt,ukɪt,ukɪt,ukɪt
u,ukɪk,ukɪk,ukɪk,ukɪk
u,ukɪb,ukɪb,ukɪb,ukɪb
u,ukɪd,ukɪd,ukɪd,ukɪd
u,ukɪg,ukɪg,ukɪg,ukɪg
u,ukɪf,ukɪf,ukɪf,ukɪf
u,ukɪs,ukɪs,ukɪs,ukɪs
u,ukɪv,ukɪv,ukɪv,ukɪv
u,ukɪz,ukɪz,ukɪz,ukɪz
u,ukɪʃ,ukɪʃ,ukɪʃ,ukɪʃ
u,ukɪʒ,ukɪʒ,ukɪʒ,ukɪʒ
u,ukɪθ,ukɪθ,ukɪθ,ukɪθ
u,ukɪð,ukɪð,ukɪð,ukɪð
u,ubɪm,ubɪm,ubɪm,ubɪm
u,ubɪn,ubɪn,ubɪn,ubɪn
u,ubɪŋ,ubɪŋ,ubɪŋ,ubɪŋ
u,ubɪp,ubɪp,ubɪp,ubɪp
u,ubɪt,ubɪt,ubɪt,ubɪt
u,ubɪk,ubɪk,ubɪk,ubɪk
u,ubɪb,ubɪb,ubɪb,ubɪb
u,ubɪd,ubɪd,ubɪd,ubɪd
u,ubɪg,ubɪg,ubɪg,ubɪg
u,ubɪf,ubɪf,ubɪf,ubɪf
u,ubɪs,ubɪs,ubɪs,ubɪs
u,ubɪv,ubɪv,ubɪv,ubɪv
u,ubɪz,ubɪz,ubɪz,ubɪz
u,ubɪʃ,ubɪʃ,ubɪʃ,ubɪʃ
u,ubɪʒ,ubɪʒ,ubɪʒ,ubɪʒ
u,ubɪθ,ubɪθ,ubɪθ,ubɪθ
u,ubɪð,ubɪð,ubɪð,ubɪð
u,udɪm,udɪm,udɪm,udɪm
u,udɪn,udɪn,udɪn,udɪn
u,udɪŋ,udɪŋ,udɪŋ,udɪŋ
u,udɪp,udɪp,udɪp,udɪp
u,udɪt,udɪt,udɪt,udɪt
u,udɪk,udɪk,udɪk,udɪk
u,udɪb,udɪb,udɪb,udɪb
u,udɪd,udɪd,udɪd,udɪd
u,udɪg,udɪg,udɪg,udɪg
u,udɪf,udɪf,udɪf,udɪf
u,udɪs,udɪs,udɪs,udɪs
u,udɪv,udɪv,udɪv,udɪv
u,udɪz,udɪz,udɪz,udɪz
u,udɪʃ,udɪʃ,udɪʃ,udɪʃ
u,udɪʒ,udɪʒ,udɪʒ,udɪʒ
u,udɪθ,udɪθ,udɪθ,udɪθ
u,udɪð,udɪð,udɪð,udɪð
u,ugɪm,ugɪm,ugɪm,ugɪm
u,ugɪn,ugɪn,ugɪn,ugɪn
u,ugɪŋ,ugɪŋ,ugɪŋ,ugɪŋ
u,ugɪp,ugɪp,ugɪp,ugɪp
u,ugɪt,ugɪt,ugɪt,ugɪt
u,ugɪk,ugɪk,ugɪk,ugɪk
u,ugɪb,ugɪb,ugɪb,ugɪb
u,ugɪd,ugɪd,ugɪd,ugɪd
u,ugɪg,ugɪg,ugɪg,ugɪg
u,ugɪf,ugɪf,ugɪf,ugɪf
u,ugɪs,ugɪs,ugɪs,ugɪs
u,ugɪv,ugɪv,ugɪv,ugɪv
u,ugɪz,ugɪz,ugɪz,ugɪz
u,ugɪʃ,ugɪʃ,ugɪʃ,ugɪʃ
u,ugɪʒ,ugɪʒ,ugɪʒ,ugɪʒ
u,ugɪθ,ugɪθ,ugɪθ,ugɪθ
u,ugɪð,ugɪð,ugɪð,ugɪð
u,ufɪm,ufɪm,ufɪm,ufɪm
u,ufɪn,ufɪn,ufɪn,ufɪn
u,ufɪŋ,ufɪŋ,ufɪŋ,ufɪŋ
u,ufɪp,ufɪp,ufɪp,ufɪp
u,ufɪt,ufɪt,ufɪt,ufɪt
u,ufɪk,ufɪk,ufɪk,ufɪk
u,ufɪb,ufɪb,ufɪb,ufɪb
u,ufɪd,ufɪd,ufɪd,ufɪd
u,ufɪg,ufɪg,ufɪg,ufɪg
u,ufɪf,ufɪf,ufɪf,ufɪf
u,ufɪs,ufɪs,ufɪs,ufɪs
u,ufɪv,ufɪv,ufɪv,ufɪv
u,ufɪz,ufɪz,ufɪz,ufɪz
u,ufɪʃ,ufɪʃ,ufɪʃ,ufɪʃ
u,ufɪʒ,ufɪʒ,ufɪʒ,ufɪʒ
u,ufɪθ,ufɪθ,ufɪθ,ufɪθ
u,ufɪð,ufɪð,ufɪð,ufɪð
u,usɪm,usɪm,usɪm,usɪm
u,usɪn,usɪn,usɪn,usɪn
u,usɪŋ,usɪŋ,usɪŋ,usɪŋ
u,usɪp,usɪp,usɪp,usɪp
u,usɪt,usɪt,usɪt,usɪt
u,usɪk,usɪk,usɪk,usɪk
u,usɪb,usɪb,usɪb,usɪb
u,usɪd,usɪd,usɪd,usɪd
u,usɪg,usɪg,usɪg,usɪg
u,usɪf,usɪf,usɪf,usɪf
u,usɪs,usɪs,usɪs,usɪs
u,usɪv,usɪv,usɪv,usɪv
u,usɪz,usɪz,usɪz,usɪz
u,usɪʃ,usɪʃ,usɪʃ,usɪʃ
u,usɪʒ,usɪʒ,usɪʒ,usɪʒ
u,usɪθ,usɪθ,usɪθ,usɪθ
u,usɪð,usɪð,usɪð,usɪð
u,uvɪm,uvɪm,uvɪm,uvɪm
u,uvɪn,uvɪn,uvɪn,uvɪn
u,uvɪŋ,uvɪŋ,uvɪŋ,uvɪŋ
u,uvɪp,uvɪp,uvɪp,uvɪp
u,uvɪt,uvɪt,uvɪt,uvɪt
u,uvɪk,uvɪk,uvɪk,uvɪk
u,uvɪb,uvɪb,uvɪb,uvɪb
u,uvɪd,uvɪd,uvɪd,uvɪd
u,uvɪg,uvɪg,uvɪg,uvɪg
u,uvɪf,uvɪf,uvɪf,uvɪf
u,uvɪs,uvɪs,uvɪs,uvɪs
u,uvɪv,uvɪv,uvɪv,uvɪv
u,uvɪz,uvɪz,uvɪz,uvɪz
u,uvɪʃ,uvɪʃ,uvɪʃ,uvɪʃ
u,uvɪʒ,uvɪʒ,uvɪʒ,uvɪʒ
u,uvɪθ,uvɪθ,uvɪθ,uvɪθ
u,uvɪð,uvɪð,uvɪð,uvɪð
u,uzɪm,uzɪm,uzɪm,uzɪm
u,uzɪn,uzɪn,uzɪn,uzɪn
u,uzɪŋ,uzɪŋ,uzɪŋ,uzɪŋ
u,uzɪp,uzɪp,uzɪp,uzɪp
u,uzɪt,uzɪt,uzɪt,uzɪt
u,uzɪk,uzɪk,uzɪk,uzɪk
u,uzɪb,uzɪb,uzɪb,uzɪb
u,uzɪd,uzɪd,uzɪd,uzɪd
u,uzɪg,uzɪg,uzɪg,uzɪg
u,uzɪf,uzɪf,uzɪf,uzɪf
u,uzɪs,uzɪs,uzɪs,uzɪs
u,uzɪv,uzɪv,uzɪv,uzɪv
u,uzɪz,uzɪz,uzɪz,uzɪz
u,uzɪʃ,uzɪʃ,uzɪʃ,uzɪʃ
u,uzɪʒ,uzɪʒ,uzɪʒ,uzɪʒ
u,uzɪθ,uzɪθ,uzɪθ,uzɪθ
u,uzɪð,uzɪð,uzɪð,uzɪð
u,uʃɪm,uʃɪm,uʃɪm,uʃɪm
u,uʃɪn,uʃɪn,uʃɪn,uʃɪn
u,uʃɪŋ,uʃɪŋ,uʃɪŋ,uʃɪŋ
u,uʃɪp,uʃɪp,uʃɪp,uʃɪp
u,uʃɪt,uʃɪt,uʃɪt,uʃɪt
u,uʃɪk,uʃɪk,uʃɪk,uʃɪk
u,uʃɪb,uʃɪb,uʃɪb,uʃɪb
u,uʃɪd,uʃɪd,uʃɪd,uʃɪd
u,uʃɪg,uʃɪg,uʃɪg,uʃɪg
u,uʃɪf,uʃɪf,uʃɪf,uʃɪf
u,uʃɪs,uʃɪs,uʃɪs,uʃɪs
u,uʃɪv,uʃɪv,uʃɪv,uʃɪv
u,uʃɪz,uʃɪz,uʃɪz,uʃɪz
u,uʃɪʃ,uʃɪʃ,uʃɪʃ,uʃɪʃ
u,uʃɪʒ,uʃɪʒ,uʃɪʒ,uʃɪʒ
u,uʃɪθ,uʃɪθ,uʃɪθ,uʃɪθ
u,uʃɪð,uʃɪð,uʃɪð,uʃɪð
u,uʒɪm,uʒɪm,uʒɪm,uʒɪm
u,uʒɪn,uʒɪn,uʒɪn,uʒɪn
u,uʒɪŋ,uʒɪŋ,uʒɪŋ,uʒɪŋ
u,uʒɪp,uʒɪp,uʒɪp,uʒɪp
u,uʒɪt,uʒɪt,uʒɪt,uʒɪt
u,uʒɪk,uʒɪk,uʒɪk,uʒɪk
u,uʒɪb,uʒɪb,uʒɪb,uʒɪb
u,uʒɪd,uʒɪd,uʒɪd,uʒɪd
u,uʒɪg,uʒɪg,uʒɪg,uʒɪg
u,uʒɪf,uʒɪf,uʒɪf,uʒɪf
u,uʒɪs,uʒɪs,uʒɪs,uʒɪs
u,uʒɪv,uʒɪv,uʒɪv,uʒɪv
u,uʒɪz,uʒɪz,uʒɪz,uʒɪz
u,uʒɪʃ,uʒɪʃ,uʒɪʃ,uʒɪʃ
u,uʒɪʒ,uʒɪʒ,uʒɪʒ,uʒɪʒ
u,uʒɪθ,uʒɪθ,uʒɪθ,uʒɪθ
u,uʒɪð,uʒɪð,uʒɪð,uʒɪð
u,uθɪm,uθɪm,uθɪm,uθɪm
u,uθɪn,uθɪn,uθɪn,uθɪn
u,uθɪŋ,uθɪŋ,uθɪŋ,uθɪŋ
u,uθɪp,uθɪp,uθɪp,uθɪp
u,uθɪt,uθɪt,uθɪt,uθɪt
u,uθɪk,uθɪk,uθɪk,uθɪk
u,uθɪb,uθɪb,uθɪb,uθɪb
u,uθɪd,uθɪd,uθɪd,uθɪd
u,uθɪg,uθɪg,uθɪg,uθɪg
u,uθɪf,uθɪf,uθɪf,uθɪf
u,uθɪs,uθɪs,uθɪs,uθɪs
u,uθɪv,uθɪv,uθɪv,uθɪv
u,uθɪz,uθɪz,uθɪz,uθɪz
u,uθɪʃ,uθɪʃ,uθɪʃ,uθɪʃ
u,uθɪʒ,uθɪʒ,uθɪʒ,uθɪʒ
u,uθɪθ,uθɪθ,uθɪθ,uθɪθ
u,uθɪð,uθɪð,uθɪð,uθɪð
u,uðɪm,uðɪm,uðɪm,uðɪm
u,uðɪn,uðɪn,uðɪn,uðɪn
u,uðɪŋ,uðɪŋ,uðɪŋ,uðɪŋ
u,uðɪp,uðɪp,uðɪp,uðɪp
u,uðɪt,uðɪt,uðɪt,uðɪt
u,uðɪk,uðɪk,uðɪk,uðɪk
u,uðɪb,uðɪb,uðɪb,uðɪb
u,uðɪd,uðɪd,uðɪd,uðɪd
u,uðɪg,uðɪg,uðɪg,uðɪg
u,uðɪf,uðɪf,uðɪf,uðɪf
u,uðɪs,uðɪs,uðɪs,uðɪs
u,uðɪv,uðɪv,uðɪv,uðɪv
u,uðɪz,uðɪz,uðɪz,uðɪz
u,uðɪʃ,uðɪʃ,uðɪʃ,uðɪʃ
u,uðɪʒ,uðɪʒ,uðɪʒ,uðɪʒ
u,uðɪθ,uðɪθ,uðɪθ,uðɪθ
u,uðɪð,uðɪð,uðɪð,uðɪð
u,uhɪm,uhɪm,uhɪm,uhɪm
u,uhɪn,uhɪn,uhɪn,uhɪn
u,uhɪŋ,uhɪŋ,uhɪŋ,uhɪŋ
u,uhɪp,uhɪp,uhɪp,uhɪp
u,uhɪt,uhɪt,uhɪt,uhɪt
u,uhɪk,uhɪk,uhɪk,uhɪk
u,uhɪb,uhɪb,uhɪb,uhɪb
u,uhɪd,uhɪd,uhɪd,uhɪd
u,uhɪg,uhɪg,uhɪg,uhɪg
u,uhɪf,uhɪf,uhɪf,uhɪf
u,uhɪs,uhɪs,uhɪs,uhɪs
u,uhɪv,uhɪv,uhɪv,uhɪv
u,uhɪz,uhɪz,uhɪz,uhɪz
u,uhɪʃ,uhɪʃ,uhɪʃ,uhɪʃ
u,uhɪʒ,uhɪʒ,uhɪʒ,uhɪʒ
u,uhɪθ,uhɪθ,uhɪθ,uhɪθ
u,uhɪð,uhɪð,uhɪð,uhɪð
u,umɛm,umɛm,umɛm,umɛm
u,umɛn,umɛn,umɛn,umɛn
u,umɛŋ,umɛŋ,umɛŋ,umɛŋ
u,umɛp,umɛp,umɛp,umɛp
u,umɛt,umɛt,umɛt,umɛt
u,umɛk,umɛk,umɛk,umɛk
u,umɛb,umɛb,umɛb,umɛb
u,umɛd,umɛd,umɛd,umɛd
u,umɛg,umɛg,umɛg,umɛg
u,umɛf,umɛf,umɛf,umɛf
u,umɛs,umɛs,umɛs,umɛs
u,umɛv,umɛv,umɛv,umɛv
u,umɛz,umɛz,umɛz,umɛz
u,umɛʃ,umɛʃ,umɛʃ,umɛʃ
u,umɛʒ,umɛʒ,umɛʒ,umɛʒ
u,umɛθ,umɛθ,umɛθ,umɛθ
u,umɛð,umɛð,umɛð,umɛð
u,unɛm,unɛm,unɛm,unɛm
u,unɛn,unɛn,unɛn,unɛn
u,unɛŋ,unɛŋ,unɛŋ,unɛŋ
u,unɛp,unɛp,unɛp,unɛp
u,unɛt,unɛt,unɛt,unɛt
u,unɛk,unɛk,unɛk,unɛk
u,unɛb,unɛb,unɛb,unɛb
u,unɛd,unɛd,unɛd,unɛd
u,unɛg,unɛg,unɛg,unɛg
u,unɛf,unɛf,unɛf,unɛf
u,unɛs,unɛs,unɛs,unɛs
u,unɛv,unɛv,unɛv,unɛv
u,unɛz,unɛz,unɛz,unɛz
u,unɛʃ,unɛʃ,unɛʃ,unɛʃ
u,unɛʒ,unɛʒ,unɛʒ,unɛʒ
u,unɛθ,unɛθ,unɛθ,unɛθ
u,unɛð,unɛð,unɛð,unɛð
u,upɛm,upɛm,upɛm,upɛm
u,upɛn,upɛn,upɛn,upɛn
u,upɛŋ,upɛŋ,upɛŋ,upɛŋ
u,upɛp,upɛp,upɛp,upɛp
u,upɛt,upɛt,upɛt,upɛt
u,upɛk,upɛk,upɛk,upɛk
u,upɛb,upɛb,upɛb,upɛb
u,upɛd,upɛd,upɛd,upɛd
u,upɛg,upɛg,upɛg,upɛg
u,upɛf,upɛf,upɛf,upɛf
u,upɛs,upɛs,upɛs,upɛs
u,upɛv,upɛv,upɛv,upɛv
u,upɛz,upɛz,upɛz,upɛz
u,upɛʃ,upɛʃ,upɛʃ,upɛʃ
u,upɛʒ,upɛʒ,upɛʒ,upɛʒ
u,upɛθ,upɛθ,upɛθ,upɛθ
u,upɛð,upɛð,upɛð,upɛð
u,utɛm,utɛm,utɛm,utɛm
u,utɛn,utɛn,utɛn,utɛn
u,utɛŋ,utɛŋ,utɛŋ,utɛŋ
u,utɛp,utɛp,utɛp,utɛp
u,utɛt,utɛt,utɛt,utɛt
u,utɛk,utɛk,utɛk,utɛk
u,utɛb,utɛb,utɛb,utɛb
u,utɛd,utɛd,utɛd,utɛd
u,utɛg,utɛg,utɛg,utɛg
u,utɛf,utɛf,utɛf,utɛf
u,utɛs,utɛs,utɛs,utɛs
u,utɛv,utɛv,utɛv,utɛv
u,utɛz,utɛz,utɛz,utɛz
u,utɛʃ,utɛʃ,utɛʃ,utɛʃ
u,utɛʒ,utɛʒ,utɛʒ,utɛʒ
u,utɛθ,utɛθ,utɛθ,utɛθ
u,utɛð,utɛð,utɛð,utɛð
u,ukɛm,ukɛm,ukɛm,ukɛm
u,ukɛn,ukɛn,ukɛn,ukɛn
u,ukɛŋ,ukɛŋ,ukɛŋ,ukɛŋ
u,ukɛp,ukɛp,ukɛp,ukɛp
u,ukɛt,ukɛt,ukɛt,ukɛt
u,ukɛk,ukɛk,ukɛk,ukɛk
u,ukɛb,ukɛb,ukɛb,ukɛb
u,ukɛd,ukɛd,ukɛd,ukɛd
u,ukɛg,ukɛg,ukɛg,ukɛg
u,ukɛf,ukɛf,ukɛf,ukɛf
u,ukɛs,ukɛs,ukɛs,ukɛs
u,ukɛv,ukɛv,ukɛv,ukɛv
u,ukɛz,ukɛz,ukɛz,ukɛz
u,ukɛʃ,ukɛʃ,ukɛʃ,ukɛʃ
u,ukɛʒ,ukɛʒ,ukɛʒ,ukɛʒ
u,ukɛθ,ukɛθ,ukɛθ,ukɛθ
u,ukɛð,ukɛð,ukɛð,ukɛð
u,ubɛm,ubɛm,ubɛm,ubɛm
u,ubɛn,ubɛn,ubɛn,ubɛn
u,ubɛŋ,ubɛŋ,ubɛŋ,ubɛŋ
u,ubɛp,ubɛp,ubɛp,ubɛp
u,ubɛt,ubɛt,ubɛt,ubɛt
u,ubɛk,ubɛk,ubɛk,ubɛk
u,ubɛb,ubɛb,ubɛb,ubɛb
u,ubɛd,ubɛd,ubɛd,ubɛd
u,ubɛg,ubɛg,ubɛg,ubɛg
u,ubɛf,ubɛf,ubɛf,ubɛf
u,ubɛs,ubɛs,ubɛs,ubɛs
u,ubɛv,ubɛv,ubɛv,ubɛv
u,ubɛz,ubɛz,ubɛz,ubɛz
u,ubɛʃ,ubɛʃ,ubɛʃ,ubɛʃ
u,ubɛʒ,ubɛʒ,ubɛʒ,ubɛʒ
u,ubɛθ,ubɛθ,ubɛθ,ubɛθ
u,ubɛð,ubɛð,ubɛð,ubɛð
u,udɛm,udɛm,udɛm,udɛm
u,udɛn,udɛn,udɛn,udɛn
u,udɛŋ,udɛŋ,udɛŋ,udɛŋ
u,udɛp,udɛp,udɛp,udɛp
u,udɛt,udɛt,udɛt,udɛt
u,udɛk,udɛk,udɛk,udɛk
u,udɛb,udɛb,udɛb,udɛb
u,udɛd,udɛd,udɛd,udɛd
u,udɛg,udɛg,udɛg,udɛg
u,udɛf,udɛf,udɛf,udɛf
u,udɛs,udɛs,udɛs,udɛs
u,udɛv,udɛv,udɛv,udɛv
u,udɛz,udɛz,udɛz,udɛz
u,udɛʃ,udɛʃ,udɛʃ,udɛʃ
u,udɛʒ,udɛʒ,udɛʒ,udɛʒ
u,udɛθ,udɛθ,udɛθ,udɛθ
u,udɛð,udɛð,udɛð,udɛð
u,ugɛm,ugɛm,ugɛm,ugɛm
u,ugɛn,ugɛn,ugɛn,ugɛn
u,ugɛŋ,ugɛŋ,ugɛŋ,ugɛŋ
u,ugɛp,ugɛp,ugɛp,ugɛp
u,ugɛt,ugɛt,ugɛt,ugɛt
u,ugɛk,ugɛk,ugɛk,ugɛk
u,ugɛb,ugɛb,ugɛb,ugɛb
u,ugɛd,ugɛd,ugɛd,ugɛd
u,ugɛg,ugɛg,ugɛg,ugɛg
u,ugɛf,ugɛf,ugɛf,ugɛf
u,ugɛs,ugɛs,ugɛs,ugɛs
u,ugɛv,ugɛv,ugɛv,ugɛv
u,ugɛz,ugɛz,ugɛz,ugɛz
u,ugɛʃ,ugɛʃ,ugɛʃ,ugɛʃ
u,ugɛʒ,ugɛʒ,ugɛʒ,ugɛʒ
u,ugɛθ,ugɛθ,ugɛθ,ugɛθ
u,ugɛð,ugɛð,ugɛð,ugɛð
u,ufɛm,ufɛm,ufɛm,ufɛm
u,ufɛn,ufɛn,ufɛn,ufɛn
u,ufɛŋ,ufɛŋ,ufɛŋ,ufɛŋ
u,ufɛp,ufɛp,ufɛp,ufɛp
u,ufɛt,ufɛt,ufɛt,ufɛt
u,ufɛk,ufɛk,ufɛk,ufɛk
u,ufɛb,ufɛb,ufɛb,ufɛb
u,ufɛd,ufɛd,ufɛd,ufɛd
u,ufɛg,ufɛg,ufɛg,ufɛg
u,ufɛf,ufɛf,ufɛf,ufɛf
u,ufɛs,ufɛs,ufɛs,ufɛs
u,ufɛv,ufɛv,ufɛv,ufɛv
u,ufɛz,ufɛz,ufɛz,ufɛz
u,ufɛʃ,ufɛʃ,ufɛʃ,ufɛʃ
u,ufɛʒ,ufɛʒ,ufɛʒ,ufɛʒ
u,ufɛθ,ufɛθ,ufɛθ,ufɛθ
u,ufɛð,ufɛð,ufɛð,ufɛð
u,usɛm,usɛm,usɛm,usɛm
u,usɛn,usɛn,usɛn,usɛn
u,usɛŋ,usɛŋ,usɛŋ,usɛŋ
u,usɛp,usɛp,usɛp,usɛp
u,usɛt,usɛt,usɛt,usɛt
u,usɛk,usɛk,usɛk,usɛk
u,usɛb,usɛb,usɛb,usɛb
u,usɛd,usɛd,usɛd,usɛd
u,usɛg,usɛg,usɛg,usɛg
u,usɛf,usɛf,usɛf,usɛf
u,usɛs,usɛs,usɛs,usɛs
u,usɛv,usɛv,usɛv,usɛv
u,usɛz,usɛz,usɛz,usɛz
u,usɛʃ,usɛʃ,usɛʃ,usɛʃ
u,usɛʒ,usɛʒ,usɛʒ,usɛʒ
u,usɛθ,usɛθ,usɛθ,usɛθ
u,usɛð,usɛð,usɛð,usɛð
u,uvɛm,uvɛm,uvɛm,uvɛm
u,uvɛn,uvɛn,uvɛn,uvɛn
u,uvɛŋ,uvɛŋ,uvɛŋ,uvɛŋ
u,uvɛp,uvɛp,uvɛp,uvɛp
u,uvɛt,uvɛt,uvɛt,uvɛt
u,uvɛk,uvɛk,uvɛk,uvɛk
u,uvɛb,uvɛb,uvɛb,uvɛb
u,uvɛd,uvɛd,uvɛd,uvɛd
u,uvɛg,uvɛg,uvɛg,uvɛg
u,uvɛf,uvɛf,uvɛf,uvɛf
u,uvɛs,uvɛs,uvɛs,uvɛs
u,uvɛv,uvɛv,uvɛv,uvɛv
u,uvɛz,uvɛz,uvɛz,uvɛz
u,uvɛʃ,uvɛʃ,uvɛʃ,uvɛʃ
u,uvɛʒ,uvɛʒ,uvɛʒ,uvɛʒ
u,uvɛθ,uvɛθ,uvɛθ,uvɛθ
u,uvɛð,uvɛð,uvɛð,uvɛð
u,uzɛm,uzɛm,uzɛm,uzɛm
u,uzɛn,uzɛn,uzɛn,uzɛn
u,uzɛŋ,uzɛŋ,uzɛŋ,uzɛŋ
u,uzɛp,uzɛp,uzɛp,uzɛp
u,uzɛt,uzɛt,uzɛt,uzɛt
u,uzɛk,uzɛk,uzɛk,uzɛk
u,uzɛb,uzɛb,uzɛb,uzɛb
u,uzɛd,uzɛd,uzɛd,uzɛd
u,uzɛg,uzɛg,uzɛg,uzɛg
u,uzɛf,uzɛf,uzɛf,uzɛf
u,uzɛs,uzɛs,uzɛs,uzɛs
u,uzɛv,uzɛv,uzɛv,uzɛv
u,uzɛz,uzɛz,uzɛz,uzɛz
u,uzɛʃ,uzɛʃ,uzɛʃ,uzɛʃ
u,uzɛʒ,uzɛʒ,uzɛʒ,uzɛʒ
u,uzɛθ,uzɛθ,uzɛθ,uzɛθ
u,uzɛð,uzɛð,uzɛð,uzɛð
u,uʃɛm,uʃɛm,uʃɛm,uʃɛm
u,uʃɛn,uʃɛn,uʃɛn,uʃɛn
u,uʃɛŋ,uʃɛŋ,uʃɛŋ,uʃɛŋ
u,uʃɛp,uʃɛp,uʃɛp,uʃɛp
u,uʃɛt,uʃɛt,uʃɛt,uʃɛt
u,uʃɛk,uʃɛk,uʃɛk,uʃɛk
u,uʃɛb,uʃɛb,uʃɛb,uʃɛb
u,uʃɛd,uʃɛd,uʃɛd,uʃɛd
u,uʃɛg,uʃɛg,uʃɛg,uʃɛg
u,uʃɛf,uʃɛf,uʃɛf,uʃɛf
u,uʃɛs,uʃɛs,uʃɛs,uʃɛs
u,uʃɛv,uʃɛv,uʃɛv,uʃɛv
u,uʃɛz,uʃɛz,uʃɛz,uʃɛz
u,uʃɛʃ,uʃɛʃ,uʃɛʃ,uʃɛʃ
u,uʃɛʒ,uʃɛʒ,uʃɛʒ,uʃɛʒ
u,uʃɛθ,uʃɛθ,uʃɛθ,uʃɛθ
u,uʃɛð,uʃɛð,uʃɛð,uʃɛð
u,uʒɛm,uʒɛm,uʒɛm,uʒɛm
u,uʒɛn,uʒɛn,uʒɛn,uʒɛn
u,uʒɛŋ,uʒɛŋ,uʒɛŋ,uʒɛŋ
u,uʒɛp,uʒɛp,uʒɛp,uʒɛp
u,uʒɛt,uʒɛt,uʒɛt,uʒɛt
u,uʒɛk,uʒɛk,uʒɛk,uʒɛk
u,uʒɛb,uʒɛb,uʒɛb,uʒɛb
u,uʒɛd,uʒɛd,uʒɛd,uʒɛd
u,uʒɛg,uʒɛg,uʒɛg,uʒɛg
u,uʒɛf,uʒɛf,uʒɛf,uʒɛf
u,uʒɛs,uʒɛs,uʒɛs,uʒɛs
u,uʒɛv,uʒɛv,uʒɛv,uʒɛv
u,uʒɛz,uʒɛz,uʒɛz,uʒɛz
u,uʒɛʃ,uʒɛʃ,uʒɛʃ,uʒɛʃ
u,uʒɛʒ,uʒɛʒ,uʒɛʒ,uʒɛʒ
u,uʒɛθ,uʒɛθ,uʒɛθ,uʒɛθ
u,uʒɛð,uʒɛð,uʒɛð,uʒɛð
u,uθɛm,uθɛm,uθɛm,uθɛm
u,uθɛn,uθɛn,uθɛn,uθɛn
u,uθɛŋ,uθɛŋ,uθɛŋ,uθɛŋ
u,uθɛp,uθɛp,uθɛp,uθɛp
u,uθɛt,uθɛt,uθɛt,uθɛt
u,uθɛk,uθɛk,uθɛk,uθɛk
u,uθɛb,uθɛb,uθɛb,uθɛb
u,uθɛd,uθɛd,uθɛd,uθɛd
u,uθɛg,uθɛg,uθɛg,uθɛg
u,uθɛf,uθɛf,uθɛf,uθɛf
u,uθɛs,uθɛs,uθɛs,uθɛs
u,uθɛv,uθɛv,uθɛv,uθɛv
u,uθɛz,uθɛz,uθɛz,uθɛz
u,uθɛʃ,uθɛʃ,uθɛʃ,uθɛʃ
u,uθɛʒ,uθɛʒ,uθɛʒ,uθɛʒ
u,uθɛθ,uθɛθ,uθɛθ,uθɛθ
u,uθɛð,uθɛð,uθɛð,uθɛð
u,uðɛm,uðɛm,uðɛm,uðɛm
u,uðɛn,uðɛn,uðɛn,uðɛn
u,uðɛŋ,uðɛŋ,uðɛŋ,uðɛŋ
u,uðɛp,uðɛp,uðɛp,uðɛp
u,uðɛt,uðɛt,uðɛt,uðɛt
u,uðɛk,uðɛk,uðɛk,uðɛk
u,uðɛb,uðɛb,uðɛb,uðɛb
u,uðɛd,uðɛd,uðɛd,uðɛd
u,uðɛg,uðɛg,uðɛg,uðɛg
u,uðɛf,uðɛf,uðɛf,uðɛf
u,uðɛs,uðɛs,uðɛs,uðɛs
u,uðɛv,uðɛv,uðɛv,uðɛv
u,uðɛz,uðɛz,uðɛz,uðɛz
u,uðɛʃ,uðɛʃ,uðɛʃ,uðɛʃ
u,uðɛʒ,uðɛʒ,uðɛʒ,uðɛʒ
u,uðɛθ,uðɛθ,uðɛθ,uðɛθ
u,uðɛð,uðɛð,uðɛð,uðɛð
u,uhɛm,uhɛm,uhɛm,uhɛm
u,uhɛn,uhɛn,uhɛn,uhɛn
u,uhɛŋ,uhɛŋ,uhɛŋ,uhɛŋ
u,uhɛp,uhɛp,uhɛp,uhɛp
u,uhɛt,uhɛt,uhɛt,uhɛt
u,uhɛk,uhɛk,uhɛk,uhɛk
u,uhɛb,uhɛb,uhɛb,uhɛb
u,uhɛd,uhɛd,uhɛd,uhɛd
u,uhɛg,uhɛg,uhɛg,uhɛg
u,uhɛf,uhɛf,uhɛf,uhɛf
u,uhɛs,uhɛs,uhɛs,uhɛs
u,uhɛv,uhɛv,uhɛv,uhɛv
u,uhɛz,uhɛz,uhɛz,uhɛz
u,uhɛʃ,uhɛʃ,uhɛʃ,uhɛʃ
u,uhɛʒ,uhɛʒ,uhɛʒ,uhɛʒ
u,uhɛθ,uhɛθ,uhɛθ,uhɛθ
u,uhɛð,uhɛð,uhɛð,uhɛð
u,umʊm,umɪm,umʊm,umɪm
u,umʊn,umɪn,umʊn,umɪn
u,umʊŋ,umɪŋ,umʊŋ,umɪŋ
u,umʊp,umɪp,umʊp,umɪp
u,umʊt,umɪt,umʊt,umɪt
u,umʊk,umɪk,umʊk,umɪk
u,umʊb,umɪb,umʊb,umɪb
u,umʊd,umɪd,umʊd,umɪd
u,umʊg,umɪg,umʊg,umɪg
u,umʊf,umɪf,umʊf,umɪf
u,umʊs,umɪs,umʊs,umɪs
u,umʊv,umɪv,umʊv,umɪv
u,umʊz,umɪz,umʊz,umɪz
u,umʊʃ,umɪʃ,umʊʃ,umɪʃ
u,umʊʒ,umɪʒ,umʊʒ,umɪʒ
u,umʊθ,umɪθ,umʊθ,umɪθ
u,umʊð,umɪð,umʊð,umɪð
u,unʊm,unɪm,unʊm,unɪm
u,unʊn,unɪn,unʊn,unɪn
u,unʊŋ,unɪŋ,unʊŋ,unɪŋ
u,unʊp,unɪp,unʊp,unɪp
u,unʊt,unɪt,unʊt,unɪt
u,unʊk,unɪk,unʊk,unɪk
u,unʊb,unɪb,unʊb,unɪb
u,unʊd,unɪd,unʊd,unɪd
u,unʊg,unɪg,unʊg,unɪg
u,unʊf,unɪf,unʊf,unɪf
u,unʊs,unɪs,unʊs,unɪs
u,unʊv,unɪv,unʊv,unɪv
u,unʊz,unɪz,unʊz,unɪz
u,unʊʃ,unɪʃ,unʊʃ,unɪʃ
u,unʊʒ,unɪʒ,unʊʒ,unɪʒ
u,unʊθ,unɪθ,unʊθ,unɪθ
u,unʊð,unɪð,unʊð,unɪð
u,upʊm,upɪm,upʊm,upɪm
u,upʊn,upɪn,upʊn,upɪn
u,upʊŋ,upɪŋ,upʊŋ,upɪŋ
u,upʊp,upɪp,upʊp,upɪp
u,upʊt,upɪt,upʊt,upɪt
u,upʊk,upɪk,upʊk,upɪk
u,upʊb,upɪb,upʊb,upɪb
u,upʊd,upɪd,upʊd,upɪd
u,upʊg,upɪg,upʊg,upɪg
u,upʊf,upɪf,upʊf,upɪf
u,upʊs,upɪs,upʊs,upɪs
u,upʊv,upɪv,upʊv,upɪv
u,upʊz,upɪz,upʊz,upɪz
u,upʊʃ,upɪʃ,upʊʃ,upɪʃ
u,upʊʒ,upɪʒ,upʊʒ,upɪʒ
u,upʊθ,upɪθ,upʊθ,upɪθ
u,upʊð,upɪð,upʊð,upɪð
u,utʊm,utɪm,utʊm,utɪm
u,utʊn,utɪn,utʊn,utɪn
u,utʊŋ,utɪŋ,utʊŋ,utɪŋ
u,utʊp,utɪp,utʊp,utɪp
u,utʊt,utɪt,utʊt,utɪt
u,utʊk,utɪk,utʊk,utɪk
u,utʊb,utɪb,utʊb,utɪb
u,utʊd,utɪd,utʊd,utɪd
u,utʊg,utɪg,utʊg,utɪg
u,utʊf,utɪf,utʊf,utɪf
u,utʊs,utɪs,utʊs,utɪs
u,utʊv,utɪv,utʊv,utɪv
u,utʊz,utɪz,utʊz,utɪz
u,utʊʃ,utɪʃ,utʊʃ,utɪʃ
u,utʊʒ,utɪʒ,utʊʒ,utɪʒ
u,utʊθ,utɪθ,utʊθ,utɪθ
u,utʊð,utɪð,utʊð,utɪð
u,ukʊm,ukɪm,ukʊm,ukɪm
u,ukʊn,ukɪn,ukʊn,ukɪn
u,ukʊŋ,ukɪŋ,ukʊŋ,ukɪŋ
u,ukʊp,ukɪp,ukʊp,ukɪp
u,ukʊt,ukɪt,ukʊt,ukɪt
u,ukʊk,ukɪk,ukʊk,ukɪk
u,ukʊb,ukɪb,ukʊb,ukɪb
u,ukʊd,ukɪd,ukʊd,ukɪd
u,ukʊg,ukɪg,ukʊg,ukɪg
u,ukʊf,ukɪf,ukʊf,ukɪf
u,ukʊs,ukɪs,ukʊs,ukɪs
u,ukʊv,ukɪv,ukʊv,ukɪv
u,ukʊz,ukɪz,ukʊz,ukɪz
u,ukʊʃ,ukɪʃ,ukʊʃ,ukɪʃ
u,ukʊʒ,ukɪʒ,ukʊʒ,ukɪʒ
u,ukʊθ,ukɪθ,ukʊθ,ukɪθ
u,ukʊð,ukɪð,ukʊð,ukɪð
u,ubʊm,ubɪm,ubʊm,ubɪm
u,ubʊn,ubɪn,ubʊn,ubɪn
u,ubʊŋ,ubɪŋ,ubʊŋ,ubɪŋ
u,ubʊp,ubɪp,ubʊp,ubɪp
u,ubʊt,ubɪt,ubʊt,ubɪt
u,ubʊk,ubɪk,ubʊk,ubɪk
u,ubʊb,ubɪb,ubʊb,ubɪb
u,ubʊd,ubɪd,ubʊd,ubɪd
u,ubʊg,ubɪg,ubʊg,ubɪg
u,ubʊf,ubɪf,ubʊf,ubɪf
u,ubʊs,ubɪs,ubʊs,ubɪs
u,ubʊv,ubɪv,ubʊv,ubɪv
u,ubʊz,ubɪz,ubʊz,ubɪz
u,ubʊʃ,ubɪʃ,ubʊʃ,ubɪʃ
u,ubʊʒ,ubɪʒ,ubʊʒ,ubɪʒ
u,ubʊθ,ubɪθ,ubʊθ,ubɪθ
u,ubʊð,ubɪð,ubʊð,ubɪð
u,udʊm,udɪm,udʊm,udɪm
u,udʊn,udɪn,udʊn,udɪn
u,udʊŋ,udɪŋ,udʊŋ,udɪŋ
u,udʊp,udɪp,udʊp,udɪp
u,udʊt,udɪt,udʊt,udɪt
u,udʊk,udɪk,udʊk,udɪk
u,udʊb,udɪb,udʊb,udɪb
u,udʊd,udɪd,udʊd,udɪd
u,udʊg,udɪg,udʊg,udɪg
u,udʊf,udɪf,udʊf,udɪf
u,udʊs,udɪs,udʊs,udɪs
u,udʊv,udɪv,udʊv,udɪv
u,udʊz,udɪz,udʊz,udɪz
u,udʊʃ,udɪʃ,udʊʃ,udɪʃ
u,udʊʒ,udɪʒ,udʊʒ,udɪʒ
u,udʊθ,udɪθ,udʊθ,udɪθ
u,udʊð,udɪð,udʊð,udɪð
u,ugʊm,ugɪm,ugʊm,ugɪm
u,ugʊn,ugɪn,ugʊn,ugɪn
u,ugʊŋ,ugɪŋ,ugʊŋ,ugɪŋ
u,ugʊp,ugɪp,ugʊp,ugɪp
u,ugʊt,ugɪt,ugʊt,ugɪt
u,ugʊk,ugɪk,ugʊk,ugɪk
u,ugʊb,ugɪb,ugʊb,ugɪb
u,ugʊd,ugɪd,ugʊd,ugɪd
u,ugʊg,ugɪg,ugʊg,ugɪg
u,ugʊf,ugɪf,ugʊf,ugɪf
u,ugʊs,ugɪs,ugʊs,ugɪs
u,ugʊv,ugɪv,ugʊv,ugɪv
u,ugʊz,ugɪz,ugʊz,ugɪz
u,ugʊʃ,ugɪʃ,ugʊʃ,ugɪʃ
u,ugʊʒ,ugɪʒ,ugʊʒ,ugɪʒ
u,ugʊθ,ugɪθ,ugʊθ,ugɪθ
u,ugʊð,ugɪð,ugʊð,ugɪð
u,ufʊm,ufɪm,ufʊm,ufɪm
u,ufʊn,ufɪn,ufʊn,ufɪn
u,ufʊŋ,ufɪŋ,ufʊŋ,ufɪŋ
u,ufʊp,ufɪp,ufʊp,ufɪp
u,ufʊt,ufɪt,ufʊt,ufɪt
u,ufʊk,ufɪk,ufʊk,ufɪk
u,ufʊb,ufɪb,ufʊb,ufɪb
u,ufʊd,ufɪd,ufʊd,ufɪd
u,ufʊg,ufɪg,ufʊg,ufɪg
u,ufʊf,ufɪf,ufʊf,ufɪf
u,ufʊs,ufɪs,ufʊs,ufɪs
u,ufʊv,ufɪv,ufʊv,ufɪv
u,ufʊz,ufɪz,ufʊz,ufɪz
u,ufʊʃ,ufɪʃ,ufʊʃ,ufɪʃ
u,ufʊʒ,ufɪʒ,ufʊʒ,ufɪʒ
u,ufʊθ,ufɪθ,ufʊθ,ufɪθ
u,ufʊð,ufɪð,ufʊð,ufɪð
u,usʊm,usɪm,usʊm,usɪm
u,usʊn,usɪn,usʊn,usɪn
u,usʊŋ,usɪŋ,usʊŋ,usɪŋ
u,usʊp,usɪp,usʊp,usɪp
u,usʊt,usɪt,usʊt,usɪt
u,usʊk,usɪk,usʊk,usɪk
u,usʊb,usɪb,usʊb,usɪb
u,usʊd,usɪd,usʊd,usɪd
u,usʊg,usɪg,usʊg,usɪg
u,usʊf,usɪf,usʊf,usɪf
u,usʊs,usɪs,usʊs,usɪs
u,usʊv,usɪv,usʊv,usɪv
u,usʊz,usɪz,usʊz,usɪz
u,usʊʃ,usɪʃ,usʊʃ,usɪʃ
u,usʊʒ,usɪʒ,usʊʒ,usɪʒ
u,usʊθ,usɪθ,usʊθ,usɪθ
u,usʊð,usɪð,usʊð,usɪð
u,uvʊm,uvɪm,uvʊm,uvɪm
u,uvʊn,uvɪn,uvʊn,uvɪn
u,uvʊŋ,uvɪŋ,uvʊŋ,uvɪŋ
u,uvʊp,uvɪp,uvʊp,uvɪp
u,uvʊt,uvɪt,uvʊt,uvɪt
u,uvʊk,uvɪk,uvʊk,uvɪk
u,uvʊb,uvɪb,uvʊb,uvɪb
u,uvʊd,uvɪd,uvʊd,uvɪd
u,uvʊg,uvɪg,uvʊg,uvɪg
u,uvʊf,uvɪf,uvʊf,uvɪf
u,uvʊs,uvɪs,uvʊs,uvɪs
u,uvʊv,uvɪv,uvʊv,uvɪv
u,uvʊz,uvɪz,uvʊz,uvɪz
u,uvʊʃ,uvɪʃ,uvʊʃ,uvɪʃ
u,uvʊʒ,uvɪʒ,uvʊʒ,uvɪʒ
u,uvʊθ,uvɪθ,uvʊθ,uvɪθ
u,uvʊð,uvɪð,uvʊð,uvɪð
u,uzʊm,uzɪm,uzʊm,uzɪm
u,uzʊn,uzɪn,uzʊn,uzɪn
u,uzʊŋ,uzɪŋ,uzʊŋ,uzɪŋ
u,uzʊp,uzɪp,uzʊp,uzɪp
u,uzʊt,uzɪt,uzʊt,uzɪt
u,uzʊk,uzɪk,uzʊk,uzɪk
u,uzʊb,uzɪb,uzʊb,uzɪb
u,uzʊd,uzɪd,uzʊd,uzɪd
u,uzʊg,uzɪg,uzʊg,uzɪg
u,uzʊf,uzɪf,uzʊf,uzɪf
u,uzʊs,uzɪs,uzʊs,uzɪs
u,uzʊv,uzɪv,uzʊv,uzɪv
u,uzʊz,uzɪz,uzʊz,uzɪz
u,uzʊʃ,uzɪʃ,uzʊʃ,uzɪʃ
u,uzʊʒ,uzɪʒ,uzʊʒ,uzɪʒ
u,uzʊθ,uzɪθ,uzʊθ,uzɪθ
u,uzʊð,uzɪð,uzʊð,uzɪð
u,uʃʊm,uʃɪm,uʃʊm,uʃɪm
u,uʃʊn,uʃɪn,uʃʊn,uʃɪn
u,uʃʊŋ,uʃɪŋ,uʃʊŋ,uʃɪŋ
u,uʃʊp,uʃɪp,uʃʊp,uʃɪp
u,uʃʊt,uʃɪt,uʃʊt,uʃɪt
u,uʃʊk,uʃɪk,uʃʊk,uʃɪk
u,uʃʊb,uʃɪb,uʃʊb,uʃɪb
u,uʃʊd,uʃɪd,uʃʊd,uʃɪd
u,uʃʊg,uʃɪg,uʃʊg,uʃɪg
u,uʃʊf,uʃɪf,uʃʊf,uʃɪf
u,uʃʊs,uʃɪs,uʃʊs,uʃɪs
u,uʃʊv,uʃɪv,uʃʊv,uʃɪv
u,uʃʊz,uʃɪz,uʃʊz,uʃɪz
u,uʃʊʃ,uʃɪʃ,uʃʊʃ,uʃɪʃ
u,uʃʊʒ,uʃɪʒ,uʃʊʒ,uʃɪʒ
u,uʃʊθ,uʃɪθ,uʃʊθ,uʃɪθ
u,uʃʊð,uʃɪð,uʃʊð,uʃɪð
u,uʒʊm,uʒɪm,uʒʊm,uʒɪm
u,uʒʊn,uʒɪn,uʒʊn,uʒɪn
u,uʒʊŋ,uʒɪŋ,uʒʊŋ,uʒɪŋ
u,uʒʊp,uʒɪp,uʒʊp,uʒɪp
u,uʒʊt,uʒɪt,uʒʊt,uʒɪt
u,uʒʊk,uʒɪk,uʒʊk,uʒɪk
u,uʒʊb,uʒɪb,uʒʊb,uʒɪb
u,uʒʊd,uʒɪd,uʒʊd,uʒɪd
u,uʒʊg,uʒɪg,uʒʊg,uʒɪg
u,uʒʊf,uʒɪf,uʒʊf,uʒɪf
u,uʒʊs,uʒɪs,uʒʊs,uʒɪs
u,uʒʊv,uʒɪv,uʒʊv,uʒɪv
u,uʒʊz,uʒɪz,uʒʊz,uʒɪz
u,uʒʊʃ,uʒɪʃ,uʒʊʃ,uʒɪʃ
u,uʒʊʒ,uʒɪʒ,uʒʊʒ,uʒɪʒ
u,uʒʊθ,uʒɪθ,uʒʊθ,uʒɪθ
u,uʒʊð,uʒɪð,uʒʊð,uʒɪð
u,uθʊm,uθɪm,uθʊm,uθɪm
u,uθʊn,uθɪn,uθʊn,uθɪn
u,uθʊŋ,uθɪŋ,uθʊŋ,uθɪŋ
u,uθʊp,uθɪp,uθʊp,uθɪp
u,uθʊt,uθɪt,uθʊt,uθɪt
u,uθʊk,uθɪk,uθʊk,uθɪk
u,uθʊb,uθɪb,uθʊb,uθɪb
u,uθʊd,uθɪd,uθʊd,uθɪd
u,uθʊg,uθɪg,uθʊg,uθɪg
u,uθʊf,uθɪf,uθʊf,uθɪf
u,uθʊs,uθɪs,uθʊs,uθɪs
u,uθʊv,uθɪv,uθʊv,uθɪv
u,uθʊz,uθɪz,uθʊz,uθɪz
u,uθʊʃ,uθɪʃ,uθʊʃ,uθɪʃ
u,uθʊʒ,uθɪʒ,uθʊʒ,uθɪʒ
u,uθʊθ,uθɪθ,uθʊθ,uθɪθ
u,uθʊð,uθɪð,uθʊð,uθɪð
u,uðʊm,uðɪm,uðʊm,uðɪm
u,uðʊn,uðɪn,uðʊn,uðɪn
u,uðʊŋ,uðɪŋ,uðʊŋ,uðɪŋ
u,uðʊp,uðɪp,uðʊp,uðɪp
u,uðʊt,uðɪt,uðʊt,uðɪt
u,uðʊk,uðɪk,uðʊk,uðɪk
u,uðʊb,uðɪb,uðʊb,uðɪb
u,uðʊd,uðɪd,uðʊd,uðɪd
u,uðʊg,uðɪg,uðʊg,uðɪg
u,uðʊf,uðɪf,uðʊf,uðɪf
u,uðʊs,uðɪs,uðʊs,uðɪs
u,uðʊv,uðɪv,uðʊv,uðɪv
u,uðʊz,uðɪz,uðʊz,uðɪz
u,uðʊʃ,uðɪʃ,uðʊʃ,uðɪʃ
u,uðʊʒ,uðɪʒ,uðʊʒ,uðɪʒ
u,uðʊθ,uðɪθ,uðʊθ,uðɪθ
u,uðʊð,uðɪð,uðʊð,uðɪð
u,uhʊm,uhɪm,uhʊm,uhɪm
u,uhʊn,uhɪn,uhʊn,uhɪn
u,uhʊŋ,uhɪŋ,uhʊŋ,uhɪŋ
u,uhʊp,uhɪp,uhʊp,uhɪp
u,uhʊt,uhɪt,uhʊt,uhɪt
u,uhʊk,uhɪk,uhʊk,uhɪk
u,uhʊb,uhɪb,uhʊb,uhɪb
u,uhʊd,uhɪd,uhʊd,uhɪd
u,uhʊg,uhɪg,uhʊg,uhɪg
u,uhʊf,uhɪf,uhʊf,uhɪf
u,uhʊs,uhɪs,uhʊs,uhɪs
u,uhʊv,uhɪv,uhʊv,uhɪv
u,uhʊz,uhɪz,uhʊz,uhɪz
u,uhʊʃ,uhɪʃ,uhʊʃ,uhɪʃ
u,uhʊʒ,uhɪʒ,uhʊʒ,uhɪʒ
u,uhʊθ,uhɪθ,uhʊθ,uhɪθ
u,uhʊð,uhɪð,uhʊð,uhɪð
u,umɔm,umɛm,umɔm,umɛm
u,umɔn,umɛn,umɔn,umɛn
u,umɔŋ,umɛŋ,umɔŋ,umɛŋ
u,umɔp,umɛp,umɔp,umɛp
u,umɔt,umɛt,umɔt,umɛt
u,umɔk,umɛk,umɔk,umɛk
u,umɔb,umɛb,umɔb,umɛb
u,umɔd,umɛd,umɔd,umɛd
u,umɔg,umɛg,umɔg,umɛg
u,umɔf,umɛf,umɔf,umɛf
u,umɔs,umɛs,umɔs,umɛs
u,umɔv,umɛv,umɔv,umɛv
u,umɔz,umɛz,umɔz,umɛz
u,umɔʃ,umɛʃ,umɔʃ,umɛʃ
u,umɔʒ,umɛʒ,umɔʒ,umɛʒ
u,umɔθ,umɛθ,umɔθ,umɛθ
u,umɔð,umɛð,umɔð,umɛð
u,unɔm,unɛm,unɔm,unɛm
u,unɔn,unɛn,unɔn,unɛn
u,unɔŋ,unɛŋ,unɔŋ,unɛŋ
u,unɔp,unɛp,unɔp,unɛp
u,unɔt,unɛt,unɔt,unɛt
u,unɔk,unɛk,unɔk,unɛk
u,unɔb,unɛb,unɔb,unɛb
u,unɔd,unɛd,unɔd,unɛd
u,unɔg,unɛg,unɔg,unɛg
u,unɔf,unɛf,unɔf,unɛf
u,unɔs,unɛs,unɔs,unɛs
u,unɔv,unɛv,unɔv,unɛv
u,unɔz,unɛz,unɔz,unɛz
u,unɔʃ,unɛʃ,unɔʃ,unɛʃ
u,unɔʒ,unɛʒ,unɔʒ,unɛʒ
u,unɔθ,unɛθ,unɔθ,unɛθ
u,unɔð,unɛð,unɔð,unɛð
u,upɔm,upɛm,upɔm,upɛm
u,upɔn,upɛn,upɔn,upɛn
u,upɔŋ,upɛŋ,upɔŋ,upɛŋ
u,upɔp,upɛp,upɔp,upɛp
u,upɔt,upɛt,upɔt,upɛt
u,upɔk,upɛk,upɔk,upɛk
u,upɔb,upɛb,upɔb,upɛb
u,upɔd,upɛd,upɔd,upɛd
u,upɔg,upɛg,upɔg,upɛg
u,upɔf,upɛf,upɔf,upɛf
u,upɔs,upɛs,upɔs,upɛs
u,upɔv,upɛv,upɔv,upɛv
u,upɔz,upɛz,upɔz,upɛz
u,upɔʃ,upɛʃ,upɔʃ,upɛʃ
u,upɔʒ,upɛʒ,upɔʒ,upɛʒ
u,upɔθ,upɛθ,upɔθ,upɛθ
u,upɔð,upɛð,upɔð,upɛð
u,utɔm,utɛm,utɔm,utɛm
u,utɔn,utɛn,utɔn,utɛn
u,utɔŋ,utɛŋ,utɔŋ,utɛŋ
u,utɔp,utɛp,utɔp,utɛp
u,utɔt,utɛt,utɔt,utɛt
u,utɔk,utɛk,utɔk,utɛk
u,utɔb,utɛb,utɔb,utɛb
u,utɔd,utɛd,utɔd,utɛd
u,utɔg,utɛg,utɔg,utɛg
u,utɔf,utɛf,utɔf,utɛf
u,utɔs,utɛs,utɔs,utɛs
u,utɔv,utɛv,utɔv,utɛv
u,utɔz,utɛz,utɔz,utɛz
u,utɔʃ,utɛʃ,utɔʃ,utɛʃ
u,utɔʒ,utɛʒ,utɔʒ,utɛʒ
u,utɔθ,utɛθ,utɔθ,utɛθ
u,utɔð,utɛð,utɔð,utɛð
u,ukɔm,ukɛm,ukɔm,ukɛm
u,ukɔn,ukɛn,ukɔn,ukɛn
u,ukɔŋ,ukɛŋ,ukɔŋ,ukɛŋ
u,ukɔp,ukɛp,ukɔp,ukɛp
u,ukɔt,ukɛt,ukɔt,ukɛt
u,ukɔk,ukɛk,ukɔk,ukɛk
u,ukɔb,ukɛb,ukɔb,ukɛb
u,ukɔd,ukɛd,ukɔd,ukɛd
u,ukɔg,ukɛg,ukɔg,ukɛg
u,ukɔf,ukɛf,ukɔf,ukɛf
u,ukɔs,ukɛs,ukɔs,ukɛs
u,ukɔv,ukɛv,ukɔv,ukɛv
u,ukɔz,ukɛz,ukɔz,ukɛz
u,ukɔʃ,ukɛʃ,ukɔʃ,ukɛʃ
u,ukɔʒ,ukɛʒ,ukɔʒ,ukɛʒ
u,ukɔθ,ukɛθ,ukɔθ,ukɛθ
u,ukɔð,ukɛð,ukɔð,ukɛð
u,ubɔm,ubɛm,ubɔm,ubɛm
u,ubɔn,ubɛn,ubɔn,ubɛn
u,ubɔŋ,ubɛŋ,ubɔŋ,ubɛŋ
u,ubɔp,ubɛp,ubɔp,ubɛp
u,ubɔt,ubɛt,ubɔt,ubɛt
u,ubɔk,ubɛk,ubɔk,ubɛk
u,ubɔb,ubɛb,ubɔb,ubɛb
u,ubɔd,ubɛd,ubɔd,ubɛd
u,ubɔg,ubɛg,ubɔg,ubɛg
u,ubɔf,ubɛf,ubɔf,ubɛf
u,ubɔs,ubɛs,ubɔs,ubɛs
u,ubɔv,ubɛv,ubɔv,ubɛv
u,ubɔz,ubɛz,ubɔz,ubɛz
u,ubɔʃ,ubɛʃ,ubɔʃ,ubɛʃ
u,ubɔʒ,ubɛʒ,ubɔʒ,ubɛʒ
u,ubɔθ,ubɛθ,ubɔθ,ubɛθ
u,ubɔð,ubɛð,ubɔð,ubɛð
u,udɔm,udɛm,udɔm,udɛm
u,udɔn,udɛn,udɔn,udɛn
u,udɔŋ,udɛŋ,udɔŋ,udɛŋ
u,udɔp,udɛp,udɔp,udɛp
u,udɔt,udɛt,udɔt,udɛt
u,udɔk,udɛk,udɔk,udɛk
u,udɔb,udɛb,udɔb,udɛb
u,udɔd,udɛd,udɔd,udɛd
u,udɔg,udɛg,udɔg,udɛg
u,udɔf,udɛf,udɔf,udɛf
u,udɔs,udɛs,udɔs,udɛs
u,udɔv,udɛv,udɔv,udɛv
u,udɔz,udɛz,udɔz,udɛz
u,udɔʃ,udɛʃ,udɔʃ,udɛʃ
u,udɔʒ,udɛʒ,udɔʒ,udɛʒ
u,udɔθ,udɛθ,udɔθ,udɛθ
u,udɔð,udɛð,udɔð,udɛð
u,ugɔm,ugɛm,ugɔm,ugɛm
u,ugɔn,ugɛn,ugɔn,ugɛn
u,ugɔŋ,ugɛŋ,ugɔŋ,ugɛŋ
u,ugɔp,ugɛp,ugɔp,ugɛp
u,ugɔt,ugɛt,ugɔt,ugɛt
u,ugɔk,ugɛk,ugɔk,ugɛk
u,ugɔb,ugɛb,ugɔb,ugɛb
u,ugɔd,ugɛd,ugɔd,ugɛd
u,ugɔg,ugɛg,ugɔg,ugɛg
u,ugɔf,ugɛf,ugɔf,ugɛf
u,ugɔs,ugɛs,ugɔs,ugɛs
u,ugɔv,ugɛv,ugɔv,ugɛv
u,ugɔz,ugɛz,ugɔz,ugɛz
u,ugɔʃ,ugɛʃ,ugɔʃ,ugɛʃ
u,ugɔʒ,ugɛʒ,ugɔʒ,ugɛʒ
u,ugɔθ,ugɛθ,ugɔθ,ugɛθ
u,ugɔð,ugɛð,ugɔð,ugɛð
u,ufɔm,ufɛm,ufɔm,ufɛm
u,ufɔn,ufɛn,ufɔn,ufɛn
u,ufɔŋ,ufɛŋ,ufɔŋ,ufɛŋ
u,ufɔp,ufɛp,ufɔp,ufɛp
u,ufɔt,ufɛt,ufɔt,ufɛt
u,ufɔk,ufɛk,ufɔk,ufɛk
u,ufɔb,ufɛb,ufɔb,ufɛb
u,ufɔd,ufɛd,ufɔd,ufɛd
u,ufɔg,ufɛg,ufɔg,ufɛg
u,ufɔf,ufɛf,ufɔf,ufɛf
u,ufɔs,ufɛs,ufɔs,ufɛs
u,ufɔv,ufɛv,ufɔv,ufɛv
u,ufɔz,ufɛz,ufɔz,ufɛz
u,ufɔʃ,ufɛʃ,ufɔʃ,ufɛʃ
u,ufɔʒ,ufɛʒ,ufɔʒ,ufɛʒ
u,ufɔθ,ufɛθ,ufɔθ,ufɛθ
u,ufɔð,ufɛð,ufɔð,ufɛð
u,usɔm,usɛm,usɔm,usɛm
u,usɔn,usɛn,usɔn,usɛn
u,usɔŋ,usɛŋ,usɔŋ,usɛŋ
u,usɔp,usɛp,usɔp,usɛp
u,usɔt,usɛt,usɔt,usɛt
u,usɔk,usɛk,usɔk,usɛk
u,usɔb,usɛb,usɔb,usɛb
u,usɔd,usɛd,usɔd,usɛd
u,usɔg,usɛg,usɔg,usɛg
u,usɔf,usɛf,usɔf,usɛf
u,usɔs,usɛs,usɔs,usɛs
u,usɔv,usɛv,usɔv,usɛv
u,usɔz,usɛz,usɔz,usɛz
u,usɔʃ,usɛʃ,usɔʃ,usɛʃ
u,usɔʒ,usɛʒ,usɔʒ,usɛʒ
u,usɔθ,usɛθ,usɔθ,usɛθ
u,usɔð,usɛð,usɔð,usɛð
u,uvɔm,uvɛm,uvɔm,uvɛm
u,uvɔn,uvɛn,uvɔn,uvɛn
u,uvɔŋ,uvɛŋ,uvɔŋ,uvɛŋ
u,uvɔp,uvɛp,uvɔp,uvɛp
u,uvɔt,uvɛt,uvɔt,uvɛt
u,uvɔk,uvɛk,uvɔk,uvɛk
u,uvɔb,uvɛb,uvɔb,uvɛb
u,uvɔd,uvɛd,uvɔd,uvɛd
u,uvɔg,uvɛg,uvɔg,uvɛg
u,uvɔf,uvɛf,uvɔf,uvɛf
u,uvɔs,uvɛs,uvɔs,uvɛs
u,uvɔv,uvɛv,uvɔv,uvɛv
u,uvɔz,uvɛz,uvɔz,uvɛz
u,uvɔʃ,uvɛʃ,uvɔʃ,uvɛʃ
u,uvɔʒ,uvɛʒ,uvɔʒ,uvɛʒ
u,uvɔθ,uvɛθ,uvɔθ,uvɛθ
u,uvɔð,uvɛð,uvɔð,uvɛð
u,uzɔm,uzɛm,uzɔm,uzɛm
u,uzɔn,uzɛn,uzɔn,uzɛn
u,uzɔŋ,uzɛŋ,uzɔŋ,uzɛŋ
u,uzɔp,uzɛp,uzɔp,uzɛp
u,uzɔt,uzɛt,uzɔt,uzɛt
u,uzɔk,uzɛk,uzɔk,uzɛk
u,uzɔb,uzɛb,uzɔb,uzɛb
u,uzɔd,uzɛd,uzɔd,uzɛd
u,uzɔg,uzɛg,uzɔg,uzɛg
u,uzɔf,uzɛf,uzɔf,uzɛf
u,uzɔs,uzɛs,uzɔs,uzɛs
u,uzɔv,uzɛv,uzɔv,uzɛv
u,uzɔz,uzɛz,uzɔz,uzɛz
u,uzɔʃ,uzɛʃ,uzɔʃ,uzɛʃ
u,uzɔʒ,uzɛʒ,uzɔʒ,uzɛʒ
u,uzɔθ,uzɛθ,uzɔθ,uzɛθ
u,uzɔð,uzɛð,uzɔð,uzɛð
u,uʃɔm,uʃɛm,uʃɔm,uʃɛm
u,uʃɔn,uʃɛn,uʃɔn,uʃɛn
u,uʃɔŋ,uʃɛŋ,uʃɔŋ,uʃɛŋ
u,uʃɔp,uʃɛp,uʃɔp,uʃɛp
u,uʃɔt,uʃɛt,uʃɔt,uʃɛt
u,uʃɔk,uʃɛk,uʃɔk,uʃɛk
u,uʃɔb,uʃɛb,uʃɔb,uʃɛb
u,uʃɔd,uʃɛd,uʃɔd,uʃɛd
u,uʃɔg,uʃɛg,uʃɔg,uʃɛg
u,uʃɔf,uʃɛf,uʃɔf,uʃɛf
u,uʃɔs,uʃɛs,uʃɔs,uʃɛs
u,uʃɔv,uʃɛv,uʃɔv,uʃɛv
u,uʃɔz,uʃɛz,uʃɔz,uʃɛz
u,uʃɔʃ,uʃɛʃ,uʃɔʃ,uʃɛʃ
u,uʃɔʒ,uʃɛʒ,uʃɔʒ,uʃɛʒ
u,uʃɔθ,uʃɛθ,uʃɔθ,uʃɛθ
u,uʃɔð,uʃɛð,uʃɔð,uʃɛð
u,uʒɔm,uʒɛm,uʒɔm,uʒɛm
u,uʒɔn,uʒɛn,uʒɔn,uʒɛn
u,uʒɔŋ,uʒɛŋ,uʒɔŋ,uʒɛŋ
u,uʒɔp,uʒɛp,uʒɔp,uʒɛp
u,uʒɔt,uʒɛt,uʒɔt,uʒɛt
u,uʒɔk,uʒɛk,uʒɔk,uʒɛk
u,uʒɔb,uʒɛb,uʒɔb,uʒɛb
u,uʒɔd,uʒɛd,uʒɔd,uʒɛd
u,uʒɔg,uʒɛg,uʒɔg,uʒɛg
u,uʒɔf,uʒɛf,uʒɔf,uʒɛf
u,uʒɔs,uʒɛs,uʒɔs,uʒɛs
u,uʒɔv,uʒɛv,uʒɔv,uʒɛv
u,uʒɔz,uʒɛz,uʒɔz,uʒɛz
u,uʒɔʃ,uʒɛʃ,uʒɔʃ,uʒɛʃ
u,uʒɔʒ,uʒɛʒ,uʒɔʒ,uʒɛʒ
u,uʒɔθ,uʒɛθ,uʒɔθ,uʒɛθ
u,uʒɔð,uʒɛð,uʒɔð,uʒɛð
u,uθɔm,uθɛm,uθɔm,uθɛm
u,uθɔn,uθɛn,uθɔn,uθɛn
u,uθɔŋ,uθɛŋ,uθɔŋ,uθɛŋ
u,uθɔp,uθɛp,uθɔp,uθɛp
u,uθɔt,uθɛt,uθɔt,uθɛt
u,uθɔk,uθɛk,uθɔk,uθɛk
u,uθɔb,uθɛb,uθɔb,uθɛb
u,uθɔd,uθɛd,uθɔd,uθɛd
u,uθɔg,uθɛg,uθɔg,uθɛg
u,uθɔf,uθɛf,uθɔf,uθɛf
u,uθɔs,uθɛs,uθɔs,uθɛs
u,uθɔv,uθɛv,uθɔv,uθɛv
u,uθɔz,uθɛz,uθɔz,uθɛz
u,uθɔʃ,uθɛʃ,uθɔʃ,uθɛʃ
u,uθɔʒ,uθɛʒ,uθɔʒ,uθɛʒ
u,uθɔθ,uθɛθ,uθɔθ,uθɛθ
u,uθɔð,uθɛð,uθɔð,uθɛð
u,uðɔm,uðɛm,uðɔm,uðɛm
u,uðɔn,uðɛn,uðɔn,uðɛn
u,uðɔŋ,uðɛŋ,uðɔŋ,uðɛŋ
u,uðɔp,uðɛp,uðɔp,uðɛp
u,uðɔt,uðɛt,uðɔt,uðɛt
u,uðɔk,uðɛk,uðɔk,uðɛk
u,uðɔb,uðɛb,uðɔb,uðɛb
u,uðɔd,uðɛd,uðɔd,uðɛd
u,uðɔg,uðɛg,uðɔg,uðɛg
u,uðɔf,uðɛf,uðɔf,uðɛf
u,uðɔs,uðɛs,uðɔs,uðɛs
u,uðɔv,uðɛv,uðɔv,uðɛv
u,uðɔz,uðɛz,uðɔz,uðɛz
u,uðɔʃ,uðɛʃ,uðɔʃ,uðɛʃ
u,uðɔʒ,uðɛʒ,uðɔʒ,uðɛʒ
u,uðɔθ,uðɛθ,uðɔθ,uðɛθ
u,uðɔð,uðɛð,uðɔð,uðɛð
u,uhɔm,uhɛm,uhɔm,uhɛm
u,uhɔn,uhɛn,uhɔn,uhɛn
u,uhɔŋ,uhɛŋ,uhɔŋ,uhɛŋ
u,uhɔp,uhɛp,uhɔp,uhɛp
u,uhɔt,uhɛt,uhɔt,uhɛt
u,uhɔk,uhɛk,uhɔk,uhɛk
u,uhɔb,uhɛb,uhɔb,uhɛb
u,uhɔd,uhɛd,uhɔd,uhɛd
u,uhɔg,uhɛg,uhɔg,uhɛg
u,uhɔf,uhɛf,uhɔf,uhɛf
u,uhɔs,uhɛs,uhɔs,uhɛs
u,uhɔv,uhɛv,uhɔv,uhɛv
u,uhɔz,uhɛz,uhɔz,uhɛz
u,uhɔʃ,uhɛʃ,uhɔʃ,uhɛʃ
u,uhɔʒ,uhɛʒ,uhɔʒ,uhɛʒ
u,uhɔθ,uhɛθ,uhɔθ,uhɛθ
u,uhɔð,uhɛð,uhɔð,uhɛð
oʊ,oʊmɪm,oʊmɪm,omɪm,omɪm
oʊ,oʊmɪn,oʊmɪn,omɪn,omɪn
oʊ,oʊmɪŋ,oʊmɪŋ,omɪŋ,omɪŋ
oʊ,oʊmɪp,oʊmɪp,omɪp,omɪp
oʊ,oʊmɪt,oʊmɪt,omɪt,omɪt
oʊ,oʊmɪk,oʊmɪk,omɪk,omɪk
oʊ,oʊmɪb,oʊmɪb,omɪb,omɪb
oʊ,oʊmɪd,oʊmɪd,omɪd,omɪd
oʊ,oʊmɪg,oʊmɪg,omɪg,omɪg
oʊ,oʊmɪf,oʊmɪf,omɪf,omɪf
oʊ,oʊmɪs,oʊmɪs,omɪs,omɪs
oʊ,oʊmɪv,oʊmɪv,omɪv,omɪv
oʊ,oʊmɪz,oʊmɪz,omɪz,omɪz
oʊ,oʊmɪʃ,oʊmɪʃ,omɪʃ,omɪʃ
oʊ,oʊmɪʒ,oʊmɪʒ,omɪʒ,omɪʒ
oʊ,oʊmɪθ,oʊmɪθ,omɪθ,omɪθ
oʊ,oʊmɪð,oʊmɪð,omɪð,omɪð
oʊ,oʊnɪm,oʊnɪm,onɪm,onɪm
oʊ,oʊnɪn,oʊnɪn,onɪn,onɪn
oʊ,oʊnɪŋ,oʊnɪŋ,onɪŋ,onɪŋ
oʊ,oʊnɪp,oʊnɪp,onɪp,onɪp
oʊ,oʊnɪt,oʊnɪt,onɪt,onɪt
oʊ,oʊnɪk,oʊnɪk,onɪk,onɪk
oʊ,oʊnɪb,oʊnɪb,onɪb,onɪb
oʊ,oʊnɪd,oʊnɪd,onɪd,onɪd
oʊ,oʊnɪg,oʊnɪg,onɪg,onɪg
oʊ,oʊnɪf,oʊnɪf,onɪf,onɪf
oʊ,oʊnɪs,oʊnɪs,onɪs,onɪs
oʊ,oʊnɪv,oʊnɪv,onɪv,onɪv
oʊ,oʊnɪz,oʊnɪz,onɪz,onɪz
oʊ,oʊnɪʃ,oʊnɪʃ,onɪʃ,onɪʃ
oʊ,oʊnɪʒ,oʊnɪʒ,onɪʒ,onɪʒ
oʊ,oʊnɪθ,oʊnɪθ,onɪθ,onɪθ
oʊ,oʊnɪð,oʊnɪð,onɪð,onɪð
oʊ,oʊpɪm,oʊpɪm,opɪm,opɪm
oʊ,oʊpɪn,oʊpɪn,opɪn,opɪn
oʊ,oʊpɪŋ,oʊpɪŋ,opɪŋ,opɪŋ
oʊ,oʊpɪp,oʊpɪp,opɪp,opɪp
oʊ,oʊpɪt,oʊpɪt,opɪt,opɪt
oʊ,oʊpɪk,oʊpɪk,opɪk,opɪk
oʊ,oʊpɪb,oʊpɪb,opɪb,opɪb
oʊ,oʊpɪd,oʊpɪd,opɪd,opɪd
oʊ,oʊpɪg,oʊpɪg,opɪg,opɪg
oʊ,oʊpɪf,oʊpɪf,opɪf,opɪf
oʊ,oʊpɪs,oʊpɪs,opɪs,opɪs
oʊ,oʊpɪv,oʊpɪv,opɪv,opɪv
oʊ,oʊpɪz,oʊpɪz,opɪz,opɪz
oʊ,oʊpɪʃ,oʊpɪʃ,opɪʃ,opɪʃ
oʊ,oʊpɪʒ,oʊpɪʒ,opɪʒ,opɪʒ
oʊ,oʊpɪθ,oʊpɪθ,opɪθ,opɪθ
oʊ,oʊpɪð,oʊpɪð,opɪð,opɪð
oʊ,oʊtɪm,oʊtɪm,otɪm,otɪm
oʊ,oʊtɪn,oʊtɪn,otɪn,otɪn
oʊ,oʊtɪŋ,oʊtɪŋ,otɪŋ,otɪŋ
oʊ,oʊtɪp,oʊtɪp,otɪp,otɪp
oʊ,oʊtɪt,oʊtɪt,otɪt,otɪt
oʊ,oʊtɪk,oʊtɪk,otɪk,otɪk
oʊ,oʊtɪb,oʊtɪb,otɪb,otɪb
oʊ,oʊtɪd,oʊtɪd,otɪd,otɪd
oʊ,oʊtɪg,oʊtɪg,otɪg,otɪg
oʊ,oʊtɪf,oʊtɪf,otɪf,otɪf
oʊ,oʊtɪs,oʊtɪs,otɪs,otɪs
oʊ,oʊtɪv,oʊtɪv,otɪv,otɪv
oʊ,oʊtɪz,oʊtɪz,otɪz,otɪz
oʊ,oʊtɪʃ,oʊtɪʃ,otɪʃ,otɪʃ
oʊ,oʊtɪʒ,oʊtɪʒ,otɪʒ,otɪʒ
oʊ,oʊtɪθ,oʊtɪθ,otɪθ,otɪθ
oʊ,oʊtɪð,oʊtɪð,otɪð,otɪð
oʊ,oʊkɪm,oʊkɪm,okɪm,okɪm
oʊ,oʊkɪn,oʊkɪn,okɪn,okɪn
oʊ,oʊkɪŋ,oʊkɪŋ,okɪŋ,okɪŋ
oʊ,oʊkɪp,oʊkɪp,okɪp,okɪp
oʊ,oʊkɪt,oʊkɪt,okɪt,okɪt
oʊ,oʊkɪk,oʊkɪk,okɪk,okɪk
oʊ,oʊkɪb,oʊkɪb,okɪb,okɪb
oʊ,oʊkɪd,oʊkɪd,okɪd,okɪd
oʊ,oʊkɪg,oʊkɪg,okɪg,okɪg
oʊ,oʊkɪf,oʊkɪf,okɪf,okɪf
oʊ,oʊkɪs,oʊkɪs,okɪs,okɪs
oʊ,oʊkɪv,oʊkɪv,okɪv,okɪv
oʊ,oʊkɪz,oʊkɪz,okɪz,okɪz
oʊ,oʊkɪʃ,oʊkɪʃ,okɪʃ,okɪʃ
oʊ,oʊkɪʒ,oʊkɪʒ,okɪʒ,okɪʒ
oʊ,oʊkɪθ,oʊkɪθ,okɪθ,okɪθ
oʊ,oʊkɪð,oʊkɪð,okɪð,okɪð
oʊ,oʊbɪm,oʊbɪm,obɪm,obɪm
oʊ,oʊbɪn,oʊbɪn,obɪn,obɪn
oʊ,oʊbɪŋ,oʊbɪŋ,obɪŋ,obɪŋ
oʊ,oʊbɪp,oʊbɪp,obɪp,obɪp
oʊ,oʊbɪt,oʊbɪt,obɪt,obɪt
oʊ,oʊbɪk,oʊbɪk,obɪk,obɪk
oʊ,oʊbɪb,oʊbɪb,obɪb,obɪb
oʊ,oʊbɪd,oʊbɪd,obɪd,obɪd
oʊ,oʊbɪg,oʊbɪg,obɪg,obɪg
oʊ,oʊbɪf,oʊbɪf,obɪf,obɪf
oʊ,oʊbɪs,oʊbɪs,obɪs,obɪs
oʊ,oʊbɪv,oʊbɪv,obɪv,obɪv
oʊ,oʊbɪz,oʊbɪz,obɪz,obɪz
oʊ,oʊbɪʃ,oʊbɪʃ,obɪʃ,obɪʃ
oʊ,oʊbɪʒ,oʊbɪʒ,obɪʒ,obɪʒ
oʊ,oʊbɪθ,oʊbɪθ,obɪθ,obɪθ
oʊ,oʊbɪð,oʊbɪð,obɪð,obɪð
oʊ,oʊdɪm,oʊdɪm,odɪm,odɪm
oʊ,oʊdɪn,oʊdɪn,odɪn,odɪn
oʊ,oʊdɪŋ,oʊdɪŋ,odɪŋ,odɪŋ
oʊ,oʊdɪp,oʊdɪp,odɪp,odɪp
oʊ,oʊdɪt,oʊdɪt,odɪt,odɪt
oʊ,oʊdɪk,oʊdɪk,odɪk,odɪk
oʊ,oʊdɪb,oʊdɪb,odɪb,odɪb
oʊ,oʊdɪd,oʊdɪd,odɪd,odɪd
oʊ,oʊdɪg,oʊdɪg,odɪg,odɪg
oʊ,oʊdɪf,oʊdɪf,odɪf,odɪf
oʊ,oʊdɪs,oʊdɪs,odɪs,odɪs
oʊ,oʊdɪv,oʊdɪv,odɪv,odɪv
oʊ,oʊdɪz,oʊdɪz,odɪz,odɪz
oʊ,oʊdɪʃ,oʊdɪʃ,odɪʃ,odɪʃ
oʊ,oʊdɪʒ,oʊdɪʒ,odɪʒ,odɪʒ
oʊ,oʊdɪθ,oʊdɪθ,odɪθ,odɪθ
oʊ,oʊdɪð,oʊdɪð,odɪð,odɪð
oʊ,oʊgɪm,oʊgɪm,ogɪm,ogɪm
oʊ,oʊgɪn,oʊgɪn,ogɪn,ogɪn
oʊ,oʊgɪŋ,oʊgɪŋ,ogɪŋ,ogɪŋ
oʊ,oʊgɪp,oʊgɪp,ogɪp,ogɪp
oʊ,oʊgɪt,oʊgɪt,ogɪt,ogɪt
oʊ,oʊgɪk,oʊgɪk,ogɪk,ogɪk
oʊ,oʊgɪb,oʊgɪb,ogɪb,ogɪb
oʊ,oʊgɪd,oʊgɪd,ogɪd,ogɪd
oʊ,oʊgɪg,oʊgɪg,ogɪg,ogɪg
oʊ,oʊgɪf,oʊgɪf,ogɪf,ogɪf
oʊ,oʊgɪs,oʊgɪs,ogɪs,ogɪs
oʊ,oʊgɪv,oʊgɪv,ogɪv,ogɪv
oʊ,oʊgɪz,oʊgɪz,ogɪz,ogɪz
oʊ,oʊgɪʃ,oʊgɪʃ,ogɪʃ,ogɪʃ
oʊ,oʊgɪʒ,oʊgɪʒ,ogɪʒ,ogɪʒ
oʊ,oʊgɪθ,oʊgɪθ,ogɪθ,ogɪθ
oʊ,oʊgɪð,oʊgɪð,ogɪð,ogɪð
oʊ,oʊfɪm,oʊfɪm,ofɪm,ofɪm
oʊ,oʊfɪn,oʊfɪn,ofɪn,ofɪn
oʊ,oʊfɪŋ,oʊfɪŋ,ofɪŋ,ofɪŋ
oʊ,oʊfɪp,oʊfɪp,ofɪp,ofɪp
oʊ,oʊfɪt,oʊfɪt,ofɪt,ofɪt
oʊ,oʊfɪk,oʊfɪk,ofɪk,ofɪk
oʊ,oʊfɪb,oʊfɪb,ofɪb,ofɪb
oʊ,oʊfɪd,oʊfɪd,ofɪd,ofɪd
oʊ,oʊfɪg,oʊfɪg,ofɪg,ofɪg
oʊ,oʊfɪf,oʊfɪf,ofɪf,ofɪf
oʊ,oʊfɪs,oʊfɪs,ofɪs,ofɪs
oʊ,oʊfɪv,oʊfɪv,ofɪv,ofɪv
oʊ,oʊfɪz,oʊfɪz,ofɪz,ofɪz
oʊ,oʊfɪʃ,oʊfɪʃ,ofɪʃ,ofɪʃ
oʊ,oʊfɪʒ,oʊfɪʒ,ofɪʒ,ofɪʒ
oʊ,oʊfɪθ,oʊfɪθ,ofɪθ,ofɪθ
oʊ,oʊfɪð,oʊfɪð,ofɪð,ofɪð
oʊ,oʊsɪm,oʊsɪm,osɪm,osɪm
oʊ,oʊsɪn,oʊsɪn,osɪn,osɪn
oʊ,oʊsɪŋ,oʊsɪŋ,osɪŋ,osɪŋ
oʊ,oʊsɪp,oʊsɪp,osɪp,osɪp
oʊ,oʊsɪt,oʊsɪt,osɪt,osɪt
oʊ,oʊsɪk,oʊsɪk,osɪk,osɪk
oʊ,oʊsɪb,oʊsɪb,osɪb,osɪb
oʊ,oʊsɪd,oʊsɪd,osɪd,osɪd
oʊ,oʊsɪg,oʊsɪg,osɪg,osɪg
oʊ,oʊsɪf,oʊsɪf,osɪf,osɪf
oʊ,oʊsɪs,oʊsɪs,osɪs,osɪs
oʊ,oʊsɪv,oʊsɪv,osɪv,osɪv
oʊ,oʊsɪz,oʊsɪz,osɪz,osɪz
oʊ,oʊsɪʃ,oʊsɪʃ,osɪʃ,osɪʃ
oʊ,oʊsɪʒ,oʊsɪʒ,osɪʒ,osɪʒ
oʊ,oʊsɪθ,oʊsɪθ,osɪθ,osɪθ
oʊ,oʊsɪð,oʊsɪð,osɪð,osɪð
oʊ,oʊvɪm,oʊvɪm,ovɪm,ovɪm
oʊ,oʊvɪn,oʊvɪn,ovɪn,ovɪn
oʊ,oʊvɪŋ,oʊvɪŋ,ovɪŋ,ovɪŋ
oʊ,oʊvɪp,oʊvɪp,ovɪp,ovɪp
oʊ,oʊvɪt,oʊvɪt,ovɪt,ovɪt
oʊ,oʊvɪk,oʊvɪk,ovɪk,ovɪk
oʊ,oʊvɪb,oʊvɪb,ovɪb,ovɪb
oʊ,oʊvɪd,oʊvɪd,ovɪd,ovɪd
oʊ,oʊvɪg,oʊvɪg,ovɪg,ovɪg
oʊ,oʊvɪf,oʊvɪf,ovɪf,ovɪf
oʊ,oʊvɪs,oʊvɪs,ovɪs,ovɪs
oʊ,oʊvɪv,oʊvɪv,ovɪv,ovɪv
oʊ,oʊvɪz,oʊvɪz,ovɪz,ovɪz
oʊ,oʊvɪʃ,oʊvɪʃ,ovɪʃ,ovɪʃ
oʊ,oʊvɪʒ,oʊvɪʒ,ovɪʒ,ovɪʒ
oʊ,oʊvɪθ,oʊvɪθ,ovɪθ,ovɪθ
oʊ,oʊvɪð,oʊvɪð,ovɪð,ovɪð
oʊ,oʊzɪm,oʊzɪm,ozɪm,ozɪm
oʊ,oʊzɪn,oʊzɪn,ozɪn,ozɪn
oʊ,oʊzɪŋ,oʊzɪŋ,ozɪŋ,ozɪŋ
oʊ,oʊzɪp,oʊzɪp,ozɪp,ozɪp
oʊ,oʊzɪt,oʊzɪt,ozɪt,ozɪt
oʊ,oʊzɪk,oʊzɪk,ozɪk,ozɪk
oʊ,oʊzɪb,oʊzɪb,ozɪb,ozɪb
oʊ,oʊzɪd,oʊzɪd,ozɪd,ozɪd
oʊ,oʊzɪg,oʊzɪg,ozɪg,ozɪg
oʊ,oʊzɪf,oʊzɪf,ozɪf,ozɪf
oʊ,oʊzɪs,oʊzɪs,ozɪs,ozɪs
oʊ,oʊzɪv,oʊzɪv,ozɪv,ozɪv
oʊ,oʊzɪz,oʊzɪz,ozɪz,ozɪz
oʊ,oʊzɪʃ,oʊzɪʃ,ozɪʃ,ozɪʃ
oʊ,oʊzɪʒ,oʊzɪʒ,ozɪʒ,ozɪʒ
oʊ,oʊzɪθ,oʊzɪθ,ozɪθ,ozɪθ
oʊ,oʊzɪð,oʊzɪð,ozɪð,ozɪð
oʊ,oʊʃɪm,oʊʃɪm,oʃɪm,oʃɪm
oʊ,oʊʃɪn,oʊʃɪn,oʃɪn,oʃɪn
oʊ,oʊʃɪŋ,oʊʃɪŋ,oʃɪŋ,oʃɪŋ
oʊ,oʊʃɪp,oʊʃɪp,oʃɪp,oʃɪp
oʊ,oʊʃɪt,oʊʃɪt,oʃɪt,oʃɪt
oʊ,oʊʃɪk,oʊʃɪk,oʃɪk,oʃɪk
oʊ,oʊʃɪb,oʊʃɪb,oʃɪb,oʃɪb
oʊ,oʊʃɪd,oʊʃɪd,oʃɪd,oʃɪd
oʊ,oʊʃɪg,oʊʃɪg,oʃɪg,oʃɪg
oʊ,oʊʃɪf,oʊʃɪf,oʃɪf,oʃɪf
oʊ,oʊʃɪs,oʊʃɪs,oʃɪs,oʃɪs
oʊ,oʊʃɪv,oʊʃɪv,oʃɪv,oʃɪv
oʊ,oʊʃɪz,oʊʃɪz,oʃɪz,oʃɪz
oʊ,oʊʃɪʃ,oʊʃɪʃ,oʃɪʃ,oʃɪʃ
oʊ,oʊʃɪʒ,oʊʃɪʒ,oʃɪʒ,oʃɪʒ
oʊ,oʊʃɪθ,oʊʃɪθ,oʃɪθ,oʃɪθ
oʊ,oʊʃɪð,oʊʃɪð,oʃɪð,oʃɪð
oʊ,oʊʒɪm,oʊʒɪm,oʒɪm,oʒɪm
oʊ,oʊʒɪn,oʊʒɪn,oʒɪn,oʒɪn
oʊ,oʊʒɪŋ,oʊʒɪŋ,oʒɪŋ,oʒɪŋ
oʊ,oʊʒɪp,oʊʒɪp,oʒɪp,oʒɪp
oʊ,oʊʒɪt,oʊʒɪt,oʒɪt,oʒɪt
oʊ,oʊʒɪk,oʊʒɪk,oʒɪk,oʒɪk
oʊ,oʊʒɪb,oʊʒɪb,oʒɪb,oʒɪb
oʊ,oʊʒɪd,oʊʒɪd,oʒɪd,oʒɪd
oʊ,oʊʒɪg,oʊʒɪg,oʒɪg,oʒɪg
oʊ,oʊʒɪf,oʊʒɪf,oʒɪf,oʒɪf
oʊ,oʊʒɪs,oʊʒɪs,oʒɪs,oʒɪs
oʊ,oʊʒɪv,oʊʒɪv,oʒɪv,oʒɪv
oʊ,oʊʒɪz,oʊʒɪz,oʒɪz,oʒɪz
oʊ,oʊʒɪʃ,oʊʒɪʃ,oʒɪʃ,oʒɪʃ
oʊ,oʊʒɪʒ,oʊʒɪʒ,oʒɪʒ,oʒɪʒ
oʊ,oʊʒɪθ,oʊʒɪθ,oʒɪθ,oʒɪθ
oʊ,oʊʒɪð,oʊʒɪð,oʒɪð,oʒɪð
oʊ,oʊθɪm,oʊθɪm,oθɪm,oθɪm
oʊ,oʊθɪn,oʊθɪn,oθɪn,oθɪn
oʊ,oʊθɪŋ,oʊθɪŋ,oθɪŋ,oθɪŋ
oʊ,oʊθɪp,oʊθɪp,oθɪp,oθɪp
oʊ,oʊθɪt,oʊθɪt,oθɪt,oθɪt
oʊ,oʊθɪk,oʊθɪk,oθɪk,oθɪk
oʊ,oʊθɪb,oʊθɪb,oθɪb,oθɪb
oʊ,oʊθɪd,oʊθɪd,oθɪd,oθɪd
oʊ,oʊθɪg,oʊθɪg,oθɪg,oθɪg
oʊ,oʊθɪf,oʊθɪf,oθɪf,oθɪf
oʊ,oʊθɪs,oʊθɪs,oθɪs,oθɪs
oʊ,oʊθɪv,oʊθɪv,oθɪv,oθɪv
oʊ,oʊθɪz,oʊθɪz,oθɪz,oθɪz
oʊ,oʊθɪʃ,oʊθɪʃ,oθɪʃ,oθɪʃ
oʊ,oʊθɪʒ,oʊθɪʒ,oθɪʒ,oθɪʒ
oʊ,oʊθɪθ,oʊθɪθ,oθɪθ,oθɪθ
oʊ,oʊθɪð,oʊθɪð,oθɪð,oθɪð
oʊ,oʊðɪm,oʊðɪm,oðɪm,oðɪm
oʊ,oʊðɪn,oʊðɪn,oðɪn,oðɪn
oʊ,oʊðɪŋ,oʊðɪŋ,oðɪŋ,oðɪŋ
oʊ,oʊðɪp,oʊðɪp,oðɪp,oðɪp
oʊ,oʊðɪt,oʊðɪt,oðɪt,oðɪt
oʊ,oʊðɪk,oʊðɪk,oðɪk,oðɪk
oʊ,oʊðɪb,oʊðɪb,oðɪb,oðɪb
oʊ,oʊðɪd,oʊðɪd,oðɪd,oðɪd
oʊ,oʊðɪg,oʊðɪg,oðɪg,oðɪg
oʊ,oʊðɪf,oʊðɪf,oðɪf,oðɪf
oʊ,oʊðɪs,oʊðɪs,oðɪs,oðɪs
oʊ,oʊðɪv,oʊðɪv,oðɪv,oðɪv
oʊ,oʊðɪz,oʊðɪz,oðɪz,oðɪz
oʊ,oʊðɪʃ,oʊðɪʃ,oðɪʃ,oðɪʃ
oʊ,oʊðɪʒ,oʊðɪʒ,oðɪʒ,oðɪʒ
oʊ,oʊðɪθ,oʊðɪθ,oðɪθ,oðɪθ
oʊ,oʊðɪð,oʊðɪð,oðɪð,oðɪð
oʊ,oʊhɪm,oʊhɪm,ohɪm,ohɪm
oʊ,oʊhɪn,oʊhɪn,ohɪn,ohɪn
oʊ,oʊhɪŋ,oʊhɪŋ,ohɪŋ,ohɪŋ
oʊ,oʊhɪp,oʊhɪp,ohɪp,ohɪp
oʊ,oʊhɪt,oʊhɪt,ohɪt,ohɪt
oʊ,oʊhɪk,oʊhɪk,ohɪk,ohɪk
oʊ,oʊhɪb,oʊhɪb,ohɪb,ohɪb
oʊ,oʊhɪd,oʊhɪd,ohɪd,ohɪd
oʊ,oʊhɪg,oʊhɪg,ohɪg,ohɪg
oʊ,oʊhɪf,oʊhɪf,ohɪf,ohɪf
oʊ,oʊhɪs,oʊhɪs,ohɪs,ohɪs
oʊ,oʊhɪv,oʊhɪv,ohɪv,ohɪv
oʊ,oʊhɪz,oʊhɪz,ohɪz,ohɪz
oʊ,oʊhɪʃ,oʊhɪʃ,ohɪʃ,ohɪʃ
oʊ,oʊhɪʒ,oʊhɪʒ,ohɪʒ,ohɪʒ
oʊ,oʊhɪθ,oʊhɪθ,ohɪθ,ohɪθ
oʊ,oʊhɪð,oʊhɪð,ohɪð,ohɪð
oʊ,oʊmɛm,oʊmɛm,omɛm,omɛm
oʊ,oʊmɛn,oʊmɛn,omɛn,omɛn
oʊ,oʊmɛŋ,oʊmɛŋ,omɛŋ,omɛŋ
oʊ,oʊmɛp,oʊmɛp,omɛp,omɛp
oʊ,oʊmɛt,oʊmɛt,omɛt,omɛt
oʊ,oʊmɛk,oʊmɛk,omɛk,omɛk
oʊ,oʊmɛb,oʊmɛb,omɛb,omɛb
oʊ,oʊmɛd,oʊmɛd,omɛd,omɛd
oʊ,oʊmɛg,oʊmɛg,omɛg,omɛg
oʊ,oʊmɛf,oʊmɛf,omɛf,omɛf
oʊ,oʊmɛs,oʊmɛs,omɛs,omɛs
oʊ,oʊmɛv,oʊmɛv,omɛv,omɛv
oʊ,oʊmɛz,oʊmɛz,omɛz,omɛz
oʊ,oʊmɛʃ,oʊmɛʃ,omɛʃ,omɛʃ
oʊ,oʊmɛʒ,oʊmɛʒ,omɛʒ,omɛʒ
oʊ,oʊmɛθ,oʊmɛθ,omɛθ,omɛθ
oʊ,oʊmɛð,oʊmɛð,omɛð,omɛð
oʊ,oʊnɛm,oʊnɛm,onɛm,onɛm
oʊ,oʊnɛn,oʊnɛn,onɛn,onɛn
oʊ,oʊnɛŋ,oʊnɛŋ,onɛŋ,onɛŋ
oʊ,oʊnɛp,oʊnɛp,onɛp,onɛp
oʊ,oʊnɛt,oʊnɛt,onɛt,onɛt
oʊ,oʊnɛk,oʊnɛk,onɛk,onɛk
oʊ,oʊnɛb,oʊnɛb,onɛb,onɛb
oʊ,oʊnɛd,oʊnɛd,onɛd,onɛd
oʊ,oʊnɛg,oʊnɛg,onɛg,onɛg
oʊ,oʊnɛf,oʊnɛf,onɛf,onɛf
oʊ,oʊnɛs,oʊnɛs,onɛs,onɛs
oʊ,oʊnɛv,oʊnɛv,onɛv,onɛv
oʊ,oʊnɛz,oʊnɛz,onɛz,onɛz
oʊ,oʊnɛʃ,oʊnɛʃ,onɛʃ,onɛʃ
oʊ,oʊnɛʒ,oʊnɛʒ,onɛʒ,onɛʒ
oʊ,oʊnɛθ,oʊnɛθ,onɛθ,onɛθ
oʊ,oʊnɛð,oʊnɛð,onɛð,onɛð
oʊ,oʊpɛm,oʊpɛm,opɛm,opɛm
oʊ,oʊpɛn,oʊpɛn,opɛn,opɛn
oʊ,oʊpɛŋ,oʊpɛŋ,opɛŋ,opɛŋ
oʊ,oʊpɛp,oʊpɛp,opɛp,opɛp
oʊ,oʊpɛt,oʊpɛt,opɛt,opɛt
oʊ,oʊpɛk,oʊpɛk,opɛk,opɛk
oʊ,oʊpɛb,oʊpɛb,opɛb,opɛb
oʊ,oʊpɛd,oʊpɛd,opɛd,opɛd
oʊ,oʊpɛg,oʊpɛg,opɛg,opɛg
oʊ,oʊpɛf,oʊpɛf,opɛf,opɛf
oʊ,oʊpɛs,oʊpɛs,opɛs,opɛs
oʊ,oʊpɛv,oʊpɛv,opɛv,opɛv
oʊ,oʊpɛz,oʊpɛz,opɛz,opɛz
oʊ,oʊpɛʃ,oʊpɛʃ,opɛʃ,opɛʃ
oʊ,oʊpɛʒ,oʊpɛʒ,opɛʒ,opɛʒ
oʊ,oʊpɛθ,oʊpɛθ,opɛθ,opɛθ
oʊ,oʊpɛð,oʊpɛð,opɛð,opɛð
oʊ,oʊtɛm,oʊtɛm,otɛm,otɛm
oʊ,oʊtɛn,oʊtɛn,otɛn,otɛn
oʊ,oʊtɛŋ,oʊtɛŋ,otɛŋ,otɛŋ
oʊ,oʊtɛp,oʊtɛp,otɛp,otɛp
oʊ,oʊtɛt,oʊtɛt,otɛt,otɛt
oʊ,oʊtɛk,oʊtɛk,otɛk,otɛk
oʊ,oʊtɛb,oʊtɛb,otɛb,otɛb
oʊ,oʊtɛd,oʊtɛd,otɛd,otɛd
oʊ,oʊtɛg,oʊtɛg,otɛg,otɛg
oʊ,oʊtɛf,oʊtɛf,otɛf,otɛf
oʊ,oʊtɛs,oʊtɛs,otɛs,otɛs
oʊ,oʊtɛv,oʊtɛv,otɛv,otɛv
oʊ,oʊtɛz,oʊtɛz,otɛz,otɛz
oʊ,oʊtɛʃ,oʊtɛʃ,otɛʃ,otɛʃ
oʊ,oʊtɛʒ,oʊtɛʒ,otɛʒ,otɛʒ
oʊ,oʊtɛθ,oʊtɛθ,otɛθ,otɛθ
oʊ,oʊtɛð,oʊtɛð,otɛð,otɛð
oʊ,oʊkɛm,oʊkɛm,okɛm,okɛm
oʊ,oʊkɛn,oʊkɛn,okɛn,okɛn
oʊ,oʊkɛŋ,oʊkɛŋ,okɛŋ,okɛŋ
oʊ,oʊkɛp,oʊkɛp,okɛp,okɛp
oʊ,oʊkɛt,oʊkɛt,okɛt,okɛt
oʊ,oʊkɛk,oʊkɛk,okɛk,okɛk
oʊ,oʊkɛb,oʊkɛb,okɛb,okɛb
oʊ,oʊkɛd,oʊkɛd,okɛd,okɛd
oʊ,oʊkɛg,oʊkɛg,okɛg,okɛg
oʊ,oʊkɛf,oʊkɛf,okɛf,okɛf
oʊ,oʊkɛs,oʊkɛs,okɛs,okɛs
oʊ,oʊkɛv,oʊkɛv,okɛv,okɛv
oʊ,oʊkɛz,oʊkɛz,okɛz,okɛz
oʊ,oʊkɛʃ,oʊkɛʃ,okɛʃ,okɛʃ
oʊ,oʊkɛʒ,oʊkɛʒ,okɛʒ,okɛʒ
oʊ,oʊkɛθ,oʊkɛθ,okɛθ,okɛθ
oʊ,oʊkɛð,oʊkɛð,okɛð,okɛð
oʊ,oʊbɛm,oʊbɛm,obɛm,obɛm
oʊ,oʊbɛn,oʊbɛn,obɛn,obɛn
oʊ,oʊbɛŋ,oʊbɛŋ,obɛŋ,obɛŋ
oʊ,oʊbɛp,oʊbɛp,obɛp,obɛp
oʊ,oʊbɛt,oʊbɛt,obɛt,obɛt
oʊ,oʊbɛk,oʊbɛk,obɛk,obɛk
oʊ,oʊbɛb,oʊbɛb,obɛb,obɛb
oʊ,oʊbɛd,oʊbɛd,obɛd,obɛd
oʊ,oʊbɛg,oʊbɛg,obɛg,obɛg
oʊ,oʊbɛf,oʊbɛf,obɛf,obɛf
oʊ,oʊbɛs,oʊbɛs,obɛs,obɛs
oʊ,oʊbɛv,oʊbɛv,obɛv,obɛv
oʊ,oʊbɛz,oʊbɛz,obɛz,obɛz
oʊ,oʊbɛʃ,oʊbɛʃ,obɛʃ,obɛʃ
oʊ,oʊbɛʒ,oʊbɛʒ,obɛʒ,obɛʒ
oʊ,oʊbɛθ,oʊbɛθ,obɛθ,obɛθ
oʊ,oʊbɛð,oʊbɛð,obɛð,obɛð
oʊ,oʊdɛm,oʊdɛm,odɛm,odɛm
oʊ,oʊdɛn,oʊdɛn,odɛn,odɛn
oʊ,oʊdɛŋ,oʊdɛŋ,odɛŋ,odɛŋ
oʊ,oʊdɛp,oʊdɛp,odɛp,odɛp
oʊ,oʊdɛt,oʊdɛt,odɛt,odɛt
oʊ,oʊdɛk,oʊdɛk,odɛk,odɛk
oʊ,oʊdɛb,oʊdɛb,odɛb,odɛb
oʊ,oʊdɛd,oʊdɛd,odɛd,odɛd
oʊ,oʊdɛg,oʊdɛg,odɛg,odɛg
oʊ,oʊdɛf,oʊdɛf,odɛf,odɛf
oʊ,oʊdɛs,oʊdɛs,odɛs,odɛs
oʊ,oʊdɛv,oʊdɛv,odɛv,odɛv
oʊ,oʊdɛz,oʊdɛz,odɛz,odɛz
oʊ,oʊdɛʃ,oʊdɛʃ,odɛʃ,odɛʃ
oʊ,oʊdɛʒ,oʊdɛʒ,odɛʒ,odɛʒ
oʊ,oʊdɛθ,oʊdɛθ,odɛθ,odɛθ
oʊ,oʊdɛð,oʊdɛð,odɛð,odɛð
oʊ,oʊgɛm,oʊgɛm,ogɛm,ogɛm
oʊ,oʊgɛn,oʊgɛn,ogɛn,ogɛn
oʊ,oʊgɛŋ,oʊgɛŋ,ogɛŋ,ogɛŋ
oʊ,oʊgɛp,oʊgɛp,ogɛp,ogɛp
oʊ,oʊgɛt,oʊgɛt,ogɛt,ogɛt
oʊ,oʊgɛk,oʊgɛk,ogɛk,ogɛk
oʊ,oʊgɛb,oʊgɛb,ogɛb,ogɛb
oʊ,oʊgɛd,oʊgɛd,ogɛd,ogɛd
oʊ,oʊgɛg,oʊgɛg,ogɛg,ogɛg
oʊ,oʊgɛf,oʊgɛf,ogɛf,ogɛf
oʊ,oʊgɛs,oʊgɛs,ogɛs,ogɛs
oʊ,oʊgɛv,oʊgɛv,ogɛv,ogɛv
oʊ,oʊgɛz,oʊgɛz,ogɛz,ogɛz
oʊ,oʊgɛʃ,oʊgɛʃ,ogɛʃ,ogɛʃ
oʊ,oʊgɛʒ,oʊgɛʒ,ogɛʒ,ogɛʒ
oʊ,oʊgɛθ,oʊgɛθ,ogɛθ,ogɛθ
oʊ,oʊgɛð,oʊgɛð,ogɛð,ogɛð
oʊ,oʊfɛm,oʊfɛm,ofɛm,ofɛm
oʊ,oʊfɛn,oʊfɛn,ofɛn,ofɛn
oʊ,oʊfɛŋ,oʊfɛŋ,ofɛŋ,ofɛŋ
oʊ,oʊfɛp,oʊfɛp,ofɛp,ofɛp
oʊ,oʊfɛt,oʊfɛt,ofɛt,ofɛt
oʊ,oʊfɛk,oʊfɛk,ofɛk,ofɛk
oʊ,oʊfɛb,oʊfɛb,ofɛb,ofɛb
oʊ,oʊfɛd,oʊfɛd,ofɛd,ofɛd
oʊ,oʊfɛg,oʊfɛg,ofɛg,ofɛg
oʊ,oʊfɛf,oʊfɛf,ofɛf,ofɛf
oʊ,oʊfɛs,oʊfɛs,ofɛs,ofɛs
oʊ,oʊfɛv,oʊfɛv,ofɛv,ofɛv
oʊ,oʊfɛz,oʊfɛz,ofɛz,ofɛz
oʊ,oʊfɛʃ,oʊfɛʃ,ofɛʃ,ofɛʃ
oʊ,oʊfɛʒ,oʊfɛʒ,ofɛʒ,ofɛʒ
oʊ,oʊfɛθ,oʊfɛθ,ofɛθ,ofɛθ
oʊ,oʊfɛð,oʊfɛð,ofɛð,ofɛð
oʊ,oʊsɛm,oʊsɛm,osɛm,osɛm
oʊ,oʊsɛn,oʊsɛn,osɛn,osɛn
oʊ,oʊsɛŋ,oʊsɛŋ,osɛŋ,osɛŋ
oʊ,oʊsɛp,oʊsɛp,osɛp,osɛp
oʊ,oʊsɛt,oʊsɛt,osɛt,osɛt
oʊ,oʊsɛk,oʊsɛk,osɛk,osɛk
oʊ,oʊsɛb,oʊsɛb,osɛb,osɛb
oʊ,oʊsɛd,oʊsɛd,osɛd,osɛd
oʊ,oʊsɛg,oʊsɛg,osɛg,osɛg
oʊ,oʊsɛf,oʊsɛf,osɛf,osɛf
oʊ,oʊsɛs,oʊsɛs,osɛs,osɛs
oʊ,oʊsɛv,oʊsɛv,osɛv,osɛv
oʊ,oʊsɛz,oʊsɛz,osɛz,osɛz
oʊ,oʊsɛʃ,oʊsɛʃ,osɛʃ,osɛʃ
oʊ,oʊsɛʒ,oʊsɛʒ,osɛʒ,osɛʒ
oʊ,oʊsɛθ,oʊsɛθ,osɛθ,osɛθ
oʊ,oʊsɛð,oʊsɛð,osɛð,osɛð
oʊ,oʊvɛm,oʊvɛm,ovɛm,ovɛm
oʊ,oʊvɛn,oʊvɛn,ovɛn,ovɛn
oʊ,oʊvɛŋ,oʊvɛŋ,ovɛŋ,ovɛŋ
oʊ,oʊvɛp,oʊvɛp,ovɛp,ovɛp
oʊ,oʊvɛt,oʊvɛt,ovɛt,ovɛt
oʊ,oʊvɛk,oʊvɛk,ovɛk,ovɛk
oʊ,oʊvɛb,oʊvɛb,ovɛb,ovɛb
oʊ,oʊvɛd,oʊvɛd,ovɛd,ovɛd
oʊ,oʊvɛg,oʊvɛg,ovɛg,ovɛg
oʊ,oʊvɛf,oʊvɛf,ovɛf,ovɛf
oʊ,oʊvɛs,oʊvɛs,ovɛs,ovɛs
oʊ,oʊvɛv,oʊvɛv,ovɛv,ovɛv
oʊ,oʊvɛz,oʊvɛz,ovɛz,ovɛz
oʊ,oʊvɛʃ,oʊvɛʃ,ovɛʃ,ovɛʃ
oʊ,oʊvɛʒ,oʊvɛʒ,ovɛʒ,ovɛʒ
oʊ,oʊvɛθ,oʊvɛθ,ovɛθ,ovɛθ
oʊ,oʊvɛð,oʊvɛð,ovɛð,ovɛð
oʊ,oʊzɛm,oʊzɛm,ozɛm,ozɛm
oʊ,oʊzɛn,oʊzɛn,ozɛn,ozɛn
oʊ,oʊzɛŋ,oʊzɛŋ,ozɛŋ,ozɛŋ
oʊ,oʊzɛp,oʊzɛp,ozɛp,ozɛp
oʊ,oʊzɛt,oʊzɛt,ozɛt,ozɛt
oʊ,oʊzɛk,oʊzɛk,ozɛk,ozɛk
oʊ,oʊzɛb,oʊzɛb,ozɛb,ozɛb
oʊ,oʊzɛd,oʊzɛd,ozɛd,ozɛd
oʊ,oʊzɛg,oʊzɛg,ozɛg,ozɛg
oʊ,oʊzɛf,oʊzɛf,ozɛf,ozɛf
oʊ,oʊzɛs,oʊzɛs,ozɛs,ozɛs
oʊ,oʊzɛv,oʊzɛv,ozɛv,ozɛv
oʊ,oʊzɛz,oʊzɛz,ozɛz,ozɛz
oʊ,oʊzɛʃ,oʊzɛʃ,ozɛʃ,ozɛʃ
oʊ,oʊzɛʒ,oʊzɛʒ,ozɛʒ,ozɛʒ
oʊ,oʊzɛθ,oʊzɛθ,ozɛθ,ozɛθ
oʊ,oʊzɛð,oʊzɛð,ozɛð,ozɛð
oʊ,oʊʃɛm,oʊʃɛm,oʃɛm,oʃɛm
oʊ,oʊʃɛn,oʊʃɛn,oʃɛn,oʃɛn
oʊ,oʊʃɛŋ,oʊʃɛŋ,oʃɛŋ,oʃɛŋ
oʊ,oʊʃɛp,oʊʃɛp,oʃɛp,oʃɛp
oʊ,oʊʃɛt,oʊʃɛt,oʃɛt,oʃɛt
oʊ,oʊʃɛk,oʊʃɛk,oʃɛk,oʃɛk
oʊ,oʊʃɛb,oʊʃɛb,oʃɛb,oʃɛb
oʊ,oʊʃɛd,oʊʃɛd,oʃɛd,oʃɛd
oʊ,oʊʃɛg,oʊʃɛg,oʃɛg,oʃɛg
oʊ,oʊʃɛf,oʊʃɛf,oʃɛf,oʃɛf
oʊ,oʊʃɛs,oʊʃɛs,oʃɛs,oʃɛs
oʊ,oʊʃɛv,oʊʃɛv,oʃɛv,oʃɛv
oʊ,oʊʃɛz,oʊʃɛz,oʃɛz,oʃɛz
oʊ,oʊʃɛʃ,oʊʃɛʃ,oʃɛʃ,oʃɛʃ
oʊ,oʊʃɛʒ,oʊʃɛʒ,oʃɛʒ,oʃɛʒ
oʊ,oʊʃɛθ,oʊʃɛθ,oʃɛθ,oʃɛθ
oʊ,oʊʃɛð,oʊʃɛð,oʃɛð,oʃɛð
oʊ,oʊʒɛm,oʊʒɛm,oʒɛm,oʒɛm
oʊ,oʊʒɛn,oʊʒɛn,oʒɛn,oʒɛn
oʊ,oʊʒɛŋ,oʊʒɛŋ,oʒɛŋ,oʒɛŋ
oʊ,oʊʒɛp,oʊʒɛp,oʒɛp,oʒɛp
oʊ,oʊʒɛt,oʊʒɛt,oʒɛt,oʒɛt
oʊ,oʊʒɛk,oʊʒɛk,oʒɛk,oʒɛk
oʊ,oʊʒɛb,oʊʒɛb,oʒɛb,oʒɛb
oʊ,oʊʒɛd,oʊʒɛd,oʒɛd,oʒɛd
oʊ,oʊʒɛg,oʊʒɛg,oʒɛg,oʒɛg
oʊ,oʊʒɛf,oʊʒɛf,oʒɛf,oʒɛf
oʊ,oʊʒɛs,oʊʒɛs,oʒɛs,oʒɛs
oʊ,oʊʒɛv,oʊʒɛv,oʒɛv,oʒɛv
oʊ,oʊʒɛz,oʊʒɛz,oʒɛz,oʒɛz
oʊ,oʊʒɛʃ,oʊʒɛʃ,oʒɛʃ,oʒɛʃ
oʊ,oʊʒɛʒ,oʊʒɛʒ,oʒɛʒ,oʒɛʒ
oʊ,oʊʒɛθ,oʊʒɛθ,oʒɛθ,oʒɛθ
oʊ,oʊʒɛð,oʊʒɛð,oʒɛð,oʒɛð
oʊ,oʊθɛm,oʊθɛm,oθɛm,oθɛm
oʊ,oʊθɛn,oʊθɛn,oθɛn,oθɛn
oʊ,oʊθɛŋ,oʊθɛŋ,oθɛŋ,oθɛŋ
oʊ,oʊθɛp,oʊθɛp,oθɛp,oθɛp
oʊ,oʊθɛt,oʊθɛt,oθɛt,oθɛt
oʊ,oʊθɛk,oʊθɛk,oθɛk,oθɛk
oʊ,oʊθɛb,oʊθɛb,oθɛb,oθɛb
oʊ,oʊθɛd,oʊθɛd,oθɛd,oθɛd
oʊ,oʊθɛg,oʊθɛg,oθɛg,oθɛg
oʊ,oʊθɛf,oʊθɛf,oθɛf,oθɛf
oʊ,oʊθɛs,oʊθɛs,oθɛs,oθɛs
oʊ,oʊθɛv,oʊθɛv,oθɛv,oθɛv
oʊ,oʊθɛz,oʊθɛz,oθɛz,oθɛz
oʊ,oʊθɛʃ,oʊθɛʃ,oθɛʃ,oθɛʃ
oʊ,oʊθɛʒ,oʊθɛʒ,oθɛʒ,oθɛʒ
oʊ,oʊθɛθ,oʊθɛθ,oθɛθ,oθɛθ
oʊ,oʊθɛð,oʊθɛð,oθɛð,oθɛð
oʊ,oʊðɛm,oʊðɛm,oðɛm,oðɛm
oʊ,oʊðɛn,oʊðɛn,oðɛn,oðɛn
oʊ,oʊðɛŋ,oʊðɛŋ,oðɛŋ,oðɛŋ
oʊ,oʊðɛp,oʊðɛp,oðɛp,oðɛp
oʊ,oʊðɛt,oʊðɛt,oðɛt,oðɛt
oʊ,oʊðɛk,oʊðɛk,oðɛk,oðɛk
oʊ,oʊðɛb,oʊðɛb,oðɛb,oðɛb
oʊ,oʊðɛd,oʊðɛd,oðɛd,oðɛd
oʊ,oʊðɛg,oʊðɛg,oðɛg,oðɛg
oʊ,oʊðɛf,oʊðɛf,oðɛf,oðɛf
oʊ,oʊðɛs,oʊðɛs,oðɛs,oðɛs
oʊ,oʊðɛv,oʊðɛv,oðɛv,oðɛv
oʊ,oʊðɛz,oʊðɛz,oðɛz,oðɛz
oʊ,oʊðɛʃ,oʊðɛʃ,oðɛʃ,oðɛʃ
oʊ,oʊðɛʒ,oʊðɛʒ,oðɛʒ,oðɛʒ
oʊ,oʊðɛθ,oʊðɛθ,oðɛθ,oðɛθ
oʊ,oʊðɛð,oʊðɛð,oðɛð,oðɛð
oʊ,oʊhɛm,oʊhɛm,ohɛm,ohɛm
oʊ,oʊhɛn,oʊhɛn,ohɛn,ohɛn
oʊ,oʊhɛŋ,oʊhɛŋ,ohɛŋ,ohɛŋ
oʊ,oʊhɛp,oʊhɛp,ohɛp,ohɛp
oʊ,oʊhɛt,oʊhɛt,ohɛt,ohɛt
oʊ,oʊhɛk,oʊhɛk,ohɛk,ohɛk
oʊ,oʊhɛb,oʊhɛb,ohɛb,ohɛb
oʊ,oʊhɛd,oʊhɛd,ohɛd,ohɛd
oʊ,oʊhɛg,oʊhɛg,ohɛg,ohɛg
oʊ,oʊhɛf,oʊhɛf,ohɛf,ohɛf
oʊ,oʊhɛs,oʊhɛs,ohɛs,ohɛs
oʊ,oʊhɛv,oʊhɛv,ohɛv,ohɛv
oʊ,oʊhɛz,oʊhɛz,ohɛz,ohɛz
oʊ,oʊhɛʃ,oʊhɛʃ,ohɛʃ,ohɛʃ
oʊ,oʊhɛʒ,oʊhɛʒ,ohɛʒ,ohɛʒ
oʊ,oʊhɛθ,oʊhɛθ,ohɛθ,ohɛθ
oʊ,oʊhɛð,oʊhɛð,ohɛð,ohɛð
oʊ,oʊmʊm,oʊmɪm,omʊm,omɪm
oʊ,oʊmʊn,oʊmɪn,omʊn,omɪn
oʊ,oʊmʊŋ,oʊmɪŋ,omʊŋ,omɪŋ
oʊ,oʊmʊp,oʊmɪp,omʊp,omɪp
oʊ,oʊmʊt,oʊmɪt,omʊt,omɪt
oʊ,oʊmʊk,oʊmɪk,omʊk,omɪk
oʊ,oʊmʊb,oʊmɪb,omʊb,omɪb
oʊ,oʊmʊd,oʊmɪd,omʊd,omɪd
oʊ,oʊmʊg,oʊmɪg,omʊg,omɪg
oʊ,oʊmʊf,oʊmɪf,omʊf,omɪf
oʊ,oʊmʊs,oʊmɪs,omʊs,omɪs
oʊ,oʊmʊv,oʊmɪv,omʊv,omɪv
oʊ,oʊmʊz,oʊmɪz,omʊz,omɪz
oʊ,oʊmʊʃ,oʊmɪʃ,omʊʃ,omɪʃ
oʊ,oʊmʊʒ,oʊmɪʒ,omʊʒ,omɪʒ
oʊ,oʊmʊθ,oʊmɪθ,omʊθ,omɪθ
oʊ,oʊmʊð,oʊmɪð,omʊð,omɪð
oʊ,oʊnʊm,oʊnɪm,onʊm,onɪm
oʊ,oʊnʊn,oʊnɪn,onʊn,onɪn
oʊ,oʊnʊŋ,oʊnɪŋ,onʊŋ,onɪŋ
oʊ,oʊnʊp,oʊnɪp,onʊp,onɪp
oʊ,oʊnʊt,oʊnɪt,onʊt,onɪt
oʊ,oʊnʊk,oʊnɪk,onʊk,onɪk
oʊ,oʊnʊb,oʊnɪb,onʊb,onɪb
oʊ,oʊnʊd,oʊnɪd,onʊd,onɪd
oʊ,oʊnʊg,oʊnɪg,onʊg,onɪg
oʊ,oʊnʊf,oʊnɪf,onʊf,onɪf
oʊ,oʊnʊs,oʊnɪs,onʊs,onɪs
oʊ,oʊnʊv,oʊnɪv,onʊv,onɪv
oʊ,oʊnʊz,oʊnɪz,onʊz,onɪz
oʊ,oʊnʊʃ,oʊnɪʃ,onʊʃ,onɪʃ
oʊ,oʊnʊʒ,oʊnɪʒ,onʊʒ,onɪʒ
oʊ,oʊnʊθ,oʊnɪθ,onʊθ,onɪθ
oʊ,oʊnʊð,oʊnɪð,onʊð,onɪð
oʊ,oʊpʊm,oʊpɪm,opʊm,opɪm
oʊ,oʊpʊn,oʊpɪn,opʊn,opɪn
oʊ,oʊpʊŋ,oʊpɪŋ,opʊŋ,opɪŋ
oʊ,oʊpʊp,oʊpɪp,opʊp,opɪp
oʊ,oʊpʊt,oʊpɪt,opʊt,opɪt
oʊ,oʊpʊk,oʊpɪk,opʊk,opɪk
oʊ,oʊpʊb,oʊpɪb,opʊb,opɪb
oʊ,oʊpʊd,oʊpɪd,opʊd,opɪd
oʊ,oʊpʊg,oʊpɪg,opʊg,opɪg
oʊ,oʊpʊf,oʊpɪf,opʊf,opɪf
oʊ,oʊpʊs,oʊpɪs,opʊs,opɪs
oʊ,oʊpʊv,oʊpɪv,opʊv,opɪv
oʊ,oʊpʊz,oʊpɪz,opʊz,opɪz
oʊ,oʊpʊʃ,oʊpɪʃ,opʊʃ,opɪʃ
oʊ,oʊpʊʒ,oʊpɪʒ,opʊʒ,opɪʒ
oʊ,oʊpʊθ,oʊpɪθ,opʊθ,opɪθ
oʊ,oʊpʊð,oʊpɪð,opʊð,opɪð
oʊ,oʊtʊm,oʊtɪm,otʊm,otɪm
oʊ,oʊtʊn,oʊtɪn,otʊn,otɪn
oʊ,oʊtʊŋ,oʊtɪŋ,otʊŋ,otɪŋ
oʊ,oʊtʊp,oʊtɪp,otʊp,otɪp
oʊ,oʊtʊt,oʊtɪt,otʊt,otɪt
oʊ,oʊtʊk,oʊtɪk,otʊk,otɪk
oʊ,oʊtʊb,oʊtɪb,otʊb,otɪb
oʊ,oʊtʊd,oʊtɪd,otʊd,otɪd
oʊ,oʊtʊg,oʊtɪg,otʊg,otɪg
oʊ,oʊtʊf,oʊtɪf,otʊf,otɪf
oʊ,oʊtʊs,oʊtɪs,otʊs,otɪs
oʊ,oʊtʊv,oʊtɪv,otʊv,otɪv
oʊ,oʊtʊz,oʊtɪz,otʊz,otɪz
oʊ,oʊtʊʃ,oʊtɪʃ,otʊʃ,otɪʃ
oʊ,oʊtʊʒ,oʊtɪʒ,otʊʒ,otɪʒ
oʊ,oʊtʊθ,oʊtɪθ,otʊθ,otɪθ
oʊ,oʊtʊð,oʊtɪð,otʊð,otɪð
oʊ,oʊkʊm,oʊkɪm,okʊm,okɪm
oʊ,oʊkʊn,oʊkɪn,okʊn,okɪn
oʊ,oʊkʊŋ,oʊkɪŋ,okʊŋ,okɪŋ
oʊ,oʊkʊp,oʊkɪp,okʊp,okɪp
oʊ,oʊkʊt,oʊkɪt,okʊt,okɪt
oʊ,oʊkʊk,oʊkɪk,okʊk,okɪk
oʊ,oʊkʊb,oʊkɪb,okʊb,okɪb
oʊ,oʊkʊd,oʊkɪd,okʊd,okɪd
oʊ,oʊkʊg,oʊkɪg,okʊg,okɪg
oʊ,oʊkʊf,oʊkɪf,okʊf,okɪf
oʊ,oʊkʊs,oʊkɪs,okʊs,okɪs
oʊ,oʊkʊv,oʊkɪv,okʊv,okɪv
oʊ,oʊkʊz,oʊkɪz,okʊz,okɪz
oʊ,oʊkʊʃ,oʊkɪʃ,okʊʃ,okɪʃ
oʊ,oʊkʊʒ,oʊkɪʒ,okʊʒ,okɪʒ
oʊ,oʊkʊθ,oʊkɪθ,okʊθ,okɪθ
oʊ,oʊkʊð,oʊkɪð,okʊð,okɪð
oʊ,oʊbʊm,oʊbɪm,obʊm,obɪm
oʊ,oʊbʊn,oʊbɪn,obʊn,obɪn
oʊ,oʊbʊŋ,oʊbɪŋ,obʊŋ,obɪŋ
oʊ,oʊbʊp,oʊbɪp,obʊp,obɪp
oʊ,oʊbʊt,oʊbɪt,obʊt,obɪt
oʊ,oʊbʊk,oʊbɪk,obʊk,obɪk
oʊ,oʊbʊb,oʊbɪb,obʊb,obɪb
oʊ,oʊbʊd,oʊbɪd,obʊd,obɪd
oʊ,oʊbʊg,oʊbɪg,obʊg,obɪg
oʊ,oʊbʊf,oʊbɪf,obʊf,obɪf
oʊ,oʊbʊs,oʊbɪs,obʊs,obɪs
oʊ,oʊbʊv,oʊbɪv,obʊv,obɪv
oʊ,oʊbʊz,oʊbɪz,obʊz,obɪz
oʊ,oʊbʊʃ,oʊbɪʃ,obʊʃ,obɪʃ
oʊ,oʊbʊʒ,oʊbɪʒ,obʊʒ,obɪʒ
oʊ,oʊbʊθ,oʊbɪθ,obʊθ,obɪθ
oʊ,oʊbʊð,oʊbɪð,obʊð,obɪð
oʊ,oʊdʊm,oʊdɪm,odʊm,odɪm
oʊ,oʊdʊn,oʊdɪn,odʊn,odɪn
oʊ,oʊdʊŋ,oʊdɪŋ,odʊŋ,odɪŋ
oʊ,oʊdʊp,oʊdɪp,odʊp,odɪp
oʊ,oʊdʊt,oʊdɪt,odʊt,odɪt
oʊ,oʊdʊk,oʊdɪk,odʊk,odɪk
oʊ,oʊdʊb,oʊdɪb,odʊb,odɪb
oʊ,oʊdʊd,oʊdɪd,odʊd,odɪd
oʊ,oʊdʊg,oʊdɪg,odʊg,odɪg
oʊ,oʊdʊf,oʊdɪf,odʊf,odɪf
oʊ,oʊdʊs,oʊdɪs,odʊs,odɪs
oʊ,oʊdʊv,oʊdɪv,odʊv,odɪv
oʊ,oʊdʊz,oʊdɪz,odʊz,odɪz
oʊ,oʊdʊʃ,oʊdɪʃ,odʊʃ,odɪʃ
oʊ,oʊdʊʒ,oʊdɪʒ,odʊʒ,odɪʒ
oʊ,oʊdʊθ,oʊdɪθ,odʊθ,odɪθ
oʊ,oʊdʊð,oʊdɪð,odʊð,odɪð
oʊ,oʊgʊm,oʊgɪm,ogʊm,ogɪm
oʊ,oʊgʊn,oʊgɪn,ogʊn,ogɪn
oʊ,oʊgʊŋ,oʊgɪŋ,ogʊŋ,ogɪŋ
oʊ,oʊgʊp,oʊgɪp,ogʊp,ogɪp
oʊ,oʊgʊt,oʊgɪt,ogʊt,ogɪt
oʊ,oʊgʊk,oʊgɪk,ogʊk,ogɪk
oʊ,oʊgʊb,oʊgɪb,ogʊb,ogɪb
oʊ,oʊgʊd,oʊgɪd,ogʊd,ogɪd
oʊ,oʊgʊg,oʊgɪg,ogʊg,ogɪg
oʊ,oʊgʊf,oʊgɪf,ogʊf,ogɪf
oʊ,oʊgʊs,oʊgɪs,ogʊs,ogɪs
oʊ,oʊgʊv,oʊgɪv,ogʊv,ogɪv
oʊ,oʊgʊz,oʊgɪz,ogʊz,ogɪz
oʊ,oʊgʊʃ,oʊgɪʃ,ogʊʃ,ogɪʃ
oʊ,oʊgʊʒ,oʊgɪʒ,ogʊʒ,ogɪʒ
oʊ,oʊgʊθ,oʊgɪθ,ogʊθ,ogɪθ
oʊ,oʊgʊð,oʊgɪð,ogʊð,ogɪð
oʊ,oʊfʊm,oʊfɪm,ofʊm,ofɪm
oʊ,oʊfʊn,oʊfɪn,ofʊn,ofɪn
oʊ,oʊfʊŋ,oʊfɪŋ,ofʊŋ,ofɪŋ
oʊ,oʊfʊp,oʊfɪp,ofʊp,ofɪp
oʊ,oʊfʊt,oʊfɪt,ofʊt,ofɪt
oʊ,oʊfʊk,oʊfɪk,ofʊk,ofɪk
oʊ,oʊfʊb,oʊfɪb,ofʊb,ofɪb
oʊ,oʊfʊd,oʊfɪd,ofʊd,ofɪd
oʊ,oʊfʊg,oʊfɪg,ofʊg,ofɪg
oʊ,oʊfʊf,oʊfɪf,ofʊf,ofɪf
oʊ,oʊfʊs,oʊfɪs,ofʊs,ofɪs
oʊ,oʊfʊv,oʊfɪv,ofʊv,ofɪv
oʊ,oʊfʊz,oʊfɪz,ofʊz,ofɪz
oʊ,oʊfʊʃ,oʊfɪʃ,ofʊʃ,ofɪʃ
oʊ,oʊfʊʒ,oʊfɪʒ,ofʊʒ,ofɪʒ
oʊ,oʊfʊθ,oʊfɪθ,ofʊθ,ofɪθ
oʊ,oʊfʊð,oʊfɪð,ofʊð,ofɪð
oʊ,oʊsʊm,oʊsɪm,osʊm,osɪm
oʊ,oʊsʊn,oʊsɪn,osʊn,osɪn
oʊ,oʊsʊŋ,oʊsɪŋ,osʊŋ,osɪŋ
oʊ,oʊsʊp,oʊsɪp,osʊp,osɪp
oʊ,oʊsʊt,oʊsɪt,osʊt,osɪt
oʊ,oʊsʊk,oʊsɪk,osʊk,osɪk
oʊ,oʊsʊb,oʊsɪb,osʊb,osɪb
oʊ,oʊsʊd,oʊsɪd,osʊd,osɪd
oʊ,oʊsʊg,oʊsɪg,osʊg,osɪg
oʊ,oʊsʊf,oʊsɪf,osʊf,osɪf
oʊ,oʊsʊs,oʊsɪs,osʊs,osɪs
oʊ,oʊsʊv,oʊsɪv,osʊv,osɪv
oʊ,oʊsʊz,oʊsɪz,osʊz,osɪz
oʊ,oʊsʊʃ,oʊsɪʃ,osʊʃ,osɪʃ
oʊ,oʊsʊʒ,oʊsɪʒ,osʊʒ,osɪʒ
oʊ,oʊsʊθ,oʊsɪθ,osʊθ,osɪθ
oʊ,oʊsʊð,oʊsɪð,osʊð,osɪð
oʊ,oʊvʊm,oʊvɪm,ovʊm,ovɪm
oʊ,oʊvʊn,oʊvɪn,ovʊn,ovɪn
oʊ,oʊvʊŋ,oʊvɪŋ,ovʊŋ,ovɪŋ
oʊ,oʊvʊp,oʊvɪp,ovʊp,ovɪp
oʊ,oʊvʊt,oʊvɪt,ovʊt,ovɪt
oʊ,oʊvʊk,oʊvɪk,ovʊk,ovɪk
oʊ,oʊvʊb,oʊvɪb,ovʊb,ovɪb
oʊ,oʊvʊd,oʊvɪd,ovʊd,ovɪd
oʊ,oʊvʊg,oʊvɪg,ovʊg,ovɪg
oʊ,oʊvʊf,oʊvɪf,ovʊf,ovɪf
oʊ,oʊvʊs,oʊvɪs,ovʊs,ovɪs
oʊ,oʊvʊv,oʊvɪv,ovʊv,ovɪv
oʊ,oʊvʊz,oʊvɪz,ovʊz,ovɪz
oʊ,oʊvʊʃ,oʊvɪʃ,ovʊʃ,ovɪʃ
oʊ,oʊvʊʒ,oʊvɪʒ,ovʊʒ,ovɪʒ
oʊ,oʊvʊθ,oʊvɪθ,ovʊθ,ovɪθ
oʊ,oʊvʊð,oʊvɪð,ovʊð,ovɪð
oʊ,oʊzʊm,oʊzɪm,ozʊm,ozɪm
oʊ,oʊzʊn,oʊzɪn,ozʊn,ozɪn
oʊ,oʊzʊŋ,oʊzɪŋ,ozʊŋ,ozɪŋ
oʊ,oʊzʊp,oʊzɪp,ozʊp,ozɪp
oʊ,oʊzʊt,oʊzɪt,ozʊt,ozɪt
oʊ,oʊzʊk,oʊzɪk,ozʊk,ozɪk
oʊ,oʊzʊb,oʊzɪb,ozʊb,ozɪb
oʊ,oʊzʊd,oʊzɪd,ozʊd,ozɪd
oʊ,oʊzʊg,oʊzɪg,ozʊg,ozɪg
oʊ,oʊzʊf,oʊzɪf,ozʊf,ozɪf
oʊ,oʊzʊs,oʊzɪs,ozʊs,ozɪs
oʊ,oʊzʊv,oʊzɪv,ozʊv,ozɪv
oʊ,oʊzʊz,oʊzɪz,ozʊz,ozɪz
oʊ,oʊzʊʃ,oʊzɪʃ,ozʊʃ,ozɪʃ
oʊ,oʊzʊʒ,oʊzɪʒ,ozʊʒ,ozɪʒ
oʊ,oʊzʊθ,oʊzɪθ,ozʊθ,ozɪθ
oʊ,oʊzʊð,oʊzɪð,ozʊð,ozɪð
oʊ,oʊʃʊm,oʊʃɪm,oʃʊm,oʃɪm
oʊ,oʊʃʊn,oʊʃɪn,oʃʊn,oʃɪn
oʊ,oʊʃʊŋ,oʊʃɪŋ,oʃʊŋ,oʃɪŋ
oʊ,oʊʃʊp,oʊʃɪp,oʃʊp,oʃɪp
oʊ,oʊʃʊt,oʊʃɪt,oʃʊt,oʃɪt
oʊ,oʊʃʊk,oʊʃɪk,oʃʊk,oʃɪk
oʊ,oʊʃʊb,oʊʃɪb,oʃʊb,oʃɪb
oʊ,oʊʃʊd,oʊʃɪd,oʃʊd,oʃɪd
oʊ,oʊʃʊg,oʊʃɪg,oʃʊg,oʃɪg
oʊ,oʊʃʊf,oʊʃɪf,oʃʊf,oʃɪf
oʊ,oʊʃʊs,oʊʃɪs,oʃʊs,oʃɪs
oʊ,oʊʃʊv,oʊʃɪv,oʃʊv,oʃɪv
oʊ,oʊʃʊz,oʊʃɪz,oʃʊz,oʃɪz
oʊ,oʊʃʊʃ,oʊʃɪʃ,oʃʊʃ,oʃɪʃ
oʊ,oʊʃʊʒ,oʊʃɪʒ,oʃʊʒ,oʃɪʒ
oʊ,oʊʃʊθ,oʊʃɪθ,oʃʊθ,oʃɪθ
oʊ,oʊʃʊð,oʊʃɪð,oʃʊð,oʃɪð
oʊ,oʊʒʊm,oʊʒɪm,oʒʊm,oʒɪm
oʊ,oʊʒʊn,oʊʒɪn,oʒʊn,oʒɪn
oʊ,oʊʒʊŋ,oʊʒɪŋ,oʒʊŋ,oʒɪŋ
oʊ,oʊʒʊp,oʊʒɪp,oʒʊp,oʒɪp
oʊ,oʊʒʊt,oʊʒɪt,oʒʊt,oʒɪt
oʊ,oʊʒʊk,oʊʒɪk,oʒʊk,oʒɪk
oʊ,oʊʒʊb,oʊʒɪb,oʒʊb,oʒɪb
oʊ,oʊʒʊd,oʊʒɪd,oʒʊd,oʒɪd
oʊ,oʊʒʊg,oʊʒɪg,oʒʊg,oʒɪg
oʊ,oʊʒʊf,oʊʒɪf,oʒʊf,oʒɪf
oʊ,oʊʒʊs,oʊʒɪs,oʒʊs,oʒɪs
oʊ,oʊʒʊv,oʊʒɪv,oʒʊv,oʒɪv
oʊ,oʊʒʊz,oʊʒɪz,oʒʊz,oʒɪz
oʊ,oʊʒʊʃ,oʊʒɪʃ,oʒʊʃ,oʒɪʃ
oʊ,oʊʒʊʒ,oʊʒɪʒ,oʒʊʒ,oʒɪʒ
oʊ,oʊʒʊθ,oʊʒɪθ,oʒʊθ,oʒɪθ
oʊ,oʊʒʊð,oʊʒɪð,oʒʊð,oʒɪð
oʊ,oʊθʊm,oʊθɪm,oθʊm,oθɪm
oʊ,oʊθʊn,oʊθɪn,oθʊn,oθɪn
oʊ,oʊθʊŋ,oʊθɪŋ,oθʊŋ,oθɪŋ
oʊ,oʊθʊp,oʊθɪp,oθʊp,oθɪp
oʊ,oʊθʊt,oʊθɪt,oθʊt,oθɪt
oʊ,oʊθʊk,oʊθɪk,oθʊk,oθɪk
oʊ,oʊθʊb,oʊθɪb,oθʊb,oθɪb
oʊ,oʊθʊd,oʊθɪd,oθʊd,oθɪd
oʊ,oʊθʊg,oʊθɪg,oθʊg,oθɪg
oʊ,oʊθʊf,oʊθɪf,oθʊf,oθɪf
oʊ,oʊθʊs,oʊθɪs,oθʊs,oθɪs
oʊ,oʊθʊv,oʊθɪv,oθʊv,oθɪv
oʊ,oʊθʊz,oʊθɪz,oθʊz,oθɪz
oʊ,oʊθʊʃ,oʊθɪʃ,oθʊʃ,oθɪʃ
oʊ,oʊθʊʒ,oʊθɪʒ,oθʊʒ,oθɪʒ
oʊ,oʊθʊθ,oʊθɪθ,oθʊθ,oθɪθ
oʊ,oʊθʊð,oʊθɪð,oθʊð,oθɪð
oʊ,oʊðʊm,oʊðɪm,oðʊm,oðɪm
oʊ,oʊðʊn,oʊðɪn,oðʊn,oðɪn
oʊ,oʊðʊŋ,oʊðɪŋ,oðʊŋ,oðɪŋ
oʊ,oʊðʊp,oʊðɪp,oðʊp,oðɪp
oʊ,oʊðʊt,oʊðɪt,oðʊt,oðɪt
oʊ,oʊðʊk,oʊðɪk,oðʊk,oðɪk
oʊ,oʊðʊb,oʊðɪb,oðʊb,oðɪb
oʊ,oʊðʊd,oʊðɪd,oðʊd,oðɪd
oʊ,oʊðʊg,oʊðɪg,oðʊg,oðɪg
oʊ,oʊðʊf,oʊðɪf,oðʊf,oðɪf
oʊ,oʊðʊs,oʊðɪs,oðʊs,oðɪs
oʊ,oʊðʊv,oʊðɪv,oðʊv,oðɪv
oʊ,oʊðʊz,oʊðɪz,oðʊz,oðɪz
oʊ,oʊðʊʃ,oʊðɪʃ,oðʊʃ,oðɪʃ
oʊ,oʊðʊʒ,oʊðɪʒ,oðʊʒ,oðɪʒ
oʊ,oʊðʊθ,oʊðɪθ,oðʊθ,oðɪθ
oʊ,oʊðʊð,oʊðɪð,oðʊð,oðɪð
oʊ,oʊhʊm,oʊhɪm,ohʊm,ohɪm
oʊ,oʊhʊn,oʊhɪn,ohʊn,ohɪn
oʊ,oʊhʊŋ,oʊhɪŋ,ohʊŋ,ohɪŋ
oʊ,oʊhʊp,oʊhɪp,ohʊp,ohɪp
oʊ,oʊhʊt,oʊhɪt,ohʊt,ohɪt
oʊ,oʊhʊk,oʊhɪk,ohʊk,ohɪk
oʊ,oʊhʊb,oʊhɪb,ohʊb,ohɪb
oʊ,oʊhʊd,oʊhɪd,ohʊd,ohɪd
oʊ,oʊhʊg,oʊhɪg,ohʊg,ohɪg
oʊ,oʊhʊf,oʊhɪf,ohʊf,ohɪf
oʊ,oʊhʊs,oʊhɪs,ohʊs,ohɪs
oʊ,oʊhʊv,oʊhɪv,ohʊv,ohɪv
oʊ,oʊhʊz,oʊhɪz,ohʊz,ohɪz
oʊ,oʊhʊʃ,oʊhɪʃ,ohʊʃ,ohɪʃ
oʊ,oʊhʊʒ,oʊhɪʒ,ohʊʒ,ohɪʒ
oʊ,oʊhʊθ,oʊhɪθ,ohʊθ,ohɪθ
oʊ,oʊhʊð,oʊhɪð,ohʊð,ohɪð
oʊ,oʊmɔm,oʊmɛm,omɔm,omɛm
oʊ,oʊmɔn,oʊmɛn,omɔn,omɛn
oʊ,oʊmɔŋ,oʊmɛŋ,omɔŋ,omɛŋ
oʊ,oʊmɔp,oʊmɛp,omɔp,omɛp
oʊ,oʊmɔt,oʊmɛt,omɔt,omɛt
oʊ,oʊmɔk,oʊmɛk,omɔk,omɛk
oʊ,oʊmɔb,oʊmɛb,omɔb,omɛb
oʊ,oʊmɔd,oʊmɛd,omɔd,omɛd
oʊ,oʊmɔg,oʊmɛg,omɔg,omɛg
oʊ,oʊmɔf,oʊmɛf,omɔf,omɛf
oʊ,oʊmɔs,oʊmɛs,omɔs,omɛs
oʊ,oʊmɔv,oʊmɛv,omɔv,omɛv
oʊ,oʊmɔz,oʊmɛz,omɔz,omɛz
oʊ,oʊmɔʃ,oʊmɛʃ,omɔʃ,omɛʃ
oʊ,oʊmɔʒ,oʊmɛʒ,omɔʒ,omɛʒ
oʊ,oʊmɔθ,oʊmɛθ,omɔθ,omɛθ
oʊ,oʊmɔð,oʊmɛð,omɔð,omɛð
oʊ,oʊnɔm,oʊnɛm,onɔm,onɛm
oʊ,oʊnɔn,oʊnɛn,onɔn,onɛn
oʊ,oʊnɔŋ,oʊnɛŋ,onɔŋ,onɛŋ
oʊ,oʊnɔp,oʊnɛp,onɔp,onɛp
oʊ,oʊnɔt,oʊnɛt,onɔt,onɛt
oʊ,oʊnɔk,oʊnɛk,onɔk,onɛk
oʊ,oʊnɔb,oʊnɛb,onɔb,onɛb
oʊ,oʊnɔd,oʊnɛd,onɔd,onɛd
oʊ,oʊnɔg,oʊnɛg,onɔg,onɛg
oʊ,oʊnɔf,oʊnɛf,onɔf,onɛf
oʊ,oʊnɔs,oʊnɛs,onɔs,onɛs
oʊ,oʊnɔv,oʊnɛv,onɔv,onɛv
oʊ,oʊnɔz,oʊnɛz,onɔz,onɛz
oʊ,oʊnɔʃ,oʊnɛʃ,onɔʃ,onɛʃ
oʊ,oʊnɔʒ,oʊnɛʒ,onɔʒ,onɛʒ
oʊ,oʊnɔθ,oʊnɛθ,onɔθ,onɛθ
oʊ,oʊnɔð,oʊnɛð,onɔð,onɛð
oʊ,oʊpɔm,oʊpɛm,opɔm,opɛm
oʊ,oʊpɔn,oʊpɛn,opɔn,opɛn
oʊ,oʊpɔŋ,oʊpɛŋ,opɔŋ,opɛŋ
oʊ,oʊpɔp,oʊpɛp,opɔp,opɛp
oʊ,oʊpɔt,oʊpɛt,opɔt,opɛt
oʊ,oʊpɔk,oʊpɛk,opɔk,opɛk
oʊ,oʊpɔb,oʊpɛb,opɔb,opɛb
oʊ,oʊpɔd,oʊpɛd,opɔd,opɛd
oʊ,oʊpɔg,oʊpɛg,opɔg,opɛg
oʊ,oʊpɔf,oʊpɛf,opɔf,opɛf
oʊ,oʊpɔs,oʊpɛs,opɔs,opɛs
oʊ,oʊpɔv,oʊpɛv,opɔv,opɛv
oʊ,oʊpɔz,oʊpɛz,opɔz,opɛz
oʊ,oʊpɔʃ,oʊpɛʃ,opɔʃ,opɛʃ
oʊ,oʊpɔʒ,oʊpɛʒ,opɔʒ,opɛʒ
oʊ,oʊpɔθ,oʊpɛθ,opɔθ,opɛθ
oʊ,oʊpɔð,oʊpɛð,opɔð,opɛð
oʊ,oʊtɔm,oʊtɛm,otɔm,otɛm
oʊ,oʊtɔn,oʊtɛn,otɔn,otɛn
oʊ,oʊtɔŋ,oʊtɛŋ,otɔŋ,otɛŋ
oʊ,oʊtɔp,oʊtɛp,otɔp,otɛp
oʊ,oʊtɔt,oʊtɛt,otɔt,otɛt
oʊ,oʊtɔk,oʊtɛk,otɔk,otɛk
oʊ,oʊtɔb,oʊtɛb,otɔb,otɛb
oʊ,oʊtɔd,oʊtɛd,otɔd,otɛd
oʊ,oʊtɔg,oʊtɛg,otɔg,otɛg
oʊ,oʊtɔf,oʊtɛf,otɔf,otɛf
oʊ,oʊtɔs,oʊtɛs,otɔs,otɛs
oʊ,oʊtɔv,oʊtɛv,otɔv,otɛv
oʊ,oʊtɔz,oʊtɛz,otɔz,otɛz
oʊ,oʊtɔʃ,oʊtɛʃ,otɔʃ,otɛʃ
oʊ,oʊtɔʒ,oʊtɛʒ,otɔʒ,otɛʒ
oʊ,oʊtɔθ,oʊtɛθ,otɔθ,otɛθ
oʊ,oʊtɔð,oʊtɛð,otɔð,otɛð
oʊ,oʊkɔm,oʊkɛm,okɔm,okɛm
oʊ,oʊkɔn,oʊkɛn,okɔn,okɛn
oʊ,oʊkɔŋ,oʊkɛŋ,okɔŋ,okɛŋ
oʊ,oʊkɔp,oʊkɛp,okɔp,okɛp
oʊ,oʊkɔt,oʊkɛt,okɔt,okɛt
oʊ,oʊkɔk,oʊkɛk,okɔk,okɛk
oʊ,oʊkɔb,oʊkɛb,okɔb,okɛb
oʊ,oʊkɔd,oʊkɛd,okɔd,okɛd
oʊ,oʊkɔg,oʊkɛg,okɔg,okɛg
oʊ,oʊkɔf,oʊkɛf,okɔf,okɛf
oʊ,oʊkɔs,oʊkɛs,okɔs,okɛs
oʊ,oʊkɔv,oʊkɛv,okɔv,okɛv
oʊ,oʊkɔz,oʊkɛz,okɔz,okɛz
oʊ,oʊkɔʃ,oʊkɛʃ,okɔʃ,okɛʃ
oʊ,oʊkɔʒ,oʊkɛʒ,okɔʒ,okɛʒ
oʊ,oʊkɔθ,oʊkɛθ,okɔθ,okɛθ
oʊ,oʊkɔð,oʊkɛð,okɔð,okɛð
oʊ,oʊbɔm,oʊbɛm,obɔm,obɛm
oʊ,oʊbɔn,oʊbɛn,obɔn,obɛn
oʊ,oʊbɔŋ,oʊbɛŋ,obɔŋ,obɛŋ
oʊ,oʊbɔp,oʊbɛp,obɔp,obɛp
oʊ,oʊbɔt,oʊbɛt,obɔt,obɛt
oʊ,oʊbɔk,oʊbɛk,obɔk,obɛk
oʊ,oʊbɔb,oʊbɛb,obɔb,obɛb
oʊ,oʊbɔd,oʊbɛd,obɔd,obɛd
oʊ,oʊbɔg,oʊbɛg,obɔg,obɛg
oʊ,oʊbɔf,oʊbɛf,obɔf,obɛf
oʊ,oʊbɔs,oʊbɛs,obɔs,obɛs
oʊ,oʊbɔv,oʊbɛv,obɔv,obɛv
oʊ,oʊbɔz,oʊbɛz,obɔz,obɛz
oʊ,oʊbɔʃ,oʊbɛʃ,obɔʃ,obɛʃ
oʊ,oʊbɔʒ,oʊbɛʒ,obɔʒ,obɛʒ
oʊ,oʊbɔθ,oʊbɛθ,obɔθ,obɛθ
oʊ,oʊbɔð,oʊbɛð,obɔð,obɛð
oʊ,oʊdɔm,oʊdɛm,odɔm,odɛm
oʊ,oʊdɔn,oʊdɛn,odɔn,odɛn
oʊ,oʊdɔŋ,oʊdɛŋ,odɔŋ,odɛŋ
oʊ,oʊdɔp,oʊdɛp,odɔp,odɛp
oʊ,oʊdɔt,oʊdɛt,odɔt,odɛt
oʊ,oʊdɔk,oʊdɛk,odɔk,odɛk
oʊ,oʊdɔb,oʊdɛb,odɔb,odɛb
oʊ,oʊdɔd,oʊdɛd,odɔd,odɛd
oʊ,oʊdɔg,oʊdɛg,odɔg,odɛg
oʊ,oʊdɔf,oʊdɛf,odɔf,odɛf
oʊ,oʊdɔs,oʊdɛs,odɔs,odɛs
oʊ,oʊdɔv,oʊdɛv,odɔv,odɛv
oʊ,oʊdɔz,oʊdɛz,odɔz,odɛz
oʊ,oʊdɔʃ,oʊdɛʃ,odɔʃ,odɛʃ
oʊ,oʊdɔʒ,oʊdɛʒ,odɔʒ,odɛʒ
oʊ,oʊdɔθ,oʊdɛθ,odɔθ,odɛθ
oʊ,oʊdɔð,oʊdɛð,odɔð,odɛð
oʊ,oʊgɔm,oʊgɛm,ogɔm,ogɛm
oʊ,oʊgɔn,oʊgɛn,ogɔn,ogɛn
oʊ,oʊgɔŋ,oʊgɛŋ,ogɔŋ,ogɛŋ
oʊ,oʊgɔp,oʊgɛp,ogɔp,ogɛp
oʊ,oʊgɔt,oʊgɛt,ogɔt,ogɛt
oʊ,oʊgɔk,oʊgɛk,ogɔk,ogɛk
oʊ,oʊgɔb,oʊgɛb,ogɔb,ogɛb
oʊ,oʊgɔd,oʊgɛd,ogɔd,ogɛd
oʊ,oʊgɔg,oʊgɛg,ogɔg,ogɛg
oʊ,oʊgɔf,oʊgɛf,ogɔf,ogɛf
oʊ,oʊgɔs,oʊgɛs,ogɔs,ogɛs
oʊ,oʊgɔv,oʊgɛv,ogɔv,ogɛv
oʊ,oʊgɔz,oʊgɛz,ogɔz,ogɛz
oʊ,oʊgɔʃ,oʊgɛʃ,ogɔʃ,ogɛʃ
oʊ,oʊgɔʒ,oʊgɛʒ,ogɔʒ,ogɛʒ
oʊ,oʊgɔθ,oʊgɛθ,ogɔθ,ogɛθ
oʊ,oʊgɔð,oʊgɛð,ogɔð,ogɛð
oʊ,oʊfɔm,oʊfɛm,ofɔm,ofɛm
oʊ,oʊfɔn,oʊfɛn,ofɔn,ofɛn
oʊ,oʊfɔŋ,oʊfɛŋ,ofɔŋ,ofɛŋ
oʊ,oʊfɔp,oʊfɛp,ofɔp,ofɛp
oʊ,oʊfɔt,oʊfɛt,ofɔt,ofɛt
oʊ,oʊfɔk,oʊfɛk,ofɔk,ofɛk
oʊ,oʊfɔb,oʊfɛb,ofɔb,ofɛb
oʊ,oʊfɔd,oʊfɛd,ofɔd,ofɛd
oʊ,oʊfɔg,oʊfɛg,ofɔg,ofɛg
oʊ,oʊfɔf,oʊfɛf,ofɔf,ofɛf
oʊ,oʊfɔs,oʊfɛs,ofɔs,ofɛs
oʊ,oʊfɔv,oʊfɛv,ofɔv,ofɛv
oʊ,oʊfɔz,oʊfɛz,ofɔz,ofɛz
oʊ,oʊfɔʃ,oʊfɛʃ,ofɔʃ,ofɛʃ
oʊ,oʊfɔʒ,oʊfɛʒ,ofɔʒ,ofɛʒ
oʊ,oʊfɔθ,oʊfɛθ,ofɔθ,ofɛθ
oʊ,oʊfɔð,oʊfɛð,ofɔð,ofɛð
oʊ,oʊsɔm,oʊsɛm,osɔm,osɛm
oʊ,oʊsɔn,oʊsɛn,osɔn,osɛn
oʊ,oʊsɔŋ,oʊsɛŋ,osɔŋ,osɛŋ
oʊ,oʊsɔp,oʊsɛp,osɔp,osɛp
oʊ,oʊsɔt,oʊsɛt,osɔt,osɛt
oʊ,oʊsɔk,oʊsɛk,osɔk,osɛk
oʊ,oʊsɔb,oʊsɛb,osɔb,osɛb
oʊ,oʊsɔd,oʊsɛd,osɔd,osɛd
oʊ,oʊsɔg,oʊsɛg,osɔg,osɛg
oʊ,oʊsɔf,oʊsɛf,osɔf,osɛf
oʊ,oʊsɔs,oʊsɛs,osɔs,osɛs
oʊ,oʊsɔv,oʊsɛv,osɔv,osɛv
oʊ,oʊsɔz,oʊsɛz,osɔz,osɛz
oʊ,oʊsɔʃ,oʊsɛʃ,osɔʃ,osɛʃ
oʊ,oʊsɔʒ,oʊsɛʒ,osɔʒ,osɛʒ
oʊ,oʊsɔθ,oʊsɛθ,osɔθ,osɛθ
oʊ,oʊsɔð,oʊsɛð,osɔð,osɛð
oʊ,oʊvɔm,oʊvɛm,ovɔm,ovɛm
oʊ,oʊvɔn,oʊvɛn,ovɔn,ovɛn
oʊ,oʊvɔŋ,oʊvɛŋ,ovɔŋ,ovɛŋ
oʊ,oʊvɔp,oʊvɛp,ovɔp,ovɛp
oʊ,oʊvɔt,oʊvɛt,ovɔt,ovɛt
oʊ,oʊvɔk,oʊvɛk,ovɔk,ovɛk
oʊ,oʊvɔb,oʊvɛb,ovɔb,ovɛb
oʊ,oʊvɔd,oʊvɛd,ovɔd,ovɛd
oʊ,oʊvɔg,oʊvɛg,ovɔg,ovɛg
oʊ,oʊvɔf,oʊvɛf,ovɔf,ovɛf
oʊ,oʊvɔs,oʊvɛs,ovɔs,ovɛs
oʊ,oʊvɔv,oʊvɛv,ovɔv,ovɛv
oʊ,oʊvɔz,oʊvɛz,ovɔz,ovɛz
oʊ,oʊvɔʃ,oʊvɛʃ,ovɔʃ,ovɛʃ
oʊ,oʊvɔʒ,oʊvɛʒ,ovɔʒ,ovɛʒ
oʊ,oʊvɔθ,oʊvɛθ,ovɔθ,ovɛθ
oʊ,oʊvɔð,oʊvɛð,ovɔð,ovɛð
oʊ,oʊzɔm,oʊzɛm,ozɔm,ozɛm
oʊ,oʊzɔn,oʊzɛn,ozɔn,ozɛn
oʊ,oʊzɔŋ,oʊzɛŋ,ozɔŋ,ozɛŋ
oʊ,oʊzɔp,oʊzɛp,ozɔp,ozɛp
oʊ,oʊzɔt,oʊzɛt,ozɔt,ozɛt
oʊ,oʊzɔk,oʊzɛk,ozɔk,ozɛk
oʊ,oʊzɔb,oʊzɛb,ozɔb,ozɛb
oʊ,oʊzɔd,oʊzɛd,ozɔd,ozɛd
oʊ,oʊzɔg,oʊzɛg,ozɔg,ozɛg
oʊ,oʊzɔf,oʊzɛf,ozɔf,ozɛf
oʊ,oʊzɔs,oʊzɛs,ozɔs,ozɛs
oʊ,oʊzɔv,oʊzɛv,ozɔv,ozɛv
oʊ,oʊzɔz,oʊzɛz,ozɔz,ozɛz
oʊ,oʊzɔʃ,oʊzɛʃ,ozɔʃ,ozɛʃ
oʊ,oʊzɔʒ,oʊzɛʒ,ozɔʒ,ozɛʒ
oʊ,oʊzɔθ,oʊzɛθ,ozɔθ,ozɛθ
oʊ,oʊzɔð,oʊzɛð,ozɔð,ozɛð
oʊ,oʊʃɔm,oʊʃɛm,oʃɔm,oʃɛm
oʊ,oʊʃɔn,oʊʃɛn,oʃɔn,oʃɛn
oʊ,oʊʃɔŋ,oʊʃɛŋ,oʃɔŋ,oʃɛŋ
oʊ,oʊʃɔp,oʊʃɛp,oʃɔp,oʃɛp
oʊ,oʊʃɔt,oʊʃɛt,oʃɔt,oʃɛt
oʊ,oʊʃɔk,oʊʃɛk,oʃɔk,oʃɛk
oʊ,oʊʃɔb,oʊʃɛb,oʃɔb,oʃɛb
oʊ,oʊʃɔd,oʊʃɛd,oʃɔd,oʃɛd
oʊ,oʊʃɔg,oʊʃɛg,oʃɔg,oʃɛg
oʊ,oʊʃɔf,oʊʃɛf,oʃɔf,oʃɛf
oʊ,oʊʃɔs,oʊʃɛs,oʃɔs,oʃɛs
oʊ,oʊʃɔv,oʊʃɛv,oʃɔv,oʃɛv
oʊ,oʊʃɔz,oʊʃɛz,oʃɔz,oʃɛz
oʊ,oʊʃɔʃ,oʊʃɛʃ,oʃɔʃ,oʃɛʃ
oʊ,oʊʃɔʒ,oʊʃɛʒ,oʃɔʒ,oʃɛʒ
oʊ,oʊʃɔθ,oʊʃɛθ,oʃɔθ,oʃɛθ
oʊ,oʊʃɔð,oʊʃɛð,oʃɔð,oʃɛð
oʊ,oʊʒɔm,oʊʒɛm,oʒɔm,oʒɛm
oʊ,oʊʒɔn,oʊʒɛn,oʒɔn,oʒɛn
oʊ,oʊʒɔŋ,oʊʒɛŋ,oʒɔŋ,oʒɛŋ
oʊ,oʊʒɔp,oʊʒɛp,oʒɔp,oʒɛp
oʊ,oʊʒɔt,oʊʒɛt,oʒɔt,oʒɛt
oʊ,oʊʒɔk,oʊʒɛk,oʒɔk,oʒɛk
oʊ,oʊʒɔb,oʊʒɛb,oʒɔb,oʒɛb
oʊ,oʊʒɔd,oʊʒɛd,oʒɔd,oʒɛd
oʊ,oʊʒɔg,oʊʒɛg,oʒɔg,oʒɛg
oʊ,oʊʒɔf,oʊʒɛf,oʒɔf,oʒɛf
oʊ,oʊʒɔs,oʊʒɛs,oʒɔs,oʒɛs
oʊ,oʊʒɔv,oʊʒɛv,oʒɔv,oʒɛv
oʊ,oʊʒɔz,oʊʒɛz,oʒɔz,oʒɛz
oʊ,oʊʒɔʃ,oʊʒɛʃ,oʒɔʃ,oʒɛʃ
oʊ,oʊʒɔʒ,oʊʒɛʒ,oʒɔʒ,oʒɛʒ
oʊ,oʊʒɔθ,oʊʒɛθ,oʒɔθ,oʒɛθ
oʊ,oʊʒɔð,oʊʒɛð,oʒɔð,oʒɛð
oʊ,oʊθɔm,oʊθɛm,oθɔm,oθɛm
oʊ,oʊθɔn,oʊθɛn,oθɔn,oθɛn
oʊ,oʊθɔŋ,oʊθɛŋ,oθɔŋ,oθɛŋ
oʊ,oʊθɔp,oʊθɛp,oθɔp,oθɛp
oʊ,oʊθɔt,oʊθɛt,oθɔt,oθɛt
oʊ,oʊθɔk,oʊθɛk,oθɔk,oθɛk
oʊ,oʊθɔb,oʊθɛb,oθɔb,oθɛb
oʊ,oʊθɔd,oʊθɛd,oθɔd,oθɛd
oʊ,oʊθɔg,oʊθɛg,oθɔg,oθɛg
oʊ,oʊθɔf,oʊθɛf,oθɔf,oθɛf
oʊ,oʊθɔs,oʊθɛs,oθɔs,oθɛs
oʊ,oʊθɔv,oʊθɛv,oθɔv,oθɛv
oʊ,oʊθɔz,oʊθɛz,oθɔz,oθɛz
oʊ,oʊθɔʃ,oʊθɛʃ,oθɔʃ,oθɛʃ
oʊ,oʊθɔʒ,oʊθɛʒ,oθɔʒ,oθɛʒ
oʊ,oʊθɔθ,oʊθɛθ,oθɔθ,oθɛθ
oʊ,oʊθɔð,oʊθɛð,oθɔð,oθɛð
oʊ,oʊðɔm,oʊðɛm,oðɔm,oðɛm
oʊ,oʊðɔn,oʊðɛn,oðɔn,oðɛn
oʊ,oʊðɔŋ,oʊðɛŋ,oðɔŋ,oðɛŋ
oʊ,oʊðɔp,oʊðɛp,oðɔp,oðɛp
oʊ,oʊðɔt,oʊðɛt,oðɔt,oðɛt
oʊ,oʊðɔk,oʊðɛk,oðɔk,oðɛk
oʊ,oʊðɔb,oʊðɛb,oðɔb,oðɛb
oʊ,oʊðɔd,oʊðɛd,oðɔd,oðɛd
oʊ,oʊðɔg,oʊðɛg,oðɔg,oðɛg
oʊ,oʊðɔf,oʊðɛf,oðɔf,oðɛf
oʊ,oʊðɔs,oʊðɛs,oðɔs,oðɛs
oʊ,oʊðɔv,oʊðɛv,oðɔv,oðɛv
oʊ,oʊðɔz,oʊðɛz,oðɔz,oðɛz
oʊ,oʊðɔʃ,oʊðɛʃ,oðɔʃ,oðɛʃ
oʊ,oʊðɔʒ,oʊðɛʒ,oðɔʒ,oðɛʒ
oʊ,oʊðɔθ,oʊðɛθ,oðɔθ,oðɛθ
oʊ,oʊðɔð,oʊðɛð,oðɔð,oðɛð
oʊ,oʊhɔm,oʊhɛm,ohɔm,ohɛm
oʊ,oʊhɔn,oʊhɛn,ohɔn,ohɛn
oʊ,oʊhɔŋ,oʊhɛŋ,ohɔŋ,ohɛŋ
oʊ,oʊhɔp,oʊhɛp,ohɔp,ohɛp
oʊ,oʊhɔt,oʊhɛt,ohɔt,ohɛt
oʊ,oʊhɔk,oʊhɛk,ohɔk,ohɛk
oʊ,oʊhɔb,oʊhɛb,ohɔb,ohɛb
oʊ,oʊhɔd,oʊhɛd,ohɔd,ohɛd
oʊ,oʊhɔg,oʊhɛg,ohɔg,ohɛg
oʊ,oʊhɔf,oʊhɛf,ohɔf,ohɛf
oʊ,oʊhɔs,oʊhɛs,ohɔs,ohɛs
oʊ,oʊhɔv,oʊhɛv,ohɔv,ohɛv
oʊ,oʊhɔz,oʊhɛz,ohɔz,ohɛz
oʊ,oʊhɔʃ,oʊhɛʃ,ohɔʃ,ohɛʃ
oʊ,oʊhɔʒ,oʊhɛʒ,ohɔʒ,ohɛʒ
oʊ,oʊhɔθ,oʊhɛθ,ohɔθ,ohɛθ
oʊ,oʊhɔð,oʊhɛð,ohɔð,ohɛð
mi,mimi,mimu,mimi,mimu
mi,mini,minu,mini,minu
mi,mipi,mipu,mipi,mipu
mi,miti,mitu,miti,mitu
mi,miki,miku,miki,miku
mi,mibi,mibu,mibi,mibu
mi,midi,midu,midi,midu
mi,migi,migu,migi,migu
mi,mifi,mifu,mifi,mifu
mi,misi,misu,misi,misu
mi,mivi,mivu,mivi,mivu
mi,mizi,mizu,mizi,mizu
mi,miʃi,miʃu,miʃi,miʃu
mi,miʒi,miʒu,miʒi,miʒu
mi,miθi,miθu,miθi,miθu
mi,miði,miðu,miði,miðu
mi,mihi,mihu,mihi,mihu
ni,nimi,nimu,nimi,nimu
ni,nini,ninu,nini,ninu
ni,nipi,nipu,nipi,nipu
ni,niti,nitu,niti,nitu
ni,niki,niku,niki,niku
ni,nibi,nibu,nibi,nibu
ni,nidi,nidu,nidi,nidu
ni,nigi,nigu,nigi,nigu
ni,nifi,nifu,nifi,nifu
ni,nisi,nisu,nisi,nisu
ni,nivi,nivu,nivi,nivu
ni,nizi,nizu,nizi,nizu
ni,niʃi,niʃu,niʃi,niʃu
ni,niʒi,niʒu,niʒi,niʒu
ni,niθi,niθu,niθi,niθu
ni,niði,niðu,niði,niðu
ni,nihi,nihu,nihi,nihu
pi,pimi,pimu,pimi,pimu
pi,pini,pinu,pini,pinu
pi,pipi,pipu,pipi,pipu
pi,piti,pitu,piti,pitu
pi,piki,piku,piki,piku
pi,pibi,pibu,pibi,pibu
pi,pidi,pidu,pidi,pidu
pi,pigi,pigu,pigi,pigu
pi,pifi,pifu,pifi,pifu
pi,pisi,pisu,pisi,pisu
pi,pivi,pivu,pivi,pivu
pi,pizi,pizu,pizi,pizu
pi,piʃi,piʃu,piʃi,piʃu
pi,piʒi,piʒu,piʒi,piʒu
pi,piθi,piθu,piθi,piθu
pi,piði,piðu,piði,piðu
pi,pihi,pihu,pihi,pihu
ti,timi,timu,timi,timu
ti,tini,tinu,tini,tinu
ti,tipi,tipu,tipi,tipu
ti,titi,titu,titi,titu
ti,tiki,tiku,tiki,tiku
ti,tibi,tibu,tibi,tibu
ti,tidi,tidu,tidi,tidu
ti,tigi,tigu,tigi,tigu
ti,tifi,tifu,tifi,tifu
ti,tisi,tisu,tisi,tisu
ti,tivi,tivu,tivi,tivu
ti,tizi,tizu,tizi,tizu
ti,tiʃi,tiʃu,tiʃi,tiʃu
ti,tiʒi,tiʒu,tiʒi,tiʒu
ti,tiθi,tiθu,tiθi,tiθu
ti,tiði,tiðu,tiði,tiðu
ti,tihi,tihu,tihi,tihu
ki,kimi,kimu,kimi,kimu
ki,kini,kinu,kini,kinu
ki,kipi,kipu,kipi,kipu
ki,kiti,kitu,kiti,kitu
ki,kiki,kiku,kiki,kiku
ki,kibi,kibu,kibi,kibu
ki,kidi,kidu,kidi,kidu
ki,kigi,kigu,kigi,kigu
ki,kifi,kifu,kifi,kifu
ki,kisi,kisu,kisi,kisu
ki,kivi,kivu,kivi,kivu
ki,kizi,kizu,kizi,kizu
ki,kiʃi,kiʃu,kiʃi,kiʃu
ki,kiʒi,kiʒu,kiʒi,kiʒu
ki,kiθi,kiθu,kiθi,kiθu
ki,kiði,kiðu,kiði,kiðu
ki,kihi,kihu,kihi,kihu
bi,bimi,bimu,bimi,bimu
bi,bini,binu,bini,binu
bi,bipi,bipu,bipi,bipu
bi,biti,bitu,biti,bitu
bi,biki,biku,biki,biku
bi,bibi,bibu,bibi,bibu
bi,bidi,bidu,bidi,bidu
bi,bigi,bigu,bigi,bigu
bi,bifi,bifu,bifi,bifu
bi,bisi,bisu,bisi,bisu
bi,bivi,bivu,bivi,bivu
bi,bizi,bizu,bizi,bizu
bi,biʃi,biʃu,biʃi,biʃu
bi,biʒi,biʒu,biʒi,biʒu
bi,biθi,biθu,biθi,biθu
bi,biði,biðu,biði,biðu
bi,bihi,bihu,bihi,bihu
di,dimi,dimu,dimi,dimu
di,dini,dinu,dini,dinu
di,dipi,dipu,dipi,dipu
di,diti,ditu,diti,ditu
di,diki,diku,diki,diku
di,dibi,dibu,dibi,dibu
di,didi,didu,didi,didu
di,digi,digu,digi,digu
di,difi,difu,difi,difu
di,disi,disu,disi,disu
di,divi,divu,divi,divu
di,dizi,dizu,dizi,dizu
di,diʃi,diʃu,diʃi,diʃu
di,diʒi,diʒu,diʒi,diʒu
di,diθi,diθu,diθi,diθu
di,diði,diðu,diði,diðu
di,dihi,dihu,dihi,dihu
gi,gimi,gimu,gimi,gimu
gi,gini,ginu,gini,ginu
gi,gipi,gipu,gipi,gipu
gi,giti,gitu,giti,gitu
gi,giki,giku,giki,giku
gi,gibi,gibu,gibi,gibu
gi,gidi,gidu,gidi,gidu
gi,gigi,gigu,gigi,gigu
gi,gifi,gifu,gifi,gifu
gi,gisi,gisu,gisi,gisu
gi,givi,givu,givi,givu
gi,gizi,gizu,gizi,gizu
gi,giʃi,giʃu,giʃi,giʃu
gi,giʒi,giʒu,giʒi,giʒu
gi,giθi,giθu,giθi,giθu
gi,giði,giðu,giði,giðu
gi,gihi,gihu,gihi,gihu
fi,fimi,fimu,fimi,fimu
fi,fini,finu,fini,finu
fi,fipi,fipu,fipi,fipu
fi,fiti,fitu,fiti,fitu
fi,fiki,fiku,fiki,fiku
fi,fibi,fibu,fibi,fibu
fi,fidi,fidu,fidi,fidu
fi,figi,figu,figi,figu
fi,fifi,fifu,fifi,fifu
fi,fisi,fisu,fisi,fisu
fi,fivi,fivu,fivi,fivu
fi,fizi,fizu,fizi,fizu
fi,fiʃi,fiʃu,fiʃi,fiʃu
fi,fiʒi,fiʒu,fiʒi,fiʒu
fi,fiθi,fiθu,fiθi,fiθu
fi,fiði,fiðu,fiði,fiðu
fi,fihi,fihu,fihi,fihu
si,simi,simu,simi,simu
si,sini,sinu,sini,sinu
si,sipi,sipu,sipi,sipu
si,siti,situ,siti,situ
si,siki,siku,siki,siku
si,sibi,sibu,sibi,sibu
si,sidi,sidu,sidi,sidu
si,sigi,sigu,sigi,sigu
si,sifi,sifu,sifi,sifu
si,sisi,sisu,sisi,sisu
si,sivi,sivu,sivi,sivu
si,sizi,sizu,sizi,sizu
si,siʃi,siʃu,siʃi,siʃu
si,siʒi,siʒu,siʒi,siʒu
si,siθi,siθu,siθi,siθu
si,siði,siðu,siði,siðu
si,sihi,sihu,sihi,sihu
vi,vimi,vimu,vimi,vimu
vi,vini,vinu,vini,vinu
vi,vipi,vipu,vipi,vipu
vi,viti,vitu,viti,vitu
vi,viki,viku,viki,viku
vi,vibi,vibu,vibi,vibu
vi,vidi,vidu,vidi,vidu
vi,vigi,vigu,vigi,vigu
vi,vifi,vifu,vifi,vifu
vi,visi,visu,visi,visu
vi,vivi,vivu,vivi,vivu
vi,vizi,vizu,vizi,vizu
vi,viʃi,viʃu,viʃi,viʃu
vi,viʒi,viʒu,viʒi,viʒu
vi,viθi,viθu,viθi,viθu
vi,viði,viðu,viði,viðu
vi,vihi,vihu,vihi,vihu
zi,zimi,zimu,zimi,zimu
zi,zini,zinu,zini,zinu
zi,zipi,zipu,zipi,zipu
zi,ziti,zitu,ziti,zitu
zi,ziki,ziku,ziki,ziku
zi,zibi,zibu,zibi,zibu
zi,zidi,zidu,zidi,zidu
zi,zigi,zigu,zigi,zigu
zi,zifi,zifu,zifi,zifu
zi,zisi,zisu,zisi,zisu
zi,zivi,zivu,zivi,zivu
zi,zizi,zizu,zizi,zizu
zi,ziʃi,ziʃu,ziʃi,ziʃu
zi,ziʒi,ziʒu,ziʒi,ziʒu
zi,ziθi,ziθu,ziθi,ziθu
zi,ziði,ziðu,ziði,ziðu
zi,zihi,zihu,zihi,zihu
ʃi,ʃimi,ʃimu,ʃimi,ʃimu
ʃi,ʃini,ʃinu,ʃini,ʃinu
ʃi,ʃipi,ʃipu,ʃipi,ʃipu
ʃi,ʃiti,ʃitu,ʃiti,ʃitu
ʃi,ʃiki,ʃiku,ʃiki,ʃiku
ʃi,ʃibi,ʃibu,ʃibi,ʃibu
ʃi,ʃidi,ʃidu,ʃidi,ʃidu
ʃi,ʃigi,ʃigu,ʃigi,ʃigu
ʃi,ʃifi,ʃifu,ʃifi,ʃifu
ʃi,ʃisi,ʃisu,ʃisi,ʃisu
ʃi,ʃivi,ʃivu,ʃivi,ʃivu
ʃi,ʃizi,ʃizu,ʃizi,ʃizu
ʃi,ʃiʃi,ʃiʃu,ʃiʃi,ʃiʃu
ʃi,ʃiʒi,ʃiʒu,ʃiʒi,ʃiʒu
ʃi,ʃiθi,ʃiθu,ʃiθi,ʃiθu
ʃi,ʃiði,ʃiðu,ʃiði,ʃiðu
ʃi,ʃihi,ʃihu,ʃihi,ʃihu
ʒi,ʒimi,ʒimu,ʒimi,ʒimu
ʒi,ʒini,ʒinu,ʒini,ʒinu
ʒi,ʒipi,ʒipu,ʒipi,ʒipu
ʒi,ʒiti,ʒitu,ʒiti,ʒitu
ʒi,ʒiki,ʒiku,ʒiki,ʒiku
ʒi,ʒibi,ʒibu,ʒibi,ʒibu
ʒi,ʒidi,ʒidu,ʒidi,ʒidu
ʒi,ʒigi,ʒigu,ʒigi,ʒigu
ʒi,ʒifi,ʒifu,ʒifi,ʒifu
ʒi,ʒisi,ʒisu,ʒisi,ʒisu
ʒi,ʒivi,ʒivu,ʒivi,ʒivu
ʒi,ʒizi,ʒizu,ʒizi,ʒizu
ʒi,ʒiʃi,ʒiʃu,ʒiʃi,ʒiʃu
ʒi,ʒiʒi,ʒiʒu,ʒiʒi,ʒiʒu
ʒi,ʒiθi,ʒiθu,ʒiθi,ʒiθu
ʒi,ʒiði,ʒiðu,ʒiði,ʒiðu
ʒi,ʒihi,ʒihu,ʒihi,ʒihu
θi,θimi,θimu,θimi,θimu
θi,θini,θinu,θini,θinu
θi,θipi,θipu,θipi,θipu
θi,θiti,θitu,θiti,θitu
θi,θiki,θiku,θiki,θiku
θi,θibi,θibu,θibi,θibu
θi,θidi,θidu,θidi,θidu
θi,θigi,θigu,θigi,θigu
θi,θifi,θifu,θifi,θifu
θi,θisi,θisu,θisi,θisu
θi,θivi,θivu,θivi,θivu
θi,θizi,θizu,θizi,θizu
θi,θiʃi,θiʃu,θiʃi,θiʃu
θi,θiʒi,θiʒu,θiʒi,θiʒu
θi,θiθi,θiθu,θiθi,θiθu
θi,θiði,θiðu,θiði,θiðu
θi,θihi,θihu,θihi,θihu
ði,ðimi,ðimu,ðimi,ðimu
ði,ðini,ðinu,ðini,ðinu
ði,ðipi,ðipu,ðipi,ðipu
ði,ðiti,ðitu,ðiti,ðitu
ði,ðiki,ðiku,ðiki,ðiku
ði,ðibi,ðibu,ðibi,ðibu
ði,ðidi,ðidu,ðidi,ðidu
ði,ðigi,ðigu,ðigi,ðigu
ði,ðifi,ðifu,ðifi,ðifu
ði,ðisi,ðisu,ðisi,ðisu
ði,ðivi,ðivu,ðivi,ðivu
ði,ðizi,ðizu,ðizi,ðizu
ði,ðiʃi,ðiʃu,ðiʃi,ðiʃu
ði,ðiʒi,ðiʒu,ðiʒi,ðiʒu
ði,ðiθi,ðiθu,ðiθi,ðiθu
ði,ðiði,ðiðu,ðiði,ðiðu
ði,ðihi,ðihu,ðihi,ðihu
hi,himi,himu,himi,himu
hi,hini,hinu,hini,hinu
hi,hipi,hipu,hipi,hipu
hi,hiti,hitu,hiti,hitu
hi,hiki,hiku,hiki,hiku
hi,hibi,hibu,hibi,hibu
hi,hidi,hidu,hidi,hidu
hi,higi,higu,higi,higu
hi,hifi,hifu,hifi,hifu
hi,hisi,hisu,hisi,hisu
hi,hivi,hivu,hivi,hivu
hi,hizi,hizu,hizi,hizu
hi,hiʃi,hiʃu,hiʃi,hiʃu
hi,hiʒi,hiʒu,hiʒi,hiʒu
hi,hiθi,hiθu,hiθi,hiθu
hi,hiði,hiðu,hiði,hiðu
hi,hihi,hihu,hihi,hihu
mi,mimeɪ,mimoʊ,mime,mimo
mi,mineɪ,minoʊ,mine,mino
mi,mipeɪ,mipoʊ,mipe,mipo
mi,miteɪ,mitoʊ,mite,mito
mi,mikeɪ,mikoʊ,mike,miko
mi,mibeɪ,miboʊ,mibe,mibo
mi,mideɪ,midoʊ,mide,mido
mi,migeɪ,migoʊ,mige,migo
mi,mifeɪ,mifoʊ,mife,mifo
mi,miseɪ,misoʊ,mise,miso
mi,miveɪ,mivoʊ,mive,mivo
mi,mizeɪ,mizoʊ,mize,mizo
mi,miʃeɪ,miʃoʊ,miʃe,miʃo
mi,miʒeɪ,miʒoʊ,miʒe,miʒo
mi,miθeɪ,miθoʊ,miθe,miθo
mi,miðeɪ,miðoʊ,miðe,miðo
mi,miheɪ,mihoʊ,mihe,miho
ni,nimeɪ,nimoʊ,nime,nimo
ni,nineɪ,ninoʊ,nine,nino
ni,nipeɪ,nipoʊ,nipe,nipo
ni,niteɪ,nitoʊ,nite,nito
ni,nikeɪ,nikoʊ,nike,niko
ni,nibeɪ,niboʊ,nibe,nibo
ni,nideɪ,nidoʊ,nide,nido
ni,nigeɪ,nigoʊ,nige,nigo
ni,nifeɪ,nifoʊ,nife,nifo
ni,niseɪ,nisoʊ,nise,niso
ni,niveɪ,nivoʊ,nive,nivo
ni,nizeɪ,nizoʊ,nize,nizo
ni,niʃeɪ,niʃoʊ,niʃe,niʃo
ni,niʒeɪ,niʒoʊ,niʒe,niʒo
ni,niθeɪ,niθoʊ,niθe,niθo
ni,niðeɪ,niðoʊ,niðe,niðo
ni,niheɪ,nihoʊ,nihe,niho
pi,pimeɪ,pimoʊ,pime,pimo
pi,pineɪ,pinoʊ,pine,pino
pi,pipeɪ,pipoʊ,pipe,pipo
pi,piteɪ,pitoʊ,pite,pito
pi,pikeɪ,pikoʊ,pike,piko
pi,pibeɪ,piboʊ,pibe,pibo
pi,pideɪ,pidoʊ,pide,pido
pi,pigeɪ,pigoʊ,pige,pigo
pi,pifeɪ,pifoʊ,pife,pifo
pi,piseɪ,pisoʊ,pise,piso
pi,piveɪ,pivoʊ,pive,pivo
pi,pizeɪ,pizoʊ,pize,pizo
pi,piʃeɪ,piʃoʊ,piʃe,piʃo
pi,piʒeɪ,piʒoʊ,piʒe,piʒo
pi,piθeɪ,piθoʊ,piθe,piθo
pi,piðeɪ,piðoʊ,piðe,piðo
pi,piheɪ,pihoʊ,pihe,piho
ti,timeɪ,timoʊ,time,timo
ti,tineɪ,tinoʊ,tine,tino
ti,tipeɪ,tipoʊ,tipe,tipo
ti,titeɪ,titoʊ,tite,tito
ti,tikeɪ,tikoʊ,tike,tiko
ti,tibeɪ,tiboʊ,tibe,tibo
ti,tideɪ,tidoʊ,tide,tido
ti,tigeɪ,tigoʊ,tige,tigo
ti,tifeɪ,tifoʊ,tife,tifo
ti,tiseɪ,tisoʊ,tise,tiso
ti,tiveɪ,tivoʊ,tive,tivo
ti,tizeɪ,tizoʊ,tize,tizo
ti,tiʃeɪ,tiʃoʊ,tiʃe,tiʃo
ti,tiʒeɪ,tiʒoʊ,tiʒe,tiʒo
ti,tiθeɪ,tiθoʊ,tiθe,tiθo
ti,tiðeɪ,tiðoʊ,tiðe,tiðo
ti,tiheɪ,tihoʊ,tihe,tiho
ki,kimeɪ,kimoʊ,kime,kimo
ki,kineɪ,kinoʊ,kine,kino
ki,kipeɪ,kipoʊ,kipe,kipo
ki,kiteɪ,kitoʊ,kite,kito
ki,kikeɪ,kikoʊ,kike,kiko
ki,kibeɪ,kiboʊ,kibe,kibo
ki,kideɪ,kidoʊ,kide,kido
ki,kigeɪ,kigoʊ,kige,kigo
ki,kifeɪ,kifoʊ,kife,kifo
ki,kiseɪ,kisoʊ,kise,kiso
ki,kiveɪ,kivoʊ,kive,kivo
ki,kizeɪ,kizoʊ,kize,kizo
ki,kiʃeɪ,kiʃoʊ,kiʃe,kiʃo
ki,kiʒeɪ,kiʒoʊ,kiʒe,kiʒo
ki,kiθeɪ,kiθoʊ,kiθe,kiθo
ki,kiðeɪ,kiðoʊ,kiðe,kiðo
ki,kiheɪ,kihoʊ,kihe,kiho
bi,bimeɪ,bimoʊ,bime,bimo
bi,bineɪ,binoʊ,bine,bino
bi,bipeɪ,bipoʊ,bipe,bipo
bi,biteɪ,bitoʊ,bite,bito
bi,bikeɪ,bikoʊ,bike,biko
bi,bibeɪ,biboʊ,bibe,bibo
bi,bideɪ,bidoʊ,bide,bido
bi,bigeɪ,bigoʊ,bige,bigo
bi,bifeɪ,bifoʊ,bife,bifo
bi,biseɪ,bisoʊ,bise,biso
bi,biveɪ,bivoʊ,bive,bivo
bi,bizeɪ,bizoʊ,bize,bizo
bi,biʃeɪ,biʃoʊ,biʃe,biʃo
bi,biʒeɪ,biʒoʊ,biʒe,biʒo
bi,biθeɪ,biθoʊ,biθe,biθo
bi,biðeɪ,biðoʊ,biðe,biðo
bi,biheɪ,bihoʊ,bihe,biho
di,dimeɪ,dimoʊ,dime,dimo
di,dineɪ,dinoʊ,dine,dino
di,dipeɪ,dipoʊ,dipe,dipo
di,diteɪ,ditoʊ,dite,dito
di,dikeɪ,dikoʊ,dike,diko
di,dibeɪ,diboʊ,dibe,dibo
di,dideɪ,didoʊ,dide,dido
di,digeɪ,digoʊ,dige,digo
di,difeɪ,difoʊ,dife,difo
di,diseɪ,disoʊ,dise,diso
di,diveɪ,divoʊ,dive,divo
di,dizeɪ,dizoʊ,dize,dizo
di,diʃeɪ,diʃoʊ,diʃe,diʃo
di,diʒeɪ,diʒoʊ,diʒe,diʒo
di,diθeɪ,diθoʊ,diθe,diθo
di,diðeɪ,diðoʊ,diðe,diðo
di,diheɪ,dihoʊ,dihe,diho
gi,gimeɪ,gimoʊ,gime,gimo
gi,gineɪ,ginoʊ,gine,gino
gi,gipeɪ,gipoʊ,gipe,gipo
gi,giteɪ,gitoʊ,gite,gito
gi,gikeɪ,gikoʊ,gike,giko
gi,gibeɪ,giboʊ,gibe,gibo
gi,gideɪ,gidoʊ,gide,gido
gi,gigeɪ,gigoʊ,gige,gigo
gi,gifeɪ,gifoʊ,gife,gifo
gi,giseɪ,gisoʊ,gise,giso
gi,giveɪ,givoʊ,give,givo
gi,gizeɪ,gizoʊ,gize,gizo
gi,giʃeɪ,giʃoʊ,giʃe,giʃo
gi,giʒeɪ,giʒoʊ,giʒe,giʒo
gi,giθeɪ,giθoʊ,giθe,giθo
gi,giðeɪ,giðoʊ,giðe,giðo
gi,giheɪ,gihoʊ,gihe,giho
fi,fimeɪ,fimoʊ,fime,fimo
fi,fineɪ,finoʊ,fine,fino
fi,fipeɪ,fipoʊ,fipe,fipo
fi,fiteɪ,fitoʊ,fite,fito
fi,fikeɪ,fikoʊ,fike,fiko
fi,fibeɪ,fiboʊ,fibe,fibo
fi,fideɪ,fidoʊ,fide,fido
fi,figeɪ,figoʊ,fige,figo
fi,fifeɪ,fifoʊ,fife,fifo
fi,fiseɪ,fisoʊ,fise,fiso
fi,fiveɪ,fivoʊ,five,fivo
fi,fizeɪ,fizoʊ,fize,fizo
fi,fiʃeɪ,fiʃoʊ,fiʃe,fiʃo
fi,fiʒeɪ,fiʒoʊ,fiʒe,fiʒo
fi,fiθeɪ,fiθoʊ,fiθe,fiθo
fi,fiðeɪ,fiðoʊ,fiðe,fiðo
fi,fiheɪ,fihoʊ,fihe,fiho
si,simeɪ,simoʊ,sime,simo
si,sineɪ,sinoʊ,sine,sino
si,sipeɪ,sipoʊ,sipe,sipo
si,siteɪ,sitoʊ,site,sito
si,sikeɪ,sikoʊ,sike,siko
si,sibeɪ,siboʊ,sibe,sibo
si,sideɪ,sidoʊ,side,sido
si,sigeɪ,sigoʊ,sige,sigo
si,sifeɪ,sifoʊ,sife,sifo
si,siseɪ,sisoʊ,sise,siso
si,siveɪ,sivoʊ,sive,sivo
si,sizeɪ,sizoʊ,size,sizo
si,siʃeɪ,siʃoʊ,siʃe,siʃo
si,siʒeɪ,siʒoʊ,siʒe,siʒo
si,siθeɪ,siθoʊ,siθe,siθo
si,siðeɪ,siðoʊ,siðe,siðo
si,siheɪ,sihoʊ,sihe,siho
vi,vimeɪ,vimoʊ,vime,vimo
vi,vineɪ,vinoʊ,vine,vino
vi,vipeɪ,vipoʊ,vipe,vipo
vi,viteɪ,vitoʊ,vite,vito
vi,vikeɪ,vikoʊ,vike,viko
vi,vibeɪ,viboʊ,vibe,vibo
vi,videɪ,vidoʊ,vide,vido
vi,vigeɪ,vigoʊ,vige,vigo
vi,vifeɪ,vifoʊ,vife,vifo
vi,viseɪ,visoʊ,vise,viso
vi,viveɪ,vivoʊ,vive,vivo
vi,vizeɪ,vizoʊ,vize,vizo
vi,viʃeɪ,viʃoʊ,viʃe,viʃo
vi,viʒeɪ,viʒoʊ,viʒe,viʒo
vi,viθeɪ,viθoʊ,viθe,viθo
vi,viðeɪ,viðoʊ,viðe,viðo
vi,viheɪ,vihoʊ,vihe,viho
zi,zimeɪ,zimoʊ,zime,zimo
zi,zineɪ,zinoʊ,zine,zino
zi,zipeɪ,zipoʊ,zipe,zipo
zi,ziteɪ,zitoʊ,zite,zito
zi,zikeɪ,zikoʊ,zike,ziko
zi,zibeɪ,ziboʊ,zibe,zibo
zi,zideɪ,zidoʊ,zide,zido
zi,zigeɪ,zigoʊ,zige,zigo
zi,zifeɪ,zifoʊ,zife,zifo
zi,ziseɪ,zisoʊ,zise,ziso
zi,ziveɪ,zivoʊ,zive,zivo
zi,zizeɪ,zizoʊ,zize,zizo
zi,ziʃeɪ,ziʃoʊ,ziʃe,ziʃo
zi,ziʒeɪ,ziʒoʊ,ziʒe,ziʒo
zi,ziθeɪ,ziθoʊ,ziθe,ziθo
zi,ziðeɪ,ziðoʊ,ziðe,ziðo
zi,ziheɪ,zihoʊ,zihe,ziho
ʃi,ʃimeɪ,ʃimoʊ,ʃime,ʃimo
ʃi,ʃineɪ,ʃinoʊ,ʃine,ʃino
ʃi,ʃipeɪ,ʃipoʊ,ʃipe,ʃipo
ʃi,ʃiteɪ,ʃitoʊ,ʃite,ʃito
ʃi,ʃikeɪ,ʃikoʊ,ʃike,ʃiko
ʃi,ʃibeɪ,ʃiboʊ,ʃibe,ʃibo
ʃi,ʃideɪ,ʃidoʊ,ʃide,ʃido
ʃi,ʃigeɪ,ʃigoʊ,ʃige,ʃigo
ʃi,ʃifeɪ,ʃifoʊ,ʃife,ʃifo
ʃi,ʃiseɪ,ʃisoʊ,ʃise,ʃiso
ʃi,ʃiveɪ,ʃivoʊ,ʃive,ʃivo
ʃi,ʃizeɪ,ʃizoʊ,ʃize,ʃizo
ʃi,ʃiʃeɪ,ʃiʃoʊ,ʃiʃe,ʃiʃo
ʃi,ʃiʒeɪ,ʃiʒoʊ,ʃiʒe,ʃiʒo
ʃi,ʃiθeɪ,ʃiθoʊ,ʃiθe,ʃiθo
ʃi,ʃiðeɪ,ʃiðoʊ,ʃiðe,ʃiðo
ʃi,ʃiheɪ,ʃihoʊ,ʃihe,ʃiho
ʒi,ʒimeɪ,ʒimoʊ,ʒime,ʒimo
ʒi,ʒineɪ,ʒinoʊ,ʒine,ʒino
ʒi,ʒipeɪ,ʒipoʊ,ʒipe,ʒipo
ʒi,ʒiteɪ,ʒitoʊ,ʒite,ʒito
ʒi,ʒikeɪ,ʒikoʊ,ʒike,ʒiko
ʒi,ʒibeɪ,ʒiboʊ,ʒibe,ʒibo
ʒi,ʒideɪ,ʒidoʊ,ʒide,ʒido
ʒi,ʒigeɪ,ʒigoʊ,ʒige,ʒigo
ʒi,ʒifeɪ,ʒifoʊ,ʒife,ʒifo
ʒi,ʒiseɪ,ʒisoʊ,ʒise,ʒiso
ʒi,ʒiveɪ,ʒivoʊ,ʒive,ʒivo
ʒi,ʒizeɪ,ʒizoʊ,ʒize,ʒizo
ʒi,ʒiʃeɪ,ʒiʃoʊ,ʒiʃe,ʒiʃo
ʒi,ʒiʒeɪ,ʒiʒoʊ,ʒiʒe,ʒiʒo
ʒi,ʒiθeɪ,ʒiθoʊ,ʒiθe,ʒiθo
ʒi,ʒiðeɪ,ʒiðoʊ,ʒiðe,ʒiðo
ʒi,ʒiheɪ,ʒihoʊ,ʒihe,ʒiho
θi,θimeɪ,θimoʊ,θime,θimo
θi,θineɪ,θinoʊ,θine,θino
θi,θipeɪ,θipoʊ,θipe,θipo
θi,θiteɪ,θitoʊ,θite,θito
θi,θikeɪ,θikoʊ,θike,θiko
θi,θibeɪ,θiboʊ,θibe,θibo
θi,θideɪ,θidoʊ,θide,θido
θi,θigeɪ,θigoʊ,θige,θigo
θi,θifeɪ,θifoʊ,θife,θifo
θi,θiseɪ,θisoʊ,θise,θiso
θi,θiveɪ,θivoʊ,θive,θivo
θi,θizeɪ,θizoʊ,θize,θizo
θi,θiʃeɪ,θiʃoʊ,θiʃe,θiʃo
θi,θiʒeɪ,θiʒoʊ,θiʒe,θiʒo
θi,θiθeɪ,θiθoʊ,θiθe,θiθo
θi,θiðeɪ,θiðoʊ,θiðe,θiðo
θi,θiheɪ,θihoʊ,θihe,θiho
ði,ðimeɪ,ðimoʊ,ðime,ðimo
ði,ðineɪ,ðinoʊ,ðine,ðino
ði,ðipeɪ,ðipoʊ,ðipe,ðipo
ði,ðiteɪ,ðitoʊ,ðite,ðito
ði,ðikeɪ,ðikoʊ,ðike,ðiko
ði,ðibeɪ,ðiboʊ,ðibe,ðibo
ði,ðideɪ,ðidoʊ,ðide,ðido
ði,ðigeɪ,ðigoʊ,ðige,ðigo
ði,ðifeɪ,ðifoʊ,ðife,ðifo
ði,ðiseɪ,ðisoʊ,ðise,ðiso
ði,ðiveɪ,ðivoʊ,ðive,ðivo
ði,ðizeɪ,ðizoʊ,ðize,ðizo
ði,ðiʃeɪ,ðiʃoʊ,ðiʃe,ðiʃo
ði,ðiʒeɪ,ðiʒoʊ,ðiʒe,ðiʒo
ði,ðiθeɪ,ðiθoʊ,ðiθe,ðiθo
ði,ðiðeɪ,ðiðoʊ,ðiðe,ðiðo
ði,ðiheɪ,ðihoʊ,ðihe,ðiho
hi,himeɪ,himoʊ,hime,himo
hi,hineɪ,hinoʊ,hine,hino
hi,hipeɪ,hipoʊ,hipe,hipo
hi,hiteɪ,hitoʊ,hite,hito
hi,hikeɪ,hikoʊ,hike,hiko
hi,hibeɪ,hiboʊ,hibe,hibo
hi,hideɪ,hidoʊ,hide,hido
hi,higeɪ,higoʊ,hige,higo
hi,hifeɪ,hifoʊ,hife,hifo
hi,hiseɪ,hisoʊ,hise,hiso
hi,hiveɪ,hivoʊ,hive,hivo
hi,hizeɪ,hizoʊ,hize,hizo
hi,hiʃeɪ,hiʃoʊ,hiʃe,hiʃo
hi,hiʒeɪ,hiʒoʊ,hiʒe,hiʒo
hi,hiθeɪ,hiθoʊ,hiθe,hiθo
hi,hiðeɪ,hiðoʊ,hiðe,hiðo
hi,hiheɪ,hihoʊ,hihe,hiho
mi,mimu,mimu,mimu,mimu
mi,minu,minu,minu,minu
mi,mipu,mipu,mipu,mipu
mi,mitu,mitu,mitu,mitu
mi,miku,miku,miku,miku
mi,mibu,mibu,mibu,mibu
mi,midu,midu,midu,midu
mi,migu,migu,migu,migu
mi,mifu,mifu,mifu,mifu
mi,misu,misu,misu,misu
mi,mivu,mivu,mivu,mivu
mi,mizu,mizu,mizu,mizu
mi,miʃu,miʃu,miʃu,miʃu
mi,miʒu,miʒu,miʒu,miʒu
mi,miθu,miθu,miθu,miθu
mi,miðu,miðu,miðu,miðu
mi,mihu,mihu,mihu,mihu
ni,nimu,nimu,nimu,nimu
ni,ninu,ninu,ninu,ninu
ni,nipu,nipu,nipu,nipu
ni,nitu,nitu,nitu,nitu
ni,niku,niku,niku,niku
ni,nibu,nibu,nibu,nibu
ni,nidu,nidu,nidu,nidu
ni,nigu,nigu,nigu,nigu
ni,nifu,nifu,nifu,nifu
ni,nisu,nisu,nisu,nisu
ni,nivu,nivu,nivu,nivu
ni,nizu,nizu,nizu,nizu
ni,niʃu,niʃu,niʃu,niʃu
ni,niʒu,niʒu,niʒu,niʒu
ni,niθu,niθu,niθu,niθu
ni,niðu,niðu,niðu,niðu
ni,nihu,nihu,nihu,nihu
pi,pimu,pimu,pimu,pimu
pi,pinu,pinu,pinu,pinu
pi,pipu,pipu,pipu,pipu
pi,pitu,pitu,pitu,pitu
pi,piku,piku,piku,piku
pi,pibu,pibu,pibu,pibu
pi,pidu,pidu,pidu,pidu
pi,pigu,pigu,pigu,pigu
pi,pifu,pifu,pifu,pifu
pi,pisu,pisu,pisu,pisu
pi,pivu,pivu,pivu,pivu
pi,pizu,pizu,pizu,pizu
pi,piʃu,piʃu,piʃu,piʃu
pi,piʒu,piʒu,piʒu,piʒu
pi,piθu,piθu,piθu,piθu
pi,piðu,piðu,piðu,piðu
pi,pihu,pihu,pihu,pihu
ti,timu,timu,timu,timu
ti,tinu,tinu,tinu,tinu
ti,tipu,tipu,tipu,tipu
ti,titu,titu,titu,titu
ti,tiku,tiku,tiku,tiku
ti,tibu,tibu,tibu,tibu
ti,tidu,tidu,tidu,tidu
ti,tigu,tigu,tigu,tigu
ti,tifu,tifu,tifu,tifu
ti,tisu,tisu,tisu,tisu
ti,tivu,tivu,tivu,tivu
ti,tizu,tizu,tizu,tizu
ti,tiʃu,tiʃu,tiʃu,tiʃu
ti,tiʒu,tiʒu,tiʒu,tiʒu
ti,tiθu,tiθu,tiθu,tiθu
ti,tiðu,tiðu,tiðu,tiðu
ti,tihu,tihu,tihu,tihu
ki,kimu,kimu,kimu,kimu
ki,kinu,kinu,kinu,kinu
ki,kipu,kipu,kipu,kipu
ki,kitu,kitu,kitu,kitu
ki,kiku,kiku,kiku,kiku
ki,kibu,kibu,kibu,kibu
ki,kidu,kidu,kidu,kidu
ki,kigu,kigu,kigu,kigu
ki,kifu,kifu,kifu,kifu
ki,kisu,kisu,kisu,kisu
ki,kivu,kivu,kivu,kivu
ki,kizu,kizu,kizu,kizu
ki,kiʃu,kiʃu,kiʃu,kiʃu
ki,kiʒu,kiʒu,kiʒu,kiʒu
ki,kiθu,kiθu,kiθu,kiθu
ki,kiðu,kiðu,kiðu,kiðu
ki,kihu,kihu,kihu,kihu
bi,bimu,bimu,bimu,bimu
bi,binu,binu,binu,binu
bi,bipu,bipu,bipu,bipu
bi,bitu,bitu,bitu,bitu
bi,biku,biku,biku,biku
bi,bibu,bibu,bibu,bibu
bi,bidu,bidu,bidu,bidu
bi,bigu,bigu,bigu,bigu
bi,bifu,bifu,bifu,bifu
bi,bisu,bisu,bisu,bisu
bi,bivu,bivu,bivu,bivu
bi,bizu,bizu,bizu,bizu
bi,biʃu,biʃu,biʃu,biʃu
bi,biʒu,biʒu,biʒu,biʒu
bi,biθu,biθu,biθu,biθu
bi,biðu,biðu,biðu,biðu
bi,bihu,bihu,bihu,bihu
di,dimu,dimu,dimu,dimu
di,dinu,dinu,dinu,dinu
di,dipu,dipu,dipu,dipu
di,ditu,ditu,ditu,ditu
di,diku,diku,diku,diku
di,dibu,dibu,dibu,dibu
di,didu,didu,didu,didu
di,digu,digu,digu,digu
di,difu,difu,difu,difu
di,disu,disu,disu,disu
di,divu,divu,divu,divu
di,dizu,dizu,dizu,dizu
di,diʃu,diʃu,diʃu,diʃu
di,diʒu,diʒu,diʒu,diʒu
di,diθu,diθu,diθu,diθu
di,diðu,diðu,diðu,diðu
di,dihu,dihu,dihu,dihu
gi,gimu,gimu,gimu,gimu
gi,ginu,ginu,ginu,ginu
gi,gipu,gipu,gipu,gipu
gi,gitu,gitu,gitu,gitu
gi,giku,giku,giku,giku
gi,gibu,gibu,gibu,gibu
gi,gidu,gidu,gidu,gidu
gi,gigu,gigu,gigu,gigu
gi,gifu,gifu,gifu,gifu
gi,gisu,gisu,gisu,gisu
gi,givu,givu,givu,givu
gi,gizu,gizu,gizu,gizu
gi,giʃu,giʃu,giʃu,giʃu
gi,giʒu,giʒu,giʒu,giʒu
gi,giθu,giθu,giθu,giθu
gi,giðu,giðu,giðu,giðu
gi,gihu,gihu,gihu,gihu
fi,fimu,fimu,fimu,fimu
fi,finu,finu,finu,finu
fi,fipu,fipu,fipu,fipu
fi,fitu,fitu,fitu,fitu
fi,fiku,fiku,fiku,fiku
fi,fibu,fibu,fibu,fibu
fi,fidu,fidu,fidu,fidu
fi,figu,figu,figu,figu
fi,fifu,fifu,fifu,fifu
fi,fisu,fisu,fisu,fisu
fi,fivu,fivu,fivu,fivu
fi,fizu,fizu,fizu,fizu
fi,fiʃu,fiʃu,fiʃu,fiʃu
fi,fiʒu,fiʒu,fiʒu,fiʒu
fi,fiθu,fiθu,fiθu,fiθu
fi,fiðu,fiðu,fiðu,fiðu
fi,fihu,fihu,fihu,fihu
si,simu,simu,simu,simu
si,sinu,sinu,sinu,sinu
si,sipu,sipu,sipu,sipu
si,situ,situ,situ,situ
si,siku,siku,siku,siku
si,sibu,sibu,sibu,sibu
si,sidu,sidu,sidu,sidu
si,sigu,sigu,sigu,sigu
si,sifu,sifu,sifu,sifu
si,sisu,sisu,sisu,sisu
si,sivu,sivu,sivu,sivu
si,sizu,sizu,sizu,sizu
si,siʃu,siʃu,siʃu,siʃu
si,siʒu,siʒu,siʒu,siʒu
si,siθu,siθu,siθu,siθu
si,siðu,siðu,siðu,siðu
si,sihu,sihu,sihu,sihu
vi,vimu,vimu,vimu,vimu
vi,vinu,vinu,vinu,vinu
vi,vipu,vipu,vipu,vipu
vi,vitu,vitu,vitu,vitu
vi,viku,viku,viku,viku
vi,vibu,vibu,vibu,vibu
vi,vidu,vidu,vidu,vidu
vi,vigu,vigu,vigu,vigu
vi,vifu,vifu,vifu,vifu
vi,visu,visu,visu,visu
vi,vivu,vivu,vivu,vivu
vi,vizu,vizu,vizu,vizu
vi,viʃu,viʃu,viʃu,viʃu
vi,viʒu,viʒu,viʒu,viʒu
vi,viθu,viθu,viθu,viθu
vi,viðu,viðu,viðu,viðu
vi,vihu,vihu,vihu,vihu
zi,zimu,zimu,zimu,zimu
zi,zinu,zinu,zinu,zinu
zi,zipu,zipu,zipu,zipu
zi,zitu,zitu,zitu,zitu
zi,ziku,ziku,ziku,ziku
zi,zibu,zibu,zibu,zibu
zi,zidu,zidu,zidu,zidu
zi,zigu,zigu,zigu,zigu
zi,zifu,zifu,zifu,zifu
zi,zisu,zisu,zisu,zisu
zi,zivu,zivu,zivu,zivu
zi,zizu,zizu,zizu,zizu
zi,ziʃu,ziʃu,ziʃu,ziʃu
zi,ziʒu,ziʒu,ziʒu,ziʒu
zi,ziθu,ziθu,ziθu,ziθu
zi,ziðu,ziðu,ziðu,ziðu
zi,zihu,zihu,zihu,zihu
ʃi,ʃimu,ʃimu,ʃimu,ʃimu
ʃi,ʃinu,ʃinu,ʃinu,ʃinu
ʃi,ʃipu,ʃipu,ʃipu,ʃipu
ʃi,ʃitu,ʃitu,ʃitu,ʃitu
ʃi,ʃiku,ʃiku,ʃiku,ʃiku
ʃi,ʃibu,ʃibu,ʃibu,ʃibu
ʃi,ʃidu,ʃidu,ʃidu,ʃidu
ʃi,ʃigu,ʃigu,ʃigu,ʃigu
ʃi,ʃifu,ʃifu,ʃifu,ʃifu
ʃi,ʃisu,ʃisu,ʃisu,ʃisu
ʃi,ʃivu,ʃivu,ʃivu,ʃivu
ʃi,ʃizu,ʃizu,ʃizu,ʃizu
ʃi,ʃiʃu,ʃiʃu,ʃiʃu,ʃiʃu
ʃi,ʃiʒu,ʃiʒu,ʃiʒu,ʃiʒu
ʃi,ʃiθu,ʃiθu,ʃiθu,ʃiθu
ʃi,ʃiðu,ʃiðu,ʃiðu,ʃiðu
ʃi,ʃihu,ʃihu,ʃihu,ʃihu
ʒi,ʒimu,ʒimu,ʒimu,ʒimu
ʒi,ʒinu,ʒinu,ʒinu,ʒinu
ʒi,ʒipu,ʒipu,ʒipu,ʒipu
ʒi,ʒitu,ʒitu,ʒitu,ʒitu
ʒi,ʒiku,ʒiku,ʒiku,ʒiku
ʒi,ʒibu,ʒibu,ʒibu,ʒibu
ʒi,ʒidu,ʒidu,ʒidu,ʒidu
ʒi,ʒigu,ʒigu,ʒigu,ʒigu
ʒi,ʒifu,ʒifu,ʒifu,ʒifu
ʒi,ʒisu,ʒisu,ʒisu,ʒisu
ʒi,ʒivu,ʒivu,ʒivu,ʒivu
ʒi,ʒizu,ʒizu,ʒizu,ʒizu
ʒi,ʒiʃu,ʒiʃu,ʒiʃu,ʒiʃu
ʒi,ʒiʒu,ʒiʒu,ʒiʒu,ʒiʒu
ʒi,ʒiθu,ʒiθu,ʒiθu,ʒiθu
ʒi,ʒiðu,ʒiðu,ʒiðu,ʒiðu
ʒi,ʒihu,ʒihu,ʒihu,ʒihu
θi,θimu,θimu,θimu,θimu
θi,θinu,θinu,θinu,θinu
θi,θipu,θipu,θipu,θipu
θi,θitu,θitu,θitu,θitu
θi,θiku,θiku,θiku,θiku
θi,θibu,θibu,θibu,θibu
θi,θidu,θidu,θidu,θidu
θi,θigu,θigu,θigu,θigu
θi,θifu,θifu,θifu,θifu
θi,θisu,θisu,θisu,θisu
θi,θivu,θivu,θivu,θivu
θi,θizu,θizu,θizu,θizu
θi,θiʃu,θiʃu,θiʃu,θiʃu
θi,θiʒu,θiʒu,θiʒu,θiʒu
θi,θiθu,θiθu,θiθu,θiθu
θi,θiðu,θiðu,θiðu,θiðu
θi,θihu,θihu,θihu,θihu
ði,ðimu,ðimu,ðimu,ðimu
ði,ðinu,ðinu,ðinu,ðinu
ði,ðipu,ðipu,ðipu,ðipu
ði,ðitu,ðitu,ðitu,ðitu
ði,ðiku,ðiku,ðiku,ðiku
ði,ðibu,ðibu,ðibu,ðibu
ði,ðidu,ðidu,ðidu,ðidu
ði,ðigu,ðigu,ðigu,ðigu
ði,ðifu,ðifu,ðifu,ðifu
ði,ðisu,ðisu,ðisu,ðisu
ði,ðivu,ðivu,ðivu,ðivu
ði,ðizu,ðizu,ðizu,ðizu
ði,ðiʃu,ðiʃu,ðiʃu,ðiʃu
ði,ðiʒu,ðiʒu,ðiʒu,ðiʒu
ði,ðiθu,ðiθu,ðiθu,ðiθu
ði,ðiðu,ðiðu,ðiðu,ðiðu
ði,ðihu,ðihu,ðihu,ðihu
hi,himu,himu,himu,himu
hi,hinu,hinu,hinu,hinu
hi,hipu,hipu,hipu,hipu
hi,hitu,hitu,hitu,hitu
hi,hiku,hiku,hiku,hiku
hi,hibu,hibu,hibu,hibu
hi,hidu,hidu,hidu,hidu
hi,higu,higu,higu,higu
hi,hifu,hifu,hifu,hifu
hi,hisu,hisu,hisu,hisu
hi,hivu,hivu,hivu,hivu
hi,hizu,hizu,hizu,hizu
hi,hiʃu,hiʃu,hiʃu,hiʃu
hi,hiʒu,hiʒu,hiʒu,hiʒu
hi,hiθu,hiθu,hiθu,hiθu
hi,hiðu,hiðu,hiðu,hiðu
hi,hihu,hihu,hihu,hihu
mi,mimoʊ,mimoʊ,mimo,mimo
mi,minoʊ,minoʊ,mino,mino
mi,mipoʊ,mipoʊ,mipo,mipo
mi,mitoʊ,mitoʊ,mito,mito
mi,mikoʊ,mikoʊ,miko,miko
mi,miboʊ,miboʊ,mibo,mibo
mi,midoʊ,midoʊ,mido,mido
mi,migoʊ,migoʊ,migo,migo
mi,mifoʊ,mifoʊ,mifo,mifo
mi,misoʊ,misoʊ,miso,miso
mi,mivoʊ,mivoʊ,mivo,mivo
mi,mizoʊ,mizoʊ,mizo,mizo
mi,miʃoʊ,miʃoʊ,miʃo,miʃo
mi,miʒoʊ,miʒoʊ,miʒo,miʒo
mi,miθoʊ,miθoʊ,miθo,miθo
mi,miðoʊ,miðoʊ,miðo,miðo
mi,mihoʊ,mihoʊ,miho,miho
ni,nimoʊ,nimoʊ,nimo,nimo
ni,ninoʊ,ninoʊ,nino,nino
ni,nipoʊ,nipoʊ,nipo,nipo
ni,nitoʊ,nitoʊ,nito,nito
ni,nikoʊ,nikoʊ,niko,niko
ni,niboʊ,niboʊ,nibo,nibo
ni,nidoʊ,nidoʊ,nido,nido
ni,nigoʊ,nigoʊ,nigo,nigo
ni,nifoʊ,nifoʊ,nifo,nifo
ni,nisoʊ,nisoʊ,niso,niso
ni,nivoʊ,nivoʊ,nivo,nivo
ni,nizoʊ,nizoʊ,nizo,nizo
ni,niʃoʊ,niʃoʊ,niʃo,niʃo
ni,niʒoʊ,niʒoʊ,niʒo,niʒo
ni,niθoʊ,niθoʊ,niθo,niθo
ni,niðoʊ,niðoʊ,niðo,niðo
ni,nihoʊ,nihoʊ,niho,niho
pi,pimoʊ,pimoʊ,pimo,pimo
pi,pinoʊ,pinoʊ,pino,pino
pi,pipoʊ,pipoʊ,pipo,pipo
pi,pitoʊ,pitoʊ,pito,pito
pi,pikoʊ,pikoʊ,piko,piko
pi,piboʊ,piboʊ,pibo,pibo
pi,pidoʊ,pidoʊ,pido,pido
pi,pigoʊ,pigoʊ,pigo,pigo
pi,pifoʊ,pifoʊ,pifo,pifo
pi,pisoʊ,pisoʊ,piso,piso
pi,pivoʊ,pivoʊ,pivo,pivo
pi,pizoʊ,pizoʊ,pizo,pizo
pi,piʃoʊ,piʃoʊ,piʃo,piʃo
pi,piʒoʊ,piʒoʊ,piʒo,piʒo
pi,piθoʊ,piθoʊ,piθo,piθo
pi,piðoʊ,piðoʊ,piðo,piðo
pi,pihoʊ,pihoʊ,piho,piho
ti,timoʊ,timoʊ,timo,timo
ti,tinoʊ,tinoʊ,tino,tino
ti,tipoʊ,tipoʊ,tipo,tipo
ti,titoʊ,titoʊ,tito,tito
ti,tikoʊ,tikoʊ,tiko,tiko
ti,tiboʊ,tiboʊ,tibo,tibo
ti,tidoʊ,tidoʊ,tido,tido
ti,tigoʊ,tigoʊ,tigo,tigo
ti,tifoʊ,tifoʊ,tifo,tifo
ti,tisoʊ,tisoʊ,tiso,tiso
ti,tivoʊ,tivoʊ,tivo,tivo
ti,tizoʊ,tizoʊ,tizo,tizo
ti,tiʃoʊ,tiʃoʊ,tiʃo,tiʃo
ti,tiʒoʊ,tiʒoʊ,tiʒo,tiʒo
ti,tiθoʊ,tiθoʊ,tiθo,tiθo
ti,tiðoʊ,tiðoʊ,tiðo,tiðo
ti,tihoʊ,tihoʊ,tiho,tiho
ki,kimoʊ,kimoʊ,kimo,kimo
ki,kinoʊ,kinoʊ,kino,kino
ki,kipoʊ,kipoʊ,kipo,kipo
ki,kitoʊ,kitoʊ,kito,kito
ki,kikoʊ,kikoʊ,kiko,kiko
ki,kiboʊ,kiboʊ,kibo,kibo
ki,kidoʊ,kidoʊ,kido,kido
ki,kigoʊ,kigoʊ,kigo,kigo
ki,kifoʊ,kifoʊ,kifo,kifo
ki,kisoʊ,kisoʊ,kiso,kiso
ki,kivoʊ,kivoʊ,kivo,kivo
ki,kizoʊ,kizoʊ,kizo,kizo
ki,kiʃoʊ,kiʃoʊ,kiʃo,kiʃo
ki,kiʒoʊ,kiʒoʊ,kiʒo,kiʒo
ki,kiθoʊ,kiθoʊ,kiθo,kiθo
ki,kiðoʊ,kiðoʊ,kiðo,kiðo
ki,kihoʊ,kihoʊ,kiho,kiho
bi,bimoʊ,bimoʊ,bimo,bimo
bi,binoʊ,binoʊ,bino,bino
bi,bipoʊ,bipoʊ,bipo,bipo
bi,bitoʊ,bitoʊ,bito,bito
bi,bikoʊ,bikoʊ,biko,biko
bi,biboʊ,biboʊ,bibo,bibo
bi,bidoʊ,bidoʊ,bido,bido
bi,bigoʊ,bigoʊ,bigo,bigo
bi,bifoʊ,bifoʊ,bifo,bifo
bi,bisoʊ,bisoʊ,biso,biso
bi,bivoʊ,bivoʊ,bivo,bivo
bi,bizoʊ,bizoʊ,bizo,bizo
bi,biʃoʊ,biʃoʊ,biʃo,biʃo
bi,biʒoʊ,biʒoʊ,biʒo,biʒo
bi,biθoʊ,biθoʊ,biθo,biθo
bi,biðoʊ,biðoʊ,biðo,biðo
bi,bihoʊ,bihoʊ,biho,biho
di,dimoʊ,dimoʊ,dimo,dimo
di,dinoʊ,dinoʊ,dino,dino
di,dipoʊ,dipoʊ,dipo,dipo
di,ditoʊ,ditoʊ,dito,dito
di,dikoʊ,dikoʊ,diko,diko
di,diboʊ,diboʊ,dibo,dibo
di,didoʊ,didoʊ,dido,dido
di,digoʊ,digoʊ,digo,digo
di,difoʊ,difoʊ,difo,difo
di,disoʊ,disoʊ,diso,diso
di,divoʊ,divoʊ,divo,divo
di,dizoʊ,dizoʊ,dizo,dizo
di,diʃoʊ,diʃoʊ,diʃo,diʃo
di,diʒoʊ,diʒoʊ,diʒo,diʒo
di,diθoʊ,diθoʊ,diθo,diθo
di,diðoʊ,diðoʊ,diðo,diðo
di,dihoʊ,dihoʊ,diho,diho
gi,gimoʊ,gimoʊ,gimo,gimo
gi,ginoʊ,ginoʊ,gino,gino
gi,gipoʊ,gipoʊ,gipo,gipo
gi,gitoʊ,gitoʊ,gito,gito
gi,gikoʊ,gikoʊ,giko,giko
gi,giboʊ,giboʊ,gibo,gibo
gi,gidoʊ,gidoʊ,gido,gido
gi,gigoʊ,gigoʊ,gigo,gigo
gi,gifoʊ,gifoʊ,gifo,gifo
gi,gisoʊ,gisoʊ,giso,giso
gi,givoʊ,givoʊ,givo,givo
gi,gizoʊ,gizoʊ,gizo,gizo
gi,giʃoʊ,giʃoʊ,giʃo,giʃo
gi,giʒoʊ,giʒoʊ,giʒo,giʒo
gi,giθoʊ,giθoʊ,giθo,giθo
gi,giðoʊ,giðoʊ,giðo,giðo
gi,gihoʊ,gihoʊ,giho,giho
fi,fimoʊ,fimoʊ,fimo,fimo
fi,finoʊ,finoʊ,fino,fino
fi,fipoʊ,fipoʊ,fipo,fipo
fi,fitoʊ,fitoʊ,fito,fito
fi,fikoʊ,fikoʊ,fiko,fiko
fi,fiboʊ,fiboʊ,fibo,fibo
fi,fidoʊ,fidoʊ,fido,fido
fi,figoʊ,figoʊ,figo,figo
fi,fifoʊ,fifoʊ,fifo,fifo
fi,fisoʊ,fisoʊ,fiso,fiso
fi,fivoʊ,fivoʊ,fivo,fivo
fi,fizoʊ,fizoʊ,fizo,fizo
fi,fiʃoʊ,fiʃoʊ,fiʃo,fiʃo
fi,fiʒoʊ,fiʒoʊ,fiʒo,fiʒo
fi,fiθoʊ,fiθoʊ,fiθo,fiθo
fi,fiðoʊ,fiðoʊ,fiðo,fiðo
fi,fihoʊ,fihoʊ,fiho,fiho
si,simoʊ,simoʊ,simo,simo
si,sinoʊ,sinoʊ,sino,sino
si,sipoʊ,sipoʊ,sipo,sipo
si,sitoʊ,sitoʊ,sito,sito
si,sikoʊ,sikoʊ,siko,siko
si,siboʊ,siboʊ,sibo,sibo
si,sidoʊ,sidoʊ,sido,sido
si,sigoʊ,sigoʊ,sigo,sigo
si,sifoʊ,sifoʊ,sifo,sifo
si,sisoʊ,sisoʊ,siso,siso
si,sivoʊ,sivoʊ,sivo,sivo
si,sizoʊ,sizoʊ,sizo,sizo
si,siʃoʊ,siʃoʊ,siʃo,siʃo
si,siʒoʊ,siʒoʊ,siʒo,siʒo
si,siθoʊ,siθoʊ,siθo,siθo
si,siðoʊ,siðoʊ,siðo,siðo
si,sihoʊ,sihoʊ,siho,siho
vi,vimoʊ,vimoʊ,vimo,vimo
vi,vinoʊ,vinoʊ,vino,vino
vi,vipoʊ,vipoʊ,vipo,vipo
vi,vitoʊ,vitoʊ,vito,vito
vi,vikoʊ,vikoʊ,viko,viko
vi,viboʊ,viboʊ,vibo,vibo
vi,vidoʊ,vidoʊ,vido,vido
vi,vigoʊ,vigoʊ,vigo,vigo
vi,vifoʊ,vifoʊ,vifo,vifo
vi,visoʊ,visoʊ,viso,viso
vi,vivoʊ,vivoʊ,vivo,vivo
vi,vizoʊ,vizoʊ,vizo,vizo
vi,viʃoʊ,viʃoʊ,viʃo,viʃo
vi,viʒoʊ,viʒoʊ,viʒo,viʒo
vi,viθoʊ,viθoʊ,viθo,viθo
vi,viðoʊ,viðoʊ,viðo,viðo
vi,vihoʊ,vihoʊ,viho,viho
zi,zimoʊ,zimoʊ,zimo,zimo
zi,zinoʊ,zinoʊ,zino,zino
zi,zipoʊ,zipoʊ,zipo,zipo
zi,zitoʊ,zitoʊ,zito,zito
zi,zikoʊ,zikoʊ,ziko,ziko
zi,ziboʊ,ziboʊ,zibo,zibo
zi,zidoʊ,zidoʊ,zido,zido
zi,zigoʊ,zigoʊ,zigo,zigo
zi,zifoʊ,zifoʊ,zifo,zifo
zi,zisoʊ,zisoʊ,ziso,ziso
zi,zivoʊ,zivoʊ,zivo,zivo
zi,zizoʊ,zizoʊ,zizo,zizo
zi,ziʃoʊ,ziʃoʊ,ziʃo,ziʃo
zi,ziʒoʊ,ziʒoʊ,ziʒo,ziʒo
zi,ziθoʊ,ziθoʊ,ziθo,ziθo
zi,ziðoʊ,ziðoʊ,ziðo,ziðo
zi,zihoʊ,zihoʊ,ziho,ziho
ʃi,ʃimoʊ,ʃimoʊ,ʃimo,ʃimo
ʃi,ʃinoʊ,ʃinoʊ,ʃino,ʃino
ʃi,ʃipoʊ,ʃipoʊ,ʃipo,ʃipo
ʃi,ʃitoʊ,ʃitoʊ,ʃito,ʃito
ʃi,ʃikoʊ,ʃikoʊ,ʃiko,ʃiko
ʃi,ʃiboʊ,ʃiboʊ,ʃibo,ʃibo
ʃi,ʃidoʊ,ʃidoʊ,ʃido,ʃido
ʃi,ʃigoʊ,ʃigoʊ,ʃigo,ʃigo
ʃi,ʃifoʊ,ʃifoʊ,ʃifo,ʃifo
ʃi,ʃisoʊ,ʃisoʊ,ʃiso,ʃiso
ʃi,ʃivoʊ,ʃivoʊ,ʃivo,ʃivo
ʃi,ʃizoʊ,ʃizoʊ,ʃizo,ʃizo
ʃi,ʃiʃoʊ,ʃiʃoʊ,ʃiʃo,ʃiʃo
ʃi,ʃiʒoʊ,ʃiʒoʊ,ʃiʒo,ʃiʒo
ʃi,ʃiθoʊ,ʃiθoʊ,ʃiθo,ʃiθo
ʃi,ʃiðoʊ,ʃiðoʊ,ʃiðo,ʃiðo
ʃi,ʃihoʊ,ʃihoʊ,ʃiho,ʃiho
ʒi,ʒimoʊ,ʒimoʊ,ʒimo,ʒimo
ʒi,ʒinoʊ,ʒinoʊ,ʒino,ʒino
ʒi,ʒipoʊ,ʒipoʊ,ʒipo,ʒipo
ʒi,ʒitoʊ,ʒitoʊ,ʒito,ʒito
ʒi,ʒikoʊ,ʒikoʊ,ʒiko,ʒiko
ʒi,ʒiboʊ,ʒiboʊ,ʒibo,ʒibo
ʒi,ʒidoʊ,ʒidoʊ,ʒido,ʒido
ʒi,ʒigoʊ,ʒigoʊ,ʒigo,ʒigo
ʒi,ʒifoʊ,ʒifoʊ,ʒifo,ʒifo
ʒi,ʒisoʊ,ʒisoʊ,ʒiso,ʒiso
ʒi,ʒivoʊ,ʒivoʊ,ʒivo,ʒivo
ʒi,ʒizoʊ,ʒizoʊ,ʒizo,ʒizo
ʒi,ʒiʃoʊ,ʒiʃoʊ,ʒiʃo,ʒiʃo
ʒi,ʒiʒoʊ,ʒiʒoʊ,ʒiʒo,ʒiʒo
ʒi,ʒiθoʊ,ʒiθoʊ,ʒiθo,ʒiθo
ʒi,ʒiðoʊ,ʒiðoʊ,ʒiðo,ʒiðo
ʒi,ʒihoʊ,ʒihoʊ,ʒiho,ʒiho
θi,θimoʊ,θimoʊ,θimo,θimo
θi,θinoʊ,θinoʊ,θino,θino
θi,θipoʊ,θipoʊ,θipo,θipo
θi,θitoʊ,θitoʊ,θito,θito
θi,θikoʊ,θikoʊ,θiko,θiko
θi,θiboʊ,θiboʊ,θibo,θibo
θi,θidoʊ,θidoʊ,θido,θido
θi,θigoʊ,θigoʊ,θigo,θigo
θi,θifoʊ,θifoʊ,θifo,θifo
θi,θisoʊ,θisoʊ,θiso,θiso
θi,θivoʊ,θivoʊ,θivo,θivo
θi,θizoʊ,θizoʊ,θizo,θizo
θi,θiʃoʊ,θiʃoʊ,θiʃo,θiʃo
θi,θiʒoʊ,θiʒoʊ,θiʒo,θiʒo
θi,θiθoʊ,θiθoʊ,θiθo,θiθo
θi,θiðoʊ,θiðoʊ,θiðo,θiðo
θi,θihoʊ,θihoʊ,θiho,θiho
ði,ðimoʊ,ðimoʊ,ðimo,ðimo
ði,ðinoʊ,ðinoʊ,ðino,ðino
ði,ðipoʊ,ðipoʊ,ðipo,ðipo
ði,ðitoʊ,ðitoʊ,ðito,ðito
ði,ðikoʊ,ðikoʊ,ðiko,ðiko
ði,ðiboʊ,ðiboʊ,ðibo,ðibo
ði,ðidoʊ,ðidoʊ,ðido,ðido
ði,ðigoʊ,ðigoʊ,ðigo,ðigo
ði,ðifoʊ,ðifoʊ,ðifo,ðifo
ði,ðisoʊ,ðisoʊ,ðiso,ðiso
ði,ðivoʊ,ðivoʊ,ðivo,ðivo
ði,ðizoʊ,ðizoʊ,ðizo,ðizo
ði,ðiʃoʊ,ðiʃoʊ,ðiʃo,ðiʃo
ði,ðiʒoʊ,ðiʒoʊ,ðiʒo,ðiʒo
ði,ðiθoʊ,ðiθoʊ,ðiθo,ðiθo
ði,ðiðoʊ,ðiðoʊ,ðiðo,ðiðo
ði,ðihoʊ,ðihoʊ,ðiho,ðiho
hi,himoʊ,himoʊ,himo,himo
hi,hinoʊ,hinoʊ,hino,hino
hi,hipoʊ,hipoʊ,hipo,hipo
hi,hitoʊ,hitoʊ,hito,hito
hi,hikoʊ,hikoʊ,hiko,hiko
hi,hiboʊ,hiboʊ,hibo,hibo
hi,hidoʊ,hidoʊ,hido,hido
hi,higoʊ,higoʊ,higo,higo
hi,hifoʊ,hifoʊ,hifo,hifo
hi,hisoʊ,hisoʊ,hiso,hiso
hi,hivoʊ,hivoʊ,hivo,hivo
hi,hizoʊ,hizoʊ,hizo,hizo
hi,hiʃoʊ,hiʃoʊ,hiʃo,hiʃo
hi,hiʒoʊ,hiʒoʊ,hiʒo,hiʒo
hi,hiθoʊ,hiθoʊ,hiθo,hiθo
hi,hiðoʊ,hiðoʊ,hiðo,hiðo
hi,hihoʊ,hihoʊ,hiho,hiho
meɪ,meɪmi,meɪmu,memi,memu
meɪ,meɪni,meɪnu,meni,menu
meɪ,meɪpi,meɪpu,mepi,mepu
meɪ,meɪti,meɪtu,meti,metu
meɪ,meɪki,meɪku,meki,meku
meɪ,meɪbi,meɪbu,mebi,mebu
meɪ,meɪdi,meɪdu,medi,medu
meɪ,meɪgi,meɪgu,megi,megu
meɪ,meɪfi,meɪfu,mefi,mefu
meɪ,meɪsi,meɪsu,mesi,mesu
meɪ,meɪvi,meɪvu,mevi,mevu
meɪ,meɪzi,meɪzu,mezi,mezu
meɪ,meɪʃi,meɪʃu,meʃi,meʃu
meɪ,meɪʒi,meɪʒu,meʒi,meʒu
meɪ,meɪθi,meɪθu,meθi,meθu
meɪ,meɪði,meɪðu,meði,meðu
meɪ,meɪhi,meɪhu,mehi,mehu
neɪ,neɪmi,neɪmu,nemi,nemu
neɪ,neɪni,neɪnu,neni,nenu
neɪ,neɪpi,neɪpu,nepi,nepu
neɪ,neɪti,neɪtu,neti,netu
neɪ,neɪki,neɪku,neki,neku
neɪ,neɪbi,neɪbu,nebi,nebu
neɪ,neɪdi,neɪdu,nedi,nedu
neɪ,neɪgi,neɪgu,negi,negu
neɪ,neɪfi,neɪfu,nefi,nefu
neɪ,neɪsi,neɪsu,nesi,nesu
neɪ,neɪvi,neɪvu,nevi,nevu
neɪ,neɪzi,neɪzu,nezi,nezu
neɪ,neɪʃi,neɪʃu,neʃi,neʃu
neɪ,neɪʒi,neɪʒu,neʒi,neʒu
neɪ,neɪθi,neɪθu,neθi,neθu
neɪ,neɪði,neɪðu,neði,neðu
neɪ,neɪhi,neɪhu,nehi,nehu
peɪ,peɪmi,peɪmu,pemi,pemu
peɪ,peɪni,peɪnu,peni,penu
peɪ,peɪpi,peɪpu,pepi,pepu
peɪ,peɪti,peɪtu,peti,petu
peɪ,peɪki,peɪku,peki,peku
peɪ,peɪbi,peɪbu,pebi,pebu
peɪ,peɪdi,peɪdu,pedi,pedu
peɪ,peɪgi,peɪgu,pegi,pegu
peɪ,peɪfi,peɪfu,pefi,pefu
peɪ,peɪsi,peɪsu,pesi,pesu
peɪ,peɪvi,peɪvu,pevi,pevu
peɪ,peɪzi,peɪzu,pezi,pezu
peɪ,peɪʃi,peɪʃu,peʃi,peʃu
peɪ,peɪʒi,peɪʒu,peʒi,peʒu
peɪ,peɪθi,peɪθu,peθi,peθu
peɪ,peɪði,peɪðu,peði,peðu
peɪ,peɪhi,peɪhu,pehi,pehu
teɪ,teɪmi,teɪmu,temi,temu
teɪ,teɪni,teɪnu,teni,tenu
teɪ,teɪpi,teɪpu,tepi,tepu
teɪ,teɪti,teɪtu,teti,tetu
teɪ,teɪki,teɪku,teki,teku
teɪ,teɪbi,teɪbu,tebi,tebu
teɪ,teɪdi,teɪdu,tedi,tedu
teɪ,teɪgi,teɪgu,tegi,tegu
teɪ,teɪfi,teɪfu,tefi,tefu
teɪ,teɪsi,teɪsu,tesi,tesu
teɪ,teɪvi,teɪvu,tevi,tevu
teɪ,teɪzi,teɪzu,tezi,tezu
teɪ,teɪʃi,teɪʃu,teʃi,teʃu
teɪ,teɪʒi,teɪʒu,teʒi,teʒu
teɪ,teɪθi,teɪθu,teθi,teθu
teɪ,teɪði,teɪðu,teði,teðu
teɪ,teɪhi,teɪhu,tehi,tehu
keɪ,keɪmi,keɪmu,kemi,kemu
keɪ,keɪni,keɪnu,keni,kenu
keɪ,keɪpi,keɪpu,kepi,kepu
keɪ,keɪti,keɪtu,keti,ketu
keɪ,keɪki,keɪku,keki,keku
keɪ,keɪbi,keɪbu,kebi,kebu
keɪ,keɪdi,keɪdu,kedi,kedu
keɪ,keɪgi,keɪgu,kegi,kegu
keɪ,keɪfi,keɪfu,kefi,kefu
keɪ,keɪsi,keɪsu,kesi,kesu
keɪ,keɪvi,keɪvu,kevi,kevu
keɪ,keɪzi,keɪzu,kezi,kezu
keɪ,keɪʃi,keɪʃu,keʃi,keʃu
keɪ,keɪʒi,keɪʒu,keʒi,keʒu
keɪ,keɪθi,keɪθu,keθi,keθu
keɪ,keɪði,keɪðu,keði,keðu
keɪ,keɪhi,keɪhu,kehi,kehu
beɪ,beɪmi,beɪmu,bemi,bemu
beɪ,beɪni,beɪnu,beni,benu
beɪ,beɪpi,beɪpu,bepi,bepu
beɪ,beɪti,beɪtu,beti,betu
beɪ,beɪki,beɪku,beki,beku
beɪ,beɪbi,beɪbu,bebi,bebu
beɪ,beɪdi,beɪdu,bedi,bedu
beɪ,beɪgi,beɪgu,begi,begu
beɪ,beɪfi,beɪfu,befi,befu
beɪ,beɪsi,beɪsu,besi,besu
beɪ,beɪvi,beɪvu,bevi,bevu
beɪ,beɪzi,beɪzu,bezi,bezu
beɪ,beɪʃi,beɪʃu,beʃi,beʃu
beɪ,beɪʒi,beɪʒu,beʒi,beʒu
beɪ,beɪθi,beɪθu,beθi,beθu
beɪ,beɪði,beɪðu,beði,beðu
beɪ,beɪhi,beɪhu,behi,behu
deɪ,deɪmi,deɪmu,demi,demu
deɪ,deɪni,deɪnu,deni,denu
deɪ,deɪpi,deɪpu,depi,depu
deɪ,deɪti,deɪtu,deti,detu
deɪ,deɪki,deɪku,deki,deku
deɪ,deɪbi,deɪbu,debi,debu
deɪ,deɪdi,deɪdu,dedi,dedu
deɪ,deɪgi,deɪgu,degi,degu
deɪ,deɪfi,deɪfu,defi,defu
deɪ,deɪsi,deɪsu,desi,desu
deɪ,deɪvi,deɪvu,devi,devu
deɪ,deɪzi,deɪzu,dezi,dezu
deɪ,deɪʃi,deɪʃu,deʃi,deʃu
deɪ,deɪʒi,deɪʒu,deʒi,deʒu
deɪ,deɪθi,deɪθu,deθi,deθu
deɪ,deɪði,deɪðu,deði,deðu
deɪ,deɪhi,deɪhu,dehi,dehu
geɪ,geɪmi,geɪmu,gemi,gemu
geɪ,geɪni,geɪnu,geni,genu
geɪ,geɪpi,geɪpu,gepi,gepu
geɪ,geɪti,geɪtu,geti,getu
geɪ,geɪki,geɪku,geki,geku
geɪ,geɪbi,geɪbu,gebi,gebu
geɪ,geɪdi,geɪdu,gedi,gedu
geɪ,geɪgi,geɪgu,gegi,gegu
geɪ,geɪfi,geɪfu,gefi,gefu
geɪ,geɪsi,geɪsu,gesi,gesu
geɪ,geɪvi,geɪvu,gevi,gevu
geɪ,geɪzi,geɪzu,gezi,gezu
geɪ,geɪʃi,geɪʃu,geʃi,geʃu
geɪ,geɪʒi,geɪʒu,geʒi,geʒu
geɪ,geɪθi,geɪθu,geθi,geθu
geɪ,geɪði,geɪðu,geði,geðu
geɪ,geɪhi,geɪhu,gehi,gehu
feɪ,feɪmi,feɪmu,femi,femu
feɪ,feɪni,feɪnu,feni,fenu
feɪ,feɪpi,feɪpu,fepi,fepu
feɪ,feɪti,feɪtu,feti,fetu
feɪ,feɪki,feɪku,feki,feku
feɪ,feɪbi,feɪbu,febi,febu
feɪ,feɪdi,feɪdu,fedi,fedu
feɪ,feɪgi,feɪgu,fegi,fegu
feɪ,feɪfi,feɪfu,fefi,fefu
feɪ,feɪsi,feɪsu,fesi,fesu
feɪ,feɪvi,feɪvu,fevi,fevu
feɪ,feɪzi,feɪzu,fezi,fezu
feɪ,feɪʃi,feɪʃu,feʃi,feʃu
feɪ,feɪʒi,feɪʒu,feʒi,feʒu
feɪ,feɪθi,feɪθu,feθi,feθu
feɪ,feɪði,feɪðu,feði,feðu
feɪ,feɪhi,feɪhu,fehi,fehu
seɪ,seɪmi,seɪmu,semi,semu
seɪ,seɪni,seɪnu,seni,senu
seɪ,seɪpi,seɪpu,sepi,sepu
seɪ,seɪti,seɪtu,seti,setu
seɪ,seɪki,seɪku,seki,seku
seɪ,seɪbi,seɪbu,sebi,sebu
seɪ,seɪdi,seɪdu,sedi,sedu
seɪ,seɪgi,seɪgu,segi,segu
seɪ,seɪfi,seɪfu,sefi,sefu
seɪ,seɪsi,seɪsu,sesi,sesu
seɪ,seɪvi,seɪvu,sevi,sevu
seɪ,seɪzi,seɪzu,sezi,sezu
seɪ,seɪʃi,seɪʃu,seʃi,seʃu
seɪ,seɪʒi,seɪʒu,seʒi,seʒu
seɪ,seɪθi,seɪθu,seθi,seθu
seɪ,seɪði,seɪðu,seði,seðu
seɪ,seɪhi,seɪhu,sehi,sehu
veɪ,veɪmi,veɪmu,vemi,vemu
veɪ,veɪni,veɪnu,veni,venu
veɪ,veɪpi,veɪpu,vepi,vepu
veɪ,veɪti,veɪtu,veti,vetu
veɪ,veɪki,veɪku,veki,veku
veɪ,veɪbi,veɪbu,vebi,vebu
veɪ,veɪdi,veɪdu,vedi,vedu
veɪ,veɪgi,veɪgu,vegi,vegu
veɪ,veɪfi,veɪfu,vefi,vefu
veɪ,veɪsi,veɪsu,vesi,vesu
veɪ,veɪvi,veɪvu,vevi,vevu
veɪ,veɪzi,veɪzu,vezi,vezu
veɪ,veɪʃi,veɪʃu,veʃi,veʃu
veɪ,veɪʒi,veɪʒu,veʒi,veʒu
veɪ,veɪθi,veɪθu,veθi,veθu
veɪ,veɪði,veɪðu,veði,veðu
veɪ,veɪhi,veɪhu,vehi,vehu
zeɪ,zeɪmi,zeɪmu,zemi,zemu
zeɪ,zeɪni,zeɪnu,zeni,zenu
zeɪ,zeɪpi,zeɪpu,zepi,zepu
zeɪ,zeɪti,zeɪtu,zeti,zetu
zeɪ,zeɪki,zeɪku,zeki,zeku
zeɪ,zeɪbi,zeɪbu,zebi,zebu
zeɪ,zeɪdi,zeɪdu,zedi,zedu
zeɪ,zeɪgi,zeɪgu,zegi,zegu
zeɪ,zeɪfi,zeɪfu,zefi,zefu
zeɪ,zeɪsi,zeɪsu,zesi,zesu
zeɪ,zeɪvi,zeɪvu,zevi,zevu
zeɪ,zeɪzi,zeɪzu,zezi,zezu
zeɪ,zeɪʃi,zeɪʃu,zeʃi,zeʃu
zeɪ,zeɪʒi,zeɪʒu,zeʒi,zeʒu
zeɪ,zeɪθi,zeɪθu,zeθi,zeθu
zeɪ,zeɪði,zeɪðu,zeði,zeðu
zeɪ,zeɪhi,zeɪhu,zehi,zehu
ʃeɪ,ʃeɪmi,ʃeɪmu,ʃemi,ʃemu
ʃeɪ,ʃeɪni,ʃeɪnu,ʃeni,ʃenu
ʃeɪ,ʃeɪpi,ʃeɪpu,ʃepi,ʃepu
ʃeɪ,ʃeɪti,ʃeɪtu,ʃeti,ʃetu
ʃeɪ,ʃeɪki,ʃeɪku,ʃeki,ʃeku
ʃeɪ,ʃeɪbi,ʃeɪbu,ʃebi,ʃebu
ʃeɪ,ʃeɪdi,ʃeɪdu,ʃedi,ʃedu
ʃeɪ,ʃeɪgi,ʃeɪgu,ʃegi,ʃegu
ʃeɪ,ʃeɪfi,ʃeɪfu,ʃefi,ʃefu
ʃeɪ,ʃeɪsi,ʃeɪsu,ʃesi,ʃesu
ʃeɪ,ʃeɪvi,ʃeɪvu,ʃevi,ʃevu
ʃeɪ,ʃeɪzi,ʃeɪzu,ʃezi,ʃezu
ʃeɪ,ʃeɪʃi,ʃeɪʃu,ʃeʃi,ʃeʃu
ʃeɪ,ʃeɪʒi,ʃeɪʒu,ʃeʒi,ʃeʒu
ʃeɪ,ʃeɪθi,ʃeɪθu,ʃeθi,ʃeθu
ʃeɪ,ʃeɪði,ʃeɪðu,ʃeði,ʃeðu
ʃeɪ,ʃeɪhi,ʃeɪhu,ʃehi,ʃehu
ʒeɪ,ʒeɪmi,ʒeɪmu,ʒemi,ʒemu
ʒeɪ,ʒeɪni,ʒeɪnu,ʒeni,ʒenu
ʒeɪ,ʒeɪpi,ʒeɪpu,ʒepi,ʒepu
ʒeɪ,ʒeɪti,ʒeɪtu,ʒeti,ʒetu
ʒeɪ,ʒeɪki,ʒeɪku,ʒeki,ʒeku
ʒeɪ,ʒeɪbi,ʒeɪbu,ʒebi,ʒebu
ʒeɪ,ʒeɪdi,ʒeɪdu,ʒedi,ʒedu
ʒeɪ,ʒeɪgi,ʒeɪgu,ʒegi,ʒegu
ʒeɪ,ʒeɪfi,ʒeɪfu,ʒefi,ʒefu
ʒeɪ,ʒeɪsi,ʒeɪsu,ʒesi,ʒesu
ʒeɪ,ʒeɪvi,ʒeɪvu,ʒevi,ʒevu
ʒeɪ,ʒeɪzi,ʒeɪzu,ʒezi,ʒezu
ʒeɪ,ʒeɪʃi,ʒeɪʃu,ʒeʃi,ʒeʃu
ʒeɪ,ʒeɪʒi,ʒeɪʒu,ʒeʒi,ʒeʒu
ʒeɪ,ʒeɪθi,ʒeɪθu,ʒeθi,ʒeθu
ʒeɪ,ʒeɪði,ʒeɪðu,ʒeði,ʒeðu
ʒeɪ,ʒeɪhi,ʒeɪhu,ʒehi,ʒehu
θeɪ,θeɪmi,θeɪmu,θemi,θemu
θeɪ,θeɪni,θeɪnu,θeni,θenu
θeɪ,θeɪpi,θeɪpu,θepi,θepu
θeɪ,θeɪti,θeɪtu,θeti,θetu
θeɪ,θeɪki,θeɪku,θeki,θeku
θeɪ,θeɪbi,θeɪbu,θebi,θebu
θeɪ,θeɪdi,θeɪdu,θedi,θedu
θeɪ,θeɪgi,θeɪgu,θegi,θegu
θeɪ,θeɪfi,θeɪfu,θefi,θefu
θeɪ,θeɪsi,θeɪsu,θesi,θesu
θeɪ,θeɪvi,θeɪvu,θevi,θevu
θeɪ,θeɪzi,θeɪzu,θezi,θezu
θeɪ,θeɪʃi,θeɪʃu,θeʃi,θeʃu
θeɪ,θeɪʒi,θeɪʒu,θeʒi,θeʒu
θeɪ,θeɪθi,θeɪθu,θeθi,θeθu
θeɪ,θeɪði,θeɪðu,θeði,θeðu
θeɪ,θeɪhi,θeɪhu,θehi,θehu
ðeɪ,ðeɪmi,ðeɪmu,ðemi,ðemu
ðeɪ,ðeɪni,ðeɪnu,ðeni,ðenu
ðeɪ,ðeɪpi,ðeɪpu,ðepi,ðepu
ðeɪ,ðeɪti,ðeɪtu,ðeti,ðetu
ðeɪ,ðeɪki,ðeɪku,ðeki,ðeku
ðeɪ,ðeɪbi,ðeɪbu,ðebi,ðebu
ðeɪ,ðeɪdi,ðeɪdu,ðedi,ðedu
ðeɪ,ðeɪgi,ðeɪgu,ðegi,ðegu
ðeɪ,ðeɪfi,ðeɪfu,ðefi,ðefu
ðeɪ,ðeɪsi,ðeɪsu,ðesi,ðesu
ðeɪ,ðeɪvi,ðeɪvu,ðevi,ðevu
ðeɪ,ðeɪzi,ðeɪzu,ðezi,ðezu
ðeɪ,ðeɪʃi,ðeɪʃu,ðeʃi,ðeʃu
ðeɪ,ðeɪʒi,ðeɪʒu,ðeʒi,ðeʒu
ðeɪ,ðeɪθi,ðeɪθu,ðeθi,ðeθu
ðeɪ,ðeɪði,ðeɪðu,ðeði,ðeðu
ðeɪ,ðeɪhi,ðeɪhu,ðehi,ðehu
heɪ,heɪmi,heɪmu,hemi,hemu
heɪ,heɪni,heɪnu,heni,henu
heɪ,heɪpi,heɪpu,hepi,hepu
heɪ,heɪti,heɪtu,heti,hetu
heɪ,heɪki,heɪku,heki,heku
heɪ,heɪbi,heɪbu,hebi,hebu
heɪ,heɪdi,heɪdu,hedi,hedu
heɪ,heɪgi,heɪgu,hegi,hegu
heɪ,heɪfi,heɪfu,hefi,hefu
heɪ,heɪsi,heɪsu,hesi,hesu
heɪ,heɪvi,heɪvu,hevi,hevu
heɪ,heɪzi,heɪzu,hezi,hezu
heɪ,heɪʃi,heɪʃu,heʃi,heʃu
heɪ,heɪʒi,heɪʒu,heʒi,heʒu
heɪ,heɪθi,heɪθu,heθi,heθu
heɪ,heɪði,heɪðu,heði,heðu
heɪ,heɪhi,heɪhu,hehi,hehu
meɪ,meɪmeɪ,meɪmoʊ,meme,memo
meɪ,meɪneɪ,meɪnoʊ,mene,meno
meɪ,meɪpeɪ,meɪpoʊ,mepe,mepo
meɪ,meɪteɪ,meɪtoʊ,mete,meto
meɪ,meɪkeɪ,meɪkoʊ,meke,meko
meɪ,meɪbeɪ,meɪboʊ,mebe,mebo
meɪ,meɪdeɪ,meɪdoʊ,mede,medo
meɪ,meɪgeɪ,meɪgoʊ,mege,mego
meɪ,meɪfeɪ,meɪfoʊ,mefe,mefo
meɪ,meɪseɪ,meɪsoʊ,mese,meso
meɪ,meɪveɪ,meɪvoʊ,meve,mevo
meɪ,meɪzeɪ,meɪzoʊ,meze,mezo
meɪ,meɪʃeɪ,meɪʃoʊ,meʃe,meʃo
meɪ,meɪʒeɪ,meɪʒoʊ,meʒe,meʒo
meɪ,meɪθeɪ,meɪθoʊ,meθe,meθo
meɪ,meɪðeɪ,meɪðoʊ,meðe,meðo
meɪ,meɪheɪ,meɪhoʊ,mehe,meho
neɪ,neɪmeɪ,neɪmoʊ,neme,nemo
neɪ,neɪneɪ,neɪnoʊ,nene,neno
neɪ,neɪpeɪ,neɪpoʊ,nepe,nepo
neɪ,neɪteɪ,neɪtoʊ,nete,neto
neɪ,neɪkeɪ,neɪkoʊ,neke,neko
neɪ,neɪbeɪ,neɪboʊ,nebe,nebo
neɪ,neɪdeɪ,neɪdoʊ,nede,nedo
neɪ,neɪgeɪ,neɪgoʊ,nege,nego
neɪ,neɪfeɪ,neɪfoʊ,nefe,nefo
neɪ,neɪseɪ,neɪsoʊ,nese,neso
neɪ,neɪveɪ,neɪvoʊ,neve,nevo
neɪ,neɪzeɪ,neɪzoʊ,neze,nezo
neɪ,neɪʃeɪ,neɪʃoʊ,neʃe,neʃo
neɪ,neɪʒeɪ,neɪʒoʊ,neʒe,neʒo
neɪ,neɪθeɪ,neɪθoʊ,neθe,neθo
neɪ,neɪðeɪ,neɪðoʊ,neðe,neðo
neɪ,neɪheɪ,neɪhoʊ,nehe,neho
peɪ,peɪmeɪ,peɪmoʊ,peme,pemo
peɪ,peɪneɪ,peɪnoʊ,pene,peno
peɪ,peɪpeɪ,peɪpoʊ,pepe,pepo
peɪ,peɪteɪ,peɪtoʊ,pete,peto
peɪ,peɪkeɪ,peɪkoʊ,peke,peko
peɪ,peɪbeɪ,peɪboʊ,pebe,pebo
peɪ,peɪdeɪ,peɪdoʊ,pede,pedo
peɪ,peɪgeɪ,peɪgoʊ,pege,pego
peɪ,peɪfeɪ,peɪfoʊ,pefe,pefo
peɪ,peɪseɪ,peɪsoʊ,pese,peso
peɪ,peɪveɪ,peɪvoʊ,peve,pevo
peɪ,peɪzeɪ,peɪzoʊ,peze,pezo
peɪ,peɪʃeɪ,peɪʃoʊ,peʃe,peʃo
peɪ,peɪʒeɪ,peɪʒoʊ,peʒe,peʒo
peɪ,peɪθeɪ,peɪθoʊ,peθe,peθo
peɪ,peɪðeɪ,peɪðoʊ,peðe,peðo
peɪ,peɪheɪ,peɪhoʊ,pehe,peho
teɪ,teɪmeɪ,teɪmoʊ,teme,temo
teɪ,teɪneɪ,teɪnoʊ,tene,teno
teɪ,teɪpeɪ,teɪpoʊ,tepe,tepo
teɪ,teɪteɪ,teɪtoʊ,tete,teto
teɪ,teɪkeɪ,teɪkoʊ,teke,teko
teɪ,teɪbeɪ,teɪboʊ,tebe,tebo
teɪ,teɪdeɪ,teɪdoʊ,tede,tedo
teɪ,teɪgeɪ,teɪgoʊ,tege,tego
teɪ,teɪfeɪ,teɪfoʊ,tefe,tefo
teɪ,teɪseɪ,teɪsoʊ,tese,teso
teɪ,teɪveɪ,teɪvoʊ,teve,tevo
teɪ,teɪzeɪ,teɪzoʊ,teze,tezo
teɪ,teɪʃeɪ,teɪʃoʊ,teʃe,teʃo
teɪ,teɪʒeɪ,teɪʒoʊ,teʒe,teʒo
teɪ,teɪθeɪ,teɪθoʊ,teθe,teθo
teɪ,teɪðeɪ,teɪðoʊ,teðe,teðo
teɪ,teɪheɪ,teɪhoʊ,tehe,teho
keɪ,keɪmeɪ,keɪmoʊ,keme,kemo
keɪ,keɪneɪ,keɪnoʊ,kene,keno
keɪ,keɪpeɪ,keɪpoʊ,kepe,kepo
keɪ,keɪteɪ,keɪtoʊ,kete,keto
keɪ,keɪkeɪ,keɪkoʊ,keke,keko
keɪ,keɪbeɪ,keɪboʊ,kebe,kebo
keɪ,keɪdeɪ,keɪdoʊ,kede,kedo
keɪ,keɪgeɪ,keɪgoʊ,kege,kego
keɪ,keɪfeɪ,keɪfoʊ,kefe,kefo
keɪ,keɪseɪ,keɪsoʊ,kese,keso
keɪ,keɪveɪ,keɪvoʊ,keve,kevo
keɪ,keɪzeɪ,keɪzoʊ,keze,kezo
keɪ,keɪʃeɪ,keɪʃoʊ,keʃe,keʃo
keɪ,keɪʒeɪ,keɪʒoʊ,keʒe,keʒo
keɪ,keɪθeɪ,keɪθoʊ,keθe,keθo
keɪ,keɪðeɪ,keɪðoʊ,keðe,keðo
keɪ,keɪheɪ,keɪhoʊ,kehe,keho
beɪ,beɪmeɪ,beɪmoʊ,beme,bemo
beɪ,beɪneɪ,beɪnoʊ,bene,beno
beɪ,beɪpeɪ,beɪpoʊ,bepe,bepo
beɪ,beɪteɪ,beɪtoʊ,bete,beto
beɪ,beɪkeɪ,beɪkoʊ,beke,beko
beɪ,beɪbeɪ,beɪboʊ,bebe,bebo
beɪ,beɪdeɪ,beɪdoʊ,bede,bedo
beɪ,beɪgeɪ,beɪgoʊ,bege,bego
beɪ,beɪfeɪ,beɪfoʊ,befe,befo
beɪ,beɪseɪ,beɪsoʊ,bese,beso
beɪ,beɪveɪ,beɪvoʊ,beve,bevo
beɪ,beɪzeɪ,beɪzoʊ,beze,bezo
beɪ,beɪʃeɪ,beɪʃoʊ,beʃe,beʃo
beɪ,beɪʒeɪ,beɪʒoʊ,beʒe,beʒo
beɪ,beɪθeɪ,beɪθoʊ,beθe,beθo
beɪ,beɪðeɪ,beɪðoʊ,beðe,beðo
beɪ,beɪheɪ,beɪhoʊ,behe,beho
deɪ,deɪmeɪ,deɪmoʊ,deme,demo
deɪ,deɪneɪ,deɪnoʊ,dene,deno
deɪ,deɪpeɪ,deɪpoʊ,depe,depo
deɪ,deɪteɪ,deɪtoʊ,dete,deto
deɪ,deɪkeɪ,deɪkoʊ,deke,deko
deɪ,deɪbeɪ,deɪboʊ,debe,debo
deɪ,deɪdeɪ,deɪdoʊ,dede,dedo
deɪ,deɪgeɪ,deɪgoʊ,dege,dego
deɪ,deɪfeɪ,deɪfoʊ,defe,defo
deɪ,deɪseɪ,deɪsoʊ,dese,deso
deɪ,deɪveɪ,deɪvoʊ,deve,devo
deɪ,deɪzeɪ,deɪzoʊ,deze,dezo
deɪ,deɪʃeɪ,deɪʃoʊ,deʃe,deʃo
deɪ,deɪʒeɪ,deɪʒoʊ,deʒe,deʒo
deɪ,deɪθeɪ,deɪθoʊ,deθe,deθo
deɪ,deɪðeɪ,deɪðoʊ,deðe,deðo
deɪ,deɪheɪ,deɪhoʊ,dehe,deho
geɪ,geɪmeɪ,geɪmoʊ,geme,gemo
geɪ,geɪneɪ,geɪnoʊ,gene,geno
geɪ,geɪpeɪ,geɪpoʊ,gepe,gepo
geɪ,geɪteɪ,geɪtoʊ,gete,geto
geɪ,geɪkeɪ,geɪkoʊ,geke,geko
geɪ,geɪbeɪ,geɪboʊ,gebe,gebo
geɪ,geɪdeɪ,geɪdoʊ,gede,gedo
geɪ,geɪgeɪ,geɪgoʊ,gege,gego
geɪ,geɪfeɪ,geɪfoʊ,gefe,gefo
geɪ,geɪseɪ,geɪsoʊ,gese,geso
geɪ,geɪveɪ,geɪvoʊ,geve,gevo
geɪ,geɪzeɪ,geɪzoʊ,geze,gezo
geɪ,geɪʃeɪ,geɪʃoʊ,geʃe,geʃo
geɪ,geɪʒeɪ,geɪʒoʊ,geʒe,geʒo
geɪ,geɪθeɪ,geɪθoʊ,geθe,geθo
geɪ,geɪðeɪ,geɪðoʊ,geðe,geðo
geɪ,geɪheɪ,geɪhoʊ,gehe,geho
feɪ,feɪmeɪ,feɪmoʊ,feme,femo
feɪ,feɪneɪ,feɪnoʊ,fene,feno
feɪ,feɪpeɪ,feɪpoʊ,fepe,fepo
feɪ,feɪteɪ,feɪtoʊ,fete,feto
feɪ,feɪkeɪ,feɪkoʊ,feke,feko
feɪ,feɪbeɪ,feɪboʊ,febe,febo
feɪ,feɪdeɪ,feɪdoʊ,fede,fedo
feɪ,feɪgeɪ,feɪgoʊ,fege,fego
feɪ,feɪfeɪ,feɪfoʊ,fefe,fefo
feɪ,feɪseɪ,feɪsoʊ,fese,feso
feɪ,feɪveɪ,feɪvoʊ,feve,fevo
feɪ,feɪzeɪ,feɪzoʊ,feze,fezo
feɪ,feɪʃeɪ,feɪʃoʊ,feʃe,feʃo
feɪ,feɪʒeɪ,feɪʒoʊ,feʒe,feʒo
feɪ,feɪθeɪ,feɪθoʊ,feθe,feθo
feɪ,feɪðeɪ,feɪðoʊ,feðe,feðo
feɪ,feɪheɪ,feɪhoʊ,fehe,feho
seɪ,seɪmeɪ,seɪmoʊ,seme,semo
seɪ,seɪneɪ,seɪnoʊ,sene,seno
seɪ,seɪpeɪ,seɪpoʊ,sepe,sepo
seɪ,seɪteɪ,seɪtoʊ,sete,seto
seɪ,seɪkeɪ,seɪkoʊ,seke,seko
seɪ,seɪbeɪ,seɪboʊ,sebe,sebo
seɪ,seɪdeɪ,seɪdoʊ,sede,sedo
seɪ,seɪgeɪ,seɪgoʊ,sege,sego
seɪ,seɪfeɪ,seɪfoʊ,sefe,sefo
seɪ,seɪseɪ,seɪsoʊ,sese,seso
seɪ,seɪveɪ,seɪvoʊ,seve,sevo
seɪ,seɪzeɪ,seɪzoʊ,seze,sezo
seɪ,seɪʃeɪ,seɪʃoʊ,seʃe,seʃo
seɪ,seɪʒeɪ,seɪʒoʊ,seʒe,seʒo
seɪ,seɪθeɪ,seɪθoʊ,seθe,seθo
seɪ,seɪðeɪ,seɪðoʊ,seðe,seðo
seɪ,seɪheɪ,seɪhoʊ,sehe,seho
veɪ,veɪmeɪ,veɪmoʊ,veme,vemo
veɪ,veɪneɪ,veɪnoʊ,vene,veno
veɪ,veɪpeɪ,veɪpoʊ,vepe,vepo
veɪ,veɪteɪ,veɪtoʊ,vete,veto
veɪ,veɪkeɪ,veɪkoʊ,veke,veko
veɪ,veɪbeɪ,veɪboʊ,vebe,vebo
veɪ,veɪdeɪ,veɪdoʊ,vede,vedo
veɪ,veɪgeɪ,veɪgoʊ,vege,vego
veɪ,veɪfeɪ,veɪfoʊ,vefe,vefo
veɪ,veɪseɪ,veɪsoʊ,vese,veso
veɪ,veɪveɪ,veɪvoʊ,veve,vevo
veɪ,veɪzeɪ,veɪzoʊ,veze,vezo
veɪ,veɪʃeɪ,veɪʃoʊ,veʃe,veʃo
veɪ,veɪʒeɪ,veɪʒoʊ,veʒe,veʒo
veɪ,veɪθeɪ,veɪθoʊ,veθe,veθo
veɪ,veɪðeɪ,veɪðoʊ,veðe,veðo
veɪ,veɪheɪ,veɪhoʊ,vehe,veho
zeɪ,zeɪmeɪ,zeɪmoʊ,zeme,zemo
zeɪ,zeɪneɪ,zeɪnoʊ,zene,zeno
zeɪ,zeɪpeɪ,zeɪpoʊ,zepe,zepo
zeɪ,zeɪteɪ,zeɪtoʊ,zete,zeto
zeɪ,zeɪkeɪ,zeɪkoʊ,zeke,zeko
zeɪ,zeɪbeɪ,zeɪboʊ,zebe,zebo
zeɪ,zeɪdeɪ,zeɪdoʊ,zede,zedo
zeɪ,zeɪgeɪ,zeɪgoʊ,zege,zego
zeɪ,zeɪfeɪ,zeɪfoʊ,zefe,zefo
zeɪ,zeɪseɪ,zeɪsoʊ,zese,zeso
zeɪ,zeɪveɪ,zeɪvoʊ,zeve,zevo
zeɪ,zeɪzeɪ,zeɪzoʊ,zeze,zezo
zeɪ,zeɪʃeɪ,zeɪʃoʊ,zeʃe,zeʃo
zeɪ,zeɪʒeɪ,zeɪʒoʊ,zeʒe,zeʒo
zeɪ,zeɪθeɪ,zeɪθoʊ,zeθe,zeθo
zeɪ,zeɪðeɪ,zeɪðoʊ,zeðe,zeðo
zeɪ,zeɪheɪ,zeɪhoʊ,zehe,zeho
ʃeɪ,ʃeɪmeɪ,ʃeɪmoʊ,ʃeme,ʃemo
ʃeɪ,ʃeɪneɪ,ʃeɪnoʊ,ʃene,ʃeno
ʃeɪ,ʃeɪpeɪ,ʃeɪpoʊ,ʃepe,ʃepo
ʃeɪ,ʃeɪteɪ,ʃeɪtoʊ,ʃete,ʃeto
ʃeɪ,ʃeɪkeɪ,ʃeɪkoʊ,ʃeke,ʃeko
ʃeɪ,ʃeɪbeɪ,ʃeɪboʊ,ʃebe,ʃebo
ʃeɪ,ʃeɪdeɪ,ʃeɪdoʊ,ʃede,ʃedo
ʃeɪ,ʃeɪgeɪ,ʃeɪgoʊ,ʃege,ʃego
ʃeɪ,ʃeɪfeɪ,ʃeɪfoʊ,ʃefe,ʃefo
ʃeɪ,ʃeɪseɪ,ʃeɪsoʊ,ʃese,ʃeso
ʃeɪ,ʃeɪveɪ,ʃeɪvoʊ,ʃeve,ʃevo
ʃeɪ,ʃeɪzeɪ,ʃeɪzoʊ,ʃeze,ʃezo
ʃeɪ,ʃeɪʃeɪ,ʃeɪʃoʊ,ʃeʃe,ʃeʃo
ʃeɪ,ʃeɪʒeɪ,ʃeɪʒoʊ,ʃeʒe,ʃeʒo
ʃeɪ,ʃeɪθeɪ,ʃeɪθoʊ,ʃeθe,ʃeθo
ʃeɪ,ʃeɪðeɪ,ʃeɪðoʊ,ʃeðe,ʃeðo
ʃeɪ,ʃeɪheɪ,ʃeɪhoʊ,ʃehe,ʃeho
ʒeɪ,ʒeɪmeɪ,ʒeɪmoʊ,ʒeme,ʒemo
ʒeɪ,ʒeɪneɪ,ʒeɪnoʊ,ʒene,ʒeno
ʒeɪ,ʒeɪpeɪ,ʒeɪpoʊ,ʒepe,ʒepo
ʒeɪ,ʒeɪteɪ,ʒeɪtoʊ,ʒete,ʒeto
ʒeɪ,ʒeɪkeɪ,ʒeɪkoʊ,ʒeke,ʒeko
ʒeɪ,ʒeɪbeɪ,ʒeɪboʊ,ʒebe,ʒebo
ʒeɪ,ʒeɪdeɪ,ʒeɪdoʊ,ʒede,ʒedo
ʒeɪ,ʒeɪgeɪ,ʒeɪgoʊ,ʒege,ʒego
ʒeɪ,ʒeɪfeɪ,ʒeɪfoʊ,ʒefe,ʒefo
ʒeɪ,ʒeɪseɪ,ʒeɪsoʊ,ʒese,ʒeso
ʒeɪ,ʒeɪveɪ,ʒeɪvoʊ,ʒeve,ʒevo
ʒeɪ,ʒeɪzeɪ,ʒeɪzoʊ,ʒeze,ʒezo
ʒeɪ,ʒeɪʃeɪ,ʒeɪʃoʊ,ʒeʃe,ʒeʃo
ʒeɪ,ʒeɪʒeɪ,ʒeɪʒoʊ,ʒeʒe,ʒeʒo
ʒeɪ,ʒeɪθeɪ,ʒeɪθoʊ,ʒeθe,ʒeθo
ʒeɪ,ʒeɪðeɪ,ʒeɪðoʊ,ʒeðe,ʒeðo
ʒeɪ,ʒeɪheɪ,ʒeɪhoʊ,ʒehe,ʒeho
θeɪ,θeɪmeɪ,θeɪmoʊ,θeme,θemo
θeɪ,θeɪneɪ,θeɪnoʊ,θene,θeno
θeɪ,θeɪpeɪ,θeɪpoʊ,θepe,θepo
θeɪ,θeɪteɪ,θeɪtoʊ,θete,θeto
θeɪ,θeɪkeɪ,θeɪkoʊ,θeke,θeko
θeɪ,θeɪbeɪ,θeɪboʊ,θebe,θebo
θeɪ,θeɪdeɪ,θeɪdoʊ,θede,θedo
θeɪ,θeɪgeɪ,θeɪgoʊ,θege,θego
θeɪ,θeɪfeɪ,θeɪfoʊ,θefe,θefo
θeɪ,θeɪseɪ,θeɪsoʊ,θese,θeso
θeɪ,θeɪveɪ,θeɪvoʊ,θeve,θevo
θeɪ,θeɪzeɪ,θeɪzoʊ,θeze,θezo
θeɪ,θeɪʃeɪ,θeɪʃoʊ,θeʃe,θeʃo
θeɪ,θeɪʒeɪ,θeɪʒoʊ,θeʒe,θeʒo
θeɪ,θeɪθeɪ,θeɪθoʊ,θeθe,θeθo
θeɪ,θeɪðeɪ,θeɪðoʊ,θeðe,θeðo
θeɪ,θeɪheɪ,θeɪhoʊ,θehe,θeho
ðeɪ,ðeɪmeɪ,ðeɪmoʊ,ðeme,ðemo
ðeɪ,ðeɪneɪ,ðeɪnoʊ,ðene,ðeno
ðeɪ,ðeɪpeɪ,ðeɪpoʊ,ðepe,ðepo
ðeɪ,ðeɪteɪ,ðeɪtoʊ,ðete,ðeto
ðeɪ,ðeɪkeɪ,ðeɪkoʊ,ðeke,ðeko
ðeɪ,ðeɪbeɪ,ðeɪboʊ,ðebe,ðebo
ðeɪ,ðeɪdeɪ,ðeɪdoʊ,ðede,ðedo
ðeɪ,ðeɪgeɪ,ðeɪgoʊ,ðege,ðego
ðeɪ,ðeɪfeɪ,ðeɪfoʊ,ðefe,ðefo
ðeɪ,ðeɪseɪ,ðeɪsoʊ,ðese,ðeso
ðeɪ,ðeɪveɪ,ðeɪvoʊ,ðeve,ðevo
ðeɪ,ðeɪzeɪ,ðeɪzoʊ,ðeze,ðezo
ðeɪ,ðeɪʃeɪ,ðeɪʃoʊ,ðeʃe,ðeʃo
ðeɪ,ðeɪʒeɪ,ðeɪʒoʊ,ðeʒe,ðeʒo
ðeɪ,ðeɪθeɪ,ðeɪθoʊ,ðeθe,ðeθo
ðeɪ,ðeɪðeɪ,ðeɪðoʊ,ðeðe,ðeðo
ðeɪ,ðeɪheɪ,ðeɪhoʊ,ðehe,ðeho
heɪ,heɪmeɪ,heɪmoʊ,heme,hemo
heɪ,heɪneɪ,heɪnoʊ,hene,heno
heɪ,heɪpeɪ,heɪpoʊ,hepe,hepo
heɪ,heɪteɪ,heɪtoʊ,hete,heto
heɪ,heɪkeɪ,heɪkoʊ,heke,heko
heɪ,heɪbeɪ,heɪboʊ,hebe,hebo
heɪ,heɪdeɪ,heɪdoʊ,hede,hedo
heɪ,heɪgeɪ,heɪgoʊ,hege,hego
heɪ,heɪfeɪ,heɪfoʊ,hefe,hefo
heɪ,heɪseɪ,heɪsoʊ,hese,heso
heɪ,heɪveɪ,heɪvoʊ,heve,hevo
heɪ,heɪzeɪ,heɪzoʊ,heze,hezo
heɪ,heɪʃeɪ,heɪʃoʊ,heʃe,heʃo
heɪ,heɪʒeɪ,heɪʒoʊ,heʒe,heʒo
heɪ,heɪθeɪ,heɪθoʊ,heθe,heθo
heɪ,heɪðeɪ,heɪðoʊ,heðe,heðo
heɪ,heɪheɪ,heɪhoʊ,hehe,heho
meɪ,meɪmu,meɪmu,memu,memu
meɪ,meɪnu,meɪnu,menu,menu
meɪ,meɪpu,meɪpu,mepu,mepu
meɪ,meɪtu,meɪtu,metu,metu
meɪ,meɪku,meɪku,meku,meku
meɪ,meɪbu,meɪbu,mebu,mebu
meɪ,meɪdu,meɪdu,medu,medu
meɪ,meɪgu,meɪgu,megu,megu
meɪ,meɪfu,meɪfu,mefu,mefu
meɪ,meɪsu,meɪsu,mesu,mesu
meɪ,meɪvu,meɪvu,mevu,mevu
meɪ,meɪzu,meɪzu,mezu,mezu
meɪ,meɪʃu,meɪʃu,meʃu,meʃu
meɪ,meɪʒu,meɪʒu,meʒu,meʒu
meɪ,meɪθu,meɪθu,meθu,meθu
meɪ,meɪðu,meɪðu,meðu,meðu
meɪ,meɪhu,meɪhu,mehu,mehu
neɪ,neɪmu,neɪmu,nemu,nemu
neɪ,neɪnu,neɪnu,nenu,nenu
neɪ,neɪpu,neɪpu,nepu,nepu
neɪ,neɪtu,neɪtu,netu,netu
neɪ,neɪku,neɪku,neku,neku
neɪ,neɪbu,neɪbu,nebu,nebu
neɪ,neɪdu,neɪdu,nedu,nedu
neɪ,neɪgu,neɪgu,negu,negu
neɪ,neɪfu,neɪfu,nefu,nefu
neɪ,neɪsu,neɪsu,nesu,nesu
neɪ,neɪvu,neɪvu,nevu,nevu
neɪ,neɪzu,neɪzu,nezu,nezu
neɪ,neɪʃu,neɪʃu,neʃu,neʃu
neɪ,neɪʒu,neɪʒu,neʒu,neʒu
neɪ,neɪθu,neɪθu,neθu,neθu
neɪ,neɪðu,neɪðu,neðu,neðu
neɪ,neɪhu,neɪhu,nehu,nehu
peɪ,peɪmu,peɪmu,pemu,pemu
peɪ,peɪnu,peɪnu,penu,penu
peɪ,peɪpu,peɪpu,pepu,pepu
peɪ,peɪtu,peɪtu,petu,petu
peɪ,peɪku,peɪku,peku,peku
peɪ,peɪbu,peɪbu,pebu,pebu
peɪ,peɪdu,peɪdu,pedu,pedu
peɪ,peɪgu,peɪgu,pegu,pegu
peɪ,peɪfu,peɪfu,pefu,pefu
peɪ,peɪsu,peɪsu,pesu,pesu
peɪ,peɪvu,peɪvu,pevu,pevu
peɪ,peɪzu,peɪzu,pezu,pezu
peɪ,peɪʃu,peɪʃu,peʃu,peʃu
peɪ,peɪʒu,peɪʒu,peʒu,peʒu
peɪ,peɪθu,peɪθu,peθu,peθu
peɪ,peɪðu,peɪðu,peðu,peðu
peɪ,peɪhu,peɪhu,pehu,pehu
teɪ,teɪmu,teɪmu,temu,temu
teɪ,teɪnu,teɪnu,tenu,tenu
teɪ,teɪpu,teɪpu,tepu,tepu
teɪ,teɪtu,teɪtu,tetu,tetu
teɪ,teɪku,teɪku,teku,teku
teɪ,teɪbu,teɪbu,tebu,tebu
teɪ,teɪdu,teɪdu,tedu,tedu
teɪ,teɪgu,teɪgu,tegu,tegu
teɪ,teɪfu,teɪfu,tefu,tefu
teɪ,teɪsu,teɪsu,tesu,tesu
teɪ,teɪvu,teɪvu,tevu,tevu
teɪ,teɪzu,teɪzu,tezu,tezu
teɪ,teɪʃu,teɪʃu,teʃu,teʃu
teɪ,teɪʒu,teɪʒu,teʒu,teʒu
teɪ,teɪθu,teɪθu,teθu,teθu
teɪ,teɪðu,teɪðu,teðu,teðu
teɪ,teɪhu,teɪhu,tehu,tehu
keɪ,keɪmu,keɪmu,kemu,kemu
keɪ,keɪnu,keɪnu,kenu,kenu
keɪ,keɪpu,keɪpu,kepu,kepu
keɪ,keɪtu,keɪtu,ketu,ketu
keɪ,keɪku,keɪku,keku,keku
keɪ,keɪbu,keɪbu,kebu,kebu
keɪ,keɪdu,keɪdu,kedu,kedu
keɪ,keɪgu,keɪgu,kegu,kegu
keɪ,keɪfu,keɪfu,kefu,kefu
keɪ,keɪsu,keɪsu,kesu,kesu
keɪ,keɪvu,keɪvu,kevu,kevu
keɪ,keɪzu,keɪzu,kezu,kezu
keɪ,keɪʃu,keɪʃu,keʃu,keʃu
keɪ,keɪʒu,keɪʒu,keʒu,keʒu
keɪ,keɪθu,keɪθu,keθu,keθu
keɪ,keɪðu,keɪðu,keðu,keðu
keɪ,keɪhu,keɪhu,kehu,kehu
beɪ,beɪmu,beɪmu,bemu,bemu
beɪ,beɪnu,beɪnu,benu,benu
beɪ,beɪpu,beɪpu,bepu,bepu
beɪ,beɪtu,beɪtu,betu,betu
beɪ,beɪku,beɪku,beku,beku
beɪ,beɪbu,beɪbu,bebu,bebu
beɪ,beɪdu,beɪdu,bedu,bedu
beɪ,beɪgu,beɪgu,begu,begu
beɪ,beɪfu,beɪfu,befu,befu
beɪ,beɪsu,beɪsu,besu,besu
beɪ,beɪvu,beɪvu,bevu,bevu
beɪ,beɪzu,beɪzu,bezu,bezu
beɪ,beɪʃu,beɪʃu,beʃu,beʃu
beɪ,beɪʒu,beɪʒu,beʒu,beʒu
beɪ,beɪθu,beɪθu,beθu,beθu
beɪ,beɪðu,beɪðu,beðu,beðu
beɪ,beɪhu,beɪhu,behu,behu
deɪ,deɪmu,deɪmu,demu,demu
deɪ,deɪnu,deɪnu,denu,denu
deɪ,deɪpu,deɪpu,depu,depu
deɪ,deɪtu,deɪtu,detu,detu
deɪ,deɪku,deɪku,deku,deku
deɪ,deɪbu,deɪbu,debu,debu
deɪ,deɪdu,deɪdu,dedu,dedu
deɪ,deɪgu,deɪgu,degu,degu
deɪ,deɪfu,deɪfu,defu,defu
deɪ,deɪsu,deɪsu,desu,desu
deɪ,deɪvu,deɪvu,devu,devu
deɪ,deɪzu,deɪzu,dezu,dezu
deɪ,deɪʃu,deɪʃu,deʃu,deʃu
deɪ,deɪʒu,deɪʒu,deʒu,deʒu
deɪ,deɪθu,deɪθu,deθu,deθu
deɪ,deɪðu,deɪðu,deðu,deðu
deɪ,deɪhu,deɪhu,dehu,dehu
geɪ,geɪmu,geɪmu,gemu,gemu
geɪ,geɪnu,geɪnu,genu,genu
geɪ,geɪpu,geɪpu,gepu,gepu
geɪ,geɪtu,geɪtu,getu,getu
geɪ,geɪku,geɪku,geku,geku
geɪ,geɪbu,geɪbu,gebu,gebu
geɪ,geɪdu,geɪdu,gedu,gedu
geɪ,geɪgu,geɪgu,gegu,gegu
geɪ,geɪfu,geɪfu,gefu,gefu
geɪ,geɪsu,geɪsu,gesu,gesu
geɪ,geɪvu,geɪvu,gevu,gevu
geɪ,geɪzu,geɪzu,gezu,gezu
geɪ,geɪʃu,geɪʃu,geʃu,geʃu
geɪ,geɪʒu,geɪʒu,geʒu,geʒu
geɪ,geɪθu,geɪθu,geθu,geθu
geɪ,geɪðu,geɪðu,geðu,geðu
geɪ,geɪhu,geɪhu,gehu,gehu
feɪ,feɪmu,feɪmu,femu,femu
feɪ,feɪnu,feɪnu,fenu,fenu
feɪ,feɪpu,feɪpu,fepu,fepu
feɪ,feɪtu,feɪtu,fetu,fetu
feɪ,feɪku,feɪku,feku,feku
feɪ,feɪbu,feɪbu,febu,febu
feɪ,feɪdu,feɪdu,fedu,fedu
feɪ,feɪgu,feɪgu,fegu,fegu
feɪ,feɪfu,feɪfu,fefu,fefu
feɪ,feɪsu,feɪsu,fesu,fesu
feɪ,feɪvu,feɪvu,fevu,fevu
feɪ,feɪzu,feɪzu,fezu,fezu
feɪ,feɪʃu,feɪʃu,feʃu,feʃu
feɪ,feɪʒu,feɪʒu,feʒu,feʒu
feɪ,feɪθu,feɪθu,feθu,feθu
feɪ,feɪðu,feɪðu,feðu,feðu
feɪ,feɪhu,feɪhu,fehu,fehu
seɪ,seɪmu,seɪmu,semu,semu
seɪ,seɪnu,seɪnu,senu,senu
seɪ,seɪpu,seɪpu,sepu,sepu
seɪ,seɪtu,seɪtu,setu,setu
seɪ,seɪku,seɪku,seku,seku
seɪ,seɪbu,seɪbu,sebu,sebu
seɪ,seɪdu,seɪdu,sedu,sedu
seɪ,seɪgu,seɪgu,segu,segu
seɪ,seɪfu,seɪfu,sefu,sefu
seɪ,seɪsu,seɪsu,sesu,sesu
seɪ,seɪvu,seɪvu,sevu,sevu
seɪ,seɪzu,seɪzu,sezu,sezu
seɪ,seɪʃu,seɪʃu,seʃu,seʃu
seɪ,seɪʒu,seɪʒu,seʒu,seʒu
seɪ,seɪθu,seɪθu,seθu,seθu
seɪ,seɪðu,seɪðu,seðu,seðu
seɪ,seɪhu,seɪhu,sehu,sehu
veɪ,veɪmu,veɪmu,vemu,vemu
veɪ,veɪnu,veɪnu,venu,venu
veɪ,veɪpu,veɪpu,vepu,vepu
veɪ,veɪtu,veɪtu,vetu,vetu
veɪ,veɪku,veɪku,veku,veku
veɪ,veɪbu,veɪbu,vebu,vebu
veɪ,veɪdu,veɪdu,vedu,vedu
veɪ,veɪgu,veɪgu,vegu,vegu
veɪ,veɪfu,veɪfu,vefu,vefu
veɪ,veɪsu,veɪsu,vesu,vesu
veɪ,veɪvu,veɪvu,vevu,vevu
veɪ,veɪzu,veɪzu,vezu,vezu
veɪ,veɪʃu,veɪʃu,veʃu,veʃu
veɪ,veɪʒu,veɪʒu,veʒu,veʒu
veɪ,veɪθu,veɪθu,veθu,veθu
veɪ,veɪðu,veɪðu,veðu,veðu
veɪ,veɪhu,veɪhu,vehu,vehu
zeɪ,zeɪmu,zeɪmu,zemu,zemu
zeɪ,zeɪnu,zeɪnu,zenu,zenu
zeɪ,zeɪpu,zeɪpu,zepu,zepu
zeɪ,zeɪtu,zeɪtu,zetu,zetu
zeɪ,zeɪku,zeɪku,zeku,zeku
zeɪ,zeɪbu,zeɪbu,zebu,zebu
zeɪ,zeɪdu,zeɪdu,zedu,zedu
zeɪ,zeɪgu,zeɪgu,zegu,zegu
zeɪ,zeɪfu,zeɪfu,zefu,zefu
zeɪ,zeɪsu,zeɪsu,zesu,zesu
zeɪ,zeɪvu,zeɪvu,zevu,zevu
zeɪ,zeɪzu,zeɪzu,zezu,zezu
zeɪ,zeɪʃu,zeɪʃu,zeʃu,zeʃu
zeɪ,zeɪʒu,zeɪʒu,zeʒu,zeʒu
zeɪ,zeɪθu,zeɪθu,zeθu,zeθu
zeɪ,zeɪðu,zeɪðu,zeðu,zeðu
zeɪ,zeɪhu,zeɪhu,zehu,zehu
ʃeɪ,ʃeɪmu,ʃeɪmu,ʃemu,ʃemu
ʃeɪ,ʃeɪnu,ʃeɪnu,ʃenu,ʃenu
ʃeɪ,ʃeɪpu,ʃeɪpu,ʃepu,ʃepu
ʃeɪ,ʃeɪtu,ʃeɪtu,ʃetu,ʃetu
ʃeɪ,ʃeɪku,ʃeɪku,ʃeku,ʃeku
ʃeɪ,ʃeɪbu,ʃeɪbu,ʃebu,ʃebu
ʃeɪ,ʃeɪdu,ʃeɪdu,ʃedu,ʃedu
ʃeɪ,ʃeɪgu,ʃeɪgu,ʃegu,ʃegu
ʃeɪ,ʃeɪfu,ʃeɪfu,ʃefu,ʃefu
ʃeɪ,ʃeɪsu,ʃeɪsu,ʃesu,ʃesu
ʃeɪ,ʃeɪvu,ʃeɪvu,ʃevu,ʃevu
ʃeɪ,ʃeɪzu,ʃeɪzu,ʃezu,ʃezu
ʃeɪ,ʃeɪʃu,ʃeɪʃu,ʃeʃu,ʃeʃu
ʃeɪ,ʃeɪʒu,ʃeɪʒu,ʃeʒu,ʃeʒu
ʃeɪ,ʃeɪθu,ʃeɪθu,ʃeθu,ʃeθu
ʃeɪ,ʃeɪðu,ʃeɪðu,ʃeðu,ʃeðu
ʃeɪ,ʃeɪhu,ʃeɪhu,ʃehu,ʃehu
ʒeɪ,ʒeɪmu,ʒeɪmu,ʒemu,ʒemu
ʒeɪ,ʒeɪnu,ʒeɪnu,ʒenu,ʒenu
ʒeɪ,ʒeɪpu,ʒeɪpu,ʒepu,ʒepu
ʒeɪ,ʒeɪtu,ʒeɪtu,ʒetu,ʒetu
ʒeɪ,ʒeɪku,ʒeɪku,ʒeku,ʒeku
ʒeɪ,ʒeɪbu,ʒeɪbu,ʒebu,ʒebu
ʒeɪ,ʒeɪdu,ʒeɪdu,ʒedu,ʒedu
ʒeɪ,ʒeɪgu,ʒeɪgu,ʒegu,ʒegu
ʒeɪ,ʒeɪfu,ʒeɪfu,ʒefu,ʒefu
ʒeɪ,ʒeɪsu,ʒeɪsu,ʒesu,ʒesu
ʒeɪ,ʒeɪvu,ʒeɪvu,ʒevu,ʒevu
ʒeɪ,ʒeɪzu,ʒeɪzu,ʒezu,ʒezu
ʒeɪ,ʒeɪʃu,ʒeɪʃu,ʒeʃu,ʒeʃu
ʒeɪ,ʒeɪʒu,ʒeɪʒu,ʒeʒu,ʒeʒu
ʒeɪ,ʒeɪθu,ʒeɪθu,ʒeθu,ʒeθu
ʒeɪ,ʒeɪðu,ʒeɪðu,ʒeðu,ʒeðu
ʒeɪ,ʒeɪhu,ʒeɪhu,ʒehu,ʒehu
θeɪ,θeɪmu,θeɪmu,θemu,θemu
θeɪ,θeɪnu,θeɪnu,θenu,θenu
θeɪ,θeɪpu,θeɪpu,θepu,θepu
θeɪ,θeɪtu,θeɪtu,θetu,θetu
θeɪ,θeɪku,θeɪku,θeku,θeku
θeɪ,θeɪbu,θeɪbu,θebu,θebu
θeɪ,θeɪdu,θeɪdu,θedu,θedu
θeɪ,θeɪgu,θeɪgu,θegu,θegu
θeɪ,θeɪfu,θeɪfu,θefu,θefu
θeɪ,θeɪsu,θeɪsu,θesu,θesu
θeɪ,θeɪvu,θeɪvu,θevu,θevu
θeɪ,θeɪzu,θeɪzu,θezu,θezu
θeɪ,θeɪʃu,θeɪʃu,θeʃu,θeʃu
θeɪ,θeɪʒu,θeɪʒu,θeʒu,θeʒu
θeɪ,θeɪθu,θeɪθu,θeθu,θeθu
θeɪ,θeɪðu,θeɪðu,θeðu,θeðu
θeɪ,θeɪhu,θeɪhu,θehu,θehu
ðeɪ,ðeɪmu,ðeɪmu,ðemu,ðemu
ðeɪ,ðeɪnu,ðeɪnu,ðenu,ðenu
ðeɪ,ðeɪpu,ðeɪpu,ðepu,ðepu
ðeɪ,ðeɪtu,ðeɪtu,ðetu,ðetu
ðeɪ,ðeɪku,ðeɪku,ðeku,ðeku
ðeɪ,ðeɪbu,ðeɪbu,ðebu,ðebu
ðeɪ,ðeɪdu,ðeɪdu,ðedu,ðedu
ðeɪ,ðeɪgu,ðeɪgu,ðegu,ðegu
ðeɪ,ðeɪfu,ðeɪfu,ðefu,ðefu
ðeɪ,ðeɪsu,ðeɪsu,ðesu,ðesu
ðeɪ,ðeɪvu,ðeɪvu,ðevu,ðevu
ðeɪ,ðeɪzu,ðeɪzu,ðezu,ðezu
ðeɪ,ðeɪʃu,ðeɪʃu,ðeʃu,ðeʃu
ðeɪ,ðeɪʒu,ðeɪʒu,ðeʒu,ðeʒu
ðeɪ,ðeɪθu,ðeɪθu,ðeθu,ðeθu
ðeɪ,ðeɪðu,ðeɪðu,ðeðu,ðeðu
ðeɪ,ðeɪhu,ðeɪhu,ðehu,ðehu
heɪ,heɪmu,heɪmu,hemu,hemu
heɪ,heɪnu,heɪnu,henu,henu
heɪ,heɪpu,heɪpu,hepu,hepu
heɪ,heɪtu,heɪtu,hetu,hetu
heɪ,heɪku,heɪku,heku,heku
heɪ,heɪbu,heɪbu,hebu,hebu
heɪ,heɪdu,heɪdu,hedu,hedu
heɪ,heɪgu,heɪgu,hegu,hegu
heɪ,heɪfu,heɪfu,hefu,hefu
heɪ,heɪsu,heɪsu,hesu,hesu
heɪ,heɪvu,heɪvu,hevu,hevu
heɪ,heɪzu,heɪzu,hezu,hezu
heɪ,heɪʃu,heɪʃu,heʃu,heʃu
heɪ,heɪʒu,heɪʒu,heʒu,heʒu
heɪ,heɪθu,heɪθu,heθu,heθu
heɪ,heɪðu,heɪðu,heðu,heðu
heɪ,heɪhu,heɪhu,hehu,hehu
meɪ,meɪmoʊ,meɪmoʊ,memo,memo
meɪ,meɪnoʊ,meɪnoʊ,meno,meno
meɪ,meɪpoʊ,meɪpoʊ,mepo,mepo
meɪ,meɪtoʊ,meɪtoʊ,meto,meto
meɪ,meɪkoʊ,meɪkoʊ,meko,meko
meɪ,meɪboʊ,meɪboʊ,mebo,mebo
meɪ,meɪdoʊ,meɪdoʊ,medo,medo
meɪ,meɪgoʊ,meɪgoʊ,mego,mego
meɪ,meɪfoʊ,meɪfoʊ,mefo,mefo
meɪ,meɪsoʊ,meɪsoʊ,meso,meso
meɪ,meɪvoʊ,meɪvoʊ,mevo,mevo
meɪ,meɪzoʊ,meɪzoʊ,mezo,mezo
meɪ,meɪʃoʊ,meɪʃoʊ,meʃo,meʃo
meɪ,meɪʒoʊ,meɪʒoʊ,meʒo,meʒo
meɪ,meɪθoʊ,meɪθoʊ,meθo,meθo
meɪ,meɪðoʊ,meɪðoʊ,meðo,meðo
meɪ,meɪhoʊ,meɪhoʊ,meho,meho
neɪ,neɪmoʊ,neɪmoʊ,nemo,nemo
neɪ,neɪnoʊ,neɪnoʊ,neno,neno
neɪ,neɪpoʊ,neɪpoʊ,nepo,nepo
neɪ,neɪtoʊ,neɪtoʊ,neto,neto
neɪ,neɪkoʊ,neɪkoʊ,neko,neko
neɪ,neɪboʊ,neɪboʊ,nebo,nebo
neɪ,neɪdoʊ,neɪdoʊ,nedo,nedo
neɪ,neɪgoʊ,neɪgoʊ,nego,nego
neɪ,neɪfoʊ,neɪfoʊ,nefo,nefo
neɪ,neɪsoʊ,neɪsoʊ,neso,neso
neɪ,neɪvoʊ,neɪvoʊ,nevo,nevo
neɪ,neɪzoʊ,neɪzoʊ,nezo,nezo
neɪ,neɪʃoʊ,neɪʃoʊ,neʃo,neʃo
neɪ,neɪʒoʊ,neɪʒoʊ,neʒo,neʒo
neɪ,neɪθoʊ,neɪθoʊ,neθo,neθo
neɪ,neɪðoʊ,neɪðoʊ,neðo,neðo
neɪ,neɪhoʊ,neɪhoʊ,neho,neho
peɪ,peɪmoʊ,peɪmoʊ,pemo,pemo
peɪ,peɪnoʊ,peɪnoʊ,peno,peno
peɪ,peɪpoʊ,peɪpoʊ,pepo,pepo
peɪ,peɪtoʊ,peɪtoʊ,peto,peto
peɪ,peɪkoʊ,peɪkoʊ,peko,peko
peɪ,peɪboʊ,peɪboʊ,pebo,pebo
peɪ,peɪdoʊ,peɪdoʊ,pedo,pedo
peɪ,peɪgoʊ,peɪgoʊ,pego,pego
peɪ,peɪfoʊ,peɪfoʊ,pefo,pefo
peɪ,peɪsoʊ,peɪsoʊ,peso,peso
peɪ,peɪvoʊ,peɪvoʊ,pevo,pevo
peɪ,peɪzoʊ,peɪzoʊ,pezo,pezo
peɪ,peɪʃoʊ,peɪʃoʊ,peʃo,peʃo
peɪ,peɪʒoʊ,peɪʒoʊ,peʒo,peʒo
peɪ,peɪθoʊ,peɪθoʊ,peθo,peθo
peɪ,peɪðoʊ,peɪðoʊ,peðo,peðo
peɪ,peɪhoʊ,peɪhoʊ,peho,peho
teɪ,teɪmoʊ,teɪmoʊ,temo,temo
teɪ,teɪnoʊ,teɪnoʊ,teno,teno
teɪ,teɪpoʊ,teɪpoʊ,tepo,tepo
teɪ,teɪtoʊ,teɪtoʊ,teto,teto
teɪ,teɪkoʊ,teɪkoʊ,teko,teko
teɪ,teɪboʊ,teɪboʊ,tebo,tebo
teɪ,teɪdoʊ,teɪdoʊ,tedo,tedo
teɪ,teɪgoʊ,teɪgoʊ,tego,tego
teɪ,teɪfoʊ,teɪfoʊ,tefo,tefo
teɪ,teɪsoʊ,teɪsoʊ,teso,teso
teɪ,teɪvoʊ,teɪvoʊ,tevo,tevo
teɪ,teɪzoʊ,teɪzoʊ,tezo,tezo
teɪ,teɪʃoʊ,teɪʃoʊ,teʃo,teʃo
teɪ,teɪʒoʊ,teɪʒoʊ,teʒo,teʒo
teɪ,teɪθoʊ,teɪθoʊ,teθo,teθo
teɪ,teɪðoʊ,teɪðoʊ,teðo,teðo
teɪ,teɪhoʊ,teɪhoʊ,teho,teho
keɪ,keɪmoʊ,keɪmoʊ,kemo,kemo
keɪ,keɪnoʊ,keɪnoʊ,keno,keno
keɪ,keɪpoʊ,keɪpoʊ,kepo,kepo
keɪ,keɪtoʊ,keɪtoʊ,keto,keto
keɪ,keɪkoʊ,keɪkoʊ,keko,keko
keɪ,keɪboʊ,keɪboʊ,kebo,kebo
keɪ,keɪdoʊ,keɪdoʊ,kedo,kedo
keɪ,keɪgoʊ,keɪgoʊ,kego,kego
keɪ,keɪfoʊ,keɪfoʊ,kefo,kefo
keɪ,keɪsoʊ,keɪsoʊ,keso,keso
keɪ,keɪvoʊ,keɪvoʊ,kevo,kevo
keɪ,keɪzoʊ,keɪzoʊ,kezo,kezo
keɪ,keɪʃoʊ,keɪʃoʊ,keʃo,keʃo
keɪ,keɪʒoʊ,keɪʒoʊ,keʒo,keʒo
keɪ,keɪθoʊ,keɪθoʊ,keθo,keθo
keɪ,keɪðoʊ,keɪðoʊ,keðo,keðo
keɪ,keɪhoʊ,keɪhoʊ,keho,keho
beɪ,beɪmoʊ,beɪmoʊ,bemo,bemo
beɪ,beɪnoʊ,beɪnoʊ,beno,beno
beɪ,beɪpoʊ,beɪpoʊ,bepo,bepo
beɪ,beɪtoʊ,beɪtoʊ,beto,beto
beɪ,beɪkoʊ,beɪkoʊ,beko,beko
beɪ,beɪboʊ,beɪboʊ,bebo,bebo
beɪ,beɪdoʊ,beɪdoʊ,bedo,bedo
beɪ,beɪgoʊ,beɪgoʊ,bego,bego
beɪ,beɪfoʊ,beɪfoʊ,befo,befo
beɪ,beɪsoʊ,beɪsoʊ,beso,beso
beɪ,beɪvoʊ,beɪvoʊ,bevo,bevo
beɪ,beɪzoʊ,beɪzoʊ,bezo,bezo
beɪ,beɪʃoʊ,beɪʃoʊ,beʃo,beʃo
beɪ,beɪʒoʊ,beɪʒoʊ,beʒo,beʒo
beɪ,beɪθoʊ,beɪθoʊ,beθo,beθo
beɪ,beɪðoʊ,beɪðoʊ,beðo,beðo
beɪ,beɪhoʊ,beɪhoʊ,beho,beho
deɪ,deɪmoʊ,deɪmoʊ,demo,demo
deɪ,deɪnoʊ,deɪnoʊ,deno,deno
deɪ,deɪpoʊ,deɪpoʊ,depo,depo
deɪ,deɪtoʊ,deɪtoʊ,deto,deto
deɪ,deɪkoʊ,deɪkoʊ,deko,deko
deɪ,deɪboʊ,deɪboʊ,debo,debo
deɪ,deɪdoʊ,deɪdoʊ,dedo,dedo
deɪ,deɪgoʊ,deɪgoʊ,dego,dego
deɪ,deɪfoʊ,deɪfoʊ,defo,defo
deɪ,deɪsoʊ,deɪsoʊ,deso,deso
deɪ,deɪvoʊ,deɪvoʊ,devo,devo
deɪ,deɪzoʊ,deɪzoʊ,dezo,dezo
deɪ,deɪʃoʊ,deɪʃoʊ,deʃo,deʃo
deɪ,deɪʒoʊ,deɪʒoʊ,deʒo,deʒo
deɪ,deɪθoʊ,deɪθoʊ,deθo,deθo
deɪ,deɪðoʊ,deɪðoʊ,deðo,deðo
deɪ,deɪhoʊ,deɪhoʊ,deho,deho
geɪ,geɪmoʊ,geɪmoʊ,gemo,gemo
geɪ,geɪnoʊ,geɪnoʊ,geno,geno
geɪ,geɪpoʊ,geɪpoʊ,gepo,gepo
geɪ,geɪtoʊ,geɪtoʊ,geto,geto
geɪ,geɪkoʊ,geɪkoʊ,geko,geko
geɪ,geɪboʊ,geɪboʊ,gebo,gebo
geɪ,geɪdoʊ,geɪdoʊ,gedo,gedo
geɪ,geɪgoʊ,geɪgoʊ,gego,gego
geɪ,geɪfoʊ,geɪfoʊ,gefo,gefo
geɪ,geɪsoʊ,geɪsoʊ,geso,geso
geɪ,geɪvoʊ,geɪvoʊ,gevo,gevo
geɪ,geɪzoʊ,geɪzoʊ,gezo,gezo
geɪ,geɪʃoʊ,geɪʃoʊ,geʃo,geʃo
geɪ,geɪʒoʊ,geɪʒoʊ,geʒo,geʒo
geɪ,geɪθoʊ,geɪθoʊ,geθo,geθo
geɪ,geɪðoʊ,geɪðoʊ,geðo,geðo
geɪ,geɪhoʊ,geɪhoʊ,geho,geho
feɪ,feɪmoʊ,feɪmoʊ,femo,femo
feɪ,feɪnoʊ,feɪnoʊ,feno,feno
feɪ,feɪpoʊ,feɪpoʊ,fepo,fepo
feɪ,feɪtoʊ,feɪtoʊ,feto,feto
feɪ,feɪkoʊ,feɪkoʊ,feko,feko
feɪ,feɪboʊ,feɪboʊ,febo,febo
feɪ,feɪdoʊ,feɪdoʊ,fedo,fedo
feɪ,feɪgoʊ,feɪgoʊ,fego,fego
feɪ,feɪfoʊ,feɪfoʊ,fefo,fefo
feɪ,feɪsoʊ,feɪsoʊ,feso,feso
feɪ,feɪvoʊ,feɪvoʊ,fevo,fevo
feɪ,feɪzoʊ,feɪzoʊ,fezo,fezo
feɪ,feɪʃoʊ,feɪʃoʊ,feʃo,feʃo
feɪ,feɪʒoʊ,feɪʒoʊ,feʒo,feʒo
feɪ,feɪθoʊ,feɪθoʊ,feθo,feθo
feɪ,feɪðoʊ,feɪðoʊ,feðo,feðo
feɪ,feɪhoʊ,feɪhoʊ,feho,feho
seɪ,seɪmoʊ,seɪmoʊ,semo,semo
seɪ,seɪnoʊ,seɪnoʊ,seno,seno
seɪ,seɪpoʊ,seɪpoʊ,sepo,sepo
seɪ,seɪtoʊ,seɪtoʊ,seto,seto
seɪ,seɪkoʊ,seɪkoʊ,seko,seko
seɪ,seɪboʊ,seɪboʊ,sebo,sebo
seɪ,seɪdoʊ,seɪdoʊ,sedo,sedo
seɪ,seɪgoʊ,seɪgoʊ,sego,sego
seɪ,seɪfoʊ,seɪfoʊ,sefo,sefo
seɪ,seɪsoʊ,seɪsoʊ,seso,seso
seɪ,seɪvoʊ,seɪvoʊ,sevo,sevo
seɪ,seɪzoʊ,seɪzoʊ,sezo,sezo
seɪ,seɪʃoʊ,seɪʃoʊ,seʃo,seʃo
seɪ,seɪʒoʊ,seɪʒoʊ,seʒo,seʒo
seɪ,seɪθoʊ,seɪθoʊ,seθo,seθo
seɪ,seɪðoʊ,seɪðoʊ,seðo,seðo
seɪ,seɪhoʊ,seɪhoʊ,seho,seho
veɪ,veɪmoʊ,veɪmoʊ,vemo,vemo
veɪ,veɪnoʊ,veɪnoʊ,veno,veno
veɪ,veɪpoʊ,veɪpoʊ,vepo,vepo
veɪ,veɪtoʊ,veɪtoʊ,veto,veto
veɪ,veɪkoʊ,veɪkoʊ,veko,veko
veɪ,veɪboʊ,veɪboʊ,vebo,vebo
veɪ,veɪdoʊ,veɪdoʊ,vedo,vedo
veɪ,veɪgoʊ,veɪgoʊ,vego,vego
veɪ,veɪfoʊ,veɪfoʊ,vefo,vefo
veɪ,veɪsoʊ,veɪsoʊ,veso,veso
veɪ,veɪvoʊ,veɪvoʊ,vevo,vevo
veɪ,veɪzoʊ,veɪzoʊ,vezo,vezo
veɪ,veɪʃoʊ,veɪʃoʊ,veʃo,veʃo
veɪ,veɪʒoʊ,veɪʒoʊ,veʒo,veʒo
veɪ,veɪθoʊ,veɪθoʊ,veθo,veθo
veɪ,veɪðoʊ,veɪðoʊ,veðo,veðo
veɪ,veɪhoʊ,veɪhoʊ,veho,veho
zeɪ,zeɪmoʊ,zeɪmoʊ,zemo,zemo
zeɪ,zeɪnoʊ,zeɪnoʊ,zeno,zeno
zeɪ,zeɪpoʊ,zeɪpoʊ,zepo,zepo
zeɪ,zeɪtoʊ,zeɪtoʊ,zeto,zeto
zeɪ,zeɪkoʊ,zeɪkoʊ,zeko,zeko
zeɪ,zeɪboʊ,zeɪboʊ,zebo,zebo
zeɪ,zeɪdoʊ,zeɪdoʊ,zedo,zedo
zeɪ,zeɪgoʊ,zeɪgoʊ,zego,zego
zeɪ,zeɪfoʊ,zeɪfoʊ,zefo,zefo
zeɪ,zeɪsoʊ,zeɪsoʊ,zeso,zeso
zeɪ,zeɪvoʊ,zeɪvoʊ,zevo,zevo
zeɪ,zeɪzoʊ,zeɪzoʊ,zezo,zezo
zeɪ,zeɪʃoʊ,zeɪʃoʊ,zeʃo,zeʃo
zeɪ,zeɪʒoʊ,zeɪʒoʊ,zeʒo,zeʒo
zeɪ,zeɪθoʊ,zeɪθoʊ,zeθo,zeθo
zeɪ,zeɪðoʊ,zeɪðoʊ,zeðo,zeðo
zeɪ,zeɪhoʊ,zeɪhoʊ,zeho,zeho
ʃeɪ,ʃeɪmoʊ,ʃeɪmoʊ,ʃemo,ʃemo
ʃeɪ,ʃeɪnoʊ,ʃeɪnoʊ,ʃeno,ʃeno
ʃeɪ,ʃeɪpoʊ,ʃeɪpoʊ,ʃepo,ʃepo
ʃeɪ,ʃeɪtoʊ,ʃeɪtoʊ,ʃeto,ʃeto
ʃeɪ,ʃeɪkoʊ,ʃeɪkoʊ,ʃeko,ʃeko
ʃeɪ,ʃeɪboʊ,ʃeɪboʊ,ʃebo,ʃebo
ʃeɪ,ʃeɪdoʊ,ʃeɪdoʊ,ʃedo,ʃedo
ʃeɪ,ʃeɪgoʊ,ʃeɪgoʊ,ʃego,ʃego
ʃeɪ,ʃeɪfoʊ,ʃeɪfoʊ,ʃefo,ʃefo
ʃeɪ,ʃeɪsoʊ,ʃeɪsoʊ,ʃeso,ʃeso
ʃeɪ,ʃeɪvoʊ,ʃeɪvoʊ,ʃevo,ʃevo
ʃeɪ,ʃeɪzoʊ,ʃeɪzoʊ,ʃezo,ʃezo
ʃeɪ,ʃeɪʃoʊ,ʃeɪʃoʊ,ʃeʃo,ʃeʃo
ʃeɪ,ʃeɪʒoʊ,ʃeɪʒoʊ,ʃeʒo,ʃeʒo
ʃeɪ,ʃeɪθoʊ,ʃeɪθoʊ,ʃeθo,ʃeθo
ʃeɪ,ʃeɪðoʊ,ʃeɪðoʊ,ʃeðo,ʃeðo
ʃeɪ,ʃeɪhoʊ,ʃeɪhoʊ,ʃeho,ʃeho
ʒeɪ,ʒeɪmoʊ,ʒeɪmoʊ,ʒemo,ʒemo
ʒeɪ,ʒeɪnoʊ,ʒeɪnoʊ,ʒeno,ʒeno
ʒeɪ,ʒeɪpoʊ,ʒeɪpoʊ,ʒepo,ʒepo
ʒeɪ,ʒeɪtoʊ,ʒeɪtoʊ,ʒeto,ʒeto
ʒeɪ,ʒeɪkoʊ,ʒeɪkoʊ,ʒeko,ʒeko
ʒeɪ,ʒeɪboʊ,ʒeɪboʊ,ʒebo,ʒebo
ʒeɪ,ʒeɪdoʊ,ʒeɪdoʊ,ʒedo,ʒedo
ʒeɪ,ʒeɪgoʊ,ʒeɪgoʊ,ʒego,ʒego
ʒeɪ,ʒeɪfoʊ,ʒeɪfoʊ,ʒefo,ʒefo
ʒeɪ,ʒeɪsoʊ,ʒeɪsoʊ,ʒeso,ʒeso
ʒeɪ,ʒeɪvoʊ,ʒeɪvoʊ,ʒevo,ʒevo
ʒeɪ,ʒeɪzoʊ,ʒeɪzoʊ,ʒezo,ʒezo
ʒeɪ,ʒeɪʃoʊ,ʒeɪʃoʊ,ʒeʃo,ʒeʃo
ʒeɪ,ʒeɪʒoʊ,ʒeɪʒoʊ,ʒeʒo,ʒeʒo
ʒeɪ,ʒeɪθoʊ,ʒeɪθoʊ,ʒeθo,ʒeθo
ʒeɪ,ʒeɪðoʊ,ʒeɪðoʊ,ʒeðo,ʒeðo
ʒeɪ,ʒeɪhoʊ,ʒeɪhoʊ,ʒeho,ʒeho
θeɪ,θeɪmoʊ,θeɪmoʊ,θemo,θemo
θeɪ,θeɪnoʊ,θeɪnoʊ,θeno,θeno
θeɪ,θeɪpoʊ,θeɪpoʊ,θepo,θepo
θeɪ,θeɪtoʊ,θeɪtoʊ,θeto,θeto
θeɪ,θeɪkoʊ,θeɪkoʊ,θeko,θeko
θeɪ,θeɪboʊ,θeɪboʊ,θebo,θebo
θeɪ,θeɪdoʊ,θeɪdoʊ,θedo,θedo
θeɪ,θeɪgoʊ,θeɪgoʊ,θego,θego
θeɪ,θeɪfoʊ,θeɪfoʊ,θefo,θefo
θeɪ,θeɪsoʊ,θeɪsoʊ,θeso,θeso
θeɪ,θeɪvoʊ,θeɪvoʊ,θevo,θevo
θeɪ,θeɪzoʊ,θeɪzoʊ,θezo,θezo
θeɪ,θeɪʃoʊ,θeɪʃoʊ,θeʃo,θeʃo
θeɪ,θeɪʒoʊ,θeɪʒoʊ,θeʒo,θeʒo
θeɪ,θeɪθoʊ,θeɪθoʊ,θeθo,θeθo
θeɪ,θeɪðoʊ,θeɪðoʊ,θeðo,θeðo
θeɪ,θeɪhoʊ,θeɪhoʊ,θeho,θeho
ðeɪ,ðeɪmoʊ,ðeɪmoʊ,ðemo,ðemo
ðeɪ,ðeɪnoʊ,ðeɪnoʊ,ðeno,ðeno
ðeɪ,ðeɪpoʊ,ðeɪpoʊ,ðepo,ðepo
ðeɪ,ðeɪtoʊ,ðeɪtoʊ,ðeto,ðeto
ðeɪ,ðeɪkoʊ,ðeɪkoʊ,ðeko,ðeko
ðeɪ,ðeɪboʊ,ðeɪboʊ,ðebo,ðebo
ðeɪ,ðeɪdoʊ,ðeɪdoʊ,ðedo,ðedo
ðeɪ,ðeɪgoʊ,ðeɪgoʊ,ðego,ðego
ðeɪ,ðeɪfoʊ,ðeɪfoʊ,ðefo,ðefo
ðeɪ,ðeɪsoʊ,ðeɪsoʊ,ðeso,ðeso
ðeɪ,ðeɪvoʊ,ðeɪvoʊ,ðevo,ðevo
ðeɪ,ðeɪzoʊ,ðeɪzoʊ,ðezo,ðezo
ðeɪ,ðeɪʃoʊ,ðeɪʃoʊ,ðeʃo,ðeʃo
ðeɪ,ðeɪʒoʊ,ðeɪʒoʊ,ðeʒo,ðeʒo
ðeɪ,ðeɪθoʊ,ðeɪθoʊ,ðeθo,ðeθo
ðeɪ,ðeɪðoʊ,ðeɪðoʊ,ðeðo,ðeðo
ðeɪ,ðeɪhoʊ,ðeɪhoʊ,ðeho,ðeho
heɪ,heɪmoʊ,heɪmoʊ,hemo,hemo
heɪ,heɪnoʊ,heɪnoʊ,heno,heno
heɪ,heɪpoʊ,heɪpoʊ,hepo,hepo
heɪ,heɪtoʊ,heɪtoʊ,heto,heto
heɪ,heɪkoʊ,heɪkoʊ,heko,heko
heɪ,heɪboʊ,heɪboʊ,hebo,hebo
heɪ,heɪdoʊ,heɪdoʊ,hedo,hedo
heɪ,heɪgoʊ,heɪgoʊ,hego,hego
heɪ,heɪfoʊ,heɪfoʊ,hefo,hefo
heɪ,heɪsoʊ,heɪsoʊ,heso,heso
heɪ,heɪvoʊ,heɪvoʊ,hevo,hevo
heɪ,heɪzoʊ,heɪzoʊ,hezo,hezo
heɪ,heɪʃoʊ,heɪʃoʊ,heʃo,heʃo
heɪ,heɪʒoʊ,heɪʒoʊ,heʒo,heʒo
heɪ,heɪθoʊ,heɪθoʊ,heθo,heθo
heɪ,heɪðoʊ,heɪðoʊ,heðo,heðo
heɪ,heɪhoʊ,heɪhoʊ,heho,heho
mu,mumi,mumi,mumi,mumi
mu,muni,muni,muni,muni
mu,mupi,mupi,mupi,mupi
mu,muti,muti,muti,muti
mu,muki,muki,muki,muki
mu,mubi,mubi,mubi,mubi
mu,mudi,mudi,mudi,mudi
mu,mugi,mugi,mugi,mugi
mu,mufi,mufi,mufi,mufi
mu,musi,musi,musi,musi
mu,muvi,muvi,muvi,muvi
mu,muzi,muzi,muzi,muzi
mu,muʃi,muʃi,muʃi,muʃi
mu,muʒi,muʒi,muʒi,muʒi
mu,muθi,muθi,muθi,muθi
mu,muði,muði,muði,muði
mu,muhi,muhi,muhi,muhi
nu,numi,numi,numi,numi
nu,nuni,nuni,nuni,nuni
nu,nupi,nupi,nupi,nupi
nu,nuti,nuti,nuti,nuti
nu,nuki,nuki,nuki,nuki
nu,nubi,nubi,nubi,nubi
nu,nudi,nudi,nudi,nudi
nu,nugi,nugi,nugi,nugi
nu,nufi,nufi,nufi,nufi
nu,nusi,nusi,nusi,nusi
nu,nuvi,nuvi,nuvi,nuvi
nu,nuzi,nuzi,nuzi,nuzi
nu,nuʃi,nuʃi,nuʃi,nuʃi
nu,nuʒi,nuʒi,nuʒi,nuʒi
nu,nuθi,nuθi,nuθi,nuθi
nu,nuði,nuði,nuði,nuði
nu,nuhi,nuhi,nuhi,nuhi
pu,pumi,pumi,pumi,pumi
pu,puni,puni,puni,puni
pu,pupi,pupi,pupi,pupi
pu,puti,puti,puti,puti
pu,puki,puki,puki,puki
pu,pubi,pubi,pubi,pubi
pu,pudi,pudi,pudi,pudi
pu,pugi,pugi,pugi,pugi
pu,pufi,pufi,pufi,pufi
pu,pusi,pusi,pusi,pusi
pu,puvi,puvi,puvi,puvi
pu,puzi,puzi,puzi,puzi
pu,puʃi,puʃi,puʃi,puʃi
pu,puʒi,puʒi,puʒi,puʒi
pu,puθi,puθi,puθi,puθi
pu,puði,puði,puði,puði
pu,puhi,puhi,puhi,puhi
tu,tumi,tumi,tumi,tumi
tu,tuni,tuni,tuni,tuni
tu,tupi,tupi,tupi,tupi
tu,tuti,tuti,tuti,tuti
tu,tuki,tuki,tuki,tuki
tu,tubi,tubi,tubi,tubi
tu,tudi,tudi,tudi,tudi
tu,tugi,tugi,tugi,tugi
tu,tufi,tufi,tufi,tufi
tu,tusi,tusi,tusi,tusi
tu,tuvi,tuvi,tuvi,tuvi
tu,tuzi,tuzi,tuzi,tuzi
tu,tuʃi,tuʃi,tuʃi,tuʃi
tu,tuʒi,tuʒi,tuʒi,tuʒi
tu,tuθi,tuθi,tuθi,tuθi
tu,tuði,tuði,tuði,tuði
tu,tuhi,tuhi,tuhi,tuhi
ku,kumi,kumi,kumi,kumi
ku,kuni,kuni,kuni,kuni
ku,kupi,kupi,kupi,kupi
ku,kuti,kuti,kuti,kuti
ku,kuki,kuki,kuki,kuki
ku,kubi,kubi,kubi,kubi
ku,kudi,kudi,kudi,kudi
ku,kugi,kugi,kugi,kugi
ku,kufi,kufi,kufi,kufi
ku,kusi,kusi,kusi,kusi
ku,kuvi,kuvi,kuvi,kuvi
ku,kuzi,kuzi,kuzi,kuzi
ku,kuʃi,kuʃi,kuʃi,kuʃi
ku,kuʒi,kuʒi,kuʒi,kuʒi
ku,kuθi,kuθi,kuθi,kuθi
ku,kuði,kuði,kuði,kuði
ku,kuhi,kuhi,kuhi,kuhi
bu,bumi,bumi,bumi,bumi
bu,buni,buni,buni,buni
bu,bupi,bupi,bupi,bupi
bu,buti,buti,buti,buti
bu,buki,buki,buki,buki
bu,bubi,bubi,bubi,bubi
bu,budi,budi,budi,budi
bu,bugi,bugi,bugi,bugi
bu,bufi,bufi,bufi,bufi
bu,busi,busi,busi,busi
bu,buvi,buvi,buvi,buvi
bu,buzi,buzi,buzi,buzi
bu,buʃi,buʃi,buʃi,buʃi
bu,buʒi,buʒi,buʒi,buʒi
bu,buθi,buθi,buθi,buθi
bu,buði,buði,buði,buði
bu,buhi,buhi,buhi,buhi
du,dumi,dumi,dumi,dumi
du,duni,duni,duni,duni
du,dupi,dupi,dupi,dupi
du,duti,duti,duti,duti
du,duki,duki,duki,duki
du,dubi,dubi,dubi,dubi
du,dudi,dudi,dudi,dudi
du,dugi,dugi,dugi,dugi
du,dufi,dufi,dufi,dufi
du,dusi,dusi,dusi,dusi
du,duvi,duvi,duvi,duvi
du,duzi,duzi,duzi,duzi
du,duʃi,duʃi,duʃi,duʃi
du,duʒi,duʒi,duʒi,duʒi
du,duθi,duθi,duθi,duθi
du,duði,duði,duði,duði
du,duhi,duhi,duhi,duhi
gu,gumi,gumi,gumi,gumi
gu,guni,guni,guni,guni
gu,gupi,gupi,gupi,gupi
gu,guti,guti,guti,guti
gu,guki,guki,guki,guki
gu,gubi,gubi,gubi,gubi
gu,gudi,gudi,gudi,gudi
gu,gugi,gugi,gugi,gugi
gu,gufi,gufi,gufi,gufi
gu,gusi,gusi,gusi,gusi
gu,guvi,guvi,guvi,guvi
gu,guzi,guzi,guzi,guzi
gu,guʃi,guʃi,guʃi,guʃi
gu,guʒi,guʒi,guʒi,guʒi
gu,guθi,guθi,guθi,guθi
gu,guði,guði,guði,guði
gu,guhi,guhi,guhi,guhi
fu,fumi,fumi,fumi,fumi
fu,funi,funi,funi,funi
fu,fupi,fupi,fupi,fupi
fu,futi,futi,futi,futi
fu,fuki,fuki,fuki,fuki
fu,fubi,fubi,fubi,fubi
fu,fudi,fudi,fudi,fudi
fu,fugi,fugi,fugi,fugi
fu,fufi,fufi,fufi,fufi
fu,fusi,fusi,fusi,fusi
fu,fuvi,fuvi,fuvi,fuvi
fu,fuzi,fuzi,fuzi,fuzi
fu,fuʃi,fuʃi,fuʃi,fuʃi
fu,fuʒi,fuʒi,fuʒi,fuʒi
fu,fuθi,fuθi,fuθi,fuθi
fu,fuði,fuði,fuði,fuði
fu,fuhi,fuhi,fuhi,fuhi
su,sumi,sumi,sumi,sumi
su,suni,suni,suni,suni
su,supi,supi,supi,supi
su,suti,suti,suti,suti
su,suki,suki,suki,suki
su,subi,subi,subi,subi
su,sudi,sudi,sudi,sudi
su,sugi,sugi,sugi,sugi
su,sufi,sufi,sufi,sufi
su,susi,susi,susi,susi
su,suvi,suvi,suvi,suvi
su,suzi,suzi,suzi,suzi
su,suʃi,suʃi,suʃi,suʃi
su,suʒi,suʒi,suʒi,suʒi
su,suθi,suθi,suθi,suθi
su,suði,suði,suði,suði
su,suhi,suhi,suhi,suhi
vu,vumi,vumi,vumi,vumi
vu,vuni,vuni,vuni,vuni
vu,vupi,vupi,vupi,vupi
vu,vuti,vuti,vuti,vuti
vu,vuki,vuki,vuki,vuki
vu,vubi,vubi,vubi,vubi
vu,vudi,vudi,vudi,vudi
vu,vugi,vugi,vugi,vugi
vu,vufi,vufi,vufi,vufi
vu,vusi,vusi,vusi,vusi
vu,vuvi,vuvi,vuvi,vuvi
vu,vuzi,vuzi,vuzi,vuzi
vu,vuʃi,vuʃi,vuʃi,vuʃi
vu,vuʒi,vuʒi,vuʒi,vuʒi
vu,vuθi,vuθi,vuθi,vuθi
vu,vuði,vuði,vuði,vuði
vu,vuhi,vuhi,vuhi,vuhi
zu,zumi,zumi,zumi,zumi
zu,zuni,zuni,zuni,zuni
zu,zupi,zupi,zupi,zupi
zu,zuti,zuti,zuti,zuti
zu,zuki,zuki,zuki,zuki
zu,zubi,zubi,zubi,zubi
zu,zudi,zudi,zudi,zudi
zu,zugi,zugi,zugi,zugi
zu,zufi,zufi,zufi,zufi
zu,zusi,zusi,zusi,zusi
zu,zuvi,zuvi,zuvi,zuvi
zu,zuzi,zuzi,zuzi,zuzi
zu,zuʃi,zuʃi,zuʃi,zuʃi
zu,zuʒi,zuʒi,zuʒi,zuʒi
zu,zuθi,zuθi,zuθi,zuθi
zu,zuði,zuði,zuði,zuði
zu,zuhi,zuhi,zuhi,zuhi
ʃu,ʃumi,ʃumi,ʃumi,ʃumi
ʃu,ʃuni,ʃuni,ʃuni,ʃuni
ʃu,ʃupi,ʃupi,ʃupi,ʃupi
ʃu,ʃuti,ʃuti,ʃuti,ʃuti
ʃu,ʃuki,ʃuki,ʃuki,ʃuki
ʃu,ʃubi,ʃubi,ʃubi,ʃubi
ʃu,ʃudi,ʃudi,ʃudi,ʃudi
ʃu,ʃugi,ʃugi,ʃugi,ʃugi
ʃu,ʃufi,ʃufi,ʃufi,ʃufi
ʃu,ʃusi,ʃusi,ʃusi,ʃusi
ʃu,ʃuvi,ʃuvi,ʃuvi,ʃuvi
ʃu,ʃuzi,ʃuzi,ʃuzi,ʃuzi
ʃu,ʃuʃi,ʃuʃi,ʃuʃi,ʃuʃi
ʃu,ʃuʒi,ʃuʒi,ʃuʒi,ʃuʒi
ʃu,ʃuθi,ʃuθi,ʃuθi,ʃuθi
ʃu,ʃuði,ʃuði,ʃuði,ʃuði
ʃu,ʃuhi,ʃuhi,ʃuhi,ʃuhi
ʒu,ʒumi,ʒumi,ʒumi,ʒumi
ʒu,ʒuni,ʒuni,ʒuni,ʒuni
ʒu,ʒupi,ʒupi,ʒupi,ʒupi
ʒu,ʒuti,ʒuti,ʒuti,ʒuti
ʒu,ʒuki,ʒuki,ʒuki,ʒuki
ʒu,ʒubi,ʒubi,ʒubi,ʒubi
ʒu,ʒudi,ʒudi,ʒudi,ʒudi
ʒu,ʒugi,ʒugi,ʒugi,ʒugi
ʒu,ʒufi,ʒufi,ʒufi,ʒufi
ʒu,ʒusi,ʒusi,ʒusi,ʒusi
ʒu,ʒuvi,ʒuvi,ʒuvi,ʒuvi
ʒu,ʒuzi,ʒuzi,ʒuzi,ʒuzi
ʒu,ʒuʃi,ʒuʃi,ʒuʃi,ʒuʃi
ʒu,ʒuʒi,ʒuʒi,ʒuʒi,ʒuʒi
ʒu,ʒuθi,ʒuθi,ʒuθi,ʒuθi
ʒu,ʒuði,ʒuði,ʒuði,ʒuði
ʒu,ʒuhi,ʒuhi,ʒuhi,ʒuhi
θu,θumi,θumi,θumi,θumi
θu,θuni,θuni,θuni,θuni
θu,θupi,θupi,θupi,θupi
θu,θuti,θuti,θuti,θuti
θu,θuki,θuki,θuki,θuki
θu,θubi,θubi,θubi,θubi
θu,θudi,θudi,θudi,θudi
θu,θugi,θugi,θugi,θugi
θu,θufi,θufi,θufi,θufi
θu,θusi,θusi,θusi,θusi
θu,θuvi,θuvi,θuvi,θuvi
θu,θuzi,θuzi,θuzi,θuzi
θu,θuʃi,θuʃi,θuʃi,θuʃi
θu,θuʒi,θuʒi,θuʒi,θuʒi
θu,θuθi,θuθi,θuθi,θuθi
θu,θuði,θuði,θuði,θuði
θu,θuhi,θuhi,θuhi,θuhi
ðu,ðumi,ðumi,ðumi,ðumi
ðu,ðuni,ðuni,ðuni,ðuni
ðu,ðupi,ðupi,ðupi,ðupi
ðu,ðuti,ðuti,ðuti,ðuti
ðu,ðuki,ðuki,ðuki,ðuki
ðu,ðubi,ðubi,ðubi,ðubi
ðu,ðudi,ðudi,ðudi,ðudi
ðu,ðugi,ðugi,ðugi,ðugi
ðu,ðufi,ðufi,ðufi,ðufi
ðu,ðusi,ðusi,ðusi,ðusi
ðu,ðuvi,ðuvi,ðuvi,ðuvi
ðu,ðuzi,ðuzi,ðuzi,ðuzi
ðu,ðuʃi,ðuʃi,ðuʃi,ðuʃi
ðu,ðuʒi,ðuʒi,ðuʒi,ðuʒi
ðu,ðuθi,ðuθi,ðuθi,ðuθi
ðu,ðuði,ðuði,ðuði,ðuði
ðu,ðuhi,ðuhi,ðuhi,ðuhi
hu,humi,humi,humi,humi
hu,huni,huni,huni,huni
hu,hupi,hupi,hupi,hupi
hu,huti,huti,huti,huti
hu,huki,huki,huki,huki
hu,hubi,hubi,hubi,hubi
hu,hudi,hudi,hudi,hudi
hu,hugi,hugi,hugi,hugi
hu,hufi,hufi,hufi,hufi
hu,husi,husi,husi,husi
hu,huvi,huvi,huvi,huvi
hu,huzi,huzi,huzi,huzi
hu,huʃi,huʃi,huʃi,huʃi
hu,huʒi,huʒi,huʒi,huʒi
hu,huθi,huθi,huθi,huθi
hu,huði,huði,huði,huði
hu,huhi,huhi,huhi,huhi
mu,mumeɪ,mumeɪ,mume,mume
mu,muneɪ,muneɪ,mune,mune
mu,mupeɪ,mupeɪ,mupe,mupe
mu,muteɪ,muteɪ,mute,mute
mu,mukeɪ,mukeɪ,muke,muke
mu,mubeɪ,mubeɪ,mube,mube
mu,mudeɪ,mudeɪ,mude,mude
mu,mugeɪ,mugeɪ,muge,muge
mu,mufeɪ,mufeɪ,mufe,mufe
mu,museɪ,museɪ,muse,muse
mu,muveɪ,muveɪ,muve,muve
mu,muzeɪ,muzeɪ,muze,muze
mu,muʃeɪ,muʃeɪ,muʃe,muʃe
mu,muʒeɪ,muʒeɪ,muʒe,muʒe
mu,muθeɪ,muθeɪ,muθe,muθe
mu,muðeɪ,muðeɪ,muðe,muðe
mu,muheɪ,muheɪ,muhe,muhe
nu,numeɪ,numeɪ,nume,nume
nu,nuneɪ,nuneɪ,nune,nune
nu,nupeɪ,nupeɪ,nupe,nupe
nu,nuteɪ,nuteɪ,nute,nute
nu,nukeɪ,nukeɪ,nuke,nuke
nu,nubeɪ,nubeɪ,nube,nube
nu,nudeɪ,nudeɪ,nude,nude
nu,nugeɪ,nugeɪ,nuge,nuge
nu,nufeɪ,nufeɪ,nufe,nufe
nu,nuseɪ,nuseɪ,nuse,nuse
nu,nuveɪ,nuveɪ,nuve,nuve
nu,nuzeɪ,nuzeɪ,nuze,nuze
nu,nuʃeɪ,nuʃeɪ,nuʃe,nuʃe
nu,nuʒeɪ,nuʒeɪ,nuʒe,nuʒe
nu,nuθeɪ,nuθeɪ,nuθe,nuθe
nu,nuðeɪ,nuðeɪ,nuðe,nuðe
nu,nuheɪ,nuheɪ,nuhe,nuhe
pu,pumeɪ,pumeɪ,pume,pume
pu,puneɪ,puneɪ,pune,pune
pu,pupeɪ,pupeɪ,pupe,pupe
pu,puteɪ,puteɪ,pute,pute
pu,pukeɪ,pukeɪ,puke,puke
pu,pubeɪ,pubeɪ,pube,pube
pu,pudeɪ,pudeɪ,pude,pude
pu,pugeɪ,pugeɪ,puge,puge
pu,pufeɪ,pufeɪ,pufe,pufe
pu,puseɪ,puseɪ,puse,puse
pu,puveɪ,puveɪ,puve,puve
pu,puzeɪ,puzeɪ,puze,puze
pu,puʃeɪ,puʃeɪ,puʃe,puʃe
pu,puʒeɪ,puʒeɪ,puʒe,puʒe
pu,puθeɪ,puθeɪ,puθe,puθe
pu,puðeɪ,puðeɪ,puðe,puðe
pu,puheɪ,puheɪ,puhe,puhe
tu,tumeɪ,tumeɪ,tume,tume
tu,tuneɪ,tuneɪ,tune,tune
tu,tupeɪ,tupeɪ,tupe,tupe
tu,tuteɪ,tuteɪ,tute,tute
tu,tukeɪ,tukeɪ,tuke,tuke
tu,tubeɪ,tubeɪ,tube,tube
tu,tudeɪ,tudeɪ,tude,tude
tu,tugeɪ,tugeɪ,tuge,tuge
tu,tufeɪ,tufeɪ,tufe,tufe
tu,tuseɪ,tuseɪ,tuse,tuse
tu,tuveɪ,tuveɪ,tuve,tuve
tu,tuzeɪ,tuzeɪ,tuze,tuze
tu,tuʃeɪ,tuʃeɪ,tuʃe,tuʃe
tu,tuʒeɪ,tuʒeɪ,tuʒe,tuʒe
tu,tuθeɪ,tuθeɪ,tuθe,tuθe
tu,tuðeɪ,tuðeɪ,tuðe,tuðe
tu,tuheɪ,tuheɪ,tuhe,tuhe
ku,kumeɪ,kumeɪ,kume,kume
ku,kuneɪ,kuneɪ,kune,kune
ku,kupeɪ,kupeɪ,kupe,kupe
ku,kuteɪ,kuteɪ,kute,kute
ku,kukeɪ,kukeɪ,kuke,kuke
ku,kubeɪ,kubeɪ,kube,kube
ku,kudeɪ,kudeɪ,kude,kude
ku,kugeɪ,kugeɪ,kuge,kuge
ku,kufeɪ,kufeɪ,kufe,kufe
ku,kuseɪ,kuseɪ,kuse,kuse
ku,kuveɪ,kuveɪ,kuve,kuve
ku,kuzeɪ,kuzeɪ,kuze,kuze
ku,kuʃeɪ,kuʃeɪ,kuʃe,kuʃe
ku,kuʒeɪ,kuʒeɪ,kuʒe,kuʒe
ku,kuθeɪ,kuθeɪ,kuθe,kuθe
ku,kuðeɪ,kuðeɪ,kuðe,kuðe
ku,kuheɪ,kuheɪ,kuhe,kuhe
bu,bumeɪ,bumeɪ,bume,bume
bu,buneɪ,buneɪ,bune,bune
bu,bupeɪ,bupeɪ,bupe,bupe
bu,buteɪ,buteɪ,bute,bute
bu,bukeɪ,bukeɪ,buke,buke
bu,bubeɪ,bubeɪ,bube,bube
bu,budeɪ,budeɪ,bude,bude
bu,bugeɪ,bugeɪ,buge,buge
bu,bufeɪ,bufeɪ,bufe,bufe
bu,buseɪ,buseɪ,buse,buse
bu,buveɪ,buveɪ,buve,buve
bu,buzeɪ,buzeɪ,buze,buze
bu,buʃeɪ,buʃeɪ,buʃe,buʃe
bu,buʒeɪ,buʒeɪ,buʒe,buʒe
bu,buθeɪ,buθeɪ,buθe,buθe
bu,buðeɪ,buðeɪ,buðe,buðe
bu,buheɪ,buheɪ,buhe,buhe
du,dumeɪ,dumeɪ,dume,dume
du,duneɪ,duneɪ,dune,dune
du,dupeɪ,dupeɪ,dupe,dupe
du,duteɪ,duteɪ,dute,dute
du,dukeɪ,dukeɪ,duke,duke
du,dubeɪ,dubeɪ,dube,dube
du,dudeɪ,dudeɪ,dude,dude
du,dugeɪ,dugeɪ,duge,duge
du,dufeɪ,dufeɪ,dufe,dufe
du,duseɪ,duseɪ,duse,duse
du,duveɪ,duveɪ,duve,duve
du,duzeɪ,duzeɪ,duze,duze
du,duʃeɪ,duʃeɪ,duʃe,duʃe
du,duʒeɪ,duʒeɪ,duʒe,duʒe
du,duθeɪ,duθeɪ,duθe,duθe
du,duðeɪ,duðeɪ,duðe,duðe
du,duheɪ,duheɪ,duhe,duhe
gu,gumeɪ,gumeɪ,gume,gume
gu,guneɪ,guneɪ,gune,gune
gu,gupeɪ,gupeɪ,gupe,gupe
gu,guteɪ,guteɪ,gute,gute
gu,gukeɪ,gukeɪ,guke,guke
gu,gubeɪ,gubeɪ,gube,gube
gu,gudeɪ,gudeɪ,gude,gude
gu,gugeɪ,gugeɪ,guge,guge
gu,gufeɪ,gufeɪ,gufe,gufe
gu,guseɪ,guseɪ,guse,guse
gu,guveɪ,guveɪ,guve,guve
gu,guzeɪ,guzeɪ,guze,guze
gu,guʃeɪ,guʃeɪ,guʃe,guʃe
gu,guʒeɪ,guʒeɪ,guʒe,guʒe
gu,guθeɪ,guθeɪ,guθe,guθe
gu,guðeɪ,guðeɪ,guðe,guðe
gu,guheɪ,guheɪ,guhe,guhe
fu,fumeɪ,fumeɪ,fume,fume
fu,funeɪ,funeɪ,fune,fune
fu,fupeɪ,fupeɪ,fupe,fupe
fu,futeɪ,futeɪ,fute,fute
fu,fukeɪ,fukeɪ,fuke,fuke
fu,fubeɪ,fubeɪ,fube,fube
fu,fudeɪ,fudeɪ,fude,fude
fu,fugeɪ,fugeɪ,fuge,fuge
fu,fufeɪ,fufeɪ,fufe,fufe
fu,fuseɪ,fuseɪ,fuse,fuse
fu,fuveɪ,fuveɪ,fuve,fuve
fu,fuzeɪ,fuzeɪ,fuze,fuze
fu,fuʃeɪ,fuʃeɪ,fuʃe,fuʃe
fu,fuʒeɪ,fuʒeɪ,fuʒe,fuʒe
fu,fuθeɪ,fuθeɪ,fuθe,fuθe
fu,fuðeɪ,fuðeɪ,fuðe,fuðe
fu,fuheɪ,fuheɪ,fuhe,fuhe
su,sumeɪ,sumeɪ,sume,sume
su,suneɪ,suneɪ,sune,sune
su,supeɪ,supeɪ,supe,supe
su,suteɪ,suteɪ,sute,sute
su,sukeɪ,sukeɪ,suke,suke
su,subeɪ,subeɪ,sube,sube
su,sudeɪ,sudeɪ,sude,sude
su,sugeɪ,sugeɪ,suge,suge
su,sufeɪ,sufeɪ,sufe,sufe
su,suseɪ,suseɪ,suse,suse
su,suveɪ,suveɪ,suve,suve
su,suzeɪ,suzeɪ,suze,suze
su,suʃeɪ,suʃeɪ,suʃe,suʃe
su,suʒeɪ,suʒeɪ,suʒe,suʒe
su,suθeɪ,suθeɪ,suθe,suθe
su,suðeɪ,suðeɪ,suðe,suðe
su,suheɪ,suheɪ,suhe,suhe
vu,vumeɪ,vumeɪ,vume,vume
vu,vuneɪ,vuneɪ,vune,vune
vu,vupeɪ,vupeɪ,vupe,vupe
vu,vuteɪ,vuteɪ,vute,vute
vu,vukeɪ,vukeɪ,vuke,vuke
vu,vubeɪ,vubeɪ,vube,vube
vu,vudeɪ,vudeɪ,vude,vude
vu,vugeɪ,vugeɪ,vuge,vuge
vu,vufeɪ,vufeɪ,vufe,vufe
vu,vuseɪ,vuseɪ,vuse,vuse
vu,vuveɪ,vuveɪ,vuve,vuve
vu,vuzeɪ,vuzeɪ,vuze,vuze
vu,vuʃeɪ,vuʃeɪ,vuʃe,vuʃe
vu,vuʒeɪ,vuʒeɪ,vuʒe,vuʒe
vu,vuθeɪ,vuθeɪ,vuθe,vuθe
vu,vuðeɪ,vuðeɪ,vuðe,vuðe
vu,vuheɪ,vuheɪ,vuhe,vuhe
zu,zumeɪ,zumeɪ,zume,zume
zu,zuneɪ,zuneɪ,zune,zune
zu,zupeɪ,zupeɪ,zupe,zupe
zu,zuteɪ,zuteɪ,zute,zute
zu,zukeɪ,zukeɪ,zuke,zuke
zu,zubeɪ,zubeɪ,zube,zube
zu,zudeɪ,zudeɪ,zude,zude
zu,zugeɪ,zugeɪ,zuge,zuge
zu,zufeɪ,zufeɪ,zufe,zufe
zu,zuseɪ,zuseɪ,zuse,zuse
zu,zuveɪ,zuveɪ,zuve,zuve
zu,zuzeɪ,zuzeɪ,zuze,zuze
zu,zuʃeɪ,zuʃeɪ,zuʃe,zuʃe
zu,zuʒeɪ,zuʒeɪ,zuʒe,zuʒe
zu,zuθeɪ,zuθeɪ,zuθe,zuθe
zu,zuðeɪ,zuðeɪ,zuðe,zuðe
zu,zuheɪ,zuheɪ,zuhe,zuhe
ʃu,ʃumeɪ,ʃumeɪ,ʃume,ʃume
ʃu,ʃuneɪ,ʃuneɪ,ʃune,ʃune
ʃu,ʃupeɪ,ʃupeɪ,ʃupe,ʃupe
ʃu,ʃuteɪ,ʃuteɪ,ʃute,ʃute
ʃu,ʃukeɪ,ʃukeɪ,ʃuke,ʃuke
ʃu,ʃubeɪ,ʃubeɪ,ʃube,ʃube
ʃu,ʃudeɪ,ʃudeɪ,ʃude,ʃude
ʃu,ʃugeɪ,ʃugeɪ,ʃuge,ʃuge
ʃu,ʃufeɪ,ʃufeɪ,ʃufe,ʃufe
ʃu,ʃuseɪ,ʃuseɪ,ʃuse,ʃuse
ʃu,ʃuveɪ,ʃuveɪ,ʃuve,ʃuve
ʃu,ʃuzeɪ,ʃuzeɪ,ʃuze,ʃuze
ʃu,ʃuʃeɪ,ʃuʃeɪ,ʃuʃe,ʃuʃe
ʃu,ʃuʒeɪ,ʃuʒeɪ,ʃuʒe,ʃuʒe
ʃu,ʃuθeɪ,ʃuθeɪ,ʃuθe,ʃuθe
ʃu,ʃuðeɪ,ʃuðeɪ,ʃuðe,ʃuðe
ʃu,ʃuheɪ,ʃuheɪ,ʃuhe,ʃuhe
ʒu,ʒumeɪ,ʒumeɪ,ʒume,ʒume
ʒu,ʒuneɪ,ʒuneɪ,ʒune,ʒune
ʒu,ʒupeɪ,ʒupeɪ,ʒupe,ʒupe
ʒu,ʒuteɪ,ʒuteɪ,ʒute,ʒute
ʒu,ʒukeɪ,ʒukeɪ,ʒuke,ʒuke
ʒu,ʒubeɪ,ʒubeɪ,ʒube,ʒube
ʒu,ʒudeɪ,ʒudeɪ,ʒude,ʒude
ʒu,ʒugeɪ,ʒugeɪ,ʒuge,ʒuge
ʒu,ʒufeɪ,ʒufeɪ,ʒufe,ʒufe
ʒu,ʒuseɪ,ʒuseɪ,ʒuse,ʒuse
ʒu,ʒuveɪ,ʒuveɪ,ʒuve,ʒuve
ʒu,ʒuzeɪ,ʒuzeɪ,ʒuze,ʒuze
ʒu,ʒuʃeɪ,ʒuʃeɪ,ʒuʃe,ʒuʃe
ʒu,ʒuʒeɪ,ʒuʒeɪ,ʒuʒe,ʒuʒe
ʒu,ʒuθeɪ,ʒuθeɪ,ʒuθe,ʒuθe
ʒu,ʒuðeɪ,ʒuðeɪ,ʒuðe,ʒuðe
ʒu,ʒuheɪ,ʒuheɪ,ʒuhe,ʒuhe
θu,θumeɪ,θumeɪ,θume,θume
θu,θuneɪ,θuneɪ,θune,θune
θu,θupeɪ,θupeɪ,θupe,θupe
θu,θuteɪ,θuteɪ,θute,θute
θu,θukeɪ,θukeɪ,θuke,θuke
θu,θubeɪ,θubeɪ,θube,θube
θu,θudeɪ,θudeɪ,θude,θude
θu,θugeɪ,θugeɪ,θuge,θuge
θu,θufeɪ,θufeɪ,θufe,θufe
θu,θuseɪ,θuseɪ,θuse,θuse
θu,θuveɪ,θuveɪ,θuve,θuve
θu,θuzeɪ,θuzeɪ,θuze,θuze
θu,θuʃeɪ,θuʃeɪ,θuʃe,θuʃe
θu,θuʒeɪ,θuʒeɪ,θuʒe,θuʒe
θu,θuθeɪ,θuθeɪ,θuθe,θuθe
θu,θuðeɪ,θuðeɪ,θuðe,θuðe
θu,θuheɪ,θuheɪ,θuhe,θuhe
ðu,ðumeɪ,ðumeɪ,ðume,ðume
ðu,ðuneɪ,ðuneɪ,ðune,ðune
ðu,ðupeɪ,ðupeɪ,ðupe,ðupe
ðu,ðuteɪ,ðuteɪ,ðute,ðute
ðu,ðukeɪ,ðukeɪ,ðuke,ðuke
ðu,ðubeɪ,ðubeɪ,ðube,ðube
ðu,ðudeɪ,ðudeɪ,ðude,ðude
ðu,ðugeɪ,ðugeɪ,ðuge,ðuge
ðu,ðufeɪ,ðufeɪ,ðufe,ðufe
ðu,ðuseɪ,ðuseɪ,ðuse,ðuse
ðu,ðuveɪ,ðuveɪ,ðuve,ðuve
ðu,ðuzeɪ,ðuzeɪ,ðuze,ðuze
ðu,ðuʃeɪ,ðuʃeɪ,ðuʃe,ðuʃe
ðu,ðuʒeɪ,ðuʒeɪ,ðuʒe,ðuʒe
ðu,ðuθeɪ,ðuθeɪ,ðuθe,ðuθe
ðu,ðuðeɪ,ðuðeɪ,ðuðe,ðuðe
ðu,ðuheɪ,ðuheɪ,ðuhe,ðuhe
hu,humeɪ,humeɪ,hume,hume
hu,huneɪ,huneɪ,hune,hune
hu,hupeɪ,hupeɪ,hupe,hupe
hu,huteɪ,huteɪ,hute,hute
hu,hukeɪ,hukeɪ,huke,huke
hu,hubeɪ,hubeɪ,hube,hube
hu,hudeɪ,hudeɪ,hude,hude
hu,hugeɪ,hugeɪ,huge,huge
hu,hufeɪ,hufeɪ,hufe,hufe
hu,huseɪ,huseɪ,huse,huse
hu,huveɪ,huveɪ,huve,huve
hu,huzeɪ,huzeɪ,huze,huze
hu,huʃeɪ,huʃeɪ,huʃe,huʃe
hu,huʒeɪ,huʒeɪ,huʒe,huʒe
hu,huθeɪ,huθeɪ,huθe,huθe
hu,huðeɪ,huðeɪ,huðe,huðe
hu,huheɪ,huheɪ,huhe,huhe
mu,mumu,mumi,mumu,mumi
mu,munu,muni,munu,muni
mu,mupu,mupi,mupu,mupi
mu,mutu,muti,mutu,muti
mu,muku,muki,muku,muki
mu,mubu,mubi,mubu,mubi
mu,mudu,mudi,mudu,mudi
mu,mugu,mugi,mugu,mugi
mu,mufu,mufi,mufu,mufi
mu,musu,musi,musu,musi
mu,muvu,muvi,muvu,muvi
mu,muzu,muzi,muzu,muzi
mu,muʃu,muʃi,muʃu,muʃi
mu,muʒu,muʒi,muʒu,muʒi
mu,muθu,muθi,muθu,muθi
mu,muðu,muði,muðu,muði
mu,muhu,muhi,muhu,muhi
nu,numu,numi,numu,numi
nu,nunu,nuni,nunu,nuni
nu,nupu,nupi,nupu,nupi
nu,nutu,nuti,nutu,nuti
nu,nuku,nuki,nuku,nuki
nu,nubu,nubi,nubu,nubi
nu,nudu,nudi,nudu,nudi
nu,nugu,nugi,nugu,nugi
nu,nufu,nufi,nufu,nufi
nu,nusu,nusi,nusu,nusi
nu,nuvu,nuvi,nuvu,nuvi
nu,nuzu,nuzi,nuzu,nuzi
nu,nuʃu,nuʃi,nuʃu,nuʃi
nu,nuʒu,nuʒi,nuʒu,nuʒi
nu,nuθu,nuθi,nuθu,nuθi
nu,nuðu,nuði,nuðu,nuði
nu,nuhu,nuhi,nuhu,nuhi
pu,pumu,pumi,pumu,pumi
pu,punu,puni,punu,puni
pu,pupu,pupi,pupu,pupi
pu,putu,puti,putu,puti
pu,puku,puki,puku,puki
pu,pubu,pubi,pubu,pubi
pu,pudu,pudi,pudu,pudi
pu,pugu,pugi,pugu,pugi
pu,pufu,pufi,pufu,pufi
pu,pusu,pusi,pusu,pusi
pu,puvu,puvi,puvu,puvi
pu,puzu,puzi,puzu,puzi
pu,puʃu,puʃi,puʃu,puʃi
pu,puʒu,puʒi,puʒu,puʒi
pu,puθu,puθi,puθu,puθi
pu,puðu,puði,puðu,puði
pu,puhu,puhi,puhu,puhi
tu,tumu,tumi,tumu,tumi
tu,tunu,tuni,tunu,tuni
tu,tupu,tupi,tupu,tupi
tu,tutu,tuti,tutu,tuti
tu,tuku,tuki,tuku,tuki
tu,tubu,tubi,tubu,tubi
tu,tudu,tudi,tudu,tudi
tu,tugu,tugi,tugu,tugi
tu,tufu,tufi,tufu,tufi
tu,tusu,tusi,tusu,tusi
tu,tuvu,tuvi,tuvu,tuvi
tu,tuzu,tuzi,tuzu,tuzi
tu,tuʃu,tuʃi,tuʃu,tuʃi
tu,tuʒu,tuʒi,tuʒu,tuʒi
tu,tuθu,tuθi,tuθu,tuθi
tu,tuðu,tuði,tuðu,tuði
tu,tuhu,tuhi,tuhu,tuhi
ku,kumu,kumi,kumu,kumi
ku,kunu,kuni,kunu,kuni
ku,kupu,kupi,kupu,kupi
ku,kutu,kuti,kutu,kuti
ku,kuku,kuki,kuku,kuki
ku,kubu,kubi,kubu,kubi
ku,kudu,kudi,kudu,kudi
ku,kugu,kugi,kugu,kugi
ku,kufu,kufi,kufu,kufi
ku,kusu,kusi,kusu,kusi
ku,kuvu,kuvi,kuvu,kuvi
ku,kuzu,kuzi,kuzu,kuzi
ku,kuʃu,kuʃi,kuʃu,kuʃi
ku,kuʒu,kuʒi,kuʒu,kuʒi
ku,kuθu,kuθi,kuθu,kuθi
ku,kuðu,kuði,kuðu,kuði
ku,kuhu,kuhi,kuhu,kuhi
bu,bumu,bumi,bumu,bumi
bu,bunu,buni,bunu,buni
bu,bupu,bupi,bupu,bupi
bu,butu,buti,butu,buti
bu,buku,buki,buku,buki
bu,bubu,bubi,bubu,bubi
bu,budu,budi,budu,budi
bu,bugu,bugi,bugu,bugi
bu,bufu,bufi,bufu,bufi
bu,busu,busi,busu,busi
bu,buvu,buvi,buvu,buvi
bu,buzu,buzi,buzu,buzi
bu,buʃu,buʃi,buʃu,buʃi
bu,buʒu,buʒi,buʒu,buʒi
bu,buθu,buθi,buθu,buθi
bu,buðu,buði,buðu,buði
bu,buhu,buhi,buhu,buhi
du,dumu,dumi,dumu,dumi
du,dunu,duni,dunu,duni
du,dupu,dupi,dupu,dupi
du,dutu,duti,dutu,duti
du,duku,duki,duku,duki
du,dubu,dubi,dubu,dubi
du,dudu,dudi,dudu,dudi
du,dugu,dugi,dugu,dugi
du,dufu,dufi,dufu,dufi
du,dusu,dusi,dusu,dusi
du,duvu,duvi,duvu,duvi
du,duzu,duzi,duzu,duzi
du,duʃu,duʃi,duʃu,duʃi
du,duʒu,duʒi,duʒu,duʒi
du,duθu,duθi,duθu,duθi
du,duðu,duði,duðu,duði
du,duhu,duhi,duhu,duhi
gu,gumu,gumi,gumu,gumi
gu,gunu,guni,gunu,guni
gu,gupu,gupi,gupu,gupi
gu,gutu,guti,gutu,guti
gu,guku,guki,guku,guki
gu,gubu,gubi,gubu,gubi
gu,gudu,gudi,gudu,gudi
gu,gugu,gugi,gugu,gugi
gu,gufu,gufi,gufu,gufi
gu,gusu,gusi,gusu,gusi
gu,guvu,guvi,guvu,guvi
gu,guzu,guzi,guzu,guzi
gu,guʃu,guʃi,guʃu,guʃi
gu,guʒu,guʒi,guʒu,guʒi
gu,guθu,guθi,guθu,guθi
gu,guðu,guði,guðu,guði
gu,guhu,guhi,guhu,guhi
fu,fumu,fumi,fumu,fumi
fu,funu,funi,funu,funi
fu,fupu,fupi,fupu,fupi
fu,futu,futi,futu,futi
fu,fuku,fuki,fuku,fuki
fu,fubu,fubi,fubu,fubi
fu,fudu,fudi,fudu,fudi
fu,fugu,fugi,fugu,fugi
fu,fufu,fufi,fufu,fufi
fu,fusu,fusi,fusu,fusi
fu,fuvu,fuvi,fuvu,fuvi
fu,fuzu,fuzi,fuzu,fuzi
fu,fuʃu,fuʃi,fuʃu,fuʃi
fu,fuʒu,fuʒi,fuʒu,fuʒi
fu,fuθu,fuθi,fuθu,fuθi
fu,fuðu,fuði,fuðu,fuði
fu,fuhu,fuhi,fuhu,fuhi
su,sumu,sumi,sumu,sumi
su,sunu,suni,sunu,suni
su,supu,supi,supu,supi
su,sutu,suti,sutu,suti
su,suku,suki,suku,suki
su,subu,subi,subu,subi
su,sudu,sudi,sudu,sudi
su,sugu,sugi,sugu,sugi
su,sufu,sufi,sufu,sufi
su,susu,susi,susu,susi
su,suvu,suvi,suvu,suvi
su,suzu,suzi,suzu,suzi
su,suʃu,suʃi,suʃu,suʃi
su,suʒu,suʒi,suʒu,suʒi
su,suθu,suθi,suθu,suθi
su,suðu,suði,suðu,suði
su,suhu,suhi,suhu,suhi
vu,vumu,vumi,vumu,vumi
vu,vunu,vuni,vunu,vuni
vu,vupu,vupi,vupu,vupi
vu,vutu,vuti,vutu,vuti
vu,vuku,vuki,vuku,vuki
vu,vubu,vubi,vubu,vubi
vu,vudu,vudi,vudu,vudi
vu,vugu,vugi,vugu,vugi
vu,vufu,vufi,vufu,vufi
vu,vusu,vusi,vusu,vusi
vu,vuvu,vuvi,vuvu,vuvi
vu,vuzu,vuzi,vuzu,vuzi
vu,vuʃu,vuʃi,vuʃu,vuʃi
vu,vuʒu,vuʒi,vuʒu,vuʒi
vu,vuθu,vuθi,vuθu,vuθi
vu,vuðu,vuði,vuðu,vuði
vu,vuhu,vuhi,vuhu,vuhi
zu,zumu,zumi,zumu,zumi
zu,zunu,zuni,zunu,zuni
zu,zupu,zupi,zupu,zupi
zu,zutu,zuti,zutu,zuti
zu,zuku,zuki,zuku,zuki
zu,zubu,zubi,zubu,zubi
zu,zudu,zudi,zudu,zudi
zu,zugu,zugi,zugu,zugi
zu,zufu,zufi,zufu,zufi
zu,zusu,zusi,zusu,zusi
zu,zuvu,zuvi,zuvu,zuvi
zu,zuzu,zuzi,zuzu,zuzi
zu,zuʃu,zuʃi,zuʃu,zuʃi
zu,zuʒu,zuʒi,zuʒu,zuʒi
zu,zuθu,zuθi,zuθu,zuθi
zu,zuðu,zuði,zuðu,zuði
zu,zuhu,zuhi,zuhu,zuhi
ʃu,ʃumu,ʃumi,ʃumu,ʃumi
ʃu,ʃunu,ʃuni,ʃunu,ʃuni
ʃu,ʃupu,ʃupi,ʃupu,ʃupi
ʃu,ʃutu,ʃuti,ʃutu,ʃuti
ʃu,ʃuku,ʃuki,ʃuku,ʃuki
ʃu,ʃubu,ʃubi,ʃubu,ʃubi
ʃu,ʃudu,ʃudi,ʃudu,ʃudi
ʃu,ʃugu,ʃugi,ʃugu,ʃugi
ʃu,ʃufu,ʃufi,ʃufu,ʃufi
ʃu,ʃusu,ʃusi,ʃusu,ʃusi
ʃu,ʃuvu,ʃuvi,ʃuvu,ʃuvi
ʃu,ʃuzu,ʃuzi,ʃuzu,ʃuzi
ʃu,ʃuʃu,ʃuʃi,ʃuʃu,ʃuʃi
ʃu,ʃuʒu,ʃuʒi,ʃuʒu,ʃuʒi
ʃu,ʃuθu,ʃuθi,ʃuθu,ʃuθi
ʃu,ʃuðu,ʃuði,ʃuðu,ʃuði
ʃu,ʃuhu,ʃuhi,ʃuhu,ʃuhi
ʒu,ʒumu,ʒumi,ʒumu,ʒumi
ʒu,ʒunu,ʒuni,ʒunu,ʒuni
ʒu,ʒupu,ʒupi,ʒupu,ʒupi
ʒu,ʒutu,ʒuti,ʒutu,ʒuti
ʒu,ʒuku,ʒuki,ʒuku,ʒuki
ʒu,ʒubu,ʒubi,ʒubu,ʒubi
ʒu,ʒudu,ʒudi,ʒudu,ʒudi
ʒu,ʒugu,ʒugi,ʒugu,ʒugi
ʒu,ʒufu,ʒufi,ʒufu,ʒufi
ʒu,ʒusu,ʒusi,ʒusu,ʒusi
ʒu,ʒuvu,ʒuvi,ʒuvu,ʒuvi
ʒu,ʒuzu,ʒuzi,ʒuzu,ʒuzi
ʒu,ʒuʃu,ʒuʃi,ʒuʃu,ʒuʃi
ʒu,ʒuʒu,ʒuʒi,ʒuʒu,ʒuʒi
ʒu,ʒuθu,ʒuθi,ʒuθu,ʒuθi
ʒu,ʒuðu,ʒuði,ʒuðu,ʒuði
ʒu,ʒuhu,ʒuhi,ʒuhu,ʒuhi
θu,θumu,θumi,θumu,θumi
θu,θunu,θuni,θunu,θuni
θu,θupu,θupi,θupu,θupi
θu,θutu,θuti,θutu,θuti
θu,θuku,θuki,θuku,θuki
θu,θubu,θubi,θubu,θubi
θu,θudu,θudi,θudu,θudi
θu,θugu,θugi,θugu,θugi
θu,θufu,θufi,θufu,θufi
θu,θusu,θusi,θusu,θusi
θu,θuvu,θuvi,θuvu,θuvi
θu,θuzu,θuzi,θuzu,θuzi
θu,θuʃu,θuʃi,θuʃu,θuʃi
θu,θuʒu,θuʒi,θuʒu,θuʒi
θu,θuθu,θuθi,θuθu,θuθi
θu,θuðu,θuði,θuðu,θuði
θu,θuhu,θuhi,θuhu,θuhi
ðu,ðumu,ðumi,ðumu,ðumi
ðu,ðunu,ðuni,ðunu,ðuni
ðu,ðupu,ðupi,ðupu,ðupi
ðu,ðutu,ðuti,ðutu,ðuti
ðu,ðuku,ðuki,ðuku,ðuki
ðu,ðubu,ðubi,ðubu,ðubi
ðu,ðudu,ðudi,ðudu,ðudi
ðu,ðugu,ðugi,ðugu,ðugi
ðu,ðufu,ðufi,ðufu,ðufi
ðu,ðusu,ðusi,ðusu,ðusi
ðu,ðuvu,ðuvi,ðuvu,ðuvi
ðu,ðuzu,ðuzi,ðuzu,ðuzi
ðu,ðuʃu,ðuʃi,ðuʃu,ðuʃi
ðu,ðuʒu,ðuʒi,ðuʒu,ðuʒi
ðu,ðuθu,ðuθi,ðuθu,ðuθi
ðu,ðuðu,ðuði,ðuðu,ðuði
ðu,ðuhu,ðuhi,ðuhu,ðuhi
hu,humu,humi,humu,humi
hu,hunu,huni,hunu,huni
hu,hupu,hupi,hupu,hupi
hu,hutu,huti,hutu,huti
hu,huku,huki,huku,huki
hu,hubu,hubi,hubu,hubi
hu,hudu,hudi,hudu,hudi
hu,hugu,hugi,hugu,hugi
hu,hufu,hufi,hufu,hufi
hu,husu,husi,husu,husi
hu,huvu,huvi,huvu,huvi
hu,huzu,huzi,huzu,huzi
hu,huʃu,huʃi,huʃu,huʃi
hu,huʒu,huʒi,huʒu,huʒi
hu,huθu,huθi,huθu,huθi
hu,huðu,huði,huðu,huði
hu,huhu,huhi,huhu,huhi
mu,mumoʊ,mumeɪ,mumo,mume
mu,munoʊ,muneɪ,muno,mune
mu,mupoʊ,mupeɪ,mupo,mupe
mu,mutoʊ,muteɪ,muto,mute
mu,mukoʊ,mukeɪ,muko,muke
mu,muboʊ,mubeɪ,mubo,mube
mu,mudoʊ,mudeɪ,mudo,mude
mu,mugoʊ,mugeɪ,mugo,muge
mu,mufoʊ,mufeɪ,mufo,mufe
mu,musoʊ,museɪ,muso,muse
mu,muvoʊ,muveɪ,muvo,muve
mu,muzoʊ,muzeɪ,muzo,muze
mu,muʃoʊ,muʃeɪ,muʃo,muʃe
mu,muʒoʊ,muʒeɪ,muʒo,muʒe
mu,muθoʊ,muθeɪ,muθo,muθe
mu,muðoʊ,muðeɪ,muðo,muðe
mu,muhoʊ,muheɪ,muho,muhe
nu,numoʊ,numeɪ,numo,nume
nu,nunoʊ,nuneɪ,nuno,nune
nu,nupoʊ,nupeɪ,nupo,nupe
nu,nutoʊ,nuteɪ,nuto,nute
nu,nukoʊ,nukeɪ,nuko,nuke
nu,nuboʊ,nubeɪ,nubo,nube
nu,nudoʊ,nudeɪ,nudo,nude
nu,nugoʊ,nugeɪ,nugo,nuge
nu,nufoʊ,nufeɪ,nufo,nufe
nu,nusoʊ,nuseɪ,nuso,nuse
nu,nuvoʊ,nuveɪ,nuvo,nuve
nu,nuzoʊ,nuzeɪ,nuzo,nuze
nu,nuʃoʊ,nuʃeɪ,nuʃo,nuʃe
nu,nuʒoʊ,nuʒeɪ,nuʒo,nuʒe
nu,nuθoʊ,nuθeɪ,nuθo,nuθe
nu,nuðoʊ,nuðeɪ,nuðo,nuðe
nu,nuhoʊ,nuheɪ,nuho,nuhe
pu,pumoʊ,pumeɪ,pumo,pume
pu,punoʊ,puneɪ,puno,pune
pu,pupoʊ,pupeɪ,pupo,pupe
pu,putoʊ,puteɪ,puto,pute
pu,pukoʊ,pukeɪ,puko,puke
pu,puboʊ,pubeɪ,pubo,pube
pu,pudoʊ,pudeɪ,pudo,pude
pu,pugoʊ,pugeɪ,pugo,puge
pu,pufoʊ,pufeɪ,pufo,pufe
pu,pusoʊ,puseɪ,puso,puse
pu,puvoʊ,puveɪ,puvo,puve
pu,puzoʊ,puzeɪ,puzo,puze
pu,puʃoʊ,puʃeɪ,puʃo,puʃe
pu,puʒoʊ,puʒeɪ,puʒo,puʒe
pu,puθoʊ,puθeɪ,puθo,puθe
pu,puðoʊ,puðeɪ,puðo,puðe
pu,puhoʊ,puheɪ,puho,puhe
tu,tumoʊ,tumeɪ,tumo,tume
tu,tunoʊ,tuneɪ,tuno,tune
tu,tupoʊ,tupeɪ,tupo,tupe
tu,tutoʊ,tuteɪ,tuto,tute
tu,tukoʊ,tukeɪ,tuko,tuke
tu,tuboʊ,tubeɪ,tubo,tube
tu,tudoʊ,tudeɪ,tudo,tude
tu,tugoʊ,tugeɪ,tugo,tuge
tu,tufoʊ,tufeɪ,tufo,tufe
tu,tusoʊ,tuseɪ,tuso,tuse
tu,tuvoʊ,tuveɪ,tuvo,tuve
tu,tuzoʊ,tuzeɪ,tuzo,tuze
tu,tuʃoʊ,tuʃeɪ,tuʃo,tuʃe
tu,tuʒoʊ,tuʒeɪ,tuʒo,tuʒe
tu,tuθoʊ,tuθeɪ,tuθo,tuθe
tu,tuðoʊ,tuðeɪ,tuðo,tuðe
tu,tuhoʊ,tuheɪ,tuho,tuhe
ku,kumoʊ,kumeɪ,kumo,kume
ku,kunoʊ,kuneɪ,kuno,kune
ku,kupoʊ,kupeɪ,kupo,kupe
ku,kutoʊ,kuteɪ,kuto,kute
ku,kukoʊ,kukeɪ,kuko,kuke
ku,kuboʊ,kubeɪ,kubo,kube
ku,kudoʊ,kudeɪ,kudo,kude
ku,kugoʊ,kugeɪ,kugo,kuge
ku,kufoʊ,kufeɪ,kufo,kufe
ku,kusoʊ,kuseɪ,kuso,kuse
ku,kuvoʊ,kuveɪ,kuvo,kuve
ku,kuzoʊ,kuzeɪ,kuzo,kuze
ku,kuʃoʊ,kuʃeɪ,kuʃo,kuʃe
ku,kuʒoʊ,kuʒeɪ,kuʒo,kuʒe
ku,kuθoʊ,kuθeɪ,kuθo,kuθe
ku,kuðoʊ,kuðeɪ,kuðo,kuðe
ku,kuhoʊ,kuheɪ,kuho,kuhe
bu,bumoʊ,bumeɪ,bumo,bume
bu,bunoʊ,buneɪ,buno,bune
bu,bupoʊ,bupeɪ,bupo,bupe
bu,butoʊ,buteɪ,buto,bute
bu,bukoʊ,bukeɪ,buko,buke
bu,buboʊ,bubeɪ,bubo,bube
bu,budoʊ,budeɪ,budo,bude
bu,bugoʊ,bugeɪ,bugo,buge
bu,bufoʊ,bufeɪ,bufo,bufe
bu,busoʊ,buseɪ,buso,buse
bu,buvoʊ,buveɪ,buvo,buve
bu,buzoʊ,buzeɪ,buzo,buze
bu,buʃoʊ,buʃeɪ,buʃo,buʃe
bu,buʒoʊ,buʒeɪ,buʒo,buʒe
bu,buθoʊ,buθeɪ,buθo,buθe
bu,buðoʊ,buðeɪ,buðo,buðe
bu,buhoʊ,buheɪ,buho,buhe
du,dumoʊ,dumeɪ,dumo,dume
du,dunoʊ,duneɪ,duno,dune
du,dupoʊ,dupeɪ,dupo,dupe
du,dutoʊ,duteɪ,duto,dute
du,dukoʊ,dukeɪ,duko,duke
du,duboʊ,dubeɪ,dubo,dube
du,dudoʊ,dudeɪ,dudo,dude
du,dugoʊ,dugeɪ,dugo,duge
du,dufoʊ,dufeɪ,dufo,dufe
du,dusoʊ,duseɪ,duso,duse
du,duvoʊ,duveɪ,duvo,duve
du,duzoʊ,duzeɪ,duzo,duze
du,duʃoʊ,duʃeɪ,duʃo,duʃe
du,duʒoʊ,duʒeɪ,duʒo,duʒe
du,duθoʊ,duθeɪ,duθo,duθe
du,duðoʊ,duðeɪ,duðo,duðe
du,duhoʊ,duheɪ,duho,duhe
gu,gumoʊ,gumeɪ,gumo,gume
gu,gunoʊ,guneɪ,guno,gune
gu,gupoʊ,gupeɪ,gupo,gupe
gu,gutoʊ,guteɪ,guto,gute
gu,gukoʊ,gukeɪ,guko,guke
gu,guboʊ,gubeɪ,gubo,gube
gu,gudoʊ,gudeɪ,gudo,gude
gu,gugoʊ,gugeɪ,gugo,guge
gu,gufoʊ,gufeɪ,gufo,gufe
gu,gusoʊ,guseɪ,guso,guse
gu,guvoʊ,guveɪ,guvo,guve
gu,guzoʊ,guzeɪ,guzo,guze
gu,guʃoʊ,guʃeɪ,guʃo,guʃe
gu,guʒoʊ,guʒeɪ,guʒo,guʒe
gu,guθoʊ,guθeɪ,guθo,guθe
gu,guðoʊ,guðeɪ,guðo,guðe
gu,guhoʊ,guheɪ,guho,guhe
fu,fumoʊ,fumeɪ,fumo,fume
fu,funoʊ,funeɪ,funo,fune
fu,fupoʊ,fupeɪ,fupo,fupe
fu,futoʊ,futeɪ,futo,fute
fu,fukoʊ,fukeɪ,fuko,fuke
fu,fuboʊ,fubeɪ,fubo,fube
fu,fudoʊ,fudeɪ,fudo,fude
fu,fugoʊ,fugeɪ,fugo,fuge
fu,fufoʊ,fufeɪ,fufo,fufe
fu,fusoʊ,fuseɪ,fuso,fuse
fu,fuvoʊ,fuveɪ,fuvo,fuve
fu,fuzoʊ,fuzeɪ,fuzo,fuze
fu,fuʃoʊ,fuʃeɪ,fuʃo,fuʃe
fu,fuʒoʊ,fuʒeɪ,fuʒo,fuʒe
fu,fuθoʊ,fuθeɪ,fuθo,fuθe
fu,fuðoʊ,fuðeɪ,fuðo,fuðe
fu,fuhoʊ,fuheɪ,fuho,fuhe
su,sumoʊ,sumeɪ,sumo,sume
su,sunoʊ,suneɪ,suno,sune
su,supoʊ,supeɪ,supo,supe
su,sutoʊ,suteɪ,suto,sute
su,sukoʊ,sukeɪ,suko,suke
su,suboʊ,subeɪ,subo,sube
su,sudoʊ,sudeɪ,sudo,sude
su,sugoʊ,sugeɪ,sugo,suge
su,sufoʊ,sufeɪ,sufo,sufe
su,susoʊ,suseɪ,suso,suse
su,suvoʊ,suveɪ,suvo,suve
su,suzoʊ,suzeɪ,suzo,suze
su,suʃoʊ,suʃeɪ,suʃo,suʃe
su,suʒoʊ,suʒeɪ,suʒo,suʒe
su,suθoʊ,suθeɪ,suθo,suθe
su,suðoʊ,suðeɪ,suðo,suðe
su,suhoʊ,suheɪ,suho,suhe
vu,vumoʊ,vumeɪ,vumo,vume
vu,vunoʊ,vuneɪ,vuno,vune
vu,vupoʊ,vupeɪ,vupo,vupe
vu,vutoʊ,vuteɪ,vuto,vute
vu,vukoʊ,vukeɪ,vuko,vuke
vu,vuboʊ,vubeɪ,vubo,vube
vu,vudoʊ,vudeɪ,vudo,vude
vu,vugoʊ,vugeɪ,vugo,vuge
vu,vufoʊ,vufeɪ,vufo,vufe
vu,vusoʊ,vuseɪ,vuso,vuse
vu,vuvoʊ,vuveɪ,vuvo,vuve
vu,vuzoʊ,vuzeɪ,vuzo,vuze
vu,vuʃoʊ,vuʃeɪ,vuʃo,vuʃe
vu,vuʒoʊ,vuʒeɪ,vuʒo,vuʒe
vu,vuθoʊ,vuθeɪ,vuθo,vuθe
vu,vuðoʊ,vuðeɪ,vuðo,vuðe
vu,vuhoʊ,vuheɪ,vuho,vuhe
zu,zumoʊ,zumeɪ,zumo,zume
zu,zunoʊ,zuneɪ,zuno,zune
zu,zupoʊ,zupeɪ,zupo,zupe
zu,zutoʊ,zuteɪ,zuto,zute
zu,zukoʊ,zukeɪ,zuko,zuke
zu,zuboʊ,zubeɪ,zubo,zube
zu,zudoʊ,zudeɪ,zudo,zude
zu,zugoʊ,zugeɪ,zugo,zuge
zu,zufoʊ,zufeɪ,zufo,zufe
zu,zusoʊ,zuseɪ,zuso,zuse
zu,zuvoʊ,zuveɪ,zuvo,zuve
zu,zuzoʊ,zuzeɪ,zuzo,zuze
zu,zuʃoʊ,zuʃeɪ,zuʃo,zuʃe
zu,zuʒoʊ,zuʒeɪ,zuʒo,zuʒe
zu,zuθoʊ,zuθeɪ,zuθo,zuθe
zu,zuðoʊ,zuðeɪ,zuðo,zuðe
zu,zuhoʊ,zuheɪ,zuho,zuhe
ʃu,ʃumoʊ,ʃumeɪ,ʃumo,ʃume
ʃu,ʃunoʊ,ʃuneɪ,ʃuno,ʃune
ʃu,ʃupoʊ,ʃupeɪ,ʃupo,ʃupe
ʃu,ʃutoʊ,ʃuteɪ,ʃuto,ʃute
ʃu,ʃukoʊ,ʃukeɪ,ʃuko,ʃuke
ʃu,ʃuboʊ,ʃubeɪ,ʃubo,ʃube
ʃu,ʃudoʊ,ʃudeɪ,ʃudo,ʃude
ʃu,ʃugoʊ,ʃugeɪ,ʃugo,ʃuge
ʃu,ʃufoʊ,ʃufeɪ,ʃufo,ʃufe
ʃu,ʃusoʊ,ʃuseɪ,ʃuso,ʃuse
ʃu,ʃuvoʊ,ʃuveɪ,ʃuvo,ʃuve
ʃu,ʃuzoʊ,ʃuzeɪ,ʃuzo,ʃuze
ʃu,ʃuʃoʊ,ʃuʃeɪ,ʃuʃo,ʃuʃe
ʃu,ʃuʒoʊ,ʃuʒeɪ,ʃuʒo,ʃuʒe
ʃu,ʃuθoʊ,ʃuθeɪ,ʃuθo,ʃuθe
ʃu,ʃuðoʊ,ʃuðeɪ,ʃuðo,ʃuðe
ʃu,ʃuhoʊ,ʃuheɪ,ʃuho,ʃuhe
ʒu,ʒumoʊ,ʒumeɪ,ʒumo,ʒume
ʒu,ʒunoʊ,ʒuneɪ,ʒuno,ʒune
ʒu,ʒupoʊ,ʒupeɪ,ʒupo,ʒupe
ʒu,ʒutoʊ,ʒuteɪ,ʒuto,ʒute
ʒu,ʒukoʊ,ʒukeɪ,ʒuko,ʒuke
ʒu,ʒuboʊ,ʒubeɪ,ʒubo,ʒube
ʒu,ʒudoʊ,ʒudeɪ,ʒudo,ʒude
ʒu,ʒugoʊ,ʒugeɪ,ʒugo,ʒuge
ʒu,ʒufoʊ,ʒufeɪ,ʒufo,ʒufe
ʒu,ʒusoʊ,ʒuseɪ,ʒuso,ʒuse
ʒu,ʒuvoʊ,ʒuveɪ,ʒuvo,ʒuve
ʒu,ʒuzoʊ,ʒuzeɪ,ʒuzo,ʒuze
ʒu,ʒuʃoʊ,ʒuʃeɪ,ʒuʃo,ʒuʃe
ʒu,ʒuʒoʊ,ʒuʒeɪ,ʒuʒo,ʒuʒe
ʒu,ʒuθoʊ,ʒuθeɪ,ʒuθo,ʒuθe
ʒu,ʒuðoʊ,ʒuðeɪ,ʒuðo,ʒuðe
ʒu,ʒuhoʊ,ʒuheɪ,ʒuho,ʒuhe
θu,θumoʊ,θumeɪ,θumo,θume
θu,θunoʊ,θuneɪ,θuno,θune
θu,θupoʊ,θupeɪ,θupo,θupe
θu,θutoʊ,θuteɪ,θuto,θute
θu,θukoʊ,θukeɪ,θuko,θuke
θu,θuboʊ,θubeɪ,θubo,θube
θu,θudoʊ,θudeɪ,θudo,θude
θu,θugoʊ,θugeɪ,θugo,θuge
θu,θufoʊ,θufeɪ,θufo,θufe
θu,θusoʊ,θuseɪ,θuso,θuse
θu,θuvoʊ,θuveɪ,θuvo,θuve
θu,θuzoʊ,θuzeɪ,θuzo,θuze
θu,θuʃoʊ,θuʃeɪ,θuʃo,θuʃe
θu,θuʒoʊ,θuʒeɪ,θuʒo,θuʒe
θu,θuθoʊ,θuθeɪ,θuθo,θuθe
θu,θuðoʊ,θuðeɪ,θuðo,θuðe
θu,θuhoʊ,θuheɪ,θuho,θuhe
ðu,ðumoʊ,ðumeɪ,ðumo,ðume
ðu,ðunoʊ,ðuneɪ,ðuno,ðune
ðu,ðupoʊ,ðupeɪ,ðupo,ðupe
ðu,ðutoʊ,ðuteɪ,ðuto,ðute
ðu,ðukoʊ,ðukeɪ,ðuko,ðuke
ðu,ðuboʊ,ðubeɪ,ðubo,ðube
ðu,ðudoʊ,ðudeɪ,ðudo,ðude
ðu,ðugoʊ,ðugeɪ,ðugo,ðuge
ðu,ðufoʊ,ðufeɪ,ðufo,ðufe
ðu,ðusoʊ,ðuseɪ,ðuso,ðuse
ðu,ðuvoʊ,ðuveɪ,ðuvo,ðuve
ðu,ðuzoʊ,ðuzeɪ,ðuzo,ðuze
ðu,ðuʃoʊ,ðuʃeɪ,ðuʃo,ðuʃe
ðu,ðuʒoʊ,ðuʒeɪ,ðuʒo,ðuʒe
ðu,ðuθoʊ,ðuθeɪ,ðuθo,ðuθe
ðu,ðuðoʊ,ðuðeɪ,ðuðo,ðuðe
ðu,ðuhoʊ,ðuheɪ,ðuho,ðuhe
hu,humoʊ,humeɪ,humo,hume
hu,hunoʊ,huneɪ,huno,hune
hu,hupoʊ,hupeɪ,hupo,hupe
hu,hutoʊ,huteɪ,huto,hute
hu,hukoʊ,hukeɪ,huko,huke
hu,huboʊ,hubeɪ,hubo,hube
hu,hudoʊ,hudeɪ,hudo,hude
hu,hugoʊ,hugeɪ,hugo,huge
hu,hufoʊ,hufeɪ,hufo,hufe
hu,husoʊ,huseɪ,huso,huse
hu,huvoʊ,huveɪ,huvo,huve
hu,huzoʊ,huzeɪ,huzo,huze
hu,huʃoʊ,huʃeɪ,huʃo,huʃe
hu,huʒoʊ,huʒeɪ,huʒo,huʒe
hu,huθoʊ,huθeɪ,huθo,huθe
hu,huðoʊ,huðeɪ,huðo,huðe
hu,huhoʊ,huheɪ,huho,huhe
moʊ,moʊmi,moʊmi,momi,momi
moʊ,moʊni,moʊni,moni,moni
moʊ,moʊpi,moʊpi,mopi,mopi
moʊ,moʊti,moʊti,moti,moti
moʊ,moʊki,moʊki,moki,moki
moʊ,moʊbi,moʊbi,mobi,mobi
moʊ,moʊdi,moʊdi,modi,modi
moʊ,moʊgi,moʊgi,mogi,mogi
moʊ,moʊfi,moʊfi,mofi,mofi
moʊ,moʊsi,moʊsi,mosi,mosi
moʊ,moʊvi,moʊvi,movi,movi
moʊ,moʊzi,moʊzi,mozi,mozi
moʊ,moʊʃi,moʊʃi,moʃi,moʃi
moʊ,moʊʒi,moʊʒi,moʒi,moʒi
moʊ,moʊθi,moʊθi,moθi,moθi
moʊ,moʊði,moʊði,moði,moði
moʊ,moʊhi,moʊhi,mohi,mohi
noʊ,noʊmi,noʊmi,nomi,nomi
noʊ,noʊni,noʊni,noni,noni
noʊ,noʊpi,noʊpi,nopi,nopi
noʊ,noʊti,noʊti,noti,noti
noʊ,noʊki,noʊki,noki,noki
noʊ,noʊbi,noʊbi,nobi,nobi
noʊ,noʊdi,noʊdi,nodi,nodi
noʊ,noʊgi,noʊgi,nogi,nogi
noʊ,noʊfi,noʊfi,nofi,nofi
noʊ,noʊsi,noʊsi,nosi,nosi
noʊ,noʊvi,noʊvi,novi,novi
noʊ,noʊzi,noʊzi,nozi,nozi
noʊ,noʊʃi,noʊʃi,noʃi,noʃi
noʊ,noʊʒi,noʊʒi,noʒi,noʒi
noʊ,noʊθi,noʊθi,noθi,noθi
noʊ,noʊði,noʊði,noði,noði
noʊ,noʊhi,noʊhi,nohi,nohi
poʊ,poʊmi,poʊmi,pomi,pomi
poʊ,poʊni,poʊni,poni,poni
poʊ,poʊpi,poʊpi,popi,popi
poʊ,poʊti,poʊti,poti,poti
poʊ,poʊki,poʊki,poki,poki
poʊ,poʊbi,poʊbi,pobi,pobi
poʊ,poʊdi,poʊdi,podi,podi
poʊ,poʊgi,poʊgi,pogi,pogi
poʊ,poʊfi,poʊfi,pofi,pofi
poʊ,poʊsi,poʊsi,posi,posi
poʊ,poʊvi,poʊvi,povi,povi
poʊ,poʊzi,poʊzi,pozi,pozi
poʊ,poʊʃi,poʊʃi,poʃi,poʃi
poʊ,poʊʒi,poʊʒi,poʒi,poʒi
poʊ,poʊθi,poʊθi,poθi,poθi
poʊ,poʊði,poʊði,poði,poði
poʊ,poʊhi,poʊhi,pohi,pohi
toʊ,toʊmi,toʊmi,tomi,tomi
toʊ,toʊni,toʊni,toni,toni
toʊ,toʊpi,toʊpi,topi,topi
toʊ,toʊti,toʊti,toti,toti
toʊ,toʊki,toʊki,toki,toki
toʊ,toʊbi,toʊbi,tobi,tobi
toʊ,toʊdi,toʊdi,todi,todi
toʊ,toʊgi,toʊgi,togi,togi
toʊ,toʊfi,toʊfi,tofi,tofi
toʊ,toʊsi,toʊsi,tosi,tosi
toʊ,toʊvi,toʊvi,tovi,tovi
toʊ,toʊzi,toʊzi,tozi,tozi
toʊ,toʊʃi,toʊʃi,toʃi,toʃi
toʊ,toʊʒi,toʊʒi,toʒi,toʒi
toʊ,toʊθi,toʊθi,toθi,toθi
toʊ,toʊði,toʊði,toði,toði
toʊ,toʊhi,toʊhi,tohi,tohi
koʊ,koʊmi,koʊmi,komi,komi
koʊ,koʊni,koʊni,koni,koni
koʊ,koʊpi,koʊpi,kopi,kopi
koʊ,koʊti,koʊti,koti,koti
koʊ,koʊki,koʊki,koki,koki
koʊ,koʊbi,koʊbi,kobi,kobi
koʊ,koʊdi,koʊdi,kodi,kodi
koʊ,koʊgi,koʊgi,kogi,kogi
koʊ,koʊfi,koʊfi,kofi,kofi
koʊ,koʊsi,koʊsi,kosi,kosi
koʊ,koʊvi,koʊvi,kovi,kovi
koʊ,koʊzi,koʊzi,kozi,kozi
koʊ,koʊʃi,koʊʃi,koʃi,koʃi
koʊ,koʊʒi,koʊʒi,koʒi,koʒi
koʊ,koʊθi,koʊθi,koθi,koθi
koʊ,koʊði,koʊði,koði,koði
koʊ,koʊhi,koʊhi,kohi,kohi
boʊ,boʊmi,boʊmi,bomi,bomi
boʊ,boʊni,boʊni,boni,boni
boʊ,boʊpi,boʊpi,bopi,bopi
boʊ,boʊti,boʊti,boti,boti
boʊ,boʊki,boʊki,boki,boki
boʊ,boʊbi,boʊbi,bobi,bobi
boʊ,boʊdi,boʊdi,bodi,bodi
boʊ,boʊgi,boʊgi,bogi,bogi
boʊ,boʊfi,boʊfi,bofi,bofi
boʊ,boʊsi,boʊsi,bosi,bosi
boʊ,boʊvi,boʊvi,bovi,bovi
boʊ,boʊzi,boʊzi,bozi,bozi
boʊ,boʊʃi,boʊʃi,boʃi,boʃi
boʊ,boʊʒi,boʊʒi,boʒi,boʒi
boʊ,boʊθi,boʊθi,boθi,boθi
boʊ,boʊði,boʊði,boði,boði
boʊ,boʊhi,boʊhi,bohi,bohi
doʊ,doʊmi,doʊmi,domi,domi
doʊ,doʊni,doʊni,doni,doni
doʊ,doʊpi,doʊpi,dopi,dopi
doʊ,doʊti,doʊti,doti,doti
doʊ,doʊki,doʊki,doki,doki
doʊ,doʊbi,doʊbi,dobi,dobi
doʊ,doʊdi,doʊdi,dodi,dodi
doʊ,doʊgi,doʊgi,dogi,dogi
doʊ,doʊfi,doʊfi,dofi,dofi
doʊ,doʊsi,doʊsi,dosi,dosi
doʊ,doʊvi,doʊvi,dovi,dovi
doʊ,doʊzi,doʊzi,dozi,dozi
doʊ,doʊʃi,doʊʃi,doʃi,doʃi
doʊ,doʊʒi,doʊʒi,doʒi,doʒi
doʊ,doʊθi,doʊθi,doθi,doθi
doʊ,doʊði,doʊði,doði,doði
doʊ,doʊhi,doʊhi,dohi,dohi
goʊ,goʊmi,goʊmi,gomi,gomi
goʊ,goʊni,goʊni,goni,goni
goʊ,goʊpi,goʊpi,gopi,gopi
goʊ,goʊti,goʊti,goti,goti
goʊ,goʊki,goʊki,goki,goki
goʊ,goʊbi,goʊbi,gobi,gobi
goʊ,goʊdi,goʊdi,godi,godi
goʊ,goʊgi,goʊgi,gogi,gogi
goʊ,goʊfi,goʊfi,gofi,gofi
goʊ,goʊsi,goʊsi,gosi,gosi
goʊ,goʊvi,goʊvi,govi,govi
goʊ,goʊzi,goʊzi,gozi,gozi
goʊ,goʊʃi,goʊʃi,goʃi,goʃi
goʊ,goʊʒi,goʊʒi,goʒi,goʒi
goʊ,goʊθi,goʊθi,goθi,goθi
goʊ,goʊði,goʊði,goði,goði
goʊ,goʊhi,goʊhi,gohi,gohi
foʊ,foʊmi,foʊmi,fomi,fomi
foʊ,foʊni,foʊni,foni,foni
foʊ,foʊpi,foʊpi,fopi,fopi
foʊ,foʊti,foʊti,foti,foti
foʊ,foʊki,foʊki,foki,foki
foʊ,foʊbi,foʊbi,fobi,fobi
foʊ,foʊdi,foʊdi,fodi,fodi
foʊ,foʊgi,foʊgi,fogi,fogi
foʊ,foʊfi,foʊfi,fofi,fofi
foʊ,foʊsi,foʊsi,fosi,fosi
foʊ,foʊvi,foʊvi,fovi,fovi
foʊ,foʊzi,foʊzi,fozi,fozi
foʊ,foʊʃi,foʊʃi,foʃi,foʃi
foʊ,foʊʒi,foʊʒi,foʒi,foʒi
foʊ,foʊθi,foʊθi,foθi,foθi
foʊ,foʊði,foʊði,foði,foði
foʊ,foʊhi,foʊhi,fohi,fohi
soʊ,soʊmi,soʊmi,somi,somi
soʊ,soʊni,soʊni,soni,soni
soʊ,soʊpi,soʊpi,sopi,sopi
soʊ,soʊti,soʊti,soti,soti
soʊ,soʊki,soʊki,soki,soki
soʊ,soʊbi,soʊbi,sobi,sobi
soʊ,soʊdi,soʊdi,sodi,sodi
soʊ,soʊgi,soʊgi,sogi,sogi
soʊ,soʊfi,soʊfi,sofi,sofi
soʊ,soʊsi,soʊsi,sosi,sosi
soʊ,soʊvi,soʊvi,sovi,sovi
soʊ,soʊzi,soʊzi,sozi,sozi
soʊ,soʊʃi,soʊʃi,soʃi,soʃi
soʊ,soʊʒi,soʊʒi,soʒi,soʒi
soʊ,soʊθi,soʊθi,soθi,soθi
soʊ,soʊði,soʊði,soði,soði
soʊ,soʊhi,soʊhi,sohi,sohi
voʊ,voʊmi,voʊmi,vomi,vomi
voʊ,voʊni,voʊni,voni,voni
voʊ,voʊpi,voʊpi,vopi,vopi
voʊ,voʊti,voʊti,voti,voti
voʊ,voʊki,voʊki,voki,voki
voʊ,voʊbi,voʊbi,vobi,vobi
voʊ,voʊdi,voʊdi,vodi,vodi
voʊ,voʊgi,voʊgi,vogi,vogi
voʊ,voʊfi,voʊfi,vofi,vofi
voʊ,voʊsi,voʊsi,vosi,vosi
voʊ,voʊvi,voʊvi,vovi,vovi
voʊ,voʊzi,voʊzi,vozi,vozi
voʊ,voʊʃi,voʊʃi,voʃi,voʃi
voʊ,voʊʒi,voʊʒi,voʒi,voʒi
voʊ,voʊθi,voʊθi,voθi,voθi
voʊ,voʊði,voʊði,voði,voði
voʊ,voʊhi,voʊhi,vohi,vohi
zoʊ,zoʊmi,zoʊmi,zomi,zomi
zoʊ,zoʊni,zoʊni,zoni,zoni
zoʊ,zoʊpi,zoʊpi,zopi,zopi
zoʊ,zoʊti,zoʊti,zoti,zoti
zoʊ,zoʊki,zoʊki,zoki,zoki
zoʊ,zoʊbi,zoʊbi,zobi,zobi
zoʊ,zoʊdi,zoʊdi,zodi,zodi
zoʊ,zoʊgi,zoʊgi,zogi,zogi
zoʊ,zoʊfi,zoʊfi,zofi,zofi
zoʊ,zoʊsi,zoʊsi,zosi,zosi
zoʊ,zoʊvi,zoʊvi,zovi,zovi
zoʊ,zoʊzi,zoʊzi,zozi,zozi
zoʊ,zoʊʃi,zoʊʃi,zoʃi,zoʃi
zoʊ,zoʊʒi,zoʊʒi,zoʒi,zoʒi
zoʊ,zoʊθi,zoʊθi,zoθi,zoθi
zoʊ,zoʊði,zoʊði,zoði,zoði
zoʊ,zoʊhi,zoʊhi,zohi,zohi
ʃoʊ,ʃoʊmi,ʃoʊmi,ʃomi,ʃomi
ʃoʊ,ʃoʊni,ʃoʊni,ʃoni,ʃoni
ʃoʊ,ʃoʊpi,ʃoʊpi,ʃopi,ʃopi
ʃoʊ,ʃoʊti,ʃoʊti,ʃoti,ʃoti
ʃoʊ,ʃoʊki,ʃoʊki,ʃoki,ʃoki
ʃoʊ,ʃoʊbi,ʃoʊbi,ʃobi,ʃobi
ʃoʊ,ʃoʊdi,ʃoʊdi,ʃodi,ʃodi
ʃoʊ,ʃoʊgi,ʃoʊgi,ʃogi,ʃogi
ʃoʊ,ʃoʊfi,ʃoʊfi,ʃofi,ʃofi
ʃoʊ,ʃoʊsi,ʃoʊsi,ʃosi,ʃosi
ʃoʊ,ʃoʊvi,ʃoʊvi,ʃovi,ʃovi
ʃoʊ,ʃoʊzi,ʃoʊzi,ʃozi,ʃozi
ʃoʊ,ʃoʊʃi,ʃoʊʃi,ʃoʃi,ʃoʃi
ʃoʊ,ʃoʊʒi,ʃoʊʒi,ʃoʒi,ʃoʒi
ʃoʊ,ʃoʊθi,ʃoʊθi,ʃoθi,ʃoθi
ʃoʊ,ʃoʊði,ʃoʊði,ʃoði,ʃoði
ʃoʊ,ʃoʊhi,ʃoʊhi,ʃohi,ʃohi
ʒoʊ,ʒoʊmi,ʒoʊmi,ʒomi,ʒomi
ʒoʊ,ʒoʊni,ʒoʊni,ʒoni,ʒoni
ʒoʊ,ʒoʊpi,ʒoʊpi,ʒopi,ʒopi
ʒoʊ,ʒoʊti,ʒoʊti,ʒoti,ʒoti
ʒoʊ,ʒoʊki,ʒoʊki,ʒoki,ʒoki
ʒoʊ,ʒoʊbi,ʒoʊbi,ʒobi,ʒobi
ʒoʊ,ʒoʊdi,ʒoʊdi,ʒodi,ʒodi
ʒoʊ,ʒoʊgi,ʒoʊgi,ʒogi,ʒogi
ʒoʊ,ʒoʊfi,ʒoʊfi,ʒofi,ʒofi
ʒoʊ,ʒoʊsi,ʒoʊsi,ʒosi,ʒosi
ʒoʊ,ʒoʊvi,ʒoʊvi,ʒovi,ʒovi
ʒoʊ,ʒoʊzi,ʒoʊzi,ʒozi,ʒozi
ʒoʊ,ʒoʊʃi,ʒoʊʃi,ʒoʃi,ʒoʃi
ʒoʊ,ʒoʊʒi,ʒoʊʒi,ʒoʒi,ʒoʒi
ʒoʊ,ʒoʊθi,ʒoʊθi,ʒoθi,ʒoθi
ʒoʊ,ʒoʊði,ʒoʊði,ʒoði,ʒoði
ʒoʊ,ʒoʊhi,ʒoʊhi,ʒohi,ʒohi
θoʊ,θoʊmi,θoʊmi,θomi,θomi
θoʊ,θoʊni,θoʊni,θoni,θoni
θoʊ,θoʊpi,θoʊpi,θopi,θopi
θoʊ,θoʊti,θoʊti,θoti,θoti
θoʊ,θoʊki,θoʊki,θoki,θoki
θoʊ,θoʊbi,θoʊbi,θobi,θobi
θoʊ,θoʊdi,θoʊdi,θodi,θodi
θoʊ,θoʊgi,θoʊgi,θogi,θogi
θoʊ,θoʊfi,θoʊfi,θofi,θofi
θoʊ,θoʊsi,θoʊsi,θosi,θosi
θoʊ,θoʊvi,θoʊvi,θovi,θovi
θoʊ,θoʊzi,θoʊzi,θozi,θozi
θoʊ,θoʊʃi,θoʊʃi,θoʃi,θoʃi
θoʊ,θoʊʒi,θoʊʒi,θoʒi,θoʒi
θoʊ,θoʊθi,θoʊθi,θoθi,θoθi
θoʊ,θoʊði,θoʊði,θoði,θoði
θoʊ,θoʊhi,θoʊhi,θohi,θohi
ðoʊ,ðoʊmi,ðoʊmi,ðomi,ðomi
ðoʊ,ðoʊni,ðoʊni,ðoni,ðoni
ðoʊ,ðoʊpi,ðoʊpi,ðopi,ðopi
ðoʊ,ðoʊti,ðoʊti,ðoti,ðoti
ðoʊ,ðoʊki,ðoʊki,ðoki,ðoki
ðoʊ,ðoʊbi,ðoʊbi,ðobi,ðobi
ðoʊ,ðoʊdi,ðoʊdi,ðodi,ðodi
ðoʊ,ðoʊgi,ðoʊgi,ðogi,ðogi
ðoʊ,ðoʊfi,ðoʊfi,ðofi,ðofi
ðoʊ,ðoʊsi,ðoʊsi,ðosi,ðosi
ðoʊ,ðoʊvi,ðoʊvi,ðovi,ðovi
ðoʊ,ðoʊzi,ðoʊzi,ðozi,ðozi
ðoʊ,ðoʊʃi,ðoʊʃi,ðoʃi,ðoʃi
ðoʊ,ðoʊʒi,ðoʊʒi,ðoʒi,ðoʒi
ðoʊ,ðoʊθi,ðoʊθi,ðoθi,ðoθi
ðoʊ,ðoʊði,ðoʊði,ðoði,ðoði
ðoʊ,ðoʊhi,ðoʊhi,ðohi,ðohi
hoʊ,hoʊmi,hoʊmi,homi,homi
hoʊ,hoʊni,hoʊni,honi,honi
hoʊ,hoʊpi,hoʊpi,hopi,hopi
hoʊ,hoʊti,hoʊti,hoti,hoti
hoʊ,hoʊki,hoʊki,hoki,hoki
hoʊ,hoʊbi,hoʊbi,hobi,hobi
hoʊ,hoʊdi,hoʊdi,hodi,hodi
hoʊ,hoʊgi,hoʊgi,hogi,hogi
hoʊ,hoʊfi,hoʊfi,hofi,hofi
hoʊ,hoʊsi,hoʊsi,hosi,hosi
hoʊ,hoʊvi,hoʊvi,hovi,hovi
hoʊ,hoʊzi,hoʊzi,hozi,hozi
hoʊ,hoʊʃi,hoʊʃi,hoʃi,hoʃi
hoʊ,hoʊʒi,hoʊʒi,hoʒi,hoʒi
hoʊ,hoʊθi,hoʊθi,hoθi,hoθi
hoʊ,hoʊði,hoʊði,hoði,hoði
hoʊ,hoʊhi,hoʊhi,hohi,hohi
moʊ,moʊmeɪ,moʊmeɪ,mome,mome
moʊ,moʊneɪ,moʊneɪ,mone,mone
moʊ,moʊpeɪ,moʊpeɪ,mope,mope
moʊ,moʊteɪ,moʊteɪ,mote,mote
moʊ,moʊkeɪ,moʊkeɪ,moke,moke
moʊ,moʊbeɪ,moʊbeɪ,mobe,mobe
moʊ,moʊdeɪ,moʊdeɪ,mode,mode
moʊ,moʊgeɪ,moʊgeɪ,moge,moge
moʊ,moʊfeɪ,moʊfeɪ,mofe,mofe
moʊ,moʊseɪ,moʊseɪ,mose,mose
moʊ,moʊveɪ,moʊveɪ,move,move
moʊ,moʊzeɪ,moʊzeɪ,moze,moze
moʊ,moʊʃeɪ,moʊʃeɪ,moʃe,moʃe
moʊ,moʊʒeɪ,moʊʒeɪ,moʒe,moʒe
moʊ,moʊθeɪ,moʊθeɪ,moθe,moθe
moʊ,moʊðeɪ,moʊðeɪ,moðe,moðe
moʊ,moʊheɪ,moʊheɪ,mohe,mohe
noʊ,noʊmeɪ,noʊmeɪ,nome,nome
noʊ,noʊneɪ,noʊneɪ,none,none
noʊ,noʊpeɪ,noʊpeɪ,nope,nope
noʊ,noʊteɪ,noʊteɪ,note,note
noʊ,noʊkeɪ,noʊkeɪ,noke,noke
noʊ,noʊbeɪ,noʊbeɪ,nobe,nobe
noʊ,noʊdeɪ,noʊdeɪ,node,node
noʊ,noʊgeɪ,noʊgeɪ,noge,noge
noʊ,noʊfeɪ,noʊfeɪ,nofe,nofe
noʊ,noʊseɪ,noʊseɪ,nose,nose
noʊ,noʊveɪ,noʊveɪ,nove,nove
noʊ,noʊzeɪ,noʊzeɪ,noze,noze
noʊ,noʊʃeɪ,noʊʃeɪ,noʃe,noʃe
noʊ,noʊʒeɪ,noʊʒeɪ,noʒe,noʒe
noʊ,noʊθeɪ,noʊθeɪ,noθe,noθe
noʊ,noʊðeɪ,noʊðeɪ,noðe,noðe
noʊ,noʊheɪ,noʊheɪ,nohe,nohe
poʊ,poʊmeɪ,poʊmeɪ,pome,pome
poʊ,poʊneɪ,poʊneɪ,pone,pone
poʊ,poʊpeɪ,poʊpeɪ,pope,pope
poʊ,poʊteɪ,poʊteɪ,pote,pote
poʊ,poʊkeɪ,poʊkeɪ,poke,poke
poʊ,poʊbeɪ,poʊbeɪ,pobe,pobe
poʊ,poʊdeɪ,poʊdeɪ,pode,pode
poʊ,poʊgeɪ,poʊgeɪ,poge,poge
poʊ,poʊfeɪ,poʊfeɪ,pofe,pofe
poʊ,poʊseɪ,poʊseɪ,pose,pose
poʊ,poʊveɪ,poʊveɪ,pove,pove
poʊ,poʊzeɪ,poʊzeɪ,poze,poze
poʊ,poʊʃeɪ,poʊʃeɪ,poʃe,poʃe
poʊ,poʊʒeɪ,poʊʒeɪ,poʒe,poʒe
poʊ,poʊθeɪ,poʊθeɪ,poθe,poθe
poʊ,poʊðeɪ,poʊðeɪ,poðe,poðe
poʊ,poʊheɪ,poʊheɪ,pohe,pohe
toʊ,toʊmeɪ,toʊmeɪ,tome,tome
toʊ,toʊneɪ,toʊneɪ,tone,tone
toʊ,toʊpeɪ,toʊpeɪ,tope,tope
toʊ,toʊteɪ,toʊteɪ,tote,tote
toʊ,toʊkeɪ,toʊkeɪ,toke,toke
toʊ,toʊbeɪ,toʊbeɪ,tobe,tobe
toʊ,toʊdeɪ,toʊdeɪ,tode,tode
toʊ,toʊgeɪ,toʊgeɪ,toge,toge
toʊ,toʊfeɪ,toʊfeɪ,tofe,tofe
toʊ,toʊseɪ,toʊseɪ,tose,tose
toʊ,toʊveɪ,toʊveɪ,tove,tove
toʊ,toʊzeɪ,toʊzeɪ,toze,toze
toʊ,toʊʃeɪ,toʊʃeɪ,toʃe,toʃe
toʊ,toʊʒeɪ,toʊʒeɪ,toʒe,toʒe
toʊ,toʊθeɪ,toʊθeɪ,toθe,toθe
toʊ,toʊðeɪ,toʊðeɪ,toðe,toðe
toʊ,toʊheɪ,toʊheɪ,tohe,tohe
koʊ,koʊmeɪ,koʊmeɪ,kome,kome
koʊ,koʊneɪ,koʊneɪ,kone,kone
koʊ,koʊpeɪ,koʊpeɪ,kope,kope
koʊ,koʊteɪ,koʊteɪ,kote,kote
koʊ,koʊkeɪ,koʊkeɪ,koke,koke
koʊ,koʊbeɪ,koʊbeɪ,kobe,kobe
koʊ,koʊdeɪ,koʊdeɪ,kode,kode
koʊ,koʊgeɪ,koʊgeɪ,koge,koge
koʊ,koʊfeɪ,koʊfeɪ,kofe,kofe
koʊ,koʊseɪ,koʊseɪ,kose,kose
koʊ,koʊveɪ,koʊveɪ,kove,kove
koʊ,koʊzeɪ,koʊzeɪ,koze,koze
koʊ,koʊʃeɪ,koʊʃeɪ,koʃe,koʃe
koʊ,koʊʒeɪ,koʊʒeɪ,koʒe,koʒe
koʊ,koʊθeɪ,koʊθeɪ,koθe,koθe
koʊ,koʊðeɪ,koʊðeɪ,koðe,koðe
koʊ,koʊheɪ,koʊheɪ,kohe,kohe
boʊ,boʊmeɪ,boʊmeɪ,bome,bome
boʊ,boʊneɪ,boʊneɪ,bone,bone
boʊ,boʊpeɪ,boʊpeɪ,bope,bope
boʊ,boʊteɪ,boʊteɪ,bote,bote
boʊ,boʊkeɪ,boʊkeɪ,boke,boke
boʊ,boʊbeɪ,boʊbeɪ,bobe,bobe
boʊ,boʊdeɪ,boʊdeɪ,bode,bode
boʊ,boʊgeɪ,boʊgeɪ,boge,boge
boʊ,boʊfeɪ,boʊfeɪ,bofe,bofe
boʊ,boʊseɪ,boʊseɪ,bose,bose
boʊ,boʊveɪ,boʊveɪ,bove,bove
boʊ,boʊzeɪ,boʊzeɪ,boze,boze
boʊ,boʊʃeɪ,boʊʃeɪ,boʃe,boʃe
boʊ,boʊʒeɪ,boʊʒeɪ,boʒe,boʒe
boʊ,boʊθeɪ,boʊθeɪ,boθe,boθe
boʊ,boʊðeɪ,boʊðeɪ,boðe,boðe
boʊ,boʊheɪ,boʊheɪ,bohe,bohe
doʊ,doʊmeɪ,doʊmeɪ,dome,dome
doʊ,doʊneɪ,doʊneɪ,done,done
doʊ,doʊpeɪ,doʊpeɪ,dope,dope
doʊ,doʊteɪ,doʊteɪ,dote,dote
doʊ,doʊkeɪ,doʊkeɪ,doke,doke
doʊ,doʊbeɪ,doʊbeɪ,dobe,dobe
doʊ,doʊdeɪ,doʊdeɪ,dode,dode
doʊ,doʊgeɪ,doʊgeɪ,doge,doge
doʊ,doʊfeɪ,doʊfeɪ,dofe,dofe
doʊ,doʊseɪ,doʊseɪ,dose,dose
doʊ,doʊveɪ,doʊveɪ,dove,dove
doʊ,doʊzeɪ,doʊzeɪ,doze,doze
doʊ,doʊʃeɪ,doʊʃeɪ,doʃe,doʃe
doʊ,doʊʒeɪ,doʊʒeɪ,doʒe,doʒe
doʊ,doʊθeɪ,doʊθeɪ,doθe,doθe
doʊ,doʊðeɪ,doʊðeɪ,doðe,doðe
doʊ,doʊheɪ,doʊheɪ,dohe,dohe
goʊ,goʊmeɪ,goʊmeɪ,gome,gome
goʊ,goʊneɪ,goʊneɪ,gone,gone
goʊ,goʊpeɪ,goʊpeɪ,gope,gope
goʊ,goʊteɪ,goʊteɪ,gote,gote
goʊ,goʊkeɪ,goʊkeɪ,goke,goke
goʊ,goʊbeɪ,goʊbeɪ,gobe,gobe
goʊ,goʊdeɪ,goʊdeɪ,gode,gode
goʊ,goʊgeɪ,goʊgeɪ,goge,goge
goʊ,goʊfeɪ,goʊfeɪ,gofe,gofe
goʊ,goʊseɪ,goʊseɪ,gose,gose
goʊ,goʊveɪ,goʊveɪ,gove,gove
goʊ,goʊzeɪ,goʊzeɪ,goze,goze
goʊ,goʊʃeɪ,goʊʃeɪ,goʃe,goʃe
goʊ,goʊʒeɪ,goʊʒeɪ,goʒe,goʒe
goʊ,goʊθeɪ,goʊθeɪ,goθe,goθe
goʊ,goʊðeɪ,goʊðeɪ,goðe,goðe
goʊ,goʊheɪ,goʊheɪ,gohe,gohe
foʊ,foʊmeɪ,foʊmeɪ,fome,fome
foʊ,foʊneɪ,foʊneɪ,fone,fone
foʊ,foʊpeɪ,foʊpeɪ,fope,fope
foʊ,foʊteɪ,foʊteɪ,fote,fote
foʊ,foʊkeɪ,foʊkeɪ,foke,foke
foʊ,foʊbeɪ,foʊbeɪ,fobe,fobe
foʊ,foʊdeɪ,foʊdeɪ,fode,fode
foʊ,foʊgeɪ,foʊgeɪ,foge,foge
foʊ,foʊfeɪ,foʊfeɪ,fofe,fofe
foʊ,foʊseɪ,foʊseɪ,fose,fose
foʊ,foʊveɪ,foʊveɪ,fove,fove
foʊ,foʊzeɪ,foʊzeɪ,foze,foze
foʊ,foʊʃeɪ,foʊʃeɪ,foʃe,foʃe
foʊ,foʊʒeɪ,foʊʒeɪ,foʒe,foʒe
foʊ,foʊθeɪ,foʊθeɪ,foθe,foθe
foʊ,foʊðeɪ,foʊðeɪ,foðe,foðe
foʊ,foʊheɪ,foʊheɪ,fohe,fohe
soʊ,soʊmeɪ,soʊmeɪ,some,some
soʊ,soʊneɪ,soʊneɪ,sone,sone
soʊ,soʊpeɪ,soʊpeɪ,sope,sope
soʊ,soʊteɪ,soʊteɪ,sote,sote
soʊ,soʊkeɪ,soʊkeɪ,soke,soke
soʊ,soʊbeɪ,soʊbeɪ,sobe,sobe
soʊ,soʊdeɪ,soʊdeɪ,sode,sode
soʊ,soʊgeɪ,soʊgeɪ,soge,soge
soʊ,soʊfeɪ,soʊfeɪ,sofe,sofe
soʊ,soʊseɪ,soʊseɪ,sose,sose
soʊ,soʊveɪ,soʊveɪ,sove,sove
soʊ,soʊzeɪ,soʊzeɪ,soze,soze
soʊ,soʊʃeɪ,soʊʃeɪ,soʃe,soʃe
soʊ,soʊʒeɪ,soʊʒeɪ,soʒe,soʒe
soʊ,soʊθeɪ,soʊθeɪ,soθe,soθe
soʊ,soʊðeɪ,soʊðeɪ,soðe,soðe
soʊ,soʊheɪ,soʊheɪ,sohe,sohe
voʊ,voʊmeɪ,voʊmeɪ,vome,vome
voʊ,voʊneɪ,voʊneɪ,vone,vone
voʊ,voʊpeɪ,voʊpeɪ,vope,vope
voʊ,voʊteɪ,voʊteɪ,vote,vote
voʊ,voʊkeɪ,voʊkeɪ,voke,voke
voʊ,voʊbeɪ,voʊbeɪ,vobe,vobe
voʊ,voʊdeɪ,voʊdeɪ,vode,vode
voʊ,voʊgeɪ,voʊgeɪ,voge,voge
voʊ,voʊfeɪ,voʊfeɪ,vofe,vofe
voʊ,voʊseɪ,voʊseɪ,vose,vose
voʊ,voʊveɪ,voʊveɪ,vove,vove
voʊ,voʊzeɪ,voʊzeɪ,voze,voze
voʊ,voʊʃeɪ,voʊʃeɪ,voʃe,voʃe
voʊ,voʊʒeɪ,voʊʒeɪ,voʒe,voʒe
voʊ,voʊθeɪ,voʊθeɪ,voθe,voθe
voʊ,voʊðeɪ,voʊðeɪ,voðe,voðe
voʊ,voʊheɪ,voʊheɪ,vohe,vohe
zoʊ,zoʊmeɪ,zoʊmeɪ,zome,zome
zoʊ,zoʊneɪ,zoʊneɪ,zone,zone
zoʊ,zoʊpeɪ,zoʊpeɪ,zope,zope
zoʊ,zoʊteɪ,zoʊteɪ,zote,zote
zoʊ,zoʊkeɪ,zoʊkeɪ,zoke,zoke
zoʊ,zoʊbeɪ,zoʊbeɪ,zobe,zobe
zoʊ,zoʊdeɪ,zoʊdeɪ,zode,zode
zoʊ,zoʊgeɪ,zoʊgeɪ,zoge,zoge
zoʊ,zoʊfeɪ,zoʊfeɪ,zofe,zofe
zoʊ,zoʊseɪ,zoʊseɪ,zose,zose
zoʊ,zoʊveɪ,zoʊveɪ,zove,zove
zoʊ,zoʊzeɪ,zoʊzeɪ,zoze,zoze
zoʊ,zoʊʃeɪ,zoʊʃeɪ,zoʃe,zoʃe
zoʊ,zoʊʒeɪ,zoʊʒeɪ,zoʒe,zoʒe
zoʊ,zoʊθeɪ,zoʊθeɪ,zoθe,zoθe
zoʊ,zoʊðeɪ,zoʊðeɪ,zoðe,zoðe
zoʊ,zoʊheɪ,zoʊheɪ,zohe,zohe
ʃoʊ,ʃoʊmeɪ,ʃoʊmeɪ,ʃome,ʃome
ʃoʊ,ʃoʊneɪ,ʃoʊneɪ,ʃone,ʃone
ʃoʊ,ʃoʊpeɪ,ʃoʊpeɪ,ʃope,ʃope
ʃoʊ,ʃoʊteɪ,ʃoʊteɪ,ʃote,ʃote
ʃoʊ,ʃoʊkeɪ,ʃoʊkeɪ,ʃoke,ʃoke
ʃoʊ,ʃoʊbeɪ,ʃoʊbeɪ,ʃobe,ʃobe
ʃoʊ,ʃoʊdeɪ,ʃoʊdeɪ,ʃode,ʃode
ʃoʊ,ʃoʊgeɪ,ʃoʊgeɪ,ʃoge,ʃoge
ʃoʊ,ʃoʊfeɪ,ʃoʊfeɪ,ʃofe,ʃofe
ʃoʊ,ʃoʊseɪ,ʃoʊseɪ,ʃose,ʃose
ʃoʊ,ʃoʊveɪ,ʃoʊveɪ,ʃove,ʃove
ʃoʊ,ʃoʊzeɪ,ʃoʊzeɪ,ʃoze,ʃoze
ʃoʊ,ʃoʊʃeɪ,ʃoʊʃeɪ,ʃoʃe,ʃoʃe
ʃoʊ,ʃoʊʒeɪ,ʃoʊʒeɪ,ʃoʒe,ʃoʒe
ʃoʊ,ʃoʊθeɪ,ʃoʊθeɪ,ʃoθe,ʃoθe
ʃoʊ,ʃoʊðeɪ,ʃoʊðeɪ,ʃoðe,ʃoðe
ʃoʊ,ʃoʊheɪ,ʃoʊheɪ,ʃohe,ʃohe
ʒoʊ,ʒoʊmeɪ,ʒoʊmeɪ,ʒome,ʒome
ʒoʊ,ʒoʊneɪ,ʒoʊneɪ,ʒone,ʒone
ʒoʊ,ʒoʊpeɪ,ʒoʊpeɪ,ʒope,ʒope
ʒoʊ,ʒoʊteɪ,ʒoʊteɪ,ʒote,ʒote
ʒoʊ,ʒoʊkeɪ,ʒoʊkeɪ,ʒoke,ʒoke
ʒoʊ,ʒoʊbeɪ,ʒoʊbeɪ,ʒobe,ʒobe
ʒoʊ,ʒoʊdeɪ,ʒoʊdeɪ,ʒode,ʒode
ʒoʊ,ʒoʊgeɪ,ʒoʊgeɪ,ʒoge,ʒoge
ʒoʊ,ʒoʊfeɪ,ʒoʊfeɪ,ʒofe,ʒofe
ʒoʊ,ʒoʊseɪ,ʒoʊseɪ,ʒose,ʒose
ʒoʊ,ʒoʊveɪ,ʒoʊveɪ,ʒove,ʒove
ʒoʊ,ʒoʊzeɪ,ʒoʊzeɪ,ʒoze,ʒoze
ʒoʊ,ʒoʊʃeɪ,ʒoʊʃeɪ,ʒoʃe,ʒoʃe
ʒoʊ,ʒoʊʒeɪ,ʒoʊʒeɪ,ʒoʒe,ʒoʒe
ʒoʊ,ʒoʊθeɪ,ʒoʊθeɪ,ʒoθe,ʒoθe
ʒoʊ,ʒoʊðeɪ,ʒoʊðeɪ,ʒoðe,ʒoðe
ʒoʊ,ʒoʊheɪ,ʒoʊheɪ,ʒohe,ʒohe
θoʊ,θoʊmeɪ,θoʊmeɪ,θome,θome
θoʊ,θoʊneɪ,θoʊneɪ,θone,θone
θoʊ,θoʊpeɪ,θoʊpeɪ,θope,θope
θoʊ,θoʊteɪ,θoʊteɪ,θote,θote
θoʊ,θoʊkeɪ,θoʊkeɪ,θoke,θoke
θoʊ,θoʊbeɪ,θoʊbeɪ,θobe,θobe
θoʊ,θoʊdeɪ,θoʊdeɪ,θode,θode
θoʊ,θoʊgeɪ,θoʊgeɪ,θoge,θoge
θoʊ,θoʊfeɪ,θoʊfeɪ,θofe,θofe
θoʊ,θoʊseɪ,θoʊseɪ,θose,θose
θoʊ,θoʊveɪ,θoʊveɪ,θove,θove
θoʊ,θoʊzeɪ,θoʊzeɪ,θoze,θoze
θoʊ,θoʊʃeɪ,θoʊʃeɪ,θoʃe,θoʃe
θoʊ,θoʊʒeɪ,θoʊʒeɪ,θoʒe,θoʒe
θoʊ,θoʊθeɪ,θoʊθeɪ,θoθe,θoθe
θoʊ,θoʊðeɪ,θoʊðeɪ,θoðe,θoðe
θoʊ,θoʊheɪ,θoʊheɪ,θohe,θohe
ðoʊ,ðoʊmeɪ,ðoʊmeɪ,ðome,ðome
ðoʊ,ðoʊneɪ,ðoʊneɪ,ðone,ðone
ðoʊ,ðoʊpeɪ,ðoʊpeɪ,ðope,ðope
ðoʊ,ðoʊteɪ,ðoʊteɪ,ðote,ðote
ðoʊ,ðoʊkeɪ,ðoʊkeɪ,ðoke,ðoke
ðoʊ,ðoʊbeɪ,ðoʊbeɪ,ðobe,ðobe
ðoʊ,ðoʊdeɪ,ðoʊdeɪ,ðode,ðode
ðoʊ,ðoʊgeɪ,ðoʊgeɪ,ðoge,ðoge
ðoʊ,ðoʊfeɪ,ðoʊfeɪ,ðofe,ðofe
ðoʊ,ðoʊseɪ,ðoʊseɪ,ðose,ðose
ðoʊ,ðoʊveɪ,ðoʊveɪ,ðove,ðove
ðoʊ,ðoʊzeɪ,ðoʊzeɪ,ðoze,ðoze
ðoʊ,ðoʊʃeɪ,ðoʊʃeɪ,ðoʃe,ðoʃe
ðoʊ,ðoʊʒeɪ,ðoʊʒeɪ,ðoʒe,ðoʒe
ðoʊ,ðoʊθeɪ,ðoʊθeɪ,ðoθe,ðoθe
ðoʊ,ðoʊðeɪ,ðoʊðeɪ,ðoðe,ðoðe
ðoʊ,ðoʊheɪ,ðoʊheɪ,ðohe,ðohe
hoʊ,hoʊmeɪ,hoʊmeɪ,home,home
hoʊ,hoʊneɪ,hoʊneɪ,hone,hone
hoʊ,hoʊpeɪ,hoʊpeɪ,hope,hope
hoʊ,hoʊteɪ,hoʊteɪ,hote,hote
hoʊ,hoʊkeɪ,hoʊkeɪ,hoke,hoke
hoʊ,hoʊbeɪ,hoʊbeɪ,hobe,hobe
hoʊ,hoʊdeɪ,hoʊdeɪ,hode,hode
hoʊ,hoʊgeɪ,hoʊgeɪ,hoge,hoge
hoʊ,hoʊfeɪ,hoʊfeɪ,hofe,hofe
hoʊ,hoʊseɪ,hoʊseɪ,hose,hose
hoʊ,hoʊveɪ,hoʊveɪ,hove,hove
hoʊ,hoʊzeɪ,hoʊzeɪ,hoze,hoze
hoʊ,hoʊʃeɪ,hoʊʃeɪ,hoʃe,hoʃe
hoʊ,hoʊʒeɪ,hoʊʒeɪ,hoʒe,hoʒe
hoʊ,hoʊθeɪ,hoʊθeɪ,hoθe,hoθe
hoʊ,hoʊðeɪ,hoʊðeɪ,hoðe,hoðe
hoʊ,hoʊheɪ,hoʊheɪ,hohe,hohe
moʊ,moʊmu,moʊmi,momu,momi
moʊ,moʊnu,moʊni,monu,moni
moʊ,moʊpu,moʊpi,mopu,mopi
moʊ,moʊtu,moʊti,motu,moti
moʊ,moʊku,moʊki,moku,moki
moʊ,moʊbu,moʊbi,mobu,mobi
moʊ,moʊdu,moʊdi,modu,modi
moʊ,moʊgu,moʊgi,mogu,mogi
moʊ,moʊfu,moʊfi,mofu,mofi
moʊ,moʊsu,moʊsi,mosu,mosi
moʊ,moʊvu,moʊvi,movu,movi
moʊ,moʊzu,moʊzi,mozu,mozi
moʊ,moʊʃu,moʊʃi,moʃu,moʃi
moʊ,moʊʒu,moʊʒi,moʒu,moʒi
moʊ,moʊθu,moʊθi,moθu,moθi
moʊ,moʊðu,moʊði,moðu,moði
moʊ,moʊhu,moʊhi,mohu,mohi
noʊ,noʊmu,noʊmi,nomu,nomi
noʊ,noʊnu,noʊni,nonu,noni
noʊ,noʊpu,noʊpi,nopu,nopi
noʊ,noʊtu,noʊti,notu,noti
noʊ,noʊku,noʊki,noku,noki
noʊ,noʊbu,noʊbi,nobu,nobi
noʊ,noʊdu,noʊdi,nodu,nodi
noʊ,noʊgu,noʊgi,nogu,nogi
noʊ,noʊfu,noʊfi,nofu,nofi
noʊ,noʊsu,noʊsi,nosu,nosi
noʊ,noʊvu,noʊvi,novu,novi
noʊ,noʊzu,noʊzi,nozu,nozi
noʊ,noʊʃu,noʊʃi,noʃu,noʃi
noʊ,noʊʒu,noʊʒi,noʒu,noʒi
noʊ,noʊθu,noʊθi,noθu,noθi
noʊ,noʊðu,noʊði,noðu,noði
noʊ,noʊhu,noʊhi,nohu,nohi
poʊ,poʊmu,poʊmi,pomu,pomi
poʊ,poʊnu,poʊni,ponu,poni
poʊ,poʊpu,poʊpi,popu,popi
poʊ,poʊtu,poʊti,potu,poti
poʊ,poʊku,poʊki,poku,poki
poʊ,poʊbu,poʊbi,pobu,pobi
poʊ,poʊdu,poʊdi,podu,podi
poʊ,poʊgu,poʊgi,pogu,pogi
poʊ,poʊfu,poʊfi,pofu,pofi
poʊ,poʊsu,poʊsi,posu,posi
poʊ,poʊvu,poʊvi,povu,povi
poʊ,poʊzu,poʊzi,pozu,pozi
poʊ,poʊʃu,poʊʃi,poʃu,poʃi
poʊ,poʊʒu,poʊʒi,poʒu,poʒi
poʊ,poʊθu,poʊθi,poθu,poθi
poʊ,poʊðu,poʊði,poðu,poði
poʊ,poʊhu,poʊhi,pohu,pohi
toʊ,toʊmu,toʊmi,tomu,tomi
toʊ,toʊnu,toʊni,tonu,toni
toʊ,toʊpu,toʊpi,topu,topi
toʊ,toʊtu,toʊti,totu,toti
toʊ,toʊku,toʊki,toku,toki
toʊ,toʊbu,toʊbi,tobu,tobi
toʊ,toʊdu,toʊdi,todu,todi
toʊ,toʊgu,toʊgi,togu,togi
toʊ,toʊfu,toʊfi,tofu,tofi
toʊ,toʊsu,toʊsi,tosu,tosi
toʊ,toʊvu,toʊvi,tovu,tovi
toʊ,toʊzu,toʊzi,tozu,tozi
toʊ,toʊʃu,toʊʃi,toʃu,toʃi
toʊ,toʊʒu,toʊʒi,toʒu,toʒi
toʊ,toʊθu,toʊθi,toθu,toθi
toʊ,toʊðu,toʊði,toðu,toði
toʊ,toʊhu,toʊhi,tohu,tohi
koʊ,koʊmu,koʊmi,komu,komi
koʊ,koʊnu,koʊni,konu,koni
koʊ,koʊpu,koʊpi,kopu,kopi
koʊ,koʊtu,koʊti,kotu,koti
koʊ,koʊku,koʊki,koku,koki
koʊ,koʊbu,koʊbi,kobu,kobi
koʊ,koʊdu,koʊdi,kodu,kodi
koʊ,koʊgu,koʊgi,kogu,kogi
koʊ,koʊfu,koʊfi,kofu,kofi
koʊ,koʊsu,koʊsi,kosu,kosi
koʊ,koʊvu,koʊvi,kovu,kovi
koʊ,koʊzu,koʊzi,kozu,kozi
koʊ,koʊʃu,koʊʃi,koʃu,koʃi
koʊ,koʊʒu,koʊʒi,koʒu,koʒi
koʊ,koʊθu,koʊθi,koθu,koθi
koʊ,koʊðu,koʊði,koðu,koði
koʊ,koʊhu,koʊhi,kohu,kohi
boʊ,boʊmu,boʊmi,bomu,bomi
boʊ,boʊnu,boʊni,bonu,boni
boʊ,boʊpu,boʊpi,bopu,bopi
boʊ,boʊtu,boʊti,botu,boti
boʊ,boʊku,boʊki,boku,boki
boʊ,boʊbu,boʊbi,bobu,bobi
boʊ,boʊdu,boʊdi,bodu,bodi
boʊ,boʊgu,boʊgi,bogu,bogi
boʊ,boʊfu,boʊfi,bofu,bofi
boʊ,boʊsu,boʊsi,bosu,bosi
boʊ,boʊvu,boʊvi,bovu,bovi
boʊ,boʊzu,boʊzi,bozu,bozi
boʊ,boʊʃu,boʊʃi,boʃu,boʃi
boʊ,boʊʒu,boʊʒi,boʒu,boʒi
boʊ,boʊθu,boʊθi,boθu,boθi
boʊ,boʊðu,boʊði,boðu,boði
boʊ,boʊhu,boʊhi,bohu,bohi
doʊ,doʊmu,doʊmi,domu,domi
doʊ,doʊnu,doʊni,donu,doni
doʊ,doʊpu,doʊpi,dopu,dopi
doʊ,doʊtu,doʊti,dotu,doti
doʊ,doʊku,doʊki,doku,doki
doʊ,doʊbu,doʊbi,dobu,dobi
doʊ,doʊdu,doʊdi,dodu,dodi
doʊ,doʊgu,doʊgi,dogu,dogi
doʊ,doʊfu,doʊfi,dofu,dofi
doʊ,doʊsu,doʊsi,dosu,dosi
doʊ,doʊvu,doʊvi,dovu,dovi
doʊ,doʊzu,doʊzi,dozu,dozi
doʊ,doʊʃu,doʊʃi,doʃu,doʃi
doʊ,doʊʒu,doʊʒi,doʒu,doʒi
doʊ,doʊθu,doʊθi,doθu,doθi
doʊ,doʊðu,doʊði,doðu,doði
doʊ,doʊhu,doʊhi,dohu,dohi
goʊ,goʊmu,goʊmi,gomu,gomi
goʊ,goʊnu,goʊni,gonu,goni
goʊ,goʊpu,goʊpi,gopu,gopi
goʊ,goʊtu,goʊti,gotu,goti
goʊ,goʊku,goʊki,goku,goki
goʊ,goʊbu,goʊbi,gobu,gobi
goʊ,goʊdu,goʊdi,godu,godi
goʊ,goʊgu,goʊgi,gogu,gogi
goʊ,goʊfu,goʊfi,gofu,gofi
goʊ,goʊsu,goʊsi,gosu,gosi
goʊ,goʊvu,goʊvi,govu,govi
goʊ,goʊzu,goʊzi,gozu,gozi
goʊ,goʊʃu,goʊʃi,goʃu,goʃi
goʊ,goʊʒu,goʊʒi,goʒu,goʒi
goʊ,goʊθu,goʊθi,goθu,goθi
goʊ,goʊðu,goʊði,goðu,goði
goʊ,goʊhu,goʊhi,gohu,gohi
foʊ,foʊmu,foʊmi,fomu,fomi
foʊ,foʊnu,foʊni,fonu,foni
foʊ,foʊpu,foʊpi,fopu,fopi
foʊ,foʊtu,foʊti,fotu,foti
foʊ,foʊku,foʊki,foku,foki
foʊ,foʊbu,foʊbi,fobu,fobi
foʊ,foʊdu,foʊdi,fodu,fodi
foʊ,foʊgu,foʊgi,fogu,fogi
foʊ,foʊfu,foʊfi,fofu,fofi
foʊ,foʊsu,foʊsi,fosu,fosi
foʊ,foʊvu,foʊvi,fovu,fovi
foʊ,foʊzu,foʊzi,fozu,fozi
foʊ,foʊʃu,foʊʃi,foʃu,foʃi
foʊ,foʊʒu,foʊʒi,foʒu,foʒi
foʊ,foʊθu,foʊθi,foθu,foθi
foʊ,foʊðu,foʊði,foðu,foði
foʊ,foʊhu,foʊhi,fohu,fohi
soʊ,soʊmu,soʊmi,somu,somi
soʊ,soʊnu,soʊni,sonu,soni
soʊ,soʊpu,soʊpi,sopu,sopi
soʊ,soʊtu,soʊti,sotu,soti
soʊ,soʊku,soʊki,soku,soki
soʊ,soʊbu,soʊbi,sobu,sobi
soʊ,soʊdu,soʊdi,sodu,sodi
soʊ,soʊgu,soʊgi,sogu,sogi
soʊ,soʊfu,soʊfi,sofu,sofi
soʊ,soʊsu,soʊsi,sosu,sosi
soʊ,soʊvu,soʊvi,sovu,sovi
soʊ,soʊzu,soʊzi,sozu,sozi
soʊ,soʊʃu,soʊʃi,soʃu,soʃi
soʊ,soʊʒu,soʊʒi,soʒu,soʒi
soʊ,soʊθu,soʊθi,soθu,soθi
soʊ,soʊðu,soʊði,soðu,soði
soʊ,soʊhu,soʊhi,sohu,sohi
voʊ,voʊmu,voʊmi,vomu,vomi
voʊ,voʊnu,voʊni,vonu,voni
voʊ,voʊpu,voʊpi,vopu,vopi
voʊ,voʊtu,voʊti,votu,voti
voʊ,voʊku,voʊki,voku,voki
voʊ,voʊbu,voʊbi,vobu,vobi
voʊ,voʊdu,voʊdi,vodu,vodi
voʊ,voʊgu,voʊgi,vogu,vogi
voʊ,voʊfu,voʊfi,vofu,vofi
voʊ,voʊsu,voʊsi,vosu,vosi
voʊ,voʊvu,voʊvi,vovu,vovi
voʊ,voʊzu,voʊzi,vozu,vozi
voʊ,voʊʃu,voʊʃi,voʃu,voʃi
voʊ,voʊʒu,voʊʒi,voʒu,voʒi
voʊ,voʊθu,voʊθi,voθu,voθi
voʊ,voʊðu,voʊði,voðu,voði
voʊ,voʊhu,voʊhi,vohu,vohi
zoʊ,zoʊmu,zoʊmi,zomu,zomi
zoʊ,zoʊnu,zoʊni,zonu,zoni
zoʊ,zoʊpu,zoʊpi,zopu,zopi
zoʊ,zoʊtu,zoʊti,zotu,zoti
zoʊ,zoʊku,zoʊki,zoku,zoki
zoʊ,zoʊbu,zoʊbi,zobu,zobi
zoʊ,zoʊdu,zoʊdi,zodu,zodi
zoʊ,zoʊgu,zoʊgi,zogu,zogi
zoʊ,zoʊfu,zoʊfi,zofu,zofi
zoʊ,zoʊsu,zoʊsi,zosu,zosi
zoʊ,zoʊvu,zoʊvi,zovu,zovi
zoʊ,zoʊzu,zoʊzi,zozu,zozi
zoʊ,zoʊʃu,zoʊʃi,zoʃu,zoʃi
zoʊ,zoʊʒu,zoʊʒi,zoʒu,zoʒi
zoʊ,zoʊθu,zoʊθi,zoθu,zoθi
zoʊ,zoʊðu,zoʊði,zoðu,zoði
zoʊ,zoʊhu,zoʊhi,zohu,zohi
ʃoʊ,ʃoʊmu,ʃoʊmi,ʃomu,ʃomi
ʃoʊ,ʃoʊnu,ʃoʊni,ʃonu,ʃoni
ʃoʊ,ʃoʊpu,ʃoʊpi,ʃopu,ʃopi
ʃoʊ,ʃoʊtu,ʃoʊti,ʃotu,ʃoti
ʃoʊ,ʃoʊku,ʃoʊki,ʃoku,ʃoki
ʃoʊ,ʃoʊbu,ʃoʊbi,ʃobu,ʃobi
ʃoʊ,ʃoʊdu,ʃoʊdi,ʃodu,ʃodi
ʃoʊ,ʃoʊgu,ʃoʊgi,ʃogu,ʃogi
ʃoʊ,ʃoʊfu,ʃoʊfi,ʃofu,ʃofi
ʃoʊ,ʃoʊsu,ʃoʊsi,ʃosu,ʃosi
ʃoʊ,ʃoʊvu,ʃoʊvi,ʃovu,ʃovi
ʃoʊ,ʃoʊzu,ʃoʊzi,ʃozu,ʃozi
ʃoʊ,ʃoʊʃu,ʃoʊʃi,ʃoʃu,ʃoʃi
ʃoʊ,ʃoʊʒu,ʃoʊʒi,ʃoʒu,ʃoʒi
ʃoʊ,ʃoʊθu,ʃoʊθi,ʃoθu,ʃoθi
ʃoʊ,ʃoʊðu,ʃoʊði,ʃoðu,ʃoði
ʃoʊ,ʃoʊhu,ʃoʊhi,ʃohu,ʃohi
ʒoʊ,ʒoʊmu,ʒoʊmi,ʒomu,ʒomi
ʒoʊ,ʒoʊnu,ʒoʊni,ʒonu,ʒoni
ʒoʊ,ʒoʊpu,ʒoʊpi,ʒopu,ʒopi
ʒoʊ,ʒoʊtu,ʒoʊti,ʒotu,ʒoti
ʒoʊ,ʒoʊku,ʒoʊki,ʒoku,ʒoki
ʒoʊ,ʒoʊbu,ʒoʊbi,ʒobu,ʒobi
ʒoʊ,ʒoʊdu,ʒoʊdi,ʒodu,ʒodi
ʒoʊ,ʒoʊgu,ʒoʊgi,ʒogu,ʒogi
ʒoʊ,ʒoʊfu,ʒoʊfi,ʒofu,ʒofi
ʒoʊ,ʒoʊsu,ʒoʊsi,ʒosu,ʒosi
ʒoʊ,ʒoʊvu,ʒoʊvi,ʒovu,ʒovi
ʒoʊ,ʒoʊzu,ʒoʊzi,ʒozu,ʒozi
ʒoʊ,ʒoʊʃu,ʒoʊʃi,ʒoʃu,ʒoʃi
ʒoʊ,ʒoʊʒu,ʒoʊʒi,ʒoʒu,ʒoʒi
ʒoʊ,ʒoʊθu,ʒoʊθi,ʒoθu,ʒoθi
ʒoʊ,ʒoʊðu,ʒoʊði,ʒoðu,ʒoði
ʒoʊ,ʒoʊhu,ʒoʊhi,ʒohu,ʒohi
θoʊ,θoʊmu,θoʊmi,θomu,θomi
θoʊ,θoʊnu,θoʊni,θonu,θoni
θoʊ,θoʊpu,θoʊpi,θopu,θopi
θoʊ,θoʊtu,θoʊti,θotu,θoti
θoʊ,θoʊku,θoʊki,θoku,θoki
θoʊ,θoʊbu,θoʊbi,θobu,θobi
θoʊ,θoʊdu,θoʊdi,θodu,θodi
θoʊ,θoʊgu,θoʊgi,θogu,θogi
θoʊ,θoʊfu,θoʊfi,θofu,θofi
θoʊ,θoʊsu,θoʊsi,θosu,θosi
θoʊ,θoʊvu,θoʊvi,θovu,θovi
θoʊ,θoʊzu,θoʊzi,θozu,θozi
θoʊ,θoʊʃu,θoʊʃi,θoʃu,θoʃi
θoʊ,θoʊʒu,θoʊʒi,θoʒu,θoʒi
θoʊ,θoʊθu,θoʊθi,θoθu,θoθi
θoʊ,θoʊðu,θoʊði,θoðu,θoði
θoʊ,θoʊhu,θoʊhi,θohu,θohi
ðoʊ,ðoʊmu,ðoʊmi,ðomu,ðomi
ðoʊ,ðoʊnu,ðoʊni,ðonu,ðoni
ðoʊ,ðoʊpu,ðoʊpi,ðopu,ðopi
ðoʊ,ðoʊtu,ðoʊti,ðotu,ðoti
ðoʊ,ðoʊku,ðoʊki,ðoku,ðoki
ðoʊ,ðoʊbu,ðoʊbi,ðobu,ðobi
ðoʊ,ðoʊdu,ðoʊdi,ðodu,ðodi
ðoʊ,ðoʊgu,ðoʊgi,ðogu,ðogi
ðoʊ,ðoʊfu,ðoʊfi,ðofu,ðofi
ðoʊ,ðoʊsu,ðoʊsi,ðosu,ðosi
ðoʊ,ðoʊvu,ðoʊvi,ðovu,ðovi
ðoʊ,ðoʊzu,ðoʊzi,ðozu,ðozi
ðoʊ,ðoʊʃu,ðoʊʃi,ðoʃu,ðoʃi
ðoʊ,ðoʊʒu,ðoʊʒi,ðoʒu,ðoʒi
ðoʊ,ðoʊθu,ðoʊθi,ðoθu,ðoθi
ðoʊ,ðoʊðu,ðoʊði,ðoðu,ðoði
ðoʊ,ðoʊhu,ðoʊhi,ðohu,ðohi
hoʊ,hoʊmu,hoʊmi,homu,homi
hoʊ,hoʊnu,hoʊni,honu,honi
hoʊ,hoʊpu,hoʊpi,hopu,hopi
hoʊ,hoʊtu,hoʊti,hotu,hoti
hoʊ,hoʊku,hoʊki,hoku,hoki
hoʊ,hoʊbu,hoʊbi,hobu,hobi
hoʊ,hoʊdu,hoʊdi,hodu,hodi
hoʊ,hoʊgu,hoʊgi,hogu,hogi
hoʊ,hoʊfu,hoʊfi,hofu,hofi
hoʊ,hoʊsu,hoʊsi,hosu,hosi
hoʊ,hoʊvu,hoʊvi,hovu,hovi
hoʊ,hoʊzu,hoʊzi,hozu,hozi
hoʊ,hoʊʃu,hoʊʃi,hoʃu,hoʃi
hoʊ,hoʊʒu,hoʊʒi,hoʒu,hoʒi
hoʊ,hoʊθu,hoʊθi,hoθu,hoθi
hoʊ,hoʊðu,hoʊði,hoðu,hoði
hoʊ,hoʊhu,hoʊhi,hohu,hohi
moʊ,moʊmoʊ,moʊmeɪ,momo,mome
moʊ,moʊnoʊ,moʊneɪ,mono,mone
moʊ,moʊpoʊ,moʊpeɪ,mopo,mope
moʊ,moʊtoʊ,moʊteɪ,moto,mote
moʊ,moʊkoʊ,moʊkeɪ,moko,moke
moʊ,moʊboʊ,moʊbeɪ,mobo,mobe
moʊ,moʊdoʊ,moʊdeɪ,modo,mode
moʊ,moʊgoʊ,moʊgeɪ,mogo,moge
moʊ,moʊfoʊ,moʊfeɪ,mofo,mofe
moʊ,moʊsoʊ,moʊseɪ,moso,mose
moʊ,moʊvoʊ,moʊveɪ,movo,move
moʊ,moʊzoʊ,moʊzeɪ,mozo,moze
moʊ,moʊʃoʊ,moʊʃeɪ,moʃo,moʃe
moʊ,moʊʒoʊ,moʊʒeɪ,moʒo,moʒe
moʊ,moʊθoʊ,moʊθeɪ,moθo,moθe
moʊ,moʊðoʊ,moʊðeɪ,moðo,moðe
moʊ,moʊhoʊ,moʊheɪ,moho,mohe
noʊ,noʊmoʊ,noʊmeɪ,nomo,nome
noʊ,noʊnoʊ,noʊneɪ,nono,none
noʊ,noʊpoʊ,noʊpeɪ,nopo,nope
noʊ,noʊtoʊ,noʊteɪ,noto,note
noʊ,noʊkoʊ,noʊkeɪ,noko,noke
noʊ,noʊboʊ,noʊbeɪ,nobo,nobe
noʊ,noʊdoʊ,noʊdeɪ,nodo,node
noʊ,noʊgoʊ,noʊgeɪ,nogo,noge
noʊ,noʊfoʊ,noʊfeɪ,nofo,nofe
noʊ,noʊsoʊ,noʊseɪ,noso,nose
noʊ,noʊvoʊ,noʊveɪ,novo,nove
noʊ,noʊzoʊ,noʊzeɪ,nozo,noze
noʊ,noʊʃoʊ,noʊʃeɪ,noʃo,noʃe
noʊ,noʊʒoʊ,noʊʒeɪ,noʒo,noʒe
noʊ,noʊθoʊ,noʊθeɪ,noθo,noθe
noʊ,noʊðoʊ,noʊðeɪ,noðo,noðe
noʊ,noʊhoʊ,noʊheɪ,noho,nohe
poʊ,poʊmoʊ,poʊmeɪ,pomo,pome
poʊ,poʊnoʊ,poʊneɪ,pono,pone
poʊ,poʊpoʊ,poʊpeɪ,popo,pope
poʊ,poʊtoʊ,poʊteɪ,poto,pote
poʊ,poʊkoʊ,poʊkeɪ,poko,poke
poʊ,poʊboʊ,poʊbeɪ,pobo,pobe
poʊ,poʊdoʊ,poʊdeɪ,podo,pode
poʊ,poʊgoʊ,poʊgeɪ,pogo,poge
poʊ,poʊfoʊ,poʊfeɪ,pofo,pofe
poʊ,poʊsoʊ,poʊseɪ,poso,pose
poʊ,poʊvoʊ,poʊveɪ,povo,pove
poʊ,poʊzoʊ,poʊzeɪ,pozo,poze
poʊ,poʊʃoʊ,poʊʃeɪ,poʃo,poʃe
poʊ,poʊʒoʊ,poʊʒeɪ,poʒo,poʒe
poʊ,poʊθoʊ,poʊθeɪ,poθo,poθe
poʊ,poʊðoʊ,poʊðeɪ,poðo,poðe
poʊ,poʊhoʊ,poʊheɪ,poho,pohe
toʊ,toʊmoʊ,toʊmeɪ,tomo,tome
toʊ,toʊnoʊ,toʊneɪ,tono,tone
toʊ,toʊpoʊ,toʊpeɪ,topo,tope
toʊ,toʊtoʊ,toʊteɪ,toto,tote
toʊ,toʊkoʊ,toʊkeɪ,toko,toke
toʊ,toʊboʊ,toʊbeɪ,tobo,tobe
toʊ,toʊdoʊ,toʊdeɪ,todo,tode
toʊ,toʊgoʊ,toʊgeɪ,togo,toge
toʊ,toʊfoʊ,toʊfeɪ,tofo,tofe
toʊ,toʊsoʊ,toʊseɪ,toso,tose
toʊ,toʊvoʊ,toʊveɪ,tovo,tove
toʊ,toʊzoʊ,toʊzeɪ,tozo,toze
toʊ,toʊʃoʊ,toʊʃeɪ,toʃo,toʃe
toʊ,toʊʒoʊ,toʊʒeɪ,toʒo,toʒe
toʊ,toʊθoʊ,toʊθeɪ,toθo,toθe
toʊ,toʊðoʊ,toʊðeɪ,toðo,toðe
toʊ,toʊhoʊ,toʊheɪ,toho,tohe
koʊ,koʊmoʊ,koʊmeɪ,komo,kome
koʊ,koʊnoʊ,koʊneɪ,kono,kone
koʊ,koʊpoʊ,koʊpeɪ,kopo,kope
koʊ,koʊtoʊ,koʊteɪ,koto,kote
koʊ,koʊkoʊ,koʊkeɪ,koko,koke
koʊ,koʊboʊ,koʊbeɪ,kobo,kobe
koʊ,koʊdoʊ,koʊdeɪ,kodo,kode
koʊ,koʊgoʊ,koʊgeɪ,kogo,koge
koʊ,koʊfoʊ,koʊfeɪ,kofo,kofe
koʊ,koʊsoʊ,koʊseɪ,koso,kose
koʊ,koʊvoʊ,koʊveɪ,kovo,kove
koʊ,koʊzoʊ,koʊzeɪ,kozo,koze
koʊ,koʊʃoʊ,koʊʃeɪ,koʃo,koʃe
koʊ,koʊʒoʊ,koʊʒeɪ,koʒo,koʒe
koʊ,koʊθoʊ,koʊθeɪ,koθo,koθe
koʊ,koʊðoʊ,koʊðeɪ,koðo,koðe
koʊ,koʊhoʊ,koʊheɪ,koho,kohe
boʊ,boʊmoʊ,boʊmeɪ,bomo,bome
boʊ,boʊnoʊ,boʊneɪ,bono,bone
boʊ,boʊpoʊ,boʊpeɪ,bopo,bope
boʊ,boʊtoʊ,boʊteɪ,boto,bote
boʊ,boʊkoʊ,boʊkeɪ,boko,boke
boʊ,boʊboʊ,boʊbeɪ,bobo,bobe
boʊ,boʊdoʊ,boʊdeɪ,bodo,bode
boʊ,boʊgoʊ,boʊgeɪ,bogo,boge
boʊ,boʊfoʊ,boʊfeɪ,bofo,bofe
boʊ,boʊsoʊ,boʊseɪ,boso,bose
boʊ,boʊvoʊ,boʊveɪ,bovo,bove
boʊ,boʊzoʊ,boʊzeɪ,bozo,boze
boʊ,boʊʃoʊ,boʊʃeɪ,boʃo,boʃe
boʊ,boʊʒoʊ,boʊʒeɪ,boʒo,boʒe
boʊ,boʊθoʊ,boʊθeɪ,boθo,boθe
boʊ,boʊðoʊ,boʊðeɪ,boðo,boðe
boʊ,boʊhoʊ,boʊheɪ,boho,bohe
doʊ,doʊmoʊ,doʊmeɪ,domo,dome
doʊ,doʊnoʊ,doʊneɪ,dono,done
doʊ,doʊpoʊ,doʊpeɪ,dopo,dope
doʊ,doʊtoʊ,doʊteɪ,doto,dote
doʊ,doʊkoʊ,doʊkeɪ,doko,doke
doʊ,doʊboʊ,doʊbeɪ,dobo,dobe
doʊ,doʊdoʊ,doʊdeɪ,dodo,dode
doʊ,doʊgoʊ,doʊgeɪ,dogo,doge
doʊ,doʊfoʊ,doʊfeɪ,dofo,dofe
doʊ,doʊsoʊ,doʊseɪ,doso,dose
doʊ,doʊvoʊ,doʊveɪ,dovo,dove
doʊ,doʊzoʊ,doʊzeɪ,dozo,doze
doʊ,doʊʃoʊ,doʊʃeɪ,doʃo,doʃe
doʊ,doʊʒoʊ,doʊʒeɪ,doʒo,doʒe
doʊ,doʊθoʊ,doʊθeɪ,doθo,doθe
doʊ,doʊðoʊ,doʊðeɪ,doðo,doðe
doʊ,doʊhoʊ,doʊheɪ,doho,dohe
goʊ,goʊmoʊ,goʊmeɪ,gomo,gome
goʊ,goʊnoʊ,goʊneɪ,gono,gone
goʊ,goʊpoʊ,goʊpeɪ,gopo,gope
goʊ,goʊtoʊ,goʊteɪ,goto,gote
goʊ,goʊkoʊ,goʊkeɪ,goko,goke
goʊ,goʊboʊ,goʊbeɪ,gobo,gobe
goʊ,goʊdoʊ,goʊdeɪ,godo,gode
goʊ,goʊgoʊ,goʊgeɪ,gogo,goge
goʊ,goʊfoʊ,goʊfeɪ,gofo,gofe
goʊ,goʊsoʊ,goʊseɪ,goso,gose
goʊ,goʊvoʊ,goʊveɪ,govo,gove
goʊ,goʊzoʊ,goʊzeɪ,gozo,goze
goʊ,goʊʃoʊ,goʊʃeɪ,goʃo,goʃe
goʊ,goʊʒoʊ,goʊʒeɪ,goʒo,goʒe
goʊ,goʊθoʊ,goʊθeɪ,goθo,goθe
goʊ,goʊðoʊ,goʊðeɪ,goðo,goðe
goʊ,goʊhoʊ,goʊheɪ,goho,gohe
foʊ,foʊmoʊ,foʊmeɪ,fomo,fome
foʊ,foʊnoʊ,foʊneɪ,fono,fone
foʊ,foʊpoʊ,foʊpeɪ,fopo,fope
foʊ,foʊtoʊ,foʊteɪ,foto,fote
foʊ,foʊkoʊ,foʊkeɪ,foko,foke
foʊ,foʊboʊ,foʊbeɪ,fobo,fobe
foʊ,foʊdoʊ,foʊdeɪ,fodo,fode
foʊ,foʊgoʊ,foʊgeɪ,fogo,foge
foʊ,foʊfoʊ,foʊfeɪ,fofo,fofe
foʊ,foʊsoʊ,foʊseɪ,foso,fose
foʊ,foʊvoʊ,foʊveɪ,fovo,fove
foʊ,foʊzoʊ,foʊzeɪ,fozo,foze
foʊ,foʊʃoʊ,foʊʃeɪ,foʃo,foʃe
foʊ,foʊʒoʊ,foʊʒeɪ,foʒo,foʒe
foʊ,foʊθoʊ,foʊθeɪ,foθo,foθe
foʊ,foʊðoʊ,foʊðeɪ,foðo,foðe
foʊ,foʊhoʊ,foʊheɪ,foho,fohe
soʊ,soʊmoʊ,soʊmeɪ,somo,some
soʊ,soʊnoʊ,soʊneɪ,sono,sone
soʊ,soʊpoʊ,soʊpeɪ,sopo,sope
soʊ,soʊtoʊ,soʊteɪ,soto,sote
soʊ,soʊkoʊ,soʊkeɪ,soko,soke
soʊ,soʊboʊ,soʊbeɪ,sobo,sobe
soʊ,soʊdoʊ,soʊdeɪ,sodo,sode
soʊ,soʊgoʊ,soʊgeɪ,sogo,soge
soʊ,soʊfoʊ,soʊfeɪ,sofo,sofe
soʊ,soʊsoʊ,soʊseɪ,soso,sose
soʊ,soʊvoʊ,soʊveɪ,sovo,sove
soʊ,soʊzoʊ,soʊzeɪ,sozo,soze
soʊ,soʊʃoʊ,soʊʃeɪ,soʃo,soʃe
soʊ,soʊʒoʊ,soʊʒeɪ,soʒo,soʒe
soʊ,soʊθoʊ,soʊθeɪ,soθo,soθe
soʊ,soʊðoʊ,soʊðeɪ,soðo,soðe
soʊ,soʊhoʊ,soʊheɪ,soho,sohe
voʊ,voʊmoʊ,voʊmeɪ,vomo,vome
voʊ,voʊnoʊ,voʊneɪ,vono,vone
voʊ,voʊpoʊ,voʊpeɪ,vopo,vope
voʊ,voʊtoʊ,voʊteɪ,voto,vote
voʊ,voʊkoʊ,voʊkeɪ,voko,voke
voʊ,voʊboʊ,voʊbeɪ,vobo,vobe
voʊ,voʊdoʊ,voʊdeɪ,vodo,vode
voʊ,voʊgoʊ,voʊgeɪ,vogo,voge
voʊ,voʊfoʊ,voʊfeɪ,vofo,vofe
voʊ,voʊsoʊ,voʊseɪ,voso,vose
voʊ,voʊvoʊ,voʊveɪ,vovo,vove
voʊ,voʊzoʊ,voʊzeɪ,vozo,voze
voʊ,voʊʃoʊ,voʊʃeɪ,voʃo,voʃe
voʊ,voʊʒoʊ,voʊʒeɪ,voʒo,voʒe
voʊ,voʊθoʊ,voʊθeɪ,voθo,voθe
voʊ,voʊðoʊ,voʊðeɪ,voðo,voðe
voʊ,voʊhoʊ,voʊheɪ,voho,vohe
zoʊ,zoʊmoʊ,zoʊmeɪ,zomo,zome
zoʊ,zoʊnoʊ,zoʊneɪ,zono,zone
zoʊ,zoʊpoʊ,zoʊpeɪ,zopo,zope
zoʊ,zoʊtoʊ,zoʊteɪ,zoto,zote
zoʊ,zoʊkoʊ,zoʊkeɪ,zoko,zoke
zoʊ,zoʊboʊ,zoʊbeɪ,zobo,zobe
zoʊ,zoʊdoʊ,zoʊdeɪ,zodo,zode
zoʊ,zoʊgoʊ,zoʊgeɪ,zogo,zoge
zoʊ,zoʊfoʊ,zoʊfeɪ,zofo,zofe
zoʊ,zoʊsoʊ,zoʊseɪ,zoso,zose
zoʊ,zoʊvoʊ,zoʊveɪ,zovo,zove
zoʊ,zoʊzoʊ,zoʊzeɪ,zozo,zoze
zoʊ,zoʊʃoʊ,zoʊʃeɪ,zoʃo,zoʃe
zoʊ,zoʊʒoʊ,zoʊʒeɪ,zoʒo,zoʒe
zoʊ,zoʊθoʊ,zoʊθeɪ,zoθo,zoθe
zoʊ,zoʊðoʊ,zoʊðeɪ,zoðo,zoðe
zoʊ,zoʊhoʊ,zoʊheɪ,zoho,zohe
ʃoʊ,ʃoʊmoʊ,ʃoʊmeɪ,ʃomo,ʃome
ʃoʊ,ʃoʊnoʊ,ʃoʊneɪ,ʃono,ʃone
ʃoʊ,ʃoʊpoʊ,ʃoʊpeɪ,ʃopo,ʃope
ʃoʊ,ʃoʊtoʊ,ʃoʊteɪ,ʃoto,ʃote
ʃoʊ,ʃoʊkoʊ,ʃoʊkeɪ,ʃoko,ʃoke
ʃoʊ,ʃoʊboʊ,ʃoʊbeɪ,ʃobo,ʃobe
ʃoʊ,ʃoʊdoʊ,ʃoʊdeɪ,ʃodo,ʃode
ʃoʊ,ʃoʊgoʊ,ʃoʊgeɪ,ʃogo,ʃoge
ʃoʊ,ʃoʊfoʊ,ʃoʊfeɪ,ʃofo,ʃofe
ʃoʊ,ʃoʊsoʊ,ʃoʊseɪ,ʃoso,ʃose
ʃoʊ,ʃoʊvoʊ,ʃoʊveɪ,ʃovo,ʃove
ʃoʊ,ʃoʊzoʊ,ʃoʊzeɪ,ʃozo,ʃoze
ʃoʊ,ʃoʊʃoʊ,ʃoʊʃeɪ,ʃoʃo,ʃoʃe
ʃoʊ,ʃoʊʒoʊ,ʃoʊʒeɪ,ʃoʒo,ʃoʒe
ʃoʊ,ʃoʊθoʊ,ʃoʊθeɪ,ʃoθo,ʃoθe
ʃoʊ,ʃoʊðoʊ,ʃoʊðeɪ,ʃoðo,ʃoðe
ʃoʊ,ʃoʊhoʊ,ʃoʊheɪ,ʃoho,ʃohe
ʒoʊ,ʒoʊmoʊ,ʒoʊmeɪ,ʒomo,ʒome
ʒoʊ,ʒoʊnoʊ,ʒoʊneɪ,ʒono,ʒone
ʒoʊ,ʒoʊpoʊ,ʒoʊpeɪ,ʒopo,ʒope
ʒoʊ,ʒoʊtoʊ,ʒoʊteɪ,ʒoto,ʒote
ʒoʊ,ʒoʊkoʊ,ʒoʊkeɪ,ʒoko,ʒoke
ʒoʊ,ʒoʊboʊ,ʒoʊbeɪ,ʒobo,ʒobe
ʒoʊ,ʒoʊdoʊ,ʒoʊdeɪ,ʒodo,ʒode
ʒoʊ,ʒoʊgoʊ,ʒoʊgeɪ,ʒogo,ʒoge
ʒoʊ,ʒoʊfoʊ,ʒoʊfeɪ,ʒofo,ʒofe
ʒoʊ,ʒoʊsoʊ,ʒoʊseɪ,ʒoso,ʒose
ʒoʊ,ʒoʊvoʊ,ʒoʊveɪ,ʒovo,ʒove
ʒoʊ,ʒoʊzoʊ,ʒoʊzeɪ,ʒozo,ʒoze
ʒoʊ,ʒoʊʃoʊ,ʒoʊʃeɪ,ʒoʃo,ʒoʃe
ʒoʊ,ʒoʊʒoʊ,ʒoʊʒeɪ,ʒoʒo,ʒoʒe
ʒoʊ,ʒoʊθoʊ,ʒoʊθeɪ,ʒoθo,ʒoθe
ʒoʊ,ʒoʊðoʊ,ʒoʊðeɪ,ʒoðo,ʒoðe
ʒoʊ,ʒoʊhoʊ,ʒoʊheɪ,ʒoho,ʒohe
θoʊ,θoʊmoʊ,θoʊmeɪ,θomo,θome
θoʊ,θoʊnoʊ,θoʊneɪ,θono,θone
θoʊ,θoʊpoʊ,θoʊpeɪ,θopo,θope
θoʊ,θoʊtoʊ,θoʊteɪ,θoto,θote
θoʊ,θoʊkoʊ,θoʊkeɪ,θoko,θoke
θoʊ,θoʊboʊ,θoʊbeɪ,θobo,θobe
θoʊ,θoʊdoʊ,θoʊdeɪ,θodo,θode
θoʊ,θoʊgoʊ,θoʊgeɪ,θogo,θoge
θoʊ,θoʊfoʊ,θoʊfeɪ,θofo,θofe
θoʊ,θoʊsoʊ,θoʊseɪ,θoso,θose
θoʊ,θoʊvoʊ,θoʊveɪ,θovo,θove
θoʊ,θoʊzoʊ,θoʊzeɪ,θozo,θoze
θoʊ,θoʊʃoʊ,θoʊʃeɪ,θoʃo,θoʃe
θoʊ,θoʊʒoʊ,θoʊʒeɪ,θoʒo,θoʒe
θoʊ,θoʊθoʊ,θoʊθeɪ,θoθo,θoθe
θoʊ,θoʊðoʊ,θoʊðeɪ,θoðo,θoðe
θoʊ,θoʊhoʊ,θoʊheɪ,θoho,θohe
ðoʊ,ðoʊmoʊ,ðoʊmeɪ,ðomo,ðome
ðoʊ,ðoʊnoʊ,ðoʊneɪ,ðono,ðone
ðoʊ,ðoʊpoʊ,ðoʊpeɪ,ðopo,ðope
ðoʊ,ðoʊtoʊ,ðoʊteɪ,ðoto,ðote
ðoʊ,ðoʊkoʊ,ðoʊkeɪ,ðoko,ðoke
ðoʊ,ðoʊboʊ,ðoʊbeɪ,ðobo,ðobe
ðoʊ,ðoʊdoʊ,ðoʊdeɪ,ðodo,ðode
ðoʊ,ðoʊgoʊ,ðoʊgeɪ,ðogo,ðoge
ðoʊ,ðoʊfoʊ,ðoʊfeɪ,ðofo,ðofe
ðoʊ,ðoʊsoʊ,ðoʊseɪ,ðoso,ðose
ðoʊ,ðoʊvoʊ,ðoʊveɪ,ðovo,ðove
ðoʊ,ðoʊzoʊ,ðoʊzeɪ,ðozo,ðoze
ðoʊ,ðoʊʃoʊ,ðoʊʃeɪ,ðoʃo,ðoʃe
ðoʊ,ðoʊʒoʊ,ðoʊʒeɪ,ðoʒo,ðoʒe
ðoʊ,ðoʊθoʊ,ðoʊθeɪ,ðoθo,ðoθe
ðoʊ,ðoʊðoʊ,ðoʊðeɪ,ðoðo,ðoðe
ðoʊ,ðoʊhoʊ,ðoʊheɪ,ðoho,ðohe
hoʊ,hoʊmoʊ,hoʊmeɪ,homo,home
hoʊ,hoʊnoʊ,hoʊneɪ,hono,hone
hoʊ,hoʊpoʊ,hoʊpeɪ,hopo,hope
hoʊ,hoʊtoʊ,hoʊteɪ,hoto,hote
hoʊ,hoʊkoʊ,hoʊkeɪ,hoko,hoke
hoʊ,hoʊboʊ,hoʊbeɪ,hobo,hobe
hoʊ,hoʊdoʊ,hoʊdeɪ,hodo,hode
hoʊ,hoʊgoʊ,hoʊgeɪ,hogo,hoge
hoʊ,hoʊfoʊ,hoʊfeɪ,hofo,hofe
hoʊ,hoʊsoʊ,hoʊseɪ,hoso,hose
hoʊ,hoʊvoʊ,hoʊveɪ,hovo,hove
hoʊ,hoʊzoʊ,hoʊzeɪ,hozo,hoze
hoʊ,hoʊʃoʊ,hoʊʃeɪ,hoʃo,hoʃe
hoʊ,hoʊʒoʊ,hoʊʒeɪ,hoʒo,hoʒe
hoʊ,hoʊθoʊ,hoʊθeɪ,hoθo,hoθe
hoʊ,hoʊðoʊ,hoʊðeɪ,hoðo,hoðe
hoʊ,hoʊhoʊ,hoʊheɪ,hoho,hohe
ɪm,ɪmi,ɪmu,ɪmi,ɪmu
ɪn,ɪni,ɪnu,ɪni,ɪnu
ɪŋ,ɪŋi,ɪŋu,ɪŋi,ɪŋu
ɪp,ɪpi,ɪpu,ɪpi,ɪpu
ɪt,ɪti,ɪtu,ɪti,ɪtu
ɪk,ɪki,ɪku,ɪki,ɪku
ɪb,ɪbi,ɪbu,ɪbi,ɪbu
ɪd,ɪdi,ɪdu,ɪdi,ɪdu
ɪg,ɪgi,ɪgu,ɪgi,ɪgu
ɪf,ɪfi,ɪfu,ɪfi,ɪfu
ɪs,ɪsi,ɪsu,ɪsi,ɪsu
ɪv,ɪvi,ɪvu,ɪvi,ɪvu
ɪz,ɪzi,ɪzu,ɪzi,ɪzu
ɪʃ,ɪʃi,ɪʃu,ɪʃi,ɪʃu
ɪʒ,ɪʒi,ɪʒu,ɪʒi,ɪʒu
ɪθ,ɪθi,ɪθu,ɪθi,ɪθu
ɪð,ɪði,ɪðu,ɪði,ɪðu
ɪm,ɪmeɪ,ɪmoʊ,ɪme,ɪmo
ɪn,ɪneɪ,ɪnoʊ,ɪne,ɪno
ɪŋ,ɪŋeɪ,ɪŋoʊ,ɪŋe,ɪŋo
ɪp,ɪpeɪ,ɪpoʊ,ɪpe,ɪpo
ɪt,ɪteɪ,ɪtoʊ,ɪte,ɪto
ɪk,ɪkeɪ,ɪkoʊ,ɪke,ɪko
ɪb,ɪbeɪ,ɪboʊ,ɪbe,ɪbo
ɪd,ɪdeɪ,ɪdoʊ,ɪde,ɪdo
ɪg,ɪgeɪ,ɪgoʊ,ɪge,ɪgo
ɪf,ɪfeɪ,ɪfoʊ,ɪfe,ɪfo
ɪs,ɪseɪ,ɪsoʊ,ɪse,ɪso
ɪv,ɪveɪ,ɪvoʊ,ɪve,ɪvo
ɪz,ɪzeɪ,ɪzoʊ,ɪze,ɪzo
ɪʃ,ɪʃeɪ,ɪʃoʊ,ɪʃe,ɪʃo
ɪʒ,ɪʒeɪ,ɪʒoʊ,ɪʒe,ɪʒo
ɪθ,ɪθeɪ,ɪθoʊ,ɪθe,ɪθo
ɪð,ɪðeɪ,ɪðoʊ,ɪðe,ɪðo
ɪm,ɪmu,ɪmu,ɪmu,ɪmu
ɪn,ɪnu,ɪnu,ɪnu,ɪnu
ɪŋ,ɪŋu,ɪŋu,ɪŋu,ɪŋu
ɪp,ɪpu,ɪpu,ɪpu,ɪpu
ɪt,ɪtu,ɪtu,ɪtu,ɪtu
ɪk,ɪku,ɪku,ɪku,ɪku
ɪb,ɪbu,ɪbu,ɪbu,ɪbu
ɪd,ɪdu,ɪdu,ɪdu,ɪdu
ɪg,ɪgu,ɪgu,ɪgu,ɪgu
ɪf,ɪfu,ɪfu,ɪfu,ɪfu
ɪs,ɪsu,ɪsu,ɪsu,ɪsu
ɪv,ɪvu,ɪvu,ɪvu,ɪvu
ɪz,ɪzu,ɪzu,ɪzu,ɪzu
ɪʃ,ɪʃu,ɪʃu,ɪʃu,ɪʃu
ɪʒ,ɪʒu,ɪʒu,ɪʒu,ɪʒu
ɪθ,ɪθu,ɪθu,ɪθu,ɪθu
ɪð,ɪðu,ɪðu,ɪðu,ɪðu
ɪm,ɪmoʊ,ɪmoʊ,ɪmo,ɪmo
ɪn,ɪnoʊ,ɪnoʊ,ɪno,ɪno
ɪŋ,ɪŋoʊ,ɪŋoʊ,ɪŋo,ɪŋo
ɪp,ɪpoʊ,ɪpoʊ,ɪpo,ɪpo
ɪt,ɪtoʊ,ɪtoʊ,ɪto,ɪto
ɪk,ɪkoʊ,ɪkoʊ,ɪko,ɪko
ɪb,ɪboʊ,ɪboʊ,ɪbo,ɪbo
ɪd,ɪdoʊ,ɪdoʊ,ɪdo,ɪdo
ɪg,ɪgoʊ,ɪgoʊ,ɪgo,ɪgo
ɪf,ɪfoʊ,ɪfoʊ,ɪfo,ɪfo
ɪs,ɪsoʊ,ɪsoʊ,ɪso,ɪso
ɪv,ɪvoʊ,ɪvoʊ,ɪvo,ɪvo
ɪz,ɪzoʊ,ɪzoʊ,ɪzo,ɪzo
ɪʃ,ɪʃoʊ,ɪʃoʊ,ɪʃo,ɪʃo
ɪʒ,ɪʒoʊ,ɪʒoʊ,ɪʒo,ɪʒo
ɪθ,ɪθoʊ,ɪθoʊ,ɪθo,ɪθo
ɪð,ɪðoʊ,ɪðoʊ,ɪðo,ɪðo
ɛm,ɛmi,ɛmu,ɛmi,ɛmu
ɛn,ɛni,ɛnu,ɛni,ɛnu
ɛŋ,ɛŋi,ɛŋu,ɛŋi,ɛŋu
ɛp,ɛpi,ɛpu,ɛpi,ɛpu
ɛt,ɛti,ɛtu,ɛti,ɛtu
ɛk,ɛki,ɛku,ɛki,ɛku
ɛb,ɛbi,ɛbu,ɛbi,ɛbu
ɛd,ɛdi,ɛdu,ɛdi,ɛdu
ɛg,ɛgi,ɛgu,ɛgi,ɛgu
ɛf,ɛfi,ɛfu,ɛfi,ɛfu
ɛs,ɛsi,ɛsu,ɛsi,ɛsu
ɛv,ɛvi,ɛvu,ɛvi,ɛvu
ɛz,ɛzi,ɛzu,ɛzi,ɛzu
ɛʃ,ɛʃi,ɛʃu,ɛʃi,ɛʃu
ɛʒ,ɛʒi,ɛʒu,ɛʒi,ɛʒu
ɛθ,ɛθi,ɛθu,ɛθi,ɛθu
ɛð,ɛði,ɛðu,ɛði,ɛðu
ɛm,ɛmeɪ,ɛmoʊ,ɛme,ɛmo
ɛn,ɛneɪ,ɛnoʊ,ɛne,ɛno
ɛŋ,ɛŋeɪ,ɛŋoʊ,ɛŋe,ɛŋo
ɛp,ɛpeɪ,ɛpoʊ,ɛpe,ɛpo
ɛt,ɛteɪ,ɛtoʊ,ɛte,ɛto
ɛk,ɛkeɪ,ɛkoʊ,ɛke,ɛko
ɛb,ɛbeɪ,ɛboʊ,ɛbe,ɛbo
ɛd,ɛdeɪ,ɛdoʊ,ɛde,ɛdo
ɛg,ɛgeɪ,ɛgoʊ,ɛge,ɛgo
ɛf,ɛfeɪ,ɛfoʊ,ɛfe,ɛfo
ɛs,ɛseɪ,ɛsoʊ,ɛse,ɛso
ɛv,ɛveɪ,ɛvoʊ,ɛve,ɛvo
ɛz,ɛzeɪ,ɛzoʊ,ɛze,ɛzo
ɛʃ,ɛʃeɪ,ɛʃoʊ,ɛʃe,ɛʃo
ɛʒ,ɛʒeɪ,ɛʒoʊ,ɛʒe,ɛʒo
ɛθ,ɛθeɪ,ɛθoʊ,ɛθe,ɛθo
ɛð,ɛðeɪ,ɛðoʊ,ɛðe,ɛðo
ɛm,ɛmu,ɛmu,ɛmu,ɛmu
ɛn,ɛnu,ɛnu,ɛnu,ɛnu
ɛŋ,ɛŋu,ɛŋu,ɛŋu,ɛŋu
ɛp,ɛpu,ɛpu,ɛpu,ɛpu
ɛt,ɛtu,ɛtu,ɛtu,ɛtu
ɛk,ɛku,ɛku,ɛku,ɛku
ɛb,ɛbu,ɛbu,ɛbu,ɛbu
ɛd,ɛdu,ɛdu,ɛdu,ɛdu
ɛg,ɛgu,ɛgu,ɛgu,ɛgu
ɛf,ɛfu,ɛfu,ɛfu,ɛfu
ɛs,ɛsu,ɛsu,ɛsu,ɛsu
ɛv,ɛvu,ɛvu,ɛvu,ɛvu
ɛz,ɛzu,ɛzu,ɛzu,ɛzu
ɛʃ,ɛʃu,ɛʃu,ɛʃu,ɛʃu
ɛʒ,ɛʒu,ɛʒu,ɛʒu,ɛʒu
ɛθ,ɛθu,ɛθu,ɛθu,ɛθu
ɛð,ɛðu,ɛðu,ɛðu,ɛðu
ɛm,ɛmoʊ,ɛmoʊ,ɛmo,ɛmo
ɛn,ɛnoʊ,ɛnoʊ,ɛno,ɛno
ɛŋ,ɛŋoʊ,ɛŋoʊ,ɛŋo,ɛŋo
ɛp,ɛpoʊ,ɛpoʊ,ɛpo,ɛpo
ɛt,ɛtoʊ,ɛtoʊ,ɛto,ɛto
ɛk,ɛkoʊ,ɛkoʊ,ɛko,ɛko
ɛb,ɛboʊ,ɛboʊ,ɛbo,ɛbo
ɛd,ɛdoʊ,ɛdoʊ,ɛdo,ɛdo
ɛg,ɛgoʊ,ɛgoʊ,ɛgo,ɛgo
ɛf,ɛfoʊ,ɛfoʊ,ɛfo,ɛfo
ɛs,ɛsoʊ,ɛsoʊ,ɛso,ɛso
ɛv,ɛvoʊ,ɛvoʊ,ɛvo,ɛvo
ɛz,ɛzoʊ,ɛzoʊ,ɛzo,ɛzo
ɛʃ,ɛʃoʊ,ɛʃoʊ,ɛʃo,ɛʃo
ɛʒ,ɛʒoʊ,ɛʒoʊ,ɛʒo,ɛʒo
ɛθ,ɛθoʊ,ɛθoʊ,ɛθo,ɛθo
ɛð,ɛðoʊ,ɛðoʊ,ɛðo,ɛðo
ʊm,ʊmi,ʊmi,ʊmi,ʊmi
ʊn,ʊni,ʊni,ʊni,ʊni
ʊŋ,ʊŋi,ʊŋi,ʊŋi,ʊŋi
ʊp,ʊpi,ʊpi,ʊpi,ʊpi
ʊt,ʊti,ʊti,ʊti,ʊti
ʊk,ʊki,ʊki,ʊki,ʊki
ʊb,ʊbi,ʊbi,ʊbi,ʊbi
ʊd,ʊdi,ʊdi,ʊdi,ʊdi
ʊg,ʊgi,ʊgi,ʊgi,ʊgi
ʊf,ʊfi,ʊfi,ʊfi,ʊfi
ʊs,ʊsi,ʊsi,ʊsi,ʊsi
ʊv,ʊvi,ʊvi,ʊvi,ʊvi
ʊz,ʊzi,ʊzi,ʊzi,ʊzi
ʊʃ,ʊʃi,ʊʃi,ʊʃi,ʊʃi
ʊʒ,ʊʒi,ʊʒi,ʊʒi,ʊʒi
ʊθ,ʊθi,ʊθi,ʊθi,ʊθi
ʊð,ʊði,ʊði,ʊði,ʊði
ʊm,ʊmeɪ,ʊmeɪ,ʊme,ʊme
ʊn,ʊneɪ,ʊneɪ,ʊne,ʊne
ʊŋ,ʊŋeɪ,ʊŋeɪ,ʊŋe,ʊŋe
ʊp,ʊpeɪ,ʊpeɪ,ʊpe,ʊpe
ʊt,ʊteɪ,ʊteɪ,ʊte,ʊte
ʊk,ʊkeɪ,ʊkeɪ,ʊke,ʊke
ʊb,ʊbeɪ,ʊbeɪ,ʊbe,ʊbe
ʊd,ʊdeɪ,ʊdeɪ,ʊde,ʊde
ʊg,ʊgeɪ,ʊgeɪ,ʊge,ʊge
ʊf,ʊfeɪ,ʊfeɪ,ʊfe,ʊfe
ʊs,ʊseɪ,ʊseɪ,ʊse,ʊse
ʊv,ʊveɪ,ʊveɪ,ʊve,ʊve
ʊz,ʊzeɪ,ʊzeɪ,ʊze,ʊze
ʊʃ,ʊʃeɪ,ʊʃeɪ,ʊʃe,ʊʃe
ʊʒ,ʊʒeɪ,ʊʒeɪ,ʊʒe,ʊʒe
ʊθ,ʊθeɪ,ʊθeɪ,ʊθe,ʊθe
ʊð,ʊðeɪ,ʊðeɪ,ʊðe,ʊðe
ʊm,ʊmu,ʊmi,ʊmu,ʊmi
ʊn,ʊnu,ʊni,ʊnu,ʊni
ʊŋ,ʊŋu,ʊŋi,ʊŋu,ʊŋi
ʊp,ʊpu,ʊpi,ʊpu,ʊpi
ʊt,ʊtu,ʊti,ʊtu,ʊti
ʊk,ʊku,ʊki,ʊku,ʊki
ʊb,ʊbu,ʊbi,ʊbu,ʊbi
ʊd,ʊdu,ʊdi,ʊdu,ʊdi
ʊg,ʊgu,ʊgi,ʊgu,ʊgi
ʊf,ʊfu,ʊfi,ʊfu,ʊfi
ʊs,ʊsu,ʊsi,ʊsu,ʊsi
ʊv,ʊvu,ʊvi,ʊvu,ʊvi
ʊz,ʊzu,ʊzi,ʊzu,ʊzi
ʊʃ,ʊʃu,ʊʃi,ʊʃu,ʊʃi
ʊʒ,ʊʒu,ʊʒi,ʊʒu,ʊʒi
ʊθ,ʊθu,ʊθi,ʊθu,ʊθi
ʊð,ʊðu,ʊði,ʊðu,ʊði
ʊm,ʊmoʊ,ʊmeɪ,ʊmo,ʊme
ʊn,ʊnoʊ,ʊneɪ,ʊno,ʊne
ʊŋ,ʊŋoʊ,ʊŋeɪ,ʊŋo,ʊŋe
ʊp,ʊpoʊ,ʊpeɪ,ʊpo,ʊpe
ʊt,ʊtoʊ,ʊteɪ,ʊto,ʊte
ʊk,ʊkoʊ,ʊkeɪ,ʊko,ʊke
ʊb,ʊboʊ,ʊbeɪ,ʊbo,ʊbe
ʊd,ʊdoʊ,ʊdeɪ,ʊdo,ʊde
ʊg,ʊgoʊ,ʊgeɪ,ʊgo,ʊge
ʊf,ʊfoʊ,ʊfeɪ,ʊfo,ʊfe
ʊs,ʊsoʊ,ʊseɪ,ʊso,ʊse
ʊv,ʊvoʊ,ʊveɪ,ʊvo,ʊve
ʊz,ʊzoʊ,ʊzeɪ,ʊzo,ʊze
ʊʃ,ʊʃoʊ,ʊʃeɪ,ʊʃo,ʊʃe
ʊʒ,ʊʒoʊ,ʊʒeɪ,ʊʒo,ʊʒe
ʊθ,ʊθoʊ,ʊθeɪ,ʊθo,ʊθe
ʊð,ʊðoʊ,ʊðeɪ,ʊðo,ʊðe
ɔm,ɔmi,ɔmi,ɔmi,ɔmi
ɔn,ɔni,ɔni,ɔni,ɔni
ɔŋ,ɔŋi,ɔŋi,ɔŋi,ɔŋi
ɔp,ɔpi,ɔpi,ɔpi,ɔpi
ɔt,ɔti,ɔti,ɔti,ɔti
ɔk,ɔki,ɔki,ɔki,ɔki
ɔb,ɔbi,ɔbi,ɔbi,ɔbi
ɔd,ɔdi,ɔdi,ɔdi,ɔdi
ɔg,ɔgi,ɔgi,ɔgi,ɔgi
ɔf,ɔfi,ɔfi,ɔfi,ɔfi
ɔs,ɔsi,ɔsi,ɔsi,ɔsi
ɔv,ɔvi,ɔvi,ɔvi,ɔvi
ɔz,ɔzi,ɔzi,ɔzi,ɔzi
ɔʃ,ɔʃi,ɔʃi,ɔʃi,ɔʃi
ɔʒ,ɔʒi,ɔʒi,ɔʒi,ɔʒi
ɔθ,ɔθi,ɔθi,ɔθi,ɔθi
ɔð,ɔði,ɔði,ɔði,ɔði
ɔm,ɔmeɪ,ɔmeɪ,ɔme,ɔme
ɔn,ɔneɪ,ɔneɪ,ɔne,ɔne
ɔŋ,ɔŋeɪ,ɔŋeɪ,ɔŋe,ɔŋe
ɔp,ɔpeɪ,ɔpeɪ,ɔpe,ɔpe
ɔt,ɔteɪ,ɔteɪ,ɔte,ɔte
ɔk,ɔkeɪ,ɔkeɪ,ɔke,ɔke
ɔb,ɔbeɪ,ɔbeɪ,ɔbe,ɔbe
ɔd,ɔdeɪ,ɔdeɪ,ɔde,ɔde
ɔg,ɔgeɪ,ɔgeɪ,ɔge,ɔge
ɔf,ɔfeɪ,ɔfeɪ,ɔfe,ɔfe
ɔs,ɔseɪ,ɔseɪ,ɔse,ɔse
ɔv,ɔveɪ,ɔveɪ,ɔve,ɔve
ɔz,ɔzeɪ,ɔzeɪ,ɔze,ɔze
ɔʃ,ɔʃeɪ,ɔʃeɪ,ɔʃe,ɔʃe
ɔʒ,ɔʒeɪ,ɔʒeɪ,ɔʒe,ɔʒe
ɔθ,ɔθeɪ,ɔθeɪ,ɔθe,ɔθe
ɔð,ɔðeɪ,ɔðeɪ,ɔðe,ɔðe
ɔm,ɔmu,ɔmi,ɔmu,ɔmi
ɔn,ɔnu,ɔni,ɔnu,ɔni
ɔŋ,ɔŋu,ɔŋi,ɔŋu,ɔŋi
ɔp,ɔpu,ɔpi,ɔpu,ɔpi
ɔt,ɔtu,ɔti,ɔtu,ɔti
ɔk,ɔku,ɔki,ɔku,ɔki
ɔb,ɔbu,ɔbi,ɔbu,ɔbi
ɔd,ɔdu,ɔdi,ɔdu,ɔdi
ɔg,ɔgu,ɔgi,ɔgu,ɔgi
ɔf,ɔfu,ɔfi,ɔfu,ɔfi
ɔs,ɔsu,ɔsi,ɔsu,ɔsi
ɔv,ɔvu,ɔvi,ɔvu,ɔvi
ɔz,ɔzu,ɔzi,ɔzu,ɔzi
ɔʃ,ɔʃu,ɔʃi,ɔʃu,ɔʃi
ɔʒ,ɔʒu,ɔʒi,ɔʒu,ɔʒi
ɔθ,ɔθu,ɔθi,ɔθu,ɔθi
ɔð,ɔðu,ɔði,ɔðu,ɔði
ɔm,ɔmoʊ,ɔmeɪ,ɔmo,ɔme
ɔn,ɔnoʊ,ɔneɪ,ɔno,ɔne
ɔŋ,ɔŋoʊ,ɔŋeɪ,ɔŋo,ɔŋe
ɔp,ɔpoʊ,ɔpeɪ,ɔpo,ɔpe
ɔt,ɔtoʊ,ɔteɪ,ɔto,ɔte
ɔk,ɔkoʊ,ɔkeɪ,ɔko,ɔke
ɔb,ɔboʊ,ɔbeɪ,ɔbo,ɔbe
ɔd,ɔdoʊ,ɔdeɪ,ɔdo,ɔde
ɔg,ɔgoʊ,ɔgeɪ,ɔgo,ɔge
ɔf,ɔfoʊ,ɔfeɪ,ɔfo,ɔfe
ɔs,ɔsoʊ,ɔseɪ,ɔso,ɔse
ɔv,ɔvoʊ,ɔveɪ,ɔvo,ɔve
ɔz,ɔzoʊ,ɔzeɪ,ɔzo,ɔze
ɔʃ,ɔʃoʊ,ɔʃeɪ,ɔʃo,ɔʃe
ɔʒ,ɔʒoʊ,ɔʒeɪ,ɔʒo,ɔʒe
ɔθ,ɔθoʊ,ɔθeɪ,ɔθo,ɔθe
ɔð,ɔðoʊ,ɔðeɪ,ɔðo,ɔðe
ɪm,ɪmɪm,ɪmʊm,ɪmɪm,ɪmʊm
ɪm,ɪmɪn,ɪmʊn,ɪmɪn,ɪmʊn
ɪm,ɪmɪŋ,ɪmʊŋ,ɪmɪŋ,ɪmʊŋ
ɪm,ɪmɪp,ɪmʊp,ɪmɪp,ɪmʊp
ɪm,ɪmɪt,ɪmʊt,ɪmɪt,ɪmʊt
ɪm,ɪmɪk,ɪmʊk,ɪmɪk,ɪmʊk
ɪm,ɪmɪb,ɪmʊb,ɪmɪb,ɪmʊb
ɪm,ɪmɪd,ɪmʊd,ɪmɪd,ɪmʊd
ɪm,ɪmɪg,ɪmʊg,ɪmɪg,ɪmʊg
ɪm,ɪmɪf,ɪmʊf,ɪmɪf,ɪmʊf
ɪm,ɪmɪs,ɪmʊs,ɪmɪs,ɪmʊs
ɪm,ɪmɪv,ɪmʊv,ɪmɪv,ɪmʊv
ɪm,ɪmɪz,ɪmʊz,ɪmɪz,ɪmʊz
ɪm,ɪmɪʃ,ɪmʊʃ,ɪmɪʃ,ɪmʊʃ
ɪm,ɪmɪʒ,ɪmʊʒ,ɪmɪʒ,ɪmʊʒ
ɪm,ɪmɪθ,ɪmʊθ,ɪmɪθ,ɪmʊθ
ɪm,ɪmɪð,ɪmʊð,ɪmɪð,ɪmʊð
ɪn,ɪnɪm,ɪnʊm,ɪnɪm,ɪnʊm
ɪn,ɪnɪn,ɪnʊn,ɪnɪn,ɪnʊn
ɪn,ɪnɪŋ,ɪnʊŋ,ɪnɪŋ,ɪnʊŋ
ɪn,ɪnɪp,ɪnʊp,ɪnɪp,ɪnʊp
ɪn,ɪnɪt,ɪnʊt,ɪnɪt,ɪnʊt
ɪn,ɪnɪk,ɪnʊk,ɪnɪk,ɪnʊk
ɪn,ɪnɪb,ɪnʊb,ɪnɪb,ɪnʊb
ɪn,ɪnɪd,ɪnʊd,ɪnɪd,ɪnʊd
ɪn,ɪnɪg,ɪnʊg,ɪnɪg,ɪnʊg
ɪn,ɪnɪf,ɪnʊf,ɪnɪf,ɪnʊf
ɪn,ɪnɪs,ɪnʊs,ɪnɪs,ɪnʊs
ɪn,ɪnɪv,ɪnʊv,ɪnɪv,ɪnʊv
ɪn,ɪnɪz,ɪnʊz,ɪnɪz,ɪnʊz
ɪn,ɪnɪʃ,ɪnʊʃ,ɪnɪʃ,ɪnʊʃ
ɪn,ɪnɪʒ,ɪnʊʒ,ɪnɪʒ,ɪnʊʒ
ɪn,ɪnɪθ,ɪnʊθ,ɪnɪθ,ɪnʊθ
ɪn,ɪnɪð,ɪnʊð,ɪnɪð,ɪnʊð
ɪŋ,ɪŋɪm,ɪŋʊm,ɪŋɪm,ɪŋʊm
ɪŋ,ɪŋɪn,ɪŋʊn,ɪŋɪn,ɪŋʊn
ɪŋ,ɪŋɪŋ,ɪŋʊŋ,ɪŋɪŋ,ɪŋʊŋ
ɪŋ,ɪŋɪp,ɪŋʊp,ɪŋɪp,ɪŋʊp
ɪŋ,ɪŋɪt,ɪŋʊt,ɪŋɪt,ɪŋʊt
ɪŋ,ɪŋɪk,ɪŋʊk,ɪŋɪk,ɪŋʊk
ɪŋ,ɪŋɪb,ɪŋʊb,ɪŋɪb,ɪŋʊb
ɪŋ,ɪŋɪd,ɪŋʊd,ɪŋɪd,ɪŋʊd
ɪŋ,ɪŋɪg,ɪŋʊg,ɪŋɪg,ɪŋʊg
ɪŋ,ɪŋɪf,ɪŋʊf,ɪŋɪf,ɪŋʊf
ɪŋ,ɪŋɪs,ɪŋʊs,ɪŋɪs,ɪŋʊs
ɪŋ,ɪŋɪv,ɪŋʊv,ɪŋɪv,ɪŋʊv
ɪŋ,ɪŋɪz,ɪŋʊz,ɪŋɪz,ɪŋʊz
ɪŋ,ɪŋɪʃ,ɪŋʊʃ,ɪŋɪʃ,ɪŋʊʃ
ɪŋ,ɪŋɪʒ,ɪŋʊʒ,ɪŋɪʒ,ɪŋʊʒ
ɪŋ,ɪŋɪθ,ɪŋʊθ,ɪŋɪθ,ɪŋʊθ
ɪŋ,ɪŋɪð,ɪŋʊð,ɪŋɪð,ɪŋʊð
ɪp,ɪpɪm,ɪpʊm,ɪpɪm,ɪpʊm
ɪp,ɪpɪn,ɪpʊn,ɪpɪn,ɪpʊn
ɪp,ɪpɪŋ,ɪpʊŋ,ɪpɪŋ,ɪpʊŋ
ɪp,ɪpɪp,ɪpʊp,ɪpɪp,ɪpʊp
ɪp,ɪpɪt,ɪpʊt,ɪpɪt,ɪpʊt
ɪp,ɪpɪk,ɪpʊk,ɪpɪk,ɪpʊk
ɪp,ɪpɪb,ɪpʊb,ɪpɪb,ɪpʊb
ɪp,ɪpɪd,ɪpʊd,ɪpɪd,ɪpʊd
ɪp,ɪpɪg,ɪpʊg,ɪpɪg,ɪpʊg
ɪp,ɪpɪf,ɪpʊf,ɪpɪf,ɪpʊf
ɪp,ɪpɪs,ɪpʊs,ɪpɪs,ɪpʊs
ɪp,ɪpɪv,ɪpʊv,ɪpɪv,ɪpʊv
ɪp,ɪpɪz,ɪpʊz,ɪpɪz,ɪpʊz
ɪp,ɪpɪʃ,ɪpʊʃ,ɪpɪʃ,ɪpʊʃ
ɪp,ɪpɪʒ,ɪpʊʒ,ɪpɪʒ,ɪpʊʒ
ɪp,ɪpɪθ,ɪpʊθ,ɪpɪθ,ɪpʊθ
ɪp,ɪpɪð,ɪpʊð,ɪpɪð,ɪpʊð
ɪt,ɪtɪm,ɪtʊm,ɪtɪm,ɪtʊm
ɪt,ɪtɪn,ɪtʊn,ɪtɪn,ɪtʊn
ɪt,ɪtɪŋ,ɪtʊŋ,ɪtɪŋ,ɪtʊŋ
ɪt,ɪtɪp,ɪtʊp,ɪtɪp,ɪtʊp
ɪt,ɪtɪt,ɪtʊt,ɪtɪt,ɪtʊt
ɪt,ɪtɪk,ɪtʊk,ɪtɪk,ɪtʊk
ɪt,ɪtɪb,ɪtʊb,ɪtɪb,ɪtʊb
ɪt,ɪtɪd,ɪtʊd,ɪtɪd,ɪtʊd
ɪt,ɪtɪg,ɪtʊg,ɪtɪg,ɪtʊg
ɪt,ɪtɪf,ɪtʊf,ɪtɪf,ɪtʊf
ɪt,ɪtɪs,ɪtʊs,ɪtɪs,ɪtʊs
ɪt,ɪtɪv,ɪtʊv,ɪtɪv,ɪtʊv
ɪt,ɪtɪz,ɪtʊz,ɪtɪz,ɪtʊz
ɪt,ɪtɪʃ,ɪtʊʃ,ɪtɪʃ,ɪtʊʃ
ɪt,ɪtɪʒ,ɪtʊʒ,ɪtɪʒ,ɪtʊʒ
ɪt,ɪtɪθ,ɪtʊθ,ɪtɪθ,ɪtʊθ
ɪt,ɪtɪð,ɪtʊð,ɪtɪð,ɪtʊð
ɪk,ɪkɪm,ɪkʊm,ɪkɪm,ɪkʊm
ɪk,ɪkɪn,ɪkʊn,ɪkɪn,ɪkʊn
ɪk,ɪkɪŋ,ɪkʊŋ,ɪkɪŋ,ɪkʊŋ
ɪk,ɪkɪp,ɪkʊp,ɪkɪp,ɪkʊp
ɪk,ɪkɪt,ɪkʊt,ɪkɪt,ɪkʊt
ɪk,ɪkɪk,ɪkʊk,ɪkɪk,ɪkʊk
ɪk,ɪkɪb,ɪkʊb,ɪkɪb,ɪkʊb
ɪk,ɪkɪd,ɪkʊd,ɪkɪd,ɪkʊd
ɪk,ɪkɪg,ɪkʊg,ɪkɪg,ɪkʊg
ɪk,ɪkɪf,ɪkʊf,ɪkɪf,ɪkʊf
ɪk,ɪkɪs,ɪkʊs,ɪkɪs,ɪkʊs
ɪk,ɪkɪv,ɪkʊv,ɪkɪv,ɪkʊv
ɪk,ɪkɪz,ɪkʊz,ɪkɪz,ɪkʊz
ɪk,ɪkɪʃ,ɪkʊʃ,ɪkɪʃ,ɪkʊʃ
ɪk,ɪkɪʒ,ɪkʊʒ,ɪkɪʒ,ɪkʊʒ
ɪk,ɪkɪθ,ɪkʊθ,ɪkɪθ,ɪkʊθ
ɪk,ɪkɪð,ɪkʊð,ɪkɪð,ɪkʊð
ɪb,ɪbɪm,ɪbʊm,ɪbɪm,ɪbʊm
ɪb,ɪbɪn,ɪbʊn,ɪbɪn,ɪbʊn
ɪb,ɪbɪŋ,ɪbʊŋ,ɪbɪŋ,ɪbʊŋ
ɪb,ɪbɪp,ɪbʊp,ɪbɪp,ɪbʊp
ɪb,ɪbɪt,ɪbʊt,ɪbɪt,ɪbʊt
ɪb,ɪbɪk,ɪbʊk,ɪbɪk,ɪbʊk
ɪb,ɪbɪb,ɪbʊb,ɪbɪb,ɪbʊb
ɪb,ɪbɪd,ɪbʊd,ɪbɪd,ɪbʊd
ɪb,ɪbɪg,ɪbʊg,ɪbɪg,ɪbʊg
ɪb,ɪbɪf,ɪbʊf,ɪbɪf,ɪbʊf
ɪb,ɪbɪs,ɪbʊs,ɪbɪs,ɪbʊs
ɪb,ɪbɪv,ɪbʊv,ɪbɪv,ɪbʊv
ɪb,ɪbɪz,ɪbʊz,ɪbɪz,ɪbʊz
ɪb,ɪbɪʃ,ɪbʊʃ,ɪbɪʃ,ɪbʊʃ
ɪb,ɪbɪʒ,ɪbʊʒ,ɪbɪʒ,ɪbʊʒ
ɪb,ɪbɪθ,ɪbʊθ,ɪbɪθ,ɪbʊθ
ɪb,ɪbɪð,ɪbʊð,ɪbɪð,ɪbʊð
ɪd,ɪdɪm,ɪdʊm,ɪdɪm,ɪdʊm
ɪd,ɪdɪn,ɪdʊn,ɪdɪn,ɪdʊn
ɪd,ɪdɪŋ,ɪdʊŋ,ɪdɪŋ,ɪdʊŋ
ɪd,ɪdɪp,ɪdʊp,ɪdɪp,ɪdʊp
ɪd,ɪdɪt,ɪdʊt,ɪdɪt,ɪdʊt
ɪd,ɪdɪk,ɪdʊk,ɪdɪk,ɪdʊk
ɪd,ɪdɪb,ɪdʊb,ɪdɪb,ɪdʊb
ɪd,ɪdɪd,ɪdʊd,ɪdɪd,ɪdʊd
ɪd,ɪdɪg,ɪdʊg,ɪdɪg,ɪdʊg
ɪd,ɪdɪf,ɪdʊf,ɪdɪf,ɪdʊf
ɪd,ɪdɪs,ɪdʊs,ɪdɪs,ɪdʊs
ɪd,ɪdɪv,ɪdʊv,ɪdɪv,ɪdʊv
ɪd,ɪdɪz,ɪdʊz,ɪdɪz,ɪdʊz
ɪd,ɪdɪʃ,ɪdʊʃ,ɪdɪʃ,ɪdʊʃ
ɪd,ɪdɪʒ,ɪdʊʒ,ɪdɪʒ,ɪdʊʒ
ɪd,ɪdɪθ,ɪdʊθ,ɪdɪθ,ɪdʊθ
ɪd,ɪdɪð,ɪdʊð,ɪdɪð,ɪdʊð
ɪg,ɪgɪm,ɪgʊm,ɪgɪm,ɪgʊm
ɪg,ɪgɪn,ɪgʊn,ɪgɪn,ɪgʊn
ɪg,ɪgɪŋ,ɪgʊŋ,ɪgɪŋ,ɪgʊŋ
ɪg,ɪgɪp,ɪgʊp,ɪgɪp,ɪgʊp
ɪg,ɪgɪt,ɪgʊt,ɪgɪt,ɪgʊt
ɪg,ɪgɪk,ɪgʊk,ɪgɪk,ɪgʊk
ɪg,ɪgɪb,ɪgʊb,ɪgɪb,ɪgʊb
ɪg,ɪgɪd,ɪgʊd,ɪgɪd,ɪgʊd
ɪg,ɪgɪg,ɪgʊg,ɪgɪg,ɪgʊg
ɪg,ɪgɪf,ɪgʊf,ɪgɪf,ɪgʊf
ɪg,ɪgɪs,ɪgʊs,ɪgɪs,ɪgʊs
ɪg,ɪgɪv,ɪgʊv,ɪgɪv,ɪgʊv
ɪg,ɪgɪz,ɪgʊz,ɪgɪz,ɪgʊz
ɪg,ɪgɪʃ,ɪgʊʃ,ɪgɪʃ,ɪgʊʃ
ɪg,ɪgɪʒ,ɪgʊʒ,ɪgɪʒ,ɪgʊʒ
ɪg,ɪgɪθ,ɪgʊθ,ɪgɪθ,ɪgʊθ
ɪg,ɪgɪð,ɪgʊð,ɪgɪð,ɪgʊð
ɪf,ɪfɪm,ɪfʊm,ɪfɪm,ɪfʊm
ɪf,ɪfɪn,ɪfʊn,ɪfɪn,ɪfʊn
ɪf,ɪfɪŋ,ɪfʊŋ,ɪfɪŋ,ɪfʊŋ
ɪf,ɪfɪp,ɪfʊp,ɪfɪp,ɪfʊp
ɪf,ɪfɪt,ɪfʊt,ɪfɪt,ɪfʊt
ɪf,ɪfɪk,ɪfʊk,ɪfɪk,ɪfʊk
ɪf,ɪfɪb,ɪfʊb,ɪfɪb,ɪfʊb
ɪf,ɪfɪd,ɪfʊd,ɪfɪd,ɪfʊd
ɪf,ɪfɪg,ɪfʊg,ɪfɪg,ɪfʊg
ɪf,ɪfɪf,ɪfʊf,ɪfɪf,ɪfʊf
ɪf,ɪfɪs,ɪfʊs,ɪfɪs,ɪfʊs
ɪf,ɪfɪv,ɪfʊv,ɪfɪv,ɪfʊv
ɪf,ɪfɪz,ɪfʊz,ɪfɪz,ɪfʊz
ɪf,ɪfɪʃ,ɪfʊʃ,ɪfɪʃ,ɪfʊʃ
ɪf,ɪfɪʒ,ɪfʊʒ,ɪfɪʒ,ɪfʊʒ
ɪf,ɪfɪθ,ɪfʊθ,ɪfɪθ,ɪfʊθ
ɪf,ɪfɪð,ɪfʊð,ɪfɪð,ɪfʊð
ɪs,ɪsɪm,ɪsʊm,ɪsɪm,ɪsʊm
ɪs,ɪsɪn,ɪsʊn,ɪsɪn,ɪsʊn
ɪs,ɪsɪŋ,ɪsʊŋ,ɪsɪŋ,ɪsʊŋ
ɪs,ɪsɪp,ɪsʊp,ɪsɪp,ɪsʊp
ɪs,ɪsɪt,ɪsʊt,ɪsɪt,ɪsʊt
ɪs,ɪsɪk,ɪsʊk,ɪsɪk,ɪsʊk
ɪs,ɪsɪb,ɪsʊb,ɪsɪb,ɪsʊb
ɪs,ɪsɪd,ɪsʊd,ɪsɪd,ɪsʊd
ɪs,ɪsɪg,ɪsʊg,ɪsɪg,ɪsʊg
ɪs,ɪsɪf,ɪsʊf,ɪsɪf,ɪsʊf
ɪs,ɪsɪs,ɪsʊs,ɪsɪs,ɪsʊs
ɪs,ɪsɪv,ɪsʊv,ɪsɪv,ɪsʊv
ɪs,ɪsɪz,ɪsʊz,ɪsɪz,ɪsʊz
ɪs,ɪsɪʃ,ɪsʊʃ,ɪsɪʃ,ɪsʊʃ
ɪs,ɪsɪʒ,ɪsʊʒ,ɪsɪʒ,ɪsʊʒ
ɪs,ɪsɪθ,ɪsʊθ,ɪsɪθ,ɪsʊθ
ɪs,ɪsɪð,ɪsʊð,ɪsɪð,ɪsʊð
ɪv,ɪvɪm,ɪvʊm,ɪvɪm,ɪvʊm
ɪv,ɪvɪn,ɪvʊn,ɪvɪn,ɪvʊn
ɪv,ɪvɪŋ,ɪvʊŋ,ɪvɪŋ,ɪvʊŋ
ɪv,ɪvɪp,ɪvʊp,ɪvɪp,ɪvʊp
ɪv,ɪvɪt,ɪvʊt,ɪvɪt,ɪvʊt
ɪv,ɪvɪk,ɪvʊk,ɪvɪk,ɪvʊk
ɪv,ɪvɪb,ɪvʊb,ɪvɪb,ɪvʊb
ɪv,ɪvɪd,ɪvʊd,ɪvɪd,ɪvʊd
ɪv,ɪvɪg,ɪvʊg,ɪvɪg,ɪvʊg
ɪv,ɪvɪf,ɪvʊf,ɪvɪf,ɪvʊf
ɪv,ɪvɪs,ɪvʊs,ɪvɪs,ɪvʊs
ɪv,ɪvɪv,ɪvʊv,ɪvɪv,ɪvʊv
ɪv,ɪvɪz,ɪvʊz,ɪvɪz,ɪvʊz
ɪv,ɪvɪʃ,ɪvʊʃ,ɪvɪʃ,ɪvʊʃ
ɪv,ɪvɪʒ,ɪvʊʒ,ɪvɪʒ,ɪvʊʒ
ɪv,ɪvɪθ,ɪvʊθ,ɪvɪθ,ɪvʊθ
ɪv,ɪvɪð,ɪvʊð,ɪvɪð,ɪvʊð
ɪz,ɪzɪm,ɪzʊm,ɪzɪm,ɪzʊm
ɪz,ɪzɪn,ɪzʊn,ɪzɪn,ɪzʊn
ɪz,ɪzɪŋ,ɪzʊŋ,ɪzɪŋ,ɪzʊŋ
ɪz,ɪzɪp,ɪzʊp,ɪzɪp,ɪzʊp
ɪz,ɪzɪt,ɪzʊt,ɪzɪt,ɪzʊt
ɪz,ɪzɪk,ɪzʊk,ɪzɪk,ɪzʊk
ɪz,ɪzɪb,ɪzʊb,ɪzɪb,ɪzʊb
ɪz,ɪzɪd,ɪzʊd,ɪzɪd,ɪzʊd
ɪz,ɪzɪg,ɪzʊg,ɪzɪg,ɪzʊg
ɪz,ɪzɪf,ɪzʊf,ɪzɪf,ɪzʊf
ɪz,ɪzɪs,ɪzʊs,ɪzɪs,ɪzʊs
ɪz,ɪzɪv,ɪzʊv,ɪzɪv,ɪzʊv
ɪz,ɪzɪz,ɪzʊz,ɪzɪz,ɪzʊz
ɪz,ɪzɪʃ,ɪzʊʃ,ɪzɪʃ,ɪzʊʃ
ɪz,ɪzɪʒ,ɪzʊʒ,ɪzɪʒ,ɪzʊʒ
ɪz,ɪzɪθ,ɪzʊθ,ɪzɪθ,ɪzʊθ
ɪz,ɪzɪð,ɪzʊð,ɪzɪð,ɪzʊð
ɪʃ,ɪʃɪm,ɪʃʊm,ɪʃɪm,ɪʃʊm
ɪʃ,ɪʃɪn,ɪʃʊn,ɪʃɪn,ɪʃʊn
ɪʃ,ɪʃɪŋ,ɪʃʊŋ,ɪʃɪŋ,ɪʃʊŋ
ɪʃ,ɪʃɪp,ɪʃʊp,ɪʃɪp,ɪʃʊp
ɪʃ,ɪʃɪt,ɪʃʊt,ɪʃɪt,ɪʃʊt
ɪʃ,ɪʃɪk,ɪʃʊk,ɪʃɪk,ɪʃʊk
ɪʃ,ɪʃɪb,ɪʃʊb,ɪʃɪb,ɪʃʊb
ɪʃ,ɪʃɪd,ɪʃʊd,ɪʃɪd,ɪʃʊd
ɪʃ,ɪʃɪg,ɪʃʊg,ɪʃɪg,ɪʃʊg
ɪʃ,ɪʃɪf,ɪʃʊf,ɪʃɪf,ɪʃʊf
ɪʃ,ɪʃɪs,ɪʃʊs,ɪʃɪs,ɪʃʊs
ɪʃ,ɪʃɪv,ɪʃʊv,ɪʃɪv,ɪʃʊv
ɪʃ,ɪʃɪz,ɪʃʊz,ɪʃɪz,ɪʃʊz
ɪʃ,ɪʃɪʃ,ɪʃʊʃ,ɪʃɪʃ,ɪʃʊʃ
ɪʃ,ɪʃɪʒ,ɪʃʊʒ,ɪʃɪʒ,ɪʃʊʒ
ɪʃ,ɪʃɪθ,ɪʃʊθ,ɪʃɪθ,ɪʃʊθ
ɪʃ,ɪʃɪð,ɪʃʊð,ɪʃɪð,ɪʃʊð
ɪʒ,ɪʒɪm,ɪʒʊm,ɪʒɪm,ɪʒʊm
ɪʒ,ɪʒɪn,ɪʒʊn,ɪʒɪn,ɪʒʊn
ɪʒ,ɪʒɪŋ,ɪʒʊŋ,ɪʒɪŋ,ɪʒʊŋ
ɪʒ,ɪʒɪp,ɪʒʊp,ɪʒɪp,ɪʒʊp
ɪʒ,ɪʒɪt,ɪʒʊt,ɪʒɪt,ɪʒʊt
ɪʒ,ɪʒɪk,ɪʒʊk,ɪʒɪk,ɪʒʊk
ɪʒ,ɪʒɪb,ɪʒʊb,ɪʒɪb,ɪʒʊb
ɪʒ,ɪʒɪd,ɪʒʊd,ɪʒɪd,ɪʒʊd
ɪʒ,ɪʒɪg,ɪʒʊg,ɪʒɪg,ɪʒʊg
ɪʒ,ɪʒɪf,ɪʒʊf,ɪʒɪf,ɪʒʊf
ɪʒ,ɪʒɪs,ɪʒʊs,ɪʒɪs,ɪʒʊs
ɪʒ,ɪʒɪv,ɪʒʊv,ɪʒɪv,ɪʒʊv
ɪʒ,ɪʒɪz,ɪʒʊz,ɪʒɪz,ɪʒʊz
ɪʒ,ɪʒɪʃ,ɪʒʊʃ,ɪʒɪʃ,ɪʒʊʃ
ɪʒ,ɪʒɪʒ,ɪʒʊʒ,ɪʒɪʒ,ɪʒʊʒ
ɪʒ,ɪʒɪθ,ɪʒʊθ,ɪʒɪθ,ɪʒʊθ
ɪʒ,ɪʒɪð,ɪʒʊð,ɪʒɪð,ɪʒʊð
ɪθ,ɪθɪm,ɪθʊm,ɪθɪm,ɪθʊm
ɪθ,ɪθɪn,ɪθʊn,ɪθɪn,ɪθʊn
ɪθ,ɪθɪŋ,ɪθʊŋ,ɪθɪŋ,ɪθʊŋ
ɪθ,ɪθɪp,ɪθʊp,ɪθɪp,ɪθʊp
ɪθ,ɪθɪt,ɪθʊt,ɪθɪt,ɪθʊt
ɪθ,ɪθɪk,ɪθʊk,ɪθɪk,ɪθʊk
ɪθ,ɪθɪb,ɪθʊb,ɪθɪb,ɪθʊb
ɪθ,ɪθɪd,ɪθʊd,ɪθɪd,ɪθʊd
ɪθ,ɪθɪg,ɪθʊg,ɪθɪg,ɪθʊg
ɪθ,ɪθɪf,ɪθʊf,ɪθɪf,ɪθʊf
ɪθ,ɪθɪs,ɪθʊs,ɪθɪs,ɪθʊs
ɪθ,ɪθɪv,ɪθʊv,ɪθɪv,ɪθʊv
ɪθ,ɪθɪz,ɪθʊz,ɪθɪz,ɪθʊz
ɪθ,ɪθɪʃ,ɪθʊʃ,ɪθɪʃ,ɪθʊʃ
ɪθ,ɪθɪʒ,ɪθʊʒ,ɪθɪʒ,ɪθʊʒ
ɪθ,ɪθɪθ,ɪθʊθ,ɪθɪθ,ɪθʊθ
ɪθ,ɪθɪð,ɪθʊð,ɪθɪð,ɪθʊð
ɪð,ɪðɪm,ɪðʊm,ɪðɪm,ɪðʊm
ɪð,ɪðɪn,ɪðʊn,ɪðɪn,ɪðʊn
ɪð,ɪðɪŋ,ɪðʊŋ,ɪðɪŋ,ɪðʊŋ
ɪð,ɪðɪp,ɪðʊp,ɪðɪp,ɪðʊp
ɪð,ɪðɪt,ɪðʊt,ɪðɪt,ɪðʊt
ɪð,ɪðɪk,ɪðʊk,ɪðɪk,ɪðʊk
ɪð,ɪðɪb,ɪðʊb,ɪðɪb,ɪðʊb
ɪð,ɪðɪd,ɪðʊd,ɪðɪd,ɪðʊd
ɪð,ɪðɪg,ɪðʊg,ɪðɪg,ɪðʊg
ɪð,ɪðɪf,ɪðʊf,ɪðɪf,ɪðʊf
ɪð,ɪðɪs,ɪðʊs,ɪðɪs,ɪðʊs
ɪð,ɪðɪv,ɪðʊv,ɪðɪv,ɪðʊv
ɪð,ɪðɪz,ɪðʊz,ɪðɪz,ɪðʊz
ɪð,ɪðɪʃ,ɪðʊʃ,ɪðɪʃ,ɪðʊʃ
ɪð,ɪðɪʒ,ɪðʊʒ,ɪðɪʒ,ɪðʊʒ
ɪð,ɪðɪθ,ɪðʊθ,ɪðɪθ,ɪðʊθ
ɪð,ɪðɪð,ɪðʊð,ɪðɪð,ɪðʊð
ɪm,ɪmɛm,ɪmɔm,ɪmɛm,ɪmɔm
ɪm,ɪmɛn,ɪmɔn,ɪmɛn,ɪmɔn
ɪm,ɪmɛŋ,ɪmɔŋ,ɪmɛŋ,ɪmɔŋ
ɪm,ɪmɛp,ɪmɔp,ɪmɛp,ɪmɔp
ɪm,ɪmɛt,ɪmɔt,ɪmɛt,ɪmɔt
ɪm,ɪmɛk,ɪmɔk,ɪmɛk,ɪmɔk
ɪm,ɪmɛb,ɪmɔb,ɪmɛb,ɪmɔb
ɪm,ɪmɛd,ɪmɔd,ɪmɛd,ɪmɔd
ɪm,ɪmɛg,ɪmɔg,ɪmɛg,ɪmɔg
ɪm,ɪmɛf,ɪmɔf,ɪmɛf,ɪmɔf
ɪm,ɪmɛs,ɪmɔs,ɪmɛs,ɪmɔs
ɪm,ɪmɛv,ɪmɔv,ɪmɛv,ɪmɔv
ɪm,ɪmɛz,ɪmɔz,ɪmɛz,ɪmɔz
ɪm,ɪmɛʃ,ɪmɔʃ,ɪmɛʃ,ɪmɔʃ
ɪm,ɪmɛʒ,ɪmɔʒ,ɪmɛʒ,ɪmɔʒ
ɪm,ɪmɛθ,ɪmɔθ,ɪmɛθ,ɪmɔθ
ɪm,ɪmɛð,ɪmɔð,ɪmɛð,ɪmɔð
ɪn,ɪnɛm,ɪnɔm,ɪnɛm,ɪnɔm
ɪn,ɪnɛn,ɪnɔn,ɪnɛn,ɪnɔn
ɪn,ɪnɛŋ,ɪnɔŋ,ɪnɛŋ,ɪnɔŋ
ɪn,ɪnɛp,ɪnɔp,ɪnɛp,ɪnɔp
ɪn,ɪnɛt,ɪnɔt,ɪnɛt,ɪnɔt
ɪn,ɪnɛk,ɪnɔk,ɪnɛk,ɪnɔk
ɪn,ɪnɛb,ɪnɔb,ɪnɛb,ɪnɔb
ɪn,ɪnɛd,ɪnɔd,ɪnɛd,ɪnɔd
ɪn,ɪnɛg,ɪnɔg,ɪnɛg,ɪnɔg
ɪn,ɪnɛf,ɪnɔf,ɪnɛf,ɪnɔf
ɪn,ɪnɛs,ɪnɔs,ɪnɛs,ɪnɔs
ɪn,ɪnɛv,ɪnɔv,ɪnɛv,ɪnɔv
ɪn,ɪnɛz,ɪnɔz,ɪnɛz,ɪnɔz
ɪn,ɪnɛʃ,ɪnɔʃ,ɪnɛʃ,ɪnɔʃ
ɪn,ɪnɛʒ,ɪnɔʒ,ɪnɛʒ,ɪnɔʒ
ɪn,ɪnɛθ,ɪnɔθ,ɪnɛθ,ɪnɔθ
ɪn,ɪnɛð,ɪnɔð,ɪnɛð,ɪnɔð
ɪŋ,ɪŋɛm,ɪŋɔm,ɪŋɛm,ɪŋɔm
ɪŋ,ɪŋɛn,ɪŋɔn,ɪŋɛn,ɪŋɔn
ɪŋ,ɪŋɛŋ,ɪŋɔŋ,ɪŋɛŋ,ɪŋɔŋ
ɪŋ,ɪŋɛp,ɪŋɔp,ɪŋɛp,ɪŋɔp
ɪŋ,ɪŋɛt,ɪŋɔt,ɪŋɛt,ɪŋɔt
ɪŋ,ɪŋɛk,ɪŋɔk,ɪŋɛk,ɪŋɔk
ɪŋ,ɪŋɛb,ɪŋɔb,ɪŋɛb,ɪŋɔb
ɪŋ,ɪŋɛd,ɪŋɔd,ɪŋɛd,ɪŋɔd
ɪŋ,ɪŋɛg,ɪŋɔg,ɪŋɛg,ɪŋɔg
ɪŋ,ɪŋɛf,ɪŋɔf,ɪŋɛf,ɪŋɔf
ɪŋ,ɪŋɛs,ɪŋɔs,ɪŋɛs,ɪŋɔs
ɪŋ,ɪŋɛv,ɪŋɔv,ɪŋɛv,ɪŋɔv
ɪŋ,ɪŋɛz,ɪŋɔz,ɪŋɛz,ɪŋɔz
ɪŋ,ɪŋɛʃ,ɪŋɔʃ,ɪŋɛʃ,ɪŋɔʃ
ɪŋ,ɪŋɛʒ,ɪŋɔʒ,ɪŋɛʒ,ɪŋɔʒ
ɪŋ,ɪŋɛθ,ɪŋɔθ,ɪŋɛθ,ɪŋɔθ
ɪŋ,ɪŋɛð,ɪŋɔð,ɪŋɛð,ɪŋɔð
ɪp,ɪpɛm,ɪpɔm,ɪpɛm,ɪpɔm
ɪp,ɪpɛn,ɪpɔn,ɪpɛn,ɪpɔn
ɪp,ɪpɛŋ,ɪpɔŋ,ɪpɛŋ,ɪpɔŋ
ɪp,ɪpɛp,ɪpɔp,ɪpɛp,ɪpɔp
ɪp,ɪpɛt,ɪpɔt,ɪpɛt,ɪpɔt
ɪp,ɪpɛk,ɪpɔk,ɪpɛk,ɪpɔk
ɪp,ɪpɛb,ɪpɔb,ɪpɛb,ɪpɔb
ɪp,ɪpɛd,ɪpɔd,ɪpɛd,ɪpɔd
ɪp,ɪpɛg,ɪpɔg,ɪpɛg,ɪpɔg
ɪp,ɪpɛf,ɪpɔf,ɪpɛf,ɪpɔf
ɪp,ɪpɛs,ɪpɔs,ɪpɛs,ɪpɔs
ɪp,ɪpɛv,ɪpɔv,ɪpɛv,ɪpɔv
ɪp,ɪpɛz,ɪpɔz,ɪpɛz,ɪpɔz
ɪp,ɪpɛʃ,ɪpɔʃ,ɪpɛʃ,ɪpɔʃ
ɪp,ɪpɛʒ,ɪpɔʒ,ɪpɛʒ,ɪpɔʒ
ɪp,ɪpɛθ,ɪpɔθ,ɪpɛθ,ɪpɔθ
ɪp,ɪpɛð,ɪpɔð,ɪpɛð,ɪpɔð
ɪt,ɪtɛm,ɪtɔm,ɪtɛm,ɪtɔm
ɪt,ɪtɛn,ɪtɔn,ɪtɛn,ɪtɔn
ɪt,ɪtɛŋ,ɪtɔŋ,ɪtɛŋ,ɪtɔŋ
ɪt,ɪtɛp,ɪtɔp,ɪtɛp,ɪtɔp
ɪt,ɪtɛt,ɪtɔt,ɪtɛt,ɪtɔt
ɪt,ɪtɛk,ɪtɔk,ɪtɛk,ɪtɔk
ɪt,ɪtɛb,ɪtɔb,ɪtɛb,ɪtɔb
ɪt,ɪtɛd,ɪtɔd,ɪtɛd,ɪtɔd
ɪt,ɪtɛg,ɪtɔg,ɪtɛg,ɪtɔg
ɪt,ɪtɛf,ɪtɔf,ɪtɛf,ɪtɔf
ɪt,ɪtɛs,ɪtɔs,ɪtɛs,ɪtɔs
ɪt,ɪtɛv,ɪtɔv,ɪtɛv,ɪtɔv
ɪt,ɪtɛz,ɪtɔz,ɪtɛz,ɪtɔz
ɪt,ɪtɛʃ,ɪtɔʃ,ɪtɛʃ,ɪtɔʃ
ɪt,ɪtɛʒ,ɪtɔʒ,ɪtɛʒ,ɪtɔʒ
ɪt,ɪtɛθ,ɪtɔθ,ɪtɛθ,ɪtɔθ
ɪt,ɪtɛð,ɪtɔð,ɪtɛð,ɪtɔð
ɪk,ɪkɛm,ɪkɔm,ɪkɛm,ɪkɔm
ɪk,ɪkɛn,ɪkɔn,ɪkɛn,ɪkɔn
ɪk,ɪkɛŋ,ɪkɔŋ,ɪkɛŋ,ɪkɔŋ
ɪk,ɪkɛp,ɪkɔp,ɪkɛp,ɪkɔp
ɪk,ɪkɛt,ɪkɔt,ɪkɛt,ɪkɔt
ɪk,ɪkɛk,ɪkɔk,ɪkɛk,ɪkɔk
ɪk,ɪkɛb,ɪkɔb,ɪkɛb,ɪkɔb
ɪk,ɪkɛd,ɪkɔd,ɪkɛd,ɪkɔd
ɪk,ɪkɛg,ɪkɔg,ɪkɛg,ɪkɔg
ɪk,ɪkɛf,ɪkɔf,ɪkɛf,ɪkɔf
ɪk,ɪkɛs,ɪkɔs,ɪkɛs,ɪkɔs
ɪk,ɪkɛv,ɪkɔv,ɪkɛv,ɪkɔv
ɪk,ɪkɛz,ɪkɔz,ɪkɛz,ɪkɔz
ɪk,ɪkɛʃ,ɪkɔʃ,ɪkɛʃ,ɪkɔʃ
ɪk,ɪkɛʒ,ɪkɔʒ,ɪkɛʒ,ɪkɔʒ
ɪk,ɪkɛθ,ɪkɔθ,ɪkɛθ,ɪkɔθ
ɪk,ɪkɛð,ɪkɔð,ɪkɛð,ɪkɔð
ɪb,ɪbɛm,ɪbɔm,ɪbɛm,ɪbɔm
ɪb,ɪbɛn,ɪbɔn,ɪbɛn,ɪbɔn
ɪb,ɪbɛŋ,ɪbɔŋ,ɪbɛŋ,ɪbɔŋ
ɪb,ɪbɛp,ɪbɔp,ɪbɛp,ɪbɔp
ɪb,ɪbɛt,ɪbɔt,ɪbɛt,ɪbɔt
ɪb,ɪbɛk,ɪbɔk,ɪbɛk,ɪbɔk
ɪb,ɪbɛb,ɪbɔb,ɪbɛb,ɪbɔb
ɪb,ɪbɛd,ɪbɔd,ɪbɛd,ɪbɔd
ɪb,ɪbɛg,ɪbɔg,ɪbɛg,ɪbɔg
ɪb,ɪbɛf,ɪbɔf,ɪbɛf,ɪbɔf
ɪb,ɪbɛs,ɪbɔs,ɪbɛs,ɪbɔs
ɪb,ɪbɛv,ɪbɔv,ɪbɛv,ɪbɔv
ɪb,ɪbɛz,ɪbɔz,ɪbɛz,ɪbɔz
ɪb,ɪbɛʃ,ɪbɔʃ,ɪbɛʃ,ɪbɔʃ
ɪb,ɪbɛʒ,ɪbɔʒ,ɪbɛʒ,ɪbɔʒ
ɪb,ɪbɛθ,ɪbɔθ,ɪbɛθ,ɪbɔθ
ɪb,ɪbɛð,ɪbɔð,ɪbɛð,ɪbɔð
ɪd,ɪdɛm,ɪdɔm,ɪdɛm,ɪdɔm
ɪd,ɪdɛn,ɪdɔn,ɪdɛn,ɪdɔn
ɪd,ɪdɛŋ,ɪdɔŋ,ɪdɛŋ,ɪdɔŋ
ɪd,ɪdɛp,ɪdɔp,ɪdɛp,ɪdɔp
ɪd,ɪdɛt,ɪdɔt,ɪdɛt,ɪdɔt
ɪd,ɪdɛk,ɪdɔk,ɪdɛk,ɪdɔk
ɪd,ɪdɛb,ɪdɔb,ɪdɛb,ɪdɔb
ɪd,ɪdɛd,ɪdɔd,ɪdɛd,ɪdɔd
ɪd,ɪdɛg,ɪdɔg,ɪdɛg,ɪdɔg
ɪd,ɪdɛf,ɪdɔf,ɪdɛf,ɪdɔf
ɪd,ɪdɛs,ɪdɔs,ɪdɛs,ɪdɔs
ɪd,ɪdɛv,ɪdɔv,ɪdɛv,ɪdɔv
ɪd,ɪdɛz,ɪdɔz,ɪdɛz,ɪdɔz
ɪd,ɪdɛʃ,ɪdɔʃ,ɪdɛʃ,ɪdɔʃ
ɪd,ɪdɛʒ,ɪdɔʒ,ɪdɛʒ,ɪdɔʒ
ɪd,ɪdɛθ,ɪdɔθ,ɪdɛθ,ɪdɔθ
ɪd,ɪdɛð,ɪdɔð,ɪdɛð,ɪdɔð
ɪg,ɪgɛm,ɪgɔm,ɪgɛm,ɪgɔm
ɪg,ɪgɛn,ɪgɔn,ɪgɛn,ɪgɔn
ɪg,ɪgɛŋ,ɪgɔŋ,ɪgɛŋ,ɪgɔŋ
ɪg,ɪgɛp,ɪgɔp,ɪgɛp,ɪgɔp
ɪg,ɪgɛt,ɪgɔt,ɪgɛt,ɪgɔt
ɪg,ɪgɛk,ɪgɔk,ɪgɛk,ɪgɔk
ɪg,ɪgɛb,ɪgɔb,ɪgɛb,ɪgɔb
ɪg,ɪgɛd,ɪgɔd,ɪgɛd,ɪgɔd
ɪg,ɪgɛg,ɪgɔg,ɪgɛg,ɪgɔg
ɪg,ɪgɛf,ɪgɔf,ɪgɛf,ɪgɔf
ɪg,ɪgɛs,ɪgɔs,ɪgɛs,ɪgɔs
ɪg,ɪgɛv,ɪgɔv,ɪgɛv,ɪgɔv
ɪg,ɪgɛz,ɪgɔz,ɪgɛz,ɪgɔz
ɪg,ɪgɛʃ,ɪgɔʃ,ɪgɛʃ,ɪgɔʃ
ɪg,ɪgɛʒ,ɪgɔʒ,ɪgɛʒ,ɪgɔʒ
ɪg,ɪgɛθ,ɪgɔθ,ɪgɛθ,ɪgɔθ
ɪg,ɪgɛð,ɪgɔð,ɪgɛð,ɪgɔð
ɪf,ɪfɛm,ɪfɔm,ɪfɛm,ɪfɔm
ɪf,ɪfɛn,ɪfɔn,ɪfɛn,ɪfɔn
ɪf,ɪfɛŋ,ɪfɔŋ,ɪfɛŋ,ɪfɔŋ
ɪf,ɪfɛp,ɪfɔp,ɪfɛp,ɪfɔp
ɪf,ɪfɛt,ɪfɔt,ɪfɛt,ɪfɔt
ɪf,ɪfɛk,ɪfɔk,ɪfɛk,ɪfɔk
ɪf,ɪfɛb,ɪfɔb,ɪfɛb,ɪfɔb
ɪf,ɪfɛd,ɪfɔd,ɪfɛd,ɪfɔd
ɪf,ɪfɛg,ɪfɔg,ɪfɛg,ɪfɔg
ɪf,ɪfɛf,ɪfɔf,ɪfɛf,ɪfɔf
ɪf,ɪfɛs,ɪfɔs,ɪfɛs,ɪfɔs
ɪf,ɪfɛv,ɪfɔv,ɪfɛv,ɪfɔv
ɪf,ɪfɛz,ɪfɔz,ɪfɛz,ɪfɔz
ɪf,ɪfɛʃ,ɪfɔʃ,ɪfɛʃ,ɪfɔʃ
ɪf,ɪfɛʒ,ɪfɔʒ,ɪfɛʒ,ɪfɔʒ
ɪf,ɪfɛθ,ɪfɔθ,ɪfɛθ,ɪfɔθ
ɪf,ɪfɛð,ɪfɔð,ɪfɛð,ɪfɔð
ɪs,ɪsɛm,ɪsɔm,ɪsɛm,ɪsɔm
ɪs,ɪsɛn,ɪsɔn,ɪsɛn,ɪsɔn
ɪs,ɪsɛŋ,ɪsɔŋ,ɪsɛŋ,ɪsɔŋ
ɪs,ɪsɛp,ɪsɔp,ɪsɛp,ɪsɔp
ɪs,ɪsɛt,ɪsɔt,ɪsɛt,ɪsɔt
ɪs,ɪsɛk,ɪsɔk,ɪsɛk,ɪsɔk
ɪs,ɪsɛb,ɪsɔb,ɪsɛb,ɪsɔb
ɪs,ɪsɛd,ɪsɔd,ɪsɛd,ɪsɔd
ɪs,ɪsɛg,ɪsɔg,ɪsɛg,ɪsɔg
ɪs,ɪsɛf,ɪsɔf,ɪsɛf,ɪsɔf
ɪs,ɪsɛs,ɪsɔs,ɪsɛs,ɪsɔs
ɪs,ɪsɛv,ɪsɔv,ɪsɛv,ɪsɔv
ɪs,ɪsɛz,ɪsɔz,ɪsɛz,ɪsɔz
ɪs,ɪsɛʃ,ɪsɔʃ,ɪsɛʃ,ɪsɔʃ
ɪs,ɪsɛʒ,ɪsɔʒ,ɪsɛʒ,ɪsɔʒ
ɪs,ɪsɛθ,ɪsɔθ,ɪsɛθ,ɪsɔθ
ɪs,ɪsɛð,ɪsɔð,ɪsɛð,ɪsɔð
ɪv,ɪvɛm,ɪvɔm,ɪvɛm,ɪvɔm
ɪv,ɪvɛn,ɪvɔn,ɪvɛn,ɪvɔn
ɪv,ɪvɛŋ,ɪvɔŋ,ɪvɛŋ,ɪvɔŋ
ɪv,ɪvɛp,ɪvɔp,ɪvɛp,ɪvɔp
ɪv,ɪvɛt,ɪvɔt,ɪvɛt,ɪvɔt
ɪv,ɪvɛk,ɪvɔk,ɪvɛk,ɪvɔk
ɪv,ɪvɛb,ɪvɔb,ɪvɛb,ɪvɔb
ɪv,ɪvɛd,ɪvɔd,ɪvɛd,ɪvɔd
ɪv,ɪvɛg,ɪvɔg,ɪvɛg,ɪvɔg
ɪv,ɪvɛf,ɪvɔf,ɪvɛf,ɪvɔf
ɪv,ɪvɛs,ɪvɔs,ɪvɛs,ɪvɔs
ɪv,ɪvɛv,ɪvɔv,ɪvɛv,ɪvɔv
ɪv,ɪvɛz,ɪvɔz,ɪvɛz,ɪvɔz
ɪv,ɪvɛʃ,ɪvɔʃ,ɪvɛʃ,ɪvɔʃ
ɪv,ɪvɛʒ,ɪvɔʒ,ɪvɛʒ,ɪvɔʒ
ɪv,ɪvɛθ,ɪvɔθ,ɪvɛθ,ɪvɔθ
ɪv,ɪvɛð,ɪvɔð,ɪvɛð,ɪvɔð
ɪz,ɪzɛm,ɪzɔm,ɪzɛm,ɪzɔm
ɪz,ɪzɛn,ɪzɔn,ɪzɛn,ɪzɔn
ɪz,ɪzɛŋ,ɪzɔŋ,ɪzɛŋ,ɪzɔŋ
ɪz,ɪzɛp,ɪzɔp,ɪzɛp,ɪzɔp
ɪz,ɪzɛt,ɪzɔt,ɪzɛt,ɪzɔt
ɪz,ɪzɛk,ɪzɔk,ɪzɛk,ɪzɔk
ɪz,ɪzɛb,ɪzɔb,ɪzɛb,ɪzɔb
ɪz,ɪzɛd,ɪzɔd,ɪzɛd,ɪzɔd
ɪz,ɪzɛg,ɪzɔg,ɪzɛg,ɪzɔg
ɪz,ɪzɛf,ɪzɔf,ɪzɛf,ɪzɔf
ɪz,ɪzɛs,ɪzɔs,ɪzɛs,ɪzɔs
ɪz,ɪzɛv,ɪzɔv,ɪzɛv,ɪzɔv
ɪz,ɪzɛz,ɪzɔz,ɪzɛz,ɪzɔz
ɪz,ɪzɛʃ,ɪzɔʃ,ɪzɛʃ,ɪzɔʃ
ɪz,ɪzɛʒ,ɪzɔʒ,ɪzɛʒ,ɪzɔʒ
ɪz,ɪzɛθ,ɪzɔθ,ɪzɛθ,ɪzɔθ
ɪz,ɪzɛð,ɪzɔð,ɪzɛð,ɪzɔð
ɪʃ,ɪʃɛm,ɪʃɔm,ɪʃɛm,ɪʃɔm
ɪʃ,ɪʃɛn,ɪʃɔn,ɪʃɛn,ɪʃɔn
ɪʃ,ɪʃɛŋ,ɪʃɔŋ,ɪʃɛŋ,ɪʃɔŋ
ɪʃ,ɪʃɛp,ɪʃɔp,ɪʃɛp,ɪʃɔp
ɪʃ,ɪʃɛt,ɪʃɔt,ɪʃɛt,ɪʃɔt
ɪʃ,ɪʃɛk,ɪʃɔk,ɪʃɛk,ɪʃɔk
ɪʃ,ɪʃɛb,ɪʃɔb,ɪʃɛb,ɪʃɔb
ɪʃ,ɪʃɛd,ɪʃɔd,ɪʃɛd,ɪʃɔd
ɪʃ,ɪʃɛg,ɪʃɔg,ɪʃɛg,ɪʃɔg
ɪʃ,ɪʃɛf,ɪʃɔf,ɪʃɛf,ɪʃɔf
ɪʃ,ɪʃɛs,ɪʃɔs,ɪʃɛs,ɪʃɔs
ɪʃ,ɪʃɛv,ɪʃɔv,ɪʃɛv,ɪʃɔv
ɪʃ,ɪʃɛz,ɪʃɔz,ɪʃɛz,ɪʃɔz
ɪʃ,ɪʃɛʃ,ɪʃɔʃ,ɪʃɛʃ,ɪʃɔʃ
ɪʃ,ɪʃɛʒ,ɪʃɔʒ,ɪʃɛʒ,ɪʃɔʒ
ɪʃ,ɪʃɛθ,ɪʃɔθ,ɪʃɛθ,ɪʃɔθ
ɪʃ,ɪʃɛð,ɪʃɔð,ɪʃɛð,ɪʃɔð
ɪʒ,ɪʒɛm,ɪʒɔm,ɪʒɛm,ɪʒɔm
ɪʒ,ɪʒɛn,ɪʒɔn,ɪʒɛn,ɪʒɔn
ɪʒ,ɪʒɛŋ,ɪʒɔŋ,ɪʒɛŋ,ɪʒɔŋ
ɪʒ,ɪʒɛp,ɪʒɔp,ɪʒɛp,ɪʒɔp
ɪʒ,ɪʒɛt,ɪʒɔt,ɪʒɛt,ɪʒɔt
ɪʒ,ɪʒɛk,ɪʒɔk,ɪʒɛk,ɪʒɔk
ɪʒ,ɪʒɛb,ɪʒɔb,ɪʒɛb,ɪʒɔb
ɪʒ,ɪʒɛd,ɪʒɔd,ɪʒɛd,ɪʒɔd
ɪʒ,ɪʒɛg,ɪʒɔg,ɪʒɛg,ɪʒɔg
ɪʒ,ɪʒɛf,ɪʒɔf,ɪʒɛf,ɪʒɔf
ɪʒ,ɪʒɛs,ɪʒɔs,ɪʒɛs,ɪʒɔs
ɪʒ,ɪʒɛv,ɪʒɔv,ɪʒɛv,ɪʒɔv
ɪʒ,ɪʒɛz,ɪʒɔz,ɪʒɛz,ɪʒɔz
ɪʒ,ɪʒɛʃ,ɪʒɔʃ,ɪʒɛʃ,ɪʒɔʃ
ɪʒ,ɪʒɛʒ,ɪʒɔʒ,ɪʒɛʒ,ɪʒɔʒ
ɪʒ,ɪʒɛθ,ɪʒɔθ,ɪʒɛθ,ɪʒɔθ
ɪʒ,ɪʒɛð,ɪʒɔð,ɪʒɛð,ɪʒɔð
ɪθ,ɪθɛm,ɪθɔm,ɪθɛm,ɪθɔm
ɪθ,ɪθɛn,ɪθɔn,ɪθɛn,ɪθɔn
ɪθ,ɪθɛŋ,ɪθɔŋ,ɪθɛŋ,ɪθɔŋ
ɪθ,ɪθɛp,ɪθɔp,ɪθɛp,ɪθɔp
ɪθ,ɪθɛt,ɪθɔt,ɪθɛt,ɪθɔt
ɪθ,ɪθɛk,ɪθɔk,ɪθɛk,ɪθɔk
ɪθ,ɪθɛb,ɪθɔb,ɪθɛb,ɪθɔb
ɪθ,ɪθɛd,ɪθɔd,ɪθɛd,ɪθɔd
ɪθ,ɪθɛg,ɪθɔg,ɪθɛg,ɪθɔg
ɪθ,ɪθɛf,ɪθɔf,ɪθɛf,ɪθɔf
ɪθ,ɪθɛs,ɪθɔs,ɪθɛs,ɪθɔs
ɪθ,ɪθɛv,ɪθɔv,ɪθɛv,ɪθɔv
ɪθ,ɪθɛz,ɪθɔz,ɪθɛz,ɪθɔz
ɪθ,ɪθɛʃ,ɪθɔʃ,ɪθɛʃ,ɪθɔʃ
ɪθ,ɪθɛʒ,ɪθɔʒ,ɪθɛʒ,ɪθɔʒ
ɪθ,ɪθɛθ,ɪθɔθ,ɪθɛθ,ɪθɔθ
ɪθ,ɪθɛð,ɪθɔð,ɪθɛð,ɪθɔð
ɪð,ɪðɛm,ɪðɔm,ɪðɛm,ɪðɔm
ɪð,ɪðɛn,ɪðɔn,ɪðɛn,ɪðɔn
ɪð,ɪðɛŋ,ɪðɔŋ,ɪðɛŋ,ɪðɔŋ
ɪð,ɪðɛp,ɪðɔp,ɪðɛp,ɪðɔp
ɪð,ɪðɛt,ɪðɔt,ɪðɛt,ɪðɔt
ɪð,ɪðɛk,ɪðɔk,ɪðɛk,ɪðɔk
ɪð,ɪðɛb,ɪðɔb,ɪðɛb,ɪðɔb
ɪð,ɪðɛd,ɪðɔd,ɪðɛd,ɪðɔd
ɪð,ɪðɛg,ɪðɔg,ɪðɛg,ɪðɔg
ɪð,ɪðɛf,ɪðɔf,ɪðɛf,ɪðɔf
ɪð,ɪðɛs,ɪðɔs,ɪðɛs,ɪðɔs
ɪð,ɪðɛv,ɪðɔv,ɪðɛv,ɪðɔv
ɪð,ɪðɛz,ɪðɔz,ɪðɛz,ɪðɔz
ɪð,ɪðɛʃ,ɪðɔʃ,ɪðɛʃ,ɪðɔʃ
ɪð,ɪðɛʒ,ɪðɔʒ,ɪðɛʒ,ɪðɔʒ
ɪð,ɪðɛθ,ɪðɔθ,ɪðɛθ,ɪðɔθ
ɪð,ɪðɛð,ɪðɔð,ɪðɛð,ɪðɔð
ɪm,ɪmʊm,ɪmʊm,ɪmʊm,ɪmʊm
ɪm,ɪmʊn,ɪmʊn,ɪmʊn,ɪmʊn
ɪm,ɪmʊŋ,ɪmʊŋ,ɪmʊŋ,ɪmʊŋ
ɪm,ɪmʊp,ɪmʊp,ɪmʊp,ɪmʊp
ɪm,ɪmʊt,ɪmʊt,ɪmʊt,ɪmʊt
ɪm,ɪmʊk,ɪmʊk,ɪmʊk,ɪmʊk
ɪm,ɪmʊb,ɪmʊb,ɪmʊb,ɪmʊb
ɪm,ɪmʊd,ɪmʊd,ɪmʊd,ɪmʊd
ɪm,ɪmʊg,ɪmʊg,ɪmʊg,ɪmʊg
ɪm,ɪmʊf,ɪmʊf,ɪmʊf,ɪmʊf
ɪm,ɪmʊs,ɪmʊs,ɪmʊs,ɪmʊs
ɪm,ɪmʊv,ɪmʊv,ɪmʊv,ɪmʊv
ɪm,ɪmʊz,ɪmʊz,ɪmʊz,ɪmʊz
ɪm,ɪmʊʃ,ɪmʊʃ,ɪmʊʃ,ɪmʊʃ
ɪm,ɪmʊʒ,ɪmʊʒ,ɪmʊʒ,ɪmʊʒ
ɪm,ɪmʊθ,ɪmʊθ,ɪmʊθ,ɪmʊθ
ɪm,ɪmʊð,ɪmʊð,ɪmʊð,ɪmʊð
ɪn,ɪnʊm,ɪnʊm,ɪnʊm,ɪnʊm
ɪn,ɪnʊn,ɪnʊn,ɪnʊn,ɪnʊn
ɪn,ɪnʊŋ,ɪnʊŋ,ɪnʊŋ,ɪnʊŋ
ɪn,ɪnʊp,ɪnʊp,ɪnʊp,ɪnʊp
ɪn,ɪnʊt,ɪnʊt,ɪnʊt,ɪnʊt
ɪn,ɪnʊk,ɪnʊk,ɪnʊk,ɪnʊk
ɪn,ɪnʊb,ɪnʊb,ɪnʊb,ɪnʊb
ɪn,ɪnʊd,ɪnʊd,ɪnʊd,ɪnʊd
ɪn,ɪnʊg,ɪnʊg,ɪnʊg,ɪnʊg
ɪn,ɪnʊf,ɪnʊf,ɪnʊf,ɪnʊf
ɪn,ɪnʊs,ɪnʊs,ɪnʊs,ɪnʊs
ɪn,ɪnʊv,ɪnʊv,ɪnʊv,ɪnʊv
ɪn,ɪnʊz,ɪnʊz,ɪnʊz,ɪnʊz
ɪn,ɪnʊʃ,ɪnʊʃ,ɪnʊʃ,ɪnʊʃ
ɪn,ɪnʊʒ,ɪnʊʒ,ɪnʊʒ,ɪnʊʒ
ɪn,ɪnʊθ,ɪnʊθ,ɪnʊθ,ɪnʊθ
ɪn,ɪnʊð,ɪnʊð,ɪnʊð,ɪnʊð
ɪŋ,ɪŋʊm,ɪŋʊm,ɪŋʊm,ɪŋʊm
ɪŋ,ɪŋʊn,ɪŋʊn,ɪŋʊn,ɪŋʊn
ɪŋ,ɪŋʊŋ,ɪŋʊŋ,ɪŋʊŋ,ɪŋʊŋ
ɪŋ,ɪŋʊp,ɪŋʊp,ɪŋʊp,ɪŋʊp
ɪŋ,ɪŋʊt,ɪŋʊt,ɪŋʊt,ɪŋʊt
ɪŋ,ɪŋʊk,ɪŋʊk,ɪŋʊk,ɪŋʊk
ɪŋ,ɪŋʊb,ɪŋʊb,ɪŋʊb,ɪŋʊb
ɪŋ,ɪŋʊd,ɪŋʊd,ɪŋʊd,ɪŋʊd
ɪŋ,ɪŋʊg,ɪŋʊg,ɪŋʊg,ɪŋʊg
ɪŋ,ɪŋʊf,ɪŋʊf,ɪŋʊf,ɪŋʊf
ɪŋ,ɪŋʊs,ɪŋʊs,ɪŋʊs,ɪŋʊs
ɪŋ,ɪŋʊv,ɪŋʊv,ɪŋʊv,ɪŋʊv
ɪŋ,ɪŋʊz,ɪŋʊz,ɪŋʊz,ɪŋʊz
ɪŋ,ɪŋʊʃ,ɪŋʊʃ,ɪŋʊʃ,ɪŋʊʃ
ɪŋ,ɪŋʊʒ,ɪŋʊʒ,ɪŋʊʒ,ɪŋʊʒ
ɪŋ,ɪŋʊθ,ɪŋʊθ,ɪŋʊθ,ɪŋʊθ
ɪŋ,ɪŋʊð,ɪŋʊð,ɪŋʊð,ɪŋʊð
ɪp,ɪpʊm,ɪpʊm,ɪpʊm,ɪpʊm
ɪp,ɪpʊn,ɪpʊn,ɪpʊn,ɪpʊn
ɪp,ɪpʊŋ,ɪpʊŋ,ɪpʊŋ,ɪpʊŋ
ɪp,ɪpʊp,ɪpʊp,ɪpʊp,ɪpʊp
ɪp,ɪpʊt,ɪpʊt,ɪpʊt,ɪpʊt
ɪp,ɪpʊk,ɪpʊk,ɪpʊk,ɪpʊk
ɪp,ɪpʊb,ɪpʊb,ɪpʊb,ɪpʊb
ɪp,ɪpʊd,ɪpʊd,ɪpʊd,ɪpʊd
ɪp,ɪpʊg,ɪpʊg,ɪpʊg,ɪpʊg
ɪp,ɪpʊf,ɪpʊf,ɪpʊf,ɪpʊf
ɪp,ɪpʊs,ɪpʊs,ɪpʊs,ɪpʊs
ɪp,ɪpʊv,ɪpʊv,ɪpʊv,ɪpʊv
ɪp,ɪpʊz,ɪpʊz,ɪpʊz,ɪpʊz
ɪp,ɪpʊʃ,ɪpʊʃ,ɪpʊʃ,ɪpʊʃ
ɪp,ɪpʊʒ,ɪpʊʒ,ɪpʊʒ,ɪpʊʒ
ɪp,ɪpʊθ,ɪpʊθ,ɪpʊθ,ɪpʊθ
ɪp,ɪpʊð,ɪpʊð,ɪpʊð,ɪpʊð
ɪt,ɪtʊm,ɪtʊm,ɪtʊm,ɪtʊm
ɪt,ɪtʊn,ɪtʊn,ɪtʊn,ɪtʊn
ɪt,ɪtʊŋ,ɪtʊŋ,ɪtʊŋ,ɪtʊŋ
ɪt,ɪtʊp,ɪtʊp,ɪtʊp,ɪtʊp
ɪt,ɪtʊt,ɪtʊt,ɪtʊt,ɪtʊt
ɪt,ɪtʊk,ɪtʊk,ɪtʊk,ɪtʊk
ɪt,ɪtʊb,ɪtʊb,ɪtʊb,ɪtʊb
ɪt,ɪtʊd,ɪtʊd,ɪtʊd,ɪtʊd
ɪt,ɪtʊg,ɪtʊg,ɪtʊg,ɪtʊg
ɪt,ɪtʊf,ɪtʊf,ɪtʊf,ɪtʊf
ɪt,ɪtʊs,ɪtʊs,ɪtʊs,ɪtʊs
ɪt,ɪtʊv,ɪtʊv,ɪtʊv,ɪtʊv
ɪt,ɪtʊz,ɪtʊz,ɪtʊz,ɪtʊz
ɪt,ɪtʊʃ,ɪtʊʃ,ɪtʊʃ,ɪtʊʃ
ɪt,ɪtʊʒ,ɪtʊʒ,ɪtʊʒ,ɪtʊʒ
ɪt,ɪtʊθ,ɪtʊθ,ɪtʊθ,ɪtʊθ
ɪt,ɪtʊð,ɪtʊð,ɪtʊð,ɪtʊð
ɪk,ɪkʊm,ɪkʊm,ɪkʊm,ɪkʊm
ɪk,ɪkʊn,ɪkʊn,ɪkʊn,ɪkʊn
ɪk,ɪkʊŋ,ɪkʊŋ,ɪkʊŋ,ɪkʊŋ
ɪk,ɪkʊp,ɪkʊp,ɪkʊp,ɪkʊp
ɪk,ɪkʊt,ɪkʊt,ɪkʊt,ɪkʊt
ɪk,ɪkʊk,ɪkʊk,ɪkʊk,ɪkʊk
ɪk,ɪkʊb,ɪkʊb,ɪkʊb,ɪkʊb
ɪk,ɪkʊd,ɪkʊd,ɪkʊd,ɪkʊd
ɪk,ɪkʊg,ɪkʊg,ɪkʊg,ɪkʊg
ɪk,ɪkʊf,ɪkʊf,ɪkʊf,ɪkʊf
ɪk,ɪkʊs,ɪkʊs,ɪkʊs,ɪkʊs
ɪk,ɪkʊv,ɪkʊv,ɪkʊv,ɪkʊv
ɪk,ɪkʊz,ɪkʊz,ɪkʊz,ɪkʊz
ɪk,ɪkʊʃ,ɪkʊʃ,ɪkʊʃ,ɪkʊʃ
ɪk,ɪkʊʒ,ɪkʊʒ,ɪkʊʒ,ɪkʊʒ
ɪk,ɪkʊθ,ɪkʊθ,ɪkʊθ,ɪkʊθ
ɪk,ɪkʊð,ɪkʊð,ɪkʊð,ɪkʊð
ɪb,ɪbʊm,ɪbʊm,ɪbʊm,ɪbʊm
ɪb,ɪbʊn,ɪbʊn,ɪbʊn,ɪbʊn
ɪb,ɪbʊŋ,ɪbʊŋ,ɪbʊŋ,ɪbʊŋ
ɪb,ɪbʊp,ɪbʊp,ɪbʊp,ɪbʊp
ɪb,ɪbʊt,ɪbʊt,ɪbʊt,ɪbʊt
ɪb,ɪbʊk,ɪbʊk,ɪbʊk,ɪbʊk
ɪb,ɪbʊb,ɪbʊb,ɪbʊb,ɪbʊb
ɪb,ɪbʊd,ɪbʊd,ɪbʊd,ɪbʊd
ɪb,ɪbʊg,ɪbʊg,ɪbʊg,ɪbʊg
ɪb,ɪbʊf,ɪbʊf,ɪbʊf,ɪbʊf
ɪb,ɪbʊs,ɪbʊs,ɪbʊs,ɪbʊs
ɪb,ɪbʊv,ɪbʊv,ɪbʊv,ɪbʊv
ɪb,ɪbʊz,ɪbʊz,ɪbʊz,ɪbʊz
ɪb,ɪbʊʃ,ɪbʊʃ,ɪbʊʃ,ɪbʊʃ
ɪb,ɪbʊʒ,ɪbʊʒ,ɪbʊʒ,ɪbʊʒ
ɪb,ɪbʊθ,ɪbʊθ,ɪbʊθ,ɪbʊθ
ɪb,ɪbʊð,ɪbʊð,ɪbʊð,ɪbʊð
ɪd,ɪdʊm,ɪdʊm,ɪdʊm,ɪdʊm
ɪd,ɪdʊn,ɪdʊn,ɪdʊn,ɪdʊn
ɪd,ɪdʊŋ,ɪdʊŋ,ɪdʊŋ,ɪdʊŋ
ɪd,ɪdʊp,ɪdʊp,ɪdʊp,ɪdʊp
ɪd,ɪdʊt,ɪdʊt,ɪdʊt,ɪdʊt
ɪd,ɪdʊk,ɪdʊk,ɪdʊk,ɪdʊk
ɪd,ɪdʊb,ɪdʊb,ɪdʊb,ɪdʊb
ɪd,ɪdʊd,ɪdʊd,ɪdʊd,ɪdʊd
ɪd,ɪdʊg,ɪdʊg,ɪdʊg,ɪdʊg
ɪd,ɪdʊf,ɪdʊf,ɪdʊf,ɪdʊf
ɪd,ɪdʊs,ɪdʊs,ɪdʊs,ɪdʊs
ɪd,ɪdʊv,ɪdʊv,ɪdʊv,ɪdʊv
ɪd,ɪdʊz,ɪdʊz,ɪdʊz,ɪdʊz
ɪd,ɪdʊʃ,ɪdʊʃ,ɪdʊʃ,ɪdʊʃ
ɪd,ɪdʊʒ,ɪdʊʒ,ɪdʊʒ,ɪdʊʒ
ɪd,ɪdʊθ,ɪdʊθ,ɪdʊθ,ɪdʊθ
ɪd,ɪdʊð,ɪdʊð,ɪdʊð,ɪdʊð
ɪg,ɪgʊm,ɪgʊm,ɪgʊm,ɪgʊm
ɪg,ɪgʊn,ɪgʊn,ɪgʊn,ɪgʊn
ɪg,ɪgʊŋ,ɪgʊŋ,ɪgʊŋ,ɪgʊŋ
ɪg,ɪgʊp,ɪgʊp,ɪgʊp,ɪgʊp
ɪg,ɪgʊt,ɪgʊt,ɪgʊt,ɪgʊt
ɪg,ɪgʊk,ɪgʊk,ɪgʊk,ɪgʊk
ɪg,ɪgʊb,ɪgʊb,ɪgʊb,ɪgʊb
ɪg,ɪgʊd,ɪgʊd,ɪgʊd,ɪgʊd
ɪg,ɪgʊg,ɪgʊg,ɪgʊg,ɪgʊg
ɪg,ɪgʊf,ɪgʊf,ɪgʊf,ɪgʊf
ɪg,ɪgʊs,ɪgʊs,ɪgʊs,ɪgʊs
ɪg,ɪgʊv,ɪgʊv,ɪgʊv,ɪgʊv
ɪg,ɪgʊz,ɪgʊz,ɪgʊz,ɪgʊz
ɪg,ɪgʊʃ,ɪgʊʃ,ɪgʊʃ,ɪgʊʃ
ɪg,ɪgʊʒ,ɪgʊʒ,ɪgʊʒ,ɪgʊʒ
ɪg,ɪgʊθ,ɪgʊθ,ɪgʊθ,ɪgʊθ
ɪg,ɪgʊð,ɪgʊð,ɪgʊð,ɪgʊð
ɪf,ɪfʊm,ɪfʊm,ɪfʊm,ɪfʊm
ɪf,ɪfʊn,ɪfʊn,ɪfʊn,ɪfʊn
ɪf,ɪfʊŋ,ɪfʊŋ,ɪfʊŋ,ɪfʊŋ
ɪf,ɪfʊp,ɪfʊp,ɪfʊp,ɪfʊp
ɪf,ɪfʊt,ɪfʊt,ɪfʊt,ɪfʊt
ɪf,ɪfʊk,ɪfʊk,ɪfʊk,ɪfʊk
ɪf,ɪfʊb,ɪfʊb,ɪfʊb,ɪfʊb
ɪf,ɪfʊd,ɪfʊd,ɪfʊd,ɪfʊd
ɪf,ɪfʊg,ɪfʊg,ɪfʊg,ɪfʊg
ɪf,ɪfʊf,ɪfʊf,ɪfʊf,ɪfʊf
ɪf,ɪfʊs,ɪfʊs,ɪfʊs,ɪfʊs
ɪf,ɪfʊv,ɪfʊv,ɪfʊv,ɪfʊv
ɪf,ɪfʊz,ɪfʊz,ɪfʊz,ɪfʊz
ɪf,ɪfʊʃ,ɪfʊʃ,ɪfʊʃ,ɪfʊʃ
ɪf,ɪfʊʒ,ɪfʊʒ,ɪfʊʒ,ɪfʊʒ
ɪf,ɪfʊθ,ɪfʊθ,ɪfʊθ,ɪfʊθ
ɪf,ɪfʊð,ɪfʊð,ɪfʊð,ɪfʊð
ɪs,ɪsʊm,ɪsʊm,ɪsʊm,ɪsʊm
ɪs,ɪsʊn,ɪsʊn,ɪsʊn,ɪsʊn
ɪs,ɪsʊŋ,ɪsʊŋ,ɪsʊŋ,ɪsʊŋ
ɪs,ɪsʊp,ɪsʊp,ɪsʊp,ɪsʊp
ɪs,ɪsʊt,ɪsʊt,ɪsʊt,ɪsʊt
ɪs,ɪsʊk,ɪsʊk,ɪsʊk,ɪsʊk
ɪs,ɪsʊb,ɪsʊb,ɪsʊb,ɪsʊb
ɪs,ɪsʊd,ɪsʊd,ɪsʊd,ɪsʊd
ɪs,ɪsʊg,ɪsʊg,ɪsʊg,ɪsʊg
ɪs,ɪsʊf,ɪsʊf,ɪsʊf,ɪsʊf
ɪs,ɪsʊs,ɪsʊs,ɪsʊs,ɪsʊs
ɪs,ɪsʊv,ɪsʊv,ɪsʊv,ɪsʊv
ɪs,ɪsʊz,ɪsʊz,ɪsʊz,ɪsʊz
ɪs,ɪsʊʃ,ɪsʊʃ,ɪsʊʃ,ɪsʊʃ
ɪs,ɪsʊʒ,ɪsʊʒ,ɪsʊʒ,ɪsʊʒ
ɪs,ɪsʊθ,ɪsʊθ,ɪsʊθ,ɪsʊθ
ɪs,ɪsʊð,ɪsʊð,ɪsʊð,ɪsʊð
ɪv,ɪvʊm,ɪvʊm,ɪvʊm,ɪvʊm
ɪv,ɪvʊn,ɪvʊn,ɪvʊn,ɪvʊn
ɪv,ɪvʊŋ,ɪvʊŋ,ɪvʊŋ,ɪvʊŋ
ɪv,ɪvʊp,ɪvʊp,ɪvʊp,ɪvʊp
ɪv,ɪvʊt,ɪvʊt,ɪvʊt,ɪvʊt
ɪv,ɪvʊk,ɪvʊk,ɪvʊk,ɪvʊk
ɪv,ɪvʊb,ɪvʊb,ɪvʊb,ɪvʊb
ɪv,ɪvʊd,ɪvʊd,ɪvʊd,ɪvʊd
ɪv,ɪvʊg,ɪvʊg,ɪvʊg,ɪvʊg
ɪv,ɪvʊf,ɪvʊf,ɪvʊf,ɪvʊf
ɪv,ɪvʊs,ɪvʊs,ɪvʊs,ɪvʊs
ɪv,ɪvʊv,ɪvʊv,ɪvʊv,ɪvʊv
ɪv,ɪvʊz,ɪvʊz,ɪvʊz,ɪvʊz
ɪv,ɪvʊʃ,ɪvʊʃ,ɪvʊʃ,ɪvʊʃ
ɪv,ɪvʊʒ,ɪvʊʒ,ɪvʊʒ,ɪvʊʒ
ɪv,ɪvʊθ,ɪvʊθ,ɪvʊθ,ɪvʊθ
ɪv,ɪvʊð,ɪvʊð,ɪvʊð,ɪvʊð
ɪz,ɪzʊm,ɪzʊm,ɪzʊm,ɪzʊm
ɪz,ɪzʊn,ɪzʊn,ɪzʊn,ɪzʊn
ɪz,ɪzʊŋ,ɪzʊŋ,ɪzʊŋ,ɪzʊŋ
ɪz,ɪzʊp,ɪzʊp,ɪzʊp,ɪzʊp
ɪz,ɪzʊt,ɪzʊt,ɪzʊt,ɪzʊt
ɪz,ɪzʊk,ɪzʊk,ɪzʊk,ɪzʊk
ɪz,ɪzʊb,ɪzʊb,ɪzʊb,ɪzʊb
ɪz,ɪzʊd,ɪzʊd,ɪzʊd,ɪzʊd
ɪz,ɪzʊg,ɪzʊg,ɪzʊg,ɪzʊg
ɪz,ɪzʊf,ɪzʊf,ɪzʊf,ɪzʊf
ɪz,ɪzʊs,ɪzʊs,ɪzʊs,ɪzʊs
ɪz,ɪzʊv,ɪzʊv,ɪzʊv,ɪzʊv
ɪz,ɪzʊz,ɪzʊz,ɪzʊz,ɪzʊz
ɪz,ɪzʊʃ,ɪzʊʃ,ɪzʊʃ,ɪzʊʃ
ɪz,ɪzʊʒ,ɪzʊʒ,ɪzʊʒ,ɪzʊʒ
ɪz,ɪzʊθ,ɪzʊθ,ɪzʊθ,ɪzʊθ
ɪz,ɪzʊð,ɪzʊð,ɪzʊð,ɪzʊð
ɪʃ,ɪʃʊm,ɪʃʊm,ɪʃʊm,ɪʃʊm
ɪʃ,ɪʃʊn,ɪʃʊn,ɪʃʊn,ɪʃʊn
ɪʃ,ɪʃʊŋ,ɪʃʊŋ,ɪʃʊŋ,ɪʃʊŋ
ɪʃ,ɪʃʊp,ɪʃʊp,ɪʃʊp,ɪʃʊp
ɪʃ,ɪʃʊt,ɪʃʊt,ɪʃʊt,ɪʃʊt
ɪʃ,ɪʃʊk,ɪʃʊk,ɪʃʊk,ɪʃʊk
ɪʃ,ɪʃʊb,ɪʃʊb,ɪʃʊb,ɪʃʊb
ɪʃ,ɪʃʊd,ɪʃʊd,ɪʃʊd,ɪʃʊd
ɪʃ,ɪʃʊg,ɪʃʊg,ɪʃʊg,ɪʃʊg
ɪʃ,ɪʃʊf,ɪʃʊf,ɪʃʊf,ɪʃʊf
ɪʃ,ɪʃʊs,ɪʃʊs,ɪʃʊs,ɪʃʊs
ɪʃ,ɪʃʊv,ɪʃʊv,ɪʃʊv,ɪʃʊv
ɪʃ,ɪʃʊz,ɪʃʊz,ɪʃʊz,ɪʃʊz
ɪʃ,ɪʃʊʃ,ɪʃʊʃ,ɪʃʊʃ,ɪʃʊʃ
ɪʃ,ɪʃʊʒ,ɪʃʊʒ,ɪʃʊʒ,ɪʃʊʒ
ɪʃ,ɪʃʊθ,ɪʃʊθ,ɪʃʊθ,ɪʃʊθ
ɪʃ,ɪʃʊð,ɪʃʊð,ɪʃʊð,ɪʃʊð
ɪʒ,ɪʒʊm,ɪʒʊm,ɪʒʊm,ɪʒʊm
ɪʒ,ɪʒʊn,ɪʒʊn,ɪʒʊn,ɪʒʊn
ɪʒ,ɪʒʊŋ,ɪʒʊŋ,ɪʒʊŋ,ɪʒʊŋ
ɪʒ,ɪʒʊp,ɪʒʊp,ɪʒʊp,ɪʒʊp
ɪʒ,ɪʒʊt,ɪʒʊt,ɪʒʊt,ɪʒʊt
ɪʒ,ɪʒʊk,ɪʒʊk,ɪʒʊk,ɪʒʊk
ɪʒ,ɪʒʊb,ɪʒʊb,ɪʒʊb,ɪʒʊb
ɪʒ,ɪʒʊd,ɪʒʊd,ɪʒʊd,ɪʒʊd
ɪʒ,ɪʒʊg,ɪʒʊg,ɪʒʊg,ɪʒʊg
ɪʒ,ɪʒʊf,ɪʒʊf,ɪʒʊf,ɪʒʊf
ɪʒ,ɪʒʊs,ɪʒʊs,ɪʒʊs,ɪʒʊs
ɪʒ,ɪʒʊv,ɪʒʊv,ɪʒʊv,ɪʒʊv
ɪʒ,ɪʒʊz,ɪʒʊz,ɪʒʊz,ɪʒʊz
ɪʒ,ɪʒʊʃ,ɪʒʊʃ,ɪʒʊʃ,ɪʒʊʃ
ɪʒ,ɪʒʊʒ,ɪʒʊʒ,ɪʒʊʒ,ɪʒʊʒ
ɪʒ,ɪʒʊθ,ɪʒʊθ,ɪʒʊθ,ɪʒʊθ
ɪʒ,ɪʒʊð,ɪʒʊð,ɪʒʊð,ɪʒʊð
ɪθ,ɪθʊm,ɪθʊm,ɪθʊm,ɪθʊm
ɪθ,ɪθʊn,ɪθʊn,ɪθʊn,ɪθʊn
ɪθ,ɪθʊŋ,ɪθʊŋ,ɪθʊŋ,ɪθʊŋ
ɪθ,ɪθʊp,ɪθʊp,ɪθʊp,ɪθʊp
ɪθ,ɪθʊt,ɪθʊt,ɪθʊt,ɪθʊt
ɪθ,ɪθʊk,ɪθʊk,ɪθʊk,ɪθʊk
ɪθ,ɪθʊb,ɪθʊb,ɪθʊb,ɪθʊb
ɪθ,ɪθʊd,ɪθʊd,ɪθʊd,ɪθʊd
ɪθ,ɪθʊg,ɪθʊg,ɪθʊg,ɪθʊg
ɪθ,ɪθʊf,ɪθʊf,ɪθʊf,ɪθʊf
ɪθ,ɪθʊs,ɪθʊs,ɪθʊs,ɪθʊs
ɪθ,ɪθʊv,ɪθʊv,ɪθʊv,ɪθʊv
ɪθ,ɪθʊz,ɪθʊz,ɪθʊz,ɪθʊz
ɪθ,ɪθʊʃ,ɪθʊʃ,ɪθʊʃ,ɪθʊʃ
ɪθ,ɪθʊʒ,ɪθʊʒ,ɪθʊʒ,ɪθʊʒ
ɪθ,ɪθʊθ,ɪθʊθ,ɪθʊθ,ɪθʊθ
ɪθ,ɪθʊð,ɪθʊð,ɪθʊð,ɪθʊð
ɪð,ɪðʊm,ɪðʊm,ɪðʊm,ɪðʊm
ɪð,ɪðʊn,ɪðʊn,ɪðʊn,ɪðʊn
ɪð,ɪðʊŋ,ɪðʊŋ,ɪðʊŋ,ɪðʊŋ
ɪð,ɪðʊp,ɪðʊp,ɪðʊp,ɪðʊp
ɪð,ɪðʊt,ɪðʊt,ɪðʊt,ɪðʊt
ɪð,ɪðʊk,ɪðʊk,ɪðʊk,ɪðʊk
ɪð,ɪðʊb,ɪðʊb,ɪðʊb,ɪðʊb
ɪð,ɪðʊd,ɪðʊd,ɪðʊd,ɪðʊd
ɪð,ɪðʊg,ɪðʊg,ɪðʊg,ɪðʊg
ɪð,ɪðʊf,ɪðʊf,ɪðʊf,ɪðʊf
ɪð,ɪðʊs,ɪðʊs,ɪðʊs,ɪðʊs
ɪð,ɪðʊv,ɪðʊv,ɪðʊv,ɪðʊv
ɪð,ɪðʊz,ɪðʊz,ɪðʊz,ɪðʊz
ɪð,ɪðʊʃ,ɪðʊʃ,ɪðʊʃ,ɪðʊʃ
ɪð,ɪðʊʒ,ɪðʊʒ,ɪðʊʒ,ɪðʊʒ
ɪð,ɪðʊθ,ɪðʊθ,ɪðʊθ,ɪðʊθ
ɪð,ɪðʊð,ɪðʊð,ɪðʊð,ɪðʊð
ɪm,ɪmɔm,ɪmɔm,ɪmɔm,ɪmɔm
ɪm,ɪmɔn,ɪmɔn,ɪmɔn,ɪmɔn
ɪm,ɪmɔŋ,ɪmɔŋ,ɪmɔŋ,ɪmɔŋ
ɪm,ɪmɔp,ɪmɔp,ɪmɔp,ɪmɔp
ɪm,ɪmɔt,ɪmɔt,ɪmɔt,ɪmɔt
ɪm,ɪmɔk,ɪmɔk,ɪmɔk,ɪmɔk
ɪm,ɪmɔb,ɪmɔb,ɪmɔb,ɪmɔb
ɪm,ɪmɔd,ɪmɔd,ɪmɔd,ɪmɔd
ɪm,ɪmɔg,ɪmɔg,ɪmɔg,ɪmɔg
ɪm,ɪmɔf,ɪmɔf,ɪmɔf,ɪmɔf
ɪm,ɪmɔs,ɪmɔs,ɪmɔs,ɪmɔs
ɪm,ɪmɔv,ɪmɔv,ɪmɔv,ɪmɔv
ɪm,ɪmɔz,ɪmɔz,ɪmɔz,ɪmɔz
ɪm,ɪmɔʃ,ɪmɔʃ,ɪmɔʃ,ɪmɔʃ
ɪm,ɪmɔʒ,ɪmɔʒ,ɪmɔʒ,ɪmɔʒ
ɪm,ɪmɔθ,ɪmɔθ,ɪmɔθ,ɪmɔθ
ɪm,ɪmɔð,ɪmɔð,ɪmɔð,ɪmɔð
ɪn,ɪnɔm,ɪnɔm,ɪnɔm,ɪnɔm
ɪn,ɪnɔn,ɪnɔn,ɪnɔn,ɪnɔn
ɪn,ɪnɔŋ,ɪnɔŋ,ɪnɔŋ,ɪnɔŋ
ɪn,ɪnɔp,ɪnɔp,ɪnɔp,ɪnɔp
ɪn,ɪnɔt,ɪnɔt,ɪnɔt,ɪnɔt
ɪn,ɪnɔk,ɪnɔk,ɪnɔk,ɪnɔk
ɪn,ɪnɔb,ɪnɔb,ɪnɔb,ɪnɔb
ɪn,ɪnɔd,ɪnɔd,ɪnɔd,ɪnɔd
ɪn,ɪnɔg,ɪnɔg,ɪnɔg,ɪnɔg
ɪn,ɪnɔf,ɪnɔf,ɪnɔf,ɪnɔf
ɪn,ɪnɔs,ɪnɔs,ɪnɔs,ɪnɔs
ɪn,ɪnɔv,ɪnɔv,ɪnɔv,ɪnɔv
ɪn,ɪnɔz,ɪnɔz,ɪnɔz,ɪnɔz
ɪn,ɪnɔʃ,ɪnɔʃ,ɪnɔʃ,ɪnɔʃ
ɪn,ɪnɔʒ,ɪnɔʒ,ɪnɔʒ,ɪnɔʒ
ɪn,ɪnɔθ,ɪnɔθ,ɪnɔθ,ɪnɔθ
ɪn,ɪnɔð,ɪnɔð,ɪnɔð,ɪnɔð
ɪŋ,ɪŋɔm,ɪŋɔm,ɪŋɔm,ɪŋɔm
ɪŋ,ɪŋɔn,ɪŋɔn,ɪŋɔn,ɪŋɔn
ɪŋ,ɪŋɔŋ,ɪŋɔŋ,ɪŋɔŋ,ɪŋɔŋ
ɪŋ,ɪŋɔp,ɪŋɔp,ɪŋɔp,ɪŋɔp
ɪŋ,ɪŋɔt,ɪŋɔt,ɪŋɔt,ɪŋɔt
ɪŋ,ɪŋɔk,ɪŋɔk,ɪŋɔk,ɪŋɔk
ɪŋ,ɪŋɔb,ɪŋɔb,ɪŋɔb,ɪŋɔb
ɪŋ,ɪŋɔd,ɪŋɔd,ɪŋɔd,ɪŋɔd
ɪŋ,ɪŋɔg,ɪŋɔg,ɪŋɔg,ɪŋɔg
ɪŋ,ɪŋɔf,ɪŋɔf,ɪŋɔf,ɪŋɔf
ɪŋ,ɪŋɔs,ɪŋɔs,ɪŋɔs,ɪŋɔs
ɪŋ,ɪŋɔv,ɪŋɔv,ɪŋɔv,ɪŋɔv
ɪŋ,ɪŋɔz,ɪŋɔz,ɪŋɔz,ɪŋɔz
ɪŋ,ɪŋɔʃ,ɪŋɔʃ,ɪŋɔʃ,ɪŋɔʃ
ɪŋ,ɪŋɔʒ,ɪŋɔʒ,ɪŋɔʒ,ɪŋɔʒ
ɪŋ,ɪŋɔθ,ɪŋɔθ,ɪŋɔθ,ɪŋɔθ
ɪŋ,ɪŋɔð,ɪŋɔð,ɪŋɔð,ɪŋɔð
ɪp,ɪpɔm,ɪpɔm,ɪpɔm,ɪpɔm
ɪp,ɪpɔn,ɪpɔn,ɪpɔn,ɪpɔn
ɪp,ɪpɔŋ,ɪpɔŋ,ɪpɔŋ,ɪpɔŋ
ɪp,ɪpɔp,ɪpɔp,ɪpɔp,ɪpɔp
ɪp,ɪpɔt,ɪpɔt,ɪpɔt,ɪpɔt
ɪp,ɪpɔk,ɪpɔk,ɪpɔk,ɪpɔk
ɪp,ɪpɔb,ɪpɔb,ɪpɔb,ɪpɔb
ɪp,ɪpɔd,ɪpɔd,ɪpɔd,ɪpɔd
ɪp,ɪpɔg,ɪpɔg,ɪpɔg,ɪpɔg
ɪp,ɪpɔf,ɪpɔf,ɪpɔf,ɪpɔf
ɪp,ɪpɔs,ɪpɔs,ɪpɔs,ɪpɔs
ɪp,ɪpɔv,ɪpɔv,ɪpɔv,ɪpɔv
ɪp,ɪpɔz,ɪpɔz,ɪpɔz,ɪpɔz
ɪp,ɪpɔʃ,ɪpɔʃ,ɪpɔʃ,ɪpɔʃ
ɪp,ɪpɔʒ,ɪpɔʒ,ɪpɔʒ,ɪpɔʒ
ɪp,ɪpɔθ,ɪpɔθ,ɪpɔθ,ɪpɔθ
ɪp,ɪpɔð,ɪpɔð,ɪpɔð,ɪpɔð
ɪt,ɪtɔm,ɪtɔm,ɪtɔm,ɪtɔm
ɪt,ɪtɔn,ɪtɔn,ɪtɔn,ɪtɔn
ɪt,ɪtɔŋ,ɪtɔŋ,ɪtɔŋ,ɪtɔŋ
ɪt,ɪtɔp,ɪtɔp,ɪtɔp,ɪtɔp
ɪt,ɪtɔt,ɪtɔt,ɪtɔt,ɪtɔt
ɪt,ɪtɔk,ɪtɔk,ɪtɔk,ɪtɔk
ɪt,ɪtɔb,ɪtɔb,ɪtɔb,ɪtɔb
ɪt,ɪtɔd,ɪtɔd,ɪtɔd,ɪtɔd
ɪt,ɪtɔg,ɪtɔg,ɪtɔg,ɪtɔg
ɪt,ɪtɔf,ɪtɔf,ɪtɔf,ɪtɔf
ɪt,ɪtɔs,ɪtɔs,ɪtɔs,ɪtɔs
ɪt,ɪtɔv,ɪtɔv,ɪtɔv,ɪtɔv
ɪt,ɪtɔz,ɪtɔz,ɪtɔz,ɪtɔz
ɪt,ɪtɔʃ,ɪtɔʃ,ɪtɔʃ,ɪtɔʃ
ɪt,ɪtɔʒ,ɪtɔʒ,ɪtɔʒ,ɪtɔʒ
ɪt,ɪtɔθ,ɪtɔθ,ɪtɔθ,ɪtɔθ
ɪt,ɪtɔð,ɪtɔð,ɪtɔð,ɪtɔð
ɪk,ɪkɔm,ɪkɔm,ɪkɔm,ɪkɔm
ɪk,ɪkɔn,ɪkɔn,ɪkɔn,ɪkɔn
ɪk,ɪkɔŋ,ɪkɔŋ,ɪkɔŋ,ɪkɔŋ
ɪk,ɪkɔp,ɪkɔp,ɪkɔp,ɪkɔp
ɪk,ɪkɔt,ɪkɔt,ɪkɔt,ɪkɔt
ɪk,ɪkɔk,ɪkɔk,ɪkɔk,ɪkɔk
ɪk,ɪkɔb,ɪkɔb,ɪkɔb,ɪkɔb
ɪk,ɪkɔd,ɪkɔd,ɪkɔd,ɪkɔd
ɪk,ɪkɔg,ɪkɔg,ɪkɔg,ɪkɔg
ɪk,ɪkɔf,ɪkɔf,ɪkɔf,ɪkɔf
ɪk,ɪkɔs,ɪkɔs,ɪkɔs,ɪkɔs
ɪk,ɪkɔv,ɪkɔv,ɪkɔv,ɪkɔv
ɪk,ɪkɔz,ɪkɔz,ɪkɔz,ɪkɔz
ɪk,ɪkɔʃ,ɪkɔʃ,ɪkɔʃ,ɪkɔʃ
ɪk,ɪkɔʒ,ɪkɔʒ,ɪkɔʒ,ɪkɔʒ
ɪk,ɪkɔθ,ɪkɔθ,ɪkɔθ,ɪkɔθ
ɪk,ɪkɔð,ɪkɔð,ɪkɔð,ɪkɔð
ɪb,ɪbɔm,ɪbɔm,ɪbɔm,ɪbɔm
ɪb,ɪbɔn,ɪbɔn,ɪbɔn,ɪbɔn
ɪb,ɪbɔŋ,ɪbɔŋ,ɪbɔŋ,ɪbɔŋ
ɪb,ɪbɔp,ɪbɔp,ɪbɔp,ɪbɔp
ɪb,ɪbɔt,ɪbɔt,ɪbɔt,ɪbɔt
ɪb,ɪbɔk,ɪbɔk,ɪbɔk,ɪbɔk
ɪb,ɪbɔb,ɪbɔb,ɪbɔb,ɪbɔb
ɪb,ɪbɔd,ɪbɔd,ɪbɔd,ɪbɔd
ɪb,ɪbɔg,ɪbɔg,ɪbɔg,ɪbɔg
ɪb,ɪbɔf,ɪbɔf,ɪbɔf,ɪbɔf
ɪb,ɪbɔs,ɪbɔs,ɪbɔs,ɪbɔs
ɪb,ɪbɔv,ɪbɔv,ɪbɔv,ɪbɔv
ɪb,ɪbɔz,ɪbɔz,ɪbɔz,ɪbɔz
ɪb,ɪbɔʃ,ɪbɔʃ,ɪbɔʃ,ɪbɔʃ
ɪb,ɪbɔʒ,ɪbɔʒ,ɪbɔʒ,ɪbɔʒ
ɪb,ɪbɔθ,ɪbɔθ,ɪbɔθ,ɪbɔθ
ɪb,ɪbɔð,ɪbɔð,ɪbɔð,ɪbɔð
ɪd,ɪdɔm,ɪdɔm,ɪdɔm,ɪdɔm
ɪd,ɪdɔn,ɪdɔn,ɪdɔn,ɪdɔn
ɪd,ɪdɔŋ,ɪdɔŋ,ɪdɔŋ,ɪdɔŋ
ɪd,ɪdɔp,ɪdɔp,ɪdɔp,ɪdɔp
ɪd,ɪdɔt,ɪdɔt,ɪdɔt,ɪdɔt
ɪd,ɪdɔk,ɪdɔk,ɪdɔk,ɪdɔk
ɪd,ɪdɔb,ɪdɔb,ɪdɔb,ɪdɔb
ɪd,ɪdɔd,ɪdɔd,ɪdɔd,ɪdɔd
ɪd,ɪdɔg,ɪdɔg,ɪdɔg,ɪdɔg
ɪd,ɪdɔf,ɪdɔf,ɪdɔf,ɪdɔf
ɪd,ɪdɔs,ɪdɔs,ɪdɔs,ɪdɔs
ɪd,ɪdɔv,ɪdɔv,ɪdɔv,ɪdɔv
ɪd,ɪdɔz,ɪdɔz,ɪdɔz,ɪdɔz
ɪd,ɪdɔʃ,ɪdɔʃ,ɪdɔʃ,ɪdɔʃ
ɪd,ɪdɔʒ,ɪdɔʒ,ɪdɔʒ,ɪdɔʒ
ɪd,ɪdɔθ,ɪdɔθ,ɪdɔθ,ɪdɔθ
ɪd,ɪdɔð,ɪdɔð,ɪdɔð,ɪdɔð
ɪg,ɪgɔm,ɪgɔm,ɪgɔm,ɪgɔm
ɪg,ɪgɔn,ɪgɔn,ɪgɔn,ɪgɔn
ɪg,ɪgɔŋ,ɪgɔŋ,ɪgɔŋ,ɪgɔŋ
ɪg,ɪgɔp,ɪgɔp,ɪgɔp,ɪgɔp
ɪg,ɪgɔt,ɪgɔt,ɪgɔt,ɪgɔt
ɪg,ɪgɔk,ɪgɔk,ɪgɔk,ɪgɔk
ɪg,ɪgɔb,ɪgɔb,ɪgɔb,ɪgɔb
ɪg,ɪgɔd,ɪgɔd,ɪgɔd,ɪgɔd
ɪg,ɪgɔg,ɪgɔg,ɪgɔg,ɪgɔg
ɪg,ɪgɔf,ɪgɔf,ɪgɔf,ɪgɔf
ɪg,ɪgɔs,ɪgɔs,ɪgɔs,ɪgɔs
ɪg,ɪgɔv,ɪgɔv,ɪgɔv,ɪgɔv
ɪg,ɪgɔz,ɪgɔz,ɪgɔz,ɪgɔz
ɪg,ɪgɔʃ,ɪgɔʃ,ɪgɔʃ,ɪgɔʃ
ɪg,ɪgɔʒ,ɪgɔʒ,ɪgɔʒ,ɪgɔʒ
ɪg,ɪgɔθ,ɪgɔθ,ɪgɔθ,ɪgɔθ
ɪg,ɪgɔð,ɪgɔð,ɪgɔð,ɪgɔð
ɪf,ɪfɔm,ɪfɔm,ɪfɔm,ɪfɔm
ɪf,ɪfɔn,ɪfɔn,ɪfɔn,ɪfɔn
ɪf,ɪfɔŋ,ɪfɔŋ,ɪfɔŋ,ɪfɔŋ
ɪf,ɪfɔp,ɪfɔp,ɪfɔp,ɪfɔp
ɪf,ɪfɔt,ɪfɔt,ɪfɔt,ɪfɔt
ɪf,ɪfɔk,ɪfɔk,ɪfɔk,ɪfɔk
ɪf,ɪfɔb,ɪfɔb,ɪfɔb,ɪfɔb
ɪf,ɪfɔd,ɪfɔd,ɪfɔd,ɪfɔd
ɪf,ɪfɔg,ɪfɔg,ɪfɔg,ɪfɔg
ɪf,ɪfɔf,ɪfɔf,ɪfɔf,ɪfɔf
ɪf,ɪfɔs,ɪfɔs,ɪfɔs,ɪfɔs
ɪf,ɪfɔv,ɪfɔv,ɪfɔv,ɪfɔv
ɪf,ɪfɔz,ɪfɔz,ɪfɔz,ɪfɔz
ɪf,ɪfɔʃ,ɪfɔʃ,ɪfɔʃ,ɪfɔʃ
ɪf,ɪfɔʒ,ɪfɔʒ,ɪfɔʒ,ɪfɔʒ
ɪf,ɪfɔθ,ɪfɔθ,ɪfɔθ,ɪfɔθ
ɪf,ɪfɔð,ɪfɔð,ɪfɔð,ɪfɔð
ɪs,ɪsɔm,ɪsɔm,ɪsɔm,ɪsɔm
ɪs,ɪsɔn,ɪsɔn,ɪsɔn,ɪsɔn
ɪs,ɪsɔŋ,ɪsɔŋ,ɪsɔŋ,ɪsɔŋ
ɪs,ɪsɔp,ɪsɔp,ɪsɔp,ɪsɔp
ɪs,ɪsɔt,ɪsɔt,ɪsɔt,ɪsɔt
ɪs,ɪsɔk,ɪsɔk,ɪsɔk,ɪsɔk
ɪs,ɪsɔb,ɪsɔb,ɪsɔb,ɪsɔb
ɪs,ɪsɔd,ɪsɔd,ɪsɔd,ɪsɔd
ɪs,ɪsɔg,ɪsɔg,ɪsɔg,ɪsɔg
ɪs,ɪsɔf,ɪsɔf,ɪsɔf,ɪsɔf
ɪs,ɪsɔs,ɪsɔs,ɪsɔs,ɪsɔs
ɪs,ɪsɔv,ɪsɔv,ɪsɔv,ɪsɔv
ɪs,ɪsɔz,ɪsɔz,ɪsɔz,ɪsɔz
ɪs,ɪsɔʃ,ɪsɔʃ,ɪsɔʃ,ɪsɔʃ
ɪs,ɪsɔʒ,ɪsɔʒ,ɪsɔʒ,ɪsɔʒ
ɪs,ɪsɔθ,ɪsɔθ,ɪsɔθ,ɪsɔθ
ɪs,ɪsɔð,ɪsɔð,ɪsɔð,ɪsɔð
ɪv,ɪvɔm,ɪvɔm,ɪvɔm,ɪvɔm
ɪv,ɪvɔn,ɪvɔn,ɪvɔn,ɪvɔn
ɪv,ɪvɔŋ,ɪvɔŋ,ɪvɔŋ,ɪvɔŋ
ɪv,ɪvɔp,ɪvɔp,ɪvɔp,ɪvɔp
ɪv,ɪvɔt,ɪvɔt,ɪvɔt,ɪvɔt
ɪv,ɪvɔk,ɪvɔk,ɪvɔk,ɪvɔk
ɪv,ɪvɔb,ɪvɔb,ɪvɔb,ɪvɔb
ɪv,ɪvɔd,ɪvɔd,ɪvɔd,ɪvɔd
ɪv,ɪvɔg,ɪvɔg,ɪvɔg,ɪvɔg
ɪv,ɪvɔf,ɪvɔf,ɪvɔf,ɪvɔf
ɪv,ɪvɔs,ɪvɔs,ɪvɔs,ɪvɔs
ɪv,ɪvɔv,ɪvɔv,ɪvɔv,ɪvɔv
ɪv,ɪvɔz,ɪvɔz,ɪvɔz,ɪvɔz
ɪv,ɪvɔʃ,ɪvɔʃ,ɪvɔʃ,ɪvɔʃ
ɪv,ɪvɔʒ,ɪvɔʒ,ɪvɔʒ,ɪvɔʒ
ɪv,ɪvɔθ,ɪvɔθ,ɪvɔθ,ɪvɔθ
ɪv,ɪvɔð,ɪvɔð,ɪvɔð,ɪvɔð
ɪz,ɪzɔm,ɪzɔm,ɪzɔm,ɪzɔm
ɪz,ɪzɔn,ɪzɔn,ɪzɔn,ɪzɔn
ɪz,ɪzɔŋ,ɪzɔŋ,ɪzɔŋ,ɪzɔŋ
ɪz,ɪzɔp,ɪzɔp,ɪzɔp,ɪzɔp
ɪz,ɪzɔt,ɪzɔt,ɪzɔt,ɪzɔt
ɪz,ɪzɔk,ɪzɔk,ɪzɔk,ɪzɔk
ɪz,ɪzɔb,ɪzɔb,ɪzɔb,ɪzɔb
ɪz,ɪzɔd,ɪzɔd,ɪzɔd,ɪzɔd
ɪz,ɪzɔg,ɪzɔg,ɪzɔg,ɪzɔg
ɪz,ɪzɔf,ɪzɔf,ɪzɔf,ɪzɔf
ɪz,ɪzɔs,ɪzɔs,ɪzɔs,ɪzɔs
ɪz,ɪzɔv,ɪzɔv,ɪzɔv,ɪzɔv
ɪz,ɪzɔz,ɪzɔz,ɪzɔz,ɪzɔz
ɪz,ɪzɔʃ,ɪzɔʃ,ɪzɔʃ,ɪzɔʃ
ɪz,ɪzɔʒ,ɪzɔʒ,ɪzɔʒ,ɪzɔʒ
ɪz,ɪzɔθ,ɪzɔθ,ɪzɔθ,ɪzɔθ
ɪz,ɪzɔð,ɪzɔð,ɪzɔð,ɪzɔð
ɪʃ,ɪʃɔm,ɪʃɔm,ɪʃɔm,ɪʃɔm
ɪʃ,ɪʃɔn,ɪʃɔn,ɪʃɔn,ɪʃɔn
ɪʃ,ɪʃɔŋ,ɪʃɔŋ,ɪʃɔŋ,ɪʃɔŋ
ɪʃ,ɪʃɔp,ɪʃɔp,ɪʃɔp,ɪʃɔp
ɪʃ,ɪʃɔt,ɪʃɔt,ɪʃɔt,ɪʃɔt
ɪʃ,ɪʃɔk,ɪʃɔk,ɪʃɔk,ɪʃɔk
ɪʃ,ɪʃɔb,ɪʃɔb,ɪʃɔb,ɪʃɔb
ɪʃ,ɪʃɔd,ɪʃɔd,ɪʃɔd,ɪʃɔd
ɪʃ,ɪʃɔg,ɪʃɔg,ɪʃɔg,ɪʃɔg
ɪʃ,ɪʃɔf,ɪʃɔf,ɪʃɔf,ɪʃɔf
ɪʃ,ɪʃɔs,ɪʃɔs,ɪʃɔs,ɪʃɔs
ɪʃ,ɪʃɔv,ɪʃɔv,ɪʃɔv,ɪʃɔv
ɪʃ,ɪʃɔz,ɪʃɔz,ɪʃɔz,ɪʃɔz
ɪʃ,ɪʃɔʃ,ɪʃɔʃ,ɪʃɔʃ,ɪʃɔʃ
ɪʃ,ɪʃɔʒ,ɪʃɔʒ,ɪʃɔʒ,ɪʃɔʒ
ɪʃ,ɪʃɔθ,ɪʃɔθ,ɪʃɔθ,ɪʃɔθ
ɪʃ,ɪʃɔð,ɪʃɔð,ɪʃɔð,ɪʃɔð
ɪʒ,ɪʒɔm,ɪʒɔm,ɪʒɔm,ɪʒɔm
ɪʒ,ɪʒɔn,ɪʒɔn,ɪʒɔn,ɪʒɔn
ɪʒ,ɪʒɔŋ,ɪʒɔŋ,ɪʒɔŋ,ɪʒɔŋ
ɪʒ,ɪʒɔp,ɪʒɔp,ɪʒɔp,ɪʒɔp
ɪʒ,ɪʒɔt,ɪʒɔt,ɪʒɔt,ɪʒɔt
ɪʒ,ɪʒɔk,ɪʒɔk,ɪʒɔk,ɪʒɔk
ɪʒ,ɪʒɔb,ɪʒɔb,ɪʒɔb,ɪʒɔb
ɪʒ,ɪʒɔd,ɪʒɔd,ɪʒɔd,ɪʒɔd
ɪʒ,ɪʒɔg,ɪʒɔg,ɪʒɔg,ɪʒɔg
ɪʒ,ɪʒɔf,ɪʒɔf,ɪʒɔf,ɪʒɔf
ɪʒ,ɪʒɔs,ɪʒɔs,ɪʒɔs,ɪʒɔs
ɪʒ,ɪʒɔv,ɪʒɔv,ɪʒɔv,ɪʒɔv
ɪʒ,ɪʒɔz,ɪʒɔz,ɪʒɔz,ɪʒɔz
ɪʒ,ɪʒɔʃ,ɪʒɔʃ,ɪʒɔʃ,ɪʒɔʃ
ɪʒ,ɪʒɔʒ,ɪʒɔʒ,ɪʒɔʒ,ɪʒɔʒ
ɪʒ,ɪʒɔθ,ɪʒɔθ,ɪʒɔθ,ɪʒɔθ
ɪʒ,ɪʒɔð,ɪʒɔð,ɪʒɔð,ɪʒɔð
ɪθ,ɪθɔm,ɪθɔm,ɪθɔm,ɪθɔm
ɪθ,ɪθɔn,ɪθɔn,ɪθɔn,ɪθɔn
ɪθ,ɪθɔŋ,ɪθɔŋ,ɪθɔŋ,ɪθɔŋ
ɪθ,ɪθɔp,ɪθɔp,ɪθɔp,ɪθɔp
ɪθ,ɪθɔt,ɪθɔt,ɪθɔt,ɪθɔt
ɪθ,ɪθɔk,ɪθɔk,ɪθɔk,ɪθɔk
ɪθ,ɪθɔb,ɪθɔb,ɪθɔb,ɪθɔb
ɪθ,ɪθɔd,ɪθɔd,ɪθɔd,ɪθɔd
ɪθ,ɪθɔg,ɪθɔg,ɪθɔg,ɪθɔg
ɪθ,ɪθɔf,ɪθɔf,ɪθɔf,ɪθɔf
ɪθ,ɪθɔs,ɪθɔs,ɪθɔs,ɪθɔs
ɪθ,ɪθɔv,ɪθɔv,ɪθɔv,ɪθɔv
ɪθ,ɪθɔz,ɪθɔz,ɪθɔz,ɪθɔz
ɪθ,ɪθɔʃ,ɪθɔʃ,ɪθɔʃ,ɪθɔʃ
ɪθ,ɪθɔʒ,ɪθɔʒ,ɪθɔʒ,ɪθɔʒ
ɪθ,ɪθɔθ,ɪθɔθ,ɪθɔθ,ɪθɔθ
ɪθ,ɪθɔð,ɪθɔð,ɪθɔð,ɪθɔð
ɪð,ɪðɔm,ɪðɔm,ɪðɔm,ɪðɔm
ɪð,ɪðɔn,ɪðɔn,ɪðɔn,ɪðɔn
ɪð,ɪðɔŋ,ɪðɔŋ,ɪðɔŋ,ɪðɔŋ
ɪð,ɪðɔp,ɪðɔp,ɪðɔp,ɪðɔp
ɪð,ɪðɔt,ɪðɔt,ɪðɔt,ɪðɔt
ɪð,ɪðɔk,ɪðɔk,ɪðɔk,ɪðɔk
ɪð,ɪðɔb,ɪðɔb,ɪðɔb,ɪðɔb
ɪð,ɪðɔd,ɪðɔd,ɪðɔd,ɪðɔd
ɪð,ɪðɔg,ɪðɔg,ɪðɔg,ɪðɔg
ɪð,ɪðɔf,ɪðɔf,ɪðɔf,ɪðɔf
ɪð,ɪðɔs,ɪðɔs,ɪðɔs,ɪðɔs
ɪð,ɪðɔv,ɪðɔv,ɪðɔv,ɪðɔv
ɪð,ɪðɔz,ɪðɔz,ɪðɔz,ɪðɔz
ɪð,ɪðɔʃ,ɪðɔʃ,ɪðɔʃ,ɪðɔʃ
ɪð,ɪðɔʒ,ɪðɔʒ,ɪðɔʒ,ɪðɔʒ
ɪð,ɪðɔθ,ɪðɔθ,ɪðɔθ,ɪðɔθ
ɪð,ɪðɔð,ɪðɔð,ɪðɔð,ɪðɔð
ɛm,ɛmɪm,ɛmʊm,ɛmɪm,ɛmʊm
ɛm,ɛmɪn,ɛmʊn,ɛmɪn,ɛmʊn
ɛm,ɛmɪŋ,ɛmʊŋ,ɛmɪŋ,ɛmʊŋ
ɛm,ɛmɪp,ɛmʊp,ɛmɪp,ɛmʊp
ɛm,ɛmɪt,ɛmʊt,ɛmɪt,ɛmʊt
ɛm,ɛmɪk,ɛmʊk,ɛmɪk,ɛmʊk
ɛm,ɛmɪb,ɛmʊb,ɛmɪb,ɛmʊb
ɛm,ɛmɪd,ɛmʊd,ɛmɪd,ɛmʊd
ɛm,ɛmɪg,ɛmʊg,ɛmɪg,ɛmʊg
ɛm,ɛmɪf,ɛmʊf,ɛmɪf,ɛmʊf
ɛm,ɛmɪs,ɛmʊs,ɛmɪs,ɛmʊs
ɛm,ɛmɪv,ɛmʊv,ɛmɪv,ɛmʊv
ɛm,ɛmɪz,ɛmʊz,ɛmɪz,ɛmʊz
ɛm,ɛmɪʃ,ɛmʊʃ,ɛmɪʃ,ɛmʊʃ
ɛm,ɛmɪʒ,ɛmʊʒ,ɛmɪʒ,ɛmʊʒ
ɛm,ɛmɪθ,ɛmʊθ,ɛmɪθ,ɛmʊθ
ɛm,ɛmɪð,ɛmʊð,ɛmɪð,ɛmʊð
ɛn,ɛnɪm,ɛnʊm,ɛnɪm,ɛnʊm
ɛn,ɛnɪn,ɛnʊn,ɛnɪn,ɛnʊn
ɛn,ɛnɪŋ,ɛnʊŋ,ɛnɪŋ,ɛnʊŋ
ɛn,ɛnɪp,ɛnʊp,ɛnɪp,ɛnʊp
ɛn,ɛnɪt,ɛnʊt,ɛnɪt,ɛnʊt
ɛn,ɛnɪk,ɛnʊk,ɛnɪk,ɛnʊk
ɛn,ɛnɪb,ɛnʊb,ɛnɪb,ɛnʊb
ɛn,ɛnɪd,ɛnʊd,ɛnɪd,ɛnʊd
ɛn,ɛnɪg,ɛnʊg,ɛnɪg,ɛnʊg
ɛn,ɛnɪf,ɛnʊf,ɛnɪf,ɛnʊf
ɛn,ɛnɪs,ɛnʊs,ɛnɪs,ɛnʊs
ɛn,ɛnɪv,ɛnʊv,ɛnɪv,ɛnʊv
ɛn,ɛnɪz,ɛnʊz,ɛnɪz,ɛnʊz
ɛn,ɛnɪʃ,ɛnʊʃ,ɛnɪʃ,ɛnʊʃ
ɛn,ɛnɪʒ,ɛnʊʒ,ɛnɪʒ,ɛnʊʒ
ɛn,ɛnɪθ,ɛnʊθ,ɛnɪθ,ɛnʊθ
ɛn,ɛnɪð,ɛnʊð,ɛnɪð,ɛnʊð
ɛŋ,ɛŋɪm,ɛŋʊm,ɛŋɪm,ɛŋʊm
ɛŋ,ɛŋɪn,ɛŋʊn,ɛŋɪn,ɛŋʊn
ɛŋ,ɛŋɪŋ,ɛŋʊŋ,ɛŋɪŋ,ɛŋʊŋ
ɛŋ,ɛŋɪp,ɛŋʊp,ɛŋɪp,ɛŋʊp
ɛŋ,ɛŋɪt,ɛŋʊt,ɛŋɪt,ɛŋʊt
ɛŋ,ɛŋɪk,ɛŋʊk,ɛŋɪk,ɛŋʊk
ɛŋ,ɛŋɪb,ɛŋʊb,ɛŋɪb,ɛŋʊb
ɛŋ,ɛŋɪd,ɛŋʊd,ɛŋɪd,ɛŋʊd
ɛŋ,ɛŋɪg,ɛŋʊg,ɛŋɪg,ɛŋʊg
ɛŋ,ɛŋɪf,ɛŋʊf,ɛŋɪf,ɛŋʊf
ɛŋ,ɛŋɪs,ɛŋʊs,ɛŋɪs,ɛŋʊs
ɛŋ,ɛŋɪv,ɛŋʊv,ɛŋɪv,ɛŋʊv
ɛŋ,ɛŋɪz,ɛŋʊz,ɛŋɪz,ɛŋʊz
ɛŋ,ɛŋɪʃ,ɛŋʊʃ,ɛŋɪʃ,ɛŋʊʃ
ɛŋ,ɛŋɪʒ,ɛŋʊʒ,ɛŋɪʒ,ɛŋʊʒ
ɛŋ,ɛŋɪθ,ɛŋʊθ,ɛŋɪθ,ɛŋʊθ
ɛŋ,ɛŋɪð,ɛŋʊð,ɛŋɪð,ɛŋʊð
ɛp,ɛpɪm,ɛpʊm,ɛpɪm,ɛpʊm
ɛp,ɛpɪn,ɛpʊn,ɛpɪn,ɛpʊn
ɛp,ɛpɪŋ,ɛpʊŋ,ɛpɪŋ,ɛpʊŋ
ɛp,ɛpɪp,ɛpʊp,ɛpɪp,ɛpʊp
ɛp,ɛpɪt,ɛpʊt,ɛpɪt,ɛpʊt
ɛp,ɛpɪk,ɛpʊk,ɛpɪk,ɛpʊk
ɛp,ɛpɪb,ɛpʊb,ɛpɪb,ɛpʊb
ɛp,ɛpɪd,ɛpʊd,ɛpɪd,ɛpʊd
ɛp,ɛpɪg,ɛpʊg,ɛpɪg,ɛpʊg
ɛp,ɛpɪf,ɛpʊf,ɛpɪf,ɛpʊf
ɛp,ɛpɪs,ɛpʊs,ɛpɪs,ɛpʊs
ɛp,ɛpɪv,ɛpʊv,ɛpɪv,ɛpʊv
ɛp,ɛpɪz,ɛpʊz,ɛpɪz,ɛpʊz
ɛp,ɛpɪʃ,ɛpʊʃ,ɛpɪʃ,ɛpʊʃ
ɛp,ɛpɪʒ,ɛpʊʒ,ɛpɪʒ,ɛpʊʒ
ɛp,ɛpɪθ,ɛpʊθ,ɛpɪθ,ɛpʊθ
ɛp,ɛpɪð,ɛpʊð,ɛpɪð,ɛpʊð
ɛt,ɛtɪm,ɛtʊm,ɛtɪm,ɛtʊm
ɛt,ɛtɪn,ɛtʊn,ɛtɪn,ɛtʊn
ɛt,ɛtɪŋ,ɛtʊŋ,ɛtɪŋ,ɛtʊŋ
ɛt,ɛtɪp,ɛtʊp,ɛtɪp,ɛtʊp
ɛt,ɛtɪt,ɛtʊt,ɛtɪt,ɛtʊt
ɛt,ɛtɪk,ɛtʊk,ɛtɪk,ɛtʊk
ɛt,ɛtɪb,ɛtʊb,ɛtɪb,ɛtʊb
ɛt,ɛtɪd,ɛtʊd,ɛtɪd,ɛtʊd
ɛt,ɛtɪg,ɛtʊg,ɛtɪg,ɛtʊg
ɛt,ɛtɪf,ɛtʊf,ɛtɪf,ɛtʊf
ɛt,ɛtɪs,ɛtʊs,ɛtɪs,ɛtʊs
ɛt,ɛtɪv,ɛtʊv,ɛtɪv,ɛtʊv
ɛt,ɛtɪz,ɛtʊz,ɛtɪz,ɛtʊz
ɛt,ɛtɪʃ,ɛtʊʃ,ɛtɪʃ,ɛtʊʃ
ɛt,ɛtɪʒ,ɛtʊʒ,ɛtɪʒ,ɛtʊʒ
ɛt,ɛtɪθ,ɛtʊθ,ɛtɪθ,ɛtʊθ
ɛt,ɛtɪð,ɛtʊð,ɛtɪð,ɛtʊð
ɛk,ɛkɪm,ɛkʊm,ɛkɪm,ɛkʊm
ɛk,ɛkɪn,ɛkʊn,ɛkɪn,ɛkʊn
ɛk,ɛkɪŋ,ɛkʊŋ,ɛkɪŋ,ɛkʊŋ
ɛk,ɛkɪp,ɛkʊp,ɛkɪp,ɛkʊp
ɛk,ɛkɪt,ɛkʊt,ɛkɪt,ɛkʊt
ɛk,ɛkɪk,ɛkʊk,ɛkɪk,ɛkʊk
ɛk,ɛkɪb,ɛkʊb,ɛkɪb,ɛkʊb
ɛk,ɛkɪd,ɛkʊd,ɛkɪd,ɛkʊd
ɛk,ɛkɪg,ɛkʊg,ɛkɪg,ɛkʊg
ɛk,ɛkɪf,ɛkʊf,ɛkɪf,ɛkʊf
ɛk,ɛkɪs,ɛkʊs,ɛkɪs,ɛkʊs
ɛk,ɛkɪv,ɛkʊv,ɛkɪv,ɛkʊv
ɛk,ɛkɪz,ɛkʊz,ɛkɪz,ɛkʊz
ɛk,ɛkɪʃ,ɛkʊʃ,ɛkɪʃ,ɛkʊʃ
ɛk,ɛkɪʒ,ɛkʊʒ,ɛkɪʒ,ɛkʊʒ
ɛk,ɛkɪθ,ɛkʊθ,ɛkɪθ,ɛkʊθ
ɛk,ɛkɪð,ɛkʊð,ɛkɪð,ɛkʊð
ɛb,ɛbɪm,ɛbʊm,ɛbɪm,ɛbʊm
ɛb,ɛbɪn,ɛbʊn,ɛbɪn,ɛbʊn
ɛb,ɛbɪŋ,ɛbʊŋ,ɛbɪŋ,ɛbʊŋ
ɛb,ɛbɪp,ɛbʊp,ɛbɪp,ɛbʊp
ɛb,ɛbɪt,ɛbʊt,ɛbɪt,ɛbʊt
ɛb,ɛbɪk,ɛbʊk,ɛbɪk,ɛbʊk
ɛb,ɛbɪb,ɛbʊb,ɛbɪb,ɛbʊb
ɛb,ɛbɪd,ɛbʊd,ɛbɪd,ɛbʊd
ɛb,ɛbɪg,ɛbʊg,ɛbɪg,ɛbʊg
ɛb,ɛbɪf,ɛbʊf,ɛbɪf,ɛbʊf
ɛb,ɛbɪs,ɛbʊs,ɛbɪs,ɛbʊs
ɛb,ɛbɪv,ɛbʊv,ɛbɪv,ɛbʊv
ɛb,ɛbɪz,ɛbʊz,ɛbɪz,ɛbʊz
ɛb,ɛbɪʃ,ɛbʊʃ,ɛbɪʃ,ɛbʊʃ
ɛb,ɛbɪʒ,ɛbʊʒ,ɛbɪʒ,ɛbʊʒ
ɛb,ɛbɪθ,ɛbʊθ,ɛbɪθ,ɛbʊθ
ɛb,ɛbɪð,ɛbʊð,ɛbɪð,ɛbʊð
ɛd,ɛdɪm,ɛdʊm,ɛdɪm,ɛdʊm
ɛd,ɛdɪn,ɛdʊn,ɛdɪn,ɛdʊn
ɛd,ɛdɪŋ,ɛdʊŋ,ɛdɪŋ,ɛdʊŋ
ɛd,ɛdɪp,ɛdʊp,ɛdɪp,ɛdʊp
ɛd,ɛdɪt,ɛdʊt,ɛdɪt,ɛdʊt
ɛd,ɛdɪk,ɛdʊk,ɛdɪk,ɛdʊk
ɛd,ɛdɪb,ɛdʊb,ɛdɪb,ɛdʊb
ɛd,ɛdɪd,ɛdʊd,ɛdɪd,ɛdʊd
ɛd,ɛdɪg,ɛdʊg,ɛdɪg,ɛdʊg
ɛd,ɛdɪf,ɛdʊf,ɛdɪf,ɛdʊf
ɛd,ɛdɪs,ɛdʊs,ɛdɪs,ɛdʊs
ɛd,ɛdɪv,ɛdʊv,ɛdɪv,ɛdʊv
ɛd,ɛdɪz,ɛdʊz,ɛdɪz,ɛdʊz
ɛd,ɛdɪʃ,ɛdʊʃ,ɛdɪʃ,ɛdʊʃ
ɛd,ɛdɪʒ,ɛdʊʒ,ɛdɪʒ,ɛdʊʒ
ɛd,ɛdɪθ,ɛdʊθ,ɛdɪθ,ɛdʊθ
ɛd,ɛdɪð,ɛdʊð,ɛdɪð,ɛdʊð
ɛg,ɛgɪm,ɛgʊm,ɛgɪm,ɛgʊm
ɛg,ɛgɪn,ɛgʊn,ɛgɪn,ɛgʊn
ɛg,ɛgɪŋ,ɛgʊŋ,ɛgɪŋ,ɛgʊŋ
ɛg,ɛgɪp,ɛgʊp,ɛgɪp,ɛgʊp
ɛg,ɛgɪt,ɛgʊt,ɛgɪt,ɛgʊt
ɛg,ɛgɪk,ɛgʊk,ɛgɪk,ɛgʊk
ɛg,ɛgɪb,ɛgʊb,ɛgɪb,ɛgʊb
ɛg,ɛgɪd,ɛgʊd,ɛgɪd,ɛgʊd
ɛg,ɛgɪg,ɛgʊg,ɛgɪg,ɛgʊg
ɛg,ɛgɪf,ɛgʊf,ɛgɪf,ɛgʊf
ɛg,ɛgɪs,ɛgʊs,ɛgɪs,ɛgʊs
ɛg,ɛgɪv,ɛgʊv,ɛgɪv,ɛgʊv
ɛg,ɛgɪz,ɛgʊz,ɛgɪz,ɛgʊz
ɛg,ɛgɪʃ,ɛgʊʃ,ɛgɪʃ,ɛgʊʃ
ɛg,ɛgɪʒ,ɛgʊʒ,ɛgɪʒ,ɛgʊʒ
ɛg,ɛgɪθ,ɛgʊθ,ɛgɪθ,ɛgʊθ
ɛg,ɛgɪð,ɛgʊð,ɛgɪð,ɛgʊð
ɛf,ɛfɪm,ɛfʊm,ɛfɪm,ɛfʊm
ɛf,ɛfɪn,ɛfʊn,ɛfɪn,ɛfʊn
ɛf,ɛfɪŋ,ɛfʊŋ,ɛfɪŋ,ɛfʊŋ
ɛf,ɛfɪp,ɛfʊp,ɛfɪp,ɛfʊp
ɛf,ɛfɪt,ɛfʊt,ɛfɪt,ɛfʊt
ɛf,ɛfɪk,ɛfʊk,ɛfɪk,ɛfʊk
ɛf,ɛfɪb,ɛfʊb,ɛfɪb,ɛfʊb
ɛf,ɛfɪd,ɛfʊd,ɛfɪd,ɛfʊd
ɛf,ɛfɪg,ɛfʊg,ɛfɪg,ɛfʊg
ɛf,ɛfɪf,ɛfʊf,ɛfɪf,ɛfʊf
ɛf,ɛfɪs,ɛfʊs,ɛfɪs,ɛfʊs
ɛf,ɛfɪv,ɛfʊv,ɛfɪv,ɛfʊv
ɛf,ɛfɪz,ɛfʊz,ɛfɪz,ɛfʊz
ɛf,ɛfɪʃ,ɛfʊʃ,ɛfɪʃ,ɛfʊʃ
ɛf,ɛfɪʒ,ɛfʊʒ,ɛfɪʒ,ɛfʊʒ
ɛf,ɛfɪθ,ɛfʊθ,ɛfɪθ,ɛfʊθ
ɛf,ɛfɪð,ɛfʊð,ɛfɪð,ɛfʊð
ɛs,ɛsɪm,ɛsʊm,ɛsɪm,ɛsʊm
ɛs,ɛsɪn,ɛsʊn,ɛsɪn,ɛsʊn
ɛs,ɛsɪŋ,ɛsʊŋ,ɛsɪŋ,ɛsʊŋ
ɛs,ɛsɪp,ɛsʊp,ɛsɪp,ɛsʊp
ɛs,ɛsɪt,ɛsʊt,ɛsɪt,ɛsʊt
ɛs,ɛsɪk,ɛsʊk,ɛsɪk,ɛsʊk
ɛs,ɛsɪb,ɛsʊb,ɛsɪb,ɛsʊb
ɛs,ɛsɪd,ɛsʊd,ɛsɪd,ɛsʊd
ɛs,ɛsɪg,ɛsʊg,ɛsɪg,ɛsʊg
ɛs,ɛsɪf,ɛsʊf,ɛsɪf,ɛsʊf
ɛs,ɛsɪs,ɛsʊs,ɛsɪs,ɛsʊs
ɛs,ɛsɪv,ɛsʊv,ɛsɪv,ɛsʊv
ɛs,ɛsɪz,ɛsʊz,ɛsɪz,ɛsʊz
ɛs,ɛsɪʃ,ɛsʊʃ,ɛsɪʃ,ɛsʊʃ
ɛs,ɛsɪʒ,ɛsʊʒ,ɛsɪʒ,ɛsʊʒ
ɛs,ɛsɪθ,ɛsʊθ,ɛsɪθ,ɛsʊθ
ɛs,ɛsɪð,ɛsʊð,ɛsɪð,ɛsʊð
ɛv,ɛvɪm,ɛvʊm,ɛvɪm,ɛvʊm
ɛv,ɛvɪn,ɛvʊn,ɛvɪn,ɛvʊn
ɛv,ɛvɪŋ,ɛvʊŋ,ɛvɪŋ,ɛvʊŋ
ɛv,ɛvɪp,ɛvʊp,ɛvɪp,ɛvʊp
ɛv,ɛvɪt,ɛvʊt,ɛvɪt,ɛvʊt
ɛv,ɛvɪk,ɛvʊk,ɛvɪk,ɛvʊk
ɛv,ɛvɪb,ɛvʊb,ɛvɪb,ɛvʊb
ɛv,ɛvɪd,ɛvʊd,ɛvɪd,ɛvʊd
ɛv,ɛvɪg,ɛvʊg,ɛvɪg,ɛvʊg
ɛv,ɛvɪf,ɛvʊf,ɛvɪf,ɛvʊf
ɛv,ɛvɪs,ɛvʊs,ɛvɪs,ɛvʊs
ɛv,ɛvɪv,ɛvʊv,ɛvɪv,ɛvʊv
ɛv,ɛvɪz,ɛvʊz,ɛvɪz,ɛvʊz
ɛv,ɛvɪʃ,ɛvʊʃ,ɛvɪʃ,ɛvʊʃ
ɛv,ɛvɪʒ,ɛvʊʒ,ɛvɪʒ,ɛvʊʒ
ɛv,ɛvɪθ,ɛvʊθ,ɛvɪθ,ɛvʊθ
ɛv,ɛvɪð,ɛvʊð,ɛvɪð,ɛvʊð
ɛz,ɛzɪm,ɛzʊm,ɛzɪm,ɛzʊm
ɛz,ɛzɪn,ɛzʊn,ɛzɪn,ɛzʊn
ɛz,ɛzɪŋ,ɛzʊŋ,ɛzɪŋ,ɛzʊŋ
ɛz,ɛzɪp,ɛzʊp,ɛzɪp,ɛzʊp
ɛz,ɛzɪt,ɛzʊt,ɛzɪt,ɛzʊt
ɛz,ɛzɪk,ɛzʊk,ɛzɪk,ɛzʊk
ɛz,ɛzɪb,ɛzʊb,ɛzɪb,ɛzʊb
ɛz,ɛzɪd,ɛzʊd,ɛzɪd,ɛzʊd
ɛz,ɛzɪg,ɛzʊg,ɛzɪg,ɛzʊg
ɛz,ɛzɪf,ɛzʊf,ɛzɪf,ɛzʊf
ɛz,ɛzɪs,ɛzʊs,ɛzɪs,ɛzʊs
ɛz,ɛzɪv,ɛzʊv,ɛzɪv,ɛzʊv
ɛz,ɛzɪz,ɛzʊz,ɛzɪz,ɛzʊz
ɛz,ɛzɪʃ,ɛzʊʃ,ɛzɪʃ,ɛzʊʃ
ɛz,ɛzɪʒ,ɛzʊʒ,ɛzɪʒ,ɛzʊʒ
ɛz,ɛzɪθ,ɛzʊθ,ɛzɪθ,ɛzʊθ
ɛz,ɛzɪð,ɛzʊð,ɛzɪð,ɛzʊð
ɛʃ,ɛʃɪm,ɛʃʊm,ɛʃɪm,ɛʃʊm
ɛʃ,ɛʃɪn,ɛʃʊn,ɛʃɪn,ɛʃʊn
ɛʃ,ɛʃɪŋ,ɛʃʊŋ,ɛʃɪŋ,ɛʃʊŋ
ɛʃ,ɛʃɪp,ɛʃʊp,ɛʃɪp,ɛʃʊp
ɛʃ,ɛʃɪt,ɛʃʊt,ɛʃɪt,ɛʃʊt
ɛʃ,ɛʃɪk,ɛʃʊk,ɛʃɪk,ɛʃʊk
ɛʃ,ɛʃɪb,ɛʃʊb,ɛʃɪb,ɛʃʊb
ɛʃ,ɛʃɪd,ɛʃʊd,ɛʃɪd,ɛʃʊd
ɛʃ,ɛʃɪg,ɛʃʊg,ɛʃɪg,ɛʃʊg
ɛʃ,ɛʃɪf,ɛʃʊf,ɛʃɪf,ɛʃʊf
ɛʃ,ɛʃɪs,ɛʃʊs,ɛʃɪs,ɛʃʊs
ɛʃ,ɛʃɪv,ɛʃʊv,ɛʃɪv,ɛʃʊv
ɛʃ,ɛʃɪz,ɛʃʊz,ɛʃɪz,ɛʃʊz
ɛʃ,ɛʃɪʃ,ɛʃʊʃ,ɛʃɪʃ,ɛʃʊʃ
ɛʃ,ɛʃɪʒ,ɛʃʊʒ,ɛʃɪʒ,ɛʃʊʒ
ɛʃ,ɛʃɪθ,ɛʃʊθ,ɛʃɪθ,ɛʃʊθ
ɛʃ,ɛʃɪð,ɛʃʊð,ɛʃɪð,ɛʃʊð
ɛʒ,ɛʒɪm,ɛʒʊm,ɛʒɪm,ɛʒʊm
ɛʒ,ɛʒɪn,ɛʒʊn,ɛʒɪn,ɛʒʊn
ɛʒ,ɛʒɪŋ,ɛʒʊŋ,ɛʒɪŋ,ɛʒʊŋ
ɛʒ,ɛʒɪp,ɛʒʊp,ɛʒɪp,ɛʒʊp
ɛʒ,ɛʒɪt,ɛʒʊt,ɛʒɪt,ɛʒʊt
ɛʒ,ɛʒɪk,ɛʒʊk,ɛʒɪk,ɛʒʊk
ɛʒ,ɛʒɪb,ɛʒʊb,ɛʒɪb,ɛʒʊb
ɛʒ,ɛʒɪd,ɛʒʊd,ɛʒɪd,ɛʒʊd
ɛʒ,ɛʒɪg,ɛʒʊg,ɛʒɪg,ɛʒʊg
ɛʒ,ɛʒɪf,ɛʒʊf,ɛʒɪf,ɛʒʊf
ɛʒ,ɛʒɪs,ɛʒʊs,ɛʒɪs,ɛʒʊs
ɛʒ,ɛʒɪv,ɛʒʊv,ɛʒɪv,ɛʒʊv
ɛʒ,ɛʒɪz,ɛʒʊz,ɛʒɪz,ɛʒʊz
ɛʒ,ɛʒɪʃ,ɛʒʊʃ,ɛʒɪʃ,ɛʒʊʃ
ɛʒ,ɛʒɪʒ,ɛʒʊʒ,ɛʒɪʒ,ɛʒʊʒ
ɛʒ,ɛʒɪθ,ɛʒʊθ,ɛʒɪθ,ɛʒʊθ
ɛʒ,ɛʒɪð,ɛʒʊð,ɛʒɪð,ɛʒʊð
ɛθ,ɛθɪm,ɛθʊm,ɛθɪm,ɛθʊm
ɛθ,ɛθɪn,ɛθʊn,ɛθɪn,ɛθʊn
ɛθ,ɛθɪŋ,ɛθʊŋ,ɛθɪŋ,ɛθʊŋ
ɛθ,ɛθɪp,ɛθʊp,ɛθɪp,ɛθʊp
ɛθ,ɛθɪt,ɛθʊt,ɛθɪt,ɛθʊt
ɛθ,ɛθɪk,ɛθʊk,ɛθɪk,ɛθʊk
ɛθ,ɛθɪb,ɛθʊb,ɛθɪb,ɛθʊb
ɛθ,ɛθɪd,ɛθʊd,ɛθɪd,ɛθʊd
ɛθ,ɛθɪg,ɛθʊg,ɛθɪg,ɛθʊg
ɛθ,ɛθɪf,ɛθʊf,ɛθɪf,ɛθʊf
ɛθ,ɛθɪs,ɛθʊs,ɛθɪs,ɛθʊs
ɛθ,ɛθɪv,ɛθʊv,ɛθɪv,ɛθʊv
ɛθ,ɛθɪz,ɛθʊz,ɛθɪz,ɛθʊz
ɛθ,ɛθɪʃ,ɛθʊʃ,ɛθɪʃ,ɛθʊʃ
ɛθ,ɛθɪʒ,ɛθʊʒ,ɛθɪʒ,ɛθʊʒ
ɛθ,ɛθɪθ,ɛθʊθ,ɛθɪθ,ɛθʊθ
ɛθ,ɛθɪð,ɛθʊð,ɛθɪð,ɛθʊð
ɛð,ɛðɪm,ɛðʊm,ɛðɪm,ɛðʊm
ɛð,ɛðɪn,ɛðʊn,ɛðɪn,ɛðʊn
ɛð,ɛðɪŋ,ɛðʊŋ,ɛðɪŋ,ɛðʊŋ
ɛð,ɛðɪp,ɛðʊp,ɛðɪp,ɛðʊp
ɛð,ɛðɪt,ɛðʊt,ɛðɪt,ɛðʊt
ɛð,ɛðɪk,ɛðʊk,ɛðɪk,ɛðʊk
ɛð,ɛðɪb,ɛðʊb,ɛðɪb,ɛðʊb
ɛð,ɛðɪd,ɛðʊd,ɛðɪd,ɛðʊd
ɛð,ɛðɪg,ɛðʊg,ɛðɪg,ɛðʊg
ɛð,ɛðɪf,ɛðʊf,ɛðɪf,ɛðʊf
ɛð,ɛðɪs,ɛðʊs,ɛðɪs,ɛðʊs
ɛð,ɛðɪv,ɛðʊv,ɛðɪv,ɛðʊv
ɛð,ɛðɪz,ɛðʊz,ɛðɪz,ɛðʊz
ɛð,ɛðɪʃ,ɛðʊʃ,ɛðɪʃ,ɛðʊʃ
ɛð,ɛðɪʒ,ɛðʊʒ,ɛðɪʒ,ɛðʊʒ
ɛð,ɛðɪθ,ɛðʊθ,ɛðɪθ,ɛðʊθ
ɛð,ɛðɪð,ɛðʊð,ɛðɪð,ɛðʊð
ɛm,ɛmɛm,ɛmɔm,ɛmɛm,ɛmɔm
ɛm,ɛmɛn,ɛmɔn,ɛmɛn,ɛmɔn
ɛm,ɛmɛŋ,ɛmɔŋ,ɛmɛŋ,ɛmɔŋ
ɛm,ɛmɛp,ɛmɔp,ɛmɛp,ɛmɔp
ɛm,ɛmɛt,ɛmɔt,ɛmɛt,ɛmɔt
ɛm,ɛmɛk,ɛmɔk,ɛmɛk,ɛmɔk
ɛm,ɛmɛb,ɛmɔb,ɛmɛb,ɛmɔb
ɛm,ɛmɛd,ɛmɔd,ɛmɛd,ɛmɔd
ɛm,ɛmɛg,ɛmɔg,ɛmɛg,ɛmɔg
ɛm,ɛmɛf,ɛmɔf,ɛmɛf,ɛmɔf
ɛm,ɛmɛs,ɛmɔs,ɛmɛs,ɛmɔs
ɛm,ɛmɛv,ɛmɔv,ɛmɛv,ɛmɔv
ɛm,ɛmɛz,ɛmɔz,ɛmɛz,ɛmɔz
ɛm,ɛmɛʃ,ɛmɔʃ,ɛmɛʃ,ɛmɔʃ
ɛm,ɛmɛʒ,ɛmɔʒ,ɛmɛʒ,ɛmɔʒ
ɛm,ɛmɛθ,ɛmɔθ,ɛmɛθ,ɛmɔθ
ɛm,ɛmɛð,ɛmɔð,ɛmɛð,ɛmɔð
ɛn,ɛnɛm,ɛnɔm,ɛnɛm,ɛnɔm
ɛn,ɛnɛn,ɛnɔn,ɛnɛn,ɛnɔn
ɛn,ɛnɛŋ,ɛnɔŋ,ɛnɛŋ,ɛnɔŋ
ɛn,ɛnɛp,ɛnɔp,ɛnɛp,ɛnɔp
ɛn,ɛnɛt,ɛnɔt,ɛnɛt,ɛnɔt
ɛn,ɛnɛk,ɛnɔk,ɛnɛk,ɛnɔk
ɛn,ɛnɛb,ɛnɔb,ɛnɛb,ɛnɔb
ɛn,ɛnɛd,ɛnɔd,ɛnɛd,ɛnɔd
ɛn,ɛnɛg,ɛnɔg,ɛnɛg,ɛnɔg
ɛn,ɛnɛf,ɛnɔf,ɛnɛf,ɛnɔf
ɛn,ɛnɛs,ɛnɔs,ɛnɛs,ɛnɔs
ɛn,ɛnɛv,ɛnɔv,ɛnɛv,ɛnɔv
ɛn,ɛnɛz,ɛnɔz,ɛnɛz,ɛnɔz
ɛn,ɛnɛʃ,ɛnɔʃ,ɛnɛʃ,ɛnɔʃ
ɛn,ɛnɛʒ,ɛnɔʒ,ɛnɛʒ,ɛnɔʒ
ɛn,ɛnɛθ,ɛnɔθ,ɛnɛθ,ɛnɔθ
ɛn,ɛnɛð,ɛnɔð,ɛnɛð,ɛnɔð
ɛŋ,ɛŋɛm,ɛŋɔm,ɛŋɛm,ɛŋɔm
ɛŋ,ɛŋɛn,ɛŋɔn,ɛŋɛn,ɛŋɔn
ɛŋ,ɛŋɛŋ,ɛŋɔŋ,ɛŋɛŋ,ɛŋɔŋ
ɛŋ,ɛŋɛp,ɛŋɔp,ɛŋɛp,ɛŋɔp
ɛŋ,ɛŋɛt,ɛŋɔt,ɛŋɛt,ɛŋɔt
ɛŋ,ɛŋɛk,ɛŋɔk,ɛŋɛk,ɛŋɔk
ɛŋ,ɛŋɛb,ɛŋɔb,ɛŋɛb,ɛŋɔb
ɛŋ,ɛŋɛd,ɛŋɔd,ɛŋɛd,ɛŋɔd
ɛŋ,ɛŋɛg,ɛŋɔg,ɛŋɛg,ɛŋɔg
ɛŋ,ɛŋɛf,ɛŋɔf,ɛŋɛf,ɛŋɔf
ɛŋ,ɛŋɛs,ɛŋɔs,ɛŋɛs,ɛŋɔs
ɛŋ,ɛŋɛv,ɛŋɔv,ɛŋɛv,ɛŋɔv
ɛŋ,ɛŋɛz,ɛŋɔz,ɛŋɛz,ɛŋɔz
ɛŋ,ɛŋɛʃ,ɛŋɔʃ,ɛŋɛʃ,ɛŋɔʃ
ɛŋ,ɛŋɛʒ,ɛŋɔʒ,ɛŋɛʒ,ɛŋɔʒ
ɛŋ,ɛŋɛθ,ɛŋɔθ,ɛŋɛθ,ɛŋɔθ
ɛŋ,ɛŋɛð,ɛŋɔð,ɛŋɛð,ɛŋɔð
ɛp,ɛpɛm,ɛpɔm,ɛpɛm,ɛpɔm
ɛp,ɛpɛn,ɛpɔn,ɛpɛn,ɛpɔn
ɛp,ɛpɛŋ,ɛpɔŋ,ɛpɛŋ,ɛpɔŋ
ɛp,ɛpɛp,ɛpɔp,ɛpɛp,ɛpɔp
ɛp,ɛpɛt,ɛpɔt,ɛpɛt,ɛpɔt
ɛp,ɛpɛk,ɛpɔk,ɛpɛk,ɛpɔk
ɛp,ɛpɛb,ɛpɔb,ɛpɛb,ɛpɔb
ɛp,ɛpɛd,ɛpɔd,ɛpɛd,ɛpɔd
ɛp,ɛpɛg,ɛpɔg,ɛpɛg,ɛpɔg
ɛp,ɛpɛf,ɛpɔf,ɛpɛf,ɛpɔf
ɛp,ɛpɛs,ɛpɔs,ɛpɛs,ɛpɔs
ɛp,ɛpɛv,ɛpɔv,ɛpɛv,ɛpɔv
ɛp,ɛpɛz,ɛpɔz,ɛpɛz,ɛpɔz
ɛp,ɛpɛʃ,ɛpɔʃ,ɛpɛʃ,ɛpɔʃ
ɛp,ɛpɛʒ,ɛpɔʒ,ɛpɛʒ,ɛpɔʒ
ɛp,ɛpɛθ,ɛpɔθ,ɛpɛθ,ɛpɔθ
ɛp,ɛpɛð,ɛpɔð,ɛpɛð,ɛpɔð
ɛt,ɛtɛm,ɛtɔm,ɛtɛm,ɛtɔm
ɛt,ɛtɛn,ɛtɔn,ɛtɛn,ɛtɔn
ɛt,ɛtɛŋ,ɛtɔŋ,ɛtɛŋ,ɛtɔŋ
ɛt,ɛtɛp,ɛtɔp,ɛtɛp,ɛtɔp
ɛt,ɛtɛt,ɛtɔt,ɛtɛt,ɛtɔt
ɛt,ɛtɛk,ɛtɔk,ɛtɛk,ɛtɔk
ɛt,ɛtɛb,ɛtɔb,ɛtɛb,ɛtɔb
ɛt,ɛtɛd,ɛtɔd,ɛtɛd,ɛtɔd
ɛt,ɛtɛg,ɛtɔg,ɛtɛg,ɛtɔg
ɛt,ɛtɛf,ɛtɔf,ɛtɛf,ɛtɔf
ɛt,ɛtɛs,ɛtɔs,ɛtɛs,ɛtɔs
ɛt,ɛtɛv,ɛtɔv,ɛtɛv,ɛtɔv
ɛt,ɛtɛz,ɛtɔz,ɛtɛz,ɛtɔz
ɛt,ɛtɛʃ,ɛtɔʃ,ɛtɛʃ,ɛtɔʃ
ɛt,ɛtɛʒ,ɛtɔʒ,ɛtɛʒ,ɛtɔʒ
ɛt,ɛtɛθ,ɛtɔθ,ɛtɛθ,ɛtɔθ
ɛt,ɛtɛð,ɛtɔð,ɛtɛð,ɛtɔð
ɛk,ɛkɛm,ɛkɔm,ɛkɛm,ɛkɔm
ɛk,ɛkɛn,ɛkɔn,ɛkɛn,ɛkɔn
ɛk,ɛkɛŋ,ɛkɔŋ,ɛkɛŋ,ɛkɔŋ
ɛk,ɛkɛp,ɛkɔp,ɛkɛp,ɛkɔp
ɛk,ɛkɛt,ɛkɔt,ɛkɛt,ɛkɔt
ɛk,ɛkɛk,ɛkɔk,ɛkɛk,ɛkɔk
ɛk,ɛkɛb,ɛkɔb,ɛkɛb,ɛkɔb
ɛk,ɛkɛd,ɛkɔd,ɛkɛd,ɛkɔd
ɛk,ɛkɛg,ɛkɔg,ɛkɛg,ɛkɔg
ɛk,ɛkɛf,ɛkɔf,ɛkɛf,ɛkɔf
ɛk,ɛkɛs,ɛkɔs,ɛkɛs,ɛkɔs
ɛk,ɛkɛv,ɛkɔv,ɛkɛv,ɛkɔv
ɛk,ɛkɛz,ɛkɔz,ɛkɛz,ɛkɔz
ɛk,ɛkɛʃ,ɛkɔʃ,ɛkɛʃ,ɛkɔʃ
ɛk,ɛkɛʒ,ɛkɔʒ,ɛkɛʒ,ɛkɔʒ
ɛk,ɛkɛθ,ɛkɔθ,ɛkɛθ,ɛkɔθ
ɛk,ɛkɛð,ɛkɔð,ɛkɛð,ɛkɔð
ɛb,ɛbɛm,ɛbɔm,ɛbɛm,ɛbɔm
ɛb,ɛbɛn,ɛbɔn,ɛbɛn,ɛbɔn
ɛb,ɛbɛŋ,ɛbɔŋ,ɛbɛŋ,ɛbɔŋ
ɛb,ɛbɛp,ɛbɔp,ɛbɛp,ɛbɔp
ɛb,ɛbɛt,ɛbɔt,ɛbɛt,ɛbɔt
ɛb,ɛbɛk,ɛbɔk,ɛbɛk,ɛbɔk
ɛb,ɛbɛb,ɛbɔb,ɛbɛb,ɛbɔb
ɛb,ɛbɛd,ɛbɔd,ɛbɛd,ɛbɔd
ɛb,ɛbɛg,ɛbɔg,ɛbɛg,ɛbɔg
ɛb,ɛbɛf,ɛbɔf,ɛbɛf,ɛbɔf
ɛb,ɛbɛs,ɛbɔs,ɛbɛs,ɛbɔs
ɛb,ɛbɛv,ɛbɔv,ɛbɛv,ɛbɔv
ɛb,ɛbɛz,ɛbɔz,ɛbɛz,ɛbɔz
ɛb,ɛbɛʃ,ɛbɔʃ,ɛbɛʃ,ɛbɔʃ
ɛb,ɛbɛʒ,ɛbɔʒ,ɛbɛʒ,ɛbɔʒ
ɛb,ɛbɛθ,ɛbɔθ,ɛbɛθ,ɛbɔθ
ɛb,ɛbɛð,ɛbɔð,ɛbɛð,ɛbɔð
ɛd,ɛdɛm,ɛdɔm,ɛdɛm,ɛdɔm
ɛd,ɛdɛn,ɛdɔn,ɛdɛn,ɛdɔn
ɛd,ɛdɛŋ,ɛdɔŋ,ɛdɛŋ,ɛdɔŋ
ɛd,ɛdɛp,ɛdɔp,ɛdɛp,ɛdɔp
ɛd,ɛdɛt,ɛdɔt,ɛdɛt,ɛdɔt
ɛd,ɛdɛk,ɛdɔk,ɛdɛk,ɛdɔk
ɛd,ɛdɛb,ɛdɔb,ɛdɛb,ɛdɔb
ɛd,ɛdɛd,ɛdɔd,ɛdɛd,ɛdɔd
ɛd,ɛdɛg,ɛdɔg,ɛdɛg,ɛdɔg
ɛd,ɛdɛf,ɛdɔf,ɛdɛf,ɛdɔf
ɛd,ɛdɛs,ɛdɔs,ɛdɛs,ɛdɔs
ɛd,ɛdɛv,ɛdɔv,ɛdɛv,ɛdɔv
ɛd,ɛdɛz,ɛdɔz,ɛdɛz,ɛdɔz
ɛd,ɛdɛʃ,ɛdɔʃ,ɛdɛʃ,ɛdɔʃ
ɛd,ɛdɛʒ,ɛdɔʒ,ɛdɛʒ,ɛdɔʒ
ɛd,ɛdɛθ,ɛdɔθ,ɛdɛθ,ɛdɔθ
ɛd,ɛdɛð,ɛdɔð,ɛdɛð,ɛdɔð
ɛg,ɛgɛm,ɛgɔm,ɛgɛm,ɛgɔm
ɛg,ɛgɛn,ɛgɔn,ɛgɛn,ɛgɔn
ɛg,ɛgɛŋ,ɛgɔŋ,ɛgɛŋ,ɛgɔŋ
ɛg,ɛgɛp,ɛgɔp,ɛgɛp,ɛgɔp
ɛg,ɛgɛt,ɛgɔt,ɛgɛt,ɛgɔt
ɛg,ɛgɛk,ɛgɔk,ɛgɛk,ɛgɔk
ɛg,ɛgɛb,ɛgɔb,ɛgɛb,ɛgɔb
ɛg,ɛgɛd,ɛgɔd,ɛgɛd,ɛgɔd
ɛg,ɛgɛg,ɛgɔg,ɛgɛg,ɛgɔg
ɛg,ɛgɛf,ɛgɔf,ɛgɛf,ɛgɔf
ɛg,ɛgɛs,ɛgɔs,ɛgɛs,ɛgɔs
ɛg,ɛgɛv,ɛgɔv,ɛgɛv,ɛgɔv
ɛg,ɛgɛz,ɛgɔz,ɛgɛz,ɛgɔz
ɛg,ɛgɛʃ,ɛgɔʃ,ɛgɛʃ,ɛgɔʃ
ɛg,ɛgɛʒ,ɛgɔʒ,ɛgɛʒ,ɛgɔʒ
ɛg,ɛgɛθ,ɛgɔθ,ɛgɛθ,ɛgɔθ
ɛg,ɛgɛð,ɛgɔð,ɛgɛð,ɛgɔð
ɛf,ɛfɛm,ɛfɔm,ɛfɛm,ɛfɔm
ɛf,ɛfɛn,ɛfɔn,ɛfɛn,ɛfɔn
ɛf,ɛfɛŋ,ɛfɔŋ,ɛfɛŋ,ɛfɔŋ
ɛf,ɛfɛp,ɛfɔp,ɛfɛp,ɛfɔp
ɛf,ɛfɛt,ɛfɔt,ɛfɛt,ɛfɔt
ɛf,ɛfɛk,ɛfɔk,ɛfɛk,ɛfɔk
ɛf,ɛfɛb,ɛfɔb,ɛfɛb,ɛfɔb
ɛf,ɛfɛd,ɛfɔd,ɛfɛd,ɛfɔd
ɛf,ɛfɛg,ɛfɔg,ɛfɛg,ɛfɔg
ɛf,ɛfɛf,ɛfɔf,ɛfɛf,ɛfɔf
ɛf,ɛfɛs,ɛfɔs,ɛfɛs,ɛfɔs
ɛf,ɛfɛv,ɛfɔv,ɛfɛv,ɛfɔv
ɛf,ɛfɛz,ɛfɔz,ɛfɛz,ɛfɔz
ɛf,ɛfɛʃ,ɛfɔʃ,ɛfɛʃ,ɛfɔʃ
ɛf,ɛfɛʒ,ɛfɔʒ,ɛfɛʒ,ɛfɔʒ
ɛf,ɛfɛθ,ɛfɔθ,ɛfɛθ,ɛfɔθ
ɛf,ɛfɛð,ɛfɔð,ɛfɛð,ɛfɔð
ɛs,ɛsɛm,ɛsɔm,ɛsɛm,ɛsɔm
ɛs,ɛsɛn,ɛsɔn,ɛsɛn,ɛsɔn
ɛs,ɛsɛŋ,ɛsɔŋ,ɛsɛŋ,ɛsɔŋ
ɛs,ɛsɛp,ɛsɔp,ɛsɛp,ɛsɔp
ɛs,ɛsɛt,ɛsɔt,ɛsɛt,ɛsɔt
ɛs,ɛsɛk,ɛsɔk,ɛsɛk,ɛsɔk
ɛs,ɛsɛb,ɛsɔb,ɛsɛb,ɛsɔb
ɛs,ɛsɛd,ɛsɔd,ɛsɛd,ɛsɔd
ɛs,ɛsɛg,ɛsɔg,ɛsɛg,ɛsɔg
ɛs,ɛsɛf,ɛsɔf,ɛsɛf,ɛsɔf
ɛs,ɛsɛs,ɛsɔs,ɛsɛs,ɛsɔs
ɛs,ɛsɛv,ɛsɔv,ɛsɛv,ɛsɔv
ɛs,ɛsɛz,ɛsɔz,ɛsɛz,ɛsɔz
ɛs,ɛsɛʃ,ɛsɔʃ,ɛsɛʃ,ɛsɔʃ
ɛs,ɛsɛʒ,ɛsɔʒ,ɛsɛʒ,ɛsɔʒ
ɛs,ɛsɛθ,ɛsɔθ,ɛsɛθ,ɛsɔθ
ɛs,ɛsɛð,ɛsɔð,ɛsɛð,ɛsɔð
ɛv,ɛvɛm,ɛvɔm,ɛvɛm,ɛvɔm
ɛv,ɛvɛn,ɛvɔn,ɛvɛn,ɛvɔn
ɛv,ɛvɛŋ,ɛvɔŋ,ɛvɛŋ,ɛvɔŋ
ɛv,ɛvɛp,ɛvɔp,ɛvɛp,ɛvɔp
ɛv,ɛvɛt,ɛvɔt,ɛvɛt,ɛvɔt
ɛv,ɛvɛk,ɛvɔk,ɛvɛk,ɛvɔk
ɛv,ɛvɛb,ɛvɔb,ɛvɛb,ɛvɔb
ɛv,ɛvɛd,ɛvɔd,ɛvɛd,ɛvɔd
ɛv,ɛvɛg,ɛvɔg,ɛvɛg,ɛvɔg
ɛv,ɛvɛf,ɛvɔf,ɛvɛf,ɛvɔf
ɛv,ɛvɛs,ɛvɔs,ɛvɛs,ɛvɔs
ɛv,ɛvɛv,ɛvɔv,ɛvɛv,ɛvɔv
ɛv,ɛvɛz,ɛvɔz,ɛvɛz,ɛvɔz
ɛv,ɛvɛʃ,ɛvɔʃ,ɛvɛʃ,ɛvɔʃ
ɛv,ɛvɛʒ,ɛvɔʒ,ɛvɛʒ,ɛvɔʒ
ɛv,ɛvɛθ,ɛvɔθ,ɛvɛθ,ɛvɔθ
ɛv,ɛvɛð,ɛvɔð,ɛvɛð,ɛvɔð
ɛz,ɛzɛm,ɛzɔm,ɛzɛm,ɛzɔm
ɛz,ɛzɛn,ɛzɔn,ɛzɛn,ɛzɔn
ɛz,ɛzɛŋ,ɛzɔŋ,ɛzɛŋ,ɛzɔŋ
ɛz,ɛzɛp,ɛzɔp,ɛzɛp,ɛzɔp
ɛz,ɛzɛt,ɛzɔt,ɛzɛt,ɛzɔt
ɛz,ɛzɛk,ɛzɔk,ɛzɛk,ɛzɔk
ɛz,ɛzɛb,ɛzɔb,ɛzɛb,ɛzɔb
ɛz,ɛzɛd,ɛzɔd,ɛzɛd,ɛzɔd
ɛz,ɛzɛg,ɛzɔg,ɛzɛg,ɛzɔg
ɛz,ɛzɛf,ɛzɔf,ɛzɛf,ɛzɔf
ɛz,ɛzɛs,ɛzɔs,ɛzɛs,ɛzɔs
ɛz,ɛzɛv,ɛzɔv,ɛzɛv,ɛzɔv
ɛz,ɛzɛz,ɛzɔz,ɛzɛz,ɛzɔz
ɛz,ɛzɛʃ,ɛzɔʃ,ɛzɛʃ,ɛzɔʃ
ɛz,ɛzɛʒ,ɛzɔʒ,ɛzɛʒ,ɛzɔʒ
ɛz,ɛzɛθ,ɛzɔθ,ɛzɛθ,ɛzɔθ
ɛz,ɛzɛð,ɛzɔð,ɛzɛð,ɛzɔð
ɛʃ,ɛʃɛm,ɛʃɔm,ɛʃɛm,ɛʃɔm
ɛʃ,ɛʃɛn,ɛʃɔn,ɛʃɛn,ɛʃɔn
ɛʃ,ɛʃɛŋ,ɛʃɔŋ,ɛʃɛŋ,ɛʃɔŋ
ɛʃ,ɛʃɛp,ɛʃɔp,ɛʃɛp,ɛʃɔp
ɛʃ,ɛʃɛt,ɛʃɔt,ɛʃɛt,ɛʃɔt
ɛʃ,ɛʃɛk,ɛʃɔk,ɛʃɛk,ɛʃɔk
ɛʃ,ɛʃɛb,ɛʃɔb,ɛʃɛb,ɛʃɔb
ɛʃ,ɛʃɛd,ɛʃɔd,ɛʃɛd,ɛʃɔd
ɛʃ,ɛʃɛg,ɛʃɔg,ɛʃɛg,ɛʃɔg
ɛʃ,ɛʃɛf,ɛʃɔf,ɛʃɛf,ɛʃɔf
ɛʃ,ɛʃɛs,ɛʃɔs,ɛʃɛs,ɛʃɔs
ɛʃ,ɛʃɛv,ɛʃɔv,ɛʃɛv,ɛʃɔv
ɛʃ,ɛʃɛz,ɛʃɔz,ɛʃɛz,ɛʃɔz
ɛʃ,ɛʃɛʃ,ɛʃɔʃ,ɛʃɛʃ,ɛʃɔʃ
ɛʃ,ɛʃɛʒ,ɛʃɔʒ,ɛʃɛʒ,ɛʃɔʒ
ɛʃ,ɛʃɛθ,ɛʃɔθ,ɛʃɛθ,ɛʃɔθ
ɛʃ,ɛʃɛð,ɛʃɔð,ɛʃɛð,ɛʃɔð
ɛʒ,ɛʒɛm,ɛʒɔm,ɛʒɛm,ɛʒɔm
ɛʒ,ɛʒɛn,ɛʒɔn,ɛʒɛn,ɛʒɔn
ɛʒ,ɛʒɛŋ,ɛʒɔŋ,ɛʒɛŋ,ɛʒɔŋ
ɛʒ,ɛʒɛp,ɛʒɔp,ɛʒɛp,ɛʒɔp
ɛʒ,ɛʒɛt,ɛʒɔt,ɛʒɛt,ɛʒɔt
ɛʒ,ɛʒɛk,ɛʒɔk,ɛʒɛk,ɛʒɔk
ɛʒ,ɛʒɛb,ɛʒɔb,ɛʒɛb,ɛʒɔb
ɛʒ,ɛʒɛd,ɛʒɔd,ɛʒɛd,ɛʒɔd
ɛʒ,ɛʒɛg,ɛʒɔg,ɛʒɛg,ɛʒɔg
ɛʒ,ɛʒɛf,ɛʒɔf,ɛʒɛf,ɛʒɔf
ɛʒ,ɛʒɛs,ɛʒɔs,ɛʒɛs,ɛʒɔs
ɛʒ,ɛʒɛv,ɛʒɔv,ɛʒɛv,ɛʒɔv
ɛʒ,ɛʒɛz,ɛʒɔz,ɛʒɛz,ɛʒɔz
ɛʒ,ɛʒɛʃ,ɛʒɔʃ,ɛʒɛʃ,ɛʒɔʃ
ɛʒ,ɛʒɛʒ,ɛʒɔʒ,ɛʒɛʒ,ɛʒɔʒ
ɛʒ,ɛʒɛθ,ɛʒɔθ,ɛʒɛθ,ɛʒɔθ
ɛʒ,ɛʒɛð,ɛʒɔð,ɛʒɛð,ɛʒɔð
ɛθ,ɛθɛm,ɛθɔm,ɛθɛm,ɛθɔm
ɛθ,ɛθɛn,ɛθɔn,ɛθɛn,ɛθɔn
ɛθ,ɛθɛŋ,ɛθɔŋ,ɛθɛŋ,ɛθɔŋ
ɛθ,ɛθɛp,ɛθɔp,ɛθɛp,ɛθɔp
ɛθ,ɛθɛt,ɛθɔt,ɛθɛt,ɛθɔt
ɛθ,ɛθɛk,ɛθɔk,ɛθɛk,ɛθɔk
ɛθ,ɛθɛb,ɛθɔb,ɛθɛb,ɛθɔb
ɛθ,ɛθɛd,ɛθɔd,ɛθɛd,ɛθɔd
ɛθ,ɛθɛg,ɛθɔg,ɛθɛg,ɛθɔg
ɛθ,ɛθɛf,ɛθɔf,ɛθɛf,ɛθɔf
ɛθ,ɛθɛs,ɛθɔs,ɛθɛs,ɛθɔs
ɛθ,ɛθɛv,ɛθɔv,ɛθɛv,ɛθɔv
ɛθ,ɛθɛz,ɛθɔz,ɛθɛz,ɛθɔz
ɛθ,ɛθɛʃ,ɛθɔʃ,ɛθɛʃ,ɛθɔʃ
ɛθ,ɛθɛʒ,ɛθɔʒ,ɛθɛʒ,ɛθɔʒ
ɛθ,ɛθɛθ,ɛθɔθ,ɛθɛθ,ɛθɔθ
ɛθ,ɛθɛð,ɛθɔð,ɛθɛð,ɛθɔð
ɛð,ɛðɛm,ɛðɔm,ɛðɛm,ɛðɔm
ɛð,ɛðɛn,ɛðɔn,ɛðɛn,ɛðɔn
ɛð,ɛðɛŋ,ɛðɔŋ,ɛðɛŋ,ɛðɔŋ
ɛð,ɛðɛp,ɛðɔp,ɛðɛp,ɛðɔp
ɛð,ɛðɛt,ɛðɔt,ɛðɛt,ɛðɔt
ɛð,ɛðɛk,ɛðɔk,ɛðɛk,ɛðɔk
ɛð,ɛðɛb,ɛðɔb,ɛðɛb,ɛðɔb
ɛð,ɛðɛd,ɛðɔd,ɛðɛd,ɛðɔd
ɛð,ɛðɛg,ɛðɔg,ɛðɛg,ɛðɔg
ɛð,ɛðɛf,ɛðɔf,ɛðɛf,ɛðɔf
ɛð,ɛðɛs,ɛðɔs,ɛðɛs,ɛðɔs
ɛð,ɛðɛv,ɛðɔv,ɛðɛv,ɛðɔv
ɛð,ɛðɛz,ɛðɔz,ɛðɛz,ɛðɔz
ɛð,ɛðɛʃ,ɛðɔʃ,ɛðɛʃ,ɛðɔʃ
ɛð,ɛðɛʒ,ɛðɔʒ,ɛðɛʒ,ɛðɔʒ
ɛð,ɛðɛθ,ɛðɔθ,ɛðɛθ,ɛðɔθ
ɛð,ɛðɛð,ɛðɔð,ɛðɛð,ɛðɔð
ɛm,ɛmʊm,ɛmʊm,ɛmʊm,ɛmʊm
ɛm,ɛmʊn,ɛmʊn,ɛmʊn,ɛmʊn
ɛm,ɛmʊŋ,ɛmʊŋ,ɛmʊŋ,ɛmʊŋ
ɛm,ɛmʊp,ɛmʊp,ɛmʊp,ɛmʊp
ɛm,ɛmʊt,ɛmʊt,ɛmʊt,ɛmʊt
ɛm,ɛmʊk,ɛmʊk,ɛmʊk,ɛmʊk
ɛm,ɛmʊb,ɛmʊb,ɛmʊb,ɛmʊb
ɛm,ɛmʊd,ɛmʊd,ɛmʊd,ɛmʊd
ɛm,ɛmʊg,ɛmʊg,ɛmʊg,ɛmʊg
ɛm,ɛmʊf,ɛmʊf,ɛmʊf,ɛmʊf
ɛm,ɛmʊs,ɛmʊs,ɛmʊs,ɛmʊs
ɛm,ɛmʊv,ɛmʊv,ɛmʊv,ɛmʊv
ɛm,ɛmʊz,ɛmʊz,ɛmʊz,ɛmʊz
ɛm,ɛmʊʃ,ɛmʊʃ,ɛmʊʃ,ɛmʊʃ
ɛm,ɛmʊʒ,ɛmʊʒ,ɛmʊʒ,ɛmʊʒ
ɛm,ɛmʊθ,ɛmʊθ,ɛmʊθ,ɛmʊθ
ɛm,ɛmʊð,ɛmʊð,ɛmʊð,ɛmʊð
ɛn,ɛnʊm,ɛnʊm,ɛnʊm,ɛnʊm
ɛn,ɛnʊn,ɛnʊn,ɛnʊn,ɛnʊn
ɛn,ɛnʊŋ,ɛnʊŋ,ɛnʊŋ,ɛnʊŋ
ɛn,ɛnʊp,ɛnʊp,ɛnʊp,ɛnʊp
ɛn,ɛnʊt,ɛnʊt,ɛnʊt,ɛnʊt
ɛn,ɛnʊk,ɛnʊk,ɛnʊk,ɛnʊk
ɛn,ɛnʊb,ɛnʊb,ɛnʊb,ɛnʊb
ɛn,ɛnʊd,ɛnʊd,ɛnʊd,ɛnʊd
ɛn,ɛnʊg,ɛnʊg,ɛnʊg,ɛnʊg
ɛn,ɛnʊf,ɛnʊf,ɛnʊf,ɛnʊf
ɛn,ɛnʊs,ɛnʊs,ɛnʊs,ɛnʊs
ɛn,ɛnʊv,ɛnʊv,ɛnʊv,ɛnʊv
ɛn,ɛnʊz,ɛnʊz,ɛnʊz,ɛnʊz
ɛn,ɛnʊʃ,ɛnʊʃ,ɛnʊʃ,ɛnʊʃ
ɛn,ɛnʊʒ,ɛnʊʒ,ɛnʊʒ,ɛnʊʒ
ɛn,ɛnʊθ,ɛnʊθ,ɛnʊθ,ɛnʊθ
ɛn,ɛnʊð,ɛnʊð,ɛnʊð,ɛnʊð
ɛŋ,ɛŋʊm,ɛŋʊm,ɛŋʊm,ɛŋʊm
ɛŋ,ɛŋʊn,ɛŋʊn,ɛŋʊn,ɛŋʊn
ɛŋ,ɛŋʊŋ,ɛŋʊŋ,ɛŋʊŋ,ɛŋʊŋ
ɛŋ,ɛŋʊp,ɛŋʊp,ɛŋʊp,ɛŋʊp
ɛŋ,ɛŋʊt,ɛŋʊt,ɛŋʊt,ɛŋʊt
ɛŋ,ɛŋʊk,ɛŋʊk,ɛŋʊk,ɛŋʊk
ɛŋ,ɛŋʊb,ɛŋʊb,ɛŋʊb,ɛŋʊb
ɛŋ,ɛŋʊd,ɛŋʊd,ɛŋʊd,ɛŋʊd
ɛŋ,ɛŋʊg,ɛŋʊg,ɛŋʊg,ɛŋʊg
ɛŋ,ɛŋʊf,ɛŋʊf,ɛŋʊf,ɛŋʊf
ɛŋ,ɛŋʊs,ɛŋʊs,ɛŋʊs,ɛŋʊs
ɛŋ,ɛŋʊv,ɛŋʊv,ɛŋʊv,ɛŋʊv
ɛŋ,ɛŋʊz,ɛŋʊz,ɛŋʊz,ɛŋʊz
ɛŋ,ɛŋʊʃ,ɛŋʊʃ,ɛŋʊʃ,ɛŋʊʃ
ɛŋ,ɛŋʊʒ,ɛŋʊʒ,ɛŋʊʒ,ɛŋʊʒ
ɛŋ,ɛŋʊθ,ɛŋʊθ,ɛŋʊθ,ɛŋʊθ
ɛŋ,ɛŋʊð,ɛŋʊð,ɛŋʊð,ɛŋʊð
ɛp,ɛpʊm,ɛpʊm,ɛpʊm,ɛpʊm
ɛp,ɛpʊn,ɛpʊn,ɛpʊn,ɛpʊn
ɛp,ɛpʊŋ,ɛpʊŋ,ɛpʊŋ,ɛpʊŋ
ɛp,ɛpʊp,ɛpʊp,ɛpʊp,ɛpʊp
ɛp,ɛpʊt,ɛpʊt,ɛpʊt,ɛpʊt
ɛp,ɛpʊk,ɛpʊk,ɛpʊk,ɛpʊk
ɛp,ɛpʊb,ɛpʊb,ɛpʊb,ɛpʊb
ɛp,ɛpʊd,ɛpʊd,ɛpʊd,ɛpʊd
ɛp,ɛpʊg,ɛpʊg,ɛpʊg,ɛpʊg
ɛp,ɛpʊf,ɛpʊf,ɛpʊf,ɛpʊf
ɛp,ɛpʊs,ɛpʊs,ɛpʊs,ɛpʊs
ɛp,ɛpʊv,ɛpʊv,ɛpʊv,ɛpʊv
ɛp,ɛpʊz,ɛpʊz,ɛpʊz,ɛpʊz
ɛp,ɛpʊʃ,ɛpʊʃ,ɛpʊʃ,ɛpʊʃ
ɛp,ɛpʊʒ,ɛpʊʒ,ɛpʊʒ,ɛpʊʒ
ɛp,ɛpʊθ,ɛpʊθ,ɛpʊθ,ɛpʊθ
ɛp,ɛpʊð,ɛpʊð,ɛpʊð,ɛpʊð
ɛt,ɛtʊm,ɛtʊm,ɛtʊm,ɛtʊm
ɛt,ɛtʊn,ɛtʊn,ɛtʊn,ɛtʊn
ɛt,ɛtʊŋ,ɛtʊŋ,ɛtʊŋ,ɛtʊŋ
ɛt,ɛtʊp,ɛtʊp,ɛtʊp,ɛtʊp
ɛt,ɛtʊt,ɛtʊt,ɛtʊt,ɛtʊt
ɛt,ɛtʊk,ɛtʊk,ɛtʊk,ɛtʊk
ɛt,ɛtʊb,ɛtʊb,ɛtʊb,ɛtʊb
ɛt,ɛtʊd,ɛtʊd,ɛtʊd,ɛtʊd
ɛt,ɛtʊg,ɛtʊg,ɛtʊg,ɛtʊg
ɛt,ɛtʊf,ɛtʊf,ɛtʊf,ɛtʊf
ɛt,ɛtʊs,ɛtʊs,ɛtʊs,ɛtʊs
ɛt,ɛtʊv,ɛtʊv,ɛtʊv,ɛtʊv
ɛt,ɛtʊz,ɛtʊz,ɛtʊz,ɛtʊz
ɛt,ɛtʊʃ,ɛtʊʃ,ɛtʊʃ,ɛtʊʃ
ɛt,ɛtʊʒ,ɛtʊʒ,ɛtʊʒ,ɛtʊʒ
ɛt,ɛtʊθ,ɛtʊθ,ɛtʊθ,ɛtʊθ
ɛt,ɛtʊð,ɛtʊð,ɛtʊð,ɛtʊð
ɛk,ɛkʊm,ɛkʊm,ɛkʊm,ɛkʊm
ɛk,ɛkʊn,ɛkʊn,ɛkʊn,ɛkʊn
ɛk,ɛkʊŋ,ɛkʊŋ,ɛkʊŋ,ɛkʊŋ
ɛk,ɛkʊp,ɛkʊp,ɛkʊp,ɛkʊp
ɛk,ɛkʊt,ɛkʊt,ɛkʊt,ɛkʊt
ɛk,ɛkʊk,ɛkʊk,ɛkʊk,ɛkʊk
ɛk,ɛkʊb,ɛkʊb,ɛkʊb,ɛkʊb
ɛk,ɛkʊd,ɛkʊd,ɛkʊd,ɛkʊd
ɛk,ɛkʊg,ɛkʊg,ɛkʊg,ɛkʊg
ɛk,ɛkʊf,ɛkʊf,ɛkʊf,ɛkʊf
ɛk,ɛkʊs,ɛkʊs,ɛkʊs,ɛkʊs
ɛk,ɛkʊv,ɛkʊv,ɛkʊv,ɛkʊv
ɛk,ɛkʊz,ɛkʊz,ɛkʊz,ɛkʊz
ɛk,ɛkʊʃ,ɛkʊʃ,ɛkʊʃ,ɛkʊʃ
ɛk,ɛkʊʒ,ɛkʊʒ,ɛkʊʒ,ɛkʊʒ
ɛk,ɛkʊθ,ɛkʊθ,ɛkʊθ,ɛkʊθ
ɛk,ɛkʊð,ɛkʊð,ɛkʊð,ɛkʊð
ɛb,ɛbʊm,ɛbʊm,ɛbʊm,ɛbʊm
ɛb,ɛbʊn,ɛbʊn,ɛbʊn,ɛbʊn
ɛb,ɛbʊŋ,ɛbʊŋ,ɛbʊŋ,ɛbʊŋ
ɛb,ɛbʊp,ɛbʊp,ɛbʊp,ɛbʊp
ɛb,ɛbʊt,ɛbʊt,ɛbʊt,ɛbʊt
ɛb,ɛbʊk,ɛbʊk,ɛbʊk,ɛbʊk
ɛb,ɛbʊb,ɛbʊb,ɛbʊb,ɛbʊb
ɛb,ɛbʊd,ɛbʊd,ɛbʊd,ɛbʊd
ɛb,ɛbʊg,ɛbʊg,ɛbʊg,ɛbʊg
ɛb,ɛbʊf,ɛbʊf,ɛbʊf,ɛbʊf
ɛb,ɛbʊs,ɛbʊs,ɛbʊs,ɛbʊs
ɛb,ɛbʊv,ɛbʊv,ɛbʊv,ɛbʊv
ɛb,ɛbʊz,ɛbʊz,ɛbʊz,ɛbʊz
ɛb,ɛbʊʃ,ɛbʊʃ,ɛbʊʃ,ɛbʊʃ
ɛb,ɛbʊʒ,ɛbʊʒ,ɛbʊʒ,ɛbʊʒ
ɛb,ɛbʊθ,ɛbʊθ,ɛbʊθ,ɛbʊθ
ɛb,ɛbʊð,ɛbʊð,ɛbʊð,ɛbʊð
ɛd,ɛdʊm,ɛdʊm,ɛdʊm,ɛdʊm
ɛd,ɛdʊn,ɛdʊn,ɛdʊn,ɛdʊn
ɛd,ɛdʊŋ,ɛdʊŋ,ɛdʊŋ,ɛdʊŋ
ɛd,ɛdʊp,ɛdʊp,ɛdʊp,ɛdʊp
ɛd,ɛdʊt,ɛdʊt,ɛdʊt,ɛdʊt
ɛd,ɛdʊk,ɛdʊk,ɛdʊk,ɛdʊk
ɛd,ɛdʊb,ɛdʊb,ɛdʊb,ɛdʊb
ɛd,ɛdʊd,ɛdʊd,ɛdʊd,ɛdʊd
ɛd,ɛdʊg,ɛdʊg,ɛdʊg,ɛdʊg
ɛd,ɛdʊf,ɛdʊf,ɛdʊf,ɛdʊf
ɛd,ɛdʊs,ɛdʊs,ɛdʊs,ɛdʊs
ɛd,ɛdʊv,ɛdʊv,ɛdʊv,ɛdʊv
ɛd,ɛdʊz,ɛdʊz,ɛdʊz,ɛdʊz
ɛd,ɛdʊʃ,ɛdʊʃ,ɛdʊʃ,ɛdʊʃ
ɛd,ɛdʊʒ,ɛdʊʒ,ɛdʊʒ,ɛdʊʒ
ɛd,ɛdʊθ,ɛdʊθ,ɛdʊθ,ɛdʊθ
ɛd,ɛdʊð,ɛdʊð,ɛdʊð,ɛdʊð
ɛg,ɛgʊm,ɛgʊm,ɛgʊm,ɛgʊm
ɛg,ɛgʊn,ɛgʊn,ɛgʊn,ɛgʊn
ɛg,ɛgʊŋ,ɛgʊŋ,ɛgʊŋ,ɛgʊŋ
ɛg,ɛgʊp,ɛgʊp,ɛgʊp,ɛgʊp
ɛg,ɛgʊt,ɛgʊt,ɛgʊt,ɛgʊt
ɛg,ɛgʊk,ɛgʊk,ɛgʊk,ɛgʊk
ɛg,ɛgʊb,ɛgʊb,ɛgʊb,ɛgʊb
ɛg,ɛgʊd,ɛgʊd,ɛgʊd,ɛgʊd
ɛg,ɛgʊg,ɛgʊg,ɛgʊg,ɛgʊg
ɛg,ɛgʊf,ɛgʊf,ɛgʊf,ɛgʊf
ɛg,ɛgʊs,ɛgʊs,ɛgʊs,ɛgʊs
ɛg,ɛgʊv,ɛgʊv,ɛgʊv,ɛgʊv
ɛg,ɛgʊz,ɛgʊz,ɛgʊz,ɛgʊz
ɛg,ɛgʊʃ,ɛgʊʃ,ɛgʊʃ,ɛgʊʃ
ɛg,ɛgʊʒ,ɛgʊʒ,ɛgʊʒ,ɛgʊʒ
ɛg,ɛgʊθ,ɛgʊθ,ɛgʊθ,ɛgʊθ
ɛg,ɛgʊð,ɛgʊð,ɛgʊð,ɛgʊð
ɛf,ɛfʊm,ɛfʊm,ɛfʊm,ɛfʊm
ɛf,ɛfʊn,ɛfʊn,ɛfʊn,ɛfʊn
ɛf,ɛfʊŋ,ɛfʊŋ,ɛfʊŋ,ɛfʊŋ
ɛf,ɛfʊp,ɛfʊp,ɛfʊp,ɛfʊp
ɛf,ɛfʊt,ɛfʊt,ɛfʊt,ɛfʊt
ɛf,ɛfʊk,ɛfʊk,ɛfʊk,ɛfʊk
ɛf,ɛfʊb,ɛfʊb,ɛfʊb,ɛfʊb
ɛf,ɛfʊd,ɛfʊd,ɛfʊd,ɛfʊd
ɛf,ɛfʊg,ɛfʊg,ɛfʊg,ɛfʊg
ɛf,ɛfʊf,ɛfʊf,ɛfʊf,ɛfʊf
ɛf,ɛfʊs,ɛfʊs,ɛfʊs,ɛfʊs
ɛf,ɛfʊv,ɛfʊv,ɛfʊv,ɛfʊv
ɛf,ɛfʊz,ɛfʊz,ɛfʊz,ɛfʊz
ɛf,ɛfʊʃ,ɛfʊʃ,ɛfʊʃ,ɛfʊʃ
ɛf,ɛfʊʒ,ɛfʊʒ,ɛfʊʒ,ɛfʊʒ
ɛf,ɛfʊθ,ɛfʊθ,ɛfʊθ,ɛfʊθ
ɛf,ɛfʊð,ɛfʊð,ɛfʊð,ɛfʊð
ɛs,ɛsʊm,ɛsʊm,ɛsʊm,ɛsʊm
ɛs,ɛsʊn,ɛsʊn,ɛsʊn,ɛsʊn
ɛs,ɛsʊŋ,ɛsʊŋ,ɛsʊŋ,ɛsʊŋ
ɛs,ɛsʊp,ɛsʊp,ɛsʊp,ɛsʊp
ɛs,ɛsʊt,ɛsʊt,ɛsʊt,ɛsʊt
ɛs,ɛsʊk,ɛsʊk,ɛsʊk,ɛsʊk
ɛs,ɛsʊb,ɛsʊb,ɛsʊb,ɛsʊb
ɛs,ɛsʊd,ɛsʊd,ɛsʊd,ɛsʊd
ɛs,ɛsʊg,ɛsʊg,ɛsʊg,ɛsʊg
ɛs,ɛsʊf,ɛsʊf,ɛsʊf,ɛsʊf
ɛs,ɛsʊs,ɛsʊs,ɛsʊs,ɛsʊs
ɛs,ɛsʊv,ɛsʊv,ɛsʊv,ɛsʊv
ɛs,ɛsʊz,ɛsʊz,ɛsʊz,ɛsʊz
ɛs,ɛsʊʃ,ɛsʊʃ,ɛsʊʃ,ɛsʊʃ
ɛs,ɛsʊʒ,ɛsʊʒ,ɛsʊʒ,ɛsʊʒ
ɛs,ɛsʊθ,ɛsʊθ,ɛsʊθ,ɛsʊθ
ɛs,ɛsʊð,ɛsʊð,ɛsʊð,ɛsʊð
ɛv,ɛvʊm,ɛvʊm,ɛvʊm,ɛvʊm
ɛv,ɛvʊn,ɛvʊn,ɛvʊn,ɛvʊn
ɛv,ɛvʊŋ,ɛvʊŋ,ɛvʊŋ,ɛvʊŋ
ɛv,ɛvʊp,ɛvʊp,ɛvʊp,ɛvʊp
ɛv,ɛvʊt,ɛvʊt,ɛvʊt,ɛvʊt
ɛv,ɛvʊk,ɛvʊk,ɛvʊk,ɛvʊk
ɛv,ɛvʊb,ɛvʊb,ɛvʊb,ɛvʊb
ɛv,ɛvʊd,ɛvʊd,ɛvʊd,ɛvʊd
ɛv,ɛvʊg,ɛvʊg,ɛvʊg,ɛvʊg
ɛv,ɛvʊf,ɛvʊf,ɛvʊf,ɛvʊf
ɛv,ɛvʊs,ɛvʊs,ɛvʊs,ɛvʊs
ɛv,ɛvʊv,ɛvʊv,ɛvʊv,ɛvʊv
ɛv,ɛvʊz,ɛvʊz,ɛvʊz,ɛvʊz
ɛv,ɛvʊʃ,ɛvʊʃ,ɛvʊʃ,ɛvʊʃ
ɛv,ɛvʊʒ,ɛvʊʒ,ɛvʊʒ,ɛvʊʒ
ɛv,ɛvʊθ,ɛvʊθ,ɛvʊθ,ɛvʊθ
ɛv,ɛvʊð,ɛvʊð,ɛvʊð,ɛvʊð
ɛz,ɛzʊm,ɛzʊm,ɛzʊm,ɛzʊm
ɛz,ɛzʊn,ɛzʊn,ɛzʊn,ɛzʊn
ɛz,ɛzʊŋ,ɛzʊŋ,ɛzʊŋ,ɛzʊŋ
ɛz,ɛzʊp,ɛzʊp,ɛzʊp,ɛzʊp
ɛz,ɛzʊt,ɛzʊt,ɛzʊt,ɛzʊt
ɛz,ɛzʊk,ɛzʊk,ɛzʊk,ɛzʊk
ɛz,ɛzʊb,ɛzʊb,ɛzʊb,ɛzʊb
ɛz,ɛzʊd,ɛzʊd,ɛzʊd,ɛzʊd
ɛz,ɛzʊg,ɛzʊg,ɛzʊg,ɛzʊg
ɛz,ɛzʊf,ɛzʊf,ɛzʊf,ɛzʊf
ɛz,ɛzʊs,ɛzʊs,ɛzʊs,ɛzʊs
ɛz,ɛzʊv,ɛzʊv,ɛzʊv,ɛzʊv
ɛz,ɛzʊz,ɛzʊz,ɛzʊz,ɛzʊz
ɛz,ɛzʊʃ,ɛzʊʃ,ɛzʊʃ,ɛzʊʃ
ɛz,ɛzʊʒ,ɛzʊʒ,ɛzʊʒ,ɛzʊʒ
ɛz,ɛzʊθ,ɛzʊθ,ɛzʊθ,ɛzʊθ
ɛz,ɛzʊð,ɛzʊð,ɛzʊð,ɛzʊð
ɛʃ,ɛʃʊm,ɛʃʊm,ɛʃʊm,ɛʃʊm
ɛʃ,ɛʃʊn,ɛʃʊn,ɛʃʊn,ɛʃʊn
ɛʃ,ɛʃʊŋ,ɛʃʊŋ,ɛʃʊŋ,ɛʃʊŋ
ɛʃ,ɛʃʊp,ɛʃʊp,ɛʃʊp,ɛʃʊp
ɛʃ,ɛʃʊt,ɛʃʊt,ɛʃʊt,ɛʃʊt
ɛʃ,ɛʃʊk,ɛʃʊk,ɛʃʊk,ɛʃʊk
ɛʃ,ɛʃʊb,ɛʃʊb,ɛʃʊb,ɛʃʊb
ɛʃ,ɛʃʊd,ɛʃʊd,ɛʃʊd,ɛʃʊd
ɛʃ,ɛʃʊg,ɛʃʊg,ɛʃʊg,ɛʃʊg
ɛʃ,ɛʃʊf,ɛʃʊf,ɛʃʊf,ɛʃʊf
ɛʃ,ɛʃʊs,ɛʃʊs,ɛʃʊs,ɛʃʊs
ɛʃ,ɛʃʊv,ɛʃʊv,ɛʃʊv,ɛʃʊv
ɛʃ,ɛʃʊz,ɛʃʊz,ɛʃʊz,ɛʃʊz
ɛʃ,ɛʃʊʃ,ɛʃʊʃ,ɛʃʊʃ,ɛʃʊʃ
ɛʃ,ɛʃʊʒ,ɛʃʊʒ,ɛʃʊʒ,ɛʃʊʒ
ɛʃ,ɛʃʊθ,ɛʃʊθ,ɛʃʊθ,ɛʃʊθ
ɛʃ,ɛʃʊð,ɛʃʊð,ɛʃʊð,ɛʃʊð
ɛʒ,ɛʒʊm,ɛʒʊm,ɛʒʊm,ɛʒʊm
ɛʒ,ɛʒʊn,ɛʒʊn,ɛʒʊn,ɛʒʊn
ɛʒ,ɛʒʊŋ,ɛʒʊŋ,ɛʒʊŋ,ɛʒʊŋ
ɛʒ,ɛʒʊp,ɛʒʊp,ɛʒʊp,ɛʒʊp
ɛʒ,ɛʒʊt,ɛʒʊt,ɛʒʊt,ɛʒʊt
ɛʒ,ɛʒʊk,ɛʒʊk,ɛʒʊk,ɛʒʊk
ɛʒ,ɛʒʊb,ɛʒʊb,ɛʒʊb,ɛʒʊb
ɛʒ,ɛʒʊd,ɛʒʊd,ɛʒʊd,ɛʒʊd
ɛʒ,ɛʒʊg,ɛʒʊg,ɛʒʊg,ɛʒʊg
ɛʒ,ɛʒʊf,ɛʒʊf,ɛʒʊf,ɛʒʊf
ɛʒ,ɛʒʊs,ɛʒʊs,ɛʒʊs,ɛʒʊs
ɛʒ,ɛʒʊv,ɛʒʊv,ɛʒʊv,ɛʒʊv
ɛʒ,ɛʒʊz,ɛʒʊz,ɛʒʊz,ɛʒʊz
ɛʒ,ɛʒʊʃ,ɛʒʊʃ,ɛʒʊʃ,ɛʒʊʃ
ɛʒ,ɛʒʊʒ,ɛʒʊʒ,ɛʒʊʒ,ɛʒʊʒ
ɛʒ,ɛʒʊθ,ɛʒʊθ,ɛʒʊθ,ɛʒʊθ
ɛʒ,ɛʒʊð,ɛʒʊð,ɛʒʊð,ɛʒʊð
ɛθ,ɛθʊm,ɛθʊm,ɛθʊm,ɛθʊm
ɛθ,ɛθʊn,ɛθʊn,ɛθʊn,ɛθʊn
ɛθ,ɛθʊŋ,ɛθʊŋ,ɛθʊŋ,ɛθʊŋ
ɛθ,ɛθʊp,ɛθʊp,ɛθʊp,ɛθʊp
ɛθ,ɛθʊt,ɛθʊt,ɛθʊt,ɛθʊt
ɛθ,ɛθʊk,ɛθʊk,ɛθʊk,ɛθʊk
ɛθ,ɛθʊb,ɛθʊb,ɛθʊb,ɛθʊb
ɛθ,ɛθʊd,ɛθʊd,ɛθʊd,ɛθʊd
ɛθ,ɛθʊg,ɛθʊg,ɛθʊg,ɛθʊg
ɛθ,ɛθʊf,ɛθʊf,ɛθʊf,ɛθʊf
ɛθ,ɛθʊs,ɛθʊs,ɛθʊs,ɛθʊs
ɛθ,ɛθʊv,ɛθʊv,ɛθʊv,ɛθʊv
ɛθ,ɛθʊz,ɛθʊz,ɛθʊz,ɛθʊz
ɛθ,ɛθʊʃ,ɛθʊʃ,ɛθʊʃ,ɛθʊʃ
ɛθ,ɛθʊʒ,ɛθʊʒ,ɛθʊʒ,ɛθʊʒ
ɛθ,ɛθʊθ,ɛθʊθ,ɛθʊθ,ɛθʊθ
ɛθ,ɛθʊð,ɛθʊð,ɛθʊð,ɛθʊð
ɛð,ɛðʊm,ɛðʊm,ɛðʊm,ɛðʊm
ɛð,ɛðʊn,ɛðʊn,ɛðʊn,ɛðʊn
ɛð,ɛðʊŋ,ɛðʊŋ,ɛðʊŋ,ɛðʊŋ
ɛð,ɛðʊp,ɛðʊp,ɛðʊp,ɛðʊp
ɛð,ɛðʊt,ɛðʊt,ɛðʊt,ɛðʊt
ɛð,ɛðʊk,ɛðʊk,ɛðʊk,ɛðʊk
ɛð,ɛðʊb,ɛðʊb,ɛðʊb,ɛðʊb
ɛð,ɛðʊd,ɛðʊd,ɛðʊd,ɛðʊd
ɛð,ɛðʊg,ɛðʊg,ɛðʊg,ɛðʊg
ɛð,ɛðʊf,ɛðʊf,ɛðʊf,ɛðʊf
ɛð,ɛðʊs,ɛðʊs,ɛðʊs,ɛðʊs
ɛð,ɛðʊv,ɛðʊv,ɛðʊv,ɛðʊv
ɛð,ɛðʊz,ɛðʊz,ɛðʊz,ɛðʊz
ɛð,ɛðʊʃ,ɛðʊʃ,ɛðʊʃ,ɛðʊʃ
ɛð,ɛðʊʒ,ɛðʊʒ,ɛðʊʒ,ɛðʊʒ
ɛð,ɛðʊθ,ɛðʊθ,ɛðʊθ,ɛðʊθ
ɛð,ɛðʊð,ɛðʊð,ɛðʊð,ɛðʊð
ɛm,ɛmɔm,ɛmɔm,ɛmɔm,ɛmɔm
ɛm,ɛmɔn,ɛmɔn,ɛmɔn,ɛmɔn
ɛm,ɛmɔŋ,ɛmɔŋ,ɛmɔŋ,ɛmɔŋ
ɛm,ɛmɔp,ɛmɔp,ɛmɔp,ɛmɔp
ɛm,ɛmɔt,ɛmɔt,ɛmɔt,ɛmɔt
ɛm,ɛmɔk,ɛmɔk,ɛmɔk,ɛmɔk
ɛm,ɛmɔb,ɛmɔb,ɛmɔb,ɛmɔb
ɛm,ɛmɔd,ɛmɔd,ɛmɔd,ɛmɔd
ɛm,ɛmɔg,ɛmɔg,ɛmɔg,ɛmɔg
ɛm,ɛmɔf,ɛmɔf,ɛmɔf,ɛmɔf
ɛm,ɛmɔs,ɛmɔs,ɛmɔs,ɛmɔs
ɛm,ɛmɔv,ɛmɔv,ɛmɔv,ɛmɔv
ɛm,ɛmɔz,ɛmɔz,ɛmɔz,ɛmɔz
ɛm,ɛmɔʃ,ɛmɔʃ,ɛmɔʃ,ɛmɔʃ
ɛm,ɛmɔʒ,ɛmɔʒ,ɛmɔʒ,ɛmɔʒ
ɛm,ɛmɔθ,ɛmɔθ,ɛmɔθ,ɛmɔθ
ɛm,ɛmɔð,ɛmɔð,ɛmɔð,ɛmɔð
ɛn,ɛnɔm,ɛnɔm,ɛnɔm,ɛnɔm
ɛn,ɛnɔn,ɛnɔn,ɛnɔn,ɛnɔn
ɛn,ɛnɔŋ,ɛnɔŋ,ɛnɔŋ,ɛnɔŋ
ɛn,ɛnɔp,ɛnɔp,ɛnɔp,ɛnɔp
ɛn,ɛnɔt,ɛnɔt,ɛnɔt,ɛnɔt
ɛn,ɛnɔk,ɛnɔk,ɛnɔk,ɛnɔk
ɛn,ɛnɔb,ɛnɔb,ɛnɔb,ɛnɔb
ɛn,ɛnɔd,ɛnɔd,ɛnɔd,ɛnɔd
ɛn,ɛnɔg,ɛnɔg,ɛnɔg,ɛnɔg
ɛn,ɛnɔf,ɛnɔf,ɛnɔf,ɛnɔf
ɛn,ɛnɔs,ɛnɔs,ɛnɔs,ɛnɔs
ɛn,ɛnɔv,ɛnɔv,ɛnɔv,ɛnɔv
ɛn,ɛnɔz,ɛnɔz,ɛnɔz,ɛnɔz
ɛn,ɛnɔʃ,ɛnɔʃ,ɛnɔʃ,ɛnɔʃ
ɛn,ɛnɔʒ,ɛnɔʒ,ɛnɔʒ,ɛnɔʒ
ɛn,ɛnɔθ,ɛnɔθ,ɛnɔθ,ɛnɔθ
ɛn,ɛnɔð,ɛnɔð,ɛnɔð,ɛnɔð
ɛŋ,ɛŋɔm,ɛŋɔm,ɛŋɔm,ɛŋɔm
ɛŋ,ɛŋɔn,ɛŋɔn,ɛŋɔn,ɛŋɔn
ɛŋ,ɛŋɔŋ,ɛŋɔŋ,ɛŋɔŋ,ɛŋɔŋ
ɛŋ,ɛŋɔp,ɛŋɔp,ɛŋɔp,ɛŋɔp
ɛŋ,ɛŋɔt,ɛŋɔt,ɛŋɔt,ɛŋɔt
ɛŋ,ɛŋɔk,ɛŋɔk,ɛŋɔk,ɛŋɔk
ɛŋ,ɛŋɔb,ɛŋɔb,ɛŋɔb,ɛŋɔb
ɛŋ,ɛŋɔd,ɛŋɔd,ɛŋɔd,ɛŋɔd
ɛŋ,ɛŋɔg,ɛŋɔg,ɛŋɔg,ɛŋɔg
ɛŋ,ɛŋɔf,ɛŋɔf,ɛŋɔf,ɛŋɔf
ɛŋ,ɛŋɔs,ɛŋɔs,ɛŋɔs,ɛŋɔs
ɛŋ,ɛŋɔv,ɛŋɔv,ɛŋɔv,ɛŋɔv
ɛŋ,ɛŋɔz,ɛŋɔz,ɛŋɔz,ɛŋɔz
ɛŋ,ɛŋɔʃ,ɛŋɔʃ,ɛŋɔʃ,ɛŋɔʃ
ɛŋ,ɛŋɔʒ,ɛŋɔʒ,ɛŋɔʒ,ɛŋɔʒ
ɛŋ,ɛŋɔθ,ɛŋɔθ,ɛŋɔθ,ɛŋɔθ
ɛŋ,ɛŋɔð,ɛŋɔð,ɛŋɔð,ɛŋɔð
ɛp,ɛpɔm,ɛpɔm,ɛpɔm,ɛpɔm
ɛp,ɛpɔn,ɛpɔn,ɛpɔn,ɛpɔn
ɛp,ɛpɔŋ,ɛpɔŋ,ɛpɔŋ,ɛpɔŋ
ɛp,ɛpɔp,ɛpɔp,ɛpɔp,ɛpɔp
ɛp,ɛpɔt,ɛpɔt,ɛpɔt,ɛpɔt
ɛp,ɛpɔk,ɛpɔk,ɛpɔk,ɛpɔk
ɛp,ɛpɔb,ɛpɔb,ɛpɔb,ɛpɔb
ɛp,ɛpɔd,ɛpɔd,ɛpɔd,ɛpɔd
ɛp,ɛpɔg,ɛpɔg,ɛpɔg,ɛpɔg
ɛp,ɛpɔf,ɛpɔf,ɛpɔf,ɛpɔf
ɛp,ɛpɔs,ɛpɔs,ɛpɔs,ɛpɔs
ɛp,ɛpɔv,ɛpɔv,ɛpɔv,ɛpɔv
ɛp,ɛpɔz,ɛpɔz,ɛpɔz,ɛpɔz
ɛp,ɛpɔʃ,ɛpɔʃ,ɛpɔʃ,ɛpɔʃ
ɛp,ɛpɔʒ,ɛpɔʒ,ɛpɔʒ,ɛpɔʒ
ɛp,ɛpɔθ,ɛpɔθ,ɛpɔθ,ɛpɔθ
ɛp,ɛpɔð,ɛpɔð,ɛpɔð,ɛpɔð
ɛt,ɛtɔm,ɛtɔm,ɛtɔm,ɛtɔm
ɛt,ɛtɔn,ɛtɔn,ɛtɔn,ɛtɔn
ɛt,ɛtɔŋ,ɛtɔŋ,ɛtɔŋ,ɛtɔŋ
ɛt,ɛtɔp,ɛtɔp,ɛtɔp,ɛtɔp
ɛt,ɛtɔt,ɛtɔt,ɛtɔt,ɛtɔt
ɛt,ɛtɔk,ɛtɔk,ɛtɔk,ɛtɔk
ɛt,ɛtɔb,ɛtɔb,ɛtɔb,ɛtɔb
ɛt,ɛtɔd,ɛtɔd,ɛtɔd,ɛtɔd
ɛt,ɛtɔg,ɛtɔg,ɛtɔg,ɛtɔg
ɛt,ɛtɔf,ɛtɔf,ɛtɔf,ɛtɔf
ɛt,ɛtɔs,ɛtɔs,ɛtɔs,ɛtɔs
ɛt,ɛtɔv,ɛtɔv,ɛtɔv,ɛtɔv
ɛt,ɛtɔz,ɛtɔz,ɛtɔz,ɛtɔz
ɛt,ɛtɔʃ,ɛtɔʃ,ɛtɔʃ,ɛtɔʃ
ɛt,ɛtɔʒ,ɛtɔʒ,ɛtɔʒ,ɛtɔʒ
ɛt,ɛtɔθ,ɛtɔθ,ɛtɔθ,ɛtɔθ
ɛt,ɛtɔð,ɛtɔð,ɛtɔð,ɛtɔð
ɛk,ɛkɔm,ɛkɔm,ɛkɔm,ɛkɔm
ɛk,ɛkɔn,ɛkɔn,ɛkɔn,ɛkɔn
ɛk,ɛkɔŋ,ɛkɔŋ,ɛkɔŋ,ɛkɔŋ
ɛk,ɛkɔp,ɛkɔp,ɛkɔp,ɛkɔp
ɛk,ɛkɔt,ɛkɔt,ɛkɔt,ɛkɔt
ɛk,ɛkɔk,ɛkɔk,ɛkɔk,ɛkɔk
ɛk,ɛkɔb,ɛkɔb,ɛkɔb,ɛkɔb
ɛk,ɛkɔd,ɛkɔd,ɛkɔd,ɛkɔd
ɛk,ɛkɔg,ɛkɔg,ɛkɔg,ɛkɔg
ɛk,ɛkɔf,ɛkɔf,ɛkɔf,ɛkɔf
ɛk,ɛkɔs,ɛkɔs,ɛkɔs,ɛkɔs
ɛk,ɛkɔv,ɛkɔv,ɛkɔv,ɛkɔv
ɛk,ɛkɔz,ɛkɔz,ɛkɔz,ɛkɔz
ɛk,ɛkɔʃ,ɛkɔʃ,ɛkɔʃ,ɛkɔʃ
ɛk,ɛkɔʒ,ɛkɔʒ,ɛkɔʒ,ɛkɔʒ
ɛk,ɛkɔθ,ɛkɔθ,ɛkɔθ,ɛkɔθ
ɛk,ɛkɔð,ɛkɔð,ɛkɔð,ɛkɔð
ɛb,ɛbɔm,ɛbɔm,ɛbɔm,ɛbɔm
ɛb,ɛbɔn,ɛbɔn,ɛbɔn,ɛbɔn
ɛb,ɛbɔŋ,ɛbɔŋ,ɛbɔŋ,ɛbɔŋ
ɛb,ɛbɔp,ɛbɔp,ɛbɔp,ɛbɔp
ɛb,ɛbɔt,ɛbɔt,ɛbɔt,ɛbɔt
ɛb,ɛbɔk,ɛbɔk,ɛbɔk,ɛbɔk
ɛb,ɛbɔb,ɛbɔb,ɛbɔb,ɛbɔb
ɛb,ɛbɔd,ɛbɔd,ɛbɔd,ɛbɔd
ɛb,ɛbɔg,ɛbɔg,ɛbɔg,ɛbɔg
ɛb,ɛbɔf,ɛbɔf,ɛbɔf,ɛbɔf
ɛb,ɛbɔs,ɛbɔs,ɛbɔs,ɛbɔs
ɛb,ɛbɔv,ɛbɔv,ɛbɔv,ɛbɔv
ɛb,ɛbɔz,ɛbɔz,ɛbɔz,ɛbɔz
ɛb,ɛbɔʃ,ɛbɔʃ,ɛbɔʃ,ɛbɔʃ
ɛb,ɛbɔʒ,ɛbɔʒ,ɛbɔʒ,ɛbɔʒ
ɛb,ɛbɔθ,ɛbɔθ,ɛbɔθ,ɛbɔθ
ɛb,ɛbɔð,ɛbɔð,ɛbɔð,ɛbɔð
ɛd,ɛdɔm,ɛdɔm,ɛdɔm,ɛdɔm
ɛd,ɛdɔn,ɛdɔn,ɛdɔn,ɛdɔn
ɛd,ɛdɔŋ,ɛdɔŋ,ɛdɔŋ,ɛdɔŋ
ɛd,ɛdɔp,ɛdɔp,ɛdɔp,ɛdɔp
ɛd,ɛdɔt,ɛdɔt,ɛdɔt,ɛdɔt
ɛd,ɛdɔk,ɛdɔk,ɛdɔk,ɛdɔk
ɛd,ɛdɔb,ɛdɔb,ɛdɔb,ɛdɔb
ɛd,ɛdɔd,ɛdɔd,ɛdɔd,ɛdɔd
ɛd,ɛdɔg,ɛdɔg,ɛdɔg,ɛdɔg
ɛd,ɛdɔf,ɛdɔf,ɛdɔf,ɛdɔf
ɛd,ɛdɔs,ɛdɔs,ɛdɔs,ɛdɔs
ɛd,ɛdɔv,ɛdɔv,ɛdɔv,ɛdɔv
ɛd,ɛdɔz,ɛdɔz,ɛdɔz,ɛdɔz
ɛd,ɛdɔʃ,ɛdɔʃ,ɛdɔʃ,ɛdɔʃ
ɛd,ɛdɔʒ,ɛdɔʒ,ɛdɔʒ,ɛdɔʒ
ɛd,ɛdɔθ,ɛdɔθ,ɛdɔθ,ɛdɔθ
ɛd,ɛdɔð,ɛdɔð,ɛdɔð,ɛdɔð
ɛg,ɛgɔm,ɛgɔm,ɛgɔm,ɛgɔm
ɛg,ɛgɔn,ɛgɔn,ɛgɔn,ɛgɔn
ɛg,ɛgɔŋ,ɛgɔŋ,ɛgɔŋ,ɛgɔŋ
ɛg,ɛgɔp,ɛgɔp,ɛgɔp,ɛgɔp
ɛg,ɛgɔt,ɛgɔt,ɛgɔt,ɛgɔt
ɛg,ɛgɔk,ɛgɔk,ɛgɔk,ɛgɔk
ɛg,ɛgɔb,ɛgɔb,ɛgɔb,ɛgɔb
ɛg,ɛgɔd,ɛgɔd,ɛgɔd,ɛgɔd
ɛg,ɛgɔg,ɛgɔg,ɛgɔg,ɛgɔg
ɛg,ɛgɔf,ɛgɔf,ɛgɔf,ɛgɔf
ɛg,ɛgɔs,ɛgɔs,ɛgɔs,ɛgɔs
ɛg,ɛgɔv,ɛgɔv,ɛgɔv,ɛgɔv
ɛg,ɛgɔz,ɛgɔz,ɛgɔz,ɛgɔz
ɛg,ɛgɔʃ,ɛgɔʃ,ɛgɔʃ,ɛgɔʃ
ɛg,ɛgɔʒ,ɛgɔʒ,ɛgɔʒ,ɛgɔʒ
ɛg,ɛgɔθ,ɛgɔθ,ɛgɔθ,ɛgɔθ
ɛg,ɛgɔð,ɛgɔð,ɛgɔð,ɛgɔð
ɛf,ɛfɔm,ɛfɔm,ɛfɔm,ɛfɔm
ɛf,ɛfɔn,ɛfɔn,ɛfɔn,ɛfɔn
ɛf,ɛfɔŋ,ɛfɔŋ,ɛfɔŋ,ɛfɔŋ
ɛf,ɛfɔp,ɛfɔp,ɛfɔp,ɛfɔp
ɛf,ɛfɔt,ɛfɔt,ɛfɔt,ɛfɔt
ɛf,ɛfɔk,ɛfɔk,ɛfɔk,ɛfɔk
ɛf,ɛfɔb,ɛfɔb,ɛfɔb,ɛfɔb
ɛf,ɛfɔd,ɛfɔd,ɛfɔd,ɛfɔd
ɛf,ɛfɔg,ɛfɔg,ɛfɔg,ɛfɔg
ɛf,ɛfɔf,ɛfɔf,ɛfɔf,ɛfɔf
ɛf,ɛfɔs,ɛfɔs,ɛfɔs,ɛfɔs
ɛf,ɛfɔv,ɛfɔv,ɛfɔv,ɛfɔv
ɛf,ɛfɔz,ɛfɔz,ɛfɔz,ɛfɔz
ɛf,ɛfɔʃ,ɛfɔʃ,ɛfɔʃ,ɛfɔʃ
ɛf,ɛfɔʒ,ɛfɔʒ,ɛfɔʒ,ɛfɔʒ
ɛf,ɛfɔθ,ɛfɔθ,ɛfɔθ,ɛfɔθ
ɛf,ɛfɔð,ɛfɔð,ɛfɔð,ɛfɔð
ɛs,ɛsɔm,ɛsɔm,ɛsɔm,ɛsɔm
ɛs,ɛsɔn,ɛsɔn,ɛsɔn,ɛsɔn
ɛs,ɛsɔŋ,ɛsɔŋ,ɛsɔŋ,ɛsɔŋ
ɛs,ɛsɔp,ɛsɔp,ɛsɔp,ɛsɔp
ɛs,ɛsɔt,ɛsɔt,ɛsɔt,ɛsɔt
ɛs,ɛsɔk,ɛsɔk,ɛsɔk,ɛsɔk
ɛs,ɛsɔb,ɛsɔb,ɛsɔb,ɛsɔb
ɛs,ɛsɔd,ɛsɔd,ɛsɔd,ɛsɔd
ɛs,ɛsɔg,ɛsɔg,ɛsɔg,ɛsɔg
ɛs,ɛsɔf,ɛsɔf,ɛsɔf,ɛsɔf
ɛs,ɛsɔs,ɛsɔs,ɛsɔs,ɛsɔs
ɛs,ɛsɔv,ɛsɔv,ɛsɔv,ɛsɔv
ɛs,ɛsɔz,ɛsɔz,ɛsɔz,ɛsɔz
ɛs,ɛsɔʃ,ɛsɔʃ,ɛsɔʃ,ɛsɔʃ
ɛs,ɛsɔʒ,ɛsɔʒ,ɛsɔʒ,ɛsɔʒ
ɛs,ɛsɔθ,ɛsɔθ,ɛsɔθ,ɛsɔθ
ɛs,ɛsɔð,ɛsɔð,ɛsɔð,ɛsɔð
ɛv,ɛvɔm,ɛvɔm,ɛvɔm,ɛvɔm
ɛv,ɛvɔn,ɛvɔn,ɛvɔn,ɛvɔn
ɛv,ɛvɔŋ,ɛvɔŋ,ɛvɔŋ,ɛvɔŋ
ɛv,ɛvɔp,ɛvɔp,ɛvɔp,ɛvɔp
ɛv,ɛvɔt,ɛvɔt,ɛvɔt,ɛvɔt
ɛv,ɛvɔk,ɛvɔk,ɛvɔk,ɛvɔk
ɛv,ɛvɔb,ɛvɔb,ɛvɔb,ɛvɔb
ɛv,ɛvɔd,ɛvɔd,ɛvɔd,ɛvɔd
ɛv,ɛvɔg,ɛvɔg,ɛvɔg,ɛvɔg
ɛv,ɛvɔf,ɛvɔf,ɛvɔf,ɛvɔf
ɛv,ɛvɔs,ɛvɔs,ɛvɔs,ɛvɔs
ɛv,ɛvɔv,ɛvɔv,ɛvɔv,ɛvɔv
ɛv,ɛvɔz,ɛvɔz,ɛvɔz,ɛvɔz
ɛv,ɛvɔʃ,ɛvɔʃ,ɛvɔʃ,ɛvɔʃ
ɛv,ɛvɔʒ,ɛvɔʒ,ɛvɔʒ,ɛvɔʒ
ɛv,ɛvɔθ,ɛvɔθ,ɛvɔθ,ɛvɔθ
ɛv,ɛvɔð,ɛvɔð,ɛvɔð,ɛvɔð
ɛz,ɛzɔm,ɛzɔm,ɛzɔm,ɛzɔm
ɛz,ɛzɔn,ɛzɔn,ɛzɔn,ɛzɔn
ɛz,ɛzɔŋ,ɛzɔŋ,ɛzɔŋ,ɛzɔŋ
ɛz,ɛzɔp,ɛzɔp,ɛzɔp,ɛzɔp
ɛz,ɛzɔt,ɛzɔt,ɛzɔt,ɛzɔt
ɛz,ɛzɔk,ɛzɔk,ɛzɔk,ɛzɔk
ɛz,ɛzɔb,ɛzɔb,ɛzɔb,ɛzɔb
ɛz,ɛzɔd,ɛzɔd,ɛzɔd,ɛzɔd
ɛz,ɛzɔg,ɛzɔg,ɛzɔg,ɛzɔg
ɛz,ɛzɔf,ɛzɔf,ɛzɔf,ɛzɔf
ɛz,ɛzɔs,ɛzɔs,ɛzɔs,ɛzɔs
ɛz,ɛzɔv,ɛzɔv,ɛzɔv,ɛzɔv
ɛz,ɛzɔz,ɛzɔz,ɛzɔz,ɛzɔz
ɛz,ɛzɔʃ,ɛzɔʃ,ɛzɔʃ,ɛzɔʃ
ɛz,ɛzɔʒ,ɛzɔʒ,ɛzɔʒ,ɛzɔʒ
ɛz,ɛzɔθ,ɛzɔθ,ɛzɔθ,ɛzɔθ
ɛz,ɛzɔð,ɛzɔð,ɛzɔð,ɛzɔð
ɛʃ,ɛʃɔm,ɛʃɔm,ɛʃɔm,ɛʃɔm
ɛʃ,ɛʃɔn,ɛʃɔn,ɛʃɔn,ɛʃɔn
ɛʃ,ɛʃɔŋ,ɛʃɔŋ,ɛʃɔŋ,ɛʃɔŋ
ɛʃ,ɛʃɔp,ɛʃɔp,ɛʃɔp,ɛʃɔp
ɛʃ,ɛʃɔt,ɛʃɔt,ɛʃɔt,ɛʃɔt
ɛʃ,ɛʃɔk,ɛʃɔk,ɛʃɔk,ɛʃɔk
ɛʃ,ɛʃɔb,ɛʃɔb,ɛʃɔb,ɛʃɔb
ɛʃ,ɛʃɔd,ɛʃɔd,ɛʃɔd,ɛʃɔd
ɛʃ,ɛʃɔg,ɛʃɔg,ɛʃɔg,ɛʃɔg
ɛʃ,ɛʃɔf,ɛʃɔf,ɛʃɔf,ɛʃɔf
ɛʃ,ɛʃɔs,ɛʃɔs,ɛʃɔs,ɛʃɔs
ɛʃ,ɛʃɔv,ɛʃɔv,ɛʃɔv,ɛʃɔv
ɛʃ,ɛʃɔz,ɛʃɔz,ɛʃɔz,ɛʃɔz
ɛʃ,ɛʃɔʃ,ɛʃɔʃ,ɛʃɔʃ,ɛʃɔʃ
ɛʃ,ɛʃɔʒ,ɛʃɔʒ,ɛʃɔʒ,ɛʃɔʒ
ɛʃ,ɛʃɔθ,ɛʃɔθ,ɛʃɔθ,ɛʃɔθ
ɛʃ,ɛʃɔð,ɛʃɔð,ɛʃɔð,ɛʃɔð
ɛʒ,ɛʒɔm,ɛʒɔm,ɛʒɔm,ɛʒɔm
ɛʒ,ɛʒɔn,ɛʒɔn,ɛʒɔn,ɛʒɔn
ɛʒ,ɛʒɔŋ,ɛʒɔŋ,ɛʒɔŋ,ɛʒɔŋ
ɛʒ,ɛʒɔp,ɛʒɔp,ɛʒɔp,ɛʒɔp
ɛʒ,ɛʒɔt,ɛʒɔt,ɛʒɔt,ɛʒɔt
ɛʒ,ɛʒɔk,ɛʒɔk,ɛʒɔk,ɛʒɔk
ɛʒ,ɛʒɔb,ɛʒɔb,ɛʒɔb,ɛʒɔb
ɛʒ,ɛʒɔd,ɛʒɔd,ɛʒɔd,ɛʒɔd
ɛʒ,ɛʒɔg,ɛʒɔg,ɛʒɔg,ɛʒɔg
ɛʒ,ɛʒɔf,ɛʒɔf,ɛʒɔf,ɛʒɔf
ɛʒ,ɛʒɔs,ɛʒɔs,ɛʒɔs,ɛʒɔs
ɛʒ,ɛʒɔv,ɛʒɔv,ɛʒɔv,ɛʒɔv
ɛʒ,ɛʒɔz,ɛʒɔz,ɛʒɔz,ɛʒɔz
ɛʒ,ɛʒɔʃ,ɛʒɔʃ,ɛʒɔʃ,ɛʒɔʃ
ɛʒ,ɛʒɔʒ,ɛʒɔʒ,ɛʒɔʒ,ɛʒɔʒ
ɛʒ,ɛʒɔθ,ɛʒɔθ,ɛʒɔθ,ɛʒɔθ
ɛʒ,ɛʒɔð,ɛʒɔð,ɛʒɔð,ɛʒɔð
ɛθ,ɛθɔm,ɛθɔm,ɛθɔm,ɛθɔm
ɛθ,ɛθɔn,ɛθɔn,ɛθɔn,ɛθɔn
ɛθ,ɛθɔŋ,ɛθɔŋ,ɛθɔŋ,ɛθɔŋ
ɛθ,ɛθɔp,ɛθɔp,ɛθɔp,ɛθɔp
ɛθ,ɛθɔt,ɛθɔt,ɛθɔt,ɛθɔt
ɛθ,ɛθɔk,ɛθɔk,ɛθɔk,ɛθɔk
ɛθ,ɛθɔb,ɛθɔb,ɛθɔb,ɛθɔb
ɛθ,ɛθɔd,ɛθɔd,ɛθɔd,ɛθɔd
ɛθ,ɛθɔg,ɛθɔg,ɛθɔg,ɛθɔg
ɛθ,ɛθɔf,ɛθɔf,ɛθɔf,ɛθɔf
ɛθ,ɛθɔs,ɛθɔs,ɛθɔs,ɛθɔs
ɛθ,ɛθɔv,ɛθɔv,ɛθɔv,ɛθɔv
ɛθ,ɛθɔz,ɛθɔz,ɛθɔz,ɛθɔz
ɛθ,ɛθɔʃ,ɛθɔʃ,ɛθɔʃ,ɛθɔʃ
ɛθ,ɛθɔʒ,ɛθɔʒ,ɛθɔʒ,ɛθɔʒ
ɛθ,ɛθɔθ,ɛθɔθ,ɛθɔθ,ɛθɔθ
ɛθ,ɛθɔð,ɛθɔð,ɛθɔð,ɛθɔð
ɛð,ɛðɔm,ɛðɔm,ɛðɔm,ɛðɔm
ɛð,ɛðɔn,ɛðɔn,ɛðɔn,ɛðɔn
ɛð,ɛðɔŋ,ɛðɔŋ,ɛðɔŋ,ɛðɔŋ
ɛð,ɛðɔp,ɛðɔp,ɛðɔp,ɛðɔp
ɛð,ɛðɔt,ɛðɔt,ɛðɔt,ɛðɔt
ɛð,ɛðɔk,ɛðɔk,ɛðɔk,ɛðɔk
ɛð,ɛðɔb,ɛðɔb,ɛðɔb,ɛðɔb
ɛð,ɛðɔd,ɛðɔd,ɛðɔd,ɛðɔd
ɛð,ɛðɔg,ɛðɔg,ɛðɔg,ɛðɔg
ɛð,ɛðɔf,ɛðɔf,ɛðɔf,ɛðɔf
ɛð,ɛðɔs,ɛðɔs,ɛðɔs,ɛðɔs
ɛð,ɛðɔv,ɛðɔv,ɛðɔv,ɛðɔv
ɛð,ɛðɔz,ɛðɔz,ɛðɔz,ɛðɔz
ɛð,ɛðɔʃ,ɛðɔʃ,ɛðɔʃ,ɛðɔʃ
ɛð,ɛðɔʒ,ɛðɔʒ,ɛðɔʒ,ɛðɔʒ
ɛð,ɛðɔθ,ɛðɔθ,ɛðɔθ,ɛðɔθ
ɛð,ɛðɔð,ɛðɔð,ɛðɔð,ɛðɔð
ʊm,ʊmɪm,ʊmɪm,ʊmɪm,ʊmɪm
ʊm,ʊmɪn,ʊmɪn,ʊmɪn,ʊmɪn
ʊm,ʊmɪŋ,ʊmɪŋ,ʊmɪŋ,ʊmɪŋ
ʊm,ʊmɪp,ʊmɪp,ʊmɪp,ʊmɪp
ʊm,ʊmɪt,ʊmɪt,ʊmɪt,ʊmɪt
ʊm,ʊmɪk,ʊmɪk,ʊmɪk,ʊmɪk
ʊm,ʊmɪb,ʊmɪb,ʊmɪb,ʊmɪb
ʊm,ʊmɪd,ʊmɪd,ʊmɪd,ʊmɪd
ʊm,ʊmɪg,ʊmɪg,ʊmɪg,ʊmɪg
ʊm,ʊmɪf,ʊmɪf,ʊmɪf,ʊmɪf
ʊm,ʊmɪs,ʊmɪs,ʊmɪs,ʊmɪs
ʊm,ʊmɪv,ʊmɪv,ʊmɪv,ʊmɪv
ʊm,ʊmɪz,ʊmɪz,ʊmɪz,ʊmɪz
ʊm,ʊmɪʃ,ʊmɪʃ,ʊmɪʃ,ʊmɪʃ
ʊm,ʊmɪʒ,ʊmɪʒ,ʊmɪʒ,ʊmɪʒ
ʊm,ʊmɪθ,ʊmɪθ,ʊmɪθ,ʊmɪθ
ʊm,ʊmɪð,ʊmɪð,ʊmɪð,ʊmɪð
ʊn,ʊnɪm,ʊnɪm,ʊnɪm,ʊnɪm
ʊn,ʊnɪn,ʊnɪn,ʊnɪn,ʊnɪn
ʊn,ʊnɪŋ,ʊnɪŋ,ʊnɪŋ,ʊnɪŋ
ʊn,ʊnɪp,ʊnɪp,ʊnɪp,ʊnɪp
ʊn,ʊnɪt,ʊnɪt,ʊnɪt,ʊnɪt
ʊn,ʊnɪk,ʊnɪk,ʊnɪk,ʊnɪk
ʊn,ʊnɪb,ʊnɪb,ʊnɪb,ʊnɪb
ʊn,ʊnɪd,ʊnɪd,ʊnɪd,ʊnɪd
ʊn,ʊnɪg,ʊnɪg,ʊnɪg,ʊnɪg
ʊn,ʊnɪf,ʊnɪf,ʊnɪf,ʊnɪf
ʊn,ʊnɪs,ʊnɪs,ʊnɪs,ʊnɪs
ʊn,ʊnɪv,ʊnɪv,ʊnɪv,ʊnɪv
ʊn,ʊnɪz,ʊnɪz,ʊnɪz,ʊnɪz
ʊn,ʊnɪʃ,ʊnɪʃ,ʊnɪʃ,ʊnɪʃ
ʊn,ʊnɪʒ,ʊnɪʒ,ʊnɪʒ,ʊnɪʒ
ʊn,ʊnɪθ,ʊnɪθ,ʊnɪθ,ʊnɪθ
ʊn,ʊnɪð,ʊnɪð,ʊnɪð,ʊnɪð
ʊŋ,ʊŋɪm,ʊŋɪm,ʊŋɪm,ʊŋɪm
ʊŋ,ʊŋɪn,ʊŋɪn,ʊŋɪn,ʊŋɪn
ʊŋ,ʊŋɪŋ,ʊŋɪŋ,ʊŋɪŋ,ʊŋɪŋ
ʊŋ,ʊŋɪp,ʊŋɪp,ʊŋɪp,ʊŋɪp
ʊŋ,ʊŋɪt,ʊŋɪt,ʊŋɪt,ʊŋɪt
ʊŋ,ʊŋɪk,ʊŋɪk,ʊŋɪk,ʊŋɪk
ʊŋ,ʊŋɪb,ʊŋɪb,ʊŋɪb,ʊŋɪb
ʊŋ,ʊŋɪd,ʊŋɪd,ʊŋɪd,ʊŋɪd
ʊŋ,ʊŋɪg,ʊŋɪg,ʊŋɪg,ʊŋɪg
ʊŋ,ʊŋɪf,ʊŋɪf,ʊŋɪf,ʊŋɪf
ʊŋ,ʊŋɪs,ʊŋɪs,ʊŋɪs,ʊŋɪs
ʊŋ,ʊŋɪv,ʊŋɪv,ʊŋɪv,ʊŋɪv
ʊŋ,ʊŋɪz,ʊŋɪz,ʊŋɪz,ʊŋɪz
ʊŋ,ʊŋɪʃ,ʊŋɪʃ,ʊŋɪʃ,ʊŋɪʃ
ʊŋ,ʊŋɪʒ,ʊŋɪʒ,ʊŋɪʒ,ʊŋɪʒ
ʊŋ,ʊŋɪθ,ʊŋɪθ,ʊŋɪθ,ʊŋɪθ
ʊŋ,ʊŋɪð,ʊŋɪð,ʊŋɪð,ʊŋɪð
ʊp,ʊpɪm,ʊpɪm,ʊpɪm,ʊpɪm
ʊp,ʊpɪn,ʊpɪn,ʊpɪn,ʊpɪn
ʊp,ʊpɪŋ,ʊpɪŋ,ʊpɪŋ,ʊpɪŋ
ʊp,ʊpɪp,ʊpɪp,ʊpɪp,ʊpɪp
ʊp,ʊpɪt,ʊpɪt,ʊpɪt,ʊpɪt
ʊp,ʊpɪk,ʊpɪk,ʊpɪk,ʊpɪk
ʊp,ʊpɪb,ʊpɪb,ʊpɪb,ʊpɪb
ʊp,ʊpɪd,ʊpɪd,ʊpɪd,ʊpɪd
ʊp,ʊpɪg,ʊpɪg,ʊpɪg,ʊpɪg
ʊp,ʊpɪf,ʊpɪf,ʊpɪf,ʊpɪf
ʊp,ʊpɪs,ʊpɪs,ʊpɪs,ʊpɪs
ʊp,ʊpɪv,ʊpɪv,ʊpɪv,ʊpɪv
ʊp,ʊpɪz,ʊpɪz,ʊpɪz,ʊpɪz
ʊp,ʊpɪʃ,ʊpɪʃ,ʊpɪʃ,ʊpɪʃ
ʊp,ʊpɪʒ,ʊpɪʒ,ʊpɪʒ,ʊpɪʒ
ʊp,ʊpɪθ,ʊpɪθ,ʊpɪθ,ʊpɪθ
ʊp,ʊpɪð,ʊpɪð,ʊpɪð,ʊpɪð
ʊt,ʊtɪm,ʊtɪm,ʊtɪm,ʊtɪm
ʊt,ʊtɪn,ʊtɪn,ʊtɪn,ʊtɪn
ʊt,ʊtɪŋ,ʊtɪŋ,ʊtɪŋ,ʊtɪŋ
ʊt,ʊtɪp,ʊtɪp,ʊtɪp,ʊtɪp
ʊt,ʊtɪt,ʊtɪt,ʊtɪt,ʊtɪt
ʊt,ʊtɪk,ʊtɪk,ʊtɪk,ʊtɪk
ʊt,ʊtɪb,ʊtɪb,ʊtɪb,ʊtɪb
ʊt,ʊtɪd,ʊtɪd,ʊtɪd,ʊtɪd
ʊt,ʊtɪg,ʊtɪg,ʊtɪg,ʊtɪg
ʊt,ʊtɪf,ʊtɪf,ʊtɪf,ʊtɪf
ʊt,ʊtɪs,ʊtɪs,ʊtɪs,ʊtɪs
ʊt,ʊtɪv,ʊtɪv,ʊtɪv,ʊtɪv
ʊt,ʊtɪz,ʊtɪz,ʊtɪz,ʊtɪz
ʊt,ʊtɪʃ,ʊtɪʃ,ʊtɪʃ,ʊtɪʃ
ʊt,ʊtɪʒ,ʊtɪʒ,ʊtɪʒ,ʊtɪʒ
ʊt,ʊtɪθ,ʊtɪθ,ʊtɪθ,ʊtɪθ
ʊt,ʊtɪð,ʊtɪð,ʊtɪð,ʊtɪð
ʊk,ʊkɪm,ʊkɪm,ʊkɪm,ʊkɪm
ʊk,ʊkɪn,ʊkɪn,ʊkɪn,ʊkɪn
ʊk,ʊkɪŋ,ʊkɪŋ,ʊkɪŋ,ʊkɪŋ
ʊk,ʊkɪp,ʊkɪp,ʊkɪp,ʊkɪp
ʊk,ʊkɪt,ʊkɪt,ʊkɪt,ʊkɪt
ʊk,ʊkɪk,ʊkɪk,ʊkɪk,ʊkɪk
ʊk,ʊkɪb,ʊkɪb,ʊkɪb,ʊkɪb
ʊk,ʊkɪd,ʊkɪd,ʊkɪd,ʊkɪd
ʊk,ʊkɪg,ʊkɪg,ʊkɪg,ʊkɪg
ʊk,ʊkɪf,ʊkɪf,ʊkɪf,ʊkɪf
ʊk,ʊkɪs,ʊkɪs,ʊkɪs,ʊkɪs
ʊk,ʊkɪv,ʊkɪv,ʊkɪv,ʊkɪv
ʊk,ʊkɪz,ʊkɪz,ʊkɪz,ʊkɪz
ʊk,ʊkɪʃ,ʊkɪʃ,ʊkɪʃ,ʊkɪʃ
ʊk,ʊkɪʒ,ʊkɪʒ,ʊkɪʒ,ʊkɪʒ
ʊk,ʊkɪθ,ʊkɪθ,ʊkɪθ,ʊkɪθ
ʊk,ʊkɪð,ʊkɪð,ʊkɪð,ʊkɪð
ʊb,ʊbɪm,ʊbɪm,ʊbɪm,ʊbɪm
ʊb,ʊbɪn,ʊbɪn,ʊbɪn,ʊbɪn
ʊb,ʊbɪŋ,ʊbɪŋ,ʊbɪŋ,ʊbɪŋ
ʊb,ʊbɪp,ʊbɪp,ʊbɪp,ʊbɪp
ʊb,ʊbɪt,ʊbɪt,ʊbɪt,ʊbɪt
ʊb,ʊbɪk,ʊbɪk,ʊbɪk,ʊbɪk
ʊb,ʊbɪb,ʊbɪb,ʊbɪb,ʊbɪb
ʊb,ʊbɪd,ʊbɪd,ʊbɪd,ʊbɪd
ʊb,ʊbɪg,ʊbɪg,ʊbɪg,ʊbɪg
ʊb,ʊbɪf,ʊbɪf,ʊbɪf,ʊbɪf
ʊb,ʊbɪs,ʊbɪs,ʊbɪs,ʊbɪs
ʊb,ʊbɪv,ʊbɪv,ʊbɪv,ʊbɪv
ʊb,ʊbɪz,ʊbɪz,ʊbɪz,ʊbɪz
ʊb,ʊbɪʃ,ʊbɪʃ,ʊbɪʃ,ʊbɪʃ
ʊb,ʊbɪʒ,ʊbɪʒ,ʊbɪʒ,ʊbɪʒ
ʊb,ʊbɪθ,ʊbɪθ,ʊbɪθ,ʊbɪθ
ʊb,ʊbɪð,ʊbɪð,ʊbɪð,ʊbɪð
ʊd,ʊdɪm,ʊdɪm,ʊdɪm,ʊdɪm
ʊd,ʊdɪn,ʊdɪn,ʊdɪn,ʊdɪn
ʊd,ʊdɪŋ,ʊdɪŋ,ʊdɪŋ,ʊdɪŋ
ʊd,ʊdɪp,ʊdɪp,ʊdɪp,ʊdɪp
ʊd,ʊdɪt,ʊdɪt,ʊdɪt,ʊdɪt
ʊd,ʊdɪk,ʊdɪk,ʊdɪk,ʊdɪk
ʊd,ʊdɪb,ʊdɪb,ʊdɪb,ʊdɪb
ʊd,ʊdɪd,ʊdɪd,ʊdɪd,ʊdɪd
ʊd,ʊdɪg,ʊdɪg,ʊdɪg,ʊdɪg
ʊd,ʊdɪf,ʊdɪf,ʊdɪf,ʊdɪf
ʊd,ʊdɪs,ʊdɪs,ʊdɪs,ʊdɪs
ʊd,ʊdɪv,ʊdɪv,ʊdɪv,ʊdɪv
ʊd,ʊdɪz,ʊdɪz,ʊdɪz,ʊdɪz
ʊd,ʊdɪʃ,ʊdɪʃ,ʊdɪʃ,ʊdɪʃ
ʊd,ʊdɪʒ,ʊdɪʒ,ʊdɪʒ,ʊdɪʒ
ʊd,ʊdɪθ,ʊdɪθ,ʊdɪθ,ʊdɪθ
ʊd,ʊdɪð,ʊdɪð,ʊdɪð,ʊdɪð
ʊg,ʊgɪm,ʊgɪm,ʊgɪm,ʊgɪm
ʊg,ʊgɪn,ʊgɪn,ʊgɪn,ʊgɪn
ʊg,ʊgɪŋ,ʊgɪŋ,ʊgɪŋ,ʊgɪŋ
ʊg,ʊgɪp,ʊgɪp,ʊgɪp,ʊgɪp
ʊg,ʊgɪt,ʊgɪt,ʊgɪt,ʊgɪt
ʊg,ʊgɪk,ʊgɪk,ʊgɪk,ʊgɪk
ʊg,ʊgɪb,ʊgɪb,ʊgɪb,ʊgɪb
ʊg,ʊgɪd,ʊgɪd,ʊgɪd,ʊgɪd
ʊg,ʊgɪg,ʊgɪg,ʊgɪg,ʊgɪg
ʊg,ʊgɪf,ʊgɪf,ʊgɪf,ʊgɪf
ʊg,ʊgɪs,ʊgɪs,ʊgɪs,ʊgɪs
ʊg,ʊgɪv,ʊgɪv,ʊgɪv,ʊgɪv
ʊg,ʊgɪz,ʊgɪz,ʊgɪz,ʊgɪz
ʊg,ʊgɪʃ,ʊgɪʃ,ʊgɪʃ,ʊgɪʃ
ʊg,ʊgɪʒ,ʊgɪʒ,ʊgɪʒ,ʊgɪʒ
ʊg,ʊgɪθ,ʊgɪθ,ʊgɪθ,ʊgɪθ
ʊg,ʊgɪð,ʊgɪð,ʊgɪð,ʊgɪð
ʊf,ʊfɪm,ʊfɪm,ʊfɪm,ʊfɪm
ʊf,ʊfɪn,ʊfɪn,ʊfɪn,ʊfɪn
ʊf,ʊfɪŋ,ʊfɪŋ,ʊfɪŋ,ʊfɪŋ
ʊf,ʊfɪp,ʊfɪp,ʊfɪp,ʊfɪp
ʊf,ʊfɪt,ʊfɪt,ʊfɪt,ʊfɪt
ʊf,ʊfɪk,ʊfɪk,ʊfɪk,ʊfɪk
ʊf,ʊfɪb,ʊfɪb,ʊfɪb,ʊfɪb
ʊf,ʊfɪd,ʊfɪd,ʊfɪd,ʊfɪd
ʊf,ʊfɪg,ʊfɪg,ʊfɪg,ʊfɪg
ʊf,ʊfɪf,ʊfɪf,ʊfɪf,ʊfɪf
ʊf,ʊfɪs,ʊfɪs,ʊfɪs,ʊfɪs
ʊf,ʊfɪv,ʊfɪv,ʊfɪv,ʊfɪv
ʊf,ʊfɪz,ʊfɪz,ʊfɪz,ʊfɪz
ʊf,ʊfɪʃ,ʊfɪʃ,ʊfɪʃ,ʊfɪʃ
ʊf,ʊfɪʒ,ʊfɪʒ,ʊfɪʒ,ʊfɪʒ
ʊf,ʊfɪθ,ʊfɪθ,ʊfɪθ,ʊfɪθ
ʊf,ʊfɪð,ʊfɪð,ʊfɪð,ʊfɪð
ʊs,ʊsɪm,ʊsɪm,ʊsɪm,ʊsɪm
ʊs,ʊsɪn,ʊsɪn,ʊsɪn,ʊsɪn
ʊs,ʊsɪŋ,ʊsɪŋ,ʊsɪŋ,ʊsɪŋ
ʊs,ʊsɪp,ʊsɪp,ʊsɪp,ʊsɪp
ʊs,ʊsɪt,ʊsɪt,ʊsɪt,ʊsɪt
ʊs,ʊsɪk,ʊsɪk,ʊsɪk,ʊsɪk
ʊs,ʊsɪb,ʊsɪb,ʊsɪb,ʊsɪb
ʊs,ʊsɪd,ʊsɪd,ʊsɪd,ʊsɪd
ʊs,ʊsɪg,ʊsɪg,ʊsɪg,ʊsɪg
ʊs,ʊsɪf,ʊsɪf,ʊsɪf,ʊsɪf
ʊs,ʊsɪs,ʊsɪs,ʊsɪs,ʊsɪs
ʊs,ʊsɪv,ʊsɪv,ʊsɪv,ʊsɪv
ʊs,ʊsɪz,ʊsɪz,ʊsɪz,ʊsɪz
ʊs,ʊsɪʃ,ʊsɪʃ,ʊsɪʃ,ʊsɪʃ
ʊs,ʊsɪʒ,ʊsɪʒ,ʊsɪʒ,ʊsɪʒ
ʊs,ʊsɪθ,ʊsɪθ,ʊsɪθ,ʊsɪθ
ʊs,ʊsɪð,ʊsɪð,ʊsɪð,ʊsɪð
ʊv,ʊvɪm,ʊvɪm,ʊvɪm,ʊvɪm
ʊv,ʊvɪn,ʊvɪn,ʊvɪn,ʊvɪn
ʊv,ʊvɪŋ,ʊvɪŋ,ʊvɪŋ,ʊvɪŋ
ʊv,ʊvɪp,ʊvɪp,ʊvɪp,ʊvɪp
ʊv,ʊvɪt,ʊvɪt,ʊvɪt,ʊvɪt
ʊv,ʊvɪk,ʊvɪk,ʊvɪk,ʊvɪk
ʊv,ʊvɪb,ʊvɪb,ʊvɪb,ʊvɪb
ʊv,ʊvɪd,ʊvɪd,ʊvɪd,ʊvɪd
ʊv,ʊvɪg,ʊvɪg,ʊvɪg,ʊvɪg
ʊv,ʊvɪf,ʊvɪf,ʊvɪf,ʊvɪf
ʊv,ʊvɪs,ʊvɪs,ʊvɪs,ʊvɪs
ʊv,ʊvɪv,ʊvɪv,ʊvɪv,ʊvɪv
ʊv,ʊvɪz,ʊvɪz,ʊvɪz,ʊvɪz
ʊv,ʊvɪʃ,ʊvɪʃ,ʊvɪʃ,ʊvɪʃ
ʊv,ʊvɪʒ,ʊvɪʒ,ʊvɪʒ,ʊvɪʒ
ʊv,ʊvɪθ,ʊvɪθ,ʊvɪθ,ʊvɪθ
ʊv,ʊvɪð,ʊvɪð,ʊvɪð,ʊvɪð
ʊz,ʊzɪm,ʊzɪm,ʊzɪm,ʊzɪm
ʊz,ʊzɪn,ʊzɪn,ʊzɪn,ʊzɪn
ʊz,ʊzɪŋ,ʊzɪŋ,ʊzɪŋ,ʊzɪŋ
ʊz,ʊzɪp,ʊzɪp,ʊzɪp,ʊzɪp
ʊz,ʊzɪt,ʊzɪt,ʊzɪt,ʊzɪt
ʊz,ʊzɪk,ʊzɪk,ʊzɪk,ʊzɪk
ʊz,ʊzɪb,ʊzɪb,ʊzɪb,ʊzɪb
ʊz,ʊzɪd,ʊzɪd,ʊzɪd,ʊzɪd
ʊz,ʊzɪg,ʊzɪg,ʊzɪg,ʊzɪg
ʊz,ʊzɪf,ʊzɪf,ʊzɪf,ʊzɪf
ʊz,ʊzɪs,ʊzɪs,ʊzɪs,ʊzɪs
ʊz,ʊzɪv,ʊzɪv,ʊzɪv,ʊzɪv
ʊz,ʊzɪz,ʊzɪz,ʊzɪz,ʊzɪz
ʊz,ʊzɪʃ,ʊzɪʃ,ʊzɪʃ,ʊzɪʃ
ʊz,ʊzɪʒ,ʊzɪʒ,ʊzɪʒ,ʊzɪʒ
ʊz,ʊzɪθ,ʊzɪθ,ʊzɪθ,ʊzɪθ
ʊz,ʊzɪð,ʊzɪð,ʊzɪð,ʊzɪð
ʊʃ,ʊʃɪm,ʊʃɪm,ʊʃɪm,ʊʃɪm
ʊʃ,ʊʃɪn,ʊʃɪn,ʊʃɪn,ʊʃɪn
ʊʃ,ʊʃɪŋ,ʊʃɪŋ,ʊʃɪŋ,ʊʃɪŋ
ʊʃ,ʊʃɪp,ʊʃɪp,ʊʃɪp,ʊʃɪp
ʊʃ,ʊʃɪt,ʊʃɪt,ʊʃɪt,ʊʃɪt
ʊʃ,ʊʃɪk,ʊʃɪk,ʊʃɪk,ʊʃɪk
ʊʃ,ʊʃɪb,ʊʃɪb,ʊʃɪb,ʊʃɪb
ʊʃ,ʊʃɪd,ʊʃɪd,ʊʃɪd,ʊʃɪd
ʊʃ,ʊʃɪg,ʊʃɪg,ʊʃɪg,ʊʃɪg
ʊʃ,ʊʃɪf,ʊʃɪf,ʊʃɪf,ʊʃɪf
ʊʃ,ʊʃɪs,ʊʃɪs,ʊʃɪs,ʊʃɪs
ʊʃ,ʊʃɪv,ʊʃɪv,ʊʃɪv,ʊʃɪv
ʊʃ,ʊʃɪz,ʊʃɪz,ʊʃɪz,ʊʃɪz
ʊʃ,ʊʃɪʃ,ʊʃɪʃ,ʊʃɪʃ,ʊʃɪʃ
ʊʃ,ʊʃɪʒ,ʊʃɪʒ,ʊʃɪʒ,ʊʃɪʒ
ʊʃ,ʊʃɪθ,ʊʃɪθ,ʊʃɪθ,ʊʃɪθ
ʊʃ,ʊʃɪð,ʊʃɪð,ʊʃɪð,ʊʃɪð
ʊʒ,ʊʒɪm,ʊʒɪm,ʊʒɪm,ʊʒɪm
ʊʒ,ʊʒɪn,ʊʒɪn,ʊʒɪn,ʊʒɪn
ʊʒ,ʊʒɪŋ,ʊʒɪŋ,ʊʒɪŋ,ʊʒɪŋ
ʊʒ,ʊʒɪp,ʊʒɪp,ʊʒɪp,ʊʒɪp
ʊʒ,ʊʒɪt,ʊʒɪt,ʊʒɪt,ʊʒɪt
ʊʒ,ʊʒɪk,ʊʒɪk,ʊʒɪk,ʊʒɪk
ʊʒ,ʊʒɪb,ʊʒɪb,ʊʒɪb,ʊʒɪb
ʊʒ,ʊʒɪd,ʊʒɪd,ʊʒɪd,ʊʒɪd
ʊʒ,ʊʒɪg,ʊʒɪg,ʊʒɪg,ʊʒɪg
ʊʒ,ʊʒɪf,ʊʒɪf,ʊʒɪf,ʊʒɪf
ʊʒ,ʊʒɪs,ʊʒɪs,ʊʒɪs,ʊʒɪs
ʊʒ,ʊʒɪv,ʊʒɪv,ʊʒɪv,ʊʒɪv
ʊʒ,ʊʒɪz,ʊʒɪz,ʊʒɪz,ʊʒɪz
ʊʒ,ʊʒɪʃ,ʊʒɪʃ,ʊʒɪʃ,ʊʒɪʃ
ʊʒ,ʊʒɪʒ,ʊʒɪʒ,ʊʒɪʒ,ʊʒɪʒ
ʊʒ,ʊʒɪθ,ʊʒɪθ,ʊʒɪθ,ʊʒɪθ
ʊʒ,ʊʒɪð,ʊʒɪð,ʊʒɪð,ʊʒɪð
ʊθ,ʊθɪm,ʊθɪm,ʊθɪm,ʊθɪm
ʊθ,ʊθɪn,ʊθɪn,ʊθɪn,ʊθɪn
ʊθ,ʊθɪŋ,ʊθɪŋ,ʊθɪŋ,ʊθɪŋ
ʊθ,ʊθɪp,ʊθɪp,ʊθɪp,ʊθɪp
ʊθ,ʊθɪt,ʊθɪt,ʊθɪt,ʊθɪt
ʊθ,ʊθɪk,ʊθɪk,ʊθɪk,ʊθɪk
ʊθ,ʊθɪb,ʊθɪb,ʊθɪb,ʊθɪb
ʊθ,ʊθɪd,ʊθɪd,ʊθɪd,ʊθɪd
ʊθ,ʊθɪg,ʊθɪg,ʊθɪg,ʊθɪg
ʊθ,ʊθɪf,ʊθɪf,ʊθɪf,ʊθɪf
ʊθ,ʊθɪs,ʊθɪs,ʊθɪs,ʊθɪs
ʊθ,ʊθɪv,ʊθɪv,ʊθɪv,ʊθɪv
ʊθ,ʊθɪz,ʊθɪz,ʊθɪz,ʊθɪz
ʊθ,ʊθɪʃ,ʊθɪʃ,ʊθɪʃ,ʊθɪʃ
ʊθ,ʊθɪʒ,ʊθɪʒ,ʊθɪʒ,ʊθɪʒ
ʊθ,ʊθɪθ,ʊθɪθ,ʊθɪθ,ʊθɪθ
ʊθ,ʊθɪð,ʊθɪð,ʊθɪð,ʊθɪð
ʊð,ʊðɪm,ʊðɪm,ʊðɪm,ʊðɪm
ʊð,ʊðɪn,ʊðɪn,ʊðɪn,ʊðɪn
ʊð,ʊðɪŋ,ʊðɪŋ,ʊðɪŋ,ʊðɪŋ
ʊð,ʊðɪp,ʊðɪp,ʊðɪp,ʊðɪp
ʊð,ʊðɪt,ʊðɪt,ʊðɪt,ʊðɪt
ʊð,ʊðɪk,ʊðɪk,ʊðɪk,ʊðɪk
ʊð,ʊðɪb,ʊðɪb,ʊðɪb,ʊðɪb
ʊð,ʊðɪd,ʊðɪd,ʊðɪd,ʊðɪd
ʊð,ʊðɪg,ʊðɪg,ʊðɪg,ʊðɪg
ʊð,ʊðɪf,ʊðɪf,ʊðɪf,ʊðɪf
ʊð,ʊðɪs,ʊðɪs,ʊðɪs,ʊðɪs
ʊð,ʊðɪv,ʊðɪv,ʊðɪv,ʊðɪv
ʊð,ʊðɪz,ʊðɪz,ʊðɪz,ʊðɪz
ʊð,ʊðɪʃ,ʊðɪʃ,ʊðɪʃ,ʊðɪʃ
ʊð,ʊðɪʒ,ʊðɪʒ,ʊðɪʒ,ʊðɪʒ
ʊð,ʊðɪθ,ʊðɪθ,ʊðɪθ,ʊðɪθ
ʊð,ʊðɪð,ʊðɪð,ʊðɪð,ʊðɪð
ʊm,ʊmɛm,ʊmɛm,ʊmɛm,ʊmɛm
ʊm,ʊmɛn,ʊmɛn,ʊmɛn,ʊmɛn
ʊm,ʊmɛŋ,ʊmɛŋ,ʊmɛŋ,ʊmɛŋ
ʊm,ʊmɛp,ʊmɛp,ʊmɛp,ʊmɛp
ʊm,ʊmɛt,ʊmɛt,ʊmɛt,ʊmɛt
ʊm,ʊmɛk,ʊmɛk,ʊmɛk,ʊmɛk
ʊm,ʊmɛb,ʊmɛb,ʊmɛb,ʊmɛb
ʊm,ʊmɛd,ʊmɛd,ʊmɛd,ʊmɛd
ʊm,ʊmɛg,ʊmɛg,ʊmɛg,ʊmɛg
ʊm,ʊmɛf,ʊmɛf,ʊmɛf,ʊmɛf
ʊm,ʊmɛs,ʊmɛs,ʊmɛs,ʊmɛs
ʊm,ʊmɛv,ʊmɛv,ʊmɛv,ʊmɛv
ʊm,ʊmɛz,ʊmɛz,ʊmɛz,ʊmɛz
ʊm,ʊmɛʃ,ʊmɛʃ,ʊmɛʃ,ʊmɛʃ
ʊm,ʊmɛʒ,ʊmɛʒ,ʊmɛʒ,ʊmɛʒ
ʊm,ʊmɛθ,ʊmɛθ,ʊmɛθ,ʊmɛθ
ʊm,ʊmɛð,ʊmɛð,ʊmɛð,ʊmɛð
ʊn,ʊnɛm,ʊnɛm,ʊnɛm,ʊnɛm
ʊn,ʊnɛn,ʊnɛn,ʊnɛn,ʊnɛn
ʊn,ʊnɛŋ,ʊnɛŋ,ʊnɛŋ,ʊnɛŋ
ʊn,ʊnɛp,ʊnɛp,ʊnɛp,ʊnɛp
ʊn,ʊnɛt,ʊnɛt,ʊnɛt,ʊnɛt
ʊn,ʊnɛk,ʊnɛk,ʊnɛk,ʊnɛk
ʊn,ʊnɛb,ʊnɛb,ʊnɛb,ʊnɛb
ʊn,ʊnɛd,ʊnɛd,ʊnɛd,ʊnɛd
ʊn,ʊnɛg,ʊnɛg,ʊnɛg,ʊnɛg
ʊn,ʊnɛf,ʊnɛf,ʊnɛf,ʊnɛf
ʊn,ʊnɛs,ʊnɛs,ʊnɛs,ʊnɛs
ʊn,ʊnɛv,ʊnɛv,ʊnɛv,ʊnɛv
ʊn,ʊnɛz,ʊnɛz,ʊnɛz,ʊnɛz
ʊn,ʊnɛʃ,ʊnɛʃ,ʊnɛʃ,ʊnɛʃ
ʊn,ʊnɛʒ,ʊnɛʒ,ʊnɛʒ,ʊnɛʒ
ʊn,ʊnɛθ,ʊnɛθ,ʊnɛθ,ʊnɛθ
ʊn,ʊnɛð,ʊnɛð,ʊnɛð,ʊnɛð
ʊŋ,ʊŋɛm,ʊŋɛm,ʊŋɛm,ʊŋɛm
ʊŋ,ʊŋɛn,ʊŋɛn,ʊŋɛn,ʊŋɛn
ʊŋ,ʊŋɛŋ,ʊŋɛŋ,ʊŋɛŋ,ʊŋɛŋ
ʊŋ,ʊŋɛp,ʊŋɛp,ʊŋɛp,ʊŋɛp
ʊŋ,ʊŋɛt,ʊŋɛt,ʊŋɛt,ʊŋɛt
ʊŋ,ʊŋɛk,ʊŋɛk,ʊŋɛk,ʊŋɛk
ʊŋ,ʊŋɛb,ʊŋɛb,ʊŋɛb,ʊŋɛb
ʊŋ,ʊŋɛd,ʊŋɛd,ʊŋɛd,ʊŋɛd
ʊŋ,ʊŋɛg,ʊŋɛg,ʊŋɛg,ʊŋɛg
ʊŋ,ʊŋɛf,ʊŋɛf,ʊŋɛf,ʊŋɛf
ʊŋ,ʊŋɛs,ʊŋɛs,ʊŋɛs,ʊŋɛs
ʊŋ,ʊŋɛv,ʊŋɛv,ʊŋɛv,ʊŋɛv
ʊŋ,ʊŋɛz,ʊŋɛz,ʊŋɛz,ʊŋɛz
ʊŋ,ʊŋɛʃ,ʊŋɛʃ,ʊŋɛʃ,ʊŋɛʃ
ʊŋ,ʊŋɛʒ,ʊŋɛʒ,ʊŋɛʒ,ʊŋɛʒ
ʊŋ,ʊŋɛθ,ʊŋɛθ,ʊŋɛθ,ʊŋɛθ
ʊŋ,ʊŋɛð,ʊŋɛð,ʊŋɛð,ʊŋɛð
ʊp,ʊpɛm,ʊpɛm,ʊpɛm,ʊpɛm
ʊp,ʊpɛn,ʊpɛn,ʊpɛn,ʊpɛn
ʊp,ʊpɛŋ,ʊpɛŋ,ʊpɛŋ,ʊpɛŋ
ʊp,ʊpɛp,ʊpɛp,ʊpɛp,ʊpɛp
ʊp,ʊpɛt,ʊpɛt,ʊpɛt,ʊpɛt
ʊp,ʊpɛk,ʊpɛk,ʊpɛk,ʊpɛk
ʊp,ʊpɛb,ʊpɛb,ʊpɛb,ʊpɛb
ʊp,ʊpɛd,ʊpɛd,ʊpɛd,ʊpɛd
ʊp,ʊpɛg,ʊpɛg,ʊpɛg,ʊpɛg
ʊp,ʊpɛf,ʊpɛf,ʊpɛf,ʊpɛf
ʊp,ʊpɛs,ʊpɛs,ʊpɛs,ʊpɛs
ʊp,ʊpɛv,ʊpɛv,ʊpɛv,ʊpɛv
ʊp,ʊpɛz,ʊpɛz,ʊpɛz,ʊpɛz
ʊp,ʊpɛʃ,ʊpɛʃ,ʊpɛʃ,ʊpɛʃ
ʊp,ʊpɛʒ,ʊpɛʒ,ʊpɛʒ,ʊpɛʒ
ʊp,ʊpɛθ,ʊpɛθ,ʊpɛθ,ʊpɛθ
ʊp,ʊpɛð,ʊpɛð,ʊpɛð,ʊpɛð
ʊt,ʊtɛm,ʊtɛm,ʊtɛm,ʊtɛm
ʊt,ʊtɛn,ʊtɛn,ʊtɛn,ʊtɛn
ʊt,ʊtɛŋ,ʊtɛŋ,ʊtɛŋ,ʊtɛŋ
ʊt,ʊtɛp,ʊtɛp,ʊtɛp,ʊtɛp
ʊt,ʊtɛt,ʊtɛt,ʊtɛt,ʊtɛt
ʊt,ʊtɛk,ʊtɛk,ʊtɛk,ʊtɛk
ʊt,ʊtɛb,ʊtɛb,ʊtɛb,ʊtɛb
ʊt,ʊtɛd,ʊtɛd,ʊtɛd,ʊtɛd
ʊt,ʊtɛg,ʊtɛg,ʊtɛg,ʊtɛg
ʊt,ʊtɛf,ʊtɛf,ʊtɛf,ʊtɛf
ʊt,ʊtɛs,ʊtɛs,ʊtɛs,ʊtɛs
ʊt,ʊtɛv,ʊtɛv,ʊtɛv,ʊtɛv
ʊt,ʊtɛz,ʊtɛz,ʊtɛz,ʊtɛz
ʊt,ʊtɛʃ,ʊtɛʃ,ʊtɛʃ,ʊtɛʃ
ʊt,ʊtɛʒ,ʊtɛʒ,ʊtɛʒ,ʊtɛʒ
ʊt,ʊtɛθ,ʊtɛθ,ʊtɛθ,ʊtɛθ
ʊt,ʊtɛð,ʊtɛð,ʊtɛð,ʊtɛð
ʊk,ʊkɛm,ʊkɛm,ʊkɛm,ʊkɛm
ʊk,ʊkɛn,ʊkɛn,ʊkɛn,ʊkɛn
ʊk,ʊkɛŋ,ʊkɛŋ,ʊkɛŋ,ʊkɛŋ
ʊk,ʊkɛp,ʊkɛp,ʊkɛp,ʊkɛp
ʊk,ʊkɛt,ʊkɛt,ʊkɛt,ʊkɛt
ʊk,ʊkɛk,ʊkɛk,ʊkɛk,ʊkɛk
ʊk,ʊkɛb,ʊkɛb,ʊkɛb,ʊkɛb
ʊk,ʊkɛd,ʊkɛd,ʊkɛd,ʊkɛd
ʊk,ʊkɛg,ʊkɛg,ʊkɛg,ʊkɛg
ʊk,ʊkɛf,ʊkɛf,ʊkɛf,ʊkɛf
ʊk,ʊkɛs,ʊkɛs,ʊkɛs,ʊkɛs
ʊk,ʊkɛv,ʊkɛv,ʊkɛv,ʊkɛv
ʊk,ʊkɛz,ʊkɛz,ʊkɛz,ʊkɛz
ʊk,ʊkɛʃ,ʊkɛʃ,ʊkɛʃ,ʊkɛʃ
ʊk,ʊkɛʒ,ʊkɛʒ,ʊkɛʒ,ʊkɛʒ
ʊk,ʊkɛθ,ʊkɛθ,ʊkɛθ,ʊkɛθ
ʊk,ʊkɛð,ʊkɛð,ʊkɛð,ʊkɛð
ʊb,ʊbɛm,ʊbɛm,ʊbɛm,ʊbɛm
ʊb,ʊbɛn,ʊbɛn,ʊbɛn,ʊbɛn
ʊb,ʊbɛŋ,ʊbɛŋ,ʊbɛŋ,ʊbɛŋ
ʊb,ʊbɛp,ʊbɛp,ʊbɛp,ʊbɛp
ʊb,ʊbɛt,ʊbɛt,ʊbɛt,ʊbɛt
ʊb,ʊbɛk,ʊbɛk,ʊbɛk,ʊbɛk
ʊb,ʊbɛb,ʊbɛb,ʊbɛb,ʊbɛb
ʊb,ʊbɛd,ʊbɛd,ʊbɛd,ʊbɛd
ʊb,ʊbɛg,ʊbɛg,ʊbɛg,ʊbɛg
ʊb,ʊbɛf,ʊbɛf,ʊbɛf,ʊbɛf
ʊb,ʊbɛs,ʊbɛs,ʊbɛs,ʊbɛs
ʊb,ʊbɛv,ʊbɛv,ʊbɛv,ʊbɛv
ʊb,ʊbɛz,ʊbɛz,ʊbɛz,ʊbɛz
ʊb,ʊbɛʃ,ʊbɛʃ,ʊbɛʃ,ʊbɛʃ
ʊb,ʊbɛʒ,ʊbɛʒ,ʊbɛʒ,ʊbɛʒ
ʊb,ʊbɛθ,ʊbɛθ,ʊbɛθ,ʊbɛθ
ʊb,ʊbɛð,ʊbɛð,ʊbɛð,ʊbɛð
ʊd,ʊdɛm,ʊdɛm,ʊdɛm,ʊdɛm
ʊd,ʊdɛn,ʊdɛn,ʊdɛn,ʊdɛn
ʊd,ʊdɛŋ,ʊdɛŋ,ʊdɛŋ,ʊdɛŋ
ʊd,ʊdɛp,ʊdɛp,ʊdɛp,ʊdɛp
ʊd,ʊdɛt,ʊdɛt,ʊdɛt,ʊdɛt
ʊd,ʊdɛk,ʊdɛk,ʊdɛk,ʊdɛk
ʊd,ʊdɛb,ʊdɛb,ʊdɛb,ʊdɛb
ʊd,ʊdɛd,ʊdɛd,ʊdɛd,ʊdɛd
ʊd,ʊdɛg,ʊdɛg,ʊdɛg,ʊdɛg
ʊd,ʊdɛf,ʊdɛf,ʊdɛf,ʊdɛf
ʊd,ʊdɛs,ʊdɛs,ʊdɛs,ʊdɛs
ʊd,ʊdɛv,ʊdɛv,ʊdɛv,ʊdɛv
ʊd,ʊdɛz,ʊdɛz,ʊdɛz,ʊdɛz
ʊd,ʊdɛʃ,ʊdɛʃ,ʊdɛʃ,ʊdɛʃ
ʊd,ʊdɛʒ,ʊdɛʒ,ʊdɛʒ,ʊdɛʒ
ʊd,ʊdɛθ,ʊdɛθ,ʊdɛθ,ʊdɛθ
ʊd,ʊdɛð,ʊdɛð,ʊdɛð,ʊdɛð
ʊg,ʊgɛm,ʊgɛm,ʊgɛm,ʊgɛm
ʊg,ʊgɛn,ʊgɛn,ʊgɛn,ʊgɛn
ʊg,ʊgɛŋ,ʊgɛŋ,ʊgɛŋ,ʊgɛŋ
ʊg,ʊgɛp,ʊgɛp,ʊgɛp,ʊgɛp
ʊg,ʊgɛt,ʊgɛt,ʊgɛt,ʊgɛt
ʊg,ʊgɛk,ʊgɛk,ʊgɛk,ʊgɛk
ʊg,ʊgɛb,ʊgɛb,ʊgɛb,ʊgɛb
ʊg,ʊgɛd,ʊgɛd,ʊgɛd,ʊgɛd
ʊg,ʊgɛg,ʊgɛg,ʊgɛg,ʊgɛg
ʊg,ʊgɛf,ʊgɛf,ʊgɛf,ʊgɛf
ʊg,ʊgɛs,ʊgɛs,ʊgɛs,ʊgɛs
ʊg,ʊgɛv,ʊgɛv,ʊgɛv,ʊgɛv
ʊg,ʊgɛz,ʊgɛz,ʊgɛz,ʊgɛz
ʊg,ʊgɛʃ,ʊgɛʃ,ʊgɛʃ,ʊgɛʃ
ʊg,ʊgɛʒ,ʊgɛʒ,ʊgɛʒ,ʊgɛʒ
ʊg,ʊgɛθ,ʊgɛθ,ʊgɛθ,ʊgɛθ
ʊg,ʊgɛð,ʊgɛð,ʊgɛð,ʊgɛð
ʊf,ʊfɛm,ʊfɛm,ʊfɛm,ʊfɛm
ʊf,ʊfɛn,ʊfɛn,ʊfɛn,ʊfɛn
ʊf,ʊfɛŋ,ʊfɛŋ,ʊfɛŋ,ʊfɛŋ
ʊf,ʊfɛp,ʊfɛp,ʊfɛp,ʊfɛp
ʊf,ʊfɛt,ʊfɛt,ʊfɛt,ʊfɛt
ʊf,ʊfɛk,ʊfɛk,ʊfɛk,ʊfɛk
ʊf,ʊfɛb,ʊfɛb,ʊfɛb,ʊfɛb
ʊf,ʊfɛd,ʊfɛd,ʊfɛd,ʊfɛd
ʊf,ʊfɛg,ʊfɛg,ʊfɛg,ʊfɛg
ʊf,ʊfɛf,ʊfɛf,ʊfɛf,ʊfɛf
ʊf,ʊfɛs,ʊfɛs,ʊfɛs,ʊfɛs
ʊf,ʊfɛv,ʊfɛv,ʊfɛv,ʊfɛv
ʊf,ʊfɛz,ʊfɛz,ʊfɛz,ʊfɛz
ʊf,ʊfɛʃ,ʊfɛʃ,ʊfɛʃ,ʊfɛʃ
ʊf,ʊfɛʒ,ʊfɛʒ,ʊfɛʒ,ʊfɛʒ
ʊf,ʊfɛθ,ʊfɛθ,ʊfɛθ,ʊfɛθ
ʊf,ʊfɛð,ʊfɛð,ʊfɛð,ʊfɛð
ʊs,ʊsɛm,ʊsɛm,ʊsɛm,ʊsɛm
ʊs,ʊsɛn,ʊsɛn,ʊsɛn,ʊsɛn
ʊs,ʊsɛŋ,ʊsɛŋ,ʊsɛŋ,ʊsɛŋ
ʊs,ʊsɛp,ʊsɛp,ʊsɛp,ʊsɛp
ʊs,ʊsɛt,ʊsɛt,ʊsɛt,ʊsɛt
ʊs,ʊsɛk,ʊsɛk,ʊsɛk,ʊsɛk
ʊs,ʊsɛb,ʊsɛb,ʊsɛb,ʊsɛb
ʊs,ʊsɛd,ʊsɛd,ʊsɛd,ʊsɛd
ʊs,ʊsɛg,ʊsɛg,ʊsɛg,ʊsɛg
ʊs,ʊsɛf,ʊsɛf,ʊsɛf,ʊsɛf
ʊs,ʊsɛs,ʊsɛs,ʊsɛs,ʊsɛs
ʊs,ʊsɛv,ʊsɛv,ʊsɛv,ʊsɛv
ʊs,ʊsɛz,ʊsɛz,ʊsɛz,ʊsɛz
ʊs,ʊsɛʃ,ʊsɛʃ,ʊsɛʃ,ʊsɛʃ
ʊs,ʊsɛʒ,ʊsɛʒ,ʊsɛʒ,ʊsɛʒ
ʊs,ʊsɛθ,ʊsɛθ,ʊsɛθ,ʊsɛθ
ʊs,ʊsɛð,ʊsɛð,ʊsɛð,ʊsɛð
ʊv,ʊvɛm,ʊvɛm,ʊvɛm,ʊvɛm
ʊv,ʊvɛn,ʊvɛn,ʊvɛn,ʊvɛn
ʊv,ʊvɛŋ,ʊvɛŋ,ʊvɛŋ,ʊvɛŋ
ʊv,ʊvɛp,ʊvɛp,ʊvɛp,ʊvɛp
ʊv,ʊvɛt,ʊvɛt,ʊvɛt,ʊvɛt
ʊv,ʊvɛk,ʊvɛk,ʊvɛk,ʊvɛk
ʊv,ʊvɛb,ʊvɛb,ʊvɛb,ʊvɛb
ʊv,ʊvɛd,ʊvɛd,ʊvɛd,ʊvɛd
ʊv,ʊvɛg,ʊvɛg,ʊvɛg,ʊvɛg
ʊv,ʊvɛf,ʊvɛf,ʊvɛf,ʊvɛf
ʊv,ʊvɛs,ʊvɛs,ʊvɛs,ʊvɛs
ʊv,ʊvɛv,ʊvɛv,ʊvɛv,ʊvɛv
ʊv,ʊvɛz,ʊvɛz,ʊvɛz,ʊvɛz
ʊv,ʊvɛʃ,ʊvɛʃ,ʊvɛʃ,ʊvɛʃ
ʊv,ʊvɛʒ,ʊvɛʒ,ʊvɛʒ,ʊvɛʒ
ʊv,ʊvɛθ,ʊvɛθ,ʊvɛθ,ʊvɛθ
ʊv,ʊvɛð,ʊvɛð,ʊvɛð,ʊvɛð
ʊz,ʊzɛm,ʊzɛm,ʊzɛm,ʊzɛm
ʊz,ʊzɛn,ʊzɛn,ʊzɛn,ʊzɛn
ʊz,ʊzɛŋ,ʊzɛŋ,ʊzɛŋ,ʊzɛŋ
ʊz,ʊzɛp,ʊzɛp,ʊzɛp,ʊzɛp
ʊz,ʊzɛt,ʊzɛt,ʊzɛt,ʊzɛt
ʊz,ʊzɛk,ʊzɛk,ʊzɛk,ʊzɛk
ʊz,ʊzɛb,ʊzɛb,ʊzɛb,ʊzɛb
ʊz,ʊzɛd,ʊzɛd,ʊzɛd,ʊzɛd
ʊz,ʊzɛg,ʊzɛg,ʊzɛg,ʊzɛg
ʊz,ʊzɛf,ʊzɛf,ʊzɛf,ʊzɛf
ʊz,ʊzɛs,ʊzɛs,ʊzɛs,ʊzɛs
ʊz,ʊzɛv,ʊzɛv,ʊzɛv,ʊzɛv
ʊz,ʊzɛz,ʊzɛz,ʊzɛz,ʊzɛz
ʊz,ʊzɛʃ,ʊzɛʃ,ʊzɛʃ,ʊzɛʃ
ʊz,ʊzɛʒ,ʊzɛʒ,ʊzɛʒ,ʊzɛʒ
ʊz,ʊzɛθ,ʊzɛθ,ʊzɛθ,ʊzɛθ
ʊz,ʊzɛð,ʊzɛð,ʊzɛð,ʊzɛð
ʊʃ,ʊʃɛm,ʊʃɛm,ʊʃɛm,ʊʃɛm
ʊʃ,ʊʃɛn,ʊʃɛn,ʊʃɛn,ʊʃɛn
ʊʃ,ʊʃɛŋ,ʊʃɛŋ,ʊʃɛŋ,ʊʃɛŋ
ʊʃ,ʊʃɛp,ʊʃɛp,ʊʃɛp,ʊʃɛp
ʊʃ,ʊʃɛt,ʊʃɛt,ʊʃɛt,ʊʃɛt
ʊʃ,ʊʃɛk,ʊʃɛk,ʊʃɛk,ʊʃɛk
ʊʃ,ʊʃɛb,ʊʃɛb,ʊʃɛb,ʊʃɛb
ʊʃ,ʊʃɛd,ʊʃɛd,ʊʃɛd,ʊʃɛd
ʊʃ,ʊʃɛg,ʊʃɛg,ʊʃɛg,ʊʃɛg
ʊʃ,ʊʃɛf,ʊʃɛf,ʊʃɛf,ʊʃɛf
ʊʃ,ʊʃɛs,ʊʃɛs,ʊʃɛs,ʊʃɛs
ʊʃ,ʊʃɛv,ʊʃɛv,ʊʃɛv,ʊʃɛv
ʊʃ,ʊʃɛz,ʊʃɛz,ʊʃɛz,ʊʃɛz
ʊʃ,ʊʃɛʃ,ʊʃɛʃ,ʊʃɛʃ,ʊʃɛʃ
ʊʃ,ʊʃɛʒ,ʊʃɛʒ,ʊʃɛʒ,ʊʃɛʒ
ʊʃ,ʊʃɛθ,ʊʃɛθ,ʊʃɛθ,ʊʃɛθ
ʊʃ,ʊʃɛð,ʊʃɛð,ʊʃɛð,ʊʃɛð
ʊʒ,ʊʒɛm,ʊʒɛm,ʊʒɛm,ʊʒɛm
ʊʒ,ʊʒɛn,ʊʒɛn,ʊʒɛn,ʊʒɛn
ʊʒ,ʊʒɛŋ,ʊʒɛŋ,ʊʒɛŋ,ʊʒɛŋ
ʊʒ,ʊʒɛp,ʊʒɛp,ʊʒɛp,ʊʒɛp
ʊʒ,ʊʒɛt,ʊʒɛt,ʊʒɛt,ʊʒɛt
ʊʒ,ʊʒɛk,ʊʒɛk,ʊʒɛk,ʊʒɛk
ʊʒ,ʊʒɛb,ʊʒɛb,ʊʒɛb,ʊʒɛb
ʊʒ,ʊʒɛd,ʊʒɛd,ʊʒɛd,ʊʒɛd
ʊʒ,ʊʒɛg,ʊʒɛg,ʊʒɛg,ʊʒɛg
ʊʒ,ʊʒɛf,ʊʒɛf,ʊʒɛf,ʊʒɛf
ʊʒ,ʊʒɛs,ʊʒɛs,ʊʒɛs,ʊʒɛs
ʊʒ,ʊʒɛv,ʊʒɛv,ʊʒɛv,ʊʒɛv
ʊʒ,ʊʒɛz,ʊʒɛz,ʊʒɛz,ʊʒɛz
ʊʒ,ʊʒɛʃ,ʊʒɛʃ,ʊʒɛʃ,ʊʒɛʃ
ʊʒ,ʊʒɛʒ,ʊʒɛʒ,ʊʒɛʒ,ʊʒɛʒ
ʊʒ,ʊʒɛθ,ʊʒɛθ,ʊʒɛθ,ʊʒɛθ
ʊʒ,ʊʒɛð,ʊʒɛð,ʊʒɛð,ʊʒɛð
ʊθ,ʊθɛm,ʊθɛm,ʊθɛm,ʊθɛm
ʊθ,ʊθɛn,ʊθɛn,ʊθɛn,ʊθɛn
ʊθ,ʊθɛŋ,ʊθɛŋ,ʊθɛŋ,ʊθɛŋ
ʊθ,ʊθɛp,ʊθɛp,ʊθɛp,ʊθɛp
ʊθ,ʊθɛt,ʊθɛt,ʊθɛt,ʊθɛt
ʊθ,ʊθɛk,ʊθɛk,ʊθɛk,ʊθɛk
ʊθ,ʊθɛb,ʊθɛb,ʊθɛb,ʊθɛb
ʊθ,ʊθɛd,ʊθɛd,ʊθɛd,ʊθɛd
ʊθ,ʊθɛg,ʊθɛg,ʊθɛg,ʊθɛg
ʊθ,ʊθɛf,ʊθɛf,ʊθɛf,ʊθɛf
ʊθ,ʊθɛs,ʊθɛs,ʊθɛs,ʊθɛs
ʊθ,ʊθɛv,ʊθɛv,ʊθɛv,ʊθɛv
ʊθ,ʊθɛz,ʊθɛz,ʊθɛz,ʊθɛz
ʊθ,ʊθɛʃ,ʊθɛʃ,ʊθɛʃ,ʊθɛʃ
ʊθ,ʊθɛʒ,ʊθɛʒ,ʊθɛʒ,ʊθɛʒ
ʊθ,ʊθɛθ,ʊθɛθ,ʊθɛθ,ʊθɛθ
ʊθ,ʊθɛð,ʊθɛð,ʊθɛð,ʊθɛð
ʊð,ʊðɛm,ʊðɛm,ʊðɛm,ʊðɛm
ʊð,ʊðɛn,ʊðɛn,ʊðɛn,ʊðɛn
ʊð,ʊðɛŋ,ʊðɛŋ,ʊðɛŋ,ʊðɛŋ
ʊð,ʊðɛp,ʊðɛp,ʊðɛp,ʊðɛp
ʊð,ʊðɛt,ʊðɛt,ʊðɛt,ʊðɛt
ʊð,ʊðɛk,ʊðɛk,ʊðɛk,ʊðɛk
ʊð,ʊðɛb,ʊðɛb,ʊðɛb,ʊðɛb
ʊð,ʊðɛd,ʊðɛd,ʊðɛd,ʊðɛd
ʊð,ʊðɛg,ʊðɛg,ʊðɛg,ʊðɛg
ʊð,ʊðɛf,ʊðɛf,ʊðɛf,ʊðɛf
ʊð,ʊðɛs,ʊðɛs,ʊðɛs,ʊðɛs
ʊð,ʊðɛv,ʊðɛv,ʊðɛv,ʊðɛv
ʊð,ʊðɛz,ʊðɛz,ʊðɛz,ʊðɛz
ʊð,ʊðɛʃ,ʊðɛʃ,ʊðɛʃ,ʊðɛʃ
ʊð,ʊðɛʒ,ʊðɛʒ,ʊðɛʒ,ʊðɛʒ
ʊð,ʊðɛθ,ʊðɛθ,ʊðɛθ,ʊðɛθ
ʊð,ʊðɛð,ʊðɛð,ʊðɛð,ʊðɛð
ʊm,ʊmʊm,ʊmɪm,ʊmʊm,ʊmɪm
ʊm,ʊmʊn,ʊmɪn,ʊmʊn,ʊmɪn
ʊm,ʊmʊŋ,ʊmɪŋ,ʊmʊŋ,ʊmɪŋ
ʊm,ʊmʊp,ʊmɪp,ʊmʊp,ʊmɪp
ʊm,ʊmʊt,ʊmɪt,ʊmʊt,ʊmɪt
ʊm,ʊmʊk,ʊmɪk,ʊmʊk,ʊmɪk
ʊm,ʊmʊb,ʊmɪb,ʊmʊb,ʊmɪb
ʊm,ʊmʊd,ʊmɪd,ʊmʊd,ʊmɪd
ʊm,ʊmʊg,ʊmɪg,ʊmʊg,ʊmɪg
ʊm,ʊmʊf,ʊmɪf,ʊmʊf,ʊmɪf
ʊm,ʊmʊs,ʊmɪs,ʊmʊs,ʊmɪs
ʊm,ʊmʊv,ʊmɪv,ʊmʊv,ʊmɪv
ʊm,ʊmʊz,ʊmɪz,ʊmʊz,ʊmɪz
ʊm,ʊmʊʃ,ʊmɪʃ,ʊmʊʃ,ʊmɪʃ
ʊm,ʊmʊʒ,ʊmɪʒ,ʊmʊʒ,ʊmɪʒ
ʊm,ʊmʊθ,ʊmɪθ,ʊmʊθ,ʊmɪθ
ʊm,ʊmʊð,ʊmɪð,ʊmʊð,ʊmɪð
ʊn,ʊnʊm,ʊnɪm,ʊnʊm,ʊnɪm
ʊn,ʊnʊn,ʊnɪn,ʊnʊn,ʊnɪn
ʊn,ʊnʊŋ,ʊnɪŋ,ʊnʊŋ,ʊnɪŋ
ʊn,ʊnʊp,ʊnɪp,ʊnʊp,ʊnɪp
ʊn,ʊnʊt,ʊnɪt,ʊnʊt,ʊnɪt
ʊn,ʊnʊk,ʊnɪk,ʊnʊk,ʊnɪk
ʊn,ʊnʊb,ʊnɪb,ʊnʊb,ʊnɪb
ʊn,ʊnʊd,ʊnɪd,ʊnʊd,ʊnɪd
ʊn,ʊnʊg,ʊnɪg,ʊnʊg,ʊnɪg
ʊn,ʊnʊf,ʊnɪf,ʊnʊf,ʊnɪf
ʊn,ʊnʊs,ʊnɪs,ʊnʊs,ʊnɪs
ʊn,ʊnʊv,ʊnɪv,ʊnʊv,ʊnɪv
ʊn,ʊnʊz,ʊnɪz,ʊnʊz,ʊnɪz
ʊn,ʊnʊʃ,ʊnɪʃ,ʊnʊʃ,ʊnɪʃ
ʊn,ʊnʊʒ,ʊnɪʒ,ʊnʊʒ,ʊnɪʒ
ʊn,ʊnʊθ,ʊnɪθ,ʊnʊθ,ʊnɪθ
ʊn,ʊnʊð,ʊnɪð,ʊnʊð,ʊnɪð
ʊŋ,ʊŋʊm,ʊŋɪm,ʊŋʊm,ʊŋɪm
ʊŋ,ʊŋʊn,ʊŋɪn,ʊŋʊn,ʊŋɪn
ʊŋ,ʊŋʊŋ,ʊŋɪŋ,ʊŋʊŋ,ʊŋɪŋ
ʊŋ,ʊŋʊp,ʊŋɪp,ʊŋʊp,ʊŋɪp
ʊŋ,ʊŋʊt,ʊŋɪt,ʊŋʊt,ʊŋɪt
ʊŋ,ʊŋʊk,ʊŋɪk,ʊŋʊk,ʊŋɪk
ʊŋ,ʊŋʊb,ʊŋɪb,ʊŋʊb,ʊŋɪb
ʊŋ,ʊŋʊd,ʊŋɪd,ʊŋʊd,ʊŋɪd
ʊŋ,ʊŋʊg,ʊŋɪg,ʊŋʊg,ʊŋɪg
ʊŋ,ʊŋʊf,ʊŋɪf,ʊŋʊf,ʊŋɪf
ʊŋ,ʊŋʊs,ʊŋɪs,ʊŋʊs,ʊŋɪs
ʊŋ,ʊŋʊv,ʊŋɪv,ʊŋʊv,ʊŋɪv
ʊŋ,ʊŋʊz,ʊŋɪz,ʊŋʊz,ʊŋɪz
ʊŋ,ʊŋʊʃ,ʊŋɪʃ,ʊŋʊʃ,ʊŋɪʃ
ʊŋ,ʊŋʊʒ,ʊŋɪʒ,ʊŋʊʒ,ʊŋɪʒ
ʊŋ,ʊŋʊθ,ʊŋɪθ,ʊŋʊθ,ʊŋɪθ
ʊŋ,ʊŋʊð,ʊŋɪð,ʊŋʊð,ʊŋɪð
ʊp,ʊpʊm,ʊpɪm,ʊpʊm,ʊpɪm
ʊp,ʊpʊn,ʊpɪn,ʊpʊn,ʊpɪn
ʊp,ʊpʊŋ,ʊpɪŋ,ʊpʊŋ,ʊpɪŋ
ʊp,ʊpʊp,ʊpɪp,ʊpʊp,ʊpɪp
ʊp,ʊpʊt,ʊpɪt,ʊpʊt,ʊpɪt
ʊp,ʊpʊk,ʊpɪk,ʊpʊk,ʊpɪk
ʊp,ʊpʊb,ʊpɪb,ʊpʊb,ʊpɪb
ʊp,ʊpʊd,ʊpɪd,ʊpʊd,ʊpɪd
ʊp,ʊpʊg,ʊpɪg,ʊpʊg,ʊpɪg
ʊp,ʊpʊf,ʊpɪf,ʊpʊf,ʊpɪf
ʊp,ʊpʊs,ʊpɪs,ʊpʊs,ʊpɪs
ʊp,ʊpʊv,ʊpɪv,ʊpʊv,ʊpɪv
ʊp,ʊpʊz,ʊpɪz,ʊpʊz,ʊpɪz
ʊp,ʊpʊʃ,ʊpɪʃ,ʊpʊʃ,ʊpɪʃ
ʊp,ʊpʊʒ,ʊpɪʒ,ʊpʊʒ,ʊpɪʒ
ʊp,ʊpʊθ,ʊpɪθ,ʊpʊθ,ʊpɪθ
ʊp,ʊpʊð,ʊpɪð,ʊpʊð,ʊpɪð
ʊt,ʊtʊm,ʊtɪm,ʊtʊm,ʊtɪm
ʊt,ʊtʊn,ʊtɪn,ʊtʊn,ʊtɪn
ʊt,ʊtʊŋ,ʊtɪŋ,ʊtʊŋ,ʊtɪŋ
ʊt,ʊtʊp,ʊtɪp,ʊtʊp,ʊtɪp
ʊt,ʊtʊt,ʊtɪt,ʊtʊt,ʊtɪt
ʊt,ʊtʊk,ʊtɪk,ʊtʊk,ʊtɪk
ʊt,ʊtʊb,ʊtɪb,ʊtʊb,ʊtɪb
ʊt,ʊtʊd,ʊtɪd,ʊtʊd,ʊtɪd
ʊt,ʊtʊg,ʊtɪg,ʊtʊg,ʊtɪg
ʊt,ʊtʊf,ʊtɪf,ʊtʊf,ʊtɪf
ʊt,ʊtʊs,ʊtɪs,ʊtʊs,ʊtɪs
ʊt,ʊtʊv,ʊtɪv,ʊtʊv,ʊtɪv
ʊt,ʊtʊz,ʊtɪz,ʊtʊz,ʊtɪz
ʊt,ʊtʊʃ,ʊtɪʃ,ʊtʊʃ,ʊtɪʃ
ʊt,ʊtʊʒ,ʊtɪʒ,ʊtʊʒ,ʊtɪʒ
ʊt,ʊtʊθ,ʊtɪθ,ʊtʊθ,ʊtɪθ
ʊt,ʊtʊð,ʊtɪð,ʊtʊð,ʊtɪð
ʊk,ʊkʊm,ʊkɪm,ʊkʊm,ʊkɪm
ʊk,ʊkʊn,ʊkɪn,ʊkʊn,ʊkɪn
ʊk,ʊkʊŋ,ʊkɪŋ,ʊkʊŋ,ʊkɪŋ
ʊk,ʊkʊp,ʊkɪp,ʊkʊp,ʊkɪp
ʊk,ʊkʊt,ʊkɪt,ʊkʊt,ʊkɪt
ʊk,ʊkʊk,ʊkɪk,ʊkʊk,ʊkɪk
ʊk,ʊkʊb,ʊkɪb,ʊkʊb,ʊkɪb
ʊk,ʊkʊd,ʊkɪd,ʊkʊd,ʊkɪd
ʊk,ʊkʊg,ʊkɪg,ʊkʊg,ʊkɪg
ʊk,ʊkʊf,ʊkɪf,ʊkʊf,ʊkɪf
ʊk,ʊkʊs,ʊkɪs,ʊkʊs,ʊkɪs
ʊk,ʊkʊv,ʊkɪv,ʊkʊv,ʊkɪv
ʊk,ʊkʊz,ʊkɪz,ʊkʊz,ʊkɪz
ʊk,ʊkʊʃ,ʊkɪʃ,ʊkʊʃ,ʊkɪʃ
ʊk,ʊkʊʒ,ʊkɪʒ,ʊkʊʒ,ʊkɪʒ
ʊk,ʊkʊθ,ʊkɪθ,ʊkʊθ,ʊkɪθ
ʊk,ʊkʊð,ʊkɪð,ʊkʊð,ʊkɪð
ʊb,ʊbʊm,ʊbɪm,ʊbʊm,ʊbɪm
ʊb,ʊbʊn,ʊbɪn,ʊbʊn,ʊbɪn
ʊb,ʊbʊŋ,ʊbɪŋ,ʊbʊŋ,ʊbɪŋ
ʊb,ʊbʊp,ʊbɪp,ʊbʊp,ʊbɪp
ʊb,ʊbʊt,ʊbɪt,ʊbʊt,ʊbɪt
ʊb,ʊbʊk,ʊbɪk,ʊbʊk,ʊbɪk
ʊb,ʊbʊb,ʊbɪb,ʊbʊb,ʊbɪb
ʊb,ʊbʊd,ʊbɪd,ʊbʊd,ʊbɪd
ʊb,ʊbʊg,ʊbɪg,ʊbʊg,ʊbɪg
ʊb,ʊbʊf,ʊbɪf,ʊbʊf,ʊbɪf
ʊb,ʊbʊs,ʊbɪs,ʊbʊs,ʊbɪs
ʊb,ʊbʊv,ʊbɪv,ʊbʊv,ʊbɪv
ʊb,ʊbʊz,ʊbɪz,ʊbʊz,ʊbɪz
ʊb,ʊbʊʃ,ʊbɪʃ,ʊbʊʃ,ʊbɪʃ
ʊb,ʊbʊʒ,ʊbɪʒ,ʊbʊʒ,ʊbɪʒ
ʊb,ʊbʊθ,ʊbɪθ,ʊbʊθ,ʊbɪθ
ʊb,ʊbʊð,ʊbɪð,ʊbʊð,ʊbɪð
ʊd,ʊdʊm,ʊdɪm,ʊdʊm,ʊdɪm
ʊd,ʊdʊn,ʊdɪn,ʊdʊn,ʊdɪn
ʊd,ʊdʊŋ,ʊdɪŋ,ʊdʊŋ,ʊdɪŋ
ʊd,ʊdʊp,ʊdɪp,ʊdʊp,ʊdɪp
ʊd,ʊdʊt,ʊdɪt,ʊdʊt,ʊdɪt
ʊd,ʊdʊk,ʊdɪk,ʊdʊk,ʊdɪk
ʊd,ʊdʊb,ʊdɪb,ʊdʊb,ʊdɪb
ʊd,ʊdʊd,ʊdɪd,ʊdʊd,ʊdɪd
ʊd,ʊdʊg,ʊdɪg,ʊdʊg,ʊdɪg
ʊd,ʊdʊf,ʊdɪf,ʊdʊf,ʊdɪf
ʊd,ʊdʊs,ʊdɪs,ʊdʊs,ʊdɪs
ʊd,ʊdʊv,ʊdɪv,ʊdʊv,ʊdɪv
ʊd,ʊdʊz,ʊdɪz,ʊdʊz,ʊdɪz
ʊd,ʊdʊʃ,ʊdɪʃ,ʊdʊʃ,ʊdɪʃ
ʊd,ʊdʊʒ,ʊdɪʒ,ʊdʊʒ,ʊdɪʒ
ʊd,ʊdʊθ,ʊdɪθ,ʊdʊθ,ʊdɪθ
ʊd,ʊdʊð,ʊdɪð,ʊdʊð,ʊdɪð
ʊg,ʊgʊm,ʊgɪm,ʊgʊm,ʊgɪm
ʊg,ʊgʊn,ʊgɪn,ʊgʊn,ʊgɪn
ʊg,ʊgʊŋ,ʊgɪŋ,ʊgʊŋ,ʊgɪŋ
ʊg,ʊgʊp,ʊgɪp,ʊgʊp,ʊgɪp
ʊg,ʊgʊt,ʊgɪt,ʊgʊt,ʊgɪt
ʊg,ʊgʊk,ʊgɪk,ʊgʊk,ʊgɪk
ʊg,ʊgʊb,ʊgɪb,ʊgʊb,ʊgɪb
ʊg,ʊgʊd,ʊgɪd,ʊgʊd,ʊgɪd
ʊg,ʊgʊg,ʊgɪg,ʊgʊg,ʊgɪg
ʊg,ʊgʊf,ʊgɪf,ʊgʊf,ʊgɪf
ʊg,ʊgʊs,ʊgɪs,ʊgʊs,ʊgɪs
ʊg,ʊgʊv,ʊgɪv,ʊgʊv,ʊgɪv
ʊg,ʊgʊz,ʊgɪz,ʊgʊz,ʊgɪz
ʊg,ʊgʊʃ,ʊgɪʃ,ʊgʊʃ,ʊgɪʃ
ʊg,ʊgʊʒ,ʊgɪʒ,ʊgʊʒ,ʊgɪʒ
ʊg,ʊgʊθ,ʊgɪθ,ʊgʊθ,ʊgɪθ
ʊg,ʊgʊð,ʊgɪð,ʊgʊð,ʊgɪð
ʊf,ʊfʊm,ʊfɪm,ʊfʊm,ʊfɪm
ʊf,ʊfʊn,ʊfɪn,ʊfʊn,ʊfɪn
ʊf,ʊfʊŋ,ʊfɪŋ,ʊfʊŋ,ʊfɪŋ
ʊf,ʊfʊp,ʊfɪp,ʊfʊp,ʊfɪp
ʊf,ʊfʊt,ʊfɪt,ʊfʊt,ʊfɪt
ʊf,ʊfʊk,ʊfɪk,ʊfʊk,ʊfɪk
ʊf,ʊfʊb,ʊfɪb,ʊfʊb,ʊfɪb
ʊf,ʊfʊd,ʊfɪd,ʊfʊd,ʊfɪd
ʊf,ʊfʊg,ʊfɪg,ʊfʊg,ʊfɪg
ʊf,ʊfʊf,ʊfɪf,ʊfʊf,ʊfɪf
ʊf,ʊfʊs,ʊfɪs,ʊfʊs,ʊfɪs
ʊf,ʊfʊv,ʊfɪv,ʊfʊv,ʊfɪv
ʊf,ʊfʊz,ʊfɪz,ʊfʊz,ʊfɪz
ʊf,ʊfʊʃ,ʊfɪʃ,ʊfʊʃ,ʊfɪʃ
ʊf,ʊfʊʒ,ʊfɪʒ,ʊfʊʒ,ʊfɪʒ
ʊf,ʊfʊθ,ʊfɪθ,ʊfʊθ,ʊfɪθ
ʊf,ʊfʊð,ʊfɪð,ʊfʊð,ʊfɪð
ʊs,ʊsʊm,ʊsɪm,ʊsʊm,ʊsɪm
ʊs,ʊsʊn,ʊsɪn,ʊsʊn,ʊsɪn
ʊs,ʊsʊŋ,ʊsɪŋ,ʊsʊŋ,ʊsɪŋ
ʊs,ʊsʊp,ʊsɪp,ʊsʊp,ʊsɪp
ʊs,ʊsʊt,ʊsɪt,ʊsʊt,ʊsɪt
ʊs,ʊsʊk,ʊsɪk,ʊsʊk,ʊsɪk
ʊs,ʊsʊb,ʊsɪb,ʊsʊb,ʊsɪb
ʊs,ʊsʊd,ʊsɪd,ʊsʊd,ʊsɪd
ʊs,ʊsʊg,ʊsɪg,ʊsʊg,ʊsɪg
ʊs,ʊsʊf,ʊsɪf,ʊsʊf,ʊsɪf
ʊs,ʊsʊs,ʊsɪs,ʊsʊs,ʊsɪs
ʊs,ʊsʊv,ʊsɪv,ʊsʊv,ʊsɪv
ʊs,ʊsʊz,ʊsɪz,ʊsʊz,ʊsɪz
ʊs,ʊsʊʃ,ʊsɪʃ,ʊsʊʃ,ʊsɪʃ
ʊs,ʊsʊʒ,ʊsɪʒ,ʊsʊʒ,ʊsɪʒ
ʊs,ʊsʊθ,ʊsɪθ,ʊsʊθ,ʊsɪθ
ʊs,ʊsʊð,ʊsɪð,ʊsʊð,ʊsɪð
ʊv,ʊvʊm,ʊvɪm,ʊvʊm,ʊvɪm
ʊv,ʊvʊn,ʊvɪn,ʊvʊn,ʊvɪn
ʊv,ʊvʊŋ,ʊvɪŋ,ʊvʊŋ,ʊvɪŋ
ʊv,ʊvʊp,ʊvɪp,ʊvʊp,ʊvɪp
ʊv,ʊvʊt,ʊvɪt,ʊvʊt,ʊvɪt
ʊv,ʊvʊk,ʊvɪk,ʊvʊk,ʊvɪk
ʊv,ʊvʊb,ʊvɪb,ʊvʊb,ʊvɪb
ʊv,ʊvʊd,ʊvɪd,ʊvʊd,ʊvɪd
ʊv,ʊvʊg,ʊvɪg,ʊvʊg,ʊvɪg
ʊv,ʊvʊf,ʊvɪf,ʊvʊf,ʊvɪf
ʊv,ʊvʊs,ʊvɪs,ʊvʊs,ʊvɪs
ʊv,ʊvʊv,ʊvɪv,ʊvʊv,ʊvɪv
ʊv,ʊvʊz,ʊvɪz,ʊvʊz,ʊvɪz
ʊv,ʊvʊʃ,ʊvɪʃ,ʊvʊʃ,ʊvɪʃ
ʊv,ʊvʊʒ,ʊvɪʒ,ʊvʊʒ,ʊvɪʒ
ʊv,ʊvʊθ,ʊvɪθ,ʊvʊθ,ʊvɪθ
ʊv,ʊvʊð,ʊvɪð,ʊvʊð,ʊvɪð
ʊz,ʊzʊm,ʊzɪm,ʊzʊm,ʊzɪm
ʊz,ʊzʊn,ʊzɪn,ʊzʊn,ʊzɪn
ʊz,ʊzʊŋ,ʊzɪŋ,ʊzʊŋ,ʊzɪŋ
ʊz,ʊzʊp,ʊzɪp,ʊzʊp,ʊzɪp
ʊz,ʊzʊt,ʊzɪt,ʊzʊt,ʊzɪt
ʊz,ʊzʊk,ʊzɪk,ʊzʊk,ʊzɪk
ʊz,ʊzʊb,ʊzɪb,ʊzʊb,ʊzɪb
ʊz,ʊzʊd,ʊzɪd,ʊzʊd,ʊzɪd
ʊz,ʊzʊg,ʊzɪg,ʊzʊg,ʊzɪg
ʊz,ʊzʊf,ʊzɪf,ʊzʊf,ʊzɪf
ʊz,ʊzʊs,ʊzɪs,ʊzʊs,ʊzɪs
ʊz,ʊzʊv,ʊzɪv,ʊzʊv,ʊzɪv
ʊz,ʊzʊz,ʊzɪz,ʊzʊz,ʊzɪz
ʊz,ʊzʊʃ,ʊzɪʃ,ʊzʊʃ,ʊzɪʃ
ʊz,ʊzʊʒ,ʊzɪʒ,ʊzʊʒ,ʊzɪʒ
ʊz,ʊzʊθ,ʊzɪθ,ʊzʊθ,ʊzɪθ
ʊz,ʊzʊð,ʊzɪð,ʊzʊð,ʊzɪð
ʊʃ,ʊʃʊm,ʊʃɪm,ʊʃʊm,ʊʃɪm
ʊʃ,ʊʃʊn,ʊʃɪn,ʊʃʊn,ʊʃɪn
ʊʃ,ʊʃʊŋ,ʊʃɪŋ,ʊʃʊŋ,ʊʃɪŋ
ʊʃ,ʊʃʊp,ʊʃɪp,ʊʃʊp,ʊʃɪp
ʊʃ,ʊʃʊt,ʊʃɪt,ʊʃʊt,ʊʃɪt
ʊʃ,ʊʃʊk,ʊʃɪk,ʊʃʊk,ʊʃɪk
ʊʃ,ʊʃʊb,ʊʃɪb,ʊʃʊb,ʊʃɪb
ʊʃ,ʊʃʊd,ʊʃɪd,ʊʃʊd,ʊʃɪd
ʊʃ,ʊʃʊg,ʊʃɪg,ʊʃʊg,ʊʃɪg
ʊʃ,ʊʃʊf,ʊʃɪf,ʊʃʊf,ʊʃɪf
ʊʃ,ʊʃʊs,ʊʃɪs,ʊʃʊs,ʊʃɪs
ʊʃ,ʊʃʊv,ʊʃɪv,ʊʃʊv,ʊʃɪv
ʊʃ,ʊʃʊz,ʊʃɪz,ʊʃʊz,ʊʃɪz
ʊʃ,ʊʃʊʃ,ʊʃɪʃ,ʊʃʊʃ,ʊʃɪʃ
ʊʃ,ʊʃʊʒ,ʊʃɪʒ,ʊʃʊʒ,ʊʃɪʒ
ʊʃ,ʊʃʊθ,ʊʃɪθ,ʊʃʊθ,ʊʃɪθ
ʊʃ,ʊʃʊð,ʊʃɪð,ʊʃʊð,ʊʃɪð
ʊʒ,ʊʒʊm,ʊʒɪm,ʊʒʊm,ʊʒɪm
ʊʒ,ʊʒʊn,ʊʒɪn,ʊʒʊn,ʊʒɪn
ʊʒ,ʊʒʊŋ,ʊʒɪŋ,ʊʒʊŋ,ʊʒɪŋ
ʊʒ,ʊʒʊp,ʊʒɪp,ʊʒʊp,ʊʒɪp
ʊʒ,ʊʒʊt,ʊʒɪt,ʊʒʊt,ʊʒɪt
ʊʒ,ʊʒʊk,ʊʒɪk,ʊʒʊk,ʊʒɪk
ʊʒ,ʊʒʊb,ʊʒɪb,ʊʒʊb,ʊʒɪb
ʊʒ,ʊʒʊd,ʊʒɪd,ʊʒʊd,ʊʒɪd
ʊʒ,ʊʒʊg,ʊʒɪg,ʊʒʊg,ʊʒɪg
ʊʒ,ʊʒʊf,ʊʒɪf,ʊʒʊf,ʊʒɪf
ʊʒ,ʊʒʊs,ʊʒɪs,ʊʒʊs,ʊʒɪs
ʊʒ,ʊʒʊv,ʊʒɪv,ʊʒʊv,ʊʒɪv
ʊʒ,ʊʒʊz,ʊʒɪz,ʊʒʊz,ʊʒɪz
ʊʒ,ʊʒʊʃ,ʊʒɪʃ,ʊʒʊʃ,ʊʒɪʃ
ʊʒ,ʊʒʊʒ,ʊʒɪʒ,ʊʒʊʒ,ʊʒɪʒ
ʊʒ,ʊʒʊθ,ʊʒɪθ,ʊʒʊθ,ʊʒɪθ
ʊʒ,ʊʒʊð,ʊʒɪð,ʊʒʊð,ʊʒɪð
ʊθ,ʊθʊm,ʊθɪm,ʊθʊm,ʊθɪm
ʊθ,ʊθʊn,ʊθɪn,ʊθʊn,ʊθɪn
ʊθ,ʊθʊŋ,ʊθɪŋ,ʊθʊŋ,ʊθɪŋ
ʊθ,ʊθʊp,ʊθɪp,ʊθʊp,ʊθɪp
ʊθ,ʊθʊt,ʊθɪt,ʊθʊt,ʊθɪt
ʊθ,ʊθʊk,ʊθɪk,ʊθʊk,ʊθɪk
ʊθ,ʊθʊb,ʊθɪb,ʊθʊb,ʊθɪb
ʊθ,ʊθʊd,ʊθɪd,ʊθʊd,ʊθɪd
ʊθ,ʊθʊg,ʊθɪg,ʊθʊg,ʊθɪg
ʊθ,ʊθʊf,ʊθɪf,ʊθʊf,ʊθɪf
ʊθ,ʊθʊs,ʊθɪs,ʊθʊs,ʊθɪs
ʊθ,ʊθʊv,ʊθɪv,ʊθʊv,ʊθɪv
ʊθ,ʊθʊz,ʊθɪz,ʊθʊz,ʊθɪz
ʊθ,ʊθʊʃ,ʊθɪʃ,ʊθʊʃ,ʊθɪʃ
ʊθ,ʊθʊʒ,ʊθɪʒ,ʊθʊʒ,ʊθɪʒ
ʊθ,ʊθʊθ,ʊθɪθ,ʊθʊθ,ʊθɪθ
ʊθ,ʊθʊð,ʊθɪð,ʊθʊð,ʊθɪð
ʊð,ʊðʊm,ʊðɪm,ʊðʊm,ʊðɪm
ʊð,ʊðʊn,ʊðɪn,ʊðʊn,ʊðɪn
ʊð,ʊðʊŋ,ʊðɪŋ,ʊðʊŋ,ʊðɪŋ
ʊð,ʊðʊp,ʊðɪp,ʊðʊp,ʊðɪp
ʊð,ʊðʊt,ʊðɪt,ʊðʊt,ʊðɪt
ʊð,ʊðʊk,ʊðɪk,ʊðʊk,ʊðɪk
ʊð,ʊðʊb,ʊðɪb,ʊðʊb,ʊðɪb
ʊð,ʊðʊd,ʊðɪd,ʊðʊd,ʊðɪd
ʊð,ʊðʊg,ʊðɪg,ʊðʊg,ʊðɪg
ʊð,ʊðʊf,ʊðɪf,ʊðʊf,ʊðɪf
ʊð,ʊðʊs,ʊðɪs,ʊðʊs,ʊðɪs
ʊð,ʊðʊv,ʊðɪv,ʊðʊv,ʊðɪv
ʊð,ʊðʊz,ʊðɪz,ʊðʊz,ʊðɪz
ʊð,ʊðʊʃ,ʊðɪʃ,ʊðʊʃ,ʊðɪʃ
ʊð,ʊðʊʒ,ʊðɪʒ,ʊðʊʒ,ʊðɪʒ
ʊð,ʊðʊθ,ʊðɪθ,ʊðʊθ,ʊðɪθ
ʊð,ʊðʊð,ʊðɪð,ʊðʊð,ʊðɪð
ʊm,ʊmɔm,ʊmɛm,ʊmɔm,ʊmɛm
ʊm,ʊmɔn,ʊmɛn,ʊmɔn,ʊmɛn
ʊm,ʊmɔŋ,ʊmɛŋ,ʊmɔŋ,ʊmɛŋ
ʊm,ʊmɔp,ʊmɛp,ʊmɔp,ʊmɛp
ʊm,ʊmɔt,ʊmɛt,ʊmɔt,ʊmɛt
ʊm,ʊmɔk,ʊmɛk,ʊmɔk,ʊmɛk
ʊm,ʊmɔb,ʊmɛb,ʊmɔb,ʊmɛb
ʊm,ʊmɔd,ʊmɛd,ʊmɔd,ʊmɛd
ʊm,ʊmɔg,ʊmɛg,ʊmɔg,ʊmɛg
ʊm,ʊmɔf,ʊmɛf,ʊmɔf,ʊmɛf
ʊm,ʊmɔs,ʊmɛs,ʊmɔs,ʊmɛs
ʊm,ʊmɔv,ʊmɛv,ʊmɔv,ʊmɛv
ʊm,ʊmɔz,ʊmɛz,ʊmɔz,ʊmɛz
ʊm,ʊmɔʃ,ʊmɛʃ,ʊmɔʃ,ʊmɛʃ
ʊm,ʊmɔʒ,ʊmɛʒ,ʊmɔʒ,ʊmɛʒ
ʊm,ʊmɔθ,ʊmɛθ,ʊmɔθ,ʊmɛθ
ʊm,ʊmɔð,ʊmɛð,ʊmɔð,ʊmɛð
ʊn,ʊnɔm,ʊnɛm,ʊnɔm,ʊnɛm
ʊn,ʊnɔn,ʊnɛn,ʊnɔn,ʊnɛn
ʊn,ʊnɔŋ,ʊnɛŋ,ʊnɔŋ,ʊnɛŋ
ʊn,ʊnɔp,ʊnɛp,ʊnɔp,ʊnɛp
ʊn,ʊnɔt,ʊnɛt,ʊnɔt,ʊnɛt
ʊn,ʊnɔk,ʊnɛk,ʊnɔk,ʊnɛk
ʊn,ʊnɔb,ʊnɛb,ʊnɔb,ʊnɛb
ʊn,ʊnɔd,ʊnɛd,ʊnɔd,ʊnɛd
ʊn,ʊnɔg,ʊnɛg,ʊnɔg,ʊnɛg
ʊn,ʊnɔf,ʊnɛf,ʊnɔf,ʊnɛf
ʊn,ʊnɔs,ʊnɛs,ʊnɔs,ʊnɛs
ʊn,ʊnɔv,ʊnɛv,ʊnɔv,ʊnɛv
ʊn,ʊnɔz,ʊnɛz,ʊnɔz,ʊnɛz
ʊn,ʊnɔʃ,ʊnɛʃ,ʊnɔʃ,ʊnɛʃ
ʊn,ʊnɔʒ,ʊnɛʒ,ʊnɔʒ,ʊnɛʒ
ʊn,ʊnɔθ,ʊnɛθ,ʊnɔθ,ʊnɛθ
ʊn,ʊnɔð,ʊnɛð,ʊnɔð,ʊnɛð
ʊŋ,ʊŋɔm,ʊŋɛm,ʊŋɔm,ʊŋɛm
ʊŋ,ʊŋɔn,ʊŋɛn,ʊŋɔn,ʊŋɛn
ʊŋ,ʊŋɔŋ,ʊŋɛŋ,ʊŋɔŋ,ʊŋɛŋ
ʊŋ,ʊŋɔp,ʊŋɛp,ʊŋɔp,ʊŋɛp
ʊŋ,ʊŋɔt,ʊŋɛt,ʊŋɔt,ʊŋɛt
ʊŋ,ʊŋɔk,ʊŋɛk,ʊŋɔk,ʊŋɛk
ʊŋ,ʊŋɔb,ʊŋɛb,ʊŋɔb,ʊŋɛb
ʊŋ,ʊŋɔd,ʊŋɛd,ʊŋɔd,ʊŋɛd
ʊŋ,ʊŋɔg,ʊŋɛg,ʊŋɔg,ʊŋɛg
ʊŋ,ʊŋɔf,ʊŋɛf,ʊŋɔf,ʊŋɛf
ʊŋ,ʊŋɔs,ʊŋɛs,ʊŋɔs,ʊŋɛs
ʊŋ,ʊŋɔv,ʊŋɛv,ʊŋɔv,ʊŋɛv
ʊŋ,ʊŋɔz,ʊŋɛz,ʊŋɔz,ʊŋɛz
ʊŋ,ʊŋɔʃ,ʊŋɛʃ,ʊŋɔʃ,ʊŋɛʃ
ʊŋ,ʊŋɔʒ,ʊŋɛʒ,ʊŋɔʒ,ʊŋɛʒ
ʊŋ,ʊŋɔθ,ʊŋɛθ,ʊŋɔθ,ʊŋɛθ
ʊŋ,ʊŋɔð,ʊŋɛð,ʊŋɔð,ʊŋɛð
ʊp,ʊpɔm,ʊpɛm,ʊpɔm,ʊpɛm
ʊp,ʊpɔn,ʊpɛn,ʊpɔn,ʊpɛn
ʊp,ʊpɔŋ,ʊpɛŋ,ʊpɔŋ,ʊpɛŋ
ʊp,ʊpɔp,ʊpɛp,ʊpɔp,ʊpɛp
ʊp,ʊpɔt,ʊpɛt,ʊpɔt,ʊpɛt
ʊp,ʊpɔk,ʊpɛk,ʊpɔk,ʊpɛk
ʊp,ʊpɔb,ʊpɛb,ʊpɔb,ʊpɛb
ʊp,ʊpɔd,ʊpɛd,ʊpɔd,ʊpɛd
ʊp,ʊpɔg,ʊpɛg,ʊpɔg,ʊpɛg
ʊp,ʊpɔf,ʊpɛf,ʊpɔf,ʊpɛf
ʊp,ʊpɔs,ʊpɛs,ʊpɔs,ʊpɛs
ʊp,ʊpɔv,ʊpɛv,ʊpɔv,ʊpɛv
ʊp,ʊpɔz,ʊpɛz,ʊpɔz,ʊpɛz
ʊp,ʊpɔʃ,ʊpɛʃ,ʊpɔʃ,ʊpɛʃ
ʊp,ʊpɔʒ,ʊpɛʒ,ʊpɔʒ,ʊpɛʒ
ʊp,ʊpɔθ,ʊpɛθ,ʊpɔθ,ʊpɛθ
ʊp,ʊpɔð,ʊpɛð,ʊpɔð,ʊpɛð
ʊt,ʊtɔm,ʊtɛm,ʊtɔm,ʊtɛm
ʊt,ʊtɔn,ʊtɛn,ʊtɔn,ʊtɛn
ʊt,ʊtɔŋ,ʊtɛŋ,ʊtɔŋ,ʊtɛŋ
ʊt,ʊtɔp,ʊtɛp,ʊtɔp,ʊtɛp
ʊt,ʊtɔt,ʊtɛt,ʊtɔt,ʊtɛt
ʊt,ʊtɔk,ʊtɛk,ʊtɔk,ʊtɛk
ʊt,ʊtɔb,ʊtɛb,ʊtɔb,ʊtɛb
ʊt,ʊtɔd,ʊtɛd,ʊtɔd,ʊtɛd
ʊt,ʊtɔg,ʊtɛg,ʊtɔg,ʊtɛg
ʊt,ʊtɔf,ʊtɛf,ʊtɔf,ʊtɛf
ʊt,ʊtɔs,ʊtɛs,ʊtɔs,ʊtɛs
ʊt,ʊtɔv,ʊtɛv,ʊtɔv,ʊtɛv
ʊt,ʊtɔz,ʊtɛz,ʊtɔz,ʊtɛz
ʊt,ʊtɔʃ,ʊtɛʃ,ʊtɔʃ,ʊtɛʃ
ʊt,ʊtɔʒ,ʊtɛʒ,ʊtɔʒ,ʊtɛʒ
ʊt,ʊtɔθ,ʊtɛθ,ʊtɔθ,ʊtɛθ
ʊt,ʊtɔð,ʊtɛð,ʊtɔð,ʊtɛð
ʊk,ʊkɔm,ʊkɛm,ʊkɔm,ʊkɛm
ʊk,ʊkɔn,ʊkɛn,ʊkɔn,ʊkɛn
ʊk,ʊkɔŋ,ʊkɛŋ,ʊkɔŋ,ʊkɛŋ
ʊk,ʊkɔp,ʊkɛp,ʊkɔp,ʊkɛp
ʊk,ʊkɔt,ʊkɛt,ʊkɔt,ʊkɛt
ʊk,ʊkɔk,ʊkɛk,ʊkɔk,ʊkɛk
ʊk,ʊkɔb,ʊkɛb,ʊkɔb,ʊkɛb
ʊk,ʊkɔd,ʊkɛd,ʊkɔd,ʊkɛd
ʊk,ʊkɔg,ʊkɛg,ʊkɔg,ʊkɛg
ʊk,ʊkɔf,ʊkɛf,ʊkɔf,ʊkɛf
ʊk,ʊkɔs,ʊkɛs,ʊkɔs,ʊkɛs
ʊk,ʊkɔv,ʊkɛv,ʊkɔv,ʊkɛv
ʊk,ʊkɔz,ʊkɛz,ʊkɔz,ʊkɛz
ʊk,ʊkɔʃ,ʊkɛʃ,ʊkɔʃ,ʊkɛʃ
ʊk,ʊkɔʒ,ʊkɛʒ,ʊkɔʒ,ʊkɛʒ
ʊk,ʊkɔθ,ʊkɛθ,ʊkɔθ,ʊkɛθ
ʊk,ʊkɔð,ʊkɛð,ʊkɔð,ʊkɛð
ʊb,ʊbɔm,ʊbɛm,ʊbɔm,ʊbɛm
ʊb,ʊbɔn,ʊbɛn,ʊbɔn,ʊbɛn
ʊb,ʊbɔŋ,ʊbɛŋ,ʊbɔŋ,ʊbɛŋ
ʊb,ʊbɔp,ʊbɛp,ʊbɔp,ʊbɛp
ʊb,ʊbɔt,ʊbɛt,ʊbɔt,ʊbɛt
ʊb,ʊbɔk,ʊbɛk,ʊbɔk,ʊbɛk
ʊb,ʊbɔb,ʊbɛb,ʊbɔb,ʊbɛb
ʊb,ʊbɔd,ʊbɛd,ʊbɔd,ʊbɛd
ʊb,ʊbɔg,ʊbɛg,ʊbɔg,ʊbɛg
ʊb,ʊbɔf,ʊbɛf,ʊbɔf,ʊbɛf
ʊb,ʊbɔs,ʊbɛs,ʊbɔs,ʊbɛs
ʊb,ʊbɔv,ʊbɛv,ʊbɔv,ʊbɛv
ʊb,ʊbɔz,ʊbɛz,ʊbɔz,ʊbɛz
ʊb,ʊbɔʃ,ʊbɛʃ,ʊbɔʃ,ʊbɛʃ
ʊb,ʊbɔʒ,ʊbɛʒ,ʊbɔʒ,ʊbɛʒ
ʊb,ʊbɔθ,ʊbɛθ,ʊbɔθ,ʊbɛθ
ʊb,ʊbɔð,ʊbɛð,ʊbɔð,ʊbɛð
ʊd,ʊdɔm,ʊdɛm,ʊdɔm,ʊdɛm
ʊd,ʊdɔn,ʊdɛn,ʊdɔn,ʊdɛn
ʊd,ʊdɔŋ,ʊdɛŋ,ʊdɔŋ,ʊdɛŋ
ʊd,ʊdɔp,ʊdɛp,ʊdɔp,ʊdɛp
ʊd,ʊdɔt,ʊdɛt,ʊdɔt,ʊdɛt
ʊd,ʊdɔk,ʊdɛk,ʊdɔk,ʊdɛk
ʊd,ʊdɔb,ʊdɛb,ʊdɔb,ʊdɛb
ʊd,ʊdɔd,ʊdɛd,ʊdɔd,ʊdɛd
ʊd,ʊdɔg,ʊdɛg,ʊdɔg,ʊdɛg
ʊd,ʊdɔf,ʊdɛf,ʊdɔf,ʊdɛf
ʊd,ʊdɔs,ʊdɛs,ʊdɔs,ʊdɛs
ʊd,ʊdɔv,ʊdɛv,ʊdɔv,ʊdɛv
ʊd,ʊdɔz,ʊdɛz,ʊdɔz,ʊdɛz
ʊd,ʊdɔʃ,ʊdɛʃ,ʊdɔʃ,ʊdɛʃ
ʊd,ʊdɔʒ,ʊdɛʒ,ʊdɔʒ,ʊdɛʒ
ʊd,ʊdɔθ,ʊdɛθ,ʊdɔθ,ʊdɛθ
ʊd,ʊdɔð,ʊdɛð,ʊdɔð,ʊdɛð
ʊg,ʊgɔm,ʊgɛm,ʊgɔm,ʊgɛm
ʊg,ʊgɔn,ʊgɛn,ʊgɔn,ʊgɛn
ʊg,ʊgɔŋ,ʊgɛŋ,ʊgɔŋ,ʊgɛŋ
ʊg,ʊgɔp,ʊgɛp,ʊgɔp,ʊgɛp
ʊg,ʊgɔt,ʊgɛt,ʊgɔt,ʊgɛt
ʊg,ʊgɔk,ʊgɛk,ʊgɔk,ʊgɛk
ʊg,ʊgɔb,ʊgɛb,ʊgɔb,ʊgɛb
ʊg,ʊgɔd,ʊgɛd,ʊgɔd,ʊgɛd
ʊg,ʊgɔg,ʊgɛg,ʊgɔg,ʊgɛg
ʊg,ʊgɔf,ʊgɛf,ʊgɔf,ʊgɛf
ʊg,ʊgɔs,ʊgɛs,ʊgɔs,ʊgɛs
ʊg,ʊgɔv,ʊgɛv,ʊgɔv,ʊgɛv
ʊg,ʊgɔz,ʊgɛz,ʊgɔz,ʊgɛz
ʊg,ʊgɔʃ,ʊgɛʃ,ʊgɔʃ,ʊgɛʃ
ʊg,ʊgɔʒ,ʊgɛʒ,ʊgɔʒ,ʊgɛʒ
ʊg,ʊgɔθ,ʊgɛθ,ʊgɔθ,ʊgɛθ
ʊg,ʊgɔð,ʊgɛð,ʊgɔð,ʊgɛð
ʊf,ʊfɔm,ʊfɛm,ʊfɔm,ʊfɛm
ʊf,ʊfɔn,ʊfɛn,ʊfɔn,ʊfɛn
ʊf,ʊfɔŋ,ʊfɛŋ,ʊfɔŋ,ʊfɛŋ
ʊf,ʊfɔp,ʊfɛp,ʊfɔp,ʊfɛp
ʊf,ʊfɔt,ʊfɛt,ʊfɔt,ʊfɛt
ʊf,ʊfɔk,ʊfɛk,ʊfɔk,ʊfɛk
ʊf,ʊfɔb,ʊfɛb,ʊfɔb,ʊfɛb
ʊf,ʊfɔd,ʊfɛd,ʊfɔd,ʊfɛd
ʊf,ʊfɔg,ʊfɛg,ʊfɔg,ʊfɛg
ʊf,ʊfɔf,ʊfɛf,ʊfɔf,ʊfɛf
ʊf,ʊfɔs,ʊfɛs,ʊfɔs,ʊfɛs
ʊf,ʊfɔv,ʊfɛv,ʊfɔv,ʊfɛv
ʊf,ʊfɔz,ʊfɛz,ʊfɔz,ʊfɛz
ʊf,ʊfɔʃ,ʊfɛʃ,ʊfɔʃ,ʊfɛʃ
ʊf,ʊfɔʒ,ʊfɛʒ,ʊfɔʒ,ʊfɛʒ
ʊf,ʊfɔθ,ʊfɛθ,ʊfɔθ,ʊfɛθ
ʊf,ʊfɔð,ʊfɛð,ʊfɔð,ʊfɛð
ʊs,ʊsɔm,ʊsɛm,ʊsɔm,ʊsɛm
ʊs,ʊsɔn,ʊsɛn,ʊsɔn,ʊsɛn
ʊs,ʊsɔŋ,ʊsɛŋ,ʊsɔŋ,ʊsɛŋ
ʊs,ʊsɔp,ʊsɛp,ʊsɔp,ʊsɛp
ʊs,ʊsɔt,ʊsɛt,ʊsɔt,ʊsɛt
ʊs,ʊsɔk,ʊsɛk,ʊsɔk,ʊsɛk
ʊs,ʊsɔb,ʊsɛb,ʊsɔb,ʊsɛb
ʊs,ʊsɔd,ʊsɛd,ʊsɔd,ʊsɛd
ʊs,ʊsɔg,ʊsɛg,ʊsɔg,ʊsɛg
ʊs,ʊsɔf,ʊsɛf,ʊsɔf,ʊsɛf
ʊs,ʊsɔs,ʊsɛs,ʊsɔs,ʊsɛs
ʊs,ʊsɔv,ʊsɛv,ʊsɔv,ʊsɛv
ʊs,ʊsɔz,ʊsɛz,ʊsɔz,ʊsɛz
ʊs,ʊsɔʃ,ʊsɛʃ,ʊsɔʃ,ʊsɛʃ
ʊs,ʊsɔʒ,ʊsɛʒ,ʊsɔʒ,ʊsɛʒ
ʊs,ʊsɔθ,ʊsɛθ,ʊsɔθ,ʊsɛθ
ʊs,ʊsɔð,ʊsɛð,ʊsɔð,ʊsɛð
ʊv,ʊvɔm,ʊvɛm,ʊvɔm,ʊvɛm
ʊv,ʊvɔn,ʊvɛn,ʊvɔn,ʊvɛn
ʊv,ʊvɔŋ,ʊvɛŋ,ʊvɔŋ,ʊvɛŋ
ʊv,ʊvɔp,ʊvɛp,ʊvɔp,ʊvɛp
ʊv,ʊvɔt,ʊvɛt,ʊvɔt,ʊvɛt
ʊv,ʊvɔk,ʊvɛk,ʊvɔk,ʊvɛk
ʊv,ʊvɔb,ʊvɛb,ʊvɔb,ʊvɛb
ʊv,ʊvɔd,ʊvɛd,ʊvɔd,ʊvɛd
ʊv,ʊvɔg,ʊvɛg,ʊvɔg,ʊvɛg
ʊv,ʊvɔf,ʊvɛf,ʊvɔf,ʊvɛf
ʊv,ʊvɔs,ʊvɛs,ʊvɔs,ʊvɛs
ʊv,ʊvɔv,ʊvɛv,ʊvɔv,ʊvɛv
ʊv,ʊvɔz,ʊvɛz,ʊvɔz,ʊvɛz
ʊv,ʊvɔʃ,ʊvɛʃ,ʊvɔʃ,ʊvɛʃ
ʊv,ʊvɔʒ,ʊvɛʒ,ʊvɔʒ,ʊvɛʒ
ʊv,ʊvɔθ,ʊvɛθ,ʊvɔθ,ʊvɛθ
ʊv,ʊvɔð,ʊvɛð,ʊvɔð,ʊvɛð
ʊz,ʊzɔm,ʊzɛm,ʊzɔm,ʊzɛm
ʊz,ʊzɔn,ʊzɛn,ʊzɔn,ʊzɛn
ʊz,ʊzɔŋ,ʊzɛŋ,ʊzɔŋ,ʊzɛŋ
ʊz,ʊzɔp,ʊzɛp,ʊzɔp,ʊzɛp
ʊz,ʊzɔt,ʊzɛt,ʊzɔt,ʊzɛt
ʊz,ʊzɔk,ʊzɛk,ʊzɔk,ʊzɛk
ʊz,ʊzɔb,ʊzɛb,ʊzɔb,ʊzɛb
ʊz,ʊzɔd,ʊzɛd,ʊzɔd,ʊzɛd
ʊz,ʊzɔg,ʊzɛg,ʊzɔg,ʊzɛg
ʊz,ʊzɔf,ʊzɛf,ʊzɔf,ʊzɛf
ʊz,ʊzɔs,ʊzɛs,ʊzɔs,ʊzɛs
ʊz,ʊzɔv,ʊzɛv,ʊzɔv,ʊzɛv
ʊz,ʊzɔz,ʊzɛz,ʊzɔz,ʊzɛz
ʊz,ʊzɔʃ,ʊzɛʃ,ʊzɔʃ,ʊzɛʃ
ʊz,ʊzɔʒ,ʊzɛʒ,ʊzɔʒ,ʊzɛʒ
ʊz,ʊzɔθ,ʊzɛθ,ʊzɔθ,ʊzɛθ
ʊz,ʊzɔð,ʊzɛð,ʊzɔð,ʊzɛð
ʊʃ,ʊʃɔm,ʊʃɛm,ʊʃɔm,ʊʃɛm
ʊʃ,ʊʃɔn,ʊʃɛn,ʊʃɔn,ʊʃɛn
ʊʃ,ʊʃɔŋ,ʊʃɛŋ,ʊʃɔŋ,ʊʃɛŋ
ʊʃ,ʊʃɔp,ʊʃɛp,ʊʃɔp,ʊʃɛp
ʊʃ,ʊʃɔt,ʊʃɛt,ʊʃɔt,ʊʃɛt
ʊʃ,ʊʃɔk,ʊʃɛk,ʊʃɔk,ʊʃɛk
ʊʃ,ʊʃɔb,ʊʃɛb,ʊʃɔb,ʊʃɛb
ʊʃ,ʊʃɔd,ʊʃɛd,ʊʃɔd,ʊʃɛd
ʊʃ,ʊʃɔg,ʊʃɛg,ʊʃɔg,ʊʃɛg
ʊʃ,ʊʃɔf,ʊʃɛf,ʊʃɔf,ʊʃɛf
ʊʃ,ʊʃɔs,ʊʃɛs,ʊʃɔs,ʊʃɛs
ʊʃ,ʊʃɔv,ʊʃɛv,ʊʃɔv,ʊʃɛv
ʊʃ,ʊʃɔz,ʊʃɛz,ʊʃɔz,ʊʃɛz
ʊʃ,ʊʃɔʃ,ʊʃɛʃ,ʊʃɔʃ,ʊʃɛʃ
ʊʃ,ʊʃɔʒ,ʊʃɛʒ,ʊʃɔʒ,ʊʃɛʒ
ʊʃ,ʊʃɔθ,ʊʃɛθ,ʊʃɔθ,ʊʃɛθ
ʊʃ,ʊʃɔð,ʊʃɛð,ʊʃɔð,ʊʃɛð
ʊʒ,ʊʒɔm,ʊʒɛm,ʊʒɔm,ʊʒɛm
ʊʒ,ʊʒɔn,ʊʒɛn,ʊʒɔn,ʊʒɛn
ʊʒ,ʊʒɔŋ,ʊʒɛŋ,ʊʒɔŋ,ʊʒɛŋ
ʊʒ,ʊʒɔp,ʊʒɛp,ʊʒɔp,ʊʒɛp
ʊʒ,ʊʒɔt,ʊʒɛt,ʊʒɔt,ʊʒɛt
ʊʒ,ʊʒɔk,ʊʒɛk,ʊʒɔk,ʊʒɛk
ʊʒ,ʊʒɔb,ʊʒɛb,ʊʒɔb,ʊʒɛb
ʊʒ,ʊʒɔd,ʊʒɛd,ʊʒɔd,ʊʒɛd
ʊʒ,ʊʒɔg,ʊʒɛg,ʊʒɔg,ʊʒɛg
ʊʒ,ʊʒɔf,ʊʒɛf,ʊʒɔf,ʊʒɛf
ʊʒ,ʊʒɔs,ʊʒɛs,ʊʒɔs,ʊʒɛs
ʊʒ,ʊʒɔv,ʊʒɛv,ʊʒɔv,ʊʒɛv
ʊʒ,ʊʒɔz,ʊʒɛz,ʊʒɔz,ʊʒɛz
ʊʒ,ʊʒɔʃ,ʊʒɛʃ,ʊʒɔʃ,ʊʒɛʃ
ʊʒ,ʊʒɔʒ,ʊʒɛʒ,ʊʒɔʒ,ʊʒɛʒ
ʊʒ,ʊʒɔθ,ʊʒɛθ,ʊʒɔθ,ʊʒɛθ
ʊʒ,ʊʒɔð,ʊʒɛð,ʊʒɔð,ʊʒɛð
ʊθ,ʊθɔm,ʊθɛm,ʊθɔm,ʊθɛm
ʊθ,ʊθɔn,ʊθɛn,ʊθɔn,ʊθɛn
ʊθ,ʊθɔŋ,ʊθɛŋ,ʊθɔŋ,ʊθɛŋ
ʊθ,ʊθɔp,ʊθɛp,ʊθɔp,ʊθɛp
ʊθ,ʊθɔt,ʊθɛt,ʊθɔt,ʊθɛt
ʊθ,ʊθɔk,ʊθɛk,ʊθɔk,ʊθɛk
ʊθ,ʊθɔb,ʊθɛb,ʊθɔb,ʊθɛb
ʊθ,ʊθɔd,ʊθɛd,ʊθɔd,ʊθɛd
ʊθ,ʊθɔg,ʊθɛg,ʊθɔg,ʊθɛg
ʊθ,ʊθɔf,ʊθɛf,ʊθɔf,ʊθɛf
ʊθ,ʊθɔs,ʊθɛs,ʊθɔs,ʊθɛs
ʊθ,ʊθɔv,ʊθɛv,ʊθɔv,ʊθɛv
ʊθ,ʊθɔz,ʊθɛz,ʊθɔz,ʊθɛz
ʊθ,ʊθɔʃ,ʊθɛʃ,ʊθɔʃ,ʊθɛʃ
ʊθ,ʊθɔʒ,ʊθɛʒ,ʊθɔʒ,ʊθɛʒ
ʊθ,ʊθɔθ,ʊθɛθ,ʊθɔθ,ʊθɛθ
ʊθ,ʊθɔð,ʊθɛð,ʊθɔð,ʊθɛð
ʊð,ʊðɔm,ʊðɛm,ʊðɔm,ʊðɛm
ʊð,ʊðɔn,ʊðɛn,ʊðɔn,ʊðɛn
ʊð,ʊðɔŋ,ʊðɛŋ,ʊðɔŋ,ʊðɛŋ
ʊð,ʊðɔp,ʊðɛp,ʊðɔp,ʊðɛp
ʊð,ʊðɔt,ʊðɛt,ʊðɔt,ʊðɛt
ʊð,ʊðɔk,ʊðɛk,ʊðɔk,ʊðɛk
ʊð,ʊðɔb,ʊðɛb,ʊðɔb,ʊðɛb
ʊð,ʊðɔd,ʊðɛd,ʊðɔd,ʊðɛd
ʊð,ʊðɔg,ʊðɛg,ʊðɔg,ʊðɛg
ʊð,ʊðɔf,ʊðɛf,ʊðɔf,ʊðɛf
ʊð,ʊðɔs,ʊðɛs,ʊðɔs,ʊðɛs
ʊð,ʊðɔv,ʊðɛv,ʊðɔv,ʊðɛv
ʊð,ʊðɔz,ʊðɛz,ʊðɔz,ʊðɛz
ʊð,ʊðɔʃ,ʊðɛʃ,ʊðɔʃ,ʊðɛʃ
ʊð,ʊðɔʒ,ʊðɛʒ,ʊðɔʒ,ʊðɛʒ
ʊð,ʊðɔθ,ʊðɛθ,ʊðɔθ,ʊðɛθ
ʊð,ʊðɔð,ʊðɛð,ʊðɔð,ʊðɛð
ɔm,ɔmɪm,ɔmɪm,ɔmɪm,ɔmɪm
ɔm,ɔmɪn,ɔmɪn,ɔmɪn,ɔmɪn
ɔm,ɔmɪŋ,ɔmɪŋ,ɔmɪŋ,ɔmɪŋ
ɔm,ɔmɪp,ɔmɪp,ɔmɪp,ɔmɪp
ɔm,ɔmɪt,ɔmɪt,ɔmɪt,ɔmɪt
ɔm,ɔmɪk,ɔmɪk,ɔmɪk,ɔmɪk
ɔm,ɔmɪb,ɔmɪb,ɔmɪb,ɔmɪb
ɔm,ɔmɪd,ɔmɪd,ɔmɪd,ɔmɪd
ɔm,ɔmɪg,ɔmɪg,ɔmɪg,ɔmɪg
ɔm,ɔmɪf,ɔmɪf,ɔmɪf,ɔmɪf
ɔm,ɔmɪs,ɔmɪs,ɔmɪs,ɔmɪs
ɔm,ɔmɪv,ɔmɪv,ɔmɪv,ɔmɪv
ɔm,ɔmɪz,ɔmɪz,ɔmɪz,ɔmɪz
ɔm,ɔmɪʃ,ɔmɪʃ,ɔmɪʃ,ɔmɪʃ
ɔm,ɔmɪʒ,ɔmɪʒ,ɔmɪʒ,ɔmɪʒ
ɔm,ɔmɪθ,ɔmɪθ,ɔmɪθ,ɔmɪθ
ɔm,ɔmɪð,ɔmɪð,ɔmɪð,ɔmɪð
ɔn,ɔnɪm,ɔnɪm,ɔnɪm,ɔnɪm
ɔn,ɔnɪn,ɔnɪn,ɔnɪn,ɔnɪn
ɔn,ɔnɪŋ,ɔnɪŋ,ɔnɪŋ,ɔnɪŋ
ɔn,ɔnɪp,ɔnɪp,ɔnɪp,ɔnɪp
ɔn,ɔnɪt,ɔnɪt,ɔnɪt,ɔnɪt
ɔn,ɔnɪk,ɔnɪk,ɔnɪk,ɔnɪk
ɔn,ɔnɪb,ɔnɪb,ɔnɪb,ɔnɪb
ɔn,ɔnɪd,ɔnɪd,ɔnɪd,ɔnɪd
ɔn,ɔnɪg,ɔnɪg,ɔnɪg,ɔnɪg
ɔn,ɔnɪf,ɔnɪf,ɔnɪf,ɔnɪf
ɔn,ɔnɪs,ɔnɪs,ɔnɪs,ɔnɪs
ɔn,ɔnɪv,ɔnɪv,ɔnɪv,ɔnɪv
ɔn,ɔnɪz,ɔnɪz,ɔnɪz,ɔnɪz
ɔn,ɔnɪʃ,ɔnɪʃ,ɔnɪʃ,ɔnɪʃ
ɔn,ɔnɪʒ,ɔnɪʒ,ɔnɪʒ,ɔnɪʒ
ɔn,ɔnɪθ,ɔnɪθ,ɔnɪθ,ɔnɪθ
ɔn,ɔnɪð,ɔnɪð,ɔnɪð,ɔnɪð
ɔŋ,ɔŋɪm,ɔŋɪm,ɔŋɪm,ɔŋɪm
ɔŋ,ɔŋɪn,ɔŋɪn,ɔŋɪn,ɔŋɪn
ɔŋ,ɔŋɪŋ,ɔŋɪŋ,ɔŋɪŋ,ɔŋɪŋ
ɔŋ,ɔŋɪp,ɔŋɪp,ɔŋɪp,ɔŋɪp
ɔŋ,ɔŋɪt,ɔŋɪt,ɔŋɪt,ɔŋɪt
ɔŋ,ɔŋɪk,ɔŋɪk,ɔŋɪk,ɔŋɪk
ɔŋ,ɔŋɪb,ɔŋɪb,ɔŋɪb,ɔŋɪb
ɔŋ,ɔŋɪd,ɔŋɪd,ɔŋɪd,ɔŋɪd
ɔŋ,ɔŋɪg,ɔŋɪg,ɔŋɪg,ɔŋɪg
ɔŋ,ɔŋɪf,ɔŋɪf,ɔŋɪf,ɔŋɪf
ɔŋ,ɔŋɪs,ɔŋɪs,ɔŋɪs,ɔŋɪs
ɔŋ,ɔŋɪv,ɔŋɪv,ɔŋɪv,ɔŋɪv
ɔŋ,ɔŋɪz,ɔŋɪz,ɔŋɪz,ɔŋɪz
ɔŋ,ɔŋɪʃ,ɔŋɪʃ,ɔŋɪʃ,ɔŋɪʃ
ɔŋ,ɔŋɪʒ,ɔŋɪʒ,ɔŋɪʒ,ɔŋɪʒ
ɔŋ,ɔŋɪθ,ɔŋɪθ,ɔŋɪθ,ɔŋɪθ
ɔŋ,ɔŋɪð,ɔŋɪð,ɔŋɪð,ɔŋɪð
ɔp,ɔpɪm,ɔpɪm,ɔpɪm,ɔpɪm
ɔp,ɔpɪn,ɔpɪn,ɔpɪn,ɔpɪn
ɔp,ɔpɪŋ,ɔpɪŋ,ɔpɪŋ,ɔpɪŋ
ɔp,ɔpɪp,ɔpɪp,ɔpɪp,ɔpɪp
ɔp,ɔpɪt,ɔpɪt,ɔpɪt,ɔpɪt
ɔp,ɔpɪk,ɔpɪk,ɔpɪk,ɔpɪk
ɔp,ɔpɪb,ɔpɪb,ɔpɪb,ɔpɪb
ɔp,ɔpɪd,ɔpɪd,ɔpɪd,ɔpɪd
ɔp,ɔpɪg,ɔpɪg,ɔpɪg,ɔpɪg
ɔp,ɔpɪf,ɔpɪf,ɔpɪf,ɔpɪf
ɔp,ɔpɪs,ɔpɪs,ɔpɪs,ɔpɪs
ɔp,ɔpɪv,ɔpɪv,ɔpɪv,ɔpɪv
ɔp,ɔpɪz,ɔpɪz,ɔpɪz,ɔpɪz
ɔp,ɔpɪʃ,ɔpɪʃ,ɔpɪʃ,ɔpɪʃ
ɔp,ɔpɪʒ,ɔpɪʒ,ɔpɪʒ,ɔpɪʒ
ɔp,ɔpɪθ,ɔpɪθ,ɔpɪθ,ɔpɪθ
ɔp,ɔpɪð,ɔpɪð,ɔpɪð,ɔpɪð
ɔt,ɔtɪm,ɔtɪm,ɔtɪm,ɔtɪm
ɔt,ɔtɪn,ɔtɪn,ɔtɪn,ɔtɪn
ɔt,ɔtɪŋ,ɔtɪŋ,ɔtɪŋ,ɔtɪŋ
ɔt,ɔtɪp,ɔtɪp,ɔtɪp,ɔtɪp
ɔt,ɔtɪt,ɔtɪt,ɔtɪt,ɔtɪt
ɔt,ɔtɪk,ɔtɪk,ɔtɪk,ɔtɪk
ɔt,ɔtɪb,ɔtɪb,ɔtɪb,ɔtɪb
ɔt,ɔtɪd,ɔtɪd,ɔtɪd,ɔtɪd
ɔt,ɔtɪg,ɔtɪg,ɔtɪg,ɔtɪg
ɔt,ɔtɪf,ɔtɪf,ɔtɪf,ɔtɪf
ɔt,ɔtɪs,ɔtɪs,ɔtɪs,ɔtɪs
ɔt,ɔtɪv,ɔtɪv,ɔtɪv,ɔtɪv
ɔt,ɔtɪz,ɔtɪz,ɔtɪz,ɔtɪz
ɔt,ɔtɪʃ,ɔtɪʃ,ɔtɪʃ,ɔtɪʃ
ɔt,ɔtɪʒ,ɔtɪʒ,ɔtɪʒ,ɔtɪʒ
ɔt,ɔtɪθ,ɔtɪθ,ɔtɪθ,ɔtɪθ
ɔt,ɔtɪð,ɔtɪð,ɔtɪð,ɔtɪð
ɔk,ɔkɪm,ɔkɪm,ɔkɪm,ɔkɪm
ɔk,ɔkɪn,ɔkɪn,ɔkɪn,ɔkɪn
ɔk,ɔkɪŋ,ɔkɪŋ,ɔkɪŋ,ɔkɪŋ
ɔk,ɔkɪp,ɔkɪp,ɔkɪp,ɔkɪp
ɔk,ɔkɪt,ɔkɪt,ɔkɪt,ɔkɪt
ɔk,ɔkɪk,ɔkɪk,ɔkɪk,ɔkɪk
ɔk,ɔkɪb,ɔkɪb,ɔkɪb,ɔkɪb
ɔk,ɔkɪd,ɔkɪd,ɔkɪd,ɔkɪd
ɔk,ɔkɪg,ɔkɪg,ɔkɪg,ɔkɪg
ɔk,ɔkɪf,ɔkɪf,ɔkɪf,ɔkɪf
ɔk,ɔkɪs,ɔkɪs,ɔkɪs,ɔkɪs
ɔk,ɔkɪv,ɔkɪv,ɔkɪv,ɔkɪv
ɔk,ɔkɪz,ɔkɪz,ɔkɪz,ɔkɪz
ɔk,ɔkɪʃ,ɔkɪʃ,ɔkɪʃ,ɔkɪʃ
ɔk,ɔkɪʒ,ɔkɪʒ,ɔkɪʒ,ɔkɪʒ
ɔk,ɔkɪθ,ɔkɪθ,ɔkɪθ,ɔkɪθ
ɔk,ɔkɪð,ɔkɪð,ɔkɪð,ɔkɪð
ɔb,ɔbɪm,ɔbɪm,ɔbɪm,ɔbɪm
ɔb,ɔbɪn,ɔbɪn,ɔbɪn,ɔbɪn
ɔb,ɔbɪŋ,ɔbɪŋ,ɔbɪŋ,ɔbɪŋ
ɔb,ɔbɪp,ɔbɪp,ɔbɪp,ɔbɪp
ɔb,ɔbɪt,ɔbɪt,ɔbɪt,ɔbɪt
ɔb,ɔbɪk,ɔbɪk,ɔbɪk,ɔbɪk
ɔb,ɔbɪb,ɔbɪb,ɔbɪb,ɔbɪb
ɔb,ɔbɪd,ɔbɪd,ɔbɪd,ɔbɪd
ɔb,ɔbɪg,ɔbɪg,ɔbɪg,ɔbɪg
ɔb,ɔbɪf,ɔbɪf,ɔbɪf,ɔbɪf
ɔb,ɔbɪs,ɔbɪs,ɔbɪs,ɔbɪs
ɔb,ɔbɪv,ɔbɪv,ɔbɪv,ɔbɪv
ɔb,ɔbɪz,ɔbɪz,ɔbɪz,ɔbɪz
ɔb,ɔbɪʃ,ɔbɪʃ,ɔbɪʃ,ɔbɪʃ
ɔb,ɔbɪʒ,ɔbɪʒ,ɔbɪʒ,ɔbɪʒ
ɔb,ɔbɪθ,ɔbɪθ,ɔbɪθ,ɔbɪθ
ɔb,ɔbɪð,ɔbɪð,ɔbɪð,ɔbɪð
ɔd,ɔdɪm,ɔdɪm,ɔdɪm,ɔdɪm
ɔd,ɔdɪn,ɔdɪn,ɔdɪn,ɔdɪn
ɔd,ɔdɪŋ,ɔdɪŋ,ɔdɪŋ,ɔdɪŋ
ɔd,ɔdɪp,ɔdɪp,ɔdɪp,ɔdɪp
ɔd,ɔdɪt,ɔdɪt,ɔdɪt,ɔdɪt
ɔd,ɔdɪk,ɔdɪk,ɔdɪk,ɔdɪk
ɔd,ɔdɪb,ɔdɪb,ɔdɪb,ɔdɪb
ɔd,ɔdɪd,ɔdɪd,ɔdɪd,ɔdɪd
ɔd,ɔdɪg,ɔdɪg,ɔdɪg,ɔdɪg
ɔd,ɔdɪf,ɔdɪf,ɔdɪf,ɔdɪf
ɔd,ɔdɪs,ɔdɪs,ɔdɪs,ɔdɪs
ɔd,ɔdɪv,ɔdɪv,ɔdɪv,ɔdɪv
ɔd,ɔdɪz,ɔdɪz,ɔdɪz,ɔdɪz
ɔd,ɔdɪʃ,ɔdɪʃ,ɔdɪʃ,ɔdɪʃ
ɔd,ɔdɪʒ,ɔdɪʒ,ɔdɪʒ,ɔdɪʒ
ɔd,ɔdɪθ,ɔdɪθ,ɔdɪθ,ɔdɪθ
ɔd,ɔdɪð,ɔdɪð,ɔdɪð,ɔdɪð
ɔg,ɔgɪm,ɔgɪm,ɔgɪm,ɔgɪm
ɔg,ɔgɪn,ɔgɪn,ɔgɪn,ɔgɪn
ɔg,ɔgɪŋ,ɔgɪŋ,ɔgɪŋ,ɔgɪŋ
ɔg,ɔgɪp,ɔgɪp,ɔgɪp,ɔgɪp
ɔg,ɔgɪt,ɔgɪt,ɔgɪt,ɔgɪt
ɔg,ɔgɪk,ɔgɪk,ɔgɪk,ɔgɪk
ɔg,ɔgɪb,ɔgɪb,ɔgɪb,ɔgɪb
ɔg,ɔgɪd,ɔgɪd,ɔgɪd,ɔgɪd
ɔg,ɔgɪg,ɔgɪg,ɔgɪg,ɔgɪg
ɔg,ɔgɪf,ɔgɪf,ɔgɪf,ɔgɪf
ɔg,ɔgɪs,ɔgɪs,ɔgɪs,ɔgɪs
ɔg,ɔgɪv,ɔgɪv,ɔgɪv,ɔgɪv
ɔg,ɔgɪz,ɔgɪz,ɔgɪz,ɔgɪz
ɔg,ɔgɪʃ,ɔgɪʃ,ɔgɪʃ,ɔgɪʃ
ɔg,ɔgɪʒ,ɔgɪʒ,ɔgɪʒ,ɔgɪʒ
ɔg,ɔgɪθ,ɔgɪθ,ɔgɪθ,ɔgɪθ
ɔg,ɔgɪð,ɔgɪð,ɔgɪð,ɔgɪð
ɔf,ɔfɪm,ɔfɪm,ɔfɪm,ɔfɪm
ɔf,ɔfɪn,ɔfɪn,ɔfɪn,ɔfɪn
ɔf,ɔfɪŋ,ɔfɪŋ,ɔfɪŋ,ɔfɪŋ
ɔf,ɔfɪp,ɔfɪp,ɔfɪp,ɔfɪp
ɔf,ɔfɪt,ɔfɪt,ɔfɪt,ɔfɪt
ɔf,ɔfɪk,ɔfɪk,ɔfɪk,ɔfɪk
ɔf,ɔfɪb,ɔfɪb,ɔfɪb,ɔfɪb
ɔf,ɔfɪd,ɔfɪd,ɔfɪd,ɔfɪd
ɔf,ɔfɪg,ɔfɪg,ɔfɪg,ɔfɪg
ɔf,ɔfɪf,ɔfɪf,ɔfɪf,ɔfɪf
ɔf,ɔfɪs,ɔfɪs,ɔfɪs,ɔfɪs
ɔf,ɔfɪv,ɔfɪv,ɔfɪv,ɔfɪv
ɔf,ɔfɪz,ɔfɪz,ɔfɪz,ɔfɪz
ɔf,ɔfɪʃ,ɔfɪʃ,ɔfɪʃ,ɔfɪʃ
ɔf,ɔfɪʒ,ɔfɪʒ,ɔfɪʒ,ɔfɪʒ
ɔf,ɔfɪθ,ɔfɪθ,ɔfɪθ,ɔfɪθ
ɔf,ɔfɪð,ɔfɪð,ɔfɪð,ɔfɪð
ɔs,ɔsɪm,ɔsɪm,ɔsɪm,ɔsɪm
ɔs,ɔsɪn,ɔsɪn,ɔsɪn,ɔsɪn
ɔs,ɔsɪŋ,ɔsɪŋ,ɔsɪŋ,ɔsɪŋ
ɔs,ɔsɪp,ɔsɪp,ɔsɪp,ɔsɪp
ɔs,ɔsɪt,ɔsɪt,ɔsɪt,ɔsɪt
ɔs,ɔsɪk,ɔsɪk,ɔsɪk,ɔsɪk
ɔs,ɔsɪb,ɔsɪb,ɔsɪb,ɔsɪb
ɔs,ɔsɪd,ɔsɪd,ɔsɪd,ɔsɪd
ɔs,ɔsɪg,ɔsɪg,ɔsɪg,ɔsɪg
ɔs,ɔsɪf,ɔsɪf,ɔsɪf,ɔsɪf
ɔs,ɔsɪs,ɔsɪs,ɔsɪs,ɔsɪs
ɔs,ɔsɪv,ɔsɪv,ɔsɪv,ɔsɪv
ɔs,ɔsɪz,ɔsɪz,ɔsɪz,ɔsɪz
ɔs,ɔsɪʃ,ɔsɪʃ,ɔsɪʃ,ɔsɪʃ
ɔs,ɔsɪʒ,ɔsɪʒ,ɔsɪʒ,ɔsɪʒ
ɔs,ɔsɪθ,ɔsɪθ,ɔsɪθ,ɔsɪθ
ɔs,ɔsɪð,ɔsɪð,ɔsɪð,ɔsɪð
ɔv,ɔvɪm,ɔvɪm,ɔvɪm,ɔvɪm
ɔv,ɔvɪn,ɔvɪn,ɔvɪn,ɔvɪn
ɔv,ɔvɪŋ,ɔvɪŋ,ɔvɪŋ,ɔvɪŋ
ɔv,ɔvɪp,ɔvɪp,ɔvɪp,ɔvɪp
ɔv,ɔvɪt,ɔvɪt,ɔvɪt,ɔvɪt
ɔv,ɔvɪk,ɔvɪk,ɔvɪk,ɔvɪk
ɔv,ɔvɪb,ɔvɪb,ɔvɪb,ɔvɪb
ɔv,ɔvɪd,ɔvɪd,ɔvɪd,ɔvɪd
ɔv,ɔvɪg,ɔvɪg,ɔvɪg,ɔvɪg
ɔv,ɔvɪf,ɔvɪf,ɔvɪf,ɔvɪf
ɔv,ɔvɪs,ɔvɪs,ɔvɪs,ɔvɪs
ɔv,ɔvɪv,ɔvɪv,ɔvɪv,ɔvɪv
ɔv,ɔvɪz,ɔvɪz,ɔvɪz,ɔvɪz
ɔv,ɔvɪʃ,ɔvɪʃ,ɔvɪʃ,ɔvɪʃ
ɔv,ɔvɪʒ,ɔvɪʒ,ɔvɪʒ,ɔvɪʒ
ɔv,ɔvɪθ,ɔvɪθ,ɔvɪθ,ɔvɪθ
ɔv,ɔvɪð,ɔvɪð,ɔvɪð,ɔvɪð
ɔz,ɔzɪm,ɔzɪm,ɔzɪm,ɔzɪm
ɔz,ɔzɪn,ɔzɪn,ɔzɪn,ɔzɪn
ɔz,ɔzɪŋ,ɔzɪŋ,ɔzɪŋ,ɔzɪŋ
ɔz,ɔzɪp,ɔzɪp,ɔzɪp,ɔzɪp
ɔz,ɔzɪt,ɔzɪt,ɔzɪt,ɔzɪt
ɔz,ɔzɪk,ɔzɪk,ɔzɪk,ɔzɪk
ɔz,ɔzɪb,ɔzɪb,ɔzɪb,ɔzɪb
ɔz,ɔzɪd,ɔzɪd,ɔzɪd,ɔzɪd
ɔz,ɔzɪg,ɔzɪg,ɔzɪg,ɔzɪg
ɔz,ɔzɪf,ɔzɪf,ɔzɪf,ɔzɪf
ɔz,ɔzɪs,ɔzɪs,ɔzɪs,ɔzɪs
ɔz,ɔzɪv,ɔzɪv,ɔzɪv,ɔzɪv
ɔz,ɔzɪz,ɔzɪz,ɔzɪz,ɔzɪz
ɔz,ɔzɪʃ,ɔzɪʃ,ɔzɪʃ,ɔzɪʃ
ɔz,ɔzɪʒ,ɔzɪʒ,ɔzɪʒ,ɔzɪʒ
ɔz,ɔzɪθ,ɔzɪθ,ɔzɪθ,ɔzɪθ
ɔz,ɔzɪð,ɔzɪð,ɔzɪð,ɔzɪð
ɔʃ,ɔʃɪm,ɔʃɪm,ɔʃɪm,ɔʃɪm
ɔʃ,ɔʃɪn,ɔʃɪn,ɔʃɪn,ɔʃɪn
ɔʃ,ɔʃɪŋ,ɔʃɪŋ,ɔʃɪŋ,ɔʃɪŋ
ɔʃ,ɔʃɪp,ɔʃɪp,ɔʃɪp,ɔʃɪp
ɔʃ,ɔʃɪt,ɔʃɪt,ɔʃɪt,ɔʃɪt
ɔʃ,ɔʃɪk,ɔʃɪk,ɔʃɪk,ɔʃɪk
ɔʃ,ɔʃɪb,ɔʃɪb,ɔʃɪb,ɔʃɪb
ɔʃ,ɔʃɪd,ɔʃɪd,ɔʃɪd,ɔʃɪd
ɔʃ,ɔʃɪg,ɔʃɪg,ɔʃɪg,ɔʃɪg
ɔʃ,ɔʃɪf,ɔʃɪf,ɔʃɪf,ɔʃɪf
ɔʃ,ɔʃɪs,ɔʃɪs,ɔʃɪs,ɔʃɪs
ɔʃ,ɔʃɪv,ɔʃɪv,ɔʃɪv,ɔʃɪv
ɔʃ,ɔʃɪz,ɔʃɪz,ɔʃɪz,ɔʃɪz
ɔʃ,ɔʃɪʃ,ɔʃɪʃ,ɔʃɪʃ,ɔʃɪʃ
ɔʃ,ɔʃɪʒ,ɔʃɪʒ,ɔʃɪʒ,ɔʃɪʒ
ɔʃ,ɔʃɪθ,ɔʃɪθ,ɔʃɪθ,ɔʃɪθ
ɔʃ,ɔʃɪð,ɔʃɪð,ɔʃɪð,ɔʃɪð
ɔʒ,ɔʒɪm,ɔʒɪm,ɔʒɪm,ɔʒɪm
ɔʒ,ɔʒɪn,ɔʒɪn,ɔʒɪn,ɔʒɪn
ɔʒ,ɔʒɪŋ,ɔʒɪŋ,ɔʒɪŋ,ɔʒɪŋ
ɔʒ,ɔʒɪp,ɔʒɪp,ɔʒɪp,ɔʒɪp
ɔʒ,ɔʒɪt,ɔʒɪt,ɔʒɪt,ɔʒɪt
ɔʒ,ɔʒɪk,ɔʒɪk,ɔʒɪk,ɔʒɪk
ɔʒ,ɔʒɪb,ɔʒɪb,ɔʒɪb,ɔʒɪb
ɔʒ,ɔʒɪd,ɔʒɪd,ɔʒɪd,ɔʒɪd
ɔʒ,ɔʒɪg,ɔʒɪg,ɔʒɪg,ɔʒɪg
ɔʒ,ɔʒɪf,ɔʒɪf,ɔʒɪf,ɔʒɪf
ɔʒ,ɔʒɪs,ɔʒɪs,ɔʒɪs,ɔʒɪs
ɔʒ,ɔʒɪv,ɔʒɪv,ɔʒɪv,ɔʒɪv
ɔʒ,ɔʒɪz,ɔʒɪz,ɔʒɪz,ɔʒɪz
ɔʒ,ɔʒɪʃ,ɔʒɪʃ,ɔʒɪʃ,ɔʒɪʃ
ɔʒ,ɔʒɪʒ,ɔʒɪʒ,ɔʒɪʒ,ɔʒɪʒ
ɔʒ,ɔʒɪθ,ɔʒɪθ,ɔʒɪθ,ɔʒɪθ
ɔʒ,ɔʒɪð,ɔʒɪð,ɔʒɪð,ɔʒɪð
ɔθ,ɔθɪm,ɔθɪm,ɔθɪm,ɔθɪm
ɔθ,ɔθɪn,ɔθɪn,ɔθɪn,ɔθɪn
ɔθ,ɔθɪŋ,ɔθɪŋ,ɔθɪŋ,ɔθɪŋ
ɔθ,ɔθɪp,ɔθɪp,ɔθɪp,ɔθɪp
ɔθ,ɔθɪt,ɔθɪt,ɔθɪt,ɔθɪt
ɔθ,ɔθɪk,ɔθɪk,ɔθɪk,ɔθɪk
ɔθ,ɔθɪb,ɔθɪb,ɔθɪb,ɔθɪb
ɔθ,ɔθɪd,ɔθɪd,ɔθɪd,ɔθɪd
ɔθ,ɔθɪg,ɔθɪg,ɔθɪg,ɔθɪg
ɔθ,ɔθɪf,ɔθɪf,ɔθɪf,ɔθɪf
ɔθ,ɔθɪs,ɔθɪs,ɔθɪs,ɔθɪs
ɔθ,ɔθɪv,ɔθɪv,ɔθɪv,ɔθɪv
ɔθ,ɔθɪz,ɔθɪz,ɔθɪz,ɔθɪz
ɔθ,ɔθɪʃ,ɔθɪʃ,ɔθɪʃ,ɔθɪʃ
ɔθ,ɔθɪʒ,ɔθɪʒ,ɔθɪʒ,ɔθɪʒ
ɔθ,ɔθɪθ,ɔθɪθ,ɔθɪθ,ɔθɪθ
ɔθ,ɔθɪð,ɔθɪð,ɔθɪð,ɔθɪð
ɔð,ɔðɪm,ɔðɪm,ɔðɪm,ɔðɪm
ɔð,ɔðɪn,ɔðɪn,ɔðɪn,ɔðɪn
ɔð,ɔðɪŋ,ɔðɪŋ,ɔðɪŋ,ɔðɪŋ
ɔð,ɔðɪp,ɔðɪp,ɔðɪp,ɔðɪp
ɔð,ɔðɪt,ɔðɪt,ɔðɪt,ɔðɪt
ɔð,ɔðɪk,ɔðɪk,ɔðɪk,ɔðɪk
ɔð,ɔðɪb,ɔðɪb,ɔðɪb,ɔðɪb
ɔð,ɔðɪd,ɔðɪd,ɔðɪd,ɔðɪd
ɔð,ɔðɪg,ɔðɪg,ɔðɪg,ɔðɪg
ɔð,ɔðɪf,ɔðɪf,ɔðɪf,ɔðɪf
ɔð,ɔðɪs,ɔðɪs,ɔðɪs,ɔðɪs
ɔð,ɔðɪv,ɔðɪv,ɔðɪv,ɔðɪv
ɔð,ɔðɪz,ɔðɪz,ɔðɪz,ɔðɪz
ɔð,ɔðɪʃ,ɔðɪʃ,ɔðɪʃ,ɔðɪʃ
ɔð,ɔðɪʒ,ɔðɪʒ,ɔðɪʒ,ɔðɪʒ
ɔð,ɔðɪθ,ɔðɪθ,ɔðɪθ,ɔðɪθ
ɔð,ɔðɪð,ɔðɪð,ɔðɪð,ɔðɪð
ɔm,ɔmɛm,ɔmɛm,ɔmɛm,ɔmɛm
ɔm,ɔmɛn,ɔmɛn,ɔmɛn,ɔmɛn
ɔm,ɔmɛŋ,ɔmɛŋ,ɔmɛŋ,ɔmɛŋ
ɔm,ɔmɛp,ɔmɛp,ɔmɛp,ɔmɛp
ɔm,ɔmɛt,ɔmɛt,ɔmɛt,ɔmɛt
ɔm,ɔmɛk,ɔmɛk,ɔmɛk,ɔmɛk
ɔm,ɔmɛb,ɔmɛb,ɔmɛb,ɔmɛb
ɔm,ɔmɛd,ɔmɛd,ɔmɛd,ɔmɛd
ɔm,ɔmɛg,ɔmɛg,ɔmɛg,ɔmɛg
ɔm,ɔmɛf,ɔmɛf,ɔmɛf,ɔmɛf
ɔm,ɔmɛs,ɔmɛs,ɔmɛs,ɔmɛs
ɔm,ɔmɛv,ɔmɛv,ɔmɛv,ɔmɛv
ɔm,ɔmɛz,ɔmɛz,ɔmɛz,ɔmɛz
ɔm,ɔmɛʃ,ɔmɛʃ,ɔmɛʃ,ɔmɛʃ
ɔm,ɔmɛʒ,ɔmɛʒ,ɔmɛʒ,ɔmɛʒ
ɔm,ɔmɛθ,ɔmɛθ,ɔmɛθ,ɔmɛθ
ɔm,ɔmɛð,ɔmɛð,ɔmɛð,ɔmɛð
ɔn,ɔnɛm,ɔnɛm,ɔnɛm,ɔnɛm
ɔn,ɔnɛn,ɔnɛn,ɔnɛn,ɔnɛn
ɔn,ɔnɛŋ,ɔnɛŋ,ɔnɛŋ,ɔnɛŋ
ɔn,ɔnɛp,ɔnɛp,ɔnɛp,ɔnɛp
ɔn,ɔnɛt,ɔnɛt,ɔnɛt,ɔnɛt
ɔn,ɔnɛk,ɔnɛk,ɔnɛk,ɔnɛk
ɔn,ɔnɛb,ɔnɛb,ɔnɛb,ɔnɛb
ɔn,ɔnɛd,ɔnɛd,ɔnɛd,ɔnɛd
ɔn,ɔnɛg,ɔnɛg,ɔnɛg,ɔnɛg
ɔn,ɔnɛf,ɔnɛf,ɔnɛf,ɔnɛf
ɔn,ɔnɛs,ɔnɛs,ɔnɛs,ɔnɛs
ɔn,ɔnɛv,ɔnɛv,ɔnɛv,ɔnɛv
ɔn,ɔnɛz,ɔnɛz,ɔnɛz,ɔnɛz
ɔn,ɔnɛʃ,ɔnɛʃ,ɔnɛʃ,ɔnɛʃ
ɔn,ɔnɛʒ,ɔnɛʒ,ɔnɛʒ,ɔnɛʒ
ɔn,ɔnɛθ,ɔnɛθ,ɔnɛθ,ɔnɛθ
ɔn,ɔnɛð,ɔnɛð,ɔnɛð,ɔnɛð
ɔŋ,ɔŋɛm,ɔŋɛm,ɔŋɛm,ɔŋɛm
ɔŋ,ɔŋɛn,ɔŋɛn,ɔŋɛn,ɔŋɛn
ɔŋ,ɔŋɛŋ,ɔŋɛŋ,ɔŋɛŋ,ɔŋɛŋ
ɔŋ,ɔŋɛp,ɔŋɛp,ɔŋɛp,ɔŋɛp
ɔŋ,ɔŋɛt,ɔŋɛt,ɔŋɛt,ɔŋɛt
ɔŋ,ɔŋɛk,ɔŋɛk,ɔŋɛk,ɔŋɛk
ɔŋ,ɔŋɛb,ɔŋɛb,ɔŋɛb,ɔŋɛb
ɔŋ,ɔŋɛd,ɔŋɛd,ɔŋɛd,ɔŋɛd
ɔŋ,ɔŋɛg,ɔŋɛg,ɔŋɛg,ɔŋɛg
ɔŋ,ɔŋɛf,ɔŋɛf,ɔŋɛf,ɔŋɛf
ɔŋ,ɔŋɛs,ɔŋɛs,ɔŋɛs,ɔŋɛs
ɔŋ,ɔŋɛv,ɔŋɛv,ɔŋɛv,ɔŋɛv
ɔŋ,ɔŋɛz,ɔŋɛz,ɔŋɛz,ɔŋɛz
ɔŋ,ɔŋɛʃ,ɔŋɛʃ,ɔŋɛʃ,ɔŋɛʃ
ɔŋ,ɔŋɛʒ,ɔŋɛʒ,ɔŋɛʒ,ɔŋɛʒ
ɔŋ,ɔŋɛθ,ɔŋɛθ,ɔŋɛθ,ɔŋɛθ
ɔŋ,ɔŋɛð,ɔŋɛð,ɔŋɛð,ɔŋɛð
ɔp,ɔpɛm,ɔpɛm,ɔpɛm,ɔpɛm
ɔp,ɔpɛn,ɔpɛn,ɔpɛn,ɔpɛn
ɔp,ɔpɛŋ,ɔpɛŋ,ɔpɛŋ,ɔpɛŋ
ɔp,ɔpɛp,ɔpɛp,ɔpɛp,ɔpɛp
ɔp,ɔpɛt,ɔpɛt,ɔpɛt,ɔpɛt
ɔp,ɔpɛk,ɔpɛk,ɔpɛk,ɔpɛk
ɔp,ɔpɛb,ɔpɛb,ɔpɛb,ɔpɛb
ɔp,ɔpɛd,ɔpɛd,ɔpɛd,ɔpɛd
ɔp,ɔpɛg,ɔpɛg,ɔpɛg,ɔpɛg
ɔp,ɔpɛf,ɔpɛf,ɔpɛf,ɔpɛf
ɔp,ɔpɛs,ɔpɛs,ɔpɛs,ɔpɛs
ɔp,ɔpɛv,ɔpɛv,ɔpɛv,ɔpɛv
ɔp,ɔpɛz,ɔpɛz,ɔpɛz,ɔpɛz
ɔp,ɔpɛʃ,ɔpɛʃ,ɔpɛʃ,ɔpɛʃ
ɔp,ɔpɛʒ,ɔpɛʒ,ɔpɛʒ,ɔpɛʒ
ɔp,ɔpɛθ,ɔpɛθ,ɔpɛθ,ɔpɛθ
ɔp,ɔpɛð,ɔpɛð,ɔpɛð,ɔpɛð
ɔt,ɔtɛm,ɔtɛm,ɔtɛm,ɔtɛm
ɔt,ɔtɛn,ɔtɛn,ɔtɛn,ɔtɛn
ɔt,ɔtɛŋ,ɔtɛŋ,ɔtɛŋ,ɔtɛŋ
ɔt,ɔtɛp,ɔtɛp,ɔtɛp,ɔtɛp
ɔt,ɔtɛt,ɔtɛt,ɔtɛt,ɔtɛt
ɔt,ɔtɛk,ɔtɛk,ɔtɛk,ɔtɛk
ɔt,ɔtɛb,ɔtɛb,ɔtɛb,ɔtɛb
ɔt,ɔtɛd,ɔtɛd,ɔtɛd,ɔtɛd
ɔt,ɔtɛg,ɔtɛg,ɔtɛg,ɔtɛg
ɔt,ɔtɛf,ɔtɛf,ɔtɛf,ɔtɛf
ɔt,ɔtɛs,ɔtɛs,ɔtɛs,ɔtɛs
ɔt,ɔtɛv,ɔtɛv,ɔtɛv,ɔtɛv
ɔt,ɔtɛz,ɔtɛz,ɔtɛz,ɔtɛz
ɔt,ɔtɛʃ,ɔtɛʃ,ɔtɛʃ,ɔtɛʃ
ɔt,ɔtɛʒ,ɔtɛʒ,ɔtɛʒ,ɔtɛʒ
ɔt,ɔtɛθ,ɔtɛθ,ɔtɛθ,ɔtɛθ
ɔt,ɔtɛð,ɔtɛð,ɔtɛð,ɔtɛð
ɔk,ɔkɛm,ɔkɛm,ɔkɛm,ɔkɛm
ɔk,ɔkɛn,ɔkɛn,ɔkɛn,ɔkɛn
ɔk,ɔkɛŋ,ɔkɛŋ,ɔkɛŋ,ɔkɛŋ
ɔk,ɔkɛp,ɔkɛp,ɔkɛp,ɔkɛp
ɔk,ɔkɛt,ɔkɛt,ɔkɛt,ɔkɛt
ɔk,ɔkɛk,ɔkɛk,ɔkɛk,ɔkɛk
ɔk,ɔkɛb,ɔkɛb,ɔkɛb,ɔkɛb
ɔk,ɔkɛd,ɔkɛd,ɔkɛd,ɔkɛd
ɔk,ɔkɛg,ɔkɛg,ɔkɛg,ɔkɛg
ɔk,ɔkɛf,ɔkɛf,ɔkɛf,ɔkɛf
ɔk,ɔkɛs,ɔkɛs,ɔkɛs,ɔkɛs
ɔk,ɔkɛv,ɔkɛv,ɔkɛv,ɔkɛv
ɔk,ɔkɛz,ɔkɛz,ɔkɛz,ɔkɛz
ɔk,ɔkɛʃ,ɔkɛʃ,ɔkɛʃ,ɔkɛʃ
ɔk,ɔkɛʒ,ɔkɛʒ,ɔkɛʒ,ɔkɛʒ
ɔk,ɔkɛθ,ɔkɛθ,ɔkɛθ,ɔkɛθ
ɔk,ɔkɛð,ɔkɛð,ɔkɛð,ɔkɛð
ɔb,ɔbɛm,ɔbɛm,ɔbɛm,ɔbɛm
ɔb,ɔbɛn,ɔbɛn,ɔbɛn,ɔbɛn
ɔb,ɔbɛŋ,ɔbɛŋ,ɔbɛŋ,ɔbɛŋ
ɔb,ɔbɛp,ɔbɛp,ɔbɛp,ɔbɛp
ɔb,ɔbɛt,ɔbɛt,ɔbɛt,ɔbɛt
ɔb,ɔbɛk,ɔbɛk,ɔbɛk,ɔbɛk
ɔb,ɔbɛb,ɔbɛb,ɔbɛb,ɔbɛb
ɔb,ɔbɛd,ɔbɛd,ɔbɛd,ɔbɛd
ɔb,ɔbɛg,ɔbɛg,ɔbɛg,ɔbɛg
ɔb,ɔbɛf,ɔbɛf,ɔbɛf,ɔbɛf
ɔb,ɔbɛs,ɔbɛs,ɔbɛs,ɔbɛs
ɔb,ɔbɛv,ɔbɛv,ɔbɛv,ɔbɛv
ɔb,ɔbɛz,ɔbɛz,ɔbɛz,ɔbɛz
ɔb,ɔbɛʃ,ɔbɛʃ,ɔbɛʃ,ɔbɛʃ
ɔb,ɔbɛʒ,ɔbɛʒ,ɔbɛʒ,ɔbɛʒ
ɔb,ɔbɛθ,ɔbɛθ,ɔbɛθ,ɔbɛθ
ɔb,ɔbɛð,ɔbɛð,ɔbɛð,ɔbɛð
ɔd,ɔdɛm,ɔdɛm,ɔdɛm,ɔdɛm
ɔd,ɔdɛn,ɔdɛn,ɔdɛn,ɔdɛn
ɔd,ɔdɛŋ,ɔdɛŋ,ɔdɛŋ,ɔdɛŋ
ɔd,ɔdɛp,ɔdɛp,ɔdɛp,ɔdɛp
ɔd,ɔdɛt,ɔdɛt,ɔdɛt,ɔdɛt
ɔd,ɔdɛk,ɔdɛk,ɔdɛk,ɔdɛk
ɔd,ɔdɛb,ɔdɛb,ɔdɛb,ɔdɛb
ɔd,ɔdɛd,ɔdɛd,ɔdɛd,ɔdɛd
ɔd,ɔdɛg,ɔdɛg,ɔdɛg,ɔdɛg
ɔd,ɔdɛf,ɔdɛf,ɔdɛf,ɔdɛf
ɔd,ɔdɛs,ɔdɛs,ɔdɛs,ɔdɛs
ɔd,ɔdɛv,ɔdɛv,ɔdɛv,ɔdɛv
ɔd,ɔdɛz,ɔdɛz,ɔdɛz,ɔdɛz
ɔd,ɔdɛʃ,ɔdɛʃ,ɔdɛʃ,ɔdɛʃ
ɔd,ɔdɛʒ,ɔdɛʒ,ɔdɛʒ,ɔdɛʒ
ɔd,ɔdɛθ,ɔdɛθ,ɔdɛθ,ɔdɛθ
ɔd,ɔdɛð,ɔdɛð,ɔdɛð,ɔdɛð
ɔg,ɔgɛm,ɔgɛm,ɔgɛm,ɔgɛm
ɔg,ɔgɛn,ɔgɛn,ɔgɛn,ɔgɛn
ɔg,ɔgɛŋ,ɔgɛŋ,ɔgɛŋ,ɔgɛŋ
ɔg,ɔgɛp,ɔgɛp,ɔgɛp,ɔgɛp
ɔg,ɔgɛt,ɔgɛt,ɔgɛt,ɔgɛt
ɔg,ɔgɛk,ɔgɛk,ɔgɛk,ɔgɛk
ɔg,ɔgɛb,ɔgɛb,ɔgɛb,ɔgɛb
ɔg,ɔgɛd,ɔgɛd,ɔgɛd,ɔgɛd
ɔg,ɔgɛg,ɔgɛg,ɔgɛg,ɔgɛg
ɔg,ɔgɛf,ɔgɛf,ɔgɛf,ɔgɛf
ɔg,ɔgɛs,ɔgɛs,ɔgɛs,ɔgɛs
ɔg,ɔgɛv,ɔgɛv,ɔgɛv,ɔgɛv
ɔg,ɔgɛz,ɔgɛz,ɔgɛz,ɔgɛz
ɔg,ɔgɛʃ,ɔgɛʃ,ɔgɛʃ,ɔgɛʃ
ɔg,ɔgɛʒ,ɔgɛʒ,ɔgɛʒ,ɔgɛʒ
ɔg,ɔgɛθ,ɔgɛθ,ɔgɛθ,ɔgɛθ
ɔg,ɔgɛð,ɔgɛð,ɔgɛð,ɔgɛð
ɔf,ɔfɛm,ɔfɛm,ɔfɛm,ɔfɛm
ɔf,ɔfɛn,ɔfɛn,ɔfɛn,ɔfɛn
ɔf,ɔfɛŋ,ɔfɛŋ,ɔfɛŋ,ɔfɛŋ
ɔf,ɔfɛp,ɔfɛp,ɔfɛp,ɔfɛp
ɔf,ɔfɛt,ɔfɛt,ɔfɛt,ɔfɛt
ɔf,ɔfɛk,ɔfɛk,ɔfɛk,ɔfɛk
ɔf,ɔfɛb,ɔfɛb,ɔfɛb,ɔfɛb
ɔf,ɔfɛd,ɔfɛd,ɔfɛd,ɔfɛd
ɔf,ɔfɛg,ɔfɛg,ɔfɛg,ɔfɛg
ɔf,ɔfɛf,ɔfɛf,ɔfɛf,ɔfɛf
ɔf,ɔfɛs,ɔfɛs,ɔfɛs,ɔfɛs
ɔf,ɔfɛv,ɔfɛv,ɔfɛv,ɔfɛv
ɔf,ɔfɛz,ɔfɛz,ɔfɛz,ɔfɛz
ɔf,ɔfɛʃ,ɔfɛʃ,ɔfɛʃ,ɔfɛʃ
ɔf,ɔfɛʒ,ɔfɛʒ,ɔfɛʒ,ɔfɛʒ
ɔf,ɔfɛθ,ɔfɛθ,ɔfɛθ,ɔfɛθ
ɔf,ɔfɛð,ɔfɛð,ɔfɛð,ɔfɛð
ɔs,ɔsɛm,ɔsɛm,ɔsɛm,ɔsɛm
ɔs,ɔsɛn,ɔsɛn,ɔsɛn,ɔsɛn
ɔs,ɔsɛŋ,ɔsɛŋ,ɔsɛŋ,ɔsɛŋ
ɔs,ɔsɛp,ɔsɛp,ɔsɛp,ɔsɛp
ɔs,ɔsɛt,ɔsɛt,ɔsɛt,ɔsɛt
ɔs,ɔsɛk,ɔsɛk,ɔsɛk,ɔsɛk
ɔs,ɔsɛb,ɔsɛb,ɔsɛb,ɔsɛb
ɔs,ɔsɛd,ɔsɛd,ɔsɛd,ɔsɛd
ɔs,ɔsɛg,ɔsɛg,ɔsɛg,ɔsɛg
ɔs,ɔsɛf,ɔsɛf,ɔsɛf,ɔsɛf
ɔs,ɔsɛs,ɔsɛs,ɔsɛs,ɔsɛs
ɔs,ɔsɛv,ɔsɛv,ɔsɛv,ɔsɛv
ɔs,ɔsɛz,ɔsɛz,ɔsɛz,ɔsɛz
ɔs,ɔsɛʃ,ɔsɛʃ,ɔsɛʃ,ɔsɛʃ
ɔs,ɔsɛʒ,ɔsɛʒ,ɔsɛʒ,ɔsɛʒ
ɔs,ɔsɛθ,ɔsɛθ,ɔsɛθ,ɔsɛθ
ɔs,ɔsɛð,ɔsɛð,ɔsɛð,ɔsɛð
ɔv,ɔvɛm,ɔvɛm,ɔvɛm,ɔvɛm
ɔv,ɔvɛn,ɔvɛn,ɔvɛn,ɔvɛn
ɔv,ɔvɛŋ,ɔvɛŋ,ɔvɛŋ,ɔvɛŋ
ɔv,ɔvɛp,ɔvɛp,ɔvɛp,ɔvɛp
ɔv,ɔvɛt,ɔvɛt,ɔvɛt,ɔvɛt
ɔv,ɔvɛk,ɔvɛk,ɔvɛk,ɔvɛk
ɔv,ɔvɛb,ɔvɛb,ɔvɛb,ɔvɛb
ɔv,ɔvɛd,ɔvɛd,ɔvɛd,ɔvɛd
ɔv,ɔvɛg,ɔvɛg,ɔvɛg,ɔvɛg
ɔv,ɔvɛf,ɔvɛf,ɔvɛf,ɔvɛf
ɔv,ɔvɛs,ɔvɛs,ɔvɛs,ɔvɛs
ɔv,ɔvɛv,ɔvɛv,ɔvɛv,ɔvɛv
ɔv,ɔvɛz,ɔvɛz,ɔvɛz,ɔvɛz
ɔv,ɔvɛʃ,ɔvɛʃ,ɔvɛʃ,ɔvɛʃ
ɔv,ɔvɛʒ,ɔvɛʒ,ɔvɛʒ,ɔvɛʒ
ɔv,ɔvɛθ,ɔvɛθ,ɔvɛθ,ɔvɛθ
ɔv,ɔvɛð,ɔvɛð,ɔvɛð,ɔvɛð
ɔz,ɔzɛm,ɔzɛm,ɔzɛm,ɔzɛm
ɔz,ɔzɛn,ɔzɛn,ɔzɛn,ɔzɛn
ɔz,ɔzɛŋ,ɔzɛŋ,ɔzɛŋ,ɔzɛŋ
ɔz,ɔzɛp,ɔzɛp,ɔzɛp,ɔzɛp
ɔz,ɔzɛt,ɔzɛt,ɔzɛt,ɔzɛt
ɔz,ɔzɛk,ɔzɛk,ɔzɛk,ɔzɛk
ɔz,ɔzɛb,ɔzɛb,ɔzɛb,ɔzɛb
ɔz,ɔzɛd,ɔzɛd,ɔzɛd,ɔzɛd
ɔz,ɔzɛg,ɔzɛg,ɔzɛg,ɔzɛg
ɔz,ɔzɛf,ɔzɛf,ɔzɛf,ɔzɛf
ɔz,ɔzɛs,ɔzɛs,ɔzɛs,ɔzɛs
ɔz,ɔzɛv,ɔzɛv,ɔzɛv,ɔzɛv
ɔz,ɔzɛz,ɔzɛz,ɔzɛz,ɔzɛz
ɔz,ɔzɛʃ,ɔzɛʃ,ɔzɛʃ,ɔzɛʃ
ɔz,ɔzɛʒ,ɔzɛʒ,ɔzɛʒ,ɔzɛʒ
ɔz,ɔzɛθ,ɔzɛθ,ɔzɛθ,ɔzɛθ
ɔz,ɔzɛð,ɔzɛð,ɔzɛð,ɔzɛð
ɔʃ,ɔʃɛm,ɔʃɛm,ɔʃɛm,ɔʃɛm
ɔʃ,ɔʃɛn,ɔʃɛn,ɔʃɛn,ɔʃɛn
ɔʃ,ɔʃɛŋ,ɔʃɛŋ,ɔʃɛŋ,ɔʃɛŋ
ɔʃ,ɔʃɛp,ɔʃɛp,ɔʃɛp,ɔʃɛp
ɔʃ,ɔʃɛt,ɔʃɛt,ɔʃɛt,ɔʃɛt
ɔʃ,ɔʃɛk,ɔʃɛk,ɔʃɛk,ɔʃɛk
ɔʃ,ɔʃɛb,ɔʃɛb,ɔʃɛb,ɔʃɛb
ɔʃ,ɔʃɛd,ɔʃɛd,ɔʃɛd,ɔʃɛd
ɔʃ,ɔʃɛg,ɔʃɛg,ɔʃɛg,ɔʃɛg
ɔʃ,ɔʃɛf,ɔʃɛf,ɔʃɛf,ɔʃɛf
ɔʃ,ɔʃɛs,ɔʃɛs,ɔʃɛs,ɔʃɛs
ɔʃ,ɔʃɛv,ɔʃɛv,ɔʃɛv,ɔʃɛv
ɔʃ,ɔʃɛz,ɔʃɛz,ɔʃɛz,ɔʃɛz
ɔʃ,ɔʃɛʃ,ɔʃɛʃ,ɔʃɛʃ,ɔʃɛʃ
ɔʃ,ɔʃɛʒ,ɔʃɛʒ,ɔʃɛʒ,ɔʃɛʒ
ɔʃ,ɔʃɛθ,ɔʃɛθ,ɔʃɛθ,ɔʃɛθ
ɔʃ,ɔʃɛð,ɔʃɛð,ɔʃɛð,ɔʃɛð
ɔʒ,ɔʒɛm,ɔʒɛm,ɔʒɛm,ɔʒɛm
ɔʒ,ɔʒɛn,ɔʒɛn,ɔʒɛn,ɔʒɛn
ɔʒ,ɔʒɛŋ,ɔʒɛŋ,ɔʒɛŋ,ɔʒɛŋ
ɔʒ,ɔʒɛp,ɔʒɛp,ɔʒɛp,ɔʒɛp
ɔʒ,ɔʒɛt,ɔʒɛt,ɔʒɛt,ɔʒɛt
ɔʒ,ɔʒɛk,ɔʒɛk,ɔʒɛk,ɔʒɛk
ɔʒ,ɔʒɛb,ɔʒɛb,ɔʒɛb,ɔʒɛb
ɔʒ,ɔʒɛd,ɔʒɛd,ɔʒɛd,ɔʒɛd
ɔʒ,ɔʒɛg,ɔʒɛg,ɔʒɛg,ɔʒɛg
ɔʒ,ɔʒɛf,ɔʒɛf,ɔʒɛf,ɔʒɛf
ɔʒ,ɔʒɛs,ɔʒɛs,ɔʒɛs,ɔʒɛs
ɔʒ,ɔʒɛv,ɔʒɛv,ɔʒɛv,ɔʒɛv
ɔʒ,ɔʒɛz,ɔʒɛz,ɔʒɛz,ɔʒɛz
ɔʒ,ɔʒɛʃ,ɔʒɛʃ,ɔʒɛʃ,ɔʒɛʃ
ɔʒ,ɔʒɛʒ,ɔʒɛʒ,ɔʒɛʒ,ɔʒɛʒ
ɔʒ,ɔʒɛθ,ɔʒɛθ,ɔʒɛθ,ɔʒɛθ
ɔʒ,ɔʒɛð,ɔʒɛð,ɔʒɛð,ɔʒɛð
ɔθ,ɔθɛm,ɔθɛm,ɔθɛm,ɔθɛm
ɔθ,ɔθɛn,ɔθɛn,ɔθɛn,ɔθɛn
ɔθ,ɔθɛŋ,ɔθɛŋ,ɔθɛŋ,ɔθɛŋ
ɔθ,ɔθɛp,ɔθɛp,ɔθɛp,ɔθɛp
ɔθ,ɔθɛt,ɔθɛt,ɔθɛt,ɔθɛt
ɔθ,ɔθɛk,ɔθɛk,ɔθɛk,ɔθɛk
ɔθ,ɔθɛb,ɔθɛb,ɔθɛb,ɔθɛb
ɔθ,ɔθɛd,ɔθɛd,ɔθɛd,ɔθɛd
ɔθ,ɔθɛg,ɔθɛg,ɔθɛg,ɔθɛg
ɔθ,ɔθɛf,ɔθɛf,ɔθɛf,ɔθɛf
ɔθ,ɔθɛs,ɔθɛs,ɔθɛs,ɔθɛs
ɔθ,ɔθɛv,ɔθɛv,ɔθɛv,ɔθɛv
ɔθ,ɔθɛz,ɔθɛz,ɔθɛz,ɔθɛz
ɔθ,ɔθɛʃ,ɔθɛʃ,ɔθɛʃ,ɔθɛʃ
ɔθ,ɔθɛʒ,ɔθɛʒ,ɔθɛʒ,ɔθɛʒ
ɔθ,ɔθɛθ,ɔθɛθ,ɔθɛθ,ɔθɛθ
ɔθ,ɔθɛð,ɔθɛð,ɔθɛð,ɔθɛð
ɔð,ɔðɛm,ɔðɛm,ɔðɛm,ɔðɛm
ɔð,ɔðɛn,ɔðɛn,ɔðɛn,ɔðɛn
ɔð,ɔðɛŋ,ɔðɛŋ,ɔðɛŋ,ɔðɛŋ
ɔð,ɔðɛp,ɔðɛp,ɔðɛp,ɔðɛp
ɔð,ɔðɛt,ɔðɛt,ɔðɛt,ɔðɛt
ɔð,ɔðɛk,ɔðɛk,ɔðɛk,ɔðɛk
ɔð,ɔðɛb,ɔðɛb,ɔðɛb,ɔðɛb
ɔð,ɔðɛd,ɔðɛd,ɔðɛd,ɔðɛd
ɔð,ɔðɛg,ɔðɛg,ɔðɛg,ɔðɛg
ɔð,ɔðɛf,ɔðɛf,ɔðɛf,ɔðɛf
ɔð,ɔðɛs,ɔðɛs,ɔðɛs,ɔðɛs
ɔð,ɔðɛv,ɔðɛv,ɔðɛv,ɔðɛv
ɔð,ɔðɛz,ɔðɛz,ɔðɛz,ɔðɛz
ɔð,ɔðɛʃ,ɔðɛʃ,ɔðɛʃ,ɔðɛʃ
ɔð,ɔðɛʒ,ɔðɛʒ,ɔðɛʒ,ɔðɛʒ
ɔð,ɔðɛθ,ɔðɛθ,ɔðɛθ,ɔðɛθ
ɔð,ɔðɛð,ɔðɛð,ɔðɛð,ɔðɛð
ɔm,ɔmʊm,ɔmɪm,ɔmʊm,ɔmɪm
ɔm,ɔmʊn,ɔmɪn,ɔmʊn,ɔmɪn
ɔm,ɔmʊŋ,ɔmɪŋ,ɔmʊŋ,ɔmɪŋ
ɔm,ɔmʊp,ɔmɪp,ɔmʊp,ɔmɪp
ɔm,ɔmʊt,ɔmɪt,ɔmʊt,ɔmɪt
ɔm,ɔmʊk,ɔmɪk,ɔmʊk,ɔmɪk
ɔm,ɔmʊb,ɔmɪb,ɔmʊb,ɔmɪb
ɔm,ɔmʊd,ɔmɪd,ɔmʊd,ɔmɪd
ɔm,ɔmʊg,ɔmɪg,ɔmʊg,ɔmɪg
ɔm,ɔmʊf,ɔmɪf,ɔmʊf,ɔmɪf
ɔm,ɔmʊs,ɔmɪs,ɔmʊs,ɔmɪs
ɔm,ɔmʊv,ɔmɪv,ɔmʊv,ɔmɪv
ɔm,ɔmʊz,ɔmɪz,ɔmʊz,ɔmɪz
ɔm,ɔmʊʃ,ɔmɪʃ,ɔmʊʃ,ɔmɪʃ
ɔm,ɔmʊʒ,ɔmɪʒ,ɔmʊʒ,ɔmɪʒ
ɔm,ɔmʊθ,ɔmɪθ,ɔmʊθ,ɔmɪθ
ɔm,ɔmʊð,ɔmɪð,ɔmʊð,ɔmɪð
ɔn,ɔnʊm,ɔnɪm,ɔnʊm,ɔnɪm
ɔn,ɔnʊn,ɔnɪn,ɔnʊn,ɔnɪn
ɔn,ɔnʊŋ,ɔnɪŋ,ɔnʊŋ,ɔnɪŋ
ɔn,ɔnʊp,ɔnɪp,ɔnʊp,ɔnɪp
ɔn,ɔnʊt,ɔnɪt,ɔnʊt,ɔnɪt
ɔn,ɔnʊk,ɔnɪk,ɔnʊk,ɔnɪk
ɔn,ɔnʊb,ɔnɪb,ɔnʊb,ɔnɪb
ɔn,ɔnʊd,ɔnɪd,ɔnʊd,ɔnɪd
ɔn,ɔnʊg,ɔnɪg,ɔnʊg,ɔnɪg
ɔn,ɔnʊf,ɔnɪf,ɔnʊf,ɔnɪf
ɔn,ɔnʊs,ɔnɪs,ɔnʊs,ɔnɪs
ɔn,ɔnʊv,ɔnɪv,ɔnʊv,ɔnɪv
ɔn,ɔnʊz,ɔnɪz,ɔnʊz,ɔnɪz
ɔn,ɔnʊʃ,ɔnɪʃ,ɔnʊʃ,ɔnɪʃ
ɔn,ɔnʊʒ,ɔnɪʒ,ɔnʊʒ,ɔnɪʒ
ɔn,ɔnʊθ,ɔnɪθ,ɔnʊθ,ɔnɪθ
ɔn,ɔnʊð,ɔnɪð,ɔnʊð,ɔnɪð
ɔŋ,ɔŋʊm,ɔŋɪm,ɔŋʊm,ɔŋɪm
ɔŋ,ɔŋʊn,ɔŋɪn,ɔŋʊn,ɔŋɪn
ɔŋ,ɔŋʊŋ,ɔŋɪŋ,ɔŋʊŋ,ɔŋɪŋ
ɔŋ,ɔŋʊp,ɔŋɪp,ɔŋʊp,ɔŋɪp
ɔŋ,ɔŋʊt,ɔŋɪt,ɔŋʊt,ɔŋɪt
ɔŋ,ɔŋʊk,ɔŋɪk,ɔŋʊk,ɔŋɪk
ɔŋ,ɔŋʊb,ɔŋɪb,ɔŋʊb,ɔŋɪb
ɔŋ,ɔŋʊd,ɔŋɪd,ɔŋʊd,ɔŋɪd
ɔŋ,ɔŋʊg,ɔŋɪg,ɔŋʊg,ɔŋɪg
ɔŋ,ɔŋʊf,ɔŋɪf,ɔŋʊf,ɔŋɪf
ɔŋ,ɔŋʊs,ɔŋɪs,ɔŋʊs,ɔŋɪs
ɔŋ,ɔŋʊv,ɔŋɪv,ɔŋʊv,ɔŋɪv
ɔŋ,ɔŋʊz,ɔŋɪz,ɔŋʊz,ɔŋɪz
ɔŋ,ɔŋʊʃ,ɔŋɪʃ,ɔŋʊʃ,ɔŋɪʃ
ɔŋ,ɔŋʊʒ,ɔŋɪʒ,ɔŋʊʒ,ɔŋɪʒ
ɔŋ,ɔŋʊθ,ɔŋɪθ,ɔŋʊθ,ɔŋɪθ
ɔŋ,ɔŋʊð,ɔŋɪð,ɔŋʊð,ɔŋɪð
ɔp,ɔpʊm,ɔpɪm,ɔpʊm,ɔpɪm
ɔp,ɔpʊn,ɔpɪn,ɔpʊn,ɔpɪn
ɔp,ɔpʊŋ,ɔpɪŋ,ɔpʊŋ,ɔpɪŋ
ɔp,ɔpʊp,ɔpɪp,ɔpʊp,ɔpɪp
ɔp,ɔpʊt,ɔpɪt,ɔpʊt,ɔpɪt
ɔp,ɔpʊk,ɔpɪk,ɔpʊk,ɔpɪk
ɔp,ɔpʊb,ɔpɪb,ɔpʊb,ɔpɪb
ɔp,ɔpʊd,ɔpɪd,ɔpʊd,ɔpɪd
ɔp,ɔpʊg,ɔpɪg,ɔpʊg,ɔpɪg
ɔp,ɔpʊf,ɔpɪf,ɔpʊf,ɔpɪf
ɔp,ɔpʊs,ɔpɪs,ɔpʊs,ɔpɪs
ɔp,ɔpʊv,ɔpɪv,ɔpʊv,ɔpɪv
ɔp,ɔpʊz,ɔpɪz,ɔpʊz,ɔpɪz
ɔp,ɔpʊʃ,ɔpɪʃ,ɔpʊʃ,ɔpɪʃ
ɔp,ɔpʊʒ,ɔpɪʒ,ɔpʊʒ,ɔpɪʒ
ɔp,ɔpʊθ,ɔpɪθ,ɔpʊθ,ɔpɪθ
ɔp,ɔpʊð,ɔpɪð,ɔpʊð,ɔpɪð
ɔt,ɔtʊm,ɔtɪm,ɔtʊm,ɔtɪm
ɔt,ɔtʊn,ɔtɪn,ɔtʊn,ɔtɪn
ɔt,ɔtʊŋ,ɔtɪŋ,ɔtʊŋ,ɔtɪŋ
ɔt,ɔtʊp,ɔtɪp,ɔtʊp,ɔtɪp
ɔt,ɔtʊt,ɔtɪt,ɔtʊt,ɔtɪt
ɔt,ɔtʊk,ɔtɪk,ɔtʊk,ɔtɪk
ɔt,ɔtʊb,ɔtɪb,ɔtʊb,ɔtɪb
ɔt,ɔtʊd,ɔtɪd,ɔtʊd,ɔtɪd
ɔt,ɔtʊg,ɔtɪg,ɔtʊg,ɔtɪg
ɔt,ɔtʊf,ɔtɪf,ɔtʊf,ɔtɪf
ɔt,ɔtʊs,ɔtɪs,ɔtʊs,ɔtɪs
ɔt,ɔtʊv,ɔtɪv,ɔtʊv,ɔtɪv
ɔt,ɔtʊz,ɔtɪz,ɔtʊz,ɔtɪz
ɔt,ɔtʊʃ,ɔtɪʃ,ɔtʊʃ,ɔtɪʃ
ɔt,ɔtʊʒ,ɔtɪʒ,ɔtʊʒ,ɔtɪʒ
ɔt,ɔtʊθ,ɔtɪθ,ɔtʊθ,ɔtɪθ
ɔt,ɔtʊð,ɔtɪð,ɔtʊð,ɔtɪð
ɔk,ɔkʊm,ɔkɪm,ɔkʊm,ɔkɪm
ɔk,ɔkʊn,ɔkɪn,ɔkʊn,ɔkɪn
ɔk,ɔkʊŋ,ɔkɪŋ,ɔkʊŋ,ɔkɪŋ
ɔk,ɔkʊp,ɔkɪp,ɔkʊp,ɔkɪp
ɔk,ɔkʊt,ɔkɪt,ɔkʊt,ɔkɪt
ɔk,ɔkʊk,ɔkɪk,ɔkʊk,ɔkɪk
ɔk,ɔkʊb,ɔkɪb,ɔkʊb,ɔkɪb
ɔk,ɔkʊd,ɔkɪd,ɔkʊd,ɔkɪd
ɔk,ɔkʊg,ɔkɪg,ɔkʊg,ɔkɪg
ɔk,ɔkʊf,ɔkɪf,ɔkʊf,ɔkɪf
ɔk,ɔkʊs,ɔkɪs,ɔkʊs,ɔkɪs
ɔk,ɔkʊv,ɔkɪv,ɔkʊv,ɔkɪv
ɔk,ɔkʊz,ɔkɪz,ɔkʊz,ɔkɪz
ɔk,ɔkʊʃ,ɔkɪʃ,ɔkʊʃ,ɔkɪʃ
ɔk,ɔkʊʒ,ɔkɪʒ,ɔkʊʒ,ɔkɪʒ
ɔk,ɔkʊθ,ɔkɪθ,ɔkʊθ,ɔkɪθ
ɔk,ɔkʊð,ɔkɪð,ɔkʊð,ɔkɪð
ɔb,ɔbʊm,ɔbɪm,ɔbʊm,ɔbɪm
ɔb,ɔbʊn,ɔbɪn,ɔbʊn,ɔbɪn
ɔb,ɔbʊŋ,ɔbɪŋ,ɔbʊŋ,ɔbɪŋ
ɔb,ɔbʊp,ɔbɪp,ɔbʊp,ɔbɪp
ɔb,ɔbʊt,ɔbɪt,ɔbʊt,ɔbɪt
ɔb,ɔbʊk,ɔbɪk,ɔbʊk,ɔbɪk
ɔb,ɔbʊb,ɔbɪb,ɔbʊb,ɔbɪb
ɔb,ɔbʊd,ɔbɪd,ɔbʊd,ɔbɪd
ɔb,ɔbʊg,ɔbɪg,ɔbʊg,ɔbɪg
ɔb,ɔbʊf,ɔbɪf,ɔbʊf,ɔbɪf
ɔb,ɔbʊs,ɔbɪs,ɔbʊs,ɔbɪs
ɔb,ɔbʊv,ɔbɪv,ɔbʊv,ɔbɪv
ɔb,ɔbʊz,ɔbɪz,ɔbʊz,ɔbɪz
ɔb,ɔbʊʃ,ɔbɪʃ,ɔbʊʃ,ɔbɪʃ
ɔb,ɔbʊʒ,ɔbɪʒ,ɔbʊʒ,ɔbɪʒ
ɔb,ɔbʊθ,ɔbɪθ,ɔbʊθ,ɔbɪθ
ɔb,ɔbʊð,ɔbɪð,ɔbʊð,ɔbɪð
ɔd,ɔdʊm,ɔdɪm,ɔdʊm,ɔdɪm
ɔd,ɔdʊn,ɔdɪn,ɔdʊn,ɔdɪn
ɔd,ɔdʊŋ,ɔdɪŋ,ɔdʊŋ,ɔdɪŋ
ɔd,ɔdʊp,ɔdɪp,ɔdʊp,ɔdɪp
ɔd,ɔdʊt,ɔdɪt,ɔdʊt,ɔdɪt
ɔd,ɔdʊk,ɔdɪk,ɔdʊk,ɔdɪk
ɔd,ɔdʊb,ɔdɪb,ɔdʊb,ɔdɪb
ɔd,ɔdʊd,ɔdɪd,ɔdʊd,ɔdɪd
ɔd,ɔdʊg,ɔdɪg,ɔdʊg,ɔdɪg
ɔd,ɔdʊf,ɔdɪf,ɔdʊf,ɔdɪf
ɔd,ɔdʊs,ɔdɪs,ɔdʊs,ɔdɪs
ɔd,ɔdʊv,ɔdɪv,ɔdʊv,ɔdɪv
ɔd,ɔdʊz,ɔdɪz,ɔdʊz,ɔdɪz
ɔd,ɔdʊʃ,ɔdɪʃ,ɔdʊʃ,ɔdɪʃ
ɔd,ɔdʊʒ,ɔdɪʒ,ɔdʊʒ,ɔdɪʒ
ɔd,ɔdʊθ,ɔdɪθ,ɔdʊθ,ɔdɪθ
ɔd,ɔdʊð,ɔdɪð,ɔdʊð,ɔdɪð
ɔg,ɔgʊm,ɔgɪm,ɔgʊm,ɔgɪm
ɔg,ɔgʊn,ɔgɪn,ɔgʊn,ɔgɪn
ɔg,ɔgʊŋ,ɔgɪŋ,ɔgʊŋ,ɔgɪŋ
ɔg,ɔgʊp,ɔgɪp,ɔgʊp,ɔgɪp
ɔg,ɔgʊt,ɔgɪt,ɔgʊt,ɔgɪt
ɔg,ɔgʊk,ɔgɪk,ɔgʊk,ɔgɪk
ɔg,ɔgʊb,ɔgɪb,ɔgʊb,ɔgɪb
ɔg,ɔgʊd,ɔgɪd,ɔgʊd,ɔgɪd
ɔg,ɔgʊg,ɔgɪg,ɔgʊg,ɔgɪg
ɔg,ɔgʊf,ɔgɪf,ɔgʊf,ɔgɪf
ɔg,ɔgʊs,ɔgɪs,ɔgʊs,ɔgɪs
ɔg,ɔgʊv,ɔgɪv,ɔgʊv,ɔgɪv
ɔg,ɔgʊz,ɔgɪz,ɔgʊz,ɔgɪz
ɔg,ɔgʊʃ,ɔgɪʃ,ɔgʊʃ,ɔgɪʃ
ɔg,ɔgʊʒ,ɔgɪʒ,ɔgʊʒ,ɔgɪʒ
ɔg,ɔgʊθ,ɔgɪθ,ɔgʊθ,ɔgɪθ
ɔg,ɔgʊð,ɔgɪð,ɔgʊð,ɔgɪð
ɔf,ɔfʊm,ɔfɪm,ɔfʊm,ɔfɪm
ɔf,ɔfʊn,ɔfɪn,ɔfʊn,ɔfɪn
ɔf,ɔfʊŋ,ɔfɪŋ,ɔfʊŋ,ɔfɪŋ
ɔf,ɔfʊp,ɔfɪp,ɔfʊp,ɔfɪp
ɔf,ɔfʊt,ɔfɪt,ɔfʊt,ɔfɪt
ɔf,ɔfʊk,ɔfɪk,ɔfʊk,ɔfɪk
ɔf,ɔfʊb,ɔfɪb,ɔfʊb,ɔfɪb
ɔf,ɔfʊd,ɔfɪd,ɔfʊd,ɔfɪd
ɔf,ɔfʊg,ɔfɪg,ɔfʊg,ɔfɪg
ɔf,ɔfʊf,ɔfɪf,ɔfʊf,ɔfɪf
ɔf,ɔfʊs,ɔfɪs,ɔfʊs,ɔfɪs
ɔf,ɔfʊv,ɔfɪv,ɔfʊv,ɔfɪv
ɔf,ɔfʊz,ɔfɪz,ɔfʊz,ɔfɪz
ɔf,ɔfʊʃ,ɔfɪʃ,ɔfʊʃ,ɔfɪʃ
ɔf,ɔfʊʒ,ɔfɪʒ,ɔfʊʒ,ɔfɪʒ
ɔf,ɔfʊθ,ɔfɪθ,ɔfʊθ,ɔfɪθ
ɔf,ɔfʊð,ɔfɪð,ɔfʊð,ɔfɪð
ɔs,ɔsʊm,ɔsɪm,ɔsʊm,ɔsɪm
ɔs,ɔsʊn,ɔsɪn,ɔsʊn,ɔsɪn
ɔs,ɔsʊŋ,ɔsɪŋ,ɔsʊŋ,ɔsɪŋ
ɔs,ɔsʊp,ɔsɪp,ɔsʊp,ɔsɪp
ɔs,ɔsʊt,ɔsɪt,ɔsʊt,ɔsɪt
ɔs,ɔsʊk,ɔsɪk,ɔsʊk,ɔsɪk
ɔs,ɔsʊb,ɔsɪb,ɔsʊb,ɔsɪb
ɔs,ɔsʊd,ɔsɪd,ɔsʊd,ɔsɪd
ɔs,ɔsʊg,ɔsɪg,ɔsʊg,ɔsɪg
ɔs,ɔsʊf,ɔsɪf,ɔsʊf,ɔsɪf
ɔs,ɔsʊs,ɔsɪs,ɔsʊs,ɔsɪs
ɔs,ɔsʊv,ɔsɪv,ɔsʊv,ɔsɪv
ɔs,ɔsʊz,ɔsɪz,ɔsʊz,ɔsɪz
ɔs,ɔsʊʃ,ɔsɪʃ,ɔsʊʃ,ɔsɪʃ
ɔs,ɔsʊʒ,ɔsɪʒ,ɔsʊʒ,ɔsɪʒ
ɔs,ɔsʊθ,ɔsɪθ,ɔsʊθ,ɔsɪθ
ɔs,ɔsʊð,ɔsɪð,ɔsʊð,ɔsɪð
ɔv,ɔvʊm,ɔvɪm,ɔvʊm,ɔvɪm
ɔv,ɔvʊn,ɔvɪn,ɔvʊn,ɔvɪn
ɔv,ɔvʊŋ,ɔvɪŋ,ɔvʊŋ,ɔvɪŋ
ɔv,ɔvʊp,ɔvɪp,ɔvʊp,ɔvɪp
ɔv,ɔvʊt,ɔvɪt,ɔvʊt,ɔvɪt
ɔv,ɔvʊk,ɔvɪk,ɔvʊk,ɔvɪk
ɔv,ɔvʊb,ɔvɪb,ɔvʊb,ɔvɪb
ɔv,ɔvʊd,ɔvɪd,ɔvʊd,ɔvɪd
ɔv,ɔvʊg,ɔvɪg,ɔvʊg,ɔvɪg
ɔv,ɔvʊf,ɔvɪf,ɔvʊf,ɔvɪf
ɔv,ɔvʊs,ɔvɪs,ɔvʊs,ɔvɪs
ɔv,ɔvʊv,ɔvɪv,ɔvʊv,ɔvɪv
ɔv,ɔvʊz,ɔvɪz,ɔvʊz,ɔvɪz
ɔv,ɔvʊʃ,ɔvɪʃ,ɔvʊʃ,ɔvɪʃ
ɔv,ɔvʊʒ,ɔvɪʒ,ɔvʊʒ,ɔvɪʒ
ɔv,ɔvʊθ,ɔvɪθ,ɔvʊθ,ɔvɪθ
ɔv,ɔvʊð,ɔvɪð,ɔvʊð,ɔvɪð
ɔz,ɔzʊm,ɔzɪm,ɔzʊm,ɔzɪm
ɔz,ɔzʊn,ɔzɪn,ɔzʊn,ɔzɪn
ɔz,ɔzʊŋ,ɔzɪŋ,ɔzʊŋ,ɔzɪŋ
ɔz,ɔzʊp,ɔzɪp,ɔzʊp,ɔzɪp
ɔz,ɔzʊt,ɔzɪt,ɔzʊt,ɔzɪt
ɔz,ɔzʊk,ɔzɪk,ɔzʊk,ɔzɪk
ɔz,ɔzʊb,ɔzɪb,ɔzʊb,ɔzɪb
ɔz,ɔzʊd,ɔzɪd,ɔzʊd,ɔzɪd
ɔz,ɔzʊg,ɔzɪg,ɔzʊg,ɔzɪg
ɔz,ɔzʊf,ɔzɪf,ɔzʊf,ɔzɪf
ɔz,ɔzʊs,ɔzɪs,ɔzʊs,ɔzɪs
ɔz,ɔzʊv,ɔzɪv,ɔzʊv,ɔzɪv
ɔz,ɔzʊz,ɔzɪz,ɔzʊz,ɔzɪz
ɔz,ɔzʊʃ,ɔzɪʃ,ɔzʊʃ,ɔzɪʃ
ɔz,ɔzʊʒ,ɔzɪʒ,ɔzʊʒ,ɔzɪʒ
ɔz,ɔzʊθ,ɔzɪθ,ɔzʊθ,ɔzɪθ
ɔz,ɔzʊð,ɔzɪð,ɔzʊð,ɔzɪð
ɔʃ,ɔʃʊm,ɔʃɪm,ɔʃʊm,ɔʃɪm
ɔʃ,ɔʃʊn,ɔʃɪn,ɔʃʊn,ɔʃɪn
ɔʃ,ɔʃʊŋ,ɔʃɪŋ,ɔʃʊŋ,ɔʃɪŋ
ɔʃ,ɔʃʊp,ɔʃɪp,ɔʃʊp,ɔʃɪp
ɔʃ,ɔʃʊt,ɔʃɪt,ɔʃʊt,ɔʃɪt
ɔʃ,ɔʃʊk,ɔʃɪk,ɔʃʊk,ɔʃɪk
ɔʃ,ɔʃʊb,ɔʃɪb,ɔʃʊb,ɔʃɪb
ɔʃ,ɔʃʊd,ɔʃɪd,ɔʃʊd,ɔʃɪd
ɔʃ,ɔʃʊg,ɔʃɪg,ɔʃʊg,ɔʃɪg
ɔʃ,ɔʃʊf,ɔʃɪf,ɔʃʊf,ɔʃɪf
ɔʃ,ɔʃʊs,ɔʃɪs,ɔʃʊs,ɔʃɪs
ɔʃ,ɔʃʊv,ɔʃɪv,ɔʃʊv,ɔʃɪv
ɔʃ,ɔʃʊz,ɔʃɪz,ɔʃʊz,ɔʃɪz
ɔʃ,ɔʃʊʃ,ɔʃɪʃ,ɔʃʊʃ,ɔʃɪʃ
ɔʃ,ɔʃʊʒ,ɔʃɪʒ,ɔʃʊʒ,ɔʃɪʒ
ɔʃ,ɔʃʊθ,ɔʃɪθ,ɔʃʊθ,ɔʃɪθ
ɔʃ,ɔʃʊð,ɔʃɪð,ɔʃʊð,ɔʃɪð
ɔʒ,ɔʒʊm,ɔʒɪm,ɔʒʊm,ɔʒɪm
ɔʒ,ɔʒʊn,ɔʒɪn,ɔʒʊn,ɔʒɪn
ɔʒ,ɔʒʊŋ,ɔʒɪŋ,ɔʒʊŋ,ɔʒɪŋ
ɔʒ,ɔʒʊp,ɔʒɪp,ɔʒʊp,ɔʒɪp
ɔʒ,ɔʒʊt,ɔʒɪt,ɔʒʊt,ɔʒɪt
ɔʒ,ɔʒʊk,ɔʒɪk,ɔʒʊk,ɔʒɪk
ɔʒ,ɔʒʊb,ɔʒɪb,ɔʒʊb,ɔʒɪb
ɔʒ,ɔʒʊd,ɔʒɪd,ɔʒʊd,ɔʒɪd
ɔʒ,ɔʒʊg,ɔʒɪg,ɔʒʊg,ɔʒɪg
ɔʒ,ɔʒʊf,ɔʒɪf,ɔʒʊf,ɔʒɪf
ɔʒ,ɔʒʊs,ɔʒɪs,ɔʒʊs,ɔʒɪs
ɔʒ,ɔʒʊv,ɔʒɪv,ɔʒʊv,ɔʒɪv
ɔʒ,ɔʒʊz,ɔʒɪz,ɔʒʊz,ɔʒɪz
ɔʒ,ɔʒʊʃ,ɔʒɪʃ,ɔʒʊʃ,ɔʒɪʃ
ɔʒ,ɔʒʊʒ,ɔʒɪʒ,ɔʒʊʒ,ɔʒɪʒ
ɔʒ,ɔʒʊθ,ɔʒɪθ,ɔʒʊθ,ɔʒɪθ
ɔʒ,ɔʒʊð,ɔʒɪð,ɔʒʊð,ɔʒɪð
ɔθ,ɔθʊm,ɔθɪm,ɔθʊm,ɔθɪm
ɔθ,ɔθʊn,ɔθɪn,ɔθʊn,ɔθɪn
ɔθ,ɔθʊŋ,ɔθɪŋ,ɔθʊŋ,ɔθɪŋ
ɔθ,ɔθʊp,ɔθɪp,ɔθʊp,ɔθɪp
ɔθ,ɔθʊt,ɔθɪt,ɔθʊt,ɔθɪt
ɔθ,ɔθʊk,ɔθɪk,ɔθʊk,ɔθɪk
ɔθ,ɔθʊb,ɔθɪb,ɔθʊb,ɔθɪb
ɔθ,ɔθʊd,ɔθɪd,ɔθʊd,ɔθɪd
ɔθ,ɔθʊg,ɔθɪg,ɔθʊg,ɔθɪg
ɔθ,ɔθʊf,ɔθɪf,ɔθʊf,ɔθɪf
ɔθ,ɔθʊs,ɔθɪs,ɔθʊs,ɔθɪs
ɔθ,ɔθʊv,ɔθɪv,ɔθʊv,ɔθɪv
ɔθ,ɔθʊz,ɔθɪz,ɔθʊz,ɔθɪz
ɔθ,ɔθʊʃ,ɔθɪʃ,ɔθʊʃ,ɔθɪʃ
ɔθ,ɔθʊʒ,ɔθɪʒ,ɔθʊʒ,ɔθɪʒ
ɔθ,ɔθʊθ,ɔθɪθ,ɔθʊθ,ɔθɪθ
ɔθ,ɔθʊð,ɔθɪð,ɔθʊð,ɔθɪð
ɔð,ɔðʊm,ɔðɪm,ɔðʊm,ɔðɪm
ɔð,ɔðʊn,ɔðɪn,ɔðʊn,ɔðɪn
ɔð,ɔðʊŋ,ɔðɪŋ,ɔðʊŋ,ɔðɪŋ
ɔð,ɔðʊp,ɔðɪp,ɔðʊp,ɔðɪp
ɔð,ɔðʊt,ɔðɪt,ɔðʊt,ɔðɪt
ɔð,ɔðʊk,ɔðɪk,ɔðʊk,ɔðɪk
ɔð,ɔðʊb,ɔðɪb,ɔðʊb,ɔðɪb
ɔð,ɔðʊd,ɔðɪd,ɔðʊd,ɔðɪd
ɔð,ɔðʊg,ɔðɪg,ɔðʊg,ɔðɪg
ɔð,ɔðʊf,ɔðɪf,ɔðʊf,ɔðɪf
ɔð,ɔðʊs,ɔðɪs,ɔðʊs,ɔðɪs
ɔð,ɔðʊv,ɔðɪv,ɔðʊv,ɔðɪv
ɔð,ɔðʊz,ɔðɪz,ɔðʊz,ɔðɪz
ɔð,ɔðʊʃ,ɔðɪʃ,ɔðʊʃ,ɔðɪʃ
ɔð,ɔðʊʒ,ɔðɪʒ,ɔðʊʒ,ɔðɪʒ
ɔð,ɔðʊθ,ɔðɪθ,ɔðʊθ,ɔðɪθ
ɔð,ɔðʊð,ɔðɪð,ɔðʊð,ɔðɪð
ɔm,ɔmɔm,ɔmɛm,ɔmɔm,ɔmɛm
ɔm,ɔmɔn,ɔmɛn,ɔmɔn,ɔmɛn
ɔm,ɔmɔŋ,ɔmɛŋ,ɔmɔŋ,ɔmɛŋ
ɔm,ɔmɔp,ɔmɛp,ɔmɔp,ɔmɛp
ɔm,ɔmɔt,ɔmɛt,ɔmɔt,ɔmɛt
ɔm,ɔmɔk,ɔmɛk,ɔmɔk,ɔmɛk
ɔm,ɔmɔb,ɔmɛb,ɔmɔb,ɔmɛb
ɔm,ɔmɔd,ɔmɛd,ɔmɔd,ɔmɛd
ɔm,ɔmɔg,ɔmɛg,ɔmɔg,ɔmɛg
ɔm,ɔmɔf,ɔmɛf,ɔmɔf,ɔmɛf
ɔm,ɔmɔs,ɔmɛs,ɔmɔs,ɔmɛs
ɔm,ɔmɔv,ɔmɛv,ɔmɔv,ɔmɛv
ɔm,ɔmɔz,ɔmɛz,ɔmɔz,ɔmɛz
ɔm,ɔmɔʃ,ɔmɛʃ,ɔmɔʃ,ɔmɛʃ
ɔm,ɔmɔʒ,ɔmɛʒ,ɔmɔʒ,ɔmɛʒ
ɔm,ɔmɔθ,ɔmɛθ,ɔmɔθ,ɔmɛθ
ɔm,ɔmɔð,ɔmɛð,ɔmɔð,ɔmɛð
ɔn,ɔnɔm,ɔnɛm,ɔnɔm,ɔnɛm
ɔn,ɔnɔn,ɔnɛn,ɔnɔn,ɔnɛn
ɔn,ɔnɔŋ,ɔnɛŋ,ɔnɔŋ,ɔnɛŋ
ɔn,ɔnɔp,ɔnɛp,ɔnɔp,ɔnɛp
ɔn,ɔnɔt,ɔnɛt,ɔnɔt,ɔnɛt
ɔn,ɔnɔk,ɔnɛk,ɔnɔk,ɔnɛk
ɔn,ɔnɔb,ɔnɛb,ɔnɔb,ɔnɛb
ɔn,ɔnɔd,ɔnɛd,ɔnɔd,ɔnɛd
ɔn,ɔnɔg,ɔnɛg,ɔnɔg,ɔnɛg
ɔn,ɔnɔf,ɔnɛf,ɔnɔf,ɔnɛf
ɔn,ɔnɔs,ɔnɛs,ɔnɔs,ɔnɛs
ɔn,ɔnɔv,ɔnɛv,ɔnɔv,ɔnɛv
ɔn,ɔnɔz,ɔnɛz,ɔnɔz,ɔnɛz
ɔn,ɔnɔʃ,ɔnɛʃ,ɔnɔʃ,ɔnɛʃ
ɔn,ɔnɔʒ,ɔnɛʒ,ɔnɔʒ,ɔnɛʒ
ɔn,ɔnɔθ,ɔnɛθ,ɔnɔθ,ɔnɛθ
ɔn,ɔnɔð,ɔnɛð,ɔnɔð,ɔnɛð
ɔŋ,ɔŋɔm,ɔŋɛm,ɔŋɔm,ɔŋɛm
ɔŋ,ɔŋɔn,ɔŋɛn,ɔŋɔn,ɔŋɛn
ɔŋ,ɔŋɔŋ,ɔŋɛŋ,ɔŋɔŋ,ɔŋɛŋ
ɔŋ,ɔŋɔp,ɔŋɛp,ɔŋɔp,ɔŋɛp
ɔŋ,ɔŋɔt,ɔŋɛt,ɔŋɔt,ɔŋɛt
ɔŋ,ɔŋɔk,ɔŋɛk,ɔŋɔk,ɔŋɛk
ɔŋ,ɔŋɔb,ɔŋɛb,ɔŋɔb,ɔŋɛb
ɔŋ,ɔŋɔd,ɔŋɛd,ɔŋɔd,ɔŋɛd
ɔŋ,ɔŋɔg,ɔŋɛg,ɔŋɔg,ɔŋɛg
ɔŋ,ɔŋɔf,ɔŋɛf,ɔŋɔf,ɔŋɛf
ɔŋ,ɔŋɔs,ɔŋɛs,ɔŋɔs,ɔŋɛs
ɔŋ,ɔŋɔv,ɔŋɛv,ɔŋɔv,ɔŋɛv
ɔŋ,ɔŋɔz,ɔŋɛz,ɔŋɔz,ɔŋɛz
ɔŋ,ɔŋɔʃ,ɔŋɛʃ,ɔŋɔʃ,ɔŋɛʃ
ɔŋ,ɔŋɔʒ,ɔŋɛʒ,ɔŋɔʒ,ɔŋɛʒ
ɔŋ,ɔŋɔθ,ɔŋɛθ,ɔŋɔθ,ɔŋɛθ
ɔŋ,ɔŋɔð,ɔŋɛð,ɔŋɔð,ɔŋɛð
ɔp,ɔpɔm,ɔpɛm,ɔpɔm,ɔpɛm
ɔp,ɔpɔn,ɔpɛn,ɔpɔn,ɔpɛn
ɔp,ɔpɔŋ,ɔpɛŋ,ɔpɔŋ,ɔpɛŋ
ɔp,ɔpɔp,ɔpɛp,ɔpɔp,ɔpɛp
ɔp,ɔpɔt,ɔpɛt,ɔpɔt,ɔpɛt
ɔp,ɔpɔk,ɔpɛk,ɔpɔk,ɔpɛk
ɔp,ɔpɔb,ɔpɛb,ɔpɔb,ɔpɛb
ɔp,ɔpɔd,ɔpɛd,ɔpɔd,ɔpɛd
ɔp,ɔpɔg,ɔpɛg,ɔpɔg,ɔpɛg
ɔp,ɔpɔf,ɔpɛf,ɔpɔf,ɔpɛf
ɔp,ɔpɔs,ɔpɛs,ɔpɔs,ɔpɛs
ɔp,ɔpɔv,ɔpɛv,ɔpɔv,ɔpɛv
ɔp,ɔpɔz,ɔpɛz,ɔpɔz,ɔpɛz
ɔp,ɔpɔʃ,ɔpɛʃ,ɔpɔʃ,ɔpɛʃ
ɔp,ɔpɔʒ,ɔpɛʒ,ɔpɔʒ,ɔpɛʒ
ɔp,ɔpɔθ,ɔpɛθ,ɔpɔθ,ɔpɛθ
ɔp,ɔpɔð,ɔpɛð,ɔpɔð,ɔpɛð
ɔt,ɔtɔm,ɔtɛm,ɔtɔm,ɔtɛm
ɔt,ɔtɔn,ɔtɛn,ɔtɔn,ɔtɛn
ɔt,ɔtɔŋ,ɔtɛŋ,ɔtɔŋ,ɔtɛŋ
ɔt,ɔtɔp,ɔtɛp,ɔtɔp,ɔtɛp
ɔt,ɔtɔt,ɔtɛt,ɔtɔt,ɔtɛt
ɔt,ɔtɔk,ɔtɛk,ɔtɔk,ɔtɛk
ɔt,ɔtɔb,ɔtɛb,ɔtɔb,ɔtɛb
ɔt,ɔtɔd,ɔtɛd,ɔtɔd,ɔtɛd
ɔt,ɔtɔg,ɔtɛg,ɔtɔg,ɔtɛg
ɔt,ɔtɔf,ɔtɛf,ɔtɔf,ɔtɛf
ɔt,ɔtɔs,ɔtɛs,ɔtɔs,ɔtɛs
ɔt,ɔtɔv,ɔtɛv,ɔtɔv,ɔtɛv
ɔt,ɔtɔz,ɔtɛz,ɔtɔz,ɔtɛz
ɔt,ɔtɔʃ,ɔtɛʃ,ɔtɔʃ,ɔtɛʃ
ɔt,ɔtɔʒ,ɔtɛʒ,ɔtɔʒ,ɔtɛʒ
ɔt,ɔtɔθ,ɔtɛθ,ɔtɔθ,ɔtɛθ
ɔt,ɔtɔð,ɔtɛð,ɔtɔð,ɔtɛð
ɔk,ɔkɔm,ɔkɛm,ɔkɔm,ɔkɛm
ɔk,ɔkɔn,ɔkɛn,ɔkɔn,ɔkɛn
ɔk,ɔkɔŋ,ɔkɛŋ,ɔkɔŋ,ɔkɛŋ
ɔk,ɔkɔp,ɔkɛp,ɔkɔp,ɔkɛp
ɔk,ɔkɔt,ɔkɛt,ɔkɔt,ɔkɛt
ɔk,ɔkɔk,ɔkɛk,ɔkɔk,ɔkɛk
ɔk,ɔkɔb,ɔkɛb,ɔkɔb,ɔkɛb
ɔk,ɔkɔd,ɔkɛd,ɔkɔd,ɔkɛd
ɔk,ɔkɔg,ɔkɛg,ɔkɔg,ɔkɛg
ɔk,ɔkɔf,ɔkɛf,ɔkɔf,ɔkɛf
ɔk,ɔkɔs,ɔkɛs,ɔkɔs,ɔkɛs
ɔk,ɔkɔv,ɔkɛv,ɔkɔv,ɔkɛv
ɔk,ɔkɔz,ɔkɛz,ɔkɔz,ɔkɛz
ɔk,ɔkɔʃ,ɔkɛʃ,ɔkɔʃ,ɔkɛʃ
ɔk,ɔkɔʒ,ɔkɛʒ,ɔkɔʒ,ɔkɛʒ
ɔk,ɔkɔθ,ɔkɛθ,ɔkɔθ,ɔkɛθ
ɔk,ɔkɔð,ɔkɛð,ɔkɔð,ɔkɛð
ɔb,ɔbɔm,ɔbɛm,ɔbɔm,ɔbɛm
ɔb,ɔbɔn,ɔbɛn,ɔbɔn,ɔbɛn
ɔb,ɔbɔŋ,ɔbɛŋ,ɔbɔŋ,ɔbɛŋ
ɔb,ɔbɔp,ɔbɛp,ɔbɔp,ɔbɛp
ɔb,ɔbɔt,ɔbɛt,ɔbɔt,ɔbɛt
ɔb,ɔbɔk,ɔbɛk,ɔbɔk,ɔbɛk
ɔb,ɔbɔb,ɔbɛb,ɔbɔb,ɔbɛb
ɔb,ɔbɔd,ɔbɛd,ɔbɔd,ɔbɛd
ɔb,ɔbɔg,ɔbɛg,ɔbɔg,ɔbɛg
ɔb,ɔbɔf,ɔbɛf,ɔbɔf,ɔbɛf
ɔb,ɔbɔs,ɔbɛs,ɔbɔs,ɔbɛs
ɔb,ɔbɔv,ɔbɛv,ɔbɔv,ɔbɛv
ɔb,ɔbɔz,ɔbɛz,ɔbɔz,ɔbɛz
ɔb,ɔbɔʃ,ɔbɛʃ,ɔbɔʃ,ɔbɛʃ
ɔb,ɔbɔʒ,ɔbɛʒ,ɔbɔʒ,ɔbɛʒ
ɔb,ɔbɔθ,ɔbɛθ,ɔbɔθ,ɔbɛθ
ɔb,ɔbɔð,ɔbɛð,ɔbɔð,ɔbɛð
ɔd,ɔdɔm,ɔdɛm,ɔdɔm,ɔdɛm
ɔd,ɔdɔn,ɔdɛn,ɔdɔn,ɔdɛn
ɔd,ɔdɔŋ,ɔdɛŋ,ɔdɔŋ,ɔdɛŋ
ɔd,ɔdɔp,ɔdɛp,ɔdɔp,ɔdɛp
ɔd,ɔdɔt,ɔdɛt,ɔdɔt,ɔdɛt
ɔd,ɔdɔk,ɔdɛk,ɔdɔk,ɔdɛk
ɔd,ɔdɔb,ɔdɛb,ɔdɔb,ɔdɛb
ɔd,ɔdɔd,ɔdɛd,ɔdɔd,ɔdɛd
ɔd,ɔdɔg,ɔdɛg,ɔdɔg,ɔdɛg
ɔd,ɔdɔf,ɔdɛf,ɔdɔf,ɔdɛf
ɔd,ɔdɔs,ɔdɛs,ɔdɔs,ɔdɛs
ɔd,ɔdɔv,ɔdɛv,ɔdɔv,ɔdɛv
ɔd,ɔdɔz,ɔdɛz,ɔdɔz,ɔdɛz
ɔd,ɔdɔʃ,ɔdɛʃ,ɔdɔʃ,ɔdɛʃ
ɔd,ɔdɔʒ,ɔdɛʒ,ɔdɔʒ,ɔdɛʒ
ɔd,ɔdɔθ,ɔdɛθ,ɔdɔθ,ɔdɛθ
ɔd,ɔdɔð,ɔdɛð,ɔdɔð,ɔdɛð
ɔg,ɔgɔm,ɔgɛm,ɔgɔm,ɔgɛm
ɔg,ɔgɔn,ɔgɛn,ɔgɔn,ɔgɛn
ɔg,ɔgɔŋ,ɔgɛŋ,ɔgɔŋ,ɔgɛŋ
ɔg,ɔgɔp,ɔgɛp,ɔgɔp,ɔgɛp
ɔg,ɔgɔt,ɔgɛt,ɔgɔt,ɔgɛt
ɔg,ɔgɔk,ɔgɛk,ɔgɔk,ɔgɛk
ɔg,ɔgɔb,ɔgɛb,ɔgɔb,ɔgɛb
ɔg,ɔgɔd,ɔgɛd,ɔgɔd,ɔgɛd
ɔg,ɔgɔg,ɔgɛg,ɔgɔg,ɔgɛg
ɔg,ɔgɔf,ɔgɛf,ɔgɔf,ɔgɛf
ɔg,ɔgɔs,ɔgɛs,ɔgɔs,ɔgɛs
ɔg,ɔgɔv,ɔgɛv,ɔgɔv,ɔgɛv
ɔg,ɔgɔz,ɔgɛz,ɔgɔz,ɔgɛz
ɔg,ɔgɔʃ,ɔgɛʃ,ɔgɔʃ,ɔgɛʃ
ɔg,ɔgɔʒ,ɔgɛʒ,ɔgɔʒ,ɔgɛʒ
ɔg,ɔgɔθ,ɔgɛθ,ɔgɔθ,ɔgɛθ
ɔg,ɔgɔð,ɔgɛð,ɔgɔð,ɔgɛð
ɔf,ɔfɔm,ɔfɛm,ɔfɔm,ɔfɛm
ɔf,ɔfɔn,ɔfɛn,ɔfɔn,ɔfɛn
ɔf,ɔfɔŋ,ɔfɛŋ,ɔfɔŋ,ɔfɛŋ
ɔf,ɔfɔp,ɔfɛp,ɔfɔp,ɔfɛp
ɔf,ɔfɔt,ɔfɛt,ɔfɔt,ɔfɛt
ɔf,ɔfɔk,ɔfɛk,ɔfɔk,ɔfɛk
ɔf,ɔfɔb,ɔfɛb,ɔfɔb,ɔfɛb
ɔf,ɔfɔd,ɔfɛd,ɔfɔd,ɔfɛd
ɔf,ɔfɔg,ɔfɛg,ɔfɔg,ɔfɛg
ɔf,ɔfɔf,ɔfɛf,ɔfɔf,ɔfɛf
ɔf,ɔfɔs,ɔfɛs,ɔfɔs,ɔfɛs
ɔf,ɔfɔv,ɔfɛv,ɔfɔv,ɔfɛv
ɔf,ɔfɔz,ɔfɛz,ɔfɔz,ɔfɛz
ɔf,ɔfɔʃ,ɔfɛʃ,ɔfɔʃ,ɔfɛʃ
ɔf,ɔfɔʒ,ɔfɛʒ,ɔfɔʒ,ɔfɛʒ
ɔf,ɔfɔθ,ɔfɛθ,ɔfɔθ,ɔfɛθ
ɔf,ɔfɔð,ɔfɛð,ɔfɔð,ɔfɛð
ɔs,ɔsɔm,ɔsɛm,ɔsɔm,ɔsɛm
ɔs,ɔsɔn,ɔsɛn,ɔsɔn,ɔsɛn
ɔs,ɔsɔŋ,ɔsɛŋ,ɔsɔŋ,ɔsɛŋ
ɔs,ɔsɔp,ɔsɛp,ɔsɔp,ɔsɛp
ɔs,ɔsɔt,ɔsɛt,ɔsɔt,ɔsɛt
ɔs,ɔsɔk,ɔsɛk,ɔsɔk,ɔsɛk
ɔs,ɔsɔb,ɔsɛb,ɔsɔb,ɔsɛb
ɔs,ɔsɔd,ɔsɛd,ɔsɔd,ɔsɛd
ɔs,ɔsɔg,ɔsɛg,ɔsɔg,ɔsɛg
ɔs,ɔsɔf,ɔsɛf,ɔsɔf,ɔsɛf
ɔs,ɔsɔs,ɔsɛs,ɔsɔs,ɔsɛs
ɔs,ɔsɔv,ɔsɛv,ɔsɔv,ɔsɛv
ɔs,ɔsɔz,ɔsɛz,ɔsɔz,ɔsɛz
ɔs,ɔsɔʃ,ɔsɛʃ,ɔsɔʃ,ɔsɛʃ
ɔs,ɔsɔʒ,ɔsɛʒ,ɔsɔʒ,ɔsɛʒ
ɔs,ɔsɔθ,ɔsɛθ,ɔsɔθ,ɔsɛθ
ɔs,ɔsɔð,ɔsɛð,ɔsɔð,ɔsɛð
ɔv,ɔvɔm,ɔvɛm,ɔvɔm,ɔvɛm
ɔv,ɔvɔn,ɔvɛn,ɔvɔn,ɔvɛn
ɔv,ɔvɔŋ,ɔvɛŋ,ɔvɔŋ,ɔvɛŋ
ɔv,ɔvɔp,ɔvɛp,ɔvɔp,ɔvɛp
ɔv,ɔvɔt,ɔvɛt,ɔvɔt,ɔvɛt
ɔv,ɔvɔk,ɔvɛk,ɔvɔk,ɔvɛk
ɔv,ɔvɔb,ɔvɛb,ɔvɔb,ɔvɛb
ɔv,ɔvɔd,ɔvɛd,ɔvɔd,ɔvɛd
ɔv,ɔvɔg,ɔvɛg,ɔvɔg,ɔvɛg
ɔv,ɔvɔf,ɔvɛf,ɔvɔf,ɔvɛf
ɔv,ɔvɔs,ɔvɛs,ɔvɔs,ɔvɛs
ɔv,ɔvɔv,ɔvɛv,ɔvɔv,ɔvɛv
ɔv,ɔvɔz,ɔvɛz,ɔvɔz,ɔvɛz
ɔv,ɔvɔʃ,ɔvɛʃ,ɔvɔʃ,ɔvɛʃ
ɔv,ɔvɔʒ,ɔvɛʒ,ɔvɔʒ,ɔvɛʒ
ɔv,ɔvɔθ,ɔvɛθ,ɔvɔθ,ɔvɛθ
ɔv,ɔvɔð,ɔvɛð,ɔvɔð,ɔvɛð
ɔz,ɔzɔm,ɔzɛm,ɔzɔm,ɔzɛm
ɔz,ɔzɔn,ɔzɛn,ɔzɔn,ɔzɛn
ɔz,ɔzɔŋ,ɔzɛŋ,ɔzɔŋ,ɔzɛŋ
ɔz,ɔzɔp,ɔzɛp,ɔzɔp,ɔzɛp
ɔz,ɔzɔt,ɔzɛt,ɔzɔt,ɔzɛt
ɔz,ɔzɔk,ɔzɛk,ɔzɔk,ɔzɛk
ɔz,ɔzɔb,ɔzɛb,ɔzɔb,ɔzɛb
ɔz,ɔzɔd,ɔzɛd,ɔzɔd,ɔzɛd
ɔz,ɔzɔg,ɔzɛg,ɔzɔg,ɔzɛg
ɔz,ɔzɔf,ɔzɛf,ɔzɔf,ɔzɛf
ɔz,ɔzɔs,ɔzɛs,ɔzɔs,ɔzɛs
ɔz,ɔzɔv,ɔzɛv,ɔzɔv,ɔzɛv
ɔz,ɔzɔz,ɔzɛz,ɔzɔz,ɔzɛz
ɔz,ɔzɔʃ,ɔzɛʃ,ɔzɔʃ,ɔzɛʃ
ɔz,ɔzɔʒ,ɔzɛʒ,ɔzɔʒ,ɔzɛʒ
ɔz,ɔzɔθ,ɔzɛθ,ɔzɔθ,ɔzɛθ
ɔz,ɔzɔð,ɔzɛð,ɔzɔð,ɔzɛð
ɔʃ,ɔʃɔm,ɔʃɛm,ɔʃɔm,ɔʃɛm
ɔʃ,ɔʃɔn,ɔʃɛn,ɔʃɔn,ɔʃɛn
ɔʃ,ɔʃɔŋ,ɔʃɛŋ,ɔʃɔŋ,ɔʃɛŋ
ɔʃ,ɔʃɔp,ɔʃɛp,ɔʃɔp,ɔʃɛp
ɔʃ,ɔʃɔt,ɔʃɛt,ɔʃɔt,ɔʃɛt
ɔʃ,ɔʃɔk,ɔʃɛk,ɔʃɔk,ɔʃɛk
ɔʃ,ɔʃɔb,ɔʃɛb,ɔʃɔb,ɔʃɛb
ɔʃ,ɔʃɔd,ɔʃɛd,ɔʃɔd,ɔʃɛd
ɔʃ,ɔʃɔg,ɔʃɛg,ɔʃɔg,ɔʃɛg
ɔʃ,ɔʃɔf,ɔʃɛf,ɔʃɔf,ɔʃɛf
ɔʃ,ɔʃɔs,ɔʃɛs,ɔʃɔs,ɔʃɛs
ɔʃ,ɔʃɔv,ɔʃɛv,ɔʃɔv,ɔʃɛv
ɔʃ,ɔʃɔz,ɔʃɛz,ɔʃɔz,ɔʃɛz
ɔʃ,ɔʃɔʃ,ɔʃɛʃ,ɔʃɔʃ,ɔʃɛʃ
ɔʃ,ɔʃɔʒ,ɔʃɛʒ,ɔʃɔʒ,ɔʃɛʒ
ɔʃ,ɔʃɔθ,ɔʃɛθ,ɔʃɔθ,ɔʃɛθ
ɔʃ,ɔʃɔð,ɔʃɛð,ɔʃɔð,ɔʃɛð
ɔʒ,ɔʒɔm,ɔʒɛm,ɔʒɔm,ɔʒɛm
ɔʒ,ɔʒɔn,ɔʒɛn,ɔʒɔn,ɔʒɛn
ɔʒ,ɔʒɔŋ,ɔʒɛŋ,ɔʒɔŋ,ɔʒɛŋ
ɔʒ,ɔʒɔp,ɔʒɛp,ɔʒɔp,ɔʒɛp
ɔʒ,ɔʒɔt,ɔʒɛt,ɔʒɔt,ɔʒɛt
ɔʒ,ɔʒɔk,ɔʒɛk,ɔʒɔk,ɔʒɛk
ɔʒ,ɔʒɔb,ɔʒɛb,ɔʒɔb,ɔʒɛb
ɔʒ,ɔʒɔd,ɔʒɛd,ɔʒɔd,ɔʒɛd
ɔʒ,ɔʒɔg,ɔʒɛg,ɔʒɔg,ɔʒɛg
ɔʒ,ɔʒɔf,ɔʒɛf,ɔʒɔf,ɔʒɛf
ɔʒ,ɔʒɔs,ɔʒɛs,ɔʒɔs,ɔʒɛs
ɔʒ,ɔʒɔv,ɔʒɛv,ɔʒɔv,ɔʒɛv
ɔʒ,ɔʒɔz,ɔʒɛz,ɔʒɔz,ɔʒɛz
ɔʒ,ɔʒɔʃ,ɔʒɛʃ,ɔʒɔʃ,ɔʒɛʃ
ɔʒ,ɔʒɔʒ,ɔʒɛʒ,ɔʒɔʒ,ɔʒɛʒ
ɔʒ,ɔʒɔθ,ɔʒɛθ,ɔʒɔθ,ɔʒɛθ
ɔʒ,ɔʒɔð,ɔʒɛð,ɔʒɔð,ɔʒɛð
ɔθ,ɔθɔm,ɔθɛm,ɔθɔm,ɔθɛm
ɔθ,ɔθɔn,ɔθɛn,ɔθɔn,ɔθɛn
ɔθ,ɔθɔŋ,ɔθɛŋ,ɔθɔŋ,ɔθɛŋ
ɔθ,ɔθɔp,ɔθɛp,ɔθɔp,ɔθɛp
ɔθ,ɔθɔt,ɔθɛt,ɔθɔt,ɔθɛt
ɔθ,ɔθɔk,ɔθɛk,ɔθɔk,ɔθɛk
ɔθ,ɔθɔb,ɔθɛb,ɔθɔb,ɔθɛb
ɔθ,ɔθɔd,ɔθɛd,ɔθɔd,ɔθɛd
ɔθ,ɔθɔg,ɔθɛg,ɔθɔg,ɔθɛg
ɔθ,ɔθɔf,ɔθɛf,ɔθɔf,ɔθɛf
ɔθ,ɔθɔs,ɔθɛs,ɔθɔs,ɔθɛs
ɔθ,ɔθɔv,ɔθɛv,ɔθɔv,ɔθɛv
ɔθ,ɔθɔz,ɔθɛz,ɔθɔz,ɔθɛz
ɔθ,ɔθɔʃ,ɔθɛʃ,ɔθɔʃ,ɔθɛʃ
ɔθ,ɔθɔʒ,ɔθɛʒ,ɔθɔʒ,ɔθɛʒ
ɔθ,ɔθɔθ,ɔθɛθ,ɔθɔθ,ɔθɛθ
ɔθ,ɔθɔð,ɔθɛð,ɔθɔð,ɔθɛð
ɔð,ɔðɔm,ɔðɛm,ɔðɔm,ɔðɛm
ɔð,ɔðɔn,ɔðɛn,ɔðɔn,ɔðɛn
ɔð,ɔðɔŋ,ɔðɛŋ,ɔðɔŋ,ɔðɛŋ
ɔð,ɔðɔp,ɔðɛp,ɔðɔp,ɔðɛp
ɔð,ɔðɔt,ɔðɛt,ɔðɔt,ɔðɛt
ɔð,ɔðɔk,ɔðɛk,ɔðɔk,ɔðɛk
ɔð,ɔðɔb,ɔðɛb,ɔðɔb,ɔðɛb
ɔð,ɔðɔd,ɔðɛd,ɔðɔd,ɔðɛd
ɔð,ɔðɔg,ɔðɛg,ɔðɔg,ɔðɛg
ɔð,ɔðɔf,ɔðɛf,ɔðɔf,ɔðɛf
ɔð,ɔðɔs,ɔðɛs,ɔðɔs,ɔðɛs
ɔð,ɔðɔv,ɔðɛv,ɔðɔv,ɔðɛv
ɔð,ɔðɔz,ɔðɛz,ɔðɔz,ɔðɛz
ɔð,ɔðɔʃ,ɔðɛʃ,ɔðɔʃ,ɔðɛʃ
ɔð,ɔðɔʒ,ɔðɛʒ,ɔðɔʒ,ɔðɛʒ
ɔð,ɔðɔθ,ɔðɛθ,ɔðɔθ,ɔðɛθ
ɔð,ɔðɔð,ɔðɛð,ɔðɔð,ɔðɛð
mɪm,mɪmi,mɪmu,mɪmi,mɪmu
mɪn,mɪni,mɪnu,mɪni,mɪnu
mɪŋ,mɪŋi,mɪŋu,mɪŋi,mɪŋu
mɪp,mɪpi,mɪpu,mɪpi,mɪpu
mɪt,mɪti,mɪtu,mɪti,mɪtu
mɪk,mɪki,mɪku,mɪki,mɪku
mɪb,mɪbi,mɪbu,mɪbi,mɪbu
mɪd,mɪdi,mɪdu,mɪdi,mɪdu
mɪg,mɪgi,mɪgu,mɪgi,mɪgu
mɪf,mɪfi,mɪfu,mɪfi,mɪfu
mɪs,mɪsi,mɪsu,mɪsi,mɪsu
mɪv,mɪvi,mɪvu,mɪvi,mɪvu
mɪz,mɪzi,mɪzu,mɪzi,mɪzu
mɪʃ,mɪʃi,mɪʃu,mɪʃi,mɪʃu
mɪʒ,mɪʒi,mɪʒu,mɪʒi,mɪʒu
mɪθ,mɪθi,mɪθu,mɪθi,mɪθu
mɪð,mɪði,mɪðu,mɪði,mɪðu
nɪm,nɪmi,nɪmu,nɪmi,nɪmu
nɪn,nɪni,nɪnu,nɪni,nɪnu
nɪŋ,nɪŋi,nɪŋu,nɪŋi,nɪŋu
nɪp,nɪpi,nɪpu,nɪpi,nɪpu
nɪt,nɪti,nɪtu,nɪti,nɪtu
nɪk,nɪki,nɪku,nɪki,nɪku
nɪb,nɪbi,nɪbu,nɪbi,nɪbu
nɪd,nɪdi,nɪdu,nɪdi,nɪdu
nɪg,nɪgi,nɪgu,nɪgi,nɪgu
nɪf,nɪfi,nɪfu,nɪfi,nɪfu
nɪs,nɪsi,nɪsu,nɪsi,nɪsu
nɪv,nɪvi,nɪvu,nɪvi,nɪvu
nɪz,nɪzi,nɪzu,nɪzi,nɪzu
nɪʃ,nɪʃi,nɪʃu,nɪʃi,nɪʃu
nɪʒ,nɪʒi,nɪʒu,nɪʒi,nɪʒu
nɪθ,nɪθi,nɪθu,nɪθi,nɪθu
nɪð,nɪði,nɪðu,nɪði,nɪðu
pɪm,pɪmi,pɪmu,pɪmi,pɪmu
pɪn,pɪni,pɪnu,pɪni,pɪnu
pɪŋ,pɪŋi,pɪŋu,pɪŋi,pɪŋu
pɪp,pɪpi,pɪpu,pɪpi,pɪpu
pɪt,pɪti,pɪtu,pɪti,pɪtu
pɪk,pɪki,pɪku,pɪki,pɪku
pɪb,pɪbi,pɪbu,pɪbi,pɪbu
pɪd,pɪdi,pɪdu,pɪdi,pɪdu
pɪg,pɪgi,pɪgu,pɪgi,pɪgu
pɪf,pɪfi,pɪfu,pɪfi,pɪfu
pɪs,pɪsi,pɪsu,pɪsi,pɪsu
pɪv,pɪvi,pɪvu,pɪvi,pɪvu
pɪz,pɪzi,pɪzu,pɪzi,pɪzu
pɪʃ,pɪʃi,pɪʃu,pɪʃi,pɪʃu
pɪʒ,pɪʒi,pɪʒu,pɪʒi,pɪʒu
pɪθ,pɪθi,pɪθu,pɪθi,pɪθu
pɪð,pɪði,pɪðu,pɪði,pɪðu
tɪm,tɪmi,tɪmu,tɪmi,tɪmu
tɪn,tɪni,tɪnu,tɪni,tɪnu
tɪŋ,tɪŋi,tɪŋu,tɪŋi,tɪŋu
tɪp,tɪpi,tɪpu,tɪpi,tɪpu
tɪt,tɪti,tɪtu,tɪti,tɪtu
tɪk,tɪki,tɪku,tɪki,tɪku
tɪb,tɪbi,tɪbu,tɪbi,tɪbu
tɪd,tɪdi,tɪdu,tɪdi,tɪdu
tɪg,tɪgi,tɪgu,tɪgi,tɪgu
tɪf,tɪfi,tɪfu,tɪfi,tɪfu
tɪs,tɪsi,tɪsu,tɪsi,tɪsu
tɪv,tɪvi,tɪvu,tɪvi,tɪvu
tɪz,tɪzi,tɪzu,tɪzi,tɪzu
tɪʃ,tɪʃi,tɪʃu,tɪʃi,tɪʃu
tɪʒ,tɪʒi,tɪʒu,tɪʒi,tɪʒu
tɪθ,tɪθi,tɪθu,tɪθi,tɪθu
tɪð,tɪði,tɪðu,tɪði,tɪðu
kɪm,kɪmi,kɪmu,kɪmi,kɪmu
kɪn,kɪni,kɪnu,kɪni,kɪnu
kɪŋ,kɪŋi,kɪŋu,kɪŋi,kɪŋu
kɪp,kɪpi,kɪpu,kɪpi,kɪpu
kɪt,kɪti,kɪtu,kɪti,kɪtu
kɪk,kɪki,kɪku,kɪki,kɪku
kɪb,kɪbi,kɪbu,kɪbi,kɪbu
kɪd,kɪdi,kɪdu,kɪdi,kɪdu
kɪg,kɪgi,kɪgu,kɪgi,kɪgu
kɪf,kɪfi,kɪfu,kɪfi,kɪfu
kɪs,kɪsi,kɪsu,kɪsi,kɪsu
kɪv,kɪvi,kɪvu,kɪvi,kɪvu
kɪz,kɪzi,kɪzu,kɪzi,kɪzu
kɪʃ,kɪʃi,kɪʃu,kɪʃi,kɪʃu
kɪʒ,kɪʒi,kɪʒu,kɪʒi,kɪʒu
kɪθ,kɪθi,kɪθu,kɪθi,kɪθu
kɪð,kɪði,kɪðu,kɪði,kɪðu
bɪm,bɪmi,bɪmu,bɪmi,bɪmu
bɪn,bɪni,bɪnu,bɪni,bɪnu
bɪŋ,bɪŋi,bɪŋu,bɪŋi,bɪŋu
bɪp,bɪpi,bɪpu,bɪpi,bɪpu
bɪt,bɪti,bɪtu,bɪti,bɪtu
bɪk,bɪki,bɪku,bɪki,bɪku
bɪb,bɪbi,bɪbu,bɪbi,bɪbu
bɪd,bɪdi,bɪdu,bɪdi,bɪdu
bɪg,bɪgi,bɪgu,bɪgi,bɪgu
bɪf,bɪfi,bɪfu,bɪfi,bɪfu
bɪs,bɪsi,bɪsu,bɪsi,bɪsu
bɪv,bɪvi,bɪvu,bɪvi,bɪvu
bɪz,bɪzi,bɪzu,bɪzi,bɪzu
bɪʃ,bɪʃi,bɪʃu,bɪʃi,bɪʃu
bɪʒ,bɪʒi,bɪʒu,bɪʒi,bɪʒu
bɪθ,bɪθi,bɪθu,bɪθi,bɪθu
bɪð,bɪði,bɪðu,bɪði,bɪðu
dɪm,dɪmi,dɪmu,dɪmi,dɪmu
dɪn,dɪni,dɪnu,dɪni,dɪnu
dɪŋ,dɪŋi,dɪŋu,dɪŋi,dɪŋu
dɪp,dɪpi,dɪpu,dɪpi,dɪpu
dɪt,dɪti,dɪtu,dɪti,dɪtu
dɪk,dɪki,dɪku,dɪki,dɪku
dɪb,dɪbi,dɪbu,dɪbi,dɪbu
dɪd,dɪdi,dɪdu,dɪdi,dɪdu
dɪg,dɪgi,dɪgu,dɪgi,dɪgu
dɪf,dɪfi,dɪfu,dɪfi,dɪfu
dɪs,dɪsi,dɪsu,dɪsi,dɪsu
dɪv,dɪvi,dɪvu,dɪvi,dɪvu
dɪz,dɪzi,dɪzu,dɪzi,dɪzu
dɪʃ,dɪʃi,dɪʃu,dɪʃi,dɪʃu
dɪʒ,dɪʒi,dɪʒu,dɪʒi,dɪʒu
dɪθ,dɪθi,dɪθu,dɪθi,dɪθu
dɪð,dɪði,dɪðu,dɪði,dɪðu
gɪm,gɪmi,gɪmu,gɪmi,gɪmu
gɪn,gɪni,gɪnu,gɪni,gɪnu
gɪŋ,gɪŋi,gɪŋu,gɪŋi,gɪŋu
gɪp,gɪpi,gɪpu,gɪpi,gɪpu
gɪt,gɪti,gɪtu,gɪti,gɪtu
gɪk,gɪki,gɪku,gɪki,gɪku
gɪb,gɪbi,gɪbu,gɪbi,gɪbu
gɪd,gɪdi,gɪdu,gɪdi,gɪdu
gɪg,gɪgi,gɪgu,gɪgi,gɪgu
gɪf,gɪfi,gɪfu,gɪfi,gɪfu
gɪs,gɪsi,gɪsu,gɪsi,gɪsu
gɪv,gɪvi,gɪvu,gɪvi,gɪvu
gɪz,gɪzi,gɪzu,gɪzi,gɪzu
gɪʃ,gɪʃi,gɪʃu,gɪʃi,gɪʃu
gɪʒ,gɪʒi,gɪʒu,gɪʒi,gɪʒu
gɪθ,gɪθi,gɪθu,gɪθi,gɪθu
gɪð,gɪði,gɪðu,gɪði,gɪðu
fɪm,fɪmi,fɪmu,fɪmi,fɪmu
fɪn,fɪni,fɪnu,fɪni,fɪnu
fɪŋ,fɪŋi,fɪŋu,fɪŋi,fɪŋu
fɪp,fɪpi,fɪpu,fɪpi,fɪpu
fɪt,fɪti,fɪtu,fɪti,fɪtu
fɪk,fɪki,fɪku,fɪki,fɪku
fɪb,fɪbi,fɪbu,fɪbi,fɪbu
fɪd,fɪdi,fɪdu,fɪdi,fɪdu
fɪg,fɪgi,fɪgu,fɪgi,fɪgu
fɪf,fɪfi,fɪfu,fɪfi,fɪfu
fɪs,fɪsi,fɪsu,fɪsi,fɪsu
fɪv,fɪvi,fɪvu,fɪvi,fɪvu
fɪz,fɪzi,fɪzu,fɪzi,fɪzu
fɪʃ,fɪʃi,fɪʃu,fɪʃi,fɪʃu
fɪʒ,fɪʒi,fɪʒu,fɪʒi,fɪʒu
fɪθ,fɪθi,fɪθu,fɪθi,fɪθu
fɪð,fɪði,fɪðu,fɪði,fɪðu
sɪm,sɪmi,sɪmu,sɪmi,sɪmu
sɪn,sɪni,sɪnu,sɪni,sɪnu
sɪŋ,sɪŋi,sɪŋu,sɪŋi,sɪŋu
sɪp,sɪpi,sɪpu,sɪpi,sɪpu
sɪt,sɪti,sɪtu,sɪti,sɪtu
sɪk,sɪki,sɪku,sɪki,sɪku
sɪb,sɪbi,sɪbu,sɪbi,sɪbu
sɪd,sɪdi,sɪdu,sɪdi,sɪdu
sɪg,sɪgi,sɪgu,sɪgi,sɪgu
sɪf,sɪfi,sɪfu,sɪfi,sɪfu
sɪs,sɪsi,sɪsu,sɪsi,sɪsu
sɪv,sɪvi,sɪvu,sɪvi,sɪvu
sɪz,sɪzi,sɪzu,sɪzi,sɪzu
sɪʃ,sɪʃi,sɪʃu,sɪʃi,sɪʃu
sɪʒ,sɪʒi,sɪʒu,sɪʒi,sɪʒu
sɪθ,sɪθi,sɪθu,sɪθi,sɪθu
sɪð,sɪði,sɪðu,sɪði,sɪðu
vɪm,vɪmi,vɪmu,vɪmi,vɪmu
vɪn,vɪni,vɪnu,vɪni,vɪnu
vɪŋ,vɪŋi,vɪŋu,vɪŋi,vɪŋu
vɪp,vɪpi,vɪpu,vɪpi,vɪpu
vɪt,vɪti,vɪtu,vɪti,vɪtu
vɪk,vɪki,vɪku,vɪki,vɪku
vɪb,vɪbi,vɪbu,vɪbi,vɪbu
vɪd,vɪdi,vɪdu,vɪdi,vɪdu
vɪg,vɪgi,vɪgu,vɪgi,vɪgu
vɪf,vɪfi,vɪfu,vɪfi,vɪfu
vɪs,vɪsi,vɪsu,vɪsi,vɪsu
vɪv,vɪvi,vɪvu,vɪvi,vɪvu
vɪz,vɪzi,vɪzu,vɪzi,vɪzu
vɪʃ,vɪʃi,vɪʃu,vɪʃi,vɪʃu
vɪʒ,vɪʒi,vɪʒu,vɪʒi,vɪʒu
vɪθ,vɪθi,vɪθu,vɪθi,vɪθu
vɪð,vɪði,vɪðu,vɪði,vɪðu
zɪm,zɪmi,zɪmu,zɪmi,zɪmu
zɪn,zɪni,zɪnu,zɪni,zɪnu
zɪŋ,zɪŋi,zɪŋu,zɪŋi,zɪŋu
zɪp,zɪpi,zɪpu,zɪpi,zɪpu
zɪt,zɪti,zɪtu,zɪti,zɪtu
zɪk,zɪki,zɪku,zɪki,zɪku
zɪb,zɪbi,zɪbu,zɪbi,zɪbu
zɪd,zɪdi,zɪdu,zɪdi,zɪdu
zɪg,zɪgi,zɪgu,zɪgi,zɪgu
zɪf,zɪfi,zɪfu,zɪfi,zɪfu
zɪs,zɪsi,zɪsu,zɪsi,zɪsu
zɪv,zɪvi,zɪvu,zɪvi,zɪvu
zɪz,zɪzi,zɪzu,zɪzi,zɪzu
zɪʃ,zɪʃi,zɪʃu,zɪʃi,zɪʃu
zɪʒ,zɪʒi,zɪʒu,zɪʒi,zɪʒu
zɪθ,zɪθi,zɪθu,zɪθi,zɪθu
zɪð,zɪði,zɪðu,zɪði,zɪðu
ʃɪm,ʃɪmi,ʃɪmu,ʃɪmi,ʃɪmu
ʃɪn,ʃɪni,ʃɪnu,ʃɪni,ʃɪnu
ʃɪŋ,ʃɪŋi,ʃɪŋu,ʃɪŋi,ʃɪŋu
ʃɪp,ʃɪpi,ʃɪpu,ʃɪpi,ʃɪpu
ʃɪt,ʃɪti,ʃɪtu,ʃɪti,ʃɪtu
ʃɪk,ʃɪki,ʃɪku,ʃɪki,ʃɪku
ʃɪb,ʃɪbi,ʃɪbu,ʃɪbi,ʃɪbu
ʃɪd,ʃɪdi,ʃɪdu,ʃɪdi,ʃɪdu
ʃɪg,ʃɪgi,ʃɪgu,ʃɪgi,ʃɪgu
ʃɪf,ʃɪfi,ʃɪfu,ʃɪfi,ʃɪfu
ʃɪs,ʃɪsi,ʃɪsu,ʃɪsi,ʃɪsu
ʃɪv,ʃɪvi,ʃɪvu,ʃɪvi,ʃɪvu
ʃɪz,ʃɪzi,ʃɪzu,ʃɪzi,ʃɪzu
ʃɪʃ,ʃɪʃi,ʃɪʃu,ʃɪʃi,ʃɪʃu
ʃɪʒ,ʃɪʒi,ʃɪʒu,ʃɪʒi,ʃɪʒu
ʃɪθ,ʃɪθi,ʃɪθu,ʃɪθi,ʃɪθu
ʃɪð,ʃɪði,ʃɪðu,ʃɪði,ʃɪðu
ʒɪm,ʒɪmi,ʒɪmu,ʒɪmi,ʒɪmu
ʒɪn,ʒɪni,ʒɪnu,ʒɪni,ʒɪnu
ʒɪŋ,ʒɪŋi,ʒɪŋu,ʒɪŋi,ʒɪŋu
ʒɪp,ʒɪpi,ʒɪpu,ʒɪpi,ʒɪpu
ʒɪt,ʒɪti,ʒɪtu,ʒɪti,ʒɪtu
ʒɪk,ʒɪki,ʒɪku,ʒɪki,ʒɪku
ʒɪb,ʒɪbi,ʒɪbu,ʒɪbi,ʒɪbu
ʒɪd,ʒɪdi,ʒɪdu,ʒɪdi,ʒɪdu
ʒɪg,ʒɪgi,ʒɪgu,ʒɪgi,ʒɪgu
ʒɪf,ʒɪfi,ʒɪfu,ʒɪfi,ʒɪfu
ʒɪs,ʒɪsi,ʒɪsu,ʒɪsi,ʒɪsu
ʒɪv,ʒɪvi,ʒɪvu,ʒɪvi,ʒɪvu
ʒɪz,ʒɪzi,ʒɪzu,ʒɪzi,ʒɪzu
ʒɪʃ,ʒɪʃi,ʒɪʃu,ʒɪʃi,ʒɪʃu
ʒɪʒ,ʒɪʒi,ʒɪʒu,ʒɪʒi,ʒɪʒu
ʒɪθ,ʒɪθi,ʒɪθu,ʒɪθi,ʒɪθu
ʒɪð,ʒɪði,ʒɪðu,ʒɪði,ʒɪðu
θɪm,θɪmi,θɪmu,θɪmi,θɪmu
θɪn,θɪni,θɪnu,θɪni,θɪnu
θɪŋ,θɪŋi,θɪŋu,θɪŋi,θɪŋu
θɪp,θɪpi,θɪpu,θɪpi,θɪpu
θɪt,θɪti,θɪtu,θɪti,θɪtu
θɪk,θɪki,θɪku,θɪki,θɪku
θɪb,θɪbi,θɪbu,θɪbi,θɪbu
θɪd,θɪdi,θɪdu,θɪdi,θɪdu
θɪg,θɪgi,θɪgu,θɪgi,θɪgu
θɪf,θɪfi,θɪfu,θɪfi,θɪfu
θɪs,θɪsi,θɪsu,θɪsi,θɪsu
θɪv,θɪvi,θɪvu,θɪvi,θɪvu
θɪz,θɪzi,θɪzu,θɪzi,θɪzu
θɪʃ,θɪʃi,θɪʃu,θɪʃi,θɪʃu
θɪʒ,θɪʒi,θɪʒu,θɪʒi,θɪʒu
θɪθ,θɪθi,θɪθu,θɪθi,θɪθu
θɪð,θɪði,θɪðu,θɪði,θɪðu
ðɪm,ðɪmi,ðɪmu,ðɪmi,ðɪmu
ðɪn,ðɪni,ðɪnu,ðɪni,ðɪnu
ðɪŋ,ðɪŋi,ðɪŋu,ðɪŋi,ðɪŋu
ðɪp,ðɪpi,ðɪpu,ðɪpi,ðɪpu
ðɪt,ðɪti,ðɪtu,ðɪti,ðɪtu
ðɪk,ðɪki,ðɪku,ðɪki,ðɪku
ðɪb,ðɪbi,ðɪbu,ðɪbi,ðɪbu
ðɪd,ðɪdi,ðɪdu,ðɪdi,ðɪdu
ðɪg,ðɪgi,ðɪgu,ðɪgi,ðɪgu
ðɪf,ðɪfi,ðɪfu,ðɪfi,ðɪfu
ðɪs,ðɪsi,ðɪsu,ðɪsi,ðɪsu
ðɪv,ðɪvi,ðɪvu,ðɪvi,ðɪvu
ðɪz,ðɪzi,ðɪzu,ðɪzi,ðɪzu
ðɪʃ,ðɪʃi,ðɪʃu,ðɪʃi,ðɪʃu
ðɪʒ,ðɪʒi,ðɪʒu,ðɪʒi,ðɪʒu
ðɪθ,ðɪθi,ðɪθu,ðɪθi,ðɪθu
ðɪð,ðɪði,ðɪðu,ðɪði,ðɪðu
hɪm,hɪmi,hɪmu,hɪmi,hɪmu
hɪn,hɪni,hɪnu,hɪni,hɪnu
hɪŋ,hɪŋi,hɪŋu,hɪŋi,hɪŋu
hɪp,hɪpi,hɪpu,hɪpi,hɪpu
hɪt,hɪti,hɪtu,hɪti,hɪtu
hɪk,hɪki,hɪku,hɪki,hɪku
hɪb,hɪbi,hɪbu,hɪbi,hɪbu
hɪd,hɪdi,hɪdu,hɪdi,hɪdu
hɪg,hɪgi,hɪgu,hɪgi,hɪgu
hɪf,hɪfi,hɪfu,hɪfi,hɪfu
hɪs,hɪsi,hɪsu,hɪsi,hɪsu
hɪv,hɪvi,hɪvu,hɪvi,hɪvu
hɪz,hɪzi,hɪzu,hɪzi,hɪzu
hɪʃ,hɪʃi,hɪʃu,hɪʃi,hɪʃu
hɪʒ,hɪʒi,hɪʒu,hɪʒi,hɪʒu
hɪθ,hɪθi,hɪθu,hɪθi,hɪθu
hɪð,hɪði,hɪðu,hɪði,hɪðu
mɪm,mɪmeɪ,mɪmoʊ,mɪme,mɪmo
mɪn,mɪneɪ,mɪnoʊ,mɪne,mɪno
mɪŋ,mɪŋeɪ,mɪŋoʊ,mɪŋe,mɪŋo
mɪp,mɪpeɪ,mɪpoʊ,mɪpe,mɪpo
mɪt,mɪteɪ,mɪtoʊ,mɪte,mɪto
mɪk,mɪkeɪ,mɪkoʊ,mɪke,mɪko
mɪb,mɪbeɪ,mɪboʊ,mɪbe,mɪbo
mɪd,mɪdeɪ,mɪdoʊ,mɪde,mɪdo
mɪg,mɪgeɪ,mɪgoʊ,mɪge,mɪgo
mɪf,mɪfeɪ,mɪfoʊ,mɪfe,mɪfo
mɪs,mɪseɪ,mɪsoʊ,mɪse,mɪso
mɪv,mɪveɪ,mɪvoʊ,mɪve,mɪvo
mɪz,mɪzeɪ,mɪzoʊ,mɪze,mɪzo
mɪʃ,mɪʃeɪ,mɪʃoʊ,mɪʃe,mɪʃo
mɪʒ,mɪʒeɪ,mɪʒoʊ,mɪʒe,mɪʒo
mɪθ,mɪθeɪ,mɪθoʊ,mɪθe,mɪθo
mɪð,mɪðeɪ,mɪðoʊ,mɪðe,mɪðo
nɪm,nɪmeɪ,nɪmoʊ,nɪme,nɪmo
nɪn,nɪneɪ,nɪnoʊ,nɪne,nɪno
nɪŋ,nɪŋeɪ,nɪŋoʊ,nɪŋe,nɪŋo
nɪp,nɪpeɪ,nɪpoʊ,nɪpe,nɪpo
nɪt,nɪteɪ,nɪtoʊ,nɪte,nɪto
nɪk,nɪkeɪ,nɪkoʊ,nɪke,nɪko
nɪb,nɪbeɪ,nɪboʊ,nɪbe,nɪbo
nɪd,nɪdeɪ,nɪdoʊ,nɪde,nɪdo
nɪg,nɪgeɪ,nɪgoʊ,nɪge,nɪgo
nɪf,nɪfeɪ,nɪfoʊ,nɪfe,nɪfo
nɪs,nɪseɪ,nɪsoʊ,nɪse,nɪso
nɪv,nɪveɪ,nɪvoʊ,nɪve,nɪvo
nɪz,nɪzeɪ,nɪzoʊ,nɪze,nɪzo
nɪʃ,nɪʃeɪ,nɪʃoʊ,nɪʃe,nɪʃo
nɪʒ,nɪʒeɪ,nɪʒoʊ,nɪʒe,nɪʒo
nɪθ,nɪθeɪ,nɪθoʊ,nɪθe,nɪθo
nɪð,nɪðeɪ,nɪðoʊ,nɪðe,nɪðo
pɪm,pɪmeɪ,pɪmoʊ,pɪme,pɪmo
pɪn,pɪneɪ,pɪnoʊ,pɪne,pɪno
pɪŋ,pɪŋeɪ,pɪŋoʊ,pɪŋe,pɪŋo
pɪp,pɪpeɪ,pɪpoʊ,pɪpe,pɪpo
pɪt,pɪteɪ,pɪtoʊ,pɪte,pɪto
pɪk,pɪkeɪ,pɪkoʊ,pɪke,pɪko
pɪb,pɪbeɪ,pɪboʊ,pɪbe,pɪbo
pɪd,pɪdeɪ,pɪdoʊ,pɪde,pɪdo
pɪg,pɪgeɪ,pɪgoʊ,pɪge,pɪgo
pɪf,pɪfeɪ,pɪfoʊ,pɪfe,pɪfo
pɪs,pɪseɪ,pɪsoʊ,pɪse,pɪso
pɪv,pɪveɪ,pɪvoʊ,pɪve,pɪvo
pɪz,pɪzeɪ,pɪzoʊ,pɪze,pɪzo
pɪʃ,pɪʃeɪ,pɪʃoʊ,pɪʃe,pɪʃo
pɪʒ,pɪʒeɪ,pɪʒoʊ,pɪʒe,pɪʒo
pɪθ,pɪθeɪ,pɪθoʊ,pɪθe,pɪθo
pɪð,pɪðeɪ,pɪðoʊ,pɪðe,pɪðo
tɪm,tɪmeɪ,tɪmoʊ,tɪme,tɪmo
tɪn,tɪneɪ,tɪnoʊ,tɪne,tɪno
tɪŋ,tɪŋeɪ,tɪŋoʊ,tɪŋe,tɪŋo
tɪp,tɪpeɪ,tɪpoʊ,tɪpe,tɪpo
tɪt,tɪteɪ,tɪtoʊ,tɪte,tɪto
tɪk,tɪkeɪ,tɪkoʊ,tɪke,tɪko
tɪb,tɪbeɪ,tɪboʊ,tɪbe,tɪbo
tɪd,tɪdeɪ,tɪdoʊ,tɪde,tɪdo
tɪg,tɪgeɪ,tɪgoʊ,tɪge,tɪgo
tɪf,tɪfeɪ,tɪfoʊ,tɪfe,tɪfo
tɪs,tɪseɪ,tɪsoʊ,tɪse,tɪso
tɪv,tɪveɪ,tɪvoʊ,tɪve,tɪvo
tɪz,tɪzeɪ,tɪzoʊ,tɪze,tɪzo
tɪʃ,tɪʃeɪ,tɪʃoʊ,tɪʃe,tɪʃo
tɪʒ,tɪʒeɪ,tɪʒoʊ,tɪʒe,tɪʒo
tɪθ,tɪθeɪ,tɪθoʊ,tɪθe,tɪθo
tɪð,tɪðeɪ,tɪðoʊ,tɪðe,tɪðo
kɪm,kɪmeɪ,kɪmoʊ,kɪme,kɪmo
kɪn,kɪneɪ,kɪnoʊ,kɪne,kɪno
kɪŋ,kɪŋeɪ,kɪŋoʊ,kɪŋe,kɪŋo
kɪp,kɪpeɪ,kɪpoʊ,kɪpe,kɪpo
kɪt,kɪteɪ,kɪtoʊ,kɪte,kɪto
kɪk,kɪkeɪ,kɪkoʊ,kɪke,kɪko
kɪb,kɪbeɪ,kɪboʊ,kɪbe,kɪbo
kɪd,kɪdeɪ,kɪdoʊ,kɪde,kɪdo
kɪg,kɪgeɪ,kɪgoʊ,kɪge,kɪgo
kɪf,kɪfeɪ,kɪfoʊ,kɪfe,kɪfo
kɪs,kɪseɪ,kɪsoʊ,kɪse,kɪso
kɪv,kɪveɪ,kɪvoʊ,kɪve,kɪvo
kɪz,kɪzeɪ,kɪzoʊ,kɪze,kɪzo
kɪʃ,kɪʃeɪ,kɪʃoʊ,kɪʃe,kɪʃo
kɪʒ,kɪʒeɪ,kɪʒoʊ,kɪʒe,kɪʒo
kɪθ,kɪθeɪ,kɪθoʊ,kɪθe,kɪθo
kɪð,kɪðeɪ,kɪðoʊ,kɪðe,kɪðo
bɪm,bɪmeɪ,bɪmoʊ,bɪme,bɪmo
bɪn,bɪneɪ,bɪnoʊ,bɪne,bɪno
bɪŋ,bɪŋeɪ,bɪŋoʊ,bɪŋe,bɪŋo
bɪp,bɪpeɪ,bɪpoʊ,bɪpe,bɪpo
bɪt,bɪteɪ,bɪtoʊ,bɪte,bɪto
bɪk,bɪkeɪ,bɪkoʊ,bɪke,bɪko
bɪb,bɪbeɪ,bɪboʊ,bɪbe,bɪbo
bɪd,bɪdeɪ,bɪdoʊ,bɪde,bɪdo
bɪg,bɪgeɪ,bɪgoʊ,bɪge,bɪgo
bɪf,bɪfeɪ,bɪfoʊ,bɪfe,bɪfo
bɪs,bɪseɪ,bɪsoʊ,bɪse,bɪso
bɪv,bɪveɪ,bɪvoʊ,bɪve,bɪvo
bɪz,bɪzeɪ,bɪzoʊ,bɪze,bɪzo
bɪʃ,bɪʃeɪ,bɪʃoʊ,bɪʃe,bɪʃo
bɪʒ,bɪʒeɪ,bɪʒoʊ,bɪʒe,bɪʒo
bɪθ,bɪθeɪ,bɪθoʊ,bɪθe,bɪθo
bɪð,bɪðeɪ,bɪðoʊ,bɪðe,bɪðo
dɪm,dɪmeɪ,dɪmoʊ,dɪme,dɪmo
dɪn,dɪneɪ,dɪnoʊ,dɪne,dɪno
dɪŋ,dɪŋeɪ,dɪŋoʊ,dɪŋe,dɪŋo
dɪp,dɪpeɪ,dɪpoʊ,dɪpe,dɪpo
dɪt,dɪteɪ,dɪtoʊ,dɪte,dɪto
dɪk,dɪkeɪ,dɪkoʊ,dɪke,dɪko
dɪb,dɪbeɪ,dɪboʊ,dɪbe,dɪbo
dɪd,dɪdeɪ,dɪdoʊ,dɪde,dɪdo
dɪg,dɪgeɪ,dɪgoʊ,dɪge,dɪgo
dɪf,dɪfeɪ,dɪfoʊ,dɪfe,dɪfo
dɪs,dɪseɪ,dɪsoʊ,dɪse,dɪso
dɪv,dɪveɪ,dɪvoʊ,dɪve,dɪvo
dɪz,dɪzeɪ,dɪzoʊ,dɪze,dɪzo
dɪʃ,dɪʃeɪ,dɪʃoʊ,dɪʃe,dɪʃo
dɪʒ,dɪʒeɪ,dɪʒoʊ,dɪʒe,dɪʒo
dɪθ,dɪθeɪ,dɪθoʊ,dɪθe,dɪθo
dɪð,dɪðeɪ,dɪðoʊ,dɪðe,dɪðo
gɪm,gɪmeɪ,gɪmoʊ,gɪme,gɪmo
gɪn,gɪneɪ,gɪnoʊ,gɪne,gɪno
gɪŋ,gɪŋeɪ,gɪŋoʊ,gɪŋe,gɪŋo
gɪp,gɪpeɪ,gɪpoʊ,gɪpe,gɪpo
gɪt,gɪteɪ,gɪtoʊ,gɪte,gɪto
gɪk,gɪkeɪ,gɪkoʊ,gɪke,gɪko
gɪb,gɪbeɪ,gɪboʊ,gɪbe,gɪbo
gɪd,gɪdeɪ,gɪdoʊ,gɪde,gɪdo
gɪg,gɪgeɪ,gɪgoʊ,gɪge,gɪgo
gɪf,gɪfeɪ,gɪfoʊ,gɪfe,gɪfo
gɪs,gɪseɪ,gɪsoʊ,gɪse,gɪso
gɪv,gɪveɪ,gɪvoʊ,gɪve,gɪvo
gɪz,gɪzeɪ,gɪzoʊ,gɪze,gɪzo
gɪʃ,gɪʃeɪ,gɪʃoʊ,gɪʃe,gɪʃo
gɪʒ,gɪʒeɪ,gɪʒoʊ,gɪʒe,gɪʒo
gɪθ,gɪθeɪ,gɪθoʊ,gɪθe,gɪθo
gɪð,gɪðeɪ,gɪðoʊ,gɪðe,gɪðo
fɪm,fɪmeɪ,fɪmoʊ,fɪme,fɪmo
fɪn,fɪneɪ,fɪnoʊ,fɪne,fɪno
fɪŋ,fɪŋeɪ,fɪŋoʊ,fɪŋe,fɪŋo
fɪp,fɪpeɪ,fɪpoʊ,fɪpe,fɪpo
fɪt,fɪteɪ,fɪtoʊ,fɪte,fɪto
fɪk,fɪkeɪ,fɪkoʊ,fɪke,fɪko
fɪb,fɪbeɪ,fɪboʊ,fɪbe,fɪbo
fɪd,fɪdeɪ,fɪdoʊ,fɪde,fɪdo
fɪg,fɪgeɪ,fɪgoʊ,fɪge,fɪgo
fɪf,fɪfeɪ,fɪfoʊ,fɪfe,fɪfo
fɪs,fɪseɪ,fɪsoʊ,fɪse,fɪso
fɪv,fɪveɪ,fɪvoʊ,fɪve,fɪvo
fɪz,fɪzeɪ,fɪzoʊ,fɪze,fɪzo
fɪʃ,fɪʃeɪ,fɪʃoʊ,fɪʃe,fɪʃo
fɪʒ,fɪʒeɪ,fɪʒoʊ,fɪʒe,fɪʒo
fɪθ,fɪθeɪ,fɪθoʊ,fɪθe,fɪθo
fɪð,fɪðeɪ,fɪðoʊ,fɪðe,fɪðo
sɪm,sɪmeɪ,sɪmoʊ,sɪme,sɪmo
sɪn,sɪneɪ,sɪnoʊ,sɪne,sɪno
sɪŋ,sɪŋeɪ,sɪŋoʊ,sɪŋe,sɪŋo
sɪp,sɪpeɪ,sɪpoʊ,sɪpe,sɪpo
sɪt,sɪteɪ,sɪtoʊ,sɪte,sɪto
sɪk,sɪkeɪ,sɪkoʊ,sɪke,sɪko
sɪb,sɪbeɪ,sɪboʊ,sɪbe,sɪbo
sɪd,sɪdeɪ,sɪdoʊ,sɪde,sɪdo
sɪg,sɪgeɪ,sɪgoʊ,sɪge,sɪgo
sɪf,sɪfeɪ,sɪfoʊ,sɪfe,sɪfo
sɪs,sɪseɪ,sɪsoʊ,sɪse,sɪso
sɪv,sɪveɪ,sɪvoʊ,sɪve,sɪvo
sɪz,sɪzeɪ,sɪzoʊ,sɪze,sɪzo
sɪʃ,sɪʃeɪ,sɪʃoʊ,sɪʃe,sɪʃo
sɪʒ,sɪʒeɪ,sɪʒoʊ,sɪʒe,sɪʒo
sɪθ,sɪθeɪ,sɪθoʊ,sɪθe,sɪθo
sɪð,sɪðeɪ,sɪðoʊ,sɪðe,sɪðo
vɪm,vɪmeɪ,vɪmoʊ,vɪme,vɪmo
vɪn,vɪneɪ,vɪnoʊ,vɪne,vɪno
vɪŋ,vɪŋeɪ,vɪŋoʊ,vɪŋe,vɪŋo
vɪp,vɪpeɪ,vɪpoʊ,vɪpe,vɪpo
vɪt,vɪteɪ,vɪtoʊ,vɪte,vɪto
vɪk,vɪkeɪ,vɪkoʊ,vɪke,vɪko
vɪb,vɪbeɪ,vɪboʊ,vɪbe,vɪbo
vɪd,vɪdeɪ,vɪdoʊ,vɪde,vɪdo
vɪg,vɪgeɪ,vɪgoʊ,vɪge,vɪgo
vɪf,vɪfeɪ,vɪfoʊ,vɪfe,vɪfo
vɪs,vɪseɪ,vɪsoʊ,vɪse,vɪso
vɪv,vɪveɪ,vɪvoʊ,vɪve,vɪvo
vɪz,vɪzeɪ,vɪzoʊ,vɪze,vɪzo
vɪʃ,vɪʃeɪ,vɪʃoʊ,vɪʃe,vɪʃo
vɪʒ,vɪʒeɪ,vɪʒoʊ,vɪʒe,vɪʒo
vɪθ,vɪθeɪ,vɪθoʊ,vɪθe,vɪθo
vɪð,vɪðeɪ,vɪðoʊ,vɪðe,vɪðo
zɪm,zɪmeɪ,zɪmoʊ,zɪme,zɪmo
zɪn,zɪneɪ,zɪnoʊ,zɪne,zɪno
zɪŋ,zɪŋeɪ,zɪŋoʊ,zɪŋe,zɪŋo
zɪp,zɪpeɪ,zɪpoʊ,zɪpe,zɪpo
zɪt,zɪteɪ,zɪtoʊ,zɪte,zɪto
zɪk,zɪkeɪ,zɪkoʊ,zɪke,zɪko
zɪb,zɪbeɪ,zɪboʊ,zɪbe,zɪbo
zɪd,zɪdeɪ,zɪdoʊ,zɪde,zɪdo
zɪg,zɪgeɪ,zɪgoʊ,zɪge,zɪgo
zɪf,zɪfeɪ,zɪfoʊ,zɪfe,zɪfo
zɪs,zɪseɪ,zɪsoʊ,zɪse,zɪso
zɪv,zɪveɪ,zɪvoʊ,zɪve,zɪvo
zɪz,zɪzeɪ,zɪzoʊ,zɪze,zɪzo
zɪʃ,zɪʃeɪ,zɪʃoʊ,zɪʃe,zɪʃo
zɪʒ,zɪʒeɪ,zɪʒoʊ,zɪʒe,zɪʒo
zɪθ,zɪθeɪ,zɪθoʊ,zɪθe,zɪθo
zɪð,zɪðeɪ,zɪðoʊ,zɪðe,zɪðo
ʃɪm,ʃɪmeɪ,ʃɪmoʊ,ʃɪme,ʃɪmo
ʃɪn,ʃɪneɪ,ʃɪnoʊ,ʃɪne,ʃɪno
ʃɪŋ,ʃɪŋeɪ,ʃɪŋoʊ,ʃɪŋe,ʃɪŋo
ʃɪp,ʃɪpeɪ,ʃɪpoʊ,ʃɪpe,ʃɪpo
ʃɪt,ʃɪteɪ,ʃɪtoʊ,ʃɪte,ʃɪto
ʃɪk,ʃɪkeɪ,ʃɪkoʊ,ʃɪke,ʃɪko
ʃɪb,ʃɪbeɪ,ʃɪboʊ,ʃɪbe,ʃɪbo
ʃɪd,ʃɪdeɪ,ʃɪdoʊ,ʃɪde,ʃɪdo
ʃɪg,ʃɪgeɪ,ʃɪgoʊ,ʃɪge,ʃɪgo
ʃɪf,ʃɪfeɪ,ʃɪfoʊ,ʃɪfe,ʃɪfo
ʃɪs,ʃɪseɪ,ʃɪsoʊ,ʃɪse,ʃɪso
ʃɪv,ʃɪveɪ,ʃɪvoʊ,ʃɪve,ʃɪvo
ʃɪz,ʃɪzeɪ,ʃɪzoʊ,ʃɪze,ʃɪzo
ʃɪʃ,ʃɪʃeɪ,ʃɪʃoʊ,ʃɪʃe,ʃɪʃo
ʃɪʒ,ʃɪʒeɪ,ʃɪʒoʊ,ʃɪʒe,ʃɪʒo
ʃɪθ,ʃɪθeɪ,ʃɪθoʊ,ʃɪθe,ʃɪθo
ʃɪð,ʃɪðeɪ,ʃɪðoʊ,ʃɪðe,ʃɪðo
ʒɪm,ʒɪmeɪ,ʒɪmoʊ,ʒɪme,ʒɪmo
ʒɪn,ʒɪneɪ,ʒɪnoʊ,ʒɪne,ʒɪno
ʒɪŋ,ʒɪŋeɪ,ʒɪŋoʊ,ʒɪŋe,ʒɪŋo
ʒɪp,ʒɪpeɪ,ʒɪpoʊ,ʒɪpe,ʒɪpo
ʒɪt,ʒɪteɪ,ʒɪtoʊ,ʒɪte,ʒɪto
ʒɪk,ʒɪkeɪ,ʒɪkoʊ,ʒɪke,ʒɪko
ʒɪb,ʒɪbeɪ,ʒɪboʊ,ʒɪbe,ʒɪbo
ʒɪd,ʒɪdeɪ,ʒɪdoʊ,ʒɪde,ʒɪdo
ʒɪg,ʒɪgeɪ,ʒɪgoʊ,ʒɪge,ʒɪgo
ʒɪf,ʒɪfeɪ,ʒɪfoʊ,ʒɪfe,ʒɪfo
ʒɪs,ʒɪseɪ,ʒɪsoʊ,ʒɪse,ʒɪso
ʒɪv,ʒɪveɪ,ʒɪvoʊ,ʒɪve,ʒɪvo
ʒɪz,ʒɪzeɪ,ʒɪzoʊ,ʒɪze,ʒɪzo
ʒɪʃ,ʒɪʃeɪ,ʒɪʃoʊ,ʒɪʃe,ʒɪʃo
ʒɪʒ,ʒɪʒeɪ,ʒɪʒoʊ,ʒɪʒe,ʒɪʒo
ʒɪθ,ʒɪθeɪ,ʒɪθoʊ,ʒɪθe,ʒɪθo
ʒɪð,ʒɪðeɪ,ʒɪðoʊ,ʒɪðe,ʒɪðo
θɪm,θɪmeɪ,θɪmoʊ,θɪme,θɪmo
θɪn,θɪneɪ,θɪnoʊ,θɪne,θɪno
θɪŋ,θɪŋeɪ,θɪŋoʊ,θɪŋe,θɪŋo
θɪp,θɪpeɪ,θɪpoʊ,θɪpe,θɪpo
θɪt,θɪteɪ,θɪtoʊ,θɪte,θɪto
θɪk,θɪkeɪ,θɪkoʊ,θɪke,θɪko
θɪb,θɪbeɪ,θɪboʊ,θɪbe,θɪbo
θɪd,θɪdeɪ,θɪdoʊ,θɪde,θɪdo
θɪg,θɪgeɪ,θɪgoʊ,θɪge,θɪgo
θɪf,θɪfeɪ,θɪfoʊ,θɪfe,θɪfo
θɪs,θɪseɪ,θɪsoʊ,θɪse,θɪso
θɪv,θɪveɪ,θɪvoʊ,θɪve,θɪvo
θɪz,θɪzeɪ,θɪzoʊ,θɪze,θɪzo
θɪʃ,θɪʃeɪ,θɪʃoʊ,θɪʃe,θɪʃo
θɪʒ,θɪʒeɪ,θɪʒoʊ,θɪʒe,θɪʒo
θɪθ,θɪθeɪ,θɪθoʊ,θɪθe,θɪθo
θɪð,θɪðeɪ,θɪðoʊ,θɪðe,θɪðo
ðɪm,ðɪmeɪ,ðɪmoʊ,ðɪme,ðɪmo
ðɪn,ðɪneɪ,ðɪnoʊ,ðɪne,ðɪno
ðɪŋ,ðɪŋeɪ,ðɪŋoʊ,ðɪŋe,ðɪŋo
ðɪp,ðɪpeɪ,ðɪpoʊ,ðɪpe,ðɪpo
ðɪt,ðɪteɪ,ðɪtoʊ,ðɪte,ðɪto
ðɪk,ðɪkeɪ,ðɪkoʊ,ðɪke,ðɪko
ðɪb,ðɪbeɪ,ðɪboʊ,ðɪbe,ðɪbo
ðɪd,ðɪdeɪ,ðɪdoʊ,ðɪde,ðɪdo
ðɪg,ðɪgeɪ,ðɪgoʊ,ðɪge,ðɪgo
ðɪf,ðɪfeɪ,ðɪfoʊ,ðɪfe,ðɪfo
ðɪs,ðɪseɪ,ðɪsoʊ,ðɪse,ðɪso
ðɪv,ðɪveɪ,ðɪvoʊ,ðɪve,ðɪvo
ðɪz,ðɪzeɪ,ðɪzoʊ,ðɪze,ðɪzo
ðɪʃ,ðɪʃeɪ,ðɪʃoʊ,ðɪʃe,ðɪʃo
ðɪʒ,ðɪʒeɪ,ðɪʒoʊ,ðɪʒe,ðɪʒo
ðɪθ,ðɪθeɪ,ðɪθoʊ,ðɪθe,ðɪθo
ðɪð,ðɪðeɪ,ðɪðoʊ,ðɪðe,ðɪðo
hɪm,hɪmeɪ,hɪmoʊ,hɪme,hɪmo
hɪn,hɪneɪ,hɪnoʊ,hɪne,hɪno
hɪŋ,hɪŋeɪ,hɪŋoʊ,hɪŋe,hɪŋo
hɪp,hɪpeɪ,hɪpoʊ,hɪpe,hɪpo
hɪt,hɪteɪ,hɪtoʊ,hɪte,hɪto
hɪk,hɪkeɪ,hɪkoʊ,hɪke,hɪko
hɪb,hɪbeɪ,hɪboʊ,hɪbe,hɪbo
hɪd,hɪdeɪ,hɪdoʊ,hɪde,hɪdo
hɪg,hɪgeɪ,hɪgoʊ,hɪge,hɪgo
hɪf,hɪfeɪ,hɪfoʊ,hɪfe,hɪfo
hɪs,hɪseɪ,hɪsoʊ,hɪse,hɪso
hɪv,hɪveɪ,hɪvoʊ,hɪve,hɪvo
hɪz,hɪzeɪ,hɪzoʊ,hɪze,hɪzo
hɪʃ,hɪʃeɪ,hɪʃoʊ,hɪʃe,hɪʃo
hɪʒ,hɪʒeɪ,hɪʒoʊ,hɪʒe,hɪʒo
hɪθ,hɪθeɪ,hɪθoʊ,hɪθe,hɪθo
hɪð,hɪðeɪ,hɪðoʊ,hɪðe,hɪðo
mɪm,mɪmu,mɪmu,mɪmu,mɪmu
mɪn,mɪnu,mɪnu,mɪnu,mɪnu
mɪŋ,mɪŋu,mɪŋu,mɪŋu,mɪŋu
mɪp,mɪpu,mɪpu,mɪpu,mɪpu
mɪt,mɪtu,mɪtu,mɪtu,mɪtu
mɪk,mɪku,mɪku,mɪku,mɪku
mɪb,mɪbu,mɪbu,mɪbu,mɪbu
mɪd,mɪdu,mɪdu,mɪdu,mɪdu
mɪg,mɪgu,mɪgu,mɪgu,mɪgu
mɪf,mɪfu,mɪfu,mɪfu,mɪfu
mɪs,mɪsu,mɪsu,mɪsu,mɪsu
mɪv,mɪvu,mɪvu,mɪvu,mɪvu
mɪz,mɪzu,mɪzu,mɪzu,mɪzu
mɪʃ,mɪʃu,mɪʃu,mɪʃu,mɪʃu
mɪʒ,mɪʒu,mɪʒu,mɪʒu,mɪʒu
mɪθ,mɪθu,mɪθu,mɪθu,mɪθu
mɪð,mɪðu,mɪðu,mɪðu,mɪðu
nɪm,nɪmu,nɪmu,nɪmu,nɪmu
nɪn,nɪnu,nɪnu,nɪnu,nɪnu
nɪŋ,nɪŋu,nɪŋu,nɪŋu,nɪŋu
nɪp,nɪpu,nɪpu,nɪpu,nɪpu
nɪt,nɪtu,nɪtu,nɪtu,nɪtu
nɪk,nɪku,nɪku,nɪku,nɪku
nɪb,nɪbu,nɪbu,nɪbu,nɪbu
nɪd,nɪdu,nɪdu,nɪdu,nɪdu
nɪg,nɪgu,nɪgu,nɪgu,nɪgu
nɪf,nɪfu,nɪfu,nɪfu,nɪfu
nɪs,nɪsu,nɪsu,nɪsu,nɪsu
nɪv,nɪvu,nɪvu,nɪvu,nɪvu
nɪz,nɪzu,nɪzu,nɪzu,nɪzu
nɪʃ,nɪʃu,nɪʃu,nɪʃu,nɪʃu
nɪʒ,nɪʒu,nɪʒu,nɪʒu,nɪʒu
nɪθ,nɪθu,nɪθu,nɪθu,nɪθu
nɪð,nɪðu,nɪðu,nɪðu,nɪðu
pɪm,pɪmu,pɪmu,pɪmu,pɪmu
pɪn,pɪnu,pɪnu,pɪnu,pɪnu
pɪŋ,pɪŋu,pɪŋu,pɪŋu,pɪŋu
pɪp,pɪpu,pɪpu,pɪpu,pɪpu
pɪt,pɪtu,pɪtu,pɪtu,pɪtu
pɪk,pɪku,pɪku,pɪku,pɪku
pɪb,pɪbu,pɪbu,pɪbu,pɪbu
pɪd,pɪdu,pɪdu,pɪdu,pɪdu
pɪg,pɪgu,pɪgu,pɪgu,pɪgu
pɪf,pɪfu,pɪfu,pɪfu,pɪfu
pɪs,pɪsu,pɪsu,pɪsu,pɪsu
pɪv,pɪvu,pɪvu,pɪvu,pɪvu
pɪz,pɪzu,pɪzu,pɪzu,pɪzu
pɪʃ,pɪʃu,pɪʃu,pɪʃu,pɪʃu
pɪʒ,pɪʒu,pɪʒu,pɪʒu,pɪʒu
pɪθ,pɪθu,pɪθu,pɪθu,pɪθu
pɪð,pɪðu,pɪðu,pɪðu,pɪðu
tɪm,tɪmu,tɪmu,tɪmu,tɪmu
tɪn,tɪnu,tɪnu,tɪnu,tɪnu
tɪŋ,tɪŋu,tɪŋu,tɪŋu,tɪŋu
tɪp,tɪpu,tɪpu,tɪpu,tɪpu
tɪt,tɪtu,tɪtu,tɪtu,tɪtu
tɪk,tɪku,tɪku,tɪku,tɪku
tɪb,tɪbu,tɪbu,tɪbu,tɪbu
tɪd,tɪdu,tɪdu,tɪdu,tɪdu
tɪg,tɪgu,tɪgu,tɪgu,tɪgu
tɪf,tɪfu,tɪfu,tɪfu,tɪfu
tɪs,tɪsu,tɪsu,tɪsu,tɪsu
tɪv,tɪvu,tɪvu,tɪvu,tɪvu
tɪz,tɪzu,tɪzu,tɪzu,tɪzu
tɪʃ,tɪʃu,tɪʃu,tɪʃu,tɪʃu
tɪʒ,tɪʒu,tɪʒu,tɪʒu,tɪʒu
tɪθ,tɪθu,tɪθu,tɪθu,tɪθu
tɪð,tɪðu,tɪðu,tɪðu,tɪðu
kɪm,kɪmu,kɪmu,kɪmu,kɪmu
kɪn,kɪnu,kɪnu,kɪnu,kɪnu
kɪŋ,kɪŋu,kɪŋu,kɪŋu,kɪŋu
kɪp,kɪpu,kɪpu,kɪpu,kɪpu
kɪt,kɪtu,kɪtu,kɪtu,kɪtu
kɪk,kɪku,kɪku,kɪku,kɪku
kɪb,kɪbu,kɪbu,kɪbu,kɪbu
kɪd,kɪdu,kɪdu,kɪdu,kɪdu
kɪg,kɪgu,kɪgu,kɪgu,kɪgu
kɪf,kɪfu,kɪfu,kɪfu,kɪfu
kɪs,kɪsu,kɪsu,kɪsu,kɪsu
kɪv,kɪvu,kɪvu,kɪvu,kɪvu
kɪz,kɪzu,kɪzu,kɪzu,kɪzu
kɪʃ,kɪʃu,kɪʃu,kɪʃu,kɪʃu
kɪʒ,kɪʒu,kɪʒu,kɪʒu,kɪʒu
kɪθ,kɪθu,kɪθu,kɪθu,kɪθu
kɪð,kɪðu,kɪðu,kɪðu,kɪðu
bɪm,bɪmu,bɪmu,bɪmu,bɪmu
bɪn,bɪnu,bɪnu,bɪnu,bɪnu
bɪŋ,bɪŋu,bɪŋu,bɪŋu,bɪŋu
bɪp,bɪpu,bɪpu,bɪpu,bɪpu
bɪt,bɪtu,bɪtu,bɪtu,bɪtu
bɪk,bɪku,bɪku,bɪku,bɪku
bɪb,bɪbu,bɪbu,bɪbu,bɪbu
bɪd,bɪdu,bɪdu,bɪdu,bɪdu
bɪg,bɪgu,bɪgu,bɪgu,bɪgu
bɪf,bɪfu,bɪfu,bɪfu,bɪfu
bɪs,bɪsu,bɪsu,bɪsu,bɪsu
bɪv,bɪvu,bɪvu,bɪvu,bɪvu
bɪz,bɪzu,bɪzu,bɪzu,bɪzu
bɪʃ,bɪʃu,bɪʃu,bɪʃu,bɪʃu
bɪʒ,bɪʒu,bɪʒu,bɪʒu,bɪʒu
bɪθ,bɪθu,bɪθu,bɪθu,bɪθu
bɪð,bɪðu,bɪðu,bɪðu,bɪðu
dɪm,dɪmu,dɪmu,dɪmu,dɪmu
dɪn,dɪnu,dɪnu,dɪnu,dɪnu
dɪŋ,dɪŋu,dɪŋu,dɪŋu,dɪŋu
dɪp,dɪpu,dɪpu,dɪpu,dɪpu
dɪt,dɪtu,dɪtu,dɪtu,dɪtu
dɪk,dɪku,dɪku,dɪku,dɪku
dɪb,dɪbu,dɪbu,dɪbu,dɪbu
dɪd,dɪdu,dɪdu,dɪdu,dɪdu
dɪg,dɪgu,dɪgu,dɪgu,dɪgu
dɪf,dɪfu,dɪfu,dɪfu,dɪfu
dɪs,dɪsu,dɪsu,dɪsu,dɪsu
dɪv,dɪvu,dɪvu,dɪvu,dɪvu
dɪz,dɪzu,dɪzu,dɪzu,dɪzu
dɪʃ,dɪʃu,dɪʃu,dɪʃu,dɪʃu
dɪʒ,dɪʒu,dɪʒu,dɪʒu,dɪʒu
dɪθ,dɪθu,dɪθu,dɪθu,dɪθu
dɪð,dɪðu,dɪðu,dɪðu,dɪðu
gɪm,gɪmu,gɪmu,gɪmu,gɪmu
gɪn,gɪnu,gɪnu,gɪnu,gɪnu
gɪŋ,gɪŋu,gɪŋu,gɪŋu,gɪŋu
gɪp,gɪpu,gɪpu,gɪpu,gɪpu
gɪt,gɪtu,gɪtu,gɪtu,gɪtu
gɪk,gɪku,gɪku,gɪku,gɪku
gɪb,gɪbu,gɪbu,gɪbu,gɪbu
gɪd,gɪdu,gɪdu,gɪdu,gɪdu
gɪg,gɪgu,gɪgu,gɪgu,gɪgu
gɪf,gɪfu,gɪfu,gɪfu,gɪfu
gɪs,gɪsu,gɪsu,gɪsu,gɪsu
gɪv,gɪvu,gɪvu,gɪvu,gɪvu
gɪz,gɪzu,gɪzu,gɪzu,gɪzu
gɪʃ,gɪʃu,gɪʃu,gɪʃu,gɪʃu
gɪʒ,gɪʒu,gɪʒu,gɪʒu,gɪʒu
gɪθ,gɪθu,gɪθu,gɪθu,gɪθu
gɪð,gɪðu,gɪðu,gɪðu,gɪðu
fɪm,fɪmu,fɪmu,fɪmu,fɪmu
fɪn,fɪnu,fɪnu,fɪnu,fɪnu
fɪŋ,fɪŋu,fɪŋu,fɪŋu,fɪŋu
fɪp,fɪpu,fɪpu,fɪpu,fɪpu
fɪt,fɪtu,fɪtu,fɪtu,fɪtu
fɪk,fɪku,fɪku,fɪku,fɪku
fɪb,fɪbu,fɪbu,fɪbu,fɪbu
fɪd,fɪdu,fɪdu,fɪdu,fɪdu
fɪg,fɪgu,fɪgu,fɪgu,fɪgu
fɪf,fɪfu,fɪfu,fɪfu,fɪfu
fɪs,fɪsu,fɪsu,fɪsu,fɪsu
fɪv,fɪvu,fɪvu,fɪvu,fɪvu
fɪz,fɪzu,fɪzu,fɪzu,fɪzu
fɪʃ,fɪʃu,fɪʃu,fɪʃu,fɪʃu
fɪʒ,fɪʒu,fɪʒu,fɪʒu,fɪʒu
fɪθ,fɪθu,fɪθu,fɪθu,fɪθu
fɪð,fɪðu,fɪðu,fɪðu,fɪðu
sɪm,sɪmu,sɪmu,sɪmu,sɪmu
sɪn,sɪnu,sɪnu,sɪnu,sɪnu
sɪŋ,sɪŋu,sɪŋu,sɪŋu,sɪŋu
sɪp,sɪpu,sɪpu,sɪpu,sɪpu
sɪt,sɪtu,sɪtu,sɪtu,sɪtu
sɪk,sɪku,sɪku,sɪku,sɪku
sɪb,sɪbu,sɪbu,sɪbu,sɪbu
sɪd,sɪdu,sɪdu,sɪdu,sɪdu
sɪg,sɪgu,sɪgu,sɪgu,sɪgu
sɪf,sɪfu,sɪfu,sɪfu,sɪfu
sɪs,sɪsu,sɪsu,sɪsu,sɪsu
sɪv,sɪvu,sɪvu,sɪvu,sɪvu
sɪz,sɪzu,sɪzu,sɪzu,sɪzu
sɪʃ,sɪʃu,sɪʃu,sɪʃu,sɪʃu
sɪʒ,sɪʒu,sɪʒu,sɪʒu,sɪʒu
sɪθ,sɪθu,sɪθu,sɪθu,sɪθu
sɪð,sɪðu,sɪðu,sɪðu,sɪðu
vɪm,vɪmu,vɪmu,vɪmu,vɪmu
vɪn,vɪnu,vɪnu,vɪnu,vɪnu
vɪŋ,vɪŋu,vɪŋu,vɪŋu,vɪŋu
vɪp,vɪpu,vɪpu,vɪpu,vɪpu
vɪt,vɪtu,vɪtu,vɪtu,vɪtu
vɪk,vɪku,vɪku,vɪku,vɪku
vɪb,vɪbu,vɪbu,vɪbu,vɪbu
vɪd,vɪdu,vɪdu,vɪdu,vɪdu
vɪg,vɪgu,vɪgu,vɪgu,vɪgu
vɪf,vɪfu,vɪfu,vɪfu,vɪfu
vɪs,vɪsu,vɪsu,vɪsu,vɪsu
vɪv,vɪvu,vɪvu,vɪvu,vɪvu
vɪz,vɪzu,vɪzu,vɪzu,vɪzu
vɪʃ,vɪʃu,vɪʃu,vɪʃu,vɪʃu
vɪʒ,vɪʒu,vɪʒu,vɪʒu,vɪʒu
vɪθ,vɪθu,vɪθu,vɪθu,vɪθu
vɪð,vɪðu,vɪðu,vɪðu,vɪðu
zɪm,zɪmu,zɪmu,zɪmu,zɪmu
zɪn,zɪnu,zɪnu,zɪnu,zɪnu
zɪŋ,zɪŋu,zɪŋu,zɪŋu,zɪŋu
zɪp,zɪpu,zɪpu,zɪpu,zɪpu
zɪt,zɪtu,zɪtu,zɪtu,zɪtu
zɪk,zɪku,zɪku,zɪku,zɪku
zɪb,zɪbu,zɪbu,zɪbu,zɪbu
zɪd,zɪdu,zɪdu,zɪdu,zɪdu
zɪg,zɪgu,zɪgu,zɪgu,zɪgu
zɪf,zɪfu,zɪfu,zɪfu,zɪfu
zɪs,zɪsu,zɪsu,zɪsu,zɪsu
zɪv,zɪvu,zɪvu,zɪvu,zɪvu
zɪz,zɪzu,zɪzu,zɪzu,zɪzu
zɪʃ,zɪʃu,zɪʃu,zɪʃu,zɪʃu
zɪʒ,zɪʒu,zɪʒu,zɪʒu,zɪʒu
zɪθ,zɪθu,zɪθu,zɪθu,zɪθu
zɪð,zɪðu,zɪðu,zɪðu,zɪðu
ʃɪm,ʃɪmu,ʃɪmu,ʃɪmu,ʃɪmu
ʃɪn,ʃɪnu,ʃɪnu,ʃɪnu,ʃɪnu
ʃɪŋ,ʃɪŋu,ʃɪŋu,ʃɪŋu,ʃɪŋu
ʃɪp,ʃɪpu,ʃɪpu,ʃɪpu,ʃɪpu
ʃɪt,ʃɪtu,ʃɪtu,ʃɪtu,ʃɪtu
ʃɪk,ʃɪku,ʃɪku,ʃɪku,ʃɪku
ʃɪb,ʃɪbu,ʃɪbu,ʃɪbu,ʃɪbu
ʃɪd,ʃɪdu,ʃɪdu,ʃɪdu,ʃɪdu
ʃɪg,ʃɪgu,ʃɪgu,ʃɪgu,ʃɪgu
ʃɪf,ʃɪfu,ʃɪfu,ʃɪfu,ʃɪfu
ʃɪs,ʃɪsu,ʃɪsu,ʃɪsu,ʃɪsu
ʃɪv,ʃɪvu,ʃɪvu,ʃɪvu,ʃɪvu
ʃɪz,ʃɪzu,ʃɪzu,ʃɪzu,ʃɪzu
ʃɪʃ,ʃɪʃu,ʃɪʃu,ʃɪʃu,ʃɪʃu
ʃɪʒ,ʃɪʒu,ʃɪʒu,ʃɪʒu,ʃɪʒu
ʃɪθ,ʃɪθu,ʃɪθu,ʃɪθu,ʃɪθu
ʃɪð,ʃɪðu,ʃɪðu,ʃɪðu,ʃɪðu
ʒɪm,ʒɪmu,ʒɪmu,ʒɪmu,ʒɪmu
ʒɪn,ʒɪnu,ʒɪnu,ʒɪnu,ʒɪnu
ʒɪŋ,ʒɪŋu,ʒɪŋu,ʒɪŋu,ʒɪŋu
ʒɪp,ʒɪpu,ʒɪpu,ʒɪpu,ʒɪpu
ʒɪt,ʒɪtu,ʒɪtu,ʒɪtu,ʒɪtu
ʒɪk,ʒɪku,ʒɪku,ʒɪku,ʒɪku
ʒɪb,ʒɪbu,ʒɪbu,ʒɪbu,ʒɪbu
ʒɪd,ʒɪdu,ʒɪdu,ʒɪdu,ʒɪdu
ʒɪg,ʒɪgu,ʒɪgu,ʒɪgu,ʒɪgu
ʒɪf,ʒɪfu,ʒɪfu,ʒɪfu,ʒɪfu
ʒɪs,ʒɪsu,ʒɪsu,ʒɪsu,ʒɪsu
ʒɪv,ʒɪvu,ʒɪvu,ʒɪvu,ʒɪvu
ʒɪz,ʒɪzu,ʒɪzu,ʒɪzu,ʒɪzu
ʒɪʃ,ʒɪʃu,ʒɪʃu,ʒɪʃu,ʒɪʃu
ʒɪʒ,ʒɪʒu,ʒɪʒu,ʒɪʒu,ʒɪʒu
ʒɪθ,ʒɪθu,ʒɪθu,ʒɪθu,ʒɪθu
ʒɪð,ʒɪðu,ʒɪðu,ʒɪðu,ʒɪðu
θɪm,θɪmu,θɪmu,θɪmu,θɪmu
θɪn,θɪnu,θɪnu,θɪnu,θɪnu
θɪŋ,θɪŋu,θɪŋu,θɪŋu,θɪŋu
θɪp,θɪpu,θɪpu,θɪpu,θɪpu
θɪt,θɪtu,θɪtu,θɪtu,θɪtu
θɪk,θɪku,θɪku,θɪku,θɪku
θɪb,θɪbu,θɪbu,θɪbu,θɪbu
θɪd,θɪdu,θɪdu,θɪdu,θɪdu
θɪg,θɪgu,θɪgu,θɪgu,θɪgu
θɪf,θɪfu,θɪfu,θɪfu,θɪfu
θɪs,θɪsu,θɪsu,θɪsu,θɪsu
θɪv,θɪvu,θɪvu,θɪvu,θɪvu
θɪz,θɪzu,θɪzu,θɪzu,θɪzu
θɪʃ,θɪʃu,θɪʃu,θɪʃu,θɪʃu
θɪʒ,θɪʒu,θɪʒu,θɪʒu,θɪʒu
θɪθ,θɪθu,θɪθu,θɪθu,θɪθu
θɪð,θɪðu,θɪðu,θɪðu,θɪðu
ðɪm,ðɪmu,ðɪmu,ðɪmu,ðɪmu
ðɪn,ðɪnu,ðɪnu,ðɪnu,ðɪnu
ðɪŋ,ðɪŋu,ðɪŋu,ðɪŋu,ðɪŋu
ðɪp,ðɪpu,ðɪpu,ðɪpu,ðɪpu
ðɪt,ðɪtu,ðɪtu,ðɪtu,ðɪtu
ðɪk,ðɪku,ðɪku,ðɪku,ðɪku
ðɪb,ðɪbu,ðɪbu,ðɪbu,ðɪbu
ðɪd,ðɪdu,ðɪdu,ðɪdu,ðɪdu
ðɪg,ðɪgu,ðɪgu,ðɪgu,ðɪgu
ðɪf,ðɪfu,ðɪfu,ðɪfu,ðɪfu
ðɪs,ðɪsu,ðɪsu,ðɪsu,ðɪsu
ðɪv,ðɪvu,ðɪvu,ðɪvu,ðɪvu
ðɪz,ðɪzu,ðɪzu,ðɪzu,ðɪzu
ðɪʃ,ðɪʃu,ðɪʃu,ðɪʃu,ðɪʃu
ðɪʒ,ðɪʒu,ðɪʒu,ðɪʒu,ðɪʒu
ðɪθ,ðɪθu,ðɪθu,ðɪθu,ðɪθu
ðɪð,ðɪðu,ðɪðu,ðɪðu,ðɪðu
hɪm,hɪmu,hɪmu,hɪmu,hɪmu
hɪn,hɪnu,hɪnu,hɪnu,hɪnu
hɪŋ,hɪŋu,hɪŋu,hɪŋu,hɪŋu
hɪp,hɪpu,hɪpu,hɪpu,hɪpu
hɪt,hɪtu,hɪtu,hɪtu,hɪtu
hɪk,hɪku,hɪku,hɪku,hɪku
hɪb,hɪbu,hɪbu,hɪbu,hɪbu
hɪd,hɪdu,hɪdu,hɪdu,hɪdu
hɪg,hɪgu,hɪgu,hɪgu,hɪgu
hɪf,hɪfu,hɪfu,hɪfu,hɪfu
hɪs,hɪsu,hɪsu,hɪsu,hɪsu
hɪv,hɪvu,hɪvu,hɪvu,hɪvu
hɪz,hɪzu,hɪzu,hɪzu,hɪzu
hɪʃ,hɪʃu,hɪʃu,hɪʃu,hɪʃu
hɪʒ,hɪʒu,hɪʒu,hɪʒu,hɪʒu
hɪθ,hɪθu,hɪθu,hɪθu,hɪθu
hɪð,hɪðu,hɪðu,hɪðu,hɪðu
mɪm,mɪmoʊ,mɪmoʊ,mɪmo,mɪmo
mɪn,mɪnoʊ,mɪnoʊ,mɪno,mɪno
mɪŋ,mɪŋoʊ,mɪŋoʊ,mɪŋo,mɪŋo
mɪp,mɪpoʊ,mɪpoʊ,mɪpo,mɪpo
mɪt,mɪtoʊ,mɪtoʊ,mɪto,mɪto
mɪk,mɪkoʊ,mɪkoʊ,mɪko,mɪko
mɪb,mɪboʊ,mɪboʊ,mɪbo,mɪbo
mɪd,mɪdoʊ,mɪdoʊ,mɪdo,mɪdo
mɪg,mɪgoʊ,mɪgoʊ,mɪgo,mɪgo
mɪf,mɪfoʊ,mɪfoʊ,mɪfo,mɪfo
mɪs,mɪsoʊ,mɪsoʊ,mɪso,mɪso
mɪv,mɪvoʊ,mɪvoʊ,mɪvo,mɪvo
mɪz,mɪzoʊ,mɪzoʊ,mɪzo,mɪzo
mɪʃ,mɪʃoʊ,mɪʃoʊ,mɪʃo,mɪʃo
mɪʒ,mɪʒoʊ,mɪʒoʊ,mɪʒo,mɪʒo
mɪθ,mɪθoʊ,mɪθoʊ,mɪθo,mɪθo
mɪð,mɪðoʊ,mɪðoʊ,mɪðo,mɪðo
nɪm,nɪmoʊ,nɪmoʊ,nɪmo,nɪmo
nɪn,nɪnoʊ,nɪnoʊ,nɪno,nɪno
nɪŋ,nɪŋoʊ,nɪŋoʊ,nɪŋo,nɪŋo
nɪp,nɪpoʊ,nɪpoʊ,nɪpo,nɪpo
nɪt,nɪtoʊ,nɪtoʊ,nɪto,nɪto
nɪk,nɪkoʊ,nɪkoʊ,nɪko,nɪko
nɪb,nɪboʊ,nɪboʊ,nɪbo,nɪbo
nɪd,nɪdoʊ,nɪdoʊ,nɪdo,nɪdo
nɪg,nɪgoʊ,nɪgoʊ,nɪgo,nɪgo
nɪf,nɪfoʊ,nɪfoʊ,nɪfo,nɪfo
nɪs,nɪsoʊ,nɪsoʊ,nɪso,nɪso
nɪv,nɪvoʊ,nɪvoʊ,nɪvo,nɪvo
nɪz,nɪzoʊ,nɪzoʊ,nɪzo,nɪzo
nɪʃ,nɪʃoʊ,nɪʃoʊ,nɪʃo,nɪʃo
nɪʒ,nɪʒoʊ,nɪʒoʊ,nɪʒo,nɪʒo
nɪθ,nɪθoʊ,nɪθoʊ,nɪθo,nɪθo
nɪð,nɪðoʊ,nɪðoʊ,nɪðo,nɪðo
pɪm,pɪmoʊ,pɪmoʊ,pɪmo,pɪmo
pɪn,pɪnoʊ,pɪnoʊ,pɪno,pɪno
pɪŋ,pɪŋoʊ,pɪŋoʊ,pɪŋo,pɪŋo
pɪp,pɪpoʊ,pɪpoʊ,pɪpo,pɪpo
pɪt,pɪtoʊ,pɪtoʊ,pɪto,pɪto
pɪk,pɪkoʊ,pɪkoʊ,pɪko,pɪko
pɪb,pɪboʊ,pɪboʊ,pɪbo,pɪbo
pɪd,pɪdoʊ,pɪdoʊ,pɪdo,pɪdo
pɪg,pɪgoʊ,pɪgoʊ,pɪgo,pɪgo
pɪf,pɪfoʊ,pɪfoʊ,pɪfo,pɪfo
pɪs,pɪsoʊ,pɪsoʊ,pɪso,pɪso
pɪv,pɪvoʊ,pɪvoʊ,pɪvo,pɪvo
pɪz,pɪzoʊ,pɪzoʊ,pɪzo,pɪzo
pɪʃ,pɪʃoʊ,pɪʃoʊ,pɪʃo,pɪʃo
pɪʒ,pɪʒoʊ,pɪʒoʊ,pɪʒo,pɪʒo
pɪθ,pɪθoʊ,pɪθoʊ,pɪθo,pɪθo
pɪð,pɪðoʊ,pɪðoʊ,pɪðo,pɪðo
tɪm,tɪmoʊ,tɪmoʊ,tɪmo,tɪmo
tɪn,tɪnoʊ,tɪnoʊ,tɪno,tɪno
tɪŋ,tɪŋoʊ,tɪŋoʊ,tɪŋo,tɪŋo
tɪp,tɪpoʊ,tɪpoʊ,tɪpo,tɪpo
tɪt,tɪtoʊ,tɪtoʊ,tɪto,tɪto
tɪk,tɪkoʊ,tɪkoʊ,tɪko,tɪko
tɪb,tɪboʊ,tɪboʊ,tɪbo,tɪbo
tɪd,tɪdoʊ,tɪdoʊ,tɪdo,tɪdo
tɪg,tɪgoʊ,tɪgoʊ,tɪgo,tɪgo
tɪf,tɪfoʊ,tɪfoʊ,tɪfo,tɪfo
tɪs,tɪsoʊ,tɪsoʊ,tɪso,tɪso
tɪv,tɪvoʊ,tɪvoʊ,tɪvo,tɪvo
tɪz,tɪzoʊ,tɪzoʊ,tɪzo,tɪzo
tɪʃ,tɪʃoʊ,tɪʃoʊ,tɪʃo,tɪʃo
tɪʒ,tɪʒoʊ,tɪʒoʊ,tɪʒo,tɪʒo
tɪθ,tɪθoʊ,tɪθoʊ,tɪθo,tɪθo
tɪð,tɪðoʊ,tɪðoʊ,tɪðo,tɪðo
kɪm,kɪmoʊ,kɪmoʊ,kɪmo,kɪmo
kɪn,kɪnoʊ,kɪnoʊ,kɪno,kɪno
kɪŋ,kɪŋoʊ,kɪŋoʊ,kɪŋo,kɪŋo
kɪp,kɪpoʊ,kɪpoʊ,kɪpo,kɪpo
kɪt,kɪtoʊ,kɪtoʊ,kɪto,kɪto
kɪk,kɪkoʊ,kɪkoʊ,kɪko,kɪko
kɪb,kɪboʊ,kɪboʊ,kɪbo,kɪbo
kɪd,kɪdoʊ,kɪdoʊ,kɪdo,kɪdo
kɪg,kɪgoʊ,kɪgoʊ,kɪgo,kɪgo
kɪf,kɪfoʊ,kɪfoʊ,kɪfo,kɪfo
kɪs,kɪsoʊ,kɪsoʊ,kɪso,kɪso
kɪv,kɪvoʊ,kɪvoʊ,kɪvo,kɪvo
kɪz,kɪzoʊ,kɪzoʊ,kɪzo,kɪzo
kɪʃ,kɪʃoʊ,kɪʃoʊ,kɪʃo,kɪʃo
kɪʒ,kɪʒoʊ,kɪʒoʊ,kɪʒo,kɪʒo
kɪθ,kɪθoʊ,kɪθoʊ,kɪθo,kɪθo
kɪð,kɪðoʊ,kɪðoʊ,kɪðo,kɪðo
bɪm,bɪmoʊ,bɪmoʊ,bɪmo,bɪmo
bɪn,bɪnoʊ,bɪnoʊ,bɪno,bɪno
bɪŋ,bɪŋoʊ,bɪŋoʊ,bɪŋo,bɪŋo
bɪp,bɪpoʊ,bɪpoʊ,bɪpo,bɪpo
bɪt,bɪtoʊ,bɪtoʊ,bɪto,bɪto
bɪk,bɪkoʊ,bɪkoʊ,bɪko,bɪko
bɪb,bɪboʊ,bɪboʊ,bɪbo,bɪbo
bɪd,bɪdoʊ,bɪdoʊ,bɪdo,bɪdo
bɪg,bɪgoʊ,bɪgoʊ,bɪgo,bɪgo
bɪf,bɪfoʊ,bɪfoʊ,bɪfo,bɪfo
bɪs,bɪsoʊ,bɪsoʊ,bɪso,bɪso
bɪv,bɪvoʊ,bɪvoʊ,bɪvo,bɪvo
bɪz,bɪzoʊ,bɪzoʊ,bɪzo,bɪzo
bɪʃ,bɪʃoʊ,bɪʃoʊ,bɪʃo,bɪʃo
bɪʒ,bɪʒoʊ,bɪʒoʊ,bɪʒo,bɪʒo
bɪθ,bɪθoʊ,bɪθoʊ,bɪθo,bɪθo
bɪð,bɪðoʊ,bɪðoʊ,bɪðo,bɪðo
dɪm,dɪmoʊ,dɪmoʊ,dɪmo,dɪmo
dɪn,dɪnoʊ,dɪnoʊ,dɪno,dɪno
dɪŋ,dɪŋoʊ,dɪŋoʊ,dɪŋo,dɪŋo
dɪp,dɪpoʊ,dɪpoʊ,dɪpo,dɪpo
dɪt,dɪtoʊ,dɪtoʊ,dɪto,dɪto
dɪk,dɪkoʊ,dɪkoʊ,dɪko,dɪko
dɪb,dɪboʊ,dɪboʊ,dɪbo,dɪbo
dɪd,dɪdoʊ,dɪdoʊ,dɪdo,dɪdo
dɪg,dɪgoʊ,dɪgoʊ,dɪgo,dɪgo
dɪf,dɪfoʊ,dɪfoʊ,dɪfo,dɪfo
dɪs,dɪsoʊ,dɪsoʊ,dɪso,dɪso
dɪv,dɪvoʊ,dɪvoʊ,dɪvo,dɪvo
dɪz,dɪzoʊ,dɪzoʊ,dɪzo,dɪzo
dɪʃ,dɪʃoʊ,dɪʃoʊ,dɪʃo,dɪʃo
dɪʒ,dɪʒoʊ,dɪʒoʊ,dɪʒo,dɪʒo
dɪθ,dɪθoʊ,dɪθoʊ,dɪθo,dɪθo
dɪð,dɪðoʊ,dɪðoʊ,dɪðo,dɪðo
gɪm,gɪmoʊ,gɪmoʊ,gɪmo,gɪmo
gɪn,gɪnoʊ,gɪnoʊ,gɪno,gɪno
gɪŋ,gɪŋoʊ,gɪŋoʊ,gɪŋo,gɪŋo
gɪp,gɪpoʊ,gɪpoʊ,gɪpo,gɪpo
gɪt,gɪtoʊ,gɪtoʊ,gɪto,gɪto
gɪk,gɪkoʊ,gɪkoʊ,gɪko,gɪko
gɪb,gɪboʊ,gɪboʊ,gɪbo,gɪbo
gɪd,gɪdoʊ,gɪdoʊ,gɪdo,gɪdo
gɪg,gɪgoʊ,gɪgoʊ,gɪgo,gɪgo
gɪf,gɪfoʊ,gɪfoʊ,gɪfo,gɪfo
gɪs,gɪsoʊ,gɪsoʊ,gɪso,gɪso
gɪv,gɪvoʊ,gɪvoʊ,gɪvo,gɪvo
gɪz,gɪzoʊ,gɪzoʊ,gɪzo,gɪzo
gɪʃ,gɪʃoʊ,gɪʃoʊ,gɪʃo,gɪʃo
gɪʒ,gɪʒoʊ,gɪʒoʊ,gɪʒo,gɪʒo
gɪθ,gɪθoʊ,gɪθoʊ,gɪθo,gɪθo
gɪð,gɪðoʊ,gɪðoʊ,gɪðo,gɪðo
fɪm,fɪmoʊ,fɪmoʊ,fɪmo,fɪmo
fɪn,fɪnoʊ,fɪnoʊ,fɪno,fɪno
fɪŋ,fɪŋoʊ,fɪŋoʊ,fɪŋo,fɪŋo
fɪp,fɪpoʊ,fɪpoʊ,fɪpo,fɪpo
fɪt,fɪtoʊ,fɪtoʊ,fɪto,fɪto
fɪk,fɪkoʊ,fɪkoʊ,fɪko,fɪko
fɪb,fɪboʊ,fɪboʊ,fɪbo,fɪbo
fɪd,fɪdoʊ,fɪdoʊ,fɪdo,fɪdo
fɪg,fɪgoʊ,fɪgoʊ,fɪgo,fɪgo
fɪf,fɪfoʊ,fɪfoʊ,fɪfo,fɪfo
fɪs,fɪsoʊ,fɪsoʊ,fɪso,fɪso
fɪv,fɪvoʊ,fɪvoʊ,fɪvo,fɪvo
fɪz,fɪzoʊ,fɪzoʊ,fɪzo,fɪzo
fɪʃ,fɪʃoʊ,fɪʃoʊ,fɪʃo,fɪʃo
fɪʒ,fɪʒoʊ,fɪʒoʊ,fɪʒo,fɪʒo
fɪθ,fɪθoʊ,fɪθoʊ,fɪθo,fɪθo
fɪð,fɪðoʊ,fɪðoʊ,fɪðo,fɪðo
sɪm,sɪmoʊ,sɪmoʊ,sɪmo,sɪmo
sɪn,sɪnoʊ,sɪnoʊ,sɪno,sɪno
sɪŋ,sɪŋoʊ,sɪŋoʊ,sɪŋo,sɪŋo
sɪp,sɪpoʊ,sɪpoʊ,sɪpo,sɪpo
sɪt,sɪtoʊ,sɪtoʊ,sɪto,sɪto
sɪk,sɪkoʊ,sɪkoʊ,sɪko,sɪko
sɪb,sɪboʊ,sɪboʊ,sɪbo,sɪbo
sɪd,sɪdoʊ,sɪdoʊ,sɪdo,sɪdo
sɪg,sɪgoʊ,sɪgoʊ,sɪgo,sɪgo
sɪf,sɪfoʊ,sɪfoʊ,sɪfo,sɪfo
sɪs,sɪsoʊ,sɪsoʊ,sɪso,sɪso
sɪv,sɪvoʊ,sɪvoʊ,sɪvo,sɪvo
sɪz,sɪzoʊ,sɪzoʊ,sɪzo,sɪzo
sɪʃ,sɪʃoʊ,sɪʃoʊ,sɪʃo,sɪʃo
sɪʒ,sɪʒoʊ,sɪʒoʊ,sɪʒo,sɪʒo
sɪθ,sɪθoʊ,sɪθoʊ,sɪθo,sɪθo
sɪð,sɪðoʊ,sɪðoʊ,sɪðo,sɪðo
vɪm,vɪmoʊ,vɪmoʊ,vɪmo,vɪmo
vɪn,vɪnoʊ,vɪnoʊ,vɪno,vɪno
vɪŋ,vɪŋoʊ,vɪŋoʊ,vɪŋo,vɪŋo
vɪp,vɪpoʊ,vɪpoʊ,vɪpo,vɪpo
vɪt,vɪtoʊ,vɪtoʊ,vɪto,vɪto
vɪk,vɪkoʊ,vɪkoʊ,vɪko,vɪko
vɪb,vɪboʊ,vɪboʊ,vɪbo,vɪbo
vɪd,vɪdoʊ,vɪdoʊ,vɪdo,vɪdo
vɪg,vɪgoʊ,vɪgoʊ,vɪgo,vɪgo
vɪf,vɪfoʊ,vɪfoʊ,vɪfo,vɪfo
vɪs,vɪsoʊ,vɪsoʊ,vɪso,vɪso
vɪv,vɪvoʊ,vɪvoʊ,vɪvo,vɪvo
vɪz,vɪzoʊ,vɪzoʊ,vɪzo,vɪzo
vɪʃ,vɪʃoʊ,vɪʃoʊ,vɪʃo,vɪʃo
vɪʒ,vɪʒoʊ,vɪʒoʊ,vɪʒo,vɪʒo
vɪθ,vɪθoʊ,vɪθoʊ,vɪθo,vɪθo
vɪð,vɪðoʊ,vɪðoʊ,vɪðo,vɪðo
zɪm,zɪmoʊ,zɪmoʊ,zɪmo,zɪmo
zɪn,zɪnoʊ,zɪnoʊ,zɪno,zɪno
zɪŋ,zɪŋoʊ,zɪŋoʊ,zɪŋo,zɪŋo
zɪp,zɪpoʊ,zɪpoʊ,zɪpo,zɪpo
zɪt,zɪtoʊ,zɪtoʊ,zɪto,zɪto
zɪk,zɪkoʊ,zɪkoʊ,zɪko,zɪko
zɪb,zɪboʊ,zɪboʊ,zɪbo,zɪbo
zɪd,zɪdoʊ,zɪdoʊ,zɪdo,zɪdo
zɪg,zɪgoʊ,zɪgoʊ,zɪgo,zɪgo
zɪf,zɪfoʊ,zɪfoʊ,zɪfo,zɪfo
zɪs,zɪsoʊ,zɪsoʊ,zɪso,zɪso
zɪv,zɪvoʊ,zɪvoʊ,zɪvo,zɪvo
zɪz,zɪzoʊ,zɪzoʊ,zɪzo,zɪzo
zɪʃ,zɪʃoʊ,zɪʃoʊ,zɪʃo,zɪʃo
zɪʒ,zɪʒoʊ,zɪʒoʊ,zɪʒo,zɪʒo
zɪθ,zɪθoʊ,zɪθoʊ,zɪθo,zɪθo
zɪð,zɪðoʊ,zɪðoʊ,zɪðo,zɪðo
ʃɪm,ʃɪmoʊ,ʃɪmoʊ,ʃɪmo,ʃɪmo
ʃɪn,ʃɪnoʊ,ʃɪnoʊ,ʃɪno,ʃɪno
ʃɪŋ,ʃɪŋoʊ,ʃɪŋoʊ,ʃɪŋo,ʃɪŋo
ʃɪp,ʃɪpoʊ,ʃɪpoʊ,ʃɪpo,ʃɪpo
ʃɪt,ʃɪtoʊ,ʃɪtoʊ,ʃɪto,ʃɪto
ʃɪk,ʃɪkoʊ,ʃɪkoʊ,ʃɪko,ʃɪko
ʃɪb,ʃɪboʊ,ʃɪboʊ,ʃɪbo,ʃɪbo
ʃɪd,ʃɪdoʊ,ʃɪdoʊ,ʃɪdo,ʃɪdo
ʃɪg,ʃɪgoʊ,ʃɪgoʊ,ʃɪgo,ʃɪgo
ʃɪf,ʃɪfoʊ,ʃɪfoʊ,ʃɪfo,ʃɪfo
ʃɪs,ʃɪsoʊ,ʃɪsoʊ,ʃɪso,ʃɪso
ʃɪv,ʃɪvoʊ,ʃɪvoʊ,ʃɪvo,ʃɪvo
ʃɪz,ʃɪzoʊ,ʃɪzoʊ,ʃɪzo,ʃɪzo
ʃɪʃ,ʃɪʃoʊ,ʃɪʃoʊ,ʃɪʃo,ʃɪʃo
ʃɪʒ,ʃɪʒoʊ,ʃɪʒoʊ,ʃɪʒo,ʃɪʒo
ʃɪθ,ʃɪθoʊ,ʃɪθoʊ,ʃɪθo,ʃɪθo
ʃɪð,ʃɪðoʊ,ʃɪðoʊ,ʃɪðo,ʃɪðo
ʒɪm,ʒɪmoʊ,ʒɪmoʊ,ʒɪmo,ʒɪmo
ʒɪn,ʒɪnoʊ,ʒɪnoʊ,ʒɪno,ʒɪno
ʒɪŋ,ʒɪŋoʊ,ʒɪŋoʊ,ʒɪŋo,ʒɪŋo
ʒɪp,ʒɪpoʊ,ʒɪpoʊ,ʒɪpo,ʒɪpo
ʒɪt,ʒɪtoʊ,ʒɪtoʊ,ʒɪto,ʒɪto
ʒɪk,ʒɪkoʊ,ʒɪkoʊ,ʒɪko,ʒɪko
ʒɪb,ʒɪboʊ,ʒɪboʊ,ʒɪbo,ʒɪbo
ʒɪd,ʒɪdoʊ,ʒɪdoʊ,ʒɪdo,ʒɪdo
ʒɪg,ʒɪgoʊ,ʒɪgoʊ,ʒɪgo,ʒɪgo
ʒɪf,ʒɪfoʊ,ʒɪfoʊ,ʒɪfo,ʒɪfo
ʒɪs,ʒɪsoʊ,ʒɪsoʊ,ʒɪso,ʒɪso
ʒɪv,ʒɪvoʊ,ʒɪvoʊ,ʒɪvo,ʒɪvo
ʒɪz,ʒɪzoʊ,ʒɪzoʊ,ʒɪzo,ʒɪzo
ʒɪʃ,ʒɪʃoʊ,ʒɪʃoʊ,ʒɪʃo,ʒɪʃo
ʒɪʒ,ʒɪʒoʊ,ʒɪʒoʊ,ʒɪʒo,ʒɪʒo
ʒɪθ,ʒɪθoʊ,ʒɪθoʊ,ʒɪθo,ʒɪθo
ʒɪð,ʒɪðoʊ,ʒɪðoʊ,ʒɪðo,ʒɪðo
θɪm,θɪmoʊ,θɪmoʊ,θɪmo,θɪmo
θɪn,θɪnoʊ,θɪnoʊ,θɪno,θɪno
θɪŋ,θɪŋoʊ,θɪŋoʊ,θɪŋo,θɪŋo
θɪp,θɪpoʊ,θɪpoʊ,θɪpo,θɪpo
θɪt,θɪtoʊ,θɪtoʊ,θɪto,θɪto
θɪk,θɪkoʊ,θɪkoʊ,θɪko,θɪko
θɪb,θɪboʊ,θɪboʊ,θɪbo,θɪbo
θɪd,θɪdoʊ,θɪdoʊ,θɪdo,θɪdo
θɪg,θɪgoʊ,θɪgoʊ,θɪgo,θɪgo
θɪf,θɪfoʊ,θɪfoʊ,θɪfo,θɪfo
θɪs,θɪsoʊ,θɪsoʊ,θɪso,θɪso
θɪv,θɪvoʊ,θɪvoʊ,θɪvo,θɪvo
θɪz,θɪzoʊ,θɪzoʊ,θɪzo,θɪzo
θɪʃ,θɪʃoʊ,θɪʃoʊ,θɪʃo,θɪʃo
θɪʒ,θɪʒoʊ,θɪʒoʊ,θɪʒo,θɪʒo
θɪθ,θɪθoʊ,θɪθoʊ,θɪθo,θɪθo
θɪð,θɪðoʊ,θɪðoʊ,θɪðo,θɪðo
ðɪm,ðɪmoʊ,ðɪmoʊ,ðɪmo,ðɪmo
ðɪn,ðɪnoʊ,ðɪnoʊ,ðɪno,ðɪno
ðɪŋ,ðɪŋoʊ,ðɪŋoʊ,ðɪŋo,ðɪŋo
ðɪp,ðɪpoʊ,ðɪpoʊ,ðɪpo,ðɪpo
ðɪt,ðɪtoʊ,ðɪtoʊ,ðɪto,ðɪto
ðɪk,ðɪkoʊ,ðɪkoʊ,ðɪko,ðɪko
ðɪb,ðɪboʊ,ðɪboʊ,ðɪbo,ðɪbo
ðɪd,ðɪdoʊ,ðɪdoʊ,ðɪdo,ðɪdo
ðɪg,ðɪgoʊ,ðɪgoʊ,ðɪgo,ðɪgo
ðɪf,ðɪfoʊ,ðɪfoʊ,ðɪfo,ðɪfo
ðɪs,ðɪsoʊ,ðɪsoʊ,ðɪso,ðɪso
ðɪv,ðɪvoʊ,ðɪvoʊ,ðɪvo,ðɪvo
ðɪz,ðɪzoʊ,ðɪzoʊ,ðɪzo,ðɪzo
ðɪʃ,ðɪʃoʊ,ðɪʃoʊ,ðɪʃo,ðɪʃo
ðɪʒ,ðɪʒoʊ,ðɪʒoʊ,ðɪʒo,ðɪʒo
ðɪθ,ðɪθoʊ,ðɪθoʊ,ðɪθo,ðɪθo
ðɪð,ðɪðoʊ,ðɪðoʊ,ðɪðo,ðɪðo
hɪm,hɪmoʊ,hɪmoʊ,hɪmo,hɪmo
hɪn,hɪnoʊ,hɪnoʊ,hɪno,hɪno
hɪŋ,hɪŋoʊ,hɪŋoʊ,hɪŋo,hɪŋo
hɪp,hɪpoʊ,hɪpoʊ,hɪpo,hɪpo
hɪt,hɪtoʊ,hɪtoʊ,hɪto,hɪto
hɪk,hɪkoʊ,hɪkoʊ,hɪko,hɪko
hɪb,hɪboʊ,hɪboʊ,hɪbo,hɪbo
hɪd,hɪdoʊ,hɪdoʊ,hɪdo,hɪdo
hɪg,hɪgoʊ,hɪgoʊ,hɪgo,hɪgo
hɪf,hɪfoʊ,hɪfoʊ,hɪfo,hɪfo
hɪs,hɪsoʊ,hɪsoʊ,hɪso,hɪso
hɪv,hɪvoʊ,hɪvoʊ,hɪvo,hɪvo
hɪz,hɪzoʊ,hɪzoʊ,hɪzo,hɪzo
hɪʃ,hɪʃoʊ,hɪʃoʊ,hɪʃo,hɪʃo
hɪʒ,hɪʒoʊ,hɪʒoʊ,hɪʒo,hɪʒo
hɪθ,hɪθoʊ,hɪθoʊ,hɪθo,hɪθo
hɪð,hɪðoʊ,hɪðoʊ,hɪðo,hɪðo
mɛm,mɛmi,mɛmu,mɛmi,mɛmu
mɛn,mɛni,mɛnu,mɛni,mɛnu
mɛŋ,mɛŋi,mɛŋu,mɛŋi,mɛŋu
mɛp,mɛpi,mɛpu,mɛpi,mɛpu
mɛt,mɛti,mɛtu,mɛti,mɛtu
mɛk,mɛki,mɛku,mɛki,mɛku
mɛb,mɛbi,mɛbu,mɛbi,mɛbu
mɛd,mɛdi,mɛdu,mɛdi,mɛdu
mɛg,mɛgi,mɛgu,mɛgi,mɛgu
mɛf,mɛfi,mɛfu,mɛfi,mɛfu
mɛs,mɛsi,mɛsu,mɛsi,mɛsu
mɛv,mɛvi,mɛvu,mɛvi,mɛvu
mɛz,mɛzi,mɛzu,mɛzi,mɛzu
mɛʃ,mɛʃi,mɛʃu,mɛʃi,mɛʃu
mɛʒ,mɛʒi,mɛʒu,mɛʒi,mɛʒu
mɛθ,mɛθi,mɛθu,mɛθi,mɛθu
mɛð,mɛði,mɛðu,mɛði,mɛðu
nɛm,nɛmi,nɛmu,nɛmi,nɛmu
nɛn,nɛni,nɛnu,nɛni,nɛnu
nɛŋ,nɛŋi,nɛŋu,nɛŋi,nɛŋu
nɛp,nɛpi,nɛpu,nɛpi,nɛpu
nɛt,nɛti,nɛtu,nɛti,nɛtu
nɛk,nɛki,nɛku,nɛki,nɛku
nɛb,nɛbi,nɛbu,nɛbi,nɛbu
nɛd,nɛdi,nɛdu,nɛdi,nɛdu
nɛg,nɛgi,nɛgu,nɛgi,nɛgu
nɛf,nɛfi,nɛfu,nɛfi,nɛfu
nɛs,nɛsi,nɛsu,nɛsi,nɛsu
nɛv,nɛvi,nɛvu,nɛvi,nɛvu
nɛz,nɛzi,nɛzu,nɛzi,nɛzu
nɛʃ,nɛʃi,nɛʃu,nɛʃi,nɛʃu
nɛʒ,nɛʒi,nɛʒu,nɛʒi,nɛʒu
nɛθ,nɛθi,nɛθu,nɛθi,nɛθu
nɛð,nɛði,nɛðu,nɛði,nɛðu
pɛm,pɛmi,pɛmu,pɛmi,pɛmu
pɛn,pɛni,pɛnu,pɛni,pɛnu
pɛŋ,pɛŋi,pɛŋu,pɛŋi,pɛŋu
pɛp,pɛpi,pɛpu,pɛpi,pɛpu
pɛt,pɛti,pɛtu,pɛti,pɛtu
pɛk,pɛki,pɛku,pɛki,pɛku
pɛb,pɛbi,pɛbu,pɛbi,pɛbu
pɛd,pɛdi,pɛdu,pɛdi,pɛdu
pɛg,pɛgi,pɛgu,pɛgi,pɛgu
pɛf,pɛfi,pɛfu,pɛfi,pɛfu
pɛs,pɛsi,pɛsu,pɛsi,pɛsu
pɛv,pɛvi,pɛvu,pɛvi,pɛvu
pɛz,pɛzi,pɛzu,pɛzi,pɛzu
pɛʃ,pɛʃi,pɛʃu,pɛʃi,pɛʃu
pɛʒ,pɛʒi,pɛʒu,pɛʒi,pɛʒu
pɛθ,pɛθi,pɛθu,pɛθi,pɛθu
pɛð,pɛði,pɛðu,pɛði,pɛðu
tɛm,tɛmi,tɛmu,tɛmi,tɛmu
tɛn,tɛni,tɛnu,tɛni,tɛnu
tɛŋ,tɛŋi,tɛŋu,tɛŋi,tɛŋu
tɛp,tɛpi,tɛpu,tɛpi,tɛpu
tɛt,tɛti,tɛtu,tɛti,tɛtu
tɛk,tɛki,tɛku,tɛki,tɛku
tɛb,tɛbi,tɛbu,tɛbi,tɛbu
tɛd,tɛdi,tɛdu,tɛdi,tɛdu
tɛg,tɛgi,tɛgu,tɛgi,tɛgu
tɛf,tɛfi,tɛfu,tɛfi,tɛfu
tɛs,tɛsi,tɛsu,tɛsi,tɛsu
tɛv,tɛvi,tɛvu,tɛvi,tɛvu
tɛz,tɛzi,tɛzu,tɛzi,tɛzu
tɛʃ,tɛʃi,tɛʃu,tɛʃi,tɛʃu
tɛʒ,tɛʒi,tɛʒu,tɛʒi,tɛʒu
tɛθ,tɛθi,tɛθu,tɛθi,tɛθu
tɛð,tɛði,tɛðu,tɛði,tɛðu
kɛm,kɛmi,kɛmu,kɛmi,kɛmu
kɛn,kɛni,kɛnu,kɛni,kɛnu
kɛŋ,kɛŋi,kɛŋu,kɛŋi,kɛŋu
kɛp,kɛpi,kɛpu,kɛpi,kɛpu
kɛt,kɛti,kɛtu,kɛti,kɛtu
kɛk,kɛki,kɛku,kɛki,kɛku
kɛb,kɛbi,kɛbu,kɛbi,kɛbu
kɛd,kɛdi,kɛdu,kɛdi,kɛdu
kɛg,kɛgi,kɛgu,kɛgi,kɛgu
kɛf,kɛfi,kɛfu,kɛfi,kɛfu
kɛs,kɛsi,kɛsu,kɛsi,kɛsu
kɛv,kɛvi,kɛvu,kɛvi,kɛvu
kɛz,kɛzi,kɛzu,kɛzi,kɛzu
kɛʃ,kɛʃi,kɛʃu,kɛʃi,kɛʃu
kɛʒ,kɛʒi,kɛʒu,kɛʒi,kɛʒu
kɛθ,kɛθi,kɛθu,kɛθi,kɛθu
kɛð,kɛði,kɛðu,kɛði,kɛðu
bɛm,bɛmi,bɛmu,bɛmi,bɛmu
bɛn,bɛni,bɛnu,bɛni,bɛnu
bɛŋ,bɛŋi,bɛŋu,bɛŋi,bɛŋu
bɛp,bɛpi,bɛpu,bɛpi,bɛpu
bɛt,bɛti,bɛtu,bɛti,bɛtu
bɛk,bɛki,bɛku,bɛki,bɛku
bɛb,bɛbi,bɛbu,bɛbi,bɛbu
bɛd,bɛdi,bɛdu,bɛdi,bɛdu
bɛg,bɛgi,bɛgu,bɛgi,bɛgu
bɛf,bɛfi,bɛfu,bɛfi,bɛfu
bɛs,bɛsi,bɛsu,bɛsi,bɛsu
bɛv,bɛvi,bɛvu,bɛvi,bɛvu
bɛz,bɛzi,bɛzu,bɛzi,bɛzu
bɛʃ,bɛʃi,bɛʃu,bɛʃi,bɛʃu
bɛʒ,bɛʒi,bɛʒu,bɛʒi,bɛʒu
bɛθ,bɛθi,bɛθu,bɛθi,bɛθu
bɛð,bɛði,bɛðu,bɛði,bɛðu
dɛm,dɛmi,dɛmu,dɛmi,dɛmu
dɛn,dɛni,dɛnu,dɛni,dɛnu
dɛŋ,dɛŋi,dɛŋu,dɛŋi,dɛŋu
dɛp,dɛpi,dɛpu,dɛpi,dɛpu
dɛt,dɛti,dɛtu,dɛti,dɛtu
dɛk,dɛki,dɛku,dɛki,dɛku
dɛb,dɛbi,dɛbu,dɛbi,dɛbu
dɛd,dɛdi,dɛdu,dɛdi,dɛdu
dɛg,dɛgi,dɛgu,dɛgi,dɛgu
dɛf,dɛfi,dɛfu,dɛfi,dɛfu
dɛs,dɛsi,dɛsu,dɛsi,dɛsu
dɛv,dɛvi,dɛvu,dɛvi,dɛvu
dɛz,dɛzi,dɛzu,dɛzi,dɛzu
dɛʃ,dɛʃi,dɛʃu,dɛʃi,dɛʃu
dɛʒ,dɛʒi,dɛʒu,dɛʒi,dɛʒu
dɛθ,dɛθi,dɛθu,dɛθi,dɛθu
dɛð,dɛði,dɛðu,dɛði,dɛðu
gɛm,gɛmi,gɛmu,gɛmi,gɛmu
gɛn,gɛni,gɛnu,gɛni,gɛnu
gɛŋ,gɛŋi,gɛŋu,gɛŋi,gɛŋu
gɛp,gɛpi,gɛpu,gɛpi,gɛpu
gɛt,gɛti,gɛtu,gɛti,gɛtu
gɛk,gɛki,gɛku,gɛki,gɛku
gɛb,gɛbi,gɛbu,gɛbi,gɛbu
gɛd,gɛdi,gɛdu,gɛdi,gɛdu
gɛg,gɛgi,gɛgu,gɛgi,gɛgu
gɛf,gɛfi,gɛfu,gɛfi,gɛfu
gɛs,gɛsi,gɛsu,gɛsi,gɛsu
gɛv,gɛvi,gɛvu,gɛvi,gɛvu
gɛz,gɛzi,gɛzu,gɛzi,gɛzu
gɛʃ,gɛʃi,gɛʃu,gɛʃi,gɛʃu
gɛʒ,gɛʒi,gɛʒu,gɛʒi,gɛʒu
gɛθ,gɛθi,gɛθu,gɛθi,gɛθu
gɛð,gɛði,gɛðu,gɛði,gɛðu
fɛm,fɛmi,fɛmu,fɛmi,fɛmu
fɛn,fɛni,fɛnu,fɛni,fɛnu
fɛŋ,fɛŋi,fɛŋu,fɛŋi,fɛŋu
fɛp,fɛpi,fɛpu,fɛpi,fɛpu
fɛt,fɛti,fɛtu,fɛti,fɛtu
fɛk,fɛki,fɛku,fɛki,fɛku
fɛb,fɛbi,fɛbu,fɛbi,fɛbu
fɛd,fɛdi,fɛdu,fɛdi,fɛdu
fɛg,fɛgi,fɛgu,fɛgi,fɛgu
fɛf,fɛfi,fɛfu,fɛfi,fɛfu
fɛs,fɛsi,fɛsu,fɛsi,fɛsu
fɛv,fɛvi,fɛvu,fɛvi,fɛvu
fɛz,fɛzi,fɛzu,fɛzi,fɛzu
fɛʃ,fɛʃi,fɛʃu,fɛʃi,fɛʃu
fɛʒ,fɛʒi,fɛʒu,fɛʒi,fɛʒu
fɛθ,fɛθi,fɛθu,fɛθi,fɛθu
fɛð,fɛði,fɛðu,fɛði,fɛðu
sɛm,sɛmi,sɛmu,sɛmi,sɛmu
sɛn,sɛni,sɛnu,sɛni,sɛnu
sɛŋ,sɛŋi,sɛŋu,sɛŋi,sɛŋu
sɛp,sɛpi,sɛpu,sɛpi,sɛpu
sɛt,sɛti,sɛtu,sɛti,sɛtu
sɛk,sɛki,sɛku,sɛki,sɛku
sɛb,sɛbi,sɛbu,sɛbi,sɛbu
sɛd,sɛdi,sɛdu,sɛdi,sɛdu
sɛg,sɛgi,sɛgu,sɛgi,sɛgu
sɛf,sɛfi,sɛfu,sɛfi,sɛfu
sɛs,sɛsi,sɛsu,sɛsi,sɛsu
sɛv,sɛvi,sɛvu,sɛvi,sɛvu
sɛz,sɛzi,sɛzu,sɛzi,sɛzu
sɛʃ,sɛʃi,sɛʃu,sɛʃi,sɛʃu
sɛʒ,sɛʒi,sɛʒu,sɛʒi,sɛʒu
sɛθ,sɛθi,sɛθu,sɛθi,sɛθu
sɛð,sɛði,sɛðu,sɛði,sɛðu
vɛm,vɛmi,vɛmu,vɛmi,vɛmu
vɛn,vɛni,vɛnu,vɛni,vɛnu
vɛŋ,vɛŋi,vɛŋu,vɛŋi,vɛŋu
vɛp,vɛpi,vɛpu,vɛpi,vɛpu
vɛt,vɛti,vɛtu,vɛti,vɛtu
vɛk,vɛki,vɛku,vɛki,vɛku
vɛb,vɛbi,vɛbu,vɛbi,vɛbu
vɛd,vɛdi,vɛdu,vɛdi,vɛdu
vɛg,vɛgi,vɛgu,vɛgi,vɛgu
vɛf,vɛfi,vɛfu,vɛfi,vɛfu
vɛs,vɛsi,vɛsu,vɛsi,vɛsu
vɛv,vɛvi,vɛvu,vɛvi,vɛvu
vɛz,vɛzi,vɛzu,vɛzi,vɛzu
vɛʃ,vɛʃi,vɛʃu,vɛʃi,vɛʃu
vɛʒ,vɛʒi,vɛʒu,vɛʒi,vɛʒu
vɛθ,vɛθi,vɛθu,vɛθi,vɛθu
vɛð,vɛði,vɛðu,vɛði,vɛðu
zɛm,zɛmi,zɛmu,zɛmi,zɛmu
zɛn,zɛni,zɛnu,zɛni,zɛnu
zɛŋ,zɛŋi,zɛŋu,zɛŋi,zɛŋu
zɛp,zɛpi,zɛpu,zɛpi,zɛpu
zɛt,zɛti,zɛtu,zɛti,zɛtu
zɛk,zɛki,zɛku,zɛki,zɛku
zɛb,zɛbi,zɛbu,zɛbi,zɛbu
zɛd,zɛdi,zɛdu,zɛdi,zɛdu
zɛg,zɛgi,zɛgu,zɛgi,zɛgu
zɛf,zɛfi,zɛfu,zɛfi,zɛfu
zɛs,zɛsi,zɛsu,zɛsi,zɛsu
zɛv,zɛvi,zɛvu,zɛvi,zɛvu
zɛz,zɛzi,zɛzu,zɛzi,zɛzu
zɛʃ,zɛʃi,zɛʃu,zɛʃi,zɛʃu
zɛʒ,zɛʒi,zɛʒu,zɛʒi,zɛʒu
zɛθ,zɛθi,zɛθu,zɛθi,zɛθu
zɛð,zɛði,zɛðu,zɛði,zɛðu
ʃɛm,ʃɛmi,ʃɛmu,ʃɛmi,ʃɛmu
ʃɛn,ʃɛni,ʃɛnu,ʃɛni,ʃɛnu
ʃɛŋ,ʃɛŋi,ʃɛŋu,ʃɛŋi,ʃɛŋu
ʃɛp,ʃɛpi,ʃɛpu,ʃɛpi,ʃɛpu
ʃɛt,ʃɛti,ʃɛtu,ʃɛti,ʃɛtu
ʃɛk,ʃɛki,ʃɛku,ʃɛki,ʃɛku
ʃɛb,ʃɛbi,ʃɛbu,ʃɛbi,ʃɛbu
ʃɛd,ʃɛdi,ʃɛdu,ʃɛdi,ʃɛdu
ʃɛg,ʃɛgi,ʃɛgu,ʃɛgi,ʃɛgu
ʃɛf,ʃɛfi,ʃɛfu,ʃɛfi,ʃɛfu
ʃɛs,ʃɛsi,ʃɛsu,ʃɛsi,ʃɛsu
ʃɛv,ʃɛvi,ʃɛvu,ʃɛvi,ʃɛvu
ʃɛz,ʃɛzi,ʃɛzu,ʃɛzi,ʃɛzu
ʃɛʃ,ʃɛʃi,ʃɛʃu,ʃɛʃi,ʃɛʃu
ʃɛʒ,ʃɛʒi,ʃɛʒu,ʃɛʒi,ʃɛʒu
ʃɛθ,ʃɛθi,ʃɛθu,ʃɛθi,ʃɛθu
ʃɛð,ʃɛði,ʃɛðu,ʃɛði,ʃɛðu
ʒɛm,ʒɛmi,ʒɛmu,ʒɛmi,ʒɛmu
ʒɛn,ʒɛni,ʒɛnu,ʒɛni,ʒɛnu
ʒɛŋ,ʒɛŋi,ʒɛŋu,ʒɛŋi,ʒɛŋu
ʒɛp,ʒɛpi,ʒɛpu,ʒɛpi,ʒɛpu
ʒɛt,ʒɛti,ʒɛtu,ʒɛti,ʒɛtu
ʒɛk,ʒɛki,ʒɛku,ʒɛki,ʒɛku
ʒɛb,ʒɛbi,ʒɛbu,ʒɛbi,ʒɛbu
ʒɛd,ʒɛdi,ʒɛdu,ʒɛdi,ʒɛdu
ʒɛg,ʒɛgi,ʒɛgu,ʒɛgi,ʒɛgu
ʒɛf,ʒɛfi,ʒɛfu,ʒɛfi,ʒɛfu
ʒɛs,ʒɛsi,ʒɛsu,ʒɛsi,ʒɛsu
ʒɛv,ʒɛvi,ʒɛvu,ʒɛvi,ʒɛvu
ʒɛz,ʒɛzi,ʒɛzu,ʒɛzi,ʒɛzu
ʒɛʃ,ʒɛʃi,ʒɛʃu,ʒɛʃi,ʒɛʃu
ʒɛʒ,ʒɛʒi,ʒɛʒu,ʒɛʒi,ʒɛʒu
ʒɛθ,ʒɛθi,ʒɛθu,ʒɛθi,ʒɛθu
ʒɛð,ʒɛði,ʒɛðu,ʒɛði,ʒɛðu
θɛm,θɛmi,θɛmu,θɛmi,θɛmu
θɛn,θɛni,θɛnu,θɛni,θɛnu
θɛŋ,θɛŋi,θɛŋu,θɛŋi,θɛŋu
θɛp,θɛpi,θɛpu,θɛpi,θɛpu
θɛt,θɛti,θɛtu,θɛti,θɛtu
θɛk,θɛki,θɛku,θɛki,θɛku
θɛb,θɛbi,θɛbu,θɛbi,θɛbu
θɛd,θɛdi,θɛdu,θɛdi,θɛdu
θɛg,θɛgi,θɛgu,θɛgi,θɛgu
θɛf,θɛfi,θɛfu,θɛfi,θɛfu
θɛs,θɛsi,θɛsu,θɛsi,θɛsu
θɛv,θɛvi,θɛvu,θɛvi,θɛvu
θɛz,θɛzi,θɛzu,θɛzi,θɛzu
θɛʃ,θɛʃi,θɛʃu,θɛʃi,θɛʃu
θɛʒ,θɛʒi,θɛʒu,θɛʒi,θɛʒu
θɛθ,θɛθi,θɛθu,θɛθi,θɛθu
θɛð,θɛði,θɛðu,θɛði,θɛðu
ðɛm,ðɛmi,ðɛmu,ðɛmi,ðɛmu
ðɛn,ðɛni,ðɛnu,ðɛni,ðɛnu
ðɛŋ,ðɛŋi,ðɛŋu,ðɛŋi,ðɛŋu
ðɛp,ðɛpi,ðɛpu,ðɛpi,ðɛpu
ðɛt,ðɛti,ðɛtu,ðɛti,ðɛtu
ðɛk,ðɛki,ðɛku,ðɛki,ðɛku
ðɛb,ðɛbi,ðɛbu,ðɛbi,ðɛbu
ðɛd,ðɛdi,ðɛdu,ðɛdi,ðɛdu
ðɛg,ðɛgi,ðɛgu,ðɛgi,ðɛgu
ðɛf,ðɛfi,ðɛfu,ðɛfi,ðɛfu
ðɛs,ðɛsi,ðɛsu,ðɛsi,ðɛsu
ðɛv,ðɛvi,ðɛvu,ðɛvi,ðɛvu
ðɛz,ðɛzi,ðɛzu,ðɛzi,ðɛzu
ðɛʃ,ðɛʃi,ðɛʃu,ðɛʃi,ðɛʃu
ðɛʒ,ðɛʒi,ðɛʒu,ðɛʒi,ðɛʒu
ðɛθ,ðɛθi,ðɛθu,ðɛθi,ðɛθu
ðɛð,ðɛði,ðɛðu,ðɛði,ðɛðu
hɛm,hɛmi,hɛmu,hɛmi,hɛmu
hɛn,hɛni,hɛnu,hɛni,hɛnu
hɛŋ,hɛŋi,hɛŋu,hɛŋi,hɛŋu
hɛp,hɛpi,hɛpu,hɛpi,hɛpu
hɛt,hɛti,hɛtu,hɛti,hɛtu
hɛk,hɛki,hɛku,hɛki,hɛku
hɛb,hɛbi,hɛbu,hɛbi,hɛbu
hɛd,hɛdi,hɛdu,hɛdi,hɛdu
hɛg,hɛgi,hɛgu,hɛgi,hɛgu
hɛf,hɛfi,hɛfu,hɛfi,hɛfu
hɛs,hɛsi,hɛsu,hɛsi,hɛsu
hɛv,hɛvi,hɛvu,hɛvi,hɛvu
hɛz,hɛzi,hɛzu,hɛzi,hɛzu
hɛʃ,hɛʃi,hɛʃu,hɛʃi,hɛʃu
hɛʒ,hɛʒi,hɛʒu,hɛʒi,hɛʒu
hɛθ,hɛθi,hɛθu,hɛθi,hɛθu
hɛð,hɛði,hɛðu,hɛði,hɛðu
mɛm,mɛmeɪ,mɛmoʊ,mɛme,mɛmo
mɛn,mɛneɪ,mɛnoʊ,mɛne,mɛno
mɛŋ,mɛŋeɪ,mɛŋoʊ,mɛŋe,mɛŋo
mɛp,mɛpeɪ,mɛpoʊ,mɛpe,mɛpo
mɛt,mɛteɪ,mɛtoʊ,mɛte,mɛto
mɛk,mɛkeɪ,mɛkoʊ,mɛke,mɛko
mɛb,mɛbeɪ,mɛboʊ,mɛbe,mɛbo
mɛd,mɛdeɪ,mɛdoʊ,mɛde,mɛdo
mɛg,mɛgeɪ,mɛgoʊ,mɛge,mɛgo
mɛf,mɛfeɪ,mɛfoʊ,mɛfe,mɛfo
mɛs,mɛseɪ,mɛsoʊ,mɛse,mɛso
mɛv,mɛveɪ,mɛvoʊ,mɛve,mɛvo
mɛz,mɛzeɪ,mɛzoʊ,mɛze,mɛzo
mɛʃ,mɛʃeɪ,mɛʃoʊ,mɛʃe,mɛʃo
mɛʒ,mɛʒeɪ,mɛʒoʊ,mɛʒe,mɛʒo
mɛθ,mɛθeɪ,mɛθoʊ,mɛθe,mɛθo
mɛð,mɛðeɪ,mɛðoʊ,mɛðe,mɛðo
nɛm,nɛmeɪ,nɛmoʊ,nɛme,nɛmo
nɛn,nɛneɪ,nɛnoʊ,nɛne,nɛno
nɛŋ,nɛŋeɪ,nɛŋoʊ,nɛŋe,nɛŋo
nɛp,nɛpeɪ,nɛpoʊ,nɛpe,nɛpo
nɛt,nɛteɪ,nɛtoʊ,nɛte,nɛto
nɛk,nɛkeɪ,nɛkoʊ,nɛke,nɛko
nɛb,nɛbeɪ,nɛboʊ,nɛbe,nɛbo
nɛd,nɛdeɪ,nɛdoʊ,nɛde,nɛdo
nɛg,nɛgeɪ,nɛgoʊ,nɛge,nɛgo
nɛf,nɛfeɪ,nɛfoʊ,nɛfe,nɛfo
nɛs,nɛseɪ,nɛsoʊ,nɛse,nɛso
nɛv,nɛveɪ,nɛvoʊ,nɛve,nɛvo
nɛz,nɛzeɪ,nɛzoʊ,nɛze,nɛzo
nɛʃ,nɛʃeɪ,nɛʃoʊ,nɛʃe,nɛʃo
nɛʒ,nɛʒeɪ,nɛʒoʊ,nɛʒe,nɛʒo
nɛθ,nɛθeɪ,nɛθoʊ,nɛθe,nɛθo
nɛð,nɛðeɪ,nɛðoʊ,nɛðe,nɛðo
pɛm,pɛmeɪ,pɛmoʊ,pɛme,pɛmo
pɛn,pɛneɪ,pɛnoʊ,pɛne,pɛno
pɛŋ,pɛŋeɪ,pɛŋoʊ,pɛŋe,pɛŋo
pɛp,pɛpeɪ,pɛpoʊ,pɛpe,pɛpo
pɛt,pɛteɪ,pɛtoʊ,pɛte,pɛto
pɛk,pɛkeɪ,pɛkoʊ,pɛke,pɛko
pɛb,pɛbeɪ,pɛboʊ,pɛbe,pɛbo
pɛd,pɛdeɪ,pɛdoʊ,pɛde,pɛdo
pɛg,pɛgeɪ,pɛgoʊ,pɛge,pɛgo
pɛf,pɛfeɪ,pɛfoʊ,pɛfe,pɛfo
pɛs,pɛseɪ,pɛsoʊ,pɛse,pɛso
pɛv,pɛveɪ,pɛvoʊ,pɛve,pɛvo
pɛz,pɛzeɪ,pɛzoʊ,pɛze,pɛzo
pɛʃ,pɛʃeɪ,pɛʃoʊ,pɛʃe,pɛʃo
pɛʒ,pɛʒeɪ,pɛʒoʊ,pɛʒe,pɛʒo
pɛθ,pɛθeɪ,pɛθoʊ,pɛθe,pɛθo
pɛð,pɛðeɪ,pɛðoʊ,pɛðe,pɛðo
tɛm,tɛmeɪ,tɛmoʊ,tɛme,tɛmo
tɛn,tɛneɪ,tɛnoʊ,tɛne,tɛno
tɛŋ,tɛŋeɪ,tɛŋoʊ,tɛŋe,tɛŋo
tɛp,tɛpeɪ,tɛpoʊ,tɛpe,tɛpo
tɛt,tɛteɪ,tɛtoʊ,tɛte,tɛto
tɛk,tɛkeɪ,tɛkoʊ,tɛke,tɛko
tɛb,tɛbeɪ,tɛboʊ,tɛbe,tɛbo
tɛd,tɛdeɪ,tɛdoʊ,tɛde,tɛdo
tɛg,tɛgeɪ,tɛgoʊ,tɛge,tɛgo
tɛf,tɛfeɪ,tɛfoʊ,tɛfe,tɛfo
tɛs,tɛseɪ,tɛsoʊ,tɛse,tɛso
tɛv,tɛveɪ,tɛvoʊ,tɛve,tɛvo
tɛz,tɛzeɪ,tɛzoʊ,tɛze,tɛzo
tɛʃ,tɛʃeɪ,tɛʃoʊ,tɛʃe,tɛʃo
tɛʒ,tɛʒeɪ,tɛʒoʊ,tɛʒe,tɛʒo
tɛθ,tɛθeɪ,tɛθoʊ,tɛθe,tɛθo
tɛð,tɛðeɪ,tɛðoʊ,tɛðe,tɛðo
kɛm,kɛmeɪ,kɛmoʊ,kɛme,kɛmo
kɛn,kɛneɪ,kɛnoʊ,kɛne,kɛno
kɛŋ,kɛŋeɪ,kɛŋoʊ,kɛŋe,kɛŋo
kɛp,kɛpeɪ,kɛpoʊ,kɛpe,kɛpo
kɛt,kɛteɪ,kɛtoʊ,kɛte,kɛto
kɛk,kɛkeɪ,kɛkoʊ,kɛke,kɛko
kɛb,kɛbeɪ,kɛboʊ,kɛbe,kɛbo
kɛd,kɛdeɪ,kɛdoʊ,kɛde,kɛdo
kɛg,kɛgeɪ,kɛgoʊ,kɛge,kɛgo
kɛf,kɛfeɪ,kɛfoʊ,kɛfe,kɛfo
kɛs,kɛseɪ,kɛsoʊ,kɛse,kɛso
kɛv,kɛveɪ,kɛvoʊ,kɛve,kɛvo
kɛz,kɛzeɪ,kɛzoʊ,kɛze,kɛzo
kɛʃ,kɛʃeɪ,kɛʃoʊ,kɛʃe,kɛʃo
kɛʒ,kɛʒeɪ,kɛʒoʊ,kɛʒe,kɛʒo
kɛθ,kɛθeɪ,kɛθoʊ,kɛθe,kɛθo
kɛð,kɛðeɪ,kɛðoʊ,kɛðe,kɛðo
bɛm,bɛmeɪ,bɛmoʊ,bɛme,bɛmo
bɛn,bɛneɪ,bɛnoʊ,bɛne,bɛno
bɛŋ,bɛŋeɪ,bɛŋoʊ,bɛŋe,bɛŋo
bɛp,bɛpeɪ,bɛpoʊ,bɛpe,bɛpo
bɛt,bɛteɪ,bɛtoʊ,bɛte,bɛto
bɛk,bɛkeɪ,bɛkoʊ,bɛke,bɛko
bɛb,bɛbeɪ,bɛboʊ,bɛbe,bɛbo
bɛd,bɛdeɪ,bɛdoʊ,bɛde,bɛdo
bɛg,bɛgeɪ,bɛgoʊ,bɛge,bɛgo
bɛf,bɛfeɪ,bɛfoʊ,bɛfe,bɛfo
bɛs,bɛseɪ,bɛsoʊ,bɛse,bɛso
bɛv,bɛveɪ,bɛvoʊ,bɛve,bɛvo
bɛz,bɛzeɪ,bɛzoʊ,bɛze,bɛzo
bɛʃ,bɛʃeɪ,bɛʃoʊ,bɛʃe,bɛʃo
bɛʒ,bɛʒeɪ,bɛʒoʊ,bɛʒe,bɛʒo
bɛθ,bɛθeɪ,bɛθoʊ,bɛθe,bɛθo
bɛð,bɛðeɪ,bɛðoʊ,bɛðe,bɛðo
dɛm,dɛmeɪ,dɛmoʊ,dɛme,dɛmo
dɛn,dɛneɪ,dɛnoʊ,dɛne,dɛno
dɛŋ,dɛŋeɪ,dɛŋoʊ,dɛŋe,dɛŋo
dɛp,dɛpeɪ,dɛpoʊ,dɛpe,dɛpo
dɛt,dɛteɪ,dɛtoʊ,dɛte,dɛto
dɛk,dɛkeɪ,dɛkoʊ,dɛke,dɛko
dɛb,dɛbeɪ,dɛboʊ,dɛbe,dɛbo
dɛd,dɛdeɪ,dɛdoʊ,dɛde,dɛdo
dɛg,dɛgeɪ,dɛgoʊ,dɛge,dɛgo
dɛf,dɛfeɪ,dɛfoʊ,dɛfe,dɛfo
dɛs,dɛseɪ,dɛsoʊ,dɛse,dɛso
dɛv,dɛveɪ,dɛvoʊ,dɛve,dɛvo
dɛz,dɛzeɪ,dɛzoʊ,dɛze,dɛzo
dɛʃ,dɛʃeɪ,dɛʃoʊ,dɛʃe,dɛʃo
dɛʒ,dɛʒeɪ,dɛʒoʊ,dɛʒe,dɛʒo
dɛθ,dɛθeɪ,dɛθoʊ,dɛθe,dɛθo
dɛð,dɛðeɪ,dɛðoʊ,dɛðe,dɛðo
gɛm,gɛmeɪ,gɛmoʊ,gɛme,gɛmo
gɛn,gɛneɪ,gɛnoʊ,gɛne,gɛno
gɛŋ,gɛŋeɪ,gɛŋoʊ,gɛŋe,gɛŋo
gɛp,gɛpeɪ,gɛpoʊ,gɛpe,gɛpo
gɛt,gɛteɪ,gɛtoʊ,gɛte,gɛto
gɛk,gɛkeɪ,gɛkoʊ,gɛke,gɛko
gɛb,gɛbeɪ,gɛboʊ,gɛbe,gɛbo
gɛd,gɛdeɪ,gɛdoʊ,gɛde,gɛdo
gɛg,gɛgeɪ,gɛgoʊ,gɛge,gɛgo
gɛf,gɛfeɪ,gɛfoʊ,gɛfe,gɛfo
gɛs,gɛseɪ,gɛsoʊ,gɛse,gɛso
gɛv,gɛveɪ,gɛvoʊ,gɛve,gɛvo
gɛz,gɛzeɪ,gɛzoʊ,gɛze,gɛzo
gɛʃ,gɛʃeɪ,gɛʃoʊ,gɛʃe,gɛʃo
gɛʒ,gɛʒeɪ,gɛʒoʊ,gɛʒe,gɛʒo
gɛθ,gɛθeɪ,gɛθoʊ,gɛθe,gɛθo
gɛð,gɛðeɪ,gɛðoʊ,gɛðe,gɛðo
fɛm,fɛmeɪ,fɛmoʊ,fɛme,fɛmo
fɛn,fɛneɪ,fɛnoʊ,fɛne,fɛno
fɛŋ,fɛŋeɪ,fɛŋoʊ,fɛŋe,fɛŋo
fɛp,fɛpeɪ,fɛpoʊ,fɛpe,fɛpo
fɛt,fɛteɪ,fɛtoʊ,fɛte,fɛto
fɛk,fɛkeɪ,fɛkoʊ,fɛke,fɛko
fɛb,fɛbeɪ,fɛboʊ,fɛbe,fɛbo
fɛd,fɛdeɪ,fɛdoʊ,fɛde,fɛdo
fɛg,fɛgeɪ,fɛgoʊ,fɛge,fɛgo
fɛf,fɛfeɪ,fɛfoʊ,fɛfe,fɛfo
fɛs,fɛseɪ,fɛsoʊ,fɛse,fɛso
fɛv,fɛveɪ,fɛvoʊ,fɛve,fɛvo
fɛz,fɛzeɪ,fɛzoʊ,fɛze,fɛzo
fɛʃ,fɛʃeɪ,fɛʃoʊ,fɛʃe,fɛʃo
fɛʒ,fɛʒeɪ,fɛʒoʊ,fɛʒe,fɛʒo
fɛθ,fɛθeɪ,fɛθoʊ,fɛθe,fɛθo
fɛð,fɛðeɪ,fɛðoʊ,fɛðe,fɛðo
sɛm,sɛmeɪ,sɛmoʊ,sɛme,sɛmo
sɛn,sɛneɪ,sɛnoʊ,sɛne,sɛno
sɛŋ,sɛŋeɪ,sɛŋoʊ,sɛŋe,sɛŋo
sɛp,sɛpeɪ,sɛpoʊ,sɛpe,sɛpo
sɛt,sɛteɪ,sɛtoʊ,sɛte,sɛto
sɛk,sɛkeɪ,sɛkoʊ,sɛke,sɛko
sɛb,sɛbeɪ,sɛboʊ,sɛbe,sɛbo
sɛd,sɛdeɪ,sɛdoʊ,sɛde,sɛdo
sɛg,sɛgeɪ,sɛgoʊ,sɛge,sɛgo
sɛf,sɛfeɪ,sɛfoʊ,sɛfe,sɛfo
sɛs,sɛseɪ,sɛsoʊ,sɛse,sɛso
sɛv,sɛveɪ,sɛvoʊ,sɛve,sɛvo
sɛz,sɛzeɪ,sɛzoʊ,sɛze,sɛzo
sɛʃ,sɛʃeɪ,sɛʃoʊ,sɛʃe,sɛʃo
sɛʒ,sɛʒeɪ,sɛʒoʊ,sɛʒe,sɛʒo
sɛθ,sɛθeɪ,sɛθoʊ,sɛθe,sɛθo
sɛð,sɛðeɪ,sɛðoʊ,sɛðe,sɛðo
vɛm,vɛmeɪ,vɛmoʊ,vɛme,vɛmo
vɛn,vɛneɪ,vɛnoʊ,vɛne,vɛno
vɛŋ,vɛŋeɪ,vɛŋoʊ,vɛŋe,vɛŋo
vɛp,vɛpeɪ,vɛpoʊ,vɛpe,vɛpo
vɛt,vɛteɪ,vɛtoʊ,vɛte,vɛto
vɛk,vɛkeɪ,vɛkoʊ,vɛke,vɛko
vɛb,vɛbeɪ,vɛboʊ,vɛbe,vɛbo
vɛd,vɛdeɪ,vɛdoʊ,vɛde,vɛdo
vɛg,vɛgeɪ,vɛgoʊ,vɛge,vɛgo
vɛf,vɛfeɪ,vɛfoʊ,vɛfe,vɛfo
vɛs,vɛseɪ,vɛsoʊ,vɛse,vɛso
vɛv,vɛveɪ,vɛvoʊ,vɛve,vɛvo
vɛz,vɛzeɪ,vɛzoʊ,vɛze,vɛzo
vɛʃ,vɛʃeɪ,vɛʃoʊ,vɛʃe,vɛʃo
vɛʒ,vɛʒeɪ,vɛʒoʊ,vɛʒe,vɛʒo
vɛθ,vɛθeɪ,vɛθoʊ,vɛθe,vɛθo
vɛð,vɛðeɪ,vɛðoʊ,vɛðe,vɛðo
zɛm,zɛmeɪ,zɛmoʊ,zɛme,zɛmo
zɛn,zɛneɪ,zɛnoʊ,zɛne,zɛno
zɛŋ,zɛŋeɪ,zɛŋoʊ,zɛŋe,zɛŋo
zɛp,zɛpeɪ,zɛpoʊ,zɛpe,zɛpo
zɛt,zɛteɪ,zɛtoʊ,zɛte,zɛto
zɛk,zɛkeɪ,zɛkoʊ,zɛke,zɛko
zɛb,zɛbeɪ,zɛboʊ,zɛbe,zɛbo
zɛd,zɛdeɪ,zɛdoʊ,zɛde,zɛdo
zɛg,zɛgeɪ,zɛgoʊ,zɛge,zɛgo
zɛf,zɛfeɪ,zɛfoʊ,zɛfe,zɛfo
zɛs,zɛseɪ,zɛsoʊ,zɛse,zɛso
zɛv,zɛveɪ,zɛvoʊ,zɛve,zɛvo
zɛz,zɛzeɪ,zɛzoʊ,zɛze,zɛzo
zɛʃ,zɛʃeɪ,zɛʃoʊ,zɛʃe,zɛʃo
zɛʒ,zɛʒeɪ,zɛʒoʊ,zɛʒe,zɛʒo
zɛθ,zɛθeɪ,zɛθoʊ,zɛθe,zɛθo
zɛð,zɛðeɪ,zɛðoʊ,zɛðe,zɛðo
ʃɛm,ʃɛmeɪ,ʃɛmoʊ,ʃɛme,ʃɛmo
ʃɛn,ʃɛneɪ,ʃɛnoʊ,ʃɛne,ʃɛno
ʃɛŋ,ʃɛŋeɪ,ʃɛŋoʊ,ʃɛŋe,ʃɛŋo
ʃɛp,ʃɛpeɪ,ʃɛpoʊ,ʃɛpe,ʃɛpo
ʃɛt,ʃɛteɪ,ʃɛtoʊ,ʃɛte,ʃɛto
ʃɛk,ʃɛkeɪ,ʃɛkoʊ,ʃɛke,ʃɛko
ʃɛb,ʃɛbeɪ,ʃɛboʊ,ʃɛbe,ʃɛbo
ʃɛd,ʃɛdeɪ,ʃɛdoʊ,ʃɛde,ʃɛdo
ʃɛg,ʃɛgeɪ,ʃɛgoʊ,ʃɛge,ʃɛgo
ʃɛf,ʃɛfeɪ,ʃɛfoʊ,ʃɛfe,ʃɛfo
ʃɛs,ʃɛseɪ,ʃɛsoʊ,ʃɛse,ʃɛso
ʃɛv,ʃɛveɪ,ʃɛvoʊ,ʃɛve,ʃɛvo
ʃɛz,ʃɛzeɪ,ʃɛzoʊ,ʃɛze,ʃɛzo
ʃɛʃ,ʃɛʃeɪ,ʃɛʃoʊ,ʃɛʃe,ʃɛʃo
ʃɛʒ,ʃɛʒeɪ,ʃɛʒoʊ,ʃɛʒe,ʃɛʒo
ʃɛθ,ʃɛθeɪ,ʃɛθoʊ,ʃɛθe,ʃɛθo
ʃɛð,ʃɛðeɪ,ʃɛðoʊ,ʃɛðe,ʃɛðo
ʒɛm,ʒɛmeɪ,ʒɛmoʊ,ʒɛme,ʒɛmo
ʒɛn,ʒɛneɪ,ʒɛnoʊ,ʒɛne,ʒɛno
ʒɛŋ,ʒɛŋeɪ,ʒɛŋoʊ,ʒɛŋe,ʒɛŋo
ʒɛp,ʒɛpeɪ,ʒɛpoʊ,ʒɛpe,ʒɛpo
ʒɛt,ʒɛteɪ,ʒɛtoʊ,ʒɛte,ʒɛto
ʒɛk,ʒɛkeɪ,ʒɛkoʊ,ʒɛke,ʒɛko
ʒɛb,ʒɛbeɪ,ʒɛboʊ,ʒɛbe,ʒɛbo
ʒɛd,ʒɛdeɪ,ʒɛdoʊ,ʒɛde,ʒɛdo
ʒɛg,ʒɛgeɪ,ʒɛgoʊ,ʒɛge,ʒɛgo
ʒɛf,ʒɛfeɪ,ʒɛfoʊ,ʒɛfe,ʒɛfo
ʒɛs,ʒɛseɪ,ʒɛsoʊ,ʒɛse,ʒɛso
ʒɛv,ʒɛveɪ,ʒɛvoʊ,ʒɛve,ʒɛvo
ʒɛz,ʒɛzeɪ,ʒɛzoʊ,ʒɛze,ʒɛzo
ʒɛʃ,ʒɛʃeɪ,ʒɛʃoʊ,ʒɛʃe,ʒɛʃo
ʒɛʒ,ʒɛʒeɪ,ʒɛʒoʊ,ʒɛʒe,ʒɛʒo
ʒɛθ,ʒɛθeɪ,ʒɛθoʊ,ʒɛθe,ʒɛθo
ʒɛð,ʒɛðeɪ,ʒɛðoʊ,ʒɛðe,ʒɛðo
θɛm,θɛmeɪ,θɛmoʊ,θɛme,θɛmo
θɛn,θɛneɪ,θɛnoʊ,θɛne,θɛno
θɛŋ,θɛŋeɪ,θɛŋoʊ,θɛŋe,θɛŋo
θɛp,θɛpeɪ,θɛpoʊ,θɛpe,θɛpo
θɛt,θɛteɪ,θɛtoʊ,θɛte,θɛto
θɛk,θɛkeɪ,θɛkoʊ,θɛke,θɛko
θɛb,θɛbeɪ,θɛboʊ,θɛbe,θɛbo
θɛd,θɛdeɪ,θɛdoʊ,θɛde,θɛdo
θɛg,θɛgeɪ,θɛgoʊ,θɛge,θɛgo
θɛf,θɛfeɪ,θɛfoʊ,θɛfe,θɛfo
θɛs,θɛseɪ,θɛsoʊ,θɛse,θɛso
θɛv,θɛveɪ,θɛvoʊ,θɛve,θɛvo
θɛz,θɛzeɪ,θɛzoʊ,θɛze,θɛzo
θɛʃ,θɛʃeɪ,θɛʃoʊ,θɛʃe,θɛʃo
θɛʒ,θɛʒeɪ,θɛʒoʊ,θɛʒe,θɛʒo
θɛθ,θɛθeɪ,θɛθoʊ,θɛθe,θɛθo
θɛð,θɛðeɪ,θɛðoʊ,θɛðe,θɛðo
ðɛm,ðɛmeɪ,ðɛmoʊ,ðɛme,ðɛmo
ðɛn,ðɛneɪ,ðɛnoʊ,ðɛne,ðɛno
ðɛŋ,ðɛŋeɪ,ðɛŋoʊ,ðɛŋe,ðɛŋo
ðɛp,ðɛpeɪ,ðɛpoʊ,ðɛpe,ðɛpo
ðɛt,ðɛteɪ,ðɛtoʊ,ðɛte,ðɛto
ðɛk,ðɛkeɪ,ðɛkoʊ,ðɛke,ðɛko
ðɛb,ðɛbeɪ,ðɛboʊ,ðɛbe,ðɛbo
ðɛd,ðɛdeɪ,ðɛdoʊ,ðɛde,ðɛdo
ðɛg,ðɛgeɪ,ðɛgoʊ,ðɛge,ðɛgo
ðɛf,ðɛfeɪ,ðɛfoʊ,ðɛfe,ðɛfo
ðɛs,ðɛseɪ,ðɛsoʊ,ðɛse,ðɛso
ðɛv,ðɛveɪ,ðɛvoʊ,ðɛve,ðɛvo
ðɛz,ðɛzeɪ,ðɛzoʊ,ðɛze,ðɛzo
ðɛʃ,ðɛʃeɪ,ðɛʃoʊ,ðɛʃe,ðɛʃo
ðɛʒ,ðɛʒeɪ,ðɛʒoʊ,ðɛʒe,ðɛʒo
ðɛθ,ðɛθeɪ,ðɛθoʊ,ðɛθe,ðɛθo
ðɛð,ðɛðeɪ,ðɛðoʊ,ðɛðe,ðɛðo
hɛm,hɛmeɪ,hɛmoʊ,hɛme,hɛmo
hɛn,hɛneɪ,hɛnoʊ,hɛne,hɛno
hɛŋ,hɛŋeɪ,hɛŋoʊ,hɛŋe,hɛŋo
hɛp,hɛpeɪ,hɛpoʊ,hɛpe,hɛpo
hɛt,hɛteɪ,hɛtoʊ,hɛte,hɛto
hɛk,hɛkeɪ,hɛkoʊ,hɛke,hɛko
hɛb,hɛbeɪ,hɛboʊ,hɛbe,hɛbo
hɛd,hɛdeɪ,hɛdoʊ,hɛde,hɛdo
hɛg,hɛgeɪ,hɛgoʊ,hɛge,hɛgo
hɛf,hɛfeɪ,hɛfoʊ,hɛfe,hɛfo
hɛs,hɛseɪ,hɛsoʊ,hɛse,hɛso
hɛv,hɛveɪ,hɛvoʊ,hɛve,hɛvo
hɛz,hɛzeɪ,hɛzoʊ,hɛze,hɛzo
hɛʃ,hɛʃeɪ,hɛʃoʊ,hɛʃe,hɛʃo
hɛʒ,hɛʒeɪ,hɛʒoʊ,hɛʒe,hɛʒo
hɛθ,hɛθeɪ,hɛθoʊ,hɛθe,hɛθo
hɛð,hɛðeɪ,hɛðoʊ,hɛðe,hɛðo
mɛm,mɛmu,mɛmu,mɛmu,mɛmu
mɛn,mɛnu,mɛnu,mɛnu,mɛnu
mɛŋ,mɛŋu,mɛŋu,mɛŋu,mɛŋu
mɛp,mɛpu,mɛpu,mɛpu,mɛpu
mɛt,mɛtu,mɛtu,mɛtu,mɛtu
mɛk,mɛku,mɛku,mɛku,mɛku
mɛb,mɛbu,mɛbu,mɛbu,mɛbu
mɛd,mɛdu,mɛdu,mɛdu,mɛdu
mɛg,mɛgu,mɛgu,mɛgu,mɛgu
mɛf,mɛfu,mɛfu,mɛfu,mɛfu
mɛs,mɛsu,mɛsu,mɛsu,mɛsu
mɛv,mɛvu,mɛvu,mɛvu,mɛvu
mɛz,mɛzu,mɛzu,mɛzu,mɛzu
mɛʃ,mɛʃu,mɛʃu,mɛʃu,mɛʃu
mɛʒ,mɛʒu,mɛʒu,mɛʒu,mɛʒu
mɛθ,mɛθu,mɛθu,mɛθu,mɛθu
mɛð,mɛðu,mɛðu,mɛðu,mɛðu
nɛm,nɛmu,nɛmu,nɛmu,nɛmu
nɛn,nɛnu,nɛnu,nɛnu,nɛnu
nɛŋ,nɛŋu,nɛŋu,nɛŋu,nɛŋu
nɛp,nɛpu,nɛpu,nɛpu,nɛpu
nɛt,nɛtu,nɛtu,nɛtu,nɛtu
nɛk,nɛku,nɛku,nɛku,nɛku
nɛb,nɛbu,nɛbu,nɛbu,nɛbu
nɛd,nɛdu,nɛdu,nɛdu,nɛdu
nɛg,nɛgu,nɛgu,nɛgu,nɛgu
nɛf,nɛfu,nɛfu,nɛfu,nɛfu
nɛs,nɛsu,nɛsu,nɛsu,nɛsu
nɛv,nɛvu,nɛvu,nɛvu,nɛvu
nɛz,nɛzu,nɛzu,nɛzu,nɛzu
nɛʃ,nɛʃu,nɛʃu,nɛʃu,nɛʃu
nɛʒ,nɛʒu,nɛʒu,nɛʒu,nɛʒu
nɛθ,nɛθu,nɛθu,nɛθu,nɛθu
nɛð,nɛðu,nɛðu,nɛðu,nɛðu
pɛm,pɛmu,pɛmu,pɛmu,pɛmu
pɛn,pɛnu,pɛnu,pɛnu,pɛnu
pɛŋ,pɛŋu,pɛŋu,pɛŋu,pɛŋu
pɛp,pɛpu,pɛpu,pɛpu,pɛpu
pɛt,pɛtu,pɛtu,pɛtu,pɛtu
pɛk,pɛku,pɛku,pɛku,pɛku
pɛb,pɛbu,pɛbu,pɛbu,pɛbu
pɛd,pɛdu,pɛdu,pɛdu,pɛdu
pɛg,pɛgu,pɛgu,pɛgu,pɛgu
pɛf,pɛfu,pɛfu,pɛfu,pɛfu
pɛs,pɛsu,pɛsu,pɛsu,pɛsu
pɛv,pɛvu,pɛvu,pɛvu,pɛvu
pɛz,pɛzu,pɛzu,pɛzu,pɛzu
pɛʃ,pɛʃu,pɛʃu,pɛʃu,pɛʃu
pɛʒ,pɛʒu,pɛʒu,pɛʒu,pɛʒu
pɛθ,pɛθu,pɛθu,pɛθu,pɛθu
pɛð,pɛðu,pɛðu,pɛðu,pɛðu
tɛm,tɛmu,tɛmu,tɛmu,tɛmu
tɛn,tɛnu,tɛnu,tɛnu,tɛnu
tɛŋ,tɛŋu,tɛŋu,tɛŋu,tɛŋu
tɛp,tɛpu,tɛpu,tɛpu,tɛpu
tɛt,tɛtu,tɛtu,tɛtu,tɛtu
tɛk,tɛku,tɛku,tɛku,tɛku
tɛb,tɛbu,tɛbu,tɛbu,tɛbu
tɛd,tɛdu,tɛdu,tɛdu,tɛdu
tɛg,tɛgu,tɛgu,tɛgu,tɛgu
tɛf,tɛfu,tɛfu,tɛfu,tɛfu
tɛs,tɛsu,tɛsu,tɛsu,tɛsu
tɛv,tɛvu,tɛvu,tɛvu,tɛvu
tɛz,tɛzu,tɛzu,tɛzu,tɛzu
tɛʃ,tɛʃu,tɛʃu,tɛʃu,tɛʃu
tɛʒ,tɛʒu,tɛʒu,tɛʒu,tɛʒu
tɛθ,tɛθu,tɛθu,tɛθu,tɛθu
tɛð,tɛðu,tɛðu,tɛðu,tɛðu
kɛm,kɛmu,kɛmu,kɛmu,kɛmu
kɛn,kɛnu,kɛnu,kɛnu,kɛnu
kɛŋ,kɛŋu,kɛŋu,kɛŋu,kɛŋu
kɛp,kɛpu,kɛpu,kɛpu,kɛpu
kɛt,kɛtu,kɛtu,kɛtu,kɛtu
kɛk,kɛku,kɛku,kɛku,kɛku
kɛb,kɛbu,kɛbu,kɛbu,kɛbu
kɛd,kɛdu,kɛdu,kɛdu,kɛdu
kɛg,kɛgu,kɛgu,kɛgu,kɛgu
kɛf,kɛfu,kɛfu,kɛfu,kɛfu
kɛs,kɛsu,kɛsu,kɛsu,kɛsu
kɛv,kɛvu,kɛvu,kɛvu,kɛvu
kɛz,kɛzu,kɛzu,kɛzu,kɛzu
kɛʃ,kɛʃu,kɛʃu,kɛʃu,kɛʃu
kɛʒ,kɛʒu,kɛʒu,kɛʒu,kɛʒu
kɛθ,kɛθu,kɛθu,kɛθu,kɛθu
kɛð,kɛðu,kɛðu,kɛðu,kɛðu
bɛm,bɛmu,bɛmu,bɛmu,bɛmu
bɛn,bɛnu,bɛnu,bɛnu,bɛnu
bɛŋ,bɛŋu,bɛŋu,bɛŋu,bɛŋu
bɛp,bɛpu,bɛpu,bɛpu,bɛpu
bɛt,bɛtu,bɛtu,bɛtu,bɛtu
bɛk,bɛku,bɛku,bɛku,bɛku
bɛb,bɛbu,bɛbu,bɛbu,bɛbu
bɛd,bɛdu,bɛdu,bɛdu,bɛdu
bɛg,bɛgu,bɛgu,bɛgu,bɛgu
bɛf,bɛfu,bɛfu,bɛfu,bɛfu
bɛs,bɛsu,bɛsu,bɛsu,bɛsu
bɛv,bɛvu,bɛvu,bɛvu,bɛvu
bɛz,bɛzu,bɛzu,bɛzu,bɛzu
bɛʃ,bɛʃu,bɛʃu,bɛʃu,bɛʃu
bɛʒ,bɛʒu,bɛʒu,bɛʒu,bɛʒu
bɛθ,bɛθu,bɛθu,bɛθu,bɛθu
bɛð,bɛðu,bɛðu,bɛðu,bɛðu
dɛm,dɛmu,dɛmu,dɛmu,dɛmu
dɛn,dɛnu,dɛnu,dɛnu,dɛnu
dɛŋ,dɛŋu,dɛŋu,dɛŋu,dɛŋu
dɛp,dɛpu,dɛpu,dɛpu,dɛpu
dɛt,dɛtu,dɛtu,dɛtu,dɛtu
dɛk,dɛku,dɛku,dɛku,dɛku
dɛb,dɛbu,dɛbu,dɛbu,dɛbu
dɛd,dɛdu,dɛdu,dɛdu,dɛdu
dɛg,dɛgu,dɛgu,dɛgu,dɛgu
dɛf,dɛfu,dɛfu,dɛfu,dɛfu
dɛs,dɛsu,dɛsu,dɛsu,dɛsu
dɛv,dɛvu,dɛvu,dɛvu,dɛvu
dɛz,dɛzu,dɛzu,dɛzu,dɛzu
dɛʃ,dɛʃu,dɛʃu,dɛʃu,dɛʃu
dɛʒ,dɛʒu,dɛʒu,dɛʒu,dɛʒu
dɛθ,dɛθu,dɛθu,dɛθu,dɛθu
dɛð,dɛðu,dɛðu,dɛðu,dɛðu
gɛm,gɛmu,gɛmu,gɛmu,gɛmu
gɛn,gɛnu,gɛnu,gɛnu,gɛnu
gɛŋ,gɛŋu,gɛŋu,gɛŋu,gɛŋu
gɛp,gɛpu,gɛpu,gɛpu,gɛpu
gɛt,gɛtu,gɛtu,gɛtu,gɛtu
gɛk,gɛku,gɛku,gɛku,gɛku
gɛb,gɛbu,gɛbu,gɛbu,gɛbu
gɛd,gɛdu,gɛdu,gɛdu,gɛdu
gɛg,gɛgu,gɛgu,gɛgu,gɛgu
gɛf,gɛfu,gɛfu,gɛfu,gɛfu
gɛs,gɛsu,gɛsu,gɛsu,gɛsu
gɛv,gɛvu,gɛvu,gɛvu,gɛvu
gɛz,gɛzu,gɛzu,gɛzu,gɛzu
gɛʃ,gɛʃu,gɛʃu,gɛʃu,gɛʃu
gɛʒ,gɛʒu,gɛʒu,gɛʒu,gɛʒu
gɛθ,gɛθu,gɛθu,gɛθu,gɛθu
gɛð,gɛðu,gɛðu,gɛðu,gɛðu
fɛm,fɛmu,fɛmu,fɛmu,fɛmu
fɛn,fɛnu,fɛnu,fɛnu,fɛnu
fɛŋ,fɛŋu,fɛŋu,fɛŋu,fɛŋu
fɛp,fɛpu,fɛpu,fɛpu,fɛpu
fɛt,fɛtu,fɛtu,fɛtu,fɛtu
fɛk,fɛku,fɛku,fɛku,fɛku
fɛb,fɛbu,fɛbu,fɛbu,fɛbu
fɛd,fɛdu,fɛdu,fɛdu,fɛdu
fɛg,fɛgu,fɛgu,fɛgu,fɛgu
fɛf,fɛfu,fɛfu,fɛfu,fɛfu
fɛs,fɛsu,fɛsu,fɛsu,fɛsu
fɛv,fɛvu,fɛvu,fɛvu,fɛvu
fɛz,fɛzu,fɛzu,fɛzu,fɛzu
fɛʃ,fɛʃu,fɛʃu,fɛʃu,fɛʃu
fɛʒ,fɛʒu,fɛʒu,fɛʒu,fɛʒu
fɛθ,fɛθu,fɛθu,fɛθu,fɛθu
fɛð,fɛðu,fɛðu,fɛðu,fɛðu
sɛm,sɛmu,sɛmu,sɛmu,sɛmu
sɛn,sɛnu,sɛnu,sɛnu,sɛnu
sɛŋ,sɛŋu,sɛŋu,sɛŋu,sɛŋu
sɛp,sɛpu,sɛpu,sɛpu,sɛpu
sɛt,sɛtu,sɛtu,sɛtu,sɛtu
sɛk,sɛku,sɛku,sɛku,sɛku
sɛb,sɛbu,sɛbu,sɛbu,sɛbu
sɛd,sɛdu,sɛdu,sɛdu,sɛdu
sɛg,sɛgu,sɛgu,sɛgu,sɛgu
sɛf,sɛfu,sɛfu,sɛfu,sɛfu
sɛs,sɛsu,sɛsu,sɛsu,sɛsu
sɛv,sɛvu,sɛvu,sɛvu,sɛvu
sɛz,sɛzu,sɛzu,sɛzu,sɛzu
sɛʃ,sɛʃu,sɛʃu,sɛʃu,sɛʃu
sɛʒ,sɛʒu,sɛʒu,sɛʒu,sɛʒu
sɛθ,sɛθu,sɛθu,sɛθu,sɛθu
sɛð,sɛðu,sɛðu,sɛðu,sɛðu
vɛm,vɛmu,vɛmu,vɛmu,vɛmu
vɛn,vɛnu,vɛnu,vɛnu,vɛnu
vɛŋ,vɛŋu,vɛŋu,vɛŋu,vɛŋu
vɛp,vɛpu,vɛpu,vɛpu,vɛpu
vɛt,vɛtu,vɛtu,vɛtu,vɛtu
vɛk,vɛku,vɛku,vɛku,vɛku
vɛb,vɛbu,vɛbu,vɛbu,vɛbu
vɛd,vɛdu,vɛdu,vɛdu,vɛdu
vɛg,vɛgu,vɛgu,vɛgu,vɛgu
vɛf,vɛfu,vɛfu,vɛfu,vɛfu
vɛs,vɛsu,vɛsu,vɛsu,vɛsu
vɛv,vɛvu,vɛvu,vɛvu,vɛvu
vɛz,vɛzu,vɛzu,vɛzu,vɛzu
vɛʃ,vɛʃu,vɛʃu,vɛʃu,vɛʃu
vɛʒ,vɛʒu,vɛʒu,vɛʒu,vɛʒu
vɛθ,vɛθu,vɛθu,vɛθu,vɛθu
vɛð,vɛðu,vɛðu,vɛðu,vɛðu
zɛm,zɛmu,zɛmu,zɛmu,zɛmu
zɛn,zɛnu,zɛnu,zɛnu,zɛnu
zɛŋ,zɛŋu,zɛŋu,zɛŋu,zɛŋu
zɛp,zɛpu,zɛpu,zɛpu,zɛpu
zɛt,zɛtu,zɛtu,zɛtu,zɛtu
zɛk,zɛku,zɛku,zɛku,zɛku
zɛb,zɛbu,zɛbu,zɛbu,zɛbu
zɛd,zɛdu,zɛdu,zɛdu,zɛdu
zɛg,zɛgu,zɛgu,zɛgu,zɛgu
zɛf,zɛfu,zɛfu,zɛfu,zɛfu
zɛs,zɛsu,zɛsu,zɛsu,zɛsu
zɛv,zɛvu,zɛvu,zɛvu,zɛvu
zɛz,zɛzu,zɛzu,zɛzu,zɛzu
zɛʃ,zɛʃu,zɛʃu,zɛʃu,zɛʃu
zɛʒ,zɛʒu,zɛʒu,zɛʒu,zɛʒu
zɛθ,zɛθu,zɛθu,zɛθu,zɛθu
zɛð,zɛðu,zɛðu,zɛðu,zɛðu
ʃɛm,ʃɛmu,ʃɛmu,ʃɛmu,ʃɛmu
ʃɛn,ʃɛnu,ʃɛnu,ʃɛnu,ʃɛnu
ʃɛŋ,ʃɛŋu,ʃɛŋu,ʃɛŋu,ʃɛŋu
ʃɛp,ʃɛpu,ʃɛpu,ʃɛpu,ʃɛpu
ʃɛt,ʃɛtu,ʃɛtu,ʃɛtu,ʃɛtu
ʃɛk,ʃɛku,ʃɛku,ʃɛku,ʃɛku
ʃɛb,ʃɛbu,ʃɛbu,ʃɛbu,ʃɛbu
ʃɛd,ʃɛdu,ʃɛdu,ʃɛdu,ʃɛdu
ʃɛg,ʃɛgu,ʃɛgu,ʃɛgu,ʃɛgu
ʃɛf,ʃɛfu,ʃɛfu,ʃɛfu,ʃɛfu
ʃɛs,ʃɛsu,ʃɛsu,ʃɛsu,ʃɛsu
ʃɛv,ʃɛvu,ʃɛvu,ʃɛvu,ʃɛvu
ʃɛz,ʃɛzu,ʃɛzu,ʃɛzu,ʃɛzu
ʃɛʃ,ʃɛʃu,ʃɛʃu,ʃɛʃu,ʃɛʃu
ʃɛʒ,ʃɛʒu,ʃɛʒu,ʃɛʒu,ʃɛʒu
ʃɛθ,ʃɛθu,ʃɛθu,ʃɛθu,ʃɛθu
ʃɛð,ʃɛðu,ʃɛðu,ʃɛðu,ʃɛðu
ʒɛm,ʒɛmu,ʒɛmu,ʒɛmu,ʒɛmu
ʒɛn,ʒɛnu,ʒɛnu,ʒɛnu,ʒɛnu
ʒɛŋ,ʒɛŋu,ʒɛŋu,ʒɛŋu,ʒɛŋu
ʒɛp,ʒɛpu,ʒɛpu,ʒɛpu,ʒɛpu
ʒɛt,ʒɛtu,ʒɛtu,ʒɛtu,ʒɛtu
ʒɛk,ʒɛku,ʒɛku,ʒɛku,ʒɛku
ʒɛb,ʒɛbu,ʒɛbu,ʒɛbu,ʒɛbu
ʒɛd,ʒɛdu,ʒɛdu,ʒɛdu,ʒɛdu
ʒɛg,ʒɛgu,ʒɛgu,ʒɛgu,ʒɛgu
ʒɛf,ʒɛfu,ʒɛfu,ʒɛfu,ʒɛfu
ʒɛs,ʒɛsu,ʒɛsu,ʒɛsu,ʒɛsu
ʒɛv,ʒɛvu,ʒɛvu,ʒɛvu,ʒɛvu
ʒɛz,ʒɛzu,ʒɛzu,ʒɛzu,ʒɛzu
ʒɛʃ,ʒɛʃu,ʒɛʃu,ʒɛʃu,ʒɛʃu
ʒɛʒ,ʒɛʒu,ʒɛʒu,ʒɛʒu,ʒɛʒu
ʒɛθ,ʒɛθu,ʒɛθu,ʒɛθu,ʒɛθu
ʒɛð,ʒɛðu,ʒɛðu,ʒɛðu,ʒɛðu
θɛm,θɛmu,θɛmu,θɛmu,θɛmu
θɛn,θɛnu,θɛnu,θɛnu,θɛnu
θɛŋ,θɛŋu,θɛŋu,θɛŋu,θɛŋu
θɛp,θɛpu,θɛpu,θɛpu,θɛpu
θɛt,θɛtu,θɛtu,θɛtu,θɛtu
θɛk,θɛku,θɛku,θɛku,θɛku
θɛb,θɛbu,θɛbu,θɛbu,θɛbu
θɛd,θɛdu,θɛdu,θɛdu,θɛdu
θɛg,θɛgu,θɛgu,θɛgu,θɛgu
θɛf,θɛfu,θɛfu,θɛfu,θɛfu
θɛs,θɛsu,θɛsu,θɛsu,θɛsu
θɛv,θɛvu,θɛvu,θɛvu,θɛvu
θɛz,θɛzu,θɛzu,θɛzu,θɛzu
θɛʃ,θɛʃu,θɛʃu,θɛʃu,θɛʃu
θɛʒ,θɛʒu,θɛʒu,θɛʒu,θɛʒu
θɛθ,θɛθu,θɛθu,θɛθu,θɛθu
θɛð,θɛðu,θɛðu,θɛðu,θɛðu
ðɛm,ðɛmu,ðɛmu,ðɛmu,ðɛmu
ðɛn,ðɛnu,ðɛnu,ðɛnu,ðɛnu
ðɛŋ,ðɛŋu,ðɛŋu,ðɛŋu,ðɛŋu
ðɛp,ðɛpu,ðɛpu,ðɛpu,ðɛpu
ðɛt,ðɛtu,ðɛtu,ðɛtu,ðɛtu
ðɛk,ðɛku,ðɛku,ðɛku,ðɛku
ðɛb,ðɛbu,ðɛbu,ðɛbu,ðɛbu
ðɛd,ðɛdu,ðɛdu,ðɛdu,ðɛdu
ðɛg,ðɛgu,ðɛgu,ðɛgu,ðɛgu
ðɛf,ðɛfu,ðɛfu,ðɛfu,ðɛfu
ðɛs,ðɛsu,ðɛsu,ðɛsu,ðɛsu
ðɛv,ðɛvu,ðɛvu,ðɛvu,ðɛvu
ðɛz,ðɛzu,ðɛzu,ðɛzu,ðɛzu
ðɛʃ,ðɛʃu,ðɛʃu,ðɛʃu,ðɛʃu
ðɛʒ,ðɛʒu,ðɛʒu,ðɛʒu,ðɛʒu
ðɛθ,ðɛθu,ðɛθu,ðɛθu,ðɛθu
ðɛð,ðɛðu,ðɛðu,ðɛðu,ðɛðu
hɛm,hɛmu,hɛmu,hɛmu,hɛmu
hɛn,hɛnu,hɛnu,hɛnu,hɛnu
hɛŋ,hɛŋu,hɛŋu,hɛŋu,hɛŋu
hɛp,hɛpu,hɛpu,hɛpu,hɛpu
hɛt,hɛtu,hɛtu,hɛtu,hɛtu
hɛk,hɛku,hɛku,hɛku,hɛku
hɛb,hɛbu,hɛbu,hɛbu,hɛbu
hɛd,hɛdu,hɛdu,hɛdu,hɛdu
hɛg,hɛgu,hɛgu,hɛgu,hɛgu
hɛf,hɛfu,hɛfu,hɛfu,hɛfu
hɛs,hɛsu,hɛsu,hɛsu,hɛsu
hɛv,hɛvu,hɛvu,hɛvu,hɛvu
hɛz,hɛzu,hɛzu,hɛzu,hɛzu
hɛʃ,hɛʃu,hɛʃu,hɛʃu,hɛʃu
hɛʒ,hɛʒu,hɛʒu,hɛʒu,hɛʒu
hɛθ,hɛθu,hɛθu,hɛθu,hɛθu
hɛð,hɛðu,hɛðu,hɛðu,hɛðu
mɛm,mɛmoʊ,mɛmoʊ,mɛmo,mɛmo
mɛn,mɛnoʊ,mɛnoʊ,mɛno,mɛno
mɛŋ,mɛŋoʊ,mɛŋoʊ,mɛŋo,mɛŋo
mɛp,mɛpoʊ,mɛpoʊ,mɛpo,mɛpo
mɛt,mɛtoʊ,mɛtoʊ,mɛto,mɛto
mɛk,mɛkoʊ,mɛkoʊ,mɛko,mɛko
mɛb,mɛboʊ,mɛboʊ,mɛbo,mɛbo
mɛd,mɛdoʊ,mɛdoʊ,mɛdo,mɛdo
mɛg,mɛgoʊ,mɛgoʊ,mɛgo,mɛgo
mɛf,mɛfoʊ,mɛfoʊ,mɛfo,mɛfo
mɛs,mɛsoʊ,mɛsoʊ,mɛso,mɛso
mɛv,mɛvoʊ,mɛvoʊ,mɛvo,mɛvo
mɛz,mɛzoʊ,mɛzoʊ,mɛzo,mɛzo
mɛʃ,mɛʃoʊ,mɛʃoʊ,mɛʃo,mɛʃo
mɛʒ,mɛʒoʊ,mɛʒoʊ,mɛʒo,mɛʒo
mɛθ,mɛθoʊ,mɛθoʊ,mɛθo,mɛθo
mɛð,mɛðoʊ,mɛðoʊ,mɛðo,mɛðo
nɛm,nɛmoʊ,nɛmoʊ,nɛmo,nɛmo
nɛn,nɛnoʊ,nɛnoʊ,nɛno,nɛno
nɛŋ,nɛŋoʊ,nɛŋoʊ,nɛŋo,nɛŋo
nɛp,nɛpoʊ,nɛpoʊ,nɛpo,nɛpo
nɛt,nɛtoʊ,nɛtoʊ,nɛto,nɛto
nɛk,nɛkoʊ,nɛkoʊ,nɛko,nɛko
nɛb,nɛboʊ,nɛboʊ,nɛbo,nɛbo
nɛd,nɛdoʊ,nɛdoʊ,nɛdo,nɛdo
nɛg,nɛgoʊ,nɛgoʊ,nɛgo,nɛgo
nɛf,nɛfoʊ,nɛfoʊ,nɛfo,nɛfo
nɛs,nɛsoʊ,nɛsoʊ,nɛso,nɛso
nɛv,nɛvoʊ,nɛvoʊ,nɛvo,nɛvo
nɛz,nɛzoʊ,nɛzoʊ,nɛzo,nɛzo
nɛʃ,nɛʃoʊ,nɛʃoʊ,nɛʃo,nɛʃo
nɛʒ,nɛʒoʊ,nɛʒoʊ,nɛʒo,nɛʒo
nɛθ,nɛθoʊ,nɛθoʊ,nɛθo,nɛθo
nɛð,nɛðoʊ,nɛðoʊ,nɛðo,nɛðo
pɛm,pɛmoʊ,pɛmoʊ,pɛmo,pɛmo
pɛn,pɛnoʊ,pɛnoʊ,pɛno,pɛno
pɛŋ,pɛŋoʊ,pɛŋoʊ,pɛŋo,pɛŋo
pɛp,pɛpoʊ,pɛpoʊ,pɛpo,pɛpo
pɛt,pɛtoʊ,pɛtoʊ,pɛto,pɛto
pɛk,pɛkoʊ,pɛkoʊ,pɛko,pɛko
pɛb,pɛboʊ,pɛboʊ,pɛbo,pɛbo
pɛd,pɛdoʊ,pɛdoʊ,pɛdo,pɛdo
pɛg,pɛgoʊ,pɛgoʊ,pɛgo,pɛgo
pɛf,pɛfoʊ,pɛfoʊ,pɛfo,pɛfo
pɛs,pɛsoʊ,pɛsoʊ,pɛso,pɛso
pɛv,pɛvoʊ,pɛvoʊ,pɛvo,pɛvo
pɛz,pɛzoʊ,pɛzoʊ,pɛzo,pɛzo
pɛʃ,pɛʃoʊ,pɛʃoʊ,pɛʃo,pɛʃo
pɛʒ,pɛʒoʊ,pɛʒoʊ,pɛʒo,pɛʒo
pɛθ,pɛθoʊ,pɛθoʊ,pɛθo,pɛθo
pɛð,pɛðoʊ,pɛðoʊ,pɛðo,pɛðo
tɛm,tɛmoʊ,tɛmoʊ,tɛmo,tɛmo
tɛn,tɛnoʊ,tɛnoʊ,tɛno,tɛno
tɛŋ,tɛŋoʊ,tɛŋoʊ,tɛŋo,tɛŋo
tɛp,tɛpoʊ,tɛpoʊ,tɛpo,tɛpo
tɛt,tɛtoʊ,tɛtoʊ,tɛto,tɛto
tɛk,tɛkoʊ,tɛkoʊ,tɛko,tɛko
tɛb,tɛboʊ,tɛboʊ,tɛbo,tɛbo
tɛd,tɛdoʊ,tɛdoʊ,tɛdo,tɛdo
tɛg,tɛgoʊ,tɛgoʊ,tɛgo,tɛgo
tɛf,tɛfoʊ,tɛfoʊ,tɛfo,tɛfo
tɛs,tɛsoʊ,tɛsoʊ,tɛso,tɛso
tɛv,tɛvoʊ,tɛvoʊ,tɛvo,tɛvo
tɛz,tɛzoʊ,tɛzoʊ,tɛzo,tɛzo
tɛʃ,tɛʃoʊ,tɛʃoʊ,tɛʃo,tɛʃo
tɛʒ,tɛʒoʊ,tɛʒoʊ,tɛʒo,tɛʒo
tɛθ,tɛθoʊ,tɛθoʊ,tɛθo,tɛθo
tɛð,tɛðoʊ,tɛðoʊ,tɛðo,tɛðo
kɛm,kɛmoʊ,kɛmoʊ,kɛmo,kɛmo
kɛn,kɛnoʊ,kɛnoʊ,kɛno,kɛno
kɛŋ,kɛŋoʊ,kɛŋoʊ,kɛŋo,kɛŋo
kɛp,kɛpoʊ,kɛpoʊ,kɛpo,kɛpo
kɛt,kɛtoʊ,kɛtoʊ,kɛto,kɛto
kɛk,kɛkoʊ,kɛkoʊ,kɛko,kɛko
kɛb,kɛboʊ,kɛboʊ,kɛbo,kɛbo
kɛd,kɛdoʊ,kɛdoʊ,kɛdo,kɛdo
kɛg,kɛgoʊ,kɛgoʊ,kɛgo,kɛgo
kɛf,kɛfoʊ,kɛfoʊ,kɛfo,kɛfo
kɛs,kɛsoʊ,kɛsoʊ,kɛso,kɛso
kɛv,kɛvoʊ,kɛvoʊ,kɛvo,kɛvo
kɛz,kɛzoʊ,kɛzoʊ,kɛzo,kɛzo
kɛʃ,kɛʃoʊ,kɛʃoʊ,kɛʃo,kɛʃo
kɛʒ,kɛʒoʊ,kɛʒoʊ,kɛʒo,kɛʒo
kɛθ,kɛθoʊ,kɛθoʊ,kɛθo,kɛθo
kɛð,kɛðoʊ,kɛðoʊ,kɛðo,kɛðo
bɛm,bɛmoʊ,bɛmoʊ,bɛmo,bɛmo
bɛn,bɛnoʊ,bɛnoʊ,bɛno,bɛno
bɛŋ,bɛŋoʊ,bɛŋoʊ,bɛŋo,bɛŋo
bɛp,bɛpoʊ,bɛpoʊ,bɛpo,bɛpo
bɛt,bɛtoʊ,bɛtoʊ,bɛto,bɛto
bɛk,bɛkoʊ,bɛkoʊ,bɛko,bɛko
bɛb,bɛboʊ,bɛboʊ,bɛbo,bɛbo
bɛd,bɛdoʊ,bɛdoʊ,bɛdo,bɛdo
bɛg,bɛgoʊ,bɛgoʊ,bɛgo,bɛgo
bɛf,bɛfoʊ,bɛfoʊ,bɛfo,bɛfo
bɛs,bɛsoʊ,bɛsoʊ,bɛso,bɛso
bɛv,bɛvoʊ,bɛvoʊ,bɛvo,bɛvo
bɛz,bɛzoʊ,bɛzoʊ,bɛzo,bɛzo
bɛʃ,bɛʃoʊ,bɛʃoʊ,bɛʃo,bɛʃo
bɛʒ,bɛʒoʊ,bɛʒoʊ,bɛʒo,bɛʒo
bɛθ,bɛθoʊ,bɛθoʊ,bɛθo,bɛθo
bɛð,bɛðoʊ,bɛðoʊ,bɛðo,bɛðo
dɛm,dɛmoʊ,dɛmoʊ,dɛmo,dɛmo
dɛn,dɛnoʊ,dɛnoʊ,dɛno,dɛno
dɛŋ,dɛŋoʊ,dɛŋoʊ,dɛŋo,dɛŋo
dɛp,dɛpoʊ,dɛpoʊ,dɛpo,dɛpo
dɛt,dɛtoʊ,dɛtoʊ,dɛto,dɛto
dɛk,dɛkoʊ,dɛkoʊ,dɛko,dɛko
dɛb,dɛboʊ,dɛboʊ,dɛbo,dɛbo
dɛd,dɛdoʊ,dɛdoʊ,dɛdo,dɛdo
dɛg,dɛgoʊ,dɛgoʊ,dɛgo,dɛgo
dɛf,dɛfoʊ,dɛfoʊ,dɛfo,dɛfo
dɛs,dɛsoʊ,dɛsoʊ,dɛso,dɛso
dɛv,dɛvoʊ,dɛvoʊ,dɛvo,dɛvo
dɛz,dɛzoʊ,dɛzoʊ,dɛzo,dɛzo
dɛʃ,dɛʃoʊ,dɛʃoʊ,dɛʃo,dɛʃo
dɛʒ,dɛʒoʊ,dɛʒoʊ,dɛʒo,dɛʒo
dɛθ,dɛθoʊ,dɛθoʊ,dɛθo,dɛθo
dɛð,dɛðoʊ,dɛðoʊ,dɛðo,dɛðo
gɛm,gɛmoʊ,gɛmoʊ,gɛmo,gɛmo
gɛn,gɛnoʊ,gɛnoʊ,gɛno,gɛno
gɛŋ,gɛŋoʊ,gɛŋoʊ,gɛŋo,gɛŋo
gɛp,gɛpoʊ,gɛpoʊ,gɛpo,gɛpo
gɛt,gɛtoʊ,gɛtoʊ,gɛto,gɛto
gɛk,gɛkoʊ,gɛkoʊ,gɛko,gɛko
gɛb,gɛboʊ,gɛboʊ,gɛbo,gɛbo
gɛd,gɛdoʊ,gɛdoʊ,gɛdo,gɛdo
gɛg,gɛgoʊ,gɛgoʊ,gɛgo,gɛgo
gɛf,gɛfoʊ,gɛfoʊ,gɛfo,gɛfo
gɛs,gɛsoʊ,gɛsoʊ,gɛso,gɛso
gɛv,gɛvoʊ,gɛvoʊ,gɛvo,gɛvo
gɛz,gɛzoʊ,gɛzoʊ,gɛzo,gɛzo
gɛʃ,gɛʃoʊ,gɛʃoʊ,gɛʃo,gɛʃo
gɛʒ,gɛʒoʊ,gɛʒoʊ,gɛʒo,gɛʒo
gɛθ,gɛθoʊ,gɛθoʊ,gɛθo,gɛθo
gɛð,gɛðoʊ,gɛðoʊ,gɛðo,gɛðo
fɛm,fɛmoʊ,fɛmoʊ,fɛmo,fɛmo
fɛn,fɛnoʊ,fɛnoʊ,fɛno,fɛno
fɛŋ,fɛŋoʊ,fɛŋoʊ,fɛŋo,fɛŋo
fɛp,fɛpoʊ,fɛpoʊ,fɛpo,fɛpo
fɛt,fɛtoʊ,fɛtoʊ,fɛto,fɛto
fɛk,fɛkoʊ,fɛkoʊ,fɛko,fɛko
fɛb,fɛboʊ,fɛboʊ,fɛbo,fɛbo
fɛd,fɛdoʊ,fɛdoʊ,fɛdo,fɛdo
fɛg,fɛgoʊ,fɛgoʊ,fɛgo,fɛgo
fɛf,fɛfoʊ,fɛfoʊ,fɛfo,fɛfo
fɛs,fɛsoʊ,fɛsoʊ,fɛso,fɛso
fɛv,fɛvoʊ,fɛvoʊ,fɛvo,fɛvo
fɛz,fɛzoʊ,fɛzoʊ,fɛzo,fɛzo
fɛʃ,fɛʃoʊ,fɛʃoʊ,fɛʃo,fɛʃo
fɛʒ,fɛʒoʊ,fɛʒoʊ,fɛʒo,fɛʒo
fɛθ,fɛθoʊ,fɛθoʊ,fɛθo,fɛθo
fɛð,fɛðoʊ,fɛðoʊ,fɛðo,fɛðo
sɛm,sɛmoʊ,sɛmoʊ,sɛmo,sɛmo
sɛn,sɛnoʊ,sɛnoʊ,sɛno,sɛno
sɛŋ,sɛŋoʊ,sɛŋoʊ,sɛŋo,sɛŋo
sɛp,sɛpoʊ,sɛpoʊ,sɛpo,sɛpo
sɛt,sɛtoʊ,sɛtoʊ,sɛto,sɛto
sɛk,sɛkoʊ,sɛkoʊ,sɛko,sɛko
sɛb,sɛboʊ,sɛboʊ,sɛbo,sɛbo
sɛd,sɛdoʊ,sɛdoʊ,sɛdo,sɛdo
sɛg,sɛgoʊ,sɛgoʊ,sɛgo,sɛgo
sɛf,sɛfoʊ,sɛfoʊ,sɛfo,sɛfo
sɛs,sɛsoʊ,sɛsoʊ,sɛso,sɛso
sɛv,sɛvoʊ,sɛvoʊ,sɛvo,sɛvo
sɛz,sɛzoʊ,sɛzoʊ,sɛzo,sɛzo
sɛʃ,sɛʃoʊ,sɛʃoʊ,sɛʃo,sɛʃo
sɛʒ,sɛʒoʊ,sɛʒoʊ,sɛʒo,sɛʒo
sɛθ,sɛθoʊ,sɛθoʊ,sɛθo,sɛθo
sɛð,sɛðoʊ,sɛðoʊ,sɛðo,sɛðo
vɛm,vɛmoʊ,vɛmoʊ,vɛmo,vɛmo
vɛn,vɛnoʊ,vɛnoʊ,vɛno,vɛno
vɛŋ,vɛŋoʊ,vɛŋoʊ,vɛŋo,vɛŋo
vɛp,vɛpoʊ,vɛpoʊ,vɛpo,vɛpo
vɛt,vɛtoʊ,vɛtoʊ,vɛto,vɛto
vɛk,vɛkoʊ,vɛkoʊ,vɛko,vɛko
vɛb,vɛboʊ,vɛboʊ,vɛbo,vɛbo
vɛd,vɛdoʊ,vɛdoʊ,vɛdo,vɛdo
vɛg,vɛgoʊ,vɛgoʊ,vɛgo,vɛgo
vɛf,vɛfoʊ,vɛfoʊ,vɛfo,vɛfo
vɛs,vɛsoʊ,vɛsoʊ,vɛso,vɛso
vɛv,vɛvoʊ,vɛvoʊ,vɛvo,vɛvo
vɛz,vɛzoʊ,vɛzoʊ,vɛzo,vɛzo
vɛʃ,vɛʃoʊ,vɛʃoʊ,vɛʃo,vɛʃo
vɛʒ,vɛʒoʊ,vɛʒoʊ,vɛʒo,vɛʒo
vɛθ,vɛθoʊ,vɛθoʊ,vɛθo,vɛθo
vɛð,vɛðoʊ,vɛðoʊ,vɛðo,vɛðo
zɛm,zɛmoʊ,zɛmoʊ,zɛmo,zɛmo
zɛn,zɛnoʊ,zɛnoʊ,zɛno,zɛno
zɛŋ,zɛŋoʊ,zɛŋoʊ,zɛŋo,zɛŋo
zɛp,zɛpoʊ,zɛpoʊ,zɛpo,zɛpo
zɛt,zɛtoʊ,zɛtoʊ,zɛto,zɛto
zɛk,zɛkoʊ,zɛkoʊ,zɛko,zɛko
zɛb,zɛboʊ,zɛboʊ,zɛbo,zɛbo
zɛd,zɛdoʊ,zɛdoʊ,zɛdo,zɛdo
zɛg,zɛgoʊ,zɛgoʊ,zɛgo,zɛgo
zɛf,zɛfoʊ,zɛfoʊ,zɛfo,zɛfo
zɛs,zɛsoʊ,zɛsoʊ,zɛso,zɛso
zɛv,zɛvoʊ,zɛvoʊ,zɛvo,zɛvo
zɛz,zɛzoʊ,zɛzoʊ,zɛzo,zɛzo
zɛʃ,zɛʃoʊ,zɛʃoʊ,zɛʃo,zɛʃo
zɛʒ,zɛʒoʊ,zɛʒoʊ,zɛʒo,zɛʒo
zɛθ,zɛθoʊ,zɛθoʊ,zɛθo,zɛθo
zɛð,zɛðoʊ,zɛðoʊ,zɛðo,zɛðo
ʃɛm,ʃɛmoʊ,ʃɛmoʊ,ʃɛmo,ʃɛmo
ʃɛn,ʃɛnoʊ,ʃɛnoʊ,ʃɛno,ʃɛno
ʃɛŋ,ʃɛŋoʊ,ʃɛŋoʊ,ʃɛŋo,ʃɛŋo
ʃɛp,ʃɛpoʊ,ʃɛpoʊ,ʃɛpo,ʃɛpo
ʃɛt,ʃɛtoʊ,ʃɛtoʊ,ʃɛto,ʃɛto
ʃɛk,ʃɛkoʊ,ʃɛkoʊ,ʃɛko,ʃɛko
ʃɛb,ʃɛboʊ,ʃɛboʊ,ʃɛbo,ʃɛbo
ʃɛd,ʃɛdoʊ,ʃɛdoʊ,ʃɛdo,ʃɛdo
ʃɛg,ʃɛgoʊ,ʃɛgoʊ,ʃɛgo,ʃɛgo
ʃɛf,ʃɛfoʊ,ʃɛfoʊ,ʃɛfo,ʃɛfo
ʃɛs,ʃɛsoʊ,ʃɛsoʊ,ʃɛso,ʃɛso
ʃɛv,ʃɛvoʊ,ʃɛvoʊ,ʃɛvo,ʃɛvo
ʃɛz,ʃɛzoʊ,ʃɛzoʊ,ʃɛzo,ʃɛzo
ʃɛʃ,ʃɛʃoʊ,ʃɛʃoʊ,ʃɛʃo,ʃɛʃo
ʃɛʒ,ʃɛʒoʊ,ʃɛʒoʊ,ʃɛʒo,ʃɛʒo
ʃɛθ,ʃɛθoʊ,ʃɛθoʊ,ʃɛθo,ʃɛθo
ʃɛð,ʃɛðoʊ,ʃɛðoʊ,ʃɛðo,ʃɛðo
ʒɛm,ʒɛmoʊ,ʒɛmoʊ,ʒɛmo,ʒɛmo
ʒɛn,ʒɛnoʊ,ʒɛnoʊ,ʒɛno,ʒɛno
ʒɛŋ,ʒɛŋoʊ,ʒɛŋoʊ,ʒɛŋo,ʒɛŋo
ʒɛp,ʒɛpoʊ,ʒɛpoʊ,ʒɛpo,ʒɛpo
ʒɛt,ʒɛtoʊ,ʒɛtoʊ,ʒɛto,ʒɛto
ʒɛk,ʒɛkoʊ,ʒɛkoʊ,ʒɛko,ʒɛko
ʒɛb,ʒɛboʊ,ʒɛboʊ,ʒɛbo,ʒɛbo
ʒɛd,ʒɛdoʊ,ʒɛdoʊ,ʒɛdo,ʒɛdo
ʒɛg,ʒɛgoʊ,ʒɛgoʊ,ʒɛgo,ʒɛgo
ʒɛf,ʒɛfoʊ,ʒɛfoʊ,ʒɛfo,ʒɛfo
ʒɛs,ʒɛsoʊ,ʒɛsoʊ,ʒɛso,ʒɛso
ʒɛv,ʒɛvoʊ,ʒɛvoʊ,ʒɛvo,ʒɛvo
ʒɛz,ʒɛzoʊ,ʒɛzoʊ,ʒɛzo,ʒɛzo
ʒɛʃ,ʒɛʃoʊ,ʒɛʃoʊ,ʒɛʃo,ʒɛʃo
ʒɛʒ,ʒɛʒoʊ,ʒɛʒoʊ,ʒɛʒo,ʒɛʒo
ʒɛθ,ʒɛθoʊ,ʒɛθoʊ,ʒɛθo,ʒɛθo
ʒɛð,ʒɛðoʊ,ʒɛðoʊ,ʒɛðo,ʒɛðo
θɛm,θɛmoʊ,θɛmoʊ,θɛmo,θɛmo
θɛn,θɛnoʊ,θɛnoʊ,θɛno,θɛno
θɛŋ,θɛŋoʊ,θɛŋoʊ,θɛŋo,θɛŋo
θɛp,θɛpoʊ,θɛpoʊ,θɛpo,θɛpo
θɛt,θɛtoʊ,θɛtoʊ,θɛto,θɛto
θɛk,θɛkoʊ,θɛkoʊ,θɛko,θɛko
θɛb,θɛboʊ,θɛboʊ,θɛbo,θɛbo
θɛd,θɛdoʊ,θɛdoʊ,θɛdo,θɛdo
θɛg,θɛgoʊ,θɛgoʊ,θɛgo,θɛgo
θɛf,θɛfoʊ,θɛfoʊ,θɛfo,θɛfo
θɛs,θɛsoʊ,θɛsoʊ,θɛso,θɛso
θɛv,θɛvoʊ,θɛvoʊ,θɛvo,θɛvo
θɛz,θɛzoʊ,θɛzoʊ,θɛzo,θɛzo
θɛʃ,θɛʃoʊ,θɛʃoʊ,θɛʃo,θɛʃo
θɛʒ,θɛʒoʊ,θɛʒoʊ,θɛʒo,θɛʒo
θɛθ,θɛθoʊ,θɛθoʊ,θɛθo,θɛθo
θɛð,θɛðoʊ,θɛðoʊ,θɛðo,θɛðo
ðɛm,ðɛmoʊ,ðɛmoʊ,ðɛmo,ðɛmo
ðɛn,ðɛnoʊ,ðɛnoʊ,ðɛno,ðɛno
ðɛŋ,ðɛŋoʊ,ðɛŋoʊ,ðɛŋo,ðɛŋo
ðɛp,ðɛpoʊ,ðɛpoʊ,ðɛpo,ðɛpo
ðɛt,ðɛtoʊ,ðɛtoʊ,ðɛto,ðɛto
ðɛk,ðɛkoʊ,ðɛkoʊ,ðɛko,ðɛko
ðɛb,ðɛboʊ,ðɛboʊ,ðɛbo,ðɛbo
ðɛd,ðɛdoʊ,ðɛdoʊ,ðɛdo,ðɛdo
ðɛg,ðɛgoʊ,ðɛgoʊ,ðɛgo,ðɛgo
ðɛf,ðɛfoʊ,ðɛfoʊ,ðɛfo,ðɛfo
ðɛs,ðɛsoʊ,ðɛsoʊ,ðɛso,ðɛso
ðɛv,ðɛvoʊ,ðɛvoʊ,ðɛvo,ðɛvo
ðɛz,ðɛzoʊ,ðɛzoʊ,ðɛzo,ðɛzo
ðɛʃ,ðɛʃoʊ,ðɛʃoʊ,ðɛʃo,ðɛʃo
ðɛʒ,ðɛʒoʊ,ðɛʒoʊ,ðɛʒo,ðɛʒo
ðɛθ,ðɛθoʊ,ðɛθoʊ,ðɛθo,ðɛθo
ðɛð,ðɛðoʊ,ðɛðoʊ,ðɛðo,ðɛðo
hɛm,hɛmoʊ,hɛmoʊ,hɛmo,hɛmo
hɛn,hɛnoʊ,hɛnoʊ,hɛno,hɛno
hɛŋ,hɛŋoʊ,hɛŋoʊ,hɛŋo,hɛŋo
hɛp,hɛpoʊ,hɛpoʊ,hɛpo,hɛpo
hɛt,hɛtoʊ,hɛtoʊ,hɛto,hɛto
hɛk,hɛkoʊ,hɛkoʊ,hɛko,hɛko
hɛb,hɛboʊ,hɛboʊ,hɛbo,hɛbo
hɛd,hɛdoʊ,hɛdoʊ,hɛdo,hɛdo
hɛg,hɛgoʊ,hɛgoʊ,hɛgo,hɛgo
hɛf,hɛfoʊ,hɛfoʊ,hɛfo,hɛfo
hɛs,hɛsoʊ,hɛsoʊ,hɛso,hɛso
hɛv,hɛvoʊ,hɛvoʊ,hɛvo,hɛvo
hɛz,hɛzoʊ,hɛzoʊ,hɛzo,hɛzo
hɛʃ,hɛʃoʊ,hɛʃoʊ,hɛʃo,hɛʃo
hɛʒ,hɛʒoʊ,hɛʒoʊ,hɛʒo,hɛʒo
hɛθ,hɛθoʊ,hɛθoʊ,hɛθo,hɛθo
hɛð,hɛðoʊ,hɛðoʊ,hɛðo,hɛðo
mʊm,mʊmi,mʊmi,mʊmi,mʊmi
mʊn,mʊni,mʊni,mʊni,mʊni
mʊŋ,mʊŋi,mʊŋi,mʊŋi,mʊŋi
mʊp,mʊpi,mʊpi,mʊpi,mʊpi
mʊt,mʊti,mʊti,mʊti,mʊti
mʊk,mʊki,mʊki,mʊki,mʊki
mʊb,mʊbi,mʊbi,mʊbi,mʊbi
mʊd,mʊdi,mʊdi,mʊdi,mʊdi
mʊg,mʊgi,mʊgi,mʊgi,mʊgi
mʊf,mʊfi,mʊfi,mʊfi,mʊfi
mʊs,mʊsi,mʊsi,mʊsi,mʊsi
mʊv,mʊvi,mʊvi,mʊvi,mʊvi
mʊz,mʊzi,mʊzi,mʊzi,mʊzi
mʊʃ,mʊʃi,mʊʃi,mʊʃi,mʊʃi
mʊʒ,mʊʒi,mʊʒi,mʊʒi,mʊʒi
mʊθ,mʊθi,mʊθi,mʊθi,mʊθi
mʊð,mʊði,mʊði,mʊði,mʊði
nʊm,nʊmi,nʊmi,nʊmi,nʊmi
nʊn,nʊni,nʊni,nʊni,nʊni
nʊŋ,nʊŋi,nʊŋi,nʊŋi,nʊŋi
nʊp,nʊpi,nʊpi,nʊpi,nʊpi
nʊt,nʊti,nʊti,nʊti,nʊti
nʊk,nʊki,nʊki,nʊki,nʊki
nʊb,nʊbi,nʊbi,nʊbi,nʊbi
nʊd,nʊdi,nʊdi,nʊdi,nʊdi
nʊg,nʊgi,nʊgi,nʊgi,nʊgi
nʊf,nʊfi,nʊfi,nʊfi,nʊfi
nʊs,nʊsi,nʊsi,nʊsi,nʊsi
nʊv,nʊvi,nʊvi,nʊvi,nʊvi
nʊz,nʊzi,nʊzi,nʊzi,nʊzi
nʊʃ,nʊʃi,nʊʃi,nʊʃi,nʊʃi
nʊʒ,nʊʒi,nʊʒi,nʊʒi,nʊʒi
nʊθ,nʊθi,nʊθi,nʊθi,nʊθi
nʊð,nʊði,nʊði,nʊði,nʊði
pʊm,pʊmi,pʊmi,pʊmi,pʊmi
pʊn,pʊni,pʊni,pʊni,pʊni
pʊŋ,pʊŋi,pʊŋi,pʊŋi,pʊŋi
pʊp,pʊpi,pʊpi,pʊpi,pʊpi
pʊt,pʊti,pʊti,pʊti,pʊti
pʊk,pʊki,pʊki,pʊki,pʊki
pʊb,pʊbi,pʊbi,pʊbi,pʊbi
pʊd,pʊdi,pʊdi,pʊdi,pʊdi
pʊg,pʊgi,pʊgi,pʊgi,pʊgi
pʊf,pʊfi,pʊfi,pʊfi,pʊfi
pʊs,pʊsi,pʊsi,pʊsi,pʊsi
pʊv,pʊvi,pʊvi,pʊvi,pʊvi
pʊz,pʊzi,pʊzi,pʊzi,pʊzi
pʊʃ,pʊʃi,pʊʃi,pʊʃi,pʊʃi
pʊʒ,pʊʒi,pʊʒi,pʊʒi,pʊʒi
pʊθ,pʊθi,pʊθi,pʊθi,pʊθi
pʊð,pʊði,pʊði,pʊði,pʊði
tʊm,tʊmi,tʊmi,tʊmi,tʊmi
tʊn,tʊni,tʊni,tʊni,tʊni
tʊŋ,tʊŋi,tʊŋi,tʊŋi,tʊŋi
tʊp,tʊpi,tʊpi,tʊpi,tʊpi
tʊt,tʊti,tʊti,tʊti,tʊti
tʊk,tʊki,tʊki,tʊki,tʊki
tʊb,tʊbi,tʊbi,tʊbi,tʊbi
tʊd,tʊdi,tʊdi,tʊdi,tʊdi
tʊg,tʊgi,tʊgi,tʊgi,tʊgi
tʊf,tʊfi,tʊfi,tʊfi,tʊfi
tʊs,tʊsi,tʊsi,tʊsi,tʊsi
tʊv,tʊvi,tʊvi,tʊvi,tʊvi
tʊz,tʊzi,tʊzi,tʊzi,tʊzi
tʊʃ,tʊʃi,tʊʃi,tʊʃi,tʊʃi
tʊʒ,tʊʒi,tʊʒi,tʊʒi,tʊʒi
tʊθ,tʊθi,tʊθi,tʊθi,tʊθi
tʊð,tʊði,tʊði,tʊði,tʊði
kʊm,kʊmi,kʊmi,kʊmi,kʊmi
kʊn,kʊni,kʊni,kʊni,kʊni
kʊŋ,kʊŋi,kʊŋi,kʊŋi,kʊŋi
kʊp,kʊpi,kʊpi,kʊpi,kʊpi
kʊt,kʊti,kʊti,kʊti,kʊti
kʊk,kʊki,kʊki,kʊki,kʊki
kʊb,kʊbi,kʊbi,kʊbi,kʊbi
kʊd,kʊdi,kʊdi,kʊdi,kʊdi
kʊg,kʊgi,kʊgi,kʊgi,kʊgi
kʊf,kʊfi,kʊfi,kʊfi,kʊfi
kʊs,kʊsi,kʊsi,kʊsi,kʊsi
kʊv,kʊvi,kʊvi,kʊvi,kʊvi
kʊz,kʊzi,kʊzi,kʊzi,kʊzi
kʊʃ,kʊʃi,kʊʃi,kʊʃi,kʊʃi
kʊʒ,kʊʒi,kʊʒi,kʊʒi,kʊʒi
kʊθ,kʊθi,kʊθi,kʊθi,kʊθi
kʊð,kʊði,kʊði,kʊði,kʊði
bʊm,bʊmi,bʊmi,bʊmi,bʊmi
bʊn,bʊni,bʊni,bʊni,bʊni
bʊŋ,bʊŋi,bʊŋi,bʊŋi,bʊŋi
bʊp,bʊpi,bʊpi,bʊpi,bʊpi
bʊt,bʊti,bʊti,bʊti,bʊti
bʊk,bʊki,bʊki,bʊki,bʊki
bʊb,bʊbi,bʊbi,bʊbi,bʊbi
bʊd,bʊdi,bʊdi,bʊdi,bʊdi
bʊg,bʊgi,bʊgi,bʊgi,bʊgi
bʊf,bʊfi,bʊfi,bʊfi,bʊfi
bʊs,bʊsi,bʊsi,bʊsi,bʊsi
bʊv,bʊvi,bʊvi,bʊvi,bʊvi
bʊz,bʊzi,bʊzi,bʊzi,bʊzi
bʊʃ,bʊʃi,bʊʃi,bʊʃi,bʊʃi
bʊʒ,bʊʒi,bʊʒi,bʊʒi,bʊʒi
bʊθ,bʊθi,bʊθi,bʊθi,bʊθi
bʊð,bʊði,bʊði,bʊði,bʊði
dʊm,dʊmi,dʊmi,dʊmi,dʊmi
dʊn,dʊni,dʊni,dʊni,dʊni
dʊŋ,dʊŋi,dʊŋi,dʊŋi,dʊŋi
dʊp,dʊpi,dʊpi,dʊpi,dʊpi
dʊt,dʊti,dʊti,dʊti,dʊti
dʊk,dʊki,dʊki,dʊki,dʊki
dʊb,dʊbi,dʊbi,dʊbi,dʊbi
dʊd,dʊdi,dʊdi,dʊdi,dʊdi
dʊg,dʊgi,dʊgi,dʊgi,dʊgi
dʊf,dʊfi,dʊfi,dʊfi,dʊfi
dʊs,dʊsi,dʊsi,dʊsi,dʊsi
dʊv,dʊvi,dʊvi,dʊvi,dʊvi
dʊz,dʊzi,dʊzi,dʊzi,dʊzi
dʊʃ,dʊʃi,dʊʃi,dʊʃi,dʊʃi
dʊʒ,dʊʒi,dʊʒi,dʊʒi,dʊʒi
dʊθ,dʊθi,dʊθi,dʊθi,dʊθi
dʊð,dʊði,dʊði,dʊði,dʊði
gʊm,gʊmi,gʊmi,gʊmi,gʊmi
gʊn,gʊni,gʊni,gʊni,gʊni
gʊŋ,gʊŋi,gʊŋi,gʊŋi,gʊŋi
gʊp,gʊpi,gʊpi,gʊpi,gʊpi
gʊt,gʊti,gʊti,gʊti,gʊti
gʊk,gʊki,gʊki,gʊki,gʊki
gʊb,gʊbi,gʊbi,gʊbi,gʊbi
gʊd,gʊdi,gʊdi,gʊdi,gʊdi
gʊg,gʊgi,gʊgi,gʊgi,gʊgi
gʊf,gʊfi,gʊfi,gʊfi,gʊfi
gʊs,gʊsi,gʊsi,gʊsi,gʊsi
gʊv,gʊvi,gʊvi,gʊvi,gʊvi
gʊz,gʊzi,gʊzi,gʊzi,gʊzi
gʊʃ,gʊʃi,gʊʃi,gʊʃi,gʊʃi
gʊʒ,gʊʒi,gʊʒi,gʊʒi,gʊʒi
gʊθ,gʊθi,gʊθi,gʊθi,gʊθi
gʊð,gʊði,gʊði,gʊði,gʊði
fʊm,fʊmi,fʊmi,fʊmi,fʊmi
fʊn,fʊni,fʊni,fʊni,fʊni
fʊŋ,fʊŋi,fʊŋi,fʊŋi,fʊŋi
fʊp,fʊpi,fʊpi,fʊpi,fʊpi
fʊt,fʊti,fʊti,fʊti,fʊti
fʊk,fʊki,fʊki,fʊki,fʊki
fʊb,fʊbi,fʊbi,fʊbi,fʊbi
fʊd,fʊdi,fʊdi,fʊdi,fʊdi
fʊg,fʊgi,fʊgi,fʊgi,fʊgi
fʊf,fʊfi,fʊfi,fʊfi,fʊfi
fʊs,fʊsi,fʊsi,fʊsi,fʊsi
fʊv,fʊvi,fʊvi,fʊvi,fʊvi
fʊz,fʊzi,fʊzi,fʊzi,fʊzi
fʊʃ,fʊʃi,fʊʃi,fʊʃi,fʊʃi
fʊʒ,fʊʒi,fʊʒi,fʊʒi,fʊʒi
fʊθ,fʊθi,fʊθi,fʊθi,fʊθi
fʊð,fʊði,fʊði,fʊði,fʊði
sʊm,sʊmi,sʊmi,sʊmi,sʊmi
sʊn,sʊni,sʊni,sʊni,sʊni
sʊŋ,sʊŋi,sʊŋi,sʊŋi,sʊŋi
sʊp,sʊpi,sʊpi,sʊpi,sʊpi
sʊt,sʊti,sʊti,sʊti,sʊti
sʊk,sʊki,sʊki,sʊki,sʊki
sʊb,sʊbi,sʊbi,sʊbi,sʊbi
sʊd,sʊdi,sʊdi,sʊdi,sʊdi
sʊg,sʊgi,sʊgi,sʊgi,sʊgi
sʊf,sʊfi,sʊfi,sʊfi,sʊfi
sʊs,sʊsi,sʊsi,sʊsi,sʊsi
sʊv,sʊvi,sʊvi,sʊvi,sʊvi
sʊz,sʊzi,sʊzi,sʊzi,sʊzi
sʊʃ,sʊʃi,sʊʃi,sʊʃi,sʊʃi
sʊʒ,sʊʒi,sʊʒi,sʊʒi,sʊʒi
sʊθ,sʊθi,sʊθi,sʊθi,sʊθi
sʊð,sʊði,sʊði,sʊði,sʊði
vʊm,vʊmi,vʊmi,vʊmi,vʊmi
vʊn,vʊni,vʊni,vʊni,vʊni
vʊŋ,vʊŋi,vʊŋi,vʊŋi,vʊŋi
vʊp,vʊpi,vʊpi,vʊpi,vʊpi
vʊt,vʊti,vʊti,vʊti,vʊti
vʊk,vʊki,vʊki,vʊki,vʊki
vʊb,vʊbi,vʊbi,vʊbi,vʊbi
vʊd,vʊdi,vʊdi,vʊdi,vʊdi
vʊg,vʊgi,vʊgi,vʊgi,vʊgi
vʊf,vʊfi,vʊfi,vʊfi,vʊfi
vʊs,vʊsi,vʊsi,vʊsi,vʊsi
vʊv,vʊvi,vʊvi,vʊvi,vʊvi
vʊz,vʊzi,vʊzi,vʊzi,vʊzi
vʊʃ,vʊʃi,vʊʃi,vʊʃi,vʊʃi
vʊʒ,vʊʒi,vʊʒi,vʊʒi,vʊʒi
vʊθ,vʊθi,vʊθi,vʊθi,vʊθi
vʊð,vʊði,vʊði,vʊði,vʊði
zʊm,zʊmi,zʊmi,zʊmi,zʊmi
zʊn,zʊni,zʊni,zʊni,zʊni
zʊŋ,zʊŋi,zʊŋi,zʊŋi,zʊŋi
zʊp,zʊpi,zʊpi,zʊpi,zʊpi
zʊt,zʊti,zʊti,zʊti,zʊti
zʊk,zʊki,zʊki,zʊki,zʊki
zʊb,zʊbi,zʊbi,zʊbi,zʊbi
zʊd,zʊdi,zʊdi,zʊdi,zʊdi
zʊg,zʊgi,zʊgi,zʊgi,zʊgi
zʊf,zʊfi,zʊfi,zʊfi,zʊfi
zʊs,zʊsi,zʊsi,zʊsi,zʊsi
zʊv,zʊvi,zʊvi,zʊvi,zʊvi
zʊz,zʊzi,zʊzi,zʊzi,zʊzi
zʊʃ,zʊʃi,zʊʃi,zʊʃi,zʊʃi
zʊʒ,zʊʒi,zʊʒi,zʊʒi,zʊʒi
zʊθ,zʊθi,zʊθi,zʊθi,zʊθi
zʊð,zʊði,zʊði,zʊði,zʊði
ʃʊm,ʃʊmi,ʃʊmi,ʃʊmi,ʃʊmi
ʃʊn,ʃʊni,ʃʊni,ʃʊni,ʃʊni
ʃʊŋ,ʃʊŋi,ʃʊŋi,ʃʊŋi,ʃʊŋi
ʃʊp,ʃʊpi,ʃʊpi,ʃʊpi,ʃʊpi
ʃʊt,ʃʊti,ʃʊti,ʃʊti,ʃʊti
ʃʊk,ʃʊki,ʃʊki,ʃʊki,ʃʊki
ʃʊb,ʃʊbi,ʃʊbi,ʃʊbi,ʃʊbi
ʃʊd,ʃʊdi,ʃʊdi,ʃʊdi,ʃʊdi
ʃʊg,ʃʊgi,ʃʊgi,ʃʊgi,ʃʊgi
ʃʊf,ʃʊfi,ʃʊfi,ʃʊfi,ʃʊfi
ʃʊs,ʃʊsi,ʃʊsi,ʃʊsi,ʃʊsi
ʃʊv,ʃʊvi,ʃʊvi,ʃʊvi,ʃʊvi
ʃʊz,ʃʊzi,ʃʊzi,ʃʊzi,ʃʊzi
ʃʊʃ,ʃʊʃi,ʃʊʃi,ʃʊʃi,ʃʊʃi
ʃʊʒ,ʃʊʒi,ʃʊʒi,ʃʊʒi,ʃʊʒi
ʃʊθ,ʃʊθi,ʃʊθi,ʃʊθi,ʃʊθi
ʃʊð,ʃʊði,ʃʊði,ʃʊði,ʃʊði
ʒʊm,ʒʊmi,ʒʊmi,ʒʊmi,ʒʊmi
ʒʊn,ʒʊni,ʒʊni,ʒʊni,ʒʊni
ʒʊŋ,ʒʊŋi,ʒʊŋi,ʒʊŋi,ʒʊŋi
ʒʊp,ʒʊpi,ʒʊpi,ʒʊpi,ʒʊpi
ʒʊt,ʒʊti,ʒʊti,ʒʊti,ʒʊti
ʒʊk,ʒʊki,ʒʊki,ʒʊki,ʒʊki
ʒʊb,ʒʊbi,ʒʊbi,ʒʊbi,ʒʊbi
ʒʊd,ʒʊdi,ʒʊdi,ʒʊdi,ʒʊdi
ʒʊg,ʒʊgi,ʒʊgi,ʒʊgi,ʒʊgi
ʒʊf,ʒʊfi,ʒʊfi,ʒʊfi,ʒʊfi
ʒʊs,ʒʊsi,ʒʊsi,ʒʊsi,ʒʊsi
ʒʊv,ʒʊvi,ʒʊvi,ʒʊvi,ʒʊvi
ʒʊz,ʒʊzi,ʒʊzi,ʒʊzi,ʒʊzi
ʒʊʃ,ʒʊʃi,ʒʊʃi,ʒʊʃi,ʒʊʃi
ʒʊʒ,ʒʊʒi,ʒʊʒi,ʒʊʒi,ʒʊʒi
ʒʊθ,ʒʊθi,ʒʊθi,ʒʊθi,ʒʊθi
ʒʊð,ʒʊði,ʒʊði,ʒʊði,ʒʊði
θʊm,θʊmi,θʊmi,θʊmi,θʊmi
θʊn,θʊni,θʊni,θʊni,θʊni
θʊŋ,θʊŋi,θʊŋi,θʊŋi,θʊŋi
θʊp,θʊpi,θʊpi,θʊpi,θʊpi
θʊt,θʊti,θʊti,θʊti,θʊti
θʊk,θʊki,θʊki,θʊki,θʊki
θʊb,θʊbi,θʊbi,θʊbi,θʊbi
θʊd,θʊdi,θʊdi,θʊdi,θʊdi
θʊg,θʊgi,θʊgi,θʊgi,θʊgi
θʊf,θʊfi,θʊfi,θʊfi,θʊfi
θʊs,θʊsi,θʊsi,θʊsi,θʊsi
θʊv,θʊvi,θʊvi,θʊvi,θʊvi
θʊz,θʊzi,θʊzi,θʊzi,θʊzi
θʊʃ,θʊʃi,θʊʃi,θʊʃi,θʊʃi
θʊʒ,θʊʒi,θʊʒi,θʊʒi,θʊʒi
θʊθ,θʊθi,θʊθi,θʊθi,θʊθi
θʊð,θʊði,θʊði,θʊði,θʊði
ðʊm,ðʊmi,ðʊmi,ðʊmi,ðʊmi
ðʊn,ðʊni,ðʊni,ðʊni,ðʊni
ðʊŋ,ðʊŋi,ðʊŋi,ðʊŋi,ðʊŋi
ðʊp,ðʊpi,ðʊpi,ðʊpi,ðʊpi
ðʊt,ðʊti,ðʊti,ðʊti,ðʊti
ðʊk,ðʊki,ðʊki,ðʊki,ðʊki
ðʊb,ðʊbi,ðʊbi,ðʊbi,ðʊbi
ðʊd,ðʊdi,ðʊdi,ðʊdi,ðʊdi
ðʊg,ðʊgi,ðʊgi,ðʊgi,ðʊgi
ðʊf,ðʊfi,ðʊfi,ðʊfi,ðʊfi
ðʊs,ðʊsi,ðʊsi,ðʊsi,ðʊsi
ðʊv,ðʊvi,ðʊvi,ðʊvi,ðʊvi
ðʊz,ðʊzi,ðʊzi,ðʊzi,ðʊzi
ðʊʃ,ðʊʃi,ðʊʃi,ðʊʃi,ðʊʃi
ðʊʒ,ðʊʒi,ðʊʒi,ðʊʒi,ðʊʒi
ðʊθ,ðʊθi,ðʊθi,ðʊθi,ðʊθi
ðʊð,ðʊði,ðʊði,ðʊði,ðʊði
hʊm,hʊmi,hʊmi,hʊmi,hʊmi
hʊn,hʊni,hʊni,hʊni,hʊni
hʊŋ,hʊŋi,hʊŋi,hʊŋi,hʊŋi
hʊp,hʊpi,hʊpi,hʊpi,hʊpi
hʊt,hʊti,hʊti,hʊti,hʊti
hʊk,hʊki,hʊki,hʊki,hʊki
hʊb,hʊbi,hʊbi,hʊbi,hʊbi
hʊd,hʊdi,hʊdi,hʊdi,hʊdi
hʊg,hʊgi,hʊgi,hʊgi,hʊgi
hʊf,hʊfi,hʊfi,hʊfi,hʊfi
hʊs,hʊsi,hʊsi,hʊsi,hʊsi
hʊv,hʊvi,hʊvi,hʊvi,hʊvi
hʊz,hʊzi,hʊzi,hʊzi,hʊzi
hʊʃ,hʊʃi,hʊʃi,hʊʃi,hʊʃi
hʊʒ,hʊʒi,hʊʒi,hʊʒi,hʊʒi
hʊθ,hʊθi,hʊθi,hʊθi,hʊθi
hʊð,hʊði,hʊði,hʊði,hʊði
mʊm,mʊmeɪ,mʊmeɪ,mʊme,mʊme
mʊn,mʊneɪ,mʊneɪ,mʊne,mʊne
mʊŋ,mʊŋeɪ,mʊŋeɪ,mʊŋe,mʊŋe
mʊp,mʊpeɪ,mʊpeɪ,mʊpe,mʊpe
mʊt,mʊteɪ,mʊteɪ,mʊte,mʊte
mʊk,mʊkeɪ,mʊkeɪ,mʊke,mʊke
mʊb,mʊbeɪ,mʊbeɪ,mʊbe,mʊbe
mʊd,mʊdeɪ,mʊdeɪ,mʊde,mʊde
mʊg,mʊgeɪ,mʊgeɪ,mʊge,mʊge
mʊf,mʊfeɪ,mʊfeɪ,mʊfe,mʊfe
mʊs,mʊseɪ,mʊseɪ,mʊse,mʊse
mʊv,mʊveɪ,mʊveɪ,mʊve,mʊve
mʊz,mʊzeɪ,mʊzeɪ,mʊze,mʊze
mʊʃ,mʊʃeɪ,mʊʃeɪ,mʊʃe,mʊʃe
mʊʒ,mʊʒeɪ,mʊʒeɪ,mʊʒe,mʊʒe
mʊθ,mʊθeɪ,mʊθeɪ,mʊθe,mʊθe
mʊð,mʊðeɪ,mʊðeɪ,mʊðe,mʊðe
nʊm,nʊmeɪ,nʊmeɪ,nʊme,nʊme
nʊn,nʊneɪ,nʊneɪ,nʊne,nʊne
nʊŋ,nʊŋeɪ,nʊŋeɪ,nʊŋe,nʊŋe
nʊp,nʊpeɪ,nʊpeɪ,nʊpe,nʊpe
nʊt,nʊteɪ,nʊteɪ,nʊte,nʊte
nʊk,nʊkeɪ,nʊkeɪ,nʊke,nʊke
nʊb,nʊbeɪ,nʊbeɪ,nʊbe,nʊbe
nʊd,nʊdeɪ,nʊdeɪ,nʊde,nʊde
nʊg,nʊgeɪ,nʊgeɪ,nʊge,nʊge
nʊf,nʊfeɪ,nʊfeɪ,nʊfe,nʊfe
nʊs,nʊseɪ,nʊseɪ,nʊse,nʊse
nʊv,nʊveɪ,nʊveɪ,nʊve,nʊve
nʊz,nʊzeɪ,nʊzeɪ,nʊze,nʊze
nʊʃ,nʊʃeɪ,nʊʃeɪ,nʊʃe,nʊʃe
nʊʒ,nʊʒeɪ,nʊʒeɪ,nʊʒe,nʊʒe
nʊθ,nʊθeɪ,nʊθeɪ,nʊθe,nʊθe
nʊð,nʊðeɪ,nʊðeɪ,nʊðe,nʊðe
pʊm,pʊmeɪ,pʊmeɪ,pʊme,pʊme
pʊn,pʊneɪ,pʊneɪ,pʊne,pʊne
pʊŋ,pʊŋeɪ,pʊŋeɪ,pʊŋe,pʊŋe
pʊp,pʊpeɪ,pʊpeɪ,pʊpe,pʊpe
pʊt,pʊteɪ,pʊteɪ,pʊte,pʊte
pʊk,pʊkeɪ,pʊkeɪ,pʊke,pʊke
pʊb,pʊbeɪ,pʊbeɪ,pʊbe,pʊbe
pʊd,pʊdeɪ,pʊdeɪ,pʊde,pʊde
pʊg,pʊgeɪ,pʊgeɪ,pʊge,pʊge
pʊf,pʊfeɪ,pʊfeɪ,pʊfe,pʊfe
pʊs,pʊseɪ,pʊseɪ,pʊse,pʊse
pʊv,pʊveɪ,pʊveɪ,pʊve,pʊve
pʊz,pʊzeɪ,pʊzeɪ,pʊze,pʊze
pʊʃ,pʊʃeɪ,pʊʃeɪ,pʊʃe,pʊʃe
pʊʒ,pʊʒeɪ,pʊʒeɪ,pʊʒe,pʊʒe
pʊθ,pʊθeɪ,pʊθeɪ,pʊθe,pʊθe
pʊð,pʊðeɪ,pʊðeɪ,pʊðe,pʊðe
tʊm,tʊmeɪ,tʊmeɪ,tʊme,tʊme
tʊn,tʊneɪ,tʊneɪ,tʊne,tʊne
tʊŋ,tʊŋeɪ,tʊŋeɪ,tʊŋe,tʊŋe
tʊp,tʊpeɪ,tʊpeɪ,tʊpe,tʊpe
tʊt,tʊteɪ,tʊteɪ,tʊte,tʊte
tʊk,tʊkeɪ,tʊkeɪ,tʊke,tʊke
tʊb,tʊbeɪ,tʊbeɪ,tʊbe,tʊbe
tʊd,tʊdeɪ,tʊdeɪ,tʊde,tʊde
tʊg,tʊgeɪ,tʊgeɪ,tʊge,tʊge
tʊf,tʊfeɪ,tʊfeɪ,tʊfe,tʊfe
tʊs,tʊseɪ,tʊseɪ,tʊse,tʊse
tʊv,tʊveɪ,tʊveɪ,tʊve,tʊve
tʊz,tʊzeɪ,tʊzeɪ,tʊze,tʊze
tʊʃ,tʊʃeɪ,tʊʃeɪ,tʊʃe,tʊʃe
tʊʒ,tʊʒeɪ,tʊʒeɪ,tʊʒe,tʊʒe
tʊθ,tʊθeɪ,tʊθeɪ,tʊθe,tʊθe
tʊð,tʊðeɪ,tʊðeɪ,tʊðe,tʊðe
kʊm,kʊmeɪ,kʊmeɪ,kʊme,kʊme
kʊn,kʊneɪ,kʊneɪ,kʊne,kʊne
kʊŋ,kʊŋeɪ,kʊŋeɪ,kʊŋe,kʊŋe
kʊp,kʊpeɪ,kʊpeɪ,kʊpe,kʊpe
kʊt,kʊteɪ,kʊteɪ,kʊte,kʊte
kʊk,kʊkeɪ,kʊkeɪ,kʊke,kʊke
kʊb,kʊbeɪ,kʊbeɪ,kʊbe,kʊbe
kʊd,kʊdeɪ,kʊdeɪ,kʊde,kʊde
kʊg,kʊgeɪ,kʊgeɪ,kʊge,kʊge
kʊf,kʊfeɪ,kʊfeɪ,kʊfe,kʊfe
kʊs,kʊseɪ,kʊseɪ,kʊse,kʊse
kʊv,kʊveɪ,kʊveɪ,kʊve,kʊve
kʊz,kʊzeɪ,kʊzeɪ,kʊze,kʊze
kʊʃ,kʊʃeɪ,kʊʃeɪ,kʊʃe,kʊʃe
kʊʒ,kʊʒeɪ,kʊʒeɪ,kʊʒe,kʊʒe
kʊθ,kʊθeɪ,kʊθeɪ,kʊθe,kʊθe
kʊð,kʊðeɪ,kʊðeɪ,kʊðe,kʊðe
bʊm,bʊmeɪ,bʊmeɪ,bʊme,bʊme
bʊn,bʊneɪ,bʊneɪ,bʊne,bʊne
bʊŋ,bʊŋeɪ,bʊŋeɪ,bʊŋe,bʊŋe
bʊp,bʊpeɪ,bʊpeɪ,bʊpe,bʊpe
bʊt,bʊteɪ,bʊteɪ,bʊte,bʊte
bʊk,bʊkeɪ,bʊkeɪ,bʊke,bʊke
bʊb,bʊbeɪ,bʊbeɪ,bʊbe,bʊbe
bʊd,bʊdeɪ,bʊdeɪ,bʊde,bʊde
bʊg,bʊgeɪ,bʊgeɪ,bʊge,bʊge
bʊf,bʊfeɪ,bʊfeɪ,bʊfe,bʊfe
bʊs,bʊseɪ,bʊseɪ,bʊse,bʊse
bʊv,bʊveɪ,bʊveɪ,bʊve,bʊve
bʊz,bʊzeɪ,bʊzeɪ,bʊze,bʊze
bʊʃ,bʊʃeɪ,bʊʃeɪ,bʊʃe,bʊʃe
bʊʒ,bʊʒeɪ,bʊʒeɪ,bʊʒe,bʊʒe
bʊθ,bʊθeɪ,bʊθeɪ,bʊθe,bʊθe
bʊð,bʊðeɪ,bʊðeɪ,bʊðe,bʊðe
dʊm,dʊmeɪ,dʊmeɪ,dʊme,dʊme
dʊn,dʊneɪ,dʊneɪ,dʊne,dʊne
dʊŋ,dʊŋeɪ,dʊŋeɪ,dʊŋe,dʊŋe
dʊp,dʊpeɪ,dʊpeɪ,dʊpe,dʊpe
dʊt,dʊteɪ,dʊteɪ,dʊte,dʊte
dʊk,dʊkeɪ,dʊkeɪ,dʊke,dʊke
dʊb,dʊbeɪ,dʊbeɪ,dʊbe,dʊbe
dʊd,dʊdeɪ,dʊdeɪ,dʊde,dʊde
dʊg,dʊgeɪ,dʊgeɪ,dʊge,dʊge
dʊf,dʊfeɪ,dʊfeɪ,dʊfe,dʊfe
dʊs,dʊseɪ,dʊseɪ,dʊse,dʊse
dʊv,dʊveɪ,dʊveɪ,dʊve,dʊve
dʊz,dʊzeɪ,dʊzeɪ,dʊze,dʊze
dʊʃ,dʊʃeɪ,dʊʃeɪ,dʊʃe,dʊʃe
dʊʒ,dʊʒeɪ,dʊʒeɪ,dʊʒe,dʊʒe
dʊθ,dʊθeɪ,dʊθeɪ,dʊθe,dʊθe
dʊð,dʊðeɪ,dʊðeɪ,dʊðe,dʊðe
gʊm,gʊmeɪ,gʊmeɪ,gʊme,gʊme
gʊn,gʊneɪ,gʊneɪ,gʊne,gʊne
gʊŋ,gʊŋeɪ,gʊŋeɪ,gʊŋe,gʊŋe
gʊp,gʊpeɪ,gʊpeɪ,gʊpe,gʊpe
gʊt,gʊteɪ,gʊteɪ,gʊte,gʊte
gʊk,gʊkeɪ,gʊkeɪ,gʊke,gʊke
gʊb,gʊbeɪ,gʊbeɪ,gʊbe,gʊbe
gʊd,gʊdeɪ,gʊdeɪ,gʊde,gʊde
gʊg,gʊgeɪ,gʊgeɪ,gʊge,gʊge
gʊf,gʊfeɪ,gʊfeɪ,gʊfe,gʊfe
gʊs,gʊseɪ,gʊseɪ,gʊse,gʊse
gʊv,gʊveɪ,gʊveɪ,gʊve,gʊve
gʊz,gʊzeɪ,gʊzeɪ,gʊze,gʊze
gʊʃ,gʊʃeɪ,gʊʃeɪ,gʊʃe,gʊʃe
gʊʒ,gʊʒeɪ,gʊʒeɪ,gʊʒe,gʊʒe
gʊθ,gʊθeɪ,gʊθeɪ,gʊθe,gʊθe
gʊð,gʊðeɪ,gʊðeɪ,gʊðe,gʊðe
fʊm,fʊmeɪ,fʊmeɪ,fʊme,fʊme
fʊn,fʊneɪ,fʊneɪ,fʊne,fʊne
fʊŋ,fʊŋeɪ,fʊŋeɪ,fʊŋe,fʊŋe
fʊp,fʊpeɪ,fʊpeɪ,fʊpe,fʊpe
fʊt,fʊteɪ,fʊteɪ,fʊte,fʊte
fʊk,fʊkeɪ,fʊkeɪ,fʊke,fʊke
fʊb,fʊbeɪ,fʊbeɪ,fʊbe,fʊbe
fʊd,fʊdeɪ,fʊdeɪ,fʊde,fʊde
fʊg,fʊgeɪ,fʊgeɪ,fʊge,fʊge
fʊf,fʊfeɪ,fʊfeɪ,fʊfe,fʊfe
fʊs,fʊseɪ,fʊseɪ,fʊse,fʊse
fʊv,fʊveɪ,fʊveɪ,fʊve,fʊve
fʊz,fʊzeɪ,fʊzeɪ,fʊze,fʊze
fʊʃ,fʊʃeɪ,fʊʃeɪ,fʊʃe,fʊʃe
fʊʒ,fʊʒeɪ,fʊʒeɪ,fʊʒe,fʊʒe
fʊθ,fʊθeɪ,fʊθeɪ,fʊθe,fʊθe
fʊð,fʊðeɪ,fʊðeɪ,fʊðe,fʊðe
sʊm,sʊmeɪ,sʊmeɪ,sʊme,sʊme
sʊn,sʊneɪ,sʊneɪ,sʊne,sʊne
sʊŋ,sʊŋeɪ,sʊŋeɪ,sʊŋe,sʊŋe
sʊp,sʊpeɪ,sʊpeɪ,sʊpe,sʊpe
sʊt,sʊteɪ,sʊteɪ,sʊte,sʊte
sʊk,sʊkeɪ,sʊkeɪ,sʊke,sʊke
sʊb,sʊbeɪ,sʊbeɪ,sʊbe,sʊbe
sʊd,sʊdeɪ,sʊdeɪ,sʊde,sʊde
sʊg,sʊgeɪ,sʊgeɪ,sʊge,sʊge
sʊf,sʊfeɪ,sʊfeɪ,sʊfe,sʊfe
sʊs,sʊseɪ,sʊseɪ,sʊse,sʊse
sʊv,sʊveɪ,sʊveɪ,sʊve,sʊve
sʊz,sʊzeɪ,sʊzeɪ,sʊze,sʊze
sʊʃ,sʊʃeɪ,sʊʃeɪ,sʊʃe,sʊʃe
sʊʒ,sʊʒeɪ,sʊʒeɪ,sʊʒe,sʊʒe
sʊθ,sʊθeɪ,sʊθeɪ,sʊθe,sʊθe
sʊð,sʊðeɪ,sʊðeɪ,sʊðe,sʊðe
vʊm,vʊmeɪ,vʊmeɪ,vʊme,vʊme
vʊn,vʊneɪ,vʊneɪ,vʊne,vʊne
vʊŋ,vʊŋeɪ,vʊŋeɪ,vʊŋe,vʊŋe
vʊp,vʊpeɪ,vʊpeɪ,vʊpe,vʊpe
vʊt,vʊteɪ,vʊteɪ,vʊte,vʊte
vʊk,vʊkeɪ,vʊkeɪ,vʊke,vʊke
vʊb,vʊbeɪ,vʊbeɪ,vʊbe,vʊbe
vʊd,vʊdeɪ,vʊdeɪ,vʊde,vʊde
vʊg,vʊgeɪ,vʊgeɪ,vʊge,vʊge
vʊf,vʊfeɪ,vʊfeɪ,vʊfe,vʊfe
vʊs,vʊseɪ,vʊseɪ,vʊse,vʊse
vʊv,vʊveɪ,vʊveɪ,vʊve,vʊve
vʊz,vʊzeɪ,vʊzeɪ,vʊze,vʊze
vʊʃ,vʊʃeɪ,vʊʃeɪ,vʊʃe,vʊʃe
vʊʒ,vʊʒeɪ,vʊʒeɪ,vʊʒe,vʊʒe
vʊθ,vʊθeɪ,vʊθeɪ,vʊθe,vʊθe
vʊð,vʊðeɪ,vʊðeɪ,vʊðe,vʊðe
zʊm,zʊmeɪ,zʊmeɪ,zʊme,zʊme
zʊn,zʊneɪ,zʊneɪ,zʊne,zʊne
zʊŋ,zʊŋeɪ,zʊŋeɪ,zʊŋe,zʊŋe
zʊp,zʊpeɪ,zʊpeɪ,zʊpe,zʊpe
zʊt,zʊteɪ,zʊteɪ,zʊte,zʊte
zʊk,zʊkeɪ,zʊkeɪ,zʊke,zʊke
zʊb,zʊbeɪ,zʊbeɪ,zʊbe,zʊbe
zʊd,zʊdeɪ,zʊdeɪ,zʊde,zʊde
zʊg,zʊgeɪ,zʊgeɪ,zʊge,zʊge
zʊf,zʊfeɪ,zʊfeɪ,zʊfe,zʊfe
zʊs,zʊseɪ,zʊseɪ,zʊse,zʊse
zʊv,zʊveɪ,zʊveɪ,zʊve,zʊve
zʊz,zʊzeɪ,zʊzeɪ,zʊze,zʊze
zʊʃ,zʊʃeɪ,zʊʃeɪ,zʊʃe,zʊʃe
zʊʒ,zʊʒeɪ,zʊʒeɪ,zʊʒe,zʊʒe
zʊθ,zʊθeɪ,zʊθeɪ,zʊθe,zʊθe
zʊð,zʊðeɪ,zʊðeɪ,zʊðe,zʊðe
ʃʊm,ʃʊmeɪ,ʃʊmeɪ,ʃʊme,ʃʊme
ʃʊn,ʃʊneɪ,ʃʊneɪ,ʃʊne,ʃʊne
ʃʊŋ,ʃʊŋeɪ,ʃʊŋeɪ,ʃʊŋe,ʃʊŋe
ʃʊp,ʃʊpeɪ,ʃʊpeɪ,ʃʊpe,ʃʊpe
ʃʊt,ʃʊteɪ,ʃʊteɪ,ʃʊte,ʃʊte
ʃʊk,ʃʊkeɪ,ʃʊkeɪ,ʃʊke,ʃʊke
ʃʊb,ʃʊbeɪ,ʃʊbeɪ,ʃʊbe,ʃʊbe
ʃʊd,ʃʊdeɪ,ʃʊdeɪ,ʃʊde,ʃʊde
ʃʊg,ʃʊgeɪ,ʃʊgeɪ,ʃʊge,ʃʊge
ʃʊf,ʃʊfeɪ,ʃʊfeɪ,ʃʊfe,ʃʊfe
ʃʊs,ʃʊseɪ,ʃʊseɪ,ʃʊse,ʃʊse
ʃʊv,ʃʊveɪ,ʃʊveɪ,ʃʊve,ʃʊve
ʃʊz,ʃʊzeɪ,ʃʊzeɪ,ʃʊze,ʃʊze
ʃʊʃ,ʃʊʃeɪ,ʃʊʃeɪ,ʃʊʃe,ʃʊʃe
ʃʊʒ,ʃʊʒeɪ,ʃʊʒeɪ,ʃʊʒe,ʃʊʒe
ʃʊθ,ʃʊθeɪ,ʃʊθeɪ,ʃʊθe,ʃʊθe
ʃʊð,ʃʊðeɪ,ʃʊðeɪ,ʃʊðe,ʃʊðe
ʒʊm,ʒʊmeɪ,ʒʊmeɪ,ʒʊme,ʒʊme
ʒʊn,ʒʊneɪ,ʒʊneɪ,ʒʊne,ʒʊne
ʒʊŋ,ʒʊŋeɪ,ʒʊŋeɪ,ʒʊŋe,ʒʊŋe
ʒʊp,ʒʊpeɪ,ʒʊpeɪ,ʒʊpe,ʒʊpe
ʒʊt,ʒʊteɪ,ʒʊteɪ,ʒʊte,ʒʊte
ʒʊk,ʒʊkeɪ,ʒʊkeɪ,ʒʊke,ʒʊke
ʒʊb,ʒʊbeɪ,ʒʊbeɪ,ʒʊbe,ʒʊbe
ʒʊd,ʒʊdeɪ,ʒʊdeɪ,ʒʊde,ʒʊde
ʒʊg,ʒʊgeɪ,ʒʊgeɪ,ʒʊge,ʒʊge
ʒʊf,ʒʊfeɪ,ʒʊfeɪ,ʒʊfe,ʒʊfe
ʒʊs,ʒʊseɪ,ʒʊseɪ,ʒʊse,ʒʊse
ʒʊv,ʒʊveɪ,ʒʊveɪ,ʒʊve,ʒʊve
ʒʊz,ʒʊzeɪ,ʒʊzeɪ,ʒʊze,ʒʊze
ʒʊʃ,ʒʊʃeɪ,ʒʊʃeɪ,ʒʊʃe,ʒʊʃe
ʒʊʒ,ʒʊʒeɪ,ʒʊʒeɪ,ʒʊʒe,ʒʊʒe
ʒʊθ,ʒʊθeɪ,ʒʊθeɪ,ʒʊθe,ʒʊθe
ʒʊð,ʒʊðeɪ,ʒʊðeɪ,ʒʊðe,ʒʊðe
θʊm,θʊmeɪ,θʊmeɪ,θʊme,θʊme
θʊn,θʊneɪ,θʊneɪ,θʊne,θʊne
θʊŋ,θʊŋeɪ,θʊŋeɪ,θʊŋe,θʊŋe
θʊp,θʊpeɪ,θʊpeɪ,θʊpe,θʊpe
θʊt,θʊteɪ,θʊteɪ,θʊte,θʊte
θʊk,θʊkeɪ,θʊkeɪ,θʊke,θʊke
θʊb,θʊbeɪ,θʊbeɪ,θʊbe,θʊbe
θʊd,θʊdeɪ,θʊdeɪ,θʊde,θʊde
θʊg,θʊgeɪ,θʊgeɪ,θʊge,θʊge
θʊf,θʊfeɪ,θʊfeɪ,θʊfe,θʊfe
θʊs,θʊseɪ,θʊseɪ,θʊse,θʊse
θʊv,θʊveɪ,θʊveɪ,θʊve,θʊve
θʊz,θʊzeɪ,θʊzeɪ,θʊze,θʊze
θʊʃ,θʊʃeɪ,θʊʃeɪ,θʊʃe,θʊʃe
θʊʒ,θʊʒeɪ,θʊʒeɪ,θʊʒe,θʊʒe
θʊθ,θʊθeɪ,θʊθeɪ,θʊθe,θʊθe
θʊð,θʊðeɪ,θʊðeɪ,θʊðe,θʊðe
ðʊm,ðʊmeɪ,ðʊmeɪ,ðʊme,ðʊme
ðʊn,ðʊneɪ,ðʊneɪ,ðʊne,ðʊne
ðʊŋ,ðʊŋeɪ,ðʊŋeɪ,ðʊŋe,ðʊŋe
ðʊp,ðʊpeɪ,ðʊpeɪ,ðʊpe,ðʊpe
ðʊt,ðʊteɪ,ðʊteɪ,ðʊte,ðʊte
ðʊk,ðʊkeɪ,ðʊkeɪ,ðʊke,ðʊke
ðʊb,ðʊbeɪ,ðʊbeɪ,ðʊbe,ðʊbe
ðʊd,ðʊdeɪ,ðʊdeɪ,ðʊde,ðʊde
ðʊg,ðʊgeɪ,ðʊgeɪ,ðʊge,ðʊge
ðʊf,ðʊfeɪ,ðʊfeɪ,ðʊfe,ðʊfe
ðʊs,ðʊseɪ,ðʊseɪ,ðʊse,ðʊse
ðʊv,ðʊveɪ,ðʊveɪ,ðʊve,ðʊve
ðʊz,ðʊzeɪ,ðʊzeɪ,ðʊze,ðʊze
ðʊʃ,ðʊʃeɪ,ðʊʃeɪ,ðʊʃe,ðʊʃe
ðʊʒ,ðʊʒeɪ,ðʊʒeɪ,ðʊʒe,ðʊʒe
ðʊθ,ðʊθeɪ,ðʊθeɪ,ðʊθe,ðʊθe
ðʊð,ðʊðeɪ,ðʊðeɪ,ðʊðe,ðʊðe
hʊm,hʊmeɪ,hʊmeɪ,hʊme,hʊme
hʊn,hʊneɪ,hʊneɪ,hʊne,hʊne
hʊŋ,hʊŋeɪ,hʊŋeɪ,hʊŋe,hʊŋe
hʊp,hʊpeɪ,hʊpeɪ,hʊpe,hʊpe
hʊt,hʊteɪ,hʊteɪ,hʊte,hʊte
hʊk,hʊkeɪ,hʊkeɪ,hʊke,hʊke
hʊb,hʊbeɪ,hʊbeɪ,hʊbe,hʊbe
hʊd,hʊdeɪ,hʊdeɪ,hʊde,hʊde
hʊg,hʊgeɪ,hʊgeɪ,hʊge,hʊge
hʊf,hʊfeɪ,hʊfeɪ,hʊfe,hʊfe
hʊs,hʊseɪ,hʊseɪ,hʊse,hʊse
hʊv,hʊveɪ,hʊveɪ,hʊve,hʊve
hʊz,hʊzeɪ,hʊzeɪ,hʊze,hʊze
hʊʃ,hʊʃeɪ,hʊʃeɪ,hʊʃe,hʊʃe
hʊʒ,hʊʒeɪ,hʊʒeɪ,hʊʒe,hʊʒe
hʊθ,hʊθeɪ,hʊθeɪ,hʊθe,hʊθe
hʊð,hʊðeɪ,hʊðeɪ,hʊðe,hʊðe
mʊm,mʊmu,mʊmi,mʊmu,mʊmi
mʊn,mʊnu,mʊni,mʊnu,mʊni
mʊŋ,mʊŋu,mʊŋi,mʊŋu,mʊŋi
mʊp,mʊpu,mʊpi,mʊpu,mʊpi
mʊt,mʊtu,mʊti,mʊtu,mʊti
mʊk,mʊku,mʊki,mʊku,mʊki
mʊb,mʊbu,mʊbi,mʊbu,mʊbi
mʊd,mʊdu,mʊdi,mʊdu,mʊdi
mʊg,mʊgu,mʊgi,mʊgu,mʊgi
mʊf,mʊfu,mʊfi,mʊfu,mʊfi
mʊs,mʊsu,mʊsi,mʊsu,mʊsi
mʊv,mʊvu,mʊvi,mʊvu,mʊvi
mʊz,mʊzu,mʊzi,mʊzu,mʊzi
mʊʃ,mʊʃu,mʊʃi,mʊʃu,mʊʃi
mʊʒ,mʊʒu,mʊʒi,mʊʒu,mʊʒi
mʊθ,mʊθu,mʊθi,mʊθu,mʊθi
mʊð,mʊðu,mʊði,mʊðu,mʊði
nʊm,nʊmu,nʊmi,nʊmu,nʊmi
nʊn,nʊnu,nʊni,nʊnu,nʊni
nʊŋ,nʊŋu,nʊŋi,nʊŋu,nʊŋi
nʊp,nʊpu,nʊpi,nʊpu,nʊpi
nʊt,nʊtu,nʊti,nʊtu,nʊti
nʊk,nʊku,nʊki,nʊku,nʊki
nʊb,nʊbu,nʊbi,nʊbu,nʊbi
nʊd,nʊdu,nʊdi,nʊdu,nʊdi
nʊg,nʊgu,nʊgi,nʊgu,nʊgi
nʊf,nʊfu,nʊfi,nʊfu,nʊfi
nʊs,nʊsu,nʊsi,nʊsu,nʊsi
nʊv,nʊvu,nʊvi,nʊvu,nʊvi
nʊz,nʊzu,nʊzi,nʊzu,nʊzi
nʊʃ,nʊʃu,nʊʃi,nʊʃu,nʊʃi
nʊʒ,nʊʒu,nʊʒi,nʊʒu,nʊʒi
nʊθ,nʊθu,nʊθi,nʊθu,nʊθi
nʊð,nʊðu,nʊði,nʊðu,nʊði
pʊm,pʊmu,pʊmi,pʊmu,pʊmi
pʊn,pʊnu,pʊni,pʊnu,pʊni
pʊŋ,pʊŋu,pʊŋi,pʊŋu,pʊŋi
pʊp,pʊpu,pʊpi,pʊpu,pʊpi
pʊt,pʊtu,pʊti,pʊtu,pʊti
pʊk,pʊku,pʊki,pʊku,pʊki
pʊb,pʊbu,pʊbi,pʊbu,pʊbi
pʊd,pʊdu,pʊdi,pʊdu,pʊdi
pʊg,pʊgu,pʊgi,pʊgu,pʊgi
pʊf,pʊfu,pʊfi,pʊfu,pʊfi
pʊs,pʊsu,pʊsi,pʊsu,pʊsi
pʊv,pʊvu,pʊvi,pʊvu,pʊvi
pʊz,pʊzu,pʊzi,pʊzu,pʊzi
pʊʃ,pʊʃu,pʊʃi,pʊʃu,pʊʃi
pʊʒ,pʊʒu,pʊʒi,pʊʒu,pʊʒi
pʊθ,pʊθu,pʊθi,pʊθu,pʊθi
pʊð,pʊðu,pʊði,pʊðu,pʊði
tʊm,tʊmu,tʊmi,tʊmu,tʊmi
tʊn,tʊnu,tʊni,tʊnu,tʊni
tʊŋ,tʊŋu,tʊŋi,tʊŋu,tʊŋi
tʊp,tʊpu,tʊpi,tʊpu,tʊpi
tʊt,tʊtu,tʊti,tʊtu,tʊti
tʊk,tʊku,tʊki,tʊku,tʊki
tʊb,tʊbu,tʊbi,tʊbu,tʊbi
tʊd,tʊdu,tʊdi,tʊdu,tʊdi
tʊg,tʊgu,tʊgi,tʊgu,tʊgi
tʊf,tʊfu,tʊfi,tʊfu,tʊfi
tʊs,tʊsu,tʊsi,tʊsu,tʊsi
tʊv,tʊvu,tʊvi,tʊvu,tʊvi
tʊz,tʊzu,tʊzi,tʊzu,tʊzi
tʊʃ,tʊʃu,tʊʃi,tʊʃu,tʊʃi
tʊʒ,tʊʒu,tʊʒi,tʊʒu,tʊʒi
tʊθ,tʊθu,tʊθi,tʊθu,tʊθi
tʊð,tʊðu,tʊði,tʊðu,tʊði
kʊm,kʊmu,kʊmi,kʊmu,kʊmi
kʊn,kʊnu,kʊni,kʊnu,kʊni
kʊŋ,kʊŋu,kʊŋi,kʊŋu,kʊŋi
kʊp,kʊpu,kʊpi,kʊpu,kʊpi
kʊt,kʊtu,kʊti,kʊtu,kʊti
kʊk,kʊku,kʊki,kʊku,kʊki
kʊb,kʊbu,kʊbi,kʊbu,kʊbi
kʊd,kʊdu,kʊdi,kʊdu,kʊdi
kʊg,kʊgu,kʊgi,kʊgu,kʊgi
kʊf,kʊfu,kʊfi,kʊfu,kʊfi
kʊs,kʊsu,kʊsi,kʊsu,kʊsi
kʊv,kʊvu,kʊvi,kʊvu,kʊvi
kʊz,kʊzu,kʊzi,kʊzu,kʊzi
kʊʃ,kʊʃu,kʊʃi,kʊʃu,kʊʃi
kʊʒ,kʊʒu,kʊʒi,kʊʒu,kʊʒi
kʊθ,kʊθu,kʊθi,kʊθu,kʊθi
kʊð,kʊðu,kʊði,kʊðu,kʊði
bʊm,bʊmu,bʊmi,bʊmu,bʊmi
bʊn,bʊnu,bʊni,bʊnu,bʊni
bʊŋ,bʊŋu,bʊŋi,bʊŋu,bʊŋi
bʊp,bʊpu,bʊpi,bʊpu,bʊpi
bʊt,bʊtu,bʊti,bʊtu,bʊti
bʊk,bʊku,bʊki,bʊku,bʊki
bʊb,bʊbu,bʊbi,bʊbu,bʊbi
bʊd,bʊdu,bʊdi,bʊdu,bʊdi
bʊg,bʊgu,bʊgi,bʊgu,bʊgi
bʊf,bʊfu,bʊfi,bʊfu,bʊfi
bʊs,bʊsu,bʊsi,bʊsu,bʊsi
bʊv,bʊvu,bʊvi,bʊvu,bʊvi
bʊz,bʊzu,bʊzi,bʊzu,bʊzi
bʊʃ,bʊʃu,bʊʃi,bʊʃu,bʊʃi
bʊʒ,bʊʒu,bʊʒi,bʊʒu,bʊʒi
bʊθ,bʊθu,bʊθi,bʊθu,bʊθi
bʊð,bʊðu,bʊði,bʊðu,bʊði
dʊm,dʊmu,dʊmi,dʊmu,dʊmi
dʊn,dʊnu,dʊni,dʊnu,dʊni
dʊŋ,dʊŋu,dʊŋi,dʊŋu,dʊŋi
dʊp,dʊpu,dʊpi,dʊpu,dʊpi
dʊt,dʊtu,dʊti,dʊtu,dʊti
dʊk,dʊku,dʊki,dʊku,dʊki
dʊb,dʊbu,dʊbi,dʊbu,dʊbi
dʊd,dʊdu,dʊdi,dʊdu,dʊdi
dʊg,dʊgu,dʊgi,dʊgu,dʊgi
dʊf,dʊfu,dʊfi,dʊfu,dʊfi
dʊs,dʊsu,dʊsi,dʊsu,dʊsi
dʊv,dʊvu,dʊvi,dʊvu,dʊvi
dʊz,dʊzu,dʊzi,dʊzu,dʊzi
dʊʃ,dʊʃu,dʊʃi,dʊʃu,dʊʃi
dʊʒ,dʊʒu,dʊʒi,dʊʒu,dʊʒi
dʊθ,dʊθu,dʊθi,dʊθu,dʊθi
dʊð,dʊðu,dʊði,dʊðu,dʊði
gʊm,gʊmu,gʊmi,gʊmu,gʊmi
gʊn,gʊnu,gʊni,gʊnu,gʊni
gʊŋ,gʊŋu,gʊŋi,gʊŋu,gʊŋi
gʊp,gʊpu,gʊpi,gʊpu,gʊpi
gʊt,gʊtu,gʊti,gʊtu,gʊti
gʊk,gʊku,gʊki,gʊku,gʊki
gʊb,gʊbu,gʊbi,gʊbu,gʊbi
gʊd,gʊdu,gʊdi,gʊdu,gʊdi
gʊg,gʊgu,gʊgi,gʊgu,gʊgi
gʊf,gʊfu,gʊfi,gʊfu,gʊfi
gʊs,gʊsu,gʊsi,gʊsu,gʊsi
gʊv,gʊvu,gʊvi,gʊvu,gʊvi
gʊz,gʊzu,gʊzi,gʊzu,gʊzi
gʊʃ,gʊʃu,gʊʃi,gʊʃu,gʊʃi
gʊʒ,gʊʒu,gʊʒi,gʊʒu,gʊʒi
gʊθ,gʊθu,gʊθi,gʊθu,gʊθi
gʊð,gʊðu,gʊði,gʊðu,gʊði
fʊm,fʊmu,fʊmi,fʊmu,fʊmi
fʊn,fʊnu,fʊni,fʊnu,fʊni
fʊŋ,fʊŋu,fʊŋi,fʊŋu,fʊŋi
fʊp,fʊpu,fʊpi,fʊpu,fʊpi
fʊt,fʊtu,fʊti,fʊtu,fʊti
fʊk,fʊku,fʊki,fʊku,fʊki
fʊb,fʊbu,fʊbi,fʊbu,fʊbi
fʊd,fʊdu,fʊdi,fʊdu,fʊdi
fʊg,fʊgu,fʊgi,fʊgu,fʊgi
fʊf,fʊfu,fʊfi,fʊfu,fʊfi
fʊs,fʊsu,fʊsi,fʊsu,fʊsi
fʊv,fʊvu,fʊvi,fʊvu,fʊvi
fʊz,fʊzu,fʊzi,fʊzu,fʊzi
fʊʃ,fʊʃu,fʊʃi,fʊʃu,fʊʃi
fʊʒ,fʊʒu,fʊʒi,fʊʒu,fʊʒi
fʊθ,fʊθu,fʊθi,fʊθu,fʊθi
fʊð,fʊðu,fʊði,fʊðu,fʊði
sʊm,sʊmu,sʊmi,sʊmu,sʊmi
sʊn,sʊnu,sʊni,sʊnu,sʊni
sʊŋ,sʊŋu,sʊŋi,sʊŋu,sʊŋi
sʊp,sʊpu,sʊpi,sʊpu,sʊpi
sʊt,sʊtu,sʊti,sʊtu,sʊti
sʊk,sʊku,sʊki,sʊku,sʊki
sʊb,sʊbu,sʊbi,sʊbu,sʊbi
sʊd,sʊdu,sʊdi,sʊdu,sʊdi
sʊg,sʊgu,sʊgi,sʊgu,sʊgi
sʊf,sʊfu,sʊfi,sʊfu,sʊfi
sʊs,sʊsu,sʊsi,sʊsu,sʊsi
sʊv,sʊvu,sʊvi,sʊvu,sʊvi
sʊz,sʊzu,sʊzi,sʊzu,sʊzi
sʊʃ,sʊʃu,sʊʃi,sʊʃu,sʊʃi
sʊʒ,sʊʒu,sʊʒi,sʊʒu,sʊʒi
sʊθ,sʊθu,sʊθi,sʊθu,sʊθi
sʊð,sʊðu,sʊði,sʊðu,sʊði
vʊm,vʊmu,vʊmi,vʊmu,vʊmi
vʊn,vʊnu,vʊni,vʊnu,vʊni
vʊŋ,vʊŋu,vʊŋi,vʊŋu,vʊŋi
vʊp,vʊpu,vʊpi,vʊpu,vʊpi
vʊt,vʊtu,vʊti,vʊtu,vʊti
vʊk,vʊku,vʊki,vʊku,vʊki
vʊb,vʊbu,vʊbi,vʊbu,vʊbi
vʊd,vʊdu,vʊdi,vʊdu,vʊdi
vʊg,vʊgu,vʊgi,vʊgu,vʊgi
vʊf,vʊfu,vʊfi,vʊfu,vʊfi
vʊs,vʊsu,vʊsi,vʊsu,vʊsi
vʊv,vʊvu,vʊvi,vʊvu,vʊvi
vʊz,vʊzu,vʊzi,vʊzu,vʊzi
vʊʃ,vʊʃu,vʊʃi,vʊʃu,vʊʃi
vʊʒ,vʊʒu,vʊʒi,vʊʒu,vʊʒi
vʊθ,vʊθu,vʊθi,vʊθu,vʊθi
vʊð,vʊðu,vʊði,vʊðu,vʊði
zʊm,zʊmu,zʊmi,zʊmu,zʊmi
zʊn,zʊnu,zʊni,zʊnu,zʊni
zʊŋ,zʊŋu,zʊŋi,zʊŋu,zʊŋi
zʊp,zʊpu,zʊpi,zʊpu,zʊpi
zʊt,zʊtu,zʊti,zʊtu,zʊti
zʊk,zʊku,zʊki,zʊku,zʊki
zʊb,zʊbu,zʊbi,zʊbu,zʊbi
zʊd,zʊdu,zʊdi,zʊdu,zʊdi
zʊg,zʊgu,zʊgi,zʊgu,zʊgi
zʊf,zʊfu,zʊfi,zʊfu,zʊfi
zʊs,zʊsu,zʊsi,zʊsu,zʊsi
zʊv,zʊvu,zʊvi,zʊvu,zʊvi
zʊz,zʊzu,zʊzi,zʊzu,zʊzi
zʊʃ,zʊʃu,zʊʃi,zʊʃu,zʊʃi
zʊʒ,zʊʒu,zʊʒi,zʊʒu,zʊʒi
zʊθ,zʊθu,zʊθi,zʊθu,zʊθi
zʊð,zʊðu,zʊði,zʊðu,zʊði
ʃʊm,ʃʊmu,ʃʊmi,ʃʊmu,ʃʊmi
ʃʊn,ʃʊnu,ʃʊni,ʃʊnu,ʃʊni
ʃʊŋ,ʃʊŋu,ʃʊŋi,ʃʊŋu,ʃʊŋi
ʃʊp,ʃʊpu,ʃʊpi,ʃʊpu,ʃʊpi
ʃʊt,ʃʊtu,ʃʊti,ʃʊtu,ʃʊti
ʃʊk,ʃʊku,ʃʊki,ʃʊku,ʃʊki
ʃʊb,ʃʊbu,ʃʊbi,ʃʊbu,ʃʊbi
ʃʊd,ʃʊdu,ʃʊdi,ʃʊdu,ʃʊdi
ʃʊg,ʃʊgu,ʃʊgi,ʃʊgu,ʃʊgi
ʃʊf,ʃʊfu,ʃʊfi,ʃʊfu,ʃʊfi
ʃʊs,ʃʊsu,ʃʊsi,ʃʊsu,ʃʊsi
ʃʊv,ʃʊvu,ʃʊvi,ʃʊvu,ʃʊvi
ʃʊz,ʃʊzu,ʃʊzi,ʃʊzu,ʃʊzi
ʃʊʃ,ʃʊʃu,ʃʊʃi,ʃʊʃu,ʃʊʃi
ʃʊʒ,ʃʊʒu,ʃʊʒi,ʃʊʒu,ʃʊʒi
ʃʊθ,ʃʊθu,ʃʊθi,ʃʊθu,ʃʊθi
ʃʊð,ʃʊðu,ʃʊði,ʃʊðu,ʃʊði
ʒʊm,ʒʊmu,ʒʊmi,ʒʊmu,ʒʊmi
ʒʊn,ʒʊnu,ʒʊni,ʒʊnu,ʒʊni
ʒʊŋ,ʒʊŋu,ʒʊŋi,ʒʊŋu,ʒʊŋi
ʒʊp,ʒʊpu,ʒʊpi,ʒʊpu,ʒʊpi
ʒʊt,ʒʊtu,ʒʊti,ʒʊtu,ʒʊti
ʒʊk,ʒʊku,ʒʊki,ʒʊku,ʒʊki
ʒʊb,ʒʊbu,ʒʊbi,ʒʊbu,ʒʊbi
ʒʊd,ʒʊdu,ʒʊdi,ʒʊdu,ʒʊdi
ʒʊg,ʒʊgu,ʒʊgi,ʒʊgu,ʒʊgi
ʒʊf,ʒʊfu,ʒʊfi,ʒʊfu,ʒʊfi
ʒʊs,ʒʊsu,ʒʊsi,ʒʊsu,ʒʊsi
ʒʊv,ʒʊvu,ʒʊvi,ʒʊvu,ʒʊvi
ʒʊz,ʒʊzu,ʒʊzi,ʒʊzu,ʒʊzi
ʒʊʃ,ʒʊʃu,ʒʊʃi,ʒʊʃu,ʒʊʃi
ʒʊʒ,ʒʊʒu,ʒʊʒi,ʒʊʒu,ʒʊʒi
ʒʊθ,ʒʊθu,ʒʊθi,ʒʊθu,ʒʊθi
ʒʊð,ʒʊðu,ʒʊði,ʒʊðu,ʒʊði
θʊm,θʊmu,θʊmi,θʊmu,θʊmi
θʊn,θʊnu,θʊni,θʊnu,θʊni
θʊŋ,θʊŋu,θʊŋi,θʊŋu,θʊŋi
θʊp,θʊpu,θʊpi,θʊpu,θʊpi
θʊt,θʊtu,θʊti,θʊtu,θʊti
θʊk,θʊku,θʊki,θʊku,θʊki
θʊb,θʊbu,θʊbi,θʊbu,θʊbi
θʊd,θʊdu,θʊdi,θʊdu,θʊdi
θʊg,θʊgu,θʊgi,θʊgu,θʊgi
θʊf,θʊfu,θʊfi,θʊfu,θʊfi
θʊs,θʊsu,θʊsi,θʊsu,θʊsi
θʊv,θʊvu,θʊvi,θʊvu,θʊvi
θʊz,θʊzu,θʊzi,θʊzu,θʊzi
θʊʃ,θʊʃu,θʊʃi,θʊʃu,θʊʃi
θʊʒ,θʊʒu,θʊʒi,θʊʒu,θʊʒi
θʊθ,θʊθu,θʊθi,θʊθu,θʊθi
θʊð,θʊðu,θʊði,θʊðu,θʊði
ðʊm,ðʊmu,ðʊmi,ðʊmu,ðʊmi
ðʊn,ðʊnu,ðʊni,ðʊnu,ðʊni
ðʊŋ,ðʊŋu,ðʊŋi,ðʊŋu,ðʊŋi
ðʊp,ðʊpu,ðʊpi,ðʊpu,ðʊpi
ðʊt,ðʊtu,ðʊti,ðʊtu,ðʊti
ðʊk,ðʊku,ðʊki,ðʊku,ðʊki
ðʊb,ðʊbu,ðʊbi,ðʊbu,ðʊbi
ðʊd,ðʊdu,ðʊdi,ðʊdu,ðʊdi
ðʊg,ðʊgu,ðʊgi,ðʊgu,ðʊgi
ðʊf,ðʊfu,ðʊfi,ðʊfu,ðʊfi
ðʊs,ðʊsu,ðʊsi,ðʊsu,ðʊsi
ðʊv,ðʊvu,ðʊvi,ðʊvu,ðʊvi
ðʊz,ðʊzu,ðʊzi,ðʊzu,ðʊzi
ðʊʃ,ðʊʃu,ðʊʃi,ðʊʃu,ðʊʃi
ðʊʒ,ðʊʒu,ðʊʒi,ðʊʒu,ðʊʒi
ðʊθ,ðʊθu,ðʊθi,ðʊθu,ðʊθi
ðʊð,ðʊðu,ðʊði,ðʊðu,ðʊði
hʊm,hʊmu,hʊmi,hʊmu,hʊmi
hʊn,hʊnu,hʊni,hʊnu,hʊni
hʊŋ,hʊŋu,hʊŋi,hʊŋu,hʊŋi
hʊp,hʊpu,hʊpi,hʊpu,hʊpi
hʊt,hʊtu,hʊti,hʊtu,hʊti
hʊk,hʊku,hʊki,hʊku,hʊki
hʊb,hʊbu,hʊbi,hʊbu,hʊbi
hʊd,hʊdu,hʊdi,hʊdu,hʊdi
hʊg,hʊgu,hʊgi,hʊgu,hʊgi
hʊf,hʊfu,hʊfi,hʊfu,hʊfi
hʊs,hʊsu,hʊsi,hʊsu,hʊsi
hʊv,hʊvu,hʊvi,hʊvu,hʊvi
hʊz,hʊzu,hʊzi,hʊzu,hʊzi
hʊʃ,hʊʃu,hʊʃi,hʊʃu,hʊʃi
hʊʒ,hʊʒu,hʊʒi,hʊʒu,hʊʒi
hʊθ,hʊθu,hʊθi,hʊθu,hʊθi
hʊð,hʊðu,hʊði,hʊðu,hʊði
mʊm,mʊmoʊ,mʊmeɪ,mʊmo,mʊme
mʊn,mʊnoʊ,mʊneɪ,mʊno,mʊne
mʊŋ,mʊŋoʊ,mʊŋeɪ,mʊŋo,mʊŋe
mʊp,mʊpoʊ,mʊpeɪ,mʊpo,mʊpe
mʊt,mʊtoʊ,mʊteɪ,mʊto,mʊte
mʊk,mʊkoʊ,mʊkeɪ,mʊko,mʊke
mʊb,mʊboʊ,mʊbeɪ,mʊbo,mʊbe
mʊd,mʊdoʊ,mʊdeɪ,mʊdo,mʊde
mʊg,mʊgoʊ,mʊgeɪ,mʊgo,mʊge
mʊf,mʊfoʊ,mʊfeɪ,mʊfo,mʊfe
mʊs,mʊsoʊ,mʊseɪ,mʊso,mʊse
mʊv,mʊvoʊ,mʊveɪ,mʊvo,mʊve
mʊz,mʊzoʊ,mʊzeɪ,mʊzo,mʊze
mʊʃ,mʊʃoʊ,mʊʃeɪ,mʊʃo,mʊʃe
mʊʒ,mʊʒoʊ,mʊʒeɪ,mʊʒo,mʊʒe
mʊθ,mʊθoʊ,mʊθeɪ,mʊθo,mʊθe
mʊð,mʊðoʊ,mʊðeɪ,mʊðo,mʊðe
nʊm,nʊmoʊ,nʊmeɪ,nʊmo,nʊme
nʊn,nʊnoʊ,nʊneɪ,nʊno,nʊne
nʊŋ,nʊŋoʊ,nʊŋeɪ,nʊŋo,nʊŋe
nʊp,nʊpoʊ,nʊpeɪ,nʊpo,nʊpe
nʊt,nʊtoʊ,nʊteɪ,nʊto,nʊte
nʊk,nʊkoʊ,nʊkeɪ,nʊko,nʊke
nʊb,nʊboʊ,nʊbeɪ,nʊbo,nʊbe
nʊd,nʊdoʊ,nʊdeɪ,nʊdo,nʊde
nʊg,nʊgoʊ,nʊgeɪ,nʊgo,nʊge
nʊf,nʊfoʊ,nʊfeɪ,nʊfo,nʊfe
nʊs,nʊsoʊ,nʊseɪ,nʊso,nʊse
nʊv,nʊvoʊ,nʊveɪ,nʊvo,nʊve
nʊz,nʊzoʊ,nʊzeɪ,nʊzo,nʊze
nʊʃ,nʊʃoʊ,nʊʃeɪ,nʊʃo,nʊʃe
nʊʒ,nʊʒoʊ,nʊʒeɪ,nʊʒo,nʊʒe
nʊθ,nʊθoʊ,nʊθeɪ,nʊθo,nʊθe
nʊð,nʊðoʊ,nʊðeɪ,nʊðo,nʊðe
pʊm,pʊmoʊ,pʊmeɪ,pʊmo,pʊme
pʊn,pʊnoʊ,pʊneɪ,pʊno,pʊne
pʊŋ,pʊŋoʊ,pʊŋeɪ,pʊŋo,pʊŋe
pʊp,pʊpoʊ,pʊpeɪ,pʊpo,pʊpe
pʊt,pʊtoʊ,pʊteɪ,pʊto,pʊte
pʊk,pʊkoʊ,pʊkeɪ,pʊko,pʊke
pʊb,pʊboʊ,pʊbeɪ,pʊbo,pʊbe
pʊd,pʊdoʊ,pʊdeɪ,pʊdo,pʊde
pʊg,pʊgoʊ,pʊgeɪ,pʊgo,pʊge
pʊf,pʊfoʊ,pʊfeɪ,pʊfo,pʊfe
pʊs,pʊsoʊ,pʊseɪ,pʊso,pʊse
pʊv,pʊvoʊ,pʊveɪ,pʊvo,pʊve
pʊz,pʊzoʊ,pʊzeɪ,pʊzo,pʊze
pʊʃ,pʊʃoʊ,pʊʃeɪ,pʊʃo,pʊʃe
pʊʒ,pʊʒoʊ,pʊʒeɪ,pʊʒo,pʊʒe
pʊθ,pʊθoʊ,pʊθeɪ,pʊθo,pʊθe
pʊð,pʊðoʊ,pʊðeɪ,pʊðo,pʊðe
tʊm,tʊmoʊ,tʊmeɪ,tʊmo,tʊme
tʊn,tʊnoʊ,tʊneɪ,tʊno,tʊne
tʊŋ,tʊŋoʊ,tʊŋeɪ,tʊŋo,tʊŋe
tʊp,tʊpoʊ,tʊpeɪ,tʊpo,tʊpe
tʊt,tʊtoʊ,tʊteɪ,tʊto,tʊte
tʊk,tʊkoʊ,tʊkeɪ,tʊko,tʊke
tʊb,tʊboʊ,tʊbeɪ,tʊbo,tʊbe
tʊd,tʊdoʊ,tʊdeɪ,tʊdo,tʊde
tʊg,tʊgoʊ,tʊgeɪ,tʊgo,tʊge
tʊf,tʊfoʊ,tʊfeɪ,tʊfo,tʊfe
tʊs,tʊsoʊ,tʊseɪ,tʊso,tʊse
tʊv,tʊvoʊ,tʊveɪ,tʊvo,tʊve
tʊz,tʊzoʊ,tʊzeɪ,tʊzo,tʊze
tʊʃ,tʊʃoʊ,tʊʃeɪ,tʊʃo,tʊʃe
tʊʒ,tʊʒoʊ,tʊʒeɪ,tʊʒo,tʊʒe
tʊθ,tʊθoʊ,tʊθeɪ,tʊθo,tʊθe
tʊð,tʊðoʊ,tʊðeɪ,tʊðo,tʊðe
kʊm,kʊmoʊ,kʊmeɪ,kʊmo,kʊme
kʊn,kʊnoʊ,kʊneɪ,kʊno,kʊne
kʊŋ,kʊŋoʊ,kʊŋeɪ,kʊŋo,kʊŋe
kʊp,kʊpoʊ,kʊpeɪ,kʊpo,kʊpe
kʊt,kʊtoʊ,kʊteɪ,kʊto,kʊte
kʊk,kʊkoʊ,kʊkeɪ,kʊko,kʊke
kʊb,kʊboʊ,kʊbeɪ,kʊbo,kʊbe
kʊd,kʊdoʊ,kʊdeɪ,kʊdo,kʊde
kʊg,kʊgoʊ,kʊgeɪ,kʊgo,kʊge
kʊf,kʊfoʊ,kʊfeɪ,kʊfo,kʊfe
kʊs,kʊsoʊ,kʊseɪ,kʊso,kʊse
kʊv,kʊvoʊ,kʊveɪ,kʊvo,kʊve
kʊz,kʊzoʊ,kʊzeɪ,kʊzo,kʊze
kʊʃ,kʊʃoʊ,kʊʃeɪ,kʊʃo,kʊʃe
kʊʒ,kʊʒoʊ,kʊʒeɪ,kʊʒo,kʊʒe
kʊθ,kʊθoʊ,kʊθeɪ,kʊθo,kʊθe
kʊð,kʊðoʊ,kʊðeɪ,kʊðo,kʊðe
bʊm,bʊmoʊ,bʊmeɪ,bʊmo,bʊme
bʊn,bʊnoʊ,bʊneɪ,bʊno,bʊne
bʊŋ,bʊŋoʊ,bʊŋeɪ,bʊŋo,bʊŋe
bʊp,bʊpoʊ,bʊpeɪ,bʊpo,bʊpe
bʊt,bʊtoʊ,bʊteɪ,bʊto,bʊte
bʊk,bʊkoʊ,bʊkeɪ,bʊko,bʊke
bʊb,bʊboʊ,bʊbeɪ,bʊbo,bʊbe
bʊd,bʊdoʊ,bʊdeɪ,bʊdo,bʊde
bʊg,bʊgoʊ,bʊgeɪ,bʊgo,bʊge
bʊf,bʊfoʊ,bʊfeɪ,bʊfo,bʊfe
bʊs,bʊsoʊ,bʊseɪ,bʊso,bʊse
bʊv,bʊvoʊ,bʊveɪ,bʊvo,bʊve
bʊz,bʊzoʊ,bʊzeɪ,bʊzo,bʊze
bʊʃ,bʊʃoʊ,bʊʃeɪ,bʊʃo,bʊʃe
bʊʒ,bʊʒoʊ,bʊʒeɪ,bʊʒo,bʊʒe
bʊθ,bʊθoʊ,bʊθeɪ,bʊθo,bʊθe
bʊð,bʊðoʊ,bʊðeɪ,bʊðo,bʊðe
dʊm,dʊmoʊ,dʊmeɪ,dʊmo,dʊme
dʊn,dʊnoʊ,dʊneɪ,dʊno,dʊne
dʊŋ,dʊŋoʊ,dʊŋeɪ,dʊŋo,dʊŋe
dʊp,dʊpoʊ,dʊpeɪ,dʊpo,dʊpe
dʊt,dʊtoʊ,dʊteɪ,dʊto,dʊte
dʊk,dʊkoʊ,dʊkeɪ,dʊko,dʊke
dʊb,dʊboʊ,dʊbeɪ,dʊbo,dʊbe
dʊd,dʊdoʊ,dʊdeɪ,dʊdo,dʊde
dʊg,dʊgoʊ,dʊgeɪ,dʊgo,dʊge
dʊf,dʊfoʊ,dʊfeɪ,dʊfo,dʊfe
dʊs,dʊsoʊ,dʊseɪ,dʊso,dʊse
dʊv,dʊvoʊ,dʊveɪ,dʊvo,dʊve
dʊz,dʊzoʊ,dʊzeɪ,dʊzo,dʊze
dʊʃ,dʊʃoʊ,dʊʃeɪ,dʊʃo,dʊʃe
dʊʒ,dʊʒoʊ,dʊʒeɪ,dʊʒo,dʊʒe
dʊθ,dʊθoʊ,dʊθeɪ,dʊθo,dʊθe
dʊð,dʊðoʊ,dʊðeɪ,dʊðo,dʊðe
gʊm,gʊmoʊ,gʊmeɪ,gʊmo,gʊme
gʊn,gʊnoʊ,gʊneɪ,gʊno,gʊne
gʊŋ,gʊŋoʊ,gʊŋeɪ,gʊŋo,gʊŋe
gʊp,gʊpoʊ,gʊpeɪ,gʊpo,gʊpe
gʊt,gʊtoʊ,gʊteɪ,gʊto,gʊte
gʊk,gʊkoʊ,gʊkeɪ,gʊko,gʊke
gʊb,gʊboʊ,gʊbeɪ,gʊbo,gʊbe
gʊd,gʊdoʊ,gʊdeɪ,gʊdo,gʊde
gʊg,gʊgoʊ,gʊgeɪ,gʊgo,gʊge
gʊf,gʊfoʊ,gʊfeɪ,gʊfo,gʊfe
gʊs,gʊsoʊ,gʊseɪ,gʊso,gʊse
gʊv,gʊvoʊ,gʊveɪ,gʊvo,gʊve
gʊz,gʊzoʊ,gʊzeɪ,gʊzo,gʊze
gʊʃ,gʊʃoʊ,gʊʃeɪ,gʊʃo,gʊʃe
gʊʒ,gʊʒoʊ,gʊʒeɪ,gʊʒo,gʊʒe
gʊθ,gʊθoʊ,gʊθeɪ,gʊθo,gʊθe
gʊð,gʊðoʊ,gʊðeɪ,gʊðo,gʊðe
fʊm,fʊmoʊ,fʊmeɪ,fʊmo,fʊme
fʊn,fʊnoʊ,fʊneɪ,fʊno,fʊne
fʊŋ,fʊŋoʊ,fʊŋeɪ,fʊŋo,fʊŋe
fʊp,fʊpoʊ,fʊpeɪ,fʊpo,fʊpe
fʊt,fʊtoʊ,fʊteɪ,fʊto,fʊte
fʊk,fʊkoʊ,fʊkeɪ,fʊko,fʊke
fʊb,fʊboʊ,fʊbeɪ,fʊbo,fʊbe
fʊd,fʊdoʊ,fʊdeɪ,fʊdo,fʊde
fʊg,fʊgoʊ,fʊgeɪ,fʊgo,fʊge
fʊf,fʊfoʊ,fʊfeɪ,fʊfo,fʊfe
fʊs,fʊsoʊ,fʊseɪ,fʊso,fʊse
fʊv,fʊvoʊ,fʊveɪ,fʊvo,fʊve
fʊz,fʊzoʊ,fʊzeɪ,fʊzo,fʊze
fʊʃ,fʊʃoʊ,fʊʃeɪ,fʊʃo,fʊʃe
fʊʒ,fʊʒoʊ,fʊʒeɪ,fʊʒo,fʊʒe
fʊθ,fʊθoʊ,fʊθeɪ,fʊθo,fʊθe
fʊð,fʊðoʊ,fʊðeɪ,fʊðo,fʊðe
sʊm,sʊmoʊ,sʊmeɪ,sʊmo,sʊme
sʊn,sʊnoʊ,sʊneɪ,sʊno,sʊne
sʊŋ,sʊŋoʊ,sʊŋeɪ,sʊŋo,sʊŋe
sʊp,sʊpoʊ,sʊpeɪ,sʊpo,sʊpe
sʊt,sʊtoʊ,sʊteɪ,sʊto,sʊte
sʊk,sʊkoʊ,sʊkeɪ,sʊko,sʊke
sʊb,sʊboʊ,sʊbeɪ,sʊbo,sʊbe
sʊd,sʊdoʊ,sʊdeɪ,sʊdo,sʊde
sʊg,sʊgoʊ,sʊgeɪ,sʊgo,sʊge
sʊf,sʊfoʊ,sʊfeɪ,sʊfo,sʊfe
sʊs,sʊsoʊ,sʊseɪ,sʊso,sʊse
sʊv,sʊvoʊ,sʊveɪ,sʊvo,sʊve
sʊz,sʊzoʊ,sʊzeɪ,sʊzo,sʊze
sʊʃ,sʊʃoʊ,sʊʃeɪ,sʊʃo,sʊʃe
sʊʒ,sʊʒoʊ,sʊʒeɪ,sʊʒo,sʊʒe
sʊθ,sʊθoʊ,sʊθeɪ,sʊθo,sʊθe
sʊð,sʊðoʊ,sʊðeɪ,sʊðo,sʊðe
vʊm,vʊmoʊ,vʊmeɪ,vʊmo,vʊme
vʊn,vʊnoʊ,vʊneɪ,vʊno,vʊne
vʊŋ,vʊŋoʊ,vʊŋeɪ,vʊŋo,vʊŋe
vʊp,vʊpoʊ,vʊpeɪ,vʊpo,vʊpe
vʊt,vʊtoʊ,vʊteɪ,vʊto,vʊte
vʊk,vʊkoʊ,vʊkeɪ,vʊko,vʊke
vʊb,vʊboʊ,vʊbeɪ,vʊbo,vʊbe
vʊd,vʊdoʊ,vʊdeɪ,vʊdo,vʊde
vʊg,vʊgoʊ,vʊgeɪ,vʊgo,vʊge
vʊf,vʊfoʊ,vʊfeɪ,vʊfo,vʊfe
vʊs,vʊsoʊ,vʊseɪ,vʊso,vʊse
vʊv,vʊvoʊ,vʊveɪ,vʊvo,vʊve
vʊz,vʊzoʊ,vʊzeɪ,vʊzo,vʊze
vʊʃ,vʊʃoʊ,vʊʃeɪ,vʊʃo,vʊʃe
vʊʒ,vʊʒoʊ,vʊʒeɪ,vʊʒo,vʊʒe
vʊθ,vʊθoʊ,vʊθeɪ,vʊθo,vʊθe
vʊð,vʊðoʊ,vʊðeɪ,vʊðo,vʊðe
zʊm,zʊmoʊ,zʊmeɪ,zʊmo,zʊme
zʊn,zʊnoʊ,zʊneɪ,zʊno,zʊne
zʊŋ,zʊŋoʊ,zʊŋeɪ,zʊŋo,zʊŋe
zʊp,zʊpoʊ,zʊpeɪ,zʊpo,zʊpe
zʊt,zʊtoʊ,zʊteɪ,zʊto,zʊte
zʊk,zʊkoʊ,zʊkeɪ,zʊko,zʊke
zʊb,zʊboʊ,zʊbeɪ,zʊbo,zʊbe
zʊd,zʊdoʊ,zʊdeɪ,zʊdo,zʊde
zʊg,zʊgoʊ,zʊgeɪ,zʊgo,zʊge
zʊf,zʊfoʊ,zʊfeɪ,zʊfo,zʊfe
zʊs,zʊsoʊ,zʊseɪ,zʊso,zʊse
zʊv,zʊvoʊ,zʊveɪ,zʊvo,zʊve
zʊz,zʊzoʊ,zʊzeɪ,zʊzo,zʊze
zʊʃ,zʊʃoʊ,zʊʃeɪ,zʊʃo,zʊʃe
zʊʒ,zʊʒoʊ,zʊʒeɪ,zʊʒo,zʊʒe
zʊθ,zʊθoʊ,zʊθeɪ,zʊθo,zʊθe
zʊð,zʊðoʊ,zʊðeɪ,zʊðo,zʊðe
ʃʊm,ʃʊmoʊ,ʃʊmeɪ,ʃʊmo,ʃʊme
ʃʊn,ʃʊnoʊ,ʃʊneɪ,ʃʊno,ʃʊne
ʃʊŋ,ʃʊŋoʊ,ʃʊŋeɪ,ʃʊŋo,ʃʊŋe
ʃʊp,ʃʊpoʊ,ʃʊpeɪ,ʃʊpo,ʃʊpe
ʃʊt,ʃʊtoʊ,ʃʊteɪ,ʃʊto,ʃʊte
ʃʊk,ʃʊkoʊ,ʃʊkeɪ,ʃʊko,ʃʊke
ʃʊb,ʃʊboʊ,ʃʊbeɪ,ʃʊbo,ʃʊbe
ʃʊd,ʃʊdoʊ,ʃʊdeɪ,ʃʊdo,ʃʊde
ʃʊg,ʃʊgoʊ,ʃʊgeɪ,ʃʊgo,ʃʊge
ʃʊf,ʃʊfoʊ,ʃʊfeɪ,ʃʊfo,ʃʊfe
ʃʊs,ʃʊsoʊ,ʃʊseɪ,ʃʊso,ʃʊse
ʃʊv,ʃʊvoʊ,ʃʊveɪ,ʃʊvo,ʃʊve
ʃʊz,ʃʊzoʊ,ʃʊzeɪ,ʃʊzo,ʃʊze
ʃʊʃ,ʃʊʃoʊ,ʃʊʃeɪ,ʃʊʃo,ʃʊʃe
ʃʊʒ,ʃʊʒoʊ,ʃʊʒeɪ,ʃʊʒo,ʃʊʒe
ʃʊθ,ʃʊθoʊ,ʃʊθeɪ,ʃʊθo,ʃʊθe
ʃʊð,ʃʊðoʊ,ʃʊðeɪ,ʃʊðo,ʃʊðe
ʒʊm,ʒʊmoʊ,ʒʊmeɪ,ʒʊmo,ʒʊme
ʒʊn,ʒʊnoʊ,ʒʊneɪ,ʒʊno,ʒʊne
ʒʊŋ,ʒʊŋoʊ,ʒʊŋeɪ,ʒʊŋo,ʒʊŋe
ʒʊp,ʒʊpoʊ,ʒʊpeɪ,ʒʊpo,ʒʊpe
ʒʊt,ʒʊtoʊ,ʒʊteɪ,ʒʊto,ʒʊte
ʒʊk,ʒʊkoʊ,ʒʊkeɪ,ʒʊko,ʒʊke
ʒʊb,ʒʊboʊ,ʒʊbeɪ,ʒʊbo,ʒʊbe
ʒʊd,ʒʊdoʊ,ʒʊdeɪ,ʒʊdo,ʒʊde
ʒʊg,ʒʊgoʊ,ʒʊgeɪ,ʒʊgo,ʒʊge
ʒʊf,ʒʊfoʊ,ʒʊfeɪ,ʒʊfo,ʒʊfe
ʒʊs,ʒʊsoʊ,ʒʊseɪ,ʒʊso,ʒʊse
ʒʊv,ʒʊvoʊ,ʒʊveɪ,ʒʊvo,ʒʊve
ʒʊz,ʒʊzoʊ,ʒʊzeɪ,ʒʊzo,ʒʊze
ʒʊʃ,ʒʊʃoʊ,ʒʊʃeɪ,ʒʊʃo,ʒʊʃe
ʒʊʒ,ʒʊʒoʊ,ʒʊʒeɪ,ʒʊʒo,ʒʊʒe
ʒʊθ,ʒʊθoʊ,ʒʊθeɪ,ʒʊθo,ʒʊθe
ʒʊð,ʒʊðoʊ,ʒʊðeɪ,ʒʊðo,ʒʊðe
θʊm,θʊmoʊ,θʊmeɪ,θʊmo,θʊme
θʊn,θʊnoʊ,θʊneɪ,θʊno,θʊne
θʊŋ,θʊŋoʊ,θʊŋeɪ,θʊŋo,θʊŋe
θʊp,θʊpoʊ,θʊpeɪ,θʊpo,θʊpe
θʊt,θʊtoʊ,θʊteɪ,θʊto,θʊte
θʊk,θʊkoʊ,θʊkeɪ,θʊko,θʊke
θʊb,θʊboʊ,θʊbeɪ,θʊbo,θʊbe
θʊd,θʊdoʊ,θʊdeɪ,θʊdo,θʊde
θʊg,θʊgoʊ,θʊgeɪ,θʊgo,θʊge
θʊf,θʊfoʊ,θʊfeɪ,θʊfo,θʊfe
θʊs,θʊsoʊ,θʊseɪ,θʊso,θʊse
θʊv,θʊvoʊ,θʊveɪ,θʊvo,θʊve
θʊz,θʊzoʊ,θʊzeɪ,θʊzo,θʊze
θʊʃ,θʊʃoʊ,θʊʃeɪ,θʊʃo,θʊʃe
θʊʒ,θʊʒoʊ,θʊʒeɪ,θʊʒo,θʊʒe
θʊθ,θʊθoʊ,θʊθeɪ,θʊθo,θʊθe
θʊð,θʊðoʊ,θʊðeɪ,θʊðo,θʊðe
ðʊm,ðʊmoʊ,ðʊmeɪ,ðʊmo,ðʊme
ðʊn,ðʊnoʊ,ðʊneɪ,ðʊno,ðʊne
ðʊŋ,ðʊŋoʊ,ðʊŋeɪ,ðʊŋo,ðʊŋe
ðʊp,ðʊpoʊ,ðʊpeɪ,ðʊpo,ðʊpe
ðʊt,ðʊtoʊ,ðʊteɪ,ðʊto,ðʊte
ðʊk,ðʊkoʊ,ðʊkeɪ,ðʊko,ðʊke
ðʊb,ðʊboʊ,ðʊbeɪ,ðʊbo,ðʊbe
ðʊd,ðʊdoʊ,ðʊdeɪ,ðʊdo,ðʊde
ðʊg,ðʊgoʊ,ðʊgeɪ,ðʊgo,ðʊge
ðʊf,ðʊfoʊ,ðʊfeɪ,ðʊfo,ðʊfe
ðʊs,ðʊsoʊ,ðʊseɪ,ðʊso,ðʊse
ðʊv,ðʊvoʊ,ðʊveɪ,ðʊvo,ðʊve
ðʊz,ðʊzoʊ,ðʊzeɪ,ðʊzo,ðʊze
ðʊʃ,ðʊʃoʊ,ðʊʃeɪ,ðʊʃo,ðʊʃe
ðʊʒ,ðʊʒoʊ,ðʊʒeɪ,ðʊʒo,ðʊʒe
ðʊθ,ðʊθoʊ,ðʊθeɪ,ðʊθo,ðʊθe
ðʊð,ðʊðoʊ,ðʊðeɪ,ðʊðo,ðʊðe
hʊm,hʊmoʊ,hʊmeɪ,hʊmo,hʊme
hʊn,hʊnoʊ,hʊneɪ,hʊno,hʊne
hʊŋ,hʊŋoʊ,hʊŋeɪ,hʊŋo,hʊŋe
hʊp,hʊpoʊ,hʊpeɪ,hʊpo,hʊpe
hʊt,hʊtoʊ,hʊteɪ,hʊto,hʊte
hʊk,hʊkoʊ,hʊkeɪ,hʊko,hʊke
hʊb,hʊboʊ,hʊbeɪ,hʊbo,hʊbe
hʊd,hʊdoʊ,hʊdeɪ,hʊdo,hʊde
hʊg,hʊgoʊ,hʊgeɪ,hʊgo,hʊge
hʊf,hʊfoʊ,hʊfeɪ,hʊfo,hʊfe
hʊs,hʊsoʊ,hʊseɪ,hʊso,hʊse
hʊv,hʊvoʊ,hʊveɪ,hʊvo,hʊve
hʊz,hʊzoʊ,hʊzeɪ,hʊzo,hʊze
hʊʃ,hʊʃoʊ,hʊʃeɪ,hʊʃo,hʊʃe
hʊʒ,hʊʒoʊ,hʊʒeɪ,hʊʒo,hʊʒe
hʊθ,hʊθoʊ,hʊθeɪ,hʊθo,hʊθe
hʊð,hʊðoʊ,hʊðeɪ,hʊðo,hʊðe
mɔm,mɔmi,mɔmi,mɔmi,mɔmi
mɔn,mɔni,mɔni,mɔni,mɔni
mɔŋ,mɔŋi,mɔŋi,mɔŋi,mɔŋi
mɔp,mɔpi,mɔpi,mɔpi,mɔpi
mɔt,mɔti,mɔti,mɔti,mɔti
mɔk,mɔki,mɔki,mɔki,mɔki
mɔb,mɔbi,mɔbi,mɔbi,mɔbi
mɔd,mɔdi,mɔdi,mɔdi,mɔdi
mɔg,mɔgi,mɔgi,mɔgi,mɔgi
mɔf,mɔfi,mɔfi,mɔfi,mɔfi
mɔs,mɔsi,mɔsi,mɔsi,mɔsi
mɔv,mɔvi,mɔvi,mɔvi,mɔvi
mɔz,mɔzi,mɔzi,mɔzi,mɔzi
mɔʃ,mɔʃi,mɔʃi,mɔʃi,mɔʃi
mɔʒ,mɔʒi,mɔʒi,mɔʒi,mɔʒi
mɔθ,mɔθi,mɔθi,mɔθi,mɔθi
mɔð,mɔði,mɔði,mɔði,mɔði
nɔm,nɔmi,nɔmi,nɔmi,nɔmi
nɔn,nɔni,nɔni,nɔni,nɔni
nɔŋ,nɔŋi,nɔŋi,nɔŋi,nɔŋi
nɔp,nɔpi,nɔpi,nɔpi,nɔpi
nɔt,nɔti,nɔti,nɔti,nɔti
nɔk,nɔki,nɔki,nɔki,nɔki
nɔb,nɔbi,nɔbi,nɔbi,nɔbi
nɔd,nɔdi,nɔdi,nɔdi,nɔdi
nɔg,nɔgi,nɔgi,nɔgi,nɔgi
nɔf,nɔfi,nɔfi,nɔfi,nɔfi
nɔs,nɔsi,nɔsi,nɔsi,nɔsi
nɔv,nɔvi,nɔvi,nɔvi,nɔvi
nɔz,nɔzi,nɔzi,nɔzi,nɔzi
nɔʃ,nɔʃi,nɔʃi,nɔʃi,nɔʃi
nɔʒ,nɔʒi,nɔʒi,nɔʒi,nɔʒi
nɔθ,nɔθi,nɔθi,nɔθi,nɔθi
nɔð,nɔði,nɔði,nɔði,nɔði
pɔm,pɔmi,pɔmi,pɔmi,pɔmi
pɔn,pɔni,pɔni,pɔni,pɔni
pɔŋ,pɔŋi,pɔŋi,pɔŋi,pɔŋi
pɔp,pɔpi,pɔpi,pɔpi,pɔpi
pɔt,pɔti,pɔti,pɔti,pɔti
pɔk,pɔki,pɔki,pɔki,pɔki
pɔb,pɔbi,pɔbi,pɔbi,pɔbi
pɔd,pɔdi,pɔdi,pɔdi,pɔdi
pɔg,pɔgi,pɔgi,pɔgi,pɔgi
pɔf,pɔfi,pɔfi,pɔfi,pɔfi
pɔs,pɔsi,pɔsi,pɔsi,pɔsi
pɔv,pɔvi,pɔvi,pɔvi,pɔvi
pɔz,pɔzi,pɔzi,pɔzi,pɔzi
pɔʃ,pɔʃi,pɔʃi,pɔʃi,pɔʃi
pɔʒ,pɔʒi,pɔʒi,pɔʒi,pɔʒi
pɔθ,pɔθi,pɔθi,pɔθi,pɔθi
pɔð,pɔði,pɔði,pɔði,pɔði
tɔm,tɔmi,tɔmi,tɔmi,tɔmi
tɔn,tɔni,tɔni,tɔni,tɔni
tɔŋ,tɔŋi,tɔŋi,tɔŋi,tɔŋi
tɔp,tɔpi,tɔpi,tɔpi,tɔpi
tɔt,tɔti,tɔti,tɔti,tɔti
tɔk,tɔki,tɔki,tɔki,tɔki
tɔb,tɔbi,tɔbi,tɔbi,tɔbi
tɔd,tɔdi,tɔdi,tɔdi,tɔdi
tɔg,tɔgi,tɔgi,tɔgi,tɔgi
tɔf,tɔfi,tɔfi,tɔfi,tɔfi
tɔs,tɔsi,tɔsi,tɔsi,tɔsi
tɔv,tɔvi,tɔvi,tɔvi,tɔvi
tɔz,tɔzi,tɔzi,tɔzi,tɔzi
tɔʃ,tɔʃi,tɔʃi,tɔʃi,tɔʃi
tɔʒ,tɔʒi,tɔʒi,tɔʒi,tɔʒi
tɔθ,tɔθi,tɔθi,tɔθi,tɔθi
tɔð,tɔði,tɔði,tɔði,tɔði
kɔm,kɔmi,kɔmi,kɔmi,kɔmi
kɔn,kɔni,kɔni,kɔni,kɔni
kɔŋ,kɔŋi,kɔŋi,kɔŋi,kɔŋi
kɔp,kɔpi,kɔpi,kɔpi,kɔpi
kɔt,kɔti,kɔti,kɔti,kɔti
kɔk,kɔki,kɔki,kɔki,kɔki
kɔb,kɔbi,kɔbi,kɔbi,kɔbi
kɔd,kɔdi,kɔdi,kɔdi,kɔdi
kɔg,kɔgi,kɔgi,kɔgi,kɔgi
kɔf,kɔfi,kɔfi,kɔfi,kɔfi
kɔs,kɔsi,kɔsi,kɔsi,kɔsi
kɔv,kɔvi,kɔvi,kɔvi,kɔvi
kɔz,kɔzi,kɔzi,kɔzi,kɔzi
kɔʃ,kɔʃi,kɔʃi,kɔʃi,kɔʃi
kɔʒ,kɔʒi,kɔʒi,kɔʒi,kɔʒi
kɔθ,kɔθi,kɔθi,kɔθi,kɔθi
kɔð,kɔði,kɔði,kɔði,kɔði
bɔm,bɔmi,bɔmi,bɔmi,bɔmi
bɔn,bɔni,bɔni,bɔni,bɔni
bɔŋ,bɔŋi,bɔŋi,bɔŋi,bɔŋi
bɔp,bɔpi,bɔpi,bɔpi,bɔpi
bɔt,bɔti,bɔti,bɔti,bɔti
bɔk,bɔki,bɔki,bɔki,bɔki
bɔb,bɔbi,bɔbi,bɔbi,bɔbi
bɔd,bɔdi,bɔdi,bɔdi,bɔdi
bɔg,bɔgi,bɔgi,bɔgi,bɔgi
bɔf,bɔfi,bɔfi,bɔfi,bɔfi
bɔs,bɔsi,bɔsi,bɔsi,bɔsi
bɔv,bɔvi,bɔvi,bɔvi,bɔvi
bɔz,bɔzi,bɔzi,bɔzi,bɔzi
bɔʃ,bɔʃi,bɔʃi,bɔʃi,bɔʃi
bɔʒ,bɔʒi,bɔʒi,bɔʒi,bɔʒi
bɔθ,bɔθi,bɔθi,bɔθi,bɔθi
bɔð,bɔði,bɔði,bɔði,bɔði
dɔm,dɔmi,dɔmi,dɔmi,dɔmi
dɔn,dɔni,dɔni,dɔni,dɔni
dɔŋ,dɔŋi,dɔŋi,dɔŋi,dɔŋi
dɔp,dɔpi,dɔpi,dɔpi,dɔpi
dɔt,dɔti,dɔti,dɔti,dɔti
dɔk,dɔki,dɔki,dɔki,dɔki
dɔb,dɔbi,dɔbi,dɔbi,dɔbi
dɔd,dɔdi,dɔdi,dɔdi,dɔdi
dɔg,dɔgi,dɔgi,dɔgi,dɔgi
dɔf,dɔfi,dɔfi,dɔfi,dɔfi
dɔs,dɔsi,dɔsi,dɔsi,dɔsi
dɔv,dɔvi,dɔvi,dɔvi,dɔvi
dɔz,dɔzi,dɔzi,dɔzi,dɔzi
dɔʃ,dɔʃi,dɔʃi,dɔʃi,dɔʃi
dɔʒ,dɔʒi,dɔʒi,dɔʒi,dɔʒi
dɔθ,dɔθi,dɔθi,dɔθi,dɔθi
dɔð,dɔði,dɔði,dɔði,dɔði
gɔm,gɔmi,gɔmi,gɔmi,gɔmi
gɔn,gɔni,gɔni,gɔni,gɔni
gɔŋ,gɔŋi,gɔŋi,gɔŋi,gɔŋi
gɔp,gɔpi,gɔpi,gɔpi,gɔpi
gɔt,gɔti,gɔti,gɔti,gɔti
gɔk,gɔki,gɔki,gɔki,gɔki
gɔb,gɔbi,gɔbi,gɔbi,gɔbi
gɔd,gɔdi,gɔdi,gɔdi,gɔdi
gɔg,gɔgi,gɔgi,gɔgi,gɔgi
gɔf,gɔfi,gɔfi,gɔfi,gɔfi
gɔs,gɔsi,gɔsi,gɔsi,gɔsi
gɔv,gɔvi,gɔvi,gɔvi,gɔvi
gɔz,gɔzi,gɔzi,gɔzi,gɔzi
gɔʃ,gɔʃi,gɔʃi,gɔʃi,gɔʃi
gɔʒ,gɔʒi,gɔʒi,gɔʒi,gɔʒi
gɔθ,gɔθi,gɔθi,gɔθi,gɔθi
gɔð,gɔði,gɔði,gɔði,gɔði
fɔm,fɔmi,fɔmi,fɔmi,fɔmi
fɔn,fɔni,fɔni,fɔni,fɔni
fɔŋ,fɔŋi,fɔŋi,fɔŋi,fɔŋi
fɔp,fɔpi,fɔpi,fɔpi,fɔpi
fɔt,fɔti,fɔti,fɔti,fɔti
fɔk,fɔki,fɔki,fɔki,fɔki
fɔb,fɔbi,fɔbi,fɔbi,fɔbi
fɔd,fɔdi,fɔdi,fɔdi,fɔdi
fɔg,fɔgi,fɔgi,fɔgi,fɔgi
fɔf,fɔfi,fɔfi,fɔfi,fɔfi
fɔs,fɔsi,fɔsi,fɔsi,fɔsi
fɔv,fɔvi,fɔvi,fɔvi,fɔvi
fɔz,fɔzi,fɔzi,fɔzi,fɔzi
fɔʃ,fɔʃi,fɔʃi,fɔʃi,fɔʃi
fɔʒ,fɔʒi,fɔʒi,fɔʒi,fɔʒi
fɔθ,fɔθi,fɔθi,fɔθi,fɔθi
fɔð,fɔði,fɔði,fɔði,fɔði
sɔm,sɔmi,sɔmi,sɔmi,sɔmi
sɔn,sɔni,sɔni,sɔni,sɔni
sɔŋ,sɔŋi,sɔŋi,sɔŋi,sɔŋi
sɔp,sɔpi,sɔpi,sɔpi,sɔpi
sɔt,sɔti,sɔti,sɔti,sɔti
sɔk,sɔki,sɔki,sɔki,sɔki
sɔb,sɔbi,sɔbi,sɔbi,sɔbi
sɔd,sɔdi,sɔdi,sɔdi,sɔdi
sɔg,sɔgi,sɔgi,sɔgi,sɔgi
sɔf,sɔfi,sɔfi,sɔfi,sɔfi
sɔs,sɔsi,sɔsi,sɔsi,sɔsi
sɔv,sɔvi,sɔvi,sɔvi,sɔvi
sɔz,sɔzi,sɔzi,sɔzi,sɔzi
sɔʃ,sɔʃi,sɔʃi,sɔʃi,sɔʃi
sɔʒ,sɔʒi,sɔʒi,sɔʒi,sɔʒi
sɔθ,sɔθi,sɔθi,sɔθi,sɔθi
sɔð,sɔði,sɔði,sɔði,sɔði
vɔm,vɔmi,vɔmi,vɔmi,vɔmi
vɔn,vɔni,vɔni,vɔni,vɔni
vɔŋ,vɔŋi,vɔŋi,vɔŋi,vɔŋi
vɔp,vɔpi,vɔpi,vɔpi,vɔpi
vɔt,vɔti,vɔti,vɔti,vɔti
vɔk,vɔki,vɔki,vɔki,vɔki
vɔb,vɔbi,vɔbi,vɔbi,vɔbi
vɔd,vɔdi,vɔdi,vɔdi,vɔdi
vɔg,vɔgi,vɔgi,vɔgi,vɔgi
vɔf,vɔfi,vɔfi,vɔfi,vɔfi
vɔs,vɔsi,vɔsi,vɔsi,vɔsi
vɔv,vɔvi,vɔvi,vɔvi,vɔvi
vɔz,vɔzi,vɔzi,vɔzi,vɔzi
vɔʃ,vɔʃi,vɔʃi,vɔʃi,vɔʃi
vɔʒ,vɔʒi,vɔʒi,vɔʒi,vɔʒi
vɔθ,vɔθi,vɔθi,vɔθi,vɔθi
vɔð,vɔði,vɔði,vɔði,vɔði
zɔm,zɔmi,zɔmi,zɔmi,zɔmi
zɔn,zɔni,zɔni,zɔni,zɔni
zɔŋ,zɔŋi,zɔŋi,zɔŋi,zɔŋi
zɔp,zɔpi,zɔpi,zɔpi,zɔpi
zɔt,zɔti,zɔti,zɔti,zɔti
zɔk,zɔki,zɔki,zɔki,zɔki
zɔb,zɔbi,zɔbi,zɔbi,zɔbi
zɔd,zɔdi,zɔdi,zɔdi,zɔdi
zɔg,zɔgi,zɔgi,zɔgi,zɔgi
zɔf,zɔfi,zɔfi,zɔfi,zɔfi
zɔs,zɔsi,zɔsi,zɔsi,zɔsi
zɔv,zɔvi,zɔvi,zɔvi,zɔvi
zɔz,zɔzi,zɔzi,zɔzi,zɔzi
zɔʃ,zɔʃi,zɔʃi,zɔʃi,zɔʃi
zɔʒ,zɔʒi,zɔʒi,zɔʒi,zɔʒi
zɔθ,zɔθi,zɔθi,zɔθi,zɔθi
zɔð,zɔði,zɔði,zɔði,zɔði
ʃɔm,ʃɔmi,ʃɔmi,ʃɔmi,ʃɔmi
ʃɔn,ʃɔni,ʃɔni,ʃɔni,ʃɔni
ʃɔŋ,ʃɔŋi,ʃɔŋi,ʃɔŋi,ʃɔŋi
ʃɔp,ʃɔpi,ʃɔpi,ʃɔpi,ʃɔpi
ʃɔt,ʃɔti,ʃɔti,ʃɔti,ʃɔti
ʃɔk,ʃɔki,ʃɔki,ʃɔki,ʃɔki
ʃɔb,ʃɔbi,ʃɔbi,ʃɔbi,ʃɔbi
ʃɔd,ʃɔdi,ʃɔdi,ʃɔdi,ʃɔdi
ʃɔg,ʃɔgi,ʃɔgi,ʃɔgi,ʃɔgi
ʃɔf,ʃɔfi,ʃɔfi,ʃɔfi,ʃɔfi
ʃɔs,ʃɔsi,ʃɔsi,ʃɔsi,ʃɔsi
ʃɔv,ʃɔvi,ʃɔvi,ʃɔvi,ʃɔvi
ʃɔz,ʃɔzi,ʃɔzi,ʃɔzi,ʃɔzi
ʃɔʃ,ʃɔʃi,ʃɔʃi,ʃɔʃi,ʃɔʃi
ʃɔʒ,ʃɔʒi,ʃɔʒi,ʃɔʒi,ʃɔʒi
ʃɔθ,ʃɔθi,ʃɔθi,ʃɔθi,ʃɔθi
ʃɔð,ʃɔði,ʃɔði,ʃɔði,ʃɔði
ʒɔm,ʒɔmi,ʒɔmi,ʒɔmi,ʒɔmi
ʒɔn,ʒɔni,ʒɔni,ʒɔni,ʒɔni
ʒɔŋ,ʒɔŋi,ʒɔŋi,ʒɔŋi,ʒɔŋi
ʒɔp,ʒɔpi,ʒɔpi,ʒɔpi,ʒɔpi
ʒɔt,ʒɔti,ʒɔti,ʒɔti,ʒɔti
ʒɔk,ʒɔki,ʒɔki,ʒɔki,ʒɔki
ʒɔb,ʒɔbi,ʒɔbi,ʒɔbi,ʒɔbi
ʒɔd,ʒɔdi,ʒɔdi,ʒɔdi,ʒɔdi
ʒɔg,ʒɔgi,ʒɔgi,ʒɔgi,ʒɔgi
ʒɔf,ʒɔfi,ʒɔfi,ʒɔfi,ʒɔfi
ʒɔs,ʒɔsi,ʒɔsi,ʒɔsi,ʒɔsi
ʒɔv,ʒɔvi,ʒɔvi,ʒɔvi,ʒɔvi
ʒɔz,ʒɔzi,ʒɔzi,ʒɔzi,ʒɔzi
ʒɔʃ,ʒɔʃi,ʒɔʃi,ʒɔʃi,ʒɔʃi
ʒɔʒ,ʒɔʒi,ʒɔʒi,ʒɔʒi,ʒɔʒi
ʒɔθ,ʒɔθi,ʒɔθi,ʒɔθi,ʒɔθi
ʒɔð,ʒɔði,ʒɔði,ʒɔði,ʒɔði
θɔm,θɔmi,θɔmi,θɔmi,θɔmi
θɔn,θɔni,θɔni,θɔni,θɔni
θɔŋ,θɔŋi,θɔŋi,θɔŋi,θɔŋi
θɔp,θɔpi,θɔpi,θɔpi,θɔpi
θɔt,θɔti,θɔti,θɔti,θɔti
θɔk,θɔki,θɔki,θɔki,θɔki
θɔb,θɔbi,θɔbi,θɔbi,θɔbi
θɔd,θɔdi,θɔdi,θɔdi,θɔdi
θɔg,θɔgi,θɔgi,θɔgi,θɔgi
θɔf,θɔfi,θɔfi,θɔfi,θɔfi
θɔs,θɔsi,θɔsi,θɔsi,θɔsi
θɔv,θɔvi,θɔvi,θɔvi,θɔvi
θɔz,θɔzi,θɔzi,θɔzi,θɔzi
θɔʃ,θɔʃi,θɔʃi,θɔʃi,θɔʃi
θɔʒ,θɔʒi,θɔʒi,θɔʒi,θɔʒi
θɔθ,θɔθi,θɔθi,θɔθi,θɔθi
θɔð,θɔði,θɔði,θɔði,θɔði
ðɔm,ðɔmi,ðɔmi,ðɔmi,ðɔmi
ðɔn,ðɔni,ðɔni,ðɔni,ðɔni
ðɔŋ,ðɔŋi,ðɔŋi,ðɔŋi,ðɔŋi
ðɔp,ðɔpi,ðɔpi,ðɔpi,ðɔpi
ðɔt,ðɔti,ðɔti,ðɔti,ðɔti
ðɔk,ðɔki,ðɔki,ðɔki,ðɔki
ðɔb,ðɔbi,ðɔbi,ðɔbi,ðɔbi
ðɔd,ðɔdi,ðɔdi,ðɔdi,ðɔdi
ðɔg,ðɔgi,ðɔgi,ðɔgi,ðɔgi
ðɔf,ðɔfi,ðɔfi,ðɔfi,ðɔfi
ðɔs,ðɔsi,ðɔsi,ðɔsi,ðɔsi
ðɔv,ðɔvi,ðɔvi,ðɔvi,ðɔvi
ðɔz,ðɔzi,ðɔzi,ðɔzi,ðɔzi
ðɔʃ,ðɔʃi,ðɔʃi,ðɔʃi,ðɔʃi
ðɔʒ,ðɔʒi,ðɔʒi,ðɔʒi,ðɔʒi
ðɔθ,ðɔθi,ðɔθi,ðɔθi,ðɔθi
ðɔð,ðɔði,ðɔði,ðɔði,ðɔði
hɔm,hɔmi,hɔmi,hɔmi,hɔmi
hɔn,hɔni,hɔni,hɔni,hɔni
hɔŋ,hɔŋi,hɔŋi,hɔŋi,hɔŋi
hɔp,hɔpi,hɔpi,hɔpi,hɔpi
hɔt,hɔti,hɔti,hɔti,hɔti
hɔk,hɔki,hɔki,hɔki,hɔki
hɔb,hɔbi,hɔbi,hɔbi,hɔbi
hɔd,hɔdi,hɔdi,hɔdi,hɔdi
hɔg,hɔgi,hɔgi,hɔgi,hɔgi
hɔf,hɔfi,hɔfi,hɔfi,hɔfi
hɔs,hɔsi,hɔsi,hɔsi,hɔsi
hɔv,hɔvi,hɔvi,hɔvi,hɔvi
hɔz,hɔzi,hɔzi,hɔzi,hɔzi
hɔʃ,hɔʃi,hɔʃi,hɔʃi,hɔʃi
hɔʒ,hɔʒi,hɔʒi,hɔʒi,hɔʒi
hɔθ,hɔθi,hɔθi,hɔθi,hɔθi
hɔð,hɔði,hɔði,hɔði,hɔði
mɔm,mɔmeɪ,mɔmeɪ,mɔme,mɔme
mɔn,mɔneɪ,mɔneɪ,mɔne,mɔne
mɔŋ,mɔŋeɪ,mɔŋeɪ,mɔŋe,mɔŋe
mɔp,mɔpeɪ,mɔpeɪ,mɔpe,mɔpe
mɔt,mɔteɪ,mɔteɪ,mɔte,mɔte
mɔk,mɔkeɪ,mɔkeɪ,mɔke,mɔke
mɔb,mɔbeɪ,mɔbeɪ,mɔbe,mɔbe
mɔd,mɔdeɪ,mɔdeɪ,mɔde,mɔde
mɔg,mɔgeɪ,mɔgeɪ,mɔge,mɔge
mɔf,mɔfeɪ,mɔfeɪ,mɔfe,mɔfe
mɔs,mɔseɪ,mɔseɪ,mɔse,mɔse
mɔv,mɔveɪ,mɔveɪ,mɔve,mɔve
mɔz,mɔzeɪ,mɔzeɪ,mɔze,mɔze
mɔʃ,mɔʃeɪ,mɔʃeɪ,mɔʃe,mɔʃe
mɔʒ,mɔʒeɪ,mɔʒeɪ,mɔʒe,mɔʒe
mɔθ,mɔθeɪ,mɔθeɪ,mɔθe,mɔθe
mɔð,mɔðeɪ,mɔðeɪ,mɔðe,mɔðe
nɔm,nɔmeɪ,nɔmeɪ,nɔme,nɔme
nɔn,nɔneɪ,nɔneɪ,nɔne,nɔne
nɔŋ,nɔŋeɪ,nɔŋeɪ,nɔŋe,nɔŋe
nɔp,nɔpeɪ,nɔpeɪ,nɔpe,nɔpe
nɔt,nɔteɪ,nɔteɪ,nɔte,nɔte
nɔk,nɔkeɪ,nɔkeɪ,nɔke,nɔke
nɔb,nɔbeɪ,nɔbeɪ,nɔbe,nɔbe
nɔd,nɔdeɪ,nɔdeɪ,nɔde,nɔde
nɔg,nɔgeɪ,nɔgeɪ,nɔge,nɔge
nɔf,nɔfeɪ,nɔfeɪ,nɔfe,nɔfe
nɔs,nɔseɪ,nɔseɪ,nɔse,nɔse
nɔv,nɔveɪ,nɔveɪ,nɔve,nɔve
nɔz,nɔzeɪ,nɔzeɪ,nɔze,nɔze
nɔʃ,nɔʃeɪ,nɔʃeɪ,nɔʃe,nɔʃe
nɔʒ,nɔʒeɪ,nɔʒeɪ,nɔʒe,nɔʒe
nɔθ,nɔθeɪ,nɔθeɪ,nɔθe,nɔθe
nɔð,nɔðeɪ,nɔðeɪ,nɔðe,nɔðe
pɔm,pɔmeɪ,pɔmeɪ,pɔme,pɔme
pɔn,pɔneɪ,pɔneɪ,pɔne,pɔne
pɔŋ,pɔŋeɪ,pɔŋeɪ,pɔŋe,pɔŋe
pɔp,pɔpeɪ,pɔpeɪ,pɔpe,pɔpe
pɔt,pɔteɪ,pɔteɪ,pɔte,pɔte
pɔk,pɔkeɪ,pɔkeɪ,pɔke,pɔke
pɔb,pɔbeɪ,pɔbeɪ,pɔbe,pɔbe
pɔd,pɔdeɪ,pɔdeɪ,pɔde,pɔde
pɔg,pɔgeɪ,pɔgeɪ,pɔge,pɔge
pɔf,pɔfeɪ,pɔfeɪ,pɔfe,pɔfe
pɔs,pɔseɪ,pɔseɪ,pɔse,pɔse
pɔv,pɔveɪ,pɔveɪ,pɔve,pɔve
pɔz,pɔzeɪ,pɔzeɪ,pɔze,pɔze
pɔʃ,pɔʃeɪ,pɔʃeɪ,pɔʃe,pɔʃe
pɔʒ,pɔʒeɪ,pɔʒeɪ,pɔʒe,pɔʒe
pɔθ,pɔθeɪ,pɔθeɪ,pɔθe,pɔθe
pɔð,pɔðeɪ,pɔðeɪ,pɔðe,pɔðe
tɔm,tɔmeɪ,tɔmeɪ,tɔme,tɔme
tɔn,tɔneɪ,tɔneɪ,tɔne,tɔne
tɔŋ,tɔŋeɪ,tɔŋeɪ,tɔŋe,tɔŋe
tɔp,tɔpeɪ,tɔpeɪ,tɔpe,tɔpe
tɔt,tɔteɪ,tɔteɪ,tɔte,tɔte
tɔk,tɔkeɪ,tɔkeɪ,tɔke,tɔke
tɔb,tɔbeɪ,tɔbeɪ,tɔbe,tɔbe
tɔd,tɔdeɪ,tɔdeɪ,tɔde,tɔde
tɔg,tɔgeɪ,tɔgeɪ,tɔge,tɔge
tɔf,tɔfeɪ,tɔfeɪ,tɔfe,tɔfe
tɔs,tɔseɪ,tɔseɪ,tɔse,tɔse
tɔv,tɔveɪ,tɔveɪ,tɔve,tɔve
tɔz,tɔzeɪ,tɔzeɪ,tɔze,tɔze
tɔʃ,tɔʃeɪ,tɔʃeɪ,tɔʃe,tɔʃe
tɔʒ,tɔʒeɪ,tɔʒeɪ,tɔʒe,tɔʒe
tɔθ,tɔθeɪ,tɔθeɪ,tɔθe,tɔθe
tɔð,tɔðeɪ,tɔðeɪ,tɔðe,tɔðe
kɔm,kɔmeɪ,kɔmeɪ,kɔme,kɔme
kɔn,kɔneɪ,kɔneɪ,kɔne,kɔne
kɔŋ,kɔŋeɪ,kɔŋeɪ,kɔŋe,kɔŋe
kɔp,kɔpeɪ,kɔpeɪ,kɔpe,kɔpe
kɔt,kɔteɪ,kɔteɪ,kɔte,kɔte
kɔk,kɔkeɪ,kɔkeɪ,kɔke,kɔke
kɔb,kɔbeɪ,kɔbeɪ,kɔbe,kɔbe
kɔd,kɔdeɪ,kɔdeɪ,kɔde,kɔde
kɔg,kɔgeɪ,kɔgeɪ,kɔge,kɔge
kɔf,kɔfeɪ,kɔfeɪ,kɔfe,kɔfe
kɔs,kɔseɪ,kɔseɪ,kɔse,kɔse
kɔv,kɔveɪ,kɔveɪ,kɔve,kɔve
kɔz,kɔzeɪ,kɔzeɪ,kɔze,kɔze
kɔʃ,kɔʃeɪ,kɔʃeɪ,kɔʃe,kɔʃe
kɔʒ,kɔʒeɪ,kɔʒeɪ,kɔʒe,kɔʒe
kɔθ,kɔθeɪ,kɔθeɪ,kɔθe,kɔθe
kɔð,kɔðeɪ,kɔðeɪ,kɔðe,kɔðe
bɔm,bɔmeɪ,bɔmeɪ,bɔme,bɔme
bɔn,bɔneɪ,bɔneɪ,bɔne,bɔne
bɔŋ,bɔŋeɪ,bɔŋeɪ,bɔŋe,bɔŋe
bɔp,bɔpeɪ,bɔpeɪ,bɔpe,bɔpe
bɔt,bɔteɪ,bɔteɪ,bɔte,bɔte
bɔk,bɔkeɪ,bɔkeɪ,bɔke,bɔke
bɔb,bɔbeɪ,bɔbeɪ,bɔbe,bɔbe
bɔd,bɔdeɪ,bɔdeɪ,bɔde,bɔde
bɔg,bɔgeɪ,bɔgeɪ,bɔge,bɔge
bɔf,bɔfeɪ,bɔfeɪ,bɔfe,bɔfe
bɔs,bɔseɪ,bɔseɪ,bɔse,bɔse
bɔv,bɔveɪ,bɔveɪ,bɔve,bɔve
bɔz,bɔzeɪ,bɔzeɪ,bɔze,bɔze
bɔʃ,bɔʃeɪ,bɔʃeɪ,bɔʃe,bɔʃe
bɔʒ,bɔʒeɪ,bɔʒeɪ,bɔʒe,bɔʒe
bɔθ,bɔθeɪ,bɔθeɪ,bɔθe,bɔθe
bɔð,bɔðeɪ,bɔðeɪ,bɔðe,bɔðe
dɔm,dɔmeɪ,dɔmeɪ,dɔme,dɔme
dɔn,dɔneɪ,dɔneɪ,dɔne,dɔne
dɔŋ,dɔŋeɪ,dɔŋeɪ,dɔŋe,dɔŋe
dɔp,dɔpeɪ,dɔpeɪ,dɔpe,dɔpe
dɔt,dɔteɪ,dɔteɪ,dɔte,dɔte
dɔk,dɔkeɪ,dɔkeɪ,dɔke,dɔke
dɔb,dɔbeɪ,dɔbeɪ,dɔbe,dɔbe
dɔd,dɔdeɪ,dɔdeɪ,dɔde,dɔde
dɔg,dɔgeɪ,dɔgeɪ,dɔge,dɔge
dɔf,dɔfeɪ,dɔfeɪ,dɔfe,dɔfe
dɔs,dɔseɪ,dɔseɪ,dɔse,dɔse
dɔv,dɔveɪ,dɔveɪ,dɔve,dɔve
dɔz,dɔzeɪ,dɔzeɪ,dɔze,dɔze
dɔʃ,dɔʃeɪ,dɔʃeɪ,dɔʃe,dɔʃe
dɔʒ,dɔʒeɪ,dɔʒeɪ,dɔʒe,dɔʒe
dɔθ,dɔθeɪ,dɔθeɪ,dɔθe,dɔθe
dɔð,dɔðeɪ,dɔðeɪ,dɔðe,dɔðe
gɔm,gɔmeɪ,gɔmeɪ,gɔme,gɔme
gɔn,gɔneɪ,gɔneɪ,gɔne,gɔne
gɔŋ,gɔŋeɪ,gɔŋeɪ,gɔŋe,gɔŋe
gɔp,gɔpeɪ,gɔpeɪ,gɔpe,gɔpe
gɔt,gɔteɪ,gɔteɪ,gɔte,gɔte
gɔk,gɔkeɪ,gɔkeɪ,gɔke,gɔke
gɔb,gɔbeɪ,gɔbeɪ,gɔbe,gɔbe
gɔd,gɔdeɪ,gɔdeɪ,gɔde,gɔde
gɔg,gɔgeɪ,gɔgeɪ,gɔge,gɔge
gɔf,gɔfeɪ,gɔfeɪ,gɔfe,gɔfe
gɔs,gɔseɪ,gɔseɪ,gɔse,gɔse
gɔv,gɔveɪ,gɔveɪ,gɔve,gɔve
gɔz,gɔzeɪ,gɔzeɪ,gɔze,gɔze
gɔʃ,gɔʃeɪ,gɔʃeɪ,gɔʃe,gɔʃe
gɔʒ,gɔʒeɪ,gɔʒeɪ,gɔʒe,gɔʒe
gɔθ,gɔθeɪ,gɔθeɪ,gɔθe,gɔθe
gɔð,gɔðeɪ,gɔðeɪ,gɔðe,gɔðe
fɔm,fɔmeɪ,fɔmeɪ,fɔme,fɔme
fɔn,fɔneɪ,fɔneɪ,fɔne,fɔne
fɔŋ,fɔŋeɪ,fɔŋeɪ,fɔŋe,fɔŋe
fɔp,fɔpeɪ,fɔpeɪ,fɔpe,fɔpe
fɔt,fɔteɪ,fɔteɪ,fɔte,fɔte
fɔk,fɔkeɪ,fɔkeɪ,fɔke,fɔke
fɔb,fɔbeɪ,fɔbeɪ,fɔbe,fɔbe
fɔd,fɔdeɪ,fɔdeɪ,fɔde,fɔde
fɔg,fɔgeɪ,fɔgeɪ,fɔge,fɔge
fɔf,fɔfeɪ,fɔfeɪ,fɔfe,fɔfe
fɔs,fɔseɪ,fɔseɪ,fɔse,fɔse
fɔv,fɔveɪ,fɔveɪ,fɔve,fɔve
fɔz,fɔzeɪ,fɔzeɪ,fɔze,fɔze
fɔʃ,fɔʃeɪ,fɔʃeɪ,fɔʃe,fɔʃe
fɔʒ,fɔʒeɪ,fɔʒeɪ,fɔʒe,fɔʒe
fɔθ,fɔθeɪ,fɔθeɪ,fɔθe,fɔθe
fɔð,fɔðeɪ,fɔðeɪ,fɔðe,fɔðe
sɔm,sɔmeɪ,sɔmeɪ,sɔme,sɔme
sɔn,sɔneɪ,sɔneɪ,sɔne,sɔne
sɔŋ,sɔŋeɪ,sɔŋeɪ,sɔŋe,sɔŋe
sɔp,sɔpeɪ,sɔpeɪ,sɔpe,sɔpe
sɔt,sɔteɪ,sɔteɪ,sɔte,sɔte
sɔk,sɔkeɪ,sɔkeɪ,sɔke,sɔke
sɔb,sɔbeɪ,sɔbeɪ,sɔbe,sɔbe
sɔd,sɔdeɪ,sɔdeɪ,sɔde,sɔde
sɔg,sɔgeɪ,sɔgeɪ,sɔge,sɔge
sɔf,sɔfeɪ,sɔfeɪ,sɔfe,sɔfe
sɔs,sɔseɪ,sɔseɪ,sɔse,sɔse
sɔv,sɔveɪ,sɔveɪ,sɔve,sɔve
sɔz,sɔzeɪ,sɔzeɪ,sɔze,sɔze
sɔʃ,sɔʃeɪ,sɔʃeɪ,sɔʃe,sɔʃe
sɔʒ,sɔʒeɪ,sɔʒeɪ,sɔʒe,sɔʒe
sɔθ,sɔθeɪ,sɔθeɪ,sɔθe,sɔθe
sɔð,sɔðeɪ,sɔðeɪ,sɔðe,sɔðe
vɔm,vɔmeɪ,vɔmeɪ,vɔme,vɔme
vɔn,vɔneɪ,vɔneɪ,vɔne,vɔne
vɔŋ,vɔŋeɪ,vɔŋeɪ,vɔŋe,vɔŋe
vɔp,vɔpeɪ,vɔpeɪ,vɔpe,vɔpe
vɔt,vɔteɪ,vɔteɪ,vɔte,vɔte
vɔk,vɔkeɪ,vɔkeɪ,vɔke,vɔke
vɔb,vɔbeɪ,vɔbeɪ,vɔbe,vɔbe
vɔd,vɔdeɪ,vɔdeɪ,vɔde,vɔde
vɔg,vɔgeɪ,vɔgeɪ,vɔge,vɔge
vɔf,vɔfeɪ,vɔfeɪ,vɔfe,vɔfe
vɔs,vɔseɪ,vɔseɪ,vɔse,vɔse
vɔv,vɔveɪ,vɔveɪ,vɔve,vɔve
vɔz,vɔzeɪ,vɔzeɪ,vɔze,vɔze
vɔʃ,vɔʃeɪ,vɔʃeɪ,vɔʃe,vɔʃe
vɔʒ,vɔʒeɪ,vɔʒeɪ,vɔʒe,vɔʒe
vɔθ,vɔθeɪ,vɔθeɪ,vɔθe,vɔθe
vɔð,vɔðeɪ,vɔðeɪ,vɔðe,vɔðe
zɔm,zɔmeɪ,zɔmeɪ,zɔme,zɔme
zɔn,zɔneɪ,zɔneɪ,zɔne,zɔne
zɔŋ,zɔŋeɪ,zɔŋeɪ,zɔŋe,zɔŋe
zɔp,zɔpeɪ,zɔpeɪ,zɔpe,zɔpe
zɔt,zɔteɪ,zɔteɪ,zɔte,zɔte
zɔk,zɔkeɪ,zɔkeɪ,zɔke,zɔke
zɔb,zɔbeɪ,zɔbeɪ,zɔbe,zɔbe
zɔd,zɔdeɪ,zɔdeɪ,zɔde,zɔde
zɔg,zɔgeɪ,zɔgeɪ,zɔge,zɔge
zɔf,zɔfeɪ,zɔfeɪ,zɔfe,zɔfe
zɔs,zɔseɪ,zɔseɪ,zɔse,zɔse
zɔv,zɔveɪ,zɔveɪ,zɔve,zɔve
zɔz,zɔzeɪ,zɔzeɪ,zɔze,zɔze
zɔʃ,zɔʃeɪ,zɔʃeɪ,zɔʃe,zɔʃe
zɔʒ,zɔʒeɪ,zɔʒeɪ,zɔʒe,zɔʒe
zɔθ,zɔθeɪ,zɔθeɪ,zɔθe,zɔθe
zɔð,zɔðeɪ,zɔðeɪ,zɔðe,zɔðe
ʃɔm,ʃɔmeɪ,ʃɔmeɪ,ʃɔme,ʃɔme
ʃɔn,ʃɔneɪ,ʃɔneɪ,ʃɔne,ʃɔne
ʃɔŋ,ʃɔŋeɪ,ʃɔŋeɪ,ʃɔŋe,ʃɔŋe
ʃɔp,ʃɔpeɪ,ʃɔpeɪ,ʃɔpe,ʃɔpe
ʃɔt,ʃɔteɪ,ʃɔteɪ,ʃɔte,ʃɔte
ʃɔk,ʃɔkeɪ,ʃɔkeɪ,ʃɔke,ʃɔke
ʃɔb,ʃɔbeɪ,ʃɔbeɪ,ʃɔbe,ʃɔbe
ʃɔd,ʃɔdeɪ,ʃɔdeɪ,ʃɔde,ʃɔde
ʃɔg,ʃɔgeɪ,ʃɔgeɪ,ʃɔge,ʃɔge
ʃɔf,ʃɔfeɪ,ʃɔfeɪ,ʃɔfe,ʃɔfe
ʃɔs,ʃɔseɪ,ʃɔseɪ,ʃɔse,ʃɔse
ʃɔv,ʃɔveɪ,ʃɔveɪ,ʃɔve,ʃɔve
ʃɔz,ʃɔzeɪ,ʃɔzeɪ,ʃɔze,ʃɔze
ʃɔʃ,ʃɔʃeɪ,ʃɔʃeɪ,ʃɔʃe,ʃɔʃe
ʃɔʒ,ʃɔʒeɪ,ʃɔʒeɪ,ʃɔʒe,ʃɔʒe
ʃɔθ,ʃɔθeɪ,ʃɔθeɪ,ʃɔθe,ʃɔθe
ʃɔð,ʃɔðeɪ,ʃɔðeɪ,ʃɔðe,ʃɔðe
ʒɔm,ʒɔmeɪ,ʒɔmeɪ,ʒɔme,ʒɔme
ʒɔn,ʒɔneɪ,ʒɔneɪ,ʒɔne,ʒɔne
ʒɔŋ,ʒɔŋeɪ,ʒɔŋeɪ,ʒɔŋe,ʒɔŋe
ʒɔp,ʒɔpeɪ,ʒɔpeɪ,ʒɔpe,ʒɔpe
ʒɔt,ʒɔteɪ,ʒɔteɪ,ʒɔte,ʒɔte
ʒɔk,ʒɔkeɪ,ʒɔkeɪ,ʒɔke,ʒɔke
ʒɔb,ʒɔbeɪ,ʒɔbeɪ,ʒɔbe,ʒɔbe
ʒɔd,ʒɔdeɪ,ʒɔdeɪ,ʒɔde,ʒɔde
ʒɔg,ʒɔgeɪ,ʒɔgeɪ,ʒɔge,ʒɔge
ʒɔf,ʒɔfeɪ,ʒɔfeɪ,ʒɔfe,ʒɔfe
ʒɔs,ʒɔseɪ,ʒɔseɪ,ʒɔse,ʒɔse
ʒɔv,ʒɔveɪ,ʒɔveɪ,ʒɔve,ʒɔve
ʒɔz,ʒɔzeɪ,ʒɔzeɪ,ʒɔze,ʒɔze
ʒɔʃ,ʒɔʃeɪ,ʒɔʃeɪ,ʒɔʃe,ʒɔʃe
ʒɔʒ,ʒɔʒeɪ,ʒɔʒeɪ,ʒɔʒe,ʒɔʒe
ʒɔθ,ʒɔθeɪ,ʒɔθeɪ,ʒɔθe,ʒɔθe
ʒɔð,ʒɔðeɪ,ʒɔðeɪ,ʒɔðe,ʒɔðe
θɔm,θɔmeɪ,θɔmeɪ,θɔme,θɔme
θɔn,θɔneɪ,θɔneɪ,θɔne,θɔne
θɔŋ,θɔŋeɪ,θɔŋeɪ,θɔŋe,θɔŋe
θɔp,θɔpeɪ,θɔpeɪ,θɔpe,θɔpe
θɔt,θɔteɪ,θɔteɪ,θɔte,θɔte
θɔk,θɔkeɪ,θɔkeɪ,θɔke,θɔke
θɔb,θɔbeɪ,θɔbeɪ,θɔbe,θɔbe
θɔd,θɔdeɪ,θɔdeɪ,θɔde,θɔde
θɔg,θɔgeɪ,θɔgeɪ,θɔge,θɔge
θɔf,θɔfeɪ,θɔfeɪ,θɔfe,θɔfe
θɔs,θɔseɪ,θɔseɪ,θɔse,θɔse
θɔv,θɔveɪ,θɔveɪ,θɔve,θɔve
θɔz,θɔzeɪ,θɔzeɪ,θɔze,θɔze
θɔʃ,θɔʃeɪ,θɔʃeɪ,θɔʃe,θɔʃe
θɔʒ,θɔʒeɪ,θɔʒeɪ,θɔʒe,θɔʒe
θɔθ,θɔθeɪ,θɔθeɪ,θɔθe,θɔθe
θɔð,θɔðeɪ,θɔðeɪ,θɔðe,θɔðe
ðɔm,ðɔmeɪ,ðɔmeɪ,ðɔme,ðɔme
ðɔn,ðɔneɪ,ðɔneɪ,ðɔne,ðɔne
ðɔŋ,ðɔŋeɪ,ðɔŋeɪ,ðɔŋe,ðɔŋe
ðɔp,ðɔpeɪ,ðɔpeɪ,ðɔpe,ðɔpe
ðɔt,ðɔteɪ,ðɔteɪ,ðɔte,ðɔte
ðɔk,ðɔkeɪ,ðɔkeɪ,ðɔke,ðɔke
ðɔb,ðɔbeɪ,ðɔbeɪ,ðɔbe,ðɔbe
ðɔd,ðɔdeɪ,ðɔdeɪ,ðɔde,ðɔde
ðɔg,ðɔgeɪ,ðɔgeɪ,ðɔge,ðɔge
ðɔf,ðɔfeɪ,ðɔfeɪ,ðɔfe,ðɔfe
ðɔs,ðɔseɪ,ðɔseɪ,ðɔse,ðɔse
ðɔv,ðɔveɪ,ðɔveɪ,ðɔve,ðɔve
ðɔz,ðɔzeɪ,ðɔzeɪ,ðɔze,ðɔze
ðɔʃ,ðɔʃeɪ,ðɔʃeɪ,ðɔʃe,ðɔʃe
ðɔʒ,ðɔʒeɪ,ðɔʒeɪ,ðɔʒe,ðɔʒe
ðɔθ,ðɔθeɪ,ðɔθeɪ,ðɔθe,ðɔθe
ðɔð,ðɔðeɪ,ðɔðeɪ,ðɔðe,ðɔðe
hɔm,hɔmeɪ,hɔmeɪ,hɔme,hɔme
hɔn,hɔneɪ,hɔneɪ,hɔne,hɔne
hɔŋ,hɔŋeɪ,hɔŋeɪ,hɔŋe,hɔŋe
hɔp,hɔpeɪ,hɔpeɪ,hɔpe,hɔpe
hɔt,hɔteɪ,hɔteɪ,hɔte,hɔte
hɔk,hɔkeɪ,hɔkeɪ,hɔke,hɔke
hɔb,hɔbeɪ,hɔbeɪ,hɔbe,hɔbe
hɔd,hɔdeɪ,hɔdeɪ,hɔde,hɔde
hɔg,hɔgeɪ,hɔgeɪ,hɔge,hɔge
hɔf,hɔfeɪ,hɔfeɪ,hɔfe,hɔfe
hɔs,hɔseɪ,hɔseɪ,hɔse,hɔse
hɔv,hɔveɪ,hɔveɪ,hɔve,hɔve
hɔz,hɔzeɪ,hɔzeɪ,hɔze,hɔze
hɔʃ,hɔʃeɪ,hɔʃeɪ,hɔʃe,hɔʃe
hɔʒ,hɔʒeɪ,hɔʒeɪ,hɔʒe,hɔʒe
hɔθ,hɔθeɪ,hɔθeɪ,hɔθe,hɔθe
hɔð,hɔðeɪ,hɔðeɪ,hɔðe,hɔðe
mɔm,mɔmu,mɔmi,mɔmu,mɔmi
mɔn,mɔnu,mɔni,mɔnu,mɔni
mɔŋ,mɔŋu,mɔŋi,mɔŋu,mɔŋi
mɔp,mɔpu,mɔpi,mɔpu,mɔpi
mɔt,mɔtu,mɔti,mɔtu,mɔti
mɔk,mɔku,mɔki,mɔku,mɔki
mɔb,mɔbu,mɔbi,mɔbu,mɔbi
mɔd,mɔdu,mɔdi,mɔdu,mɔdi
mɔg,mɔgu,mɔgi,mɔgu,mɔgi
mɔf,mɔfu,mɔfi,mɔfu,mɔfi
mɔs,mɔsu,mɔsi,mɔsu,mɔsi
mɔv,mɔvu,mɔvi,mɔvu,mɔvi
mɔz,mɔzu,mɔzi,mɔzu,mɔzi
mɔʃ,mɔʃu,mɔʃi,mɔʃu,mɔʃi
mɔʒ,mɔʒu,mɔʒi,mɔʒu,mɔʒi
mɔθ,mɔθu,mɔθi,mɔθu,mɔθi
mɔð,mɔðu,mɔði,mɔðu,mɔði
nɔm,nɔmu,nɔmi,nɔmu,nɔmi
nɔn,nɔnu,nɔni,nɔnu,nɔni
nɔŋ,nɔŋu,nɔŋi,nɔŋu,nɔŋi
nɔp,nɔpu,nɔpi,nɔpu,nɔpi
nɔt,nɔtu,nɔti,nɔtu,nɔti
nɔk,nɔku,nɔki,nɔku,nɔki
nɔb,nɔbu,nɔbi,nɔbu,nɔbi
nɔd,nɔdu,nɔdi,nɔdu,nɔdi
nɔg,nɔgu,nɔgi,nɔgu,nɔgi
nɔf,nɔfu,nɔfi,nɔfu,nɔfi
nɔs,nɔsu,nɔsi,nɔsu,nɔsi
nɔv,nɔvu,nɔvi,nɔvu,nɔvi
nɔz,nɔzu,nɔzi,nɔzu,nɔzi
nɔʃ,nɔʃu,nɔʃi,nɔʃu,nɔʃi
nɔʒ,nɔʒu,nɔʒi,nɔʒu,nɔʒi
nɔθ,nɔθu,nɔθi,nɔθu,nɔθi
nɔð,nɔðu,nɔði,nɔðu,nɔði
pɔm,pɔmu,pɔmi,pɔmu,pɔmi
pɔn,pɔnu,pɔni,pɔnu,pɔni
pɔŋ,pɔŋu,pɔŋi,pɔŋu,pɔŋi
pɔp,pɔpu,pɔpi,pɔpu,pɔpi
pɔt,pɔtu,pɔti,pɔtu,pɔti
pɔk,pɔku,pɔki,pɔku,pɔki
pɔb,pɔbu,pɔbi,pɔbu,pɔbi
pɔd,pɔdu,pɔdi,pɔdu,pɔdi
pɔg,pɔgu,pɔgi,pɔgu,pɔgi
pɔf,pɔfu,pɔfi,pɔfu,pɔfi
pɔs,pɔsu,pɔsi,pɔsu,pɔsi
pɔv,pɔvu,pɔvi,pɔvu,pɔvi
pɔz,pɔzu,pɔzi,pɔzu,pɔzi
pɔʃ,pɔʃu,pɔʃi,pɔʃu,pɔʃi
pɔʒ,pɔʒu,pɔʒi,pɔʒu,pɔʒi
pɔθ,pɔθu,pɔθi,pɔθu,pɔθi
pɔð,pɔðu,pɔði,pɔðu,pɔði
tɔm,tɔmu,tɔmi,tɔmu,tɔmi
tɔn,tɔnu,tɔni,tɔnu,tɔni
tɔŋ,tɔŋu,tɔŋi,tɔŋu,tɔŋi
tɔp,tɔpu,tɔpi,tɔpu,tɔpi
tɔt,tɔtu,tɔti,tɔtu,tɔti
tɔk,tɔku,tɔki,tɔku,tɔki
tɔb,tɔbu,tɔbi,tɔbu,tɔbi
tɔd,tɔdu,tɔdi,tɔdu,tɔdi
tɔg,tɔgu,tɔgi,tɔgu,tɔgi
tɔf,tɔfu,tɔfi,tɔfu,tɔfi
tɔs,tɔsu,tɔsi,tɔsu,tɔsi
tɔv,tɔvu,tɔvi,tɔvu,tɔvi
tɔz,tɔzu,tɔzi,tɔzu,tɔzi
tɔʃ,tɔʃu,tɔʃi,tɔʃu,tɔʃi
tɔʒ,tɔʒu,tɔʒi,tɔʒu,tɔʒi
tɔθ,tɔθu,tɔθi,tɔθu,tɔθi
tɔð,tɔðu,tɔði,tɔðu,tɔði
kɔm,kɔmu,kɔmi,kɔmu,kɔmi
kɔn,kɔnu,kɔni,kɔnu,kɔni
kɔŋ,kɔŋu,kɔŋi,kɔŋu,kɔŋi
kɔp,kɔpu,kɔpi,kɔpu,kɔpi
kɔt,kɔtu,kɔti,kɔtu,kɔti
kɔk,kɔku,kɔki,kɔku,kɔki
kɔb,kɔbu,kɔbi,kɔbu,kɔbi
kɔd,kɔdu,kɔdi,kɔdu,kɔdi
kɔg,kɔgu,kɔgi,kɔgu,kɔgi
kɔf,kɔfu,kɔfi,kɔfu,kɔfi
kɔs,kɔsu,kɔsi,kɔsu,kɔsi
kɔv,kɔvu,kɔvi,kɔvu,kɔvi
kɔz,kɔzu,kɔzi,kɔzu,kɔzi
kɔʃ,kɔʃu,kɔʃi,kɔʃu,kɔʃi
kɔʒ,kɔʒu,kɔʒi,kɔʒu,kɔʒi
kɔθ,kɔθu,kɔθi,kɔθu,kɔθi
kɔð,kɔðu,kɔði,kɔðu,kɔði
bɔm,bɔmu,bɔmi,bɔmu,bɔmi
bɔn,bɔnu,bɔni,bɔnu,bɔni
bɔŋ,bɔŋu,bɔŋi,bɔŋu,bɔŋi
bɔp,bɔpu,bɔpi,bɔpu,bɔpi
bɔt,bɔtu,bɔti,bɔtu,bɔti
bɔk,bɔku,bɔki,bɔku,bɔki
bɔb,bɔbu,bɔbi,bɔbu,bɔbi
bɔd,bɔdu,bɔdi,bɔdu,bɔdi
bɔg,bɔgu,bɔgi,bɔgu,bɔgi
bɔf,bɔfu,bɔfi,bɔfu,bɔfi
bɔs,bɔsu,bɔsi,bɔsu,bɔsi
bɔv,bɔvu,bɔvi,bɔvu,bɔvi
bɔz,bɔzu,bɔzi,bɔzu,bɔzi
bɔʃ,bɔʃu,bɔʃi,bɔʃu,bɔʃi
bɔʒ,bɔʒu,bɔʒi,bɔʒu,bɔʒi
bɔθ,bɔθu,bɔθi,bɔθu,bɔθi
bɔð,bɔðu,bɔði,bɔðu,bɔði
dɔm,dɔmu,dɔmi,dɔmu,dɔmi
dɔn,dɔnu,dɔni,dɔnu,dɔni
dɔŋ,dɔŋu,dɔŋi,dɔŋu,dɔŋi
dɔp,dɔpu,dɔpi,dɔpu,dɔpi
dɔt,dɔtu,dɔti,dɔtu,dɔti
dɔk,dɔku,dɔki,dɔku,dɔki
dɔb,dɔbu,dɔbi,dɔbu,dɔbi
dɔd,dɔdu,dɔdi,dɔdu,dɔdi
dɔg,dɔgu,dɔgi,dɔgu,dɔgi
dɔf,dɔfu,dɔfi,dɔfu,dɔfi
dɔs,dɔsu,dɔsi,dɔsu,dɔsi
dɔv,dɔvu,dɔvi,dɔvu,dɔvi
dɔz,dɔzu,dɔzi,dɔzu,dɔzi
dɔʃ,dɔʃu,dɔʃi,dɔʃu,dɔʃi
dɔʒ,dɔʒu,dɔʒi,dɔʒu,dɔʒi
dɔθ,dɔθu,dɔθi,dɔθu,dɔθi
dɔð,dɔðu,dɔði,dɔðu,dɔði
gɔm,gɔmu,gɔmi,gɔmu,gɔmi
gɔn,gɔnu,gɔni,gɔnu,gɔni
gɔŋ,gɔŋu,gɔŋi,gɔŋu,gɔŋi
gɔp,gɔpu,gɔpi,gɔpu,gɔpi
gɔt,gɔtu,gɔti,gɔtu,gɔti
gɔk,gɔku,gɔki,gɔku,gɔki
gɔb,gɔbu,gɔbi,gɔbu,gɔbi
gɔd,gɔdu,gɔdi,gɔdu,gɔdi
gɔg,gɔgu,gɔgi,gɔgu,gɔgi
gɔf,gɔfu,gɔfi,gɔfu,gɔfi
gɔs,gɔsu,gɔsi,gɔsu,gɔsi
gɔv,gɔvu,gɔvi,gɔvu,gɔvi
gɔz,gɔzu,gɔzi,gɔzu,gɔzi
gɔʃ,gɔʃu,gɔʃi,gɔʃu,gɔʃi
gɔʒ,gɔʒu,gɔʒi,gɔʒu,gɔʒi
gɔθ,gɔθu,gɔθi,gɔθu,gɔθi
gɔð,gɔðu,gɔði,gɔðu,gɔði
fɔm,fɔmu,fɔmi,fɔmu,fɔmi
fɔn,fɔnu,fɔni,fɔnu,fɔni
fɔŋ,fɔŋu,fɔŋi,fɔŋu,fɔŋi
fɔp,fɔpu,fɔpi,fɔpu,fɔpi
fɔt,fɔtu,fɔti,fɔtu,fɔti
fɔk,fɔku,fɔki,fɔku,fɔki
fɔb,fɔbu,fɔbi,fɔbu,fɔbi
fɔd,fɔdu,fɔdi,fɔdu,fɔdi
fɔg,fɔgu,fɔgi,fɔgu,fɔgi
fɔf,fɔfu,fɔfi,fɔfu,fɔfi
fɔs,fɔsu,fɔsi,fɔsu,fɔsi
fɔv,fɔvu,fɔvi,fɔvu,fɔvi
fɔz,fɔzu,fɔzi,fɔzu,fɔzi
fɔʃ,fɔʃu,fɔʃi,fɔʃu,fɔʃi
fɔʒ,fɔʒu,fɔʒi,fɔʒu,fɔʒi
fɔθ,fɔθu,fɔθi,fɔθu,fɔθi
fɔð,fɔðu,fɔði,fɔðu,fɔði
sɔm,sɔmu,sɔmi,sɔmu,sɔmi
sɔn,sɔnu,sɔni,sɔnu,sɔni
sɔŋ,sɔŋu,sɔŋi,sɔŋu,sɔŋi
sɔp,sɔpu,sɔpi,sɔpu,sɔpi
sɔt,sɔtu,sɔti,sɔtu,sɔti
sɔk,sɔku,sɔki,sɔku,sɔki
sɔb,sɔbu,sɔbi,sɔbu,sɔbi
sɔd,sɔdu,sɔdi,sɔdu,sɔdi
sɔg,sɔgu,sɔgi,sɔgu,sɔgi
sɔf,sɔfu,sɔfi,sɔfu,sɔfi
sɔs,sɔsu,sɔsi,sɔsu,sɔsi
sɔv,sɔvu,sɔvi,sɔvu,sɔvi
sɔz,sɔzu,sɔzi,sɔzu,sɔzi
sɔʃ,sɔʃu,sɔʃi,sɔʃu,sɔʃi
sɔʒ,sɔʒu,sɔʒi,sɔʒu,sɔʒi
sɔθ,sɔθu,sɔθi,sɔθu,sɔθi
sɔð,sɔðu,sɔði,sɔðu,sɔði
vɔm,vɔmu,vɔmi,vɔmu,vɔmi
vɔn,vɔnu,vɔni,vɔnu,vɔni
vɔŋ,vɔŋu,vɔŋi,vɔŋu,vɔŋi
vɔp,vɔpu,vɔpi,vɔpu,vɔpi
vɔt,vɔtu,vɔti,vɔtu,vɔti
vɔk,vɔku,vɔki,vɔku,vɔki
vɔb,vɔbu,vɔbi,vɔbu,vɔbi
vɔd,vɔdu,vɔdi,vɔdu,vɔdi
vɔg,vɔgu,vɔgi,vɔgu,vɔgi
vɔf,vɔfu,vɔfi,vɔfu,vɔfi
vɔs,vɔsu,vɔsi,vɔsu,vɔsi
vɔv,vɔvu,vɔvi,vɔvu,vɔvi
vɔz,vɔzu,vɔzi,vɔzu,vɔzi
vɔʃ,vɔʃu,vɔʃi,vɔʃu,vɔʃi
vɔʒ,vɔʒu,vɔʒi,vɔʒu,vɔʒi
vɔθ,vɔθu,vɔθi,vɔθu,vɔθi
vɔð,vɔðu,vɔði,vɔðu,vɔði
zɔm,zɔmu,zɔmi,zɔmu,zɔmi
zɔn,zɔnu,zɔni,zɔnu,zɔni
zɔŋ,zɔŋu,zɔŋi,zɔŋu,zɔŋi
zɔp,zɔpu,zɔpi,zɔpu,zɔpi
zɔt,zɔtu,zɔti,zɔtu,zɔti
zɔk,zɔku,zɔki,zɔku,zɔki
zɔb,zɔbu,zɔbi,zɔbu,zɔbi
zɔd,zɔdu,zɔdi,zɔdu,zɔdi
zɔg,zɔgu,zɔgi,zɔgu,zɔgi
zɔf,zɔfu,zɔfi,zɔfu,zɔfi
zɔs,zɔsu,zɔsi,zɔsu,zɔsi
zɔv,zɔvu,zɔvi,zɔvu,zɔvi
zɔz,zɔzu,zɔzi,zɔzu,zɔzi
zɔʃ,zɔʃu,zɔʃi,zɔʃu,zɔʃi
zɔʒ,zɔʒu,zɔʒi,zɔʒu,zɔʒi
zɔθ,zɔθu,zɔθi,zɔθu,zɔθi
zɔð,zɔðu,zɔði,zɔðu,zɔði
ʃɔm,ʃɔmu,ʃɔmi,ʃɔmu,ʃɔmi
ʃɔn,ʃɔnu,ʃɔni,ʃɔnu,ʃɔni
ʃɔŋ,ʃɔŋu,ʃɔŋi,ʃɔŋu,ʃɔŋi
ʃɔp,ʃɔpu,ʃɔpi,ʃɔpu,ʃɔpi
ʃɔt,ʃɔtu,ʃɔti,ʃɔtu,ʃɔti
ʃɔk,ʃɔku,ʃɔki,ʃɔku,ʃɔki
ʃɔb,ʃɔbu,ʃɔbi,ʃɔbu,ʃɔbi
ʃɔd,ʃɔdu,ʃɔdi,ʃɔdu,ʃɔdi
ʃɔg,ʃɔgu,ʃɔgi,ʃɔgu,ʃɔgi
ʃɔf,ʃɔfu,ʃɔfi,ʃɔfu,ʃɔfi
ʃɔs,ʃɔsu,ʃɔsi,ʃɔsu,ʃɔsi
ʃɔv,ʃɔvu,ʃɔvi,ʃɔvu,ʃɔvi
ʃɔz,ʃɔzu,ʃɔzi,ʃɔzu,ʃɔzi
ʃɔʃ,ʃɔʃu,ʃɔʃi,ʃɔʃu,ʃɔʃi
ʃɔʒ,ʃɔʒu,ʃɔʒi,ʃɔʒu,ʃɔʒi
ʃɔθ,ʃɔθu,ʃɔθi,ʃɔθu,ʃɔθi
ʃɔð,ʃɔðu,ʃɔði,ʃɔðu,ʃɔði
ʒɔm,ʒɔmu,ʒɔmi,ʒɔmu,ʒɔmi
ʒɔn,ʒɔnu,ʒɔni,ʒɔnu,ʒɔni
ʒɔŋ,ʒɔŋu,ʒɔŋi,ʒɔŋu,ʒɔŋi
ʒɔp,ʒɔpu,ʒɔpi,ʒɔpu,ʒɔpi
ʒɔt,ʒɔtu,ʒɔti,ʒɔtu,ʒɔti
ʒɔk,ʒɔku,ʒɔki,ʒɔku,ʒɔki
ʒɔb,ʒɔbu,ʒɔbi,ʒɔbu,ʒɔbi
ʒɔd,ʒɔdu,ʒɔdi,ʒɔdu,ʒɔdi
ʒɔg,ʒɔgu,ʒɔgi,ʒɔgu,ʒɔgi
ʒɔf,ʒɔfu,ʒɔfi,ʒɔfu,ʒɔfi
ʒɔs,ʒɔsu,ʒɔsi,ʒɔsu,ʒɔsi
ʒɔv,ʒɔvu,ʒɔvi,ʒɔvu,ʒɔvi
ʒɔz,ʒɔzu,ʒɔzi,ʒɔzu,ʒɔzi
ʒɔʃ,ʒɔʃu,ʒɔʃi,ʒɔʃu,ʒɔʃi
ʒɔʒ,ʒɔʒu,ʒɔʒi,ʒɔʒu,ʒɔʒi
ʒɔθ,ʒɔθu,ʒɔθi,ʒɔθu,ʒɔθi
ʒɔð,ʒɔðu,ʒɔði,ʒɔðu,ʒɔði
θɔm,θɔmu,θɔmi,θɔmu,θɔmi
θɔn,θɔnu,θɔni,θɔnu,θɔni
θɔŋ,θɔŋu,θɔŋi,θɔŋu,θɔŋi
θɔp,θɔpu,θɔpi,θɔpu,θɔpi
θɔt,θɔtu,θɔti,θɔtu,θɔti
θɔk,θɔku,θɔki,θɔku,θɔki
θɔb,θɔbu,θɔbi,θɔbu,θɔbi
θɔd,θɔdu,θɔdi,θɔdu,θɔdi
θɔg,θɔgu,θɔgi,θɔgu,θɔgi
θɔf,θɔfu,θɔfi,θɔfu,θɔfi
θɔs,θɔsu,θɔsi,θɔsu,θɔsi
θɔv,θɔvu,θɔvi,θɔvu,θɔvi
θɔz,θɔzu,θɔzi,θɔzu,θɔzi
θɔʃ,θɔʃu,θɔʃi,θɔʃu,θɔʃi
θɔʒ,θɔʒu,θɔʒi,θɔʒu,θɔʒi
θɔθ,θɔθu,θɔθi,θɔθu,θɔθi
θɔð,θɔðu,θɔði,θɔðu,θɔði
ðɔm,ðɔmu,ðɔmi,ðɔmu,ðɔmi
ðɔn,ðɔnu,ðɔni,ðɔnu,ðɔni
ðɔŋ,ðɔŋu,ðɔŋi,ðɔŋu,ðɔŋi
ðɔp,ðɔpu,ðɔpi,ðɔpu,ðɔpi
ðɔt,ðɔtu,ðɔti,ðɔtu,ðɔti
ðɔk,ðɔku,ðɔki,ðɔku,ðɔki
ðɔb,ðɔbu,ðɔbi,ðɔbu,ðɔbi
ðɔd,ðɔdu,ðɔdi,ðɔdu,ðɔdi
ðɔg,ðɔgu,ðɔgi,ðɔgu,ðɔgi
ðɔf,ðɔfu,ðɔfi,ðɔfu,ðɔfi
ðɔs,ðɔsu,ðɔsi,ðɔsu,ðɔsi
ðɔv,ðɔvu,ðɔvi,ðɔvu,ðɔvi
ðɔz,ðɔzu,ðɔzi,ðɔzu,ðɔzi
ðɔʃ,ðɔʃu,ðɔʃi,ðɔʃu,ðɔʃi
ðɔʒ,ðɔʒu,ðɔʒi,ðɔʒu,ðɔʒi
ðɔθ,ðɔθu,ðɔθi,ðɔθu,ðɔθi
ðɔð,ðɔðu,ðɔði,ðɔðu,ðɔði
hɔm,hɔmu,hɔmi,hɔmu,hɔmi
hɔn,hɔnu,hɔni,hɔnu,hɔni
hɔŋ,hɔŋu,hɔŋi,hɔŋu,hɔŋi
hɔp,hɔpu,hɔpi,hɔpu,hɔpi
hɔt,hɔtu,hɔti,hɔtu,hɔti
hɔk,hɔku,hɔki,hɔku,hɔki
hɔb,hɔbu,hɔbi,hɔbu,hɔbi
hɔd,hɔdu,hɔdi,hɔdu,hɔdi
hɔg,hɔgu,hɔgi,hɔgu,hɔgi
hɔf,hɔfu,hɔfi,hɔfu,hɔfi
hɔs,hɔsu,hɔsi,hɔsu,hɔsi
hɔv,hɔvu,hɔvi,hɔvu,hɔvi
hɔz,hɔzu,hɔzi,hɔzu,hɔzi
hɔʃ,hɔʃu,hɔʃi,hɔʃu,hɔʃi
hɔʒ,hɔʒu,hɔʒi,hɔʒu,hɔʒi
hɔθ,hɔθu,hɔθi,hɔθu,hɔθi
hɔð,hɔðu,hɔði,hɔðu,hɔði
mɔm,mɔmoʊ,mɔmeɪ,mɔmo,mɔme
mɔn,mɔnoʊ,mɔneɪ,mɔno,mɔne
mɔŋ,mɔŋoʊ,mɔŋeɪ,mɔŋo,mɔŋe
mɔp,mɔpoʊ,mɔpeɪ,mɔpo,mɔpe
mɔt,mɔtoʊ,mɔteɪ,mɔto,mɔte
mɔk,mɔkoʊ,mɔkeɪ,mɔko,mɔke
mɔb,mɔboʊ,mɔbeɪ,mɔbo,mɔbe
mɔd,mɔdoʊ,mɔdeɪ,mɔdo,mɔde
mɔg,mɔgoʊ,mɔgeɪ,mɔgo,mɔge
mɔf,mɔfoʊ,mɔfeɪ,mɔfo,mɔfe
mɔs,mɔsoʊ,mɔseɪ,mɔso,mɔse
mɔv,mɔvoʊ,mɔveɪ,mɔvo,mɔve
mɔz,mɔzoʊ,mɔzeɪ,mɔzo,mɔze
mɔʃ,mɔʃoʊ,mɔʃeɪ,mɔʃo,mɔʃe
mɔʒ,mɔʒoʊ,mɔʒeɪ,mɔʒo,mɔʒe
mɔθ,mɔθoʊ,mɔθeɪ,mɔθo,mɔθe
mɔð,mɔðoʊ,mɔðeɪ,mɔðo,mɔðe
nɔm,nɔmoʊ,nɔmeɪ,nɔmo,nɔme
nɔn,nɔnoʊ,nɔneɪ,nɔno,nɔne
nɔŋ,nɔŋoʊ,nɔŋeɪ,nɔŋo,nɔŋe
nɔp,nɔpoʊ,nɔpeɪ,nɔpo,nɔpe
nɔt,nɔtoʊ,nɔteɪ,nɔto,nɔte
nɔk,nɔkoʊ,nɔkeɪ,nɔko,nɔke
nɔb,nɔboʊ,nɔbeɪ,nɔbo,nɔbe
nɔd,nɔdoʊ,nɔdeɪ,nɔdo,nɔde
nɔg,nɔgoʊ,nɔgeɪ,nɔgo,nɔge
nɔf,nɔfoʊ,nɔfeɪ,nɔfo,nɔfe
nɔs,nɔsoʊ,nɔseɪ,nɔso,nɔse
nɔv,nɔvoʊ,nɔveɪ,nɔvo,nɔve
nɔz,nɔzoʊ,nɔzeɪ,nɔzo,nɔze
nɔʃ,nɔʃoʊ,nɔʃeɪ,nɔʃo,nɔʃe
nɔʒ,nɔʒoʊ,nɔʒeɪ,nɔʒo,nɔʒe
nɔθ,nɔθoʊ,nɔθeɪ,nɔθo,nɔθe
nɔð,nɔðoʊ,nɔðeɪ,nɔðo,nɔðe
pɔm,pɔmoʊ,pɔmeɪ,pɔmo,pɔme
pɔn,pɔnoʊ,pɔneɪ,pɔno,pɔne
pɔŋ,pɔŋoʊ,pɔŋeɪ,pɔŋo,pɔŋe
pɔp,pɔpoʊ,pɔpeɪ,pɔpo,pɔpe
pɔt,pɔtoʊ,pɔteɪ,pɔto,pɔte
pɔk,pɔkoʊ,pɔkeɪ,pɔko,pɔke
pɔb,pɔboʊ,pɔbeɪ,pɔbo,pɔbe
pɔd,pɔdoʊ,pɔdeɪ,pɔdo,pɔde
pɔg,pɔgoʊ,pɔgeɪ,pɔgo,pɔge
pɔf,pɔfoʊ,pɔfeɪ,pɔfo,pɔfe
pɔs,pɔsoʊ,pɔseɪ,pɔso,pɔse
pɔv,pɔvoʊ,pɔveɪ,pɔvo,pɔve
pɔz,pɔzoʊ,pɔzeɪ,pɔzo,pɔze
pɔʃ,pɔʃoʊ,pɔʃeɪ,pɔʃo,pɔʃe
pɔʒ,pɔʒoʊ,pɔʒeɪ,pɔʒo,pɔʒe
pɔθ,pɔθoʊ,pɔθeɪ,pɔθo,pɔθe
pɔð,pɔðoʊ,pɔðeɪ,pɔðo,pɔðe
tɔm,tɔmoʊ,tɔmeɪ,tɔmo,tɔme
tɔn,tɔnoʊ,tɔneɪ,tɔno,tɔne
tɔŋ,tɔŋoʊ,tɔŋeɪ,tɔŋo,tɔŋe
tɔp,tɔpoʊ,tɔpeɪ,tɔpo,tɔpe
tɔt,tɔtoʊ,tɔteɪ,tɔto,tɔte
tɔk,tɔkoʊ,tɔkeɪ,tɔko,tɔke
tɔb,tɔboʊ,tɔbeɪ,tɔbo,tɔbe
tɔd,tɔdoʊ,tɔdeɪ,tɔdo,tɔde
tɔg,tɔgoʊ,tɔgeɪ,tɔgo,tɔge
tɔf,tɔfoʊ,tɔfeɪ,tɔfo,tɔfe
tɔs,tɔsoʊ,tɔseɪ,tɔso,tɔse
tɔv,tɔvoʊ,tɔveɪ,tɔvo,tɔve
tɔz,tɔzoʊ,tɔzeɪ,tɔzo,tɔze
tɔʃ,tɔʃoʊ,tɔʃeɪ,tɔʃo,tɔʃe
tɔʒ,tɔʒoʊ,tɔʒeɪ,tɔʒo,tɔʒe
tɔθ,tɔθoʊ,tɔθeɪ,tɔθo,tɔθe
tɔð,tɔðoʊ,tɔðeɪ,tɔðo,tɔðe
kɔm,kɔmoʊ,kɔmeɪ,kɔmo,kɔme
kɔn,kɔnoʊ,kɔneɪ,kɔno,kɔne
kɔŋ,kɔŋoʊ,kɔŋeɪ,kɔŋo,kɔŋe
kɔp,kɔpoʊ,kɔpeɪ,kɔpo,kɔpe
kɔt,kɔtoʊ,kɔteɪ,kɔto,kɔte
kɔk,kɔkoʊ,kɔkeɪ,kɔko,kɔke
kɔb,kɔboʊ,kɔbeɪ,kɔbo,kɔbe
kɔd,kɔdoʊ,kɔdeɪ,kɔdo,kɔde
kɔg,kɔgoʊ,kɔgeɪ,kɔgo,kɔge
kɔf,kɔfoʊ,kɔfeɪ,kɔfo,kɔfe
kɔs,kɔsoʊ,kɔseɪ,kɔso,kɔse
kɔv,kɔvoʊ,kɔveɪ,kɔvo,kɔve
kɔz,kɔzoʊ,kɔzeɪ,kɔzo,kɔze
kɔʃ,kɔʃoʊ,kɔʃeɪ,kɔʃo,kɔʃe
kɔʒ,kɔʒoʊ,kɔʒeɪ,kɔʒo,kɔʒe
kɔθ,kɔθoʊ,kɔθeɪ,kɔθo,kɔθe
kɔð,kɔðoʊ,kɔðeɪ,kɔðo,kɔðe
bɔm,bɔmoʊ,bɔmeɪ,bɔmo,bɔme
bɔn,bɔnoʊ,bɔneɪ,bɔno,bɔne
bɔŋ,bɔŋoʊ,bɔŋeɪ,bɔŋo,bɔŋe
bɔp,bɔpoʊ,bɔpeɪ,bɔpo,bɔpe
bɔt,bɔtoʊ,bɔteɪ,bɔto,bɔte
bɔk,bɔkoʊ,bɔkeɪ,bɔko,bɔke
bɔb,bɔboʊ,bɔbeɪ,bɔbo,bɔbe
bɔd,bɔdoʊ,bɔdeɪ,bɔdo,bɔde
bɔg,bɔgoʊ,bɔgeɪ,bɔgo,bɔge
bɔf,bɔfoʊ,bɔfeɪ,bɔfo,bɔfe
bɔs,bɔsoʊ,bɔseɪ,bɔso,bɔse
bɔv,bɔvoʊ,bɔveɪ,bɔvo,bɔve
bɔz,bɔzoʊ,bɔzeɪ,bɔzo,bɔze
bɔʃ,bɔʃoʊ,bɔʃeɪ,bɔʃo,bɔʃe
bɔʒ,bɔʒoʊ,bɔʒeɪ,bɔʒo,bɔʒe
bɔθ,bɔθoʊ,bɔθeɪ,bɔθo,bɔθe
bɔð,bɔðoʊ,bɔðeɪ,bɔðo,bɔðe
dɔm,dɔmoʊ,dɔmeɪ,dɔmo,dɔme
dɔn,dɔnoʊ,dɔneɪ,dɔno,dɔne
dɔŋ,dɔŋoʊ,dɔŋeɪ,dɔŋo,dɔŋe
dɔp,dɔpoʊ,dɔpeɪ,dɔpo,dɔpe
dɔt,dɔtoʊ,dɔteɪ,dɔto,dɔte
dɔk,dɔkoʊ,dɔkeɪ,dɔko,dɔke
dɔb,dɔboʊ,dɔbeɪ,dɔbo,dɔbe
dɔd,dɔdoʊ,dɔdeɪ,dɔdo,dɔde
dɔg,dɔgoʊ,dɔgeɪ,dɔgo,dɔge
dɔf,dɔfoʊ,dɔfeɪ,dɔfo,dɔfe
dɔs,dɔsoʊ,dɔseɪ,dɔso,dɔse
dɔv,dɔvoʊ,dɔveɪ,dɔvo,dɔve
dɔz,dɔzoʊ,dɔzeɪ,dɔzo,dɔze
dɔʃ,dɔʃoʊ,dɔʃeɪ,dɔʃo,dɔʃe
dɔʒ,dɔʒoʊ,dɔʒeɪ,dɔʒo,dɔʒe
dɔθ,dɔθoʊ,dɔθeɪ,dɔθo,dɔθe
dɔð,dɔðoʊ,dɔðeɪ,dɔðo,dɔðe
gɔm,gɔmoʊ,gɔmeɪ,gɔmo,gɔme
gɔn,gɔnoʊ,gɔneɪ,gɔno,gɔne
gɔŋ,gɔŋoʊ,gɔŋeɪ,gɔŋo,gɔŋe
gɔp,gɔpoʊ,gɔpeɪ,gɔpo,gɔpe
gɔt,gɔtoʊ,gɔteɪ,gɔto,gɔte
gɔk,gɔkoʊ,gɔkeɪ,gɔko,gɔke
gɔb,gɔboʊ,gɔbeɪ,gɔbo,gɔbe
gɔd,gɔdoʊ,gɔdeɪ,gɔdo,gɔde
gɔg,gɔgoʊ,gɔgeɪ,gɔgo,gɔge
gɔf,gɔfoʊ,gɔfeɪ,gɔfo,gɔfe
gɔs,gɔsoʊ,gɔseɪ,gɔso,gɔse
gɔv,gɔvoʊ,gɔveɪ,gɔvo,gɔve
gɔz,gɔzoʊ,gɔzeɪ,gɔzo,gɔze
gɔʃ,gɔʃoʊ,gɔʃeɪ,gɔʃo,gɔʃe
gɔʒ,gɔʒoʊ,gɔʒeɪ,gɔʒo,gɔʒe
gɔθ,gɔθoʊ,gɔθeɪ,gɔθo,gɔθe
gɔð,gɔðoʊ,gɔðeɪ,gɔðo,gɔðe
fɔm,fɔmoʊ,fɔmeɪ,fɔmo,fɔme
fɔn,fɔnoʊ,fɔneɪ,fɔno,fɔne
fɔŋ,fɔŋoʊ,fɔŋeɪ,fɔŋo,fɔŋe
fɔp,fɔpoʊ,fɔpeɪ,fɔpo,fɔpe
fɔt,fɔtoʊ,fɔteɪ,fɔto,fɔte
fɔk,fɔkoʊ,fɔkeɪ,fɔko,fɔke
fɔb,fɔboʊ,fɔbeɪ,fɔbo,fɔbe
fɔd,fɔdoʊ,fɔdeɪ,fɔdo,fɔde
fɔg,fɔgoʊ,fɔgeɪ,fɔgo,fɔge
fɔf,fɔfoʊ,fɔfeɪ,fɔfo,fɔfe
fɔs,fɔsoʊ,fɔseɪ,fɔso,fɔse
fɔv,fɔvoʊ,fɔveɪ,fɔvo,fɔve
fɔz,fɔzoʊ,fɔzeɪ,fɔzo,fɔze
fɔʃ,fɔʃoʊ,fɔʃeɪ,fɔʃo,fɔʃe
fɔʒ,fɔʒoʊ,fɔʒeɪ,fɔʒo,fɔʒe
fɔθ,fɔθoʊ,fɔθeɪ,fɔθo,fɔθe
fɔð,fɔðoʊ,fɔðeɪ,fɔðo,fɔðe
sɔm,sɔmoʊ,sɔmeɪ,sɔmo,sɔme
sɔn,sɔnoʊ,sɔneɪ,sɔno,sɔne
sɔŋ,sɔŋoʊ,sɔŋeɪ,sɔŋo,sɔŋe
sɔp,sɔpoʊ,sɔpeɪ,sɔpo,sɔpe
sɔt,sɔtoʊ,sɔteɪ,sɔto,sɔte
sɔk,sɔkoʊ,sɔkeɪ,sɔko,sɔke
sɔb,sɔboʊ,sɔbeɪ,sɔbo,sɔbe
sɔd,sɔdoʊ,sɔdeɪ,sɔdo,sɔde
sɔg,sɔgoʊ,sɔgeɪ,sɔgo,sɔge
sɔf,sɔfoʊ,sɔfeɪ,sɔfo,sɔfe
sɔs,sɔsoʊ,sɔseɪ,sɔso,sɔse
sɔv,sɔvoʊ,sɔveɪ,sɔvo,sɔve
sɔz,sɔzoʊ,sɔzeɪ,sɔzo,sɔze
sɔʃ,sɔʃoʊ,sɔʃeɪ,sɔʃo,sɔʃe
sɔʒ,sɔʒoʊ,sɔʒeɪ,sɔʒo,sɔʒe
sɔθ,sɔθoʊ,sɔθeɪ,sɔθo,sɔθe
sɔð,sɔðoʊ,sɔðeɪ,sɔðo,sɔðe
vɔm,vɔmoʊ,vɔmeɪ,vɔmo,vɔme
vɔn,vɔnoʊ,vɔneɪ,vɔno,vɔne
vɔŋ,vɔŋoʊ,vɔŋeɪ,vɔŋo,vɔŋe
vɔp,vɔpoʊ,vɔpeɪ,vɔpo,vɔpe
vɔt,vɔtoʊ,vɔteɪ,vɔto,vɔte
vɔk,vɔkoʊ,vɔkeɪ,vɔko,vɔke
vɔb,vɔboʊ,vɔbeɪ,vɔbo,vɔbe
vɔd,vɔdoʊ,vɔdeɪ,vɔdo,vɔde
vɔg,vɔgoʊ,vɔgeɪ,vɔgo,vɔge
vɔf,vɔfoʊ,vɔfeɪ,vɔfo,vɔfe
vɔs,vɔsoʊ,vɔseɪ,vɔso,vɔse
vɔv,vɔvoʊ,vɔveɪ,vɔvo,vɔve
vɔz,vɔzoʊ,vɔzeɪ,vɔzo,vɔze
vɔʃ,vɔʃoʊ,vɔʃeɪ,vɔʃo,vɔʃe
vɔʒ,vɔʒoʊ,vɔʒeɪ,vɔʒo,vɔʒe
vɔθ,vɔθoʊ,vɔθeɪ,vɔθo,vɔθe
vɔð,vɔðoʊ,vɔðeɪ,vɔðo,vɔðe
zɔm,zɔmoʊ,zɔmeɪ,zɔmo,zɔme
zɔn,zɔnoʊ,zɔneɪ,zɔno,zɔne
zɔŋ,zɔŋoʊ,zɔŋeɪ,zɔŋo,zɔŋe
zɔp,zɔpoʊ,zɔpeɪ,zɔpo,zɔpe
zɔt,zɔtoʊ,zɔteɪ,zɔto,zɔte
zɔk,zɔkoʊ,zɔkeɪ,zɔko,zɔke
zɔb,zɔboʊ,zɔbeɪ,zɔbo,zɔbe
zɔd,zɔdoʊ,zɔdeɪ,zɔdo,zɔde
zɔg,zɔgoʊ,zɔgeɪ,zɔgo,zɔge
zɔf,zɔfoʊ,zɔfeɪ,zɔfo,zɔfe
zɔs,zɔsoʊ,zɔseɪ,zɔso,zɔse
zɔv,zɔvoʊ,zɔveɪ,zɔvo,zɔve
zɔz,zɔzoʊ,zɔzeɪ,zɔzo,zɔze
zɔʃ,zɔʃoʊ,zɔʃeɪ,zɔʃo,zɔʃe
zɔʒ,zɔʒoʊ,zɔʒeɪ,zɔʒo,zɔʒe
zɔθ,zɔθoʊ,zɔθeɪ,zɔθo,zɔθe
zɔð,zɔðoʊ,zɔðeɪ,zɔðo,zɔðe
ʃɔm,ʃɔmoʊ,ʃɔmeɪ,ʃɔmo,ʃɔme
ʃɔn,ʃɔnoʊ,ʃɔneɪ,ʃɔno,ʃɔne
ʃɔŋ,ʃɔŋoʊ,ʃɔŋeɪ,ʃɔŋo,ʃɔŋe
ʃɔp,ʃɔpoʊ,ʃɔpeɪ,ʃɔpo,ʃɔpe
ʃɔt,ʃɔtoʊ,ʃɔteɪ,ʃɔto,ʃɔte
ʃɔk,ʃɔkoʊ,ʃɔkeɪ,ʃɔko,ʃɔke
ʃɔb,ʃɔboʊ,ʃɔbeɪ,ʃɔbo,ʃɔbe
ʃɔd,ʃɔdoʊ,ʃɔdeɪ,ʃɔdo,ʃɔde
ʃɔg,ʃɔgoʊ,ʃɔgeɪ,ʃɔgo,ʃɔge
ʃɔf,ʃɔfoʊ,ʃɔfeɪ,ʃɔfo,ʃɔfe
ʃɔs,ʃɔsoʊ,ʃɔseɪ,ʃɔso,ʃɔse
ʃɔv,ʃɔvoʊ,ʃɔveɪ,ʃɔvo,ʃɔve
ʃɔz,ʃɔzoʊ,ʃɔzeɪ,ʃɔzo,ʃɔze
ʃɔʃ,ʃɔʃoʊ,ʃɔʃeɪ,ʃɔʃo,ʃɔʃe
ʃɔʒ,ʃɔʒoʊ,ʃɔʒeɪ,ʃɔʒo,ʃɔʒe
ʃɔθ,ʃɔθoʊ,ʃɔθeɪ,ʃɔθo,ʃɔθe
ʃɔð,ʃɔðoʊ,ʃɔðeɪ,ʃɔðo,ʃɔðe
ʒɔm,ʒɔmoʊ,ʒɔmeɪ,ʒɔmo,ʒɔme
ʒɔn,ʒɔnoʊ,ʒɔneɪ,ʒɔno,ʒɔne
ʒɔŋ,ʒɔŋoʊ,ʒɔŋeɪ,ʒɔŋo,ʒɔŋe
ʒɔp,ʒɔpoʊ,ʒɔpeɪ,ʒɔpo,ʒɔpe
ʒɔt,ʒɔtoʊ,ʒɔteɪ,ʒɔto,ʒɔte
ʒɔk,ʒɔkoʊ,ʒɔkeɪ,ʒɔko,ʒɔke
ʒɔb,ʒɔboʊ,ʒɔbeɪ,ʒɔbo,ʒɔbe
ʒɔd,ʒɔdoʊ,ʒɔdeɪ,ʒɔdo,ʒɔde
ʒɔg,ʒɔgoʊ,ʒɔgeɪ,ʒɔgo,ʒɔge
ʒɔf,ʒɔfoʊ,ʒɔfeɪ,ʒɔfo,ʒɔfe
ʒɔs,ʒɔsoʊ,ʒɔseɪ,ʒɔso,ʒɔse
ʒɔv,ʒɔvoʊ,ʒɔveɪ,ʒɔvo,ʒɔve
ʒɔz,ʒɔzoʊ,ʒɔzeɪ,ʒɔzo,ʒɔze
ʒɔʃ,ʒɔʃoʊ,ʒɔʃeɪ,ʒɔʃo,ʒɔʃe
ʒɔʒ,ʒɔʒoʊ,ʒɔʒeɪ,ʒɔʒo,ʒɔʒe
ʒɔθ,ʒɔθoʊ,ʒɔθeɪ,ʒɔθo,ʒɔθe
ʒɔð,ʒɔðoʊ,ʒɔðeɪ,ʒɔðo,ʒɔðe
θɔm,θɔmoʊ,θɔmeɪ,θɔmo,θɔme
θɔn,θɔnoʊ,θɔneɪ,θɔno,θɔne
θɔŋ,θɔŋoʊ,θɔŋeɪ,θɔŋo,θɔŋe
θɔp,θɔpoʊ,θɔpeɪ,θɔpo,θɔpe
θɔt,θɔtoʊ,θɔteɪ,θɔto,θɔte
θɔk,θɔkoʊ,θɔkeɪ,θɔko,θɔke
θɔb,θɔboʊ,θɔbeɪ,θɔbo,θɔbe
θɔd,θɔdoʊ,θɔdeɪ,θɔdo,θɔde
θɔg,θɔgoʊ,θɔgeɪ,θɔgo,θɔge
θɔf,θɔfoʊ,θɔfeɪ,θɔfo,θɔfe
θɔs,θɔsoʊ,θɔseɪ,θɔso,θɔse
θɔv,θɔvoʊ,θɔveɪ,θɔvo,θɔve
θɔz,θɔzoʊ,θɔzeɪ,θɔzo,θɔze
θɔʃ,θɔʃoʊ,θɔʃeɪ,θɔʃo,θɔʃe
θɔʒ,θɔʒoʊ,θɔʒeɪ,θɔʒo,θɔʒe
θɔθ,θɔθoʊ,θɔθeɪ,θɔθo,θɔθe
θɔð,θɔðoʊ,θɔðeɪ,θɔðo,θɔðe
ðɔm,ðɔmoʊ,ðɔmeɪ,ðɔmo,ðɔme
ðɔn,ðɔnoʊ,ðɔneɪ,ðɔno,ðɔne
ðɔŋ,ðɔŋoʊ,ðɔŋeɪ,ðɔŋo,ðɔŋe
ðɔp,ðɔpoʊ,ðɔpeɪ,ðɔpo,ðɔpe
ðɔt,ðɔtoʊ,ðɔteɪ,ðɔto,ðɔte
ðɔk,ðɔkoʊ,ðɔkeɪ,ðɔko,ðɔke
ðɔb,ðɔboʊ,ðɔbeɪ,ðɔbo,ðɔbe
ðɔd,ðɔdoʊ,ðɔdeɪ,ðɔdo,ðɔde
ðɔg,ðɔgoʊ,ðɔgeɪ,ðɔgo,ðɔge
ðɔf,ðɔfoʊ,ðɔfeɪ,ðɔfo,ðɔfe
ðɔs,ðɔsoʊ,ðɔseɪ,ðɔso,ðɔse
ðɔv,ðɔvoʊ,ðɔveɪ,ðɔvo,ðɔve
ðɔz,ðɔzoʊ,ðɔzeɪ,ðɔzo,ðɔze
ðɔʃ,ðɔʃoʊ,ðɔʃeɪ,ðɔʃo,ðɔʃe
ðɔʒ,ðɔʒoʊ,ðɔʒeɪ,ðɔʒo,ðɔʒe
ðɔθ,ðɔθoʊ,ðɔθeɪ,ðɔθo,ðɔθe
ðɔð,ðɔðoʊ,ðɔðeɪ,ðɔðo,ðɔðe
hɔm,hɔmoʊ,hɔmeɪ,hɔmo,hɔme
hɔn,hɔnoʊ,hɔneɪ,hɔno,hɔne
hɔŋ,hɔŋoʊ,hɔŋeɪ,hɔŋo,hɔŋe
hɔp,hɔpoʊ,hɔpeɪ,hɔpo,hɔpe
hɔt,hɔtoʊ,hɔteɪ,hɔto,hɔte
hɔk,hɔkoʊ,hɔkeɪ,hɔko,hɔke
hɔb,hɔboʊ,hɔbeɪ,hɔbo,hɔbe
hɔd,hɔdoʊ,hɔdeɪ,hɔdo,hɔde
hɔg,hɔgoʊ,hɔgeɪ,hɔgo,hɔge
hɔf,hɔfoʊ,hɔfeɪ,hɔfo,hɔfe
hɔs,hɔsoʊ,hɔseɪ,hɔso,hɔse
hɔv,hɔvoʊ,hɔveɪ,hɔvo,hɔve
hɔz,hɔzoʊ,hɔzeɪ,hɔzo,hɔze
hɔʃ,hɔʃoʊ,hɔʃeɪ,hɔʃo,hɔʃe
hɔʒ,hɔʒoʊ,hɔʒeɪ,hɔʒo,hɔʒe
hɔθ,hɔθoʊ,hɔθeɪ,hɔθo,hɔθe
hɔð,hɔðoʊ,hɔðeɪ,hɔðo,hɔðe
