ur_syll,sr_syll,ur_string,sr_string,ur_var,sr_var
i.mi,i.mu,imi,imu,imi,imu
i.ni,i.nu,ini,inu,ini,inu
i.pi,i.pu,ipi,ipu,ipi,ipu
i.ti,i.tu,iti,itu,iti,itu
i.ki,i.ku,iki,iku,iki,iku
i.bi,i.bu,ibi,ibu,ibi,ibu
i.di,i.du,idi,idu,idi,idu
i.gi,i.gu,igi,igu,igi,igu
i.fi,i.fu,ifi,ifu,ifi,ifu
i.si,i.su,isi,isu,isi,isu
i.vi,i.vu,ivi,ivu,ivi,ivu
i.zi,i.zu,izi,izu,izi,izu
i.ʃi,i.ʃu,iʃi,iʃu,iʃi,iʃu
i.ʒi,i.ʒu,iʒi,iʒu,iʒi,iʒu
i.θi,i.θu,iθi,iθu,iθi,iθu
i.ði,i.ðu,iði,iðu,iði,iðu
i.hi,i.hu,ihi,ihu,ihi,ihu
i.me,i.mo,ime,imo,imeɪ,imoʊ
i.ne,i.no,ine,ino,ineɪ,inoʊ
i.pe,i.po,ipe,ipo,ipeɪ,ipoʊ
i.te,i.to,ite,ito,iteɪ,itoʊ
i.ke,i.ko,ike,iko,ikeɪ,ikoʊ
i.be,i.bo,ibe,ibo,ibeɪ,iboʊ
i.de,i.do,ide,ido,ideɪ,idoʊ
i.ge,i.go,ige,igo,igeɪ,igoʊ
i.fe,i.fo,ife,ifo,ifeɪ,ifoʊ
i.se,i.so,ise,iso,iseɪ,isoʊ
i.ve,i.vo,ive,ivo,iveɪ,ivoʊ
i.ze,i.zo,ize,izo,izeɪ,izoʊ
i.ʃe,i.ʃo,iʃe,iʃo,iʃeɪ,iʃoʊ
i.ʒe,i.ʒo,iʒe,iʒo,iʒeɪ,iʒoʊ
i.θe,i.θo,iθe,iθo,iθeɪ,iθoʊ
i.ðe,i.ðo,iðe,iðo,iðeɪ,iðoʊ
i.he,i.ho,ihe,iho,iheɪ,ihoʊ
i.mu,i.mi,imu,imi,imu,imi
i.nu,i.ni,inu,ini,inu,ini
i.pu,i.pi,ipu,ipi,ipu,ipi
i.tu,i.ti,itu,iti,itu,iti
i.ku,i.ki,iku,iki,iku,iki
i.bu,i.bi,ibu,ibi,ibu,ibi
i.du,i.di,idu,idi,idu,idi
i.gu,i.gi,igu,igi,igu,igi
i.fu,i.fi,ifu,ifi,ifu,ifi
i.su,i.si,isu,isi,isu,isi
i.vu,i.vi,ivu,ivi,ivu,ivi
i.zu,i.zi,izu,izi,izu,izi
i.ʃu,i.ʃi,iʃu,iʃi,iʃu,iʃi
i.ʒu,i.ʒi,iʒu,iʒi,iʒu,iʒi
i.θu,i.θi,iθu,iθi,iθu,iθi
i.ðu,i.ði,iðu,iði,iðu,iði
i.hu,i.hi,ihu,ihi,ihu,ihi
i.mo,i.me,imo,ime,imoʊ,imeɪ
i.no,i.ne,ino,ine,inoʊ,ineɪ
i.po,i.pe,ipo,ipe,ipoʊ,ipeɪ
i.to,i.te,ito,ite,itoʊ,iteɪ
i.ko,i.ke,iko,ike,ikoʊ,ikeɪ
i.bo,i.be,ibo,ibe,iboʊ,ibeɪ
i.do,i.de,ido,ide,idoʊ,ideɪ
i.go,i.ge,igo,ige,igoʊ,igeɪ
i.fo,i.fe,ifo,ife,ifoʊ,ifeɪ
i.so,i.se,iso,ise,isoʊ,iseɪ
i.vo,i.ve,ivo,ive,ivoʊ,iveɪ
i.zo,i.ze,izo,ize,izoʊ,izeɪ
i.ʃo,i.ʃe,iʃo,iʃe,iʃoʊ,iʃeɪ
i.ʒo,i.ʒe,iʒo,iʒe,iʒoʊ,iʒeɪ
i.θo,i.θe,iθo,iθe,iθoʊ,iθeɪ
i.ðo,i.ðe,iðo,iðe,iðoʊ,iðeɪ
i.ho,i.he,iho,ihe,ihoʊ,iheɪ
e.mi,e.mu,emi,emu,eɪmi,eɪmu
e.ni,e.nu,eni,enu,eɪni,eɪnu
e.pi,e.pu,epi,epu,eɪpi,eɪpu
e.ti,e.tu,eti,etu,eɪti,eɪtu
e.ki,e.ku,eki,eku,eɪki,eɪku
e.bi,e.bu,ebi,ebu,eɪbi,eɪbu
e.di,e.du,edi,edu,eɪdi,eɪdu
e.gi,e.gu,egi,egu,eɪgi,eɪgu
e.fi,e.fu,efi,efu,eɪfi,eɪfu
e.si,e.su,esi,esu,eɪsi,eɪsu
e.vi,e.vu,evi,evu,eɪvi,eɪvu
e.zi,e.zu,ezi,ezu,eɪzi,eɪzu
e.ʃi,e.ʃu,eʃi,eʃu,eɪʃi,eɪʃu
e.ʒi,e.ʒu,eʒi,eʒu,eɪʒi,eɪʒu
e.θi,e.θu,eθi,eθu,eɪθi,eɪθu
e.ði,e.ðu,eði,eðu,eɪði,eɪðu
e.hi,e.hu,ehi,ehu,eɪhi,eɪhu
e.me,e.mo,eme,emo,eɪmeɪ,eɪmoʊ
e.ne,e.no,ene,eno,eɪneɪ,eɪnoʊ
e.pe,e.po,epe,epo,eɪpeɪ,eɪpoʊ
e.te,e.to,ete,eto,eɪteɪ,eɪtoʊ
e.ke,e.ko,eke,eko,eɪkeɪ,eɪkoʊ
e.be,e.bo,ebe,ebo,eɪbeɪ,eɪboʊ
e.de,e.do,ede,edo,eɪdeɪ,eɪdoʊ
e.ge,e.go,ege,ego,eɪgeɪ,eɪgoʊ
e.fe,e.fo,efe,efo,eɪfeɪ,eɪfoʊ
e.se,e.so,ese,eso,eɪseɪ,eɪsoʊ
e.ve,e.vo,eve,evo,eɪveɪ,eɪvoʊ
e.ze,e.zo,eze,ezo,eɪzeɪ,eɪzoʊ
e.ʃe,e.ʃo,eʃe,eʃo,eɪʃeɪ,eɪʃoʊ
e.ʒe,e.ʒo,eʒe,eʒo,eɪʒeɪ,eɪʒoʊ
e.θe,e.θo,eθe,eθo,eɪθeɪ,eɪθoʊ
e.ðe,e.ðo,eðe,eðo,eɪðeɪ,eɪðoʊ
e.he,e.ho,ehe,eho,eɪheɪ,eɪhoʊ
e.mu,e.mi,emu,emi,eɪmu,eɪmi
e.nu,e.ni,enu,eni,eɪnu,eɪni
e.pu,e.pi,epu,epi,eɪpu,eɪpi
e.tu,e.ti,etu,eti,eɪtu,eɪti
e.ku,e.ki,eku,eki,eɪku,eɪki
e.bu,e.bi,ebu,ebi,eɪbu,eɪbi
e.du,e.di,edu,edi,eɪdu,eɪdi
e.gu,e.gi,egu,egi,eɪgu,eɪgi
e.fu,e.fi,efu,efi,eɪfu,eɪfi
e.su,e.si,esu,esi,eɪsu,eɪsi
e.vu,e.vi,evu,evi,eɪvu,eɪvi
e.zu,e.zi,ezu,ezi,eɪzu,eɪzi
e.ʃu,e.ʃi,eʃu,eʃi,eɪʃu,eɪʃi
e.ʒu,e.ʒi,eʒu,eʒi,eɪʒu,eɪʒi
e.θu,e.θi,eθu,eθi,eɪθu,eɪθi
e.ðu,e.ði,eðu,eði,eɪðu,eɪði
e.hu,e.hi,ehu,ehi,eɪhu,eɪhi
e.mo,e.me,emo,eme,eɪmoʊ,eɪmeɪ
e.no,e.ne,eno,ene,eɪnoʊ,eɪneɪ
e.po,e.pe,epo,epe,eɪpoʊ,eɪpeɪ
e.to,e.te,eto,ete,eɪtoʊ,eɪteɪ
e.ko,e.ke,eko,eke,eɪkoʊ,eɪkeɪ
e.bo,e.be,ebo,ebe,eɪboʊ,eɪbeɪ
e.do,e.de,edo,ede,eɪdoʊ,eɪdeɪ
e.go,e.ge,ego,ege,eɪgoʊ,eɪgeɪ
e.fo,e.fe,efo,efe,eɪfoʊ,eɪfeɪ
e.so,e.se,eso,ese,eɪsoʊ,eɪseɪ
e.vo,e.ve,evo,eve,eɪvoʊ,eɪveɪ
e.zo,e.ze,ezo,eze,eɪzoʊ,eɪzeɪ
e.ʃo,e.ʃe,eʃo,eʃe,eɪʃoʊ,eɪʃeɪ
e.ʒo,e.ʒe,eʒo,eʒe,eɪʒoʊ,eɪʒeɪ
e.θo,e.θe,eθo,eθe,eɪθoʊ,eɪθeɪ
e.ðo,e.ðe,eðo,eðe,eɪðoʊ,eɪðeɪ
e.ho,e.he,eho,ehe,eɪhoʊ,eɪheɪ
u.mi,u.mu,umi,umu,umi,umu
u.ni,u.nu,uni,unu,uni,unu
u.pi,u.pu,upi,upu,upi,upu
u.ti,u.tu,uti,utu,uti,utu
u.ki,u.ku,uki,uku,uki,uku
u.bi,u.bu,ubi,ubu,ubi,ubu
u.di,u.du,udi,udu,udi,udu
u.gi,u.gu,ugi,ugu,ugi,ugu
u.fi,u.fu,ufi,ufu,ufi,ufu
u.si,u.su,usi,usu,usi,usu
u.vi,u.vu,uvi,uvu,uvi,uvu
u.zi,u.zu,uzi,uzu,uzi,uzu
u.ʃi,u.ʃu,uʃi,uʃu,uʃi,uʃu
u.ʒi,u.ʒu,uʒi,uʒu,uʒi,uʒu
u.θi,u.θu,uθi,uθu,uθi,uθu
u.ði,u.ðu,uði,uðu,uði,uðu
u.hi,u.hu,uhi,uhu,uhi,uhu
u.me,u.mo,ume,umo,umeɪ,umoʊ
u.ne,u.no,une,uno,uneɪ,unoʊ
u.pe,u.po,upe,upo,upeɪ,upoʊ
u.te,u.to,ute,uto,uteɪ,utoʊ
u.ke,u.ko,uke,uko,ukeɪ,ukoʊ
u.be,u.bo,ube,ubo,ubeɪ,uboʊ
u.de,u.do,ude,udo,udeɪ,udoʊ
u.ge,u.go,uge,ugo,ugeɪ,ugoʊ
u.fe,u.fo,ufe,ufo,ufeɪ,ufoʊ
u.se,u.so,use,uso,useɪ,usoʊ
u.ve,u.vo,uve,uvo,uveɪ,uvoʊ
u.ze,u.zo,uze,uzo,uzeɪ,uzoʊ
u.ʃe,u.ʃo,uʃe,uʃo,uʃeɪ,uʃoʊ
u.ʒe,u.ʒo,uʒe,uʒo,uʒeɪ,uʒoʊ
u.θe,u.θo,uθe,uθo,uθeɪ,uθoʊ
u.ðe,u.ðo,uðe,uðo,uðeɪ,uðoʊ
u.he,u.ho,uhe,uho,uheɪ,uhoʊ
u.mu,u.mi,umu,umi,umu,umi
u.nu,u.ni,unu,uni,unu,uni
u.pu,u.pi,upu,upi,upu,upi
u.tu,u.ti,utu,uti,utu,uti
u.ku,u.ki,uku,uki,uku,uki
u.bu,u.bi,ubu,ubi,ubu,ubi
u.du,u.di,udu,udi,udu,udi
u.gu,u.gi,ugu,ugi,ugu,ugi
u.fu,u.fi,ufu,ufi,ufu,ufi
u.su,u.si,usu,usi,usu,usi
u.vu,u.vi,uvu,uvi,uvu,uvi
u.zu,u.zi,uzu,uzi,uzu,uzi
u.ʃu,u.ʃi,uʃu,uʃi,uʃu,uʃi
u.ʒu,u.ʒi,uʒu,uʒi,uʒu,uʒi
u.θu,u.θi,uθu,uθi,uθu,uθi
u.ðu,u.ði,uðu,uði,uðu,uði
u.hu,u.hi,uhu,uhi,uhu,uhi
u.mo,u.me,umo,ume,umoʊ,umeɪ
u.no,u.ne,uno,une,unoʊ,uneɪ
u.po,u.pe,upo,upe,upoʊ,upeɪ
u.to,u.te,uto,ute,utoʊ,uteɪ
u.ko,u.ke,uko,uke,ukoʊ,ukeɪ
u.bo,u.be,ubo,ube,uboʊ,ubeɪ
u.do,u.de,udo,ude,udoʊ,udeɪ
u.go,u.ge,ugo,uge,ugoʊ,ugeɪ
u.fo,u.fe,ufo,ufe,ufoʊ,ufeɪ
u.so,u.se,uso,use,usoʊ,useɪ
u.vo,u.ve,uvo,uve,uvoʊ,uveɪ
u.zo,u.ze,uzo,uze,uzoʊ,uzeɪ
u.ʃo,u.ʃe,uʃo,uʃe,uʃoʊ,uʃeɪ
u.ʒo,u.ʒe,uʒo,uʒe,uʒoʊ,uʒeɪ
u.θo,u.θe,uθo,uθe,uθoʊ,uθeɪ
u.ðo,u.ðe,uðo,uðe,uðoʊ,uðeɪ
u.ho,u.he,uho,uhe,uhoʊ,uheɪ
o.mi,o.mu,omi,omu,oʊmi,oʊmu
o.ni,o.nu,oni,onu,oʊni,oʊnu
o.pi,o.pu,opi,opu,oʊpi,oʊpu
o.ti,o.tu,oti,otu,oʊti,oʊtu
o.ki,o.ku,oki,oku,oʊki,oʊku
o.bi,o.bu,obi,obu,oʊbi,oʊbu
o.di,o.du,odi,odu,oʊdi,oʊdu
o.gi,o.gu,ogi,ogu,oʊgi,oʊgu
o.fi,o.fu,ofi,ofu,oʊfi,oʊfu
o.si,o.su,osi,osu,oʊsi,oʊsu
o.vi,o.vu,ovi,ovu,oʊvi,oʊvu
o.zi,o.zu,ozi,ozu,oʊzi,oʊzu
o.ʃi,o.ʃu,oʃi,oʃu,oʊʃi,oʊʃu
o.ʒi,o.ʒu,oʒi,oʒu,oʊʒi,oʊʒu
o.θi,o.θu,oθi,oθu,oʊθi,oʊθu
o.ði,o.ðu,oði,oðu,oʊði,oʊðu
o.hi,o.hu,ohi,ohu,oʊhi,oʊhu
o.me,o.mo,ome,omo,oʊmeɪ,oʊmoʊ
o.ne,o.no,one,ono,oʊneɪ,oʊnoʊ
o.pe,o.po,ope,opo,oʊpeɪ,oʊpoʊ
o.te,o.to,ote,oto,oʊteɪ,oʊtoʊ
o.ke,o.ko,oke,oko,oʊkeɪ,oʊkoʊ
o.be,o.bo,obe,obo,oʊbeɪ,oʊboʊ
o.de,o.do,ode,odo,oʊdeɪ,oʊdoʊ
o.ge,o.go,oge,ogo,oʊgeɪ,oʊgoʊ
o.fe,o.fo,ofe,ofo,oʊfeɪ,oʊfoʊ
o.se,o.so,ose,oso,oʊseɪ,oʊsoʊ
o.ve,o.vo,ove,ovo,oʊveɪ,oʊvoʊ
o.ze,o.zo,oze,ozo,oʊzeɪ,oʊzoʊ
o.ʃe,o.ʃo,oʃe,oʃo,oʊʃeɪ,oʊʃoʊ
o.ʒe,o.ʒo,oʒe,oʒo,oʊʒeɪ,oʊʒoʊ
o.θe,o.θo,oθe,oθo,oʊθeɪ,oʊθoʊ
o.ðe,o.ðo,oðe,oðo,oʊðeɪ,oʊðoʊ
o.he,o.ho,ohe,oho,oʊheɪ,oʊhoʊ
o.mu,o.mi,omu,omi,oʊmu,oʊmi
o.nu,o.ni,onu,oni,oʊnu,oʊni
o.pu,o.pi,opu,opi,oʊpu,oʊpi
o.tu,o.ti,otu,oti,oʊtu,oʊti
o.ku,o.ki,oku,oki,oʊku,oʊki
o.bu,o.bi,obu,obi,oʊbu,oʊbi
o.du,o.di,odu,odi,oʊdu,oʊdi
o.gu,o.gi,ogu,ogi,oʊgu,oʊgi
o.fu,o.fi,ofu,ofi,oʊfu,oʊfi
o.su,o.si,osu,osi,oʊsu,oʊsi
o.vu,o.vi,ovu,ovi,oʊvu,oʊvi
o.zu,o.zi,ozu,ozi,oʊzu,oʊzi
o.ʃu,o.ʃi,oʃu,oʃi,oʊʃu,oʊʃi
o.ʒu,o.ʒi,oʒu,oʒi,oʊʒu,oʊʒi
o.θu,o.θi,oθu,oθi,oʊθu,oʊθi
o.ðu,o.ði,oðu,oði,oʊðu,oʊði
o.hu,o.hi,ohu,ohi,oʊhu,oʊhi
o.mo,o.me,omo,ome,oʊmoʊ,oʊmeɪ
o.no,o.ne,ono,one,oʊnoʊ,oʊneɪ
o.po,o.pe,opo,ope,oʊpoʊ,oʊpeɪ
o.to,o.te,oto,ote,oʊtoʊ,oʊteɪ
o.ko,o.ke,oko,oke,oʊkoʊ,oʊkeɪ
o.bo,o.be,obo,obe,oʊboʊ,oʊbeɪ
o.do,o.de,odo,ode,oʊdoʊ,oʊdeɪ
o.go,o.ge,ogo,oge,oʊgoʊ,oʊgeɪ
o.fo,o.fe,ofo,ofe,oʊfoʊ,oʊfeɪ
o.so,o.se,oso,ose,oʊsoʊ,oʊseɪ
o.vo,o.ve,ovo,ove,oʊvoʊ,oʊveɪ
o.zo,o.ze,ozo,oze,oʊzoʊ,oʊzeɪ
o.ʃo,o.ʃe,oʃo,oʃe,oʊʃoʊ,oʊʃeɪ
o.ʒo,o.ʒe,oʒo,oʒe,oʊʒoʊ,oʊʒeɪ
o.θo,o.θe,oθo,oθe,oʊθoʊ,oʊθeɪ
o.ðo,o.ðe,oðo,oðe,oʊðoʊ,oʊðeɪ
o.ho,o.he,oho,ohe,oʊhoʊ,oʊheɪ
i.mɪm,i.mʊm,imɪm,imʊm,imɪm,imʊm
i.mɪn,i.mʊn,imɪn,imʊn,imɪn,imʊn
i.mɪŋ,i.mʊŋ,imɪŋ,imʊŋ,imɪŋ,imʊŋ
i.mɪp,i.mʊp,imɪp,imʊp,imɪp,imʊp
i.mɪt,i.mʊt,imɪt,imʊt,imɪt,imʊt
i.mɪk,i.mʊk,imɪk,imʊk,imɪk,imʊk
i.mɪb,i.mʊb,imɪb,imʊb,imɪb,imʊb
i.mɪd,i.mʊd,imɪd,imʊd,imɪd,imʊd
i.mɪg,i.mʊg,imɪg,imʊg,imɪg,imʊg
i.mɪf,i.mʊf,imɪf,imʊf,imɪf,imʊf
i.mɪs,i.mʊs,imɪs,imʊs,imɪs,imʊs
i.mɪv,i.mʊv,imɪv,imʊv,imɪv,imʊv
i.mɪz,i.mʊz,imɪz,imʊz,imɪz,imʊz
i.mɪʃ,i.mʊʃ,imɪʃ,imʊʃ,imɪʃ,imʊʃ
i.mɪʒ,i.mʊʒ,imɪʒ,imʊʒ,imɪʒ,imʊʒ
i.mɪθ,i.mʊθ,imɪθ,imʊθ,imɪθ,imʊθ
i.mɪð,i.mʊð,imɪð,imʊð,imɪð,imʊð
i.nɪm,i.nʊm,inɪm,inʊm,inɪm,inʊm
i.nɪn,i.nʊn,inɪn,inʊn,inɪn,inʊn
i.nɪŋ,i.nʊŋ,inɪŋ,inʊŋ,inɪŋ,inʊŋ
i.nɪp,i.nʊp,inɪp,inʊp,inɪp,inʊp
i.nɪt,i.nʊt,inɪt,inʊt,inɪt,inʊt
i.nɪk,i.nʊk,inɪk,inʊk,inɪk,inʊk
i.nɪb,i.nʊb,inɪb,inʊb,inɪb,inʊb
i.nɪd,i.nʊd,inɪd,inʊd,inɪd,inʊd
i.nɪg,i.nʊg,inɪg,inʊg,inɪg,inʊg
i.nɪf,i.nʊf,inɪf,inʊf,inɪf,inʊf
i.nɪs,i.nʊs,inɪs,inʊs,inɪs,inʊs
i.nɪv,i.nʊv,inɪv,inʊv,inɪv,inʊv
i.nɪz,i.nʊz,inɪz,inʊz,inɪz,inʊz
i.nɪʃ,i.nʊʃ,inɪʃ,inʊʃ,inɪʃ,inʊʃ
i.nɪʒ,i.nʊʒ,inɪʒ,inʊʒ,inɪʒ,inʊʒ
i.nɪθ,i.nʊθ,inɪθ,inʊθ,inɪθ,inʊθ
i.nɪð,i.nʊð,inɪð,inʊð,inɪð,inʊð
i.pɪm,i.pʊm,ipɪm,ipʊm,ipɪm,ipʊm
i.pɪn,i.pʊn,ipɪn,ipʊn,ipɪn,ipʊn
i.pɪŋ,i.pʊŋ,ipɪŋ,ipʊŋ,ipɪŋ,ipʊŋ
i.pɪp,i.pʊp,ipɪp,ipʊp,ipɪp,ipʊp
i.pɪt,i.pʊt,ipɪt,ipʊt,ipɪt,ipʊt
i.pɪk,i.pʊk,ipɪk,ipʊk,ipɪk,ipʊk
i.pɪb,i.pʊb,ipɪb,ipʊb,ipɪb,ipʊb
i.pɪd,i.pʊd,ipɪd,ipʊd,ipɪd,ipʊd
i.pɪg,i.pʊg,ipɪg,ipʊg,ipɪg,ipʊg
i.pɪf,i.pʊf,ipɪf,ipʊf,ipɪf,ipʊf
i.pɪs,i.pʊs,ipɪs,ipʊs,ipɪs,ipʊs
i.pɪv,i.pʊv,ipɪv,ipʊv,ipɪv,ipʊv
i.pɪz,i.pʊz,ipɪz,ipʊz,ipɪz,ipʊz
i.pɪʃ,i.pʊʃ,ipɪʃ,ipʊʃ,ipɪʃ,ipʊʃ
i.pɪʒ,i.pʊʒ,ipɪʒ,ipʊʒ,ipɪʒ,ipʊʒ
i.pɪθ,i.pʊθ,ipɪθ,ipʊθ,ipɪθ,ipʊθ
i.pɪð,i.pʊð,ipɪð,ipʊð,ipɪð,ipʊð
i.tɪm,i.tʊm,itɪm,itʊm,itɪm,itʊm
i.tɪn,i.tʊn,itɪn,itʊn,itɪn,itʊn
i.tɪŋ,i.tʊŋ,itɪŋ,itʊŋ,itɪŋ,itʊŋ
i.tɪp,i.tʊp,itɪp,itʊp,itɪp,itʊp
i.tɪt,i.tʊt,itɪt,itʊt,itɪt,itʊt
i.tɪk,i.tʊk,itɪk,itʊk,itɪk,itʊk
i.tɪb,i.tʊb,itɪb,itʊb,itɪb,itʊb
i.tɪd,i.tʊd,itɪd,itʊd,itɪd,itʊd
i.tɪg,i.tʊg,itɪg,itʊg,itɪg,itʊg
i.tɪf,i.tʊf,itɪf,itʊf,itɪf,itʊf
i.tɪs,i.tʊs,itɪs,itʊs,itɪs,itʊs
i.tɪv,i.tʊv,itɪv,itʊv,itɪv,itʊv
i.tɪz,i.tʊz,itɪz,itʊz,itɪz,itʊz
i.tɪʃ,i.tʊʃ,itɪʃ,itʊʃ,itɪʃ,itʊʃ
i.tɪʒ,i.tʊʒ,itɪʒ,itʊʒ,itɪʒ,itʊʒ
i.tɪθ,i.tʊθ,itɪθ,itʊθ,itɪθ,itʊθ
i.tɪð,i.tʊð,itɪð,itʊð,itɪð,itʊð
i.kɪm,i.kʊm,ikɪm,ikʊm,ikɪm,ikʊm
i.kɪn,i.kʊn,ikɪn,ikʊn,ikɪn,ikʊn
i.kɪŋ,i.kʊŋ,ikɪŋ,ikʊŋ,ikɪŋ,ikʊŋ
i.kɪp,i.kʊp,ikɪp,ikʊp,ikɪp,ikʊp
i.kɪt,i.kʊt,ikɪt,ikʊt,ikɪt,ikʊt
i.kɪk,i.kʊk,ikɪk,ikʊk,ikɪk,ikʊk
i.kɪb,i.kʊb,ikɪb,ikʊb,ikɪb,ikʊb
i.kɪd,i.kʊd,ikɪd,ikʊd,ikɪd,ikʊd
i.kɪg,i.kʊg,ikɪg,ikʊg,ikɪg,ikʊg
i.kɪf,i.kʊf,ikɪf,ikʊf,ikɪf,ikʊf
i.kɪs,i.kʊs,ikɪs,ikʊs,ikɪs,ikʊs
i.kɪv,i.kʊv,ikɪv,ikʊv,ikɪv,ikʊv
i.kɪz,i.kʊz,ikɪz,ikʊz,ikɪz,ikʊz
i.kɪʃ,i.kʊʃ,ikɪʃ,ikʊʃ,ikɪʃ,ikʊʃ
i.kɪʒ,i.kʊʒ,ikɪʒ,ikʊʒ,ikɪʒ,ikʊʒ
i.kɪθ,i.kʊθ,ikɪθ,ikʊθ,ikɪθ,ikʊθ
i.kɪð,i.kʊð,ikɪð,ikʊð,ikɪð,ikʊð
i.bɪm,i.bʊm,ibɪm,ibʊm,ibɪm,ibʊm
i.bɪn,i.bʊn,ibɪn,ibʊn,ibɪn,ibʊn
i.bɪŋ,i.bʊŋ,ibɪŋ,ibʊŋ,ibɪŋ,ibʊŋ
i.bɪp,i.bʊp,ibɪp,ibʊp,ibɪp,ibʊp
i.bɪt,i.bʊt,ibɪt,ibʊt,ibɪt,ibʊt
i.bɪk,i.bʊk,ibɪk,ibʊk,ibɪk,ibʊk
i.bɪb,i.bʊb,ibɪb,ibʊb,ibɪb,ibʊb
i.bɪd,i.bʊd,ibɪd,ibʊd,ibɪd,ibʊd
i.bɪg,i.bʊg,ibɪg,ibʊg,ibɪg,ibʊg
i.bɪf,i.bʊf,ibɪf,ibʊf,ibɪf,ibʊf
i.bɪs,i.bʊs,ibɪs,ibʊs,ibɪs,ibʊs
i.bɪv,i.bʊv,ibɪv,ibʊv,ibɪv,ibʊv
i.bɪz,i.bʊz,ibɪz,ibʊz,ibɪz,ibʊz
i.bɪʃ,i.bʊʃ,ibɪʃ,ibʊʃ,ibɪʃ,ibʊʃ
i.bɪʒ,i.bʊʒ,ibɪʒ,ibʊʒ,ibɪʒ,ibʊʒ
i.bɪθ,i.bʊθ,ibɪθ,ibʊθ,ibɪθ,ibʊθ
i.bɪð,i.bʊð,ibɪð,ibʊð,ibɪð,ibʊð
i.dɪm,i.dʊm,idɪm,idʊm,idɪm,idʊm
i.dɪn,i.dʊn,idɪn,idʊn,idɪn,idʊn
i.dɪŋ,i.dʊŋ,idɪŋ,idʊŋ,idɪŋ,idʊŋ
i.dɪp,i.dʊp,idɪp,idʊp,idɪp,idʊp
i.dɪt,i.dʊt,idɪt,idʊt,idɪt,idʊt
i.dɪk,i.dʊk,idɪk,idʊk,idɪk,idʊk
i.dɪb,i.dʊb,idɪb,idʊb,idɪb,idʊb
i.dɪd,i.dʊd,idɪd,idʊd,idɪd,idʊd
i.dɪg,i.dʊg,idɪg,idʊg,idɪg,idʊg
i.dɪf,i.dʊf,idɪf,idʊf,idɪf,idʊf
i.dɪs,i.dʊs,idɪs,idʊs,idɪs,idʊs
i.dɪv,i.dʊv,idɪv,idʊv,idɪv,idʊv
i.dɪz,i.dʊz,idɪz,idʊz,idɪz,idʊz
i.dɪʃ,i.dʊʃ,idɪʃ,idʊʃ,idɪʃ,idʊʃ
i.dɪʒ,i.dʊʒ,idɪʒ,idʊʒ,idɪʒ,idʊʒ
i.dɪθ,i.dʊθ,idɪθ,idʊθ,idɪθ,idʊθ
i.dɪð,i.dʊð,idɪð,idʊð,idɪð,idʊð
i.gɪm,i.gʊm,igɪm,igʊm,igɪm,igʊm
i.gɪn,i.gʊn,igɪn,igʊn,igɪn,igʊn
i.gɪŋ,i.gʊŋ,igɪŋ,igʊŋ,igɪŋ,igʊŋ
i.gɪp,i.gʊp,igɪp,igʊp,igɪp,igʊp
i.gɪt,i.gʊt,igɪt,igʊt,igɪt,igʊt
i.gɪk,i.gʊk,igɪk,igʊk,igɪk,igʊk
i.gɪb,i.gʊb,igɪb,igʊb,igɪb,igʊb
i.gɪd,i.gʊd,igɪd,igʊd,igɪd,igʊd
i.gɪg,i.gʊg,igɪg,igʊg,igɪg,igʊg
i.gɪf,i.gʊf,igɪf,igʊf,igɪf,igʊf
i.gɪs,i.gʊs,igɪs,igʊs,igɪs,igʊs
i.gɪv,i.gʊv,igɪv,igʊv,igɪv,igʊv
i.gɪz,i.gʊz,igɪz,igʊz,igɪz,igʊz
i.gɪʃ,i.gʊʃ,igɪʃ,igʊʃ,igɪʃ,igʊʃ
i.gɪʒ,i.gʊʒ,igɪʒ,igʊʒ,igɪʒ,igʊʒ
i.gɪθ,i.gʊθ,igɪθ,igʊθ,igɪθ,igʊθ
i.gɪð,i.gʊð,igɪð,igʊð,igɪð,igʊð
i.fɪm,i.fʊm,ifɪm,ifʊm,ifɪm,ifʊm
i.fɪn,i.fʊn,ifɪn,ifʊn,ifɪn,ifʊn
i.fɪŋ,i.fʊŋ,ifɪŋ,ifʊŋ,ifɪŋ,ifʊŋ
i.fɪp,i.fʊp,ifɪp,ifʊp,ifɪp,ifʊp
i.fɪt,i.fʊt,ifɪt,ifʊt,ifɪt,ifʊt
i.fɪk,i.fʊk,ifɪk,ifʊk,ifɪk,ifʊk
i.fɪb,i.fʊb,ifɪb,ifʊb,ifɪb,ifʊb
i.fɪd,i.fʊd,ifɪd,ifʊd,ifɪd,ifʊd
i.fɪg,i.fʊg,ifɪg,ifʊg,ifɪg,ifʊg
i.fɪf,i.fʊf,ifɪf,ifʊf,ifɪf,ifʊf
i.fɪs,i.fʊs,ifɪs,ifʊs,ifɪs,ifʊs
i.fɪv,i.fʊv,ifɪv,ifʊv,ifɪv,ifʊv
i.fɪz,i.fʊz,ifɪz,ifʊz,ifɪz,ifʊz
i.fɪʃ,i.fʊʃ,ifɪʃ,ifʊʃ,ifɪʃ,ifʊʃ
i.fɪʒ,i.fʊʒ,ifɪʒ,ifʊʒ,ifɪʒ,ifʊʒ
i.fɪθ,i.fʊθ,ifɪθ,ifʊθ,ifɪθ,ifʊθ
i.fɪð,i.fʊð,ifɪð,ifʊð,ifɪð,ifʊð
i.sɪm,i.sʊm,isɪm,isʊm,isɪm,isʊm
i.sɪn,i.sʊn,isɪn,isʊn,isɪn,isʊn
i.sɪŋ,i.sʊŋ,isɪŋ,isʊŋ,isɪŋ,isʊŋ
i.sɪp,i.sʊp,isɪp,isʊp,isɪp,isʊp
i.sɪt,i.sʊt,isɪt,isʊt,isɪt,isʊt
i.sɪk,i.sʊk,isɪk,isʊk,isɪk,isʊk
i.sɪb,i.sʊb,isɪb,isʊb,isɪb,isʊb
i.sɪd,i.sʊd,isɪd,isʊd,isɪd,isʊd
i.sɪg,i.sʊg,isɪg,isʊg,isɪg,isʊg
i.sɪf,i.sʊf,isɪf,isʊf,isɪf,isʊf
i.sɪs,i.sʊs,isɪs,isʊs,isɪs,isʊs
i.sɪv,i.sʊv,isɪv,isʊv,isɪv,isʊv
i.sɪz,i.sʊz,isɪz,isʊz,isɪz,isʊz
i.sɪʃ,i.sʊʃ,isɪʃ,isʊʃ,isɪʃ,isʊʃ
i.sɪʒ,i.sʊʒ,isɪʒ,isʊʒ,isɪʒ,isʊʒ
i.sɪθ,i.sʊθ,isɪθ,isʊθ,isɪθ,isʊθ
i.sɪð,i.sʊð,isɪð,isʊð,isɪð,isʊð
i.vɪm,i.vʊm,ivɪm,ivʊm,ivɪm,ivʊm
i.vɪn,i.vʊn,ivɪn,ivʊn,ivɪn,ivʊn
i.vɪŋ,i.vʊŋ,ivɪŋ,ivʊŋ,ivɪŋ,ivʊŋ
i.vɪp,i.vʊp,ivɪp,ivʊp,ivɪp,ivʊp
i.vɪt,i.vʊt,ivɪt,ivʊt,ivɪt,ivʊt
i.vɪk,i.vʊk,ivɪk,ivʊk,ivɪk,ivʊk
i.vɪb,i.vʊb,ivɪb,ivʊb,ivɪb,ivʊb
i.vɪd,i.vʊd,ivɪd,ivʊd,ivɪd,ivʊd
i.vɪg,i.vʊg,ivɪg,ivʊg,ivɪg,ivʊg
i.vɪf,i.vʊf,ivɪf,ivʊf,ivɪf,ivʊf
i.vɪs,i.vʊs,ivɪs,ivʊs,ivɪs,ivʊs
i.vɪv,i.vʊv,ivɪv,ivʊv,ivɪv,ivʊv
i.vɪz,i.vʊz,ivɪz,ivʊz,ivɪz,ivʊz
i.vɪʃ,i.vʊʃ,ivɪʃ,ivʊʃ,ivɪʃ,ivʊʃ
i.vɪʒ,i.vʊʒ,ivɪʒ,ivʊʒ,ivɪʒ,ivʊʒ
i.vɪθ,i.vʊθ,ivɪθ,ivʊθ,ivɪθ,ivʊθ
i.vɪð,i.vʊð,ivɪð,ivʊð,ivɪð,ivʊð
i.zɪm,i.zʊm,izɪm,izʊm,izɪm,izʊm
i.zɪn,i.zʊn,izɪn,izʊn,izɪn,izʊn
i.zɪŋ,i.zʊŋ,izɪŋ,izʊŋ,izɪŋ,izʊŋ
i.zɪp,i.zʊp,izɪp,izʊp,izɪp,izʊp
i.zɪt,i.zʊt,izɪt,izʊt,izɪt,izʊt
i.zɪk,i.zʊk,izɪk,izʊk,izɪk,izʊk
i.zɪb,i.zʊb,izɪb,izʊb,izɪb,izʊb
i.zɪd,i.zʊd,izɪd,izʊd,izɪd,izʊd
i.zɪg,i.zʊg,izɪg,izʊg,izɪg,izʊg
i.zɪf,i.zʊf,izɪf,izʊf,izɪf,izʊf
i.zɪs,i.zʊs,izɪs,izʊs,izɪs,izʊs
i.zɪv,i.zʊv,izɪv,izʊv,izɪv,izʊv
i.zɪz,i.zʊz,izɪz,izʊz,izɪz,izʊz
i.zɪʃ,i.zʊʃ,izɪʃ,izʊʃ,izɪʃ,izʊʃ
i.zɪʒ,i.zʊʒ,izɪʒ,izʊʒ,izɪʒ,izʊʒ
i.zɪθ,i.zʊθ,izɪθ,izʊθ,izɪθ,izʊθ
i.zɪð,i.zʊð,izɪð,izʊð,izɪð,izʊð
i.ʃɪm,i.ʃʊm,iʃɪm,iʃʊm,iʃɪm,iʃʊm
i.ʃɪn,i.ʃʊn,iʃɪn,iʃʊn,iʃɪn,iʃʊn
i.ʃɪŋ,i.ʃʊŋ,iʃɪŋ,iʃʊŋ,iʃɪŋ,iʃʊŋ
i.ʃɪp,i.ʃʊp,iʃɪp,iʃʊp,iʃɪp,iʃʊp
i.ʃɪt,i.ʃʊt,iʃɪt,iʃʊt,iʃɪt,iʃʊt
i.ʃɪk,i.ʃʊk,iʃɪk,iʃʊk,iʃɪk,iʃʊk
i.ʃɪb,i.ʃʊb,iʃɪb,iʃʊb,iʃɪb,iʃʊb
i.ʃɪd,i.ʃʊd,iʃɪd,iʃʊd,iʃɪd,iʃʊd
i.ʃɪg,i.ʃʊg,iʃɪg,iʃʊg,iʃɪg,iʃʊg
i.ʃɪf,i.ʃʊf,iʃɪf,iʃʊf,iʃɪf,iʃʊf
i.ʃɪs,i.ʃʊs,iʃɪs,iʃʊs,iʃɪs,iʃʊs
i.ʃɪv,i.ʃʊv,iʃɪv,iʃʊv,iʃɪv,iʃʊv
i.ʃɪz,i.ʃʊz,iʃɪz,iʃʊz,iʃɪz,iʃʊz
i.ʃɪʃ,i.ʃʊʃ,iʃɪʃ,iʃʊʃ,iʃɪʃ,iʃʊʃ
i.ʃɪʒ,i.ʃʊʒ,iʃɪʒ,iʃʊʒ,iʃɪʒ,iʃʊʒ
i.ʃɪθ,i.ʃʊθ,iʃɪθ,iʃʊθ,iʃɪθ,iʃʊθ
i.ʃɪð,i.ʃʊð,iʃɪð,iʃʊð,iʃɪð,iʃʊð
i.ʒɪm,i.ʒʊm,iʒɪm,iʒʊm,iʒɪm,iʒʊm
i.ʒɪn,i.ʒʊn,iʒɪn,iʒʊn,iʒɪn,iʒʊn
i.ʒɪŋ,i.ʒʊŋ,iʒɪŋ,iʒʊŋ,iʒɪŋ,iʒʊŋ
i.ʒɪp,i.ʒʊp,iʒɪp,iʒʊp,iʒɪp,iʒʊp
i.ʒɪt,i.ʒʊt,iʒɪt,iʒʊt,iʒɪt,iʒʊt
i.ʒɪk,i.ʒʊk,iʒɪk,iʒʊk,iʒɪk,iʒʊk
i.ʒɪb,i.ʒʊb,iʒɪb,iʒʊb,iʒɪb,iʒʊb
i.ʒɪd,i.ʒʊd,iʒɪd,iʒʊd,iʒɪd,iʒʊd
i.ʒɪg,i.ʒʊg,iʒɪg,iʒʊg,iʒɪg,iʒʊg
i.ʒɪf,i.ʒʊf,iʒɪf,iʒʊf,iʒɪf,iʒʊf
i.ʒɪs,i.ʒʊs,iʒɪs,iʒʊs,iʒɪs,iʒʊs
i.ʒɪv,i.ʒʊv,iʒɪv,iʒʊv,iʒɪv,iʒʊv
i.ʒɪz,i.ʒʊz,iʒɪz,iʒʊz,iʒɪz,iʒʊz
i.ʒɪʃ,i.ʒʊʃ,iʒɪʃ,iʒʊʃ,iʒɪʃ,iʒʊʃ
i.ʒɪʒ,i.ʒʊʒ,iʒɪʒ,iʒʊʒ,iʒɪʒ,iʒʊʒ
i.ʒɪθ,i.ʒʊθ,iʒɪθ,iʒʊθ,iʒɪθ,iʒʊθ
i.ʒɪð,i.ʒʊð,iʒɪð,iʒʊð,iʒɪð,iʒʊð
i.θɪm,i.θʊm,iθɪm,iθʊm,iθɪm,iθʊm
i.θɪn,i.θʊn,iθɪn,iθʊn,iθɪn,iθʊn
i.θɪŋ,i.θʊŋ,iθɪŋ,iθʊŋ,iθɪŋ,iθʊŋ
i.θɪp,i.θʊp,iθɪp,iθʊp,iθɪp,iθʊp
i.θɪt,i.θʊt,iθɪt,iθʊt,iθɪt,iθʊt
i.θɪk,i.θʊk,iθɪk,iθʊk,iθɪk,iθʊk
i.θɪb,i.θʊb,iθɪb,iθʊb,iθɪb,iθʊb
i.θɪd,i.θʊd,iθɪd,iθʊd,iθɪd,iθʊd
i.θɪg,i.θʊg,iθɪg,iθʊg,iθɪg,iθʊg
i.θɪf,i.θʊf,iθɪf,iθʊf,iθɪf,iθʊf
i.θɪs,i.θʊs,iθɪs,iθʊs,iθɪs,iθʊs
i.θɪv,i.θʊv,iθɪv,iθʊv,iθɪv,iθʊv
i.θɪz,i.θʊz,iθɪz,iθʊz,iθɪz,iθʊz
i.θɪʃ,i.θʊʃ,iθɪʃ,iθʊʃ,iθɪʃ,iθʊʃ
i.θɪʒ,i.θʊʒ,iθɪʒ,iθʊʒ,iθɪʒ,iθʊʒ
i.θɪθ,i.θʊθ,iθɪθ,iθʊθ,iθɪθ,iθʊθ
i.θɪð,i.θʊð,iθɪð,iθʊð,iθɪð,iθʊð
i.ðɪm,i.ðʊm,iðɪm,iðʊm,iðɪm,iðʊm
i.ðɪn,i.ðʊn,iðɪn,iðʊn,iðɪn,iðʊn
i.ðɪŋ,i.ðʊŋ,iðɪŋ,iðʊŋ,iðɪŋ,iðʊŋ
i.ðɪp,i.ðʊp,iðɪp,iðʊp,iðɪp,iðʊp
i.ðɪt,i.ðʊt,iðɪt,iðʊt,iðɪt,iðʊt
i.ðɪk,i.ðʊk,iðɪk,iðʊk,iðɪk,iðʊk
i.ðɪb,i.ðʊb,iðɪb,iðʊb,iðɪb,iðʊb
i.ðɪd,i.ðʊd,iðɪd,iðʊd,iðɪd,iðʊd
i.ðɪg,i.ðʊg,iðɪg,iðʊg,iðɪg,iðʊg
i.ðɪf,i.ðʊf,iðɪf,iðʊf,iðɪf,iðʊf
i.ðɪs,i.ðʊs,iðɪs,iðʊs,iðɪs,iðʊs
i.ðɪv,i.ðʊv,iðɪv,iðʊv,iðɪv,iðʊv
i.ðɪz,i.ðʊz,iðɪz,iðʊz,iðɪz,iðʊz
i.ðɪʃ,i.ðʊʃ,iðɪʃ,iðʊʃ,iðɪʃ,iðʊʃ
i.ðɪʒ,i.ðʊʒ,iðɪʒ,iðʊʒ,iðɪʒ,iðʊʒ
i.ðɪθ,i.ðʊθ,iðɪθ,iðʊθ,iðɪθ,iðʊθ
i.ðɪð,i.ðʊð,iðɪð,iðʊð,iðɪð,iðʊð
i.hɪm,i.hʊm,ihɪm,ihʊm,ihɪm,ihʊm
i.hɪn,i.hʊn,ihɪn,ihʊn,ihɪn,ihʊn
i.hɪŋ,i.hʊŋ,ihɪŋ,ihʊŋ,ihɪŋ,ihʊŋ
i.hɪp,i.hʊp,ihɪp,ihʊp,ihɪp,ihʊp
i.hɪt,i.hʊt,ihɪt,ihʊt,ihɪt,ihʊt
i.hɪk,i.hʊk,ihɪk,ihʊk,ihɪk,ihʊk
i.hɪb,i.hʊb,ihɪb,ihʊb,ihɪb,ihʊb
i.hɪd,i.hʊd,ihɪd,ihʊd,ihɪd,ihʊd
i.hɪg,i.hʊg,ihɪg,ihʊg,ihɪg,ihʊg
i.hɪf,i.hʊf,ihɪf,ihʊf,ihɪf,ihʊf
i.hɪs,i.hʊs,ihɪs,ihʊs,ihɪs,ihʊs
i.hɪv,i.hʊv,ihɪv,ihʊv,ihɪv,ihʊv
i.hɪz,i.hʊz,ihɪz,ihʊz,ihɪz,ihʊz
i.hɪʃ,i.hʊʃ,ihɪʃ,ihʊʃ,ihɪʃ,ihʊʃ
i.hɪʒ,i.hʊʒ,ihɪʒ,ihʊʒ,ihɪʒ,ihʊʒ
i.hɪθ,i.hʊθ,ihɪθ,ihʊθ,ihɪθ,ihʊθ
i.hɪð,i.hʊð,ihɪð,ihʊð,ihɪð,ihʊð
i.mɛm,i.mɔm,imɛm,imɔm,imɛm,imɔm
i.mɛn,i.mɔn,imɛn,imɔn,imɛn,imɔn
i.mɛŋ,i.mɔŋ,imɛŋ,imɔŋ,imɛŋ,imɔŋ
i.mɛp,i.mɔp,imɛp,imɔp,imɛp,imɔp
i.mɛt,i.mɔt,imɛt,imɔt,imɛt,imɔt
i.mɛk,i.mɔk,imɛk,imɔk,imɛk,imɔk
i.mɛb,i.mɔb,imɛb,imɔb,imɛb,imɔb
i.mɛd,i.mɔd,imɛd,imɔd,imɛd,imɔd
i.mɛg,i.mɔg,imɛg,imɔg,imɛg,imɔg
i.mɛf,i.mɔf,imɛf,imɔf,imɛf,imɔf
i.mɛs,i.mɔs,imɛs,imɔs,imɛs,imɔs
i.mɛv,i.mɔv,imɛv,imɔv,imɛv,imɔv
i.mɛz,i.mɔz,imɛz,imɔz,imɛz,imɔz
i.mɛʃ,i.mɔʃ,imɛʃ,imɔʃ,imɛʃ,imɔʃ
i.mɛʒ,i.mɔʒ,imɛʒ,imɔʒ,imɛʒ,imɔʒ
i.mɛθ,i.mɔθ,imɛθ,imɔθ,imɛθ,imɔθ
i.mɛð,i.mɔð,imɛð,imɔð,imɛð,imɔð
i.nɛm,i.nɔm,inɛm,inɔm,inɛm,inɔm
i.nɛn,i.nɔn,inɛn,inɔn,inɛn,inɔn
i.nɛŋ,i.nɔŋ,inɛŋ,inɔŋ,inɛŋ,inɔŋ
i.nɛp,i.nɔp,inɛp,inɔp,inɛp,inɔp
i.nɛt,i.nɔt,inɛt,inɔt,inɛt,inɔt
i.nɛk,i.nɔk,inɛk,inɔk,inɛk,inɔk
i.nɛb,i.nɔb,inɛb,inɔb,inɛb,inɔb
i.nɛd,i.nɔd,inɛd,inɔd,inɛd,inɔd
i.nɛg,i.nɔg,inɛg,inɔg,inɛg,inɔg
i.nɛf,i.nɔf,inɛf,inɔf,inɛf,inɔf
i.nɛs,i.nɔs,inɛs,inɔs,inɛs,inɔs
i.nɛv,i.nɔv,inɛv,inɔv,inɛv,inɔv
i.nɛz,i.nɔz,inɛz,inɔz,inɛz,inɔz
i.nɛʃ,i.nɔʃ,inɛʃ,inɔʃ,inɛʃ,inɔʃ
i.nɛʒ,i.nɔʒ,inɛʒ,inɔʒ,inɛʒ,inɔʒ
i.nɛθ,i.nɔθ,inɛθ,inɔθ,inɛθ,inɔθ
i.nɛð,i.nɔð,inɛð,inɔð,inɛð,inɔð
i.pɛm,i.pɔm,ipɛm,ipɔm,ipɛm,ipɔm
i.pɛn,i.pɔn,ipɛn,ipɔn,ipɛn,ipɔn
i.pɛŋ,i.pɔŋ,ipɛŋ,ipɔŋ,ipɛŋ,ipɔŋ
i.pɛp,i.pɔp,ipɛp,ipɔp,ipɛp,ipɔp
i.pɛt,i.pɔt,ipɛt,ipɔt,ipɛt,ipɔt
i.pɛk,i.pɔk,ipɛk,ipɔk,ipɛk,ipɔk
i.pɛb,i.pɔb,ipɛb,ipɔb,ipɛb,ipɔb
i.pɛd,i.pɔd,ipɛd,ipɔd,ipɛd,ipɔd
i.pɛg,i.pɔg,ipɛg,ipɔg,ipɛg,ipɔg
i.pɛf,i.pɔf,ipɛf,ipɔf,ipɛf,ipɔf
i.pɛs,i.pɔs,ipɛs,ipɔs,ipɛs,ipɔs
i.pɛv,i.pɔv,ipɛv,ipɔv,ipɛv,ipɔv
i.pɛz,i.pɔz,ipɛz,ipɔz,ipɛz,ipɔz
i.pɛʃ,i.pɔʃ,ipɛʃ,ipɔʃ,ipɛʃ,ipɔʃ
i.pɛʒ,i.pɔʒ,ipɛʒ,ipɔʒ,ipɛʒ,ipɔʒ
i.pɛθ,i.pɔθ,ipɛθ,ipɔθ,ipɛθ,ipɔθ
i.pɛð,i.pɔð,ipɛð,ipɔð,ipɛð,ipɔð
i.tɛm,i.tɔm,itɛm,itɔm,itɛm,itɔm
i.tɛn,i.tɔn,itɛn,itɔn,itɛn,itɔn
i.tɛŋ,i.tɔŋ,itɛŋ,itɔŋ,itɛŋ,itɔŋ
i.tɛp,i.tɔp,itɛp,itɔp,itɛp,itɔp
i.tɛt,i.tɔt,itɛt,itɔt,itɛt,itɔt
i.tɛk,i.tɔk,itɛk,itɔk,itɛk,itɔk
i.tɛb,i.tɔb,itɛb,itɔb,itɛb,itɔb
i.tɛd,i.tɔd,itɛd,itɔd,itɛd,itɔd
i.tɛg,i.tɔg,itɛg,itɔg,itɛg,itɔg
i.tɛf,i.tɔf,itɛf,itɔf,itɛf,itɔf
i.tɛs,i.tɔs,itɛs,itɔs,itɛs,itɔs
i.tɛv,i.tɔv,itɛv,itɔv,itɛv,itɔv
i.tɛz,i.tɔz,itɛz,itɔz,itɛz,itɔz
i.tɛʃ,i.tɔʃ,itɛʃ,itɔʃ,itɛʃ,itɔʃ
i.tɛʒ,i.tɔʒ,itɛʒ,itɔʒ,itɛʒ,itɔʒ
i.tɛθ,i.tɔθ,itɛθ,itɔθ,itɛθ,itɔθ
i.tɛð,i.tɔð,itɛð,itɔð,itɛð,itɔð
i.kɛm,i.kɔm,ikɛm,ikɔm,ikɛm,ikɔm
i.kɛn,i.kɔn,ikɛn,ikɔn,ikɛn,ikɔn
i.kɛŋ,i.kɔŋ,ikɛŋ,ikɔŋ,ikɛŋ,ikɔŋ
i.kɛp,i.kɔp,ikɛp,ikɔp,ikɛp,ikɔp
i.kɛt,i.kɔt,ikɛt,ikɔt,ikɛt,ikɔt
i.kɛk,i.kɔk,ikɛk,ikɔk,ikɛk,ikɔk
i.kɛb,i.kɔb,ikɛb,ikɔb,ikɛb,ikɔb
i.kɛd,i.kɔd,ikɛd,ikɔd,ikɛd,ikɔd
i.kɛg,i.kɔg,ikɛg,ikɔg,ikɛg,ikɔg
i.kɛf,i.kɔf,ikɛf,ikɔf,ikɛf,ikɔf
i.kɛs,i.kɔs,ikɛs,ikɔs,ikɛs,ikɔs
i.kɛv,i.kɔv,ikɛv,ikɔv,ikɛv,ikɔv
i.kɛz,i.kɔz,ikɛz,ikɔz,ikɛz,ikɔz
i.kɛʃ,i.kɔʃ,ikɛʃ,ikɔʃ,ikɛʃ,ikɔʃ
i.kɛʒ,i.kɔʒ,ikɛʒ,ikɔʒ,ikɛʒ,ikɔʒ
i.kɛθ,i.kɔθ,ikɛθ,ikɔθ,ikɛθ,ikɔθ
i.kɛð,i.kɔð,ikɛð,ikɔð,ikɛð,ikɔð
i.bɛm,i.bɔm,ibɛm,ibɔm,ibɛm,ibɔm
i.bɛn,i.bɔn,ibɛn,ibɔn,ibɛn,ibɔn
i.bɛŋ,i.bɔŋ,ibɛŋ,ibɔŋ,ibɛŋ,ibɔŋ
i.bɛp,i.bɔp,ibɛp,ibɔp,ibɛp,ibɔp
i.bɛt,i.bɔt,ibɛt,ibɔt,ibɛt,ibɔt
i.bɛk,i.bɔk,ibɛk,ibɔk,ibɛk,ibɔk
i.bɛb,i.bɔb,ibɛb,ibɔb,ibɛb,ibɔb
i.bɛd,i.bɔd,ibɛd,ibɔd,ibɛd,ibɔd
i.bɛg,i.bɔg,ibɛg,ibɔg,ibɛg,ibɔg
i.bɛf,i.bɔf,ibɛf,ibɔf,ibɛf,ibɔf
i.bɛs,i.bɔs,ibɛs,ibɔs,ibɛs,ibɔs
i.bɛv,i.bɔv,ibɛv,ibɔv,ibɛv,ibɔv
i.bɛz,i.bɔz,ibɛz,ibɔz,ibɛz,ibɔz
i.bɛʃ,i.bɔʃ,ibɛʃ,ibɔʃ,ibɛʃ,ibɔʃ
i.bɛʒ,i.bɔʒ,ibɛʒ,ibɔʒ,ibɛʒ,ibɔʒ
i.bɛθ,i.bɔθ,ibɛθ,ibɔθ,ibɛθ,ibɔθ
i.bɛð,i.bɔð,ibɛð,ibɔð,ibɛð,ibɔð
i.dɛm,i.dɔm,idɛm,idɔm,idɛm,idɔm
i.dɛn,i.dɔn,idɛn,idɔn,idɛn,idɔn
i.dɛŋ,i.dɔŋ,idɛŋ,idɔŋ,idɛŋ,idɔŋ
i.dɛp,i.dɔp,idɛp,idɔp,idɛp,idɔp
i.dɛt,i.dɔt,idɛt,idɔt,idɛt,idɔt
i.dɛk,i.dɔk,idɛk,idɔk,idɛk,idɔk
i.dɛb,i.dɔb,idɛb,idɔb,idɛb,idɔb
i.dɛd,i.dɔd,idɛd,idɔd,idɛd,idɔd
i.dɛg,i.dɔg,idɛg,idɔg,idɛg,idɔg
i.dɛf,i.dɔf,idɛf,idɔf,idɛf,idɔf
i.dɛs,i.dɔs,idɛs,idɔs,idɛs,idɔs
i.dɛv,i.dɔv,idɛv,idɔv,idɛv,idɔv
i.dɛz,i.dɔz,idɛz,idɔz,idɛz,idɔz
i.dɛʃ,i.dɔʃ,idɛʃ,idɔʃ,idɛʃ,idɔʃ
i.dɛʒ,i.dɔʒ,idɛʒ,idɔʒ,idɛʒ,idɔʒ
i.dɛθ,i.dɔθ,idɛθ,idɔθ,idɛθ,idɔθ
i.dɛð,i.dɔð,idɛð,idɔð,idɛð,idɔð
i.gɛm,i.gɔm,igɛm,igɔm,igɛm,igɔm
i.gɛn,i.gɔn,igɛn,igɔn,igɛn,igɔn
i.gɛŋ,i.gɔŋ,igɛŋ,igɔŋ,igɛŋ,igɔŋ
i.gɛp,i.gɔp,igɛp,igɔp,igɛp,igɔp
i.gɛt,i.gɔt,igɛt,igɔt,igɛt,igɔt
i.gɛk,i.gɔk,igɛk,igɔk,igɛk,igɔk
i.gɛb,i.gɔb,igɛb,igɔb,igɛb,igɔb
i.gɛd,i.gɔd,igɛd,igɔd,igɛd,igɔd
i.gɛg,i.gɔg,igɛg,igɔg,igɛg,igɔg
i.gɛf,i.gɔf,igɛf,igɔf,igɛf,igɔf
i.gɛs,i.gɔs,igɛs,igɔs,igɛs,igɔs
i.gɛv,i.gɔv,igɛv,igɔv,igɛv,igɔv
i.gɛz,i.gɔz,igɛz,igɔz,igɛz,igɔz
i.gɛʃ,i.gɔʃ,igɛʃ,igɔʃ,igɛʃ,igɔʃ
i.gɛʒ,i.gɔʒ,igɛʒ,igɔʒ,igɛʒ,igɔʒ
i.gɛθ,i.gɔθ,igɛθ,igɔθ,igɛθ,igɔθ
i.gɛð,i.gɔð,igɛð,igɔð,igɛð,igɔð
i.fɛm,i.fɔm,ifɛm,ifɔm,ifɛm,ifɔm
i.fɛn,i.fɔn,ifɛn,ifɔn,ifɛn,ifɔn
i.fɛŋ,i.fɔŋ,ifɛŋ,ifɔŋ,ifɛŋ,ifɔŋ
i.fɛp,i.fɔp,ifɛp,ifɔp,ifɛp,ifɔp
i.fɛt,i.fɔt,ifɛt,ifɔt,ifɛt,ifɔt
i.fɛk,i.fɔk,ifɛk,ifɔk,ifɛk,ifɔk
i.fɛb,i.fɔb,ifɛb,ifɔb,ifɛb,ifɔb
i.fɛd,i.fɔd,ifɛd,ifɔd,ifɛd,ifɔd
i.fɛg,i.fɔg,ifɛg,ifɔg,ifɛg,ifɔg
i.fɛf,i.fɔf,ifɛf,ifɔf,ifɛf,ifɔf
i.fɛs,i.fɔs,ifɛs,ifɔs,ifɛs,ifɔs
i.fɛv,i.fɔv,ifɛv,ifɔv,ifɛv,ifɔv
i.fɛz,i.fɔz,ifɛz,ifɔz,ifɛz,ifɔz
i.fɛʃ,i.fɔʃ,ifɛʃ,ifɔʃ,ifɛʃ,ifɔʃ
i.fɛʒ,i.fɔʒ,ifɛʒ,ifɔʒ,ifɛʒ,ifɔʒ
i.fɛθ,i.fɔθ,ifɛθ,ifɔθ,ifɛθ,ifɔθ
i.fɛð,i.fɔð,ifɛð,ifɔð,ifɛð,ifɔð
i.sɛm,i.sɔm,isɛm,isɔm,isɛm,isɔm
i.sɛn,i.sɔn,isɛn,isɔn,isɛn,isɔn
i.sɛŋ,i.sɔŋ,isɛŋ,isɔŋ,isɛŋ,isɔŋ
i.sɛp,i.sɔp,isɛp,isɔp,isɛp,isɔp
i.sɛt,i.sɔt,isɛt,isɔt,isɛt,isɔt
i.sɛk,i.sɔk,isɛk,isɔk,isɛk,isɔk
i.sɛb,i.sɔb,isɛb,isɔb,isɛb,isɔb
i.sɛd,i.sɔd,isɛd,isɔd,isɛd,isɔd
i.sɛg,i.sɔg,isɛg,isɔg,isɛg,isɔg
i.sɛf,i.sɔf,isɛf,isɔf,isɛf,isɔf
i.sɛs,i.sɔs,isɛs,isɔs,isɛs,isɔs
i.sɛv,i.sɔv,isɛv,isɔv,isɛv,isɔv
i.sɛz,i.sɔz,isɛz,isɔz,isɛz,isɔz
i.sɛʃ,i.sɔʃ,isɛʃ,isɔʃ,isɛʃ,isɔʃ
i.sɛʒ,i.sɔʒ,isɛʒ,isɔʒ,isɛʒ,isɔʒ
i.sɛθ,i.sɔθ,isɛθ,isɔθ,isɛθ,isɔθ
i.sɛð,i.sɔð,isɛð,isɔð,isɛð,isɔð
i.vɛm,i.vɔm,ivɛm,ivɔm,ivɛm,ivɔm
i.vɛn,i.vɔn,ivɛn,ivɔn,ivɛn,ivɔn
i.vɛŋ,i.vɔŋ,ivɛŋ,ivɔŋ,ivɛŋ,ivɔŋ
i.vɛp,i.vɔp,ivɛp,ivɔp,ivɛp,ivɔp
i.vɛt,i.vɔt,ivɛt,ivɔt,ivɛt,ivɔt
i.vɛk,i.vɔk,ivɛk,ivɔk,ivɛk,ivɔk
i.vɛb,i.vɔb,ivɛb,ivɔb,ivɛb,ivɔb
i.vɛd,i.vɔd,ivɛd,ivɔd,ivɛd,ivɔd
i.vɛg,i.vɔg,ivɛg,ivɔg,ivɛg,ivɔg
i.vɛf,i.vɔf,ivɛf,ivɔf,ivɛf,ivɔf
i.vɛs,i.vɔs,ivɛs,ivɔs,ivɛs,ivɔs
i.vɛv,i.vɔv,ivɛv,ivɔv,ivɛv,ivɔv
i.vɛz,i.vɔz,ivɛz,ivɔz,ivɛz,ivɔz
i.vɛʃ,i.vɔʃ,ivɛʃ,ivɔʃ,ivɛʃ,ivɔʃ
i.vɛʒ,i.vɔʒ,ivɛʒ,ivɔʒ,ivɛʒ,ivɔʒ
i.vɛθ,i.vɔθ,ivɛθ,ivɔθ,ivɛθ,ivɔθ
i.vɛð,i.vɔð,ivɛð,ivɔð,ivɛð,ivɔð
i.zɛm,i.zɔm,izɛm,izɔm,izɛm,izɔm
i.zɛn,i.zɔn,izɛn,izɔn,izɛn,izɔn
i.zɛŋ,i.zɔŋ,izɛŋ,izɔŋ,izɛŋ,izɔŋ
i.zɛp,i.zɔp,izɛp,izɔp,izɛp,izɔp
i.zɛt,i.zɔt,izɛt,izɔt,izɛt,izɔt
i.zɛk,i.zɔk,izɛk,izɔk,izɛk,izɔk
i.zɛb,i.zɔb,izɛb,izɔb,izɛb,izɔb
i.zɛd,i.zɔd,izɛd,izɔd,izɛd,izɔd
i.zɛg,i.zɔg,izɛg,izɔg,izɛg,izɔg
i.zɛf,i.zɔf,izɛf,izɔf,izɛf,izɔf
i.zɛs,i.zɔs,izɛs,izɔs,izɛs,izɔs
i.zɛv,i.zɔv,izɛv,izɔv,izɛv,izɔv
i.zɛz,i.zɔz,izɛz,izɔz,izɛz,izɔz
i.zɛʃ,i.zɔʃ,izɛʃ,izɔʃ,izɛʃ,izɔʃ
i.zɛʒ,i.zɔʒ,izɛʒ,izɔʒ,izɛʒ,izɔʒ
i.zɛθ,i.zɔθ,izɛθ,izɔθ,izɛθ,izɔθ
i.zɛð,i.zɔð,izɛð,izɔð,izɛð,izɔð
i.ʃɛm,i.ʃɔm,iʃɛm,iʃɔm,iʃɛm,iʃɔm
i.ʃɛn,i.ʃɔn,iʃɛn,iʃɔn,iʃɛn,iʃɔn
i.ʃɛŋ,i.ʃɔŋ,iʃɛŋ,iʃɔŋ,iʃɛŋ,iʃɔŋ
i.ʃɛp,i.ʃɔp,iʃɛp,iʃɔp,iʃɛp,iʃɔp
i.ʃɛt,i.ʃɔt,iʃɛt,iʃɔt,iʃɛt,iʃɔt
i.ʃɛk,i.ʃɔk,iʃɛk,iʃɔk,iʃɛk,iʃɔk
i.ʃɛb,i.ʃɔb,iʃɛb,iʃɔb,iʃɛb,iʃɔb
i.ʃɛd,i.ʃɔd,iʃɛd,iʃɔd,iʃɛd,iʃɔd
i.ʃɛg,i.ʃɔg,iʃɛg,iʃɔg,iʃɛg,iʃɔg
i.ʃɛf,i.ʃɔf,iʃɛf,iʃɔf,iʃɛf,iʃɔf
i.ʃɛs,i.ʃɔs,iʃɛs,iʃɔs,iʃɛs,iʃɔs
i.ʃɛv,i.ʃɔv,iʃɛv,iʃɔv,iʃɛv,iʃɔv
i.ʃɛz,i.ʃɔz,iʃɛz,iʃɔz,iʃɛz,iʃɔz
i.ʃɛʃ,i.ʃɔʃ,iʃɛʃ,iʃɔʃ,iʃɛʃ,iʃɔʃ
i.ʃɛʒ,i.ʃɔʒ,iʃɛʒ,iʃɔʒ,iʃɛʒ,iʃɔʒ
i.ʃɛθ,i.ʃɔθ,iʃɛθ,iʃɔθ,iʃɛθ,iʃɔθ
i.ʃɛð,i.ʃɔð,iʃɛð,iʃɔð,iʃɛð,iʃɔð
i.ʒɛm,i.ʒɔm,iʒɛm,iʒɔm,iʒɛm,iʒɔm
i.ʒɛn,i.ʒɔn,iʒɛn,iʒɔn,iʒɛn,iʒɔn
i.ʒɛŋ,i.ʒɔŋ,iʒɛŋ,iʒɔŋ,iʒɛŋ,iʒɔŋ
i.ʒɛp,i.ʒɔp,iʒɛp,iʒɔp,iʒɛp,iʒɔp
i.ʒɛt,i.ʒɔt,iʒɛt,iʒɔt,iʒɛt,iʒɔt
i.ʒɛk,i.ʒɔk,iʒɛk,iʒɔk,iʒɛk,iʒɔk
i.ʒɛb,i.ʒɔb,iʒɛb,iʒɔb,iʒɛb,iʒɔb
i.ʒɛd,i.ʒɔd,iʒɛd,iʒɔd,iʒɛd,iʒɔd
i.ʒɛg,i.ʒɔg,iʒɛg,iʒɔg,iʒɛg,iʒɔg
i.ʒɛf,i.ʒɔf,iʒɛf,iʒɔf,iʒɛf,iʒɔf
i.ʒɛs,i.ʒɔs,iʒɛs,iʒɔs,iʒɛs,iʒɔs
i.ʒɛv,i.ʒɔv,iʒɛv,iʒɔv,iʒɛv,iʒɔv
i.ʒɛz,i.ʒɔz,iʒɛz,iʒɔz,iʒɛz,iʒɔz
i.ʒɛʃ,i.ʒɔʃ,iʒɛʃ,iʒɔʃ,iʒɛʃ,iʒɔʃ
i.ʒɛʒ,i.ʒɔʒ,iʒɛʒ,iʒɔʒ,iʒɛʒ,iʒɔʒ
i.ʒɛθ,i.ʒɔθ,iʒɛθ,iʒɔθ,iʒɛθ,iʒɔθ
i.ʒɛð,i.ʒɔð,iʒɛð,iʒɔð,iʒɛð,iʒɔð
i.θɛm,i.θɔm,iθɛm,iθɔm,iθɛm,iθɔm
i.θɛn,i.θɔn,iθɛn,iθɔn,iθɛn,iθɔn
i.θɛŋ,i.θɔŋ,iθɛŋ,iθɔŋ,iθɛŋ,iθɔŋ
i.θɛp,i.θɔp,iθɛp,iθɔp,iθɛp,iθɔp
i.θɛt,i.θɔt,iθɛt,iθɔt,iθɛt,iθɔt
i.θɛk,i.θɔk,iθɛk,iθɔk,iθɛk,iθɔk
i.θɛb,i.θɔb,iθɛb,iθɔb,iθɛb,iθɔb
i.θɛd,i.θɔd,iθɛd,iθɔd,iθɛd,iθɔd
i.θɛg,i.θɔg,iθɛg,iθɔg,iθɛg,iθɔg
i.θɛf,i.θɔf,iθɛf,iθɔf,iθɛf,iθɔf
i.θɛs,i.θɔs,iθɛs,iθɔs,iθɛs,iθɔs
i.θɛv,i.θɔv,iθɛv,iθɔv,iθɛv,iθɔv
i.θɛz,i.θɔz,iθɛz,iθɔz,iθɛz,iθɔz
i.θɛʃ,i.θɔʃ,iθɛʃ,iθɔʃ,iθɛʃ,iθɔʃ
i.θɛʒ,i.θɔʒ,iθɛʒ,iθɔʒ,iθɛʒ,iθɔʒ
i.θɛθ,i.θɔθ,iθɛθ,iθɔθ,iθɛθ,iθɔθ
i.θɛð,i.θɔð,iθɛð,iθɔð,iθɛð,iθɔð
i.ðɛm,i.ðɔm,iðɛm,iðɔm,iðɛm,iðɔm
i.ðɛn,i.ðɔn,iðɛn,iðɔn,iðɛn,iðɔn
i.ðɛŋ,i.ðɔŋ,iðɛŋ,iðɔŋ,iðɛŋ,iðɔŋ
i.ðɛp,i.ðɔp,iðɛp,iðɔp,iðɛp,iðɔp
i.ðɛt,i.ðɔt,iðɛt,iðɔt,iðɛt,iðɔt
i.ðɛk,i.ðɔk,iðɛk,iðɔk,iðɛk,iðɔk
i.ðɛb,i.ðɔb,iðɛb,iðɔb,iðɛb,iðɔb
i.ðɛd,i.ðɔd,iðɛd,iðɔd,iðɛd,iðɔd
i.ðɛg,i.ðɔg,iðɛg,iðɔg,iðɛg,iðɔg
i.ðɛf,i.ðɔf,iðɛf,iðɔf,iðɛf,iðɔf
i.ðɛs,i.ðɔs,iðɛs,iðɔs,iðɛs,iðɔs
i.ðɛv,i.ðɔv,iðɛv,iðɔv,iðɛv,iðɔv
i.ðɛz,i.ðɔz,iðɛz,iðɔz,iðɛz,iðɔz
i.ðɛʃ,i.ðɔʃ,iðɛʃ,iðɔʃ,iðɛʃ,iðɔʃ
i.ðɛʒ,i.ðɔʒ,iðɛʒ,iðɔʒ,iðɛʒ,iðɔʒ
i.ðɛθ,i.ðɔθ,iðɛθ,iðɔθ,iðɛθ,iðɔθ
i.ðɛð,i.ðɔð,iðɛð,iðɔð,iðɛð,iðɔð
i.hɛm,i.hɔm,ihɛm,ihɔm,ihɛm,ihɔm
i.hɛn,i.hɔn,ihɛn,ihɔn,ihɛn,ihɔn
i.hɛŋ,i.hɔŋ,ihɛŋ,ihɔŋ,ihɛŋ,ihɔŋ
i.hɛp,i.hɔp,ihɛp,ihɔp,ihɛp,ihɔp
i.hɛt,i.hɔt,ihɛt,ihɔt,ihɛt,ihɔt
i.hɛk,i.hɔk,ihɛk,ihɔk,ihɛk,ihɔk
i.hɛb,i.hɔb,ihɛb,ihɔb,ihɛb,ihɔb
i.hɛd,i.hɔd,ihɛd,ihɔd,ihɛd,ihɔd
i.hɛg,i.hɔg,ihɛg,ihɔg,ihɛg,ihɔg
i.hɛf,i.hɔf,ihɛf,ihɔf,ihɛf,ihɔf
i.hɛs,i.hɔs,ihɛs,ihɔs,ihɛs,ihɔs
i.hɛv,i.hɔv,ihɛv,ihɔv,ihɛv,ihɔv
i.hɛz,i.hɔz,ihɛz,ihɔz,ihɛz,ihɔz
i.hɛʃ,i.hɔʃ,ihɛʃ,ihɔʃ,ihɛʃ,ihɔʃ
i.hɛʒ,i.hɔʒ,ihɛʒ,ihɔʒ,ihɛʒ,ihɔʒ
i.hɛθ,i.hɔθ,ihɛθ,ihɔθ,ihɛθ,ihɔθ
i.hɛð,i.hɔð,ihɛð,ihɔð,ihɛð,ihɔð
i.mʊm,i.mɪm,imʊm,imɪm,imʊm,imɪm
i.mʊn,i.mɪn,imʊn,imɪn,imʊn,imɪn
i.mʊŋ,i.mɪŋ,imʊŋ,imɪŋ,imʊŋ,imɪŋ
i.mʊp,i.mɪp,imʊp,imɪp,imʊp,imɪp
i.mʊt,i.mɪt,imʊt,imɪt,imʊt,imɪt
i.mʊk,i.mɪk,imʊk,imɪk,imʊk,imɪk
i.mʊb,i.mɪb,imʊb,imɪb,imʊb,imɪb
i.mʊd,i.mɪd,imʊd,imɪd,imʊd,imɪd
i.mʊg,i.mɪg,imʊg,imɪg,imʊg,imɪg
i.mʊf,i.mɪf,imʊf,imɪf,imʊf,imɪf
i.mʊs,i.mɪs,imʊs,imɪs,imʊs,imɪs
i.mʊv,i.mɪv,imʊv,imɪv,imʊv,imɪv
i.mʊz,i.mɪz,imʊz,imɪz,imʊz,imɪz
i.mʊʃ,i.mɪʃ,imʊʃ,imɪʃ,imʊʃ,imɪʃ
i.mʊʒ,i.mɪʒ,imʊʒ,imɪʒ,imʊʒ,imɪʒ
i.mʊθ,i.mɪθ,imʊθ,imɪθ,imʊθ,imɪθ
i.mʊð,i.mɪð,imʊð,imɪð,imʊð,imɪð
i.nʊm,i.nɪm,inʊm,inɪm,inʊm,inɪm
i.nʊn,i.nɪn,inʊn,inɪn,inʊn,inɪn
i.nʊŋ,i.nɪŋ,inʊŋ,inɪŋ,inʊŋ,inɪŋ
i.nʊp,i.nɪp,inʊp,inɪp,inʊp,inɪp
i.nʊt,i.nɪt,inʊt,inɪt,inʊt,inɪt
i.nʊk,i.nɪk,inʊk,inɪk,inʊk,inɪk
i.nʊb,i.nɪb,inʊb,inɪb,inʊb,inɪb
i.nʊd,i.nɪd,inʊd,inɪd,inʊd,inɪd
i.nʊg,i.nɪg,inʊg,inɪg,inʊg,inɪg
i.nʊf,i.nɪf,inʊf,inɪf,inʊf,inɪf
i.nʊs,i.nɪs,inʊs,inɪs,inʊs,inɪs
i.nʊv,i.nɪv,inʊv,inɪv,inʊv,inɪv
i.nʊz,i.nɪz,inʊz,inɪz,inʊz,inɪz
i.nʊʃ,i.nɪʃ,inʊʃ,inɪʃ,inʊʃ,inɪʃ
i.nʊʒ,i.nɪʒ,inʊʒ,inɪʒ,inʊʒ,inɪʒ
i.nʊθ,i.nɪθ,inʊθ,inɪθ,inʊθ,inɪθ
i.nʊð,i.nɪð,inʊð,inɪð,inʊð,inɪð
i.pʊm,i.pɪm,ipʊm,ipɪm,ipʊm,ipɪm
i.pʊn,i.pɪn,ipʊn,ipɪn,ipʊn,ipɪn
i.pʊŋ,i.pɪŋ,ipʊŋ,ipɪŋ,ipʊŋ,ipɪŋ
i.pʊp,i.pɪp,ipʊp,ipɪp,ipʊp,ipɪp
i.pʊt,i.pɪt,ipʊt,ipɪt,ipʊt,ipɪt
i.pʊk,i.pɪk,ipʊk,ipɪk,ipʊk,ipɪk
i.pʊb,i.pɪb,ipʊb,ipɪb,ipʊb,ipɪb
i.pʊd,i.pɪd,ipʊd,ipɪd,ipʊd,ipɪd
i.pʊg,i.pɪg,ipʊg,ipɪg,ipʊg,ipɪg
i.pʊf,i.pɪf,ipʊf,ipɪf,ipʊf,ipɪf
i.pʊs,i.pɪs,ipʊs,ipɪs,ipʊs,ipɪs
i.pʊv,i.pɪv,ipʊv,ipɪv,ipʊv,ipɪv
i.pʊz,i.pɪz,ipʊz,ipɪz,ipʊz,ipɪz
i.pʊʃ,i.pɪʃ,ipʊʃ,ipɪʃ,ipʊʃ,ipɪʃ
i.pʊʒ,i.pɪʒ,ipʊʒ,ipɪʒ,ipʊʒ,ipɪʒ
i.pʊθ,i.pɪθ,ipʊθ,ipɪθ,ipʊθ,ipɪθ
i.pʊð,i.pɪð,ipʊð,ipɪð,ipʊð,ipɪð
i.tʊm,i.tɪm,itʊm,itɪm,itʊm,itɪm
i.tʊn,i.tɪn,itʊn,itɪn,itʊn,itɪn
i.tʊŋ,i.tɪŋ,itʊŋ,itɪŋ,itʊŋ,itɪŋ
i.tʊp,i.tɪp,itʊp,itɪp,itʊp,itɪp
i.tʊt,i.tɪt,itʊt,itɪt,itʊt,itɪt
i.tʊk,i.tɪk,itʊk,itɪk,itʊk,itɪk
i.tʊb,i.tɪb,itʊb,itɪb,itʊb,itɪb
i.tʊd,i.tɪd,itʊd,itɪd,itʊd,itɪd
i.tʊg,i.tɪg,itʊg,itɪg,itʊg,itɪg
i.tʊf,i.tɪf,itʊf,itɪf,itʊf,itɪf
i.tʊs,i.tɪs,itʊs,itɪs,itʊs,itɪs
i.tʊv,i.tɪv,itʊv,itɪv,itʊv,itɪv
i.tʊz,i.tɪz,itʊz,itɪz,itʊz,itɪz
i.tʊʃ,i.tɪʃ,itʊʃ,itɪʃ,itʊʃ,itɪʃ
i.tʊʒ,i.tɪʒ,itʊʒ,itɪʒ,itʊʒ,itɪʒ
i.tʊθ,i.tɪθ,itʊθ,itɪθ,itʊθ,itɪθ
i.tʊð,i.tɪð,itʊð,itɪð,itʊð,itɪð
i.kʊm,i.kɪm,ikʊm,ikɪm,ikʊm,ikɪm
i.kʊn,i.kɪn,ikʊn,ikɪn,ikʊn,ikɪn
i.kʊŋ,i.kɪŋ,ikʊŋ,ikɪŋ,ikʊŋ,ikɪŋ
i.kʊp,i.kɪp,ikʊp,ikɪp,ikʊp,ikɪp
i.kʊt,i.kɪt,ikʊt,ikɪt,ikʊt,ikɪt
i.kʊk,i.kɪk,ikʊk,ikɪk,ikʊk,ikɪk
i.kʊb,i.kɪb,ikʊb,ikɪb,ikʊb,ikɪb
i.kʊd,i.kɪd,ikʊd,ikɪd,ikʊd,ikɪd
i.kʊg,i.kɪg,ikʊg,ikɪg,ikʊg,ikɪg
i.kʊf,i.kɪf,ikʊf,ikɪf,ikʊf,ikɪf
i.kʊs,i.kɪs,ikʊs,ikɪs,ikʊs,ikɪs
i.kʊv,i.kɪv,ikʊv,ikɪv,ikʊv,ikɪv
i.kʊz,i.kɪz,ikʊz,ikɪz,ikʊz,ikɪz
i.kʊʃ,i.kɪʃ,ikʊʃ,ikɪʃ,ikʊʃ,ikɪʃ
i.kʊʒ,i.kɪʒ,ikʊʒ,ikɪʒ,ikʊʒ,ikɪʒ
i.kʊθ,i.kɪθ,ikʊθ,ikɪθ,ikʊθ,ikɪθ
i.kʊð,i.kɪð,ikʊð,ikɪð,ikʊð,ikɪð
i.bʊm,i.bɪm,ibʊm,ibɪm,ibʊm,ibɪm
i.bʊn,i.bɪn,ibʊn,ibɪn,ibʊn,ibɪn
i.bʊŋ,i.bɪŋ,ibʊŋ,ibɪŋ,ibʊŋ,ibɪŋ
i.bʊp,i.bɪp,ibʊp,ibɪp,ibʊp,ibɪp
i.bʊt,i.bɪt,ibʊt,ibɪt,ibʊt,ibɪt
i.bʊk,i.bɪk,ibʊk,ibɪk,ibʊk,ibɪk
i.bʊb,i.bɪb,ibʊb,ibɪb,ibʊb,ibɪb
i.bʊd,i.bɪd,ibʊd,ibɪd,ibʊd,ibɪd
i.bʊg,i.bɪg,ibʊg,ibɪg,ibʊg,ibɪg
i.bʊf,i.bɪf,ibʊf,ibɪf,ibʊf,ibɪf
i.bʊs,i.bɪs,ibʊs,ibɪs,ibʊs,ibɪs
i.bʊv,i.bɪv,ibʊv,ibɪv,ibʊv,ibɪv
i.bʊz,i.bɪz,ibʊz,ibɪz,ibʊz,ibɪz
i.bʊʃ,i.bɪʃ,ibʊʃ,ibɪʃ,ibʊʃ,ibɪʃ
i.bʊʒ,i.bɪʒ,ibʊʒ,ibɪʒ,ibʊʒ,ibɪʒ
i.bʊθ,i.bɪθ,ibʊθ,ibɪθ,ibʊθ,ibɪθ
i.bʊð,i.bɪð,ibʊð,ibɪð,ibʊð,ibɪð
i.dʊm,i.dɪm,idʊm,idɪm,idʊm,idɪm
i.dʊn,i.dɪn,idʊn,idɪn,idʊn,idɪn
i.dʊŋ,i.dɪŋ,idʊŋ,idɪŋ,idʊŋ,idɪŋ
i.dʊp,i.dɪp,idʊp,idɪp,idʊp,idɪp
i.dʊt,i.dɪt,idʊt,idɪt,idʊt,idɪt
i.dʊk,i.dɪk,idʊk,idɪk,idʊk,idɪk
i.dʊb,i.dɪb,idʊb,idɪb,idʊb,idɪb
i.dʊd,i.dɪd,idʊd,idɪd,idʊd,idɪd
i.dʊg,i.dɪg,idʊg,idɪg,idʊg,idɪg
i.dʊf,i.dɪf,idʊf,idɪf,idʊf,idɪf
i.dʊs,i.dɪs,idʊs,idɪs,idʊs,idɪs
i.dʊv,i.dɪv,idʊv,idɪv,idʊv,idɪv
i.dʊz,i.dɪz,idʊz,idɪz,idʊz,idɪz
i.dʊʃ,i.dɪʃ,idʊʃ,idɪʃ,idʊʃ,idɪʃ
i.dʊʒ,i.dɪʒ,idʊʒ,idɪʒ,idʊʒ,idɪʒ
i.dʊθ,i.dɪθ,idʊθ,idɪθ,idʊθ,idɪθ
i.dʊð,i.dɪð,idʊð,idɪð,idʊð,idɪð
i.gʊm,i.gɪm,igʊm,igɪm,igʊm,igɪm
i.gʊn,i.gɪn,igʊn,igɪn,igʊn,igɪn
i.gʊŋ,i.gɪŋ,igʊŋ,igɪŋ,igʊŋ,igɪŋ
i.gʊp,i.gɪp,igʊp,igɪp,igʊp,igɪp
i.gʊt,i.gɪt,igʊt,igɪt,igʊt,igɪt
i.gʊk,i.gɪk,igʊk,igɪk,igʊk,igɪk
i.gʊb,i.gɪb,igʊb,igɪb,igʊb,igɪb
i.gʊd,i.gɪd,igʊd,igɪd,igʊd,igɪd
i.gʊg,i.gɪg,igʊg,igɪg,igʊg,igɪg
i.gʊf,i.gɪf,igʊf,igɪf,igʊf,igɪf
i.gʊs,i.gɪs,igʊs,igɪs,igʊs,igɪs
i.gʊv,i.gɪv,igʊv,igɪv,igʊv,igɪv
i.gʊz,i.gɪz,igʊz,igɪz,igʊz,igɪz
i.gʊʃ,i.gɪʃ,igʊʃ,igɪʃ,igʊʃ,igɪʃ
i.gʊʒ,i.gɪʒ,igʊʒ,igɪʒ,igʊʒ,igɪʒ
i.gʊθ,i.gɪθ,igʊθ,igɪθ,igʊθ,igɪθ
i.gʊð,i.gɪð,igʊð,igɪð,igʊð,igɪð
i.fʊm,i.fɪm,ifʊm,ifɪm,ifʊm,ifɪm
i.fʊn,i.fɪn,ifʊn,ifɪn,ifʊn,ifɪn
i.fʊŋ,i.fɪŋ,ifʊŋ,ifɪŋ,ifʊŋ,ifɪŋ
i.fʊp,i.fɪp,ifʊp,ifɪp,ifʊp,ifɪp
i.fʊt,i.fɪt,ifʊt,ifɪt,ifʊt,ifɪt
i.fʊk,i.fɪk,ifʊk,ifɪk,ifʊk,ifɪk
i.fʊb,i.fɪb,ifʊb,ifɪb,ifʊb,ifɪb
i.fʊd,i.fɪd,ifʊd,ifɪd,ifʊd,ifɪd
i.fʊg,i.fɪg,ifʊg,ifɪg,ifʊg,ifɪg
i.fʊf,i.fɪf,ifʊf,ifɪf,ifʊf,ifɪf
i.fʊs,i.fɪs,ifʊs,ifɪs,ifʊs,ifɪs
i.fʊv,i.fɪv,ifʊv,ifɪv,ifʊv,ifɪv
i.fʊz,i.fɪz,ifʊz,ifɪz,ifʊz,ifɪz
i.fʊʃ,i.fɪʃ,ifʊʃ,ifɪʃ,ifʊʃ,ifɪʃ
i.fʊʒ,i.fɪʒ,ifʊʒ,ifɪʒ,ifʊʒ,ifɪʒ
i.fʊθ,i.fɪθ,ifʊθ,ifɪθ,ifʊθ,ifɪθ
i.fʊð,i.fɪð,ifʊð,ifɪð,ifʊð,ifɪð
i.sʊm,i.sɪm,isʊm,isɪm,isʊm,isɪm
i.sʊn,i.sɪn,isʊn,isɪn,isʊn,isɪn
i.sʊŋ,i.sɪŋ,isʊŋ,isɪŋ,isʊŋ,isɪŋ
i.sʊp,i.sɪp,isʊp,isɪp,isʊp,isɪp
i.sʊt,i.sɪt,isʊt,isɪt,isʊt,isɪt
i.sʊk,i.sɪk,isʊk,isɪk,isʊk,isɪk
i.sʊb,i.sɪb,isʊb,isɪb,isʊb,isɪb
i.sʊd,i.sɪd,isʊd,isɪd,isʊd,isɪd
i.sʊg,i.sɪg,isʊg,isɪg,isʊg,isɪg
i.sʊf,i.sɪf,isʊf,isɪf,isʊf,isɪf
i.sʊs,i.sɪs,isʊs,isɪs,isʊs,isɪs
i.sʊv,i.sɪv,isʊv,isɪv,isʊv,isɪv
i.sʊz,i.sɪz,isʊz,isɪz,isʊz,isɪz
i.sʊʃ,i.sɪʃ,isʊʃ,isɪʃ,isʊʃ,isɪʃ
i.sʊʒ,i.sɪʒ,isʊʒ,isɪʒ,isʊʒ,isɪʒ
i.sʊθ,i.sɪθ,isʊθ,isɪθ,isʊθ,isɪθ
i.sʊð,i.sɪð,isʊð,isɪð,isʊð,isɪð
i.vʊm,i.vɪm,ivʊm,ivɪm,ivʊm,ivɪm
i.vʊn,i.vɪn,ivʊn,ivɪn,ivʊn,ivɪn
i.vʊŋ,i.vɪŋ,ivʊŋ,ivɪŋ,ivʊŋ,ivɪŋ
i.vʊp,i.vɪp,ivʊp,ivɪp,ivʊp,ivɪp
i.vʊt,i.vɪt,ivʊt,ivɪt,ivʊt,ivɪt
i.vʊk,i.vɪk,ivʊk,ivɪk,ivʊk,ivɪk
i.vʊb,i.vɪb,ivʊb,ivɪb,ivʊb,ivɪb
i.vʊd,i.vɪd,ivʊd,ivɪd,ivʊd,ivɪd
i.vʊg,i.vɪg,ivʊg,ivɪg,ivʊg,ivɪg
i.vʊf,i.vɪf,ivʊf,ivɪf,ivʊf,ivɪf
i.vʊs,i.vɪs,ivʊs,ivɪs,ivʊs,ivɪs
i.vʊv,i.vɪv,ivʊv,ivɪv,ivʊv,ivɪv
i.vʊz,i.vɪz,ivʊz,ivɪz,ivʊz,ivɪz
i.vʊʃ,i.vɪʃ,ivʊʃ,ivɪʃ,ivʊʃ,ivɪʃ
i.vʊʒ,i.vɪʒ,ivʊʒ,ivɪʒ,ivʊʒ,ivɪʒ
i.vʊθ,i.vɪθ,ivʊθ,ivɪθ,ivʊθ,ivɪθ
i.vʊð,i.vɪð,ivʊð,ivɪð,ivʊð,ivɪð
i.zʊm,i.zɪm,izʊm,izɪm,izʊm,izɪm
i.zʊn,i.zɪn,izʊn,izɪn,izʊn,izɪn
i.zʊŋ,i.zɪŋ,izʊŋ,izɪŋ,izʊŋ,izɪŋ
i.zʊp,i.zɪp,izʊp,izɪp,izʊp,izɪp
i.zʊt,i.zɪt,izʊt,izɪt,izʊt,izɪt
i.zʊk,i.zɪk,izʊk,izɪk,izʊk,izɪk
i.zʊb,i.zɪb,izʊb,izɪb,izʊb,izɪb
i.zʊd,i.zɪd,izʊd,izɪd,izʊd,izɪd
i.zʊg,i.zɪg,izʊg,izɪg,izʊg,izɪg
i.zʊf,i.zɪf,izʊf,izɪf,izʊf,izɪf
i.zʊs,i.zɪs,izʊs,izɪs,izʊs,izɪs
i.zʊv,i.zɪv,izʊv,izɪv,izʊv,izɪv
i.zʊz,i.zɪz,izʊz,izɪz,izʊz,izɪz
i.zʊʃ,i.zɪʃ,izʊʃ,izɪʃ,izʊʃ,izɪʃ
i.zʊʒ,i.zɪʒ,izʊʒ,izɪʒ,izʊʒ,izɪʒ
i.zʊθ,i.zɪθ,izʊθ,izɪθ,izʊθ,izɪθ
i.zʊð,i.zɪð,izʊð,izɪð,izʊð,izɪð
i.ʃʊm,i.ʃɪm,iʃʊm,iʃɪm,iʃʊm,iʃɪm
i.ʃʊn,i.ʃɪn,iʃʊn,iʃɪn,iʃʊn,iʃɪn
i.ʃʊŋ,i.ʃɪŋ,iʃʊŋ,iʃɪŋ,iʃʊŋ,iʃɪŋ
i.ʃʊp,i.ʃɪp,iʃʊp,iʃɪp,iʃʊp,iʃɪp
i.ʃʊt,i.ʃɪt,iʃʊt,iʃɪt,iʃʊt,iʃɪt
i.ʃʊk,i.ʃɪk,iʃʊk,iʃɪk,iʃʊk,iʃɪk
i.ʃʊb,i.ʃɪb,iʃʊb,iʃɪb,iʃʊb,iʃɪb
i.ʃʊd,i.ʃɪd,iʃʊd,iʃɪd,iʃʊd,iʃɪd
i.ʃʊg,i.ʃɪg,iʃʊg,iʃɪg,iʃʊg,iʃɪg
i.ʃʊf,i.ʃɪf,iʃʊf,iʃɪf,iʃʊf,iʃɪf
i.ʃʊs,i.ʃɪs,iʃʊs,iʃɪs,iʃʊs,iʃɪs
i.ʃʊv,i.ʃɪv,iʃʊv,iʃɪv,iʃʊv,iʃɪv
i.ʃʊz,i.ʃɪz,iʃʊz,iʃɪz,iʃʊz,iʃɪz
i.ʃʊʃ,i.ʃɪʃ,iʃʊʃ,iʃɪʃ,iʃʊʃ,iʃɪʃ
i.ʃʊʒ,i.ʃɪʒ,iʃʊʒ,iʃɪʒ,iʃʊʒ,iʃɪʒ
i.ʃʊθ,i.ʃɪθ,iʃʊθ,iʃɪθ,iʃʊθ,iʃɪθ
i.ʃʊð,i.ʃɪð,iʃʊð,iʃɪð,iʃʊð,iʃɪð
i.ʒʊm,i.ʒɪm,iʒʊm,iʒɪm,iʒʊm,iʒɪm
i.ʒʊn,i.ʒɪn,iʒʊn,iʒɪn,iʒʊn,iʒɪn
i.ʒʊŋ,i.ʒɪŋ,iʒʊŋ,iʒɪŋ,iʒʊŋ,iʒɪŋ
i.ʒʊp,i.ʒɪp,iʒʊp,iʒɪp,iʒʊp,iʒɪp
i.ʒʊt,i.ʒɪt,iʒʊt,iʒɪt,iʒʊt,iʒɪt
i.ʒʊk,i.ʒɪk,iʒʊk,iʒɪk,iʒʊk,iʒɪk
i.ʒʊb,i.ʒɪb,iʒʊb,iʒɪb,iʒʊb,iʒɪb
i.ʒʊd,i.ʒɪd,iʒʊd,iʒɪd,iʒʊd,iʒɪd
i.ʒʊg,i.ʒɪg,iʒʊg,iʒɪg,iʒʊg,iʒɪg
i.ʒʊf,i.ʒɪf,iʒʊf,iʒɪf,iʒʊf,iʒɪf
i.ʒʊs,i.ʒɪs,iʒʊs,iʒɪs,iʒʊs,iʒɪs
i.ʒʊv,i.ʒɪv,iʒʊv,iʒɪv,iʒʊv,iʒɪv
i.ʒʊz,i.ʒɪz,iʒʊz,iʒɪz,iʒʊz,iʒɪz
i.ʒʊʃ,i.ʒɪʃ,iʒʊʃ,iʒɪʃ,iʒʊʃ,iʒɪʃ
i.ʒʊʒ,i.ʒɪʒ,iʒʊʒ,iʒɪʒ,iʒʊʒ,iʒɪʒ
i.ʒʊθ,i.ʒɪθ,iʒʊθ,iʒɪθ,iʒʊθ,iʒɪθ
i.ʒʊð,i.ʒɪð,iʒʊð,iʒɪð,iʒʊð,iʒɪð
i.θʊm,i.θɪm,iθʊm,iθɪm,iθʊm,iθɪm
i.θʊn,i.θɪn,iθʊn,iθɪn,iθʊn,iθɪn
i.θʊŋ,i.θɪŋ,iθʊŋ,iθɪŋ,iθʊŋ,iθɪŋ
i.θʊp,i.θɪp,iθʊp,iθɪp,iθʊp,iθɪp
i.θʊt,i.θɪt,iθʊt,iθɪt,iθʊt,iθɪt
i.θʊk,i.θɪk,iθʊk,iθɪk,iθʊk,iθɪk
i.θʊb,i.θɪb,iθʊb,iθɪb,iθʊb,iθɪb
i.θʊd,i.θɪd,iθʊd,iθɪd,iθʊd,iθɪd
i.θʊg,i.θɪg,iθʊg,iθɪg,iθʊg,iθɪg
i.θʊf,i.θɪf,iθʊf,iθɪf,iθʊf,iθɪf
i.θʊs,i.θɪs,iθʊs,iθɪs,iθʊs,iθɪs
i.θʊv,i.θɪv,iθʊv,iθɪv,iθʊv,iθɪv
i.θʊz,i.θɪz,iθʊz,iθɪz,iθʊz,iθɪz
i.θʊʃ,i.θɪʃ,iθʊʃ,iθɪʃ,iθʊʃ,iθɪʃ
i.θʊʒ,i.θɪʒ,iθʊʒ,iθɪʒ,iθʊʒ,iθɪʒ
i.θʊθ,i.θɪθ,iθʊθ,iθɪθ,iθʊθ,iθɪθ
i.θʊð,i.θɪð,iθʊð,iθɪð,iθʊð,iθɪð
i.ðʊm,i.ðɪm,iðʊm,iðɪm,iðʊm,iðɪm
i.ðʊn,i.ðɪn,iðʊn,iðɪn,iðʊn,iðɪn
i.ðʊŋ,i.ðɪŋ,iðʊŋ,iðɪŋ,iðʊŋ,iðɪŋ
i.ðʊp,i.ðɪp,iðʊp,iðɪp,iðʊp,iðɪp
i.ðʊt,i.ðɪt,iðʊt,iðɪt,iðʊt,iðɪt
i.ðʊk,i.ðɪk,iðʊk,iðɪk,iðʊk,iðɪk
i.ðʊb,i.ðɪb,iðʊb,iðɪb,iðʊb,iðɪb
i.ðʊd,i.ðɪd,iðʊd,iðɪd,iðʊd,iðɪd
i.ðʊg,i.ðɪg,iðʊg,iðɪg,iðʊg,iðɪg
i.ðʊf,i.ðɪf,iðʊf,iðɪf,iðʊf,iðɪf
i.ðʊs,i.ðɪs,iðʊs,iðɪs,iðʊs,iðɪs
i.ðʊv,i.ðɪv,iðʊv,iðɪv,iðʊv,iðɪv
i.ðʊz,i.ðɪz,iðʊz,iðɪz,iðʊz,iðɪz
i.ðʊʃ,i.ðɪʃ,iðʊʃ,iðɪʃ,iðʊʃ,iðɪʃ
i.ðʊʒ,i.ðɪʒ,iðʊʒ,iðɪʒ,iðʊʒ,iðɪʒ
i.ðʊθ,i.ðɪθ,iðʊθ,iðɪθ,iðʊθ,iðɪθ
i.ðʊð,i.ðɪð,iðʊð,iðɪð,iðʊð,iðɪð
i.hʊm,i.hɪm,ihʊm,ihɪm,ihʊm,ihɪm
i.hʊn,i.hɪn,ihʊn,ihɪn,ihʊn,ihɪn
i.hʊŋ,i.hɪŋ,ihʊŋ,ihɪŋ,ihʊŋ,ihɪŋ
i.hʊp,i.hɪp,ihʊp,ihɪp,ihʊp,ihɪp
i.hʊt,i.hɪt,ihʊt,ihɪt,ihʊt,ihɪt
i.hʊk,i.hɪk,ihʊk,ihɪk,ihʊk,ihɪk
i.hʊb,i.hɪb,ihʊb,ihɪb,ihʊb,ihɪb
i.hʊd,i.hɪd,ihʊd,ihɪd,ihʊd,ihɪd
i.hʊg,i.hɪg,ihʊg,ihɪg,ihʊg,ihɪg
i.hʊf,i.hɪf,ihʊf,ihɪf,ihʊf,ihɪf
i.hʊs,i.hɪs,ihʊs,ihɪs,ihʊs,ihɪs
i.hʊv,i.hɪv,ihʊv,ihɪv,ihʊv,ihɪv
i.hʊz,i.hɪz,ihʊz,ihɪz,ihʊz,ihɪz
i.hʊʃ,i.hɪʃ,ihʊʃ,ihɪʃ,ihʊʃ,ihɪʃ
i.hʊʒ,i.hɪʒ,ihʊʒ,ihɪʒ,ihʊʒ,ihɪʒ
i.hʊθ,i.hɪθ,ihʊθ,ihɪθ,ihʊθ,ihɪθ
i.hʊð,i.hɪð,ihʊð,ihɪð,ihʊð,ihɪð
i.mɔm,i.mɛm,imɔm,imɛm,imɔm,imɛm
i.mɔn,i.mɛn,imɔn,imɛn,imɔn,imɛn
i.mɔŋ,i.mɛŋ,imɔŋ,imɛŋ,imɔŋ,imɛŋ
i.mɔp,i.mɛp,imɔp,imɛp,imɔp,imɛp
i.mɔt,i.mɛt,imɔt,imɛt,imɔt,imɛt
i.mɔk,i.mɛk,imɔk,imɛk,imɔk,imɛk
i.mɔb,i.mɛb,imɔb,imɛb,imɔb,imɛb
i.mɔd,i.mɛd,imɔd,imɛd,imɔd,imɛd
i.mɔg,i.mɛg,imɔg,imɛg,imɔg,imɛg
i.mɔf,i.mɛf,imɔf,imɛf,imɔf,imɛf
i.mɔs,i.mɛs,imɔs,imɛs,imɔs,imɛs
i.mɔv,i.mɛv,imɔv,imɛv,imɔv,imɛv
i.mɔz,i.mɛz,imɔz,imɛz,imɔz,imɛz
i.mɔʃ,i.mɛʃ,imɔʃ,imɛʃ,imɔʃ,imɛʃ
i.mɔʒ,i.mɛʒ,imɔʒ,imɛʒ,imɔʒ,imɛʒ
i.mɔθ,i.mɛθ,imɔθ,imɛθ,imɔθ,imɛθ
i.mɔð,i.mɛð,imɔð,imɛð,imɔð,imɛð
i.nɔm,i.nɛm,inɔm,inɛm,inɔm,inɛm
i.nɔn,i.nɛn,inɔn,inɛn,inɔn,inɛn
i.nɔŋ,i.nɛŋ,inɔŋ,inɛŋ,inɔŋ,inɛŋ
i.nɔp,i.nɛp,inɔp,inɛp,inɔp,inɛp
i.nɔt,i.nɛt,inɔt,inɛt,inɔt,inɛt
i.nɔk,i.nɛk,inɔk,inɛk,inɔk,inɛk
i.nɔb,i.nɛb,inɔb,inɛb,inɔb,inɛb
i.nɔd,i.nɛd,inɔd,inɛd,inɔd,inɛd
i.nɔg,i.nɛg,inɔg,inɛg,inɔg,inɛg
i.nɔf,i.nɛf,inɔf,inɛf,inɔf,inɛf
i.nɔs,i.nɛs,inɔs,inɛs,inɔs,inɛs
i.nɔv,i.nɛv,inɔv,inɛv,inɔv,inɛv
i.nɔz,i.nɛz,inɔz,inɛz,inɔz,inɛz
i.nɔʃ,i.nɛʃ,inɔʃ,inɛʃ,inɔʃ,inɛʃ
i.nɔʒ,i.nɛʒ,inɔʒ,inɛʒ,inɔʒ,inɛʒ
i.nɔθ,i.nɛθ,inɔθ,inɛθ,inɔθ,inɛθ
i.nɔð,i.nɛð,inɔð,inɛð,inɔð,inɛð
i.pɔm,i.pɛm,ipɔm,ipɛm,ipɔm,ipɛm
i.pɔn,i.pɛn,ipɔn,ipɛn,ipɔn,ipɛn
i.pɔŋ,i.pɛŋ,ipɔŋ,ipɛŋ,ipɔŋ,ipɛŋ
i.pɔp,i.pɛp,ipɔp,ipɛp,ipɔp,ipɛp
i.pɔt,i.pɛt,ipɔt,ipɛt,ipɔt,ipɛt
i.pɔk,i.pɛk,ipɔk,ipɛk,ipɔk,ipɛk
i.pɔb,i.pɛb,ipɔb,ipɛb,ipɔb,ipɛb
i.pɔd,i.pɛd,ipɔd,ipɛd,ipɔd,ipɛd
i.pɔg,i.pɛg,ipɔg,ipɛg,ipɔg,ipɛg
i.pɔf,i.pɛf,ipɔf,ipɛf,ipɔf,ipɛf
i.pɔs,i.pɛs,ipɔs,ipɛs,ipɔs,ipɛs
i.pɔv,i.pɛv,ipɔv,ipɛv,ipɔv,ipɛv
i.pɔz,i.pɛz,ipɔz,ipɛz,ipɔz,ipɛz
i.pɔʃ,i.pɛʃ,ipɔʃ,ipɛʃ,ipɔʃ,ipɛʃ
i.pɔʒ,i.pɛʒ,ipɔʒ,ipɛʒ,ipɔʒ,ipɛʒ
i.pɔθ,i.pɛθ,ipɔθ,ipɛθ,ipɔθ,ipɛθ
i.pɔð,i.pɛð,ipɔð,ipɛð,ipɔð,ipɛð
i.tɔm,i.tɛm,itɔm,itɛm,itɔm,itɛm
i.tɔn,i.tɛn,itɔn,itɛn,itɔn,itɛn
i.tɔŋ,i.tɛŋ,itɔŋ,itɛŋ,itɔŋ,itɛŋ
i.tɔp,i.tɛp,itɔp,itɛp,itɔp,itɛp
i.tɔt,i.tɛt,itɔt,itɛt,itɔt,itɛt
i.tɔk,i.tɛk,itɔk,itɛk,itɔk,itɛk
i.tɔb,i.tɛb,itɔb,itɛb,itɔb,itɛb
i.tɔd,i.tɛd,itɔd,itɛd,itɔd,itɛd
i.tɔg,i.tɛg,itɔg,itɛg,itɔg,itɛg
i.tɔf,i.tɛf,itɔf,itɛf,itɔf,itɛf
i.tɔs,i.tɛs,itɔs,itɛs,itɔs,itɛs
i.tɔv,i.tɛv,itɔv,itɛv,itɔv,itɛv
i.tɔz,i.tɛz,itɔz,itɛz,itɔz,itɛz
i.tɔʃ,i.tɛʃ,itɔʃ,itɛʃ,itɔʃ,itɛʃ
i.tɔʒ,i.tɛʒ,itɔʒ,itɛʒ,itɔʒ,itɛʒ
i.tɔθ,i.tɛθ,itɔθ,itɛθ,itɔθ,itɛθ
i.tɔð,i.tɛð,itɔð,itɛð,itɔð,itɛð
i.kɔm,i.kɛm,ikɔm,ikɛm,ikɔm,ikɛm
i.kɔn,i.kɛn,ikɔn,ikɛn,ikɔn,ikɛn
i.kɔŋ,i.kɛŋ,ikɔŋ,ikɛŋ,ikɔŋ,ikɛŋ
i.kɔp,i.kɛp,ikɔp,ikɛp,ikɔp,ikɛp
i.kɔt,i.kɛt,ikɔt,ikɛt,ikɔt,ikɛt
i.kɔk,i.kɛk,ikɔk,ikɛk,ikɔk,ikɛk
i.kɔb,i.kɛb,ikɔb,ikɛb,ikɔb,ikɛb
i.kɔd,i.kɛd,ikɔd,ikɛd,ikɔd,ikɛd
i.kɔg,i.kɛg,ikɔg,ikɛg,ikɔg,ikɛg
i.kɔf,i.kɛf,ikɔf,ikɛf,ikɔf,ikɛf
i.kɔs,i.kɛs,ikɔs,ikɛs,ikɔs,ikɛs
i.kɔv,i.kɛv,ikɔv,ikɛv,ikɔv,ikɛv
i.kɔz,i.kɛz,ikɔz,ikɛz,ikɔz,ikɛz
i.kɔʃ,i.kɛʃ,ikɔʃ,ikɛʃ,ikɔʃ,ikɛʃ
i.kɔʒ,i.kɛʒ,ikɔʒ,ikɛʒ,ikɔʒ,ikɛʒ
i.kɔθ,i.kɛθ,ikɔθ,ikɛθ,ikɔθ,ikɛθ
i.kɔð,i.kɛð,ikɔð,ikɛð,ikɔð,ikɛð
i.bɔm,i.bɛm,ibɔm,ibɛm,ibɔm,ibɛm
i.bɔn,i.bɛn,ibɔn,ibɛn,ibɔn,ibɛn
i.bɔŋ,i.bɛŋ,ibɔŋ,ibɛŋ,ibɔŋ,ibɛŋ
i.bɔp,i.bɛp,ibɔp,ibɛp,ibɔp,ibɛp
i.bɔt,i.bɛt,ibɔt,ibɛt,ibɔt,ibɛt
i.bɔk,i.bɛk,ibɔk,ibɛk,ibɔk,ibɛk
i.bɔb,i.bɛb,ibɔb,ibɛb,ibɔb,ibɛb
i.bɔd,i.bɛd,ibɔd,ibɛd,ibɔd,ibɛd
i.bɔg,i.bɛg,ibɔg,ibɛg,ibɔg,ibɛg
i.bɔf,i.bɛf,ibɔf,ibɛf,ibɔf,ibɛf
i.bɔs,i.bɛs,ibɔs,ibɛs,ibɔs,ibɛs
i.bɔv,i.bɛv,ibɔv,ibɛv,ibɔv,ibɛv
i.bɔz,i.bɛz,ibɔz,ibɛz,ibɔz,ibɛz
i.bɔʃ,i.bɛʃ,ibɔʃ,ibɛʃ,ibɔʃ,ibɛʃ
i.bɔʒ,i.bɛʒ,ibɔʒ,ibɛʒ,ibɔʒ,ibɛʒ
i.bɔθ,i.bɛθ,ibɔθ,ibɛθ,ibɔθ,ibɛθ
i.bɔð,i.bɛð,ibɔð,ibɛð,ibɔð,ibɛð
i.dɔm,i.dɛm,idɔm,idɛm,idɔm,idɛm
i.dɔn,i.dɛn,idɔn,idɛn,idɔn,idɛn
i.dɔŋ,i.dɛŋ,idɔŋ,idɛŋ,idɔŋ,idɛŋ
i.dɔp,i.dɛp,idɔp,idɛp,idɔp,idɛp
i.dɔt,i.dɛt,idɔt,idɛt,idɔt,idɛt
i.dɔk,i.dɛk,idɔk,idɛk,idɔk,idɛk
i.dɔb,i.dɛb,idɔb,idɛb,idɔb,idɛb
i.dɔd,i.dɛd,idɔd,idɛd,idɔd,idɛd
i.dɔg,i.dɛg,idɔg,idɛg,idɔg,idɛg
i.dɔf,i.dɛf,idɔf,idɛf,idɔf,idɛf
i.dɔs,i.dɛs,idɔs,idɛs,idɔs,idɛs
i.dɔv,i.dɛv,idɔv,idɛv,idɔv,idɛv
i.dɔz,i.dɛz,idɔz,idɛz,idɔz,idɛz
i.dɔʃ,i.dɛʃ,idɔʃ,idɛʃ,idɔʃ,idɛʃ
i.dɔʒ,i.dɛʒ,idɔʒ,idɛʒ,idɔʒ,idɛʒ
i.dɔθ,i.dɛθ,idɔθ,idɛθ,idɔθ,idɛθ
i.dɔð,i.dɛð,idɔð,idɛð,idɔð,idɛð
i.gɔm,i.gɛm,igɔm,igɛm,igɔm,igɛm
i.gɔn,i.gɛn,igɔn,igɛn,igɔn,igɛn
i.gɔŋ,i.gɛŋ,igɔŋ,igɛŋ,igɔŋ,igɛŋ
i.gɔp,i.gɛp,igɔp,igɛp,igɔp,igɛp
i.gɔt,i.gɛt,igɔt,igɛt,igɔt,igɛt
i.gɔk,i.gɛk,igɔk,igɛk,igɔk,igɛk
i.gɔb,i.gɛb,igɔb,igɛb,igɔb,igɛb
i.gɔd,i.gɛd,igɔd,igɛd,igɔd,igɛd
i.gɔg,i.gɛg,igɔg,igɛg,igɔg,igɛg
i.gɔf,i.gɛf,igɔf,igɛf,igɔf,igɛf
i.gɔs,i.gɛs,igɔs,igɛs,igɔs,igɛs
i.gɔv,i.gɛv,igɔv,igɛv,igɔv,igɛv
i.gɔz,i.gɛz,igɔz,igɛz,igɔz,igɛz
i.gɔʃ,i.gɛʃ,igɔʃ,igɛʃ,igɔʃ,igɛʃ
i.gɔʒ,i.gɛʒ,igɔʒ,igɛʒ,igɔʒ,igɛʒ
i.gɔθ,i.gɛθ,igɔθ,igɛθ,igɔθ,igɛθ
i.gɔð,i.gɛð,igɔð,igɛð,igɔð,igɛð
i.fɔm,i.fɛm,ifɔm,ifɛm,ifɔm,ifɛm
i.fɔn,i.fɛn,ifɔn,ifɛn,ifɔn,ifɛn
i.fɔŋ,i.fɛŋ,ifɔŋ,ifɛŋ,ifɔŋ,ifɛŋ
i.fɔp,i.fɛp,ifɔp,ifɛp,ifɔp,ifɛp
i.fɔt,i.fɛt,ifɔt,ifɛt,ifɔt,ifɛt
i.fɔk,i.fɛk,ifɔk,ifɛk,ifɔk,ifɛk
i.fɔb,i.fɛb,ifɔb,ifɛb,ifɔb,ifɛb
i.fɔd,i.fɛd,ifɔd,ifɛd,ifɔd,ifɛd
i.fɔg,i.fɛg,ifɔg,ifɛg,ifɔg,ifɛg
i.fɔf,i.fɛf,ifɔf,ifɛf,ifɔf,ifɛf
i.fɔs,i.fɛs,ifɔs,ifɛs,ifɔs,ifɛs
i.fɔv,i.fɛv,ifɔv,ifɛv,ifɔv,ifɛv
i.fɔz,i.fɛz,ifɔz,ifɛz,ifɔz,ifɛz
i.fɔʃ,i.fɛʃ,ifɔʃ,ifɛʃ,ifɔʃ,ifɛʃ
i.fɔʒ,i.fɛʒ,ifɔʒ,ifɛʒ,ifɔʒ,ifɛʒ
i.fɔθ,i.fɛθ,ifɔθ,ifɛθ,ifɔθ,ifɛθ
i.fɔð,i.fɛð,ifɔð,ifɛð,ifɔð,ifɛð
i.sɔm,i.sɛm,isɔm,isɛm,isɔm,isɛm
i.sɔn,i.sɛn,isɔn,isɛn,isɔn,isɛn
i.sɔŋ,i.sɛŋ,isɔŋ,isɛŋ,isɔŋ,isɛŋ
i.sɔp,i.sɛp,isɔp,isɛp,isɔp,isɛp
i.sɔt,i.sɛt,isɔt,isɛt,isɔt,isɛt
i.sɔk,i.sɛk,isɔk,isɛk,isɔk,isɛk
i.sɔb,i.sɛb,isɔb,isɛb,isɔb,isɛb
i.sɔd,i.sɛd,isɔd,isɛd,isɔd,isɛd
i.sɔg,i.sɛg,isɔg,isɛg,isɔg,isɛg
i.sɔf,i.sɛf,isɔf,isɛf,isɔf,isɛf
i.sɔs,i.sɛs,isɔs,isɛs,isɔs,isɛs
i.sɔv,i.sɛv,isɔv,isɛv,isɔv,isɛv
i.sɔz,i.sɛz,isɔz,isɛz,isɔz,isɛz
i.sɔʃ,i.sɛʃ,isɔʃ,isɛʃ,isɔʃ,isɛʃ
i.sɔʒ,i.sɛʒ,isɔʒ,isɛʒ,isɔʒ,isɛʒ
i.sɔθ,i.sɛθ,isɔθ,isɛθ,isɔθ,isɛθ
i.sɔð,i.sɛð,isɔð,isɛð,isɔð,isɛð
i.vɔm,i.vɛm,ivɔm,ivɛm,ivɔm,ivɛm
i.vɔn,i.vɛn,ivɔn,ivɛn,ivɔn,ivɛn
i.vɔŋ,i.vɛŋ,ivɔŋ,ivɛŋ,ivɔŋ,ivɛŋ
i.vɔp,i.vɛp,ivɔp,ivɛp,ivɔp,ivɛp
i.vɔt,i.vɛt,ivɔt,ivɛt,ivɔt,ivɛt
i.vɔk,i.vɛk,ivɔk,ivɛk,ivɔk,ivɛk
i.vɔb,i.vɛb,ivɔb,ivɛb,ivɔb,ivɛb
i.vɔd,i.vɛd,ivɔd,ivɛd,ivɔd,ivɛd
i.vɔg,i.vɛg,ivɔg,ivɛg,ivɔg,ivɛg
i.vɔf,i.vɛf,ivɔf,ivɛf,ivɔf,ivɛf
i.vɔs,i.vɛs,ivɔs,ivɛs,ivɔs,ivɛs
i.vɔv,i.vɛv,ivɔv,ivɛv,ivɔv,ivɛv
i.vɔz,i.vɛz,ivɔz,ivɛz,ivɔz,ivɛz
i.vɔʃ,i.vɛʃ,ivɔʃ,ivɛʃ,ivɔʃ,ivɛʃ
i.vɔʒ,i.vɛʒ,ivɔʒ,ivɛʒ,ivɔʒ,ivɛʒ
i.vɔθ,i.vɛθ,ivɔθ,ivɛθ,ivɔθ,ivɛθ
i.vɔð,i.vɛð,ivɔð,ivɛð,ivɔð,ivɛð
i.zɔm,i.zɛm,izɔm,izɛm,izɔm,izɛm
i.zɔn,i.zɛn,izɔn,izɛn,izɔn,izɛn
i.zɔŋ,i.zɛŋ,izɔŋ,izɛŋ,izɔŋ,izɛŋ
i.zɔp,i.zɛp,izɔp,izɛp,izɔp,izɛp
i.zɔt,i.zɛt,izɔt,izɛt,izɔt,izɛt
i.zɔk,i.zɛk,izɔk,izɛk,izɔk,izɛk
i.zɔb,i.zɛb,izɔb,izɛb,izɔb,izɛb
i.zɔd,i.zɛd,izɔd,izɛd,izɔd,izɛd
i.zɔg,i.zɛg,izɔg,izɛg,izɔg,izɛg
i.zɔf,i.zɛf,izɔf,izɛf,izɔf,izɛf
i.zɔs,i.zɛs,izɔs,izɛs,izɔs,izɛs
i.zɔv,i.zɛv,izɔv,izɛv,izɔv,izɛv
i.zɔz,i.zɛz,izɔz,izɛz,izɔz,izɛz
i.zɔʃ,i.zɛʃ,izɔʃ,izɛʃ,izɔʃ,izɛʃ
i.zɔʒ,i.zɛʒ,izɔʒ,izɛʒ,izɔʒ,izɛʒ
i.zɔθ,i.zɛθ,izɔθ,izɛθ,izɔθ,izɛθ
i.zɔð,i.zɛð,izɔð,izɛð,izɔð,izɛð
i.ʃɔm,i.ʃɛm,iʃɔm,iʃɛm,iʃɔm,iʃɛm
i.ʃɔn,i.ʃɛn,iʃɔn,iʃɛn,iʃɔn,iʃɛn
i.ʃɔŋ,i.ʃɛŋ,iʃɔŋ,iʃɛŋ,iʃɔŋ,iʃɛŋ
i.ʃɔp,i.ʃɛp,iʃɔp,iʃɛp,iʃɔp,iʃɛp
i.ʃɔt,i.ʃɛt,iʃɔt,iʃɛt,iʃɔt,iʃɛt
i.ʃɔk,i.ʃɛk,iʃɔk,iʃɛk,iʃɔk,iʃɛk
i.ʃɔb,i.ʃɛb,iʃɔb,iʃɛb,iʃɔb,iʃɛb
i.ʃɔd,i.ʃɛd,iʃɔd,iʃɛd,iʃɔd,iʃɛd
i.ʃɔg,i.ʃɛg,iʃɔg,iʃɛg,iʃɔg,iʃɛg
i.ʃɔf,i.ʃɛf,iʃɔf,iʃɛf,iʃɔf,iʃɛf
i.ʃɔs,i.ʃɛs,iʃɔs,iʃɛs,iʃɔs,iʃɛs
i.ʃɔv,i.ʃɛv,iʃɔv,iʃɛv,iʃɔv,iʃɛv
i.ʃɔz,i.ʃɛz,iʃɔz,iʃɛz,iʃɔz,iʃɛz
i.ʃɔʃ,i.ʃɛʃ,iʃɔʃ,iʃɛʃ,iʃɔʃ,iʃɛʃ
i.ʃɔʒ,i.ʃɛʒ,iʃɔʒ,iʃɛʒ,iʃɔʒ,iʃɛʒ
i.ʃɔθ,i.ʃɛθ,iʃɔθ,iʃɛθ,iʃɔθ,iʃɛθ
i.ʃɔð,i.ʃɛð,iʃɔð,iʃɛð,iʃɔð,iʃɛð
i.ʒɔm,i.ʒɛm,iʒɔm,iʒɛm,iʒɔm,iʒɛm
i.ʒɔn,i.ʒɛn,iʒɔn,iʒɛn,iʒɔn,iʒɛn
i.ʒɔŋ,i.ʒɛŋ,iʒɔŋ,iʒɛŋ,iʒɔŋ,iʒɛŋ
i.ʒɔp,i.ʒɛp,iʒɔp,iʒɛp,iʒɔp,iʒɛp
i.ʒɔt,i.ʒɛt,iʒɔt,iʒɛt,iʒɔt,iʒɛt
i.ʒɔk,i.ʒɛk,iʒɔk,iʒɛk,iʒɔk,iʒɛk
i.ʒɔb,i.ʒɛb,iʒɔb,iʒɛb,iʒɔb,iʒɛb
i.ʒɔd,i.ʒɛd,iʒɔd,iʒɛd,iʒɔd,iʒɛd
i.ʒɔg,i.ʒɛg,iʒɔg,iʒɛg,iʒɔg,iʒɛg
i.ʒɔf,i.ʒɛf,iʒɔf,iʒɛf,iʒɔf,iʒɛf
i.ʒɔs,i.ʒɛs,iʒɔs,iʒɛs,iʒɔs,iʒɛs
i.ʒɔv,i.ʒɛv,iʒɔv,iʒɛv,iʒɔv,iʒɛv
i.ʒɔz,i.ʒɛz,iʒɔz,iʒɛz,iʒɔz,iʒɛz
i.ʒɔʃ,i.ʒɛʃ,iʒɔʃ,iʒɛʃ,iʒɔʃ,iʒɛʃ
i.ʒɔʒ,i.ʒɛʒ,iʒɔʒ,iʒɛʒ,iʒɔʒ,iʒɛʒ
i.ʒɔθ,i.ʒɛθ,iʒɔθ,iʒɛθ,iʒɔθ,iʒɛθ
i.ʒɔð,i.ʒɛð,iʒɔð,iʒɛð,iʒɔð,iʒɛð
i.θɔm,i.θɛm,iθɔm,iθɛm,iθɔm,iθɛm
i.θɔn,i.θɛn,iθɔn,iθɛn,iθɔn,iθɛn
i.θɔŋ,i.θɛŋ,iθɔŋ,iθɛŋ,iθɔŋ,iθɛŋ
i.θɔp,i.θɛp,iθɔp,iθɛp,iθɔp,iθɛp
i.θɔt,i.θɛt,iθɔt,iθɛt,iθɔt,iθɛt
i.θɔk,i.θɛk,iθɔk,iθɛk,iθɔk,iθɛk
i.θɔb,i.θɛb,iθɔb,iθɛb,iθɔb,iθɛb
i.θɔd,i.θɛd,iθɔd,iθɛd,iθɔd,iθɛd
i.θɔg,i.θɛg,iθɔg,iθɛg,iθɔg,iθɛg
i.θɔf,i.θɛf,iθɔf,iθɛf,iθɔf,iθɛf
i.θɔs,i.θɛs,iθɔs,iθɛs,iθɔs,iθɛs
i.θɔv,i.θɛv,iθɔv,iθɛv,iθɔv,iθɛv
i.θɔz,i.θɛz,iθɔz,iθɛz,iθɔz,iθɛz
i.θɔʃ,i.θɛʃ,iθɔʃ,iθɛʃ,iθɔʃ,iθɛʃ
i.θɔʒ,i.θɛʒ,iθɔʒ,iθɛʒ,iθɔʒ,iθɛʒ
i.θɔθ,i.θɛθ,iθɔθ,iθɛθ,iθɔθ,iθɛθ
i.θɔð,i.θɛð,iθɔð,iθɛð,iθɔð,iθɛð
i.ðɔm,i.ðɛm,iðɔm,iðɛm,iðɔm,iðɛm
i.ðɔn,i.ðɛn,iðɔn,iðɛn,iðɔn,iðɛn
i.ðɔŋ,i.ðɛŋ,iðɔŋ,iðɛŋ,iðɔŋ,iðɛŋ
i.ðɔp,i.ðɛp,iðɔp,iðɛp,iðɔp,iðɛp
i.ðɔt,i.ðɛt,iðɔt,iðɛt,iðɔt,iðɛt
i.ðɔk,i.ðɛk,iðɔk,iðɛk,iðɔk,iðɛk
i.ðɔb,i.ðɛb,iðɔb,iðɛb,iðɔb,iðɛb
i.ðɔd,i.ðɛd,iðɔd,iðɛd,iðɔd,iðɛd
i.ðɔg,i.ðɛg,iðɔg,iðɛg,iðɔg,iðɛg
i.ðɔf,i.ðɛf,iðɔf,iðɛf,iðɔf,iðɛf
i.ðɔs,i.ðɛs,iðɔs,iðɛs,iðɔs,iðɛs
i.ðɔv,i.ðɛv,iðɔv,iðɛv,iðɔv,iðɛv
i.ðɔz,i.ðɛz,iðɔz,iðɛz,iðɔz,iðɛz
i.ðɔʃ,i.ðɛʃ,iðɔʃ,iðɛʃ,iðɔʃ,iðɛʃ
i.ðɔʒ,i.ðɛʒ,iðɔʒ,iðɛʒ,iðɔʒ,iðɛʒ
i.ðɔθ,i.ðɛθ,iðɔθ,iðɛθ,iðɔθ,iðɛθ
i.ðɔð,i.ðɛð,iðɔð,iðɛð,iðɔð,iðɛð
i.hɔm,i.hɛm,ihɔm,ihɛm,ihɔm,ihɛm
i.hɔn,i.hɛn,ihɔn,ihɛn,ihɔn,ihɛn
i.hɔŋ,i.hɛŋ,ihɔŋ,ihɛŋ,ihɔŋ,ihɛŋ
i.hɔp,i.hɛp,ihɔp,ihɛp,ihɔp,ihɛp
i.hɔt,i.hɛt,ihɔt,ihɛt,ihɔt,ihɛt
i.hɔk,i.hɛk,ihɔk,ihɛk,ihɔk,ihɛk
i.hɔb,i.hɛb,ihɔb,ihɛb,ihɔb,ihɛb
i.hɔd,i.hɛd,ihɔd,ihɛd,ihɔd,ihɛd
i.hɔg,i.hɛg,ihɔg,ihɛg,ihɔg,ihɛg
i.hɔf,i.hɛf,ihɔf,ihɛf,ihɔf,ihɛf
i.hɔs,i.hɛs,ihɔs,ihɛs,ihɔs,ihɛs
i.hɔv,i.hɛv,ihɔv,ihɛv,ihɔv,ihɛv
i.hɔz,i.hɛz,ihɔz,ihɛz,ihɔz,ihɛz
i.hɔʃ,i.hɛʃ,ihɔʃ,ihɛʃ,ihɔʃ,ihɛʃ
i.hɔʒ,i.hɛʒ,ihɔʒ,ihɛʒ,ihɔʒ,ihɛʒ
i.hɔθ,i.hɛθ,ihɔθ,ihɛθ,ihɔθ,ihɛθ
i.hɔð,i.hɛð,ihɔð,ihɛð,ihɔð,ihɛð
e.mɪm,e.mʊm,emɪm,emʊm,eɪmɪm,eɪmʊm
e.mɪn,e.mʊn,emɪn,emʊn,eɪmɪn,eɪmʊn
e.mɪŋ,e.mʊŋ,emɪŋ,emʊŋ,eɪmɪŋ,eɪmʊŋ
e.mɪp,e.mʊp,emɪp,emʊp,eɪmɪp,eɪmʊp
e.mɪt,e.mʊt,emɪt,emʊt,eɪmɪt,eɪmʊt
e.mɪk,e.mʊk,emɪk,emʊk,eɪmɪk,eɪmʊk
e.mɪb,e.mʊb,emɪb,emʊb,eɪmɪb,eɪmʊb
e.mɪd,e.mʊd,emɪd,emʊd,eɪmɪd,eɪmʊd
e.mɪg,e.mʊg,emɪg,emʊg,eɪmɪg,eɪmʊg
e.mɪf,e.mʊf,emɪf,emʊf,eɪmɪf,eɪmʊf
e.mɪs,e.mʊs,emɪs,emʊs,eɪmɪs,eɪmʊs
e.mɪv,e.mʊv,emɪv,emʊv,eɪmɪv,eɪmʊv
e.mɪz,e.mʊz,emɪz,emʊz,eɪmɪz,eɪmʊz
e.mɪʃ,e.mʊʃ,emɪʃ,emʊʃ,eɪmɪʃ,eɪmʊʃ
e.mɪʒ,e.mʊʒ,emɪʒ,emʊʒ,eɪmɪʒ,eɪmʊʒ
e.mɪθ,e.mʊθ,emɪθ,emʊθ,eɪmɪθ,eɪmʊθ
e.mɪð,e.mʊð,emɪð,emʊð,eɪmɪð,eɪmʊð
e.nɪm,e.nʊm,enɪm,enʊm,eɪnɪm,eɪnʊm
e.nɪn,e.nʊn,enɪn,enʊn,eɪnɪn,eɪnʊn
e.nɪŋ,e.nʊŋ,enɪŋ,enʊŋ,eɪnɪŋ,eɪnʊŋ
e.nɪp,e.nʊp,enɪp,enʊp,eɪnɪp,eɪnʊp
e.nɪt,e.nʊt,enɪt,enʊt,eɪnɪt,eɪnʊt
e.nɪk,e.nʊk,enɪk,enʊk,eɪnɪk,eɪnʊk
e.nɪb,e.nʊb,enɪb,enʊb,eɪnɪb,eɪnʊb
e.nɪd,e.nʊd,enɪd,enʊd,eɪnɪd,eɪnʊd
e.nɪg,e.nʊg,enɪg,enʊg,eɪnɪg,eɪnʊg
e.nɪf,e.nʊf,enɪf,enʊf,eɪnɪf,eɪnʊf
e.nɪs,e.nʊs,enɪs,enʊs,eɪnɪs,eɪnʊs
e.nɪv,e.nʊv,enɪv,enʊv,eɪnɪv,eɪnʊv
e.nɪz,e.nʊz,enɪz,enʊz,eɪnɪz,eɪnʊz
e.nɪʃ,e.nʊʃ,enɪʃ,enʊʃ,eɪnɪʃ,eɪnʊʃ
e.nɪʒ,e.nʊʒ,enɪʒ,enʊʒ,eɪnɪʒ,eɪnʊʒ
e.nɪθ,e.nʊθ,enɪθ,enʊθ,eɪnɪθ,eɪnʊθ
e.nɪð,e.nʊð,enɪð,enʊð,eɪnɪð,eɪnʊð
e.pɪm,e.pʊm,epɪm,epʊm,eɪpɪm,eɪpʊm
e.pɪn,e.pʊn,epɪn,epʊn,eɪpɪn,eɪpʊn
e.pɪŋ,e.pʊŋ,epɪŋ,epʊŋ,eɪpɪŋ,eɪpʊŋ
e.pɪp,e.pʊp,epɪp,epʊp,eɪpɪp,eɪpʊp
e.pɪt,e.pʊt,epɪt,epʊt,eɪpɪt,eɪpʊt
e.pɪk,e.pʊk,epɪk,epʊk,eɪpɪk,eɪpʊk
e.pɪb,e.pʊb,epɪb,epʊb,eɪpɪb,eɪpʊb
e.pɪd,e.pʊd,epɪd,epʊd,eɪpɪd,eɪpʊd
e.pɪg,e.pʊg,epɪg,epʊg,eɪpɪg,eɪpʊg
e.pɪf,e.pʊf,epɪf,epʊf,eɪpɪf,eɪpʊf
e.pɪs,e.pʊs,epɪs,epʊs,eɪpɪs,eɪpʊs
e.pɪv,e.pʊv,epɪv,epʊv,eɪpɪv,eɪpʊv
e.pɪz,e.pʊz,epɪz,epʊz,eɪpɪz,eɪpʊz
e.pɪʃ,e.pʊʃ,epɪʃ,epʊʃ,eɪpɪʃ,eɪpʊʃ
e.pɪʒ,e.pʊʒ,epɪʒ,epʊʒ,eɪpɪʒ,eɪpʊʒ
e.pɪθ,e.pʊθ,epɪθ,epʊθ,eɪpɪθ,eɪpʊθ
e.pɪð,e.pʊð,epɪð,epʊð,eɪpɪð,eɪpʊð
e.tɪm,e.tʊm,etɪm,etʊm,eɪtɪm,eɪtʊm
e.tɪn,e.tʊn,etɪn,etʊn,eɪtɪn,eɪtʊn
e.tɪŋ,e.tʊŋ,etɪŋ,etʊŋ,eɪtɪŋ,eɪtʊŋ
e.tɪp,e.tʊp,etɪp,etʊp,eɪtɪp,eɪtʊp
e.tɪt,e.tʊt,etɪt,etʊt,eɪtɪt,eɪtʊt
e.tɪk,e.tʊk,etɪk,etʊk,eɪtɪk,eɪtʊk
e.tɪb,e.tʊb,etɪb,etʊb,eɪtɪb,eɪtʊb
e.tɪd,e.tʊd,etɪd,etʊd,eɪtɪd,eɪtʊd
e.tɪg,e.tʊg,etɪg,etʊg,eɪtɪg,eɪtʊg
e.tɪf,e.tʊf,etɪf,etʊf,eɪtɪf,eɪtʊf
e.tɪs,e.tʊs,etɪs,etʊs,eɪtɪs,eɪtʊs
e.tɪv,e.tʊv,etɪv,etʊv,eɪtɪv,eɪtʊv
e.tɪz,e.tʊz,etɪz,etʊz,eɪtɪz,eɪtʊz
e.tɪʃ,e.tʊʃ,etɪʃ,etʊʃ,eɪtɪʃ,eɪtʊʃ
e.tɪʒ,e.tʊʒ,etɪʒ,etʊʒ,eɪtɪʒ,eɪtʊʒ
e.tɪθ,e.tʊθ,etɪθ,etʊθ,eɪtɪθ,eɪtʊθ
e.tɪð,e.tʊð,etɪð,etʊð,eɪtɪð,eɪtʊð
e.kɪm,e.kʊm,ekɪm,ekʊm,eɪkɪm,eɪkʊm
e.kɪn,e.kʊn,ekɪn,ekʊn,eɪkɪn,eɪkʊn
e.kɪŋ,e.kʊŋ,ekɪŋ,ekʊŋ,eɪkɪŋ,eɪkʊŋ
e.kɪp,e.kʊp,ekɪp,ekʊp,eɪkɪp,eɪkʊp
e.kɪt,e.kʊt,ekɪt,ekʊt,eɪkɪt,eɪkʊt
e.kɪk,e.kʊk,ekɪk,ekʊk,eɪkɪk,eɪkʊk
e.kɪb,e.kʊb,ekɪb,ekʊb,eɪkɪb,eɪkʊb
e.kɪd,e.kʊd,ekɪd,ekʊd,eɪkɪd,eɪkʊd
e.kɪg,e.kʊg,ekɪg,ekʊg,eɪkɪg,eɪkʊg
e.kɪf,e.kʊf,ekɪf,ekʊf,eɪkɪf,eɪkʊf
e.kɪs,e.kʊs,ekɪs,ekʊs,eɪkɪs,eɪkʊs
e.kɪv,e.kʊv,ekɪv,ekʊv,eɪkɪv,eɪkʊv
e.kɪz,e.kʊz,ekɪz,ekʊz,eɪkɪz,eɪkʊz
e.kɪʃ,e.kʊʃ,ekɪʃ,ekʊʃ,eɪkɪʃ,eɪkʊʃ
e.kɪʒ,e.kʊʒ,ekɪʒ,ekʊʒ,eɪkɪʒ,eɪkʊʒ
e.kɪθ,e.kʊθ,ekɪθ,ekʊθ,eɪkɪθ,eɪkʊθ
e.kɪð,e.kʊð,ekɪð,ekʊð,eɪkɪð,eɪkʊð
e.bɪm,e.bʊm,ebɪm,ebʊm,eɪbɪm,eɪbʊm
e.bɪn,e.bʊn,ebɪn,ebʊn,eɪbɪn,eɪbʊn
e.bɪŋ,e.bʊŋ,ebɪŋ,ebʊŋ,eɪbɪŋ,eɪbʊŋ
e.bɪp,e.bʊp,ebɪp,ebʊp,eɪbɪp,eɪbʊp
e.bɪt,e.bʊt,ebɪt,ebʊt,eɪbɪt,eɪbʊt
e.bɪk,e.bʊk,ebɪk,ebʊk,eɪbɪk,eɪbʊk
e.bɪb,e.bʊb,ebɪb,ebʊb,eɪbɪb,eɪbʊb
e.bɪd,e.bʊd,ebɪd,ebʊd,eɪbɪd,eɪbʊd
e.bɪg,e.bʊg,ebɪg,ebʊg,eɪbɪg,eɪbʊg
e.bɪf,e.bʊf,ebɪf,ebʊf,eɪbɪf,eɪbʊf
e.bɪs,e.bʊs,ebɪs,ebʊs,eɪbɪs,eɪbʊs
e.bɪv,e.bʊv,ebɪv,ebʊv,eɪbɪv,eɪbʊv
e.bɪz,e.bʊz,ebɪz,ebʊz,eɪbɪz,eɪbʊz
e.bɪʃ,e.bʊʃ,ebɪʃ,ebʊʃ,eɪbɪʃ,eɪbʊʃ
e.bɪʒ,e.bʊʒ,ebɪʒ,ebʊʒ,eɪbɪʒ,eɪbʊʒ
e.bɪθ,e.bʊθ,ebɪθ,ebʊθ,eɪbɪθ,eɪbʊθ
e.bɪð,e.bʊð,ebɪð,ebʊð,eɪbɪð,eɪbʊð
e.dɪm,e.dʊm,edɪm,edʊm,eɪdɪm,eɪdʊm
e.dɪn,e.dʊn,edɪn,edʊn,eɪdɪn,eɪdʊn
e.dɪŋ,e.dʊŋ,edɪŋ,edʊŋ,eɪdɪŋ,eɪdʊŋ
e.dɪp,e.dʊp,edɪp,edʊp,eɪdɪp,eɪdʊp
e.dɪt,e.dʊt,edɪt,edʊt,eɪdɪt,eɪdʊt
e.dɪk,e.dʊk,edɪk,edʊk,eɪdɪk,eɪdʊk
e.dɪb,e.dʊb,edɪb,edʊb,eɪdɪb,eɪdʊb
e.dɪd,e.dʊd,edɪd,edʊd,eɪdɪd,eɪdʊd
e.dɪg,e.dʊg,edɪg,edʊg,eɪdɪg,eɪdʊg
e.dɪf,e.dʊf,edɪf,edʊf,eɪdɪf,eɪdʊf
e.dɪs,e.dʊs,edɪs,edʊs,eɪdɪs,eɪdʊs
e.dɪv,e.dʊv,edɪv,edʊv,eɪdɪv,eɪdʊv
e.dɪz,e.dʊz,edɪz,edʊz,eɪdɪz,eɪdʊz
e.dɪʃ,e.dʊʃ,edɪʃ,edʊʃ,eɪdɪʃ,eɪdʊʃ
e.dɪʒ,e.dʊʒ,edɪʒ,edʊʒ,eɪdɪʒ,eɪdʊʒ
e.dɪθ,e.dʊθ,edɪθ,edʊθ,eɪdɪθ,eɪdʊθ
e.dɪð,e.dʊð,edɪð,edʊð,eɪdɪð,eɪdʊð
e.gɪm,e.gʊm,egɪm,egʊm,eɪgɪm,eɪgʊm
e.gɪn,e.gʊn,egɪn,egʊn,eɪgɪn,eɪgʊn
e.gɪŋ,e.gʊŋ,egɪŋ,egʊŋ,eɪgɪŋ,eɪgʊŋ
e.gɪp,e.gʊp,egɪp,egʊp,eɪgɪp,eɪgʊp
e.gɪt,e.gʊt,egɪt,egʊt,eɪgɪt,eɪgʊt
e.gɪk,e.gʊk,egɪk,egʊk,eɪgɪk,eɪgʊk
e.gɪb,e.gʊb,egɪb,egʊb,eɪgɪb,eɪgʊb
e.gɪd,e.gʊd,egɪd,egʊd,eɪgɪd,eɪgʊd
e.gɪg,e.gʊg,egɪg,egʊg,eɪgɪg,eɪgʊg
e.gɪf,e.gʊf,egɪf,egʊf,eɪgɪf,eɪgʊf
e.gɪs,e.gʊs,egɪs,egʊs,eɪgɪs,eɪgʊs
e.gɪv,e.gʊv,egɪv,egʊv,eɪgɪv,eɪgʊv
e.gɪz,e.gʊz,egɪz,egʊz,eɪgɪz,eɪgʊz
e.gɪʃ,e.gʊʃ,egɪʃ,egʊʃ,eɪgɪʃ,eɪgʊʃ
e.gɪʒ,e.gʊʒ,egɪʒ,egʊʒ,eɪgɪʒ,eɪgʊʒ
e.gɪθ,e.gʊθ,egɪθ,egʊθ,eɪgɪθ,eɪgʊθ
e.gɪð,e.gʊð,egɪð,egʊð,eɪgɪð,eɪgʊð
e.fɪm,e.fʊm,efɪm,efʊm,eɪfɪm,eɪfʊm
e.fɪn,e.fʊn,efɪn,efʊn,eɪfɪn,eɪfʊn
e.fɪŋ,e.fʊŋ,efɪŋ,efʊŋ,eɪfɪŋ,eɪfʊŋ
e.fɪp,e.fʊp,efɪp,efʊp,eɪfɪp,eɪfʊp
e.fɪt,e.fʊt,efɪt,efʊt,eɪfɪt,eɪfʊt
e.fɪk,e.fʊk,efɪk,efʊk,eɪfɪk,eɪfʊk
e.fɪb,e.fʊb,efɪb,efʊb,eɪfɪb,eɪfʊb
e.fɪd,e.fʊd,efɪd,efʊd,eɪfɪd,eɪfʊd
e.fɪg,e.fʊg,efɪg,efʊg,eɪfɪg,eɪfʊg
e.fɪf,e.fʊf,efɪf,efʊf,eɪfɪf,eɪfʊf
e.fɪs,e.fʊs,efɪs,efʊs,eɪfɪs,eɪfʊs
e.fɪv,e.fʊv,efɪv,efʊv,eɪfɪv,eɪfʊv
e.fɪz,e.fʊz,efɪz,efʊz,eɪfɪz,eɪfʊz
e.fɪʃ,e.fʊʃ,efɪʃ,efʊʃ,eɪfɪʃ,eɪfʊʃ
e.fɪʒ,e.fʊʒ,efɪʒ,efʊʒ,eɪfɪʒ,eɪfʊʒ
e.fɪθ,e.fʊθ,efɪθ,efʊθ,eɪfɪθ,eɪfʊθ
e.fɪð,e.fʊð,efɪð,efʊð,eɪfɪð,eɪfʊð
e.sɪm,e.sʊm,esɪm,esʊm,eɪsɪm,eɪsʊm
e.sɪn,e.sʊn,esɪn,esʊn,eɪsɪn,eɪsʊn
e.sɪŋ,e.sʊŋ,esɪŋ,esʊŋ,eɪsɪŋ,eɪsʊŋ
e.sɪp,e.sʊp,esɪp,esʊp,eɪsɪp,eɪsʊp
e.sɪt,e.sʊt,esɪt,esʊt,eɪsɪt,eɪsʊt
e.sɪk,e.sʊk,esɪk,esʊk,eɪsɪk,eɪsʊk
e.sɪb,e.sʊb,esɪb,esʊb,eɪsɪb,eɪsʊb
e.sɪd,e.sʊd,esɪd,esʊd,eɪsɪd,eɪsʊd
e.sɪg,e.sʊg,esɪg,esʊg,eɪsɪg,eɪsʊg
e.sɪf,e.sʊf,esɪf,esʊf,eɪsɪf,eɪsʊf
e.sɪs,e.sʊs,esɪs,esʊs,eɪsɪs,eɪsʊs
e.sɪv,e.sʊv,esɪv,esʊv,eɪsɪv,eɪsʊv
e.sɪz,e.sʊz,esɪz,esʊz,eɪsɪz,eɪsʊz
e.sɪʃ,e.sʊʃ,esɪʃ,esʊʃ,eɪsɪʃ,eɪsʊʃ
e.sɪʒ,e.sʊʒ,esɪʒ,esʊʒ,eɪsɪʒ,eɪsʊʒ
e.sɪθ,e.sʊθ,esɪθ,esʊθ,eɪsɪθ,eɪsʊθ
e.sɪð,e.sʊð,esɪð,esʊð,eɪsɪð,eɪsʊð
e.vɪm,e.vʊm,evɪm,evʊm,eɪvɪm,eɪvʊm
e.vɪn,e.vʊn,evɪn,evʊn,eɪvɪn,eɪvʊn
e.vɪŋ,e.vʊŋ,evɪŋ,evʊŋ,eɪvɪŋ,eɪvʊŋ
e.vɪp,e.vʊp,evɪp,evʊp,eɪvɪp,eɪvʊp
e.vɪt,e.vʊt,evɪt,evʊt,eɪvɪt,eɪvʊt
e.vɪk,e.vʊk,evɪk,evʊk,eɪvɪk,eɪvʊk
e.vɪb,e.vʊb,evɪb,evʊb,eɪvɪb,eɪvʊb
e.vɪd,e.vʊd,evɪd,evʊd,eɪvɪd,eɪvʊd
e.vɪg,e.vʊg,evɪg,evʊg,eɪvɪg,eɪvʊg
e.vɪf,e.vʊf,evɪf,evʊf,eɪvɪf,eɪvʊf
e.vɪs,e.vʊs,evɪs,evʊs,eɪvɪs,eɪvʊs
e.vɪv,e.vʊv,evɪv,evʊv,eɪvɪv,eɪvʊv
e.vɪz,e.vʊz,evɪz,evʊz,eɪvɪz,eɪvʊz
e.vɪʃ,e.vʊʃ,evɪʃ,evʊʃ,eɪvɪʃ,eɪvʊʃ
e.vɪʒ,e.vʊʒ,evɪʒ,evʊʒ,eɪvɪʒ,eɪvʊʒ
e.vɪθ,e.vʊθ,evɪθ,evʊθ,eɪvɪθ,eɪvʊθ
e.vɪð,e.vʊð,evɪð,evʊð,eɪvɪð,eɪvʊð
e.zɪm,e.zʊm,ezɪm,ezʊm,eɪzɪm,eɪzʊm
e.zɪn,e.zʊn,ezɪn,ezʊn,eɪzɪn,eɪzʊn
e.zɪŋ,e.zʊŋ,ezɪŋ,ezʊŋ,eɪzɪŋ,eɪzʊŋ
e.zɪp,e.zʊp,ezɪp,ezʊp,eɪzɪp,eɪzʊp
e.zɪt,e.zʊt,ezɪt,ezʊt,eɪzɪt,eɪzʊt
e.zɪk,e.zʊk,ezɪk,ezʊk,eɪzɪk,eɪzʊk
e.zɪb,e.zʊb,ezɪb,ezʊb,eɪzɪb,eɪzʊb
e.zɪd,e.zʊd,ezɪd,ezʊd,eɪzɪd,eɪzʊd
e.zɪg,e.zʊg,ezɪg,ezʊg,eɪzɪg,eɪzʊg
e.zɪf,e.zʊf,ezɪf,ezʊf,eɪzɪf,eɪzʊf
e.zɪs,e.zʊs,ezɪs,ezʊs,eɪzɪs,eɪzʊs
e.zɪv,e.zʊv,ezɪv,ezʊv,eɪzɪv,eɪzʊv
e.zɪz,e.zʊz,ezɪz,ezʊz,eɪzɪz,eɪzʊz
e.zɪʃ,e.zʊʃ,ezɪʃ,ezʊʃ,eɪzɪʃ,eɪzʊʃ
e.zɪʒ,e.zʊʒ,ezɪʒ,ezʊʒ,eɪzɪʒ,eɪzʊʒ
e.zɪθ,e.zʊθ,ezɪθ,ezʊθ,eɪzɪθ,eɪzʊθ
e.zɪð,e.zʊð,ezɪð,ezʊð,eɪzɪð,eɪzʊð
e.ʃɪm,e.ʃʊm,eʃɪm,eʃʊm,eɪʃɪm,eɪʃʊm
e.ʃɪn,e.ʃʊn,eʃɪn,eʃʊn,eɪʃɪn,eɪʃʊn
e.ʃɪŋ,e.ʃʊŋ,eʃɪŋ,eʃʊŋ,eɪʃɪŋ,eɪʃʊŋ
e.ʃɪp,e.ʃʊp,eʃɪp,eʃʊp,eɪʃɪp,eɪʃʊp
e.ʃɪt,e.ʃʊt,eʃɪt,eʃʊt,eɪʃɪt,eɪʃʊt
e.ʃɪk,e.ʃʊk,eʃɪk,eʃʊk,eɪʃɪk,eɪʃʊk
e.ʃɪb,e.ʃʊb,eʃɪb,eʃʊb,eɪʃɪb,eɪʃʊb
e.ʃɪd,e.ʃʊd,eʃɪd,eʃʊd,eɪʃɪd,eɪʃʊd
e.ʃɪg,e.ʃʊg,eʃɪg,eʃʊg,eɪʃɪg,eɪʃʊg
e.ʃɪf,e.ʃʊf,eʃɪf,eʃʊf,eɪʃɪf,eɪʃʊf
e.ʃɪs,e.ʃʊs,eʃɪs,eʃʊs,eɪʃɪs,eɪʃʊs
e.ʃɪv,e.ʃʊv,eʃɪv,eʃʊv,eɪʃɪv,eɪʃʊv
e.ʃɪz,e.ʃʊz,eʃɪz,eʃʊz,eɪʃɪz,eɪʃʊz
e.ʃɪʃ,e.ʃʊʃ,eʃɪʃ,eʃʊʃ,eɪʃɪʃ,eɪʃʊʃ
e.ʃɪʒ,e.ʃʊʒ,eʃɪʒ,eʃʊʒ,eɪʃɪʒ,eɪʃʊʒ
e.ʃɪθ,e.ʃʊθ,eʃɪθ,eʃʊθ,eɪʃɪθ,eɪʃʊθ
e.ʃɪð,e.ʃʊð,eʃɪð,eʃʊð,eɪʃɪð,eɪʃʊð
e.ʒɪm,e.ʒʊm,eʒɪm,eʒʊm,eɪʒɪm,eɪʒʊm
e.ʒɪn,e.ʒʊn,eʒɪn,eʒʊn,eɪʒɪn,eɪʒʊn
e.ʒɪŋ,e.ʒʊŋ,eʒɪŋ,eʒʊŋ,eɪʒɪŋ,eɪʒʊŋ
e.ʒɪp,e.ʒʊp,eʒɪp,eʒʊp,eɪʒɪp,eɪʒʊp
e.ʒɪt,e.ʒʊt,eʒɪt,eʒʊt,eɪʒɪt,eɪʒʊt
e.ʒɪk,e.ʒʊk,eʒɪk,eʒʊk,eɪʒɪk,eɪʒʊk
e.ʒɪb,e.ʒʊb,eʒɪb,eʒʊb,eɪʒɪb,eɪʒʊb
e.ʒɪd,e.ʒʊd,eʒɪd,eʒʊd,eɪʒɪd,eɪʒʊd
e.ʒɪg,e.ʒʊg,eʒɪg,eʒʊg,eɪʒɪg,eɪʒʊg
e.ʒɪf,e.ʒʊf,eʒɪf,eʒʊf,eɪʒɪf,eɪʒʊf
e.ʒɪs,e.ʒʊs,eʒɪs,eʒʊs,eɪʒɪs,eɪʒʊs
e.ʒɪv,e.ʒʊv,eʒɪv,eʒʊv,eɪʒɪv,eɪʒʊv
e.ʒɪz,e.ʒʊz,eʒɪz,eʒʊz,eɪʒɪz,eɪʒʊz
e.ʒɪʃ,e.ʒʊʃ,eʒɪʃ,eʒʊʃ,eɪʒɪʃ,eɪʒʊʃ
e.ʒɪʒ,e.ʒʊʒ,eʒɪʒ,eʒʊʒ,eɪʒɪʒ,eɪʒʊʒ
e.ʒɪθ,e.ʒʊθ,eʒɪθ,eʒʊθ,eɪʒɪθ,eɪʒʊθ
e.ʒɪð,e.ʒʊð,eʒɪð,eʒʊð,eɪʒɪð,eɪʒʊð
e.θɪm,e.θʊm,eθɪm,eθʊm,eɪθɪm,eɪθʊm
e.θɪn,e.θʊn,eθɪn,eθʊn,eɪθɪn,eɪθʊn
e.θɪŋ,e.θʊŋ,eθɪŋ,eθʊŋ,eɪθɪŋ,eɪθʊŋ
e.θɪp,e.θʊp,eθɪp,eθʊp,eɪθɪp,eɪθʊp
e.θɪt,e.θʊt,eθɪt,eθʊt,eɪθɪt,eɪθʊt
e.θɪk,e.θʊk,eθɪk,eθʊk,eɪθɪk,eɪθʊk
e.θɪb,e.θʊb,eθɪb,eθʊb,eɪθɪb,eɪθʊb
e.θɪd,e.θʊd,eθɪd,eθʊd,eɪθɪd,eɪθʊd
e.θɪg,e.θʊg,eθɪg,eθʊg,eɪθɪg,eɪθʊg
e.θɪf,e.θʊf,eθɪf,eθʊf,eɪθɪf,eɪθʊf
e.θɪs,e.θʊs,eθɪs,eθʊs,eɪθɪs,eɪθʊs
e.θɪv,e.θʊv,eθɪv,eθʊv,eɪθɪv,eɪθʊv
e.θɪz,e.θʊz,eθɪz,eθʊz,eɪθɪz,eɪθʊz
e.θɪʃ,e.θʊʃ,eθɪʃ,eθʊʃ,eɪθɪʃ,eɪθʊʃ
e.θɪʒ,e.θʊʒ,eθɪʒ,eθʊʒ,eɪθɪʒ,eɪθʊʒ
e.θɪθ,e.θʊθ,eθɪθ,eθʊθ,eɪθɪθ,eɪθʊθ
e.θɪð,e.θʊð,eθɪð,eθʊð,eɪθɪð,eɪθʊð
e.ðɪm,e.ðʊm,eðɪm,eðʊm,eɪðɪm,eɪðʊm
e.ðɪn,e.ðʊn,eðɪn,eðʊn,eɪðɪn,eɪðʊn
e.ðɪŋ,e.ðʊŋ,eðɪŋ,eðʊŋ,eɪðɪŋ,eɪðʊŋ
e.ðɪp,e.ðʊp,eðɪp,eðʊp,eɪðɪp,eɪðʊp
e.ðɪt,e.ðʊt,eðɪt,eðʊt,eɪðɪt,eɪðʊt
e.ðɪk,e.ðʊk,eðɪk,eðʊk,eɪðɪk,eɪðʊk
e.ðɪb,e.ðʊb,eðɪb,eðʊb,eɪðɪb,eɪðʊb
e.ðɪd,e.ðʊd,eðɪd,eðʊd,eɪðɪd,eɪðʊd
e.ðɪg,e.ðʊg,eðɪg,eðʊg,eɪðɪg,eɪðʊg
e.ðɪf,e.ðʊf,eðɪf,eðʊf,eɪðɪf,eɪðʊf
e.ðɪs,e.ðʊs,eðɪs,eðʊs,eɪðɪs,eɪðʊs
e.ðɪv,e.ðʊv,eðɪv,eðʊv,eɪðɪv,eɪðʊv
e.ðɪz,e.ðʊz,eðɪz,eðʊz,eɪðɪz,eɪðʊz
e.ðɪʃ,e.ðʊʃ,eðɪʃ,eðʊʃ,eɪðɪʃ,eɪðʊʃ
e.ðɪʒ,e.ðʊʒ,eðɪʒ,eðʊʒ,eɪðɪʒ,eɪðʊʒ
e.ðɪθ,e.ðʊθ,eðɪθ,eðʊθ,eɪðɪθ,eɪðʊθ
e.ðɪð,e.ðʊð,eðɪð,eðʊð,eɪðɪð,eɪðʊð
e.hɪm,e.hʊm,ehɪm,ehʊm,eɪhɪm,eɪhʊm
e.hɪn,e.hʊn,ehɪn,ehʊn,eɪhɪn,eɪhʊn
e.hɪŋ,e.hʊŋ,ehɪŋ,ehʊŋ,eɪhɪŋ,eɪhʊŋ
e.hɪp,e.hʊp,ehɪp,ehʊp,eɪhɪp,eɪhʊp
e.hɪt,e.hʊt,ehɪt,ehʊt,eɪhɪt,eɪhʊt
e.hɪk,e.hʊk,ehɪk,ehʊk,eɪhɪk,eɪhʊk
e.hɪb,e.hʊb,ehɪb,ehʊb,eɪhɪb,eɪhʊb
e.hɪd,e.hʊd,ehɪd,ehʊd,eɪhɪd,eɪhʊd
e.hɪg,e.hʊg,ehɪg,ehʊg,eɪhɪg,eɪhʊg
e.hɪf,e.hʊf,ehɪf,ehʊf,eɪhɪf,eɪhʊf
e.hɪs,e.hʊs,ehɪs,ehʊs,eɪhɪs,eɪhʊs
e.hɪv,e.hʊv,ehɪv,ehʊv,eɪhɪv,eɪhʊv
e.hɪz,e.hʊz,ehɪz,ehʊz,eɪhɪz,eɪhʊz
e.hɪʃ,e.hʊʃ,ehɪʃ,ehʊʃ,eɪhɪʃ,eɪhʊʃ
e.hɪʒ,e.hʊʒ,ehɪʒ,ehʊʒ,eɪhɪʒ,eɪhʊʒ
e.hɪθ,e.hʊθ,ehɪθ,ehʊθ,eɪhɪθ,eɪhʊθ
e.hɪð,e.hʊð,ehɪð,ehʊð,eɪhɪð,eɪhʊð
e.mɛm,e.mɔm,emɛm,emɔm,eɪmɛm,eɪmɔm
e.mɛn,e.mɔn,emɛn,emɔn,eɪmɛn,eɪmɔn
e.mɛŋ,e.mɔŋ,emɛŋ,emɔŋ,eɪmɛŋ,eɪmɔŋ
e.mɛp,e.mɔp,emɛp,emɔp,eɪmɛp,eɪmɔp
e.mɛt,e.mɔt,emɛt,emɔt,eɪmɛt,eɪmɔt
e.mɛk,e.mɔk,emɛk,emɔk,eɪmɛk,eɪmɔk
e.mɛb,e.mɔb,emɛb,emɔb,eɪmɛb,eɪmɔb
e.mɛd,e.mɔd,emɛd,emɔd,eɪmɛd,eɪmɔd
e.mɛg,e.mɔg,emɛg,emɔg,eɪmɛg,eɪmɔg
e.mɛf,e.mɔf,emɛf,emɔf,eɪmɛf,eɪmɔf
e.mɛs,e.mɔs,emɛs,emɔs,eɪmɛs,eɪmɔs
e.mɛv,e.mɔv,emɛv,emɔv,eɪmɛv,eɪmɔv
e.mɛz,e.mɔz,emɛz,emɔz,eɪmɛz,eɪmɔz
e.mɛʃ,e.mɔʃ,emɛʃ,emɔʃ,eɪmɛʃ,eɪmɔʃ
e.mɛʒ,e.mɔʒ,emɛʒ,emɔʒ,eɪmɛʒ,eɪmɔʒ
e.mɛθ,e.mɔθ,emɛθ,emɔθ,eɪmɛθ,eɪmɔθ
e.mɛð,e.mɔð,emɛð,emɔð,eɪmɛð,eɪmɔð
e.nɛm,e.nɔm,enɛm,enɔm,eɪnɛm,eɪnɔm
e.nɛn,e.nɔn,enɛn,enɔn,eɪnɛn,eɪnɔn
e.nɛŋ,e.nɔŋ,enɛŋ,enɔŋ,eɪnɛŋ,eɪnɔŋ
e.nɛp,e.nɔp,enɛp,enɔp,eɪnɛp,eɪnɔp
e.nɛt,e.nɔt,enɛt,enɔt,eɪnɛt,eɪnɔt
e.nɛk,e.nɔk,enɛk,enɔk,eɪnɛk,eɪnɔk
e.nɛb,e.nɔb,enɛb,enɔb,eɪnɛb,eɪnɔb
e.nɛd,e.nɔd,enɛd,enɔd,eɪnɛd,eɪnɔd
e.nɛg,e.nɔg,enɛg,enɔg,eɪnɛg,eɪnɔg
e.nɛf,e.nɔf,enɛf,enɔf,eɪnɛf,eɪnɔf
e.nɛs,e.nɔs,enɛs,enɔs,eɪnɛs,eɪnɔs
e.nɛv,e.nɔv,enɛv,enɔv,eɪnɛv,eɪnɔv
e.nɛz,e.nɔz,enɛz,enɔz,eɪnɛz,eɪnɔz
e.nɛʃ,e.nɔʃ,enɛʃ,enɔʃ,eɪnɛʃ,eɪnɔʃ
e.nɛʒ,e.nɔʒ,enɛʒ,enɔʒ,eɪnɛʒ,eɪnɔʒ
e.nɛθ,e.nɔθ,enɛθ,enɔθ,eɪnɛθ,eɪnɔθ
e.nɛð,e.nɔð,enɛð,enɔð,eɪnɛð,eɪnɔð
e.pɛm,e.pɔm,epɛm,epɔm,eɪpɛm,eɪpɔm
e.pɛn,e.pɔn,epɛn,epɔn,eɪpɛn,eɪpɔn
e.pɛŋ,e.pɔŋ,epɛŋ,epɔŋ,eɪpɛŋ,eɪpɔŋ
e.pɛp,e.pɔp,epɛp,epɔp,eɪpɛp,eɪpɔp
e.pɛt,e.pɔt,epɛt,epɔt,eɪpɛt,eɪpɔt
e.pɛk,e.pɔk,epɛk,epɔk,eɪpɛk,eɪpɔk
e.pɛb,e.pɔb,epɛb,epɔb,eɪpɛb,eɪpɔb
e.pɛd,e.pɔd,epɛd,epɔd,eɪpɛd,eɪpɔd
e.pɛg,e.pɔg,epɛg,epɔg,eɪpɛg,eɪpɔg
e.pɛf,e.pɔf,epɛf,epɔf,eɪpɛf,eɪpɔf
e.pɛs,e.pɔs,epɛs,epɔs,eɪpɛs,eɪpɔs
e.pɛv,e.pɔv,epɛv,epɔv,eɪpɛv,eɪpɔv
e.pɛz,e.pɔz,epɛz,epɔz,eɪpɛz,eɪpɔz
e.pɛʃ,e.pɔʃ,epɛʃ,epɔʃ,eɪpɛʃ,eɪpɔʃ
e.pɛʒ,e.pɔʒ,epɛʒ,epɔʒ,eɪpɛʒ,eɪpɔʒ
e.pɛθ,e.pɔθ,epɛθ,epɔθ,eɪpɛθ,eɪpɔθ
e.pɛð,e.pɔð,epɛð,epɔð,eɪpɛð,eɪpɔð
e.tɛm,e.tɔm,etɛm,etɔm,eɪtɛm,eɪtɔm
e.tɛn,e.tɔn,etɛn,etɔn,eɪtɛn,eɪtɔn
e.tɛŋ,e.tɔŋ,etɛŋ,etɔŋ,eɪtɛŋ,eɪtɔŋ
e.tɛp,e.tɔp,etɛp,etɔp,eɪtɛp,eɪtɔp
e.tɛt,e.tɔt,etɛt,etɔt,eɪtɛt,eɪtɔt
e.tɛk,e.tɔk,etɛk,etɔk,eɪtɛk,eɪtɔk
e.tɛb,e.tɔb,etɛb,etɔb,eɪtɛb,eɪtɔb
e.tɛd,e.tɔd,etɛd,etɔd,eɪtɛd,eɪtɔd
e.tɛg,e.tɔg,etɛg,etɔg,eɪtɛg,eɪtɔg
e.tɛf,e.tɔf,etɛf,etɔf,eɪtɛf,eɪtɔf
e.tɛs,e.tɔs,etɛs,etɔs,eɪtɛs,eɪtɔs
e.tɛv,e.tɔv,etɛv,etɔv,eɪtɛv,eɪtɔv
e.tɛz,e.tɔz,etɛz,etɔz,eɪtɛz,eɪtɔz
e.tɛʃ,e.tɔʃ,etɛʃ,etɔʃ,eɪtɛʃ,eɪtɔʃ
e.tɛʒ,e.tɔʒ,etɛʒ,etɔʒ,eɪtɛʒ,eɪtɔʒ
e.tɛθ,e.tɔθ,etɛθ,etɔθ,eɪtɛθ,eɪtɔθ
e.tɛð,e.tɔð,etɛð,etɔð,eɪtɛð,eɪtɔð
e.kɛm,e.kɔm,ekɛm,ekɔm,eɪkɛm,eɪkɔm
e.kɛn,e.kɔn,ekɛn,ekɔn,eɪkɛn,eɪkɔn
e.kɛŋ,e.kɔŋ,ekɛŋ,ekɔŋ,eɪkɛŋ,eɪkɔŋ
e.kɛp,e.kɔp,ekɛp,ekɔp,eɪkɛp,eɪkɔp
e.kɛt,e.kɔt,ekɛt,ekɔt,eɪkɛt,eɪkɔt
e.kɛk,e.kɔk,ekɛk,ekɔk,eɪkɛk,eɪkɔk
e.kɛb,e.kɔb,ekɛb,ekɔb,eɪkɛb,eɪkɔb
e.kɛd,e.kɔd,ekɛd,ekɔd,eɪkɛd,eɪkɔd
e.kɛg,e.kɔg,ekɛg,ekɔg,eɪkɛg,eɪkɔg
e.kɛf,e.kɔf,ekɛf,ekɔf,eɪkɛf,eɪkɔf
e.kɛs,e.kɔs,ekɛs,ekɔs,eɪkɛs,eɪkɔs
e.kɛv,e.kɔv,ekɛv,ekɔv,eɪkɛv,eɪkɔv
e.kɛz,e.kɔz,ekɛz,ekɔz,eɪkɛz,eɪkɔz
e.kɛʃ,e.kɔʃ,ekɛʃ,ekɔʃ,eɪkɛʃ,eɪkɔʃ
e.kɛʒ,e.kɔʒ,ekɛʒ,ekɔʒ,eɪkɛʒ,eɪkɔʒ
e.kɛθ,e.kɔθ,ekɛθ,ekɔθ,eɪkɛθ,eɪkɔθ
e.kɛð,e.kɔð,ekɛð,ekɔð,eɪkɛð,eɪkɔð
e.bɛm,e.bɔm,ebɛm,ebɔm,eɪbɛm,eɪbɔm
e.bɛn,e.bɔn,ebɛn,ebɔn,eɪbɛn,eɪbɔn
e.bɛŋ,e.bɔŋ,ebɛŋ,ebɔŋ,eɪbɛŋ,eɪbɔŋ
e.bɛp,e.bɔp,ebɛp,ebɔp,eɪbɛp,eɪbɔp
e.bɛt,e.bɔt,ebɛt,ebɔt,eɪbɛt,eɪbɔt
e.bɛk,e.bɔk,ebɛk,ebɔk,eɪbɛk,eɪbɔk
e.bɛb,e.bɔb,ebɛb,ebɔb,eɪbɛb,eɪbɔb
e.bɛd,e.bɔd,ebɛd,ebɔd,eɪbɛd,eɪbɔd
e.bɛg,e.bɔg,ebɛg,ebɔg,eɪbɛg,eɪbɔg
e.bɛf,e.bɔf,ebɛf,ebɔf,eɪbɛf,eɪbɔf
e.bɛs,e.bɔs,ebɛs,ebɔs,eɪbɛs,eɪbɔs
e.bɛv,e.bɔv,ebɛv,ebɔv,eɪbɛv,eɪbɔv
e.bɛz,e.bɔz,ebɛz,ebɔz,eɪbɛz,eɪbɔz
e.bɛʃ,e.bɔʃ,ebɛʃ,ebɔʃ,eɪbɛʃ,eɪbɔʃ
e.bɛʒ,e.bɔʒ,ebɛʒ,ebɔʒ,eɪbɛʒ,eɪbɔʒ
e.bɛθ,e.bɔθ,ebɛθ,ebɔθ,eɪbɛθ,eɪbɔθ
e.bɛð,e.bɔð,ebɛð,ebɔð,eɪbɛð,eɪbɔð
e.dɛm,e.dɔm,edɛm,edɔm,eɪdɛm,eɪdɔm
e.dɛn,e.dɔn,edɛn,edɔn,eɪdɛn,eɪdɔn
e.dɛŋ,e.dɔŋ,edɛŋ,edɔŋ,eɪdɛŋ,eɪdɔŋ
e.dɛp,e.dɔp,edɛp,edɔp,eɪdɛp,eɪdɔp
e.dɛt,e.dɔt,edɛt,edɔt,eɪdɛt,eɪdɔt
e.dɛk,e.dɔk,edɛk,edɔk,eɪdɛk,eɪdɔk
e.dɛb,e.dɔb,edɛb,edɔb,eɪdɛb,eɪdɔb
e.dɛd,e.dɔd,edɛd,edɔd,eɪdɛd,eɪdɔd
e.dɛg,e.dɔg,edɛg,edɔg,eɪdɛg,eɪdɔg
e.dɛf,e.dɔf,edɛf,edɔf,eɪdɛf,eɪdɔf
e.dɛs,e.dɔs,edɛs,edɔs,eɪdɛs,eɪdɔs
e.dɛv,e.dɔv,edɛv,edɔv,eɪdɛv,eɪdɔv
e.dɛz,e.dɔz,edɛz,edɔz,eɪdɛz,eɪdɔz
e.dɛʃ,e.dɔʃ,edɛʃ,edɔʃ,eɪdɛʃ,eɪdɔʃ
e.dɛʒ,e.dɔʒ,edɛʒ,edɔʒ,eɪdɛʒ,eɪdɔʒ
e.dɛθ,e.dɔθ,edɛθ,edɔθ,eɪdɛθ,eɪdɔθ
e.dɛð,e.dɔð,edɛð,edɔð,eɪdɛð,eɪdɔð
e.gɛm,e.gɔm,egɛm,egɔm,eɪgɛm,eɪgɔm
e.gɛn,e.gɔn,egɛn,egɔn,eɪgɛn,eɪgɔn
e.gɛŋ,e.gɔŋ,egɛŋ,egɔŋ,eɪgɛŋ,eɪgɔŋ
e.gɛp,e.gɔp,egɛp,egɔp,eɪgɛp,eɪgɔp
e.gɛt,e.gɔt,egɛt,egɔt,eɪgɛt,eɪgɔt
e.gɛk,e.gɔk,egɛk,egɔk,eɪgɛk,eɪgɔk
e.gɛb,e.gɔb,egɛb,egɔb,eɪgɛb,eɪgɔb
e.gɛd,e.gɔd,egɛd,egɔd,eɪgɛd,eɪgɔd
e.gɛg,e.gɔg,egɛg,egɔg,eɪgɛg,eɪgɔg
e.gɛf,e.gɔf,egɛf,egɔf,eɪgɛf,eɪgɔf
e.gɛs,e.gɔs,egɛs,egɔs,eɪgɛs,eɪgɔs
e.gɛv,e.gɔv,egɛv,egɔv,eɪgɛv,eɪgɔv
e.gɛz,e.gɔz,egɛz,egɔz,eɪgɛz,eɪgɔz
e.gɛʃ,e.gɔʃ,egɛʃ,egɔʃ,eɪgɛʃ,eɪgɔʃ
e.gɛʒ,e.gɔʒ,egɛʒ,egɔʒ,eɪgɛʒ,eɪgɔʒ
e.gɛθ,e.gɔθ,egɛθ,egɔθ,eɪgɛθ,eɪgɔθ
e.gɛð,e.gɔð,egɛð,egɔð,eɪgɛð,eɪgɔð
e.fɛm,e.fɔm,efɛm,efɔm,eɪfɛm,eɪfɔm
e.fɛn,e.fɔn,efɛn,efɔn,eɪfɛn,eɪfɔn
e.fɛŋ,e.fɔŋ,efɛŋ,efɔŋ,eɪfɛŋ,eɪfɔŋ
e.fɛp,e.fɔp,efɛp,efɔp,eɪfɛp,eɪfɔp
e.fɛt,e.fɔt,efɛt,efɔt,eɪfɛt,eɪfɔt
e.fɛk,e.fɔk,efɛk,efɔk,eɪfɛk,eɪfɔk
e.fɛb,e.fɔb,efɛb,efɔb,eɪfɛb,eɪfɔb
e.fɛd,e.fɔd,efɛd,efɔd,eɪfɛd,eɪfɔd
e.fɛg,e.fɔg,efɛg,efɔg,eɪfɛg,eɪfɔg
e.fɛf,e.fɔf,efɛf,efɔf,eɪfɛf,eɪfɔf
e.fɛs,e.fɔs,efɛs,efɔs,eɪfɛs,eɪfɔs
e.fɛv,e.fɔv,efɛv,efɔv,eɪfɛv,eɪfɔv
e.fɛz,e.fɔz,efɛz,efɔz,eɪfɛz,eɪfɔz
e.fɛʃ,e.fɔʃ,efɛʃ,efɔʃ,eɪfɛʃ,eɪfɔʃ
e.fɛʒ,e.fɔʒ,efɛʒ,efɔʒ,eɪfɛʒ,eɪfɔʒ
e.fɛθ,e.fɔθ,efɛθ,efɔθ,eɪfɛθ,eɪfɔθ
e.fɛð,e.fɔð,efɛð,efɔð,eɪfɛð,eɪfɔð
e.sɛm,e.sɔm,esɛm,esɔm,eɪsɛm,eɪsɔm
e.sɛn,e.sɔn,esɛn,esɔn,eɪsɛn,eɪsɔn
e.sɛŋ,e.sɔŋ,esɛŋ,esɔŋ,eɪsɛŋ,eɪsɔŋ
e.sɛp,e.sɔp,esɛp,esɔp,eɪsɛp,eɪsɔp
e.sɛt,e.sɔt,esɛt,esɔt,eɪsɛt,eɪsɔt
e.sɛk,e.sɔk,esɛk,esɔk,eɪsɛk,eɪsɔk
e.sɛb,e.sɔb,esɛb,esɔb,eɪsɛb,eɪsɔb
e.sɛd,e.sɔd,esɛd,esɔd,eɪsɛd,eɪsɔd
e.sɛg,e.sɔg,esɛg,esɔg,eɪsɛg,eɪsɔg
e.sɛf,e.sɔf,esɛf,esɔf,eɪsɛf,eɪsɔf
e.sɛs,e.sɔs,esɛs,esɔs,eɪsɛs,eɪsɔs
e.sɛv,e.sɔv,esɛv,esɔv,eɪsɛv,eɪsɔv
e.sɛz,e.sɔz,esɛz,esɔz,eɪsɛz,eɪsɔz
e.sɛʃ,e.sɔʃ,esɛʃ,esɔʃ,eɪsɛʃ,eɪsɔʃ
e.sɛʒ,e.sɔʒ,esɛʒ,esɔʒ,eɪsɛʒ,eɪsɔʒ
e.sɛθ,e.sɔθ,esɛθ,esɔθ,eɪsɛθ,eɪsɔθ
e.sɛð,e.sɔð,esɛð,esɔð,eɪsɛð,eɪsɔð
e.vɛm,e.vɔm,evɛm,evɔm,eɪvɛm,eɪvɔm
e.vɛn,e.vɔn,evɛn,evɔn,eɪvɛn,eɪvɔn
e.vɛŋ,e.vɔŋ,evɛŋ,evɔŋ,eɪvɛŋ,eɪvɔŋ
e.vɛp,e.vɔp,evɛp,evɔp,eɪvɛp,eɪvɔp
e.vɛt,e.vɔt,evɛt,evɔt,eɪvɛt,eɪvɔt
e.vɛk,e.vɔk,evɛk,evɔk,eɪvɛk,eɪvɔk
e.vɛb,e.vɔb,evɛb,evɔb,eɪvɛb,eɪvɔb
e.vɛd,e.vɔd,evɛd,evɔd,eɪvɛd,eɪvɔd
e.vɛg,e.vɔg,evɛg,evɔg,eɪvɛg,eɪvɔg
e.vɛf,e.vɔf,evɛf,evɔf,eɪvɛf,eɪvɔf
e.vɛs,e.vɔs,evɛs,evɔs,eɪvɛs,eɪvɔs
e.vɛv,e.vɔv,evɛv,evɔv,eɪvɛv,eɪvɔv
e.vɛz,e.vɔz,evɛz,evɔz,eɪvɛz,eɪvɔz
e.vɛʃ,e.vɔʃ,evɛʃ,evɔʃ,eɪvɛʃ,eɪvɔʃ
e.vɛʒ,e.vɔʒ,evɛʒ,evɔʒ,eɪvɛʒ,eɪvɔʒ
e.vɛθ,e.vɔθ,evɛθ,evɔθ,eɪvɛθ,eɪvɔθ
e.vɛð,e.vɔð,evɛð,evɔð,eɪvɛð,eɪvɔð
e.zɛm,e.zɔm,ezɛm,ezɔm,eɪzɛm,eɪzɔm
e.zɛn,e.zɔn,ezɛn,ezɔn,eɪzɛn,eɪzɔn
e.zɛŋ,e.zɔŋ,ezɛŋ,ezɔŋ,eɪzɛŋ,eɪzɔŋ
e.zɛp,e.zɔp,ezɛp,ezɔp,eɪzɛp,eɪzɔp
e.zɛt,e.zɔt,ezɛt,ezɔt,eɪzɛt,eɪzɔt
e.zɛk,e.zɔk,ezɛk,ezɔk,eɪzɛk,eɪzɔk
e.zɛb,e.zɔb,ezɛb,ezɔb,eɪzɛb,eɪzɔb
e.zɛd,e.zɔd,ezɛd,ezɔd,eɪzɛd,eɪzɔd
e.zɛg,e.zɔg,ezɛg,ezɔg,eɪzɛg,eɪzɔg
e.zɛf,e.zɔf,ezɛf,ezɔf,eɪzɛf,eɪzɔf
e.zɛs,e.zɔs,ezɛs,ezɔs,eɪzɛs,eɪzɔs
e.zɛv,e.zɔv,ezɛv,ezɔv,eɪzɛv,eɪzɔv
e.zɛz,e.zɔz,ezɛz,ezɔz,eɪzɛz,eɪzɔz
e.zɛʃ,e.zɔʃ,ezɛʃ,ezɔʃ,eɪzɛʃ,eɪzɔʃ
e.zɛʒ,e.zɔʒ,ezɛʒ,ezɔʒ,eɪzɛʒ,eɪzɔʒ
e.zɛθ,e.zɔθ,ezɛθ,ezɔθ,eɪzɛθ,eɪzɔθ
e.zɛð,e.zɔð,ezɛð,ezɔð,eɪzɛð,eɪzɔð
e.ʃɛm,e.ʃɔm,eʃɛm,eʃɔm,eɪʃɛm,eɪʃɔm
e.ʃɛn,e.ʃɔn,eʃɛn,eʃɔn,eɪʃɛn,eɪʃɔn
e.ʃɛŋ,e.ʃɔŋ,eʃɛŋ,eʃɔŋ,eɪʃɛŋ,eɪʃɔŋ
e.ʃɛp,e.ʃɔp,eʃɛp,eʃɔp,eɪʃɛp,eɪʃɔp
e.ʃɛt,e.ʃɔt,eʃɛt,eʃɔt,eɪʃɛt,eɪʃɔt
e.ʃɛk,e.ʃɔk,eʃɛk,eʃɔk,eɪʃɛk,eɪʃɔk
e.ʃɛb,e.ʃɔb,eʃɛb,eʃɔb,eɪʃɛb,eɪʃɔb
e.ʃɛd,e.ʃɔd,eʃɛd,eʃɔd,eɪʃɛd,eɪʃɔd
e.ʃɛg,e.ʃɔg,eʃɛg,eʃɔg,eɪʃɛg,eɪʃɔg
e.ʃɛf,e.ʃɔf,eʃɛf,eʃɔf,eɪʃɛf,eɪʃɔf
e.ʃɛs,e.ʃɔs,eʃɛs,eʃɔs,eɪʃɛs,eɪʃɔs
e.ʃɛv,e.ʃɔv,eʃɛv,eʃɔv,eɪʃɛv,eɪʃɔv
e.ʃɛz,e.ʃɔz,eʃɛz,eʃɔz,eɪʃɛz,eɪʃɔz
e.ʃɛʃ,e.ʃɔʃ,eʃɛʃ,eʃɔʃ,eɪʃɛʃ,eɪʃɔʃ
e.ʃɛʒ,e.ʃɔʒ,eʃɛʒ,eʃɔʒ,eɪʃɛʒ,eɪʃɔʒ
e.ʃɛθ,e.ʃɔθ,eʃɛθ,eʃɔθ,eɪʃɛθ,eɪʃɔθ
e.ʃɛð,e.ʃɔð,eʃɛð,eʃɔð,eɪʃɛð,eɪʃɔð
e.ʒɛm,e.ʒɔm,eʒɛm,eʒɔm,eɪʒɛm,eɪʒɔm
e.ʒɛn,e.ʒɔn,eʒɛn,eʒɔn,eɪʒɛn,eɪʒɔn
e.ʒɛŋ,e.ʒɔŋ,eʒɛŋ,eʒɔŋ,eɪʒɛŋ,eɪʒɔŋ
e.ʒɛp,e.ʒɔp,eʒɛp,eʒɔp,eɪʒɛp,eɪʒɔp
e.ʒɛt,e.ʒɔt,eʒɛt,eʒɔt,eɪʒɛt,eɪʒɔt
e.ʒɛk,e.ʒɔk,eʒɛk,eʒɔk,eɪʒɛk,eɪʒɔk
e.ʒɛb,e.ʒɔb,eʒɛb,eʒɔb,eɪʒɛb,eɪʒɔb
e.ʒɛd,e.ʒɔd,eʒɛd,eʒɔd,eɪʒɛd,eɪʒɔd
e.ʒɛg,e.ʒɔg,eʒɛg,eʒɔg,eɪʒɛg,eɪʒɔg
e.ʒɛf,e.ʒɔf,eʒɛf,eʒɔf,eɪʒɛf,eɪʒɔf
e.ʒɛs,e.ʒɔs,eʒɛs,eʒɔs,eɪʒɛs,eɪʒɔs
e.ʒɛv,e.ʒɔv,eʒɛv,eʒɔv,eɪʒɛv,eɪʒɔv
e.ʒɛz,e.ʒɔz,eʒɛz,eʒɔz,eɪʒɛz,eɪʒɔz
e.ʒɛʃ,e.ʒɔʃ,eʒɛʃ,eʒɔʃ,eɪʒɛʃ,eɪʒɔʃ
e.ʒɛʒ,e.ʒɔʒ,eʒɛʒ,eʒɔʒ,eɪʒɛʒ,eɪʒɔʒ
e.ʒɛθ,e.ʒɔθ,eʒɛθ,eʒɔθ,eɪʒɛθ,eɪʒɔθ
e.ʒɛð,e.ʒɔð,eʒɛð,eʒɔð,eɪʒɛð,eɪʒɔð
e.θɛm,e.θɔm,eθɛm,eθɔm,eɪθɛm,eɪθɔm
e.θɛn,e.θɔn,eθɛn,eθɔn,eɪθɛn,eɪθɔn
e.θɛŋ,e.θɔŋ,eθɛŋ,eθɔŋ,eɪθɛŋ,eɪθɔŋ
e.θɛp,e.θɔp,eθɛp,eθɔp,eɪθɛp,eɪθɔp
e.θɛt,e.θɔt,eθɛt,eθɔt,eɪθɛt,eɪθɔt
e.θɛk,e.θɔk,eθɛk,eθɔk,eɪθɛk,eɪθɔk
e.θɛb,e.θɔb,eθɛb,eθɔb,eɪθɛb,eɪθɔb
e.θɛd,e.θɔd,eθɛd,eθɔd,eɪθɛd,eɪθɔd
e.θɛg,e.θɔg,eθɛg,eθɔg,eɪθɛg,eɪθɔg
e.θɛf,e.θɔf,eθɛf,eθɔf,eɪθɛf,eɪθɔf
e.θɛs,e.θɔs,eθɛs,eθɔs,eɪθɛs,eɪθɔs
e.θɛv,e.θɔv,eθɛv,eθɔv,eɪθɛv,eɪθɔv
e.θɛz,e.θɔz,eθɛz,eθɔz,eɪθɛz,eɪθɔz
e.θɛʃ,e.θɔʃ,eθɛʃ,eθɔʃ,eɪθɛʃ,eɪθɔʃ
e.θɛʒ,e.θɔʒ,eθɛʒ,eθɔʒ,eɪθɛʒ,eɪθɔʒ
e.θɛθ,e.θɔθ,eθɛθ,eθɔθ,eɪθɛθ,eɪθɔθ
e.θɛð,e.θɔð,eθɛð,eθɔð,eɪθɛð,eɪθɔð
e.ðɛm,e.ðɔm,eðɛm,eðɔm,eɪðɛm,eɪðɔm
e.ðɛn,e.ðɔn,eðɛn,eðɔn,eɪðɛn,eɪðɔn
e.ðɛŋ,e.ðɔŋ,eðɛŋ,eðɔŋ,eɪðɛŋ,eɪðɔŋ
e.ðɛp,e.ðɔp,eðɛp,eðɔp,eɪðɛp,eɪðɔp
e.ðɛt,e.ðɔt,eðɛt,eðɔt,eɪðɛt,eɪðɔt
e.ðɛk,e.ðɔk,eðɛk,eðɔk,eɪðɛk,eɪðɔk
e.ðɛb,e.ðɔb,eðɛb,eðɔb,eɪðɛb,eɪðɔb
e.ðɛd,e.ðɔd,eðɛd,eðɔd,eɪðɛd,eɪðɔd
e.ðɛg,e.ðɔg,eðɛg,eðɔg,eɪðɛg,eɪðɔg
e.ðɛf,e.ðɔf,eðɛf,eðɔf,eɪðɛf,eɪðɔf
e.ðɛs,e.ðɔs,eðɛs,eðɔs,eɪðɛs,eɪðɔs
e.ðɛv,e.ðɔv,eðɛv,eðɔv,eɪðɛv,eɪðɔv
e.ðɛz,e.ðɔz,eðɛz,eðɔz,eɪðɛz,eɪðɔz
e.ðɛʃ,e.ðɔʃ,eðɛʃ,eðɔʃ,eɪðɛʃ,eɪðɔʃ
e.ðɛʒ,e.ðɔʒ,eðɛʒ,eðɔʒ,eɪðɛʒ,eɪðɔʒ
e.ðɛθ,e.ðɔθ,eðɛθ,eðɔθ,eɪðɛθ,eɪðɔθ
e.ðɛð,e.ðɔð,eðɛð,eðɔð,eɪðɛð,eɪðɔð
e.hɛm,e.hɔm,ehɛm,ehɔm,eɪhɛm,eɪhɔm
e.hɛn,e.hɔn,ehɛn,ehɔn,eɪhɛn,eɪhɔn
e.hɛŋ,e.hɔŋ,ehɛŋ,ehɔŋ,eɪhɛŋ,eɪhɔŋ
e.hɛp,e.hɔp,ehɛp,ehɔp,eɪhɛp,eɪhɔp
e.hɛt,e.hɔt,ehɛt,ehɔt,eɪhɛt,eɪhɔt
e.hɛk,e.hɔk,ehɛk,ehɔk,eɪhɛk,eɪhɔk
e.hɛb,e.hɔb,ehɛb,ehɔb,eɪhɛb,eɪhɔb
e.hɛd,e.hɔd,ehɛd,ehɔd,eɪhɛd,eɪhɔd
e.hɛg,e.hɔg,ehɛg,ehɔg,eɪhɛg,eɪhɔg
e.hɛf,e.hɔf,ehɛf,ehɔf,eɪhɛf,eɪhɔf
e.hɛs,e.hɔs,ehɛs,ehɔs,eɪhɛs,eɪhɔs
e.hɛv,e.hɔv,ehɛv,ehɔv,eɪhɛv,eɪhɔv
e.hɛz,e.hɔz,ehɛz,ehɔz,eɪhɛz,eɪhɔz
e.hɛʃ,e.hɔʃ,ehɛʃ,ehɔʃ,eɪhɛʃ,eɪhɔʃ
e.hɛʒ,e.hɔʒ,ehɛʒ,ehɔʒ,eɪhɛʒ,eɪhɔʒ
e.hɛθ,e.hɔθ,ehɛθ,ehɔθ,eɪhɛθ,eɪhɔθ
e.hɛð,e.hɔð,ehɛð,ehɔð,eɪhɛð,eɪhɔð
e.mʊm,e.mɪm,emʊm,emɪm,eɪmʊm,eɪmɪm
e.mʊn,e.mɪn,emʊn,emɪn,eɪmʊn,eɪmɪn
e.mʊŋ,e.mɪŋ,emʊŋ,emɪŋ,eɪmʊŋ,eɪmɪŋ
e.mʊp,e.mɪp,emʊp,emɪp,eɪmʊp,eɪmɪp
e.mʊt,e.mɪt,emʊt,emɪt,eɪmʊt,eɪmɪt
e.mʊk,e.mɪk,emʊk,emɪk,eɪmʊk,eɪmɪk
e.mʊb,e.mɪb,emʊb,emɪb,eɪmʊb,eɪmɪb
e.mʊd,e.mɪd,emʊd,emɪd,eɪmʊd,eɪmɪd
e.mʊg,e.mɪg,emʊg,emɪg,eɪmʊg,eɪmɪg
e.mʊf,e.mɪf,emʊf,emɪf,eɪmʊf,eɪmɪf
e.mʊs,e.mɪs,emʊs,emɪs,eɪmʊs,eɪmɪs
e.mʊv,e.mɪv,emʊv,emɪv,eɪmʊv,eɪmɪv
e.mʊz,e.mɪz,emʊz,emɪz,eɪmʊz,eɪmɪz
e.mʊʃ,e.mɪʃ,emʊʃ,emɪʃ,eɪmʊʃ,eɪmɪʃ
e.mʊʒ,e.mɪʒ,emʊʒ,emɪʒ,eɪmʊʒ,eɪmɪʒ
e.mʊθ,e.mɪθ,emʊθ,emɪθ,eɪmʊθ,eɪmɪθ
e.mʊð,e.mɪð,emʊð,emɪð,eɪmʊð,eɪmɪð
e.nʊm,e.nɪm,enʊm,enɪm,eɪnʊm,eɪnɪm
e.nʊn,e.nɪn,enʊn,enɪn,eɪnʊn,eɪnɪn
e.nʊŋ,e.nɪŋ,enʊŋ,enɪŋ,eɪnʊŋ,eɪnɪŋ
e.nʊp,e.nɪp,enʊp,enɪp,eɪnʊp,eɪnɪp
e.nʊt,e.nɪt,enʊt,enɪt,eɪnʊt,eɪnɪt
e.nʊk,e.nɪk,enʊk,enɪk,eɪnʊk,eɪnɪk
e.nʊb,e.nɪb,enʊb,enɪb,eɪnʊb,eɪnɪb
e.nʊd,e.nɪd,enʊd,enɪd,eɪnʊd,eɪnɪd
e.nʊg,e.nɪg,enʊg,enɪg,eɪnʊg,eɪnɪg
e.nʊf,e.nɪf,enʊf,enɪf,eɪnʊf,eɪnɪf
e.nʊs,e.nɪs,enʊs,enɪs,eɪnʊs,eɪnɪs
e.nʊv,e.nɪv,enʊv,enɪv,eɪnʊv,eɪnɪv
e.nʊz,e.nɪz,enʊz,enɪz,eɪnʊz,eɪnɪz
e.nʊʃ,e.nɪʃ,enʊʃ,enɪʃ,eɪnʊʃ,eɪnɪʃ
e.nʊʒ,e.nɪʒ,enʊʒ,enɪʒ,eɪnʊʒ,eɪnɪʒ
e.nʊθ,e.nɪθ,enʊθ,enɪθ,eɪnʊθ,eɪnɪθ
e.nʊð,e.nɪð,enʊð,enɪð,eɪnʊð,eɪnɪð
e.pʊm,e.pɪm,epʊm,epɪm,eɪpʊm,eɪpɪm
e.pʊn,e.pɪn,epʊn,epɪn,eɪpʊn,eɪpɪn
e.pʊŋ,e.pɪŋ,epʊŋ,epɪŋ,eɪpʊŋ,eɪpɪŋ
e.pʊp,e.pɪp,epʊp,epɪp,eɪpʊp,eɪpɪp
e.pʊt,e.pɪt,epʊt,epɪt,eɪpʊt,eɪpɪt
e.pʊk,e.pɪk,epʊk,epɪk,eɪpʊk,eɪpɪk
e.pʊb,e.pɪb,epʊb,epɪb,eɪpʊb,eɪpɪb
e.pʊd,e.pɪd,epʊd,epɪd,eɪpʊd,eɪpɪd
e.pʊg,e.pɪg,epʊg,epɪg,eɪpʊg,eɪpɪg
e.pʊf,e.pɪf,epʊf,epɪf,eɪpʊf,eɪpɪf
e.pʊs,e.pɪs,epʊs,epɪs,eɪpʊs,eɪpɪs
e.pʊv,e.pɪv,epʊv,epɪv,eɪpʊv,eɪpɪv
e.pʊz,e.pɪz,epʊz,epɪz,eɪpʊz,eɪpɪz
e.pʊʃ,e.pɪʃ,epʊʃ,epɪʃ,eɪpʊʃ,eɪpɪʃ
e.pʊʒ,e.pɪʒ,epʊʒ,epɪʒ,eɪpʊʒ,eɪpɪʒ
e.pʊθ,e.pɪθ,epʊθ,epɪθ,eɪpʊθ,eɪpɪθ
e.pʊð,e.pɪð,epʊð,epɪð,eɪpʊð,eɪpɪð
e.tʊm,e.tɪm,etʊm,etɪm,eɪtʊm,eɪtɪm
e.tʊn,e.tɪn,etʊn,etɪn,eɪtʊn,eɪtɪn
e.tʊŋ,e.tɪŋ,etʊŋ,etɪŋ,eɪtʊŋ,eɪtɪŋ
e.tʊp,e.tɪp,etʊp,etɪp,eɪtʊp,eɪtɪp
e.tʊt,e.tɪt,etʊt,etɪt,eɪtʊt,eɪtɪt
e.tʊk,e.tɪk,etʊk,etɪk,eɪtʊk,eɪtɪk
e.tʊb,e.tɪb,etʊb,etɪb,eɪtʊb,eɪtɪb
e.tʊd,e.tɪd,etʊd,etɪd,eɪtʊd,eɪtɪd
e.tʊg,e.tɪg,etʊg,etɪg,eɪtʊg,eɪtɪg
e.tʊf,e.tɪf,etʊf,etɪf,eɪtʊf,eɪtɪf
e.tʊs,e.tɪs,etʊs,etɪs,eɪtʊs,eɪtɪs
e.tʊv,e.tɪv,etʊv,etɪv,eɪtʊv,eɪtɪv
e.tʊz,e.tɪz,etʊz,etɪz,eɪtʊz,eɪtɪz
e.tʊʃ,e.tɪʃ,etʊʃ,etɪʃ,eɪtʊʃ,eɪtɪʃ
e.tʊʒ,e.tɪʒ,etʊʒ,etɪʒ,eɪtʊʒ,eɪtɪʒ
e.tʊθ,e.tɪθ,etʊθ,etɪθ,eɪtʊθ,eɪtɪθ
e.tʊð,e.tɪð,etʊð,etɪð,eɪtʊð,eɪtɪð
e.kʊm,e.kɪm,ekʊm,ekɪm,eɪkʊm,eɪkɪm
e.kʊn,e.kɪn,ekʊn,ekɪn,eɪkʊn,eɪkɪn
e.kʊŋ,e.kɪŋ,ekʊŋ,ekɪŋ,eɪkʊŋ,eɪkɪŋ
e.kʊp,e.kɪp,ekʊp,ekɪp,eɪkʊp,eɪkɪp
e.kʊt,e.kɪt,ekʊt,ekɪt,eɪkʊt,eɪkɪt
e.kʊk,e.kɪk,ekʊk,ekɪk,eɪkʊk,eɪkɪk
e.kʊb,e.kɪb,ekʊb,ekɪb,eɪkʊb,eɪkɪb
e.kʊd,e.kɪd,ekʊd,ekɪd,eɪkʊd,eɪkɪd
e.kʊg,e.kɪg,ekʊg,ekɪg,eɪkʊg,eɪkɪg
e.kʊf,e.kɪf,ekʊf,ekɪf,eɪkʊf,eɪkɪf
e.kʊs,e.kɪs,ekʊs,ekɪs,eɪkʊs,eɪkɪs
e.kʊv,e.kɪv,ekʊv,ekɪv,eɪkʊv,eɪkɪv
e.kʊz,e.kɪz,ekʊz,ekɪz,eɪkʊz,eɪkɪz
e.kʊʃ,e.kɪʃ,ekʊʃ,ekɪʃ,eɪkʊʃ,eɪkɪʃ
e.kʊʒ,e.kɪʒ,ekʊʒ,ekɪʒ,eɪkʊʒ,eɪkɪʒ
e.kʊθ,e.kɪθ,ekʊθ,ekɪθ,eɪkʊθ,eɪkɪθ
e.kʊð,e.kɪð,ekʊð,ekɪð,eɪkʊð,eɪkɪð
e.bʊm,e.bɪm,ebʊm,ebɪm,eɪbʊm,eɪbɪm
e.bʊn,e.bɪn,ebʊn,ebɪn,eɪbʊn,eɪbɪn
e.bʊŋ,e.bɪŋ,ebʊŋ,ebɪŋ,eɪbʊŋ,eɪbɪŋ
e.bʊp,e.bɪp,ebʊp,ebɪp,eɪbʊp,eɪbɪp
e.bʊt,e.bɪt,ebʊt,ebɪt,eɪbʊt,eɪbɪt
e.bʊk,e.bɪk,ebʊk,ebɪk,eɪbʊk,eɪbɪk
e.bʊb,e.bɪb,ebʊb,ebɪb,eɪbʊb,eɪbɪb
e.bʊd,e.bɪd,ebʊd,ebɪd,eɪbʊd,eɪbɪd
e.bʊg,e.bɪg,ebʊg,ebɪg,eɪbʊg,eɪbɪg
e.bʊf,e.bɪf,ebʊf,ebɪf,eɪbʊf,eɪbɪf
e.bʊs,e.bɪs,ebʊs,ebɪs,eɪbʊs,eɪbɪs
e.bʊv,e.bɪv,ebʊv,ebɪv,eɪbʊv,eɪbɪv
e.bʊz,e.bɪz,ebʊz,ebɪz,eɪbʊz,eɪbɪz
e.bʊʃ,e.bɪʃ,ebʊʃ,ebɪʃ,eɪbʊʃ,eɪbɪʃ
e.bʊʒ,e.bɪʒ,ebʊʒ,ebɪʒ,eɪbʊʒ,eɪbɪʒ
e.bʊθ,e.bɪθ,ebʊθ,ebɪθ,eɪbʊθ,eɪbɪθ
e.bʊð,e.bɪð,ebʊð,ebɪð,eɪbʊð,eɪbɪð
e.dʊm,e.dɪm,edʊm,edɪm,eɪdʊm,eɪdɪm
e.dʊn,e.dɪn,edʊn,edɪn,eɪdʊn,eɪdɪn
e.dʊŋ,e.dɪŋ,edʊŋ,edɪŋ,eɪdʊŋ,eɪdɪŋ
e.dʊp,e.dɪp,edʊp,edɪp,eɪdʊp,eɪdɪp
e.dʊt,e.dɪt,edʊt,edɪt,eɪdʊt,eɪdɪt
e.dʊk,e.dɪk,edʊk,edɪk,eɪdʊk,eɪdɪk
e.dʊb,e.dɪb,edʊb,edɪb,eɪdʊb,eɪdɪb
e.dʊd,e.dɪd,edʊd,edɪd,eɪdʊd,eɪdɪd
e.dʊg,e.dɪg,edʊg,edɪg,eɪdʊg,eɪdɪg
e.dʊf,e.dɪf,edʊf,edɪf,eɪdʊf,eɪdɪf
e.dʊs,e.dɪs,edʊs,edɪs,eɪdʊs,eɪdɪs
e.dʊv,e.dɪv,edʊv,edɪv,eɪdʊv,eɪdɪv
e.dʊz,e.dɪz,edʊz,edɪz,eɪdʊz,eɪdɪz
e.dʊʃ,e.dɪʃ,edʊʃ,edɪʃ,eɪdʊʃ,eɪdɪʃ
e.dʊʒ,e.dɪʒ,edʊʒ,edɪʒ,eɪdʊʒ,eɪdɪʒ
e.dʊθ,e.dɪθ,edʊθ,edɪθ,eɪdʊθ,eɪdɪθ
e.dʊð,e.dɪð,edʊð,edɪð,eɪdʊð,eɪdɪð
e.gʊm,e.gɪm,egʊm,egɪm,eɪgʊm,eɪgɪm
e.gʊn,e.gɪn,egʊn,egɪn,eɪgʊn,eɪgɪn
e.gʊŋ,e.gɪŋ,egʊŋ,egɪŋ,eɪgʊŋ,eɪgɪŋ
e.gʊp,e.gɪp,egʊp,egɪp,eɪgʊp,eɪgɪp
e.gʊt,e.gɪt,egʊt,egɪt,eɪgʊt,eɪgɪt
e.gʊk,e.gɪk,egʊk,egɪk,eɪgʊk,eɪgɪk
e.gʊb,e.gɪb,egʊb,egɪb,eɪgʊb,eɪgɪb
e.gʊd,e.gɪd,egʊd,egɪd,eɪgʊd,eɪgɪd
e.gʊg,e.gɪg,egʊg,egɪg,eɪgʊg,eɪgɪg
e.gʊf,e.gɪf,egʊf,egɪf,eɪgʊf,eɪgɪf
e.gʊs,e.gɪs,egʊs,egɪs,eɪgʊs,eɪgɪs
e.gʊv,e.gɪv,egʊv,egɪv,eɪgʊv,eɪgɪv
e.gʊz,e.gɪz,egʊz,egɪz,eɪgʊz,eɪgɪz
e.gʊʃ,e.gɪʃ,egʊʃ,egɪʃ,eɪgʊʃ,eɪgɪʃ
e.gʊʒ,e.gɪʒ,egʊʒ,egɪʒ,eɪgʊʒ,eɪgɪʒ
e.gʊθ,e.gɪθ,egʊθ,egɪθ,eɪgʊθ,eɪgɪθ
e.gʊð,e.gɪð,egʊð,egɪð,eɪgʊð,eɪgɪð
e.fʊm,e.fɪm,efʊm,efɪm,eɪfʊm,eɪfɪm
e.fʊn,e.fɪn,efʊn,efɪn,eɪfʊn,eɪfɪn
e.fʊŋ,e.fɪŋ,efʊŋ,efɪŋ,eɪfʊŋ,eɪfɪŋ
e.fʊp,e.fɪp,efʊp,efɪp,eɪfʊp,eɪfɪp
e.fʊt,e.fɪt,efʊt,efɪt,eɪfʊt,eɪfɪt
e.fʊk,e.fɪk,efʊk,efɪk,eɪfʊk,eɪfɪk
e.fʊb,e.fɪb,efʊb,efɪb,eɪfʊb,eɪfɪb
e.fʊd,e.fɪd,efʊd,efɪd,eɪfʊd,eɪfɪd
e.fʊg,e.fɪg,efʊg,efɪg,eɪfʊg,eɪfɪg
e.fʊf,e.fɪf,efʊf,efɪf,eɪfʊf,eɪfɪf
e.fʊs,e.fɪs,efʊs,efɪs,eɪfʊs,eɪfɪs
e.fʊv,e.fɪv,efʊv,efɪv,eɪfʊv,eɪfɪv
e.fʊz,e.fɪz,efʊz,efɪz,eɪfʊz,eɪfɪz
e.fʊʃ,e.fɪʃ,efʊʃ,efɪʃ,eɪfʊʃ,eɪfɪʃ
e.fʊʒ,e.fɪʒ,efʊʒ,efɪʒ,eɪfʊʒ,eɪfɪʒ
e.fʊθ,e.fɪθ,efʊθ,efɪθ,eɪfʊθ,eɪfɪθ
e.fʊð,e.fɪð,efʊð,efɪð,eɪfʊð,eɪfɪð
e.sʊm,e.sɪm,esʊm,esɪm,eɪsʊm,eɪsɪm
e.sʊn,e.sɪn,esʊn,esɪn,eɪsʊn,eɪsɪn
e.sʊŋ,e.sɪŋ,esʊŋ,esɪŋ,eɪsʊŋ,eɪsɪŋ
e.sʊp,e.sɪp,esʊp,esɪp,eɪsʊp,eɪsɪp
e.sʊt,e.sɪt,esʊt,esɪt,eɪsʊt,eɪsɪt
e.sʊk,e.sɪk,esʊk,esɪk,eɪsʊk,eɪsɪk
e.sʊb,e.sɪb,esʊb,esɪb,eɪsʊb,eɪsɪb
e.sʊd,e.sɪd,esʊd,esɪd,eɪsʊd,eɪsɪd
e.sʊg,e.sɪg,esʊg,esɪg,eɪsʊg,eɪsɪg
e.sʊf,e.sɪf,esʊf,esɪf,eɪsʊf,eɪsɪf
e.sʊs,e.sɪs,esʊs,esɪs,eɪsʊs,eɪsɪs
e.sʊv,e.sɪv,esʊv,esɪv,eɪsʊv,eɪsɪv
e.sʊz,e.sɪz,esʊz,esɪz,eɪsʊz,eɪsɪz
e.sʊʃ,e.sɪʃ,esʊʃ,esɪʃ,eɪsʊʃ,eɪsɪʃ
e.sʊʒ,e.sɪʒ,esʊʒ,esɪʒ,eɪsʊʒ,eɪsɪʒ
e.sʊθ,e.sɪθ,esʊθ,esɪθ,eɪsʊθ,eɪsɪθ
e.sʊð,e.sɪð,esʊð,esɪð,eɪsʊð,eɪsɪð
e.vʊm,e.vɪm,evʊm,evɪm,eɪvʊm,eɪvɪm
e.vʊn,e.vɪn,evʊn,evɪn,eɪvʊn,eɪvɪn
e.vʊŋ,e.vɪŋ,evʊŋ,evɪŋ,eɪvʊŋ,eɪvɪŋ
e.vʊp,e.vɪp,evʊp,evɪp,eɪvʊp,eɪvɪp
e.vʊt,e.vɪt,evʊt,evɪt,eɪvʊt,eɪvɪt
e.vʊk,e.vɪk,evʊk,evɪk,eɪvʊk,eɪvɪk
e.vʊb,e.vɪb,evʊb,evɪb,eɪvʊb,eɪvɪb
e.vʊd,e.vɪd,evʊd,evɪd,eɪvʊd,eɪvɪd
e.vʊg,e.vɪg,evʊg,evɪg,eɪvʊg,eɪvɪg
e.vʊf,e.vɪf,evʊf,evɪf,eɪvʊf,eɪvɪf
e.vʊs,e.vɪs,evʊs,evɪs,eɪvʊs,eɪvɪs
e.vʊv,e.vɪv,evʊv,evɪv,eɪvʊv,eɪvɪv
e.vʊz,e.vɪz,evʊz,evɪz,eɪvʊz,eɪvɪz
e.vʊʃ,e.vɪʃ,evʊʃ,evɪʃ,eɪvʊʃ,eɪvɪʃ
e.vʊʒ,e.vɪʒ,evʊʒ,evɪʒ,eɪvʊʒ,eɪvɪʒ
e.vʊθ,e.vɪθ,evʊθ,evɪθ,eɪvʊθ,eɪvɪθ
e.vʊð,e.vɪð,evʊð,evɪð,eɪvʊð,eɪvɪð
e.zʊm,e.zɪm,ezʊm,ezɪm,eɪzʊm,eɪzɪm
e.zʊn,e.zɪn,ezʊn,ezɪn,eɪzʊn,eɪzɪn
e.zʊŋ,e.zɪŋ,ezʊŋ,ezɪŋ,eɪzʊŋ,eɪzɪŋ
e.zʊp,e.zɪp,ezʊp,ezɪp,eɪzʊp,eɪzɪp
e.zʊt,e.zɪt,ezʊt,ezɪt,eɪzʊt,eɪzɪt
e.zʊk,e.zɪk,ezʊk,ezɪk,eɪzʊk,eɪzɪk
e.zʊb,e.zɪb,ezʊb,ezɪb,eɪzʊb,eɪzɪb
e.zʊd,e.zɪd,ezʊd,ezɪd,eɪzʊd,eɪzɪd
e.zʊg,e.zɪg,ezʊg,ezɪg,eɪzʊg,eɪzɪg
e.zʊf,e.zɪf,ezʊf,ezɪf,eɪzʊf,eɪzɪf
e.zʊs,e.zɪs,ezʊs,ezɪs,eɪzʊs,eɪzɪs
e.zʊv,e.zɪv,ezʊv,ezɪv,eɪzʊv,eɪzɪv
e.zʊz,e.zɪz,ezʊz,ezɪz,eɪzʊz,eɪzɪz
e.zʊʃ,e.zɪʃ,ezʊʃ,ezɪʃ,eɪzʊʃ,eɪzɪʃ
e.zʊʒ,e.zɪʒ,ezʊʒ,ezɪʒ,eɪzʊʒ,eɪzɪʒ
e.zʊθ,e.zɪθ,ezʊθ,ezɪθ,eɪzʊθ,eɪzɪθ
e.zʊð,e.zɪð,ezʊð,ezɪð,eɪzʊð,eɪzɪð
e.ʃʊm,e.ʃɪm,eʃʊm,eʃɪm,eɪʃʊm,eɪʃɪm
e.ʃʊn,e.ʃɪn,eʃʊn,eʃɪn,eɪʃʊn,eɪʃɪn
e.ʃʊŋ,e.ʃɪŋ,eʃʊŋ,eʃɪŋ,eɪʃʊŋ,eɪʃɪŋ
e.ʃʊp,e.ʃɪp,eʃʊp,eʃɪp,eɪʃʊp,eɪʃɪp
e.ʃʊt,e.ʃɪt,eʃʊt,eʃɪt,eɪʃʊt,eɪʃɪt
e.ʃʊk,e.ʃɪk,eʃʊk,eʃɪk,eɪʃʊk,eɪʃɪk
e.ʃʊb,e.ʃɪb,eʃʊb,eʃɪb,eɪʃʊb,eɪʃɪb
e.ʃʊd,e.ʃɪd,eʃʊd,eʃɪd,eɪʃʊd,eɪʃɪd
e.ʃʊg,e.ʃɪg,eʃʊg,eʃɪg,eɪʃʊg,eɪʃɪg
e.ʃʊf,e.ʃɪf,eʃʊf,eʃɪf,eɪʃʊf,eɪʃɪf
e.ʃʊs,e.ʃɪs,eʃʊs,eʃɪs,eɪʃʊs,eɪʃɪs
e.ʃʊv,e.ʃɪv,eʃʊv,eʃɪv,eɪʃʊv,eɪʃɪv
e.ʃʊz,e.ʃɪz,eʃʊz,eʃɪz,eɪʃʊz,eɪʃɪz
e.ʃʊʃ,e.ʃɪʃ,eʃʊʃ,eʃɪʃ,eɪʃʊʃ,eɪʃɪʃ
e.ʃʊʒ,e.ʃɪʒ,eʃʊʒ,eʃɪʒ,eɪʃʊʒ,eɪʃɪʒ
e.ʃʊθ,e.ʃɪθ,eʃʊθ,eʃɪθ,eɪʃʊθ,eɪʃɪθ
e.ʃʊð,e.ʃɪð,eʃʊð,eʃɪð,eɪʃʊð,eɪʃɪð
e.ʒʊm,e.ʒɪm,eʒʊm,eʒɪm,eɪʒʊm,eɪʒɪm
e.ʒʊn,e.ʒɪn,eʒʊn,eʒɪn,eɪʒʊn,eɪʒɪn
e.ʒʊŋ,e.ʒɪŋ,eʒʊŋ,eʒɪŋ,eɪʒʊŋ,eɪʒɪŋ
e.ʒʊp,e.ʒɪp,eʒʊp,eʒɪp,eɪʒʊp,eɪʒɪp
e.ʒʊt,e.ʒɪt,eʒʊt,eʒɪt,eɪʒʊt,eɪʒɪt
e.ʒʊk,e.ʒɪk,eʒʊk,eʒɪk,eɪʒʊk,eɪʒɪk
e.ʒʊb,e.ʒɪb,eʒʊb,eʒɪb,eɪʒʊb,eɪʒɪb
e.ʒʊd,e.ʒɪd,eʒʊd,eʒɪd,eɪʒʊd,eɪʒɪd
e.ʒʊg,e.ʒɪg,eʒʊg,eʒɪg,eɪʒʊg,eɪʒɪg
e.ʒʊf,e.ʒɪf,eʒʊf,eʒɪf,eɪʒʊf,eɪʒɪf
e.ʒʊs,e.ʒɪs,eʒʊs,eʒɪs,eɪʒʊs,eɪʒɪs
e.ʒʊv,e.ʒɪv,eʒʊv,eʒɪv,eɪʒʊv,eɪʒɪv
e.ʒʊz,e.ʒɪz,eʒʊz,eʒɪz,eɪʒʊz,eɪʒɪz
e.ʒʊʃ,e.ʒɪʃ,eʒʊʃ,eʒɪʃ,eɪʒʊʃ,eɪʒɪʃ
e.ʒʊʒ,e.ʒɪʒ,eʒʊʒ,eʒɪʒ,eɪʒʊʒ,eɪʒɪʒ
e.ʒʊθ,e.ʒɪθ,eʒʊθ,eʒɪθ,eɪʒʊθ,eɪʒɪθ
e.ʒʊð,e.ʒɪð,eʒʊð,eʒɪð,eɪʒʊð,eɪʒɪð
e.θʊm,e.θɪm,eθʊm,eθɪm,eɪθʊm,eɪθɪm
e.θʊn,e.θɪn,eθʊn,eθɪn,eɪθʊn,eɪθɪn
e.θʊŋ,e.θɪŋ,eθʊŋ,eθɪŋ,eɪθʊŋ,eɪθɪŋ
e.θʊp,e.θɪp,eθʊp,eθɪp,eɪθʊp,eɪθɪp
e.θʊt,e.θɪt,eθʊt,eθɪt,eɪθʊt,eɪθɪt
e.θʊk,e.θɪk,eθʊk,eθɪk,eɪθʊk,eɪθɪk
e.θʊb,e.θɪb,eθʊb,eθɪb,eɪθʊb,eɪθɪb
e.θʊd,e.θɪd,eθʊd,eθɪd,eɪθʊd,eɪθɪd
e.θʊg,e.θɪg,eθʊg,eθɪg,eɪθʊg,eɪθɪg
e.θʊf,e.θɪf,eθʊf,eθɪf,eɪθʊf,eɪθɪf
e.θʊs,e.θɪs,eθʊs,eθɪs,eɪθʊs,eɪθɪs
e.θʊv,e.θɪv,eθʊv,eθɪv,eɪθʊv,eɪθɪv
e.θʊz,e.θɪz,eθʊz,eθɪz,eɪθʊz,eɪθɪz
e.θʊʃ,e.θɪʃ,eθʊʃ,eθɪʃ,eɪθʊʃ,eɪθɪʃ
e.θʊʒ,e.θɪʒ,eθʊʒ,eθɪʒ,eɪθʊʒ,eɪθɪʒ
e.θʊθ,e.θɪθ,eθʊθ,eθɪθ,eɪθʊθ,eɪθɪθ
e.θʊð,e.θɪð,eθʊð,eθɪð,eɪθʊð,eɪθɪð
e.ðʊm,e.ðɪm,eðʊm,eðɪm,eɪðʊm,eɪðɪm
e.ðʊn,e.ðɪn,eðʊn,eðɪn,eɪðʊn,eɪðɪn
e.ðʊŋ,e.ðɪŋ,eðʊŋ,eðɪŋ,eɪðʊŋ,eɪðɪŋ
e.ðʊp,e.ðɪp,eðʊp,eðɪp,eɪðʊp,eɪðɪp
e.ðʊt,e.ðɪt,eðʊt,eðɪt,eɪðʊt,eɪðɪt
e.ðʊk,e.ðɪk,eðʊk,eðɪk,eɪðʊk,eɪðɪk
e.ðʊb,e.ðɪb,eðʊb,eðɪb,eɪðʊb,eɪðɪb
e.ðʊd,e.ðɪd,eðʊd,eðɪd,eɪðʊd,eɪðɪd
e.ðʊg,e.ðɪg,eðʊg,eðɪg,eɪðʊg,eɪðɪg
e.ðʊf,e.ðɪf,eðʊf,eðɪf,eɪðʊf,eɪðɪf
e.ðʊs,e.ðɪs,eðʊs,eðɪs,eɪðʊs,eɪðɪs
e.ðʊv,e.ðɪv,eðʊv,eðɪv,eɪðʊv,eɪðɪv
e.ðʊz,e.ðɪz,eðʊz,eðɪz,eɪðʊz,eɪðɪz
e.ðʊʃ,e.ðɪʃ,eðʊʃ,eðɪʃ,eɪðʊʃ,eɪðɪʃ
e.ðʊʒ,e.ðɪʒ,eðʊʒ,eðɪʒ,eɪðʊʒ,eɪðɪʒ
e.ðʊθ,e.ðɪθ,eðʊθ,eðɪθ,eɪðʊθ,eɪðɪθ
e.ðʊð,e.ðɪð,eðʊð,eðɪð,eɪðʊð,eɪðɪð
e.hʊm,e.hɪm,ehʊm,ehɪm,eɪhʊm,eɪhɪm
e.hʊn,e.hɪn,ehʊn,ehɪn,eɪhʊn,eɪhɪn
e.hʊŋ,e.hɪŋ,ehʊŋ,ehɪŋ,eɪhʊŋ,eɪhɪŋ
e.hʊp,e.hɪp,ehʊp,ehɪp,eɪhʊp,eɪhɪp
e.hʊt,e.hɪt,ehʊt,ehɪt,eɪhʊt,eɪhɪt
e.hʊk,e.hɪk,ehʊk,ehɪk,eɪhʊk,eɪhɪk
e.hʊb,e.hɪb,ehʊb,ehɪb,eɪhʊb,eɪhɪb
e.hʊd,e.hɪd,ehʊd,ehɪd,eɪhʊd,eɪhɪd
e.hʊg,e.hɪg,ehʊg,ehɪg,eɪhʊg,eɪhɪg
e.hʊf,e.hɪf,ehʊf,ehɪf,eɪhʊf,eɪhɪf
e.hʊs,e.hɪs,ehʊs,ehɪs,eɪhʊs,eɪhɪs
e.hʊv,e.hɪv,ehʊv,ehɪv,eɪhʊv,eɪhɪv
e.hʊz,e.hɪz,ehʊz,ehɪz,eɪhʊz,eɪhɪz
e.hʊʃ,e.hɪʃ,ehʊʃ,ehɪʃ,eɪhʊʃ,eɪhɪʃ
e.hʊʒ,e.hɪʒ,ehʊʒ,ehɪʒ,eɪhʊʒ,eɪhɪʒ
e.hʊθ,e.hɪθ,ehʊθ,ehɪθ,eɪhʊθ,eɪhɪθ
e.hʊð,e.hɪð,ehʊð,ehɪð,eɪhʊð,eɪhɪð
e.mɔm,e.mɛm,emɔm,emɛm,eɪmɔm,eɪmɛm
e.mɔn,e.mɛn,emɔn,emɛn,eɪmɔn,eɪmɛn
e.mɔŋ,e.mɛŋ,emɔŋ,emɛŋ,eɪmɔŋ,eɪmɛŋ
e.mɔp,e.mɛp,emɔp,emɛp,eɪmɔp,eɪmɛp
e.mɔt,e.mɛt,emɔt,emɛt,eɪmɔt,eɪmɛt
e.mɔk,e.mɛk,emɔk,emɛk,eɪmɔk,eɪmɛk
e.mɔb,e.mɛb,emɔb,emɛb,eɪmɔb,eɪmɛb
e.mɔd,e.mɛd,emɔd,emɛd,eɪmɔd,eɪmɛd
e.mɔg,e.mɛg,emɔg,emɛg,eɪmɔg,eɪmɛg
e.mɔf,e.mɛf,emɔf,emɛf,eɪmɔf,eɪmɛf
e.mɔs,e.mɛs,emɔs,emɛs,eɪmɔs,eɪmɛs
e.mɔv,e.mɛv,emɔv,emɛv,eɪmɔv,eɪmɛv
e.mɔz,e.mɛz,emɔz,emɛz,eɪmɔz,eɪmɛz
e.mɔʃ,e.mɛʃ,emɔʃ,emɛʃ,eɪmɔʃ,eɪmɛʃ
e.mɔʒ,e.mɛʒ,emɔʒ,emɛʒ,eɪmɔʒ,eɪmɛʒ
e.mɔθ,e.mɛθ,emɔθ,emɛθ,eɪmɔθ,eɪmɛθ
e.mɔð,e.mɛð,emɔð,emɛð,eɪmɔð,eɪmɛð
e.nɔm,e.nɛm,enɔm,enɛm,eɪnɔm,eɪnɛm
e.nɔn,e.nɛn,enɔn,enɛn,eɪnɔn,eɪnɛn
e.nɔŋ,e.nɛŋ,enɔŋ,enɛŋ,eɪnɔŋ,eɪnɛŋ
e.nɔp,e.nɛp,enɔp,enɛp,eɪnɔp,eɪnɛp
e.nɔt,e.nɛt,enɔt,enɛt,eɪnɔt,eɪnɛt
e.nɔk,e.nɛk,enɔk,enɛk,eɪnɔk,eɪnɛk
e.nɔb,e.nɛb,enɔb,enɛb,eɪnɔb,eɪnɛb
e.nɔd,e.nɛd,enɔd,enɛd,eɪnɔd,eɪnɛd
e.nɔg,e.nɛg,enɔg,enɛg,eɪnɔg,eɪnɛg
e.nɔf,e.nɛf,enɔf,enɛf,eɪnɔf,eɪnɛf
e.nɔs,e.nɛs,enɔs,enɛs,eɪnɔs,eɪnɛs
e.nɔv,e.nɛv,enɔv,enɛv,eɪnɔv,eɪnɛv
e.nɔz,e.nɛz,enɔz,enɛz,eɪnɔz,eɪnɛz
e.nɔʃ,e.nɛʃ,enɔʃ,enɛʃ,eɪnɔʃ,eɪnɛʃ
e.nɔʒ,e.nɛʒ,enɔʒ,enɛʒ,eɪnɔʒ,eɪnɛʒ
e.nɔθ,e.nɛθ,enɔθ,enɛθ,eɪnɔθ,eɪnɛθ
e.nɔð,e.nɛð,enɔð,enɛð,eɪnɔð,eɪnɛð
e.pɔm,e.pɛm,epɔm,epɛm,eɪpɔm,eɪpɛm
e.pɔn,e.pɛn,epɔn,epɛn,eɪpɔn,eɪpɛn
e.pɔŋ,e.pɛŋ,epɔŋ,epɛŋ,eɪpɔŋ,eɪpɛŋ
e.pɔp,e.pɛp,epɔp,epɛp,eɪpɔp,eɪpɛp
e.pɔt,e.pɛt,epɔt,epɛt,eɪpɔt,eɪpɛt
e.pɔk,e.pɛk,epɔk,epɛk,eɪpɔk,eɪpɛk
e.pɔb,e.pɛb,epɔb,epɛb,eɪpɔb,eɪpɛb
e.pɔd,e.pɛd,epɔd,epɛd,eɪpɔd,eɪpɛd
e.pɔg,e.pɛg,epɔg,epɛg,eɪpɔg,eɪpɛg
e.pɔf,e.pɛf,epɔf,epɛf,eɪpɔf,eɪpɛf
e.pɔs,e.pɛs,epɔs,epɛs,eɪpɔs,eɪpɛs
e.pɔv,e.pɛv,epɔv,epɛv,eɪpɔv,eɪpɛv
e.pɔz,e.pɛz,epɔz,epɛz,eɪpɔz,eɪpɛz
e.pɔʃ,e.pɛʃ,epɔʃ,epɛʃ,eɪpɔʃ,eɪpɛʃ
e.pɔʒ,e.pɛʒ,epɔʒ,epɛʒ,eɪpɔʒ,eɪpɛʒ
e.pɔθ,e.pɛθ,epɔθ,epɛθ,eɪpɔθ,eɪpɛθ
e.pɔð,e.pɛð,epɔð,epɛð,eɪpɔð,eɪpɛð
e.tɔm,e.tɛm,etɔm,etɛm,eɪtɔm,eɪtɛm
e.tɔn,e.tɛn,etɔn,etɛn,eɪtɔn,eɪtɛn
e.tɔŋ,e.tɛŋ,etɔŋ,etɛŋ,eɪtɔŋ,eɪtɛŋ
e.tɔp,e.tɛp,etɔp,etɛp,eɪtɔp,eɪtɛp
e.tɔt,e.tɛt,etɔt,etɛt,eɪtɔt,eɪtɛt
e.tɔk,e.tɛk,etɔk,etɛk,eɪtɔk,eɪtɛk
e.tɔb,e.tɛb,etɔb,etɛb,eɪtɔb,eɪtɛb
e.tɔd,e.tɛd,etɔd,etɛd,eɪtɔd,eɪtɛd
e.tɔg,e.tɛg,etɔg,etɛg,eɪtɔg,eɪtɛg
e.tɔf,e.tɛf,etɔf,etɛf,eɪtɔf,eɪtɛf
e.tɔs,e.tɛs,etɔs,etɛs,eɪtɔs,eɪtɛs
e.tɔv,e.tɛv,etɔv,etɛv,eɪtɔv,eɪtɛv
e.tɔz,e.tɛz,etɔz,etɛz,eɪtɔz,eɪtɛz
e.tɔʃ,e.tɛʃ,etɔʃ,etɛʃ,eɪtɔʃ,eɪtɛʃ
e.tɔʒ,e.tɛʒ,etɔʒ,etɛʒ,eɪtɔʒ,eɪtɛʒ
e.tɔθ,e.tɛθ,etɔθ,etɛθ,eɪtɔθ,eɪtɛθ
e.tɔð,e.tɛð,etɔð,etɛð,eɪtɔð,eɪtɛð
e.kɔm,e.kɛm,ekɔm,ekɛm,eɪkɔm,eɪkɛm
e.kɔn,e.kɛn,ekɔn,ekɛn,eɪkɔn,eɪkɛn
e.kɔŋ,e.kɛŋ,ekɔŋ,ekɛŋ,eɪkɔŋ,eɪkɛŋ
e.kɔp,e.kɛp,ekɔp,ekɛp,eɪkɔp,eɪkɛp
e.kɔt,e.kɛt,ekɔt,ekɛt,eɪkɔt,eɪkɛt
e.kɔk,e.kɛk,ekɔk,ekɛk,eɪkɔk,eɪkɛk
e.kɔb,e.kɛb,ekɔb,ekɛb,eɪkɔb,eɪkɛb
e.kɔd,e.kɛd,ekɔd,ekɛd,eɪkɔd,eɪkɛd
e.kɔg,e.kɛg,ekɔg,ekɛg,eɪkɔg,eɪkɛg
e.kɔf,e.kɛf,ekɔf,ekɛf,eɪkɔf,eɪkɛf
e.kɔs,e.kɛs,ekɔs,ekɛs,eɪkɔs,eɪkɛs
e.kɔv,e.kɛv,ekɔv,ekɛv,eɪkɔv,eɪkɛv
e.kɔz,e.kɛz,ekɔz,ekɛz,eɪkɔz,eɪkɛz
e.kɔʃ,e.kɛʃ,ekɔʃ,ekɛʃ,eɪkɔʃ,eɪkɛʃ
e.kɔʒ,e.kɛʒ,ekɔʒ,ekɛʒ,eɪkɔʒ,eɪkɛʒ
e.kɔθ,e.kɛθ,ekɔθ,ekɛθ,eɪkɔθ,eɪkɛθ
e.kɔð,e.kɛð,ekɔð,ekɛð,eɪkɔð,eɪkɛð
e.bɔm,e.bɛm,ebɔm,ebɛm,eɪbɔm,eɪbɛm
e.bɔn,e.bɛn,ebɔn,ebɛn,eɪbɔn,eɪbɛn
e.bɔŋ,e.bɛŋ,ebɔŋ,ebɛŋ,eɪbɔŋ,eɪbɛŋ
e.bɔp,e.bɛp,ebɔp,ebɛp,eɪbɔp,eɪbɛp
e.bɔt,e.bɛt,ebɔt,ebɛt,eɪbɔt,eɪbɛt
e.bɔk,e.bɛk,ebɔk,ebɛk,eɪbɔk,eɪbɛk
e.bɔb,e.bɛb,ebɔb,ebɛb,eɪbɔb,eɪbɛb
e.bɔd,e.bɛd,ebɔd,ebɛd,eɪbɔd,eɪbɛd
e.bɔg,e.bɛg,ebɔg,ebɛg,eɪbɔg,eɪbɛg
e.bɔf,e.bɛf,ebɔf,ebɛf,eɪbɔf,eɪbɛf
e.bɔs,e.bɛs,ebɔs,ebɛs,eɪbɔs,eɪbɛs
e.bɔv,e.bɛv,ebɔv,ebɛv,eɪbɔv,eɪbɛv
e.bɔz,e.bɛz,ebɔz,ebɛz,eɪbɔz,eɪbɛz
e.bɔʃ,e.bɛʃ,ebɔʃ,ebɛʃ,eɪbɔʃ,eɪbɛʃ
e.bɔʒ,e.bɛʒ,ebɔʒ,ebɛʒ,eɪbɔʒ,eɪbɛʒ
e.bɔθ,e.bɛθ,ebɔθ,ebɛθ,eɪbɔθ,eɪbɛθ
e.bɔð,e.bɛð,ebɔð,ebɛð,eɪbɔð,eɪbɛð
e.dɔm,e.dɛm,edɔm,edɛm,eɪdɔm,eɪdɛm
e.dɔn,e.dɛn,edɔn,edɛn,eɪdɔn,eɪdɛn
e.dɔŋ,e.dɛŋ,edɔŋ,edɛŋ,eɪdɔŋ,eɪdɛŋ
e.dɔp,e.dɛp,edɔp,edɛp,eɪdɔp,eɪdɛp
e.dɔt,e.dɛt,edɔt,edɛt,eɪdɔt,eɪdɛt
e.dɔk,e.dɛk,edɔk,edɛk,eɪdɔk,eɪdɛk
e.dɔb,e.dɛb,edɔb,edɛb,eɪdɔb,eɪdɛb
e.dɔd,e.dɛd,edɔd,edɛd,eɪdɔd,eɪdɛd
e.dɔg,e.dɛg,edɔg,edɛg,eɪdɔg,eɪdɛg
e.dɔf,e.dɛf,edɔf,edɛf,eɪdɔf,eɪdɛf
e.dɔs,e.dɛs,edɔs,edɛs,eɪdɔs,eɪdɛs
e.dɔv,e.dɛv,edɔv,edɛv,eɪdɔv,eɪdɛv
e.dɔz,e.dɛz,edɔz,edɛz,eɪdɔz,eɪdɛz
e.dɔʃ,e.dɛʃ,edɔʃ,edɛʃ,eɪdɔʃ,eɪdɛʃ
e.dɔʒ,e.dɛʒ,edɔʒ,edɛʒ,eɪdɔʒ,eɪdɛʒ
e.dɔθ,e.dɛθ,edɔθ,edɛθ,eɪdɔθ,eɪdɛθ
e.dɔð,e.dɛð,edɔð,edɛð,eɪdɔð,eɪdɛð
e.gɔm,e.gɛm,egɔm,egɛm,eɪgɔm,eɪgɛm
e.gɔn,e.gɛn,egɔn,egɛn,eɪgɔn,eɪgɛn
e.gɔŋ,e.gɛŋ,egɔŋ,egɛŋ,eɪgɔŋ,eɪgɛŋ
e.gɔp,e.gɛp,egɔp,egɛp,eɪgɔp,eɪgɛp
e.gɔt,e.gɛt,egɔt,egɛt,eɪgɔt,eɪgɛt
e.gɔk,e.gɛk,egɔk,egɛk,eɪgɔk,eɪgɛk
e.gɔb,e.gɛb,egɔb,egɛb,eɪgɔb,eɪgɛb
e.gɔd,e.gɛd,egɔd,egɛd,eɪgɔd,eɪgɛd
e.gɔg,e.gɛg,egɔg,egɛg,eɪgɔg,eɪgɛg
e.gɔf,e.gɛf,egɔf,egɛf,eɪgɔf,eɪgɛf
e.gɔs,e.gɛs,egɔs,egɛs,eɪgɔs,eɪgɛs
e.gɔv,e.gɛv,egɔv,egɛv,eɪgɔv,eɪgɛv
e.gɔz,e.gɛz,egɔz,egɛz,eɪgɔz,eɪgɛz
e.gɔʃ,e.gɛʃ,egɔʃ,egɛʃ,eɪgɔʃ,eɪgɛʃ
e.gɔʒ,e.gɛʒ,egɔʒ,egɛʒ,eɪgɔʒ,eɪgɛʒ
e.gɔθ,e.gɛθ,egɔθ,egɛθ,eɪgɔθ,eɪgɛθ
e.gɔð,e.gɛð,egɔð,egɛð,eɪgɔð,eɪgɛð
e.fɔm,e.fɛm,efɔm,efɛm,eɪfɔm,eɪfɛm
e.fɔn,e.fɛn,efɔn,efɛn,eɪfɔn,eɪfɛn
e.fɔŋ,e.fɛŋ,efɔŋ,efɛŋ,eɪfɔŋ,eɪfɛŋ
e.fɔp,e.fɛp,efɔp,efɛp,eɪfɔp,eɪfɛp
e.fɔt,e.fɛt,efɔt,efɛt,eɪfɔt,eɪfɛt
e.fɔk,e.fɛk,efɔk,efɛk,eɪfɔk,eɪfɛk
e.fɔb,e.fɛb,efɔb,efɛb,eɪfɔb,eɪfɛb
e.fɔd,e.fɛd,efɔd,efɛd,eɪfɔd,eɪfɛd
e.fɔg,e.fɛg,efɔg,efɛg,eɪfɔg,eɪfɛg
e.fɔf,e.fɛf,efɔf,efɛf,eɪfɔf,eɪfɛf
e.fɔs,e.fɛs,efɔs,efɛs,eɪfɔs,eɪfɛs
e.fɔv,e.fɛv,efɔv,efɛv,eɪfɔv,eɪfɛv
e.fɔz,e.fɛz,efɔz,efɛz,eɪfɔz,eɪfɛz
e.fɔʃ,e.fɛʃ,efɔʃ,efɛʃ,eɪfɔʃ,eɪfɛʃ
e.fɔʒ,e.fɛʒ,efɔʒ,efɛʒ,eɪfɔʒ,eɪfɛʒ
e.fɔθ,e.fɛθ,efɔθ,efɛθ,eɪfɔθ,eɪfɛθ
e.fɔð,e.fɛð,efɔð,efɛð,eɪfɔð,eɪfɛð
e.sɔm,e.sɛm,esɔm,esɛm,eɪsɔm,eɪsɛm
e.sɔn,e.sɛn,esɔn,esɛn,eɪsɔn,eɪsɛn
e.sɔŋ,e.sɛŋ,esɔŋ,esɛŋ,eɪsɔŋ,eɪsɛŋ
e.sɔp,e.sɛp,esɔp,esɛp,eɪsɔp,eɪsɛp
e.sɔt,e.sɛt,esɔt,esɛt,eɪsɔt,eɪsɛt
e.sɔk,e.sɛk,esɔk,esɛk,eɪsɔk,eɪsɛk
e.sɔb,e.sɛb,esɔb,esɛb,eɪsɔb,eɪsɛb
e.sɔd,e.sɛd,esɔd,esɛd,eɪsɔd,eɪsɛd
e.sɔg,e.sɛg,esɔg,esɛg,eɪsɔg,eɪsɛg
e.sɔf,e.sɛf,esɔf,esɛf,eɪsɔf,eɪsɛf
e.sɔs,e.sɛs,esɔs,esɛs,eɪsɔs,eɪsɛs
e.sɔv,e.sɛv,esɔv,esɛv,eɪsɔv,eɪsɛv
e.sɔz,e.sɛz,esɔz,esɛz,eɪsɔz,eɪsɛz
e.sɔʃ,e.sɛʃ,esɔʃ,esɛʃ,eɪsɔʃ,eɪsɛʃ
e.sɔʒ,e.sɛʒ,esɔʒ,esɛʒ,eɪsɔʒ,eɪsɛʒ
e.sɔθ,e.sɛθ,esɔθ,esɛθ,eɪsɔθ,eɪsɛθ
e.sɔð,e.sɛð,esɔð,esɛð,eɪsɔð,eɪsɛð
e.vɔm,e.vɛm,evɔm,evɛm,eɪvɔm,eɪvɛm
e.vɔn,e.vɛn,evɔn,evɛn,eɪvɔn,eɪvɛn
e.vɔŋ,e.vɛŋ,evɔŋ,evɛŋ,eɪvɔŋ,eɪvɛŋ
e.vɔp,e.vɛp,evɔp,evɛp,eɪvɔp,eɪvɛp
e.vɔt,e.vɛt,evɔt,evɛt,eɪvɔt,eɪvɛt
e.vɔk,e.vɛk,evɔk,evɛk,eɪvɔk,eɪvɛk
e.vɔb,e.vɛb,evɔb,evɛb,eɪvɔb,eɪvɛb
e.vɔd,e.vɛd,evɔd,evɛd,eɪvɔd,eɪvɛd
e.vɔg,e.vɛg,evɔg,evɛg,eɪvɔg,eɪvɛg
e.vɔf,e.vɛf,evɔf,evɛf,eɪvɔf,eɪvɛf
e.vɔs,e.vɛs,evɔs,evɛs,eɪvɔs,eɪvɛs
e.vɔv,e.vɛv,evɔv,evɛv,eɪvɔv,eɪvɛv
e.vɔz,e.vɛz,evɔz,evɛz,eɪvɔz,eɪvɛz
e.vɔʃ,e.vɛʃ,evɔʃ,evɛʃ,eɪvɔʃ,eɪvɛʃ
e.vɔʒ,e.vɛʒ,evɔʒ,evɛʒ,eɪvɔʒ,eɪvɛʒ
e.vɔθ,e.vɛθ,evɔθ,evɛθ,eɪvɔθ,eɪvɛθ
e.vɔð,e.vɛð,evɔð,evɛð,eɪvɔð,eɪvɛð
e.zɔm,e.zɛm,ezɔm,ezɛm,eɪzɔm,eɪzɛm
e.zɔn,e.zɛn,ezɔn,ezɛn,eɪzɔn,eɪzɛn
e.zɔŋ,e.zɛŋ,ezɔŋ,ezɛŋ,eɪzɔŋ,eɪzɛŋ
e.zɔp,e.zɛp,ezɔp,ezɛp,eɪzɔp,eɪzɛp
e.zɔt,e.zɛt,ezɔt,ezɛt,eɪzɔt,eɪzɛt
e.zɔk,e.zɛk,ezɔk,ezɛk,eɪzɔk,eɪzɛk
e.zɔb,e.zɛb,ezɔb,ezɛb,eɪzɔb,eɪzɛb
e.zɔd,e.zɛd,ezɔd,ezɛd,eɪzɔd,eɪzɛd
e.zɔg,e.zɛg,ezɔg,ezɛg,eɪzɔg,eɪzɛg
e.zɔf,e.zɛf,ezɔf,ezɛf,eɪzɔf,eɪzɛf
e.zɔs,e.zɛs,ezɔs,ezɛs,eɪzɔs,eɪzɛs
e.zɔv,e.zɛv,ezɔv,ezɛv,eɪzɔv,eɪzɛv
e.zɔz,e.zɛz,ezɔz,ezɛz,eɪzɔz,eɪzɛz
e.zɔʃ,e.zɛʃ,ezɔʃ,ezɛʃ,eɪzɔʃ,eɪzɛʃ
e.zɔʒ,e.zɛʒ,ezɔʒ,ezɛʒ,eɪzɔʒ,eɪzɛʒ
e.zɔθ,e.zɛθ,ezɔθ,ezɛθ,eɪzɔθ,eɪzɛθ
e.zɔð,e.zɛð,ezɔð,ezɛð,eɪzɔð,eɪzɛð
e.ʃɔm,e.ʃɛm,eʃɔm,eʃɛm,eɪʃɔm,eɪʃɛm
e.ʃɔn,e.ʃɛn,eʃɔn,eʃɛn,eɪʃɔn,eɪʃɛn
e.ʃɔŋ,e.ʃɛŋ,eʃɔŋ,eʃɛŋ,eɪʃɔŋ,eɪʃɛŋ
e.ʃɔp,e.ʃɛp,eʃɔp,eʃɛp,eɪʃɔp,eɪʃɛp
e.ʃɔt,e.ʃɛt,eʃɔt,eʃɛt,eɪʃɔt,eɪʃɛt
e.ʃɔk,e.ʃɛk,eʃɔk,eʃɛk,eɪʃɔk,eɪʃɛk
e.ʃɔb,e.ʃɛb,eʃɔb,eʃɛb,eɪʃɔb,eɪʃɛb
e.ʃɔd,e.ʃɛd,eʃɔd,eʃɛd,eɪʃɔd,eɪʃɛd
e.ʃɔg,e.ʃɛg,eʃɔg,eʃɛg,eɪʃɔg,eɪʃɛg
e.ʃɔf,e.ʃɛf,eʃɔf,eʃɛf,eɪʃɔf,eɪʃɛf
e.ʃɔs,e.ʃɛs,eʃɔs,eʃɛs,eɪʃɔs,eɪʃɛs
e.ʃɔv,e.ʃɛv,eʃɔv,eʃɛv,eɪʃɔv,eɪʃɛv
e.ʃɔz,e.ʃɛz,eʃɔz,eʃɛz,eɪʃɔz,eɪʃɛz
e.ʃɔʃ,e.ʃɛʃ,eʃɔʃ,eʃɛʃ,eɪʃɔʃ,eɪʃɛʃ
e.ʃɔʒ,e.ʃɛʒ,eʃɔʒ,eʃɛʒ,eɪʃɔʒ,eɪʃɛʒ
e.ʃɔθ,e.ʃɛθ,eʃɔθ,eʃɛθ,eɪʃɔθ,eɪʃɛθ
e.ʃɔð,e.ʃɛð,eʃɔð,eʃɛð,eɪʃɔð,eɪʃɛð
e.ʒɔm,e.ʒɛm,eʒɔm,eʒɛm,eɪʒɔm,eɪʒɛm
e.ʒɔn,e.ʒɛn,eʒɔn,eʒɛn,eɪʒɔn,eɪʒɛn
e.ʒɔŋ,e.ʒɛŋ,eʒɔŋ,eʒɛŋ,eɪʒɔŋ,eɪʒɛŋ
e.ʒɔp,e.ʒɛp,eʒɔp,eʒɛp,eɪʒɔp,eɪʒɛp
e.ʒɔt,e.ʒɛt,eʒɔt,eʒɛt,eɪʒɔt,eɪʒɛt
e.ʒɔk,e.ʒɛk,eʒɔk,eʒɛk,eɪʒɔk,eɪʒɛk
e.ʒɔb,e.ʒɛb,eʒɔb,eʒɛb,eɪʒɔb,eɪʒɛb
e.ʒɔd,e.ʒɛd,eʒɔd,eʒɛd,eɪʒɔd,eɪʒɛd
e.ʒɔg,e.ʒɛg,eʒɔg,eʒɛg,eɪʒɔg,eɪʒɛg
e.ʒɔf,e.ʒɛf,eʒɔf,eʒɛf,eɪʒɔf,eɪʒɛf
e.ʒɔs,e.ʒɛs,eʒɔs,eʒɛs,eɪʒɔs,eɪʒɛs
e.ʒɔv,e.ʒɛv,eʒɔv,eʒɛv,eɪʒɔv,eɪʒɛv
e.ʒɔz,e.ʒɛz,eʒɔz,eʒɛz,eɪʒɔz,eɪʒɛz
e.ʒɔʃ,e.ʒɛʃ,eʒɔʃ,eʒɛʃ,eɪʒɔʃ,eɪʒɛʃ
e.ʒɔʒ,e.ʒɛʒ,eʒɔʒ,eʒɛʒ,eɪʒɔʒ,eɪʒɛʒ
e.ʒɔθ,e.ʒɛθ,eʒɔθ,eʒɛθ,eɪʒɔθ,eɪʒɛθ
e.ʒɔð,e.ʒɛð,eʒɔð,eʒɛð,eɪʒɔð,eɪʒɛð
e.θɔm,e.θɛm,eθɔm,eθɛm,eɪθɔm,eɪθɛm
e.θɔn,e.θɛn,eθɔn,eθɛn,eɪθɔn,eɪθɛn
e.θɔŋ,e.θɛŋ,eθɔŋ,eθɛŋ,eɪθɔŋ,eɪθɛŋ
e.θɔp,e.θɛp,eθɔp,eθɛp,eɪθɔp,eɪθɛp
e.θɔt,e.θɛt,eθɔt,eθɛt,eɪθɔt,eɪθɛt
e.θɔk,e.θɛk,eθɔk,eθɛk,eɪθɔk,eɪθɛk
e.θɔb,e.θɛb,eθɔb,eθɛb,eɪθɔb,eɪθɛb
e.θɔd,e.θɛd,eθɔd,eθɛd,eɪθɔd,eɪθɛd
e.θɔg,e.θɛg,eθɔg,eθɛg,eɪθɔg,eɪθɛg
e.θɔf,e.θɛf,eθɔf,eθɛf,eɪθɔf,eɪθɛf
e.θɔs,e.θɛs,eθɔs,eθɛs,eɪθɔs,eɪθɛs
e.θɔv,e.θɛv,eθɔv,eθɛv,eɪθɔv,eɪθɛv
e.θɔz,e.θɛz,eθɔz,eθɛz,eɪθɔz,eɪθɛz
e.θɔʃ,e.θɛʃ,eθɔʃ,eθɛʃ,eɪθɔʃ,eɪθɛʃ
e.θɔʒ,e.θɛʒ,eθɔʒ,eθɛʒ,eɪθɔʒ,eɪθɛʒ
e.θɔθ,e.θɛθ,eθɔθ,eθɛθ,eɪθɔθ,eɪθɛθ
e.θɔð,e.θɛð,eθɔð,eθɛð,eɪθɔð,eɪθɛð
e.ðɔm,e.ðɛm,eðɔm,eðɛm,eɪðɔm,eɪðɛm
e.ðɔn,e.ðɛn,eðɔn,eðɛn,eɪðɔn,eɪðɛn
e.ðɔŋ,e.ðɛŋ,eðɔŋ,eðɛŋ,eɪðɔŋ,eɪðɛŋ
e.ðɔp,e.ðɛp,eðɔp,eðɛp,eɪðɔp,eɪðɛp
e.ðɔt,e.ðɛt,eðɔt,eðɛt,eɪðɔt,eɪðɛt
e.ðɔk,e.ðɛk,eðɔk,eðɛk,eɪðɔk,eɪðɛk
e.ðɔb,e.ðɛb,eðɔb,eðɛb,eɪðɔb,eɪðɛb
e.ðɔd,e.ðɛd,eðɔd,eðɛd,eɪðɔd,eɪðɛd
e.ðɔg,e.ðɛg,eðɔg,eðɛg,eɪðɔg,eɪðɛg
e.ðɔf,e.ðɛf,eðɔf,eðɛf,eɪðɔf,eɪðɛf
e.ðɔs,e.ðɛs,eðɔs,eðɛs,eɪðɔs,eɪðɛs
e.ðɔv,e.ðɛv,eðɔv,eðɛv,eɪðɔv,eɪðɛv
e.ðɔz,e.ðɛz,eðɔz,eðɛz,eɪðɔz,eɪðɛz
e.ðɔʃ,e.ðɛʃ,eðɔʃ,eðɛʃ,eɪðɔʃ,eɪðɛʃ
e.ðɔʒ,e.ðɛʒ,eðɔʒ,eðɛʒ,eɪðɔʒ,eɪðɛʒ
e.ðɔθ,e.ðɛθ,eðɔθ,eðɛθ,eɪðɔθ,eɪðɛθ
e.ðɔð,e.ðɛð,eðɔð,eðɛð,eɪðɔð,eɪðɛð
e.hɔm,e.hɛm,ehɔm,ehɛm,eɪhɔm,eɪhɛm
e.hɔn,e.hɛn,ehɔn,ehɛn,eɪhɔn,eɪhɛn
e.hɔŋ,e.hɛŋ,ehɔŋ,ehɛŋ,eɪhɔŋ,eɪhɛŋ
e.hɔp,e.hɛp,ehɔp,ehɛp,eɪhɔp,eɪhɛp
e.hɔt,e.hɛt,ehɔt,ehɛt,eɪhɔt,eɪhɛt
e.hɔk,e.hɛk,ehɔk,ehɛk,eɪhɔk,eɪhɛk
e.hɔb,e.hɛb,ehɔb,ehɛb,eɪhɔb,eɪhɛb
e.hɔd,e.hɛd,ehɔd,ehɛd,eɪhɔd,eɪhɛd
e.hɔg,e.hɛg,ehɔg,ehɛg,eɪhɔg,eɪhɛg
e.hɔf,e.hɛf,ehɔf,ehɛf,eɪhɔf,eɪhɛf
e.hɔs,e.hɛs,ehɔs,ehɛs,eɪhɔs,eɪhɛs
e.hɔv,e.hɛv,ehɔv,ehɛv,eɪhɔv,eɪhɛv
e.hɔz,e.hɛz,ehɔz,ehɛz,eɪhɔz,eɪhɛz
e.hɔʃ,e.hɛʃ,ehɔʃ,ehɛʃ,eɪhɔʃ,eɪhɛʃ
e.hɔʒ,e.hɛʒ,ehɔʒ,ehɛʒ,eɪhɔʒ,eɪhɛʒ
e.hɔθ,e.hɛθ,ehɔθ,ehɛθ,eɪhɔθ,eɪhɛθ
e.hɔð,e.hɛð,ehɔð,ehɛð,eɪhɔð,eɪhɛð
u.mɪm,u.mʊm,umɪm,umʊm,umɪm,umʊm
u.mɪn,u.mʊn,umɪn,umʊn,umɪn,umʊn
u.mɪŋ,u.mʊŋ,umɪŋ,umʊŋ,umɪŋ,umʊŋ
u.mɪp,u.mʊp,umɪp,umʊp,umɪp,umʊp
u.mɪt,u.mʊt,umɪt,umʊt,umɪt,umʊt
u.mɪk,u.mʊk,umɪk,umʊk,umɪk,umʊk
u.mɪb,u.mʊb,umɪb,umʊb,umɪb,umʊb
u.mɪd,u.mʊd,umɪd,umʊd,umɪd,umʊd
u.mɪg,u.mʊg,umɪg,umʊg,umɪg,umʊg
u.mɪf,u.mʊf,umɪf,umʊf,umɪf,umʊf
u.mɪs,u.mʊs,umɪs,umʊs,umɪs,umʊs
u.mɪv,u.mʊv,umɪv,umʊv,umɪv,umʊv
u.mɪz,u.mʊz,umɪz,umʊz,umɪz,umʊz
u.mɪʃ,u.mʊʃ,umɪʃ,umʊʃ,umɪʃ,umʊʃ
u.mɪʒ,u.mʊʒ,umɪʒ,umʊʒ,umɪʒ,umʊʒ
u.mɪθ,u.mʊθ,umɪθ,umʊθ,umɪθ,umʊθ
u.mɪð,u.mʊð,umɪð,umʊð,umɪð,umʊð
u.nɪm,u.nʊm,unɪm,unʊm,unɪm,unʊm
u.nɪn,u.nʊn,unɪn,unʊn,unɪn,unʊn
u.nɪŋ,u.nʊŋ,unɪŋ,unʊŋ,unɪŋ,unʊŋ
u.nɪp,u.nʊp,unɪp,unʊp,unɪp,unʊp
u.nɪt,u.nʊt,unɪt,unʊt,unɪt,unʊt
u.nɪk,u.nʊk,unɪk,unʊk,unɪk,unʊk
u.nɪb,u.nʊb,unɪb,unʊb,unɪb,unʊb
u.nɪd,u.nʊd,unɪd,unʊd,unɪd,unʊd
u.nɪg,u.nʊg,unɪg,unʊg,unɪg,unʊg
u.nɪf,u.nʊf,unɪf,unʊf,unɪf,unʊf
u.nɪs,u.nʊs,unɪs,unʊs,unɪs,unʊs
u.nɪv,u.nʊv,unɪv,unʊv,unɪv,unʊv
u.nɪz,u.nʊz,unɪz,unʊz,unɪz,unʊz
u.nɪʃ,u.nʊʃ,unɪʃ,unʊʃ,unɪʃ,unʊʃ
u.nɪʒ,u.nʊʒ,unɪʒ,unʊʒ,unɪʒ,unʊʒ
u.nɪθ,u.nʊθ,unɪθ,unʊθ,unɪθ,unʊθ
u.nɪð,u.nʊð,unɪð,unʊð,unɪð,unʊð
u.pɪm,u.pʊm,upɪm,upʊm,upɪm,upʊm
u.pɪn,u.pʊn,upɪn,upʊn,upɪn,upʊn
u.pɪŋ,u.pʊŋ,upɪŋ,upʊŋ,upɪŋ,upʊŋ
u.pɪp,u.pʊp,upɪp,upʊp,upɪp,upʊp
u.pɪt,u.pʊt,upɪt,upʊt,upɪt,upʊt
u.pɪk,u.pʊk,upɪk,upʊk,upɪk,upʊk
u.pɪb,u.pʊb,upɪb,upʊb,upɪb,upʊb
u.pɪd,u.pʊd,upɪd,upʊd,upɪd,upʊd
u.pɪg,u.pʊg,upɪg,upʊg,upɪg,upʊg
u.pɪf,u.pʊf,upɪf,upʊf,upɪf,upʊf
u.pɪs,u.pʊs,upɪs,upʊs,upɪs,upʊs
u.pɪv,u.pʊv,upɪv,upʊv,upɪv,upʊv
u.pɪz,u.pʊz,upɪz,upʊz,upɪz,upʊz
u.pɪʃ,u.pʊʃ,upɪʃ,upʊʃ,upɪʃ,upʊʃ
u.pɪʒ,u.pʊʒ,upɪʒ,upʊʒ,upɪʒ,upʊʒ
u.pɪθ,u.pʊθ,upɪθ,upʊθ,upɪθ,upʊθ
u.pɪð,u.pʊð,upɪð,upʊð,upɪð,upʊð
u.tɪm,u.tʊm,utɪm,utʊm,utɪm,utʊm
u.tɪn,u.tʊn,utɪn,utʊn,utɪn,utʊn
u.tɪŋ,u.tʊŋ,utɪŋ,utʊŋ,utɪŋ,utʊŋ
u.tɪp,u.tʊp,utɪp,utʊp,utɪp,utʊp
u.tɪt,u.tʊt,utɪt,utʊt,utɪt,utʊt
u.tɪk,u.tʊk,utɪk,utʊk,utɪk,utʊk
u.tɪb,u.tʊb,utɪb,utʊb,utɪb,utʊb
u.tɪd,u.tʊd,utɪd,utʊd,utɪd,utʊd
u.tɪg,u.tʊg,utɪg,utʊg,utɪg,utʊg
u.tɪf,u.tʊf,utɪf,utʊf,utɪf,utʊf
u.tɪs,u.tʊs,utɪs,utʊs,utɪs,utʊs
u.tɪv,u.tʊv,utɪv,utʊv,utɪv,utʊv
u.tɪz,u.tʊz,utɪz,utʊz,utɪz,utʊz
u.tɪʃ,u.tʊʃ,utɪʃ,utʊʃ,utɪʃ,utʊʃ
u.tɪʒ,u.tʊʒ,utɪʒ,utʊʒ,utɪʒ,utʊʒ
u.tɪθ,u.tʊθ,utɪθ,utʊθ,utɪθ,utʊθ
u.tɪð,u.tʊð,utɪð,utʊð,utɪð,utʊð
u.kɪm,u.kʊm,ukɪm,ukʊm,ukɪm,ukʊm
u.kɪn,u.kʊn,ukɪn,ukʊn,ukɪn,ukʊn
u.kɪŋ,u.kʊŋ,ukɪŋ,ukʊŋ,ukɪŋ,ukʊŋ
u.kɪp,u.kʊp,ukɪp,ukʊp,ukɪp,ukʊp
u.kɪt,u.kʊt,ukɪt,ukʊt,ukɪt,ukʊt
u.kɪk,u.kʊk,ukɪk,ukʊk,ukɪk,ukʊk
u.kɪb,u.kʊb,ukɪb,ukʊb,ukɪb,ukʊb
u.kɪd,u.kʊd,ukɪd,ukʊd,ukɪd,ukʊd
u.kɪg,u.kʊg,ukɪg,ukʊg,ukɪg,ukʊg
u.kɪf,u.kʊf,ukɪf,ukʊf,ukɪf,ukʊf
u.kɪs,u.kʊs,ukɪs,ukʊs,ukɪs,ukʊs
u.kɪv,u.kʊv,ukɪv,ukʊv,ukɪv,ukʊv
u.kɪz,u.kʊz,ukɪz,ukʊz,ukɪz,ukʊz
u.kɪʃ,u.kʊʃ,ukɪʃ,ukʊʃ,ukɪʃ,ukʊʃ
u.kɪʒ,u.kʊʒ,ukɪʒ,ukʊʒ,ukɪʒ,ukʊʒ
u.kɪθ,u.kʊθ,ukɪθ,ukʊθ,ukɪθ,ukʊθ
u.kɪð,u.kʊð,ukɪð,ukʊð,ukɪð,ukʊð
u.bɪm,u.bʊm,ubɪm,ubʊm,ubɪm,ubʊm
u.bɪn,u.bʊn,ubɪn,ubʊn,ubɪn,ubʊn
u.bɪŋ,u.bʊŋ,ubɪŋ,ubʊŋ,ubɪŋ,ubʊŋ
u.bɪp,u.bʊp,ubɪp,ubʊp,ubɪp,ubʊp
u.bɪt,u.bʊt,ubɪt,ubʊt,ubɪt,ubʊt
u.bɪk,u.bʊk,ubɪk,ubʊk,ubɪk,ubʊk
u.bɪb,u.bʊb,ubɪb,ubʊb,ubɪb,ubʊb
u.bɪd,u.bʊd,ubɪd,ubʊd,ubɪd,ubʊd
u.bɪg,u.bʊg,ubɪg,ubʊg,ubɪg,ubʊg
u.bɪf,u.bʊf,ubɪf,ubʊf,ubɪf,ubʊf
u.bɪs,u.bʊs,ubɪs,ubʊs,ubɪs,ubʊs
u.bɪv,u.bʊv,ubɪv,ubʊv,ubɪv,ubʊv
u.bɪz,u.bʊz,ubɪz,ubʊz,ubɪz,ubʊz
u.bɪʃ,u.bʊʃ,ubɪʃ,ubʊʃ,ubɪʃ,ubʊʃ
u.bɪʒ,u.bʊʒ,ubɪʒ,ubʊʒ,ubɪʒ,ubʊʒ
u.bɪθ,u.bʊθ,ubɪθ,ubʊθ,ubɪθ,ubʊθ
u.bɪð,u.bʊð,ubɪð,ubʊð,ubɪð,ubʊð
u.dɪm,u.dʊm,udɪm,udʊm,udɪm,udʊm
u.dɪn,u.dʊn,udɪn,udʊn,udɪn,udʊn
u.dɪŋ,u.dʊŋ,udɪŋ,udʊŋ,udɪŋ,udʊŋ
u.dɪp,u.dʊp,udɪp,udʊp,udɪp,udʊp
u.dɪt,u.dʊt,udɪt,udʊt,udɪt,udʊt
u.dɪk,u.dʊk,udɪk,udʊk,udɪk,udʊk
u.dɪb,u.dʊb,udɪb,udʊb,udɪb,udʊb
u.dɪd,u.dʊd,udɪd,udʊd,udɪd,udʊd
u.dɪg,u.dʊg,udɪg,udʊg,udɪg,udʊg
u.dɪf,u.dʊf,udɪf,udʊf,udɪf,udʊf
u.dɪs,u.dʊs,udɪs,udʊs,udɪs,udʊs
u.dɪv,u.dʊv,udɪv,udʊv,udɪv,udʊv
u.dɪz,u.dʊz,udɪz,udʊz,udɪz,udʊz
u.dɪʃ,u.dʊʃ,udɪʃ,udʊʃ,udɪʃ,udʊʃ
u.dɪʒ,u.dʊʒ,udɪʒ,udʊʒ,udɪʒ,udʊʒ
u.dɪθ,u.dʊθ,udɪθ,udʊθ,udɪθ,udʊθ
u.dɪð,u.dʊð,udɪð,udʊð,udɪð,udʊð
u.gɪm,u.gʊm,ugɪm,ugʊm,ugɪm,ugʊm
u.gɪn,u.gʊn,ugɪn,ugʊn,ugɪn,ugʊn
u.gɪŋ,u.gʊŋ,ugɪŋ,ugʊŋ,ugɪŋ,ugʊŋ
u.gɪp,u.gʊp,ugɪp,ugʊp,ugɪp,ugʊp
u.gɪt,u.gʊt,ugɪt,ugʊt,ugɪt,ugʊt
u.gɪk,u.gʊk,ugɪk,ugʊk,ugɪk,ugʊk
u.gɪb,u.gʊb,ugɪb,ugʊb,ugɪb,ugʊb
u.gɪd,u.gʊd,ugɪd,ugʊd,ugɪd,ugʊd
u.gɪg,u.gʊg,ugɪg,ugʊg,ugɪg,ugʊg
u.gɪf,u.gʊf,ugɪf,ugʊf,ugɪf,ugʊf
u.gɪs,u.gʊs,ugɪs,ugʊs,ugɪs,ugʊs
u.gɪv,u.gʊv,ugɪv,ugʊv,ugɪv,ugʊv
u.gɪz,u.gʊz,ugɪz,ugʊz,ugɪz,ugʊz
u.gɪʃ,u.gʊʃ,ugɪʃ,ugʊʃ,ugɪʃ,ugʊʃ
u.gɪʒ,u.gʊʒ,ugɪʒ,ugʊʒ,ugɪʒ,ugʊʒ
u.gɪθ,u.gʊθ,ugɪθ,ugʊθ,ugɪθ,ugʊθ
u.gɪð,u.gʊð,ugɪð,ugʊð,ugɪð,ugʊð
u.fɪm,u.fʊm,ufɪm,ufʊm,ufɪm,ufʊm
u.fɪn,u.fʊn,ufɪn,ufʊn,ufɪn,ufʊn
u.fɪŋ,u.fʊŋ,ufɪŋ,ufʊŋ,ufɪŋ,ufʊŋ
u.fɪp,u.fʊp,ufɪp,ufʊp,ufɪp,ufʊp
u.fɪt,u.fʊt,ufɪt,ufʊt,ufɪt,ufʊt
u.fɪk,u.fʊk,ufɪk,ufʊk,ufɪk,ufʊk
u.fɪb,u.fʊb,ufɪb,ufʊb,ufɪb,ufʊb
u.fɪd,u.fʊd,ufɪd,ufʊd,ufɪd,ufʊd
u.fɪg,u.fʊg,ufɪg,ufʊg,ufɪg,ufʊg
u.fɪf,u.fʊf,ufɪf,ufʊf,ufɪf,ufʊf
u.fɪs,u.fʊs,ufɪs,ufʊs,ufɪs,ufʊs
u.fɪv,u.fʊv,ufɪv,ufʊv,ufɪv,ufʊv
u.fɪz,u.fʊz,ufɪz,ufʊz,ufɪz,ufʊz
u.fɪʃ,u.fʊʃ,ufɪʃ,ufʊʃ,ufɪʃ,ufʊʃ
u.fɪʒ,u.fʊʒ,ufɪʒ,ufʊʒ,ufɪʒ,ufʊʒ
u.fɪθ,u.fʊθ,ufɪθ,ufʊθ,ufɪθ,ufʊθ
u.fɪð,u.fʊð,ufɪð,ufʊð,ufɪð,ufʊð
u.sɪm,u.sʊm,usɪm,usʊm,usɪm,usʊm
u.sɪn,u.sʊn,usɪn,usʊn,usɪn,usʊn
u.sɪŋ,u.sʊŋ,usɪŋ,usʊŋ,usɪŋ,usʊŋ
u.sɪp,u.sʊp,usɪp,usʊp,usɪp,usʊp
u.sɪt,u.sʊt,usɪt,usʊt,usɪt,usʊt
u.sɪk,u.sʊk,usɪk,usʊk,usɪk,usʊk
u.sɪb,u.sʊb,usɪb,usʊb,usɪb,usʊb
u.sɪd,u.sʊd,usɪd,usʊd,usɪd,usʊd
u.sɪg,u.sʊg,usɪg,usʊg,usɪg,usʊg
u.sɪf,u.sʊf,usɪf,usʊf,usɪf,usʊf
u.sɪs,u.sʊs,usɪs,usʊs,usɪs,usʊs
u.sɪv,u.sʊv,usɪv,usʊv,usɪv,usʊv
u.sɪz,u.sʊz,usɪz,usʊz,usɪz,usʊz
u.sɪʃ,u.sʊʃ,usɪʃ,usʊʃ,usɪʃ,usʊʃ
u.sɪʒ,u.sʊʒ,usɪʒ,usʊʒ,usɪʒ,usʊʒ
u.sɪθ,u.sʊθ,usɪθ,usʊθ,usɪθ,usʊθ
u.sɪð,u.sʊð,usɪð,usʊð,usɪð,usʊð
u.vɪm,u.vʊm,uvɪm,uvʊm,uvɪm,uvʊm
u.vɪn,u.vʊn,uvɪn,uvʊn,uvɪn,uvʊn
u.vɪŋ,u.vʊŋ,uvɪŋ,uvʊŋ,uvɪŋ,uvʊŋ
u.vɪp,u.vʊp,uvɪp,uvʊp,uvɪp,uvʊp
u.vɪt,u.vʊt,uvɪt,uvʊt,uvɪt,uvʊt
u.vɪk,u.vʊk,uvɪk,uvʊk,uvɪk,uvʊk
u.vɪb,u.vʊb,uvɪb,uvʊb,uvɪb,uvʊb
u.vɪd,u.vʊd,uvɪd,uvʊd,uvɪd,uvʊd
u.vɪg,u.vʊg,uvɪg,uvʊg,uvɪg,uvʊg
u.vɪf,u.vʊf,uvɪf,uvʊf,uvɪf,uvʊf
u.vɪs,u.vʊs,uvɪs,uvʊs,uvɪs,uvʊs
u.vɪv,u.vʊv,uvɪv,uvʊv,uvɪv,uvʊv
u.vɪz,u.vʊz,uvɪz,uvʊz,uvɪz,uvʊz
u.vɪʃ,u.vʊʃ,uvɪʃ,uvʊʃ,uvɪʃ,uvʊʃ
u.vɪʒ,u.vʊʒ,uvɪʒ,uvʊʒ,uvɪʒ,uvʊʒ
u.vɪθ,u.vʊθ,uvɪθ,uvʊθ,uvɪθ,uvʊθ
u.vɪð,u.vʊð,uvɪð,uvʊð,uvɪð,uvʊð
u.zɪm,u.zʊm,uzɪm,uzʊm,uzɪm,uzʊm
u.zɪn,u.zʊn,uzɪn,uzʊn,uzɪn,uzʊn
u.zɪŋ,u.zʊŋ,uzɪŋ,uzʊŋ,uzɪŋ,uzʊŋ
u.zɪp,u.zʊp,uzɪp,uzʊp,uzɪp,uzʊp
u.zɪt,u.zʊt,uzɪt,uzʊt,uzɪt,uzʊt
u.zɪk,u.zʊk,uzɪk,uzʊk,uzɪk,uzʊk
u.zɪb,u.zʊb,uzɪb,uzʊb,uzɪb,uzʊb
u.zɪd,u.zʊd,uzɪd,uzʊd,uzɪd,uzʊd
u.zɪg,u.zʊg,uzɪg,uzʊg,uzɪg,uzʊg
u.zɪf,u.zʊf,uzɪf,uzʊf,uzɪf,uzʊf
u.zɪs,u.zʊs,uzɪs,uzʊs,uzɪs,uzʊs
u.zɪv,u.zʊv,uzɪv,uzʊv,uzɪv,uzʊv
u.zɪz,u.zʊz,uzɪz,uzʊz,uzɪz,uzʊz
u.zɪʃ,u.zʊʃ,uzɪʃ,uzʊʃ,uzɪʃ,uzʊʃ
u.zɪʒ,u.zʊʒ,uzɪʒ,uzʊʒ,uzɪʒ,uzʊʒ
u.zɪθ,u.zʊθ,uzɪθ,uzʊθ,uzɪθ,uzʊθ
u.zɪð,u.zʊð,uzɪð,uzʊð,uzɪð,uzʊð
u.ʃɪm,u.ʃʊm,uʃɪm,uʃʊm,uʃɪm,uʃʊm
u.ʃɪn,u.ʃʊn,uʃɪn,uʃʊn,uʃɪn,uʃʊn
u.ʃɪŋ,u.ʃʊŋ,uʃɪŋ,uʃʊŋ,uʃɪŋ,uʃʊŋ
u.ʃɪp,u.ʃʊp,uʃɪp,uʃʊp,uʃɪp,uʃʊp
u.ʃɪt,u.ʃʊt,uʃɪt,uʃʊt,uʃɪt,uʃʊt
u.ʃɪk,u.ʃʊk,uʃɪk,uʃʊk,uʃɪk,uʃʊk
u.ʃɪb,u.ʃʊb,uʃɪb,uʃʊb,uʃɪb,uʃʊb
u.ʃɪd,u.ʃʊd,uʃɪd,uʃʊd,uʃɪd,uʃʊd
u.ʃɪg,u.ʃʊg,uʃɪg,uʃʊg,uʃɪg,uʃʊg
u.ʃɪf,u.ʃʊf,uʃɪf,uʃʊf,uʃɪf,uʃʊf
u.ʃɪs,u.ʃʊs,uʃɪs,uʃʊs,uʃɪs,uʃʊs
u.ʃɪv,u.ʃʊv,uʃɪv,uʃʊv,uʃɪv,uʃʊv
u.ʃɪz,u.ʃʊz,uʃɪz,uʃʊz,uʃɪz,uʃʊz
u.ʃɪʃ,u.ʃʊʃ,uʃɪʃ,uʃʊʃ,uʃɪʃ,uʃʊʃ
u.ʃɪʒ,u.ʃʊʒ,uʃɪʒ,uʃʊʒ,uʃɪʒ,uʃʊʒ
u.ʃɪθ,u.ʃʊθ,uʃɪθ,uʃʊθ,uʃɪθ,uʃʊθ
u.ʃɪð,u.ʃʊð,uʃɪð,uʃʊð,uʃɪð,uʃʊð
u.ʒɪm,u.ʒʊm,uʒɪm,uʒʊm,uʒɪm,uʒʊm
u.ʒɪn,u.ʒʊn,uʒɪn,uʒʊn,uʒɪn,uʒʊn
u.ʒɪŋ,u.ʒʊŋ,uʒɪŋ,uʒʊŋ,uʒɪŋ,uʒʊŋ
u.ʒɪp,u.ʒʊp,uʒɪp,uʒʊp,uʒɪp,uʒʊp
u.ʒɪt,u.ʒʊt,uʒɪt,uʒʊt,uʒɪt,uʒʊt
u.ʒɪk,u.ʒʊk,uʒɪk,uʒʊk,uʒɪk,uʒʊk
u.ʒɪb,u.ʒʊb,uʒɪb,uʒʊb,uʒɪb,uʒʊb
u.ʒɪd,u.ʒʊd,uʒɪd,uʒʊd,uʒɪd,uʒʊd
u.ʒɪg,u.ʒʊg,uʒɪg,uʒʊg,uʒɪg,uʒʊg
u.ʒɪf,u.ʒʊf,uʒɪf,uʒʊf,uʒɪf,uʒʊf
u.ʒɪs,u.ʒʊs,uʒɪs,uʒʊs,uʒɪs,uʒʊs
u.ʒɪv,u.ʒʊv,uʒɪv,uʒʊv,uʒɪv,uʒʊv
u.ʒɪz,u.ʒʊz,uʒɪz,uʒʊz,uʒɪz,uʒʊz
u.ʒɪʃ,u.ʒʊʃ,uʒɪʃ,uʒʊʃ,uʒɪʃ,uʒʊʃ
u.ʒɪʒ,u.ʒʊʒ,uʒɪʒ,uʒʊʒ,uʒɪʒ,uʒʊʒ
u.ʒɪθ,u.ʒʊθ,uʒɪθ,uʒʊθ,uʒɪθ,uʒʊθ
u.ʒɪð,u.ʒʊð,uʒɪð,uʒʊð,uʒɪð,uʒʊð
u.θɪm,u.θʊm,uθɪm,uθʊm,uθɪm,uθʊm
u.θɪn,u.θʊn,uθɪn,uθʊn,uθɪn,uθʊn
u.θɪŋ,u.θʊŋ,uθɪŋ,uθʊŋ,uθɪŋ,uθʊŋ
u.θɪp,u.θʊp,uθɪp,uθʊp,uθɪp,uθʊp
u.θɪt,u.θʊt,uθɪt,uθʊt,uθɪt,uθʊt
u.θɪk,u.θʊk,uθɪk,uθʊk,uθɪk,uθʊk
u.θɪb,u.θʊb,uθɪb,uθʊb,uθɪb,uθʊb
u.θɪd,u.θʊd,uθɪd,uθʊd,uθɪd,uθʊd
u.θɪg,u.θʊg,uθɪg,uθʊg,uθɪg,uθʊg
u.θɪf,u.θʊf,uθɪf,uθʊf,uθɪf,uθʊf
u.θɪs,u.θʊs,uθɪs,uθʊs,uθɪs,uθʊs
u.θɪv,u.θʊv,uθɪv,uθʊv,uθɪv,uθʊv
u.θɪz,u.θʊz,uθɪz,uθʊz,uθɪz,uθʊz
u.θɪʃ,u.θʊʃ,uθɪʃ,uθʊʃ,uθɪʃ,uθʊʃ
u.θɪʒ,u.θʊʒ,uθɪʒ,uθʊʒ,uθɪʒ,uθʊʒ
u.θɪθ,u.θʊθ,uθɪθ,uθʊθ,uθɪθ,uθʊθ
u.θɪð,u.θʊð,uθɪð,uθʊð,uθɪð,uθʊð
u.ðɪm,u.ðʊm,uðɪm,uðʊm,uðɪm,uðʊm
u.ðɪn,u.ðʊn,uðɪn,uðʊn,uðɪn,uðʊn
u.ðɪŋ,u.ðʊŋ,uðɪŋ,uðʊŋ,uðɪŋ,uðʊŋ
u.ðɪp,u.ðʊp,uðɪp,uðʊp,uðɪp,uðʊp
u.ðɪt,u.ðʊt,uðɪt,uðʊt,uðɪt,uðʊt
u.ðɪk,u.ðʊk,uðɪk,uðʊk,uðɪk,uðʊk
u.ðɪb,u.ðʊb,uðɪb,uðʊb,uðɪb,uðʊb
u.ðɪd,u.ðʊd,uðɪd,uðʊd,uðɪd,uðʊd
u.ðɪg,u.ðʊg,uðɪg,uðʊg,uðɪg,uðʊg
u.ðɪf,u.ðʊf,uðɪf,uðʊf,uðɪf,uðʊf
u.ðɪs,u.ðʊs,uðɪs,uðʊs,uðɪs,uðʊs
u.ðɪv,u.ðʊv,uðɪv,uðʊv,uðɪv,uðʊv
u.ðɪz,u.ðʊz,uðɪz,uðʊz,uðɪz,uðʊz
u.ðɪʃ,u.ðʊʃ,uðɪʃ,uðʊʃ,uðɪʃ,uðʊʃ
u.ðɪʒ,u.ðʊʒ,uðɪʒ,uðʊʒ,uðɪʒ,uðʊʒ
u.ðɪθ,u.ðʊθ,uðɪθ,uðʊθ,uðɪθ,uðʊθ
u.ðɪð,u.ðʊð,uðɪð,uðʊð,uðɪð,uðʊð
u.hɪm,u.hʊm,uhɪm,uhʊm,uhɪm,uhʊm
u.hɪn,u.hʊn,uhɪn,uhʊn,uhɪn,uhʊn
u.hɪŋ,u.hʊŋ,uhɪŋ,uhʊŋ,uhɪŋ,uhʊŋ
u.hɪp,u.hʊp,uhɪp,uhʊp,uhɪp,uhʊp
u.hɪt,u.hʊt,uhɪt,uhʊt,uhɪt,uhʊt
u.hɪk,u.hʊk,uhɪk,uhʊk,uhɪk,uhʊk
u.hɪb,u.hʊb,uhɪb,uhʊb,uhɪb,uhʊb
u.hɪd,u.hʊd,uhɪd,uhʊd,uhɪd,uhʊd
u.hɪg,u.hʊg,uhɪg,uhʊg,uhɪg,uhʊg
u.hɪf,u.hʊf,uhɪf,uhʊf,uhɪf,uhʊf
u.hɪs,u.hʊs,uhɪs,uhʊs,uhɪs,uhʊs
u.hɪv,u.hʊv,uhɪv,uhʊv,uhɪv,uhʊv
u.hɪz,u.hʊz,uhɪz,uhʊz,uhɪz,uhʊz
u.hɪʃ,u.hʊʃ,uhɪʃ,uhʊʃ,uhɪʃ,uhʊʃ
u.hɪʒ,u.hʊʒ,uhɪʒ,uhʊʒ,uhɪʒ,uhʊʒ
u.hɪθ,u.hʊθ,uhɪθ,uhʊθ,uhɪθ,uhʊθ
u.hɪð,u.hʊð,uhɪð,uhʊð,uhɪð,uhʊð
u.mɛm,u.mɔm,umɛm,umɔm,umɛm,umɔm
u.mɛn,u.mɔn,umɛn,umɔn,umɛn,umɔn
u.mɛŋ,u.mɔŋ,umɛŋ,umɔŋ,umɛŋ,umɔŋ
u.mɛp,u.mɔp,umɛp,umɔp,umɛp,umɔp
u.mɛt,u.mɔt,umɛt,umɔt,umɛt,umɔt
u.mɛk,u.mɔk,umɛk,umɔk,umɛk,umɔk
u.mɛb,u.mɔb,umɛb,umɔb,umɛb,umɔb
u.mɛd,u.mɔd,umɛd,umɔd,umɛd,umɔd
u.mɛg,u.mɔg,umɛg,umɔg,umɛg,umɔg
u.mɛf,u.mɔf,umɛf,umɔf,umɛf,umɔf
u.mɛs,u.mɔs,umɛs,umɔs,umɛs,umɔs
u.mɛv,u.mɔv,umɛv,umɔv,umɛv,umɔv
u.mɛz,u.mɔz,umɛz,umɔz,umɛz,umɔz
u.mɛʃ,u.mɔʃ,umɛʃ,umɔʃ,umɛʃ,umɔʃ
u.mɛʒ,u.mɔʒ,umɛʒ,umɔʒ,umɛʒ,umɔʒ
u.mɛθ,u.mɔθ,umɛθ,umɔθ,umɛθ,umɔθ
u.mɛð,u.mɔð,umɛð,umɔð,umɛð,umɔð
u.nɛm,u.nɔm,unɛm,unɔm,unɛm,unɔm
u.nɛn,u.nɔn,unɛn,unɔn,unɛn,unɔn
u.nɛŋ,u.nɔŋ,unɛŋ,unɔŋ,unɛŋ,unɔŋ
u.nɛp,u.nɔp,unɛp,unɔp,unɛp,unɔp
u.nɛt,u.nɔt,unɛt,unɔt,unɛt,unɔt
u.nɛk,u.nɔk,unɛk,unɔk,unɛk,unɔk
u.nɛb,u.nɔb,unɛb,unɔb,unɛb,unɔb
u.nɛd,u.nɔd,unɛd,unɔd,unɛd,unɔd
u.nɛg,u.nɔg,unɛg,unɔg,unɛg,unɔg
u.nɛf,u.nɔf,unɛf,unɔf,unɛf,unɔf
u.nɛs,u.nɔs,unɛs,unɔs,unɛs,unɔs
u.nɛv,u.nɔv,unɛv,unɔv,unɛv,unɔv
u.nɛz,u.nɔz,unɛz,unɔz,unɛz,unɔz
u.nɛʃ,u.nɔʃ,unɛʃ,unɔʃ,unɛʃ,unɔʃ
u.nɛʒ,u.nɔʒ,unɛʒ,unɔʒ,unɛʒ,unɔʒ
u.nɛθ,u.nɔθ,unɛθ,unɔθ,unɛθ,unɔθ
u.nɛð,u.nɔð,unɛð,unɔð,unɛð,unɔð
u.pɛm,u.pɔm,upɛm,upɔm,upɛm,upɔm
u.pɛn,u.pɔn,upɛn,upɔn,upɛn,upɔn
u.pɛŋ,u.pɔŋ,upɛŋ,upɔŋ,upɛŋ,upɔŋ
u.pɛp,u.pɔp,upɛp,upɔp,upɛp,upɔp
u.pɛt,u.pɔt,upɛt,upɔt,upɛt,upɔt
u.pɛk,u.pɔk,upɛk,upɔk,upɛk,upɔk
u.pɛb,u.pɔb,upɛb,upɔb,upɛb,upɔb
u.pɛd,u.pɔd,upɛd,upɔd,upɛd,upɔd
u.pɛg,u.pɔg,upɛg,upɔg,upɛg,upɔg
u.pɛf,u.pɔf,upɛf,upɔf,upɛf,upɔf
u.pɛs,u.pɔs,upɛs,upɔs,upɛs,upɔs
u.pɛv,u.pɔv,upɛv,upɔv,upɛv,upɔv
u.pɛz,u.pɔz,upɛz,upɔz,upɛz,upɔz
u.pɛʃ,u.pɔʃ,upɛʃ,upɔʃ,upɛʃ,upɔʃ
u.pɛʒ,u.pɔʒ,upɛʒ,upɔʒ,upɛʒ,upɔʒ
u.pɛθ,u.pɔθ,upɛθ,upɔθ,upɛθ,upɔθ
u.pɛð,u.pɔð,upɛð,upɔð,upɛð,upɔð
u.tɛm,u.tɔm,utɛm,utɔm,utɛm,utɔm
u.tɛn,u.tɔn,utɛn,utɔn,utɛn,utɔn
u.tɛŋ,u.tɔŋ,utɛŋ,utɔŋ,utɛŋ,utɔŋ
u.tɛp,u.tɔp,utɛp,utɔp,utɛp,utɔp
u.tɛt,u.tɔt,utɛt,utɔt,utɛt,utɔt
u.tɛk,u.tɔk,utɛk,utɔk,utɛk,utɔk
u.tɛb,u.tɔb,utɛb,utɔb,utɛb,utɔb
u.tɛd,u.tɔd,utɛd,utɔd,utɛd,utɔd
u.tɛg,u.tɔg,utɛg,utɔg,utɛg,utɔg
u.tɛf,u.tɔf,utɛf,utɔf,utɛf,utɔf
u.tɛs,u.tɔs,utɛs,utɔs,utɛs,utɔs
u.tɛv,u.tɔv,utɛv,utɔv,utɛv,utɔv
u.tɛz,u.tɔz,utɛz,utɔz,utɛz,utɔz
u.tɛʃ,u.tɔʃ,utɛʃ,utɔʃ,utɛʃ,utɔʃ
u.tɛʒ,u.tɔʒ,utɛʒ,utɔʒ,utɛʒ,utɔʒ
u.tɛθ,u.tɔθ,utɛθ,utɔθ,utɛθ,utɔθ
u.tɛð,u.tɔð,utɛð,utɔð,utɛð,utɔð
u.kɛm,u.kɔm,ukɛm,ukɔm,ukɛm,ukɔm
u.kɛn,u.kɔn,ukɛn,ukɔn,ukɛn,ukɔn
u.kɛŋ,u.kɔŋ,ukɛŋ,ukɔŋ,ukɛŋ,ukɔŋ
u.kɛp,u.kɔp,ukɛp,ukɔp,ukɛp,ukɔp
u.kɛt,u.kɔt,ukɛt,ukɔt,ukɛt,ukɔt
u.kɛk,u.kɔk,ukɛk,ukɔk,ukɛk,ukɔk
u.kɛb,u.kɔb,ukɛb,ukɔb,ukɛb,ukɔb
u.kɛd,u.kɔd,ukɛd,ukɔd,ukɛd,ukɔd
u.kɛg,u.kɔg,ukɛg,ukɔg,ukɛg,ukɔg
u.kɛf,u.kɔf,ukɛf,ukɔf,ukɛf,ukɔf
u.kɛs,u.kɔs,ukɛs,ukɔs,ukɛs,ukɔs
u.kɛv,u.kɔv,ukɛv,ukɔv,ukɛv,ukɔv
u.kɛz,u.kɔz,ukɛz,ukɔz,ukɛz,ukɔz
u.kɛʃ,u.kɔʃ,ukɛʃ,ukɔʃ,ukɛʃ,ukɔʃ
u.kɛʒ,u.kɔʒ,ukɛʒ,ukɔʒ,ukɛʒ,ukɔʒ
u.kɛθ,u.kɔθ,ukɛθ,ukɔθ,ukɛθ,ukɔθ
u.kɛð,u.kɔð,ukɛð,ukɔð,ukɛð,ukɔð
u.bɛm,u.bɔm,ubɛm,ubɔm,ubɛm,ubɔm
u.bɛn,u.bɔn,ubɛn,ubɔn,ubɛn,ubɔn
u.bɛŋ,u.bɔŋ,ubɛŋ,ubɔŋ,ubɛŋ,ubɔŋ
u.bɛp,u.bɔp,ubɛp,ubɔp,ubɛp,ubɔp
u.bɛt,u.bɔt,ubɛt,ubɔt,ubɛt,ubɔt
u.bɛk,u.bɔk,ubɛk,ubɔk,ubɛk,ubɔk
u.bɛb,u.bɔb,ubɛb,ubɔb,ubɛb,ubɔb
u.bɛd,u.bɔd,ubɛd,ubɔd,ubɛd,ubɔd
u.bɛg,u.bɔg,ubɛg,ubɔg,ubɛg,ubɔg
u.bɛf,u.bɔf,ubɛf,ubɔf,ubɛf,ubɔf
u.bɛs,u.bɔs,ubɛs,ubɔs,ubɛs,ubɔs
u.bɛv,u.bɔv,ubɛv,ubɔv,ubɛv,ubɔv
u.bɛz,u.bɔz,ubɛz,ubɔz,ubɛz,ubɔz
u.bɛʃ,u.bɔʃ,ubɛʃ,ubɔʃ,ubɛʃ,ubɔʃ
u.bɛʒ,u.bɔʒ,ubɛʒ,ubɔʒ,ubɛʒ,ubɔʒ
u.bɛθ,u.bɔθ,ubɛθ,ubɔθ,ubɛθ,ubɔθ
u.bɛð,u.bɔð,ubɛð,ubɔð,ubɛð,ubɔð
u.dɛm,u.dɔm,udɛm,udɔm,udɛm,udɔm
u.dɛn,u.dɔn,udɛn,udɔn,udɛn,udɔn
u.dɛŋ,u.dɔŋ,udɛŋ,udɔŋ,udɛŋ,udɔŋ
u.dɛp,u.dɔp,udɛp,udɔp,udɛp,udɔp
u.dɛt,u.dɔt,udɛt,udɔt,udɛt,udɔt
u.dɛk,u.dɔk,udɛk,udɔk,udɛk,udɔk
u.dɛb,u.dɔb,udɛb,udɔb,udɛb,udɔb
u.dɛd,u.dɔd,udɛd,udɔd,udɛd,udɔd
u.dɛg,u.dɔg,udɛg,udɔg,udɛg,udɔg
u.dɛf,u.dɔf,udɛf,udɔf,udɛf,udɔf
u.dɛs,u.dɔs,udɛs,udɔs,udɛs,udɔs
u.dɛv,u.dɔv,udɛv,udɔv,udɛv,udɔv
u.dɛz,u.dɔz,udɛz,udɔz,udɛz,udɔz
u.dɛʃ,u.dɔʃ,udɛʃ,udɔʃ,udɛʃ,udɔʃ
u.dɛʒ,u.dɔʒ,udɛʒ,udɔʒ,udɛʒ,udɔʒ
u.dɛθ,u.dɔθ,udɛθ,udɔθ,udɛθ,udɔθ
u.dɛð,u.dɔð,udɛð,udɔð,udɛð,udɔð
u.gɛm,u.gɔm,ugɛm,ugɔm,ugɛm,ugɔm
u.gɛn,u.gɔn,ugɛn,ugɔn,ugɛn,ugɔn
u.gɛŋ,u.gɔŋ,ugɛŋ,ugɔŋ,ugɛŋ,ugɔŋ
u.gɛp,u.gɔp,ugɛp,ugɔp,ugɛp,ugɔp
u.gɛt,u.gɔt,ugɛt,ugɔt,ugɛt,ugɔt
u.gɛk,u.gɔk,ugɛk,ugɔk,ugɛk,ugɔk
u.gɛb,u.gɔb,ugɛb,ugɔb,ugɛb,ugɔb
u.gɛd,u.gɔd,ugɛd,ugɔd,ugɛd,ugɔd
u.gɛg,u.gɔg,ugɛg,ugɔg,ugɛg,ugɔg
u.gɛf,u.gɔf,ugɛf,ugɔf,ugɛf,ugɔf
u.gɛs,u.gɔs,ugɛs,ugɔs,ugɛs,ugɔs
u.gɛv,u.gɔv,ugɛv,ugɔv,ugɛv,ugɔv
u.gɛz,u.gɔz,ugɛz,ugɔz,ugɛz,ugɔz
u.gɛʃ,u.gɔʃ,ugɛʃ,ugɔʃ,ugɛʃ,ugɔʃ
u.gɛʒ,u.gɔʒ,ugɛʒ,ugɔʒ,ugɛʒ,ugɔʒ
u.gɛθ,u.gɔθ,ugɛθ,ugɔθ,ugɛθ,ugɔθ
u.gɛð,u.gɔð,ugɛð,ugɔð,ugɛð,ugɔð
u.fɛm,u.fɔm,ufɛm,ufɔm,ufɛm,ufɔm
u.fɛn,u.fɔn,ufɛn,ufɔn,ufɛn,ufɔn
u.fɛŋ,u.fɔŋ,ufɛŋ,ufɔŋ,ufɛŋ,ufɔŋ
u.fɛp,u.fɔp,ufɛp,ufɔp,ufɛp,ufɔp
u.fɛt,u.fɔt,ufɛt,ufɔt,ufɛt,ufɔt
u.fɛk,u.fɔk,ufɛk,ufɔk,ufɛk,ufɔk
u.fɛb,u.fɔb,ufɛb,ufɔb,ufɛb,ufɔb
u.fɛd,u.fɔd,ufɛd,ufɔd,ufɛd,ufɔd
u.fɛg,u.fɔg,ufɛg,ufɔg,ufɛg,ufɔg
u.fɛf,u.fɔf,ufɛf,ufɔf,ufɛf,ufɔf
u.fɛs,u.fɔs,ufɛs,ufɔs,ufɛs,ufɔs
u.fɛv,u.fɔv,ufɛv,ufɔv,ufɛv,ufɔv
u.fɛz,u.fɔz,ufɛz,ufɔz,ufɛz,ufɔz
u.fɛʃ,u.fɔʃ,ufɛʃ,ufɔʃ,ufɛʃ,ufɔʃ
u.fɛʒ,u.fɔʒ,ufɛʒ,ufɔʒ,ufɛʒ,ufɔʒ
u.fɛθ,u.fɔθ,ufɛθ,ufɔθ,ufɛθ,ufɔθ
u.fɛð,u.fɔð,ufɛð,ufɔð,ufɛð,ufɔð
u.sɛm,u.sɔm,usɛm,usɔm,usɛm,usɔm
u.sɛn,u.sɔn,usɛn,usɔn,usɛn,usɔn
u.sɛŋ,u.sɔŋ,usɛŋ,usɔŋ,usɛŋ,usɔŋ
u.sɛp,u.sɔp,usɛp,usɔp,usɛp,usɔp
u.sɛt,u.sɔt,usɛt,usɔt,usɛt,usɔt
u.sɛk,u.sɔk,usɛk,usɔk,usɛk,usɔk
u.sɛb,u.sɔb,usɛb,usɔb,usɛb,usɔb
u.sɛd,u.sɔd,usɛd,usɔd,usɛd,usɔd
u.sɛg,u.sɔg,usɛg,usɔg,usɛg,usɔg
u.sɛf,u.sɔf,usɛf,usɔf,usɛf,usɔf
u.sɛs,u.sɔs,usɛs,usɔs,usɛs,usɔs
u.sɛv,u.sɔv,usɛv,usɔv,usɛv,usɔv
u.sɛz,u.sɔz,usɛz,usɔz,usɛz,usɔz
u.sɛʃ,u.sɔʃ,usɛʃ,usɔʃ,usɛʃ,usɔʃ
u.sɛʒ,u.sɔʒ,usɛʒ,usɔʒ,usɛʒ,usɔʒ
u.sɛθ,u.sɔθ,usɛθ,usɔθ,usɛθ,usɔθ
u.sɛð,u.sɔð,usɛð,usɔð,usɛð,usɔð
u.vɛm,u.vɔm,uvɛm,uvɔm,uvɛm,uvɔm
u.vɛn,u.vɔn,uvɛn,uvɔn,uvɛn,uvɔn
u.vɛŋ,u.vɔŋ,uvɛŋ,uvɔŋ,uvɛŋ,uvɔŋ
u.vɛp,u.vɔp,uvɛp,uvɔp,uvɛp,uvɔp
u.vɛt,u.vɔt,uvɛt,uvɔt,uvɛt,uvɔt
u.vɛk,u.vɔk,uvɛk,uvɔk,uvɛk,uvɔk
u.vɛb,u.vɔb,uvɛb,uvɔb,uvɛb,uvɔb
u.vɛd,u.vɔd,uvɛd,uvɔd,uvɛd,uvɔd
u.vɛg,u.vɔg,uvɛg,uvɔg,uvɛg,uvɔg
u.vɛf,u.vɔf,uvɛf,uvɔf,uvɛf,uvɔf
u.vɛs,u.vɔs,uvɛs,uvɔs,uvɛs,uvɔs
u.vɛv,u.vɔv,uvɛv,uvɔv,uvɛv,uvɔv
u.vɛz,u.vɔz,uvɛz,uvɔz,uvɛz,uvɔz
u.vɛʃ,u.vɔʃ,uvɛʃ,uvɔʃ,uvɛʃ,uvɔʃ
u.vɛʒ,u.vɔʒ,uvɛʒ,uvɔʒ,uvɛʒ,uvɔʒ
u.vɛθ,u.vɔθ,uvɛθ,uvɔθ,uvɛθ,uvɔθ
u.vɛð,u.vɔð,uvɛð,uvɔð,uvɛð,uvɔð
u.zɛm,u.zɔm,uzɛm,uzɔm,uzɛm,uzɔm
u.zɛn,u.zɔn,uzɛn,uzɔn,uzɛn,uzɔn
u.zɛŋ,u.zɔŋ,uzɛŋ,uzɔŋ,uzɛŋ,uzɔŋ
u.zɛp,u.zɔp,uzɛp,uzɔp,uzɛp,uzɔp
u.zɛt,u.zɔt,uzɛt,uzɔt,uzɛt,uzɔt
u.zɛk,u.zɔk,uzɛk,uzɔk,uzɛk,uzɔk
u.zɛb,u.zɔb,uzɛb,uzɔb,uzɛb,uzɔb
u.zɛd,u.zɔd,uzɛd,uzɔd,uzɛd,uzɔd
u.zɛg,u.zɔg,uzɛg,uzɔg,uzɛg,uzɔg
u.zɛf,u.zɔf,uzɛf,uzɔf,uzɛf,uzɔf
u.zɛs,u.zɔs,uzɛs,uzɔs,uzɛs,uzɔs
u.zɛv,u.zɔv,uzɛv,uzɔv,uzɛv,uzɔv
u.zɛz,u.zɔz,uzɛz,uzɔz,uzɛz,uzɔz
u.zɛʃ,u.zɔʃ,uzɛʃ,uzɔʃ,uzɛʃ,uzɔʃ
u.zɛʒ,u.zɔʒ,uzɛʒ,uzɔʒ,uzɛʒ,uzɔʒ
u.zɛθ,u.zɔθ,uzɛθ,uzɔθ,uzɛθ,uzɔθ
u.zɛð,u.zɔð,uzɛð,uzɔð,uzɛð,uzɔð
u.ʃɛm,u.ʃɔm,uʃɛm,uʃɔm,uʃɛm,uʃɔm
u.ʃɛn,u.ʃɔn,uʃɛn,uʃɔn,uʃɛn,uʃɔn
u.ʃɛŋ,u.ʃɔŋ,uʃɛŋ,uʃɔŋ,uʃɛŋ,uʃɔŋ
u.ʃɛp,u.ʃɔp,uʃɛp,uʃɔp,uʃɛp,uʃɔp
u.ʃɛt,u.ʃɔt,uʃɛt,uʃɔt,uʃɛt,uʃɔt
u.ʃɛk,u.ʃɔk,uʃɛk,uʃɔk,uʃɛk,uʃɔk
u.ʃɛb,u.ʃɔb,uʃɛb,uʃɔb,uʃɛb,uʃɔb
u.ʃɛd,u.ʃɔd,uʃɛd,uʃɔd,uʃɛd,uʃɔd
u.ʃɛg,u.ʃɔg,uʃɛg,uʃɔg,uʃɛg,uʃɔg
u.ʃɛf,u.ʃɔf,uʃɛf,uʃɔf,uʃɛf,uʃɔf
u.ʃɛs,u.ʃɔs,uʃɛs,uʃɔs,uʃɛs,uʃɔs
u.ʃɛv,u.ʃɔv,uʃɛv,uʃɔv,uʃɛv,uʃɔv
u.ʃɛz,u.ʃɔz,uʃɛz,uʃɔz,uʃɛz,uʃɔz
u.ʃɛʃ,u.ʃɔʃ,uʃɛʃ,uʃɔʃ,uʃɛʃ,uʃɔʃ
u.ʃɛʒ,u.ʃɔʒ,uʃɛʒ,uʃɔʒ,uʃɛʒ,uʃɔʒ
u.ʃɛθ,u.ʃɔθ,uʃɛθ,uʃɔθ,uʃɛθ,uʃɔθ
u.ʃɛð,u.ʃɔð,uʃɛð,uʃɔð,uʃɛð,uʃɔð
u.ʒɛm,u.ʒɔm,uʒɛm,uʒɔm,uʒɛm,uʒɔm
u.ʒɛn,u.ʒɔn,uʒɛn,uʒɔn,uʒɛn,uʒɔn
u.ʒɛŋ,u.ʒɔŋ,uʒɛŋ,uʒɔŋ,uʒɛŋ,uʒɔŋ
u.ʒɛp,u.ʒɔp,uʒɛp,uʒɔp,uʒɛp,uʒɔp
u.ʒɛt,u.ʒɔt,uʒɛt,uʒɔt,uʒɛt,uʒɔt
u.ʒɛk,u.ʒɔk,uʒɛk,uʒɔk,uʒɛk,uʒɔk
u.ʒɛb,u.ʒɔb,uʒɛb,uʒɔb,uʒɛb,uʒɔb
u.ʒɛd,u.ʒɔd,uʒɛd,uʒɔd,uʒɛd,uʒɔd
u.ʒɛg,u.ʒɔg,uʒɛg,uʒɔg,uʒɛg,uʒɔg
u.ʒɛf,u.ʒɔf,uʒɛf,uʒɔf,uʒɛf,uʒɔf
u.ʒɛs,u.ʒɔs,uʒɛs,uʒɔs,uʒɛs,uʒɔs
u.ʒɛv,u.ʒɔv,uʒɛv,uʒɔv,uʒɛv,uʒɔv
u.ʒɛz,u.ʒɔz,uʒɛz,uʒɔz,uʒɛz,uʒɔz
u.ʒɛʃ,u.ʒɔʃ,uʒɛʃ,uʒɔʃ,uʒɛʃ,uʒɔʃ
u.ʒɛʒ,u.ʒɔʒ,uʒɛʒ,uʒɔʒ,uʒɛʒ,uʒɔʒ
u.ʒɛθ,u.ʒɔθ,uʒɛθ,uʒɔθ,uʒɛθ,uʒɔθ
u.ʒɛð,u.ʒɔð,uʒɛð,uʒɔð,uʒɛð,uʒɔð
u.θɛm,u.θɔm,uθɛm,uθɔm,uθɛm,uθɔm
u.θɛn,u.θɔn,uθɛn,uθɔn,uθɛn,uθɔn
u.θɛŋ,u.θɔŋ,uθɛŋ,uθɔŋ,uθɛŋ,uθɔŋ
u.θɛp,u.θɔp,uθɛp,uθɔp,uθɛp,uθɔp
u.θɛt,u.θɔt,uθɛt,uθɔt,uθɛt,uθɔt
u.θɛk,u.θɔk,uθɛk,uθɔk,uθɛk,uθɔk
u.θɛb,u.θɔb,uθɛb,uθɔb,uθɛb,uθɔb
u.θɛd,u.θɔd,uθɛd,uθɔd,uθɛd,uθɔd
u.θɛg,u.θɔg,uθɛg,uθɔg,uθɛg,uθɔg
u.θɛf,u.θɔf,uθɛf,uθɔf,uθɛf,uθɔf
u.θɛs,u.θɔs,uθɛs,uθɔs,uθɛs,uθɔs
u.θɛv,u.θɔv,uθɛv,uθɔv,uθɛv,uθɔv
u.θɛz,u.θɔz,uθɛz,uθɔz,uθɛz,uθɔz
u.θɛʃ,u.θɔʃ,uθɛʃ,uθɔʃ,uθɛʃ,uθɔʃ
u.θɛʒ,u.θɔʒ,uθɛʒ,uθɔʒ,uθɛʒ,uθɔʒ
u.θɛθ,u.θɔθ,uθɛθ,uθɔθ,uθɛθ,uθɔθ
u.θɛð,u.θɔð,uθɛð,uθɔð,uθɛð,uθɔð
u.ðɛm,u.ðɔm,uðɛm,uðɔm,uðɛm,uðɔm
u.ðɛn,u.ðɔn,uðɛn,uðɔn,uðɛn,uðɔn
u.ðɛŋ,u.ðɔŋ,uðɛŋ,uðɔŋ,uðɛŋ,uðɔŋ
u.ðɛp,u.ðɔp,uðɛp,uðɔp,uðɛp,uðɔp
u.ðɛt,u.ðɔt,uðɛt,uðɔt,uðɛt,uðɔt
u.ðɛk,u.ðɔk,uðɛk,uðɔk,uðɛk,uðɔk
u.ðɛb,u.ðɔb,uðɛb,uðɔb,uðɛb,uðɔb
u.ðɛd,u.ðɔd,uðɛd,uðɔd,uðɛd,uðɔd
u.ðɛg,u.ðɔg,uðɛg,uðɔg,uðɛg,uðɔg
u.ðɛf,u.ðɔf,uðɛf,uðɔf,uðɛf,uðɔf
u.ðɛs,u.ðɔs,uðɛs,uðɔs,uðɛs,uðɔs
u.ðɛv,u.ðɔv,uðɛv,uðɔv,uðɛv,uðɔv
u.ðɛz,u.ðɔz,uðɛz,uðɔz,uðɛz,uðɔz
u.ðɛʃ,u.ðɔʃ,uðɛʃ,uðɔʃ,uðɛʃ,uðɔʃ
u.ðɛʒ,u.ðɔʒ,uðɛʒ,uðɔʒ,uðɛʒ,uðɔʒ
u.ðɛθ,u.ðɔθ,uðɛθ,uðɔθ,uðɛθ,uðɔθ
u.ðɛð,u.ðɔð,uðɛð,uðɔð,uðɛð,uðɔð
u.hɛm,u.hɔm,uhɛm,uhɔm,uhɛm,uhɔm
u.hɛn,u.hɔn,uhɛn,uhɔn,uhɛn,uhɔn
u.hɛŋ,u.hɔŋ,uhɛŋ,uhɔŋ,uhɛŋ,uhɔŋ
u.hɛp,u.hɔp,uhɛp,uhɔp,uhɛp,uhɔp
u.hɛt,u.hɔt,uhɛt,uhɔt,uhɛt,uhɔt
u.hɛk,u.hɔk,uhɛk,uhɔk,uhɛk,uhɔk
u.hɛb,u.hɔb,uhɛb,uhɔb,uhɛb,uhɔb
u.hɛd,u.hɔd,uhɛd,uhɔd,uhɛd,uhɔd
u.hɛg,u.hɔg,uhɛg,uhɔg,uhɛg,uhɔg
u.hɛf,u.hɔf,uhɛf,uhɔf,uhɛf,uhɔf
u.hɛs,u.hɔs,uhɛs,uhɔs,uhɛs,uhɔs
u.hɛv,u.hɔv,uhɛv,uhɔv,uhɛv,uhɔv
u.hɛz,u.hɔz,uhɛz,uhɔz,uhɛz,uhɔz
u.hɛʃ,u.hɔʃ,uhɛʃ,uhɔʃ,uhɛʃ,uhɔʃ
u.hɛʒ,u.hɔʒ,uhɛʒ,uhɔʒ,uhɛʒ,uhɔʒ
u.hɛθ,u.hɔθ,uhɛθ,uhɔθ,uhɛθ,uhɔθ
u.hɛð,u.hɔð,uhɛð,uhɔð,uhɛð,uhɔð
u.mʊm,u.mɪm,umʊm,umɪm,umʊm,umɪm
u.mʊn,u.mɪn,umʊn,umɪn,umʊn,umɪn
u.mʊŋ,u.mɪŋ,umʊŋ,umɪŋ,umʊŋ,umɪŋ
u.mʊp,u.mɪp,umʊp,umɪp,umʊp,umɪp
u.mʊt,u.mɪt,umʊt,umɪt,umʊt,umɪt
u.mʊk,u.mɪk,umʊk,umɪk,umʊk,umɪk
u.mʊb,u.mɪb,umʊb,umɪb,umʊb,umɪb
u.mʊd,u.mɪd,umʊd,umɪd,umʊd,umɪd
u.mʊg,u.mɪg,umʊg,umɪg,umʊg,umɪg
u.mʊf,u.mɪf,umʊf,umɪf,umʊf,umɪf
u.mʊs,u.mɪs,umʊs,umɪs,umʊs,umɪs
u.mʊv,u.mɪv,umʊv,umɪv,umʊv,umɪv
u.mʊz,u.mɪz,umʊz,umɪz,umʊz,umɪz
u.mʊʃ,u.mɪʃ,umʊʃ,umɪʃ,umʊʃ,umɪʃ
u.mʊʒ,u.mɪʒ,umʊʒ,umɪʒ,umʊʒ,umɪʒ
u.mʊθ,u.mɪθ,umʊθ,umɪθ,umʊθ,umɪθ
u.mʊð,u.mɪð,umʊð,umɪð,umʊð,umɪð
u.nʊm,u.nɪm,unʊm,unɪm,unʊm,unɪm
u.nʊn,u.nɪn,unʊn,unɪn,unʊn,unɪn
u.nʊŋ,u.nɪŋ,unʊŋ,unɪŋ,unʊŋ,unɪŋ
u.nʊp,u.nɪp,unʊp,unɪp,unʊp,unɪp
u.nʊt,u.nɪt,unʊt,unɪt,unʊt,unɪt
u.nʊk,u.nɪk,unʊk,unɪk,unʊk,unɪk
u.nʊb,u.nɪb,unʊb,unɪb,unʊb,unɪb
u.nʊd,u.nɪd,unʊd,unɪd,unʊd,unɪd
u.nʊg,u.nɪg,unʊg,unɪg,unʊg,unɪg
u.nʊf,u.nɪf,unʊf,unɪf,unʊf,unɪf
u.nʊs,u.nɪs,unʊs,unɪs,unʊs,unɪs
u.nʊv,u.nɪv,unʊv,unɪv,unʊv,unɪv
u.nʊz,u.nɪz,unʊz,unɪz,unʊz,unɪz
u.nʊʃ,u.nɪʃ,unʊʃ,unɪʃ,unʊʃ,unɪʃ
u.nʊʒ,u.nɪʒ,unʊʒ,unɪʒ,unʊʒ,unɪʒ
u.nʊθ,u.nɪθ,unʊθ,unɪθ,unʊθ,unɪθ
u.nʊð,u.nɪð,unʊð,unɪð,unʊð,unɪð
u.pʊm,u.pɪm,upʊm,upɪm,upʊm,upɪm
u.pʊn,u.pɪn,upʊn,upɪn,upʊn,upɪn
u.pʊŋ,u.pɪŋ,upʊŋ,upɪŋ,upʊŋ,upɪŋ
u.pʊp,u.pɪp,upʊp,upɪp,upʊp,upɪp
u.pʊt,u.pɪt,upʊt,upɪt,upʊt,upɪt
u.pʊk,u.pɪk,upʊk,upɪk,upʊk,upɪk
u.pʊb,u.pɪb,upʊb,upɪb,upʊb,upɪb
u.pʊd,u.pɪd,upʊd,upɪd,upʊd,upɪd
u.pʊg,u.pɪg,upʊg,upɪg,upʊg,upɪg
u.pʊf,u.pɪf,upʊf,upɪf,upʊf,upɪf
u.pʊs,u.pɪs,upʊs,upɪs,upʊs,upɪs
u.pʊv,u.pɪv,upʊv,upɪv,upʊv,upɪv
u.pʊz,u.pɪz,upʊz,upɪz,upʊz,upɪz
u.pʊʃ,u.pɪʃ,upʊʃ,upɪʃ,upʊʃ,upɪʃ
u.pʊʒ,u.pɪʒ,upʊʒ,upɪʒ,upʊʒ,upɪʒ
u.pʊθ,u.pɪθ,upʊθ,upɪθ,upʊθ,upɪθ
u.pʊð,u.pɪð,upʊð,upɪð,upʊð,upɪð
u.tʊm,u.tɪm,utʊm,utɪm,utʊm,utɪm
u.tʊn,u.tɪn,utʊn,utɪn,utʊn,utɪn
u.tʊŋ,u.tɪŋ,utʊŋ,utɪŋ,utʊŋ,utɪŋ
u.tʊp,u.tɪp,utʊp,utɪp,utʊp,utɪp
u.tʊt,u.tɪt,utʊt,utɪt,utʊt,utɪt
u.tʊk,u.tɪk,utʊk,utɪk,utʊk,utɪk
u.tʊb,u.tɪb,utʊb,utɪb,utʊb,utɪb
u.tʊd,u.tɪd,utʊd,utɪd,utʊd,utɪd
u.tʊg,u.tɪg,utʊg,utɪg,utʊg,utɪg
u.tʊf,u.tɪf,utʊf,utɪf,utʊf,utɪf
u.tʊs,u.tɪs,utʊs,utɪs,utʊs,utɪs
u.tʊv,u.tɪv,utʊv,utɪv,utʊv,utɪv
u.tʊz,u.tɪz,utʊz,utɪz,utʊz,utɪz
u.tʊʃ,u.tɪʃ,utʊʃ,utɪʃ,utʊʃ,utɪʃ
u.tʊʒ,u.tɪʒ,utʊʒ,utɪʒ,utʊʒ,utɪʒ
u.tʊθ,u.tɪθ,utʊθ,utɪθ,utʊθ,utɪθ
u.tʊð,u.tɪð,utʊð,utɪð,utʊð,utɪð
u.kʊm,u.kɪm,ukʊm,ukɪm,ukʊm,ukɪm
u.kʊn,u.kɪn,ukʊn,ukɪn,ukʊn,ukɪn
u.kʊŋ,u.kɪŋ,ukʊŋ,ukɪŋ,ukʊŋ,ukɪŋ
u.kʊp,u.kɪp,ukʊp,ukɪp,ukʊp,ukɪp
u.kʊt,u.kɪt,ukʊt,ukɪt,ukʊt,ukɪt
u.kʊk,u.kɪk,ukʊk,ukɪk,ukʊk,ukɪk
u.kʊb,u.kɪb,ukʊb,ukɪb,ukʊb,ukɪb
u.kʊd,u.kɪd,ukʊd,ukɪd,ukʊd,ukɪd
u.kʊg,u.kɪg,ukʊg,ukɪg,ukʊg,ukɪg
u.kʊf,u.kɪf,ukʊf,ukɪf,ukʊf,ukɪf
u.kʊs,u.kɪs,ukʊs,ukɪs,ukʊs,ukɪs
u.kʊv,u.kɪv,ukʊv,ukɪv,ukʊv,ukɪv
u.kʊz,u.kɪz,ukʊz,ukɪz,ukʊz,ukɪz
u.kʊʃ,u.kɪʃ,ukʊʃ,ukɪʃ,ukʊʃ,ukɪʃ
u.kʊʒ,u.kɪʒ,ukʊʒ,ukɪʒ,ukʊʒ,ukɪʒ
u.kʊθ,u.kɪθ,ukʊθ,ukɪθ,ukʊθ,ukɪθ
u.kʊð,u.kɪð,ukʊð,ukɪð,ukʊð,ukɪð
u.bʊm,u.bɪm,ubʊm,ubɪm,ubʊm,ubɪm
u.bʊn,u.bɪn,ubʊn,ubɪn,ubʊn,ubɪn
u.bʊŋ,u.bɪŋ,ubʊŋ,ubɪŋ,ubʊŋ,ubɪŋ
u.bʊp,u.bɪp,ubʊp,ubɪp,ubʊp,ubɪp
u.bʊt,u.bɪt,ubʊt,ubɪt,ubʊt,ubɪt
u.bʊk,u.bɪk,ubʊk,ubɪk,ubʊk,ubɪk
u.bʊb,u.bɪb,ubʊb,ubɪb,ubʊb,ubɪb
u.bʊd,u.bɪd,ubʊd,ubɪd,ubʊd,ubɪd
u.bʊg,u.bɪg,ubʊg,ubɪg,ubʊg,ubɪg
u.bʊf,u.bɪf,ubʊf,ubɪf,ubʊf,ubɪf
u.bʊs,u.bɪs,ubʊs,ubɪs,ubʊs,ubɪs
u.bʊv,u.bɪv,ubʊv,ubɪv,ubʊv,ubɪv
u.bʊz,u.bɪz,ubʊz,ubɪz,ubʊz,ubɪz
u.bʊʃ,u.bɪʃ,ubʊʃ,ubɪʃ,ubʊʃ,ubɪʃ
u.bʊʒ,u.bɪʒ,ubʊʒ,ubɪʒ,ubʊʒ,ubɪʒ
u.bʊθ,u.bɪθ,ubʊθ,ubɪθ,ubʊθ,ubɪθ
u.bʊð,u.bɪð,ubʊð,ubɪð,ubʊð,ubɪð
u.dʊm,u.dɪm,udʊm,udɪm,udʊm,udɪm
u.dʊn,u.dɪn,udʊn,udɪn,udʊn,udɪn
u.dʊŋ,u.dɪŋ,udʊŋ,udɪŋ,udʊŋ,udɪŋ
u.dʊp,u.dɪp,udʊp,udɪp,udʊp,udɪp
u.dʊt,u.dɪt,udʊt,udɪt,udʊt,udɪt
u.dʊk,u.dɪk,udʊk,udɪk,udʊk,udɪk
u.dʊb,u.dɪb,udʊb,udɪb,udʊb,udɪb
u.dʊd,u.dɪd,udʊd,udɪd,udʊd,udɪd
u.dʊg,u.dɪg,udʊg,udɪg,udʊg,udɪg
u.dʊf,u.dɪf,udʊf,udɪf,udʊf,udɪf
u.dʊs,u.dɪs,udʊs,udɪs,udʊs,udɪs
u.dʊv,u.dɪv,udʊv,udɪv,udʊv,udɪv
u.dʊz,u.dɪz,udʊz,udɪz,udʊz,udɪz
u.dʊʃ,u.dɪʃ,udʊʃ,udɪʃ,udʊʃ,udɪʃ
u.dʊʒ,u.dɪʒ,udʊʒ,udɪʒ,udʊʒ,udɪʒ
u.dʊθ,u.dɪθ,udʊθ,udɪθ,udʊθ,udɪθ
u.dʊð,u.dɪð,udʊð,udɪð,udʊð,udɪð
u.gʊm,u.gɪm,ugʊm,ugɪm,ugʊm,ugɪm
u.gʊn,u.gɪn,ugʊn,ugɪn,ugʊn,ugɪn
u.gʊŋ,u.gɪŋ,ugʊŋ,ugɪŋ,ugʊŋ,ugɪŋ
u.gʊp,u.gɪp,ugʊp,ugɪp,ugʊp,ugɪp
u.gʊt,u.gɪt,ugʊt,ugɪt,ugʊt,ugɪt
u.gʊk,u.gɪk,ugʊk,ugɪk,ugʊk,ugɪk
u.gʊb,u.gɪb,ugʊb,ugɪb,ugʊb,ugɪb
u.gʊd,u.gɪd,ugʊd,ugɪd,ugʊd,ugɪd
u.gʊg,u.gɪg,ugʊg,ugɪg,ugʊg,ugɪg
u.gʊf,u.gɪf,ugʊf,ugɪf,ugʊf,ugɪf
u.gʊs,u.gɪs,ugʊs,ugɪs,ugʊs,ugɪs
u.gʊv,u.gɪv,ugʊv,ugɪv,ugʊv,ugɪv
u.gʊz,u.gɪz,ugʊz,ugɪz,ugʊz,ugɪz
u.gʊʃ,u.gɪʃ,ugʊʃ,ugɪʃ,ugʊʃ,ugɪʃ
u.gʊʒ,u.gɪʒ,ugʊʒ,ugɪʒ,ugʊʒ,ugɪʒ
u.gʊθ,u.gɪθ,ugʊθ,ugɪθ,ugʊθ,ugɪθ
u.gʊð,u.gɪð,ugʊð,ugɪð,ugʊð,ugɪð
u.fʊm,u.fɪm,ufʊm,ufɪm,ufʊm,ufɪm
u.fʊn,u.fɪn,ufʊn,ufɪn,ufʊn,ufɪn
u.fʊŋ,u.fɪŋ,ufʊŋ,ufɪŋ,ufʊŋ,ufɪŋ
u.fʊp,u.fɪp,ufʊp,ufɪp,ufʊp,ufɪp
u.fʊt,u.fɪt,ufʊt,ufɪt,ufʊt,ufɪt
u.fʊk,u.fɪk,ufʊk,ufɪk,ufʊk,ufɪk
u.fʊb,u.fɪb,ufʊb,ufɪb,ufʊb,ufɪb
u.fʊd,u.fɪd,ufʊd,ufɪd,ufʊd,ufɪd
u.fʊg,u.fɪg,ufʊg,ufɪg,ufʊg,ufɪg
u.fʊf,u.fɪf,ufʊf,ufɪf,ufʊf,ufɪf
u.fʊs,u.fɪs,ufʊs,ufɪs,ufʊs,ufɪs
u.fʊv,u.fɪv,ufʊv,ufɪv,ufʊv,ufɪv
u.fʊz,u.fɪz,ufʊz,ufɪz,ufʊz,ufɪz
u.fʊʃ,u.fɪʃ,ufʊʃ,ufɪʃ,ufʊʃ,ufɪʃ
u.fʊʒ,u.fɪʒ,ufʊʒ,ufɪʒ,ufʊʒ,ufɪʒ
u.fʊθ,u.fɪθ,ufʊθ,ufɪθ,ufʊθ,ufɪθ
u.fʊð,u.fɪð,ufʊð,ufɪð,ufʊð,ufɪð
u.sʊm,u.sɪm,usʊm,usɪm,usʊm,usɪm
u.sʊn,u.sɪn,usʊn,usɪn,usʊn,usɪn
u.sʊŋ,u.sɪŋ,usʊŋ,usɪŋ,usʊŋ,usɪŋ
u.sʊp,u.sɪp,usʊp,usɪp,usʊp,usɪp
u.sʊt,u.sɪt,usʊt,usɪt,usʊt,usɪt
u.sʊk,u.sɪk,usʊk,usɪk,usʊk,usɪk
u.sʊb,u.sɪb,usʊb,usɪb,usʊb,usɪb
u.sʊd,u.sɪd,usʊd,usɪd,usʊd,usɪd
u.sʊg,u.sɪg,usʊg,usɪg,usʊg,usɪg
u.sʊf,u.sɪf,usʊf,usɪf,usʊf,usɪf
u.sʊs,u.sɪs,usʊs,usɪs,usʊs,usɪs
u.sʊv,u.sɪv,usʊv,usɪv,usʊv,usɪv
u.sʊz,u.sɪz,usʊz,usɪz,usʊz,usɪz
u.sʊʃ,u.sɪʃ,usʊʃ,usɪʃ,usʊʃ,usɪʃ
u.sʊʒ,u.sɪʒ,usʊʒ,usɪʒ,usʊʒ,usɪʒ
u.sʊθ,u.sɪθ,usʊθ,usɪθ,usʊθ,usɪθ
u.sʊð,u.sɪð,usʊð,usɪð,usʊð,usɪð
u.vʊm,u.vɪm,uvʊm,uvɪm,uvʊm,uvɪm
u.vʊn,u.vɪn,uvʊn,uvɪn,uvʊn,uvɪn
u.vʊŋ,u.vɪŋ,uvʊŋ,uvɪŋ,uvʊŋ,uvɪŋ
u.vʊp,u.vɪp,uvʊp,uvɪp,uvʊp,uvɪp
u.vʊt,u.vɪt,uvʊt,uvɪt,uvʊt,uvɪt
u.vʊk,u.vɪk,uvʊk,uvɪk,uvʊk,uvɪk
u.vʊb,u.vɪb,uvʊb,uvɪb,uvʊb,uvɪb
u.vʊd,u.vɪd,uvʊd,uvɪd,uvʊd,uvɪd
u.vʊg,u.vɪg,uvʊg,uvɪg,uvʊg,uvɪg
u.vʊf,u.vɪf,uvʊf,uvɪf,uvʊf,uvɪf
u.vʊs,u.vɪs,uvʊs,uvɪs,uvʊs,uvɪs
u.vʊv,u.vɪv,uvʊv,uvɪv,uvʊv,uvɪv
u.vʊz,u.vɪz,uvʊz,uvɪz,uvʊz,uvɪz
u.vʊʃ,u.vɪʃ,uvʊʃ,uvɪʃ,uvʊʃ,uvɪʃ
u.vʊʒ,u.vɪʒ,uvʊʒ,uvɪʒ,uvʊʒ,uvɪʒ
u.vʊθ,u.vɪθ,uvʊθ,uvɪθ,uvʊθ,uvɪθ
u.vʊð,u.vɪð,uvʊð,uvɪð,uvʊð,uvɪð
u.zʊm,u.zɪm,uzʊm,uzɪm,uzʊm,uzɪm
u.zʊn,u.zɪn,uzʊn,uzɪn,uzʊn,uzɪn
u.zʊŋ,u.zɪŋ,uzʊŋ,uzɪŋ,uzʊŋ,uzɪŋ
u.zʊp,u.zɪp,uzʊp,uzɪp,uzʊp,uzɪp
u.zʊt,u.zɪt,uzʊt,uzɪt,uzʊt,uzɪt
u.zʊk,u.zɪk,uzʊk,uzɪk,uzʊk,uzɪk
u.zʊb,u.zɪb,uzʊb,uzɪb,uzʊb,uzɪb
u.zʊd,u.zɪd,uzʊd,uzɪd,uzʊd,uzɪd
u.zʊg,u.zɪg,uzʊg,uzɪg,uzʊg,uzɪg
u.zʊf,u.zɪf,uzʊf,uzɪf,uzʊf,uzɪf
u.zʊs,u.zɪs,uzʊs,uzɪs,uzʊs,uzɪs
u.zʊv,u.zɪv,uzʊv,uzɪv,uzʊv,uzɪv
u.zʊz,u.zɪz,uzʊz,uzɪz,uzʊz,uzɪz
u.zʊʃ,u.zɪʃ,uzʊʃ,uzɪʃ,uzʊʃ,uzɪʃ
u.zʊʒ,u.zɪʒ,uzʊʒ,uzɪʒ,uzʊʒ,uzɪʒ
u.zʊθ,u.zɪθ,uzʊθ,uzɪθ,uzʊθ,uzɪθ
u.zʊð,u.zɪð,uzʊð,uzɪð,uzʊð,uzɪð
u.ʃʊm,u.ʃɪm,uʃʊm,uʃɪm,uʃʊm,uʃɪm
u.ʃʊn,u.ʃɪn,uʃʊn,uʃɪn,uʃʊn,uʃɪn
u.ʃʊŋ,u.ʃɪŋ,uʃʊŋ,uʃɪŋ,uʃʊŋ,uʃɪŋ
u.ʃʊp,u.ʃɪp,uʃʊp,uʃɪp,uʃʊp,uʃɪp
u.ʃʊt,u.ʃɪt,uʃʊt,uʃɪt,uʃʊt,uʃɪt
u.ʃʊk,u.ʃɪk,uʃʊk,uʃɪk,uʃʊk,uʃɪk
u.ʃʊb,u.ʃɪb,uʃʊb,uʃɪb,uʃʊb,uʃɪb
u.ʃʊd,u.ʃɪd,uʃʊd,uʃɪd,uʃʊd,uʃɪd
u.ʃʊg,u.ʃɪg,uʃʊg,uʃɪg,uʃʊg,uʃɪg
u.ʃʊf,u.ʃɪf,uʃʊf,uʃɪf,uʃʊf,uʃɪf
u.ʃʊs,u.ʃɪs,uʃʊs,uʃɪs,uʃʊs,uʃɪs
u.ʃʊv,u.ʃɪv,uʃʊv,uʃɪv,uʃʊv,uʃɪv
u.ʃʊz,u.ʃɪz,uʃʊz,uʃɪz,uʃʊz,uʃɪz
u.ʃʊʃ,u.ʃɪʃ,uʃʊʃ,uʃɪʃ,uʃʊʃ,uʃɪʃ
u.ʃʊʒ,u.ʃɪʒ,uʃʊʒ,uʃɪʒ,uʃʊʒ,uʃɪʒ
u.ʃʊθ,u.ʃɪθ,uʃʊθ,uʃɪθ,uʃʊθ,uʃɪθ
u.ʃʊð,u.ʃɪð,uʃʊð,uʃɪð,uʃʊð,uʃɪð
u.ʒʊm,u.ʒɪm,uʒʊm,uʒɪm,uʒʊm,uʒɪm
u.ʒʊn,u.ʒɪn,uʒʊn,uʒɪn,uʒʊn,uʒɪn
u.ʒʊŋ,u.ʒɪŋ,uʒʊŋ,uʒɪŋ,uʒʊŋ,uʒɪŋ
u.ʒʊp,u.ʒɪp,uʒʊp,uʒɪp,uʒʊp,uʒɪp
u.ʒʊt,u.ʒɪt,uʒʊt,uʒɪt,uʒʊt,uʒɪt
u.ʒʊk,u.ʒɪk,uʒʊk,uʒɪk,uʒʊk,uʒɪk
u.ʒʊb,u.ʒɪb,uʒʊb,uʒɪb,uʒʊb,uʒɪb
u.ʒʊd,u.ʒɪd,uʒʊd,uʒɪd,uʒʊd,uʒɪd
u.ʒʊg,u.ʒɪg,uʒʊg,uʒɪg,uʒʊg,uʒɪg
u.ʒʊf,u.ʒɪf,uʒʊf,uʒɪf,uʒʊf,uʒɪf
u.ʒʊs,u.ʒɪs,uʒʊs,uʒɪs,uʒʊs,uʒɪs
u.ʒʊv,u.ʒɪv,uʒʊv,uʒɪv,uʒʊv,uʒɪv
u.ʒʊz,u.ʒɪz,uʒʊz,uʒɪz,uʒʊz,uʒɪz
u.ʒʊʃ,u.ʒɪʃ,uʒʊʃ,uʒɪʃ,uʒʊʃ,uʒɪʃ
u.ʒʊʒ,u.ʒɪʒ,uʒʊʒ,uʒɪʒ,uʒʊʒ,uʒɪʒ
u.ʒʊθ,u.ʒɪθ,uʒʊθ,uʒɪθ,uʒʊθ,uʒɪθ
u.ʒʊð,u.ʒɪð,uʒʊð,uʒɪð,uʒʊð,uʒɪð
u.θʊm,u.θɪm,uθʊm,uθɪm,uθʊm,uθɪm
u.θʊn,u.θɪn,uθʊn,uθɪn,uθʊn,uθɪn
u.θʊŋ,u.θɪŋ,uθʊŋ,uθɪŋ,uθʊŋ,uθɪŋ
u.θʊp,u.θɪp,uθʊp,uθɪp,uθʊp,uθɪp
u.θʊt,u.θɪt,uθʊt,uθɪt,uθʊt,uθɪt
u.θʊk,u.θɪk,uθʊk,uθɪk,uθʊk,uθɪk
u.θʊb,u.θɪb,uθʊb,uθɪb,uθʊb,uθɪb
u.θʊd,u.θɪd,uθʊd,uθɪd,uθʊd,uθɪd
u.θʊg,u.θɪg,uθʊg,uθɪg,uθʊg,uθɪg
u.θʊf,u.θɪf,uθʊf,uθɪf,uθʊf,uθɪf
u.θʊs,u.θɪs,uθʊs,uθɪs,uθʊs,uθɪs
u.θʊv,u.θɪv,uθʊv,uθɪv,uθʊv,uθɪv
u.θʊz,u.θɪz,uθʊz,uθɪz,uθʊz,uθɪz
u.θʊʃ,u.θɪʃ,uθʊʃ,uθɪʃ,uθʊʃ,uθɪʃ
u.θʊʒ,u.θɪʒ,uθʊʒ,uθɪʒ,uθʊʒ,uθɪʒ
u.θʊθ,u.θɪθ,uθʊθ,uθɪθ,uθʊθ,uθɪθ
u.θʊð,u.θɪð,uθʊð,uθɪð,uθʊð,uθɪð
u.ðʊm,u.ðɪm,uðʊm,uðɪm,uðʊm,uðɪm
u.ðʊn,u.ðɪn,uðʊn,uðɪn,uðʊn,uðɪn
u.ðʊŋ,u.ðɪŋ,uðʊŋ,uðɪŋ,uðʊŋ,uðɪŋ
u.ðʊp,u.ðɪp,uðʊp,uðɪp,uðʊp,uðɪp
u.ðʊt,u.ðɪt,uðʊt,uðɪt,uðʊt,uðɪt
u.ðʊk,u.ðɪk,uðʊk,uðɪk,uðʊk,uðɪk
u.ðʊb,u.ðɪb,uðʊb,uðɪb,uðʊb,uðɪb
u.ðʊd,u.ðɪd,uðʊd,uðɪd,uðʊd,uðɪd
u.ðʊg,u.ðɪg,uðʊg,uðɪg,uðʊg,uðɪg
u.ðʊf,u.ðɪf,uðʊf,uðɪf,uðʊf,uðɪf
u.ðʊs,u.ðɪs,uðʊs,uðɪs,uðʊs,uðɪs
u.ðʊv,u.ðɪv,uðʊv,uðɪv,uðʊv,uðɪv
u.ðʊz,u.ðɪz,uðʊz,uðɪz,uðʊz,uðɪz
u.ðʊʃ,u.ðɪʃ,uðʊʃ,uðɪʃ,uðʊʃ,uðɪʃ
u.ðʊʒ,u.ðɪʒ,uðʊʒ,uðɪʒ,uðʊʒ,uðɪʒ
u.ðʊθ,u.ðɪθ,uðʊθ,uðɪθ,uðʊθ,uðɪθ
u.ðʊð,u.ðɪð,uðʊð,uðɪð,uðʊð,uðɪð
u.hʊm,u.hɪm,uhʊm,uhɪm,uhʊm,uhɪm
u.hʊn,u.hɪn,uhʊn,uhɪn,uhʊn,uhɪn
u.hʊŋ,u.hɪŋ,uhʊŋ,uhɪŋ,uhʊŋ,uhɪŋ
u.hʊp,u.hɪp,uhʊp,uhɪp,uhʊp,uhɪp
u.hʊt,u.hɪt,uhʊt,uhɪt,uhʊt,uhɪt
u.hʊk,u.hɪk,uhʊk,uhɪk,uhʊk,uhɪk
u.hʊb,u.hɪb,uhʊb,uhɪb,uhʊb,uhɪb
u.hʊd,u.hɪd,uhʊd,uhɪd,uhʊd,uhɪd
u.hʊg,u.hɪg,uhʊg,uhɪg,uhʊg,uhɪg
u.hʊf,u.hɪf,uhʊf,uhɪf,uhʊf,uhɪf
u.hʊs,u.hɪs,uhʊs,uhɪs,uhʊs,uhɪs
u.hʊv,u.hɪv,uhʊv,uhɪv,uhʊv,uhɪv
u.hʊz,u.hɪz,uhʊz,uhɪz,uhʊz,uhɪz
u.hʊʃ,u.hɪʃ,uhʊʃ,uhɪʃ,uhʊʃ,uhɪʃ
u.hʊʒ,u.hɪʒ,uhʊʒ,uhɪʒ,uhʊʒ,uhɪʒ
u.hʊθ,u.hɪθ,uhʊθ,uhɪθ,uhʊθ,uhɪθ
u.hʊð,u.hɪð,uhʊð,uhɪð,uhʊð,uhɪð
u.mɔm,u.mɛm,umɔm,umɛm,umɔm,umɛm
u.mɔn,u.mɛn,umɔn,umɛn,umɔn,umɛn
u.mɔŋ,u.mɛŋ,umɔŋ,umɛŋ,umɔŋ,umɛŋ
u.mɔp,u.mɛp,umɔp,umɛp,umɔp,umɛp
u.mɔt,u.mɛt,umɔt,umɛt,umɔt,umɛt
u.mɔk,u.mɛk,umɔk,umɛk,umɔk,umɛk
u.mɔb,u.mɛb,umɔb,umɛb,umɔb,umɛb
u.mɔd,u.mɛd,umɔd,umɛd,umɔd,umɛd
u.mɔg,u.mɛg,umɔg,umɛg,umɔg,umɛg
u.mɔf,u.mɛf,umɔf,umɛf,umɔf,umɛf
u.mɔs,u.mɛs,umɔs,umɛs,umɔs,umɛs
u.mɔv,u.mɛv,umɔv,umɛv,umɔv,umɛv
u.mɔz,u.mɛz,umɔz,umɛz,umɔz,umɛz
u.mɔʃ,u.mɛʃ,umɔʃ,umɛʃ,umɔʃ,umɛʃ
u.mɔʒ,u.mɛʒ,umɔʒ,umɛʒ,umɔʒ,umɛʒ
u.mɔθ,u.mɛθ,umɔθ,umɛθ,umɔθ,umɛθ
u.mɔð,u.mɛð,umɔð,umɛð,umɔð,umɛð
u.nɔm,u.nɛm,unɔm,unɛm,unɔm,unɛm
u.nɔn,u.nɛn,unɔn,unɛn,unɔn,unɛn
u.nɔŋ,u.nɛŋ,unɔŋ,unɛŋ,unɔŋ,unɛŋ
u.nɔp,u.nɛp,unɔp,unɛp,unɔp,unɛp
u.nɔt,u.nɛt,unɔt,unɛt,unɔt,unɛt
u.nɔk,u.nɛk,unɔk,unɛk,unɔk,unɛk
u.nɔb,u.nɛb,unɔb,unɛb,unɔb,unɛb
u.nɔd,u.nɛd,unɔd,unɛd,unɔd,unɛd
u.nɔg,u.nɛg,unɔg,unɛg,unɔg,unɛg
u.nɔf,u.nɛf,unɔf,unɛf,unɔf,unɛf
u.nɔs,u.nɛs,unɔs,unɛs,unɔs,unɛs
u.nɔv,u.nɛv,unɔv,unɛv,unɔv,unɛv
u.nɔz,u.nɛz,unɔz,unɛz,unɔz,unɛz
u.nɔʃ,u.nɛʃ,unɔʃ,unɛʃ,unɔʃ,unɛʃ
u.nɔʒ,u.nɛʒ,unɔʒ,unɛʒ,unɔʒ,unɛʒ
u.nɔθ,u.nɛθ,unɔθ,unɛθ,unɔθ,unɛθ
u.nɔð,u.nɛð,unɔð,unɛð,unɔð,unɛð
u.pɔm,u.pɛm,upɔm,upɛm,upɔm,upɛm
u.pɔn,u.pɛn,upɔn,upɛn,upɔn,upɛn
u.pɔŋ,u.pɛŋ,upɔŋ,upɛŋ,upɔŋ,upɛŋ
u.pɔp,u.pɛp,upɔp,upɛp,upɔp,upɛp
u.pɔt,u.pɛt,upɔt,upɛt,upɔt,upɛt
u.pɔk,u.pɛk,upɔk,upɛk,upɔk,upɛk
u.pɔb,u.pɛb,upɔb,upɛb,upɔb,upɛb
u.pɔd,u.pɛd,upɔd,upɛd,upɔd,upɛd
u.pɔg,u.pɛg,upɔg,upɛg,upɔg,upɛg
u.pɔf,u.pɛf,upɔf,upɛf,upɔf,upɛf
u.pɔs,u.pɛs,upɔs,upɛs,upɔs,upɛs
u.pɔv,u.pɛv,upɔv,upɛv,upɔv,upɛv
u.pɔz,u.pɛz,upɔz,upɛz,upɔz,upɛz
u.pɔʃ,u.pɛʃ,upɔʃ,upɛʃ,upɔʃ,upɛʃ
u.pɔʒ,u.pɛʒ,upɔʒ,upɛʒ,upɔʒ,upɛʒ
u.pɔθ,u.pɛθ,upɔθ,upɛθ,upɔθ,upɛθ
u.pɔð,u.pɛð,upɔð,upɛð,upɔð,upɛð
u.tɔm,u.tɛm,utɔm,utɛm,utɔm,utɛm
u.tɔn,u.tɛn,utɔn,utɛn,utɔn,utɛn
u.tɔŋ,u.tɛŋ,utɔŋ,utɛŋ,utɔŋ,utɛŋ
u.tɔp,u.tɛp,utɔp,utɛp,utɔp,utɛp
u.tɔt,u.tɛt,utɔt,utɛt,utɔt,utɛt
u.tɔk,u.tɛk,utɔk,utɛk,utɔk,utɛk
u.tɔb,u.tɛb,utɔb,utɛb,utɔb,utɛb
u.tɔd,u.tɛd,utɔd,utɛd,utɔd,utɛd
u.tɔg,u.tɛg,utɔg,utɛg,utɔg,utɛg
u.tɔf,u.tɛf,utɔf,utɛf,utɔf,utɛf
u.tɔs,u.tɛs,utɔs,utɛs,utɔs,utɛs
u.tɔv,u.tɛv,utɔv,utɛv,utɔv,utɛv
u.tɔz,u.tɛz,utɔz,utɛz,utɔz,utɛz
u.tɔʃ,u.tɛʃ,utɔʃ,utɛʃ,utɔʃ,utɛʃ
u.tɔʒ,u.tɛʒ,utɔʒ,utɛʒ,utɔʒ,utɛʒ
u.tɔθ,u.tɛθ,utɔθ,utɛθ,utɔθ,utɛθ
u.tɔð,u.tɛð,utɔð,utɛð,utɔð,utɛð
u.kɔm,u.kɛm,ukɔm,ukɛm,ukɔm,ukɛm
u.kɔn,u.kɛn,ukɔn,ukɛn,ukɔn,ukɛn
u.kɔŋ,u.kɛŋ,ukɔŋ,ukɛŋ,ukɔŋ,ukɛŋ
u.kɔp,u.kɛp,ukɔp,ukɛp,ukɔp,ukɛp
u.kɔt,u.kɛt,ukɔt,ukɛt,ukɔt,ukɛt
u.kɔk,u.kɛk,ukɔk,ukɛk,ukɔk,ukɛk
u.kɔb,u.kɛb,ukɔb,ukɛb,ukɔb,ukɛb
u.kɔd,u.kɛd,ukɔd,ukɛd,ukɔd,ukɛd
u.kɔg,u.kɛg,ukɔg,ukɛg,ukɔg,ukɛg
u.kɔf,u.kɛf,ukɔf,ukɛf,ukɔf,ukɛf
u.kɔs,u.kɛs,ukɔs,ukɛs,ukɔs,ukɛs
u.kɔv,u.kɛv,ukɔv,ukɛv,ukɔv,ukɛv
u.kɔz,u.kɛz,ukɔz,ukɛz,ukɔz,ukɛz
u.kɔʃ,u.kɛʃ,ukɔʃ,ukɛʃ,ukɔʃ,ukɛʃ
u.kɔʒ,u.kɛʒ,ukɔʒ,ukɛʒ,ukɔʒ,ukɛʒ
u.kɔθ,u.kɛθ,ukɔθ,ukɛθ,ukɔθ,ukɛθ
u.kɔð,u.kɛð,ukɔð,ukɛð,ukɔð,ukɛð
u.bɔm,u.bɛm,ubɔm,ubɛm,ubɔm,ubɛm
u.bɔn,u.bɛn,ubɔn,ubɛn,ubɔn,ubɛn
u.bɔŋ,u.bɛŋ,ubɔŋ,ubɛŋ,ubɔŋ,ubɛŋ
u.bɔp,u.bɛp,ubɔp,ubɛp,ubɔp,ubɛp
u.bɔt,u.bɛt,ubɔt,ubɛt,ubɔt,ubɛt
u.bɔk,u.bɛk,ubɔk,ubɛk,ubɔk,ubɛk
u.bɔb,u.bɛb,ubɔb,ubɛb,ubɔb,ubɛb
u.bɔd,u.bɛd,ubɔd,ubɛd,ubɔd,ubɛd
u.bɔg,u.bɛg,ubɔg,ubɛg,ubɔg,ubɛg
u.bɔf,u.bɛf,ubɔf,ubɛf,ubɔf,ubɛf
u.bɔs,u.bɛs,ubɔs,ubɛs,ubɔs,ubɛs
u.bɔv,u.bɛv,ubɔv,ubɛv,ubɔv,ubɛv
u.bɔz,u.bɛz,ubɔz,ubɛz,ubɔz,ubɛz
u.bɔʃ,u.bɛʃ,ubɔʃ,ubɛʃ,ubɔʃ,ubɛʃ
u.bɔʒ,u.bɛʒ,ubɔʒ,ubɛʒ,ubɔʒ,ubɛʒ
u.bɔθ,u.bɛθ,ubɔθ,ubɛθ,ubɔθ,ubɛθ
u.bɔð,u.bɛð,ubɔð,ubɛð,ubɔð,ubɛð
u.dɔm,u.dɛm,udɔm,udɛm,udɔm,udɛm
u.dɔn,u.dɛn,udɔn,udɛn,udɔn,udɛn
u.dɔŋ,u.dɛŋ,udɔŋ,udɛŋ,udɔŋ,udɛŋ
u.dɔp,u.dɛp,udɔp,udɛp,udɔp,udɛp
u.dɔt,u.dɛt,udɔt,udɛt,udɔt,udɛt
u.dɔk,u.dɛk,udɔk,udɛk,udɔk,udɛk
u.dɔb,u.dɛb,udɔb,udɛb,udɔb,udɛb
u.dɔd,u.dɛd,udɔd,udɛd,udɔd,udɛd
u.dɔg,u.dɛg,udɔg,udɛg,udɔg,udɛg
u.dɔf,u.dɛf,udɔf,udɛf,udɔf,udɛf
u.dɔs,u.dɛs,udɔs,udɛs,udɔs,udɛs
u.dɔv,u.dɛv,udɔv,udɛv,udɔv,udɛv
u.dɔz,u.dɛz,udɔz,udɛz,udɔz,udɛz
u.dɔʃ,u.dɛʃ,udɔʃ,udɛʃ,udɔʃ,udɛʃ
u.dɔʒ,u.dɛʒ,udɔʒ,udɛʒ,udɔʒ,udɛʒ
u.dɔθ,u.dɛθ,udɔθ,udɛθ,udɔθ,udɛθ
u.dɔð,u.dɛð,udɔð,udɛð,udɔð,udɛð
u.gɔm,u.gɛm,ugɔm,ugɛm,ugɔm,ugɛm
u.gɔn,u.gɛn,ugɔn,ugɛn,ugɔn,ugɛn
u.gɔŋ,u.gɛŋ,ugɔŋ,ugɛŋ,ugɔŋ,ugɛŋ
u.gɔp,u.gɛp,ugɔp,ugɛp,ugɔp,ugɛp
u.gɔt,u.gɛt,ugɔt,ugɛt,ugɔt,ugɛt
u.gɔk,u.gɛk,ugɔk,ugɛk,ugɔk,ugɛk
u.gɔb,u.gɛb,ugɔb,ugɛb,ugɔb,ugɛb
u.gɔd,u.gɛd,ugɔd,ugɛd,ugɔd,ugɛd
u.gɔg,u.gɛg,ugɔg,ugɛg,ugɔg,ugɛg
u.gɔf,u.gɛf,ugɔf,ugɛf,ugɔf,ugɛf
u.gɔs,u.gɛs,ugɔs,ugɛs,ugɔs,ugɛs
u.gɔv,u.gɛv,ugɔv,ugɛv,ugɔv,ugɛv
u.gɔz,u.gɛz,ugɔz,ugɛz,ugɔz,ugɛz
u.gɔʃ,u.gɛʃ,ugɔʃ,ugɛʃ,ugɔʃ,ugɛʃ
u.gɔʒ,u.gɛʒ,ugɔʒ,ugɛʒ,ugɔʒ,ugɛʒ
u.gɔθ,u.gɛθ,ugɔθ,ugɛθ,ugɔθ,ugɛθ
u.gɔð,u.gɛð,ugɔð,ugɛð,ugɔð,ugɛð
u.fɔm,u.fɛm,ufɔm,ufɛm,ufɔm,ufɛm
u.fɔn,u.fɛn,ufɔn,ufɛn,ufɔn,ufɛn
u.fɔŋ,u.fɛŋ,ufɔŋ,ufɛŋ,ufɔŋ,ufɛŋ
u.fɔp,u.fɛp,ufɔp,ufɛp,ufɔp,ufɛp
u.fɔt,u.fɛt,ufɔt,ufɛt,ufɔt,ufɛt
u.fɔk,u.fɛk,ufɔk,ufɛk,ufɔk,ufɛk
u.fɔb,u.fɛb,ufɔb,ufɛb,ufɔb,ufɛb
u.fɔd,u.fɛd,ufɔd,ufɛd,ufɔd,ufɛd
u.fɔg,u.fɛg,ufɔg,ufɛg,ufɔg,ufɛg
u.fɔf,u.fɛf,ufɔf,ufɛf,ufɔf,ufɛf
u.fɔs,u.fɛs,ufɔs,ufɛs,ufɔs,ufɛs
u.fɔv,u.fɛv,ufɔv,ufɛv,ufɔv,ufɛv
u.fɔz,u.fɛz,ufɔz,ufɛz,ufɔz,ufɛz
u.fɔʃ,u.fɛʃ,ufɔʃ,ufɛʃ,ufɔʃ,ufɛʃ
u.fɔʒ,u.fɛʒ,ufɔʒ,ufɛʒ,ufɔʒ,ufɛʒ
u.fɔθ,u.fɛθ,ufɔθ,ufɛθ,ufɔθ,ufɛθ
u.fɔð,u.fɛð,ufɔð,ufɛð,ufɔð,ufɛð
u.sɔm,u.sɛm,usɔm,usɛm,usɔm,usɛm
u.sɔn,u.sɛn,usɔn,usɛn,usɔn,usɛn
u.sɔŋ,u.sɛŋ,usɔŋ,usɛŋ,usɔŋ,usɛŋ
u.sɔp,u.sɛp,usɔp,usɛp,usɔp,usɛp
u.sɔt,u.sɛt,usɔt,usɛt,usɔt,usɛt
u.sɔk,u.sɛk,usɔk,usɛk,usɔk,usɛk
u.sɔb,u.sɛb,usɔb,usɛb,usɔb,usɛb
u.sɔd,u.sɛd,usɔd,usɛd,usɔd,usɛd
u.sɔg,u.sɛg,usɔg,usɛg,usɔg,usɛg
u.sɔf,u.sɛf,usɔf,usɛf,usɔf,usɛf
u.sɔs,u.sɛs,usɔs,usɛs,usɔs,usɛs
u.sɔv,u.sɛv,usɔv,usɛv,usɔv,usɛv
u.sɔz,u.sɛz,usɔz,usɛz,usɔz,usɛz
u.sɔʃ,u.sɛʃ,usɔʃ,usɛʃ,usɔʃ,usɛʃ
u.sɔʒ,u.sɛʒ,usɔʒ,usɛʒ,usɔʒ,usɛʒ
u.sɔθ,u.sɛθ,usɔθ,usɛθ,usɔθ,usɛθ
u.sɔð,u.sɛð,usɔð,usɛð,usɔð,usɛð
u.vɔm,u.vɛm,uvɔm,uvɛm,uvɔm,uvɛm
u.vɔn,u.vɛn,uvɔn,uvɛn,uvɔn,uvɛn
u.vɔŋ,u.vɛŋ,uvɔŋ,uvɛŋ,uvɔŋ,uvɛŋ
u.vɔp,u.vɛp,uvɔp,uvɛp,uvɔp,uvɛp
u.vɔt,u.vɛt,uvɔt,uvɛt,uvɔt,uvɛt
u.vɔk,u.vɛk,uvɔk,uvɛk,uvɔk,uvɛk
u.vɔb,u.vɛb,uvɔb,uvɛb,uvɔb,uvɛb
u.vɔd,u.vɛd,uvɔd,uvɛd,uvɔd,uvɛd
u.vɔg,u.vɛg,uvɔg,uvɛg,uvɔg,uvɛg
u.vɔf,u.vɛf,uvɔf,uvɛf,uvɔf,uvɛf
u.vɔs,u.vɛs,uvɔs,uvɛs,uvɔs,uvɛs
u.vɔv,u.vɛv,uvɔv,uvɛv,uvɔv,uvɛv
u.vɔz,u.vɛz,uvɔz,uvɛz,uvɔz,uvɛz
u.vɔʃ,u.vɛʃ,uvɔʃ,uvɛʃ,uvɔʃ,uvɛʃ
u.vɔʒ,u.vɛʒ,uvɔʒ,uvɛʒ,uvɔʒ,uvɛʒ
u.vɔθ,u.vɛθ,uvɔθ,uvɛθ,uvɔθ,uvɛθ
u.vɔð,u.vɛð,uvɔð,uvɛð,uvɔð,uvɛð
u.zɔm,u.zɛm,uzɔm,uzɛm,uzɔm,uzɛm
u.zɔn,u.zɛn,uzɔn,uzɛn,uzɔn,uzɛn
u.zɔŋ,u.zɛŋ,uzɔŋ,uzɛŋ,uzɔŋ,uzɛŋ
u.zɔp,u.zɛp,uzɔp,uzɛp,uzɔp,uzɛp
u.zɔt,u.zɛt,uzɔt,uzɛt,uzɔt,uzɛt
u.zɔk,u.zɛk,uzɔk,uzɛk,uzɔk,uzɛk
u.zɔb,u.zɛb,uzɔb,uzɛb,uzɔb,uzɛb
u.zɔd,u.zɛd,uzɔd,uzɛd,uzɔd,uzɛd
u.zɔg,u.zɛg,uzɔg,uzɛg,uzɔg,uzɛg
u.zɔf,u.zɛf,uzɔf,uzɛf,uzɔf,uzɛf
u.zɔs,u.zɛs,uzɔs,uzɛs,uzɔs,uzɛs
u.zɔv,u.zɛv,uzɔv,uzɛv,uzɔv,uzɛv
u.zɔz,u.zɛz,uzɔz,uzɛz,uzɔz,uzɛz
u.zɔʃ,u.zɛʃ,uzɔʃ,uzɛʃ,uzɔʃ,uzɛʃ
u.zɔʒ,u.zɛʒ,uzɔʒ,uzɛʒ,uzɔʒ,uzɛʒ
u.zɔθ,u.zɛθ,uzɔθ,uzɛθ,uzɔθ,uzɛθ
u.zɔð,u.zɛð,uzɔð,uzɛð,uzɔð,uzɛð
u.ʃɔm,u.ʃɛm,uʃɔm,uʃɛm,uʃɔm,uʃɛm
u.ʃɔn,u.ʃɛn,uʃɔn,uʃɛn,uʃɔn,uʃɛn
u.ʃɔŋ,u.ʃɛŋ,uʃɔŋ,uʃɛŋ,uʃɔŋ,uʃɛŋ
u.ʃɔp,u.ʃɛp,uʃɔp,uʃɛp,uʃɔp,uʃɛp
u.ʃɔt,u.ʃɛt,uʃɔt,uʃɛt,uʃɔt,uʃɛt
u.ʃɔk,u.ʃɛk,uʃɔk,uʃɛk,uʃɔk,uʃɛk
u.ʃɔb,u.ʃɛb,uʃɔb,uʃɛb,uʃɔb,uʃɛb
u.ʃɔd,u.ʃɛd,uʃɔd,uʃɛd,uʃɔd,uʃɛd
u.ʃɔg,u.ʃɛg,uʃɔg,uʃɛg,uʃɔg,uʃɛg
u.ʃɔf,u.ʃɛf,uʃɔf,uʃɛf,uʃɔf,uʃɛf
u.ʃɔs,u.ʃɛs,uʃɔs,uʃɛs,uʃɔs,uʃɛs
u.ʃɔv,u.ʃɛv,uʃɔv,uʃɛv,uʃɔv,uʃɛv
u.ʃɔz,u.ʃɛz,uʃɔz,uʃɛz,uʃɔz,uʃɛz
u.ʃɔʃ,u.ʃɛʃ,uʃɔʃ,uʃɛʃ,uʃɔʃ,uʃɛʃ
u.ʃɔʒ,u.ʃɛʒ,uʃɔʒ,uʃɛʒ,uʃɔʒ,uʃɛʒ
u.ʃɔθ,u.ʃɛθ,uʃɔθ,uʃɛθ,uʃɔθ,uʃɛθ
u.ʃɔð,u.ʃɛð,uʃɔð,uʃɛð,uʃɔð,uʃɛð
u.ʒɔm,u.ʒɛm,uʒɔm,uʒɛm,uʒɔm,uʒɛm
u.ʒɔn,u.ʒɛn,uʒɔn,uʒɛn,uʒɔn,uʒɛn
u.ʒɔŋ,u.ʒɛŋ,uʒɔŋ,uʒɛŋ,uʒɔŋ,uʒɛŋ
u.ʒɔp,u.ʒɛp,uʒɔp,uʒɛp,uʒɔp,uʒɛp
u.ʒɔt,u.ʒɛt,uʒɔt,uʒɛt,uʒɔt,uʒɛt
u.ʒɔk,u.ʒɛk,uʒɔk,uʒɛk,uʒɔk,uʒɛk
u.ʒɔb,u.ʒɛb,uʒɔb,uʒɛb,uʒɔb,uʒɛb
u.ʒɔd,u.ʒɛd,uʒɔd,uʒɛd,uʒɔd,uʒɛd
u.ʒɔg,u.ʒɛg,uʒɔg,uʒɛg,uʒɔg,uʒɛg
u.ʒɔf,u.ʒɛf,uʒɔf,uʒɛf,uʒɔf,uʒɛf
u.ʒɔs,u.ʒɛs,uʒɔs,uʒɛs,uʒɔs,uʒɛs
u.ʒɔv,u.ʒɛv,uʒɔv,uʒɛv,uʒɔv,uʒɛv
u.ʒɔz,u.ʒɛz,uʒɔz,uʒɛz,uʒɔz,uʒɛz
u.ʒɔʃ,u.ʒɛʃ,uʒɔʃ,uʒɛʃ,uʒɔʃ,uʒɛʃ
u.ʒɔʒ,u.ʒɛʒ,uʒɔʒ,uʒɛʒ,uʒɔʒ,uʒɛʒ
u.ʒɔθ,u.ʒɛθ,uʒɔθ,uʒɛθ,uʒɔθ,uʒɛθ
u.ʒɔð,u.ʒɛð,uʒɔð,uʒɛð,uʒɔð,uʒɛð
u.θɔm,u.θɛm,uθɔm,uθɛm,uθɔm,uθɛm
u.θɔn,u.θɛn,uθɔn,uθɛn,uθɔn,uθɛn
u.θɔŋ,u.θɛŋ,uθɔŋ,uθɛŋ,uθɔŋ,uθɛŋ
u.θɔp,u.θɛp,uθɔp,uθɛp,uθɔp,uθɛp
u.θɔt,u.θɛt,uθɔt,uθɛt,uθɔt,uθɛt
u.θɔk,u.θɛk,uθɔk,uθɛk,uθɔk,uθɛk
u.θɔb,u.θɛb,uθɔb,uθɛb,uθɔb,uθɛb
u.θɔd,u.θɛd,uθɔd,uθɛd,uθɔd,uθɛd
u.θɔg,u.θɛg,uθɔg,uθɛg,uθɔg,uθɛg
u.θɔf,u.θɛf,uθɔf,uθɛf,uθɔf,uθɛf
u.θɔs,u.θɛs,uθɔs,uθɛs,uθɔs,uθɛs
u.θɔv,u.θɛv,uθɔv,uθɛv,uθɔv,uθɛv
u.θɔz,u.θɛz,uθɔz,uθɛz,uθɔz,uθɛz
u.θɔʃ,u.θɛʃ,uθɔʃ,uθɛʃ,uθɔʃ,uθɛʃ
u.θɔʒ,u.θɛʒ,uθɔʒ,uθɛʒ,uθɔʒ,uθɛʒ
u.θɔθ,u.θɛθ,uθɔθ,uθɛθ,uθɔθ,uθɛθ
u.θɔð,u.θɛð,uθɔð,uθɛð,uθɔð,uθɛð
u.ðɔm,u.ðɛm,uðɔm,uðɛm,uðɔm,uðɛm
u.ðɔn,u.ðɛn,uðɔn,uðɛn,uðɔn,uðɛn
u.ðɔŋ,u.ðɛŋ,uðɔŋ,uðɛŋ,uðɔŋ,uðɛŋ
u.ðɔp,u.ðɛp,uðɔp,uðɛp,uðɔp,uðɛp
u.ðɔt,u.ðɛt,uðɔt,uðɛt,uðɔt,uðɛt
u.ðɔk,u.ðɛk,uðɔk,uðɛk,uðɔk,uðɛk
u.ðɔb,u.ðɛb,uðɔb,uðɛb,uðɔb,uðɛb
u.ðɔd,u.ðɛd,uðɔd,uðɛd,uðɔd,uðɛd
u.ðɔg,u.ðɛg,uðɔg,uðɛg,uðɔg,uðɛg
u.ðɔf,u.ðɛf,uðɔf,uðɛf,uðɔf,uðɛf
u.ðɔs,u.ðɛs,uðɔs,uðɛs,uðɔs,uðɛs
u.ðɔv,u.ðɛv,uðɔv,uðɛv,uðɔv,uðɛv
u.ðɔz,u.ðɛz,uðɔz,uðɛz,uðɔz,uðɛz
u.ðɔʃ,u.ðɛʃ,uðɔʃ,uðɛʃ,uðɔʃ,uðɛʃ
u.ðɔʒ,u.ðɛʒ,uðɔʒ,uðɛʒ,uðɔʒ,uðɛʒ
u.ðɔθ,u.ðɛθ,uðɔθ,uðɛθ,uðɔθ,uðɛθ
u.ðɔð,u.ðɛð,uðɔð,uðɛð,uðɔð,uðɛð
u.hɔm,u.hɛm,uhɔm,uhɛm,uhɔm,uhɛm
u.hɔn,u.hɛn,uhɔn,uhɛn,uhɔn,uhɛn
u.hɔŋ,u.hɛŋ,uhɔŋ,uhɛŋ,uhɔŋ,uhɛŋ
u.hɔp,u.hɛp,uhɔp,uhɛp,uhɔp,uhɛp
u.hɔt,u.hɛt,uhɔt,uhɛt,uhɔt,uhɛt
u.hɔk,u.hɛk,uhɔk,uhɛk,uhɔk,uhɛk
u.hɔb,u.hɛb,uhɔb,uhɛb,uhɔb,uhɛb
u.hɔd,u.hɛd,uhɔd,uhɛd,uhɔd,uhɛd
u.hɔg,u.hɛg,uhɔg,uhɛg,uhɔg,uhɛg
u.hɔf,u.hɛf,uhɔf,uhɛf,uhɔf,uhɛf
u.hɔs,u.hɛs,uhɔs,uhɛs,uhɔs,uhɛs
u.hɔv,u.hɛv,uhɔv,uhɛv,uhɔv,uhɛv
u.hɔz,u.hɛz,uhɔz,uhɛz,uhɔz,uhɛz
u.hɔʃ,u.hɛʃ,uhɔʃ,uhɛʃ,uhɔʃ,uhɛʃ
u.hɔʒ,u.hɛʒ,uhɔʒ,uhɛʒ,uhɔʒ,uhɛʒ
u.hɔθ,u.hɛθ,uhɔθ,uhɛθ,uhɔθ,uhɛθ
u.hɔð,u.hɛð,uhɔð,uhɛð,uhɔð,uhɛð
o.mɪm,o.mʊm,omɪm,omʊm,oʊmɪm,oʊmʊm
o.mɪn,o.mʊn,omɪn,omʊn,oʊmɪn,oʊmʊn
o.mɪŋ,o.mʊŋ,omɪŋ,omʊŋ,oʊmɪŋ,oʊmʊŋ
o.mɪp,o.mʊp,omɪp,omʊp,oʊmɪp,oʊmʊp
o.mɪt,o.mʊt,omɪt,omʊt,oʊmɪt,oʊmʊt
o.mɪk,o.mʊk,omɪk,omʊk,oʊmɪk,oʊmʊk
o.mɪb,o.mʊb,omɪb,omʊb,oʊmɪb,oʊmʊb
o.mɪd,o.mʊd,omɪd,omʊd,oʊmɪd,oʊmʊd
o.mɪg,o.mʊg,omɪg,omʊg,oʊmɪg,oʊmʊg
o.mɪf,o.mʊf,omɪf,omʊf,oʊmɪf,oʊmʊf
o.mɪs,o.mʊs,omɪs,omʊs,oʊmɪs,oʊmʊs
o.mɪv,o.mʊv,omɪv,omʊv,oʊmɪv,oʊmʊv
o.mɪz,o.mʊz,omɪz,omʊz,oʊmɪz,oʊmʊz
o.mɪʃ,o.mʊʃ,omɪʃ,omʊʃ,oʊmɪʃ,oʊmʊʃ
o.mɪʒ,o.mʊʒ,omɪʒ,omʊʒ,oʊmɪʒ,oʊmʊʒ
o.mɪθ,o.mʊθ,omɪθ,omʊθ,oʊmɪθ,oʊmʊθ
o.mɪð,o.mʊð,omɪð,omʊð,oʊmɪð,oʊmʊð
o.nɪm,o.nʊm,onɪm,onʊm,oʊnɪm,oʊnʊm
o.nɪn,o.nʊn,onɪn,onʊn,oʊnɪn,oʊnʊn
o.nɪŋ,o.nʊŋ,onɪŋ,onʊŋ,oʊnɪŋ,oʊnʊŋ
o.nɪp,o.nʊp,onɪp,onʊp,oʊnɪp,oʊnʊp
o.nɪt,o.nʊt,onɪt,onʊt,oʊnɪt,oʊnʊt
o.nɪk,o.nʊk,onɪk,onʊk,oʊnɪk,oʊnʊk
o.nɪb,o.nʊb,onɪb,onʊb,oʊnɪb,oʊnʊb
o.nɪd,o.nʊd,onɪd,onʊd,oʊnɪd,oʊnʊd
o.nɪg,o.nʊg,onɪg,onʊg,oʊnɪg,oʊnʊg
o.nɪf,o.nʊf,onɪf,onʊf,oʊnɪf,oʊnʊf
o.nɪs,o.nʊs,onɪs,onʊs,oʊnɪs,oʊnʊs
o.nɪv,o.nʊv,onɪv,onʊv,oʊnɪv,oʊnʊv
o.nɪz,o.nʊz,onɪz,onʊz,oʊnɪz,oʊnʊz
o.nɪʃ,o.nʊʃ,onɪʃ,onʊʃ,oʊnɪʃ,oʊnʊʃ
o.nɪʒ,o.nʊʒ,onɪʒ,onʊʒ,oʊnɪʒ,oʊnʊʒ
o.nɪθ,o.nʊθ,onɪθ,onʊθ,oʊnɪθ,oʊnʊθ
o.nɪð,o.nʊð,onɪð,onʊð,oʊnɪð,oʊnʊð
o.pɪm,o.pʊm,opɪm,opʊm,oʊpɪm,oʊpʊm
o.pɪn,o.pʊn,opɪn,opʊn,oʊpɪn,oʊpʊn
o.pɪŋ,o.pʊŋ,opɪŋ,opʊŋ,oʊpɪŋ,oʊpʊŋ
o.pɪp,o.pʊp,opɪp,opʊp,oʊpɪp,oʊpʊp
o.pɪt,o.pʊt,opɪt,opʊt,oʊpɪt,oʊpʊt
o.pɪk,o.pʊk,opɪk,opʊk,oʊpɪk,oʊpʊk
o.pɪb,o.pʊb,opɪb,opʊb,oʊpɪb,oʊpʊb
o.pɪd,o.pʊd,opɪd,opʊd,oʊpɪd,oʊpʊd
o.pɪg,o.pʊg,opɪg,opʊg,oʊpɪg,oʊpʊg
o.pɪf,o.pʊf,opɪf,opʊf,oʊpɪf,oʊpʊf
o.pɪs,o.pʊs,opɪs,opʊs,oʊpɪs,oʊpʊs
o.pɪv,o.pʊv,opɪv,opʊv,oʊpɪv,oʊpʊv
o.pɪz,o.pʊz,opɪz,opʊz,oʊpɪz,oʊpʊz
o.pɪʃ,o.pʊʃ,opɪʃ,opʊʃ,oʊpɪʃ,oʊpʊʃ
o.pɪʒ,o.pʊʒ,opɪʒ,opʊʒ,oʊpɪʒ,oʊpʊʒ
o.pɪθ,o.pʊθ,opɪθ,opʊθ,oʊpɪθ,oʊpʊθ
o.pɪð,o.pʊð,opɪð,opʊð,oʊpɪð,oʊpʊð
o.tɪm,o.tʊm,otɪm,otʊm,oʊtɪm,oʊtʊm
o.tɪn,o.tʊn,otɪn,otʊn,oʊtɪn,oʊtʊn
o.tɪŋ,o.tʊŋ,otɪŋ,otʊŋ,oʊtɪŋ,oʊtʊŋ
o.tɪp,o.tʊp,otɪp,otʊp,oʊtɪp,oʊtʊp
o.tɪt,o.tʊt,otɪt,otʊt,oʊtɪt,oʊtʊt
o.tɪk,o.tʊk,otɪk,otʊk,oʊtɪk,oʊtʊk
o.tɪb,o.tʊb,otɪb,otʊb,oʊtɪb,oʊtʊb
o.tɪd,o.tʊd,otɪd,otʊd,oʊtɪd,oʊtʊd
o.tɪg,o.tʊg,otɪg,otʊg,oʊtɪg,oʊtʊg
o.tɪf,o.tʊf,otɪf,otʊf,oʊtɪf,oʊtʊf
o.tɪs,o.tʊs,otɪs,otʊs,oʊtɪs,oʊtʊs
o.tɪv,o.tʊv,otɪv,otʊv,oʊtɪv,oʊtʊv
o.tɪz,o.tʊz,otɪz,otʊz,oʊtɪz,oʊtʊz
o.tɪʃ,o.tʊʃ,otɪʃ,otʊʃ,oʊtɪʃ,oʊtʊʃ
o.tɪʒ,o.tʊʒ,otɪʒ,otʊʒ,oʊtɪʒ,oʊtʊʒ
o.tɪθ,o.tʊθ,otɪθ,otʊθ,oʊtɪθ,oʊtʊθ
o.tɪð,o.tʊð,otɪð,otʊð,oʊtɪð,oʊtʊð
o.kɪm,o.kʊm,okɪm,okʊm,oʊkɪm,oʊkʊm
o.kɪn,o.kʊn,okɪn,okʊn,oʊkɪn,oʊkʊn
o.kɪŋ,o.kʊŋ,okɪŋ,okʊŋ,oʊkɪŋ,oʊkʊŋ
o.kɪp,o.kʊp,okɪp,okʊp,oʊkɪp,oʊkʊp
o.kɪt,o.kʊt,okɪt,okʊt,oʊkɪt,oʊkʊt
o.kɪk,o.kʊk,okɪk,okʊk,oʊkɪk,oʊkʊk
o.kɪb,o.kʊb,okɪb,okʊb,oʊkɪb,oʊkʊb
o.kɪd,o.kʊd,okɪd,okʊd,oʊkɪd,oʊkʊd
o.kɪg,o.kʊg,okɪg,okʊg,oʊkɪg,oʊkʊg
o.kɪf,o.kʊf,okɪf,okʊf,oʊkɪf,oʊkʊf
o.kɪs,o.kʊs,okɪs,okʊs,oʊkɪs,oʊkʊs
o.kɪv,o.kʊv,okɪv,okʊv,oʊkɪv,oʊkʊv
o.kɪz,o.kʊz,okɪz,okʊz,oʊkɪz,oʊkʊz
o.kɪʃ,o.kʊʃ,okɪʃ,okʊʃ,oʊkɪʃ,oʊkʊʃ
o.kɪʒ,o.kʊʒ,okɪʒ,okʊʒ,oʊkɪʒ,oʊkʊʒ
o.kɪθ,o.kʊθ,okɪθ,okʊθ,oʊkɪθ,oʊkʊθ
o.kɪð,o.kʊð,okɪð,okʊð,oʊkɪð,oʊkʊð
o.bɪm,o.bʊm,obɪm,obʊm,oʊbɪm,oʊbʊm
o.bɪn,o.bʊn,obɪn,obʊn,oʊbɪn,oʊbʊn
o.bɪŋ,o.bʊŋ,obɪŋ,obʊŋ,oʊbɪŋ,oʊbʊŋ
o.bɪp,o.bʊp,obɪp,obʊp,oʊbɪp,oʊbʊp
o.bɪt,o.bʊt,obɪt,obʊt,oʊbɪt,oʊbʊt
o.bɪk,o.bʊk,obɪk,obʊk,oʊbɪk,oʊbʊk
o.bɪb,o.bʊb,obɪb,obʊb,oʊbɪb,oʊbʊb
o.bɪd,o.bʊd,obɪd,obʊd,oʊbɪd,oʊbʊd
o.bɪg,o.bʊg,obɪg,obʊg,oʊbɪg,oʊbʊg
o.bɪf,o.bʊf,obɪf,obʊf,oʊbɪf,oʊbʊf
o.bɪs,o.bʊs,obɪs,obʊs,oʊbɪs,oʊbʊs
o.bɪv,o.bʊv,obɪv,obʊv,oʊbɪv,oʊbʊv
o.bɪz,o.bʊz,obɪz,obʊz,oʊbɪz,oʊbʊz
o.bɪʃ,o.bʊʃ,obɪʃ,obʊʃ,oʊbɪʃ,oʊbʊʃ
o.bɪʒ,o.bʊʒ,obɪʒ,obʊʒ,oʊbɪʒ,oʊbʊʒ
o.bɪθ,o.bʊθ,obɪθ,obʊθ,oʊbɪθ,oʊbʊθ
o.bɪð,o.bʊð,obɪð,obʊð,oʊbɪð,oʊbʊð
o.dɪm,o.dʊm,odɪm,odʊm,oʊdɪm,oʊdʊm
o.dɪn,o.dʊn,odɪn,odʊn,oʊdɪn,oʊdʊn
o.dɪŋ,o.dʊŋ,odɪŋ,odʊŋ,oʊdɪŋ,oʊdʊŋ
o.dɪp,o.dʊp,odɪp,odʊp,oʊdɪp,oʊdʊp
o.dɪt,o.dʊt,odɪt,odʊt,oʊdɪt,oʊdʊt
o.dɪk,o.dʊk,odɪk,odʊk,oʊdɪk,oʊdʊk
o.dɪb,o.dʊb,odɪb,odʊb,oʊdɪb,oʊdʊb
o.dɪd,o.dʊd,odɪd,odʊd,oʊdɪd,oʊdʊd
o.dɪg,o.dʊg,odɪg,odʊg,oʊdɪg,oʊdʊg
o.dɪf,o.dʊf,odɪf,odʊf,oʊdɪf,oʊdʊf
o.dɪs,o.dʊs,odɪs,odʊs,oʊdɪs,oʊdʊs
o.dɪv,o.dʊv,odɪv,odʊv,oʊdɪv,oʊdʊv
o.dɪz,o.dʊz,odɪz,odʊz,oʊdɪz,oʊdʊz
o.dɪʃ,o.dʊʃ,odɪʃ,odʊʃ,oʊdɪʃ,oʊdʊʃ
o.dɪʒ,o.dʊʒ,odɪʒ,odʊʒ,oʊdɪʒ,oʊdʊʒ
o.dɪθ,o.dʊθ,odɪθ,odʊθ,oʊdɪθ,oʊdʊθ
o.dɪð,o.dʊð,odɪð,odʊð,oʊdɪð,oʊdʊð
o.gɪm,o.gʊm,ogɪm,ogʊm,oʊgɪm,oʊgʊm
o.gɪn,o.gʊn,ogɪn,ogʊn,oʊgɪn,oʊgʊn
o.gɪŋ,o.gʊŋ,ogɪŋ,ogʊŋ,oʊgɪŋ,oʊgʊŋ
o.gɪp,o.gʊp,ogɪp,ogʊp,oʊgɪp,oʊgʊp
o.gɪt,o.gʊt,ogɪt,ogʊt,oʊgɪt,oʊgʊt
o.gɪk,o.gʊk,ogɪk,ogʊk,oʊgɪk,oʊgʊk
o.gɪb,o.gʊb,ogɪb,ogʊb,oʊgɪb,oʊgʊb
o.gɪd,o.gʊd,ogɪd,ogʊd,oʊgɪd,oʊgʊd
o.gɪg,o.gʊg,ogɪg,ogʊg,oʊgɪg,oʊgʊg
o.gɪf,o.gʊf,ogɪf,ogʊf,oʊgɪf,oʊgʊf
o.gɪs,o.gʊs,ogɪs,ogʊs,oʊgɪs,oʊgʊs
o.gɪv,o.gʊv,ogɪv,ogʊv,oʊgɪv,oʊgʊv
o.gɪz,o.gʊz,ogɪz,ogʊz,oʊgɪz,oʊgʊz
o.gɪʃ,o.gʊʃ,ogɪʃ,ogʊʃ,oʊgɪʃ,oʊgʊʃ
o.gɪʒ,o.gʊʒ,ogɪʒ,ogʊʒ,oʊgɪʒ,oʊgʊʒ
o.gɪθ,o.gʊθ,ogɪθ,ogʊθ,oʊgɪθ,oʊgʊθ
o.gɪð,o.gʊð,ogɪð,ogʊð,oʊgɪð,oʊgʊð
o.fɪm,o.fʊm,ofɪm,ofʊm,oʊfɪm,oʊfʊm
o.fɪn,o.fʊn,ofɪn,ofʊn,oʊfɪn,oʊfʊn
o.fɪŋ,o.fʊŋ,ofɪŋ,ofʊŋ,oʊfɪŋ,oʊfʊŋ
o.fɪp,o.fʊp,ofɪp,ofʊp,oʊfɪp,oʊfʊp
o.fɪt,o.fʊt,ofɪt,ofʊt,oʊfɪt,oʊfʊt
o.fɪk,o.fʊk,ofɪk,ofʊk,oʊfɪk,oʊfʊk
o.fɪb,o.fʊb,ofɪb,ofʊb,oʊfɪb,oʊfʊb
o.fɪd,o.fʊd,ofɪd,ofʊd,oʊfɪd,oʊfʊd
o.fɪg,o.fʊg,ofɪg,ofʊg,oʊfɪg,oʊfʊg
o.fɪf,o.fʊf,ofɪf,ofʊf,oʊfɪf,oʊfʊf
o.fɪs,o.fʊs,ofɪs,ofʊs,oʊfɪs,oʊfʊs
o.fɪv,o.fʊv,ofɪv,ofʊv,oʊfɪv,oʊfʊv
o.fɪz,o.fʊz,ofɪz,ofʊz,oʊfɪz,oʊfʊz
o.fɪʃ,o.fʊʃ,ofɪʃ,ofʊʃ,oʊfɪʃ,oʊfʊʃ
o.fɪʒ,o.fʊʒ,ofɪʒ,ofʊʒ,oʊfɪʒ,oʊfʊʒ
o.fɪθ,o.fʊθ,ofɪθ,ofʊθ,oʊfɪθ,oʊfʊθ
o.fɪð,o.fʊð,ofɪð,ofʊð,oʊfɪð,oʊfʊð
o.sɪm,o.sʊm,osɪm,osʊm,oʊsɪm,oʊsʊm
o.sɪn,o.sʊn,osɪn,osʊn,oʊsɪn,oʊsʊn
o.sɪŋ,o.sʊŋ,osɪŋ,osʊŋ,oʊsɪŋ,oʊsʊŋ
o.sɪp,o.sʊp,osɪp,osʊp,oʊsɪp,oʊsʊp
o.sɪt,o.sʊt,osɪt,osʊt,oʊsɪt,oʊsʊt
o.sɪk,o.sʊk,osɪk,osʊk,oʊsɪk,oʊsʊk
o.sɪb,o.sʊb,osɪb,osʊb,oʊsɪb,oʊsʊb
o.sɪd,o.sʊd,osɪd,osʊd,oʊsɪd,oʊsʊd
o.sɪg,o.sʊg,osɪg,osʊg,oʊsɪg,oʊsʊg
o.sɪf,o.sʊf,osɪf,osʊf,oʊsɪf,oʊsʊf
o.sɪs,o.sʊs,osɪs,osʊs,oʊsɪs,oʊsʊs
o.sɪv,o.sʊv,osɪv,osʊv,oʊsɪv,oʊsʊv
o.sɪz,o.sʊz,osɪz,osʊz,oʊsɪz,oʊsʊz
o.sɪʃ,o.sʊʃ,osɪʃ,osʊʃ,oʊsɪʃ,oʊsʊʃ
o.sɪʒ,o.sʊʒ,osɪʒ,osʊʒ,oʊsɪʒ,oʊsʊʒ
o.sɪθ,o.sʊθ,osɪθ,osʊθ,oʊsɪθ,oʊsʊθ
o.sɪð,o.sʊð,osɪð,osʊð,oʊsɪð,oʊsʊð
o.vɪm,o.vʊm,ovɪm,ovʊm,oʊvɪm,oʊvʊm
o.vɪn,o.vʊn,ovɪn,ovʊn,oʊvɪn,oʊvʊn
o.vɪŋ,o.vʊŋ,ovɪŋ,ovʊŋ,oʊvɪŋ,oʊvʊŋ
o.vɪp,o.vʊp,ovɪp,ovʊp,oʊvɪp,oʊvʊp
o.vɪt,o.vʊt,ovɪt,ovʊt,oʊvɪt,oʊvʊt
o.vɪk,o.vʊk,ovɪk,ovʊk,oʊvɪk,oʊvʊk
o.vɪb,o.vʊb,ovɪb,ovʊb,oʊvɪb,oʊvʊb
o.vɪd,o.vʊd,ovɪd,ovʊd,oʊvɪd,oʊvʊd
o.vɪg,o.vʊg,ovɪg,ovʊg,oʊvɪg,oʊvʊg
o.vɪf,o.vʊf,ovɪf,ovʊf,oʊvɪf,oʊvʊf
o.vɪs,o.vʊs,ovɪs,ovʊs,oʊvɪs,oʊvʊs
o.vɪv,o.vʊv,ovɪv,ovʊv,oʊvɪv,oʊvʊv
o.vɪz,o.vʊz,ovɪz,ovʊz,oʊvɪz,oʊvʊz
o.vɪʃ,o.vʊʃ,ovɪʃ,ovʊʃ,oʊvɪʃ,oʊvʊʃ
o.vɪʒ,o.vʊʒ,ovɪʒ,ovʊʒ,oʊvɪʒ,oʊvʊʒ
o.vɪθ,o.vʊθ,ovɪθ,ovʊθ,oʊvɪθ,oʊvʊθ
o.vɪð,o.vʊð,ovɪð,ovʊð,oʊvɪð,oʊvʊð
o.zɪm,o.zʊm,ozɪm,ozʊm,oʊzɪm,oʊzʊm
o.zɪn,o.zʊn,ozɪn,ozʊn,oʊzɪn,oʊzʊn
o.zɪŋ,o.zʊŋ,ozɪŋ,ozʊŋ,oʊzɪŋ,oʊzʊŋ
o.zɪp,o.zʊp,ozɪp,ozʊp,oʊzɪp,oʊzʊp
o.zɪt,o.zʊt,ozɪt,ozʊt,oʊzɪt,oʊzʊt
o.zɪk,o.zʊk,ozɪk,ozʊk,oʊzɪk,oʊzʊk
o.zɪb,o.zʊb,ozɪb,ozʊb,oʊzɪb,oʊzʊb
o.zɪd,o.zʊd,ozɪd,ozʊd,oʊzɪd,oʊzʊd
o.zɪg,o.zʊg,ozɪg,ozʊg,oʊzɪg,oʊzʊg
o.zɪf,o.zʊf,ozɪf,ozʊf,oʊzɪf,oʊzʊf
o.zɪs,o.zʊs,ozɪs,ozʊs,oʊzɪs,oʊzʊs
o.zɪv,o.zʊv,ozɪv,ozʊv,oʊzɪv,oʊzʊv
o.zɪz,o.zʊz,ozɪz,ozʊz,oʊzɪz,oʊzʊz
o.zɪʃ,o.zʊʃ,ozɪʃ,ozʊʃ,oʊzɪʃ,oʊzʊʃ
o.zɪʒ,o.zʊʒ,ozɪʒ,ozʊʒ,oʊzɪʒ,oʊzʊʒ
o.zɪθ,o.zʊθ,ozɪθ,ozʊθ,oʊzɪθ,oʊzʊθ
o.zɪð,o.zʊð,ozɪð,ozʊð,oʊzɪð,oʊzʊð
o.ʃɪm,o.ʃʊm,oʃɪm,oʃʊm,oʊʃɪm,oʊʃʊm
o.ʃɪn,o.ʃʊn,oʃɪn,oʃʊn,oʊʃɪn,oʊʃʊn
o.ʃɪŋ,o.ʃʊŋ,oʃɪŋ,oʃʊŋ,oʊʃɪŋ,oʊʃʊŋ
o.ʃɪp,o.ʃʊp,oʃɪp,oʃʊp,oʊʃɪp,oʊʃʊp
o.ʃɪt,o.ʃʊt,oʃɪt,oʃʊt,oʊʃɪt,oʊʃʊt
o.ʃɪk,o.ʃʊk,oʃɪk,oʃʊk,oʊʃɪk,oʊʃʊk
o.ʃɪb,o.ʃʊb,oʃɪb,oʃʊb,oʊʃɪb,oʊʃʊb
o.ʃɪd,o.ʃʊd,oʃɪd,oʃʊd,oʊʃɪd,oʊʃʊd
o.ʃɪg,o.ʃʊg,oʃɪg,oʃʊg,oʊʃɪg,oʊʃʊg
o.ʃɪf,o.ʃʊf,oʃɪf,oʃʊf,oʊʃɪf,oʊʃʊf
o.ʃɪs,o.ʃʊs,oʃɪs,oʃʊs,oʊʃɪs,oʊʃʊs
o.ʃɪv,o.ʃʊv,oʃɪv,oʃʊv,oʊʃɪv,oʊʃʊv
o.ʃɪz,o.ʃʊz,oʃɪz,oʃʊz,oʊʃɪz,oʊʃʊz
o.ʃɪʃ,o.ʃʊʃ,oʃɪʃ,oʃʊʃ,oʊʃɪʃ,oʊʃʊʃ
o.ʃɪʒ,o.ʃʊʒ,oʃɪʒ,oʃʊʒ,oʊʃɪʒ,oʊʃʊʒ
o.ʃɪθ,o.ʃʊθ,oʃɪθ,oʃʊθ,oʊʃɪθ,oʊʃʊθ
o.ʃɪð,o.ʃʊð,oʃɪð,oʃʊð,oʊʃɪð,oʊʃʊð
o.ʒɪm,o.ʒʊm,oʒɪm,oʒʊm,oʊʒɪm,oʊʒʊm
o.ʒɪn,o.ʒʊn,oʒɪn,oʒʊn,oʊʒɪn,oʊʒʊn
o.ʒɪŋ,o.ʒʊŋ,oʒɪŋ,oʒʊŋ,oʊʒɪŋ,oʊʒʊŋ
o.ʒɪp,o.ʒʊp,oʒɪp,oʒʊp,oʊʒɪp,oʊʒʊp
o.ʒɪt,o.ʒʊt,oʒɪt,oʒʊt,oʊʒɪt,oʊʒʊt
o.ʒɪk,o.ʒʊk,oʒɪk,oʒʊk,oʊʒɪk,oʊʒʊk
o.ʒɪb,o.ʒʊb,oʒɪb,oʒʊb,oʊʒɪb,oʊʒʊb
o.ʒɪd,o.ʒʊd,oʒɪd,oʒʊd,oʊʒɪd,oʊʒʊd
o.ʒɪg,o.ʒʊg,oʒɪg,oʒʊg,oʊʒɪg,oʊʒʊg
o.ʒɪf,o.ʒʊf,oʒɪf,oʒʊf,oʊʒɪf,oʊʒʊf
o.ʒɪs,o.ʒʊs,oʒɪs,oʒʊs,oʊʒɪs,oʊʒʊs
o.ʒɪv,o.ʒʊv,oʒɪv,oʒʊv,oʊʒɪv,oʊʒʊv
o.ʒɪz,o.ʒʊz,oʒɪz,oʒʊz,oʊʒɪz,oʊʒʊz
o.ʒɪʃ,o.ʒʊʃ,oʒɪʃ,oʒʊʃ,oʊʒɪʃ,oʊʒʊʃ
o.ʒɪʒ,o.ʒʊʒ,oʒɪʒ,oʒʊʒ,oʊʒɪʒ,oʊʒʊʒ
o.ʒɪθ,o.ʒʊθ,oʒɪθ,oʒʊθ,oʊʒɪθ,oʊʒʊθ
o.ʒɪð,o.ʒʊð,oʒɪð,oʒʊð,oʊʒɪð,oʊʒʊð
o.θɪm,o.θʊm,oθɪm,oθʊm,oʊθɪm,oʊθʊm
o.θɪn,o.θʊn,oθɪn,oθʊn,oʊθɪn,oʊθʊn
o.θɪŋ,o.θʊŋ,oθɪŋ,oθʊŋ,oʊθɪŋ,oʊθʊŋ
o.θɪp,o.θʊp,oθɪp,oθʊp,oʊθɪp,oʊθʊp
o.θɪt,o.θʊt,oθɪt,oθʊt,oʊθɪt,oʊθʊt
o.θɪk,o.θʊk,oθɪk,oθʊk,oʊθɪk,oʊθʊk
o.θɪb,o.θʊb,oθɪb,oθʊb,oʊθɪb,oʊθʊb
o.θɪd,o.θʊd,oθɪd,oθʊd,oʊθɪd,oʊθʊd
o.θɪg,o.θʊg,oθɪg,oθʊg,oʊθɪg,oʊθʊg
o.θɪf,o.θʊf,oθɪf,oθʊf,oʊθɪf,oʊθʊf
o.θɪs,o.θʊs,oθɪs,oθʊs,oʊθɪs,oʊθʊs
o.θɪv,o.θʊv,oθɪv,oθʊv,oʊθɪv,oʊθʊv
o.θɪz,o.θʊz,oθɪz,oθʊz,oʊθɪz,oʊθʊz
o.θɪʃ,o.θʊʃ,oθɪʃ,oθʊʃ,oʊθɪʃ,oʊθʊʃ
o.θɪʒ,o.θʊʒ,oθɪʒ,oθʊʒ,oʊθɪʒ,oʊθʊʒ
o.θɪθ,o.θʊθ,oθɪθ,oθʊθ,oʊθɪθ,oʊθʊθ
o.θɪð,o.θʊð,oθɪð,oθʊð,oʊθɪð,oʊθʊð
o.ðɪm,o.ðʊm,oðɪm,oðʊm,oʊðɪm,oʊðʊm
o.ðɪn,o.ðʊn,oðɪn,oðʊn,oʊðɪn,oʊðʊn
o.ðɪŋ,o.ðʊŋ,oðɪŋ,oðʊŋ,oʊðɪŋ,oʊðʊŋ
o.ðɪp,o.ðʊp,oðɪp,oðʊp,oʊðɪp,oʊðʊp
o.ðɪt,o.ðʊt,oðɪt,oðʊt,oʊðɪt,oʊðʊt
o.ðɪk,o.ðʊk,oðɪk,oðʊk,oʊðɪk,oʊðʊk
o.ðɪb,o.ðʊb,oðɪb,oðʊb,oʊðɪb,oʊðʊb
o.ðɪd,o.ðʊd,oðɪd,oðʊd,oʊðɪd,oʊðʊd
o.ðɪg,o.ðʊg,oðɪg,oðʊg,oʊðɪg,oʊðʊg
o.ðɪf,o.ðʊf,oðɪf,oðʊf,oʊðɪf,oʊðʊf
o.ðɪs,o.ðʊs,oðɪs,oðʊs,oʊðɪs,oʊðʊs
o.ðɪv,o.ðʊv,oðɪv,oðʊv,oʊðɪv,oʊðʊv
o.ðɪz,o.ðʊz,oðɪz,oðʊz,oʊðɪz,oʊðʊz
o.ðɪʃ,o.ðʊʃ,oðɪʃ,oðʊʃ,oʊðɪʃ,oʊðʊʃ
o.ðɪʒ,o.ðʊʒ,oðɪʒ,oðʊʒ,oʊðɪʒ,oʊðʊʒ
o.ðɪθ,o.ðʊθ,oðɪθ,oðʊθ,oʊðɪθ,oʊðʊθ
o.ðɪð,o.ðʊð,oðɪð,oðʊð,oʊðɪð,oʊðʊð
o.hɪm,o.hʊm,ohɪm,ohʊm,oʊhɪm,oʊhʊm
o.hɪn,o.hʊn,ohɪn,ohʊn,oʊhɪn,oʊhʊn
o.hɪŋ,o.hʊŋ,ohɪŋ,ohʊŋ,oʊhɪŋ,oʊhʊŋ
o.hɪp,o.hʊp,ohɪp,ohʊp,oʊhɪp,oʊhʊp
o.hɪt,o.hʊt,ohɪt,ohʊt,oʊhɪt,oʊhʊt
o.hɪk,o.hʊk,ohɪk,ohʊk,oʊhɪk,oʊhʊk
o.hɪb,o.hʊb,ohɪb,ohʊb,oʊhɪb,oʊhʊb
o.hɪd,o.hʊd,ohɪd,ohʊd,oʊhɪd,oʊhʊd
o.hɪg,o.hʊg,ohɪg,ohʊg,oʊhɪg,oʊhʊg
o.hɪf,o.hʊf,ohɪf,ohʊf,oʊhɪf,oʊhʊf
o.hɪs,o.hʊs,ohɪs,ohʊs,oʊhɪs,oʊhʊs
o.hɪv,o.hʊv,ohɪv,ohʊv,oʊhɪv,oʊhʊv
o.hɪz,o.hʊz,ohɪz,ohʊz,oʊhɪz,oʊhʊz
o.hɪʃ,o.hʊʃ,ohɪʃ,ohʊʃ,oʊhɪʃ,oʊhʊʃ
o.hɪʒ,o.hʊʒ,ohɪʒ,ohʊʒ,oʊhɪʒ,oʊhʊʒ
o.hɪθ,o.hʊθ,ohɪθ,ohʊθ,oʊhɪθ,oʊhʊθ
o.hɪð,o.hʊð,ohɪð,ohʊð,oʊhɪð,oʊhʊð
o.mɛm,o.mɔm,omɛm,omɔm,oʊmɛm,oʊmɔm
o.mɛn,o.mɔn,omɛn,omɔn,oʊmɛn,oʊmɔn
o.mɛŋ,o.mɔŋ,omɛŋ,omɔŋ,oʊmɛŋ,oʊmɔŋ
o.mɛp,o.mɔp,omɛp,omɔp,oʊmɛp,oʊmɔp
o.mɛt,o.mɔt,omɛt,omɔt,oʊmɛt,oʊmɔt
o.mɛk,o.mɔk,omɛk,omɔk,oʊmɛk,oʊmɔk
o.mɛb,o.mɔb,omɛb,omɔb,oʊmɛb,oʊmɔb
o.mɛd,o.mɔd,omɛd,omɔd,oʊmɛd,oʊmɔd
o.mɛg,o.mɔg,omɛg,omɔg,oʊmɛg,oʊmɔg
o.mɛf,o.mɔf,omɛf,omɔf,oʊmɛf,oʊmɔf
o.mɛs,o.mɔs,omɛs,omɔs,oʊmɛs,oʊmɔs
o.mɛv,o.mɔv,omɛv,omɔv,oʊmɛv,oʊmɔv
o.mɛz,o.mɔz,omɛz,omɔz,oʊmɛz,oʊmɔz
o.mɛʃ,o.mɔʃ,omɛʃ,omɔʃ,oʊmɛʃ,oʊmɔʃ
o.mɛʒ,o.mɔʒ,omɛʒ,omɔʒ,oʊmɛʒ,oʊmɔʒ
o.mɛθ,o.mɔθ,omɛθ,omɔθ,oʊmɛθ,oʊmɔθ
o.mɛð,o.mɔð,omɛð,omɔð,oʊmɛð,oʊmɔð
o.nɛm,o.nɔm,onɛm,onɔm,oʊnɛm,oʊnɔm
o.nɛn,o.nɔn,onɛn,onɔn,oʊnɛn,oʊnɔn
o.nɛŋ,o.nɔŋ,onɛŋ,onɔŋ,oʊnɛŋ,oʊnɔŋ
o.nɛp,o.nɔp,onɛp,onɔp,oʊnɛp,oʊnɔp
o.nɛt,o.nɔt,onɛt,onɔt,oʊnɛt,oʊnɔt
o.nɛk,o.nɔk,onɛk,onɔk,oʊnɛk,oʊnɔk
o.nɛb,o.nɔb,onɛb,onɔb,oʊnɛb,oʊnɔb
o.nɛd,o.nɔd,onɛd,onɔd,oʊnɛd,oʊnɔd
o.nɛg,o.nɔg,onɛg,onɔg,oʊnɛg,oʊnɔg
o.nɛf,o.nɔf,onɛf,onɔf,oʊnɛf,oʊnɔf
o.nɛs,o.nɔs,onɛs,onɔs,oʊnɛs,oʊnɔs
o.nɛv,o.nɔv,onɛv,onɔv,oʊnɛv,oʊnɔv
o.nɛz,o.nɔz,onɛz,onɔz,oʊnɛz,oʊnɔz
o.nɛʃ,o.nɔʃ,onɛʃ,onɔʃ,oʊnɛʃ,oʊnɔʃ
o.nɛʒ,o.nɔʒ,onɛʒ,onɔʒ,oʊnɛʒ,oʊnɔʒ
o.nɛθ,o.nɔθ,onɛθ,onɔθ,oʊnɛθ,oʊnɔθ
o.nɛð,o.nɔð,onɛð,onɔð,oʊnɛð,oʊnɔð
o.pɛm,o.pɔm,opɛm,opɔm,oʊpɛm,oʊpɔm
o.pɛn,o.pɔn,opɛn,opɔn,oʊpɛn,oʊpɔn
o.pɛŋ,o.pɔŋ,opɛŋ,opɔŋ,oʊpɛŋ,oʊpɔŋ
o.pɛp,o.pɔp,opɛp,opɔp,oʊpɛp,oʊpɔp
o.pɛt,o.pɔt,opɛt,opɔt,oʊpɛt,oʊpɔt
o.pɛk,o.pɔk,opɛk,opɔk,oʊpɛk,oʊpɔk
o.pɛb,o.pɔb,opɛb,opɔb,oʊpɛb,oʊpɔb
o.pɛd,o.pɔd,opɛd,opɔd,oʊpɛd,oʊpɔd
o.pɛg,o.pɔg,opɛg,opɔg,oʊpɛg,oʊpɔg
o.pɛf,o.pɔf,opɛf,opɔf,oʊpɛf,oʊpɔf
o.pɛs,o.pɔs,opɛs,opɔs,oʊpɛs,oʊpɔs
o.pɛv,o.pɔv,opɛv,opɔv,oʊpɛv,oʊpɔv
o.pɛz,o.pɔz,opɛz,opɔz,oʊpɛz,oʊpɔz
o.pɛʃ,o.pɔʃ,opɛʃ,opɔʃ,oʊpɛʃ,oʊpɔʃ
o.pɛʒ,o.pɔʒ,opɛʒ,opɔʒ,oʊpɛʒ,oʊpɔʒ
o.pɛθ,o.pɔθ,opɛθ,opɔθ,oʊpɛθ,oʊpɔθ
o.pɛð,o.pɔð,opɛð,opɔð,oʊpɛð,oʊpɔð
o.tɛm,o.tɔm,otɛm,otɔm,oʊtɛm,oʊtɔm
o.tɛn,o.tɔn,otɛn,otɔn,oʊtɛn,oʊtɔn
o.tɛŋ,o.tɔŋ,otɛŋ,otɔŋ,oʊtɛŋ,oʊtɔŋ
o.tɛp,o.tɔp,otɛp,otɔp,oʊtɛp,oʊtɔp
o.tɛt,o.tɔt,otɛt,otɔt,oʊtɛt,oʊtɔt
o.tɛk,o.tɔk,otɛk,otɔk,oʊtɛk,oʊtɔk
o.tɛb,o.tɔb,otɛb,otɔb,oʊtɛb,oʊtɔb
o.tɛd,o.tɔd,otɛd,otɔd,oʊtɛd,oʊtɔd
o.tɛg,o.tɔg,otɛg,otɔg,oʊtɛg,oʊtɔg
o.tɛf,o.tɔf,otɛf,otɔf,oʊtɛf,oʊtɔf
o.tɛs,o.tɔs,otɛs,otɔs,oʊtɛs,oʊtɔs
o.tɛv,o.tɔv,otɛv,otɔv,oʊtɛv,oʊtɔv
o.tɛz,o.tɔz,otɛz,otɔz,oʊtɛz,oʊtɔz
o.tɛʃ,o.tɔʃ,otɛʃ,otɔʃ,oʊtɛʃ,oʊtɔʃ
o.tɛʒ,o.tɔʒ,otɛʒ,otɔʒ,oʊtɛʒ,oʊtɔʒ
o.tɛθ,o.tɔθ,otɛθ,otɔθ,oʊtɛθ,oʊtɔθ
o.tɛð,o.tɔð,otɛð,otɔð,oʊtɛð,oʊtɔð
o.kɛm,o.kɔm,okɛm,okɔm,oʊkɛm,oʊkɔm
o.kɛn,o.kɔn,okɛn,okɔn,oʊkɛn,oʊkɔn
o.kɛŋ,o.kɔŋ,okɛŋ,okɔŋ,oʊkɛŋ,oʊkɔŋ
o.kɛp,o.kɔp,okɛp,okɔp,oʊkɛp,oʊkɔp
o.kɛt,o.kɔt,okɛt,okɔt,oʊkɛt,oʊkɔt
o.kɛk,o.kɔk,okɛk,okɔk,oʊkɛk,oʊkɔk
o.kɛb,o.kɔb,okɛb,okɔb,oʊkɛb,oʊkɔb
o.kɛd,o.kɔd,okɛd,okɔd,oʊkɛd,oʊkɔd
o.kɛg,o.kɔg,okɛg,okɔg,oʊkɛg,oʊkɔg
o.kɛf,o.kɔf,okɛf,okɔf,oʊkɛf,oʊkɔf
o.kɛs,o.kɔs,okɛs,okɔs,oʊkɛs,oʊkɔs
o.kɛv,o.kɔv,okɛv,okɔv,oʊkɛv,oʊkɔv
o.kɛz,o.kɔz,okɛz,okɔz,oʊkɛz,oʊkɔz
o.kɛʃ,o.kɔʃ,okɛʃ,okɔʃ,oʊkɛʃ,oʊkɔʃ
o.kɛʒ,o.kɔʒ,okɛʒ,okɔʒ,oʊkɛʒ,oʊkɔʒ
o.kɛθ,o.kɔθ,okɛθ,okɔθ,oʊkɛθ,oʊkɔθ
o.kɛð,o.kɔð,okɛð,okɔð,oʊkɛð,oʊkɔð
o.bɛm,o.bɔm,obɛm,obɔm,oʊbɛm,oʊbɔm
o.bɛn,o.bɔn,obɛn,obɔn,oʊbɛn,oʊbɔn
o.bɛŋ,o.bɔŋ,obɛŋ,obɔŋ,oʊbɛŋ,oʊbɔŋ
o.bɛp,o.bɔp,obɛp,obɔp,oʊbɛp,oʊbɔp
o.bɛt,o.bɔt,obɛt,obɔt,oʊbɛt,oʊbɔt
o.bɛk,o.bɔk,obɛk,obɔk,oʊbɛk,oʊbɔk
o.bɛb,o.bɔb,obɛb,obɔb,oʊbɛb,oʊbɔb
o.bɛd,o.bɔd,obɛd,obɔd,oʊbɛd,oʊbɔd
o.bɛg,o.bɔg,obɛg,obɔg,oʊbɛg,oʊbɔg
o.bɛf,o.bɔf,obɛf,obɔf,oʊbɛf,oʊbɔf
o.bɛs,o.bɔs,obɛs,obɔs,oʊbɛs,oʊbɔs
o.bɛv,o.bɔv,obɛv,obɔv,oʊbɛv,oʊbɔv
o.bɛz,o.bɔz,obɛz,obɔz,oʊbɛz,oʊbɔz
o.bɛʃ,o.bɔʃ,obɛʃ,obɔʃ,oʊbɛʃ,oʊbɔʃ
o.bɛʒ,o.bɔʒ,obɛʒ,obɔʒ,oʊbɛʒ,oʊbɔʒ
o.bɛθ,o.bɔθ,obɛθ,obɔθ,oʊbɛθ,oʊbɔθ
o.bɛð,o.bɔð,obɛð,obɔð,oʊbɛð,oʊbɔð
o.dɛm,o.dɔm,odɛm,odɔm,oʊdɛm,oʊdɔm
o.dɛn,o.dɔn,odɛn,odɔn,oʊdɛn,oʊdɔn
o.dɛŋ,o.dɔŋ,odɛŋ,odɔŋ,oʊdɛŋ,oʊdɔŋ
o.dɛp,o.dɔp,odɛp,odɔp,oʊdɛp,oʊdɔp
o.dɛt,o.dɔt,odɛt,odɔt,oʊdɛt,oʊdɔt
o.dɛk,o.dɔk,odɛk,odɔk,oʊdɛk,oʊdɔk
o.dɛb,o.dɔb,odɛb,odɔb,oʊdɛb,oʊdɔb
o.dɛd,o.dɔd,odɛd,odɔd,oʊdɛd,oʊdɔd
o.dɛg,o.dɔg,odɛg,odɔg,oʊdɛg,oʊdɔg
o.dɛf,o.dɔf,odɛf,odɔf,oʊdɛf,oʊdɔf
o.dɛs,o.dɔs,odɛs,odɔs,oʊdɛs,oʊdɔs
o.dɛv,o.dɔv,odɛv,odɔv,oʊdɛv,oʊdɔv
o.dɛz,o.dɔz,odɛz,odɔz,oʊdɛz,oʊdɔz
o.dɛʃ,o.dɔʃ,odɛʃ,odɔʃ,oʊdɛʃ,oʊdɔʃ
o.dɛʒ,o.dɔʒ,odɛʒ,odɔʒ,oʊdɛʒ,oʊdɔʒ
o.dɛθ,o.dɔθ,odɛθ,odɔθ,oʊdɛθ,oʊdɔθ
o.dɛð,o.dɔð,odɛð,odɔð,oʊdɛð,oʊdɔð
o.gɛm,o.gɔm,ogɛm,ogɔm,oʊgɛm,oʊgɔm
o.gɛn,o.gɔn,ogɛn,ogɔn,oʊgɛn,oʊgɔn
o.gɛŋ,o.gɔŋ,ogɛŋ,ogɔŋ,oʊgɛŋ,oʊgɔŋ
o.gɛp,o.gɔp,ogɛp,ogɔp,oʊgɛp,oʊgɔp
o.gɛt,o.gɔt,ogɛt,ogɔt,oʊgɛt,oʊgɔt
o.gɛk,o.gɔk,ogɛk,ogɔk,oʊgɛk,oʊgɔk
o.gɛb,o.gɔb,ogɛb,ogɔb,oʊgɛb,oʊgɔb
o.gɛd,o.gɔd,ogɛd,ogɔd,oʊgɛd,oʊgɔd
o.gɛg,o.gɔg,ogɛg,ogɔg,oʊgɛg,oʊgɔg
o.gɛf,o.gɔf,ogɛf,ogɔf,oʊgɛf,oʊgɔf
o.gɛs,o.gɔs,ogɛs,ogɔs,oʊgɛs,oʊgɔs
o.gɛv,o.gɔv,ogɛv,ogɔv,oʊgɛv,oʊgɔv
o.gɛz,o.gɔz,ogɛz,ogɔz,oʊgɛz,oʊgɔz
o.gɛʃ,o.gɔʃ,ogɛʃ,ogɔʃ,oʊgɛʃ,oʊgɔʃ
o.gɛʒ,o.gɔʒ,ogɛʒ,ogɔʒ,oʊgɛʒ,oʊgɔʒ
o.gɛθ,o.gɔθ,ogɛθ,ogɔθ,oʊgɛθ,oʊgɔθ
o.gɛð,o.gɔð,ogɛð,ogɔð,oʊgɛð,oʊgɔð
o.fɛm,o.fɔm,ofɛm,ofɔm,oʊfɛm,oʊfɔm
o.fɛn,o.fɔn,ofɛn,ofɔn,oʊfɛn,oʊfɔn
o.fɛŋ,o.fɔŋ,ofɛŋ,ofɔŋ,oʊfɛŋ,oʊfɔŋ
o.fɛp,o.fɔp,ofɛp,ofɔp,oʊfɛp,oʊfɔp
o.fɛt,o.fɔt,ofɛt,ofɔt,oʊfɛt,oʊfɔt
o.fɛk,o.fɔk,ofɛk,ofɔk,oʊfɛk,oʊfɔk
o.fɛb,o.fɔb,ofɛb,ofɔb,oʊfɛb,oʊfɔb
o.fɛd,o.fɔd,ofɛd,ofɔd,oʊfɛd,oʊfɔd
o.fɛg,o.fɔg,ofɛg,ofɔg,oʊfɛg,oʊfɔg
o.fɛf,o.fɔf,ofɛf,ofɔf,oʊfɛf,oʊfɔf
o.fɛs,o.fɔs,ofɛs,ofɔs,oʊfɛs,oʊfɔs
o.fɛv,o.fɔv,ofɛv,ofɔv,oʊfɛv,oʊfɔv
o.fɛz,o.fɔz,ofɛz,ofɔz,oʊfɛz,oʊfɔz
o.fɛʃ,o.fɔʃ,ofɛʃ,ofɔʃ,oʊfɛʃ,oʊfɔʃ
o.fɛʒ,o.fɔʒ,ofɛʒ,ofɔʒ,oʊfɛʒ,oʊfɔʒ
o.fɛθ,o.fɔθ,ofɛθ,ofɔθ,oʊfɛθ,oʊfɔθ
o.fɛð,o.fɔð,ofɛð,ofɔð,oʊfɛð,oʊfɔð
o.sɛm,o.sɔm,osɛm,osɔm,oʊsɛm,oʊsɔm
o.sɛn,o.sɔn,osɛn,osɔn,oʊsɛn,oʊsɔn
o.sɛŋ,o.sɔŋ,osɛŋ,osɔŋ,oʊsɛŋ,oʊsɔŋ
o.sɛp,o.sɔp,osɛp,osɔp,oʊsɛp,oʊsɔp
o.sɛt,o.sɔt,osɛt,osɔt,oʊsɛt,oʊsɔt
o.sɛk,o.sɔk,osɛk,osɔk,oʊsɛk,oʊsɔk
o.sɛb,o.sɔb,osɛb,osɔb,oʊsɛb,oʊsɔb
o.sɛd,o.sɔd,osɛd,osɔd,oʊsɛd,oʊsɔd
o.sɛg,o.sɔg,osɛg,osɔg,oʊsɛg,oʊsɔg
o.sɛf,o.sɔf,osɛf,osɔf,oʊsɛf,oʊsɔf
o.sɛs,o.sɔs,osɛs,osɔs,oʊsɛs,oʊsɔs
o.sɛv,o.sɔv,osɛv,osɔv,oʊsɛv,oʊsɔv
o.sɛz,o.sɔz,osɛz,osɔz,oʊsɛz,oʊsɔz
o.sɛʃ,o.sɔʃ,osɛʃ,osɔʃ,oʊsɛʃ,oʊsɔʃ
o.sɛʒ,o.sɔʒ,osɛʒ,osɔʒ,oʊsɛʒ,oʊsɔʒ
o.sɛθ,o.sɔθ,osɛθ,osɔθ,oʊsɛθ,oʊsɔθ
o.sɛð,o.sɔð,osɛð,osɔð,oʊsɛð,oʊsɔð
o.vɛm,o.vɔm,ovɛm,ovɔm,oʊvɛm,oʊvɔm
o.vɛn,o.vɔn,ovɛn,ovɔn,oʊvɛn,oʊvɔn
o.vɛŋ,o.vɔŋ,ovɛŋ,ovɔŋ,oʊvɛŋ,oʊvɔŋ
o.vɛp,o.vɔp,ovɛp,ovɔp,oʊvɛp,oʊvɔp
o.vɛt,o.vɔt,ovɛt,ovɔt,oʊvɛt,oʊvɔt
o.vɛk,o.vɔk,ovɛk,ovɔk,oʊvɛk,oʊvɔk
o.vɛb,o.vɔb,ovɛb,ovɔb,oʊvɛb,oʊvɔb
o.vɛd,o.vɔd,ovɛd,ovɔd,oʊvɛd,oʊvɔd
o.vɛg,o.vɔg,ovɛg,ovɔg,oʊvɛg,oʊvɔg
o.vɛf,o.vɔf,ovɛf,ovɔf,oʊvɛf,oʊvɔf
o.vɛs,o.vɔs,ovɛs,ovɔs,oʊvɛs,oʊvɔs
o.vɛv,o.vɔv,ovɛv,ovɔv,oʊvɛv,oʊvɔv
o.vɛz,o.vɔz,ovɛz,ovɔz,oʊvɛz,oʊvɔz
o.vɛʃ,o.vɔʃ,ovɛʃ,ovɔʃ,oʊvɛʃ,oʊvɔʃ
o.vɛʒ,o.vɔʒ,ovɛʒ,ovɔʒ,oʊvɛʒ,oʊvɔʒ
o.vɛθ,o.vɔθ,ovɛθ,ovɔθ,oʊvɛθ,oʊvɔθ
o.vɛð,o.vɔð,ovɛð,ovɔð,oʊvɛð,oʊvɔð
o.zɛm,o.zɔm,ozɛm,ozɔm,oʊzɛm,oʊzɔm
o.zɛn,o.zɔn,ozɛn,ozɔn,oʊzɛn,oʊzɔn
o.zɛŋ,o.zɔŋ,ozɛŋ,ozɔŋ,oʊzɛŋ,oʊzɔŋ
o.zɛp,o.zɔp,ozɛp,ozɔp,oʊzɛp,oʊzɔp
o.zɛt,o.zɔt,ozɛt,ozɔt,oʊzɛt,oʊzɔt
o.zɛk,o.zɔk,ozɛk,ozɔk,oʊzɛk,oʊzɔk
o.zɛb,o.zɔb,ozɛb,ozɔb,oʊzɛb,oʊzɔb
o.zɛd,o.zɔd,ozɛd,ozɔd,oʊzɛd,oʊzɔd
o.zɛg,o.zɔg,ozɛg,ozɔg,oʊzɛg,oʊzɔg
o.zɛf,o.zɔf,ozɛf,ozɔf,oʊzɛf,oʊzɔf
o.zɛs,o.zɔs,ozɛs,ozɔs,oʊzɛs,oʊzɔs
o.zɛv,o.zɔv,ozɛv,ozɔv,oʊzɛv,oʊzɔv
o.zɛz,o.zɔz,ozɛz,ozɔz,oʊzɛz,oʊzɔz
o.zɛʃ,o.zɔʃ,ozɛʃ,ozɔʃ,oʊzɛʃ,oʊzɔʃ
o.zɛʒ,o.zɔʒ,ozɛʒ,ozɔʒ,oʊzɛʒ,oʊzɔʒ
o.zɛθ,o.zɔθ,ozɛθ,ozɔθ,oʊzɛθ,oʊzɔθ
o.zɛð,o.zɔð,ozɛð,ozɔð,oʊzɛð,oʊzɔð
o.ʃɛm,o.ʃɔm,oʃɛm,oʃɔm,oʊʃɛm,oʊʃɔm
o.ʃɛn,o.ʃɔn,oʃɛn,oʃɔn,oʊʃɛn,oʊʃɔn
o.ʃɛŋ,o.ʃɔŋ,oʃɛŋ,oʃɔŋ,oʊʃɛŋ,oʊʃɔŋ
o.ʃɛp,o.ʃɔp,oʃɛp,oʃɔp,oʊʃɛp,oʊʃɔp
o.ʃɛt,o.ʃɔt,oʃɛt,oʃɔt,oʊʃɛt,oʊʃɔt
o.ʃɛk,o.ʃɔk,oʃɛk,oʃɔk,oʊʃɛk,oʊʃɔk
o.ʃɛb,o.ʃɔb,oʃɛb,oʃɔb,oʊʃɛb,oʊʃɔb
o.ʃɛd,o.ʃɔd,oʃɛd,oʃɔd,oʊʃɛd,oʊʃɔd
o.ʃɛg,o.ʃɔg,oʃɛg,oʃɔg,oʊʃɛg,oʊʃɔg
o.ʃɛf,o.ʃɔf,oʃɛf,oʃɔf,oʊʃɛf,oʊʃɔf
o.ʃɛs,o.ʃɔs,oʃɛs,oʃɔs,oʊʃɛs,oʊʃɔs
o.ʃɛv,o.ʃɔv,oʃɛv,oʃɔv,oʊʃɛv,oʊʃɔv
o.ʃɛz,o.ʃɔz,oʃɛz,oʃɔz,oʊʃɛz,oʊʃɔz
o.ʃɛʃ,o.ʃɔʃ,oʃɛʃ,oʃɔʃ,oʊʃɛʃ,oʊʃɔʃ
o.ʃɛʒ,o.ʃɔʒ,oʃɛʒ,oʃɔʒ,oʊʃɛʒ,oʊʃɔʒ
o.ʃɛθ,o.ʃɔθ,oʃɛθ,oʃɔθ,oʊʃɛθ,oʊʃɔθ
o.ʃɛð,o.ʃɔð,oʃɛð,oʃɔð,oʊʃɛð,oʊʃɔð
o.ʒɛm,o.ʒɔm,oʒɛm,oʒɔm,oʊʒɛm,oʊʒɔm
o.ʒɛn,o.ʒɔn,oʒɛn,oʒɔn,oʊʒɛn,oʊʒɔn
o.ʒɛŋ,o.ʒɔŋ,oʒɛŋ,oʒɔŋ,oʊʒɛŋ,oʊʒɔŋ
o.ʒɛp,o.ʒɔp,oʒɛp,oʒɔp,oʊʒɛp,oʊʒɔp
o.ʒɛt,o.ʒɔt,oʒɛt,oʒɔt,oʊʒɛt,oʊʒɔt
o.ʒɛk,o.ʒɔk,oʒɛk,oʒɔk,oʊʒɛk,oʊʒɔk
o.ʒɛb,o.ʒɔb,oʒɛb,oʒɔb,oʊʒɛb,oʊʒɔb
o.ʒɛd,o.ʒɔd,oʒɛd,oʒɔd,oʊʒɛd,oʊʒɔd
o.ʒɛg,o.ʒɔg,oʒɛg,oʒɔg,oʊʒɛg,oʊʒɔg
o.ʒɛf,o.ʒɔf,oʒɛf,oʒɔf,oʊʒɛf,oʊʒɔf
o.ʒɛs,o.ʒɔs,oʒɛs,oʒɔs,oʊʒɛs,oʊʒɔs
o.ʒɛv,o.ʒɔv,oʒɛv,oʒɔv,oʊʒɛv,oʊʒɔv
o.ʒɛz,o.ʒɔz,oʒɛz,oʒɔz,oʊʒɛz,oʊʒɔz
o.ʒɛʃ,o.ʒɔʃ,oʒɛʃ,oʒɔʃ,oʊʒɛʃ,oʊʒɔʃ
o.ʒɛʒ,o.ʒɔʒ,oʒɛʒ,oʒɔʒ,oʊʒɛʒ,oʊʒɔʒ
o.ʒɛθ,o.ʒɔθ,oʒɛθ,oʒɔθ,oʊʒɛθ,oʊʒɔθ
o.ʒɛð,o.ʒɔð,oʒɛð,oʒɔð,oʊʒɛð,oʊʒɔð
o.θɛm,o.θɔm,oθɛm,oθɔm,oʊθɛm,oʊθɔm
o.θɛn,o.θɔn,oθɛn,oθɔn,oʊθɛn,oʊθɔn
o.θɛŋ,o.θɔŋ,oθɛŋ,oθɔŋ,oʊθɛŋ,oʊθɔŋ
o.θɛp,o.θɔp,oθɛp,oθɔp,oʊθɛp,oʊθɔp
o.θɛt,o.θɔt,oθɛt,oθɔt,oʊθɛt,oʊθɔt
o.θɛk,o.θɔk,oθɛk,oθɔk,oʊθɛk,oʊθɔk
o.θɛb,o.θɔb,oθɛb,oθɔb,oʊθɛb,oʊθɔb
o.θɛd,o.θɔd,oθɛd,oθɔd,oʊθɛd,oʊθɔd
o.θɛg,o.θɔg,oθɛg,oθɔg,oʊθɛg,oʊθɔg
o.θɛf,o.θɔf,oθɛf,oθɔf,oʊθɛf,oʊθɔf
o.θɛs,o.θɔs,oθɛs,oθɔs,oʊθɛs,oʊθɔs
o.θɛv,o.θɔv,oθɛv,oθɔv,oʊθɛv,oʊθɔv
o.θɛz,o.θɔz,oθɛz,oθɔz,oʊθɛz,oʊθɔz
o.θɛʃ,o.θɔʃ,oθɛʃ,oθɔʃ,oʊθɛʃ,oʊθɔʃ
o.θɛʒ,o.θɔʒ,oθɛʒ,oθɔʒ,oʊθɛʒ,oʊθɔʒ
o.θɛθ,o.θɔθ,oθɛθ,oθɔθ,oʊθɛθ,oʊθɔθ
o.θɛð,o.θɔð,oθɛð,oθɔð,oʊθɛð,oʊθɔð
o.ðɛm,o.ðɔm,oðɛm,oðɔm,oʊðɛm,oʊðɔm
o.ðɛn,o.ðɔn,oðɛn,oðɔn,oʊðɛn,oʊðɔn
o.ðɛŋ,o.ðɔŋ,oðɛŋ,oðɔŋ,oʊðɛŋ,oʊðɔŋ
o.ðɛp,o.ðɔp,oðɛp,oðɔp,oʊðɛp,oʊðɔp
o.ðɛt,o.ðɔt,oðɛt,oðɔt,oʊðɛt,oʊðɔt
o.ðɛk,o.ðɔk,oðɛk,oðɔk,oʊðɛk,oʊðɔk
o.ðɛb,o.ðɔb,oðɛb,oðɔb,oʊðɛb,oʊðɔb
o.ðɛd,o.ðɔd,oðɛd,oðɔd,oʊðɛd,oʊðɔd
o.ðɛg,o.ðɔg,oðɛg,oðɔg,oʊðɛg,oʊðɔg
o.ðɛf,o.ðɔf,oðɛf,oðɔf,oʊðɛf,oʊðɔf
o.ðɛs,o.ðɔs,oðɛs,oðɔs,oʊðɛs,oʊðɔs
o.ðɛv,o.ðɔv,oðɛv,oðɔv,oʊðɛv,oʊðɔv
o.ðɛz,o.ðɔz,oðɛz,oðɔz,oʊðɛz,oʊðɔz
o.ðɛʃ,o.ðɔʃ,oðɛʃ,oðɔʃ,oʊðɛʃ,oʊðɔʃ
o.ðɛʒ,o.ðɔʒ,oðɛʒ,oðɔʒ,oʊðɛʒ,oʊðɔʒ
o.ðɛθ,o.ðɔθ,oðɛθ,oðɔθ,oʊðɛθ,oʊðɔθ
o.ðɛð,o.ðɔð,oðɛð,oðɔð,oʊðɛð,oʊðɔð
o.hɛm,o.hɔm,ohɛm,ohɔm,oʊhɛm,oʊhɔm
o.hɛn,o.hɔn,ohɛn,ohɔn,oʊhɛn,oʊhɔn
o.hɛŋ,o.hɔŋ,ohɛŋ,ohɔŋ,oʊhɛŋ,oʊhɔŋ
o.hɛp,o.hɔp,ohɛp,ohɔp,oʊhɛp,oʊhɔp
o.hɛt,o.hɔt,ohɛt,ohɔt,oʊhɛt,oʊhɔt
o.hɛk,o.hɔk,ohɛk,ohɔk,oʊhɛk,oʊhɔk
o.hɛb,o.hɔb,ohɛb,ohɔb,oʊhɛb,oʊhɔb
o.hɛd,o.hɔd,ohɛd,ohɔd,oʊhɛd,oʊhɔd
o.hɛg,o.hɔg,ohɛg,ohɔg,oʊhɛg,oʊhɔg
o.hɛf,o.hɔf,ohɛf,ohɔf,oʊhɛf,oʊhɔf
o.hɛs,o.hɔs,ohɛs,ohɔs,oʊhɛs,oʊhɔs
o.hɛv,o.hɔv,ohɛv,ohɔv,oʊhɛv,oʊhɔv
o.hɛz,o.hɔz,ohɛz,ohɔz,oʊhɛz,oʊhɔz
o.hɛʃ,o.hɔʃ,ohɛʃ,ohɔʃ,oʊhɛʃ,oʊhɔʃ
o.hɛʒ,o.hɔʒ,ohɛʒ,ohɔʒ,oʊhɛʒ,oʊhɔʒ
o.hɛθ,o.hɔθ,ohɛθ,ohɔθ,oʊhɛθ,oʊhɔθ
o.hɛð,o.hɔð,ohɛð,ohɔð,oʊhɛð,oʊhɔð
o.mʊm,o.mɪm,omʊm,omɪm,oʊmʊm,oʊmɪm
o.mʊn,o.mɪn,omʊn,omɪn,oʊmʊn,oʊmɪn
o.mʊŋ,o.mɪŋ,omʊŋ,omɪŋ,oʊmʊŋ,oʊmɪŋ
o.mʊp,o.mɪp,omʊp,omɪp,oʊmʊp,oʊmɪp
o.mʊt,o.mɪt,omʊt,omɪt,oʊmʊt,oʊmɪt
o.mʊk,o.mɪk,omʊk,omɪk,oʊmʊk,oʊmɪk
o.mʊb,o.mɪb,omʊb,omɪb,oʊmʊb,oʊmɪb
o.mʊd,o.mɪd,omʊd,omɪd,oʊmʊd,oʊmɪd
o.mʊg,o.mɪg,omʊg,omɪg,oʊmʊg,oʊmɪg
o.mʊf,o.mɪf,omʊf,omɪf,oʊmʊf,oʊmɪf
o.mʊs,o.mɪs,omʊs,omɪs,oʊmʊs,oʊmɪs
o.mʊv,o.mɪv,omʊv,omɪv,oʊmʊv,oʊmɪv
o.mʊz,o.mɪz,omʊz,omɪz,oʊmʊz,oʊmɪz
o.mʊʃ,o.mɪʃ,omʊʃ,omɪʃ,oʊmʊʃ,oʊmɪʃ
o.mʊʒ,o.mɪʒ,omʊʒ,omɪʒ,oʊmʊʒ,oʊmɪʒ
o.mʊθ,o.mɪθ,omʊθ,omɪθ,oʊmʊθ,oʊmɪθ
o.mʊð,o.mɪð,omʊð,omɪð,oʊmʊð,oʊmɪð
o.nʊm,o.nɪm,onʊm,onɪm,oʊnʊm,oʊnɪm
o.nʊn,o.nɪn,onʊn,onɪn,oʊnʊn,oʊnɪn
o.nʊŋ,o.nɪŋ,onʊŋ,onɪŋ,oʊnʊŋ,oʊnɪŋ
o.nʊp,o.nɪp,onʊp,onɪp,oʊnʊp,oʊnɪp
o.nʊt,o.nɪt,onʊt,onɪt,oʊnʊt,oʊnɪt
o.nʊk,o.nɪk,onʊk,onɪk,oʊnʊk,oʊnɪk
o.nʊb,o.nɪb,onʊb,onɪb,oʊnʊb,oʊnɪb
o.nʊd,o.nɪd,onʊd,onɪd,oʊnʊd,oʊnɪd
o.nʊg,o.nɪg,onʊg,onɪg,oʊnʊg,oʊnɪg
o.nʊf,o.nɪf,onʊf,onɪf,oʊnʊf,oʊnɪf
o.nʊs,o.nɪs,onʊs,onɪs,oʊnʊs,oʊnɪs
o.nʊv,o.nɪv,onʊv,onɪv,oʊnʊv,oʊnɪv
o.nʊz,o.nɪz,onʊz,onɪz,oʊnʊz,oʊnɪz
o.nʊʃ,o.nɪʃ,onʊʃ,onɪʃ,oʊnʊʃ,oʊnɪʃ
o.nʊʒ,o.nɪʒ,onʊʒ,onɪʒ,oʊnʊʒ,oʊnɪʒ
o.nʊθ,o.nɪθ,onʊθ,onɪθ,oʊnʊθ,oʊnɪθ
o.nʊð,o.nɪð,onʊð,onɪð,oʊnʊð,oʊnɪð
o.pʊm,o.pɪm,opʊm,opɪm,oʊpʊm,oʊpɪm
o.pʊn,o.pɪn,opʊn,opɪn,oʊpʊn,oʊpɪn
o.pʊŋ,o.pɪŋ,opʊŋ,opɪŋ,oʊpʊŋ,oʊpɪŋ
o.pʊp,o.pɪp,opʊp,opɪp,oʊpʊp,oʊpɪp
o.pʊt,o.pɪt,opʊt,opɪt,oʊpʊt,oʊpɪt
o.pʊk,o.pɪk,opʊk,opɪk,oʊpʊk,oʊpɪk
o.pʊb,o.pɪb,opʊb,opɪb,oʊpʊb,oʊpɪb
o.pʊd,o.pɪd,opʊd,opɪd,oʊpʊd,oʊpɪd
o.pʊg,o.pɪg,opʊg,opɪg,oʊpʊg,oʊpɪg
o.pʊf,o.pɪf,opʊf,opɪf,oʊpʊf,oʊpɪf
o.pʊs,o.pɪs,opʊs,opɪs,oʊpʊs,oʊpɪs
o.pʊv,o.pɪv,opʊv,opɪv,oʊpʊv,oʊpɪv
o.pʊz,o.pɪz,opʊz,opɪz,oʊpʊz,oʊpɪz
o.pʊʃ,o.pɪʃ,opʊʃ,opɪʃ,oʊpʊʃ,oʊpɪʃ
o.pʊʒ,o.pɪʒ,opʊʒ,opɪʒ,oʊpʊʒ,oʊpɪʒ
o.pʊθ,o.pɪθ,opʊθ,opɪθ,oʊpʊθ,oʊpɪθ
o.pʊð,o.pɪð,opʊð,opɪð,oʊpʊð,oʊpɪð
o.tʊm,o.tɪm,otʊm,otɪm,oʊtʊm,oʊtɪm
o.tʊn,o.tɪn,otʊn,otɪn,oʊtʊn,oʊtɪn
o.tʊŋ,o.tɪŋ,otʊŋ,otɪŋ,oʊtʊŋ,oʊtɪŋ
o.tʊp,o.tɪp,otʊp,otɪp,oʊtʊp,oʊtɪp
o.tʊt,o.tɪt,otʊt,otɪt,oʊtʊt,oʊtɪt
o.tʊk,o.tɪk,otʊk,otɪk,oʊtʊk,oʊtɪk
o.tʊb,o.tɪb,otʊb,otɪb,oʊtʊb,oʊtɪb
o.tʊd,o.tɪd,otʊd,otɪd,oʊtʊd,oʊtɪd
o.tʊg,o.tɪg,otʊg,otɪg,oʊtʊg,oʊtɪg
o.tʊf,o.tɪf,otʊf,otɪf,oʊtʊf,oʊtɪf
o.tʊs,o.tɪs,otʊs,otɪs,oʊtʊs,oʊtɪs
o.tʊv,o.tɪv,otʊv,otɪv,oʊtʊv,oʊtɪv
o.tʊz,o.tɪz,otʊz,otɪz,oʊtʊz,oʊtɪz
o.tʊʃ,o.tɪʃ,otʊʃ,otɪʃ,oʊtʊʃ,oʊtɪʃ
o.tʊʒ,o.tɪʒ,otʊʒ,otɪʒ,oʊtʊʒ,oʊtɪʒ
o.tʊθ,o.tɪθ,otʊθ,otɪθ,oʊtʊθ,oʊtɪθ
o.tʊð,o.tɪð,otʊð,otɪð,oʊtʊð,oʊtɪð
o.kʊm,o.kɪm,okʊm,okɪm,oʊkʊm,oʊkɪm
o.kʊn,o.kɪn,okʊn,okɪn,oʊkʊn,oʊkɪn
o.kʊŋ,o.kɪŋ,okʊŋ,okɪŋ,oʊkʊŋ,oʊkɪŋ
o.kʊp,o.kɪp,okʊp,okɪp,oʊkʊp,oʊkɪp
o.kʊt,o.kɪt,okʊt,okɪt,oʊkʊt,oʊkɪt
o.kʊk,o.kɪk,okʊk,okɪk,oʊkʊk,oʊkɪk
o.kʊb,o.kɪb,okʊb,okɪb,oʊkʊb,oʊkɪb
o.kʊd,o.kɪd,okʊd,okɪd,oʊkʊd,oʊkɪd
o.kʊg,o.kɪg,okʊg,okɪg,oʊkʊg,oʊkɪg
o.kʊf,o.kɪf,okʊf,okɪf,oʊkʊf,oʊkɪf
o.kʊs,o.kɪs,okʊs,okɪs,oʊkʊs,oʊkɪs
o.kʊv,o.kɪv,okʊv,okɪv,oʊkʊv,oʊkɪv
o.kʊz,o.kɪz,okʊz,okɪz,oʊkʊz,oʊkɪz
o.kʊʃ,o.kɪʃ,okʊʃ,okɪʃ,oʊkʊʃ,oʊkɪʃ
o.kʊʒ,o.kɪʒ,okʊʒ,okɪʒ,oʊkʊʒ,oʊkɪʒ
o.kʊθ,o.kɪθ,okʊθ,okɪθ,oʊkʊθ,oʊkɪθ
o.kʊð,o.kɪð,okʊð,okɪð,oʊkʊð,oʊkɪð
o.bʊm,o.bɪm,obʊm,obɪm,oʊbʊm,oʊbɪm
o.bʊn,o.bɪn,obʊn,obɪn,oʊbʊn,oʊbɪn
o.bʊŋ,o.bɪŋ,obʊŋ,obɪŋ,oʊbʊŋ,oʊbɪŋ
o.bʊp,o.bɪp,obʊp,obɪp,oʊbʊp,oʊbɪp
o.bʊt,o.bɪt,obʊt,obɪt,oʊbʊt,oʊbɪt
o.bʊk,o.bɪk,obʊk,obɪk,oʊbʊk,oʊbɪk
o.bʊb,o.bɪb,obʊb,obɪb,oʊbʊb,oʊbɪb
o.bʊd,o.bɪd,obʊd,obɪd,oʊbʊd,oʊbɪd
o.bʊg,o.bɪg,obʊg,obɪg,oʊbʊg,oʊbɪg
o.bʊf,o.bɪf,obʊf,obɪf,oʊbʊf,oʊbɪf
o.bʊs,o.bɪs,obʊs,obɪs,oʊbʊs,oʊbɪs
o.bʊv,o.bɪv,obʊv,obɪv,oʊbʊv,oʊbɪv
o.bʊz,o.bɪz,obʊz,obɪz,oʊbʊz,oʊbɪz
o.bʊʃ,o.bɪʃ,obʊʃ,obɪʃ,oʊbʊʃ,oʊbɪʃ
o.bʊʒ,o.bɪʒ,obʊʒ,obɪʒ,oʊbʊʒ,oʊbɪʒ
o.bʊθ,o.bɪθ,obʊθ,obɪθ,oʊbʊθ,oʊbɪθ
o.bʊð,o.bɪð,obʊð,obɪð,oʊbʊð,oʊbɪð
o.dʊm,o.dɪm,odʊm,odɪm,oʊdʊm,oʊdɪm
o.dʊn,o.dɪn,odʊn,odɪn,oʊdʊn,oʊdɪn
o.dʊŋ,o.dɪŋ,odʊŋ,odɪŋ,oʊdʊŋ,oʊdɪŋ
o.dʊp,o.dɪp,odʊp,odɪp,oʊdʊp,oʊdɪp
o.dʊt,o.dɪt,odʊt,odɪt,oʊdʊt,oʊdɪt
o.dʊk,o.dɪk,odʊk,odɪk,oʊdʊk,oʊdɪk
o.dʊb,o.dɪb,odʊb,odɪb,oʊdʊb,oʊdɪb
o.dʊd,o.dɪd,odʊd,odɪd,oʊdʊd,oʊdɪd
o.dʊg,o.dɪg,odʊg,odɪg,oʊdʊg,oʊdɪg
o.dʊf,o.dɪf,odʊf,odɪf,oʊdʊf,oʊdɪf
o.dʊs,o.dɪs,odʊs,odɪs,oʊdʊs,oʊdɪs
o.dʊv,o.dɪv,odʊv,odɪv,oʊdʊv,oʊdɪv
o.dʊz,o.dɪz,odʊz,odɪz,oʊdʊz,oʊdɪz
o.dʊʃ,o.dɪʃ,odʊʃ,odɪʃ,oʊdʊʃ,oʊdɪʃ
o.dʊʒ,o.dɪʒ,odʊʒ,odɪʒ,oʊdʊʒ,oʊdɪʒ
o.dʊθ,o.dɪθ,odʊθ,odɪθ,oʊdʊθ,oʊdɪθ
o.dʊð,o.dɪð,odʊð,odɪð,oʊdʊð,oʊdɪð
o.gʊm,o.gɪm,ogʊm,ogɪm,oʊgʊm,oʊgɪm
o.gʊn,o.gɪn,ogʊn,ogɪn,oʊgʊn,oʊgɪn
o.gʊŋ,o.gɪŋ,ogʊŋ,ogɪŋ,oʊgʊŋ,oʊgɪŋ
o.gʊp,o.gɪp,ogʊp,ogɪp,oʊgʊp,oʊgɪp
o.gʊt,o.gɪt,ogʊt,ogɪt,oʊgʊt,oʊgɪt
o.gʊk,o.gɪk,ogʊk,ogɪk,oʊgʊk,oʊgɪk
o.gʊb,o.gɪb,ogʊb,ogɪb,oʊgʊb,oʊgɪb
o.gʊd,o.gɪd,ogʊd,ogɪd,oʊgʊd,oʊgɪd
o.gʊg,o.gɪg,ogʊg,ogɪg,oʊgʊg,oʊgɪg
o.gʊf,o.gɪf,ogʊf,ogɪf,oʊgʊf,oʊgɪf
o.gʊs,o.gɪs,ogʊs,ogɪs,oʊgʊs,oʊgɪs
o.gʊv,o.gɪv,ogʊv,ogɪv,oʊgʊv,oʊgɪv
o.gʊz,o.gɪz,ogʊz,ogɪz,oʊgʊz,oʊgɪz
o.gʊʃ,o.gɪʃ,ogʊʃ,ogɪʃ,oʊgʊʃ,oʊgɪʃ
o.gʊʒ,o.gɪʒ,ogʊʒ,ogɪʒ,oʊgʊʒ,oʊgɪʒ
o.gʊθ,o.gɪθ,ogʊθ,ogɪθ,oʊgʊθ,oʊgɪθ
o.gʊð,o.gɪð,ogʊð,ogɪð,oʊgʊð,oʊgɪð
o.fʊm,o.fɪm,ofʊm,ofɪm,oʊfʊm,oʊfɪm
o.fʊn,o.fɪn,ofʊn,ofɪn,oʊfʊn,oʊfɪn
o.fʊŋ,o.fɪŋ,ofʊŋ,ofɪŋ,oʊfʊŋ,oʊfɪŋ
o.fʊp,o.fɪp,ofʊp,ofɪp,oʊfʊp,oʊfɪp
o.fʊt,o.fɪt,ofʊt,ofɪt,oʊfʊt,oʊfɪt
o.fʊk,o.fɪk,ofʊk,ofɪk,oʊfʊk,oʊfɪk
o.fʊb,o.fɪb,ofʊb,ofɪb,oʊfʊb,oʊfɪb
o.fʊd,o.fɪd,ofʊd,ofɪd,oʊfʊd,oʊfɪd
o.fʊg,o.fɪg,ofʊg,ofɪg,oʊfʊg,oʊfɪg
o.fʊf,o.fɪf,ofʊf,ofɪf,oʊfʊf,oʊfɪf
o.fʊs,o.fɪs,ofʊs,ofɪs,oʊfʊs,oʊfɪs
o.fʊv,o.fɪv,ofʊv,ofɪv,oʊfʊv,oʊfɪv
o.fʊz,o.fɪz,ofʊz,ofɪz,oʊfʊz,oʊfɪz
o.fʊʃ,o.fɪʃ,ofʊʃ,ofɪʃ,oʊfʊʃ,oʊfɪʃ
o.fʊʒ,o.fɪʒ,ofʊʒ,ofɪʒ,oʊfʊʒ,oʊfɪʒ
o.fʊθ,o.fɪθ,ofʊθ,ofɪθ,oʊfʊθ,oʊfɪθ
o.fʊð,o.fɪð,ofʊð,ofɪð,oʊfʊð,oʊfɪð
o.sʊm,o.sɪm,osʊm,osɪm,oʊsʊm,oʊsɪm
o.sʊn,o.sɪn,osʊn,osɪn,oʊsʊn,oʊsɪn
o.sʊŋ,o.sɪŋ,osʊŋ,osɪŋ,oʊsʊŋ,oʊsɪŋ
o.sʊp,o.sɪp,osʊp,osɪp,oʊsʊp,oʊsɪp
o.sʊt,o.sɪt,osʊt,osɪt,oʊsʊt,oʊsɪt
o.sʊk,o.sɪk,osʊk,osɪk,oʊsʊk,oʊsɪk
o.sʊb,o.sɪb,osʊb,osɪb,oʊsʊb,oʊsɪb
o.sʊd,o.sɪd,osʊd,osɪd,oʊsʊd,oʊsɪd
o.sʊg,o.sɪg,osʊg,osɪg,oʊsʊg,oʊsɪg
o.sʊf,o.sɪf,osʊf,osɪf,oʊsʊf,oʊsɪf
o.sʊs,o.sɪs,osʊs,osɪs,oʊsʊs,oʊsɪs
o.sʊv,o.sɪv,osʊv,osɪv,oʊsʊv,oʊsɪv
o.sʊz,o.sɪz,osʊz,osɪz,oʊsʊz,oʊsɪz
o.sʊʃ,o.sɪʃ,osʊʃ,osɪʃ,oʊsʊʃ,oʊsɪʃ
o.sʊʒ,o.sɪʒ,osʊʒ,osɪʒ,oʊsʊʒ,oʊsɪʒ
o.sʊθ,o.sɪθ,osʊθ,osɪθ,oʊsʊθ,oʊsɪθ
o.sʊð,o.sɪð,osʊð,osɪð,oʊsʊð,oʊsɪð
o.vʊm,o.vɪm,ovʊm,ovɪm,oʊvʊm,oʊvɪm
o.vʊn,o.vɪn,ovʊn,ovɪn,oʊvʊn,oʊvɪn
o.vʊŋ,o.vɪŋ,ovʊŋ,ovɪŋ,oʊvʊŋ,oʊvɪŋ
o.vʊp,o.vɪp,ovʊp,ovɪp,oʊvʊp,oʊvɪp
o.vʊt,o.vɪt,ovʊt,ovɪt,oʊvʊt,oʊvɪt
o.vʊk,o.vɪk,ovʊk,ovɪk,oʊvʊk,oʊvɪk
o.vʊb,o.vɪb,ovʊb,ovɪb,oʊvʊb,oʊvɪb
o.vʊd,o.vɪd,ovʊd,ovɪd,oʊvʊd,oʊvɪd
o.vʊg,o.vɪg,ovʊg,ovɪg,oʊvʊg,oʊvɪg
o.vʊf,o.vɪf,ovʊf,ovɪf,oʊvʊf,oʊvɪf
o.vʊs,o.vɪs,ovʊs,ovɪs,oʊvʊs,oʊvɪs
o.vʊv,o.vɪv,ovʊv,ovɪv,oʊvʊv,oʊvɪv
o.vʊz,o.vɪz,ovʊz,ovɪz,oʊvʊz,oʊvɪz
o.vʊʃ,o.vɪʃ,ovʊʃ,ovɪʃ,oʊvʊʃ,oʊvɪʃ
o.vʊʒ,o.vɪʒ,ovʊʒ,ovɪʒ,oʊvʊʒ,oʊvɪʒ
o.vʊθ,o.vɪθ,ovʊθ,ovɪθ,oʊvʊθ,oʊvɪθ
o.vʊð,o.vɪð,ovʊð,ovɪð,oʊvʊð,oʊvɪð
o.zʊm,o.zɪm,ozʊm,ozɪm,oʊzʊm,oʊzɪm
o.zʊn,o.zɪn,ozʊn,ozɪn,oʊzʊn,oʊzɪn
o.zʊŋ,o.zɪŋ,ozʊŋ,ozɪŋ,oʊzʊŋ,oʊzɪŋ
o.zʊp,o.zɪp,ozʊp,ozɪp,oʊzʊp,oʊzɪp
o.zʊt,o.zɪt,ozʊt,ozɪt,oʊzʊt,oʊzɪt
o.zʊk,o.zɪk,ozʊk,ozɪk,oʊzʊk,oʊzɪk
o.zʊb,o.zɪb,ozʊb,ozɪb,oʊzʊb,oʊzɪb
o.zʊd,o.zɪd,ozʊd,ozɪd,oʊzʊd,oʊzɪd
o.zʊg,o.zɪg,ozʊg,ozɪg,oʊzʊg,oʊzɪg
o.zʊf,o.zɪf,ozʊf,ozɪf,oʊzʊf,oʊzɪf
o.zʊs,o.zɪs,ozʊs,ozɪs,oʊzʊs,oʊzɪs
o.zʊv,o.zɪv,ozʊv,ozɪv,oʊzʊv,oʊzɪv
o.zʊz,o.zɪz,ozʊz,ozɪz,oʊzʊz,oʊzɪz
o.zʊʃ,o.zɪʃ,ozʊʃ,ozɪʃ,oʊzʊʃ,oʊzɪʃ
o.zʊʒ,o.zɪʒ,ozʊʒ,ozɪʒ,oʊzʊʒ,oʊzɪʒ
o.zʊθ,o.zɪθ,ozʊθ,ozɪθ,oʊzʊθ,oʊzɪθ
o.zʊð,o.zɪð,ozʊð,ozɪð,oʊzʊð,oʊzɪð
o.ʃʊm,o.ʃɪm,oʃʊm,oʃɪm,oʊʃʊm,oʊʃɪm
o.ʃʊn,o.ʃɪn,oʃʊn,oʃɪn,oʊʃʊn,oʊʃɪn
o.ʃʊŋ,o.ʃɪŋ,oʃʊŋ,oʃɪŋ,oʊʃʊŋ,oʊʃɪŋ
o.ʃʊp,o.ʃɪp,oʃʊp,oʃɪp,oʊʃʊp,oʊʃɪp
o.ʃʊt,o.ʃɪt,oʃʊt,oʃɪt,oʊʃʊt,oʊʃɪt
o.ʃʊk,o.ʃɪk,oʃʊk,oʃɪk,oʊʃʊk,oʊʃɪk
o.ʃʊb,o.ʃɪb,oʃʊb,oʃɪb,oʊʃʊb,oʊʃɪb
o.ʃʊd,o.ʃɪd,oʃʊd,oʃɪd,oʊʃʊd,oʊʃɪd
o.ʃʊg,o.ʃɪg,oʃʊg,oʃɪg,oʊʃʊg,oʊʃɪg
o.ʃʊf,o.ʃɪf,oʃʊf,oʃɪf,oʊʃʊf,oʊʃɪf
o.ʃʊs,o.ʃɪs,oʃʊs,oʃɪs,oʊʃʊs,oʊʃɪs
o.ʃʊv,o.ʃɪv,oʃʊv,oʃɪv,oʊʃʊv,oʊʃɪv
o.ʃʊz,o.ʃɪz,oʃʊz,oʃɪz,oʊʃʊz,oʊʃɪz
o.ʃʊʃ,o.ʃɪʃ,oʃʊʃ,oʃɪʃ,oʊʃʊʃ,oʊʃɪʃ
o.ʃʊʒ,o.ʃɪʒ,oʃʊʒ,oʃɪʒ,oʊʃʊʒ,oʊʃɪʒ
o.ʃʊθ,o.ʃɪθ,oʃʊθ,oʃɪθ,oʊʃʊθ,oʊʃɪθ
o.ʃʊð,o.ʃɪð,oʃʊð,oʃɪð,oʊʃʊð,oʊʃɪð
o.ʒʊm,o.ʒɪm,oʒʊm,oʒɪm,oʊʒʊm,oʊʒɪm
o.ʒʊn,o.ʒɪn,oʒʊn,oʒɪn,oʊʒʊn,oʊʒɪn
o.ʒʊŋ,o.ʒɪŋ,oʒʊŋ,oʒɪŋ,oʊʒʊŋ,oʊʒɪŋ
o.ʒʊp,o.ʒɪp,oʒʊp,oʒɪp,oʊʒʊp,oʊʒɪp
o.ʒʊt,o.ʒɪt,oʒʊt,oʒɪt,oʊʒʊt,oʊʒɪt
o.ʒʊk,o.ʒɪk,oʒʊk,oʒɪk,oʊʒʊk,oʊʒɪk
o.ʒʊb,o.ʒɪb,oʒʊb,oʒɪb,oʊʒʊb,oʊʒɪb
o.ʒʊd,o.ʒɪd,oʒʊd,oʒɪd,oʊʒʊd,oʊʒɪd
o.ʒʊg,o.ʒɪg,oʒʊg,oʒɪg,oʊʒʊg,oʊʒɪg
o.ʒʊf,o.ʒɪf,oʒʊf,oʒɪf,oʊʒʊf,oʊʒɪf
o.ʒʊs,o.ʒɪs,oʒʊs,oʒɪs,oʊʒʊs,oʊʒɪs
o.ʒʊv,o.ʒɪv,oʒʊv,oʒɪv,oʊʒʊv,oʊʒɪv
o.ʒʊz,o.ʒɪz,oʒʊz,oʒɪz,oʊʒʊz,oʊʒɪz
o.ʒʊʃ,o.ʒɪʃ,oʒʊʃ,oʒɪʃ,oʊʒʊʃ,oʊʒɪʃ
o.ʒʊʒ,o.ʒɪʒ,oʒʊʒ,oʒɪʒ,oʊʒʊʒ,oʊʒɪʒ
o.ʒʊθ,o.ʒɪθ,oʒʊθ,oʒɪθ,oʊʒʊθ,oʊʒɪθ
o.ʒʊð,o.ʒɪð,oʒʊð,oʒɪð,oʊʒʊð,oʊʒɪð
o.θʊm,o.θɪm,oθʊm,oθɪm,oʊθʊm,oʊθɪm
o.θʊn,o.θɪn,oθʊn,oθɪn,oʊθʊn,oʊθɪn
o.θʊŋ,o.θɪŋ,oθʊŋ,oθɪŋ,oʊθʊŋ,oʊθɪŋ
o.θʊp,o.θɪp,oθʊp,oθɪp,oʊθʊp,oʊθɪp
o.θʊt,o.θɪt,oθʊt,oθɪt,oʊθʊt,oʊθɪt
o.θʊk,o.θɪk,oθʊk,oθɪk,oʊθʊk,oʊθɪk
o.θʊb,o.θɪb,oθʊb,oθɪb,oʊθʊb,oʊθɪb
o.θʊd,o.θɪd,oθʊd,oθɪd,oʊθʊd,oʊθɪd
o.θʊg,o.θɪg,oθʊg,oθɪg,oʊθʊg,oʊθɪg
o.θʊf,o.θɪf,oθʊf,oθɪf,oʊθʊf,oʊθɪf
o.θʊs,o.θɪs,oθʊs,oθɪs,oʊθʊs,oʊθɪs
o.θʊv,o.θɪv,oθʊv,oθɪv,oʊθʊv,oʊθɪv
o.θʊz,o.θɪz,oθʊz,oθɪz,oʊθʊz,oʊθɪz
o.θʊʃ,o.θɪʃ,oθʊʃ,oθɪʃ,oʊθʊʃ,oʊθɪʃ
o.θʊʒ,o.θɪʒ,oθʊʒ,oθɪʒ,oʊθʊʒ,oʊθɪʒ
o.θʊθ,o.θɪθ,oθʊθ,oθɪθ,oʊθʊθ,oʊθɪθ
o.θʊð,o.θɪð,oθʊð,oθɪð,oʊθʊð,oʊθɪð
o.ðʊm,o.ðɪm,oðʊm,oðɪm,oʊðʊm,oʊðɪm
o.ðʊn,o.ðɪn,oðʊn,oðɪn,oʊðʊn,oʊðɪn
o.ðʊŋ,o.ðɪŋ,oðʊŋ,oðɪŋ,oʊðʊŋ,oʊðɪŋ
o.ðʊp,o.ðɪp,oðʊp,oðɪp,oʊðʊp,oʊðɪp
o.ðʊt,o.ðɪt,oðʊt,oðɪt,oʊðʊt,oʊðɪt
o.ðʊk,o.ðɪk,oðʊk,oðɪk,oʊðʊk,oʊðɪk
o.ðʊb,o.ðɪb,oðʊb,oðɪb,oʊðʊb,oʊðɪb
o.ðʊd,o.ðɪd,oðʊd,oðɪd,oʊðʊd,oʊðɪd
o.ðʊg,o.ðɪg,oðʊg,oðɪg,oʊðʊg,oʊðɪg
o.ðʊf,o.ðɪf,oðʊf,oðɪf,oʊðʊf,oʊðɪf
o.ðʊs,o.ðɪs,oðʊs,oðɪs,oʊðʊs,oʊðɪs
o.ðʊv,o.ðɪv,oðʊv,oðɪv,oʊðʊv,oʊðɪv
o.ðʊz,o.ðɪz,oðʊz,oðɪz,oʊðʊz,oʊðɪz
o.ðʊʃ,o.ðɪʃ,oðʊʃ,oðɪʃ,oʊðʊʃ,oʊðɪʃ
o.ðʊʒ,o.ðɪʒ,oðʊʒ,oðɪʒ,oʊðʊʒ,oʊðɪʒ
o.ðʊθ,o.ðɪθ,oðʊθ,oðɪθ,oʊðʊθ,oʊðɪθ
o.ðʊð,o.ðɪð,oðʊð,oðɪð,oʊðʊð,oʊðɪð
o.hʊm,o.hɪm,ohʊm,ohɪm,oʊhʊm,oʊhɪm
o.hʊn,o.hɪn,ohʊn,ohɪn,oʊhʊn,oʊhɪn
o.hʊŋ,o.hɪŋ,ohʊŋ,ohɪŋ,oʊhʊŋ,oʊhɪŋ
o.hʊp,o.hɪp,ohʊp,ohɪp,oʊhʊp,oʊhɪp
o.hʊt,o.hɪt,ohʊt,ohɪt,oʊhʊt,oʊhɪt
o.hʊk,o.hɪk,ohʊk,ohɪk,oʊhʊk,oʊhɪk
o.hʊb,o.hɪb,ohʊb,ohɪb,oʊhʊb,oʊhɪb
o.hʊd,o.hɪd,ohʊd,ohɪd,oʊhʊd,oʊhɪd
o.hʊg,o.hɪg,ohʊg,ohɪg,oʊhʊg,oʊhɪg
o.hʊf,o.hɪf,ohʊf,ohɪf,oʊhʊf,oʊhɪf
o.hʊs,o.hɪs,ohʊs,ohɪs,oʊhʊs,oʊhɪs
o.hʊv,o.hɪv,ohʊv,ohɪv,oʊhʊv,oʊhɪv
o.hʊz,o.hɪz,ohʊz,ohɪz,oʊhʊz,oʊhɪz
o.hʊʃ,o.hɪʃ,ohʊʃ,ohɪʃ,oʊhʊʃ,oʊhɪʃ
o.hʊʒ,o.hɪʒ,ohʊʒ,ohɪʒ,oʊhʊʒ,oʊhɪʒ
o.hʊθ,o.hɪθ,ohʊθ,ohɪθ,oʊhʊθ,oʊhɪθ
o.hʊð,o.hɪð,ohʊð,ohɪð,oʊhʊð,oʊhɪð
o.mɔm,o.mɛm,omɔm,omɛm,oʊmɔm,oʊmɛm
o.mɔn,o.mɛn,omɔn,omɛn,oʊmɔn,oʊmɛn
o.mɔŋ,o.mɛŋ,omɔŋ,omɛŋ,oʊmɔŋ,oʊmɛŋ
o.mɔp,o.mɛp,omɔp,omɛp,oʊmɔp,oʊmɛp
o.mɔt,o.mɛt,omɔt,omɛt,oʊmɔt,oʊmɛt
o.mɔk,o.mɛk,omɔk,omɛk,oʊmɔk,oʊmɛk
o.mɔb,o.mɛb,omɔb,omɛb,oʊmɔb,oʊmɛb
o.mɔd,o.mɛd,omɔd,omɛd,oʊmɔd,oʊmɛd
o.mɔg,o.mɛg,omɔg,omɛg,oʊmɔg,oʊmɛg
o.mɔf,o.mɛf,omɔf,omɛf,oʊmɔf,oʊmɛf
o.mɔs,o.mɛs,omɔs,omɛs,oʊmɔs,oʊmɛs
o.mɔv,o.mɛv,omɔv,omɛv,oʊmɔv,oʊmɛv
o.mɔz,o.mɛz,omɔz,omɛz,oʊmɔz,oʊmɛz
o.mɔʃ,o.mɛʃ,omɔʃ,omɛʃ,oʊmɔʃ,oʊmɛʃ
o.mɔʒ,o.mɛʒ,omɔʒ,omɛʒ,oʊmɔʒ,oʊmɛʒ
o.mɔθ,o.mɛθ,omɔθ,omɛθ,oʊmɔθ,oʊmɛθ
o.mɔð,o.mɛð,omɔð,omɛð,oʊmɔð,oʊmɛð
o.nɔm,o.nɛm,onɔm,onɛm,oʊnɔm,oʊnɛm
o.nɔn,o.nɛn,onɔn,onɛn,oʊnɔn,oʊnɛn
o.nɔŋ,o.nɛŋ,onɔŋ,onɛŋ,oʊnɔŋ,oʊnɛŋ
o.nɔp,o.nɛp,onɔp,onɛp,oʊnɔp,oʊnɛp
o.nɔt,o.nɛt,onɔt,onɛt,oʊnɔt,oʊnɛt
o.nɔk,o.nɛk,onɔk,onɛk,oʊnɔk,oʊnɛk
o.nɔb,o.nɛb,onɔb,onɛb,oʊnɔb,oʊnɛb
o.nɔd,o.nɛd,onɔd,onɛd,oʊnɔd,oʊnɛd
o.nɔg,o.nɛg,onɔg,onɛg,oʊnɔg,oʊnɛg
o.nɔf,o.nɛf,onɔf,onɛf,oʊnɔf,oʊnɛf
o.nɔs,o.nɛs,onɔs,onɛs,oʊnɔs,oʊnɛs
o.nɔv,o.nɛv,onɔv,onɛv,oʊnɔv,oʊnɛv
o.nɔz,o.nɛz,onɔz,onɛz,oʊnɔz,oʊnɛz
o.nɔʃ,o.nɛʃ,onɔʃ,onɛʃ,oʊnɔʃ,oʊnɛʃ
o.nɔʒ,o.nɛʒ,onɔʒ,onɛʒ,oʊnɔʒ,oʊnɛʒ
o.nɔθ,o.nɛθ,onɔθ,onɛθ,oʊnɔθ,oʊnɛθ
o.nɔð,o.nɛð,onɔð,onɛð,oʊnɔð,oʊnɛð
o.pɔm,o.pɛm,opɔm,opɛm,oʊpɔm,oʊpɛm
o.pɔn,o.pɛn,opɔn,opɛn,oʊpɔn,oʊpɛn
o.pɔŋ,o.pɛŋ,opɔŋ,opɛŋ,oʊpɔŋ,oʊpɛŋ
o.pɔp,o.pɛp,opɔp,opɛp,oʊpɔp,oʊpɛp
o.pɔt,o.pɛt,opɔt,opɛt,oʊpɔt,oʊpɛt
o.pɔk,o.pɛk,opɔk,opɛk,oʊpɔk,oʊpɛk
o.pɔb,o.pɛb,opɔb,opɛb,oʊpɔb,oʊpɛb
o.pɔd,o.pɛd,opɔd,opɛd,oʊpɔd,oʊpɛd
o.pɔg,o.pɛg,opɔg,opɛg,oʊpɔg,oʊpɛg
o.pɔf,o.pɛf,opɔf,opɛf,oʊpɔf,oʊpɛf
o.pɔs,o.pɛs,opɔs,opɛs,oʊpɔs,oʊpɛs
o.pɔv,o.pɛv,opɔv,opɛv,oʊpɔv,oʊpɛv
o.pɔz,o.pɛz,opɔz,opɛz,oʊpɔz,oʊpɛz
o.pɔʃ,o.pɛʃ,opɔʃ,opɛʃ,oʊpɔʃ,oʊpɛʃ
o.pɔʒ,o.pɛʒ,opɔʒ,opɛʒ,oʊpɔʒ,oʊpɛʒ
o.pɔθ,o.pɛθ,opɔθ,opɛθ,oʊpɔθ,oʊpɛθ
o.pɔð,o.pɛð,opɔð,opɛð,oʊpɔð,oʊpɛð
o.tɔm,o.tɛm,otɔm,otɛm,oʊtɔm,oʊtɛm
o.tɔn,o.tɛn,otɔn,otɛn,oʊtɔn,oʊtɛn
o.tɔŋ,o.tɛŋ,otɔŋ,otɛŋ,oʊtɔŋ,oʊtɛŋ
o.tɔp,o.tɛp,otɔp,otɛp,oʊtɔp,oʊtɛp
o.tɔt,o.tɛt,otɔt,otɛt,oʊtɔt,oʊtɛt
o.tɔk,o.tɛk,otɔk,otɛk,oʊtɔk,oʊtɛk
o.tɔb,o.tɛb,otɔb,otɛb,oʊtɔb,oʊtɛb
o.tɔd,o.tɛd,otɔd,otɛd,oʊtɔd,oʊtɛd
o.tɔg,o.tɛg,otɔg,otɛg,oʊtɔg,oʊtɛg
o.tɔf,o.tɛf,otɔf,otɛf,oʊtɔf,oʊtɛf
o.tɔs,o.tɛs,otɔs,otɛs,oʊtɔs,oʊtɛs
o.tɔv,o.tɛv,otɔv,otɛv,oʊtɔv,oʊtɛv
o.tɔz,o.tɛz,otɔz,otɛz,oʊtɔz,oʊtɛz
o.tɔʃ,o.tɛʃ,otɔʃ,otɛʃ,oʊtɔʃ,oʊtɛʃ
o.tɔʒ,o.tɛʒ,otɔʒ,otɛʒ,oʊtɔʒ,oʊtɛʒ
o.tɔθ,o.tɛθ,otɔθ,otɛθ,oʊtɔθ,oʊtɛθ
o.tɔð,o.tɛð,otɔð,otɛð,oʊtɔð,oʊtɛð
o.kɔm,o.kɛm,okɔm,okɛm,oʊkɔm,oʊkɛm
o.kɔn,o.kɛn,okɔn,okɛn,oʊkɔn,oʊkɛn
o.kɔŋ,o.kɛŋ,okɔŋ,okɛŋ,oʊkɔŋ,oʊkɛŋ
o.kɔp,o.kɛp,okɔp,okɛp,oʊkɔp,oʊkɛp
o.kɔt,o.kɛt,okɔt,okɛt,oʊkɔt,oʊkɛt
o.kɔk,o.kɛk,okɔk,okɛk,oʊkɔk,oʊkɛk
o.kɔb,o.kɛb,okɔb,okɛb,oʊkɔb,oʊkɛb
o.kɔd,o.kɛd,okɔd,okɛd,oʊkɔd,oʊkɛd
o.kɔg,o.kɛg,okɔg,okɛg,oʊkɔg,oʊkɛg
o.kɔf,o.kɛf,okɔf,okɛf,oʊkɔf,oʊkɛf
o.kɔs,o.kɛs,okɔs,okɛs,oʊkɔs,oʊkɛs
o.kɔv,o.kɛv,okɔv,okɛv,oʊkɔv,oʊkɛv
o.kɔz,o.kɛz,okɔz,okɛz,oʊkɔz,oʊkɛz
o.kɔʃ,o.kɛʃ,okɔʃ,okɛʃ,oʊkɔʃ,oʊkɛʃ
o.kɔʒ,o.kɛʒ,okɔʒ,okɛʒ,oʊkɔʒ,oʊkɛʒ
o.kɔθ,o.kɛθ,okɔθ,okɛθ,oʊkɔθ,oʊkɛθ
o.kɔð,o.kɛð,okɔð,okɛð,oʊkɔð,oʊkɛð
o.bɔm,o.bɛm,obɔm,obɛm,oʊbɔm,oʊbɛm
o.bɔn,o.bɛn,obɔn,obɛn,oʊbɔn,oʊbɛn
o.bɔŋ,o.bɛŋ,obɔŋ,obɛŋ,oʊbɔŋ,oʊbɛŋ
o.bɔp,o.bɛp,obɔp,obɛp,oʊbɔp,oʊbɛp
o.bɔt,o.bɛt,obɔt,obɛt,oʊbɔt,oʊbɛt
o.bɔk,o.bɛk,obɔk,obɛk,oʊbɔk,oʊbɛk
o.bɔb,o.bɛb,obɔb,obɛb,oʊbɔb,oʊbɛb
o.bɔd,o.bɛd,obɔd,obɛd,oʊbɔd,oʊbɛd
o.bɔg,o.bɛg,obɔg,obɛg,oʊbɔg,oʊbɛg
o.bɔf,o.bɛf,obɔf,obɛf,oʊbɔf,oʊbɛf
o.bɔs,o.bɛs,obɔs,obɛs,oʊbɔs,oʊbɛs
o.bɔv,o.bɛv,obɔv,obɛv,oʊbɔv,oʊbɛv
o.bɔz,o.bɛz,obɔz,obɛz,oʊbɔz,oʊbɛz
o.bɔʃ,o.bɛʃ,obɔʃ,obɛʃ,oʊbɔʃ,oʊbɛʃ
o.bɔʒ,o.bɛʒ,obɔʒ,obɛʒ,oʊbɔʒ,oʊbɛʒ
o.bɔθ,o.bɛθ,obɔθ,obɛθ,oʊbɔθ,oʊbɛθ
o.bɔð,o.bɛð,obɔð,obɛð,oʊbɔð,oʊbɛð
o.dɔm,o.dɛm,odɔm,odɛm,oʊdɔm,oʊdɛm
o.dɔn,o.dɛn,odɔn,odɛn,oʊdɔn,oʊdɛn
o.dɔŋ,o.dɛŋ,odɔŋ,odɛŋ,oʊdɔŋ,oʊdɛŋ
o.dɔp,o.dɛp,odɔp,odɛp,oʊdɔp,oʊdɛp
o.dɔt,o.dɛt,odɔt,odɛt,oʊdɔt,oʊdɛt
o.dɔk,o.dɛk,odɔk,odɛk,oʊdɔk,oʊdɛk
o.dɔb,o.dɛb,odɔb,odɛb,oʊdɔb,oʊdɛb
o.dɔd,o.dɛd,odɔd,odɛd,oʊdɔd,oʊdɛd
o.dɔg,o.dɛg,odɔg,odɛg,oʊdɔg,oʊdɛg
o.dɔf,o.dɛf,odɔf,odɛf,oʊdɔf,oʊdɛf
o.dɔs,o.dɛs,odɔs,odɛs,oʊdɔs,oʊdɛs
o.dɔv,o.dɛv,odɔv,odɛv,oʊdɔv,oʊdɛv
o.dɔz,o.dɛz,odɔz,odɛz,oʊdɔz,oʊdɛz
o.dɔʃ,o.dɛʃ,odɔʃ,odɛʃ,oʊdɔʃ,oʊdɛʃ
o.dɔʒ,o.dɛʒ,odɔʒ,odɛʒ,oʊdɔʒ,oʊdɛʒ
o.dɔθ,o.dɛθ,odɔθ,odɛθ,oʊdɔθ,oʊdɛθ
o.dɔð,o.dɛð,odɔð,odɛð,oʊdɔð,oʊdɛð
o.gɔm,o.gɛm,ogɔm,ogɛm,oʊgɔm,oʊgɛm
o.gɔn,o.gɛn,ogɔn,ogɛn,oʊgɔn,oʊgɛn
o.gɔŋ,o.gɛŋ,ogɔŋ,ogɛŋ,oʊgɔŋ,oʊgɛŋ
o.gɔp,o.gɛp,ogɔp,ogɛp,oʊgɔp,oʊgɛp
o.gɔt,o.gɛt,ogɔt,ogɛt,oʊgɔt,oʊgɛt
o.gɔk,o.gɛk,ogɔk,ogɛk,oʊgɔk,oʊgɛk
o.gɔb,o.gɛb,ogɔb,ogɛb,oʊgɔb,oʊgɛb
o.gɔd,o.gɛd,ogɔd,ogɛd,oʊgɔd,oʊgɛd
o.gɔg,o.gɛg,ogɔg,ogɛg,oʊgɔg,oʊgɛg
o.gɔf,o.gɛf,ogɔf,ogɛf,oʊgɔf,oʊgɛf
o.gɔs,o.gɛs,ogɔs,ogɛs,oʊgɔs,oʊgɛs
o.gɔv,o.gɛv,ogɔv,ogɛv,oʊgɔv,oʊgɛv
o.gɔz,o.gɛz,ogɔz,ogɛz,oʊgɔz,oʊgɛz
o.gɔʃ,o.gɛʃ,ogɔʃ,ogɛʃ,oʊgɔʃ,oʊgɛʃ
o.gɔʒ,o.gɛʒ,ogɔʒ,ogɛʒ,oʊgɔʒ,oʊgɛʒ
o.gɔθ,o.gɛθ,ogɔθ,ogɛθ,oʊgɔθ,oʊgɛθ
o.gɔð,o.gɛð,ogɔð,ogɛð,oʊgɔð,oʊgɛð
o.fɔm,o.fɛm,ofɔm,ofɛm,oʊfɔm,oʊfɛm
o.fɔn,o.fɛn,ofɔn,ofɛn,oʊfɔn,oʊfɛn
o.fɔŋ,o.fɛŋ,ofɔŋ,ofɛŋ,oʊfɔŋ,oʊfɛŋ
o.fɔp,o.fɛp,ofɔp,ofɛp,oʊfɔp,oʊfɛp
o.fɔt,o.fɛt,ofɔt,ofɛt,oʊfɔt,oʊfɛt
o.fɔk,o.fɛk,ofɔk,ofɛk,oʊfɔk,oʊfɛk
o.fɔb,o.fɛb,ofɔb,ofɛb,oʊfɔb,oʊfɛb
o.fɔd,o.fɛd,ofɔd,ofɛd,oʊfɔd,oʊfɛd
o.fɔg,o.fɛg,ofɔg,ofɛg,oʊfɔg,oʊfɛg
o.fɔf,o.fɛf,ofɔf,ofɛf,oʊfɔf,oʊfɛf
o.fɔs,o.fɛs,ofɔs,ofɛs,oʊfɔs,oʊfɛs
o.fɔv,o.fɛv,ofɔv,ofɛv,oʊfɔv,oʊfɛv
o.fɔz,o.fɛz,ofɔz,ofɛz,oʊfɔz,oʊfɛz
o.fɔʃ,o.fɛʃ,ofɔʃ,ofɛʃ,oʊfɔʃ,oʊfɛʃ
o.fɔʒ,o.fɛʒ,ofɔʒ,ofɛʒ,oʊfɔʒ,oʊfɛʒ
o.fɔθ,o.fɛθ,ofɔθ,ofɛθ,oʊfɔθ,oʊfɛθ
o.fɔð,o.fɛð,ofɔð,ofɛð,oʊfɔð,oʊfɛð
o.sɔm,o.sɛm,osɔm,osɛm,oʊsɔm,oʊsɛm
o.sɔn,o.sɛn,osɔn,osɛn,oʊsɔn,oʊsɛn
o.sɔŋ,o.sɛŋ,osɔŋ,osɛŋ,oʊsɔŋ,oʊsɛŋ
o.sɔp,o.sɛp,osɔp,osɛp,oʊsɔp,oʊsɛp
o.sɔt,o.sɛt,osɔt,osɛt,oʊsɔt,oʊsɛt
o.sɔk,o.sɛk,osɔk,osɛk,oʊsɔk,oʊsɛk
o.sɔb,o.sɛb,osɔb,osɛb,oʊsɔb,oʊsɛb
o.sɔd,o.sɛd,osɔd,osɛd,oʊsɔd,oʊsɛd
o.sɔg,o.sɛg,osɔg,osɛg,oʊsɔg,oʊsɛg
o.sɔf,o.sɛf,osɔf,osɛf,oʊsɔf,oʊsɛf
o.sɔs,o.sɛs,osɔs,osɛs,oʊsɔs,oʊsɛs
o.sɔv,o.sɛv,osɔv,osɛv,oʊsɔv,oʊsɛv
o.sɔz,o.sɛz,osɔz,osɛz,oʊsɔz,oʊsɛz
o.sɔʃ,o.sɛʃ,osɔʃ,osɛʃ,oʊsɔʃ,oʊsɛʃ
o.sɔʒ,o.sɛʒ,osɔʒ,osɛʒ,oʊsɔʒ,oʊsɛʒ
o.sɔθ,o.sɛθ,osɔθ,osɛθ,oʊsɔθ,oʊsɛθ
o.sɔð,o.sɛð,osɔð,osɛð,oʊsɔð,oʊsɛð
o.vɔm,o.vɛm,ovɔm,ovɛm,oʊvɔm,oʊvɛm
o.vɔn,o.vɛn,ovɔn,ovɛn,oʊvɔn,oʊvɛn
o.vɔŋ,o.vɛŋ,ovɔŋ,ovɛŋ,oʊvɔŋ,oʊvɛŋ
o.vɔp,o.vɛp,ovɔp,ovɛp,oʊvɔp,oʊvɛp
o.vɔt,o.vɛt,ovɔt,ovɛt,oʊvɔt,oʊvɛt
o.vɔk,o.vɛk,ovɔk,ovɛk,oʊvɔk,oʊvɛk
o.vɔb,o.vɛb,ovɔb,ovɛb,oʊvɔb,oʊvɛb
o.vɔd,o.vɛd,ovɔd,ovɛd,oʊvɔd,oʊvɛd
o.vɔg,o.vɛg,ovɔg,ovɛg,oʊvɔg,oʊvɛg
o.vɔf,o.vɛf,ovɔf,ovɛf,oʊvɔf,oʊvɛf
o.vɔs,o.vɛs,ovɔs,ovɛs,oʊvɔs,oʊvɛs
o.vɔv,o.vɛv,ovɔv,ovɛv,oʊvɔv,oʊvɛv
o.vɔz,o.vɛz,ovɔz,ovɛz,oʊvɔz,oʊvɛz
o.vɔʃ,o.vɛʃ,ovɔʃ,ovɛʃ,oʊvɔʃ,oʊvɛʃ
o.vɔʒ,o.vɛʒ,ovɔʒ,ovɛʒ,oʊvɔʒ,oʊvɛʒ
o.vɔθ,o.vɛθ,ovɔθ,ovɛθ,oʊvɔθ,oʊvɛθ
o.vɔð,o.vɛð,ovɔð,ovɛð,oʊvɔð,oʊvɛð
o.zɔm,o.zɛm,ozɔm,ozɛm,oʊzɔm,oʊzɛm
o.zɔn,o.zɛn,ozɔn,ozɛn,oʊzɔn,oʊzɛn
o.zɔŋ,o.zɛŋ,ozɔŋ,ozɛŋ,oʊzɔŋ,oʊzɛŋ
o.zɔp,o.zɛp,ozɔp,ozɛp,oʊzɔp,oʊzɛp
o.zɔt,o.zɛt,ozɔt,ozɛt,oʊzɔt,oʊzɛt
o.zɔk,o.zɛk,ozɔk,ozɛk,oʊzɔk,oʊzɛk
o.zɔb,o.zɛb,ozɔb,ozɛb,oʊzɔb,oʊzɛb
o.zɔd,o.zɛd,ozɔd,ozɛd,oʊzɔd,oʊzɛd
o.zɔg,o.zɛg,ozɔg,ozɛg,oʊzɔg,oʊzɛg
o.zɔf,o.zɛf,ozɔf,ozɛf,oʊzɔf,oʊzɛf
o.zɔs,o.zɛs,ozɔs,ozɛs,oʊzɔs,oʊzɛs
o.zɔv,o.zɛv,ozɔv,ozɛv,oʊzɔv,oʊzɛv
o.zɔz,o.zɛz,ozɔz,ozɛz,oʊzɔz,oʊzɛz
o.zɔʃ,o.zɛʃ,ozɔʃ,ozɛʃ,oʊzɔʃ,oʊzɛʃ
o.zɔʒ,o.zɛʒ,ozɔʒ,ozɛʒ,oʊzɔʒ,oʊzɛʒ
o.zɔθ,o.zɛθ,ozɔθ,ozɛθ,oʊzɔθ,oʊzɛθ
o.zɔð,o.zɛð,ozɔð,ozɛð,oʊzɔð,oʊzɛð
o.ʃɔm,o.ʃɛm,oʃɔm,oʃɛm,oʊʃɔm,oʊʃɛm
o.ʃɔn,o.ʃɛn,oʃɔn,oʃɛn,oʊʃɔn,oʊʃɛn
o.ʃɔŋ,o.ʃɛŋ,oʃɔŋ,oʃɛŋ,oʊʃɔŋ,oʊʃɛŋ
o.ʃɔp,o.ʃɛp,oʃɔp,oʃɛp,oʊʃɔp,oʊʃɛp
o.ʃɔt,o.ʃɛt,oʃɔt,oʃɛt,oʊʃɔt,oʊʃɛt
o.ʃɔk,o.ʃɛk,oʃɔk,oʃɛk,oʊʃɔk,oʊʃɛk
o.ʃɔb,o.ʃɛb,oʃɔb,oʃɛb,oʊʃɔb,oʊʃɛb
o.ʃɔd,o.ʃɛd,oʃɔd,oʃɛd,oʊʃɔd,oʊʃɛd
o.ʃɔg,o.ʃɛg,oʃɔg,oʃɛg,oʊʃɔg,oʊʃɛg
o.ʃɔf,o.ʃɛf,oʃɔf,oʃɛf,oʊʃɔf,oʊʃɛf
o.ʃɔs,o.ʃɛs,oʃɔs,oʃɛs,oʊʃɔs,oʊʃɛs
o.ʃɔv,o.ʃɛv,oʃɔv,oʃɛv,oʊʃɔv,oʊʃɛv
o.ʃɔz,o.ʃɛz,oʃɔz,oʃɛz,oʊʃɔz,oʊʃɛz
o.ʃɔʃ,o.ʃɛʃ,oʃɔʃ,oʃɛʃ,oʊʃɔʃ,oʊʃɛʃ
o.ʃɔʒ,o.ʃɛʒ,oʃɔʒ,oʃɛʒ,oʊʃɔʒ,oʊʃɛʒ
o.ʃɔθ,o.ʃɛθ,oʃɔθ,oʃɛθ,oʊʃɔθ,oʊʃɛθ
o.ʃɔð,o.ʃɛð,oʃɔð,oʃɛð,oʊʃɔð,oʊʃɛð
o.ʒɔm,o.ʒɛm,oʒɔm,oʒɛm,oʊʒɔm,oʊʒɛm
o.ʒɔn,o.ʒɛn,oʒɔn,oʒɛn,oʊʒɔn,oʊʒɛn
o.ʒɔŋ,o.ʒɛŋ,oʒɔŋ,oʒɛŋ,oʊʒɔŋ,oʊʒɛŋ
o.ʒɔp,o.ʒɛp,oʒɔp,oʒɛp,oʊʒɔp,oʊʒɛp
o.ʒɔt,o.ʒɛt,oʒɔt,oʒɛt,oʊʒɔt,oʊʒɛt
o.ʒɔk,o.ʒɛk,oʒɔk,oʒɛk,oʊʒɔk,oʊʒɛk
o.ʒɔb,o.ʒɛb,oʒɔb,oʒɛb,oʊʒɔb,oʊʒɛb
o.ʒɔd,o.ʒɛd,oʒɔd,oʒɛd,oʊʒɔd,oʊʒɛd
o.ʒɔg,o.ʒɛg,oʒɔg,oʒɛg,oʊʒɔg,oʊʒɛg
o.ʒɔf,o.ʒɛf,oʒɔf,oʒɛf,oʊʒɔf,oʊʒɛf
o.ʒɔs,o.ʒɛs,oʒɔs,oʒɛs,oʊʒɔs,oʊʒɛs
o.ʒɔv,o.ʒɛv,oʒɔv,oʒɛv,oʊʒɔv,oʊʒɛv
o.ʒɔz,o.ʒɛz,oʒɔz,oʒɛz,oʊʒɔz,oʊʒɛz
o.ʒɔʃ,o.ʒɛʃ,oʒɔʃ,oʒɛʃ,oʊʒɔʃ,oʊʒɛʃ
o.ʒɔʒ,o.ʒɛʒ,oʒɔʒ,oʒɛʒ,oʊʒɔʒ,oʊʒɛʒ
o.ʒɔθ,o.ʒɛθ,oʒɔθ,oʒɛθ,oʊʒɔθ,oʊʒɛθ
o.ʒɔð,o.ʒɛð,oʒɔð,oʒɛð,oʊʒɔð,oʊʒɛð
o.θɔm,o.θɛm,oθɔm,oθɛm,oʊθɔm,oʊθɛm
o.θɔn,o.θɛn,oθɔn,oθɛn,oʊθɔn,oʊθɛn
o.θɔŋ,o.θɛŋ,oθɔŋ,oθɛŋ,oʊθɔŋ,oʊθɛŋ
o.θɔp,o.θɛp,oθɔp,oθɛp,oʊθɔp,oʊθɛp
o.θɔt,o.θɛt,oθɔt,oθɛt,oʊθɔt,oʊθɛt
o.θɔk,o.θɛk,oθɔk,oθɛk,oʊθɔk,oʊθɛk
o.θɔb,o.θɛb,oθɔb,oθɛb,oʊθɔb,oʊθɛb
o.θɔd,o.θɛd,oθɔd,oθɛd,oʊθɔd,oʊθɛd
o.θɔg,o.θɛg,oθɔg,oθɛg,oʊθɔg,oʊθɛg
o.θɔf,o.θɛf,oθɔf,oθɛf,oʊθɔf,oʊθɛf
o.θɔs,o.θɛs,oθɔs,oθɛs,oʊθɔs,oʊθɛs
o.θɔv,o.θɛv,oθɔv,oθɛv,oʊθɔv,oʊθɛv
o.θɔz,o.θɛz,oθɔz,oθɛz,oʊθɔz,oʊθɛz
o.θɔʃ,o.θɛʃ,oθɔʃ,oθɛʃ,oʊθɔʃ,oʊθɛʃ
o.θɔʒ,o.θɛʒ,oθɔʒ,oθɛʒ,oʊθɔʒ,oʊθɛʒ
o.θɔθ,o.θɛθ,oθɔθ,oθɛθ,oʊθɔθ,oʊθɛθ
o.θɔð,o.θɛð,oθɔð,oθɛð,oʊθɔð,oʊθɛð
o.ðɔm,o.ðɛm,oðɔm,oðɛm,oʊðɔm,oʊðɛm
o.ðɔn,o.ðɛn,oðɔn,oðɛn,oʊðɔn,oʊðɛn
o.ðɔŋ,o.ðɛŋ,oðɔŋ,oðɛŋ,oʊðɔŋ,oʊðɛŋ
o.ðɔp,o.ðɛp,oðɔp,oðɛp,oʊðɔp,oʊðɛp
o.ðɔt,o.ðɛt,oðɔt,oðɛt,oʊðɔt,oʊðɛt
o.ðɔk,o.ðɛk,oðɔk,oðɛk,oʊðɔk,oʊðɛk
o.ðɔb,o.ðɛb,oðɔb,oðɛb,oʊðɔb,oʊðɛb
o.ðɔd,o.ðɛd,oðɔd,oðɛd,oʊðɔd,oʊðɛd
o.ðɔg,o.ðɛg,oðɔg,oðɛg,oʊðɔg,oʊðɛg
o.ðɔf,o.ðɛf,oðɔf,oðɛf,oʊðɔf,oʊðɛf
o.ðɔs,o.ðɛs,oðɔs,oðɛs,oʊðɔs,oʊðɛs
o.ðɔv,o.ðɛv,oðɔv,oðɛv,oʊðɔv,oʊðɛv
o.ðɔz,o.ðɛz,oðɔz,oðɛz,oʊðɔz,oʊðɛz
o.ðɔʃ,o.ðɛʃ,oðɔʃ,oðɛʃ,oʊðɔʃ,oʊðɛʃ
o.ðɔʒ,o.ðɛʒ,oðɔʒ,oðɛʒ,oʊðɔʒ,oʊðɛʒ
o.ðɔθ,o.ðɛθ,oðɔθ,oðɛθ,oʊðɔθ,oʊðɛθ
o.ðɔð,o.ðɛð,oðɔð,oðɛð,oʊðɔð,oʊðɛð
o.hɔm,o.hɛm,ohɔm,ohɛm,oʊhɔm,oʊhɛm
o.hɔn,o.hɛn,ohɔn,ohɛn,oʊhɔn,oʊhɛn
o.hɔŋ,o.hɛŋ,ohɔŋ,ohɛŋ,oʊhɔŋ,oʊhɛŋ
o.hɔp,o.hɛp,ohɔp,ohɛp,oʊhɔp,oʊhɛp
o.hɔt,o.hɛt,ohɔt,ohɛt,oʊhɔt,oʊhɛt
o.hɔk,o.hɛk,ohɔk,ohɛk,oʊhɔk,oʊhɛk
o.hɔb,o.hɛb,ohɔb,ohɛb,oʊhɔb,oʊhɛb
o.hɔd,o.hɛd,ohɔd,ohɛd,oʊhɔd,oʊhɛd
o.hɔg,o.hɛg,ohɔg,ohɛg,oʊhɔg,oʊhɛg
o.hɔf,o.hɛf,ohɔf,ohɛf,oʊhɔf,oʊhɛf
o.hɔs,o.hɛs,ohɔs,ohɛs,oʊhɔs,oʊhɛs
o.hɔv,o.hɛv,ohɔv,ohɛv,oʊhɔv,oʊhɛv
o.hɔz,o.hɛz,ohɔz,ohɛz,oʊhɔz,oʊhɛz
o.hɔʃ,o.hɛʃ,ohɔʃ,ohɛʃ,oʊhɔʃ,oʊhɛʃ
o.hɔʒ,o.hɛʒ,ohɔʒ,ohɛʒ,oʊhɔʒ,oʊhɛʒ
o.hɔθ,o.hɛθ,ohɔθ,ohɛθ,oʊhɔθ,oʊhɛθ
o.hɔð,o.hɛð,ohɔð,ohɛð,oʊhɔð,oʊhɛð
mi.mi,mi.mu,mimi,mimu,mimi,mimu
mi.ni,mi.nu,mini,minu,mini,minu
mi.pi,mi.pu,mipi,mipu,mipi,mipu
mi.ti,mi.tu,miti,mitu,miti,mitu
mi.ki,mi.ku,miki,miku,miki,miku
mi.bi,mi.bu,mibi,mibu,mibi,mibu
mi.di,mi.du,midi,midu,midi,midu
mi.gi,mi.gu,migi,migu,migi,migu
mi.fi,mi.fu,mifi,mifu,mifi,mifu
mi.si,mi.su,misi,misu,misi,misu
mi.vi,mi.vu,mivi,mivu,mivi,mivu
mi.zi,mi.zu,mizi,mizu,mizi,mizu
mi.ʃi,mi.ʃu,miʃi,miʃu,miʃi,miʃu
mi.ʒi,mi.ʒu,miʒi,miʒu,miʒi,miʒu
mi.θi,mi.θu,miθi,miθu,miθi,miθu
mi.ði,mi.ðu,miði,miðu,miði,miðu
mi.hi,mi.hu,mihi,mihu,mihi,mihu
mi.me,mi.mo,mime,mimo,mimeɪ,mimoʊ
mi.ne,mi.no,mine,mino,mineɪ,minoʊ
mi.pe,mi.po,mipe,mipo,mipeɪ,mipoʊ
mi.te,mi.to,mite,mito,miteɪ,mitoʊ
mi.ke,mi.ko,mike,miko,mikeɪ,mikoʊ
mi.be,mi.bo,mibe,mibo,mibeɪ,miboʊ
mi.de,mi.do,mide,mido,mideɪ,midoʊ
mi.ge,mi.go,mige,migo,migeɪ,migoʊ
mi.fe,mi.fo,mife,mifo,mifeɪ,mifoʊ
mi.se,mi.so,mise,miso,miseɪ,misoʊ
mi.ve,mi.vo,mive,mivo,miveɪ,mivoʊ
mi.ze,mi.zo,mize,mizo,mizeɪ,mizoʊ
mi.ʃe,mi.ʃo,miʃe,miʃo,miʃeɪ,miʃoʊ
mi.ʒe,mi.ʒo,miʒe,miʒo,miʒeɪ,miʒoʊ
mi.θe,mi.θo,miθe,miθo,miθeɪ,miθoʊ
mi.ðe,mi.ðo,miðe,miðo,miðeɪ,miðoʊ
mi.he,mi.ho,mihe,miho,miheɪ,mihoʊ
mi.mu,mi.mi,mimu,mimi,mimu,mimi
mi.nu,mi.ni,minu,mini,minu,mini
mi.pu,mi.pi,mipu,mipi,mipu,mipi
mi.tu,mi.ti,mitu,miti,mitu,miti
mi.ku,mi.ki,miku,miki,miku,miki
mi.bu,mi.bi,mibu,mibi,mibu,mibi
mi.du,mi.di,midu,midi,midu,midi
mi.gu,mi.gi,migu,migi,migu,migi
mi.fu,mi.fi,mifu,mifi,mifu,mifi
mi.su,mi.si,misu,misi,misu,misi
mi.vu,mi.vi,mivu,mivi,mivu,mivi
mi.zu,mi.zi,mizu,mizi,mizu,mizi
mi.ʃu,mi.ʃi,miʃu,miʃi,miʃu,miʃi
mi.ʒu,mi.ʒi,miʒu,miʒi,miʒu,miʒi
mi.θu,mi.θi,miθu,miθi,miθu,miθi
mi.ðu,mi.ði,miðu,miði,miðu,miði
mi.hu,mi.hi,mihu,mihi,mihu,mihi
mi.mo,mi.me,mimo,mime,mimoʊ,mimeɪ
mi.no,mi.ne,mino,mine,minoʊ,mineɪ
mi.po,mi.pe,mipo,mipe,mipoʊ,mipeɪ
mi.to,mi.te,mito,mite,mitoʊ,miteɪ
mi.ko,mi.ke,miko,mike,mikoʊ,mikeɪ
mi.bo,mi.be,mibo,mibe,miboʊ,mibeɪ
mi.do,mi.de,mido,mide,midoʊ,mideɪ
mi.go,mi.ge,migo,mige,migoʊ,migeɪ
mi.fo,mi.fe,mifo,mife,mifoʊ,mifeɪ
mi.so,mi.se,miso,mise,misoʊ,miseɪ
mi.vo,mi.ve,mivo,mive,mivoʊ,miveɪ
mi.zo,mi.ze,mizo,mize,mizoʊ,mizeɪ
mi.ʃo,mi.ʃe,miʃo,miʃe,miʃoʊ,miʃeɪ
mi.ʒo,mi.ʒe,miʒo,miʒe,miʒoʊ,miʒeɪ
mi.θo,mi.θe,miθo,miθe,miθoʊ,miθeɪ
mi.ðo,mi.ðe,miðo,miðe,miðoʊ,miðeɪ
mi.ho,mi.he,miho,mihe,mihoʊ,miheɪ
ni.mi,ni.mu,nimi,nimu,nimi,nimu
ni.ni,ni.nu,nini,ninu,nini,ninu
ni.pi,ni.pu,nipi,nipu,nipi,nipu
ni.ti,ni.tu,niti,nitu,niti,nitu
ni.ki,ni.ku,niki,niku,niki,niku
ni.bi,ni.bu,nibi,nibu,nibi,nibu
ni.di,ni.du,nidi,nidu,nidi,nidu
ni.gi,ni.gu,nigi,nigu,nigi,nigu
ni.fi,ni.fu,nifi,nifu,nifi,nifu
ni.si,ni.su,nisi,nisu,nisi,nisu
ni.vi,ni.vu,nivi,nivu,nivi,nivu
ni.zi,ni.zu,nizi,nizu,nizi,nizu
ni.ʃi,ni.ʃu,niʃi,niʃu,niʃi,niʃu
ni.ʒi,ni.ʒu,niʒi,niʒu,niʒi,niʒu
ni.θi,ni.θu,niθi,niθu,niθi,niθu
ni.ði,ni.ðu,niði,niðu,niði,niðu
ni.hi,ni.hu,nihi,nihu,nihi,nihu
ni.me,ni.mo,nime,nimo,nimeɪ,nimoʊ
ni.ne,ni.no,nine,nino,nineɪ,ninoʊ
ni.pe,ni.po,nipe,nipo,nipeɪ,nipoʊ
ni.te,ni.to,nite,nito,niteɪ,nitoʊ
ni.ke,ni.ko,nike,niko,nikeɪ,nikoʊ
ni.be,ni.bo,nibe,nibo,nibeɪ,niboʊ
ni.de,ni.do,nide,nido,nideɪ,nidoʊ
ni.ge,ni.go,nige,nigo,nigeɪ,nigoʊ
ni.fe,ni.fo,nife,nifo,nifeɪ,nifoʊ
ni.se,ni.so,nise,niso,niseɪ,nisoʊ
ni.ve,ni.vo,nive,nivo,niveɪ,nivoʊ
ni.ze,ni.zo,nize,nizo,nizeɪ,nizoʊ
ni.ʃe,ni.ʃo,niʃe,niʃo,niʃeɪ,niʃoʊ
ni.ʒe,ni.ʒo,niʒe,niʒo,niʒeɪ,niʒoʊ
ni.θe,ni.θo,niθe,niθo,niθeɪ,niθoʊ
ni.ðe,ni.ðo,niðe,niðo,niðeɪ,niðoʊ
ni.he,ni.ho,nihe,niho,niheɪ,nihoʊ
ni.mu,ni.mi,nimu,nimi,nimu,nimi
ni.nu,ni.ni,ninu,nini,ninu,nini
ni.pu,ni.pi,nipu,nipi,nipu,nipi
ni.tu,ni.ti,nitu,niti,nitu,niti
ni.ku,ni.ki,niku,niki,niku,niki
ni.bu,ni.bi,nibu,nibi,nibu,nibi
ni.du,ni.di,nidu,nidi,nidu,nidi
ni.gu,ni.gi,nigu,nigi,nigu,nigi
ni.fu,ni.fi,nifu,nifi,nifu,nifi
ni.su,ni.si,nisu,nisi,nisu,nisi
ni.vu,ni.vi,nivu,nivi,nivu,nivi
ni.zu,ni.zi,nizu,nizi,nizu,nizi
ni.ʃu,ni.ʃi,niʃu,niʃi,niʃu,niʃi
ni.ʒu,ni.ʒi,niʒu,niʒi,niʒu,niʒi
ni.θu,ni.θi,niθu,niθi,niθu,niθi
ni.ðu,ni.ði,niðu,niði,niðu,niði
ni.hu,ni.hi,nihu,nihi,nihu,nihi
ni.mo,ni.me,nimo,nime,nimoʊ,nimeɪ
ni.no,ni.ne,nino,nine,ninoʊ,nineɪ
ni.po,ni.pe,nipo,nipe,nipoʊ,nipeɪ
ni.to,ni.te,nito,nite,nitoʊ,niteɪ
ni.ko,ni.ke,niko,nike,nikoʊ,nikeɪ
ni.bo,ni.be,nibo,nibe,niboʊ,nibeɪ
ni.do,ni.de,nido,nide,nidoʊ,nideɪ
ni.go,ni.ge,nigo,nige,nigoʊ,nigeɪ
ni.fo,ni.fe,nifo,nife,nifoʊ,nifeɪ
ni.so,ni.se,niso,nise,nisoʊ,niseɪ
ni.vo,ni.ve,nivo,nive,nivoʊ,niveɪ
ni.zo,ni.ze,nizo,nize,nizoʊ,nizeɪ
ni.ʃo,ni.ʃe,niʃo,niʃe,niʃoʊ,niʃeɪ
ni.ʒo,ni.ʒe,niʒo,niʒe,niʒoʊ,niʒeɪ
ni.θo,ni.θe,niθo,niθe,niθoʊ,niθeɪ
ni.ðo,ni.ðe,niðo,niðe,niðoʊ,niðeɪ
ni.ho,ni.he,niho,nihe,nihoʊ,niheɪ
pi.mi,pi.mu,pimi,pimu,pimi,pimu
pi.ni,pi.nu,pini,pinu,pini,pinu
pi.pi,pi.pu,pipi,pipu,pipi,pipu
pi.ti,pi.tu,piti,pitu,piti,pitu
pi.ki,pi.ku,piki,piku,piki,piku
pi.bi,pi.bu,pibi,pibu,pibi,pibu
pi.di,pi.du,pidi,pidu,pidi,pidu
pi.gi,pi.gu,pigi,pigu,pigi,pigu
pi.fi,pi.fu,pifi,pifu,pifi,pifu
pi.si,pi.su,pisi,pisu,pisi,pisu
pi.vi,pi.vu,pivi,pivu,pivi,pivu
pi.zi,pi.zu,pizi,pizu,pizi,pizu
pi.ʃi,pi.ʃu,piʃi,piʃu,piʃi,piʃu
pi.ʒi,pi.ʒu,piʒi,piʒu,piʒi,piʒu
pi.θi,pi.θu,piθi,piθu,piθi,piθu
pi.ði,pi.ðu,piði,piðu,piði,piðu
pi.hi,pi.hu,pihi,pihu,pihi,pihu
pi.me,pi.mo,pime,pimo,pimeɪ,pimoʊ
pi.ne,pi.no,pine,pino,pineɪ,pinoʊ
pi.pe,pi.po,pipe,pipo,pipeɪ,pipoʊ
pi.te,pi.to,pite,pito,piteɪ,pitoʊ
pi.ke,pi.ko,pike,piko,pikeɪ,pikoʊ
pi.be,pi.bo,pibe,pibo,pibeɪ,piboʊ
pi.de,pi.do,pide,pido,pideɪ,pidoʊ
pi.ge,pi.go,pige,pigo,pigeɪ,pigoʊ
pi.fe,pi.fo,pife,pifo,pifeɪ,pifoʊ
pi.se,pi.so,pise,piso,piseɪ,pisoʊ
pi.ve,pi.vo,pive,pivo,piveɪ,pivoʊ
pi.ze,pi.zo,pize,pizo,pizeɪ,pizoʊ
pi.ʃe,pi.ʃo,piʃe,piʃo,piʃeɪ,piʃoʊ
pi.ʒe,pi.ʒo,piʒe,piʒo,piʒeɪ,piʒoʊ
pi.θe,pi.θo,piθe,piθo,piθeɪ,piθoʊ
pi.ðe,pi.ðo,piðe,piðo,piðeɪ,piðoʊ
pi.he,pi.ho,pihe,piho,piheɪ,pihoʊ
pi.mu,pi.mi,pimu,pimi,pimu,pimi
pi.nu,pi.ni,pinu,pini,pinu,pini
pi.pu,pi.pi,pipu,pipi,pipu,pipi
pi.tu,pi.ti,pitu,piti,pitu,piti
pi.ku,pi.ki,piku,piki,piku,piki
pi.bu,pi.bi,pibu,pibi,pibu,pibi
pi.du,pi.di,pidu,pidi,pidu,pidi
pi.gu,pi.gi,pigu,pigi,pigu,pigi
pi.fu,pi.fi,pifu,pifi,pifu,pifi
pi.su,pi.si,pisu,pisi,pisu,pisi
pi.vu,pi.vi,pivu,pivi,pivu,pivi
pi.zu,pi.zi,pizu,pizi,pizu,pizi
pi.ʃu,pi.ʃi,piʃu,piʃi,piʃu,piʃi
pi.ʒu,pi.ʒi,piʒu,piʒi,piʒu,piʒi
pi.θu,pi.θi,piθu,piθi,piθu,piθi
pi.ðu,pi.ði,piðu,piði,piðu,piði
pi.hu,pi.hi,pihu,pihi,pihu,pihi
pi.mo,pi.me,pimo,pime,pimoʊ,pimeɪ
pi.no,pi.ne,pino,pine,pinoʊ,pineɪ
pi.po,pi.pe,pipo,pipe,pipoʊ,pipeɪ
pi.to,pi.te,pito,pite,pitoʊ,piteɪ
pi.ko,pi.ke,piko,pike,pikoʊ,pikeɪ
pi.bo,pi.be,pibo,pibe,piboʊ,pibeɪ
pi.do,pi.de,pido,pide,pidoʊ,pideɪ
pi.go,pi.ge,pigo,pige,pigoʊ,pigeɪ
pi.fo,pi.fe,pifo,pife,pifoʊ,pifeɪ
pi.so,pi.se,piso,pise,pisoʊ,piseɪ
pi.vo,pi.ve,pivo,pive,pivoʊ,piveɪ
pi.zo,pi.ze,pizo,pize,pizoʊ,pizeɪ
pi.ʃo,pi.ʃe,piʃo,piʃe,piʃoʊ,piʃeɪ
pi.ʒo,pi.ʒe,piʒo,piʒe,piʒoʊ,piʒeɪ
pi.θo,pi.θe,piθo,piθe,piθoʊ,piθeɪ
pi.ðo,pi.ðe,piðo,piðe,piðoʊ,piðeɪ
pi.ho,pi.he,piho,pihe,pihoʊ,piheɪ
ti.mi,ti.mu,timi,timu,timi,timu
ti.ni,ti.nu,tini,tinu,tini,tinu
ti.pi,ti.pu,tipi,tipu,tipi,tipu
ti.ti,ti.tu,titi,titu,titi,titu
ti.ki,ti.ku,tiki,tiku,tiki,tiku
ti.bi,ti.bu,tibi,tibu,tibi,tibu
ti.di,ti.du,tidi,tidu,tidi,tidu
ti.gi,ti.gu,tigi,tigu,tigi,tigu
ti.fi,ti.fu,tifi,tifu,tifi,tifu
ti.si,ti.su,tisi,tisu,tisi,tisu
ti.vi,ti.vu,tivi,tivu,tivi,tivu
ti.zi,ti.zu,tizi,tizu,tizi,tizu
ti.ʃi,ti.ʃu,tiʃi,tiʃu,tiʃi,tiʃu
ti.ʒi,ti.ʒu,tiʒi,tiʒu,tiʒi,tiʒu
ti.θi,ti.θu,tiθi,tiθu,tiθi,tiθu
ti.ði,ti.ðu,tiði,tiðu,tiði,tiðu
ti.hi,ti.hu,tihi,tihu,tihi,tihu
ti.me,ti.mo,time,timo,timeɪ,timoʊ
ti.ne,ti.no,tine,tino,tineɪ,tinoʊ
ti.pe,ti.po,tipe,tipo,tipeɪ,tipoʊ
ti.te,ti.to,tite,tito,titeɪ,titoʊ
ti.ke,ti.ko,tike,tiko,tikeɪ,tikoʊ
ti.be,ti.bo,tibe,tibo,tibeɪ,tiboʊ
ti.de,ti.do,tide,tido,tideɪ,tidoʊ
ti.ge,ti.go,tige,tigo,tigeɪ,tigoʊ
ti.fe,ti.fo,tife,tifo,tifeɪ,tifoʊ
ti.se,ti.so,tise,tiso,tiseɪ,tisoʊ
ti.ve,ti.vo,tive,tivo,tiveɪ,tivoʊ
ti.ze,ti.zo,tize,tizo,tizeɪ,tizoʊ
ti.ʃe,ti.ʃo,tiʃe,tiʃo,tiʃeɪ,tiʃoʊ
ti.ʒe,ti.ʒo,tiʒe,tiʒo,tiʒeɪ,tiʒoʊ
ti.θe,ti.θo,tiθe,tiθo,tiθeɪ,tiθoʊ
ti.ðe,ti.ðo,tiðe,tiðo,tiðeɪ,tiðoʊ
ti.he,ti.ho,tihe,tiho,tiheɪ,tihoʊ
ti.mu,ti.mi,timu,timi,timu,timi
ti.nu,ti.ni,tinu,tini,tinu,tini
ti.pu,ti.pi,tipu,tipi,tipu,tipi
ti.tu,ti.ti,titu,titi,titu,titi
ti.ku,ti.ki,tiku,tiki,tiku,tiki
ti.bu,ti.bi,tibu,tibi,tibu,tibi
ti.du,ti.di,tidu,tidi,tidu,tidi
ti.gu,ti.gi,tigu,tigi,tigu,tigi
ti.fu,ti.fi,tifu,tifi,tifu,tifi
ti.su,ti.si,tisu,tisi,tisu,tisi
ti.vu,ti.vi,tivu,tivi,tivu,tivi
ti.zu,ti.zi,tizu,tizi,tizu,tizi
ti.ʃu,ti.ʃi,tiʃu,tiʃi,tiʃu,tiʃi
ti.ʒu,ti.ʒi,tiʒu,tiʒi,tiʒu,tiʒi
ti.θu,ti.θi,tiθu,tiθi,tiθu,tiθi
ti.ðu,ti.ði,tiðu,tiði,tiðu,tiði
ti.hu,ti.hi,tihu,tihi,tihu,tihi
ti.mo,ti.me,timo,time,timoʊ,timeɪ
ti.no,ti.ne,tino,tine,tinoʊ,tineɪ
ti.po,ti.pe,tipo,tipe,tipoʊ,tipeɪ
ti.to,ti.te,tito,tite,titoʊ,titeɪ
ti.ko,ti.ke,tiko,tike,tikoʊ,tikeɪ
ti.bo,ti.be,tibo,tibe,tiboʊ,tibeɪ
ti.do,ti.de,tido,tide,tidoʊ,tideɪ
ti.go,ti.ge,tigo,tige,tigoʊ,tigeɪ
ti.fo,ti.fe,tifo,tife,tifoʊ,tifeɪ
ti.so,ti.se,tiso,tise,tisoʊ,tiseɪ
ti.vo,ti.ve,tivo,tive,tivoʊ,tiveɪ
ti.zo,ti.ze,tizo,tize,tizoʊ,tizeɪ
ti.ʃo,ti.ʃe,tiʃo,tiʃe,tiʃoʊ,tiʃeɪ
ti.ʒo,ti.ʒe,tiʒo,tiʒe,tiʒoʊ,tiʒeɪ
ti.θo,ti.θe,tiθo,tiθe,tiθoʊ,tiθeɪ
ti.ðo,ti.ðe,tiðo,tiðe,tiðoʊ,tiðeɪ
ti.ho,ti.he,tiho,tihe,tihoʊ,tiheɪ
ki.mi,ki.mu,kimi,kimu,kimi,kimu
ki.ni,ki.nu,kini,kinu,kini,kinu
ki.pi,ki.pu,kipi,kipu,kipi,kipu
ki.ti,ki.tu,kiti,kitu,kiti,kitu
ki.ki,ki.ku,kiki,kiku,kiki,kiku
ki.bi,ki.bu,kibi,kibu,kibi,kibu
ki.di,ki.du,kidi,kidu,kidi,kidu
ki.gi,ki.gu,kigi,kigu,kigi,kigu
ki.fi,ki.fu,kifi,kifu,kifi,kifu
ki.si,ki.su,kisi,kisu,kisi,kisu
ki.vi,ki.vu,kivi,kivu,kivi,kivu
ki.zi,ki.zu,kizi,kizu,kizi,kizu
ki.ʃi,ki.ʃu,kiʃi,kiʃu,kiʃi,kiʃu
ki.ʒi,ki.ʒu,kiʒi,kiʒu,kiʒi,kiʒu
ki.θi,ki.θu,kiθi,kiθu,kiθi,kiθu
ki.ði,ki.ðu,kiði,kiðu,kiði,kiðu
ki.hi,ki.hu,kihi,kihu,kihi,kihu
ki.me,ki.mo,kime,kimo,kimeɪ,kimoʊ
ki.ne,ki.no,kine,kino,kineɪ,kinoʊ
ki.pe,ki.po,kipe,kipo,kipeɪ,kipoʊ
ki.te,ki.to,kite,kito,kiteɪ,kitoʊ
ki.ke,ki.ko,kike,kiko,kikeɪ,kikoʊ
ki.be,ki.bo,kibe,kibo,kibeɪ,kiboʊ
ki.de,ki.do,kide,kido,kideɪ,kidoʊ
ki.ge,ki.go,kige,kigo,kigeɪ,kigoʊ
ki.fe,ki.fo,kife,kifo,kifeɪ,kifoʊ
ki.se,ki.so,kise,kiso,kiseɪ,kisoʊ
ki.ve,ki.vo,kive,kivo,kiveɪ,kivoʊ
ki.ze,ki.zo,kize,kizo,kizeɪ,kizoʊ
ki.ʃe,ki.ʃo,kiʃe,kiʃo,kiʃeɪ,kiʃoʊ
ki.ʒe,ki.ʒo,kiʒe,kiʒo,kiʒeɪ,kiʒoʊ
ki.θe,ki.θo,kiθe,kiθo,kiθeɪ,kiθoʊ
ki.ðe,ki.ðo,kiðe,kiðo,kiðeɪ,kiðoʊ
ki.he,ki.ho,kihe,kiho,kiheɪ,kihoʊ
ki.mu,ki.mi,kimu,kimi,kimu,kimi
ki.nu,ki.ni,kinu,kini,kinu,kini
ki.pu,ki.pi,kipu,kipi,kipu,kipi
ki.tu,ki.ti,kitu,kiti,kitu,kiti
ki.ku,ki.ki,kiku,kiki,kiku,kiki
ki.bu,ki.bi,kibu,kibi,kibu,kibi
ki.du,ki.di,kidu,kidi,kidu,kidi
ki.gu,ki.gi,kigu,kigi,kigu,kigi
ki.fu,ki.fi,kifu,kifi,kifu,kifi
ki.su,ki.si,kisu,kisi,kisu,kisi
ki.vu,ki.vi,kivu,kivi,kivu,kivi
ki.zu,ki.zi,kizu,kizi,kizu,kizi
ki.ʃu,ki.ʃi,kiʃu,kiʃi,kiʃu,kiʃi
ki.ʒu,ki.ʒi,kiʒu,kiʒi,kiʒu,kiʒi
ki.θu,ki.θi,kiθu,kiθi,kiθu,kiθi
ki.ðu,ki.ði,kiðu,kiði,kiðu,kiði
ki.hu,ki.hi,kihu,kihi,kihu,kihi
ki.mo,ki.me,kimo,kime,kimoʊ,kimeɪ
ki.no,ki.ne,kino,kine,kinoʊ,kineɪ
ki.po,ki.pe,kipo,kipe,kipoʊ,kipeɪ
ki.to,ki.te,kito,kite,kitoʊ,kiteɪ
ki.ko,ki.ke,kiko,kike,kikoʊ,kikeɪ
ki.bo,ki.be,kibo,kibe,kiboʊ,kibeɪ
ki.do,ki.de,kido,kide,kidoʊ,kideɪ
ki.go,ki.ge,kigo,kige,kigoʊ,kigeɪ
ki.fo,ki.fe,kifo,kife,kifoʊ,kifeɪ
ki.so,ki.se,kiso,kise,kisoʊ,kiseɪ
ki.vo,ki.ve,kivo,kive,kivoʊ,kiveɪ
ki.zo,ki.ze,kizo,kize,kizoʊ,kizeɪ
ki.ʃo,ki.ʃe,kiʃo,kiʃe,kiʃoʊ,kiʃeɪ
ki.ʒo,ki.ʒe,kiʒo,kiʒe,kiʒoʊ,kiʒeɪ
ki.θo,ki.θe,kiθo,kiθe,kiθoʊ,kiθeɪ
ki.ðo,ki.ðe,kiðo,kiðe,kiðoʊ,kiðeɪ
ki.ho,ki.he,kiho,kihe,kihoʊ,kiheɪ
bi.mi,bi.mu,bimi,bimu,bimi,bimu
bi.ni,bi.nu,bini,binu,bini,binu
bi.pi,bi.pu,bipi,bipu,bipi,bipu
bi.ti,bi.tu,biti,bitu,biti,bitu
bi.ki,bi.ku,biki,biku,biki,biku
bi.bi,bi.bu,bibi,bibu,bibi,bibu
bi.di,bi.du,bidi,bidu,bidi,bidu
bi.gi,bi.gu,bigi,bigu,bigi,bigu
bi.fi,bi.fu,bifi,bifu,bifi,bifu
bi.si,bi.su,bisi,bisu,bisi,bisu
bi.vi,bi.vu,bivi,bivu,bivi,bivu
bi.zi,bi.zu,bizi,bizu,bizi,bizu
bi.ʃi,bi.ʃu,biʃi,biʃu,biʃi,biʃu
bi.ʒi,bi.ʒu,biʒi,biʒu,biʒi,biʒu
bi.θi,bi.θu,biθi,biθu,biθi,biθu
bi.ði,bi.ðu,biði,biðu,biði,biðu
bi.hi,bi.hu,bihi,bihu,bihi,bihu
bi.me,bi.mo,bime,bimo,bimeɪ,bimoʊ
bi.ne,bi.no,bine,bino,bineɪ,binoʊ
bi.pe,bi.po,bipe,bipo,bipeɪ,bipoʊ
bi.te,bi.to,bite,bito,biteɪ,bitoʊ
bi.ke,bi.ko,bike,biko,bikeɪ,bikoʊ
bi.be,bi.bo,bibe,bibo,bibeɪ,biboʊ
bi.de,bi.do,bide,bido,bideɪ,bidoʊ
bi.ge,bi.go,bige,bigo,bigeɪ,bigoʊ
bi.fe,bi.fo,bife,bifo,bifeɪ,bifoʊ
bi.se,bi.so,bise,biso,biseɪ,bisoʊ
bi.ve,bi.vo,bive,bivo,biveɪ,bivoʊ
bi.ze,bi.zo,bize,bizo,bizeɪ,bizoʊ
bi.ʃe,bi.ʃo,biʃe,biʃo,biʃeɪ,biʃoʊ
bi.ʒe,bi.ʒo,biʒe,biʒo,biʒeɪ,biʒoʊ
bi.θe,bi.θo,biθe,biθo,biθeɪ,biθoʊ
bi.ðe,bi.ðo,biðe,biðo,biðeɪ,biðoʊ
bi.he,bi.ho,bihe,biho,biheɪ,bihoʊ
bi.mu,bi.mi,bimu,bimi,bimu,bimi
bi.nu,bi.ni,binu,bini,binu,bini
bi.pu,bi.pi,bipu,bipi,bipu,bipi
bi.tu,bi.ti,bitu,biti,bitu,biti
bi.ku,bi.ki,biku,biki,biku,biki
bi.bu,bi.bi,bibu,bibi,bibu,bibi
bi.du,bi.di,bidu,bidi,bidu,bidi
bi.gu,bi.gi,bigu,bigi,bigu,bigi
bi.fu,bi.fi,bifu,bifi,bifu,bifi
bi.su,bi.si,bisu,bisi,bisu,bisi
bi.vu,bi.vi,bivu,bivi,bivu,bivi
bi.zu,bi.zi,bizu,bizi,bizu,bizi
bi.ʃu,bi.ʃi,biʃu,biʃi,biʃu,biʃi
bi.ʒu,bi.ʒi,biʒu,biʒi,biʒu,biʒi
bi.θu,bi.θi,biθu,biθi,biθu,biθi
bi.ðu,bi.ði,biðu,biði,biðu,biði
bi.hu,bi.hi,bihu,bihi,bihu,bihi
bi.mo,bi.me,bimo,bime,bimoʊ,bimeɪ
bi.no,bi.ne,bino,bine,binoʊ,bineɪ
bi.po,bi.pe,bipo,bipe,bipoʊ,bipeɪ
bi.to,bi.te,bito,bite,bitoʊ,biteɪ
bi.ko,bi.ke,biko,bike,bikoʊ,bikeɪ
bi.bo,bi.be,bibo,bibe,biboʊ,bibeɪ
bi.do,bi.de,bido,bide,bidoʊ,bideɪ
bi.go,bi.ge,bigo,bige,bigoʊ,bigeɪ
bi.fo,bi.fe,bifo,bife,bifoʊ,bifeɪ
bi.so,bi.se,biso,bise,bisoʊ,biseɪ
bi.vo,bi.ve,bivo,bive,bivoʊ,biveɪ
bi.zo,bi.ze,bizo,bize,bizoʊ,bizeɪ
bi.ʃo,bi.ʃe,biʃo,biʃe,biʃoʊ,biʃeɪ
bi.ʒo,bi.ʒe,biʒo,biʒe,biʒoʊ,biʒeɪ
bi.θo,bi.θe,biθo,biθe,biθoʊ,biθeɪ
bi.ðo,bi.ðe,biðo,biðe,biðoʊ,biðeɪ
bi.ho,bi.he,biho,bihe,bihoʊ,biheɪ
di.mi,di.mu,dimi,dimu,dimi,dimu
di.ni,di.nu,dini,dinu,dini,dinu
di.pi,di.pu,dipi,dipu,dipi,dipu
di.ti,di.tu,diti,ditu,diti,ditu
di.ki,di.ku,diki,diku,diki,diku
di.bi,di.bu,dibi,dibu,dibi,dibu
di.di,di.du,didi,didu,didi,didu
di.gi,di.gu,digi,digu,digi,digu
di.fi,di.fu,difi,difu,difi,difu
di.si,di.su,disi,disu,disi,disu
di.vi,di.vu,divi,divu,divi,divu
di.zi,di.zu,dizi,dizu,dizi,dizu
di.ʃi,di.ʃu,diʃi,diʃu,diʃi,diʃu
di.ʒi,di.ʒu,diʒi,diʒu,diʒi,diʒu
di.θi,di.θu,diθi,diθu,diθi,diθu
di.ði,di.ðu,diði,diðu,diði,diðu
di.hi,di.hu,dihi,dihu,dihi,dihu
di.me,di.mo,dime,dimo,dimeɪ,dimoʊ
di.ne,di.no,dine,dino,dineɪ,dinoʊ
di.pe,di.po,dipe,dipo,dipeɪ,dipoʊ
di.te,di.to,dite,dito,diteɪ,ditoʊ
di.ke,di.ko,dike,diko,dikeɪ,dikoʊ
di.be,di.bo,dibe,dibo,dibeɪ,diboʊ
di.de,di.do,dide,dido,dideɪ,didoʊ
di.ge,di.go,dige,digo,digeɪ,digoʊ
di.fe,di.fo,dife,difo,difeɪ,difoʊ
di.se,di.so,dise,diso,diseɪ,disoʊ
di.ve,di.vo,dive,divo,diveɪ,divoʊ
di.ze,di.zo,dize,dizo,dizeɪ,dizoʊ
di.ʃe,di.ʃo,diʃe,diʃo,diʃeɪ,diʃoʊ
di.ʒe,di.ʒo,diʒe,diʒo,diʒeɪ,diʒoʊ
di.θe,di.θo,diθe,diθo,diθeɪ,diθoʊ
di.ðe,di.ðo,diðe,diðo,diðeɪ,diðoʊ
di.he,di.ho,dihe,diho,diheɪ,dihoʊ
di.mu,di.mi,dimu,dimi,dimu,dimi
di.nu,di.ni,dinu,dini,dinu,dini
di.pu,di.pi,dipu,dipi,dipu,dipi
di.tu,di.ti,ditu,diti,ditu,diti
di.ku,di.ki,diku,diki,diku,diki
di.bu,di.bi,dibu,dibi,dibu,dibi
di.du,di.di,didu,didi,didu,didi
di.gu,di.gi,digu,digi,digu,digi
di.fu,di.fi,difu,difi,difu,difi
di.su,di.si,disu,disi,disu,disi
di.vu,di.vi,divu,divi,divu,divi
di.zu,di.zi,dizu,dizi,dizu,dizi
di.ʃu,di.ʃi,diʃu,diʃi,diʃu,diʃi
di.ʒu,di.ʒi,diʒu,diʒi,diʒu,diʒi
di.θu,di.θi,diθu,diθi,diθu,diθi
di.ðu,di.ði,diðu,diði,diðu,diði
di.hu,di.hi,dihu,dihi,dihu,dihi
di.mo,di.me,dimo,dime,dimoʊ,dimeɪ
di.no,di.ne,dino,dine,dinoʊ,dineɪ
di.po,di.pe,dipo,dipe,dipoʊ,dipeɪ
di.to,di.te,dito,dite,ditoʊ,diteɪ
di.ko,di.ke,diko,dike,dikoʊ,dikeɪ
di.bo,di.be,dibo,dibe,diboʊ,dibeɪ
di.do,di.de,dido,dide,didoʊ,dideɪ
di.go,di.ge,digo,dige,digoʊ,digeɪ
di.fo,di.fe,difo,dife,difoʊ,difeɪ
di.so,di.se,diso,dise,disoʊ,diseɪ
di.vo,di.ve,divo,dive,divoʊ,diveɪ
di.zo,di.ze,dizo,dize,dizoʊ,dizeɪ
di.ʃo,di.ʃe,diʃo,diʃe,diʃoʊ,diʃeɪ
di.ʒo,di.ʒe,diʒo,diʒe,diʒoʊ,diʒeɪ
di.θo,di.θe,diθo,diθe,diθoʊ,diθeɪ
di.ðo,di.ðe,diðo,diðe,diðoʊ,diðeɪ
di.ho,di.he,diho,dihe,dihoʊ,diheɪ
gi.mi,gi.mu,gimi,gimu,gimi,gimu
gi.ni,gi.nu,gini,ginu,gini,ginu
gi.pi,gi.pu,gipi,gipu,gipi,gipu
gi.ti,gi.tu,giti,gitu,giti,gitu
gi.ki,gi.ku,giki,giku,giki,giku
gi.bi,gi.bu,gibi,gibu,gibi,gibu
gi.di,gi.du,gidi,gidu,gidi,gidu
gi.gi,gi.gu,gigi,gigu,gigi,gigu
gi.fi,gi.fu,gifi,gifu,gifi,gifu
gi.si,gi.su,gisi,gisu,gisi,gisu
gi.vi,gi.vu,givi,givu,givi,givu
gi.zi,gi.zu,gizi,gizu,gizi,gizu
gi.ʃi,gi.ʃu,giʃi,giʃu,giʃi,giʃu
gi.ʒi,gi.ʒu,giʒi,giʒu,giʒi,giʒu
gi.θi,gi.θu,giθi,giθu,giθi,giθu
gi.ði,gi.ðu,giði,giðu,giði,giðu
gi.hi,gi.hu,gihi,gihu,gihi,gihu
gi.me,gi.mo,gime,gimo,gimeɪ,gimoʊ
gi.ne,gi.no,gine,gino,gineɪ,ginoʊ
gi.pe,gi.po,gipe,gipo,gipeɪ,gipoʊ
gi.te,gi.to,gite,gito,giteɪ,gitoʊ
gi.ke,gi.ko,gike,giko,gikeɪ,gikoʊ
gi.be,gi.bo,gibe,gibo,gibeɪ,giboʊ
gi.de,gi.do,gide,gido,gideɪ,gidoʊ
gi.ge,gi.go,gige,gigo,gigeɪ,gigoʊ
gi.fe,gi.fo,gife,gifo,gifeɪ,gifoʊ
gi.se,gi.so,gise,giso,giseɪ,gisoʊ
gi.ve,gi.vo,give,givo,giveɪ,givoʊ
gi.ze,gi.zo,gize,gizo,gizeɪ,gizoʊ
gi.ʃe,gi.ʃo,giʃe,giʃo,giʃeɪ,giʃoʊ
gi.ʒe,gi.ʒo,giʒe,giʒo,giʒeɪ,giʒoʊ
gi.θe,gi.θo,giθe,giθo,giθeɪ,giθoʊ
gi.ðe,gi.ðo,giðe,giðo,giðeɪ,giðoʊ
gi.he,gi.ho,gihe,giho,giheɪ,gihoʊ
gi.mu,gi.mi,gimu,gimi,gimu,gimi
gi.nu,gi.ni,ginu,gini,ginu,gini
gi.pu,gi.pi,gipu,gipi,gipu,gipi
gi.tu,gi.ti,gitu,giti,gitu,giti
gi.ku,gi.ki,giku,giki,giku,giki
gi.bu,gi.bi,gibu,gibi,gibu,gibi
gi.du,gi.di,gidu,gidi,gidu,gidi
gi.gu,gi.gi,gigu,gigi,gigu,gigi
gi.fu,gi.fi,gifu,gifi,gifu,gifi
gi.su,gi.si,gisu,gisi,gisu,gisi
gi.vu,gi.vi,givu,givi,givu,givi
gi.zu,gi.zi,gizu,gizi,gizu,gizi
gi.ʃu,gi.ʃi,giʃu,giʃi,giʃu,giʃi
gi.ʒu,gi.ʒi,giʒu,giʒi,giʒu,giʒi
gi.θu,gi.θi,giθu,giθi,giθu,giθi
gi.ðu,gi.ði,giðu,giði,giðu,giði
gi.hu,gi.hi,gihu,gihi,gihu,gihi
gi.mo,gi.me,gimo,gime,gimoʊ,gimeɪ
gi.no,gi.ne,gino,gine,ginoʊ,gineɪ
gi.po,gi.pe,gipo,gipe,gipoʊ,gipeɪ
gi.to,gi.te,gito,gite,gitoʊ,giteɪ
gi.ko,gi.ke,giko,gike,gikoʊ,gikeɪ
gi.bo,gi.be,gibo,gibe,giboʊ,gibeɪ
gi.do,gi.de,gido,gide,gidoʊ,gideɪ
gi.go,gi.ge,gigo,gige,gigoʊ,gigeɪ
gi.fo,gi.fe,gifo,gife,gifoʊ,gifeɪ
gi.so,gi.se,giso,gise,gisoʊ,giseɪ
gi.vo,gi.ve,givo,give,givoʊ,giveɪ
gi.zo,gi.ze,gizo,gize,gizoʊ,gizeɪ
gi.ʃo,gi.ʃe,giʃo,giʃe,giʃoʊ,giʃeɪ
gi.ʒo,gi.ʒe,giʒo,giʒe,giʒoʊ,giʒeɪ
gi.θo,gi.θe,giθo,giθe,giθoʊ,giθeɪ
gi.ðo,gi.ðe,giðo,giðe,giðoʊ,giðeɪ
gi.ho,gi.he,giho,gihe,gihoʊ,giheɪ
fi.mi,fi.mu,fimi,fimu,fimi,fimu
fi.ni,fi.nu,fini,finu,fini,finu
fi.pi,fi.pu,fipi,fipu,fipi,fipu
fi.ti,fi.tu,fiti,fitu,fiti,fitu
fi.ki,fi.ku,fiki,fiku,fiki,fiku
fi.bi,fi.bu,fibi,fibu,fibi,fibu
fi.di,fi.du,fidi,fidu,fidi,fidu
fi.gi,fi.gu,figi,figu,figi,figu
fi.fi,fi.fu,fifi,fifu,fifi,fifu
fi.si,fi.su,fisi,fisu,fisi,fisu
fi.vi,fi.vu,fivi,fivu,fivi,fivu
fi.zi,fi.zu,fizi,fizu,fizi,fizu
fi.ʃi,fi.ʃu,fiʃi,fiʃu,fiʃi,fiʃu
fi.ʒi,fi.ʒu,fiʒi,fiʒu,fiʒi,fiʒu
fi.θi,fi.θu,fiθi,fiθu,fiθi,fiθu
fi.ði,fi.ðu,fiði,fiðu,fiði,fiðu
fi.hi,fi.hu,fihi,fihu,fihi,fihu
fi.me,fi.mo,fime,fimo,fimeɪ,fimoʊ
fi.ne,fi.no,fine,fino,fineɪ,finoʊ
fi.pe,fi.po,fipe,fipo,fipeɪ,fipoʊ
fi.te,fi.to,fite,fito,fiteɪ,fitoʊ
fi.ke,fi.ko,fike,fiko,fikeɪ,fikoʊ
fi.be,fi.bo,fibe,fibo,fibeɪ,fiboʊ
fi.de,fi.do,fide,fido,fideɪ,fidoʊ
fi.ge,fi.go,fige,figo,figeɪ,figoʊ
fi.fe,fi.fo,fife,fifo,fifeɪ,fifoʊ
fi.se,fi.so,fise,fiso,fiseɪ,fisoʊ
fi.ve,fi.vo,five,fivo,fiveɪ,fivoʊ
fi.ze,fi.zo,fize,fizo,fizeɪ,fizoʊ
fi.ʃe,fi.ʃo,fiʃe,fiʃo,fiʃeɪ,fiʃoʊ
fi.ʒe,fi.ʒo,fiʒe,fiʒo,fiʒeɪ,fiʒoʊ
fi.θe,fi.θo,fiθe,fiθo,fiθeɪ,fiθoʊ
fi.ðe,fi.ðo,fiðe,fiðo,fiðeɪ,fiðoʊ
fi.he,fi.ho,fihe,fiho,fiheɪ,fihoʊ
fi.mu,fi.mi,fimu,fimi,fimu,fimi
fi.nu,fi.ni,finu,fini,finu,fini
fi.pu,fi.pi,fipu,fipi,fipu,fipi
fi.tu,fi.ti,fitu,fiti,fitu,fiti
fi.ku,fi.ki,fiku,fiki,fiku,fiki
fi.bu,fi.bi,fibu,fibi,fibu,fibi
fi.du,fi.di,fidu,fidi,fidu,fidi
fi.gu,fi.gi,figu,figi,figu,figi
fi.fu,fi.fi,fifu,fifi,fifu,fifi
fi.su,fi.si,fisu,fisi,fisu,fisi
fi.vu,fi.vi,fivu,fivi,fivu,fivi
fi.zu,fi.zi,fizu,fizi,fizu,fizi
fi.ʃu,fi.ʃi,fiʃu,fiʃi,fiʃu,fiʃi
fi.ʒu,fi.ʒi,fiʒu,fiʒi,fiʒu,fiʒi
fi.θu,fi.θi,fiθu,fiθi,fiθu,fiθi
fi.ðu,fi.ði,fiðu,fiði,fiðu,fiði
fi.hu,fi.hi,fihu,fihi,fihu,fihi
fi.mo,fi.me,fimo,fime,fimoʊ,fimeɪ
fi.no,fi.ne,fino,fine,finoʊ,fineɪ
fi.po,fi.pe,fipo,fipe,fipoʊ,fipeɪ
fi.to,fi.te,fito,fite,fitoʊ,fiteɪ
fi.ko,fi.ke,fiko,fike,fikoʊ,fikeɪ
fi.bo,fi.be,fibo,fibe,fiboʊ,fibeɪ
fi.do,fi.de,fido,fide,fidoʊ,fideɪ
fi.go,fi.ge,figo,fige,figoʊ,figeɪ
fi.fo,fi.fe,fifo,fife,fifoʊ,fifeɪ
fi.so,fi.se,fiso,fise,fisoʊ,fiseɪ
fi.vo,fi.ve,fivo,five,fivoʊ,fiveɪ
fi.zo,fi.ze,fizo,fize,fizoʊ,fizeɪ
fi.ʃo,fi.ʃe,fiʃo,fiʃe,fiʃoʊ,fiʃeɪ
fi.ʒo,fi.ʒe,fiʒo,fiʒe,fiʒoʊ,fiʒeɪ
fi.θo,fi.θe,fiθo,fiθe,fiθoʊ,fiθeɪ
fi.ðo,fi.ðe,fiðo,fiðe,fiðoʊ,fiðeɪ
fi.ho,fi.he,fiho,fihe,fihoʊ,fiheɪ
si.mi,si.mu,simi,simu,simi,simu
si.ni,si.nu,sini,sinu,sini,sinu
si.pi,si.pu,sipi,sipu,sipi,sipu
si.ti,si.tu,siti,situ,siti,situ
si.ki,si.ku,siki,siku,siki,siku
si.bi,si.bu,sibi,sibu,sibi,sibu
si.di,si.du,sidi,sidu,sidi,sidu
si.gi,si.gu,sigi,sigu,sigi,sigu
si.fi,si.fu,sifi,sifu,sifi,sifu
si.si,si.su,sisi,sisu,sisi,sisu
si.vi,si.vu,sivi,sivu,sivi,sivu
si.zi,si.zu,sizi,sizu,sizi,sizu
si.ʃi,si.ʃu,siʃi,siʃu,siʃi,siʃu
si.ʒi,si.ʒu,siʒi,siʒu,siʒi,siʒu
si.θi,si.θu,siθi,siθu,siθi,siθu
si.ði,si.ðu,siði,siðu,siði,siðu
si.hi,si.hu,sihi,sihu,sihi,sihu
si.me,si.mo,sime,simo,simeɪ,simoʊ
si.ne,si.no,sine,sino,sineɪ,sinoʊ
si.pe,si.po,sipe,sipo,sipeɪ,sipoʊ
si.te,si.to,site,sito,siteɪ,sitoʊ
si.ke,si.ko,sike,siko,sikeɪ,sikoʊ
si.be,si.bo,sibe,sibo,sibeɪ,siboʊ
si.de,si.do,side,sido,sideɪ,sidoʊ
si.ge,si.go,sige,sigo,sigeɪ,sigoʊ
si.fe,si.fo,sife,sifo,sifeɪ,sifoʊ
si.se,si.so,sise,siso,siseɪ,sisoʊ
si.ve,si.vo,sive,sivo,siveɪ,sivoʊ
si.ze,si.zo,size,sizo,sizeɪ,sizoʊ
si.ʃe,si.ʃo,siʃe,siʃo,siʃeɪ,siʃoʊ
si.ʒe,si.ʒo,siʒe,siʒo,siʒeɪ,siʒoʊ
si.θe,si.θo,siθe,siθo,siθeɪ,siθoʊ
si.ðe,si.ðo,siðe,siðo,siðeɪ,siðoʊ
si.he,si.ho,sihe,siho,siheɪ,sihoʊ
si.mu,si.mi,simu,simi,simu,simi
si.nu,si.ni,sinu,sini,sinu,sini
si.pu,si.pi,sipu,sipi,sipu,sipi
si.tu,si.ti,situ,siti,situ,siti
si.ku,si.ki,siku,siki,siku,siki
si.bu,si.bi,sibu,sibi,sibu,sibi
si.du,si.di,sidu,sidi,sidu,sidi
si.gu,si.gi,sigu,sigi,sigu,sigi
si.fu,si.fi,sifu,sifi,sifu,sifi
si.su,si.si,sisu,sisi,sisu,sisi
si.vu,si.vi,sivu,sivi,sivu,sivi
si.zu,si.zi,sizu,sizi,sizu,sizi
si.ʃu,si.ʃi,siʃu,siʃi,siʃu,siʃi
si.ʒu,si.ʒi,siʒu,siʒi,siʒu,siʒi
si.θu,si.θi,siθu,siθi,siθu,siθi
si.ðu,si.ði,siðu,siði,siðu,siði
si.hu,si.hi,sihu,sihi,sihu,sihi
si.mo,si.me,simo,sime,simoʊ,simeɪ
si.no,si.ne,sino,sine,sinoʊ,sineɪ
si.po,si.pe,sipo,sipe,sipoʊ,sipeɪ
si.to,si.te,sito,site,sitoʊ,siteɪ
si.ko,si.ke,siko,sike,sikoʊ,sikeɪ
si.bo,si.be,sibo,sibe,siboʊ,sibeɪ
si.do,si.de,sido,side,sidoʊ,sideɪ
si.go,si.ge,sigo,sige,sigoʊ,sigeɪ
si.fo,si.fe,sifo,sife,sifoʊ,sifeɪ
si.so,si.se,siso,sise,sisoʊ,siseɪ
si.vo,si.ve,sivo,sive,sivoʊ,siveɪ
si.zo,si.ze,sizo,size,sizoʊ,sizeɪ
si.ʃo,si.ʃe,siʃo,siʃe,siʃoʊ,siʃeɪ
si.ʒo,si.ʒe,siʒo,siʒe,siʒoʊ,siʒeɪ
si.θo,si.θe,siθo,siθe,siθoʊ,siθeɪ
si.ðo,si.ðe,siðo,siðe,siðoʊ,siðeɪ
si.ho,si.he,siho,sihe,sihoʊ,siheɪ
vi.mi,vi.mu,vimi,vimu,vimi,vimu
vi.ni,vi.nu,vini,vinu,vini,vinu
vi.pi,vi.pu,vipi,vipu,vipi,vipu
vi.ti,vi.tu,viti,vitu,viti,vitu
vi.ki,vi.ku,viki,viku,viki,viku
vi.bi,vi.bu,vibi,vibu,vibi,vibu
vi.di,vi.du,vidi,vidu,vidi,vidu
vi.gi,vi.gu,vigi,vigu,vigi,vigu
vi.fi,vi.fu,vifi,vifu,vifi,vifu
vi.si,vi.su,visi,visu,visi,visu
vi.vi,vi.vu,vivi,vivu,vivi,vivu
vi.zi,vi.zu,vizi,vizu,vizi,vizu
vi.ʃi,vi.ʃu,viʃi,viʃu,viʃi,viʃu
vi.ʒi,vi.ʒu,viʒi,viʒu,viʒi,viʒu
vi.θi,vi.θu,viθi,viθu,viθi,viθu
vi.ði,vi.ðu,viði,viðu,viði,viðu
vi.hi,vi.hu,vihi,vihu,vihi,vihu
vi.me,vi.mo,vime,vimo,vimeɪ,vimoʊ
vi.ne,vi.no,vine,vino,vineɪ,vinoʊ
vi.pe,vi.po,vipe,vipo,vipeɪ,vipoʊ
vi.te,vi.to,vite,vito,viteɪ,vitoʊ
vi.ke,vi.ko,vike,viko,vikeɪ,vikoʊ
vi.be,vi.bo,vibe,vibo,vibeɪ,viboʊ
vi.de,vi.do,vide,vido,videɪ,vidoʊ
vi.ge,vi.go,vige,vigo,vigeɪ,vigoʊ
vi.fe,vi.fo,vife,vifo,vifeɪ,vifoʊ
vi.se,vi.so,vise,viso,viseɪ,visoʊ
vi.ve,vi.vo,vive,vivo,viveɪ,vivoʊ
vi.ze,vi.zo,vize,vizo,vizeɪ,vizoʊ
vi.ʃe,vi.ʃo,viʃe,viʃo,viʃeɪ,viʃoʊ
vi.ʒe,vi.ʒo,viʒe,viʒo,viʒeɪ,viʒoʊ
vi.θe,vi.θo,viθe,viθo,viθeɪ,viθoʊ
vi.ðe,vi.ðo,viðe,viðo,viðeɪ,viðoʊ
vi.he,vi.ho,vihe,viho,viheɪ,vihoʊ
vi.mu,vi.mi,vimu,vimi,vimu,vimi
vi.nu,vi.ni,vinu,vini,vinu,vini
vi.pu,vi.pi,vipu,vipi,vipu,vipi
vi.tu,vi.ti,vitu,viti,vitu,viti
vi.ku,vi.ki,viku,viki,viku,viki
vi.bu,vi.bi,vibu,vibi,vibu,vibi
vi.du,vi.di,vidu,vidi,vidu,vidi
vi.gu,vi.gi,vigu,vigi,vigu,vigi
vi.fu,vi.fi,vifu,vifi,vifu,vifi
vi.su,vi.si,visu,visi,visu,visi
vi.vu,vi.vi,vivu,vivi,vivu,vivi
vi.zu,vi.zi,vizu,vizi,vizu,vizi
vi.ʃu,vi.ʃi,viʃu,viʃi,viʃu,viʃi
vi.ʒu,vi.ʒi,viʒu,viʒi,viʒu,viʒi
vi.θu,vi.θi,viθu,viθi,viθu,viθi
vi.ðu,vi.ði,viðu,viði,viðu,viði
vi.hu,vi.hi,vihu,vihi,vihu,vihi
vi.mo,vi.me,vimo,vime,vimoʊ,vimeɪ
vi.no,vi.ne,vino,vine,vinoʊ,vineɪ
vi.po,vi.pe,vipo,vipe,vipoʊ,vipeɪ
vi.to,vi.te,vito,vite,vitoʊ,viteɪ
vi.ko,vi.ke,viko,vike,vikoʊ,vikeɪ
vi.bo,vi.be,vibo,vibe,viboʊ,vibeɪ
vi.do,vi.de,vido,vide,vidoʊ,videɪ
vi.go,vi.ge,vigo,vige,vigoʊ,vigeɪ
vi.fo,vi.fe,vifo,vife,vifoʊ,vifeɪ
vi.so,vi.se,viso,vise,visoʊ,viseɪ
vi.vo,vi.ve,vivo,vive,vivoʊ,viveɪ
vi.zo,vi.ze,vizo,vize,vizoʊ,vizeɪ
vi.ʃo,vi.ʃe,viʃo,viʃe,viʃoʊ,viʃeɪ
vi.ʒo,vi.ʒe,viʒo,viʒe,viʒoʊ,viʒeɪ
vi.θo,vi.θe,viθo,viθe,viθoʊ,viθeɪ
vi.ðo,vi.ðe,viðo,viðe,viðoʊ,viðeɪ
vi.ho,vi.he,viho,vihe,vihoʊ,viheɪ
zi.mi,zi.mu,zimi,zimu,zimi,zimu
zi.ni,zi.nu,zini,zinu,zini,zinu
zi.pi,zi.pu,zipi,zipu,zipi,zipu
zi.ti,zi.tu,ziti,zitu,ziti,zitu
zi.ki,zi.ku,ziki,ziku,ziki,ziku
zi.bi,zi.bu,zibi,zibu,zibi,zibu
zi.di,zi.du,zidi,zidu,zidi,zidu
zi.gi,zi.gu,zigi,zigu,zigi,zigu
zi.fi,zi.fu,zifi,zifu,zifi,zifu
zi.si,zi.su,zisi,zisu,zisi,zisu
zi.vi,zi.vu,zivi,zivu,zivi,zivu
zi.zi,zi.zu,zizi,zizu,zizi,zizu
zi.ʃi,zi.ʃu,ziʃi,ziʃu,ziʃi,ziʃu
zi.ʒi,zi.ʒu,ziʒi,ziʒu,ziʒi,ziʒu
zi.θi,zi.θu,ziθi,ziθu,ziθi,ziθu
zi.ði,zi.ðu,ziði,ziðu,ziði,ziðu
zi.hi,zi.hu,zihi,zihu,zihi,zihu
zi.me,zi.mo,zime,zimo,zimeɪ,zimoʊ
zi.ne,zi.no,zine,zino,zineɪ,zinoʊ
zi.pe,zi.po,zipe,zipo,zipeɪ,zipoʊ
zi.te,zi.to,zite,zito,ziteɪ,zitoʊ
zi.ke,zi.ko,zike,ziko,zikeɪ,zikoʊ
zi.be,zi.bo,zibe,zibo,zibeɪ,ziboʊ
zi.de,zi.do,zide,zido,zideɪ,zidoʊ
zi.ge,zi.go,zige,zigo,zigeɪ,zigoʊ
zi.fe,zi.fo,zife,zifo,zifeɪ,zifoʊ
zi.se,zi.so,zise,ziso,ziseɪ,zisoʊ
zi.ve,zi.vo,zive,zivo,ziveɪ,zivoʊ
zi.ze,zi.zo,zize,zizo,zizeɪ,zizoʊ
zi.ʃe,zi.ʃo,ziʃe,ziʃo,ziʃeɪ,ziʃoʊ
zi.ʒe,zi.ʒo,ziʒe,ziʒo,ziʒeɪ,ziʒoʊ
zi.θe,zi.θo,ziθe,ziθo,ziθeɪ,ziθoʊ
zi.ðe,zi.ðo,ziðe,ziðo,ziðeɪ,ziðoʊ
zi.he,zi.ho,zihe,ziho,ziheɪ,zihoʊ
zi.mu,zi.mi,zimu,zimi,zimu,zimi
zi.nu,zi.ni,zinu,zini,zinu,zini
zi.pu,zi.pi,zipu,zipi,zipu,zipi
zi.tu,zi.ti,zitu,ziti,zitu,ziti
zi.ku,zi.ki,ziku,ziki,ziku,ziki
zi.bu,zi.bi,zibu,zibi,zibu,zibi
zi.du,zi.di,zidu,zidi,zidu,zidi
zi.gu,zi.gi,zigu,zigi,zigu,zigi
zi.fu,zi.fi,zifu,zifi,zifu,zifi
zi.su,zi.si,zisu,zisi,zisu,zisi
zi.vu,zi.vi,zivu,zivi,zivu,zivi
zi.zu,zi.zi,zizu,zizi,zizu,zizi
zi.ʃu,zi.ʃi,ziʃu,ziʃi,ziʃu,ziʃi
zi.ʒu,zi.ʒi,ziʒu,ziʒi,ziʒu,ziʒi
zi.θu,zi.θi,ziθu,ziθi,ziθu,ziθi
zi.ðu,zi.ði,ziðu,ziði,ziðu,ziði
zi.hu,zi.hi,zihu,zihi,zihu,zihi
zi.mo,zi.me,zimo,zime,zimoʊ,zimeɪ
zi.no,zi.ne,zino,zine,zinoʊ,zineɪ
zi.po,zi.pe,zipo,zipe,zipoʊ,zipeɪ
zi.to,zi.te,zito,zite,zitoʊ,ziteɪ
zi.ko,zi.ke,ziko,zike,zikoʊ,zikeɪ
zi.bo,zi.be,zibo,zibe,ziboʊ,zibeɪ
zi.do,zi.de,zido,zide,zidoʊ,zideɪ
zi.go,zi.ge,zigo,zige,zigoʊ,zigeɪ
zi.fo,zi.fe,zifo,zife,zifoʊ,zifeɪ
zi.so,zi.se,ziso,zise,zisoʊ,ziseɪ
zi.vo,zi.ve,zivo,zive,zivoʊ,ziveɪ
zi.zo,zi.ze,zizo,zize,zizoʊ,zizeɪ
zi.ʃo,zi.ʃe,ziʃo,ziʃe,ziʃoʊ,ziʃeɪ
zi.ʒo,zi.ʒe,ziʒo,ziʒe,ziʒoʊ,ziʒeɪ
zi.θo,zi.θe,ziθo,ziθe,ziθoʊ,ziθeɪ
zi.ðo,zi.ðe,ziðo,ziðe,ziðoʊ,ziðeɪ
zi.ho,zi.he,ziho,zihe,zihoʊ,ziheɪ
ʃi.mi,ʃi.mu,ʃimi,ʃimu,ʃimi,ʃimu
ʃi.ni,ʃi.nu,ʃini,ʃinu,ʃini,ʃinu
ʃi.pi,ʃi.pu,ʃipi,ʃipu,ʃipi,ʃipu
ʃi.ti,ʃi.tu,ʃiti,ʃitu,ʃiti,ʃitu
ʃi.ki,ʃi.ku,ʃiki,ʃiku,ʃiki,ʃiku
ʃi.bi,ʃi.bu,ʃibi,ʃibu,ʃibi,ʃibu
ʃi.di,ʃi.du,ʃidi,ʃidu,ʃidi,ʃidu
ʃi.gi,ʃi.gu,ʃigi,ʃigu,ʃigi,ʃigu
ʃi.fi,ʃi.fu,ʃifi,ʃifu,ʃifi,ʃifu
ʃi.si,ʃi.su,ʃisi,ʃisu,ʃisi,ʃisu
ʃi.vi,ʃi.vu,ʃivi,ʃivu,ʃivi,ʃivu
ʃi.zi,ʃi.zu,ʃizi,ʃizu,ʃizi,ʃizu
ʃi.ʃi,ʃi.ʃu,ʃiʃi,ʃiʃu,ʃiʃi,ʃiʃu
ʃi.ʒi,ʃi.ʒu,ʃiʒi,ʃiʒu,ʃiʒi,ʃiʒu
ʃi.θi,ʃi.θu,ʃiθi,ʃiθu,ʃiθi,ʃiθu
ʃi.ði,ʃi.ðu,ʃiði,ʃiðu,ʃiði,ʃiðu
ʃi.hi,ʃi.hu,ʃihi,ʃihu,ʃihi,ʃihu
ʃi.me,ʃi.mo,ʃime,ʃimo,ʃimeɪ,ʃimoʊ
ʃi.ne,ʃi.no,ʃine,ʃino,ʃineɪ,ʃinoʊ
ʃi.pe,ʃi.po,ʃipe,ʃipo,ʃipeɪ,ʃipoʊ
ʃi.te,ʃi.to,ʃite,ʃito,ʃiteɪ,ʃitoʊ
ʃi.ke,ʃi.ko,ʃike,ʃiko,ʃikeɪ,ʃikoʊ
ʃi.be,ʃi.bo,ʃibe,ʃibo,ʃibeɪ,ʃiboʊ
ʃi.de,ʃi.do,ʃide,ʃido,ʃideɪ,ʃidoʊ
ʃi.ge,ʃi.go,ʃige,ʃigo,ʃigeɪ,ʃigoʊ
ʃi.fe,ʃi.fo,ʃife,ʃifo,ʃifeɪ,ʃifoʊ
ʃi.se,ʃi.so,ʃise,ʃiso,ʃiseɪ,ʃisoʊ
ʃi.ve,ʃi.vo,ʃive,ʃivo,ʃiveɪ,ʃivoʊ
ʃi.ze,ʃi.zo,ʃize,ʃizo,ʃizeɪ,ʃizoʊ
ʃi.ʃe,ʃi.ʃo,ʃiʃe,ʃiʃo,ʃiʃeɪ,ʃiʃoʊ
ʃi.ʒe,ʃi.ʒo,ʃiʒe,ʃiʒo,ʃiʒeɪ,ʃiʒoʊ
ʃi.θe,ʃi.θo,ʃiθe,ʃiθo,ʃiθeɪ,ʃiθoʊ
ʃi.ðe,ʃi.ðo,ʃiðe,ʃiðo,ʃiðeɪ,ʃiðoʊ
ʃi.he,ʃi.ho,ʃihe,ʃiho,ʃiheɪ,ʃihoʊ
ʃi.mu,ʃi.mi,ʃimu,ʃimi,ʃimu,ʃimi
ʃi.nu,ʃi.ni,ʃinu,ʃini,ʃinu,ʃini
ʃi.pu,ʃi.pi,ʃipu,ʃipi,ʃipu,ʃipi
ʃi.tu,ʃi.ti,ʃitu,ʃiti,ʃitu,ʃiti
ʃi.ku,ʃi.ki,ʃiku,ʃiki,ʃiku,ʃiki
ʃi.bu,ʃi.bi,ʃibu,ʃibi,ʃibu,ʃibi
ʃi.du,ʃi.di,ʃidu,ʃidi,ʃidu,ʃidi
ʃi.gu,ʃi.gi,ʃigu,ʃigi,ʃigu,ʃigi
ʃi.fu,ʃi.fi,ʃifu,ʃifi,ʃifu,ʃifi
ʃi.su,ʃi.si,ʃisu,ʃisi,ʃisu,ʃisi
ʃi.vu,ʃi.vi,ʃivu,ʃivi,ʃivu,ʃivi
ʃi.zu,ʃi.zi,ʃizu,ʃizi,ʃizu,ʃizi
ʃi.ʃu,ʃi.ʃi,ʃiʃu,ʃiʃi,ʃiʃu,ʃiʃi
ʃi.ʒu,ʃi.ʒi,ʃiʒu,ʃiʒi,ʃiʒu,ʃiʒi
ʃi.θu,ʃi.θi,ʃiθu,ʃiθi,ʃiθu,ʃiθi
ʃi.ðu,ʃi.ði,ʃiðu,ʃiði,ʃiðu,ʃiði
ʃi.hu,ʃi.hi,ʃihu,ʃihi,ʃihu,ʃihi
ʃi.mo,ʃi.me,ʃimo,ʃime,ʃimoʊ,ʃimeɪ
ʃi.no,ʃi.ne,ʃino,ʃine,ʃinoʊ,ʃineɪ
ʃi.po,ʃi.pe,ʃipo,ʃipe,ʃipoʊ,ʃipeɪ
ʃi.to,ʃi.te,ʃito,ʃite,ʃitoʊ,ʃiteɪ
ʃi.ko,ʃi.ke,ʃiko,ʃike,ʃikoʊ,ʃikeɪ
ʃi.bo,ʃi.be,ʃibo,ʃibe,ʃiboʊ,ʃibeɪ
ʃi.do,ʃi.de,ʃido,ʃide,ʃidoʊ,ʃideɪ
ʃi.go,ʃi.ge,ʃigo,ʃige,ʃigoʊ,ʃigeɪ
ʃi.fo,ʃi.fe,ʃifo,ʃife,ʃifoʊ,ʃifeɪ
ʃi.so,ʃi.se,ʃiso,ʃise,ʃisoʊ,ʃiseɪ
ʃi.vo,ʃi.ve,ʃivo,ʃive,ʃivoʊ,ʃiveɪ
ʃi.zo,ʃi.ze,ʃizo,ʃize,ʃizoʊ,ʃizeɪ
ʃi.ʃo,ʃi.ʃe,ʃiʃo,ʃiʃe,ʃiʃoʊ,ʃiʃeɪ
ʃi.ʒo,ʃi.ʒe,ʃiʒo,ʃiʒe,ʃiʒoʊ,ʃiʒeɪ
ʃi.θo,ʃi.θe,ʃiθo,ʃiθe,ʃiθoʊ,ʃiθeɪ
ʃi.ðo,ʃi.ðe,ʃiðo,ʃiðe,ʃiðoʊ,ʃiðeɪ
ʃi.ho,ʃi.he,ʃiho,ʃihe,ʃihoʊ,ʃiheɪ
ʒi.mi,ʒi.mu,ʒimi,ʒimu,ʒimi,ʒimu
ʒi.ni,ʒi.nu,ʒini,ʒinu,ʒini,ʒinu
ʒi.pi,ʒi.pu,ʒipi,ʒipu,ʒipi,ʒipu
ʒi.ti,ʒi.tu,ʒiti,ʒitu,ʒiti,ʒitu
ʒi.ki,ʒi.ku,ʒiki,ʒiku,ʒiki,ʒiku
ʒi.bi,ʒi.bu,ʒibi,ʒibu,ʒibi,ʒibu
ʒi.di,ʒi.du,ʒidi,ʒidu,ʒidi,ʒidu
ʒi.gi,ʒi.gu,ʒigi,ʒigu,ʒigi,ʒigu
ʒi.fi,ʒi.fu,ʒifi,ʒifu,ʒifi,ʒifu
ʒi.si,ʒi.su,ʒisi,ʒisu,ʒisi,ʒisu
ʒi.vi,ʒi.vu,ʒivi,ʒivu,ʒivi,ʒivu
ʒi.zi,ʒi.zu,ʒizi,ʒizu,ʒizi,ʒizu
ʒi.ʃi,ʒi.ʃu,ʒiʃi,ʒiʃu,ʒiʃi,ʒiʃu
ʒi.ʒi,ʒi.ʒu,ʒiʒi,ʒiʒu,ʒiʒi,ʒiʒu
ʒi.θi,ʒi.θu,ʒiθi,ʒiθu,ʒiθi,ʒiθu
ʒi.ði,ʒi.ðu,ʒiði,ʒiðu,ʒiði,ʒiðu
ʒi.hi,ʒi.hu,ʒihi,ʒihu,ʒihi,ʒihu
ʒi.me,ʒi.mo,ʒime,ʒimo,ʒimeɪ,ʒimoʊ
ʒi.ne,ʒi.no,ʒine,ʒino,ʒineɪ,ʒinoʊ
ʒi.pe,ʒi.po,ʒipe,ʒipo,ʒipeɪ,ʒipoʊ
ʒi.te,ʒi.to,ʒite,ʒito,ʒiteɪ,ʒitoʊ
ʒi.ke,ʒi.ko,ʒike,ʒiko,ʒikeɪ,ʒikoʊ
ʒi.be,ʒi.bo,ʒibe,ʒibo,ʒibeɪ,ʒiboʊ
ʒi.de,ʒi.do,ʒide,ʒido,ʒideɪ,ʒidoʊ
ʒi.ge,ʒi.go,ʒige,ʒigo,ʒigeɪ,ʒigoʊ
ʒi.fe,ʒi.fo,ʒife,ʒifo,ʒifeɪ,ʒifoʊ
ʒi.se,ʒi.so,ʒise,ʒiso,ʒiseɪ,ʒisoʊ
ʒi.ve,ʒi.vo,ʒive,ʒivo,ʒiveɪ,ʒivoʊ
ʒi.ze,ʒi.zo,ʒize,ʒizo,ʒizeɪ,ʒizoʊ
ʒi.ʃe,ʒi.ʃo,ʒiʃe,ʒiʃo,ʒiʃeɪ,ʒiʃoʊ
ʒi.ʒe,ʒi.ʒo,ʒiʒe,ʒiʒo,ʒiʒeɪ,ʒiʒoʊ
ʒi.θe,ʒi.θo,ʒiθe,ʒiθo,ʒiθeɪ,ʒiθoʊ
ʒi.ðe,ʒi.ðo,ʒiðe,ʒiðo,ʒiðeɪ,ʒiðoʊ
ʒi.he,ʒi.ho,ʒihe,ʒiho,ʒiheɪ,ʒihoʊ
ʒi.mu,ʒi.mi,ʒimu,ʒimi,ʒimu,ʒimi
ʒi.nu,ʒi.ni,ʒinu,ʒini,ʒinu,ʒini
ʒi.pu,ʒi.pi,ʒipu,ʒipi,ʒipu,ʒipi
ʒi.tu,ʒi.ti,ʒitu,ʒiti,ʒitu,ʒiti
ʒi.ku,ʒi.ki,ʒiku,ʒiki,ʒiku,ʒiki
ʒi.bu,ʒi.bi,ʒibu,ʒibi,ʒibu,ʒibi
ʒi.du,ʒi.di,ʒidu,ʒidi,ʒidu,ʒidi
ʒi.gu,ʒi.gi,ʒigu,ʒigi,ʒigu,ʒigi
ʒi.fu,ʒi.fi,ʒifu,ʒifi,ʒifu,ʒifi
ʒi.su,ʒi.si,ʒisu,ʒisi,ʒisu,ʒisi
ʒi.vu,ʒi.vi,ʒivu,ʒivi,ʒivu,ʒivi
ʒi.zu,ʒi.zi,ʒizu,ʒizi,ʒizu,ʒizi
ʒi.ʃu,ʒi.ʃi,ʒiʃu,ʒiʃi,ʒiʃu,ʒiʃi
ʒi.ʒu,ʒi.ʒi,ʒiʒu,ʒiʒi,ʒiʒu,ʒiʒi
ʒi.θu,ʒi.θi,ʒiθu,ʒiθi,ʒiθu,ʒiθi
ʒi.ðu,ʒi.ði,ʒiðu,ʒiði,ʒiðu,ʒiði
ʒi.hu,ʒi.hi,ʒihu,ʒihi,ʒihu,ʒihi
ʒi.mo,ʒi.me,ʒimo,ʒime,ʒimoʊ,ʒimeɪ
ʒi.no,ʒi.ne,ʒino,ʒine,ʒinoʊ,ʒineɪ
ʒi.po,ʒi.pe,ʒipo,ʒipe,ʒipoʊ,ʒipeɪ
ʒi.to,ʒi.te,ʒito,ʒite,ʒitoʊ,ʒiteɪ
ʒi.ko,ʒi.ke,ʒiko,ʒike,ʒikoʊ,ʒikeɪ
ʒi.bo,ʒi.be,ʒibo,ʒibe,ʒiboʊ,ʒibeɪ
ʒi.do,ʒi.de,ʒido,ʒide,ʒidoʊ,ʒideɪ
ʒi.go,ʒi.ge,ʒigo,ʒige,ʒigoʊ,ʒigeɪ
ʒi.fo,ʒi.fe,ʒifo,ʒife,ʒifoʊ,ʒifeɪ
ʒi.so,ʒi.se,ʒiso,ʒise,ʒisoʊ,ʒiseɪ
ʒi.vo,ʒi.ve,ʒivo,ʒive,ʒivoʊ,ʒiveɪ
ʒi.zo,ʒi.ze,ʒizo,ʒize,ʒizoʊ,ʒizeɪ
ʒi.ʃo,ʒi.ʃe,ʒiʃo,ʒiʃe,ʒiʃoʊ,ʒiʃeɪ
ʒi.ʒo,ʒi.ʒe,ʒiʒo,ʒiʒe,ʒiʒoʊ,ʒiʒeɪ
ʒi.θo,ʒi.θe,ʒiθo,ʒiθe,ʒiθoʊ,ʒiθeɪ
ʒi.ðo,ʒi.ðe,ʒiðo,ʒiðe,ʒiðoʊ,ʒiðeɪ
ʒi.ho,ʒi.he,ʒiho,ʒihe,ʒihoʊ,ʒiheɪ
θi.mi,θi.mu,θimi,θimu,θimi,θimu
θi.ni,θi.nu,θini,θinu,θini,θinu
θi.pi,θi.pu,θipi,θipu,θipi,θipu
θi.ti,θi.tu,θiti,θitu,θiti,θitu
θi.ki,θi.ku,θiki,θiku,θiki,θiku
θi.bi,θi.bu,θibi,θibu,θibi,θibu
θi.di,θi.du,θidi,θidu,θidi,θidu
θi.gi,θi.gu,θigi,θigu,θigi,θigu
θi.fi,θi.fu,θifi,θifu,θifi,θifu
θi.si,θi.su,θisi,θisu,θisi,θisu
θi.vi,θi.vu,θivi,θivu,θivi,θivu
θi.zi,θi.zu,θizi,θizu,θizi,θizu
θi.ʃi,θi.ʃu,θiʃi,θiʃu,θiʃi,θiʃu
θi.ʒi,θi.ʒu,θiʒi,θiʒu,θiʒi,θiʒu
θi.θi,θi.θu,θiθi,θiθu,θiθi,θiθu
θi.ði,θi.ðu,θiði,θiðu,θiði,θiðu
θi.hi,θi.hu,θihi,θihu,θihi,θihu
θi.me,θi.mo,θime,θimo,θimeɪ,θimoʊ
θi.ne,θi.no,θine,θino,θineɪ,θinoʊ
θi.pe,θi.po,θipe,θipo,θipeɪ,θipoʊ
θi.te,θi.to,θite,θito,θiteɪ,θitoʊ
θi.ke,θi.ko,θike,θiko,θikeɪ,θikoʊ
θi.be,θi.bo,θibe,θibo,θibeɪ,θiboʊ
θi.de,θi.do,θide,θido,θideɪ,θidoʊ
θi.ge,θi.go,θige,θigo,θigeɪ,θigoʊ
θi.fe,θi.fo,θife,θifo,θifeɪ,θifoʊ
θi.se,θi.so,θise,θiso,θiseɪ,θisoʊ
θi.ve,θi.vo,θive,θivo,θiveɪ,θivoʊ
θi.ze,θi.zo,θize,θizo,θizeɪ,θizoʊ
θi.ʃe,θi.ʃo,θiʃe,θiʃo,θiʃeɪ,θiʃoʊ
θi.ʒe,θi.ʒo,θiʒe,θiʒo,θiʒeɪ,θiʒoʊ
θi.θe,θi.θo,θiθe,θiθo,θiθeɪ,θiθoʊ
θi.ðe,θi.ðo,θiðe,θiðo,θiðeɪ,θiðoʊ
θi.he,θi.ho,θihe,θiho,θiheɪ,θihoʊ
θi.mu,θi.mi,θimu,θimi,θimu,θimi
θi.nu,θi.ni,θinu,θini,θinu,θini
θi.pu,θi.pi,θipu,θipi,θipu,θipi
θi.tu,θi.ti,θitu,θiti,θitu,θiti
θi.ku,θi.ki,θiku,θiki,θiku,θiki
θi.bu,θi.bi,θibu,θibi,θibu,θibi
θi.du,θi.di,θidu,θidi,θidu,θidi
θi.gu,θi.gi,θigu,θigi,θigu,θigi
θi.fu,θi.fi,θifu,θifi,θifu,θifi
θi.su,θi.si,θisu,θisi,θisu,θisi
θi.vu,θi.vi,θivu,θivi,θivu,θivi
θi.zu,θi.zi,θizu,θizi,θizu,θizi
θi.ʃu,θi.ʃi,θiʃu,θiʃi,θiʃu,θiʃi
θi.ʒu,θi.ʒi,θiʒu,θiʒi,θiʒu,θiʒi
θi.θu,θi.θi,θiθu,θiθi,θiθu,θiθi
θi.ðu,θi.ði,θiðu,θiði,θiðu,θiði
θi.hu,θi.hi,θihu,θihi,θihu,θihi
θi.mo,θi.me,θimo,θime,θimoʊ,θimeɪ
θi.no,θi.ne,θino,θine,θinoʊ,θineɪ
θi.po,θi.pe,θipo,θipe,θipoʊ,θipeɪ
θi.to,θi.te,θito,θite,θitoʊ,θiteɪ
θi.ko,θi.ke,θiko,θike,θikoʊ,θikeɪ
θi.bo,θi.be,θibo,θibe,θiboʊ,θibeɪ
θi.do,θi.de,θido,θide,θidoʊ,θideɪ
θi.go,θi.ge,θigo,θige,θigoʊ,θigeɪ
θi.fo,θi.fe,θifo,θife,θifoʊ,θifeɪ
θi.so,θi.se,θiso,θise,θisoʊ,θiseɪ
θi.vo,θi.ve,θivo,θive,θivoʊ,θiveɪ
θi.zo,θi.ze,θizo,θize,θizoʊ,θizeɪ
θi.ʃo,θi.ʃe,θiʃo,θiʃe,θiʃoʊ,θiʃeɪ
θi.ʒo,θi.ʒe,θiʒo,θiʒe,θiʒoʊ,θiʒeɪ
θi.θo,θi.θe,θiθo,θiθe,θiθoʊ,θiθeɪ
θi.ðo,θi.ðe,θiðo,θiðe,θiðoʊ,θiðeɪ
θi.ho,θi.he,θiho,θihe,θihoʊ,θiheɪ
ði.mi,ði.mu,ðimi,ðimu,ðimi,ðimu
ði.ni,ði.nu,ðini,ðinu,ðini,ðinu
ði.pi,ði.pu,ðipi,ðipu,ðipi,ðipu
ði.ti,ði.tu,ðiti,ðitu,ðiti,ðitu
ði.ki,ði.ku,ðiki,ðiku,ðiki,ðiku
ði.bi,ði.bu,ðibi,ðibu,ðibi,ðibu
ði.di,ði.du,ðidi,ðidu,ðidi,ðidu
ði.gi,ði.gu,ðigi,ðigu,ðigi,ðigu
ði.fi,ði.fu,ðifi,ðifu,ðifi,ðifu
ði.si,ði.su,ðisi,ðisu,ðisi,ðisu
ði.vi,ði.vu,ðivi,ðivu,ðivi,ðivu
ði.zi,ði.zu,ðizi,ðizu,ðizi,ðizu
ði.ʃi,ði.ʃu,ðiʃi,ðiʃu,ðiʃi,ðiʃu
ði.ʒi,ði.ʒu,ðiʒi,ðiʒu,ðiʒi,ðiʒu
ði.θi,ði.θu,ðiθi,ðiθu,ðiθi,ðiθu
ði.ði,ði.ðu,ðiði,ðiðu,ðiði,ðiðu
ði.hi,ði.hu,ðihi,ðihu,ðihi,ðihu
ði.me,ði.mo,ðime,ðimo,ðimeɪ,ðimoʊ
ði.ne,ði.no,ðine,ðino,ðineɪ,ðinoʊ
ði.pe,ði.po,ðipe,ðipo,ðipeɪ,ðipoʊ
ði.te,ði.to,ðite,ðito,ðiteɪ,ðitoʊ
ði.ke,ði.ko,ðike,ðiko,ðikeɪ,ðikoʊ
ði.be,ði.bo,ðibe,ðibo,ðibeɪ,ðiboʊ
ði.de,ði.do,ðide,ðido,ðideɪ,ðidoʊ
ði.ge,ði.go,ðige,ðigo,ðigeɪ,ðigoʊ
ði.fe,ði.fo,ðife,ðifo,ðifeɪ,ðifoʊ
ði.se,ði.so,ðise,ðiso,ðiseɪ,ðisoʊ
ði.ve,ði.vo,ðive,ðivo,ðiveɪ,ðivoʊ
ði.ze,ði.zo,ðize,ðizo,ðizeɪ,ðizoʊ
ði.ʃe,ði.ʃo,ðiʃe,ðiʃo,ðiʃeɪ,ðiʃoʊ
ði.ʒe,ði.ʒo,ðiʒe,ðiʒo,ðiʒeɪ,ðiʒoʊ
ði.θe,ði.θo,ðiθe,ðiθo,ðiθeɪ,ðiθoʊ
ði.ðe,ði.ðo,ðiðe,ðiðo,ðiðeɪ,ðiðoʊ
ði.he,ði.ho,ðihe,ðiho,ðiheɪ,ðihoʊ
ði.mu,ði.mi,ðimu,ðimi,ðimu,ðimi
ði.nu,ði.ni,ðinu,ðini,ðinu,ðini
ði.pu,ði.pi,ðipu,ðipi,ðipu,ðipi
ði.tu,ði.ti,ðitu,ðiti,ðitu,ðiti
ði.ku,ði.ki,ðiku,ðiki,ðiku,ðiki
ði.bu,ði.bi,ðibu,ðibi,ðibu,ðibi
ði.du,ði.di,ðidu,ðidi,ðidu,ðidi
ði.gu,ði.gi,ðigu,ðigi,ðigu,ðigi
ði.fu,ði.fi,ðifu,ðifi,ðifu,ðifi
ði.su,ði.si,ðisu,ðisi,ðisu,ðisi
ði.vu,ði.vi,ðivu,ðivi,ðivu,ðivi
ði.zu,ði.zi,ðizu,ðizi,ðizu,ðizi
ði.ʃu,ði.ʃi,ðiʃu,ðiʃi,ðiʃu,ðiʃi
ði.ʒu,ði.ʒi,ðiʒu,ðiʒi,ðiʒu,ðiʒi
ði.θu,ði.θi,ðiθu,ðiθi,ðiθu,ðiθi
ði.ðu,ði.ði,ðiðu,ðiði,ðiðu,ðiði
ði.hu,ði.hi,ðihu,ðihi,ðihu,ðihi
ði.mo,ði.me,ðimo,ðime,ðimoʊ,ðimeɪ
ði.no,ði.ne,ðino,ðine,ðinoʊ,ðineɪ
ði.po,ði.pe,ðipo,ðipe,ðipoʊ,ðipeɪ
ði.to,ði.te,ðito,ðite,ðitoʊ,ðiteɪ
ði.ko,ði.ke,ðiko,ðike,ðikoʊ,ðikeɪ
ði.bo,ði.be,ðibo,ðibe,ðiboʊ,ðibeɪ
ði.do,ði.de,ðido,ðide,ðidoʊ,ðideɪ
ði.go,ði.ge,ðigo,ðige,ðigoʊ,ðigeɪ
ði.fo,ði.fe,ðifo,ðife,ðifoʊ,ðifeɪ
ði.so,ði.se,ðiso,ðise,ðisoʊ,ðiseɪ
ði.vo,ði.ve,ðivo,ðive,ðivoʊ,ðiveɪ
ði.zo,ði.ze,ðizo,ðize,ðizoʊ,ðizeɪ
ði.ʃo,ði.ʃe,ðiʃo,ðiʃe,ðiʃoʊ,ðiʃeɪ
ði.ʒo,ði.ʒe,ðiʒo,ðiʒe,ðiʒoʊ,ðiʒeɪ
ði.θo,ði.θe,ðiθo,ðiθe,ðiθoʊ,ðiθeɪ
ði.ðo,ði.ðe,ðiðo,ðiðe,ðiðoʊ,ðiðeɪ
ði.ho,ði.he,ðiho,ðihe,ðihoʊ,ðiheɪ
hi.mi,hi.mu,himi,himu,himi,himu
hi.ni,hi.nu,hini,hinu,hini,hinu
hi.pi,hi.pu,hipi,hipu,hipi,hipu
hi.ti,hi.tu,hiti,hitu,hiti,hitu
hi.ki,hi.ku,hiki,hiku,hiki,hiku
hi.bi,hi.bu,hibi,hibu,hibi,hibu
hi.di,hi.du,hidi,hidu,hidi,hidu
hi.gi,hi.gu,higi,higu,higi,higu
hi.fi,hi.fu,hifi,hifu,hifi,hifu
hi.si,hi.su,hisi,hisu,hisi,hisu
hi.vi,hi.vu,hivi,hivu,hivi,hivu
hi.zi,hi.zu,hizi,hizu,hizi,hizu
hi.ʃi,hi.ʃu,hiʃi,hiʃu,hiʃi,hiʃu
hi.ʒi,hi.ʒu,hiʒi,hiʒu,hiʒi,hiʒu
hi.θi,hi.θu,hiθi,hiθu,hiθi,hiθu
hi.ði,hi.ðu,hiði,hiðu,hiði,hiðu
hi.hi,hi.hu,hihi,hihu,hihi,hihu
hi.me,hi.mo,hime,himo,himeɪ,himoʊ
hi.ne,hi.no,hine,hino,hineɪ,hinoʊ
hi.pe,hi.po,hipe,hipo,hipeɪ,hipoʊ
hi.te,hi.to,hite,hito,hiteɪ,hitoʊ
hi.ke,hi.ko,hike,hiko,hikeɪ,hikoʊ
hi.be,hi.bo,hibe,hibo,hibeɪ,hiboʊ
hi.de,hi.do,hide,hido,hideɪ,hidoʊ
hi.ge,hi.go,hige,higo,higeɪ,higoʊ
hi.fe,hi.fo,hife,hifo,hifeɪ,hifoʊ
hi.se,hi.so,hise,hiso,hiseɪ,hisoʊ
hi.ve,hi.vo,hive,hivo,hiveɪ,hivoʊ
hi.ze,hi.zo,hize,hizo,hizeɪ,hizoʊ
hi.ʃe,hi.ʃo,hiʃe,hiʃo,hiʃeɪ,hiʃoʊ
hi.ʒe,hi.ʒo,hiʒe,hiʒo,hiʒeɪ,hiʒoʊ
hi.θe,hi.θo,hiθe,hiθo,hiθeɪ,hiθoʊ
hi.ðe,hi.ðo,hiðe,hiðo,hiðeɪ,hiðoʊ
hi.he,hi.ho,hihe,hiho,hiheɪ,hihoʊ
hi.mu,hi.mi,himu,himi,himu,himi
hi.nu,hi.ni,hinu,hini,hinu,hini
hi.pu,hi.pi,hipu,hipi,hipu,hipi
hi.tu,hi.ti,hitu,hiti,hitu,hiti
hi.ku,hi.ki,hiku,hiki,hiku,hiki
hi.bu,hi.bi,hibu,hibi,hibu,hibi
hi.du,hi.di,hidu,hidi,hidu,hidi
hi.gu,hi.gi,higu,higi,higu,higi
hi.fu,hi.fi,hifu,hifi,hifu,hifi
hi.su,hi.si,hisu,hisi,hisu,hisi
hi.vu,hi.vi,hivu,hivi,hivu,hivi
hi.zu,hi.zi,hizu,hizi,hizu,hizi
hi.ʃu,hi.ʃi,hiʃu,hiʃi,hiʃu,hiʃi
hi.ʒu,hi.ʒi,hiʒu,hiʒi,hiʒu,hiʒi
hi.θu,hi.θi,hiθu,hiθi,hiθu,hiθi
hi.ðu,hi.ði,hiðu,hiði,hiðu,hiði
hi.hu,hi.hi,hihu,hihi,hihu,hihi
hi.mo,hi.me,himo,hime,himoʊ,himeɪ
hi.no,hi.ne,hino,hine,hinoʊ,hineɪ
hi.po,hi.pe,hipo,hipe,hipoʊ,hipeɪ
hi.to,hi.te,hito,hite,hitoʊ,hiteɪ
hi.ko,hi.ke,hiko,hike,hikoʊ,hikeɪ
hi.bo,hi.be,hibo,hibe,hiboʊ,hibeɪ
hi.do,hi.de,hido,hide,hidoʊ,hideɪ
hi.go,hi.ge,higo,hige,higoʊ,higeɪ
hi.fo,hi.fe,hifo,hife,hifoʊ,hifeɪ
hi.so,hi.se,hiso,hise,hisoʊ,hiseɪ
hi.vo,hi.ve,hivo,hive,hivoʊ,hiveɪ
hi.zo,hi.ze,hizo,hize,hizoʊ,hizeɪ
hi.ʃo,hi.ʃe,hiʃo,hiʃe,hiʃoʊ,hiʃeɪ
hi.ʒo,hi.ʒe,hiʒo,hiʒe,hiʒoʊ,hiʒeɪ
hi.θo,hi.θe,hiθo,hiθe,hiθoʊ,hiθeɪ
hi.ðo,hi.ðe,hiðo,hiðe,hiðoʊ,hiðeɪ
hi.ho,hi.he,hiho,hihe,hihoʊ,hiheɪ
me.mi,me.mu,memi,memu,meɪmi,meɪmu
me.ni,me.nu,meni,menu,meɪni,meɪnu
me.pi,me.pu,mepi,mepu,meɪpi,meɪpu
me.ti,me.tu,meti,metu,meɪti,meɪtu
me.ki,me.ku,meki,meku,meɪki,meɪku
me.bi,me.bu,mebi,mebu,meɪbi,meɪbu
me.di,me.du,medi,medu,meɪdi,meɪdu
me.gi,me.gu,megi,megu,meɪgi,meɪgu
me.fi,me.fu,mefi,mefu,meɪfi,meɪfu
me.si,me.su,mesi,mesu,meɪsi,meɪsu
me.vi,me.vu,mevi,mevu,meɪvi,meɪvu
me.zi,me.zu,mezi,mezu,meɪzi,meɪzu
me.ʃi,me.ʃu,meʃi,meʃu,meɪʃi,meɪʃu
me.ʒi,me.ʒu,meʒi,meʒu,meɪʒi,meɪʒu
me.θi,me.θu,meθi,meθu,meɪθi,meɪθu
me.ði,me.ðu,meði,meðu,meɪði,meɪðu
me.hi,me.hu,mehi,mehu,meɪhi,meɪhu
me.me,me.mo,meme,memo,meɪmeɪ,meɪmoʊ
me.ne,me.no,mene,meno,meɪneɪ,meɪnoʊ
me.pe,me.po,mepe,mepo,meɪpeɪ,meɪpoʊ
me.te,me.to,mete,meto,meɪteɪ,meɪtoʊ
me.ke,me.ko,meke,meko,meɪkeɪ,meɪkoʊ
me.be,me.bo,mebe,mebo,meɪbeɪ,meɪboʊ
me.de,me.do,mede,medo,meɪdeɪ,meɪdoʊ
me.ge,me.go,mege,mego,meɪgeɪ,meɪgoʊ
me.fe,me.fo,mefe,mefo,meɪfeɪ,meɪfoʊ
me.se,me.so,mese,meso,meɪseɪ,meɪsoʊ
me.ve,me.vo,meve,mevo,meɪveɪ,meɪvoʊ
me.ze,me.zo,meze,mezo,meɪzeɪ,meɪzoʊ
me.ʃe,me.ʃo,meʃe,meʃo,meɪʃeɪ,meɪʃoʊ
me.ʒe,me.ʒo,meʒe,meʒo,meɪʒeɪ,meɪʒoʊ
me.θe,me.θo,meθe,meθo,meɪθeɪ,meɪθoʊ
me.ðe,me.ðo,meðe,meðo,meɪðeɪ,meɪðoʊ
me.he,me.ho,mehe,meho,meɪheɪ,meɪhoʊ
me.mu,me.mi,memu,memi,meɪmu,meɪmi
me.nu,me.ni,menu,meni,meɪnu,meɪni
me.pu,me.pi,mepu,mepi,meɪpu,meɪpi
me.tu,me.ti,metu,meti,meɪtu,meɪti
me.ku,me.ki,meku,meki,meɪku,meɪki
me.bu,me.bi,mebu,mebi,meɪbu,meɪbi
me.du,me.di,medu,medi,meɪdu,meɪdi
me.gu,me.gi,megu,megi,meɪgu,meɪgi
me.fu,me.fi,mefu,mefi,meɪfu,meɪfi
me.su,me.si,mesu,mesi,meɪsu,meɪsi
me.vu,me.vi,mevu,mevi,meɪvu,meɪvi
me.zu,me.zi,mezu,mezi,meɪzu,meɪzi
me.ʃu,me.ʃi,meʃu,meʃi,meɪʃu,meɪʃi
me.ʒu,me.ʒi,meʒu,meʒi,meɪʒu,meɪʒi
me.θu,me.θi,meθu,meθi,meɪθu,meɪθi
me.ðu,me.ði,meðu,meði,meɪðu,meɪði
me.hu,me.hi,mehu,mehi,meɪhu,meɪhi
me.mo,me.me,memo,meme,meɪmoʊ,meɪmeɪ
me.no,me.ne,meno,mene,meɪnoʊ,meɪneɪ
me.po,me.pe,mepo,mepe,meɪpoʊ,meɪpeɪ
me.to,me.te,meto,mete,meɪtoʊ,meɪteɪ
me.ko,me.ke,meko,meke,meɪkoʊ,meɪkeɪ
me.bo,me.be,mebo,mebe,meɪboʊ,meɪbeɪ
me.do,me.de,medo,mede,meɪdoʊ,meɪdeɪ
me.go,me.ge,mego,mege,meɪgoʊ,meɪgeɪ
me.fo,me.fe,mefo,mefe,meɪfoʊ,meɪfeɪ
me.so,me.se,meso,mese,meɪsoʊ,meɪseɪ
me.vo,me.ve,mevo,meve,meɪvoʊ,meɪveɪ
me.zo,me.ze,mezo,meze,meɪzoʊ,meɪzeɪ
me.ʃo,me.ʃe,meʃo,meʃe,meɪʃoʊ,meɪʃeɪ
me.ʒo,me.ʒe,meʒo,meʒe,meɪʒoʊ,meɪʒeɪ
me.θo,me.θe,meθo,meθe,meɪθoʊ,meɪθeɪ
me.ðo,me.ðe,meðo,meðe,meɪðoʊ,meɪðeɪ
me.ho,me.he,meho,mehe,meɪhoʊ,meɪheɪ
ne.mi,ne.mu,nemi,nemu,neɪmi,neɪmu
ne.ni,ne.nu,neni,nenu,neɪni,neɪnu
ne.pi,ne.pu,nepi,nepu,neɪpi,neɪpu
ne.ti,ne.tu,neti,netu,neɪti,neɪtu
ne.ki,ne.ku,neki,neku,neɪki,neɪku
ne.bi,ne.bu,nebi,nebu,neɪbi,neɪbu
ne.di,ne.du,nedi,nedu,neɪdi,neɪdu
ne.gi,ne.gu,negi,negu,neɪgi,neɪgu
ne.fi,ne.fu,nefi,nefu,neɪfi,neɪfu
ne.si,ne.su,nesi,nesu,neɪsi,neɪsu
ne.vi,ne.vu,nevi,nevu,neɪvi,neɪvu
ne.zi,ne.zu,nezi,nezu,neɪzi,neɪzu
ne.ʃi,ne.ʃu,neʃi,neʃu,neɪʃi,neɪʃu
ne.ʒi,ne.ʒu,neʒi,neʒu,neɪʒi,neɪʒu
ne.θi,ne.θu,neθi,neθu,neɪθi,neɪθu
ne.ði,ne.ðu,neði,neðu,neɪði,neɪðu
ne.hi,ne.hu,nehi,nehu,neɪhi,neɪhu
ne.me,ne.mo,neme,nemo,neɪmeɪ,neɪmoʊ
ne.ne,ne.no,nene,neno,neɪneɪ,neɪnoʊ
ne.pe,ne.po,nepe,nepo,neɪpeɪ,neɪpoʊ
ne.te,ne.to,nete,neto,neɪteɪ,neɪtoʊ
ne.ke,ne.ko,neke,neko,neɪkeɪ,neɪkoʊ
ne.be,ne.bo,nebe,nebo,neɪbeɪ,neɪboʊ
ne.de,ne.do,nede,nedo,neɪdeɪ,neɪdoʊ
ne.ge,ne.go,nege,nego,neɪgeɪ,neɪgoʊ
ne.fe,ne.fo,nefe,nefo,neɪfeɪ,neɪfoʊ
ne.se,ne.so,nese,neso,neɪseɪ,neɪsoʊ
ne.ve,ne.vo,neve,nevo,neɪveɪ,neɪvoʊ
ne.ze,ne.zo,neze,nezo,neɪzeɪ,neɪzoʊ
ne.ʃe,ne.ʃo,neʃe,neʃo,neɪʃeɪ,neɪʃoʊ
ne.ʒe,ne.ʒo,neʒe,neʒo,neɪʒeɪ,neɪʒoʊ
ne.θe,ne.θo,neθe,neθo,neɪθeɪ,neɪθoʊ
ne.ðe,ne.ðo,neðe,neðo,neɪðeɪ,neɪðoʊ
ne.he,ne.ho,nehe,neho,neɪheɪ,neɪhoʊ
ne.mu,ne.mi,nemu,nemi,neɪmu,neɪmi
ne.nu,ne.ni,nenu,neni,neɪnu,neɪni
ne.pu,ne.pi,nepu,nepi,neɪpu,neɪpi
ne.tu,ne.ti,netu,neti,neɪtu,neɪti
ne.ku,ne.ki,neku,neki,neɪku,neɪki
ne.bu,ne.bi,nebu,nebi,neɪbu,neɪbi
ne.du,ne.di,nedu,nedi,neɪdu,neɪdi
ne.gu,ne.gi,negu,negi,neɪgu,neɪgi
ne.fu,ne.fi,nefu,nefi,neɪfu,neɪfi
ne.su,ne.si,nesu,nesi,neɪsu,neɪsi
ne.vu,ne.vi,nevu,nevi,neɪvu,neɪvi
ne.zu,ne.zi,nezu,nezi,neɪzu,neɪzi
ne.ʃu,ne.ʃi,neʃu,neʃi,neɪʃu,neɪʃi
ne.ʒu,ne.ʒi,neʒu,neʒi,neɪʒu,neɪʒi
ne.θu,ne.θi,neθu,neθi,neɪθu,neɪθi
ne.ðu,ne.ði,neðu,neði,neɪðu,neɪði
ne.hu,ne.hi,nehu,nehi,neɪhu,neɪhi
ne.mo,ne.me,nemo,neme,neɪmoʊ,neɪmeɪ
ne.no,ne.ne,neno,nene,neɪnoʊ,neɪneɪ
ne.po,ne.pe,nepo,nepe,neɪpoʊ,neɪpeɪ
ne.to,ne.te,neto,nete,neɪtoʊ,neɪteɪ
ne.ko,ne.ke,neko,neke,neɪkoʊ,neɪkeɪ
ne.bo,ne.be,nebo,nebe,neɪboʊ,neɪbeɪ
ne.do,ne.de,nedo,nede,neɪdoʊ,neɪdeɪ
ne.go,ne.ge,nego,nege,neɪgoʊ,neɪgeɪ
ne.fo,ne.fe,nefo,nefe,neɪfoʊ,neɪfeɪ
ne.so,ne.se,neso,nese,neɪsoʊ,neɪseɪ
ne.vo,ne.ve,nevo,neve,neɪvoʊ,neɪveɪ
ne.zo,ne.ze,nezo,neze,neɪzoʊ,neɪzeɪ
ne.ʃo,ne.ʃe,neʃo,neʃe,neɪʃoʊ,neɪʃeɪ
ne.ʒo,ne.ʒe,neʒo,neʒe,neɪʒoʊ,neɪʒeɪ
ne.θo,ne.θe,neθo,neθe,neɪθoʊ,neɪθeɪ
ne.ðo,ne.ðe,neðo,neðe,neɪðoʊ,neɪðeɪ
ne.ho,ne.he,neho,nehe,neɪhoʊ,neɪheɪ
pe.mi,pe.mu,pemi,pemu,peɪmi,peɪmu
pe.ni,pe.nu,peni,penu,peɪni,peɪnu
pe.pi,pe.pu,pepi,pepu,peɪpi,peɪpu
pe.ti,pe.tu,peti,petu,peɪti,peɪtu
pe.ki,pe.ku,peki,peku,peɪki,peɪku
pe.bi,pe.bu,pebi,pebu,peɪbi,peɪbu
pe.di,pe.du,pedi,pedu,peɪdi,peɪdu
pe.gi,pe.gu,pegi,pegu,peɪgi,peɪgu
pe.fi,pe.fu,pefi,pefu,peɪfi,peɪfu
pe.si,pe.su,pesi,pesu,peɪsi,peɪsu
pe.vi,pe.vu,pevi,pevu,peɪvi,peɪvu
pe.zi,pe.zu,pezi,pezu,peɪzi,peɪzu
pe.ʃi,pe.ʃu,peʃi,peʃu,peɪʃi,peɪʃu
pe.ʒi,pe.ʒu,peʒi,peʒu,peɪʒi,peɪʒu
pe.θi,pe.θu,peθi,peθu,peɪθi,peɪθu
pe.ði,pe.ðu,peði,peðu,peɪði,peɪðu
pe.hi,pe.hu,pehi,pehu,peɪhi,peɪhu
pe.me,pe.mo,peme,pemo,peɪmeɪ,peɪmoʊ
pe.ne,pe.no,pene,peno,peɪneɪ,peɪnoʊ
pe.pe,pe.po,pepe,pepo,peɪpeɪ,peɪpoʊ
pe.te,pe.to,pete,peto,peɪteɪ,peɪtoʊ
pe.ke,pe.ko,peke,peko,peɪkeɪ,peɪkoʊ
pe.be,pe.bo,pebe,pebo,peɪbeɪ,peɪboʊ
pe.de,pe.do,pede,pedo,peɪdeɪ,peɪdoʊ
pe.ge,pe.go,pege,pego,peɪgeɪ,peɪgoʊ
pe.fe,pe.fo,pefe,pefo,peɪfeɪ,peɪfoʊ
pe.se,pe.so,pese,peso,peɪseɪ,peɪsoʊ
pe.ve,pe.vo,peve,pevo,peɪveɪ,peɪvoʊ
pe.ze,pe.zo,peze,pezo,peɪzeɪ,peɪzoʊ
pe.ʃe,pe.ʃo,peʃe,peʃo,peɪʃeɪ,peɪʃoʊ
pe.ʒe,pe.ʒo,peʒe,peʒo,peɪʒeɪ,peɪʒoʊ
pe.θe,pe.θo,peθe,peθo,peɪθeɪ,peɪθoʊ
pe.ðe,pe.ðo,peðe,peðo,peɪðeɪ,peɪðoʊ
pe.he,pe.ho,pehe,peho,peɪheɪ,peɪhoʊ
pe.mu,pe.mi,pemu,pemi,peɪmu,peɪmi
pe.nu,pe.ni,penu,peni,peɪnu,peɪni
pe.pu,pe.pi,pepu,pepi,peɪpu,peɪpi
pe.tu,pe.ti,petu,peti,peɪtu,peɪti
pe.ku,pe.ki,peku,peki,peɪku,peɪki
pe.bu,pe.bi,pebu,pebi,peɪbu,peɪbi
pe.du,pe.di,pedu,pedi,peɪdu,peɪdi
pe.gu,pe.gi,pegu,pegi,peɪgu,peɪgi
pe.fu,pe.fi,pefu,pefi,peɪfu,peɪfi
pe.su,pe.si,pesu,pesi,peɪsu,peɪsi
pe.vu,pe.vi,pevu,pevi,peɪvu,peɪvi
pe.zu,pe.zi,pezu,pezi,peɪzu,peɪzi
pe.ʃu,pe.ʃi,peʃu,peʃi,peɪʃu,peɪʃi
pe.ʒu,pe.ʒi,peʒu,peʒi,peɪʒu,peɪʒi
pe.θu,pe.θi,peθu,peθi,peɪθu,peɪθi
pe.ðu,pe.ði,peðu,peði,peɪðu,peɪði
pe.hu,pe.hi,pehu,pehi,peɪhu,peɪhi
pe.mo,pe.me,pemo,peme,peɪmoʊ,peɪmeɪ
pe.no,pe.ne,peno,pene,peɪnoʊ,peɪneɪ
pe.po,pe.pe,pepo,pepe,peɪpoʊ,peɪpeɪ
pe.to,pe.te,peto,pete,peɪtoʊ,peɪteɪ
pe.ko,pe.ke,peko,peke,peɪkoʊ,peɪkeɪ
pe.bo,pe.be,pebo,pebe,peɪboʊ,peɪbeɪ
pe.do,pe.de,pedo,pede,peɪdoʊ,peɪdeɪ
pe.go,pe.ge,pego,pege,peɪgoʊ,peɪgeɪ
pe.fo,pe.fe,pefo,pefe,peɪfoʊ,peɪfeɪ
pe.so,pe.se,peso,pese,peɪsoʊ,peɪseɪ
pe.vo,pe.ve,pevo,peve,peɪvoʊ,peɪveɪ
pe.zo,pe.ze,pezo,peze,peɪzoʊ,peɪzeɪ
pe.ʃo,pe.ʃe,peʃo,peʃe,peɪʃoʊ,peɪʃeɪ
pe.ʒo,pe.ʒe,peʒo,peʒe,peɪʒoʊ,peɪʒeɪ
pe.θo,pe.θe,peθo,peθe,peɪθoʊ,peɪθeɪ
pe.ðo,pe.ðe,peðo,peðe,peɪðoʊ,peɪðeɪ
pe.ho,pe.he,peho,pehe,peɪhoʊ,peɪheɪ
te.mi,te.mu,temi,temu,teɪmi,teɪmu
te.ni,te.nu,teni,tenu,teɪni,teɪnu
te.pi,te.pu,tepi,tepu,teɪpi,teɪpu
te.ti,te.tu,teti,tetu,teɪti,teɪtu
te.ki,te.ku,teki,teku,teɪki,teɪku
te.bi,te.bu,tebi,tebu,teɪbi,teɪbu
te.di,te.du,tedi,tedu,teɪdi,teɪdu
te.gi,te.gu,tegi,tegu,teɪgi,teɪgu
te.fi,te.fu,tefi,tefu,teɪfi,teɪfu
te.si,te.su,tesi,tesu,teɪsi,teɪsu
te.vi,te.vu,tevi,tevu,teɪvi,teɪvu
te.zi,te.zu,tezi,tezu,teɪzi,teɪzu
te.ʃi,te.ʃu,teʃi,teʃu,teɪʃi,teɪʃu
te.ʒi,te.ʒu,teʒi,teʒu,teɪʒi,teɪʒu
te.θi,te.θu,teθi,teθu,teɪθi,teɪθu
te.ði,te.ðu,teði,teðu,teɪði,teɪðu
te.hi,te.hu,tehi,tehu,teɪhi,teɪhu
te.me,te.mo,teme,temo,teɪmeɪ,teɪmoʊ
te.ne,te.no,tene,teno,teɪneɪ,teɪnoʊ
te.pe,te.po,tepe,tepo,teɪpeɪ,teɪpoʊ
te.te,te.to,tete,teto,teɪteɪ,teɪtoʊ
te.ke,te.ko,teke,teko,teɪkeɪ,teɪkoʊ
te.be,te.bo,tebe,tebo,teɪbeɪ,teɪboʊ
te.de,te.do,tede,tedo,teɪdeɪ,teɪdoʊ
te.ge,te.go,tege,tego,teɪgeɪ,teɪgoʊ
te.fe,te.fo,tefe,tefo,teɪfeɪ,teɪfoʊ
te.se,te.so,tese,teso,teɪseɪ,teɪsoʊ
te.ve,te.vo,teve,tevo,teɪveɪ,teɪvoʊ
te.ze,te.zo,teze,tezo,teɪzeɪ,teɪzoʊ
te.ʃe,te.ʃo,teʃe,teʃo,teɪʃeɪ,teɪʃoʊ
te.ʒe,te.ʒo,teʒe,teʒo,teɪʒeɪ,teɪʒoʊ
te.θe,te.θo,teθe,teθo,teɪθeɪ,teɪθoʊ
te.ðe,te.ðo,teðe,teðo,teɪðeɪ,teɪðoʊ
te.he,te.ho,tehe,teho,teɪheɪ,teɪhoʊ
te.mu,te.mi,temu,temi,teɪmu,teɪmi
te.nu,te.ni,tenu,teni,teɪnu,teɪni
te.pu,te.pi,tepu,tepi,teɪpu,teɪpi
te.tu,te.ti,tetu,teti,teɪtu,teɪti
te.ku,te.ki,teku,teki,teɪku,teɪki
te.bu,te.bi,tebu,tebi,teɪbu,teɪbi
te.du,te.di,tedu,tedi,teɪdu,teɪdi
te.gu,te.gi,tegu,tegi,teɪgu,teɪgi
te.fu,te.fi,tefu,tefi,teɪfu,teɪfi
te.su,te.si,tesu,tesi,teɪsu,teɪsi
te.vu,te.vi,tevu,tevi,teɪvu,teɪvi
te.zu,te.zi,tezu,tezi,teɪzu,teɪzi
te.ʃu,te.ʃi,teʃu,teʃi,teɪʃu,teɪʃi
te.ʒu,te.ʒi,teʒu,teʒi,teɪʒu,teɪʒi
te.θu,te.θi,teθu,teθi,teɪθu,teɪθi
te.ðu,te.ði,teðu,teði,teɪðu,teɪði
te.hu,te.hi,tehu,tehi,teɪhu,teɪhi
te.mo,te.me,temo,teme,teɪmoʊ,teɪmeɪ
te.no,te.ne,teno,tene,teɪnoʊ,teɪneɪ
te.po,te.pe,tepo,tepe,teɪpoʊ,teɪpeɪ
te.to,te.te,teto,tete,teɪtoʊ,teɪteɪ
te.ko,te.ke,teko,teke,teɪkoʊ,teɪkeɪ
te.bo,te.be,tebo,tebe,teɪboʊ,teɪbeɪ
te.do,te.de,tedo,tede,teɪdoʊ,teɪdeɪ
te.go,te.ge,tego,tege,teɪgoʊ,teɪgeɪ
te.fo,te.fe,tefo,tefe,teɪfoʊ,teɪfeɪ
te.so,te.se,teso,tese,teɪsoʊ,teɪseɪ
te.vo,te.ve,tevo,teve,teɪvoʊ,teɪveɪ
te.zo,te.ze,tezo,teze,teɪzoʊ,teɪzeɪ
te.ʃo,te.ʃe,teʃo,teʃe,teɪʃoʊ,teɪʃeɪ
te.ʒo,te.ʒe,teʒo,teʒe,teɪʒoʊ,teɪʒeɪ
te.θo,te.θe,teθo,teθe,teɪθoʊ,teɪθeɪ
te.ðo,te.ðe,teðo,teðe,teɪðoʊ,teɪðeɪ
te.ho,te.he,teho,tehe,teɪhoʊ,teɪheɪ
ke.mi,ke.mu,kemi,kemu,keɪmi,keɪmu
ke.ni,ke.nu,keni,kenu,keɪni,keɪnu
ke.pi,ke.pu,kepi,kepu,keɪpi,keɪpu
ke.ti,ke.tu,keti,ketu,keɪti,keɪtu
ke.ki,ke.ku,keki,keku,keɪki,keɪku
ke.bi,ke.bu,kebi,kebu,keɪbi,keɪbu
ke.di,ke.du,kedi,kedu,keɪdi,keɪdu
ke.gi,ke.gu,kegi,kegu,keɪgi,keɪgu
ke.fi,ke.fu,kefi,kefu,keɪfi,keɪfu
ke.si,ke.su,kesi,kesu,keɪsi,keɪsu
ke.vi,ke.vu,kevi,kevu,keɪvi,keɪvu
ke.zi,ke.zu,kezi,kezu,keɪzi,keɪzu
ke.ʃi,ke.ʃu,keʃi,keʃu,keɪʃi,keɪʃu
ke.ʒi,ke.ʒu,keʒi,keʒu,keɪʒi,keɪʒu
ke.θi,ke.θu,keθi,keθu,keɪθi,keɪθu
ke.ði,ke.ðu,keði,keðu,keɪði,keɪðu
ke.hi,ke.hu,kehi,kehu,keɪhi,keɪhu
ke.me,ke.mo,keme,kemo,keɪmeɪ,keɪmoʊ
ke.ne,ke.no,kene,keno,keɪneɪ,keɪnoʊ
ke.pe,ke.po,kepe,kepo,keɪpeɪ,keɪpoʊ
ke.te,ke.to,kete,keto,keɪteɪ,keɪtoʊ
ke.ke,ke.ko,keke,keko,keɪkeɪ,keɪkoʊ
ke.be,ke.bo,kebe,kebo,keɪbeɪ,keɪboʊ
ke.de,ke.do,kede,kedo,keɪdeɪ,keɪdoʊ
ke.ge,ke.go,kege,kego,keɪgeɪ,keɪgoʊ
ke.fe,ke.fo,kefe,kefo,keɪfeɪ,keɪfoʊ
ke.se,ke.so,kese,keso,keɪseɪ,keɪsoʊ
ke.ve,ke.vo,keve,kevo,keɪveɪ,keɪvoʊ
ke.ze,ke.zo,keze,kezo,keɪzeɪ,keɪzoʊ
ke.ʃe,ke.ʃo,keʃe,keʃo,keɪʃeɪ,keɪʃoʊ
ke.ʒe,ke.ʒo,keʒe,keʒo,keɪʒeɪ,keɪʒoʊ
ke.θe,ke.θo,keθe,keθo,keɪθeɪ,keɪθoʊ
ke.ðe,ke.ðo,keðe,keðo,keɪðeɪ,keɪðoʊ
ke.he,ke.ho,kehe,keho,keɪheɪ,keɪhoʊ
ke.mu,ke.mi,kemu,kemi,keɪmu,keɪmi
ke.nu,ke.ni,kenu,keni,keɪnu,keɪni
ke.pu,ke.pi,kepu,kepi,keɪpu,keɪpi
ke.tu,ke.ti,ketu,keti,keɪtu,keɪti
ke.ku,ke.ki,keku,keki,keɪku,keɪki
ke.bu,ke.bi,kebu,kebi,keɪbu,keɪbi
ke.du,ke.di,kedu,kedi,keɪdu,keɪdi
ke.gu,ke.gi,kegu,kegi,keɪgu,keɪgi
ke.fu,ke.fi,kefu,kefi,keɪfu,keɪfi
ke.su,ke.si,kesu,kesi,keɪsu,keɪsi
ke.vu,ke.vi,kevu,kevi,keɪvu,keɪvi
ke.zu,ke.zi,kezu,kezi,keɪzu,keɪzi
ke.ʃu,ke.ʃi,keʃu,keʃi,keɪʃu,keɪʃi
ke.ʒu,ke.ʒi,keʒu,keʒi,keɪʒu,keɪʒi
ke.θu,ke.θi,keθu,keθi,keɪθu,keɪθi
ke.ðu,ke.ði,keðu,keði,keɪðu,keɪði
ke.hu,ke.hi,kehu,kehi,keɪhu,keɪhi
ke.mo,ke.me,kemo,keme,keɪmoʊ,keɪmeɪ
ke.no,ke.ne,keno,kene,keɪnoʊ,keɪneɪ
ke.po,ke.pe,kepo,kepe,keɪpoʊ,keɪpeɪ
ke.to,ke.te,keto,kete,keɪtoʊ,keɪteɪ
ke.ko,ke.ke,keko,keke,keɪkoʊ,keɪkeɪ
ke.bo,ke.be,kebo,kebe,keɪboʊ,keɪbeɪ
ke.do,ke.de,kedo,kede,keɪdoʊ,keɪdeɪ
ke.go,ke.ge,kego,kege,keɪgoʊ,keɪgeɪ
ke.fo,ke.fe,kefo,kefe,keɪfoʊ,keɪfeɪ
ke.so,ke.se,keso,kese,keɪsoʊ,keɪseɪ
ke.vo,ke.ve,kevo,keve,keɪvoʊ,keɪveɪ
ke.zo,ke.ze,kezo,keze,keɪzoʊ,keɪzeɪ
ke.ʃo,ke.ʃe,keʃo,keʃe,keɪʃoʊ,keɪʃeɪ
ke.ʒo,ke.ʒe,keʒo,keʒe,keɪʒoʊ,keɪʒeɪ
ke.θo,ke.θe,keθo,keθe,keɪθoʊ,keɪθeɪ
ke.ðo,ke.ðe,keðo,keðe,keɪðoʊ,keɪðeɪ
ke.ho,ke.he,keho,kehe,keɪhoʊ,keɪheɪ
be.mi,be.mu,bemi,bemu,beɪmi,beɪmu
be.ni,be.nu,beni,benu,beɪni,beɪnu
be.pi,be.pu,bepi,bepu,beɪpi,beɪpu
be.ti,be.tu,beti,betu,beɪti,beɪtu
be.ki,be.ku,beki,beku,beɪki,beɪku
be.bi,be.bu,bebi,bebu,beɪbi,beɪbu
be.di,be.du,bedi,bedu,beɪdi,beɪdu
be.gi,be.gu,begi,begu,beɪgi,beɪgu
be.fi,be.fu,befi,befu,beɪfi,beɪfu
be.si,be.su,besi,besu,beɪsi,beɪsu
be.vi,be.vu,bevi,bevu,beɪvi,beɪvu
be.zi,be.zu,bezi,bezu,beɪzi,beɪzu
be.ʃi,be.ʃu,beʃi,beʃu,beɪʃi,beɪʃu
be.ʒi,be.ʒu,beʒi,beʒu,beɪʒi,beɪʒu
be.θi,be.θu,beθi,beθu,beɪθi,beɪθu
be.ði,be.ðu,beði,beðu,beɪði,beɪðu
be.hi,be.hu,behi,behu,beɪhi,beɪhu
be.me,be.mo,beme,bemo,beɪmeɪ,beɪmoʊ
be.ne,be.no,bene,beno,beɪneɪ,beɪnoʊ
be.pe,be.po,bepe,bepo,beɪpeɪ,beɪpoʊ
be.te,be.to,bete,beto,beɪteɪ,beɪtoʊ
be.ke,be.ko,beke,beko,beɪkeɪ,beɪkoʊ
be.be,be.bo,bebe,bebo,beɪbeɪ,beɪboʊ
be.de,be.do,bede,bedo,beɪdeɪ,beɪdoʊ
be.ge,be.go,bege,bego,beɪgeɪ,beɪgoʊ
be.fe,be.fo,befe,befo,beɪfeɪ,beɪfoʊ
be.se,be.so,bese,beso,beɪseɪ,beɪsoʊ
be.ve,be.vo,beve,bevo,beɪveɪ,beɪvoʊ
be.ze,be.zo,beze,bezo,beɪzeɪ,beɪzoʊ
be.ʃe,be.ʃo,beʃe,beʃo,beɪʃeɪ,beɪʃoʊ
be.ʒe,be.ʒo,beʒe,beʒo,beɪʒeɪ,beɪʒoʊ
be.θe,be.θo,beθe,beθo,beɪθeɪ,beɪθoʊ
be.ðe,be.ðo,beðe,beðo,beɪðeɪ,beɪðoʊ
be.he,be.ho,behe,beho,beɪheɪ,beɪhoʊ
be.mu,be.mi,bemu,bemi,beɪmu,beɪmi
be.nu,be.ni,benu,beni,beɪnu,beɪni
be.pu,be.pi,bepu,bepi,beɪpu,beɪpi
be.tu,be.ti,betu,beti,beɪtu,beɪti
be.ku,be.ki,beku,beki,beɪku,beɪki
be.bu,be.bi,bebu,bebi,beɪbu,beɪbi
be.du,be.di,bedu,bedi,beɪdu,beɪdi
be.gu,be.gi,begu,begi,beɪgu,beɪgi
be.fu,be.fi,befu,befi,beɪfu,beɪfi
be.su,be.si,besu,besi,beɪsu,beɪsi
be.vu,be.vi,bevu,bevi,beɪvu,beɪvi
be.zu,be.zi,bezu,bezi,beɪzu,beɪzi
be.ʃu,be.ʃi,beʃu,beʃi,beɪʃu,beɪʃi
be.ʒu,be.ʒi,beʒu,beʒi,beɪʒu,beɪʒi
be.θu,be.θi,beθu,beθi,beɪθu,beɪθi
be.ðu,be.ði,beðu,beði,beɪðu,beɪði
be.hu,be.hi,behu,behi,beɪhu,beɪhi
be.mo,be.me,bemo,beme,beɪmoʊ,beɪmeɪ
be.no,be.ne,beno,bene,beɪnoʊ,beɪneɪ
be.po,be.pe,bepo,bepe,beɪpoʊ,beɪpeɪ
be.to,be.te,beto,bete,beɪtoʊ,beɪteɪ
be.ko,be.ke,beko,beke,beɪkoʊ,beɪkeɪ
be.bo,be.be,bebo,bebe,beɪboʊ,beɪbeɪ
be.do,be.de,bedo,bede,beɪdoʊ,beɪdeɪ
be.go,be.ge,bego,bege,beɪgoʊ,beɪgeɪ
be.fo,be.fe,befo,befe,beɪfoʊ,beɪfeɪ
be.so,be.se,beso,bese,beɪsoʊ,beɪseɪ
be.vo,be.ve,bevo,beve,beɪvoʊ,beɪveɪ
be.zo,be.ze,bezo,beze,beɪzoʊ,beɪzeɪ
be.ʃo,be.ʃe,beʃo,beʃe,beɪʃoʊ,beɪʃeɪ
be.ʒo,be.ʒe,beʒo,beʒe,beɪʒoʊ,beɪʒeɪ
be.θo,be.θe,beθo,beθe,beɪθoʊ,beɪθeɪ
be.ðo,be.ðe,beðo,beðe,beɪðoʊ,beɪðeɪ
be.ho,be.he,beho,behe,beɪhoʊ,beɪheɪ
de.mi,de.mu,demi,demu,deɪmi,deɪmu
de.ni,de.nu,deni,denu,deɪni,deɪnu
de.pi,de.pu,depi,depu,deɪpi,deɪpu
de.ti,de.tu,deti,detu,deɪti,deɪtu
de.ki,de.ku,deki,deku,deɪki,deɪku
de.bi,de.bu,debi,debu,deɪbi,deɪbu
de.di,de.du,dedi,dedu,deɪdi,deɪdu
de.gi,de.gu,degi,degu,deɪgi,deɪgu
de.fi,de.fu,defi,defu,deɪfi,deɪfu
de.si,de.su,desi,desu,deɪsi,deɪsu
de.vi,de.vu,devi,devu,deɪvi,deɪvu
de.zi,de.zu,dezi,dezu,deɪzi,deɪzu
de.ʃi,de.ʃu,deʃi,deʃu,deɪʃi,deɪʃu
de.ʒi,de.ʒu,deʒi,deʒu,deɪʒi,deɪʒu
de.θi,de.θu,deθi,deθu,deɪθi,deɪθu
de.ði,de.ðu,deði,deðu,deɪði,deɪðu
de.hi,de.hu,dehi,dehu,deɪhi,deɪhu
de.me,de.mo,deme,demo,deɪmeɪ,deɪmoʊ
de.ne,de.no,dene,deno,deɪneɪ,deɪnoʊ
de.pe,de.po,depe,depo,deɪpeɪ,deɪpoʊ
de.te,de.to,dete,deto,deɪteɪ,deɪtoʊ
de.ke,de.ko,deke,deko,deɪkeɪ,deɪkoʊ
de.be,de.bo,debe,debo,deɪbeɪ,deɪboʊ
de.de,de.do,dede,dedo,deɪdeɪ,deɪdoʊ
de.ge,de.go,dege,dego,deɪgeɪ,deɪgoʊ
de.fe,de.fo,defe,defo,deɪfeɪ,deɪfoʊ
de.se,de.so,dese,deso,deɪseɪ,deɪsoʊ
de.ve,de.vo,deve,devo,deɪveɪ,deɪvoʊ
de.ze,de.zo,deze,dezo,deɪzeɪ,deɪzoʊ
de.ʃe,de.ʃo,deʃe,deʃo,deɪʃeɪ,deɪʃoʊ
de.ʒe,de.ʒo,deʒe,deʒo,deɪʒeɪ,deɪʒoʊ
de.θe,de.θo,deθe,deθo,deɪθeɪ,deɪθoʊ
de.ðe,de.ðo,deðe,deðo,deɪðeɪ,deɪðoʊ
de.he,de.ho,dehe,deho,deɪheɪ,deɪhoʊ
de.mu,de.mi,demu,demi,deɪmu,deɪmi
de.nu,de.ni,denu,deni,deɪnu,deɪni
de.pu,de.pi,depu,depi,deɪpu,deɪpi
de.tu,de.ti,detu,deti,deɪtu,deɪti
de.ku,de.ki,deku,deki,deɪku,deɪki
de.bu,de.bi,debu,debi,deɪbu,deɪbi
de.du,de.di,dedu,dedi,deɪdu,deɪdi
de.gu,de.gi,degu,degi,deɪgu,deɪgi
de.fu,de.fi,defu,defi,deɪfu,deɪfi
de.su,de.si,desu,desi,deɪsu,deɪsi
de.vu,de.vi,devu,devi,deɪvu,deɪvi
de.zu,de.zi,dezu,dezi,deɪzu,deɪzi
de.ʃu,de.ʃi,deʃu,deʃi,deɪʃu,deɪʃi
de.ʒu,de.ʒi,deʒu,deʒi,deɪʒu,deɪʒi
de.θu,de.θi,deθu,deθi,deɪθu,deɪθi
de.ðu,de.ði,deðu,deði,deɪðu,deɪði
de.hu,de.hi,dehu,dehi,deɪhu,deɪhi
de.mo,de.me,demo,deme,deɪmoʊ,deɪmeɪ
de.no,de.ne,deno,dene,deɪnoʊ,deɪneɪ
de.po,de.pe,depo,depe,deɪpoʊ,deɪpeɪ
de.to,de.te,deto,dete,deɪtoʊ,deɪteɪ
de.ko,de.ke,deko,deke,deɪkoʊ,deɪkeɪ
de.bo,de.be,debo,debe,deɪboʊ,deɪbeɪ
de.do,de.de,dedo,dede,deɪdoʊ,deɪdeɪ
de.go,de.ge,dego,dege,deɪgoʊ,deɪgeɪ
de.fo,de.fe,defo,defe,deɪfoʊ,deɪfeɪ
de.so,de.se,deso,dese,deɪsoʊ,deɪseɪ
de.vo,de.ve,devo,deve,deɪvoʊ,deɪveɪ
de.zo,de.ze,dezo,deze,deɪzoʊ,deɪzeɪ
de.ʃo,de.ʃe,deʃo,deʃe,deɪʃoʊ,deɪʃeɪ
de.ʒo,de.ʒe,deʒo,deʒe,deɪʒoʊ,deɪʒeɪ
de.θo,de.θe,deθo,deθe,deɪθoʊ,deɪθeɪ
de.ðo,de.ðe,deðo,deðe,deɪðoʊ,deɪðeɪ
de.ho,de.he,deho,dehe,deɪhoʊ,deɪheɪ
ge.mi,ge.mu,gemi,gemu,geɪmi,geɪmu
ge.ni,ge.nu,geni,genu,geɪni,geɪnu
ge.pi,ge.pu,gepi,gepu,geɪpi,geɪpu
ge.ti,ge.tu,geti,getu,geɪti,geɪtu
ge.ki,ge.ku,geki,geku,geɪki,geɪku
ge.bi,ge.bu,gebi,gebu,geɪbi,geɪbu
ge.di,ge.du,gedi,gedu,geɪdi,geɪdu
ge.gi,ge.gu,gegi,gegu,geɪgi,geɪgu
ge.fi,ge.fu,gefi,gefu,geɪfi,geɪfu
ge.si,ge.su,gesi,gesu,geɪsi,geɪsu
ge.vi,ge.vu,gevi,gevu,geɪvi,geɪvu
ge.zi,ge.zu,gezi,gezu,geɪzi,geɪzu
ge.ʃi,ge.ʃu,geʃi,geʃu,geɪʃi,geɪʃu
ge.ʒi,ge.ʒu,geʒi,geʒu,geɪʒi,geɪʒu
ge.θi,ge.θu,geθi,geθu,geɪθi,geɪθu
ge.ði,ge.ðu,geði,geðu,geɪði,geɪðu
ge.hi,ge.hu,gehi,gehu,geɪhi,geɪhu
ge.me,ge.mo,geme,gemo,geɪmeɪ,geɪmoʊ
ge.ne,ge.no,gene,geno,geɪneɪ,geɪnoʊ
ge.pe,ge.po,gepe,gepo,geɪpeɪ,geɪpoʊ
ge.te,ge.to,gete,geto,geɪteɪ,geɪtoʊ
ge.ke,ge.ko,geke,geko,geɪkeɪ,geɪkoʊ
ge.be,ge.bo,gebe,gebo,geɪbeɪ,geɪboʊ
ge.de,ge.do,gede,gedo,geɪdeɪ,geɪdoʊ
ge.ge,ge.go,gege,gego,geɪgeɪ,geɪgoʊ
ge.fe,ge.fo,gefe,gefo,geɪfeɪ,geɪfoʊ
ge.se,ge.so,gese,geso,geɪseɪ,geɪsoʊ
ge.ve,ge.vo,geve,gevo,geɪveɪ,geɪvoʊ
ge.ze,ge.zo,geze,gezo,geɪzeɪ,geɪzoʊ
ge.ʃe,ge.ʃo,geʃe,geʃo,geɪʃeɪ,geɪʃoʊ
ge.ʒe,ge.ʒo,geʒe,geʒo,geɪʒeɪ,geɪʒoʊ
ge.θe,ge.θo,geθe,geθo,geɪθeɪ,geɪθoʊ
ge.ðe,ge.ðo,geðe,geðo,geɪðeɪ,geɪðoʊ
ge.he,ge.ho,gehe,geho,geɪheɪ,geɪhoʊ
ge.mu,ge.mi,gemu,gemi,geɪmu,geɪmi
ge.nu,ge.ni,genu,geni,geɪnu,geɪni
ge.pu,ge.pi,gepu,gepi,geɪpu,geɪpi
ge.tu,ge.ti,getu,geti,geɪtu,geɪti
ge.ku,ge.ki,geku,geki,geɪku,geɪki
ge.bu,ge.bi,gebu,gebi,geɪbu,geɪbi
ge.du,ge.di,gedu,gedi,geɪdu,geɪdi
ge.gu,ge.gi,gegu,gegi,geɪgu,geɪgi
ge.fu,ge.fi,gefu,gefi,geɪfu,geɪfi
ge.su,ge.si,gesu,gesi,geɪsu,geɪsi
ge.vu,ge.vi,gevu,gevi,geɪvu,geɪvi
ge.zu,ge.zi,gezu,gezi,geɪzu,geɪzi
ge.ʃu,ge.ʃi,geʃu,geʃi,geɪʃu,geɪʃi
ge.ʒu,ge.ʒi,geʒu,geʒi,geɪʒu,geɪʒi
ge.θu,ge.θi,geθu,geθi,geɪθu,geɪθi
ge.ðu,ge.ði,geðu,geði,geɪðu,geɪði
ge.hu,ge.hi,gehu,gehi,geɪhu,geɪhi
ge.mo,ge.me,gemo,geme,geɪmoʊ,geɪmeɪ
ge.no,ge.ne,geno,gene,geɪnoʊ,geɪneɪ
ge.po,ge.pe,gepo,gepe,geɪpoʊ,geɪpeɪ
ge.to,ge.te,geto,gete,geɪtoʊ,geɪteɪ
ge.ko,ge.ke,geko,geke,geɪkoʊ,geɪkeɪ
ge.bo,ge.be,gebo,gebe,geɪboʊ,geɪbeɪ
ge.do,ge.de,gedo,gede,geɪdoʊ,geɪdeɪ
ge.go,ge.ge,gego,gege,geɪgoʊ,geɪgeɪ
ge.fo,ge.fe,gefo,gefe,geɪfoʊ,geɪfeɪ
ge.so,ge.se,geso,gese,geɪsoʊ,geɪseɪ
ge.vo,ge.ve,gevo,geve,geɪvoʊ,geɪveɪ
ge.zo,ge.ze,gezo,geze,geɪzoʊ,geɪzeɪ
ge.ʃo,ge.ʃe,geʃo,geʃe,geɪʃoʊ,geɪʃeɪ
ge.ʒo,ge.ʒe,geʒo,geʒe,geɪʒoʊ,geɪʒeɪ
ge.θo,ge.θe,geθo,geθe,geɪθoʊ,geɪθeɪ
ge.ðo,ge.ðe,geðo,geðe,geɪðoʊ,geɪðeɪ
ge.ho,ge.he,geho,gehe,geɪhoʊ,geɪheɪ
fe.mi,fe.mu,femi,femu,feɪmi,feɪmu
fe.ni,fe.nu,feni,fenu,feɪni,feɪnu
fe.pi,fe.pu,fepi,fepu,feɪpi,feɪpu
fe.ti,fe.tu,feti,fetu,feɪti,feɪtu
fe.ki,fe.ku,feki,feku,feɪki,feɪku
fe.bi,fe.bu,febi,febu,feɪbi,feɪbu
fe.di,fe.du,fedi,fedu,feɪdi,feɪdu
fe.gi,fe.gu,fegi,fegu,feɪgi,feɪgu
fe.fi,fe.fu,fefi,fefu,feɪfi,feɪfu
fe.si,fe.su,fesi,fesu,feɪsi,feɪsu
fe.vi,fe.vu,fevi,fevu,feɪvi,feɪvu
fe.zi,fe.zu,fezi,fezu,feɪzi,feɪzu
fe.ʃi,fe.ʃu,feʃi,feʃu,feɪʃi,feɪʃu
fe.ʒi,fe.ʒu,feʒi,feʒu,feɪʒi,feɪʒu
fe.θi,fe.θu,feθi,feθu,feɪθi,feɪθu
fe.ði,fe.ðu,feði,feðu,feɪði,feɪðu
fe.hi,fe.hu,fehi,fehu,feɪhi,feɪhu
fe.me,fe.mo,feme,femo,feɪmeɪ,feɪmoʊ
fe.ne,fe.no,fene,feno,feɪneɪ,feɪnoʊ
fe.pe,fe.po,fepe,fepo,feɪpeɪ,feɪpoʊ
fe.te,fe.to,fete,feto,feɪteɪ,feɪtoʊ
fe.ke,fe.ko,feke,feko,feɪkeɪ,feɪkoʊ
fe.be,fe.bo,febe,febo,feɪbeɪ,feɪboʊ
fe.de,fe.do,fede,fedo,feɪdeɪ,feɪdoʊ
fe.ge,fe.go,fege,fego,feɪgeɪ,feɪgoʊ
fe.fe,fe.fo,fefe,fefo,feɪfeɪ,feɪfoʊ
fe.se,fe.so,fese,feso,feɪseɪ,feɪsoʊ
fe.ve,fe.vo,feve,fevo,feɪveɪ,feɪvoʊ
fe.ze,fe.zo,feze,fezo,feɪzeɪ,feɪzoʊ
fe.ʃe,fe.ʃo,feʃe,feʃo,feɪʃeɪ,feɪʃoʊ
fe.ʒe,fe.ʒo,feʒe,feʒo,feɪʒeɪ,feɪʒoʊ
fe.θe,fe.θo,feθe,feθo,feɪθeɪ,feɪθoʊ
fe.ðe,fe.ðo,feðe,feðo,feɪðeɪ,feɪðoʊ
fe.he,fe.ho,fehe,feho,feɪheɪ,feɪhoʊ
fe.mu,fe.mi,femu,femi,feɪmu,feɪmi
fe.nu,fe.ni,fenu,feni,feɪnu,feɪni
fe.pu,fe.pi,fepu,fepi,feɪpu,feɪpi
fe.tu,fe.ti,fetu,feti,feɪtu,feɪti
fe.ku,fe.ki,feku,feki,feɪku,feɪki
fe.bu,fe.bi,febu,febi,feɪbu,feɪbi
fe.du,fe.di,fedu,fedi,feɪdu,feɪdi
fe.gu,fe.gi,fegu,fegi,feɪgu,feɪgi
fe.fu,fe.fi,fefu,fefi,feɪfu,feɪfi
fe.su,fe.si,fesu,fesi,feɪsu,feɪsi
fe.vu,fe.vi,fevu,fevi,feɪvu,feɪvi
fe.zu,fe.zi,fezu,fezi,feɪzu,feɪzi
fe.ʃu,fe.ʃi,feʃu,feʃi,feɪʃu,feɪʃi
fe.ʒu,fe.ʒi,feʒu,feʒi,feɪʒu,feɪʒi
fe.θu,fe.θi,feθu,feθi,feɪθu,feɪθi
fe.ðu,fe.ði,feðu,feði,feɪðu,feɪði
fe.hu,fe.hi,fehu,fehi,feɪhu,feɪhi
fe.mo,fe.me,femo,feme,feɪmoʊ,feɪmeɪ
fe.no,fe.ne,feno,fene,feɪnoʊ,feɪneɪ
fe.po,fe.pe,fepo,fepe,feɪpoʊ,feɪpeɪ
fe.to,fe.te,feto,fete,feɪtoʊ,feɪteɪ
fe.ko,fe.ke,feko,feke,feɪkoʊ,feɪkeɪ
fe.bo,fe.be,febo,febe,feɪboʊ,feɪbeɪ
fe.do,fe.de,fedo,fede,feɪdoʊ,feɪdeɪ
fe.go,fe.ge,fego,fege,feɪgoʊ,feɪgeɪ
fe.fo,fe.fe,fefo,fefe,feɪfoʊ,feɪfeɪ
fe.so,fe.se,feso,fese,feɪsoʊ,feɪseɪ
fe.vo,fe.ve,fevo,feve,feɪvoʊ,feɪveɪ
fe.zo,fe.ze,fezo,feze,feɪzoʊ,feɪzeɪ
fe.ʃo,fe.ʃe,feʃo,feʃe,feɪʃoʊ,feɪʃeɪ
fe.ʒo,fe.ʒe,feʒo,feʒe,feɪʒoʊ,feɪʒeɪ
fe.θo,fe.θe,feθo,feθe,feɪθoʊ,feɪθeɪ
fe.ðo,fe.ðe,feðo,feðe,feɪðoʊ,feɪðeɪ
fe.ho,fe.he,feho,fehe,feɪhoʊ,feɪheɪ
se.mi,se.mu,semi,semu,seɪmi,seɪmu
se.ni,se.nu,seni,senu,seɪni,seɪnu
se.pi,se.pu,sepi,sepu,seɪpi,seɪpu
se.ti,se.tu,seti,setu,seɪti,seɪtu
se.ki,se.ku,seki,seku,seɪki,seɪku
se.bi,se.bu,sebi,sebu,seɪbi,seɪbu
se.di,se.du,sedi,sedu,seɪdi,seɪdu
se.gi,se.gu,segi,segu,seɪgi,seɪgu
se.fi,se.fu,sefi,sefu,seɪfi,seɪfu
se.si,se.su,sesi,sesu,seɪsi,seɪsu
se.vi,se.vu,sevi,sevu,seɪvi,seɪvu
se.zi,se.zu,sezi,sezu,seɪzi,seɪzu
se.ʃi,se.ʃu,seʃi,seʃu,seɪʃi,seɪʃu
se.ʒi,se.ʒu,seʒi,seʒu,seɪʒi,seɪʒu
se.θi,se.θu,seθi,seθu,seɪθi,seɪθu
se.ði,se.ðu,seði,seðu,seɪði,seɪðu
se.hi,se.hu,sehi,sehu,seɪhi,seɪhu
se.me,se.mo,seme,semo,seɪmeɪ,seɪmoʊ
se.ne,se.no,sene,seno,seɪneɪ,seɪnoʊ
se.pe,se.po,sepe,sepo,seɪpeɪ,seɪpoʊ
se.te,se.to,sete,seto,seɪteɪ,seɪtoʊ
se.ke,se.ko,seke,seko,seɪkeɪ,seɪkoʊ
se.be,se.bo,sebe,sebo,seɪbeɪ,seɪboʊ
se.de,se.do,sede,sedo,seɪdeɪ,seɪdoʊ
se.ge,se.go,sege,sego,seɪgeɪ,seɪgoʊ
se.fe,se.fo,sefe,sefo,seɪfeɪ,seɪfoʊ
se.se,se.so,sese,seso,seɪseɪ,seɪsoʊ
se.ve,se.vo,seve,sevo,seɪveɪ,seɪvoʊ
se.ze,se.zo,seze,sezo,seɪzeɪ,seɪzoʊ
se.ʃe,se.ʃo,seʃe,seʃo,seɪʃeɪ,seɪʃoʊ
se.ʒe,se.ʒo,seʒe,seʒo,seɪʒeɪ,seɪʒoʊ
se.θe,se.θo,seθe,seθo,seɪθeɪ,seɪθoʊ
se.ðe,se.ðo,seðe,seðo,seɪðeɪ,seɪðoʊ
se.he,se.ho,sehe,seho,seɪheɪ,seɪhoʊ
se.mu,se.mi,semu,semi,seɪmu,seɪmi
se.nu,se.ni,senu,seni,seɪnu,seɪni
se.pu,se.pi,sepu,sepi,seɪpu,seɪpi
se.tu,se.ti,setu,seti,seɪtu,seɪti
se.ku,se.ki,seku,seki,seɪku,seɪki
se.bu,se.bi,sebu,sebi,seɪbu,seɪbi
se.du,se.di,sedu,sedi,seɪdu,seɪdi
se.gu,se.gi,segu,segi,seɪgu,seɪgi
se.fu,se.fi,sefu,sefi,seɪfu,seɪfi
se.su,se.si,sesu,sesi,seɪsu,seɪsi
se.vu,se.vi,sevu,sevi,seɪvu,seɪvi
se.zu,se.zi,sezu,sezi,seɪzu,seɪzi
se.ʃu,se.ʃi,seʃu,seʃi,seɪʃu,seɪʃi
se.ʒu,se.ʒi,seʒu,seʒi,seɪʒu,seɪʒi
se.θu,se.θi,seθu,seθi,seɪθu,seɪθi
se.ðu,se.ði,seðu,seði,seɪðu,seɪði
se.hu,se.hi,sehu,sehi,seɪhu,seɪhi
se.mo,se.me,semo,seme,seɪmoʊ,seɪmeɪ
se.no,se.ne,seno,sene,seɪnoʊ,seɪneɪ
se.po,se.pe,sepo,sepe,seɪpoʊ,seɪpeɪ
se.to,se.te,seto,sete,seɪtoʊ,seɪteɪ
se.ko,se.ke,seko,seke,seɪkoʊ,seɪkeɪ
se.bo,se.be,sebo,sebe,seɪboʊ,seɪbeɪ
se.do,se.de,sedo,sede,seɪdoʊ,seɪdeɪ
se.go,se.ge,sego,sege,seɪgoʊ,seɪgeɪ
se.fo,se.fe,sefo,sefe,seɪfoʊ,seɪfeɪ
se.so,se.se,seso,sese,seɪsoʊ,seɪseɪ
se.vo,se.ve,sevo,seve,seɪvoʊ,seɪveɪ
se.zo,se.ze,sezo,seze,seɪzoʊ,seɪzeɪ
se.ʃo,se.ʃe,seʃo,seʃe,seɪʃoʊ,seɪʃeɪ
se.ʒo,se.ʒe,seʒo,seʒe,seɪʒoʊ,seɪʒeɪ
se.θo,se.θe,seθo,seθe,seɪθoʊ,seɪθeɪ
se.ðo,se.ðe,seðo,seðe,seɪðoʊ,seɪðeɪ
se.ho,se.he,seho,sehe,seɪhoʊ,seɪheɪ
ve.mi,ve.mu,vemi,vemu,veɪmi,veɪmu
ve.ni,ve.nu,veni,venu,veɪni,veɪnu
ve.pi,ve.pu,vepi,vepu,veɪpi,veɪpu
ve.ti,ve.tu,veti,vetu,veɪti,veɪtu
ve.ki,ve.ku,veki,veku,veɪki,veɪku
ve.bi,ve.bu,vebi,vebu,veɪbi,veɪbu
ve.di,ve.du,vedi,vedu,veɪdi,veɪdu
ve.gi,ve.gu,vegi,vegu,veɪgi,veɪgu
ve.fi,ve.fu,vefi,vefu,veɪfi,veɪfu
ve.si,ve.su,vesi,vesu,veɪsi,veɪsu
ve.vi,ve.vu,vevi,vevu,veɪvi,veɪvu
ve.zi,ve.zu,vezi,vezu,veɪzi,veɪzu
ve.ʃi,ve.ʃu,veʃi,veʃu,veɪʃi,veɪʃu
ve.ʒi,ve.ʒu,veʒi,veʒu,veɪʒi,veɪʒu
ve.θi,ve.θu,veθi,veθu,veɪθi,veɪθu
ve.ði,ve.ðu,veði,veðu,veɪði,veɪðu
ve.hi,ve.hu,vehi,vehu,veɪhi,veɪhu
ve.me,ve.mo,veme,vemo,veɪmeɪ,veɪmoʊ
ve.ne,ve.no,vene,veno,veɪneɪ,veɪnoʊ
ve.pe,ve.po,vepe,vepo,veɪpeɪ,veɪpoʊ
ve.te,ve.to,vete,veto,veɪteɪ,veɪtoʊ
ve.ke,ve.ko,veke,veko,veɪkeɪ,veɪkoʊ
ve.be,ve.bo,vebe,vebo,veɪbeɪ,veɪboʊ
ve.de,ve.do,vede,vedo,veɪdeɪ,veɪdoʊ
ve.ge,ve.go,vege,vego,veɪgeɪ,veɪgoʊ
ve.fe,ve.fo,vefe,vefo,veɪfeɪ,veɪfoʊ
ve.se,ve.so,vese,veso,veɪseɪ,veɪsoʊ
ve.ve,ve.vo,veve,vevo,veɪveɪ,veɪvoʊ
ve.ze,ve.zo,veze,vezo,veɪzeɪ,veɪzoʊ
ve.ʃe,ve.ʃo,veʃe,veʃo,veɪʃeɪ,veɪʃoʊ
ve.ʒe,ve.ʒo,veʒe,veʒo,veɪʒeɪ,veɪʒoʊ
ve.θe,ve.θo,veθe,veθo,veɪθeɪ,veɪθoʊ
ve.ðe,ve.ðo,veðe,veðo,veɪðeɪ,veɪðoʊ
ve.he,ve.ho,vehe,veho,veɪheɪ,veɪhoʊ
ve.mu,ve.mi,vemu,vemi,veɪmu,veɪmi
ve.nu,ve.ni,venu,veni,veɪnu,veɪni
ve.pu,ve.pi,vepu,vepi,veɪpu,veɪpi
ve.tu,ve.ti,vetu,veti,veɪtu,veɪti
ve.ku,ve.ki,veku,veki,veɪku,veɪki
ve.bu,ve.bi,vebu,vebi,veɪbu,veɪbi
ve.du,ve.di,vedu,vedi,veɪdu,veɪdi
ve.gu,ve.gi,vegu,vegi,veɪgu,veɪgi
ve.fu,ve.fi,vefu,vefi,veɪfu,veɪfi
ve.su,ve.si,vesu,vesi,veɪsu,veɪsi
ve.vu,ve.vi,vevu,vevi,veɪvu,veɪvi
ve.zu,ve.zi,vezu,vezi,veɪzu,veɪzi
ve.ʃu,ve.ʃi,veʃu,veʃi,veɪʃu,veɪʃi
ve.ʒu,ve.ʒi,veʒu,veʒi,veɪʒu,veɪʒi
ve.θu,ve.θi,veθu,veθi,veɪθu,veɪθi
ve.ðu,ve.ði,veðu,veði,veɪðu,veɪði
ve.hu,ve.hi,vehu,vehi,veɪhu,veɪhi
ve.mo,ve.me,vemo,veme,veɪmoʊ,veɪmeɪ
ve.no,ve.ne,veno,vene,veɪnoʊ,veɪneɪ
ve.po,ve.pe,vepo,vepe,veɪpoʊ,veɪpeɪ
ve.to,ve.te,veto,vete,veɪtoʊ,veɪteɪ
ve.ko,ve.ke,veko,veke,veɪkoʊ,veɪkeɪ
ve.bo,ve.be,vebo,vebe,veɪboʊ,veɪbeɪ
ve.do,ve.de,vedo,vede,veɪdoʊ,veɪdeɪ
ve.go,ve.ge,vego,vege,veɪgoʊ,veɪgeɪ
ve.fo,ve.fe,vefo,vefe,veɪfoʊ,veɪfeɪ
ve.so,ve.se,veso,vese,veɪsoʊ,veɪseɪ
ve.vo,ve.ve,vevo,veve,veɪvoʊ,veɪveɪ
ve.zo,ve.ze,vezo,veze,veɪzoʊ,veɪzeɪ
ve.ʃo,ve.ʃe,veʃo,veʃe,veɪʃoʊ,veɪʃeɪ
ve.ʒo,ve.ʒe,veʒo,veʒe,veɪʒoʊ,veɪʒeɪ
ve.θo,ve.θe,veθo,veθe,veɪθoʊ,veɪθeɪ
ve.ðo,ve.ðe,veðo,veðe,veɪðoʊ,veɪðeɪ
ve.ho,ve.he,veho,vehe,veɪhoʊ,veɪheɪ
ze.mi,ze.mu,zemi,zemu,zeɪmi,zeɪmu
ze.ni,ze.nu,zeni,zenu,zeɪni,zeɪnu
ze.pi,ze.pu,zepi,zepu,zeɪpi,zeɪpu
ze.ti,ze.tu,zeti,zetu,zeɪti,zeɪtu
ze.ki,ze.ku,zeki,zeku,zeɪki,zeɪku
ze.bi,ze.bu,zebi,zebu,zeɪbi,zeɪbu
ze.di,ze.du,zedi,zedu,zeɪdi,zeɪdu
ze.gi,ze.gu,zegi,zegu,zeɪgi,zeɪgu
ze.fi,ze.fu,zefi,zefu,zeɪfi,zeɪfu
ze.si,ze.su,zesi,zesu,zeɪsi,zeɪsu
ze.vi,ze.vu,zevi,zevu,zeɪvi,zeɪvu
ze.zi,ze.zu,zezi,zezu,zeɪzi,zeɪzu
ze.ʃi,ze.ʃu,zeʃi,zeʃu,zeɪʃi,zeɪʃu
ze.ʒi,ze.ʒu,zeʒi,zeʒu,zeɪʒi,zeɪʒu
ze.θi,ze.θu,zeθi,zeθu,zeɪθi,zeɪθu
ze.ði,ze.ðu,zeði,zeðu,zeɪði,zeɪðu
ze.hi,ze.hu,zehi,zehu,zeɪhi,zeɪhu
ze.me,ze.mo,zeme,zemo,zeɪmeɪ,zeɪmoʊ
ze.ne,ze.no,zene,zeno,zeɪneɪ,zeɪnoʊ
ze.pe,ze.po,zepe,zepo,zeɪpeɪ,zeɪpoʊ
ze.te,ze.to,zete,zeto,zeɪteɪ,zeɪtoʊ
ze.ke,ze.ko,zeke,zeko,zeɪkeɪ,zeɪkoʊ
ze.be,ze.bo,zebe,zebo,zeɪbeɪ,zeɪboʊ
ze.de,ze.do,zede,zedo,zeɪdeɪ,zeɪdoʊ
ze.ge,ze.go,zege,zego,zeɪgeɪ,zeɪgoʊ
ze.fe,ze.fo,zefe,zefo,zeɪfeɪ,zeɪfoʊ
ze.se,ze.so,zese,zeso,zeɪseɪ,zeɪsoʊ
ze.ve,ze.vo,zeve,zevo,zeɪveɪ,zeɪvoʊ
ze.ze,ze.zo,zeze,zezo,zeɪzeɪ,zeɪzoʊ
ze.ʃe,ze.ʃo,zeʃe,zeʃo,zeɪʃeɪ,zeɪʃoʊ
ze.ʒe,ze.ʒo,zeʒe,zeʒo,zeɪʒeɪ,zeɪʒoʊ
ze.θe,ze.θo,zeθe,zeθo,zeɪθeɪ,zeɪθoʊ
ze.ðe,ze.ðo,zeðe,zeðo,zeɪðeɪ,zeɪðoʊ
ze.he,ze.ho,zehe,zeho,zeɪheɪ,zeɪhoʊ
ze.mu,ze.mi,zemu,zemi,zeɪmu,zeɪmi
ze.nu,ze.ni,zenu,zeni,zeɪnu,zeɪni
ze.pu,ze.pi,zepu,zepi,zeɪpu,zeɪpi
ze.tu,ze.ti,zetu,zeti,zeɪtu,zeɪti
ze.ku,ze.ki,zeku,zeki,zeɪku,zeɪki
ze.bu,ze.bi,zebu,zebi,zeɪbu,zeɪbi
ze.du,ze.di,zedu,zedi,zeɪdu,zeɪdi
ze.gu,ze.gi,zegu,zegi,zeɪgu,zeɪgi
ze.fu,ze.fi,zefu,zefi,zeɪfu,zeɪfi
ze.su,ze.si,zesu,zesi,zeɪsu,zeɪsi
ze.vu,ze.vi,zevu,zevi,zeɪvu,zeɪvi
ze.zu,ze.zi,zezu,zezi,zeɪzu,zeɪzi
ze.ʃu,ze.ʃi,zeʃu,zeʃi,zeɪʃu,zeɪʃi
ze.ʒu,ze.ʒi,zeʒu,zeʒi,zeɪʒu,zeɪʒi
ze.θu,ze.θi,zeθu,zeθi,zeɪθu,zeɪθi
ze.ðu,ze.ði,zeðu,zeði,zeɪðu,zeɪði
ze.hu,ze.hi,zehu,zehi,zeɪhu,zeɪhi
ze.mo,ze.me,zemo,zeme,zeɪmoʊ,zeɪmeɪ
ze.no,ze.ne,zeno,zene,zeɪnoʊ,zeɪneɪ
ze.po,ze.pe,zepo,zepe,zeɪpoʊ,zeɪpeɪ
ze.to,ze.te,zeto,zete,zeɪtoʊ,zeɪteɪ
ze.ko,ze.ke,zeko,zeke,zeɪkoʊ,zeɪkeɪ
ze.bo,ze.be,zebo,zebe,zeɪboʊ,zeɪbeɪ
ze.do,ze.de,zedo,zede,zeɪdoʊ,zeɪdeɪ
ze.go,ze.ge,zego,zege,zeɪgoʊ,zeɪgeɪ
ze.fo,ze.fe,zefo,zefe,zeɪfoʊ,zeɪfeɪ
ze.so,ze.se,zeso,zese,zeɪsoʊ,zeɪseɪ
ze.vo,ze.ve,zevo,zeve,zeɪvoʊ,zeɪveɪ
ze.zo,ze.ze,zezo,zeze,zeɪzoʊ,zeɪzeɪ
ze.ʃo,ze.ʃe,zeʃo,zeʃe,zeɪʃoʊ,zeɪʃeɪ
ze.ʒo,ze.ʒe,zeʒo,zeʒe,zeɪʒoʊ,zeɪʒeɪ
ze.θo,ze.θe,zeθo,zeθe,zeɪθoʊ,zeɪθeɪ
ze.ðo,ze.ðe,zeðo,zeðe,zeɪðoʊ,zeɪðeɪ
ze.ho,ze.he,zeho,zehe,zeɪhoʊ,zeɪheɪ
ʃe.mi,ʃe.mu,ʃemi,ʃemu,ʃeɪmi,ʃeɪmu
ʃe.ni,ʃe.nu,ʃeni,ʃenu,ʃeɪni,ʃeɪnu
ʃe.pi,ʃe.pu,ʃepi,ʃepu,ʃeɪpi,ʃeɪpu
ʃe.ti,ʃe.tu,ʃeti,ʃetu,ʃeɪti,ʃeɪtu
ʃe.ki,ʃe.ku,ʃeki,ʃeku,ʃeɪki,ʃeɪku
ʃe.bi,ʃe.bu,ʃebi,ʃebu,ʃeɪbi,ʃeɪbu
ʃe.di,ʃe.du,ʃedi,ʃedu,ʃeɪdi,ʃeɪdu
ʃe.gi,ʃe.gu,ʃegi,ʃegu,ʃeɪgi,ʃeɪgu
ʃe.fi,ʃe.fu,ʃefi,ʃefu,ʃeɪfi,ʃeɪfu
ʃe.si,ʃe.su,ʃesi,ʃesu,ʃeɪsi,ʃeɪsu
ʃe.vi,ʃe.vu,ʃevi,ʃevu,ʃeɪvi,ʃeɪvu
ʃe.zi,ʃe.zu,ʃezi,ʃezu,ʃeɪzi,ʃeɪzu
ʃe.ʃi,ʃe.ʃu,ʃeʃi,ʃeʃu,ʃeɪʃi,ʃeɪʃu
ʃe.ʒi,ʃe.ʒu,ʃeʒi,ʃeʒu,ʃeɪʒi,ʃeɪʒu
ʃe.θi,ʃe.θu,ʃeθi,ʃeθu,ʃeɪθi,ʃeɪθu
ʃe.ði,ʃe.ðu,ʃeði,ʃeðu,ʃeɪði,ʃeɪðu
ʃe.hi,ʃe.hu,ʃehi,ʃehu,ʃeɪhi,ʃeɪhu
ʃe.me,ʃe.mo,ʃeme,ʃemo,ʃeɪmeɪ,ʃeɪmoʊ
ʃe.ne,ʃe.no,ʃene,ʃeno,ʃeɪneɪ,ʃeɪnoʊ
ʃe.pe,ʃe.po,ʃepe,ʃepo,ʃeɪpeɪ,ʃeɪpoʊ
ʃe.te,ʃe.to,ʃete,ʃeto,ʃeɪteɪ,ʃeɪtoʊ
ʃe.ke,ʃe.ko,ʃeke,ʃeko,ʃeɪkeɪ,ʃeɪkoʊ
ʃe.be,ʃe.bo,ʃebe,ʃebo,ʃeɪbeɪ,ʃeɪboʊ
ʃe.de,ʃe.do,ʃede,ʃedo,ʃeɪdeɪ,ʃeɪdoʊ
ʃe.ge,ʃe.go,ʃege,ʃego,ʃeɪgeɪ,ʃeɪgoʊ
ʃe.fe,ʃe.fo,ʃefe,ʃefo,ʃeɪfeɪ,ʃeɪfoʊ
ʃe.se,ʃe.so,ʃese,ʃeso,ʃeɪseɪ,ʃeɪsoʊ
ʃe.ve,ʃe.vo,ʃeve,ʃevo,ʃeɪveɪ,ʃeɪvoʊ
ʃe.ze,ʃe.zo,ʃeze,ʃezo,ʃeɪzeɪ,ʃeɪzoʊ
ʃe.ʃe,ʃe.ʃo,ʃeʃe,ʃeʃo,ʃeɪʃeɪ,ʃeɪʃoʊ
ʃe.ʒe,ʃe.ʒo,ʃeʒe,ʃeʒo,ʃeɪʒeɪ,ʃeɪʒoʊ
ʃe.θe,ʃe.θo,ʃeθe,ʃeθo,ʃeɪθeɪ,ʃeɪθoʊ
ʃe.ðe,ʃe.ðo,ʃeðe,ʃeðo,ʃeɪðeɪ,ʃeɪðoʊ
ʃe.he,ʃe.ho,ʃehe,ʃeho,ʃeɪheɪ,ʃeɪhoʊ
ʃe.mu,ʃe.mi,ʃemu,ʃemi,ʃeɪmu,ʃeɪmi
ʃe.nu,ʃe.ni,ʃenu,ʃeni,ʃeɪnu,ʃeɪni
ʃe.pu,ʃe.pi,ʃepu,ʃepi,ʃeɪpu,ʃeɪpi
ʃe.tu,ʃe.ti,ʃetu,ʃeti,ʃeɪtu,ʃeɪti
ʃe.ku,ʃe.ki,ʃeku,ʃeki,ʃeɪku,ʃeɪki
ʃe.bu,ʃe.bi,ʃebu,ʃebi,ʃeɪbu,ʃeɪbi
ʃe.du,ʃe.di,ʃedu,ʃedi,ʃeɪdu,ʃeɪdi
ʃe.gu,ʃe.gi,ʃegu,ʃegi,ʃeɪgu,ʃeɪgi
ʃe.fu,ʃe.fi,ʃefu,ʃefi,ʃeɪfu,ʃeɪfi
ʃe.su,ʃe.si,ʃesu,ʃesi,ʃeɪsu,ʃeɪsi
ʃe.vu,ʃe.vi,ʃevu,ʃevi,ʃeɪvu,ʃeɪvi
ʃe.zu,ʃe.zi,ʃezu,ʃezi,ʃeɪzu,ʃeɪzi
ʃe.ʃu,ʃe.ʃi,ʃeʃu,ʃeʃi,ʃeɪʃu,ʃeɪʃi
ʃe.ʒu,ʃe.ʒi,ʃeʒu,ʃeʒi,ʃeɪʒu,ʃeɪʒi
ʃe.θu,ʃe.θi,ʃeθu,ʃeθi,ʃeɪθu,ʃeɪθi
ʃe.ðu,ʃe.ði,ʃeðu,ʃeði,ʃeɪðu,ʃeɪði
ʃe.hu,ʃe.hi,ʃehu,ʃehi,ʃeɪhu,ʃeɪhi
ʃe.mo,ʃe.me,ʃemo,ʃeme,ʃeɪmoʊ,ʃeɪmeɪ
ʃe.no,ʃe.ne,ʃeno,ʃene,ʃeɪnoʊ,ʃeɪneɪ
ʃe.po,ʃe.pe,ʃepo,ʃepe,ʃeɪpoʊ,ʃeɪpeɪ
ʃe.to,ʃe.te,ʃeto,ʃete,ʃeɪtoʊ,ʃeɪteɪ
ʃe.ko,ʃe.ke,ʃeko,ʃeke,ʃeɪkoʊ,ʃeɪkeɪ
ʃe.bo,ʃe.be,ʃebo,ʃebe,ʃeɪboʊ,ʃeɪbeɪ
ʃe.do,ʃe.de,ʃedo,ʃede,ʃeɪdoʊ,ʃeɪdeɪ
ʃe.go,ʃe.ge,ʃego,ʃege,ʃeɪgoʊ,ʃeɪgeɪ
ʃe.fo,ʃe.fe,ʃefo,ʃefe,ʃeɪfoʊ,ʃeɪfeɪ
ʃe.so,ʃe.se,ʃeso,ʃese,ʃeɪsoʊ,ʃeɪseɪ
ʃe.vo,ʃe.ve,ʃevo,ʃeve,ʃeɪvoʊ,ʃeɪveɪ
ʃe.zo,ʃe.ze,ʃezo,ʃeze,ʃeɪzoʊ,ʃeɪzeɪ
ʃe.ʃo,ʃe.ʃe,ʃeʃo,ʃeʃe,ʃeɪʃoʊ,ʃeɪʃeɪ
ʃe.ʒo,ʃe.ʒe,ʃeʒo,ʃeʒe,ʃeɪʒoʊ,ʃeɪʒeɪ
ʃe.θo,ʃe.θe,ʃeθo,ʃeθe,ʃeɪθoʊ,ʃeɪθeɪ
ʃe.ðo,ʃe.ðe,ʃeðo,ʃeðe,ʃeɪðoʊ,ʃeɪðeɪ
ʃe.ho,ʃe.he,ʃeho,ʃehe,ʃeɪhoʊ,ʃeɪheɪ
ʒe.mi,ʒe.mu,ʒemi,ʒemu,ʒeɪmi,ʒeɪmu
ʒe.ni,ʒe.nu,ʒeni,ʒenu,ʒeɪni,ʒeɪnu
ʒe.pi,ʒe.pu,ʒepi,ʒepu,ʒeɪpi,ʒeɪpu
ʒe.ti,ʒe.tu,ʒeti,ʒetu,ʒeɪti,ʒeɪtu
ʒe.ki,ʒe.ku,ʒeki,ʒeku,ʒeɪki,ʒeɪku
ʒe.bi,ʒe.bu,ʒebi,ʒebu,ʒeɪbi,ʒeɪbu
ʒe.di,ʒe.du,ʒedi,ʒedu,ʒeɪdi,ʒeɪdu
ʒe.gi,ʒe.gu,ʒegi,ʒegu,ʒeɪgi,ʒeɪgu
ʒe.fi,ʒe.fu,ʒefi,ʒefu,ʒeɪfi,ʒeɪfu
ʒe.si,ʒe.su,ʒesi,ʒesu,ʒeɪsi,ʒeɪsu
ʒe.vi,ʒe.vu,ʒevi,ʒevu,ʒeɪvi,ʒeɪvu
ʒe.zi,ʒe.zu,ʒezi,ʒezu,ʒeɪzi,ʒeɪzu
ʒe.ʃi,ʒe.ʃu,ʒeʃi,ʒeʃu,ʒeɪʃi,ʒeɪʃu
ʒe.ʒi,ʒe.ʒu,ʒeʒi,ʒeʒu,ʒeɪʒi,ʒeɪʒu
ʒe.θi,ʒe.θu,ʒeθi,ʒeθu,ʒeɪθi,ʒeɪθu
ʒe.ði,ʒe.ðu,ʒeði,ʒeðu,ʒeɪði,ʒeɪðu
ʒe.hi,ʒe.hu,ʒehi,ʒehu,ʒeɪhi,ʒeɪhu
ʒe.me,ʒe.mo,ʒeme,ʒemo,ʒeɪmeɪ,ʒeɪmoʊ
ʒe.ne,ʒe.no,ʒene,ʒeno,ʒeɪneɪ,ʒeɪnoʊ
ʒe.pe,ʒe.po,ʒepe,ʒepo,ʒeɪpeɪ,ʒeɪpoʊ
ʒe.te,ʒe.to,ʒete,ʒeto,ʒeɪteɪ,ʒeɪtoʊ
ʒe.ke,ʒe.ko,ʒeke,ʒeko,ʒeɪkeɪ,ʒeɪkoʊ
ʒe.be,ʒe.bo,ʒebe,ʒebo,ʒeɪbeɪ,ʒeɪboʊ
ʒe.de,ʒe.do,ʒede,ʒedo,ʒeɪdeɪ,ʒeɪdoʊ
ʒe.ge,ʒe.go,ʒege,ʒego,ʒeɪgeɪ,ʒeɪgoʊ
ʒe.fe,ʒe.fo,ʒefe,ʒefo,ʒeɪfeɪ,ʒeɪfoʊ
ʒe.se,ʒe.so,ʒese,ʒeso,ʒeɪseɪ,ʒeɪsoʊ
ʒe.ve,ʒe.vo,ʒeve,ʒevo,ʒeɪveɪ,ʒeɪvoʊ
ʒe.ze,ʒe.zo,ʒeze,ʒezo,ʒeɪzeɪ,ʒeɪzoʊ
ʒe.ʃe,ʒe.ʃo,ʒeʃe,ʒeʃo,ʒeɪʃeɪ,ʒeɪʃoʊ
ʒe.ʒe,ʒe.ʒo,ʒeʒe,ʒeʒo,ʒeɪʒeɪ,ʒeɪʒoʊ
ʒe.θe,ʒe.θo,ʒeθe,ʒeθo,ʒeɪθeɪ,ʒeɪθoʊ
ʒe.ðe,ʒe.ðo,ʒeðe,ʒeðo,ʒeɪðeɪ,ʒeɪðoʊ
ʒe.he,ʒe.ho,ʒehe,ʒeho,ʒeɪheɪ,ʒeɪhoʊ
ʒe.mu,ʒe.mi,ʒemu,ʒemi,ʒeɪmu,ʒeɪmi
ʒe.nu,ʒe.ni,ʒenu,ʒeni,ʒeɪnu,ʒeɪni
ʒe.pu,ʒe.pi,ʒepu,ʒepi,ʒeɪpu,ʒeɪpi
ʒe.tu,ʒe.ti,ʒetu,ʒeti,ʒeɪtu,ʒeɪti
ʒe.ku,ʒe.ki,ʒeku,ʒeki,ʒeɪku,ʒeɪki
ʒe.bu,ʒe.bi,ʒebu,ʒebi,ʒeɪbu,ʒeɪbi
ʒe.du,ʒe.di,ʒedu,ʒedi,ʒeɪdu,ʒeɪdi
ʒe.gu,ʒe.gi,ʒegu,ʒegi,ʒeɪgu,ʒeɪgi
ʒe.fu,ʒe.fi,ʒefu,ʒefi,ʒeɪfu,ʒeɪfi
ʒe.su,ʒe.si,ʒesu,ʒesi,ʒeɪsu,ʒeɪsi
ʒe.vu,ʒe.vi,ʒevu,ʒevi,ʒeɪvu,ʒeɪvi
ʒe.zu,ʒe.zi,ʒezu,ʒezi,ʒeɪzu,ʒeɪzi
ʒe.ʃu,ʒe.ʃi,ʒeʃu,ʒeʃi,ʒeɪʃu,ʒeɪʃi
ʒe.ʒu,ʒe.ʒi,ʒeʒu,ʒeʒi,ʒeɪʒu,ʒeɪʒi
ʒe.θu,ʒe.θi,ʒeθu,ʒeθi,ʒeɪθu,ʒeɪθi
ʒe.ðu,ʒe.ði,ʒeðu,ʒeði,ʒeɪðu,ʒeɪði
ʒe.hu,ʒe.hi,ʒehu,ʒehi,ʒeɪhu,ʒeɪhi
ʒe.mo,ʒe.me,ʒemo,ʒeme,ʒeɪmoʊ,ʒeɪmeɪ
ʒe.no,ʒe.ne,ʒeno,ʒene,ʒeɪnoʊ,ʒeɪneɪ
ʒe.po,ʒe.pe,ʒepo,ʒepe,ʒeɪpoʊ,ʒeɪpeɪ
ʒe.to,ʒe.te,ʒeto,ʒete,ʒeɪtoʊ,ʒeɪteɪ
ʒe.ko,ʒe.ke,ʒeko,ʒeke,ʒeɪkoʊ,ʒeɪkeɪ
ʒe.bo,ʒe.be,ʒebo,ʒebe,ʒeɪboʊ,ʒeɪbeɪ
ʒe.do,ʒe.de,ʒedo,ʒede,ʒeɪdoʊ,ʒeɪdeɪ
ʒe.go,ʒe.ge,ʒego,ʒege,ʒeɪgoʊ,ʒeɪgeɪ
ʒe.fo,ʒe.fe,ʒefo,ʒefe,ʒeɪfoʊ,ʒeɪfeɪ
ʒe.so,ʒe.se,ʒeso,ʒese,ʒeɪsoʊ,ʒeɪseɪ
ʒe.vo,ʒe.ve,ʒevo,ʒeve,ʒeɪvoʊ,ʒeɪveɪ
ʒe.zo,ʒe.ze,ʒezo,ʒeze,ʒeɪzoʊ,ʒeɪzeɪ
ʒe.ʃo,ʒe.ʃe,ʒeʃo,ʒeʃe,ʒeɪʃoʊ,ʒeɪʃeɪ
ʒe.ʒo,ʒe.ʒe,ʒeʒo,ʒeʒe,ʒeɪʒoʊ,ʒeɪʒeɪ
ʒe.θo,ʒe.θe,ʒeθo,ʒeθe,ʒeɪθoʊ,ʒeɪθeɪ
ʒe.ðo,ʒe.ðe,ʒeðo,ʒeðe,ʒeɪðoʊ,ʒeɪðeɪ
ʒe.ho,ʒe.he,ʒeho,ʒehe,ʒeɪhoʊ,ʒeɪheɪ
θe.mi,θe.mu,θemi,θemu,θeɪmi,θeɪmu
θe.ni,θe.nu,θeni,θenu,θeɪni,θeɪnu
θe.pi,θe.pu,θepi,θepu,θeɪpi,θeɪpu
θe.ti,θe.tu,θeti,θetu,θeɪti,θeɪtu
θe.ki,θe.ku,θeki,θeku,θeɪki,θeɪku
θe.bi,θe.bu,θebi,θebu,θeɪbi,θeɪbu
θe.di,θe.du,θedi,θedu,θeɪdi,θeɪdu
θe.gi,θe.gu,θegi,θegu,θeɪgi,θeɪgu
θe.fi,θe.fu,θefi,θefu,θeɪfi,θeɪfu
θe.si,θe.su,θesi,θesu,θeɪsi,θeɪsu
θe.vi,θe.vu,θevi,θevu,θeɪvi,θeɪvu
θe.zi,θe.zu,θezi,θezu,θeɪzi,θeɪzu
θe.ʃi,θe.ʃu,θeʃi,θeʃu,θeɪʃi,θeɪʃu
θe.ʒi,θe.ʒu,θeʒi,θeʒu,θeɪʒi,θeɪʒu
θe.θi,θe.θu,θeθi,θeθu,θeɪθi,θeɪθu
θe.ði,θe.ðu,θeði,θeðu,θeɪði,θeɪðu
θe.hi,θe.hu,θehi,θehu,θeɪhi,θeɪhu
θe.me,θe.mo,θeme,θemo,θeɪmeɪ,θeɪmoʊ
θe.ne,θe.no,θene,θeno,θeɪneɪ,θeɪnoʊ
θe.pe,θe.po,θepe,θepo,θeɪpeɪ,θeɪpoʊ
θe.te,θe.to,θete,θeto,θeɪteɪ,θeɪtoʊ
θe.ke,θe.ko,θeke,θeko,θeɪkeɪ,θeɪkoʊ
θe.be,θe.bo,θebe,θebo,θeɪbeɪ,θeɪboʊ
θe.de,θe.do,θede,θedo,θeɪdeɪ,θeɪdoʊ
θe.ge,θe.go,θege,θego,θeɪgeɪ,θeɪgoʊ
θe.fe,θe.fo,θefe,θefo,θeɪfeɪ,θeɪfoʊ
θe.se,θe.so,θese,θeso,θeɪseɪ,θeɪsoʊ
θe.ve,θe.vo,θeve,θevo,θeɪveɪ,θeɪvoʊ
θe.ze,θe.zo,θeze,θezo,θeɪzeɪ,θeɪzoʊ
θe.ʃe,θe.ʃo,θeʃe,θeʃo,θeɪʃeɪ,θeɪʃoʊ
θe.ʒe,θe.ʒo,θeʒe,θeʒo,θeɪʒeɪ,θeɪʒoʊ
θe.θe,θe.θo,θeθe,θeθo,θeɪθeɪ,θeɪθoʊ
θe.ðe,θe.ðo,θeðe,θeðo,θeɪðeɪ,θeɪðoʊ
θe.he,θe.ho,θehe,θeho,θeɪheɪ,θeɪhoʊ
θe.mu,θe.mi,θemu,θemi,θeɪmu,θeɪmi
θe.nu,θe.ni,θenu,θeni,θeɪnu,θeɪni
θe.pu,θe.pi,θepu,θepi,θeɪpu,θeɪpi
θe.tu,θe.ti,θetu,θeti,θeɪtu,θeɪti
θe.ku,θe.ki,θeku,θeki,θeɪku,θeɪki
θe.bu,θe.bi,θebu,θebi,θeɪbu,θeɪbi
θe.du,θe.di,θedu,θedi,θeɪdu,θeɪdi
θe.gu,θe.gi,θegu,θegi,θeɪgu,θeɪgi
θe.fu,θe.fi,θefu,θefi,θeɪfu,θeɪfi
θe.su,θe.si,θesu,θesi,θeɪsu,θeɪsi
θe.vu,θe.vi,θevu,θevi,θeɪvu,θeɪvi
θe.zu,θe.zi,θezu,θezi,θeɪzu,θeɪzi
θe.ʃu,θe.ʃi,θeʃu,θeʃi,θeɪʃu,θeɪʃi
θe.ʒu,θe.ʒi,θeʒu,θeʒi,θeɪʒu,θeɪʒi
θe.θu,θe.θi,θeθu,θeθi,θeɪθu,θeɪθi
θe.ðu,θe.ði,θeðu,θeði,θeɪðu,θeɪði
θe.hu,θe.hi,θehu,θehi,θeɪhu,θeɪhi
θe.mo,θe.me,θemo,θeme,θeɪmoʊ,θeɪmeɪ
θe.no,θe.ne,θeno,θene,θeɪnoʊ,θeɪneɪ
θe.po,θe.pe,θepo,θepe,θeɪpoʊ,θeɪpeɪ
θe.to,θe.te,θeto,θete,θeɪtoʊ,θeɪteɪ
θe.ko,θe.ke,θeko,θeke,θeɪkoʊ,θeɪkeɪ
θe.bo,θe.be,θebo,θebe,θeɪboʊ,θeɪbeɪ
θe.do,θe.de,θedo,θede,θeɪdoʊ,θeɪdeɪ
θe.go,θe.ge,θego,θege,θeɪgoʊ,θeɪgeɪ
θe.fo,θe.fe,θefo,θefe,θeɪfoʊ,θeɪfeɪ
θe.so,θe.se,θeso,θese,θeɪsoʊ,θeɪseɪ
θe.vo,θe.ve,θevo,θeve,θeɪvoʊ,θeɪveɪ
θe.zo,θe.ze,θezo,θeze,θeɪzoʊ,θeɪzeɪ
θe.ʃo,θe.ʃe,θeʃo,θeʃe,θeɪʃoʊ,θeɪʃeɪ
θe.ʒo,θe.ʒe,θeʒo,θeʒe,θeɪʒoʊ,θeɪʒeɪ
θe.θo,θe.θe,θeθo,θeθe,θeɪθoʊ,θeɪθeɪ
θe.ðo,θe.ðe,θeðo,θeðe,θeɪðoʊ,θeɪðeɪ
θe.ho,θe.he,θeho,θehe,θeɪhoʊ,θeɪheɪ
ðe.mi,ðe.mu,ðemi,ðemu,ðeɪmi,ðeɪmu
ðe.ni,ðe.nu,ðeni,ðenu,ðeɪni,ðeɪnu
ðe.pi,ðe.pu,ðepi,ðepu,ðeɪpi,ðeɪpu
ðe.ti,ðe.tu,ðeti,ðetu,ðeɪti,ðeɪtu
ðe.ki,ðe.ku,ðeki,ðeku,ðeɪki,ðeɪku
ðe.bi,ðe.bu,ðebi,ðebu,ðeɪbi,ðeɪbu
ðe.di,ðe.du,ðedi,ðedu,ðeɪdi,ðeɪdu
ðe.gi,ðe.gu,ðegi,ðegu,ðeɪgi,ðeɪgu
ðe.fi,ðe.fu,ðefi,ðefu,ðeɪfi,ðeɪfu
ðe.si,ðe.su,ðesi,ðesu,ðeɪsi,ðeɪsu
ðe.vi,ðe.vu,ðevi,ðevu,ðeɪvi,ðeɪvu
ðe.zi,ðe.zu,ðezi,ðezu,ðeɪzi,ðeɪzu
ðe.ʃi,ðe.ʃu,ðeʃi,ðeʃu,ðeɪʃi,ðeɪʃu
ðe.ʒi,ðe.ʒu,ðeʒi,ðeʒu,ðeɪʒi,ðeɪʒu
ðe.θi,ðe.θu,ðeθi,ðeθu,ðeɪθi,ðeɪθu
ðe.ði,ðe.ðu,ðeði,ðeðu,ðeɪði,ðeɪðu
ðe.hi,ðe.hu,ðehi,ðehu,ðeɪhi,ðeɪhu
ðe.me,ðe.mo,ðeme,ðemo,ðeɪmeɪ,ðeɪmoʊ
ðe.ne,ðe.no,ðene,ðeno,ðeɪneɪ,ðeɪnoʊ
ðe.pe,ðe.po,ðepe,ðepo,ðeɪpeɪ,ðeɪpoʊ
ðe.te,ðe.to,ðete,ðeto,ðeɪteɪ,ðeɪtoʊ
ðe.ke,ðe.ko,ðeke,ðeko,ðeɪkeɪ,ðeɪkoʊ
ðe.be,ðe.bo,ðebe,ðebo,ðeɪbeɪ,ðeɪboʊ
ðe.de,ðe.do,ðede,ðedo,ðeɪdeɪ,ðeɪdoʊ
ðe.ge,ðe.go,ðege,ðego,ðeɪgeɪ,ðeɪgoʊ
ðe.fe,ðe.fo,ðefe,ðefo,ðeɪfeɪ,ðeɪfoʊ
ðe.se,ðe.so,ðese,ðeso,ðeɪseɪ,ðeɪsoʊ
ðe.ve,ðe.vo,ðeve,ðevo,ðeɪveɪ,ðeɪvoʊ
ðe.ze,ðe.zo,ðeze,ðezo,ðeɪzeɪ,ðeɪzoʊ
ðe.ʃe,ðe.ʃo,ðeʃe,ðeʃo,ðeɪʃeɪ,ðeɪʃoʊ
ðe.ʒe,ðe.ʒo,ðeʒe,ðeʒo,ðeɪʒeɪ,ðeɪʒoʊ
ðe.θe,ðe.θo,ðeθe,ðeθo,ðeɪθeɪ,ðeɪθoʊ
ðe.ðe,ðe.ðo,ðeðe,ðeðo,ðeɪðeɪ,ðeɪðoʊ
ðe.he,ðe.ho,ðehe,ðeho,ðeɪheɪ,ðeɪhoʊ
ðe.mu,ðe.mi,ðemu,ðemi,ðeɪmu,ðeɪmi
ðe.nu,ðe.ni,ðenu,ðeni,ðeɪnu,ðeɪni
ðe.pu,ðe.pi,ðepu,ðepi,ðeɪpu,ðeɪpi
ðe.tu,ðe.ti,ðetu,ðeti,ðeɪtu,ðeɪti
ðe.ku,ðe.ki,ðeku,ðeki,ðeɪku,ðeɪki
ðe.bu,ðe.bi,ðebu,ðebi,ðeɪbu,ðeɪbi
ðe.du,ðe.di,ðedu,ðedi,ðeɪdu,ðeɪdi
ðe.gu,ðe.gi,ðegu,ðegi,ðeɪgu,ðeɪgi
ðe.fu,ðe.fi,ðefu,ðefi,ðeɪfu,ðeɪfi
ðe.su,ðe.si,ðesu,ðesi,ðeɪsu,ðeɪsi
ðe.vu,ðe.vi,ðevu,ðevi,ðeɪvu,ðeɪvi
ðe.zu,ðe.zi,ðezu,ðezi,ðeɪzu,ðeɪzi
ðe.ʃu,ðe.ʃi,ðeʃu,ðeʃi,ðeɪʃu,ðeɪʃi
ðe.ʒu,ðe.ʒi,ðeʒu,ðeʒi,ðeɪʒu,ðeɪʒi
ðe.θu,ðe.θi,ðeθu,ðeθi,ðeɪθu,ðeɪθi
ðe.ðu,ðe.ði,ðeðu,ðeði,ðeɪðu,ðeɪði
ðe.hu,ðe.hi,ðehu,ðehi,ðeɪhu,ðeɪhi
ðe.mo,ðe.me,ðemo,ðeme,ðeɪmoʊ,ðeɪmeɪ
ðe.no,ðe.ne,ðeno,ðene,ðeɪnoʊ,ðeɪneɪ
ðe.po,ðe.pe,ðepo,ðepe,ðeɪpoʊ,ðeɪpeɪ
ðe.to,ðe.te,ðeto,ðete,ðeɪtoʊ,ðeɪteɪ
ðe.ko,ðe.ke,ðeko,ðeke,ðeɪkoʊ,ðeɪkeɪ
ðe.bo,ðe.be,ðebo,ðebe,ðeɪboʊ,ðeɪbeɪ
ðe.do,ðe.de,ðedo,ðede,ðeɪdoʊ,ðeɪdeɪ
ðe.go,ðe.ge,ðego,ðege,ðeɪgoʊ,ðeɪgeɪ
ðe.fo,ðe.fe,ðefo,ðefe,ðeɪfoʊ,ðeɪfeɪ
ðe.so,ðe.se,ðeso,ðese,ðeɪsoʊ,ðeɪseɪ
ðe.vo,ðe.ve,ðevo,ðeve,ðeɪvoʊ,ðeɪveɪ
ðe.zo,ðe.ze,ðezo,ðeze,ðeɪzoʊ,ðeɪzeɪ
ðe.ʃo,ðe.ʃe,ðeʃo,ðeʃe,ðeɪʃoʊ,ðeɪʃeɪ
ðe.ʒo,ðe.ʒe,ðeʒo,ðeʒe,ðeɪʒoʊ,ðeɪʒeɪ
ðe.θo,ðe.θe,ðeθo,ðeθe,ðeɪθoʊ,ðeɪθeɪ
ðe.ðo,ðe.ðe,ðeðo,ðeðe,ðeɪðoʊ,ðeɪðeɪ
ðe.ho,ðe.he,ðeho,ðehe,ðeɪhoʊ,ðeɪheɪ
he.mi,he.mu,hemi,hemu,heɪmi,heɪmu
he.ni,he.nu,heni,henu,heɪni,heɪnu
he.pi,he.pu,hepi,hepu,heɪpi,heɪpu
he.ti,he.tu,heti,hetu,heɪti,heɪtu
he.ki,he.ku,heki,heku,heɪki,heɪku
he.bi,he.bu,hebi,hebu,heɪbi,heɪbu
he.di,he.du,hedi,hedu,heɪdi,heɪdu
he.gi,he.gu,hegi,hegu,heɪgi,heɪgu
he.fi,he.fu,hefi,hefu,heɪfi,heɪfu
he.si,he.su,hesi,hesu,heɪsi,heɪsu
he.vi,he.vu,hevi,hevu,heɪvi,heɪvu
he.zi,he.zu,hezi,hezu,heɪzi,heɪzu
he.ʃi,he.ʃu,heʃi,heʃu,heɪʃi,heɪʃu
he.ʒi,he.ʒu,heʒi,heʒu,heɪʒi,heɪʒu
he.θi,he.θu,heθi,heθu,heɪθi,heɪθu
he.ði,he.ðu,heði,heðu,heɪði,heɪðu
he.hi,he.hu,hehi,hehu,heɪhi,heɪhu
he.me,he.mo,heme,hemo,heɪmeɪ,heɪmoʊ
he.ne,he.no,hene,heno,heɪneɪ,heɪnoʊ
he.pe,he.po,hepe,hepo,heɪpeɪ,heɪpoʊ
he.te,he.to,hete,heto,heɪteɪ,heɪtoʊ
he.ke,he.ko,heke,heko,heɪkeɪ,heɪkoʊ
he.be,he.bo,hebe,hebo,heɪbeɪ,heɪboʊ
he.de,he.do,hede,hedo,heɪdeɪ,heɪdoʊ
he.ge,he.go,hege,hego,heɪgeɪ,heɪgoʊ
he.fe,he.fo,hefe,hefo,heɪfeɪ,heɪfoʊ
he.se,he.so,hese,heso,heɪseɪ,heɪsoʊ
he.ve,he.vo,heve,hevo,heɪveɪ,heɪvoʊ
he.ze,he.zo,heze,hezo,heɪzeɪ,heɪzoʊ
he.ʃe,he.ʃo,heʃe,heʃo,heɪʃeɪ,heɪʃoʊ
he.ʒe,he.ʒo,heʒe,heʒo,heɪʒeɪ,heɪʒoʊ
he.θe,he.θo,heθe,heθo,heɪθeɪ,heɪθoʊ
he.ðe,he.ðo,heðe,heðo,heɪðeɪ,heɪðoʊ
he.he,he.ho,hehe,heho,heɪheɪ,heɪhoʊ
he.mu,he.mi,hemu,hemi,heɪmu,heɪmi
he.nu,he.ni,henu,heni,heɪnu,heɪni
he.pu,he.pi,hepu,hepi,heɪpu,heɪpi
he.tu,he.ti,hetu,heti,heɪtu,heɪti
he.ku,he.ki,heku,heki,heɪku,heɪki
he.bu,he.bi,hebu,hebi,heɪbu,heɪbi
he.du,he.di,hedu,hedi,heɪdu,heɪdi
he.gu,he.gi,hegu,hegi,heɪgu,heɪgi
he.fu,he.fi,hefu,hefi,heɪfu,heɪfi
he.su,he.si,hesu,hesi,heɪsu,heɪsi
he.vu,he.vi,hevu,hevi,heɪvu,heɪvi
he.zu,he.zi,hezu,hezi,heɪzu,heɪzi
he.ʃu,he.ʃi,heʃu,heʃi,heɪʃu,heɪʃi
he.ʒu,he.ʒi,heʒu,heʒi,heɪʒu,heɪʒi
he.θu,he.θi,heθu,heθi,heɪθu,heɪθi
he.ðu,he.ði,heðu,heði,heɪðu,heɪði
he.hu,he.hi,hehu,hehi,heɪhu,heɪhi
he.mo,he.me,hemo,heme,heɪmoʊ,heɪmeɪ
he.no,he.ne,heno,hene,heɪnoʊ,heɪneɪ
he.po,he.pe,hepo,hepe,heɪpoʊ,heɪpeɪ
he.to,he.te,heto,hete,heɪtoʊ,heɪteɪ
he.ko,he.ke,heko,heke,heɪkoʊ,heɪkeɪ
he.bo,he.be,hebo,hebe,heɪboʊ,heɪbeɪ
he.do,he.de,hedo,hede,heɪdoʊ,heɪdeɪ
he.go,he.ge,hego,hege,heɪgoʊ,heɪgeɪ
he.fo,he.fe,hefo,hefe,heɪfoʊ,heɪfeɪ
he.so,he.se,heso,hese,heɪsoʊ,heɪseɪ
he.vo,he.ve,hevo,heve,heɪvoʊ,heɪveɪ
he.zo,he.ze,hezo,heze,heɪzoʊ,heɪzeɪ
he.ʃo,he.ʃe,heʃo,heʃe,heɪʃoʊ,heɪʃeɪ
he.ʒo,he.ʒe,heʒo,heʒe,heɪʒoʊ,heɪʒeɪ
he.θo,he.θe,heθo,heθe,heɪθoʊ,heɪθeɪ
he.ðo,he.ðe,heðo,heðe,heɪðoʊ,heɪðeɪ
he.ho,he.he,heho,hehe,heɪhoʊ,heɪheɪ
mu.mi,mu.mu,mumi,mumu,mumi,mumu
mu.ni,mu.nu,muni,munu,muni,munu
mu.pi,mu.pu,mupi,mupu,mupi,mupu
mu.ti,mu.tu,muti,mutu,muti,mutu
mu.ki,mu.ku,muki,muku,muki,muku
mu.bi,mu.bu,mubi,mubu,mubi,mubu
mu.di,mu.du,mudi,mudu,mudi,mudu
mu.gi,mu.gu,mugi,mugu,mugi,mugu
mu.fi,mu.fu,mufi,mufu,mufi,mufu
mu.si,mu.su,musi,musu,musi,musu
mu.vi,mu.vu,muvi,muvu,muvi,muvu
mu.zi,mu.zu,muzi,muzu,muzi,muzu
mu.ʃi,mu.ʃu,muʃi,muʃu,muʃi,muʃu
mu.ʒi,mu.ʒu,muʒi,muʒu,muʒi,muʒu
mu.θi,mu.θu,muθi,muθu,muθi,muθu
mu.ði,mu.ðu,muði,muðu,muði,muðu
mu.hi,mu.hu,muhi,muhu,muhi,muhu
mu.me,mu.mo,mume,mumo,mumeɪ,mumoʊ
mu.ne,mu.no,mune,muno,muneɪ,munoʊ
mu.pe,mu.po,mupe,mupo,mupeɪ,mupoʊ
mu.te,mu.to,mute,muto,muteɪ,mutoʊ
mu.ke,mu.ko,muke,muko,mukeɪ,mukoʊ
mu.be,mu.bo,mube,mubo,mubeɪ,muboʊ
mu.de,mu.do,mude,mudo,mudeɪ,mudoʊ
mu.ge,mu.go,muge,mugo,mugeɪ,mugoʊ
mu.fe,mu.fo,mufe,mufo,mufeɪ,mufoʊ
mu.se,mu.so,muse,muso,museɪ,musoʊ
mu.ve,mu.vo,muve,muvo,muveɪ,muvoʊ
mu.ze,mu.zo,muze,muzo,muzeɪ,muzoʊ
mu.ʃe,mu.ʃo,muʃe,muʃo,muʃeɪ,muʃoʊ
mu.ʒe,mu.ʒo,muʒe,muʒo,muʒeɪ,muʒoʊ
mu.θe,mu.θo,muθe,muθo,muθeɪ,muθoʊ
mu.ðe,mu.ðo,muðe,muðo,muðeɪ,muðoʊ
mu.he,mu.ho,muhe,muho,muheɪ,muhoʊ
mu.mu,mu.mi,mumu,mumi,mumu,mumi
mu.nu,mu.ni,munu,muni,munu,muni
mu.pu,mu.pi,mupu,mupi,mupu,mupi
mu.tu,mu.ti,mutu,muti,mutu,muti
mu.ku,mu.ki,muku,muki,muku,muki
mu.bu,mu.bi,mubu,mubi,mubu,mubi
mu.du,mu.di,mudu,mudi,mudu,mudi
mu.gu,mu.gi,mugu,mugi,mugu,mugi
mu.fu,mu.fi,mufu,mufi,mufu,mufi
mu.su,mu.si,musu,musi,musu,musi
mu.vu,mu.vi,muvu,muvi,muvu,muvi
mu.zu,mu.zi,muzu,muzi,muzu,muzi
mu.ʃu,mu.ʃi,muʃu,muʃi,muʃu,muʃi
mu.ʒu,mu.ʒi,muʒu,muʒi,muʒu,muʒi
mu.θu,mu.θi,muθu,muθi,muθu,muθi
mu.ðu,mu.ði,muðu,muði,muðu,muði
mu.hu,mu.hi,muhu,muhi,muhu,muhi
mu.mo,mu.me,mumo,mume,mumoʊ,mumeɪ
mu.no,mu.ne,muno,mune,munoʊ,muneɪ
mu.po,mu.pe,mupo,mupe,mupoʊ,mupeɪ
mu.to,mu.te,muto,mute,mutoʊ,muteɪ
mu.ko,mu.ke,muko,muke,mukoʊ,mukeɪ
mu.bo,mu.be,mubo,mube,muboʊ,mubeɪ
mu.do,mu.de,mudo,mude,mudoʊ,mudeɪ
mu.go,mu.ge,mugo,muge,mugoʊ,mugeɪ
mu.fo,mu.fe,mufo,mufe,mufoʊ,mufeɪ
mu.so,mu.se,muso,muse,musoʊ,museɪ
mu.vo,mu.ve,muvo,muve,muvoʊ,muveɪ
mu.zo,mu.ze,muzo,muze,muzoʊ,muzeɪ
mu.ʃo,mu.ʃe,muʃo,muʃe,muʃoʊ,muʃeɪ
mu.ʒo,mu.ʒe,muʒo,muʒe,muʒoʊ,muʒeɪ
mu.θo,mu.θe,muθo,muθe,muθoʊ,muθeɪ
mu.ðo,mu.ðe,muðo,muðe,muðoʊ,muðeɪ
mu.ho,mu.he,muho,muhe,muhoʊ,muheɪ
nu.mi,nu.mu,numi,numu,numi,numu
nu.ni,nu.nu,nuni,nunu,nuni,nunu
nu.pi,nu.pu,nupi,nupu,nupi,nupu
nu.ti,nu.tu,nuti,nutu,nuti,nutu
nu.ki,nu.ku,nuki,nuku,nuki,nuku
nu.bi,nu.bu,nubi,nubu,nubi,nubu
nu.di,nu.du,nudi,nudu,nudi,nudu
nu.gi,nu.gu,nugi,nugu,nugi,nugu
nu.fi,nu.fu,nufi,nufu,nufi,nufu
nu.si,nu.su,nusi,nusu,nusi,nusu
nu.vi,nu.vu,nuvi,nuvu,nuvi,nuvu
nu.zi,nu.zu,nuzi,nuzu,nuzi,nuzu
nu.ʃi,nu.ʃu,nuʃi,nuʃu,nuʃi,nuʃu
nu.ʒi,nu.ʒu,nuʒi,nuʒu,nuʒi,nuʒu
nu.θi,nu.θu,nuθi,nuθu,nuθi,nuθu
nu.ði,nu.ðu,nuði,nuðu,nuði,nuðu
nu.hi,nu.hu,nuhi,nuhu,nuhi,nuhu
nu.me,nu.mo,nume,numo,numeɪ,numoʊ
nu.ne,nu.no,nune,nuno,nuneɪ,nunoʊ
nu.pe,nu.po,nupe,nupo,nupeɪ,nupoʊ
nu.te,nu.to,nute,nuto,nuteɪ,nutoʊ
nu.ke,nu.ko,nuke,nuko,nukeɪ,nukoʊ
nu.be,nu.bo,nube,nubo,nubeɪ,nuboʊ
nu.de,nu.do,nude,nudo,nudeɪ,nudoʊ
nu.ge,nu.go,nuge,nugo,nugeɪ,nugoʊ
nu.fe,nu.fo,nufe,nufo,nufeɪ,nufoʊ
nu.se,nu.so,nuse,nuso,nuseɪ,nusoʊ
nu.ve,nu.vo,nuve,nuvo,nuveɪ,nuvoʊ
nu.ze,nu.zo,nuze,nuzo,nuzeɪ,nuzoʊ
nu.ʃe,nu.ʃo,nuʃe,nuʃo,nuʃeɪ,nuʃoʊ
nu.ʒe,nu.ʒo,nuʒe,nuʒo,nuʒeɪ,nuʒoʊ
nu.θe,nu.θo,nuθe,nuθo,nuθeɪ,nuθoʊ
nu.ðe,nu.ðo,nuðe,nuðo,nuðeɪ,nuðoʊ
nu.he,nu.ho,nuhe,nuho,nuheɪ,nuhoʊ
nu.mu,nu.mi,numu,numi,numu,numi
nu.nu,nu.ni,nunu,nuni,nunu,nuni
nu.pu,nu.pi,nupu,nupi,nupu,nupi
nu.tu,nu.ti,nutu,nuti,nutu,nuti
nu.ku,nu.ki,nuku,nuki,nuku,nuki
nu.bu,nu.bi,nubu,nubi,nubu,nubi
nu.du,nu.di,nudu,nudi,nudu,nudi
nu.gu,nu.gi,nugu,nugi,nugu,nugi
nu.fu,nu.fi,nufu,nufi,nufu,nufi
nu.su,nu.si,nusu,nusi,nusu,nusi
nu.vu,nu.vi,nuvu,nuvi,nuvu,nuvi
nu.zu,nu.zi,nuzu,nuzi,nuzu,nuzi
nu.ʃu,nu.ʃi,nuʃu,nuʃi,nuʃu,nuʃi
nu.ʒu,nu.ʒi,nuʒu,nuʒi,nuʒu,nuʒi
nu.θu,nu.θi,nuθu,nuθi,nuθu,nuθi
nu.ðu,nu.ði,nuðu,nuði,nuðu,nuði
nu.hu,nu.hi,nuhu,nuhi,nuhu,nuhi
nu.mo,nu.me,numo,nume,numoʊ,numeɪ
nu.no,nu.ne,nuno,nune,nunoʊ,nuneɪ
nu.po,nu.pe,nupo,nupe,nupoʊ,nupeɪ
nu.to,nu.te,nuto,nute,nutoʊ,nuteɪ
nu.ko,nu.ke,nuko,nuke,nukoʊ,nukeɪ
nu.bo,nu.be,nubo,nube,nuboʊ,nubeɪ
nu.do,nu.de,nudo,nude,nudoʊ,nudeɪ
nu.go,nu.ge,nugo,nuge,nugoʊ,nugeɪ
nu.fo,nu.fe,nufo,nufe,nufoʊ,nufeɪ
nu.so,nu.se,nuso,nuse,nusoʊ,nuseɪ
nu.vo,nu.ve,nuvo,nuve,nuvoʊ,nuveɪ
nu.zo,nu.ze,nuzo,nuze,nuzoʊ,nuzeɪ
nu.ʃo,nu.ʃe,nuʃo,nuʃe,nuʃoʊ,nuʃeɪ
nu.ʒo,nu.ʒe,nuʒo,nuʒe,nuʒoʊ,nuʒeɪ
nu.θo,nu.θe,nuθo,nuθe,nuθoʊ,nuθeɪ
nu.ðo,nu.ðe,nuðo,nuðe,nuðoʊ,nuðeɪ
nu.ho,nu.he,nuho,nuhe,nuhoʊ,nuheɪ
pu.mi,pu.mu,pumi,pumu,pumi,pumu
pu.ni,pu.nu,puni,punu,puni,punu
pu.pi,pu.pu,pupi,pupu,pupi,pupu
pu.ti,pu.tu,puti,putu,puti,putu
pu.ki,pu.ku,puki,puku,puki,puku
pu.bi,pu.bu,pubi,pubu,pubi,pubu
pu.di,pu.du,pudi,pudu,pudi,pudu
pu.gi,pu.gu,pugi,pugu,pugi,pugu
pu.fi,pu.fu,pufi,pufu,pufi,pufu
pu.si,pu.su,pusi,pusu,pusi,pusu
pu.vi,pu.vu,puvi,puvu,puvi,puvu
pu.zi,pu.zu,puzi,puzu,puzi,puzu
pu.ʃi,pu.ʃu,puʃi,puʃu,puʃi,puʃu
pu.ʒi,pu.ʒu,puʒi,puʒu,puʒi,puʒu
pu.θi,pu.θu,puθi,puθu,puθi,puθu
pu.ði,pu.ðu,puði,puðu,puði,puðu
pu.hi,pu.hu,puhi,puhu,puhi,puhu
pu.me,pu.mo,pume,pumo,pumeɪ,pumoʊ
pu.ne,pu.no,pune,puno,puneɪ,punoʊ
pu.pe,pu.po,pupe,pupo,pupeɪ,pupoʊ
pu.te,pu.to,pute,puto,puteɪ,putoʊ
pu.ke,pu.ko,puke,puko,pukeɪ,pukoʊ
pu.be,pu.bo,pube,pubo,pubeɪ,puboʊ
pu.de,pu.do,pude,pudo,pudeɪ,pudoʊ
pu.ge,pu.go,puge,pugo,pugeɪ,pugoʊ
pu.fe,pu.fo,pufe,pufo,pufeɪ,pufoʊ
pu.se,pu.so,puse,puso,puseɪ,pusoʊ
pu.ve,pu.vo,puve,puvo,puveɪ,puvoʊ
pu.ze,pu.zo,puze,puzo,puzeɪ,puzoʊ
pu.ʃe,pu.ʃo,puʃe,puʃo,puʃeɪ,puʃoʊ
pu.ʒe,pu.ʒo,puʒe,puʒo,puʒeɪ,puʒoʊ
pu.θe,pu.θo,puθe,puθo,puθeɪ,puθoʊ
pu.ðe,pu.ðo,puðe,puðo,puðeɪ,puðoʊ
pu.he,pu.ho,puhe,puho,puheɪ,puhoʊ
pu.mu,pu.mi,pumu,pumi,pumu,pumi
pu.nu,pu.ni,punu,puni,punu,puni
pu.pu,pu.pi,pupu,pupi,pupu,pupi
pu.tu,pu.ti,putu,puti,putu,puti
pu.ku,pu.ki,puku,puki,puku,puki
pu.bu,pu.bi,pubu,pubi,pubu,pubi
pu.du,pu.di,pudu,pudi,pudu,pudi
pu.gu,pu.gi,pugu,pugi,pugu,pugi
pu.fu,pu.fi,pufu,pufi,pufu,pufi
pu.su,pu.si,pusu,pusi,pusu,pusi
pu.vu,pu.vi,puvu,puvi,puvu,puvi
pu.zu,pu.zi,puzu,puzi,puzu,puzi
pu.ʃu,pu.ʃi,puʃu,puʃi,puʃu,puʃi
pu.ʒu,pu.ʒi,puʒu,puʒi,puʒu,puʒi
pu.θu,pu.θi,puθu,puθi,puθu,puθi
pu.ðu,pu.ði,puðu,puði,puðu,puði
pu.hu,pu.hi,puhu,puhi,puhu,puhi
pu.mo,pu.me,pumo,pume,pumoʊ,pumeɪ
pu.no,pu.ne,puno,pune,punoʊ,puneɪ
pu.po,pu.pe,pupo,pupe,pupoʊ,pupeɪ
pu.to,pu.te,puto,pute,putoʊ,puteɪ
pu.ko,pu.ke,puko,puke,pukoʊ,pukeɪ
pu.bo,pu.be,pubo,pube,puboʊ,pubeɪ
pu.do,pu.de,pudo,pude,pudoʊ,pudeɪ
pu.go,pu.ge,pugo,puge,pugoʊ,pugeɪ
pu.fo,pu.fe,pufo,pufe,pufoʊ,pufeɪ
pu.so,pu.se,puso,puse,pusoʊ,puseɪ
pu.vo,pu.ve,puvo,puve,puvoʊ,puveɪ
pu.zo,pu.ze,puzo,puze,puzoʊ,puzeɪ
pu.ʃo,pu.ʃe,puʃo,puʃe,puʃoʊ,puʃeɪ
pu.ʒo,pu.ʒe,puʒo,puʒe,puʒoʊ,puʒeɪ
pu.θo,pu.θe,puθo,puθe,puθoʊ,puθeɪ
pu.ðo,pu.ðe,puðo,puðe,puðoʊ,puðeɪ
pu.ho,pu.he,puho,puhe,puhoʊ,puheɪ
tu.mi,tu.mu,tumi,tumu,tumi,tumu
tu.ni,tu.nu,tuni,tunu,tuni,tunu
tu.pi,tu.pu,tupi,tupu,tupi,tupu
tu.ti,tu.tu,tuti,tutu,tuti,tutu
tu.ki,tu.ku,tuki,tuku,tuki,tuku
tu.bi,tu.bu,tubi,tubu,tubi,tubu
tu.di,tu.du,tudi,tudu,tudi,tudu
tu.gi,tu.gu,tugi,tugu,tugi,tugu
tu.fi,tu.fu,tufi,tufu,tufi,tufu
tu.si,tu.su,tusi,tusu,tusi,tusu
tu.vi,tu.vu,tuvi,tuvu,tuvi,tuvu
tu.zi,tu.zu,tuzi,tuzu,tuzi,tuzu
tu.ʃi,tu.ʃu,tuʃi,tuʃu,tuʃi,tuʃu
tu.ʒi,tu.ʒu,tuʒi,tuʒu,tuʒi,tuʒu
tu.θi,tu.θu,tuθi,tuθu,tuθi,tuθu
tu.ði,tu.ðu,tuði,tuðu,tuði,tuðu
tu.hi,tu.hu,tuhi,tuhu,tuhi,tuhu
tu.me,tu.mo,tume,tumo,tumeɪ,tumoʊ
tu.ne,tu.no,tune,tuno,tuneɪ,tunoʊ
tu.pe,tu.po,tupe,tupo,tupeɪ,tupoʊ
tu.te,tu.to,tute,tuto,tuteɪ,tutoʊ
tu.ke,tu.ko,tuke,tuko,tukeɪ,tukoʊ
tu.be,tu.bo,tube,tubo,tubeɪ,tuboʊ
tu.de,tu.do,tude,tudo,tudeɪ,tudoʊ
tu.ge,tu.go,tuge,tugo,tugeɪ,tugoʊ
tu.fe,tu.fo,tufe,tufo,tufeɪ,tufoʊ
tu.se,tu.so,tuse,tuso,tuseɪ,tusoʊ
tu.ve,tu.vo,tuve,tuvo,tuveɪ,tuvoʊ
tu.ze,tu.zo,tuze,tuzo,tuzeɪ,tuzoʊ
tu.ʃe,tu.ʃo,tuʃe,tuʃo,tuʃeɪ,tuʃoʊ
tu.ʒe,tu.ʒo,tuʒe,tuʒo,tuʒeɪ,tuʒoʊ
tu.θe,tu.θo,tuθe,tuθo,tuθeɪ,tuθoʊ
tu.ðe,tu.ðo,tuðe,tuðo,tuðeɪ,tuðoʊ
tu.he,tu.ho,tuhe,tuho,tuheɪ,tuhoʊ
tu.mu,tu.mi,tumu,tumi,tumu,tumi
tu.nu,tu.ni,tunu,tuni,tunu,tuni
tu.pu,tu.pi,tupu,tupi,tupu,tupi
tu.tu,tu.ti,tutu,tuti,tutu,tuti
tu.ku,tu.ki,tuku,tuki,tuku,tuki
tu.bu,tu.bi,tubu,tubi,tubu,tubi
tu.du,tu.di,tudu,tudi,tudu,tudi
tu.gu,tu.gi,tugu,tugi,tugu,tugi
tu.fu,tu.fi,tufu,tufi,tufu,tufi
tu.su,tu.si,tusu,tusi,tusu,tusi
tu.vu,tu.vi,tuvu,tuvi,tuvu,tuvi
tu.zu,tu.zi,tuzu,tuzi,tuzu,tuzi
tu.ʃu,tu.ʃi,tuʃu,tuʃi,tuʃu,tuʃi
tu.ʒu,tu.ʒi,tuʒu,tuʒi,tuʒu,tuʒi
tu.θu,tu.θi,tuθu,tuθi,tuθu,tuθi
tu.ðu,tu.ði,tuðu,tuði,tuðu,tuði
tu.hu,tu.hi,tuhu,tuhi,tuhu,tuhi
tu.mo,tu.me,tumo,tume,tumoʊ,tumeɪ
tu.no,tu.ne,tuno,tune,tunoʊ,tuneɪ
tu.po,tu.pe,tupo,tupe,tupoʊ,tupeɪ
tu.to,tu.te,tuto,tute,tutoʊ,tuteɪ
tu.ko,tu.ke,tuko,tuke,tukoʊ,tukeɪ
tu.bo,tu.be,tubo,tube,tuboʊ,tubeɪ
tu.do,tu.de,tudo,tude,tudoʊ,tudeɪ
tu.go,tu.ge,tugo,tuge,tugoʊ,tugeɪ
tu.fo,tu.fe,tufo,tufe,tufoʊ,tufeɪ
tu.so,tu.se,tuso,tuse,tusoʊ,tuseɪ
tu.vo,tu.ve,tuvo,tuve,tuvoʊ,tuveɪ
tu.zo,tu.ze,tuzo,tuze,tuzoʊ,tuzeɪ
tu.ʃo,tu.ʃe,tuʃo,tuʃe,tuʃoʊ,tuʃeɪ
tu.ʒo,tu.ʒe,tuʒo,tuʒe,tuʒoʊ,tuʒeɪ
tu.θo,tu.θe,tuθo,tuθe,tuθoʊ,tuθeɪ
tu.ðo,tu.ðe,tuðo,tuðe,tuðoʊ,tuðeɪ
tu.ho,tu.he,tuho,tuhe,tuhoʊ,tuheɪ
ku.mi,ku.mu,kumi,kumu,kumi,kumu
ku.ni,ku.nu,kuni,kunu,kuni,kunu
ku.pi,ku.pu,kupi,kupu,kupi,kupu
ku.ti,ku.tu,kuti,kutu,kuti,kutu
ku.ki,ku.ku,kuki,kuku,kuki,kuku
ku.bi,ku.bu,kubi,kubu,kubi,kubu
ku.di,ku.du,kudi,kudu,kudi,kudu
ku.gi,ku.gu,kugi,kugu,kugi,kugu
ku.fi,ku.fu,kufi,kufu,kufi,kufu
ku.si,ku.su,kusi,kusu,kusi,kusu
ku.vi,ku.vu,kuvi,kuvu,kuvi,kuvu
ku.zi,ku.zu,kuzi,kuzu,kuzi,kuzu
ku.ʃi,ku.ʃu,kuʃi,kuʃu,kuʃi,kuʃu
ku.ʒi,ku.ʒu,kuʒi,kuʒu,kuʒi,kuʒu
ku.θi,ku.θu,kuθi,kuθu,kuθi,kuθu
ku.ði,ku.ðu,kuði,kuðu,kuði,kuðu
ku.hi,ku.hu,kuhi,kuhu,kuhi,kuhu
ku.me,ku.mo,kume,kumo,kumeɪ,kumoʊ
ku.ne,ku.no,kune,kuno,kuneɪ,kunoʊ
ku.pe,ku.po,kupe,kupo,kupeɪ,kupoʊ
ku.te,ku.to,kute,kuto,kuteɪ,kutoʊ
ku.ke,ku.ko,kuke,kuko,kukeɪ,kukoʊ
ku.be,ku.bo,kube,kubo,kubeɪ,kuboʊ
ku.de,ku.do,kude,kudo,kudeɪ,kudoʊ
ku.ge,ku.go,kuge,kugo,kugeɪ,kugoʊ
ku.fe,ku.fo,kufe,kufo,kufeɪ,kufoʊ
ku.se,ku.so,kuse,kuso,kuseɪ,kusoʊ
ku.ve,ku.vo,kuve,kuvo,kuveɪ,kuvoʊ
ku.ze,ku.zo,kuze,kuzo,kuzeɪ,kuzoʊ
ku.ʃe,ku.ʃo,kuʃe,kuʃo,kuʃeɪ,kuʃoʊ
ku.ʒe,ku.ʒo,kuʒe,kuʒo,kuʒeɪ,kuʒoʊ
ku.θe,ku.θo,kuθe,kuθo,kuθeɪ,kuθoʊ
ku.ðe,ku.ðo,kuðe,kuðo,kuðeɪ,kuðoʊ
ku.he,ku.ho,kuhe,kuho,kuheɪ,kuhoʊ
ku.mu,ku.mi,kumu,kumi,kumu,kumi
ku.nu,ku.ni,kunu,kuni,kunu,kuni
ku.pu,ku.pi,kupu,kupi,kupu,kupi
ku.tu,ku.ti,kutu,kuti,kutu,kuti
ku.ku,ku.ki,kuku,kuki,kuku,kuki
ku.bu,ku.bi,kubu,kubi,kubu,kubi
ku.du,ku.di,kudu,kudi,kudu,kudi
ku.gu,ku.gi,kugu,kugi,kugu,kugi
ku.fu,ku.fi,kufu,kufi,kufu,kufi
ku.su,ku.si,kusu,kusi,kusu,kusi
ku.vu,ku.vi,kuvu,kuvi,kuvu,kuvi
ku.zu,ku.zi,kuzu,kuzi,kuzu,kuzi
ku.ʃu,ku.ʃi,kuʃu,kuʃi,kuʃu,kuʃi
ku.ʒu,ku.ʒi,kuʒu,kuʒi,kuʒu,kuʒi
ku.θu,ku.θi,kuθu,kuθi,kuθu,kuθi
ku.ðu,ku.ði,kuðu,kuði,kuðu,kuði
ku.hu,ku.hi,kuhu,kuhi,kuhu,kuhi
ku.mo,ku.me,kumo,kume,kumoʊ,kumeɪ
ku.no,ku.ne,kuno,kune,kunoʊ,kuneɪ
ku.po,ku.pe,kupo,kupe,kupoʊ,kupeɪ
ku.to,ku.te,kuto,kute,kutoʊ,kuteɪ
ku.ko,ku.ke,kuko,kuke,kukoʊ,kukeɪ
ku.bo,ku.be,kubo,kube,kuboʊ,kubeɪ
ku.do,ku.de,kudo,kude,kudoʊ,kudeɪ
ku.go,ku.ge,kugo,kuge,kugoʊ,kugeɪ
ku.fo,ku.fe,kufo,kufe,kufoʊ,kufeɪ
ku.so,ku.se,kuso,kuse,kusoʊ,kuseɪ
ku.vo,ku.ve,kuvo,kuve,kuvoʊ,kuveɪ
ku.zo,ku.ze,kuzo,kuze,kuzoʊ,kuzeɪ
ku.ʃo,ku.ʃe,kuʃo,kuʃe,kuʃoʊ,kuʃeɪ
ku.ʒo,ku.ʒe,kuʒo,kuʒe,kuʒoʊ,kuʒeɪ
ku.θo,ku.θe,kuθo,kuθe,kuθoʊ,kuθeɪ
ku.ðo,ku.ðe,kuðo,kuðe,kuðoʊ,kuðeɪ
ku.ho,ku.he,kuho,kuhe,kuhoʊ,kuheɪ
bu.mi,bu.mu,bumi,bumu,bumi,bumu
bu.ni,bu.nu,buni,bunu,buni,bunu
bu.pi,bu.pu,bupi,bupu,bupi,bupu
bu.ti,bu.tu,buti,butu,buti,butu
bu.ki,bu.ku,buki,buku,buki,buku
bu.bi,bu.bu,bubi,bubu,bubi,bubu
bu.di,bu.du,budi,budu,budi,budu
bu.gi,bu.gu,bugi,bugu,bugi,bugu
bu.fi,bu.fu,bufi,bufu,bufi,bufu
bu.si,bu.su,busi,busu,busi,busu
bu.vi,bu.vu,buvi,buvu,buvi,buvu
bu.zi,bu.zu,buzi,buzu,buzi,buzu
bu.ʃi,bu.ʃu,buʃi,buʃu,buʃi,buʃu
bu.ʒi,bu.ʒu,buʒi,buʒu,buʒi,buʒu
bu.θi,bu.θu,buθi,buθu,buθi,buθu
bu.ði,bu.ðu,buði,buðu,buði,buðu
bu.hi,bu.hu,buhi,buhu,buhi,buhu
bu.me,bu.mo,bume,bumo,bumeɪ,bumoʊ
bu.ne,bu.no,bune,buno,buneɪ,bunoʊ
bu.pe,bu.po,bupe,bupo,bupeɪ,bupoʊ
bu.te,bu.to,bute,buto,buteɪ,butoʊ
bu.ke,bu.ko,buke,buko,bukeɪ,bukoʊ
bu.be,bu.bo,bube,bubo,bubeɪ,buboʊ
bu.de,bu.do,bude,budo,budeɪ,budoʊ
bu.ge,bu.go,buge,bugo,bugeɪ,bugoʊ
bu.fe,bu.fo,bufe,bufo,bufeɪ,bufoʊ
bu.se,bu.so,buse,buso,buseɪ,busoʊ
bu.ve,bu.vo,buve,buvo,buveɪ,buvoʊ
bu.ze,bu.zo,buze,buzo,buzeɪ,buzoʊ
bu.ʃe,bu.ʃo,buʃe,buʃo,buʃeɪ,buʃoʊ
bu.ʒe,bu.ʒo,buʒe,buʒo,buʒeɪ,buʒoʊ
bu.θe,bu.θo,buθe,buθo,buθeɪ,buθoʊ
bu.ðe,bu.ðo,buðe,buðo,buðeɪ,buðoʊ
bu.he,bu.ho,buhe,buho,buheɪ,buhoʊ
bu.mu,bu.mi,bumu,bumi,bumu,bumi
bu.nu,bu.ni,bunu,buni,bunu,buni
bu.pu,bu.pi,bupu,bupi,bupu,bupi
bu.tu,bu.ti,butu,buti,butu,buti
bu.ku,bu.ki,buku,buki,buku,buki
bu.bu,bu.bi,bubu,bubi,bubu,bubi
bu.du,bu.di,budu,budi,budu,budi
bu.gu,bu.gi,bugu,bugi,bugu,bugi
bu.fu,bu.fi,bufu,bufi,bufu,bufi
bu.su,bu.si,busu,busi,busu,busi
bu.vu,bu.vi,buvu,buvi,buvu,buvi
bu.zu,bu.zi,buzu,buzi,buzu,buzi
bu.ʃu,bu.ʃi,buʃu,buʃi,buʃu,buʃi
bu.ʒu,bu.ʒi,buʒu,buʒi,buʒu,buʒi
bu.θu,bu.θi,buθu,buθi,buθu,buθi
bu.ðu,bu.ði,buðu,buði,buðu,buði
bu.hu,bu.hi,buhu,buhi,buhu,buhi
bu.mo,bu.me,bumo,bume,bumoʊ,bumeɪ
bu.no,bu.ne,buno,bune,bunoʊ,buneɪ
bu.po,bu.pe,bupo,bupe,bupoʊ,bupeɪ
bu.to,bu.te,buto,bute,butoʊ,buteɪ
bu.ko,bu.ke,buko,buke,bukoʊ,bukeɪ
bu.bo,bu.be,bubo,bube,buboʊ,bubeɪ
bu.do,bu.de,budo,bude,budoʊ,budeɪ
bu.go,bu.ge,bugo,buge,bugoʊ,bugeɪ
bu.fo,bu.fe,bufo,bufe,bufoʊ,bufeɪ
bu.so,bu.se,buso,buse,busoʊ,buseɪ
bu.vo,bu.ve,buvo,buve,buvoʊ,buveɪ
bu.zo,bu.ze,buzo,buze,buzoʊ,buzeɪ
bu.ʃo,bu.ʃe,buʃo,buʃe,buʃoʊ,buʃeɪ
bu.ʒo,bu.ʒe,buʒo,buʒe,buʒoʊ,buʒeɪ
bu.θo,bu.θe,buθo,buθe,buθoʊ,buθeɪ
bu.ðo,bu.ðe,buðo,buðe,buðoʊ,buðeɪ
bu.ho,bu.he,buho,buhe,buhoʊ,buheɪ
du.mi,du.mu,dumi,dumu,dumi,dumu
du.ni,du.nu,duni,dunu,duni,dunu
du.pi,du.pu,dupi,dupu,dupi,dupu
du.ti,du.tu,duti,dutu,duti,dutu
du.ki,du.ku,duki,duku,duki,duku
du.bi,du.bu,dubi,dubu,dubi,dubu
du.di,du.du,dudi,dudu,dudi,dudu
du.gi,du.gu,dugi,dugu,dugi,dugu
du.fi,du.fu,dufi,dufu,dufi,dufu
du.si,du.su,dusi,dusu,dusi,dusu
du.vi,du.vu,duvi,duvu,duvi,duvu
du.zi,du.zu,duzi,duzu,duzi,duzu
du.ʃi,du.ʃu,duʃi,duʃu,duʃi,duʃu
du.ʒi,du.ʒu,duʒi,duʒu,duʒi,duʒu
du.θi,du.θu,duθi,duθu,duθi,duθu
du.ði,du.ðu,duði,duðu,duði,duðu
du.hi,du.hu,duhi,duhu,duhi,duhu
du.me,du.mo,dume,dumo,dumeɪ,dumoʊ
du.ne,du.no,dune,duno,duneɪ,dunoʊ
du.pe,du.po,dupe,dupo,dupeɪ,dupoʊ
du.te,du.to,dute,duto,duteɪ,dutoʊ
du.ke,du.ko,duke,duko,dukeɪ,dukoʊ
du.be,du.bo,dube,dubo,dubeɪ,duboʊ
du.de,du.do,dude,dudo,dudeɪ,dudoʊ
du.ge,du.go,duge,dugo,dugeɪ,dugoʊ
du.fe,du.fo,dufe,dufo,dufeɪ,dufoʊ
du.se,du.so,duse,duso,duseɪ,dusoʊ
du.ve,du.vo,duve,duvo,duveɪ,duvoʊ
du.ze,du.zo,duze,duzo,duzeɪ,duzoʊ
du.ʃe,du.ʃo,duʃe,duʃo,duʃeɪ,duʃoʊ
du.ʒe,du.ʒo,duʒe,duʒo,duʒeɪ,duʒoʊ
du.θe,du.θo,duθe,duθo,duθeɪ,duθoʊ
du.ðe,du.ðo,duðe,duðo,duðeɪ,duðoʊ
du.he,du.ho,duhe,duho,duheɪ,duhoʊ
du.mu,du.mi,dumu,dumi,dumu,dumi
du.nu,du.ni,dunu,duni,dunu,duni
du.pu,du.pi,dupu,dupi,dupu,dupi
du.tu,du.ti,dutu,duti,dutu,duti
du.ku,du.ki,duku,duki,duku,duki
du.bu,du.bi,dubu,dubi,dubu,dubi
du.du,du.di,dudu,dudi,dudu,dudi
du.gu,du.gi,dugu,dugi,dugu,dugi
du.fu,du.fi,dufu,dufi,dufu,dufi
du.su,du.si,dusu,dusi,dusu,dusi
du.vu,du.vi,duvu,duvi,duvu,duvi
du.zu,du.zi,duzu,duzi,duzu,duzi
du.ʃu,du.ʃi,duʃu,duʃi,duʃu,duʃi
du.ʒu,du.ʒi,duʒu,duʒi,duʒu,duʒi
du.θu,du.θi,duθu,duθi,duθu,duθi
du.ðu,du.ði,duðu,duði,duðu,duði
du.hu,du.hi,duhu,duhi,duhu,duhi
du.mo,du.me,dumo,dume,dumoʊ,dumeɪ
du.no,du.ne,duno,dune,dunoʊ,duneɪ
du.po,du.pe,dupo,dupe,dupoʊ,dupeɪ
du.to,du.te,duto,dute,dutoʊ,duteɪ
du.ko,du.ke,duko,duke,dukoʊ,dukeɪ
du.bo,du.be,dubo,dube,duboʊ,dubeɪ
du.do,du.de,dudo,dude,dudoʊ,dudeɪ
du.go,du.ge,dugo,duge,dugoʊ,dugeɪ
du.fo,du.fe,dufo,dufe,dufoʊ,dufeɪ
du.so,du.se,duso,duse,dusoʊ,duseɪ
du.vo,du.ve,duvo,duve,duvoʊ,duveɪ
du.zo,du.ze,duzo,duze,duzoʊ,duzeɪ
du.ʃo,du.ʃe,duʃo,duʃe,duʃoʊ,duʃeɪ
du.ʒo,du.ʒe,duʒo,duʒe,duʒoʊ,duʒeɪ
du.θo,du.θe,duθo,duθe,duθoʊ,duθeɪ
du.ðo,du.ðe,duðo,duðe,duðoʊ,duðeɪ
du.ho,du.he,duho,duhe,duhoʊ,duheɪ
gu.mi,gu.mu,gumi,gumu,gumi,gumu
gu.ni,gu.nu,guni,gunu,guni,gunu
gu.pi,gu.pu,gupi,gupu,gupi,gupu
gu.ti,gu.tu,guti,gutu,guti,gutu
gu.ki,gu.ku,guki,guku,guki,guku
gu.bi,gu.bu,gubi,gubu,gubi,gubu
gu.di,gu.du,gudi,gudu,gudi,gudu
gu.gi,gu.gu,gugi,gugu,gugi,gugu
gu.fi,gu.fu,gufi,gufu,gufi,gufu
gu.si,gu.su,gusi,gusu,gusi,gusu
gu.vi,gu.vu,guvi,guvu,guvi,guvu
gu.zi,gu.zu,guzi,guzu,guzi,guzu
gu.ʃi,gu.ʃu,guʃi,guʃu,guʃi,guʃu
gu.ʒi,gu.ʒu,guʒi,guʒu,guʒi,guʒu
gu.θi,gu.θu,guθi,guθu,guθi,guθu
gu.ði,gu.ðu,guði,guðu,guði,guðu
gu.hi,gu.hu,guhi,guhu,guhi,guhu
gu.me,gu.mo,gume,gumo,gumeɪ,gumoʊ
gu.ne,gu.no,gune,guno,guneɪ,gunoʊ
gu.pe,gu.po,gupe,gupo,gupeɪ,gupoʊ
gu.te,gu.to,gute,guto,guteɪ,gutoʊ
gu.ke,gu.ko,guke,guko,gukeɪ,gukoʊ
gu.be,gu.bo,gube,gubo,gubeɪ,guboʊ
gu.de,gu.do,gude,gudo,gudeɪ,gudoʊ
gu.ge,gu.go,guge,gugo,gugeɪ,gugoʊ
gu.fe,gu.fo,gufe,gufo,gufeɪ,gufoʊ
gu.se,gu.so,guse,guso,guseɪ,gusoʊ
gu.ve,gu.vo,guve,guvo,guveɪ,guvoʊ
gu.ze,gu.zo,guze,guzo,guzeɪ,guzoʊ
gu.ʃe,gu.ʃo,guʃe,guʃo,guʃeɪ,guʃoʊ
gu.ʒe,gu.ʒo,guʒe,guʒo,guʒeɪ,guʒoʊ
gu.θe,gu.θo,guθe,guθo,guθeɪ,guθoʊ
gu.ðe,gu.ðo,guðe,guðo,guðeɪ,guðoʊ
gu.he,gu.ho,guhe,guho,guheɪ,guhoʊ
gu.mu,gu.mi,gumu,gumi,gumu,gumi
gu.nu,gu.ni,gunu,guni,gunu,guni
gu.pu,gu.pi,gupu,gupi,gupu,gupi
gu.tu,gu.ti,gutu,guti,gutu,guti
gu.ku,gu.ki,guku,guki,guku,guki
gu.bu,gu.bi,gubu,gubi,gubu,gubi
gu.du,gu.di,gudu,gudi,gudu,gudi
gu.gu,gu.gi,gugu,gugi,gugu,gugi
gu.fu,gu.fi,gufu,gufi,gufu,gufi
gu.su,gu.si,gusu,gusi,gusu,gusi
gu.vu,gu.vi,guvu,guvi,guvu,guvi
gu.zu,gu.zi,guzu,guzi,guzu,guzi
gu.ʃu,gu.ʃi,guʃu,guʃi,guʃu,guʃi
gu.ʒu,gu.ʒi,guʒu,guʒi,guʒu,guʒi
gu.θu,gu.θi,guθu,guθi,guθu,guθi
gu.ðu,gu.ði,guðu,guði,guðu,guði
gu.hu,gu.hi,guhu,guhi,guhu,guhi
gu.mo,gu.me,gumo,gume,gumoʊ,gumeɪ
gu.no,gu.ne,guno,gune,gunoʊ,guneɪ
gu.po,gu.pe,gupo,gupe,gupoʊ,gupeɪ
gu.to,gu.te,guto,gute,gutoʊ,guteɪ
gu.ko,gu.ke,guko,guke,gukoʊ,gukeɪ
gu.bo,gu.be,gubo,gube,guboʊ,gubeɪ
gu.do,gu.de,gudo,gude,gudoʊ,gudeɪ
gu.go,gu.ge,gugo,guge,gugoʊ,gugeɪ
gu.fo,gu.fe,gufo,gufe,gufoʊ,gufeɪ
gu.so,gu.se,guso,guse,gusoʊ,guseɪ
gu.vo,gu.ve,guvo,guve,guvoʊ,guveɪ
gu.zo,gu.ze,guzo,guze,guzoʊ,guzeɪ
gu.ʃo,gu.ʃe,guʃo,guʃe,guʃoʊ,guʃeɪ
gu.ʒo,gu.ʒe,guʒo,guʒe,guʒoʊ,guʒeɪ
gu.θo,gu.θe,guθo,guθe,guθoʊ,guθeɪ
gu.ðo,gu.ðe,guðo,guðe,guðoʊ,guðeɪ
gu.ho,gu.he,guho,guhe,guhoʊ,guheɪ
fu.mi,fu.mu,fumi,fumu,fumi,fumu
fu.ni,fu.nu,funi,funu,funi,funu
fu.pi,fu.pu,fupi,fupu,fupi,fupu
fu.ti,fu.tu,futi,futu,futi,futu
fu.ki,fu.ku,fuki,fuku,fuki,fuku
fu.bi,fu.bu,fubi,fubu,fubi,fubu
fu.di,fu.du,fudi,fudu,fudi,fudu
fu.gi,fu.gu,fugi,fugu,fugi,fugu
fu.fi,fu.fu,fufi,fufu,fufi,fufu
fu.si,fu.su,fusi,fusu,fusi,fusu
fu.vi,fu.vu,fuvi,fuvu,fuvi,fuvu
fu.zi,fu.zu,fuzi,fuzu,fuzi,fuzu
fu.ʃi,fu.ʃu,fuʃi,fuʃu,fuʃi,fuʃu
fu.ʒi,fu.ʒu,fuʒi,fuʒu,fuʒi,fuʒu
fu.θi,fu.θu,fuθi,fuθu,fuθi,fuθu
fu.ði,fu.ðu,fuði,fuðu,fuði,fuðu
fu.hi,fu.hu,fuhi,fuhu,fuhi,fuhu
fu.me,fu.mo,fume,fumo,fumeɪ,fumoʊ
fu.ne,fu.no,fune,funo,funeɪ,funoʊ
fu.pe,fu.po,fupe,fupo,fupeɪ,fupoʊ
fu.te,fu.to,fute,futo,futeɪ,futoʊ
fu.ke,fu.ko,fuke,fuko,fukeɪ,fukoʊ
fu.be,fu.bo,fube,fubo,fubeɪ,fuboʊ
fu.de,fu.do,fude,fudo,fudeɪ,fudoʊ
fu.ge,fu.go,fuge,fugo,fugeɪ,fugoʊ
fu.fe,fu.fo,fufe,fufo,fufeɪ,fufoʊ
fu.se,fu.so,fuse,fuso,fuseɪ,fusoʊ
fu.ve,fu.vo,fuve,fuvo,fuveɪ,fuvoʊ
fu.ze,fu.zo,fuze,fuzo,fuzeɪ,fuzoʊ
fu.ʃe,fu.ʃo,fuʃe,fuʃo,fuʃeɪ,fuʃoʊ
fu.ʒe,fu.ʒo,fuʒe,fuʒo,fuʒeɪ,fuʒoʊ
fu.θe,fu.θo,fuθe,fuθo,fuθeɪ,fuθoʊ
fu.ðe,fu.ðo,fuðe,fuðo,fuðeɪ,fuðoʊ
fu.he,fu.ho,fuhe,fuho,fuheɪ,fuhoʊ
fu.mu,fu.mi,fumu,fumi,fumu,fumi
fu.nu,fu.ni,funu,funi,funu,funi
fu.pu,fu.pi,fupu,fupi,fupu,fupi
fu.tu,fu.ti,futu,futi,futu,futi
fu.ku,fu.ki,fuku,fuki,fuku,fuki
fu.bu,fu.bi,fubu,fubi,fubu,fubi
fu.du,fu.di,fudu,fudi,fudu,fudi
fu.gu,fu.gi,fugu,fugi,fugu,fugi
fu.fu,fu.fi,fufu,fufi,fufu,fufi
fu.su,fu.si,fusu,fusi,fusu,fusi
fu.vu,fu.vi,fuvu,fuvi,fuvu,fuvi
fu.zu,fu.zi,fuzu,fuzi,fuzu,fuzi
fu.ʃu,fu.ʃi,fuʃu,fuʃi,fuʃu,fuʃi
fu.ʒu,fu.ʒi,fuʒu,fuʒi,fuʒu,fuʒi
fu.θu,fu.θi,fuθu,fuθi,fuθu,fuθi
fu.ðu,fu.ði,fuðu,fuði,fuðu,fuði
fu.hu,fu.hi,fuhu,fuhi,fuhu,fuhi
fu.mo,fu.me,fumo,fume,fumoʊ,fumeɪ
fu.no,fu.ne,funo,fune,funoʊ,funeɪ
fu.po,fu.pe,fupo,fupe,fupoʊ,fupeɪ
fu.to,fu.te,futo,fute,futoʊ,futeɪ
fu.ko,fu.ke,fuko,fuke,fukoʊ,fukeɪ
fu.bo,fu.be,fubo,fube,fuboʊ,fubeɪ
fu.do,fu.de,fudo,fude,fudoʊ,fudeɪ
fu.go,fu.ge,fugo,fuge,fugoʊ,fugeɪ
fu.fo,fu.fe,fufo,fufe,fufoʊ,fufeɪ
fu.so,fu.se,fuso,fuse,fusoʊ,fuseɪ
fu.vo,fu.ve,fuvo,fuve,fuvoʊ,fuveɪ
fu.zo,fu.ze,fuzo,fuze,fuzoʊ,fuzeɪ
fu.ʃo,fu.ʃe,fuʃo,fuʃe,fuʃoʊ,fuʃeɪ
fu.ʒo,fu.ʒe,fuʒo,fuʒe,fuʒoʊ,fuʒeɪ
fu.θo,fu.θe,fuθo,fuθe,fuθoʊ,fuθeɪ
fu.ðo,fu.ðe,fuðo,fuðe,fuðoʊ,fuðeɪ
fu.ho,fu.he,fuho,fuhe,fuhoʊ,fuheɪ
su.mi,su.mu,sumi,sumu,sumi,sumu
su.ni,su.nu,suni,sunu,suni,sunu
su.pi,su.pu,supi,supu,supi,supu
su.ti,su.tu,suti,sutu,suti,sutu
su.ki,su.ku,suki,suku,suki,suku
su.bi,su.bu,subi,subu,subi,subu
su.di,su.du,sudi,sudu,sudi,sudu
su.gi,su.gu,sugi,sugu,sugi,sugu
su.fi,su.fu,sufi,sufu,sufi,sufu
su.si,su.su,susi,susu,susi,susu
su.vi,su.vu,suvi,suvu,suvi,suvu
su.zi,su.zu,suzi,suzu,suzi,suzu
su.ʃi,su.ʃu,suʃi,suʃu,suʃi,suʃu
su.ʒi,su.ʒu,suʒi,suʒu,suʒi,suʒu
su.θi,su.θu,suθi,suθu,suθi,suθu
su.ði,su.ðu,suði,suðu,suði,suðu
su.hi,su.hu,suhi,suhu,suhi,suhu
su.me,su.mo,sume,sumo,sumeɪ,sumoʊ
su.ne,su.no,sune,suno,suneɪ,sunoʊ
su.pe,su.po,supe,supo,supeɪ,supoʊ
su.te,su.to,sute,suto,suteɪ,sutoʊ
su.ke,su.ko,suke,suko,sukeɪ,sukoʊ
su.be,su.bo,sube,subo,subeɪ,suboʊ
su.de,su.do,sude,sudo,sudeɪ,sudoʊ
su.ge,su.go,suge,sugo,sugeɪ,sugoʊ
su.fe,su.fo,sufe,sufo,sufeɪ,sufoʊ
su.se,su.so,suse,suso,suseɪ,susoʊ
su.ve,su.vo,suve,suvo,suveɪ,suvoʊ
su.ze,su.zo,suze,suzo,suzeɪ,suzoʊ
su.ʃe,su.ʃo,suʃe,suʃo,suʃeɪ,suʃoʊ
su.ʒe,su.ʒo,suʒe,suʒo,suʒeɪ,suʒoʊ
su.θe,su.θo,suθe,suθo,suθeɪ,suθoʊ
su.ðe,su.ðo,suðe,suðo,suðeɪ,suðoʊ
su.he,su.ho,suhe,suho,suheɪ,suhoʊ
su.mu,su.mi,sumu,sumi,sumu,sumi
su.nu,su.ni,sunu,suni,sunu,suni
su.pu,su.pi,supu,supi,supu,supi
su.tu,su.ti,sutu,suti,sutu,suti
su.ku,su.ki,suku,suki,suku,suki
su.bu,su.bi,subu,subi,subu,subi
su.du,su.di,sudu,sudi,sudu,sudi
su.gu,su.gi,sugu,sugi,sugu,sugi
su.fu,su.fi,sufu,sufi,sufu,sufi
su.su,su.si,susu,susi,susu,susi
su.vu,su.vi,suvu,suvi,suvu,suvi
su.zu,su.zi,suzu,suzi,suzu,suzi
su.ʃu,su.ʃi,suʃu,suʃi,suʃu,suʃi
su.ʒu,su.ʒi,suʒu,suʒi,suʒu,suʒi
su.θu,su.θi,suθu,suθi,suθu,suθi
su.ðu,su.ði,suðu,suði,suðu,suði
su.hu,su.hi,suhu,suhi,suhu,suhi
su.mo,su.me,sumo,sume,sumoʊ,sumeɪ
su.no,su.ne,suno,sune,sunoʊ,suneɪ
su.po,su.pe,supo,supe,supoʊ,supeɪ
su.to,su.te,suto,sute,sutoʊ,suteɪ
su.ko,su.ke,suko,suke,sukoʊ,sukeɪ
su.bo,su.be,subo,sube,suboʊ,subeɪ
su.do,su.de,sudo,sude,sudoʊ,sudeɪ
su.go,su.ge,sugo,suge,sugoʊ,sugeɪ
su.fo,su.fe,sufo,sufe,sufoʊ,sufeɪ
su.so,su.se,suso,suse,susoʊ,suseɪ
su.vo,su.ve,suvo,suve,suvoʊ,suveɪ
su.zo,su.ze,suzo,suze,suzoʊ,suzeɪ
su.ʃo,su.ʃe,suʃo,suʃe,suʃoʊ,suʃeɪ
su.ʒo,su.ʒe,suʒo,suʒe,suʒoʊ,suʒeɪ
su.θo,su.θe,suθo,suθe,suθoʊ,suθeɪ
su.ðo,su.ðe,suðo,suðe,suðoʊ,suðeɪ
su.ho,su.he,suho,suhe,suhoʊ,suheɪ
vu.mi,vu.mu,vumi,vumu,vumi,vumu
vu.ni,vu.nu,vuni,vunu,vuni,vunu
vu.pi,vu.pu,vupi,vupu,vupi,vupu
vu.ti,vu.tu,vuti,vutu,vuti,vutu
vu.ki,vu.ku,vuki,vuku,vuki,vuku
vu.bi,vu.bu,vubi,vubu,vubi,vubu
vu.di,vu.du,vudi,vudu,vudi,vudu
vu.gi,vu.gu,vugi,vugu,vugi,vugu
vu.fi,vu.fu,vufi,vufu,vufi,vufu
vu.si,vu.su,vusi,vusu,vusi,vusu
vu.vi,vu.vu,vuvi,vuvu,vuvi,vuvu
vu.zi,vu.zu,vuzi,vuzu,vuzi,vuzu
vu.ʃi,vu.ʃu,vuʃi,vuʃu,vuʃi,vuʃu
vu.ʒi,vu.ʒu,vuʒi,vuʒu,vuʒi,vuʒu
vu.θi,vu.θu,vuθi,vuθu,vuθi,vuθu
vu.ði,vu.ðu,vuði,vuðu,vuði,vuðu
vu.hi,vu.hu,vuhi,vuhu,vuhi,vuhu
vu.me,vu.mo,vume,vumo,vumeɪ,vumoʊ
vu.ne,vu.no,vune,vuno,vuneɪ,vunoʊ
vu.pe,vu.po,vupe,vupo,vupeɪ,vupoʊ
vu.te,vu.to,vute,vuto,vuteɪ,vutoʊ
vu.ke,vu.ko,vuke,vuko,vukeɪ,vukoʊ
vu.be,vu.bo,vube,vubo,vubeɪ,vuboʊ
vu.de,vu.do,vude,vudo,vudeɪ,vudoʊ
vu.ge,vu.go,vuge,vugo,vugeɪ,vugoʊ
vu.fe,vu.fo,vufe,vufo,vufeɪ,vufoʊ
vu.se,vu.so,vuse,vuso,vuseɪ,vusoʊ
vu.ve,vu.vo,vuve,vuvo,vuveɪ,vuvoʊ
vu.ze,vu.zo,vuze,vuzo,vuzeɪ,vuzoʊ
vu.ʃe,vu.ʃo,vuʃe,vuʃo,vuʃeɪ,vuʃoʊ
vu.ʒe,vu.ʒo,vuʒe,vuʒo,vuʒeɪ,vuʒoʊ
vu.θe,vu.θo,vuθe,vuθo,vuθeɪ,vuθoʊ
vu.ðe,vu.ðo,vuðe,vuðo,vuðeɪ,vuðoʊ
vu.he,vu.ho,vuhe,vuho,vuheɪ,vuhoʊ
vu.mu,vu.mi,vumu,vumi,vumu,vumi
vu.nu,vu.ni,vunu,vuni,vunu,vuni
vu.pu,vu.pi,vupu,vupi,vupu,vupi
vu.tu,vu.ti,vutu,vuti,vutu,vuti
vu.ku,vu.ki,vuku,vuki,vuku,vuki
vu.bu,vu.bi,vubu,vubi,vubu,vubi
vu.du,vu.di,vudu,vudi,vudu,vudi
vu.gu,vu.gi,vugu,vugi,vugu,vugi
vu.fu,vu.fi,vufu,vufi,vufu,vufi
vu.su,vu.si,vusu,vusi,vusu,vusi
vu.vu,vu.vi,vuvu,vuvi,vuvu,vuvi
vu.zu,vu.zi,vuzu,vuzi,vuzu,vuzi
vu.ʃu,vu.ʃi,vuʃu,vuʃi,vuʃu,vuʃi
vu.ʒu,vu.ʒi,vuʒu,vuʒi,vuʒu,vuʒi
vu.θu,vu.θi,vuθu,vuθi,vuθu,vuθi
vu.ðu,vu.ði,vuðu,vuði,vuðu,vuði
vu.hu,vu.hi,vuhu,vuhi,vuhu,vuhi
vu.mo,vu.me,vumo,vume,vumoʊ,vumeɪ
vu.no,vu.ne,vuno,vune,vunoʊ,vuneɪ
vu.po,vu.pe,vupo,vupe,vupoʊ,vupeɪ
vu.to,vu.te,vuto,vute,vutoʊ,vuteɪ
vu.ko,vu.ke,vuko,vuke,vukoʊ,vukeɪ
vu.bo,vu.be,vubo,vube,vuboʊ,vubeɪ
vu.do,vu.de,vudo,vude,vudoʊ,vudeɪ
vu.go,vu.ge,vugo,vuge,vugoʊ,vugeɪ
vu.fo,vu.fe,vufo,vufe,vufoʊ,vufeɪ
vu.so,vu.se,vuso,vuse,vusoʊ,vuseɪ
vu.vo,vu.ve,vuvo,vuve,vuvoʊ,vuveɪ
vu.zo,vu.ze,vuzo,vuze,vuzoʊ,vuzeɪ
vu.ʃo,vu.ʃe,vuʃo,vuʃe,vuʃoʊ,vuʃeɪ
vu.ʒo,vu.ʒe,vuʒo,vuʒe,vuʒoʊ,vuʒeɪ
vu.θo,vu.θe,vuθo,vuθe,vuθoʊ,vuθeɪ
vu.ðo,vu.ðe,vuðo,vuðe,vuðoʊ,vuðeɪ
vu.ho,vu.he,vuho,vuhe,vuhoʊ,vuheɪ
zu.mi,zu.mu,zumi,zumu,zumi,zumu
zu.ni,zu.nu,zuni,zunu,zuni,zunu
zu.pi,zu.pu,zupi,zupu,zupi,zupu
zu.ti,zu.tu,zuti,zutu,zuti,zutu
zu.ki,zu.ku,zuki,zuku,zuki,zuku
zu.bi,zu.bu,zubi,zubu,zubi,zubu
zu.di,zu.du,zudi,zudu,zudi,zudu
zu.gi,zu.gu,zugi,zugu,zugi,zugu
zu.fi,zu.fu,zufi,zufu,zufi,zufu
zu.si,zu.su,zusi,zusu,zusi,zusu
zu.vi,zu.vu,zuvi,zuvu,zuvi,zuvu
zu.zi,zu.zu,zuzi,zuzu,zuzi,zuzu
zu.ʃi,zu.ʃu,zuʃi,zuʃu,zuʃi,zuʃu
zu.ʒi,zu.ʒu,zuʒi,zuʒu,zuʒi,zuʒu
zu.θi,zu.θu,zuθi,zuθu,zuθi,zuθu
zu.ði,zu.ðu,zuði,zuðu,zuði,zuðu
zu.hi,zu.hu,zuhi,zuhu,zuhi,zuhu
zu.me,zu.mo,zume,zumo,zumeɪ,zumoʊ
zu.ne,zu.no,zune,zuno,zuneɪ,zunoʊ
zu.pe,zu.po,zupe,zupo,zupeɪ,zupoʊ
zu.te,zu.to,zute,zuto,zuteɪ,zutoʊ
zu.ke,zu.ko,zuke,zuko,zukeɪ,zukoʊ
zu.be,zu.bo,zube,zubo,zubeɪ,zuboʊ
zu.de,zu.do,zude,zudo,zudeɪ,zudoʊ
zu.ge,zu.go,zuge,zugo,zugeɪ,zugoʊ
zu.fe,zu.fo,zufe,zufo,zufeɪ,zufoʊ
zu.se,zu.so,zuse,zuso,zuseɪ,zusoʊ
zu.ve,zu.vo,zuve,zuvo,zuveɪ,zuvoʊ
zu.ze,zu.zo,zuze,zuzo,zuzeɪ,zuzoʊ
zu.ʃe,zu.ʃo,zuʃe,zuʃo,zuʃeɪ,zuʃoʊ
zu.ʒe,zu.ʒo,zuʒe,zuʒo,zuʒeɪ,zuʒoʊ
zu.θe,zu.θo,zuθe,zuθo,zuθeɪ,zuθoʊ
zu.ðe,zu.ðo,zuðe,zuðo,zuðeɪ,zuðoʊ
zu.he,zu.ho,zuhe,zuho,zuheɪ,zuhoʊ
zu.mu,zu.mi,zumu,zumi,zumu,zumi
zu.nu,zu.ni,zunu,zuni,zunu,zuni
zu.pu,zu.pi,zupu,zupi,zupu,zupi
zu.tu,zu.ti,zutu,zuti,zutu,zuti
zu.ku,zu.ki,zuku,zuki,zuku,zuki
zu.bu,zu.bi,zubu,zubi,zubu,zubi
zu.du,zu.di,zudu,zudi,zudu,zudi
zu.gu,zu.gi,zugu,zugi,zugu,zugi
zu.fu,zu.fi,zufu,zufi,zufu,zufi
zu.su,zu.si,zusu,zusi,zusu,zusi
zu.vu,zu.vi,zuvu,zuvi,zuvu,zuvi
zu.zu,zu.zi,zuzu,zuzi,zuzu,zuzi
zu.ʃu,zu.ʃi,zuʃu,zuʃi,zuʃu,zuʃi
zu.ʒu,zu.ʒi,zuʒu,zuʒi,zuʒu,zuʒi
zu.θu,zu.θi,zuθu,zuθi,zuθu,zuθi
zu.ðu,zu.ði,zuðu,zuði,zuðu,zuði
zu.hu,zu.hi,zuhu,zuhi,zuhu,zuhi
zu.mo,zu.me,zumo,zume,zumoʊ,zumeɪ
zu.no,zu.ne,zuno,zune,zunoʊ,zuneɪ
zu.po,zu.pe,zupo,zupe,zupoʊ,zupeɪ
zu.to,zu.te,zuto,zute,zutoʊ,zuteɪ
zu.ko,zu.ke,zuko,zuke,zukoʊ,zukeɪ
zu.bo,zu.be,zubo,zube,zuboʊ,zubeɪ
zu.do,zu.de,zudo,zude,zudoʊ,zudeɪ
zu.go,zu.ge,zugo,zuge,zugoʊ,zugeɪ
zu.fo,zu.fe,zufo,zufe,zufoʊ,zufeɪ
zu.so,zu.se,zuso,zuse,zusoʊ,zuseɪ
zu.vo,zu.ve,zuvo,zuve,zuvoʊ,zuveɪ
zu.zo,zu.ze,zuzo,zuze,zuzoʊ,zuzeɪ
zu.ʃo,zu.ʃe,zuʃo,zuʃe,zuʃoʊ,zuʃeɪ
zu.ʒo,zu.ʒe,zuʒo,zuʒe,zuʒoʊ,zuʒeɪ
zu.θo,zu.θe,zuθo,zuθe,zuθoʊ,zuθeɪ
zu.ðo,zu.ðe,zuðo,zuðe,zuðoʊ,zuðeɪ
zu.ho,zu.he,zuho,zuhe,zuhoʊ,zuheɪ
ʃu.mi,ʃu.mu,ʃumi,ʃumu,ʃumi,ʃumu
ʃu.ni,ʃu.nu,ʃuni,ʃunu,ʃuni,ʃunu
ʃu.pi,ʃu.pu,ʃupi,ʃupu,ʃupi,ʃupu
ʃu.ti,ʃu.tu,ʃuti,ʃutu,ʃuti,ʃutu
ʃu.ki,ʃu.ku,ʃuki,ʃuku,ʃuki,ʃuku
ʃu.bi,ʃu.bu,ʃubi,ʃubu,ʃubi,ʃubu
ʃu.di,ʃu.du,ʃudi,ʃudu,ʃudi,ʃudu
ʃu.gi,ʃu.gu,ʃugi,ʃugu,ʃugi,ʃugu
ʃu.fi,ʃu.fu,ʃufi,ʃufu,ʃufi,ʃufu
ʃu.si,ʃu.su,ʃusi,ʃusu,ʃusi,ʃusu
ʃu.vi,ʃu.vu,ʃuvi,ʃuvu,ʃuvi,ʃuvu
ʃu.zi,ʃu.zu,ʃuzi,ʃuzu,ʃuzi,ʃuzu
ʃu.ʃi,ʃu.ʃu,ʃuʃi,ʃuʃu,ʃuʃi,ʃuʃu
ʃu.ʒi,ʃu.ʒu,ʃuʒi,ʃuʒu,ʃuʒi,ʃuʒu
ʃu.θi,ʃu.θu,ʃuθi,ʃuθu,ʃuθi,ʃuθu
ʃu.ði,ʃu.ðu,ʃuði,ʃuðu,ʃuði,ʃuðu
ʃu.hi,ʃu.hu,ʃuhi,ʃuhu,ʃuhi,ʃuhu
ʃu.me,ʃu.mo,ʃume,ʃumo,ʃumeɪ,ʃumoʊ
ʃu.ne,ʃu.no,ʃune,ʃuno,ʃuneɪ,ʃunoʊ
ʃu.pe,ʃu.po,ʃupe,ʃupo,ʃupeɪ,ʃupoʊ
ʃu.te,ʃu.to,ʃute,ʃuto,ʃuteɪ,ʃutoʊ
ʃu.ke,ʃu.ko,ʃuke,ʃuko,ʃukeɪ,ʃukoʊ
ʃu.be,ʃu.bo,ʃube,ʃubo,ʃubeɪ,ʃuboʊ
ʃu.de,ʃu.do,ʃude,ʃudo,ʃudeɪ,ʃudoʊ
ʃu.ge,ʃu.go,ʃuge,ʃugo,ʃugeɪ,ʃugoʊ
ʃu.fe,ʃu.fo,ʃufe,ʃufo,ʃufeɪ,ʃufoʊ
ʃu.se,ʃu.so,ʃuse,ʃuso,ʃuseɪ,ʃusoʊ
ʃu.ve,ʃu.vo,ʃuve,ʃuvo,ʃuveɪ,ʃuvoʊ
ʃu.ze,ʃu.zo,ʃuze,ʃuzo,ʃuzeɪ,ʃuzoʊ
ʃu.ʃe,ʃu.ʃo,ʃuʃe,ʃuʃo,ʃuʃeɪ,ʃuʃoʊ
ʃu.ʒe,ʃu.ʒo,ʃuʒe,ʃuʒo,ʃuʒeɪ,ʃuʒoʊ
ʃu.θe,ʃu.θo,ʃuθe,ʃuθo,ʃuθeɪ,ʃuθoʊ
ʃu.ðe,ʃu.ðo,ʃuðe,ʃuðo,ʃuðeɪ,ʃuðoʊ
ʃu.he,ʃu.ho,ʃuhe,ʃuho,ʃuheɪ,ʃuhoʊ
ʃu.mu,ʃu.mi,ʃumu,ʃumi,ʃumu,ʃumi
ʃu.nu,ʃu.ni,ʃunu,ʃuni,ʃunu,ʃuni
ʃu.pu,ʃu.pi,ʃupu,ʃupi,ʃupu,ʃupi
ʃu.tu,ʃu.ti,ʃutu,ʃuti,ʃutu,ʃuti
ʃu.ku,ʃu.ki,ʃuku,ʃuki,ʃuku,ʃuki
ʃu.bu,ʃu.bi,ʃubu,ʃubi,ʃubu,ʃubi
ʃu.du,ʃu.di,ʃudu,ʃudi,ʃudu,ʃudi
ʃu.gu,ʃu.gi,ʃugu,ʃugi,ʃugu,ʃugi
ʃu.fu,ʃu.fi,ʃufu,ʃufi,ʃufu,ʃufi
ʃu.su,ʃu.si,ʃusu,ʃusi,ʃusu,ʃusi
ʃu.vu,ʃu.vi,ʃuvu,ʃuvi,ʃuvu,ʃuvi
ʃu.zu,ʃu.zi,ʃuzu,ʃuzi,ʃuzu,ʃuzi
ʃu.ʃu,ʃu.ʃi,ʃuʃu,ʃuʃi,ʃuʃu,ʃuʃi
ʃu.ʒu,ʃu.ʒi,ʃuʒu,ʃuʒi,ʃuʒu,ʃuʒi
ʃu.θu,ʃu.θi,ʃuθu,ʃuθi,ʃuθu,ʃuθi
ʃu.ðu,ʃu.ði,ʃuðu,ʃuði,ʃuðu,ʃuði
ʃu.hu,ʃu.hi,ʃuhu,ʃuhi,ʃuhu,ʃuhi
ʃu.mo,ʃu.me,ʃumo,ʃume,ʃumoʊ,ʃumeɪ
ʃu.no,ʃu.ne,ʃuno,ʃune,ʃunoʊ,ʃuneɪ
ʃu.po,ʃu.pe,ʃupo,ʃupe,ʃupoʊ,ʃupeɪ
ʃu.to,ʃu.te,ʃuto,ʃute,ʃutoʊ,ʃuteɪ
ʃu.ko,ʃu.ke,ʃuko,ʃuke,ʃukoʊ,ʃukeɪ
ʃu.bo,ʃu.be,ʃubo,ʃube,ʃuboʊ,ʃubeɪ
ʃu.do,ʃu.de,ʃudo,ʃude,ʃudoʊ,ʃudeɪ
ʃu.go,ʃu.ge,ʃugo,ʃuge,ʃugoʊ,ʃugeɪ
ʃu.fo,ʃu.fe,ʃufo,ʃufe,ʃufoʊ,ʃufeɪ
ʃu.so,ʃu.se,ʃuso,ʃuse,ʃusoʊ,ʃuseɪ
ʃu.vo,ʃu.ve,ʃuvo,ʃuve,ʃuvoʊ,ʃuveɪ
ʃu.zo,ʃu.ze,ʃuzo,ʃuze,ʃuzoʊ,ʃuzeɪ
ʃu.ʃo,ʃu.ʃe,ʃuʃo,ʃuʃe,ʃuʃoʊ,ʃuʃeɪ
ʃu.ʒo,ʃu.ʒe,ʃuʒo,ʃuʒe,ʃuʒoʊ,ʃuʒeɪ
ʃu.θo,ʃu.θe,ʃuθo,ʃuθe,ʃuθoʊ,ʃuθeɪ
ʃu.ðo,ʃu.ðe,ʃuðo,ʃuðe,ʃuðoʊ,ʃuðeɪ
ʃu.ho,ʃu.he,ʃuho,ʃuhe,ʃuhoʊ,ʃuheɪ
ʒu.mi,ʒu.mu,ʒumi,ʒumu,ʒumi,ʒumu
ʒu.ni,ʒu.nu,ʒuni,ʒunu,ʒuni,ʒunu
ʒu.pi,ʒu.pu,ʒupi,ʒupu,ʒupi,ʒupu
ʒu.ti,ʒu.tu,ʒuti,ʒutu,ʒuti,ʒutu
ʒu.ki,ʒu.ku,ʒuki,ʒuku,ʒuki,ʒuku
ʒu.bi,ʒu.bu,ʒubi,ʒubu,ʒubi,ʒubu
ʒu.di,ʒu.du,ʒudi,ʒudu,ʒudi,ʒudu
ʒu.gi,ʒu.gu,ʒugi,ʒugu,ʒugi,ʒugu
ʒu.fi,ʒu.fu,ʒufi,ʒufu,ʒufi,ʒufu
ʒu.si,ʒu.su,ʒusi,ʒusu,ʒusi,ʒusu
ʒu.vi,ʒu.vu,ʒuvi,ʒuvu,ʒuvi,ʒuvu
ʒu.zi,ʒu.zu,ʒuzi,ʒuzu,ʒuzi,ʒuzu
ʒu.ʃi,ʒu.ʃu,ʒuʃi,ʒuʃu,ʒuʃi,ʒuʃu
ʒu.ʒi,ʒu.ʒu,ʒuʒi,ʒuʒu,ʒuʒi,ʒuʒu
ʒu.θi,ʒu.θu,ʒuθi,ʒuθu,ʒuθi,ʒuθu
ʒu.ði,ʒu.ðu,ʒuði,ʒuðu,ʒuði,ʒuðu
ʒu.hi,ʒu.hu,ʒuhi,ʒuhu,ʒuhi,ʒuhu
ʒu.me,ʒu.mo,ʒume,ʒumo,ʒumeɪ,ʒumoʊ
ʒu.ne,ʒu.no,ʒune,ʒuno,ʒuneɪ,ʒunoʊ
ʒu.pe,ʒu.po,ʒupe,ʒupo,ʒupeɪ,ʒupoʊ
ʒu.te,ʒu.to,ʒute,ʒuto,ʒuteɪ,ʒutoʊ
ʒu.ke,ʒu.ko,ʒuke,ʒuko,ʒukeɪ,ʒukoʊ
ʒu.be,ʒu.bo,ʒube,ʒubo,ʒubeɪ,ʒuboʊ
ʒu.de,ʒu.do,ʒude,ʒudo,ʒudeɪ,ʒudoʊ
ʒu.ge,ʒu.go,ʒuge,ʒugo,ʒugeɪ,ʒugoʊ
ʒu.fe,ʒu.fo,ʒufe,ʒufo,ʒufeɪ,ʒufoʊ
ʒu.se,ʒu.so,ʒuse,ʒuso,ʒuseɪ,ʒusoʊ
ʒu.ve,ʒu.vo,ʒuve,ʒuvo,ʒuveɪ,ʒuvoʊ
ʒu.ze,ʒu.zo,ʒuze,ʒuzo,ʒuzeɪ,ʒuzoʊ
ʒu.ʃe,ʒu.ʃo,ʒuʃe,ʒuʃo,ʒuʃeɪ,ʒuʃoʊ
ʒu.ʒe,ʒu.ʒo,ʒuʒe,ʒuʒo,ʒuʒeɪ,ʒuʒoʊ
ʒu.θe,ʒu.θo,ʒuθe,ʒuθo,ʒuθeɪ,ʒuθoʊ
ʒu.ðe,ʒu.ðo,ʒuðe,ʒuðo,ʒuðeɪ,ʒuðoʊ
ʒu.he,ʒu.ho,ʒuhe,ʒuho,ʒuheɪ,ʒuhoʊ
ʒu.mu,ʒu.mi,ʒumu,ʒumi,ʒumu,ʒumi
ʒu.nu,ʒu.ni,ʒunu,ʒuni,ʒunu,ʒuni
ʒu.pu,ʒu.pi,ʒupu,ʒupi,ʒupu,ʒupi
ʒu.tu,ʒu.ti,ʒutu,ʒuti,ʒutu,ʒuti
ʒu.ku,ʒu.ki,ʒuku,ʒuki,ʒuku,ʒuki
ʒu.bu,ʒu.bi,ʒubu,ʒubi,ʒubu,ʒubi
ʒu.du,ʒu.di,ʒudu,ʒudi,ʒudu,ʒudi
ʒu.gu,ʒu.gi,ʒugu,ʒugi,ʒugu,ʒugi
ʒu.fu,ʒu.fi,ʒufu,ʒufi,ʒufu,ʒufi
ʒu.su,ʒu.si,ʒusu,ʒusi,ʒusu,ʒusi
ʒu.vu,ʒu.vi,ʒuvu,ʒuvi,ʒuvu,ʒuvi
ʒu.zu,ʒu.zi,ʒuzu,ʒuzi,ʒuzu,ʒuzi
ʒu.ʃu,ʒu.ʃi,ʒuʃu,ʒuʃi,ʒuʃu,ʒuʃi
ʒu.ʒu,ʒu.ʒi,ʒuʒu,ʒuʒi,ʒuʒu,ʒuʒi
ʒu.θu,ʒu.θi,ʒuθu,ʒuθi,ʒuθu,ʒuθi
ʒu.ðu,ʒu.ði,ʒuðu,ʒuði,ʒuðu,ʒuði
ʒu.hu,ʒu.hi,ʒuhu,ʒuhi,ʒuhu,ʒuhi
ʒu.mo,ʒu.me,ʒumo,ʒume,ʒumoʊ,ʒumeɪ
ʒu.no,ʒu.ne,ʒuno,ʒune,ʒunoʊ,ʒuneɪ
ʒu.po,ʒu.pe,ʒupo,ʒupe,ʒupoʊ,ʒupeɪ
ʒu.to,ʒu.te,ʒuto,ʒute,ʒutoʊ,ʒuteɪ
ʒu.ko,ʒu.ke,ʒuko,ʒuke,ʒukoʊ,ʒukeɪ
ʒu.bo,ʒu.be,ʒubo,ʒube,ʒuboʊ,ʒubeɪ
ʒu.do,ʒu.de,ʒudo,ʒude,ʒudoʊ,ʒudeɪ
ʒu.go,ʒu.ge,ʒugo,ʒuge,ʒugoʊ,ʒugeɪ
ʒu.fo,ʒu.fe,ʒufo,ʒufe,ʒufoʊ,ʒufeɪ
ʒu.so,ʒu.se,ʒuso,ʒuse,ʒusoʊ,ʒuseɪ
ʒu.vo,ʒu.ve,ʒuvo,ʒuve,ʒuvoʊ,ʒuveɪ
ʒu.zo,ʒu.ze,ʒuzo,ʒuze,ʒuzoʊ,ʒuzeɪ
ʒu.ʃo,ʒu.ʃe,ʒuʃo,ʒuʃe,ʒuʃoʊ,ʒuʃeɪ
ʒu.ʒo,ʒu.ʒe,ʒuʒo,ʒuʒe,ʒuʒoʊ,ʒuʒeɪ
ʒu.θo,ʒu.θe,ʒuθo,ʒuθe,ʒuθoʊ,ʒuθeɪ
ʒu.ðo,ʒu.ðe,ʒuðo,ʒuðe,ʒuðoʊ,ʒuðeɪ
ʒu.ho,ʒu.he,ʒuho,ʒuhe,ʒuhoʊ,ʒuheɪ
θu.mi,θu.mu,θumi,θumu,θumi,θumu
θu.ni,θu.nu,θuni,θunu,θuni,θunu
θu.pi,θu.pu,θupi,θupu,θupi,θupu
θu.ti,θu.tu,θuti,θutu,θuti,θutu
θu.ki,θu.ku,θuki,θuku,θuki,θuku
θu.bi,θu.bu,θubi,θubu,θubi,θubu
θu.di,θu.du,θudi,θudu,θudi,θudu
θu.gi,θu.gu,θugi,θugu,θugi,θugu
θu.fi,θu.fu,θufi,θufu,θufi,θufu
θu.si,θu.su,θusi,θusu,θusi,θusu
θu.vi,θu.vu,θuvi,θuvu,θuvi,θuvu
θu.zi,θu.zu,θuzi,θuzu,θuzi,θuzu
θu.ʃi,θu.ʃu,θuʃi,θuʃu,θuʃi,θuʃu
θu.ʒi,θu.ʒu,θuʒi,θuʒu,θuʒi,θuʒu
θu.θi,θu.θu,θuθi,θuθu,θuθi,θuθu
θu.ði,θu.ðu,θuði,θuðu,θuði,θuðu
θu.hi,θu.hu,θuhi,θuhu,θuhi,θuhu
θu.me,θu.mo,θume,θumo,θumeɪ,θumoʊ
θu.ne,θu.no,θune,θuno,θuneɪ,θunoʊ
θu.pe,θu.po,θupe,θupo,θupeɪ,θupoʊ
θu.te,θu.to,θute,θuto,θuteɪ,θutoʊ
θu.ke,θu.ko,θuke,θuko,θukeɪ,θukoʊ
θu.be,θu.bo,θube,θubo,θubeɪ,θuboʊ
θu.de,θu.do,θude,θudo,θudeɪ,θudoʊ
θu.ge,θu.go,θuge,θugo,θugeɪ,θugoʊ
θu.fe,θu.fo,θufe,θufo,θufeɪ,θufoʊ
θu.se,θu.so,θuse,θuso,θuseɪ,θusoʊ
θu.ve,θu.vo,θuve,θuvo,θuveɪ,θuvoʊ
θu.ze,θu.zo,θuze,θuzo,θuzeɪ,θuzoʊ
θu.ʃe,θu.ʃo,θuʃe,θuʃo,θuʃeɪ,θuʃoʊ
θu.ʒe,θu.ʒo,θuʒe,θuʒo,θuʒeɪ,θuʒoʊ
θu.θe,θu.θo,θuθe,θuθo,θuθeɪ,θuθoʊ
θu.ðe,θu.ðo,θuðe,θuðo,θuðeɪ,θuðoʊ
θu.he,θu.ho,θuhe,θuho,θuheɪ,θuhoʊ
θu.mu,θu.mi,θumu,θumi,θumu,θumi
θu.nu,θu.ni,θunu,θuni,θunu,θuni
θu.pu,θu.pi,θupu,θupi,θupu,θupi
θu.tu,θu.ti,θutu,θuti,θutu,θuti
θu.ku,θu.ki,θuku,θuki,θuku,θuki
θu.bu,θu.bi,θubu,θubi,θubu,θubi
θu.du,θu.di,θudu,θudi,θudu,θudi
θu.gu,θu.gi,θugu,θugi,θugu,θugi
θu.fu,θu.fi,θufu,θufi,θufu,θufi
θu.su,θu.si,θusu,θusi,θusu,θusi
θu.vu,θu.vi,θuvu,θuvi,θuvu,θuvi
θu.zu,θu.zi,θuzu,θuzi,θuzu,θuzi
θu.ʃu,θu.ʃi,θuʃu,θuʃi,θuʃu,θuʃi
θu.ʒu,θu.ʒi,θuʒu,θuʒi,θuʒu,θuʒi
θu.θu,θu.θi,θuθu,θuθi,θuθu,θuθi
θu.ðu,θu.ði,θuðu,θuði,θuðu,θuði
θu.hu,θu.hi,θuhu,θuhi,θuhu,θuhi
θu.mo,θu.me,θumo,θume,θumoʊ,θumeɪ
θu.no,θu.ne,θuno,θune,θunoʊ,θuneɪ
θu.po,θu.pe,θupo,θupe,θupoʊ,θupeɪ
θu.to,θu.te,θuto,θute,θutoʊ,θuteɪ
θu.ko,θu.ke,θuko,θuke,θukoʊ,θukeɪ
θu.bo,θu.be,θubo,θube,θuboʊ,θubeɪ
θu.do,θu.de,θudo,θude,θudoʊ,θudeɪ
θu.go,θu.ge,θugo,θuge,θugoʊ,θugeɪ
θu.fo,θu.fe,θufo,θufe,θufoʊ,θufeɪ
θu.so,θu.se,θuso,θuse,θusoʊ,θuseɪ
θu.vo,θu.ve,θuvo,θuve,θuvoʊ,θuveɪ
θu.zo,θu.ze,θuzo,θuze,θuzoʊ,θuzeɪ
θu.ʃo,θu.ʃe,θuʃo,θuʃe,θuʃoʊ,θuʃeɪ
θu.ʒo,θu.ʒe,θuʒo,θuʒe,θuʒoʊ,θuʒeɪ
θu.θo,θu.θe,θuθo,θuθe,θuθoʊ,θuθeɪ
θu.ðo,θu.ðe,θuðo,θuðe,θuðoʊ,θuðeɪ
θu.ho,θu.he,θuho,θuhe,θuhoʊ,θuheɪ
ðu.mi,ðu.mu,ðumi,ðumu,ðumi,ðumu
ðu.ni,ðu.nu,ðuni,ðunu,ðuni,ðunu
ðu.pi,ðu.pu,ðupi,ðupu,ðupi,ðupu
ðu.ti,ðu.tu,ðuti,ðutu,ðuti,ðutu
ðu.ki,ðu.ku,ðuki,ðuku,ðuki,ðuku
ðu.bi,ðu.bu,ðubi,ðubu,ðubi,ðubu
ðu.di,ðu.du,ðudi,ðudu,ðudi,ðudu
ðu.gi,ðu.gu,ðugi,ðugu,ðugi,ðugu
ðu.fi,ðu.fu,ðufi,ðufu,ðufi,ðufu
ðu.si,ðu.su,ðusi,ðusu,ðusi,ðusu
ðu.vi,ðu.vu,ðuvi,ðuvu,ðuvi,ðuvu
ðu.zi,ðu.zu,ðuzi,ðuzu,ðuzi,ðuzu
ðu.ʃi,ðu.ʃu,ðuʃi,ðuʃu,ðuʃi,ðuʃu
ðu.ʒi,ðu.ʒu,ðuʒi,ðuʒu,ðuʒi,ðuʒu
ðu.θi,ðu.θu,ðuθi,ðuθu,ðuθi,ðuθu
ðu.ði,ðu.ðu,ðuði,ðuðu,ðuði,ðuðu
ðu.hi,ðu.hu,ðuhi,ðuhu,ðuhi,ðuhu
ðu.me,ðu.mo,ðume,ðumo,ðumeɪ,ðumoʊ
ðu.ne,ðu.no,ðune,ðuno,ðuneɪ,ðunoʊ
ðu.pe,ðu.po,ðupe,ðupo,ðupeɪ,ðupoʊ
ðu.te,ðu.to,ðute,ðuto,ðuteɪ,ðutoʊ
ðu.ke,ðu.ko,ðuke,ðuko,ðukeɪ,ðukoʊ
ðu.be,ðu.bo,ðube,ðubo,ðubeɪ,ðuboʊ
ðu.de,ðu.do,ðude,ðudo,ðudeɪ,ðudoʊ
ðu.ge,ðu.go,ðuge,ðugo,ðugeɪ,ðugoʊ
ðu.fe,ðu.fo,ðufe,ðufo,ðufeɪ,ðufoʊ
ðu.se,ðu.so,ðuse,ðuso,ðuseɪ,ðusoʊ
ðu.ve,ðu.vo,ðuve,ðuvo,ðuveɪ,ðuvoʊ
ðu.ze,ðu.zo,ðuze,ðuzo,ðuzeɪ,ðuzoʊ
ðu.ʃe,ðu.ʃo,ðuʃe,ðuʃo,ðuʃeɪ,ðuʃoʊ
ðu.ʒe,ðu.ʒo,ðuʒe,ðuʒo,ðuʒeɪ,ðuʒoʊ
ðu.θe,ðu.θo,ðuθe,ðuθo,ðuθeɪ,ðuθoʊ
ðu.ðe,ðu.ðo,ðuðe,ðuðo,ðuðeɪ,ðuðoʊ
ðu.he,ðu.ho,ðuhe,ðuho,ðuheɪ,ðuhoʊ
ðu.mu,ðu.mi,ðumu,ðumi,ðumu,ðumi
ðu.nu,ðu.ni,ðunu,ðuni,ðunu,ðuni
ðu.pu,ðu.pi,ðupu,ðupi,ðupu,ðupi
ðu.tu,ðu.ti,ðutu,ðuti,ðutu,ðuti
ðu.ku,ðu.ki,ðuku,ðuki,ðuku,ðuki
ðu.bu,ðu.bi,ðubu,ðubi,ðubu,ðubi
ðu.du,ðu.di,ðudu,ðudi,ðudu,ðudi
ðu.gu,ðu.gi,ðugu,ðugi,ðugu,ðugi
ðu.fu,ðu.fi,ðufu,ðufi,ðufu,ðufi
ðu.su,ðu.si,ðusu,ðusi,ðusu,ðusi
ðu.vu,ðu.vi,ðuvu,ðuvi,ðuvu,ðuvi
ðu.zu,ðu.zi,ðuzu,ðuzi,ðuzu,ðuzi
ðu.ʃu,ðu.ʃi,ðuʃu,ðuʃi,ðuʃu,ðuʃi
ðu.ʒu,ðu.ʒi,ðuʒu,ðuʒi,ðuʒu,ðuʒi
ðu.θu,ðu.θi,ðuθu,ðuθi,ðuθu,ðuθi
ðu.ðu,ðu.ði,ðuðu,ðuði,ðuðu,ðuði
ðu.hu,ðu.hi,ðuhu,ðuhi,ðuhu,ðuhi
ðu.mo,ðu.me,ðumo,ðume,ðumoʊ,ðumeɪ
ðu.no,ðu.ne,ðuno,ðune,ðunoʊ,ðuneɪ
ðu.po,ðu.pe,ðupo,ðupe,ðupoʊ,ðupeɪ
ðu.to,ðu.te,ðuto,ðute,ðutoʊ,ðuteɪ
ðu.ko,ðu.ke,ðuko,ðuke,ðukoʊ,ðukeɪ
ðu.bo,ðu.be,ðubo,ðube,ðuboʊ,ðubeɪ
ðu.do,ðu.de,ðudo,ðude,ðudoʊ,ðudeɪ
ðu.go,ðu.ge,ðugo,ðuge,ðugoʊ,ðugeɪ
ðu.fo,ðu.fe,ðufo,ðufe,ðufoʊ,ðufeɪ
ðu.so,ðu.se,ðuso,ðuse,ðusoʊ,ðuseɪ
ðu.vo,ðu.ve,ðuvo,ðuve,ðuvoʊ,ðuveɪ
ðu.zo,ðu.ze,ðuzo,ðuze,ðuzoʊ,ðuzeɪ
ðu.ʃo,ðu.ʃe,ðuʃo,ðuʃe,ðuʃoʊ,ðuʃeɪ
ðu.ʒo,ðu.ʒe,ðuʒo,ðuʒe,ðuʒoʊ,ðuʒeɪ
ðu.θo,ðu.θe,ðuθo,ðuθe,ðuθoʊ,ðuθeɪ
ðu.ðo,ðu.ðe,ðuðo,ðuðe,ðuðoʊ,ðuðeɪ
ðu.ho,ðu.he,ðuho,ðuhe,ðuhoʊ,ðuheɪ
hu.mi,hu.mu,humi,humu,humi,humu
hu.ni,hu.nu,huni,hunu,huni,hunu
hu.pi,hu.pu,hupi,hupu,hupi,hupu
hu.ti,hu.tu,huti,hutu,huti,hutu
hu.ki,hu.ku,huki,huku,huki,huku
hu.bi,hu.bu,hubi,hubu,hubi,hubu
hu.di,hu.du,hudi,hudu,hudi,hudu
hu.gi,hu.gu,hugi,hugu,hugi,hugu
hu.fi,hu.fu,hufi,hufu,hufi,hufu
hu.si,hu.su,husi,husu,husi,husu
hu.vi,hu.vu,huvi,huvu,huvi,huvu
hu.zi,hu.zu,huzi,huzu,huzi,huzu
hu.ʃi,hu.ʃu,huʃi,huʃu,huʃi,huʃu
hu.ʒi,hu.ʒu,huʒi,huʒu,huʒi,huʒu
hu.θi,hu.θu,huθi,huθu,huθi,huθu
hu.ði,hu.ðu,huði,huðu,huði,huðu
hu.hi,hu.hu,huhi,huhu,huhi,huhu
hu.me,hu.mo,hume,humo,humeɪ,humoʊ
hu.ne,hu.no,hune,huno,huneɪ,hunoʊ
hu.pe,hu.po,hupe,hupo,hupeɪ,hupoʊ
hu.te,hu.to,hute,huto,huteɪ,hutoʊ
hu.ke,hu.ko,huke,huko,hukeɪ,hukoʊ
hu.be,hu.bo,hube,hubo,hubeɪ,huboʊ
hu.de,hu.do,hude,hudo,hudeɪ,hudoʊ
hu.ge,hu.go,huge,hugo,hugeɪ,hugoʊ
hu.fe,hu.fo,hufe,hufo,hufeɪ,hufoʊ
hu.se,hu.so,huse,huso,huseɪ,husoʊ
hu.ve,hu.vo,huve,huvo,huveɪ,huvoʊ
hu.ze,hu.zo,huze,huzo,huzeɪ,huzoʊ
hu.ʃe,hu.ʃo,huʃe,huʃo,huʃeɪ,huʃoʊ
hu.ʒe,hu.ʒo,huʒe,huʒo,huʒeɪ,huʒoʊ
hu.θe,hu.θo,huθe,huθo,huθeɪ,huθoʊ
hu.ðe,hu.ðo,huðe,huðo,huðeɪ,huðoʊ
hu.he,hu.ho,huhe,huho,huheɪ,huhoʊ
hu.mu,hu.mi,humu,humi,humu,humi
hu.nu,hu.ni,hunu,huni,hunu,huni
hu.pu,hu.pi,hupu,hupi,hupu,hupi
hu.tu,hu.ti,hutu,huti,hutu,huti
hu.ku,hu.ki,huku,huki,huku,huki
hu.bu,hu.bi,hubu,hubi,hubu,hubi
hu.du,hu.di,hudu,hudi,hudu,hudi
hu.gu,hu.gi,hugu,hugi,hugu,hugi
hu.fu,hu.fi,hufu,hufi,hufu,hufi
hu.su,hu.si,husu,husi,husu,husi
hu.vu,hu.vi,huvu,huvi,huvu,huvi
hu.zu,hu.zi,huzu,huzi,huzu,huzi
hu.ʃu,hu.ʃi,huʃu,huʃi,huʃu,huʃi
hu.ʒu,hu.ʒi,huʒu,huʒi,huʒu,huʒi
hu.θu,hu.θi,huθu,huθi,huθu,huθi
hu.ðu,hu.ði,huðu,huði,huðu,huði
hu.hu,hu.hi,huhu,huhi,huhu,huhi
hu.mo,hu.me,humo,hume,humoʊ,humeɪ
hu.no,hu.ne,huno,hune,hunoʊ,huneɪ
hu.po,hu.pe,hupo,hupe,hupoʊ,hupeɪ
hu.to,hu.te,huto,hute,hutoʊ,huteɪ
hu.ko,hu.ke,huko,huke,hukoʊ,hukeɪ
hu.bo,hu.be,hubo,hube,huboʊ,hubeɪ
hu.do,hu.de,hudo,hude,hudoʊ,hudeɪ
hu.go,hu.ge,hugo,huge,hugoʊ,hugeɪ
hu.fo,hu.fe,hufo,hufe,hufoʊ,hufeɪ
hu.so,hu.se,huso,huse,husoʊ,huseɪ
hu.vo,hu.ve,huvo,huve,huvoʊ,huveɪ
hu.zo,hu.ze,huzo,huze,huzoʊ,huzeɪ
hu.ʃo,hu.ʃe,huʃo,huʃe,huʃoʊ,huʃeɪ
hu.ʒo,hu.ʒe,huʒo,huʒe,huʒoʊ,huʒeɪ
hu.θo,hu.θe,huθo,huθe,huθoʊ,huθeɪ
hu.ðo,hu.ðe,huðo,huðe,huðoʊ,huðeɪ
hu.ho,hu.he,huho,huhe,huhoʊ,huheɪ
mo.mi,mo.mu,momi,momu,moʊmi,moʊmu
mo.ni,mo.nu,moni,monu,moʊni,moʊnu
mo.pi,mo.pu,mopi,mopu,moʊpi,moʊpu
mo.ti,mo.tu,moti,motu,moʊti,moʊtu
mo.ki,mo.ku,moki,moku,moʊki,moʊku
mo.bi,mo.bu,mobi,mobu,moʊbi,moʊbu
mo.di,mo.du,modi,modu,moʊdi,moʊdu
mo.gi,mo.gu,mogi,mogu,moʊgi,moʊgu
mo.fi,mo.fu,mofi,mofu,moʊfi,moʊfu
mo.si,mo.su,mosi,mosu,moʊsi,moʊsu
mo.vi,mo.vu,movi,movu,moʊvi,moʊvu
mo.zi,mo.zu,mozi,mozu,moʊzi,moʊzu
mo.ʃi,mo.ʃu,moʃi,moʃu,moʊʃi,moʊʃu
mo.ʒi,mo.ʒu,moʒi,moʒu,moʊʒi,moʊʒu
mo.θi,mo.θu,moθi,moθu,moʊθi,moʊθu
mo.ði,mo.ðu,moði,moðu,moʊði,moʊðu
mo.hi,mo.hu,mohi,mohu,moʊhi,moʊhu
mo.me,mo.mo,mome,momo,moʊmeɪ,moʊmoʊ
mo.ne,mo.no,mone,mono,moʊneɪ,moʊnoʊ
mo.pe,mo.po,mope,mopo,moʊpeɪ,moʊpoʊ
mo.te,mo.to,mote,moto,moʊteɪ,moʊtoʊ
mo.ke,mo.ko,moke,moko,moʊkeɪ,moʊkoʊ
mo.be,mo.bo,mobe,mobo,moʊbeɪ,moʊboʊ
mo.de,mo.do,mode,modo,moʊdeɪ,moʊdoʊ
mo.ge,mo.go,moge,mogo,moʊgeɪ,moʊgoʊ
mo.fe,mo.fo,mofe,mofo,moʊfeɪ,moʊfoʊ
mo.se,mo.so,mose,moso,moʊseɪ,moʊsoʊ
mo.ve,mo.vo,move,movo,moʊveɪ,moʊvoʊ
mo.ze,mo.zo,moze,mozo,moʊzeɪ,moʊzoʊ
mo.ʃe,mo.ʃo,moʃe,moʃo,moʊʃeɪ,moʊʃoʊ
mo.ʒe,mo.ʒo,moʒe,moʒo,moʊʒeɪ,moʊʒoʊ
mo.θe,mo.θo,moθe,moθo,moʊθeɪ,moʊθoʊ
mo.ðe,mo.ðo,moðe,moðo,moʊðeɪ,moʊðoʊ
mo.he,mo.ho,mohe,moho,moʊheɪ,moʊhoʊ
mo.mu,mo.mi,momu,momi,moʊmu,moʊmi
mo.nu,mo.ni,monu,moni,moʊnu,moʊni
mo.pu,mo.pi,mopu,mopi,moʊpu,moʊpi
mo.tu,mo.ti,motu,moti,moʊtu,moʊti
mo.ku,mo.ki,moku,moki,moʊku,moʊki
mo.bu,mo.bi,mobu,mobi,moʊbu,moʊbi
mo.du,mo.di,modu,modi,moʊdu,moʊdi
mo.gu,mo.gi,mogu,mogi,moʊgu,moʊgi
mo.fu,mo.fi,mofu,mofi,moʊfu,moʊfi
mo.su,mo.si,mosu,mosi,moʊsu,moʊsi
mo.vu,mo.vi,movu,movi,moʊvu,moʊvi
mo.zu,mo.zi,mozu,mozi,moʊzu,moʊzi
mo.ʃu,mo.ʃi,moʃu,moʃi,moʊʃu,moʊʃi
mo.ʒu,mo.ʒi,moʒu,moʒi,moʊʒu,moʊʒi
mo.θu,mo.θi,moθu,moθi,moʊθu,moʊθi
mo.ðu,mo.ði,moðu,moði,moʊðu,moʊði
mo.hu,mo.hi,mohu,mohi,moʊhu,moʊhi
mo.mo,mo.me,momo,mome,moʊmoʊ,moʊmeɪ
mo.no,mo.ne,mono,mone,moʊnoʊ,moʊneɪ
mo.po,mo.pe,mopo,mope,moʊpoʊ,moʊpeɪ
mo.to,mo.te,moto,mote,moʊtoʊ,moʊteɪ
mo.ko,mo.ke,moko,moke,moʊkoʊ,moʊkeɪ
mo.bo,mo.be,mobo,mobe,moʊboʊ,moʊbeɪ
mo.do,mo.de,modo,mode,moʊdoʊ,moʊdeɪ
mo.go,mo.ge,mogo,moge,moʊgoʊ,moʊgeɪ
mo.fo,mo.fe,mofo,mofe,moʊfoʊ,moʊfeɪ
mo.so,mo.se,moso,mose,moʊsoʊ,moʊseɪ
mo.vo,mo.ve,movo,move,moʊvoʊ,moʊveɪ
mo.zo,mo.ze,mozo,moze,moʊzoʊ,moʊzeɪ
mo.ʃo,mo.ʃe,moʃo,moʃe,moʊʃoʊ,moʊʃeɪ
mo.ʒo,mo.ʒe,moʒo,moʒe,moʊʒoʊ,moʊʒeɪ
mo.θo,mo.θe,moθo,moθe,moʊθoʊ,moʊθeɪ
mo.ðo,mo.ðe,moðo,moðe,moʊðoʊ,moʊðeɪ
mo.ho,mo.he,moho,mohe,moʊhoʊ,moʊheɪ
no.mi,no.mu,nomi,nomu,noʊmi,noʊmu
no.ni,no.nu,noni,nonu,noʊni,noʊnu
no.pi,no.pu,nopi,nopu,noʊpi,noʊpu
no.ti,no.tu,noti,notu,noʊti,noʊtu
no.ki,no.ku,noki,noku,noʊki,noʊku
no.bi,no.bu,nobi,nobu,noʊbi,noʊbu
no.di,no.du,nodi,nodu,noʊdi,noʊdu
no.gi,no.gu,nogi,nogu,noʊgi,noʊgu
no.fi,no.fu,nofi,nofu,noʊfi,noʊfu
no.si,no.su,nosi,nosu,noʊsi,noʊsu
no.vi,no.vu,novi,novu,noʊvi,noʊvu
no.zi,no.zu,nozi,nozu,noʊzi,noʊzu
no.ʃi,no.ʃu,noʃi,noʃu,noʊʃi,noʊʃu
no.ʒi,no.ʒu,noʒi,noʒu,noʊʒi,noʊʒu
no.θi,no.θu,noθi,noθu,noʊθi,noʊθu
no.ði,no.ðu,noði,noðu,noʊði,noʊðu
no.hi,no.hu,nohi,nohu,noʊhi,noʊhu
no.me,no.mo,nome,nomo,noʊmeɪ,noʊmoʊ
no.ne,no.no,none,nono,noʊneɪ,noʊnoʊ
no.pe,no.po,nope,nopo,noʊpeɪ,noʊpoʊ
no.te,no.to,note,noto,noʊteɪ,noʊtoʊ
no.ke,no.ko,noke,noko,noʊkeɪ,noʊkoʊ
no.be,no.bo,nobe,nobo,noʊbeɪ,noʊboʊ
no.de,no.do,node,nodo,noʊdeɪ,noʊdoʊ
no.ge,no.go,noge,nogo,noʊgeɪ,noʊgoʊ
no.fe,no.fo,nofe,nofo,noʊfeɪ,noʊfoʊ
no.se,no.so,nose,noso,noʊseɪ,noʊsoʊ
no.ve,no.vo,nove,novo,noʊveɪ,noʊvoʊ
no.ze,no.zo,noze,nozo,noʊzeɪ,noʊzoʊ
no.ʃe,no.ʃo,noʃe,noʃo,noʊʃeɪ,noʊʃoʊ
no.ʒe,no.ʒo,noʒe,noʒo,noʊʒeɪ,noʊʒoʊ
no.θe,no.θo,noθe,noθo,noʊθeɪ,noʊθoʊ
no.ðe,no.ðo,noðe,noðo,noʊðeɪ,noʊðoʊ
no.he,no.ho,nohe,noho,noʊheɪ,noʊhoʊ
no.mu,no.mi,nomu,nomi,noʊmu,noʊmi
no.nu,no.ni,nonu,noni,noʊnu,noʊni
no.pu,no.pi,nopu,nopi,noʊpu,noʊpi
no.tu,no.ti,notu,noti,noʊtu,noʊti
no.ku,no.ki,noku,noki,noʊku,noʊki
no.bu,no.bi,nobu,nobi,noʊbu,noʊbi
no.du,no.di,nodu,nodi,noʊdu,noʊdi
no.gu,no.gi,nogu,nogi,noʊgu,noʊgi
no.fu,no.fi,nofu,nofi,noʊfu,noʊfi
no.su,no.si,nosu,nosi,noʊsu,noʊsi
no.vu,no.vi,novu,novi,noʊvu,noʊvi
no.zu,no.zi,nozu,nozi,noʊzu,noʊzi
no.ʃu,no.ʃi,noʃu,noʃi,noʊʃu,noʊʃi
no.ʒu,no.ʒi,noʒu,noʒi,noʊʒu,noʊʒi
no.θu,no.θi,noθu,noθi,noʊθu,noʊθi
no.ðu,no.ði,noðu,noði,noʊðu,noʊði
no.hu,no.hi,nohu,nohi,noʊhu,noʊhi
no.mo,no.me,nomo,nome,noʊmoʊ,noʊmeɪ
no.no,no.ne,nono,none,noʊnoʊ,noʊneɪ
no.po,no.pe,nopo,nope,noʊpoʊ,noʊpeɪ
no.to,no.te,noto,note,noʊtoʊ,noʊteɪ
no.ko,no.ke,noko,noke,noʊkoʊ,noʊkeɪ
no.bo,no.be,nobo,nobe,noʊboʊ,noʊbeɪ
no.do,no.de,nodo,node,noʊdoʊ,noʊdeɪ
no.go,no.ge,nogo,noge,noʊgoʊ,noʊgeɪ
no.fo,no.fe,nofo,nofe,noʊfoʊ,noʊfeɪ
no.so,no.se,noso,nose,noʊsoʊ,noʊseɪ
no.vo,no.ve,novo,nove,noʊvoʊ,noʊveɪ
no.zo,no.ze,nozo,noze,noʊzoʊ,noʊzeɪ
no.ʃo,no.ʃe,noʃo,noʃe,noʊʃoʊ,noʊʃeɪ
no.ʒo,no.ʒe,noʒo,noʒe,noʊʒoʊ,noʊʒeɪ
no.θo,no.θe,noθo,noθe,noʊθoʊ,noʊθeɪ
no.ðo,no.ðe,noðo,noðe,noʊðoʊ,noʊðeɪ
no.ho,no.he,noho,nohe,noʊhoʊ,noʊheɪ
po.mi,po.mu,pomi,pomu,poʊmi,poʊmu
po.ni,po.nu,poni,ponu,poʊni,poʊnu
po.pi,po.pu,popi,popu,poʊpi,poʊpu
po.ti,po.tu,poti,potu,poʊti,poʊtu
po.ki,po.ku,poki,poku,poʊki,poʊku
po.bi,po.bu,pobi,pobu,poʊbi,poʊbu
po.di,po.du,podi,podu,poʊdi,poʊdu
po.gi,po.gu,pogi,pogu,poʊgi,poʊgu
po.fi,po.fu,pofi,pofu,poʊfi,poʊfu
po.si,po.su,posi,posu,poʊsi,poʊsu
po.vi,po.vu,povi,povu,poʊvi,poʊvu
po.zi,po.zu,pozi,pozu,poʊzi,poʊzu
po.ʃi,po.ʃu,poʃi,poʃu,poʊʃi,poʊʃu
po.ʒi,po.ʒu,poʒi,poʒu,poʊʒi,poʊʒu
po.θi,po.θu,poθi,poθu,poʊθi,poʊθu
po.ði,po.ðu,poði,poðu,poʊði,poʊðu
po.hi,po.hu,pohi,pohu,poʊhi,poʊhu
po.me,po.mo,pome,pomo,poʊmeɪ,poʊmoʊ
po.ne,po.no,pone,pono,poʊneɪ,poʊnoʊ
po.pe,po.po,pope,popo,poʊpeɪ,poʊpoʊ
po.te,po.to,pote,poto,poʊteɪ,poʊtoʊ
po.ke,po.ko,poke,poko,poʊkeɪ,poʊkoʊ
po.be,po.bo,pobe,pobo,poʊbeɪ,poʊboʊ
po.de,po.do,pode,podo,poʊdeɪ,poʊdoʊ
po.ge,po.go,poge,pogo,poʊgeɪ,poʊgoʊ
po.fe,po.fo,pofe,pofo,poʊfeɪ,poʊfoʊ
po.se,po.so,pose,poso,poʊseɪ,poʊsoʊ
po.ve,po.vo,pove,povo,poʊveɪ,poʊvoʊ
po.ze,po.zo,poze,pozo,poʊzeɪ,poʊzoʊ
po.ʃe,po.ʃo,poʃe,poʃo,poʊʃeɪ,poʊʃoʊ
po.ʒe,po.ʒo,poʒe,poʒo,poʊʒeɪ,poʊʒoʊ
po.θe,po.θo,poθe,poθo,poʊθeɪ,poʊθoʊ
po.ðe,po.ðo,poðe,poðo,poʊðeɪ,poʊðoʊ
po.he,po.ho,pohe,poho,poʊheɪ,poʊhoʊ
po.mu,po.mi,pomu,pomi,poʊmu,poʊmi
po.nu,po.ni,ponu,poni,poʊnu,poʊni
po.pu,po.pi,popu,popi,poʊpu,poʊpi
po.tu,po.ti,potu,poti,poʊtu,poʊti
po.ku,po.ki,poku,poki,poʊku,poʊki
po.bu,po.bi,pobu,pobi,poʊbu,poʊbi
po.du,po.di,podu,podi,poʊdu,poʊdi
po.gu,po.gi,pogu,pogi,poʊgu,poʊgi
po.fu,po.fi,pofu,pofi,poʊfu,poʊfi
po.su,po.si,posu,posi,poʊsu,poʊsi
po.vu,po.vi,povu,povi,poʊvu,poʊvi
po.zu,po.zi,pozu,pozi,poʊzu,poʊzi
po.ʃu,po.ʃi,poʃu,poʃi,poʊʃu,poʊʃi
po.ʒu,po.ʒi,poʒu,poʒi,poʊʒu,poʊʒi
po.θu,po.θi,poθu,poθi,poʊθu,poʊθi
po.ðu,po.ði,poðu,poði,poʊðu,poʊði
po.hu,po.hi,pohu,pohi,poʊhu,poʊhi
po.mo,po.me,pomo,pome,poʊmoʊ,poʊmeɪ
po.no,po.ne,pono,pone,poʊnoʊ,poʊneɪ
po.po,po.pe,popo,pope,poʊpoʊ,poʊpeɪ
po.to,po.te,poto,pote,poʊtoʊ,poʊteɪ
po.ko,po.ke,poko,poke,poʊkoʊ,poʊkeɪ
po.bo,po.be,pobo,pobe,poʊboʊ,poʊbeɪ
po.do,po.de,podo,pode,poʊdoʊ,poʊdeɪ
po.go,po.ge,pogo,poge,poʊgoʊ,poʊgeɪ
po.fo,po.fe,pofo,pofe,poʊfoʊ,poʊfeɪ
po.so,po.se,poso,pose,poʊsoʊ,poʊseɪ
po.vo,po.ve,povo,pove,poʊvoʊ,poʊveɪ
po.zo,po.ze,pozo,poze,poʊzoʊ,poʊzeɪ
po.ʃo,po.ʃe,poʃo,poʃe,poʊʃoʊ,poʊʃeɪ
po.ʒo,po.ʒe,poʒo,poʒe,poʊʒoʊ,poʊʒeɪ
po.θo,po.θe,poθo,poθe,poʊθoʊ,poʊθeɪ
po.ðo,po.ðe,poðo,poðe,poʊðoʊ,poʊðeɪ
po.ho,po.he,poho,pohe,poʊhoʊ,poʊheɪ
to.mi,to.mu,tomi,tomu,toʊmi,toʊmu
to.ni,to.nu,toni,tonu,toʊni,toʊnu
to.pi,to.pu,topi,topu,toʊpi,toʊpu
to.ti,to.tu,toti,totu,toʊti,toʊtu
to.ki,to.ku,toki,toku,toʊki,toʊku
to.bi,to.bu,tobi,tobu,toʊbi,toʊbu
to.di,to.du,todi,todu,toʊdi,toʊdu
to.gi,to.gu,togi,togu,toʊgi,toʊgu
to.fi,to.fu,tofi,tofu,toʊfi,toʊfu
to.si,to.su,tosi,tosu,toʊsi,toʊsu
to.vi,to.vu,tovi,tovu,toʊvi,toʊvu
to.zi,to.zu,tozi,tozu,toʊzi,toʊzu
to.ʃi,to.ʃu,toʃi,toʃu,toʊʃi,toʊʃu
to.ʒi,to.ʒu,toʒi,toʒu,toʊʒi,toʊʒu
to.θi,to.θu,toθi,toθu,toʊθi,toʊθu
to.ði,to.ðu,toði,toðu,toʊði,toʊðu
to.hi,to.hu,tohi,tohu,toʊhi,toʊhu
to.me,to.mo,tome,tomo,toʊmeɪ,toʊmoʊ
to.ne,to.no,tone,tono,toʊneɪ,toʊnoʊ
to.pe,to.po,tope,topo,toʊpeɪ,toʊpoʊ
to.te,to.to,tote,toto,toʊteɪ,toʊtoʊ
to.ke,to.ko,toke,toko,toʊkeɪ,toʊkoʊ
to.be,to.bo,tobe,tobo,toʊbeɪ,toʊboʊ
to.de,to.do,tode,todo,toʊdeɪ,toʊdoʊ
to.ge,to.go,toge,togo,toʊgeɪ,toʊgoʊ
to.fe,to.fo,tofe,tofo,toʊfeɪ,toʊfoʊ
to.se,to.so,tose,toso,toʊseɪ,toʊsoʊ
to.ve,to.vo,tove,tovo,toʊveɪ,toʊvoʊ
to.ze,to.zo,toze,tozo,toʊzeɪ,toʊzoʊ
to.ʃe,to.ʃo,toʃe,toʃo,toʊʃeɪ,toʊʃoʊ
to.ʒe,to.ʒo,toʒe,toʒo,toʊʒeɪ,toʊʒoʊ
to.θe,to.θo,toθe,toθo,toʊθeɪ,toʊθoʊ
to.ðe,to.ðo,toðe,toðo,toʊðeɪ,toʊðoʊ
to.he,to.ho,tohe,toho,toʊheɪ,toʊhoʊ
to.mu,to.mi,tomu,tomi,toʊmu,toʊmi
to.nu,to.ni,tonu,toni,toʊnu,toʊni
to.pu,to.pi,topu,topi,toʊpu,toʊpi
to.tu,to.ti,totu,toti,toʊtu,toʊti
to.ku,to.ki,toku,toki,toʊku,toʊki
to.bu,to.bi,tobu,tobi,toʊbu,toʊbi
to.du,to.di,todu,todi,toʊdu,toʊdi
to.gu,to.gi,togu,togi,toʊgu,toʊgi
to.fu,to.fi,tofu,tofi,toʊfu,toʊfi
to.su,to.si,tosu,tosi,toʊsu,toʊsi
to.vu,to.vi,tovu,tovi,toʊvu,toʊvi
to.zu,to.zi,tozu,tozi,toʊzu,toʊzi
to.ʃu,to.ʃi,toʃu,toʃi,toʊʃu,toʊʃi
to.ʒu,to.ʒi,toʒu,toʒi,toʊʒu,toʊʒi
to.θu,to.θi,toθu,toθi,toʊθu,toʊθi
to.ðu,to.ði,toðu,toði,toʊðu,toʊði
to.hu,to.hi,tohu,tohi,toʊhu,toʊhi
to.mo,to.me,tomo,tome,toʊmoʊ,toʊmeɪ
to.no,to.ne,tono,tone,toʊnoʊ,toʊneɪ
to.po,to.pe,topo,tope,toʊpoʊ,toʊpeɪ
to.to,to.te,toto,tote,toʊtoʊ,toʊteɪ
to.ko,to.ke,toko,toke,toʊkoʊ,toʊkeɪ
to.bo,to.be,tobo,tobe,toʊboʊ,toʊbeɪ
to.do,to.de,todo,tode,toʊdoʊ,toʊdeɪ
to.go,to.ge,togo,toge,toʊgoʊ,toʊgeɪ
to.fo,to.fe,tofo,tofe,toʊfoʊ,toʊfeɪ
to.so,to.se,toso,tose,toʊsoʊ,toʊseɪ
to.vo,to.ve,tovo,tove,toʊvoʊ,toʊveɪ
to.zo,to.ze,tozo,toze,toʊzoʊ,toʊzeɪ
to.ʃo,to.ʃe,toʃo,toʃe,toʊʃoʊ,toʊʃeɪ
to.ʒo,to.ʒe,toʒo,toʒe,toʊʒoʊ,toʊʒeɪ
to.θo,to.θe,toθo,toθe,toʊθoʊ,toʊθeɪ
to.ðo,to.ðe,toðo,toðe,toʊðoʊ,toʊðeɪ
to.ho,to.he,toho,tohe,toʊhoʊ,toʊheɪ
ko.mi,ko.mu,komi,komu,koʊmi,koʊmu
ko.ni,ko.nu,koni,konu,koʊni,koʊnu
ko.pi,ko.pu,kopi,kopu,koʊpi,koʊpu
ko.ti,ko.tu,koti,kotu,koʊti,koʊtu
ko.ki,ko.ku,koki,koku,koʊki,koʊku
ko.bi,ko.bu,kobi,kobu,koʊbi,koʊbu
ko.di,ko.du,kodi,kodu,koʊdi,koʊdu
ko.gi,ko.gu,kogi,kogu,koʊgi,koʊgu
ko.fi,ko.fu,kofi,kofu,koʊfi,koʊfu
ko.si,ko.su,kosi,kosu,koʊsi,koʊsu
ko.vi,ko.vu,kovi,kovu,koʊvi,koʊvu
ko.zi,ko.zu,kozi,kozu,koʊzi,koʊzu
ko.ʃi,ko.ʃu,koʃi,koʃu,koʊʃi,koʊʃu
ko.ʒi,ko.ʒu,koʒi,koʒu,koʊʒi,koʊʒu
ko.θi,ko.θu,koθi,koθu,koʊθi,koʊθu
ko.ði,ko.ðu,koði,koðu,koʊði,koʊðu
ko.hi,ko.hu,kohi,kohu,koʊhi,koʊhu
ko.me,ko.mo,kome,komo,koʊmeɪ,koʊmoʊ
ko.ne,ko.no,kone,kono,koʊneɪ,koʊnoʊ
ko.pe,ko.po,kope,kopo,koʊpeɪ,koʊpoʊ
ko.te,ko.to,kote,koto,koʊteɪ,koʊtoʊ
ko.ke,ko.ko,koke,koko,koʊkeɪ,koʊkoʊ
ko.be,ko.bo,kobe,kobo,koʊbeɪ,koʊboʊ
ko.de,ko.do,kode,kodo,koʊdeɪ,koʊdoʊ
ko.ge,ko.go,koge,kogo,koʊgeɪ,koʊgoʊ
ko.fe,ko.fo,kofe,kofo,koʊfeɪ,koʊfoʊ
ko.se,ko.so,kose,koso,koʊseɪ,koʊsoʊ
ko.ve,ko.vo,kove,kovo,koʊveɪ,koʊvoʊ
ko.ze,ko.zo,koze,kozo,koʊzeɪ,koʊzoʊ
ko.ʃe,ko.ʃo,koʃe,koʃo,koʊʃeɪ,koʊʃoʊ
ko.ʒe,ko.ʒo,koʒe,koʒo,koʊʒeɪ,koʊʒoʊ
ko.θe,ko.θo,koθe,koθo,koʊθeɪ,koʊθoʊ
ko.ðe,ko.ðo,koðe,koðo,koʊðeɪ,koʊðoʊ
ko.he,ko.ho,kohe,koho,koʊheɪ,koʊhoʊ
ko.mu,ko.mi,komu,komi,koʊmu,koʊmi
ko.nu,ko.ni,konu,koni,koʊnu,koʊni
ko.pu,ko.pi,kopu,kopi,koʊpu,koʊpi
ko.tu,ko.ti,kotu,koti,koʊtu,koʊti
ko.ku,ko.ki,koku,koki,koʊku,koʊki
ko.bu,ko.bi,kobu,kobi,koʊbu,koʊbi
ko.du,ko.di,kodu,kodi,koʊdu,koʊdi
ko.gu,ko.gi,kogu,kogi,koʊgu,koʊgi
ko.fu,ko.fi,kofu,kofi,koʊfu,koʊfi
ko.su,ko.si,kosu,kosi,koʊsu,koʊsi
ko.vu,ko.vi,kovu,kovi,koʊvu,koʊvi
ko.zu,ko.zi,kozu,kozi,koʊzu,koʊzi
ko.ʃu,ko.ʃi,koʃu,koʃi,koʊʃu,koʊʃi
ko.ʒu,ko.ʒi,koʒu,koʒi,koʊʒu,koʊʒi
ko.θu,ko.θi,koθu,koθi,koʊθu,koʊθi
ko.ðu,ko.ði,koðu,koði,koʊðu,koʊði
ko.hu,ko.hi,kohu,kohi,koʊhu,koʊhi
ko.mo,ko.me,komo,kome,koʊmoʊ,koʊmeɪ
ko.no,ko.ne,kono,kone,koʊnoʊ,koʊneɪ
ko.po,ko.pe,kopo,kope,koʊpoʊ,koʊpeɪ
ko.to,ko.te,koto,kote,koʊtoʊ,koʊteɪ
ko.ko,ko.ke,koko,koke,koʊkoʊ,koʊkeɪ
ko.bo,ko.be,kobo,kobe,koʊboʊ,koʊbeɪ
ko.do,ko.de,kodo,kode,koʊdoʊ,koʊdeɪ
ko.go,ko.ge,kogo,koge,koʊgoʊ,koʊgeɪ
ko.fo,ko.fe,kofo,kofe,koʊfoʊ,koʊfeɪ
ko.so,ko.se,koso,kose,koʊsoʊ,koʊseɪ
ko.vo,ko.ve,kovo,kove,koʊvoʊ,koʊveɪ
ko.zo,ko.ze,kozo,koze,koʊzoʊ,koʊzeɪ
ko.ʃo,ko.ʃe,koʃo,koʃe,koʊʃoʊ,koʊʃeɪ
ko.ʒo,ko.ʒe,koʒo,koʒe,koʊʒoʊ,koʊʒeɪ
ko.θo,ko.θe,koθo,koθe,koʊθoʊ,koʊθeɪ
ko.ðo,ko.ðe,koðo,koðe,koʊðoʊ,koʊðeɪ
ko.ho,ko.he,koho,kohe,koʊhoʊ,koʊheɪ
bo.mi,bo.mu,bomi,bomu,boʊmi,boʊmu
bo.ni,bo.nu,boni,bonu,boʊni,boʊnu
bo.pi,bo.pu,bopi,bopu,boʊpi,boʊpu
bo.ti,bo.tu,boti,botu,boʊti,boʊtu
bo.ki,bo.ku,boki,boku,boʊki,boʊku
bo.bi,bo.bu,bobi,bobu,boʊbi,boʊbu
bo.di,bo.du,bodi,bodu,boʊdi,boʊdu
bo.gi,bo.gu,bogi,bogu,boʊgi,boʊgu
bo.fi,bo.fu,bofi,bofu,boʊfi,boʊfu
bo.si,bo.su,bosi,bosu,boʊsi,boʊsu
bo.vi,bo.vu,bovi,bovu,boʊvi,boʊvu
bo.zi,bo.zu,bozi,bozu,boʊzi,boʊzu
bo.ʃi,bo.ʃu,boʃi,boʃu,boʊʃi,boʊʃu
bo.ʒi,bo.ʒu,boʒi,boʒu,boʊʒi,boʊʒu
bo.θi,bo.θu,boθi,boθu,boʊθi,boʊθu
bo.ði,bo.ðu,boði,boðu,boʊði,boʊðu
bo.hi,bo.hu,bohi,bohu,boʊhi,boʊhu
bo.me,bo.mo,bome,bomo,boʊmeɪ,boʊmoʊ
bo.ne,bo.no,bone,bono,boʊneɪ,boʊnoʊ
bo.pe,bo.po,bope,bopo,boʊpeɪ,boʊpoʊ
bo.te,bo.to,bote,boto,boʊteɪ,boʊtoʊ
bo.ke,bo.ko,boke,boko,boʊkeɪ,boʊkoʊ
bo.be,bo.bo,bobe,bobo,boʊbeɪ,boʊboʊ
bo.de,bo.do,bode,bodo,boʊdeɪ,boʊdoʊ
bo.ge,bo.go,boge,bogo,boʊgeɪ,boʊgoʊ
bo.fe,bo.fo,bofe,bofo,boʊfeɪ,boʊfoʊ
bo.se,bo.so,bose,boso,boʊseɪ,boʊsoʊ
bo.ve,bo.vo,bove,bovo,boʊveɪ,boʊvoʊ
bo.ze,bo.zo,boze,bozo,boʊzeɪ,boʊzoʊ
bo.ʃe,bo.ʃo,boʃe,boʃo,boʊʃeɪ,boʊʃoʊ
bo.ʒe,bo.ʒo,boʒe,boʒo,boʊʒeɪ,boʊʒoʊ
bo.θe,bo.θo,boθe,boθo,boʊθeɪ,boʊθoʊ
bo.ðe,bo.ðo,boðe,boðo,boʊðeɪ,boʊðoʊ
bo.he,bo.ho,bohe,boho,boʊheɪ,boʊhoʊ
bo.mu,bo.mi,bomu,bomi,boʊmu,boʊmi
bo.nu,bo.ni,bonu,boni,boʊnu,boʊni
bo.pu,bo.pi,bopu,bopi,boʊpu,boʊpi
bo.tu,bo.ti,botu,boti,boʊtu,boʊti
bo.ku,bo.ki,boku,boki,boʊku,boʊki
bo.bu,bo.bi,bobu,bobi,boʊbu,boʊbi
bo.du,bo.di,bodu,bodi,boʊdu,boʊdi
bo.gu,bo.gi,bogu,bogi,boʊgu,boʊgi
bo.fu,bo.fi,bofu,bofi,boʊfu,boʊfi
bo.su,bo.si,bosu,bosi,boʊsu,boʊsi
bo.vu,bo.vi,bovu,bovi,boʊvu,boʊvi
bo.zu,bo.zi,bozu,bozi,boʊzu,boʊzi
bo.ʃu,bo.ʃi,boʃu,boʃi,boʊʃu,boʊʃi
bo.ʒu,bo.ʒi,boʒu,boʒi,boʊʒu,boʊʒi
bo.θu,bo.θi,boθu,boθi,boʊθu,boʊθi
bo.ðu,bo.ði,boðu,boði,boʊðu,boʊði
bo.hu,bo.hi,bohu,bohi,boʊhu,boʊhi
bo.mo,bo.me,bomo,bome,boʊmoʊ,boʊmeɪ
bo.no,bo.ne,bono,bone,boʊnoʊ,boʊneɪ
bo.po,bo.pe,bopo,bope,boʊpoʊ,boʊpeɪ
bo.to,bo.te,boto,bote,boʊtoʊ,boʊteɪ
bo.ko,bo.ke,boko,boke,boʊkoʊ,boʊkeɪ
bo.bo,bo.be,bobo,bobe,boʊboʊ,boʊbeɪ
bo.do,bo.de,bodo,bode,boʊdoʊ,boʊdeɪ
bo.go,bo.ge,bogo,boge,boʊgoʊ,boʊgeɪ
bo.fo,bo.fe,bofo,bofe,boʊfoʊ,boʊfeɪ
bo.so,bo.se,boso,bose,boʊsoʊ,boʊseɪ
bo.vo,bo.ve,bovo,bove,boʊvoʊ,boʊveɪ
bo.zo,bo.ze,bozo,boze,boʊzoʊ,boʊzeɪ
bo.ʃo,bo.ʃe,boʃo,boʃe,boʊʃoʊ,boʊʃeɪ
bo.ʒo,bo.ʒe,boʒo,boʒe,boʊʒoʊ,boʊʒeɪ
bo.θo,bo.θe,boθo,boθe,boʊθoʊ,boʊθeɪ
bo.ðo,bo.ðe,boðo,boðe,boʊðoʊ,boʊðeɪ
bo.ho,bo.he,boho,bohe,boʊhoʊ,boʊheɪ
do.mi,do.mu,domi,domu,doʊmi,doʊmu
do.ni,do.nu,doni,donu,doʊni,doʊnu
do.pi,do.pu,dopi,dopu,doʊpi,doʊpu
do.ti,do.tu,doti,dotu,doʊti,doʊtu
do.ki,do.ku,doki,doku,doʊki,doʊku
do.bi,do.bu,dobi,dobu,doʊbi,doʊbu
do.di,do.du,dodi,dodu,doʊdi,doʊdu
do.gi,do.gu,dogi,dogu,doʊgi,doʊgu
do.fi,do.fu,dofi,dofu,doʊfi,doʊfu
do.si,do.su,dosi,dosu,doʊsi,doʊsu
do.vi,do.vu,dovi,dovu,doʊvi,doʊvu
do.zi,do.zu,dozi,dozu,doʊzi,doʊzu
do.ʃi,do.ʃu,doʃi,doʃu,doʊʃi,doʊʃu
do.ʒi,do.ʒu,doʒi,doʒu,doʊʒi,doʊʒu
do.θi,do.θu,doθi,doθu,doʊθi,doʊθu
do.ði,do.ðu,doði,doðu,doʊði,doʊðu
do.hi,do.hu,dohi,dohu,doʊhi,doʊhu
do.me,do.mo,dome,domo,doʊmeɪ,doʊmoʊ
do.ne,do.no,done,dono,doʊneɪ,doʊnoʊ
do.pe,do.po,dope,dopo,doʊpeɪ,doʊpoʊ
do.te,do.to,dote,doto,doʊteɪ,doʊtoʊ
do.ke,do.ko,doke,doko,doʊkeɪ,doʊkoʊ
do.be,do.bo,dobe,dobo,doʊbeɪ,doʊboʊ
do.de,do.do,dode,dodo,doʊdeɪ,doʊdoʊ
do.ge,do.go,doge,dogo,doʊgeɪ,doʊgoʊ
do.fe,do.fo,dofe,dofo,doʊfeɪ,doʊfoʊ
do.se,do.so,dose,doso,doʊseɪ,doʊsoʊ
do.ve,do.vo,dove,dovo,doʊveɪ,doʊvoʊ
do.ze,do.zo,doze,dozo,doʊzeɪ,doʊzoʊ
do.ʃe,do.ʃo,doʃe,doʃo,doʊʃeɪ,doʊʃoʊ
do.ʒe,do.ʒo,doʒe,doʒo,doʊʒeɪ,doʊʒoʊ
do.θe,do.θo,doθe,doθo,doʊθeɪ,doʊθoʊ
do.ðe,do.ðo,doðe,doðo,doʊðeɪ,doʊðoʊ
do.he,do.ho,dohe,doho,doʊheɪ,doʊhoʊ
do.mu,do.mi,domu,domi,doʊmu,doʊmi
do.nu,do.ni,donu,doni,doʊnu,doʊni
do.pu,do.pi,dopu,dopi,doʊpu,doʊpi
do.tu,do.ti,dotu,doti,doʊtu,doʊti
do.ku,do.ki,doku,doki,doʊku,doʊki
do.bu,do.bi,dobu,dobi,doʊbu,doʊbi
do.du,do.di,dodu,dodi,doʊdu,doʊdi
do.gu,do.gi,dogu,dogi,doʊgu,doʊgi
do.fu,do.fi,dofu,dofi,doʊfu,doʊfi
do.su,do.si,dosu,dosi,doʊsu,doʊsi
do.vu,do.vi,dovu,dovi,doʊvu,doʊvi
do.zu,do.zi,dozu,dozi,doʊzu,doʊzi
do.ʃu,do.ʃi,doʃu,doʃi,doʊʃu,doʊʃi
do.ʒu,do.ʒi,doʒu,doʒi,doʊʒu,doʊʒi
do.θu,do.θi,doθu,doθi,doʊθu,doʊθi
do.ðu,do.ði,doðu,doði,doʊðu,doʊði
do.hu,do.hi,dohu,dohi,doʊhu,doʊhi
do.mo,do.me,domo,dome,doʊmoʊ,doʊmeɪ
do.no,do.ne,dono,done,doʊnoʊ,doʊneɪ
do.po,do.pe,dopo,dope,doʊpoʊ,doʊpeɪ
do.to,do.te,doto,dote,doʊtoʊ,doʊteɪ
do.ko,do.ke,doko,doke,doʊkoʊ,doʊkeɪ
do.bo,do.be,dobo,dobe,doʊboʊ,doʊbeɪ
do.do,do.de,dodo,dode,doʊdoʊ,doʊdeɪ
do.go,do.ge,dogo,doge,doʊgoʊ,doʊgeɪ
do.fo,do.fe,dofo,dofe,doʊfoʊ,doʊfeɪ
do.so,do.se,doso,dose,doʊsoʊ,doʊseɪ
do.vo,do.ve,dovo,dove,doʊvoʊ,doʊveɪ
do.zo,do.ze,dozo,doze,doʊzoʊ,doʊzeɪ
do.ʃo,do.ʃe,doʃo,doʃe,doʊʃoʊ,doʊʃeɪ
do.ʒo,do.ʒe,doʒo,doʒe,doʊʒoʊ,doʊʒeɪ
do.θo,do.θe,doθo,doθe,doʊθoʊ,doʊθeɪ
do.ðo,do.ðe,doðo,doðe,doʊðoʊ,doʊðeɪ
do.ho,do.he,doho,dohe,doʊhoʊ,doʊheɪ
go.mi,go.mu,gomi,gomu,goʊmi,goʊmu
go.ni,go.nu,goni,gonu,goʊni,goʊnu
go.pi,go.pu,gopi,gopu,goʊpi,goʊpu
go.ti,go.tu,goti,gotu,goʊti,goʊtu
go.ki,go.ku,goki,goku,goʊki,goʊku
go.bi,go.bu,gobi,gobu,goʊbi,goʊbu
go.di,go.du,godi,godu,goʊdi,goʊdu
go.gi,go.gu,gogi,gogu,goʊgi,goʊgu
go.fi,go.fu,gofi,gofu,goʊfi,goʊfu
go.si,go.su,gosi,gosu,goʊsi,goʊsu
go.vi,go.vu,govi,govu,goʊvi,goʊvu
go.zi,go.zu,gozi,gozu,goʊzi,goʊzu
go.ʃi,go.ʃu,goʃi,goʃu,goʊʃi,goʊʃu
go.ʒi,go.ʒu,goʒi,goʒu,goʊʒi,goʊʒu
go.θi,go.θu,goθi,goθu,goʊθi,goʊθu
go.ði,go.ðu,goði,goðu,goʊði,goʊðu
go.hi,go.hu,gohi,gohu,goʊhi,goʊhu
go.me,go.mo,gome,gomo,goʊmeɪ,goʊmoʊ
go.ne,go.no,gone,gono,goʊneɪ,goʊnoʊ
go.pe,go.po,gope,gopo,goʊpeɪ,goʊpoʊ
go.te,go.to,gote,goto,goʊteɪ,goʊtoʊ
go.ke,go.ko,goke,goko,goʊkeɪ,goʊkoʊ
go.be,go.bo,gobe,gobo,goʊbeɪ,goʊboʊ
go.de,go.do,gode,godo,goʊdeɪ,goʊdoʊ
go.ge,go.go,goge,gogo,goʊgeɪ,goʊgoʊ
go.fe,go.fo,gofe,gofo,goʊfeɪ,goʊfoʊ
go.se,go.so,gose,goso,goʊseɪ,goʊsoʊ
go.ve,go.vo,gove,govo,goʊveɪ,goʊvoʊ
go.ze,go.zo,goze,gozo,goʊzeɪ,goʊzoʊ
go.ʃe,go.ʃo,goʃe,goʃo,goʊʃeɪ,goʊʃoʊ
go.ʒe,go.ʒo,goʒe,goʒo,goʊʒeɪ,goʊʒoʊ
go.θe,go.θo,goθe,goθo,goʊθeɪ,goʊθoʊ
go.ðe,go.ðo,goðe,goðo,goʊðeɪ,goʊðoʊ
go.he,go.ho,gohe,goho,goʊheɪ,goʊhoʊ
go.mu,go.mi,gomu,gomi,goʊmu,goʊmi
go.nu,go.ni,gonu,goni,goʊnu,goʊni
go.pu,go.pi,gopu,gopi,goʊpu,goʊpi
go.tu,go.ti,gotu,goti,goʊtu,goʊti
go.ku,go.ki,goku,goki,goʊku,goʊki
go.bu,go.bi,gobu,gobi,goʊbu,goʊbi
go.du,go.di,godu,godi,goʊdu,goʊdi
go.gu,go.gi,gogu,gogi,goʊgu,goʊgi
go.fu,go.fi,gofu,gofi,goʊfu,goʊfi
go.su,go.si,gosu,gosi,goʊsu,goʊsi
go.vu,go.vi,govu,govi,goʊvu,goʊvi
go.zu,go.zi,gozu,gozi,goʊzu,goʊzi
go.ʃu,go.ʃi,goʃu,goʃi,goʊʃu,goʊʃi
go.ʒu,go.ʒi,goʒu,goʒi,goʊʒu,goʊʒi
go.θu,go.θi,goθu,goθi,goʊθu,goʊθi
go.ðu,go.ði,goðu,goði,goʊðu,goʊði
go.hu,go.hi,gohu,gohi,goʊhu,goʊhi
go.mo,go.me,gomo,gome,goʊmoʊ,goʊmeɪ
go.no,go.ne,gono,gone,goʊnoʊ,goʊneɪ
go.po,go.pe,gopo,gope,goʊpoʊ,goʊpeɪ
go.to,go.te,goto,gote,goʊtoʊ,goʊteɪ
go.ko,go.ke,goko,goke,goʊkoʊ,goʊkeɪ
go.bo,go.be,gobo,gobe,goʊboʊ,goʊbeɪ
go.do,go.de,godo,gode,goʊdoʊ,goʊdeɪ
go.go,go.ge,gogo,goge,goʊgoʊ,goʊgeɪ
go.fo,go.fe,gofo,gofe,goʊfoʊ,goʊfeɪ
go.so,go.se,goso,gose,goʊsoʊ,goʊseɪ
go.vo,go.ve,govo,gove,goʊvoʊ,goʊveɪ
go.zo,go.ze,gozo,goze,goʊzoʊ,goʊzeɪ
go.ʃo,go.ʃe,goʃo,goʃe,goʊʃoʊ,goʊʃeɪ
go.ʒo,go.ʒe,goʒo,goʒe,goʊʒoʊ,goʊʒeɪ
go.θo,go.θe,goθo,goθe,goʊθoʊ,goʊθeɪ
go.ðo,go.ðe,goðo,goðe,goʊðoʊ,goʊðeɪ
go.ho,go.he,goho,gohe,goʊhoʊ,goʊheɪ
fo.mi,fo.mu,fomi,fomu,foʊmi,foʊmu
fo.ni,fo.nu,foni,fonu,foʊni,foʊnu
fo.pi,fo.pu,fopi,fopu,foʊpi,foʊpu
fo.ti,fo.tu,foti,fotu,foʊti,foʊtu
fo.ki,fo.ku,foki,foku,foʊki,foʊku
fo.bi,fo.bu,fobi,fobu,foʊbi,foʊbu
fo.di,fo.du,fodi,fodu,foʊdi,foʊdu
fo.gi,fo.gu,fogi,fogu,foʊgi,foʊgu
fo.fi,fo.fu,fofi,fofu,foʊfi,foʊfu
fo.si,fo.su,fosi,fosu,foʊsi,foʊsu
fo.vi,fo.vu,fovi,fovu,foʊvi,foʊvu
fo.zi,fo.zu,fozi,fozu,foʊzi,foʊzu
fo.ʃi,fo.ʃu,foʃi,foʃu,foʊʃi,foʊʃu
fo.ʒi,fo.ʒu,foʒi,foʒu,foʊʒi,foʊʒu
fo.θi,fo.θu,foθi,foθu,foʊθi,foʊθu
fo.ði,fo.ðu,foði,foðu,foʊði,foʊðu
fo.hi,fo.hu,fohi,fohu,foʊhi,foʊhu
fo.me,fo.mo,fome,fomo,foʊmeɪ,foʊmoʊ
fo.ne,fo.no,fone,fono,foʊneɪ,foʊnoʊ
fo.pe,fo.po,fope,fopo,foʊpeɪ,foʊpoʊ
fo.te,fo.to,fote,foto,foʊteɪ,foʊtoʊ
fo.ke,fo.ko,foke,foko,foʊkeɪ,foʊkoʊ
fo.be,fo.bo,fobe,fobo,foʊbeɪ,foʊboʊ
fo.de,fo.do,fode,fodo,foʊdeɪ,foʊdoʊ
fo.ge,fo.go,foge,fogo,foʊgeɪ,foʊgoʊ
fo.fe,fo.fo,fofe,fofo,foʊfeɪ,foʊfoʊ
fo.se,fo.so,fose,foso,foʊseɪ,foʊsoʊ
fo.ve,fo.vo,fove,fovo,foʊveɪ,foʊvoʊ
fo.ze,fo.zo,foze,fozo,foʊzeɪ,foʊzoʊ
fo.ʃe,fo.ʃo,foʃe,foʃo,foʊʃeɪ,foʊʃoʊ
fo.ʒe,fo.ʒo,foʒe,foʒo,foʊʒeɪ,foʊʒoʊ
fo.θe,fo.θo,foθe,foθo,foʊθeɪ,foʊθoʊ
fo.ðe,fo.ðo,foðe,foðo,foʊðeɪ,foʊðoʊ
fo.he,fo.ho,fohe,foho,foʊheɪ,foʊhoʊ
fo.mu,fo.mi,fomu,fomi,foʊmu,foʊmi
fo.nu,fo.ni,fonu,foni,foʊnu,foʊni
fo.pu,fo.pi,fopu,fopi,foʊpu,foʊpi
fo.tu,fo.ti,fotu,foti,foʊtu,foʊti
fo.ku,fo.ki,foku,foki,foʊku,foʊki
fo.bu,fo.bi,fobu,fobi,foʊbu,foʊbi
fo.du,fo.di,fodu,fodi,foʊdu,foʊdi
fo.gu,fo.gi,fogu,fogi,foʊgu,foʊgi
fo.fu,fo.fi,fofu,fofi,foʊfu,foʊfi
fo.su,fo.si,fosu,fosi,foʊsu,foʊsi
fo.vu,fo.vi,fovu,fovi,foʊvu,foʊvi
fo.zu,fo.zi,fozu,fozi,foʊzu,foʊzi
fo.ʃu,fo.ʃi,foʃu,foʃi,foʊʃu,foʊʃi
fo.ʒu,fo.ʒi,foʒu,foʒi,foʊʒu,foʊʒi
fo.θu,fo.θi,foθu,foθi,foʊθu,foʊθi
fo.ðu,fo.ði,foðu,foði,foʊðu,foʊði
fo.hu,fo.hi,fohu,fohi,foʊhu,foʊhi
fo.mo,fo.me,fomo,fome,foʊmoʊ,foʊmeɪ
fo.no,fo.ne,fono,fone,foʊnoʊ,foʊneɪ
fo.po,fo.pe,fopo,fope,foʊpoʊ,foʊpeɪ
fo.to,fo.te,foto,fote,foʊtoʊ,foʊteɪ
fo.ko,fo.ke,foko,foke,foʊkoʊ,foʊkeɪ
fo.bo,fo.be,fobo,fobe,foʊboʊ,foʊbeɪ
fo.do,fo.de,fodo,fode,foʊdoʊ,foʊdeɪ
fo.go,fo.ge,fogo,foge,foʊgoʊ,foʊgeɪ
fo.fo,fo.fe,fofo,fofe,foʊfoʊ,foʊfeɪ
fo.so,fo.se,foso,fose,foʊsoʊ,foʊseɪ
fo.vo,fo.ve,fovo,fove,foʊvoʊ,foʊveɪ
fo.zo,fo.ze,fozo,foze,foʊzoʊ,foʊzeɪ
fo.ʃo,fo.ʃe,foʃo,foʃe,foʊʃoʊ,foʊʃeɪ
fo.ʒo,fo.ʒe,foʒo,foʒe,foʊʒoʊ,foʊʒeɪ
fo.θo,fo.θe,foθo,foθe,foʊθoʊ,foʊθeɪ
fo.ðo,fo.ðe,foðo,foðe,foʊðoʊ,foʊðeɪ
fo.ho,fo.he,foho,fohe,foʊhoʊ,foʊheɪ
so.mi,so.mu,somi,somu,soʊmi,soʊmu
so.ni,so.nu,soni,sonu,soʊni,soʊnu
so.pi,so.pu,sopi,sopu,soʊpi,soʊpu
so.ti,so.tu,soti,sotu,soʊti,soʊtu
so.ki,so.ku,soki,soku,soʊki,soʊku
so.bi,so.bu,sobi,sobu,soʊbi,soʊbu
so.di,so.du,sodi,sodu,soʊdi,soʊdu
so.gi,so.gu,sogi,sogu,soʊgi,soʊgu
so.fi,so.fu,sofi,sofu,soʊfi,soʊfu
so.si,so.su,sosi,sosu,soʊsi,soʊsu
so.vi,so.vu,sovi,sovu,soʊvi,soʊvu
so.zi,so.zu,sozi,sozu,soʊzi,soʊzu
so.ʃi,so.ʃu,soʃi,soʃu,soʊʃi,soʊʃu
so.ʒi,so.ʒu,soʒi,soʒu,soʊʒi,soʊʒu
so.θi,so.θu,soθi,soθu,soʊθi,soʊθu
so.ði,so.ðu,soði,soðu,soʊði,soʊðu
so.hi,so.hu,sohi,sohu,soʊhi,soʊhu
so.me,so.mo,some,somo,soʊmeɪ,soʊmoʊ
so.ne,so.no,sone,sono,soʊneɪ,soʊnoʊ
so.pe,so.po,sope,sopo,soʊpeɪ,soʊpoʊ
so.te,so.to,sote,soto,soʊteɪ,soʊtoʊ
so.ke,so.ko,soke,soko,soʊkeɪ,soʊkoʊ
so.be,so.bo,sobe,sobo,soʊbeɪ,soʊboʊ
so.de,so.do,sode,sodo,soʊdeɪ,soʊdoʊ
so.ge,so.go,soge,sogo,soʊgeɪ,soʊgoʊ
so.fe,so.fo,sofe,sofo,soʊfeɪ,soʊfoʊ
so.se,so.so,sose,soso,soʊseɪ,soʊsoʊ
so.ve,so.vo,sove,sovo,soʊveɪ,soʊvoʊ
so.ze,so.zo,soze,sozo,soʊzeɪ,soʊzoʊ
so.ʃe,so.ʃo,soʃe,soʃo,soʊʃeɪ,soʊʃoʊ
so.ʒe,so.ʒo,soʒe,soʒo,soʊʒeɪ,soʊʒoʊ
so.θe,so.θo,soθe,soθo,soʊθeɪ,soʊθoʊ
so.ðe,so.ðo,soðe,soðo,soʊðeɪ,soʊðoʊ
so.he,so.ho,sohe,soho,soʊheɪ,soʊhoʊ
so.mu,so.mi,somu,somi,soʊmu,soʊmi
so.nu,so.ni,sonu,soni,soʊnu,soʊni
so.pu,so.pi,sopu,sopi,soʊpu,soʊpi
so.tu,so.ti,sotu,soti,soʊtu,soʊti
so.ku,so.ki,soku,soki,soʊku,soʊki
so.bu,so.bi,sobu,sobi,soʊbu,soʊbi
so.du,so.di,sodu,sodi,soʊdu,soʊdi
so.gu,so.gi,sogu,sogi,soʊgu,soʊgi
so.fu,so.fi,sofu,sofi,soʊfu,soʊfi
so.su,so.si,sosu,sosi,soʊsu,soʊsi
so.vu,so.vi,sovu,sovi,soʊvu,soʊvi
so.zu,so.zi,sozu,sozi,soʊzu,soʊzi
so.ʃu,so.ʃi,soʃu,soʃi,soʊʃu,soʊʃi
so.ʒu,so.ʒi,soʒu,soʒi,soʊʒu,soʊʒi
so.θu,so.θi,soθu,soθi,soʊθu,soʊθi
so.ðu,so.ði,soðu,soði,soʊðu,soʊði
so.hu,so.hi,sohu,sohi,soʊhu,soʊhi
so.mo,so.me,somo,some,soʊmoʊ,soʊmeɪ
so.no,so.ne,sono,sone,soʊnoʊ,soʊneɪ
so.po,so.pe,sopo,sope,soʊpoʊ,soʊpeɪ
so.to,so.te,soto,sote,soʊtoʊ,soʊteɪ
so.ko,so.ke,soko,soke,soʊkoʊ,soʊkeɪ
so.bo,so.be,sobo,sobe,soʊboʊ,soʊbeɪ
so.do,so.de,sodo,sode,soʊdoʊ,soʊdeɪ
so.go,so.ge,sogo,soge,soʊgoʊ,soʊgeɪ
so.fo,so.fe,sofo,sofe,soʊfoʊ,soʊfeɪ
so.so,so.se,soso,sose,soʊsoʊ,soʊseɪ
so.vo,so.ve,sovo,sove,soʊvoʊ,soʊveɪ
so.zo,so.ze,sozo,soze,soʊzoʊ,soʊzeɪ
so.ʃo,so.ʃe,soʃo,soʃe,soʊʃoʊ,soʊʃeɪ
so.ʒo,so.ʒe,soʒo,soʒe,soʊʒoʊ,soʊʒeɪ
so.θo,so.θe,soθo,soθe,soʊθoʊ,soʊθeɪ
so.ðo,so.ðe,soðo,soðe,soʊðoʊ,soʊðeɪ
so.ho,so.he,soho,sohe,soʊhoʊ,soʊheɪ
vo.mi,vo.mu,vomi,vomu,voʊmi,voʊmu
vo.ni,vo.nu,voni,vonu,voʊni,voʊnu
vo.pi,vo.pu,vopi,vopu,voʊpi,voʊpu
vo.ti,vo.tu,voti,votu,voʊti,voʊtu
vo.ki,vo.ku,voki,voku,voʊki,voʊku
vo.bi,vo.bu,vobi,vobu,voʊbi,voʊbu
vo.di,vo.du,vodi,vodu,voʊdi,voʊdu
vo.gi,vo.gu,vogi,vogu,voʊgi,voʊgu
vo.fi,vo.fu,vofi,vofu,voʊfi,voʊfu
vo.si,vo.su,vosi,vosu,voʊsi,voʊsu
vo.vi,vo.vu,vovi,vovu,voʊvi,voʊvu
vo.zi,vo.zu,vozi,vozu,voʊzi,voʊzu
vo.ʃi,vo.ʃu,voʃi,voʃu,voʊʃi,voʊʃu
vo.ʒi,vo.ʒu,voʒi,voʒu,voʊʒi,voʊʒu
vo.θi,vo.θu,voθi,voθu,voʊθi,voʊθu
vo.ði,vo.ðu,voði,voðu,voʊði,voʊðu
vo.hi,vo.hu,vohi,vohu,voʊhi,voʊhu
vo.me,vo.mo,vome,vomo,voʊmeɪ,voʊmoʊ
vo.ne,vo.no,vone,vono,voʊneɪ,voʊnoʊ
vo.pe,vo.po,vope,vopo,voʊpeɪ,voʊpoʊ
vo.te,vo.to,vote,voto,voʊteɪ,voʊtoʊ
vo.ke,vo.ko,voke,voko,voʊkeɪ,voʊkoʊ
vo.be,vo.bo,vobe,vobo,voʊbeɪ,voʊboʊ
vo.de,vo.do,vode,vodo,voʊdeɪ,voʊdoʊ
vo.ge,vo.go,voge,vogo,voʊgeɪ,voʊgoʊ
vo.fe,vo.fo,vofe,vofo,voʊfeɪ,voʊfoʊ
vo.se,vo.so,vose,voso,voʊseɪ,voʊsoʊ
vo.ve,vo.vo,vove,vovo,voʊveɪ,voʊvoʊ
vo.ze,vo.zo,voze,vozo,voʊzeɪ,voʊzoʊ
vo.ʃe,vo.ʃo,voʃe,voʃo,voʊʃeɪ,voʊʃoʊ
vo.ʒe,vo.ʒo,voʒe,voʒo,voʊʒeɪ,voʊʒoʊ
vo.θe,vo.θo,voθe,voθo,voʊθeɪ,voʊθoʊ
vo.ðe,vo.ðo,voðe,voðo,voʊðeɪ,voʊðoʊ
vo.he,vo.ho,vohe,voho,voʊheɪ,voʊhoʊ
vo.mu,vo.mi,vomu,vomi,voʊmu,voʊmi
vo.nu,vo.ni,vonu,voni,voʊnu,voʊni
vo.pu,vo.pi,vopu,vopi,voʊpu,voʊpi
vo.tu,vo.ti,votu,voti,voʊtu,voʊti
vo.ku,vo.ki,voku,voki,voʊku,voʊki
vo.bu,vo.bi,vobu,vobi,voʊbu,voʊbi
vo.du,vo.di,vodu,vodi,voʊdu,voʊdi
vo.gu,vo.gi,vogu,vogi,voʊgu,voʊgi
vo.fu,vo.fi,vofu,vofi,voʊfu,voʊfi
vo.su,vo.si,vosu,vosi,voʊsu,voʊsi
vo.vu,vo.vi,vovu,vovi,voʊvu,voʊvi
vo.zu,vo.zi,vozu,vozi,voʊzu,voʊzi
vo.ʃu,vo.ʃi,voʃu,voʃi,voʊʃu,voʊʃi
vo.ʒu,vo.ʒi,voʒu,voʒi,voʊʒu,voʊʒi
vo.θu,vo.θi,voθu,voθi,voʊθu,voʊθi
vo.ðu,vo.ði,voðu,voði,voʊðu,voʊði
vo.hu,vo.hi,vohu,vohi,voʊhu,voʊhi
vo.mo,vo.me,vomo,vome,voʊmoʊ,voʊmeɪ
vo.no,vo.ne,vono,vone,voʊnoʊ,voʊneɪ
vo.po,vo.pe,vopo,vope,voʊpoʊ,voʊpeɪ
vo.to,vo.te,voto,vote,voʊtoʊ,voʊteɪ
vo.ko,vo.ke,voko,voke,voʊkoʊ,voʊkeɪ
vo.bo,vo.be,vobo,vobe,voʊboʊ,voʊbeɪ
vo.do,vo.de,vodo,vode,voʊdoʊ,voʊdeɪ
vo.go,vo.ge,vogo,voge,voʊgoʊ,voʊgeɪ
vo.fo,vo.fe,vofo,vofe,voʊfoʊ,voʊfeɪ
vo.so,vo.se,voso,vose,voʊsoʊ,voʊseɪ
vo.vo,vo.ve,vovo,vove,voʊvoʊ,voʊveɪ
vo.zo,vo.ze,vozo,voze,voʊzoʊ,voʊzeɪ
vo.ʃo,vo.ʃe,voʃo,voʃe,voʊʃoʊ,voʊʃeɪ
vo.ʒo,vo.ʒe,voʒo,voʒe,voʊʒoʊ,voʊʒeɪ
vo.θo,vo.θe,voθo,voθe,voʊθoʊ,voʊθeɪ
vo.ðo,vo.ðe,voðo,voðe,voʊðoʊ,voʊðeɪ
vo.ho,vo.he,voho,vohe,voʊhoʊ,voʊheɪ
zo.mi,zo.mu,zomi,zomu,zoʊmi,zoʊmu
zo.ni,zo.nu,zoni,zonu,zoʊni,zoʊnu
zo.pi,zo.pu,zopi,zopu,zoʊpi,zoʊpu
zo.ti,zo.tu,zoti,zotu,zoʊti,zoʊtu
zo.ki,zo.ku,zoki,zoku,zoʊki,zoʊku
zo.bi,zo.bu,zobi,zobu,zoʊbi,zoʊbu
zo.di,zo.du,zodi,zodu,zoʊdi,zoʊdu
zo.gi,zo.gu,zogi,zogu,zoʊgi,zoʊgu
zo.fi,zo.fu,zofi,zofu,zoʊfi,zoʊfu
zo.si,zo.su,zosi,zosu,zoʊsi,zoʊsu
zo.vi,zo.vu,zovi,zovu,zoʊvi,zoʊvu
zo.zi,zo.zu,zozi,zozu,zoʊzi,zoʊzu
zo.ʃi,zo.ʃu,zoʃi,zoʃu,zoʊʃi,zoʊʃu
zo.ʒi,zo.ʒu,zoʒi,zoʒu,zoʊʒi,zoʊʒu
zo.θi,zo.θu,zoθi,zoθu,zoʊθi,zoʊθu
zo.ði,zo.ðu,zoði,zoðu,zoʊði,zoʊðu
zo.hi,zo.hu,zohi,zohu,zoʊhi,zoʊhu
zo.me,zo.mo,zome,zomo,zoʊmeɪ,zoʊmoʊ
zo.ne,zo.no,zone,zono,zoʊneɪ,zoʊnoʊ
zo.pe,zo.po,zope,zopo,zoʊpeɪ,zoʊpoʊ
zo.te,zo.to,zote,zoto,zoʊteɪ,zoʊtoʊ
zo.ke,zo.ko,zoke,zoko,zoʊkeɪ,zoʊkoʊ
zo.be,zo.bo,zobe,zobo,zoʊbeɪ,zoʊboʊ
zo.de,zo.do,zode,zodo,zoʊdeɪ,zoʊdoʊ
zo.ge,zo.go,zoge,zogo,zoʊgeɪ,zoʊgoʊ
zo.fe,zo.fo,zofe,zofo,zoʊfeɪ,zoʊfoʊ
zo.se,zo.so,zose,zoso,zoʊseɪ,zoʊsoʊ
zo.ve,zo.vo,zove,zovo,zoʊveɪ,zoʊvoʊ
zo.ze,zo.zo,zoze,zozo,zoʊzeɪ,zoʊzoʊ
zo.ʃe,zo.ʃo,zoʃe,zoʃo,zoʊʃeɪ,zoʊʃoʊ
zo.ʒe,zo.ʒo,zoʒe,zoʒo,zoʊʒeɪ,zoʊʒoʊ
zo.θe,zo.θo,zoθe,zoθo,zoʊθeɪ,zoʊθoʊ
zo.ðe,zo.ðo,zoðe,zoðo,zoʊðeɪ,zoʊðoʊ
zo.he,zo.ho,zohe,zoho,zoʊheɪ,zoʊhoʊ
zo.mu,zo.mi,zomu,zomi,zoʊmu,zoʊmi
zo.nu,zo.ni,zonu,zoni,zoʊnu,zoʊni
zo.pu,zo.pi,zopu,zopi,zoʊpu,zoʊpi
zo.tu,zo.ti,zotu,zoti,zoʊtu,zoʊti
zo.ku,zo.ki,zoku,zoki,zoʊku,zoʊki
zo.bu,zo.bi,zobu,zobi,zoʊbu,zoʊbi
zo.du,zo.di,zodu,zodi,zoʊdu,zoʊdi
zo.gu,zo.gi,zogu,zogi,zoʊgu,zoʊgi
zo.fu,zo.fi,zofu,zofi,zoʊfu,zoʊfi
zo.su,zo.si,zosu,zosi,zoʊsu,zoʊsi
zo.vu,zo.vi,zovu,zovi,zoʊvu,zoʊvi
zo.zu,zo.zi,zozu,zozi,zoʊzu,zoʊzi
zo.ʃu,zo.ʃi,zoʃu,zoʃi,zoʊʃu,zoʊʃi
zo.ʒu,zo.ʒi,zoʒu,zoʒi,zoʊʒu,zoʊʒi
zo.θu,zo.θi,zoθu,zoθi,zoʊθu,zoʊθi
zo.ðu,zo.ði,zoðu,zoði,zoʊðu,zoʊði
zo.hu,zo.hi,zohu,zohi,zoʊhu,zoʊhi
zo.mo,zo.me,zomo,zome,zoʊmoʊ,zoʊmeɪ
zo.no,zo.ne,zono,zone,zoʊnoʊ,zoʊneɪ
zo.po,zo.pe,zopo,zope,zoʊpoʊ,zoʊpeɪ
zo.to,zo.te,zoto,zote,zoʊtoʊ,zoʊteɪ
zo.ko,zo.ke,zoko,zoke,zoʊkoʊ,zoʊkeɪ
zo.bo,zo.be,zobo,zobe,zoʊboʊ,zoʊbeɪ
zo.do,zo.de,zodo,zode,zoʊdoʊ,zoʊdeɪ
zo.go,zo.ge,zogo,zoge,zoʊgoʊ,zoʊgeɪ
zo.fo,zo.fe,zofo,zofe,zoʊfoʊ,zoʊfeɪ
zo.so,zo.se,zoso,zose,zoʊsoʊ,zoʊseɪ
zo.vo,zo.ve,zovo,zove,zoʊvoʊ,zoʊveɪ
zo.zo,zo.ze,zozo,zoze,zoʊzoʊ,zoʊzeɪ
zo.ʃo,zo.ʃe,zoʃo,zoʃe,zoʊʃoʊ,zoʊʃeɪ
zo.ʒo,zo.ʒe,zoʒo,zoʒe,zoʊʒoʊ,zoʊʒeɪ
zo.θo,zo.θe,zoθo,zoθe,zoʊθoʊ,zoʊθeɪ
zo.ðo,zo.ðe,zoðo,zoðe,zoʊðoʊ,zoʊðeɪ
zo.ho,zo.he,zoho,zohe,zoʊhoʊ,zoʊheɪ
ʃo.mi,ʃo.mu,ʃomi,ʃomu,ʃoʊmi,ʃoʊmu
ʃo.ni,ʃo.nu,ʃoni,ʃonu,ʃoʊni,ʃoʊnu
ʃo.pi,ʃo.pu,ʃopi,ʃopu,ʃoʊpi,ʃoʊpu
ʃo.ti,ʃo.tu,ʃoti,ʃotu,ʃoʊti,ʃoʊtu
ʃo.ki,ʃo.ku,ʃoki,ʃoku,ʃoʊki,ʃoʊku
ʃo.bi,ʃo.bu,ʃobi,ʃobu,ʃoʊbi,ʃoʊbu
ʃo.di,ʃo.du,ʃodi,ʃodu,ʃoʊdi,ʃoʊdu
ʃo.gi,ʃo.gu,ʃogi,ʃogu,ʃoʊgi,ʃoʊgu
ʃo.fi,ʃo.fu,ʃofi,ʃofu,ʃoʊfi,ʃoʊfu
ʃo.si,ʃo.su,ʃosi,ʃosu,ʃoʊsi,ʃoʊsu
ʃo.vi,ʃo.vu,ʃovi,ʃovu,ʃoʊvi,ʃoʊvu
ʃo.zi,ʃo.zu,ʃozi,ʃozu,ʃoʊzi,ʃoʊzu
ʃo.ʃi,ʃo.ʃu,ʃoʃi,ʃoʃu,ʃoʊʃi,ʃoʊʃu
ʃo.ʒi,ʃo.ʒu,ʃoʒi,ʃoʒu,ʃoʊʒi,ʃoʊʒu
ʃo.θi,ʃo.θu,ʃoθi,ʃoθu,ʃoʊθi,ʃoʊθu
ʃo.ði,ʃo.ðu,ʃoði,ʃoðu,ʃoʊði,ʃoʊðu
ʃo.hi,ʃo.hu,ʃohi,ʃohu,ʃoʊhi,ʃoʊhu
ʃo.me,ʃo.mo,ʃome,ʃomo,ʃoʊmeɪ,ʃoʊmoʊ
ʃo.ne,ʃo.no,ʃone,ʃono,ʃoʊneɪ,ʃoʊnoʊ
ʃo.pe,ʃo.po,ʃope,ʃopo,ʃoʊpeɪ,ʃoʊpoʊ
ʃo.te,ʃo.to,ʃote,ʃoto,ʃoʊteɪ,ʃoʊtoʊ
ʃo.ke,ʃo.ko,ʃoke,ʃoko,ʃoʊkeɪ,ʃoʊkoʊ
ʃo.be,ʃo.bo,ʃobe,ʃobo,ʃoʊbeɪ,ʃoʊboʊ
ʃo.de,ʃo.do,ʃode,ʃodo,ʃoʊdeɪ,ʃoʊdoʊ
ʃo.ge,ʃo.go,ʃoge,ʃogo,ʃoʊgeɪ,ʃoʊgoʊ
ʃo.fe,ʃo.fo,ʃofe,ʃofo,ʃoʊfeɪ,ʃoʊfoʊ
ʃo.se,ʃo.so,ʃose,ʃoso,ʃoʊseɪ,ʃoʊsoʊ
ʃo.ve,ʃo.vo,ʃove,ʃovo,ʃoʊveɪ,ʃoʊvoʊ
ʃo.ze,ʃo.zo,ʃoze,ʃozo,ʃoʊzeɪ,ʃoʊzoʊ
ʃo.ʃe,ʃo.ʃo,ʃoʃe,ʃoʃo,ʃoʊʃeɪ,ʃoʊʃoʊ
ʃo.ʒe,ʃo.ʒo,ʃoʒe,ʃoʒo,ʃoʊʒeɪ,ʃoʊʒoʊ
ʃo.θe,ʃo.θo,ʃoθe,ʃoθo,ʃoʊθeɪ,ʃoʊθoʊ
ʃo.ðe,ʃo.ðo,ʃoðe,ʃoðo,ʃoʊðeɪ,ʃoʊðoʊ
ʃo.he,ʃo.ho,ʃohe,ʃoho,ʃoʊheɪ,ʃoʊhoʊ
ʃo.mu,ʃo.mi,ʃomu,ʃomi,ʃoʊmu,ʃoʊmi
ʃo.nu,ʃo.ni,ʃonu,ʃoni,ʃoʊnu,ʃoʊni
ʃo.pu,ʃo.pi,ʃopu,ʃopi,ʃoʊpu,ʃoʊpi
ʃo.tu,ʃo.ti,ʃotu,ʃoti,ʃoʊtu,ʃoʊti
ʃo.ku,ʃo.ki,ʃoku,ʃoki,ʃoʊku,ʃoʊki
ʃo.bu,ʃo.bi,ʃobu,ʃobi,ʃoʊbu,ʃoʊbi
ʃo.du,ʃo.di,ʃodu,ʃodi,ʃoʊdu,ʃoʊdi
ʃo.gu,ʃo.gi,ʃogu,ʃogi,ʃoʊgu,ʃoʊgi
ʃo.fu,ʃo.fi,ʃofu,ʃofi,ʃoʊfu,ʃoʊfi
ʃo.su,ʃo.si,ʃosu,ʃosi,ʃoʊsu,ʃoʊsi
ʃo.vu,ʃo.vi,ʃovu,ʃovi,ʃoʊvu,ʃoʊvi
ʃo.zu,ʃo.zi,ʃozu,ʃozi,ʃoʊzu,ʃoʊzi
ʃo.ʃu,ʃo.ʃi,ʃoʃu,ʃoʃi,ʃoʊʃu,ʃoʊʃi
ʃo.ʒu,ʃo.ʒi,ʃoʒu,ʃoʒi,ʃoʊʒu,ʃoʊʒi
ʃo.θu,ʃo.θi,ʃoθu,ʃoθi,ʃoʊθu,ʃoʊθi
ʃo.ðu,ʃo.ði,ʃoðu,ʃoði,ʃoʊðu,ʃoʊði
ʃo.hu,ʃo.hi,ʃohu,ʃohi,ʃoʊhu,ʃoʊhi
ʃo.mo,ʃo.me,ʃomo,ʃome,ʃoʊmoʊ,ʃoʊmeɪ
ʃo.no,ʃo.ne,ʃono,ʃone,ʃoʊnoʊ,ʃoʊneɪ
ʃo.po,ʃo.pe,ʃopo,ʃope,ʃoʊpoʊ,ʃoʊpeɪ
ʃo.to,ʃo.te,ʃoto,ʃote,ʃoʊtoʊ,ʃoʊteɪ
ʃo.ko,ʃo.ke,ʃoko,ʃoke,ʃoʊkoʊ,ʃoʊkeɪ
ʃo.bo,ʃo.be,ʃobo,ʃobe,ʃoʊboʊ,ʃoʊbeɪ
ʃo.do,ʃo.de,ʃodo,ʃode,ʃoʊdoʊ,ʃoʊdeɪ
ʃo.go,ʃo.ge,ʃogo,ʃoge,ʃoʊgoʊ,ʃoʊgeɪ
ʃo.fo,ʃo.fe,ʃofo,ʃofe,ʃoʊfoʊ,ʃoʊfeɪ
ʃo.so,ʃo.se,ʃoso,ʃose,ʃoʊsoʊ,ʃoʊseɪ
ʃo.vo,ʃo.ve,ʃovo,ʃove,ʃoʊvoʊ,ʃoʊveɪ
ʃo.zo,ʃo.ze,ʃozo,ʃoze,ʃoʊzoʊ,ʃoʊzeɪ
ʃo.ʃo,ʃo.ʃe,ʃoʃo,ʃoʃe,ʃoʊʃoʊ,ʃoʊʃeɪ
ʃo.ʒo,ʃo.ʒe,ʃoʒo,ʃoʒe,ʃoʊʒoʊ,ʃoʊʒeɪ
ʃo.θo,ʃo.θe,ʃoθo,ʃoθe,ʃoʊθoʊ,ʃoʊθeɪ
ʃo.ðo,ʃo.ðe,ʃoðo,ʃoðe,ʃoʊðoʊ,ʃoʊðeɪ
ʃo.ho,ʃo.he,ʃoho,ʃohe,ʃoʊhoʊ,ʃoʊheɪ
ʒo.mi,ʒo.mu,ʒomi,ʒomu,ʒoʊmi,ʒoʊmu
ʒo.ni,ʒo.nu,ʒoni,ʒonu,ʒoʊni,ʒoʊnu
ʒo.pi,ʒo.pu,ʒopi,ʒopu,ʒoʊpi,ʒoʊpu
ʒo.ti,ʒo.tu,ʒoti,ʒotu,ʒoʊti,ʒoʊtu
ʒo.ki,ʒo.ku,ʒoki,ʒoku,ʒoʊki,ʒoʊku
ʒo.bi,ʒo.bu,ʒobi,ʒobu,ʒoʊbi,ʒoʊbu
ʒo.di,ʒo.du,ʒodi,ʒodu,ʒoʊdi,ʒoʊdu
ʒo.gi,ʒo.gu,ʒogi,ʒogu,ʒoʊgi,ʒoʊgu
ʒo.fi,ʒo.fu,ʒofi,ʒofu,ʒoʊfi,ʒoʊfu
ʒo.si,ʒo.su,ʒosi,ʒosu,ʒoʊsi,ʒoʊsu
ʒo.vi,ʒo.vu,ʒovi,ʒovu,ʒoʊvi,ʒoʊvu
ʒo.zi,ʒo.zu,ʒozi,ʒozu,ʒoʊzi,ʒoʊzu
ʒo.ʃi,ʒo.ʃu,ʒoʃi,ʒoʃu,ʒoʊʃi,ʒoʊʃu
ʒo.ʒi,ʒo.ʒu,ʒoʒi,ʒoʒu,ʒoʊʒi,ʒoʊʒu
ʒo.θi,ʒo.θu,ʒoθi,ʒoθu,ʒoʊθi,ʒoʊθu
ʒo.ði,ʒo.ðu,ʒoði,ʒoðu,ʒoʊði,ʒoʊðu
ʒo.hi,ʒo.hu,ʒohi,ʒohu,ʒoʊhi,ʒoʊhu
ʒo.me,ʒo.mo,ʒome,ʒomo,ʒoʊmeɪ,ʒoʊmoʊ
ʒo.ne,ʒo.no,ʒone,ʒono,ʒoʊneɪ,ʒoʊnoʊ
ʒo.pe,ʒo.po,ʒope,ʒopo,ʒoʊpeɪ,ʒoʊpoʊ
ʒo.te,ʒo.to,ʒote,ʒoto,ʒoʊteɪ,ʒoʊtoʊ
ʒo.ke,ʒo.ko,ʒoke,ʒoko,ʒoʊkeɪ,ʒoʊkoʊ
ʒo.be,ʒo.bo,ʒobe,ʒobo,ʒoʊbeɪ,ʒoʊboʊ
ʒo.de,ʒo.do,ʒode,ʒodo,ʒoʊdeɪ,ʒoʊdoʊ
ʒo.ge,ʒo.go,ʒoge,ʒogo,ʒoʊgeɪ,ʒoʊgoʊ
ʒo.fe,ʒo.fo,ʒofe,ʒofo,ʒoʊfeɪ,ʒoʊfoʊ
ʒo.se,ʒo.so,ʒose,ʒoso,ʒoʊseɪ,ʒoʊsoʊ
ʒo.ve,ʒo.vo,ʒove,ʒovo,ʒoʊveɪ,ʒoʊvoʊ
ʒo.ze,ʒo.zo,ʒoze,ʒozo,ʒoʊzeɪ,ʒoʊzoʊ
ʒo.ʃe,ʒo.ʃo,ʒoʃe,ʒoʃo,ʒoʊʃeɪ,ʒoʊʃoʊ
ʒo.ʒe,ʒo.ʒo,ʒoʒe,ʒoʒo,ʒoʊʒeɪ,ʒoʊʒoʊ
ʒo.θe,ʒo.θo,ʒoθe,ʒoθo,ʒoʊθeɪ,ʒoʊθoʊ
ʒo.ðe,ʒo.ðo,ʒoðe,ʒoðo,ʒoʊðeɪ,ʒoʊðoʊ
ʒo.he,ʒo.ho,ʒohe,ʒoho,ʒoʊheɪ,ʒoʊhoʊ
ʒo.mu,ʒo.mi,ʒomu,ʒomi,ʒoʊmu,ʒoʊmi
ʒo.nu,ʒo.ni,ʒonu,ʒoni,ʒoʊnu,ʒoʊni
ʒo.pu,ʒo.pi,ʒopu,ʒopi,ʒoʊpu,ʒoʊpi
ʒo.tu,ʒo.ti,ʒotu,ʒoti,ʒoʊtu,ʒoʊti
ʒo.ku,ʒo.ki,ʒoku,ʒoki,ʒoʊku,ʒoʊki
ʒo.bu,ʒo.bi,ʒobu,ʒobi,ʒoʊbu,ʒoʊbi
ʒo.du,ʒo.di,ʒodu,ʒodi,ʒoʊdu,ʒoʊdi
ʒo.gu,ʒo.gi,ʒogu,ʒogi,ʒoʊgu,ʒoʊgi
ʒo.fu,ʒo.fi,ʒofu,ʒofi,ʒoʊfu,ʒoʊfi
ʒo.su,ʒo.si,ʒosu,ʒosi,ʒoʊsu,ʒoʊsi
ʒo.vu,ʒo.vi,ʒovu,ʒovi,ʒoʊvu,ʒoʊvi
ʒo.zu,ʒo.zi,ʒozu,ʒozi,ʒoʊzu,ʒoʊzi
ʒo.ʃu,ʒo.ʃi,ʒoʃu,ʒoʃi,ʒoʊʃu,ʒoʊʃi
ʒo.ʒu,ʒo.ʒi,ʒoʒu,ʒoʒi,ʒoʊʒu,ʒoʊʒi
ʒo.θu,ʒo.θi,ʒoθu,ʒoθi,ʒoʊθu,ʒoʊθi
ʒo.ðu,ʒo.ði,ʒoðu,ʒoði,ʒoʊðu,ʒoʊði
ʒo.hu,ʒo.hi,ʒohu,ʒohi,ʒoʊhu,ʒoʊhi
ʒo.mo,ʒo.me,ʒomo,ʒome,ʒoʊmoʊ,ʒoʊmeɪ
ʒo.no,ʒo.ne,ʒono,ʒone,ʒoʊnoʊ,ʒoʊneɪ
ʒo.po,ʒo.pe,ʒopo,ʒope,ʒoʊpoʊ,ʒoʊpeɪ
ʒo.to,ʒo.te,ʒoto,ʒote,ʒoʊtoʊ,ʒoʊteɪ
ʒo.ko,ʒo.ke,ʒoko,ʒoke,ʒoʊkoʊ,ʒoʊkeɪ
ʒo.bo,ʒo.be,ʒobo,ʒobe,ʒoʊboʊ,ʒoʊbeɪ
ʒo.do,ʒo.de,ʒodo,ʒode,ʒoʊdoʊ,ʒoʊdeɪ
ʒo.go,ʒo.ge,ʒogo,ʒoge,ʒoʊgoʊ,ʒoʊgeɪ
ʒo.fo,ʒo.fe,ʒofo,ʒofe,ʒoʊfoʊ,ʒoʊfeɪ
ʒo.so,ʒo.se,ʒoso,ʒose,ʒoʊsoʊ,ʒoʊseɪ
ʒo.vo,ʒo.ve,ʒovo,ʒove,ʒoʊvoʊ,ʒoʊveɪ
ʒo.zo,ʒo.ze,ʒozo,ʒoze,ʒoʊzoʊ,ʒoʊzeɪ
ʒo.ʃo,ʒo.ʃe,ʒoʃo,ʒoʃe,ʒoʊʃoʊ,ʒoʊʃeɪ
ʒo.ʒo,ʒo.ʒe,ʒoʒo,ʒoʒe,ʒoʊʒoʊ,ʒoʊʒeɪ
ʒo.θo,ʒo.θe,ʒoθo,ʒoθe,ʒoʊθoʊ,ʒoʊθeɪ
ʒo.ðo,ʒo.ðe,ʒoðo,ʒoðe,ʒoʊðoʊ,ʒoʊðeɪ
ʒo.ho,ʒo.he,ʒoho,ʒohe,ʒoʊhoʊ,ʒoʊheɪ
θo.mi,θo.mu,θomi,θomu,θoʊmi,θoʊmu
θo.ni,θo.nu,θoni,θonu,θoʊni,θoʊnu
θo.pi,θo.pu,θopi,θopu,θoʊpi,θoʊpu
θo.ti,θo.tu,θoti,θotu,θoʊti,θoʊtu
θo.ki,θo.ku,θoki,θoku,θoʊki,θoʊku
θo.bi,θo.bu,θobi,θobu,θoʊbi,θoʊbu
θo.di,θo.du,θodi,θodu,θoʊdi,θoʊdu
θo.gi,θo.gu,θogi,θogu,θoʊgi,θoʊgu
θo.fi,θo.fu,θofi,θofu,θoʊfi,θoʊfu
θo.si,θo.su,θosi,θosu,θoʊsi,θoʊsu
θo.vi,θo.vu,θovi,θovu,θoʊvi,θoʊvu
θo.zi,θo.zu,θozi,θozu,θoʊzi,θoʊzu
θo.ʃi,θo.ʃu,θoʃi,θoʃu,θoʊʃi,θoʊʃu
θo.ʒi,θo.ʒu,θoʒi,θoʒu,θoʊʒi,θoʊʒu
θo.θi,θo.θu,θoθi,θoθu,θoʊθi,θoʊθu
θo.ði,θo.ðu,θoði,θoðu,θoʊði,θoʊðu
θo.hi,θo.hu,θohi,θohu,θoʊhi,θoʊhu
θo.me,θo.mo,θome,θomo,θoʊmeɪ,θoʊmoʊ
θo.ne,θo.no,θone,θono,θoʊneɪ,θoʊnoʊ
θo.pe,θo.po,θope,θopo,θoʊpeɪ,θoʊpoʊ
θo.te,θo.to,θote,θoto,θoʊteɪ,θoʊtoʊ
θo.ke,θo.ko,θoke,θoko,θoʊkeɪ,θoʊkoʊ
θo.be,θo.bo,θobe,θobo,θoʊbeɪ,θoʊboʊ
θo.de,θo.do,θode,θodo,θoʊdeɪ,θoʊdoʊ
θo.ge,θo.go,θoge,θogo,θoʊgeɪ,θoʊgoʊ
θo.fe,θo.fo,θofe,θofo,θoʊfeɪ,θoʊfoʊ
θo.se,θo.so,θose,θoso,θoʊseɪ,θoʊsoʊ
θo.ve,θo.vo,θove,θovo,θoʊveɪ,θoʊvoʊ
θo.ze,θo.zo,θoze,θozo,θoʊzeɪ,θoʊzoʊ
θo.ʃe,θo.ʃo,θoʃe,θoʃo,θoʊʃeɪ,θoʊʃoʊ
θo.ʒe,θo.ʒo,θoʒe,θoʒo,θoʊʒeɪ,θoʊʒoʊ
θo.θe,θo.θo,θoθe,θoθo,θoʊθeɪ,θoʊθoʊ
θo.ðe,θo.ðo,θoðe,θoðo,θoʊðeɪ,θoʊðoʊ
θo.he,θo.ho,θohe,θoho,θoʊheɪ,θoʊhoʊ
θo.mu,θo.mi,θomu,θomi,θoʊmu,θoʊmi
θo.nu,θo.ni,θonu,θoni,θoʊnu,θoʊni
θo.pu,θo.pi,θopu,θopi,θoʊpu,θoʊpi
θo.tu,θo.ti,θotu,θoti,θoʊtu,θoʊti
θo.ku,θo.ki,θoku,θoki,θoʊku,θoʊki
θo.bu,θo.bi,θobu,θobi,θoʊbu,θoʊbi
θo.du,θo.di,θodu,θodi,θoʊdu,θoʊdi
θo.gu,θo.gi,θogu,θogi,θoʊgu,θoʊgi
θo.fu,θo.fi,θofu,θofi,θoʊfu,θoʊfi
θo.su,θo.si,θosu,θosi,θoʊsu,θoʊsi
θo.vu,θo.vi,θovu,θovi,θoʊvu,θoʊvi
θo.zu,θo.zi,θozu,θozi,θoʊzu,θoʊzi
θo.ʃu,θo.ʃi,θoʃu,θoʃi,θoʊʃu,θoʊʃi
θo.ʒu,θo.ʒi,θoʒu,θoʒi,θoʊʒu,θoʊʒi
θo.θu,θo.θi,θoθu,θoθi,θoʊθu,θoʊθi
θo.ðu,θo.ði,θoðu,θoði,θoʊðu,θoʊði
θo.hu,θo.hi,θohu,θohi,θoʊhu,θoʊhi
θo.mo,θo.me,θomo,θome,θoʊmoʊ,θoʊmeɪ
θo.no,θo.ne,θono,θone,θoʊnoʊ,θoʊneɪ
θo.po,θo.pe,θopo,θope,θoʊpoʊ,θoʊpeɪ
θo.to,θo.te,θoto,θote,θoʊtoʊ,θoʊteɪ
θo.ko,θo.ke,θoko,θoke,θoʊkoʊ,θoʊkeɪ
θo.bo,θo.be,θobo,θobe,θoʊboʊ,θoʊbeɪ
θo.do,θo.de,θodo,θode,θoʊdoʊ,θoʊdeɪ
θo.go,θo.ge,θogo,θoge,θoʊgoʊ,θoʊgeɪ
θo.fo,θo.fe,θofo,θofe,θoʊfoʊ,θoʊfeɪ
θo.so,θo.se,θoso,θose,θoʊsoʊ,θoʊseɪ
θo.vo,θo.ve,θovo,θove,θoʊvoʊ,θoʊveɪ
θo.zo,θo.ze,θozo,θoze,θoʊzoʊ,θoʊzeɪ
θo.ʃo,θo.ʃe,θoʃo,θoʃe,θoʊʃoʊ,θoʊʃeɪ
θo.ʒo,θo.ʒe,θoʒo,θoʒe,θoʊʒoʊ,θoʊʒeɪ
θo.θo,θo.θe,θoθo,θoθe,θoʊθoʊ,θoʊθeɪ
θo.ðo,θo.ðe,θoðo,θoðe,θoʊðoʊ,θoʊðeɪ
θo.ho,θo.he,θoho,θohe,θoʊhoʊ,θoʊheɪ
ðo.mi,ðo.mu,ðomi,ðomu,ðoʊmi,ðoʊmu
ðo.ni,ðo.nu,ðoni,ðonu,ðoʊni,ðoʊnu
ðo.pi,ðo.pu,ðopi,ðopu,ðoʊpi,ðoʊpu
ðo.ti,ðo.tu,ðoti,ðotu,ðoʊti,ðoʊtu
ðo.ki,ðo.ku,ðoki,ðoku,ðoʊki,ðoʊku
ðo.bi,ðo.bu,ðobi,ðobu,ðoʊbi,ðoʊbu
ðo.di,ðo.du,ðodi,ðodu,ðoʊdi,ðoʊdu
ðo.gi,ðo.gu,ðogi,ðogu,ðoʊgi,ðoʊgu
ðo.fi,ðo.fu,ðofi,ðofu,ðoʊfi,ðoʊfu
ðo.si,ðo.su,ðosi,ðosu,ðoʊsi,ðoʊsu
ðo.vi,ðo.vu,ðovi,ðovu,ðoʊvi,ðoʊvu
ðo.zi,ðo.zu,ðozi,ðozu,ðoʊzi,ðoʊzu
ðo.ʃi,ðo.ʃu,ðoʃi,ðoʃu,ðoʊʃi,ðoʊʃu
ðo.ʒi,ðo.ʒu,ðoʒi,ðoʒu,ðoʊʒi,ðoʊʒu
ðo.θi,ðo.θu,ðoθi,ðoθu,ðoʊθi,ðoʊθu
ðo.ði,ðo.ðu,ðoði,ðoðu,ðoʊði,ðoʊðu
ðo.hi,ðo.hu,ðohi,ðohu,ðoʊhi,ðoʊhu
ðo.me,ðo.mo,ðome,ðomo,ðoʊmeɪ,ðoʊmoʊ
ðo.ne,ðo.no,ðone,ðono,ðoʊneɪ,ðoʊnoʊ
ðo.pe,ðo.po,ðope,ðopo,ðoʊpeɪ,ðoʊpoʊ
ðo.te,ðo.to,ðote,ðoto,ðoʊteɪ,ðoʊtoʊ
ðo.ke,ðo.ko,ðoke,ðoko,ðoʊkeɪ,ðoʊkoʊ
ðo.be,ðo.bo,ðobe,ðobo,ðoʊbeɪ,ðoʊboʊ
ðo.de,ðo.do,ðode,ðodo,ðoʊdeɪ,ðoʊdoʊ
ðo.ge,ðo.go,ðoge,ðogo,ðoʊgeɪ,ðoʊgoʊ
ðo.fe,ðo.fo,ðofe,ðofo,ðoʊfeɪ,ðoʊfoʊ
ðo.se,ðo.so,ðose,ðoso,ðoʊseɪ,ðoʊsoʊ
ðo.ve,ðo.vo,ðove,ðovo,ðoʊveɪ,ðoʊvoʊ
ðo.ze,ðo.zo,ðoze,ðozo,ðoʊzeɪ,ðoʊzoʊ
ðo.ʃe,ðo.ʃo,ðoʃe,ðoʃo,ðoʊʃeɪ,ðoʊʃoʊ
ðo.ʒe,ðo.ʒo,ðoʒe,ðoʒo,ðoʊʒeɪ,ðoʊʒoʊ
ðo.θe,ðo.θo,ðoθe,ðoθo,ðoʊθeɪ,ðoʊθoʊ
ðo.ðe,ðo.ðo,ðoðe,ðoðo,ðoʊðeɪ,ðoʊðoʊ
ðo.he,ðo.ho,ðohe,ðoho,ðoʊheɪ,ðoʊhoʊ
ðo.mu,ðo.mi,ðomu,ðomi,ðoʊmu,ðoʊmi
ðo.nu,ðo.ni,ðonu,ðoni,ðoʊnu,ðoʊni
ðo.pu,ðo.pi,ðopu,ðopi,ðoʊpu,ðoʊpi
ðo.tu,ðo.ti,ðotu,ðoti,ðoʊtu,ðoʊti
ðo.ku,ðo.ki,ðoku,ðoki,ðoʊku,ðoʊki
ðo.bu,ðo.bi,ðobu,ðobi,ðoʊbu,ðoʊbi
ðo.du,ðo.di,ðodu,ðodi,ðoʊdu,ðoʊdi
ðo.gu,ðo.gi,ðogu,ðogi,ðoʊgu,ðoʊgi
ðo.fu,ðo.fi,ðofu,ðofi,ðoʊfu,ðoʊfi
ðo.su,ðo.si,ðosu,ðosi,ðoʊsu,ðoʊsi
ðo.vu,ðo.vi,ðovu,ðovi,ðoʊvu,ðoʊvi
ðo.zu,ðo.zi,ðozu,ðozi,ðoʊzu,ðoʊzi
ðo.ʃu,ðo.ʃi,ðoʃu,ðoʃi,ðoʊʃu,ðoʊʃi
ðo.ʒu,ðo.ʒi,ðoʒu,ðoʒi,ðoʊʒu,ðoʊʒi
ðo.θu,ðo.θi,ðoθu,ðoθi,ðoʊθu,ðoʊθi
ðo.ðu,ðo.ði,ðoðu,ðoði,ðoʊðu,ðoʊði
ðo.hu,ðo.hi,ðohu,ðohi,ðoʊhu,ðoʊhi
ðo.mo,ðo.me,ðomo,ðome,ðoʊmoʊ,ðoʊmeɪ
ðo.no,ðo.ne,ðono,ðone,ðoʊnoʊ,ðoʊneɪ
ðo.po,ðo.pe,ðopo,ðope,ðoʊpoʊ,ðoʊpeɪ
ðo.to,ðo.te,ðoto,ðote,ðoʊtoʊ,ðoʊteɪ
ðo.ko,ðo.ke,ðoko,ðoke,ðoʊkoʊ,ðoʊkeɪ
ðo.bo,ðo.be,ðobo,ðobe,ðoʊboʊ,ðoʊbeɪ
ðo.do,ðo.de,ðodo,ðode,ðoʊdoʊ,ðoʊdeɪ
ðo.go,ðo.ge,ðogo,ðoge,ðoʊgoʊ,ðoʊgeɪ
ðo.fo,ðo.fe,ðofo,ðofe,ðoʊfoʊ,ðoʊfeɪ
ðo.so,ðo.se,ðoso,ðose,ðoʊsoʊ,ðoʊseɪ
ðo.vo,ðo.ve,ðovo,ðove,ðoʊvoʊ,ðoʊveɪ
ðo.zo,ðo.ze,ðozo,ðoze,ðoʊzoʊ,ðoʊzeɪ
ðo.ʃo,ðo.ʃe,ðoʃo,ðoʃe,ðoʊʃoʊ,ðoʊʃeɪ
ðo.ʒo,ðo.ʒe,ðoʒo,ðoʒe,ðoʊʒoʊ,ðoʊʒeɪ
ðo.θo,ðo.θe,ðoθo,ðoθe,ðoʊθoʊ,ðoʊθeɪ
ðo.ðo,ðo.ðe,ðoðo,ðoðe,ðoʊðoʊ,ðoʊðeɪ
ðo.ho,ðo.he,ðoho,ðohe,ðoʊhoʊ,ðoʊheɪ
ho.mi,ho.mu,homi,homu,hoʊmi,hoʊmu
ho.ni,ho.nu,honi,honu,hoʊni,hoʊnu
ho.pi,ho.pu,hopi,hopu,hoʊpi,hoʊpu
ho.ti,ho.tu,hoti,hotu,hoʊti,hoʊtu
ho.ki,ho.ku,hoki,hoku,hoʊki,hoʊku
ho.bi,ho.bu,hobi,hobu,hoʊbi,hoʊbu
ho.di,ho.du,hodi,hodu,hoʊdi,hoʊdu
ho.gi,ho.gu,hogi,hogu,hoʊgi,hoʊgu
ho.fi,ho.fu,hofi,hofu,hoʊfi,hoʊfu
ho.si,ho.su,hosi,hosu,hoʊsi,hoʊsu
ho.vi,ho.vu,hovi,hovu,hoʊvi,hoʊvu
ho.zi,ho.zu,hozi,hozu,hoʊzi,hoʊzu
ho.ʃi,ho.ʃu,hoʃi,hoʃu,hoʊʃi,hoʊʃu
ho.ʒi,ho.ʒu,hoʒi,hoʒu,hoʊʒi,hoʊʒu
ho.θi,ho.θu,hoθi,hoθu,hoʊθi,hoʊθu
ho.ði,ho.ðu,hoði,hoðu,hoʊði,hoʊðu
ho.hi,ho.hu,hohi,hohu,hoʊhi,hoʊhu
ho.me,ho.mo,home,homo,hoʊmeɪ,hoʊmoʊ
ho.ne,ho.no,hone,hono,hoʊneɪ,hoʊnoʊ
ho.pe,ho.po,hope,hopo,hoʊpeɪ,hoʊpoʊ
ho.te,ho.to,hote,hoto,hoʊteɪ,hoʊtoʊ
ho.ke,ho.ko,hoke,hoko,hoʊkeɪ,hoʊkoʊ
ho.be,ho.bo,hobe,hobo,hoʊbeɪ,hoʊboʊ
ho.de,ho.do,hode,hodo,hoʊdeɪ,hoʊdoʊ
ho.ge,ho.go,hoge,hogo,hoʊgeɪ,hoʊgoʊ
ho.fe,ho.fo,hofe,hofo,hoʊfeɪ,hoʊfoʊ
ho.se,ho.so,hose,hoso,hoʊseɪ,hoʊsoʊ
ho.ve,ho.vo,hove,hovo,hoʊveɪ,hoʊvoʊ
ho.ze,ho.zo,hoze,hozo,hoʊzeɪ,hoʊzoʊ
ho.ʃe,ho.ʃo,hoʃe,hoʃo,hoʊʃeɪ,hoʊʃoʊ
ho.ʒe,ho.ʒo,hoʒe,hoʒo,hoʊʒeɪ,hoʊʒoʊ
ho.θe,ho.θo,hoθe,hoθo,hoʊθeɪ,hoʊθoʊ
ho.ðe,ho.ðo,hoðe,hoðo,hoʊðeɪ,hoʊðoʊ
ho.he,ho.ho,hohe,hoho,hoʊheɪ,hoʊhoʊ
ho.mu,ho.mi,homu,homi,hoʊmu,hoʊmi
ho.nu,ho.ni,honu,honi,hoʊnu,hoʊni
ho.pu,ho.pi,hopu,hopi,hoʊpu,hoʊpi
ho.tu,ho.ti,hotu,hoti,hoʊtu,hoʊti
ho.ku,ho.ki,hoku,hoki,hoʊku,hoʊki
ho.bu,ho.bi,hobu,hobi,hoʊbu,hoʊbi
ho.du,ho.di,hodu,hodi,hoʊdu,hoʊdi
ho.gu,ho.gi,hogu,hogi,hoʊgu,hoʊgi
ho.fu,ho.fi,hofu,hofi,hoʊfu,hoʊfi
ho.su,ho.si,hosu,hosi,hoʊsu,hoʊsi
ho.vu,ho.vi,hovu,hovi,hoʊvu,hoʊvi
ho.zu,ho.zi,hozu,hozi,hoʊzu,hoʊzi
ho.ʃu,ho.ʃi,hoʃu,hoʃi,hoʊʃu,hoʊʃi
ho.ʒu,ho.ʒi,hoʒu,hoʒi,hoʊʒu,hoʊʒi
ho.θu,ho.θi,hoθu,hoθi,hoʊθu,hoʊθi
ho.ðu,ho.ði,hoðu,hoði,hoʊðu,hoʊði
ho.hu,ho.hi,hohu,hohi,hoʊhu,hoʊhi
ho.mo,ho.me,homo,home,hoʊmoʊ,hoʊmeɪ
ho.no,ho.ne,hono,hone,hoʊnoʊ,hoʊneɪ
ho.po,ho.pe,hopo,hope,hoʊpoʊ,hoʊpeɪ
ho.to,ho.te,hoto,hote,hoʊtoʊ,hoʊteɪ
ho.ko,ho.ke,hoko,hoke,hoʊkoʊ,hoʊkeɪ
ho.bo,ho.be,hobo,hobe,hoʊboʊ,hoʊbeɪ
ho.do,ho.de,hodo,hode,hoʊdoʊ,hoʊdeɪ
ho.go,ho.ge,hogo,hoge,hoʊgoʊ,hoʊgeɪ
ho.fo,ho.fe,hofo,hofe,hoʊfoʊ,hoʊfeɪ
ho.so,ho.se,hoso,hose,hoʊsoʊ,hoʊseɪ
ho.vo,ho.ve,hovo,hove,hoʊvoʊ,hoʊveɪ
ho.zo,ho.ze,hozo,hoze,hoʊzoʊ,hoʊzeɪ
ho.ʃo,ho.ʃe,hoʃo,hoʃe,hoʊʃoʊ,hoʊʃeɪ
ho.ʒo,ho.ʒe,hoʒo,hoʒe,hoʊʒoʊ,hoʊʒeɪ
ho.θo,ho.θe,hoθo,hoθe,hoʊθoʊ,hoʊθeɪ
ho.ðo,ho.ðe,hoðo,hoðe,hoʊðoʊ,hoʊðeɪ
ho.ho,ho.he,hoho,hohe,hoʊhoʊ,hoʊheɪ
ɪm.i,ɪm.u,ɪmi,ɪmu,ɪmi,ɪmu
ɪm.e,ɪm.o,ɪme,ɪmo,ɪmeɪ,ɪmoʊ
ɪm.u,ɪm.i,ɪmu,ɪmi,ɪmu,ɪmi
ɪm.o,ɪm.e,ɪmo,ɪme,ɪmoʊ,ɪmeɪ
ɪn.i,ɪn.u,ɪni,ɪnu,ɪni,ɪnu
ɪn.e,ɪn.o,ɪne,ɪno,ɪneɪ,ɪnoʊ
ɪn.u,ɪn.i,ɪnu,ɪni,ɪnu,ɪni
ɪn.o,ɪn.e,ɪno,ɪne,ɪnoʊ,ɪneɪ
ɪŋ.i,ɪŋ.u,ɪŋi,ɪŋu,ɪŋi,ɪŋu
ɪŋ.e,ɪŋ.o,ɪŋe,ɪŋo,ɪŋeɪ,ɪŋoʊ
ɪŋ.u,ɪŋ.i,ɪŋu,ɪŋi,ɪŋu,ɪŋi
ɪŋ.o,ɪŋ.e,ɪŋo,ɪŋe,ɪŋoʊ,ɪŋeɪ
ɪp.i,ɪp.u,ɪpi,ɪpu,ɪpi,ɪpu
ɪp.e,ɪp.o,ɪpe,ɪpo,ɪpeɪ,ɪpoʊ
ɪp.u,ɪp.i,ɪpu,ɪpi,ɪpu,ɪpi
ɪp.o,ɪp.e,ɪpo,ɪpe,ɪpoʊ,ɪpeɪ
ɪt.i,ɪt.u,ɪti,ɪtu,ɪti,ɪtu
ɪt.e,ɪt.o,ɪte,ɪto,ɪteɪ,ɪtoʊ
ɪt.u,ɪt.i,ɪtu,ɪti,ɪtu,ɪti
ɪt.o,ɪt.e,ɪto,ɪte,ɪtoʊ,ɪteɪ
ɪk.i,ɪk.u,ɪki,ɪku,ɪki,ɪku
ɪk.e,ɪk.o,ɪke,ɪko,ɪkeɪ,ɪkoʊ
ɪk.u,ɪk.i,ɪku,ɪki,ɪku,ɪki
ɪk.o,ɪk.e,ɪko,ɪke,ɪkoʊ,ɪkeɪ
ɪb.i,ɪb.u,ɪbi,ɪbu,ɪbi,ɪbu
ɪb.e,ɪb.o,ɪbe,ɪbo,ɪbeɪ,ɪboʊ
ɪb.u,ɪb.i,ɪbu,ɪbi,ɪbu,ɪbi
ɪb.o,ɪb.e,ɪbo,ɪbe,ɪboʊ,ɪbeɪ
ɪd.i,ɪd.u,ɪdi,ɪdu,ɪdi,ɪdu
ɪd.e,ɪd.o,ɪde,ɪdo,ɪdeɪ,ɪdoʊ
ɪd.u,ɪd.i,ɪdu,ɪdi,ɪdu,ɪdi
ɪd.o,ɪd.e,ɪdo,ɪde,ɪdoʊ,ɪdeɪ
ɪg.i,ɪg.u,ɪgi,ɪgu,ɪgi,ɪgu
ɪg.e,ɪg.o,ɪge,ɪgo,ɪgeɪ,ɪgoʊ
ɪg.u,ɪg.i,ɪgu,ɪgi,ɪgu,ɪgi
ɪg.o,ɪg.e,ɪgo,ɪge,ɪgoʊ,ɪgeɪ
ɪf.i,ɪf.u,ɪfi,ɪfu,ɪfi,ɪfu
ɪf.e,ɪf.o,ɪfe,ɪfo,ɪfeɪ,ɪfoʊ
ɪf.u,ɪf.i,ɪfu,ɪfi,ɪfu,ɪfi
ɪf.o,ɪf.e,ɪfo,ɪfe,ɪfoʊ,ɪfeɪ
ɪs.i,ɪs.u,ɪsi,ɪsu,ɪsi,ɪsu
ɪs.e,ɪs.o,ɪse,ɪso,ɪseɪ,ɪsoʊ
ɪs.u,ɪs.i,ɪsu,ɪsi,ɪsu,ɪsi
ɪs.o,ɪs.e,ɪso,ɪse,ɪsoʊ,ɪseɪ
ɪv.i,ɪv.u,ɪvi,ɪvu,ɪvi,ɪvu
ɪv.e,ɪv.o,ɪve,ɪvo,ɪveɪ,ɪvoʊ
ɪv.u,ɪv.i,ɪvu,ɪvi,ɪvu,ɪvi
ɪv.o,ɪv.e,ɪvo,ɪve,ɪvoʊ,ɪveɪ
ɪz.i,ɪz.u,ɪzi,ɪzu,ɪzi,ɪzu
ɪz.e,ɪz.o,ɪze,ɪzo,ɪzeɪ,ɪzoʊ
ɪz.u,ɪz.i,ɪzu,ɪzi,ɪzu,ɪzi
ɪz.o,ɪz.e,ɪzo,ɪze,ɪzoʊ,ɪzeɪ
ɪʃ.i,ɪʃ.u,ɪʃi,ɪʃu,ɪʃi,ɪʃu
ɪʃ.e,ɪʃ.o,ɪʃe,ɪʃo,ɪʃeɪ,ɪʃoʊ
ɪʃ.u,ɪʃ.i,ɪʃu,ɪʃi,ɪʃu,ɪʃi
ɪʃ.o,ɪʃ.e,ɪʃo,ɪʃe,ɪʃoʊ,ɪʃeɪ
ɪʒ.i,ɪʒ.u,ɪʒi,ɪʒu,ɪʒi,ɪʒu
ɪʒ.e,ɪʒ.o,ɪʒe,ɪʒo,ɪʒeɪ,ɪʒoʊ
ɪʒ.u,ɪʒ.i,ɪʒu,ɪʒi,ɪʒu,ɪʒi
ɪʒ.o,ɪʒ.e,ɪʒo,ɪʒe,ɪʒoʊ,ɪʒeɪ
ɪθ.i,ɪθ.u,ɪθi,ɪθu,ɪθi,ɪθu
ɪθ.e,ɪθ.o,ɪθe,ɪθo,ɪθeɪ,ɪθoʊ
ɪθ.u,ɪθ.i,ɪθu,ɪθi,ɪθu,ɪθi
ɪθ.o,ɪθ.e,ɪθo,ɪθe,ɪθoʊ,ɪθeɪ
ɪð.i,ɪð.u,ɪði,ɪðu,ɪði,ɪðu
ɪð.e,ɪð.o,ɪðe,ɪðo,ɪðeɪ,ɪðoʊ
ɪð.u,ɪð.i,ɪðu,ɪði,ɪðu,ɪði
ɪð.o,ɪð.e,ɪðo,ɪðe,ɪðoʊ,ɪðeɪ
ɛm.i,ɛm.u,ɛmi,ɛmu,ɛmi,ɛmu
ɛm.e,ɛm.o,ɛme,ɛmo,ɛmeɪ,ɛmoʊ
ɛm.u,ɛm.i,ɛmu,ɛmi,ɛmu,ɛmi
ɛm.o,ɛm.e,ɛmo,ɛme,ɛmoʊ,ɛmeɪ
ɛn.i,ɛn.u,ɛni,ɛnu,ɛni,ɛnu
ɛn.e,ɛn.o,ɛne,ɛno,ɛneɪ,ɛnoʊ
ɛn.u,ɛn.i,ɛnu,ɛni,ɛnu,ɛni
ɛn.o,ɛn.e,ɛno,ɛne,ɛnoʊ,ɛneɪ
ɛŋ.i,ɛŋ.u,ɛŋi,ɛŋu,ɛŋi,ɛŋu
ɛŋ.e,ɛŋ.o,ɛŋe,ɛŋo,ɛŋeɪ,ɛŋoʊ
ɛŋ.u,ɛŋ.i,ɛŋu,ɛŋi,ɛŋu,ɛŋi
ɛŋ.o,ɛŋ.e,ɛŋo,ɛŋe,ɛŋoʊ,ɛŋeɪ
ɛp.i,ɛp.u,ɛpi,ɛpu,ɛpi,ɛpu
ɛp.e,ɛp.o,ɛpe,ɛpo,ɛpeɪ,ɛpoʊ
ɛp.u,ɛp.i,ɛpu,ɛpi,ɛpu,ɛpi
ɛp.o,ɛp.e,ɛpo,ɛpe,ɛpoʊ,ɛpeɪ
ɛt.i,ɛt.u,ɛti,ɛtu,ɛti,ɛtu
ɛt.e,ɛt.o,ɛte,ɛto,ɛteɪ,ɛtoʊ
ɛt.u,ɛt.i,ɛtu,ɛti,ɛtu,ɛti
ɛt.o,ɛt.e,ɛto,ɛte,ɛtoʊ,ɛteɪ
ɛk.i,ɛk.u,ɛki,ɛku,ɛki,ɛku
ɛk.e,ɛk.o,ɛke,ɛko,ɛkeɪ,ɛkoʊ
ɛk.u,ɛk.i,ɛku,ɛki,ɛku,ɛki
ɛk.o,ɛk.e,ɛko,ɛke,ɛkoʊ,ɛkeɪ
ɛb.i,ɛb.u,ɛbi,ɛbu,ɛbi,ɛbu
ɛb.e,ɛb.o,ɛbe,ɛbo,ɛbeɪ,ɛboʊ
ɛb.u,ɛb.i,ɛbu,ɛbi,ɛbu,ɛbi
ɛb.o,ɛb.e,ɛbo,ɛbe,ɛboʊ,ɛbeɪ
ɛd.i,ɛd.u,ɛdi,ɛdu,ɛdi,ɛdu
ɛd.e,ɛd.o,ɛde,ɛdo,ɛdeɪ,ɛdoʊ
ɛd.u,ɛd.i,ɛdu,ɛdi,ɛdu,ɛdi
ɛd.o,ɛd.e,ɛdo,ɛde,ɛdoʊ,ɛdeɪ
ɛg.i,ɛg.u,ɛgi,ɛgu,ɛgi,ɛgu
ɛg.e,ɛg.o,ɛge,ɛgo,ɛgeɪ,ɛgoʊ
ɛg.u,ɛg.i,ɛgu,ɛgi,ɛgu,ɛgi
ɛg.o,ɛg.e,ɛgo,ɛge,ɛgoʊ,ɛgeɪ
ɛf.i,ɛf.u,ɛfi,ɛfu,ɛfi,ɛfu
ɛf.e,ɛf.o,ɛfe,ɛfo,ɛfeɪ,ɛfoʊ
ɛf.u,ɛf.i,ɛfu,ɛfi,ɛfu,ɛfi
ɛf.o,ɛf.e,ɛfo,ɛfe,ɛfoʊ,ɛfeɪ
ɛs.i,ɛs.u,ɛsi,ɛsu,ɛsi,ɛsu
ɛs.e,ɛs.o,ɛse,ɛso,ɛseɪ,ɛsoʊ
ɛs.u,ɛs.i,ɛsu,ɛsi,ɛsu,ɛsi
ɛs.o,ɛs.e,ɛso,ɛse,ɛsoʊ,ɛseɪ
ɛv.i,ɛv.u,ɛvi,ɛvu,ɛvi,ɛvu
ɛv.e,ɛv.o,ɛve,ɛvo,ɛveɪ,ɛvoʊ
ɛv.u,ɛv.i,ɛvu,ɛvi,ɛvu,ɛvi
ɛv.o,ɛv.e,ɛvo,ɛve,ɛvoʊ,ɛveɪ
ɛz.i,ɛz.u,ɛzi,ɛzu,ɛzi,ɛzu
ɛz.e,ɛz.o,ɛze,ɛzo,ɛzeɪ,ɛzoʊ
ɛz.u,ɛz.i,ɛzu,ɛzi,ɛzu,ɛzi
ɛz.o,ɛz.e,ɛzo,ɛze,ɛzoʊ,ɛzeɪ
ɛʃ.i,ɛʃ.u,ɛʃi,ɛʃu,ɛʃi,ɛʃu
ɛʃ.e,ɛʃ.o,ɛʃe,ɛʃo,ɛʃeɪ,ɛʃoʊ
ɛʃ.u,ɛʃ.i,ɛʃu,ɛʃi,ɛʃu,ɛʃi
ɛʃ.o,ɛʃ.e,ɛʃo,ɛʃe,ɛʃoʊ,ɛʃeɪ
ɛʒ.i,ɛʒ.u,ɛʒi,ɛʒu,ɛʒi,ɛʒu
ɛʒ.e,ɛʒ.o,ɛʒe,ɛʒo,ɛʒeɪ,ɛʒoʊ
ɛʒ.u,ɛʒ.i,ɛʒu,ɛʒi,ɛʒu,ɛʒi
ɛʒ.o,ɛʒ.e,ɛʒo,ɛʒe,ɛʒoʊ,ɛʒeɪ
ɛθ.i,ɛθ.u,ɛθi,ɛθu,ɛθi,ɛθu
ɛθ.e,ɛθ.o,ɛθe,ɛθo,ɛθeɪ,ɛθoʊ
ɛθ.u,ɛθ.i,ɛθu,ɛθi,ɛθu,ɛθi
ɛθ.o,ɛθ.e,ɛθo,ɛθe,ɛθoʊ,ɛθeɪ
ɛð.i,ɛð.u,ɛði,ɛðu,ɛði,ɛðu
ɛð.e,ɛð.o,ɛðe,ɛðo,ɛðeɪ,ɛðoʊ
ɛð.u,ɛð.i,ɛðu,ɛði,ɛðu,ɛði
ɛð.o,ɛð.e,ɛðo,ɛðe,ɛðoʊ,ɛðeɪ
ʊm.i,ʊm.u,ʊmi,ʊmu,ʊmi,ʊmu
ʊm.e,ʊm.o,ʊme,ʊmo,ʊmeɪ,ʊmoʊ
ʊm.u,ʊm.i,ʊmu,ʊmi,ʊmu,ʊmi
ʊm.o,ʊm.e,ʊmo,ʊme,ʊmoʊ,ʊmeɪ
ʊn.i,ʊn.u,ʊni,ʊnu,ʊni,ʊnu
ʊn.e,ʊn.o,ʊne,ʊno,ʊneɪ,ʊnoʊ
ʊn.u,ʊn.i,ʊnu,ʊni,ʊnu,ʊni
ʊn.o,ʊn.e,ʊno,ʊne,ʊnoʊ,ʊneɪ
ʊŋ.i,ʊŋ.u,ʊŋi,ʊŋu,ʊŋi,ʊŋu
ʊŋ.e,ʊŋ.o,ʊŋe,ʊŋo,ʊŋeɪ,ʊŋoʊ
ʊŋ.u,ʊŋ.i,ʊŋu,ʊŋi,ʊŋu,ʊŋi
ʊŋ.o,ʊŋ.e,ʊŋo,ʊŋe,ʊŋoʊ,ʊŋeɪ
ʊp.i,ʊp.u,ʊpi,ʊpu,ʊpi,ʊpu
ʊp.e,ʊp.o,ʊpe,ʊpo,ʊpeɪ,ʊpoʊ
ʊp.u,ʊp.i,ʊpu,ʊpi,ʊpu,ʊpi
ʊp.o,ʊp.e,ʊpo,ʊpe,ʊpoʊ,ʊpeɪ
ʊt.i,ʊt.u,ʊti,ʊtu,ʊti,ʊtu
ʊt.e,ʊt.o,ʊte,ʊto,ʊteɪ,ʊtoʊ
ʊt.u,ʊt.i,ʊtu,ʊti,ʊtu,ʊti
ʊt.o,ʊt.e,ʊto,ʊte,ʊtoʊ,ʊteɪ
ʊk.i,ʊk.u,ʊki,ʊku,ʊki,ʊku
ʊk.e,ʊk.o,ʊke,ʊko,ʊkeɪ,ʊkoʊ
ʊk.u,ʊk.i,ʊku,ʊki,ʊku,ʊki
ʊk.o,ʊk.e,ʊko,ʊke,ʊkoʊ,ʊkeɪ
ʊb.i,ʊb.u,ʊbi,ʊbu,ʊbi,ʊbu
ʊb.e,ʊb.o,ʊbe,ʊbo,ʊbeɪ,ʊboʊ
ʊb.u,ʊb.i,ʊbu,ʊbi,ʊbu,ʊbi
ʊb.o,ʊb.e,ʊbo,ʊbe,ʊboʊ,ʊbeɪ
ʊd.i,ʊd.u,ʊdi,ʊdu,ʊdi,ʊdu
ʊd.e,ʊd.o,ʊde,ʊdo,ʊdeɪ,ʊdoʊ
ʊd.u,ʊd.i,ʊdu,ʊdi,ʊdu,ʊdi
ʊd.o,ʊd.e,ʊdo,ʊde,ʊdoʊ,ʊdeɪ
ʊg.i,ʊg.u,ʊgi,ʊgu,ʊgi,ʊgu
ʊg.e,ʊg.o,ʊge,ʊgo,ʊgeɪ,ʊgoʊ
ʊg.u,ʊg.i,ʊgu,ʊgi,ʊgu,ʊgi
ʊg.o,ʊg.e,ʊgo,ʊge,ʊgoʊ,ʊgeɪ
ʊf.i,ʊf.u,ʊfi,ʊfu,ʊfi,ʊfu
ʊf.e,ʊf.o,ʊfe,ʊfo,ʊfeɪ,ʊfoʊ
ʊf.u,ʊf.i,ʊfu,ʊfi,ʊfu,ʊfi
ʊf.o,ʊf.e,ʊfo,ʊfe,ʊfoʊ,ʊfeɪ
ʊs.i,ʊs.u,ʊsi,ʊsu,ʊsi,ʊsu
ʊs.e,ʊs.o,ʊse,ʊso,ʊseɪ,ʊsoʊ
ʊs.u,ʊs.i,ʊsu,ʊsi,ʊsu,ʊsi
ʊs.o,ʊs.e,ʊso,ʊse,ʊsoʊ,ʊseɪ
ʊv.i,ʊv.u,ʊvi,ʊvu,ʊvi,ʊvu
ʊv.e,ʊv.o,ʊve,ʊvo,ʊveɪ,ʊvoʊ
ʊv.u,ʊv.i,ʊvu,ʊvi,ʊvu,ʊvi
ʊv.o,ʊv.e,ʊvo,ʊve,ʊvoʊ,ʊveɪ
ʊz.i,ʊz.u,ʊzi,ʊzu,ʊzi,ʊzu
ʊz.e,ʊz.o,ʊze,ʊzo,ʊzeɪ,ʊzoʊ
ʊz.u,ʊz.i,ʊzu,ʊzi,ʊzu,ʊzi
ʊz.o,ʊz.e,ʊzo,ʊze,ʊzoʊ,ʊzeɪ
ʊʃ.i,ʊʃ.u,ʊʃi,ʊʃu,ʊʃi,ʊʃu
ʊʃ.e,ʊʃ.o,ʊʃe,ʊʃo,ʊʃeɪ,ʊʃoʊ
ʊʃ.u,ʊʃ.i,ʊʃu,ʊʃi,ʊʃu,ʊʃi
ʊʃ.o,ʊʃ.e,ʊʃo,ʊʃe,ʊʃoʊ,ʊʃeɪ
ʊʒ.i,ʊʒ.u,ʊʒi,ʊʒu,ʊʒi,ʊʒu
ʊʒ.e,ʊʒ.o,ʊʒe,ʊʒo,ʊʒeɪ,ʊʒoʊ
ʊʒ.u,ʊʒ.i,ʊʒu,ʊʒi,ʊʒu,ʊʒi
ʊʒ.o,ʊʒ.e,ʊʒo,ʊʒe,ʊʒoʊ,ʊʒeɪ
ʊθ.i,ʊθ.u,ʊθi,ʊθu,ʊθi,ʊθu
ʊθ.e,ʊθ.o,ʊθe,ʊθo,ʊθeɪ,ʊθoʊ
ʊθ.u,ʊθ.i,ʊθu,ʊθi,ʊθu,ʊθi
ʊθ.o,ʊθ.e,ʊθo,ʊθe,ʊθoʊ,ʊθeɪ
ʊð.i,ʊð.u,ʊði,ʊðu,ʊði,ʊðu
ʊð.e,ʊð.o,ʊðe,ʊðo,ʊðeɪ,ʊðoʊ
ʊð.u,ʊð.i,ʊðu,ʊði,ʊðu,ʊði
ʊð.o,ʊð.e,ʊðo,ʊðe,ʊðoʊ,ʊðeɪ
ɔm.i,ɔm.u,ɔmi,ɔmu,ɔmi,ɔmu
ɔm.e,ɔm.o,ɔme,ɔmo,ɔmeɪ,ɔmoʊ
ɔm.u,ɔm.i,ɔmu,ɔmi,ɔmu,ɔmi
ɔm.o,ɔm.e,ɔmo,ɔme,ɔmoʊ,ɔmeɪ
ɔn.i,ɔn.u,ɔni,ɔnu,ɔni,ɔnu
ɔn.e,ɔn.o,ɔne,ɔno,ɔneɪ,ɔnoʊ
ɔn.u,ɔn.i,ɔnu,ɔni,ɔnu,ɔni
ɔn.o,ɔn.e,ɔno,ɔne,ɔnoʊ,ɔneɪ
ɔŋ.i,ɔŋ.u,ɔŋi,ɔŋu,ɔŋi,ɔŋu
ɔŋ.e,ɔŋ.o,ɔŋe,ɔŋo,ɔŋeɪ,ɔŋoʊ
ɔŋ.u,ɔŋ.i,ɔŋu,ɔŋi,ɔŋu,ɔŋi
ɔŋ.o,ɔŋ.e,ɔŋo,ɔŋe,ɔŋoʊ,ɔŋeɪ
ɔp.i,ɔp.u,ɔpi,ɔpu,ɔpi,ɔpu
ɔp.e,ɔp.o,ɔpe,ɔpo,ɔpeɪ,ɔpoʊ
ɔp.u,ɔp.i,ɔpu,ɔpi,ɔpu,ɔpi
ɔp.o,ɔp.e,ɔpo,ɔpe,ɔpoʊ,ɔpeɪ
ɔt.i,ɔt.u,ɔti,ɔtu,ɔti,ɔtu
ɔt.e,ɔt.o,ɔte,ɔto,ɔteɪ,ɔtoʊ
ɔt.u,ɔt.i,ɔtu,ɔti,ɔtu,ɔti
ɔt.o,ɔt.e,ɔto,ɔte,ɔtoʊ,ɔteɪ
ɔk.i,ɔk.u,ɔki,ɔku,ɔki,ɔku
ɔk.e,ɔk.o,ɔke,ɔko,ɔkeɪ,ɔkoʊ
ɔk.u,ɔk.i,ɔku,ɔki,ɔku,ɔki
ɔk.o,ɔk.e,ɔko,ɔke,ɔkoʊ,ɔkeɪ
ɔb.i,ɔb.u,ɔbi,ɔbu,ɔbi,ɔbu
ɔb.e,ɔb.o,ɔbe,ɔbo,ɔbeɪ,ɔboʊ
ɔb.u,ɔb.i,ɔbu,ɔbi,ɔbu,ɔbi
ɔb.o,ɔb.e,ɔbo,ɔbe,ɔboʊ,ɔbeɪ
ɔd.i,ɔd.u,ɔdi,ɔdu,ɔdi,ɔdu
ɔd.e,ɔd.o,ɔde,ɔdo,ɔdeɪ,ɔdoʊ
ɔd.u,ɔd.i,ɔdu,ɔdi,ɔdu,ɔdi
ɔd.o,ɔd.e,ɔdo,ɔde,ɔdoʊ,ɔdeɪ
ɔg.i,ɔg.u,ɔgi,ɔgu,ɔgi,ɔgu
ɔg.e,ɔg.o,ɔge,ɔgo,ɔgeɪ,ɔgoʊ
ɔg.u,ɔg.i,ɔgu,ɔgi,ɔgu,ɔgi
ɔg.o,ɔg.e,ɔgo,ɔge,ɔgoʊ,ɔgeɪ
ɔf.i,ɔf.u,ɔfi,ɔfu,ɔfi,ɔfu
ɔf.e,ɔf.o,ɔfe,ɔfo,ɔfeɪ,ɔfoʊ
ɔf.u,ɔf.i,ɔfu,ɔfi,ɔfu,ɔfi
ɔf.o,ɔf.e,ɔfo,ɔfe,ɔfoʊ,ɔfeɪ
ɔs.i,ɔs.u,ɔsi,ɔsu,ɔsi,ɔsu
ɔs.e,ɔs.o,ɔse,ɔso,ɔseɪ,ɔsoʊ
ɔs.u,ɔs.i,ɔsu,ɔsi,ɔsu,ɔsi
ɔs.o,ɔs.e,ɔso,ɔse,ɔsoʊ,ɔseɪ
ɔv.i,ɔv.u,ɔvi,ɔvu,ɔvi,ɔvu
ɔv.e,ɔv.o,ɔve,ɔvo,ɔveɪ,ɔvoʊ
ɔv.u,ɔv.i,ɔvu,ɔvi,ɔvu,ɔvi
ɔv.o,ɔv.e,ɔvo,ɔve,ɔvoʊ,ɔveɪ
ɔz.i,ɔz.u,ɔzi,ɔzu,ɔzi,ɔzu
ɔz.e,ɔz.o,ɔze,ɔzo,ɔzeɪ,ɔzoʊ
ɔz.u,ɔz.i,ɔzu,ɔzi,ɔzu,ɔzi
ɔz.o,ɔz.e,ɔzo,ɔze,ɔzoʊ,ɔzeɪ
ɔʃ.i,ɔʃ.u,ɔʃi,ɔʃu,ɔʃi,ɔʃu
ɔʃ.e,ɔʃ.o,ɔʃe,ɔʃo,ɔʃeɪ,ɔʃoʊ
ɔʃ.u,ɔʃ.i,ɔʃu,ɔʃi,ɔʃu,ɔʃi
ɔʃ.o,ɔʃ.e,ɔʃo,ɔʃe,ɔʃoʊ,ɔʃeɪ
ɔʒ.i,ɔʒ.u,ɔʒi,ɔʒu,ɔʒi,ɔʒu
ɔʒ.e,ɔʒ.o,ɔʒe,ɔʒo,ɔʒeɪ,ɔʒoʊ
ɔʒ.u,ɔʒ.i,ɔʒu,ɔʒi,ɔʒu,ɔʒi
ɔʒ.o,ɔʒ.e,ɔʒo,ɔʒe,ɔʒoʊ,ɔʒeɪ
ɔθ.i,ɔθ.u,ɔθi,ɔθu,ɔθi,ɔθu
ɔθ.e,ɔθ.o,ɔθe,ɔθo,ɔθeɪ,ɔθoʊ
ɔθ.u,ɔθ.i,ɔθu,ɔθi,ɔθu,ɔθi
ɔθ.o,ɔθ.e,ɔθo,ɔθe,ɔθoʊ,ɔθeɪ
ɔð.i,ɔð.u,ɔði,ɔðu,ɔði,ɔðu
ɔð.e,ɔð.o,ɔðe,ɔðo,ɔðeɪ,ɔðoʊ
ɔð.u,ɔð.i,ɔðu,ɔði,ɔðu,ɔði
ɔð.o,ɔð.e,ɔðo,ɔðe,ɔðoʊ,ɔðeɪ
ɪm.ɪm,ɪm.ʊm,ɪmɪm,ɪmʊm,ɪmɪm,ɪmʊm
ɪm.ɪn,ɪm.ʊn,ɪmɪn,ɪmʊn,ɪmɪn,ɪmʊn
ɪm.ɪŋ,ɪm.ʊŋ,ɪmɪŋ,ɪmʊŋ,ɪmɪŋ,ɪmʊŋ
ɪm.ɪp,ɪm.ʊp,ɪmɪp,ɪmʊp,ɪmɪp,ɪmʊp
ɪm.ɪt,ɪm.ʊt,ɪmɪt,ɪmʊt,ɪmɪt,ɪmʊt
ɪm.ɪk,ɪm.ʊk,ɪmɪk,ɪmʊk,ɪmɪk,ɪmʊk
ɪm.ɪb,ɪm.ʊb,ɪmɪb,ɪmʊb,ɪmɪb,ɪmʊb
ɪm.ɪd,ɪm.ʊd,ɪmɪd,ɪmʊd,ɪmɪd,ɪmʊd
ɪm.ɪg,ɪm.ʊg,ɪmɪg,ɪmʊg,ɪmɪg,ɪmʊg
ɪm.ɪf,ɪm.ʊf,ɪmɪf,ɪmʊf,ɪmɪf,ɪmʊf
ɪm.ɪs,ɪm.ʊs,ɪmɪs,ɪmʊs,ɪmɪs,ɪmʊs
ɪm.ɪv,ɪm.ʊv,ɪmɪv,ɪmʊv,ɪmɪv,ɪmʊv
ɪm.ɪz,ɪm.ʊz,ɪmɪz,ɪmʊz,ɪmɪz,ɪmʊz
ɪm.ɪʃ,ɪm.ʊʃ,ɪmɪʃ,ɪmʊʃ,ɪmɪʃ,ɪmʊʃ
ɪm.ɪʒ,ɪm.ʊʒ,ɪmɪʒ,ɪmʊʒ,ɪmɪʒ,ɪmʊʒ
ɪm.ɪθ,ɪm.ʊθ,ɪmɪθ,ɪmʊθ,ɪmɪθ,ɪmʊθ
ɪm.ɪð,ɪm.ʊð,ɪmɪð,ɪmʊð,ɪmɪð,ɪmʊð
ɪm.ɛm,ɪm.ɔm,ɪmɛm,ɪmɔm,ɪmɛm,ɪmɔm
ɪm.ɛn,ɪm.ɔn,ɪmɛn,ɪmɔn,ɪmɛn,ɪmɔn
ɪm.ɛŋ,ɪm.ɔŋ,ɪmɛŋ,ɪmɔŋ,ɪmɛŋ,ɪmɔŋ
ɪm.ɛp,ɪm.ɔp,ɪmɛp,ɪmɔp,ɪmɛp,ɪmɔp
ɪm.ɛt,ɪm.ɔt,ɪmɛt,ɪmɔt,ɪmɛt,ɪmɔt
ɪm.ɛk,ɪm.ɔk,ɪmɛk,ɪmɔk,ɪmɛk,ɪmɔk
ɪm.ɛb,ɪm.ɔb,ɪmɛb,ɪmɔb,ɪmɛb,ɪmɔb
ɪm.ɛd,ɪm.ɔd,ɪmɛd,ɪmɔd,ɪmɛd,ɪmɔd
ɪm.ɛg,ɪm.ɔg,ɪmɛg,ɪmɔg,ɪmɛg,ɪmɔg
ɪm.ɛf,ɪm.ɔf,ɪmɛf,ɪmɔf,ɪmɛf,ɪmɔf
ɪm.ɛs,ɪm.ɔs,ɪmɛs,ɪmɔs,ɪmɛs,ɪmɔs
ɪm.ɛv,ɪm.ɔv,ɪmɛv,ɪmɔv,ɪmɛv,ɪmɔv
ɪm.ɛz,ɪm.ɔz,ɪmɛz,ɪmɔz,ɪmɛz,ɪmɔz
ɪm.ɛʃ,ɪm.ɔʃ,ɪmɛʃ,ɪmɔʃ,ɪmɛʃ,ɪmɔʃ
ɪm.ɛʒ,ɪm.ɔʒ,ɪmɛʒ,ɪmɔʒ,ɪmɛʒ,ɪmɔʒ
ɪm.ɛθ,ɪm.ɔθ,ɪmɛθ,ɪmɔθ,ɪmɛθ,ɪmɔθ
ɪm.ɛð,ɪm.ɔð,ɪmɛð,ɪmɔð,ɪmɛð,ɪmɔð
ɪm.ʊm,ɪm.ɪm,ɪmʊm,ɪmɪm,ɪmʊm,ɪmɪm
ɪm.ʊn,ɪm.ɪn,ɪmʊn,ɪmɪn,ɪmʊn,ɪmɪn
ɪm.ʊŋ,ɪm.ɪŋ,ɪmʊŋ,ɪmɪŋ,ɪmʊŋ,ɪmɪŋ
ɪm.ʊp,ɪm.ɪp,ɪmʊp,ɪmɪp,ɪmʊp,ɪmɪp
ɪm.ʊt,ɪm.ɪt,ɪmʊt,ɪmɪt,ɪmʊt,ɪmɪt
ɪm.ʊk,ɪm.ɪk,ɪmʊk,ɪmɪk,ɪmʊk,ɪmɪk
ɪm.ʊb,ɪm.ɪb,ɪmʊb,ɪmɪb,ɪmʊb,ɪmɪb
ɪm.ʊd,ɪm.ɪd,ɪmʊd,ɪmɪd,ɪmʊd,ɪmɪd
ɪm.ʊg,ɪm.ɪg,ɪmʊg,ɪmɪg,ɪmʊg,ɪmɪg
ɪm.ʊf,ɪm.ɪf,ɪmʊf,ɪmɪf,ɪmʊf,ɪmɪf
ɪm.ʊs,ɪm.ɪs,ɪmʊs,ɪmɪs,ɪmʊs,ɪmɪs
ɪm.ʊv,ɪm.ɪv,ɪmʊv,ɪmɪv,ɪmʊv,ɪmɪv
ɪm.ʊz,ɪm.ɪz,ɪmʊz,ɪmɪz,ɪmʊz,ɪmɪz
ɪm.ʊʃ,ɪm.ɪʃ,ɪmʊʃ,ɪmɪʃ,ɪmʊʃ,ɪmɪʃ
ɪm.ʊʒ,ɪm.ɪʒ,ɪmʊʒ,ɪmɪʒ,ɪmʊʒ,ɪmɪʒ
ɪm.ʊθ,ɪm.ɪθ,ɪmʊθ,ɪmɪθ,ɪmʊθ,ɪmɪθ
ɪm.ʊð,ɪm.ɪð,ɪmʊð,ɪmɪð,ɪmʊð,ɪmɪð
ɪm.ɔm,ɪm.ɛm,ɪmɔm,ɪmɛm,ɪmɔm,ɪmɛm
ɪm.ɔn,ɪm.ɛn,ɪmɔn,ɪmɛn,ɪmɔn,ɪmɛn
ɪm.ɔŋ,ɪm.ɛŋ,ɪmɔŋ,ɪmɛŋ,ɪmɔŋ,ɪmɛŋ
ɪm.ɔp,ɪm.ɛp,ɪmɔp,ɪmɛp,ɪmɔp,ɪmɛp
ɪm.ɔt,ɪm.ɛt,ɪmɔt,ɪmɛt,ɪmɔt,ɪmɛt
ɪm.ɔk,ɪm.ɛk,ɪmɔk,ɪmɛk,ɪmɔk,ɪmɛk
ɪm.ɔb,ɪm.ɛb,ɪmɔb,ɪmɛb,ɪmɔb,ɪmɛb
ɪm.ɔd,ɪm.ɛd,ɪmɔd,ɪmɛd,ɪmɔd,ɪmɛd
ɪm.ɔg,ɪm.ɛg,ɪmɔg,ɪmɛg,ɪmɔg,ɪmɛg
ɪm.ɔf,ɪm.ɛf,ɪmɔf,ɪmɛf,ɪmɔf,ɪmɛf
ɪm.ɔs,ɪm.ɛs,ɪmɔs,ɪmɛs,ɪmɔs,ɪmɛs
ɪm.ɔv,ɪm.ɛv,ɪmɔv,ɪmɛv,ɪmɔv,ɪmɛv
ɪm.ɔz,ɪm.ɛz,ɪmɔz,ɪmɛz,ɪmɔz,ɪmɛz
ɪm.ɔʃ,ɪm.ɛʃ,ɪmɔʃ,ɪmɛʃ,ɪmɔʃ,ɪmɛʃ
ɪm.ɔʒ,ɪm.ɛʒ,ɪmɔʒ,ɪmɛʒ,ɪmɔʒ,ɪmɛʒ
ɪm.ɔθ,ɪm.ɛθ,ɪmɔθ,ɪmɛθ,ɪmɔθ,ɪmɛθ
ɪm.ɔð,ɪm.ɛð,ɪmɔð,ɪmɛð,ɪmɔð,ɪmɛð
ɪn.ɪm,ɪn.ʊm,ɪnɪm,ɪnʊm,ɪnɪm,ɪnʊm
ɪn.ɪn,ɪn.ʊn,ɪnɪn,ɪnʊn,ɪnɪn,ɪnʊn
ɪn.ɪŋ,ɪn.ʊŋ,ɪnɪŋ,ɪnʊŋ,ɪnɪŋ,ɪnʊŋ
ɪn.ɪp,ɪn.ʊp,ɪnɪp,ɪnʊp,ɪnɪp,ɪnʊp
ɪn.ɪt,ɪn.ʊt,ɪnɪt,ɪnʊt,ɪnɪt,ɪnʊt
ɪn.ɪk,ɪn.ʊk,ɪnɪk,ɪnʊk,ɪnɪk,ɪnʊk
ɪn.ɪb,ɪn.ʊb,ɪnɪb,ɪnʊb,ɪnɪb,ɪnʊb
ɪn.ɪd,ɪn.ʊd,ɪnɪd,ɪnʊd,ɪnɪd,ɪnʊd
ɪn.ɪg,ɪn.ʊg,ɪnɪg,ɪnʊg,ɪnɪg,ɪnʊg
ɪn.ɪf,ɪn.ʊf,ɪnɪf,ɪnʊf,ɪnɪf,ɪnʊf
ɪn.ɪs,ɪn.ʊs,ɪnɪs,ɪnʊs,ɪnɪs,ɪnʊs
ɪn.ɪv,ɪn.ʊv,ɪnɪv,ɪnʊv,ɪnɪv,ɪnʊv
ɪn.ɪz,ɪn.ʊz,ɪnɪz,ɪnʊz,ɪnɪz,ɪnʊz
ɪn.ɪʃ,ɪn.ʊʃ,ɪnɪʃ,ɪnʊʃ,ɪnɪʃ,ɪnʊʃ
ɪn.ɪʒ,ɪn.ʊʒ,ɪnɪʒ,ɪnʊʒ,ɪnɪʒ,ɪnʊʒ
ɪn.ɪθ,ɪn.ʊθ,ɪnɪθ,ɪnʊθ,ɪnɪθ,ɪnʊθ
ɪn.ɪð,ɪn.ʊð,ɪnɪð,ɪnʊð,ɪnɪð,ɪnʊð
ɪn.ɛm,ɪn.ɔm,ɪnɛm,ɪnɔm,ɪnɛm,ɪnɔm
ɪn.ɛn,ɪn.ɔn,ɪnɛn,ɪnɔn,ɪnɛn,ɪnɔn
ɪn.ɛŋ,ɪn.ɔŋ,ɪnɛŋ,ɪnɔŋ,ɪnɛŋ,ɪnɔŋ
ɪn.ɛp,ɪn.ɔp,ɪnɛp,ɪnɔp,ɪnɛp,ɪnɔp
ɪn.ɛt,ɪn.ɔt,ɪnɛt,ɪnɔt,ɪnɛt,ɪnɔt
ɪn.ɛk,ɪn.ɔk,ɪnɛk,ɪnɔk,ɪnɛk,ɪnɔk
ɪn.ɛb,ɪn.ɔb,ɪnɛb,ɪnɔb,ɪnɛb,ɪnɔb
ɪn.ɛd,ɪn.ɔd,ɪnɛd,ɪnɔd,ɪnɛd,ɪnɔd
ɪn.ɛg,ɪn.ɔg,ɪnɛg,ɪnɔg,ɪnɛg,ɪnɔg
ɪn.ɛf,ɪn.ɔf,ɪnɛf,ɪnɔf,ɪnɛf,ɪnɔf
ɪn.ɛs,ɪn.ɔs,ɪnɛs,ɪnɔs,ɪnɛs,ɪnɔs
ɪn.ɛv,ɪn.ɔv,ɪnɛv,ɪnɔv,ɪnɛv,ɪnɔv
ɪn.ɛz,ɪn.ɔz,ɪnɛz,ɪnɔz,ɪnɛz,ɪnɔz
ɪn.ɛʃ,ɪn.ɔʃ,ɪnɛʃ,ɪnɔʃ,ɪnɛʃ,ɪnɔʃ
ɪn.ɛʒ,ɪn.ɔʒ,ɪnɛʒ,ɪnɔʒ,ɪnɛʒ,ɪnɔʒ
ɪn.ɛθ,ɪn.ɔθ,ɪnɛθ,ɪnɔθ,ɪnɛθ,ɪnɔθ
ɪn.ɛð,ɪn.ɔð,ɪnɛð,ɪnɔð,ɪnɛð,ɪnɔð
ɪn.ʊm,ɪn.ɪm,ɪnʊm,ɪnɪm,ɪnʊm,ɪnɪm
ɪn.ʊn,ɪn.ɪn,ɪnʊn,ɪnɪn,ɪnʊn,ɪnɪn
ɪn.ʊŋ,ɪn.ɪŋ,ɪnʊŋ,ɪnɪŋ,ɪnʊŋ,ɪnɪŋ
ɪn.ʊp,ɪn.ɪp,ɪnʊp,ɪnɪp,ɪnʊp,ɪnɪp
ɪn.ʊt,ɪn.ɪt,ɪnʊt,ɪnɪt,ɪnʊt,ɪnɪt
ɪn.ʊk,ɪn.ɪk,ɪnʊk,ɪnɪk,ɪnʊk,ɪnɪk
ɪn.ʊb,ɪn.ɪb,ɪnʊb,ɪnɪb,ɪnʊb,ɪnɪb
ɪn.ʊd,ɪn.ɪd,ɪnʊd,ɪnɪd,ɪnʊd,ɪnɪd
ɪn.ʊg,ɪn.ɪg,ɪnʊg,ɪnɪg,ɪnʊg,ɪnɪg
ɪn.ʊf,ɪn.ɪf,ɪnʊf,ɪnɪf,ɪnʊf,ɪnɪf
ɪn.ʊs,ɪn.ɪs,ɪnʊs,ɪnɪs,ɪnʊs,ɪnɪs
ɪn.ʊv,ɪn.ɪv,ɪnʊv,ɪnɪv,ɪnʊv,ɪnɪv
ɪn.ʊz,ɪn.ɪz,ɪnʊz,ɪnɪz,ɪnʊz,ɪnɪz
ɪn.ʊʃ,ɪn.ɪʃ,ɪnʊʃ,ɪnɪʃ,ɪnʊʃ,ɪnɪʃ
ɪn.ʊʒ,ɪn.ɪʒ,ɪnʊʒ,ɪnɪʒ,ɪnʊʒ,ɪnɪʒ
ɪn.ʊθ,ɪn.ɪθ,ɪnʊθ,ɪnɪθ,ɪnʊθ,ɪnɪθ
ɪn.ʊð,ɪn.ɪð,ɪnʊð,ɪnɪð,ɪnʊð,ɪnɪð
ɪn.ɔm,ɪn.ɛm,ɪnɔm,ɪnɛm,ɪnɔm,ɪnɛm
ɪn.ɔn,ɪn.ɛn,ɪnɔn,ɪnɛn,ɪnɔn,ɪnɛn
ɪn.ɔŋ,ɪn.ɛŋ,ɪnɔŋ,ɪnɛŋ,ɪnɔŋ,ɪnɛŋ
ɪn.ɔp,ɪn.ɛp,ɪnɔp,ɪnɛp,ɪnɔp,ɪnɛp
ɪn.ɔt,ɪn.ɛt,ɪnɔt,ɪnɛt,ɪnɔt,ɪnɛt
ɪn.ɔk,ɪn.ɛk,ɪnɔk,ɪnɛk,ɪnɔk,ɪnɛk
ɪn.ɔb,ɪn.ɛb,ɪnɔb,ɪnɛb,ɪnɔb,ɪnɛb
ɪn.ɔd,ɪn.ɛd,ɪnɔd,ɪnɛd,ɪnɔd,ɪnɛd
ɪn.ɔg,ɪn.ɛg,ɪnɔg,ɪnɛg,ɪnɔg,ɪnɛg
ɪn.ɔf,ɪn.ɛf,ɪnɔf,ɪnɛf,ɪnɔf,ɪnɛf
ɪn.ɔs,ɪn.ɛs,ɪnɔs,ɪnɛs,ɪnɔs,ɪnɛs
ɪn.ɔv,ɪn.ɛv,ɪnɔv,ɪnɛv,ɪnɔv,ɪnɛv
ɪn.ɔz,ɪn.ɛz,ɪnɔz,ɪnɛz,ɪnɔz,ɪnɛz
ɪn.ɔʃ,ɪn.ɛʃ,ɪnɔʃ,ɪnɛʃ,ɪnɔʃ,ɪnɛʃ
ɪn.ɔʒ,ɪn.ɛʒ,ɪnɔʒ,ɪnɛʒ,ɪnɔʒ,ɪnɛʒ
ɪn.ɔθ,ɪn.ɛθ,ɪnɔθ,ɪnɛθ,ɪnɔθ,ɪnɛθ
ɪn.ɔð,ɪn.ɛð,ɪnɔð,ɪnɛð,ɪnɔð,ɪnɛð
ɪŋ.ɪm,ɪŋ.ʊm,ɪŋɪm,ɪŋʊm,ɪŋɪm,ɪŋʊm
ɪŋ.ɪn,ɪŋ.ʊn,ɪŋɪn,ɪŋʊn,ɪŋɪn,ɪŋʊn
ɪŋ.ɪŋ,ɪŋ.ʊŋ,ɪŋɪŋ,ɪŋʊŋ,ɪŋɪŋ,ɪŋʊŋ
ɪŋ.ɪp,ɪŋ.ʊp,ɪŋɪp,ɪŋʊp,ɪŋɪp,ɪŋʊp
ɪŋ.ɪt,ɪŋ.ʊt,ɪŋɪt,ɪŋʊt,ɪŋɪt,ɪŋʊt
ɪŋ.ɪk,ɪŋ.ʊk,ɪŋɪk,ɪŋʊk,ɪŋɪk,ɪŋʊk
ɪŋ.ɪb,ɪŋ.ʊb,ɪŋɪb,ɪŋʊb,ɪŋɪb,ɪŋʊb
ɪŋ.ɪd,ɪŋ.ʊd,ɪŋɪd,ɪŋʊd,ɪŋɪd,ɪŋʊd
ɪŋ.ɪg,ɪŋ.ʊg,ɪŋɪg,ɪŋʊg,ɪŋɪg,ɪŋʊg
ɪŋ.ɪf,ɪŋ.ʊf,ɪŋɪf,ɪŋʊf,ɪŋɪf,ɪŋʊf
ɪŋ.ɪs,ɪŋ.ʊs,ɪŋɪs,ɪŋʊs,ɪŋɪs,ɪŋʊs
ɪŋ.ɪv,ɪŋ.ʊv,ɪŋɪv,ɪŋʊv,ɪŋɪv,ɪŋʊv
ɪŋ.ɪz,ɪŋ.ʊz,ɪŋɪz,ɪŋʊz,ɪŋɪz,ɪŋʊz
ɪŋ.ɪʃ,ɪŋ.ʊʃ,ɪŋɪʃ,ɪŋʊʃ,ɪŋɪʃ,ɪŋʊʃ
ɪŋ.ɪʒ,ɪŋ.ʊʒ,ɪŋɪʒ,ɪŋʊʒ,ɪŋɪʒ,ɪŋʊʒ
ɪŋ.ɪθ,ɪŋ.ʊθ,ɪŋɪθ,ɪŋʊθ,ɪŋɪθ,ɪŋʊθ
ɪŋ.ɪð,ɪŋ.ʊð,ɪŋɪð,ɪŋʊð,ɪŋɪð,ɪŋʊð
ɪŋ.ɛm,ɪŋ.ɔm,ɪŋɛm,ɪŋɔm,ɪŋɛm,ɪŋɔm
ɪŋ.ɛn,ɪŋ.ɔn,ɪŋɛn,ɪŋɔn,ɪŋɛn,ɪŋɔn
ɪŋ.ɛŋ,ɪŋ.ɔŋ,ɪŋɛŋ,ɪŋɔŋ,ɪŋɛŋ,ɪŋɔŋ
ɪŋ.ɛp,ɪŋ.ɔp,ɪŋɛp,ɪŋɔp,ɪŋɛp,ɪŋɔp
ɪŋ.ɛt,ɪŋ.ɔt,ɪŋɛt,ɪŋɔt,ɪŋɛt,ɪŋɔt
ɪŋ.ɛk,ɪŋ.ɔk,ɪŋɛk,ɪŋɔk,ɪŋɛk,ɪŋɔk
ɪŋ.ɛb,ɪŋ.ɔb,ɪŋɛb,ɪŋɔb,ɪŋɛb,ɪŋɔb
ɪŋ.ɛd,ɪŋ.ɔd,ɪŋɛd,ɪŋɔd,ɪŋɛd,ɪŋɔd
ɪŋ.ɛg,ɪŋ.ɔg,ɪŋɛg,ɪŋɔg,ɪŋɛg,ɪŋɔg
ɪŋ.ɛf,ɪŋ.ɔf,ɪŋɛf,ɪŋɔf,ɪŋɛf,ɪŋɔf
ɪŋ.ɛs,ɪŋ.ɔs,ɪŋɛs,ɪŋɔs,ɪŋɛs,ɪŋɔs
ɪŋ.ɛv,ɪŋ.ɔv,ɪŋɛv,ɪŋɔv,ɪŋɛv,ɪŋɔv
ɪŋ.ɛz,ɪŋ.ɔz,ɪŋɛz,ɪŋɔz,ɪŋɛz,ɪŋɔz
ɪŋ.ɛʃ,ɪŋ.ɔʃ,ɪŋɛʃ,ɪŋɔʃ,ɪŋɛʃ,ɪŋɔʃ
ɪŋ.ɛʒ,ɪŋ.ɔʒ,ɪŋɛʒ,ɪŋɔʒ,ɪŋɛʒ,ɪŋɔʒ
ɪŋ.ɛθ,ɪŋ.ɔθ,ɪŋɛθ,ɪŋɔθ,ɪŋɛθ,ɪŋɔθ
ɪŋ.ɛð,ɪŋ.ɔð,ɪŋɛð,ɪŋɔð,ɪŋɛð,ɪŋɔð
ɪŋ.ʊm,ɪŋ.ɪm,ɪŋʊm,ɪŋɪm,ɪŋʊm,ɪŋɪm
ɪŋ.ʊn,ɪŋ.ɪn,ɪŋʊn,ɪŋɪn,ɪŋʊn,ɪŋɪn
ɪŋ.ʊŋ,ɪŋ.ɪŋ,ɪŋʊŋ,ɪŋɪŋ,ɪŋʊŋ,ɪŋɪŋ
ɪŋ.ʊp,ɪŋ.ɪp,ɪŋʊp,ɪŋɪp,ɪŋʊp,ɪŋɪp
ɪŋ.ʊt,ɪŋ.ɪt,ɪŋʊt,ɪŋɪt,ɪŋʊt,ɪŋɪt
ɪŋ.ʊk,ɪŋ.ɪk,ɪŋʊk,ɪŋɪk,ɪŋʊk,ɪŋɪk
ɪŋ.ʊb,ɪŋ.ɪb,ɪŋʊb,ɪŋɪb,ɪŋʊb,ɪŋɪb
ɪŋ.ʊd,ɪŋ.ɪd,ɪŋʊd,ɪŋɪd,ɪŋʊd,ɪŋɪd
ɪŋ.ʊg,ɪŋ.ɪg,ɪŋʊg,ɪŋɪg,ɪŋʊg,ɪŋɪg
ɪŋ.ʊf,ɪŋ.ɪf,ɪŋʊf,ɪŋɪf,ɪŋʊf,ɪŋɪf
ɪŋ.ʊs,ɪŋ.ɪs,ɪŋʊs,ɪŋɪs,ɪŋʊs,ɪŋɪs
ɪŋ.ʊv,ɪŋ.ɪv,ɪŋʊv,ɪŋɪv,ɪŋʊv,ɪŋɪv
ɪŋ.ʊz,ɪŋ.ɪz,ɪŋʊz,ɪŋɪz,ɪŋʊz,ɪŋɪz
ɪŋ.ʊʃ,ɪŋ.ɪʃ,ɪŋʊʃ,ɪŋɪʃ,ɪŋʊʃ,ɪŋɪʃ
ɪŋ.ʊʒ,ɪŋ.ɪʒ,ɪŋʊʒ,ɪŋɪʒ,ɪŋʊʒ,ɪŋɪʒ
ɪŋ.ʊθ,ɪŋ.ɪθ,ɪŋʊθ,ɪŋɪθ,ɪŋʊθ,ɪŋɪθ
ɪŋ.ʊð,ɪŋ.ɪð,ɪŋʊð,ɪŋɪð,ɪŋʊð,ɪŋɪð
ɪŋ.ɔm,ɪŋ.ɛm,ɪŋɔm,ɪŋɛm,ɪŋɔm,ɪŋɛm
ɪŋ.ɔn,ɪŋ.ɛn,ɪŋɔn,ɪŋɛn,ɪŋɔn,ɪŋɛn
ɪŋ.ɔŋ,ɪŋ.ɛŋ,ɪŋɔŋ,ɪŋɛŋ,ɪŋɔŋ,ɪŋɛŋ
ɪŋ.ɔp,ɪŋ.ɛp,ɪŋɔp,ɪŋɛp,ɪŋɔp,ɪŋɛp
ɪŋ.ɔt,ɪŋ.ɛt,ɪŋɔt,ɪŋɛt,ɪŋɔt,ɪŋɛt
ɪŋ.ɔk,ɪŋ.ɛk,ɪŋɔk,ɪŋɛk,ɪŋɔk,ɪŋɛk
ɪŋ.ɔb,ɪŋ.ɛb,ɪŋɔb,ɪŋɛb,ɪŋɔb,ɪŋɛb
ɪŋ.ɔd,ɪŋ.ɛd,ɪŋɔd,ɪŋɛd,ɪŋɔd,ɪŋɛd
ɪŋ.ɔg,ɪŋ.ɛg,ɪŋɔg,ɪŋɛg,ɪŋɔg,ɪŋɛg
ɪŋ.ɔf,ɪŋ.ɛf,ɪŋɔf,ɪŋɛf,ɪŋɔf,ɪŋɛf
ɪŋ.ɔs,ɪŋ.ɛs,ɪŋɔs,ɪŋɛs,ɪŋɔs,ɪŋɛs
ɪŋ.ɔv,ɪŋ.ɛv,ɪŋɔv,ɪŋɛv,ɪŋɔv,ɪŋɛv
ɪŋ.ɔz,ɪŋ.ɛz,ɪŋɔz,ɪŋɛz,ɪŋɔz,ɪŋɛz
ɪŋ.ɔʃ,ɪŋ.ɛʃ,ɪŋɔʃ,ɪŋɛʃ,ɪŋɔʃ,ɪŋɛʃ
ɪŋ.ɔʒ,ɪŋ.ɛʒ,ɪŋɔʒ,ɪŋɛʒ,ɪŋɔʒ,ɪŋɛʒ
ɪŋ.ɔθ,ɪŋ.ɛθ,ɪŋɔθ,ɪŋɛθ,ɪŋɔθ,ɪŋɛθ
ɪŋ.ɔð,ɪŋ.ɛð,ɪŋɔð,ɪŋɛð,ɪŋɔð,ɪŋɛð
ɪp.ɪm,ɪp.ʊm,ɪpɪm,ɪpʊm,ɪpɪm,ɪpʊm
ɪp.ɪn,ɪp.ʊn,ɪpɪn,ɪpʊn,ɪpɪn,ɪpʊn
ɪp.ɪŋ,ɪp.ʊŋ,ɪpɪŋ,ɪpʊŋ,ɪpɪŋ,ɪpʊŋ
ɪp.ɪp,ɪp.ʊp,ɪpɪp,ɪpʊp,ɪpɪp,ɪpʊp
ɪp.ɪt,ɪp.ʊt,ɪpɪt,ɪpʊt,ɪpɪt,ɪpʊt
ɪp.ɪk,ɪp.ʊk,ɪpɪk,ɪpʊk,ɪpɪk,ɪpʊk
ɪp.ɪb,ɪp.ʊb,ɪpɪb,ɪpʊb,ɪpɪb,ɪpʊb
ɪp.ɪd,ɪp.ʊd,ɪpɪd,ɪpʊd,ɪpɪd,ɪpʊd
ɪp.ɪg,ɪp.ʊg,ɪpɪg,ɪpʊg,ɪpɪg,ɪpʊg
ɪp.ɪf,ɪp.ʊf,ɪpɪf,ɪpʊf,ɪpɪf,ɪpʊf
ɪp.ɪs,ɪp.ʊs,ɪpɪs,ɪpʊs,ɪpɪs,ɪpʊs
ɪp.ɪv,ɪp.ʊv,ɪpɪv,ɪpʊv,ɪpɪv,ɪpʊv
ɪp.ɪz,ɪp.ʊz,ɪpɪz,ɪpʊz,ɪpɪz,ɪpʊz
ɪp.ɪʃ,ɪp.ʊʃ,ɪpɪʃ,ɪpʊʃ,ɪpɪʃ,ɪpʊʃ
ɪp.ɪʒ,ɪp.ʊʒ,ɪpɪʒ,ɪpʊʒ,ɪpɪʒ,ɪpʊʒ
ɪp.ɪθ,ɪp.ʊθ,ɪpɪθ,ɪpʊθ,ɪpɪθ,ɪpʊθ
ɪp.ɪð,ɪp.ʊð,ɪpɪð,ɪpʊð,ɪpɪð,ɪpʊð
ɪp.ɛm,ɪp.ɔm,ɪpɛm,ɪpɔm,ɪpɛm,ɪpɔm
ɪp.ɛn,ɪp.ɔn,ɪpɛn,ɪpɔn,ɪpɛn,ɪpɔn
ɪp.ɛŋ,ɪp.ɔŋ,ɪpɛŋ,ɪpɔŋ,ɪpɛŋ,ɪpɔŋ
ɪp.ɛp,ɪp.ɔp,ɪpɛp,ɪpɔp,ɪpɛp,ɪpɔp
ɪp.ɛt,ɪp.ɔt,ɪpɛt,ɪpɔt,ɪpɛt,ɪpɔt
ɪp.ɛk,ɪp.ɔk,ɪpɛk,ɪpɔk,ɪpɛk,ɪpɔk
ɪp.ɛb,ɪp.ɔb,ɪpɛb,ɪpɔb,ɪpɛb,ɪpɔb
ɪp.ɛd,ɪp.ɔd,ɪpɛd,ɪpɔd,ɪpɛd,ɪpɔd
ɪp.ɛg,ɪp.ɔg,ɪpɛg,ɪpɔg,ɪpɛg,ɪpɔg
ɪp.ɛf,ɪp.ɔf,ɪpɛf,ɪpɔf,ɪpɛf,ɪpɔf
ɪp.ɛs,ɪp.ɔs,ɪpɛs,ɪpɔs,ɪpɛs,ɪpɔs
ɪp.ɛv,ɪp.ɔv,ɪpɛv,ɪpɔv,ɪpɛv,ɪpɔv
ɪp.ɛz,ɪp.ɔz,ɪpɛz,ɪpɔz,ɪpɛz,ɪpɔz
ɪp.ɛʃ,ɪp.ɔʃ,ɪpɛʃ,ɪpɔʃ,ɪpɛʃ,ɪpɔʃ
ɪp.ɛʒ,ɪp.ɔʒ,ɪpɛʒ,ɪpɔʒ,ɪpɛʒ,ɪpɔʒ
ɪp.ɛθ,ɪp.ɔθ,ɪpɛθ,ɪpɔθ,ɪpɛθ,ɪpɔθ
ɪp.ɛð,ɪp.ɔð,ɪpɛð,ɪpɔð,ɪpɛð,ɪpɔð
ɪp.ʊm,ɪp.ɪm,ɪpʊm,ɪpɪm,ɪpʊm,ɪpɪm
ɪp.ʊn,ɪp.ɪn,ɪpʊn,ɪpɪn,ɪpʊn,ɪpɪn
ɪp.ʊŋ,ɪp.ɪŋ,ɪpʊŋ,ɪpɪŋ,ɪpʊŋ,ɪpɪŋ
ɪp.ʊp,ɪp.ɪp,ɪpʊp,ɪpɪp,ɪpʊp,ɪpɪp
ɪp.ʊt,ɪp.ɪt,ɪpʊt,ɪpɪt,ɪpʊt,ɪpɪt
ɪp.ʊk,ɪp.ɪk,ɪpʊk,ɪpɪk,ɪpʊk,ɪpɪk
ɪp.ʊb,ɪp.ɪb,ɪpʊb,ɪpɪb,ɪpʊb,ɪpɪb
ɪp.ʊd,ɪp.ɪd,ɪpʊd,ɪpɪd,ɪpʊd,ɪpɪd
ɪp.ʊg,ɪp.ɪg,ɪpʊg,ɪpɪg,ɪpʊg,ɪpɪg
ɪp.ʊf,ɪp.ɪf,ɪpʊf,ɪpɪf,ɪpʊf,ɪpɪf
ɪp.ʊs,ɪp.ɪs,ɪpʊs,ɪpɪs,ɪpʊs,ɪpɪs
ɪp.ʊv,ɪp.ɪv,ɪpʊv,ɪpɪv,ɪpʊv,ɪpɪv
ɪp.ʊz,ɪp.ɪz,ɪpʊz,ɪpɪz,ɪpʊz,ɪpɪz
ɪp.ʊʃ,ɪp.ɪʃ,ɪpʊʃ,ɪpɪʃ,ɪpʊʃ,ɪpɪʃ
ɪp.ʊʒ,ɪp.ɪʒ,ɪpʊʒ,ɪpɪʒ,ɪpʊʒ,ɪpɪʒ
ɪp.ʊθ,ɪp.ɪθ,ɪpʊθ,ɪpɪθ,ɪpʊθ,ɪpɪθ
ɪp.ʊð,ɪp.ɪð,ɪpʊð,ɪpɪð,ɪpʊð,ɪpɪð
ɪp.ɔm,ɪp.ɛm,ɪpɔm,ɪpɛm,ɪpɔm,ɪpɛm
ɪp.ɔn,ɪp.ɛn,ɪpɔn,ɪpɛn,ɪpɔn,ɪpɛn
ɪp.ɔŋ,ɪp.ɛŋ,ɪpɔŋ,ɪpɛŋ,ɪpɔŋ,ɪpɛŋ
ɪp.ɔp,ɪp.ɛp,ɪpɔp,ɪpɛp,ɪpɔp,ɪpɛp
ɪp.ɔt,ɪp.ɛt,ɪpɔt,ɪpɛt,ɪpɔt,ɪpɛt
ɪp.ɔk,ɪp.ɛk,ɪpɔk,ɪpɛk,ɪpɔk,ɪpɛk
ɪp.ɔb,ɪp.ɛb,ɪpɔb,ɪpɛb,ɪpɔb,ɪpɛb
ɪp.ɔd,ɪp.ɛd,ɪpɔd,ɪpɛd,ɪpɔd,ɪpɛd
ɪp.ɔg,ɪp.ɛg,ɪpɔg,ɪpɛg,ɪpɔg,ɪpɛg
ɪp.ɔf,ɪp.ɛf,ɪpɔf,ɪpɛf,ɪpɔf,ɪpɛf
ɪp.ɔs,ɪp.ɛs,ɪpɔs,ɪpɛs,ɪpɔs,ɪpɛs
ɪp.ɔv,ɪp.ɛv,ɪpɔv,ɪpɛv,ɪpɔv,ɪpɛv
ɪp.ɔz,ɪp.ɛz,ɪpɔz,ɪpɛz,ɪpɔz,ɪpɛz
ɪp.ɔʃ,ɪp.ɛʃ,ɪpɔʃ,ɪpɛʃ,ɪpɔʃ,ɪpɛʃ
ɪp.ɔʒ,ɪp.ɛʒ,ɪpɔʒ,ɪpɛʒ,ɪpɔʒ,ɪpɛʒ
ɪp.ɔθ,ɪp.ɛθ,ɪpɔθ,ɪpɛθ,ɪpɔθ,ɪpɛθ
ɪp.ɔð,ɪp.ɛð,ɪpɔð,ɪpɛð,ɪpɔð,ɪpɛð
ɪt.ɪm,ɪt.ʊm,ɪtɪm,ɪtʊm,ɪtɪm,ɪtʊm
ɪt.ɪn,ɪt.ʊn,ɪtɪn,ɪtʊn,ɪtɪn,ɪtʊn
ɪt.ɪŋ,ɪt.ʊŋ,ɪtɪŋ,ɪtʊŋ,ɪtɪŋ,ɪtʊŋ
ɪt.ɪp,ɪt.ʊp,ɪtɪp,ɪtʊp,ɪtɪp,ɪtʊp
ɪt.ɪt,ɪt.ʊt,ɪtɪt,ɪtʊt,ɪtɪt,ɪtʊt
ɪt.ɪk,ɪt.ʊk,ɪtɪk,ɪtʊk,ɪtɪk,ɪtʊk
ɪt.ɪb,ɪt.ʊb,ɪtɪb,ɪtʊb,ɪtɪb,ɪtʊb
ɪt.ɪd,ɪt.ʊd,ɪtɪd,ɪtʊd,ɪtɪd,ɪtʊd
ɪt.ɪg,ɪt.ʊg,ɪtɪg,ɪtʊg,ɪtɪg,ɪtʊg
ɪt.ɪf,ɪt.ʊf,ɪtɪf,ɪtʊf,ɪtɪf,ɪtʊf
ɪt.ɪs,ɪt.ʊs,ɪtɪs,ɪtʊs,ɪtɪs,ɪtʊs
ɪt.ɪv,ɪt.ʊv,ɪtɪv,ɪtʊv,ɪtɪv,ɪtʊv
ɪt.ɪz,ɪt.ʊz,ɪtɪz,ɪtʊz,ɪtɪz,ɪtʊz
ɪt.ɪʃ,ɪt.ʊʃ,ɪtɪʃ,ɪtʊʃ,ɪtɪʃ,ɪtʊʃ
ɪt.ɪʒ,ɪt.ʊʒ,ɪtɪʒ,ɪtʊʒ,ɪtɪʒ,ɪtʊʒ
ɪt.ɪθ,ɪt.ʊθ,ɪtɪθ,ɪtʊθ,ɪtɪθ,ɪtʊθ
ɪt.ɪð,ɪt.ʊð,ɪtɪð,ɪtʊð,ɪtɪð,ɪtʊð
ɪt.ɛm,ɪt.ɔm,ɪtɛm,ɪtɔm,ɪtɛm,ɪtɔm
ɪt.ɛn,ɪt.ɔn,ɪtɛn,ɪtɔn,ɪtɛn,ɪtɔn
ɪt.ɛŋ,ɪt.ɔŋ,ɪtɛŋ,ɪtɔŋ,ɪtɛŋ,ɪtɔŋ
ɪt.ɛp,ɪt.ɔp,ɪtɛp,ɪtɔp,ɪtɛp,ɪtɔp
ɪt.ɛt,ɪt.ɔt,ɪtɛt,ɪtɔt,ɪtɛt,ɪtɔt
ɪt.ɛk,ɪt.ɔk,ɪtɛk,ɪtɔk,ɪtɛk,ɪtɔk
ɪt.ɛb,ɪt.ɔb,ɪtɛb,ɪtɔb,ɪtɛb,ɪtɔb
ɪt.ɛd,ɪt.ɔd,ɪtɛd,ɪtɔd,ɪtɛd,ɪtɔd
ɪt.ɛg,ɪt.ɔg,ɪtɛg,ɪtɔg,ɪtɛg,ɪtɔg
ɪt.ɛf,ɪt.ɔf,ɪtɛf,ɪtɔf,ɪtɛf,ɪtɔf
ɪt.ɛs,ɪt.ɔs,ɪtɛs,ɪtɔs,ɪtɛs,ɪtɔs
ɪt.ɛv,ɪt.ɔv,ɪtɛv,ɪtɔv,ɪtɛv,ɪtɔv
ɪt.ɛz,ɪt.ɔz,ɪtɛz,ɪtɔz,ɪtɛz,ɪtɔz
ɪt.ɛʃ,ɪt.ɔʃ,ɪtɛʃ,ɪtɔʃ,ɪtɛʃ,ɪtɔʃ
ɪt.ɛʒ,ɪt.ɔʒ,ɪtɛʒ,ɪtɔʒ,ɪtɛʒ,ɪtɔʒ
ɪt.ɛθ,ɪt.ɔθ,ɪtɛθ,ɪtɔθ,ɪtɛθ,ɪtɔθ
ɪt.ɛð,ɪt.ɔð,ɪtɛð,ɪtɔð,ɪtɛð,ɪtɔð
ɪt.ʊm,ɪt.ɪm,ɪtʊm,ɪtɪm,ɪtʊm,ɪtɪm
ɪt.ʊn,ɪt.ɪn,ɪtʊn,ɪtɪn,ɪtʊn,ɪtɪn
ɪt.ʊŋ,ɪt.ɪŋ,ɪtʊŋ,ɪtɪŋ,ɪtʊŋ,ɪtɪŋ
ɪt.ʊp,ɪt.ɪp,ɪtʊp,ɪtɪp,ɪtʊp,ɪtɪp
ɪt.ʊt,ɪt.ɪt,ɪtʊt,ɪtɪt,ɪtʊt,ɪtɪt
ɪt.ʊk,ɪt.ɪk,ɪtʊk,ɪtɪk,ɪtʊk,ɪtɪk
ɪt.ʊb,ɪt.ɪb,ɪtʊb,ɪtɪb,ɪtʊb,ɪtɪb
ɪt.ʊd,ɪt.ɪd,ɪtʊd,ɪtɪd,ɪtʊd,ɪtɪd
ɪt.ʊg,ɪt.ɪg,ɪtʊg,ɪtɪg,ɪtʊg,ɪtɪg
ɪt.ʊf,ɪt.ɪf,ɪtʊf,ɪtɪf,ɪtʊf,ɪtɪf
ɪt.ʊs,ɪt.ɪs,ɪtʊs,ɪtɪs,ɪtʊs,ɪtɪs
ɪt.ʊv,ɪt.ɪv,ɪtʊv,ɪtɪv,ɪtʊv,ɪtɪv
ɪt.ʊz,ɪt.ɪz,ɪtʊz,ɪtɪz,ɪtʊz,ɪtɪz
ɪt.ʊʃ,ɪt.ɪʃ,ɪtʊʃ,ɪtɪʃ,ɪtʊʃ,ɪtɪʃ
ɪt.ʊʒ,ɪt.ɪʒ,ɪtʊʒ,ɪtɪʒ,ɪtʊʒ,ɪtɪʒ
ɪt.ʊθ,ɪt.ɪθ,ɪtʊθ,ɪtɪθ,ɪtʊθ,ɪtɪθ
ɪt.ʊð,ɪt.ɪð,ɪtʊð,ɪtɪð,ɪtʊð,ɪtɪð
ɪt.ɔm,ɪt.ɛm,ɪtɔm,ɪtɛm,ɪtɔm,ɪtɛm
ɪt.ɔn,ɪt.ɛn,ɪtɔn,ɪtɛn,ɪtɔn,ɪtɛn
ɪt.ɔŋ,ɪt.ɛŋ,ɪtɔŋ,ɪtɛŋ,ɪtɔŋ,ɪtɛŋ
ɪt.ɔp,ɪt.ɛp,ɪtɔp,ɪtɛp,ɪtɔp,ɪtɛp
ɪt.ɔt,ɪt.ɛt,ɪtɔt,ɪtɛt,ɪtɔt,ɪtɛt
ɪt.ɔk,ɪt.ɛk,ɪtɔk,ɪtɛk,ɪtɔk,ɪtɛk
ɪt.ɔb,ɪt.ɛb,ɪtɔb,ɪtɛb,ɪtɔb,ɪtɛb
ɪt.ɔd,ɪt.ɛd,ɪtɔd,ɪtɛd,ɪtɔd,ɪtɛd
ɪt.ɔg,ɪt.ɛg,ɪtɔg,ɪtɛg,ɪtɔg,ɪtɛg
ɪt.ɔf,ɪt.ɛf,ɪtɔf,ɪtɛf,ɪtɔf,ɪtɛf
ɪt.ɔs,ɪt.ɛs,ɪtɔs,ɪtɛs,ɪtɔs,ɪtɛs
ɪt.ɔv,ɪt.ɛv,ɪtɔv,ɪtɛv,ɪtɔv,ɪtɛv
ɪt.ɔz,ɪt.ɛz,ɪtɔz,ɪtɛz,ɪtɔz,ɪtɛz
ɪt.ɔʃ,ɪt.ɛʃ,ɪtɔʃ,ɪtɛʃ,ɪtɔʃ,ɪtɛʃ
ɪt.ɔʒ,ɪt.ɛʒ,ɪtɔʒ,ɪtɛʒ,ɪtɔʒ,ɪtɛʒ
ɪt.ɔθ,ɪt.ɛθ,ɪtɔθ,ɪtɛθ,ɪtɔθ,ɪtɛθ
ɪt.ɔð,ɪt.ɛð,ɪtɔð,ɪtɛð,ɪtɔð,ɪtɛð
ɪk.ɪm,ɪk.ʊm,ɪkɪm,ɪkʊm,ɪkɪm,ɪkʊm
ɪk.ɪn,ɪk.ʊn,ɪkɪn,ɪkʊn,ɪkɪn,ɪkʊn
ɪk.ɪŋ,ɪk.ʊŋ,ɪkɪŋ,ɪkʊŋ,ɪkɪŋ,ɪkʊŋ
ɪk.ɪp,ɪk.ʊp,ɪkɪp,ɪkʊp,ɪkɪp,ɪkʊp
ɪk.ɪt,ɪk.ʊt,ɪkɪt,ɪkʊt,ɪkɪt,ɪkʊt
ɪk.ɪk,ɪk.ʊk,ɪkɪk,ɪkʊk,ɪkɪk,ɪkʊk
ɪk.ɪb,ɪk.ʊb,ɪkɪb,ɪkʊb,ɪkɪb,ɪkʊb
ɪk.ɪd,ɪk.ʊd,ɪkɪd,ɪkʊd,ɪkɪd,ɪkʊd
ɪk.ɪg,ɪk.ʊg,ɪkɪg,ɪkʊg,ɪkɪg,ɪkʊg
ɪk.ɪf,ɪk.ʊf,ɪkɪf,ɪkʊf,ɪkɪf,ɪkʊf
ɪk.ɪs,ɪk.ʊs,ɪkɪs,ɪkʊs,ɪkɪs,ɪkʊs
ɪk.ɪv,ɪk.ʊv,ɪkɪv,ɪkʊv,ɪkɪv,ɪkʊv
ɪk.ɪz,ɪk.ʊz,ɪkɪz,ɪkʊz,ɪkɪz,ɪkʊz
ɪk.ɪʃ,ɪk.ʊʃ,ɪkɪʃ,ɪkʊʃ,ɪkɪʃ,ɪkʊʃ
ɪk.ɪʒ,ɪk.ʊʒ,ɪkɪʒ,ɪkʊʒ,ɪkɪʒ,ɪkʊʒ
ɪk.ɪθ,ɪk.ʊθ,ɪkɪθ,ɪkʊθ,ɪkɪθ,ɪkʊθ
ɪk.ɪð,ɪk.ʊð,ɪkɪð,ɪkʊð,ɪkɪð,ɪkʊð
ɪk.ɛm,ɪk.ɔm,ɪkɛm,ɪkɔm,ɪkɛm,ɪkɔm
ɪk.ɛn,ɪk.ɔn,ɪkɛn,ɪkɔn,ɪkɛn,ɪkɔn
ɪk.ɛŋ,ɪk.ɔŋ,ɪkɛŋ,ɪkɔŋ,ɪkɛŋ,ɪkɔŋ
ɪk.ɛp,ɪk.ɔp,ɪkɛp,ɪkɔp,ɪkɛp,ɪkɔp
ɪk.ɛt,ɪk.ɔt,ɪkɛt,ɪkɔt,ɪkɛt,ɪkɔt
ɪk.ɛk,ɪk.ɔk,ɪkɛk,ɪkɔk,ɪkɛk,ɪkɔk
ɪk.ɛb,ɪk.ɔb,ɪkɛb,ɪkɔb,ɪkɛb,ɪkɔb
ɪk.ɛd,ɪk.ɔd,ɪkɛd,ɪkɔd,ɪkɛd,ɪkɔd
ɪk.ɛg,ɪk.ɔg,ɪkɛg,ɪkɔg,ɪkɛg,ɪkɔg
ɪk.ɛf,ɪk.ɔf,ɪkɛf,ɪkɔf,ɪkɛf,ɪkɔf
ɪk.ɛs,ɪk.ɔs,ɪkɛs,ɪkɔs,ɪkɛs,ɪkɔs
ɪk.ɛv,ɪk.ɔv,ɪkɛv,ɪkɔv,ɪkɛv,ɪkɔv
ɪk.ɛz,ɪk.ɔz,ɪkɛz,ɪkɔz,ɪkɛz,ɪkɔz
ɪk.ɛʃ,ɪk.ɔʃ,ɪkɛʃ,ɪkɔʃ,ɪkɛʃ,ɪkɔʃ
ɪk.ɛʒ,ɪk.ɔʒ,ɪkɛʒ,ɪkɔʒ,ɪkɛʒ,ɪkɔʒ
ɪk.ɛθ,ɪk.ɔθ,ɪkɛθ,ɪkɔθ,ɪkɛθ,ɪkɔθ
ɪk.ɛð,ɪk.ɔð,ɪkɛð,ɪkɔð,ɪkɛð,ɪkɔð
ɪk.ʊm,ɪk.ɪm,ɪkʊm,ɪkɪm,ɪkʊm,ɪkɪm
ɪk.ʊn,ɪk.ɪn,ɪkʊn,ɪkɪn,ɪkʊn,ɪkɪn
ɪk.ʊŋ,ɪk.ɪŋ,ɪkʊŋ,ɪkɪŋ,ɪkʊŋ,ɪkɪŋ
ɪk.ʊp,ɪk.ɪp,ɪkʊp,ɪkɪp,ɪkʊp,ɪkɪp
ɪk.ʊt,ɪk.ɪt,ɪkʊt,ɪkɪt,ɪkʊt,ɪkɪt
ɪk.ʊk,ɪk.ɪk,ɪkʊk,ɪkɪk,ɪkʊk,ɪkɪk
ɪk.ʊb,ɪk.ɪb,ɪkʊb,ɪkɪb,ɪkʊb,ɪkɪb
ɪk.ʊd,ɪk.ɪd,ɪkʊd,ɪkɪd,ɪkʊd,ɪkɪd
ɪk.ʊg,ɪk.ɪg,ɪkʊg,ɪkɪg,ɪkʊg,ɪkɪg
ɪk.ʊf,ɪk.ɪf,ɪkʊf,ɪkɪf,ɪkʊf,ɪkɪf
ɪk.ʊs,ɪk.ɪs,ɪkʊs,ɪkɪs,ɪkʊs,ɪkɪs
ɪk.ʊv,ɪk.ɪv,ɪkʊv,ɪkɪv,ɪkʊv,ɪkɪv
ɪk.ʊz,ɪk.ɪz,ɪkʊz,ɪkɪz,ɪkʊz,ɪkɪz
ɪk.ʊʃ,ɪk.ɪʃ,ɪkʊʃ,ɪkɪʃ,ɪkʊʃ,ɪkɪʃ
ɪk.ʊʒ,ɪk.ɪʒ,ɪkʊʒ,ɪkɪʒ,ɪkʊʒ,ɪkɪʒ
ɪk.ʊθ,ɪk.ɪθ,ɪkʊθ,ɪkɪθ,ɪkʊθ,ɪkɪθ
ɪk.ʊð,ɪk.ɪð,ɪkʊð,ɪkɪð,ɪkʊð,ɪkɪð
ɪk.ɔm,ɪk.ɛm,ɪkɔm,ɪkɛm,ɪkɔm,ɪkɛm
ɪk.ɔn,ɪk.ɛn,ɪkɔn,ɪkɛn,ɪkɔn,ɪkɛn
ɪk.ɔŋ,ɪk.ɛŋ,ɪkɔŋ,ɪkɛŋ,ɪkɔŋ,ɪkɛŋ
ɪk.ɔp,ɪk.ɛp,ɪkɔp,ɪkɛp,ɪkɔp,ɪkɛp
ɪk.ɔt,ɪk.ɛt,ɪkɔt,ɪkɛt,ɪkɔt,ɪkɛt
ɪk.ɔk,ɪk.ɛk,ɪkɔk,ɪkɛk,ɪkɔk,ɪkɛk
ɪk.ɔb,ɪk.ɛb,ɪkɔb,ɪkɛb,ɪkɔb,ɪkɛb
ɪk.ɔd,ɪk.ɛd,ɪkɔd,ɪkɛd,ɪkɔd,ɪkɛd
ɪk.ɔg,ɪk.ɛg,ɪkɔg,ɪkɛg,ɪkɔg,ɪkɛg
ɪk.ɔf,ɪk.ɛf,ɪkɔf,ɪkɛf,ɪkɔf,ɪkɛf
ɪk.ɔs,ɪk.ɛs,ɪkɔs,ɪkɛs,ɪkɔs,ɪkɛs
ɪk.ɔv,ɪk.ɛv,ɪkɔv,ɪkɛv,ɪkɔv,ɪkɛv
ɪk.ɔz,ɪk.ɛz,ɪkɔz,ɪkɛz,ɪkɔz,ɪkɛz
ɪk.ɔʃ,ɪk.ɛʃ,ɪkɔʃ,ɪkɛʃ,ɪkɔʃ,ɪkɛʃ
ɪk.ɔʒ,ɪk.ɛʒ,ɪkɔʒ,ɪkɛʒ,ɪkɔʒ,ɪkɛʒ
ɪk.ɔθ,ɪk.ɛθ,ɪkɔθ,ɪkɛθ,ɪkɔθ,ɪkɛθ
ɪk.ɔð,ɪk.ɛð,ɪkɔð,ɪkɛð,ɪkɔð,ɪkɛð
ɪb.ɪm,ɪb.ʊm,ɪbɪm,ɪbʊm,ɪbɪm,ɪbʊm
ɪb.ɪn,ɪb.ʊn,ɪbɪn,ɪbʊn,ɪbɪn,ɪbʊn
ɪb.ɪŋ,ɪb.ʊŋ,ɪbɪŋ,ɪbʊŋ,ɪbɪŋ,ɪbʊŋ
ɪb.ɪp,ɪb.ʊp,ɪbɪp,ɪbʊp,ɪbɪp,ɪbʊp
ɪb.ɪt,ɪb.ʊt,ɪbɪt,ɪbʊt,ɪbɪt,ɪbʊt
ɪb.ɪk,ɪb.ʊk,ɪbɪk,ɪbʊk,ɪbɪk,ɪbʊk
ɪb.ɪb,ɪb.ʊb,ɪbɪb,ɪbʊb,ɪbɪb,ɪbʊb
ɪb.ɪd,ɪb.ʊd,ɪbɪd,ɪbʊd,ɪbɪd,ɪbʊd
ɪb.ɪg,ɪb.ʊg,ɪbɪg,ɪbʊg,ɪbɪg,ɪbʊg
ɪb.ɪf,ɪb.ʊf,ɪbɪf,ɪbʊf,ɪbɪf,ɪbʊf
ɪb.ɪs,ɪb.ʊs,ɪbɪs,ɪbʊs,ɪbɪs,ɪbʊs
ɪb.ɪv,ɪb.ʊv,ɪbɪv,ɪbʊv,ɪbɪv,ɪbʊv
ɪb.ɪz,ɪb.ʊz,ɪbɪz,ɪbʊz,ɪbɪz,ɪbʊz
ɪb.ɪʃ,ɪb.ʊʃ,ɪbɪʃ,ɪbʊʃ,ɪbɪʃ,ɪbʊʃ
ɪb.ɪʒ,ɪb.ʊʒ,ɪbɪʒ,ɪbʊʒ,ɪbɪʒ,ɪbʊʒ
ɪb.ɪθ,ɪb.ʊθ,ɪbɪθ,ɪbʊθ,ɪbɪθ,ɪbʊθ
ɪb.ɪð,ɪb.ʊð,ɪbɪð,ɪbʊð,ɪbɪð,ɪbʊð
ɪb.ɛm,ɪb.ɔm,ɪbɛm,ɪbɔm,ɪbɛm,ɪbɔm
ɪb.ɛn,ɪb.ɔn,ɪbɛn,ɪbɔn,ɪbɛn,ɪbɔn
ɪb.ɛŋ,ɪb.ɔŋ,ɪbɛŋ,ɪbɔŋ,ɪbɛŋ,ɪbɔŋ
ɪb.ɛp,ɪb.ɔp,ɪbɛp,ɪbɔp,ɪbɛp,ɪbɔp
ɪb.ɛt,ɪb.ɔt,ɪbɛt,ɪbɔt,ɪbɛt,ɪbɔt
ɪb.ɛk,ɪb.ɔk,ɪbɛk,ɪbɔk,ɪbɛk,ɪbɔk
ɪb.ɛb,ɪb.ɔb,ɪbɛb,ɪbɔb,ɪbɛb,ɪbɔb
ɪb.ɛd,ɪb.ɔd,ɪbɛd,ɪbɔd,ɪbɛd,ɪbɔd
ɪb.ɛg,ɪb.ɔg,ɪbɛg,ɪbɔg,ɪbɛg,ɪbɔg
ɪb.ɛf,ɪb.ɔf,ɪbɛf,ɪbɔf,ɪbɛf,ɪbɔf
ɪb.ɛs,ɪb.ɔs,ɪbɛs,ɪbɔs,ɪbɛs,ɪbɔs
ɪb.ɛv,ɪb.ɔv,ɪbɛv,ɪbɔv,ɪbɛv,ɪbɔv
ɪb.ɛz,ɪb.ɔz,ɪbɛz,ɪbɔz,ɪbɛz,ɪbɔz
ɪb.ɛʃ,ɪb.ɔʃ,ɪbɛʃ,ɪbɔʃ,ɪbɛʃ,ɪbɔʃ
ɪb.ɛʒ,ɪb.ɔʒ,ɪbɛʒ,ɪbɔʒ,ɪbɛʒ,ɪbɔʒ
ɪb.ɛθ,ɪb.ɔθ,ɪbɛθ,ɪbɔθ,ɪbɛθ,ɪbɔθ
ɪb.ɛð,ɪb.ɔð,ɪbɛð,ɪbɔð,ɪbɛð,ɪbɔð
ɪb.ʊm,ɪb.ɪm,ɪbʊm,ɪbɪm,ɪbʊm,ɪbɪm
ɪb.ʊn,ɪb.ɪn,ɪbʊn,ɪbɪn,ɪbʊn,ɪbɪn
ɪb.ʊŋ,ɪb.ɪŋ,ɪbʊŋ,ɪbɪŋ,ɪbʊŋ,ɪbɪŋ
ɪb.ʊp,ɪb.ɪp,ɪbʊp,ɪbɪp,ɪbʊp,ɪbɪp
ɪb.ʊt,ɪb.ɪt,ɪbʊt,ɪbɪt,ɪbʊt,ɪbɪt
ɪb.ʊk,ɪb.ɪk,ɪbʊk,ɪbɪk,ɪbʊk,ɪbɪk
ɪb.ʊb,ɪb.ɪb,ɪbʊb,ɪbɪb,ɪbʊb,ɪbɪb
ɪb.ʊd,ɪb.ɪd,ɪbʊd,ɪbɪd,ɪbʊd,ɪbɪd
ɪb.ʊg,ɪb.ɪg,ɪbʊg,ɪbɪg,ɪbʊg,ɪbɪg
ɪb.ʊf,ɪb.ɪf,ɪbʊf,ɪbɪf,ɪbʊf,ɪbɪf
ɪb.ʊs,ɪb.ɪs,ɪbʊs,ɪbɪs,ɪbʊs,ɪbɪs
ɪb.ʊv,ɪb.ɪv,ɪbʊv,ɪbɪv,ɪbʊv,ɪbɪv
ɪb.ʊz,ɪb.ɪz,ɪbʊz,ɪbɪz,ɪbʊz,ɪbɪz
ɪb.ʊʃ,ɪb.ɪʃ,ɪbʊʃ,ɪbɪʃ,ɪbʊʃ,ɪbɪʃ
ɪb.ʊʒ,ɪb.ɪʒ,ɪbʊʒ,ɪbɪʒ,ɪbʊʒ,ɪbɪʒ
ɪb.ʊθ,ɪb.ɪθ,ɪbʊθ,ɪbɪθ,ɪbʊθ,ɪbɪθ
ɪb.ʊð,ɪb.ɪð,ɪbʊð,ɪbɪð,ɪbʊð,ɪbɪð
ɪb.ɔm,ɪb.ɛm,ɪbɔm,ɪbɛm,ɪbɔm,ɪbɛm
ɪb.ɔn,ɪb.ɛn,ɪbɔn,ɪbɛn,ɪbɔn,ɪbɛn
ɪb.ɔŋ,ɪb.ɛŋ,ɪbɔŋ,ɪbɛŋ,ɪbɔŋ,ɪbɛŋ
ɪb.ɔp,ɪb.ɛp,ɪbɔp,ɪbɛp,ɪbɔp,ɪbɛp
ɪb.ɔt,ɪb.ɛt,ɪbɔt,ɪbɛt,ɪbɔt,ɪbɛt
ɪb.ɔk,ɪb.ɛk,ɪbɔk,ɪbɛk,ɪbɔk,ɪbɛk
ɪb.ɔb,ɪb.ɛb,ɪbɔb,ɪbɛb,ɪbɔb,ɪbɛb
ɪb.ɔd,ɪb.ɛd,ɪbɔd,ɪbɛd,ɪbɔd,ɪbɛd
ɪb.ɔg,ɪb.ɛg,ɪbɔg,ɪbɛg,ɪbɔg,ɪbɛg
ɪb.ɔf,ɪb.ɛf,ɪbɔf,ɪbɛf,ɪbɔf,ɪbɛf
ɪb.ɔs,ɪb.ɛs,ɪbɔs,ɪbɛs,ɪbɔs,ɪbɛs
ɪb.ɔv,ɪb.ɛv,ɪbɔv,ɪbɛv,ɪbɔv,ɪbɛv
ɪb.ɔz,ɪb.ɛz,ɪbɔz,ɪbɛz,ɪbɔz,ɪbɛz
ɪb.ɔʃ,ɪb.ɛʃ,ɪbɔʃ,ɪbɛʃ,ɪbɔʃ,ɪbɛʃ
ɪb.ɔʒ,ɪb.ɛʒ,ɪbɔʒ,ɪbɛʒ,ɪbɔʒ,ɪbɛʒ
ɪb.ɔθ,ɪb.ɛθ,ɪbɔθ,ɪbɛθ,ɪbɔθ,ɪbɛθ
ɪb.ɔð,ɪb.ɛð,ɪbɔð,ɪbɛð,ɪbɔð,ɪbɛð
ɪd.ɪm,ɪd.ʊm,ɪdɪm,ɪdʊm,ɪdɪm,ɪdʊm
ɪd.ɪn,ɪd.ʊn,ɪdɪn,ɪdʊn,ɪdɪn,ɪdʊn
ɪd.ɪŋ,ɪd.ʊŋ,ɪdɪŋ,ɪdʊŋ,ɪdɪŋ,ɪdʊŋ
ɪd.ɪp,ɪd.ʊp,ɪdɪp,ɪdʊp,ɪdɪp,ɪdʊp
ɪd.ɪt,ɪd.ʊt,ɪdɪt,ɪdʊt,ɪdɪt,ɪdʊt
ɪd.ɪk,ɪd.ʊk,ɪdɪk,ɪdʊk,ɪdɪk,ɪdʊk
ɪd.ɪb,ɪd.ʊb,ɪdɪb,ɪdʊb,ɪdɪb,ɪdʊb
ɪd.ɪd,ɪd.ʊd,ɪdɪd,ɪdʊd,ɪdɪd,ɪdʊd
ɪd.ɪg,ɪd.ʊg,ɪdɪg,ɪdʊg,ɪdɪg,ɪdʊg
ɪd.ɪf,ɪd.ʊf,ɪdɪf,ɪdʊf,ɪdɪf,ɪdʊf
ɪd.ɪs,ɪd.ʊs,ɪdɪs,ɪdʊs,ɪdɪs,ɪdʊs
ɪd.ɪv,ɪd.ʊv,ɪdɪv,ɪdʊv,ɪdɪv,ɪdʊv
ɪd.ɪz,ɪd.ʊz,ɪdɪz,ɪdʊz,ɪdɪz,ɪdʊz
ɪd.ɪʃ,ɪd.ʊʃ,ɪdɪʃ,ɪdʊʃ,ɪdɪʃ,ɪdʊʃ
ɪd.ɪʒ,ɪd.ʊʒ,ɪdɪʒ,ɪdʊʒ,ɪdɪʒ,ɪdʊʒ
ɪd.ɪθ,ɪd.ʊθ,ɪdɪθ,ɪdʊθ,ɪdɪθ,ɪdʊθ
ɪd.ɪð,ɪd.ʊð,ɪdɪð,ɪdʊð,ɪdɪð,ɪdʊð
ɪd.ɛm,ɪd.ɔm,ɪdɛm,ɪdɔm,ɪdɛm,ɪdɔm
ɪd.ɛn,ɪd.ɔn,ɪdɛn,ɪdɔn,ɪdɛn,ɪdɔn
ɪd.ɛŋ,ɪd.ɔŋ,ɪdɛŋ,ɪdɔŋ,ɪdɛŋ,ɪdɔŋ
ɪd.ɛp,ɪd.ɔp,ɪdɛp,ɪdɔp,ɪdɛp,ɪdɔp
ɪd.ɛt,ɪd.ɔt,ɪdɛt,ɪdɔt,ɪdɛt,ɪdɔt
ɪd.ɛk,ɪd.ɔk,ɪdɛk,ɪdɔk,ɪdɛk,ɪdɔk
ɪd.ɛb,ɪd.ɔb,ɪdɛb,ɪdɔb,ɪdɛb,ɪdɔb
ɪd.ɛd,ɪd.ɔd,ɪdɛd,ɪdɔd,ɪdɛd,ɪdɔd
ɪd.ɛg,ɪd.ɔg,ɪdɛg,ɪdɔg,ɪdɛg,ɪdɔg
ɪd.ɛf,ɪd.ɔf,ɪdɛf,ɪdɔf,ɪdɛf,ɪdɔf
ɪd.ɛs,ɪd.ɔs,ɪdɛs,ɪdɔs,ɪdɛs,ɪdɔs
ɪd.ɛv,ɪd.ɔv,ɪdɛv,ɪdɔv,ɪdɛv,ɪdɔv
ɪd.ɛz,ɪd.ɔz,ɪdɛz,ɪdɔz,ɪdɛz,ɪdɔz
ɪd.ɛʃ,ɪd.ɔʃ,ɪdɛʃ,ɪdɔʃ,ɪdɛʃ,ɪdɔʃ
ɪd.ɛʒ,ɪd.ɔʒ,ɪdɛʒ,ɪdɔʒ,ɪdɛʒ,ɪdɔʒ
ɪd.ɛθ,ɪd.ɔθ,ɪdɛθ,ɪdɔθ,ɪdɛθ,ɪdɔθ
ɪd.ɛð,ɪd.ɔð,ɪdɛð,ɪdɔð,ɪdɛð,ɪdɔð
ɪd.ʊm,ɪd.ɪm,ɪdʊm,ɪdɪm,ɪdʊm,ɪdɪm
ɪd.ʊn,ɪd.ɪn,ɪdʊn,ɪdɪn,ɪdʊn,ɪdɪn
ɪd.ʊŋ,ɪd.ɪŋ,ɪdʊŋ,ɪdɪŋ,ɪdʊŋ,ɪdɪŋ
ɪd.ʊp,ɪd.ɪp,ɪdʊp,ɪdɪp,ɪdʊp,ɪdɪp
ɪd.ʊt,ɪd.ɪt,ɪdʊt,ɪdɪt,ɪdʊt,ɪdɪt
ɪd.ʊk,ɪd.ɪk,ɪdʊk,ɪdɪk,ɪdʊk,ɪdɪk
ɪd.ʊb,ɪd.ɪb,ɪdʊb,ɪdɪb,ɪdʊb,ɪdɪb
ɪd.ʊd,ɪd.ɪd,ɪdʊd,ɪdɪd,ɪdʊd,ɪdɪd
ɪd.ʊg,ɪd.ɪg,ɪdʊg,ɪdɪg,ɪdʊg,ɪdɪg
ɪd.ʊf,ɪd.ɪf,ɪdʊf,ɪdɪf,ɪdʊf,ɪdɪf
ɪd.ʊs,ɪd.ɪs,ɪdʊs,ɪdɪs,ɪdʊs,ɪdɪs
ɪd.ʊv,ɪd.ɪv,ɪdʊv,ɪdɪv,ɪdʊv,ɪdɪv
ɪd.ʊz,ɪd.ɪz,ɪdʊz,ɪdɪz,ɪdʊz,ɪdɪz
ɪd.ʊʃ,ɪd.ɪʃ,ɪdʊʃ,ɪdɪʃ,ɪdʊʃ,ɪdɪʃ
ɪd.ʊʒ,ɪd.ɪʒ,ɪdʊʒ,ɪdɪʒ,ɪdʊʒ,ɪdɪʒ
ɪd.ʊθ,ɪd.ɪθ,ɪdʊθ,ɪdɪθ,ɪdʊθ,ɪdɪθ
ɪd.ʊð,ɪd.ɪð,ɪdʊð,ɪdɪð,ɪdʊð,ɪdɪð
ɪd.ɔm,ɪd.ɛm,ɪdɔm,ɪdɛm,ɪdɔm,ɪdɛm
ɪd.ɔn,ɪd.ɛn,ɪdɔn,ɪdɛn,ɪdɔn,ɪdɛn
ɪd.ɔŋ,ɪd.ɛŋ,ɪdɔŋ,ɪdɛŋ,ɪdɔŋ,ɪdɛŋ
ɪd.ɔp,ɪd.ɛp,ɪdɔp,ɪdɛp,ɪdɔp,ɪdɛp
ɪd.ɔt,ɪd.ɛt,ɪdɔt,ɪdɛt,ɪdɔt,ɪdɛt
ɪd.ɔk,ɪd.ɛk,ɪdɔk,ɪdɛk,ɪdɔk,ɪdɛk
ɪd.ɔb,ɪd.ɛb,ɪdɔb,ɪdɛb,ɪdɔb,ɪdɛb
ɪd.ɔd,ɪd.ɛd,ɪdɔd,ɪdɛd,ɪdɔd,ɪdɛd
ɪd.ɔg,ɪd.ɛg,ɪdɔg,ɪdɛg,ɪdɔg,ɪdɛg
ɪd.ɔf,ɪd.ɛf,ɪdɔf,ɪdɛf,ɪdɔf,ɪdɛf
ɪd.ɔs,ɪd.ɛs,ɪdɔs,ɪdɛs,ɪdɔs,ɪdɛs
ɪd.ɔv,ɪd.ɛv,ɪdɔv,ɪdɛv,ɪdɔv,ɪdɛv
ɪd.ɔz,ɪd.ɛz,ɪdɔz,ɪdɛz,ɪdɔz,ɪdɛz
ɪd.ɔʃ,ɪd.ɛʃ,ɪdɔʃ,ɪdɛʃ,ɪdɔʃ,ɪdɛʃ
ɪd.ɔʒ,ɪd.ɛʒ,ɪdɔʒ,ɪdɛʒ,ɪdɔʒ,ɪdɛʒ
ɪd.ɔθ,ɪd.ɛθ,ɪdɔθ,ɪdɛθ,ɪdɔθ,ɪdɛθ
ɪd.ɔð,ɪd.ɛð,ɪdɔð,ɪdɛð,ɪdɔð,ɪdɛð
ɪg.ɪm,ɪg.ʊm,ɪgɪm,ɪgʊm,ɪgɪm,ɪgʊm
ɪg.ɪn,ɪg.ʊn,ɪgɪn,ɪgʊn,ɪgɪn,ɪgʊn
ɪg.ɪŋ,ɪg.ʊŋ,ɪgɪŋ,ɪgʊŋ,ɪgɪŋ,ɪgʊŋ
ɪg.ɪp,ɪg.ʊp,ɪgɪp,ɪgʊp,ɪgɪp,ɪgʊp
ɪg.ɪt,ɪg.ʊt,ɪgɪt,ɪgʊt,ɪgɪt,ɪgʊt
ɪg.ɪk,ɪg.ʊk,ɪgɪk,ɪgʊk,ɪgɪk,ɪgʊk
ɪg.ɪb,ɪg.ʊb,ɪgɪb,ɪgʊb,ɪgɪb,ɪgʊb
ɪg.ɪd,ɪg.ʊd,ɪgɪd,ɪgʊd,ɪgɪd,ɪgʊd
ɪg.ɪg,ɪg.ʊg,ɪgɪg,ɪgʊg,ɪgɪg,ɪgʊg
ɪg.ɪf,ɪg.ʊf,ɪgɪf,ɪgʊf,ɪgɪf,ɪgʊf
ɪg.ɪs,ɪg.ʊs,ɪgɪs,ɪgʊs,ɪgɪs,ɪgʊs
ɪg.ɪv,ɪg.ʊv,ɪgɪv,ɪgʊv,ɪgɪv,ɪgʊv
ɪg.ɪz,ɪg.ʊz,ɪgɪz,ɪgʊz,ɪgɪz,ɪgʊz
ɪg.ɪʃ,ɪg.ʊʃ,ɪgɪʃ,ɪgʊʃ,ɪgɪʃ,ɪgʊʃ
ɪg.ɪʒ,ɪg.ʊʒ,ɪgɪʒ,ɪgʊʒ,ɪgɪʒ,ɪgʊʒ
ɪg.ɪθ,ɪg.ʊθ,ɪgɪθ,ɪgʊθ,ɪgɪθ,ɪgʊθ
ɪg.ɪð,ɪg.ʊð,ɪgɪð,ɪgʊð,ɪgɪð,ɪgʊð
ɪg.ɛm,ɪg.ɔm,ɪgɛm,ɪgɔm,ɪgɛm,ɪgɔm
ɪg.ɛn,ɪg.ɔn,ɪgɛn,ɪgɔn,ɪgɛn,ɪgɔn
ɪg.ɛŋ,ɪg.ɔŋ,ɪgɛŋ,ɪgɔŋ,ɪgɛŋ,ɪgɔŋ
ɪg.ɛp,ɪg.ɔp,ɪgɛp,ɪgɔp,ɪgɛp,ɪgɔp
ɪg.ɛt,ɪg.ɔt,ɪgɛt,ɪgɔt,ɪgɛt,ɪgɔt
ɪg.ɛk,ɪg.ɔk,ɪgɛk,ɪgɔk,ɪgɛk,ɪgɔk
ɪg.ɛb,ɪg.ɔb,ɪgɛb,ɪgɔb,ɪgɛb,ɪgɔb
ɪg.ɛd,ɪg.ɔd,ɪgɛd,ɪgɔd,ɪgɛd,ɪgɔd
ɪg.ɛg,ɪg.ɔg,ɪgɛg,ɪgɔg,ɪgɛg,ɪgɔg
ɪg.ɛf,ɪg.ɔf,ɪgɛf,ɪgɔf,ɪgɛf,ɪgɔf
ɪg.ɛs,ɪg.ɔs,ɪgɛs,ɪgɔs,ɪgɛs,ɪgɔs
ɪg.ɛv,ɪg.ɔv,ɪgɛv,ɪgɔv,ɪgɛv,ɪgɔv
ɪg.ɛz,ɪg.ɔz,ɪgɛz,ɪgɔz,ɪgɛz,ɪgɔz
ɪg.ɛʃ,ɪg.ɔʃ,ɪgɛʃ,ɪgɔʃ,ɪgɛʃ,ɪgɔʃ
ɪg.ɛʒ,ɪg.ɔʒ,ɪgɛʒ,ɪgɔʒ,ɪgɛʒ,ɪgɔʒ
ɪg.ɛθ,ɪg.ɔθ,ɪgɛθ,ɪgɔθ,ɪgɛθ,ɪgɔθ
ɪg.ɛð,ɪg.ɔð,ɪgɛð,ɪgɔð,ɪgɛð,ɪgɔð
ɪg.ʊm,ɪg.ɪm,ɪgʊm,ɪgɪm,ɪgʊm,ɪgɪm
ɪg.ʊn,ɪg.ɪn,ɪgʊn,ɪgɪn,ɪgʊn,ɪgɪn
ɪg.ʊŋ,ɪg.ɪŋ,ɪgʊŋ,ɪgɪŋ,ɪgʊŋ,ɪgɪŋ
ɪg.ʊp,ɪg.ɪp,ɪgʊp,ɪgɪp,ɪgʊp,ɪgɪp
ɪg.ʊt,ɪg.ɪt,ɪgʊt,ɪgɪt,ɪgʊt,ɪgɪt
ɪg.ʊk,ɪg.ɪk,ɪgʊk,ɪgɪk,ɪgʊk,ɪgɪk
ɪg.ʊb,ɪg.ɪb,ɪgʊb,ɪgɪb,ɪgʊb,ɪgɪb
ɪg.ʊd,ɪg.ɪd,ɪgʊd,ɪgɪd,ɪgʊd,ɪgɪd
ɪg.ʊg,ɪg.ɪg,ɪgʊg,ɪgɪg,ɪgʊg,ɪgɪg
ɪg.ʊf,ɪg.ɪf,ɪgʊf,ɪgɪf,ɪgʊf,ɪgɪf
ɪg.ʊs,ɪg.ɪs,ɪgʊs,ɪgɪs,ɪgʊs,ɪgɪs
ɪg.ʊv,ɪg.ɪv,ɪgʊv,ɪgɪv,ɪgʊv,ɪgɪv
ɪg.ʊz,ɪg.ɪz,ɪgʊz,ɪgɪz,ɪgʊz,ɪgɪz
ɪg.ʊʃ,ɪg.ɪʃ,ɪgʊʃ,ɪgɪʃ,ɪgʊʃ,ɪgɪʃ
ɪg.ʊʒ,ɪg.ɪʒ,ɪgʊʒ,ɪgɪʒ,ɪgʊʒ,ɪgɪʒ
ɪg.ʊθ,ɪg.ɪθ,ɪgʊθ,ɪgɪθ,ɪgʊθ,ɪgɪθ
ɪg.ʊð,ɪg.ɪð,ɪgʊð,ɪgɪð,ɪgʊð,ɪgɪð
ɪg.ɔm,ɪg.ɛm,ɪgɔm,ɪgɛm,ɪgɔm,ɪgɛm
ɪg.ɔn,ɪg.ɛn,ɪgɔn,ɪgɛn,ɪgɔn,ɪgɛn
ɪg.ɔŋ,ɪg.ɛŋ,ɪgɔŋ,ɪgɛŋ,ɪgɔŋ,ɪgɛŋ
ɪg.ɔp,ɪg.ɛp,ɪgɔp,ɪgɛp,ɪgɔp,ɪgɛp
ɪg.ɔt,ɪg.ɛt,ɪgɔt,ɪgɛt,ɪgɔt,ɪgɛt
ɪg.ɔk,ɪg.ɛk,ɪgɔk,ɪgɛk,ɪgɔk,ɪgɛk
ɪg.ɔb,ɪg.ɛb,ɪgɔb,ɪgɛb,ɪgɔb,ɪgɛb
ɪg.ɔd,ɪg.ɛd,ɪgɔd,ɪgɛd,ɪgɔd,ɪgɛd
ɪg.ɔg,ɪg.ɛg,ɪgɔg,ɪgɛg,ɪgɔg,ɪgɛg
ɪg.ɔf,ɪg.ɛf,ɪgɔf,ɪgɛf,ɪgɔf,ɪgɛf
ɪg.ɔs,ɪg.ɛs,ɪgɔs,ɪgɛs,ɪgɔs,ɪgɛs
ɪg.ɔv,ɪg.ɛv,ɪgɔv,ɪgɛv,ɪgɔv,ɪgɛv
ɪg.ɔz,ɪg.ɛz,ɪgɔz,ɪgɛz,ɪgɔz,ɪgɛz
ɪg.ɔʃ,ɪg.ɛʃ,ɪgɔʃ,ɪgɛʃ,ɪgɔʃ,ɪgɛʃ
ɪg.ɔʒ,ɪg.ɛʒ,ɪgɔʒ,ɪgɛʒ,ɪgɔʒ,ɪgɛʒ
ɪg.ɔθ,ɪg.ɛθ,ɪgɔθ,ɪgɛθ,ɪgɔθ,ɪgɛθ
ɪg.ɔð,ɪg.ɛð,ɪgɔð,ɪgɛð,ɪgɔð,ɪgɛð
ɪf.ɪm,ɪf.ʊm,ɪfɪm,ɪfʊm,ɪfɪm,ɪfʊm
ɪf.ɪn,ɪf.ʊn,ɪfɪn,ɪfʊn,ɪfɪn,ɪfʊn
ɪf.ɪŋ,ɪf.ʊŋ,ɪfɪŋ,ɪfʊŋ,ɪfɪŋ,ɪfʊŋ
ɪf.ɪp,ɪf.ʊp,ɪfɪp,ɪfʊp,ɪfɪp,ɪfʊp
ɪf.ɪt,ɪf.ʊt,ɪfɪt,ɪfʊt,ɪfɪt,ɪfʊt
ɪf.ɪk,ɪf.ʊk,ɪfɪk,ɪfʊk,ɪfɪk,ɪfʊk
ɪf.ɪb,ɪf.ʊb,ɪfɪb,ɪfʊb,ɪfɪb,ɪfʊb
ɪf.ɪd,ɪf.ʊd,ɪfɪd,ɪfʊd,ɪfɪd,ɪfʊd
ɪf.ɪg,ɪf.ʊg,ɪfɪg,ɪfʊg,ɪfɪg,ɪfʊg
ɪf.ɪf,ɪf.ʊf,ɪfɪf,ɪfʊf,ɪfɪf,ɪfʊf
ɪf.ɪs,ɪf.ʊs,ɪfɪs,ɪfʊs,ɪfɪs,ɪfʊs
ɪf.ɪv,ɪf.ʊv,ɪfɪv,ɪfʊv,ɪfɪv,ɪfʊv
ɪf.ɪz,ɪf.ʊz,ɪfɪz,ɪfʊz,ɪfɪz,ɪfʊz
ɪf.ɪʃ,ɪf.ʊʃ,ɪfɪʃ,ɪfʊʃ,ɪfɪʃ,ɪfʊʃ
ɪf.ɪʒ,ɪf.ʊʒ,ɪfɪʒ,ɪfʊʒ,ɪfɪʒ,ɪfʊʒ
ɪf.ɪθ,ɪf.ʊθ,ɪfɪθ,ɪfʊθ,ɪfɪθ,ɪfʊθ
ɪf.ɪð,ɪf.ʊð,ɪfɪð,ɪfʊð,ɪfɪð,ɪfʊð
ɪf.ɛm,ɪf.ɔm,ɪfɛm,ɪfɔm,ɪfɛm,ɪfɔm
ɪf.ɛn,ɪf.ɔn,ɪfɛn,ɪfɔn,ɪfɛn,ɪfɔn
ɪf.ɛŋ,ɪf.ɔŋ,ɪfɛŋ,ɪfɔŋ,ɪfɛŋ,ɪfɔŋ
ɪf.ɛp,ɪf.ɔp,ɪfɛp,ɪfɔp,ɪfɛp,ɪfɔp
ɪf.ɛt,ɪf.ɔt,ɪfɛt,ɪfɔt,ɪfɛt,ɪfɔt
ɪf.ɛk,ɪf.ɔk,ɪfɛk,ɪfɔk,ɪfɛk,ɪfɔk
ɪf.ɛb,ɪf.ɔb,ɪfɛb,ɪfɔb,ɪfɛb,ɪfɔb
ɪf.ɛd,ɪf.ɔd,ɪfɛd,ɪfɔd,ɪfɛd,ɪfɔd
ɪf.ɛg,ɪf.ɔg,ɪfɛg,ɪfɔg,ɪfɛg,ɪfɔg
ɪf.ɛf,ɪf.ɔf,ɪfɛf,ɪfɔf,ɪfɛf,ɪfɔf
ɪf.ɛs,ɪf.ɔs,ɪfɛs,ɪfɔs,ɪfɛs,ɪfɔs
ɪf.ɛv,ɪf.ɔv,ɪfɛv,ɪfɔv,ɪfɛv,ɪfɔv
ɪf.ɛz,ɪf.ɔz,ɪfɛz,ɪfɔz,ɪfɛz,ɪfɔz
ɪf.ɛʃ,ɪf.ɔʃ,ɪfɛʃ,ɪfɔʃ,ɪfɛʃ,ɪfɔʃ
ɪf.ɛʒ,ɪf.ɔʒ,ɪfɛʒ,ɪfɔʒ,ɪfɛʒ,ɪfɔʒ
ɪf.ɛθ,ɪf.ɔθ,ɪfɛθ,ɪfɔθ,ɪfɛθ,ɪfɔθ
ɪf.ɛð,ɪf.ɔð,ɪfɛð,ɪfɔð,ɪfɛð,ɪfɔð
ɪf.ʊm,ɪf.ɪm,ɪfʊm,ɪfɪm,ɪfʊm,ɪfɪm
ɪf.ʊn,ɪf.ɪn,ɪfʊn,ɪfɪn,ɪfʊn,ɪfɪn
ɪf.ʊŋ,ɪf.ɪŋ,ɪfʊŋ,ɪfɪŋ,ɪfʊŋ,ɪfɪŋ
ɪf.ʊp,ɪf.ɪp,ɪfʊp,ɪfɪp,ɪfʊp,ɪfɪp
ɪf.ʊt,ɪf.ɪt,ɪfʊt,ɪfɪt,ɪfʊt,ɪfɪt
ɪf.ʊk,ɪf.ɪk,ɪfʊk,ɪfɪk,ɪfʊk,ɪfɪk
ɪf.ʊb,ɪf.ɪb,ɪfʊb,ɪfɪb,ɪfʊb,ɪfɪb
ɪf.ʊd,ɪf.ɪd,ɪfʊd,ɪfɪd,ɪfʊd,ɪfɪd
ɪf.ʊg,ɪf.ɪg,ɪfʊg,ɪfɪg,ɪfʊg,ɪfɪg
ɪf.ʊf,ɪf.ɪf,ɪfʊf,ɪfɪf,ɪfʊf,ɪfɪf
ɪf.ʊs,ɪf.ɪs,ɪfʊs,ɪfɪs,ɪfʊs,ɪfɪs
ɪf.ʊv,ɪf.ɪv,ɪfʊv,ɪfɪv,ɪfʊv,ɪfɪv
ɪf.ʊz,ɪf.ɪz,ɪfʊz,ɪfɪz,ɪfʊz,ɪfɪz
ɪf.ʊʃ,ɪf.ɪʃ,ɪfʊʃ,ɪfɪʃ,ɪfʊʃ,ɪfɪʃ
ɪf.ʊʒ,ɪf.ɪʒ,ɪfʊʒ,ɪfɪʒ,ɪfʊʒ,ɪfɪʒ
ɪf.ʊθ,ɪf.ɪθ,ɪfʊθ,ɪfɪθ,ɪfʊθ,ɪfɪθ
ɪf.ʊð,ɪf.ɪð,ɪfʊð,ɪfɪð,ɪfʊð,ɪfɪð
ɪf.ɔm,ɪf.ɛm,ɪfɔm,ɪfɛm,ɪfɔm,ɪfɛm
ɪf.ɔn,ɪf.ɛn,ɪfɔn,ɪfɛn,ɪfɔn,ɪfɛn
ɪf.ɔŋ,ɪf.ɛŋ,ɪfɔŋ,ɪfɛŋ,ɪfɔŋ,ɪfɛŋ
ɪf.ɔp,ɪf.ɛp,ɪfɔp,ɪfɛp,ɪfɔp,ɪfɛp
ɪf.ɔt,ɪf.ɛt,ɪfɔt,ɪfɛt,ɪfɔt,ɪfɛt
ɪf.ɔk,ɪf.ɛk,ɪfɔk,ɪfɛk,ɪfɔk,ɪfɛk
ɪf.ɔb,ɪf.ɛb,ɪfɔb,ɪfɛb,ɪfɔb,ɪfɛb
ɪf.ɔd,ɪf.ɛd,ɪfɔd,ɪfɛd,ɪfɔd,ɪfɛd
ɪf.ɔg,ɪf.ɛg,ɪfɔg,ɪfɛg,ɪfɔg,ɪfɛg
ɪf.ɔf,ɪf.ɛf,ɪfɔf,ɪfɛf,ɪfɔf,ɪfɛf
ɪf.ɔs,ɪf.ɛs,ɪfɔs,ɪfɛs,ɪfɔs,ɪfɛs
ɪf.ɔv,ɪf.ɛv,ɪfɔv,ɪfɛv,ɪfɔv,ɪfɛv
ɪf.ɔz,ɪf.ɛz,ɪfɔz,ɪfɛz,ɪfɔz,ɪfɛz
ɪf.ɔʃ,ɪf.ɛʃ,ɪfɔʃ,ɪfɛʃ,ɪfɔʃ,ɪfɛʃ
ɪf.ɔʒ,ɪf.ɛʒ,ɪfɔʒ,ɪfɛʒ,ɪfɔʒ,ɪfɛʒ
ɪf.ɔθ,ɪf.ɛθ,ɪfɔθ,ɪfɛθ,ɪfɔθ,ɪfɛθ
ɪf.ɔð,ɪf.ɛð,ɪfɔð,ɪfɛð,ɪfɔð,ɪfɛð
ɪs.ɪm,ɪs.ʊm,ɪsɪm,ɪsʊm,ɪsɪm,ɪsʊm
ɪs.ɪn,ɪs.ʊn,ɪsɪn,ɪsʊn,ɪsɪn,ɪsʊn
ɪs.ɪŋ,ɪs.ʊŋ,ɪsɪŋ,ɪsʊŋ,ɪsɪŋ,ɪsʊŋ
ɪs.ɪp,ɪs.ʊp,ɪsɪp,ɪsʊp,ɪsɪp,ɪsʊp
ɪs.ɪt,ɪs.ʊt,ɪsɪt,ɪsʊt,ɪsɪt,ɪsʊt
ɪs.ɪk,ɪs.ʊk,ɪsɪk,ɪsʊk,ɪsɪk,ɪsʊk
ɪs.ɪb,ɪs.ʊb,ɪsɪb,ɪsʊb,ɪsɪb,ɪsʊb
ɪs.ɪd,ɪs.ʊd,ɪsɪd,ɪsʊd,ɪsɪd,ɪsʊd
ɪs.ɪg,ɪs.ʊg,ɪsɪg,ɪsʊg,ɪsɪg,ɪsʊg
ɪs.ɪf,ɪs.ʊf,ɪsɪf,ɪsʊf,ɪsɪf,ɪsʊf
ɪs.ɪs,ɪs.ʊs,ɪsɪs,ɪsʊs,ɪsɪs,ɪsʊs
ɪs.ɪv,ɪs.ʊv,ɪsɪv,ɪsʊv,ɪsɪv,ɪsʊv
ɪs.ɪz,ɪs.ʊz,ɪsɪz,ɪsʊz,ɪsɪz,ɪsʊz
ɪs.ɪʃ,ɪs.ʊʃ,ɪsɪʃ,ɪsʊʃ,ɪsɪʃ,ɪsʊʃ
ɪs.ɪʒ,ɪs.ʊʒ,ɪsɪʒ,ɪsʊʒ,ɪsɪʒ,ɪsʊʒ
ɪs.ɪθ,ɪs.ʊθ,ɪsɪθ,ɪsʊθ,ɪsɪθ,ɪsʊθ
ɪs.ɪð,ɪs.ʊð,ɪsɪð,ɪsʊð,ɪsɪð,ɪsʊð
ɪs.ɛm,ɪs.ɔm,ɪsɛm,ɪsɔm,ɪsɛm,ɪsɔm
ɪs.ɛn,ɪs.ɔn,ɪsɛn,ɪsɔn,ɪsɛn,ɪsɔn
ɪs.ɛŋ,ɪs.ɔŋ,ɪsɛŋ,ɪsɔŋ,ɪsɛŋ,ɪsɔŋ
ɪs.ɛp,ɪs.ɔp,ɪsɛp,ɪsɔp,ɪsɛp,ɪsɔp
ɪs.ɛt,ɪs.ɔt,ɪsɛt,ɪsɔt,ɪsɛt,ɪsɔt
ɪs.ɛk,ɪs.ɔk,ɪsɛk,ɪsɔk,ɪsɛk,ɪsɔk
ɪs.ɛb,ɪs.ɔb,ɪsɛb,ɪsɔb,ɪsɛb,ɪsɔb
ɪs.ɛd,ɪs.ɔd,ɪsɛd,ɪsɔd,ɪsɛd,ɪsɔd
ɪs.ɛg,ɪs.ɔg,ɪsɛg,ɪsɔg,ɪsɛg,ɪsɔg
ɪs.ɛf,ɪs.ɔf,ɪsɛf,ɪsɔf,ɪsɛf,ɪsɔf
ɪs.ɛs,ɪs.ɔs,ɪsɛs,ɪsɔs,ɪsɛs,ɪsɔs
ɪs.ɛv,ɪs.ɔv,ɪsɛv,ɪsɔv,ɪsɛv,ɪsɔv
ɪs.ɛz,ɪs.ɔz,ɪsɛz,ɪsɔz,ɪsɛz,ɪsɔz
ɪs.ɛʃ,ɪs.ɔʃ,ɪsɛʃ,ɪsɔʃ,ɪsɛʃ,ɪsɔʃ
ɪs.ɛʒ,ɪs.ɔʒ,ɪsɛʒ,ɪsɔʒ,ɪsɛʒ,ɪsɔʒ
ɪs.ɛθ,ɪs.ɔθ,ɪsɛθ,ɪsɔθ,ɪsɛθ,ɪsɔθ
ɪs.ɛð,ɪs.ɔð,ɪsɛð,ɪsɔð,ɪsɛð,ɪsɔð
ɪs.ʊm,ɪs.ɪm,ɪsʊm,ɪsɪm,ɪsʊm,ɪsɪm
ɪs.ʊn,ɪs.ɪn,ɪsʊn,ɪsɪn,ɪsʊn,ɪsɪn
ɪs.ʊŋ,ɪs.ɪŋ,ɪsʊŋ,ɪsɪŋ,ɪsʊŋ,ɪsɪŋ
ɪs.ʊp,ɪs.ɪp,ɪsʊp,ɪsɪp,ɪsʊp,ɪsɪp
ɪs.ʊt,ɪs.ɪt,ɪsʊt,ɪsɪt,ɪsʊt,ɪsɪt
ɪs.ʊk,ɪs.ɪk,ɪsʊk,ɪsɪk,ɪsʊk,ɪsɪk
ɪs.ʊb,ɪs.ɪb,ɪsʊb,ɪsɪb,ɪsʊb,ɪsɪb
ɪs.ʊd,ɪs.ɪd,ɪsʊd,ɪsɪd,ɪsʊd,ɪsɪd
ɪs.ʊg,ɪs.ɪg,ɪsʊg,ɪsɪg,ɪsʊg,ɪsɪg
ɪs.ʊf,ɪs.ɪf,ɪsʊf,ɪsɪf,ɪsʊf,ɪsɪf
ɪs.ʊs,ɪs.ɪs,ɪsʊs,ɪsɪs,ɪsʊs,ɪsɪs
ɪs.ʊv,ɪs.ɪv,ɪsʊv,ɪsɪv,ɪsʊv,ɪsɪv
ɪs.ʊz,ɪs.ɪz,ɪsʊz,ɪsɪz,ɪsʊz,ɪsɪz
ɪs.ʊʃ,ɪs.ɪʃ,ɪsʊʃ,ɪsɪʃ,ɪsʊʃ,ɪsɪʃ
ɪs.ʊʒ,ɪs.ɪʒ,ɪsʊʒ,ɪsɪʒ,ɪsʊʒ,ɪsɪʒ
ɪs.ʊθ,ɪs.ɪθ,ɪsʊθ,ɪsɪθ,ɪsʊθ,ɪsɪθ
ɪs.ʊð,ɪs.ɪð,ɪsʊð,ɪsɪð,ɪsʊð,ɪsɪð
ɪs.ɔm,ɪs.ɛm,ɪsɔm,ɪsɛm,ɪsɔm,ɪsɛm
ɪs.ɔn,ɪs.ɛn,ɪsɔn,ɪsɛn,ɪsɔn,ɪsɛn
ɪs.ɔŋ,ɪs.ɛŋ,ɪsɔŋ,ɪsɛŋ,ɪsɔŋ,ɪsɛŋ
ɪs.ɔp,ɪs.ɛp,ɪsɔp,ɪsɛp,ɪsɔp,ɪsɛp
ɪs.ɔt,ɪs.ɛt,ɪsɔt,ɪsɛt,ɪsɔt,ɪsɛt
ɪs.ɔk,ɪs.ɛk,ɪsɔk,ɪsɛk,ɪsɔk,ɪsɛk
ɪs.ɔb,ɪs.ɛb,ɪsɔb,ɪsɛb,ɪsɔb,ɪsɛb
ɪs.ɔd,ɪs.ɛd,ɪsɔd,ɪsɛd,ɪsɔd,ɪsɛd
ɪs.ɔg,ɪs.ɛg,ɪsɔg,ɪsɛg,ɪsɔg,ɪsɛg
ɪs.ɔf,ɪs.ɛf,ɪsɔf,ɪsɛf,ɪsɔf,ɪsɛf
ɪs.ɔs,ɪs.ɛs,ɪsɔs,ɪsɛs,ɪsɔs,ɪsɛs
ɪs.ɔv,ɪs.ɛv,ɪsɔv,ɪsɛv,ɪsɔv,ɪsɛv
ɪs.ɔz,ɪs.ɛz,ɪsɔz,ɪsɛz,ɪsɔz,ɪsɛz
ɪs.ɔʃ,ɪs.ɛʃ,ɪsɔʃ,ɪsɛʃ,ɪsɔʃ,ɪsɛʃ
ɪs.ɔʒ,ɪs.ɛʒ,ɪsɔʒ,ɪsɛʒ,ɪsɔʒ,ɪsɛʒ
ɪs.ɔθ,ɪs.ɛθ,ɪsɔθ,ɪsɛθ,ɪsɔθ,ɪsɛθ
ɪs.ɔð,ɪs.ɛð,ɪsɔð,ɪsɛð,ɪsɔð,ɪsɛð
ɪv.ɪm,ɪv.ʊm,ɪvɪm,ɪvʊm,ɪvɪm,ɪvʊm
ɪv.ɪn,ɪv.ʊn,ɪvɪn,ɪvʊn,ɪvɪn,ɪvʊn
ɪv.ɪŋ,ɪv.ʊŋ,ɪvɪŋ,ɪvʊŋ,ɪvɪŋ,ɪvʊŋ
ɪv.ɪp,ɪv.ʊp,ɪvɪp,ɪvʊp,ɪvɪp,ɪvʊp
ɪv.ɪt,ɪv.ʊt,ɪvɪt,ɪvʊt,ɪvɪt,ɪvʊt
ɪv.ɪk,ɪv.ʊk,ɪvɪk,ɪvʊk,ɪvɪk,ɪvʊk
ɪv.ɪb,ɪv.ʊb,ɪvɪb,ɪvʊb,ɪvɪb,ɪvʊb
ɪv.ɪd,ɪv.ʊd,ɪvɪd,ɪvʊd,ɪvɪd,ɪvʊd
ɪv.ɪg,ɪv.ʊg,ɪvɪg,ɪvʊg,ɪvɪg,ɪvʊg
ɪv.ɪf,ɪv.ʊf,ɪvɪf,ɪvʊf,ɪvɪf,ɪvʊf
ɪv.ɪs,ɪv.ʊs,ɪvɪs,ɪvʊs,ɪvɪs,ɪvʊs
ɪv.ɪv,ɪv.ʊv,ɪvɪv,ɪvʊv,ɪvɪv,ɪvʊv
ɪv.ɪz,ɪv.ʊz,ɪvɪz,ɪvʊz,ɪvɪz,ɪvʊz
ɪv.ɪʃ,ɪv.ʊʃ,ɪvɪʃ,ɪvʊʃ,ɪvɪʃ,ɪvʊʃ
ɪv.ɪʒ,ɪv.ʊʒ,ɪvɪʒ,ɪvʊʒ,ɪvɪʒ,ɪvʊʒ
ɪv.ɪθ,ɪv.ʊθ,ɪvɪθ,ɪvʊθ,ɪvɪθ,ɪvʊθ
ɪv.ɪð,ɪv.ʊð,ɪvɪð,ɪvʊð,ɪvɪð,ɪvʊð
ɪv.ɛm,ɪv.ɔm,ɪvɛm,ɪvɔm,ɪvɛm,ɪvɔm
ɪv.ɛn,ɪv.ɔn,ɪvɛn,ɪvɔn,ɪvɛn,ɪvɔn
ɪv.ɛŋ,ɪv.ɔŋ,ɪvɛŋ,ɪvɔŋ,ɪvɛŋ,ɪvɔŋ
ɪv.ɛp,ɪv.ɔp,ɪvɛp,ɪvɔp,ɪvɛp,ɪvɔp
ɪv.ɛt,ɪv.ɔt,ɪvɛt,ɪvɔt,ɪvɛt,ɪvɔt
ɪv.ɛk,ɪv.ɔk,ɪvɛk,ɪvɔk,ɪvɛk,ɪvɔk
ɪv.ɛb,ɪv.ɔb,ɪvɛb,ɪvɔb,ɪvɛb,ɪvɔb
ɪv.ɛd,ɪv.ɔd,ɪvɛd,ɪvɔd,ɪvɛd,ɪvɔd
ɪv.ɛg,ɪv.ɔg,ɪvɛg,ɪvɔg,ɪvɛg,ɪvɔg
ɪv.ɛf,ɪv.ɔf,ɪvɛf,ɪvɔf,ɪvɛf,ɪvɔf
ɪv.ɛs,ɪv.ɔs,ɪvɛs,ɪvɔs,ɪvɛs,ɪvɔs
ɪv.ɛv,ɪv.ɔv,ɪvɛv,ɪvɔv,ɪvɛv,ɪvɔv
ɪv.ɛz,ɪv.ɔz,ɪvɛz,ɪvɔz,ɪvɛz,ɪvɔz
ɪv.ɛʃ,ɪv.ɔʃ,ɪvɛʃ,ɪvɔʃ,ɪvɛʃ,ɪvɔʃ
ɪv.ɛʒ,ɪv.ɔʒ,ɪvɛʒ,ɪvɔʒ,ɪvɛʒ,ɪvɔʒ
ɪv.ɛθ,ɪv.ɔθ,ɪvɛθ,ɪvɔθ,ɪvɛθ,ɪvɔθ
ɪv.ɛð,ɪv.ɔð,ɪvɛð,ɪvɔð,ɪvɛð,ɪvɔð
ɪv.ʊm,ɪv.ɪm,ɪvʊm,ɪvɪm,ɪvʊm,ɪvɪm
ɪv.ʊn,ɪv.ɪn,ɪvʊn,ɪvɪn,ɪvʊn,ɪvɪn
ɪv.ʊŋ,ɪv.ɪŋ,ɪvʊŋ,ɪvɪŋ,ɪvʊŋ,ɪvɪŋ
ɪv.ʊp,ɪv.ɪp,ɪvʊp,ɪvɪp,ɪvʊp,ɪvɪp
ɪv.ʊt,ɪv.ɪt,ɪvʊt,ɪvɪt,ɪvʊt,ɪvɪt
ɪv.ʊk,ɪv.ɪk,ɪvʊk,ɪvɪk,ɪvʊk,ɪvɪk
ɪv.ʊb,ɪv.ɪb,ɪvʊb,ɪvɪb,ɪvʊb,ɪvɪb
ɪv.ʊd,ɪv.ɪd,ɪvʊd,ɪvɪd,ɪvʊd,ɪvɪd
ɪv.ʊg,ɪv.ɪg,ɪvʊg,ɪvɪg,ɪvʊg,ɪvɪg
ɪv.ʊf,ɪv.ɪf,ɪvʊf,ɪvɪf,ɪvʊf,ɪvɪf
ɪv.ʊs,ɪv.ɪs,ɪvʊs,ɪvɪs,ɪvʊs,ɪvɪs
ɪv.ʊv,ɪv.ɪv,ɪvʊv,ɪvɪv,ɪvʊv,ɪvɪv
ɪv.ʊz,ɪv.ɪz,ɪvʊz,ɪvɪz,ɪvʊz,ɪvɪz
ɪv.ʊʃ,ɪv.ɪʃ,ɪvʊʃ,ɪvɪʃ,ɪvʊʃ,ɪvɪʃ
ɪv.ʊʒ,ɪv.ɪʒ,ɪvʊʒ,ɪvɪʒ,ɪvʊʒ,ɪvɪʒ
ɪv.ʊθ,ɪv.ɪθ,ɪvʊθ,ɪvɪθ,ɪvʊθ,ɪvɪθ
ɪv.ʊð,ɪv.ɪð,ɪvʊð,ɪvɪð,ɪvʊð,ɪvɪð
ɪv.ɔm,ɪv.ɛm,ɪvɔm,ɪvɛm,ɪvɔm,ɪvɛm
ɪv.ɔn,ɪv.ɛn,ɪvɔn,ɪvɛn,ɪvɔn,ɪvɛn
ɪv.ɔŋ,ɪv.ɛŋ,ɪvɔŋ,ɪvɛŋ,ɪvɔŋ,ɪvɛŋ
ɪv.ɔp,ɪv.ɛp,ɪvɔp,ɪvɛp,ɪvɔp,ɪvɛp
ɪv.ɔt,ɪv.ɛt,ɪvɔt,ɪvɛt,ɪvɔt,ɪvɛt
ɪv.ɔk,ɪv.ɛk,ɪvɔk,ɪvɛk,ɪvɔk,ɪvɛk
ɪv.ɔb,ɪv.ɛb,ɪvɔb,ɪvɛb,ɪvɔb,ɪvɛb
ɪv.ɔd,ɪv.ɛd,ɪvɔd,ɪvɛd,ɪvɔd,ɪvɛd
ɪv.ɔg,ɪv.ɛg,ɪvɔg,ɪvɛg,ɪvɔg,ɪvɛg
ɪv.ɔf,ɪv.ɛf,ɪvɔf,ɪvɛf,ɪvɔf,ɪvɛf
ɪv.ɔs,ɪv.ɛs,ɪvɔs,ɪvɛs,ɪvɔs,ɪvɛs
ɪv.ɔv,ɪv.ɛv,ɪvɔv,ɪvɛv,ɪvɔv,ɪvɛv
ɪv.ɔz,ɪv.ɛz,ɪvɔz,ɪvɛz,ɪvɔz,ɪvɛz
ɪv.ɔʃ,ɪv.ɛʃ,ɪvɔʃ,ɪvɛʃ,ɪvɔʃ,ɪvɛʃ
ɪv.ɔʒ,ɪv.ɛʒ,ɪvɔʒ,ɪvɛʒ,ɪvɔʒ,ɪvɛʒ
ɪv.ɔθ,ɪv.ɛθ,ɪvɔθ,ɪvɛθ,ɪvɔθ,ɪvɛθ
ɪv.ɔð,ɪv.ɛð,ɪvɔð,ɪvɛð,ɪvɔð,ɪvɛð
ɪz.ɪm,ɪz.ʊm,ɪzɪm,ɪzʊm,ɪzɪm,ɪzʊm
ɪz.ɪn,ɪz.ʊn,ɪzɪn,ɪzʊn,ɪzɪn,ɪzʊn
ɪz.ɪŋ,ɪz.ʊŋ,ɪzɪŋ,ɪzʊŋ,ɪzɪŋ,ɪzʊŋ
ɪz.ɪp,ɪz.ʊp,ɪzɪp,ɪzʊp,ɪzɪp,ɪzʊp
ɪz.ɪt,ɪz.ʊt,ɪzɪt,ɪzʊt,ɪzɪt,ɪzʊt
ɪz.ɪk,ɪz.ʊk,ɪzɪk,ɪzʊk,ɪzɪk,ɪzʊk
ɪz.ɪb,ɪz.ʊb,ɪzɪb,ɪzʊb,ɪzɪb,ɪzʊb
ɪz.ɪd,ɪz.ʊd,ɪzɪd,ɪzʊd,ɪzɪd,ɪzʊd
ɪz.ɪg,ɪz.ʊg,ɪzɪg,ɪzʊg,ɪzɪg,ɪzʊg
ɪz.ɪf,ɪz.ʊf,ɪzɪf,ɪzʊf,ɪzɪf,ɪzʊf
ɪz.ɪs,ɪz.ʊs,ɪzɪs,ɪzʊs,ɪzɪs,ɪzʊs
ɪz.ɪv,ɪz.ʊv,ɪzɪv,ɪzʊv,ɪzɪv,ɪzʊv
ɪz.ɪz,ɪz.ʊz,ɪzɪz,ɪzʊz,ɪzɪz,ɪzʊz
ɪz.ɪʃ,ɪz.ʊʃ,ɪzɪʃ,ɪzʊʃ,ɪzɪʃ,ɪzʊʃ
ɪz.ɪʒ,ɪz.ʊʒ,ɪzɪʒ,ɪzʊʒ,ɪzɪʒ,ɪzʊʒ
ɪz.ɪθ,ɪz.ʊθ,ɪzɪθ,ɪzʊθ,ɪzɪθ,ɪzʊθ
ɪz.ɪð,ɪz.ʊð,ɪzɪð,ɪzʊð,ɪzɪð,ɪzʊð
ɪz.ɛm,ɪz.ɔm,ɪzɛm,ɪzɔm,ɪzɛm,ɪzɔm
ɪz.ɛn,ɪz.ɔn,ɪzɛn,ɪzɔn,ɪzɛn,ɪzɔn
ɪz.ɛŋ,ɪz.ɔŋ,ɪzɛŋ,ɪzɔŋ,ɪzɛŋ,ɪzɔŋ
ɪz.ɛp,ɪz.ɔp,ɪzɛp,ɪzɔp,ɪzɛp,ɪzɔp
ɪz.ɛt,ɪz.ɔt,ɪzɛt,ɪzɔt,ɪzɛt,ɪzɔt
ɪz.ɛk,ɪz.ɔk,ɪzɛk,ɪzɔk,ɪzɛk,ɪzɔk
ɪz.ɛb,ɪz.ɔb,ɪzɛb,ɪzɔb,ɪzɛb,ɪzɔb
ɪz.ɛd,ɪz.ɔd,ɪzɛd,ɪzɔd,ɪzɛd,ɪzɔd
ɪz.ɛg,ɪz.ɔg,ɪzɛg,ɪzɔg,ɪzɛg,ɪzɔg
ɪz.ɛf,ɪz.ɔf,ɪzɛf,ɪzɔf,ɪzɛf,ɪzɔf
ɪz.ɛs,ɪz.ɔs,ɪzɛs,ɪzɔs,ɪzɛs,ɪzɔs
ɪz.ɛv,ɪz.ɔv,ɪzɛv,ɪzɔv,ɪzɛv,ɪzɔv
ɪz.ɛz,ɪz.ɔz,ɪzɛz,ɪzɔz,ɪzɛz,ɪzɔz
ɪz.ɛʃ,ɪz.ɔʃ,ɪzɛʃ,ɪzɔʃ,ɪzɛʃ,ɪzɔʃ
ɪz.ɛʒ,ɪz.ɔʒ,ɪzɛʒ,ɪzɔʒ,ɪzɛʒ,ɪzɔʒ
ɪz.ɛθ,ɪz.ɔθ,ɪzɛθ,ɪzɔθ,ɪzɛθ,ɪzɔθ
ɪz.ɛð,ɪz.ɔð,ɪzɛð,ɪzɔð,ɪzɛð,ɪzɔð
ɪz.ʊm,ɪz.ɪm,ɪzʊm,ɪzɪm,ɪzʊm,ɪzɪm
ɪz.ʊn,ɪz.ɪn,ɪzʊn,ɪzɪn,ɪzʊn,ɪzɪn
ɪz.ʊŋ,ɪz.ɪŋ,ɪzʊŋ,ɪzɪŋ,ɪzʊŋ,ɪzɪŋ
ɪz.ʊp,ɪz.ɪp,ɪzʊp,ɪzɪp,ɪzʊp,ɪzɪp
ɪz.ʊt,ɪz.ɪt,ɪzʊt,ɪzɪt,ɪzʊt,ɪzɪt
ɪz.ʊk,ɪz.ɪk,ɪzʊk,ɪzɪk,ɪzʊk,ɪzɪk
ɪz.ʊb,ɪz.ɪb,ɪzʊb,ɪzɪb,ɪzʊb,ɪzɪb
ɪz.ʊd,ɪz.ɪd,ɪzʊd,ɪzɪd,ɪzʊd,ɪzɪd
ɪz.ʊg,ɪz.ɪg,ɪzʊg,ɪzɪg,ɪzʊg,ɪzɪg
ɪz.ʊf,ɪz.ɪf,ɪzʊf,ɪzɪf,ɪzʊf,ɪzɪf
ɪz.ʊs,ɪz.ɪs,ɪzʊs,ɪzɪs,ɪzʊs,ɪzɪs
ɪz.ʊv,ɪz.ɪv,ɪzʊv,ɪzɪv,ɪzʊv,ɪzɪv
ɪz.ʊz,ɪz.ɪz,ɪzʊz,ɪzɪz,ɪzʊz,ɪzɪz
ɪz.ʊʃ,ɪz.ɪʃ,ɪzʊʃ,ɪzɪʃ,ɪzʊʃ,ɪzɪʃ
ɪz.ʊʒ,ɪz.ɪʒ,ɪzʊʒ,ɪzɪʒ,ɪzʊʒ,ɪzɪʒ
ɪz.ʊθ,ɪz.ɪθ,ɪzʊθ,ɪzɪθ,ɪzʊθ,ɪzɪθ
ɪz.ʊð,ɪz.ɪð,ɪzʊð,ɪzɪð,ɪzʊð,ɪzɪð
ɪz.ɔm,ɪz.ɛm,ɪzɔm,ɪzɛm,ɪzɔm,ɪzɛm
ɪz.ɔn,ɪz.ɛn,ɪzɔn,ɪzɛn,ɪzɔn,ɪzɛn
ɪz.ɔŋ,ɪz.ɛŋ,ɪzɔŋ,ɪzɛŋ,ɪzɔŋ,ɪzɛŋ
ɪz.ɔp,ɪz.ɛp,ɪzɔp,ɪzɛp,ɪzɔp,ɪzɛp
ɪz.ɔt,ɪz.ɛt,ɪzɔt,ɪzɛt,ɪzɔt,ɪzɛt
ɪz.ɔk,ɪz.ɛk,ɪzɔk,ɪzɛk,ɪzɔk,ɪzɛk
ɪz.ɔb,ɪz.ɛb,ɪzɔb,ɪzɛb,ɪzɔb,ɪzɛb
ɪz.ɔd,ɪz.ɛd,ɪzɔd,ɪzɛd,ɪzɔd,ɪzɛd
ɪz.ɔg,ɪz.ɛg,ɪzɔg,ɪzɛg,ɪzɔg,ɪzɛg
ɪz.ɔf,ɪz.ɛf,ɪzɔf,ɪzɛf,ɪzɔf,ɪzɛf
ɪz.ɔs,ɪz.ɛs,ɪzɔs,ɪzɛs,ɪzɔs,ɪzɛs
ɪz.ɔv,ɪz.ɛv,ɪzɔv,ɪzɛv,ɪzɔv,ɪzɛv
ɪz.ɔz,ɪz.ɛz,ɪzɔz,ɪzɛz,ɪzɔz,ɪzɛz
ɪz.ɔʃ,ɪz.ɛʃ,ɪzɔʃ,ɪzɛʃ,ɪzɔʃ,ɪzɛʃ
ɪz.ɔʒ,ɪz.ɛʒ,ɪzɔʒ,ɪzɛʒ,ɪzɔʒ,ɪzɛʒ
ɪz.ɔθ,ɪz.ɛθ,ɪzɔθ,ɪzɛθ,ɪzɔθ,ɪzɛθ
ɪz.ɔð,ɪz.ɛð,ɪzɔð,ɪzɛð,ɪzɔð,ɪzɛð
ɪʃ.ɪm,ɪʃ.ʊm,ɪʃɪm,ɪʃʊm,ɪʃɪm,ɪʃʊm
ɪʃ.ɪn,ɪʃ.ʊn,ɪʃɪn,ɪʃʊn,ɪʃɪn,ɪʃʊn
ɪʃ.ɪŋ,ɪʃ.ʊŋ,ɪʃɪŋ,ɪʃʊŋ,ɪʃɪŋ,ɪʃʊŋ
ɪʃ.ɪp,ɪʃ.ʊp,ɪʃɪp,ɪʃʊp,ɪʃɪp,ɪʃʊp
ɪʃ.ɪt,ɪʃ.ʊt,ɪʃɪt,ɪʃʊt,ɪʃɪt,ɪʃʊt
ɪʃ.ɪk,ɪʃ.ʊk,ɪʃɪk,ɪʃʊk,ɪʃɪk,ɪʃʊk
ɪʃ.ɪb,ɪʃ.ʊb,ɪʃɪb,ɪʃʊb,ɪʃɪb,ɪʃʊb
ɪʃ.ɪd,ɪʃ.ʊd,ɪʃɪd,ɪʃʊd,ɪʃɪd,ɪʃʊd
ɪʃ.ɪg,ɪʃ.ʊg,ɪʃɪg,ɪʃʊg,ɪʃɪg,ɪʃʊg
ɪʃ.ɪf,ɪʃ.ʊf,ɪʃɪf,ɪʃʊf,ɪʃɪf,ɪʃʊf
ɪʃ.ɪs,ɪʃ.ʊs,ɪʃɪs,ɪʃʊs,ɪʃɪs,ɪʃʊs
ɪʃ.ɪv,ɪʃ.ʊv,ɪʃɪv,ɪʃʊv,ɪʃɪv,ɪʃʊv
ɪʃ.ɪz,ɪʃ.ʊz,ɪʃɪz,ɪʃʊz,ɪʃɪz,ɪʃʊz
ɪʃ.ɪʃ,ɪʃ.ʊʃ,ɪʃɪʃ,ɪʃʊʃ,ɪʃɪʃ,ɪʃʊʃ
ɪʃ.ɪʒ,ɪʃ.ʊʒ,ɪʃɪʒ,ɪʃʊʒ,ɪʃɪʒ,ɪʃʊʒ
ɪʃ.ɪθ,ɪʃ.ʊθ,ɪʃɪθ,ɪʃʊθ,ɪʃɪθ,ɪʃʊθ
ɪʃ.ɪð,ɪʃ.ʊð,ɪʃɪð,ɪʃʊð,ɪʃɪð,ɪʃʊð
ɪʃ.ɛm,ɪʃ.ɔm,ɪʃɛm,ɪʃɔm,ɪʃɛm,ɪʃɔm
ɪʃ.ɛn,ɪʃ.ɔn,ɪʃɛn,ɪʃɔn,ɪʃɛn,ɪʃɔn
ɪʃ.ɛŋ,ɪʃ.ɔŋ,ɪʃɛŋ,ɪʃɔŋ,ɪʃɛŋ,ɪʃɔŋ
ɪʃ.ɛp,ɪʃ.ɔp,ɪʃɛp,ɪʃɔp,ɪʃɛp,ɪʃɔp
ɪʃ.ɛt,ɪʃ.ɔt,ɪʃɛt,ɪʃɔt,ɪʃɛt,ɪʃɔt
ɪʃ.ɛk,ɪʃ.ɔk,ɪʃɛk,ɪʃɔk,ɪʃɛk,ɪʃɔk
ɪʃ.ɛb,ɪʃ.ɔb,ɪʃɛb,ɪʃɔb,ɪʃɛb,ɪʃɔb
ɪʃ.ɛd,ɪʃ.ɔd,ɪʃɛd,ɪʃɔd,ɪʃɛd,ɪʃɔd
ɪʃ.ɛg,ɪʃ.ɔg,ɪʃɛg,ɪʃɔg,ɪʃɛg,ɪʃɔg
ɪʃ.ɛf,ɪʃ.ɔf,ɪʃɛf,ɪʃɔf,ɪʃɛf,ɪʃɔf
ɪʃ.ɛs,ɪʃ.ɔs,ɪʃɛs,ɪʃɔs,ɪʃɛs,ɪʃɔs
ɪʃ.ɛv,ɪʃ.ɔv,ɪʃɛv,ɪʃɔv,ɪʃɛv,ɪʃɔv
ɪʃ.ɛz,ɪʃ.ɔz,ɪʃɛz,ɪʃɔz,ɪʃɛz,ɪʃɔz
ɪʃ.ɛʃ,ɪʃ.ɔʃ,ɪʃɛʃ,ɪʃɔʃ,ɪʃɛʃ,ɪʃɔʃ
ɪʃ.ɛʒ,ɪʃ.ɔʒ,ɪʃɛʒ,ɪʃɔʒ,ɪʃɛʒ,ɪʃɔʒ
ɪʃ.ɛθ,ɪʃ.ɔθ,ɪʃɛθ,ɪʃɔθ,ɪʃɛθ,ɪʃɔθ
ɪʃ.ɛð,ɪʃ.ɔð,ɪʃɛð,ɪʃɔð,ɪʃɛð,ɪʃɔð
ɪʃ.ʊm,ɪʃ.ɪm,ɪʃʊm,ɪʃɪm,ɪʃʊm,ɪʃɪm
ɪʃ.ʊn,ɪʃ.ɪn,ɪʃʊn,ɪʃɪn,ɪʃʊn,ɪʃɪn
ɪʃ.ʊŋ,ɪʃ.ɪŋ,ɪʃʊŋ,ɪʃɪŋ,ɪʃʊŋ,ɪʃɪŋ
ɪʃ.ʊp,ɪʃ.ɪp,ɪʃʊp,ɪʃɪp,ɪʃʊp,ɪʃɪp
ɪʃ.ʊt,ɪʃ.ɪt,ɪʃʊt,ɪʃɪt,ɪʃʊt,ɪʃɪt
ɪʃ.ʊk,ɪʃ.ɪk,ɪʃʊk,ɪʃɪk,ɪʃʊk,ɪʃɪk
ɪʃ.ʊb,ɪʃ.ɪb,ɪʃʊb,ɪʃɪb,ɪʃʊb,ɪʃɪb
ɪʃ.ʊd,ɪʃ.ɪd,ɪʃʊd,ɪʃɪd,ɪʃʊd,ɪʃɪd
ɪʃ.ʊg,ɪʃ.ɪg,ɪʃʊg,ɪʃɪg,ɪʃʊg,ɪʃɪg
ɪʃ.ʊf,ɪʃ.ɪf,ɪʃʊf,ɪʃɪf,ɪʃʊf,ɪʃɪf
ɪʃ.ʊs,ɪʃ.ɪs,ɪʃʊs,ɪʃɪs,ɪʃʊs,ɪʃɪs
ɪʃ.ʊv,ɪʃ.ɪv,ɪʃʊv,ɪʃɪv,ɪʃʊv,ɪʃɪv
ɪʃ.ʊz,ɪʃ.ɪz,ɪʃʊz,ɪʃɪz,ɪʃʊz,ɪʃɪz
ɪʃ.ʊʃ,ɪʃ.ɪʃ,ɪʃʊʃ,ɪʃɪʃ,ɪʃʊʃ,ɪʃɪʃ
ɪʃ.ʊʒ,ɪʃ.ɪʒ,ɪʃʊʒ,ɪʃɪʒ,ɪʃʊʒ,ɪʃɪʒ
ɪʃ.ʊθ,ɪʃ.ɪθ,ɪʃʊθ,ɪʃɪθ,ɪʃʊθ,ɪʃɪθ
ɪʃ.ʊð,ɪʃ.ɪð,ɪʃʊð,ɪʃɪð,ɪʃʊð,ɪʃɪð
ɪʃ.ɔm,ɪʃ.ɛm,ɪʃɔm,ɪʃɛm,ɪʃɔm,ɪʃɛm
ɪʃ.ɔn,ɪʃ.ɛn,ɪʃɔn,ɪʃɛn,ɪʃɔn,ɪʃɛn
ɪʃ.ɔŋ,ɪʃ.ɛŋ,ɪʃɔŋ,ɪʃɛŋ,ɪʃɔŋ,ɪʃɛŋ
ɪʃ.ɔp,ɪʃ.ɛp,ɪʃɔp,ɪʃɛp,ɪʃɔp,ɪʃɛp
ɪʃ.ɔt,ɪʃ.ɛt,ɪʃɔt,ɪʃɛt,ɪʃɔt,ɪʃɛt
ɪʃ.ɔk,ɪʃ.ɛk,ɪʃɔk,ɪʃɛk,ɪʃɔk,ɪʃɛk
ɪʃ.ɔb,ɪʃ.ɛb,ɪʃɔb,ɪʃɛb,ɪʃɔb,ɪʃɛb
ɪʃ.ɔd,ɪʃ.ɛd,ɪʃɔd,ɪʃɛd,ɪʃɔd,ɪʃɛd
ɪʃ.ɔg,ɪʃ.ɛg,ɪʃɔg,ɪʃɛg,ɪʃɔg,ɪʃɛg
ɪʃ.ɔf,ɪʃ.ɛf,ɪʃɔf,ɪʃɛf,ɪʃɔf,ɪʃɛf
ɪʃ.ɔs,ɪʃ.ɛs,ɪʃɔs,ɪʃɛs,ɪʃɔs,ɪʃɛs
ɪʃ.ɔv,ɪʃ.ɛv,ɪʃɔv,ɪʃɛv,ɪʃɔv,ɪʃɛv
ɪʃ.ɔz,ɪʃ.ɛz,ɪʃɔz,ɪʃɛz,ɪʃɔz,ɪʃɛz
ɪʃ.ɔʃ,ɪʃ.ɛʃ,ɪʃɔʃ,ɪʃɛʃ,ɪʃɔʃ,ɪʃɛʃ
ɪʃ.ɔʒ,ɪʃ.ɛʒ,ɪʃɔʒ,ɪʃɛʒ,ɪʃɔʒ,ɪʃɛʒ
ɪʃ.ɔθ,ɪʃ.ɛθ,ɪʃɔθ,ɪʃɛθ,ɪʃɔθ,ɪʃɛθ
ɪʃ.ɔð,ɪʃ.ɛð,ɪʃɔð,ɪʃɛð,ɪʃɔð,ɪʃɛð
ɪʒ.ɪm,ɪʒ.ʊm,ɪʒɪm,ɪʒʊm,ɪʒɪm,ɪʒʊm
ɪʒ.ɪn,ɪʒ.ʊn,ɪʒɪn,ɪʒʊn,ɪʒɪn,ɪʒʊn
ɪʒ.ɪŋ,ɪʒ.ʊŋ,ɪʒɪŋ,ɪʒʊŋ,ɪʒɪŋ,ɪʒʊŋ
ɪʒ.ɪp,ɪʒ.ʊp,ɪʒɪp,ɪʒʊp,ɪʒɪp,ɪʒʊp
ɪʒ.ɪt,ɪʒ.ʊt,ɪʒɪt,ɪʒʊt,ɪʒɪt,ɪʒʊt
ɪʒ.ɪk,ɪʒ.ʊk,ɪʒɪk,ɪʒʊk,ɪʒɪk,ɪʒʊk
ɪʒ.ɪb,ɪʒ.ʊb,ɪʒɪb,ɪʒʊb,ɪʒɪb,ɪʒʊb
ɪʒ.ɪd,ɪʒ.ʊd,ɪʒɪd,ɪʒʊd,ɪʒɪd,ɪʒʊd
ɪʒ.ɪg,ɪʒ.ʊg,ɪʒɪg,ɪʒʊg,ɪʒɪg,ɪʒʊg
ɪʒ.ɪf,ɪʒ.ʊf,ɪʒɪf,ɪʒʊf,ɪʒɪf,ɪʒʊf
ɪʒ.ɪs,ɪʒ.ʊs,ɪʒɪs,ɪʒʊs,ɪʒɪs,ɪʒʊs
ɪʒ.ɪv,ɪʒ.ʊv,ɪʒɪv,ɪʒʊv,ɪʒɪv,ɪʒʊv
ɪʒ.ɪz,ɪʒ.ʊz,ɪʒɪz,ɪʒʊz,ɪʒɪz,ɪʒʊz
ɪʒ.ɪʃ,ɪʒ.ʊʃ,ɪʒɪʃ,ɪʒʊʃ,ɪʒɪʃ,ɪʒʊʃ
ɪʒ.ɪʒ,ɪʒ.ʊʒ,ɪʒɪʒ,ɪʒʊʒ,ɪʒɪʒ,ɪʒʊʒ
ɪʒ.ɪθ,ɪʒ.ʊθ,ɪʒɪθ,ɪʒʊθ,ɪʒɪθ,ɪʒʊθ
ɪʒ.ɪð,ɪʒ.ʊð,ɪʒɪð,ɪʒʊð,ɪʒɪð,ɪʒʊð
ɪʒ.ɛm,ɪʒ.ɔm,ɪʒɛm,ɪʒɔm,ɪʒɛm,ɪʒɔm
ɪʒ.ɛn,ɪʒ.ɔn,ɪʒɛn,ɪʒɔn,ɪʒɛn,ɪʒɔn
ɪʒ.ɛŋ,ɪʒ.ɔŋ,ɪʒɛŋ,ɪʒɔŋ,ɪʒɛŋ,ɪʒɔŋ
ɪʒ.ɛp,ɪʒ.ɔp,ɪʒɛp,ɪʒɔp,ɪʒɛp,ɪʒɔp
ɪʒ.ɛt,ɪʒ.ɔt,ɪʒɛt,ɪʒɔt,ɪʒɛt,ɪʒɔt
ɪʒ.ɛk,ɪʒ.ɔk,ɪʒɛk,ɪʒɔk,ɪʒɛk,ɪʒɔk
ɪʒ.ɛb,ɪʒ.ɔb,ɪʒɛb,ɪʒɔb,ɪʒɛb,ɪʒɔb
ɪʒ.ɛd,ɪʒ.ɔd,ɪʒɛd,ɪʒɔd,ɪʒɛd,ɪʒɔd
ɪʒ.ɛg,ɪʒ.ɔg,ɪʒɛg,ɪʒɔg,ɪʒɛg,ɪʒɔg
ɪʒ.ɛf,ɪʒ.ɔf,ɪʒɛf,ɪʒɔf,ɪʒɛf,ɪʒɔf
ɪʒ.ɛs,ɪʒ.ɔs,ɪʒɛs,ɪʒɔs,ɪʒɛs,ɪʒɔs
ɪʒ.ɛv,ɪʒ.ɔv,ɪʒɛv,ɪʒɔv,ɪʒɛv,ɪʒɔv
ɪʒ.ɛz,ɪʒ.ɔz,ɪʒɛz,ɪʒɔz,ɪʒɛz,ɪʒɔz
ɪʒ.ɛʃ,ɪʒ.ɔʃ,ɪʒɛʃ,ɪʒɔʃ,ɪʒɛʃ,ɪʒɔʃ
ɪʒ.ɛʒ,ɪʒ.ɔʒ,ɪʒɛʒ,ɪʒɔʒ,ɪʒɛʒ,ɪʒɔʒ
ɪʒ.ɛθ,ɪʒ.ɔθ,ɪʒɛθ,ɪʒɔθ,ɪʒɛθ,ɪʒɔθ
ɪʒ.ɛð,ɪʒ.ɔð,ɪʒɛð,ɪʒɔð,ɪʒɛð,ɪʒɔð
ɪʒ.ʊm,ɪʒ.ɪm,ɪʒʊm,ɪʒɪm,ɪʒʊm,ɪʒɪm
ɪʒ.ʊn,ɪʒ.ɪn,ɪʒʊn,ɪʒɪn,ɪʒʊn,ɪʒɪn
ɪʒ.ʊŋ,ɪʒ.ɪŋ,ɪʒʊŋ,ɪʒɪŋ,ɪʒʊŋ,ɪʒɪŋ
ɪʒ.ʊp,ɪʒ.ɪp,ɪʒʊp,ɪʒɪp,ɪʒʊp,ɪʒɪp
ɪʒ.ʊt,ɪʒ.ɪt,ɪʒʊt,ɪʒɪt,ɪʒʊt,ɪʒɪt
ɪʒ.ʊk,ɪʒ.ɪk,ɪʒʊk,ɪʒɪk,ɪʒʊk,ɪʒɪk
ɪʒ.ʊb,ɪʒ.ɪb,ɪʒʊb,ɪʒɪb,ɪʒʊb,ɪʒɪb
ɪʒ.ʊd,ɪʒ.ɪd,ɪʒʊd,ɪʒɪd,ɪʒʊd,ɪʒɪd
ɪʒ.ʊg,ɪʒ.ɪg,ɪʒʊg,ɪʒɪg,ɪʒʊg,ɪʒɪg
ɪʒ.ʊf,ɪʒ.ɪf,ɪʒʊf,ɪʒɪf,ɪʒʊf,ɪʒɪf
ɪʒ.ʊs,ɪʒ.ɪs,ɪʒʊs,ɪʒɪs,ɪʒʊs,ɪʒɪs
ɪʒ.ʊv,ɪʒ.ɪv,ɪʒʊv,ɪʒɪv,ɪʒʊv,ɪʒɪv
ɪʒ.ʊz,ɪʒ.ɪz,ɪʒʊz,ɪʒɪz,ɪʒʊz,ɪʒɪz
ɪʒ.ʊʃ,ɪʒ.ɪʃ,ɪʒʊʃ,ɪʒɪʃ,ɪʒʊʃ,ɪʒɪʃ
ɪʒ.ʊʒ,ɪʒ.ɪʒ,ɪʒʊʒ,ɪʒɪʒ,ɪʒʊʒ,ɪʒɪʒ
ɪʒ.ʊθ,ɪʒ.ɪθ,ɪʒʊθ,ɪʒɪθ,ɪʒʊθ,ɪʒɪθ
ɪʒ.ʊð,ɪʒ.ɪð,ɪʒʊð,ɪʒɪð,ɪʒʊð,ɪʒɪð
ɪʒ.ɔm,ɪʒ.ɛm,ɪʒɔm,ɪʒɛm,ɪʒɔm,ɪʒɛm
ɪʒ.ɔn,ɪʒ.ɛn,ɪʒɔn,ɪʒɛn,ɪʒɔn,ɪʒɛn
ɪʒ.ɔŋ,ɪʒ.ɛŋ,ɪʒɔŋ,ɪʒɛŋ,ɪʒɔŋ,ɪʒɛŋ
ɪʒ.ɔp,ɪʒ.ɛp,ɪʒɔp,ɪʒɛp,ɪʒɔp,ɪʒɛp
ɪʒ.ɔt,ɪʒ.ɛt,ɪʒɔt,ɪʒɛt,ɪʒɔt,ɪʒɛt
ɪʒ.ɔk,ɪʒ.ɛk,ɪʒɔk,ɪʒɛk,ɪʒɔk,ɪʒɛk
ɪʒ.ɔb,ɪʒ.ɛb,ɪʒɔb,ɪʒɛb,ɪʒɔb,ɪʒɛb
ɪʒ.ɔd,ɪʒ.ɛd,ɪʒɔd,ɪʒɛd,ɪʒɔd,ɪʒɛd
ɪʒ.ɔg,ɪʒ.ɛg,ɪʒɔg,ɪʒɛg,ɪʒɔg,ɪʒɛg
ɪʒ.ɔf,ɪʒ.ɛf,ɪʒɔf,ɪʒɛf,ɪʒɔf,ɪʒɛf
ɪʒ.ɔs,ɪʒ.ɛs,ɪʒɔs,ɪʒɛs,ɪʒɔs,ɪʒɛs
ɪʒ.ɔv,ɪʒ.ɛv,ɪʒɔv,ɪʒɛv,ɪʒɔv,ɪʒɛv
ɪʒ.ɔz,ɪʒ.ɛz,ɪʒɔz,ɪʒɛz,ɪʒɔz,ɪʒɛz
ɪʒ.ɔʃ,ɪʒ.ɛʃ,ɪʒɔʃ,ɪʒɛʃ,ɪʒɔʃ,ɪʒɛʃ
ɪʒ.ɔʒ,ɪʒ.ɛʒ,ɪʒɔʒ,ɪʒɛʒ,ɪʒɔʒ,ɪʒɛʒ
ɪʒ.ɔθ,ɪʒ.ɛθ,ɪʒɔθ,ɪʒɛθ,ɪʒɔθ,ɪʒɛθ
ɪʒ.ɔð,ɪʒ.ɛð,ɪʒɔð,ɪʒɛð,ɪʒɔð,ɪʒɛð
ɪθ.ɪm,ɪθ.ʊm,ɪθɪm,ɪθʊm,ɪθɪm,ɪθʊm
ɪθ.ɪn,ɪθ.ʊn,ɪθɪn,ɪθʊn,ɪθɪn,ɪθʊn
ɪθ.ɪŋ,ɪθ.ʊŋ,ɪθɪŋ,ɪθʊŋ,ɪθɪŋ,ɪθʊŋ
ɪθ.ɪp,ɪθ.ʊp,ɪθɪp,ɪθʊp,ɪθɪp,ɪθʊp
ɪθ.ɪt,ɪθ.ʊt,ɪθɪt,ɪθʊt,ɪθɪt,ɪθʊt
ɪθ.ɪk,ɪθ.ʊk,ɪθɪk,ɪθʊk,ɪθɪk,ɪθʊk
ɪθ.ɪb,ɪθ.ʊb,ɪθɪb,ɪθʊb,ɪθɪb,ɪθʊb
ɪθ.ɪd,ɪθ.ʊd,ɪθɪd,ɪθʊd,ɪθɪd,ɪθʊd
ɪθ.ɪg,ɪθ.ʊg,ɪθɪg,ɪθʊg,ɪθɪg,ɪθʊg
ɪθ.ɪf,ɪθ.ʊf,ɪθɪf,ɪθʊf,ɪθɪf,ɪθʊf
ɪθ.ɪs,ɪθ.ʊs,ɪθɪs,ɪθʊs,ɪθɪs,ɪθʊs
ɪθ.ɪv,ɪθ.ʊv,ɪθɪv,ɪθʊv,ɪθɪv,ɪθʊv
ɪθ.ɪz,ɪθ.ʊz,ɪθɪz,ɪθʊz,ɪθɪz,ɪθʊz
ɪθ.ɪʃ,ɪθ.ʊʃ,ɪθɪʃ,ɪθʊʃ,ɪθɪʃ,ɪθʊʃ
ɪθ.ɪʒ,ɪθ.ʊʒ,ɪθɪʒ,ɪθʊʒ,ɪθɪʒ,ɪθʊʒ
ɪθ.ɪθ,ɪθ.ʊθ,ɪθɪθ,ɪθʊθ,ɪθɪθ,ɪθʊθ
ɪθ.ɪð,ɪθ.ʊð,ɪθɪð,ɪθʊð,ɪθɪð,ɪθʊð
ɪθ.ɛm,ɪθ.ɔm,ɪθɛm,ɪθɔm,ɪθɛm,ɪθɔm
ɪθ.ɛn,ɪθ.ɔn,ɪθɛn,ɪθɔn,ɪθɛn,ɪθɔn
ɪθ.ɛŋ,ɪθ.ɔŋ,ɪθɛŋ,ɪθɔŋ,ɪθɛŋ,ɪθɔŋ
ɪθ.ɛp,ɪθ.ɔp,ɪθɛp,ɪθɔp,ɪθɛp,ɪθɔp
ɪθ.ɛt,ɪθ.ɔt,ɪθɛt,ɪθɔt,ɪθɛt,ɪθɔt
ɪθ.ɛk,ɪθ.ɔk,ɪθɛk,ɪθɔk,ɪθɛk,ɪθɔk
ɪθ.ɛb,ɪθ.ɔb,ɪθɛb,ɪθɔb,ɪθɛb,ɪθɔb
ɪθ.ɛd,ɪθ.ɔd,ɪθɛd,ɪθɔd,ɪθɛd,ɪθɔd
ɪθ.ɛg,ɪθ.ɔg,ɪθɛg,ɪθɔg,ɪθɛg,ɪθɔg
ɪθ.ɛf,ɪθ.ɔf,ɪθɛf,ɪθɔf,ɪθɛf,ɪθɔf
ɪθ.ɛs,ɪθ.ɔs,ɪθɛs,ɪθɔs,ɪθɛs,ɪθɔs
ɪθ.ɛv,ɪθ.ɔv,ɪθɛv,ɪθɔv,ɪθɛv,ɪθɔv
ɪθ.ɛz,ɪθ.ɔz,ɪθɛz,ɪθɔz,ɪθɛz,ɪθɔz
ɪθ.ɛʃ,ɪθ.ɔʃ,ɪθɛʃ,ɪθɔʃ,ɪθɛʃ,ɪθɔʃ
ɪθ.ɛʒ,ɪθ.ɔʒ,ɪθɛʒ,ɪθɔʒ,ɪθɛʒ,ɪθɔʒ
ɪθ.ɛθ,ɪθ.ɔθ,ɪθɛθ,ɪθɔθ,ɪθɛθ,ɪθɔθ
ɪθ.ɛð,ɪθ.ɔð,ɪθɛð,ɪθɔð,ɪθɛð,ɪθɔð
ɪθ.ʊm,ɪθ.ɪm,ɪθʊm,ɪθɪm,ɪθʊm,ɪθɪm
ɪθ.ʊn,ɪθ.ɪn,ɪθʊn,ɪθɪn,ɪθʊn,ɪθɪn
ɪθ.ʊŋ,ɪθ.ɪŋ,ɪθʊŋ,ɪθɪŋ,ɪθʊŋ,ɪθɪŋ
ɪθ.ʊp,ɪθ.ɪp,ɪθʊp,ɪθɪp,ɪθʊp,ɪθɪp
ɪθ.ʊt,ɪθ.ɪt,ɪθʊt,ɪθɪt,ɪθʊt,ɪθɪt
ɪθ.ʊk,ɪθ.ɪk,ɪθʊk,ɪθɪk,ɪθʊk,ɪθɪk
ɪθ.ʊb,ɪθ.ɪb,ɪθʊb,ɪθɪb,ɪθʊb,ɪθɪb
ɪθ.ʊd,ɪθ.ɪd,ɪθʊd,ɪθɪd,ɪθʊd,ɪθɪd
ɪθ.ʊg,ɪθ.ɪg,ɪθʊg,ɪθɪg,ɪθʊg,ɪθɪg
ɪθ.ʊf,ɪθ.ɪf,ɪθʊf,ɪθɪf,ɪθʊf,ɪθɪf
ɪθ.ʊs,ɪθ.ɪs,ɪθʊs,ɪθɪs,ɪθʊs,ɪθɪs
ɪθ.ʊv,ɪθ.ɪv,ɪθʊv,ɪθɪv,ɪθʊv,ɪθɪv
ɪθ.ʊz,ɪθ.ɪz,ɪθʊz,ɪθɪz,ɪθʊz,ɪθɪz
ɪθ.ʊʃ,ɪθ.ɪʃ,ɪθʊʃ,ɪθɪʃ,ɪθʊʃ,ɪθɪʃ
ɪθ.ʊʒ,ɪθ.ɪʒ,ɪθʊʒ,ɪθɪʒ,ɪθʊʒ,ɪθɪʒ
ɪθ.ʊθ,ɪθ.ɪθ,ɪθʊθ,ɪθɪθ,ɪθʊθ,ɪθɪθ
ɪθ.ʊð,ɪθ.ɪð,ɪθʊð,ɪθɪð,ɪθʊð,ɪθɪð
ɪθ.ɔm,ɪθ.ɛm,ɪθɔm,ɪθɛm,ɪθɔm,ɪθɛm
ɪθ.ɔn,ɪθ.ɛn,ɪθɔn,ɪθɛn,ɪθɔn,ɪθɛn
ɪθ.ɔŋ,ɪθ.ɛŋ,ɪθɔŋ,ɪθɛŋ,ɪθɔŋ,ɪθɛŋ
ɪθ.ɔp,ɪθ.ɛp,ɪθɔp,ɪθɛp,ɪθɔp,ɪθɛp
ɪθ.ɔt,ɪθ.ɛt,ɪθɔt,ɪθɛt,ɪθɔt,ɪθɛt
ɪθ.ɔk,ɪθ.ɛk,ɪθɔk,ɪθɛk,ɪθɔk,ɪθɛk
ɪθ.ɔb,ɪθ.ɛb,ɪθɔb,ɪθɛb,ɪθɔb,ɪθɛb
ɪθ.ɔd,ɪθ.ɛd,ɪθɔd,ɪθɛd,ɪθɔd,ɪθɛd
ɪθ.ɔg,ɪθ.ɛg,ɪθɔg,ɪθɛg,ɪθɔg,ɪθɛg
ɪθ.ɔf,ɪθ.ɛf,ɪθɔf,ɪθɛf,ɪθɔf,ɪθɛf
ɪθ.ɔs,ɪθ.ɛs,ɪθɔs,ɪθɛs,ɪθɔs,ɪθɛs
ɪθ.ɔv,ɪθ.ɛv,ɪθɔv,ɪθɛv,ɪθɔv,ɪθɛv
ɪθ.ɔz,ɪθ.ɛz,ɪθɔz,ɪθɛz,ɪθɔz,ɪθɛz
ɪθ.ɔʃ,ɪθ.ɛʃ,ɪθɔʃ,ɪθɛʃ,ɪθɔʃ,ɪθɛʃ
ɪθ.ɔʒ,ɪθ.ɛʒ,ɪθɔʒ,ɪθɛʒ,ɪθɔʒ,ɪθɛʒ
ɪθ.ɔθ,ɪθ.ɛθ,ɪθɔθ,ɪθɛθ,ɪθɔθ,ɪθɛθ
ɪθ.ɔð,ɪθ.ɛð,ɪθɔð,ɪθɛð,ɪθɔð,ɪθɛð
ɪð.ɪm,ɪð.ʊm,ɪðɪm,ɪðʊm,ɪðɪm,ɪðʊm
ɪð.ɪn,ɪð.ʊn,ɪðɪn,ɪðʊn,ɪðɪn,ɪðʊn
ɪð.ɪŋ,ɪð.ʊŋ,ɪðɪŋ,ɪðʊŋ,ɪðɪŋ,ɪðʊŋ
ɪð.ɪp,ɪð.ʊp,ɪðɪp,ɪðʊp,ɪðɪp,ɪðʊp
ɪð.ɪt,ɪð.ʊt,ɪðɪt,ɪðʊt,ɪðɪt,ɪðʊt
ɪð.ɪk,ɪð.ʊk,ɪðɪk,ɪðʊk,ɪðɪk,ɪðʊk
ɪð.ɪb,ɪð.ʊb,ɪðɪb,ɪðʊb,ɪðɪb,ɪðʊb
ɪð.ɪd,ɪð.ʊd,ɪðɪd,ɪðʊd,ɪðɪd,ɪðʊd
ɪð.ɪg,ɪð.ʊg,ɪðɪg,ɪðʊg,ɪðɪg,ɪðʊg
ɪð.ɪf,ɪð.ʊf,ɪðɪf,ɪðʊf,ɪðɪf,ɪðʊf
ɪð.ɪs,ɪð.ʊs,ɪðɪs,ɪðʊs,ɪðɪs,ɪðʊs
ɪð.ɪv,ɪð.ʊv,ɪðɪv,ɪðʊv,ɪðɪv,ɪðʊv
ɪð.ɪz,ɪð.ʊz,ɪðɪz,ɪðʊz,ɪðɪz,ɪðʊz
ɪð.ɪʃ,ɪð.ʊʃ,ɪðɪʃ,ɪðʊʃ,ɪðɪʃ,ɪðʊʃ
ɪð.ɪʒ,ɪð.ʊʒ,ɪðɪʒ,ɪðʊʒ,ɪðɪʒ,ɪðʊʒ
ɪð.ɪθ,ɪð.ʊθ,ɪðɪθ,ɪðʊθ,ɪðɪθ,ɪðʊθ
ɪð.ɪð,ɪð.ʊð,ɪðɪð,ɪðʊð,ɪðɪð,ɪðʊð
ɪð.ɛm,ɪð.ɔm,ɪðɛm,ɪðɔm,ɪðɛm,ɪðɔm
ɪð.ɛn,ɪð.ɔn,ɪðɛn,ɪðɔn,ɪðɛn,ɪðɔn
ɪð.ɛŋ,ɪð.ɔŋ,ɪðɛŋ,ɪðɔŋ,ɪðɛŋ,ɪðɔŋ
ɪð.ɛp,ɪð.ɔp,ɪðɛp,ɪðɔp,ɪðɛp,ɪðɔp
ɪð.ɛt,ɪð.ɔt,ɪðɛt,ɪðɔt,ɪðɛt,ɪðɔt
ɪð.ɛk,ɪð.ɔk,ɪðɛk,ɪðɔk,ɪðɛk,ɪðɔk
ɪð.ɛb,ɪð.ɔb,ɪðɛb,ɪðɔb,ɪðɛb,ɪðɔb
ɪð.ɛd,ɪð.ɔd,ɪðɛd,ɪðɔd,ɪðɛd,ɪðɔd
ɪð.ɛg,ɪð.ɔg,ɪðɛg,ɪðɔg,ɪðɛg,ɪðɔg
ɪð.ɛf,ɪð.ɔf,ɪðɛf,ɪðɔf,ɪðɛf,ɪðɔf
ɪð.ɛs,ɪð.ɔs,ɪðɛs,ɪðɔs,ɪðɛs,ɪðɔs
ɪð.ɛv,ɪð.ɔv,ɪðɛv,ɪðɔv,ɪðɛv,ɪðɔv
ɪð.ɛz,ɪð.ɔz,ɪðɛz,ɪðɔz,ɪðɛz,ɪðɔz
ɪð.ɛʃ,ɪð.ɔʃ,ɪðɛʃ,ɪðɔʃ,ɪðɛʃ,ɪðɔʃ
ɪð.ɛʒ,ɪð.ɔʒ,ɪðɛʒ,ɪðɔʒ,ɪðɛʒ,ɪðɔʒ
ɪð.ɛθ,ɪð.ɔθ,ɪðɛθ,ɪðɔθ,ɪðɛθ,ɪðɔθ
ɪð.ɛð,ɪð.ɔð,ɪðɛð,ɪðɔð,ɪðɛð,ɪðɔð
ɪð.ʊm,ɪð.ɪm,ɪðʊm,ɪðɪm,ɪðʊm,ɪðɪm
ɪð.ʊn,ɪð.ɪn,ɪðʊn,ɪðɪn,ɪðʊn,ɪðɪn
ɪð.ʊŋ,ɪð.ɪŋ,ɪðʊŋ,ɪðɪŋ,ɪðʊŋ,ɪðɪŋ
ɪð.ʊp,ɪð.ɪp,ɪðʊp,ɪðɪp,ɪðʊp,ɪðɪp
ɪð.ʊt,ɪð.ɪt,ɪðʊt,ɪðɪt,ɪðʊt,ɪðɪt
ɪð.ʊk,ɪð.ɪk,ɪðʊk,ɪðɪk,ɪðʊk,ɪðɪk
ɪð.ʊb,ɪð.ɪb,ɪðʊb,ɪðɪb,ɪðʊb,ɪðɪb
ɪð.ʊd,ɪð.ɪd,ɪðʊd,ɪðɪd,ɪðʊd,ɪðɪd
ɪð.ʊg,ɪð.ɪg,ɪðʊg,ɪðɪg,ɪðʊg,ɪðɪg
ɪð.ʊf,ɪð.ɪf,ɪðʊf,ɪðɪf,ɪðʊf,ɪðɪf
ɪð.ʊs,ɪð.ɪs,ɪðʊs,ɪðɪs,ɪðʊs,ɪðɪs
ɪð.ʊv,ɪð.ɪv,ɪðʊv,ɪðɪv,ɪðʊv,ɪðɪv
ɪð.ʊz,ɪð.ɪz,ɪðʊz,ɪðɪz,ɪðʊz,ɪðɪz
ɪð.ʊʃ,ɪð.ɪʃ,ɪðʊʃ,ɪðɪʃ,ɪðʊʃ,ɪðɪʃ
ɪð.ʊʒ,ɪð.ɪʒ,ɪðʊʒ,ɪðɪʒ,ɪðʊʒ,ɪðɪʒ
ɪð.ʊθ,ɪð.ɪθ,ɪðʊθ,ɪðɪθ,ɪðʊθ,ɪðɪθ
ɪð.ʊð,ɪð.ɪð,ɪðʊð,ɪðɪð,ɪðʊð,ɪðɪð
ɪð.ɔm,ɪð.ɛm,ɪðɔm,ɪðɛm,ɪðɔm,ɪðɛm
ɪð.ɔn,ɪð.ɛn,ɪðɔn,ɪðɛn,ɪðɔn,ɪðɛn
ɪð.ɔŋ,ɪð.ɛŋ,ɪðɔŋ,ɪðɛŋ,ɪðɔŋ,ɪðɛŋ
ɪð.ɔp,ɪð.ɛp,ɪðɔp,ɪðɛp,ɪðɔp,ɪðɛp
ɪð.ɔt,ɪð.ɛt,ɪðɔt,ɪðɛt,ɪðɔt,ɪðɛt
ɪð.ɔk,ɪð.ɛk,ɪðɔk,ɪðɛk,ɪðɔk,ɪðɛk
ɪð.ɔb,ɪð.ɛb,ɪðɔb,ɪðɛb,ɪðɔb,ɪðɛb
ɪð.ɔd,ɪð.ɛd,ɪðɔd,ɪðɛd,ɪðɔd,ɪðɛd
ɪð.ɔg,ɪð.ɛg,ɪðɔg,ɪðɛg,ɪðɔg,ɪðɛg
ɪð.ɔf,ɪð.ɛf,ɪðɔf,ɪðɛf,ɪðɔf,ɪðɛf
ɪð.ɔs,ɪð.ɛs,ɪðɔs,ɪðɛs,ɪðɔs,ɪðɛs
ɪð.ɔv,ɪð.ɛv,ɪðɔv,ɪðɛv,ɪðɔv,ɪðɛv
ɪð.ɔz,ɪð.ɛz,ɪðɔz,ɪðɛz,ɪðɔz,ɪðɛz
ɪð.ɔʃ,ɪð.ɛʃ,ɪðɔʃ,ɪðɛʃ,ɪðɔʃ,ɪðɛʃ
ɪð.ɔʒ,ɪð.ɛʒ,ɪðɔʒ,ɪðɛʒ,ɪðɔʒ,ɪðɛʒ
ɪð.ɔθ,ɪð.ɛθ,ɪðɔθ,ɪðɛθ,ɪðɔθ,ɪðɛθ
ɪð.ɔð,ɪð.ɛð,ɪðɔð,ɪðɛð,ɪðɔð,ɪðɛð
ɛm.ɪm,ɛm.ʊm,ɛmɪm,ɛmʊm,ɛmɪm,ɛmʊm
ɛm.ɪn,ɛm.ʊn,ɛmɪn,ɛmʊn,ɛmɪn,ɛmʊn
ɛm.ɪŋ,ɛm.ʊŋ,ɛmɪŋ,ɛmʊŋ,ɛmɪŋ,ɛmʊŋ
ɛm.ɪp,ɛm.ʊp,ɛmɪp,ɛmʊp,ɛmɪp,ɛmʊp
ɛm.ɪt,ɛm.ʊt,ɛmɪt,ɛmʊt,ɛmɪt,ɛmʊt
ɛm.ɪk,ɛm.ʊk,ɛmɪk,ɛmʊk,ɛmɪk,ɛmʊk
ɛm.ɪb,ɛm.ʊb,ɛmɪb,ɛmʊb,ɛmɪb,ɛmʊb
ɛm.ɪd,ɛm.ʊd,ɛmɪd,ɛmʊd,ɛmɪd,ɛmʊd
ɛm.ɪg,ɛm.ʊg,ɛmɪg,ɛmʊg,ɛmɪg,ɛmʊg
ɛm.ɪf,ɛm.ʊf,ɛmɪf,ɛmʊf,ɛmɪf,ɛmʊf
ɛm.ɪs,ɛm.ʊs,ɛmɪs,ɛmʊs,ɛmɪs,ɛmʊs
ɛm.ɪv,ɛm.ʊv,ɛmɪv,ɛmʊv,ɛmɪv,ɛmʊv
ɛm.ɪz,ɛm.ʊz,ɛmɪz,ɛmʊz,ɛmɪz,ɛmʊz
ɛm.ɪʃ,ɛm.ʊʃ,ɛmɪʃ,ɛmʊʃ,ɛmɪʃ,ɛmʊʃ
ɛm.ɪʒ,ɛm.ʊʒ,ɛmɪʒ,ɛmʊʒ,ɛmɪʒ,ɛmʊʒ
ɛm.ɪθ,ɛm.ʊθ,ɛmɪθ,ɛmʊθ,ɛmɪθ,ɛmʊθ
ɛm.ɪð,ɛm.ʊð,ɛmɪð,ɛmʊð,ɛmɪð,ɛmʊð
ɛm.ɛm,ɛm.ɔm,ɛmɛm,ɛmɔm,ɛmɛm,ɛmɔm
ɛm.ɛn,ɛm.ɔn,ɛmɛn,ɛmɔn,ɛmɛn,ɛmɔn
ɛm.ɛŋ,ɛm.ɔŋ,ɛmɛŋ,ɛmɔŋ,ɛmɛŋ,ɛmɔŋ
ɛm.ɛp,ɛm.ɔp,ɛmɛp,ɛmɔp,ɛmɛp,ɛmɔp
ɛm.ɛt,ɛm.ɔt,ɛmɛt,ɛmɔt,ɛmɛt,ɛmɔt
ɛm.ɛk,ɛm.ɔk,ɛmɛk,ɛmɔk,ɛmɛk,ɛmɔk
ɛm.ɛb,ɛm.ɔb,ɛmɛb,ɛmɔb,ɛmɛb,ɛmɔb
ɛm.ɛd,ɛm.ɔd,ɛmɛd,ɛmɔd,ɛmɛd,ɛmɔd
ɛm.ɛg,ɛm.ɔg,ɛmɛg,ɛmɔg,ɛmɛg,ɛmɔg
ɛm.ɛf,ɛm.ɔf,ɛmɛf,ɛmɔf,ɛmɛf,ɛmɔf
ɛm.ɛs,ɛm.ɔs,ɛmɛs,ɛmɔs,ɛmɛs,ɛmɔs
ɛm.ɛv,ɛm.ɔv,ɛmɛv,ɛmɔv,ɛmɛv,ɛmɔv
ɛm.ɛz,ɛm.ɔz,ɛmɛz,ɛmɔz,ɛmɛz,ɛmɔz
ɛm.ɛʃ,ɛm.ɔʃ,ɛmɛʃ,ɛmɔʃ,ɛmɛʃ,ɛmɔʃ
ɛm.ɛʒ,ɛm.ɔʒ,ɛmɛʒ,ɛmɔʒ,ɛmɛʒ,ɛmɔʒ
ɛm.ɛθ,ɛm.ɔθ,ɛmɛθ,ɛmɔθ,ɛmɛθ,ɛmɔθ
ɛm.ɛð,ɛm.ɔð,ɛmɛð,ɛmɔð,ɛmɛð,ɛmɔð
ɛm.ʊm,ɛm.ɪm,ɛmʊm,ɛmɪm,ɛmʊm,ɛmɪm
ɛm.ʊn,ɛm.ɪn,ɛmʊn,ɛmɪn,ɛmʊn,ɛmɪn
ɛm.ʊŋ,ɛm.ɪŋ,ɛmʊŋ,ɛmɪŋ,ɛmʊŋ,ɛmɪŋ
ɛm.ʊp,ɛm.ɪp,ɛmʊp,ɛmɪp,ɛmʊp,ɛmɪp
ɛm.ʊt,ɛm.ɪt,ɛmʊt,ɛmɪt,ɛmʊt,ɛmɪt
ɛm.ʊk,ɛm.ɪk,ɛmʊk,ɛmɪk,ɛmʊk,ɛmɪk
ɛm.ʊb,ɛm.ɪb,ɛmʊb,ɛmɪb,ɛmʊb,ɛmɪb
ɛm.ʊd,ɛm.ɪd,ɛmʊd,ɛmɪd,ɛmʊd,ɛmɪd
ɛm.ʊg,ɛm.ɪg,ɛmʊg,ɛmɪg,ɛmʊg,ɛmɪg
ɛm.ʊf,ɛm.ɪf,ɛmʊf,ɛmɪf,ɛmʊf,ɛmɪf
ɛm.ʊs,ɛm.ɪs,ɛmʊs,ɛmɪs,ɛmʊs,ɛmɪs
ɛm.ʊv,ɛm.ɪv,ɛmʊv,ɛmɪv,ɛmʊv,ɛmɪv
ɛm.ʊz,ɛm.ɪz,ɛmʊz,ɛmɪz,ɛmʊz,ɛmɪz
ɛm.ʊʃ,ɛm.ɪʃ,ɛmʊʃ,ɛmɪʃ,ɛmʊʃ,ɛmɪʃ
ɛm.ʊʒ,ɛm.ɪʒ,ɛmʊʒ,ɛmɪʒ,ɛmʊʒ,ɛmɪʒ
ɛm.ʊθ,ɛm.ɪθ,ɛmʊθ,ɛmɪθ,ɛmʊθ,ɛmɪθ
ɛm.ʊð,ɛm.ɪð,ɛmʊð,ɛmɪð,ɛmʊð,ɛmɪð
ɛm.ɔm,ɛm.ɛm,ɛmɔm,ɛmɛm,ɛmɔm,ɛmɛm
ɛm.ɔn,ɛm.ɛn,ɛmɔn,ɛmɛn,ɛmɔn,ɛmɛn
ɛm.ɔŋ,ɛm.ɛŋ,ɛmɔŋ,ɛmɛŋ,ɛmɔŋ,ɛmɛŋ
ɛm.ɔp,ɛm.ɛp,ɛmɔp,ɛmɛp,ɛmɔp,ɛmɛp
ɛm.ɔt,ɛm.ɛt,ɛmɔt,ɛmɛt,ɛmɔt,ɛmɛt
ɛm.ɔk,ɛm.ɛk,ɛmɔk,ɛmɛk,ɛmɔk,ɛmɛk
ɛm.ɔb,ɛm.ɛb,ɛmɔb,ɛmɛb,ɛmɔb,ɛmɛb
ɛm.ɔd,ɛm.ɛd,ɛmɔd,ɛmɛd,ɛmɔd,ɛmɛd
ɛm.ɔg,ɛm.ɛg,ɛmɔg,ɛmɛg,ɛmɔg,ɛmɛg
ɛm.ɔf,ɛm.ɛf,ɛmɔf,ɛmɛf,ɛmɔf,ɛmɛf
ɛm.ɔs,ɛm.ɛs,ɛmɔs,ɛmɛs,ɛmɔs,ɛmɛs
ɛm.ɔv,ɛm.ɛv,ɛmɔv,ɛmɛv,ɛmɔv,ɛmɛv
ɛm.ɔz,ɛm.ɛz,ɛmɔz,ɛmɛz,ɛmɔz,ɛmɛz
ɛm.ɔʃ,ɛm.ɛʃ,ɛmɔʃ,ɛmɛʃ,ɛmɔʃ,ɛmɛʃ
ɛm.ɔʒ,ɛm.ɛʒ,ɛmɔʒ,ɛmɛʒ,ɛmɔʒ,ɛmɛʒ
ɛm.ɔθ,ɛm.ɛθ,ɛmɔθ,ɛmɛθ,ɛmɔθ,ɛmɛθ
ɛm.ɔð,ɛm.ɛð,ɛmɔð,ɛmɛð,ɛmɔð,ɛmɛð
ɛn.ɪm,ɛn.ʊm,ɛnɪm,ɛnʊm,ɛnɪm,ɛnʊm
ɛn.ɪn,ɛn.ʊn,ɛnɪn,ɛnʊn,ɛnɪn,ɛnʊn
ɛn.ɪŋ,ɛn.ʊŋ,ɛnɪŋ,ɛnʊŋ,ɛnɪŋ,ɛnʊŋ
ɛn.ɪp,ɛn.ʊp,ɛnɪp,ɛnʊp,ɛnɪp,ɛnʊp
ɛn.ɪt,ɛn.ʊt,ɛnɪt,ɛnʊt,ɛnɪt,ɛnʊt
ɛn.ɪk,ɛn.ʊk,ɛnɪk,ɛnʊk,ɛnɪk,ɛnʊk
ɛn.ɪb,ɛn.ʊb,ɛnɪb,ɛnʊb,ɛnɪb,ɛnʊb
ɛn.ɪd,ɛn.ʊd,ɛnɪd,ɛnʊd,ɛnɪd,ɛnʊd
ɛn.ɪg,ɛn.ʊg,ɛnɪg,ɛnʊg,ɛnɪg,ɛnʊg
ɛn.ɪf,ɛn.ʊf,ɛnɪf,ɛnʊf,ɛnɪf,ɛnʊf
ɛn.ɪs,ɛn.ʊs,ɛnɪs,ɛnʊs,ɛnɪs,ɛnʊs
ɛn.ɪv,ɛn.ʊv,ɛnɪv,ɛnʊv,ɛnɪv,ɛnʊv
ɛn.ɪz,ɛn.ʊz,ɛnɪz,ɛnʊz,ɛnɪz,ɛnʊz
ɛn.ɪʃ,ɛn.ʊʃ,ɛnɪʃ,ɛnʊʃ,ɛnɪʃ,ɛnʊʃ
ɛn.ɪʒ,ɛn.ʊʒ,ɛnɪʒ,ɛnʊʒ,ɛnɪʒ,ɛnʊʒ
ɛn.ɪθ,ɛn.ʊθ,ɛnɪθ,ɛnʊθ,ɛnɪθ,ɛnʊθ
ɛn.ɪð,ɛn.ʊð,ɛnɪð,ɛnʊð,ɛnɪð,ɛnʊð
ɛn.ɛm,ɛn.ɔm,ɛnɛm,ɛnɔm,ɛnɛm,ɛnɔm
ɛn.ɛn,ɛn.ɔn,ɛnɛn,ɛnɔn,ɛnɛn,ɛnɔn
ɛn.ɛŋ,ɛn.ɔŋ,ɛnɛŋ,ɛnɔŋ,ɛnɛŋ,ɛnɔŋ
ɛn.ɛp,ɛn.ɔp,ɛnɛp,ɛnɔp,ɛnɛp,ɛnɔp
ɛn.ɛt,ɛn.ɔt,ɛnɛt,ɛnɔt,ɛnɛt,ɛnɔt
ɛn.ɛk,ɛn.ɔk,ɛnɛk,ɛnɔk,ɛnɛk,ɛnɔk
ɛn.ɛb,ɛn.ɔb,ɛnɛb,ɛnɔb,ɛnɛb,ɛnɔb
ɛn.ɛd,ɛn.ɔd,ɛnɛd,ɛnɔd,ɛnɛd,ɛnɔd
ɛn.ɛg,ɛn.ɔg,ɛnɛg,ɛnɔg,ɛnɛg,ɛnɔg
ɛn.ɛf,ɛn.ɔf,ɛnɛf,ɛnɔf,ɛnɛf,ɛnɔf
ɛn.ɛs,ɛn.ɔs,ɛnɛs,ɛnɔs,ɛnɛs,ɛnɔs
ɛn.ɛv,ɛn.ɔv,ɛnɛv,ɛnɔv,ɛnɛv,ɛnɔv
ɛn.ɛz,ɛn.ɔz,ɛnɛz,ɛnɔz,ɛnɛz,ɛnɔz
ɛn.ɛʃ,ɛn.ɔʃ,ɛnɛʃ,ɛnɔʃ,ɛnɛʃ,ɛnɔʃ
ɛn.ɛʒ,ɛn.ɔʒ,ɛnɛʒ,ɛnɔʒ,ɛnɛʒ,ɛnɔʒ
ɛn.ɛθ,ɛn.ɔθ,ɛnɛθ,ɛnɔθ,ɛnɛθ,ɛnɔθ
ɛn.ɛð,ɛn.ɔð,ɛnɛð,ɛnɔð,ɛnɛð,ɛnɔð
ɛn.ʊm,ɛn.ɪm,ɛnʊm,ɛnɪm,ɛnʊm,ɛnɪm
ɛn.ʊn,ɛn.ɪn,ɛnʊn,ɛnɪn,ɛnʊn,ɛnɪn
ɛn.ʊŋ,ɛn.ɪŋ,ɛnʊŋ,ɛnɪŋ,ɛnʊŋ,ɛnɪŋ
ɛn.ʊp,ɛn.ɪp,ɛnʊp,ɛnɪp,ɛnʊp,ɛnɪp
ɛn.ʊt,ɛn.ɪt,ɛnʊt,ɛnɪt,ɛnʊt,ɛnɪt
ɛn.ʊk,ɛn.ɪk,ɛnʊk,ɛnɪk,ɛnʊk,ɛnɪk
ɛn.ʊb,ɛn.ɪb,ɛnʊb,ɛnɪb,ɛnʊb,ɛnɪb
ɛn.ʊd,ɛn.ɪd,ɛnʊd,ɛnɪd,ɛnʊd,ɛnɪd
ɛn.ʊg,ɛn.ɪg,ɛnʊg,ɛnɪg,ɛnʊg,ɛnɪg
ɛn.ʊf,ɛn.ɪf,ɛnʊf,ɛnɪf,ɛnʊf,ɛnɪf
ɛn.ʊs,ɛn.ɪs,ɛnʊs,ɛnɪs,ɛnʊs,ɛnɪs
ɛn.ʊv,ɛn.ɪv,ɛnʊv,ɛnɪv,ɛnʊv,ɛnɪv
ɛn.ʊz,ɛn.ɪz,ɛnʊz,ɛnɪz,ɛnʊz,ɛnɪz
ɛn.ʊʃ,ɛn.ɪʃ,ɛnʊʃ,ɛnɪʃ,ɛnʊʃ,ɛnɪʃ
ɛn.ʊʒ,ɛn.ɪʒ,ɛnʊʒ,ɛnɪʒ,ɛnʊʒ,ɛnɪʒ
ɛn.ʊθ,ɛn.ɪθ,ɛnʊθ,ɛnɪθ,ɛnʊθ,ɛnɪθ
ɛn.ʊð,ɛn.ɪð,ɛnʊð,ɛnɪð,ɛnʊð,ɛnɪð
ɛn.ɔm,ɛn.ɛm,ɛnɔm,ɛnɛm,ɛnɔm,ɛnɛm
ɛn.ɔn,ɛn.ɛn,ɛnɔn,ɛnɛn,ɛnɔn,ɛnɛn
ɛn.ɔŋ,ɛn.ɛŋ,ɛnɔŋ,ɛnɛŋ,ɛnɔŋ,ɛnɛŋ
ɛn.ɔp,ɛn.ɛp,ɛnɔp,ɛnɛp,ɛnɔp,ɛnɛp
ɛn.ɔt,ɛn.ɛt,ɛnɔt,ɛnɛt,ɛnɔt,ɛnɛt
ɛn.ɔk,ɛn.ɛk,ɛnɔk,ɛnɛk,ɛnɔk,ɛnɛk
ɛn.ɔb,ɛn.ɛb,ɛnɔb,ɛnɛb,ɛnɔb,ɛnɛb
ɛn.ɔd,ɛn.ɛd,ɛnɔd,ɛnɛd,ɛnɔd,ɛnɛd
ɛn.ɔg,ɛn.ɛg,ɛnɔg,ɛnɛg,ɛnɔg,ɛnɛg
ɛn.ɔf,ɛn.ɛf,ɛnɔf,ɛnɛf,ɛnɔf,ɛnɛf
ɛn.ɔs,ɛn.ɛs,ɛnɔs,ɛnɛs,ɛnɔs,ɛnɛs
ɛn.ɔv,ɛn.ɛv,ɛnɔv,ɛnɛv,ɛnɔv,ɛnɛv
ɛn.ɔz,ɛn.ɛz,ɛnɔz,ɛnɛz,ɛnɔz,ɛnɛz
ɛn.ɔʃ,ɛn.ɛʃ,ɛnɔʃ,ɛnɛʃ,ɛnɔʃ,ɛnɛʃ
ɛn.ɔʒ,ɛn.ɛʒ,ɛnɔʒ,ɛnɛʒ,ɛnɔʒ,ɛnɛʒ
ɛn.ɔθ,ɛn.ɛθ,ɛnɔθ,ɛnɛθ,ɛnɔθ,ɛnɛθ
ɛn.ɔð,ɛn.ɛð,ɛnɔð,ɛnɛð,ɛnɔð,ɛnɛð
ɛŋ.ɪm,ɛŋ.ʊm,ɛŋɪm,ɛŋʊm,ɛŋɪm,ɛŋʊm
ɛŋ.ɪn,ɛŋ.ʊn,ɛŋɪn,ɛŋʊn,ɛŋɪn,ɛŋʊn
ɛŋ.ɪŋ,ɛŋ.ʊŋ,ɛŋɪŋ,ɛŋʊŋ,ɛŋɪŋ,ɛŋʊŋ
ɛŋ.ɪp,ɛŋ.ʊp,ɛŋɪp,ɛŋʊp,ɛŋɪp,ɛŋʊp
ɛŋ.ɪt,ɛŋ.ʊt,ɛŋɪt,ɛŋʊt,ɛŋɪt,ɛŋʊt
ɛŋ.ɪk,ɛŋ.ʊk,ɛŋɪk,ɛŋʊk,ɛŋɪk,ɛŋʊk
ɛŋ.ɪb,ɛŋ.ʊb,ɛŋɪb,ɛŋʊb,ɛŋɪb,ɛŋʊb
ɛŋ.ɪd,ɛŋ.ʊd,ɛŋɪd,ɛŋʊd,ɛŋɪd,ɛŋʊd
ɛŋ.ɪg,ɛŋ.ʊg,ɛŋɪg,ɛŋʊg,ɛŋɪg,ɛŋʊg
ɛŋ.ɪf,ɛŋ.ʊf,ɛŋɪf,ɛŋʊf,ɛŋɪf,ɛŋʊf
ɛŋ.ɪs,ɛŋ.ʊs,ɛŋɪs,ɛŋʊs,ɛŋɪs,ɛŋʊs
ɛŋ.ɪv,ɛŋ.ʊv,ɛŋɪv,ɛŋʊv,ɛŋɪv,ɛŋʊv
ɛŋ.ɪz,ɛŋ.ʊz,ɛŋɪz,ɛŋʊz,ɛŋɪz,ɛŋʊz
ɛŋ.ɪʃ,ɛŋ.ʊʃ,ɛŋɪʃ,ɛŋʊʃ,ɛŋɪʃ,ɛŋʊʃ
ɛŋ.ɪʒ,ɛŋ.ʊʒ,ɛŋɪʒ,ɛŋʊʒ,ɛŋɪʒ,ɛŋʊʒ
ɛŋ.ɪθ,ɛŋ.ʊθ,ɛŋɪθ,ɛŋʊθ,ɛŋɪθ,ɛŋʊθ
ɛŋ.ɪð,ɛŋ.ʊð,ɛŋɪð,ɛŋʊð,ɛŋɪð,ɛŋʊð
ɛŋ.ɛm,ɛŋ.ɔm,ɛŋɛm,ɛŋɔm,ɛŋɛm,ɛŋɔm
ɛŋ.ɛn,ɛŋ.ɔn,ɛŋɛn,ɛŋɔn,ɛŋɛn,ɛŋɔn
ɛŋ.ɛŋ,ɛŋ.ɔŋ,ɛŋɛŋ,ɛŋɔŋ,ɛŋɛŋ,ɛŋɔŋ
ɛŋ.ɛp,ɛŋ.ɔp,ɛŋɛp,ɛŋɔp,ɛŋɛp,ɛŋɔp
ɛŋ.ɛt,ɛŋ.ɔt,ɛŋɛt,ɛŋɔt,ɛŋɛt,ɛŋɔt
ɛŋ.ɛk,ɛŋ.ɔk,ɛŋɛk,ɛŋɔk,ɛŋɛk,ɛŋɔk
ɛŋ.ɛb,ɛŋ.ɔb,ɛŋɛb,ɛŋɔb,ɛŋɛb,ɛŋɔb
ɛŋ.ɛd,ɛŋ.ɔd,ɛŋɛd,ɛŋɔd,ɛŋɛd,ɛŋɔd
ɛŋ.ɛg,ɛŋ.ɔg,ɛŋɛg,ɛŋɔg,ɛŋɛg,ɛŋɔg
ɛŋ.ɛf,ɛŋ.ɔf,ɛŋɛf,ɛŋɔf,ɛŋɛf,ɛŋɔf
ɛŋ.ɛs,ɛŋ.ɔs,ɛŋɛs,ɛŋɔs,ɛŋɛs,ɛŋɔs
ɛŋ.ɛv,ɛŋ.ɔv,ɛŋɛv,ɛŋɔv,ɛŋɛv,ɛŋɔv
ɛŋ.ɛz,ɛŋ.ɔz,ɛŋɛz,ɛŋɔz,ɛŋɛz,ɛŋɔz
ɛŋ.ɛʃ,ɛŋ.ɔʃ,ɛŋɛʃ,ɛŋɔʃ,ɛŋɛʃ,ɛŋɔʃ
ɛŋ.ɛʒ,ɛŋ.ɔʒ,ɛŋɛʒ,ɛŋɔʒ,ɛŋɛʒ,ɛŋɔʒ
ɛŋ.ɛθ,ɛŋ.ɔθ,ɛŋɛθ,ɛŋɔθ,ɛŋɛθ,ɛŋɔθ
ɛŋ.ɛð,ɛŋ.ɔð,ɛŋɛð,ɛŋɔð,ɛŋɛð,ɛŋɔð
ɛŋ.ʊm,ɛŋ.ɪm,ɛŋʊm,ɛŋɪm,ɛŋʊm,ɛŋɪm
ɛŋ.ʊn,ɛŋ.ɪn,ɛŋʊn,ɛŋɪn,ɛŋʊn,ɛŋɪn
ɛŋ.ʊŋ,ɛŋ.ɪŋ,ɛŋʊŋ,ɛŋɪŋ,ɛŋʊŋ,ɛŋɪŋ
ɛŋ.ʊp,ɛŋ.ɪp,ɛŋʊp,ɛŋɪp,ɛŋʊp,ɛŋɪp
ɛŋ.ʊt,ɛŋ.ɪt,ɛŋʊt,ɛŋɪt,ɛŋʊt,ɛŋɪt
ɛŋ.ʊk,ɛŋ.ɪk,ɛŋʊk,ɛŋɪk,ɛŋʊk,ɛŋɪk
ɛŋ.ʊb,ɛŋ.ɪb,ɛŋʊb,ɛŋɪb,ɛŋʊb,ɛŋɪb
ɛŋ.ʊd,ɛŋ.ɪd,ɛŋʊd,ɛŋɪd,ɛŋʊd,ɛŋɪd
ɛŋ.ʊg,ɛŋ.ɪg,ɛŋʊg,ɛŋɪg,ɛŋʊg,ɛŋɪg
ɛŋ.ʊf,ɛŋ.ɪf,ɛŋʊf,ɛŋɪf,ɛŋʊf,ɛŋɪf
ɛŋ.ʊs,ɛŋ.ɪs,ɛŋʊs,ɛŋɪs,ɛŋʊs,ɛŋɪs
ɛŋ.ʊv,ɛŋ.ɪv,ɛŋʊv,ɛŋɪv,ɛŋʊv,ɛŋɪv
ɛŋ.ʊz,ɛŋ.ɪz,ɛŋʊz,ɛŋɪz,ɛŋʊz,ɛŋɪz
ɛŋ.ʊʃ,ɛŋ.ɪʃ,ɛŋʊʃ,ɛŋɪʃ,ɛŋʊʃ,ɛŋɪʃ
ɛŋ.ʊʒ,ɛŋ.ɪʒ,ɛŋʊʒ,ɛŋɪʒ,ɛŋʊʒ,ɛŋɪʒ
ɛŋ.ʊθ,ɛŋ.ɪθ,ɛŋʊθ,ɛŋɪθ,ɛŋʊθ,ɛŋɪθ
ɛŋ.ʊð,ɛŋ.ɪð,ɛŋʊð,ɛŋɪð,ɛŋʊð,ɛŋɪð
ɛŋ.ɔm,ɛŋ.ɛm,ɛŋɔm,ɛŋɛm,ɛŋɔm,ɛŋɛm
ɛŋ.ɔn,ɛŋ.ɛn,ɛŋɔn,ɛŋɛn,ɛŋɔn,ɛŋɛn
ɛŋ.ɔŋ,ɛŋ.ɛŋ,ɛŋɔŋ,ɛŋɛŋ,ɛŋɔŋ,ɛŋɛŋ
ɛŋ.ɔp,ɛŋ.ɛp,ɛŋɔp,ɛŋɛp,ɛŋɔp,ɛŋɛp
ɛŋ.ɔt,ɛŋ.ɛt,ɛŋɔt,ɛŋɛt,ɛŋɔt,ɛŋɛt
ɛŋ.ɔk,ɛŋ.ɛk,ɛŋɔk,ɛŋɛk,ɛŋɔk,ɛŋɛk
ɛŋ.ɔb,ɛŋ.ɛb,ɛŋɔb,ɛŋɛb,ɛŋɔb,ɛŋɛb
ɛŋ.ɔd,ɛŋ.ɛd,ɛŋɔd,ɛŋɛd,ɛŋɔd,ɛŋɛd
ɛŋ.ɔg,ɛŋ.ɛg,ɛŋɔg,ɛŋɛg,ɛŋɔg,ɛŋɛg
ɛŋ.ɔf,ɛŋ.ɛf,ɛŋɔf,ɛŋɛf,ɛŋɔf,ɛŋɛf
ɛŋ.ɔs,ɛŋ.ɛs,ɛŋɔs,ɛŋɛs,ɛŋɔs,ɛŋɛs
ɛŋ.ɔv,ɛŋ.ɛv,ɛŋɔv,ɛŋɛv,ɛŋɔv,ɛŋɛv
ɛŋ.ɔz,ɛŋ.ɛz,ɛŋɔz,ɛŋɛz,ɛŋɔz,ɛŋɛz
ɛŋ.ɔʃ,ɛŋ.ɛʃ,ɛŋɔʃ,ɛŋɛʃ,ɛŋɔʃ,ɛŋɛʃ
ɛŋ.ɔʒ,ɛŋ.ɛʒ,ɛŋɔʒ,ɛŋɛʒ,ɛŋɔʒ,ɛŋɛʒ
ɛŋ.ɔθ,ɛŋ.ɛθ,ɛŋɔθ,ɛŋɛθ,ɛŋɔθ,ɛŋɛθ
ɛŋ.ɔð,ɛŋ.ɛð,ɛŋɔð,ɛŋɛð,ɛŋɔð,ɛŋɛð
ɛp.ɪm,ɛp.ʊm,ɛpɪm,ɛpʊm,ɛpɪm,ɛpʊm
ɛp.ɪn,ɛp.ʊn,ɛpɪn,ɛpʊn,ɛpɪn,ɛpʊn
ɛp.ɪŋ,ɛp.ʊŋ,ɛpɪŋ,ɛpʊŋ,ɛpɪŋ,ɛpʊŋ
ɛp.ɪp,ɛp.ʊp,ɛpɪp,ɛpʊp,ɛpɪp,ɛpʊp
ɛp.ɪt,ɛp.ʊt,ɛpɪt,ɛpʊt,ɛpɪt,ɛpʊt
ɛp.ɪk,ɛp.ʊk,ɛpɪk,ɛpʊk,ɛpɪk,ɛpʊk
ɛp.ɪb,ɛp.ʊb,ɛpɪb,ɛpʊb,ɛpɪb,ɛpʊb
ɛp.ɪd,ɛp.ʊd,ɛpɪd,ɛpʊd,ɛpɪd,ɛpʊd
ɛp.ɪg,ɛp.ʊg,ɛpɪg,ɛpʊg,ɛpɪg,ɛpʊg
ɛp.ɪf,ɛp.ʊf,ɛpɪf,ɛpʊf,ɛpɪf,ɛpʊf
ɛp.ɪs,ɛp.ʊs,ɛpɪs,ɛpʊs,ɛpɪs,ɛpʊs
ɛp.ɪv,ɛp.ʊv,ɛpɪv,ɛpʊv,ɛpɪv,ɛpʊv
ɛp.ɪz,ɛp.ʊz,ɛpɪz,ɛpʊz,ɛpɪz,ɛpʊz
ɛp.ɪʃ,ɛp.ʊʃ,ɛpɪʃ,ɛpʊʃ,ɛpɪʃ,ɛpʊʃ
ɛp.ɪʒ,ɛp.ʊʒ,ɛpɪʒ,ɛpʊʒ,ɛpɪʒ,ɛpʊʒ
ɛp.ɪθ,ɛp.ʊθ,ɛpɪθ,ɛpʊθ,ɛpɪθ,ɛpʊθ
ɛp.ɪð,ɛp.ʊð,ɛpɪð,ɛpʊð,ɛpɪð,ɛpʊð
ɛp.ɛm,ɛp.ɔm,ɛpɛm,ɛpɔm,ɛpɛm,ɛpɔm
ɛp.ɛn,ɛp.ɔn,ɛpɛn,ɛpɔn,ɛpɛn,ɛpɔn
ɛp.ɛŋ,ɛp.ɔŋ,ɛpɛŋ,ɛpɔŋ,ɛpɛŋ,ɛpɔŋ
ɛp.ɛp,ɛp.ɔp,ɛpɛp,ɛpɔp,ɛpɛp,ɛpɔp
ɛp.ɛt,ɛp.ɔt,ɛpɛt,ɛpɔt,ɛpɛt,ɛpɔt
ɛp.ɛk,ɛp.ɔk,ɛpɛk,ɛpɔk,ɛpɛk,ɛpɔk
ɛp.ɛb,ɛp.ɔb,ɛpɛb,ɛpɔb,ɛpɛb,ɛpɔb
ɛp.ɛd,ɛp.ɔd,ɛpɛd,ɛpɔd,ɛpɛd,ɛpɔd
ɛp.ɛg,ɛp.ɔg,ɛpɛg,ɛpɔg,ɛpɛg,ɛpɔg
ɛp.ɛf,ɛp.ɔf,ɛpɛf,ɛpɔf,ɛpɛf,ɛpɔf
ɛp.ɛs,ɛp.ɔs,ɛpɛs,ɛpɔs,ɛpɛs,ɛpɔs
ɛp.ɛv,ɛp.ɔv,ɛpɛv,ɛpɔv,ɛpɛv,ɛpɔv
ɛp.ɛz,ɛp.ɔz,ɛpɛz,ɛpɔz,ɛpɛz,ɛpɔz
ɛp.ɛʃ,ɛp.ɔʃ,ɛpɛʃ,ɛpɔʃ,ɛpɛʃ,ɛpɔʃ
ɛp.ɛʒ,ɛp.ɔʒ,ɛpɛʒ,ɛpɔʒ,ɛpɛʒ,ɛpɔʒ
ɛp.ɛθ,ɛp.ɔθ,ɛpɛθ,ɛpɔθ,ɛpɛθ,ɛpɔθ
ɛp.ɛð,ɛp.ɔð,ɛpɛð,ɛpɔð,ɛpɛð,ɛpɔð
ɛp.ʊm,ɛp.ɪm,ɛpʊm,ɛpɪm,ɛpʊm,ɛpɪm
ɛp.ʊn,ɛp.ɪn,ɛpʊn,ɛpɪn,ɛpʊn,ɛpɪn
ɛp.ʊŋ,ɛp.ɪŋ,ɛpʊŋ,ɛpɪŋ,ɛpʊŋ,ɛpɪŋ
ɛp.ʊp,ɛp.ɪp,ɛpʊp,ɛpɪp,ɛpʊp,ɛpɪp
ɛp.ʊt,ɛp.ɪt,ɛpʊt,ɛpɪt,ɛpʊt,ɛpɪt
ɛp.ʊk,ɛp.ɪk,ɛpʊk,ɛpɪk,ɛpʊk,ɛpɪk
ɛp.ʊb,ɛp.ɪb,ɛpʊb,ɛpɪb,ɛpʊb,ɛpɪb
ɛp.ʊd,ɛp.ɪd,ɛpʊd,ɛpɪd,ɛpʊd,ɛpɪd
ɛp.ʊg,ɛp.ɪg,ɛpʊg,ɛpɪg,ɛpʊg,ɛpɪg
ɛp.ʊf,ɛp.ɪf,ɛpʊf,ɛpɪf,ɛpʊf,ɛpɪf
ɛp.ʊs,ɛp.ɪs,ɛpʊs,ɛpɪs,ɛpʊs,ɛpɪs
ɛp.ʊv,ɛp.ɪv,ɛpʊv,ɛpɪv,ɛpʊv,ɛpɪv
ɛp.ʊz,ɛp.ɪz,ɛpʊz,ɛpɪz,ɛpʊz,ɛpɪz
ɛp.ʊʃ,ɛp.ɪʃ,ɛpʊʃ,ɛpɪʃ,ɛpʊʃ,ɛpɪʃ
ɛp.ʊʒ,ɛp.ɪʒ,ɛpʊʒ,ɛpɪʒ,ɛpʊʒ,ɛpɪʒ
ɛp.ʊθ,ɛp.ɪθ,ɛpʊθ,ɛpɪθ,ɛpʊθ,ɛpɪθ
ɛp.ʊð,ɛp.ɪð,ɛpʊð,ɛpɪð,ɛpʊð,ɛpɪð
ɛp.ɔm,ɛp.ɛm,ɛpɔm,ɛpɛm,ɛpɔm,ɛpɛm
ɛp.ɔn,ɛp.ɛn,ɛpɔn,ɛpɛn,ɛpɔn,ɛpɛn
ɛp.ɔŋ,ɛp.ɛŋ,ɛpɔŋ,ɛpɛŋ,ɛpɔŋ,ɛpɛŋ
ɛp.ɔp,ɛp.ɛp,ɛpɔp,ɛpɛp,ɛpɔp,ɛpɛp
ɛp.ɔt,ɛp.ɛt,ɛpɔt,ɛpɛt,ɛpɔt,ɛpɛt
ɛp.ɔk,ɛp.ɛk,ɛpɔk,ɛpɛk,ɛpɔk,ɛpɛk
ɛp.ɔb,ɛp.ɛb,ɛpɔb,ɛpɛb,ɛpɔb,ɛpɛb
ɛp.ɔd,ɛp.ɛd,ɛpɔd,ɛpɛd,ɛpɔd,ɛpɛd
ɛp.ɔg,ɛp.ɛg,ɛpɔg,ɛpɛg,ɛpɔg,ɛpɛg
ɛp.ɔf,ɛp.ɛf,ɛpɔf,ɛpɛf,ɛpɔf,ɛpɛf
ɛp.ɔs,ɛp.ɛs,ɛpɔs,ɛpɛs,ɛpɔs,ɛpɛs
ɛp.ɔv,ɛp.ɛv,ɛpɔv,ɛpɛv,ɛpɔv,ɛpɛv
ɛp.ɔz,ɛp.ɛz,ɛpɔz,ɛpɛz,ɛpɔz,ɛpɛz
ɛp.ɔʃ,ɛp.ɛʃ,ɛpɔʃ,ɛpɛʃ,ɛpɔʃ,ɛpɛʃ
ɛp.ɔʒ,ɛp.ɛʒ,ɛpɔʒ,ɛpɛʒ,ɛpɔʒ,ɛpɛʒ
ɛp.ɔθ,ɛp.ɛθ,ɛpɔθ,ɛpɛθ,ɛpɔθ,ɛpɛθ
ɛp.ɔð,ɛp.ɛð,ɛpɔð,ɛpɛð,ɛpɔð,ɛpɛð
ɛt.ɪm,ɛt.ʊm,ɛtɪm,ɛtʊm,ɛtɪm,ɛtʊm
ɛt.ɪn,ɛt.ʊn,ɛtɪn,ɛtʊn,ɛtɪn,ɛtʊn
ɛt.ɪŋ,ɛt.ʊŋ,ɛtɪŋ,ɛtʊŋ,ɛtɪŋ,ɛtʊŋ
ɛt.ɪp,ɛt.ʊp,ɛtɪp,ɛtʊp,ɛtɪp,ɛtʊp
ɛt.ɪt,ɛt.ʊt,ɛtɪt,ɛtʊt,ɛtɪt,ɛtʊt
ɛt.ɪk,ɛt.ʊk,ɛtɪk,ɛtʊk,ɛtɪk,ɛtʊk
ɛt.ɪb,ɛt.ʊb,ɛtɪb,ɛtʊb,ɛtɪb,ɛtʊb
ɛt.ɪd,ɛt.ʊd,ɛtɪd,ɛtʊd,ɛtɪd,ɛtʊd
ɛt.ɪg,ɛt.ʊg,ɛtɪg,ɛtʊg,ɛtɪg,ɛtʊg
ɛt.ɪf,ɛt.ʊf,ɛtɪf,ɛtʊf,ɛtɪf,ɛtʊf
ɛt.ɪs,ɛt.ʊs,ɛtɪs,ɛtʊs,ɛtɪs,ɛtʊs
ɛt.ɪv,ɛt.ʊv,ɛtɪv,ɛtʊv,ɛtɪv,ɛtʊv
ɛt.ɪz,ɛt.ʊz,ɛtɪz,ɛtʊz,ɛtɪz,ɛtʊz
ɛt.ɪʃ,ɛt.ʊʃ,ɛtɪʃ,ɛtʊʃ,ɛtɪʃ,ɛtʊʃ
ɛt.ɪʒ,ɛt.ʊʒ,ɛtɪʒ,ɛtʊʒ,ɛtɪʒ,ɛtʊʒ
ɛt.ɪθ,ɛt.ʊθ,ɛtɪθ,ɛtʊθ,ɛtɪθ,ɛtʊθ
ɛt.ɪð,ɛt.ʊð,ɛtɪð,ɛtʊð,ɛtɪð,ɛtʊð
ɛt.ɛm,ɛt.ɔm,ɛtɛm,ɛtɔm,ɛtɛm,ɛtɔm
ɛt.ɛn,ɛt.ɔn,ɛtɛn,ɛtɔn,ɛtɛn,ɛtɔn
ɛt.ɛŋ,ɛt.ɔŋ,ɛtɛŋ,ɛtɔŋ,ɛtɛŋ,ɛtɔŋ
ɛt.ɛp,ɛt.ɔp,ɛtɛp,ɛtɔp,ɛtɛp,ɛtɔp
ɛt.ɛt,ɛt.ɔt,ɛtɛt,ɛtɔt,ɛtɛt,ɛtɔt
ɛt.ɛk,ɛt.ɔk,ɛtɛk,ɛtɔk,ɛtɛk,ɛtɔk
ɛt.ɛb,ɛt.ɔb,ɛtɛb,ɛtɔb,ɛtɛb,ɛtɔb
ɛt.ɛd,ɛt.ɔd,ɛtɛd,ɛtɔd,ɛtɛd,ɛtɔd
ɛt.ɛg,ɛt.ɔg,ɛtɛg,ɛtɔg,ɛtɛg,ɛtɔg
ɛt.ɛf,ɛt.ɔf,ɛtɛf,ɛtɔf,ɛtɛf,ɛtɔf
ɛt.ɛs,ɛt.ɔs,ɛtɛs,ɛtɔs,ɛtɛs,ɛtɔs
ɛt.ɛv,ɛt.ɔv,ɛtɛv,ɛtɔv,ɛtɛv,ɛtɔv
ɛt.ɛz,ɛt.ɔz,ɛtɛz,ɛtɔz,ɛtɛz,ɛtɔz
ɛt.ɛʃ,ɛt.ɔʃ,ɛtɛʃ,ɛtɔʃ,ɛtɛʃ,ɛtɔʃ
ɛt.ɛʒ,ɛt.ɔʒ,ɛtɛʒ,ɛtɔʒ,ɛtɛʒ,ɛtɔʒ
ɛt.ɛθ,ɛt.ɔθ,ɛtɛθ,ɛtɔθ,ɛtɛθ,ɛtɔθ
ɛt.ɛð,ɛt.ɔð,ɛtɛð,ɛtɔð,ɛtɛð,ɛtɔð
ɛt.ʊm,ɛt.ɪm,ɛtʊm,ɛtɪm,ɛtʊm,ɛtɪm
ɛt.ʊn,ɛt.ɪn,ɛtʊn,ɛtɪn,ɛtʊn,ɛtɪn
ɛt.ʊŋ,ɛt.ɪŋ,ɛtʊŋ,ɛtɪŋ,ɛtʊŋ,ɛtɪŋ
ɛt.ʊp,ɛt.ɪp,ɛtʊp,ɛtɪp,ɛtʊp,ɛtɪp
ɛt.ʊt,ɛt.ɪt,ɛtʊt,ɛtɪt,ɛtʊt,ɛtɪt
ɛt.ʊk,ɛt.ɪk,ɛtʊk,ɛtɪk,ɛtʊk,ɛtɪk
ɛt.ʊb,ɛt.ɪb,ɛtʊb,ɛtɪb,ɛtʊb,ɛtɪb
ɛt.ʊd,ɛt.ɪd,ɛtʊd,ɛtɪd,ɛtʊd,ɛtɪd
ɛt.ʊg,ɛt.ɪg,ɛtʊg,ɛtɪg,ɛtʊg,ɛtɪg
ɛt.ʊf,ɛt.ɪf,ɛtʊf,ɛtɪf,ɛtʊf,ɛtɪf
ɛt.ʊs,ɛt.ɪs,ɛtʊs,ɛtɪs,ɛtʊs,ɛtɪs
ɛt.ʊv,ɛt.ɪv,ɛtʊv,ɛtɪv,ɛtʊv,ɛtɪv
ɛt.ʊz,ɛt.ɪz,ɛtʊz,ɛtɪz,ɛtʊz,ɛtɪz
ɛt.ʊʃ,ɛt.ɪʃ,ɛtʊʃ,ɛtɪʃ,ɛtʊʃ,ɛtɪʃ
ɛt.ʊʒ,ɛt.ɪʒ,ɛtʊʒ,ɛtɪʒ,ɛtʊʒ,ɛtɪʒ
ɛt.ʊθ,ɛt.ɪθ,ɛtʊθ,ɛtɪθ,ɛtʊθ,ɛtɪθ
ɛt.ʊð,ɛt.ɪð,ɛtʊð,ɛtɪð,ɛtʊð,ɛtɪð
ɛt.ɔm,ɛt.ɛm,ɛtɔm,ɛtɛm,ɛtɔm,ɛtɛm
ɛt.ɔn,ɛt.ɛn,ɛtɔn,ɛtɛn,ɛtɔn,ɛtɛn
ɛt.ɔŋ,ɛt.ɛŋ,ɛtɔŋ,ɛtɛŋ,ɛtɔŋ,ɛtɛŋ
ɛt.ɔp,ɛt.ɛp,ɛtɔp,ɛtɛp,ɛtɔp,ɛtɛp
ɛt.ɔt,ɛt.ɛt,ɛtɔt,ɛtɛt,ɛtɔt,ɛtɛt
ɛt.ɔk,ɛt.ɛk,ɛtɔk,ɛtɛk,ɛtɔk,ɛtɛk
ɛt.ɔb,ɛt.ɛb,ɛtɔb,ɛtɛb,ɛtɔb,ɛtɛb
ɛt.ɔd,ɛt.ɛd,ɛtɔd,ɛtɛd,ɛtɔd,ɛtɛd
ɛt.ɔg,ɛt.ɛg,ɛtɔg,ɛtɛg,ɛtɔg,ɛtɛg
ɛt.ɔf,ɛt.ɛf,ɛtɔf,ɛtɛf,ɛtɔf,ɛtɛf
ɛt.ɔs,ɛt.ɛs,ɛtɔs,ɛtɛs,ɛtɔs,ɛtɛs
ɛt.ɔv,ɛt.ɛv,ɛtɔv,ɛtɛv,ɛtɔv,ɛtɛv
ɛt.ɔz,ɛt.ɛz,ɛtɔz,ɛtɛz,ɛtɔz,ɛtɛz
ɛt.ɔʃ,ɛt.ɛʃ,ɛtɔʃ,ɛtɛʃ,ɛtɔʃ,ɛtɛʃ
ɛt.ɔʒ,ɛt.ɛʒ,ɛtɔʒ,ɛtɛʒ,ɛtɔʒ,ɛtɛʒ
ɛt.ɔθ,ɛt.ɛθ,ɛtɔθ,ɛtɛθ,ɛtɔθ,ɛtɛθ
ɛt.ɔð,ɛt.ɛð,ɛtɔð,ɛtɛð,ɛtɔð,ɛtɛð
ɛk.ɪm,ɛk.ʊm,ɛkɪm,ɛkʊm,ɛkɪm,ɛkʊm
ɛk.ɪn,ɛk.ʊn,ɛkɪn,ɛkʊn,ɛkɪn,ɛkʊn
ɛk.ɪŋ,ɛk.ʊŋ,ɛkɪŋ,ɛkʊŋ,ɛkɪŋ,ɛkʊŋ
ɛk.ɪp,ɛk.ʊp,ɛkɪp,ɛkʊp,ɛkɪp,ɛkʊp
ɛk.ɪt,ɛk.ʊt,ɛkɪt,ɛkʊt,ɛkɪt,ɛkʊt
ɛk.ɪk,ɛk.ʊk,ɛkɪk,ɛkʊk,ɛkɪk,ɛkʊk
ɛk.ɪb,ɛk.ʊb,ɛkɪb,ɛkʊb,ɛkɪb,ɛkʊb
ɛk.ɪd,ɛk.ʊd,ɛkɪd,ɛkʊd,ɛkɪd,ɛkʊd
ɛk.ɪg,ɛk.ʊg,ɛkɪg,ɛkʊg,ɛkɪg,ɛkʊg
ɛk.ɪf,ɛk.ʊf,ɛkɪf,ɛkʊf,ɛkɪf,ɛkʊf
ɛk.ɪs,ɛk.ʊs,ɛkɪs,ɛkʊs,ɛkɪs,ɛkʊs
ɛk.ɪv,ɛk.ʊv,ɛkɪv,ɛkʊv,ɛkɪv,ɛkʊv
ɛk.ɪz,ɛk.ʊz,ɛkɪz,ɛkʊz,ɛkɪz,ɛkʊz
ɛk.ɪʃ,ɛk.ʊʃ,ɛkɪʃ,ɛkʊʃ,ɛkɪʃ,ɛkʊʃ
ɛk.ɪʒ,ɛk.ʊʒ,ɛkɪʒ,ɛkʊʒ,ɛkɪʒ,ɛkʊʒ
ɛk.ɪθ,ɛk.ʊθ,ɛkɪθ,ɛkʊθ,ɛkɪθ,ɛkʊθ
ɛk.ɪð,ɛk.ʊð,ɛkɪð,ɛkʊð,ɛkɪð,ɛkʊð
ɛk.ɛm,ɛk.ɔm,ɛkɛm,ɛkɔm,ɛkɛm,ɛkɔm
ɛk.ɛn,ɛk.ɔn,ɛkɛn,ɛkɔn,ɛkɛn,ɛkɔn
ɛk.ɛŋ,ɛk.ɔŋ,ɛkɛŋ,ɛkɔŋ,ɛkɛŋ,ɛkɔŋ
ɛk.ɛp,ɛk.ɔp,ɛkɛp,ɛkɔp,ɛkɛp,ɛkɔp
ɛk.ɛt,ɛk.ɔt,ɛkɛt,ɛkɔt,ɛkɛt,ɛkɔt
ɛk.ɛk,ɛk.ɔk,ɛkɛk,ɛkɔk,ɛkɛk,ɛkɔk
ɛk.ɛb,ɛk.ɔb,ɛkɛb,ɛkɔb,ɛkɛb,ɛkɔb
ɛk.ɛd,ɛk.ɔd,ɛkɛd,ɛkɔd,ɛkɛd,ɛkɔd
ɛk.ɛg,ɛk.ɔg,ɛkɛg,ɛkɔg,ɛkɛg,ɛkɔg
ɛk.ɛf,ɛk.ɔf,ɛkɛf,ɛkɔf,ɛkɛf,ɛkɔf
ɛk.ɛs,ɛk.ɔs,ɛkɛs,ɛkɔs,ɛkɛs,ɛkɔs
ɛk.ɛv,ɛk.ɔv,ɛkɛv,ɛkɔv,ɛkɛv,ɛkɔv
ɛk.ɛz,ɛk.ɔz,ɛkɛz,ɛkɔz,ɛkɛz,ɛkɔz
ɛk.ɛʃ,ɛk.ɔʃ,ɛkɛʃ,ɛkɔʃ,ɛkɛʃ,ɛkɔʃ
ɛk.ɛʒ,ɛk.ɔʒ,ɛkɛʒ,ɛkɔʒ,ɛkɛʒ,ɛkɔʒ
ɛk.ɛθ,ɛk.ɔθ,ɛkɛθ,ɛkɔθ,ɛkɛθ,ɛkɔθ
ɛk.ɛð,ɛk.ɔð,ɛkɛð,ɛkɔð,ɛkɛð,ɛkɔð
ɛk.ʊm,ɛk.ɪm,ɛkʊm,ɛkɪm,ɛkʊm,ɛkɪm
ɛk.ʊn,ɛk.ɪn,ɛkʊn,ɛkɪn,ɛkʊn,ɛkɪn
ɛk.ʊŋ,ɛk.ɪŋ,ɛkʊŋ,ɛkɪŋ,ɛkʊŋ,ɛkɪŋ
ɛk.ʊp,ɛk.ɪp,ɛkʊp,ɛkɪp,ɛkʊp,ɛkɪp
ɛk.ʊt,ɛk.ɪt,ɛkʊt,ɛkɪt,ɛkʊt,ɛkɪt
ɛk.ʊk,ɛk.ɪk,ɛkʊk,ɛkɪk,ɛkʊk,ɛkɪk
ɛk.ʊb,ɛk.ɪb,ɛkʊb,ɛkɪb,ɛkʊb,ɛkɪb
ɛk.ʊd,ɛk.ɪd,ɛkʊd,ɛkɪd,ɛkʊd,ɛkɪd
ɛk.ʊg,ɛk.ɪg,ɛkʊg,ɛkɪg,ɛkʊg,ɛkɪg
ɛk.ʊf,ɛk.ɪf,ɛkʊf,ɛkɪf,ɛkʊf,ɛkɪf
ɛk.ʊs,ɛk.ɪs,ɛkʊs,ɛkɪs,ɛkʊs,ɛkɪs
ɛk.ʊv,ɛk.ɪv,ɛkʊv,ɛkɪv,ɛkʊv,ɛkɪv
ɛk.ʊz,ɛk.ɪz,ɛkʊz,ɛkɪz,ɛkʊz,ɛkɪz
ɛk.ʊʃ,ɛk.ɪʃ,ɛkʊʃ,ɛkɪʃ,ɛkʊʃ,ɛkɪʃ
ɛk.ʊʒ,ɛk.ɪʒ,ɛkʊʒ,ɛkɪʒ,ɛkʊʒ,ɛkɪʒ
ɛk.ʊθ,ɛk.ɪθ,ɛkʊθ,ɛkɪθ,ɛkʊθ,ɛkɪθ
ɛk.ʊð,ɛk.ɪð,ɛkʊð,ɛkɪð,ɛkʊð,ɛkɪð
ɛk.ɔm,ɛk.ɛm,ɛkɔm,ɛkɛm,ɛkɔm,ɛkɛm
ɛk.ɔn,ɛk.ɛn,ɛkɔn,ɛkɛn,ɛkɔn,ɛkɛn
ɛk.ɔŋ,ɛk.ɛŋ,ɛkɔŋ,ɛkɛŋ,ɛkɔŋ,ɛkɛŋ
ɛk.ɔp,ɛk.ɛp,ɛkɔp,ɛkɛp,ɛkɔp,ɛkɛp
ɛk.ɔt,ɛk.ɛt,ɛkɔt,ɛkɛt,ɛkɔt,ɛkɛt
ɛk.ɔk,ɛk.ɛk,ɛkɔk,ɛkɛk,ɛkɔk,ɛkɛk
ɛk.ɔb,ɛk.ɛb,ɛkɔb,ɛkɛb,ɛkɔb,ɛkɛb
ɛk.ɔd,ɛk.ɛd,ɛkɔd,ɛkɛd,ɛkɔd,ɛkɛd
ɛk.ɔg,ɛk.ɛg,ɛkɔg,ɛkɛg,ɛkɔg,ɛkɛg
ɛk.ɔf,ɛk.ɛf,ɛkɔf,ɛkɛf,ɛkɔf,ɛkɛf
ɛk.ɔs,ɛk.ɛs,ɛkɔs,ɛkɛs,ɛkɔs,ɛkɛs
ɛk.ɔv,ɛk.ɛv,ɛkɔv,ɛkɛv,ɛkɔv,ɛkɛv
ɛk.ɔz,ɛk.ɛz,ɛkɔz,ɛkɛz,ɛkɔz,ɛkɛz
ɛk.ɔʃ,ɛk.ɛʃ,ɛkɔʃ,ɛkɛʃ,ɛkɔʃ,ɛkɛʃ
ɛk.ɔʒ,ɛk.ɛʒ,ɛkɔʒ,ɛkɛʒ,ɛkɔʒ,ɛkɛʒ
ɛk.ɔθ,ɛk.ɛθ,ɛkɔθ,ɛkɛθ,ɛkɔθ,ɛkɛθ
ɛk.ɔð,ɛk.ɛð,ɛkɔð,ɛkɛð,ɛkɔð,ɛkɛð
ɛb.ɪm,ɛb.ʊm,ɛbɪm,ɛbʊm,ɛbɪm,ɛbʊm
ɛb.ɪn,ɛb.ʊn,ɛbɪn,ɛbʊn,ɛbɪn,ɛbʊn
ɛb.ɪŋ,ɛb.ʊŋ,ɛbɪŋ,ɛbʊŋ,ɛbɪŋ,ɛbʊŋ
ɛb.ɪp,ɛb.ʊp,ɛbɪp,ɛbʊp,ɛbɪp,ɛbʊp
ɛb.ɪt,ɛb.ʊt,ɛbɪt,ɛbʊt,ɛbɪt,ɛbʊt
ɛb.ɪk,ɛb.ʊk,ɛbɪk,ɛbʊk,ɛbɪk,ɛbʊk
ɛb.ɪb,ɛb.ʊb,ɛbɪb,ɛbʊb,ɛbɪb,ɛbʊb
ɛb.ɪd,ɛb.ʊd,ɛbɪd,ɛbʊd,ɛbɪd,ɛbʊd
ɛb.ɪg,ɛb.ʊg,ɛbɪg,ɛbʊg,ɛbɪg,ɛbʊg
ɛb.ɪf,ɛb.ʊf,ɛbɪf,ɛbʊf,ɛbɪf,ɛbʊf
ɛb.ɪs,ɛb.ʊs,ɛbɪs,ɛbʊs,ɛbɪs,ɛbʊs
ɛb.ɪv,ɛb.ʊv,ɛbɪv,ɛbʊv,ɛbɪv,ɛbʊv
ɛb.ɪz,ɛb.ʊz,ɛbɪz,ɛbʊz,ɛbɪz,ɛbʊz
ɛb.ɪʃ,ɛb.ʊʃ,ɛbɪʃ,ɛbʊʃ,ɛbɪʃ,ɛbʊʃ
ɛb.ɪʒ,ɛb.ʊʒ,ɛbɪʒ,ɛbʊʒ,ɛbɪʒ,ɛbʊʒ
ɛb.ɪθ,ɛb.ʊθ,ɛbɪθ,ɛbʊθ,ɛbɪθ,ɛbʊθ
ɛb.ɪð,ɛb.ʊð,ɛbɪð,ɛbʊð,ɛbɪð,ɛbʊð
ɛb.ɛm,ɛb.ɔm,ɛbɛm,ɛbɔm,ɛbɛm,ɛbɔm
ɛb.ɛn,ɛb.ɔn,ɛbɛn,ɛbɔn,ɛbɛn,ɛbɔn
ɛb.ɛŋ,ɛb.ɔŋ,ɛbɛŋ,ɛbɔŋ,ɛbɛŋ,ɛbɔŋ
ɛb.ɛp,ɛb.ɔp,ɛbɛp,ɛbɔp,ɛbɛp,ɛbɔp
ɛb.ɛt,ɛb.ɔt,ɛbɛt,ɛbɔt,ɛbɛt,ɛbɔt
ɛb.ɛk,ɛb.ɔk,ɛbɛk,ɛbɔk,ɛbɛk,ɛbɔk
ɛb.ɛb,ɛb.ɔb,ɛbɛb,ɛbɔb,ɛbɛb,ɛbɔb
ɛb.ɛd,ɛb.ɔd,ɛbɛd,ɛbɔd,ɛbɛd,ɛbɔd
ɛb.ɛg,ɛb.ɔg,ɛbɛg,ɛbɔg,ɛbɛg,ɛbɔg
ɛb.ɛf,ɛb.ɔf,ɛbɛf,ɛbɔf,ɛbɛf,ɛbɔf
ɛb.ɛs,ɛb.ɔs,ɛbɛs,ɛbɔs,ɛbɛs,ɛbɔs
ɛb.ɛv,ɛb.ɔv,ɛbɛv,ɛbɔv,ɛbɛv,ɛbɔv
ɛb.ɛz,ɛb.ɔz,ɛbɛz,ɛbɔz,ɛbɛz,ɛbɔz
ɛb.ɛʃ,ɛb.ɔʃ,ɛbɛʃ,ɛbɔʃ,ɛbɛʃ,ɛbɔʃ
ɛb.ɛʒ,ɛb.ɔʒ,ɛbɛʒ,ɛbɔʒ,ɛbɛʒ,ɛbɔʒ
ɛb.ɛθ,ɛb.ɔθ,ɛbɛθ,ɛbɔθ,ɛbɛθ,ɛbɔθ
ɛb.ɛð,ɛb.ɔð,ɛbɛð,ɛbɔð,ɛbɛð,ɛbɔð
ɛb.ʊm,ɛb.ɪm,ɛbʊm,ɛbɪm,ɛbʊm,ɛbɪm
ɛb.ʊn,ɛb.ɪn,ɛbʊn,ɛbɪn,ɛbʊn,ɛbɪn
ɛb.ʊŋ,ɛb.ɪŋ,ɛbʊŋ,ɛbɪŋ,ɛbʊŋ,ɛbɪŋ
ɛb.ʊp,ɛb.ɪp,ɛbʊp,ɛbɪp,ɛbʊp,ɛbɪp
ɛb.ʊt,ɛb.ɪt,ɛbʊt,ɛbɪt,ɛbʊt,ɛbɪt
ɛb.ʊk,ɛb.ɪk,ɛbʊk,ɛbɪk,ɛbʊk,ɛbɪk
ɛb.ʊb,ɛb.ɪb,ɛbʊb,ɛbɪb,ɛbʊb,ɛbɪb
ɛb.ʊd,ɛb.ɪd,ɛbʊd,ɛbɪd,ɛbʊd,ɛbɪd
ɛb.ʊg,ɛb.ɪg,ɛbʊg,ɛbɪg,ɛbʊg,ɛbɪg
ɛb.ʊf,ɛb.ɪf,ɛbʊf,ɛbɪf,ɛbʊf,ɛbɪf
ɛb.ʊs,ɛb.ɪs,ɛbʊs,ɛbɪs,ɛbʊs,ɛbɪs
ɛb.ʊv,ɛb.ɪv,ɛbʊv,ɛbɪv,ɛbʊv,ɛbɪv
ɛb.ʊz,ɛb.ɪz,ɛbʊz,ɛbɪz,ɛbʊz,ɛbɪz
ɛb.ʊʃ,ɛb.ɪʃ,ɛbʊʃ,ɛbɪʃ,ɛbʊʃ,ɛbɪʃ
ɛb.ʊʒ,ɛb.ɪʒ,ɛbʊʒ,ɛbɪʒ,ɛbʊʒ,ɛbɪʒ
ɛb.ʊθ,ɛb.ɪθ,ɛbʊθ,ɛbɪθ,ɛbʊθ,ɛbɪθ
ɛb.ʊð,ɛb.ɪð,ɛbʊð,ɛbɪð,ɛbʊð,ɛbɪð
ɛb.ɔm,ɛb.ɛm,ɛbɔm,ɛbɛm,ɛbɔm,ɛbɛm
ɛb.ɔn,ɛb.ɛn,ɛbɔn,ɛbɛn,ɛbɔn,ɛbɛn
ɛb.ɔŋ,ɛb.ɛŋ,ɛbɔŋ,ɛbɛŋ,ɛbɔŋ,ɛbɛŋ
ɛb.ɔp,ɛb.ɛp,ɛbɔp,ɛbɛp,ɛbɔp,ɛbɛp
ɛb.ɔt,ɛb.ɛt,ɛbɔt,ɛbɛt,ɛbɔt,ɛbɛt
ɛb.ɔk,ɛb.ɛk,ɛbɔk,ɛbɛk,ɛbɔk,ɛbɛk
ɛb.ɔb,ɛb.ɛb,ɛbɔb,ɛbɛb,ɛbɔb,ɛbɛb
ɛb.ɔd,ɛb.ɛd,ɛbɔd,ɛbɛd,ɛbɔd,ɛbɛd
ɛb.ɔg,ɛb.ɛg,ɛbɔg,ɛbɛg,ɛbɔg,ɛbɛg
ɛb.ɔf,ɛb.ɛf,ɛbɔf,ɛbɛf,ɛbɔf,ɛbɛf
ɛb.ɔs,ɛb.ɛs,ɛbɔs,ɛbɛs,ɛbɔs,ɛbɛs
ɛb.ɔv,ɛb.ɛv,ɛbɔv,ɛbɛv,ɛbɔv,ɛbɛv
ɛb.ɔz,ɛb.ɛz,ɛbɔz,ɛbɛz,ɛbɔz,ɛbɛz
ɛb.ɔʃ,ɛb.ɛʃ,ɛbɔʃ,ɛbɛʃ,ɛbɔʃ,ɛbɛʃ
ɛb.ɔʒ,ɛb.ɛʒ,ɛbɔʒ,ɛbɛʒ,ɛbɔʒ,ɛbɛʒ
ɛb.ɔθ,ɛb.ɛθ,ɛbɔθ,ɛbɛθ,ɛbɔθ,ɛbɛθ
ɛb.ɔð,ɛb.ɛð,ɛbɔð,ɛbɛð,ɛbɔð,ɛbɛð
ɛd.ɪm,ɛd.ʊm,ɛdɪm,ɛdʊm,ɛdɪm,ɛdʊm
ɛd.ɪn,ɛd.ʊn,ɛdɪn,ɛdʊn,ɛdɪn,ɛdʊn
ɛd.ɪŋ,ɛd.ʊŋ,ɛdɪŋ,ɛdʊŋ,ɛdɪŋ,ɛdʊŋ
ɛd.ɪp,ɛd.ʊp,ɛdɪp,ɛdʊp,ɛdɪp,ɛdʊp
ɛd.ɪt,ɛd.ʊt,ɛdɪt,ɛdʊt,ɛdɪt,ɛdʊt
ɛd.ɪk,ɛd.ʊk,ɛdɪk,ɛdʊk,ɛdɪk,ɛdʊk
ɛd.ɪb,ɛd.ʊb,ɛdɪb,ɛdʊb,ɛdɪb,ɛdʊb
ɛd.ɪd,ɛd.ʊd,ɛdɪd,ɛdʊd,ɛdɪd,ɛdʊd
ɛd.ɪg,ɛd.ʊg,ɛdɪg,ɛdʊg,ɛdɪg,ɛdʊg
ɛd.ɪf,ɛd.ʊf,ɛdɪf,ɛdʊf,ɛdɪf,ɛdʊf
ɛd.ɪs,ɛd.ʊs,ɛdɪs,ɛdʊs,ɛdɪs,ɛdʊs
ɛd.ɪv,ɛd.ʊv,ɛdɪv,ɛdʊv,ɛdɪv,ɛdʊv
ɛd.ɪz,ɛd.ʊz,ɛdɪz,ɛdʊz,ɛdɪz,ɛdʊz
ɛd.ɪʃ,ɛd.ʊʃ,ɛdɪʃ,ɛdʊʃ,ɛdɪʃ,ɛdʊʃ
ɛd.ɪʒ,ɛd.ʊʒ,ɛdɪʒ,ɛdʊʒ,ɛdɪʒ,ɛdʊʒ
ɛd.ɪθ,ɛd.ʊθ,ɛdɪθ,ɛdʊθ,ɛdɪθ,ɛdʊθ
ɛd.ɪð,ɛd.ʊð,ɛdɪð,ɛdʊð,ɛdɪð,ɛdʊð
ɛd.ɛm,ɛd.ɔm,ɛdɛm,ɛdɔm,ɛdɛm,ɛdɔm
ɛd.ɛn,ɛd.ɔn,ɛdɛn,ɛdɔn,ɛdɛn,ɛdɔn
ɛd.ɛŋ,ɛd.ɔŋ,ɛdɛŋ,ɛdɔŋ,ɛdɛŋ,ɛdɔŋ
ɛd.ɛp,ɛd.ɔp,ɛdɛp,ɛdɔp,ɛdɛp,ɛdɔp
ɛd.ɛt,ɛd.ɔt,ɛdɛt,ɛdɔt,ɛdɛt,ɛdɔt
ɛd.ɛk,ɛd.ɔk,ɛdɛk,ɛdɔk,ɛdɛk,ɛdɔk
ɛd.ɛb,ɛd.ɔb,ɛdɛb,ɛdɔb,ɛdɛb,ɛdɔb
ɛd.ɛd,ɛd.ɔd,ɛdɛd,ɛdɔd,ɛdɛd,ɛdɔd
ɛd.ɛg,ɛd.ɔg,ɛdɛg,ɛdɔg,ɛdɛg,ɛdɔg
ɛd.ɛf,ɛd.ɔf,ɛdɛf,ɛdɔf,ɛdɛf,ɛdɔf
ɛd.ɛs,ɛd.ɔs,ɛdɛs,ɛdɔs,ɛdɛs,ɛdɔs
ɛd.ɛv,ɛd.ɔv,ɛdɛv,ɛdɔv,ɛdɛv,ɛdɔv
ɛd.ɛz,ɛd.ɔz,ɛdɛz,ɛdɔz,ɛdɛz,ɛdɔz
ɛd.ɛʃ,ɛd.ɔʃ,ɛdɛʃ,ɛdɔʃ,ɛdɛʃ,ɛdɔʃ
ɛd.ɛʒ,ɛd.ɔʒ,ɛdɛʒ,ɛdɔʒ,ɛdɛʒ,ɛdɔʒ
ɛd.ɛθ,ɛd.ɔθ,ɛdɛθ,ɛdɔθ,ɛdɛθ,ɛdɔθ
ɛd.ɛð,ɛd.ɔð,ɛdɛð,ɛdɔð,ɛdɛð,ɛdɔð
ɛd.ʊm,ɛd.ɪm,ɛdʊm,ɛdɪm,ɛdʊm,ɛdɪm
ɛd.ʊn,ɛd.ɪn,ɛdʊn,ɛdɪn,ɛdʊn,ɛdɪn
ɛd.ʊŋ,ɛd.ɪŋ,ɛdʊŋ,ɛdɪŋ,ɛdʊŋ,ɛdɪŋ
ɛd.ʊp,ɛd.ɪp,ɛdʊp,ɛdɪp,ɛdʊp,ɛdɪp
ɛd.ʊt,ɛd.ɪt,ɛdʊt,ɛdɪt,ɛdʊt,ɛdɪt
ɛd.ʊk,ɛd.ɪk,ɛdʊk,ɛdɪk,ɛdʊk,ɛdɪk
ɛd.ʊb,ɛd.ɪb,ɛdʊb,ɛdɪb,ɛdʊb,ɛdɪb
ɛd.ʊd,ɛd.ɪd,ɛdʊd,ɛdɪd,ɛdʊd,ɛdɪd
ɛd.ʊg,ɛd.ɪg,ɛdʊg,ɛdɪg,ɛdʊg,ɛdɪg
ɛd.ʊf,ɛd.ɪf,ɛdʊf,ɛdɪf,ɛdʊf,ɛdɪf
ɛd.ʊs,ɛd.ɪs,ɛdʊs,ɛdɪs,ɛdʊs,ɛdɪs
ɛd.ʊv,ɛd.ɪv,ɛdʊv,ɛdɪv,ɛdʊv,ɛdɪv
ɛd.ʊz,ɛd.ɪz,ɛdʊz,ɛdɪz,ɛdʊz,ɛdɪz
ɛd.ʊʃ,ɛd.ɪʃ,ɛdʊʃ,ɛdɪʃ,ɛdʊʃ,ɛdɪʃ
ɛd.ʊʒ,ɛd.ɪʒ,ɛdʊʒ,ɛdɪʒ,ɛdʊʒ,ɛdɪʒ
ɛd.ʊθ,ɛd.ɪθ,ɛdʊθ,ɛdɪθ,ɛdʊθ,ɛdɪθ
ɛd.ʊð,ɛd.ɪð,ɛdʊð,ɛdɪð,ɛdʊð,ɛdɪð
ɛd.ɔm,ɛd.ɛm,ɛdɔm,ɛdɛm,ɛdɔm,ɛdɛm
ɛd.ɔn,ɛd.ɛn,ɛdɔn,ɛdɛn,ɛdɔn,ɛdɛn
ɛd.ɔŋ,ɛd.ɛŋ,ɛdɔŋ,ɛdɛŋ,ɛdɔŋ,ɛdɛŋ
ɛd.ɔp,ɛd.ɛp,ɛdɔp,ɛdɛp,ɛdɔp,ɛdɛp
ɛd.ɔt,ɛd.ɛt,ɛdɔt,ɛdɛt,ɛdɔt,ɛdɛt
ɛd.ɔk,ɛd.ɛk,ɛdɔk,ɛdɛk,ɛdɔk,ɛdɛk
ɛd.ɔb,ɛd.ɛb,ɛdɔb,ɛdɛb,ɛdɔb,ɛdɛb
ɛd.ɔd,ɛd.ɛd,ɛdɔd,ɛdɛd,ɛdɔd,ɛdɛd
ɛd.ɔg,ɛd.ɛg,ɛdɔg,ɛdɛg,ɛdɔg,ɛdɛg
ɛd.ɔf,ɛd.ɛf,ɛdɔf,ɛdɛf,ɛdɔf,ɛdɛf
ɛd.ɔs,ɛd.ɛs,ɛdɔs,ɛdɛs,ɛdɔs,ɛdɛs
ɛd.ɔv,ɛd.ɛv,ɛdɔv,ɛdɛv,ɛdɔv,ɛdɛv
ɛd.ɔz,ɛd.ɛz,ɛdɔz,ɛdɛz,ɛdɔz,ɛdɛz
ɛd.ɔʃ,ɛd.ɛʃ,ɛdɔʃ,ɛdɛʃ,ɛdɔʃ,ɛdɛʃ
ɛd.ɔʒ,ɛd.ɛʒ,ɛdɔʒ,ɛdɛʒ,ɛdɔʒ,ɛdɛʒ
ɛd.ɔθ,ɛd.ɛθ,ɛdɔθ,ɛdɛθ,ɛdɔθ,ɛdɛθ
ɛd.ɔð,ɛd.ɛð,ɛdɔð,ɛdɛð,ɛdɔð,ɛdɛð
ɛg.ɪm,ɛg.ʊm,ɛgɪm,ɛgʊm,ɛgɪm,ɛgʊm
ɛg.ɪn,ɛg.ʊn,ɛgɪn,ɛgʊn,ɛgɪn,ɛgʊn
ɛg.ɪŋ,ɛg.ʊŋ,ɛgɪŋ,ɛgʊŋ,ɛgɪŋ,ɛgʊŋ
ɛg.ɪp,ɛg.ʊp,ɛgɪp,ɛgʊp,ɛgɪp,ɛgʊp
ɛg.ɪt,ɛg.ʊt,ɛgɪt,ɛgʊt,ɛgɪt,ɛgʊt
ɛg.ɪk,ɛg.ʊk,ɛgɪk,ɛgʊk,ɛgɪk,ɛgʊk
ɛg.ɪb,ɛg.ʊb,ɛgɪb,ɛgʊb,ɛgɪb,ɛgʊb
ɛg.ɪd,ɛg.ʊd,ɛgɪd,ɛgʊd,ɛgɪd,ɛgʊd
ɛg.ɪg,ɛg.ʊg,ɛgɪg,ɛgʊg,ɛgɪg,ɛgʊg
ɛg.ɪf,ɛg.ʊf,ɛgɪf,ɛgʊf,ɛgɪf,ɛgʊf
ɛg.ɪs,ɛg.ʊs,ɛgɪs,ɛgʊs,ɛgɪs,ɛgʊs
ɛg.ɪv,ɛg.ʊv,ɛgɪv,ɛgʊv,ɛgɪv,ɛgʊv
ɛg.ɪz,ɛg.ʊz,ɛgɪz,ɛgʊz,ɛgɪz,ɛgʊz
ɛg.ɪʃ,ɛg.ʊʃ,ɛgɪʃ,ɛgʊʃ,ɛgɪʃ,ɛgʊʃ
ɛg.ɪʒ,ɛg.ʊʒ,ɛgɪʒ,ɛgʊʒ,ɛgɪʒ,ɛgʊʒ
ɛg.ɪθ,ɛg.ʊθ,ɛgɪθ,ɛgʊθ,ɛgɪθ,ɛgʊθ
ɛg.ɪð,ɛg.ʊð,ɛgɪð,ɛgʊð,ɛgɪð,ɛgʊð
ɛg.ɛm,ɛg.ɔm,ɛgɛm,ɛgɔm,ɛgɛm,ɛgɔm
ɛg.ɛn,ɛg.ɔn,ɛgɛn,ɛgɔn,ɛgɛn,ɛgɔn
ɛg.ɛŋ,ɛg.ɔŋ,ɛgɛŋ,ɛgɔŋ,ɛgɛŋ,ɛgɔŋ
ɛg.ɛp,ɛg.ɔp,ɛgɛp,ɛgɔp,ɛgɛp,ɛgɔp
ɛg.ɛt,ɛg.ɔt,ɛgɛt,ɛgɔt,ɛgɛt,ɛgɔt
ɛg.ɛk,ɛg.ɔk,ɛgɛk,ɛgɔk,ɛgɛk,ɛgɔk
ɛg.ɛb,ɛg.ɔb,ɛgɛb,ɛgɔb,ɛgɛb,ɛgɔb
ɛg.ɛd,ɛg.ɔd,ɛgɛd,ɛgɔd,ɛgɛd,ɛgɔd
ɛg.ɛg,ɛg.ɔg,ɛgɛg,ɛgɔg,ɛgɛg,ɛgɔg
ɛg.ɛf,ɛg.ɔf,ɛgɛf,ɛgɔf,ɛgɛf,ɛgɔf
ɛg.ɛs,ɛg.ɔs,ɛgɛs,ɛgɔs,ɛgɛs,ɛgɔs
ɛg.ɛv,ɛg.ɔv,ɛgɛv,ɛgɔv,ɛgɛv,ɛgɔv
ɛg.ɛz,ɛg.ɔz,ɛgɛz,ɛgɔz,ɛgɛz,ɛgɔz
ɛg.ɛʃ,ɛg.ɔʃ,ɛgɛʃ,ɛgɔʃ,ɛgɛʃ,ɛgɔʃ
ɛg.ɛʒ,ɛg.ɔʒ,ɛgɛʒ,ɛgɔʒ,ɛgɛʒ,ɛgɔʒ
ɛg.ɛθ,ɛg.ɔθ,ɛgɛθ,ɛgɔθ,ɛgɛθ,ɛgɔθ
ɛg.ɛð,ɛg.ɔð,ɛgɛð,ɛgɔð,ɛgɛð,ɛgɔð
ɛg.ʊm,ɛg.ɪm,ɛgʊm,ɛgɪm,ɛgʊm,ɛgɪm
ɛg.ʊn,ɛg.ɪn,ɛgʊn,ɛgɪn,ɛgʊn,ɛgɪn
ɛg.ʊŋ,ɛg.ɪŋ,ɛgʊŋ,ɛgɪŋ,ɛgʊŋ,ɛgɪŋ
ɛg.ʊp,ɛg.ɪp,ɛgʊp,ɛgɪp,ɛgʊp,ɛgɪp
ɛg.ʊt,ɛg.ɪt,ɛgʊt,ɛgɪt,ɛgʊt,ɛgɪt
ɛg.ʊk,ɛg.ɪk,ɛgʊk,ɛgɪk,ɛgʊk,ɛgɪk
ɛg.ʊb,ɛg.ɪb,ɛgʊb,ɛgɪb,ɛgʊb,ɛgɪb
ɛg.ʊd,ɛg.ɪd,ɛgʊd,ɛgɪd,ɛgʊd,ɛgɪd
ɛg.ʊg,ɛg.ɪg,ɛgʊg,ɛgɪg,ɛgʊg,ɛgɪg
ɛg.ʊf,ɛg.ɪf,ɛgʊf,ɛgɪf,ɛgʊf,ɛgɪf
ɛg.ʊs,ɛg.ɪs,ɛgʊs,ɛgɪs,ɛgʊs,ɛgɪs
ɛg.ʊv,ɛg.ɪv,ɛgʊv,ɛgɪv,ɛgʊv,ɛgɪv
ɛg.ʊz,ɛg.ɪz,ɛgʊz,ɛgɪz,ɛgʊz,ɛgɪz
ɛg.ʊʃ,ɛg.ɪʃ,ɛgʊʃ,ɛgɪʃ,ɛgʊʃ,ɛgɪʃ
ɛg.ʊʒ,ɛg.ɪʒ,ɛgʊʒ,ɛgɪʒ,ɛgʊʒ,ɛgɪʒ
ɛg.ʊθ,ɛg.ɪθ,ɛgʊθ,ɛgɪθ,ɛgʊθ,ɛgɪθ
ɛg.ʊð,ɛg.ɪð,ɛgʊð,ɛgɪð,ɛgʊð,ɛgɪð
ɛg.ɔm,ɛg.ɛm,ɛgɔm,ɛgɛm,ɛgɔm,ɛgɛm
ɛg.ɔn,ɛg.ɛn,ɛgɔn,ɛgɛn,ɛgɔn,ɛgɛn
ɛg.ɔŋ,ɛg.ɛŋ,ɛgɔŋ,ɛgɛŋ,ɛgɔŋ,ɛgɛŋ
ɛg.ɔp,ɛg.ɛp,ɛgɔp,ɛgɛp,ɛgɔp,ɛgɛp
ɛg.ɔt,ɛg.ɛt,ɛgɔt,ɛgɛt,ɛgɔt,ɛgɛt
ɛg.ɔk,ɛg.ɛk,ɛgɔk,ɛgɛk,ɛgɔk,ɛgɛk
ɛg.ɔb,ɛg.ɛb,ɛgɔb,ɛgɛb,ɛgɔb,ɛgɛb
ɛg.ɔd,ɛg.ɛd,ɛgɔd,ɛgɛd,ɛgɔd,ɛgɛd
ɛg.ɔg,ɛg.ɛg,ɛgɔg,ɛgɛg,ɛgɔg,ɛgɛg
ɛg.ɔf,ɛg.ɛf,ɛgɔf,ɛgɛf,ɛgɔf,ɛgɛf
ɛg.ɔs,ɛg.ɛs,ɛgɔs,ɛgɛs,ɛgɔs,ɛgɛs
ɛg.ɔv,ɛg.ɛv,ɛgɔv,ɛgɛv,ɛgɔv,ɛgɛv
ɛg.ɔz,ɛg.ɛz,ɛgɔz,ɛgɛz,ɛgɔz,ɛgɛz
ɛg.ɔʃ,ɛg.ɛʃ,ɛgɔʃ,ɛgɛʃ,ɛgɔʃ,ɛgɛʃ
ɛg.ɔʒ,ɛg.ɛʒ,ɛgɔʒ,ɛgɛʒ,ɛgɔʒ,ɛgɛʒ
ɛg.ɔθ,ɛg.ɛθ,ɛgɔθ,ɛgɛθ,ɛgɔθ,ɛgɛθ
ɛg.ɔð,ɛg.ɛð,ɛgɔð,ɛgɛð,ɛgɔð,ɛgɛð
ɛf.ɪm,ɛf.ʊm,ɛfɪm,ɛfʊm,ɛfɪm,ɛfʊm
ɛf.ɪn,ɛf.ʊn,ɛfɪn,ɛfʊn,ɛfɪn,ɛfʊn
ɛf.ɪŋ,ɛf.ʊŋ,ɛfɪŋ,ɛfʊŋ,ɛfɪŋ,ɛfʊŋ
ɛf.ɪp,ɛf.ʊp,ɛfɪp,ɛfʊp,ɛfɪp,ɛfʊp
ɛf.ɪt,ɛf.ʊt,ɛfɪt,ɛfʊt,ɛfɪt,ɛfʊt
ɛf.ɪk,ɛf.ʊk,ɛfɪk,ɛfʊk,ɛfɪk,ɛfʊk
ɛf.ɪb,ɛf.ʊb,ɛfɪb,ɛfʊb,ɛfɪb,ɛfʊb
ɛf.ɪd,ɛf.ʊd,ɛfɪd,ɛfʊd,ɛfɪd,ɛfʊd
ɛf.ɪg,ɛf.ʊg,ɛfɪg,ɛfʊg,ɛfɪg,ɛfʊg
ɛf.ɪf,ɛf.ʊf,ɛfɪf,ɛfʊf,ɛfɪf,ɛfʊf
ɛf.ɪs,ɛf.ʊs,ɛfɪs,ɛfʊs,ɛfɪs,ɛfʊs
ɛf.ɪv,ɛf.ʊv,ɛfɪv,ɛfʊv,ɛfɪv,ɛfʊv
ɛf.ɪz,ɛf.ʊz,ɛfɪz,ɛfʊz,ɛfɪz,ɛfʊz
ɛf.ɪʃ,ɛf.ʊʃ,ɛfɪʃ,ɛfʊʃ,ɛfɪʃ,ɛfʊʃ
ɛf.ɪʒ,ɛf.ʊʒ,ɛfɪʒ,ɛfʊʒ,ɛfɪʒ,ɛfʊʒ
ɛf.ɪθ,ɛf.ʊθ,ɛfɪθ,ɛfʊθ,ɛfɪθ,ɛfʊθ
ɛf.ɪð,ɛf.ʊð,ɛfɪð,ɛfʊð,ɛfɪð,ɛfʊð
ɛf.ɛm,ɛf.ɔm,ɛfɛm,ɛfɔm,ɛfɛm,ɛfɔm
ɛf.ɛn,ɛf.ɔn,ɛfɛn,ɛfɔn,ɛfɛn,ɛfɔn
ɛf.ɛŋ,ɛf.ɔŋ,ɛfɛŋ,ɛfɔŋ,ɛfɛŋ,ɛfɔŋ
ɛf.ɛp,ɛf.ɔp,ɛfɛp,ɛfɔp,ɛfɛp,ɛfɔp
ɛf.ɛt,ɛf.ɔt,ɛfɛt,ɛfɔt,ɛfɛt,ɛfɔt
ɛf.ɛk,ɛf.ɔk,ɛfɛk,ɛfɔk,ɛfɛk,ɛfɔk
ɛf.ɛb,ɛf.ɔb,ɛfɛb,ɛfɔb,ɛfɛb,ɛfɔb
ɛf.ɛd,ɛf.ɔd,ɛfɛd,ɛfɔd,ɛfɛd,ɛfɔd
ɛf.ɛg,ɛf.ɔg,ɛfɛg,ɛfɔg,ɛfɛg,ɛfɔg
ɛf.ɛf,ɛf.ɔf,ɛfɛf,ɛfɔf,ɛfɛf,ɛfɔf
ɛf.ɛs,ɛf.ɔs,ɛfɛs,ɛfɔs,ɛfɛs,ɛfɔs
ɛf.ɛv,ɛf.ɔv,ɛfɛv,ɛfɔv,ɛfɛv,ɛfɔv
ɛf.ɛz,ɛf.ɔz,ɛfɛz,ɛfɔz,ɛfɛz,ɛfɔz
ɛf.ɛʃ,ɛf.ɔʃ,ɛfɛʃ,ɛfɔʃ,ɛfɛʃ,ɛfɔʃ
ɛf.ɛʒ,ɛf.ɔʒ,ɛfɛʒ,ɛfɔʒ,ɛfɛʒ,ɛfɔʒ
ɛf.ɛθ,ɛf.ɔθ,ɛfɛθ,ɛfɔθ,ɛfɛθ,ɛfɔθ
ɛf.ɛð,ɛf.ɔð,ɛfɛð,ɛfɔð,ɛfɛð,ɛfɔð
ɛf.ʊm,ɛf.ɪm,ɛfʊm,ɛfɪm,ɛfʊm,ɛfɪm
ɛf.ʊn,ɛf.ɪn,ɛfʊn,ɛfɪn,ɛfʊn,ɛfɪn
ɛf.ʊŋ,ɛf.ɪŋ,ɛfʊŋ,ɛfɪŋ,ɛfʊŋ,ɛfɪŋ
ɛf.ʊp,ɛf.ɪp,ɛfʊp,ɛfɪp,ɛfʊp,ɛfɪp
ɛf.ʊt,ɛf.ɪt,ɛfʊt,ɛfɪt,ɛfʊt,ɛfɪt
ɛf.ʊk,ɛf.ɪk,ɛfʊk,ɛfɪk,ɛfʊk,ɛfɪk
ɛf.ʊb,ɛf.ɪb,ɛfʊb,ɛfɪb,ɛfʊb,ɛfɪb
ɛf.ʊd,ɛf.ɪd,ɛfʊd,ɛfɪd,ɛfʊd,ɛfɪd
ɛf.ʊg,ɛf.ɪg,ɛfʊg,ɛfɪg,ɛfʊg,ɛfɪg
ɛf.ʊf,ɛf.ɪf,ɛfʊf,ɛfɪf,ɛfʊf,ɛfɪf
ɛf.ʊs,ɛf.ɪs,ɛfʊs,ɛfɪs,ɛfʊs,ɛfɪs
ɛf.ʊv,ɛf.ɪv,ɛfʊv,ɛfɪv,ɛfʊv,ɛfɪv
ɛf.ʊz,ɛf.ɪz,ɛfʊz,ɛfɪz,ɛfʊz,ɛfɪz
ɛf.ʊʃ,ɛf.ɪʃ,ɛfʊʃ,ɛfɪʃ,ɛfʊʃ,ɛfɪʃ
ɛf.ʊʒ,ɛf.ɪʒ,ɛfʊʒ,ɛfɪʒ,ɛfʊʒ,ɛfɪʒ
ɛf.ʊθ,ɛf.ɪθ,ɛfʊθ,ɛfɪθ,ɛfʊθ,ɛfɪθ
ɛf.ʊð,ɛf.ɪð,ɛfʊð,ɛfɪð,ɛfʊð,ɛfɪð
ɛf.ɔm,ɛf.ɛm,ɛfɔm,ɛfɛm,ɛfɔm,ɛfɛm
ɛf.ɔn,ɛf.ɛn,ɛfɔn,ɛfɛn,ɛfɔn,ɛfɛn
ɛf.ɔŋ,ɛf.ɛŋ,ɛfɔŋ,ɛfɛŋ,ɛfɔŋ,ɛfɛŋ
ɛf.ɔp,ɛf.ɛp,ɛfɔp,ɛfɛp,ɛfɔp,ɛfɛp
ɛf.ɔt,ɛf.ɛt,ɛfɔt,ɛfɛt,ɛfɔt,ɛfɛt
ɛf.ɔk,ɛf.ɛk,ɛfɔk,ɛfɛk,ɛfɔk,ɛfɛk
ɛf.ɔb,ɛf.ɛb,ɛfɔb,ɛfɛb,ɛfɔb,ɛfɛb
ɛf.ɔd,ɛf.ɛd,ɛfɔd,ɛfɛd,ɛfɔd,ɛfɛd
ɛf.ɔg,ɛf.ɛg,ɛfɔg,ɛfɛg,ɛfɔg,ɛfɛg
ɛf.ɔf,ɛf.ɛf,ɛfɔf,ɛfɛf,ɛfɔf,ɛfɛf
ɛf.ɔs,ɛf.ɛs,ɛfɔs,ɛfɛs,ɛfɔs,ɛfɛs
ɛf.ɔv,ɛf.ɛv,ɛfɔv,ɛfɛv,ɛfɔv,ɛfɛv
ɛf.ɔz,ɛf.ɛz,ɛfɔz,ɛfɛz,ɛfɔz,ɛfɛz
ɛf.ɔʃ,ɛf.ɛʃ,ɛfɔʃ,ɛfɛʃ,ɛfɔʃ,ɛfɛʃ
ɛf.ɔʒ,ɛf.ɛʒ,ɛfɔʒ,ɛfɛʒ,ɛfɔʒ,ɛfɛʒ
ɛf.ɔθ,ɛf.ɛθ,ɛfɔθ,ɛfɛθ,ɛfɔθ,ɛfɛθ
ɛf.ɔð,ɛf.ɛð,ɛfɔð,ɛfɛð,ɛfɔð,ɛfɛð
ɛs.ɪm,ɛs.ʊm,ɛsɪm,ɛsʊm,ɛsɪm,ɛsʊm
ɛs.ɪn,ɛs.ʊn,ɛsɪn,ɛsʊn,ɛsɪn,ɛsʊn
ɛs.ɪŋ,ɛs.ʊŋ,ɛsɪŋ,ɛsʊŋ,ɛsɪŋ,ɛsʊŋ
ɛs.ɪp,ɛs.ʊp,ɛsɪp,ɛsʊp,ɛsɪp,ɛsʊp
ɛs.ɪt,ɛs.ʊt,ɛsɪt,ɛsʊt,ɛsɪt,ɛsʊt
ɛs.ɪk,ɛs.ʊk,ɛsɪk,ɛsʊk,ɛsɪk,ɛsʊk
ɛs.ɪb,ɛs.ʊb,ɛsɪb,ɛsʊb,ɛsɪb,ɛsʊb
ɛs.ɪd,ɛs.ʊd,ɛsɪd,ɛsʊd,ɛsɪd,ɛsʊd
ɛs.ɪg,ɛs.ʊg,ɛsɪg,ɛsʊg,ɛsɪg,ɛsʊg
ɛs.ɪf,ɛs.ʊf,ɛsɪf,ɛsʊf,ɛsɪf,ɛsʊf
ɛs.ɪs,ɛs.ʊs,ɛsɪs,ɛsʊs,ɛsɪs,ɛsʊs
ɛs.ɪv,ɛs.ʊv,ɛsɪv,ɛsʊv,ɛsɪv,ɛsʊv
ɛs.ɪz,ɛs.ʊz,ɛsɪz,ɛsʊz,ɛsɪz,ɛsʊz
ɛs.ɪʃ,ɛs.ʊʃ,ɛsɪʃ,ɛsʊʃ,ɛsɪʃ,ɛsʊʃ
ɛs.ɪʒ,ɛs.ʊʒ,ɛsɪʒ,ɛsʊʒ,ɛsɪʒ,ɛsʊʒ
ɛs.ɪθ,ɛs.ʊθ,ɛsɪθ,ɛsʊθ,ɛsɪθ,ɛsʊθ
ɛs.ɪð,ɛs.ʊð,ɛsɪð,ɛsʊð,ɛsɪð,ɛsʊð
ɛs.ɛm,ɛs.ɔm,ɛsɛm,ɛsɔm,ɛsɛm,ɛsɔm
ɛs.ɛn,ɛs.ɔn,ɛsɛn,ɛsɔn,ɛsɛn,ɛsɔn
ɛs.ɛŋ,ɛs.ɔŋ,ɛsɛŋ,ɛsɔŋ,ɛsɛŋ,ɛsɔŋ
ɛs.ɛp,ɛs.ɔp,ɛsɛp,ɛsɔp,ɛsɛp,ɛsɔp
ɛs.ɛt,ɛs.ɔt,ɛsɛt,ɛsɔt,ɛsɛt,ɛsɔt
ɛs.ɛk,ɛs.ɔk,ɛsɛk,ɛsɔk,ɛsɛk,ɛsɔk
ɛs.ɛb,ɛs.ɔb,ɛsɛb,ɛsɔb,ɛsɛb,ɛsɔb
ɛs.ɛd,ɛs.ɔd,ɛsɛd,ɛsɔd,ɛsɛd,ɛsɔd
ɛs.ɛg,ɛs.ɔg,ɛsɛg,ɛsɔg,ɛsɛg,ɛsɔg
ɛs.ɛf,ɛs.ɔf,ɛsɛf,ɛsɔf,ɛsɛf,ɛsɔf
ɛs.ɛs,ɛs.ɔs,ɛsɛs,ɛsɔs,ɛsɛs,ɛsɔs
ɛs.ɛv,ɛs.ɔv,ɛsɛv,ɛsɔv,ɛsɛv,ɛsɔv
ɛs.ɛz,ɛs.ɔz,ɛsɛz,ɛsɔz,ɛsɛz,ɛsɔz
ɛs.ɛʃ,ɛs.ɔʃ,ɛsɛʃ,ɛsɔʃ,ɛsɛʃ,ɛsɔʃ
ɛs.ɛʒ,ɛs.ɔʒ,ɛsɛʒ,ɛsɔʒ,ɛsɛʒ,ɛsɔʒ
ɛs.ɛθ,ɛs.ɔθ,ɛsɛθ,ɛsɔθ,ɛsɛθ,ɛsɔθ
ɛs.ɛð,ɛs.ɔð,ɛsɛð,ɛsɔð,ɛsɛð,ɛsɔð
ɛs.ʊm,ɛs.ɪm,ɛsʊm,ɛsɪm,ɛsʊm,ɛsɪm
ɛs.ʊn,ɛs.ɪn,ɛsʊn,ɛsɪn,ɛsʊn,ɛsɪn
ɛs.ʊŋ,ɛs.ɪŋ,ɛsʊŋ,ɛsɪŋ,ɛsʊŋ,ɛsɪŋ
ɛs.ʊp,ɛs.ɪp,ɛsʊp,ɛsɪp,ɛsʊp,ɛsɪp
ɛs.ʊt,ɛs.ɪt,ɛsʊt,ɛsɪt,ɛsʊt,ɛsɪt
ɛs.ʊk,ɛs.ɪk,ɛsʊk,ɛsɪk,ɛsʊk,ɛsɪk
ɛs.ʊb,ɛs.ɪb,ɛsʊb,ɛsɪb,ɛsʊb,ɛsɪb
ɛs.ʊd,ɛs.ɪd,ɛsʊd,ɛsɪd,ɛsʊd,ɛsɪd
ɛs.ʊg,ɛs.ɪg,ɛsʊg,ɛsɪg,ɛsʊg,ɛsɪg
ɛs.ʊf,ɛs.ɪf,ɛsʊf,ɛsɪf,ɛsʊf,ɛsɪf
ɛs.ʊs,ɛs.ɪs,ɛsʊs,ɛsɪs,ɛsʊs,ɛsɪs
ɛs.ʊv,ɛs.ɪv,ɛsʊv,ɛsɪv,ɛsʊv,ɛsɪv
ɛs.ʊz,ɛs.ɪz,ɛsʊz,ɛsɪz,ɛsʊz,ɛsɪz
ɛs.ʊʃ,ɛs.ɪʃ,ɛsʊʃ,ɛsɪʃ,ɛsʊʃ,ɛsɪʃ
ɛs.ʊʒ,ɛs.ɪʒ,ɛsʊʒ,ɛsɪʒ,ɛsʊʒ,ɛsɪʒ
ɛs.ʊθ,ɛs.ɪθ,ɛsʊθ,ɛsɪθ,ɛsʊθ,ɛsɪθ
ɛs.ʊð,ɛs.ɪð,ɛsʊð,ɛsɪð,ɛsʊð,ɛsɪð
ɛs.ɔm,ɛs.ɛm,ɛsɔm,ɛsɛm,ɛsɔm,ɛsɛm
ɛs.ɔn,ɛs.ɛn,ɛsɔn,ɛsɛn,ɛsɔn,ɛsɛn
ɛs.ɔŋ,ɛs.ɛŋ,ɛsɔŋ,ɛsɛŋ,ɛsɔŋ,ɛsɛŋ
ɛs.ɔp,ɛs.ɛp,ɛsɔp,ɛsɛp,ɛsɔp,ɛsɛp
ɛs.ɔt,ɛs.ɛt,ɛsɔt,ɛsɛt,ɛsɔt,ɛsɛt
ɛs.ɔk,ɛs.ɛk,ɛsɔk,ɛsɛk,ɛsɔk,ɛsɛk
ɛs.ɔb,ɛs.ɛb,ɛsɔb,ɛsɛb,ɛsɔb,ɛsɛb
ɛs.ɔd,ɛs.ɛd,ɛsɔd,ɛsɛd,ɛsɔd,ɛsɛd
ɛs.ɔg,ɛs.ɛg,ɛsɔg,ɛsɛg,ɛsɔg,ɛsɛg
ɛs.ɔf,ɛs.ɛf,ɛsɔf,ɛsɛf,ɛsɔf,ɛsɛf
ɛs.ɔs,ɛs.ɛs,ɛsɔs,ɛsɛs,ɛsɔs,ɛsɛs
ɛs.ɔv,ɛs.ɛv,ɛsɔv,ɛsɛv,ɛsɔv,ɛsɛv
ɛs.ɔz,ɛs.ɛz,ɛsɔz,ɛsɛz,ɛsɔz,ɛsɛz
ɛs.ɔʃ,ɛs.ɛʃ,ɛsɔʃ,ɛsɛʃ,ɛsɔʃ,ɛsɛʃ
ɛs.ɔʒ,ɛs.ɛʒ,ɛsɔʒ,ɛsɛʒ,ɛsɔʒ,ɛsɛʒ
ɛs.ɔθ,ɛs.ɛθ,ɛsɔθ,ɛsɛθ,ɛsɔθ,ɛsɛθ
ɛs.ɔð,ɛs.ɛð,ɛsɔð,ɛsɛð,ɛsɔð,ɛsɛð
ɛv.ɪm,ɛv.ʊm,ɛvɪm,ɛvʊm,ɛvɪm,ɛvʊm
ɛv.ɪn,ɛv.ʊn,ɛvɪn,ɛvʊn,ɛvɪn,ɛvʊn
ɛv.ɪŋ,ɛv.ʊŋ,ɛvɪŋ,ɛvʊŋ,ɛvɪŋ,ɛvʊŋ
ɛv.ɪp,ɛv.ʊp,ɛvɪp,ɛvʊp,ɛvɪp,ɛvʊp
ɛv.ɪt,ɛv.ʊt,ɛvɪt,ɛvʊt,ɛvɪt,ɛvʊt
ɛv.ɪk,ɛv.ʊk,ɛvɪk,ɛvʊk,ɛvɪk,ɛvʊk
ɛv.ɪb,ɛv.ʊb,ɛvɪb,ɛvʊb,ɛvɪb,ɛvʊb
ɛv.ɪd,ɛv.ʊd,ɛvɪd,ɛvʊd,ɛvɪd,ɛvʊd
ɛv.ɪg,ɛv.ʊg,ɛvɪg,ɛvʊg,ɛvɪg,ɛvʊg
ɛv.ɪf,ɛv.ʊf,ɛvɪf,ɛvʊf,ɛvɪf,ɛvʊf
ɛv.ɪs,ɛv.ʊs,ɛvɪs,ɛvʊs,ɛvɪs,ɛvʊs
ɛv.ɪv,ɛv.ʊv,ɛvɪv,ɛvʊv,ɛvɪv,ɛvʊv
ɛv.ɪz,ɛv.ʊz,ɛvɪz,ɛvʊz,ɛvɪz,ɛvʊz
ɛv.ɪʃ,ɛv.ʊʃ,ɛvɪʃ,ɛvʊʃ,ɛvɪʃ,ɛvʊʃ
ɛv.ɪʒ,ɛv.ʊʒ,ɛvɪʒ,ɛvʊʒ,ɛvɪʒ,ɛvʊʒ
ɛv.ɪθ,ɛv.ʊθ,ɛvɪθ,ɛvʊθ,ɛvɪθ,ɛvʊθ
ɛv.ɪð,ɛv.ʊð,ɛvɪð,ɛvʊð,ɛvɪð,ɛvʊð
ɛv.ɛm,ɛv.ɔm,ɛvɛm,ɛvɔm,ɛvɛm,ɛvɔm
ɛv.ɛn,ɛv.ɔn,ɛvɛn,ɛvɔn,ɛvɛn,ɛvɔn
ɛv.ɛŋ,ɛv.ɔŋ,ɛvɛŋ,ɛvɔŋ,ɛvɛŋ,ɛvɔŋ
ɛv.ɛp,ɛv.ɔp,ɛvɛp,ɛvɔp,ɛvɛp,ɛvɔp
ɛv.ɛt,ɛv.ɔt,ɛvɛt,ɛvɔt,ɛvɛt,ɛvɔt
ɛv.ɛk,ɛv.ɔk,ɛvɛk,ɛvɔk,ɛvɛk,ɛvɔk
ɛv.ɛb,ɛv.ɔb,ɛvɛb,ɛvɔb,ɛvɛb,ɛvɔb
ɛv.ɛd,ɛv.ɔd,ɛvɛd,ɛvɔd,ɛvɛd,ɛvɔd
ɛv.ɛg,ɛv.ɔg,ɛvɛg,ɛvɔg,ɛvɛg,ɛvɔg
ɛv.ɛf,ɛv.ɔf,ɛvɛf,ɛvɔf,ɛvɛf,ɛvɔf
ɛv.ɛs,ɛv.ɔs,ɛvɛs,ɛvɔs,ɛvɛs,ɛvɔs
ɛv.ɛv,ɛv.ɔv,ɛvɛv,ɛvɔv,ɛvɛv,ɛvɔv
ɛv.ɛz,ɛv.ɔz,ɛvɛz,ɛvɔz,ɛvɛz,ɛvɔz
ɛv.ɛʃ,ɛv.ɔʃ,ɛvɛʃ,ɛvɔʃ,ɛvɛʃ,ɛvɔʃ
ɛv.ɛʒ,ɛv.ɔʒ,ɛvɛʒ,ɛvɔʒ,ɛvɛʒ,ɛvɔʒ
ɛv.ɛθ,ɛv.ɔθ,ɛvɛθ,ɛvɔθ,ɛvɛθ,ɛvɔθ
ɛv.ɛð,ɛv.ɔð,ɛvɛð,ɛvɔð,ɛvɛð,ɛvɔð
ɛv.ʊm,ɛv.ɪm,ɛvʊm,ɛvɪm,ɛvʊm,ɛvɪm
ɛv.ʊn,ɛv.ɪn,ɛvʊn,ɛvɪn,ɛvʊn,ɛvɪn
ɛv.ʊŋ,ɛv.ɪŋ,ɛvʊŋ,ɛvɪŋ,ɛvʊŋ,ɛvɪŋ
ɛv.ʊp,ɛv.ɪp,ɛvʊp,ɛvɪp,ɛvʊp,ɛvɪp
ɛv.ʊt,ɛv.ɪt,ɛvʊt,ɛvɪt,ɛvʊt,ɛvɪt
ɛv.ʊk,ɛv.ɪk,ɛvʊk,ɛvɪk,ɛvʊk,ɛvɪk
ɛv.ʊb,ɛv.ɪb,ɛvʊb,ɛvɪb,ɛvʊb,ɛvɪb
ɛv.ʊd,ɛv.ɪd,ɛvʊd,ɛvɪd,ɛvʊd,ɛvɪd
ɛv.ʊg,ɛv.ɪg,ɛvʊg,ɛvɪg,ɛvʊg,ɛvɪg
ɛv.ʊf,ɛv.ɪf,ɛvʊf,ɛvɪf,ɛvʊf,ɛvɪf
ɛv.ʊs,ɛv.ɪs,ɛvʊs,ɛvɪs,ɛvʊs,ɛvɪs
ɛv.ʊv,ɛv.ɪv,ɛvʊv,ɛvɪv,ɛvʊv,ɛvɪv
ɛv.ʊz,ɛv.ɪz,ɛvʊz,ɛvɪz,ɛvʊz,ɛvɪz
ɛv.ʊʃ,ɛv.ɪʃ,ɛvʊʃ,ɛvɪʃ,ɛvʊʃ,ɛvɪʃ
ɛv.ʊʒ,ɛv.ɪʒ,ɛvʊʒ,ɛvɪʒ,ɛvʊʒ,ɛvɪʒ
ɛv.ʊθ,ɛv.ɪθ,ɛvʊθ,ɛvɪθ,ɛvʊθ,ɛvɪθ
ɛv.ʊð,ɛv.ɪð,ɛvʊð,ɛvɪð,ɛvʊð,ɛvɪð
ɛv.ɔm,ɛv.ɛm,ɛvɔm,ɛvɛm,ɛvɔm,ɛvɛm
ɛv.ɔn,ɛv.ɛn,ɛvɔn,ɛvɛn,ɛvɔn,ɛvɛn
ɛv.ɔŋ,ɛv.ɛŋ,ɛvɔŋ,ɛvɛŋ,ɛvɔŋ,ɛvɛŋ
ɛv.ɔp,ɛv.ɛp,ɛvɔp,ɛvɛp,ɛvɔp,ɛvɛp
ɛv.ɔt,ɛv.ɛt,ɛvɔt,ɛvɛt,ɛvɔt,ɛvɛt
ɛv.ɔk,ɛv.ɛk,ɛvɔk,ɛvɛk,ɛvɔk,ɛvɛk
ɛv.ɔb,ɛv.ɛb,ɛvɔb,ɛvɛb,ɛvɔb,ɛvɛb
ɛv.ɔd,ɛv.ɛd,ɛvɔd,ɛvɛd,ɛvɔd,ɛvɛd
ɛv.ɔg,ɛv.ɛg,ɛvɔg,ɛvɛg,ɛvɔg,ɛvɛg
ɛv.ɔf,ɛv.ɛf,ɛvɔf,ɛvɛf,ɛvɔf,ɛvɛf
ɛv.ɔs,ɛv.ɛs,ɛvɔs,ɛvɛs,ɛvɔs,ɛvɛs
ɛv.ɔv,ɛv.ɛv,ɛvɔv,ɛvɛv,ɛvɔv,ɛvɛv
ɛv.ɔz,ɛv.ɛz,ɛvɔz,ɛvɛz,ɛvɔz,ɛvɛz
ɛv.ɔʃ,ɛv.ɛʃ,ɛvɔʃ,ɛvɛʃ,ɛvɔʃ,ɛvɛʃ
ɛv.ɔʒ,ɛv.ɛʒ,ɛvɔʒ,ɛvɛʒ,ɛvɔʒ,ɛvɛʒ
ɛv.ɔθ,ɛv.ɛθ,ɛvɔθ,ɛvɛθ,ɛvɔθ,ɛvɛθ
ɛv.ɔð,ɛv.ɛð,ɛvɔð,ɛvɛð,ɛvɔð,ɛvɛð
ɛz.ɪm,ɛz.ʊm,ɛzɪm,ɛzʊm,ɛzɪm,ɛzʊm
ɛz.ɪn,ɛz.ʊn,ɛzɪn,ɛzʊn,ɛzɪn,ɛzʊn
ɛz.ɪŋ,ɛz.ʊŋ,ɛzɪŋ,ɛzʊŋ,ɛzɪŋ,ɛzʊŋ
ɛz.ɪp,ɛz.ʊp,ɛzɪp,ɛzʊp,ɛzɪp,ɛzʊp
ɛz.ɪt,ɛz.ʊt,ɛzɪt,ɛzʊt,ɛzɪt,ɛzʊt
ɛz.ɪk,ɛz.ʊk,ɛzɪk,ɛzʊk,ɛzɪk,ɛzʊk
ɛz.ɪb,ɛz.ʊb,ɛzɪb,ɛzʊb,ɛzɪb,ɛzʊb
ɛz.ɪd,ɛz.ʊd,ɛzɪd,ɛzʊd,ɛzɪd,ɛzʊd
ɛz.ɪg,ɛz.ʊg,ɛzɪg,ɛzʊg,ɛzɪg,ɛzʊg
ɛz.ɪf,ɛz.ʊf,ɛzɪf,ɛzʊf,ɛzɪf,ɛzʊf
ɛz.ɪs,ɛz.ʊs,ɛzɪs,ɛzʊs,ɛzɪs,ɛzʊs
ɛz.ɪv,ɛz.ʊv,ɛzɪv,ɛzʊv,ɛzɪv,ɛzʊv
ɛz.ɪz,ɛz.ʊz,ɛzɪz,ɛzʊz,ɛzɪz,ɛzʊz
ɛz.ɪʃ,ɛz.ʊʃ,ɛzɪʃ,ɛzʊʃ,ɛzɪʃ,ɛzʊʃ
ɛz.ɪʒ,ɛz.ʊʒ,ɛzɪʒ,ɛzʊʒ,ɛzɪʒ,ɛzʊʒ
ɛz.ɪθ,ɛz.ʊθ,ɛzɪθ,ɛzʊθ,ɛzɪθ,ɛzʊθ
ɛz.ɪð,ɛz.ʊð,ɛzɪð,ɛzʊð,ɛzɪð,ɛzʊð
ɛz.ɛm,ɛz.ɔm,ɛzɛm,ɛzɔm,ɛzɛm,ɛzɔm
ɛz.ɛn,ɛz.ɔn,ɛzɛn,ɛzɔn,ɛzɛn,ɛzɔn
ɛz.ɛŋ,ɛz.ɔŋ,ɛzɛŋ,ɛzɔŋ,ɛzɛŋ,ɛzɔŋ
ɛz.ɛp,ɛz.ɔp,ɛzɛp,ɛzɔp,ɛzɛp,ɛzɔp
ɛz.ɛt,ɛz.ɔt,ɛzɛt,ɛzɔt,ɛzɛt,ɛzɔt
ɛz.ɛk,ɛz.ɔk,ɛzɛk,ɛzɔk,ɛzɛk,ɛzɔk
ɛz.ɛb,ɛz.ɔb,ɛzɛb,ɛzɔb,ɛzɛb,ɛzɔb
ɛz.ɛd,ɛz.ɔd,ɛzɛd,ɛzɔd,ɛzɛd,ɛzɔd
ɛz.ɛg,ɛz.ɔg,ɛzɛg,ɛzɔg,ɛzɛg,ɛzɔg
ɛz.ɛf,ɛz.ɔf,ɛzɛf,ɛzɔf,ɛzɛf,ɛzɔf
ɛz.ɛs,ɛz.ɔs,ɛzɛs,ɛzɔs,ɛzɛs,ɛzɔs
ɛz.ɛv,ɛz.ɔv,ɛzɛv,ɛzɔv,ɛzɛv,ɛzɔv
ɛz.ɛz,ɛz.ɔz,ɛzɛz,ɛzɔz,ɛzɛz,ɛzɔz
ɛz.ɛʃ,ɛz.ɔʃ,ɛzɛʃ,ɛzɔʃ,ɛzɛʃ,ɛzɔʃ
ɛz.ɛʒ,ɛz.ɔʒ,ɛzɛʒ,ɛzɔʒ,ɛzɛʒ,ɛzɔʒ
ɛz.ɛθ,ɛz.ɔθ,ɛzɛθ,ɛzɔθ,ɛzɛθ,ɛzɔθ
ɛz.ɛð,ɛz.ɔð,ɛzɛð,ɛzɔð,ɛzɛð,ɛzɔð
ɛz.ʊm,ɛz.ɪm,ɛzʊm,ɛzɪm,ɛzʊm,ɛzɪm
ɛz.ʊn,ɛz.ɪn,ɛzʊn,ɛzɪn,ɛzʊn,ɛzɪn
ɛz.ʊŋ,ɛz.ɪŋ,ɛzʊŋ,ɛzɪŋ,ɛzʊŋ,ɛzɪŋ
ɛz.ʊp,ɛz.ɪp,ɛzʊp,ɛzɪp,ɛzʊp,ɛzɪp
ɛz.ʊt,ɛz.ɪt,ɛzʊt,ɛzɪt,ɛzʊt,ɛzɪt
ɛz.ʊk,ɛz.ɪk,ɛzʊk,ɛzɪk,ɛzʊk,ɛzɪk
ɛz.ʊb,ɛz.ɪb,ɛzʊb,ɛzɪb,ɛzʊb,ɛzɪb
ɛz.ʊd,ɛz.ɪd,ɛzʊd,ɛzɪd,ɛzʊd,ɛzɪd
ɛz.ʊg,ɛz.ɪg,ɛzʊg,ɛzɪg,ɛzʊg,ɛzɪg
ɛz.ʊf,ɛz.ɪf,ɛzʊf,ɛzɪf,ɛzʊf,ɛzɪf
ɛz.ʊs,ɛz.ɪs,ɛzʊs,ɛzɪs,ɛzʊs,ɛzɪs
ɛz.ʊv,ɛz.ɪv,ɛzʊv,ɛzɪv,ɛzʊv,ɛzɪv
ɛz.ʊz,ɛz.ɪz,ɛzʊz,ɛzɪz,ɛzʊz,ɛzɪz
ɛz.ʊʃ,ɛz.ɪʃ,ɛzʊʃ,ɛzɪʃ,ɛzʊʃ,ɛzɪʃ
ɛz.ʊʒ,ɛz.ɪʒ,ɛzʊʒ,ɛzɪʒ,ɛzʊʒ,ɛzɪʒ
ɛz.ʊθ,ɛz.ɪθ,ɛzʊθ,ɛzɪθ,ɛzʊθ,ɛzɪθ
ɛz.ʊð,ɛz.ɪð,ɛzʊð,ɛzɪð,ɛzʊð,ɛzɪð
ɛz.ɔm,ɛz.ɛm,ɛzɔm,ɛzɛm,ɛzɔm,ɛzɛm
ɛz.ɔn,ɛz.ɛn,ɛzɔn,ɛzɛn,ɛzɔn,ɛzɛn
ɛz.ɔŋ,ɛz.ɛŋ,ɛzɔŋ,ɛzɛŋ,ɛzɔŋ,ɛzɛŋ
ɛz.ɔp,ɛz.ɛp,ɛzɔp,ɛzɛp,ɛzɔp,ɛzɛp
ɛz.ɔt,ɛz.ɛt,ɛzɔt,ɛzɛt,ɛzɔt,ɛzɛt
ɛz.ɔk,ɛz.ɛk,ɛzɔk,ɛzɛk,ɛzɔk,ɛzɛk
ɛz.ɔb,ɛz.ɛb,ɛzɔb,ɛzɛb,ɛzɔb,ɛzɛb
ɛz.ɔd,ɛz.ɛd,ɛzɔd,ɛzɛd,ɛzɔd,ɛzɛd
ɛz.ɔg,ɛz.ɛg,ɛzɔg,ɛzɛg,ɛzɔg,ɛzɛg
ɛz.ɔf,ɛz.ɛf,ɛzɔf,ɛzɛf,ɛzɔf,ɛzɛf
ɛz.ɔs,ɛz.ɛs,ɛzɔs,ɛzɛs,ɛzɔs,ɛzɛs
ɛz.ɔv,ɛz.ɛv,ɛzɔv,ɛzɛv,ɛzɔv,ɛzɛv
ɛz.ɔz,ɛz.ɛz,ɛzɔz,ɛzɛz,ɛzɔz,ɛzɛz
ɛz.ɔʃ,ɛz.ɛʃ,ɛzɔʃ,ɛzɛʃ,ɛzɔʃ,ɛzɛʃ
ɛz.ɔʒ,ɛz.ɛʒ,ɛzɔʒ,ɛzɛʒ,ɛzɔʒ,ɛzɛʒ
ɛz.ɔθ,ɛz.ɛθ,ɛzɔθ,ɛzɛθ,ɛzɔθ,ɛzɛθ
ɛz.ɔð,ɛz.ɛð,ɛzɔð,ɛzɛð,ɛzɔð,ɛzɛð
ɛʃ.ɪm,ɛʃ.ʊm,ɛʃɪm,ɛʃʊm,ɛʃɪm,ɛʃʊm
ɛʃ.ɪn,ɛʃ.ʊn,ɛʃɪn,ɛʃʊn,ɛʃɪn,ɛʃʊn
ɛʃ.ɪŋ,ɛʃ.ʊŋ,ɛʃɪŋ,ɛʃʊŋ,ɛʃɪŋ,ɛʃʊŋ
ɛʃ.ɪp,ɛʃ.ʊp,ɛʃɪp,ɛʃʊp,ɛʃɪp,ɛʃʊp
ɛʃ.ɪt,ɛʃ.ʊt,ɛʃɪt,ɛʃʊt,ɛʃɪt,ɛʃʊt
ɛʃ.ɪk,ɛʃ.ʊk,ɛʃɪk,ɛʃʊk,ɛʃɪk,ɛʃʊk
ɛʃ.ɪb,ɛʃ.ʊb,ɛʃɪb,ɛʃʊb,ɛʃɪb,ɛʃʊb
ɛʃ.ɪd,ɛʃ.ʊd,ɛʃɪd,ɛʃʊd,ɛʃɪd,ɛʃʊd
ɛʃ.ɪg,ɛʃ.ʊg,ɛʃɪg,ɛʃʊg,ɛʃɪg,ɛʃʊg
ɛʃ.ɪf,ɛʃ.ʊf,ɛʃɪf,ɛʃʊf,ɛʃɪf,ɛʃʊf
ɛʃ.ɪs,ɛʃ.ʊs,ɛʃɪs,ɛʃʊs,ɛʃɪs,ɛʃʊs
ɛʃ.ɪv,ɛʃ.ʊv,ɛʃɪv,ɛʃʊv,ɛʃɪv,ɛʃʊv
ɛʃ.ɪz,ɛʃ.ʊz,ɛʃɪz,ɛʃʊz,ɛʃɪz,ɛʃʊz
ɛʃ.ɪʃ,ɛʃ.ʊʃ,ɛʃɪʃ,ɛʃʊʃ,ɛʃɪʃ,ɛʃʊʃ
ɛʃ.ɪʒ,ɛʃ.ʊʒ,ɛʃɪʒ,ɛʃʊʒ,ɛʃɪʒ,ɛʃʊʒ
ɛʃ.ɪθ,ɛʃ.ʊθ,ɛʃɪθ,ɛʃʊθ,ɛʃɪθ,ɛʃʊθ
ɛʃ.ɪð,ɛʃ.ʊð,ɛʃɪð,ɛʃʊð,ɛʃɪð,ɛʃʊð
ɛʃ.ɛm,ɛʃ.ɔm,ɛʃɛm,ɛʃɔm,ɛʃɛm,ɛʃɔm
ɛʃ.ɛn,ɛʃ.ɔn,ɛʃɛn,ɛʃɔn,ɛʃɛn,ɛʃɔn
ɛʃ.ɛŋ,ɛʃ.ɔŋ,ɛʃɛŋ,ɛʃɔŋ,ɛʃɛŋ,ɛʃɔŋ
ɛʃ.ɛp,ɛʃ.ɔp,ɛʃɛp,ɛʃɔp,ɛʃɛp,ɛʃɔp
ɛʃ.ɛt,ɛʃ.ɔt,ɛʃɛt,ɛʃɔt,ɛʃɛt,ɛʃɔt
ɛʃ.ɛk,ɛʃ.ɔk,ɛʃɛk,ɛʃɔk,ɛʃɛk,ɛʃɔk
ɛʃ.ɛb,ɛʃ.ɔb,ɛʃɛb,ɛʃɔb,ɛʃɛb,ɛʃɔb
ɛʃ.ɛd,ɛʃ.ɔd,ɛʃɛd,ɛʃɔd,ɛʃɛd,ɛʃɔd
ɛʃ.ɛg,ɛʃ.ɔg,ɛʃɛg,ɛʃɔg,ɛʃɛg,ɛʃɔg
ɛʃ.ɛf,ɛʃ.ɔf,ɛʃɛf,ɛʃɔf,ɛʃɛf,ɛʃɔf
ɛʃ.ɛs,ɛʃ.ɔs,ɛʃɛs,ɛʃɔs,ɛʃɛs,ɛʃɔs
ɛʃ.ɛv,ɛʃ.ɔv,ɛʃɛv,ɛʃɔv,ɛʃɛv,ɛʃɔv
ɛʃ.ɛz,ɛʃ.ɔz,ɛʃɛz,ɛʃɔz,ɛʃɛz,ɛʃɔz
ɛʃ.ɛʃ,ɛʃ.ɔʃ,ɛʃɛʃ,ɛʃɔʃ,ɛʃɛʃ,ɛʃɔʃ
ɛʃ.ɛʒ,ɛʃ.ɔʒ,ɛʃɛʒ,ɛʃɔʒ,ɛʃɛʒ,ɛʃɔʒ
ɛʃ.ɛθ,ɛʃ.ɔθ,ɛʃɛθ,ɛʃɔθ,ɛʃɛθ,ɛʃɔθ
ɛʃ.ɛð,ɛʃ.ɔð,ɛʃɛð,ɛʃɔð,ɛʃɛð,ɛʃɔð
ɛʃ.ʊm,ɛʃ.ɪm,ɛʃʊm,ɛʃɪm,ɛʃʊm,ɛʃɪm
ɛʃ.ʊn,ɛʃ.ɪn,ɛʃʊn,ɛʃɪn,ɛʃʊn,ɛʃɪn
ɛʃ.ʊŋ,ɛʃ.ɪŋ,ɛʃʊŋ,ɛʃɪŋ,ɛʃʊŋ,ɛʃɪŋ
ɛʃ.ʊp,ɛʃ.ɪp,ɛʃʊp,ɛʃɪp,ɛʃʊp,ɛʃɪp
ɛʃ.ʊt,ɛʃ.ɪt,ɛʃʊt,ɛʃɪt,ɛʃʊt,ɛʃɪt
ɛʃ.ʊk,ɛʃ.ɪk,ɛʃʊk,ɛʃɪk,ɛʃʊk,ɛʃɪk
ɛʃ.ʊb,ɛʃ.ɪb,ɛʃʊb,ɛʃɪb,ɛʃʊb,ɛʃɪb
ɛʃ.ʊd,ɛʃ.ɪd,ɛʃʊd,ɛʃɪd,ɛʃʊd,ɛʃɪd
ɛʃ.ʊg,ɛʃ.ɪg,ɛʃʊg,ɛʃɪg,ɛʃʊg,ɛʃɪg
ɛʃ.ʊf,ɛʃ.ɪf,ɛʃʊf,ɛʃɪf,ɛʃʊf,ɛʃɪf
ɛʃ.ʊs,ɛʃ.ɪs,ɛʃʊs,ɛʃɪs,ɛʃʊs,ɛʃɪs
ɛʃ.ʊv,ɛʃ.ɪv,ɛʃʊv,ɛʃɪv,ɛʃʊv,ɛʃɪv
ɛʃ.ʊz,ɛʃ.ɪz,ɛʃʊz,ɛʃɪz,ɛʃʊz,ɛʃɪz
ɛʃ.ʊʃ,ɛʃ.ɪʃ,ɛʃʊʃ,ɛʃɪʃ,ɛʃʊʃ,ɛʃɪʃ
ɛʃ.ʊʒ,ɛʃ.ɪʒ,ɛʃʊʒ,ɛʃɪʒ,ɛʃʊʒ,ɛʃɪʒ
ɛʃ.ʊθ,ɛʃ.ɪθ,ɛʃʊθ,ɛʃɪθ,ɛʃʊθ,ɛʃɪθ
ɛʃ.ʊð,ɛʃ.ɪð,ɛʃʊð,ɛʃɪð,ɛʃʊð,ɛʃɪð
ɛʃ.ɔm,ɛʃ.ɛm,ɛʃɔm,ɛʃɛm,ɛʃɔm,ɛʃɛm
ɛʃ.ɔn,ɛʃ.ɛn,ɛʃɔn,ɛʃɛn,ɛʃɔn,ɛʃɛn
ɛʃ.ɔŋ,ɛʃ.ɛŋ,ɛʃɔŋ,ɛʃɛŋ,ɛʃɔŋ,ɛʃɛŋ
ɛʃ.ɔp,ɛʃ.ɛp,ɛʃɔp,ɛʃɛp,ɛʃɔp,ɛʃɛp
ɛʃ.ɔt,ɛʃ.ɛt,ɛʃɔt,ɛʃɛt,ɛʃɔt,ɛʃɛt
ɛʃ.ɔk,ɛʃ.ɛk,ɛʃɔk,ɛʃɛk,ɛʃɔk,ɛʃɛk
ɛʃ.ɔb,ɛʃ.ɛb,ɛʃɔb,ɛʃɛb,ɛʃɔb,ɛʃɛb
ɛʃ.ɔd,ɛʃ.ɛd,ɛʃɔd,ɛʃɛd,ɛʃɔd,ɛʃɛd
ɛʃ.ɔg,ɛʃ.ɛg,ɛʃɔg,ɛʃɛg,ɛʃɔg,ɛʃɛg
ɛʃ.ɔf,ɛʃ.ɛf,ɛʃɔf,ɛʃɛf,ɛʃɔf,ɛʃɛf
ɛʃ.ɔs,ɛʃ.ɛs,ɛʃɔs,ɛʃɛs,ɛʃɔs,ɛʃɛs
ɛʃ.ɔv,ɛʃ.ɛv,ɛʃɔv,ɛʃɛv,ɛʃɔv,ɛʃɛv
ɛʃ.ɔz,ɛʃ.ɛz,ɛʃɔz,ɛʃɛz,ɛʃɔz,ɛʃɛz
ɛʃ.ɔʃ,ɛʃ.ɛʃ,ɛʃɔʃ,ɛʃɛʃ,ɛʃɔʃ,ɛʃɛʃ
ɛʃ.ɔʒ,ɛʃ.ɛʒ,ɛʃɔʒ,ɛʃɛʒ,ɛʃɔʒ,ɛʃɛʒ
ɛʃ.ɔθ,ɛʃ.ɛθ,ɛʃɔθ,ɛʃɛθ,ɛʃɔθ,ɛʃɛθ
ɛʃ.ɔð,ɛʃ.ɛð,ɛʃɔð,ɛʃɛð,ɛʃɔð,ɛʃɛð
ɛʒ.ɪm,ɛʒ.ʊm,ɛʒɪm,ɛʒʊm,ɛʒɪm,ɛʒʊm
ɛʒ.ɪn,ɛʒ.ʊn,ɛʒɪn,ɛʒʊn,ɛʒɪn,ɛʒʊn
ɛʒ.ɪŋ,ɛʒ.ʊŋ,ɛʒɪŋ,ɛʒʊŋ,ɛʒɪŋ,ɛʒʊŋ
ɛʒ.ɪp,ɛʒ.ʊp,ɛʒɪp,ɛʒʊp,ɛʒɪp,ɛʒʊp
ɛʒ.ɪt,ɛʒ.ʊt,ɛʒɪt,ɛʒʊt,ɛʒɪt,ɛʒʊt
ɛʒ.ɪk,ɛʒ.ʊk,ɛʒɪk,ɛʒʊk,ɛʒɪk,ɛʒʊk
ɛʒ.ɪb,ɛʒ.ʊb,ɛʒɪb,ɛʒʊb,ɛʒɪb,ɛʒʊb
ɛʒ.ɪd,ɛʒ.ʊd,ɛʒɪd,ɛʒʊd,ɛʒɪd,ɛʒʊd
ɛʒ.ɪg,ɛʒ.ʊg,ɛʒɪg,ɛʒʊg,ɛʒɪg,ɛʒʊg
ɛʒ.ɪf,ɛʒ.ʊf,ɛʒɪf,ɛʒʊf,ɛʒɪf,ɛʒʊf
ɛʒ.ɪs,ɛʒ.ʊs,ɛʒɪs,ɛʒʊs,ɛʒɪs,ɛʒʊs
ɛʒ.ɪv,ɛʒ.ʊv,ɛʒɪv,ɛʒʊv,ɛʒɪv,ɛʒʊv
ɛʒ.ɪz,ɛʒ.ʊz,ɛʒɪz,ɛʒʊz,ɛʒɪz,ɛʒʊz
ɛʒ.ɪʃ,ɛʒ.ʊʃ,ɛʒɪʃ,ɛʒʊʃ,ɛʒɪʃ,ɛʒʊʃ
ɛʒ.ɪʒ,ɛʒ.ʊʒ,ɛʒɪʒ,ɛʒʊʒ,ɛʒɪʒ,ɛʒʊʒ
ɛʒ.ɪθ,ɛʒ.ʊθ,ɛʒɪθ,ɛʒʊθ,ɛʒɪθ,ɛʒʊθ
ɛʒ.ɪð,ɛʒ.ʊð,ɛʒɪð,ɛʒʊð,ɛʒɪð,ɛʒʊð
ɛʒ.ɛm,ɛʒ.ɔm,ɛʒɛm,ɛʒɔm,ɛʒɛm,ɛʒɔm
ɛʒ.ɛn,ɛʒ.ɔn,ɛʒɛn,ɛʒɔn,ɛʒɛn,ɛʒɔn
ɛʒ.ɛŋ,ɛʒ.ɔŋ,ɛʒɛŋ,ɛʒɔŋ,ɛʒɛŋ,ɛʒɔŋ
ɛʒ.ɛp,ɛʒ.ɔp,ɛʒɛp,ɛʒɔp,ɛʒɛp,ɛʒɔp
ɛʒ.ɛt,ɛʒ.ɔt,ɛʒɛt,ɛʒɔt,ɛʒɛt,ɛʒɔt
ɛʒ.ɛk,ɛʒ.ɔk,ɛʒɛk,ɛʒɔk,ɛʒɛk,ɛʒɔk
ɛʒ.ɛb,ɛʒ.ɔb,ɛʒɛb,ɛʒɔb,ɛʒɛb,ɛʒɔb
ɛʒ.ɛd,ɛʒ.ɔd,ɛʒɛd,ɛʒɔd,ɛʒɛd,ɛʒɔd
ɛʒ.ɛg,ɛʒ.ɔg,ɛʒɛg,ɛʒɔg,ɛʒɛg,ɛʒɔg
ɛʒ.ɛf,ɛʒ.ɔf,ɛʒɛf,ɛʒɔf,ɛʒɛf,ɛʒɔf
ɛʒ.ɛs,ɛʒ.ɔs,ɛʒɛs,ɛʒɔs,ɛʒɛs,ɛʒɔs
ɛʒ.ɛv,ɛʒ.ɔv,ɛʒɛv,ɛʒɔv,ɛʒɛv,ɛʒɔv
ɛʒ.ɛz,ɛʒ.ɔz,ɛʒɛz,ɛʒɔz,ɛʒɛz,ɛʒɔz
ɛʒ.ɛʃ,ɛʒ.ɔʃ,ɛʒɛʃ,ɛʒɔʃ,ɛʒɛʃ,ɛʒɔʃ
ɛʒ.ɛʒ,ɛʒ.ɔʒ,ɛʒɛʒ,ɛʒɔʒ,ɛʒɛʒ,ɛʒɔʒ
ɛʒ.ɛθ,ɛʒ.ɔθ,ɛʒɛθ,ɛʒɔθ,ɛʒɛθ,ɛʒɔθ
ɛʒ.ɛð,ɛʒ.ɔð,ɛʒɛð,ɛʒɔð,ɛʒɛð,ɛʒɔð
ɛʒ.ʊm,ɛʒ.ɪm,ɛʒʊm,ɛʒɪm,ɛʒʊm,ɛʒɪm
ɛʒ.ʊn,ɛʒ.ɪn,ɛʒʊn,ɛʒɪn,ɛʒʊn,ɛʒɪn
ɛʒ.ʊŋ,ɛʒ.ɪŋ,ɛʒʊŋ,ɛʒɪŋ,ɛʒʊŋ,ɛʒɪŋ
ɛʒ.ʊp,ɛʒ.ɪp,ɛʒʊp,ɛʒɪp,ɛʒʊp,ɛʒɪp
ɛʒ.ʊt,ɛʒ.ɪt,ɛʒʊt,ɛʒɪt,ɛʒʊt,ɛʒɪt
ɛʒ.ʊk,ɛʒ.ɪk,ɛʒʊk,ɛʒɪk,ɛʒʊk,ɛʒɪk
ɛʒ.ʊb,ɛʒ.ɪb,ɛʒʊb,ɛʒɪb,ɛʒʊb,ɛʒɪb
ɛʒ.ʊd,ɛʒ.ɪd,ɛʒʊd,ɛʒɪd,ɛʒʊd,ɛʒɪd
ɛʒ.ʊg,ɛʒ.ɪg,ɛʒʊg,ɛʒɪg,ɛʒʊg,ɛʒɪg
ɛʒ.ʊf,ɛʒ.ɪf,ɛʒʊf,ɛʒɪf,ɛʒʊf,ɛʒɪf
ɛʒ.ʊs,ɛʒ.ɪs,ɛʒʊs,ɛʒɪs,ɛʒʊs,ɛʒɪs
ɛʒ.ʊv,ɛʒ.ɪv,ɛʒʊv,ɛʒɪv,ɛʒʊv,ɛʒɪv
ɛʒ.ʊz,ɛʒ.ɪz,ɛʒʊz,ɛʒɪz,ɛʒʊz,ɛʒɪz
ɛʒ.ʊʃ,ɛʒ.ɪʃ,ɛʒʊʃ,ɛʒɪʃ,ɛʒʊʃ,ɛʒɪʃ
ɛʒ.ʊʒ,ɛʒ.ɪʒ,ɛʒʊʒ,ɛʒɪʒ,ɛʒʊʒ,ɛʒɪʒ
ɛʒ.ʊθ,ɛʒ.ɪθ,ɛʒʊθ,ɛʒɪθ,ɛʒʊθ,ɛʒɪθ
ɛʒ.ʊð,ɛʒ.ɪð,ɛʒʊð,ɛʒɪð,ɛʒʊð,ɛʒɪð
ɛʒ.ɔm,ɛʒ.ɛm,ɛʒɔm,ɛʒɛm,ɛʒɔm,ɛʒɛm
ɛʒ.ɔn,ɛʒ.ɛn,ɛʒɔn,ɛʒɛn,ɛʒɔn,ɛʒɛn
ɛʒ.ɔŋ,ɛʒ.ɛŋ,ɛʒɔŋ,ɛʒɛŋ,ɛʒɔŋ,ɛʒɛŋ
ɛʒ.ɔp,ɛʒ.ɛp,ɛʒɔp,ɛʒɛp,ɛʒɔp,ɛʒɛp
ɛʒ.ɔt,ɛʒ.ɛt,ɛʒɔt,ɛʒɛt,ɛʒɔt,ɛʒɛt
ɛʒ.ɔk,ɛʒ.ɛk,ɛʒɔk,ɛʒɛk,ɛʒɔk,ɛʒɛk
ɛʒ.ɔb,ɛʒ.ɛb,ɛʒɔb,ɛʒɛb,ɛʒɔb,ɛʒɛb
ɛʒ.ɔd,ɛʒ.ɛd,ɛʒɔd,ɛʒɛd,ɛʒɔd,ɛʒɛd
ɛʒ.ɔg,ɛʒ.ɛg,ɛʒɔg,ɛʒɛg,ɛʒɔg,ɛʒɛg
ɛʒ.ɔf,ɛʒ.ɛf,ɛʒɔf,ɛʒɛf,ɛʒɔf,ɛʒɛf
ɛʒ.ɔs,ɛʒ.ɛs,ɛʒɔs,ɛʒɛs,ɛʒɔs,ɛʒɛs
ɛʒ.ɔv,ɛʒ.ɛv,ɛʒɔv,ɛʒɛv,ɛʒɔv,ɛʒɛv
ɛʒ.ɔz,ɛʒ.ɛz,ɛʒɔz,ɛʒɛz,ɛʒɔz,ɛʒɛz
ɛʒ.ɔʃ,ɛʒ.ɛʃ,ɛʒɔʃ,ɛʒɛʃ,ɛʒɔʃ,ɛʒɛʃ
ɛʒ.ɔʒ,ɛʒ.ɛʒ,ɛʒɔʒ,ɛʒɛʒ,ɛʒɔʒ,ɛʒɛʒ
ɛʒ.ɔθ,ɛʒ.ɛθ,ɛʒɔθ,ɛʒɛθ,ɛʒɔθ,ɛʒɛθ
ɛʒ.ɔð,ɛʒ.ɛð,ɛʒɔð,ɛʒɛð,ɛʒɔð,ɛʒɛð
ɛθ.ɪm,ɛθ.ʊm,ɛθɪm,ɛθʊm,ɛθɪm,ɛθʊm
ɛθ.ɪn,ɛθ.ʊn,ɛθɪn,ɛθʊn,ɛθɪn,ɛθʊn
ɛθ.ɪŋ,ɛθ.ʊŋ,ɛθɪŋ,ɛθʊŋ,ɛθɪŋ,ɛθʊŋ
ɛθ.ɪp,ɛθ.ʊp,ɛθɪp,ɛθʊp,ɛθɪp,ɛθʊp
ɛθ.ɪt,ɛθ.ʊt,ɛθɪt,ɛθʊt,ɛθɪt,ɛθʊt
ɛθ.ɪk,ɛθ.ʊk,ɛθɪk,ɛθʊk,ɛθɪk,ɛθʊk
ɛθ.ɪb,ɛθ.ʊb,ɛθɪb,ɛθʊb,ɛθɪb,ɛθʊb
ɛθ.ɪd,ɛθ.ʊd,ɛθɪd,ɛθʊd,ɛθɪd,ɛθʊd
ɛθ.ɪg,ɛθ.ʊg,ɛθɪg,ɛθʊg,ɛθɪg,ɛθʊg
ɛθ.ɪf,ɛθ.ʊf,ɛθɪf,ɛθʊf,ɛθɪf,ɛθʊf
ɛθ.ɪs,ɛθ.ʊs,ɛθɪs,ɛθʊs,ɛθɪs,ɛθʊs
ɛθ.ɪv,ɛθ.ʊv,ɛθɪv,ɛθʊv,ɛθɪv,ɛθʊv
ɛθ.ɪz,ɛθ.ʊz,ɛθɪz,ɛθʊz,ɛθɪz,ɛθʊz
ɛθ.ɪʃ,ɛθ.ʊʃ,ɛθɪʃ,ɛθʊʃ,ɛθɪʃ,ɛθʊʃ
ɛθ.ɪʒ,ɛθ.ʊʒ,ɛθɪʒ,ɛθʊʒ,ɛθɪʒ,ɛθʊʒ
ɛθ.ɪθ,ɛθ.ʊθ,ɛθɪθ,ɛθʊθ,ɛθɪθ,ɛθʊθ
ɛθ.ɪð,ɛθ.ʊð,ɛθɪð,ɛθʊð,ɛθɪð,ɛθʊð
ɛθ.ɛm,ɛθ.ɔm,ɛθɛm,ɛθɔm,ɛθɛm,ɛθɔm
ɛθ.ɛn,ɛθ.ɔn,ɛθɛn,ɛθɔn,ɛθɛn,ɛθɔn
ɛθ.ɛŋ,ɛθ.ɔŋ,ɛθɛŋ,ɛθɔŋ,ɛθɛŋ,ɛθɔŋ
ɛθ.ɛp,ɛθ.ɔp,ɛθɛp,ɛθɔp,ɛθɛp,ɛθɔp
ɛθ.ɛt,ɛθ.ɔt,ɛθɛt,ɛθɔt,ɛθɛt,ɛθɔt
ɛθ.ɛk,ɛθ.ɔk,ɛθɛk,ɛθɔk,ɛθɛk,ɛθɔk
ɛθ.ɛb,ɛθ.ɔb,ɛθɛb,ɛθɔb,ɛθɛb,ɛθɔb
ɛθ.ɛd,ɛθ.ɔd,ɛθɛd,ɛθɔd,ɛθɛd,ɛθɔd
ɛθ.ɛg,ɛθ.ɔg,ɛθɛg,ɛθɔg,ɛθɛg,ɛθɔg
ɛθ.ɛf,ɛθ.ɔf,ɛθɛf,ɛθɔf,ɛθɛf,ɛθɔf
ɛθ.ɛs,ɛθ.ɔs,ɛθɛs,ɛθɔs,ɛθɛs,ɛθɔs
ɛθ.ɛv,ɛθ.ɔv,ɛθɛv,ɛθɔv,ɛθɛv,ɛθɔv
ɛθ.ɛz,ɛθ.ɔz,ɛθɛz,ɛθɔz,ɛθɛz,ɛθɔz
ɛθ.ɛʃ,ɛθ.ɔʃ,ɛθɛʃ,ɛθɔʃ,ɛθɛʃ,ɛθɔʃ
ɛθ.ɛʒ,ɛθ.ɔʒ,ɛθɛʒ,ɛθɔʒ,ɛθɛʒ,ɛθɔʒ
ɛθ.ɛθ,ɛθ.ɔθ,ɛθɛθ,ɛθɔθ,ɛθɛθ,ɛθɔθ
ɛθ.ɛð,ɛθ.ɔð,ɛθɛð,ɛθɔð,ɛθɛð,ɛθɔð
ɛθ.ʊm,ɛθ.ɪm,ɛθʊm,ɛθɪm,ɛθʊm,ɛθɪm
ɛθ.ʊn,ɛθ.ɪn,ɛθʊn,ɛθɪn,ɛθʊn,ɛθɪn
ɛθ.ʊŋ,ɛθ.ɪŋ,ɛθʊŋ,ɛθɪŋ,ɛθʊŋ,ɛθɪŋ
ɛθ.ʊp,ɛθ.ɪp,ɛθʊp,ɛθɪp,ɛθʊp,ɛθɪp
ɛθ.ʊt,ɛθ.ɪt,ɛθʊt,ɛθɪt,ɛθʊt,ɛθɪt
ɛθ.ʊk,ɛθ.ɪk,ɛθʊk,ɛθɪk,ɛθʊk,ɛθɪk
ɛθ.ʊb,ɛθ.ɪb,ɛθʊb,ɛθɪb,ɛθʊb,ɛθɪb
ɛθ.ʊd,ɛθ.ɪd,ɛθʊd,ɛθɪd,ɛθʊd,ɛθɪd
ɛθ.ʊg,ɛθ.ɪg,ɛθʊg,ɛθɪg,ɛθʊg,ɛθɪg
ɛθ.ʊf,ɛθ.ɪf,ɛθʊf,ɛθɪf,ɛθʊf,ɛθɪf
ɛθ.ʊs,ɛθ.ɪs,ɛθʊs,ɛθɪs,ɛθʊs,ɛθɪs
ɛθ.ʊv,ɛθ.ɪv,ɛθʊv,ɛθɪv,ɛθʊv,ɛθɪv
ɛθ.ʊz,ɛθ.ɪz,ɛθʊz,ɛθɪz,ɛθʊz,ɛθɪz
ɛθ.ʊʃ,ɛθ.ɪʃ,ɛθʊʃ,ɛθɪʃ,ɛθʊʃ,ɛθɪʃ
ɛθ.ʊʒ,ɛθ.ɪʒ,ɛθʊʒ,ɛθɪʒ,ɛθʊʒ,ɛθɪʒ
ɛθ.ʊθ,ɛθ.ɪθ,ɛθʊθ,ɛθɪθ,ɛθʊθ,ɛθɪθ
ɛθ.ʊð,ɛθ.ɪð,ɛθʊð,ɛθɪð,ɛθʊð,ɛθɪð
ɛθ.ɔm,ɛθ.ɛm,ɛθɔm,ɛθɛm,ɛθɔm,ɛθɛm
ɛθ.ɔn,ɛθ.ɛn,ɛθɔn,ɛθɛn,ɛθɔn,ɛθɛn
ɛθ.ɔŋ,ɛθ.ɛŋ,ɛθɔŋ,ɛθɛŋ,ɛθɔŋ,ɛθɛŋ
ɛθ.ɔp,ɛθ.ɛp,ɛθɔp,ɛθɛp,ɛθɔp,ɛθɛp
ɛθ.ɔt,ɛθ.ɛt,ɛθɔt,ɛθɛt,ɛθɔt,ɛθɛt
ɛθ.ɔk,ɛθ.ɛk,ɛθɔk,ɛθɛk,ɛθɔk,ɛθɛk
ɛθ.ɔb,ɛθ.ɛb,ɛθɔb,ɛθɛb,ɛθɔb,ɛθɛb
ɛθ.ɔd,ɛθ.ɛd,ɛθɔd,ɛθɛd,ɛθɔd,ɛθɛd
ɛθ.ɔg,ɛθ.ɛg,ɛθɔg,ɛθɛg,ɛθɔg,ɛθɛg
ɛθ.ɔf,ɛθ.ɛf,ɛθɔf,ɛθɛf,ɛθɔf,ɛθɛf
ɛθ.ɔs,ɛθ.ɛs,ɛθɔs,ɛθɛs,ɛθɔs,ɛθɛs
ɛθ.ɔv,ɛθ.ɛv,ɛθɔv,ɛθɛv,ɛθɔv,ɛθɛv
ɛθ.ɔz,ɛθ.ɛz,ɛθɔz,ɛθɛz,ɛθɔz,ɛθɛz
ɛθ.ɔʃ,ɛθ.ɛʃ,ɛθɔʃ,ɛθɛʃ,ɛθɔʃ,ɛθɛʃ
ɛθ.ɔʒ,ɛθ.ɛʒ,ɛθɔʒ,ɛθɛʒ,ɛθɔʒ,ɛθɛʒ
ɛθ.ɔθ,ɛθ.ɛθ,ɛθɔθ,ɛθɛθ,ɛθɔθ,ɛθɛθ
ɛθ.ɔð,ɛθ.ɛð,ɛθɔð,ɛθɛð,ɛθɔð,ɛθɛð
ɛð.ɪm,ɛð.ʊm,ɛðɪm,ɛðʊm,ɛðɪm,ɛðʊm
ɛð.ɪn,ɛð.ʊn,ɛðɪn,ɛðʊn,ɛðɪn,ɛðʊn
ɛð.ɪŋ,ɛð.ʊŋ,ɛðɪŋ,ɛðʊŋ,ɛðɪŋ,ɛðʊŋ
ɛð.ɪp,ɛð.ʊp,ɛðɪp,ɛðʊp,ɛðɪp,ɛðʊp
ɛð.ɪt,ɛð.ʊt,ɛðɪt,ɛðʊt,ɛðɪt,ɛðʊt
ɛð.ɪk,ɛð.ʊk,ɛðɪk,ɛðʊk,ɛðɪk,ɛðʊk
ɛð.ɪb,ɛð.ʊb,ɛðɪb,ɛðʊb,ɛðɪb,ɛðʊb
ɛð.ɪd,ɛð.ʊd,ɛðɪd,ɛðʊd,ɛðɪd,ɛðʊd
ɛð.ɪg,ɛð.ʊg,ɛðɪg,ɛðʊg,ɛðɪg,ɛðʊg
ɛð.ɪf,ɛð.ʊf,ɛðɪf,ɛðʊf,ɛðɪf,ɛðʊf
ɛð.ɪs,ɛð.ʊs,ɛðɪs,ɛðʊs,ɛðɪs,ɛðʊs
ɛð.ɪv,ɛð.ʊv,ɛðɪv,ɛðʊv,ɛðɪv,ɛðʊv
ɛð.ɪz,ɛð.ʊz,ɛðɪz,ɛðʊz,ɛðɪz,ɛðʊz
ɛð.ɪʃ,ɛð.ʊʃ,ɛðɪʃ,ɛðʊʃ,ɛðɪʃ,ɛðʊʃ
ɛð.ɪʒ,ɛð.ʊʒ,ɛðɪʒ,ɛðʊʒ,ɛðɪʒ,ɛðʊʒ
ɛð.ɪθ,ɛð.ʊθ,ɛðɪθ,ɛðʊθ,ɛðɪθ,ɛðʊθ
ɛð.ɪð,ɛð.ʊð,ɛðɪð,ɛðʊð,ɛðɪð,ɛðʊð
ɛð.ɛm,ɛð.ɔm,ɛðɛm,ɛðɔm,ɛðɛm,ɛðɔm
ɛð.ɛn,ɛð.ɔn,ɛðɛn,ɛðɔn,ɛðɛn,ɛðɔn
ɛð.ɛŋ,ɛð.ɔŋ,ɛðɛŋ,ɛðɔŋ,ɛðɛŋ,ɛðɔŋ
ɛð.ɛp,ɛð.ɔp,ɛðɛp,ɛðɔp,ɛðɛp,ɛðɔp
ɛð.ɛt,ɛð.ɔt,ɛðɛt,ɛðɔt,ɛðɛt,ɛðɔt
ɛð.ɛk,ɛð.ɔk,ɛðɛk,ɛðɔk,ɛðɛk,ɛðɔk
ɛð.ɛb,ɛð.ɔb,ɛðɛb,ɛðɔb,ɛðɛb,ɛðɔb
ɛð.ɛd,ɛð.ɔd,ɛðɛd,ɛðɔd,ɛðɛd,ɛðɔd
ɛð.ɛg,ɛð.ɔg,ɛðɛg,ɛðɔg,ɛðɛg,ɛðɔg
ɛð.ɛf,ɛð.ɔf,ɛðɛf,ɛðɔf,ɛðɛf,ɛðɔf
ɛð.ɛs,ɛð.ɔs,ɛðɛs,ɛðɔs,ɛðɛs,ɛðɔs
ɛð.ɛv,ɛð.ɔv,ɛðɛv,ɛðɔv,ɛðɛv,ɛðɔv
ɛð.ɛz,ɛð.ɔz,ɛðɛz,ɛðɔz,ɛðɛz,ɛðɔz
ɛð.ɛʃ,ɛð.ɔʃ,ɛðɛʃ,ɛðɔʃ,ɛðɛʃ,ɛðɔʃ
ɛð.ɛʒ,ɛð.ɔʒ,ɛðɛʒ,ɛðɔʒ,ɛðɛʒ,ɛðɔʒ
ɛð.ɛθ,ɛð.ɔθ,ɛðɛθ,ɛðɔθ,ɛðɛθ,ɛðɔθ
ɛð.ɛð,ɛð.ɔð,ɛðɛð,ɛðɔð,ɛðɛð,ɛðɔð
ɛð.ʊm,ɛð.ɪm,ɛðʊm,ɛðɪm,ɛðʊm,ɛðɪm
ɛð.ʊn,ɛð.ɪn,ɛðʊn,ɛðɪn,ɛðʊn,ɛðɪn
ɛð.ʊŋ,ɛð.ɪŋ,ɛðʊŋ,ɛðɪŋ,ɛðʊŋ,ɛðɪŋ
ɛð.ʊp,ɛð.ɪp,ɛðʊp,ɛðɪp,ɛðʊp,ɛðɪp
ɛð.ʊt,ɛð.ɪt,ɛðʊt,ɛðɪt,ɛðʊt,ɛðɪt
ɛð.ʊk,ɛð.ɪk,ɛðʊk,ɛðɪk,ɛðʊk,ɛðɪk
ɛð.ʊb,ɛð.ɪb,ɛðʊb,ɛðɪb,ɛðʊb,ɛðɪb
ɛð.ʊd,ɛð.ɪd,ɛðʊd,ɛðɪd,ɛðʊd,ɛðɪd
ɛð.ʊg,ɛð.ɪg,ɛðʊg,ɛðɪg,ɛðʊg,ɛðɪg
ɛð.ʊf,ɛð.ɪf,ɛðʊf,ɛðɪf,ɛðʊf,ɛðɪf
ɛð.ʊs,ɛð.ɪs,ɛðʊs,ɛðɪs,ɛðʊs,ɛðɪs
ɛð.ʊv,ɛð.ɪv,ɛðʊv,ɛðɪv,ɛðʊv,ɛðɪv
ɛð.ʊz,ɛð.ɪz,ɛðʊz,ɛðɪz,ɛðʊz,ɛðɪz
ɛð.ʊʃ,ɛð.ɪʃ,ɛðʊʃ,ɛðɪʃ,ɛðʊʃ,ɛðɪʃ
ɛð.ʊʒ,ɛð.ɪʒ,ɛðʊʒ,ɛðɪʒ,ɛðʊʒ,ɛðɪʒ
ɛð.ʊθ,ɛð.ɪθ,ɛðʊθ,ɛðɪθ,ɛðʊθ,ɛðɪθ
ɛð.ʊð,ɛð.ɪð,ɛðʊð,ɛðɪð,ɛðʊð,ɛðɪð
ɛð.ɔm,ɛð.ɛm,ɛðɔm,ɛðɛm,ɛðɔm,ɛðɛm
ɛð.ɔn,ɛð.ɛn,ɛðɔn,ɛðɛn,ɛðɔn,ɛðɛn
ɛð.ɔŋ,ɛð.ɛŋ,ɛðɔŋ,ɛðɛŋ,ɛðɔŋ,ɛðɛŋ
ɛð.ɔp,ɛð.ɛp,ɛðɔp,ɛðɛp,ɛðɔp,ɛðɛp
ɛð.ɔt,ɛð.ɛt,ɛðɔt,ɛðɛt,ɛðɔt,ɛðɛt
ɛð.ɔk,ɛð.ɛk,ɛðɔk,ɛðɛk,ɛðɔk,ɛðɛk
ɛð.ɔb,ɛð.ɛb,ɛðɔb,ɛðɛb,ɛðɔb,ɛðɛb
ɛð.ɔd,ɛð.ɛd,ɛðɔd,ɛðɛd,ɛðɔd,ɛðɛd
ɛð.ɔg,ɛð.ɛg,ɛðɔg,ɛðɛg,ɛðɔg,ɛðɛg
ɛð.ɔf,ɛð.ɛf,ɛðɔf,ɛðɛf,ɛðɔf,ɛðɛf
ɛð.ɔs,ɛð.ɛs,ɛðɔs,ɛðɛs,ɛðɔs,ɛðɛs
ɛð.ɔv,ɛð.ɛv,ɛðɔv,ɛðɛv,ɛðɔv,ɛðɛv
ɛð.ɔz,ɛð.ɛz,ɛðɔz,ɛðɛz,ɛðɔz,ɛðɛz
ɛð.ɔʃ,ɛð.ɛʃ,ɛðɔʃ,ɛðɛʃ,ɛðɔʃ,ɛðɛʃ
ɛð.ɔʒ,ɛð.ɛʒ,ɛðɔʒ,ɛðɛʒ,ɛðɔʒ,ɛðɛʒ
ɛð.ɔθ,ɛð.ɛθ,ɛðɔθ,ɛðɛθ,ɛðɔθ,ɛðɛθ
ɛð.ɔð,ɛð.ɛð,ɛðɔð,ɛðɛð,ɛðɔð,ɛðɛð
ʊm.ɪm,ʊm.ʊm,ʊmɪm,ʊmʊm,ʊmɪm,ʊmʊm
ʊm.ɪn,ʊm.ʊn,ʊmɪn,ʊmʊn,ʊmɪn,ʊmʊn
ʊm.ɪŋ,ʊm.ʊŋ,ʊmɪŋ,ʊmʊŋ,ʊmɪŋ,ʊmʊŋ
ʊm.ɪp,ʊm.ʊp,ʊmɪp,ʊmʊp,ʊmɪp,ʊmʊp
ʊm.ɪt,ʊm.ʊt,ʊmɪt,ʊmʊt,ʊmɪt,ʊmʊt
ʊm.ɪk,ʊm.ʊk,ʊmɪk,ʊmʊk,ʊmɪk,ʊmʊk
ʊm.ɪb,ʊm.ʊb,ʊmɪb,ʊmʊb,ʊmɪb,ʊmʊb
ʊm.ɪd,ʊm.ʊd,ʊmɪd,ʊmʊd,ʊmɪd,ʊmʊd
ʊm.ɪg,ʊm.ʊg,ʊmɪg,ʊmʊg,ʊmɪg,ʊmʊg
ʊm.ɪf,ʊm.ʊf,ʊmɪf,ʊmʊf,ʊmɪf,ʊmʊf
ʊm.ɪs,ʊm.ʊs,ʊmɪs,ʊmʊs,ʊmɪs,ʊmʊs
ʊm.ɪv,ʊm.ʊv,ʊmɪv,ʊmʊv,ʊmɪv,ʊmʊv
ʊm.ɪz,ʊm.ʊz,ʊmɪz,ʊmʊz,ʊmɪz,ʊmʊz
ʊm.ɪʃ,ʊm.ʊʃ,ʊmɪʃ,ʊmʊʃ,ʊmɪʃ,ʊmʊʃ
ʊm.ɪʒ,ʊm.ʊʒ,ʊmɪʒ,ʊmʊʒ,ʊmɪʒ,ʊmʊʒ
ʊm.ɪθ,ʊm.ʊθ,ʊmɪθ,ʊmʊθ,ʊmɪθ,ʊmʊθ
ʊm.ɪð,ʊm.ʊð,ʊmɪð,ʊmʊð,ʊmɪð,ʊmʊð
ʊm.ɛm,ʊm.ɔm,ʊmɛm,ʊmɔm,ʊmɛm,ʊmɔm
ʊm.ɛn,ʊm.ɔn,ʊmɛn,ʊmɔn,ʊmɛn,ʊmɔn
ʊm.ɛŋ,ʊm.ɔŋ,ʊmɛŋ,ʊmɔŋ,ʊmɛŋ,ʊmɔŋ
ʊm.ɛp,ʊm.ɔp,ʊmɛp,ʊmɔp,ʊmɛp,ʊmɔp
ʊm.ɛt,ʊm.ɔt,ʊmɛt,ʊmɔt,ʊmɛt,ʊmɔt
ʊm.ɛk,ʊm.ɔk,ʊmɛk,ʊmɔk,ʊmɛk,ʊmɔk
ʊm.ɛb,ʊm.ɔb,ʊmɛb,ʊmɔb,ʊmɛb,ʊmɔb
ʊm.ɛd,ʊm.ɔd,ʊmɛd,ʊmɔd,ʊmɛd,ʊmɔd
ʊm.ɛg,ʊm.ɔg,ʊmɛg,ʊmɔg,ʊmɛg,ʊmɔg
ʊm.ɛf,ʊm.ɔf,ʊmɛf,ʊmɔf,ʊmɛf,ʊmɔf
ʊm.ɛs,ʊm.ɔs,ʊmɛs,ʊmɔs,ʊmɛs,ʊmɔs
ʊm.ɛv,ʊm.ɔv,ʊmɛv,ʊmɔv,ʊmɛv,ʊmɔv
ʊm.ɛz,ʊm.ɔz,ʊmɛz,ʊmɔz,ʊmɛz,ʊmɔz
ʊm.ɛʃ,ʊm.ɔʃ,ʊmɛʃ,ʊmɔʃ,ʊmɛʃ,ʊmɔʃ
ʊm.ɛʒ,ʊm.ɔʒ,ʊmɛʒ,ʊmɔʒ,ʊmɛʒ,ʊmɔʒ
ʊm.ɛθ,ʊm.ɔθ,ʊmɛθ,ʊmɔθ,ʊmɛθ,ʊmɔθ
ʊm.ɛð,ʊm.ɔð,ʊmɛð,ʊmɔð,ʊmɛð,ʊmɔð
ʊm.ʊm,ʊm.ɪm,ʊmʊm,ʊmɪm,ʊmʊm,ʊmɪm
ʊm.ʊn,ʊm.ɪn,ʊmʊn,ʊmɪn,ʊmʊn,ʊmɪn
ʊm.ʊŋ,ʊm.ɪŋ,ʊmʊŋ,ʊmɪŋ,ʊmʊŋ,ʊmɪŋ
ʊm.ʊp,ʊm.ɪp,ʊmʊp,ʊmɪp,ʊmʊp,ʊmɪp
ʊm.ʊt,ʊm.ɪt,ʊmʊt,ʊmɪt,ʊmʊt,ʊmɪt
ʊm.ʊk,ʊm.ɪk,ʊmʊk,ʊmɪk,ʊmʊk,ʊmɪk
ʊm.ʊb,ʊm.ɪb,ʊmʊb,ʊmɪb,ʊmʊb,ʊmɪb
ʊm.ʊd,ʊm.ɪd,ʊmʊd,ʊmɪd,ʊmʊd,ʊmɪd
ʊm.ʊg,ʊm.ɪg,ʊmʊg,ʊmɪg,ʊmʊg,ʊmɪg
ʊm.ʊf,ʊm.ɪf,ʊmʊf,ʊmɪf,ʊmʊf,ʊmɪf
ʊm.ʊs,ʊm.ɪs,ʊmʊs,ʊmɪs,ʊmʊs,ʊmɪs
ʊm.ʊv,ʊm.ɪv,ʊmʊv,ʊmɪv,ʊmʊv,ʊmɪv
ʊm.ʊz,ʊm.ɪz,ʊmʊz,ʊmɪz,ʊmʊz,ʊmɪz
ʊm.ʊʃ,ʊm.ɪʃ,ʊmʊʃ,ʊmɪʃ,ʊmʊʃ,ʊmɪʃ
ʊm.ʊʒ,ʊm.ɪʒ,ʊmʊʒ,ʊmɪʒ,ʊmʊʒ,ʊmɪʒ
ʊm.ʊθ,ʊm.ɪθ,ʊmʊθ,ʊmɪθ,ʊmʊθ,ʊmɪθ
ʊm.ʊð,ʊm.ɪð,ʊmʊð,ʊmɪð,ʊmʊð,ʊmɪð
ʊm.ɔm,ʊm.ɛm,ʊmɔm,ʊmɛm,ʊmɔm,ʊmɛm
ʊm.ɔn,ʊm.ɛn,ʊmɔn,ʊmɛn,ʊmɔn,ʊmɛn
ʊm.ɔŋ,ʊm.ɛŋ,ʊmɔŋ,ʊmɛŋ,ʊmɔŋ,ʊmɛŋ
ʊm.ɔp,ʊm.ɛp,ʊmɔp,ʊmɛp,ʊmɔp,ʊmɛp
ʊm.ɔt,ʊm.ɛt,ʊmɔt,ʊmɛt,ʊmɔt,ʊmɛt
ʊm.ɔk,ʊm.ɛk,ʊmɔk,ʊmɛk,ʊmɔk,ʊmɛk
ʊm.ɔb,ʊm.ɛb,ʊmɔb,ʊmɛb,ʊmɔb,ʊmɛb
ʊm.ɔd,ʊm.ɛd,ʊmɔd,ʊmɛd,ʊmɔd,ʊmɛd
ʊm.ɔg,ʊm.ɛg,ʊmɔg,ʊmɛg,ʊmɔg,ʊmɛg
ʊm.ɔf,ʊm.ɛf,ʊmɔf,ʊmɛf,ʊmɔf,ʊmɛf
ʊm.ɔs,ʊm.ɛs,ʊmɔs,ʊmɛs,ʊmɔs,ʊmɛs
ʊm.ɔv,ʊm.ɛv,ʊmɔv,ʊmɛv,ʊmɔv,ʊmɛv
ʊm.ɔz,ʊm.ɛz,ʊmɔz,ʊmɛz,ʊmɔz,ʊmɛz
ʊm.ɔʃ,ʊm.ɛʃ,ʊmɔʃ,ʊmɛʃ,ʊmɔʃ,ʊmɛʃ
ʊm.ɔʒ,ʊm.ɛʒ,ʊmɔʒ,ʊmɛʒ,ʊmɔʒ,ʊmɛʒ
ʊm.ɔθ,ʊm.ɛθ,ʊmɔθ,ʊmɛθ,ʊmɔθ,ʊmɛθ
ʊm.ɔð,ʊm.ɛð,ʊmɔð,ʊmɛð,ʊmɔð,ʊmɛð
ʊn.ɪm,ʊn.ʊm,ʊnɪm,ʊnʊm,ʊnɪm,ʊnʊm
ʊn.ɪn,ʊn.ʊn,ʊnɪn,ʊnʊn,ʊnɪn,ʊnʊn
ʊn.ɪŋ,ʊn.ʊŋ,ʊnɪŋ,ʊnʊŋ,ʊnɪŋ,ʊnʊŋ
ʊn.ɪp,ʊn.ʊp,ʊnɪp,ʊnʊp,ʊnɪp,ʊnʊp
ʊn.ɪt,ʊn.ʊt,ʊnɪt,ʊnʊt,ʊnɪt,ʊnʊt
ʊn.ɪk,ʊn.ʊk,ʊnɪk,ʊnʊk,ʊnɪk,ʊnʊk
ʊn.ɪb,ʊn.ʊb,ʊnɪb,ʊnʊb,ʊnɪb,ʊnʊb
ʊn.ɪd,ʊn.ʊd,ʊnɪd,ʊnʊd,ʊnɪd,ʊnʊd
ʊn.ɪg,ʊn.ʊg,ʊnɪg,ʊnʊg,ʊnɪg,ʊnʊg
ʊn.ɪf,ʊn.ʊf,ʊnɪf,ʊnʊf,ʊnɪf,ʊnʊf
ʊn.ɪs,ʊn.ʊs,ʊnɪs,ʊnʊs,ʊnɪs,ʊnʊs
ʊn.ɪv,ʊn.ʊv,ʊnɪv,ʊnʊv,ʊnɪv,ʊnʊv
ʊn.ɪz,ʊn.ʊz,ʊnɪz,ʊnʊz,ʊnɪz,ʊnʊz
ʊn.ɪʃ,ʊn.ʊʃ,ʊnɪʃ,ʊnʊʃ,ʊnɪʃ,ʊnʊʃ
ʊn.ɪʒ,ʊn.ʊʒ,ʊnɪʒ,ʊnʊʒ,ʊnɪʒ,ʊnʊʒ
ʊn.ɪθ,ʊn.ʊθ,ʊnɪθ,ʊnʊθ,ʊnɪθ,ʊnʊθ
ʊn.ɪð,ʊn.ʊð,ʊnɪð,ʊnʊð,ʊnɪð,ʊnʊð
ʊn.ɛm,ʊn.ɔm,ʊnɛm,ʊnɔm,ʊnɛm,ʊnɔm
ʊn.ɛn,ʊn.ɔn,ʊnɛn,ʊnɔn,ʊnɛn,ʊnɔn
ʊn.ɛŋ,ʊn.ɔŋ,ʊnɛŋ,ʊnɔŋ,ʊnɛŋ,ʊnɔŋ
ʊn.ɛp,ʊn.ɔp,ʊnɛp,ʊnɔp,ʊnɛp,ʊnɔp
ʊn.ɛt,ʊn.ɔt,ʊnɛt,ʊnɔt,ʊnɛt,ʊnɔt
ʊn.ɛk,ʊn.ɔk,ʊnɛk,ʊnɔk,ʊnɛk,ʊnɔk
ʊn.ɛb,ʊn.ɔb,ʊnɛb,ʊnɔb,ʊnɛb,ʊnɔb
ʊn.ɛd,ʊn.ɔd,ʊnɛd,ʊnɔd,ʊnɛd,ʊnɔd
ʊn.ɛg,ʊn.ɔg,ʊnɛg,ʊnɔg,ʊnɛg,ʊnɔg
ʊn.ɛf,ʊn.ɔf,ʊnɛf,ʊnɔf,ʊnɛf,ʊnɔf
ʊn.ɛs,ʊn.ɔs,ʊnɛs,ʊnɔs,ʊnɛs,ʊnɔs
ʊn.ɛv,ʊn.ɔv,ʊnɛv,ʊnɔv,ʊnɛv,ʊnɔv
ʊn.ɛz,ʊn.ɔz,ʊnɛz,ʊnɔz,ʊnɛz,ʊnɔz
ʊn.ɛʃ,ʊn.ɔʃ,ʊnɛʃ,ʊnɔʃ,ʊnɛʃ,ʊnɔʃ
ʊn.ɛʒ,ʊn.ɔʒ,ʊnɛʒ,ʊnɔʒ,ʊnɛʒ,ʊnɔʒ
ʊn.ɛθ,ʊn.ɔθ,ʊnɛθ,ʊnɔθ,ʊnɛθ,ʊnɔθ
ʊn.ɛð,ʊn.ɔð,ʊnɛð,ʊnɔð,ʊnɛð,ʊnɔð
ʊn.ʊm,ʊn.ɪm,ʊnʊm,ʊnɪm,ʊnʊm,ʊnɪm
ʊn.ʊn,ʊn.ɪn,ʊnʊn,ʊnɪn,ʊnʊn,ʊnɪn
ʊn.ʊŋ,ʊn.ɪŋ,ʊnʊŋ,ʊnɪŋ,ʊnʊŋ,ʊnɪŋ
ʊn.ʊp,ʊn.ɪp,ʊnʊp,ʊnɪp,ʊnʊp,ʊnɪp
ʊn.ʊt,ʊn.ɪt,ʊnʊt,ʊnɪt,ʊnʊt,ʊnɪt
ʊn.ʊk,ʊn.ɪk,ʊnʊk,ʊnɪk,ʊnʊk,ʊnɪk
ʊn.ʊb,ʊn.ɪb,ʊnʊb,ʊnɪb,ʊnʊb,ʊnɪb
ʊn.ʊd,ʊn.ɪd,ʊnʊd,ʊnɪd,ʊnʊd,ʊnɪd
ʊn.ʊg,ʊn.ɪg,ʊnʊg,ʊnɪg,ʊnʊg,ʊnɪg
ʊn.ʊf,ʊn.ɪf,ʊnʊf,ʊnɪf,ʊnʊf,ʊnɪf
ʊn.ʊs,ʊn.ɪs,ʊnʊs,ʊnɪs,ʊnʊs,ʊnɪs
ʊn.ʊv,ʊn.ɪv,ʊnʊv,ʊnɪv,ʊnʊv,ʊnɪv
ʊn.ʊz,ʊn.ɪz,ʊnʊz,ʊnɪz,ʊnʊz,ʊnɪz
ʊn.ʊʃ,ʊn.ɪʃ,ʊnʊʃ,ʊnɪʃ,ʊnʊʃ,ʊnɪʃ
ʊn.ʊʒ,ʊn.ɪʒ,ʊnʊʒ,ʊnɪʒ,ʊnʊʒ,ʊnɪʒ
ʊn.ʊθ,ʊn.ɪθ,ʊnʊθ,ʊnɪθ,ʊnʊθ,ʊnɪθ
ʊn.ʊð,ʊn.ɪð,ʊnʊð,ʊnɪð,ʊnʊð,ʊnɪð
ʊn.ɔm,ʊn.ɛm,ʊnɔm,ʊnɛm,ʊnɔm,ʊnɛm
ʊn.ɔn,ʊn.ɛn,ʊnɔn,ʊnɛn,ʊnɔn,ʊnɛn
ʊn.ɔŋ,ʊn.ɛŋ,ʊnɔŋ,ʊnɛŋ,ʊnɔŋ,ʊnɛŋ
ʊn.ɔp,ʊn.ɛp,ʊnɔp,ʊnɛp,ʊnɔp,ʊnɛp
ʊn.ɔt,ʊn.ɛt,ʊnɔt,ʊnɛt,ʊnɔt,ʊnɛt
ʊn.ɔk,ʊn.ɛk,ʊnɔk,ʊnɛk,ʊnɔk,ʊnɛk
ʊn.ɔb,ʊn.ɛb,ʊnɔb,ʊnɛb,ʊnɔb,ʊnɛb
ʊn.ɔd,ʊn.ɛd,ʊnɔd,ʊnɛd,ʊnɔd,ʊnɛd
ʊn.ɔg,ʊn.ɛg,ʊnɔg,ʊnɛg,ʊnɔg,ʊnɛg
ʊn.ɔf,ʊn.ɛf,ʊnɔf,ʊnɛf,ʊnɔf,ʊnɛf
ʊn.ɔs,ʊn.ɛs,ʊnɔs,ʊnɛs,ʊnɔs,ʊnɛs
ʊn.ɔv,ʊn.ɛv,ʊnɔv,ʊnɛv,ʊnɔv,ʊnɛv
ʊn.ɔz,ʊn.ɛz,ʊnɔz,ʊnɛz,ʊnɔz,ʊnɛz
ʊn.ɔʃ,ʊn.ɛʃ,ʊnɔʃ,ʊnɛʃ,ʊnɔʃ,ʊnɛʃ
ʊn.ɔʒ,ʊn.ɛʒ,ʊnɔʒ,ʊnɛʒ,ʊnɔʒ,ʊnɛʒ
ʊn.ɔθ,ʊn.ɛθ,ʊnɔθ,ʊnɛθ,ʊnɔθ,ʊnɛθ
ʊn.ɔð,ʊn.ɛð,ʊnɔð,ʊnɛð,ʊnɔð,ʊnɛð
ʊŋ.ɪm,ʊŋ.ʊm,ʊŋɪm,ʊŋʊm,ʊŋɪm,ʊŋʊm
ʊŋ.ɪn,ʊŋ.ʊn,ʊŋɪn,ʊŋʊn,ʊŋɪn,ʊŋʊn
ʊŋ.ɪŋ,ʊŋ.ʊŋ,ʊŋɪŋ,ʊŋʊŋ,ʊŋɪŋ,ʊŋʊŋ
ʊŋ.ɪp,ʊŋ.ʊp,ʊŋɪp,ʊŋʊp,ʊŋɪp,ʊŋʊp
ʊŋ.ɪt,ʊŋ.ʊt,ʊŋɪt,ʊŋʊt,ʊŋɪt,ʊŋʊt
ʊŋ.ɪk,ʊŋ.ʊk,ʊŋɪk,ʊŋʊk,ʊŋɪk,ʊŋʊk
ʊŋ.ɪb,ʊŋ.ʊb,ʊŋɪb,ʊŋʊb,ʊŋɪb,ʊŋʊb
ʊŋ.ɪd,ʊŋ.ʊd,ʊŋɪd,ʊŋʊd,ʊŋɪd,ʊŋʊd
ʊŋ.ɪg,ʊŋ.ʊg,ʊŋɪg,ʊŋʊg,ʊŋɪg,ʊŋʊg
ʊŋ.ɪf,ʊŋ.ʊf,ʊŋɪf,ʊŋʊf,ʊŋɪf,ʊŋʊf
ʊŋ.ɪs,ʊŋ.ʊs,ʊŋɪs,ʊŋʊs,ʊŋɪs,ʊŋʊs
ʊŋ.ɪv,ʊŋ.ʊv,ʊŋɪv,ʊŋʊv,ʊŋɪv,ʊŋʊv
ʊŋ.ɪz,ʊŋ.ʊz,ʊŋɪz,ʊŋʊz,ʊŋɪz,ʊŋʊz
ʊŋ.ɪʃ,ʊŋ.ʊʃ,ʊŋɪʃ,ʊŋʊʃ,ʊŋɪʃ,ʊŋʊʃ
ʊŋ.ɪʒ,ʊŋ.ʊʒ,ʊŋɪʒ,ʊŋʊʒ,ʊŋɪʒ,ʊŋʊʒ
ʊŋ.ɪθ,ʊŋ.ʊθ,ʊŋɪθ,ʊŋʊθ,ʊŋɪθ,ʊŋʊθ
ʊŋ.ɪð,ʊŋ.ʊð,ʊŋɪð,ʊŋʊð,ʊŋɪð,ʊŋʊð
ʊŋ.ɛm,ʊŋ.ɔm,ʊŋɛm,ʊŋɔm,ʊŋɛm,ʊŋɔm
ʊŋ.ɛn,ʊŋ.ɔn,ʊŋɛn,ʊŋɔn,ʊŋɛn,ʊŋɔn
ʊŋ.ɛŋ,ʊŋ.ɔŋ,ʊŋɛŋ,ʊŋɔŋ,ʊŋɛŋ,ʊŋɔŋ
ʊŋ.ɛp,ʊŋ.ɔp,ʊŋɛp,ʊŋɔp,ʊŋɛp,ʊŋɔp
ʊŋ.ɛt,ʊŋ.ɔt,ʊŋɛt,ʊŋɔt,ʊŋɛt,ʊŋɔt
ʊŋ.ɛk,ʊŋ.ɔk,ʊŋɛk,ʊŋɔk,ʊŋɛk,ʊŋɔk
ʊŋ.ɛb,ʊŋ.ɔb,ʊŋɛb,ʊŋɔb,ʊŋɛb,ʊŋɔb
ʊŋ.ɛd,ʊŋ.ɔd,ʊŋɛd,ʊŋɔd,ʊŋɛd,ʊŋɔd
ʊŋ.ɛg,ʊŋ.ɔg,ʊŋɛg,ʊŋɔg,ʊŋɛg,ʊŋɔg
ʊŋ.ɛf,ʊŋ.ɔf,ʊŋɛf,ʊŋɔf,ʊŋɛf,ʊŋɔf
ʊŋ.ɛs,ʊŋ.ɔs,ʊŋɛs,ʊŋɔs,ʊŋɛs,ʊŋɔs
ʊŋ.ɛv,ʊŋ.ɔv,ʊŋɛv,ʊŋɔv,ʊŋɛv,ʊŋɔv
ʊŋ.ɛz,ʊŋ.ɔz,ʊŋɛz,ʊŋɔz,ʊŋɛz,ʊŋɔz
ʊŋ.ɛʃ,ʊŋ.ɔʃ,ʊŋɛʃ,ʊŋɔʃ,ʊŋɛʃ,ʊŋɔʃ
ʊŋ.ɛʒ,ʊŋ.ɔʒ,ʊŋɛʒ,ʊŋɔʒ,ʊŋɛʒ,ʊŋɔʒ
ʊŋ.ɛθ,ʊŋ.ɔθ,ʊŋɛθ,ʊŋɔθ,ʊŋɛθ,ʊŋɔθ
ʊŋ.ɛð,ʊŋ.ɔð,ʊŋɛð,ʊŋɔð,ʊŋɛð,ʊŋɔð
ʊŋ.ʊm,ʊŋ.ɪm,ʊŋʊm,ʊŋɪm,ʊŋʊm,ʊŋɪm
ʊŋ.ʊn,ʊŋ.ɪn,ʊŋʊn,ʊŋɪn,ʊŋʊn,ʊŋɪn
ʊŋ.ʊŋ,ʊŋ.ɪŋ,ʊŋʊŋ,ʊŋɪŋ,ʊŋʊŋ,ʊŋɪŋ
ʊŋ.ʊp,ʊŋ.ɪp,ʊŋʊp,ʊŋɪp,ʊŋʊp,ʊŋɪp
ʊŋ.ʊt,ʊŋ.ɪt,ʊŋʊt,ʊŋɪt,ʊŋʊt,ʊŋɪt
ʊŋ.ʊk,ʊŋ.ɪk,ʊŋʊk,ʊŋɪk,ʊŋʊk,ʊŋɪk
ʊŋ.ʊb,ʊŋ.ɪb,ʊŋʊb,ʊŋɪb,ʊŋʊb,ʊŋɪb
ʊŋ.ʊd,ʊŋ.ɪd,ʊŋʊd,ʊŋɪd,ʊŋʊd,ʊŋɪd
ʊŋ.ʊg,ʊŋ.ɪg,ʊŋʊg,ʊŋɪg,ʊŋʊg,ʊŋɪg
ʊŋ.ʊf,ʊŋ.ɪf,ʊŋʊf,ʊŋɪf,ʊŋʊf,ʊŋɪf
ʊŋ.ʊs,ʊŋ.ɪs,ʊŋʊs,ʊŋɪs,ʊŋʊs,ʊŋɪs
ʊŋ.ʊv,ʊŋ.ɪv,ʊŋʊv,ʊŋɪv,ʊŋʊv,ʊŋɪv
ʊŋ.ʊz,ʊŋ.ɪz,ʊŋʊz,ʊŋɪz,ʊŋʊz,ʊŋɪz
ʊŋ.ʊʃ,ʊŋ.ɪʃ,ʊŋʊʃ,ʊŋɪʃ,ʊŋʊʃ,ʊŋɪʃ
ʊŋ.ʊʒ,ʊŋ.ɪʒ,ʊŋʊʒ,ʊŋɪʒ,ʊŋʊʒ,ʊŋɪʒ
ʊŋ.ʊθ,ʊŋ.ɪθ,ʊŋʊθ,ʊŋɪθ,ʊŋʊθ,ʊŋɪθ
ʊŋ.ʊð,ʊŋ.ɪð,ʊŋʊð,ʊŋɪð,ʊŋʊð,ʊŋɪð
ʊŋ.ɔm,ʊŋ.ɛm,ʊŋɔm,ʊŋɛm,ʊŋɔm,ʊŋɛm
ʊŋ.ɔn,ʊŋ.ɛn,ʊŋɔn,ʊŋɛn,ʊŋɔn,ʊŋɛn
ʊŋ.ɔŋ,ʊŋ.ɛŋ,ʊŋɔŋ,ʊŋɛŋ,ʊŋɔŋ,ʊŋɛŋ
ʊŋ.ɔp,ʊŋ.ɛp,ʊŋɔp,ʊŋɛp,ʊŋɔp,ʊŋɛp
ʊŋ.ɔt,ʊŋ.ɛt,ʊŋɔt,ʊŋɛt,ʊŋɔt,ʊŋɛt
ʊŋ.ɔk,ʊŋ.ɛk,ʊŋɔk,ʊŋɛk,ʊŋɔk,ʊŋɛk
ʊŋ.ɔb,ʊŋ.ɛb,ʊŋɔb,ʊŋɛb,ʊŋɔb,ʊŋɛb
ʊŋ.ɔd,ʊŋ.ɛd,ʊŋɔd,ʊŋɛd,ʊŋɔd,ʊŋɛd
ʊŋ.ɔg,ʊŋ.ɛg,ʊŋɔg,ʊŋɛg,ʊŋɔg,ʊŋɛg
ʊŋ.ɔf,ʊŋ.ɛf,ʊŋɔf,ʊŋɛf,ʊŋɔf,ʊŋɛf
ʊŋ.ɔs,ʊŋ.ɛs,ʊŋɔs,ʊŋɛs,ʊŋɔs,ʊŋɛs
ʊŋ.ɔv,ʊŋ.ɛv,ʊŋɔv,ʊŋɛv,ʊŋɔv,ʊŋɛv
ʊŋ.ɔz,ʊŋ.ɛz,ʊŋɔz,ʊŋɛz,ʊŋɔz,ʊŋɛz
ʊŋ.ɔʃ,ʊŋ.ɛʃ,ʊŋɔʃ,ʊŋɛʃ,ʊŋɔʃ,ʊŋɛʃ
ʊŋ.ɔʒ,ʊŋ.ɛʒ,ʊŋɔʒ,ʊŋɛʒ,ʊŋɔʒ,ʊŋɛʒ
ʊŋ.ɔθ,ʊŋ.ɛθ,ʊŋɔθ,ʊŋɛθ,ʊŋɔθ,ʊŋɛθ
ʊŋ.ɔð,ʊŋ.ɛð,ʊŋɔð,ʊŋɛð,ʊŋɔð,ʊŋɛð
ʊp.ɪm,ʊp.ʊm,ʊpɪm,ʊpʊm,ʊpɪm,ʊpʊm
ʊp.ɪn,ʊp.ʊn,ʊpɪn,ʊpʊn,ʊpɪn,ʊpʊn
ʊp.ɪŋ,ʊp.ʊŋ,ʊpɪŋ,ʊpʊŋ,ʊpɪŋ,ʊpʊŋ
ʊp.ɪp,ʊp.ʊp,ʊpɪp,ʊpʊp,ʊpɪp,ʊpʊp
ʊp.ɪt,ʊp.ʊt,ʊpɪt,ʊpʊt,ʊpɪt,ʊpʊt
ʊp.ɪk,ʊp.ʊk,ʊpɪk,ʊpʊk,ʊpɪk,ʊpʊk
ʊp.ɪb,ʊp.ʊb,ʊpɪb,ʊpʊb,ʊpɪb,ʊpʊb
ʊp.ɪd,ʊp.ʊd,ʊpɪd,ʊpʊd,ʊpɪd,ʊpʊd
ʊp.ɪg,ʊp.ʊg,ʊpɪg,ʊpʊg,ʊpɪg,ʊpʊg
ʊp.ɪf,ʊp.ʊf,ʊpɪf,ʊpʊf,ʊpɪf,ʊpʊf
ʊp.ɪs,ʊp.ʊs,ʊpɪs,ʊpʊs,ʊpɪs,ʊpʊs
ʊp.ɪv,ʊp.ʊv,ʊpɪv,ʊpʊv,ʊpɪv,ʊpʊv
ʊp.ɪz,ʊp.ʊz,ʊpɪz,ʊpʊz,ʊpɪz,ʊpʊz
ʊp.ɪʃ,ʊp.ʊʃ,ʊpɪʃ,ʊpʊʃ,ʊpɪʃ,ʊpʊʃ
ʊp.ɪʒ,ʊp.ʊʒ,ʊpɪʒ,ʊpʊʒ,ʊpɪʒ,ʊpʊʒ
ʊp.ɪθ,ʊp.ʊθ,ʊpɪθ,ʊpʊθ,ʊpɪθ,ʊpʊθ
ʊp.ɪð,ʊp.ʊð,ʊpɪð,ʊpʊð,ʊpɪð,ʊpʊð
ʊp.ɛm,ʊp.ɔm,ʊpɛm,ʊpɔm,ʊpɛm,ʊpɔm
ʊp.ɛn,ʊp.ɔn,ʊpɛn,ʊpɔn,ʊpɛn,ʊpɔn
ʊp.ɛŋ,ʊp.ɔŋ,ʊpɛŋ,ʊpɔŋ,ʊpɛŋ,ʊpɔŋ
ʊp.ɛp,ʊp.ɔp,ʊpɛp,ʊpɔp,ʊpɛp,ʊpɔp
ʊp.ɛt,ʊp.ɔt,ʊpɛt,ʊpɔt,ʊpɛt,ʊpɔt
ʊp.ɛk,ʊp.ɔk,ʊpɛk,ʊpɔk,ʊpɛk,ʊpɔk
ʊp.ɛb,ʊp.ɔb,ʊpɛb,ʊpɔb,ʊpɛb,ʊpɔb
ʊp.ɛd,ʊp.ɔd,ʊpɛd,ʊpɔd,ʊpɛd,ʊpɔd
ʊp.ɛg,ʊp.ɔg,ʊpɛg,ʊpɔg,ʊpɛg,ʊpɔg
ʊp.ɛf,ʊp.ɔf,ʊpɛf,ʊpɔf,ʊpɛf,ʊpɔf
ʊp.ɛs,ʊp.ɔs,ʊpɛs,ʊpɔs,ʊpɛs,ʊpɔs
ʊp.ɛv,ʊp.ɔv,ʊpɛv,ʊpɔv,ʊpɛv,ʊpɔv
ʊp.ɛz,ʊp.ɔz,ʊpɛz,ʊpɔz,ʊpɛz,ʊpɔz
ʊp.ɛʃ,ʊp.ɔʃ,ʊpɛʃ,ʊpɔʃ,ʊpɛʃ,ʊpɔʃ
ʊp.ɛʒ,ʊp.ɔʒ,ʊpɛʒ,ʊpɔʒ,ʊpɛʒ,ʊpɔʒ
ʊp.ɛθ,ʊp.ɔθ,ʊpɛθ,ʊpɔθ,ʊpɛθ,ʊpɔθ
ʊp.ɛð,ʊp.ɔð,ʊpɛð,ʊpɔð,ʊpɛð,ʊpɔð
ʊp.ʊm,ʊp.ɪm,ʊpʊm,ʊpɪm,ʊpʊm,ʊpɪm
ʊp.ʊn,ʊp.ɪn,ʊpʊn,ʊpɪn,ʊpʊn,ʊpɪn
ʊp.ʊŋ,ʊp.ɪŋ,ʊpʊŋ,ʊpɪŋ,ʊpʊŋ,ʊpɪŋ
ʊp.ʊp,ʊp.ɪp,ʊpʊp,ʊpɪp,ʊpʊp,ʊpɪp
ʊp.ʊt,ʊp.ɪt,ʊpʊt,ʊpɪt,ʊpʊt,ʊpɪt
ʊp.ʊk,ʊp.ɪk,ʊpʊk,ʊpɪk,ʊpʊk,ʊpɪk
ʊp.ʊb,ʊp.ɪb,ʊpʊb,ʊpɪb,ʊpʊb,ʊpɪb
ʊp.ʊd,ʊp.ɪd,ʊpʊd,ʊpɪd,ʊpʊd,ʊpɪd
ʊp.ʊg,ʊp.ɪg,ʊpʊg,ʊpɪg,ʊpʊg,ʊpɪg
ʊp.ʊf,ʊp.ɪf,ʊpʊf,ʊpɪf,ʊpʊf,ʊpɪf
ʊp.ʊs,ʊp.ɪs,ʊpʊs,ʊpɪs,ʊpʊs,ʊpɪs
ʊp.ʊv,ʊp.ɪv,ʊpʊv,ʊpɪv,ʊpʊv,ʊpɪv
ʊp.ʊz,ʊp.ɪz,ʊpʊz,ʊpɪz,ʊpʊz,ʊpɪz
ʊp.ʊʃ,ʊp.ɪʃ,ʊpʊʃ,ʊpɪʃ,ʊpʊʃ,ʊpɪʃ
ʊp.ʊʒ,ʊp.ɪʒ,ʊpʊʒ,ʊpɪʒ,ʊpʊʒ,ʊpɪʒ
ʊp.ʊθ,ʊp.ɪθ,ʊpʊθ,ʊpɪθ,ʊpʊθ,ʊpɪθ
ʊp.ʊð,ʊp.ɪð,ʊpʊð,ʊpɪð,ʊpʊð,ʊpɪð
ʊp.ɔm,ʊp.ɛm,ʊpɔm,ʊpɛm,ʊpɔm,ʊpɛm
ʊp.ɔn,ʊp.ɛn,ʊpɔn,ʊpɛn,ʊpɔn,ʊpɛn
ʊp.ɔŋ,ʊp.ɛŋ,ʊpɔŋ,ʊpɛŋ,ʊpɔŋ,ʊpɛŋ
ʊp.ɔp,ʊp.ɛp,ʊpɔp,ʊpɛp,ʊpɔp,ʊpɛp
ʊp.ɔt,ʊp.ɛt,ʊpɔt,ʊpɛt,ʊpɔt,ʊpɛt
ʊp.ɔk,ʊp.ɛk,ʊpɔk,ʊpɛk,ʊpɔk,ʊpɛk
ʊp.ɔb,ʊp.ɛb,ʊpɔb,ʊpɛb,ʊpɔb,ʊpɛb
ʊp.ɔd,ʊp.ɛd,ʊpɔd,ʊpɛd,ʊpɔd,ʊpɛd
ʊp.ɔg,ʊp.ɛg,ʊpɔg,ʊpɛg,ʊpɔg,ʊpɛg
ʊp.ɔf,ʊp.ɛf,ʊpɔf,ʊpɛf,ʊpɔf,ʊpɛf
ʊp.ɔs,ʊp.ɛs,ʊpɔs,ʊpɛs,ʊpɔs,ʊpɛs
ʊp.ɔv,ʊp.ɛv,ʊpɔv,ʊpɛv,ʊpɔv,ʊpɛv
ʊp.ɔz,ʊp.ɛz,ʊpɔz,ʊpɛz,ʊpɔz,ʊpɛz
ʊp.ɔʃ,ʊp.ɛʃ,ʊpɔʃ,ʊpɛʃ,ʊpɔʃ,ʊpɛʃ
ʊp.ɔʒ,ʊp.ɛʒ,ʊpɔʒ,ʊpɛʒ,ʊpɔʒ,ʊpɛʒ
ʊp.ɔθ,ʊp.ɛθ,ʊpɔθ,ʊpɛθ,ʊpɔθ,ʊpɛθ
ʊp.ɔð,ʊp.ɛð,ʊpɔð,ʊpɛð,ʊpɔð,ʊpɛð
ʊt.ɪm,ʊt.ʊm,ʊtɪm,ʊtʊm,ʊtɪm,ʊtʊm
ʊt.ɪn,ʊt.ʊn,ʊtɪn,ʊtʊn,ʊtɪn,ʊtʊn
ʊt.ɪŋ,ʊt.ʊŋ,ʊtɪŋ,ʊtʊŋ,ʊtɪŋ,ʊtʊŋ
ʊt.ɪp,ʊt.ʊp,ʊtɪp,ʊtʊp,ʊtɪp,ʊtʊp
ʊt.ɪt,ʊt.ʊt,ʊtɪt,ʊtʊt,ʊtɪt,ʊtʊt
ʊt.ɪk,ʊt.ʊk,ʊtɪk,ʊtʊk,ʊtɪk,ʊtʊk
ʊt.ɪb,ʊt.ʊb,ʊtɪb,ʊtʊb,ʊtɪb,ʊtʊb
ʊt.ɪd,ʊt.ʊd,ʊtɪd,ʊtʊd,ʊtɪd,ʊtʊd
ʊt.ɪg,ʊt.ʊg,ʊtɪg,ʊtʊg,ʊtɪg,ʊtʊg
ʊt.ɪf,ʊt.ʊf,ʊtɪf,ʊtʊf,ʊtɪf,ʊtʊf
ʊt.ɪs,ʊt.ʊs,ʊtɪs,ʊtʊs,ʊtɪs,ʊtʊs
ʊt.ɪv,ʊt.ʊv,ʊtɪv,ʊtʊv,ʊtɪv,ʊtʊv
ʊt.ɪz,ʊt.ʊz,ʊtɪz,ʊtʊz,ʊtɪz,ʊtʊz
ʊt.ɪʃ,ʊt.ʊʃ,ʊtɪʃ,ʊtʊʃ,ʊtɪʃ,ʊtʊʃ
ʊt.ɪʒ,ʊt.ʊʒ,ʊtɪʒ,ʊtʊʒ,ʊtɪʒ,ʊtʊʒ
ʊt.ɪθ,ʊt.ʊθ,ʊtɪθ,ʊtʊθ,ʊtɪθ,ʊtʊθ
ʊt.ɪð,ʊt.ʊð,ʊtɪð,ʊtʊð,ʊtɪð,ʊtʊð
ʊt.ɛm,ʊt.ɔm,ʊtɛm,ʊtɔm,ʊtɛm,ʊtɔm
ʊt.ɛn,ʊt.ɔn,ʊtɛn,ʊtɔn,ʊtɛn,ʊtɔn
ʊt.ɛŋ,ʊt.ɔŋ,ʊtɛŋ,ʊtɔŋ,ʊtɛŋ,ʊtɔŋ
ʊt.ɛp,ʊt.ɔp,ʊtɛp,ʊtɔp,ʊtɛp,ʊtɔp
ʊt.ɛt,ʊt.ɔt,ʊtɛt,ʊtɔt,ʊtɛt,ʊtɔt
ʊt.ɛk,ʊt.ɔk,ʊtɛk,ʊtɔk,ʊtɛk,ʊtɔk
ʊt.ɛb,ʊt.ɔb,ʊtɛb,ʊtɔb,ʊtɛb,ʊtɔb
ʊt.ɛd,ʊt.ɔd,ʊtɛd,ʊtɔd,ʊtɛd,ʊtɔd
ʊt.ɛg,ʊt.ɔg,ʊtɛg,ʊtɔg,ʊtɛg,ʊtɔg
ʊt.ɛf,ʊt.ɔf,ʊtɛf,ʊtɔf,ʊtɛf,ʊtɔf
ʊt.ɛs,ʊt.ɔs,ʊtɛs,ʊtɔs,ʊtɛs,ʊtɔs
ʊt.ɛv,ʊt.ɔv,ʊtɛv,ʊtɔv,ʊtɛv,ʊtɔv
ʊt.ɛz,ʊt.ɔz,ʊtɛz,ʊtɔz,ʊtɛz,ʊtɔz
ʊt.ɛʃ,ʊt.ɔʃ,ʊtɛʃ,ʊtɔʃ,ʊtɛʃ,ʊtɔʃ
ʊt.ɛʒ,ʊt.ɔʒ,ʊtɛʒ,ʊtɔʒ,ʊtɛʒ,ʊtɔʒ
ʊt.ɛθ,ʊt.ɔθ,ʊtɛθ,ʊtɔθ,ʊtɛθ,ʊtɔθ
ʊt.ɛð,ʊt.ɔð,ʊtɛð,ʊtɔð,ʊtɛð,ʊtɔð
ʊt.ʊm,ʊt.ɪm,ʊtʊm,ʊtɪm,ʊtʊm,ʊtɪm
ʊt.ʊn,ʊt.ɪn,ʊtʊn,ʊtɪn,ʊtʊn,ʊtɪn
ʊt.ʊŋ,ʊt.ɪŋ,ʊtʊŋ,ʊtɪŋ,ʊtʊŋ,ʊtɪŋ
ʊt.ʊp,ʊt.ɪp,ʊtʊp,ʊtɪp,ʊtʊp,ʊtɪp
ʊt.ʊt,ʊt.ɪt,ʊtʊt,ʊtɪt,ʊtʊt,ʊtɪt
ʊt.ʊk,ʊt.ɪk,ʊtʊk,ʊtɪk,ʊtʊk,ʊtɪk
ʊt.ʊb,ʊt.ɪb,ʊtʊb,ʊtɪb,ʊtʊb,ʊtɪb
ʊt.ʊd,ʊt.ɪd,ʊtʊd,ʊtɪd,ʊtʊd,ʊtɪd
ʊt.ʊg,ʊt.ɪg,ʊtʊg,ʊtɪg,ʊtʊg,ʊtɪg
ʊt.ʊf,ʊt.ɪf,ʊtʊf,ʊtɪf,ʊtʊf,ʊtɪf
ʊt.ʊs,ʊt.ɪs,ʊtʊs,ʊtɪs,ʊtʊs,ʊtɪs
ʊt.ʊv,ʊt.ɪv,ʊtʊv,ʊtɪv,ʊtʊv,ʊtɪv
ʊt.ʊz,ʊt.ɪz,ʊtʊz,ʊtɪz,ʊtʊz,ʊtɪz
ʊt.ʊʃ,ʊt.ɪʃ,ʊtʊʃ,ʊtɪʃ,ʊtʊʃ,ʊtɪʃ
ʊt.ʊʒ,ʊt.ɪʒ,ʊtʊʒ,ʊtɪʒ,ʊtʊʒ,ʊtɪʒ
ʊt.ʊθ,ʊt.ɪθ,ʊtʊθ,ʊtɪθ,ʊtʊθ,ʊtɪθ
ʊt.ʊð,ʊt.ɪð,ʊtʊð,ʊtɪð,ʊtʊð,ʊtɪð
ʊt.ɔm,ʊt.ɛm,ʊtɔm,ʊtɛm,ʊtɔm,ʊtɛm
ʊt.ɔn,ʊt.ɛn,ʊtɔn,ʊtɛn,ʊtɔn,ʊtɛn
ʊt.ɔŋ,ʊt.ɛŋ,ʊtɔŋ,ʊtɛŋ,ʊtɔŋ,ʊtɛŋ
ʊt.ɔp,ʊt.ɛp,ʊtɔp,ʊtɛp,ʊtɔp,ʊtɛp
ʊt.ɔt,ʊt.ɛt,ʊtɔt,ʊtɛt,ʊtɔt,ʊtɛt
ʊt.ɔk,ʊt.ɛk,ʊtɔk,ʊtɛk,ʊtɔk,ʊtɛk
ʊt.ɔb,ʊt.ɛb,ʊtɔb,ʊtɛb,ʊtɔb,ʊtɛb
ʊt.ɔd,ʊt.ɛd,ʊtɔd,ʊtɛd,ʊtɔd,ʊtɛd
ʊt.ɔg,ʊt.ɛg,ʊtɔg,ʊtɛg,ʊtɔg,ʊtɛg
ʊt.ɔf,ʊt.ɛf,ʊtɔf,ʊtɛf,ʊtɔf,ʊtɛf
ʊt.ɔs,ʊt.ɛs,ʊtɔs,ʊtɛs,ʊtɔs,ʊtɛs
ʊt.ɔv,ʊt.ɛv,ʊtɔv,ʊtɛv,ʊtɔv,ʊtɛv
ʊt.ɔz,ʊt.ɛz,ʊtɔz,ʊtɛz,ʊtɔz,ʊtɛz
ʊt.ɔʃ,ʊt.ɛʃ,ʊtɔʃ,ʊtɛʃ,ʊtɔʃ,ʊtɛʃ
ʊt.ɔʒ,ʊt.ɛʒ,ʊtɔʒ,ʊtɛʒ,ʊtɔʒ,ʊtɛʒ
ʊt.ɔθ,ʊt.ɛθ,ʊtɔθ,ʊtɛθ,ʊtɔθ,ʊtɛθ
ʊt.ɔð,ʊt.ɛð,ʊtɔð,ʊtɛð,ʊtɔð,ʊtɛð
ʊk.ɪm,ʊk.ʊm,ʊkɪm,ʊkʊm,ʊkɪm,ʊkʊm
ʊk.ɪn,ʊk.ʊn,ʊkɪn,ʊkʊn,ʊkɪn,ʊkʊn
ʊk.ɪŋ,ʊk.ʊŋ,ʊkɪŋ,ʊkʊŋ,ʊkɪŋ,ʊkʊŋ
ʊk.ɪp,ʊk.ʊp,ʊkɪp,ʊkʊp,ʊkɪp,ʊkʊp
ʊk.ɪt,ʊk.ʊt,ʊkɪt,ʊkʊt,ʊkɪt,ʊkʊt
ʊk.ɪk,ʊk.ʊk,ʊkɪk,ʊkʊk,ʊkɪk,ʊkʊk
ʊk.ɪb,ʊk.ʊb,ʊkɪb,ʊkʊb,ʊkɪb,ʊkʊb
ʊk.ɪd,ʊk.ʊd,ʊkɪd,ʊkʊd,ʊkɪd,ʊkʊd
ʊk.ɪg,ʊk.ʊg,ʊkɪg,ʊkʊg,ʊkɪg,ʊkʊg
ʊk.ɪf,ʊk.ʊf,ʊkɪf,ʊkʊf,ʊkɪf,ʊkʊf
ʊk.ɪs,ʊk.ʊs,ʊkɪs,ʊkʊs,ʊkɪs,ʊkʊs
ʊk.ɪv,ʊk.ʊv,ʊkɪv,ʊkʊv,ʊkɪv,ʊkʊv
ʊk.ɪz,ʊk.ʊz,ʊkɪz,ʊkʊz,ʊkɪz,ʊkʊz
ʊk.ɪʃ,ʊk.ʊʃ,ʊkɪʃ,ʊkʊʃ,ʊkɪʃ,ʊkʊʃ
ʊk.ɪʒ,ʊk.ʊʒ,ʊkɪʒ,ʊkʊʒ,ʊkɪʒ,ʊkʊʒ
ʊk.ɪθ,ʊk.ʊθ,ʊkɪθ,ʊkʊθ,ʊkɪθ,ʊkʊθ
ʊk.ɪð,ʊk.ʊð,ʊkɪð,ʊkʊð,ʊkɪð,ʊkʊð
ʊk.ɛm,ʊk.ɔm,ʊkɛm,ʊkɔm,ʊkɛm,ʊkɔm
ʊk.ɛn,ʊk.ɔn,ʊkɛn,ʊkɔn,ʊkɛn,ʊkɔn
ʊk.ɛŋ,ʊk.ɔŋ,ʊkɛŋ,ʊkɔŋ,ʊkɛŋ,ʊkɔŋ
ʊk.ɛp,ʊk.ɔp,ʊkɛp,ʊkɔp,ʊkɛp,ʊkɔp
ʊk.ɛt,ʊk.ɔt,ʊkɛt,ʊkɔt,ʊkɛt,ʊkɔt
ʊk.ɛk,ʊk.ɔk,ʊkɛk,ʊkɔk,ʊkɛk,ʊkɔk
ʊk.ɛb,ʊk.ɔb,ʊkɛb,ʊkɔb,ʊkɛb,ʊkɔb
ʊk.ɛd,ʊk.ɔd,ʊkɛd,ʊkɔd,ʊkɛd,ʊkɔd
ʊk.ɛg,ʊk.ɔg,ʊkɛg,ʊkɔg,ʊkɛg,ʊkɔg
ʊk.ɛf,ʊk.ɔf,ʊkɛf,ʊkɔf,ʊkɛf,ʊkɔf
ʊk.ɛs,ʊk.ɔs,ʊkɛs,ʊkɔs,ʊkɛs,ʊkɔs
ʊk.ɛv,ʊk.ɔv,ʊkɛv,ʊkɔv,ʊkɛv,ʊkɔv
ʊk.ɛz,ʊk.ɔz,ʊkɛz,ʊkɔz,ʊkɛz,ʊkɔz
ʊk.ɛʃ,ʊk.ɔʃ,ʊkɛʃ,ʊkɔʃ,ʊkɛʃ,ʊkɔʃ
ʊk.ɛʒ,ʊk.ɔʒ,ʊkɛʒ,ʊkɔʒ,ʊkɛʒ,ʊkɔʒ
ʊk.ɛθ,ʊk.ɔθ,ʊkɛθ,ʊkɔθ,ʊkɛθ,ʊkɔθ
ʊk.ɛð,ʊk.ɔð,ʊkɛð,ʊkɔð,ʊkɛð,ʊkɔð
ʊk.ʊm,ʊk.ɪm,ʊkʊm,ʊkɪm,ʊkʊm,ʊkɪm
ʊk.ʊn,ʊk.ɪn,ʊkʊn,ʊkɪn,ʊkʊn,ʊkɪn
ʊk.ʊŋ,ʊk.ɪŋ,ʊkʊŋ,ʊkɪŋ,ʊkʊŋ,ʊkɪŋ
ʊk.ʊp,ʊk.ɪp,ʊkʊp,ʊkɪp,ʊkʊp,ʊkɪp
ʊk.ʊt,ʊk.ɪt,ʊkʊt,ʊkɪt,ʊkʊt,ʊkɪt
ʊk.ʊk,ʊk.ɪk,ʊkʊk,ʊkɪk,ʊkʊk,ʊkɪk
ʊk.ʊb,ʊk.ɪb,ʊkʊb,ʊkɪb,ʊkʊb,ʊkɪb
ʊk.ʊd,ʊk.ɪd,ʊkʊd,ʊkɪd,ʊkʊd,ʊkɪd
ʊk.ʊg,ʊk.ɪg,ʊkʊg,ʊkɪg,ʊkʊg,ʊkɪg
ʊk.ʊf,ʊk.ɪf,ʊkʊf,ʊkɪf,ʊkʊf,ʊkɪf
ʊk.ʊs,ʊk.ɪs,ʊkʊs,ʊkɪs,ʊkʊs,ʊkɪs
ʊk.ʊv,ʊk.ɪv,ʊkʊv,ʊkɪv,ʊkʊv,ʊkɪv
ʊk.ʊz,ʊk.ɪz,ʊkʊz,ʊkɪz,ʊkʊz,ʊkɪz
ʊk.ʊʃ,ʊk.ɪʃ,ʊkʊʃ,ʊkɪʃ,ʊkʊʃ,ʊkɪʃ
ʊk.ʊʒ,ʊk.ɪʒ,ʊkʊʒ,ʊkɪʒ,ʊkʊʒ,ʊkɪʒ
ʊk.ʊθ,ʊk.ɪθ,ʊkʊθ,ʊkɪθ,ʊkʊθ,ʊkɪθ
ʊk.ʊð,ʊk.ɪð,ʊkʊð,ʊkɪð,ʊkʊð,ʊkɪð
ʊk.ɔm,ʊk.ɛm,ʊkɔm,ʊkɛm,ʊkɔm,ʊkɛm
ʊk.ɔn,ʊk.ɛn,ʊkɔn,ʊkɛn,ʊkɔn,ʊkɛn
ʊk.ɔŋ,ʊk.ɛŋ,ʊkɔŋ,ʊkɛŋ,ʊkɔŋ,ʊkɛŋ
ʊk.ɔp,ʊk.ɛp,ʊkɔp,ʊkɛp,ʊkɔp,ʊkɛp
ʊk.ɔt,ʊk.ɛt,ʊkɔt,ʊkɛt,ʊkɔt,ʊkɛt
ʊk.ɔk,ʊk.ɛk,ʊkɔk,ʊkɛk,ʊkɔk,ʊkɛk
ʊk.ɔb,ʊk.ɛb,ʊkɔb,ʊkɛb,ʊkɔb,ʊkɛb
ʊk.ɔd,ʊk.ɛd,ʊkɔd,ʊkɛd,ʊkɔd,ʊkɛd
ʊk.ɔg,ʊk.ɛg,ʊkɔg,ʊkɛg,ʊkɔg,ʊkɛg
ʊk.ɔf,ʊk.ɛf,ʊkɔf,ʊkɛf,ʊkɔf,ʊkɛf
ʊk.ɔs,ʊk.ɛs,ʊkɔs,ʊkɛs,ʊkɔs,ʊkɛs
ʊk.ɔv,ʊk.ɛv,ʊkɔv,ʊkɛv,ʊkɔv,ʊkɛv
ʊk.ɔz,ʊk.ɛz,ʊkɔz,ʊkɛz,ʊkɔz,ʊkɛz
ʊk.ɔʃ,ʊk.ɛʃ,ʊkɔʃ,ʊkɛʃ,ʊkɔʃ,ʊkɛʃ
ʊk.ɔʒ,ʊk.ɛʒ,ʊkɔʒ,ʊkɛʒ,ʊkɔʒ,ʊkɛʒ
ʊk.ɔθ,ʊk.ɛθ,ʊkɔθ,ʊkɛθ,ʊkɔθ,ʊkɛθ
ʊk.ɔð,ʊk.ɛð,ʊkɔð,ʊkɛð,ʊkɔð,ʊkɛð
ʊb.ɪm,ʊb.ʊm,ʊbɪm,ʊbʊm,ʊbɪm,ʊbʊm
ʊb.ɪn,ʊb.ʊn,ʊbɪn,ʊbʊn,ʊbɪn,ʊbʊn
ʊb.ɪŋ,ʊb.ʊŋ,ʊbɪŋ,ʊbʊŋ,ʊbɪŋ,ʊbʊŋ
ʊb.ɪp,ʊb.ʊp,ʊbɪp,ʊbʊp,ʊbɪp,ʊbʊp
ʊb.ɪt,ʊb.ʊt,ʊbɪt,ʊbʊt,ʊbɪt,ʊbʊt
ʊb.ɪk,ʊb.ʊk,ʊbɪk,ʊbʊk,ʊbɪk,ʊbʊk
ʊb.ɪb,ʊb.ʊb,ʊbɪb,ʊbʊb,ʊbɪb,ʊbʊb
ʊb.ɪd,ʊb.ʊd,ʊbɪd,ʊbʊd,ʊbɪd,ʊbʊd
ʊb.ɪg,ʊb.ʊg,ʊbɪg,ʊbʊg,ʊbɪg,ʊbʊg
ʊb.ɪf,ʊb.ʊf,ʊbɪf,ʊbʊf,ʊbɪf,ʊbʊf
ʊb.ɪs,ʊb.ʊs,ʊbɪs,ʊbʊs,ʊbɪs,ʊbʊs
ʊb.ɪv,ʊb.ʊv,ʊbɪv,ʊbʊv,ʊbɪv,ʊbʊv
ʊb.ɪz,ʊb.ʊz,ʊbɪz,ʊbʊz,ʊbɪz,ʊbʊz
ʊb.ɪʃ,ʊb.ʊʃ,ʊbɪʃ,ʊbʊʃ,ʊbɪʃ,ʊbʊʃ
ʊb.ɪʒ,ʊb.ʊʒ,ʊbɪʒ,ʊbʊʒ,ʊbɪʒ,ʊbʊʒ
ʊb.ɪθ,ʊb.ʊθ,ʊbɪθ,ʊbʊθ,ʊbɪθ,ʊbʊθ
ʊb.ɪð,ʊb.ʊð,ʊbɪð,ʊbʊð,ʊbɪð,ʊbʊð
ʊb.ɛm,ʊb.ɔm,ʊbɛm,ʊbɔm,ʊbɛm,ʊbɔm
ʊb.ɛn,ʊb.ɔn,ʊbɛn,ʊbɔn,ʊbɛn,ʊbɔn
ʊb.ɛŋ,ʊb.ɔŋ,ʊbɛŋ,ʊbɔŋ,ʊbɛŋ,ʊbɔŋ
ʊb.ɛp,ʊb.ɔp,ʊbɛp,ʊbɔp,ʊbɛp,ʊbɔp
ʊb.ɛt,ʊb.ɔt,ʊbɛt,ʊbɔt,ʊbɛt,ʊbɔt
ʊb.ɛk,ʊb.ɔk,ʊbɛk,ʊbɔk,ʊbɛk,ʊbɔk
ʊb.ɛb,ʊb.ɔb,ʊbɛb,ʊbɔb,ʊbɛb,ʊbɔb
ʊb.ɛd,ʊb.ɔd,ʊbɛd,ʊbɔd,ʊbɛd,ʊbɔd
ʊb.ɛg,ʊb.ɔg,ʊbɛg,ʊbɔg,ʊbɛg,ʊbɔg
ʊb.ɛf,ʊb.ɔf,ʊbɛf,ʊbɔf,ʊbɛf,ʊbɔf
ʊb.ɛs,ʊb.ɔs,ʊbɛs,ʊbɔs,ʊbɛs,ʊbɔs
ʊb.ɛv,ʊb.ɔv,ʊbɛv,ʊbɔv,ʊbɛv,ʊbɔv
ʊb.ɛz,ʊb.ɔz,ʊbɛz,ʊbɔz,ʊbɛz,ʊbɔz
ʊb.ɛʃ,ʊb.ɔʃ,ʊbɛʃ,ʊbɔʃ,ʊbɛʃ,ʊbɔʃ
ʊb.ɛʒ,ʊb.ɔʒ,ʊbɛʒ,ʊbɔʒ,ʊbɛʒ,ʊbɔʒ
ʊb.ɛθ,ʊb.ɔθ,ʊbɛθ,ʊbɔθ,ʊbɛθ,ʊbɔθ
ʊb.ɛð,ʊb.ɔð,ʊbɛð,ʊbɔð,ʊbɛð,ʊbɔð
ʊb.ʊm,ʊb.ɪm,ʊbʊm,ʊbɪm,ʊbʊm,ʊbɪm
ʊb.ʊn,ʊb.ɪn,ʊbʊn,ʊbɪn,ʊbʊn,ʊbɪn
ʊb.ʊŋ,ʊb.ɪŋ,ʊbʊŋ,ʊbɪŋ,ʊbʊŋ,ʊbɪŋ
ʊb.ʊp,ʊb.ɪp,ʊbʊp,ʊbɪp,ʊbʊp,ʊbɪp
ʊb.ʊt,ʊb.ɪt,ʊbʊt,ʊbɪt,ʊbʊt,ʊbɪt
ʊb.ʊk,ʊb.ɪk,ʊbʊk,ʊbɪk,ʊbʊk,ʊbɪk
ʊb.ʊb,ʊb.ɪb,ʊbʊb,ʊbɪb,ʊbʊb,ʊbɪb
ʊb.ʊd,ʊb.ɪd,ʊbʊd,ʊbɪd,ʊbʊd,ʊbɪd
ʊb.ʊg,ʊb.ɪg,ʊbʊg,ʊbɪg,ʊbʊg,ʊbɪg
ʊb.ʊf,ʊb.ɪf,ʊbʊf,ʊbɪf,ʊbʊf,ʊbɪf
ʊb.ʊs,ʊb.ɪs,ʊbʊs,ʊbɪs,ʊbʊs,ʊbɪs
ʊb.ʊv,ʊb.ɪv,ʊbʊv,ʊbɪv,ʊbʊv,ʊbɪv
ʊb.ʊz,ʊb.ɪz,ʊbʊz,ʊbɪz,ʊbʊz,ʊbɪz
ʊb.ʊʃ,ʊb.ɪʃ,ʊbʊʃ,ʊbɪʃ,ʊbʊʃ,ʊbɪʃ
ʊb.ʊʒ,ʊb.ɪʒ,ʊbʊʒ,ʊbɪʒ,ʊbʊʒ,ʊbɪʒ
ʊb.ʊθ,ʊb.ɪθ,ʊbʊθ,ʊbɪθ,ʊbʊθ,ʊbɪθ
ʊb.ʊð,ʊb.ɪð,ʊbʊð,ʊbɪð,ʊbʊð,ʊbɪð
ʊb.ɔm,ʊb.ɛm,ʊbɔm,ʊbɛm,ʊbɔm,ʊbɛm
ʊb.ɔn,ʊb.ɛn,ʊbɔn,ʊbɛn,ʊbɔn,ʊbɛn
ʊb.ɔŋ,ʊb.ɛŋ,ʊbɔŋ,ʊbɛŋ,ʊbɔŋ,ʊbɛŋ
ʊb.ɔp,ʊb.ɛp,ʊbɔp,ʊbɛp,ʊbɔp,ʊbɛp
ʊb.ɔt,ʊb.ɛt,ʊbɔt,ʊbɛt,ʊbɔt,ʊbɛt
ʊb.ɔk,ʊb.ɛk,ʊbɔk,ʊbɛk,ʊbɔk,ʊbɛk
ʊb.ɔb,ʊb.ɛb,ʊbɔb,ʊbɛb,ʊbɔb,ʊbɛb
ʊb.ɔd,ʊb.ɛd,ʊbɔd,ʊbɛd,ʊbɔd,ʊbɛd
ʊb.ɔg,ʊb.ɛg,ʊbɔg,ʊbɛg,ʊbɔg,ʊbɛg
ʊb.ɔf,ʊb.ɛf,ʊbɔf,ʊbɛf,ʊbɔf,ʊbɛf
ʊb.ɔs,ʊb.ɛs,ʊbɔs,ʊbɛs,ʊbɔs,ʊbɛs
ʊb.ɔv,ʊb.ɛv,ʊbɔv,ʊbɛv,ʊbɔv,ʊbɛv
ʊb.ɔz,ʊb.ɛz,ʊbɔz,ʊbɛz,ʊbɔz,ʊbɛz
ʊb.ɔʃ,ʊb.ɛʃ,ʊbɔʃ,ʊbɛʃ,ʊbɔʃ,ʊbɛʃ
ʊb.ɔʒ,ʊb.ɛʒ,ʊbɔʒ,ʊbɛʒ,ʊbɔʒ,ʊbɛʒ
ʊb.ɔθ,ʊb.ɛθ,ʊbɔθ,ʊbɛθ,ʊbɔθ,ʊbɛθ
ʊb.ɔð,ʊb.ɛð,ʊbɔð,ʊbɛð,ʊbɔð,ʊbɛð
ʊd.ɪm,ʊd.ʊm,ʊdɪm,ʊdʊm,ʊdɪm,ʊdʊm
ʊd.ɪn,ʊd.ʊn,ʊdɪn,ʊdʊn,ʊdɪn,ʊdʊn
ʊd.ɪŋ,ʊd.ʊŋ,ʊdɪŋ,ʊdʊŋ,ʊdɪŋ,ʊdʊŋ
ʊd.ɪp,ʊd.ʊp,ʊdɪp,ʊdʊp,ʊdɪp,ʊdʊp
ʊd.ɪt,ʊd.ʊt,ʊdɪt,ʊdʊt,ʊdɪt,ʊdʊt
ʊd.ɪk,ʊd.ʊk,ʊdɪk,ʊdʊk,ʊdɪk,ʊdʊk
ʊd.ɪb,ʊd.ʊb,ʊdɪb,ʊdʊb,ʊdɪb,ʊdʊb
ʊd.ɪd,ʊd.ʊd,ʊdɪd,ʊdʊd,ʊdɪd,ʊdʊd
ʊd.ɪg,ʊd.ʊg,ʊdɪg,ʊdʊg,ʊdɪg,ʊdʊg
ʊd.ɪf,ʊd.ʊf,ʊdɪf,ʊdʊf,ʊdɪf,ʊdʊf
ʊd.ɪs,ʊd.ʊs,ʊdɪs,ʊdʊs,ʊdɪs,ʊdʊs
ʊd.ɪv,ʊd.ʊv,ʊdɪv,ʊdʊv,ʊdɪv,ʊdʊv
ʊd.ɪz,ʊd.ʊz,ʊdɪz,ʊdʊz,ʊdɪz,ʊdʊz
ʊd.ɪʃ,ʊd.ʊʃ,ʊdɪʃ,ʊdʊʃ,ʊdɪʃ,ʊdʊʃ
ʊd.ɪʒ,ʊd.ʊʒ,ʊdɪʒ,ʊdʊʒ,ʊdɪʒ,ʊdʊʒ
ʊd.ɪθ,ʊd.ʊθ,ʊdɪθ,ʊdʊθ,ʊdɪθ,ʊdʊθ
ʊd.ɪð,ʊd.ʊð,ʊdɪð,ʊdʊð,ʊdɪð,ʊdʊð
ʊd.ɛm,ʊd.ɔm,ʊdɛm,ʊdɔm,ʊdɛm,ʊdɔm
ʊd.ɛn,ʊd.ɔn,ʊdɛn,ʊdɔn,ʊdɛn,ʊdɔn
ʊd.ɛŋ,ʊd.ɔŋ,ʊdɛŋ,ʊdɔŋ,ʊdɛŋ,ʊdɔŋ
ʊd.ɛp,ʊd.ɔp,ʊdɛp,ʊdɔp,ʊdɛp,ʊdɔp
ʊd.ɛt,ʊd.ɔt,ʊdɛt,ʊdɔt,ʊdɛt,ʊdɔt
ʊd.ɛk,ʊd.ɔk,ʊdɛk,ʊdɔk,ʊdɛk,ʊdɔk
ʊd.ɛb,ʊd.ɔb,ʊdɛb,ʊdɔb,ʊdɛb,ʊdɔb
ʊd.ɛd,ʊd.ɔd,ʊdɛd,ʊdɔd,ʊdɛd,ʊdɔd
ʊd.ɛg,ʊd.ɔg,ʊdɛg,ʊdɔg,ʊdɛg,ʊdɔg
ʊd.ɛf,ʊd.ɔf,ʊdɛf,ʊdɔf,ʊdɛf,ʊdɔf
ʊd.ɛs,ʊd.ɔs,ʊdɛs,ʊdɔs,ʊdɛs,ʊdɔs
ʊd.ɛv,ʊd.ɔv,ʊdɛv,ʊdɔv,ʊdɛv,ʊdɔv
ʊd.ɛz,ʊd.ɔz,ʊdɛz,ʊdɔz,ʊdɛz,ʊdɔz
ʊd.ɛʃ,ʊd.ɔʃ,ʊdɛʃ,ʊdɔʃ,ʊdɛʃ,ʊdɔʃ
ʊd.ɛʒ,ʊd.ɔʒ,ʊdɛʒ,ʊdɔʒ,ʊdɛʒ,ʊdɔʒ
ʊd.ɛθ,ʊd.ɔθ,ʊdɛθ,ʊdɔθ,ʊdɛθ,ʊdɔθ
ʊd.ɛð,ʊd.ɔð,ʊdɛð,ʊdɔð,ʊdɛð,ʊdɔð
ʊd.ʊm,ʊd.ɪm,ʊdʊm,ʊdɪm,ʊdʊm,ʊdɪm
ʊd.ʊn,ʊd.ɪn,ʊdʊn,ʊdɪn,ʊdʊn,ʊdɪn
ʊd.ʊŋ,ʊd.ɪŋ,ʊdʊŋ,ʊdɪŋ,ʊdʊŋ,ʊdɪŋ
ʊd.ʊp,ʊd.ɪp,ʊdʊp,ʊdɪp,ʊdʊp,ʊdɪp
ʊd.ʊt,ʊd.ɪt,ʊdʊt,ʊdɪt,ʊdʊt,ʊdɪt
ʊd.ʊk,ʊd.ɪk,ʊdʊk,ʊdɪk,ʊdʊk,ʊdɪk
ʊd.ʊb,ʊd.ɪb,ʊdʊb,ʊdɪb,ʊdʊb,ʊdɪb
ʊd.ʊd,ʊd.ɪd,ʊdʊd,ʊdɪd,ʊdʊd,ʊdɪd
ʊd.ʊg,ʊd.ɪg,ʊdʊg,ʊdɪg,ʊdʊg,ʊdɪg
ʊd.ʊf,ʊd.ɪf,ʊdʊf,ʊdɪf,ʊdʊf,ʊdɪf
ʊd.ʊs,ʊd.ɪs,ʊdʊs,ʊdɪs,ʊdʊs,ʊdɪs
ʊd.ʊv,ʊd.ɪv,ʊdʊv,ʊdɪv,ʊdʊv,ʊdɪv
ʊd.ʊz,ʊd.ɪz,ʊdʊz,ʊdɪz,ʊdʊz,ʊdɪz
ʊd.ʊʃ,ʊd.ɪʃ,ʊdʊʃ,ʊdɪʃ,ʊdʊʃ,ʊdɪʃ
ʊd.ʊʒ,ʊd.ɪʒ,ʊdʊʒ,ʊdɪʒ,ʊdʊʒ,ʊdɪʒ
ʊd.ʊθ,ʊd.ɪθ,ʊdʊθ,ʊdɪθ,ʊdʊθ,ʊdɪθ
ʊd.ʊð,ʊd.ɪð,ʊdʊð,ʊdɪð,ʊdʊð,ʊdɪð
ʊd.ɔm,ʊd.ɛm,ʊdɔm,ʊdɛm,ʊdɔm,ʊdɛm
ʊd.ɔn,ʊd.ɛn,ʊdɔn,ʊdɛn,ʊdɔn,ʊdɛn
ʊd.ɔŋ,ʊd.ɛŋ,ʊdɔŋ,ʊdɛŋ,ʊdɔŋ,ʊdɛŋ
ʊd.ɔp,ʊd.ɛp,ʊdɔp,ʊdɛp,ʊdɔp,ʊdɛp
ʊd.ɔt,ʊd.ɛt,ʊdɔt,ʊdɛt,ʊdɔt,ʊdɛt
ʊd.ɔk,ʊd.ɛk,ʊdɔk,ʊdɛk,ʊdɔk,ʊdɛk
ʊd.ɔb,ʊd.ɛb,ʊdɔb,ʊdɛb,ʊdɔb,ʊdɛb
ʊd.ɔd,ʊd.ɛd,ʊdɔd,ʊdɛd,ʊdɔd,ʊdɛd
ʊd.ɔg,ʊd.ɛg,ʊdɔg,ʊdɛg,ʊdɔg,ʊdɛg
ʊd.ɔf,ʊd.ɛf,ʊdɔf,ʊdɛf,ʊdɔf,ʊdɛf
ʊd.ɔs,ʊd.ɛs,ʊdɔs,ʊdɛs,ʊdɔs,ʊdɛs
ʊd.ɔv,ʊd.ɛv,ʊdɔv,ʊdɛv,ʊdɔv,ʊdɛv
ʊd.ɔz,ʊd.ɛz,ʊdɔz,ʊdɛz,ʊdɔz,ʊdɛz
ʊd.ɔʃ,ʊd.ɛʃ,ʊdɔʃ,ʊdɛʃ,ʊdɔʃ,ʊdɛʃ
ʊd.ɔʒ,ʊd.ɛʒ,ʊdɔʒ,ʊdɛʒ,ʊdɔʒ,ʊdɛʒ
ʊd.ɔθ,ʊd.ɛθ,ʊdɔθ,ʊdɛθ,ʊdɔθ,ʊdɛθ
ʊd.ɔð,ʊd.ɛð,ʊdɔð,ʊdɛð,ʊdɔð,ʊdɛð
ʊg.ɪm,ʊg.ʊm,ʊgɪm,ʊgʊm,ʊgɪm,ʊgʊm
ʊg.ɪn,ʊg.ʊn,ʊgɪn,ʊgʊn,ʊgɪn,ʊgʊn
ʊg.ɪŋ,ʊg.ʊŋ,ʊgɪŋ,ʊgʊŋ,ʊgɪŋ,ʊgʊŋ
ʊg.ɪp,ʊg.ʊp,ʊgɪp,ʊgʊp,ʊgɪp,ʊgʊp
ʊg.ɪt,ʊg.ʊt,ʊgɪt,ʊgʊt,ʊgɪt,ʊgʊt
ʊg.ɪk,ʊg.ʊk,ʊgɪk,ʊgʊk,ʊgɪk,ʊgʊk
ʊg.ɪb,ʊg.ʊb,ʊgɪb,ʊgʊb,ʊgɪb,ʊgʊb
ʊg.ɪd,ʊg.ʊd,ʊgɪd,ʊgʊd,ʊgɪd,ʊgʊd
ʊg.ɪg,ʊg.ʊg,ʊgɪg,ʊgʊg,ʊgɪg,ʊgʊg
ʊg.ɪf,ʊg.ʊf,ʊgɪf,ʊgʊf,ʊgɪf,ʊgʊf
ʊg.ɪs,ʊg.ʊs,ʊgɪs,ʊgʊs,ʊgɪs,ʊgʊs
ʊg.ɪv,ʊg.ʊv,ʊgɪv,ʊgʊv,ʊgɪv,ʊgʊv
ʊg.ɪz,ʊg.ʊz,ʊgɪz,ʊgʊz,ʊgɪz,ʊgʊz
ʊg.ɪʃ,ʊg.ʊʃ,ʊgɪʃ,ʊgʊʃ,ʊgɪʃ,ʊgʊʃ
ʊg.ɪʒ,ʊg.ʊʒ,ʊgɪʒ,ʊgʊʒ,ʊgɪʒ,ʊgʊʒ
ʊg.ɪθ,ʊg.ʊθ,ʊgɪθ,ʊgʊθ,ʊgɪθ,ʊgʊθ
ʊg.ɪð,ʊg.ʊð,ʊgɪð,ʊgʊð,ʊgɪð,ʊgʊð
ʊg.ɛm,ʊg.ɔm,ʊgɛm,ʊgɔm,ʊgɛm,ʊgɔm
ʊg.ɛn,ʊg.ɔn,ʊgɛn,ʊgɔn,ʊgɛn,ʊgɔn
ʊg.ɛŋ,ʊg.ɔŋ,ʊgɛŋ,ʊgɔŋ,ʊgɛŋ,ʊgɔŋ
ʊg.ɛp,ʊg.ɔp,ʊgɛp,ʊgɔp,ʊgɛp,ʊgɔp
ʊg.ɛt,ʊg.ɔt,ʊgɛt,ʊgɔt,ʊgɛt,ʊgɔt
ʊg.ɛk,ʊg.ɔk,ʊgɛk,ʊgɔk,ʊgɛk,ʊgɔk
ʊg.ɛb,ʊg.ɔb,ʊgɛb,ʊgɔb,ʊgɛb,ʊgɔb
ʊg.ɛd,ʊg.ɔd,ʊgɛd,ʊgɔd,ʊgɛd,ʊgɔd
ʊg.ɛg,ʊg.ɔg,ʊgɛg,ʊgɔg,ʊgɛg,ʊgɔg
ʊg.ɛf,ʊg.ɔf,ʊgɛf,ʊgɔf,ʊgɛf,ʊgɔf
ʊg.ɛs,ʊg.ɔs,ʊgɛs,ʊgɔs,ʊgɛs,ʊgɔs
ʊg.ɛv,ʊg.ɔv,ʊgɛv,ʊgɔv,ʊgɛv,ʊgɔv
ʊg.ɛz,ʊg.ɔz,ʊgɛz,ʊgɔz,ʊgɛz,ʊgɔz
ʊg.ɛʃ,ʊg.ɔʃ,ʊgɛʃ,ʊgɔʃ,ʊgɛʃ,ʊgɔʃ
ʊg.ɛʒ,ʊg.ɔʒ,ʊgɛʒ,ʊgɔʒ,ʊgɛʒ,ʊgɔʒ
ʊg.ɛθ,ʊg.ɔθ,ʊgɛθ,ʊgɔθ,ʊgɛθ,ʊgɔθ
ʊg.ɛð,ʊg.ɔð,ʊgɛð,ʊgɔð,ʊgɛð,ʊgɔð
ʊg.ʊm,ʊg.ɪm,ʊgʊm,ʊgɪm,ʊgʊm,ʊgɪm
ʊg.ʊn,ʊg.ɪn,ʊgʊn,ʊgɪn,ʊgʊn,ʊgɪn
ʊg.ʊŋ,ʊg.ɪŋ,ʊgʊŋ,ʊgɪŋ,ʊgʊŋ,ʊgɪŋ
ʊg.ʊp,ʊg.ɪp,ʊgʊp,ʊgɪp,ʊgʊp,ʊgɪp
ʊg.ʊt,ʊg.ɪt,ʊgʊt,ʊgɪt,ʊgʊt,ʊgɪt
ʊg.ʊk,ʊg.ɪk,ʊgʊk,ʊgɪk,ʊgʊk,ʊgɪk
ʊg.ʊb,ʊg.ɪb,ʊgʊb,ʊgɪb,ʊgʊb,ʊgɪb
ʊg.ʊd,ʊg.ɪd,ʊgʊd,ʊgɪd,ʊgʊd,ʊgɪd
ʊg.ʊg,ʊg.ɪg,ʊgʊg,ʊgɪg,ʊgʊg,ʊgɪg
ʊg.ʊf,ʊg.ɪf,ʊgʊf,ʊgɪf,ʊgʊf,ʊgɪf
ʊg.ʊs,ʊg.ɪs,ʊgʊs,ʊgɪs,ʊgʊs,ʊgɪs
ʊg.ʊv,ʊg.ɪv,ʊgʊv,ʊgɪv,ʊgʊv,ʊgɪv
ʊg.ʊz,ʊg.ɪz,ʊgʊz,ʊgɪz,ʊgʊz,ʊgɪz
ʊg.ʊʃ,ʊg.ɪʃ,ʊgʊʃ,ʊgɪʃ,ʊgʊʃ,ʊgɪʃ
ʊg.ʊʒ,ʊg.ɪʒ,ʊgʊʒ,ʊgɪʒ,ʊgʊʒ,ʊgɪʒ
ʊg.ʊθ,ʊg.ɪθ,ʊgʊθ,ʊgɪθ,ʊgʊθ,ʊgɪθ
ʊg.ʊð,ʊg.ɪð,ʊgʊð,ʊgɪð,ʊgʊð,ʊgɪð
ʊg.ɔm,ʊg.ɛm,ʊgɔm,ʊgɛm,ʊgɔm,ʊgɛm
ʊg.ɔn,ʊg.ɛn,ʊgɔn,ʊgɛn,ʊgɔn,ʊgɛn
ʊg.ɔŋ,ʊg.ɛŋ,ʊgɔŋ,ʊgɛŋ,ʊgɔŋ,ʊgɛŋ
ʊg.ɔp,ʊg.ɛp,ʊgɔp,ʊgɛp,ʊgɔp,ʊgɛp
ʊg.ɔt,ʊg.ɛt,ʊgɔt,ʊgɛt,ʊgɔt,ʊgɛt
ʊg.ɔk,ʊg.ɛk,ʊgɔk,ʊgɛk,ʊgɔk,ʊgɛk
ʊg.ɔb,ʊg.ɛb,ʊgɔb,ʊgɛb,ʊgɔb,ʊgɛb
ʊg.ɔd,ʊg.ɛd,ʊgɔd,ʊgɛd,ʊgɔd,ʊgɛd
ʊg.ɔg,ʊg.ɛg,ʊgɔg,ʊgɛg,ʊgɔg,ʊgɛg
ʊg.ɔf,ʊg.ɛf,ʊgɔf,ʊgɛf,ʊgɔf,ʊgɛf
ʊg.ɔs,ʊg.ɛs,ʊgɔs,ʊgɛs,ʊgɔs,ʊgɛs
ʊg.ɔv,ʊg.ɛv,ʊgɔv,ʊgɛv,ʊgɔv,ʊgɛv
ʊg.ɔz,ʊg.ɛz,ʊgɔz,ʊgɛz,ʊgɔz,ʊgɛz
ʊg.ɔʃ,ʊg.ɛʃ,ʊgɔʃ,ʊgɛʃ,ʊgɔʃ,ʊgɛʃ
ʊg.ɔʒ,ʊg.ɛʒ,ʊgɔʒ,ʊgɛʒ,ʊgɔʒ,ʊgɛʒ
ʊg.ɔθ,ʊg.ɛθ,ʊgɔθ,ʊgɛθ,ʊgɔθ,ʊgɛθ
ʊg.ɔð,ʊg.ɛð,ʊgɔð,ʊgɛð,ʊgɔð,ʊgɛð
ʊf.ɪm,ʊf.ʊm,ʊfɪm,ʊfʊm,ʊfɪm,ʊfʊm
ʊf.ɪn,ʊf.ʊn,ʊfɪn,ʊfʊn,ʊfɪn,ʊfʊn
ʊf.ɪŋ,ʊf.ʊŋ,ʊfɪŋ,ʊfʊŋ,ʊfɪŋ,ʊfʊŋ
ʊf.ɪp,ʊf.ʊp,ʊfɪp,ʊfʊp,ʊfɪp,ʊfʊp
ʊf.ɪt,ʊf.ʊt,ʊfɪt,ʊfʊt,ʊfɪt,ʊfʊt
ʊf.ɪk,ʊf.ʊk,ʊfɪk,ʊfʊk,ʊfɪk,ʊfʊk
ʊf.ɪb,ʊf.ʊb,ʊfɪb,ʊfʊb,ʊfɪb,ʊfʊb
ʊf.ɪd,ʊf.ʊd,ʊfɪd,ʊfʊd,ʊfɪd,ʊfʊd
ʊf.ɪg,ʊf.ʊg,ʊfɪg,ʊfʊg,ʊfɪg,ʊfʊg
ʊf.ɪf,ʊf.ʊf,ʊfɪf,ʊfʊf,ʊfɪf,ʊfʊf
ʊf.ɪs,ʊf.ʊs,ʊfɪs,ʊfʊs,ʊfɪs,ʊfʊs
ʊf.ɪv,ʊf.ʊv,ʊfɪv,ʊfʊv,ʊfɪv,ʊfʊv
ʊf.ɪz,ʊf.ʊz,ʊfɪz,ʊfʊz,ʊfɪz,ʊfʊz
ʊf.ɪʃ,ʊf.ʊʃ,ʊfɪʃ,ʊfʊʃ,ʊfɪʃ,ʊfʊʃ
ʊf.ɪʒ,ʊf.ʊʒ,ʊfɪʒ,ʊfʊʒ,ʊfɪʒ,ʊfʊʒ
ʊf.ɪθ,ʊf.ʊθ,ʊfɪθ,ʊfʊθ,ʊfɪθ,ʊfʊθ
ʊf.ɪð,ʊf.ʊð,ʊfɪð,ʊfʊð,ʊfɪð,ʊfʊð
ʊf.ɛm,ʊf.ɔm,ʊfɛm,ʊfɔm,ʊfɛm,ʊfɔm
ʊf.ɛn,ʊf.ɔn,ʊfɛn,ʊfɔn,ʊfɛn,ʊfɔn
ʊf.ɛŋ,ʊf.ɔŋ,ʊfɛŋ,ʊfɔŋ,ʊfɛŋ,ʊfɔŋ
ʊf.ɛp,ʊf.ɔp,ʊfɛp,ʊfɔp,ʊfɛp,ʊfɔp
ʊf.ɛt,ʊf.ɔt,ʊfɛt,ʊfɔt,ʊfɛt,ʊfɔt
ʊf.ɛk,ʊf.ɔk,ʊfɛk,ʊfɔk,ʊfɛk,ʊfɔk
ʊf.ɛb,ʊf.ɔb,ʊfɛb,ʊfɔb,ʊfɛb,ʊfɔb
ʊf.ɛd,ʊf.ɔd,ʊfɛd,ʊfɔd,ʊfɛd,ʊfɔd
ʊf.ɛg,ʊf.ɔg,ʊfɛg,ʊfɔg,ʊfɛg,ʊfɔg
ʊf.ɛf,ʊf.ɔf,ʊfɛf,ʊfɔf,ʊfɛf,ʊfɔf
ʊf.ɛs,ʊf.ɔs,ʊfɛs,ʊfɔs,ʊfɛs,ʊfɔs
ʊf.ɛv,ʊf.ɔv,ʊfɛv,ʊfɔv,ʊfɛv,ʊfɔv
ʊf.ɛz,ʊf.ɔz,ʊfɛz,ʊfɔz,ʊfɛz,ʊfɔz
ʊf.ɛʃ,ʊf.ɔʃ,ʊfɛʃ,ʊfɔʃ,ʊfɛʃ,ʊfɔʃ
ʊf.ɛʒ,ʊf.ɔʒ,ʊfɛʒ,ʊfɔʒ,ʊfɛʒ,ʊfɔʒ
ʊf.ɛθ,ʊf.ɔθ,ʊfɛθ,ʊfɔθ,ʊfɛθ,ʊfɔθ
ʊf.ɛð,ʊf.ɔð,ʊfɛð,ʊfɔð,ʊfɛð,ʊfɔð
ʊf.ʊm,ʊf.ɪm,ʊfʊm,ʊfɪm,ʊfʊm,ʊfɪm
ʊf.ʊn,ʊf.ɪn,ʊfʊn,ʊfɪn,ʊfʊn,ʊfɪn
ʊf.ʊŋ,ʊf.ɪŋ,ʊfʊŋ,ʊfɪŋ,ʊfʊŋ,ʊfɪŋ
ʊf.ʊp,ʊf.ɪp,ʊfʊp,ʊfɪp,ʊfʊp,ʊfɪp
ʊf.ʊt,ʊf.ɪt,ʊfʊt,ʊfɪt,ʊfʊt,ʊfɪt
ʊf.ʊk,ʊf.ɪk,ʊfʊk,ʊfɪk,ʊfʊk,ʊfɪk
ʊf.ʊb,ʊf.ɪb,ʊfʊb,ʊfɪb,ʊfʊb,ʊfɪb
ʊf.ʊd,ʊf.ɪd,ʊfʊd,ʊfɪd,ʊfʊd,ʊfɪd
ʊf.ʊg,ʊf.ɪg,ʊfʊg,ʊfɪg,ʊfʊg,ʊfɪg
ʊf.ʊf,ʊf.ɪf,ʊfʊf,ʊfɪf,ʊfʊf,ʊfɪf
ʊf.ʊs,ʊf.ɪs,ʊfʊs,ʊfɪs,ʊfʊs,ʊfɪs
ʊf.ʊv,ʊf.ɪv,ʊfʊv,ʊfɪv,ʊfʊv,ʊfɪv
ʊf.ʊz,ʊf.ɪz,ʊfʊz,ʊfɪz,ʊfʊz,ʊfɪz
ʊf.ʊʃ,ʊf.ɪʃ,ʊfʊʃ,ʊfɪʃ,ʊfʊʃ,ʊfɪʃ
ʊf.ʊʒ,ʊf.ɪʒ,ʊfʊʒ,ʊfɪʒ,ʊfʊʒ,ʊfɪʒ
ʊf.ʊθ,ʊf.ɪθ,ʊfʊθ,ʊfɪθ,ʊfʊθ,ʊfɪθ
ʊf.ʊð,ʊf.ɪð,ʊfʊð,ʊfɪð,ʊfʊð,ʊfɪð
ʊf.ɔm,ʊf.ɛm,ʊfɔm,ʊfɛm,ʊfɔm,ʊfɛm
ʊf.ɔn,ʊf.ɛn,ʊfɔn,ʊfɛn,ʊfɔn,ʊfɛn
ʊf.ɔŋ,ʊf.ɛŋ,ʊfɔŋ,ʊfɛŋ,ʊfɔŋ,ʊfɛŋ
ʊf.ɔp,ʊf.ɛp,ʊfɔp,ʊfɛp,ʊfɔp,ʊfɛp
ʊf.ɔt,ʊf.ɛt,ʊfɔt,ʊfɛt,ʊfɔt,ʊfɛt
ʊf.ɔk,ʊf.ɛk,ʊfɔk,ʊfɛk,ʊfɔk,ʊfɛk
ʊf.ɔb,ʊf.ɛb,ʊfɔb,ʊfɛb,ʊfɔb,ʊfɛb
ʊf.ɔd,ʊf.ɛd,ʊfɔd,ʊfɛd,ʊfɔd,ʊfɛd
ʊf.ɔg,ʊf.ɛg,ʊfɔg,ʊfɛg,ʊfɔg,ʊfɛg
ʊf.ɔf,ʊf.ɛf,ʊfɔf,ʊfɛf,ʊfɔf,ʊfɛf
ʊf.ɔs,ʊf.ɛs,ʊfɔs,ʊfɛs,ʊfɔs,ʊfɛs
ʊf.ɔv,ʊf.ɛv,ʊfɔv,ʊfɛv,ʊfɔv,ʊfɛv
ʊf.ɔz,ʊf.ɛz,ʊfɔz,ʊfɛz,ʊfɔz,ʊfɛz
ʊf.ɔʃ,ʊf.ɛʃ,ʊfɔʃ,ʊfɛʃ,ʊfɔʃ,ʊfɛʃ
ʊf.ɔʒ,ʊf.ɛʒ,ʊfɔʒ,ʊfɛʒ,ʊfɔʒ,ʊfɛʒ
ʊf.ɔθ,ʊf.ɛθ,ʊfɔθ,ʊfɛθ,ʊfɔθ,ʊfɛθ
ʊf.ɔð,ʊf.ɛð,ʊfɔð,ʊfɛð,ʊfɔð,ʊfɛð
ʊs.ɪm,ʊs.ʊm,ʊsɪm,ʊsʊm,ʊsɪm,ʊsʊm
ʊs.ɪn,ʊs.ʊn,ʊsɪn,ʊsʊn,ʊsɪn,ʊsʊn
ʊs.ɪŋ,ʊs.ʊŋ,ʊsɪŋ,ʊsʊŋ,ʊsɪŋ,ʊsʊŋ
ʊs.ɪp,ʊs.ʊp,ʊsɪp,ʊsʊp,ʊsɪp,ʊsʊp
ʊs.ɪt,ʊs.ʊt,ʊsɪt,ʊsʊt,ʊsɪt,ʊsʊt
ʊs.ɪk,ʊs.ʊk,ʊsɪk,ʊsʊk,ʊsɪk,ʊsʊk
ʊs.ɪb,ʊs.ʊb,ʊsɪb,ʊsʊb,ʊsɪb,ʊsʊb
ʊs.ɪd,ʊs.ʊd,ʊsɪd,ʊsʊd,ʊsɪd,ʊsʊd
ʊs.ɪg,ʊs.ʊg,ʊsɪg,ʊsʊg,ʊsɪg,ʊsʊg
ʊs.ɪf,ʊs.ʊf,ʊsɪf,ʊsʊf,ʊsɪf,ʊsʊf
ʊs.ɪs,ʊs.ʊs,ʊsɪs,ʊsʊs,ʊsɪs,ʊsʊs
ʊs.ɪv,ʊs.ʊv,ʊsɪv,ʊsʊv,ʊsɪv,ʊsʊv
ʊs.ɪz,ʊs.ʊz,ʊsɪz,ʊsʊz,ʊsɪz,ʊsʊz
ʊs.ɪʃ,ʊs.ʊʃ,ʊsɪʃ,ʊsʊʃ,ʊsɪʃ,ʊsʊʃ
ʊs.ɪʒ,ʊs.ʊʒ,ʊsɪʒ,ʊsʊʒ,ʊsɪʒ,ʊsʊʒ
ʊs.ɪθ,ʊs.ʊθ,ʊsɪθ,ʊsʊθ,ʊsɪθ,ʊsʊθ
ʊs.ɪð,ʊs.ʊð,ʊsɪð,ʊsʊð,ʊsɪð,ʊsʊð
ʊs.ɛm,ʊs.ɔm,ʊsɛm,ʊsɔm,ʊsɛm,ʊsɔm
ʊs.ɛn,ʊs.ɔn,ʊsɛn,ʊsɔn,ʊsɛn,ʊsɔn
ʊs.ɛŋ,ʊs.ɔŋ,ʊsɛŋ,ʊsɔŋ,ʊsɛŋ,ʊsɔŋ
ʊs.ɛp,ʊs.ɔp,ʊsɛp,ʊsɔp,ʊsɛp,ʊsɔp
ʊs.ɛt,ʊs.ɔt,ʊsɛt,ʊsɔt,ʊsɛt,ʊsɔt
ʊs.ɛk,ʊs.ɔk,ʊsɛk,ʊsɔk,ʊsɛk,ʊsɔk
ʊs.ɛb,ʊs.ɔb,ʊsɛb,ʊsɔb,ʊsɛb,ʊsɔb
ʊs.ɛd,ʊs.ɔd,ʊsɛd,ʊsɔd,ʊsɛd,ʊsɔd
ʊs.ɛg,ʊs.ɔg,ʊsɛg,ʊsɔg,ʊsɛg,ʊsɔg
ʊs.ɛf,ʊs.ɔf,ʊsɛf,ʊsɔf,ʊsɛf,ʊsɔf
ʊs.ɛs,ʊs.ɔs,ʊsɛs,ʊsɔs,ʊsɛs,ʊsɔs
ʊs.ɛv,ʊs.ɔv,ʊsɛv,ʊsɔv,ʊsɛv,ʊsɔv
ʊs.ɛz,ʊs.ɔz,ʊsɛz,ʊsɔz,ʊsɛz,ʊsɔz
ʊs.ɛʃ,ʊs.ɔʃ,ʊsɛʃ,ʊsɔʃ,ʊsɛʃ,ʊsɔʃ
ʊs.ɛʒ,ʊs.ɔʒ,ʊsɛʒ,ʊsɔʒ,ʊsɛʒ,ʊsɔʒ
ʊs.ɛθ,ʊs.ɔθ,ʊsɛθ,ʊsɔθ,ʊsɛθ,ʊsɔθ
ʊs.ɛð,ʊs.ɔð,ʊsɛð,ʊsɔð,ʊsɛð,ʊsɔð
ʊs.ʊm,ʊs.ɪm,ʊsʊm,ʊsɪm,ʊsʊm,ʊsɪm
ʊs.ʊn,ʊs.ɪn,ʊsʊn,ʊsɪn,ʊsʊn,ʊsɪn
ʊs.ʊŋ,ʊs.ɪŋ,ʊsʊŋ,ʊsɪŋ,ʊsʊŋ,ʊsɪŋ
ʊs.ʊp,ʊs.ɪp,ʊsʊp,ʊsɪp,ʊsʊp,ʊsɪp
ʊs.ʊt,ʊs.ɪt,ʊsʊt,ʊsɪt,ʊsʊt,ʊsɪt
ʊs.ʊk,ʊs.ɪk,ʊsʊk,ʊsɪk,ʊsʊk,ʊsɪk
ʊs.ʊb,ʊs.ɪb,ʊsʊb,ʊsɪb,ʊsʊb,ʊsɪb
ʊs.ʊd,ʊs.ɪd,ʊsʊd,ʊsɪd,ʊsʊd,ʊsɪd
ʊs.ʊg,ʊs.ɪg,ʊsʊg,ʊsɪg,ʊsʊg,ʊsɪg
ʊs.ʊf,ʊs.ɪf,ʊsʊf,ʊsɪf,ʊsʊf,ʊsɪf
ʊs.ʊs,ʊs.ɪs,ʊsʊs,ʊsɪs,ʊsʊs,ʊsɪs
ʊs.ʊv,ʊs.ɪv,ʊsʊv,ʊsɪv,ʊsʊv,ʊsɪv
ʊs.ʊz,ʊs.ɪz,ʊsʊz,ʊsɪz,ʊsʊz,ʊsɪz
ʊs.ʊʃ,ʊs.ɪʃ,ʊsʊʃ,ʊsɪʃ,ʊsʊʃ,ʊsɪʃ
ʊs.ʊʒ,ʊs.ɪʒ,ʊsʊʒ,ʊsɪʒ,ʊsʊʒ,ʊsɪʒ
ʊs.ʊθ,ʊs.ɪθ,ʊsʊθ,ʊsɪθ,ʊsʊθ,ʊsɪθ
ʊs.ʊð,ʊs.ɪð,ʊsʊð,ʊsɪð,ʊsʊð,ʊsɪð
ʊs.ɔm,ʊs.ɛm,ʊsɔm,ʊsɛm,ʊsɔm,ʊsɛm
ʊs.ɔn,ʊs.ɛn,ʊsɔn,ʊsɛn,ʊsɔn,ʊsɛn
ʊs.ɔŋ,ʊs.ɛŋ,ʊsɔŋ,ʊsɛŋ,ʊsɔŋ,ʊsɛŋ
ʊs.ɔp,ʊs.ɛp,ʊsɔp,ʊsɛp,ʊsɔp,ʊsɛp
ʊs.ɔt,ʊs.ɛt,ʊsɔt,ʊsɛt,ʊsɔt,ʊsɛt
ʊs.ɔk,ʊs.ɛk,ʊsɔk,ʊsɛk,ʊsɔk,ʊsɛk
ʊs.ɔb,ʊs.ɛb,ʊsɔb,ʊsɛb,ʊsɔb,ʊsɛb
ʊs.ɔd,ʊs.ɛd,ʊsɔd,ʊsɛd,ʊsɔd,ʊsɛd
ʊs.ɔg,ʊs.ɛg,ʊsɔg,ʊsɛg,ʊsɔg,ʊsɛg
ʊs.ɔf,ʊs.ɛf,ʊsɔf,ʊsɛf,ʊsɔf,ʊsɛf
ʊs.ɔs,ʊs.ɛs,ʊsɔs,ʊsɛs,ʊsɔs,ʊsɛs
ʊs.ɔv,ʊs.ɛv,ʊsɔv,ʊsɛv,ʊsɔv,ʊsɛv
ʊs.ɔz,ʊs.ɛz,ʊsɔz,ʊsɛz,ʊsɔz,ʊsɛz
ʊs.ɔʃ,ʊs.ɛʃ,ʊsɔʃ,ʊsɛʃ,ʊsɔʃ,ʊsɛʃ
ʊs.ɔʒ,ʊs.ɛʒ,ʊsɔʒ,ʊsɛʒ,ʊsɔʒ,ʊsɛʒ
ʊs.ɔθ,ʊs.ɛθ,ʊsɔθ,ʊsɛθ,ʊsɔθ,ʊsɛθ
ʊs.ɔð,ʊs.ɛð,ʊsɔð,ʊsɛð,ʊsɔð,ʊsɛð
ʊv.ɪm,ʊv.ʊm,ʊvɪm,ʊvʊm,ʊvɪm,ʊvʊm
ʊv.ɪn,ʊv.ʊn,ʊvɪn,ʊvʊn,ʊvɪn,ʊvʊn
ʊv.ɪŋ,ʊv.ʊŋ,ʊvɪŋ,ʊvʊŋ,ʊvɪŋ,ʊvʊŋ
ʊv.ɪp,ʊv.ʊp,ʊvɪp,ʊvʊp,ʊvɪp,ʊvʊp
ʊv.ɪt,ʊv.ʊt,ʊvɪt,ʊvʊt,ʊvɪt,ʊvʊt
ʊv.ɪk,ʊv.ʊk,ʊvɪk,ʊvʊk,ʊvɪk,ʊvʊk
ʊv.ɪb,ʊv.ʊb,ʊvɪb,ʊvʊb,ʊvɪb,ʊvʊb
ʊv.ɪd,ʊv.ʊd,ʊvɪd,ʊvʊd,ʊvɪd,ʊvʊd
ʊv.ɪg,ʊv.ʊg,ʊvɪg,ʊvʊg,ʊvɪg,ʊvʊg
ʊv.ɪf,ʊv.ʊf,ʊvɪf,ʊvʊf,ʊvɪf,ʊvʊf
ʊv.ɪs,ʊv.ʊs,ʊvɪs,ʊvʊs,ʊvɪs,ʊvʊs
ʊv.ɪv,ʊv.ʊv,ʊvɪv,ʊvʊv,ʊvɪv,ʊvʊv
ʊv.ɪz,ʊv.ʊz,ʊvɪz,ʊvʊz,ʊvɪz,ʊvʊz
ʊv.ɪʃ,ʊv.ʊʃ,ʊvɪʃ,ʊvʊʃ,ʊvɪʃ,ʊvʊʃ
ʊv.ɪʒ,ʊv.ʊʒ,ʊvɪʒ,ʊvʊʒ,ʊvɪʒ,ʊvʊʒ
ʊv.ɪθ,ʊv.ʊθ,ʊvɪθ,ʊvʊθ,ʊvɪθ,ʊvʊθ
ʊv.ɪð,ʊv.ʊð,ʊvɪð,ʊvʊð,ʊvɪð,ʊvʊð
ʊv.ɛm,ʊv.ɔm,ʊvɛm,ʊvɔm,ʊvɛm,ʊvɔm
ʊv.ɛn,ʊv.ɔn,ʊvɛn,ʊvɔn,ʊvɛn,ʊvɔn
ʊv.ɛŋ,ʊv.ɔŋ,ʊvɛŋ,ʊvɔŋ,ʊvɛŋ,ʊvɔŋ
ʊv.ɛp,ʊv.ɔp,ʊvɛp,ʊvɔp,ʊvɛp,ʊvɔp
ʊv.ɛt,ʊv.ɔt,ʊvɛt,ʊvɔt,ʊvɛt,ʊvɔt
ʊv.ɛk,ʊv.ɔk,ʊvɛk,ʊvɔk,ʊvɛk,ʊvɔk
ʊv.ɛb,ʊv.ɔb,ʊvɛb,ʊvɔb,ʊvɛb,ʊvɔb
ʊv.ɛd,ʊv.ɔd,ʊvɛd,ʊvɔd,ʊvɛd,ʊvɔd
ʊv.ɛg,ʊv.ɔg,ʊvɛg,ʊvɔg,ʊvɛg,ʊvɔg
ʊv.ɛf,ʊv.ɔf,ʊvɛf,ʊvɔf,ʊvɛf,ʊvɔf
ʊv.ɛs,ʊv.ɔs,ʊvɛs,ʊvɔs,ʊvɛs,ʊvɔs
ʊv.ɛv,ʊv.ɔv,ʊvɛv,ʊvɔv,ʊvɛv,ʊvɔv
ʊv.ɛz,ʊv.ɔz,ʊvɛz,ʊvɔz,ʊvɛz,ʊvɔz
ʊv.ɛʃ,ʊv.ɔʃ,ʊvɛʃ,ʊvɔʃ,ʊvɛʃ,ʊvɔʃ
ʊv.ɛʒ,ʊv.ɔʒ,ʊvɛʒ,ʊvɔʒ,ʊvɛʒ,ʊvɔʒ
ʊv.ɛθ,ʊv.ɔθ,ʊvɛθ,ʊvɔθ,ʊvɛθ,ʊvɔθ
ʊv.ɛð,ʊv.ɔð,ʊvɛð,ʊvɔð,ʊvɛð,ʊvɔð
ʊv.ʊm,ʊv.ɪm,ʊvʊm,ʊvɪm,ʊvʊm,ʊvɪm
ʊv.ʊn,ʊv.ɪn,ʊvʊn,ʊvɪn,ʊvʊn,ʊvɪn
ʊv.ʊŋ,ʊv.ɪŋ,ʊvʊŋ,ʊvɪŋ,ʊvʊŋ,ʊvɪŋ
ʊv.ʊp,ʊv.ɪp,ʊvʊp,ʊvɪp,ʊvʊp,ʊvɪp
ʊv.ʊt,ʊv.ɪt,ʊvʊt,ʊvɪt,ʊvʊt,ʊvɪt
ʊv.ʊk,ʊv.ɪk,ʊvʊk,ʊvɪk,ʊvʊk,ʊvɪk
ʊv.ʊb,ʊv.ɪb,ʊvʊb,ʊvɪb,ʊvʊb,ʊvɪb
ʊv.ʊd,ʊv.ɪd,ʊvʊd,ʊvɪd,ʊvʊd,ʊvɪd
ʊv.ʊg,ʊv.ɪg,ʊvʊg,ʊvɪg,ʊvʊg,ʊvɪg
ʊv.ʊf,ʊv.ɪf,ʊvʊf,ʊvɪf,ʊvʊf,ʊvɪf
ʊv.ʊs,ʊv.ɪs,ʊvʊs,ʊvɪs,ʊvʊs,ʊvɪs
ʊv.ʊv,ʊv.ɪv,ʊvʊv,ʊvɪv,ʊvʊv,ʊvɪv
ʊv.ʊz,ʊv.ɪz,ʊvʊz,ʊvɪz,ʊvʊz,ʊvɪz
ʊv.ʊʃ,ʊv.ɪʃ,ʊvʊʃ,ʊvɪʃ,ʊvʊʃ,ʊvɪʃ
ʊv.ʊʒ,ʊv.ɪʒ,ʊvʊʒ,ʊvɪʒ,ʊvʊʒ,ʊvɪʒ
ʊv.ʊθ,ʊv.ɪθ,ʊvʊθ,ʊvɪθ,ʊvʊθ,ʊvɪθ
ʊv.ʊð,ʊv.ɪð,ʊvʊð,ʊvɪð,ʊvʊð,ʊvɪð
ʊv.ɔm,ʊv.ɛm,ʊvɔm,ʊvɛm,ʊvɔm,ʊvɛm
ʊv.ɔn,ʊv.ɛn,ʊvɔn,ʊvɛn,ʊvɔn,ʊvɛn
ʊv.ɔŋ,ʊv.ɛŋ,ʊvɔŋ,ʊvɛŋ,ʊvɔŋ,ʊvɛŋ
ʊv.ɔp,ʊv.ɛp,ʊvɔp,ʊvɛp,ʊvɔp,ʊvɛp
ʊv.ɔt,ʊv.ɛt,ʊvɔt,ʊvɛt,ʊvɔt,ʊvɛt
ʊv.ɔk,ʊv.ɛk,ʊvɔk,ʊvɛk,ʊvɔk,ʊvɛk
ʊv.ɔb,ʊv.ɛb,ʊvɔb,ʊvɛb,ʊvɔb,ʊvɛb
ʊv.ɔd,ʊv.ɛd,ʊvɔd,ʊvɛd,ʊvɔd,ʊvɛd
ʊv.ɔg,ʊv.ɛg,ʊvɔg,ʊvɛg,ʊvɔg,ʊvɛg
ʊv.ɔf,ʊv.ɛf,ʊvɔf,ʊvɛf,ʊvɔf,ʊvɛf
ʊv.ɔs,ʊv.ɛs,ʊvɔs,ʊvɛs,ʊvɔs,ʊvɛs
ʊv.ɔv,ʊv.ɛv,ʊvɔv,ʊvɛv,ʊvɔv,ʊvɛv
ʊv.ɔz,ʊv.ɛz,ʊvɔz,ʊvɛz,ʊvɔz,ʊvɛz
ʊv.ɔʃ,ʊv.ɛʃ,ʊvɔʃ,ʊvɛʃ,ʊvɔʃ,ʊvɛʃ
ʊv.ɔʒ,ʊv.ɛʒ,ʊvɔʒ,ʊvɛʒ,ʊvɔʒ,ʊvɛʒ
ʊv.ɔθ,ʊv.ɛθ,ʊvɔθ,ʊvɛθ,ʊvɔθ,ʊvɛθ
ʊv.ɔð,ʊv.ɛð,ʊvɔð,ʊvɛð,ʊvɔð,ʊvɛð
ʊz.ɪm,ʊz.ʊm,ʊzɪm,ʊzʊm,ʊzɪm,ʊzʊm
ʊz.ɪn,ʊz.ʊn,ʊzɪn,ʊzʊn,ʊzɪn,ʊzʊn
ʊz.ɪŋ,ʊz.ʊŋ,ʊzɪŋ,ʊzʊŋ,ʊzɪŋ,ʊzʊŋ
ʊz.ɪp,ʊz.ʊp,ʊzɪp,ʊzʊp,ʊzɪp,ʊzʊp
ʊz.ɪt,ʊz.ʊt,ʊzɪt,ʊzʊt,ʊzɪt,ʊzʊt
ʊz.ɪk,ʊz.ʊk,ʊzɪk,ʊzʊk,ʊzɪk,ʊzʊk
ʊz.ɪb,ʊz.ʊb,ʊzɪb,ʊzʊb,ʊzɪb,ʊzʊb
ʊz.ɪd,ʊz.ʊd,ʊzɪd,ʊzʊd,ʊzɪd,ʊzʊd
ʊz.ɪg,ʊz.ʊg,ʊzɪg,ʊzʊg,ʊzɪg,ʊzʊg
ʊz.ɪf,ʊz.ʊf,ʊzɪf,ʊzʊf,ʊzɪf,ʊzʊf
ʊz.ɪs,ʊz.ʊs,ʊzɪs,ʊzʊs,ʊzɪs,ʊzʊs
ʊz.ɪv,ʊz.ʊv,ʊzɪv,ʊzʊv,ʊzɪv,ʊzʊv
ʊz.ɪz,ʊz.ʊz,ʊzɪz,ʊzʊz,ʊzɪz,ʊzʊz
ʊz.ɪʃ,ʊz.ʊʃ,ʊzɪʃ,ʊzʊʃ,ʊzɪʃ,ʊzʊʃ
ʊz.ɪʒ,ʊz.ʊʒ,ʊzɪʒ,ʊzʊʒ,ʊzɪʒ,ʊzʊʒ
ʊz.ɪθ,ʊz.ʊθ,ʊzɪθ,ʊzʊθ,ʊzɪθ,ʊzʊθ
ʊz.ɪð,ʊz.ʊð,ʊzɪð,ʊzʊð,ʊzɪð,ʊzʊð
ʊz.ɛm,ʊz.ɔm,ʊzɛm,ʊzɔm,ʊzɛm,ʊzɔm
ʊz.ɛn,ʊz.ɔn,ʊzɛn,ʊzɔn,ʊzɛn,ʊzɔn
ʊz.ɛŋ,ʊz.ɔŋ,ʊzɛŋ,ʊzɔŋ,ʊzɛŋ,ʊzɔŋ
ʊz.ɛp,ʊz.ɔp,ʊzɛp,ʊzɔp,ʊzɛp,ʊzɔp
ʊz.ɛt,ʊz.ɔt,ʊzɛt,ʊzɔt,ʊzɛt,ʊzɔt
ʊz.ɛk,ʊz.ɔk,ʊzɛk,ʊzɔk,ʊzɛk,ʊzɔk
ʊz.ɛb,ʊz.ɔb,ʊzɛb,ʊzɔb,ʊzɛb,ʊzɔb
ʊz.ɛd,ʊz.ɔd,ʊzɛd,ʊzɔd,ʊzɛd,ʊzɔd
ʊz.ɛg,ʊz.ɔg,ʊzɛg,ʊzɔg,ʊzɛg,ʊzɔg
ʊz.ɛf,ʊz.ɔf,ʊzɛf,ʊzɔf,ʊzɛf,ʊzɔf
ʊz.ɛs,ʊz.ɔs,ʊzɛs,ʊzɔs,ʊzɛs,ʊzɔs
ʊz.ɛv,ʊz.ɔv,ʊzɛv,ʊzɔv,ʊzɛv,ʊzɔv
ʊz.ɛz,ʊz.ɔz,ʊzɛz,ʊzɔz,ʊzɛz,ʊzɔz
ʊz.ɛʃ,ʊz.ɔʃ,ʊzɛʃ,ʊzɔʃ,ʊzɛʃ,ʊzɔʃ
ʊz.ɛʒ,ʊz.ɔʒ,ʊzɛʒ,ʊzɔʒ,ʊzɛʒ,ʊzɔʒ
ʊz.ɛθ,ʊz.ɔθ,ʊzɛθ,ʊzɔθ,ʊzɛθ,ʊzɔθ
ʊz.ɛð,ʊz.ɔð,ʊzɛð,ʊzɔð,ʊzɛð,ʊzɔð
ʊz.ʊm,ʊz.ɪm,ʊzʊm,ʊzɪm,ʊzʊm,ʊzɪm
ʊz.ʊn,ʊz.ɪn,ʊzʊn,ʊzɪn,ʊzʊn,ʊzɪn
ʊz.ʊŋ,ʊz.ɪŋ,ʊzʊŋ,ʊzɪŋ,ʊzʊŋ,ʊzɪŋ
ʊz.ʊp,ʊz.ɪp,ʊzʊp,ʊzɪp,ʊzʊp,ʊzɪp
ʊz.ʊt,ʊz.ɪt,ʊzʊt,ʊzɪt,ʊzʊt,ʊzɪt
ʊz.ʊk,ʊz.ɪk,ʊzʊk,ʊzɪk,ʊzʊk,ʊzɪk
ʊz.ʊb,ʊz.ɪb,ʊzʊb,ʊzɪb,ʊzʊb,ʊzɪb
ʊz.ʊd,ʊz.ɪd,ʊzʊd,ʊzɪd,ʊzʊd,ʊzɪd
ʊz.ʊg,ʊz.ɪg,ʊzʊg,ʊzɪg,ʊzʊg,ʊzɪg
ʊz.ʊf,ʊz.ɪf,ʊzʊf,ʊzɪf,ʊzʊf,ʊzɪf
ʊz.ʊs,ʊz.ɪs,ʊzʊs,ʊzɪs,ʊzʊs,ʊzɪs
ʊz.ʊv,ʊz.ɪv,ʊzʊv,ʊzɪv,ʊzʊv,ʊzɪv
ʊz.ʊz,ʊz.ɪz,ʊzʊz,ʊzɪz,ʊzʊz,ʊzɪz
ʊz.ʊʃ,ʊz.ɪʃ,ʊzʊʃ,ʊzɪʃ,ʊzʊʃ,ʊzɪʃ
ʊz.ʊʒ,ʊz.ɪʒ,ʊzʊʒ,ʊzɪʒ,ʊzʊʒ,ʊzɪʒ
ʊz.ʊθ,ʊz.ɪθ,ʊzʊθ,ʊzɪθ,ʊzʊθ,ʊzɪθ
ʊz.ʊð,ʊz.ɪð,ʊzʊð,ʊzɪð,ʊzʊð,ʊzɪð
ʊz.ɔm,ʊz.ɛm,ʊzɔm,ʊzɛm,ʊzɔm,ʊzɛm
ʊz.ɔn,ʊz.ɛn,ʊzɔn,ʊzɛn,ʊzɔn,ʊzɛn
ʊz.ɔŋ,ʊz.ɛŋ,ʊzɔŋ,ʊzɛŋ,ʊzɔŋ,ʊzɛŋ
ʊz.ɔp,ʊz.ɛp,ʊzɔp,ʊzɛp,ʊzɔp,ʊzɛp
ʊz.ɔt,ʊz.ɛt,ʊzɔt,ʊzɛt,ʊzɔt,ʊzɛt
ʊz.ɔk,ʊz.ɛk,ʊzɔk,ʊzɛk,ʊzɔk,ʊzɛk
ʊz.ɔb,ʊz.ɛb,ʊzɔb,ʊzɛb,ʊzɔb,ʊzɛb
ʊz.ɔd,ʊz.ɛd,ʊzɔd,ʊzɛd,ʊzɔd,ʊzɛd
ʊz.ɔg,ʊz.ɛg,ʊzɔg,ʊzɛg,ʊzɔg,ʊzɛg
ʊz.ɔf,ʊz.ɛf,ʊzɔf,ʊzɛf,ʊzɔf,ʊzɛf
ʊz.ɔs,ʊz.ɛs,ʊzɔs,ʊzɛs,ʊzɔs,ʊzɛs
ʊz.ɔv,ʊz.ɛv,ʊzɔv,ʊzɛv,ʊzɔv,ʊzɛv
ʊz.ɔz,ʊz.ɛz,ʊzɔz,ʊzɛz,ʊzɔz,ʊzɛz
ʊz.ɔʃ,ʊz.ɛʃ,ʊzɔʃ,ʊzɛʃ,ʊzɔʃ,ʊzɛʃ
ʊz.ɔʒ,ʊz.ɛʒ,ʊzɔʒ,ʊzɛʒ,ʊzɔʒ,ʊzɛʒ
ʊz.ɔθ,ʊz.ɛθ,ʊzɔθ,ʊzɛθ,ʊzɔθ,ʊzɛθ
ʊz.ɔð,ʊz.ɛð,ʊzɔð,ʊzɛð,ʊzɔð,ʊzɛð
ʊʃ.ɪm,ʊʃ.ʊm,ʊʃɪm,ʊʃʊm,ʊʃɪm,ʊʃʊm
ʊʃ.ɪn,ʊʃ.ʊn,ʊʃɪn,ʊʃʊn,ʊʃɪn,ʊʃʊn
ʊʃ.ɪŋ,ʊʃ.ʊŋ,ʊʃɪŋ,ʊʃʊŋ,ʊʃɪŋ,ʊʃʊŋ
ʊʃ.ɪp,ʊʃ.ʊp,ʊʃɪp,ʊʃʊp,ʊʃɪp,ʊʃʊp
ʊʃ.ɪt,ʊʃ.ʊt,ʊʃɪt,ʊʃʊt,ʊʃɪt,ʊʃʊt
ʊʃ.ɪk,ʊʃ.ʊk,ʊʃɪk,ʊʃʊk,ʊʃɪk,ʊʃʊk
ʊʃ.ɪb,ʊʃ.ʊb,ʊʃɪb,ʊʃʊb,ʊʃɪb,ʊʃʊb
ʊʃ.ɪd,ʊʃ.ʊd,ʊʃɪd,ʊʃʊd,ʊʃɪd,ʊʃʊd
ʊʃ.ɪg,ʊʃ.ʊg,ʊʃɪg,ʊʃʊg,ʊʃɪg,ʊʃʊg
ʊʃ.ɪf,ʊʃ.ʊf,ʊʃɪf,ʊʃʊf,ʊʃɪf,ʊʃʊf
ʊʃ.ɪs,ʊʃ.ʊs,ʊʃɪs,ʊʃʊs,ʊʃɪs,ʊʃʊs
ʊʃ.ɪv,ʊʃ.ʊv,ʊʃɪv,ʊʃʊv,ʊʃɪv,ʊʃʊv
ʊʃ.ɪz,ʊʃ.ʊz,ʊʃɪz,ʊʃʊz,ʊʃɪz,ʊʃʊz
ʊʃ.ɪʃ,ʊʃ.ʊʃ,ʊʃɪʃ,ʊʃʊʃ,ʊʃɪʃ,ʊʃʊʃ
ʊʃ.ɪʒ,ʊʃ.ʊʒ,ʊʃɪʒ,ʊʃʊʒ,ʊʃɪʒ,ʊʃʊʒ
ʊʃ.ɪθ,ʊʃ.ʊθ,ʊʃɪθ,ʊʃʊθ,ʊʃɪθ,ʊʃʊθ
ʊʃ.ɪð,ʊʃ.ʊð,ʊʃɪð,ʊʃʊð,ʊʃɪð,ʊʃʊð
ʊʃ.ɛm,ʊʃ.ɔm,ʊʃɛm,ʊʃɔm,ʊʃɛm,ʊʃɔm
ʊʃ.ɛn,ʊʃ.ɔn,ʊʃɛn,ʊʃɔn,ʊʃɛn,ʊʃɔn
ʊʃ.ɛŋ,ʊʃ.ɔŋ,ʊʃɛŋ,ʊʃɔŋ,ʊʃɛŋ,ʊʃɔŋ
ʊʃ.ɛp,ʊʃ.ɔp,ʊʃɛp,ʊʃɔp,ʊʃɛp,ʊʃɔp
ʊʃ.ɛt,ʊʃ.ɔt,ʊʃɛt,ʊʃɔt,ʊʃɛt,ʊʃɔt
ʊʃ.ɛk,ʊʃ.ɔk,ʊʃɛk,ʊʃɔk,ʊʃɛk,ʊʃɔk
ʊʃ.ɛb,ʊʃ.ɔb,ʊʃɛb,ʊʃɔb,ʊʃɛb,ʊʃɔb
ʊʃ.ɛd,ʊʃ.ɔd,ʊʃɛd,ʊʃɔd,ʊʃɛd,ʊʃɔd
ʊʃ.ɛg,ʊʃ.ɔg,ʊʃɛg,ʊʃɔg,ʊʃɛg,ʊʃɔg
ʊʃ.ɛf,ʊʃ.ɔf,ʊʃɛf,ʊʃɔf,ʊʃɛf,ʊʃɔf
ʊʃ.ɛs,ʊʃ.ɔs,ʊʃɛs,ʊʃɔs,ʊʃɛs,ʊʃɔs
ʊʃ.ɛv,ʊʃ.ɔv,ʊʃɛv,ʊʃɔv,ʊʃɛv,ʊʃɔv
ʊʃ.ɛz,ʊʃ.ɔz,ʊʃɛz,ʊʃɔz,ʊʃɛz,ʊʃɔz
ʊʃ.ɛʃ,ʊʃ.ɔʃ,ʊʃɛʃ,ʊʃɔʃ,ʊʃɛʃ,ʊʃɔʃ
ʊʃ.ɛʒ,ʊʃ.ɔʒ,ʊʃɛʒ,ʊʃɔʒ,ʊʃɛʒ,ʊʃɔʒ
ʊʃ.ɛθ,ʊʃ.ɔθ,ʊʃɛθ,ʊʃɔθ,ʊʃɛθ,ʊʃɔθ
ʊʃ.ɛð,ʊʃ.ɔð,ʊʃɛð,ʊʃɔð,ʊʃɛð,ʊʃɔð
ʊʃ.ʊm,ʊʃ.ɪm,ʊʃʊm,ʊʃɪm,ʊʃʊm,ʊʃɪm
ʊʃ.ʊn,ʊʃ.ɪn,ʊʃʊn,ʊʃɪn,ʊʃʊn,ʊʃɪn
ʊʃ.ʊŋ,ʊʃ.ɪŋ,ʊʃʊŋ,ʊʃɪŋ,ʊʃʊŋ,ʊʃɪŋ
ʊʃ.ʊp,ʊʃ.ɪp,ʊʃʊp,ʊʃɪp,ʊʃʊp,ʊʃɪp
ʊʃ.ʊt,ʊʃ.ɪt,ʊʃʊt,ʊʃɪt,ʊʃʊt,ʊʃɪt
ʊʃ.ʊk,ʊʃ.ɪk,ʊʃʊk,ʊʃɪk,ʊʃʊk,ʊʃɪk
ʊʃ.ʊb,ʊʃ.ɪb,ʊʃʊb,ʊʃɪb,ʊʃʊb,ʊʃɪb
ʊʃ.ʊd,ʊʃ.ɪd,ʊʃʊd,ʊʃɪd,ʊʃʊd,ʊʃɪd
ʊʃ.ʊg,ʊʃ.ɪg,ʊʃʊg,ʊʃɪg,ʊʃʊg,ʊʃɪg
ʊʃ.ʊf,ʊʃ.ɪf,ʊʃʊf,ʊʃɪf,ʊʃʊf,ʊʃɪf
ʊʃ.ʊs,ʊʃ.ɪs,ʊʃʊs,ʊʃɪs,ʊʃʊs,ʊʃɪs
ʊʃ.ʊv,ʊʃ.ɪv,ʊʃʊv,ʊʃɪv,ʊʃʊv,ʊʃɪv
ʊʃ.ʊz,ʊʃ.ɪz,ʊʃʊz,ʊʃɪz,ʊʃʊz,ʊʃɪz
ʊʃ.ʊʃ,ʊʃ.ɪʃ,ʊʃʊʃ,ʊʃɪʃ,ʊʃʊʃ,ʊʃɪʃ
ʊʃ.ʊʒ,ʊʃ.ɪʒ,ʊʃʊʒ,ʊʃɪʒ,ʊʃʊʒ,ʊʃɪʒ
ʊʃ.ʊθ,ʊʃ.ɪθ,ʊʃʊθ,ʊʃɪθ,ʊʃʊθ,ʊʃɪθ
ʊʃ.ʊð,ʊʃ.ɪð,ʊʃʊð,ʊʃɪð,ʊʃʊð,ʊʃɪð
ʊʃ.ɔm,ʊʃ.ɛm,ʊʃɔm,ʊʃɛm,ʊʃɔm,ʊʃɛm
ʊʃ.ɔn,ʊʃ.ɛn,ʊʃɔn,ʊʃɛn,ʊʃɔn,ʊʃɛn
ʊʃ.ɔŋ,ʊʃ.ɛŋ,ʊʃɔŋ,ʊʃɛŋ,ʊʃɔŋ,ʊʃɛŋ
ʊʃ.ɔp,ʊʃ.ɛp,ʊʃɔp,ʊʃɛp,ʊʃɔp,ʊʃɛp
ʊʃ.ɔt,ʊʃ.ɛt,ʊʃɔt,ʊʃɛt,ʊʃɔt,ʊʃɛt
ʊʃ.ɔk,ʊʃ.ɛk,ʊʃɔk,ʊʃɛk,ʊʃɔk,ʊʃɛk
ʊʃ.ɔb,ʊʃ.ɛb,ʊʃɔb,ʊʃɛb,ʊʃɔb,ʊʃɛb
ʊʃ.ɔd,ʊʃ.ɛd,ʊʃɔd,ʊʃɛd,ʊʃɔd,ʊʃɛd
ʊʃ.ɔg,ʊʃ.ɛg,ʊʃɔg,ʊʃɛg,ʊʃɔg,ʊʃɛg
ʊʃ.ɔf,ʊʃ.ɛf,ʊʃɔf,ʊʃɛf,ʊʃɔf,ʊʃɛf
ʊʃ.ɔs,ʊʃ.ɛs,ʊʃɔs,ʊʃɛs,ʊʃɔs,ʊʃɛs
ʊʃ.ɔv,ʊʃ.ɛv,ʊʃɔv,ʊʃɛv,ʊʃɔv,ʊʃɛv
ʊʃ.ɔz,ʊʃ.ɛz,ʊʃɔz,ʊʃɛz,ʊʃɔz,ʊʃɛz
ʊʃ.ɔʃ,ʊʃ.ɛʃ,ʊʃɔʃ,ʊʃɛʃ,ʊʃɔʃ,ʊʃɛʃ
ʊʃ.ɔʒ,ʊʃ.ɛʒ,ʊʃɔʒ,ʊʃɛʒ,ʊʃɔʒ,ʊʃɛʒ
ʊʃ.ɔθ,ʊʃ.ɛθ,ʊʃɔθ,ʊʃɛθ,ʊʃɔθ,ʊʃɛθ
ʊʃ.ɔð,ʊʃ.ɛð,ʊʃɔð,ʊʃɛð,ʊʃɔð,ʊʃɛð
ʊʒ.ɪm,ʊʒ.ʊm,ʊʒɪm,ʊʒʊm,ʊʒɪm,ʊʒʊm
ʊʒ.ɪn,ʊʒ.ʊn,ʊʒɪn,ʊʒʊn,ʊʒɪn,ʊʒʊn
ʊʒ.ɪŋ,ʊʒ.ʊŋ,ʊʒɪŋ,ʊʒʊŋ,ʊʒɪŋ,ʊʒʊŋ
ʊʒ.ɪp,ʊʒ.ʊp,ʊʒɪp,ʊʒʊp,ʊʒɪp,ʊʒʊp
ʊʒ.ɪt,ʊʒ.ʊt,ʊʒɪt,ʊʒʊt,ʊʒɪt,ʊʒʊt
ʊʒ.ɪk,ʊʒ.ʊk,ʊʒɪk,ʊʒʊk,ʊʒɪk,ʊʒʊk
ʊʒ.ɪb,ʊʒ.ʊb,ʊʒɪb,ʊʒʊb,ʊʒɪb,ʊʒʊb
ʊʒ.ɪd,ʊʒ.ʊd,ʊʒɪd,ʊʒʊd,ʊʒɪd,ʊʒʊd
ʊʒ.ɪg,ʊʒ.ʊg,ʊʒɪg,ʊʒʊg,ʊʒɪg,ʊʒʊg
ʊʒ.ɪf,ʊʒ.ʊf,ʊʒɪf,ʊʒʊf,ʊʒɪf,ʊʒʊf
ʊʒ.ɪs,ʊʒ.ʊs,ʊʒɪs,ʊʒʊs,ʊʒɪs,ʊʒʊs
ʊʒ.ɪv,ʊʒ.ʊv,ʊʒɪv,ʊʒʊv,ʊʒɪv,ʊʒʊv
ʊʒ.ɪz,ʊʒ.ʊz,ʊʒɪz,ʊʒʊz,ʊʒɪz,ʊʒʊz
ʊʒ.ɪʃ,ʊʒ.ʊʃ,ʊʒɪʃ,ʊʒʊʃ,ʊʒɪʃ,ʊʒʊʃ
ʊʒ.ɪʒ,ʊʒ.ʊʒ,ʊʒɪʒ,ʊʒʊʒ,ʊʒɪʒ,ʊʒʊʒ
ʊʒ.ɪθ,ʊʒ.ʊθ,ʊʒɪθ,ʊʒʊθ,ʊʒɪθ,ʊʒʊθ
ʊʒ.ɪð,ʊʒ.ʊð,ʊʒɪð,ʊʒʊð,ʊʒɪð,ʊʒʊð
ʊʒ.ɛm,ʊʒ.ɔm,ʊʒɛm,ʊʒɔm,ʊʒɛm,ʊʒɔm
ʊʒ.ɛn,ʊʒ.ɔn,ʊʒɛn,ʊʒɔn,ʊʒɛn,ʊʒɔn
ʊʒ.ɛŋ,ʊʒ.ɔŋ,ʊʒɛŋ,ʊʒɔŋ,ʊʒɛŋ,ʊʒɔŋ
ʊʒ.ɛp,ʊʒ.ɔp,ʊʒɛp,ʊʒɔp,ʊʒɛp,ʊʒɔp
ʊʒ.ɛt,ʊʒ.ɔt,ʊʒɛt,ʊʒɔt,ʊʒɛt,ʊʒɔt
ʊʒ.ɛk,ʊʒ.ɔk,ʊʒɛk,ʊʒɔk,ʊʒɛk,ʊʒɔk
ʊʒ.ɛb,ʊʒ.ɔb,ʊʒɛb,ʊʒɔb,ʊʒɛb,ʊʒɔb
ʊʒ.ɛd,ʊʒ.ɔd,ʊʒɛd,ʊʒɔd,ʊʒɛd,ʊʒɔd
ʊʒ.ɛg,ʊʒ.ɔg,ʊʒɛg,ʊʒɔg,ʊʒɛg,ʊʒɔg
ʊʒ.ɛf,ʊʒ.ɔf,ʊʒɛf,ʊʒɔf,ʊʒɛf,ʊʒɔf
ʊʒ.ɛs,ʊʒ.ɔs,ʊʒɛs,ʊʒɔs,ʊʒɛs,ʊʒɔs
ʊʒ.ɛv,ʊʒ.ɔv,ʊʒɛv,ʊʒɔv,ʊʒɛv,ʊʒɔv
ʊʒ.ɛz,ʊʒ.ɔz,ʊʒɛz,ʊʒɔz,ʊʒɛz,ʊʒɔz
ʊʒ.ɛʃ,ʊʒ.ɔʃ,ʊʒɛʃ,ʊʒɔʃ,ʊʒɛʃ,ʊʒɔʃ
ʊʒ.ɛʒ,ʊʒ.ɔʒ,ʊʒɛʒ,ʊʒɔʒ,ʊʒɛʒ,ʊʒɔʒ
ʊʒ.ɛθ,ʊʒ.ɔθ,ʊʒɛθ,ʊʒɔθ,ʊʒɛθ,ʊʒɔθ
ʊʒ.ɛð,ʊʒ.ɔð,ʊʒɛð,ʊʒɔð,ʊʒɛð,ʊʒɔð
ʊʒ.ʊm,ʊʒ.ɪm,ʊʒʊm,ʊʒɪm,ʊʒʊm,ʊʒɪm
ʊʒ.ʊn,ʊʒ.ɪn,ʊʒʊn,ʊʒɪn,ʊʒʊn,ʊʒɪn
ʊʒ.ʊŋ,ʊʒ.ɪŋ,ʊʒʊŋ,ʊʒɪŋ,ʊʒʊŋ,ʊʒɪŋ
ʊʒ.ʊp,ʊʒ.ɪp,ʊʒʊp,ʊʒɪp,ʊʒʊp,ʊʒɪp
ʊʒ.ʊt,ʊʒ.ɪt,ʊʒʊt,ʊʒɪt,ʊʒʊt,ʊʒɪt
ʊʒ.ʊk,ʊʒ.ɪk,ʊʒʊk,ʊʒɪk,ʊʒʊk,ʊʒɪk
ʊʒ.ʊb,ʊʒ.ɪb,ʊʒʊb,ʊʒɪb,ʊʒʊb,ʊʒɪb
ʊʒ.ʊd,ʊʒ.ɪd,ʊʒʊd,ʊʒɪd,ʊʒʊd,ʊʒɪd
ʊʒ.ʊg,ʊʒ.ɪg,ʊʒʊg,ʊʒɪg,ʊʒʊg,ʊʒɪg
ʊʒ.ʊf,ʊʒ.ɪf,ʊʒʊf,ʊʒɪf,ʊʒʊf,ʊʒɪf
ʊʒ.ʊs,ʊʒ.ɪs,ʊʒʊs,ʊʒɪs,ʊʒʊs,ʊʒɪs
ʊʒ.ʊv,ʊʒ.ɪv,ʊʒʊv,ʊʒɪv,ʊʒʊv,ʊʒɪv
ʊʒ.ʊz,ʊʒ.ɪz,ʊʒʊz,ʊʒɪz,ʊʒʊz,ʊʒɪz
ʊʒ.ʊʃ,ʊʒ.ɪʃ,ʊʒʊʃ,ʊʒɪʃ,ʊʒʊʃ,ʊʒɪʃ
ʊʒ.ʊʒ,ʊʒ.ɪʒ,ʊʒʊʒ,ʊʒɪʒ,ʊʒʊʒ,ʊʒɪʒ
ʊʒ.ʊθ,ʊʒ.ɪθ,ʊʒʊθ,ʊʒɪθ,ʊʒʊθ,ʊʒɪθ
ʊʒ.ʊð,ʊʒ.ɪð,ʊʒʊð,ʊʒɪð,ʊʒʊð,ʊʒɪð
ʊʒ.ɔm,ʊʒ.ɛm,ʊʒɔm,ʊʒɛm,ʊʒɔm,ʊʒɛm
ʊʒ.ɔn,ʊʒ.ɛn,ʊʒɔn,ʊʒɛn,ʊʒɔn,ʊʒɛn
ʊʒ.ɔŋ,ʊʒ.ɛŋ,ʊʒɔŋ,ʊʒɛŋ,ʊʒɔŋ,ʊʒɛŋ
ʊʒ.ɔp,ʊʒ.ɛp,ʊʒɔp,ʊʒɛp,ʊʒɔp,ʊʒɛp
ʊʒ.ɔt,ʊʒ.ɛt,ʊʒɔt,ʊʒɛt,ʊʒɔt,ʊʒɛt
ʊʒ.ɔk,ʊʒ.ɛk,ʊʒɔk,ʊʒɛk,ʊʒɔk,ʊʒɛk
ʊʒ.ɔb,ʊʒ.ɛb,ʊʒɔb,ʊʒɛb,ʊʒɔb,ʊʒɛb
ʊʒ.ɔd,ʊʒ.ɛd,ʊʒɔd,ʊʒɛd,ʊʒɔd,ʊʒɛd
ʊʒ.ɔg,ʊʒ.ɛg,ʊʒɔg,ʊʒɛg,ʊʒɔg,ʊʒɛg
ʊʒ.ɔf,ʊʒ.ɛf,ʊʒɔf,ʊʒɛf,ʊʒɔf,ʊʒɛf
ʊʒ.ɔs,ʊʒ.ɛs,ʊʒɔs,ʊʒɛs,ʊʒɔs,ʊʒɛs
ʊʒ.ɔv,ʊʒ.ɛv,ʊʒɔv,ʊʒɛv,ʊʒɔv,ʊʒɛv
ʊʒ.ɔz,ʊʒ.ɛz,ʊʒɔz,ʊʒɛz,ʊʒɔz,ʊʒɛz
ʊʒ.ɔʃ,ʊʒ.ɛʃ,ʊʒɔʃ,ʊʒɛʃ,ʊʒɔʃ,ʊʒɛʃ
ʊʒ.ɔʒ,ʊʒ.ɛʒ,ʊʒɔʒ,ʊʒɛʒ,ʊʒɔʒ,ʊʒɛʒ
ʊʒ.ɔθ,ʊʒ.ɛθ,ʊʒɔθ,ʊʒɛθ,ʊʒɔθ,ʊʒɛθ
ʊʒ.ɔð,ʊʒ.ɛð,ʊʒɔð,ʊʒɛð,ʊʒɔð,ʊʒɛð
ʊθ.ɪm,ʊθ.ʊm,ʊθɪm,ʊθʊm,ʊθɪm,ʊθʊm
ʊθ.ɪn,ʊθ.ʊn,ʊθɪn,ʊθʊn,ʊθɪn,ʊθʊn
ʊθ.ɪŋ,ʊθ.ʊŋ,ʊθɪŋ,ʊθʊŋ,ʊθɪŋ,ʊθʊŋ
ʊθ.ɪp,ʊθ.ʊp,ʊθɪp,ʊθʊp,ʊθɪp,ʊθʊp
ʊθ.ɪt,ʊθ.ʊt,ʊθɪt,ʊθʊt,ʊθɪt,ʊθʊt
ʊθ.ɪk,ʊθ.ʊk,ʊθɪk,ʊθʊk,ʊθɪk,ʊθʊk
ʊθ.ɪb,ʊθ.ʊb,ʊθɪb,ʊθʊb,ʊθɪb,ʊθʊb
ʊθ.ɪd,ʊθ.ʊd,ʊθɪd,ʊθʊd,ʊθɪd,ʊθʊd
ʊθ.ɪg,ʊθ.ʊg,ʊθɪg,ʊθʊg,ʊθɪg,ʊθʊg
ʊθ.ɪf,ʊθ.ʊf,ʊθɪf,ʊθʊf,ʊθɪf,ʊθʊf
ʊθ.ɪs,ʊθ.ʊs,ʊθɪs,ʊθʊs,ʊθɪs,ʊθʊs
ʊθ.ɪv,ʊθ.ʊv,ʊθɪv,ʊθʊv,ʊθɪv,ʊθʊv
ʊθ.ɪz,ʊθ.ʊz,ʊθɪz,ʊθʊz,ʊθɪz,ʊθʊz
ʊθ.ɪʃ,ʊθ.ʊʃ,ʊθɪʃ,ʊθʊʃ,ʊθɪʃ,ʊθʊʃ
ʊθ.ɪʒ,ʊθ.ʊʒ,ʊθɪʒ,ʊθʊʒ,ʊθɪʒ,ʊθʊʒ
ʊθ.ɪθ,ʊθ.ʊθ,ʊθɪθ,ʊθʊθ,ʊθɪθ,ʊθʊθ
ʊθ.ɪð,ʊθ.ʊð,ʊθɪð,ʊθʊð,ʊθɪð,ʊθʊð
ʊθ.ɛm,ʊθ.ɔm,ʊθɛm,ʊθɔm,ʊθɛm,ʊθɔm
ʊθ.ɛn,ʊθ.ɔn,ʊθɛn,ʊθɔn,ʊθɛn,ʊθɔn
ʊθ.ɛŋ,ʊθ.ɔŋ,ʊθɛŋ,ʊθɔŋ,ʊθɛŋ,ʊθɔŋ
ʊθ.ɛp,ʊθ.ɔp,ʊθɛp,ʊθɔp,ʊθɛp,ʊθɔp
ʊθ.ɛt,ʊθ.ɔt,ʊθɛt,ʊθɔt,ʊθɛt,ʊθɔt
ʊθ.ɛk,ʊθ.ɔk,ʊθɛk,ʊθɔk,ʊθɛk,ʊθɔk
ʊθ.ɛb,ʊθ.ɔb,ʊθɛb,ʊθɔb,ʊθɛb,ʊθɔb
ʊθ.ɛd,ʊθ.ɔd,ʊθɛd,ʊθɔd,ʊθɛd,ʊθɔd
ʊθ.ɛg,ʊθ.ɔg,ʊθɛg,ʊθɔg,ʊθɛg,ʊθɔg
ʊθ.ɛf,ʊθ.ɔf,ʊθɛf,ʊθɔf,ʊθɛf,ʊθɔf
ʊθ.ɛs,ʊθ.ɔs,ʊθɛs,ʊθɔs,ʊθɛs,ʊθɔs
ʊθ.ɛv,ʊθ.ɔv,ʊθɛv,ʊθɔv,ʊθɛv,ʊθɔv
ʊθ.ɛz,ʊθ.ɔz,ʊθɛz,ʊθɔz,ʊθɛz,ʊθɔz
ʊθ.ɛʃ,ʊθ.ɔʃ,ʊθɛʃ,ʊθɔʃ,ʊθɛʃ,ʊθɔʃ
ʊθ.ɛʒ,ʊθ.ɔʒ,ʊθɛʒ,ʊθɔʒ,ʊθɛʒ,ʊθɔʒ
ʊθ.ɛθ,ʊθ.ɔθ,ʊθɛθ,ʊθɔθ,ʊθɛθ,ʊθɔθ
ʊθ.ɛð,ʊθ.ɔð,ʊθɛð,ʊθɔð,ʊθɛð,ʊθɔð
ʊθ.ʊm,ʊθ.ɪm,ʊθʊm,ʊθɪm,ʊθʊm,ʊθɪm
ʊθ.ʊn,ʊθ.ɪn,ʊθʊn,ʊθɪn,ʊθʊn,ʊθɪn
ʊθ.ʊŋ,ʊθ.ɪŋ,ʊθʊŋ,ʊθɪŋ,ʊθʊŋ,ʊθɪŋ
ʊθ.ʊp,ʊθ.ɪp,ʊθʊp,ʊθɪp,ʊθʊp,ʊθɪp
ʊθ.ʊt,ʊθ.ɪt,ʊθʊt,ʊθɪt,ʊθʊt,ʊθɪt
ʊθ.ʊk,ʊθ.ɪk,ʊθʊk,ʊθɪk,ʊθʊk,ʊθɪk
ʊθ.ʊb,ʊθ.ɪb,ʊθʊb,ʊθɪb,ʊθʊb,ʊθɪb
ʊθ.ʊd,ʊθ.ɪd,ʊθʊd,ʊθɪd,ʊθʊd,ʊθɪd
ʊθ.ʊg,ʊθ.ɪg,ʊθʊg,ʊθɪg,ʊθʊg,ʊθɪg
ʊθ.ʊf,ʊθ.ɪf,ʊθʊf,ʊθɪf,ʊθʊf,ʊθɪf
ʊθ.ʊs,ʊθ.ɪs,ʊθʊs,ʊθɪs,ʊθʊs,ʊθɪs
ʊθ.ʊv,ʊθ.ɪv,ʊθʊv,ʊθɪv,ʊθʊv,ʊθɪv
ʊθ.ʊz,ʊθ.ɪz,ʊθʊz,ʊθɪz,ʊθʊz,ʊθɪz
ʊθ.ʊʃ,ʊθ.ɪʃ,ʊθʊʃ,ʊθɪʃ,ʊθʊʃ,ʊθɪʃ
ʊθ.ʊʒ,ʊθ.ɪʒ,ʊθʊʒ,ʊθɪʒ,ʊθʊʒ,ʊθɪʒ
ʊθ.ʊθ,ʊθ.ɪθ,ʊθʊθ,ʊθɪθ,ʊθʊθ,ʊθɪθ
ʊθ.ʊð,ʊθ.ɪð,ʊθʊð,ʊθɪð,ʊθʊð,ʊθɪð
ʊθ.ɔm,ʊθ.ɛm,ʊθɔm,ʊθɛm,ʊθɔm,ʊθɛm
ʊθ.ɔn,ʊθ.ɛn,ʊθɔn,ʊθɛn,ʊθɔn,ʊθɛn
ʊθ.ɔŋ,ʊθ.ɛŋ,ʊθɔŋ,ʊθɛŋ,ʊθɔŋ,ʊθɛŋ
ʊθ.ɔp,ʊθ.ɛp,ʊθɔp,ʊθɛp,ʊθɔp,ʊθɛp
ʊθ.ɔt,ʊθ.ɛt,ʊθɔt,ʊθɛt,ʊθɔt,ʊθɛt
ʊθ.ɔk,ʊθ.ɛk,ʊθɔk,ʊθɛk,ʊθɔk,ʊθɛk
ʊθ.ɔb,ʊθ.ɛb,ʊθɔb,ʊθɛb,ʊθɔb,ʊθɛb
ʊθ.ɔd,ʊθ.ɛd,ʊθɔd,ʊθɛd,ʊθɔd,ʊθɛd
ʊθ.ɔg,ʊθ.ɛg,ʊθɔg,ʊθɛg,ʊθɔg,ʊθɛg
ʊθ.ɔf,ʊθ.ɛf,ʊθɔf,ʊθɛf,ʊθɔf,ʊθɛf
ʊθ.ɔs,ʊθ.ɛs,ʊθɔs,ʊθɛs,ʊθɔs,ʊθɛs
ʊθ.ɔv,ʊθ.ɛv,ʊθɔv,ʊθɛv,ʊθɔv,ʊθɛv
ʊθ.ɔz,ʊθ.ɛz,ʊθɔz,ʊθɛz,ʊθɔz,ʊθɛz
ʊθ.ɔʃ,ʊθ.ɛʃ,ʊθɔʃ,ʊθɛʃ,ʊθɔʃ,ʊθɛʃ
ʊθ.ɔʒ,ʊθ.ɛʒ,ʊθɔʒ,ʊθɛʒ,ʊθɔʒ,ʊθɛʒ
ʊθ.ɔθ,ʊθ.ɛθ,ʊθɔθ,ʊθɛθ,ʊθɔθ,ʊθɛθ
ʊθ.ɔð,ʊθ.ɛð,ʊθɔð,ʊθɛð,ʊθɔð,ʊθɛð
ʊð.ɪm,ʊð.ʊm,ʊðɪm,ʊðʊm,ʊðɪm,ʊðʊm
ʊð.ɪn,ʊð.ʊn,ʊðɪn,ʊðʊn,ʊðɪn,ʊðʊn
ʊð.ɪŋ,ʊð.ʊŋ,ʊðɪŋ,ʊðʊŋ,ʊðɪŋ,ʊðʊŋ
ʊð.ɪp,ʊð.ʊp,ʊðɪp,ʊðʊp,ʊðɪp,ʊðʊp
ʊð.ɪt,ʊð.ʊt,ʊðɪt,ʊðʊt,ʊðɪt,ʊðʊt
ʊð.ɪk,ʊð.ʊk,ʊðɪk,ʊðʊk,ʊðɪk,ʊðʊk
ʊð.ɪb,ʊð.ʊb,ʊðɪb,ʊðʊb,ʊðɪb,ʊðʊb
ʊð.ɪd,ʊð.ʊd,ʊðɪd,ʊðʊd,ʊðɪd,ʊðʊd
ʊð.ɪg,ʊð.ʊg,ʊðɪg,ʊðʊg,ʊðɪg,ʊðʊg
ʊð.ɪf,ʊð.ʊf,ʊðɪf,ʊðʊf,ʊðɪf,ʊðʊf
ʊð.ɪs,ʊð.ʊs,ʊðɪs,ʊðʊs,ʊðɪs,ʊðʊs
ʊð.ɪv,ʊð.ʊv,ʊðɪv,ʊðʊv,ʊðɪv,ʊðʊv
ʊð.ɪz,ʊð.ʊz,ʊðɪz,ʊðʊz,ʊðɪz,ʊðʊz
ʊð.ɪʃ,ʊð.ʊʃ,ʊðɪʃ,ʊðʊʃ,ʊðɪʃ,ʊðʊʃ
ʊð.ɪʒ,ʊð.ʊʒ,ʊðɪʒ,ʊðʊʒ,ʊðɪʒ,ʊðʊʒ
ʊð.ɪθ,ʊð.ʊθ,ʊðɪθ,ʊðʊθ,ʊðɪθ,ʊðʊθ
ʊð.ɪð,ʊð.ʊð,ʊðɪð,ʊðʊð,ʊðɪð,ʊðʊð
ʊð.ɛm,ʊð.ɔm,ʊðɛm,ʊðɔm,ʊðɛm,ʊðɔm
ʊð.ɛn,ʊð.ɔn,ʊðɛn,ʊðɔn,ʊðɛn,ʊðɔn
ʊð.ɛŋ,ʊð.ɔŋ,ʊðɛŋ,ʊðɔŋ,ʊðɛŋ,ʊðɔŋ
ʊð.ɛp,ʊð.ɔp,ʊðɛp,ʊðɔp,ʊðɛp,ʊðɔp
ʊð.ɛt,ʊð.ɔt,ʊðɛt,ʊðɔt,ʊðɛt,ʊðɔt
ʊð.ɛk,ʊð.ɔk,ʊðɛk,ʊðɔk,ʊðɛk,ʊðɔk
ʊð.ɛb,ʊð.ɔb,ʊðɛb,ʊðɔb,ʊðɛb,ʊðɔb
ʊð.ɛd,ʊð.ɔd,ʊðɛd,ʊðɔd,ʊðɛd,ʊðɔd
ʊð.ɛg,ʊð.ɔg,ʊðɛg,ʊðɔg,ʊðɛg,ʊðɔg
ʊð.ɛf,ʊð.ɔf,ʊðɛf,ʊðɔf,ʊðɛf,ʊðɔf
ʊð.ɛs,ʊð.ɔs,ʊðɛs,ʊðɔs,ʊðɛs,ʊðɔs
ʊð.ɛv,ʊð.ɔv,ʊðɛv,ʊðɔv,ʊðɛv,ʊðɔv
ʊð.ɛz,ʊð.ɔz,ʊðɛz,ʊðɔz,ʊðɛz,ʊðɔz
ʊð.ɛʃ,ʊð.ɔʃ,ʊðɛʃ,ʊðɔʃ,ʊðɛʃ,ʊðɔʃ
ʊð.ɛʒ,ʊð.ɔʒ,ʊðɛʒ,ʊðɔʒ,ʊðɛʒ,ʊðɔʒ
ʊð.ɛθ,ʊð.ɔθ,ʊðɛθ,ʊðɔθ,ʊðɛθ,ʊðɔθ
ʊð.ɛð,ʊð.ɔð,ʊðɛð,ʊðɔð,ʊðɛð,ʊðɔð
ʊð.ʊm,ʊð.ɪm,ʊðʊm,ʊðɪm,ʊðʊm,ʊðɪm
ʊð.ʊn,ʊð.ɪn,ʊðʊn,ʊðɪn,ʊðʊn,ʊðɪn
ʊð.ʊŋ,ʊð.ɪŋ,ʊðʊŋ,ʊðɪŋ,ʊðʊŋ,ʊðɪŋ
ʊð.ʊp,ʊð.ɪp,ʊðʊp,ʊðɪp,ʊðʊp,ʊðɪp
ʊð.ʊt,ʊð.ɪt,ʊðʊt,ʊðɪt,ʊðʊt,ʊðɪt
ʊð.ʊk,ʊð.ɪk,ʊðʊk,ʊðɪk,ʊðʊk,ʊðɪk
ʊð.ʊb,ʊð.ɪb,ʊðʊb,ʊðɪb,ʊðʊb,ʊðɪb
ʊð.ʊd,ʊð.ɪd,ʊðʊd,ʊðɪd,ʊðʊd,ʊðɪd
ʊð.ʊg,ʊð.ɪg,ʊðʊg,ʊðɪg,ʊðʊg,ʊðɪg
ʊð.ʊf,ʊð.ɪf,ʊðʊf,ʊðɪf,ʊðʊf,ʊðɪf
ʊð.ʊs,ʊð.ɪs,ʊðʊs,ʊðɪs,ʊðʊs,ʊðɪs
ʊð.ʊv,ʊð.ɪv,ʊðʊv,ʊðɪv,ʊðʊv,ʊðɪv
ʊð.ʊz,ʊð.ɪz,ʊðʊz,ʊðɪz,ʊðʊz,ʊðɪz
ʊð.ʊʃ,ʊð.ɪʃ,ʊðʊʃ,ʊðɪʃ,ʊðʊʃ,ʊðɪʃ
ʊð.ʊʒ,ʊð.ɪʒ,ʊðʊʒ,ʊðɪʒ,ʊðʊʒ,ʊðɪʒ
ʊð.ʊθ,ʊð.ɪθ,ʊðʊθ,ʊðɪθ,ʊðʊθ,ʊðɪθ
ʊð.ʊð,ʊð.ɪð,ʊðʊð,ʊðɪð,ʊðʊð,ʊðɪð
ʊð.ɔm,ʊð.ɛm,ʊðɔm,ʊðɛm,ʊðɔm,ʊðɛm
ʊð.ɔn,ʊð.ɛn,ʊðɔn,ʊðɛn,ʊðɔn,ʊðɛn
ʊð.ɔŋ,ʊð.ɛŋ,ʊðɔŋ,ʊðɛŋ,ʊðɔŋ,ʊðɛŋ
ʊð.ɔp,ʊð.ɛp,ʊðɔp,ʊðɛp,ʊðɔp,ʊðɛp
ʊð.ɔt,ʊð.ɛt,ʊðɔt,ʊðɛt,ʊðɔt,ʊðɛt
ʊð.ɔk,ʊð.ɛk,ʊðɔk,ʊðɛk,ʊðɔk,ʊðɛk
ʊð.ɔb,ʊð.ɛb,ʊðɔb,ʊðɛb,ʊðɔb,ʊðɛb
ʊð.ɔd,ʊð.ɛd,ʊðɔd,ʊðɛd,ʊðɔd,ʊðɛd
ʊð.ɔg,ʊð.ɛg,ʊðɔg,ʊðɛg,ʊðɔg,ʊðɛg
ʊð.ɔf,ʊð.ɛf,ʊðɔf,ʊðɛf,ʊðɔf,ʊðɛf
ʊð.ɔs,ʊð.ɛs,ʊðɔs,ʊðɛs,ʊðɔs,ʊðɛs
ʊð.ɔv,ʊð.ɛv,ʊðɔv,ʊðɛv,ʊðɔv,ʊðɛv
ʊð.ɔz,ʊð.ɛz,ʊðɔz,ʊðɛz,ʊðɔz,ʊðɛz
ʊð.ɔʃ,ʊð.ɛʃ,ʊðɔʃ,ʊðɛʃ,ʊðɔʃ,ʊðɛʃ
ʊð.ɔʒ,ʊð.ɛʒ,ʊðɔʒ,ʊðɛʒ,ʊðɔʒ,ʊðɛʒ
ʊð.ɔθ,ʊð.ɛθ,ʊðɔθ,ʊðɛθ,ʊðɔθ,ʊðɛθ
ʊð.ɔð,ʊð.ɛð,ʊðɔð,ʊðɛð,ʊðɔð,ʊðɛð
ɔm.ɪm,ɔm.ʊm,ɔmɪm,ɔmʊm,ɔmɪm,ɔmʊm
ɔm.ɪn,ɔm.ʊn,ɔmɪn,ɔmʊn,ɔmɪn,ɔmʊn
ɔm.ɪŋ,ɔm.ʊŋ,ɔmɪŋ,ɔmʊŋ,ɔmɪŋ,ɔmʊŋ
ɔm.ɪp,ɔm.ʊp,ɔmɪp,ɔmʊp,ɔmɪp,ɔmʊp
ɔm.ɪt,ɔm.ʊt,ɔmɪt,ɔmʊt,ɔmɪt,ɔmʊt
ɔm.ɪk,ɔm.ʊk,ɔmɪk,ɔmʊk,ɔmɪk,ɔmʊk
ɔm.ɪb,ɔm.ʊb,ɔmɪb,ɔmʊb,ɔmɪb,ɔmʊb
ɔm.ɪd,ɔm.ʊd,ɔmɪd,ɔmʊd,ɔmɪd,ɔmʊd
ɔm.ɪg,ɔm.ʊg,ɔmɪg,ɔmʊg,ɔmɪg,ɔmʊg
ɔm.ɪf,ɔm.ʊf,ɔmɪf,ɔmʊf,ɔmɪf,ɔmʊf
ɔm.ɪs,ɔm.ʊs,ɔmɪs,ɔmʊs,ɔmɪs,ɔmʊs
ɔm.ɪv,ɔm.ʊv,ɔmɪv,ɔmʊv,ɔmɪv,ɔmʊv
ɔm.ɪz,ɔm.ʊz,ɔmɪz,ɔmʊz,ɔmɪz,ɔmʊz
ɔm.ɪʃ,ɔm.ʊʃ,ɔmɪʃ,ɔmʊʃ,ɔmɪʃ,ɔmʊʃ
ɔm.ɪʒ,ɔm.ʊʒ,ɔmɪʒ,ɔmʊʒ,ɔmɪʒ,ɔmʊʒ
ɔm.ɪθ,ɔm.ʊθ,ɔmɪθ,ɔmʊθ,ɔmɪθ,ɔmʊθ
ɔm.ɪð,ɔm.ʊð,ɔmɪð,ɔmʊð,ɔmɪð,ɔmʊð
ɔm.ɛm,ɔm.ɔm,ɔmɛm,ɔmɔm,ɔmɛm,ɔmɔm
ɔm.ɛn,ɔm.ɔn,ɔmɛn,ɔmɔn,ɔmɛn,ɔmɔn
ɔm.ɛŋ,ɔm.ɔŋ,ɔmɛŋ,ɔmɔŋ,ɔmɛŋ,ɔmɔŋ
ɔm.ɛp,ɔm.ɔp,ɔmɛp,ɔmɔp,ɔmɛp,ɔmɔp
ɔm.ɛt,ɔm.ɔt,ɔmɛt,ɔmɔt,ɔmɛt,ɔmɔt
ɔm.ɛk,ɔm.ɔk,ɔmɛk,ɔmɔk,ɔmɛk,ɔmɔk
ɔm.ɛb,ɔm.ɔb,ɔmɛb,ɔmɔb,ɔmɛb,ɔmɔb
ɔm.ɛd,ɔm.ɔd,ɔmɛd,ɔmɔd,ɔmɛd,ɔmɔd
ɔm.ɛg,ɔm.ɔg,ɔmɛg,ɔmɔg,ɔmɛg,ɔmɔg
ɔm.ɛf,ɔm.ɔf,ɔmɛf,ɔmɔf,ɔmɛf,ɔmɔf
ɔm.ɛs,ɔm.ɔs,ɔmɛs,ɔmɔs,ɔmɛs,ɔmɔs
ɔm.ɛv,ɔm.ɔv,ɔmɛv,ɔmɔv,ɔmɛv,ɔmɔv
ɔm.ɛz,ɔm.ɔz,ɔmɛz,ɔmɔz,ɔmɛz,ɔmɔz
ɔm.ɛʃ,ɔm.ɔʃ,ɔmɛʃ,ɔmɔʃ,ɔmɛʃ,ɔmɔʃ
ɔm.ɛʒ,ɔm.ɔʒ,ɔmɛʒ,ɔmɔʒ,ɔmɛʒ,ɔmɔʒ
ɔm.ɛθ,ɔm.ɔθ,ɔmɛθ,ɔmɔθ,ɔmɛθ,ɔmɔθ
ɔm.ɛð,ɔm.ɔð,ɔmɛð,ɔmɔð,ɔmɛð,ɔmɔð
ɔm.ʊm,ɔm.ɪm,ɔmʊm,ɔmɪm,ɔmʊm,ɔmɪm
ɔm.ʊn,ɔm.ɪn,ɔmʊn,ɔmɪn,ɔmʊn,ɔmɪn
ɔm.ʊŋ,ɔm.ɪŋ,ɔmʊŋ,ɔmɪŋ,ɔmʊŋ,ɔmɪŋ
ɔm.ʊp,ɔm.ɪp,ɔmʊp,ɔmɪp,ɔmʊp,ɔmɪp
ɔm.ʊt,ɔm.ɪt,ɔmʊt,ɔmɪt,ɔmʊt,ɔmɪt
ɔm.ʊk,ɔm.ɪk,ɔmʊk,ɔmɪk,ɔmʊk,ɔmɪk
ɔm.ʊb,ɔm.ɪb,ɔmʊb,ɔmɪb,ɔmʊb,ɔmɪb
ɔm.ʊd,ɔm.ɪd,ɔmʊd,ɔmɪd,ɔmʊd,ɔmɪd
ɔm.ʊg,ɔm.ɪg,ɔmʊg,ɔmɪg,ɔmʊg,ɔmɪg
ɔm.ʊf,ɔm.ɪf,ɔmʊf,ɔmɪf,ɔmʊf,ɔmɪf
ɔm.ʊs,ɔm.ɪs,ɔmʊs,ɔmɪs,ɔmʊs,ɔmɪs
ɔm.ʊv,ɔm.ɪv,ɔmʊv,ɔmɪv,ɔmʊv,ɔmɪv
ɔm.ʊz,ɔm.ɪz,ɔmʊz,ɔmɪz,ɔmʊz,ɔmɪz
ɔm.ʊʃ,ɔm.ɪʃ,ɔmʊʃ,ɔmɪʃ,ɔmʊʃ,ɔmɪʃ
ɔm.ʊʒ,ɔm.ɪʒ,ɔmʊʒ,ɔmɪʒ,ɔmʊʒ,ɔmɪʒ
ɔm.ʊθ,ɔm.ɪθ,ɔmʊθ,ɔmɪθ,ɔmʊθ,ɔmɪθ
ɔm.ʊð,ɔm.ɪð,ɔmʊð,ɔmɪð,ɔmʊð,ɔmɪð
ɔm.ɔm,ɔm.ɛm,ɔmɔm,ɔmɛm,ɔmɔm,ɔmɛm
ɔm.ɔn,ɔm.ɛn,ɔmɔn,ɔmɛn,ɔmɔn,ɔmɛn
ɔm.ɔŋ,ɔm.ɛŋ,ɔmɔŋ,ɔmɛŋ,ɔmɔŋ,ɔmɛŋ
ɔm.ɔp,ɔm.ɛp,ɔmɔp,ɔmɛp,ɔmɔp,ɔmɛp
ɔm.ɔt,ɔm.ɛt,ɔmɔt,ɔmɛt,ɔmɔt,ɔmɛt
ɔm.ɔk,ɔm.ɛk,ɔmɔk,ɔmɛk,ɔmɔk,ɔmɛk
ɔm.ɔb,ɔm.ɛb,ɔmɔb,ɔmɛb,ɔmɔb,ɔmɛb
ɔm.ɔd,ɔm.ɛd,ɔmɔd,ɔmɛd,ɔmɔd,ɔmɛd
ɔm.ɔg,ɔm.ɛg,ɔmɔg,ɔmɛg,ɔmɔg,ɔmɛg
ɔm.ɔf,ɔm.ɛf,ɔmɔf,ɔmɛf,ɔmɔf,ɔmɛf
ɔm.ɔs,ɔm.ɛs,ɔmɔs,ɔmɛs,ɔmɔs,ɔmɛs
ɔm.ɔv,ɔm.ɛv,ɔmɔv,ɔmɛv,ɔmɔv,ɔmɛv
ɔm.ɔz,ɔm.ɛz,ɔmɔz,ɔmɛz,ɔmɔz,ɔmɛz
ɔm.ɔʃ,ɔm.ɛʃ,ɔmɔʃ,ɔmɛʃ,ɔmɔʃ,ɔmɛʃ
ɔm.ɔʒ,ɔm.ɛʒ,ɔmɔʒ,ɔmɛʒ,ɔmɔʒ,ɔmɛʒ
ɔm.ɔθ,ɔm.ɛθ,ɔmɔθ,ɔmɛθ,ɔmɔθ,ɔmɛθ
ɔm.ɔð,ɔm.ɛð,ɔmɔð,ɔmɛð,ɔmɔð,ɔmɛð
ɔn.ɪm,ɔn.ʊm,ɔnɪm,ɔnʊm,ɔnɪm,ɔnʊm
ɔn.ɪn,ɔn.ʊn,ɔnɪn,ɔnʊn,ɔnɪn,ɔnʊn
ɔn.ɪŋ,ɔn.ʊŋ,ɔnɪŋ,ɔnʊŋ,ɔnɪŋ,ɔnʊŋ
ɔn.ɪp,ɔn.ʊp,ɔnɪp,ɔnʊp,ɔnɪp,ɔnʊp
ɔn.ɪt,ɔn.ʊt,ɔnɪt,ɔnʊt,ɔnɪt,ɔnʊt
ɔn.ɪk,ɔn.ʊk,ɔnɪk,ɔnʊk,ɔnɪk,ɔnʊk
ɔn.ɪb,ɔn.ʊb,ɔnɪb,ɔnʊb,ɔnɪb,ɔnʊb
ɔn.ɪd,ɔn.ʊd,ɔnɪd,ɔnʊd,ɔnɪd,ɔnʊd
ɔn.ɪg,ɔn.ʊg,ɔnɪg,ɔnʊg,ɔnɪg,ɔnʊg
ɔn.ɪf,ɔn.ʊf,ɔnɪf,ɔnʊf,ɔnɪf,ɔnʊf
ɔn.ɪs,ɔn.ʊs,ɔnɪs,ɔnʊs,ɔnɪs,ɔnʊs
ɔn.ɪv,ɔn.ʊv,ɔnɪv,ɔnʊv,ɔnɪv,ɔnʊv
ɔn.ɪz,ɔn.ʊz,ɔnɪz,ɔnʊz,ɔnɪz,ɔnʊz
ɔn.ɪʃ,ɔn.ʊʃ,ɔnɪʃ,ɔnʊʃ,ɔnɪʃ,ɔnʊʃ
ɔn.ɪʒ,ɔn.ʊʒ,ɔnɪʒ,ɔnʊʒ,ɔnɪʒ,ɔnʊʒ
ɔn.ɪθ,ɔn.ʊθ,ɔnɪθ,ɔnʊθ,ɔnɪθ,ɔnʊθ
ɔn.ɪð,ɔn.ʊð,ɔnɪð,ɔnʊð,ɔnɪð,ɔnʊð
ɔn.ɛm,ɔn.ɔm,ɔnɛm,ɔnɔm,ɔnɛm,ɔnɔm
ɔn.ɛn,ɔn.ɔn,ɔnɛn,ɔnɔn,ɔnɛn,ɔnɔn
ɔn.ɛŋ,ɔn.ɔŋ,ɔnɛŋ,ɔnɔŋ,ɔnɛŋ,ɔnɔŋ
ɔn.ɛp,ɔn.ɔp,ɔnɛp,ɔnɔp,ɔnɛp,ɔnɔp
ɔn.ɛt,ɔn.ɔt,ɔnɛt,ɔnɔt,ɔnɛt,ɔnɔt
ɔn.ɛk,ɔn.ɔk,ɔnɛk,ɔnɔk,ɔnɛk,ɔnɔk
ɔn.ɛb,ɔn.ɔb,ɔnɛb,ɔnɔb,ɔnɛb,ɔnɔb
ɔn.ɛd,ɔn.ɔd,ɔnɛd,ɔnɔd,ɔnɛd,ɔnɔd
ɔn.ɛg,ɔn.ɔg,ɔnɛg,ɔnɔg,ɔnɛg,ɔnɔg
ɔn.ɛf,ɔn.ɔf,ɔnɛf,ɔnɔf,ɔnɛf,ɔnɔf
ɔn.ɛs,ɔn.ɔs,ɔnɛs,ɔnɔs,ɔnɛs,ɔnɔs
ɔn.ɛv,ɔn.ɔv,ɔnɛv,ɔnɔv,ɔnɛv,ɔnɔv
ɔn.ɛz,ɔn.ɔz,ɔnɛz,ɔnɔz,ɔnɛz,ɔnɔz
ɔn.ɛʃ,ɔn.ɔʃ,ɔnɛʃ,ɔnɔʃ,ɔnɛʃ,ɔnɔʃ
ɔn.ɛʒ,ɔn.ɔʒ,ɔnɛʒ,ɔnɔʒ,ɔnɛʒ,ɔnɔʒ
ɔn.ɛθ,ɔn.ɔθ,ɔnɛθ,ɔnɔθ,ɔnɛθ,ɔnɔθ
ɔn.ɛð,ɔn.ɔð,ɔnɛð,ɔnɔð,ɔnɛð,ɔnɔð
ɔn.ʊm,ɔn.ɪm,ɔnʊm,ɔnɪm,ɔnʊm,ɔnɪm
ɔn.ʊn,ɔn.ɪn,ɔnʊn,ɔnɪn,ɔnʊn,ɔnɪn
ɔn.ʊŋ,ɔn.ɪŋ,ɔnʊŋ,ɔnɪŋ,ɔnʊŋ,ɔnɪŋ
ɔn.ʊp,ɔn.ɪp,ɔnʊp,ɔnɪp,ɔnʊp,ɔnɪp
ɔn.ʊt,ɔn.ɪt,ɔnʊt,ɔnɪt,ɔnʊt,ɔnɪt
ɔn.ʊk,ɔn.ɪk,ɔnʊk,ɔnɪk,ɔnʊk,ɔnɪk
ɔn.ʊb,ɔn.ɪb,ɔnʊb,ɔnɪb,ɔnʊb,ɔnɪb
ɔn.ʊd,ɔn.ɪd,ɔnʊd,ɔnɪd,ɔnʊd,ɔnɪd
ɔn.ʊg,ɔn.ɪg,ɔnʊg,ɔnɪg,ɔnʊg,ɔnɪg
ɔn.ʊf,ɔn.ɪf,ɔnʊf,ɔnɪf,ɔnʊf,ɔnɪf
ɔn.ʊs,ɔn.ɪs,ɔnʊs,ɔnɪs,ɔnʊs,ɔnɪs
ɔn.ʊv,ɔn.ɪv,ɔnʊv,ɔnɪv,ɔnʊv,ɔnɪv
ɔn.ʊz,ɔn.ɪz,ɔnʊz,ɔnɪz,ɔnʊz,ɔnɪz
ɔn.ʊʃ,ɔn.ɪʃ,ɔnʊʃ,ɔnɪʃ,ɔnʊʃ,ɔnɪʃ
ɔn.ʊʒ,ɔn.ɪʒ,ɔnʊʒ,ɔnɪʒ,ɔnʊʒ,ɔnɪʒ
ɔn.ʊθ,ɔn.ɪθ,ɔnʊθ,ɔnɪθ,ɔnʊθ,ɔnɪθ
ɔn.ʊð,ɔn.ɪð,ɔnʊð,ɔnɪð,ɔnʊð,ɔnɪð
ɔn.ɔm,ɔn.ɛm,ɔnɔm,ɔnɛm,ɔnɔm,ɔnɛm
ɔn.ɔn,ɔn.ɛn,ɔnɔn,ɔnɛn,ɔnɔn,ɔnɛn
ɔn.ɔŋ,ɔn.ɛŋ,ɔnɔŋ,ɔnɛŋ,ɔnɔŋ,ɔnɛŋ
ɔn.ɔp,ɔn.ɛp,ɔnɔp,ɔnɛp,ɔnɔp,ɔnɛp
ɔn.ɔt,ɔn.ɛt,ɔnɔt,ɔnɛt,ɔnɔt,ɔnɛt
ɔn.ɔk,ɔn.ɛk,ɔnɔk,ɔnɛk,ɔnɔk,ɔnɛk
ɔn.ɔb,ɔn.ɛb,ɔnɔb,ɔnɛb,ɔnɔb,ɔnɛb
ɔn.ɔd,ɔn.ɛd,ɔnɔd,ɔnɛd,ɔnɔd,ɔnɛd
ɔn.ɔg,ɔn.ɛg,ɔnɔg,ɔnɛg,ɔnɔg,ɔnɛg
ɔn.ɔf,ɔn.ɛf,ɔnɔf,ɔnɛf,ɔnɔf,ɔnɛf
ɔn.ɔs,ɔn.ɛs,ɔnɔs,ɔnɛs,ɔnɔs,ɔnɛs
ɔn.ɔv,ɔn.ɛv,ɔnɔv,ɔnɛv,ɔnɔv,ɔnɛv
ɔn.ɔz,ɔn.ɛz,ɔnɔz,ɔnɛz,ɔnɔz,ɔnɛz
ɔn.ɔʃ,ɔn.ɛʃ,ɔnɔʃ,ɔnɛʃ,ɔnɔʃ,ɔnɛʃ
ɔn.ɔʒ,ɔn.ɛʒ,ɔnɔʒ,ɔnɛʒ,ɔnɔʒ,ɔnɛʒ
ɔn.ɔθ,ɔn.ɛθ,ɔnɔθ,ɔnɛθ,ɔnɔθ,ɔnɛθ
ɔn.ɔð,ɔn.ɛð,ɔnɔð,ɔnɛð,ɔnɔð,ɔnɛð
ɔŋ.ɪm,ɔŋ.ʊm,ɔŋɪm,ɔŋʊm,ɔŋɪm,ɔŋʊm
ɔŋ.ɪn,ɔŋ.ʊn,ɔŋɪn,ɔŋʊn,ɔŋɪn,ɔŋʊn
ɔŋ.ɪŋ,ɔŋ.ʊŋ,ɔŋɪŋ,ɔŋʊŋ,ɔŋɪŋ,ɔŋʊŋ
ɔŋ.ɪp,ɔŋ.ʊp,ɔŋɪp,ɔŋʊp,ɔŋɪp,ɔŋʊp
ɔŋ.ɪt,ɔŋ.ʊt,ɔŋɪt,ɔŋʊt,ɔŋɪt,ɔŋʊt
ɔŋ.ɪk,ɔŋ.ʊk,ɔŋɪk,ɔŋʊk,ɔŋɪk,ɔŋʊk
ɔŋ.ɪb,ɔŋ.ʊb,ɔŋɪb,ɔŋʊb,ɔŋɪb,ɔŋʊb
ɔŋ.ɪd,ɔŋ.ʊd,ɔŋɪd,ɔŋʊd,ɔŋɪd,ɔŋʊd
ɔŋ.ɪg,ɔŋ.ʊg,ɔŋɪg,ɔŋʊg,ɔŋɪg,ɔŋʊg
ɔŋ.ɪf,ɔŋ.ʊf,ɔŋɪf,ɔŋʊf,ɔŋɪf,ɔŋʊf
ɔŋ.ɪs,ɔŋ.ʊs,ɔŋɪs,ɔŋʊs,ɔŋɪs,ɔŋʊs
ɔŋ.ɪv,ɔŋ.ʊv,ɔŋɪv,ɔŋʊv,ɔŋɪv,ɔŋʊv
ɔŋ.ɪz,ɔŋ.ʊz,ɔŋɪz,ɔŋʊz,ɔŋɪz,ɔŋʊz
ɔŋ.ɪʃ,ɔŋ.ʊʃ,ɔŋɪʃ,ɔŋʊʃ,ɔŋɪʃ,ɔŋʊʃ
ɔŋ.ɪʒ,ɔŋ.ʊʒ,ɔŋɪʒ,ɔŋʊʒ,ɔŋɪʒ,ɔŋʊʒ
ɔŋ.ɪθ,ɔŋ.ʊθ,ɔŋɪθ,ɔŋʊθ,ɔŋɪθ,ɔŋʊθ
ɔŋ.ɪð,ɔŋ.ʊð,ɔŋɪð,ɔŋʊð,ɔŋɪð,ɔŋʊð
ɔŋ.ɛm,ɔŋ.ɔm,ɔŋɛm,ɔŋɔm,ɔŋɛm,ɔŋɔm
ɔŋ.ɛn,ɔŋ.ɔn,ɔŋɛn,ɔŋɔn,ɔŋɛn,ɔŋɔn
ɔŋ.ɛŋ,ɔŋ.ɔŋ,ɔŋɛŋ,ɔŋɔŋ,ɔŋɛŋ,ɔŋɔŋ
ɔŋ.ɛp,ɔŋ.ɔp,ɔŋɛp,ɔŋɔp,ɔŋɛp,ɔŋɔp
ɔŋ.ɛt,ɔŋ.ɔt,ɔŋɛt,ɔŋɔt,ɔŋɛt,ɔŋɔt
ɔŋ.ɛk,ɔŋ.ɔk,ɔŋɛk,ɔŋɔk,ɔŋɛk,ɔŋɔk
ɔŋ.ɛb,ɔŋ.ɔb,ɔŋɛb,ɔŋɔb,ɔŋɛb,ɔŋɔb
ɔŋ.ɛd,ɔŋ.ɔd,ɔŋɛd,ɔŋɔd,ɔŋɛd,ɔŋɔd
ɔŋ.ɛg,ɔŋ.ɔg,ɔŋɛg,ɔŋɔg,ɔŋɛg,ɔŋɔg
ɔŋ.ɛf,ɔŋ.ɔf,ɔŋɛf,ɔŋɔf,ɔŋɛf,ɔŋɔf
ɔŋ.ɛs,ɔŋ.ɔs,ɔŋɛs,ɔŋɔs,ɔŋɛs,ɔŋɔs
ɔŋ.ɛv,ɔŋ.ɔv,ɔŋɛv,ɔŋɔv,ɔŋɛv,ɔŋɔv
ɔŋ.ɛz,ɔŋ.ɔz,ɔŋɛz,ɔŋɔz,ɔŋɛz,ɔŋɔz
ɔŋ.ɛʃ,ɔŋ.ɔʃ,ɔŋɛʃ,ɔŋɔʃ,ɔŋɛʃ,ɔŋɔʃ
ɔŋ.ɛʒ,ɔŋ.ɔʒ,ɔŋɛʒ,ɔŋɔʒ,ɔŋɛʒ,ɔŋɔʒ
ɔŋ.ɛθ,ɔŋ.ɔθ,ɔŋɛθ,ɔŋɔθ,ɔŋɛθ,ɔŋɔθ
ɔŋ.ɛð,ɔŋ.ɔð,ɔŋɛð,ɔŋɔð,ɔŋɛð,ɔŋɔð
ɔŋ.ʊm,ɔŋ.ɪm,ɔŋʊm,ɔŋɪm,ɔŋʊm,ɔŋɪm
ɔŋ.ʊn,ɔŋ.ɪn,ɔŋʊn,ɔŋɪn,ɔŋʊn,ɔŋɪn
ɔŋ.ʊŋ,ɔŋ.ɪŋ,ɔŋʊŋ,ɔŋɪŋ,ɔŋʊŋ,ɔŋɪŋ
ɔŋ.ʊp,ɔŋ.ɪp,ɔŋʊp,ɔŋɪp,ɔŋʊp,ɔŋɪp
ɔŋ.ʊt,ɔŋ.ɪt,ɔŋʊt,ɔŋɪt,ɔŋʊt,ɔŋɪt
ɔŋ.ʊk,ɔŋ.ɪk,ɔŋʊk,ɔŋɪk,ɔŋʊk,ɔŋɪk
ɔŋ.ʊb,ɔŋ.ɪb,ɔŋʊb,ɔŋɪb,ɔŋʊb,ɔŋɪb
ɔŋ.ʊd,ɔŋ.ɪd,ɔŋʊd,ɔŋɪd,ɔŋʊd,ɔŋɪd
ɔŋ.ʊg,ɔŋ.ɪg,ɔŋʊg,ɔŋɪg,ɔŋʊg,ɔŋɪg
ɔŋ.ʊf,ɔŋ.ɪf,ɔŋʊf,ɔŋɪf,ɔŋʊf,ɔŋɪf
ɔŋ.ʊs,ɔŋ.ɪs,ɔŋʊs,ɔŋɪs,ɔŋʊs,ɔŋɪs
ɔŋ.ʊv,ɔŋ.ɪv,ɔŋʊv,ɔŋɪv,ɔŋʊv,ɔŋɪv
ɔŋ.ʊz,ɔŋ.ɪz,ɔŋʊz,ɔŋɪz,ɔŋʊz,ɔŋɪz
ɔŋ.ʊʃ,ɔŋ.ɪʃ,ɔŋʊʃ,ɔŋɪʃ,ɔŋʊʃ,ɔŋɪʃ
ɔŋ.ʊʒ,ɔŋ.ɪʒ,ɔŋʊʒ,ɔŋɪʒ,ɔŋʊʒ,ɔŋɪʒ
ɔŋ.ʊθ,ɔŋ.ɪθ,ɔŋʊθ,ɔŋɪθ,ɔŋʊθ,ɔŋɪθ
ɔŋ.ʊð,ɔŋ.ɪð,ɔŋʊð,ɔŋɪð,ɔŋʊð,ɔŋɪð
ɔŋ.ɔm,ɔŋ.ɛm,ɔŋɔm,ɔŋɛm,ɔŋɔm,ɔŋɛm
ɔŋ.ɔn,ɔŋ.ɛn,ɔŋɔn,ɔŋɛn,ɔŋɔn,ɔŋɛn
ɔŋ.ɔŋ,ɔŋ.ɛŋ,ɔŋɔŋ,ɔŋɛŋ,ɔŋɔŋ,ɔŋɛŋ
ɔŋ.ɔp,ɔŋ.ɛp,ɔŋɔp,ɔŋɛp,ɔŋɔp,ɔŋɛp
ɔŋ.ɔt,ɔŋ.ɛt,ɔŋɔt,ɔŋɛt,ɔŋɔt,ɔŋɛt
ɔŋ.ɔk,ɔŋ.ɛk,ɔŋɔk,ɔŋɛk,ɔŋɔk,ɔŋɛk
ɔŋ.ɔb,ɔŋ.ɛb,ɔŋɔb,ɔŋɛb,ɔŋɔb,ɔŋɛb
ɔŋ.ɔd,ɔŋ.ɛd,ɔŋɔd,ɔŋɛd,ɔŋɔd,ɔŋɛd
ɔŋ.ɔg,ɔŋ.ɛg,ɔŋɔg,ɔŋɛg,ɔŋɔg,ɔŋɛg
ɔŋ.ɔf,ɔŋ.ɛf,ɔŋɔf,ɔŋɛf,ɔŋɔf,ɔŋɛf
ɔŋ.ɔs,ɔŋ.ɛs,ɔŋɔs,ɔŋɛs,ɔŋɔs,ɔŋɛs
ɔŋ.ɔv,ɔŋ.ɛv,ɔŋɔv,ɔŋɛv,ɔŋɔv,ɔŋɛv
ɔŋ.ɔz,ɔŋ.ɛz,ɔŋɔz,ɔŋɛz,ɔŋɔz,ɔŋɛz
ɔŋ.ɔʃ,ɔŋ.ɛʃ,ɔŋɔʃ,ɔŋɛʃ,ɔŋɔʃ,ɔŋɛʃ
ɔŋ.ɔʒ,ɔŋ.ɛʒ,ɔŋɔʒ,ɔŋɛʒ,ɔŋɔʒ,ɔŋɛʒ
ɔŋ.ɔθ,ɔŋ.ɛθ,ɔŋɔθ,ɔŋɛθ,ɔŋɔθ,ɔŋɛθ
ɔŋ.ɔð,ɔŋ.ɛð,ɔŋɔð,ɔŋɛð,ɔŋɔð,ɔŋɛð
ɔp.ɪm,ɔp.ʊm,ɔpɪm,ɔpʊm,ɔpɪm,ɔpʊm
ɔp.ɪn,ɔp.ʊn,ɔpɪn,ɔpʊn,ɔpɪn,ɔpʊn
ɔp.ɪŋ,ɔp.ʊŋ,ɔpɪŋ,ɔpʊŋ,ɔpɪŋ,ɔpʊŋ
ɔp.ɪp,ɔp.ʊp,ɔpɪp,ɔpʊp,ɔpɪp,ɔpʊp
ɔp.ɪt,ɔp.ʊt,ɔpɪt,ɔpʊt,ɔpɪt,ɔpʊt
ɔp.ɪk,ɔp.ʊk,ɔpɪk,ɔpʊk,ɔpɪk,ɔpʊk
ɔp.ɪb,ɔp.ʊb,ɔpɪb,ɔpʊb,ɔpɪb,ɔpʊb
ɔp.ɪd,ɔp.ʊd,ɔpɪd,ɔpʊd,ɔpɪd,ɔpʊd
ɔp.ɪg,ɔp.ʊg,ɔpɪg,ɔpʊg,ɔpɪg,ɔpʊg
ɔp.ɪf,ɔp.ʊf,ɔpɪf,ɔpʊf,ɔpɪf,ɔpʊf
ɔp.ɪs,ɔp.ʊs,ɔpɪs,ɔpʊs,ɔpɪs,ɔpʊs
ɔp.ɪv,ɔp.ʊv,ɔpɪv,ɔpʊv,ɔpɪv,ɔpʊv
ɔp.ɪz,ɔp.ʊz,ɔpɪz,ɔpʊz,ɔpɪz,ɔpʊz
ɔp.ɪʃ,ɔp.ʊʃ,ɔpɪʃ,ɔpʊʃ,ɔpɪʃ,ɔpʊʃ
ɔp.ɪʒ,ɔp.ʊʒ,ɔpɪʒ,ɔpʊʒ,ɔpɪʒ,ɔpʊʒ
ɔp.ɪθ,ɔp.ʊθ,ɔpɪθ,ɔpʊθ,ɔpɪθ,ɔpʊθ
ɔp.ɪð,ɔp.ʊð,ɔpɪð,ɔpʊð,ɔpɪð,ɔpʊð
ɔp.ɛm,ɔp.ɔm,ɔpɛm,ɔpɔm,ɔpɛm,ɔpɔm
ɔp.ɛn,ɔp.ɔn,ɔpɛn,ɔpɔn,ɔpɛn,ɔpɔn
ɔp.ɛŋ,ɔp.ɔŋ,ɔpɛŋ,ɔpɔŋ,ɔpɛŋ,ɔpɔŋ
ɔp.ɛp,ɔp.ɔp,ɔpɛp,ɔpɔp,ɔpɛp,ɔpɔp
ɔp.ɛt,ɔp.ɔt,ɔpɛt,ɔpɔt,ɔpɛt,ɔpɔt
ɔp.ɛk,ɔp.ɔk,ɔpɛk,ɔpɔk,ɔpɛk,ɔpɔk
ɔp.ɛb,ɔp.ɔb,ɔpɛb,ɔpɔb,ɔpɛb,ɔpɔb
ɔp.ɛd,ɔp.ɔd,ɔpɛd,ɔpɔd,ɔpɛd,ɔpɔd
ɔp.ɛg,ɔp.ɔg,ɔpɛg,ɔpɔg,ɔpɛg,ɔpɔg
ɔp.ɛf,ɔp.ɔf,ɔpɛf,ɔpɔf,ɔpɛf,ɔpɔf
ɔp.ɛs,ɔp.ɔs,ɔpɛs,ɔpɔs,ɔpɛs,ɔpɔs
ɔp.ɛv,ɔp.ɔv,ɔpɛv,ɔpɔv,ɔpɛv,ɔpɔv
ɔp.ɛz,ɔp.ɔz,ɔpɛz,ɔpɔz,ɔpɛz,ɔpɔz
ɔp.ɛʃ,ɔp.ɔʃ,ɔpɛʃ,ɔpɔʃ,ɔpɛʃ,ɔpɔʃ
ɔp.ɛʒ,ɔp.ɔʒ,ɔpɛʒ,ɔpɔʒ,ɔpɛʒ,ɔpɔʒ
ɔp.ɛθ,ɔp.ɔθ,ɔpɛθ,ɔpɔθ,ɔpɛθ,ɔpɔθ
ɔp.ɛð,ɔp.ɔð,ɔpɛð,ɔpɔð,ɔpɛð,ɔpɔð
ɔp.ʊm,ɔp.ɪm,ɔpʊm,ɔpɪm,ɔpʊm,ɔpɪm
ɔp.ʊn,ɔp.ɪn,ɔpʊn,ɔpɪn,ɔpʊn,ɔpɪn
ɔp.ʊŋ,ɔp.ɪŋ,ɔpʊŋ,ɔpɪŋ,ɔpʊŋ,ɔpɪŋ
ɔp.ʊp,ɔp.ɪp,ɔpʊp,ɔpɪp,ɔpʊp,ɔpɪp
ɔp.ʊt,ɔp.ɪt,ɔpʊt,ɔpɪt,ɔpʊt,ɔpɪt
ɔp.ʊk,ɔp.ɪk,ɔpʊk,ɔpɪk,ɔpʊk,ɔpɪk
ɔp.ʊb,ɔp.ɪb,ɔpʊb,ɔpɪb,ɔpʊb,ɔpɪb
ɔp.ʊd,ɔp.ɪd,ɔpʊd,ɔpɪd,ɔpʊd,ɔpɪd
ɔp.ʊg,ɔp.ɪg,ɔpʊg,ɔpɪg,ɔpʊg,ɔpɪg
ɔp.ʊf,ɔp.ɪf,ɔpʊf,ɔpɪf,ɔpʊf,ɔpɪf
ɔp.ʊs,ɔp.ɪs,ɔpʊs,ɔpɪs,ɔpʊs,ɔpɪs
ɔp.ʊv,ɔp.ɪv,ɔpʊv,ɔpɪv,ɔpʊv,ɔpɪv
ɔp.ʊz,ɔp.ɪz,ɔpʊz,ɔpɪz,ɔpʊz,ɔpɪz
ɔp.ʊʃ,ɔp.ɪʃ,ɔpʊʃ,ɔpɪʃ,ɔpʊʃ,ɔpɪʃ
ɔp.ʊʒ,ɔp.ɪʒ,ɔpʊʒ,ɔpɪʒ,ɔpʊʒ,ɔpɪʒ
ɔp.ʊθ,ɔp.ɪθ,ɔpʊθ,ɔpɪθ,ɔpʊθ,ɔpɪθ
ɔp.ʊð,ɔp.ɪð,ɔpʊð,ɔpɪð,ɔpʊð,ɔpɪð
ɔp.ɔm,ɔp.ɛm,ɔpɔm,ɔpɛm,ɔpɔm,ɔpɛm
ɔp.ɔn,ɔp.ɛn,ɔpɔn,ɔpɛn,ɔpɔn,ɔpɛn
ɔp.ɔŋ,ɔp.ɛŋ,ɔpɔŋ,ɔpɛŋ,ɔpɔŋ,ɔpɛŋ
ɔp.ɔp,ɔp.ɛp,ɔpɔp,ɔpɛp,ɔpɔp,ɔpɛp
ɔp.ɔt,ɔp.ɛt,ɔpɔt,ɔpɛt,ɔpɔt,ɔpɛt
ɔp.ɔk,ɔp.ɛk,ɔpɔk,ɔpɛk,ɔpɔk,ɔpɛk
ɔp.ɔb,ɔp.ɛb,ɔpɔb,ɔpɛb,ɔpɔb,ɔpɛb
ɔp.ɔd,ɔp.ɛd,ɔpɔd,ɔpɛd,ɔpɔd,ɔpɛd
ɔp.ɔg,ɔp.ɛg,ɔpɔg,ɔpɛg,ɔpɔg,ɔpɛg
ɔp.ɔf,ɔp.ɛf,ɔpɔf,ɔpɛf,ɔpɔf,ɔpɛf
ɔp.ɔs,ɔp.ɛs,ɔpɔs,ɔpɛs,ɔpɔs,ɔpɛs
ɔp.ɔv,ɔp.ɛv,ɔpɔv,ɔpɛv,ɔpɔv,ɔpɛv
ɔp.ɔz,ɔp.ɛz,ɔpɔz,ɔpɛz,ɔpɔz,ɔpɛz
ɔp.ɔʃ,ɔp.ɛʃ,ɔpɔʃ,ɔpɛʃ,ɔpɔʃ,ɔpɛʃ
ɔp.ɔʒ,ɔp.ɛʒ,ɔpɔʒ,ɔpɛʒ,ɔpɔʒ,ɔpɛʒ
ɔp.ɔθ,ɔp.ɛθ,ɔpɔθ,ɔpɛθ,ɔpɔθ,ɔpɛθ
ɔp.ɔð,ɔp.ɛð,ɔpɔð,ɔpɛð,ɔpɔð,ɔpɛð
ɔt.ɪm,ɔt.ʊm,ɔtɪm,ɔtʊm,ɔtɪm,ɔtʊm
ɔt.ɪn,ɔt.ʊn,ɔtɪn,ɔtʊn,ɔtɪn,ɔtʊn
ɔt.ɪŋ,ɔt.ʊŋ,ɔtɪŋ,ɔtʊŋ,ɔtɪŋ,ɔtʊŋ
ɔt.ɪp,ɔt.ʊp,ɔtɪp,ɔtʊp,ɔtɪp,ɔtʊp
ɔt.ɪt,ɔt.ʊt,ɔtɪt,ɔtʊt,ɔtɪt,ɔtʊt
ɔt.ɪk,ɔt.ʊk,ɔtɪk,ɔtʊk,ɔtɪk,ɔtʊk
ɔt.ɪb,ɔt.ʊb,ɔtɪb,ɔtʊb,ɔtɪb,ɔtʊb
ɔt.ɪd,ɔt.ʊd,ɔtɪd,ɔtʊd,ɔtɪd,ɔtʊd
ɔt.ɪg,ɔt.ʊg,ɔtɪg,ɔtʊg,ɔtɪg,ɔtʊg
ɔt.ɪf,ɔt.ʊf,ɔtɪf,ɔtʊf,ɔtɪf,ɔtʊf
ɔt.ɪs,ɔt.ʊs,ɔtɪs,ɔtʊs,ɔtɪs,ɔtʊs
ɔt.ɪv,ɔt.ʊv,ɔtɪv,ɔtʊv,ɔtɪv,ɔtʊv
ɔt.ɪz,ɔt.ʊz,ɔtɪz,ɔtʊz,ɔtɪz,ɔtʊz
ɔt.ɪʃ,ɔt.ʊʃ,ɔtɪʃ,ɔtʊʃ,ɔtɪʃ,ɔtʊʃ
ɔt.ɪʒ,ɔt.ʊʒ,ɔtɪʒ,ɔtʊʒ,ɔtɪʒ,ɔtʊʒ
ɔt.ɪθ,ɔt.ʊθ,ɔtɪθ,ɔtʊθ,ɔtɪθ,ɔtʊθ
ɔt.ɪð,ɔt.ʊð,ɔtɪð,ɔtʊð,ɔtɪð,ɔtʊð
ɔt.ɛm,ɔt.ɔm,ɔtɛm,ɔtɔm,ɔtɛm,ɔtɔm
ɔt.ɛn,ɔt.ɔn,ɔtɛn,ɔtɔn,ɔtɛn,ɔtɔn
ɔt.ɛŋ,ɔt.ɔŋ,ɔtɛŋ,ɔtɔŋ,ɔtɛŋ,ɔtɔŋ
ɔt.ɛp,ɔt.ɔp,ɔtɛp,ɔtɔp,ɔtɛp,ɔtɔp
ɔt.ɛt,ɔt.ɔt,ɔtɛt,ɔtɔt,ɔtɛt,ɔtɔt
ɔt.ɛk,ɔt.ɔk,ɔtɛk,ɔtɔk,ɔtɛk,ɔtɔk
ɔt.ɛb,ɔt.ɔb,ɔtɛb,ɔtɔb,ɔtɛb,ɔtɔb
ɔt.ɛd,ɔt.ɔd,ɔtɛd,ɔtɔd,ɔtɛd,ɔtɔd
ɔt.ɛg,ɔt.ɔg,ɔtɛg,ɔtɔg,ɔtɛg,ɔtɔg
ɔt.ɛf,ɔt.ɔf,ɔtɛf,ɔtɔf,ɔtɛf,ɔtɔf
ɔt.ɛs,ɔt.ɔs,ɔtɛs,ɔtɔs,ɔtɛs,ɔtɔs
ɔt.ɛv,ɔt.ɔv,ɔtɛv,ɔtɔv,ɔtɛv,ɔtɔv
ɔt.ɛz,ɔt.ɔz,ɔtɛz,ɔtɔz,ɔtɛz,ɔtɔz
ɔt.ɛʃ,ɔt.ɔʃ,ɔtɛʃ,ɔtɔʃ,ɔtɛʃ,ɔtɔʃ
ɔt.ɛʒ,ɔt.ɔʒ,ɔtɛʒ,ɔtɔʒ,ɔtɛʒ,ɔtɔʒ
ɔt.ɛθ,ɔt.ɔθ,ɔtɛθ,ɔtɔθ,ɔtɛθ,ɔtɔθ
ɔt.ɛð,ɔt.ɔð,ɔtɛð,ɔtɔð,ɔtɛð,ɔtɔð
ɔt.ʊm,ɔt.ɪm,ɔtʊm,ɔtɪm,ɔtʊm,ɔtɪm
ɔt.ʊn,ɔt.ɪn,ɔtʊn,ɔtɪn,ɔtʊn,ɔtɪn
ɔt.ʊŋ,ɔt.ɪŋ,ɔtʊŋ,ɔtɪŋ,ɔtʊŋ,ɔtɪŋ
ɔt.ʊp,ɔt.ɪp,ɔtʊp,ɔtɪp,ɔtʊp,ɔtɪp
ɔt.ʊt,ɔt.ɪt,ɔtʊt,ɔtɪt,ɔtʊt,ɔtɪt
ɔt.ʊk,ɔt.ɪk,ɔtʊk,ɔtɪk,ɔtʊk,ɔtɪk
ɔt.ʊb,ɔt.ɪb,ɔtʊb,ɔtɪb,ɔtʊb,ɔtɪb
ɔt.ʊd,ɔt.ɪd,ɔtʊd,ɔtɪd,ɔtʊd,ɔtɪd
ɔt.ʊg,ɔt.ɪg,ɔtʊg,ɔtɪg,ɔtʊg,ɔtɪg
ɔt.ʊf,ɔt.ɪf,ɔtʊf,ɔtɪf,ɔtʊf,ɔtɪf
ɔt.ʊs,ɔt.ɪs,ɔtʊs,ɔtɪs,ɔtʊs,ɔtɪs
ɔt.ʊv,ɔt.ɪv,ɔtʊv,ɔtɪv,ɔtʊv,ɔtɪv
ɔt.ʊz,ɔt.ɪz,ɔtʊz,ɔtɪz,ɔtʊz,ɔtɪz
ɔt.ʊʃ,ɔt.ɪʃ,ɔtʊʃ,ɔtɪʃ,ɔtʊʃ,ɔtɪʃ
ɔt.ʊʒ,ɔt.ɪʒ,ɔtʊʒ,ɔtɪʒ,ɔtʊʒ,ɔtɪʒ
ɔt.ʊθ,ɔt.ɪθ,ɔtʊθ,ɔtɪθ,ɔtʊθ,ɔtɪθ
ɔt.ʊð,ɔt.ɪð,ɔtʊð,ɔtɪð,ɔtʊð,ɔtɪð
ɔt.ɔm,ɔt.ɛm,ɔtɔm,ɔtɛm,ɔtɔm,ɔtɛm
ɔt.ɔn,ɔt.ɛn,ɔtɔn,ɔtɛn,ɔtɔn,ɔtɛn
ɔt.ɔŋ,ɔt.ɛŋ,ɔtɔŋ,ɔtɛŋ,ɔtɔŋ,ɔtɛŋ
ɔt.ɔp,ɔt.ɛp,ɔtɔp,ɔtɛp,ɔtɔp,ɔtɛp
ɔt.ɔt,ɔt.ɛt,ɔtɔt,ɔtɛt,ɔtɔt,ɔtɛt
ɔt.ɔk,ɔt.ɛk,ɔtɔk,ɔtɛk,ɔtɔk,ɔtɛk
ɔt.ɔb,ɔt.ɛb,ɔtɔb,ɔtɛb,ɔtɔb,ɔtɛb
ɔt.ɔd,ɔt.ɛd,ɔtɔd,ɔtɛd,ɔtɔd,ɔtɛd
ɔt.ɔg,ɔt.ɛg,ɔtɔg,ɔtɛg,ɔtɔg,ɔtɛg
ɔt.ɔf,ɔt.ɛf,ɔtɔf,ɔtɛf,ɔtɔf,ɔtɛf
ɔt.ɔs,ɔt.ɛs,ɔtɔs,ɔtɛs,ɔtɔs,ɔtɛs
ɔt.ɔv,ɔt.ɛv,ɔtɔv,ɔtɛv,ɔtɔv,ɔtɛv
ɔt.ɔz,ɔt.ɛz,ɔtɔz,ɔtɛz,ɔtɔz,ɔtɛz
ɔt.ɔʃ,ɔt.ɛʃ,ɔtɔʃ,ɔtɛʃ,ɔtɔʃ,ɔtɛʃ
ɔt.ɔʒ,ɔt.ɛʒ,ɔtɔʒ,ɔtɛʒ,ɔtɔʒ,ɔtɛʒ
ɔt.ɔθ,ɔt.ɛθ,ɔtɔθ,ɔtɛθ,ɔtɔθ,ɔtɛθ
ɔt.ɔð,ɔt.ɛð,ɔtɔð,ɔtɛð,ɔtɔð,ɔtɛð
ɔk.ɪm,ɔk.ʊm,ɔkɪm,ɔkʊm,ɔkɪm,ɔkʊm
ɔk.ɪn,ɔk.ʊn,ɔkɪn,ɔkʊn,ɔkɪn,ɔkʊn
ɔk.ɪŋ,ɔk.ʊŋ,ɔkɪŋ,ɔkʊŋ,ɔkɪŋ,ɔkʊŋ
ɔk.ɪp,ɔk.ʊp,ɔkɪp,ɔkʊp,ɔkɪp,ɔkʊp
ɔk.ɪt,ɔk.ʊt,ɔkɪt,ɔkʊt,ɔkɪt,ɔkʊt
ɔk.ɪk,ɔk.ʊk,ɔkɪk,ɔkʊk,ɔkɪk,ɔkʊk
ɔk.ɪb,ɔk.ʊb,ɔkɪb,ɔkʊb,ɔkɪb,ɔkʊb
ɔk.ɪd,ɔk.ʊd,ɔkɪd,ɔkʊd,ɔkɪd,ɔkʊd
ɔk.ɪg,ɔk.ʊg,ɔkɪg,ɔkʊg,ɔkɪg,ɔkʊg
ɔk.ɪf,ɔk.ʊf,ɔkɪf,ɔkʊf,ɔkɪf,ɔkʊf
ɔk.ɪs,ɔk.ʊs,ɔkɪs,ɔkʊs,ɔkɪs,ɔkʊs
ɔk.ɪv,ɔk.ʊv,ɔkɪv,ɔkʊv,ɔkɪv,ɔkʊv
ɔk.ɪz,ɔk.ʊz,ɔkɪz,ɔkʊz,ɔkɪz,ɔkʊz
ɔk.ɪʃ,ɔk.ʊʃ,ɔkɪʃ,ɔkʊʃ,ɔkɪʃ,ɔkʊʃ
ɔk.ɪʒ,ɔk.ʊʒ,ɔkɪʒ,ɔkʊʒ,ɔkɪʒ,ɔkʊʒ
ɔk.ɪθ,ɔk.ʊθ,ɔkɪθ,ɔkʊθ,ɔkɪθ,ɔkʊθ
ɔk.ɪð,ɔk.ʊð,ɔkɪð,ɔkʊð,ɔkɪð,ɔkʊð
ɔk.ɛm,ɔk.ɔm,ɔkɛm,ɔkɔm,ɔkɛm,ɔkɔm
ɔk.ɛn,ɔk.ɔn,ɔkɛn,ɔkɔn,ɔkɛn,ɔkɔn
ɔk.ɛŋ,ɔk.ɔŋ,ɔkɛŋ,ɔkɔŋ,ɔkɛŋ,ɔkɔŋ
ɔk.ɛp,ɔk.ɔp,ɔkɛp,ɔkɔp,ɔkɛp,ɔkɔp
ɔk.ɛt,ɔk.ɔt,ɔkɛt,ɔkɔt,ɔkɛt,ɔkɔt
ɔk.ɛk,ɔk.ɔk,ɔkɛk,ɔkɔk,ɔkɛk,ɔkɔk
ɔk.ɛb,ɔk.ɔb,ɔkɛb,ɔkɔb,ɔkɛb,ɔkɔb
ɔk.ɛd,ɔk.ɔd,ɔkɛd,ɔkɔd,ɔkɛd,ɔkɔd
ɔk.ɛg,ɔk.ɔg,ɔkɛg,ɔkɔg,ɔkɛg,ɔkɔg
ɔk.ɛf,ɔk.ɔf,ɔkɛf,ɔkɔf,ɔkɛf,ɔkɔf
ɔk.ɛs,ɔk.ɔs,ɔkɛs,ɔkɔs,ɔkɛs,ɔkɔs
ɔk.ɛv,ɔk.ɔv,ɔkɛv,ɔkɔv,ɔkɛv,ɔkɔv
ɔk.ɛz,ɔk.ɔz,ɔkɛz,ɔkɔz,ɔkɛz,ɔkɔz
ɔk.ɛʃ,ɔk.ɔʃ,ɔkɛʃ,ɔkɔʃ,ɔkɛʃ,ɔkɔʃ
ɔk.ɛʒ,ɔk.ɔʒ,ɔkɛʒ,ɔkɔʒ,ɔkɛʒ,ɔkɔʒ
ɔk.ɛθ,ɔk.ɔθ,ɔkɛθ,ɔkɔθ,ɔkɛθ,ɔkɔθ
ɔk.ɛð,ɔk.ɔð,ɔkɛð,ɔkɔð,ɔkɛð,ɔkɔð
ɔk.ʊm,ɔk.ɪm,ɔkʊm,ɔkɪm,ɔkʊm,ɔkɪm
ɔk.ʊn,ɔk.ɪn,ɔkʊn,ɔkɪn,ɔkʊn,ɔkɪn
ɔk.ʊŋ,ɔk.ɪŋ,ɔkʊŋ,ɔkɪŋ,ɔkʊŋ,ɔkɪŋ
ɔk.ʊp,ɔk.ɪp,ɔkʊp,ɔkɪp,ɔkʊp,ɔkɪp
ɔk.ʊt,ɔk.ɪt,ɔkʊt,ɔkɪt,ɔkʊt,ɔkɪt
ɔk.ʊk,ɔk.ɪk,ɔkʊk,ɔkɪk,ɔkʊk,ɔkɪk
ɔk.ʊb,ɔk.ɪb,ɔkʊb,ɔkɪb,ɔkʊb,ɔkɪb
ɔk.ʊd,ɔk.ɪd,ɔkʊd,ɔkɪd,ɔkʊd,ɔkɪd
ɔk.ʊg,ɔk.ɪg,ɔkʊg,ɔkɪg,ɔkʊg,ɔkɪg
ɔk.ʊf,ɔk.ɪf,ɔkʊf,ɔkɪf,ɔkʊf,ɔkɪf
ɔk.ʊs,ɔk.ɪs,ɔkʊs,ɔkɪs,ɔkʊs,ɔkɪs
ɔk.ʊv,ɔk.ɪv,ɔkʊv,ɔkɪv,ɔkʊv,ɔkɪv
ɔk.ʊz,ɔk.ɪz,ɔkʊz,ɔkɪz,ɔkʊz,ɔkɪz
ɔk.ʊʃ,ɔk.ɪʃ,ɔkʊʃ,ɔkɪʃ,ɔkʊʃ,ɔkɪʃ
ɔk.ʊʒ,ɔk.ɪʒ,ɔkʊʒ,ɔkɪʒ,ɔkʊʒ,ɔkɪʒ
ɔk.ʊθ,ɔk.ɪθ,ɔkʊθ,ɔkɪθ,ɔkʊθ,ɔkɪθ
ɔk.ʊð,ɔk.ɪð,ɔkʊð,ɔkɪð,ɔkʊð,ɔkɪð
ɔk.ɔm,ɔk.ɛm,ɔkɔm,ɔkɛm,ɔkɔm,ɔkɛm
ɔk.ɔn,ɔk.ɛn,ɔkɔn,ɔkɛn,ɔkɔn,ɔkɛn
ɔk.ɔŋ,ɔk.ɛŋ,ɔkɔŋ,ɔkɛŋ,ɔkɔŋ,ɔkɛŋ
ɔk.ɔp,ɔk.ɛp,ɔkɔp,ɔkɛp,ɔkɔp,ɔkɛp
ɔk.ɔt,ɔk.ɛt,ɔkɔt,ɔkɛt,ɔkɔt,ɔkɛt
ɔk.ɔk,ɔk.ɛk,ɔkɔk,ɔkɛk,ɔkɔk,ɔkɛk
ɔk.ɔb,ɔk.ɛb,ɔkɔb,ɔkɛb,ɔkɔb,ɔkɛb
ɔk.ɔd,ɔk.ɛd,ɔkɔd,ɔkɛd,ɔkɔd,ɔkɛd
ɔk.ɔg,ɔk.ɛg,ɔkɔg,ɔkɛg,ɔkɔg,ɔkɛg
ɔk.ɔf,ɔk.ɛf,ɔkɔf,ɔkɛf,ɔkɔf,ɔkɛf
ɔk.ɔs,ɔk.ɛs,ɔkɔs,ɔkɛs,ɔkɔs,ɔkɛs
ɔk.ɔv,ɔk.ɛv,ɔkɔv,ɔkɛv,ɔkɔv,ɔkɛv
ɔk.ɔz,ɔk.ɛz,ɔkɔz,ɔkɛz,ɔkɔz,ɔkɛz
ɔk.ɔʃ,ɔk.ɛʃ,ɔkɔʃ,ɔkɛʃ,ɔkɔʃ,ɔkɛʃ
ɔk.ɔʒ,ɔk.ɛʒ,ɔkɔʒ,ɔkɛʒ,ɔkɔʒ,ɔkɛʒ
ɔk.ɔθ,ɔk.ɛθ,ɔkɔθ,ɔkɛθ,ɔkɔθ,ɔkɛθ
ɔk.ɔð,ɔk.ɛð,ɔkɔð,ɔkɛð,ɔkɔð,ɔkɛð
ɔb.ɪm,ɔb.ʊm,ɔbɪm,ɔbʊm,ɔbɪm,ɔbʊm
ɔb.ɪn,ɔb.ʊn,ɔbɪn,ɔbʊn,ɔbɪn,ɔbʊn
ɔb.ɪŋ,ɔb.ʊŋ,ɔbɪŋ,ɔbʊŋ,ɔbɪŋ,ɔbʊŋ
ɔb.ɪp,ɔb.ʊp,ɔbɪp,ɔbʊp,ɔbɪp,ɔbʊp
ɔb.ɪt,ɔb.ʊt,ɔbɪt,ɔbʊt,ɔbɪt,ɔbʊt
ɔb.ɪk,ɔb.ʊk,ɔbɪk,ɔbʊk,ɔbɪk,ɔbʊk
ɔb.ɪb,ɔb.ʊb,ɔbɪb,ɔbʊb,ɔbɪb,ɔbʊb
ɔb.ɪd,ɔb.ʊd,ɔbɪd,ɔbʊd,ɔbɪd,ɔbʊd
ɔb.ɪg,ɔb.ʊg,ɔbɪg,ɔbʊg,ɔbɪg,ɔbʊg
ɔb.ɪf,ɔb.ʊf,ɔbɪf,ɔbʊf,ɔbɪf,ɔbʊf
ɔb.ɪs,ɔb.ʊs,ɔbɪs,ɔbʊs,ɔbɪs,ɔbʊs
ɔb.ɪv,ɔb.ʊv,ɔbɪv,ɔbʊv,ɔbɪv,ɔbʊv
ɔb.ɪz,ɔb.ʊz,ɔbɪz,ɔbʊz,ɔbɪz,ɔbʊz
ɔb.ɪʃ,ɔb.ʊʃ,ɔbɪʃ,ɔbʊʃ,ɔbɪʃ,ɔbʊʃ
ɔb.ɪʒ,ɔb.ʊʒ,ɔbɪʒ,ɔbʊʒ,ɔbɪʒ,ɔbʊʒ
ɔb.ɪθ,ɔb.ʊθ,ɔbɪθ,ɔbʊθ,ɔbɪθ,ɔbʊθ
ɔb.ɪð,ɔb.ʊð,ɔbɪð,ɔbʊð,ɔbɪð,ɔbʊð
ɔb.ɛm,ɔb.ɔm,ɔbɛm,ɔbɔm,ɔbɛm,ɔbɔm
ɔb.ɛn,ɔb.ɔn,ɔbɛn,ɔbɔn,ɔbɛn,ɔbɔn
ɔb.ɛŋ,ɔb.ɔŋ,ɔbɛŋ,ɔbɔŋ,ɔbɛŋ,ɔbɔŋ
ɔb.ɛp,ɔb.ɔp,ɔbɛp,ɔbɔp,ɔbɛp,ɔbɔp
ɔb.ɛt,ɔb.ɔt,ɔbɛt,ɔbɔt,ɔbɛt,ɔbɔt
ɔb.ɛk,ɔb.ɔk,ɔbɛk,ɔbɔk,ɔbɛk,ɔbɔk
ɔb.ɛb,ɔb.ɔb,ɔbɛb,ɔbɔb,ɔbɛb,ɔbɔb
ɔb.ɛd,ɔb.ɔd,ɔbɛd,ɔbɔd,ɔbɛd,ɔbɔd
ɔb.ɛg,ɔb.ɔg,ɔbɛg,ɔbɔg,ɔbɛg,ɔbɔg
ɔb.ɛf,ɔb.ɔf,ɔbɛf,ɔbɔf,ɔbɛf,ɔbɔf
ɔb.ɛs,ɔb.ɔs,ɔbɛs,ɔbɔs,ɔbɛs,ɔbɔs
ɔb.ɛv,ɔb.ɔv,ɔbɛv,ɔbɔv,ɔbɛv,ɔbɔv
ɔb.ɛz,ɔb.ɔz,ɔbɛz,ɔbɔz,ɔbɛz,ɔbɔz
ɔb.ɛʃ,ɔb.ɔʃ,ɔbɛʃ,ɔbɔʃ,ɔbɛʃ,ɔbɔʃ
ɔb.ɛʒ,ɔb.ɔʒ,ɔbɛʒ,ɔbɔʒ,ɔbɛʒ,ɔbɔʒ
ɔb.ɛθ,ɔb.ɔθ,ɔbɛθ,ɔbɔθ,ɔbɛθ,ɔbɔθ
ɔb.ɛð,ɔb.ɔð,ɔbɛð,ɔbɔð,ɔbɛð,ɔbɔð
ɔb.ʊm,ɔb.ɪm,ɔbʊm,ɔbɪm,ɔbʊm,ɔbɪm
ɔb.ʊn,ɔb.ɪn,ɔbʊn,ɔbɪn,ɔbʊn,ɔbɪn
ɔb.ʊŋ,ɔb.ɪŋ,ɔbʊŋ,ɔbɪŋ,ɔbʊŋ,ɔbɪŋ
ɔb.ʊp,ɔb.ɪp,ɔbʊp,ɔbɪp,ɔbʊp,ɔbɪp
ɔb.ʊt,ɔb.ɪt,ɔbʊt,ɔbɪt,ɔbʊt,ɔbɪt
ɔb.ʊk,ɔb.ɪk,ɔbʊk,ɔbɪk,ɔbʊk,ɔbɪk
ɔb.ʊb,ɔb.ɪb,ɔbʊb,ɔbɪb,ɔbʊb,ɔbɪb
ɔb.ʊd,ɔb.ɪd,ɔbʊd,ɔbɪd,ɔbʊd,ɔbɪd
ɔb.ʊg,ɔb.ɪg,ɔbʊg,ɔbɪg,ɔbʊg,ɔbɪg
ɔb.ʊf,ɔb.ɪf,ɔbʊf,ɔbɪf,ɔbʊf,ɔbɪf
ɔb.ʊs,ɔb.ɪs,ɔbʊs,ɔbɪs,ɔbʊs,ɔbɪs
ɔb.ʊv,ɔb.ɪv,ɔbʊv,ɔbɪv,ɔbʊv,ɔbɪv
ɔb.ʊz,ɔb.ɪz,ɔbʊz,ɔbɪz,ɔbʊz,ɔbɪz
ɔb.ʊʃ,ɔb.ɪʃ,ɔbʊʃ,ɔbɪʃ,ɔbʊʃ,ɔbɪʃ
ɔb.ʊʒ,ɔb.ɪʒ,ɔbʊʒ,ɔbɪʒ,ɔbʊʒ,ɔbɪʒ
ɔb.ʊθ,ɔb.ɪθ,ɔbʊθ,ɔbɪθ,ɔbʊθ,ɔbɪθ
ɔb.ʊð,ɔb.ɪð,ɔbʊð,ɔbɪð,ɔbʊð,ɔbɪð
ɔb.ɔm,ɔb.ɛm,ɔbɔm,ɔbɛm,ɔbɔm,ɔbɛm
ɔb.ɔn,ɔb.ɛn,ɔbɔn,ɔbɛn,ɔbɔn,ɔbɛn
ɔb.ɔŋ,ɔb.ɛŋ,ɔbɔŋ,ɔbɛŋ,ɔbɔŋ,ɔbɛŋ
ɔb.ɔp,ɔb.ɛp,ɔbɔp,ɔbɛp,ɔbɔp,ɔbɛp
ɔb.ɔt,ɔb.ɛt,ɔbɔt,ɔbɛt,ɔbɔt,ɔbɛt
ɔb.ɔk,ɔb.ɛk,ɔbɔk,ɔbɛk,ɔbɔk,ɔbɛk
ɔb.ɔb,ɔb.ɛb,ɔbɔb,ɔbɛb,ɔbɔb,ɔbɛb
ɔb.ɔd,ɔb.ɛd,ɔbɔd,ɔbɛd,ɔbɔd,ɔbɛd
ɔb.ɔg,ɔb.ɛg,ɔbɔg,ɔbɛg,ɔbɔg,ɔbɛg
ɔb.ɔf,ɔb.ɛf,ɔbɔf,ɔbɛf,ɔbɔf,ɔbɛf
ɔb.ɔs,ɔb.ɛs,ɔbɔs,ɔbɛs,ɔbɔs,ɔbɛs
ɔb.ɔv,ɔb.ɛv,ɔbɔv,ɔbɛv,ɔbɔv,ɔbɛv
ɔb.ɔz,ɔb.ɛz,ɔbɔz,ɔbɛz,ɔbɔz,ɔbɛz
ɔb.ɔʃ,ɔb.ɛʃ,ɔbɔʃ,ɔbɛʃ,ɔbɔʃ,ɔbɛʃ
ɔb.ɔʒ,ɔb.ɛʒ,ɔbɔʒ,ɔbɛʒ,ɔbɔʒ,ɔbɛʒ
ɔb.ɔθ,ɔb.ɛθ,ɔbɔθ,ɔbɛθ,ɔbɔθ,ɔbɛθ
ɔb.ɔð,ɔb.ɛð,ɔbɔð,ɔbɛð,ɔbɔð,ɔbɛð
ɔd.ɪm,ɔd.ʊm,ɔdɪm,ɔdʊm,ɔdɪm,ɔdʊm
ɔd.ɪn,ɔd.ʊn,ɔdɪn,ɔdʊn,ɔdɪn,ɔdʊn
ɔd.ɪŋ,ɔd.ʊŋ,ɔdɪŋ,ɔdʊŋ,ɔdɪŋ,ɔdʊŋ
ɔd.ɪp,ɔd.ʊp,ɔdɪp,ɔdʊp,ɔdɪp,ɔdʊp
ɔd.ɪt,ɔd.ʊt,ɔdɪt,ɔdʊt,ɔdɪt,ɔdʊt
ɔd.ɪk,ɔd.ʊk,ɔdɪk,ɔdʊk,ɔdɪk,ɔdʊk
ɔd.ɪb,ɔd.ʊb,ɔdɪb,ɔdʊb,ɔdɪb,ɔdʊb
ɔd.ɪd,ɔd.ʊd,ɔdɪd,ɔdʊd,ɔdɪd,ɔdʊd
ɔd.ɪg,ɔd.ʊg,ɔdɪg,ɔdʊg,ɔdɪg,ɔdʊg
ɔd.ɪf,ɔd.ʊf,ɔdɪf,ɔdʊf,ɔdɪf,ɔdʊf
ɔd.ɪs,ɔd.ʊs,ɔdɪs,ɔdʊs,ɔdɪs,ɔdʊs
ɔd.ɪv,ɔd.ʊv,ɔdɪv,ɔdʊv,ɔdɪv,ɔdʊv
ɔd.ɪz,ɔd.ʊz,ɔdɪz,ɔdʊz,ɔdɪz,ɔdʊz
ɔd.ɪʃ,ɔd.ʊʃ,ɔdɪʃ,ɔdʊʃ,ɔdɪʃ,ɔdʊʃ
ɔd.ɪʒ,ɔd.ʊʒ,ɔdɪʒ,ɔdʊʒ,ɔdɪʒ,ɔdʊʒ
ɔd.ɪθ,ɔd.ʊθ,ɔdɪθ,ɔdʊθ,ɔdɪθ,ɔdʊθ
ɔd.ɪð,ɔd.ʊð,ɔdɪð,ɔdʊð,ɔdɪð,ɔdʊð
ɔd.ɛm,ɔd.ɔm,ɔdɛm,ɔdɔm,ɔdɛm,ɔdɔm
ɔd.ɛn,ɔd.ɔn,ɔdɛn,ɔdɔn,ɔdɛn,ɔdɔn
ɔd.ɛŋ,ɔd.ɔŋ,ɔdɛŋ,ɔdɔŋ,ɔdɛŋ,ɔdɔŋ
ɔd.ɛp,ɔd.ɔp,ɔdɛp,ɔdɔp,ɔdɛp,ɔdɔp
ɔd.ɛt,ɔd.ɔt,ɔdɛt,ɔdɔt,ɔdɛt,ɔdɔt
ɔd.ɛk,ɔd.ɔk,ɔdɛk,ɔdɔk,ɔdɛk,ɔdɔk
ɔd.ɛb,ɔd.ɔb,ɔdɛb,ɔdɔb,ɔdɛb,ɔdɔb
ɔd.ɛd,ɔd.ɔd,ɔdɛd,ɔdɔd,ɔdɛd,ɔdɔd
ɔd.ɛg,ɔd.ɔg,ɔdɛg,ɔdɔg,ɔdɛg,ɔdɔg
ɔd.ɛf,ɔd.ɔf,ɔdɛf,ɔdɔf,ɔdɛf,ɔdɔf
ɔd.ɛs,ɔd.ɔs,ɔdɛs,ɔdɔs,ɔdɛs,ɔdɔs
ɔd.ɛv,ɔd.ɔv,ɔdɛv,ɔdɔv,ɔdɛv,ɔdɔv
ɔd.ɛz,ɔd.ɔz,ɔdɛz,ɔdɔz,ɔdɛz,ɔdɔz
ɔd.ɛʃ,ɔd.ɔʃ,ɔdɛʃ,ɔdɔʃ,ɔdɛʃ,ɔdɔʃ
ɔd.ɛʒ,ɔd.ɔʒ,ɔdɛʒ,ɔdɔʒ,ɔdɛʒ,ɔdɔʒ
ɔd.ɛθ,ɔd.ɔθ,ɔdɛθ,ɔdɔθ,ɔdɛθ,ɔdɔθ
ɔd.ɛð,ɔd.ɔð,ɔdɛð,ɔdɔð,ɔdɛð,ɔdɔð
ɔd.ʊm,ɔd.ɪm,ɔdʊm,ɔdɪm,ɔdʊm,ɔdɪm
ɔd.ʊn,ɔd.ɪn,ɔdʊn,ɔdɪn,ɔdʊn,ɔdɪn
ɔd.ʊŋ,ɔd.ɪŋ,ɔdʊŋ,ɔdɪŋ,ɔdʊŋ,ɔdɪŋ
ɔd.ʊp,ɔd.ɪp,ɔdʊp,ɔdɪp,ɔdʊp,ɔdɪp
ɔd.ʊt,ɔd.ɪt,ɔdʊt,ɔdɪt,ɔdʊt,ɔdɪt
ɔd.ʊk,ɔd.ɪk,ɔdʊk,ɔdɪk,ɔdʊk,ɔdɪk
ɔd.ʊb,ɔd.ɪb,ɔdʊb,ɔdɪb,ɔdʊb,ɔdɪb
ɔd.ʊd,ɔd.ɪd,ɔdʊd,ɔdɪd,ɔdʊd,ɔdɪd
ɔd.ʊg,ɔd.ɪg,ɔdʊg,ɔdɪg,ɔdʊg,ɔdɪg
ɔd.ʊf,ɔd.ɪf,ɔdʊf,ɔdɪf,ɔdʊf,ɔdɪf
ɔd.ʊs,ɔd.ɪs,ɔdʊs,ɔdɪs,ɔdʊs,ɔdɪs
ɔd.ʊv,ɔd.ɪv,ɔdʊv,ɔdɪv,ɔdʊv,ɔdɪv
ɔd.ʊz,ɔd.ɪz,ɔdʊz,ɔdɪz,ɔdʊz,ɔdɪz
ɔd.ʊʃ,ɔd.ɪʃ,ɔdʊʃ,ɔdɪʃ,ɔdʊʃ,ɔdɪʃ
ɔd.ʊʒ,ɔd.ɪʒ,ɔdʊʒ,ɔdɪʒ,ɔdʊʒ,ɔdɪʒ
ɔd.ʊθ,ɔd.ɪθ,ɔdʊθ,ɔdɪθ,ɔdʊθ,ɔdɪθ
ɔd.ʊð,ɔd.ɪð,ɔdʊð,ɔdɪð,ɔdʊð,ɔdɪð
ɔd.ɔm,ɔd.ɛm,ɔdɔm,ɔdɛm,ɔdɔm,ɔdɛm
ɔd.ɔn,ɔd.ɛn,ɔdɔn,ɔdɛn,ɔdɔn,ɔdɛn
ɔd.ɔŋ,ɔd.ɛŋ,ɔdɔŋ,ɔdɛŋ,ɔdɔŋ,ɔdɛŋ
ɔd.ɔp,ɔd.ɛp,ɔdɔp,ɔdɛp,ɔdɔp,ɔdɛp
ɔd.ɔt,ɔd.ɛt,ɔdɔt,ɔdɛt,ɔdɔt,ɔdɛt
ɔd.ɔk,ɔd.ɛk,ɔdɔk,ɔdɛk,ɔdɔk,ɔdɛk
ɔd.ɔb,ɔd.ɛb,ɔdɔb,ɔdɛb,ɔdɔb,ɔdɛb
ɔd.ɔd,ɔd.ɛd,ɔdɔd,ɔdɛd,ɔdɔd,ɔdɛd
ɔd.ɔg,ɔd.ɛg,ɔdɔg,ɔdɛg,ɔdɔg,ɔdɛg
ɔd.ɔf,ɔd.ɛf,ɔdɔf,ɔdɛf,ɔdɔf,ɔdɛf
ɔd.ɔs,ɔd.ɛs,ɔdɔs,ɔdɛs,ɔdɔs,ɔdɛs
ɔd.ɔv,ɔd.ɛv,ɔdɔv,ɔdɛv,ɔdɔv,ɔdɛv
ɔd.ɔz,ɔd.ɛz,ɔdɔz,ɔdɛz,ɔdɔz,ɔdɛz
ɔd.ɔʃ,ɔd.ɛʃ,ɔdɔʃ,ɔdɛʃ,ɔdɔʃ,ɔdɛʃ
ɔd.ɔʒ,ɔd.ɛʒ,ɔdɔʒ,ɔdɛʒ,ɔdɔʒ,ɔdɛʒ
ɔd.ɔθ,ɔd.ɛθ,ɔdɔθ,ɔdɛθ,ɔdɔθ,ɔdɛθ
ɔd.ɔð,ɔd.ɛð,ɔdɔð,ɔdɛð,ɔdɔð,ɔdɛð
ɔg.ɪm,ɔg.ʊm,ɔgɪm,ɔgʊm,ɔgɪm,ɔgʊm
ɔg.ɪn,ɔg.ʊn,ɔgɪn,ɔgʊn,ɔgɪn,ɔgʊn
ɔg.ɪŋ,ɔg.ʊŋ,ɔgɪŋ,ɔgʊŋ,ɔgɪŋ,ɔgʊŋ
ɔg.ɪp,ɔg.ʊp,ɔgɪp,ɔgʊp,ɔgɪp,ɔgʊp
ɔg.ɪt,ɔg.ʊt,ɔgɪt,ɔgʊt,ɔgɪt,ɔgʊt
ɔg.ɪk,ɔg.ʊk,ɔgɪk,ɔgʊk,ɔgɪk,ɔgʊk
ɔg.ɪb,ɔg.ʊb,ɔgɪb,ɔgʊb,ɔgɪb,ɔgʊb
ɔg.ɪd,ɔg.ʊd,ɔgɪd,ɔgʊd,ɔgɪd,ɔgʊd
ɔg.ɪg,ɔg.ʊg,ɔgɪg,ɔgʊg,ɔgɪg,ɔgʊg
ɔg.ɪf,ɔg.ʊf,ɔgɪf,ɔgʊf,ɔgɪf,ɔgʊf
ɔg.ɪs,ɔg.ʊs,ɔgɪs,ɔgʊs,ɔgɪs,ɔgʊs
ɔg.ɪv,ɔg.ʊv,ɔgɪv,ɔgʊv,ɔgɪv,ɔgʊv
ɔg.ɪz,ɔg.ʊz,ɔgɪz,ɔgʊz,ɔgɪz,ɔgʊz
ɔg.ɪʃ,ɔg.ʊʃ,ɔgɪʃ,ɔgʊʃ,ɔgɪʃ,ɔgʊʃ
ɔg.ɪʒ,ɔg.ʊʒ,ɔgɪʒ,ɔgʊʒ,ɔgɪʒ,ɔgʊʒ
ɔg.ɪθ,ɔg.ʊθ,ɔgɪθ,ɔgʊθ,ɔgɪθ,ɔgʊθ
ɔg.ɪð,ɔg.ʊð,ɔgɪð,ɔgʊð,ɔgɪð,ɔgʊð
ɔg.ɛm,ɔg.ɔm,ɔgɛm,ɔgɔm,ɔgɛm,ɔgɔm
ɔg.ɛn,ɔg.ɔn,ɔgɛn,ɔgɔn,ɔgɛn,ɔgɔn
ɔg.ɛŋ,ɔg.ɔŋ,ɔgɛŋ,ɔgɔŋ,ɔgɛŋ,ɔgɔŋ
ɔg.ɛp,ɔg.ɔp,ɔgɛp,ɔgɔp,ɔgɛp,ɔgɔp
ɔg.ɛt,ɔg.ɔt,ɔgɛt,ɔgɔt,ɔgɛt,ɔgɔt
ɔg.ɛk,ɔg.ɔk,ɔgɛk,ɔgɔk,ɔgɛk,ɔgɔk
ɔg.ɛb,ɔg.ɔb,ɔgɛb,ɔgɔb,ɔgɛb,ɔgɔb
ɔg.ɛd,ɔg.ɔd,ɔgɛd,ɔgɔd,ɔgɛd,ɔgɔd
ɔg.ɛg,ɔg.ɔg,ɔgɛg,ɔgɔg,ɔgɛg,ɔgɔg
ɔg.ɛf,ɔg.ɔf,ɔgɛf,ɔgɔf,ɔgɛf,ɔgɔf
ɔg.ɛs,ɔg.ɔs,ɔgɛs,ɔgɔs,ɔgɛs,ɔgɔs
ɔg.ɛv,ɔg.ɔv,ɔgɛv,ɔgɔv,ɔgɛv,ɔgɔv
ɔg.ɛz,ɔg.ɔz,ɔgɛz,ɔgɔz,ɔgɛz,ɔgɔz
ɔg.ɛʃ,ɔg.ɔʃ,ɔgɛʃ,ɔgɔʃ,ɔgɛʃ,ɔgɔʃ
ɔg.ɛʒ,ɔg.ɔʒ,ɔgɛʒ,ɔgɔʒ,ɔgɛʒ,ɔgɔʒ
ɔg.ɛθ,ɔg.ɔθ,ɔgɛθ,ɔgɔθ,ɔgɛθ,ɔgɔθ
ɔg.ɛð,ɔg.ɔð,ɔgɛð,ɔgɔð,ɔgɛð,ɔgɔð
ɔg.ʊm,ɔg.ɪm,ɔgʊm,ɔgɪm,ɔgʊm,ɔgɪm
ɔg.ʊn,ɔg.ɪn,ɔgʊn,ɔgɪn,ɔgʊn,ɔgɪn
ɔg.ʊŋ,ɔg.ɪŋ,ɔgʊŋ,ɔgɪŋ,ɔgʊŋ,ɔgɪŋ
ɔg.ʊp,ɔg.ɪp,ɔgʊp,ɔgɪp,ɔgʊp,ɔgɪp
ɔg.ʊt,ɔg.ɪt,ɔgʊt,ɔgɪt,ɔgʊt,ɔgɪt
ɔg.ʊk,ɔg.ɪk,ɔgʊk,ɔgɪk,ɔgʊk,ɔgɪk
ɔg.ʊb,ɔg.ɪb,ɔgʊb,ɔgɪb,ɔgʊb,ɔgɪb
ɔg.ʊd,ɔg.ɪd,ɔgʊd,ɔgɪd,ɔgʊd,ɔgɪd
ɔg.ʊg,ɔg.ɪg,ɔgʊg,ɔgɪg,ɔgʊg,ɔgɪg
ɔg.ʊf,ɔg.ɪf,ɔgʊf,ɔgɪf,ɔgʊf,ɔgɪf
ɔg.ʊs,ɔg.ɪs,ɔgʊs,ɔgɪs,ɔgʊs,ɔgɪs
ɔg.ʊv,ɔg.ɪv,ɔgʊv,ɔgɪv,ɔgʊv,ɔgɪv
ɔg.ʊz,ɔg.ɪz,ɔgʊz,ɔgɪz,ɔgʊz,ɔgɪz
ɔg.ʊʃ,ɔg.ɪʃ,ɔgʊʃ,ɔgɪʃ,ɔgʊʃ,ɔgɪʃ
ɔg.ʊʒ,ɔg.ɪʒ,ɔgʊʒ,ɔgɪʒ,ɔgʊʒ,ɔgɪʒ
ɔg.ʊθ,ɔg.ɪθ,ɔgʊθ,ɔgɪθ,ɔgʊθ,ɔgɪθ
ɔg.ʊð,ɔg.ɪð,ɔgʊð,ɔgɪð,ɔgʊð,ɔgɪð
ɔg.ɔm,ɔg.ɛm,ɔgɔm,ɔgɛm,ɔgɔm,ɔgɛm
ɔg.ɔn,ɔg.ɛn,ɔgɔn,ɔgɛn,ɔgɔn,ɔgɛn
ɔg.ɔŋ,ɔg.ɛŋ,ɔgɔŋ,ɔgɛŋ,ɔgɔŋ,ɔgɛŋ
ɔg.ɔp,ɔg.ɛp,ɔgɔp,ɔgɛp,ɔgɔp,ɔgɛp
ɔg.ɔt,ɔg.ɛt,ɔgɔt,ɔgɛt,ɔgɔt,ɔgɛt
ɔg.ɔk,ɔg.ɛk,ɔgɔk,ɔgɛk,ɔgɔk,ɔgɛk
ɔg.ɔb,ɔg.ɛb,ɔgɔb,ɔgɛb,ɔgɔb,ɔgɛb
ɔg.ɔd,ɔg.ɛd,ɔgɔd,ɔgɛd,ɔgɔd,ɔgɛd
ɔg.ɔg,ɔg.ɛg,ɔgɔg,ɔgɛg,ɔgɔg,ɔgɛg
ɔg.ɔf,ɔg.ɛf,ɔgɔf,ɔgɛf,ɔgɔf,ɔgɛf
ɔg.ɔs,ɔg.ɛs,ɔgɔs,ɔgɛs,ɔgɔs,ɔgɛs
ɔg.ɔv,ɔg.ɛv,ɔgɔv,ɔgɛv,ɔgɔv,ɔgɛv
ɔg.ɔz,ɔg.ɛz,ɔgɔz,ɔgɛz,ɔgɔz,ɔgɛz
ɔg.ɔʃ,ɔg.ɛʃ,ɔgɔʃ,ɔgɛʃ,ɔgɔʃ,ɔgɛʃ
ɔg.ɔʒ,ɔg.ɛʒ,ɔgɔʒ,ɔgɛʒ,ɔgɔʒ,ɔgɛʒ
ɔg.ɔθ,ɔg.ɛθ,ɔgɔθ,ɔgɛθ,ɔgɔθ,ɔgɛθ
ɔg.ɔð,ɔg.ɛð,ɔgɔð,ɔgɛð,ɔgɔð,ɔgɛð
ɔf.ɪm,ɔf.ʊm,ɔfɪm,ɔfʊm,ɔfɪm,ɔfʊm
ɔf.ɪn,ɔf.ʊn,ɔfɪn,ɔfʊn,ɔfɪn,ɔfʊn
ɔf.ɪŋ,ɔf.ʊŋ,ɔfɪŋ,ɔfʊŋ,ɔfɪŋ,ɔfʊŋ
ɔf.ɪp,ɔf.ʊp,ɔfɪp,ɔfʊp,ɔfɪp,ɔfʊp
ɔf.ɪt,ɔf.ʊt,ɔfɪt,ɔfʊt,ɔfɪt,ɔfʊt
ɔf.ɪk,ɔf.ʊk,ɔfɪk,ɔfʊk,ɔfɪk,ɔfʊk
ɔf.ɪb,ɔf.ʊb,ɔfɪb,ɔfʊb,ɔfɪb,ɔfʊb
ɔf.ɪd,ɔf.ʊd,ɔfɪd,ɔfʊd,ɔfɪd,ɔfʊd
ɔf.ɪg,ɔf.ʊg,ɔfɪg,ɔfʊg,ɔfɪg,ɔfʊg
ɔf.ɪf,ɔf.ʊf,ɔfɪf,ɔfʊf,ɔfɪf,ɔfʊf
ɔf.ɪs,ɔf.ʊs,ɔfɪs,ɔfʊs,ɔfɪs,ɔfʊs
ɔf.ɪv,ɔf.ʊv,ɔfɪv,ɔfʊv,ɔfɪv,ɔfʊv
ɔf.ɪz,ɔf.ʊz,ɔfɪz,ɔfʊz,ɔfɪz,ɔfʊz
ɔf.ɪʃ,ɔf.ʊʃ,ɔfɪʃ,ɔfʊʃ,ɔfɪʃ,ɔfʊʃ
ɔf.ɪʒ,ɔf.ʊʒ,ɔfɪʒ,ɔfʊʒ,ɔfɪʒ,ɔfʊʒ
ɔf.ɪθ,ɔf.ʊθ,ɔfɪθ,ɔfʊθ,ɔfɪθ,ɔfʊθ
ɔf.ɪð,ɔf.ʊð,ɔfɪð,ɔfʊð,ɔfɪð,ɔfʊð
ɔf.ɛm,ɔf.ɔm,ɔfɛm,ɔfɔm,ɔfɛm,ɔfɔm
ɔf.ɛn,ɔf.ɔn,ɔfɛn,ɔfɔn,ɔfɛn,ɔfɔn
ɔf.ɛŋ,ɔf.ɔŋ,ɔfɛŋ,ɔfɔŋ,ɔfɛŋ,ɔfɔŋ
ɔf.ɛp,ɔf.ɔp,ɔfɛp,ɔfɔp,ɔfɛp,ɔfɔp
ɔf.ɛt,ɔf.ɔt,ɔfɛt,ɔfɔt,ɔfɛt,ɔfɔt
ɔf.ɛk,ɔf.ɔk,ɔfɛk,ɔfɔk,ɔfɛk,ɔfɔk
ɔf.ɛb,ɔf.ɔb,ɔfɛb,ɔfɔb,ɔfɛb,ɔfɔb
ɔf.ɛd,ɔf.ɔd,ɔfɛd,ɔfɔd,ɔfɛd,ɔfɔd
ɔf.ɛg,ɔf.ɔg,ɔfɛg,ɔfɔg,ɔfɛg,ɔfɔg
ɔf.ɛf,ɔf.ɔf,ɔfɛf,ɔfɔf,ɔfɛf,ɔfɔf
ɔf.ɛs,ɔf.ɔs,ɔfɛs,ɔfɔs,ɔfɛs,ɔfɔs
ɔf.ɛv,ɔf.ɔv,ɔfɛv,ɔfɔv,ɔfɛv,ɔfɔv
ɔf.ɛz,ɔf.ɔz,ɔfɛz,ɔfɔz,ɔfɛz,ɔfɔz
ɔf.ɛʃ,ɔf.ɔʃ,ɔfɛʃ,ɔfɔʃ,ɔfɛʃ,ɔfɔʃ
ɔf.ɛʒ,ɔf.ɔʒ,ɔfɛʒ,ɔfɔʒ,ɔfɛʒ,ɔfɔʒ
ɔf.ɛθ,ɔf.ɔθ,ɔfɛθ,ɔfɔθ,ɔfɛθ,ɔfɔθ
ɔf.ɛð,ɔf.ɔð,ɔfɛð,ɔfɔð,ɔfɛð,ɔfɔð
ɔf.ʊm,ɔf.ɪm,ɔfʊm,ɔfɪm,ɔfʊm,ɔfɪm
ɔf.ʊn,ɔf.ɪn,ɔfʊn,ɔfɪn,ɔfʊn,ɔfɪn
ɔf.ʊŋ,ɔf.ɪŋ,ɔfʊŋ,ɔfɪŋ,ɔfʊŋ,ɔfɪŋ
ɔf.ʊp,ɔf.ɪp,ɔfʊp,ɔfɪp,ɔfʊp,ɔfɪp
ɔf.ʊt,ɔf.ɪt,ɔfʊt,ɔfɪt,ɔfʊt,ɔfɪt
ɔf.ʊk,ɔf.ɪk,ɔfʊk,ɔfɪk,ɔfʊk,ɔfɪk
ɔf.ʊb,ɔf.ɪb,ɔfʊb,ɔfɪb,ɔfʊb,ɔfɪb
ɔf.ʊd,ɔf.ɪd,ɔfʊd,ɔfɪd,ɔfʊd,ɔfɪd
ɔf.ʊg,ɔf.ɪg,ɔfʊg,ɔfɪg,ɔfʊg,ɔfɪg
ɔf.ʊf,ɔf.ɪf,ɔfʊf,ɔfɪf,ɔfʊf,ɔfɪf
ɔf.ʊs,ɔf.ɪs,ɔfʊs,ɔfɪs,ɔfʊs,ɔfɪs
ɔf.ʊv,ɔf.ɪv,ɔfʊv,ɔfɪv,ɔfʊv,ɔfɪv
ɔf.ʊz,ɔf.ɪz,ɔfʊz,ɔfɪz,ɔfʊz,ɔfɪz
ɔf.ʊʃ,ɔf.ɪʃ,ɔfʊʃ,ɔfɪʃ,ɔfʊʃ,ɔfɪʃ
ɔf.ʊʒ,ɔf.ɪʒ,ɔfʊʒ,ɔfɪʒ,ɔfʊʒ,ɔfɪʒ
ɔf.ʊθ,ɔf.ɪθ,ɔfʊθ,ɔfɪθ,ɔfʊθ,ɔfɪθ
ɔf.ʊð,ɔf.ɪð,ɔfʊð,ɔfɪð,ɔfʊð,ɔfɪð
ɔf.ɔm,ɔf.ɛm,ɔfɔm,ɔfɛm,ɔfɔm,ɔfɛm
ɔf.ɔn,ɔf.ɛn,ɔfɔn,ɔfɛn,ɔfɔn,ɔfɛn
ɔf.ɔŋ,ɔf.ɛŋ,ɔfɔŋ,ɔfɛŋ,ɔfɔŋ,ɔfɛŋ
ɔf.ɔp,ɔf.ɛp,ɔfɔp,ɔfɛp,ɔfɔp,ɔfɛp
ɔf.ɔt,ɔf.ɛt,ɔfɔt,ɔfɛt,ɔfɔt,ɔfɛt
ɔf.ɔk,ɔf.ɛk,ɔfɔk,ɔfɛk,ɔfɔk,ɔfɛk
ɔf.ɔb,ɔf.ɛb,ɔfɔb,ɔfɛb,ɔfɔb,ɔfɛb
ɔf.ɔd,ɔf.ɛd,ɔfɔd,ɔfɛd,ɔfɔd,ɔfɛd
ɔf.ɔg,ɔf.ɛg,ɔfɔg,ɔfɛg,ɔfɔg,ɔfɛg
ɔf.ɔf,ɔf.ɛf,ɔfɔf,ɔfɛf,ɔfɔf,ɔfɛf
ɔf.ɔs,ɔf.ɛs,ɔfɔs,ɔfɛs,ɔfɔs,ɔfɛs
ɔf.ɔv,ɔf.ɛv,ɔfɔv,ɔfɛv,ɔfɔv,ɔfɛv
ɔf.ɔz,ɔf.ɛz,ɔfɔz,ɔfɛz,ɔfɔz,ɔfɛz
ɔf.ɔʃ,ɔf.ɛʃ,ɔfɔʃ,ɔfɛʃ,ɔfɔʃ,ɔfɛʃ
ɔf.ɔʒ,ɔf.ɛʒ,ɔfɔʒ,ɔfɛʒ,ɔfɔʒ,ɔfɛʒ
ɔf.ɔθ,ɔf.ɛθ,ɔfɔθ,ɔfɛθ,ɔfɔθ,ɔfɛθ
ɔf.ɔð,ɔf.ɛð,ɔfɔð,ɔfɛð,ɔfɔð,ɔfɛð
ɔs.ɪm,ɔs.ʊm,ɔsɪm,ɔsʊm,ɔsɪm,ɔsʊm
ɔs.ɪn,ɔs.ʊn,ɔsɪn,ɔsʊn,ɔsɪn,ɔsʊn
ɔs.ɪŋ,ɔs.ʊŋ,ɔsɪŋ,ɔsʊŋ,ɔsɪŋ,ɔsʊŋ
ɔs.ɪp,ɔs.ʊp,ɔsɪp,ɔsʊp,ɔsɪp,ɔsʊp
ɔs.ɪt,ɔs.ʊt,ɔsɪt,ɔsʊt,ɔsɪt,ɔsʊt
ɔs.ɪk,ɔs.ʊk,ɔsɪk,ɔsʊk,ɔsɪk,ɔsʊk
ɔs.ɪb,ɔs.ʊb,ɔsɪb,ɔsʊb,ɔsɪb,ɔsʊb
ɔs.ɪd,ɔs.ʊd,ɔsɪd,ɔsʊd,ɔsɪd,ɔsʊd
ɔs.ɪg,ɔs.ʊg,ɔsɪg,ɔsʊg,ɔsɪg,ɔsʊg
ɔs.ɪf,ɔs.ʊf,ɔsɪf,ɔsʊf,ɔsɪf,ɔsʊf
ɔs.ɪs,ɔs.ʊs,ɔsɪs,ɔsʊs,ɔsɪs,ɔsʊs
ɔs.ɪv,ɔs.ʊv,ɔsɪv,ɔsʊv,ɔsɪv,ɔsʊv
ɔs.ɪz,ɔs.ʊz,ɔsɪz,ɔsʊz,ɔsɪz,ɔsʊz
ɔs.ɪʃ,ɔs.ʊʃ,ɔsɪʃ,ɔsʊʃ,ɔsɪʃ,ɔsʊʃ
ɔs.ɪʒ,ɔs.ʊʒ,ɔsɪʒ,ɔsʊʒ,ɔsɪʒ,ɔsʊʒ
ɔs.ɪθ,ɔs.ʊθ,ɔsɪθ,ɔsʊθ,ɔsɪθ,ɔsʊθ
ɔs.ɪð,ɔs.ʊð,ɔsɪð,ɔsʊð,ɔsɪð,ɔsʊð
ɔs.ɛm,ɔs.ɔm,ɔsɛm,ɔsɔm,ɔsɛm,ɔsɔm
ɔs.ɛn,ɔs.ɔn,ɔsɛn,ɔsɔn,ɔsɛn,ɔsɔn
ɔs.ɛŋ,ɔs.ɔŋ,ɔsɛŋ,ɔsɔŋ,ɔsɛŋ,ɔsɔŋ
ɔs.ɛp,ɔs.ɔp,ɔsɛp,ɔsɔp,ɔsɛp,ɔsɔp
ɔs.ɛt,ɔs.ɔt,ɔsɛt,ɔsɔt,ɔsɛt,ɔsɔt
ɔs.ɛk,ɔs.ɔk,ɔsɛk,ɔsɔk,ɔsɛk,ɔsɔk
ɔs.ɛb,ɔs.ɔb,ɔsɛb,ɔsɔb,ɔsɛb,ɔsɔb
ɔs.ɛd,ɔs.ɔd,ɔsɛd,ɔsɔd,ɔsɛd,ɔsɔd
ɔs.ɛg,ɔs.ɔg,ɔsɛg,ɔsɔg,ɔsɛg,ɔsɔg
ɔs.ɛf,ɔs.ɔf,ɔsɛf,ɔsɔf,ɔsɛf,ɔsɔf
ɔs.ɛs,ɔs.ɔs,ɔsɛs,ɔsɔs,ɔsɛs,ɔsɔs
ɔs.ɛv,ɔs.ɔv,ɔsɛv,ɔsɔv,ɔsɛv,ɔsɔv
ɔs.ɛz,ɔs.ɔz,ɔsɛz,ɔsɔz,ɔsɛz,ɔsɔz
ɔs.ɛʃ,ɔs.ɔʃ,ɔsɛʃ,ɔsɔʃ,ɔsɛʃ,ɔsɔʃ
ɔs.ɛʒ,ɔs.ɔʒ,ɔsɛʒ,ɔsɔʒ,ɔsɛʒ,ɔsɔʒ
ɔs.ɛθ,ɔs.ɔθ,ɔsɛθ,ɔsɔθ,ɔsɛθ,ɔsɔθ
ɔs.ɛð,ɔs.ɔð,ɔsɛð,ɔsɔð,ɔsɛð,ɔsɔð
ɔs.ʊm,ɔs.ɪm,ɔsʊm,ɔsɪm,ɔsʊm,ɔsɪm
ɔs.ʊn,ɔs.ɪn,ɔsʊn,ɔsɪn,ɔsʊn,ɔsɪn
ɔs.ʊŋ,ɔs.ɪŋ,ɔsʊŋ,ɔsɪŋ,ɔsʊŋ,ɔsɪŋ
ɔs.ʊp,ɔs.ɪp,ɔsʊp,ɔsɪp,ɔsʊp,ɔsɪp
ɔs.ʊt,ɔs.ɪt,ɔsʊt,ɔsɪt,ɔsʊt,ɔsɪt
ɔs.ʊk,ɔs.ɪk,ɔsʊk,ɔsɪk,ɔsʊk,ɔsɪk
ɔs.ʊb,ɔs.ɪb,ɔsʊb,ɔsɪb,ɔsʊb,ɔsɪb
ɔs.ʊd,ɔs.ɪd,ɔsʊd,ɔsɪd,ɔsʊd,ɔsɪd
ɔs.ʊg,ɔs.ɪg,ɔsʊg,ɔsɪg,ɔsʊg,ɔsɪg
ɔs.ʊf,ɔs.ɪf,ɔsʊf,ɔsɪf,ɔsʊf,ɔsɪf
ɔs.ʊs,ɔs.ɪs,ɔsʊs,ɔsɪs,ɔsʊs,ɔsɪs
ɔs.ʊv,ɔs.ɪv,ɔsʊv,ɔsɪv,ɔsʊv,ɔsɪv
ɔs.ʊz,ɔs.ɪz,ɔsʊz,ɔsɪz,ɔsʊz,ɔsɪz
ɔs.ʊʃ,ɔs.ɪʃ,ɔsʊʃ,ɔsɪʃ,ɔsʊʃ,ɔsɪʃ
ɔs.ʊʒ,ɔs.ɪʒ,ɔsʊʒ,ɔsɪʒ,ɔsʊʒ,ɔsɪʒ
ɔs.ʊθ,ɔs.ɪθ,ɔsʊθ,ɔsɪθ,ɔsʊθ,ɔsɪθ
ɔs.ʊð,ɔs.ɪð,ɔsʊð,ɔsɪð,ɔsʊð,ɔsɪð
ɔs.ɔm,ɔs.ɛm,ɔsɔm,ɔsɛm,ɔsɔm,ɔsɛm
ɔs.ɔn,ɔs.ɛn,ɔsɔn,ɔsɛn,ɔsɔn,ɔsɛn
ɔs.ɔŋ,ɔs.ɛŋ,ɔsɔŋ,ɔsɛŋ,ɔsɔŋ,ɔsɛŋ
ɔs.ɔp,ɔs.ɛp,ɔsɔp,ɔsɛp,ɔsɔp,ɔsɛp
ɔs.ɔt,ɔs.ɛt,ɔsɔt,ɔsɛt,ɔsɔt,ɔsɛt
ɔs.ɔk,ɔs.ɛk,ɔsɔk,ɔsɛk,ɔsɔk,ɔsɛk
ɔs.ɔb,ɔs.ɛb,ɔsɔb,ɔsɛb,ɔsɔb,ɔsɛb
ɔs.ɔd,ɔs.ɛd,ɔsɔd,ɔsɛd,ɔsɔd,ɔsɛd
ɔs.ɔg,ɔs.ɛg,ɔsɔg,ɔsɛg,ɔsɔg,ɔsɛg
ɔs.ɔf,ɔs.ɛf,ɔsɔf,ɔsɛf,ɔsɔf,ɔsɛf
ɔs.ɔs,ɔs.ɛs,ɔsɔs,ɔsɛs,ɔsɔs,ɔsɛs
ɔs.ɔv,ɔs.ɛv,ɔsɔv,ɔsɛv,ɔsɔv,ɔsɛv
ɔs.ɔz,ɔs.ɛz,ɔsɔz,ɔsɛz,ɔsɔz,ɔsɛz
ɔs.ɔʃ,ɔs.ɛʃ,ɔsɔʃ,ɔsɛʃ,ɔsɔʃ,ɔsɛʃ
ɔs.ɔʒ,ɔs.ɛʒ,ɔsɔʒ,ɔsɛʒ,ɔsɔʒ,ɔsɛʒ
ɔs.ɔθ,ɔs.ɛθ,ɔsɔθ,ɔsɛθ,ɔsɔθ,ɔsɛθ
ɔs.ɔð,ɔs.ɛð,ɔsɔð,ɔsɛð,ɔsɔð,ɔsɛð
ɔv.ɪm,ɔv.ʊm,ɔvɪm,ɔvʊm,ɔvɪm,ɔvʊm
ɔv.ɪn,ɔv.ʊn,ɔvɪn,ɔvʊn,ɔvɪn,ɔvʊn
ɔv.ɪŋ,ɔv.ʊŋ,ɔvɪŋ,ɔvʊŋ,ɔvɪŋ,ɔvʊŋ
ɔv.ɪp,ɔv.ʊp,ɔvɪp,ɔvʊp,ɔvɪp,ɔvʊp
ɔv.ɪt,ɔv.ʊt,ɔvɪt,ɔvʊt,ɔvɪt,ɔvʊt
ɔv.ɪk,ɔv.ʊk,ɔvɪk,ɔvʊk,ɔvɪk,ɔvʊk
ɔv.ɪb,ɔv.ʊb,ɔvɪb,ɔvʊb,ɔvɪb,ɔvʊb
ɔv.ɪd,ɔv.ʊd,ɔvɪd,ɔvʊd,ɔvɪd,ɔvʊd
ɔv.ɪg,ɔv.ʊg,ɔvɪg,ɔvʊg,ɔvɪg,ɔvʊg
ɔv.ɪf,ɔv.ʊf,ɔvɪf,ɔvʊf,ɔvɪf,ɔvʊf
ɔv.ɪs,ɔv.ʊs,ɔvɪs,ɔvʊs,ɔvɪs,ɔvʊs
ɔv.ɪv,ɔv.ʊv,ɔvɪv,ɔvʊv,ɔvɪv,ɔvʊv
ɔv.ɪz,ɔv.ʊz,ɔvɪz,ɔvʊz,ɔvɪz,ɔvʊz
ɔv.ɪʃ,ɔv.ʊʃ,ɔvɪʃ,ɔvʊʃ,ɔvɪʃ,ɔvʊʃ
ɔv.ɪʒ,ɔv.ʊʒ,ɔvɪʒ,ɔvʊʒ,ɔvɪʒ,ɔvʊʒ
ɔv.ɪθ,ɔv.ʊθ,ɔvɪθ,ɔvʊθ,ɔvɪθ,ɔvʊθ
ɔv.ɪð,ɔv.ʊð,ɔvɪð,ɔvʊð,ɔvɪð,ɔvʊð
ɔv.ɛm,ɔv.ɔm,ɔvɛm,ɔvɔm,ɔvɛm,ɔvɔm
ɔv.ɛn,ɔv.ɔn,ɔvɛn,ɔvɔn,ɔvɛn,ɔvɔn
ɔv.ɛŋ,ɔv.ɔŋ,ɔvɛŋ,ɔvɔŋ,ɔvɛŋ,ɔvɔŋ
ɔv.ɛp,ɔv.ɔp,ɔvɛp,ɔvɔp,ɔvɛp,ɔvɔp
ɔv.ɛt,ɔv.ɔt,ɔvɛt,ɔvɔt,ɔvɛt,ɔvɔt
ɔv.ɛk,ɔv.ɔk,ɔvɛk,ɔvɔk,ɔvɛk,ɔvɔk
ɔv.ɛb,ɔv.ɔb,ɔvɛb,ɔvɔb,ɔvɛb,ɔvɔb
ɔv.ɛd,ɔv.ɔd,ɔvɛd,ɔvɔd,ɔvɛd,ɔvɔd
ɔv.ɛg,ɔv.ɔg,ɔvɛg,ɔvɔg,ɔvɛg,ɔvɔg
ɔv.ɛf,ɔv.ɔf,ɔvɛf,ɔvɔf,ɔvɛf,ɔvɔf
ɔv.ɛs,ɔv.ɔs,ɔvɛs,ɔvɔs,ɔvɛs,ɔvɔs
ɔv.ɛv,ɔv.ɔv,ɔvɛv,ɔvɔv,ɔvɛv,ɔvɔv
ɔv.ɛz,ɔv.ɔz,ɔvɛz,ɔvɔz,ɔvɛz,ɔvɔz
ɔv.ɛʃ,ɔv.ɔʃ,ɔvɛʃ,ɔvɔʃ,ɔvɛʃ,ɔvɔʃ
ɔv.ɛʒ,ɔv.ɔʒ,ɔvɛʒ,ɔvɔʒ,ɔvɛʒ,ɔvɔʒ
ɔv.ɛθ,ɔv.ɔθ,ɔvɛθ,ɔvɔθ,ɔvɛθ,ɔvɔθ
ɔv.ɛð,ɔv.ɔð,ɔvɛð,ɔvɔð,ɔvɛð,ɔvɔð
ɔv.ʊm,ɔv.ɪm,ɔvʊm,ɔvɪm,ɔvʊm,ɔvɪm
ɔv.ʊn,ɔv.ɪn,ɔvʊn,ɔvɪn,ɔvʊn,ɔvɪn
ɔv.ʊŋ,ɔv.ɪŋ,ɔvʊŋ,ɔvɪŋ,ɔvʊŋ,ɔvɪŋ
ɔv.ʊp,ɔv.ɪp,ɔvʊp,ɔvɪp,ɔvʊp,ɔvɪp
ɔv.ʊt,ɔv.ɪt,ɔvʊt,ɔvɪt,ɔvʊt,ɔvɪt
ɔv.ʊk,ɔv.ɪk,ɔvʊk,ɔvɪk,ɔvʊk,ɔvɪk
ɔv.ʊb,ɔv.ɪb,ɔvʊb,ɔvɪb,ɔvʊb,ɔvɪb
ɔv.ʊd,ɔv.ɪd,ɔvʊd,ɔvɪd,ɔvʊd,ɔvɪd
ɔv.ʊg,ɔv.ɪg,ɔvʊg,ɔvɪg,ɔvʊg,ɔvɪg
ɔv.ʊf,ɔv.ɪf,ɔvʊf,ɔvɪf,ɔvʊf,ɔvɪf
ɔv.ʊs,ɔv.ɪs,ɔvʊs,ɔvɪs,ɔvʊs,ɔvɪs
ɔv.ʊv,ɔv.ɪv,ɔvʊv,ɔvɪv,ɔvʊv,ɔvɪv
ɔv.ʊz,ɔv.ɪz,ɔvʊz,ɔvɪz,ɔvʊz,ɔvɪz
ɔv.ʊʃ,ɔv.ɪʃ,ɔvʊʃ,ɔvɪʃ,ɔvʊʃ,ɔvɪʃ
ɔv.ʊʒ,ɔv.ɪʒ,ɔvʊʒ,ɔvɪʒ,ɔvʊʒ,ɔvɪʒ
ɔv.ʊθ,ɔv.ɪθ,ɔvʊθ,ɔvɪθ,ɔvʊθ,ɔvɪθ
ɔv.ʊð,ɔv.ɪð,ɔvʊð,ɔvɪð,ɔvʊð,ɔvɪð
ɔv.ɔm,ɔv.ɛm,ɔvɔm,ɔvɛm,ɔvɔm,ɔvɛm
ɔv.ɔn,ɔv.ɛn,ɔvɔn,ɔvɛn,ɔvɔn,ɔvɛn
ɔv.ɔŋ,ɔv.ɛŋ,ɔvɔŋ,ɔvɛŋ,ɔvɔŋ,ɔvɛŋ
ɔv.ɔp,ɔv.ɛp,ɔvɔp,ɔvɛp,ɔvɔp,ɔvɛp
ɔv.ɔt,ɔv.ɛt,ɔvɔt,ɔvɛt,ɔvɔt,ɔvɛt
ɔv.ɔk,ɔv.ɛk,ɔvɔk,ɔvɛk,ɔvɔk,ɔvɛk
ɔv.ɔb,ɔv.ɛb,ɔvɔb,ɔvɛb,ɔvɔb,ɔvɛb
ɔv.ɔd,ɔv.ɛd,ɔvɔd,ɔvɛd,ɔvɔd,ɔvɛd
ɔv.ɔg,ɔv.ɛg,ɔvɔg,ɔvɛg,ɔvɔg,ɔvɛg
ɔv.ɔf,ɔv.ɛf,ɔvɔf,ɔvɛf,ɔvɔf,ɔvɛf
ɔv.ɔs,ɔv.ɛs,ɔvɔs,ɔvɛs,ɔvɔs,ɔvɛs
ɔv.ɔv,ɔv.ɛv,ɔvɔv,ɔvɛv,ɔvɔv,ɔvɛv
ɔv.ɔz,ɔv.ɛz,ɔvɔz,ɔvɛz,ɔvɔz,ɔvɛz
ɔv.ɔʃ,ɔv.ɛʃ,ɔvɔʃ,ɔvɛʃ,ɔvɔʃ,ɔvɛʃ
ɔv.ɔʒ,ɔv.ɛʒ,ɔvɔʒ,ɔvɛʒ,ɔvɔʒ,ɔvɛʒ
ɔv.ɔθ,ɔv.ɛθ,ɔvɔθ,ɔvɛθ,ɔvɔθ,ɔvɛθ
ɔv.ɔð,ɔv.ɛð,ɔvɔð,ɔvɛð,ɔvɔð,ɔvɛð
ɔz.ɪm,ɔz.ʊm,ɔzɪm,ɔzʊm,ɔzɪm,ɔzʊm
ɔz.ɪn,ɔz.ʊn,ɔzɪn,ɔzʊn,ɔzɪn,ɔzʊn
ɔz.ɪŋ,ɔz.ʊŋ,ɔzɪŋ,ɔzʊŋ,ɔzɪŋ,ɔzʊŋ
ɔz.ɪp,ɔz.ʊp,ɔzɪp,ɔzʊp,ɔzɪp,ɔzʊp
ɔz.ɪt,ɔz.ʊt,ɔzɪt,ɔzʊt,ɔzɪt,ɔzʊt
ɔz.ɪk,ɔz.ʊk,ɔzɪk,ɔzʊk,ɔzɪk,ɔzʊk
ɔz.ɪb,ɔz.ʊb,ɔzɪb,ɔzʊb,ɔzɪb,ɔzʊb
ɔz.ɪd,ɔz.ʊd,ɔzɪd,ɔzʊd,ɔzɪd,ɔzʊd
ɔz.ɪg,ɔz.ʊg,ɔzɪg,ɔzʊg,ɔzɪg,ɔzʊg
ɔz.ɪf,ɔz.ʊf,ɔzɪf,ɔzʊf,ɔzɪf,ɔzʊf
ɔz.ɪs,ɔz.ʊs,ɔzɪs,ɔzʊs,ɔzɪs,ɔzʊs
ɔz.ɪv,ɔz.ʊv,ɔzɪv,ɔzʊv,ɔzɪv,ɔzʊv
ɔz.ɪz,ɔz.ʊz,ɔzɪz,ɔzʊz,ɔzɪz,ɔzʊz
ɔz.ɪʃ,ɔz.ʊʃ,ɔzɪʃ,ɔzʊʃ,ɔzɪʃ,ɔzʊʃ
ɔz.ɪʒ,ɔz.ʊʒ,ɔzɪʒ,ɔzʊʒ,ɔzɪʒ,ɔzʊʒ
ɔz.ɪθ,ɔz.ʊθ,ɔzɪθ,ɔzʊθ,ɔzɪθ,ɔzʊθ
ɔz.ɪð,ɔz.ʊð,ɔzɪð,ɔzʊð,ɔzɪð,ɔzʊð
ɔz.ɛm,ɔz.ɔm,ɔzɛm,ɔzɔm,ɔzɛm,ɔzɔm
ɔz.ɛn,ɔz.ɔn,ɔzɛn,ɔzɔn,ɔzɛn,ɔzɔn
ɔz.ɛŋ,ɔz.ɔŋ,ɔzɛŋ,ɔzɔŋ,ɔzɛŋ,ɔzɔŋ
ɔz.ɛp,ɔz.ɔp,ɔzɛp,ɔzɔp,ɔzɛp,ɔzɔp
ɔz.ɛt,ɔz.ɔt,ɔzɛt,ɔzɔt,ɔzɛt,ɔzɔt
ɔz.ɛk,ɔz.ɔk,ɔzɛk,ɔzɔk,ɔzɛk,ɔzɔk
ɔz.ɛb,ɔz.ɔb,ɔzɛb,ɔzɔb,ɔzɛb,ɔzɔb
ɔz.ɛd,ɔz.ɔd,ɔzɛd,ɔzɔd,ɔzɛd,ɔzɔd
ɔz.ɛg,ɔz.ɔg,ɔzɛg,ɔzɔg,ɔzɛg,ɔzɔg
ɔz.ɛf,ɔz.ɔf,ɔzɛf,ɔzɔf,ɔzɛf,ɔzɔf
ɔz.ɛs,ɔz.ɔs,ɔzɛs,ɔzɔs,ɔzɛs,ɔzɔs
ɔz.ɛv,ɔz.ɔv,ɔzɛv,ɔzɔv,ɔzɛv,ɔzɔv
ɔz.ɛz,ɔz.ɔz,ɔzɛz,ɔzɔz,ɔzɛz,ɔzɔz
ɔz.ɛʃ,ɔz.ɔʃ,ɔzɛʃ,ɔzɔʃ,ɔzɛʃ,ɔzɔʃ
ɔz.ɛʒ,ɔz.ɔʒ,ɔzɛʒ,ɔzɔʒ,ɔzɛʒ,ɔzɔʒ
ɔz.ɛθ,ɔz.ɔθ,ɔzɛθ,ɔzɔθ,ɔzɛθ,ɔzɔθ
ɔz.ɛð,ɔz.ɔð,ɔzɛð,ɔzɔð,ɔzɛð,ɔzɔð
ɔz.ʊm,ɔz.ɪm,ɔzʊm,ɔzɪm,ɔzʊm,ɔzɪm
ɔz.ʊn,ɔz.ɪn,ɔzʊn,ɔzɪn,ɔzʊn,ɔzɪn
ɔz.ʊŋ,ɔz.ɪŋ,ɔzʊŋ,ɔzɪŋ,ɔzʊŋ,ɔzɪŋ
ɔz.ʊp,ɔz.ɪp,ɔzʊp,ɔzɪp,ɔzʊp,ɔzɪp
ɔz.ʊt,ɔz.ɪt,ɔzʊt,ɔzɪt,ɔzʊt,ɔzɪt
ɔz.ʊk,ɔz.ɪk,ɔzʊk,ɔzɪk,ɔzʊk,ɔzɪk
ɔz.ʊb,ɔz.ɪb,ɔzʊb,ɔzɪb,ɔzʊb,ɔzɪb
ɔz.ʊd,ɔz.ɪd,ɔzʊd,ɔzɪd,ɔzʊd,ɔzɪd
ɔz.ʊg,ɔz.ɪg,ɔzʊg,ɔzɪg,ɔzʊg,ɔzɪg
ɔz.ʊf,ɔz.ɪf,ɔzʊf,ɔzɪf,ɔzʊf,ɔzɪf
ɔz.ʊs,ɔz.ɪs,ɔzʊs,ɔzɪs,ɔzʊs,ɔzɪs
ɔz.ʊv,ɔz.ɪv,ɔzʊv,ɔzɪv,ɔzʊv,ɔzɪv
ɔz.ʊz,ɔz.ɪz,ɔzʊz,ɔzɪz,ɔzʊz,ɔzɪz
ɔz.ʊʃ,ɔz.ɪʃ,ɔzʊʃ,ɔzɪʃ,ɔzʊʃ,ɔzɪʃ
ɔz.ʊʒ,ɔz.ɪʒ,ɔzʊʒ,ɔzɪʒ,ɔzʊʒ,ɔzɪʒ
ɔz.ʊθ,ɔz.ɪθ,ɔzʊθ,ɔzɪθ,ɔzʊθ,ɔzɪθ
ɔz.ʊð,ɔz.ɪð,ɔzʊð,ɔzɪð,ɔzʊð,ɔzɪð
ɔz.ɔm,ɔz.ɛm,ɔzɔm,ɔzɛm,ɔzɔm,ɔzɛm
ɔz.ɔn,ɔz.ɛn,ɔzɔn,ɔzɛn,ɔzɔn,ɔzɛn
ɔz.ɔŋ,ɔz.ɛŋ,ɔzɔŋ,ɔzɛŋ,ɔzɔŋ,ɔzɛŋ
ɔz.ɔp,ɔz.ɛp,ɔzɔp,ɔzɛp,ɔzɔp,ɔzɛp
ɔz.ɔt,ɔz.ɛt,ɔzɔt,ɔzɛt,ɔzɔt,ɔzɛt
ɔz.ɔk,ɔz.ɛk,ɔzɔk,ɔzɛk,ɔzɔk,ɔzɛk
ɔz.ɔb,ɔz.ɛb,ɔzɔb,ɔzɛb,ɔzɔb,ɔzɛb
ɔz.ɔd,ɔz.ɛd,ɔzɔd,ɔzɛd,ɔzɔd,ɔzɛd
ɔz.ɔg,ɔz.ɛg,ɔzɔg,ɔzɛg,ɔzɔg,ɔzɛg
ɔz.ɔf,ɔz.ɛf,ɔzɔf,ɔzɛf,ɔzɔf,ɔzɛf
ɔz.ɔs,ɔz.ɛs,ɔzɔs,ɔzɛs,ɔzɔs,ɔzɛs
ɔz.ɔv,ɔz.ɛv,ɔzɔv,ɔzɛv,ɔzɔv,ɔzɛv
ɔz.ɔz,ɔz.ɛz,ɔzɔz,ɔzɛz,ɔzɔz,ɔzɛz
ɔz.ɔʃ,ɔz.ɛʃ,ɔzɔʃ,ɔzɛʃ,ɔzɔʃ,ɔzɛʃ
ɔz.ɔʒ,ɔz.ɛʒ,ɔzɔʒ,ɔzɛʒ,ɔzɔʒ,ɔzɛʒ
ɔz.ɔθ,ɔz.ɛθ,ɔzɔθ,ɔzɛθ,ɔzɔθ,ɔzɛθ
ɔz.ɔð,ɔz.ɛð,ɔzɔð,ɔzɛð,ɔzɔð,ɔzɛð
ɔʃ.ɪm,ɔʃ.ʊm,ɔʃɪm,ɔʃʊm,ɔʃɪm,ɔʃʊm
ɔʃ.ɪn,ɔʃ.ʊn,ɔʃɪn,ɔʃʊn,ɔʃɪn,ɔʃʊn
ɔʃ.ɪŋ,ɔʃ.ʊŋ,ɔʃɪŋ,ɔʃʊŋ,ɔʃɪŋ,ɔʃʊŋ
ɔʃ.ɪp,ɔʃ.ʊp,ɔʃɪp,ɔʃʊp,ɔʃɪp,ɔʃʊp
ɔʃ.ɪt,ɔʃ.ʊt,ɔʃɪt,ɔʃʊt,ɔʃɪt,ɔʃʊt
ɔʃ.ɪk,ɔʃ.ʊk,ɔʃɪk,ɔʃʊk,ɔʃɪk,ɔʃʊk
ɔʃ.ɪb,ɔʃ.ʊb,ɔʃɪb,ɔʃʊb,ɔʃɪb,ɔʃʊb
ɔʃ.ɪd,ɔʃ.ʊd,ɔʃɪd,ɔʃʊd,ɔʃɪd,ɔʃʊd
ɔʃ.ɪg,ɔʃ.ʊg,ɔʃɪg,ɔʃʊg,ɔʃɪg,ɔʃʊg
ɔʃ.ɪf,ɔʃ.ʊf,ɔʃɪf,ɔʃʊf,ɔʃɪf,ɔʃʊf
ɔʃ.ɪs,ɔʃ.ʊs,ɔʃɪs,ɔʃʊs,ɔʃɪs,ɔʃʊs
ɔʃ.ɪv,ɔʃ.ʊv,ɔʃɪv,ɔʃʊv,ɔʃɪv,ɔʃʊv
ɔʃ.ɪz,ɔʃ.ʊz,ɔʃɪz,ɔʃʊz,ɔʃɪz,ɔʃʊz
ɔʃ.ɪʃ,ɔʃ.ʊʃ,ɔʃɪʃ,ɔʃʊʃ,ɔʃɪʃ,ɔʃʊʃ
ɔʃ.ɪʒ,ɔʃ.ʊʒ,ɔʃɪʒ,ɔʃʊʒ,ɔʃɪʒ,ɔʃʊʒ
ɔʃ.ɪθ,ɔʃ.ʊθ,ɔʃɪθ,ɔʃʊθ,ɔʃɪθ,ɔʃʊθ
ɔʃ.ɪð,ɔʃ.ʊð,ɔʃɪð,ɔʃʊð,ɔʃɪð,ɔʃʊð
ɔʃ.ɛm,ɔʃ.ɔm,ɔʃɛm,ɔʃɔm,ɔʃɛm,ɔʃɔm
ɔʃ.ɛn,ɔʃ.ɔn,ɔʃɛn,ɔʃɔn,ɔʃɛn,ɔʃɔn
ɔʃ.ɛŋ,ɔʃ.ɔŋ,ɔʃɛŋ,ɔʃɔŋ,ɔʃɛŋ,ɔʃɔŋ
ɔʃ.ɛp,ɔʃ.ɔp,ɔʃɛp,ɔʃɔp,ɔʃɛp,ɔʃɔp
ɔʃ.ɛt,ɔʃ.ɔt,ɔʃɛt,ɔʃɔt,ɔʃɛt,ɔʃɔt
ɔʃ.ɛk,ɔʃ.ɔk,ɔʃɛk,ɔʃɔk,ɔʃɛk,ɔʃɔk
ɔʃ.ɛb,ɔʃ.ɔb,ɔʃɛb,ɔʃɔb,ɔʃɛb,ɔʃɔb
ɔʃ.ɛd,ɔʃ.ɔd,ɔʃɛd,ɔʃɔd,ɔʃɛd,ɔʃɔd
ɔʃ.ɛg,ɔʃ.ɔg,ɔʃɛg,ɔʃɔg,ɔʃɛg,ɔʃɔg
ɔʃ.ɛf,ɔʃ.ɔf,ɔʃɛf,ɔʃɔf,ɔʃɛf,ɔʃɔf
ɔʃ.ɛs,ɔʃ.ɔs,ɔʃɛs,ɔʃɔs,ɔʃɛs,ɔʃɔs
ɔʃ.ɛv,ɔʃ.ɔv,ɔʃɛv,ɔʃɔv,ɔʃɛv,ɔʃɔv
ɔʃ.ɛz,ɔʃ.ɔz,ɔʃɛz,ɔʃɔz,ɔʃɛz,ɔʃɔz
ɔʃ.ɛʃ,ɔʃ.ɔʃ,ɔʃɛʃ,ɔʃɔʃ,ɔʃɛʃ,ɔʃɔʃ
ɔʃ.ɛʒ,ɔʃ.ɔʒ,ɔʃɛʒ,ɔʃɔʒ,ɔʃɛʒ,ɔʃɔʒ
ɔʃ.ɛθ,ɔʃ.ɔθ,ɔʃɛθ,ɔʃɔθ,ɔʃɛθ,ɔʃɔθ
ɔʃ.ɛð,ɔʃ.ɔð,ɔʃɛð,ɔʃɔð,ɔʃɛð,ɔʃɔð
ɔʃ.ʊm,ɔʃ.ɪm,ɔʃʊm,ɔʃɪm,ɔʃʊm,ɔʃɪm
ɔʃ.ʊn,ɔʃ.ɪn,ɔʃʊn,ɔʃɪn,ɔʃʊn,ɔʃɪn
ɔʃ.ʊŋ,ɔʃ.ɪŋ,ɔʃʊŋ,ɔʃɪŋ,ɔʃʊŋ,ɔʃɪŋ
ɔʃ.ʊp,ɔʃ.ɪp,ɔʃʊp,ɔʃɪp,ɔʃʊp,ɔʃɪp
ɔʃ.ʊt,ɔʃ.ɪt,ɔʃʊt,ɔʃɪt,ɔʃʊt,ɔʃɪt
ɔʃ.ʊk,ɔʃ.ɪk,ɔʃʊk,ɔʃɪk,ɔʃʊk,ɔʃɪk
ɔʃ.ʊb,ɔʃ.ɪb,ɔʃʊb,ɔʃɪb,ɔʃʊb,ɔʃɪb
ɔʃ.ʊd,ɔʃ.ɪd,ɔʃʊd,ɔʃɪd,ɔʃʊd,ɔʃɪd
ɔʃ.ʊg,ɔʃ.ɪg,ɔʃʊg,ɔʃɪg,ɔʃʊg,ɔʃɪg
ɔʃ.ʊf,ɔʃ.ɪf,ɔʃʊf,ɔʃɪf,ɔʃʊf,ɔʃɪf
ɔʃ.ʊs,ɔʃ.ɪs,ɔʃʊs,ɔʃɪs,ɔʃʊs,ɔʃɪs
ɔʃ.ʊv,ɔʃ.ɪv,ɔʃʊv,ɔʃɪv,ɔʃʊv,ɔʃɪv
ɔʃ.ʊz,ɔʃ.ɪz,ɔʃʊz,ɔʃɪz,ɔʃʊz,ɔʃɪz
ɔʃ.ʊʃ,ɔʃ.ɪʃ,ɔʃʊʃ,ɔʃɪʃ,ɔʃʊʃ,ɔʃɪʃ
ɔʃ.ʊʒ,ɔʃ.ɪʒ,ɔʃʊʒ,ɔʃɪʒ,ɔʃʊʒ,ɔʃɪʒ
ɔʃ.ʊθ,ɔʃ.ɪθ,ɔʃʊθ,ɔʃɪθ,ɔʃʊθ,ɔʃɪθ
ɔʃ.ʊð,ɔʃ.ɪð,ɔʃʊð,ɔʃɪð,ɔʃʊð,ɔʃɪð
ɔʃ.ɔm,ɔʃ.ɛm,ɔʃɔm,ɔʃɛm,ɔʃɔm,ɔʃɛm
ɔʃ.ɔn,ɔʃ.ɛn,ɔʃɔn,ɔʃɛn,ɔʃɔn,ɔʃɛn
ɔʃ.ɔŋ,ɔʃ.ɛŋ,ɔʃɔŋ,ɔʃɛŋ,ɔʃɔŋ,ɔʃɛŋ
ɔʃ.ɔp,ɔʃ.ɛp,ɔʃɔp,ɔʃɛp,ɔʃɔp,ɔʃɛp
ɔʃ.ɔt,ɔʃ.ɛt,ɔʃɔt,ɔʃɛt,ɔʃɔt,ɔʃɛt
ɔʃ.ɔk,ɔʃ.ɛk,ɔʃɔk,ɔʃɛk,ɔʃɔk,ɔʃɛk
ɔʃ.ɔb,ɔʃ.ɛb,ɔʃɔb,ɔʃɛb,ɔʃɔb,ɔʃɛb
ɔʃ.ɔd,ɔʃ.ɛd,ɔʃɔd,ɔʃɛd,ɔʃɔd,ɔʃɛd
ɔʃ.ɔg,ɔʃ.ɛg,ɔʃɔg,ɔʃɛg,ɔʃɔg,ɔʃɛg
ɔʃ.ɔf,ɔʃ.ɛf,ɔʃɔf,ɔʃɛf,ɔʃɔf,ɔʃɛf
ɔʃ.ɔs,ɔʃ.ɛs,ɔʃɔs,ɔʃɛs,ɔʃɔs,ɔʃɛs
ɔʃ.ɔv,ɔʃ.ɛv,ɔʃɔv,ɔʃɛv,ɔʃɔv,ɔʃɛv
ɔʃ.ɔz,ɔʃ.ɛz,ɔʃɔz,ɔʃɛz,ɔʃɔz,ɔʃɛz
ɔʃ.ɔʃ,ɔʃ.ɛʃ,ɔʃɔʃ,ɔʃɛʃ,ɔʃɔʃ,ɔʃɛʃ
ɔʃ.ɔʒ,ɔʃ.ɛʒ,ɔʃɔʒ,ɔʃɛʒ,ɔʃɔʒ,ɔʃɛʒ
ɔʃ.ɔθ,ɔʃ.ɛθ,ɔʃɔθ,ɔʃɛθ,ɔʃɔθ,ɔʃɛθ
ɔʃ.ɔð,ɔʃ.ɛð,ɔʃɔð,ɔʃɛð,ɔʃɔð,ɔʃɛð
ɔʒ.ɪm,ɔʒ.ʊm,ɔʒɪm,ɔʒʊm,ɔʒɪm,ɔʒʊm
ɔʒ.ɪn,ɔʒ.ʊn,ɔʒɪn,ɔʒʊn,ɔʒɪn,ɔʒʊn
ɔʒ.ɪŋ,ɔʒ.ʊŋ,ɔʒɪŋ,ɔʒʊŋ,ɔʒɪŋ,ɔʒʊŋ
ɔʒ.ɪp,ɔʒ.ʊp,ɔʒɪp,ɔʒʊp,ɔʒɪp,ɔʒʊp
ɔʒ.ɪt,ɔʒ.ʊt,ɔʒɪt,ɔʒʊt,ɔʒɪt,ɔʒʊt
ɔʒ.ɪk,ɔʒ.ʊk,ɔʒɪk,ɔʒʊk,ɔʒɪk,ɔʒʊk
ɔʒ.ɪb,ɔʒ.ʊb,ɔʒɪb,ɔʒʊb,ɔʒɪb,ɔʒʊb
ɔʒ.ɪd,ɔʒ.ʊd,ɔʒɪd,ɔʒʊd,ɔʒɪd,ɔʒʊd
ɔʒ.ɪg,ɔʒ.ʊg,ɔʒɪg,ɔʒʊg,ɔʒɪg,ɔʒʊg
ɔʒ.ɪf,ɔʒ.ʊf,ɔʒɪf,ɔʒʊf,ɔʒɪf,ɔʒʊf
ɔʒ.ɪs,ɔʒ.ʊs,ɔʒɪs,ɔʒʊs,ɔʒɪs,ɔʒʊs
ɔʒ.ɪv,ɔʒ.ʊv,ɔʒɪv,ɔʒʊv,ɔʒɪv,ɔʒʊv
ɔʒ.ɪz,ɔʒ.ʊz,ɔʒɪz,ɔʒʊz,ɔʒɪz,ɔʒʊz
ɔʒ.ɪʃ,ɔʒ.ʊʃ,ɔʒɪʃ,ɔʒʊʃ,ɔʒɪʃ,ɔʒʊʃ
ɔʒ.ɪʒ,ɔʒ.ʊʒ,ɔʒɪʒ,ɔʒʊʒ,ɔʒɪʒ,ɔʒʊʒ
ɔʒ.ɪθ,ɔʒ.ʊθ,ɔʒɪθ,ɔʒʊθ,ɔʒɪθ,ɔʒʊθ
ɔʒ.ɪð,ɔʒ.ʊð,ɔʒɪð,ɔʒʊð,ɔʒɪð,ɔʒʊð
ɔʒ.ɛm,ɔʒ.ɔm,ɔʒɛm,ɔʒɔm,ɔʒɛm,ɔʒɔm
ɔʒ.ɛn,ɔʒ.ɔn,ɔʒɛn,ɔʒɔn,ɔʒɛn,ɔʒɔn
ɔʒ.ɛŋ,ɔʒ.ɔŋ,ɔʒɛŋ,ɔʒɔŋ,ɔʒɛŋ,ɔʒɔŋ
ɔʒ.ɛp,ɔʒ.ɔp,ɔʒɛp,ɔʒɔp,ɔʒɛp,ɔʒɔp
ɔʒ.ɛt,ɔʒ.ɔt,ɔʒɛt,ɔʒɔt,ɔʒɛt,ɔʒɔt
ɔʒ.ɛk,ɔʒ.ɔk,ɔʒɛk,ɔʒɔk,ɔʒɛk,ɔʒɔk
ɔʒ.ɛb,ɔʒ.ɔb,ɔʒɛb,ɔʒɔb,ɔʒɛb,ɔʒɔb
ɔʒ.ɛd,ɔʒ.ɔd,ɔʒɛd,ɔʒɔd,ɔʒɛd,ɔʒɔd
ɔʒ.ɛg,ɔʒ.ɔg,ɔʒɛg,ɔʒɔg,ɔʒɛg,ɔʒɔg
ɔʒ.ɛf,ɔʒ.ɔf,ɔʒɛf,ɔʒɔf,ɔʒɛf,ɔʒɔf
ɔʒ.ɛs,ɔʒ.ɔs,ɔʒɛs,ɔʒɔs,ɔʒɛs,ɔʒɔs
ɔʒ.ɛv,ɔʒ.ɔv,ɔʒɛv,ɔʒɔv,ɔʒɛv,ɔʒɔv
ɔʒ.ɛz,ɔʒ.ɔz,ɔʒɛz,ɔʒɔz,ɔʒɛz,ɔʒɔz
ɔʒ.ɛʃ,ɔʒ.ɔʃ,ɔʒɛʃ,ɔʒɔʃ,ɔʒɛʃ,ɔʒɔʃ
ɔʒ.ɛʒ,ɔʒ.ɔʒ,ɔʒɛʒ,ɔʒɔʒ,ɔʒɛʒ,ɔʒɔʒ
ɔʒ.ɛθ,ɔʒ.ɔθ,ɔʒɛθ,ɔʒɔθ,ɔʒɛθ,ɔʒɔθ
ɔʒ.ɛð,ɔʒ.ɔð,ɔʒɛð,ɔʒɔð,ɔʒɛð,ɔʒɔð
ɔʒ.ʊm,ɔʒ.ɪm,ɔʒʊm,ɔʒɪm,ɔʒʊm,ɔʒɪm
ɔʒ.ʊn,ɔʒ.ɪn,ɔʒʊn,ɔʒɪn,ɔʒʊn,ɔʒɪn
ɔʒ.ʊŋ,ɔʒ.ɪŋ,ɔʒʊŋ,ɔʒɪŋ,ɔʒʊŋ,ɔʒɪŋ
ɔʒ.ʊp,ɔʒ.ɪp,ɔʒʊp,ɔʒɪp,ɔʒʊp,ɔʒɪp
ɔʒ.ʊt,ɔʒ.ɪt,ɔʒʊt,ɔʒɪt,ɔʒʊt,ɔʒɪt
ɔʒ.ʊk,ɔʒ.ɪk,ɔʒʊk,ɔʒɪk,ɔʒʊk,ɔʒɪk
ɔʒ.ʊb,ɔʒ.ɪb,ɔʒʊb,ɔʒɪb,ɔʒʊb,ɔʒɪb
ɔʒ.ʊd,ɔʒ.ɪd,ɔʒʊd,ɔʒɪd,ɔʒʊd,ɔʒɪd
ɔʒ.ʊg,ɔʒ.ɪg,ɔʒʊg,ɔʒɪg,ɔʒʊg,ɔʒɪg
ɔʒ.ʊf,ɔʒ.ɪf,ɔʒʊf,ɔʒɪf,ɔʒʊf,ɔʒɪf
ɔʒ.ʊs,ɔʒ.ɪs,ɔʒʊs,ɔʒɪs,ɔʒʊs,ɔʒɪs
ɔʒ.ʊv,ɔʒ.ɪv,ɔʒʊv,ɔʒɪv,ɔʒʊv,ɔʒɪv
ɔʒ.ʊz,ɔʒ.ɪz,ɔʒʊz,ɔʒɪz,ɔʒʊz,ɔʒɪz
ɔʒ.ʊʃ,ɔʒ.ɪʃ,ɔʒʊʃ,ɔʒɪʃ,ɔʒʊʃ,ɔʒɪʃ
ɔʒ.ʊʒ,ɔʒ.ɪʒ,ɔʒʊʒ,ɔʒɪʒ,ɔʒʊʒ,ɔʒɪʒ
ɔʒ.ʊθ,ɔʒ.ɪθ,ɔʒʊθ,ɔʒɪθ,ɔʒʊθ,ɔʒɪθ
ɔʒ.ʊð,ɔʒ.ɪð,ɔʒʊð,ɔʒɪð,ɔʒʊð,ɔʒɪð
ɔʒ.ɔm,ɔʒ.ɛm,ɔʒɔm,ɔʒɛm,ɔʒɔm,ɔʒɛm
ɔʒ.ɔn,ɔʒ.ɛn,ɔʒɔn,ɔʒɛn,ɔʒɔn,ɔʒɛn
ɔʒ.ɔŋ,ɔʒ.ɛŋ,ɔʒɔŋ,ɔʒɛŋ,ɔʒɔŋ,ɔʒɛŋ
ɔʒ.ɔp,ɔʒ.ɛp,ɔʒɔp,ɔʒɛp,ɔʒɔp,ɔʒɛp
ɔʒ.ɔt,ɔʒ.ɛt,ɔʒɔt,ɔʒɛt,ɔʒɔt,ɔʒɛt
ɔʒ.ɔk,ɔʒ.ɛk,ɔʒɔk,ɔʒɛk,ɔʒɔk,ɔʒɛk
ɔʒ.ɔb,ɔʒ.ɛb,ɔʒɔb,ɔʒɛb,ɔʒɔb,ɔʒɛb
ɔʒ.ɔd,ɔʒ.ɛd,ɔʒɔd,ɔʒɛd,ɔʒɔd,ɔʒɛd
ɔʒ.ɔg,ɔʒ.ɛg,ɔʒɔg,ɔʒɛg,ɔʒɔg,ɔʒɛg
ɔʒ.ɔf,ɔʒ.ɛf,ɔʒɔf,ɔʒɛf,ɔʒɔf,ɔʒɛf
ɔʒ.ɔs,ɔʒ.ɛs,ɔʒɔs,ɔʒɛs,ɔʒɔs,ɔʒɛs
ɔʒ.ɔv,ɔʒ.ɛv,ɔʒɔv,ɔʒɛv,ɔʒɔv,ɔʒɛv
ɔʒ.ɔz,ɔʒ.ɛz,ɔʒɔz,ɔʒɛz,ɔʒɔz,ɔʒɛz
ɔʒ.ɔʃ,ɔʒ.ɛʃ,ɔʒɔʃ,ɔʒɛʃ,ɔʒɔʃ,ɔʒɛʃ
ɔʒ.ɔʒ,ɔʒ.ɛʒ,ɔʒɔʒ,ɔʒɛʒ,ɔʒɔʒ,ɔʒɛʒ
ɔʒ.ɔθ,ɔʒ.ɛθ,ɔʒɔθ,ɔʒɛθ,ɔʒɔθ,ɔʒɛθ
ɔʒ.ɔð,ɔʒ.ɛð,ɔʒɔð,ɔʒɛð,ɔʒɔð,ɔʒɛð
ɔθ.ɪm,ɔθ.ʊm,ɔθɪm,ɔθʊm,ɔθɪm,ɔθʊm
ɔθ.ɪn,ɔθ.ʊn,ɔθɪn,ɔθʊn,ɔθɪn,ɔθʊn
ɔθ.ɪŋ,ɔθ.ʊŋ,ɔθɪŋ,ɔθʊŋ,ɔθɪŋ,ɔθʊŋ
ɔθ.ɪp,ɔθ.ʊp,ɔθɪp,ɔθʊp,ɔθɪp,ɔθʊp
ɔθ.ɪt,ɔθ.ʊt,ɔθɪt,ɔθʊt,ɔθɪt,ɔθʊt
ɔθ.ɪk,ɔθ.ʊk,ɔθɪk,ɔθʊk,ɔθɪk,ɔθʊk
ɔθ.ɪb,ɔθ.ʊb,ɔθɪb,ɔθʊb,ɔθɪb,ɔθʊb
ɔθ.ɪd,ɔθ.ʊd,ɔθɪd,ɔθʊd,ɔθɪd,ɔθʊd
ɔθ.ɪg,ɔθ.ʊg,ɔθɪg,ɔθʊg,ɔθɪg,ɔθʊg
ɔθ.ɪf,ɔθ.ʊf,ɔθɪf,ɔθʊf,ɔθɪf,ɔθʊf
ɔθ.ɪs,ɔθ.ʊs,ɔθɪs,ɔθʊs,ɔθɪs,ɔθʊs
ɔθ.ɪv,ɔθ.ʊv,ɔθɪv,ɔθʊv,ɔθɪv,ɔθʊv
ɔθ.ɪz,ɔθ.ʊz,ɔθɪz,ɔθʊz,ɔθɪz,ɔθʊz
ɔθ.ɪʃ,ɔθ.ʊʃ,ɔθɪʃ,ɔθʊʃ,ɔθɪʃ,ɔθʊʃ
ɔθ.ɪʒ,ɔθ.ʊʒ,ɔθɪʒ,ɔθʊʒ,ɔθɪʒ,ɔθʊʒ
ɔθ.ɪθ,ɔθ.ʊθ,ɔθɪθ,ɔθʊθ,ɔθɪθ,ɔθʊθ
ɔθ.ɪð,ɔθ.ʊð,ɔθɪð,ɔθʊð,ɔθɪð,ɔθʊð
ɔθ.ɛm,ɔθ.ɔm,ɔθɛm,ɔθɔm,ɔθɛm,ɔθɔm
ɔθ.ɛn,ɔθ.ɔn,ɔθɛn,ɔθɔn,ɔθɛn,ɔθɔn
ɔθ.ɛŋ,ɔθ.ɔŋ,ɔθɛŋ,ɔθɔŋ,ɔθɛŋ,ɔθɔŋ
ɔθ.ɛp,ɔθ.ɔp,ɔθɛp,ɔθɔp,ɔθɛp,ɔθɔp
ɔθ.ɛt,ɔθ.ɔt,ɔθɛt,ɔθɔt,ɔθɛt,ɔθɔt
ɔθ.ɛk,ɔθ.ɔk,ɔθɛk,ɔθɔk,ɔθɛk,ɔθɔk
ɔθ.ɛb,ɔθ.ɔb,ɔθɛb,ɔθɔb,ɔθɛb,ɔθɔb
ɔθ.ɛd,ɔθ.ɔd,ɔθɛd,ɔθɔd,ɔθɛd,ɔθɔd
ɔθ.ɛg,ɔθ.ɔg,ɔθɛg,ɔθɔg,ɔθɛg,ɔθɔg
ɔθ.ɛf,ɔθ.ɔf,ɔθɛf,ɔθɔf,ɔθɛf,ɔθɔf
ɔθ.ɛs,ɔθ.ɔs,ɔθɛs,ɔθɔs,ɔθɛs,ɔθɔs
ɔθ.ɛv,ɔθ.ɔv,ɔθɛv,ɔθɔv,ɔθɛv,ɔθɔv
ɔθ.ɛz,ɔθ.ɔz,ɔθɛz,ɔθɔz,ɔθɛz,ɔθɔz
ɔθ.ɛʃ,ɔθ.ɔʃ,ɔθɛʃ,ɔθɔʃ,ɔθɛʃ,ɔθɔʃ
ɔθ.ɛʒ,ɔθ.ɔʒ,ɔθɛʒ,ɔθɔʒ,ɔθɛʒ,ɔθɔʒ
ɔθ.ɛθ,ɔθ.ɔθ,ɔθɛθ,ɔθɔθ,ɔθɛθ,ɔθɔθ
ɔθ.ɛð,ɔθ.ɔð,ɔθɛð,ɔθɔð,ɔθɛð,ɔθɔð
ɔθ.ʊm,ɔθ.ɪm,ɔθʊm,ɔθɪm,ɔθʊm,ɔθɪm
ɔθ.ʊn,ɔθ.ɪn,ɔθʊn,ɔθɪn,ɔθʊn,ɔθɪn
ɔθ.ʊŋ,ɔθ.ɪŋ,ɔθʊŋ,ɔθɪŋ,ɔθʊŋ,ɔθɪŋ
ɔθ.ʊp,ɔθ.ɪp,ɔθʊp,ɔθɪp,ɔθʊp,ɔθɪp
ɔθ.ʊt,ɔθ.ɪt,ɔθʊt,ɔθɪt,ɔθʊt,ɔθɪt
ɔθ.ʊk,ɔθ.ɪk,ɔθʊk,ɔθɪk,ɔθʊk,ɔθɪk
ɔθ.ʊb,ɔθ.ɪb,ɔθʊb,ɔθɪb,ɔθʊb,ɔθɪb
ɔθ.ʊd,ɔθ.ɪd,ɔθʊd,ɔθɪd,ɔθʊd,ɔθɪd
ɔθ.ʊg,ɔθ.ɪg,ɔθʊg,ɔθɪg,ɔθʊg,ɔθɪg
ɔθ.ʊf,ɔθ.ɪf,ɔθʊf,ɔθɪf,ɔθʊf,ɔθɪf
ɔθ.ʊs,ɔθ.ɪs,ɔθʊs,ɔθɪs,ɔθʊs,ɔθɪs
ɔθ.ʊv,ɔθ.ɪv,ɔθʊv,ɔθɪv,ɔθʊv,ɔθɪv
ɔθ.ʊz,ɔθ.ɪz,ɔθʊz,ɔθɪz,ɔθʊz,ɔθɪz
ɔθ.ʊʃ,ɔθ.ɪʃ,ɔθʊʃ,ɔθɪʃ,ɔθʊʃ,ɔθɪʃ
ɔθ.ʊʒ,ɔθ.ɪʒ,ɔθʊʒ,ɔθɪʒ,ɔθʊʒ,ɔθɪʒ
ɔθ.ʊθ,ɔθ.ɪθ,ɔθʊθ,ɔθɪθ,ɔθʊθ,ɔθɪθ
ɔθ.ʊð,ɔθ.ɪð,ɔθʊð,ɔθɪð,ɔθʊð,ɔθɪð
ɔθ.ɔm,ɔθ.ɛm,ɔθɔm,ɔθɛm,ɔθɔm,ɔθɛm
ɔθ.ɔn,ɔθ.ɛn,ɔθɔn,ɔθɛn,ɔθɔn,ɔθɛn
ɔθ.ɔŋ,ɔθ.ɛŋ,ɔθɔŋ,ɔθɛŋ,ɔθɔŋ,ɔθɛŋ
ɔθ.ɔp,ɔθ.ɛp,ɔθɔp,ɔθɛp,ɔθɔp,ɔθɛp
ɔθ.ɔt,ɔθ.ɛt,ɔθɔt,ɔθɛt,ɔθɔt,ɔθɛt
ɔθ.ɔk,ɔθ.ɛk,ɔθɔk,ɔθɛk,ɔθɔk,ɔθɛk
ɔθ.ɔb,ɔθ.ɛb,ɔθɔb,ɔθɛb,ɔθɔb,ɔθɛb
ɔθ.ɔd,ɔθ.ɛd,ɔθɔd,ɔθɛd,ɔθɔd,ɔθɛd
ɔθ.ɔg,ɔθ.ɛg,ɔθɔg,ɔθɛg,ɔθɔg,ɔθɛg
ɔθ.ɔf,ɔθ.ɛf,ɔθɔf,ɔθɛf,ɔθɔf,ɔθɛf
ɔθ.ɔs,ɔθ.ɛs,ɔθɔs,ɔθɛs,ɔθɔs,ɔθɛs
ɔθ.ɔv,ɔθ.ɛv,ɔθɔv,ɔθɛv,ɔθɔv,ɔθɛv
ɔθ.ɔz,ɔθ.ɛz,ɔθɔz,ɔθɛz,ɔθɔz,ɔθɛz
ɔθ.ɔʃ,ɔθ.ɛʃ,ɔθɔʃ,ɔθɛʃ,ɔθɔʃ,ɔθɛʃ
ɔθ.ɔʒ,ɔθ.ɛʒ,ɔθɔʒ,ɔθɛʒ,ɔθɔʒ,ɔθɛʒ
ɔθ.ɔθ,ɔθ.ɛθ,ɔθɔθ,ɔθɛθ,ɔθɔθ,ɔθɛθ
ɔθ.ɔð,ɔθ.ɛð,ɔθɔð,ɔθɛð,ɔθɔð,ɔθɛð
ɔð.ɪm,ɔð.ʊm,ɔðɪm,ɔðʊm,ɔðɪm,ɔðʊm
ɔð.ɪn,ɔð.ʊn,ɔðɪn,ɔðʊn,ɔðɪn,ɔðʊn
ɔð.ɪŋ,ɔð.ʊŋ,ɔðɪŋ,ɔðʊŋ,ɔðɪŋ,ɔðʊŋ
ɔð.ɪp,ɔð.ʊp,ɔðɪp,ɔðʊp,ɔðɪp,ɔðʊp
ɔð.ɪt,ɔð.ʊt,ɔðɪt,ɔðʊt,ɔðɪt,ɔðʊt
ɔð.ɪk,ɔð.ʊk,ɔðɪk,ɔðʊk,ɔðɪk,ɔðʊk
ɔð.ɪb,ɔð.ʊb,ɔðɪb,ɔðʊb,ɔðɪb,ɔðʊb
ɔð.ɪd,ɔð.ʊd,ɔðɪd,ɔðʊd,ɔðɪd,ɔðʊd
ɔð.ɪg,ɔð.ʊg,ɔðɪg,ɔðʊg,ɔðɪg,ɔðʊg
ɔð.ɪf,ɔð.ʊf,ɔðɪf,ɔðʊf,ɔðɪf,ɔðʊf
ɔð.ɪs,ɔð.ʊs,ɔðɪs,ɔðʊs,ɔðɪs,ɔðʊs
ɔð.ɪv,ɔð.ʊv,ɔðɪv,ɔðʊv,ɔðɪv,ɔðʊv
ɔð.ɪz,ɔð.ʊz,ɔðɪz,ɔðʊz,ɔðɪz,ɔðʊz
ɔð.ɪʃ,ɔð.ʊʃ,ɔðɪʃ,ɔðʊʃ,ɔðɪʃ,ɔðʊʃ
ɔð.ɪʒ,ɔð.ʊʒ,ɔðɪʒ,ɔðʊʒ,ɔðɪʒ,ɔðʊʒ
ɔð.ɪθ,ɔð.ʊθ,ɔðɪθ,ɔðʊθ,ɔðɪθ,ɔðʊθ
ɔð.ɪð,ɔð.ʊð,ɔðɪð,ɔðʊð,ɔðɪð,ɔðʊð
ɔð.ɛm,ɔð.ɔm,ɔðɛm,ɔðɔm,ɔðɛm,ɔðɔm
ɔð.ɛn,ɔð.ɔn,ɔðɛn,ɔðɔn,ɔðɛn,ɔðɔn
ɔð.ɛŋ,ɔð.ɔŋ,ɔðɛŋ,ɔðɔŋ,ɔðɛŋ,ɔðɔŋ
ɔð.ɛp,ɔð.ɔp,ɔðɛp,ɔðɔp,ɔðɛp,ɔðɔp
ɔð.ɛt,ɔð.ɔt,ɔðɛt,ɔðɔt,ɔðɛt,ɔðɔt
ɔð.ɛk,ɔð.ɔk,ɔðɛk,ɔðɔk,ɔðɛk,ɔðɔk
ɔð.ɛb,ɔð.ɔb,ɔðɛb,ɔðɔb,ɔðɛb,ɔðɔb
ɔð.ɛd,ɔð.ɔd,ɔðɛd,ɔðɔd,ɔðɛd,ɔðɔd
ɔð.ɛg,ɔð.ɔg,ɔðɛg,ɔðɔg,ɔðɛg,ɔðɔg
ɔð.ɛf,ɔð.ɔf,ɔðɛf,ɔðɔf,ɔðɛf,ɔðɔf
ɔð.ɛs,ɔð.ɔs,ɔðɛs,ɔðɔs,ɔðɛs,ɔðɔs
ɔð.ɛv,ɔð.ɔv,ɔðɛv,ɔðɔv,ɔðɛv,ɔðɔv
ɔð.ɛz,ɔð.ɔz,ɔðɛz,ɔðɔz,ɔðɛz,ɔðɔz
ɔð.ɛʃ,ɔð.ɔʃ,ɔðɛʃ,ɔðɔʃ,ɔðɛʃ,ɔðɔʃ
ɔð.ɛʒ,ɔð.ɔʒ,ɔðɛʒ,ɔðɔʒ,ɔðɛʒ,ɔðɔʒ
ɔð.ɛθ,ɔð.ɔθ,ɔðɛθ,ɔðɔθ,ɔðɛθ,ɔðɔθ
ɔð.ɛð,ɔð.ɔð,ɔðɛð,ɔðɔð,ɔðɛð,ɔðɔð
ɔð.ʊm,ɔð.ɪm,ɔðʊm,ɔðɪm,ɔðʊm,ɔðɪm
ɔð.ʊn,ɔð.ɪn,ɔðʊn,ɔðɪn,ɔðʊn,ɔðɪn
ɔð.ʊŋ,ɔð.ɪŋ,ɔðʊŋ,ɔðɪŋ,ɔðʊŋ,ɔðɪŋ
ɔð.ʊp,ɔð.ɪp,ɔðʊp,ɔðɪp,ɔðʊp,ɔðɪp
ɔð.ʊt,ɔð.ɪt,ɔðʊt,ɔðɪt,ɔðʊt,ɔðɪt
ɔð.ʊk,ɔð.ɪk,ɔðʊk,ɔðɪk,ɔðʊk,ɔðɪk
ɔð.ʊb,ɔð.ɪb,ɔðʊb,ɔðɪb,ɔðʊb,ɔðɪb
ɔð.ʊd,ɔð.ɪd,ɔðʊd,ɔðɪd,ɔðʊd,ɔðɪd
ɔð.ʊg,ɔð.ɪg,ɔðʊg,ɔðɪg,ɔðʊg,ɔðɪg
ɔð.ʊf,ɔð.ɪf,ɔðʊf,ɔðɪf,ɔðʊf,ɔðɪf
ɔð.ʊs,ɔð.ɪs,ɔðʊs,ɔðɪs,ɔðʊs,ɔðɪs
ɔð.ʊv,ɔð.ɪv,ɔðʊv,ɔðɪv,ɔðʊv,ɔðɪv
ɔð.ʊz,ɔð.ɪz,ɔðʊz,ɔðɪz,ɔðʊz,ɔðɪz
ɔð.ʊʃ,ɔð.ɪʃ,ɔðʊʃ,ɔðɪʃ,ɔðʊʃ,ɔðɪʃ
ɔð.ʊʒ,ɔð.ɪʒ,ɔðʊʒ,ɔðɪʒ,ɔðʊʒ,ɔðɪʒ
ɔð.ʊθ,ɔð.ɪθ,ɔðʊθ,ɔðɪθ,ɔðʊθ,ɔðɪθ
ɔð.ʊð,ɔð.ɪð,ɔðʊð,ɔðɪð,ɔðʊð,ɔðɪð
ɔð.ɔm,ɔð.ɛm,ɔðɔm,ɔðɛm,ɔðɔm,ɔðɛm
ɔð.ɔn,ɔð.ɛn,ɔðɔn,ɔðɛn,ɔðɔn,ɔðɛn
ɔð.ɔŋ,ɔð.ɛŋ,ɔðɔŋ,ɔðɛŋ,ɔðɔŋ,ɔðɛŋ
ɔð.ɔp,ɔð.ɛp,ɔðɔp,ɔðɛp,ɔðɔp,ɔðɛp
ɔð.ɔt,ɔð.ɛt,ɔðɔt,ɔðɛt,ɔðɔt,ɔðɛt
ɔð.ɔk,ɔð.ɛk,ɔðɔk,ɔðɛk,ɔðɔk,ɔðɛk
ɔð.ɔb,ɔð.ɛb,ɔðɔb,ɔðɛb,ɔðɔb,ɔðɛb
ɔð.ɔd,ɔð.ɛd,ɔðɔd,ɔðɛd,ɔðɔd,ɔðɛd
ɔð.ɔg,ɔð.ɛg,ɔðɔg,ɔðɛg,ɔðɔg,ɔðɛg
ɔð.ɔf,ɔð.ɛf,ɔðɔf,ɔðɛf,ɔðɔf,ɔðɛf
ɔð.ɔs,ɔð.ɛs,ɔðɔs,ɔðɛs,ɔðɔs,ɔðɛs
ɔð.ɔv,ɔð.ɛv,ɔðɔv,ɔðɛv,ɔðɔv,ɔðɛv
ɔð.ɔz,ɔð.ɛz,ɔðɔz,ɔðɛz,ɔðɔz,ɔðɛz
ɔð.ɔʃ,ɔð.ɛʃ,ɔðɔʃ,ɔðɛʃ,ɔðɔʃ,ɔðɛʃ
ɔð.ɔʒ,ɔð.ɛʒ,ɔðɔʒ,ɔðɛʒ,ɔðɔʒ,ɔðɛʒ
ɔð.ɔθ,ɔð.ɛθ,ɔðɔθ,ɔðɛθ,ɔðɔθ,ɔðɛθ
ɔð.ɔð,ɔð.ɛð,ɔðɔð,ɔðɛð,ɔðɔð,ɔðɛð
mɪm.i,mɪm.u,mɪmi,mɪmu,mɪmi,mɪmu
mɪm.e,mɪm.o,mɪme,mɪmo,mɪmeɪ,mɪmoʊ
mɪm.u,mɪm.i,mɪmu,mɪmi,mɪmu,mɪmi
mɪm.o,mɪm.e,mɪmo,mɪme,mɪmoʊ,mɪmeɪ
mɪn.i,mɪn.u,mɪni,mɪnu,mɪni,mɪnu
mɪn.e,mɪn.o,mɪne,mɪno,mɪneɪ,mɪnoʊ
mɪn.u,mɪn.i,mɪnu,mɪni,mɪnu,mɪni
mɪn.o,mɪn.e,mɪno,mɪne,mɪnoʊ,mɪneɪ
mɪŋ.i,mɪŋ.u,mɪŋi,mɪŋu,mɪŋi,mɪŋu
mɪŋ.e,mɪŋ.o,mɪŋe,mɪŋo,mɪŋeɪ,mɪŋoʊ
mɪŋ.u,mɪŋ.i,mɪŋu,mɪŋi,mɪŋu,mɪŋi
mɪŋ.o,mɪŋ.e,mɪŋo,mɪŋe,mɪŋoʊ,mɪŋeɪ
mɪp.i,mɪp.u,mɪpi,mɪpu,mɪpi,mɪpu
mɪp.e,mɪp.o,mɪpe,mɪpo,mɪpeɪ,mɪpoʊ
mɪp.u,mɪp.i,mɪpu,mɪpi,mɪpu,mɪpi
mɪp.o,mɪp.e,mɪpo,mɪpe,mɪpoʊ,mɪpeɪ
mɪt.i,mɪt.u,mɪti,mɪtu,mɪti,mɪtu
mɪt.e,mɪt.o,mɪte,mɪto,mɪteɪ,mɪtoʊ
mɪt.u,mɪt.i,mɪtu,mɪti,mɪtu,mɪti
mɪt.o,mɪt.e,mɪto,mɪte,mɪtoʊ,mɪteɪ
mɪk.i,mɪk.u,mɪki,mɪku,mɪki,mɪku
mɪk.e,mɪk.o,mɪke,mɪko,mɪkeɪ,mɪkoʊ
mɪk.u,mɪk.i,mɪku,mɪki,mɪku,mɪki
mɪk.o,mɪk.e,mɪko,mɪke,mɪkoʊ,mɪkeɪ
mɪb.i,mɪb.u,mɪbi,mɪbu,mɪbi,mɪbu
mɪb.e,mɪb.o,mɪbe,mɪbo,mɪbeɪ,mɪboʊ
mɪb.u,mɪb.i,mɪbu,mɪbi,mɪbu,mɪbi
mɪb.o,mɪb.e,mɪbo,mɪbe,mɪboʊ,mɪbeɪ
mɪd.i,mɪd.u,mɪdi,mɪdu,mɪdi,mɪdu
mɪd.e,mɪd.o,mɪde,mɪdo,mɪdeɪ,mɪdoʊ
mɪd.u,mɪd.i,mɪdu,mɪdi,mɪdu,mɪdi
mɪd.o,mɪd.e,mɪdo,mɪde,mɪdoʊ,mɪdeɪ
mɪg.i,mɪg.u,mɪgi,mɪgu,mɪgi,mɪgu
mɪg.e,mɪg.o,mɪge,mɪgo,mɪgeɪ,mɪgoʊ
mɪg.u,mɪg.i,mɪgu,mɪgi,mɪgu,mɪgi
mɪg.o,mɪg.e,mɪgo,mɪge,mɪgoʊ,mɪgeɪ
mɪf.i,mɪf.u,mɪfi,mɪfu,mɪfi,mɪfu
mɪf.e,mɪf.o,mɪfe,mɪfo,mɪfeɪ,mɪfoʊ
mɪf.u,mɪf.i,mɪfu,mɪfi,mɪfu,mɪfi
mɪf.o,mɪf.e,mɪfo,mɪfe,mɪfoʊ,mɪfeɪ
mɪs.i,mɪs.u,mɪsi,mɪsu,mɪsi,mɪsu
mɪs.e,mɪs.o,mɪse,mɪso,mɪseɪ,mɪsoʊ
mɪs.u,mɪs.i,mɪsu,mɪsi,mɪsu,mɪsi
mɪs.o,mɪs.e,mɪso,mɪse,mɪsoʊ,mɪseɪ
mɪv.i,mɪv.u,mɪvi,mɪvu,mɪvi,mɪvu
mɪv.e,mɪv.o,mɪve,mɪvo,mɪveɪ,mɪvoʊ
mɪv.u,mɪv.i,mɪvu,mɪvi,mɪvu,mɪvi
mɪv.o,mɪv.e,mɪvo,mɪve,mɪvoʊ,mɪveɪ
mɪz.i,mɪz.u,mɪzi,mɪzu,mɪzi,mɪzu
mɪz.e,mɪz.o,mɪze,mɪzo,mɪzeɪ,mɪzoʊ
mɪz.u,mɪz.i,mɪzu,mɪzi,mɪzu,mɪzi
mɪz.o,mɪz.e,mɪzo,mɪze,mɪzoʊ,mɪzeɪ
mɪʃ.i,mɪʃ.u,mɪʃi,mɪʃu,mɪʃi,mɪʃu
mɪʃ.e,mɪʃ.o,mɪʃe,mɪʃo,mɪʃeɪ,mɪʃoʊ
mɪʃ.u,mɪʃ.i,mɪʃu,mɪʃi,mɪʃu,mɪʃi
mɪʃ.o,mɪʃ.e,mɪʃo,mɪʃe,mɪʃoʊ,mɪʃeɪ
mɪʒ.i,mɪʒ.u,mɪʒi,mɪʒu,mɪʒi,mɪʒu
mɪʒ.e,mɪʒ.o,mɪʒe,mɪʒo,mɪʒeɪ,mɪʒoʊ
mɪʒ.u,mɪʒ.i,mɪʒu,mɪʒi,mɪʒu,mɪʒi
mɪʒ.o,mɪʒ.e,mɪʒo,mɪʒe,mɪʒoʊ,mɪʒeɪ
mɪθ.i,mɪθ.u,mɪθi,mɪθu,mɪθi,mɪθu
mɪθ.e,mɪθ.o,mɪθe,mɪθo,mɪθeɪ,mɪθoʊ
mɪθ.u,mɪθ.i,mɪθu,mɪθi,mɪθu,mɪθi
mɪθ.o,mɪθ.e,mɪθo,mɪθe,mɪθoʊ,mɪθeɪ
mɪð.i,mɪð.u,mɪði,mɪðu,mɪði,mɪðu
mɪð.e,mɪð.o,mɪðe,mɪðo,mɪðeɪ,mɪðoʊ
mɪð.u,mɪð.i,mɪðu,mɪði,mɪðu,mɪði
mɪð.o,mɪð.e,mɪðo,mɪðe,mɪðoʊ,mɪðeɪ
nɪm.i,nɪm.u,nɪmi,nɪmu,nɪmi,nɪmu
nɪm.e,nɪm.o,nɪme,nɪmo,nɪmeɪ,nɪmoʊ
nɪm.u,nɪm.i,nɪmu,nɪmi,nɪmu,nɪmi
nɪm.o,nɪm.e,nɪmo,nɪme,nɪmoʊ,nɪmeɪ
nɪn.i,nɪn.u,nɪni,nɪnu,nɪni,nɪnu
nɪn.e,nɪn.o,nɪne,nɪno,nɪneɪ,nɪnoʊ
nɪn.u,nɪn.i,nɪnu,nɪni,nɪnu,nɪni
nɪn.o,nɪn.e,nɪno,nɪne,nɪnoʊ,nɪneɪ
nɪŋ.i,nɪŋ.u,nɪŋi,nɪŋu,nɪŋi,nɪŋu
nɪŋ.e,nɪŋ.o,nɪŋe,nɪŋo,nɪŋeɪ,nɪŋoʊ
nɪŋ.u,nɪŋ.i,nɪŋu,nɪŋi,nɪŋu,nɪŋi
nɪŋ.o,nɪŋ.e,nɪŋo,nɪŋe,nɪŋoʊ,nɪŋeɪ
nɪp.i,nɪp.u,nɪpi,nɪpu,nɪpi,nɪpu
nɪp.e,nɪp.o,nɪpe,nɪpo,nɪpeɪ,nɪpoʊ
nɪp.u,nɪp.i,nɪpu,nɪpi,nɪpu,nɪpi
nɪp.o,nɪp.e,nɪpo,nɪpe,nɪpoʊ,nɪpeɪ
nɪt.i,nɪt.u,nɪti,nɪtu,nɪti,nɪtu
nɪt.e,nɪt.o,nɪte,nɪto,nɪteɪ,nɪtoʊ
nɪt.u,nɪt.i,nɪtu,nɪti,nɪtu,nɪti
nɪt.o,nɪt.e,nɪto,nɪte,nɪtoʊ,nɪteɪ
nɪk.i,nɪk.u,nɪki,nɪku,nɪki,nɪku
nɪk.e,nɪk.o,nɪke,nɪko,nɪkeɪ,nɪkoʊ
nɪk.u,nɪk.i,nɪku,nɪki,nɪku,nɪki
nɪk.o,nɪk.e,nɪko,nɪke,nɪkoʊ,nɪkeɪ
nɪb.i,nɪb.u,nɪbi,nɪbu,nɪbi,nɪbu
nɪb.e,nɪb.o,nɪbe,nɪbo,nɪbeɪ,nɪboʊ
nɪb.u,nɪb.i,nɪbu,nɪbi,nɪbu,nɪbi
nɪb.o,nɪb.e,nɪbo,nɪbe,nɪboʊ,nɪbeɪ
nɪd.i,nɪd.u,nɪdi,nɪdu,nɪdi,nɪdu
nɪd.e,nɪd.o,nɪde,nɪdo,nɪdeɪ,nɪdoʊ
nɪd.u,nɪd.i,nɪdu,nɪdi,nɪdu,nɪdi
nɪd.o,nɪd.e,nɪdo,nɪde,nɪdoʊ,nɪdeɪ
nɪg.i,nɪg.u,nɪgi,nɪgu,nɪgi,nɪgu
nɪg.e,nɪg.o,nɪge,nɪgo,nɪgeɪ,nɪgoʊ
nɪg.u,nɪg.i,nɪgu,nɪgi,nɪgu,nɪgi
nɪg.o,nɪg.e,nɪgo,nɪge,nɪgoʊ,nɪgeɪ
nɪf.i,nɪf.u,nɪfi,nɪfu,nɪfi,nɪfu
nɪf.e,nɪf.o,nɪfe,nɪfo,nɪfeɪ,nɪfoʊ
nɪf.u,nɪf.i,nɪfu,nɪfi,nɪfu,nɪfi
nɪf.o,nɪf.e,nɪfo,nɪfe,nɪfoʊ,nɪfeɪ
nɪs.i,nɪs.u,nɪsi,nɪsu,nɪsi,nɪsu
nɪs.e,nɪs.o,nɪse,nɪso,nɪseɪ,nɪsoʊ
nɪs.u,nɪs.i,nɪsu,nɪsi,nɪsu,nɪsi
nɪs.o,nɪs.e,nɪso,nɪse,nɪsoʊ,nɪseɪ
nɪv.i,nɪv.u,nɪvi,nɪvu,nɪvi,nɪvu
nɪv.e,nɪv.o,nɪve,nɪvo,nɪveɪ,nɪvoʊ
nɪv.u,nɪv.i,nɪvu,nɪvi,nɪvu,nɪvi
nɪv.o,nɪv.e,nɪvo,nɪve,nɪvoʊ,nɪveɪ
nɪz.i,nɪz.u,nɪzi,nɪzu,nɪzi,nɪzu
nɪz.e,nɪz.o,nɪze,nɪzo,nɪzeɪ,nɪzoʊ
nɪz.u,nɪz.i,nɪzu,nɪzi,nɪzu,nɪzi
nɪz.o,nɪz.e,nɪzo,nɪze,nɪzoʊ,nɪzeɪ
nɪʃ.i,nɪʃ.u,nɪʃi,nɪʃu,nɪʃi,nɪʃu
nɪʃ.e,nɪʃ.o,nɪʃe,nɪʃo,nɪʃeɪ,nɪʃoʊ
nɪʃ.u,nɪʃ.i,nɪʃu,nɪʃi,nɪʃu,nɪʃi
nɪʃ.o,nɪʃ.e,nɪʃo,nɪʃe,nɪʃoʊ,nɪʃeɪ
nɪʒ.i,nɪʒ.u,nɪʒi,nɪʒu,nɪʒi,nɪʒu
nɪʒ.e,nɪʒ.o,nɪʒe,nɪʒo,nɪʒeɪ,nɪʒoʊ
nɪʒ.u,nɪʒ.i,nɪʒu,nɪʒi,nɪʒu,nɪʒi
nɪʒ.o,nɪʒ.e,nɪʒo,nɪʒe,nɪʒoʊ,nɪʒeɪ
nɪθ.i,nɪθ.u,nɪθi,nɪθu,nɪθi,nɪθu
nɪθ.e,nɪθ.o,nɪθe,nɪθo,nɪθeɪ,nɪθoʊ
nɪθ.u,nɪθ.i,nɪθu,nɪθi,nɪθu,nɪθi
nɪθ.o,nɪθ.e,nɪθo,nɪθe,nɪθoʊ,nɪθeɪ
nɪð.i,nɪð.u,nɪði,nɪðu,nɪði,nɪðu
nɪð.e,nɪð.o,nɪðe,nɪðo,nɪðeɪ,nɪðoʊ
nɪð.u,nɪð.i,nɪðu,nɪði,nɪðu,nɪði
nɪð.o,nɪð.e,nɪðo,nɪðe,nɪðoʊ,nɪðeɪ
pɪm.i,pɪm.u,pɪmi,pɪmu,pɪmi,pɪmu
pɪm.e,pɪm.o,pɪme,pɪmo,pɪmeɪ,pɪmoʊ
pɪm.u,pɪm.i,pɪmu,pɪmi,pɪmu,pɪmi
pɪm.o,pɪm.e,pɪmo,pɪme,pɪmoʊ,pɪmeɪ
pɪn.i,pɪn.u,pɪni,pɪnu,pɪni,pɪnu
pɪn.e,pɪn.o,pɪne,pɪno,pɪneɪ,pɪnoʊ
pɪn.u,pɪn.i,pɪnu,pɪni,pɪnu,pɪni
pɪn.o,pɪn.e,pɪno,pɪne,pɪnoʊ,pɪneɪ
pɪŋ.i,pɪŋ.u,pɪŋi,pɪŋu,pɪŋi,pɪŋu
pɪŋ.e,pɪŋ.o,pɪŋe,pɪŋo,pɪŋeɪ,pɪŋoʊ
pɪŋ.u,pɪŋ.i,pɪŋu,pɪŋi,pɪŋu,pɪŋi
pɪŋ.o,pɪŋ.e,pɪŋo,pɪŋe,pɪŋoʊ,pɪŋeɪ
pɪp.i,pɪp.u,pɪpi,pɪpu,pɪpi,pɪpu
pɪp.e,pɪp.o,pɪpe,pɪpo,pɪpeɪ,pɪpoʊ
pɪp.u,pɪp.i,pɪpu,pɪpi,pɪpu,pɪpi
pɪp.o,pɪp.e,pɪpo,pɪpe,pɪpoʊ,pɪpeɪ
pɪt.i,pɪt.u,pɪti,pɪtu,pɪti,pɪtu
pɪt.e,pɪt.o,pɪte,pɪto,pɪteɪ,pɪtoʊ
pɪt.u,pɪt.i,pɪtu,pɪti,pɪtu,pɪti
pɪt.o,pɪt.e,pɪto,pɪte,pɪtoʊ,pɪteɪ
pɪk.i,pɪk.u,pɪki,pɪku,pɪki,pɪku
pɪk.e,pɪk.o,pɪke,pɪko,pɪkeɪ,pɪkoʊ
pɪk.u,pɪk.i,pɪku,pɪki,pɪku,pɪki
pɪk.o,pɪk.e,pɪko,pɪke,pɪkoʊ,pɪkeɪ
pɪb.i,pɪb.u,pɪbi,pɪbu,pɪbi,pɪbu
pɪb.e,pɪb.o,pɪbe,pɪbo,pɪbeɪ,pɪboʊ
pɪb.u,pɪb.i,pɪbu,pɪbi,pɪbu,pɪbi
pɪb.o,pɪb.e,pɪbo,pɪbe,pɪboʊ,pɪbeɪ
pɪd.i,pɪd.u,pɪdi,pɪdu,pɪdi,pɪdu
pɪd.e,pɪd.o,pɪde,pɪdo,pɪdeɪ,pɪdoʊ
pɪd.u,pɪd.i,pɪdu,pɪdi,pɪdu,pɪdi
pɪd.o,pɪd.e,pɪdo,pɪde,pɪdoʊ,pɪdeɪ
pɪg.i,pɪg.u,pɪgi,pɪgu,pɪgi,pɪgu
pɪg.e,pɪg.o,pɪge,pɪgo,pɪgeɪ,pɪgoʊ
pɪg.u,pɪg.i,pɪgu,pɪgi,pɪgu,pɪgi
pɪg.o,pɪg.e,pɪgo,pɪge,pɪgoʊ,pɪgeɪ
pɪf.i,pɪf.u,pɪfi,pɪfu,pɪfi,pɪfu
pɪf.e,pɪf.o,pɪfe,pɪfo,pɪfeɪ,pɪfoʊ
pɪf.u,pɪf.i,pɪfu,pɪfi,pɪfu,pɪfi
pɪf.o,pɪf.e,pɪfo,pɪfe,pɪfoʊ,pɪfeɪ
pɪs.i,pɪs.u,pɪsi,pɪsu,pɪsi,pɪsu
pɪs.e,pɪs.o,pɪse,pɪso,pɪseɪ,pɪsoʊ
pɪs.u,pɪs.i,pɪsu,pɪsi,pɪsu,pɪsi
pɪs.o,pɪs.e,pɪso,pɪse,pɪsoʊ,pɪseɪ
pɪv.i,pɪv.u,pɪvi,pɪvu,pɪvi,pɪvu
pɪv.e,pɪv.o,pɪve,pɪvo,pɪveɪ,pɪvoʊ
pɪv.u,pɪv.i,pɪvu,pɪvi,pɪvu,pɪvi
pɪv.o,pɪv.e,pɪvo,pɪve,pɪvoʊ,pɪveɪ
pɪz.i,pɪz.u,pɪzi,pɪzu,pɪzi,pɪzu
pɪz.e,pɪz.o,pɪze,pɪzo,pɪzeɪ,pɪzoʊ
pɪz.u,pɪz.i,pɪzu,pɪzi,pɪzu,pɪzi
pɪz.o,pɪz.e,pɪzo,pɪze,pɪzoʊ,pɪzeɪ
pɪʃ.i,pɪʃ.u,pɪʃi,pɪʃu,pɪʃi,pɪʃu
pɪʃ.e,pɪʃ.o,pɪʃe,pɪʃo,pɪʃeɪ,pɪʃoʊ
pɪʃ.u,pɪʃ.i,pɪʃu,pɪʃi,pɪʃu,pɪʃi
pɪʃ.o,pɪʃ.e,pɪʃo,pɪʃe,pɪʃoʊ,pɪʃeɪ
pɪʒ.i,pɪʒ.u,pɪʒi,pɪʒu,pɪʒi,pɪʒu
pɪʒ.e,pɪʒ.o,pɪʒe,pɪʒo,pɪʒeɪ,pɪʒoʊ
pɪʒ.u,pɪʒ.i,pɪʒu,pɪʒi,pɪʒu,pɪʒi
pɪʒ.o,pɪʒ.e,pɪʒo,pɪʒe,pɪʒoʊ,pɪʒeɪ
pɪθ.i,pɪθ.u,pɪθi,pɪθu,pɪθi,pɪθu
pɪθ.e,pɪθ.o,pɪθe,pɪθo,pɪθeɪ,pɪθoʊ
pɪθ.u,pɪθ.i,pɪθu,pɪθi,pɪθu,pɪθi
pɪθ.o,pɪθ.e,pɪθo,pɪθe,pɪθoʊ,pɪθeɪ
pɪð.i,pɪð.u,pɪði,pɪðu,pɪði,pɪðu
pɪð.e,pɪð.o,pɪðe,pɪðo,pɪðeɪ,pɪðoʊ
pɪð.u,pɪð.i,pɪðu,pɪði,pɪðu,pɪði
pɪð.o,pɪð.e,pɪðo,pɪðe,pɪðoʊ,pɪðeɪ
tɪm.i,tɪm.u,tɪmi,tɪmu,tɪmi,tɪmu
tɪm.e,tɪm.o,tɪme,tɪmo,tɪmeɪ,tɪmoʊ
tɪm.u,tɪm.i,tɪmu,tɪmi,tɪmu,tɪmi
tɪm.o,tɪm.e,tɪmo,tɪme,tɪmoʊ,tɪmeɪ
tɪn.i,tɪn.u,tɪni,tɪnu,tɪni,tɪnu
tɪn.e,tɪn.o,tɪne,tɪno,tɪneɪ,tɪnoʊ
tɪn.u,tɪn.i,tɪnu,tɪni,tɪnu,tɪni
tɪn.o,tɪn.e,tɪno,tɪne,tɪnoʊ,tɪneɪ
tɪŋ.i,tɪŋ.u,tɪŋi,tɪŋu,tɪŋi,tɪŋu
tɪŋ.e,tɪŋ.o,tɪŋe,tɪŋo,tɪŋeɪ,tɪŋoʊ
tɪŋ.u,tɪŋ.i,tɪŋu,tɪŋi,tɪŋu,tɪŋi
tɪŋ.o,tɪŋ.e,tɪŋo,tɪŋe,tɪŋoʊ,tɪŋeɪ
tɪp.i,tɪp.u,tɪpi,tɪpu,tɪpi,tɪpu
tɪp.e,tɪp.o,tɪpe,tɪpo,tɪpeɪ,tɪpoʊ
tɪp.u,tɪp.i,tɪpu,tɪpi,tɪpu,tɪpi
tɪp.o,tɪp.e,tɪpo,tɪpe,tɪpoʊ,tɪpeɪ
tɪt.i,tɪt.u,tɪti,tɪtu,tɪti,tɪtu
tɪt.e,tɪt.o,tɪte,tɪto,tɪteɪ,tɪtoʊ
tɪt.u,tɪt.i,tɪtu,tɪti,tɪtu,tɪti
tɪt.o,tɪt.e,tɪto,tɪte,tɪtoʊ,tɪteɪ
tɪk.i,tɪk.u,tɪki,tɪku,tɪki,tɪku
tɪk.e,tɪk.o,tɪke,tɪko,tɪkeɪ,tɪkoʊ
tɪk.u,tɪk.i,tɪku,tɪki,tɪku,tɪki
tɪk.o,tɪk.e,tɪko,tɪke,tɪkoʊ,tɪkeɪ
tɪb.i,tɪb.u,tɪbi,tɪbu,tɪbi,tɪbu
tɪb.e,tɪb.o,tɪbe,tɪbo,tɪbeɪ,tɪboʊ
tɪb.u,tɪb.i,tɪbu,tɪbi,tɪbu,tɪbi
tɪb.o,tɪb.e,tɪbo,tɪbe,tɪboʊ,tɪbeɪ
tɪd.i,tɪd.u,tɪdi,tɪdu,tɪdi,tɪdu
tɪd.e,tɪd.o,tɪde,tɪdo,tɪdeɪ,tɪdoʊ
tɪd.u,tɪd.i,tɪdu,tɪdi,tɪdu,tɪdi
tɪd.o,tɪd.e,tɪdo,tɪde,tɪdoʊ,tɪdeɪ
tɪg.i,tɪg.u,tɪgi,tɪgu,tɪgi,tɪgu
tɪg.e,tɪg.o,tɪge,tɪgo,tɪgeɪ,tɪgoʊ
tɪg.u,tɪg.i,tɪgu,tɪgi,tɪgu,tɪgi
tɪg.o,tɪg.e,tɪgo,tɪge,tɪgoʊ,tɪgeɪ
tɪf.i,tɪf.u,tɪfi,tɪfu,tɪfi,tɪfu
tɪf.e,tɪf.o,tɪfe,tɪfo,tɪfeɪ,tɪfoʊ
tɪf.u,tɪf.i,tɪfu,tɪfi,tɪfu,tɪfi
tɪf.o,tɪf.e,tɪfo,tɪfe,tɪfoʊ,tɪfeɪ
tɪs.i,tɪs.u,tɪsi,tɪsu,tɪsi,tɪsu
tɪs.e,tɪs.o,tɪse,tɪso,tɪseɪ,tɪsoʊ
tɪs.u,tɪs.i,tɪsu,tɪsi,tɪsu,tɪsi
tɪs.o,tɪs.e,tɪso,tɪse,tɪsoʊ,tɪseɪ
tɪv.i,tɪv.u,tɪvi,tɪvu,tɪvi,tɪvu
tɪv.e,tɪv.o,tɪve,tɪvo,tɪveɪ,tɪvoʊ
tɪv.u,tɪv.i,tɪvu,tɪvi,tɪvu,tɪvi
tɪv.o,tɪv.e,tɪvo,tɪve,tɪvoʊ,tɪveɪ
tɪz.i,tɪz.u,tɪzi,tɪzu,tɪzi,tɪzu
tɪz.e,tɪz.o,tɪze,tɪzo,tɪzeɪ,tɪzoʊ
tɪz.u,tɪz.i,tɪzu,tɪzi,tɪzu,tɪzi
tɪz.o,tɪz.e,tɪzo,tɪze,tɪzoʊ,tɪzeɪ
tɪʃ.i,tɪʃ.u,tɪʃi,tɪʃu,tɪʃi,tɪʃu
tɪʃ.e,tɪʃ.o,tɪʃe,tɪʃo,tɪʃeɪ,tɪʃoʊ
tɪʃ.u,tɪʃ.i,tɪʃu,tɪʃi,tɪʃu,tɪʃi
tɪʃ.o,tɪʃ.e,tɪʃo,tɪʃe,tɪʃoʊ,tɪʃeɪ
tɪʒ.i,tɪʒ.u,tɪʒi,tɪʒu,tɪʒi,tɪʒu
tɪʒ.e,tɪʒ.o,tɪʒe,tɪʒo,tɪʒeɪ,tɪʒoʊ
tɪʒ.u,tɪʒ.i,tɪʒu,tɪʒi,tɪʒu,tɪʒi
tɪʒ.o,tɪʒ.e,tɪʒo,tɪʒe,tɪʒoʊ,tɪʒeɪ
tɪθ.i,tɪθ.u,tɪθi,tɪθu,tɪθi,tɪθu
tɪθ.e,tɪθ.o,tɪθe,tɪθo,tɪθeɪ,tɪθoʊ
tɪθ.u,tɪθ.i,tɪθu,tɪθi,tɪθu,tɪθi
tɪθ.o,tɪθ.e,tɪθo,tɪθe,tɪθoʊ,tɪθeɪ
tɪð.i,tɪð.u,tɪði,tɪðu,tɪði,tɪðu
tɪð.e,tɪð.o,tɪðe,tɪðo,tɪðeɪ,tɪðoʊ
tɪð.u,tɪð.i,tɪðu,tɪði,tɪðu,tɪði
tɪð.o,tɪð.e,tɪðo,tɪðe,tɪðoʊ,tɪðeɪ
kɪm.i,kɪm.u,kɪmi,kɪmu,kɪmi,kɪmu
kɪm.e,kɪm.o,kɪme,kɪmo,kɪmeɪ,kɪmoʊ
kɪm.u,kɪm.i,kɪmu,kɪmi,kɪmu,kɪmi
kɪm.o,kɪm.e,kɪmo,kɪme,kɪmoʊ,kɪmeɪ
kɪn.i,kɪn.u,kɪni,kɪnu,kɪni,kɪnu
kɪn.e,kɪn.o,kɪne,kɪno,kɪneɪ,kɪnoʊ
kɪn.u,kɪn.i,kɪnu,kɪni,kɪnu,kɪni
kɪn.o,kɪn.e,kɪno,kɪne,kɪnoʊ,kɪneɪ
kɪŋ.i,kɪŋ.u,kɪŋi,kɪŋu,kɪŋi,kɪŋu
kɪŋ.e,kɪŋ.o,kɪŋe,kɪŋo,kɪŋeɪ,kɪŋoʊ
kɪŋ.u,kɪŋ.i,kɪŋu,kɪŋi,kɪŋu,kɪŋi
kɪŋ.o,kɪŋ.e,kɪŋo,kɪŋe,kɪŋoʊ,kɪŋeɪ
kɪp.i,kɪp.u,kɪpi,kɪpu,kɪpi,kɪpu
kɪp.e,kɪp.o,kɪpe,kɪpo,kɪpeɪ,kɪpoʊ
kɪp.u,kɪp.i,kɪpu,kɪpi,kɪpu,kɪpi
kɪp.o,kɪp.e,kɪpo,kɪpe,kɪpoʊ,kɪpeɪ
kɪt.i,kɪt.u,kɪti,kɪtu,kɪti,kɪtu
kɪt.e,kɪt.o,kɪte,kɪto,kɪteɪ,kɪtoʊ
kɪt.u,kɪt.i,kɪtu,kɪti,kɪtu,kɪti
kɪt.o,kɪt.e,kɪto,kɪte,kɪtoʊ,kɪteɪ
kɪk.i,kɪk.u,kɪki,kɪku,kɪki,kɪku
kɪk.e,kɪk.o,kɪke,kɪko,kɪkeɪ,kɪkoʊ
kɪk.u,kɪk.i,kɪku,kɪki,kɪku,kɪki
kɪk.o,kɪk.e,kɪko,kɪke,kɪkoʊ,kɪkeɪ
kɪb.i,kɪb.u,kɪbi,kɪbu,kɪbi,kɪbu
kɪb.e,kɪb.o,kɪbe,kɪbo,kɪbeɪ,kɪboʊ
kɪb.u,kɪb.i,kɪbu,kɪbi,kɪbu,kɪbi
kɪb.o,kɪb.e,kɪbo,kɪbe,kɪboʊ,kɪbeɪ
kɪd.i,kɪd.u,kɪdi,kɪdu,kɪdi,kɪdu
kɪd.e,kɪd.o,kɪde,kɪdo,kɪdeɪ,kɪdoʊ
kɪd.u,kɪd.i,kɪdu,kɪdi,kɪdu,kɪdi
kɪd.o,kɪd.e,kɪdo,kɪde,kɪdoʊ,kɪdeɪ
kɪg.i,kɪg.u,kɪgi,kɪgu,kɪgi,kɪgu
kɪg.e,kɪg.o,kɪge,kɪgo,kɪgeɪ,kɪgoʊ
kɪg.u,kɪg.i,kɪgu,kɪgi,kɪgu,kɪgi
kɪg.o,kɪg.e,kɪgo,kɪge,kɪgoʊ,kɪgeɪ
kɪf.i,kɪf.u,kɪfi,kɪfu,kɪfi,kɪfu
kɪf.e,kɪf.o,kɪfe,kɪfo,kɪfeɪ,kɪfoʊ
kɪf.u,kɪf.i,kɪfu,kɪfi,kɪfu,kɪfi
kɪf.o,kɪf.e,kɪfo,kɪfe,kɪfoʊ,kɪfeɪ
kɪs.i,kɪs.u,kɪsi,kɪsu,kɪsi,kɪsu
kɪs.e,kɪs.o,kɪse,kɪso,kɪseɪ,kɪsoʊ
kɪs.u,kɪs.i,kɪsu,kɪsi,kɪsu,kɪsi
kɪs.o,kɪs.e,kɪso,kɪse,kɪsoʊ,kɪseɪ
kɪv.i,kɪv.u,kɪvi,kɪvu,kɪvi,kɪvu
kɪv.e,kɪv.o,kɪve,kɪvo,kɪveɪ,kɪvoʊ
kɪv.u,kɪv.i,kɪvu,kɪvi,kɪvu,kɪvi
kɪv.o,kɪv.e,kɪvo,kɪve,kɪvoʊ,kɪveɪ
kɪz.i,kɪz.u,kɪzi,kɪzu,kɪzi,kɪzu
kɪz.e,kɪz.o,kɪze,kɪzo,kɪzeɪ,kɪzoʊ
kɪz.u,kɪz.i,kɪzu,kɪzi,kɪzu,kɪzi
kɪz.o,kɪz.e,kɪzo,kɪze,kɪzoʊ,kɪzeɪ
kɪʃ.i,kɪʃ.u,kɪʃi,kɪʃu,kɪʃi,kɪʃu
kɪʃ.e,kɪʃ.o,kɪʃe,kɪʃo,kɪʃeɪ,kɪʃoʊ
kɪʃ.u,kɪʃ.i,kɪʃu,kɪʃi,kɪʃu,kɪʃi
kɪʃ.o,kɪʃ.e,kɪʃo,kɪʃe,kɪʃoʊ,kɪʃeɪ
kɪʒ.i,kɪʒ.u,kɪʒi,kɪʒu,kɪʒi,kɪʒu
kɪʒ.e,kɪʒ.o,kɪʒe,kɪʒo,kɪʒeɪ,kɪʒoʊ
kɪʒ.u,kɪʒ.i,kɪʒu,kɪʒi,kɪʒu,kɪʒi
kɪʒ.o,kɪʒ.e,kɪʒo,kɪʒe,kɪʒoʊ,kɪʒeɪ
kɪθ.i,kɪθ.u,kɪθi,kɪθu,kɪθi,kɪθu
kɪθ.e,kɪθ.o,kɪθe,kɪθo,kɪθeɪ,kɪθoʊ
kɪθ.u,kɪθ.i,kɪθu,kɪθi,kɪθu,kɪθi
kɪθ.o,kɪθ.e,kɪθo,kɪθe,kɪθoʊ,kɪθeɪ
kɪð.i,kɪð.u,kɪði,kɪðu,kɪði,kɪðu
kɪð.e,kɪð.o,kɪðe,kɪðo,kɪðeɪ,kɪðoʊ
kɪð.u,kɪð.i,kɪðu,kɪði,kɪðu,kɪði
kɪð.o,kɪð.e,kɪðo,kɪðe,kɪðoʊ,kɪðeɪ
bɪm.i,bɪm.u,bɪmi,bɪmu,bɪmi,bɪmu
bɪm.e,bɪm.o,bɪme,bɪmo,bɪmeɪ,bɪmoʊ
bɪm.u,bɪm.i,bɪmu,bɪmi,bɪmu,bɪmi
bɪm.o,bɪm.e,bɪmo,bɪme,bɪmoʊ,bɪmeɪ
bɪn.i,bɪn.u,bɪni,bɪnu,bɪni,bɪnu
bɪn.e,bɪn.o,bɪne,bɪno,bɪneɪ,bɪnoʊ
bɪn.u,bɪn.i,bɪnu,bɪni,bɪnu,bɪni
bɪn.o,bɪn.e,bɪno,bɪne,bɪnoʊ,bɪneɪ
bɪŋ.i,bɪŋ.u,bɪŋi,bɪŋu,bɪŋi,bɪŋu
bɪŋ.e,bɪŋ.o,bɪŋe,bɪŋo,bɪŋeɪ,bɪŋoʊ
bɪŋ.u,bɪŋ.i,bɪŋu,bɪŋi,bɪŋu,bɪŋi
bɪŋ.o,bɪŋ.e,bɪŋo,bɪŋe,bɪŋoʊ,bɪŋeɪ
bɪp.i,bɪp.u,bɪpi,bɪpu,bɪpi,bɪpu
bɪp.e,bɪp.o,bɪpe,bɪpo,bɪpeɪ,bɪpoʊ
bɪp.u,bɪp.i,bɪpu,bɪpi,bɪpu,bɪpi
bɪp.o,bɪp.e,bɪpo,bɪpe,bɪpoʊ,bɪpeɪ
bɪt.i,bɪt.u,bɪti,bɪtu,bɪti,bɪtu
bɪt.e,bɪt.o,bɪte,bɪto,bɪteɪ,bɪtoʊ
bɪt.u,bɪt.i,bɪtu,bɪti,bɪtu,bɪti
bɪt.o,bɪt.e,bɪto,bɪte,bɪtoʊ,bɪteɪ
bɪk.i,bɪk.u,bɪki,bɪku,bɪki,bɪku
bɪk.e,bɪk.o,bɪke,bɪko,bɪkeɪ,bɪkoʊ
bɪk.u,bɪk.i,bɪku,bɪki,bɪku,bɪki
bɪk.o,bɪk.e,bɪko,bɪke,bɪkoʊ,bɪkeɪ
bɪb.i,bɪb.u,bɪbi,bɪbu,bɪbi,bɪbu
bɪb.e,bɪb.o,bɪbe,bɪbo,bɪbeɪ,bɪboʊ
bɪb.u,bɪb.i,bɪbu,bɪbi,bɪbu,bɪbi
bɪb.o,bɪb.e,bɪbo,bɪbe,bɪboʊ,bɪbeɪ
bɪd.i,bɪd.u,bɪdi,bɪdu,bɪdi,bɪdu
bɪd.e,bɪd.o,bɪde,bɪdo,bɪdeɪ,bɪdoʊ
bɪd.u,bɪd.i,bɪdu,bɪdi,bɪdu,bɪdi
bɪd.o,bɪd.e,bɪdo,bɪde,bɪdoʊ,bɪdeɪ
bɪg.i,bɪg.u,bɪgi,bɪgu,bɪgi,bɪgu
bɪg.e,bɪg.o,bɪge,bɪgo,bɪgeɪ,bɪgoʊ
bɪg.u,bɪg.i,bɪgu,bɪgi,bɪgu,bɪgi
bɪg.o,bɪg.e,bɪgo,bɪge,bɪgoʊ,bɪgeɪ
bɪf.i,bɪf.u,bɪfi,bɪfu,bɪfi,bɪfu
bɪf.e,bɪf.o,bɪfe,bɪfo,bɪfeɪ,bɪfoʊ
bɪf.u,bɪf.i,bɪfu,bɪfi,bɪfu,bɪfi
bɪf.o,bɪf.e,bɪfo,bɪfe,bɪfoʊ,bɪfeɪ
bɪs.i,bɪs.u,bɪsi,bɪsu,bɪsi,bɪsu
bɪs.e,bɪs.o,bɪse,bɪso,bɪseɪ,bɪsoʊ
bɪs.u,bɪs.i,bɪsu,bɪsi,bɪsu,bɪsi
bɪs.o,bɪs.e,bɪso,bɪse,bɪsoʊ,bɪseɪ
bɪv.i,bɪv.u,bɪvi,bɪvu,bɪvi,bɪvu
bɪv.e,bɪv.o,bɪve,bɪvo,bɪveɪ,bɪvoʊ
bɪv.u,bɪv.i,bɪvu,bɪvi,bɪvu,bɪvi
bɪv.o,bɪv.e,bɪvo,bɪve,bɪvoʊ,bɪveɪ
bɪz.i,bɪz.u,bɪzi,bɪzu,bɪzi,bɪzu
bɪz.e,bɪz.o,bɪze,bɪzo,bɪzeɪ,bɪzoʊ
bɪz.u,bɪz.i,bɪzu,bɪzi,bɪzu,bɪzi
bɪz.o,bɪz.e,bɪzo,bɪze,bɪzoʊ,bɪzeɪ
bɪʃ.i,bɪʃ.u,bɪʃi,bɪʃu,bɪʃi,bɪʃu
bɪʃ.e,bɪʃ.o,bɪʃe,bɪʃo,bɪʃeɪ,bɪʃoʊ
bɪʃ.u,bɪʃ.i,bɪʃu,bɪʃi,bɪʃu,bɪʃi
bɪʃ.o,bɪʃ.e,bɪʃo,bɪʃe,bɪʃoʊ,bɪʃeɪ
bɪʒ.i,bɪʒ.u,bɪʒi,bɪʒu,bɪʒi,bɪʒu
bɪʒ.e,bɪʒ.o,bɪʒe,bɪʒo,bɪʒeɪ,bɪʒoʊ
bɪʒ.u,bɪʒ.i,bɪʒu,bɪʒi,bɪʒu,bɪʒi
bɪʒ.o,bɪʒ.e,bɪʒo,bɪʒe,bɪʒoʊ,bɪʒeɪ
bɪθ.i,bɪθ.u,bɪθi,bɪθu,bɪθi,bɪθu
bɪθ.e,bɪθ.o,bɪθe,bɪθo,bɪθeɪ,bɪθoʊ
bɪθ.u,bɪθ.i,bɪθu,bɪθi,bɪθu,bɪθi
bɪθ.o,bɪθ.e,bɪθo,bɪθe,bɪθoʊ,bɪθeɪ
bɪð.i,bɪð.u,bɪði,bɪðu,bɪði,bɪðu
bɪð.e,bɪð.o,bɪðe,bɪðo,bɪðeɪ,bɪðoʊ
bɪð.u,bɪð.i,bɪðu,bɪði,bɪðu,bɪði
bɪð.o,bɪð.e,bɪðo,bɪðe,bɪðoʊ,bɪðeɪ
dɪm.i,dɪm.u,dɪmi,dɪmu,dɪmi,dɪmu
dɪm.e,dɪm.o,dɪme,dɪmo,dɪmeɪ,dɪmoʊ
dɪm.u,dɪm.i,dɪmu,dɪmi,dɪmu,dɪmi
dɪm.o,dɪm.e,dɪmo,dɪme,dɪmoʊ,dɪmeɪ
dɪn.i,dɪn.u,dɪni,dɪnu,dɪni,dɪnu
dɪn.e,dɪn.o,dɪne,dɪno,dɪneɪ,dɪnoʊ
dɪn.u,dɪn.i,dɪnu,dɪni,dɪnu,dɪni
dɪn.o,dɪn.e,dɪno,dɪne,dɪnoʊ,dɪneɪ
dɪŋ.i,dɪŋ.u,dɪŋi,dɪŋu,dɪŋi,dɪŋu
dɪŋ.e,dɪŋ.o,dɪŋe,dɪŋo,dɪŋeɪ,dɪŋoʊ
dɪŋ.u,dɪŋ.i,dɪŋu,dɪŋi,dɪŋu,dɪŋi
dɪŋ.o,dɪŋ.e,dɪŋo,dɪŋe,dɪŋoʊ,dɪŋeɪ
dɪp.i,dɪp.u,dɪpi,dɪpu,dɪpi,dɪpu
dɪp.e,dɪp.o,dɪpe,dɪpo,dɪpeɪ,dɪpoʊ
dɪp.u,dɪp.i,dɪpu,dɪpi,dɪpu,dɪpi
dɪp.o,dɪp.e,dɪpo,dɪpe,dɪpoʊ,dɪpeɪ
dɪt.i,dɪt.u,dɪti,dɪtu,dɪti,dɪtu
dɪt.e,dɪt.o,dɪte,dɪto,dɪteɪ,dɪtoʊ
dɪt.u,dɪt.i,dɪtu,dɪti,dɪtu,dɪti
dɪt.o,dɪt.e,dɪto,dɪte,dɪtoʊ,dɪteɪ
dɪk.i,dɪk.u,dɪki,dɪku,dɪki,dɪku
dɪk.e,dɪk.o,dɪke,dɪko,dɪkeɪ,dɪkoʊ
dɪk.u,dɪk.i,dɪku,dɪki,dɪku,dɪki
dɪk.o,dɪk.e,dɪko,dɪke,dɪkoʊ,dɪkeɪ
dɪb.i,dɪb.u,dɪbi,dɪbu,dɪbi,dɪbu
dɪb.e,dɪb.o,dɪbe,dɪbo,dɪbeɪ,dɪboʊ
dɪb.u,dɪb.i,dɪbu,dɪbi,dɪbu,dɪbi
dɪb.o,dɪb.e,dɪbo,dɪbe,dɪboʊ,dɪbeɪ
dɪd.i,dɪd.u,dɪdi,dɪdu,dɪdi,dɪdu
dɪd.e,dɪd.o,dɪde,dɪdo,dɪdeɪ,dɪdoʊ
dɪd.u,dɪd.i,dɪdu,dɪdi,dɪdu,dɪdi
dɪd.o,dɪd.e,dɪdo,dɪde,dɪdoʊ,dɪdeɪ
dɪg.i,dɪg.u,dɪgi,dɪgu,dɪgi,dɪgu
dɪg.e,dɪg.o,dɪge,dɪgo,dɪgeɪ,dɪgoʊ
dɪg.u,dɪg.i,dɪgu,dɪgi,dɪgu,dɪgi
dɪg.o,dɪg.e,dɪgo,dɪge,dɪgoʊ,dɪgeɪ
dɪf.i,dɪf.u,dɪfi,dɪfu,dɪfi,dɪfu
dɪf.e,dɪf.o,dɪfe,dɪfo,dɪfeɪ,dɪfoʊ
dɪf.u,dɪf.i,dɪfu,dɪfi,dɪfu,dɪfi
dɪf.o,dɪf.e,dɪfo,dɪfe,dɪfoʊ,dɪfeɪ
dɪs.i,dɪs.u,dɪsi,dɪsu,dɪsi,dɪsu
dɪs.e,dɪs.o,dɪse,dɪso,dɪseɪ,dɪsoʊ
dɪs.u,dɪs.i,dɪsu,dɪsi,dɪsu,dɪsi
dɪs.o,dɪs.e,dɪso,dɪse,dɪsoʊ,dɪseɪ
dɪv.i,dɪv.u,dɪvi,dɪvu,dɪvi,dɪvu
dɪv.e,dɪv.o,dɪve,dɪvo,dɪveɪ,dɪvoʊ
dɪv.u,dɪv.i,dɪvu,dɪvi,dɪvu,dɪvi
dɪv.o,dɪv.e,dɪvo,dɪve,dɪvoʊ,dɪveɪ
dɪz.i,dɪz.u,dɪzi,dɪzu,dɪzi,dɪzu
dɪz.e,dɪz.o,dɪze,dɪzo,dɪzeɪ,dɪzoʊ
dɪz.u,dɪz.i,dɪzu,dɪzi,dɪzu,dɪzi
dɪz.o,dɪz.e,dɪzo,dɪze,dɪzoʊ,dɪzeɪ
dɪʃ.i,dɪʃ.u,dɪʃi,dɪʃu,dɪʃi,dɪʃu
dɪʃ.e,dɪʃ.o,dɪʃe,dɪʃo,dɪʃeɪ,dɪʃoʊ
dɪʃ.u,dɪʃ.i,dɪʃu,dɪʃi,dɪʃu,dɪʃi
dɪʃ.o,dɪʃ.e,dɪʃo,dɪʃe,dɪʃoʊ,dɪʃeɪ
dɪʒ.i,dɪʒ.u,dɪʒi,dɪʒu,dɪʒi,dɪʒu
dɪʒ.e,dɪʒ.o,dɪʒe,dɪʒo,dɪʒeɪ,dɪʒoʊ
dɪʒ.u,dɪʒ.i,dɪʒu,dɪʒi,dɪʒu,dɪʒi
dɪʒ.o,dɪʒ.e,dɪʒo,dɪʒe,dɪʒoʊ,dɪʒeɪ
dɪθ.i,dɪθ.u,dɪθi,dɪθu,dɪθi,dɪθu
dɪθ.e,dɪθ.o,dɪθe,dɪθo,dɪθeɪ,dɪθoʊ
dɪθ.u,dɪθ.i,dɪθu,dɪθi,dɪθu,dɪθi
dɪθ.o,dɪθ.e,dɪθo,dɪθe,dɪθoʊ,dɪθeɪ
dɪð.i,dɪð.u,dɪði,dɪðu,dɪði,dɪðu
dɪð.e,dɪð.o,dɪðe,dɪðo,dɪðeɪ,dɪðoʊ
dɪð.u,dɪð.i,dɪðu,dɪði,dɪðu,dɪði
dɪð.o,dɪð.e,dɪðo,dɪðe,dɪðoʊ,dɪðeɪ
gɪm.i,gɪm.u,gɪmi,gɪmu,gɪmi,gɪmu
gɪm.e,gɪm.o,gɪme,gɪmo,gɪmeɪ,gɪmoʊ
gɪm.u,gɪm.i,gɪmu,gɪmi,gɪmu,gɪmi
gɪm.o,gɪm.e,gɪmo,gɪme,gɪmoʊ,gɪmeɪ
gɪn.i,gɪn.u,gɪni,gɪnu,gɪni,gɪnu
gɪn.e,gɪn.o,gɪne,gɪno,gɪneɪ,gɪnoʊ
gɪn.u,gɪn.i,gɪnu,gɪni,gɪnu,gɪni
gɪn.o,gɪn.e,gɪno,gɪne,gɪnoʊ,gɪneɪ
gɪŋ.i,gɪŋ.u,gɪŋi,gɪŋu,gɪŋi,gɪŋu
gɪŋ.e,gɪŋ.o,gɪŋe,gɪŋo,gɪŋeɪ,gɪŋoʊ
gɪŋ.u,gɪŋ.i,gɪŋu,gɪŋi,gɪŋu,gɪŋi
gɪŋ.o,gɪŋ.e,gɪŋo,gɪŋe,gɪŋoʊ,gɪŋeɪ
gɪp.i,gɪp.u,gɪpi,gɪpu,gɪpi,gɪpu
gɪp.e,gɪp.o,gɪpe,gɪpo,gɪpeɪ,gɪpoʊ
gɪp.u,gɪp.i,gɪpu,gɪpi,gɪpu,gɪpi
gɪp.o,gɪp.e,gɪpo,gɪpe,gɪpoʊ,gɪpeɪ
gɪt.i,gɪt.u,gɪti,gɪtu,gɪti,gɪtu
gɪt.e,gɪt.o,gɪte,gɪto,gɪteɪ,gɪtoʊ
gɪt.u,gɪt.i,gɪtu,gɪti,gɪtu,gɪti
gɪt.o,gɪt.e,gɪto,gɪte,gɪtoʊ,gɪteɪ
gɪk.i,gɪk.u,gɪki,gɪku,gɪki,gɪku
gɪk.e,gɪk.o,gɪke,gɪko,gɪkeɪ,gɪkoʊ
gɪk.u,gɪk.i,gɪku,gɪki,gɪku,gɪki
gɪk.o,gɪk.e,gɪko,gɪke,gɪkoʊ,gɪkeɪ
gɪb.i,gɪb.u,gɪbi,gɪbu,gɪbi,gɪbu
gɪb.e,gɪb.o,gɪbe,gɪbo,gɪbeɪ,gɪboʊ
gɪb.u,gɪb.i,gɪbu,gɪbi,gɪbu,gɪbi
gɪb.o,gɪb.e,gɪbo,gɪbe,gɪboʊ,gɪbeɪ
gɪd.i,gɪd.u,gɪdi,gɪdu,gɪdi,gɪdu
gɪd.e,gɪd.o,gɪde,gɪdo,gɪdeɪ,gɪdoʊ
gɪd.u,gɪd.i,gɪdu,gɪdi,gɪdu,gɪdi
gɪd.o,gɪd.e,gɪdo,gɪde,gɪdoʊ,gɪdeɪ
gɪg.i,gɪg.u,gɪgi,gɪgu,gɪgi,gɪgu
gɪg.e,gɪg.o,gɪge,gɪgo,gɪgeɪ,gɪgoʊ
gɪg.u,gɪg.i,gɪgu,gɪgi,gɪgu,gɪgi
gɪg.o,gɪg.e,gɪgo,gɪge,gɪgoʊ,gɪgeɪ
gɪf.i,gɪf.u,gɪfi,gɪfu,gɪfi,gɪfu
gɪf.e,gɪf.o,gɪfe,gɪfo,gɪfeɪ,gɪfoʊ
gɪf.u,gɪf.i,gɪfu,gɪfi,gɪfu,gɪfi
gɪf.o,gɪf.e,gɪfo,gɪfe,gɪfoʊ,gɪfeɪ
gɪs.i,gɪs.u,gɪsi,gɪsu,gɪsi,gɪsu
gɪs.e,gɪs.o,gɪse,gɪso,gɪseɪ,gɪsoʊ
gɪs.u,gɪs.i,gɪsu,gɪsi,gɪsu,gɪsi
gɪs.o,gɪs.e,gɪso,gɪse,gɪsoʊ,gɪseɪ
gɪv.i,gɪv.u,gɪvi,gɪvu,gɪvi,gɪvu
gɪv.e,gɪv.o,gɪve,gɪvo,gɪveɪ,gɪvoʊ
gɪv.u,gɪv.i,gɪvu,gɪvi,gɪvu,gɪvi
gɪv.o,gɪv.e,gɪvo,gɪve,gɪvoʊ,gɪveɪ
gɪz.i,gɪz.u,gɪzi,gɪzu,gɪzi,gɪzu
gɪz.e,gɪz.o,gɪze,gɪzo,gɪzeɪ,gɪzoʊ
gɪz.u,gɪz.i,gɪzu,gɪzi,gɪzu,gɪzi
gɪz.o,gɪz.e,gɪzo,gɪze,gɪzoʊ,gɪzeɪ
gɪʃ.i,gɪʃ.u,gɪʃi,gɪʃu,gɪʃi,gɪʃu
gɪʃ.e,gɪʃ.o,gɪʃe,gɪʃo,gɪʃeɪ,gɪʃoʊ
gɪʃ.u,gɪʃ.i,gɪʃu,gɪʃi,gɪʃu,gɪʃi
gɪʃ.o,gɪʃ.e,gɪʃo,gɪʃe,gɪʃoʊ,gɪʃeɪ
gɪʒ.i,gɪʒ.u,gɪʒi,gɪʒu,gɪʒi,gɪʒu
gɪʒ.e,gɪʒ.o,gɪʒe,gɪʒo,gɪʒeɪ,gɪʒoʊ
gɪʒ.u,gɪʒ.i,gɪʒu,gɪʒi,gɪʒu,gɪʒi
gɪʒ.o,gɪʒ.e,gɪʒo,gɪʒe,gɪʒoʊ,gɪʒeɪ
gɪθ.i,gɪθ.u,gɪθi,gɪθu,gɪθi,gɪθu
gɪθ.e,gɪθ.o,gɪθe,gɪθo,gɪθeɪ,gɪθoʊ
gɪθ.u,gɪθ.i,gɪθu,gɪθi,gɪθu,gɪθi
gɪθ.o,gɪθ.e,gɪθo,gɪθe,gɪθoʊ,gɪθeɪ
gɪð.i,gɪð.u,gɪði,gɪðu,gɪði,gɪðu
gɪð.e,gɪð.o,gɪðe,gɪðo,gɪðeɪ,gɪðoʊ
gɪð.u,gɪð.i,gɪðu,gɪði,gɪðu,gɪði
gɪð.o,gɪð.e,gɪðo,gɪðe,gɪðoʊ,gɪðeɪ
fɪm.i,fɪm.u,fɪmi,fɪmu,fɪmi,fɪmu
fɪm.e,fɪm.o,fɪme,fɪmo,fɪmeɪ,fɪmoʊ
fɪm.u,fɪm.i,fɪmu,fɪmi,fɪmu,fɪmi
fɪm.o,fɪm.e,fɪmo,fɪme,fɪmoʊ,fɪmeɪ
fɪn.i,fɪn.u,fɪni,fɪnu,fɪni,fɪnu
fɪn.e,fɪn.o,fɪne,fɪno,fɪneɪ,fɪnoʊ
fɪn.u,fɪn.i,fɪnu,fɪni,fɪnu,fɪni
fɪn.o,fɪn.e,fɪno,fɪne,fɪnoʊ,fɪneɪ
fɪŋ.i,fɪŋ.u,fɪŋi,fɪŋu,fɪŋi,fɪŋu
fɪŋ.e,fɪŋ.o,fɪŋe,fɪŋo,fɪŋeɪ,fɪŋoʊ
fɪŋ.u,fɪŋ.i,fɪŋu,fɪŋi,fɪŋu,fɪŋi
fɪŋ.o,fɪŋ.e,fɪŋo,fɪŋe,fɪŋoʊ,fɪŋeɪ
fɪp.i,fɪp.u,fɪpi,fɪpu,fɪpi,fɪpu
fɪp.e,fɪp.o,fɪpe,fɪpo,fɪpeɪ,fɪpoʊ
fɪp.u,fɪp.i,fɪpu,fɪpi,fɪpu,fɪpi
fɪp.o,fɪp.e,fɪpo,fɪpe,fɪpoʊ,fɪpeɪ
fɪt.i,fɪt.u,fɪti,fɪtu,fɪti,fɪtu
fɪt.e,fɪt.o,fɪte,fɪto,fɪteɪ,fɪtoʊ
fɪt.u,fɪt.i,fɪtu,fɪti,fɪtu,fɪti
fɪt.o,fɪt.e,fɪto,fɪte,fɪtoʊ,fɪteɪ
fɪk.i,fɪk.u,fɪki,fɪku,fɪki,fɪku
fɪk.e,fɪk.o,fɪke,fɪko,fɪkeɪ,fɪkoʊ
fɪk.u,fɪk.i,fɪku,fɪki,fɪku,fɪki
fɪk.o,fɪk.e,fɪko,fɪke,fɪkoʊ,fɪkeɪ
fɪb.i,fɪb.u,fɪbi,fɪbu,fɪbi,fɪbu
fɪb.e,fɪb.o,fɪbe,fɪbo,fɪbeɪ,fɪboʊ
fɪb.u,fɪb.i,fɪbu,fɪbi,fɪbu,fɪbi
fɪb.o,fɪb.e,fɪbo,fɪbe,fɪboʊ,fɪbeɪ
fɪd.i,fɪd.u,fɪdi,fɪdu,fɪdi,fɪdu
fɪd.e,fɪd.o,fɪde,fɪdo,fɪdeɪ,fɪdoʊ
fɪd.u,fɪd.i,fɪdu,fɪdi,fɪdu,fɪdi
fɪd.o,fɪd.e,fɪdo,fɪde,fɪdoʊ,fɪdeɪ
fɪg.i,fɪg.u,fɪgi,fɪgu,fɪgi,fɪgu
fɪg.e,fɪg.o,fɪge,fɪgo,fɪgeɪ,fɪgoʊ
fɪg.u,fɪg.i,fɪgu,fɪgi,fɪgu,fɪgi
fɪg.o,fɪg.e,fɪgo,fɪge,fɪgoʊ,fɪgeɪ
fɪf.i,fɪf.u,fɪfi,fɪfu,fɪfi,fɪfu
fɪf.e,fɪf.o,fɪfe,fɪfo,fɪfeɪ,fɪfoʊ
fɪf.u,fɪf.i,fɪfu,fɪfi,fɪfu,fɪfi
fɪf.o,fɪf.e,fɪfo,fɪfe,fɪfoʊ,fɪfeɪ
fɪs.i,fɪs.u,fɪsi,fɪsu,fɪsi,fɪsu
fɪs.e,fɪs.o,fɪse,fɪso,fɪseɪ,fɪsoʊ
fɪs.u,fɪs.i,fɪsu,fɪsi,fɪsu,fɪsi
fɪs.o,fɪs.e,fɪso,fɪse,fɪsoʊ,fɪseɪ
fɪv.i,fɪv.u,fɪvi,fɪvu,fɪvi,fɪvu
fɪv.e,fɪv.o,fɪve,fɪvo,fɪveɪ,fɪvoʊ
fɪv.u,fɪv.i,fɪvu,fɪvi,fɪvu,fɪvi
fɪv.o,fɪv.e,fɪvo,fɪve,fɪvoʊ,fɪveɪ
fɪz.i,fɪz.u,fɪzi,fɪzu,fɪzi,fɪzu
fɪz.e,fɪz.o,fɪze,fɪzo,fɪzeɪ,fɪzoʊ
fɪz.u,fɪz.i,fɪzu,fɪzi,fɪzu,fɪzi
fɪz.o,fɪz.e,fɪzo,fɪze,fɪzoʊ,fɪzeɪ
fɪʃ.i,fɪʃ.u,fɪʃi,fɪʃu,fɪʃi,fɪʃu
fɪʃ.e,fɪʃ.o,fɪʃe,fɪʃo,fɪʃeɪ,fɪʃoʊ
fɪʃ.u,fɪʃ.i,fɪʃu,fɪʃi,fɪʃu,fɪʃi
fɪʃ.o,fɪʃ.e,fɪʃo,fɪʃe,fɪʃoʊ,fɪʃeɪ
fɪʒ.i,fɪʒ.u,fɪʒi,fɪʒu,fɪʒi,fɪʒu
fɪʒ.e,fɪʒ.o,fɪʒe,fɪʒo,fɪʒeɪ,fɪʒoʊ
fɪʒ.u,fɪʒ.i,fɪʒu,fɪʒi,fɪʒu,fɪʒi
fɪʒ.o,fɪʒ.e,fɪʒo,fɪʒe,fɪʒoʊ,fɪʒeɪ
fɪθ.i,fɪθ.u,fɪθi,fɪθu,fɪθi,fɪθu
fɪθ.e,fɪθ.o,fɪθe,fɪθo,fɪθeɪ,fɪθoʊ
fɪθ.u,fɪθ.i,fɪθu,fɪθi,fɪθu,fɪθi
fɪθ.o,fɪθ.e,fɪθo,fɪθe,fɪθoʊ,fɪθeɪ
fɪð.i,fɪð.u,fɪði,fɪðu,fɪði,fɪðu
fɪð.e,fɪð.o,fɪðe,fɪðo,fɪðeɪ,fɪðoʊ
fɪð.u,fɪð.i,fɪðu,fɪði,fɪðu,fɪði
fɪð.o,fɪð.e,fɪðo,fɪðe,fɪðoʊ,fɪðeɪ
sɪm.i,sɪm.u,sɪmi,sɪmu,sɪmi,sɪmu
sɪm.e,sɪm.o,sɪme,sɪmo,sɪmeɪ,sɪmoʊ
sɪm.u,sɪm.i,sɪmu,sɪmi,sɪmu,sɪmi
sɪm.o,sɪm.e,sɪmo,sɪme,sɪmoʊ,sɪmeɪ
sɪn.i,sɪn.u,sɪni,sɪnu,sɪni,sɪnu
sɪn.e,sɪn.o,sɪne,sɪno,sɪneɪ,sɪnoʊ
sɪn.u,sɪn.i,sɪnu,sɪni,sɪnu,sɪni
sɪn.o,sɪn.e,sɪno,sɪne,sɪnoʊ,sɪneɪ
sɪŋ.i,sɪŋ.u,sɪŋi,sɪŋu,sɪŋi,sɪŋu
sɪŋ.e,sɪŋ.o,sɪŋe,sɪŋo,sɪŋeɪ,sɪŋoʊ
sɪŋ.u,sɪŋ.i,sɪŋu,sɪŋi,sɪŋu,sɪŋi
sɪŋ.o,sɪŋ.e,sɪŋo,sɪŋe,sɪŋoʊ,sɪŋeɪ
sɪp.i,sɪp.u,sɪpi,sɪpu,sɪpi,sɪpu
sɪp.e,sɪp.o,sɪpe,sɪpo,sɪpeɪ,sɪpoʊ
sɪp.u,sɪp.i,sɪpu,sɪpi,sɪpu,sɪpi
sɪp.o,sɪp.e,sɪpo,sɪpe,sɪpoʊ,sɪpeɪ
sɪt.i,sɪt.u,sɪti,sɪtu,sɪti,sɪtu
sɪt.e,sɪt.o,sɪte,sɪto,sɪteɪ,sɪtoʊ
sɪt.u,sɪt.i,sɪtu,sɪti,sɪtu,sɪti
sɪt.o,sɪt.e,sɪto,sɪte,sɪtoʊ,sɪteɪ
sɪk.i,sɪk.u,sɪki,sɪku,sɪki,sɪku
sɪk.e,sɪk.o,sɪke,sɪko,sɪkeɪ,sɪkoʊ
sɪk.u,sɪk.i,sɪku,sɪki,sɪku,sɪki
sɪk.o,sɪk.e,sɪko,sɪke,sɪkoʊ,sɪkeɪ
sɪb.i,sɪb.u,sɪbi,sɪbu,sɪbi,sɪbu
sɪb.e,sɪb.o,sɪbe,sɪbo,sɪbeɪ,sɪboʊ
sɪb.u,sɪb.i,sɪbu,sɪbi,sɪbu,sɪbi
sɪb.o,sɪb.e,sɪbo,sɪbe,sɪboʊ,sɪbeɪ
sɪd.i,sɪd.u,sɪdi,sɪdu,sɪdi,sɪdu
sɪd.e,sɪd.o,sɪde,sɪdo,sɪdeɪ,sɪdoʊ
sɪd.u,sɪd.i,sɪdu,sɪdi,sɪdu,sɪdi
sɪd.o,sɪd.e,sɪdo,sɪde,sɪdoʊ,sɪdeɪ
sɪg.i,sɪg.u,sɪgi,sɪgu,sɪgi,sɪgu
sɪg.e,sɪg.o,sɪge,sɪgo,sɪgeɪ,sɪgoʊ
sɪg.u,sɪg.i,sɪgu,sɪgi,sɪgu,sɪgi
sɪg.o,sɪg.e,sɪgo,sɪge,sɪgoʊ,sɪgeɪ
sɪf.i,sɪf.u,sɪfi,sɪfu,sɪfi,sɪfu
sɪf.e,sɪf.o,sɪfe,sɪfo,sɪfeɪ,sɪfoʊ
sɪf.u,sɪf.i,sɪfu,sɪfi,sɪfu,sɪfi
sɪf.o,sɪf.e,sɪfo,sɪfe,sɪfoʊ,sɪfeɪ
sɪs.i,sɪs.u,sɪsi,sɪsu,sɪsi,sɪsu
sɪs.e,sɪs.o,sɪse,sɪso,sɪseɪ,sɪsoʊ
sɪs.u,sɪs.i,sɪsu,sɪsi,sɪsu,sɪsi
sɪs.o,sɪs.e,sɪso,sɪse,sɪsoʊ,sɪseɪ
sɪv.i,sɪv.u,sɪvi,sɪvu,sɪvi,sɪvu
sɪv.e,sɪv.o,sɪve,sɪvo,sɪveɪ,sɪvoʊ
sɪv.u,sɪv.i,sɪvu,sɪvi,sɪvu,sɪvi
sɪv.o,sɪv.e,sɪvo,sɪve,sɪvoʊ,sɪveɪ
sɪz.i,sɪz.u,sɪzi,sɪzu,sɪzi,sɪzu
sɪz.e,sɪz.o,sɪze,sɪzo,sɪzeɪ,sɪzoʊ
sɪz.u,sɪz.i,sɪzu,sɪzi,sɪzu,sɪzi
sɪz.o,sɪz.e,sɪzo,sɪze,sɪzoʊ,sɪzeɪ
sɪʃ.i,sɪʃ.u,sɪʃi,sɪʃu,sɪʃi,sɪʃu
sɪʃ.e,sɪʃ.o,sɪʃe,sɪʃo,sɪʃeɪ,sɪʃoʊ
sɪʃ.u,sɪʃ.i,sɪʃu,sɪʃi,sɪʃu,sɪʃi
sɪʃ.o,sɪʃ.e,sɪʃo,sɪʃe,sɪʃoʊ,sɪʃeɪ
sɪʒ.i,sɪʒ.u,sɪʒi,sɪʒu,sɪʒi,sɪʒu
sɪʒ.e,sɪʒ.o,sɪʒe,sɪʒo,sɪʒeɪ,sɪʒoʊ
sɪʒ.u,sɪʒ.i,sɪʒu,sɪʒi,sɪʒu,sɪʒi
sɪʒ.o,sɪʒ.e,sɪʒo,sɪʒe,sɪʒoʊ,sɪʒeɪ
sɪθ.i,sɪθ.u,sɪθi,sɪθu,sɪθi,sɪθu
sɪθ.e,sɪθ.o,sɪθe,sɪθo,sɪθeɪ,sɪθoʊ
sɪθ.u,sɪθ.i,sɪθu,sɪθi,sɪθu,sɪθi
sɪθ.o,sɪθ.e,sɪθo,sɪθe,sɪθoʊ,sɪθeɪ
sɪð.i,sɪð.u,sɪði,sɪðu,sɪði,sɪðu
sɪð.e,sɪð.o,sɪðe,sɪðo,sɪðeɪ,sɪðoʊ
sɪð.u,sɪð.i,sɪðu,sɪði,sɪðu,sɪði
sɪð.o,sɪð.e,sɪðo,sɪðe,sɪðoʊ,sɪðeɪ
vɪm.i,vɪm.u,vɪmi,vɪmu,vɪmi,vɪmu
vɪm.e,vɪm.o,vɪme,vɪmo,vɪmeɪ,vɪmoʊ
vɪm.u,vɪm.i,vɪmu,vɪmi,vɪmu,vɪmi
vɪm.o,vɪm.e,vɪmo,vɪme,vɪmoʊ,vɪmeɪ
vɪn.i,vɪn.u,vɪni,vɪnu,vɪni,vɪnu
vɪn.e,vɪn.o,vɪne,vɪno,vɪneɪ,vɪnoʊ
vɪn.u,vɪn.i,vɪnu,vɪni,vɪnu,vɪni
vɪn.o,vɪn.e,vɪno,vɪne,vɪnoʊ,vɪneɪ
vɪŋ.i,vɪŋ.u,vɪŋi,vɪŋu,vɪŋi,vɪŋu
vɪŋ.e,vɪŋ.o,vɪŋe,vɪŋo,vɪŋeɪ,vɪŋoʊ
vɪŋ.u,vɪŋ.i,vɪŋu,vɪŋi,vɪŋu,vɪŋi
vɪŋ.o,vɪŋ.e,vɪŋo,vɪŋe,vɪŋoʊ,vɪŋeɪ
vɪp.i,vɪp.u,vɪpi,vɪpu,vɪpi,vɪpu
vɪp.e,vɪp.o,vɪpe,vɪpo,vɪpeɪ,vɪpoʊ
vɪp.u,vɪp.i,vɪpu,vɪpi,vɪpu,vɪpi
vɪp.o,vɪp.e,vɪpo,vɪpe,vɪpoʊ,vɪpeɪ
vɪt.i,vɪt.u,vɪti,vɪtu,vɪti,vɪtu
vɪt.e,vɪt.o,vɪte,vɪto,vɪteɪ,vɪtoʊ
vɪt.u,vɪt.i,vɪtu,vɪti,vɪtu,vɪti
vɪt.o,vɪt.e,vɪto,vɪte,vɪtoʊ,vɪteɪ
vɪk.i,vɪk.u,vɪki,vɪku,vɪki,vɪku
vɪk.e,vɪk.o,vɪke,vɪko,vɪkeɪ,vɪkoʊ
vɪk.u,vɪk.i,vɪku,vɪki,vɪku,vɪki
vɪk.o,vɪk.e,vɪko,vɪke,vɪkoʊ,vɪkeɪ
vɪb.i,vɪb.u,vɪbi,vɪbu,vɪbi,vɪbu
vɪb.e,vɪb.o,vɪbe,vɪbo,vɪbeɪ,vɪboʊ
vɪb.u,vɪb.i,vɪbu,vɪbi,vɪbu,vɪbi
vɪb.o,vɪb.e,vɪbo,vɪbe,vɪboʊ,vɪbeɪ
vɪd.i,vɪd.u,vɪdi,vɪdu,vɪdi,vɪdu
vɪd.e,vɪd.o,vɪde,vɪdo,vɪdeɪ,vɪdoʊ
vɪd.u,vɪd.i,vɪdu,vɪdi,vɪdu,vɪdi
vɪd.o,vɪd.e,vɪdo,vɪde,vɪdoʊ,vɪdeɪ
vɪg.i,vɪg.u,vɪgi,vɪgu,vɪgi,vɪgu
vɪg.e,vɪg.o,vɪge,vɪgo,vɪgeɪ,vɪgoʊ
vɪg.u,vɪg.i,vɪgu,vɪgi,vɪgu,vɪgi
vɪg.o,vɪg.e,vɪgo,vɪge,vɪgoʊ,vɪgeɪ
vɪf.i,vɪf.u,vɪfi,vɪfu,vɪfi,vɪfu
vɪf.e,vɪf.o,vɪfe,vɪfo,vɪfeɪ,vɪfoʊ
vɪf.u,vɪf.i,vɪfu,vɪfi,vɪfu,vɪfi
vɪf.o,vɪf.e,vɪfo,vɪfe,vɪfoʊ,vɪfeɪ
vɪs.i,vɪs.u,vɪsi,vɪsu,vɪsi,vɪsu
vɪs.e,vɪs.o,vɪse,vɪso,vɪseɪ,vɪsoʊ
vɪs.u,vɪs.i,vɪsu,vɪsi,vɪsu,vɪsi
vɪs.o,vɪs.e,vɪso,vɪse,vɪsoʊ,vɪseɪ
vɪv.i,vɪv.u,vɪvi,vɪvu,vɪvi,vɪvu
vɪv.e,vɪv.o,vɪve,vɪvo,vɪveɪ,vɪvoʊ
vɪv.u,vɪv.i,vɪvu,vɪvi,vɪvu,vɪvi
vɪv.o,vɪv.e,vɪvo,vɪve,vɪvoʊ,vɪveɪ
vɪz.i,vɪz.u,vɪzi,vɪzu,vɪzi,vɪzu
vɪz.e,vɪz.o,vɪze,vɪzo,vɪzeɪ,vɪzoʊ
vɪz.u,vɪz.i,vɪzu,vɪzi,vɪzu,vɪzi
vɪz.o,vɪz.e,vɪzo,vɪze,vɪzoʊ,vɪzeɪ
vɪʃ.i,vɪʃ.u,vɪʃi,vɪʃu,vɪʃi,vɪʃu
vɪʃ.e,vɪʃ.o,vɪʃe,vɪʃo,vɪʃeɪ,vɪʃoʊ
vɪʃ.u,vɪʃ.i,vɪʃu,vɪʃi,vɪʃu,vɪʃi
vɪʃ.o,vɪʃ.e,vɪʃo,vɪʃe,vɪʃoʊ,vɪʃeɪ
vɪʒ.i,vɪʒ.u,vɪʒi,vɪʒu,vɪʒi,vɪʒu
vɪʒ.e,vɪʒ.o,vɪʒe,vɪʒo,vɪʒeɪ,vɪʒoʊ
vɪʒ.u,vɪʒ.i,vɪʒu,vɪʒi,vɪʒu,vɪʒi
vɪʒ.o,vɪʒ.e,vɪʒo,vɪʒe,vɪʒoʊ,vɪʒeɪ
vɪθ.i,vɪθ.u,vɪθi,vɪθu,vɪθi,vɪθu
vɪθ.e,vɪθ.o,vɪθe,vɪθo,vɪθeɪ,vɪθoʊ
vɪθ.u,vɪθ.i,vɪθu,vɪθi,vɪθu,vɪθi
vɪθ.o,vɪθ.e,vɪθo,vɪθe,vɪθoʊ,vɪθeɪ
vɪð.i,vɪð.u,vɪði,vɪðu,vɪði,vɪðu
vɪð.e,vɪð.o,vɪðe,vɪðo,vɪðeɪ,vɪðoʊ
vɪð.u,vɪð.i,vɪðu,vɪði,vɪðu,vɪði
vɪð.o,vɪð.e,vɪðo,vɪðe,vɪðoʊ,vɪðeɪ
zɪm.i,zɪm.u,zɪmi,zɪmu,zɪmi,zɪmu
zɪm.e,zɪm.o,zɪme,zɪmo,zɪmeɪ,zɪmoʊ
zɪm.u,zɪm.i,zɪmu,zɪmi,zɪmu,zɪmi
zɪm.o,zɪm.e,zɪmo,zɪme,zɪmoʊ,zɪmeɪ
zɪn.i,zɪn.u,zɪni,zɪnu,zɪni,zɪnu
zɪn.e,zɪn.o,zɪne,zɪno,zɪneɪ,zɪnoʊ
zɪn.u,zɪn.i,zɪnu,zɪni,zɪnu,zɪni
zɪn.o,zɪn.e,zɪno,zɪne,zɪnoʊ,zɪneɪ
zɪŋ.i,zɪŋ.u,zɪŋi,zɪŋu,zɪŋi,zɪŋu
zɪŋ.e,zɪŋ.o,zɪŋe,zɪŋo,zɪŋeɪ,zɪŋoʊ
zɪŋ.u,zɪŋ.i,zɪŋu,zɪŋi,zɪŋu,zɪŋi
zɪŋ.o,zɪŋ.e,zɪŋo,zɪŋe,zɪŋoʊ,zɪŋeɪ
zɪp.i,zɪp.u,zɪpi,zɪpu,zɪpi,zɪpu
zɪp.e,zɪp.o,zɪpe,zɪpo,zɪpeɪ,zɪpoʊ
zɪp.u,zɪp.i,zɪpu,zɪpi,zɪpu,zɪpi
zɪp.o,zɪp.e,zɪpo,zɪpe,zɪpoʊ,zɪpeɪ
zɪt.i,zɪt.u,zɪti,zɪtu,zɪti,zɪtu
zɪt.e,zɪt.o,zɪte,zɪto,zɪteɪ,zɪtoʊ
zɪt.u,zɪt.i,zɪtu,zɪti,zɪtu,zɪti
zɪt.o,zɪt.e,zɪto,zɪte,zɪtoʊ,zɪteɪ
zɪk.i,zɪk.u,zɪki,zɪku,zɪki,zɪku
zɪk.e,zɪk.o,zɪke,zɪko,zɪkeɪ,zɪkoʊ
zɪk.u,zɪk.i,zɪku,zɪki,zɪku,zɪki
zɪk.o,zɪk.e,zɪko,zɪke,zɪkoʊ,zɪkeɪ
zɪb.i,zɪb.u,zɪbi,zɪbu,zɪbi,zɪbu
zɪb.e,zɪb.o,zɪbe,zɪbo,zɪbeɪ,zɪboʊ
zɪb.u,zɪb.i,zɪbu,zɪbi,zɪbu,zɪbi
zɪb.o,zɪb.e,zɪbo,zɪbe,zɪboʊ,zɪbeɪ
zɪd.i,zɪd.u,zɪdi,zɪdu,zɪdi,zɪdu
zɪd.e,zɪd.o,zɪde,zɪdo,zɪdeɪ,zɪdoʊ
zɪd.u,zɪd.i,zɪdu,zɪdi,zɪdu,zɪdi
zɪd.o,zɪd.e,zɪdo,zɪde,zɪdoʊ,zɪdeɪ
zɪg.i,zɪg.u,zɪgi,zɪgu,zɪgi,zɪgu
zɪg.e,zɪg.o,zɪge,zɪgo,zɪgeɪ,zɪgoʊ
zɪg.u,zɪg.i,zɪgu,zɪgi,zɪgu,zɪgi
zɪg.o,zɪg.e,zɪgo,zɪge,zɪgoʊ,zɪgeɪ
zɪf.i,zɪf.u,zɪfi,zɪfu,zɪfi,zɪfu
zɪf.e,zɪf.o,zɪfe,zɪfo,zɪfeɪ,zɪfoʊ
zɪf.u,zɪf.i,zɪfu,zɪfi,zɪfu,zɪfi
zɪf.o,zɪf.e,zɪfo,zɪfe,zɪfoʊ,zɪfeɪ
zɪs.i,zɪs.u,zɪsi,zɪsu,zɪsi,zɪsu
zɪs.e,zɪs.o,zɪse,zɪso,zɪseɪ,zɪsoʊ
zɪs.u,zɪs.i,zɪsu,zɪsi,zɪsu,zɪsi
zɪs.o,zɪs.e,zɪso,zɪse,zɪsoʊ,zɪseɪ
zɪv.i,zɪv.u,zɪvi,zɪvu,zɪvi,zɪvu
zɪv.e,zɪv.o,zɪve,zɪvo,zɪveɪ,zɪvoʊ
zɪv.u,zɪv.i,zɪvu,zɪvi,zɪvu,zɪvi
zɪv.o,zɪv.e,zɪvo,zɪve,zɪvoʊ,zɪveɪ
zɪz.i,zɪz.u,zɪzi,zɪzu,zɪzi,zɪzu
zɪz.e,zɪz.o,zɪze,zɪzo,zɪzeɪ,zɪzoʊ
zɪz.u,zɪz.i,zɪzu,zɪzi,zɪzu,zɪzi
zɪz.o,zɪz.e,zɪzo,zɪze,zɪzoʊ,zɪzeɪ
zɪʃ.i,zɪʃ.u,zɪʃi,zɪʃu,zɪʃi,zɪʃu
zɪʃ.e,zɪʃ.o,zɪʃe,zɪʃo,zɪʃeɪ,zɪʃoʊ
zɪʃ.u,zɪʃ.i,zɪʃu,zɪʃi,zɪʃu,zɪʃi
zɪʃ.o,zɪʃ.e,zɪʃo,zɪʃe,zɪʃoʊ,zɪʃeɪ
zɪʒ.i,zɪʒ.u,zɪʒi,zɪʒu,zɪʒi,zɪʒu
zɪʒ.e,zɪʒ.o,zɪʒe,zɪʒo,zɪʒeɪ,zɪʒoʊ
zɪʒ.u,zɪʒ.i,zɪʒu,zɪʒi,zɪʒu,zɪʒi
zɪʒ.o,zɪʒ.e,zɪʒo,zɪʒe,zɪʒoʊ,zɪʒeɪ
zɪθ.i,zɪθ.u,zɪθi,zɪθu,zɪθi,zɪθu
zɪθ.e,zɪθ.o,zɪθe,zɪθo,zɪθeɪ,zɪθoʊ
zɪθ.u,zɪθ.i,zɪθu,zɪθi,zɪθu,zɪθi
zɪθ.o,zɪθ.e,zɪθo,zɪθe,zɪθoʊ,zɪθeɪ
zɪð.i,zɪð.u,zɪði,zɪðu,zɪði,zɪðu
zɪð.e,zɪð.o,zɪðe,zɪðo,zɪðeɪ,zɪðoʊ
zɪð.u,zɪð.i,zɪðu,zɪði,zɪðu,zɪði
zɪð.o,zɪð.e,zɪðo,zɪðe,zɪðoʊ,zɪðeɪ
ʃɪm.i,ʃɪm.u,ʃɪmi,ʃɪmu,ʃɪmi,ʃɪmu
ʃɪm.e,ʃɪm.o,ʃɪme,ʃɪmo,ʃɪmeɪ,ʃɪmoʊ
ʃɪm.u,ʃɪm.i,ʃɪmu,ʃɪmi,ʃɪmu,ʃɪmi
ʃɪm.o,ʃɪm.e,ʃɪmo,ʃɪme,ʃɪmoʊ,ʃɪmeɪ
ʃɪn.i,ʃɪn.u,ʃɪni,ʃɪnu,ʃɪni,ʃɪnu
ʃɪn.e,ʃɪn.o,ʃɪne,ʃɪno,ʃɪneɪ,ʃɪnoʊ
ʃɪn.u,ʃɪn.i,ʃɪnu,ʃɪni,ʃɪnu,ʃɪni
ʃɪn.o,ʃɪn.e,ʃɪno,ʃɪne,ʃɪnoʊ,ʃɪneɪ
ʃɪŋ.i,ʃɪŋ.u,ʃɪŋi,ʃɪŋu,ʃɪŋi,ʃɪŋu
ʃɪŋ.e,ʃɪŋ.o,ʃɪŋe,ʃɪŋo,ʃɪŋeɪ,ʃɪŋoʊ
ʃɪŋ.u,ʃɪŋ.i,ʃɪŋu,ʃɪŋi,ʃɪŋu,ʃɪŋi
ʃɪŋ.o,ʃɪŋ.e,ʃɪŋo,ʃɪŋe,ʃɪŋoʊ,ʃɪŋeɪ
ʃɪp.i,ʃɪp.u,ʃɪpi,ʃɪpu,ʃɪpi,ʃɪpu
ʃɪp.e,ʃɪp.o,ʃɪpe,ʃɪpo,ʃɪpeɪ,ʃɪpoʊ
ʃɪp.u,ʃɪp.i,ʃɪpu,ʃɪpi,ʃɪpu,ʃɪpi
ʃɪp.o,ʃɪp.e,ʃɪpo,ʃɪpe,ʃɪpoʊ,ʃɪpeɪ
ʃɪt.i,ʃɪt.u,ʃɪti,ʃɪtu,ʃɪti,ʃɪtu
ʃɪt.e,ʃɪt.o,ʃɪte,ʃɪto,ʃɪteɪ,ʃɪtoʊ
ʃɪt.u,ʃɪt.i,ʃɪtu,ʃɪti,ʃɪtu,ʃɪti
ʃɪt.o,ʃɪt.e,ʃɪto,ʃɪte,ʃɪtoʊ,ʃɪteɪ
ʃɪk.i,ʃɪk.u,ʃɪki,ʃɪku,ʃɪki,ʃɪku
ʃɪk.e,ʃɪk.o,ʃɪke,ʃɪko,ʃɪkeɪ,ʃɪkoʊ
ʃɪk.u,ʃɪk.i,ʃɪku,ʃɪki,ʃɪku,ʃɪki
ʃɪk.o,ʃɪk.e,ʃɪko,ʃɪke,ʃɪkoʊ,ʃɪkeɪ
ʃɪb.i,ʃɪb.u,ʃɪbi,ʃɪbu,ʃɪbi,ʃɪbu
ʃɪb.e,ʃɪb.o,ʃɪbe,ʃɪbo,ʃɪbeɪ,ʃɪboʊ
ʃɪb.u,ʃɪb.i,ʃɪbu,ʃɪbi,ʃɪbu,ʃɪbi
ʃɪb.o,ʃɪb.e,ʃɪbo,ʃɪbe,ʃɪboʊ,ʃɪbeɪ
ʃɪd.i,ʃɪd.u,ʃɪdi,ʃɪdu,ʃɪdi,ʃɪdu
ʃɪd.e,ʃɪd.o,ʃɪde,ʃɪdo,ʃɪdeɪ,ʃɪdoʊ
ʃɪd.u,ʃɪd.i,ʃɪdu,ʃɪdi,ʃɪdu,ʃɪdi
ʃɪd.o,ʃɪd.e,ʃɪdo,ʃɪde,ʃɪdoʊ,ʃɪdeɪ
ʃɪg.i,ʃɪg.u,ʃɪgi,ʃɪgu,ʃɪgi,ʃɪgu
ʃɪg.e,ʃɪg.o,ʃɪge,ʃɪgo,ʃɪgeɪ,ʃɪgoʊ
ʃɪg.u,ʃɪg.i,ʃɪgu,ʃɪgi,ʃɪgu,ʃɪgi
ʃɪg.o,ʃɪg.e,ʃɪgo,ʃɪge,ʃɪgoʊ,ʃɪgeɪ
ʃɪf.i,ʃɪf.u,ʃɪfi,ʃɪfu,ʃɪfi,ʃɪfu
ʃɪf.e,ʃɪf.o,ʃɪfe,ʃɪfo,ʃɪfeɪ,ʃɪfoʊ
ʃɪf.u,ʃɪf.i,ʃɪfu,ʃɪfi,ʃɪfu,ʃɪfi
ʃɪf.o,ʃɪf.e,ʃɪfo,ʃɪfe,ʃɪfoʊ,ʃɪfeɪ
ʃɪs.i,ʃɪs.u,ʃɪsi,ʃɪsu,ʃɪsi,ʃɪsu
ʃɪs.e,ʃɪs.o,ʃɪse,ʃɪso,ʃɪseɪ,ʃɪsoʊ
ʃɪs.u,ʃɪs.i,ʃɪsu,ʃɪsi,ʃɪsu,ʃɪsi
ʃɪs.o,ʃɪs.e,ʃɪso,ʃɪse,ʃɪsoʊ,ʃɪseɪ
ʃɪv.i,ʃɪv.u,ʃɪvi,ʃɪvu,ʃɪvi,ʃɪvu
ʃɪv.e,ʃɪv.o,ʃɪve,ʃɪvo,ʃɪveɪ,ʃɪvoʊ
ʃɪv.u,ʃɪv.i,ʃɪvu,ʃɪvi,ʃɪvu,ʃɪvi
ʃɪv.o,ʃɪv.e,ʃɪvo,ʃɪve,ʃɪvoʊ,ʃɪveɪ
ʃɪz.i,ʃɪz.u,ʃɪzi,ʃɪzu,ʃɪzi,ʃɪzu
ʃɪz.e,ʃɪz.o,ʃɪze,ʃɪzo,ʃɪzeɪ,ʃɪzoʊ
ʃɪz.u,ʃɪz.i,ʃɪzu,ʃɪzi,ʃɪzu,ʃɪzi
ʃɪz.o,ʃɪz.e,ʃɪzo,ʃɪze,ʃɪzoʊ,ʃɪzeɪ
ʃɪʃ.i,ʃɪʃ.u,ʃɪʃi,ʃɪʃu,ʃɪʃi,ʃɪʃu
ʃɪʃ.e,ʃɪʃ.o,ʃɪʃe,ʃɪʃo,ʃɪʃeɪ,ʃɪʃoʊ
ʃɪʃ.u,ʃɪʃ.i,ʃɪʃu,ʃɪʃi,ʃɪʃu,ʃɪʃi
ʃɪʃ.o,ʃɪʃ.e,ʃɪʃo,ʃɪʃe,ʃɪʃoʊ,ʃɪʃeɪ
ʃɪʒ.i,ʃɪʒ.u,ʃɪʒi,ʃɪʒu,ʃɪʒi,ʃɪʒu
ʃɪʒ.e,ʃɪʒ.o,ʃɪʒe,ʃɪʒo,ʃɪʒeɪ,ʃɪʒoʊ
ʃɪʒ.u,ʃɪʒ.i,ʃɪʒu,ʃɪʒi,ʃɪʒu,ʃɪʒi
ʃɪʒ.o,ʃɪʒ.e,ʃɪʒo,ʃɪʒe,ʃɪʒoʊ,ʃɪʒeɪ
ʃɪθ.i,ʃɪθ.u,ʃɪθi,ʃɪθu,ʃɪθi,ʃɪθu
ʃɪθ.e,ʃɪθ.o,ʃɪθe,ʃɪθo,ʃɪθeɪ,ʃɪθoʊ
ʃɪθ.u,ʃɪθ.i,ʃɪθu,ʃɪθi,ʃɪθu,ʃɪθi
ʃɪθ.o,ʃɪθ.e,ʃɪθo,ʃɪθe,ʃɪθoʊ,ʃɪθeɪ
ʃɪð.i,ʃɪð.u,ʃɪði,ʃɪðu,ʃɪði,ʃɪðu
ʃɪð.e,ʃɪð.o,ʃɪðe,ʃɪðo,ʃɪðeɪ,ʃɪðoʊ
ʃɪð.u,ʃɪð.i,ʃɪðu,ʃɪði,ʃɪðu,ʃɪði
ʃɪð.o,ʃɪð.e,ʃɪðo,ʃɪðe,ʃɪðoʊ,ʃɪðeɪ
ʒɪm.i,ʒɪm.u,ʒɪmi,ʒɪmu,ʒɪmi,ʒɪmu
ʒɪm.e,ʒɪm.o,ʒɪme,ʒɪmo,ʒɪmeɪ,ʒɪmoʊ
ʒɪm.u,ʒɪm.i,ʒɪmu,ʒɪmi,ʒɪmu,ʒɪmi
ʒɪm.o,ʒɪm.e,ʒɪmo,ʒɪme,ʒɪmoʊ,ʒɪmeɪ
ʒɪn.i,ʒɪn.u,ʒɪni,ʒɪnu,ʒɪni,ʒɪnu
ʒɪn.e,ʒɪn.o,ʒɪne,ʒɪno,ʒɪneɪ,ʒɪnoʊ
ʒɪn.u,ʒɪn.i,ʒɪnu,ʒɪni,ʒɪnu,ʒɪni
ʒɪn.o,ʒɪn.e,ʒɪno,ʒɪne,ʒɪnoʊ,ʒɪneɪ
ʒɪŋ.i,ʒɪŋ.u,ʒɪŋi,ʒɪŋu,ʒɪŋi,ʒɪŋu
ʒɪŋ.e,ʒɪŋ.o,ʒɪŋe,ʒɪŋo,ʒɪŋeɪ,ʒɪŋoʊ
ʒɪŋ.u,ʒɪŋ.i,ʒɪŋu,ʒɪŋi,ʒɪŋu,ʒɪŋi
ʒɪŋ.o,ʒɪŋ.e,ʒɪŋo,ʒɪŋe,ʒɪŋoʊ,ʒɪŋeɪ
ʒɪp.i,ʒɪp.u,ʒɪpi,ʒɪpu,ʒɪpi,ʒɪpu
ʒɪp.e,ʒɪp.o,ʒɪpe,ʒɪpo,ʒɪpeɪ,ʒɪpoʊ
ʒɪp.u,ʒɪp.i,ʒɪpu,ʒɪpi,ʒɪpu,ʒɪpi
ʒɪp.o,ʒɪp.e,ʒɪpo,ʒɪpe,ʒɪpoʊ,ʒɪpeɪ
ʒɪt.i,ʒɪt.u,ʒɪti,ʒɪtu,ʒɪti,ʒɪtu
ʒɪt.e,ʒɪt.o,ʒɪte,ʒɪto,ʒɪteɪ,ʒɪtoʊ
ʒɪt.u,ʒɪt.i,ʒɪtu,ʒɪti,ʒɪtu,ʒɪti
ʒɪt.o,ʒɪt.e,ʒɪto,ʒɪte,ʒɪtoʊ,ʒɪteɪ
ʒɪk.i,ʒɪk.u,ʒɪki,ʒɪku,ʒɪki,ʒɪku
ʒɪk.e,ʒɪk.o,ʒɪke,ʒɪko,ʒɪkeɪ,ʒɪkoʊ
ʒɪk.u,ʒɪk.i,ʒɪku,ʒɪki,ʒɪku,ʒɪki
ʒɪk.o,ʒɪk.e,ʒɪko,ʒɪke,ʒɪkoʊ,ʒɪkeɪ
ʒɪb.i,ʒɪb.u,ʒɪbi,ʒɪbu,ʒɪbi,ʒɪbu
ʒɪb.e,ʒɪb.o,ʒɪbe,ʒɪbo,ʒɪbeɪ,ʒɪboʊ
ʒɪb.u,ʒɪb.i,ʒɪbu,ʒɪbi,ʒɪbu,ʒɪbi
ʒɪb.o,ʒɪb.e,ʒɪbo,ʒɪbe,ʒɪboʊ,ʒɪbeɪ
ʒɪd.i,ʒɪd.u,ʒɪdi,ʒɪdu,ʒɪdi,ʒɪdu
ʒɪd.e,ʒɪd.o,ʒɪde,ʒɪdo,ʒɪdeɪ,ʒɪdoʊ
ʒɪd.u,ʒɪd.i,ʒɪdu,ʒɪdi,ʒɪdu,ʒɪdi
ʒɪd.o,ʒɪd.e,ʒɪdo,ʒɪde,ʒɪdoʊ,ʒɪdeɪ
ʒɪg.i,ʒɪg.u,ʒɪgi,ʒɪgu,ʒɪgi,ʒɪgu
ʒɪg.e,ʒɪg.o,ʒɪge,ʒɪgo,ʒɪgeɪ,ʒɪgoʊ
ʒɪg.u,ʒɪg.i,ʒɪgu,ʒɪgi,ʒɪgu,ʒɪgi
ʒɪg.o,ʒɪg.e,ʒɪgo,ʒɪge,ʒɪgoʊ,ʒɪgeɪ
ʒɪf.i,ʒɪf.u,ʒɪfi,ʒɪfu,ʒɪfi,ʒɪfu
ʒɪf.e,ʒɪf.o,ʒɪfe,ʒɪfo,ʒɪfeɪ,ʒɪfoʊ
ʒɪf.u,ʒɪf.i,ʒɪfu,ʒɪfi,ʒɪfu,ʒɪfi
ʒɪf.o,ʒɪf.e,ʒɪfo,ʒɪfe,ʒɪfoʊ,ʒɪfeɪ
ʒɪs.i,ʒɪs.u,ʒɪsi,ʒɪsu,ʒɪsi,ʒɪsu
ʒɪs.e,ʒɪs.o,ʒɪse,ʒɪso,ʒɪseɪ,ʒɪsoʊ
ʒɪs.u,ʒɪs.i,ʒɪsu,ʒɪsi,ʒɪsu,ʒɪsi
ʒɪs.o,ʒɪs.e,ʒɪso,ʒɪse,ʒɪsoʊ,ʒɪseɪ
ʒɪv.i,ʒɪv.u,ʒɪvi,ʒɪvu,ʒɪvi,ʒɪvu
ʒɪv.e,ʒɪv.o,ʒɪve,ʒɪvo,ʒɪveɪ,ʒɪvoʊ
ʒɪv.u,ʒɪv.i,ʒɪvu,ʒɪvi,ʒɪvu,ʒɪvi
ʒɪv.o,ʒɪv.e,ʒɪvo,ʒɪve,ʒɪvoʊ,ʒɪveɪ
ʒɪz.i,ʒɪz.u,ʒɪzi,ʒɪzu,ʒɪzi,ʒɪzu
ʒɪz.e,ʒɪz.o,ʒɪze,ʒɪzo,ʒɪzeɪ,ʒɪzoʊ
ʒɪz.u,ʒɪz.i,ʒɪzu,ʒɪzi,ʒɪzu,ʒɪzi
ʒɪz.o,ʒɪz.e,ʒɪzo,ʒɪze,ʒɪzoʊ,ʒɪzeɪ
ʒɪʃ.i,ʒɪʃ.u,ʒɪʃi,ʒɪʃu,ʒɪʃi,ʒɪʃu
ʒɪʃ.e,ʒɪʃ.o,ʒɪʃe,ʒɪʃo,ʒɪʃeɪ,ʒɪʃoʊ
ʒɪʃ.u,ʒɪʃ.i,ʒɪʃu,ʒɪʃi,ʒɪʃu,ʒɪʃi
ʒɪʃ.o,ʒɪʃ.e,ʒɪʃo,ʒɪʃe,ʒɪʃoʊ,ʒɪʃeɪ
ʒɪʒ.i,ʒɪʒ.u,ʒɪʒi,ʒɪʒu,ʒɪʒi,ʒɪʒu
ʒɪʒ.e,ʒɪʒ.o,ʒɪʒe,ʒɪʒo,ʒɪʒeɪ,ʒɪʒoʊ
ʒɪʒ.u,ʒɪʒ.i,ʒɪʒu,ʒɪʒi,ʒɪʒu,ʒɪʒi
ʒɪʒ.o,ʒɪʒ.e,ʒɪʒo,ʒɪʒe,ʒɪʒoʊ,ʒɪʒeɪ
ʒɪθ.i,ʒɪθ.u,ʒɪθi,ʒɪθu,ʒɪθi,ʒɪθu
ʒɪθ.e,ʒɪθ.o,ʒɪθe,ʒɪθo,ʒɪθeɪ,ʒɪθoʊ
ʒɪθ.u,ʒɪθ.i,ʒɪθu,ʒɪθi,ʒɪθu,ʒɪθi
ʒɪθ.o,ʒɪθ.e,ʒɪθo,ʒɪθe,ʒɪθoʊ,ʒɪθeɪ
ʒɪð.i,ʒɪð.u,ʒɪði,ʒɪðu,ʒɪði,ʒɪðu
ʒɪð.e,ʒɪð.o,ʒɪðe,ʒɪðo,ʒɪðeɪ,ʒɪðoʊ
ʒɪð.u,ʒɪð.i,ʒɪðu,ʒɪði,ʒɪðu,ʒɪði
ʒɪð.o,ʒɪð.e,ʒɪðo,ʒɪðe,ʒɪðoʊ,ʒɪðeɪ
θɪm.i,θɪm.u,θɪmi,θɪmu,θɪmi,θɪmu
θɪm.e,θɪm.o,θɪme,θɪmo,θɪmeɪ,θɪmoʊ
θɪm.u,θɪm.i,θɪmu,θɪmi,θɪmu,θɪmi
θɪm.o,θɪm.e,θɪmo,θɪme,θɪmoʊ,θɪmeɪ
θɪn.i,θɪn.u,θɪni,θɪnu,θɪni,θɪnu
θɪn.e,θɪn.o,θɪne,θɪno,θɪneɪ,θɪnoʊ
θɪn.u,θɪn.i,θɪnu,θɪni,θɪnu,θɪni
θɪn.o,θɪn.e,θɪno,θɪne,θɪnoʊ,θɪneɪ
θɪŋ.i,θɪŋ.u,θɪŋi,θɪŋu,θɪŋi,θɪŋu
θɪŋ.e,θɪŋ.o,θɪŋe,θɪŋo,θɪŋeɪ,θɪŋoʊ
θɪŋ.u,θɪŋ.i,θɪŋu,θɪŋi,θɪŋu,θɪŋi
θɪŋ.o,θɪŋ.e,θɪŋo,θɪŋe,θɪŋoʊ,θɪŋeɪ
θɪp.i,θɪp.u,θɪpi,θɪpu,θɪpi,θɪpu
θɪp.e,θɪp.o,θɪpe,θɪpo,θɪpeɪ,θɪpoʊ
θɪp.u,θɪp.i,θɪpu,θɪpi,θɪpu,θɪpi
θɪp.o,θɪp.e,θɪpo,θɪpe,θɪpoʊ,θɪpeɪ
θɪt.i,θɪt.u,θɪti,θɪtu,θɪti,θɪtu
θɪt.e,θɪt.o,θɪte,θɪto,θɪteɪ,θɪtoʊ
θɪt.u,θɪt.i,θɪtu,θɪti,θɪtu,θɪti
θɪt.o,θɪt.e,θɪto,θɪte,θɪtoʊ,θɪteɪ
θɪk.i,θɪk.u,θɪki,θɪku,θɪki,θɪku
θɪk.e,θɪk.o,θɪke,θɪko,θɪkeɪ,θɪkoʊ
θɪk.u,θɪk.i,θɪku,θɪki,θɪku,θɪki
θɪk.o,θɪk.e,θɪko,θɪke,θɪkoʊ,θɪkeɪ
θɪb.i,θɪb.u,θɪbi,θɪbu,θɪbi,θɪbu
θɪb.e,θɪb.o,θɪbe,θɪbo,θɪbeɪ,θɪboʊ
θɪb.u,θɪb.i,θɪbu,θɪbi,θɪbu,θɪbi
θɪb.o,θɪb.e,θɪbo,θɪbe,θɪboʊ,θɪbeɪ
θɪd.i,θɪd.u,θɪdi,θɪdu,θɪdi,θɪdu
θɪd.e,θɪd.o,θɪde,θɪdo,θɪdeɪ,θɪdoʊ
θɪd.u,θɪd.i,θɪdu,θɪdi,θɪdu,θɪdi
θɪd.o,θɪd.e,θɪdo,θɪde,θɪdoʊ,θɪdeɪ
θɪg.i,θɪg.u,θɪgi,θɪgu,θɪgi,θɪgu
θɪg.e,θɪg.o,θɪge,θɪgo,θɪgeɪ,θɪgoʊ
θɪg.u,θɪg.i,θɪgu,θɪgi,θɪgu,θɪgi
θɪg.o,θɪg.e,θɪgo,θɪge,θɪgoʊ,θɪgeɪ
θɪf.i,θɪf.u,θɪfi,θɪfu,θɪfi,θɪfu
θɪf.e,θɪf.o,θɪfe,θɪfo,θɪfeɪ,θɪfoʊ
θɪf.u,θɪf.i,θɪfu,θɪfi,θɪfu,θɪfi
θɪf.o,θɪf.e,θɪfo,θɪfe,θɪfoʊ,θɪfeɪ
θɪs.i,θɪs.u,θɪsi,θɪsu,θɪsi,θɪsu
θɪs.e,θɪs.o,θɪse,θɪso,θɪseɪ,θɪsoʊ
θɪs.u,θɪs.i,θɪsu,θɪsi,θɪsu,θɪsi
θɪs.o,θɪs.e,θɪso,θɪse,θɪsoʊ,θɪseɪ
θɪv.i,θɪv.u,θɪvi,θɪvu,θɪvi,θɪvu
θɪv.e,θɪv.o,θɪve,θɪvo,θɪveɪ,θɪvoʊ
θɪv.u,θɪv.i,θɪvu,θɪvi,θɪvu,θɪvi
θɪv.o,θɪv.e,θɪvo,θɪve,θɪvoʊ,θɪveɪ
θɪz.i,θɪz.u,θɪzi,θɪzu,θɪzi,θɪzu
θɪz.e,θɪz.o,θɪze,θɪzo,θɪzeɪ,θɪzoʊ
θɪz.u,θɪz.i,θɪzu,θɪzi,θɪzu,θɪzi
θɪz.o,θɪz.e,θɪzo,θɪze,θɪzoʊ,θɪzeɪ
θɪʃ.i,θɪʃ.u,θɪʃi,θɪʃu,θɪʃi,θɪʃu
θɪʃ.e,θɪʃ.o,θɪʃe,θɪʃo,θɪʃeɪ,θɪʃoʊ
θɪʃ.u,θɪʃ.i,θɪʃu,θɪʃi,θɪʃu,θɪʃi
θɪʃ.o,θɪʃ.e,θɪʃo,θɪʃe,θɪʃoʊ,θɪʃeɪ
θɪʒ.i,θɪʒ.u,θɪʒi,θɪʒu,θɪʒi,θɪʒu
θɪʒ.e,θɪʒ.o,θɪʒe,θɪʒo,θɪʒeɪ,θɪʒoʊ
θɪʒ.u,θɪʒ.i,θɪʒu,θɪʒi,θɪʒu,θɪʒi
θɪʒ.o,θɪʒ.e,θɪʒo,θɪʒe,θɪʒoʊ,θɪʒeɪ
θɪθ.i,θɪθ.u,θɪθi,θɪθu,θɪθi,θɪθu
θɪθ.e,θɪθ.o,θɪθe,θɪθo,θɪθeɪ,θɪθoʊ
θɪθ.u,θɪθ.i,θɪθu,θɪθi,θɪθu,θɪθi
θɪθ.o,θɪθ.e,θɪθo,θɪθe,θɪθoʊ,θɪθeɪ
θɪð.i,θɪð.u,θɪði,θɪðu,θɪði,θɪðu
θɪð.e,θɪð.o,θɪðe,θɪðo,θɪðeɪ,θɪðoʊ
θɪð.u,θɪð.i,θɪðu,θɪði,θɪðu,θɪði
θɪð.o,θɪð.e,θɪðo,θɪðe,θɪðoʊ,θɪðeɪ
ðɪm.i,ðɪm.u,ðɪmi,ðɪmu,ðɪmi,ðɪmu
ðɪm.e,ðɪm.o,ðɪme,ðɪmo,ðɪmeɪ,ðɪmoʊ
ðɪm.u,ðɪm.i,ðɪmu,ðɪmi,ðɪmu,ðɪmi
ðɪm.o,ðɪm.e,ðɪmo,ðɪme,ðɪmoʊ,ðɪmeɪ
ðɪn.i,ðɪn.u,ðɪni,ðɪnu,ðɪni,ðɪnu
ðɪn.e,ðɪn.o,ðɪne,ðɪno,ðɪneɪ,ðɪnoʊ
ðɪn.u,ðɪn.i,ðɪnu,ðɪni,ðɪnu,ðɪni
ðɪn.o,ðɪn.e,ðɪno,ðɪne,ðɪnoʊ,ðɪneɪ
ðɪŋ.i,ðɪŋ.u,ðɪŋi,ðɪŋu,ðɪŋi,ðɪŋu
ðɪŋ.e,ðɪŋ.o,ðɪŋe,ðɪŋo,ðɪŋeɪ,ðɪŋoʊ
ðɪŋ.u,ðɪŋ.i,ðɪŋu,ðɪŋi,ðɪŋu,ðɪŋi
ðɪŋ.o,ðɪŋ.e,ðɪŋo,ðɪŋe,ðɪŋoʊ,ðɪŋeɪ
ðɪp.i,ðɪp.u,ðɪpi,ðɪpu,ðɪpi,ðɪpu
ðɪp.e,ðɪp.o,ðɪpe,ðɪpo,ðɪpeɪ,ðɪpoʊ
ðɪp.u,ðɪp.i,ðɪpu,ðɪpi,ðɪpu,ðɪpi
ðɪp.o,ðɪp.e,ðɪpo,ðɪpe,ðɪpoʊ,ðɪpeɪ
ðɪt.i,ðɪt.u,ðɪti,ðɪtu,ðɪti,ðɪtu
ðɪt.e,ðɪt.o,ðɪte,ðɪto,ðɪteɪ,ðɪtoʊ
ðɪt.u,ðɪt.i,ðɪtu,ðɪti,ðɪtu,ðɪti
ðɪt.o,ðɪt.e,ðɪto,ðɪte,ðɪtoʊ,ðɪteɪ
ðɪk.i,ðɪk.u,ðɪki,ðɪku,ðɪki,ðɪku
ðɪk.e,ðɪk.o,ðɪke,ðɪko,ðɪkeɪ,ðɪkoʊ
ðɪk.u,ðɪk.i,ðɪku,ðɪki,ðɪku,ðɪki
ðɪk.o,ðɪk.e,ðɪko,ðɪke,ðɪkoʊ,ðɪkeɪ
ðɪb.i,ðɪb.u,ðɪbi,ðɪbu,ðɪbi,ðɪbu
ðɪb.e,ðɪb.o,ðɪbe,ðɪbo,ðɪbeɪ,ðɪboʊ
ðɪb.u,ðɪb.i,ðɪbu,ðɪbi,ðɪbu,ðɪbi
ðɪb.o,ðɪb.e,ðɪbo,ðɪbe,ðɪboʊ,ðɪbeɪ
ðɪd.i,ðɪd.u,ðɪdi,ðɪdu,ðɪdi,ðɪdu
ðɪd.e,ðɪd.o,ðɪde,ðɪdo,ðɪdeɪ,ðɪdoʊ
ðɪd.u,ðɪd.i,ðɪdu,ðɪdi,ðɪdu,ðɪdi
ðɪd.o,ðɪd.e,ðɪdo,ðɪde,ðɪdoʊ,ðɪdeɪ
ðɪg.i,ðɪg.u,ðɪgi,ðɪgu,ðɪgi,ðɪgu
ðɪg.e,ðɪg.o,ðɪge,ðɪgo,ðɪgeɪ,ðɪgoʊ
ðɪg.u,ðɪg.i,ðɪgu,ðɪgi,ðɪgu,ðɪgi
ðɪg.o,ðɪg.e,ðɪgo,ðɪge,ðɪgoʊ,ðɪgeɪ
ðɪf.i,ðɪf.u,ðɪfi,ðɪfu,ðɪfi,ðɪfu
ðɪf.e,ðɪf.o,ðɪfe,ðɪfo,ðɪfeɪ,ðɪfoʊ
ðɪf.u,ðɪf.i,ðɪfu,ðɪfi,ðɪfu,ðɪfi
ðɪf.o,ðɪf.e,ðɪfo,ðɪfe,ðɪfoʊ,ðɪfeɪ
ðɪs.i,ðɪs.u,ðɪsi,ðɪsu,ðɪsi,ðɪsu
ðɪs.e,ðɪs.o,ðɪse,ðɪso,ðɪseɪ,ðɪsoʊ
ðɪs.u,ðɪs.i,ðɪsu,ðɪsi,ðɪsu,ðɪsi
ðɪs.o,ðɪs.e,ðɪso,ðɪse,ðɪsoʊ,ðɪseɪ
ðɪv.i,ðɪv.u,ðɪvi,ðɪvu,ðɪvi,ðɪvu
ðɪv.e,ðɪv.o,ðɪve,ðɪvo,ðɪveɪ,ðɪvoʊ
ðɪv.u,ðɪv.i,ðɪvu,ðɪvi,ðɪvu,ðɪvi
ðɪv.o,ðɪv.e,ðɪvo,ðɪve,ðɪvoʊ,ðɪveɪ
ðɪz.i,ðɪz.u,ðɪzi,ðɪzu,ðɪzi,ðɪzu
ðɪz.e,ðɪz.o,ðɪze,ðɪzo,ðɪzeɪ,ðɪzoʊ
ðɪz.u,ðɪz.i,ðɪzu,ðɪzi,ðɪzu,ðɪzi
ðɪz.o,ðɪz.e,ðɪzo,ðɪze,ðɪzoʊ,ðɪzeɪ
ðɪʃ.i,ðɪʃ.u,ðɪʃi,ðɪʃu,ðɪʃi,ðɪʃu
ðɪʃ.e,ðɪʃ.o,ðɪʃe,ðɪʃo,ðɪʃeɪ,ðɪʃoʊ
ðɪʃ.u,ðɪʃ.i,ðɪʃu,ðɪʃi,ðɪʃu,ðɪʃi
ðɪʃ.o,ðɪʃ.e,ðɪʃo,ðɪʃe,ðɪʃoʊ,ðɪʃeɪ
ðɪʒ.i,ðɪʒ.u,ðɪʒi,ðɪʒu,ðɪʒi,ðɪʒu
ðɪʒ.e,ðɪʒ.o,ðɪʒe,ðɪʒo,ðɪʒeɪ,ðɪʒoʊ
ðɪʒ.u,ðɪʒ.i,ðɪʒu,ðɪʒi,ðɪʒu,ðɪʒi
ðɪʒ.o,ðɪʒ.e,ðɪʒo,ðɪʒe,ðɪʒoʊ,ðɪʒeɪ
ðɪθ.i,ðɪθ.u,ðɪθi,ðɪθu,ðɪθi,ðɪθu
ðɪθ.e,ðɪθ.o,ðɪθe,ðɪθo,ðɪθeɪ,ðɪθoʊ
ðɪθ.u,ðɪθ.i,ðɪθu,ðɪθi,ðɪθu,ðɪθi
ðɪθ.o,ðɪθ.e,ðɪθo,ðɪθe,ðɪθoʊ,ðɪθeɪ
ðɪð.i,ðɪð.u,ðɪði,ðɪðu,ðɪði,ðɪðu
ðɪð.e,ðɪð.o,ðɪðe,ðɪðo,ðɪðeɪ,ðɪðoʊ
ðɪð.u,ðɪð.i,ðɪðu,ðɪði,ðɪðu,ðɪði
ðɪð.o,ðɪð.e,ðɪðo,ðɪðe,ðɪðoʊ,ðɪðeɪ
hɪm.i,hɪm.u,hɪmi,hɪmu,hɪmi,hɪmu
hɪm.e,hɪm.o,hɪme,hɪmo,hɪmeɪ,hɪmoʊ
hɪm.u,hɪm.i,hɪmu,hɪmi,hɪmu,hɪmi
hɪm.o,hɪm.e,hɪmo,hɪme,hɪmoʊ,hɪmeɪ
hɪn.i,hɪn.u,hɪni,hɪnu,hɪni,hɪnu
hɪn.e,hɪn.o,hɪne,hɪno,hɪneɪ,hɪnoʊ
hɪn.u,hɪn.i,hɪnu,hɪni,hɪnu,hɪni
hɪn.o,hɪn.e,hɪno,hɪne,hɪnoʊ,hɪneɪ
hɪŋ.i,hɪŋ.u,hɪŋi,hɪŋu,hɪŋi,hɪŋu
hɪŋ.e,hɪŋ.o,hɪŋe,hɪŋo,hɪŋeɪ,hɪŋoʊ
hɪŋ.u,hɪŋ.i,hɪŋu,hɪŋi,hɪŋu,hɪŋi
hɪŋ.o,hɪŋ.e,hɪŋo,hɪŋe,hɪŋoʊ,hɪŋeɪ
hɪp.i,hɪp.u,hɪpi,hɪpu,hɪpi,hɪpu
hɪp.e,hɪp.o,hɪpe,hɪpo,hɪpeɪ,hɪpoʊ
hɪp.u,hɪp.i,hɪpu,hɪpi,hɪpu,hɪpi
hɪp.o,hɪp.e,hɪpo,hɪpe,hɪpoʊ,hɪpeɪ
hɪt.i,hɪt.u,hɪti,hɪtu,hɪti,hɪtu
hɪt.e,hɪt.o,hɪte,hɪto,hɪteɪ,hɪtoʊ
hɪt.u,hɪt.i,hɪtu,hɪti,hɪtu,hɪti
hɪt.o,hɪt.e,hɪto,hɪte,hɪtoʊ,hɪteɪ
hɪk.i,hɪk.u,hɪki,hɪku,hɪki,hɪku
hɪk.e,hɪk.o,hɪke,hɪko,hɪkeɪ,hɪkoʊ
hɪk.u,hɪk.i,hɪku,hɪki,hɪku,hɪki
hɪk.o,hɪk.e,hɪko,hɪke,hɪkoʊ,hɪkeɪ
hɪb.i,hɪb.u,hɪbi,hɪbu,hɪbi,hɪbu
hɪb.e,hɪb.o,hɪbe,hɪbo,hɪbeɪ,hɪboʊ
hɪb.u,hɪb.i,hɪbu,hɪbi,hɪbu,hɪbi
hɪb.o,hɪb.e,hɪbo,hɪbe,hɪboʊ,hɪbeɪ
hɪd.i,hɪd.u,hɪdi,hɪdu,hɪdi,hɪdu
hɪd.e,hɪd.o,hɪde,hɪdo,hɪdeɪ,hɪdoʊ
hɪd.u,hɪd.i,hɪdu,hɪdi,hɪdu,hɪdi
hɪd.o,hɪd.e,hɪdo,hɪde,hɪdoʊ,hɪdeɪ
hɪg.i,hɪg.u,hɪgi,hɪgu,hɪgi,hɪgu
hɪg.e,hɪg.o,hɪge,hɪgo,hɪgeɪ,hɪgoʊ
hɪg.u,hɪg.i,hɪgu,hɪgi,hɪgu,hɪgi
hɪg.o,hɪg.e,hɪgo,hɪge,hɪgoʊ,hɪgeɪ
hɪf.i,hɪf.u,hɪfi,hɪfu,hɪfi,hɪfu
hɪf.e,hɪf.o,hɪfe,hɪfo,hɪfeɪ,hɪfoʊ
hɪf.u,hɪf.i,hɪfu,hɪfi,hɪfu,hɪfi
hɪf.o,hɪf.e,hɪfo,hɪfe,hɪfoʊ,hɪfeɪ
hɪs.i,hɪs.u,hɪsi,hɪsu,hɪsi,hɪsu
hɪs.e,hɪs.o,hɪse,hɪso,hɪseɪ,hɪsoʊ
hɪs.u,hɪs.i,hɪsu,hɪsi,hɪsu,hɪsi
hɪs.o,hɪs.e,hɪso,hɪse,hɪsoʊ,hɪseɪ
hɪv.i,hɪv.u,hɪvi,hɪvu,hɪvi,hɪvu
hɪv.e,hɪv.o,hɪve,hɪvo,hɪveɪ,hɪvoʊ
hɪv.u,hɪv.i,hɪvu,hɪvi,hɪvu,hɪvi
hɪv.o,hɪv.e,hɪvo,hɪve,hɪvoʊ,hɪveɪ
hɪz.i,hɪz.u,hɪzi,hɪzu,hɪzi,hɪzu
hɪz.e,hɪz.o,hɪze,hɪzo,hɪzeɪ,hɪzoʊ
hɪz.u,hɪz.i,hɪzu,hɪzi,hɪzu,hɪzi
hɪz.o,hɪz.e,hɪzo,hɪze,hɪzoʊ,hɪzeɪ
hɪʃ.i,hɪʃ.u,hɪʃi,hɪʃu,hɪʃi,hɪʃu
hɪʃ.e,hɪʃ.o,hɪʃe,hɪʃo,hɪʃeɪ,hɪʃoʊ
hɪʃ.u,hɪʃ.i,hɪʃu,hɪʃi,hɪʃu,hɪʃi
hɪʃ.o,hɪʃ.e,hɪʃo,hɪʃe,hɪʃoʊ,hɪʃeɪ
hɪʒ.i,hɪʒ.u,hɪʒi,hɪʒu,hɪʒi,hɪʒu
hɪʒ.e,hɪʒ.o,hɪʒe,hɪʒo,hɪʒeɪ,hɪʒoʊ
hɪʒ.u,hɪʒ.i,hɪʒu,hɪʒi,hɪʒu,hɪʒi
hɪʒ.o,hɪʒ.e,hɪʒo,hɪʒe,hɪʒoʊ,hɪʒeɪ
hɪθ.i,hɪθ.u,hɪθi,hɪθu,hɪθi,hɪθu
hɪθ.e,hɪθ.o,hɪθe,hɪθo,hɪθeɪ,hɪθoʊ
hɪθ.u,hɪθ.i,hɪθu,hɪθi,hɪθu,hɪθi
hɪθ.o,hɪθ.e,hɪθo,hɪθe,hɪθoʊ,hɪθeɪ
hɪð.i,hɪð.u,hɪði,hɪðu,hɪði,hɪðu
hɪð.e,hɪð.o,hɪðe,hɪðo,hɪðeɪ,hɪðoʊ
hɪð.u,hɪð.i,hɪðu,hɪði,hɪðu,hɪði
hɪð.o,hɪð.e,hɪðo,hɪðe,hɪðoʊ,hɪðeɪ
mɛm.i,mɛm.u,mɛmi,mɛmu,mɛmi,mɛmu
mɛm.e,mɛm.o,mɛme,mɛmo,mɛmeɪ,mɛmoʊ
mɛm.u,mɛm.i,mɛmu,mɛmi,mɛmu,mɛmi
mɛm.o,mɛm.e,mɛmo,mɛme,mɛmoʊ,mɛmeɪ
mɛn.i,mɛn.u,mɛni,mɛnu,mɛni,mɛnu
mɛn.e,mɛn.o,mɛne,mɛno,mɛneɪ,mɛnoʊ
mɛn.u,mɛn.i,mɛnu,mɛni,mɛnu,mɛni
mɛn.o,mɛn.e,mɛno,mɛne,mɛnoʊ,mɛneɪ
mɛŋ.i,mɛŋ.u,mɛŋi,mɛŋu,mɛŋi,mɛŋu
mɛŋ.e,mɛŋ.o,mɛŋe,mɛŋo,mɛŋeɪ,mɛŋoʊ
mɛŋ.u,mɛŋ.i,mɛŋu,mɛŋi,mɛŋu,mɛŋi
mɛŋ.o,mɛŋ.e,mɛŋo,mɛŋe,mɛŋoʊ,mɛŋeɪ
mɛp.i,mɛp.u,mɛpi,mɛpu,mɛpi,mɛpu
mɛp.e,mɛp.o,mɛpe,mɛpo,mɛpeɪ,mɛpoʊ
mɛp.u,mɛp.i,mɛpu,mɛpi,mɛpu,mɛpi
mɛp.o,mɛp.e,mɛpo,mɛpe,mɛpoʊ,mɛpeɪ
mɛt.i,mɛt.u,mɛti,mɛtu,mɛti,mɛtu
mɛt.e,mɛt.o,mɛte,mɛto,mɛteɪ,mɛtoʊ
mɛt.u,mɛt.i,mɛtu,mɛti,mɛtu,mɛti
mɛt.o,mɛt.e,mɛto,mɛte,mɛtoʊ,mɛteɪ
mɛk.i,mɛk.u,mɛki,mɛku,mɛki,mɛku
mɛk.e,mɛk.o,mɛke,mɛko,mɛkeɪ,mɛkoʊ
mɛk.u,mɛk.i,mɛku,mɛki,mɛku,mɛki
mɛk.o,mɛk.e,mɛko,mɛke,mɛkoʊ,mɛkeɪ
mɛb.i,mɛb.u,mɛbi,mɛbu,mɛbi,mɛbu
mɛb.e,mɛb.o,mɛbe,mɛbo,mɛbeɪ,mɛboʊ
mɛb.u,mɛb.i,mɛbu,mɛbi,mɛbu,mɛbi
mɛb.o,mɛb.e,mɛbo,mɛbe,mɛboʊ,mɛbeɪ
mɛd.i,mɛd.u,mɛdi,mɛdu,mɛdi,mɛdu
mɛd.e,mɛd.o,mɛde,mɛdo,mɛdeɪ,mɛdoʊ
mɛd.u,mɛd.i,mɛdu,mɛdi,mɛdu,mɛdi
mɛd.o,mɛd.e,mɛdo,mɛde,mɛdoʊ,mɛdeɪ
mɛg.i,mɛg.u,mɛgi,mɛgu,mɛgi,mɛgu
mɛg.e,mɛg.o,mɛge,mɛgo,mɛgeɪ,mɛgoʊ
mɛg.u,mɛg.i,mɛgu,mɛgi,mɛgu,mɛgi
mɛg.o,mɛg.e,mɛgo,mɛge,mɛgoʊ,mɛgeɪ
mɛf.i,mɛf.u,mɛfi,mɛfu,mɛfi,mɛfu
mɛf.e,mɛf.o,mɛfe,mɛfo,mɛfeɪ,mɛfoʊ
mɛf.u,mɛf.i,mɛfu,mɛfi,mɛfu,mɛfi
mɛf.o,mɛf.e,mɛfo,mɛfe,mɛfoʊ,mɛfeɪ
mɛs.i,mɛs.u,mɛsi,mɛsu,mɛsi,mɛsu
mɛs.e,mɛs.o,mɛse,mɛso,mɛseɪ,mɛsoʊ
mɛs.u,mɛs.i,mɛsu,mɛsi,mɛsu,mɛsi
mɛs.o,mɛs.e,mɛso,mɛse,mɛsoʊ,mɛseɪ
mɛv.i,mɛv.u,mɛvi,mɛvu,mɛvi,mɛvu
mɛv.e,mɛv.o,mɛve,mɛvo,mɛveɪ,mɛvoʊ
mɛv.u,mɛv.i,mɛvu,mɛvi,mɛvu,mɛvi
mɛv.o,mɛv.e,mɛvo,mɛve,mɛvoʊ,mɛveɪ
mɛz.i,mɛz.u,mɛzi,mɛzu,mɛzi,mɛzu
mɛz.e,mɛz.o,mɛze,mɛzo,mɛzeɪ,mɛzoʊ
mɛz.u,mɛz.i,mɛzu,mɛzi,mɛzu,mɛzi
mɛz.o,mɛz.e,mɛzo,mɛze,mɛzoʊ,mɛzeɪ
mɛʃ.i,mɛʃ.u,mɛʃi,mɛʃu,mɛʃi,mɛʃu
mɛʃ.e,mɛʃ.o,mɛʃe,mɛʃo,mɛʃeɪ,mɛʃoʊ
mɛʃ.u,mɛʃ.i,mɛʃu,mɛʃi,mɛʃu,mɛʃi
mɛʃ.o,mɛʃ.e,mɛʃo,mɛʃe,mɛʃoʊ,mɛʃeɪ
mɛʒ.i,mɛʒ.u,mɛʒi,mɛʒu,mɛʒi,mɛʒu
mɛʒ.e,mɛʒ.o,mɛʒe,mɛʒo,mɛʒeɪ,mɛʒoʊ
mɛʒ.u,mɛʒ.i,mɛʒu,mɛʒi,mɛʒu,mɛʒi
mɛʒ.o,mɛʒ.e,mɛʒo,mɛʒe,mɛʒoʊ,mɛʒeɪ
mɛθ.i,mɛθ.u,mɛθi,mɛθu,mɛθi,mɛθu
mɛθ.e,mɛθ.o,mɛθe,mɛθo,mɛθeɪ,mɛθoʊ
mɛθ.u,mɛθ.i,mɛθu,mɛθi,mɛθu,mɛθi
mɛθ.o,mɛθ.e,mɛθo,mɛθe,mɛθoʊ,mɛθeɪ
mɛð.i,mɛð.u,mɛði,mɛðu,mɛði,mɛðu
mɛð.e,mɛð.o,mɛðe,mɛðo,mɛðeɪ,mɛðoʊ
mɛð.u,mɛð.i,mɛðu,mɛði,mɛðu,mɛði
mɛð.o,mɛð.e,mɛðo,mɛðe,mɛðoʊ,mɛðeɪ
nɛm.i,nɛm.u,nɛmi,nɛmu,nɛmi,nɛmu
nɛm.e,nɛm.o,nɛme,nɛmo,nɛmeɪ,nɛmoʊ
nɛm.u,nɛm.i,nɛmu,nɛmi,nɛmu,nɛmi
nɛm.o,nɛm.e,nɛmo,nɛme,nɛmoʊ,nɛmeɪ
nɛn.i,nɛn.u,nɛni,nɛnu,nɛni,nɛnu
nɛn.e,nɛn.o,nɛne,nɛno,nɛneɪ,nɛnoʊ
nɛn.u,nɛn.i,nɛnu,nɛni,nɛnu,nɛni
nɛn.o,nɛn.e,nɛno,nɛne,nɛnoʊ,nɛneɪ
nɛŋ.i,nɛŋ.u,nɛŋi,nɛŋu,nɛŋi,nɛŋu
nɛŋ.e,nɛŋ.o,nɛŋe,nɛŋo,nɛŋeɪ,nɛŋoʊ
nɛŋ.u,nɛŋ.i,nɛŋu,nɛŋi,nɛŋu,nɛŋi
nɛŋ.o,nɛŋ.e,nɛŋo,nɛŋe,nɛŋoʊ,nɛŋeɪ
nɛp.i,nɛp.u,nɛpi,nɛpu,nɛpi,nɛpu
nɛp.e,nɛp.o,nɛpe,nɛpo,nɛpeɪ,nɛpoʊ
nɛp.u,nɛp.i,nɛpu,nɛpi,nɛpu,nɛpi
nɛp.o,nɛp.e,nɛpo,nɛpe,nɛpoʊ,nɛpeɪ
nɛt.i,nɛt.u,nɛti,nɛtu,nɛti,nɛtu
nɛt.e,nɛt.o,nɛte,nɛto,nɛteɪ,nɛtoʊ
nɛt.u,nɛt.i,nɛtu,nɛti,nɛtu,nɛti
nɛt.o,nɛt.e,nɛto,nɛte,nɛtoʊ,nɛteɪ
nɛk.i,nɛk.u,nɛki,nɛku,nɛki,nɛku
nɛk.e,nɛk.o,nɛke,nɛko,nɛkeɪ,nɛkoʊ
nɛk.u,nɛk.i,nɛku,nɛki,nɛku,nɛki
nɛk.o,nɛk.e,nɛko,nɛke,nɛkoʊ,nɛkeɪ
nɛb.i,nɛb.u,nɛbi,nɛbu,nɛbi,nɛbu
nɛb.e,nɛb.o,nɛbe,nɛbo,nɛbeɪ,nɛboʊ
nɛb.u,nɛb.i,nɛbu,nɛbi,nɛbu,nɛbi
nɛb.o,nɛb.e,nɛbo,nɛbe,nɛboʊ,nɛbeɪ
nɛd.i,nɛd.u,nɛdi,nɛdu,nɛdi,nɛdu
nɛd.e,nɛd.o,nɛde,nɛdo,nɛdeɪ,nɛdoʊ
nɛd.u,nɛd.i,nɛdu,nɛdi,nɛdu,nɛdi
nɛd.o,nɛd.e,nɛdo,nɛde,nɛdoʊ,nɛdeɪ
nɛg.i,nɛg.u,nɛgi,nɛgu,nɛgi,nɛgu
nɛg.e,nɛg.o,nɛge,nɛgo,nɛgeɪ,nɛgoʊ
nɛg.u,nɛg.i,nɛgu,nɛgi,nɛgu,nɛgi
nɛg.o,nɛg.e,nɛgo,nɛge,nɛgoʊ,nɛgeɪ
nɛf.i,nɛf.u,nɛfi,nɛfu,nɛfi,nɛfu
nɛf.e,nɛf.o,nɛfe,nɛfo,nɛfeɪ,nɛfoʊ
nɛf.u,nɛf.i,nɛfu,nɛfi,nɛfu,nɛfi
nɛf.o,nɛf.e,nɛfo,nɛfe,nɛfoʊ,nɛfeɪ
nɛs.i,nɛs.u,nɛsi,nɛsu,nɛsi,nɛsu
nɛs.e,nɛs.o,nɛse,nɛso,nɛseɪ,nɛsoʊ
nɛs.u,nɛs.i,nɛsu,nɛsi,nɛsu,nɛsi
nɛs.o,nɛs.e,nɛso,nɛse,nɛsoʊ,nɛseɪ
nɛv.i,nɛv.u,nɛvi,nɛvu,nɛvi,nɛvu
nɛv.e,nɛv.o,nɛve,nɛvo,nɛveɪ,nɛvoʊ
nɛv.u,nɛv.i,nɛvu,nɛvi,nɛvu,nɛvi
nɛv.o,nɛv.e,nɛvo,nɛve,nɛvoʊ,nɛveɪ
nɛz.i,nɛz.u,nɛzi,nɛzu,nɛzi,nɛzu
nɛz.e,nɛz.o,nɛze,nɛzo,nɛzeɪ,nɛzoʊ
nɛz.u,nɛz.i,nɛzu,nɛzi,nɛzu,nɛzi
nɛz.o,nɛz.e,nɛzo,nɛze,nɛzoʊ,nɛzeɪ
nɛʃ.i,nɛʃ.u,nɛʃi,nɛʃu,nɛʃi,nɛʃu
nɛʃ.e,nɛʃ.o,nɛʃe,nɛʃo,nɛʃeɪ,nɛʃoʊ
nɛʃ.u,nɛʃ.i,nɛʃu,nɛʃi,nɛʃu,nɛʃi
nɛʃ.o,nɛʃ.e,nɛʃo,nɛʃe,nɛʃoʊ,nɛʃeɪ
nɛʒ.i,nɛʒ.u,nɛʒi,nɛʒu,nɛʒi,nɛʒu
nɛʒ.e,nɛʒ.o,nɛʒe,nɛʒo,nɛʒeɪ,nɛʒoʊ
nɛʒ.u,nɛʒ.i,nɛʒu,nɛʒi,nɛʒu,nɛʒi
nɛʒ.o,nɛʒ.e,nɛʒo,nɛʒe,nɛʒoʊ,nɛʒeɪ
nɛθ.i,nɛθ.u,nɛθi,nɛθu,nɛθi,nɛθu
nɛθ.e,nɛθ.o,nɛθe,nɛθo,nɛθeɪ,nɛθoʊ
nɛθ.u,nɛθ.i,nɛθu,nɛθi,nɛθu,nɛθi
nɛθ.o,nɛθ.e,nɛθo,nɛθe,nɛθoʊ,nɛθeɪ
nɛð.i,nɛð.u,nɛði,nɛðu,nɛði,nɛðu
nɛð.e,nɛð.o,nɛðe,nɛðo,nɛðeɪ,nɛðoʊ
nɛð.u,nɛð.i,nɛðu,nɛði,nɛðu,nɛði
nɛð.o,nɛð.e,nɛðo,nɛðe,nɛðoʊ,nɛðeɪ
pɛm.i,pɛm.u,pɛmi,pɛmu,pɛmi,pɛmu
pɛm.e,pɛm.o,pɛme,pɛmo,pɛmeɪ,pɛmoʊ
pɛm.u,pɛm.i,pɛmu,pɛmi,pɛmu,pɛmi
pɛm.o,pɛm.e,pɛmo,pɛme,pɛmoʊ,pɛmeɪ
pɛn.i,pɛn.u,pɛni,pɛnu,pɛni,pɛnu
pɛn.e,pɛn.o,pɛne,pɛno,pɛneɪ,pɛnoʊ
pɛn.u,pɛn.i,pɛnu,pɛni,pɛnu,pɛni
pɛn.o,pɛn.e,pɛno,pɛne,pɛnoʊ,pɛneɪ
pɛŋ.i,pɛŋ.u,pɛŋi,pɛŋu,pɛŋi,pɛŋu
pɛŋ.e,pɛŋ.o,pɛŋe,pɛŋo,pɛŋeɪ,pɛŋoʊ
pɛŋ.u,pɛŋ.i,pɛŋu,pɛŋi,pɛŋu,pɛŋi
pɛŋ.o,pɛŋ.e,pɛŋo,pɛŋe,pɛŋoʊ,pɛŋeɪ
pɛp.i,pɛp.u,pɛpi,pɛpu,pɛpi,pɛpu
pɛp.e,pɛp.o,pɛpe,pɛpo,pɛpeɪ,pɛpoʊ
pɛp.u,pɛp.i,pɛpu,pɛpi,pɛpu,pɛpi
pɛp.o,pɛp.e,pɛpo,pɛpe,pɛpoʊ,pɛpeɪ
pɛt.i,pɛt.u,pɛti,pɛtu,pɛti,pɛtu
pɛt.e,pɛt.o,pɛte,pɛto,pɛteɪ,pɛtoʊ
pɛt.u,pɛt.i,pɛtu,pɛti,pɛtu,pɛti
pɛt.o,pɛt.e,pɛto,pɛte,pɛtoʊ,pɛteɪ
pɛk.i,pɛk.u,pɛki,pɛku,pɛki,pɛku
pɛk.e,pɛk.o,pɛke,pɛko,pɛkeɪ,pɛkoʊ
pɛk.u,pɛk.i,pɛku,pɛki,pɛku,pɛki
pɛk.o,pɛk.e,pɛko,pɛke,pɛkoʊ,pɛkeɪ
pɛb.i,pɛb.u,pɛbi,pɛbu,pɛbi,pɛbu
pɛb.e,pɛb.o,pɛbe,pɛbo,pɛbeɪ,pɛboʊ
pɛb.u,pɛb.i,pɛbu,pɛbi,pɛbu,pɛbi
pɛb.o,pɛb.e,pɛbo,pɛbe,pɛboʊ,pɛbeɪ
pɛd.i,pɛd.u,pɛdi,pɛdu,pɛdi,pɛdu
pɛd.e,pɛd.o,pɛde,pɛdo,pɛdeɪ,pɛdoʊ
pɛd.u,pɛd.i,pɛdu,pɛdi,pɛdu,pɛdi
pɛd.o,pɛd.e,pɛdo,pɛde,pɛdoʊ,pɛdeɪ
pɛg.i,pɛg.u,pɛgi,pɛgu,pɛgi,pɛgu
pɛg.e,pɛg.o,pɛge,pɛgo,pɛgeɪ,pɛgoʊ
pɛg.u,pɛg.i,pɛgu,pɛgi,pɛgu,pɛgi
pɛg.o,pɛg.e,pɛgo,pɛge,pɛgoʊ,pɛgeɪ
pɛf.i,pɛf.u,pɛfi,pɛfu,pɛfi,pɛfu
pɛf.e,pɛf.o,pɛfe,pɛfo,pɛfeɪ,pɛfoʊ
pɛf.u,pɛf.i,pɛfu,pɛfi,pɛfu,pɛfi
pɛf.o,pɛf.e,pɛfo,pɛfe,pɛfoʊ,pɛfeɪ
pɛs.i,pɛs.u,pɛsi,pɛsu,pɛsi,pɛsu
pɛs.e,pɛs.o,pɛse,pɛso,pɛseɪ,pɛsoʊ
pɛs.u,pɛs.i,pɛsu,pɛsi,pɛsu,pɛsi
pɛs.o,pɛs.e,pɛso,pɛse,pɛsoʊ,pɛseɪ
pɛv.i,pɛv.u,pɛvi,pɛvu,pɛvi,pɛvu
pɛv.e,pɛv.o,pɛve,pɛvo,pɛveɪ,pɛvoʊ
pɛv.u,pɛv.i,pɛvu,pɛvi,pɛvu,pɛvi
pɛv.o,pɛv.e,pɛvo,pɛve,pɛvoʊ,pɛveɪ
pɛz.i,pɛz.u,pɛzi,pɛzu,pɛzi,pɛzu
pɛz.e,pɛz.o,pɛze,pɛzo,pɛzeɪ,pɛzoʊ
pɛz.u,pɛz.i,pɛzu,pɛzi,pɛzu,pɛzi
pɛz.o,pɛz.e,pɛzo,pɛze,pɛzoʊ,pɛzeɪ
pɛʃ.i,pɛʃ.u,pɛʃi,pɛʃu,pɛʃi,pɛʃu
pɛʃ.e,pɛʃ.o,pɛʃe,pɛʃo,pɛʃeɪ,pɛʃoʊ
pɛʃ.u,pɛʃ.i,pɛʃu,pɛʃi,pɛʃu,pɛʃi
pɛʃ.o,pɛʃ.e,pɛʃo,pɛʃe,pɛʃoʊ,pɛʃeɪ
pɛʒ.i,pɛʒ.u,pɛʒi,pɛʒu,pɛʒi,pɛʒu
pɛʒ.e,pɛʒ.o,pɛʒe,pɛʒo,pɛʒeɪ,pɛʒoʊ
pɛʒ.u,pɛʒ.i,pɛʒu,pɛʒi,pɛʒu,pɛʒi
pɛʒ.o,pɛʒ.e,pɛʒo,pɛʒe,pɛʒoʊ,pɛʒeɪ
pɛθ.i,pɛθ.u,pɛθi,pɛθu,pɛθi,pɛθu
pɛθ.e,pɛθ.o,pɛθe,pɛθo,pɛθeɪ,pɛθoʊ
pɛθ.u,pɛθ.i,pɛθu,pɛθi,pɛθu,pɛθi
pɛθ.o,pɛθ.e,pɛθo,pɛθe,pɛθoʊ,pɛθeɪ
pɛð.i,pɛð.u,pɛði,pɛðu,pɛði,pɛðu
pɛð.e,pɛð.o,pɛðe,pɛðo,pɛðeɪ,pɛðoʊ
pɛð.u,pɛð.i,pɛðu,pɛði,pɛðu,pɛði
pɛð.o,pɛð.e,pɛðo,pɛðe,pɛðoʊ,pɛðeɪ
tɛm.i,tɛm.u,tɛmi,tɛmu,tɛmi,tɛmu
tɛm.e,tɛm.o,tɛme,tɛmo,tɛmeɪ,tɛmoʊ
tɛm.u,tɛm.i,tɛmu,tɛmi,tɛmu,tɛmi
tɛm.o,tɛm.e,tɛmo,tɛme,tɛmoʊ,tɛmeɪ
tɛn.i,tɛn.u,tɛni,tɛnu,tɛni,tɛnu
tɛn.e,tɛn.o,tɛne,tɛno,tɛneɪ,tɛnoʊ
tɛn.u,tɛn.i,tɛnu,tɛni,tɛnu,tɛni
tɛn.o,tɛn.e,tɛno,tɛne,tɛnoʊ,tɛneɪ
tɛŋ.i,tɛŋ.u,tɛŋi,tɛŋu,tɛŋi,tɛŋu
tɛŋ.e,tɛŋ.o,tɛŋe,tɛŋo,tɛŋeɪ,tɛŋoʊ
tɛŋ.u,tɛŋ.i,tɛŋu,tɛŋi,tɛŋu,tɛŋi
tɛŋ.o,tɛŋ.e,tɛŋo,tɛŋe,tɛŋoʊ,tɛŋeɪ
tɛp.i,tɛp.u,tɛpi,tɛpu,tɛpi,tɛpu
tɛp.e,tɛp.o,tɛpe,tɛpo,tɛpeɪ,tɛpoʊ
tɛp.u,tɛp.i,tɛpu,tɛpi,tɛpu,tɛpi
tɛp.o,tɛp.e,tɛpo,tɛpe,tɛpoʊ,tɛpeɪ
tɛt.i,tɛt.u,tɛti,tɛtu,tɛti,tɛtu
tɛt.e,tɛt.o,tɛte,tɛto,tɛteɪ,tɛtoʊ
tɛt.u,tɛt.i,tɛtu,tɛti,tɛtu,tɛti
tɛt.o,tɛt.e,tɛto,tɛte,tɛtoʊ,tɛteɪ
tɛk.i,tɛk.u,tɛki,tɛku,tɛki,tɛku
tɛk.e,tɛk.o,tɛke,tɛko,tɛkeɪ,tɛkoʊ
tɛk.u,tɛk.i,tɛku,tɛki,tɛku,tɛki
tɛk.o,tɛk.e,tɛko,tɛke,tɛkoʊ,tɛkeɪ
tɛb.i,tɛb.u,tɛbi,tɛbu,tɛbi,tɛbu
tɛb.e,tɛb.o,tɛbe,tɛbo,tɛbeɪ,tɛboʊ
tɛb.u,tɛb.i,tɛbu,tɛbi,tɛbu,tɛbi
tɛb.o,tɛb.e,tɛbo,tɛbe,tɛboʊ,tɛbeɪ
tɛd.i,tɛd.u,tɛdi,tɛdu,tɛdi,tɛdu
tɛd.e,tɛd.o,tɛde,tɛdo,tɛdeɪ,tɛdoʊ
tɛd.u,tɛd.i,tɛdu,tɛdi,tɛdu,tɛdi
tɛd.o,tɛd.e,tɛdo,tɛde,tɛdoʊ,tɛdeɪ
tɛg.i,tɛg.u,tɛgi,tɛgu,tɛgi,tɛgu
tɛg.e,tɛg.o,tɛge,tɛgo,tɛgeɪ,tɛgoʊ
tɛg.u,tɛg.i,tɛgu,tɛgi,tɛgu,tɛgi
tɛg.o,tɛg.e,tɛgo,tɛge,tɛgoʊ,tɛgeɪ
tɛf.i,tɛf.u,tɛfi,tɛfu,tɛfi,tɛfu
tɛf.e,tɛf.o,tɛfe,tɛfo,tɛfeɪ,tɛfoʊ
tɛf.u,tɛf.i,tɛfu,tɛfi,tɛfu,tɛfi
tɛf.o,tɛf.e,tɛfo,tɛfe,tɛfoʊ,tɛfeɪ
tɛs.i,tɛs.u,tɛsi,tɛsu,tɛsi,tɛsu
tɛs.e,tɛs.o,tɛse,tɛso,tɛseɪ,tɛsoʊ
tɛs.u,tɛs.i,tɛsu,tɛsi,tɛsu,tɛsi
tɛs.o,tɛs.e,tɛso,tɛse,tɛsoʊ,tɛseɪ
tɛv.i,tɛv.u,tɛvi,tɛvu,tɛvi,tɛvu
tɛv.e,tɛv.o,tɛve,tɛvo,tɛveɪ,tɛvoʊ
tɛv.u,tɛv.i,tɛvu,tɛvi,tɛvu,tɛvi
tɛv.o,tɛv.e,tɛvo,tɛve,tɛvoʊ,tɛveɪ
tɛz.i,tɛz.u,tɛzi,tɛzu,tɛzi,tɛzu
tɛz.e,tɛz.o,tɛze,tɛzo,tɛzeɪ,tɛzoʊ
tɛz.u,tɛz.i,tɛzu,tɛzi,tɛzu,tɛzi
tɛz.o,tɛz.e,tɛzo,tɛze,tɛzoʊ,tɛzeɪ
tɛʃ.i,tɛʃ.u,tɛʃi,tɛʃu,tɛʃi,tɛʃu
tɛʃ.e,tɛʃ.o,tɛʃe,tɛʃo,tɛʃeɪ,tɛʃoʊ
tɛʃ.u,tɛʃ.i,tɛʃu,tɛʃi,tɛʃu,tɛʃi
tɛʃ.o,tɛʃ.e,tɛʃo,tɛʃe,tɛʃoʊ,tɛʃeɪ
tɛʒ.i,tɛʒ.u,tɛʒi,tɛʒu,tɛʒi,tɛʒu
tɛʒ.e,tɛʒ.o,tɛʒe,tɛʒo,tɛʒeɪ,tɛʒoʊ
tɛʒ.u,tɛʒ.i,tɛʒu,tɛʒi,tɛʒu,tɛʒi
tɛʒ.o,tɛʒ.e,tɛʒo,tɛʒe,tɛʒoʊ,tɛʒeɪ
tɛθ.i,tɛθ.u,tɛθi,tɛθu,tɛθi,tɛθu
tɛθ.e,tɛθ.o,tɛθe,tɛθo,tɛθeɪ,tɛθoʊ
tɛθ.u,tɛθ.i,tɛθu,tɛθi,tɛθu,tɛθi
tɛθ.o,tɛθ.e,tɛθo,tɛθe,tɛθoʊ,tɛθeɪ
tɛð.i,tɛð.u,tɛði,tɛðu,tɛði,tɛðu
tɛð.e,tɛð.o,tɛðe,tɛðo,tɛðeɪ,tɛðoʊ
tɛð.u,tɛð.i,tɛðu,tɛði,tɛðu,tɛði
tɛð.o,tɛð.e,tɛðo,tɛðe,tɛðoʊ,tɛðeɪ
kɛm.i,kɛm.u,kɛmi,kɛmu,kɛmi,kɛmu
kɛm.e,kɛm.o,kɛme,kɛmo,kɛmeɪ,kɛmoʊ
kɛm.u,kɛm.i,kɛmu,kɛmi,kɛmu,kɛmi
kɛm.o,kɛm.e,kɛmo,kɛme,kɛmoʊ,kɛmeɪ
kɛn.i,kɛn.u,kɛni,kɛnu,kɛni,kɛnu
kɛn.e,kɛn.o,kɛne,kɛno,kɛneɪ,kɛnoʊ
kɛn.u,kɛn.i,kɛnu,kɛni,kɛnu,kɛni
kɛn.o,kɛn.e,kɛno,kɛne,kɛnoʊ,kɛneɪ
kɛŋ.i,kɛŋ.u,kɛŋi,kɛŋu,kɛŋi,kɛŋu
kɛŋ.e,kɛŋ.o,kɛŋe,kɛŋo,kɛŋeɪ,kɛŋoʊ
kɛŋ.u,kɛŋ.i,kɛŋu,kɛŋi,kɛŋu,kɛŋi
kɛŋ.o,kɛŋ.e,kɛŋo,kɛŋe,kɛŋoʊ,kɛŋeɪ
kɛp.i,kɛp.u,kɛpi,kɛpu,kɛpi,kɛpu
kɛp.e,kɛp.o,kɛpe,kɛpo,kɛpeɪ,kɛpoʊ
kɛp.u,kɛp.i,kɛpu,kɛpi,kɛpu,kɛpi
kɛp.o,kɛp.e,kɛpo,kɛpe,kɛpoʊ,kɛpeɪ
kɛt.i,kɛt.u,kɛti,kɛtu,kɛti,kɛtu
kɛt.e,kɛt.o,kɛte,kɛto,kɛteɪ,kɛtoʊ
kɛt.u,kɛt.i,kɛtu,kɛti,kɛtu,kɛti
kɛt.o,kɛt.e,kɛto,kɛte,kɛtoʊ,kɛteɪ
kɛk.i,kɛk.u,kɛki,kɛku,kɛki,kɛku
kɛk.e,kɛk.o,kɛke,kɛko,kɛkeɪ,kɛkoʊ
kɛk.u,kɛk.i,kɛku,kɛki,kɛku,kɛki
kɛk.o,kɛk.e,kɛko,kɛke,kɛkoʊ,kɛkeɪ
kɛb.i,kɛb.u,kɛbi,kɛbu,kɛbi,kɛbu
kɛb.e,kɛb.o,kɛbe,kɛbo,kɛbeɪ,kɛboʊ
kɛb.u,kɛb.i,kɛbu,kɛbi,kɛbu,kɛbi
kɛb.o,kɛb.e,kɛbo,kɛbe,kɛboʊ,kɛbeɪ
kɛd.i,kɛd.u,kɛdi,kɛdu,kɛdi,kɛdu
kɛd.e,kɛd.o,kɛde,kɛdo,kɛdeɪ,kɛdoʊ
kɛd.u,kɛd.i,kɛdu,kɛdi,kɛdu,kɛdi
kɛd.o,kɛd.e,kɛdo,kɛde,kɛdoʊ,kɛdeɪ
kɛg.i,kɛg.u,kɛgi,kɛgu,kɛgi,kɛgu
kɛg.e,kɛg.o,kɛge,kɛgo,kɛgeɪ,kɛgoʊ
kɛg.u,kɛg.i,kɛgu,kɛgi,kɛgu,kɛgi
kɛg.o,kɛg.e,kɛgo,kɛge,kɛgoʊ,kɛgeɪ
kɛf.i,kɛf.u,kɛfi,kɛfu,kɛfi,kɛfu
kɛf.e,kɛf.o,kɛfe,kɛfo,kɛfeɪ,kɛfoʊ
kɛf.u,kɛf.i,kɛfu,kɛfi,kɛfu,kɛfi
kɛf.o,kɛf.e,kɛfo,kɛfe,kɛfoʊ,kɛfeɪ
kɛs.i,kɛs.u,kɛsi,kɛsu,kɛsi,kɛsu
kɛs.e,kɛs.o,kɛse,kɛso,kɛseɪ,kɛsoʊ
kɛs.u,kɛs.i,kɛsu,kɛsi,kɛsu,kɛsi
kɛs.o,kɛs.e,kɛso,kɛse,kɛsoʊ,kɛseɪ
kɛv.i,kɛv.u,kɛvi,kɛvu,kɛvi,kɛvu
kɛv.e,kɛv.o,kɛve,kɛvo,kɛveɪ,kɛvoʊ
kɛv.u,kɛv.i,kɛvu,kɛvi,kɛvu,kɛvi
kɛv.o,kɛv.e,kɛvo,kɛve,kɛvoʊ,kɛveɪ
kɛz.i,kɛz.u,kɛzi,kɛzu,kɛzi,kɛzu
kɛz.e,kɛz.o,kɛze,kɛzo,kɛzeɪ,kɛzoʊ
kɛz.u,kɛz.i,kɛzu,kɛzi,kɛzu,kɛzi
kɛz.o,kɛz.e,kɛzo,kɛze,kɛzoʊ,kɛzeɪ
kɛʃ.i,kɛʃ.u,kɛʃi,kɛʃu,kɛʃi,kɛʃu
kɛʃ.e,kɛʃ.o,kɛʃe,kɛʃo,kɛʃeɪ,kɛʃoʊ
kɛʃ.u,kɛʃ.i,kɛʃu,kɛʃi,kɛʃu,kɛʃi
kɛʃ.o,kɛʃ.e,kɛʃo,kɛʃe,kɛʃoʊ,kɛʃeɪ
kɛʒ.i,kɛʒ.u,kɛʒi,kɛʒu,kɛʒi,kɛʒu
kɛʒ.e,kɛʒ.o,kɛʒe,kɛʒo,kɛʒeɪ,kɛʒoʊ
kɛʒ.u,kɛʒ.i,kɛʒu,kɛʒi,kɛʒu,kɛʒi
kɛʒ.o,kɛʒ.e,kɛʒo,kɛʒe,kɛʒoʊ,kɛʒeɪ
kɛθ.i,kɛθ.u,kɛθi,kɛθu,kɛθi,kɛθu
kɛθ.e,kɛθ.o,kɛθe,kɛθo,kɛθeɪ,kɛθoʊ
kɛθ.u,kɛθ.i,kɛθu,kɛθi,kɛθu,kɛθi
kɛθ.o,kɛθ.e,kɛθo,kɛθe,kɛθoʊ,kɛθeɪ
kɛð.i,kɛð.u,kɛði,kɛðu,kɛði,kɛðu
kɛð.e,kɛð.o,kɛðe,kɛðo,kɛðeɪ,kɛðoʊ
kɛð.u,kɛð.i,kɛðu,kɛði,kɛðu,kɛði
kɛð.o,kɛð.e,kɛðo,kɛðe,kɛðoʊ,kɛðeɪ
bɛm.i,bɛm.u,bɛmi,bɛmu,bɛmi,bɛmu
bɛm.e,bɛm.o,bɛme,bɛmo,bɛmeɪ,bɛmoʊ
bɛm.u,bɛm.i,bɛmu,bɛmi,bɛmu,bɛmi
bɛm.o,bɛm.e,bɛmo,bɛme,bɛmoʊ,bɛmeɪ
bɛn.i,bɛn.u,bɛni,bɛnu,bɛni,bɛnu
bɛn.e,bɛn.o,bɛne,bɛno,bɛneɪ,bɛnoʊ
bɛn.u,bɛn.i,bɛnu,bɛni,bɛnu,bɛni
bɛn.o,bɛn.e,bɛno,bɛne,bɛnoʊ,bɛneɪ
bɛŋ.i,bɛŋ.u,bɛŋi,bɛŋu,bɛŋi,bɛŋu
bɛŋ.e,bɛŋ.o,bɛŋe,bɛŋo,bɛŋeɪ,bɛŋoʊ
bɛŋ.u,bɛŋ.i,bɛŋu,bɛŋi,bɛŋu,bɛŋi
bɛŋ.o,bɛŋ.e,bɛŋo,bɛŋe,bɛŋoʊ,bɛŋeɪ
bɛp.i,bɛp.u,bɛpi,bɛpu,bɛpi,bɛpu
bɛp.e,bɛp.o,bɛpe,bɛpo,bɛpeɪ,bɛpoʊ
bɛp.u,bɛp.i,bɛpu,bɛpi,bɛpu,bɛpi
bɛp.o,bɛp.e,bɛpo,bɛpe,bɛpoʊ,bɛpeɪ
bɛt.i,bɛt.u,bɛti,bɛtu,bɛti,bɛtu
bɛt.e,bɛt.o,bɛte,bɛto,bɛteɪ,bɛtoʊ
bɛt.u,bɛt.i,bɛtu,bɛti,bɛtu,bɛti
bɛt.o,bɛt.e,bɛto,bɛte,bɛtoʊ,bɛteɪ
bɛk.i,bɛk.u,bɛki,bɛku,bɛki,bɛku
bɛk.e,bɛk.o,bɛke,bɛko,bɛkeɪ,bɛkoʊ
bɛk.u,bɛk.i,bɛku,bɛki,bɛku,bɛki
bɛk.o,bɛk.e,bɛko,bɛke,bɛkoʊ,bɛkeɪ
bɛb.i,bɛb.u,bɛbi,bɛbu,bɛbi,bɛbu
bɛb.e,bɛb.o,bɛbe,bɛbo,bɛbeɪ,bɛboʊ
bɛb.u,bɛb.i,bɛbu,bɛbi,bɛbu,bɛbi
bɛb.o,bɛb.e,bɛbo,bɛbe,bɛboʊ,bɛbeɪ
bɛd.i,bɛd.u,bɛdi,bɛdu,bɛdi,bɛdu
bɛd.e,bɛd.o,bɛde,bɛdo,bɛdeɪ,bɛdoʊ
bɛd.u,bɛd.i,bɛdu,bɛdi,bɛdu,bɛdi
bɛd.o,bɛd.e,bɛdo,bɛde,bɛdoʊ,bɛdeɪ
bɛg.i,bɛg.u,bɛgi,bɛgu,bɛgi,bɛgu
bɛg.e,bɛg.o,bɛge,bɛgo,bɛgeɪ,bɛgoʊ
bɛg.u,bɛg.i,bɛgu,bɛgi,bɛgu,bɛgi
bɛg.o,bɛg.e,bɛgo,bɛge,bɛgoʊ,bɛgeɪ
bɛf.i,bɛf.u,bɛfi,bɛfu,bɛfi,bɛfu
bɛf.e,bɛf.o,bɛfe,bɛfo,bɛfeɪ,bɛfoʊ
bɛf.u,bɛf.i,bɛfu,bɛfi,bɛfu,bɛfi
bɛf.o,bɛf.e,bɛfo,bɛfe,bɛfoʊ,bɛfeɪ
bɛs.i,bɛs.u,bɛsi,bɛsu,bɛsi,bɛsu
bɛs.e,bɛs.o,bɛse,bɛso,bɛseɪ,bɛsoʊ
bɛs.u,bɛs.i,bɛsu,bɛsi,bɛsu,bɛsi
bɛs.o,bɛs.e,bɛso,bɛse,bɛsoʊ,bɛseɪ
bɛv.i,bɛv.u,bɛvi,bɛvu,bɛvi,bɛvu
bɛv.e,bɛv.o,bɛve,bɛvo,bɛveɪ,bɛvoʊ
bɛv.u,bɛv.i,bɛvu,bɛvi,bɛvu,bɛvi
bɛv.o,bɛv.e,bɛvo,bɛve,bɛvoʊ,bɛveɪ
bɛz.i,bɛz.u,bɛzi,bɛzu,bɛzi,bɛzu
bɛz.e,bɛz.o,bɛze,bɛzo,bɛzeɪ,bɛzoʊ
bɛz.u,bɛz.i,bɛzu,bɛzi,bɛzu,bɛzi
bɛz.o,bɛz.e,bɛzo,bɛze,bɛzoʊ,bɛzeɪ
bɛʃ.i,bɛʃ.u,bɛʃi,bɛʃu,bɛʃi,bɛʃu
bɛʃ.e,bɛʃ.o,bɛʃe,bɛʃo,bɛʃeɪ,bɛʃoʊ
bɛʃ.u,bɛʃ.i,bɛʃu,bɛʃi,bɛʃu,bɛʃi
bɛʃ.o,bɛʃ.e,bɛʃo,bɛʃe,bɛʃoʊ,bɛʃeɪ
bɛʒ.i,bɛʒ.u,bɛʒi,bɛʒu,bɛʒi,bɛʒu
bɛʒ.e,bɛʒ.o,bɛʒe,bɛʒo,bɛʒeɪ,bɛʒoʊ
bɛʒ.u,bɛʒ.i,bɛʒu,bɛʒi,bɛʒu,bɛʒi
bɛʒ.o,bɛʒ.e,bɛʒo,bɛʒe,bɛʒoʊ,bɛʒeɪ
bɛθ.i,bɛθ.u,bɛθi,bɛθu,bɛθi,bɛθu
bɛθ.e,bɛθ.o,bɛθe,bɛθo,bɛθeɪ,bɛθoʊ
bɛθ.u,bɛθ.i,bɛθu,bɛθi,bɛθu,bɛθi
bɛθ.o,bɛθ.e,bɛθo,bɛθe,bɛθoʊ,bɛθeɪ
bɛð.i,bɛð.u,bɛði,bɛðu,bɛði,bɛðu
bɛð.e,bɛð.o,bɛðe,bɛðo,bɛðeɪ,bɛðoʊ
bɛð.u,bɛð.i,bɛðu,bɛði,bɛðu,bɛði
bɛð.o,bɛð.e,bɛðo,bɛðe,bɛðoʊ,bɛðeɪ
dɛm.i,dɛm.u,dɛmi,dɛmu,dɛmi,dɛmu
dɛm.e,dɛm.o,dɛme,dɛmo,dɛmeɪ,dɛmoʊ
dɛm.u,dɛm.i,dɛmu,dɛmi,dɛmu,dɛmi
dɛm.o,dɛm.e,dɛmo,dɛme,dɛmoʊ,dɛmeɪ
dɛn.i,dɛn.u,dɛni,dɛnu,dɛni,dɛnu
dɛn.e,dɛn.o,dɛne,dɛno,dɛneɪ,dɛnoʊ
dɛn.u,dɛn.i,dɛnu,dɛni,dɛnu,dɛni
dɛn.o,dɛn.e,dɛno,dɛne,dɛnoʊ,dɛneɪ
dɛŋ.i,dɛŋ.u,dɛŋi,dɛŋu,dɛŋi,dɛŋu
dɛŋ.e,dɛŋ.o,dɛŋe,dɛŋo,dɛŋeɪ,dɛŋoʊ
dɛŋ.u,dɛŋ.i,dɛŋu,dɛŋi,dɛŋu,dɛŋi
dɛŋ.o,dɛŋ.e,dɛŋo,dɛŋe,dɛŋoʊ,dɛŋeɪ
dɛp.i,dɛp.u,dɛpi,dɛpu,dɛpi,dɛpu
dɛp.e,dɛp.o,dɛpe,dɛpo,dɛpeɪ,dɛpoʊ
dɛp.u,dɛp.i,dɛpu,dɛpi,dɛpu,dɛpi
dɛp.o,dɛp.e,dɛpo,dɛpe,dɛpoʊ,dɛpeɪ
dɛt.i,dɛt.u,dɛti,dɛtu,dɛti,dɛtu
dɛt.e,dɛt.o,dɛte,dɛto,dɛteɪ,dɛtoʊ
dɛt.u,dɛt.i,dɛtu,dɛti,dɛtu,dɛti
dɛt.o,dɛt.e,dɛto,dɛte,dɛtoʊ,dɛteɪ
dɛk.i,dɛk.u,dɛki,dɛku,dɛki,dɛku
dɛk.e,dɛk.o,dɛke,dɛko,dɛkeɪ,dɛkoʊ
dɛk.u,dɛk.i,dɛku,dɛki,dɛku,dɛki
dɛk.o,dɛk.e,dɛko,dɛke,dɛkoʊ,dɛkeɪ
dɛb.i,dɛb.u,dɛbi,dɛbu,dɛbi,dɛbu
dɛb.e,dɛb.o,dɛbe,dɛbo,dɛbeɪ,dɛboʊ
dɛb.u,dɛb.i,dɛbu,dɛbi,dɛbu,dɛbi
dɛb.o,dɛb.e,dɛbo,dɛbe,dɛboʊ,dɛbeɪ
dɛd.i,dɛd.u,dɛdi,dɛdu,dɛdi,dɛdu
dɛd.e,dɛd.o,dɛde,dɛdo,dɛdeɪ,dɛdoʊ
dɛd.u,dɛd.i,dɛdu,dɛdi,dɛdu,dɛdi
dɛd.o,dɛd.e,dɛdo,dɛde,dɛdoʊ,dɛdeɪ
dɛg.i,dɛg.u,dɛgi,dɛgu,dɛgi,dɛgu
dɛg.e,dɛg.o,dɛge,dɛgo,dɛgeɪ,dɛgoʊ
dɛg.u,dɛg.i,dɛgu,dɛgi,dɛgu,dɛgi
dɛg.o,dɛg.e,dɛgo,dɛge,dɛgoʊ,dɛgeɪ
dɛf.i,dɛf.u,dɛfi,dɛfu,dɛfi,dɛfu
dɛf.e,dɛf.o,dɛfe,dɛfo,dɛfeɪ,dɛfoʊ
dɛf.u,dɛf.i,dɛfu,dɛfi,dɛfu,dɛfi
dɛf.o,dɛf.e,dɛfo,dɛfe,dɛfoʊ,dɛfeɪ
dɛs.i,dɛs.u,dɛsi,dɛsu,dɛsi,dɛsu
dɛs.e,dɛs.o,dɛse,dɛso,dɛseɪ,dɛsoʊ
dɛs.u,dɛs.i,dɛsu,dɛsi,dɛsu,dɛsi
dɛs.o,dɛs.e,dɛso,dɛse,dɛsoʊ,dɛseɪ
dɛv.i,dɛv.u,dɛvi,dɛvu,dɛvi,dɛvu
dɛv.e,dɛv.o,dɛve,dɛvo,dɛveɪ,dɛvoʊ
dɛv.u,dɛv.i,dɛvu,dɛvi,dɛvu,dɛvi
dɛv.o,dɛv.e,dɛvo,dɛve,dɛvoʊ,dɛveɪ
dɛz.i,dɛz.u,dɛzi,dɛzu,dɛzi,dɛzu
dɛz.e,dɛz.o,dɛze,dɛzo,dɛzeɪ,dɛzoʊ
dɛz.u,dɛz.i,dɛzu,dɛzi,dɛzu,dɛzi
dɛz.o,dɛz.e,dɛzo,dɛze,dɛzoʊ,dɛzeɪ
dɛʃ.i,dɛʃ.u,dɛʃi,dɛʃu,dɛʃi,dɛʃu
dɛʃ.e,dɛʃ.o,dɛʃe,dɛʃo,dɛʃeɪ,dɛʃoʊ
dɛʃ.u,dɛʃ.i,dɛʃu,dɛʃi,dɛʃu,dɛʃi
dɛʃ.o,dɛʃ.e,dɛʃo,dɛʃe,dɛʃoʊ,dɛʃeɪ
dɛʒ.i,dɛʒ.u,dɛʒi,dɛʒu,dɛʒi,dɛʒu
dɛʒ.e,dɛʒ.o,dɛʒe,dɛʒo,dɛʒeɪ,dɛʒoʊ
dɛʒ.u,dɛʒ.i,dɛʒu,dɛʒi,dɛʒu,dɛʒi
dɛʒ.o,dɛʒ.e,dɛʒo,dɛʒe,dɛʒoʊ,dɛʒeɪ
dɛθ.i,dɛθ.u,dɛθi,dɛθu,dɛθi,dɛθu
dɛθ.e,dɛθ.o,dɛθe,dɛθo,dɛθeɪ,dɛθoʊ
dɛθ.u,dɛθ.i,dɛθu,dɛθi,dɛθu,dɛθi
dɛθ.o,dɛθ.e,dɛθo,dɛθe,dɛθoʊ,dɛθeɪ
dɛð.i,dɛð.u,dɛði,dɛðu,dɛði,dɛðu
dɛð.e,dɛð.o,dɛðe,dɛðo,dɛðeɪ,dɛðoʊ
dɛð.u,dɛð.i,dɛðu,dɛði,dɛðu,dɛði
dɛð.o,dɛð.e,dɛðo,dɛðe,dɛðoʊ,dɛðeɪ
gɛm.i,gɛm.u,gɛmi,gɛmu,gɛmi,gɛmu
gɛm.e,gɛm.o,gɛme,gɛmo,gɛmeɪ,gɛmoʊ
gɛm.u,gɛm.i,gɛmu,gɛmi,gɛmu,gɛmi
gɛm.o,gɛm.e,gɛmo,gɛme,gɛmoʊ,gɛmeɪ
gɛn.i,gɛn.u,gɛni,gɛnu,gɛni,gɛnu
gɛn.e,gɛn.o,gɛne,gɛno,gɛneɪ,gɛnoʊ
gɛn.u,gɛn.i,gɛnu,gɛni,gɛnu,gɛni
gɛn.o,gɛn.e,gɛno,gɛne,gɛnoʊ,gɛneɪ
gɛŋ.i,gɛŋ.u,gɛŋi,gɛŋu,gɛŋi,gɛŋu
gɛŋ.e,gɛŋ.o,gɛŋe,gɛŋo,gɛŋeɪ,gɛŋoʊ
gɛŋ.u,gɛŋ.i,gɛŋu,gɛŋi,gɛŋu,gɛŋi
gɛŋ.o,gɛŋ.e,gɛŋo,gɛŋe,gɛŋoʊ,gɛŋeɪ
gɛp.i,gɛp.u,gɛpi,gɛpu,gɛpi,gɛpu
gɛp.e,gɛp.o,gɛpe,gɛpo,gɛpeɪ,gɛpoʊ
gɛp.u,gɛp.i,gɛpu,gɛpi,gɛpu,gɛpi
gɛp.o,gɛp.e,gɛpo,gɛpe,gɛpoʊ,gɛpeɪ
gɛt.i,gɛt.u,gɛti,gɛtu,gɛti,gɛtu
gɛt.e,gɛt.o,gɛte,gɛto,gɛteɪ,gɛtoʊ
gɛt.u,gɛt.i,gɛtu,gɛti,gɛtu,gɛti
gɛt.o,gɛt.e,gɛto,gɛte,gɛtoʊ,gɛteɪ
gɛk.i,gɛk.u,gɛki,gɛku,gɛki,gɛku
gɛk.e,gɛk.o,gɛke,gɛko,gɛkeɪ,gɛkoʊ
gɛk.u,gɛk.i,gɛku,gɛki,gɛku,gɛki
gɛk.o,gɛk.e,gɛko,gɛke,gɛkoʊ,gɛkeɪ
gɛb.i,gɛb.u,gɛbi,gɛbu,gɛbi,gɛbu
gɛb.e,gɛb.o,gɛbe,gɛbo,gɛbeɪ,gɛboʊ
gɛb.u,gɛb.i,gɛbu,gɛbi,gɛbu,gɛbi
gɛb.o,gɛb.e,gɛbo,gɛbe,gɛboʊ,gɛbeɪ
gɛd.i,gɛd.u,gɛdi,gɛdu,gɛdi,gɛdu
gɛd.e,gɛd.o,gɛde,gɛdo,gɛdeɪ,gɛdoʊ
gɛd.u,gɛd.i,gɛdu,gɛdi,gɛdu,gɛdi
gɛd.o,gɛd.e,gɛdo,gɛde,gɛdoʊ,gɛdeɪ
gɛg.i,gɛg.u,gɛgi,gɛgu,gɛgi,gɛgu
gɛg.e,gɛg.o,gɛge,gɛgo,gɛgeɪ,gɛgoʊ
gɛg.u,gɛg.i,gɛgu,gɛgi,gɛgu,gɛgi
gɛg.o,gɛg.e,gɛgo,gɛge,gɛgoʊ,gɛgeɪ
gɛf.i,gɛf.u,gɛfi,gɛfu,gɛfi,gɛfu
gɛf.e,gɛf.o,gɛfe,gɛfo,gɛfeɪ,gɛfoʊ
gɛf.u,gɛf.i,gɛfu,gɛfi,gɛfu,gɛfi
gɛf.o,gɛf.e,gɛfo,gɛfe,gɛfoʊ,gɛfeɪ
gɛs.i,gɛs.u,gɛsi,gɛsu,gɛsi,gɛsu
gɛs.e,gɛs.o,gɛse,gɛso,gɛseɪ,gɛsoʊ
gɛs.u,gɛs.i,gɛsu,gɛsi,gɛsu,gɛsi
gɛs.o,gɛs.e,gɛso,gɛse,gɛsoʊ,gɛseɪ
gɛv.i,gɛv.u,gɛvi,gɛvu,gɛvi,gɛvu
gɛv.e,gɛv.o,gɛve,gɛvo,gɛveɪ,gɛvoʊ
gɛv.u,gɛv.i,gɛvu,gɛvi,gɛvu,gɛvi
gɛv.o,gɛv.e,gɛvo,gɛve,gɛvoʊ,gɛveɪ
gɛz.i,gɛz.u,gɛzi,gɛzu,gɛzi,gɛzu
gɛz.e,gɛz.o,gɛze,gɛzo,gɛzeɪ,gɛzoʊ
gɛz.u,gɛz.i,gɛzu,gɛzi,gɛzu,gɛzi
gɛz.o,gɛz.e,gɛzo,gɛze,gɛzoʊ,gɛzeɪ
gɛʃ.i,gɛʃ.u,gɛʃi,gɛʃu,gɛʃi,gɛʃu
gɛʃ.e,gɛʃ.o,gɛʃe,gɛʃo,gɛʃeɪ,gɛʃoʊ
gɛʃ.u,gɛʃ.i,gɛʃu,gɛʃi,gɛʃu,gɛʃi
gɛʃ.o,gɛʃ.e,gɛʃo,gɛʃe,gɛʃoʊ,gɛʃeɪ
gɛʒ.i,gɛʒ.u,gɛʒi,gɛʒu,gɛʒi,gɛʒu
gɛʒ.e,gɛʒ.o,gɛʒe,gɛʒo,gɛʒeɪ,gɛʒoʊ
gɛʒ.u,gɛʒ.i,gɛʒu,gɛʒi,gɛʒu,gɛʒi
gɛʒ.o,gɛʒ.e,gɛʒo,gɛʒe,gɛʒoʊ,gɛʒeɪ
gɛθ.i,gɛθ.u,gɛθi,gɛθu,gɛθi,gɛθu
gɛθ.e,gɛθ.o,gɛθe,gɛθo,gɛθeɪ,gɛθoʊ
gɛθ.u,gɛθ.i,gɛθu,gɛθi,gɛθu,gɛθi
gɛθ.o,gɛθ.e,gɛθo,gɛθe,gɛθoʊ,gɛθeɪ
gɛð.i,gɛð.u,gɛði,gɛðu,gɛði,gɛðu
gɛð.e,gɛð.o,gɛðe,gɛðo,gɛðeɪ,gɛðoʊ
gɛð.u,gɛð.i,gɛðu,gɛði,gɛðu,gɛði
gɛð.o,gɛð.e,gɛðo,gɛðe,gɛðoʊ,gɛðeɪ
fɛm.i,fɛm.u,fɛmi,fɛmu,fɛmi,fɛmu
fɛm.e,fɛm.o,fɛme,fɛmo,fɛmeɪ,fɛmoʊ
fɛm.u,fɛm.i,fɛmu,fɛmi,fɛmu,fɛmi
fɛm.o,fɛm.e,fɛmo,fɛme,fɛmoʊ,fɛmeɪ
fɛn.i,fɛn.u,fɛni,fɛnu,fɛni,fɛnu
fɛn.e,fɛn.o,fɛne,fɛno,fɛneɪ,fɛnoʊ
fɛn.u,fɛn.i,fɛnu,fɛni,fɛnu,fɛni
fɛn.o,fɛn.e,fɛno,fɛne,fɛnoʊ,fɛneɪ
fɛŋ.i,fɛŋ.u,fɛŋi,fɛŋu,fɛŋi,fɛŋu
fɛŋ.e,fɛŋ.o,fɛŋe,fɛŋo,fɛŋeɪ,fɛŋoʊ
fɛŋ.u,fɛŋ.i,fɛŋu,fɛŋi,fɛŋu,fɛŋi
fɛŋ.o,fɛŋ.e,fɛŋo,fɛŋe,fɛŋoʊ,fɛŋeɪ
fɛp.i,fɛp.u,fɛpi,fɛpu,fɛpi,fɛpu
fɛp.e,fɛp.o,fɛpe,fɛpo,fɛpeɪ,fɛpoʊ
fɛp.u,fɛp.i,fɛpu,fɛpi,fɛpu,fɛpi
fɛp.o,fɛp.e,fɛpo,fɛpe,fɛpoʊ,fɛpeɪ
fɛt.i,fɛt.u,fɛti,fɛtu,fɛti,fɛtu
fɛt.e,fɛt.o,fɛte,fɛto,fɛteɪ,fɛtoʊ
fɛt.u,fɛt.i,fɛtu,fɛti,fɛtu,fɛti
fɛt.o,fɛt.e,fɛto,fɛte,fɛtoʊ,fɛteɪ
fɛk.i,fɛk.u,fɛki,fɛku,fɛki,fɛku
fɛk.e,fɛk.o,fɛke,fɛko,fɛkeɪ,fɛkoʊ
fɛk.u,fɛk.i,fɛku,fɛki,fɛku,fɛki
fɛk.o,fɛk.e,fɛko,fɛke,fɛkoʊ,fɛkeɪ
fɛb.i,fɛb.u,fɛbi,fɛbu,fɛbi,fɛbu
fɛb.e,fɛb.o,fɛbe,fɛbo,fɛbeɪ,fɛboʊ
fɛb.u,fɛb.i,fɛbu,fɛbi,fɛbu,fɛbi
fɛb.o,fɛb.e,fɛbo,fɛbe,fɛboʊ,fɛbeɪ
fɛd.i,fɛd.u,fɛdi,fɛdu,fɛdi,fɛdu
fɛd.e,fɛd.o,fɛde,fɛdo,fɛdeɪ,fɛdoʊ
fɛd.u,fɛd.i,fɛdu,fɛdi,fɛdu,fɛdi
fɛd.o,fɛd.e,fɛdo,fɛde,fɛdoʊ,fɛdeɪ
fɛg.i,fɛg.u,fɛgi,fɛgu,fɛgi,fɛgu
fɛg.e,fɛg.o,fɛge,fɛgo,fɛgeɪ,fɛgoʊ
fɛg.u,fɛg.i,fɛgu,fɛgi,fɛgu,fɛgi
fɛg.o,fɛg.e,fɛgo,fɛge,fɛgoʊ,fɛgeɪ
fɛf.i,fɛf.u,fɛfi,fɛfu,fɛfi,fɛfu
fɛf.e,fɛf.o,fɛfe,fɛfo,fɛfeɪ,fɛfoʊ
fɛf.u,fɛf.i,fɛfu,fɛfi,fɛfu,fɛfi
fɛf.o,fɛf.e,fɛfo,fɛfe,fɛfoʊ,fɛfeɪ
fɛs.i,fɛs.u,fɛsi,fɛsu,fɛsi,fɛsu
fɛs.e,fɛs.o,fɛse,fɛso,fɛseɪ,fɛsoʊ
fɛs.u,fɛs.i,fɛsu,fɛsi,fɛsu,fɛsi
fɛs.o,fɛs.e,fɛso,fɛse,fɛsoʊ,fɛseɪ
fɛv.i,fɛv.u,fɛvi,fɛvu,fɛvi,fɛvu
fɛv.e,fɛv.o,fɛve,fɛvo,fɛveɪ,fɛvoʊ
fɛv.u,fɛv.i,fɛvu,fɛvi,fɛvu,fɛvi
fɛv.o,fɛv.e,fɛvo,fɛve,fɛvoʊ,fɛveɪ
fɛz.i,fɛz.u,fɛzi,fɛzu,fɛzi,fɛzu
fɛz.e,fɛz.o,fɛze,fɛzo,fɛzeɪ,fɛzoʊ
fɛz.u,fɛz.i,fɛzu,fɛzi,fɛzu,fɛzi
fɛz.o,fɛz.e,fɛzo,fɛze,fɛzoʊ,fɛzeɪ
fɛʃ.i,fɛʃ.u,fɛʃi,fɛʃu,fɛʃi,fɛʃu
fɛʃ.e,fɛʃ.o,fɛʃe,fɛʃo,fɛʃeɪ,fɛʃoʊ
fɛʃ.u,fɛʃ.i,fɛʃu,fɛʃi,fɛʃu,fɛʃi
fɛʃ.o,fɛʃ.e,fɛʃo,fɛʃe,fɛʃoʊ,fɛʃeɪ
fɛʒ.i,fɛʒ.u,fɛʒi,fɛʒu,fɛʒi,fɛʒu
fɛʒ.e,fɛʒ.o,fɛʒe,fɛʒo,fɛʒeɪ,fɛʒoʊ
fɛʒ.u,fɛʒ.i,fɛʒu,fɛʒi,fɛʒu,fɛʒi
fɛʒ.o,fɛʒ.e,fɛʒo,fɛʒe,fɛʒoʊ,fɛʒeɪ
fɛθ.i,fɛθ.u,fɛθi,fɛθu,fɛθi,fɛθu
fɛθ.e,fɛθ.o,fɛθe,fɛθo,fɛθeɪ,fɛθoʊ
fɛθ.u,fɛθ.i,fɛθu,fɛθi,fɛθu,fɛθi
fɛθ.o,fɛθ.e,fɛθo,fɛθe,fɛθoʊ,fɛθeɪ
fɛð.i,fɛð.u,fɛði,fɛðu,fɛði,fɛðu
fɛð.e,fɛð.o,fɛðe,fɛðo,fɛðeɪ,fɛðoʊ
fɛð.u,fɛð.i,fɛðu,fɛði,fɛðu,fɛði
fɛð.o,fɛð.e,fɛðo,fɛðe,fɛðoʊ,fɛðeɪ
sɛm.i,sɛm.u,sɛmi,sɛmu,sɛmi,sɛmu
sɛm.e,sɛm.o,sɛme,sɛmo,sɛmeɪ,sɛmoʊ
sɛm.u,sɛm.i,sɛmu,sɛmi,sɛmu,sɛmi
sɛm.o,sɛm.e,sɛmo,sɛme,sɛmoʊ,sɛmeɪ
sɛn.i,sɛn.u,sɛni,sɛnu,sɛni,sɛnu
sɛn.e,sɛn.o,sɛne,sɛno,sɛneɪ,sɛnoʊ
sɛn.u,sɛn.i,sɛnu,sɛni,sɛnu,sɛni
sɛn.o,sɛn.e,sɛno,sɛne,sɛnoʊ,sɛneɪ
sɛŋ.i,sɛŋ.u,sɛŋi,sɛŋu,sɛŋi,sɛŋu
sɛŋ.e,sɛŋ.o,sɛŋe,sɛŋo,sɛŋeɪ,sɛŋoʊ
sɛŋ.u,sɛŋ.i,sɛŋu,sɛŋi,sɛŋu,sɛŋi
sɛŋ.o,sɛŋ.e,sɛŋo,sɛŋe,sɛŋoʊ,sɛŋeɪ
sɛp.i,sɛp.u,sɛpi,sɛpu,sɛpi,sɛpu
sɛp.e,sɛp.o,sɛpe,sɛpo,sɛpeɪ,sɛpoʊ
sɛp.u,sɛp.i,sɛpu,sɛpi,sɛpu,sɛpi
sɛp.o,sɛp.e,sɛpo,sɛpe,sɛpoʊ,sɛpeɪ
sɛt.i,sɛt.u,sɛti,sɛtu,sɛti,sɛtu
sɛt.e,sɛt.o,sɛte,sɛto,sɛteɪ,sɛtoʊ
sɛt.u,sɛt.i,sɛtu,sɛti,sɛtu,sɛti
sɛt.o,sɛt.e,sɛto,sɛte,sɛtoʊ,sɛteɪ
sɛk.i,sɛk.u,sɛki,sɛku,sɛki,sɛku
sɛk.e,sɛk.o,sɛke,sɛko,sɛkeɪ,sɛkoʊ
sɛk.u,sɛk.i,sɛku,sɛki,sɛku,sɛki
sɛk.o,sɛk.e,sɛko,sɛke,sɛkoʊ,sɛkeɪ
sɛb.i,sɛb.u,sɛbi,sɛbu,sɛbi,sɛbu
sɛb.e,sɛb.o,sɛbe,sɛbo,sɛbeɪ,sɛboʊ
sɛb.u,sɛb.i,sɛbu,sɛbi,sɛbu,sɛbi
sɛb.o,sɛb.e,sɛbo,sɛbe,sɛboʊ,sɛbeɪ
sɛd.i,sɛd.u,sɛdi,sɛdu,sɛdi,sɛdu
sɛd.e,sɛd.o,sɛde,sɛdo,sɛdeɪ,sɛdoʊ
sɛd.u,sɛd.i,sɛdu,sɛdi,sɛdu,sɛdi
sɛd.o,sɛd.e,sɛdo,sɛde,sɛdoʊ,sɛdeɪ
sɛg.i,sɛg.u,sɛgi,sɛgu,sɛgi,sɛgu
sɛg.e,sɛg.o,sɛge,sɛgo,sɛgeɪ,sɛgoʊ
sɛg.u,sɛg.i,sɛgu,sɛgi,sɛgu,sɛgi
sɛg.o,sɛg.e,sɛgo,sɛge,sɛgoʊ,sɛgeɪ
sɛf.i,sɛf.u,sɛfi,sɛfu,sɛfi,sɛfu
sɛf.e,sɛf.o,sɛfe,sɛfo,sɛfeɪ,sɛfoʊ
sɛf.u,sɛf.i,sɛfu,sɛfi,sɛfu,sɛfi
sɛf.o,sɛf.e,sɛfo,sɛfe,sɛfoʊ,sɛfeɪ
sɛs.i,sɛs.u,sɛsi,sɛsu,sɛsi,sɛsu
sɛs.e,sɛs.o,sɛse,sɛso,sɛseɪ,sɛsoʊ
sɛs.u,sɛs.i,sɛsu,sɛsi,sɛsu,sɛsi
sɛs.o,sɛs.e,sɛso,sɛse,sɛsoʊ,sɛseɪ
sɛv.i,sɛv.u,sɛvi,sɛvu,sɛvi,sɛvu
sɛv.e,sɛv.o,sɛve,sɛvo,sɛveɪ,sɛvoʊ
sɛv.u,sɛv.i,sɛvu,sɛvi,sɛvu,sɛvi
sɛv.o,sɛv.e,sɛvo,sɛve,sɛvoʊ,sɛveɪ
sɛz.i,sɛz.u,sɛzi,sɛzu,sɛzi,sɛzu
sɛz.e,sɛz.o,sɛze,sɛzo,sɛzeɪ,sɛzoʊ
sɛz.u,sɛz.i,sɛzu,sɛzi,sɛzu,sɛzi
sɛz.o,sɛz.e,sɛzo,sɛze,sɛzoʊ,sɛzeɪ
sɛʃ.i,sɛʃ.u,sɛʃi,sɛʃu,sɛʃi,sɛʃu
sɛʃ.e,sɛʃ.o,sɛʃe,sɛʃo,sɛʃeɪ,sɛʃoʊ
sɛʃ.u,sɛʃ.i,sɛʃu,sɛʃi,sɛʃu,sɛʃi
sɛʃ.o,sɛʃ.e,sɛʃo,sɛʃe,sɛʃoʊ,sɛʃeɪ
sɛʒ.i,sɛʒ.u,sɛʒi,sɛʒu,sɛʒi,sɛʒu
sɛʒ.e,sɛʒ.o,sɛʒe,sɛʒo,sɛʒeɪ,sɛʒoʊ
sɛʒ.u,sɛʒ.i,sɛʒu,sɛʒi,sɛʒu,sɛʒi
sɛʒ.o,sɛʒ.e,sɛʒo,sɛʒe,sɛʒoʊ,sɛʒeɪ
sɛθ.i,sɛθ.u,sɛθi,sɛθu,sɛθi,sɛθu
sɛθ.e,sɛθ.o,sɛθe,sɛθo,sɛθeɪ,sɛθoʊ
sɛθ.u,sɛθ.i,sɛθu,sɛθi,sɛθu,sɛθi
sɛθ.o,sɛθ.e,sɛθo,sɛθe,sɛθoʊ,sɛθeɪ
sɛð.i,sɛð.u,sɛði,sɛðu,sɛði,sɛðu
sɛð.e,sɛð.o,sɛðe,sɛðo,sɛðeɪ,sɛðoʊ
sɛð.u,sɛð.i,sɛðu,sɛði,sɛðu,sɛði
sɛð.o,sɛð.e,sɛðo,sɛðe,sɛðoʊ,sɛðeɪ
vɛm.i,vɛm.u,vɛmi,vɛmu,vɛmi,vɛmu
vɛm.e,vɛm.o,vɛme,vɛmo,vɛmeɪ,vɛmoʊ
vɛm.u,vɛm.i,vɛmu,vɛmi,vɛmu,vɛmi
vɛm.o,vɛm.e,vɛmo,vɛme,vɛmoʊ,vɛmeɪ
vɛn.i,vɛn.u,vɛni,vɛnu,vɛni,vɛnu
vɛn.e,vɛn.o,vɛne,vɛno,vɛneɪ,vɛnoʊ
vɛn.u,vɛn.i,vɛnu,vɛni,vɛnu,vɛni
vɛn.o,vɛn.e,vɛno,vɛne,vɛnoʊ,vɛneɪ
vɛŋ.i,vɛŋ.u,vɛŋi,vɛŋu,vɛŋi,vɛŋu
vɛŋ.e,vɛŋ.o,vɛŋe,vɛŋo,vɛŋeɪ,vɛŋoʊ
vɛŋ.u,vɛŋ.i,vɛŋu,vɛŋi,vɛŋu,vɛŋi
vɛŋ.o,vɛŋ.e,vɛŋo,vɛŋe,vɛŋoʊ,vɛŋeɪ
vɛp.i,vɛp.u,vɛpi,vɛpu,vɛpi,vɛpu
vɛp.e,vɛp.o,vɛpe,vɛpo,vɛpeɪ,vɛpoʊ
vɛp.u,vɛp.i,vɛpu,vɛpi,vɛpu,vɛpi
vɛp.o,vɛp.e,vɛpo,vɛpe,vɛpoʊ,vɛpeɪ
vɛt.i,vɛt.u,vɛti,vɛtu,vɛti,vɛtu
vɛt.e,vɛt.o,vɛte,vɛto,vɛteɪ,vɛtoʊ
vɛt.u,vɛt.i,vɛtu,vɛti,vɛtu,vɛti
vɛt.o,vɛt.e,vɛto,vɛte,vɛtoʊ,vɛteɪ
vɛk.i,vɛk.u,vɛki,vɛku,vɛki,vɛku
vɛk.e,vɛk.o,vɛke,vɛko,vɛkeɪ,vɛkoʊ
vɛk.u,vɛk.i,vɛku,vɛki,vɛku,vɛki
vɛk.o,vɛk.e,vɛko,vɛke,vɛkoʊ,vɛkeɪ
vɛb.i,vɛb.u,vɛbi,vɛbu,vɛbi,vɛbu
vɛb.e,vɛb.o,vɛbe,vɛbo,vɛbeɪ,vɛboʊ
vɛb.u,vɛb.i,vɛbu,vɛbi,vɛbu,vɛbi
vɛb.o,vɛb.e,vɛbo,vɛbe,vɛboʊ,vɛbeɪ
vɛd.i,vɛd.u,vɛdi,vɛdu,vɛdi,vɛdu
vɛd.e,vɛd.o,vɛde,vɛdo,vɛdeɪ,vɛdoʊ
vɛd.u,vɛd.i,vɛdu,vɛdi,vɛdu,vɛdi
vɛd.o,vɛd.e,vɛdo,vɛde,vɛdoʊ,vɛdeɪ
vɛg.i,vɛg.u,vɛgi,vɛgu,vɛgi,vɛgu
vɛg.e,vɛg.o,vɛge,vɛgo,vɛgeɪ,vɛgoʊ
vɛg.u,vɛg.i,vɛgu,vɛgi,vɛgu,vɛgi
vɛg.o,vɛg.e,vɛgo,vɛge,vɛgoʊ,vɛgeɪ
vɛf.i,vɛf.u,vɛfi,vɛfu,vɛfi,vɛfu
vɛf.e,vɛf.o,vɛfe,vɛfo,vɛfeɪ,vɛfoʊ
vɛf.u,vɛf.i,vɛfu,vɛfi,vɛfu,vɛfi
vɛf.o,vɛf.e,vɛfo,vɛfe,vɛfoʊ,vɛfeɪ
vɛs.i,vɛs.u,vɛsi,vɛsu,vɛsi,vɛsu
vɛs.e,vɛs.o,vɛse,vɛso,vɛseɪ,vɛsoʊ
vɛs.u,vɛs.i,vɛsu,vɛsi,vɛsu,vɛsi
vɛs.o,vɛs.e,vɛso,vɛse,vɛsoʊ,vɛseɪ
vɛv.i,vɛv.u,vɛvi,vɛvu,vɛvi,vɛvu
vɛv.e,vɛv.o,vɛve,vɛvo,vɛveɪ,vɛvoʊ
vɛv.u,vɛv.i,vɛvu,vɛvi,vɛvu,vɛvi
vɛv.o,vɛv.e,vɛvo,vɛve,vɛvoʊ,vɛveɪ
vɛz.i,vɛz.u,vɛzi,vɛzu,vɛzi,vɛzu
vɛz.e,vɛz.o,vɛze,vɛzo,vɛzeɪ,vɛzoʊ
vɛz.u,vɛz.i,vɛzu,vɛzi,vɛzu,vɛzi
vɛz.o,vɛz.e,vɛzo,vɛze,vɛzoʊ,vɛzeɪ
vɛʃ.i,vɛʃ.u,vɛʃi,vɛʃu,vɛʃi,vɛʃu
vɛʃ.e,vɛʃ.o,vɛʃe,vɛʃo,vɛʃeɪ,vɛʃoʊ
vɛʃ.u,vɛʃ.i,vɛʃu,vɛʃi,vɛʃu,vɛʃi
vɛʃ.o,vɛʃ.e,vɛʃo,vɛʃe,vɛʃoʊ,vɛʃeɪ
vɛʒ.i,vɛʒ.u,vɛʒi,vɛʒu,vɛʒi,vɛʒu
vɛʒ.e,vɛʒ.o,vɛʒe,vɛʒo,vɛʒeɪ,vɛʒoʊ
vɛʒ.u,vɛʒ.i,vɛʒu,vɛʒi,vɛʒu,vɛʒi
vɛʒ.o,vɛʒ.e,vɛʒo,vɛʒe,vɛʒoʊ,vɛʒeɪ
vɛθ.i,vɛθ.u,vɛθi,vɛθu,vɛθi,vɛθu
vɛθ.e,vɛθ.o,vɛθe,vɛθo,vɛθeɪ,vɛθoʊ
vɛθ.u,vɛθ.i,vɛθu,vɛθi,vɛθu,vɛθi
vɛθ.o,vɛθ.e,vɛθo,vɛθe,vɛθoʊ,vɛθeɪ
vɛð.i,vɛð.u,vɛði,vɛðu,vɛði,vɛðu
vɛð.e,vɛð.o,vɛðe,vɛðo,vɛðeɪ,vɛðoʊ
vɛð.u,vɛð.i,vɛðu,vɛði,vɛðu,vɛði
vɛð.o,vɛð.e,vɛðo,vɛðe,vɛðoʊ,vɛðeɪ
zɛm.i,zɛm.u,zɛmi,zɛmu,zɛmi,zɛmu
zɛm.e,zɛm.o,zɛme,zɛmo,zɛmeɪ,zɛmoʊ
zɛm.u,zɛm.i,zɛmu,zɛmi,zɛmu,zɛmi
zɛm.o,zɛm.e,zɛmo,zɛme,zɛmoʊ,zɛmeɪ
zɛn.i,zɛn.u,zɛni,zɛnu,zɛni,zɛnu
zɛn.e,zɛn.o,zɛne,zɛno,zɛneɪ,zɛnoʊ
zɛn.u,zɛn.i,zɛnu,zɛni,zɛnu,zɛni
zɛn.o,zɛn.e,zɛno,zɛne,zɛnoʊ,zɛneɪ
zɛŋ.i,zɛŋ.u,zɛŋi,zɛŋu,zɛŋi,zɛŋu
zɛŋ.e,zɛŋ.o,zɛŋe,zɛŋo,zɛŋeɪ,zɛŋoʊ
zɛŋ.u,zɛŋ.i,zɛŋu,zɛŋi,zɛŋu,zɛŋi
zɛŋ.o,zɛŋ.e,zɛŋo,zɛŋe,zɛŋoʊ,zɛŋeɪ
zɛp.i,zɛp.u,zɛpi,zɛpu,zɛpi,zɛpu
zɛp.e,zɛp.o,zɛpe,zɛpo,zɛpeɪ,zɛpoʊ
zɛp.u,zɛp.i,zɛpu,zɛpi,zɛpu,zɛpi
zɛp.o,zɛp.e,zɛpo,zɛpe,zɛpoʊ,zɛpeɪ
zɛt.i,zɛt.u,zɛti,zɛtu,zɛti,zɛtu
zɛt.e,zɛt.o,zɛte,zɛto,zɛteɪ,zɛtoʊ
zɛt.u,zɛt.i,zɛtu,zɛti,zɛtu,zɛti
zɛt.o,zɛt.e,zɛto,zɛte,zɛtoʊ,zɛteɪ
zɛk.i,zɛk.u,zɛki,zɛku,zɛki,zɛku
zɛk.e,zɛk.o,zɛke,zɛko,zɛkeɪ,zɛkoʊ
zɛk.u,zɛk.i,zɛku,zɛki,zɛku,zɛki
zɛk.o,zɛk.e,zɛko,zɛke,zɛkoʊ,zɛkeɪ
zɛb.i,zɛb.u,zɛbi,zɛbu,zɛbi,zɛbu
zɛb.e,zɛb.o,zɛbe,zɛbo,zɛbeɪ,zɛboʊ
zɛb.u,zɛb.i,zɛbu,zɛbi,zɛbu,zɛbi
zɛb.o,zɛb.e,zɛbo,zɛbe,zɛboʊ,zɛbeɪ
zɛd.i,zɛd.u,zɛdi,zɛdu,zɛdi,zɛdu
zɛd.e,zɛd.o,zɛde,zɛdo,zɛdeɪ,zɛdoʊ
zɛd.u,zɛd.i,zɛdu,zɛdi,zɛdu,zɛdi
zɛd.o,zɛd.e,zɛdo,zɛde,zɛdoʊ,zɛdeɪ
zɛg.i,zɛg.u,zɛgi,zɛgu,zɛgi,zɛgu
zɛg.e,zɛg.o,zɛge,zɛgo,zɛgeɪ,zɛgoʊ
zɛg.u,zɛg.i,zɛgu,zɛgi,zɛgu,zɛgi
zɛg.o,zɛg.e,zɛgo,zɛge,zɛgoʊ,zɛgeɪ
zɛf.i,zɛf.u,zɛfi,zɛfu,zɛfi,zɛfu
zɛf.e,zɛf.o,zɛfe,zɛfo,zɛfeɪ,zɛfoʊ
zɛf.u,zɛf.i,zɛfu,zɛfi,zɛfu,zɛfi
zɛf.o,zɛf.e,zɛfo,zɛfe,zɛfoʊ,zɛfeɪ
zɛs.i,zɛs.u,zɛsi,zɛsu,zɛsi,zɛsu
zɛs.e,zɛs.o,zɛse,zɛso,zɛseɪ,zɛsoʊ
zɛs.u,zɛs.i,zɛsu,zɛsi,zɛsu,zɛsi
zɛs.o,zɛs.e,zɛso,zɛse,zɛsoʊ,zɛseɪ
zɛv.i,zɛv.u,zɛvi,zɛvu,zɛvi,zɛvu
zɛv.e,zɛv.o,zɛve,zɛvo,zɛveɪ,zɛvoʊ
zɛv.u,zɛv.i,zɛvu,zɛvi,zɛvu,zɛvi
zɛv.o,zɛv.e,zɛvo,zɛve,zɛvoʊ,zɛveɪ
zɛz.i,zɛz.u,zɛzi,zɛzu,zɛzi,zɛzu
zɛz.e,zɛz.o,zɛze,zɛzo,zɛzeɪ,zɛzoʊ
zɛz.u,zɛz.i,zɛzu,zɛzi,zɛzu,zɛzi
zɛz.o,zɛz.e,zɛzo,zɛze,zɛzoʊ,zɛzeɪ
zɛʃ.i,zɛʃ.u,zɛʃi,zɛʃu,zɛʃi,zɛʃu
zɛʃ.e,zɛʃ.o,zɛʃe,zɛʃo,zɛʃeɪ,zɛʃoʊ
zɛʃ.u,zɛʃ.i,zɛʃu,zɛʃi,zɛʃu,zɛʃi
zɛʃ.o,zɛʃ.e,zɛʃo,zɛʃe,zɛʃoʊ,zɛʃeɪ
zɛʒ.i,zɛʒ.u,zɛʒi,zɛʒu,zɛʒi,zɛʒu
zɛʒ.e,zɛʒ.o,zɛʒe,zɛʒo,zɛʒeɪ,zɛʒoʊ
zɛʒ.u,zɛʒ.i,zɛʒu,zɛʒi,zɛʒu,zɛʒi
zɛʒ.o,zɛʒ.e,zɛʒo,zɛʒe,zɛʒoʊ,zɛʒeɪ
zɛθ.i,zɛθ.u,zɛθi,zɛθu,zɛθi,zɛθu
zɛθ.e,zɛθ.o,zɛθe,zɛθo,zɛθeɪ,zɛθoʊ
zɛθ.u,zɛθ.i,zɛθu,zɛθi,zɛθu,zɛθi
zɛθ.o,zɛθ.e,zɛθo,zɛθe,zɛθoʊ,zɛθeɪ
zɛð.i,zɛð.u,zɛði,zɛðu,zɛði,zɛðu
zɛð.e,zɛð.o,zɛðe,zɛðo,zɛðeɪ,zɛðoʊ
zɛð.u,zɛð.i,zɛðu,zɛði,zɛðu,zɛði
zɛð.o,zɛð.e,zɛðo,zɛðe,zɛðoʊ,zɛðeɪ
ʃɛm.i,ʃɛm.u,ʃɛmi,ʃɛmu,ʃɛmi,ʃɛmu
ʃɛm.e,ʃɛm.o,ʃɛme,ʃɛmo,ʃɛmeɪ,ʃɛmoʊ
ʃɛm.u,ʃɛm.i,ʃɛmu,ʃɛmi,ʃɛmu,ʃɛmi
ʃɛm.o,ʃɛm.e,ʃɛmo,ʃɛme,ʃɛmoʊ,ʃɛmeɪ
ʃɛn.i,ʃɛn.u,ʃɛni,ʃɛnu,ʃɛni,ʃɛnu
ʃɛn.e,ʃɛn.o,ʃɛne,ʃɛno,ʃɛneɪ,ʃɛnoʊ
ʃɛn.u,ʃɛn.i,ʃɛnu,ʃɛni,ʃɛnu,ʃɛni
ʃɛn.o,ʃɛn.e,ʃɛno,ʃɛne,ʃɛnoʊ,ʃɛneɪ
ʃɛŋ.i,ʃɛŋ.u,ʃɛŋi,ʃɛŋu,ʃɛŋi,ʃɛŋu
ʃɛŋ.e,ʃɛŋ.o,ʃɛŋe,ʃɛŋo,ʃɛŋeɪ,ʃɛŋoʊ
ʃɛŋ.u,ʃɛŋ.i,ʃɛŋu,ʃɛŋi,ʃɛŋu,ʃɛŋi
ʃɛŋ.o,ʃɛŋ.e,ʃɛŋo,ʃɛŋe,ʃɛŋoʊ,ʃɛŋeɪ
ʃɛp.i,ʃɛp.u,ʃɛpi,ʃɛpu,ʃɛpi,ʃɛpu
ʃɛp.e,ʃɛp.o,ʃɛpe,ʃɛpo,ʃɛpeɪ,ʃɛpoʊ
ʃɛp.u,ʃɛp.i,ʃɛpu,ʃɛpi,ʃɛpu,ʃɛpi
ʃɛp.o,ʃɛp.e,ʃɛpo,ʃɛpe,ʃɛpoʊ,ʃɛpeɪ
ʃɛt.i,ʃɛt.u,ʃɛti,ʃɛtu,ʃɛti,ʃɛtu
ʃɛt.e,ʃɛt.o,ʃɛte,ʃɛto,ʃɛteɪ,ʃɛtoʊ
ʃɛt.u,ʃɛt.i,ʃɛtu,ʃɛti,ʃɛtu,ʃɛti
ʃɛt.o,ʃɛt.e,ʃɛto,ʃɛte,ʃɛtoʊ,ʃɛteɪ
ʃɛk.i,ʃɛk.u,ʃɛki,ʃɛku,ʃɛki,ʃɛku
ʃɛk.e,ʃɛk.o,ʃɛke,ʃɛko,ʃɛkeɪ,ʃɛkoʊ
ʃɛk.u,ʃɛk.i,ʃɛku,ʃɛki,ʃɛku,ʃɛki
ʃɛk.o,ʃɛk.e,ʃɛko,ʃɛke,ʃɛkoʊ,ʃɛkeɪ
ʃɛb.i,ʃɛb.u,ʃɛbi,ʃɛbu,ʃɛbi,ʃɛbu
ʃɛb.e,ʃɛb.o,ʃɛbe,ʃɛbo,ʃɛbeɪ,ʃɛboʊ
ʃɛb.u,ʃɛb.i,ʃɛbu,ʃɛbi,ʃɛbu,ʃɛbi
ʃɛb.o,ʃɛb.e,ʃɛbo,ʃɛbe,ʃɛboʊ,ʃɛbeɪ
ʃɛd.i,ʃɛd.u,ʃɛdi,ʃɛdu,ʃɛdi,ʃɛdu
ʃɛd.e,ʃɛd.o,ʃɛde,ʃɛdo,ʃɛdeɪ,ʃɛdoʊ
ʃɛd.u,ʃɛd.i,ʃɛdu,ʃɛdi,ʃɛdu,ʃɛdi
ʃɛd.o,ʃɛd.e,ʃɛdo,ʃɛde,ʃɛdoʊ,ʃɛdeɪ
ʃɛg.i,ʃɛg.u,ʃɛgi,ʃɛgu,ʃɛgi,ʃɛgu
ʃɛg.e,ʃɛg.o,ʃɛge,ʃɛgo,ʃɛgeɪ,ʃɛgoʊ
ʃɛg.u,ʃɛg.i,ʃɛgu,ʃɛgi,ʃɛgu,ʃɛgi
ʃɛg.o,ʃɛg.e,ʃɛgo,ʃɛge,ʃɛgoʊ,ʃɛgeɪ
ʃɛf.i,ʃɛf.u,ʃɛfi,ʃɛfu,ʃɛfi,ʃɛfu
ʃɛf.e,ʃɛf.o,ʃɛfe,ʃɛfo,ʃɛfeɪ,ʃɛfoʊ
ʃɛf.u,ʃɛf.i,ʃɛfu,ʃɛfi,ʃɛfu,ʃɛfi
ʃɛf.o,ʃɛf.e,ʃɛfo,ʃɛfe,ʃɛfoʊ,ʃɛfeɪ
ʃɛs.i,ʃɛs.u,ʃɛsi,ʃɛsu,ʃɛsi,ʃɛsu
ʃɛs.e,ʃɛs.o,ʃɛse,ʃɛso,ʃɛseɪ,ʃɛsoʊ
ʃɛs.u,ʃɛs.i,ʃɛsu,ʃɛsi,ʃɛsu,ʃɛsi
ʃɛs.o,ʃɛs.e,ʃɛso,ʃɛse,ʃɛsoʊ,ʃɛseɪ
ʃɛv.i,ʃɛv.u,ʃɛvi,ʃɛvu,ʃɛvi,ʃɛvu
ʃɛv.e,ʃɛv.o,ʃɛve,ʃɛvo,ʃɛveɪ,ʃɛvoʊ
ʃɛv.u,ʃɛv.i,ʃɛvu,ʃɛvi,ʃɛvu,ʃɛvi
ʃɛv.o,ʃɛv.e,ʃɛvo,ʃɛve,ʃɛvoʊ,ʃɛveɪ
ʃɛz.i,ʃɛz.u,ʃɛzi,ʃɛzu,ʃɛzi,ʃɛzu
ʃɛz.e,ʃɛz.o,ʃɛze,ʃɛzo,ʃɛzeɪ,ʃɛzoʊ
ʃɛz.u,ʃɛz.i,ʃɛzu,ʃɛzi,ʃɛzu,ʃɛzi
ʃɛz.o,ʃɛz.e,ʃɛzo,ʃɛze,ʃɛzoʊ,ʃɛzeɪ
ʃɛʃ.i,ʃɛʃ.u,ʃɛʃi,ʃɛʃu,ʃɛʃi,ʃɛʃu
ʃɛʃ.e,ʃɛʃ.o,ʃɛʃe,ʃɛʃo,ʃɛʃeɪ,ʃɛʃoʊ
ʃɛʃ.u,ʃɛʃ.i,ʃɛʃu,ʃɛʃi,ʃɛʃu,ʃɛʃi
ʃɛʃ.o,ʃɛʃ.e,ʃɛʃo,ʃɛʃe,ʃɛʃoʊ,ʃɛʃeɪ
ʃɛʒ.i,ʃɛʒ.u,ʃɛʒi,ʃɛʒu,ʃɛʒi,ʃɛʒu
ʃɛʒ.e,ʃɛʒ.o,ʃɛʒe,ʃɛʒo,ʃɛʒeɪ,ʃɛʒoʊ
ʃɛʒ.u,ʃɛʒ.i,ʃɛʒu,ʃɛʒi,ʃɛʒu,ʃɛʒi
ʃɛʒ.o,ʃɛʒ.e,ʃɛʒo,ʃɛʒe,ʃɛʒoʊ,ʃɛʒeɪ
ʃɛθ.i,ʃɛθ.u,ʃɛθi,ʃɛθu,ʃɛθi,ʃɛθu
ʃɛθ.e,ʃɛθ.o,ʃɛθe,ʃɛθo,ʃɛθeɪ,ʃɛθoʊ
ʃɛθ.u,ʃɛθ.i,ʃɛθu,ʃɛθi,ʃɛθu,ʃɛθi
ʃɛθ.o,ʃɛθ.e,ʃɛθo,ʃɛθe,ʃɛθoʊ,ʃɛθeɪ
ʃɛð.i,ʃɛð.u,ʃɛði,ʃɛðu,ʃɛði,ʃɛðu
ʃɛð.e,ʃɛð.o,ʃɛðe,ʃɛðo,ʃɛðeɪ,ʃɛðoʊ
ʃɛð.u,ʃɛð.i,ʃɛðu,ʃɛði,ʃɛðu,ʃɛði
ʃɛð.o,ʃɛð.e,ʃɛðo,ʃɛðe,ʃɛðoʊ,ʃɛðeɪ
ʒɛm.i,ʒɛm.u,ʒɛmi,ʒɛmu,ʒɛmi,ʒɛmu
ʒɛm.e,ʒɛm.o,ʒɛme,ʒɛmo,ʒɛmeɪ,ʒɛmoʊ
ʒɛm.u,ʒɛm.i,ʒɛmu,ʒɛmi,ʒɛmu,ʒɛmi
ʒɛm.o,ʒɛm.e,ʒɛmo,ʒɛme,ʒɛmoʊ,ʒɛmeɪ
ʒɛn.i,ʒɛn.u,ʒɛni,ʒɛnu,ʒɛni,ʒɛnu
ʒɛn.e,ʒɛn.o,ʒɛne,ʒɛno,ʒɛneɪ,ʒɛnoʊ
ʒɛn.u,ʒɛn.i,ʒɛnu,ʒɛni,ʒɛnu,ʒɛni
ʒɛn.o,ʒɛn.e,ʒɛno,ʒɛne,ʒɛnoʊ,ʒɛneɪ
ʒɛŋ.i,ʒɛŋ.u,ʒɛŋi,ʒɛŋu,ʒɛŋi,ʒɛŋu
ʒɛŋ.e,ʒɛŋ.o,ʒɛŋe,ʒɛŋo,ʒɛŋeɪ,ʒɛŋoʊ
ʒɛŋ.u,ʒɛŋ.i,ʒɛŋu,ʒɛŋi,ʒɛŋu,ʒɛŋi
ʒɛŋ.o,ʒɛŋ.e,ʒɛŋo,ʒɛŋe,ʒɛŋoʊ,ʒɛŋeɪ
ʒɛp.i,ʒɛp.u,ʒɛpi,ʒɛpu,ʒɛpi,ʒɛpu
ʒɛp.e,ʒɛp.o,ʒɛpe,ʒɛpo,ʒɛpeɪ,ʒɛpoʊ
ʒɛp.u,ʒɛp.i,ʒɛpu,ʒɛpi,ʒɛpu,ʒɛpi
ʒɛp.o,ʒɛp.e,ʒɛpo,ʒɛpe,ʒɛpoʊ,ʒɛpeɪ
ʒɛt.i,ʒɛt.u,ʒɛti,ʒɛtu,ʒɛti,ʒɛtu
ʒɛt.e,ʒɛt.o,ʒɛte,ʒɛto,ʒɛteɪ,ʒɛtoʊ
ʒɛt.u,ʒɛt.i,ʒɛtu,ʒɛti,ʒɛtu,ʒɛti
ʒɛt.o,ʒɛt.e,ʒɛto,ʒɛte,ʒɛtoʊ,ʒɛteɪ
ʒɛk.i,ʒɛk.u,ʒɛki,ʒɛku,ʒɛki,ʒɛku
ʒɛk.e,ʒɛk.o,ʒɛke,ʒɛko,ʒɛkeɪ,ʒɛkoʊ
ʒɛk.u,ʒɛk.i,ʒɛku,ʒɛki,ʒɛku,ʒɛki
ʒɛk.o,ʒɛk.e,ʒɛko,ʒɛke,ʒɛkoʊ,ʒɛkeɪ
ʒɛb.i,ʒɛb.u,ʒɛbi,ʒɛbu,ʒɛbi,ʒɛbu
ʒɛb.e,ʒɛb.o,ʒɛbe,ʒɛbo,ʒɛbeɪ,ʒɛboʊ
ʒɛb.u,ʒɛb.i,ʒɛbu,ʒɛbi,ʒɛbu,ʒɛbi
ʒɛb.o,ʒɛb.e,ʒɛbo,ʒɛbe,ʒɛboʊ,ʒɛbeɪ
ʒɛd.i,ʒɛd.u,ʒɛdi,ʒɛdu,ʒɛdi,ʒɛdu
ʒɛd.e,ʒɛd.o,ʒɛde,ʒɛdo,ʒɛdeɪ,ʒɛdoʊ
ʒɛd.u,ʒɛd.i,ʒɛdu,ʒɛdi,ʒɛdu,ʒɛdi
ʒɛd.o,ʒɛd.e,ʒɛdo,ʒɛde,ʒɛdoʊ,ʒɛdeɪ
ʒɛg.i,ʒɛg.u,ʒɛgi,ʒɛgu,ʒɛgi,ʒɛgu
ʒɛg.e,ʒɛg.o,ʒɛge,ʒɛgo,ʒɛgeɪ,ʒɛgoʊ
ʒɛg.u,ʒɛg.i,ʒɛgu,ʒɛgi,ʒɛgu,ʒɛgi
ʒɛg.o,ʒɛg.e,ʒɛgo,ʒɛge,ʒɛgoʊ,ʒɛgeɪ
ʒɛf.i,ʒɛf.u,ʒɛfi,ʒɛfu,ʒɛfi,ʒɛfu
ʒɛf.e,ʒɛf.o,ʒɛfe,ʒɛfo,ʒɛfeɪ,ʒɛfoʊ
ʒɛf.u,ʒɛf.i,ʒɛfu,ʒɛfi,ʒɛfu,ʒɛfi
ʒɛf.o,ʒɛf.e,ʒɛfo,ʒɛfe,ʒɛfoʊ,ʒɛfeɪ
ʒɛs.i,ʒɛs.u,ʒɛsi,ʒɛsu,ʒɛsi,ʒɛsu
ʒɛs.e,ʒɛs.o,ʒɛse,ʒɛso,ʒɛseɪ,ʒɛsoʊ
ʒɛs.u,ʒɛs.i,ʒɛsu,ʒɛsi,ʒɛsu,ʒɛsi
ʒɛs.o,ʒɛs.e,ʒɛso,ʒɛse,ʒɛsoʊ,ʒɛseɪ
ʒɛv.i,ʒɛv.u,ʒɛvi,ʒɛvu,ʒɛvi,ʒɛvu
ʒɛv.e,ʒɛv.o,ʒɛve,ʒɛvo,ʒɛveɪ,ʒɛvoʊ
ʒɛv.u,ʒɛv.i,ʒɛvu,ʒɛvi,ʒɛvu,ʒɛvi
ʒɛv.o,ʒɛv.e,ʒɛvo,ʒɛve,ʒɛvoʊ,ʒɛveɪ
ʒɛz.i,ʒɛz.u,ʒɛzi,ʒɛzu,ʒɛzi,ʒɛzu
ʒɛz.e,ʒɛz.o,ʒɛze,ʒɛzo,ʒɛzeɪ,ʒɛzoʊ
ʒɛz.u,ʒɛz.i,ʒɛzu,ʒɛzi,ʒɛzu,ʒɛzi
ʒɛz.o,ʒɛz.e,ʒɛzo,ʒɛze,ʒɛzoʊ,ʒɛzeɪ
ʒɛʃ.i,ʒɛʃ.u,ʒɛʃi,ʒɛʃu,ʒɛʃi,ʒɛʃu
ʒɛʃ.e,ʒɛʃ.o,ʒɛʃe,ʒɛʃo,ʒɛʃeɪ,ʒɛʃoʊ
ʒɛʃ.u,ʒɛʃ.i,ʒɛʃu,ʒɛʃi,ʒɛʃu,ʒɛʃi
ʒɛʃ.o,ʒɛʃ.e,ʒɛʃo,ʒɛʃe,ʒɛʃoʊ,ʒɛʃeɪ
ʒɛʒ.i,ʒɛʒ.u,ʒɛʒi,ʒɛʒu,ʒɛʒi,ʒɛʒu
ʒɛʒ.e,ʒɛʒ.o,ʒɛʒe,ʒɛʒo,ʒɛʒeɪ,ʒɛʒoʊ
ʒɛʒ.u,ʒɛʒ.i,ʒɛʒu,ʒɛʒi,ʒɛʒu,ʒɛʒi
ʒɛʒ.o,ʒɛʒ.e,ʒɛʒo,ʒɛʒe,ʒɛʒoʊ,ʒɛʒeɪ
ʒɛθ.i,ʒɛθ.u,ʒɛθi,ʒɛθu,ʒɛθi,ʒɛθu
ʒɛθ.e,ʒɛθ.o,ʒɛθe,ʒɛθo,ʒɛθeɪ,ʒɛθoʊ
ʒɛθ.u,ʒɛθ.i,ʒɛθu,ʒɛθi,ʒɛθu,ʒɛθi
ʒɛθ.o,ʒɛθ.e,ʒɛθo,ʒɛθe,ʒɛθoʊ,ʒɛθeɪ
ʒɛð.i,ʒɛð.u,ʒɛði,ʒɛðu,ʒɛði,ʒɛðu
ʒɛð.e,ʒɛð.o,ʒɛðe,ʒɛðo,ʒɛðeɪ,ʒɛðoʊ
ʒɛð.u,ʒɛð.i,ʒɛðu,ʒɛði,ʒɛðu,ʒɛði
ʒɛð.o,ʒɛð.e,ʒɛðo,ʒɛðe,ʒɛðoʊ,ʒɛðeɪ
θɛm.i,θɛm.u,θɛmi,θɛmu,θɛmi,θɛmu
θɛm.e,θɛm.o,θɛme,θɛmo,θɛmeɪ,θɛmoʊ
θɛm.u,θɛm.i,θɛmu,θɛmi,θɛmu,θɛmi
θɛm.o,θɛm.e,θɛmo,θɛme,θɛmoʊ,θɛmeɪ
θɛn.i,θɛn.u,θɛni,θɛnu,θɛni,θɛnu
θɛn.e,θɛn.o,θɛne,θɛno,θɛneɪ,θɛnoʊ
θɛn.u,θɛn.i,θɛnu,θɛni,θɛnu,θɛni
θɛn.o,θɛn.e,θɛno,θɛne,θɛnoʊ,θɛneɪ
θɛŋ.i,θɛŋ.u,θɛŋi,θɛŋu,θɛŋi,θɛŋu
θɛŋ.e,θɛŋ.o,θɛŋe,θɛŋo,θɛŋeɪ,θɛŋoʊ
θɛŋ.u,θɛŋ.i,θɛŋu,θɛŋi,θɛŋu,θɛŋi
θɛŋ.o,θɛŋ.e,θɛŋo,θɛŋe,θɛŋoʊ,θɛŋeɪ
θɛp.i,θɛp.u,θɛpi,θɛpu,θɛpi,θɛpu
θɛp.e,θɛp.o,θɛpe,θɛpo,θɛpeɪ,θɛpoʊ
θɛp.u,θɛp.i,θɛpu,θɛpi,θɛpu,θɛpi
θɛp.o,θɛp.e,θɛpo,θɛpe,θɛpoʊ,θɛpeɪ
θɛt.i,θɛt.u,θɛti,θɛtu,θɛti,θɛtu
θɛt.e,θɛt.o,θɛte,θɛto,θɛteɪ,θɛtoʊ
θɛt.u,θɛt.i,θɛtu,θɛti,θɛtu,θɛti
θɛt.o,θɛt.e,θɛto,θɛte,θɛtoʊ,θɛteɪ
θɛk.i,θɛk.u,θɛki,θɛku,θɛki,θɛku
θɛk.e,θɛk.o,θɛke,θɛko,θɛkeɪ,θɛkoʊ
θɛk.u,θɛk.i,θɛku,θɛki,θɛku,θɛki
θɛk.o,θɛk.e,θɛko,θɛke,θɛkoʊ,θɛkeɪ
θɛb.i,θɛb.u,θɛbi,θɛbu,θɛbi,θɛbu
θɛb.e,θɛb.o,θɛbe,θɛbo,θɛbeɪ,θɛboʊ
θɛb.u,θɛb.i,θɛbu,θɛbi,θɛbu,θɛbi
θɛb.o,θɛb.e,θɛbo,θɛbe,θɛboʊ,θɛbeɪ
θɛd.i,θɛd.u,θɛdi,θɛdu,θɛdi,θɛdu
θɛd.e,θɛd.o,θɛde,θɛdo,θɛdeɪ,θɛdoʊ
θɛd.u,θɛd.i,θɛdu,θɛdi,θɛdu,θɛdi
θɛd.o,θɛd.e,θɛdo,θɛde,θɛdoʊ,θɛdeɪ
θɛg.i,θɛg.u,θɛgi,θɛgu,θɛgi,θɛgu
θɛg.e,θɛg.o,θɛge,θɛgo,θɛgeɪ,θɛgoʊ
θɛg.u,θɛg.i,θɛgu,θɛgi,θɛgu,θɛgi
θɛg.o,θɛg.e,θɛgo,θɛge,θɛgoʊ,θɛgeɪ
θɛf.i,θɛf.u,θɛfi,θɛfu,θɛfi,θɛfu
θɛf.e,θɛf.o,θɛfe,θɛfo,θɛfeɪ,θɛfoʊ
θɛf.u,θɛf.i,θɛfu,θɛfi,θɛfu,θɛfi
θɛf.o,θɛf.e,θɛfo,θɛfe,θɛfoʊ,θɛfeɪ
θɛs.i,θɛs.u,θɛsi,θɛsu,θɛsi,θɛsu
θɛs.e,θɛs.o,θɛse,θɛso,θɛseɪ,θɛsoʊ
θɛs.u,θɛs.i,θɛsu,θɛsi,θɛsu,θɛsi
θɛs.o,θɛs.e,θɛso,θɛse,θɛsoʊ,θɛseɪ
θɛv.i,θɛv.u,θɛvi,θɛvu,θɛvi,θɛvu
θɛv.e,θɛv.o,θɛve,θɛvo,θɛveɪ,θɛvoʊ
θɛv.u,θɛv.i,θɛvu,θɛvi,θɛvu,θɛvi
θɛv.o,θɛv.e,θɛvo,θɛve,θɛvoʊ,θɛveɪ
θɛz.i,θɛz.u,θɛzi,θɛzu,θɛzi,θɛzu
θɛz.e,θɛz.o,θɛze,θɛzo,θɛzeɪ,θɛzoʊ
θɛz.u,θɛz.i,θɛzu,θɛzi,θɛzu,θɛzi
θɛz.o,θɛz.e,θɛzo,θɛze,θɛzoʊ,θɛzeɪ
θɛʃ.i,θɛʃ.u,θɛʃi,θɛʃu,θɛʃi,θɛʃu
θɛʃ.e,θɛʃ.o,θɛʃe,θɛʃo,θɛʃeɪ,θɛʃoʊ
θɛʃ.u,θɛʃ.i,θɛʃu,θɛʃi,θɛʃu,θɛʃi
θɛʃ.o,θɛʃ.e,θɛʃo,θɛʃe,θɛʃoʊ,θɛʃeɪ
θɛʒ.i,θɛʒ.u,θɛʒi,θɛʒu,θɛʒi,θɛʒu
θɛʒ.e,θɛʒ.o,θɛʒe,θɛʒo,θɛʒeɪ,θɛʒoʊ
θɛʒ.u,θɛʒ.i,θɛʒu,θɛʒi,θɛʒu,θɛʒi
θɛʒ.o,θɛʒ.e,θɛʒo,θɛʒe,θɛʒoʊ,θɛʒeɪ
θɛθ.i,θɛθ.u,θɛθi,θɛθu,θɛθi,θɛθu
θɛθ.e,θɛθ.o,θɛθe,θɛθo,θɛθeɪ,θɛθoʊ
θɛθ.u,θɛθ.i,θɛθu,θɛθi,θɛθu,θɛθi
θɛθ.o,θɛθ.e,θɛθo,θɛθe,θɛθoʊ,θɛθeɪ
θɛð.i,θɛð.u,θɛði,θɛðu,θɛði,θɛðu
θɛð.e,θɛð.o,θɛðe,θɛðo,θɛðeɪ,θɛðoʊ
θɛð.u,θɛð.i,θɛðu,θɛði,θɛðu,θɛði
θɛð.o,θɛð.e,θɛðo,θɛðe,θɛðoʊ,θɛðeɪ
ðɛm.i,ðɛm.u,ðɛmi,ðɛmu,ðɛmi,ðɛmu
ðɛm.e,ðɛm.o,ðɛme,ðɛmo,ðɛmeɪ,ðɛmoʊ
ðɛm.u,ðɛm.i,ðɛmu,ðɛmi,ðɛmu,ðɛmi
ðɛm.o,ðɛm.e,ðɛmo,ðɛme,ðɛmoʊ,ðɛmeɪ
ðɛn.i,ðɛn.u,ðɛni,ðɛnu,ðɛni,ðɛnu
ðɛn.e,ðɛn.o,ðɛne,ðɛno,ðɛneɪ,ðɛnoʊ
ðɛn.u,ðɛn.i,ðɛnu,ðɛni,ðɛnu,ðɛni
ðɛn.o,ðɛn.e,ðɛno,ðɛne,ðɛnoʊ,ðɛneɪ
ðɛŋ.i,ðɛŋ.u,ðɛŋi,ðɛŋu,ðɛŋi,ðɛŋu
ðɛŋ.e,ðɛŋ.o,ðɛŋe,ðɛŋo,ðɛŋeɪ,ðɛŋoʊ
ðɛŋ.u,ðɛŋ.i,ðɛŋu,ðɛŋi,ðɛŋu,ðɛŋi
ðɛŋ.o,ðɛŋ.e,ðɛŋo,ðɛŋe,ðɛŋoʊ,ðɛŋeɪ
ðɛp.i,ðɛp.u,ðɛpi,ðɛpu,ðɛpi,ðɛpu
ðɛp.e,ðɛp.o,ðɛpe,ðɛpo,ðɛpeɪ,ðɛpoʊ
ðɛp.u,ðɛp.i,ðɛpu,ðɛpi,ðɛpu,ðɛpi
ðɛp.o,ðɛp.e,ðɛpo,ðɛpe,ðɛpoʊ,ðɛpeɪ
ðɛt.i,ðɛt.u,ðɛti,ðɛtu,ðɛti,ðɛtu
ðɛt.e,ðɛt.o,ðɛte,ðɛto,ðɛteɪ,ðɛtoʊ
ðɛt.u,ðɛt.i,ðɛtu,ðɛti,ðɛtu,ðɛti
ðɛt.o,ðɛt.e,ðɛto,ðɛte,ðɛtoʊ,ðɛteɪ
ðɛk.i,ðɛk.u,ðɛki,ðɛku,ðɛki,ðɛku
ðɛk.e,ðɛk.o,ðɛke,ðɛko,ðɛkeɪ,ðɛkoʊ
ðɛk.u,ðɛk.i,ðɛku,ðɛki,ðɛku,ðɛki
ðɛk.o,ðɛk.e,ðɛko,ðɛke,ðɛkoʊ,ðɛkeɪ
ðɛb.i,ðɛb.u,ðɛbi,ðɛbu,ðɛbi,ðɛbu
ðɛb.e,ðɛb.o,ðɛbe,ðɛbo,ðɛbeɪ,ðɛboʊ
ðɛb.u,ðɛb.i,ðɛbu,ðɛbi,ðɛbu,ðɛbi
ðɛb.o,ðɛb.e,ðɛbo,ðɛbe,ðɛboʊ,ðɛbeɪ
ðɛd.i,ðɛd.u,ðɛdi,ðɛdu,ðɛdi,ðɛdu
ðɛd.e,ðɛd.o,ðɛde,ðɛdo,ðɛdeɪ,ðɛdoʊ
ðɛd.u,ðɛd.i,ðɛdu,ðɛdi,ðɛdu,ðɛdi
ðɛd.o,ðɛd.e,ðɛdo,ðɛde,ðɛdoʊ,ðɛdeɪ
ðɛg.i,ðɛg.u,ðɛgi,ðɛgu,ðɛgi,ðɛgu
ðɛg.e,ðɛg.o,ðɛge,ðɛgo,ðɛgeɪ,ðɛgoʊ
ðɛg.u,ðɛg.i,ðɛgu,ðɛgi,ðɛgu,ðɛgi
ðɛg.o,ðɛg.e,ðɛgo,ðɛge,ðɛgoʊ,ðɛgeɪ
ðɛf.i,ðɛf.u,ðɛfi,ðɛfu,ðɛfi,ðɛfu
ðɛf.e,ðɛf.o,ðɛfe,ðɛfo,ðɛfeɪ,ðɛfoʊ
ðɛf.u,ðɛf.i,ðɛfu,ðɛfi,ðɛfu,ðɛfi
ðɛf.o,ðɛf.e,ðɛfo,ðɛfe,ðɛfoʊ,ðɛfeɪ
ðɛs.i,ðɛs.u,ðɛsi,ðɛsu,ðɛsi,ðɛsu
ðɛs.e,ðɛs.o,ðɛse,ðɛso,ðɛseɪ,ðɛsoʊ
ðɛs.u,ðɛs.i,ðɛsu,ðɛsi,ðɛsu,ðɛsi
ðɛs.o,ðɛs.e,ðɛso,ðɛse,ðɛsoʊ,ðɛseɪ
ðɛv.i,ðɛv.u,ðɛvi,ðɛvu,ðɛvi,ðɛvu
ðɛv.e,ðɛv.o,ðɛve,ðɛvo,ðɛveɪ,ðɛvoʊ
ðɛv.u,ðɛv.i,ðɛvu,ðɛvi,ðɛvu,ðɛvi
ðɛv.o,ðɛv.e,ðɛvo,ðɛve,ðɛvoʊ,ðɛveɪ
ðɛz.i,ðɛz.u,ðɛzi,ðɛzu,ðɛzi,ðɛzu
ðɛz.e,ðɛz.o,ðɛze,ðɛzo,ðɛzeɪ,ðɛzoʊ
ðɛz.u,ðɛz.i,ðɛzu,ðɛzi,ðɛzu,ðɛzi
ðɛz.o,ðɛz.e,ðɛzo,ðɛze,ðɛzoʊ,ðɛzeɪ
ðɛʃ.i,ðɛʃ.u,ðɛʃi,ðɛʃu,ðɛʃi,ðɛʃu
ðɛʃ.e,ðɛʃ.o,ðɛʃe,ðɛʃo,ðɛʃeɪ,ðɛʃoʊ
ðɛʃ.u,ðɛʃ.i,ðɛʃu,ðɛʃi,ðɛʃu,ðɛʃi
ðɛʃ.o,ðɛʃ.e,ðɛʃo,ðɛʃe,ðɛʃoʊ,ðɛʃeɪ
ðɛʒ.i,ðɛʒ.u,ðɛʒi,ðɛʒu,ðɛʒi,ðɛʒu
ðɛʒ.e,ðɛʒ.o,ðɛʒe,ðɛʒo,ðɛʒeɪ,ðɛʒoʊ
ðɛʒ.u,ðɛʒ.i,ðɛʒu,ðɛʒi,ðɛʒu,ðɛʒi
ðɛʒ.o,ðɛʒ.e,ðɛʒo,ðɛʒe,ðɛʒoʊ,ðɛʒeɪ
ðɛθ.i,ðɛθ.u,ðɛθi,ðɛθu,ðɛθi,ðɛθu
ðɛθ.e,ðɛθ.o,ðɛθe,ðɛθo,ðɛθeɪ,ðɛθoʊ
ðɛθ.u,ðɛθ.i,ðɛθu,ðɛθi,ðɛθu,ðɛθi
ðɛθ.o,ðɛθ.e,ðɛθo,ðɛθe,ðɛθoʊ,ðɛθeɪ
ðɛð.i,ðɛð.u,ðɛði,ðɛðu,ðɛði,ðɛðu
ðɛð.e,ðɛð.o,ðɛðe,ðɛðo,ðɛðeɪ,ðɛðoʊ
ðɛð.u,ðɛð.i,ðɛðu,ðɛði,ðɛðu,ðɛði
ðɛð.o,ðɛð.e,ðɛðo,ðɛðe,ðɛðoʊ,ðɛðeɪ
hɛm.i,hɛm.u,hɛmi,hɛmu,hɛmi,hɛmu
hɛm.e,hɛm.o,hɛme,hɛmo,hɛmeɪ,hɛmoʊ
hɛm.u,hɛm.i,hɛmu,hɛmi,hɛmu,hɛmi
hɛm.o,hɛm.e,hɛmo,hɛme,hɛmoʊ,hɛmeɪ
hɛn.i,hɛn.u,hɛni,hɛnu,hɛni,hɛnu
hɛn.e,hɛn.o,hɛne,hɛno,hɛneɪ,hɛnoʊ
hɛn.u,hɛn.i,hɛnu,hɛni,hɛnu,hɛni
hɛn.o,hɛn.e,hɛno,hɛne,hɛnoʊ,hɛneɪ
hɛŋ.i,hɛŋ.u,hɛŋi,hɛŋu,hɛŋi,hɛŋu
hɛŋ.e,hɛŋ.o,hɛŋe,hɛŋo,hɛŋeɪ,hɛŋoʊ
hɛŋ.u,hɛŋ.i,hɛŋu,hɛŋi,hɛŋu,hɛŋi
hɛŋ.o,hɛŋ.e,hɛŋo,hɛŋe,hɛŋoʊ,hɛŋeɪ
hɛp.i,hɛp.u,hɛpi,hɛpu,hɛpi,hɛpu
hɛp.e,hɛp.o,hɛpe,hɛpo,hɛpeɪ,hɛpoʊ
hɛp.u,hɛp.i,hɛpu,hɛpi,hɛpu,hɛpi
hɛp.o,hɛp.e,hɛpo,hɛpe,hɛpoʊ,hɛpeɪ
hɛt.i,hɛt.u,hɛti,hɛtu,hɛti,hɛtu
hɛt.e,hɛt.o,hɛte,hɛto,hɛteɪ,hɛtoʊ
hɛt.u,hɛt.i,hɛtu,hɛti,hɛtu,hɛti
hɛt.o,hɛt.e,hɛto,hɛte,hɛtoʊ,hɛteɪ
hɛk.i,hɛk.u,hɛki,hɛku,hɛki,hɛku
hɛk.e,hɛk.o,hɛke,hɛko,hɛkeɪ,hɛkoʊ
hɛk.u,hɛk.i,hɛku,hɛki,hɛku,hɛki
hɛk.o,hɛk.e,hɛko,hɛke,hɛkoʊ,hɛkeɪ
hɛb.i,hɛb.u,hɛbi,hɛbu,hɛbi,hɛbu
hɛb.e,hɛb.o,hɛbe,hɛbo,hɛbeɪ,hɛboʊ
hɛb.u,hɛb.i,hɛbu,hɛbi,hɛbu,hɛbi
hɛb.o,hɛb.e,hɛbo,hɛbe,hɛboʊ,hɛbeɪ
hɛd.i,hɛd.u,hɛdi,hɛdu,hɛdi,hɛdu
hɛd.e,hɛd.o,hɛde,hɛdo,hɛdeɪ,hɛdoʊ
hɛd.u,hɛd.i,hɛdu,hɛdi,hɛdu,hɛdi
hɛd.o,hɛd.e,hɛdo,hɛde,hɛdoʊ,hɛdeɪ
hɛg.i,hɛg.u,hɛgi,hɛgu,hɛgi,hɛgu
hɛg.e,hɛg.o,hɛge,hɛgo,hɛgeɪ,hɛgoʊ
hɛg.u,hɛg.i,hɛgu,hɛgi,hɛgu,hɛgi
hɛg.o,hɛg.e,hɛgo,hɛge,hɛgoʊ,hɛgeɪ
hɛf.i,hɛf.u,hɛfi,hɛfu,hɛfi,hɛfu
hɛf.e,hɛf.o,hɛfe,hɛfo,hɛfeɪ,hɛfoʊ
hɛf.u,hɛf.i,hɛfu,hɛfi,hɛfu,hɛfi
hɛf.o,hɛf.e,hɛfo,hɛfe,hɛfoʊ,hɛfeɪ
hɛs.i,hɛs.u,hɛsi,hɛsu,hɛsi,hɛsu
hɛs.e,hɛs.o,hɛse,hɛso,hɛseɪ,hɛsoʊ
hɛs.u,hɛs.i,hɛsu,hɛsi,hɛsu,hɛsi
hɛs.o,hɛs.e,hɛso,hɛse,hɛsoʊ,hɛseɪ
hɛv.i,hɛv.u,hɛvi,hɛvu,hɛvi,hɛvu
hɛv.e,hɛv.o,hɛve,hɛvo,hɛveɪ,hɛvoʊ
hɛv.u,hɛv.i,hɛvu,hɛvi,hɛvu,hɛvi
hɛv.o,hɛv.e,hɛvo,hɛve,hɛvoʊ,hɛveɪ
hɛz.i,hɛz.u,hɛzi,hɛzu,hɛzi,hɛzu
hɛz.e,hɛz.o,hɛze,hɛzo,hɛzeɪ,hɛzoʊ
hɛz.u,hɛz.i,hɛzu,hɛzi,hɛzu,hɛzi
hɛz.o,hɛz.e,hɛzo,hɛze,hɛzoʊ,hɛzeɪ
hɛʃ.i,hɛʃ.u,hɛʃi,hɛʃu,hɛʃi,hɛʃu
hɛʃ.e,hɛʃ.o,hɛʃe,hɛʃo,hɛʃeɪ,hɛʃoʊ
hɛʃ.u,hɛʃ.i,hɛʃu,hɛʃi,hɛʃu,hɛʃi
hɛʃ.o,hɛʃ.e,hɛʃo,hɛʃe,hɛʃoʊ,hɛʃeɪ
hɛʒ.i,hɛʒ.u,hɛʒi,hɛʒu,hɛʒi,hɛʒu
hɛʒ.e,hɛʒ.o,hɛʒe,hɛʒo,hɛʒeɪ,hɛʒoʊ
hɛʒ.u,hɛʒ.i,hɛʒu,hɛʒi,hɛʒu,hɛʒi
hɛʒ.o,hɛʒ.e,hɛʒo,hɛʒe,hɛʒoʊ,hɛʒeɪ
hɛθ.i,hɛθ.u,hɛθi,hɛθu,hɛθi,hɛθu
hɛθ.e,hɛθ.o,hɛθe,hɛθo,hɛθeɪ,hɛθoʊ
hɛθ.u,hɛθ.i,hɛθu,hɛθi,hɛθu,hɛθi
hɛθ.o,hɛθ.e,hɛθo,hɛθe,hɛθoʊ,hɛθeɪ
hɛð.i,hɛð.u,hɛði,hɛðu,hɛði,hɛðu
hɛð.e,hɛð.o,hɛðe,hɛðo,hɛðeɪ,hɛðoʊ
hɛð.u,hɛð.i,hɛðu,hɛði,hɛðu,hɛði
hɛð.o,hɛð.e,hɛðo,hɛðe,hɛðoʊ,hɛðeɪ
mʊm.i,mʊm.u,mʊmi,mʊmu,mʊmi,mʊmu
mʊm.e,mʊm.o,mʊme,mʊmo,mʊmeɪ,mʊmoʊ
mʊm.u,mʊm.i,mʊmu,mʊmi,mʊmu,mʊmi
mʊm.o,mʊm.e,mʊmo,mʊme,mʊmoʊ,mʊmeɪ
mʊn.i,mʊn.u,mʊni,mʊnu,mʊni,mʊnu
mʊn.e,mʊn.o,mʊne,mʊno,mʊneɪ,mʊnoʊ
mʊn.u,mʊn.i,mʊnu,mʊni,mʊnu,mʊni
mʊn.o,mʊn.e,mʊno,mʊne,mʊnoʊ,mʊneɪ
mʊŋ.i,mʊŋ.u,mʊŋi,mʊŋu,mʊŋi,mʊŋu
mʊŋ.e,mʊŋ.o,mʊŋe,mʊŋo,mʊŋeɪ,mʊŋoʊ
mʊŋ.u,mʊŋ.i,mʊŋu,mʊŋi,mʊŋu,mʊŋi
mʊŋ.o,mʊŋ.e,mʊŋo,mʊŋe,mʊŋoʊ,mʊŋeɪ
mʊp.i,mʊp.u,mʊpi,mʊpu,mʊpi,mʊpu
mʊp.e,mʊp.o,mʊpe,mʊpo,mʊpeɪ,mʊpoʊ
mʊp.u,mʊp.i,mʊpu,mʊpi,mʊpu,mʊpi
mʊp.o,mʊp.e,mʊpo,mʊpe,mʊpoʊ,mʊpeɪ
mʊt.i,mʊt.u,mʊti,mʊtu,mʊti,mʊtu
mʊt.e,mʊt.o,mʊte,mʊto,mʊteɪ,mʊtoʊ
mʊt.u,mʊt.i,mʊtu,mʊti,mʊtu,mʊti
mʊt.o,mʊt.e,mʊto,mʊte,mʊtoʊ,mʊteɪ
mʊk.i,mʊk.u,mʊki,mʊku,mʊki,mʊku
mʊk.e,mʊk.o,mʊke,mʊko,mʊkeɪ,mʊkoʊ
mʊk.u,mʊk.i,mʊku,mʊki,mʊku,mʊki
mʊk.o,mʊk.e,mʊko,mʊke,mʊkoʊ,mʊkeɪ
mʊb.i,mʊb.u,mʊbi,mʊbu,mʊbi,mʊbu
mʊb.e,mʊb.o,mʊbe,mʊbo,mʊbeɪ,mʊboʊ
mʊb.u,mʊb.i,mʊbu,mʊbi,mʊbu,mʊbi
mʊb.o,mʊb.e,mʊbo,mʊbe,mʊboʊ,mʊbeɪ
mʊd.i,mʊd.u,mʊdi,mʊdu,mʊdi,mʊdu
mʊd.e,mʊd.o,mʊde,mʊdo,mʊdeɪ,mʊdoʊ
mʊd.u,mʊd.i,mʊdu,mʊdi,mʊdu,mʊdi
mʊd.o,mʊd.e,mʊdo,mʊde,mʊdoʊ,mʊdeɪ
mʊg.i,mʊg.u,mʊgi,mʊgu,mʊgi,mʊgu
mʊg.e,mʊg.o,mʊge,mʊgo,mʊgeɪ,mʊgoʊ
mʊg.u,mʊg.i,mʊgu,mʊgi,mʊgu,mʊgi
mʊg.o,mʊg.e,mʊgo,mʊge,mʊgoʊ,mʊgeɪ
mʊf.i,mʊf.u,mʊfi,mʊfu,mʊfi,mʊfu
mʊf.e,mʊf.o,mʊfe,mʊfo,mʊfeɪ,mʊfoʊ
mʊf.u,mʊf.i,mʊfu,mʊfi,mʊfu,mʊfi
mʊf.o,mʊf.e,mʊfo,mʊfe,mʊfoʊ,mʊfeɪ
mʊs.i,mʊs.u,mʊsi,mʊsu,mʊsi,mʊsu
mʊs.e,mʊs.o,mʊse,mʊso,mʊseɪ,mʊsoʊ
mʊs.u,mʊs.i,mʊsu,mʊsi,mʊsu,mʊsi
mʊs.o,mʊs.e,mʊso,mʊse,mʊsoʊ,mʊseɪ
mʊv.i,mʊv.u,mʊvi,mʊvu,mʊvi,mʊvu
mʊv.e,mʊv.o,mʊve,mʊvo,mʊveɪ,mʊvoʊ
mʊv.u,mʊv.i,mʊvu,mʊvi,mʊvu,mʊvi
mʊv.o,mʊv.e,mʊvo,mʊve,mʊvoʊ,mʊveɪ
mʊz.i,mʊz.u,mʊzi,mʊzu,mʊzi,mʊzu
mʊz.e,mʊz.o,mʊze,mʊzo,mʊzeɪ,mʊzoʊ
mʊz.u,mʊz.i,mʊzu,mʊzi,mʊzu,mʊzi
mʊz.o,mʊz.e,mʊzo,mʊze,mʊzoʊ,mʊzeɪ
mʊʃ.i,mʊʃ.u,mʊʃi,mʊʃu,mʊʃi,mʊʃu
mʊʃ.e,mʊʃ.o,mʊʃe,mʊʃo,mʊʃeɪ,mʊʃoʊ
mʊʃ.u,mʊʃ.i,mʊʃu,mʊʃi,mʊʃu,mʊʃi
mʊʃ.o,mʊʃ.e,mʊʃo,mʊʃe,mʊʃoʊ,mʊʃeɪ
mʊʒ.i,mʊʒ.u,mʊʒi,mʊʒu,mʊʒi,mʊʒu
mʊʒ.e,mʊʒ.o,mʊʒe,mʊʒo,mʊʒeɪ,mʊʒoʊ
mʊʒ.u,mʊʒ.i,mʊʒu,mʊʒi,mʊʒu,mʊʒi
mʊʒ.o,mʊʒ.e,mʊʒo,mʊʒe,mʊʒoʊ,mʊʒeɪ
mʊθ.i,mʊθ.u,mʊθi,mʊθu,mʊθi,mʊθu
mʊθ.e,mʊθ.o,mʊθe,mʊθo,mʊθeɪ,mʊθoʊ
mʊθ.u,mʊθ.i,mʊθu,mʊθi,mʊθu,mʊθi
mʊθ.o,mʊθ.e,mʊθo,mʊθe,mʊθoʊ,mʊθeɪ
mʊð.i,mʊð.u,mʊði,mʊðu,mʊði,mʊðu
mʊð.e,mʊð.o,mʊðe,mʊðo,mʊðeɪ,mʊðoʊ
mʊð.u,mʊð.i,mʊðu,mʊði,mʊðu,mʊði
mʊð.o,mʊð.e,mʊðo,mʊðe,mʊðoʊ,mʊðeɪ
nʊm.i,nʊm.u,nʊmi,nʊmu,nʊmi,nʊmu
nʊm.e,nʊm.o,nʊme,nʊmo,nʊmeɪ,nʊmoʊ
nʊm.u,nʊm.i,nʊmu,nʊmi,nʊmu,nʊmi
nʊm.o,nʊm.e,nʊmo,nʊme,nʊmoʊ,nʊmeɪ
nʊn.i,nʊn.u,nʊni,nʊnu,nʊni,nʊnu
nʊn.e,nʊn.o,nʊne,nʊno,nʊneɪ,nʊnoʊ
nʊn.u,nʊn.i,nʊnu,nʊni,nʊnu,nʊni
nʊn.o,nʊn.e,nʊno,nʊne,nʊnoʊ,nʊneɪ
nʊŋ.i,nʊŋ.u,nʊŋi,nʊŋu,nʊŋi,nʊŋu
nʊŋ.e,nʊŋ.o,nʊŋe,nʊŋo,nʊŋeɪ,nʊŋoʊ
nʊŋ.u,nʊŋ.i,nʊŋu,nʊŋi,nʊŋu,nʊŋi
nʊŋ.o,nʊŋ.e,nʊŋo,nʊŋe,nʊŋoʊ,nʊŋeɪ
nʊp.i,nʊp.u,nʊpi,nʊpu,nʊpi,nʊpu
nʊp.e,nʊp.o,nʊpe,nʊpo,nʊpeɪ,nʊpoʊ
nʊp.u,nʊp.i,nʊpu,nʊpi,nʊpu,nʊpi
nʊp.o,nʊp.e,nʊpo,nʊpe,nʊpoʊ,nʊpeɪ
nʊt.i,nʊt.u,nʊti,nʊtu,nʊti,nʊtu
nʊt.e,nʊt.o,nʊte,nʊto,nʊteɪ,nʊtoʊ
nʊt.u,nʊt.i,nʊtu,nʊti,nʊtu,nʊti
nʊt.o,nʊt.e,nʊto,nʊte,nʊtoʊ,nʊteɪ
nʊk.i,nʊk.u,nʊki,nʊku,nʊki,nʊku
nʊk.e,nʊk.o,nʊke,nʊko,nʊkeɪ,nʊkoʊ
nʊk.u,nʊk.i,nʊku,nʊki,nʊku,nʊki
nʊk.o,nʊk.e,nʊko,nʊke,nʊkoʊ,nʊkeɪ
nʊb.i,nʊb.u,nʊbi,nʊbu,nʊbi,nʊbu
nʊb.e,nʊb.o,nʊbe,nʊbo,nʊbeɪ,nʊboʊ
nʊb.u,nʊb.i,nʊbu,nʊbi,nʊbu,nʊbi
nʊb.o,nʊb.e,nʊbo,nʊbe,nʊboʊ,nʊbeɪ
nʊd.i,nʊd.u,nʊdi,nʊdu,nʊdi,nʊdu
nʊd.e,nʊd.o,nʊde,nʊdo,nʊdeɪ,nʊdoʊ
nʊd.u,nʊd.i,nʊdu,nʊdi,nʊdu,nʊdi
nʊd.o,nʊd.e,nʊdo,nʊde,nʊdoʊ,nʊdeɪ
nʊg.i,nʊg.u,nʊgi,nʊgu,nʊgi,nʊgu
nʊg.e,nʊg.o,nʊge,nʊgo,nʊgeɪ,nʊgoʊ
nʊg.u,nʊg.i,nʊgu,nʊgi,nʊgu,nʊgi
nʊg.o,nʊg.e,nʊgo,nʊge,nʊgoʊ,nʊgeɪ
nʊf.i,nʊf.u,nʊfi,nʊfu,nʊfi,nʊfu
nʊf.e,nʊf.o,nʊfe,nʊfo,nʊfeɪ,nʊfoʊ
nʊf.u,nʊf.i,nʊfu,nʊfi,nʊfu,nʊfi
nʊf.o,nʊf.e,nʊfo,nʊfe,nʊfoʊ,nʊfeɪ
nʊs.i,nʊs.u,nʊsi,nʊsu,nʊsi,nʊsu
nʊs.e,nʊs.o,nʊse,nʊso,nʊseɪ,nʊsoʊ
nʊs.u,nʊs.i,nʊsu,nʊsi,nʊsu,nʊsi
nʊs.o,nʊs.e,nʊso,nʊse,nʊsoʊ,nʊseɪ
nʊv.i,nʊv.u,nʊvi,nʊvu,nʊvi,nʊvu
nʊv.e,nʊv.o,nʊve,nʊvo,nʊveɪ,nʊvoʊ
nʊv.u,nʊv.i,nʊvu,nʊvi,nʊvu,nʊvi
nʊv.o,nʊv.e,nʊvo,nʊve,nʊvoʊ,nʊveɪ
nʊz.i,nʊz.u,nʊzi,nʊzu,nʊzi,nʊzu
nʊz.e,nʊz.o,nʊze,nʊzo,nʊzeɪ,nʊzoʊ
nʊz.u,nʊz.i,nʊzu,nʊzi,nʊzu,nʊzi
nʊz.o,nʊz.e,nʊzo,nʊze,nʊzoʊ,nʊzeɪ
nʊʃ.i,nʊʃ.u,nʊʃi,nʊʃu,nʊʃi,nʊʃu
nʊʃ.e,nʊʃ.o,nʊʃe,nʊʃo,nʊʃeɪ,nʊʃoʊ
nʊʃ.u,nʊʃ.i,nʊʃu,nʊʃi,nʊʃu,nʊʃi
nʊʃ.o,nʊʃ.e,nʊʃo,nʊʃe,nʊʃoʊ,nʊʃeɪ
nʊʒ.i,nʊʒ.u,nʊʒi,nʊʒu,nʊʒi,nʊʒu
nʊʒ.e,nʊʒ.o,nʊʒe,nʊʒo,nʊʒeɪ,nʊʒoʊ
nʊʒ.u,nʊʒ.i,nʊʒu,nʊʒi,nʊʒu,nʊʒi
nʊʒ.o,nʊʒ.e,nʊʒo,nʊʒe,nʊʒoʊ,nʊʒeɪ
nʊθ.i,nʊθ.u,nʊθi,nʊθu,nʊθi,nʊθu
nʊθ.e,nʊθ.o,nʊθe,nʊθo,nʊθeɪ,nʊθoʊ
nʊθ.u,nʊθ.i,nʊθu,nʊθi,nʊθu,nʊθi
nʊθ.o,nʊθ.e,nʊθo,nʊθe,nʊθoʊ,nʊθeɪ
nʊð.i,nʊð.u,nʊði,nʊðu,nʊði,nʊðu
nʊð.e,nʊð.o,nʊðe,nʊðo,nʊðeɪ,nʊðoʊ
nʊð.u,nʊð.i,nʊðu,nʊði,nʊðu,nʊði
nʊð.o,nʊð.e,nʊðo,nʊðe,nʊðoʊ,nʊðeɪ
pʊm.i,pʊm.u,pʊmi,pʊmu,pʊmi,pʊmu
pʊm.e,pʊm.o,pʊme,pʊmo,pʊmeɪ,pʊmoʊ
pʊm.u,pʊm.i,pʊmu,pʊmi,pʊmu,pʊmi
pʊm.o,pʊm.e,pʊmo,pʊme,pʊmoʊ,pʊmeɪ
pʊn.i,pʊn.u,pʊni,pʊnu,pʊni,pʊnu
pʊn.e,pʊn.o,pʊne,pʊno,pʊneɪ,pʊnoʊ
pʊn.u,pʊn.i,pʊnu,pʊni,pʊnu,pʊni
pʊn.o,pʊn.e,pʊno,pʊne,pʊnoʊ,pʊneɪ
pʊŋ.i,pʊŋ.u,pʊŋi,pʊŋu,pʊŋi,pʊŋu
pʊŋ.e,pʊŋ.o,pʊŋe,pʊŋo,pʊŋeɪ,pʊŋoʊ
pʊŋ.u,pʊŋ.i,pʊŋu,pʊŋi,pʊŋu,pʊŋi
pʊŋ.o,pʊŋ.e,pʊŋo,pʊŋe,pʊŋoʊ,pʊŋeɪ
pʊp.i,pʊp.u,pʊpi,pʊpu,pʊpi,pʊpu
pʊp.e,pʊp.o,pʊpe,pʊpo,pʊpeɪ,pʊpoʊ
pʊp.u,pʊp.i,pʊpu,pʊpi,pʊpu,pʊpi
pʊp.o,pʊp.e,pʊpo,pʊpe,pʊpoʊ,pʊpeɪ
pʊt.i,pʊt.u,pʊti,pʊtu,pʊti,pʊtu
pʊt.e,pʊt.o,pʊte,pʊto,pʊteɪ,pʊtoʊ
pʊt.u,pʊt.i,pʊtu,pʊti,pʊtu,pʊti
pʊt.o,pʊt.e,pʊto,pʊte,pʊtoʊ,pʊteɪ
pʊk.i,pʊk.u,pʊki,pʊku,pʊki,pʊku
pʊk.e,pʊk.o,pʊke,pʊko,pʊkeɪ,pʊkoʊ
pʊk.u,pʊk.i,pʊku,pʊki,pʊku,pʊki
pʊk.o,pʊk.e,pʊko,pʊke,pʊkoʊ,pʊkeɪ
pʊb.i,pʊb.u,pʊbi,pʊbu,pʊbi,pʊbu
pʊb.e,pʊb.o,pʊbe,pʊbo,pʊbeɪ,pʊboʊ
pʊb.u,pʊb.i,pʊbu,pʊbi,pʊbu,pʊbi
pʊb.o,pʊb.e,pʊbo,pʊbe,pʊboʊ,pʊbeɪ
pʊd.i,pʊd.u,pʊdi,pʊdu,pʊdi,pʊdu
pʊd.e,pʊd.o,pʊde,pʊdo,pʊdeɪ,pʊdoʊ
pʊd.u,pʊd.i,pʊdu,pʊdi,pʊdu,pʊdi
pʊd.o,pʊd.e,pʊdo,pʊde,pʊdoʊ,pʊdeɪ
pʊg.i,pʊg.u,pʊgi,pʊgu,pʊgi,pʊgu
pʊg.e,pʊg.o,pʊge,pʊgo,pʊgeɪ,pʊgoʊ
pʊg.u,pʊg.i,pʊgu,pʊgi,pʊgu,pʊgi
pʊg.o,pʊg.e,pʊgo,pʊge,pʊgoʊ,pʊgeɪ
pʊf.i,pʊf.u,pʊfi,pʊfu,pʊfi,pʊfu
pʊf.e,pʊf.o,pʊfe,pʊfo,pʊfeɪ,pʊfoʊ
pʊf.u,pʊf.i,pʊfu,pʊfi,pʊfu,pʊfi
pʊf.o,pʊf.e,pʊfo,pʊfe,pʊfoʊ,pʊfeɪ
pʊs.i,pʊs.u,pʊsi,pʊsu,pʊsi,pʊsu
pʊs.e,pʊs.o,pʊse,pʊso,pʊseɪ,pʊsoʊ
pʊs.u,pʊs.i,pʊsu,pʊsi,pʊsu,pʊsi
pʊs.o,pʊs.e,pʊso,pʊse,pʊsoʊ,pʊseɪ
pʊv.i,pʊv.u,pʊvi,pʊvu,pʊvi,pʊvu
pʊv.e,pʊv.o,pʊve,pʊvo,pʊveɪ,pʊvoʊ
pʊv.u,pʊv.i,pʊvu,pʊvi,pʊvu,pʊvi
pʊv.o,pʊv.e,pʊvo,pʊve,pʊvoʊ,pʊveɪ
pʊz.i,pʊz.u,pʊzi,pʊzu,pʊzi,pʊzu
pʊz.e,pʊz.o,pʊze,pʊzo,pʊzeɪ,pʊzoʊ
pʊz.u,pʊz.i,pʊzu,pʊzi,pʊzu,pʊzi
pʊz.o,pʊz.e,pʊzo,pʊze,pʊzoʊ,pʊzeɪ
pʊʃ.i,pʊʃ.u,pʊʃi,pʊʃu,pʊʃi,pʊʃu
pʊʃ.e,pʊʃ.o,pʊʃe,pʊʃo,pʊʃeɪ,pʊʃoʊ
pʊʃ.u,pʊʃ.i,pʊʃu,pʊʃi,pʊʃu,pʊʃi
pʊʃ.o,pʊʃ.e,pʊʃo,pʊʃe,pʊʃoʊ,pʊʃeɪ
pʊʒ.i,pʊʒ.u,pʊʒi,pʊʒu,pʊʒi,pʊʒu
pʊʒ.e,pʊʒ.o,pʊʒe,pʊʒo,pʊʒeɪ,pʊʒoʊ
pʊʒ.u,pʊʒ.i,pʊʒu,pʊʒi,pʊʒu,pʊʒi
pʊʒ.o,pʊʒ.e,pʊʒo,pʊʒe,pʊʒoʊ,pʊʒeɪ
pʊθ.i,pʊθ.u,pʊθi,pʊθu,pʊθi,pʊθu
pʊθ.e,pʊθ.o,pʊθe,pʊθo,pʊθeɪ,pʊθoʊ
pʊθ.u,pʊθ.i,pʊθu,pʊθi,pʊθu,pʊθi
pʊθ.o,pʊθ.e,pʊθo,pʊθe,pʊθoʊ,pʊθeɪ
pʊð.i,pʊð.u,pʊði,pʊðu,pʊði,pʊðu
pʊð.e,pʊð.o,pʊðe,pʊðo,pʊðeɪ,pʊðoʊ
pʊð.u,pʊð.i,pʊðu,pʊði,pʊðu,pʊði
pʊð.o,pʊð.e,pʊðo,pʊðe,pʊðoʊ,pʊðeɪ
tʊm.i,tʊm.u,tʊmi,tʊmu,tʊmi,tʊmu
tʊm.e,tʊm.o,tʊme,tʊmo,tʊmeɪ,tʊmoʊ
tʊm.u,tʊm.i,tʊmu,tʊmi,tʊmu,tʊmi
tʊm.o,tʊm.e,tʊmo,tʊme,tʊmoʊ,tʊmeɪ
tʊn.i,tʊn.u,tʊni,tʊnu,tʊni,tʊnu
tʊn.e,tʊn.o,tʊne,tʊno,tʊneɪ,tʊnoʊ
tʊn.u,tʊn.i,tʊnu,tʊni,tʊnu,tʊni
tʊn.o,tʊn.e,tʊno,tʊne,tʊnoʊ,tʊneɪ
tʊŋ.i,tʊŋ.u,tʊŋi,tʊŋu,tʊŋi,tʊŋu
tʊŋ.e,tʊŋ.o,tʊŋe,tʊŋo,tʊŋeɪ,tʊŋoʊ
tʊŋ.u,tʊŋ.i,tʊŋu,tʊŋi,tʊŋu,tʊŋi
tʊŋ.o,tʊŋ.e,tʊŋo,tʊŋe,tʊŋoʊ,tʊŋeɪ
tʊp.i,tʊp.u,tʊpi,tʊpu,tʊpi,tʊpu
tʊp.e,tʊp.o,tʊpe,tʊpo,tʊpeɪ,tʊpoʊ
tʊp.u,tʊp.i,tʊpu,tʊpi,tʊpu,tʊpi
tʊp.o,tʊp.e,tʊpo,tʊpe,tʊpoʊ,tʊpeɪ
tʊt.i,tʊt.u,tʊti,tʊtu,tʊti,tʊtu
tʊt.e,tʊt.o,tʊte,tʊto,tʊteɪ,tʊtoʊ
tʊt.u,tʊt.i,tʊtu,tʊti,tʊtu,tʊti
tʊt.o,tʊt.e,tʊto,tʊte,tʊtoʊ,tʊteɪ
tʊk.i,tʊk.u,tʊki,tʊku,tʊki,tʊku
tʊk.e,tʊk.o,tʊke,tʊko,tʊkeɪ,tʊkoʊ
tʊk.u,tʊk.i,tʊku,tʊki,tʊku,tʊki
tʊk.o,tʊk.e,tʊko,tʊke,tʊkoʊ,tʊkeɪ
tʊb.i,tʊb.u,tʊbi,tʊbu,tʊbi,tʊbu
tʊb.e,tʊb.o,tʊbe,tʊbo,tʊbeɪ,tʊboʊ
tʊb.u,tʊb.i,tʊbu,tʊbi,tʊbu,tʊbi
tʊb.o,tʊb.e,tʊbo,tʊbe,tʊboʊ,tʊbeɪ
tʊd.i,tʊd.u,tʊdi,tʊdu,tʊdi,tʊdu
tʊd.e,tʊd.o,tʊde,tʊdo,tʊdeɪ,tʊdoʊ
tʊd.u,tʊd.i,tʊdu,tʊdi,tʊdu,tʊdi
tʊd.o,tʊd.e,tʊdo,tʊde,tʊdoʊ,tʊdeɪ
tʊg.i,tʊg.u,tʊgi,tʊgu,tʊgi,tʊgu
tʊg.e,tʊg.o,tʊge,tʊgo,tʊgeɪ,tʊgoʊ
tʊg.u,tʊg.i,tʊgu,tʊgi,tʊgu,tʊgi
tʊg.o,tʊg.e,tʊgo,tʊge,tʊgoʊ,tʊgeɪ
tʊf.i,tʊf.u,tʊfi,tʊfu,tʊfi,tʊfu
tʊf.e,tʊf.o,tʊfe,tʊfo,tʊfeɪ,tʊfoʊ
tʊf.u,tʊf.i,tʊfu,tʊfi,tʊfu,tʊfi
tʊf.o,tʊf.e,tʊfo,tʊfe,tʊfoʊ,tʊfeɪ
tʊs.i,tʊs.u,tʊsi,tʊsu,tʊsi,tʊsu
tʊs.e,tʊs.o,tʊse,tʊso,tʊseɪ,tʊsoʊ
tʊs.u,tʊs.i,tʊsu,tʊsi,tʊsu,tʊsi
tʊs.o,tʊs.e,tʊso,tʊse,tʊsoʊ,tʊseɪ
tʊv.i,tʊv.u,tʊvi,tʊvu,tʊvi,tʊvu
tʊv.e,tʊv.o,tʊve,tʊvo,tʊveɪ,tʊvoʊ
tʊv.u,tʊv.i,tʊvu,tʊvi,tʊvu,tʊvi
tʊv.o,tʊv.e,tʊvo,tʊve,tʊvoʊ,tʊveɪ
tʊz.i,tʊz.u,tʊzi,tʊzu,tʊzi,tʊzu
tʊz.e,tʊz.o,tʊze,tʊzo,tʊzeɪ,tʊzoʊ
tʊz.u,tʊz.i,tʊzu,tʊzi,tʊzu,tʊzi
tʊz.o,tʊz.e,tʊzo,tʊze,tʊzoʊ,tʊzeɪ
tʊʃ.i,tʊʃ.u,tʊʃi,tʊʃu,tʊʃi,tʊʃu
tʊʃ.e,tʊʃ.o,tʊʃe,tʊʃo,tʊʃeɪ,tʊʃoʊ
tʊʃ.u,tʊʃ.i,tʊʃu,tʊʃi,tʊʃu,tʊʃi
tʊʃ.o,tʊʃ.e,tʊʃo,tʊʃe,tʊʃoʊ,tʊʃeɪ
tʊʒ.i,tʊʒ.u,tʊʒi,tʊʒu,tʊʒi,tʊʒu
tʊʒ.e,tʊʒ.o,tʊʒe,tʊʒo,tʊʒeɪ,tʊʒoʊ
tʊʒ.u,tʊʒ.i,tʊʒu,tʊʒi,tʊʒu,tʊʒi
tʊʒ.o,tʊʒ.e,tʊʒo,tʊʒe,tʊʒoʊ,tʊʒeɪ
tʊθ.i,tʊθ.u,tʊθi,tʊθu,tʊθi,tʊθu
tʊθ.e,tʊθ.o,tʊθe,tʊθo,tʊθeɪ,tʊθoʊ
tʊθ.u,tʊθ.i,tʊθu,tʊθi,tʊθu,tʊθi
tʊθ.o,tʊθ.e,tʊθo,tʊθe,tʊθoʊ,tʊθeɪ
tʊð.i,tʊð.u,tʊði,tʊðu,tʊði,tʊðu
tʊð.e,tʊð.o,tʊðe,tʊðo,tʊðeɪ,tʊðoʊ
tʊð.u,tʊð.i,tʊðu,tʊði,tʊðu,tʊði
tʊð.o,tʊð.e,tʊðo,tʊðe,tʊðoʊ,tʊðeɪ
kʊm.i,kʊm.u,kʊmi,kʊmu,kʊmi,kʊmu
kʊm.e,kʊm.o,kʊme,kʊmo,kʊmeɪ,kʊmoʊ
kʊm.u,kʊm.i,kʊmu,kʊmi,kʊmu,kʊmi
kʊm.o,kʊm.e,kʊmo,kʊme,kʊmoʊ,kʊmeɪ
kʊn.i,kʊn.u,kʊni,kʊnu,kʊni,kʊnu
kʊn.e,kʊn.o,kʊne,kʊno,kʊneɪ,kʊnoʊ
kʊn.u,kʊn.i,kʊnu,kʊni,kʊnu,kʊni
kʊn.o,kʊn.e,kʊno,kʊne,kʊnoʊ,kʊneɪ
kʊŋ.i,kʊŋ.u,kʊŋi,kʊŋu,kʊŋi,kʊŋu
kʊŋ.e,kʊŋ.o,kʊŋe,kʊŋo,kʊŋeɪ,kʊŋoʊ
kʊŋ.u,kʊŋ.i,kʊŋu,kʊŋi,kʊŋu,kʊŋi
kʊŋ.o,kʊŋ.e,kʊŋo,kʊŋe,kʊŋoʊ,kʊŋeɪ
kʊp.i,kʊp.u,kʊpi,kʊpu,kʊpi,kʊpu
kʊp.e,kʊp.o,kʊpe,kʊpo,kʊpeɪ,kʊpoʊ
kʊp.u,kʊp.i,kʊpu,kʊpi,kʊpu,kʊpi
kʊp.o,kʊp.e,kʊpo,kʊpe,kʊpoʊ,kʊpeɪ
kʊt.i,kʊt.u,kʊti,kʊtu,kʊti,kʊtu
kʊt.e,kʊt.o,kʊte,kʊto,kʊteɪ,kʊtoʊ
kʊt.u,kʊt.i,kʊtu,kʊti,kʊtu,kʊti
kʊt.o,kʊt.e,kʊto,kʊte,kʊtoʊ,kʊteɪ
kʊk.i,kʊk.u,kʊki,kʊku,kʊki,kʊku
kʊk.e,kʊk.o,kʊke,kʊko,kʊkeɪ,kʊkoʊ
kʊk.u,kʊk.i,kʊku,kʊki,kʊku,kʊki
kʊk.o,kʊk.e,kʊko,kʊke,kʊkoʊ,kʊkeɪ
kʊb.i,kʊb.u,kʊbi,kʊbu,kʊbi,kʊbu
kʊb.e,kʊb.o,kʊbe,kʊbo,kʊbeɪ,kʊboʊ
kʊb.u,kʊb.i,kʊbu,kʊbi,kʊbu,kʊbi
kʊb.o,kʊb.e,kʊbo,kʊbe,kʊboʊ,kʊbeɪ
kʊd.i,kʊd.u,kʊdi,kʊdu,kʊdi,kʊdu
kʊd.e,kʊd.o,kʊde,kʊdo,kʊdeɪ,kʊdoʊ
kʊd.u,kʊd.i,kʊdu,kʊdi,kʊdu,kʊdi
kʊd.o,kʊd.e,kʊdo,kʊde,kʊdoʊ,kʊdeɪ
kʊg.i,kʊg.u,kʊgi,kʊgu,kʊgi,kʊgu
kʊg.e,kʊg.o,kʊge,kʊgo,kʊgeɪ,kʊgoʊ
kʊg.u,kʊg.i,kʊgu,kʊgi,kʊgu,kʊgi
kʊg.o,kʊg.e,kʊgo,kʊge,kʊgoʊ,kʊgeɪ
kʊf.i,kʊf.u,kʊfi,kʊfu,kʊfi,kʊfu
kʊf.e,kʊf.o,kʊfe,kʊfo,kʊfeɪ,kʊfoʊ
kʊf.u,kʊf.i,kʊfu,kʊfi,kʊfu,kʊfi
kʊf.o,kʊf.e,kʊfo,kʊfe,kʊfoʊ,kʊfeɪ
kʊs.i,kʊs.u,kʊsi,kʊsu,kʊsi,kʊsu
kʊs.e,kʊs.o,kʊse,kʊso,kʊseɪ,kʊsoʊ
kʊs.u,kʊs.i,kʊsu,kʊsi,kʊsu,kʊsi
kʊs.o,kʊs.e,kʊso,kʊse,kʊsoʊ,kʊseɪ
kʊv.i,kʊv.u,kʊvi,kʊvu,kʊvi,kʊvu
kʊv.e,kʊv.o,kʊve,kʊvo,kʊveɪ,kʊvoʊ
kʊv.u,kʊv.i,kʊvu,kʊvi,kʊvu,kʊvi
kʊv.o,kʊv.e,kʊvo,kʊve,kʊvoʊ,kʊveɪ
kʊz.i,kʊz.u,kʊzi,kʊzu,kʊzi,kʊzu
kʊz.e,kʊz.o,kʊze,kʊzo,kʊzeɪ,kʊzoʊ
kʊz.u,kʊz.i,kʊzu,kʊzi,kʊzu,kʊzi
kʊz.o,kʊz.e,kʊzo,kʊze,kʊzoʊ,kʊzeɪ
kʊʃ.i,kʊʃ.u,kʊʃi,kʊʃu,kʊʃi,kʊʃu
kʊʃ.e,kʊʃ.o,kʊʃe,kʊʃo,kʊʃeɪ,kʊʃoʊ
kʊʃ.u,kʊʃ.i,kʊʃu,kʊʃi,kʊʃu,kʊʃi
kʊʃ.o,kʊʃ.e,kʊʃo,kʊʃe,kʊʃoʊ,kʊʃeɪ
kʊʒ.i,kʊʒ.u,kʊʒi,kʊʒu,kʊʒi,kʊʒu
kʊʒ.e,kʊʒ.o,kʊʒe,kʊʒo,kʊʒeɪ,kʊʒoʊ
kʊʒ.u,kʊʒ.i,kʊʒu,kʊʒi,kʊʒu,kʊʒi
kʊʒ.o,kʊʒ.e,kʊʒo,kʊʒe,kʊʒoʊ,kʊʒeɪ
kʊθ.i,kʊθ.u,kʊθi,kʊθu,kʊθi,kʊθu
kʊθ.e,kʊθ.o,kʊθe,kʊθo,kʊθeɪ,kʊθoʊ
kʊθ.u,kʊθ.i,kʊθu,kʊθi,kʊθu,kʊθi
kʊθ.o,kʊθ.e,kʊθo,kʊθe,kʊθoʊ,kʊθeɪ
kʊð.i,kʊð.u,kʊði,kʊðu,kʊði,kʊðu
kʊð.e,kʊð.o,kʊðe,kʊðo,kʊðeɪ,kʊðoʊ
kʊð.u,kʊð.i,kʊðu,kʊði,kʊðu,kʊði
kʊð.o,kʊð.e,kʊðo,kʊðe,kʊðoʊ,kʊðeɪ
bʊm.i,bʊm.u,bʊmi,bʊmu,bʊmi,bʊmu
bʊm.e,bʊm.o,bʊme,bʊmo,bʊmeɪ,bʊmoʊ
bʊm.u,bʊm.i,bʊmu,bʊmi,bʊmu,bʊmi
bʊm.o,bʊm.e,bʊmo,bʊme,bʊmoʊ,bʊmeɪ
bʊn.i,bʊn.u,bʊni,bʊnu,bʊni,bʊnu
bʊn.e,bʊn.o,bʊne,bʊno,bʊneɪ,bʊnoʊ
bʊn.u,bʊn.i,bʊnu,bʊni,bʊnu,bʊni
bʊn.o,bʊn.e,bʊno,bʊne,bʊnoʊ,bʊneɪ
bʊŋ.i,bʊŋ.u,bʊŋi,bʊŋu,bʊŋi,bʊŋu
bʊŋ.e,bʊŋ.o,bʊŋe,bʊŋo,bʊŋeɪ,bʊŋoʊ
bʊŋ.u,bʊŋ.i,bʊŋu,bʊŋi,bʊŋu,bʊŋi
bʊŋ.o,bʊŋ.e,bʊŋo,bʊŋe,bʊŋoʊ,bʊŋeɪ
bʊp.i,bʊp.u,bʊpi,bʊpu,bʊpi,bʊpu
bʊp.e,bʊp.o,bʊpe,bʊpo,bʊpeɪ,bʊpoʊ
bʊp.u,bʊp.i,bʊpu,bʊpi,bʊpu,bʊpi
bʊp.o,bʊp.e,bʊpo,bʊpe,bʊpoʊ,bʊpeɪ
bʊt.i,bʊt.u,bʊti,bʊtu,bʊti,bʊtu
bʊt.e,bʊt.o,bʊte,bʊto,bʊteɪ,bʊtoʊ
bʊt.u,bʊt.i,bʊtu,bʊti,bʊtu,bʊti
bʊt.o,bʊt.e,bʊto,bʊte,bʊtoʊ,bʊteɪ
bʊk.i,bʊk.u,bʊki,bʊku,bʊki,bʊku
bʊk.e,bʊk.o,bʊke,bʊko,bʊkeɪ,bʊkoʊ
bʊk.u,bʊk.i,bʊku,bʊki,bʊku,bʊki
bʊk.o,bʊk.e,bʊko,bʊke,bʊkoʊ,bʊkeɪ
bʊb.i,bʊb.u,bʊbi,bʊbu,bʊbi,bʊbu
bʊb.e,bʊb.o,bʊbe,bʊbo,bʊbeɪ,bʊboʊ
bʊb.u,bʊb.i,bʊbu,bʊbi,bʊbu,bʊbi
bʊb.o,bʊb.e,bʊbo,bʊbe,bʊboʊ,bʊbeɪ
bʊd.i,bʊd.u,bʊdi,bʊdu,bʊdi,bʊdu
bʊd.e,bʊd.o,bʊde,bʊdo,bʊdeɪ,bʊdoʊ
bʊd.u,bʊd.i,bʊdu,bʊdi,bʊdu,bʊdi
bʊd.o,bʊd.e,bʊdo,bʊde,bʊdoʊ,bʊdeɪ
bʊg.i,bʊg.u,bʊgi,bʊgu,bʊgi,bʊgu
bʊg.e,bʊg.o,bʊge,bʊgo,bʊgeɪ,bʊgoʊ
bʊg.u,bʊg.i,bʊgu,bʊgi,bʊgu,bʊgi
bʊg.o,bʊg.e,bʊgo,bʊge,bʊgoʊ,bʊgeɪ
bʊf.i,bʊf.u,bʊfi,bʊfu,bʊfi,bʊfu
bʊf.e,bʊf.o,bʊfe,bʊfo,bʊfeɪ,bʊfoʊ
bʊf.u,bʊf.i,bʊfu,bʊfi,bʊfu,bʊfi
bʊf.o,bʊf.e,bʊfo,bʊfe,bʊfoʊ,bʊfeɪ
bʊs.i,bʊs.u,bʊsi,bʊsu,bʊsi,bʊsu
bʊs.e,bʊs.o,bʊse,bʊso,bʊseɪ,bʊsoʊ
bʊs.u,bʊs.i,bʊsu,bʊsi,bʊsu,bʊsi
bʊs.o,bʊs.e,bʊso,bʊse,bʊsoʊ,bʊseɪ
bʊv.i,bʊv.u,bʊvi,bʊvu,bʊvi,bʊvu
bʊv.e,bʊv.o,bʊve,bʊvo,bʊveɪ,bʊvoʊ
bʊv.u,bʊv.i,bʊvu,bʊvi,bʊvu,bʊvi
bʊv.o,bʊv.e,bʊvo,bʊve,bʊvoʊ,bʊveɪ
bʊz.i,bʊz.u,bʊzi,bʊzu,bʊzi,bʊzu
bʊz.e,bʊz.o,bʊze,bʊzo,bʊzeɪ,bʊzoʊ
bʊz.u,bʊz.i,bʊzu,bʊzi,bʊzu,bʊzi
bʊz.o,bʊz.e,bʊzo,bʊze,bʊzoʊ,bʊzeɪ
bʊʃ.i,bʊʃ.u,bʊʃi,bʊʃu,bʊʃi,bʊʃu
bʊʃ.e,bʊʃ.o,bʊʃe,bʊʃo,bʊʃeɪ,bʊʃoʊ
bʊʃ.u,bʊʃ.i,bʊʃu,bʊʃi,bʊʃu,bʊʃi
bʊʃ.o,bʊʃ.e,bʊʃo,bʊʃe,bʊʃoʊ,bʊʃeɪ
bʊʒ.i,bʊʒ.u,bʊʒi,bʊʒu,bʊʒi,bʊʒu
bʊʒ.e,bʊʒ.o,bʊʒe,bʊʒo,bʊʒeɪ,bʊʒoʊ
bʊʒ.u,bʊʒ.i,bʊʒu,bʊʒi,bʊʒu,bʊʒi
bʊʒ.o,bʊʒ.e,bʊʒo,bʊʒe,bʊʒoʊ,bʊʒeɪ
bʊθ.i,bʊθ.u,bʊθi,bʊθu,bʊθi,bʊθu
bʊθ.e,bʊθ.o,bʊθe,bʊθo,bʊθeɪ,bʊθoʊ
bʊθ.u,bʊθ.i,bʊθu,bʊθi,bʊθu,bʊθi
bʊθ.o,bʊθ.e,bʊθo,bʊθe,bʊθoʊ,bʊθeɪ
bʊð.i,bʊð.u,bʊði,bʊðu,bʊði,bʊðu
bʊð.e,bʊð.o,bʊðe,bʊðo,bʊðeɪ,bʊðoʊ
bʊð.u,bʊð.i,bʊðu,bʊði,bʊðu,bʊði
bʊð.o,bʊð.e,bʊðo,bʊðe,bʊðoʊ,bʊðeɪ
dʊm.i,dʊm.u,dʊmi,dʊmu,dʊmi,dʊmu
dʊm.e,dʊm.o,dʊme,dʊmo,dʊmeɪ,dʊmoʊ
dʊm.u,dʊm.i,dʊmu,dʊmi,dʊmu,dʊmi
dʊm.o,dʊm.e,dʊmo,dʊme,dʊmoʊ,dʊmeɪ
dʊn.i,dʊn.u,dʊni,dʊnu,dʊni,dʊnu
dʊn.e,dʊn.o,dʊne,dʊno,dʊneɪ,dʊnoʊ
dʊn.u,dʊn.i,dʊnu,dʊni,dʊnu,dʊni
dʊn.o,dʊn.e,dʊno,dʊne,dʊnoʊ,dʊneɪ
dʊŋ.i,dʊŋ.u,dʊŋi,dʊŋu,dʊŋi,dʊŋu
dʊŋ.e,dʊŋ.o,dʊŋe,dʊŋo,dʊŋeɪ,dʊŋoʊ
dʊŋ.u,dʊŋ.i,dʊŋu,dʊŋi,dʊŋu,dʊŋi
dʊŋ.o,dʊŋ.e,dʊŋo,dʊŋe,dʊŋoʊ,dʊŋeɪ
dʊp.i,dʊp.u,dʊpi,dʊpu,dʊpi,dʊpu
dʊp.e,dʊp.o,dʊpe,dʊpo,dʊpeɪ,dʊpoʊ
dʊp.u,dʊp.i,dʊpu,dʊpi,dʊpu,dʊpi
dʊp.o,dʊp.e,dʊpo,dʊpe,dʊpoʊ,dʊpeɪ
dʊt.i,dʊt.u,dʊti,dʊtu,dʊti,dʊtu
dʊt.e,dʊt.o,dʊte,dʊto,dʊteɪ,dʊtoʊ
dʊt.u,dʊt.i,dʊtu,dʊti,dʊtu,dʊti
dʊt.o,dʊt.e,dʊto,dʊte,dʊtoʊ,dʊteɪ
dʊk.i,dʊk.u,dʊki,dʊku,dʊki,dʊku
dʊk.e,dʊk.o,dʊke,dʊko,dʊkeɪ,dʊkoʊ
dʊk.u,dʊk.i,dʊku,dʊki,dʊku,dʊki
dʊk.o,dʊk.e,dʊko,dʊke,dʊkoʊ,dʊkeɪ
dʊb.i,dʊb.u,dʊbi,dʊbu,dʊbi,dʊbu
dʊb.e,dʊb.o,dʊbe,dʊbo,dʊbeɪ,dʊboʊ
dʊb.u,dʊb.i,dʊbu,dʊbi,dʊbu,dʊbi
dʊb.o,dʊb.e,dʊbo,dʊbe,dʊboʊ,dʊbeɪ
dʊd.i,dʊd.u,dʊdi,dʊdu,dʊdi,dʊdu
dʊd.e,dʊd.o,dʊde,dʊdo,dʊdeɪ,dʊdoʊ
dʊd.u,dʊd.i,dʊdu,dʊdi,dʊdu,dʊdi
dʊd.o,dʊd.e,dʊdo,dʊde,dʊdoʊ,dʊdeɪ
dʊg.i,dʊg.u,dʊgi,dʊgu,dʊgi,dʊgu
dʊg.e,dʊg.o,dʊge,dʊgo,dʊgeɪ,dʊgoʊ
dʊg.u,dʊg.i,dʊgu,dʊgi,dʊgu,dʊgi
dʊg.o,dʊg.e,dʊgo,dʊge,dʊgoʊ,dʊgeɪ
dʊf.i,dʊf.u,dʊfi,dʊfu,dʊfi,dʊfu
dʊf.e,dʊf.o,dʊfe,dʊfo,dʊfeɪ,dʊfoʊ
dʊf.u,dʊf.i,dʊfu,dʊfi,dʊfu,dʊfi
dʊf.o,dʊf.e,dʊfo,dʊfe,dʊfoʊ,dʊfeɪ
dʊs.i,dʊs.u,dʊsi,dʊsu,dʊsi,dʊsu
dʊs.e,dʊs.o,dʊse,dʊso,dʊseɪ,dʊsoʊ
dʊs.u,dʊs.i,dʊsu,dʊsi,dʊsu,dʊsi
dʊs.o,dʊs.e,dʊso,dʊse,dʊsoʊ,dʊseɪ
dʊv.i,dʊv.u,dʊvi,dʊvu,dʊvi,dʊvu
dʊv.e,dʊv.o,dʊve,dʊvo,dʊveɪ,dʊvoʊ
dʊv.u,dʊv.i,dʊvu,dʊvi,dʊvu,dʊvi
dʊv.o,dʊv.e,dʊvo,dʊve,dʊvoʊ,dʊveɪ
dʊz.i,dʊz.u,dʊzi,dʊzu,dʊzi,dʊzu
dʊz.e,dʊz.o,dʊze,dʊzo,dʊzeɪ,dʊzoʊ
dʊz.u,dʊz.i,dʊzu,dʊzi,dʊzu,dʊzi
dʊz.o,dʊz.e,dʊzo,dʊze,dʊzoʊ,dʊzeɪ
dʊʃ.i,dʊʃ.u,dʊʃi,dʊʃu,dʊʃi,dʊʃu
dʊʃ.e,dʊʃ.o,dʊʃe,dʊʃo,dʊʃeɪ,dʊʃoʊ
dʊʃ.u,dʊʃ.i,dʊʃu,dʊʃi,dʊʃu,dʊʃi
dʊʃ.o,dʊʃ.e,dʊʃo,dʊʃe,dʊʃoʊ,dʊʃeɪ
dʊʒ.i,dʊʒ.u,dʊʒi,dʊʒu,dʊʒi,dʊʒu
dʊʒ.e,dʊʒ.o,dʊʒe,dʊʒo,dʊʒeɪ,dʊʒoʊ
dʊʒ.u,dʊʒ.i,dʊʒu,dʊʒi,dʊʒu,dʊʒi
dʊʒ.o,dʊʒ.e,dʊʒo,dʊʒe,dʊʒoʊ,dʊʒeɪ
dʊθ.i,dʊθ.u,dʊθi,dʊθu,dʊθi,dʊθu
dʊθ.e,dʊθ.o,dʊθe,dʊθo,dʊθeɪ,dʊθoʊ
dʊθ.u,dʊθ.i,dʊθu,dʊθi,dʊθu,dʊθi
dʊθ.o,dʊθ.e,dʊθo,dʊθe,dʊθoʊ,dʊθeɪ
dʊð.i,dʊð.u,dʊði,dʊðu,dʊði,dʊðu
dʊð.e,dʊð.o,dʊðe,dʊðo,dʊðeɪ,dʊðoʊ
dʊð.u,dʊð.i,dʊðu,dʊði,dʊðu,dʊði
dʊð.o,dʊð.e,dʊðo,dʊðe,dʊðoʊ,dʊðeɪ
gʊm.i,gʊm.u,gʊmi,gʊmu,gʊmi,gʊmu
gʊm.e,gʊm.o,gʊme,gʊmo,gʊmeɪ,gʊmoʊ
gʊm.u,gʊm.i,gʊmu,gʊmi,gʊmu,gʊmi
gʊm.o,gʊm.e,gʊmo,gʊme,gʊmoʊ,gʊmeɪ
gʊn.i,gʊn.u,gʊni,gʊnu,gʊni,gʊnu
gʊn.e,gʊn.o,gʊne,gʊno,gʊneɪ,gʊnoʊ
gʊn.u,gʊn.i,gʊnu,gʊni,gʊnu,gʊni
gʊn.o,gʊn.e,gʊno,gʊne,gʊnoʊ,gʊneɪ
gʊŋ.i,gʊŋ.u,gʊŋi,gʊŋu,gʊŋi,gʊŋu
gʊŋ.e,gʊŋ.o,gʊŋe,gʊŋo,gʊŋeɪ,gʊŋoʊ
gʊŋ.u,gʊŋ.i,gʊŋu,gʊŋi,gʊŋu,gʊŋi
gʊŋ.o,gʊŋ.e,gʊŋo,gʊŋe,gʊŋoʊ,gʊŋeɪ
gʊp.i,gʊp.u,gʊpi,gʊpu,gʊpi,gʊpu
gʊp.e,gʊp.o,gʊpe,gʊpo,gʊpeɪ,gʊpoʊ
gʊp.u,gʊp.i,gʊpu,gʊpi,gʊpu,gʊpi
gʊp.o,gʊp.e,gʊpo,gʊpe,gʊpoʊ,gʊpeɪ
gʊt.i,gʊt.u,gʊti,gʊtu,gʊti,gʊtu
gʊt.e,gʊt.o,gʊte,gʊto,gʊteɪ,gʊtoʊ
gʊt.u,gʊt.i,gʊtu,gʊti,gʊtu,gʊti
gʊt.o,gʊt.e,gʊto,gʊte,gʊtoʊ,gʊteɪ
gʊk.i,gʊk.u,gʊki,gʊku,gʊki,gʊku
gʊk.e,gʊk.o,gʊke,gʊko,gʊkeɪ,gʊkoʊ
gʊk.u,gʊk.i,gʊku,gʊki,gʊku,gʊki
gʊk.o,gʊk.e,gʊko,gʊke,gʊkoʊ,gʊkeɪ
gʊb.i,gʊb.u,gʊbi,gʊbu,gʊbi,gʊbu
gʊb.e,gʊb.o,gʊbe,gʊbo,gʊbeɪ,gʊboʊ
gʊb.u,gʊb.i,gʊbu,gʊbi,gʊbu,gʊbi
gʊb.o,gʊb.e,gʊbo,gʊbe,gʊboʊ,gʊbeɪ
gʊd.i,gʊd.u,gʊdi,gʊdu,gʊdi,gʊdu
gʊd.e,gʊd.o,gʊde,gʊdo,gʊdeɪ,gʊdoʊ
gʊd.u,gʊd.i,gʊdu,gʊdi,gʊdu,gʊdi
gʊd.o,gʊd.e,gʊdo,gʊde,gʊdoʊ,gʊdeɪ
gʊg.i,gʊg.u,gʊgi,gʊgu,gʊgi,gʊgu
gʊg.e,gʊg.o,gʊge,gʊgo,gʊgeɪ,gʊgoʊ
gʊg.u,gʊg.i,gʊgu,gʊgi,gʊgu,gʊgi
gʊg.o,gʊg.e,gʊgo,gʊge,gʊgoʊ,gʊgeɪ
gʊf.i,gʊf.u,gʊfi,gʊfu,gʊfi,gʊfu
gʊf.e,gʊf.o,gʊfe,gʊfo,gʊfeɪ,gʊfoʊ
gʊf.u,gʊf.i,gʊfu,gʊfi,gʊfu,gʊfi
gʊf.o,gʊf.e,gʊfo,gʊfe,gʊfoʊ,gʊfeɪ
gʊs.i,gʊs.u,gʊsi,gʊsu,gʊsi,gʊsu
gʊs.e,gʊs.o,gʊse,gʊso,gʊseɪ,gʊsoʊ
gʊs.u,gʊs.i,gʊsu,gʊsi,gʊsu,gʊsi
gʊs.o,gʊs.e,gʊso,gʊse,gʊsoʊ,gʊseɪ
gʊv.i,gʊv.u,gʊvi,gʊvu,gʊvi,gʊvu
gʊv.e,gʊv.o,gʊve,gʊvo,gʊveɪ,gʊvoʊ
gʊv.u,gʊv.i,gʊvu,gʊvi,gʊvu,gʊvi
gʊv.o,gʊv.e,gʊvo,gʊve,gʊvoʊ,gʊveɪ
gʊz.i,gʊz.u,gʊzi,gʊzu,gʊzi,gʊzu
gʊz.e,gʊz.o,gʊze,gʊzo,gʊzeɪ,gʊzoʊ
gʊz.u,gʊz.i,gʊzu,gʊzi,gʊzu,gʊzi
gʊz.o,gʊz.e,gʊzo,gʊze,gʊzoʊ,gʊzeɪ
gʊʃ.i,gʊʃ.u,gʊʃi,gʊʃu,gʊʃi,gʊʃu
gʊʃ.e,gʊʃ.o,gʊʃe,gʊʃo,gʊʃeɪ,gʊʃoʊ
gʊʃ.u,gʊʃ.i,gʊʃu,gʊʃi,gʊʃu,gʊʃi
gʊʃ.o,gʊʃ.e,gʊʃo,gʊʃe,gʊʃoʊ,gʊʃeɪ
gʊʒ.i,gʊʒ.u,gʊʒi,gʊʒu,gʊʒi,gʊʒu
gʊʒ.e,gʊʒ.o,gʊʒe,gʊʒo,gʊʒeɪ,gʊʒoʊ
gʊʒ.u,gʊʒ.i,gʊʒu,gʊʒi,gʊʒu,gʊʒi
gʊʒ.o,gʊʒ.e,gʊʒo,gʊʒe,gʊʒoʊ,gʊʒeɪ
gʊθ.i,gʊθ.u,gʊθi,gʊθu,gʊθi,gʊθu
gʊθ.e,gʊθ.o,gʊθe,gʊθo,gʊθeɪ,gʊθoʊ
gʊθ.u,gʊθ.i,gʊθu,gʊθi,gʊθu,gʊθi
gʊθ.o,gʊθ.e,gʊθo,gʊθe,gʊθoʊ,gʊθeɪ
gʊð.i,gʊð.u,gʊði,gʊðu,gʊði,gʊðu
gʊð.e,gʊð.o,gʊðe,gʊðo,gʊðeɪ,gʊðoʊ
gʊð.u,gʊð.i,gʊðu,gʊði,gʊðu,gʊði
gʊð.o,gʊð.e,gʊðo,gʊðe,gʊðoʊ,gʊðeɪ
fʊm.i,fʊm.u,fʊmi,fʊmu,fʊmi,fʊmu
fʊm.e,fʊm.o,fʊme,fʊmo,fʊmeɪ,fʊmoʊ
fʊm.u,fʊm.i,fʊmu,fʊmi,fʊmu,fʊmi
fʊm.o,fʊm.e,fʊmo,fʊme,fʊmoʊ,fʊmeɪ
fʊn.i,fʊn.u,fʊni,fʊnu,fʊni,fʊnu
fʊn.e,fʊn.o,fʊne,fʊno,fʊneɪ,fʊnoʊ
fʊn.u,fʊn.i,fʊnu,fʊni,fʊnu,fʊni
fʊn.o,fʊn.e,fʊno,fʊne,fʊnoʊ,fʊneɪ
fʊŋ.i,fʊŋ.u,fʊŋi,fʊŋu,fʊŋi,fʊŋu
fʊŋ.e,fʊŋ.o,fʊŋe,fʊŋo,fʊŋeɪ,fʊŋoʊ
fʊŋ.u,fʊŋ.i,fʊŋu,fʊŋi,fʊŋu,fʊŋi
fʊŋ.o,fʊŋ.e,fʊŋo,fʊŋe,fʊŋoʊ,fʊŋeɪ
fʊp.i,fʊp.u,fʊpi,fʊpu,fʊpi,fʊpu
fʊp.e,fʊp.o,fʊpe,fʊpo,fʊpeɪ,fʊpoʊ
fʊp.u,fʊp.i,fʊpu,fʊpi,fʊpu,fʊpi
fʊp.o,fʊp.e,fʊpo,fʊpe,fʊpoʊ,fʊpeɪ
fʊt.i,fʊt.u,fʊti,fʊtu,fʊti,fʊtu
fʊt.e,fʊt.o,fʊte,fʊto,fʊteɪ,fʊtoʊ
fʊt.u,fʊt.i,fʊtu,fʊti,fʊtu,fʊti
fʊt.o,fʊt.e,fʊto,fʊte,fʊtoʊ,fʊteɪ
fʊk.i,fʊk.u,fʊki,fʊku,fʊki,fʊku
fʊk.e,fʊk.o,fʊke,fʊko,fʊkeɪ,fʊkoʊ
fʊk.u,fʊk.i,fʊku,fʊki,fʊku,fʊki
fʊk.o,fʊk.e,fʊko,fʊke,fʊkoʊ,fʊkeɪ
fʊb.i,fʊb.u,fʊbi,fʊbu,fʊbi,fʊbu
fʊb.e,fʊb.o,fʊbe,fʊbo,fʊbeɪ,fʊboʊ
fʊb.u,fʊb.i,fʊbu,fʊbi,fʊbu,fʊbi
fʊb.o,fʊb.e,fʊbo,fʊbe,fʊboʊ,fʊbeɪ
fʊd.i,fʊd.u,fʊdi,fʊdu,fʊdi,fʊdu
fʊd.e,fʊd.o,fʊde,fʊdo,fʊdeɪ,fʊdoʊ
fʊd.u,fʊd.i,fʊdu,fʊdi,fʊdu,fʊdi
fʊd.o,fʊd.e,fʊdo,fʊde,fʊdoʊ,fʊdeɪ
fʊg.i,fʊg.u,fʊgi,fʊgu,fʊgi,fʊgu
fʊg.e,fʊg.o,fʊge,fʊgo,fʊgeɪ,fʊgoʊ
fʊg.u,fʊg.i,fʊgu,fʊgi,fʊgu,fʊgi
fʊg.o,fʊg.e,fʊgo,fʊge,fʊgoʊ,fʊgeɪ
fʊf.i,fʊf.u,fʊfi,fʊfu,fʊfi,fʊfu
fʊf.e,fʊf.o,fʊfe,fʊfo,fʊfeɪ,fʊfoʊ
fʊf.u,fʊf.i,fʊfu,fʊfi,fʊfu,fʊfi
fʊf.o,fʊf.e,fʊfo,fʊfe,fʊfoʊ,fʊfeɪ
fʊs.i,fʊs.u,fʊsi,fʊsu,fʊsi,fʊsu
fʊs.e,fʊs.o,fʊse,fʊso,fʊseɪ,fʊsoʊ
fʊs.u,fʊs.i,fʊsu,fʊsi,fʊsu,fʊsi
fʊs.o,fʊs.e,fʊso,fʊse,fʊsoʊ,fʊseɪ
fʊv.i,fʊv.u,fʊvi,fʊvu,fʊvi,fʊvu
fʊv.e,fʊv.o,fʊve,fʊvo,fʊveɪ,fʊvoʊ
fʊv.u,fʊv.i,fʊvu,fʊvi,fʊvu,fʊvi
fʊv.o,fʊv.e,fʊvo,fʊve,fʊvoʊ,fʊveɪ
fʊz.i,fʊz.u,fʊzi,fʊzu,fʊzi,fʊzu
fʊz.e,fʊz.o,fʊze,fʊzo,fʊzeɪ,fʊzoʊ
fʊz.u,fʊz.i,fʊzu,fʊzi,fʊzu,fʊzi
fʊz.o,fʊz.e,fʊzo,fʊze,fʊzoʊ,fʊzeɪ
fʊʃ.i,fʊʃ.u,fʊʃi,fʊʃu,fʊʃi,fʊʃu
fʊʃ.e,fʊʃ.o,fʊʃe,fʊʃo,fʊʃeɪ,fʊʃoʊ
fʊʃ.u,fʊʃ.i,fʊʃu,fʊʃi,fʊʃu,fʊʃi
fʊʃ.o,fʊʃ.e,fʊʃo,fʊʃe,fʊʃoʊ,fʊʃeɪ
fʊʒ.i,fʊʒ.u,fʊʒi,fʊʒu,fʊʒi,fʊʒu
fʊʒ.e,fʊʒ.o,fʊʒe,fʊʒo,fʊʒeɪ,fʊʒoʊ
fʊʒ.u,fʊʒ.i,fʊʒu,fʊʒi,fʊʒu,fʊʒi
fʊʒ.o,fʊʒ.e,fʊʒo,fʊʒe,fʊʒoʊ,fʊʒeɪ
fʊθ.i,fʊθ.u,fʊθi,fʊθu,fʊθi,fʊθu
fʊθ.e,fʊθ.o,fʊθe,fʊθo,fʊθeɪ,fʊθoʊ
fʊθ.u,fʊθ.i,fʊθu,fʊθi,fʊθu,fʊθi
fʊθ.o,fʊθ.e,fʊθo,fʊθe,fʊθoʊ,fʊθeɪ
fʊð.i,fʊð.u,fʊði,fʊðu,fʊði,fʊðu
fʊð.e,fʊð.o,fʊðe,fʊðo,fʊðeɪ,fʊðoʊ
fʊð.u,fʊð.i,fʊðu,fʊði,fʊðu,fʊði
fʊð.o,fʊð.e,fʊðo,fʊðe,fʊðoʊ,fʊðeɪ
sʊm.i,sʊm.u,sʊmi,sʊmu,sʊmi,sʊmu
sʊm.e,sʊm.o,sʊme,sʊmo,sʊmeɪ,sʊmoʊ
sʊm.u,sʊm.i,sʊmu,sʊmi,sʊmu,sʊmi
sʊm.o,sʊm.e,sʊmo,sʊme,sʊmoʊ,sʊmeɪ
sʊn.i,sʊn.u,sʊni,sʊnu,sʊni,sʊnu
sʊn.e,sʊn.o,sʊne,sʊno,sʊneɪ,sʊnoʊ
sʊn.u,sʊn.i,sʊnu,sʊni,sʊnu,sʊni
sʊn.o,sʊn.e,sʊno,sʊne,sʊnoʊ,sʊneɪ
sʊŋ.i,sʊŋ.u,sʊŋi,sʊŋu,sʊŋi,sʊŋu
sʊŋ.e,sʊŋ.o,sʊŋe,sʊŋo,sʊŋeɪ,sʊŋoʊ
sʊŋ.u,sʊŋ.i,sʊŋu,sʊŋi,sʊŋu,sʊŋi
sʊŋ.o,sʊŋ.e,sʊŋo,sʊŋe,sʊŋoʊ,sʊŋeɪ
sʊp.i,sʊp.u,sʊpi,sʊpu,sʊpi,sʊpu
sʊp.e,sʊp.o,sʊpe,sʊpo,sʊpeɪ,sʊpoʊ
sʊp.u,sʊp.i,sʊpu,sʊpi,sʊpu,sʊpi
sʊp.o,sʊp.e,sʊpo,sʊpe,sʊpoʊ,sʊpeɪ
sʊt.i,sʊt.u,sʊti,sʊtu,sʊti,sʊtu
sʊt.e,sʊt.o,sʊte,sʊto,sʊteɪ,sʊtoʊ
sʊt.u,sʊt.i,sʊtu,sʊti,sʊtu,sʊti
sʊt.o,sʊt.e,sʊto,sʊte,sʊtoʊ,sʊteɪ
sʊk.i,sʊk.u,sʊki,sʊku,sʊki,sʊku
sʊk.e,sʊk.o,sʊke,sʊko,sʊkeɪ,sʊkoʊ
sʊk.u,sʊk.i,sʊku,sʊki,sʊku,sʊki
sʊk.o,sʊk.e,sʊko,sʊke,sʊkoʊ,sʊkeɪ
sʊb.i,sʊb.u,sʊbi,sʊbu,sʊbi,sʊbu
sʊb.e,sʊb.o,sʊbe,sʊbo,sʊbeɪ,sʊboʊ
sʊb.u,sʊb.i,sʊbu,sʊbi,sʊbu,sʊbi
sʊb.o,sʊb.e,sʊbo,sʊbe,sʊboʊ,sʊbeɪ
sʊd.i,sʊd.u,sʊdi,sʊdu,sʊdi,sʊdu
sʊd.e,sʊd.o,sʊde,sʊdo,sʊdeɪ,sʊdoʊ
sʊd.u,sʊd.i,sʊdu,sʊdi,sʊdu,sʊdi
sʊd.o,sʊd.e,sʊdo,sʊde,sʊdoʊ,sʊdeɪ
sʊg.i,sʊg.u,sʊgi,sʊgu,sʊgi,sʊgu
sʊg.e,sʊg.o,sʊge,sʊgo,sʊgeɪ,sʊgoʊ
sʊg.u,sʊg.i,sʊgu,sʊgi,sʊgu,sʊgi
sʊg.o,sʊg.e,sʊgo,sʊge,sʊgoʊ,sʊgeɪ
sʊf.i,sʊf.u,sʊfi,sʊfu,sʊfi,sʊfu
sʊf.e,sʊf.o,sʊfe,sʊfo,sʊfeɪ,sʊfoʊ
sʊf.u,sʊf.i,sʊfu,sʊfi,sʊfu,sʊfi
sʊf.o,sʊf.e,sʊfo,sʊfe,sʊfoʊ,sʊfeɪ
sʊs.i,sʊs.u,sʊsi,sʊsu,sʊsi,sʊsu
sʊs.e,sʊs.o,sʊse,sʊso,sʊseɪ,sʊsoʊ
sʊs.u,sʊs.i,sʊsu,sʊsi,sʊsu,sʊsi
sʊs.o,sʊs.e,sʊso,sʊse,sʊsoʊ,sʊseɪ
sʊv.i,sʊv.u,sʊvi,sʊvu,sʊvi,sʊvu
sʊv.e,sʊv.o,sʊve,sʊvo,sʊveɪ,sʊvoʊ
sʊv.u,sʊv.i,sʊvu,sʊvi,sʊvu,sʊvi
sʊv.o,sʊv.e,sʊvo,sʊve,sʊvoʊ,sʊveɪ
sʊz.i,sʊz.u,sʊzi,sʊzu,sʊzi,sʊzu
sʊz.e,sʊz.o,sʊze,sʊzo,sʊzeɪ,sʊzoʊ
sʊz.u,sʊz.i,sʊzu,sʊzi,sʊzu,sʊzi
sʊz.o,sʊz.e,sʊzo,sʊze,sʊzoʊ,sʊzeɪ
sʊʃ.i,sʊʃ.u,sʊʃi,sʊʃu,sʊʃi,sʊʃu
sʊʃ.e,sʊʃ.o,sʊʃe,sʊʃo,sʊʃeɪ,sʊʃoʊ
sʊʃ.u,sʊʃ.i,sʊʃu,sʊʃi,sʊʃu,sʊʃi
sʊʃ.o,sʊʃ.e,sʊʃo,sʊʃe,sʊʃoʊ,sʊʃeɪ
sʊʒ.i,sʊʒ.u,sʊʒi,sʊʒu,sʊʒi,sʊʒu
sʊʒ.e,sʊʒ.o,sʊʒe,sʊʒo,sʊʒeɪ,sʊʒoʊ
sʊʒ.u,sʊʒ.i,sʊʒu,sʊʒi,sʊʒu,sʊʒi
sʊʒ.o,sʊʒ.e,sʊʒo,sʊʒe,sʊʒoʊ,sʊʒeɪ
sʊθ.i,sʊθ.u,sʊθi,sʊθu,sʊθi,sʊθu
sʊθ.e,sʊθ.o,sʊθe,sʊθo,sʊθeɪ,sʊθoʊ
sʊθ.u,sʊθ.i,sʊθu,sʊθi,sʊθu,sʊθi
sʊθ.o,sʊθ.e,sʊθo,sʊθe,sʊθoʊ,sʊθeɪ
sʊð.i,sʊð.u,sʊði,sʊðu,sʊði,sʊðu
sʊð.e,sʊð.o,sʊðe,sʊðo,sʊðeɪ,sʊðoʊ
sʊð.u,sʊð.i,sʊðu,sʊði,sʊðu,sʊði
sʊð.o,sʊð.e,sʊðo,sʊðe,sʊðoʊ,sʊðeɪ
vʊm.i,vʊm.u,vʊmi,vʊmu,vʊmi,vʊmu
vʊm.e,vʊm.o,vʊme,vʊmo,vʊmeɪ,vʊmoʊ
vʊm.u,vʊm.i,vʊmu,vʊmi,vʊmu,vʊmi
vʊm.o,vʊm.e,vʊmo,vʊme,vʊmoʊ,vʊmeɪ
vʊn.i,vʊn.u,vʊni,vʊnu,vʊni,vʊnu
vʊn.e,vʊn.o,vʊne,vʊno,vʊneɪ,vʊnoʊ
vʊn.u,vʊn.i,vʊnu,vʊni,vʊnu,vʊni
vʊn.o,vʊn.e,vʊno,vʊne,vʊnoʊ,vʊneɪ
vʊŋ.i,vʊŋ.u,vʊŋi,vʊŋu,vʊŋi,vʊŋu
vʊŋ.e,vʊŋ.o,vʊŋe,vʊŋo,vʊŋeɪ,vʊŋoʊ
vʊŋ.u,vʊŋ.i,vʊŋu,vʊŋi,vʊŋu,vʊŋi
vʊŋ.o,vʊŋ.e,vʊŋo,vʊŋe,vʊŋoʊ,vʊŋeɪ
vʊp.i,vʊp.u,vʊpi,vʊpu,vʊpi,vʊpu
vʊp.e,vʊp.o,vʊpe,vʊpo,vʊpeɪ,vʊpoʊ
vʊp.u,vʊp.i,vʊpu,vʊpi,vʊpu,vʊpi
vʊp.o,vʊp.e,vʊpo,vʊpe,vʊpoʊ,vʊpeɪ
vʊt.i,vʊt.u,vʊti,vʊtu,vʊti,vʊtu
vʊt.e,vʊt.o,vʊte,vʊto,vʊteɪ,vʊtoʊ
vʊt.u,vʊt.i,vʊtu,vʊti,vʊtu,vʊti
vʊt.o,vʊt.e,vʊto,vʊte,vʊtoʊ,vʊteɪ
vʊk.i,vʊk.u,vʊki,vʊku,vʊki,vʊku
vʊk.e,vʊk.o,vʊke,vʊko,vʊkeɪ,vʊkoʊ
vʊk.u,vʊk.i,vʊku,vʊki,vʊku,vʊki
vʊk.o,vʊk.e,vʊko,vʊke,vʊkoʊ,vʊkeɪ
vʊb.i,vʊb.u,vʊbi,vʊbu,vʊbi,vʊbu
vʊb.e,vʊb.o,vʊbe,vʊbo,vʊbeɪ,vʊboʊ
vʊb.u,vʊb.i,vʊbu,vʊbi,vʊbu,vʊbi
vʊb.o,vʊb.e,vʊbo,vʊbe,vʊboʊ,vʊbeɪ
vʊd.i,vʊd.u,vʊdi,vʊdu,vʊdi,vʊdu
vʊd.e,vʊd.o,vʊde,vʊdo,vʊdeɪ,vʊdoʊ
vʊd.u,vʊd.i,vʊdu,vʊdi,vʊdu,vʊdi
vʊd.o,vʊd.e,vʊdo,vʊde,vʊdoʊ,vʊdeɪ
vʊg.i,vʊg.u,vʊgi,vʊgu,vʊgi,vʊgu
vʊg.e,vʊg.o,vʊge,vʊgo,vʊgeɪ,vʊgoʊ
vʊg.u,vʊg.i,vʊgu,vʊgi,vʊgu,vʊgi
vʊg.o,vʊg.e,vʊgo,vʊge,vʊgoʊ,vʊgeɪ
vʊf.i,vʊf.u,vʊfi,vʊfu,vʊfi,vʊfu
vʊf.e,vʊf.o,vʊfe,vʊfo,vʊfeɪ,vʊfoʊ
vʊf.u,vʊf.i,vʊfu,vʊfi,vʊfu,vʊfi
vʊf.o,vʊf.e,vʊfo,vʊfe,vʊfoʊ,vʊfeɪ
vʊs.i,vʊs.u,vʊsi,vʊsu,vʊsi,vʊsu
vʊs.e,vʊs.o,vʊse,vʊso,vʊseɪ,vʊsoʊ
vʊs.u,vʊs.i,vʊsu,vʊsi,vʊsu,vʊsi
vʊs.o,vʊs.e,vʊso,vʊse,vʊsoʊ,vʊseɪ
vʊv.i,vʊv.u,vʊvi,vʊvu,vʊvi,vʊvu
vʊv.e,vʊv.o,vʊve,vʊvo,vʊveɪ,vʊvoʊ
vʊv.u,vʊv.i,vʊvu,vʊvi,vʊvu,vʊvi
vʊv.o,vʊv.e,vʊvo,vʊve,vʊvoʊ,vʊveɪ
vʊz.i,vʊz.u,vʊzi,vʊzu,vʊzi,vʊzu
vʊz.e,vʊz.o,vʊze,vʊzo,vʊzeɪ,vʊzoʊ
vʊz.u,vʊz.i,vʊzu,vʊzi,vʊzu,vʊzi
vʊz.o,vʊz.e,vʊzo,vʊze,vʊzoʊ,vʊzeɪ
vʊʃ.i,vʊʃ.u,vʊʃi,vʊʃu,vʊʃi,vʊʃu
vʊʃ.e,vʊʃ.o,vʊʃe,vʊʃo,vʊʃeɪ,vʊʃoʊ
vʊʃ.u,vʊʃ.i,vʊʃu,vʊʃi,vʊʃu,vʊʃi
vʊʃ.o,vʊʃ.e,vʊʃo,vʊʃe,vʊʃoʊ,vʊʃeɪ
vʊʒ.i,vʊʒ.u,vʊʒi,vʊʒu,vʊʒi,vʊʒu
vʊʒ.e,vʊʒ.o,vʊʒe,vʊʒo,vʊʒeɪ,vʊʒoʊ
vʊʒ.u,vʊʒ.i,vʊʒu,vʊʒi,vʊʒu,vʊʒi
vʊʒ.o,vʊʒ.e,vʊʒo,vʊʒe,vʊʒoʊ,vʊʒeɪ
vʊθ.i,vʊθ.u,vʊθi,vʊθu,vʊθi,vʊθu
vʊθ.e,vʊθ.o,vʊθe,vʊθo,vʊθeɪ,vʊθoʊ
vʊθ.u,vʊθ.i,vʊθu,vʊθi,vʊθu,vʊθi
vʊθ.o,vʊθ.e,vʊθo,vʊθe,vʊθoʊ,vʊθeɪ
vʊð.i,vʊð.u,vʊði,vʊðu,vʊði,vʊðu
vʊð.e,vʊð.o,vʊðe,vʊðo,vʊðeɪ,vʊðoʊ
vʊð.u,vʊð.i,vʊðu,vʊði,vʊðu,vʊði
vʊð.o,vʊð.e,vʊðo,vʊðe,vʊðoʊ,vʊðeɪ
zʊm.i,zʊm.u,zʊmi,zʊmu,zʊmi,zʊmu
zʊm.e,zʊm.o,zʊme,zʊmo,zʊmeɪ,zʊmoʊ
zʊm.u,zʊm.i,zʊmu,zʊmi,zʊmu,zʊmi
zʊm.o,zʊm.e,zʊmo,zʊme,zʊmoʊ,zʊmeɪ
zʊn.i,zʊn.u,zʊni,zʊnu,zʊni,zʊnu
zʊn.e,zʊn.o,zʊne,zʊno,zʊneɪ,zʊnoʊ
zʊn.u,zʊn.i,zʊnu,zʊni,zʊnu,zʊni
zʊn.o,zʊn.e,zʊno,zʊne,zʊnoʊ,zʊneɪ
zʊŋ.i,zʊŋ.u,zʊŋi,zʊŋu,zʊŋi,zʊŋu
zʊŋ.e,zʊŋ.o,zʊŋe,zʊŋo,zʊŋeɪ,zʊŋoʊ
zʊŋ.u,zʊŋ.i,zʊŋu,zʊŋi,zʊŋu,zʊŋi
zʊŋ.o,zʊŋ.e,zʊŋo,zʊŋe,zʊŋoʊ,zʊŋeɪ
zʊp.i,zʊp.u,zʊpi,zʊpu,zʊpi,zʊpu
zʊp.e,zʊp.o,zʊpe,zʊpo,zʊpeɪ,zʊpoʊ
zʊp.u,zʊp.i,zʊpu,zʊpi,zʊpu,zʊpi
zʊp.o,zʊp.e,zʊpo,zʊpe,zʊpoʊ,zʊpeɪ
zʊt.i,zʊt.u,zʊti,zʊtu,zʊti,zʊtu
zʊt.e,zʊt.o,zʊte,zʊto,zʊteɪ,zʊtoʊ
zʊt.u,zʊt.i,zʊtu,zʊti,zʊtu,zʊti
zʊt.o,zʊt.e,zʊto,zʊte,zʊtoʊ,zʊteɪ
zʊk.i,zʊk.u,zʊki,zʊku,zʊki,zʊku
zʊk.e,zʊk.o,zʊke,zʊko,zʊkeɪ,zʊkoʊ
zʊk.u,zʊk.i,zʊku,zʊki,zʊku,zʊki
zʊk.o,zʊk.e,zʊko,zʊke,zʊkoʊ,zʊkeɪ
zʊb.i,zʊb.u,zʊbi,zʊbu,zʊbi,zʊbu
zʊb.e,zʊb.o,zʊbe,zʊbo,zʊbeɪ,zʊboʊ
zʊb.u,zʊb.i,zʊbu,zʊbi,zʊbu,zʊbi
zʊb.o,zʊb.e,zʊbo,zʊbe,zʊboʊ,zʊbeɪ
zʊd.i,zʊd.u,zʊdi,zʊdu,zʊdi,zʊdu
zʊd.e,zʊd.o,zʊde,zʊdo,zʊdeɪ,zʊdoʊ
zʊd.u,zʊd.i,zʊdu,zʊdi,zʊdu,zʊdi
zʊd.o,zʊd.e,zʊdo,zʊde,zʊdoʊ,zʊdeɪ
zʊg.i,zʊg.u,zʊgi,zʊgu,zʊgi,zʊgu
zʊg.e,zʊg.o,zʊge,zʊgo,zʊgeɪ,zʊgoʊ
zʊg.u,zʊg.i,zʊgu,zʊgi,zʊgu,zʊgi
zʊg.o,zʊg.e,zʊgo,zʊge,zʊgoʊ,zʊgeɪ
zʊf.i,zʊf.u,zʊfi,zʊfu,zʊfi,zʊfu
zʊf.e,zʊf.o,zʊfe,zʊfo,zʊfeɪ,zʊfoʊ
zʊf.u,zʊf.i,zʊfu,zʊfi,zʊfu,zʊfi
zʊf.o,zʊf.e,zʊfo,zʊfe,zʊfoʊ,zʊfeɪ
zʊs.i,zʊs.u,zʊsi,zʊsu,zʊsi,zʊsu
zʊs.e,zʊs.o,zʊse,zʊso,zʊseɪ,zʊsoʊ
zʊs.u,zʊs.i,zʊsu,zʊsi,zʊsu,zʊsi
zʊs.o,zʊs.e,zʊso,zʊse,zʊsoʊ,zʊseɪ
zʊv.i,zʊv.u,zʊvi,zʊvu,zʊvi,zʊvu
zʊv.e,zʊv.o,zʊve,zʊvo,zʊveɪ,zʊvoʊ
zʊv.u,zʊv.i,zʊvu,zʊvi,zʊvu,zʊvi
zʊv.o,zʊv.e,zʊvo,zʊve,zʊvoʊ,zʊveɪ
zʊz.i,zʊz.u,zʊzi,zʊzu,zʊzi,zʊzu
zʊz.e,zʊz.o,zʊze,zʊzo,zʊzeɪ,zʊzoʊ
zʊz.u,zʊz.i,zʊzu,zʊzi,zʊzu,zʊzi
zʊz.o,zʊz.e,zʊzo,zʊze,zʊzoʊ,zʊzeɪ
zʊʃ.i,zʊʃ.u,zʊʃi,zʊʃu,zʊʃi,zʊʃu
zʊʃ.e,zʊʃ.o,zʊʃe,zʊʃo,zʊʃeɪ,zʊʃoʊ
zʊʃ.u,zʊʃ.i,zʊʃu,zʊʃi,zʊʃu,zʊʃi
zʊʃ.o,zʊʃ.e,zʊʃo,zʊʃe,zʊʃoʊ,zʊʃeɪ
zʊʒ.i,zʊʒ.u,zʊʒi,zʊʒu,zʊʒi,zʊʒu
zʊʒ.e,zʊʒ.o,zʊʒe,zʊʒo,zʊʒeɪ,zʊʒoʊ
zʊʒ.u,zʊʒ.i,zʊʒu,zʊʒi,zʊʒu,zʊʒi
zʊʒ.o,zʊʒ.e,zʊʒo,zʊʒe,zʊʒoʊ,zʊʒeɪ
zʊθ.i,zʊθ.u,zʊθi,zʊθu,zʊθi,zʊθu
zʊθ.e,zʊθ.o,zʊθe,zʊθo,zʊθeɪ,zʊθoʊ
zʊθ.u,zʊθ.i,zʊθu,zʊθi,zʊθu,zʊθi
zʊθ.o,zʊθ.e,zʊθo,zʊθe,zʊθoʊ,zʊθeɪ
zʊð.i,zʊð.u,zʊði,zʊðu,zʊði,zʊðu
zʊð.e,zʊð.o,zʊðe,zʊðo,zʊðeɪ,zʊðoʊ
zʊð.u,zʊð.i,zʊðu,zʊði,zʊðu,zʊði
zʊð.o,zʊð.e,zʊðo,zʊðe,zʊðoʊ,zʊðeɪ
ʃʊm.i,ʃʊm.u,ʃʊmi,ʃʊmu,ʃʊmi,ʃʊmu
ʃʊm.e,ʃʊm.o,ʃʊme,ʃʊmo,ʃʊmeɪ,ʃʊmoʊ
ʃʊm.u,ʃʊm.i,ʃʊmu,ʃʊmi,ʃʊmu,ʃʊmi
ʃʊm.o,ʃʊm.e,ʃʊmo,ʃʊme,ʃʊmoʊ,ʃʊmeɪ
ʃʊn.i,ʃʊn.u,ʃʊni,ʃʊnu,ʃʊni,ʃʊnu
ʃʊn.e,ʃʊn.o,ʃʊne,ʃʊno,ʃʊneɪ,ʃʊnoʊ
ʃʊn.u,ʃʊn.i,ʃʊnu,ʃʊni,ʃʊnu,ʃʊni
ʃʊn.o,ʃʊn.e,ʃʊno,ʃʊne,ʃʊnoʊ,ʃʊneɪ
ʃʊŋ.i,ʃʊŋ.u,ʃʊŋi,ʃʊŋu,ʃʊŋi,ʃʊŋu
ʃʊŋ.e,ʃʊŋ.o,ʃʊŋe,ʃʊŋo,ʃʊŋeɪ,ʃʊŋoʊ
ʃʊŋ.u,ʃʊŋ.i,ʃʊŋu,ʃʊŋi,ʃʊŋu,ʃʊŋi
ʃʊŋ.o,ʃʊŋ.e,ʃʊŋo,ʃʊŋe,ʃʊŋoʊ,ʃʊŋeɪ
ʃʊp.i,ʃʊp.u,ʃʊpi,ʃʊpu,ʃʊpi,ʃʊpu
ʃʊp.e,ʃʊp.o,ʃʊpe,ʃʊpo,ʃʊpeɪ,ʃʊpoʊ
ʃʊp.u,ʃʊp.i,ʃʊpu,ʃʊpi,ʃʊpu,ʃʊpi
ʃʊp.o,ʃʊp.e,ʃʊpo,ʃʊpe,ʃʊpoʊ,ʃʊpeɪ
ʃʊt.i,ʃʊt.u,ʃʊti,ʃʊtu,ʃʊti,ʃʊtu
ʃʊt.e,ʃʊt.o,ʃʊte,ʃʊto,ʃʊteɪ,ʃʊtoʊ
ʃʊt.u,ʃʊt.i,ʃʊtu,ʃʊti,ʃʊtu,ʃʊti
ʃʊt.o,ʃʊt.e,ʃʊto,ʃʊte,ʃʊtoʊ,ʃʊteɪ
ʃʊk.i,ʃʊk.u,ʃʊki,ʃʊku,ʃʊki,ʃʊku
ʃʊk.e,ʃʊk.o,ʃʊke,ʃʊko,ʃʊkeɪ,ʃʊkoʊ
ʃʊk.u,ʃʊk.i,ʃʊku,ʃʊki,ʃʊku,ʃʊki
ʃʊk.o,ʃʊk.e,ʃʊko,ʃʊke,ʃʊkoʊ,ʃʊkeɪ
ʃʊb.i,ʃʊb.u,ʃʊbi,ʃʊbu,ʃʊbi,ʃʊbu
ʃʊb.e,ʃʊb.o,ʃʊbe,ʃʊbo,ʃʊbeɪ,ʃʊboʊ
ʃʊb.u,ʃʊb.i,ʃʊbu,ʃʊbi,ʃʊbu,ʃʊbi
ʃʊb.o,ʃʊb.e,ʃʊbo,ʃʊbe,ʃʊboʊ,ʃʊbeɪ
ʃʊd.i,ʃʊd.u,ʃʊdi,ʃʊdu,ʃʊdi,ʃʊdu
ʃʊd.e,ʃʊd.o,ʃʊde,ʃʊdo,ʃʊdeɪ,ʃʊdoʊ
ʃʊd.u,ʃʊd.i,ʃʊdu,ʃʊdi,ʃʊdu,ʃʊdi
ʃʊd.o,ʃʊd.e,ʃʊdo,ʃʊde,ʃʊdoʊ,ʃʊdeɪ
ʃʊg.i,ʃʊg.u,ʃʊgi,ʃʊgu,ʃʊgi,ʃʊgu
ʃʊg.e,ʃʊg.o,ʃʊge,ʃʊgo,ʃʊgeɪ,ʃʊgoʊ
ʃʊg.u,ʃʊg.i,ʃʊgu,ʃʊgi,ʃʊgu,ʃʊgi
ʃʊg.o,ʃʊg.e,ʃʊgo,ʃʊge,ʃʊgoʊ,ʃʊgeɪ
ʃʊf.i,ʃʊf.u,ʃʊfi,ʃʊfu,ʃʊfi,ʃʊfu
ʃʊf.e,ʃʊf.o,ʃʊfe,ʃʊfo,ʃʊfeɪ,ʃʊfoʊ
ʃʊf.u,ʃʊf.i,ʃʊfu,ʃʊfi,ʃʊfu,ʃʊfi
ʃʊf.o,ʃʊf.e,ʃʊfo,ʃʊfe,ʃʊfoʊ,ʃʊfeɪ
ʃʊs.i,ʃʊs.u,ʃʊsi,ʃʊsu,ʃʊsi,ʃʊsu
ʃʊs.e,ʃʊs.o,ʃʊse,ʃʊso,ʃʊseɪ,ʃʊsoʊ
ʃʊs.u,ʃʊs.i,ʃʊsu,ʃʊsi,ʃʊsu,ʃʊsi
ʃʊs.o,ʃʊs.e,ʃʊso,ʃʊse,ʃʊsoʊ,ʃʊseɪ
ʃʊv.i,ʃʊv.u,ʃʊvi,ʃʊvu,ʃʊvi,ʃʊvu
ʃʊv.e,ʃʊv.o,ʃʊve,ʃʊvo,ʃʊveɪ,ʃʊvoʊ
ʃʊv.u,ʃʊv.i,ʃʊvu,ʃʊvi,ʃʊvu,ʃʊvi
ʃʊv.o,ʃʊv.e,ʃʊvo,ʃʊve,ʃʊvoʊ,ʃʊveɪ
ʃʊz.i,ʃʊz.u,ʃʊzi,ʃʊzu,ʃʊzi,ʃʊzu
ʃʊz.e,ʃʊz.o,ʃʊze,ʃʊzo,ʃʊzeɪ,ʃʊzoʊ
ʃʊz.u,ʃʊz.i,ʃʊzu,ʃʊzi,ʃʊzu,ʃʊzi
ʃʊz.o,ʃʊz.e,ʃʊzo,ʃʊze,ʃʊzoʊ,ʃʊzeɪ
ʃʊʃ.i,ʃʊʃ.u,ʃʊʃi,ʃʊʃu,ʃʊʃi,ʃʊʃu
ʃʊʃ.e,ʃʊʃ.o,ʃʊʃe,ʃʊʃo,ʃʊʃeɪ,ʃʊʃoʊ
ʃʊʃ.u,ʃʊʃ.i,ʃʊʃu,ʃʊʃi,ʃʊʃu,ʃʊʃi
ʃʊʃ.o,ʃʊʃ.e,ʃʊʃo,ʃʊʃe,ʃʊʃoʊ,ʃʊʃeɪ
ʃʊʒ.i,ʃʊʒ.u,ʃʊʒi,ʃʊʒu,ʃʊʒi,ʃʊʒu
ʃʊʒ.e,ʃʊʒ.o,ʃʊʒe,ʃʊʒo,ʃʊʒeɪ,ʃʊʒoʊ
ʃʊʒ.u,ʃʊʒ.i,ʃʊʒu,ʃʊʒi,ʃʊʒu,ʃʊʒi
ʃʊʒ.o,ʃʊʒ.e,ʃʊʒo,ʃʊʒe,ʃʊʒoʊ,ʃʊʒeɪ
ʃʊθ.i,ʃʊθ.u,ʃʊθi,ʃʊθu,ʃʊθi,ʃʊθu
ʃʊθ.e,ʃʊθ.o,ʃʊθe,ʃʊθo,ʃʊθeɪ,ʃʊθoʊ
ʃʊθ.u,ʃʊθ.i,ʃʊθu,ʃʊθi,ʃʊθu,ʃʊθi
ʃʊθ.o,ʃʊθ.e,ʃʊθo,ʃʊθe,ʃʊθoʊ,ʃʊθeɪ
ʃʊð.i,ʃʊð.u,ʃʊði,ʃʊðu,ʃʊði,ʃʊðu
ʃʊð.e,ʃʊð.o,ʃʊðe,ʃʊðo,ʃʊðeɪ,ʃʊðoʊ
ʃʊð.u,ʃʊð.i,ʃʊðu,ʃʊði,ʃʊðu,ʃʊði
ʃʊð.o,ʃʊð.e,ʃʊðo,ʃʊðe,ʃʊðoʊ,ʃʊðeɪ
ʒʊm.i,ʒʊm.u,ʒʊmi,ʒʊmu,ʒʊmi,ʒʊmu
ʒʊm.e,ʒʊm.o,ʒʊme,ʒʊmo,ʒʊmeɪ,ʒʊmoʊ
ʒʊm.u,ʒʊm.i,ʒʊmu,ʒʊmi,ʒʊmu,ʒʊmi
ʒʊm.o,ʒʊm.e,ʒʊmo,ʒʊme,ʒʊmoʊ,ʒʊmeɪ
ʒʊn.i,ʒʊn.u,ʒʊni,ʒʊnu,ʒʊni,ʒʊnu
ʒʊn.e,ʒʊn.o,ʒʊne,ʒʊno,ʒʊneɪ,ʒʊnoʊ
ʒʊn.u,ʒʊn.i,ʒʊnu,ʒʊni,ʒʊnu,ʒʊni
ʒʊn.o,ʒʊn.e,ʒʊno,ʒʊne,ʒʊnoʊ,ʒʊneɪ
ʒʊŋ.i,ʒʊŋ.u,ʒʊŋi,ʒʊŋu,ʒʊŋi,ʒʊŋu
ʒʊŋ.e,ʒʊŋ.o,ʒʊŋe,ʒʊŋo,ʒʊŋeɪ,ʒʊŋoʊ
ʒʊŋ.u,ʒʊŋ.i,ʒʊŋu,ʒʊŋi,ʒʊŋu,ʒʊŋi
ʒʊŋ.o,ʒʊŋ.e,ʒʊŋo,ʒʊŋe,ʒʊŋoʊ,ʒʊŋeɪ
ʒʊp.i,ʒʊp.u,ʒʊpi,ʒʊpu,ʒʊpi,ʒʊpu
ʒʊp.e,ʒʊp.o,ʒʊpe,ʒʊpo,ʒʊpeɪ,ʒʊpoʊ
ʒʊp.u,ʒʊp.i,ʒʊpu,ʒʊpi,ʒʊpu,ʒʊpi
ʒʊp.o,ʒʊp.e,ʒʊpo,ʒʊpe,ʒʊpoʊ,ʒʊpeɪ
ʒʊt.i,ʒʊt.u,ʒʊti,ʒʊtu,ʒʊti,ʒʊtu
ʒʊt.e,ʒʊt.o,ʒʊte,ʒʊto,ʒʊteɪ,ʒʊtoʊ
ʒʊt.u,ʒʊt.i,ʒʊtu,ʒʊti,ʒʊtu,ʒʊti
ʒʊt.o,ʒʊt.e,ʒʊto,ʒʊte,ʒʊtoʊ,ʒʊteɪ
ʒʊk.i,ʒʊk.u,ʒʊki,ʒʊku,ʒʊki,ʒʊku
ʒʊk.e,ʒʊk.o,ʒʊke,ʒʊko,ʒʊkeɪ,ʒʊkoʊ
ʒʊk.u,ʒʊk.i,ʒʊku,ʒʊki,ʒʊku,ʒʊki
ʒʊk.o,ʒʊk.e,ʒʊko,ʒʊke,ʒʊkoʊ,ʒʊkeɪ
ʒʊb.i,ʒʊb.u,ʒʊbi,ʒʊbu,ʒʊbi,ʒʊbu
ʒʊb.e,ʒʊb.o,ʒʊbe,ʒʊbo,ʒʊbeɪ,ʒʊboʊ
ʒʊb.u,ʒʊb.i,ʒʊbu,ʒʊbi,ʒʊbu,ʒʊbi
ʒʊb.o,ʒʊb.e,ʒʊbo,ʒʊbe,ʒʊboʊ,ʒʊbeɪ
ʒʊd.i,ʒʊd.u,ʒʊdi,ʒʊdu,ʒʊdi,ʒʊdu
ʒʊd.e,ʒʊd.o,ʒʊde,ʒʊdo,ʒʊdeɪ,ʒʊdoʊ
ʒʊd.u,ʒʊd.i,ʒʊdu,ʒʊdi,ʒʊdu,ʒʊdi
ʒʊd.o,ʒʊd.e,ʒʊdo,ʒʊde,ʒʊdoʊ,ʒʊdeɪ
ʒʊg.i,ʒʊg.u,ʒʊgi,ʒʊgu,ʒʊgi,ʒʊgu
ʒʊg.e,ʒʊg.o,ʒʊge,ʒʊgo,ʒʊgeɪ,ʒʊgoʊ
ʒʊg.u,ʒʊg.i,ʒʊgu,ʒʊgi,ʒʊgu,ʒʊgi
ʒʊg.o,ʒʊg.e,ʒʊgo,ʒʊge,ʒʊgoʊ,ʒʊgeɪ
ʒʊf.i,ʒʊf.u,ʒʊfi,ʒʊfu,ʒʊfi,ʒʊfu
ʒʊf.e,ʒʊf.o,ʒʊfe,ʒʊfo,ʒʊfeɪ,ʒʊfoʊ
ʒʊf.u,ʒʊf.i,ʒʊfu,ʒʊfi,ʒʊfu,ʒʊfi
ʒʊf.o,ʒʊf.e,ʒʊfo,ʒʊfe,ʒʊfoʊ,ʒʊfeɪ
ʒʊs.i,ʒʊs.u,ʒʊsi,ʒʊsu,ʒʊsi,ʒʊsu
ʒʊs.e,ʒʊs.o,ʒʊse,ʒʊso,ʒʊseɪ,ʒʊsoʊ
ʒʊs.u,ʒʊs.i,ʒʊsu,ʒʊsi,ʒʊsu,ʒʊsi
ʒʊs.o,ʒʊs.e,ʒʊso,ʒʊse,ʒʊsoʊ,ʒʊseɪ
ʒʊv.i,ʒʊv.u,ʒʊvi,ʒʊvu,ʒʊvi,ʒʊvu
ʒʊv.e,ʒʊv.o,ʒʊve,ʒʊvo,ʒʊveɪ,ʒʊvoʊ
ʒʊv.u,ʒʊv.i,ʒʊvu,ʒʊvi,ʒʊvu,ʒʊvi
ʒʊv.o,ʒʊv.e,ʒʊvo,ʒʊve,ʒʊvoʊ,ʒʊveɪ
ʒʊz.i,ʒʊz.u,ʒʊzi,ʒʊzu,ʒʊzi,ʒʊzu
ʒʊz.e,ʒʊz.o,ʒʊze,ʒʊzo,ʒʊzeɪ,ʒʊzoʊ
ʒʊz.u,ʒʊz.i,ʒʊzu,ʒʊzi,ʒʊzu,ʒʊzi
ʒʊz.o,ʒʊz.e,ʒʊzo,ʒʊze,ʒʊzoʊ,ʒʊzeɪ
ʒʊʃ.i,ʒʊʃ.u,ʒʊʃi,ʒʊʃu,ʒʊʃi,ʒʊʃu
ʒʊʃ.e,ʒʊʃ.o,ʒʊʃe,ʒʊʃo,ʒʊʃeɪ,ʒʊʃoʊ
ʒʊʃ.u,ʒʊʃ.i,ʒʊʃu,ʒʊʃi,ʒʊʃu,ʒʊʃi
ʒʊʃ.o,ʒʊʃ.e,ʒʊʃo,ʒʊʃe,ʒʊʃoʊ,ʒʊʃeɪ
ʒʊʒ.i,ʒʊʒ.u,ʒʊʒi,ʒʊʒu,ʒʊʒi,ʒʊʒu
ʒʊʒ.e,ʒʊʒ.o,ʒʊʒe,ʒʊʒo,ʒʊʒeɪ,ʒʊʒoʊ
ʒʊʒ.u,ʒʊʒ.i,ʒʊʒu,ʒʊʒi,ʒʊʒu,ʒʊʒi
ʒʊʒ.o,ʒʊʒ.e,ʒʊʒo,ʒʊʒe,ʒʊʒoʊ,ʒʊʒeɪ
ʒʊθ.i,ʒʊθ.u,ʒʊθi,ʒʊθu,ʒʊθi,ʒʊθu
ʒʊθ.e,ʒʊθ.o,ʒʊθe,ʒʊθo,ʒʊθeɪ,ʒʊθoʊ
ʒʊθ.u,ʒʊθ.i,ʒʊθu,ʒʊθi,ʒʊθu,ʒʊθi
ʒʊθ.o,ʒʊθ.e,ʒʊθo,ʒʊθe,ʒʊθoʊ,ʒʊθeɪ
ʒʊð.i,ʒʊð.u,ʒʊði,ʒʊðu,ʒʊði,ʒʊðu
ʒʊð.e,ʒʊð.o,ʒʊðe,ʒʊðo,ʒʊðeɪ,ʒʊðoʊ
ʒʊð.u,ʒʊð.i,ʒʊðu,ʒʊði,ʒʊðu,ʒʊði
ʒʊð.o,ʒʊð.e,ʒʊðo,ʒʊðe,ʒʊðoʊ,ʒʊðeɪ
θʊm.i,θʊm.u,θʊmi,θʊmu,θʊmi,θʊmu
θʊm.e,θʊm.o,θʊme,θʊmo,θʊmeɪ,θʊmoʊ
θʊm.u,θʊm.i,θʊmu,θʊmi,θʊmu,θʊmi
θʊm.o,θʊm.e,θʊmo,θʊme,θʊmoʊ,θʊmeɪ
θʊn.i,θʊn.u,θʊni,θʊnu,θʊni,θʊnu
θʊn.e,θʊn.o,θʊne,θʊno,θʊneɪ,θʊnoʊ
θʊn.u,θʊn.i,θʊnu,θʊni,θʊnu,θʊni
θʊn.o,θʊn.e,θʊno,θʊne,θʊnoʊ,θʊneɪ
θʊŋ.i,θʊŋ.u,θʊŋi,θʊŋu,θʊŋi,θʊŋu
θʊŋ.e,θʊŋ.o,θʊŋe,θʊŋo,θʊŋeɪ,θʊŋoʊ
θʊŋ.u,θʊŋ.i,θʊŋu,θʊŋi,θʊŋu,θʊŋi
θʊŋ.o,θʊŋ.e,θʊŋo,θʊŋe,θʊŋoʊ,θʊŋeɪ
θʊp.i,θʊp.u,θʊpi,θʊpu,θʊpi,θʊpu
θʊp.e,θʊp.o,θʊpe,θʊpo,θʊpeɪ,θʊpoʊ
θʊp.u,θʊp.i,θʊpu,θʊpi,θʊpu,θʊpi
θʊp.o,θʊp.e,θʊpo,θʊpe,θʊpoʊ,θʊpeɪ
θʊt.i,θʊt.u,θʊti,θʊtu,θʊti,θʊtu
θʊt.e,θʊt.o,θʊte,θʊto,θʊteɪ,θʊtoʊ
θʊt.u,θʊt.i,θʊtu,θʊti,θʊtu,θʊti
θʊt.o,θʊt.e,θʊto,θʊte,θʊtoʊ,θʊteɪ
θʊk.i,θʊk.u,θʊki,θʊku,θʊki,θʊku
θʊk.e,θʊk.o,θʊke,θʊko,θʊkeɪ,θʊkoʊ
θʊk.u,θʊk.i,θʊku,θʊki,θʊku,θʊki
θʊk.o,θʊk.e,θʊko,θʊke,θʊkoʊ,θʊkeɪ
θʊb.i,θʊb.u,θʊbi,θʊbu,θʊbi,θʊbu
θʊb.e,θʊb.o,θʊbe,θʊbo,θʊbeɪ,θʊboʊ
θʊb.u,θʊb.i,θʊbu,θʊbi,θʊbu,θʊbi
θʊb.o,θʊb.e,θʊbo,θʊbe,θʊboʊ,θʊbeɪ
θʊd.i,θʊd.u,θʊdi,θʊdu,θʊdi,θʊdu
θʊd.e,θʊd.o,θʊde,θʊdo,θʊdeɪ,θʊdoʊ
θʊd.u,θʊd.i,θʊdu,θʊdi,θʊdu,θʊdi
θʊd.o,θʊd.e,θʊdo,θʊde,θʊdoʊ,θʊdeɪ
θʊg.i,θʊg.u,θʊgi,θʊgu,θʊgi,θʊgu
θʊg.e,θʊg.o,θʊge,θʊgo,θʊgeɪ,θʊgoʊ
θʊg.u,θʊg.i,θʊgu,θʊgi,θʊgu,θʊgi
θʊg.o,θʊg.e,θʊgo,θʊge,θʊgoʊ,θʊgeɪ
θʊf.i,θʊf.u,θʊfi,θʊfu,θʊfi,θʊfu
θʊf.e,θʊf.o,θʊfe,θʊfo,θʊfeɪ,θʊfoʊ
θʊf.u,θʊf.i,θʊfu,θʊfi,θʊfu,θʊfi
θʊf.o,θʊf.e,θʊfo,θʊfe,θʊfoʊ,θʊfeɪ
θʊs.i,θʊs.u,θʊsi,θʊsu,θʊsi,θʊsu
θʊs.e,θʊs.o,θʊse,θʊso,θʊseɪ,θʊsoʊ
θʊs.u,θʊs.i,θʊsu,θʊsi,θʊsu,θʊsi
θʊs.o,θʊs.e,θʊso,θʊse,θʊsoʊ,θʊseɪ
θʊv.i,θʊv.u,θʊvi,θʊvu,θʊvi,θʊvu
θʊv.e,θʊv.o,θʊve,θʊvo,θʊveɪ,θʊvoʊ
θʊv.u,θʊv.i,θʊvu,θʊvi,θʊvu,θʊvi
θʊv.o,θʊv.e,θʊvo,θʊve,θʊvoʊ,θʊveɪ
θʊz.i,θʊz.u,θʊzi,θʊzu,θʊzi,θʊzu
θʊz.e,θʊz.o,θʊze,θʊzo,θʊzeɪ,θʊzoʊ
θʊz.u,θʊz.i,θʊzu,θʊzi,θʊzu,θʊzi
θʊz.o,θʊz.e,θʊzo,θʊze,θʊzoʊ,θʊzeɪ
θʊʃ.i,θʊʃ.u,θʊʃi,θʊʃu,θʊʃi,θʊʃu
θʊʃ.e,θʊʃ.o,θʊʃe,θʊʃo,θʊʃeɪ,θʊʃoʊ
θʊʃ.u,θʊʃ.i,θʊʃu,θʊʃi,θʊʃu,θʊʃi
θʊʃ.o,θʊʃ.e,θʊʃo,θʊʃe,θʊʃoʊ,θʊʃeɪ
θʊʒ.i,θʊʒ.u,θʊʒi,θʊʒu,θʊʒi,θʊʒu
θʊʒ.e,θʊʒ.o,θʊʒe,θʊʒo,θʊʒeɪ,θʊʒoʊ
θʊʒ.u,θʊʒ.i,θʊʒu,θʊʒi,θʊʒu,θʊʒi
θʊʒ.o,θʊʒ.e,θʊʒo,θʊʒe,θʊʒoʊ,θʊʒeɪ
θʊθ.i,θʊθ.u,θʊθi,θʊθu,θʊθi,θʊθu
θʊθ.e,θʊθ.o,θʊθe,θʊθo,θʊθeɪ,θʊθoʊ
θʊθ.u,θʊθ.i,θʊθu,θʊθi,θʊθu,θʊθi
θʊθ.o,θʊθ.e,θʊθo,θʊθe,θʊθoʊ,θʊθeɪ
θʊð.i,θʊð.u,θʊði,θʊðu,θʊði,θʊðu
θʊð.e,θʊð.o,θʊðe,θʊðo,θʊðeɪ,θʊðoʊ
θʊð.u,θʊð.i,θʊðu,θʊði,θʊðu,θʊði
θʊð.o,θʊð.e,θʊðo,θʊðe,θʊðoʊ,θʊðeɪ
ðʊm.i,ðʊm.u,ðʊmi,ðʊmu,ðʊmi,ðʊmu
ðʊm.e,ðʊm.o,ðʊme,ðʊmo,ðʊmeɪ,ðʊmoʊ
ðʊm.u,ðʊm.i,ðʊmu,ðʊmi,ðʊmu,ðʊmi
ðʊm.o,ðʊm.e,ðʊmo,ðʊme,ðʊmoʊ,ðʊmeɪ
ðʊn.i,ðʊn.u,ðʊni,ðʊnu,ðʊni,ðʊnu
ðʊn.e,ðʊn.o,ðʊne,ðʊno,ðʊneɪ,ðʊnoʊ
ðʊn.u,ðʊn.i,ðʊnu,ðʊni,ðʊnu,ðʊni
ðʊn.o,ðʊn.e,ðʊno,ðʊne,ðʊnoʊ,ðʊneɪ
ðʊŋ.i,ðʊŋ.u,ðʊŋi,ðʊŋu,ðʊŋi,ðʊŋu
ðʊŋ.e,ðʊŋ.o,ðʊŋe,ðʊŋo,ðʊŋeɪ,ðʊŋoʊ
ðʊŋ.u,ðʊŋ.i,ðʊŋu,ðʊŋi,ðʊŋu,ðʊŋi
ðʊŋ.o,ðʊŋ.e,ðʊŋo,ðʊŋe,ðʊŋoʊ,ðʊŋeɪ
ðʊp.i,ðʊp.u,ðʊpi,ðʊpu,ðʊpi,ðʊpu
ðʊp.e,ðʊp.o,ðʊpe,ðʊpo,ðʊpeɪ,ðʊpoʊ
ðʊp.u,ðʊp.i,ðʊpu,ðʊpi,ðʊpu,ðʊpi
ðʊp.o,ðʊp.e,ðʊpo,ðʊpe,ðʊpoʊ,ðʊpeɪ
ðʊt.i,ðʊt.u,ðʊti,ðʊtu,ðʊti,ðʊtu
ðʊt.e,ðʊt.o,ðʊte,ðʊto,ðʊteɪ,ðʊtoʊ
ðʊt.u,ðʊt.i,ðʊtu,ðʊti,ðʊtu,ðʊti
ðʊt.o,ðʊt.e,ðʊto,ðʊte,ðʊtoʊ,ðʊteɪ
ðʊk.i,ðʊk.u,ðʊki,ðʊku,ðʊki,ðʊku
ðʊk.e,ðʊk.o,ðʊke,ðʊko,ðʊkeɪ,ðʊkoʊ
ðʊk.u,ðʊk.i,ðʊku,ðʊki,ðʊku,ðʊki
ðʊk.o,ðʊk.e,ðʊko,ðʊke,ðʊkoʊ,ðʊkeɪ
ðʊb.i,ðʊb.u,ðʊbi,ðʊbu,ðʊbi,ðʊbu
ðʊb.e,ðʊb.o,ðʊbe,ðʊbo,ðʊbeɪ,ðʊboʊ
ðʊb.u,ðʊb.i,ðʊbu,ðʊbi,ðʊbu,ðʊbi
ðʊb.o,ðʊb.e,ðʊbo,ðʊbe,ðʊboʊ,ðʊbeɪ
ðʊd.i,ðʊd.u,ðʊdi,ðʊdu,ðʊdi,ðʊdu
ðʊd.e,ðʊd.o,ðʊde,ðʊdo,ðʊdeɪ,ðʊdoʊ
ðʊd.u,ðʊd.i,ðʊdu,ðʊdi,ðʊdu,ðʊdi
ðʊd.o,ðʊd.e,ðʊdo,ðʊde,ðʊdoʊ,ðʊdeɪ
ðʊg.i,ðʊg.u,ðʊgi,ðʊgu,ðʊgi,ðʊgu
ðʊg.e,ðʊg.o,ðʊge,ðʊgo,ðʊgeɪ,ðʊgoʊ
ðʊg.u,ðʊg.i,ðʊgu,ðʊgi,ðʊgu,ðʊgi
ðʊg.o,ðʊg.e,ðʊgo,ðʊge,ðʊgoʊ,ðʊgeɪ
ðʊf.i,ðʊf.u,ðʊfi,ðʊfu,ðʊfi,ðʊfu
ðʊf.e,ðʊf.o,ðʊfe,ðʊfo,ðʊfeɪ,ðʊfoʊ
ðʊf.u,ðʊf.i,ðʊfu,ðʊfi,ðʊfu,ðʊfi
ðʊf.o,ðʊf.e,ðʊfo,ðʊfe,ðʊfoʊ,ðʊfeɪ
ðʊs.i,ðʊs.u,ðʊsi,ðʊsu,ðʊsi,ðʊsu
ðʊs.e,ðʊs.o,ðʊse,ðʊso,ðʊseɪ,ðʊsoʊ
ðʊs.u,ðʊs.i,ðʊsu,ðʊsi,ðʊsu,ðʊsi
ðʊs.o,ðʊs.e,ðʊso,ðʊse,ðʊsoʊ,ðʊseɪ
ðʊv.i,ðʊv.u,ðʊvi,ðʊvu,ðʊvi,ðʊvu
ðʊv.e,ðʊv.o,ðʊve,ðʊvo,ðʊveɪ,ðʊvoʊ
ðʊv.u,ðʊv.i,ðʊvu,ðʊvi,ðʊvu,ðʊvi
ðʊv.o,ðʊv.e,ðʊvo,ðʊve,ðʊvoʊ,ðʊveɪ
ðʊz.i,ðʊz.u,ðʊzi,ðʊzu,ðʊzi,ðʊzu
ðʊz.e,ðʊz.o,ðʊze,ðʊzo,ðʊzeɪ,ðʊzoʊ
ðʊz.u,ðʊz.i,ðʊzu,ðʊzi,ðʊzu,ðʊzi
ðʊz.o,ðʊz.e,ðʊzo,ðʊze,ðʊzoʊ,ðʊzeɪ
ðʊʃ.i,ðʊʃ.u,ðʊʃi,ðʊʃu,ðʊʃi,ðʊʃu
ðʊʃ.e,ðʊʃ.o,ðʊʃe,ðʊʃo,ðʊʃeɪ,ðʊʃoʊ
ðʊʃ.u,ðʊʃ.i,ðʊʃu,ðʊʃi,ðʊʃu,ðʊʃi
ðʊʃ.o,ðʊʃ.e,ðʊʃo,ðʊʃe,ðʊʃoʊ,ðʊʃeɪ
ðʊʒ.i,ðʊʒ.u,ðʊʒi,ðʊʒu,ðʊʒi,ðʊʒu
ðʊʒ.e,ðʊʒ.o,ðʊʒe,ðʊʒo,ðʊʒeɪ,ðʊʒoʊ
ðʊʒ.u,ðʊʒ.i,ðʊʒu,ðʊʒi,ðʊʒu,ðʊʒi
ðʊʒ.o,ðʊʒ.e,ðʊʒo,ðʊʒe,ðʊʒoʊ,ðʊʒeɪ
ðʊθ.i,ðʊθ.u,ðʊθi,ðʊθu,ðʊθi,ðʊθu
ðʊθ.e,ðʊθ.o,ðʊθe,ðʊθo,ðʊθeɪ,ðʊθoʊ
ðʊθ.u,ðʊθ.i,ðʊθu,ðʊθi,ðʊθu,ðʊθi
ðʊθ.o,ðʊθ.e,ðʊθo,ðʊθe,ðʊθoʊ,ðʊθeɪ
ðʊð.i,ðʊð.u,ðʊði,ðʊðu,ðʊði,ðʊðu
ðʊð.e,ðʊð.o,ðʊðe,ðʊðo,ðʊðeɪ,ðʊðoʊ
ðʊð.u,ðʊð.i,ðʊðu,ðʊði,ðʊðu,ðʊði
ðʊð.o,ðʊð.e,ðʊðo,ðʊðe,ðʊðoʊ,ðʊðeɪ
hʊm.i,hʊm.u,hʊmi,hʊmu,hʊmi,hʊmu
hʊm.e,hʊm.o,hʊme,hʊmo,hʊmeɪ,hʊmoʊ
hʊm.u,hʊm.i,hʊmu,hʊmi,hʊmu,hʊmi
hʊm.o,hʊm.e,hʊmo,hʊme,hʊmoʊ,hʊmeɪ
hʊn.i,hʊn.u,hʊni,hʊnu,hʊni,hʊnu
hʊn.e,hʊn.o,hʊne,hʊno,hʊneɪ,hʊnoʊ
hʊn.u,hʊn.i,hʊnu,hʊni,hʊnu,hʊni
hʊn.o,hʊn.e,hʊno,hʊne,hʊnoʊ,hʊneɪ
hʊŋ.i,hʊŋ.u,hʊŋi,hʊŋu,hʊŋi,hʊŋu
hʊŋ.e,hʊŋ.o,hʊŋe,hʊŋo,hʊŋeɪ,hʊŋoʊ
hʊŋ.u,hʊŋ.i,hʊŋu,hʊŋi,hʊŋu,hʊŋi
hʊŋ.o,hʊŋ.e,hʊŋo,hʊŋe,hʊŋoʊ,hʊŋeɪ
hʊp.i,hʊp.u,hʊpi,hʊpu,hʊpi,hʊpu
hʊp.e,hʊp.o,hʊpe,hʊpo,hʊpeɪ,hʊpoʊ
hʊp.u,hʊp.i,hʊpu,hʊpi,hʊpu,hʊpi
hʊp.o,hʊp.e,hʊpo,hʊpe,hʊpoʊ,hʊpeɪ
hʊt.i,hʊt.u,hʊti,hʊtu,hʊti,hʊtu
hʊt.e,hʊt.o,hʊte,hʊto,hʊteɪ,hʊtoʊ
hʊt.u,hʊt.i,hʊtu,hʊti,hʊtu,hʊti
hʊt.o,hʊt.e,hʊto,hʊte,hʊtoʊ,hʊteɪ
hʊk.i,hʊk.u,hʊki,hʊku,hʊki,hʊku
hʊk.e,hʊk.o,hʊke,hʊko,hʊkeɪ,hʊkoʊ
hʊk.u,hʊk.i,hʊku,hʊki,hʊku,hʊki
hʊk.o,hʊk.e,hʊko,hʊke,hʊkoʊ,hʊkeɪ
hʊb.i,hʊb.u,hʊbi,hʊbu,hʊbi,hʊbu
hʊb.e,hʊb.o,hʊbe,hʊbo,hʊbeɪ,hʊboʊ
hʊb.u,hʊb.i,hʊbu,hʊbi,hʊbu,hʊbi
hʊb.o,hʊb.e,hʊbo,hʊbe,hʊboʊ,hʊbeɪ
hʊd.i,hʊd.u,hʊdi,hʊdu,hʊdi,hʊdu
hʊd.e,hʊd.o,hʊde,hʊdo,hʊdeɪ,hʊdoʊ
hʊd.u,hʊd.i,hʊdu,hʊdi,hʊdu,hʊdi
hʊd.o,hʊd.e,hʊdo,hʊde,hʊdoʊ,hʊdeɪ
hʊg.i,hʊg.u,hʊgi,hʊgu,hʊgi,hʊgu
hʊg.e,hʊg.o,hʊge,hʊgo,hʊgeɪ,hʊgoʊ
hʊg.u,hʊg.i,hʊgu,hʊgi,hʊgu,hʊgi
hʊg.o,hʊg.e,hʊgo,hʊge,hʊgoʊ,hʊgeɪ
hʊf.i,hʊf.u,hʊfi,hʊfu,hʊfi,hʊfu
hʊf.e,hʊf.o,hʊfe,hʊfo,hʊfeɪ,hʊfoʊ
hʊf.u,hʊf.i,hʊfu,hʊfi,hʊfu,hʊfi
hʊf.o,hʊf.e,hʊfo,hʊfe,hʊfoʊ,hʊfeɪ
hʊs.i,hʊs.u,hʊsi,hʊsu,hʊsi,hʊsu
hʊs.e,hʊs.o,hʊse,hʊso,hʊseɪ,hʊsoʊ
hʊs.u,hʊs.i,hʊsu,hʊsi,hʊsu,hʊsi
hʊs.o,hʊs.e,hʊso,hʊse,hʊsoʊ,hʊseɪ
hʊv.i,hʊv.u,hʊvi,hʊvu,hʊvi,hʊvu
hʊv.e,hʊv.o,hʊve,hʊvo,hʊveɪ,hʊvoʊ
hʊv.u,hʊv.i,hʊvu,hʊvi,hʊvu,hʊvi
hʊv.o,hʊv.e,hʊvo,hʊve,hʊvoʊ,hʊveɪ
hʊz.i,hʊz.u,hʊzi,hʊzu,hʊzi,hʊzu
hʊz.e,hʊz.o,hʊze,hʊzo,hʊzeɪ,hʊzoʊ
hʊz.u,hʊz.i,hʊzu,hʊzi,hʊzu,hʊzi
hʊz.o,hʊz.e,hʊzo,hʊze,hʊzoʊ,hʊzeɪ
hʊʃ.i,hʊʃ.u,hʊʃi,hʊʃu,hʊʃi,hʊʃu
hʊʃ.e,hʊʃ.o,hʊʃe,hʊʃo,hʊʃeɪ,hʊʃoʊ
hʊʃ.u,hʊʃ.i,hʊʃu,hʊʃi,hʊʃu,hʊʃi
hʊʃ.o,hʊʃ.e,hʊʃo,hʊʃe,hʊʃoʊ,hʊʃeɪ
hʊʒ.i,hʊʒ.u,hʊʒi,hʊʒu,hʊʒi,hʊʒu
hʊʒ.e,hʊʒ.o,hʊʒe,hʊʒo,hʊʒeɪ,hʊʒoʊ
hʊʒ.u,hʊʒ.i,hʊʒu,hʊʒi,hʊʒu,hʊʒi
hʊʒ.o,hʊʒ.e,hʊʒo,hʊʒe,hʊʒoʊ,hʊʒeɪ
hʊθ.i,hʊθ.u,hʊθi,hʊθu,hʊθi,hʊθu
hʊθ.e,hʊθ.o,hʊθe,hʊθo,hʊθeɪ,hʊθoʊ
hʊθ.u,hʊθ.i,hʊθu,hʊθi,hʊθu,hʊθi
hʊθ.o,hʊθ.e,hʊθo,hʊθe,hʊθoʊ,hʊθeɪ
hʊð.i,hʊð.u,hʊði,hʊðu,hʊði,hʊðu
hʊð.e,hʊð.o,hʊðe,hʊðo,hʊðeɪ,hʊðoʊ
hʊð.u,hʊð.i,hʊðu,hʊði,hʊðu,hʊði
hʊð.o,hʊð.e,hʊðo,hʊðe,hʊðoʊ,hʊðeɪ
mɔm.i,mɔm.u,mɔmi,mɔmu,mɔmi,mɔmu
mɔm.e,mɔm.o,mɔme,mɔmo,mɔmeɪ,mɔmoʊ
mɔm.u,mɔm.i,mɔmu,mɔmi,mɔmu,mɔmi
mɔm.o,mɔm.e,mɔmo,mɔme,mɔmoʊ,mɔmeɪ
mɔn.i,mɔn.u,mɔni,mɔnu,mɔni,mɔnu
mɔn.e,mɔn.o,mɔne,mɔno,mɔneɪ,mɔnoʊ
mɔn.u,mɔn.i,mɔnu,mɔni,mɔnu,mɔni
mɔn.o,mɔn.e,mɔno,mɔne,mɔnoʊ,mɔneɪ
mɔŋ.i,mɔŋ.u,mɔŋi,mɔŋu,mɔŋi,mɔŋu
mɔŋ.e,mɔŋ.o,mɔŋe,mɔŋo,mɔŋeɪ,mɔŋoʊ
mɔŋ.u,mɔŋ.i,mɔŋu,mɔŋi,mɔŋu,mɔŋi
mɔŋ.o,mɔŋ.e,mɔŋo,mɔŋe,mɔŋoʊ,mɔŋeɪ
mɔp.i,mɔp.u,mɔpi,mɔpu,mɔpi,mɔpu
mɔp.e,mɔp.o,mɔpe,mɔpo,mɔpeɪ,mɔpoʊ
mɔp.u,mɔp.i,mɔpu,mɔpi,mɔpu,mɔpi
mɔp.o,mɔp.e,mɔpo,mɔpe,mɔpoʊ,mɔpeɪ
mɔt.i,mɔt.u,mɔti,mɔtu,mɔti,mɔtu
mɔt.e,mɔt.o,mɔte,mɔto,mɔteɪ,mɔtoʊ
mɔt.u,mɔt.i,mɔtu,mɔti,mɔtu,mɔti
mɔt.o,mɔt.e,mɔto,mɔte,mɔtoʊ,mɔteɪ
mɔk.i,mɔk.u,mɔki,mɔku,mɔki,mɔku
mɔk.e,mɔk.o,mɔke,mɔko,mɔkeɪ,mɔkoʊ
mɔk.u,mɔk.i,mɔku,mɔki,mɔku,mɔki
mɔk.o,mɔk.e,mɔko,mɔke,mɔkoʊ,mɔkeɪ
mɔb.i,mɔb.u,mɔbi,mɔbu,mɔbi,mɔbu
mɔb.e,mɔb.o,mɔbe,mɔbo,mɔbeɪ,mɔboʊ
mɔb.u,mɔb.i,mɔbu,mɔbi,mɔbu,mɔbi
mɔb.o,mɔb.e,mɔbo,mɔbe,mɔboʊ,mɔbeɪ
mɔd.i,mɔd.u,mɔdi,mɔdu,mɔdi,mɔdu
mɔd.e,mɔd.o,mɔde,mɔdo,mɔdeɪ,mɔdoʊ
mɔd.u,mɔd.i,mɔdu,mɔdi,mɔdu,mɔdi
mɔd.o,mɔd.e,mɔdo,mɔde,mɔdoʊ,mɔdeɪ
mɔg.i,mɔg.u,mɔgi,mɔgu,mɔgi,mɔgu
mɔg.e,mɔg.o,mɔge,mɔgo,mɔgeɪ,mɔgoʊ
mɔg.u,mɔg.i,mɔgu,mɔgi,mɔgu,mɔgi
mɔg.o,mɔg.e,mɔgo,mɔge,mɔgoʊ,mɔgeɪ
mɔf.i,mɔf.u,mɔfi,mɔfu,mɔfi,mɔfu
mɔf.e,mɔf.o,mɔfe,mɔfo,mɔfeɪ,mɔfoʊ
mɔf.u,mɔf.i,mɔfu,mɔfi,mɔfu,mɔfi
mɔf.o,mɔf.e,mɔfo,mɔfe,mɔfoʊ,mɔfeɪ
mɔs.i,mɔs.u,mɔsi,mɔsu,mɔsi,mɔsu
mɔs.e,mɔs.o,mɔse,mɔso,mɔseɪ,mɔsoʊ
mɔs.u,mɔs.i,mɔsu,mɔsi,mɔsu,mɔsi
mɔs.o,mɔs.e,mɔso,mɔse,mɔsoʊ,mɔseɪ
mɔv.i,mɔv.u,mɔvi,mɔvu,mɔvi,mɔvu
mɔv.e,mɔv.o,mɔve,mɔvo,mɔveɪ,mɔvoʊ
mɔv.u,mɔv.i,mɔvu,mɔvi,mɔvu,mɔvi
mɔv.o,mɔv.e,mɔvo,mɔve,mɔvoʊ,mɔveɪ
mɔz.i,mɔz.u,mɔzi,mɔzu,mɔzi,mɔzu
mɔz.e,mɔz.o,mɔze,mɔzo,mɔzeɪ,mɔzoʊ
mɔz.u,mɔz.i,mɔzu,mɔzi,mɔzu,mɔzi
mɔz.o,mɔz.e,mɔzo,mɔze,mɔzoʊ,mɔzeɪ
mɔʃ.i,mɔʃ.u,mɔʃi,mɔʃu,mɔʃi,mɔʃu
mɔʃ.e,mɔʃ.o,mɔʃe,mɔʃo,mɔʃeɪ,mɔʃoʊ
mɔʃ.u,mɔʃ.i,mɔʃu,mɔʃi,mɔʃu,mɔʃi
mɔʃ.o,mɔʃ.e,mɔʃo,mɔʃe,mɔʃoʊ,mɔʃeɪ
mɔʒ.i,mɔʒ.u,mɔʒi,mɔʒu,mɔʒi,mɔʒu
mɔʒ.e,mɔʒ.o,mɔʒe,mɔʒo,mɔʒeɪ,mɔʒoʊ
mɔʒ.u,mɔʒ.i,mɔʒu,mɔʒi,mɔʒu,mɔʒi
mɔʒ.o,mɔʒ.e,mɔʒo,mɔʒe,mɔʒoʊ,mɔʒeɪ
mɔθ.i,mɔθ.u,mɔθi,mɔθu,mɔθi,mɔθu
mɔθ.e,mɔθ.o,mɔθe,mɔθo,mɔθeɪ,mɔθoʊ
mɔθ.u,mɔθ.i,mɔθu,mɔθi,mɔθu,mɔθi
mɔθ.o,mɔθ.e,mɔθo,mɔθe,mɔθoʊ,mɔθeɪ
mɔð.i,mɔð.u,mɔði,mɔðu,mɔði,mɔðu
mɔð.e,mɔð.o,mɔðe,mɔðo,mɔðeɪ,mɔðoʊ
mɔð.u,mɔð.i,mɔðu,mɔði,mɔðu,mɔði
mɔð.o,mɔð.e,mɔðo,mɔðe,mɔðoʊ,mɔðeɪ
nɔm.i,nɔm.u,nɔmi,nɔmu,nɔmi,nɔmu
nɔm.e,nɔm.o,nɔme,nɔmo,nɔmeɪ,nɔmoʊ
nɔm.u,nɔm.i,nɔmu,nɔmi,nɔmu,nɔmi
nɔm.o,nɔm.e,nɔmo,nɔme,nɔmoʊ,nɔmeɪ
nɔn.i,nɔn.u,nɔni,nɔnu,nɔni,nɔnu
nɔn.e,nɔn.o,nɔne,nɔno,nɔneɪ,nɔnoʊ
nɔn.u,nɔn.i,nɔnu,nɔni,nɔnu,nɔni
nɔn.o,nɔn.e,nɔno,nɔne,nɔnoʊ,nɔneɪ
nɔŋ.i,nɔŋ.u,nɔŋi,nɔŋu,nɔŋi,nɔŋu
nɔŋ.e,nɔŋ.o,nɔŋe,nɔŋo,nɔŋeɪ,nɔŋoʊ
nɔŋ.u,nɔŋ.i,nɔŋu,nɔŋi,nɔŋu,nɔŋi
nɔŋ.o,nɔŋ.e,nɔŋo,nɔŋe,nɔŋoʊ,nɔŋeɪ
nɔp.i,nɔp.u,nɔpi,nɔpu,nɔpi,nɔpu
nɔp.e,nɔp.o,nɔpe,nɔpo,nɔpeɪ,nɔpoʊ
nɔp.u,nɔp.i,nɔpu,nɔpi,nɔpu,nɔpi
nɔp.o,nɔp.e,nɔpo,nɔpe,nɔpoʊ,nɔpeɪ
nɔt.i,nɔt.u,nɔti,nɔtu,nɔti,nɔtu
nɔt.e,nɔt.o,nɔte,nɔto,nɔteɪ,nɔtoʊ
nɔt.u,nɔt.i,nɔtu,nɔti,nɔtu,nɔti
nɔt.o,nɔt.e,nɔto,nɔte,nɔtoʊ,nɔteɪ
nɔk.i,nɔk.u,nɔki,nɔku,nɔki,nɔku
nɔk.e,nɔk.o,nɔke,nɔko,nɔkeɪ,nɔkoʊ
nɔk.u,nɔk.i,nɔku,nɔki,nɔku,nɔki
nɔk.o,nɔk.e,nɔko,nɔke,nɔkoʊ,nɔkeɪ
nɔb.i,nɔb.u,nɔbi,nɔbu,nɔbi,nɔbu
nɔb.e,nɔb.o,nɔbe,nɔbo,nɔbeɪ,nɔboʊ
nɔb.u,nɔb.i,nɔbu,nɔbi,nɔbu,nɔbi
nɔb.o,nɔb.e,nɔbo,nɔbe,nɔboʊ,nɔbeɪ
nɔd.i,nɔd.u,nɔdi,nɔdu,nɔdi,nɔdu
nɔd.e,nɔd.o,nɔde,nɔdo,nɔdeɪ,nɔdoʊ
nɔd.u,nɔd.i,nɔdu,nɔdi,nɔdu,nɔdi
nɔd.o,nɔd.e,nɔdo,nɔde,nɔdoʊ,nɔdeɪ
nɔg.i,nɔg.u,nɔgi,nɔgu,nɔgi,nɔgu
nɔg.e,nɔg.o,nɔge,nɔgo,nɔgeɪ,nɔgoʊ
nɔg.u,nɔg.i,nɔgu,nɔgi,nɔgu,nɔgi
nɔg.o,nɔg.e,nɔgo,nɔge,nɔgoʊ,nɔgeɪ
nɔf.i,nɔf.u,nɔfi,nɔfu,nɔfi,nɔfu
nɔf.e,nɔf.o,nɔfe,nɔfo,nɔfeɪ,nɔfoʊ
nɔf.u,nɔf.i,nɔfu,nɔfi,nɔfu,nɔfi
nɔf.o,nɔf.e,nɔfo,nɔfe,nɔfoʊ,nɔfeɪ
nɔs.i,nɔs.u,nɔsi,nɔsu,nɔsi,nɔsu
nɔs.e,nɔs.o,nɔse,nɔso,nɔseɪ,nɔsoʊ
nɔs.u,nɔs.i,nɔsu,nɔsi,nɔsu,nɔsi
nɔs.o,nɔs.e,nɔso,nɔse,nɔsoʊ,nɔseɪ
nɔv.i,nɔv.u,nɔvi,nɔvu,nɔvi,nɔvu
nɔv.e,nɔv.o,nɔve,nɔvo,nɔveɪ,nɔvoʊ
nɔv.u,nɔv.i,nɔvu,nɔvi,nɔvu,nɔvi
nɔv.o,nɔv.e,nɔvo,nɔve,nɔvoʊ,nɔveɪ
nɔz.i,nɔz.u,nɔzi,nɔzu,nɔzi,nɔzu
nɔz.e,nɔz.o,nɔze,nɔzo,nɔzeɪ,nɔzoʊ
nɔz.u,nɔz.i,nɔzu,nɔzi,nɔzu,nɔzi
nɔz.o,nɔz.e,nɔzo,nɔze,nɔzoʊ,nɔzeɪ
nɔʃ.i,nɔʃ.u,nɔʃi,nɔʃu,nɔʃi,nɔʃu
nɔʃ.e,nɔʃ.o,nɔʃe,nɔʃo,nɔʃeɪ,nɔʃoʊ
nɔʃ.u,nɔʃ.i,nɔʃu,nɔʃi,nɔʃu,nɔʃi
nɔʃ.o,nɔʃ.e,nɔʃo,nɔʃe,nɔʃoʊ,nɔʃeɪ
nɔʒ.i,nɔʒ.u,nɔʒi,nɔʒu,nɔʒi,nɔʒu
nɔʒ.e,nɔʒ.o,nɔʒe,nɔʒo,nɔʒeɪ,nɔʒoʊ
nɔʒ.u,nɔʒ.i,nɔʒu,nɔʒi,nɔʒu,nɔʒi
nɔʒ.o,nɔʒ.e,nɔʒo,nɔʒe,nɔʒoʊ,nɔʒeɪ
nɔθ.i,nɔθ.u,nɔθi,nɔθu,nɔθi,nɔθu
nɔθ.e,nɔθ.o,nɔθe,nɔθo,nɔθeɪ,nɔθoʊ
nɔθ.u,nɔθ.i,nɔθu,nɔθi,nɔθu,nɔθi
nɔθ.o,nɔθ.e,nɔθo,nɔθe,nɔθoʊ,nɔθeɪ
nɔð.i,nɔð.u,nɔði,nɔðu,nɔði,nɔðu
nɔð.e,nɔð.o,nɔðe,nɔðo,nɔðeɪ,nɔðoʊ
nɔð.u,nɔð.i,nɔðu,nɔði,nɔðu,nɔði
nɔð.o,nɔð.e,nɔðo,nɔðe,nɔðoʊ,nɔðeɪ
pɔm.i,pɔm.u,pɔmi,pɔmu,pɔmi,pɔmu
pɔm.e,pɔm.o,pɔme,pɔmo,pɔmeɪ,pɔmoʊ
pɔm.u,pɔm.i,pɔmu,pɔmi,pɔmu,pɔmi
pɔm.o,pɔm.e,pɔmo,pɔme,pɔmoʊ,pɔmeɪ
pɔn.i,pɔn.u,pɔni,pɔnu,pɔni,pɔnu
pɔn.e,pɔn.o,pɔne,pɔno,pɔneɪ,pɔnoʊ
pɔn.u,pɔn.i,pɔnu,pɔni,pɔnu,pɔni
pɔn.o,pɔn.e,pɔno,pɔne,pɔnoʊ,pɔneɪ
pɔŋ.i,pɔŋ.u,pɔŋi,pɔŋu,pɔŋi,pɔŋu
pɔŋ.e,pɔŋ.o,pɔŋe,pɔŋo,pɔŋeɪ,pɔŋoʊ
pɔŋ.u,pɔŋ.i,pɔŋu,pɔŋi,pɔŋu,pɔŋi
pɔŋ.o,pɔŋ.e,pɔŋo,pɔŋe,pɔŋoʊ,pɔŋeɪ
pɔp.i,pɔp.u,pɔpi,pɔpu,pɔpi,pɔpu
pɔp.e,pɔp.o,pɔpe,pɔpo,pɔpeɪ,pɔpoʊ
pɔp.u,pɔp.i,pɔpu,pɔpi,pɔpu,pɔpi
pɔp.o,pɔp.e,pɔpo,pɔpe,pɔpoʊ,pɔpeɪ
pɔt.i,pɔt.u,pɔti,pɔtu,pɔti,pɔtu
pɔt.e,pɔt.o,pɔte,pɔto,pɔteɪ,pɔtoʊ
pɔt.u,pɔt.i,pɔtu,pɔti,pɔtu,pɔti
pɔt.o,pɔt.e,pɔto,pɔte,pɔtoʊ,pɔteɪ
pɔk.i,pɔk.u,pɔki,pɔku,pɔki,pɔku
pɔk.e,pɔk.o,pɔke,pɔko,pɔkeɪ,pɔkoʊ
pɔk.u,pɔk.i,pɔku,pɔki,pɔku,pɔki
pɔk.o,pɔk.e,pɔko,pɔke,pɔkoʊ,pɔkeɪ
pɔb.i,pɔb.u,pɔbi,pɔbu,pɔbi,pɔbu
pɔb.e,pɔb.o,pɔbe,pɔbo,pɔbeɪ,pɔboʊ
pɔb.u,pɔb.i,pɔbu,pɔbi,pɔbu,pɔbi
pɔb.o,pɔb.e,pɔbo,pɔbe,pɔboʊ,pɔbeɪ
pɔd.i,pɔd.u,pɔdi,pɔdu,pɔdi,pɔdu
pɔd.e,pɔd.o,pɔde,pɔdo,pɔdeɪ,pɔdoʊ
pɔd.u,pɔd.i,pɔdu,pɔdi,pɔdu,pɔdi
pɔd.o,pɔd.e,pɔdo,pɔde,pɔdoʊ,pɔdeɪ
pɔg.i,pɔg.u,pɔgi,pɔgu,pɔgi,pɔgu
pɔg.e,pɔg.o,pɔge,pɔgo,pɔgeɪ,pɔgoʊ
pɔg.u,pɔg.i,pɔgu,pɔgi,pɔgu,pɔgi
pɔg.o,pɔg.e,pɔgo,pɔge,pɔgoʊ,pɔgeɪ
pɔf.i,pɔf.u,pɔfi,pɔfu,pɔfi,pɔfu
pɔf.e,pɔf.o,pɔfe,pɔfo,pɔfeɪ,pɔfoʊ
pɔf.u,pɔf.i,pɔfu,pɔfi,pɔfu,pɔfi
pɔf.o,pɔf.e,pɔfo,pɔfe,pɔfoʊ,pɔfeɪ
pɔs.i,pɔs.u,pɔsi,pɔsu,pɔsi,pɔsu
pɔs.e,pɔs.o,pɔse,pɔso,pɔseɪ,pɔsoʊ
pɔs.u,pɔs.i,pɔsu,pɔsi,pɔsu,pɔsi
pɔs.o,pɔs.e,pɔso,pɔse,pɔsoʊ,pɔseɪ
pɔv.i,pɔv.u,pɔvi,pɔvu,pɔvi,pɔvu
pɔv.e,pɔv.o,pɔve,pɔvo,pɔveɪ,pɔvoʊ
pɔv.u,pɔv.i,pɔvu,pɔvi,pɔvu,pɔvi
pɔv.o,pɔv.e,pɔvo,pɔve,pɔvoʊ,pɔveɪ
pɔz.i,pɔz.u,pɔzi,pɔzu,pɔzi,pɔzu
pɔz.e,pɔz.o,pɔze,pɔzo,pɔzeɪ,pɔzoʊ
pɔz.u,pɔz.i,pɔzu,pɔzi,pɔzu,pɔzi
pɔz.o,pɔz.e,pɔzo,pɔze,pɔzoʊ,pɔzeɪ
pɔʃ.i,pɔʃ.u,pɔʃi,pɔʃu,pɔʃi,pɔʃu
pɔʃ.e,pɔʃ.o,pɔʃe,pɔʃo,pɔʃeɪ,pɔʃoʊ
pɔʃ.u,pɔʃ.i,pɔʃu,pɔʃi,pɔʃu,pɔʃi
pɔʃ.o,pɔʃ.e,pɔʃo,pɔʃe,pɔʃoʊ,pɔʃeɪ
pɔʒ.i,pɔʒ.u,pɔʒi,pɔʒu,pɔʒi,pɔʒu
pɔʒ.e,pɔʒ.o,pɔʒe,pɔʒo,pɔʒeɪ,pɔʒoʊ
pɔʒ.u,pɔʒ.i,pɔʒu,pɔʒi,pɔʒu,pɔʒi
pɔʒ.o,pɔʒ.e,pɔʒo,pɔʒe,pɔʒoʊ,pɔʒeɪ
pɔθ.i,pɔθ.u,pɔθi,pɔθu,pɔθi,pɔθu
pɔθ.e,pɔθ.o,pɔθe,pɔθo,pɔθeɪ,pɔθoʊ
pɔθ.u,pɔθ.i,pɔθu,pɔθi,pɔθu,pɔθi
pɔθ.o,pɔθ.e,pɔθo,pɔθe,pɔθoʊ,pɔθeɪ
pɔð.i,pɔð.u,pɔði,pɔðu,pɔði,pɔðu
pɔð.e,pɔð.o,pɔðe,pɔðo,pɔðeɪ,pɔðoʊ
pɔð.u,pɔð.i,pɔðu,pɔði,pɔðu,pɔði
pɔð.o,pɔð.e,pɔðo,pɔðe,pɔðoʊ,pɔðeɪ
tɔm.i,tɔm.u,tɔmi,tɔmu,tɔmi,tɔmu
tɔm.e,tɔm.o,tɔme,tɔmo,tɔmeɪ,tɔmoʊ
tɔm.u,tɔm.i,tɔmu,tɔmi,tɔmu,tɔmi
tɔm.o,tɔm.e,tɔmo,tɔme,tɔmoʊ,tɔmeɪ
tɔn.i,tɔn.u,tɔni,tɔnu,tɔni,tɔnu
tɔn.e,tɔn.o,tɔne,tɔno,tɔneɪ,tɔnoʊ
tɔn.u,tɔn.i,tɔnu,tɔni,tɔnu,tɔni
tɔn.o,tɔn.e,tɔno,tɔne,tɔnoʊ,tɔneɪ
tɔŋ.i,tɔŋ.u,tɔŋi,tɔŋu,tɔŋi,tɔŋu
tɔŋ.e,tɔŋ.o,tɔŋe,tɔŋo,tɔŋeɪ,tɔŋoʊ
tɔŋ.u,tɔŋ.i,tɔŋu,tɔŋi,tɔŋu,tɔŋi
tɔŋ.o,tɔŋ.e,tɔŋo,tɔŋe,tɔŋoʊ,tɔŋeɪ
tɔp.i,tɔp.u,tɔpi,tɔpu,tɔpi,tɔpu
tɔp.e,tɔp.o,tɔpe,tɔpo,tɔpeɪ,tɔpoʊ
tɔp.u,tɔp.i,tɔpu,tɔpi,tɔpu,tɔpi
tɔp.o,tɔp.e,tɔpo,tɔpe,tɔpoʊ,tɔpeɪ
tɔt.i,tɔt.u,tɔti,tɔtu,tɔti,tɔtu
tɔt.e,tɔt.o,tɔte,tɔto,tɔteɪ,tɔtoʊ
tɔt.u,tɔt.i,tɔtu,tɔti,tɔtu,tɔti
tɔt.o,tɔt.e,tɔto,tɔte,tɔtoʊ,tɔteɪ
tɔk.i,tɔk.u,tɔki,tɔku,tɔki,tɔku
tɔk.e,tɔk.o,tɔke,tɔko,tɔkeɪ,tɔkoʊ
tɔk.u,tɔk.i,tɔku,tɔki,tɔku,tɔki
tɔk.o,tɔk.e,tɔko,tɔke,tɔkoʊ,tɔkeɪ
tɔb.i,tɔb.u,tɔbi,tɔbu,tɔbi,tɔbu
tɔb.e,tɔb.o,tɔbe,tɔbo,tɔbeɪ,tɔboʊ
tɔb.u,tɔb.i,tɔbu,tɔbi,tɔbu,tɔbi
tɔb.o,tɔb.e,tɔbo,tɔbe,tɔboʊ,tɔbeɪ
tɔd.i,tɔd.u,tɔdi,tɔdu,tɔdi,tɔdu
tɔd.e,tɔd.o,tɔde,tɔdo,tɔdeɪ,tɔdoʊ
tɔd.u,tɔd.i,tɔdu,tɔdi,tɔdu,tɔdi
tɔd.o,tɔd.e,tɔdo,tɔde,tɔdoʊ,tɔdeɪ
tɔg.i,tɔg.u,tɔgi,tɔgu,tɔgi,tɔgu
tɔg.e,tɔg.o,tɔge,tɔgo,tɔgeɪ,tɔgoʊ
tɔg.u,tɔg.i,tɔgu,tɔgi,tɔgu,tɔgi
tɔg.o,tɔg.e,tɔgo,tɔge,tɔgoʊ,tɔgeɪ
tɔf.i,tɔf.u,tɔfi,tɔfu,tɔfi,tɔfu
tɔf.e,tɔf.o,tɔfe,tɔfo,tɔfeɪ,tɔfoʊ
tɔf.u,tɔf.i,tɔfu,tɔfi,tɔfu,tɔfi
tɔf.o,tɔf.e,tɔfo,tɔfe,tɔfoʊ,tɔfeɪ
tɔs.i,tɔs.u,tɔsi,tɔsu,tɔsi,tɔsu
tɔs.e,tɔs.o,tɔse,tɔso,tɔseɪ,tɔsoʊ
tɔs.u,tɔs.i,tɔsu,tɔsi,tɔsu,tɔsi
tɔs.o,tɔs.e,tɔso,tɔse,tɔsoʊ,tɔseɪ
tɔv.i,tɔv.u,tɔvi,tɔvu,tɔvi,tɔvu
tɔv.e,tɔv.o,tɔve,tɔvo,tɔveɪ,tɔvoʊ
tɔv.u,tɔv.i,tɔvu,tɔvi,tɔvu,tɔvi
tɔv.o,tɔv.e,tɔvo,tɔve,tɔvoʊ,tɔveɪ
tɔz.i,tɔz.u,tɔzi,tɔzu,tɔzi,tɔzu
tɔz.e,tɔz.o,tɔze,tɔzo,tɔzeɪ,tɔzoʊ
tɔz.u,tɔz.i,tɔzu,tɔzi,tɔzu,tɔzi
tɔz.o,tɔz.e,tɔzo,tɔze,tɔzoʊ,tɔzeɪ
tɔʃ.i,tɔʃ.u,tɔʃi,tɔʃu,tɔʃi,tɔʃu
tɔʃ.e,tɔʃ.o,tɔʃe,tɔʃo,tɔʃeɪ,tɔʃoʊ
tɔʃ.u,tɔʃ.i,tɔʃu,tɔʃi,tɔʃu,tɔʃi
tɔʃ.o,tɔʃ.e,tɔʃo,tɔʃe,tɔʃoʊ,tɔʃeɪ
tɔʒ.i,tɔʒ.u,tɔʒi,tɔʒu,tɔʒi,tɔʒu
tɔʒ.e,tɔʒ.o,tɔʒe,tɔʒo,tɔʒeɪ,tɔʒoʊ
tɔʒ.u,tɔʒ.i,tɔʒu,tɔʒi,tɔʒu,tɔʒi
tɔʒ.o,tɔʒ.e,tɔʒo,tɔʒe,tɔʒoʊ,tɔʒeɪ
tɔθ.i,tɔθ.u,tɔθi,tɔθu,tɔθi,tɔθu
tɔθ.e,tɔθ.o,tɔθe,tɔθo,tɔθeɪ,tɔθoʊ
tɔθ.u,tɔθ.i,tɔθu,tɔθi,tɔθu,tɔθi
tɔθ.o,tɔθ.e,tɔθo,tɔθe,tɔθoʊ,tɔθeɪ
tɔð.i,tɔð.u,tɔði,tɔðu,tɔði,tɔðu
tɔð.e,tɔð.o,tɔðe,tɔðo,tɔðeɪ,tɔðoʊ
tɔð.u,tɔð.i,tɔðu,tɔði,tɔðu,tɔði
tɔð.o,tɔð.e,tɔðo,tɔðe,tɔðoʊ,tɔðeɪ
kɔm.i,kɔm.u,kɔmi,kɔmu,kɔmi,kɔmu
kɔm.e,kɔm.o,kɔme,kɔmo,kɔmeɪ,kɔmoʊ
kɔm.u,kɔm.i,kɔmu,kɔmi,kɔmu,kɔmi
kɔm.o,kɔm.e,kɔmo,kɔme,kɔmoʊ,kɔmeɪ
kɔn.i,kɔn.u,kɔni,kɔnu,kɔni,kɔnu
kɔn.e,kɔn.o,kɔne,kɔno,kɔneɪ,kɔnoʊ
kɔn.u,kɔn.i,kɔnu,kɔni,kɔnu,kɔni
kɔn.o,kɔn.e,kɔno,kɔne,kɔnoʊ,kɔneɪ
kɔŋ.i,kɔŋ.u,kɔŋi,kɔŋu,kɔŋi,kɔŋu
kɔŋ.e,kɔŋ.o,kɔŋe,kɔŋo,kɔŋeɪ,kɔŋoʊ
kɔŋ.u,kɔŋ.i,kɔŋu,kɔŋi,kɔŋu,kɔŋi
kɔŋ.o,kɔŋ.e,kɔŋo,kɔŋe,kɔŋoʊ,kɔŋeɪ
kɔp.i,kɔp.u,kɔpi,kɔpu,kɔpi,kɔpu
kɔp.e,kɔp.o,kɔpe,kɔpo,kɔpeɪ,kɔpoʊ
kɔp.u,kɔp.i,kɔpu,kɔpi,kɔpu,kɔpi
kɔp.o,kɔp.e,kɔpo,kɔpe,kɔpoʊ,kɔpeɪ
kɔt.i,kɔt.u,kɔti,kɔtu,kɔti,kɔtu
kɔt.e,kɔt.o,kɔte,kɔto,kɔteɪ,kɔtoʊ
kɔt.u,kɔt.i,kɔtu,kɔti,kɔtu,kɔti
kɔt.o,kɔt.e,kɔto,kɔte,kɔtoʊ,kɔteɪ
kɔk.i,kɔk.u,kɔki,kɔku,kɔki,kɔku
kɔk.e,kɔk.o,kɔke,kɔko,kɔkeɪ,kɔkoʊ
kɔk.u,kɔk.i,kɔku,kɔki,kɔku,kɔki
kɔk.o,kɔk.e,kɔko,kɔke,kɔkoʊ,kɔkeɪ
kɔb.i,kɔb.u,kɔbi,kɔbu,kɔbi,kɔbu
kɔb.e,kɔb.o,kɔbe,kɔbo,kɔbeɪ,kɔboʊ
kɔb.u,kɔb.i,kɔbu,kɔbi,kɔbu,kɔbi
kɔb.o,kɔb.e,kɔbo,kɔbe,kɔboʊ,kɔbeɪ
kɔd.i,kɔd.u,kɔdi,kɔdu,kɔdi,kɔdu
kɔd.e,kɔd.o,kɔde,kɔdo,kɔdeɪ,kɔdoʊ
kɔd.u,kɔd.i,kɔdu,kɔdi,kɔdu,kɔdi
kɔd.o,kɔd.e,kɔdo,kɔde,kɔdoʊ,kɔdeɪ
kɔg.i,kɔg.u,kɔgi,kɔgu,kɔgi,kɔgu
kɔg.e,kɔg.o,kɔge,kɔgo,kɔgeɪ,kɔgoʊ
kɔg.u,kɔg.i,kɔgu,kɔgi,kɔgu,kɔgi
kɔg.o,kɔg.e,kɔgo,kɔge,kɔgoʊ,kɔgeɪ
kɔf.i,kɔf.u,kɔfi,kɔfu,kɔfi,kɔfu
kɔf.e,kɔf.o,kɔfe,kɔfo,kɔfeɪ,kɔfoʊ
kɔf.u,kɔf.i,kɔfu,kɔfi,kɔfu,kɔfi
kɔf.o,kɔf.e,kɔfo,kɔfe,kɔfoʊ,kɔfeɪ
kɔs.i,kɔs.u,kɔsi,kɔsu,kɔsi,kɔsu
kɔs.e,kɔs.o,kɔse,kɔso,kɔseɪ,kɔsoʊ
kɔs.u,kɔs.i,kɔsu,kɔsi,kɔsu,kɔsi
kɔs.o,kɔs.e,kɔso,kɔse,kɔsoʊ,kɔseɪ
kɔv.i,kɔv.u,kɔvi,kɔvu,kɔvi,kɔvu
kɔv.e,kɔv.o,kɔve,kɔvo,kɔveɪ,kɔvoʊ
kɔv.u,kɔv.i,kɔvu,kɔvi,kɔvu,kɔvi
kɔv.o,kɔv.e,kɔvo,kɔve,kɔvoʊ,kɔveɪ
kɔz.i,kɔz.u,kɔzi,kɔzu,kɔzi,kɔzu
kɔz.e,kɔz.o,kɔze,kɔzo,kɔzeɪ,kɔzoʊ
kɔz.u,kɔz.i,kɔzu,kɔzi,kɔzu,kɔzi
kɔz.o,kɔz.e,kɔzo,kɔze,kɔzoʊ,kɔzeɪ
kɔʃ.i,kɔʃ.u,kɔʃi,kɔʃu,kɔʃi,kɔʃu
kɔʃ.e,kɔʃ.o,kɔʃe,kɔʃo,kɔʃeɪ,kɔʃoʊ
kɔʃ.u,kɔʃ.i,kɔʃu,kɔʃi,kɔʃu,kɔʃi
kɔʃ.o,kɔʃ.e,kɔʃo,kɔʃe,kɔʃoʊ,kɔʃeɪ
kɔʒ.i,kɔʒ.u,kɔʒi,kɔʒu,kɔʒi,kɔʒu
kɔʒ.e,kɔʒ.o,kɔʒe,kɔʒo,kɔʒeɪ,kɔʒoʊ
kɔʒ.u,kɔʒ.i,kɔʒu,kɔʒi,kɔʒu,kɔʒi
kɔʒ.o,kɔʒ.e,kɔʒo,kɔʒe,kɔʒoʊ,kɔʒeɪ
kɔθ.i,kɔθ.u,kɔθi,kɔθu,kɔθi,kɔθu
kɔθ.e,kɔθ.o,kɔθe,kɔθo,kɔθeɪ,kɔθoʊ
kɔθ.u,kɔθ.i,kɔθu,kɔθi,kɔθu,kɔθi
kɔθ.o,kɔθ.e,kɔθo,kɔθe,kɔθoʊ,kɔθeɪ
kɔð.i,kɔð.u,kɔði,kɔðu,kɔði,kɔðu
kɔð.e,kɔð.o,kɔðe,kɔðo,kɔðeɪ,kɔðoʊ
kɔð.u,kɔð.i,kɔðu,kɔði,kɔðu,kɔði
kɔð.o,kɔð.e,kɔðo,kɔðe,kɔðoʊ,kɔðeɪ
bɔm.i,bɔm.u,bɔmi,bɔmu,bɔmi,bɔmu
bɔm.e,bɔm.o,bɔme,bɔmo,bɔmeɪ,bɔmoʊ
bɔm.u,bɔm.i,bɔmu,bɔmi,bɔmu,bɔmi
bɔm.o,bɔm.e,bɔmo,bɔme,bɔmoʊ,bɔmeɪ
bɔn.i,bɔn.u,bɔni,bɔnu,bɔni,bɔnu
bɔn.e,bɔn.o,bɔne,bɔno,bɔneɪ,bɔnoʊ
bɔn.u,bɔn.i,bɔnu,bɔni,bɔnu,bɔni
bɔn.o,bɔn.e,bɔno,bɔne,bɔnoʊ,bɔneɪ
bɔŋ.i,bɔŋ.u,bɔŋi,bɔŋu,bɔŋi,bɔŋu
bɔŋ.e,bɔŋ.o,bɔŋe,bɔŋo,bɔŋeɪ,bɔŋoʊ
bɔŋ.u,bɔŋ.i,bɔŋu,bɔŋi,bɔŋu,bɔŋi
bɔŋ.o,bɔŋ.e,bɔŋo,bɔŋe,bɔŋoʊ,bɔŋeɪ
bɔp.i,bɔp.u,bɔpi,bɔpu,bɔpi,bɔpu
bɔp.e,bɔp.o,bɔpe,bɔpo,bɔpeɪ,bɔpoʊ
bɔp.u,bɔp.i,bɔpu,bɔpi,bɔpu,bɔpi
bɔp.o,bɔp.e,bɔpo,bɔpe,bɔpoʊ,bɔpeɪ
bɔt.i,bɔt.u,bɔti,bɔtu,bɔti,bɔtu
bɔt.e,bɔt.o,bɔte,bɔto,bɔteɪ,bɔtoʊ
bɔt.u,bɔt.i,bɔtu,bɔti,bɔtu,bɔti
bɔt.o,bɔt.e,bɔto,bɔte,bɔtoʊ,bɔteɪ
bɔk.i,bɔk.u,bɔki,bɔku,bɔki,bɔku
bɔk.e,bɔk.o,bɔke,bɔko,bɔkeɪ,bɔkoʊ
bɔk.u,bɔk.i,bɔku,bɔki,bɔku,bɔki
bɔk.o,bɔk.e,bɔko,bɔke,bɔkoʊ,bɔkeɪ
bɔb.i,bɔb.u,bɔbi,bɔbu,bɔbi,bɔbu
bɔb.e,bɔb.o,bɔbe,bɔbo,bɔbeɪ,bɔboʊ
bɔb.u,bɔb.i,bɔbu,bɔbi,bɔbu,bɔbi
bɔb.o,bɔb.e,bɔbo,bɔbe,bɔboʊ,bɔbeɪ
bɔd.i,bɔd.u,bɔdi,bɔdu,bɔdi,bɔdu
bɔd.e,bɔd.o,bɔde,bɔdo,bɔdeɪ,bɔdoʊ
bɔd.u,bɔd.i,bɔdu,bɔdi,bɔdu,bɔdi
bɔd.o,bɔd.e,bɔdo,bɔde,bɔdoʊ,bɔdeɪ
bɔg.i,bɔg.u,bɔgi,bɔgu,bɔgi,bɔgu
bɔg.e,bɔg.o,bɔge,bɔgo,bɔgeɪ,bɔgoʊ
bɔg.u,bɔg.i,bɔgu,bɔgi,bɔgu,bɔgi
bɔg.o,bɔg.e,bɔgo,bɔge,bɔgoʊ,bɔgeɪ
bɔf.i,bɔf.u,bɔfi,bɔfu,bɔfi,bɔfu
bɔf.e,bɔf.o,bɔfe,bɔfo,bɔfeɪ,bɔfoʊ
bɔf.u,bɔf.i,bɔfu,bɔfi,bɔfu,bɔfi
bɔf.o,bɔf.e,bɔfo,bɔfe,bɔfoʊ,bɔfeɪ
bɔs.i,bɔs.u,bɔsi,bɔsu,bɔsi,bɔsu
bɔs.e,bɔs.o,bɔse,bɔso,bɔseɪ,bɔsoʊ
bɔs.u,bɔs.i,bɔsu,bɔsi,bɔsu,bɔsi
bɔs.o,bɔs.e,bɔso,bɔse,bɔsoʊ,bɔseɪ
bɔv.i,bɔv.u,bɔvi,bɔvu,bɔvi,bɔvu
bɔv.e,bɔv.o,bɔve,bɔvo,bɔveɪ,bɔvoʊ
bɔv.u,bɔv.i,bɔvu,bɔvi,bɔvu,bɔvi
bɔv.o,bɔv.e,bɔvo,bɔve,bɔvoʊ,bɔveɪ
bɔz.i,bɔz.u,bɔzi,bɔzu,bɔzi,bɔzu
bɔz.e,bɔz.o,bɔze,bɔzo,bɔzeɪ,bɔzoʊ
bɔz.u,bɔz.i,bɔzu,bɔzi,bɔzu,bɔzi
bɔz.o,bɔz.e,bɔzo,bɔze,bɔzoʊ,bɔzeɪ
bɔʃ.i,bɔʃ.u,bɔʃi,bɔʃu,bɔʃi,bɔʃu
bɔʃ.e,bɔʃ.o,bɔʃe,bɔʃo,bɔʃeɪ,bɔʃoʊ
bɔʃ.u,bɔʃ.i,bɔʃu,bɔʃi,bɔʃu,bɔʃi
bɔʃ.o,bɔʃ.e,bɔʃo,bɔʃe,bɔʃoʊ,bɔʃeɪ
bɔʒ.i,bɔʒ.u,bɔʒi,bɔʒu,bɔʒi,bɔʒu
bɔʒ.e,bɔʒ.o,bɔʒe,bɔʒo,bɔʒeɪ,bɔʒoʊ
bɔʒ.u,bɔʒ.i,bɔʒu,bɔʒi,bɔʒu,bɔʒi
bɔʒ.o,bɔʒ.e,bɔʒo,bɔʒe,bɔʒoʊ,bɔʒeɪ
bɔθ.i,bɔθ.u,bɔθi,bɔθu,bɔθi,bɔθu
bɔθ.e,bɔθ.o,bɔθe,bɔθo,bɔθeɪ,bɔθoʊ
bɔθ.u,bɔθ.i,bɔθu,bɔθi,bɔθu,bɔθi
bɔθ.o,bɔθ.e,bɔθo,bɔθe,bɔθoʊ,bɔθeɪ
bɔð.i,bɔð.u,bɔði,bɔðu,bɔði,bɔðu
bɔð.e,bɔð.o,bɔðe,bɔðo,bɔðeɪ,bɔðoʊ
bɔð.u,bɔð.i,bɔðu,bɔði,bɔðu,bɔði
bɔð.o,bɔð.e,bɔðo,bɔðe,bɔðoʊ,bɔðeɪ
dɔm.i,dɔm.u,dɔmi,dɔmu,dɔmi,dɔmu
dɔm.e,dɔm.o,dɔme,dɔmo,dɔmeɪ,dɔmoʊ
dɔm.u,dɔm.i,dɔmu,dɔmi,dɔmu,dɔmi
dɔm.o,dɔm.e,dɔmo,dɔme,dɔmoʊ,dɔmeɪ
dɔn.i,dɔn.u,dɔni,dɔnu,dɔni,dɔnu
dɔn.e,dɔn.o,dɔne,dɔno,dɔneɪ,dɔnoʊ
dɔn.u,dɔn.i,dɔnu,dɔni,dɔnu,dɔni
dɔn.o,dɔn.e,dɔno,dɔne,dɔnoʊ,dɔneɪ
dɔŋ.i,dɔŋ.u,dɔŋi,dɔŋu,dɔŋi,dɔŋu
dɔŋ.e,dɔŋ.o,dɔŋe,dɔŋo,dɔŋeɪ,dɔŋoʊ
dɔŋ.u,dɔŋ.i,dɔŋu,dɔŋi,dɔŋu,dɔŋi
dɔŋ.o,dɔŋ.e,dɔŋo,dɔŋe,dɔŋoʊ,dɔŋeɪ
dɔp.i,dɔp.u,dɔpi,dɔpu,dɔpi,dɔpu
dɔp.e,dɔp.o,dɔpe,dɔpo,dɔpeɪ,dɔpoʊ
dɔp.u,dɔp.i,dɔpu,dɔpi,dɔpu,dɔpi
dɔp.o,dɔp.e,dɔpo,dɔpe,dɔpoʊ,dɔpeɪ
dɔt.i,dɔt.u,dɔti,dɔtu,dɔti,dɔtu
dɔt.e,dɔt.o,dɔte,dɔto,dɔteɪ,dɔtoʊ
dɔt.u,dɔt.i,dɔtu,dɔti,dɔtu,dɔti
dɔt.o,dɔt.e,dɔto,dɔte,dɔtoʊ,dɔteɪ
dɔk.i,dɔk.u,dɔki,dɔku,dɔki,dɔku
dɔk.e,dɔk.o,dɔke,dɔko,dɔkeɪ,dɔkoʊ
dɔk.u,dɔk.i,dɔku,dɔki,dɔku,dɔki
dɔk.o,dɔk.e,dɔko,dɔke,dɔkoʊ,dɔkeɪ
dɔb.i,dɔb.u,dɔbi,dɔbu,dɔbi,dɔbu
dɔb.e,dɔb.o,dɔbe,dɔbo,dɔbeɪ,dɔboʊ
dɔb.u,dɔb.i,dɔbu,dɔbi,dɔbu,dɔbi
dɔb.o,dɔb.e,dɔbo,dɔbe,dɔboʊ,dɔbeɪ
dɔd.i,dɔd.u,dɔdi,dɔdu,dɔdi,dɔdu
dɔd.e,dɔd.o,dɔde,dɔdo,dɔdeɪ,dɔdoʊ
dɔd.u,dɔd.i,dɔdu,dɔdi,dɔdu,dɔdi
dɔd.o,dɔd.e,dɔdo,dɔde,dɔdoʊ,dɔdeɪ
dɔg.i,dɔg.u,dɔgi,dɔgu,dɔgi,dɔgu
dɔg.e,dɔg.o,dɔge,dɔgo,dɔgeɪ,dɔgoʊ
dɔg.u,dɔg.i,dɔgu,dɔgi,dɔgu,dɔgi
dɔg.o,dɔg.e,dɔgo,dɔge,dɔgoʊ,dɔgeɪ
dɔf.i,dɔf.u,dɔfi,dɔfu,dɔfi,dɔfu
dɔf.e,dɔf.o,dɔfe,dɔfo,dɔfeɪ,dɔfoʊ
dɔf.u,dɔf.i,dɔfu,dɔfi,dɔfu,dɔfi
dɔf.o,dɔf.e,dɔfo,dɔfe,dɔfoʊ,dɔfeɪ
dɔs.i,dɔs.u,dɔsi,dɔsu,dɔsi,dɔsu
dɔs.e,dɔs.o,dɔse,dɔso,dɔseɪ,dɔsoʊ
dɔs.u,dɔs.i,dɔsu,dɔsi,dɔsu,dɔsi
dɔs.o,dɔs.e,dɔso,dɔse,dɔsoʊ,dɔseɪ
dɔv.i,dɔv.u,dɔvi,dɔvu,dɔvi,dɔvu
dɔv.e,dɔv.o,dɔve,dɔvo,dɔveɪ,dɔvoʊ
dɔv.u,dɔv.i,dɔvu,dɔvi,dɔvu,dɔvi
dɔv.o,dɔv.e,dɔvo,dɔve,dɔvoʊ,dɔveɪ
dɔz.i,dɔz.u,dɔzi,dɔzu,dɔzi,dɔzu
dɔz.e,dɔz.o,dɔze,dɔzo,dɔzeɪ,dɔzoʊ
dɔz.u,dɔz.i,dɔzu,dɔzi,dɔzu,dɔzi
dɔz.o,dɔz.e,dɔzo,dɔze,dɔzoʊ,dɔzeɪ
dɔʃ.i,dɔʃ.u,dɔʃi,dɔʃu,dɔʃi,dɔʃu
dɔʃ.e,dɔʃ.o,dɔʃe,dɔʃo,dɔʃeɪ,dɔʃoʊ
dɔʃ.u,dɔʃ.i,dɔʃu,dɔʃi,dɔʃu,dɔʃi
dɔʃ.o,dɔʃ.e,dɔʃo,dɔʃe,dɔʃoʊ,dɔʃeɪ
dɔʒ.i,dɔʒ.u,dɔʒi,dɔʒu,dɔʒi,dɔʒu
dɔʒ.e,dɔʒ.o,dɔʒe,dɔʒo,dɔʒeɪ,dɔʒoʊ
dɔʒ.u,dɔʒ.i,dɔʒu,dɔʒi,dɔʒu,dɔʒi
dɔʒ.o,dɔʒ.e,dɔʒo,dɔʒe,dɔʒoʊ,dɔʒeɪ
dɔθ.i,dɔθ.u,dɔθi,dɔθu,dɔθi,dɔθu
dɔθ.e,dɔθ.o,dɔθe,dɔθo,dɔθeɪ,dɔθoʊ
dɔθ.u,dɔθ.i,dɔθu,dɔθi,dɔθu,dɔθi
dɔθ.o,dɔθ.e,dɔθo,dɔθe,dɔθoʊ,dɔθeɪ
dɔð.i,dɔð.u,dɔði,dɔðu,dɔði,dɔðu
dɔð.e,dɔð.o,dɔðe,dɔðo,dɔðeɪ,dɔðoʊ
dɔð.u,dɔð.i,dɔðu,dɔði,dɔðu,dɔði
dɔð.o,dɔð.e,dɔðo,dɔðe,dɔðoʊ,dɔðeɪ
gɔm.i,gɔm.u,gɔmi,gɔmu,gɔmi,gɔmu
gɔm.e,gɔm.o,gɔme,gɔmo,gɔmeɪ,gɔmoʊ
gɔm.u,gɔm.i,gɔmu,gɔmi,gɔmu,gɔmi
gɔm.o,gɔm.e,gɔmo,gɔme,gɔmoʊ,gɔmeɪ
gɔn.i,gɔn.u,gɔni,gɔnu,gɔni,gɔnu
gɔn.e,gɔn.o,gɔne,gɔno,gɔneɪ,gɔnoʊ
gɔn.u,gɔn.i,gɔnu,gɔni,gɔnu,gɔni
gɔn.o,gɔn.e,gɔno,gɔne,gɔnoʊ,gɔneɪ
gɔŋ.i,gɔŋ.u,gɔŋi,gɔŋu,gɔŋi,gɔŋu
gɔŋ.e,gɔŋ.o,gɔŋe,gɔŋo,gɔŋeɪ,gɔŋoʊ
gɔŋ.u,gɔŋ.i,gɔŋu,gɔŋi,gɔŋu,gɔŋi
gɔŋ.o,gɔŋ.e,gɔŋo,gɔŋe,gɔŋoʊ,gɔŋeɪ
gɔp.i,gɔp.u,gɔpi,gɔpu,gɔpi,gɔpu
gɔp.e,gɔp.o,gɔpe,gɔpo,gɔpeɪ,gɔpoʊ
gɔp.u,gɔp.i,gɔpu,gɔpi,gɔpu,gɔpi
gɔp.o,gɔp.e,gɔpo,gɔpe,gɔpoʊ,gɔpeɪ
gɔt.i,gɔt.u,gɔti,gɔtu,gɔti,gɔtu
gɔt.e,gɔt.o,gɔte,gɔto,gɔteɪ,gɔtoʊ
gɔt.u,gɔt.i,gɔtu,gɔti,gɔtu,gɔti
gɔt.o,gɔt.e,gɔto,gɔte,gɔtoʊ,gɔteɪ
gɔk.i,gɔk.u,gɔki,gɔku,gɔki,gɔku
gɔk.e,gɔk.o,gɔke,gɔko,gɔkeɪ,gɔkoʊ
gɔk.u,gɔk.i,gɔku,gɔki,gɔku,gɔki
gɔk.o,gɔk.e,gɔko,gɔke,gɔkoʊ,gɔkeɪ
gɔb.i,gɔb.u,gɔbi,gɔbu,gɔbi,gɔbu
gɔb.e,gɔb.o,gɔbe,gɔbo,gɔbeɪ,gɔboʊ
gɔb.u,gɔb.i,gɔbu,gɔbi,gɔbu,gɔbi
gɔb.o,gɔb.e,gɔbo,gɔbe,gɔboʊ,gɔbeɪ
gɔd.i,gɔd.u,gɔdi,gɔdu,gɔdi,gɔdu
gɔd.e,gɔd.o,gɔde,gɔdo,gɔdeɪ,gɔdoʊ
gɔd.u,gɔd.i,gɔdu,gɔdi,gɔdu,gɔdi
gɔd.o,gɔd.e,gɔdo,gɔde,gɔdoʊ,gɔdeɪ
gɔg.i,gɔg.u,gɔgi,gɔgu,gɔgi,gɔgu
gɔg.e,gɔg.o,gɔge,gɔgo,gɔgeɪ,gɔgoʊ
gɔg.u,gɔg.i,gɔgu,gɔgi,gɔgu,gɔgi
gɔg.o,gɔg.e,gɔgo,gɔge,gɔgoʊ,gɔgeɪ
gɔf.i,gɔf.u,gɔfi,gɔfu,gɔfi,gɔfu
gɔf.e,gɔf.o,gɔfe,gɔfo,gɔfeɪ,gɔfoʊ
gɔf.u,gɔf.i,gɔfu,gɔfi,gɔfu,gɔfi
gɔf.o,gɔf.e,gɔfo,gɔfe,gɔfoʊ,gɔfeɪ
gɔs.i,gɔs.u,gɔsi,gɔsu,gɔsi,gɔsu
gɔs.e,gɔs.o,gɔse,gɔso,gɔseɪ,gɔsoʊ
gɔs.u,gɔs.i,gɔsu,gɔsi,gɔsu,gɔsi
gɔs.o,gɔs.e,gɔso,gɔse,gɔsoʊ,gɔseɪ
gɔv.i,gɔv.u,gɔvi,gɔvu,gɔvi,gɔvu
gɔv.e,gɔv.o,gɔve,gɔvo,gɔveɪ,gɔvoʊ
gɔv.u,gɔv.i,gɔvu,gɔvi,gɔvu,gɔvi
gɔv.o,gɔv.e,gɔvo,gɔve,gɔvoʊ,gɔveɪ
gɔz.i,gɔz.u,gɔzi,gɔzu,gɔzi,gɔzu
gɔz.e,gɔz.o,gɔze,gɔzo,gɔzeɪ,gɔzoʊ
gɔz.u,gɔz.i,gɔzu,gɔzi,gɔzu,gɔzi
gɔz.o,gɔz.e,gɔzo,gɔze,gɔzoʊ,gɔzeɪ
gɔʃ.i,gɔʃ.u,gɔʃi,gɔʃu,gɔʃi,gɔʃu
gɔʃ.e,gɔʃ.o,gɔʃe,gɔʃo,gɔʃeɪ,gɔʃoʊ
gɔʃ.u,gɔʃ.i,gɔʃu,gɔʃi,gɔʃu,gɔʃi
gɔʃ.o,gɔʃ.e,gɔʃo,gɔʃe,gɔʃoʊ,gɔʃeɪ
gɔʒ.i,gɔʒ.u,gɔʒi,gɔʒu,gɔʒi,gɔʒu
gɔʒ.e,gɔʒ.o,gɔʒe,gɔʒo,gɔʒeɪ,gɔʒoʊ
gɔʒ.u,gɔʒ.i,gɔʒu,gɔʒi,gɔʒu,gɔʒi
gɔʒ.o,gɔʒ.e,gɔʒo,gɔʒe,gɔʒoʊ,gɔʒeɪ
gɔθ.i,gɔθ.u,gɔθi,gɔθu,gɔθi,gɔθu
gɔθ.e,gɔθ.o,gɔθe,gɔθo,gɔθeɪ,gɔθoʊ
gɔθ.u,gɔθ.i,gɔθu,gɔθi,gɔθu,gɔθi
gɔθ.o,gɔθ.e,gɔθo,gɔθe,gɔθoʊ,gɔθeɪ
gɔð.i,gɔð.u,gɔði,gɔðu,gɔði,gɔðu
gɔð.e,gɔð.o,gɔðe,gɔðo,gɔðeɪ,gɔðoʊ
gɔð.u,gɔð.i,gɔðu,gɔði,gɔðu,gɔði
gɔð.o,gɔð.e,gɔðo,gɔðe,gɔðoʊ,gɔðeɪ
fɔm.i,fɔm.u,fɔmi,fɔmu,fɔmi,fɔmu
fɔm.e,fɔm.o,fɔme,fɔmo,fɔmeɪ,fɔmoʊ
fɔm.u,fɔm.i,fɔmu,fɔmi,fɔmu,fɔmi
fɔm.o,fɔm.e,fɔmo,fɔme,fɔmoʊ,fɔmeɪ
fɔn.i,fɔn.u,fɔni,fɔnu,fɔni,fɔnu
fɔn.e,fɔn.o,fɔne,fɔno,fɔneɪ,fɔnoʊ
fɔn.u,fɔn.i,fɔnu,fɔni,fɔnu,fɔni
fɔn.o,fɔn.e,fɔno,fɔne,fɔnoʊ,fɔneɪ
fɔŋ.i,fɔŋ.u,fɔŋi,fɔŋu,fɔŋi,fɔŋu
fɔŋ.e,fɔŋ.o,fɔŋe,fɔŋo,fɔŋeɪ,fɔŋoʊ
fɔŋ.u,fɔŋ.i,fɔŋu,fɔŋi,fɔŋu,fɔŋi
fɔŋ.o,fɔŋ.e,fɔŋo,fɔŋe,fɔŋoʊ,fɔŋeɪ
fɔp.i,fɔp.u,fɔpi,fɔpu,fɔpi,fɔpu
fɔp.e,fɔp.o,fɔpe,fɔpo,fɔpeɪ,fɔpoʊ
fɔp.u,fɔp.i,fɔpu,fɔpi,fɔpu,fɔpi
fɔp.o,fɔp.e,fɔpo,fɔpe,fɔpoʊ,fɔpeɪ
fɔt.i,fɔt.u,fɔti,fɔtu,fɔti,fɔtu
fɔt.e,fɔt.o,fɔte,fɔto,fɔteɪ,fɔtoʊ
fɔt.u,fɔt.i,fɔtu,fɔti,fɔtu,fɔti
fɔt.o,fɔt.e,fɔto,fɔte,fɔtoʊ,fɔteɪ
fɔk.i,fɔk.u,fɔki,fɔku,fɔki,fɔku
fɔk.e,fɔk.o,fɔke,fɔko,fɔkeɪ,fɔkoʊ
fɔk.u,fɔk.i,fɔku,fɔki,fɔku,fɔki
fɔk.o,fɔk.e,fɔko,fɔke,fɔkoʊ,fɔkeɪ
fɔb.i,fɔb.u,fɔbi,fɔbu,fɔbi,fɔbu
fɔb.e,fɔb.o,fɔbe,fɔbo,fɔbeɪ,fɔboʊ
fɔb.u,fɔb.i,fɔbu,fɔbi,fɔbu,fɔbi
fɔb.o,fɔb.e,fɔbo,fɔbe,fɔboʊ,fɔbeɪ
fɔd.i,fɔd.u,fɔdi,fɔdu,fɔdi,fɔdu
fɔd.e,fɔd.o,fɔde,fɔdo,fɔdeɪ,fɔdoʊ
fɔd.u,fɔd.i,fɔdu,fɔdi,fɔdu,fɔdi
fɔd.o,fɔd.e,fɔdo,fɔde,fɔdoʊ,fɔdeɪ
fɔg.i,fɔg.u,fɔgi,fɔgu,fɔgi,fɔgu
fɔg.e,fɔg.o,fɔge,fɔgo,fɔgeɪ,fɔgoʊ
fɔg.u,fɔg.i,fɔgu,fɔgi,fɔgu,fɔgi
fɔg.o,fɔg.e,fɔgo,fɔge,fɔgoʊ,fɔgeɪ
fɔf.i,fɔf.u,fɔfi,fɔfu,fɔfi,fɔfu
fɔf.e,fɔf.o,fɔfe,fɔfo,fɔfeɪ,fɔfoʊ
fɔf.u,fɔf.i,fɔfu,fɔfi,fɔfu,fɔfi
fɔf.o,fɔf.e,fɔfo,fɔfe,fɔfoʊ,fɔfeɪ
fɔs.i,fɔs.u,fɔsi,fɔsu,fɔsi,fɔsu
fɔs.e,fɔs.o,fɔse,fɔso,fɔseɪ,fɔsoʊ
fɔs.u,fɔs.i,fɔsu,fɔsi,fɔsu,fɔsi
fɔs.o,fɔs.e,fɔso,fɔse,fɔsoʊ,fɔseɪ
fɔv.i,fɔv.u,fɔvi,fɔvu,fɔvi,fɔvu
fɔv.e,fɔv.o,fɔve,fɔvo,fɔveɪ,fɔvoʊ
fɔv.u,fɔv.i,fɔvu,fɔvi,fɔvu,fɔvi
fɔv.o,fɔv.e,fɔvo,fɔve,fɔvoʊ,fɔveɪ
fɔz.i,fɔz.u,fɔzi,fɔzu,fɔzi,fɔzu
fɔz.e,fɔz.o,fɔze,fɔzo,fɔzeɪ,fɔzoʊ
fɔz.u,fɔz.i,fɔzu,fɔzi,fɔzu,fɔzi
fɔz.o,fɔz.e,fɔzo,fɔze,fɔzoʊ,fɔzeɪ
fɔʃ.i,fɔʃ.u,fɔʃi,fɔʃu,fɔʃi,fɔʃu
fɔʃ.e,fɔʃ.o,fɔʃe,fɔʃo,fɔʃeɪ,fɔʃoʊ
fɔʃ.u,fɔʃ.i,fɔʃu,fɔʃi,fɔʃu,fɔʃi
fɔʃ.o,fɔʃ.e,fɔʃo,fɔʃe,fɔʃoʊ,fɔʃeɪ
fɔʒ.i,fɔʒ.u,fɔʒi,fɔʒu,fɔʒi,fɔʒu
fɔʒ.e,fɔʒ.o,fɔʒe,fɔʒo,fɔʒeɪ,fɔʒoʊ
fɔʒ.u,fɔʒ.i,fɔʒu,fɔʒi,fɔʒu,fɔʒi
fɔʒ.o,fɔʒ.e,fɔʒo,fɔʒe,fɔʒoʊ,fɔʒeɪ
fɔθ.i,fɔθ.u,fɔθi,fɔθu,fɔθi,fɔθu
fɔθ.e,fɔθ.o,fɔθe,fɔθo,fɔθeɪ,fɔθoʊ
fɔθ.u,fɔθ.i,fɔθu,fɔθi,fɔθu,fɔθi
fɔθ.o,fɔθ.e,fɔθo,fɔθe,fɔθoʊ,fɔθeɪ
fɔð.i,fɔð.u,fɔði,fɔðu,fɔði,fɔðu
fɔð.e,fɔð.o,fɔðe,fɔðo,fɔðeɪ,fɔðoʊ
fɔð.u,fɔð.i,fɔðu,fɔði,fɔðu,fɔði
fɔð.o,fɔð.e,fɔðo,fɔðe,fɔðoʊ,fɔðeɪ
sɔm.i,sɔm.u,sɔmi,sɔmu,sɔmi,sɔmu
sɔm.e,sɔm.o,sɔme,sɔmo,sɔmeɪ,sɔmoʊ
sɔm.u,sɔm.i,sɔmu,sɔmi,sɔmu,sɔmi
sɔm.o,sɔm.e,sɔmo,sɔme,sɔmoʊ,sɔmeɪ
sɔn.i,sɔn.u,sɔni,sɔnu,sɔni,sɔnu
sɔn.e,sɔn.o,sɔne,sɔno,sɔneɪ,sɔnoʊ
sɔn.u,sɔn.i,sɔnu,sɔni,sɔnu,sɔni
sɔn.o,sɔn.e,sɔno,sɔne,sɔnoʊ,sɔneɪ
sɔŋ.i,sɔŋ.u,sɔŋi,sɔŋu,sɔŋi,sɔŋu
sɔŋ.e,sɔŋ.o,sɔŋe,sɔŋo,sɔŋeɪ,sɔŋoʊ
sɔŋ.u,sɔŋ.i,sɔŋu,sɔŋi,sɔŋu,sɔŋi
sɔŋ.o,sɔŋ.e,sɔŋo,sɔŋe,sɔŋoʊ,sɔŋeɪ
sɔp.i,sɔp.u,sɔpi,sɔpu,sɔpi,sɔpu
sɔp.e,sɔp.o,sɔpe,sɔpo,sɔpeɪ,sɔpoʊ
sɔp.u,sɔp.i,sɔpu,sɔpi,sɔpu,sɔpi
sɔp.o,sɔp.e,sɔpo,sɔpe,sɔpoʊ,sɔpeɪ
sɔt.i,sɔt.u,sɔti,sɔtu,sɔti,sɔtu
sɔt.e,sɔt.o,sɔte,sɔto,sɔteɪ,sɔtoʊ
sɔt.u,sɔt.i,sɔtu,sɔti,sɔtu,sɔti
sɔt.o,sɔt.e,sɔto,sɔte,sɔtoʊ,sɔteɪ
sɔk.i,sɔk.u,sɔki,sɔku,sɔki,sɔku
sɔk.e,sɔk.o,sɔke,sɔko,sɔkeɪ,sɔkoʊ
sɔk.u,sɔk.i,sɔku,sɔki,sɔku,sɔki
sɔk.o,sɔk.e,sɔko,sɔke,sɔkoʊ,sɔkeɪ
sɔb.i,sɔb.u,sɔbi,sɔbu,sɔbi,sɔbu
sɔb.e,sɔb.o,sɔbe,sɔbo,sɔbeɪ,sɔboʊ
sɔb.u,sɔb.i,sɔbu,sɔbi,sɔbu,sɔbi
sɔb.o,sɔb.e,sɔbo,sɔbe,sɔboʊ,sɔbeɪ
sɔd.i,sɔd.u,sɔdi,sɔdu,sɔdi,sɔdu
sɔd.e,sɔd.o,sɔde,sɔdo,sɔdeɪ,sɔdoʊ
sɔd.u,sɔd.i,sɔdu,sɔdi,sɔdu,sɔdi
sɔd.o,sɔd.e,sɔdo,sɔde,sɔdoʊ,sɔdeɪ
sɔg.i,sɔg.u,sɔgi,sɔgu,sɔgi,sɔgu
sɔg.e,sɔg.o,sɔge,sɔgo,sɔgeɪ,sɔgoʊ
sɔg.u,sɔg.i,sɔgu,sɔgi,sɔgu,sɔgi
sɔg.o,sɔg.e,sɔgo,sɔge,sɔgoʊ,sɔgeɪ
sɔf.i,sɔf.u,sɔfi,sɔfu,sɔfi,sɔfu
sɔf.e,sɔf.o,sɔfe,sɔfo,sɔfeɪ,sɔfoʊ
sɔf.u,sɔf.i,sɔfu,sɔfi,sɔfu,sɔfi
sɔf.o,sɔf.e,sɔfo,sɔfe,sɔfoʊ,sɔfeɪ
sɔs.i,sɔs.u,sɔsi,sɔsu,sɔsi,sɔsu
sɔs.e,sɔs.o,sɔse,sɔso,sɔseɪ,sɔsoʊ
sɔs.u,sɔs.i,sɔsu,sɔsi,sɔsu,sɔsi
sɔs.o,sɔs.e,sɔso,sɔse,sɔsoʊ,sɔseɪ
sɔv.i,sɔv.u,sɔvi,sɔvu,sɔvi,sɔvu
sɔv.e,sɔv.o,sɔve,sɔvo,sɔveɪ,sɔvoʊ
sɔv.u,sɔv.i,sɔvu,sɔvi,sɔvu,sɔvi
sɔv.o,sɔv.e,sɔvo,sɔve,sɔvoʊ,sɔveɪ
sɔz.i,sɔz.u,sɔzi,sɔzu,sɔzi,sɔzu
sɔz.e,sɔz.o,sɔze,sɔzo,sɔzeɪ,sɔzoʊ
sɔz.u,sɔz.i,sɔzu,sɔzi,sɔzu,sɔzi
sɔz.o,sɔz.e,sɔzo,sɔze,sɔzoʊ,sɔzeɪ
sɔʃ.i,sɔʃ.u,sɔʃi,sɔʃu,sɔʃi,sɔʃu
sɔʃ.e,sɔʃ.o,sɔʃe,sɔʃo,sɔʃeɪ,sɔʃoʊ
sɔʃ.u,sɔʃ.i,sɔʃu,sɔʃi,sɔʃu,sɔʃi
sɔʃ.o,sɔʃ.e,sɔʃo,sɔʃe,sɔʃoʊ,sɔʃeɪ
sɔʒ.i,sɔʒ.u,sɔʒi,sɔʒu,sɔʒi,sɔʒu
sɔʒ.e,sɔʒ.o,sɔʒe,sɔʒo,sɔʒeɪ,sɔʒoʊ
sɔʒ.u,sɔʒ.i,sɔʒu,sɔʒi,sɔʒu,sɔʒi
sɔʒ.o,sɔʒ.e,sɔʒo,sɔʒe,sɔʒoʊ,sɔʒeɪ
sɔθ.i,sɔθ.u,sɔθi,sɔθu,sɔθi,sɔθu
sɔθ.e,sɔθ.o,sɔθe,sɔθo,sɔθeɪ,sɔθoʊ
sɔθ.u,sɔθ.i,sɔθu,sɔθi,sɔθu,sɔθi
sɔθ.o,sɔθ.e,sɔθo,sɔθe,sɔθoʊ,sɔθeɪ
sɔð.i,sɔð.u,sɔði,sɔðu,sɔði,sɔðu
sɔð.e,sɔð.o,sɔðe,sɔðo,sɔðeɪ,sɔðoʊ
sɔð.u,sɔð.i,sɔðu,sɔði,sɔðu,sɔði
sɔð.o,sɔð.e,sɔðo,sɔðe,sɔðoʊ,sɔðeɪ
vɔm.i,vɔm.u,vɔmi,vɔmu,vɔmi,vɔmu
vɔm.e,vɔm.o,vɔme,vɔmo,vɔmeɪ,vɔmoʊ
vɔm.u,vɔm.i,vɔmu,vɔmi,vɔmu,vɔmi
vɔm.o,vɔm.e,vɔmo,vɔme,vɔmoʊ,vɔmeɪ
vɔn.i,vɔn.u,vɔni,vɔnu,vɔni,vɔnu
vɔn.e,vɔn.o,vɔne,vɔno,vɔneɪ,vɔnoʊ
vɔn.u,vɔn.i,vɔnu,vɔni,vɔnu,vɔni
vɔn.o,vɔn.e,vɔno,vɔne,vɔnoʊ,vɔneɪ
vɔŋ.i,vɔŋ.u,vɔŋi,vɔŋu,vɔŋi,vɔŋu
vɔŋ.e,vɔŋ.o,vɔŋe,vɔŋo,vɔŋeɪ,vɔŋoʊ
vɔŋ.u,vɔŋ.i,vɔŋu,vɔŋi,vɔŋu,vɔŋi
vɔŋ.o,vɔŋ.e,vɔŋo,vɔŋe,vɔŋoʊ,vɔŋeɪ
vɔp.i,vɔp.u,vɔpi,vɔpu,vɔpi,vɔpu
vɔp.e,vɔp.o,vɔpe,vɔpo,vɔpeɪ,vɔpoʊ
vɔp.u,vɔp.i,vɔpu,vɔpi,vɔpu,vɔpi
vɔp.o,vɔp.e,vɔpo,vɔpe,vɔpoʊ,vɔpeɪ
vɔt.i,vɔt.u,vɔti,vɔtu,vɔti,vɔtu
vɔt.e,vɔt.o,vɔte,vɔto,vɔteɪ,vɔtoʊ
vɔt.u,vɔt.i,vɔtu,vɔti,vɔtu,vɔti
vɔt.o,vɔt.e,vɔto,vɔte,vɔtoʊ,vɔteɪ
vɔk.i,vɔk.u,vɔki,vɔku,vɔki,vɔku
vɔk.e,vɔk.o,vɔke,vɔko,vɔkeɪ,vɔkoʊ
vɔk.u,vɔk.i,vɔku,vɔki,vɔku,vɔki
vɔk.o,vɔk.e,vɔko,vɔke,vɔkoʊ,vɔkeɪ
vɔb.i,vɔb.u,vɔbi,vɔbu,vɔbi,vɔbu
vɔb.e,vɔb.o,vɔbe,vɔbo,vɔbeɪ,vɔboʊ
vɔb.u,vɔb.i,vɔbu,vɔbi,vɔbu,vɔbi
vɔb.o,vɔb.e,vɔbo,vɔbe,vɔboʊ,vɔbeɪ
vɔd.i,vɔd.u,vɔdi,vɔdu,vɔdi,vɔdu
vɔd.e,vɔd.o,vɔde,vɔdo,vɔdeɪ,vɔdoʊ
vɔd.u,vɔd.i,vɔdu,vɔdi,vɔdu,vɔdi
vɔd.o,vɔd.e,vɔdo,vɔde,vɔdoʊ,vɔdeɪ
vɔg.i,vɔg.u,vɔgi,vɔgu,vɔgi,vɔgu
vɔg.e,vɔg.o,vɔge,vɔgo,vɔgeɪ,vɔgoʊ
vɔg.u,vɔg.i,vɔgu,vɔgi,vɔgu,vɔgi
vɔg.o,vɔg.e,vɔgo,vɔge,vɔgoʊ,vɔgeɪ
vɔf.i,vɔf.u,vɔfi,vɔfu,vɔfi,vɔfu
vɔf.e,vɔf.o,vɔfe,vɔfo,vɔfeɪ,vɔfoʊ
vɔf.u,vɔf.i,vɔfu,vɔfi,vɔfu,vɔfi
vɔf.o,vɔf.e,vɔfo,vɔfe,vɔfoʊ,vɔfeɪ
vɔs.i,vɔs.u,vɔsi,vɔsu,vɔsi,vɔsu
vɔs.e,vɔs.o,vɔse,vɔso,vɔseɪ,vɔsoʊ
vɔs.u,vɔs.i,vɔsu,vɔsi,vɔsu,vɔsi
vɔs.o,vɔs.e,vɔso,vɔse,vɔsoʊ,vɔseɪ
vɔv.i,vɔv.u,vɔvi,vɔvu,vɔvi,vɔvu
vɔv.e,vɔv.o,vɔve,vɔvo,vɔveɪ,vɔvoʊ
vɔv.u,vɔv.i,vɔvu,vɔvi,vɔvu,vɔvi
vɔv.o,vɔv.e,vɔvo,vɔve,vɔvoʊ,vɔveɪ
vɔz.i,vɔz.u,vɔzi,vɔzu,vɔzi,vɔzu
vɔz.e,vɔz.o,vɔze,vɔzo,vɔzeɪ,vɔzoʊ
vɔz.u,vɔz.i,vɔzu,vɔzi,vɔzu,vɔzi
vɔz.o,vɔz.e,vɔzo,vɔze,vɔzoʊ,vɔzeɪ
vɔʃ.i,vɔʃ.u,vɔʃi,vɔʃu,vɔʃi,vɔʃu
vɔʃ.e,vɔʃ.o,vɔʃe,vɔʃo,vɔʃeɪ,vɔʃoʊ
vɔʃ.u,vɔʃ.i,vɔʃu,vɔʃi,vɔʃu,vɔʃi
vɔʃ.o,vɔʃ.e,vɔʃo,vɔʃe,vɔʃoʊ,vɔʃeɪ
vɔʒ.i,vɔʒ.u,vɔʒi,vɔʒu,vɔʒi,vɔʒu
vɔʒ.e,vɔʒ.o,vɔʒe,vɔʒo,vɔʒeɪ,vɔʒoʊ
vɔʒ.u,vɔʒ.i,vɔʒu,vɔʒi,vɔʒu,vɔʒi
vɔʒ.o,vɔʒ.e,vɔʒo,vɔʒe,vɔʒoʊ,vɔʒeɪ
vɔθ.i,vɔθ.u,vɔθi,vɔθu,vɔθi,vɔθu
vɔθ.e,vɔθ.o,vɔθe,vɔθo,vɔθeɪ,vɔθoʊ
vɔθ.u,vɔθ.i,vɔθu,vɔθi,vɔθu,vɔθi
vɔθ.o,vɔθ.e,vɔθo,vɔθe,vɔθoʊ,vɔθeɪ
vɔð.i,vɔð.u,vɔði,vɔðu,vɔði,vɔðu
vɔð.e,vɔð.o,vɔðe,vɔðo,vɔðeɪ,vɔðoʊ
vɔð.u,vɔð.i,vɔðu,vɔði,vɔðu,vɔði
vɔð.o,vɔð.e,vɔðo,vɔðe,vɔðoʊ,vɔðeɪ
zɔm.i,zɔm.u,zɔmi,zɔmu,zɔmi,zɔmu
zɔm.e,zɔm.o,zɔme,zɔmo,zɔmeɪ,zɔmoʊ
zɔm.u,zɔm.i,zɔmu,zɔmi,zɔmu,zɔmi
zɔm.o,zɔm.e,zɔmo,zɔme,zɔmoʊ,zɔmeɪ
zɔn.i,zɔn.u,zɔni,zɔnu,zɔni,zɔnu
zɔn.e,zɔn.o,zɔne,zɔno,zɔneɪ,zɔnoʊ
zɔn.u,zɔn.i,zɔnu,zɔni,zɔnu,zɔni
zɔn.o,zɔn.e,zɔno,zɔne,zɔnoʊ,zɔneɪ
zɔŋ.i,zɔŋ.u,zɔŋi,zɔŋu,zɔŋi,zɔŋu
zɔŋ.e,zɔŋ.o,zɔŋe,zɔŋo,zɔŋeɪ,zɔŋoʊ
zɔŋ.u,zɔŋ.i,zɔŋu,zɔŋi,zɔŋu,zɔŋi
zɔŋ.o,zɔŋ.e,zɔŋo,zɔŋe,zɔŋoʊ,zɔŋeɪ
zɔp.i,zɔp.u,zɔpi,zɔpu,zɔpi,zɔpu
zɔp.e,zɔp.o,zɔpe,zɔpo,zɔpeɪ,zɔpoʊ
zɔp.u,zɔp.i,zɔpu,zɔpi,zɔpu,zɔpi
zɔp.o,zɔp.e,zɔpo,zɔpe,zɔpoʊ,zɔpeɪ
zɔt.i,zɔt.u,zɔti,zɔtu,zɔti,zɔtu
zɔt.e,zɔt.o,zɔte,zɔto,zɔteɪ,zɔtoʊ
zɔt.u,zɔt.i,zɔtu,zɔti,zɔtu,zɔti
zɔt.o,zɔt.e,zɔto,zɔte,zɔtoʊ,zɔteɪ
zɔk.i,zɔk.u,zɔki,zɔku,zɔki,zɔku
zɔk.e,zɔk.o,zɔke,zɔko,zɔkeɪ,zɔkoʊ
zɔk.u,zɔk.i,zɔku,zɔki,zɔku,zɔki
zɔk.o,zɔk.e,zɔko,zɔke,zɔkoʊ,zɔkeɪ
zɔb.i,zɔb.u,zɔbi,zɔbu,zɔbi,zɔbu
zɔb.e,zɔb.o,zɔbe,zɔbo,zɔbeɪ,zɔboʊ
zɔb.u,zɔb.i,zɔbu,zɔbi,zɔbu,zɔbi
zɔb.o,zɔb.e,zɔbo,zɔbe,zɔboʊ,zɔbeɪ
zɔd.i,zɔd.u,zɔdi,zɔdu,zɔdi,zɔdu
zɔd.e,zɔd.o,zɔde,zɔdo,zɔdeɪ,zɔdoʊ
zɔd.u,zɔd.i,zɔdu,zɔdi,zɔdu,zɔdi
zɔd.o,zɔd.e,zɔdo,zɔde,zɔdoʊ,zɔdeɪ
zɔg.i,zɔg.u,zɔgi,zɔgu,zɔgi,zɔgu
zɔg.e,zɔg.o,zɔge,zɔgo,zɔgeɪ,zɔgoʊ
zɔg.u,zɔg.i,zɔgu,zɔgi,zɔgu,zɔgi
zɔg.o,zɔg.e,zɔgo,zɔge,zɔgoʊ,zɔgeɪ
zɔf.i,zɔf.u,zɔfi,zɔfu,zɔfi,zɔfu
zɔf.e,zɔf.o,zɔfe,zɔfo,zɔfeɪ,zɔfoʊ
zɔf.u,zɔf.i,zɔfu,zɔfi,zɔfu,zɔfi
zɔf.o,zɔf.e,zɔfo,zɔfe,zɔfoʊ,zɔfeɪ
zɔs.i,zɔs.u,zɔsi,zɔsu,zɔsi,zɔsu
zɔs.e,zɔs.o,zɔse,zɔso,zɔseɪ,zɔsoʊ
zɔs.u,zɔs.i,zɔsu,zɔsi,zɔsu,zɔsi
zɔs.o,zɔs.e,zɔso,zɔse,zɔsoʊ,zɔseɪ
zɔv.i,zɔv.u,zɔvi,zɔvu,zɔvi,zɔvu
zɔv.e,zɔv.o,zɔve,zɔvo,zɔveɪ,zɔvoʊ
zɔv.u,zɔv.i,zɔvu,zɔvi,zɔvu,zɔvi
zɔv.o,zɔv.e,zɔvo,zɔve,zɔvoʊ,zɔveɪ
zɔz.i,zɔz.u,zɔzi,zɔzu,zɔzi,zɔzu
zɔz.e,zɔz.o,zɔze,zɔzo,zɔzeɪ,zɔzoʊ
zɔz.u,zɔz.i,zɔzu,zɔzi,zɔzu,zɔzi
zɔz.o,zɔz.e,zɔzo,zɔze,zɔzoʊ,zɔzeɪ
zɔʃ.i,zɔʃ.u,zɔʃi,zɔʃu,zɔʃi,zɔʃu
zɔʃ.e,zɔʃ.o,zɔʃe,zɔʃo,zɔʃeɪ,zɔʃoʊ
zɔʃ.u,zɔʃ.i,zɔʃu,zɔʃi,zɔʃu,zɔʃi
zɔʃ.o,zɔʃ.e,zɔʃo,zɔʃe,zɔʃoʊ,zɔʃeɪ
zɔʒ.i,zɔʒ.u,zɔʒi,zɔʒu,zɔʒi,zɔʒu
zɔʒ.e,zɔʒ.o,zɔʒe,zɔʒo,zɔʒeɪ,zɔʒoʊ
zɔʒ.u,zɔʒ.i,zɔʒu,zɔʒi,zɔʒu,zɔʒi
zɔʒ.o,zɔʒ.e,zɔʒo,zɔʒe,zɔʒoʊ,zɔʒeɪ
zɔθ.i,zɔθ.u,zɔθi,zɔθu,zɔθi,zɔθu
zɔθ.e,zɔθ.o,zɔθe,zɔθo,zɔθeɪ,zɔθoʊ
zɔθ.u,zɔθ.i,zɔθu,zɔθi,zɔθu,zɔθi
zɔθ.o,zɔθ.e,zɔθo,zɔθe,zɔθoʊ,zɔθeɪ
zɔð.i,zɔð.u,zɔði,zɔðu,zɔði,zɔðu
zɔð.e,zɔð.o,zɔðe,zɔðo,zɔðeɪ,zɔðoʊ
zɔð.u,zɔð.i,zɔðu,zɔði,zɔðu,zɔði
zɔð.o,zɔð.e,zɔðo,zɔðe,zɔðoʊ,zɔðeɪ
ʃɔm.i,ʃɔm.u,ʃɔmi,ʃɔmu,ʃɔmi,ʃɔmu
ʃɔm.e,ʃɔm.o,ʃɔme,ʃɔmo,ʃɔmeɪ,ʃɔmoʊ
ʃɔm.u,ʃɔm.i,ʃɔmu,ʃɔmi,ʃɔmu,ʃɔmi
ʃɔm.o,ʃɔm.e,ʃɔmo,ʃɔme,ʃɔmoʊ,ʃɔmeɪ
ʃɔn.i,ʃɔn.u,ʃɔni,ʃɔnu,ʃɔni,ʃɔnu
ʃɔn.e,ʃɔn.o,ʃɔne,ʃɔno,ʃɔneɪ,ʃɔnoʊ
ʃɔn.u,ʃɔn.i,ʃɔnu,ʃɔni,ʃɔnu,ʃɔni
ʃɔn.o,ʃɔn.e,ʃɔno,ʃɔne,ʃɔnoʊ,ʃɔneɪ
ʃɔŋ.i,ʃɔŋ.u,ʃɔŋi,ʃɔŋu,ʃɔŋi,ʃɔŋu
ʃɔŋ.e,ʃɔŋ.o,ʃɔŋe,ʃɔŋo,ʃɔŋeɪ,ʃɔŋoʊ
ʃɔŋ.u,ʃɔŋ.i,ʃɔŋu,ʃɔŋi,ʃɔŋu,ʃɔŋi
ʃɔŋ.o,ʃɔŋ.e,ʃɔŋo,ʃɔŋe,ʃɔŋoʊ,ʃɔŋeɪ
ʃɔp.i,ʃɔp.u,ʃɔpi,ʃɔpu,ʃɔpi,ʃɔpu
ʃɔp.e,ʃɔp.o,ʃɔpe,ʃɔpo,ʃɔpeɪ,ʃɔpoʊ
ʃɔp.u,ʃɔp.i,ʃɔpu,ʃɔpi,ʃɔpu,ʃɔpi
ʃɔp.o,ʃɔp.e,ʃɔpo,ʃɔpe,ʃɔpoʊ,ʃɔpeɪ
ʃɔt.i,ʃɔt.u,ʃɔti,ʃɔtu,ʃɔti,ʃɔtu
ʃɔt.e,ʃɔt.o,ʃɔte,ʃɔto,ʃɔteɪ,ʃɔtoʊ
ʃɔt.u,ʃɔt.i,ʃɔtu,ʃɔti,ʃɔtu,ʃɔti
ʃɔt.o,ʃɔt.e,ʃɔto,ʃɔte,ʃɔtoʊ,ʃɔteɪ
ʃɔk.i,ʃɔk.u,ʃɔki,ʃɔku,ʃɔki,ʃɔku
ʃɔk.e,ʃɔk.o,ʃɔke,ʃɔko,ʃɔkeɪ,ʃɔkoʊ
ʃɔk.u,ʃɔk.i,ʃɔku,ʃɔki,ʃɔku,ʃɔki
ʃɔk.o,ʃɔk.e,ʃɔko,ʃɔke,ʃɔkoʊ,ʃɔkeɪ
ʃɔb.i,ʃɔb.u,ʃɔbi,ʃɔbu,ʃɔbi,ʃɔbu
ʃɔb.e,ʃɔb.o,ʃɔbe,ʃɔbo,ʃɔbeɪ,ʃɔboʊ
ʃɔb.u,ʃɔb.i,ʃɔbu,ʃɔbi,ʃɔbu,ʃɔbi
ʃɔb.o,ʃɔb.e,ʃɔbo,ʃɔbe,ʃɔboʊ,ʃɔbeɪ
ʃɔd.i,ʃɔd.u,ʃɔdi,ʃɔdu,ʃɔdi,ʃɔdu
ʃɔd.e,ʃɔd.o,ʃɔde,ʃɔdo,ʃɔdeɪ,ʃɔdoʊ
ʃɔd.u,ʃɔd.i,ʃɔdu,ʃɔdi,ʃɔdu,ʃɔdi
ʃɔd.o,ʃɔd.e,ʃɔdo,ʃɔde,ʃɔdoʊ,ʃɔdeɪ
ʃɔg.i,ʃɔg.u,ʃɔgi,ʃɔgu,ʃɔgi,ʃɔgu
ʃɔg.e,ʃɔg.o,ʃɔge,ʃɔgo,ʃɔgeɪ,ʃɔgoʊ
ʃɔg.u,ʃɔg.i,ʃɔgu,ʃɔgi,ʃɔgu,ʃɔgi
ʃɔg.o,ʃɔg.e,ʃɔgo,ʃɔge,ʃɔgoʊ,ʃɔgeɪ
ʃɔf.i,ʃɔf.u,ʃɔfi,ʃɔfu,ʃɔfi,ʃɔfu
ʃɔf.e,ʃɔf.o,ʃɔfe,ʃɔfo,ʃɔfeɪ,ʃɔfoʊ
ʃɔf.u,ʃɔf.i,ʃɔfu,ʃɔfi,ʃɔfu,ʃɔfi
ʃɔf.o,ʃɔf.e,ʃɔfo,ʃɔfe,ʃɔfoʊ,ʃɔfeɪ
ʃɔs.i,ʃɔs.u,ʃɔsi,ʃɔsu,ʃɔsi,ʃɔsu
ʃɔs.e,ʃɔs.o,ʃɔse,ʃɔso,ʃɔseɪ,ʃɔsoʊ
ʃɔs.u,ʃɔs.i,ʃɔsu,ʃɔsi,ʃɔsu,ʃɔsi
ʃɔs.o,ʃɔs.e,ʃɔso,ʃɔse,ʃɔsoʊ,ʃɔseɪ
ʃɔv.i,ʃɔv.u,ʃɔvi,ʃɔvu,ʃɔvi,ʃɔvu
ʃɔv.e,ʃɔv.o,ʃɔve,ʃɔvo,ʃɔveɪ,ʃɔvoʊ
ʃɔv.u,ʃɔv.i,ʃɔvu,ʃɔvi,ʃɔvu,ʃɔvi
ʃɔv.o,ʃɔv.e,ʃɔvo,ʃɔve,ʃɔvoʊ,ʃɔveɪ
ʃɔz.i,ʃɔz.u,ʃɔzi,ʃɔzu,ʃɔzi,ʃɔzu
ʃɔz.e,ʃɔz.o,ʃɔze,ʃɔzo,ʃɔzeɪ,ʃɔzoʊ
ʃɔz.u,ʃɔz.i,ʃɔzu,ʃɔzi,ʃɔzu,ʃɔzi
ʃɔz.o,ʃɔz.e,ʃɔzo,ʃɔze,ʃɔzoʊ,ʃɔzeɪ
ʃɔʃ.i,ʃɔʃ.u,ʃɔʃi,ʃɔʃu,ʃɔʃi,ʃɔʃu
ʃɔʃ.e,ʃɔʃ.o,ʃɔʃe,ʃɔʃo,ʃɔʃeɪ,ʃɔʃoʊ
ʃɔʃ.u,ʃɔʃ.i,ʃɔʃu,ʃɔʃi,ʃɔʃu,ʃɔʃi
ʃɔʃ.o,ʃɔʃ.e,ʃɔʃo,ʃɔʃe,ʃɔʃoʊ,ʃɔʃeɪ
ʃɔʒ.i,ʃɔʒ.u,ʃɔʒi,ʃɔʒu,ʃɔʒi,ʃɔʒu
ʃɔʒ.e,ʃɔʒ.o,ʃɔʒe,ʃɔʒo,ʃɔʒeɪ,ʃɔʒoʊ
ʃɔʒ.u,ʃɔʒ.i,ʃɔʒu,ʃɔʒi,ʃɔʒu,ʃɔʒi
ʃɔʒ.o,ʃɔʒ.e,ʃɔʒo,ʃɔʒe,ʃɔʒoʊ,ʃɔʒeɪ
ʃɔθ.i,ʃɔθ.u,ʃɔθi,ʃɔθu,ʃɔθi,ʃɔθu
ʃɔθ.e,ʃɔθ.o,ʃɔθe,ʃɔθo,ʃɔθeɪ,ʃɔθoʊ
ʃɔθ.u,ʃɔθ.i,ʃɔθu,ʃɔθi,ʃɔθu,ʃɔθi
ʃɔθ.o,ʃɔθ.e,ʃɔθo,ʃɔθe,ʃɔθoʊ,ʃɔθeɪ
ʃɔð.i,ʃɔð.u,ʃɔði,ʃɔðu,ʃɔði,ʃɔðu
ʃɔð.e,ʃɔð.o,ʃɔðe,ʃɔðo,ʃɔðeɪ,ʃɔðoʊ
ʃɔð.u,ʃɔð.i,ʃɔðu,ʃɔði,ʃɔðu,ʃɔði
ʃɔð.o,ʃɔð.e,ʃɔðo,ʃɔðe,ʃɔðoʊ,ʃɔðeɪ
ʒɔm.i,ʒɔm.u,ʒɔmi,ʒɔmu,ʒɔmi,ʒɔmu
ʒɔm.e,ʒɔm.o,ʒɔme,ʒɔmo,ʒɔmeɪ,ʒɔmoʊ
ʒɔm.u,ʒɔm.i,ʒɔmu,ʒɔmi,ʒɔmu,ʒɔmi
ʒɔm.o,ʒɔm.e,ʒɔmo,ʒɔme,ʒɔmoʊ,ʒɔmeɪ
ʒɔn.i,ʒɔn.u,ʒɔni,ʒɔnu,ʒɔni,ʒɔnu
ʒɔn.e,ʒɔn.o,ʒɔne,ʒɔno,ʒɔneɪ,ʒɔnoʊ
ʒɔn.u,ʒɔn.i,ʒɔnu,ʒɔni,ʒɔnu,ʒɔni
ʒɔn.o,ʒɔn.e,ʒɔno,ʒɔne,ʒɔnoʊ,ʒɔneɪ
ʒɔŋ.i,ʒɔŋ.u,ʒɔŋi,ʒɔŋu,ʒɔŋi,ʒɔŋu
ʒɔŋ.e,ʒɔŋ.o,ʒɔŋe,ʒɔŋo,ʒɔŋeɪ,ʒɔŋoʊ
ʒɔŋ.u,ʒɔŋ.i,ʒɔŋu,ʒɔŋi,ʒɔŋu,ʒɔŋi
ʒɔŋ.o,ʒɔŋ.e,ʒɔŋo,ʒɔŋe,ʒɔŋoʊ,ʒɔŋeɪ
ʒɔp.i,ʒɔp.u,ʒɔpi,ʒɔpu,ʒɔpi,ʒɔpu
ʒɔp.e,ʒɔp.o,ʒɔpe,ʒɔpo,ʒɔpeɪ,ʒɔpoʊ
ʒɔp.u,ʒɔp.i,ʒɔpu,ʒɔpi,ʒɔpu,ʒɔpi
ʒɔp.o,ʒɔp.e,ʒɔpo,ʒɔpe,ʒɔpoʊ,ʒɔpeɪ
ʒɔt.i,ʒɔt.u,ʒɔti,ʒɔtu,ʒɔti,ʒɔtu
ʒɔt.e,ʒɔt.o,ʒɔte,ʒɔto,ʒɔteɪ,ʒɔtoʊ
ʒɔt.u,ʒɔt.i,ʒɔtu,ʒɔti,ʒɔtu,ʒɔti
ʒɔt.o,ʒɔt.e,ʒɔto,ʒɔte,ʒɔtoʊ,ʒɔteɪ
ʒɔk.i,ʒɔk.u,ʒɔki,ʒɔku,ʒɔki,ʒɔku
ʒɔk.e,ʒɔk.o,ʒɔke,ʒɔko,ʒɔkeɪ,ʒɔkoʊ
ʒɔk.u,ʒɔk.i,ʒɔku,ʒɔki,ʒɔku,ʒɔki
ʒɔk.o,ʒɔk.e,ʒɔko,ʒɔke,ʒɔkoʊ,ʒɔkeɪ
ʒɔb.i,ʒɔb.u,ʒɔbi,ʒɔbu,ʒɔbi,ʒɔbu
ʒɔb.e,ʒɔb.o,ʒɔbe,ʒɔbo,ʒɔbeɪ,ʒɔboʊ
ʒɔb.u,ʒɔb.i,ʒɔbu,ʒɔbi,ʒɔbu,ʒɔbi
ʒɔb.o,ʒɔb.e,ʒɔbo,ʒɔbe,ʒɔboʊ,ʒɔbeɪ
ʒɔd.i,ʒɔd.u,ʒɔdi,ʒɔdu,ʒɔdi,ʒɔdu
ʒɔd.e,ʒɔd.o,ʒɔde,ʒɔdo,ʒɔdeɪ,ʒɔdoʊ
ʒɔd.u,ʒɔd.i,ʒɔdu,ʒɔdi,ʒɔdu,ʒɔdi
ʒɔd.o,ʒɔd.e,ʒɔdo,ʒɔde,ʒɔdoʊ,ʒɔdeɪ
ʒɔg.i,ʒɔg.u,ʒɔgi,ʒɔgu,ʒɔgi,ʒɔgu
ʒɔg.e,ʒɔg.o,ʒɔge,ʒɔgo,ʒɔgeɪ,ʒɔgoʊ
ʒɔg.u,ʒɔg.i,ʒɔgu,ʒɔgi,ʒɔgu,ʒɔgi
ʒɔg.o,ʒɔg.e,ʒɔgo,ʒɔge,ʒɔgoʊ,ʒɔgeɪ
ʒɔf.i,ʒɔf.u,ʒɔfi,ʒɔfu,ʒɔfi,ʒɔfu
ʒɔf.e,ʒɔf.o,ʒɔfe,ʒɔfo,ʒɔfeɪ,ʒɔfoʊ
ʒɔf.u,ʒɔf.i,ʒɔfu,ʒɔfi,ʒɔfu,ʒɔfi
ʒɔf.o,ʒɔf.e,ʒɔfo,ʒɔfe,ʒɔfoʊ,ʒɔfeɪ
ʒɔs.i,ʒɔs.u,ʒɔsi,ʒɔsu,ʒɔsi,ʒɔsu
ʒɔs.e,ʒɔs.o,ʒɔse,ʒɔso,ʒɔseɪ,ʒɔsoʊ
ʒɔs.u,ʒɔs.i,ʒɔsu,ʒɔsi,ʒɔsu,ʒɔsi
ʒɔs.o,ʒɔs.e,ʒɔso,ʒɔse,ʒɔsoʊ,ʒɔseɪ
ʒɔv.i,ʒɔv.u,ʒɔvi,ʒɔvu,ʒɔvi,ʒɔvu
ʒɔv.e,ʒɔv.o,ʒɔve,ʒɔvo,ʒɔveɪ,ʒɔvoʊ
ʒɔv.u,ʒɔv.i,ʒɔvu,ʒɔvi,ʒɔvu,ʒɔvi
ʒɔv.o,ʒɔv.e,ʒɔvo,ʒɔve,ʒɔvoʊ,ʒɔveɪ
ʒɔz.i,ʒɔz.u,ʒɔzi,ʒɔzu,ʒɔzi,ʒɔzu
ʒɔz.e,ʒɔz.o,ʒɔze,ʒɔzo,ʒɔzeɪ,ʒɔzoʊ
ʒɔz.u,ʒɔz.i,ʒɔzu,ʒɔzi,ʒɔzu,ʒɔzi
ʒɔz.o,ʒɔz.e,ʒɔzo,ʒɔze,ʒɔzoʊ,ʒɔzeɪ
ʒɔʃ.i,ʒɔʃ.u,ʒɔʃi,ʒɔʃu,ʒɔʃi,ʒɔʃu
ʒɔʃ.e,ʒɔʃ.o,ʒɔʃe,ʒɔʃo,ʒɔʃeɪ,ʒɔʃoʊ
ʒɔʃ.u,ʒɔʃ.i,ʒɔʃu,ʒɔʃi,ʒɔʃu,ʒɔʃi
ʒɔʃ.o,ʒɔʃ.e,ʒɔʃo,ʒɔʃe,ʒɔʃoʊ,ʒɔʃeɪ
ʒɔʒ.i,ʒɔʒ.u,ʒɔʒi,ʒɔʒu,ʒɔʒi,ʒɔʒu
ʒɔʒ.e,ʒɔʒ.o,ʒɔʒe,ʒɔʒo,ʒɔʒeɪ,ʒɔʒoʊ
ʒɔʒ.u,ʒɔʒ.i,ʒɔʒu,ʒɔʒi,ʒɔʒu,ʒɔʒi
ʒɔʒ.o,ʒɔʒ.e,ʒɔʒo,ʒɔʒe,ʒɔʒoʊ,ʒɔʒeɪ
ʒɔθ.i,ʒɔθ.u,ʒɔθi,ʒɔθu,ʒɔθi,ʒɔθu
ʒɔθ.e,ʒɔθ.o,ʒɔθe,ʒɔθo,ʒɔθeɪ,ʒɔθoʊ
ʒɔθ.u,ʒɔθ.i,ʒɔθu,ʒɔθi,ʒɔθu,ʒɔθi
ʒɔθ.o,ʒɔθ.e,ʒɔθo,ʒɔθe,ʒɔθoʊ,ʒɔθeɪ
ʒɔð.i,ʒɔð.u,ʒɔði,ʒɔðu,ʒɔði,ʒɔðu
ʒɔð.e,ʒɔð.o,ʒɔðe,ʒɔðo,ʒɔðeɪ,ʒɔðoʊ
ʒɔð.u,ʒɔð.i,ʒɔðu,ʒɔði,ʒɔðu,ʒɔði
ʒɔð.o,ʒɔð.e,ʒɔðo,ʒɔðe,ʒɔðoʊ,ʒɔðeɪ
θɔm.i,θɔm.u,θɔmi,θɔmu,θɔmi,θɔmu
θɔm.e,θɔm.o,θɔme,θɔmo,θɔmeɪ,θɔmoʊ
θɔm.u,θɔm.i,θɔmu,θɔmi,θɔmu,θɔmi
θɔm.o,θɔm.e,θɔmo,θɔme,θɔmoʊ,θɔmeɪ
θɔn.i,θɔn.u,θɔni,θɔnu,θɔni,θɔnu
θɔn.e,θɔn.o,θɔne,θɔno,θɔneɪ,θɔnoʊ
θɔn.u,θɔn.i,θɔnu,θɔni,θɔnu,θɔni
θɔn.o,θɔn.e,θɔno,θɔne,θɔnoʊ,θɔneɪ
θɔŋ.i,θɔŋ.u,θɔŋi,θɔŋu,θɔŋi,θɔŋu
θɔŋ.e,θɔŋ.o,θɔŋe,θɔŋo,θɔŋeɪ,θɔŋoʊ
θɔŋ.u,θɔŋ.i,θɔŋu,θɔŋi,θɔŋu,θɔŋi
θɔŋ.o,θɔŋ.e,θɔŋo,θɔŋe,θɔŋoʊ,θɔŋeɪ
θɔp.i,θɔp.u,θɔpi,θɔpu,θɔpi,θɔpu
θɔp.e,θɔp.o,θɔpe,θɔpo,θɔpeɪ,θɔpoʊ
θɔp.u,θɔp.i,θɔpu,θɔpi,θɔpu,θɔpi
θɔp.o,θɔp.e,θɔpo,θɔpe,θɔpoʊ,θɔpeɪ
θɔt.i,θɔt.u,θɔti,θɔtu,θɔti,θɔtu
θɔt.e,θɔt.o,θɔte,θɔto,θɔteɪ,θɔtoʊ
θɔt.u,θɔt.i,θɔtu,θɔti,θɔtu,θɔti
θɔt.o,θɔt.e,θɔto,θɔte,θɔtoʊ,θɔteɪ
θɔk.i,θɔk.u,θɔki,θɔku,θɔki,θɔku
θɔk.e,θɔk.o,θɔke,θɔko,θɔkeɪ,θɔkoʊ
θɔk.u,θɔk.i,θɔku,θɔki,θɔku,θɔki
θɔk.o,θɔk.e,θɔko,θɔke,θɔkoʊ,θɔkeɪ
θɔb.i,θɔb.u,θɔbi,θɔbu,θɔbi,θɔbu
θɔb.e,θɔb.o,θɔbe,θɔbo,θɔbeɪ,θɔboʊ
θɔb.u,θɔb.i,θɔbu,θɔbi,θɔbu,θɔbi
θɔb.o,θɔb.e,θɔbo,θɔbe,θɔboʊ,θɔbeɪ
θɔd.i,θɔd.u,θɔdi,θɔdu,θɔdi,θɔdu
θɔd.e,θɔd.o,θɔde,θɔdo,θɔdeɪ,θɔdoʊ
θɔd.u,θɔd.i,θɔdu,θɔdi,θɔdu,θɔdi
θɔd.o,θɔd.e,θɔdo,θɔde,θɔdoʊ,θɔdeɪ
θɔg.i,θɔg.u,θɔgi,θɔgu,θɔgi,θɔgu
θɔg.e,θɔg.o,θɔge,θɔgo,θɔgeɪ,θɔgoʊ
θɔg.u,θɔg.i,θɔgu,θɔgi,θɔgu,θɔgi
θɔg.o,θɔg.e,θɔgo,θɔge,θɔgoʊ,θɔgeɪ
θɔf.i,θɔf.u,θɔfi,θɔfu,θɔfi,θɔfu
θɔf.e,θɔf.o,θɔfe,θɔfo,θɔfeɪ,θɔfoʊ
θɔf.u,θɔf.i,θɔfu,θɔfi,θɔfu,θɔfi
θɔf.o,θɔf.e,θɔfo,θɔfe,θɔfoʊ,θɔfeɪ
θɔs.i,θɔs.u,θɔsi,θɔsu,θɔsi,θɔsu
θɔs.e,θɔs.o,θɔse,θɔso,θɔseɪ,θɔsoʊ
θɔs.u,θɔs.i,θɔsu,θɔsi,θɔsu,θɔsi
θɔs.o,θɔs.e,θɔso,θɔse,θɔsoʊ,θɔseɪ
θɔv.i,θɔv.u,θɔvi,θɔvu,θɔvi,θɔvu
θɔv.e,θɔv.o,θɔve,θɔvo,θɔveɪ,θɔvoʊ
θɔv.u,θɔv.i,θɔvu,θɔvi,θɔvu,θɔvi
θɔv.o,θɔv.e,θɔvo,θɔve,θɔvoʊ,θɔveɪ
θɔz.i,θɔz.u,θɔzi,θɔzu,θɔzi,θɔzu
θɔz.e,θɔz.o,θɔze,θɔzo,θɔzeɪ,θɔzoʊ
θɔz.u,θɔz.i,θɔzu,θɔzi,θɔzu,θɔzi
θɔz.o,θɔz.e,θɔzo,θɔze,θɔzoʊ,θɔzeɪ
θɔʃ.i,θɔʃ.u,θɔʃi,θɔʃu,θɔʃi,θɔʃu
θɔʃ.e,θɔʃ.o,θɔʃe,θɔʃo,θɔʃeɪ,θɔʃoʊ
θɔʃ.u,θɔʃ.i,θɔʃu,θɔʃi,θɔʃu,θɔʃi
θɔʃ.o,θɔʃ.e,θɔʃo,θɔʃe,θɔʃoʊ,θɔʃeɪ
θɔʒ.i,θɔʒ.u,θɔʒi,θɔʒu,θɔʒi,θɔʒu
θɔʒ.e,θɔʒ.o,θɔʒe,θɔʒo,θɔʒeɪ,θɔʒoʊ
θɔʒ.u,θɔʒ.i,θɔʒu,θɔʒi,θɔʒu,θɔʒi
θɔʒ.o,θɔʒ.e,θɔʒo,θɔʒe,θɔʒoʊ,θɔʒeɪ
θɔθ.i,θɔθ.u,θɔθi,θɔθu,θɔθi,θɔθu
θɔθ.e,θɔθ.o,θɔθe,θɔθo,θɔθeɪ,θɔθoʊ
θɔθ.u,θɔθ.i,θɔθu,θɔθi,θɔθu,θɔθi
θɔθ.o,θɔθ.e,θɔθo,θɔθe,θɔθoʊ,θɔθeɪ
θɔð.i,θɔð.u,θɔði,θɔðu,θɔði,θɔðu
θɔð.e,θɔð.o,θɔðe,θɔðo,θɔðeɪ,θɔðoʊ
θɔð.u,θɔð.i,θɔðu,θɔði,θɔðu,θɔði
θɔð.o,θɔð.e,θɔðo,θɔðe,θɔðoʊ,θɔðeɪ
ðɔm.i,ðɔm.u,ðɔmi,ðɔmu,ðɔmi,ðɔmu
ðɔm.e,ðɔm.o,ðɔme,ðɔmo,ðɔmeɪ,ðɔmoʊ
ðɔm.u,ðɔm.i,ðɔmu,ðɔmi,ðɔmu,ðɔmi
ðɔm.o,ðɔm.e,ðɔmo,ðɔme,ðɔmoʊ,ðɔmeɪ
ðɔn.i,ðɔn.u,ðɔni,ðɔnu,ðɔni,ðɔnu
ðɔn.e,ðɔn.o,ðɔne,ðɔno,ðɔneɪ,ðɔnoʊ
ðɔn.u,ðɔn.i,ðɔnu,ðɔni,ðɔnu,ðɔni
ðɔn.o,ðɔn.e,ðɔno,ðɔne,ðɔnoʊ,ðɔneɪ
ðɔŋ.i,ðɔŋ.u,ðɔŋi,ðɔŋu,ðɔŋi,ðɔŋu
ðɔŋ.e,ðɔŋ.o,ðɔŋe,ðɔŋo,ðɔŋeɪ,ðɔŋoʊ
ðɔŋ.u,ðɔŋ.i,ðɔŋu,ðɔŋi,ðɔŋu,ðɔŋi
ðɔŋ.o,ðɔŋ.e,ðɔŋo,ðɔŋe,ðɔŋoʊ,ðɔŋeɪ
ðɔp.i,ðɔp.u,ðɔpi,ðɔpu,ðɔpi,ðɔpu
ðɔp.e,ðɔp.o,ðɔpe,ðɔpo,ðɔpeɪ,ðɔpoʊ
ðɔp.u,ðɔp.i,ðɔpu,ðɔpi,ðɔpu,ðɔpi
ðɔp.o,ðɔp.e,ðɔpo,ðɔpe,ðɔpoʊ,ðɔpeɪ
ðɔt.i,ðɔt.u,ðɔti,ðɔtu,ðɔti,ðɔtu
ðɔt.e,ðɔt.o,ðɔte,ðɔto,ðɔteɪ,ðɔtoʊ
ðɔt.u,ðɔt.i,ðɔtu,ðɔti,ðɔtu,ðɔti
ðɔt.o,ðɔt.e,ðɔto,ðɔte,ðɔtoʊ,ðɔteɪ
ðɔk.i,ðɔk.u,ðɔki,ðɔku,ðɔki,ðɔku
ðɔk.e,ðɔk.o,ðɔke,ðɔko,ðɔkeɪ,ðɔkoʊ
ðɔk.u,ðɔk.i,ðɔku,ðɔki,ðɔku,ðɔki
ðɔk.o,ðɔk.e,ðɔko,ðɔke,ðɔkoʊ,ðɔkeɪ
ðɔb.i,ðɔb.u,ðɔbi,ðɔbu,ðɔbi,ðɔbu
ðɔb.e,ðɔb.o,ðɔbe,ðɔbo,ðɔbeɪ,ðɔboʊ
ðɔb.u,ðɔb.i,ðɔbu,ðɔbi,ðɔbu,ðɔbi
ðɔb.o,ðɔb.e,ðɔbo,ðɔbe,ðɔboʊ,ðɔbeɪ
ðɔd.i,ðɔd.u,ðɔdi,ðɔdu,ðɔdi,ðɔdu
ðɔd.e,ðɔd.o,ðɔde,ðɔdo,ðɔdeɪ,ðɔdoʊ
ðɔd.u,ðɔd.i,ðɔdu,ðɔdi,ðɔdu,ðɔdi
ðɔd.o,ðɔd.e,ðɔdo,ðɔde,ðɔdoʊ,ðɔdeɪ
ðɔg.i,ðɔg.u,ðɔgi,ðɔgu,ðɔgi,ðɔgu
ðɔg.e,ðɔg.o,ðɔge,ðɔgo,ðɔgeɪ,ðɔgoʊ
ðɔg.u,ðɔg.i,ðɔgu,ðɔgi,ðɔgu,ðɔgi
ðɔg.o,ðɔg.e,ðɔgo,ðɔge,ðɔgoʊ,ðɔgeɪ
ðɔf.i,ðɔf.u,ðɔfi,ðɔfu,ðɔfi,ðɔfu
ðɔf.e,ðɔf.o,ðɔfe,ðɔfo,ðɔfeɪ,ðɔfoʊ
ðɔf.u,ðɔf.i,ðɔfu,ðɔfi,ðɔfu,ðɔfi
ðɔf.o,ðɔf.e,ðɔfo,ðɔfe,ðɔfoʊ,ðɔfeɪ
ðɔs.i,ðɔs.u,ðɔsi,ðɔsu,ðɔsi,ðɔsu
ðɔs.e,ðɔs.o,ðɔse,ðɔso,ðɔseɪ,ðɔsoʊ
ðɔs.u,ðɔs.i,ðɔsu,ðɔsi,ðɔsu,ðɔsi
ðɔs.o,ðɔs.e,ðɔso,ðɔse,ðɔsoʊ,ðɔseɪ
ðɔv.i,ðɔv.u,ðɔvi,ðɔvu,ðɔvi,ðɔvu
ðɔv.e,ðɔv.o,ðɔve,ðɔvo,ðɔveɪ,ðɔvoʊ
ðɔv.u,ðɔv.i,ðɔvu,ðɔvi,ðɔvu,ðɔvi
ðɔv.o,ðɔv.e,ðɔvo,ðɔve,ðɔvoʊ,ðɔveɪ
ðɔz.i,ðɔz.u,ðɔzi,ðɔzu,ðɔzi,ðɔzu
ðɔz.e,ðɔz.o,ðɔze,ðɔzo,ðɔzeɪ,ðɔzoʊ
ðɔz.u,ðɔz.i,ðɔzu,ðɔzi,ðɔzu,ðɔzi
ðɔz.o,ðɔz.e,ðɔzo,ðɔze,ðɔzoʊ,ðɔzeɪ
ðɔʃ.i,ðɔʃ.u,ðɔʃi,ðɔʃu,ðɔʃi,ðɔʃu
ðɔʃ.e,ðɔʃ.o,ðɔʃe,ðɔʃo,ðɔʃeɪ,ðɔʃoʊ
ðɔʃ.u,ðɔʃ.i,ðɔʃu,ðɔʃi,ðɔʃu,ðɔʃi
ðɔʃ.o,ðɔʃ.e,ðɔʃo,ðɔʃe,ðɔʃoʊ,ðɔʃeɪ
ðɔʒ.i,ðɔʒ.u,ðɔʒi,ðɔʒu,ðɔʒi,ðɔʒu
ðɔʒ.e,ðɔʒ.o,ðɔʒe,ðɔʒo,ðɔʒeɪ,ðɔʒoʊ
ðɔʒ.u,ðɔʒ.i,ðɔʒu,ðɔʒi,ðɔʒu,ðɔʒi
ðɔʒ.o,ðɔʒ.e,ðɔʒo,ðɔʒe,ðɔʒoʊ,ðɔʒeɪ
ðɔθ.i,ðɔθ.u,ðɔθi,ðɔθu,ðɔθi,ðɔθu
ðɔθ.e,ðɔθ.o,ðɔθe,ðɔθo,ðɔθeɪ,ðɔθoʊ
ðɔθ.u,ðɔθ.i,ðɔθu,ðɔθi,ðɔθu,ðɔθi
ðɔθ.o,ðɔθ.e,ðɔθo,ðɔθe,ðɔθoʊ,ðɔθeɪ
ðɔð.i,ðɔð.u,ðɔði,ðɔðu,ðɔði,ðɔðu
ðɔð.e,ðɔð.o,ðɔðe,ðɔðo,ðɔðeɪ,ðɔðoʊ
ðɔð.u,ðɔð.i,ðɔðu,ðɔði,ðɔðu,ðɔði
ðɔð.o,ðɔð.e,ðɔðo,ðɔðe,ðɔðoʊ,ðɔðeɪ
hɔm.i,hɔm.u,hɔmi,hɔmu,hɔmi,hɔmu
hɔm.e,hɔm.o,hɔme,hɔmo,hɔmeɪ,hɔmoʊ
hɔm.u,hɔm.i,hɔmu,hɔmi,hɔmu,hɔmi
hɔm.o,hɔm.e,hɔmo,hɔme,hɔmoʊ,hɔmeɪ
hɔn.i,hɔn.u,hɔni,hɔnu,hɔni,hɔnu
hɔn.e,hɔn.o,hɔne,hɔno,hɔneɪ,hɔnoʊ
hɔn.u,hɔn.i,hɔnu,hɔni,hɔnu,hɔni
hɔn.o,hɔn.e,hɔno,hɔne,hɔnoʊ,hɔneɪ
hɔŋ.i,hɔŋ.u,hɔŋi,hɔŋu,hɔŋi,hɔŋu
hɔŋ.e,hɔŋ.o,hɔŋe,hɔŋo,hɔŋeɪ,hɔŋoʊ
hɔŋ.u,hɔŋ.i,hɔŋu,hɔŋi,hɔŋu,hɔŋi
hɔŋ.o,hɔŋ.e,hɔŋo,hɔŋe,hɔŋoʊ,hɔŋeɪ
hɔp.i,hɔp.u,hɔpi,hɔpu,hɔpi,hɔpu
hɔp.e,hɔp.o,hɔpe,hɔpo,hɔpeɪ,hɔpoʊ
hɔp.u,hɔp.i,hɔpu,hɔpi,hɔpu,hɔpi
hɔp.o,hɔp.e,hɔpo,hɔpe,hɔpoʊ,hɔpeɪ
hɔt.i,hɔt.u,hɔti,hɔtu,hɔti,hɔtu
hɔt.e,hɔt.o,hɔte,hɔto,hɔteɪ,hɔtoʊ
hɔt.u,hɔt.i,hɔtu,hɔti,hɔtu,hɔti
hɔt.o,hɔt.e,hɔto,hɔte,hɔtoʊ,hɔteɪ
hɔk.i,hɔk.u,hɔki,hɔku,hɔki,hɔku
hɔk.e,hɔk.o,hɔke,hɔko,hɔkeɪ,hɔkoʊ
hɔk.u,hɔk.i,hɔku,hɔki,hɔku,hɔki
hɔk.o,hɔk.e,hɔko,hɔke,hɔkoʊ,hɔkeɪ
hɔb.i,hɔb.u,hɔbi,hɔbu,hɔbi,hɔbu
hɔb.e,hɔb.o,hɔbe,hɔbo,hɔbeɪ,hɔboʊ
hɔb.u,hɔb.i,hɔbu,hɔbi,hɔbu,hɔbi
hɔb.o,hɔb.e,hɔbo,hɔbe,hɔboʊ,hɔbeɪ
hɔd.i,hɔd.u,hɔdi,hɔdu,hɔdi,hɔdu
hɔd.e,hɔd.o,hɔde,hɔdo,hɔdeɪ,hɔdoʊ
hɔd.u,hɔd.i,hɔdu,hɔdi,hɔdu,hɔdi
hɔd.o,hɔd.e,hɔdo,hɔde,hɔdoʊ,hɔdeɪ
hɔg.i,hɔg.u,hɔgi,hɔgu,hɔgi,hɔgu
hɔg.e,hɔg.o,hɔge,hɔgo,hɔgeɪ,hɔgoʊ
hɔg.u,hɔg.i,hɔgu,hɔgi,hɔgu,hɔgi
hɔg.o,hɔg.e,hɔgo,hɔge,hɔgoʊ,hɔgeɪ
hɔf.i,hɔf.u,hɔfi,hɔfu,hɔfi,hɔfu
hɔf.e,hɔf.o,hɔfe,hɔfo,hɔfeɪ,hɔfoʊ
hɔf.u,hɔf.i,hɔfu,hɔfi,hɔfu,hɔfi
hɔf.o,hɔf.e,hɔfo,hɔfe,hɔfoʊ,hɔfeɪ
hɔs.i,hɔs.u,hɔsi,hɔsu,hɔsi,hɔsu
hɔs.e,hɔs.o,hɔse,hɔso,hɔseɪ,hɔsoʊ
hɔs.u,hɔs.i,hɔsu,hɔsi,hɔsu,hɔsi
hɔs.o,hɔs.e,hɔso,hɔse,hɔsoʊ,hɔseɪ
hɔv.i,hɔv.u,hɔvi,hɔvu,hɔvi,hɔvu
hɔv.e,hɔv.o,hɔve,hɔvo,hɔveɪ,hɔvoʊ
hɔv.u,hɔv.i,hɔvu,hɔvi,hɔvu,hɔvi
hɔv.o,hɔv.e,hɔvo,hɔve,hɔvoʊ,hɔveɪ
hɔz.i,hɔz.u,hɔzi,hɔzu,hɔzi,hɔzu
hɔz.e,hɔz.o,hɔze,hɔzo,hɔzeɪ,hɔzoʊ
hɔz.u,hɔz.i,hɔzu,hɔzi,hɔzu,hɔzi
hɔz.o,hɔz.e,hɔzo,hɔze,hɔzoʊ,hɔzeɪ
hɔʃ.i,hɔʃ.u,hɔʃi,hɔʃu,hɔʃi,hɔʃu
hɔʃ.e,hɔʃ.o,hɔʃe,hɔʃo,hɔʃeɪ,hɔʃoʊ
hɔʃ.u,hɔʃ.i,hɔʃu,hɔʃi,hɔʃu,hɔʃi
hɔʃ.o,hɔʃ.e,hɔʃo,hɔʃe,hɔʃoʊ,hɔʃeɪ
hɔʒ.i,hɔʒ.u,hɔʒi,hɔʒu,hɔʒi,hɔʒu
hɔʒ.e,hɔʒ.o,hɔʒe,hɔʒo,hɔʒeɪ,hɔʒoʊ
hɔʒ.u,hɔʒ.i,hɔʒu,hɔʒi,hɔʒu,hɔʒi
hɔʒ.o,hɔʒ.e,hɔʒo,hɔʒe,hɔʒoʊ,hɔʒeɪ
hɔθ.i,hɔθ.u,hɔθi,hɔθu,hɔθi,hɔθu
hɔθ.e,hɔθ.o,hɔθe,hɔθo,hɔθeɪ,hɔθoʊ
hɔθ.u,hɔθ.i,hɔθu,hɔθi,hɔθu,hɔθi
hɔθ.o,hɔθ.e,hɔθo,hɔθe,hɔθoʊ,hɔθeɪ
hɔð.i,hɔð.u,hɔði,hɔðu,hɔði,hɔðu
hɔð.e,hɔð.o,hɔðe,hɔðo,hɔðeɪ,hɔðoʊ
hɔð.u,hɔð.i,hɔðu,hɔði,hɔðu,hɔði
hɔð.o,hɔð.e,hɔðo,hɔðe,hɔðoʊ,hɔðeɪ
