stem,ur_ref,sr_ref,ur,sr
i,imi,imi,imi,imi
i,ini,ini,ini,ini
i,ipi,ipi,ipi,ipi
i,iti,iti,iti,iti
i,iki,iki,iki,iki
i,ibi,ibi,ibi,ibi
i,idi,idi,idi,idi
i,igi,igi,igi,igi
i,ifi,ifi,ifi,ifi
i,isi,isi,isi,isi
i,ivi,ivi,ivi,ivi
i,izi,izi,izi,izi
i,iʃi,iʃi,iʃi,iʃi
i,iʒi,iʒi,iʒi,iʒi
i,iθi,iθi,iθi,iθi
i,iði,iði,iði,iði
i,ihi,ihi,ihi,ihi
i,imeɪ,imeɪ,ime,ime
i,ineɪ,ineɪ,ine,ine
i,ipeɪ,ipeɪ,ipe,ipe
i,iteɪ,iteɪ,ite,ite
i,ikeɪ,ikeɪ,ike,ike
i,ibeɪ,ibeɪ,ibe,ibe
i,ideɪ,ideɪ,ide,ide
i,igeɪ,igeɪ,ige,ige
i,ifeɪ,ifeɪ,ife,ife
i,iseɪ,iseɪ,ise,ise
i,iveɪ,iveɪ,ive,ive
i,izeɪ,izeɪ,ize,ize
i,iʃeɪ,iʃeɪ,iʃe,iʃe
i,iʒeɪ,iʒeɪ,iʒe,iʒe
i,iθeɪ,iθeɪ,iθe,iθe
i,iðeɪ,iðeɪ,iðe,iðe
i,iheɪ,iheɪ,ihe,ihe
i,imu,imi,imu,imi
i,inu,ini,inu,ini
i,ipu,ipi,ipu,ipi
i,itu,iti,itu,iti
i,iku,iki,iku,iki
i,ibu,ibi,ibu,ibi
i,idu,idi,idu,idi
i,igu,igi,igu,igi
i,ifu,ifi,ifu,ifi
i,isu,isi,isu,isi
i,ivu,ivi,ivu,ivi
i,izu,izi,izu,izi
i,iʃu,iʃi,iʃu,iʃi
i,iʒu,iʒi,iʒu,iʒi
i,iθu,iθi,iθu,iθi
i,iðu,iði,iðu,iði
i,ihu,ihi,ihu,ihi
i,imoʊ,imeɪ,imo,ime
i,inoʊ,ineɪ,ino,ine
i,ipoʊ,ipeɪ,ipo,ipe
i,itoʊ,iteɪ,ito,ite
i,ikoʊ,ikeɪ,iko,ike
i,iboʊ,ibeɪ,ibo,ibe
i,idoʊ,ideɪ,ido,ide
i,igoʊ,igeɪ,igo,ige
i,ifoʊ,ifeɪ,ifo,ife
i,isoʊ,iseɪ,iso,ise
i,ivoʊ,iveɪ,ivo,ive
i,izoʊ,izeɪ,izo,ize
i,iʃoʊ,iʃeɪ,iʃo,iʃe
i,iʒoʊ,iʒeɪ,iʒo,iʒe
i,iθoʊ,iθeɪ,iθo,iθe
i,iðoʊ,iðeɪ,iðo,iðe
i,ihoʊ,iheɪ,iho,ihe
eɪ,eɪmi,eɪmi,emi,emi
eɪ,eɪni,eɪni,eni,eni
eɪ,eɪpi,eɪpi,epi,epi
eɪ,eɪti,eɪti,eti,eti
eɪ,eɪki,eɪki,eki,eki
eɪ,eɪbi,eɪbi,ebi,ebi
eɪ,eɪdi,eɪdi,edi,edi
eɪ,eɪgi,eɪgi,egi,egi
eɪ,eɪfi,eɪfi,efi,efi
eɪ,eɪsi,eɪsi,esi,esi
eɪ,eɪvi,eɪvi,evi,evi
eɪ,eɪzi,eɪzi,ezi,ezi
eɪ,eɪʃi,eɪʃi,eʃi,eʃi
eɪ,eɪʒi,eɪʒi,eʒi,eʒi
eɪ,eɪθi,eɪθi,eθi,eθi
eɪ,eɪði,eɪði,eði,eði
eɪ,eɪhi,eɪhi,ehi,ehi
eɪ,eɪmeɪ,eɪmeɪ,eme,eme
eɪ,eɪneɪ,eɪneɪ,ene,ene
eɪ,eɪpeɪ,eɪpeɪ,epe,epe
eɪ,eɪteɪ,eɪteɪ,ete,ete
eɪ,eɪkeɪ,eɪkeɪ,eke,eke
eɪ,eɪbeɪ,eɪbeɪ,ebe,ebe
eɪ,eɪdeɪ,eɪdeɪ,ede,ede
eɪ,eɪgeɪ,eɪgeɪ,ege,ege
eɪ,eɪfeɪ,eɪfeɪ,efe,efe
eɪ,eɪseɪ,eɪseɪ,ese,ese
eɪ,eɪveɪ,eɪveɪ,eve,eve
eɪ,eɪzeɪ,eɪzeɪ,eze,eze
eɪ,eɪʃeɪ,eɪʃeɪ,eʃe,eʃe
eɪ,eɪʒeɪ,eɪʒeɪ,eʒe,eʒe
eɪ,eɪθeɪ,eɪθeɪ,eθe,eθe
eɪ,eɪðeɪ,eɪðeɪ,eðe,eðe
eɪ,eɪheɪ,eɪheɪ,ehe,ehe
eɪ,eɪmu,eɪmi,emu,emi
eɪ,eɪnu,eɪni,enu,eni
eɪ,eɪpu,eɪpi,epu,epi
eɪ,eɪtu,eɪti,etu,eti
eɪ,eɪku,eɪki,eku,eki
eɪ,eɪbu,eɪbi,ebu,ebi
eɪ,eɪdu,eɪdi,edu,edi
eɪ,eɪgu,eɪgi,egu,egi
eɪ,eɪfu,eɪfi,efu,efi
eɪ,eɪsu,eɪsi,esu,esi
eɪ,eɪvu,eɪvi,evu,evi
eɪ,eɪzu,eɪzi,ezu,ezi
eɪ,eɪʃu,eɪʃi,eʃu,eʃi
eɪ,eɪʒu,eɪʒi,eʒu,eʒi
eɪ,eɪθu,eɪθi,eθu,eθi
eɪ,eɪðu,eɪði,eðu,eði
eɪ,eɪhu,eɪhi,ehu,ehi
eɪ,eɪmoʊ,eɪmeɪ,emo,eme
eɪ,eɪnoʊ,eɪneɪ,eno,ene
eɪ,eɪpoʊ,eɪpeɪ,epo,epe
eɪ,eɪtoʊ,eɪteɪ,eto,ete
eɪ,eɪkoʊ,eɪkeɪ,eko,eke
eɪ,eɪboʊ,eɪbeɪ,ebo,ebe
eɪ,eɪdoʊ,eɪdeɪ,edo,ede
eɪ,eɪgoʊ,eɪgeɪ,ego,ege
eɪ,eɪfoʊ,eɪfeɪ,efo,efe
eɪ,eɪsoʊ,eɪseɪ,eso,ese
eɪ,eɪvoʊ,eɪveɪ,evo,eve
eɪ,eɪzoʊ,eɪzeɪ,ezo,eze
eɪ,eɪʃoʊ,eɪʃeɪ,eʃo,eʃe
eɪ,eɪʒoʊ,eɪʒeɪ,eʒo,eʒe
eɪ,eɪθoʊ,eɪθeɪ,eθo,eθe
eɪ,eɪðoʊ,eɪðeɪ,eðo,eðe
eɪ,eɪhoʊ,eɪheɪ,eho,ehe
u,umi,umu,umi,umu
u,uni,unu,uni,unu
u,upi,upu,upi,upu
u,uti,utu,uti,utu
u,uki,uku,uki,uku
u,ubi,ubu,ubi,ubu
u,udi,udu,udi,udu
u,ugi,ugu,ugi,ugu
u,ufi,ufu,ufi,ufu
u,usi,usu,usi,usu
u,uvi,uvu,uvi,uvu
u,uzi,uzu,uzi,uzu
u,uʃi,uʃu,uʃi,uʃu
u,uʒi,uʒu,uʒi,uʒu
u,uθi,uθu,uθi,uθu
u,uði,uðu,uði,uðu
u,uhi,uhu,uhi,uhu
u,umeɪ,umoʊ,ume,umo
u,uneɪ,unoʊ,une,uno
u,upeɪ,upoʊ,upe,upo
u,uteɪ,utoʊ,ute,uto
u,ukeɪ,ukoʊ,uke,uko
u,ubeɪ,uboʊ,ube,ubo
u,udeɪ,udoʊ,ude,udo
u,ugeɪ,ugoʊ,uge,ugo
u,ufeɪ,ufoʊ,ufe,ufo
u,useɪ,usoʊ,use,uso
u,uveɪ,uvoʊ,uve,uvo
u,uzeɪ,uzoʊ,uze,uzo
u,uʃeɪ,uʃoʊ,uʃe,uʃo
u,uʒeɪ,uʒoʊ,uʒe,uʒo
u,uθeɪ,uθoʊ,uθe,uθo
u,uðeɪ,uðoʊ,uðe,uðo
u,uheɪ,uhoʊ,uhe,uho
u,umu,umu,umu,umu
u,unu,unu,unu,unu
u,upu,upu,upu,upu
u,utu,utu,utu,utu
u,uku,uku,uku,uku
u,ubu,ubu,ubu,ubu
u,udu,udu,udu,udu
u,ugu,ugu,ugu,ugu
u,ufu,ufu,ufu,ufu
u,usu,usu,usu,usu
u,uvu,uvu,uvu,uvu
u,uzu,uzu,uzu,uzu
u,uʃu,uʃu,uʃu,uʃu
u,uʒu,uʒu,uʒu,uʒu
u,uθu,uθu,uθu,uθu
u,uðu,uðu,uðu,uðu
u,uhu,uhu,uhu,uhu
u,umoʊ,umoʊ,umo,umo
u,unoʊ,unoʊ,uno,uno
u,upoʊ,upoʊ,upo,upo
u,utoʊ,utoʊ,uto,uto
u,ukoʊ,ukoʊ,uko,uko
u,uboʊ,uboʊ,ubo,ubo
u,udoʊ,udoʊ,udo,udo
u,ugoʊ,ugoʊ,ugo,ugo
u,ufoʊ,ufoʊ,ufo,ufo
u,usoʊ,usoʊ,uso,uso
u,uvoʊ,uvoʊ,uvo,uvo
u,uzoʊ,uzoʊ,uzo,uzo
u,uʃoʊ,uʃoʊ,uʃo,uʃo
u,uʒoʊ,uʒoʊ,uʒo,uʒo
u,uθoʊ,uθoʊ,uθo,uθo
u,uðoʊ,uðoʊ,uðo,uðo
u,uhoʊ,uhoʊ,uho,uho
oʊ,oʊmi,oʊmu,omi,omu
oʊ,oʊni,oʊnu,oni,onu
oʊ,oʊpi,oʊpu,opi,opu
oʊ,oʊti,oʊtu,oti,otu
oʊ,oʊki,oʊku,oki,oku
oʊ,oʊbi,oʊbu,obi,obu
oʊ,oʊdi,oʊdu,odi,odu
oʊ,oʊgi,oʊgu,ogi,ogu
oʊ,oʊfi,oʊfu,ofi,ofu
oʊ,oʊsi,oʊsu,osi,osu
oʊ,oʊvi,oʊvu,ovi,ovu
oʊ,oʊzi,oʊzu,ozi,ozu
oʊ,oʊʃi,oʊʃu,oʃi,oʃu
oʊ,oʊʒi,oʊʒu,oʒi,oʒu
oʊ,oʊθi,oʊθu,oθi,oθu
oʊ,oʊði,oʊðu,oði,oðu
oʊ,oʊhi,oʊhu,ohi,ohu
oʊ,oʊmeɪ,oʊmoʊ,ome,omo
oʊ,oʊneɪ,oʊnoʊ,one,ono
oʊ,oʊpeɪ,oʊpoʊ,ope,opo
oʊ,oʊteɪ,oʊtoʊ,ote,oto
oʊ,oʊkeɪ,oʊkoʊ,oke,oko
oʊ,oʊbeɪ,oʊboʊ,obe,obo
oʊ,oʊdeɪ,oʊdoʊ,ode,odo
oʊ,oʊgeɪ,oʊgoʊ,oge,ogo
oʊ,oʊfeɪ,oʊfoʊ,ofe,ofo
oʊ,oʊseɪ,oʊsoʊ,ose,oso
oʊ,oʊveɪ,oʊvoʊ,ove,ovo
oʊ,oʊzeɪ,oʊzoʊ,oze,ozo
oʊ,oʊʃeɪ,oʊʃoʊ,oʃe,oʃo
oʊ,oʊʒeɪ,oʊʒoʊ,oʒe,oʒo
oʊ,oʊθeɪ,oʊθoʊ,oθe,oθo
oʊ,oʊðeɪ,oʊðoʊ,oðe,oðo
oʊ,oʊheɪ,oʊhoʊ,ohe,oho
oʊ,oʊmu,oʊmu,omu,omu
oʊ,oʊnu,oʊnu,onu,onu
oʊ,oʊpu,oʊpu,opu,opu
oʊ,oʊtu,oʊtu,otu,otu
oʊ,oʊku,oʊku,oku,oku
oʊ,oʊbu,oʊbu,obu,obu
oʊ,oʊdu,oʊdu,odu,odu
oʊ,oʊgu,oʊgu,ogu,ogu
oʊ,oʊfu,oʊfu,ofu,ofu
oʊ,oʊsu,oʊsu,osu,osu
oʊ,oʊvu,oʊvu,ovu,ovu
oʊ,oʊzu,oʊzu,ozu,ozu
oʊ,oʊʃu,oʊʃu,oʃu,oʃu
oʊ,oʊʒu,oʊʒu,oʒu,oʒu
oʊ,oʊθu,oʊθu,oθu,oθu
oʊ,oʊðu,oʊðu,oðu,oðu
oʊ,oʊhu,oʊhu,ohu,ohu
oʊ,oʊmoʊ,oʊmoʊ,omo,omo
oʊ,oʊnoʊ,oʊnoʊ,ono,ono
oʊ,oʊpoʊ,oʊpoʊ,opo,opo
oʊ,oʊtoʊ,oʊtoʊ,oto,oto
oʊ,oʊkoʊ,oʊkoʊ,oko,oko
oʊ,oʊboʊ,oʊboʊ,obo,obo
oʊ,oʊdoʊ,oʊdoʊ,odo,odo
oʊ,oʊgoʊ,oʊgoʊ,ogo,ogo
oʊ,oʊfoʊ,oʊfoʊ,ofo,ofo
oʊ,oʊsoʊ,oʊsoʊ,oso,oso
oʊ,oʊvoʊ,oʊvoʊ,ovo,ovo
oʊ,oʊzoʊ,oʊzoʊ,ozo,ozo
oʊ,oʊʃoʊ,oʊʃoʊ,oʃo,oʃo
oʊ,oʊʒoʊ,oʊʒoʊ,oʒo,oʒo
oʊ,oʊθoʊ,oʊθoʊ,oθo,oθo
oʊ,oʊðoʊ,oʊðoʊ,oðo,oðo
oʊ,oʊhoʊ,oʊhoʊ,oho,oho
i,imɪm,imɪm,imɪm,imɪm
i,imɪn,imɪn,imɪn,imɪn
i,imɪŋ,imɪŋ,imɪŋ,imɪŋ
i,imɪp,imɪp,imɪp,imɪp
i,imɪt,imɪt,imɪt,imɪt
i,imɪk,imɪk,imɪk,imɪk
i,imɪb,imɪb,imɪb,imɪb
i,imɪd,imɪd,imɪd,imɪd
i,imɪg,imɪg,imɪg,imɪg
i,imɪf,imɪf,imɪf,imɪf
i,imɪs,imɪs,imɪs,imɪs
i,imɪv,imɪv,imɪv,imɪv
i,imɪz,imɪz,imɪz,imɪz
i,imɪʃ,imɪʃ,imɪʃ,imɪʃ
i,imɪʒ,imɪʒ,imɪʒ,imɪʒ
i,imɪθ,imɪθ,imɪθ,imɪθ
i,imɪð,imɪð,imɪð,imɪð
i,inɪm,inɪm,inɪm,inɪm
i,inɪn,inɪn,inɪn,inɪn
i,inɪŋ,inɪŋ,inɪŋ,inɪŋ
i,inɪp,inɪp,inɪp,inɪp
i,inɪt,inɪt,inɪt,inɪt
i,inɪk,inɪk,inɪk,inɪk
i,inɪb,inɪb,inɪb,inɪb
i,inɪd,inɪd,inɪd,inɪd
i,inɪg,inɪg,inɪg,inɪg
i,inɪf,inɪf,inɪf,inɪf
i,inɪs,inɪs,inɪs,inɪs
i,inɪv,inɪv,inɪv,inɪv
i,inɪz,inɪz,inɪz,inɪz
i,inɪʃ,inɪʃ,inɪʃ,inɪʃ
i,inɪʒ,inɪʒ,inɪʒ,inɪʒ
i,inɪθ,inɪθ,inɪθ,inɪθ
i,inɪð,inɪð,inɪð,inɪð
i,ipɪm,ipɪm,ipɪm,ipɪm
i,ipɪn,ipɪn,ipɪn,ipɪn
i,ipɪŋ,ipɪŋ,ipɪŋ,ipɪŋ
i,ipɪp,ipɪp,ipɪp,ipɪp
i,ipɪt,ipɪt,ipɪt,ipɪt
i,ipɪk,ipɪk,ipɪk,ipɪk
i,ipɪb,ipɪb,ipɪb,ipɪb
i,ipɪd,ipɪd,ipɪd,ipɪd
i,ipɪg,ipɪg,ipɪg,ipɪg
i,ipɪf,ipɪf,ipɪf,ipɪf
i,ipɪs,ipɪs,ipɪs,ipɪs
i,ipɪv,ipɪv,ipɪv,ipɪv
i,ipɪz,ipɪz,ipɪz,ipɪz
i,ipɪʃ,ipɪʃ,ipɪʃ,ipɪʃ
i,ipɪʒ,ipɪʒ,ipɪʒ,ipɪʒ
i,ipɪθ,ipɪθ,ipɪθ,ipɪθ
i,ipɪð,ipɪð,ipɪð,ipɪð
i,itɪm,itɪm,itɪm,itɪm
i,itɪn,itɪn,itɪn,itɪn
i,itɪŋ,itɪŋ,itɪŋ,itɪŋ
i,itɪp,itɪp,itɪp,itɪp
i,itɪt,itɪt,itɪt,itɪt
i,itɪk,itɪk,itɪk,itɪk
i,itɪb,itɪb,itɪb,itɪb
i,itɪd,itɪd,itɪd,itɪd
i,itɪg,itɪg,itɪg,itɪg
i,itɪf,itɪf,itɪf,itɪf
i,itɪs,itɪs,itɪs,itɪs
i,itɪv,itɪv,itɪv,itɪv
i,itɪz,itɪz,itɪz,itɪz
i,itɪʃ,itɪʃ,itɪʃ,itɪʃ
i,itɪʒ,itɪʒ,itɪʒ,itɪʒ
i,itɪθ,itɪθ,itɪθ,itɪθ
i,itɪð,itɪð,itɪð,itɪð
i,ikɪm,ikɪm,ikɪm,ikɪm
i,ikɪn,ikɪn,ikɪn,ikɪn
i,ikɪŋ,ikɪŋ,ikɪŋ,ikɪŋ
i,ikɪp,ikɪp,ikɪp,ikɪp
i,ikɪt,ikɪt,ikɪt,ikɪt
i,ikɪk,ikɪk,ikɪk,ikɪk
i,ikɪb,ikɪb,ikɪb,ikɪb
i,ikɪd,ikɪd,ikɪd,ikɪd
i,ikɪg,ikɪg,ikɪg,ikɪg
i,ikɪf,ikɪf,ikɪf,ikɪf
i,ikɪs,ikɪs,ikɪs,ikɪs
i,ikɪv,ikɪv,ikɪv,ikɪv
i,ikɪz,ikɪz,ikɪz,ikɪz
i,ikɪʃ,ikɪʃ,ikɪʃ,ikɪʃ
i,ikɪʒ,ikɪʒ,ikɪʒ,ikɪʒ
i,ikɪθ,ikɪθ,ikɪθ,ikɪθ
i,ikɪð,ikɪð,ikɪð,ikɪð
i,ibɪm,ibɪm,ibɪm,ibɪm
i,ibɪn,ibɪn,ibɪn,ibɪn
i,ibɪŋ,ibɪŋ,ibɪŋ,ibɪŋ
i,ibɪp,ibɪp,ibɪp,ibɪp
i,ibɪt,ibɪt,ibɪt,ibɪt
i,ibɪk,ibɪk,ibɪk,ibɪk
i,ibɪb,ibɪb,ibɪb,ibɪb
i,ibɪd,ibɪd,ibɪd,ibɪd
i,ibɪg,ibɪg,ibɪg,ibɪg
i,ibɪf,ibɪf,ibɪf,ibɪf
i,ibɪs,ibɪs,ibɪs,ibɪs
i,ibɪv,ibɪv,ibɪv,ibɪv
i,ibɪz,ibɪz,ibɪz,ibɪz
i,ibɪʃ,ibɪʃ,ibɪʃ,ibɪʃ
i,ibɪʒ,ibɪʒ,ibɪʒ,ibɪʒ
i,ibɪθ,ibɪθ,ibɪθ,ibɪθ
i,ibɪð,ibɪð,ibɪð,ibɪð
i,idɪm,idɪm,idɪm,idɪm
i,idɪn,idɪn,idɪn,idɪn
i,idɪŋ,idɪŋ,idɪŋ,idɪŋ
i,idɪp,idɪp,idɪp,idɪp
i,idɪt,idɪt,idɪt,idɪt
i,idɪk,idɪk,idɪk,idɪk
i,idɪb,idɪb,idɪb,idɪb
i,idɪd,idɪd,idɪd,idɪd
i,idɪg,idɪg,idɪg,idɪg
i,idɪf,idɪf,idɪf,idɪf
i,idɪs,idɪs,idɪs,idɪs
i,idɪv,idɪv,idɪv,idɪv
i,idɪz,idɪz,idɪz,idɪz
i,idɪʃ,idɪʃ,idɪʃ,idɪʃ
i,idɪʒ,idɪʒ,idɪʒ,idɪʒ
i,idɪθ,idɪθ,idɪθ,idɪθ
i,idɪð,idɪð,idɪð,idɪð
i,igɪm,igɪm,igɪm,igɪm
i,igɪn,igɪn,igɪn,igɪn
i,igɪŋ,igɪŋ,igɪŋ,igɪŋ
i,igɪp,igɪp,igɪp,igɪp
i,igɪt,igɪt,igɪt,igɪt
i,igɪk,igɪk,igɪk,igɪk
i,igɪb,igɪb,igɪb,igɪb
i,igɪd,igɪd,igɪd,igɪd
i,igɪg,igɪg,igɪg,igɪg
i,igɪf,igɪf,igɪf,igɪf
i,igɪs,igɪs,igɪs,igɪs
i,igɪv,igɪv,igɪv,igɪv
i,igɪz,igɪz,igɪz,igɪz
i,igɪʃ,igɪʃ,igɪʃ,igɪʃ
i,igɪʒ,igɪʒ,igɪʒ,igɪʒ
i,igɪθ,igɪθ,igɪθ,igɪθ
i,igɪð,igɪð,igɪð,igɪð
i,ifɪm,ifɪm,ifɪm,ifɪm
i,ifɪn,ifɪn,ifɪn,ifɪn
i,ifɪŋ,ifɪŋ,ifɪŋ,ifɪŋ
i,ifɪp,ifɪp,ifɪp,ifɪp
i,ifɪt,ifɪt,ifɪt,ifɪt
i,ifɪk,ifɪk,ifɪk,ifɪk
i,ifɪb,ifɪb,ifɪb,ifɪb
i,ifɪd,ifɪd,ifɪd,ifɪd
i,ifɪg,ifɪg,ifɪg,ifɪg
i,ifɪf,ifɪf,ifɪf,ifɪf
i,ifɪs,ifɪs,ifɪs,ifɪs
i,ifɪv,ifɪv,ifɪv,ifɪv
i,ifɪz,ifɪz,ifɪz,ifɪz
i,ifɪʃ,ifɪʃ,ifɪʃ,ifɪʃ
i,ifɪʒ,ifɪʒ,ifɪʒ,ifɪʒ
i,ifɪθ,ifɪθ,ifɪθ,ifɪθ
i,ifɪð,ifɪð,ifɪð,ifɪð
i,isɪm,isɪm,isɪm,isɪm
i,isɪn,isɪn,isɪn,isɪn
i,isɪŋ,isɪŋ,isɪŋ,isɪŋ
i,isɪp,isɪp,isɪp,isɪp
i,isɪt,isɪt,isɪt,isɪt
i,isɪk,isɪk,isɪk,isɪk
i,isɪb,isɪb,isɪb,isɪb
i,isɪd,isɪd,isɪd,isɪd
i,isɪg,isɪg,isɪg,isɪg
i,isɪf,isɪf,isɪf,isɪf
i,isɪs,isɪs,isɪs,isɪs
i,isɪv,isɪv,isɪv,isɪv
i,isɪz,isɪz,isɪz,isɪz
i,isɪʃ,isɪʃ,isɪʃ,isɪʃ
i,isɪʒ,isɪʒ,isɪʒ,isɪʒ
i,isɪθ,isɪθ,isɪθ,isɪθ
i,isɪð,isɪð,isɪð,isɪð
i,ivɪm,ivɪm,ivɪm,ivɪm
i,ivɪn,ivɪn,ivɪn,ivɪn
i,ivɪŋ,ivɪŋ,ivɪŋ,ivɪŋ
i,ivɪp,ivɪp,ivɪp,ivɪp
i,ivɪt,ivɪt,ivɪt,ivɪt
i,ivɪk,ivɪk,ivɪk,ivɪk
i,ivɪb,ivɪb,ivɪb,ivɪb
i,ivɪd,ivɪd,ivɪd,ivɪd
i,ivɪg,ivɪg,ivɪg,ivɪg
i,ivɪf,ivɪf,ivɪf,ivɪf
i,ivɪs,ivɪs,ivɪs,ivɪs
i,ivɪv,ivɪv,ivɪv,ivɪv
i,ivɪz,ivɪz,ivɪz,ivɪz
i,ivɪʃ,ivɪʃ,ivɪʃ,ivɪʃ
i,ivɪʒ,ivɪʒ,ivɪʒ,ivɪʒ
i,ivɪθ,ivɪθ,ivɪθ,ivɪθ
i,ivɪð,ivɪð,ivɪð,ivɪð
i,izɪm,izɪm,izɪm,izɪm
i,izɪn,izɪn,izɪn,izɪn
i,izɪŋ,izɪŋ,izɪŋ,izɪŋ
i,izɪp,izɪp,izɪp,izɪp
i,izɪt,izɪt,izɪt,izɪt
i,izɪk,izɪk,izɪk,izɪk
i,izɪb,izɪb,izɪb,izɪb
i,izɪd,izɪd,izɪd,izɪd
i,izɪg,izɪg,izɪg,izɪg
i,izɪf,izɪf,izɪf,izɪf
i,izɪs,izɪs,izɪs,izɪs
i,izɪv,izɪv,izɪv,izɪv
i,izɪz,izɪz,izɪz,izɪz
i,izɪʃ,izɪʃ,izɪʃ,izɪʃ
i,izɪʒ,izɪʒ,izɪʒ,izɪʒ
i,izɪθ,izɪθ,izɪθ,izɪθ
i,izɪð,izɪð,izɪð,izɪð
i,iʃɪm,iʃɪm,iʃɪm,iʃɪm
i,iʃɪn,iʃɪn,iʃɪn,iʃɪn
i,iʃɪŋ,iʃɪŋ,iʃɪŋ,iʃɪŋ
i,iʃɪp,iʃɪp,iʃɪp,iʃɪp
i,iʃɪt,iʃɪt,iʃɪt,iʃɪt
i,iʃɪk,iʃɪk,iʃɪk,iʃɪk
i,iʃɪb,iʃɪb,iʃɪb,iʃɪb
i,iʃɪd,iʃɪd,iʃɪd,iʃɪd
i,iʃɪg,iʃɪg,iʃɪg,iʃɪg
i,iʃɪf,iʃɪf,iʃɪf,iʃɪf
i,iʃɪs,iʃɪs,iʃɪs,iʃɪs
i,iʃɪv,iʃɪv,iʃɪv,iʃɪv
i,iʃɪz,iʃɪz,iʃɪz,iʃɪz
i,iʃɪʃ,iʃɪʃ,iʃɪʃ,iʃɪʃ
i,iʃɪʒ,iʃɪʒ,iʃɪʒ,iʃɪʒ
i,iʃɪθ,iʃɪθ,iʃɪθ,iʃɪθ
i,iʃɪð,iʃɪð,iʃɪð,iʃɪð
i,iʒɪm,iʒɪm,iʒɪm,iʒɪm
i,iʒɪn,iʒɪn,iʒɪn,iʒɪn
i,iʒɪŋ,iʒɪŋ,iʒɪŋ,iʒɪŋ
i,iʒɪp,iʒɪp,iʒɪp,iʒɪp
i,iʒɪt,iʒɪt,iʒɪt,iʒɪt
i,iʒɪk,iʒɪk,iʒɪk,iʒɪk
i,iʒɪb,iʒɪb,iʒɪb,iʒɪb
i,iʒɪd,iʒɪd,iʒɪd,iʒɪd
i,iʒɪg,iʒɪg,iʒɪg,iʒɪg
i,iʒɪf,iʒɪf,iʒɪf,iʒɪf
i,iʒɪs,iʒɪs,iʒɪs,iʒɪs
i,iʒɪv,iʒɪv,iʒɪv,iʒɪv
i,iʒɪz,iʒɪz,iʒɪz,iʒɪz
i,iʒɪʃ,iʒɪʃ,iʒɪʃ,iʒɪʃ
i,iʒɪʒ,iʒɪʒ,iʒɪʒ,iʒɪʒ
i,iʒɪθ,iʒɪθ,iʒɪθ,iʒɪθ
i,iʒɪð,iʒɪð,iʒɪð,iʒɪð
i,iθɪm,iθɪm,iθɪm,iθɪm
i,iθɪn,iθɪn,iθɪn,iθɪn
i,iθɪŋ,iθɪŋ,iθɪŋ,iθɪŋ
i,iθɪp,iθɪp,iθɪp,iθɪp
i,iθɪt,iθɪt,iθɪt,iθɪt
i,iθɪk,iθɪk,iθɪk,iθɪk
i,iθɪb,iθɪb,iθɪb,iθɪb
i,iθɪd,iθɪd,iθɪd,iθɪd
i,iθɪg,iθɪg,iθɪg,iθɪg
i,iθɪf,iθɪf,iθɪf,iθɪf
i,iθɪs,iθɪs,iθɪs,iθɪs
i,iθɪv,iθɪv,iθɪv,iθɪv
i,iθɪz,iθɪz,iθɪz,iθɪz
i,iθɪʃ,iθɪʃ,iθɪʃ,iθɪʃ
i,iθɪʒ,iθɪʒ,iθɪʒ,iθɪʒ
i,iθɪθ,iθɪθ,iθɪθ,iθɪθ
i,iθɪð,iθɪð,iθɪð,iθɪð
i,iðɪm,iðɪm,iðɪm,iðɪm
i,iðɪn,iðɪn,iðɪn,iðɪn
i,iðɪŋ,iðɪŋ,iðɪŋ,iðɪŋ
i,iðɪp,iðɪp,iðɪp,iðɪp
i,iðɪt,iðɪt,iðɪt,iðɪt
i,iðɪk,iðɪk,iðɪk,iðɪk
i,iðɪb,iðɪb,iðɪb,iðɪb
i,iðɪd,iðɪd,iðɪd,iðɪd
i,iðɪg,iðɪg,iðɪg,iðɪg
i,iðɪf,iðɪf,iðɪf,iðɪf
i,iðɪs,iðɪs,iðɪs,iðɪs
i,iðɪv,iðɪv,iðɪv,iðɪv
i,iðɪz,iðɪz,iðɪz,iðɪz
i,iðɪʃ,iðɪʃ,iðɪʃ,iðɪʃ
i,iðɪʒ,iðɪʒ,iðɪʒ,iðɪʒ
i,iðɪθ,iðɪθ,iðɪθ,iðɪθ
i,iðɪð,iðɪð,iðɪð,iðɪð
i,ihɪm,ihɪm,ihɪm,ihɪm
i,ihɪn,ihɪn,ihɪn,ihɪn
i,ihɪŋ,ihɪŋ,ihɪŋ,ihɪŋ
i,ihɪp,ihɪp,ihɪp,ihɪp
i,ihɪt,ihɪt,ihɪt,ihɪt
i,ihɪk,ihɪk,ihɪk,ihɪk
i,ihɪb,ihɪb,ihɪb,ihɪb
i,ihɪd,ihɪd,ihɪd,ihɪd
i,ihɪg,ihɪg,ihɪg,ihɪg
i,ihɪf,ihɪf,ihɪf,ihɪf
i,ihɪs,ihɪs,ihɪs,ihɪs
i,ihɪv,ihɪv,ihɪv,ihɪv
i,ihɪz,ihɪz,ihɪz,ihɪz
i,ihɪʃ,ihɪʃ,ihɪʃ,ihɪʃ
i,ihɪʒ,ihɪʒ,ihɪʒ,ihɪʒ
i,ihɪθ,ihɪθ,ihɪθ,ihɪθ
i,ihɪð,ihɪð,ihɪð,ihɪð
i,imɛm,imɛm,imɛm,imɛm
i,imɛn,imɛn,imɛn,imɛn
i,imɛŋ,imɛŋ,imɛŋ,imɛŋ
i,imɛp,imɛp,imɛp,imɛp
i,imɛt,imɛt,imɛt,imɛt
i,imɛk,imɛk,imɛk,imɛk
i,imɛb,imɛb,imɛb,imɛb
i,imɛd,imɛd,imɛd,imɛd
i,imɛg,imɛg,imɛg,imɛg
i,imɛf,imɛf,imɛf,imɛf
i,imɛs,imɛs,imɛs,imɛs
i,imɛv,imɛv,imɛv,imɛv
i,imɛz,imɛz,imɛz,imɛz
i,imɛʃ,imɛʃ,imɛʃ,imɛʃ
i,imɛʒ,imɛʒ,imɛʒ,imɛʒ
i,imɛθ,imɛθ,imɛθ,imɛθ
i,imɛð,imɛð,imɛð,imɛð
i,inɛm,inɛm,inɛm,inɛm
i,inɛn,inɛn,inɛn,inɛn
i,inɛŋ,inɛŋ,inɛŋ,inɛŋ
i,inɛp,inɛp,inɛp,inɛp
i,inɛt,inɛt,inɛt,inɛt
i,inɛk,inɛk,inɛk,inɛk
i,inɛb,inɛb,inɛb,inɛb
i,inɛd,inɛd,inɛd,inɛd
i,inɛg,inɛg,inɛg,inɛg
i,inɛf,inɛf,inɛf,inɛf
i,inɛs,inɛs,inɛs,inɛs
i,inɛv,inɛv,inɛv,inɛv
i,inɛz,inɛz,inɛz,inɛz
i,inɛʃ,inɛʃ,inɛʃ,inɛʃ
i,inɛʒ,inɛʒ,inɛʒ,inɛʒ
i,inɛθ,inɛθ,inɛθ,inɛθ
i,inɛð,inɛð,inɛð,inɛð
i,ipɛm,ipɛm,ipɛm,ipɛm
i,ipɛn,ipɛn,ipɛn,ipɛn
i,ipɛŋ,ipɛŋ,ipɛŋ,ipɛŋ
i,ipɛp,ipɛp,ipɛp,ipɛp
i,ipɛt,ipɛt,ipɛt,ipɛt
i,ipɛk,ipɛk,ipɛk,ipɛk
i,ipɛb,ipɛb,ipɛb,ipɛb
i,ipɛd,ipɛd,ipɛd,ipɛd
i,ipɛg,ipɛg,ipɛg,ipɛg
i,ipɛf,ipɛf,ipɛf,ipɛf
i,ipɛs,ipɛs,ipɛs,ipɛs
i,ipɛv,ipɛv,ipɛv,ipɛv
i,ipɛz,ipɛz,ipɛz,ipɛz
i,ipɛʃ,ipɛʃ,ipɛʃ,ipɛʃ
i,ipɛʒ,ipɛʒ,ipɛʒ,ipɛʒ
i,ipɛθ,ipɛθ,ipɛθ,ipɛθ
i,ipɛð,ipɛð,ipɛð,ipɛð
i,itɛm,itɛm,itɛm,itɛm
i,itɛn,itɛn,itɛn,itɛn
i,itɛŋ,itɛŋ,itɛŋ,itɛŋ
i,itɛp,itɛp,itɛp,itɛp
i,itɛt,itɛt,itɛt,itɛt
i,itɛk,itɛk,itɛk,itɛk
i,itɛb,itɛb,itɛb,itɛb
i,itɛd,itɛd,itɛd,itɛd
i,itɛg,itɛg,itɛg,itɛg
i,itɛf,itɛf,itɛf,itɛf
i,itɛs,itɛs,itɛs,itɛs
i,itɛv,itɛv,itɛv,itɛv
i,itɛz,itɛz,itɛz,itɛz
i,itɛʃ,itɛʃ,itɛʃ,itɛʃ
i,itɛʒ,itɛʒ,itɛʒ,itɛʒ
i,itɛθ,itɛθ,itɛθ,itɛθ
i,itɛð,itɛð,itɛð,itɛð
i,ikɛm,ikɛm,ikɛm,ikɛm
i,ikɛn,ikɛn,ikɛn,ikɛn
i,ikɛŋ,ikɛŋ,ikɛŋ,ikɛŋ
i,ikɛp,ikɛp,ikɛp,ikɛp
i,ikɛt,ikɛt,ikɛt,ikɛt
i,ikɛk,ikɛk,ikɛk,ikɛk
i,ikɛb,ikɛb,ikɛb,ikɛb
i,ikɛd,ikɛd,ikɛd,ikɛd
i,ikɛg,ikɛg,ikɛg,ikɛg
i,ikɛf,ikɛf,ikɛf,ikɛf
i,ikɛs,ikɛs,ikɛs,ikɛs
i,ikɛv,ikɛv,ikɛv,ikɛv
i,ikɛz,ikɛz,ikɛz,ikɛz
i,ikɛʃ,ikɛʃ,ikɛʃ,ikɛʃ
i,ikɛʒ,ikɛʒ,ikɛʒ,ikɛʒ
i,ikɛθ,ikɛθ,ikɛθ,ikɛθ
i,ikɛð,ikɛð,ikɛð,ikɛð
i,ibɛm,ibɛm,ibɛm,ibɛm
i,ibɛn,ibɛn,ibɛn,ibɛn
i,ibɛŋ,ibɛŋ,ibɛŋ,ibɛŋ
i,ibɛp,ibɛp,ibɛp,ibɛp
i,ibɛt,ibɛt,ibɛt,ibɛt
i,ibɛk,ibɛk,ibɛk,ibɛk
i,ibɛb,ibɛb,ibɛb,ibɛb
i,ibɛd,ibɛd,ibɛd,ibɛd
i,ibɛg,ibɛg,ibɛg,ibɛg
i,ibɛf,ibɛf,ibɛf,ibɛf
i,ibɛs,ibɛs,ibɛs,ibɛs
i,ibɛv,ibɛv,ibɛv,ibɛv
i,ibɛz,ibɛz,ibɛz,ibɛz
i,ibɛʃ,ibɛʃ,ibɛʃ,ibɛʃ
i,ibɛʒ,ibɛʒ,ibɛʒ,ibɛʒ
i,ibɛθ,ibɛθ,ibɛθ,ibɛθ
i,ibɛð,ibɛð,ibɛð,ibɛð
i,idɛm,idɛm,idɛm,idɛm
i,idɛn,idɛn,idɛn,idɛn
i,idɛŋ,idɛŋ,idɛŋ,idɛŋ
i,idɛp,idɛp,idɛp,idɛp
i,idɛt,idɛt,idɛt,idɛt
i,idɛk,idɛk,idɛk,idɛk
i,idɛb,idɛb,idɛb,idɛb
i,idɛd,idɛd,idɛd,idɛd
i,idɛg,idɛg,idɛg,idɛg
i,idɛf,idɛf,idɛf,idɛf
i,idɛs,idɛs,idɛs,idɛs
i,idɛv,idɛv,idɛv,idɛv
i,idɛz,idɛz,idɛz,idɛz
i,idɛʃ,idɛʃ,idɛʃ,idɛʃ
i,idɛʒ,idɛʒ,idɛʒ,idɛʒ
i,idɛθ,idɛθ,idɛθ,idɛθ
i,idɛð,idɛð,idɛð,idɛð
i,igɛm,igɛm,igɛm,igɛm
i,igɛn,igɛn,igɛn,igɛn
i,igɛŋ,igɛŋ,igɛŋ,igɛŋ
i,igɛp,igɛp,igɛp,igɛp
i,igɛt,igɛt,igɛt,igɛt
i,igɛk,igɛk,igɛk,igɛk
i,igɛb,igɛb,igɛb,igɛb
i,igɛd,igɛd,igɛd,igɛd
i,igɛg,igɛg,igɛg,igɛg
i,igɛf,igɛf,igɛf,igɛf
i,igɛs,igɛs,igɛs,igɛs
i,igɛv,igɛv,igɛv,igɛv
i,igɛz,igɛz,igɛz,igɛz
i,igɛʃ,igɛʃ,igɛʃ,igɛʃ
i,igɛʒ,igɛʒ,igɛʒ,igɛʒ
i,igɛθ,igɛθ,igɛθ,igɛθ
i,igɛð,igɛð,igɛð,igɛð
i,ifɛm,ifɛm,ifɛm,ifɛm
i,ifɛn,ifɛn,ifɛn,ifɛn
i,ifɛŋ,ifɛŋ,ifɛŋ,ifɛŋ
i,ifɛp,ifɛp,ifɛp,ifɛp
i,ifɛt,ifɛt,ifɛt,ifɛt
i,ifɛk,ifɛk,ifɛk,ifɛk
i,ifɛb,ifɛb,ifɛb,ifɛb
i,ifɛd,ifɛd,ifɛd,ifɛd
i,ifɛg,ifɛg,ifɛg,ifɛg
i,ifɛf,ifɛf,ifɛf,ifɛf
i,ifɛs,ifɛs,ifɛs,ifɛs
i,ifɛv,ifɛv,ifɛv,ifɛv
i,ifɛz,ifɛz,ifɛz,ifɛz
i,ifɛʃ,ifɛʃ,ifɛʃ,ifɛʃ
i,ifɛʒ,ifɛʒ,ifɛʒ,ifɛʒ
i,ifɛθ,ifɛθ,ifɛθ,ifɛθ
i,ifɛð,ifɛð,ifɛð,ifɛð
i,isɛm,isɛm,isɛm,isɛm
i,isɛn,isɛn,isɛn,isɛn
i,isɛŋ,isɛŋ,isɛŋ,isɛŋ
i,isɛp,isɛp,isɛp,isɛp
i,isɛt,isɛt,isɛt,isɛt
i,isɛk,isɛk,isɛk,isɛk
i,isɛb,isɛb,isɛb,isɛb
i,isɛd,isɛd,isɛd,isɛd
i,isɛg,isɛg,isɛg,isɛg
i,isɛf,isɛf,isɛf,isɛf
i,isɛs,isɛs,isɛs,isɛs
i,isɛv,isɛv,isɛv,isɛv
i,isɛz,isɛz,isɛz,isɛz
i,isɛʃ,isɛʃ,isɛʃ,isɛʃ
i,isɛʒ,isɛʒ,isɛʒ,isɛʒ
i,isɛθ,isɛθ,isɛθ,isɛθ
i,isɛð,isɛð,isɛð,isɛð
i,ivɛm,ivɛm,ivɛm,ivɛm
i,ivɛn,ivɛn,ivɛn,ivɛn
i,ivɛŋ,ivɛŋ,ivɛŋ,ivɛŋ
i,ivɛp,ivɛp,ivɛp,ivɛp
i,ivɛt,ivɛt,ivɛt,ivɛt
i,ivɛk,ivɛk,ivɛk,ivɛk
i,ivɛb,ivɛb,ivɛb,ivɛb
i,ivɛd,ivɛd,ivɛd,ivɛd
i,ivɛg,ivɛg,ivɛg,ivɛg
i,ivɛf,ivɛf,ivɛf,ivɛf
i,ivɛs,ivɛs,ivɛs,ivɛs
i,ivɛv,ivɛv,ivɛv,ivɛv
i,ivɛz,ivɛz,ivɛz,ivɛz
i,ivɛʃ,ivɛʃ,ivɛʃ,ivɛʃ
i,ivɛʒ,ivɛʒ,ivɛʒ,ivɛʒ
i,ivɛθ,ivɛθ,ivɛθ,ivɛθ
i,ivɛð,ivɛð,ivɛð,ivɛð
i,izɛm,izɛm,izɛm,izɛm
i,izɛn,izɛn,izɛn,izɛn
i,izɛŋ,izɛŋ,izɛŋ,izɛŋ
i,izɛp,izɛp,izɛp,izɛp
i,izɛt,izɛt,izɛt,izɛt
i,izɛk,izɛk,izɛk,izɛk
i,izɛb,izɛb,izɛb,izɛb
i,izɛd,izɛd,izɛd,izɛd
i,izɛg,izɛg,izɛg,izɛg
i,izɛf,izɛf,izɛf,izɛf
i,izɛs,izɛs,izɛs,izɛs
i,izɛv,izɛv,izɛv,izɛv
i,izɛz,izɛz,izɛz,izɛz
i,izɛʃ,izɛʃ,izɛʃ,izɛʃ
i,izɛʒ,izɛʒ,izɛʒ,izɛʒ
i,izɛθ,izɛθ,izɛθ,izɛθ
i,izɛð,izɛð,izɛð,izɛð
i,iʃɛm,iʃɛm,iʃɛm,iʃɛm
i,iʃɛn,iʃɛn,iʃɛn,iʃɛn
i,iʃɛŋ,iʃɛŋ,iʃɛŋ,iʃɛŋ
i,iʃɛp,iʃɛp,iʃɛp,iʃɛp
i,iʃɛt,iʃɛt,iʃɛt,iʃɛt
i,iʃɛk,iʃɛk,iʃɛk,iʃɛk
i,iʃɛb,iʃɛb,iʃɛb,iʃɛb
i,iʃɛd,iʃɛd,iʃɛd,iʃɛd
i,iʃɛg,iʃɛg,iʃɛg,iʃɛg
i,iʃɛf,iʃɛf,iʃɛf,iʃɛf
i,iʃɛs,iʃɛs,iʃɛs,iʃɛs
i,iʃɛv,iʃɛv,iʃɛv,iʃɛv
i,iʃɛz,iʃɛz,iʃɛz,iʃɛz
i,iʃɛʃ,iʃɛʃ,iʃɛʃ,iʃɛʃ
i,iʃɛʒ,iʃɛʒ,iʃɛʒ,iʃɛʒ
i,iʃɛθ,iʃɛθ,iʃɛθ,iʃɛθ
i,iʃɛð,iʃɛð,iʃɛð,iʃɛð
i,iʒɛm,iʒɛm,iʒɛm,iʒɛm
i,iʒɛn,iʒɛn,iʒɛn,iʒɛn
i,iʒɛŋ,iʒɛŋ,iʒɛŋ,iʒɛŋ
i,iʒɛp,iʒɛp,iʒɛp,iʒɛp
i,iʒɛt,iʒɛt,iʒɛt,iʒɛt
i,iʒɛk,iʒɛk,iʒɛk,iʒɛk
i,iʒɛb,iʒɛb,iʒɛb,iʒɛb
i,iʒɛd,iʒɛd,iʒɛd,iʒɛd
i,iʒɛg,iʒɛg,iʒɛg,iʒɛg
i,iʒɛf,iʒɛf,iʒɛf,iʒɛf
i,iʒɛs,iʒɛs,iʒɛs,iʒɛs
i,iʒɛv,iʒɛv,iʒɛv,iʒɛv
i,iʒɛz,iʒɛz,iʒɛz,iʒɛz
i,iʒɛʃ,iʒɛʃ,iʒɛʃ,iʒɛʃ
i,iʒɛʒ,iʒɛʒ,iʒɛʒ,iʒɛʒ
i,iʒɛθ,iʒɛθ,iʒɛθ,iʒɛθ
i,iʒɛð,iʒɛð,iʒɛð,iʒɛð
i,iθɛm,iθɛm,iθɛm,iθɛm
i,iθɛn,iθɛn,iθɛn,iθɛn
i,iθɛŋ,iθɛŋ,iθɛŋ,iθɛŋ
i,iθɛp,iθɛp,iθɛp,iθɛp
i,iθɛt,iθɛt,iθɛt,iθɛt
i,iθɛk,iθɛk,iθɛk,iθɛk
i,iθɛb,iθɛb,iθɛb,iθɛb
i,iθɛd,iθɛd,iθɛd,iθɛd
i,iθɛg,iθɛg,iθɛg,iθɛg
i,iθɛf,iθɛf,iθɛf,iθɛf
i,iθɛs,iθɛs,iθɛs,iθɛs
i,iθɛv,iθɛv,iθɛv,iθɛv
i,iθɛz,iθɛz,iθɛz,iθɛz
i,iθɛʃ,iθɛʃ,iθɛʃ,iθɛʃ
i,iθɛʒ,iθɛʒ,iθɛʒ,iθɛʒ
i,iθɛθ,iθɛθ,iθɛθ,iθɛθ
i,iθɛð,iθɛð,iθɛð,iθɛð
i,iðɛm,iðɛm,iðɛm,iðɛm
i,iðɛn,iðɛn,iðɛn,iðɛn
i,iðɛŋ,iðɛŋ,iðɛŋ,iðɛŋ
i,iðɛp,iðɛp,iðɛp,iðɛp
i,iðɛt,iðɛt,iðɛt,iðɛt
i,iðɛk,iðɛk,iðɛk,iðɛk
i,iðɛb,iðɛb,iðɛb,iðɛb
i,iðɛd,iðɛd,iðɛd,iðɛd
i,iðɛg,iðɛg,iðɛg,iðɛg
i,iðɛf,iðɛf,iðɛf,iðɛf
i,iðɛs,iðɛs,iðɛs,iðɛs
i,iðɛv,iðɛv,iðɛv,iðɛv
i,iðɛz,iðɛz,iðɛz,iðɛz
i,iðɛʃ,iðɛʃ,iðɛʃ,iðɛʃ
i,iðɛʒ,iðɛʒ,iðɛʒ,iðɛʒ
i,iðɛθ,iðɛθ,iðɛθ,iðɛθ
i,iðɛð,iðɛð,iðɛð,iðɛð
i,ihɛm,ihɛm,ihɛm,ihɛm
i,ihɛn,ihɛn,ihɛn,ihɛn
i,ihɛŋ,ihɛŋ,ihɛŋ,ihɛŋ
i,ihɛp,ihɛp,ihɛp,ihɛp
i,ihɛt,ihɛt,ihɛt,ihɛt
i,ihɛk,ihɛk,ihɛk,ihɛk
i,ihɛb,ihɛb,ihɛb,ihɛb
i,ihɛd,ihɛd,ihɛd,ihɛd
i,ihɛg,ihɛg,ihɛg,ihɛg
i,ihɛf,ihɛf,ihɛf,ihɛf
i,ihɛs,ihɛs,ihɛs,ihɛs
i,ihɛv,ihɛv,ihɛv,ihɛv
i,ihɛz,ihɛz,ihɛz,ihɛz
i,ihɛʃ,ihɛʃ,ihɛʃ,ihɛʃ
i,ihɛʒ,ihɛʒ,ihɛʒ,ihɛʒ
i,ihɛθ,ihɛθ,ihɛθ,ihɛθ
i,ihɛð,ihɛð,ihɛð,ihɛð
i,imʊm,imɪm,imʊm,imɪm
i,imʊn,imɪn,imʊn,imɪn
i,imʊŋ,imɪŋ,imʊŋ,imɪŋ
i,imʊp,imɪp,imʊp,imɪp
i,imʊt,imɪt,imʊt,imɪt
i,imʊk,imɪk,imʊk,imɪk
i,imʊb,imɪb,imʊb,imɪb
i,imʊd,imɪd,imʊd,imɪd
i,imʊg,imɪg,imʊg,imɪg
i,imʊf,imɪf,imʊf,imɪf
i,imʊs,imɪs,imʊs,imɪs
i,imʊv,imɪv,imʊv,imɪv
i,imʊz,imɪz,imʊz,imɪz
i,imʊʃ,imɪʃ,imʊʃ,imɪʃ
i,imʊʒ,imɪʒ,imʊʒ,imɪʒ
i,imʊθ,imɪθ,imʊθ,imɪθ
i,imʊð,imɪð,imʊð,imɪð
i,inʊm,inɪm,inʊm,inɪm
i,inʊn,inɪn,inʊn,inɪn
i,inʊŋ,inɪŋ,inʊŋ,inɪŋ
i,inʊp,inɪp,inʊp,inɪp
i,inʊt,inɪt,inʊt,inɪt
i,inʊk,inɪk,inʊk,inɪk
i,inʊb,inɪb,inʊb,inɪb
i,inʊd,inɪd,inʊd,inɪd
i,inʊg,inɪg,inʊg,inɪg
i,inʊf,inɪf,inʊf,inɪf
i,inʊs,inɪs,inʊs,inɪs
i,inʊv,inɪv,inʊv,inɪv
i,inʊz,inɪz,inʊz,inɪz
i,inʊʃ,inɪʃ,inʊʃ,inɪʃ
i,inʊʒ,inɪʒ,inʊʒ,inɪʒ
i,inʊθ,inɪθ,inʊθ,inɪθ
i,inʊð,inɪð,inʊð,inɪð
i,ipʊm,ipɪm,ipʊm,ipɪm
i,ipʊn,ipɪn,ipʊn,ipɪn
i,ipʊŋ,ipɪŋ,ipʊŋ,ipɪŋ
i,ipʊp,ipɪp,ipʊp,ipɪp
i,ipʊt,ipɪt,ipʊt,ipɪt
i,ipʊk,ipɪk,ipʊk,ipɪk
i,ipʊb,ipɪb,ipʊb,ipɪb
i,ipʊd,ipɪd,ipʊd,ipɪd
i,ipʊg,ipɪg,ipʊg,ipɪg
i,ipʊf,ipɪf,ipʊf,ipɪf
i,ipʊs,ipɪs,ipʊs,ipɪs
i,ipʊv,ipɪv,ipʊv,ipɪv
i,ipʊz,ipɪz,ipʊz,ipɪz
i,ipʊʃ,ipɪʃ,ipʊʃ,ipɪʃ
i,ipʊʒ,ipɪʒ,ipʊʒ,ipɪʒ
i,ipʊθ,ipɪθ,ipʊθ,ipɪθ
i,ipʊð,ipɪð,ipʊð,ipɪð
i,itʊm,itɪm,itʊm,itɪm
i,itʊn,itɪn,itʊn,itɪn
i,itʊŋ,itɪŋ,itʊŋ,itɪŋ
i,itʊp,itɪp,itʊp,itɪp
i,itʊt,itɪt,itʊt,itɪt
i,itʊk,itɪk,itʊk,itɪk
i,itʊb,itɪb,itʊb,itɪb
i,itʊd,itɪd,itʊd,itɪd
i,itʊg,itɪg,itʊg,itɪg
i,itʊf,itɪf,itʊf,itɪf
i,itʊs,itɪs,itʊs,itɪs
i,itʊv,itɪv,itʊv,itɪv
i,itʊz,itɪz,itʊz,itɪz
i,itʊʃ,itɪʃ,itʊʃ,itɪʃ
i,itʊʒ,itɪʒ,itʊʒ,itɪʒ
i,itʊθ,itɪθ,itʊθ,itɪθ
i,itʊð,itɪð,itʊð,itɪð
i,ikʊm,ikɪm,ikʊm,ikɪm
i,ikʊn,ikɪn,ikʊn,ikɪn
i,ikʊŋ,ikɪŋ,ikʊŋ,ikɪŋ
i,ikʊp,ikɪp,ikʊp,ikɪp
i,ikʊt,ikɪt,ikʊt,ikɪt
i,ikʊk,ikɪk,ikʊk,ikɪk
i,ikʊb,ikɪb,ikʊb,ikɪb
i,ikʊd,ikɪd,ikʊd,ikɪd
i,ikʊg,ikɪg,ikʊg,ikɪg
i,ikʊf,ikɪf,ikʊf,ikɪf
i,ikʊs,ikɪs,ikʊs,ikɪs
i,ikʊv,ikɪv,ikʊv,ikɪv
i,ikʊz,ikɪz,ikʊz,ikɪz
i,ikʊʃ,ikɪʃ,ikʊʃ,ikɪʃ
i,ikʊʒ,ikɪʒ,ikʊʒ,ikɪʒ
i,ikʊθ,ikɪθ,ikʊθ,ikɪθ
i,ikʊð,ikɪð,ikʊð,ikɪð
i,ibʊm,ibɪm,ibʊm,ibɪm
i,ibʊn,ibɪn,ibʊn,ibɪn
i,ibʊŋ,ibɪŋ,ibʊŋ,ibɪŋ
i,ibʊp,ibɪp,ibʊp,ibɪp
i,ibʊt,ibɪt,ibʊt,ibɪt
i,ibʊk,ibɪk,ibʊk,ibɪk
i,ibʊb,ibɪb,ibʊb,ibɪb
i,ibʊd,ibɪd,ibʊd,ibɪd
i,ibʊg,ibɪg,ibʊg,ibɪg
i,ibʊf,ibɪf,ibʊf,ibɪf
i,ibʊs,ibɪs,ibʊs,ibɪs
i,ibʊv,ibɪv,ibʊv,ibɪv
i,ibʊz,ibɪz,ibʊz,ibɪz
i,ibʊʃ,ibɪʃ,ibʊʃ,ibɪʃ
i,ibʊʒ,ibɪʒ,ibʊʒ,ibɪʒ
i,ibʊθ,ibɪθ,ibʊθ,ibɪθ
i,ibʊð,ibɪð,ibʊð,ibɪð
i,idʊm,idɪm,idʊm,idɪm
i,idʊn,idɪn,idʊn,idɪn
i,idʊŋ,idɪŋ,idʊŋ,idɪŋ
i,idʊp,idɪp,idʊp,idɪp
i,idʊt,idɪt,idʊt,idɪt
i,idʊk,idɪk,idʊk,idɪk
i,idʊb,idɪb,idʊb,idɪb
i,idʊd,idɪd,idʊd,idɪd
i,idʊg,idɪg,idʊg,idɪg
i,idʊf,idɪf,idʊf,idɪf
i,idʊs,idɪs,idʊs,idɪs
i,idʊv,idɪv,idʊv,idɪv
i,idʊz,idɪz,idʊz,idɪz
i,idʊʃ,idɪʃ,idʊʃ,idɪʃ
i,idʊʒ,idɪʒ,idʊʒ,idɪʒ
i,idʊθ,idɪθ,idʊθ,idɪθ
i,idʊð,idɪð,idʊð,idɪð
i,igʊm,igɪm,igʊm,igɪm
i,igʊn,igɪn,igʊn,igɪn
i,igʊŋ,igɪŋ,igʊŋ,igɪŋ
i,igʊp,igɪp,igʊp,igɪp
i,igʊt,igɪt,igʊt,igɪt
i,igʊk,igɪk,igʊk,igɪk
i,igʊb,igɪb,igʊb,igɪb
i,igʊd,igɪd,igʊd,igɪd
i,igʊg,igɪg,igʊg,igɪg
i,igʊf,igɪf,igʊf,igɪf
i,igʊs,igɪs,igʊs,igɪs
i,igʊv,igɪv,igʊv,igɪv
i,igʊz,igɪz,igʊz,igɪz
i,igʊʃ,igɪʃ,igʊʃ,igɪʃ
i,igʊʒ,igɪʒ,igʊʒ,igɪʒ
i,igʊθ,igɪθ,igʊθ,igɪθ
i,igʊð,igɪð,igʊð,igɪð
i,ifʊm,ifɪm,ifʊm,ifɪm
i,ifʊn,ifɪn,ifʊn,ifɪn
i,ifʊŋ,ifɪŋ,ifʊŋ,ifɪŋ
i,ifʊp,ifɪp,ifʊp,ifɪp
i,ifʊt,ifɪt,ifʊt,ifɪt
i,ifʊk,ifɪk,ifʊk,ifɪk
i,ifʊb,ifɪb,ifʊb,ifɪb
i,ifʊd,ifɪd,ifʊd,ifɪd
i,ifʊg,ifɪg,ifʊg,ifɪg
i,ifʊf,ifɪf,ifʊf,ifɪf
i,ifʊs,ifɪs,ifʊs,ifɪs
i,ifʊv,ifɪv,ifʊv,ifɪv
i,ifʊz,ifɪz,ifʊz,ifɪz
i,ifʊʃ,ifɪʃ,ifʊʃ,ifɪʃ
i,ifʊʒ,ifɪʒ,ifʊʒ,ifɪʒ
i,ifʊθ,ifɪθ,ifʊθ,ifɪθ
i,ifʊð,ifɪð,ifʊð,ifɪð
i,isʊm,isɪm,isʊm,isɪm
i,isʊn,isɪn,isʊn,isɪn
i,isʊŋ,isɪŋ,isʊŋ,isɪŋ
i,isʊp,isɪp,isʊp,isɪp
i,isʊt,isɪt,isʊt,isɪt
i,isʊk,isɪk,isʊk,isɪk
i,isʊb,isɪb,isʊb,isɪb
i,isʊd,isɪd,isʊd,isɪd
i,isʊg,isɪg,isʊg,isɪg
i,isʊf,isɪf,isʊf,isɪf
i,isʊs,isɪs,isʊs,isɪs
i,isʊv,isɪv,isʊv,isɪv
i,isʊz,isɪz,isʊz,isɪz
i,isʊʃ,isɪʃ,isʊʃ,isɪʃ
i,isʊʒ,isɪʒ,isʊʒ,isɪʒ
i,isʊθ,isɪθ,isʊθ,isɪθ
i,isʊð,isɪð,isʊð,isɪð
i,ivʊm,ivɪm,ivʊm,ivɪm
i,ivʊn,ivɪn,ivʊn,ivɪn
i,ivʊŋ,ivɪŋ,ivʊŋ,ivɪŋ
i,ivʊp,ivɪp,ivʊp,ivɪp
i,ivʊt,ivɪt,ivʊt,ivɪt
i,ivʊk,ivɪk,ivʊk,ivɪk
i,ivʊb,ivɪb,ivʊb,ivɪb
i,ivʊd,ivɪd,ivʊd,ivɪd
i,ivʊg,ivɪg,ivʊg,ivɪg
i,ivʊf,ivɪf,ivʊf,ivɪf
i,ivʊs,ivɪs,ivʊs,ivɪs
i,ivʊv,ivɪv,ivʊv,ivɪv
i,ivʊz,ivɪz,ivʊz,ivɪz
i,ivʊʃ,ivɪʃ,ivʊʃ,ivɪʃ
i,ivʊʒ,ivɪʒ,ivʊʒ,ivɪʒ
i,ivʊθ,ivɪθ,ivʊθ,ivɪθ
i,ivʊð,ivɪð,ivʊð,ivɪð
i,izʊm,izɪm,izʊm,izɪm
i,izʊn,izɪn,izʊn,izɪn
i,izʊŋ,izɪŋ,izʊŋ,izɪŋ
i,izʊp,izɪp,izʊp,izɪp
i,izʊt,izɪt,izʊt,izɪt
i,izʊk,izɪk,izʊk,izɪk
i,izʊb,izɪb,izʊb,izɪb
i,izʊd,izɪd,izʊd,izɪd
i,izʊg,izɪg,izʊg,izɪg
i,izʊf,izɪf,izʊf,izɪf
i,izʊs,izɪs,izʊs,izɪs
i,izʊv,izɪv,izʊv,izɪv
i,izʊz,izɪz,izʊz,izɪz
i,izʊʃ,izɪʃ,izʊʃ,izɪʃ
i,izʊʒ,izɪʒ,izʊʒ,izɪʒ
i,izʊθ,izɪθ,izʊθ,izɪθ
i,izʊð,izɪð,izʊð,izɪð
i,iʃʊm,iʃɪm,iʃʊm,iʃɪm
i,iʃʊn,iʃɪn,iʃʊn,iʃɪn
i,iʃʊŋ,iʃɪŋ,iʃʊŋ,iʃɪŋ
i,iʃʊp,iʃɪp,iʃʊp,iʃɪp
i,iʃʊt,iʃɪt,iʃʊt,iʃɪt
i,iʃʊk,iʃɪk,iʃʊk,iʃɪk
i,iʃʊb,iʃɪb,iʃʊb,iʃɪb
i,iʃʊd,iʃɪd,iʃʊd,iʃɪd
i,iʃʊg,iʃɪg,iʃʊg,iʃɪg
i,iʃʊf,iʃɪf,iʃʊf,iʃɪf
i,iʃʊs,iʃɪs,iʃʊs,iʃɪs
i,iʃʊv,iʃɪv,iʃʊv,iʃɪv
i,iʃʊz,iʃɪz,iʃʊz,iʃɪz
i,iʃʊʃ,iʃɪʃ,iʃʊʃ,iʃɪʃ
i,iʃʊʒ,iʃɪʒ,iʃʊʒ,iʃɪʒ
i,iʃʊθ,iʃɪθ,iʃʊθ,iʃɪθ
i,iʃʊð,iʃɪð,iʃʊð,iʃɪð
i,iʒʊm,iʒɪm,iʒʊm,iʒɪm
i,iʒʊn,iʒɪn,iʒʊn,iʒɪn
i,iʒʊŋ,iʒɪŋ,iʒʊŋ,iʒɪŋ
i,iʒʊp,iʒɪp,iʒʊp,iʒɪp
i,iʒʊt,iʒɪt,iʒʊt,iʒɪt
i,iʒʊk,iʒɪk,iʒʊk,iʒɪk
i,iʒʊb,iʒɪb,iʒʊb,iʒɪb
i,iʒʊd,iʒɪd,iʒʊd,iʒɪd
i,iʒʊg,iʒɪg,iʒʊg,iʒɪg
i,iʒʊf,iʒɪf,iʒʊf,iʒɪf
i,iʒʊs,iʒɪs,iʒʊs,iʒɪs
i,iʒʊv,iʒɪv,iʒʊv,iʒɪv
i,iʒʊz,iʒɪz,iʒʊz,iʒɪz
i,iʒʊʃ,iʒɪʃ,iʒʊʃ,iʒɪʃ
i,iʒʊʒ,iʒɪʒ,iʒʊʒ,iʒɪʒ
i,iʒʊθ,iʒɪθ,iʒʊθ,iʒɪθ
i,iʒʊð,iʒɪð,iʒʊð,iʒɪð
i,iθʊm,iθɪm,iθʊm,iθɪm
i,iθʊn,iθɪn,iθʊn,iθɪn
i,iθʊŋ,iθɪŋ,iθʊŋ,iθɪŋ
i,iθʊp,iθɪp,iθʊp,iθɪp
i,iθʊt,iθɪt,iθʊt,iθɪt
i,iθʊk,iθɪk,iθʊk,iθɪk
i,iθʊb,iθɪb,iθʊb,iθɪb
i,iθʊd,iθɪd,iθʊd,iθɪd
i,iθʊg,iθɪg,iθʊg,iθɪg
i,iθʊf,iθɪf,iθʊf,iθɪf
i,iθʊs,iθɪs,iθʊs,iθɪs
i,iθʊv,iθɪv,iθʊv,iθɪv
i,iθʊz,iθɪz,iθʊz,iθɪz
i,iθʊʃ,iθɪʃ,iθʊʃ,iθɪʃ
i,iθʊʒ,iθɪʒ,iθʊʒ,iθɪʒ
i,iθʊθ,iθɪθ,iθʊθ,iθɪθ
i,iθʊð,iθɪð,iθʊð,iθɪð
i,iðʊm,iðɪm,iðʊm,iðɪm
i,iðʊn,iðɪn,iðʊn,iðɪn
i,iðʊŋ,iðɪŋ,iðʊŋ,iðɪŋ
i,iðʊp,iðɪp,iðʊp,iðɪp
i,iðʊt,iðɪt,iðʊt,iðɪt
i,iðʊk,iðɪk,iðʊk,iðɪk
i,iðʊb,iðɪb,iðʊb,iðɪb
i,iðʊd,iðɪd,iðʊd,iðɪd
i,iðʊg,iðɪg,iðʊg,iðɪg
i,iðʊf,iðɪf,iðʊf,iðɪf
i,iðʊs,iðɪs,iðʊs,iðɪs
i,iðʊv,iðɪv,iðʊv,iðɪv
i,iðʊz,iðɪz,iðʊz,iðɪz
i,iðʊʃ,iðɪʃ,iðʊʃ,iðɪʃ
i,iðʊʒ,iðɪʒ,iðʊʒ,iðɪʒ
i,iðʊθ,iðɪθ,iðʊθ,iðɪθ
i,iðʊð,iðɪð,iðʊð,iðɪð
i,ihʊm,ihɪm,ihʊm,ihɪm
i,ihʊn,ihɪn,ihʊn,ihɪn
i,ihʊŋ,ihɪŋ,ihʊŋ,ihɪŋ
i,ihʊp,ihɪp,ihʊp,ihɪp
i,ihʊt,ihɪt,ihʊt,ihɪt
i,ihʊk,ihɪk,ihʊk,ihɪk
i,ihʊb,ihɪb,ihʊb,ihɪb
i,ihʊd,ihɪd,ihʊd,ihɪd
i,ihʊg,ihɪg,ihʊg,ihɪg
i,ihʊf,ihɪf,ihʊf,ihɪf
i,ihʊs,ihɪs,ihʊs,ihɪs
i,ihʊv,ihɪv,ihʊv,ihɪv
i,ihʊz,ihɪz,ihʊz,ihɪz
i,ihʊʃ,ihɪʃ,ihʊʃ,ihɪʃ
i,ihʊʒ,ihɪʒ,ihʊʒ,ihɪʒ
i,ihʊθ,ihɪθ,ihʊθ,ihɪθ
i,ihʊð,ihɪð,ihʊð,ihɪð
i,imɔm,imɛm,imɔm,imɛm
i,imɔn,imɛn,imɔn,imɛn
i,imɔŋ,imɛŋ,imɔŋ,imɛŋ
i,imɔp,imɛp,imɔp,imɛp
i,imɔt,imɛt,imɔt,imɛt
i,imɔk,imɛk,imɔk,imɛk
i,imɔb,imɛb,imɔb,imɛb
i,imɔd,imɛd,imɔd,imɛd
i,imɔg,imɛg,imɔg,imɛg
i,imɔf,imɛf,imɔf,imɛf
i,imɔs,imɛs,imɔs,imɛs
i,imɔv,imɛv,imɔv,imɛv
i,imɔz,imɛz,imɔz,imɛz
i,imɔʃ,imɛʃ,imɔʃ,imɛʃ
i,imɔʒ,imɛʒ,imɔʒ,imɛʒ
i,imɔθ,imɛθ,imɔθ,imɛθ
i,imɔð,imɛð,imɔð,imɛð
i,inɔm,inɛm,inɔm,inɛm
i,inɔn,inɛn,inɔn,inɛn
i,inɔŋ,inɛŋ,inɔŋ,inɛŋ
i,inɔp,inɛp,inɔp,inɛp
i,inɔt,inɛt,inɔt,inɛt
i,inɔk,inɛk,inɔk,inɛk
i,inɔb,inɛb,inɔb,inɛb
i,inɔd,inɛd,inɔd,inɛd
i,inɔg,inɛg,inɔg,inɛg
i,inɔf,inɛf,inɔf,inɛf
i,inɔs,inɛs,inɔs,inɛs
i,inɔv,inɛv,inɔv,inɛv
i,inɔz,inɛz,inɔz,inɛz
i,inɔʃ,inɛʃ,inɔʃ,inɛʃ
i,inɔʒ,inɛʒ,inɔʒ,inɛʒ
i,inɔθ,inɛθ,inɔθ,inɛθ
i,inɔð,inɛð,inɔð,inɛð
i,ipɔm,ipɛm,ipɔm,ipɛm
i,ipɔn,ipɛn,ipɔn,ipɛn
i,ipɔŋ,ipɛŋ,ipɔŋ,ipɛŋ
i,ipɔp,ipɛp,ipɔp,ipɛp
i,ipɔt,ipɛt,ipɔt,ipɛt
i,ipɔk,ipɛk,ipɔk,ipɛk
i,ipɔb,ipɛb,ipɔb,ipɛb
i,ipɔd,ipɛd,ipɔd,ipɛd
i,ipɔg,ipɛg,ipɔg,ipɛg
i,ipɔf,ipɛf,ipɔf,ipɛf
i,ipɔs,ipɛs,ipɔs,ipɛs
i,ipɔv,ipɛv,ipɔv,ipɛv
i,ipɔz,ipɛz,ipɔz,ipɛz
i,ipɔʃ,ipɛʃ,ipɔʃ,ipɛʃ
i,ipɔʒ,ipɛʒ,ipɔʒ,ipɛʒ
i,ipɔθ,ipɛθ,ipɔθ,ipɛθ
i,ipɔð,ipɛð,ipɔð,ipɛð
i,itɔm,itɛm,itɔm,itɛm
i,itɔn,itɛn,itɔn,itɛn
i,itɔŋ,itɛŋ,itɔŋ,itɛŋ
i,itɔp,itɛp,itɔp,itɛp
i,itɔt,itɛt,itɔt,itɛt
i,itɔk,itɛk,itɔk,itɛk
i,itɔb,itɛb,itɔb,itɛb
i,itɔd,itɛd,itɔd,itɛd
i,itɔg,itɛg,itɔg,itɛg
i,itɔf,itɛf,itɔf,itɛf
i,itɔs,itɛs,itɔs,itɛs
i,itɔv,itɛv,itɔv,itɛv
i,itɔz,itɛz,itɔz,itɛz
i,itɔʃ,itɛʃ,itɔʃ,itɛʃ
i,itɔʒ,itɛʒ,itɔʒ,itɛʒ
i,itɔθ,itɛθ,itɔθ,itɛθ
i,itɔð,itɛð,itɔð,itɛð
i,ikɔm,ikɛm,ikɔm,ikɛm
i,ikɔn,ikɛn,ikɔn,ikɛn
i,ikɔŋ,ikɛŋ,ikɔŋ,ikɛŋ
i,ikɔp,ikɛp,ikɔp,ikɛp
i,ikɔt,ikɛt,ikɔt,ikɛt
i,ikɔk,ikɛk,ikɔk,ikɛk
i,ikɔb,ikɛb,ikɔb,ikɛb
i,ikɔd,ikɛd,ikɔd,ikɛd
i,ikɔg,ikɛg,ikɔg,ikɛg
i,ikɔf,ikɛf,ikɔf,ikɛf
i,ikɔs,ikɛs,ikɔs,ikɛs
i,ikɔv,ikɛv,ikɔv,ikɛv
i,ikɔz,ikɛz,ikɔz,ikɛz
i,ikɔʃ,ikɛʃ,ikɔʃ,ikɛʃ
i,ikɔʒ,ikɛʒ,ikɔʒ,ikɛʒ
i,ikɔθ,ikɛθ,ikɔθ,ikɛθ
i,ikɔð,ikɛð,ikɔð,ikɛð
i,ibɔm,ibɛm,ibɔm,ibɛm
i,ibɔn,ibɛn,ibɔn,ibɛn
i,ibɔŋ,ibɛŋ,ibɔŋ,ibɛŋ
i,ibɔp,ibɛp,ibɔp,ibɛp
i,ibɔt,ibɛt,ibɔt,ibɛt
i,ibɔk,ibɛk,ibɔk,ibɛk
i,ibɔb,ibɛb,ibɔb,ibɛb
i,ibɔd,ibɛd,ibɔd,ibɛd
i,ibɔg,ibɛg,ibɔg,ibɛg
i,ibɔf,ibɛf,ibɔf,ibɛf
i,ibɔs,ibɛs,ibɔs,ibɛs
i,ibɔv,ibɛv,ibɔv,ibɛv
i,ibɔz,ibɛz,ibɔz,ibɛz
i,ibɔʃ,ibɛʃ,ibɔʃ,ibɛʃ
i,ibɔʒ,ibɛʒ,ibɔʒ,ibɛʒ
i,ibɔθ,ibɛθ,ibɔθ,ibɛθ
i,ibɔð,ibɛð,ibɔð,ibɛð
i,idɔm,idɛm,idɔm,idɛm
i,idɔn,idɛn,idɔn,idɛn
i,idɔŋ,idɛŋ,idɔŋ,idɛŋ
i,idɔp,idɛp,idɔp,idɛp
i,idɔt,idɛt,idɔt,idɛt
i,idɔk,idɛk,idɔk,idɛk
i,idɔb,idɛb,idɔb,idɛb
i,idɔd,idɛd,idɔd,idɛd
i,idɔg,idɛg,idɔg,idɛg
i,idɔf,idɛf,idɔf,idɛf
i,idɔs,idɛs,idɔs,idɛs
i,idɔv,idɛv,idɔv,idɛv
i,idɔz,idɛz,idɔz,idɛz
i,idɔʃ,idɛʃ,idɔʃ,idɛʃ
i,idɔʒ,idɛʒ,idɔʒ,idɛʒ
i,idɔθ,idɛθ,idɔθ,idɛθ
i,idɔð,idɛð,idɔð,idɛð
i,igɔm,igɛm,igɔm,igɛm
i,igɔn,igɛn,igɔn,igɛn
i,igɔŋ,igɛŋ,igɔŋ,igɛŋ
i,igɔp,igɛp,igɔp,igɛp
i,igɔt,igɛt,igɔt,igɛt
i,igɔk,igɛk,igɔk,igɛk
i,igɔb,igɛb,igɔb,igɛb
i,igɔd,igɛd,igɔd,igɛd
i,igɔg,igɛg,igɔg,igɛg
i,igɔf,igɛf,igɔf,igɛf
i,igɔs,igɛs,igɔs,igɛs
i,igɔv,igɛv,igɔv,igɛv
i,igɔz,igɛz,igɔz,igɛz
i,igɔʃ,igɛʃ,igɔʃ,igɛʃ
i,igɔʒ,igɛʒ,igɔʒ,igɛʒ
i,igɔθ,igɛθ,igɔθ,igɛθ
i,igɔð,igɛð,igɔð,igɛð
i,ifɔm,ifɛm,ifɔm,ifɛm
i,ifɔn,ifɛn,ifɔn,ifɛn
i,ifɔŋ,ifɛŋ,ifɔŋ,ifɛŋ
i,ifɔp,ifɛp,ifɔp,ifɛp
i,ifɔt,ifɛt,ifɔt,ifɛt
i,ifɔk,ifɛk,ifɔk,ifɛk
i,ifɔb,ifɛb,ifɔb,ifɛb
i,ifɔd,ifɛd,ifɔd,ifɛd
i,ifɔg,ifɛg,ifɔg,ifɛg
i,ifɔf,ifɛf,ifɔf,ifɛf
i,ifɔs,ifɛs,ifɔs,ifɛs
i,ifɔv,ifɛv,ifɔv,ifɛv
i,ifɔz,ifɛz,ifɔz,ifɛz
i,ifɔʃ,ifɛʃ,ifɔʃ,ifɛʃ
i,ifɔʒ,ifɛʒ,ifɔʒ,ifɛʒ
i,ifɔθ,ifɛθ,ifɔθ,ifɛθ
i,ifɔð,ifɛð,ifɔð,ifɛð
i,isɔm,isɛm,isɔm,isɛm
i,isɔn,isɛn,isɔn,isɛn
i,isɔŋ,isɛŋ,isɔŋ,isɛŋ
i,isɔp,isɛp,isɔp,isɛp
i,isɔt,isɛt,isɔt,isɛt
i,isɔk,isɛk,isɔk,isɛk
i,isɔb,isɛb,isɔb,isɛb
i,isɔd,isɛd,isɔd,isɛd
i,isɔg,isɛg,isɔg,isɛg
i,isɔf,isɛf,isɔf,isɛf
i,isɔs,isɛs,isɔs,isɛs
i,isɔv,isɛv,isɔv,isɛv
i,isɔz,isɛz,isɔz,isɛz
i,isɔʃ,isɛʃ,isɔʃ,isɛʃ
i,isɔʒ,isɛʒ,isɔʒ,isɛʒ
i,isɔθ,isɛθ,isɔθ,isɛθ
i,isɔð,isɛð,isɔð,isɛð
i,ivɔm,ivɛm,ivɔm,ivɛm
i,ivɔn,ivɛn,ivɔn,ivɛn
i,ivɔŋ,ivɛŋ,ivɔŋ,ivɛŋ
i,ivɔp,ivɛp,ivɔp,ivɛp
i,ivɔt,ivɛt,ivɔt,ivɛt
i,ivɔk,ivɛk,ivɔk,ivɛk
i,ivɔb,ivɛb,ivɔb,ivɛb
i,ivɔd,ivɛd,ivɔd,ivɛd
i,ivɔg,ivɛg,ivɔg,ivɛg
i,ivɔf,ivɛf,ivɔf,ivɛf
i,ivɔs,ivɛs,ivɔs,ivɛs
i,ivɔv,ivɛv,ivɔv,ivɛv
i,ivɔz,ivɛz,ivɔz,ivɛz
i,ivɔʃ,ivɛʃ,ivɔʃ,ivɛʃ
i,ivɔʒ,ivɛʒ,ivɔʒ,ivɛʒ
i,ivɔθ,ivɛθ,ivɔθ,ivɛθ
i,ivɔð,ivɛð,ivɔð,ivɛð
i,izɔm,izɛm,izɔm,izɛm
i,izɔn,izɛn,izɔn,izɛn
i,izɔŋ,izɛŋ,izɔŋ,izɛŋ
i,izɔp,izɛp,izɔp,izɛp
i,izɔt,izɛt,izɔt,izɛt
i,izɔk,izɛk,izɔk,izɛk
i,izɔb,izɛb,izɔb,izɛb
i,izɔd,izɛd,izɔd,izɛd
i,izɔg,izɛg,izɔg,izɛg
i,izɔf,izɛf,izɔf,izɛf
i,izɔs,izɛs,izɔs,izɛs
i,izɔv,izɛv,izɔv,izɛv
i,izɔz,izɛz,izɔz,izɛz
i,izɔʃ,izɛʃ,izɔʃ,izɛʃ
i,izɔʒ,izɛʒ,izɔʒ,izɛʒ
i,izɔθ,izɛθ,izɔθ,izɛθ
i,izɔð,izɛð,izɔð,izɛð
i,iʃɔm,iʃɛm,iʃɔm,iʃɛm
i,iʃɔn,iʃɛn,iʃɔn,iʃɛn
i,iʃɔŋ,iʃɛŋ,iʃɔŋ,iʃɛŋ
i,iʃɔp,iʃɛp,iʃɔp,iʃɛp
i,iʃɔt,iʃɛt,iʃɔt,iʃɛt
i,iʃɔk,iʃɛk,iʃɔk,iʃɛk
i,iʃɔb,iʃɛb,iʃɔb,iʃɛb
i,iʃɔd,iʃɛd,iʃɔd,iʃɛd
i,iʃɔg,iʃɛg,iʃɔg,iʃɛg
i,iʃɔf,iʃɛf,iʃɔf,iʃɛf
i,iʃɔs,iʃɛs,iʃɔs,iʃɛs
i,iʃɔv,iʃɛv,iʃɔv,iʃɛv
i,iʃɔz,iʃɛz,iʃɔz,iʃɛz
i,iʃɔʃ,iʃɛʃ,iʃɔʃ,iʃɛʃ
i,iʃɔʒ,iʃɛʒ,iʃɔʒ,iʃɛʒ
i,iʃɔθ,iʃɛθ,iʃɔθ,iʃɛθ
i,iʃɔð,iʃɛð,iʃɔð,iʃɛð
i,iʒɔm,iʒɛm,iʒɔm,iʒɛm
i,iʒɔn,iʒɛn,iʒɔn,iʒɛn
i,iʒɔŋ,iʒɛŋ,iʒɔŋ,iʒɛŋ
i,iʒɔp,iʒɛp,iʒɔp,iʒɛp
i,iʒɔt,iʒɛt,iʒɔt,iʒɛt
i,iʒɔk,iʒɛk,iʒɔk,iʒɛk
i,iʒɔb,iʒɛb,iʒɔb,iʒɛb
i,iʒɔd,iʒɛd,iʒɔd,iʒɛd
i,iʒɔg,iʒɛg,iʒɔg,iʒɛg
i,iʒɔf,iʒɛf,iʒɔf,iʒɛf
i,iʒɔs,iʒɛs,iʒɔs,iʒɛs
i,iʒɔv,iʒɛv,iʒɔv,iʒɛv
i,iʒɔz,iʒɛz,iʒɔz,iʒɛz
i,iʒɔʃ,iʒɛʃ,iʒɔʃ,iʒɛʃ
i,iʒɔʒ,iʒɛʒ,iʒɔʒ,iʒɛʒ
i,iʒɔθ,iʒɛθ,iʒɔθ,iʒɛθ
i,iʒɔð,iʒɛð,iʒɔð,iʒɛð
i,iθɔm,iθɛm,iθɔm,iθɛm
i,iθɔn,iθɛn,iθɔn,iθɛn
i,iθɔŋ,iθɛŋ,iθɔŋ,iθɛŋ
i,iθɔp,iθɛp,iθɔp,iθɛp
i,iθɔt,iθɛt,iθɔt,iθɛt
i,iθɔk,iθɛk,iθɔk,iθɛk
i,iθɔb,iθɛb,iθɔb,iθɛb
i,iθɔd,iθɛd,iθɔd,iθɛd
i,iθɔg,iθɛg,iθɔg,iθɛg
i,iθɔf,iθɛf,iθɔf,iθɛf
i,iθɔs,iθɛs,iθɔs,iθɛs
i,iθɔv,iθɛv,iθɔv,iθɛv
i,iθɔz,iθɛz,iθɔz,iθɛz
i,iθɔʃ,iθɛʃ,iθɔʃ,iθɛʃ
i,iθɔʒ,iθɛʒ,iθɔʒ,iθɛʒ
i,iθɔθ,iθɛθ,iθɔθ,iθɛθ
i,iθɔð,iθɛð,iθɔð,iθɛð
i,iðɔm,iðɛm,iðɔm,iðɛm
i,iðɔn,iðɛn,iðɔn,iðɛn
i,iðɔŋ,iðɛŋ,iðɔŋ,iðɛŋ
i,iðɔp,iðɛp,iðɔp,iðɛp
i,iðɔt,iðɛt,iðɔt,iðɛt
i,iðɔk,iðɛk,iðɔk,iðɛk
i,iðɔb,iðɛb,iðɔb,iðɛb
i,iðɔd,iðɛd,iðɔd,iðɛd
i,iðɔg,iðɛg,iðɔg,iðɛg
i,iðɔf,iðɛf,iðɔf,iðɛf
i,iðɔs,iðɛs,iðɔs,iðɛs
i,iðɔv,iðɛv,iðɔv,iðɛv
i,iðɔz,iðɛz,iðɔz,iðɛz
i,iðɔʃ,iðɛʃ,iðɔʃ,iðɛʃ
i,iðɔʒ,iðɛʒ,iðɔʒ,iðɛʒ
i,iðɔθ,iðɛθ,iðɔθ,iðɛθ
i,iðɔð,iðɛð,iðɔð,iðɛð
i,ihɔm,ihɛm,ihɔm,ihɛm
i,ihɔn,ihɛn,ihɔn,ihɛn
i,ihɔŋ,ihɛŋ,ihɔŋ,ihɛŋ
i,ihɔp,ihɛp,ihɔp,ihɛp
i,ihɔt,ihɛt,ihɔt,ihɛt
i,ihɔk,ihɛk,ihɔk,ihɛk
i,ihɔb,ihɛb,ihɔb,ihɛb
i,ihɔd,ihɛd,ihɔd,ihɛd
i,ihɔg,ihɛg,ihɔg,ihɛg
i,ihɔf,ihɛf,ihɔf,ihɛf
i,ihɔs,ihɛs,ihɔs,ihɛs
i,ihɔv,ihɛv,ihɔv,ihɛv
i,ihɔz,ihɛz,ihɔz,ihɛz
i,ihɔʃ,ihɛʃ,ihɔʃ,ihɛʃ
i,ihɔʒ,ihɛʒ,ihɔʒ,ihɛʒ
i,ihɔθ,ihɛθ,ihɔθ,ihɛθ
i,ihɔð,ihɛð,ihɔð,ihɛð
eɪ,eɪmɪm,eɪmɪm,emɪm,emɪm
eɪ,eɪmɪn,eɪmɪn,emɪn,emɪn
eɪ,eɪmɪŋ,eɪmɪŋ,emɪŋ,emɪŋ
eɪ,eɪmɪp,eɪmɪp,emɪp,emɪp
eɪ,eɪmɪt,eɪmɪt,emɪt,emɪt
eɪ,eɪmɪk,eɪmɪk,emɪk,emɪk
eɪ,eɪmɪb,eɪmɪb,emɪb,emɪb
eɪ,eɪmɪd,eɪmɪd,emɪd,emɪd
eɪ,eɪmɪg,eɪmɪg,emɪg,emɪg
eɪ,eɪmɪf,eɪmɪf,emɪf,emɪf
eɪ,eɪmɪs,eɪmɪs,emɪs,emɪs
eɪ,eɪmɪv,eɪmɪv,emɪv,emɪv
eɪ,eɪmɪz,eɪmɪz,emɪz,emɪz
eɪ,eɪmɪʃ,eɪmɪʃ,emɪʃ,emɪʃ
eɪ,eɪmɪʒ,eɪmɪʒ,emɪʒ,emɪʒ
eɪ,eɪmɪθ,eɪmɪθ,emɪθ,emɪθ
eɪ,eɪmɪð,eɪmɪð,emɪð,emɪð
eɪ,eɪnɪm,eɪnɪm,enɪm,enɪm
eɪ,eɪnɪn,eɪnɪn,enɪn,enɪn
eɪ,eɪnɪŋ,eɪnɪŋ,enɪŋ,enɪŋ
eɪ,eɪnɪp,eɪnɪp,enɪp,enɪp
eɪ,eɪnɪt,eɪnɪt,enɪt,enɪt
eɪ,eɪnɪk,eɪnɪk,enɪk,enɪk
eɪ,eɪnɪb,eɪnɪb,enɪb,enɪb
eɪ,eɪnɪd,eɪnɪd,enɪd,enɪd
eɪ,eɪnɪg,eɪnɪg,enɪg,enɪg
eɪ,eɪnɪf,eɪnɪf,enɪf,enɪf
eɪ,eɪnɪs,eɪnɪs,enɪs,enɪs
eɪ,eɪnɪv,eɪnɪv,enɪv,enɪv
eɪ,eɪnɪz,eɪnɪz,enɪz,enɪz
eɪ,eɪnɪʃ,eɪnɪʃ,enɪʃ,enɪʃ
eɪ,eɪnɪʒ,eɪnɪʒ,enɪʒ,enɪʒ
eɪ,eɪnɪθ,eɪnɪθ,enɪθ,enɪθ
eɪ,eɪnɪð,eɪnɪð,enɪð,enɪð
eɪ,eɪpɪm,eɪpɪm,epɪm,epɪm
eɪ,eɪpɪn,eɪpɪn,epɪn,epɪn
eɪ,eɪpɪŋ,eɪpɪŋ,epɪŋ,epɪŋ
eɪ,eɪpɪp,eɪpɪp,epɪp,epɪp
eɪ,eɪpɪt,eɪpɪt,epɪt,epɪt
eɪ,eɪpɪk,eɪpɪk,epɪk,epɪk
eɪ,eɪpɪb,eɪpɪb,epɪb,epɪb
eɪ,eɪpɪd,eɪpɪd,epɪd,epɪd
eɪ,eɪpɪg,eɪpɪg,epɪg,epɪg
eɪ,eɪpɪf,eɪpɪf,epɪf,epɪf
eɪ,eɪpɪs,eɪpɪs,epɪs,epɪs
eɪ,eɪpɪv,eɪpɪv,epɪv,epɪv
eɪ,eɪpɪz,eɪpɪz,epɪz,epɪz
eɪ,eɪpɪʃ,eɪpɪʃ,epɪʃ,epɪʃ
eɪ,eɪpɪʒ,eɪpɪʒ,epɪʒ,epɪʒ
eɪ,eɪpɪθ,eɪpɪθ,epɪθ,epɪθ
eɪ,eɪpɪð,eɪpɪð,epɪð,epɪð
eɪ,eɪtɪm,eɪtɪm,etɪm,etɪm
eɪ,eɪtɪn,eɪtɪn,etɪn,etɪn
eɪ,eɪtɪŋ,eɪtɪŋ,etɪŋ,etɪŋ
eɪ,eɪtɪp,eɪtɪp,etɪp,etɪp
eɪ,eɪtɪt,eɪtɪt,etɪt,etɪt
eɪ,eɪtɪk,eɪtɪk,etɪk,etɪk
eɪ,eɪtɪb,eɪtɪb,etɪb,etɪb
eɪ,eɪtɪd,eɪtɪd,etɪd,etɪd
eɪ,eɪtɪg,eɪtɪg,etɪg,etɪg
eɪ,eɪtɪf,eɪtɪf,etɪf,etɪf
eɪ,eɪtɪs,eɪtɪs,etɪs,etɪs
eɪ,eɪtɪv,eɪtɪv,etɪv,etɪv
eɪ,eɪtɪz,eɪtɪz,etɪz,etɪz
eɪ,eɪtɪʃ,eɪtɪʃ,etɪʃ,etɪʃ
eɪ,eɪtɪʒ,eɪtɪʒ,etɪʒ,etɪʒ
eɪ,eɪtɪθ,eɪtɪθ,etɪθ,etɪθ
eɪ,eɪtɪð,eɪtɪð,etɪð,etɪð
eɪ,eɪkɪm,eɪkɪm,ekɪm,ekɪm
eɪ,eɪkɪn,eɪkɪn,ekɪn,ekɪn
eɪ,eɪkɪŋ,eɪkɪŋ,ekɪŋ,ekɪŋ
eɪ,eɪkɪp,eɪkɪp,ekɪp,ekɪp
eɪ,eɪkɪt,eɪkɪt,ekɪt,ekɪt
eɪ,eɪkɪk,eɪkɪk,ekɪk,ekɪk
eɪ,eɪkɪb,eɪkɪb,ekɪb,ekɪb
eɪ,eɪkɪd,eɪkɪd,ekɪd,ekɪd
eɪ,eɪkɪg,eɪkɪg,ekɪg,ekɪg
eɪ,eɪkɪf,eɪkɪf,ekɪf,ekɪf
eɪ,eɪkɪs,eɪkɪs,ekɪs,ekɪs
eɪ,eɪkɪv,eɪkɪv,ekɪv,ekɪv
eɪ,eɪkɪz,eɪkɪz,ekɪz,ekɪz
eɪ,eɪkɪʃ,eɪkɪʃ,ekɪʃ,ekɪʃ
eɪ,eɪkɪʒ,eɪkɪʒ,ekɪʒ,ekɪʒ
eɪ,eɪkɪθ,eɪkɪθ,ekɪθ,ekɪθ
eɪ,eɪkɪð,eɪkɪð,ekɪð,ekɪð
eɪ,eɪbɪm,eɪbɪm,ebɪm,ebɪm
eɪ,eɪbɪn,eɪbɪn,ebɪn,ebɪn
eɪ,eɪbɪŋ,eɪbɪŋ,ebɪŋ,ebɪŋ
eɪ,eɪbɪp,eɪbɪp,ebɪp,ebɪp
eɪ,eɪbɪt,eɪbɪt,ebɪt,ebɪt
eɪ,eɪbɪk,eɪbɪk,ebɪk,ebɪk
eɪ,eɪbɪb,eɪbɪb,ebɪb,ebɪb
eɪ,eɪbɪd,eɪbɪd,ebɪd,ebɪd
eɪ,eɪbɪg,eɪbɪg,ebɪg,ebɪg
eɪ,eɪbɪf,eɪbɪf,ebɪf,ebɪf
eɪ,eɪbɪs,eɪbɪs,ebɪs,ebɪs
eɪ,eɪbɪv,eɪbɪv,ebɪv,ebɪv
eɪ,eɪbɪz,eɪbɪz,ebɪz,ebɪz
eɪ,eɪbɪʃ,eɪbɪʃ,ebɪʃ,ebɪʃ
eɪ,eɪbɪʒ,eɪbɪʒ,ebɪʒ,ebɪʒ
eɪ,eɪbɪθ,eɪbɪθ,ebɪθ,ebɪθ
eɪ,eɪbɪð,eɪbɪð,ebɪð,ebɪð
eɪ,eɪdɪm,eɪdɪm,edɪm,edɪm
eɪ,eɪdɪn,eɪdɪn,edɪn,edɪn
eɪ,eɪdɪŋ,eɪdɪŋ,edɪŋ,edɪŋ
eɪ,eɪdɪp,eɪdɪp,edɪp,edɪp
eɪ,eɪdɪt,eɪdɪt,edɪt,edɪt
eɪ,eɪdɪk,eɪdɪk,edɪk,edɪk
eɪ,eɪdɪb,eɪdɪb,edɪb,edɪb
eɪ,eɪdɪd,eɪdɪd,edɪd,edɪd
eɪ,eɪdɪg,eɪdɪg,edɪg,edɪg
eɪ,eɪdɪf,eɪdɪf,edɪf,edɪf
eɪ,eɪdɪs,eɪdɪs,edɪs,edɪs
eɪ,eɪdɪv,eɪdɪv,edɪv,edɪv
eɪ,eɪdɪz,eɪdɪz,edɪz,edɪz
eɪ,eɪdɪʃ,eɪdɪʃ,edɪʃ,edɪʃ
eɪ,eɪdɪʒ,eɪdɪʒ,edɪʒ,edɪʒ
eɪ,eɪdɪθ,eɪdɪθ,edɪθ,edɪθ
eɪ,eɪdɪð,eɪdɪð,edɪð,edɪð
eɪ,eɪgɪm,eɪgɪm,egɪm,egɪm
eɪ,eɪgɪn,eɪgɪn,egɪn,egɪn
eɪ,eɪgɪŋ,eɪgɪŋ,egɪŋ,egɪŋ
eɪ,eɪgɪp,eɪgɪp,egɪp,egɪp
eɪ,eɪgɪt,eɪgɪt,egɪt,egɪt
eɪ,eɪgɪk,eɪgɪk,egɪk,egɪk
eɪ,eɪgɪb,eɪgɪb,egɪb,egɪb
eɪ,eɪgɪd,eɪgɪd,egɪd,egɪd
eɪ,eɪgɪg,eɪgɪg,egɪg,egɪg
eɪ,eɪgɪf,eɪgɪf,egɪf,egɪf
eɪ,eɪgɪs,eɪgɪs,egɪs,egɪs
eɪ,eɪgɪv,eɪgɪv,egɪv,egɪv
eɪ,eɪgɪz,eɪgɪz,egɪz,egɪz
eɪ,eɪgɪʃ,eɪgɪʃ,egɪʃ,egɪʃ
eɪ,eɪgɪʒ,eɪgɪʒ,egɪʒ,egɪʒ
eɪ,eɪgɪθ,eɪgɪθ,egɪθ,egɪθ
eɪ,eɪgɪð,eɪgɪð,egɪð,egɪð
eɪ,eɪfɪm,eɪfɪm,efɪm,efɪm
eɪ,eɪfɪn,eɪfɪn,efɪn,efɪn
eɪ,eɪfɪŋ,eɪfɪŋ,efɪŋ,efɪŋ
eɪ,eɪfɪp,eɪfɪp,efɪp,efɪp
eɪ,eɪfɪt,eɪfɪt,efɪt,efɪt
eɪ,eɪfɪk,eɪfɪk,efɪk,efɪk
eɪ,eɪfɪb,eɪfɪb,efɪb,efɪb
eɪ,eɪfɪd,eɪfɪd,efɪd,efɪd
eɪ,eɪfɪg,eɪfɪg,efɪg,efɪg
eɪ,eɪfɪf,eɪfɪf,efɪf,efɪf
eɪ,eɪfɪs,eɪfɪs,efɪs,efɪs
eɪ,eɪfɪv,eɪfɪv,efɪv,efɪv
eɪ,eɪfɪz,eɪfɪz,efɪz,efɪz
eɪ,eɪfɪʃ,eɪfɪʃ,efɪʃ,efɪʃ
eɪ,eɪfɪʒ,eɪfɪʒ,efɪʒ,efɪʒ
eɪ,eɪfɪθ,eɪfɪθ,efɪθ,efɪθ
eɪ,eɪfɪð,eɪfɪð,efɪð,efɪð
eɪ,eɪsɪm,eɪsɪm,esɪm,esɪm
eɪ,eɪsɪn,eɪsɪn,esɪn,esɪn
eɪ,eɪsɪŋ,eɪsɪŋ,esɪŋ,esɪŋ
eɪ,eɪsɪp,eɪsɪp,esɪp,esɪp
eɪ,eɪsɪt,eɪsɪt,esɪt,esɪt
eɪ,eɪsɪk,eɪsɪk,esɪk,esɪk
eɪ,eɪsɪb,eɪsɪb,esɪb,esɪb
eɪ,eɪsɪd,eɪsɪd,esɪd,esɪd
eɪ,eɪsɪg,eɪsɪg,esɪg,esɪg
eɪ,eɪsɪf,eɪsɪf,esɪf,esɪf
eɪ,eɪsɪs,eɪsɪs,esɪs,esɪs
eɪ,eɪsɪv,eɪsɪv,esɪv,esɪv
eɪ,eɪsɪz,eɪsɪz,esɪz,esɪz
eɪ,eɪsɪʃ,eɪsɪʃ,esɪʃ,esɪʃ
eɪ,eɪsɪʒ,eɪsɪʒ,esɪʒ,esɪʒ
eɪ,eɪsɪθ,eɪsɪθ,esɪθ,esɪθ
eɪ,eɪsɪð,eɪsɪð,esɪð,esɪð
eɪ,eɪvɪm,eɪvɪm,evɪm,evɪm
eɪ,eɪvɪn,eɪvɪn,evɪn,evɪn
eɪ,eɪvɪŋ,eɪvɪŋ,evɪŋ,evɪŋ
eɪ,eɪvɪp,eɪvɪp,evɪp,evɪp
eɪ,eɪvɪt,eɪvɪt,evɪt,evɪt
eɪ,eɪvɪk,eɪvɪk,evɪk,evɪk
eɪ,eɪvɪb,eɪvɪb,evɪb,evɪb
eɪ,eɪvɪd,eɪvɪd,evɪd,evɪd
eɪ,eɪvɪg,eɪvɪg,evɪg,evɪg
eɪ,eɪvɪf,eɪvɪf,evɪf,evɪf
eɪ,eɪvɪs,eɪvɪs,evɪs,evɪs
eɪ,eɪvɪv,eɪvɪv,evɪv,evɪv
eɪ,eɪvɪz,eɪvɪz,evɪz,evɪz
eɪ,eɪvɪʃ,eɪvɪʃ,evɪʃ,evɪʃ
eɪ,eɪvɪʒ,eɪvɪʒ,evɪʒ,evɪʒ
eɪ,eɪvɪθ,eɪvɪθ,evɪθ,evɪθ
eɪ,eɪvɪð,eɪvɪð,evɪð,evɪð
eɪ,eɪzɪm,eɪzɪm,ezɪm,ezɪm
eɪ,eɪzɪn,eɪzɪn,ezɪn,ezɪn
eɪ,eɪzɪŋ,eɪzɪŋ,ezɪŋ,ezɪŋ
eɪ,eɪzɪp,eɪzɪp,ezɪp,ezɪp
eɪ,eɪzɪt,eɪzɪt,ezɪt,ezɪt
eɪ,eɪzɪk,eɪzɪk,ezɪk,ezɪk
eɪ,eɪzɪb,eɪzɪb,ezɪb,ezɪb
eɪ,eɪzɪd,eɪzɪd,ezɪd,ezɪd
eɪ,eɪzɪg,eɪzɪg,ezɪg,ezɪg
eɪ,eɪzɪf,eɪzɪf,ezɪf,ezɪf
eɪ,eɪzɪs,eɪzɪs,ezɪs,ezɪs
eɪ,eɪzɪv,eɪzɪv,ezɪv,ezɪv
eɪ,eɪzɪz,eɪzɪz,ezɪz,ezɪz
eɪ,eɪzɪʃ,eɪzɪʃ,ezɪʃ,ezɪʃ
eɪ,eɪzɪʒ,eɪzɪʒ,ezɪʒ,ezɪʒ
eɪ,eɪzɪθ,eɪzɪθ,ezɪθ,ezɪθ
eɪ,eɪzɪð,eɪzɪð,ezɪð,ezɪð
eɪ,eɪʃɪm,eɪʃɪm,eʃɪm,eʃɪm
eɪ,eɪʃɪn,eɪʃɪn,eʃɪn,eʃɪn
eɪ,eɪʃɪŋ,eɪʃɪŋ,eʃɪŋ,eʃɪŋ
eɪ,eɪʃɪp,eɪʃɪp,eʃɪp,eʃɪp
eɪ,eɪʃɪt,eɪʃɪt,eʃɪt,eʃɪt
eɪ,eɪʃɪk,eɪʃɪk,eʃɪk,eʃɪk
eɪ,eɪʃɪb,eɪʃɪb,eʃɪb,eʃɪb
eɪ,eɪʃɪd,eɪʃɪd,eʃɪd,eʃɪd
eɪ,eɪʃɪg,eɪʃɪg,eʃɪg,eʃɪg
eɪ,eɪʃɪf,eɪʃɪf,eʃɪf,eʃɪf
eɪ,eɪʃɪs,eɪʃɪs,eʃɪs,eʃɪs
eɪ,eɪʃɪv,eɪʃɪv,eʃɪv,eʃɪv
eɪ,eɪʃɪz,eɪʃɪz,eʃɪz,eʃɪz
eɪ,eɪʃɪʃ,eɪʃɪʃ,eʃɪʃ,eʃɪʃ
eɪ,eɪʃɪʒ,eɪʃɪʒ,eʃɪʒ,eʃɪʒ
eɪ,eɪʃɪθ,eɪʃɪθ,eʃɪθ,eʃɪθ
eɪ,eɪʃɪð,eɪʃɪð,eʃɪð,eʃɪð
eɪ,eɪʒɪm,eɪʒɪm,eʒɪm,eʒɪm
eɪ,eɪʒɪn,eɪʒɪn,eʒɪn,eʒɪn
eɪ,eɪʒɪŋ,eɪʒɪŋ,eʒɪŋ,eʒɪŋ
eɪ,eɪʒɪp,eɪʒɪp,eʒɪp,eʒɪp
eɪ,eɪʒɪt,eɪʒɪt,eʒɪt,eʒɪt
eɪ,eɪʒɪk,eɪʒɪk,eʒɪk,eʒɪk
eɪ,eɪʒɪb,eɪʒɪb,eʒɪb,eʒɪb
eɪ,eɪʒɪd,eɪʒɪd,eʒɪd,eʒɪd
eɪ,eɪʒɪg,eɪʒɪg,eʒɪg,eʒɪg
eɪ,eɪʒɪf,eɪʒɪf,eʒɪf,eʒɪf
eɪ,eɪʒɪs,eɪʒɪs,eʒɪs,eʒɪs
eɪ,eɪʒɪv,eɪʒɪv,eʒɪv,eʒɪv
eɪ,eɪʒɪz,eɪʒɪz,eʒɪz,eʒɪz
eɪ,eɪʒɪʃ,eɪʒɪʃ,eʒɪʃ,eʒɪʃ
eɪ,eɪʒɪʒ,eɪʒɪʒ,eʒɪʒ,eʒɪʒ
eɪ,eɪʒɪθ,eɪʒɪθ,eʒɪθ,eʒɪθ
eɪ,eɪʒɪð,eɪʒɪð,eʒɪð,eʒɪð
eɪ,eɪθɪm,eɪθɪm,eθɪm,eθɪm
eɪ,eɪθɪn,eɪθɪn,eθɪn,eθɪn
eɪ,eɪθɪŋ,eɪθɪŋ,eθɪŋ,eθɪŋ
eɪ,eɪθɪp,eɪθɪp,eθɪp,eθɪp
eɪ,eɪθɪt,eɪθɪt,eθɪt,eθɪt
eɪ,eɪθɪk,eɪθɪk,eθɪk,eθɪk
eɪ,eɪθɪb,eɪθɪb,eθɪb,eθɪb
eɪ,eɪθɪd,eɪθɪd,eθɪd,eθɪd
eɪ,eɪθɪg,eɪθɪg,eθɪg,eθɪg
eɪ,eɪθɪf,eɪθɪf,eθɪf,eθɪf
eɪ,eɪθɪs,eɪθɪs,eθɪs,eθɪs
eɪ,eɪθɪv,eɪθɪv,eθɪv,eθɪv
eɪ,eɪθɪz,eɪθɪz,eθɪz,eθɪz
eɪ,eɪθɪʃ,eɪθɪʃ,eθɪʃ,eθɪʃ
eɪ,eɪθɪʒ,eɪθɪʒ,eθɪʒ,eθɪʒ
eɪ,eɪθɪθ,eɪθɪθ,eθɪθ,eθɪθ
eɪ,eɪθɪð,eɪθɪð,eθɪð,eθɪð
eɪ,eɪðɪm,eɪðɪm,eðɪm,eðɪm
eɪ,eɪðɪn,eɪðɪn,eðɪn,eðɪn
eɪ,eɪðɪŋ,eɪðɪŋ,eðɪŋ,eðɪŋ
eɪ,eɪðɪp,eɪðɪp,eðɪp,eðɪp
eɪ,eɪðɪt,eɪðɪt,eðɪt,eðɪt
eɪ,eɪðɪk,eɪðɪk,eðɪk,eðɪk
eɪ,eɪðɪb,eɪðɪb,eðɪb,eðɪb
eɪ,eɪðɪd,eɪðɪd,eðɪd,eðɪd
eɪ,eɪðɪg,eɪðɪg,eðɪg,eðɪg
eɪ,eɪðɪf,eɪðɪf,eðɪf,eðɪf
eɪ,eɪðɪs,eɪðɪs,eðɪs,eðɪs
eɪ,eɪðɪv,eɪðɪv,eðɪv,eðɪv
eɪ,eɪðɪz,eɪðɪz,eðɪz,eðɪz
eɪ,eɪðɪʃ,eɪðɪʃ,eðɪʃ,eðɪʃ
eɪ,eɪðɪʒ,eɪðɪʒ,eðɪʒ,eðɪʒ
eɪ,eɪðɪθ,eɪðɪθ,eðɪθ,eðɪθ
eɪ,eɪðɪð,eɪðɪð,eðɪð,eðɪð
eɪ,eɪhɪm,eɪhɪm,ehɪm,ehɪm
eɪ,eɪhɪn,eɪhɪn,ehɪn,ehɪn
eɪ,eɪhɪŋ,eɪhɪŋ,ehɪŋ,ehɪŋ
eɪ,eɪhɪp,eɪhɪp,ehɪp,ehɪp
eɪ,eɪhɪt,eɪhɪt,ehɪt,ehɪt
eɪ,eɪhɪk,eɪhɪk,ehɪk,ehɪk
eɪ,eɪhɪb,eɪhɪb,ehɪb,ehɪb
eɪ,eɪhɪd,eɪhɪd,ehɪd,ehɪd
eɪ,eɪhɪg,eɪhɪg,ehɪg,ehɪg
eɪ,eɪhɪf,eɪhɪf,ehɪf,ehɪf
eɪ,eɪhɪs,eɪhɪs,ehɪs,ehɪs
eɪ,eɪhɪv,eɪhɪv,ehɪv,ehɪv
eɪ,eɪhɪz,eɪhɪz,ehɪz,ehɪz
eɪ,eɪhɪʃ,eɪhɪʃ,ehɪʃ,ehɪʃ
eɪ,eɪhɪʒ,eɪhɪʒ,ehɪʒ,ehɪʒ
eɪ,eɪhɪθ,eɪhɪθ,ehɪθ,ehɪθ
eɪ,eɪhɪð,eɪhɪð,ehɪð,ehɪð
eɪ,eɪmɛm,eɪmɛm,emɛm,emɛm
eɪ,eɪmɛn,eɪmɛn,emɛn,emɛn
eɪ,eɪmɛŋ,eɪmɛŋ,emɛŋ,emɛŋ
eɪ,eɪmɛp,eɪmɛp,emɛp,emɛp
eɪ,eɪmɛt,eɪmɛt,emɛt,emɛt
eɪ,eɪmɛk,eɪmɛk,emɛk,emɛk
eɪ,eɪmɛb,eɪmɛb,emɛb,emɛb
eɪ,eɪmɛd,eɪmɛd,emɛd,emɛd
eɪ,eɪmɛg,eɪmɛg,emɛg,emɛg
eɪ,eɪmɛf,eɪmɛf,emɛf,emɛf
eɪ,eɪmɛs,eɪmɛs,emɛs,emɛs
eɪ,eɪmɛv,eɪmɛv,emɛv,emɛv
eɪ,eɪmɛz,eɪmɛz,emɛz,emɛz
eɪ,eɪmɛʃ,eɪmɛʃ,emɛʃ,emɛʃ
eɪ,eɪmɛʒ,eɪmɛʒ,emɛʒ,emɛʒ
eɪ,eɪmɛθ,eɪmɛθ,emɛθ,emɛθ
eɪ,eɪmɛð,eɪmɛð,emɛð,emɛð
eɪ,eɪnɛm,eɪnɛm,enɛm,enɛm
eɪ,eɪnɛn,eɪnɛn,enɛn,enɛn
eɪ,eɪnɛŋ,eɪnɛŋ,enɛŋ,enɛŋ
eɪ,eɪnɛp,eɪnɛp,enɛp,enɛp
eɪ,eɪnɛt,eɪnɛt,enɛt,enɛt
eɪ,eɪnɛk,eɪnɛk,enɛk,enɛk
eɪ,eɪnɛb,eɪnɛb,enɛb,enɛb
eɪ,eɪnɛd,eɪnɛd,enɛd,enɛd
eɪ,eɪnɛg,eɪnɛg,enɛg,enɛg
eɪ,eɪnɛf,eɪnɛf,enɛf,enɛf
eɪ,eɪnɛs,eɪnɛs,enɛs,enɛs
eɪ,eɪnɛv,eɪnɛv,enɛv,enɛv
eɪ,eɪnɛz,eɪnɛz,enɛz,enɛz
eɪ,eɪnɛʃ,eɪnɛʃ,enɛʃ,enɛʃ
eɪ,eɪnɛʒ,eɪnɛʒ,enɛʒ,enɛʒ
eɪ,eɪnɛθ,eɪnɛθ,enɛθ,enɛθ
eɪ,eɪnɛð,eɪnɛð,enɛð,enɛð
eɪ,eɪpɛm,eɪpɛm,epɛm,epɛm
eɪ,eɪpɛn,eɪpɛn,epɛn,epɛn
eɪ,eɪpɛŋ,eɪpɛŋ,epɛŋ,epɛŋ
eɪ,eɪpɛp,eɪpɛp,epɛp,epɛp
eɪ,eɪpɛt,eɪpɛt,epɛt,epɛt
eɪ,eɪpɛk,eɪpɛk,epɛk,epɛk
eɪ,eɪpɛb,eɪpɛb,epɛb,epɛb
eɪ,eɪpɛd,eɪpɛd,epɛd,epɛd
eɪ,eɪpɛg,eɪpɛg,epɛg,epɛg
eɪ,eɪpɛf,eɪpɛf,epɛf,epɛf
eɪ,eɪpɛs,eɪpɛs,epɛs,epɛs
eɪ,eɪpɛv,eɪpɛv,epɛv,epɛv
eɪ,eɪpɛz,eɪpɛz,epɛz,epɛz
eɪ,eɪpɛʃ,eɪpɛʃ,epɛʃ,epɛʃ
eɪ,eɪpɛʒ,eɪpɛʒ,epɛʒ,epɛʒ
eɪ,eɪpɛθ,eɪpɛθ,epɛθ,epɛθ
eɪ,eɪpɛð,eɪpɛð,epɛð,epɛð
eɪ,eɪtɛm,eɪtɛm,etɛm,etɛm
eɪ,eɪtɛn,eɪtɛn,etɛn,etɛn
eɪ,eɪtɛŋ,eɪtɛŋ,etɛŋ,etɛŋ
eɪ,eɪtɛp,eɪtɛp,etɛp,etɛp
eɪ,eɪtɛt,eɪtɛt,etɛt,etɛt
eɪ,eɪtɛk,eɪtɛk,etɛk,etɛk
eɪ,eɪtɛb,eɪtɛb,etɛb,etɛb
eɪ,eɪtɛd,eɪtɛd,etɛd,etɛd
eɪ,eɪtɛg,eɪtɛg,etɛg,etɛg
eɪ,eɪtɛf,eɪtɛf,etɛf,etɛf
eɪ,eɪtɛs,eɪtɛs,etɛs,etɛs
eɪ,eɪtɛv,eɪtɛv,etɛv,etɛv
eɪ,eɪtɛz,eɪtɛz,etɛz,etɛz
eɪ,eɪtɛʃ,eɪtɛʃ,etɛʃ,etɛʃ
eɪ,eɪtɛʒ,eɪtɛʒ,etɛʒ,etɛʒ
eɪ,eɪtɛθ,eɪtɛθ,etɛθ,etɛθ
eɪ,eɪtɛð,eɪtɛð,etɛð,etɛð
eɪ,eɪkɛm,eɪkɛm,ekɛm,ekɛm
eɪ,eɪkɛn,eɪkɛn,ekɛn,ekɛn
eɪ,eɪkɛŋ,eɪkɛŋ,ekɛŋ,ekɛŋ
eɪ,eɪkɛp,eɪkɛp,ekɛp,ekɛp
eɪ,eɪkɛt,eɪkɛt,ekɛt,ekɛt
eɪ,eɪkɛk,eɪkɛk,ekɛk,ekɛk
eɪ,eɪkɛb,eɪkɛb,ekɛb,ekɛb
eɪ,eɪkɛd,eɪkɛd,ekɛd,ekɛd
eɪ,eɪkɛg,eɪkɛg,ekɛg,ekɛg
eɪ,eɪkɛf,eɪkɛf,ekɛf,ekɛf
eɪ,eɪkɛs,eɪkɛs,ekɛs,ekɛs
eɪ,eɪkɛv,eɪkɛv,ekɛv,ekɛv
eɪ,eɪkɛz,eɪkɛz,ekɛz,ekɛz
eɪ,eɪkɛʃ,eɪkɛʃ,ekɛʃ,ekɛʃ
eɪ,eɪkɛʒ,eɪkɛʒ,ekɛʒ,ekɛʒ
eɪ,eɪkɛθ,eɪkɛθ,ekɛθ,ekɛθ
eɪ,eɪkɛð,eɪkɛð,ekɛð,ekɛð
eɪ,eɪbɛm,eɪbɛm,ebɛm,ebɛm
eɪ,eɪbɛn,eɪbɛn,ebɛn,ebɛn
eɪ,eɪbɛŋ,eɪbɛŋ,ebɛŋ,ebɛŋ
eɪ,eɪbɛp,eɪbɛp,ebɛp,ebɛp
eɪ,eɪbɛt,eɪbɛt,ebɛt,ebɛt
eɪ,eɪbɛk,eɪbɛk,ebɛk,ebɛk
eɪ,eɪbɛb,eɪbɛb,ebɛb,ebɛb
eɪ,eɪbɛd,eɪbɛd,ebɛd,ebɛd
eɪ,eɪbɛg,eɪbɛg,ebɛg,ebɛg
eɪ,eɪbɛf,eɪbɛf,ebɛf,ebɛf
eɪ,eɪbɛs,eɪbɛs,ebɛs,ebɛs
eɪ,eɪbɛv,eɪbɛv,ebɛv,ebɛv
eɪ,eɪbɛz,eɪbɛz,ebɛz,ebɛz
eɪ,eɪbɛʃ,eɪbɛʃ,ebɛʃ,ebɛʃ
eɪ,eɪbɛʒ,eɪbɛʒ,ebɛʒ,ebɛʒ
eɪ,eɪbɛθ,eɪbɛθ,ebɛθ,ebɛθ
eɪ,eɪbɛð,eɪbɛð,ebɛð,ebɛð
eɪ,eɪdɛm,eɪdɛm,edɛm,edɛm
eɪ,eɪdɛn,eɪdɛn,edɛn,edɛn
eɪ,eɪdɛŋ,eɪdɛŋ,edɛŋ,edɛŋ
eɪ,eɪdɛp,eɪdɛp,edɛp,edɛp
eɪ,eɪdɛt,eɪdɛt,edɛt,edɛt
eɪ,eɪdɛk,eɪdɛk,edɛk,edɛk
eɪ,eɪdɛb,eɪdɛb,edɛb,edɛb
eɪ,eɪdɛd,eɪdɛd,edɛd,edɛd
eɪ,eɪdɛg,eɪdɛg,edɛg,edɛg
eɪ,eɪdɛf,eɪdɛf,edɛf,edɛf
eɪ,eɪdɛs,eɪdɛs,edɛs,edɛs
eɪ,eɪdɛv,eɪdɛv,edɛv,edɛv
eɪ,eɪdɛz,eɪdɛz,edɛz,edɛz
eɪ,eɪdɛʃ,eɪdɛʃ,edɛʃ,edɛʃ
eɪ,eɪdɛʒ,eɪdɛʒ,edɛʒ,edɛʒ
eɪ,eɪdɛθ,eɪdɛθ,edɛθ,edɛθ
eɪ,eɪdɛð,eɪdɛð,edɛð,edɛð
eɪ,eɪgɛm,eɪgɛm,egɛm,egɛm
eɪ,eɪgɛn,eɪgɛn,egɛn,egɛn
eɪ,eɪgɛŋ,eɪgɛŋ,egɛŋ,egɛŋ
eɪ,eɪgɛp,eɪgɛp,egɛp,egɛp
eɪ,eɪgɛt,eɪgɛt,egɛt,egɛt
eɪ,eɪgɛk,eɪgɛk,egɛk,egɛk
eɪ,eɪgɛb,eɪgɛb,egɛb,egɛb
eɪ,eɪgɛd,eɪgɛd,egɛd,egɛd
eɪ,eɪgɛg,eɪgɛg,egɛg,egɛg
eɪ,eɪgɛf,eɪgɛf,egɛf,egɛf
eɪ,eɪgɛs,eɪgɛs,egɛs,egɛs
eɪ,eɪgɛv,eɪgɛv,egɛv,egɛv
eɪ,eɪgɛz,eɪgɛz,egɛz,egɛz
eɪ,eɪgɛʃ,eɪgɛʃ,egɛʃ,egɛʃ
eɪ,eɪgɛʒ,eɪgɛʒ,egɛʒ,egɛʒ
eɪ,eɪgɛθ,eɪgɛθ,egɛθ,egɛθ
eɪ,eɪgɛð,eɪgɛð,egɛð,egɛð
eɪ,eɪfɛm,eɪfɛm,efɛm,efɛm
eɪ,eɪfɛn,eɪfɛn,efɛn,efɛn
eɪ,eɪfɛŋ,eɪfɛŋ,efɛŋ,efɛŋ
eɪ,eɪfɛp,eɪfɛp,efɛp,efɛp
eɪ,eɪfɛt,eɪfɛt,efɛt,efɛt
eɪ,eɪfɛk,eɪfɛk,efɛk,efɛk
eɪ,eɪfɛb,eɪfɛb,efɛb,efɛb
eɪ,eɪfɛd,eɪfɛd,efɛd,efɛd
eɪ,eɪfɛg,eɪfɛg,efɛg,efɛg
eɪ,eɪfɛf,eɪfɛf,efɛf,efɛf
eɪ,eɪfɛs,eɪfɛs,efɛs,efɛs
eɪ,eɪfɛv,eɪfɛv,efɛv,efɛv
eɪ,eɪfɛz,eɪfɛz,efɛz,efɛz
eɪ,eɪfɛʃ,eɪfɛʃ,efɛʃ,efɛʃ
eɪ,eɪfɛʒ,eɪfɛʒ,efɛʒ,efɛʒ
eɪ,eɪfɛθ,eɪfɛθ,efɛθ,efɛθ
eɪ,eɪfɛð,eɪfɛð,efɛð,efɛð
eɪ,eɪsɛm,eɪsɛm,esɛm,esɛm
eɪ,eɪsɛn,eɪsɛn,esɛn,esɛn
eɪ,eɪsɛŋ,eɪsɛŋ,esɛŋ,esɛŋ
eɪ,eɪsɛp,eɪsɛp,esɛp,esɛp
eɪ,eɪsɛt,eɪsɛt,esɛt,esɛt
eɪ,eɪsɛk,eɪsɛk,esɛk,esɛk
eɪ,eɪsɛb,eɪsɛb,esɛb,esɛb
eɪ,eɪsɛd,eɪsɛd,esɛd,esɛd
eɪ,eɪsɛg,eɪsɛg,esɛg,esɛg
eɪ,eɪsɛf,eɪsɛf,esɛf,esɛf
eɪ,eɪsɛs,eɪsɛs,esɛs,esɛs
eɪ,eɪsɛv,eɪsɛv,esɛv,esɛv
eɪ,eɪsɛz,eɪsɛz,esɛz,esɛz
eɪ,eɪsɛʃ,eɪsɛʃ,esɛʃ,esɛʃ
eɪ,eɪsɛʒ,eɪsɛʒ,esɛʒ,esɛʒ
eɪ,eɪsɛθ,eɪsɛθ,esɛθ,esɛθ
eɪ,eɪsɛð,eɪsɛð,esɛð,esɛð
eɪ,eɪvɛm,eɪvɛm,evɛm,evɛm
eɪ,eɪvɛn,eɪvɛn,evɛn,evɛn
eɪ,eɪvɛŋ,eɪvɛŋ,evɛŋ,evɛŋ
eɪ,eɪvɛp,eɪvɛp,evɛp,evɛp
eɪ,eɪvɛt,eɪvɛt,evɛt,evɛt
eɪ,eɪvɛk,eɪvɛk,evɛk,evɛk
eɪ,eɪvɛb,eɪvɛb,evɛb,evɛb
eɪ,eɪvɛd,eɪvɛd,evɛd,evɛd
eɪ,eɪvɛg,eɪvɛg,evɛg,evɛg
eɪ,eɪvɛf,eɪvɛf,evɛf,evɛf
eɪ,eɪvɛs,eɪvɛs,evɛs,evɛs
eɪ,eɪvɛv,eɪvɛv,evɛv,evɛv
eɪ,eɪvɛz,eɪvɛz,evɛz,evɛz
eɪ,eɪvɛʃ,eɪvɛʃ,evɛʃ,evɛʃ
eɪ,eɪvɛʒ,eɪvɛʒ,evɛʒ,evɛʒ
eɪ,eɪvɛθ,eɪvɛθ,evɛθ,evɛθ
eɪ,eɪvɛð,eɪvɛð,evɛð,evɛð
eɪ,eɪzɛm,eɪzɛm,ezɛm,ezɛm
eɪ,eɪzɛn,eɪzɛn,ezɛn,ezɛn
eɪ,eɪzɛŋ,eɪzɛŋ,ezɛŋ,ezɛŋ
eɪ,eɪzɛp,eɪzɛp,ezɛp,ezɛp
eɪ,eɪzɛt,eɪzɛt,ezɛt,ezɛt
eɪ,eɪzɛk,eɪzɛk,ezɛk,ezɛk
eɪ,eɪzɛb,eɪzɛb,ezɛb,ezɛb
eɪ,eɪzɛd,eɪzɛd,ezɛd,ezɛd
eɪ,eɪzɛg,eɪzɛg,ezɛg,ezɛg
eɪ,eɪzɛf,eɪzɛf,ezɛf,ezɛf
eɪ,eɪzɛs,eɪzɛs,ezɛs,ezɛs
eɪ,eɪzɛv,eɪzɛv,ezɛv,ezɛv
eɪ,eɪzɛz,eɪzɛz,ezɛz,ezɛz
eɪ,eɪzɛʃ,eɪzɛʃ,ezɛʃ,ezɛʃ
eɪ,eɪzɛʒ,eɪzɛʒ,ezɛʒ,ezɛʒ
eɪ,eɪzɛθ,eɪzɛθ,ezɛθ,ezɛθ
eɪ,eɪzɛð,eɪzɛð,ezɛð,ezɛð
eɪ,eɪʃɛm,eɪʃɛm,eʃɛm,eʃɛm
eɪ,eɪʃɛn,eɪʃɛn,eʃɛn,eʃɛn
eɪ,eɪʃɛŋ,eɪʃɛŋ,eʃɛŋ,eʃɛŋ
eɪ,eɪʃɛp,eɪʃɛp,eʃɛp,eʃɛp
eɪ,eɪʃɛt,eɪʃɛt,eʃɛt,eʃɛt
eɪ,eɪʃɛk,eɪʃɛk,eʃɛk,eʃɛk
eɪ,eɪʃɛb,eɪʃɛb,eʃɛb,eʃɛb
eɪ,eɪʃɛd,eɪʃɛd,eʃɛd,eʃɛd
eɪ,eɪʃɛg,eɪʃɛg,eʃɛg,eʃɛg
eɪ,eɪʃɛf,eɪʃɛf,eʃɛf,eʃɛf
eɪ,eɪʃɛs,eɪʃɛs,eʃɛs,eʃɛs
eɪ,eɪʃɛv,eɪʃɛv,eʃɛv,eʃɛv
eɪ,eɪʃɛz,eɪʃɛz,eʃɛz,eʃɛz
eɪ,eɪʃɛʃ,eɪʃɛʃ,eʃɛʃ,eʃɛʃ
eɪ,eɪʃɛʒ,eɪʃɛʒ,eʃɛʒ,eʃɛʒ
eɪ,eɪʃɛθ,eɪʃɛθ,eʃɛθ,eʃɛθ
eɪ,eɪʃɛð,eɪʃɛð,eʃɛð,eʃɛð
eɪ,eɪʒɛm,eɪʒɛm,eʒɛm,eʒɛm
eɪ,eɪʒɛn,eɪʒɛn,eʒɛn,eʒɛn
eɪ,eɪʒɛŋ,eɪʒɛŋ,eʒɛŋ,eʒɛŋ
eɪ,eɪʒɛp,eɪʒɛp,eʒɛp,eʒɛp
eɪ,eɪʒɛt,eɪʒɛt,eʒɛt,eʒɛt
eɪ,eɪʒɛk,eɪʒɛk,eʒɛk,eʒɛk
eɪ,eɪʒɛb,eɪʒɛb,eʒɛb,eʒɛb
eɪ,eɪʒɛd,eɪʒɛd,eʒɛd,eʒɛd
eɪ,eɪʒɛg,eɪʒɛg,eʒɛg,eʒɛg
eɪ,eɪʒɛf,eɪʒɛf,eʒɛf,eʒɛf
eɪ,eɪʒɛs,eɪʒɛs,eʒɛs,eʒɛs
eɪ,eɪʒɛv,eɪʒɛv,eʒɛv,eʒɛv
eɪ,eɪʒɛz,eɪʒɛz,eʒɛz,eʒɛz
eɪ,eɪʒɛʃ,eɪʒɛʃ,eʒɛʃ,eʒɛʃ
eɪ,eɪʒɛʒ,eɪʒɛʒ,eʒɛʒ,eʒɛʒ
eɪ,eɪʒɛθ,eɪʒɛθ,eʒɛθ,eʒɛθ
eɪ,eɪʒɛð,eɪʒɛð,eʒɛð,eʒɛð
eɪ,eɪθɛm,eɪθɛm,eθɛm,eθɛm
eɪ,eɪθɛn,eɪθɛn,eθɛn,eθɛn
eɪ,eɪθɛŋ,eɪθɛŋ,eθɛŋ,eθɛŋ
eɪ,eɪθɛp,eɪθɛp,eθɛp,eθɛp
eɪ,eɪθɛt,eɪθɛt,eθɛt,eθɛt
eɪ,eɪθɛk,eɪθɛk,eθɛk,eθɛk
eɪ,eɪθɛb,eɪθɛb,eθɛb,eθɛb
eɪ,eɪθɛd,eɪθɛd,eθɛd,eθɛd
eɪ,eɪθɛg,eɪθɛg,eθɛg,eθɛg
eɪ,eɪθɛf,eɪθɛf,eθɛf,eθɛf
eɪ,eɪθɛs,eɪθɛs,eθɛs,eθɛs
eɪ,eɪθɛv,eɪθɛv,eθɛv,eθɛv
eɪ,eɪθɛz,eɪθɛz,eθɛz,eθɛz
eɪ,eɪθɛʃ,eɪθɛʃ,eθɛʃ,eθɛʃ
eɪ,eɪθɛʒ,eɪθɛʒ,eθɛʒ,eθɛʒ
eɪ,eɪθɛθ,eɪθɛθ,eθɛθ,eθɛθ
eɪ,eɪθɛð,eɪθɛð,eθɛð,eθɛð
eɪ,eɪðɛm,eɪðɛm,eðɛm,eðɛm
eɪ,eɪðɛn,eɪðɛn,eðɛn,eðɛn
eɪ,eɪðɛŋ,eɪðɛŋ,eðɛŋ,eðɛŋ
eɪ,eɪðɛp,eɪðɛp,eðɛp,eðɛp
eɪ,eɪðɛt,eɪðɛt,eðɛt,eðɛt
eɪ,eɪðɛk,eɪðɛk,eðɛk,eðɛk
eɪ,eɪðɛb,eɪðɛb,eðɛb,eðɛb
eɪ,eɪðɛd,eɪðɛd,eðɛd,eðɛd
eɪ,eɪðɛg,eɪðɛg,eðɛg,eðɛg
eɪ,eɪðɛf,eɪðɛf,eðɛf,eðɛf
eɪ,eɪðɛs,eɪðɛs,eðɛs,eðɛs
eɪ,eɪðɛv,eɪðɛv,eðɛv,eðɛv
eɪ,eɪðɛz,eɪðɛz,eðɛz,eðɛz
eɪ,eɪðɛʃ,eɪðɛʃ,eðɛʃ,eðɛʃ
eɪ,eɪðɛʒ,eɪðɛʒ,eðɛʒ,eðɛʒ
eɪ,eɪðɛθ,eɪðɛθ,eðɛθ,eðɛθ
eɪ,eɪðɛð,eɪðɛð,eðɛð,eðɛð
eɪ,eɪhɛm,eɪhɛm,ehɛm,ehɛm
eɪ,eɪhɛn,eɪhɛn,ehɛn,ehɛn
eɪ,eɪhɛŋ,eɪhɛŋ,ehɛŋ,ehɛŋ
eɪ,eɪhɛp,eɪhɛp,ehɛp,ehɛp
eɪ,eɪhɛt,eɪhɛt,ehɛt,ehɛt
eɪ,eɪhɛk,eɪhɛk,ehɛk,ehɛk
eɪ,eɪhɛb,eɪhɛb,ehɛb,ehɛb
eɪ,eɪhɛd,eɪhɛd,ehɛd,ehɛd
eɪ,eɪhɛg,eɪhɛg,ehɛg,ehɛg
eɪ,eɪhɛf,eɪhɛf,ehɛf,ehɛf
eɪ,eɪhɛs,eɪhɛs,ehɛs,ehɛs
eɪ,eɪhɛv,eɪhɛv,ehɛv,ehɛv
eɪ,eɪhɛz,eɪhɛz,ehɛz,ehɛz
eɪ,eɪhɛʃ,eɪhɛʃ,ehɛʃ,ehɛʃ
eɪ,eɪhɛʒ,eɪhɛʒ,ehɛʒ,ehɛʒ
eɪ,eɪhɛθ,eɪhɛθ,ehɛθ,ehɛθ
eɪ,eɪhɛð,eɪhɛð,ehɛð,ehɛð
eɪ,eɪmʊm,eɪmɪm,emʊm,emɪm
eɪ,eɪmʊn,eɪmɪn,emʊn,emɪn
eɪ,eɪmʊŋ,eɪmɪŋ,emʊŋ,emɪŋ
eɪ,eɪmʊp,eɪmɪp,emʊp,emɪp
eɪ,eɪmʊt,eɪmɪt,emʊt,emɪt
eɪ,eɪmʊk,eɪmɪk,emʊk,emɪk
eɪ,eɪmʊb,eɪmɪb,emʊb,emɪb
eɪ,eɪmʊd,eɪmɪd,emʊd,emɪd
eɪ,eɪmʊg,eɪmɪg,emʊg,emɪg
eɪ,eɪmʊf,eɪmɪf,emʊf,emɪf
eɪ,eɪmʊs,eɪmɪs,emʊs,emɪs
eɪ,eɪmʊv,eɪmɪv,emʊv,emɪv
eɪ,eɪmʊz,eɪmɪz,emʊz,emɪz
eɪ,eɪmʊʃ,eɪmɪʃ,emʊʃ,emɪʃ
eɪ,eɪmʊʒ,eɪmɪʒ,emʊʒ,emɪʒ
eɪ,eɪmʊθ,eɪmɪθ,emʊθ,emɪθ
eɪ,eɪmʊð,eɪmɪð,emʊð,emɪð
eɪ,eɪnʊm,eɪnɪm,enʊm,enɪm
eɪ,eɪnʊn,eɪnɪn,enʊn,enɪn
eɪ,eɪnʊŋ,eɪnɪŋ,enʊŋ,enɪŋ
eɪ,eɪnʊp,eɪnɪp,enʊp,enɪp
eɪ,eɪnʊt,eɪnɪt,enʊt,enɪt
eɪ,eɪnʊk,eɪnɪk,enʊk,enɪk
eɪ,eɪnʊb,eɪnɪb,enʊb,enɪb
eɪ,eɪnʊd,eɪnɪd,enʊd,enɪd
eɪ,eɪnʊg,eɪnɪg,enʊg,enɪg
eɪ,eɪnʊf,eɪnɪf,enʊf,enɪf
eɪ,eɪnʊs,eɪnɪs,enʊs,enɪs
eɪ,eɪnʊv,eɪnɪv,enʊv,enɪv
eɪ,eɪnʊz,eɪnɪz,enʊz,enɪz
eɪ,eɪnʊʃ,eɪnɪʃ,enʊʃ,enɪʃ
eɪ,eɪnʊʒ,eɪnɪʒ,enʊʒ,enɪʒ
eɪ,eɪnʊθ,eɪnɪθ,enʊθ,enɪθ
eɪ,eɪnʊð,eɪnɪð,enʊð,enɪð
eɪ,eɪpʊm,eɪpɪm,epʊm,epɪm
eɪ,eɪpʊn,eɪpɪn,epʊn,epɪn
eɪ,eɪpʊŋ,eɪpɪŋ,epʊŋ,epɪŋ
eɪ,eɪpʊp,eɪpɪp,epʊp,epɪp
eɪ,eɪpʊt,eɪpɪt,epʊt,epɪt
eɪ,eɪpʊk,eɪpɪk,epʊk,epɪk
eɪ,eɪpʊb,eɪpɪb,epʊb,epɪb
eɪ,eɪpʊd,eɪpɪd,epʊd,epɪd
eɪ,eɪpʊg,eɪpɪg,epʊg,epɪg
eɪ,eɪpʊf,eɪpɪf,epʊf,epɪf
eɪ,eɪpʊs,eɪpɪs,epʊs,epɪs
eɪ,eɪpʊv,eɪpɪv,epʊv,epɪv
eɪ,eɪpʊz,eɪpɪz,epʊz,epɪz
eɪ,eɪpʊʃ,eɪpɪʃ,epʊʃ,epɪʃ
eɪ,eɪpʊʒ,eɪpɪʒ,epʊʒ,epɪʒ
eɪ,eɪpʊθ,eɪpɪθ,epʊθ,epɪθ
eɪ,eɪpʊð,eɪpɪð,epʊð,epɪð
eɪ,eɪtʊm,eɪtɪm,etʊm,etɪm
eɪ,eɪtʊn,eɪtɪn,etʊn,etɪn
eɪ,eɪtʊŋ,eɪtɪŋ,etʊŋ,etɪŋ
eɪ,eɪtʊp,eɪtɪp,etʊp,etɪp
eɪ,eɪtʊt,eɪtɪt,etʊt,etɪt
eɪ,eɪtʊk,eɪtɪk,etʊk,etɪk
eɪ,eɪtʊb,eɪtɪb,etʊb,etɪb
eɪ,eɪtʊd,eɪtɪd,etʊd,etɪd
eɪ,eɪtʊg,eɪtɪg,etʊg,etɪg
eɪ,eɪtʊf,eɪtɪf,etʊf,etɪf
eɪ,eɪtʊs,eɪtɪs,etʊs,etɪs
eɪ,eɪtʊv,eɪtɪv,etʊv,etɪv
eɪ,eɪtʊz,eɪtɪz,etʊz,etɪz
eɪ,eɪtʊʃ,eɪtɪʃ,etʊʃ,etɪʃ
eɪ,eɪtʊʒ,eɪtɪʒ,etʊʒ,etɪʒ
eɪ,eɪtʊθ,eɪtɪθ,etʊθ,etɪθ
eɪ,eɪtʊð,eɪtɪð,etʊð,etɪð
eɪ,eɪkʊm,eɪkɪm,ekʊm,ekɪm
eɪ,eɪkʊn,eɪkɪn,ekʊn,ekɪn
eɪ,eɪkʊŋ,eɪkɪŋ,ekʊŋ,ekɪŋ
eɪ,eɪkʊp,eɪkɪp,ekʊp,ekɪp
eɪ,eɪkʊt,eɪkɪt,ekʊt,ekɪt
eɪ,eɪkʊk,eɪkɪk,ekʊk,ekɪk
eɪ,eɪkʊb,eɪkɪb,ekʊb,ekɪb
eɪ,eɪkʊd,eɪkɪd,ekʊd,ekɪd
eɪ,eɪkʊg,eɪkɪg,ekʊg,ekɪg
eɪ,eɪkʊf,eɪkɪf,ekʊf,ekɪf
eɪ,eɪkʊs,eɪkɪs,ekʊs,ekɪs
eɪ,eɪkʊv,eɪkɪv,ekʊv,ekɪv
eɪ,eɪkʊz,eɪkɪz,ekʊz,ekɪz
eɪ,eɪkʊʃ,eɪkɪʃ,ekʊʃ,ekɪʃ
eɪ,eɪkʊʒ,eɪkɪʒ,ekʊʒ,ekɪʒ
eɪ,eɪkʊθ,eɪkɪθ,ekʊθ,ekɪθ
eɪ,eɪkʊð,eɪkɪð,ekʊð,ekɪð
eɪ,eɪbʊm,eɪbɪm,ebʊm,ebɪm
eɪ,eɪbʊn,eɪbɪn,ebʊn,ebɪn
eɪ,eɪbʊŋ,eɪbɪŋ,ebʊŋ,ebɪŋ
eɪ,eɪbʊp,eɪbɪp,ebʊp,ebɪp
eɪ,eɪbʊt,eɪbɪt,ebʊt,ebɪt
eɪ,eɪbʊk,eɪbɪk,ebʊk,ebɪk
eɪ,eɪbʊb,eɪbɪb,ebʊb,ebɪb
eɪ,eɪbʊd,eɪbɪd,ebʊd,ebɪd
eɪ,eɪbʊg,eɪbɪg,ebʊg,ebɪg
eɪ,eɪbʊf,eɪbɪf,ebʊf,ebɪf
eɪ,eɪbʊs,eɪbɪs,ebʊs,ebɪs
eɪ,eɪbʊv,eɪbɪv,ebʊv,ebɪv
eɪ,eɪbʊz,eɪbɪz,ebʊz,ebɪz
eɪ,eɪbʊʃ,eɪbɪʃ,ebʊʃ,ebɪʃ
eɪ,eɪbʊʒ,eɪbɪʒ,ebʊʒ,ebɪʒ
eɪ,eɪbʊθ,eɪbɪθ,ebʊθ,ebɪθ
eɪ,eɪbʊð,eɪbɪð,ebʊð,ebɪð
eɪ,eɪdʊm,eɪdɪm,edʊm,edɪm
eɪ,eɪdʊn,eɪdɪn,edʊn,edɪn
eɪ,eɪdʊŋ,eɪdɪŋ,edʊŋ,edɪŋ
eɪ,eɪdʊp,eɪdɪp,edʊp,edɪp
eɪ,eɪdʊt,eɪdɪt,edʊt,edɪt
eɪ,eɪdʊk,eɪdɪk,edʊk,edɪk
eɪ,eɪdʊb,eɪdɪb,edʊb,edɪb
eɪ,eɪdʊd,eɪdɪd,edʊd,edɪd
eɪ,eɪdʊg,eɪdɪg,edʊg,edɪg
eɪ,eɪdʊf,eɪdɪf,edʊf,edɪf
eɪ,eɪdʊs,eɪdɪs,edʊs,edɪs
eɪ,eɪdʊv,eɪdɪv,edʊv,edɪv
eɪ,eɪdʊz,eɪdɪz,edʊz,edɪz
eɪ,eɪdʊʃ,eɪdɪʃ,edʊʃ,edɪʃ
eɪ,eɪdʊʒ,eɪdɪʒ,edʊʒ,edɪʒ
eɪ,eɪdʊθ,eɪdɪθ,edʊθ,edɪθ
eɪ,eɪdʊð,eɪdɪð,edʊð,edɪð
eɪ,eɪgʊm,eɪgɪm,egʊm,egɪm
eɪ,eɪgʊn,eɪgɪn,egʊn,egɪn
eɪ,eɪgʊŋ,eɪgɪŋ,egʊŋ,egɪŋ
eɪ,eɪgʊp,eɪgɪp,egʊp,egɪp
eɪ,eɪgʊt,eɪgɪt,egʊt,egɪt
eɪ,eɪgʊk,eɪgɪk,egʊk,egɪk
eɪ,eɪgʊb,eɪgɪb,egʊb,egɪb
eɪ,eɪgʊd,eɪgɪd,egʊd,egɪd
eɪ,eɪgʊg,eɪgɪg,egʊg,egɪg
eɪ,eɪgʊf,eɪgɪf,egʊf,egɪf
eɪ,eɪgʊs,eɪgɪs,egʊs,egɪs
eɪ,eɪgʊv,eɪgɪv,egʊv,egɪv
eɪ,eɪgʊz,eɪgɪz,egʊz,egɪz
eɪ,eɪgʊʃ,eɪgɪʃ,egʊʃ,egɪʃ
eɪ,eɪgʊʒ,eɪgɪʒ,egʊʒ,egɪʒ
eɪ,eɪgʊθ,eɪgɪθ,egʊθ,egɪθ
eɪ,eɪgʊð,eɪgɪð,egʊð,egɪð
eɪ,eɪfʊm,eɪfɪm,efʊm,efɪm
eɪ,eɪfʊn,eɪfɪn,efʊn,efɪn
eɪ,eɪfʊŋ,eɪfɪŋ,efʊŋ,efɪŋ
eɪ,eɪfʊp,eɪfɪp,efʊp,efɪp
eɪ,eɪfʊt,eɪfɪt,efʊt,efɪt
eɪ,eɪfʊk,eɪfɪk,efʊk,efɪk
eɪ,eɪfʊb,eɪfɪb,efʊb,efɪb
eɪ,eɪfʊd,eɪfɪd,efʊd,efɪd
eɪ,eɪfʊg,eɪfɪg,efʊg,efɪg
eɪ,eɪfʊf,eɪfɪf,efʊf,efɪf
eɪ,eɪfʊs,eɪfɪs,efʊs,efɪs
eɪ,eɪfʊv,eɪfɪv,efʊv,efɪv
eɪ,eɪfʊz,eɪfɪz,efʊz,efɪz
eɪ,eɪfʊʃ,eɪfɪʃ,efʊʃ,efɪʃ
eɪ,eɪfʊʒ,eɪfɪʒ,efʊʒ,efɪʒ
eɪ,eɪfʊθ,eɪfɪθ,efʊθ,efɪθ
eɪ,eɪfʊð,eɪfɪð,efʊð,efɪð
eɪ,eɪsʊm,eɪsɪm,esʊm,esɪm
eɪ,eɪsʊn,eɪsɪn,esʊn,esɪn
eɪ,eɪsʊŋ,eɪsɪŋ,esʊŋ,esɪŋ
eɪ,eɪsʊp,eɪsɪp,esʊp,esɪp
eɪ,eɪsʊt,eɪsɪt,esʊt,esɪt
eɪ,eɪsʊk,eɪsɪk,esʊk,esɪk
eɪ,eɪsʊb,eɪsɪb,esʊb,esɪb
eɪ,eɪsʊd,eɪsɪd,esʊd,esɪd
eɪ,eɪsʊg,eɪsɪg,esʊg,esɪg
eɪ,eɪsʊf,eɪsɪf,esʊf,esɪf
eɪ,eɪsʊs,eɪsɪs,esʊs,esɪs
eɪ,eɪsʊv,eɪsɪv,esʊv,esɪv
eɪ,eɪsʊz,eɪsɪz,esʊz,esɪz
eɪ,eɪsʊʃ,eɪsɪʃ,esʊʃ,esɪʃ
eɪ,eɪsʊʒ,eɪsɪʒ,esʊʒ,esɪʒ
eɪ,eɪsʊθ,eɪsɪθ,esʊθ,esɪθ
eɪ,eɪsʊð,eɪsɪð,esʊð,esɪð
eɪ,eɪvʊm,eɪvɪm,evʊm,evɪm
eɪ,eɪvʊn,eɪvɪn,evʊn,evɪn
eɪ,eɪvʊŋ,eɪvɪŋ,evʊŋ,evɪŋ
eɪ,eɪvʊp,eɪvɪp,evʊp,evɪp
eɪ,eɪvʊt,eɪvɪt,evʊt,evɪt
eɪ,eɪvʊk,eɪvɪk,evʊk,evɪk
eɪ,eɪvʊb,eɪvɪb,evʊb,evɪb
eɪ,eɪvʊd,eɪvɪd,evʊd,evɪd
eɪ,eɪvʊg,eɪvɪg,evʊg,evɪg
eɪ,eɪvʊf,eɪvɪf,evʊf,evɪf
eɪ,eɪvʊs,eɪvɪs,evʊs,evɪs
eɪ,eɪvʊv,eɪvɪv,evʊv,evɪv
eɪ,eɪvʊz,eɪvɪz,evʊz,evɪz
eɪ,eɪvʊʃ,eɪvɪʃ,evʊʃ,evɪʃ
eɪ,eɪvʊʒ,eɪvɪʒ,evʊʒ,evɪʒ
eɪ,eɪvʊθ,eɪvɪθ,evʊθ,evɪθ
eɪ,eɪvʊð,eɪvɪð,evʊð,evɪð
eɪ,eɪzʊm,eɪzɪm,ezʊm,ezɪm
eɪ,eɪzʊn,eɪzɪn,ezʊn,ezɪn
eɪ,eɪzʊŋ,eɪzɪŋ,ezʊŋ,ezɪŋ
eɪ,eɪzʊp,eɪzɪp,ezʊp,ezɪp
eɪ,eɪzʊt,eɪzɪt,ezʊt,ezɪt
eɪ,eɪzʊk,eɪzɪk,ezʊk,ezɪk
eɪ,eɪzʊb,eɪzɪb,ezʊb,ezɪb
eɪ,eɪzʊd,eɪzɪd,ezʊd,ezɪd
eɪ,eɪzʊg,eɪzɪg,ezʊg,ezɪg
eɪ,eɪzʊf,eɪzɪf,ezʊf,ezɪf
eɪ,eɪzʊs,eɪzɪs,ezʊs,ezɪs
eɪ,eɪzʊv,eɪzɪv,ezʊv,ezɪv
eɪ,eɪzʊz,eɪzɪz,ezʊz,ezɪz
eɪ,eɪzʊʃ,eɪzɪʃ,ezʊʃ,ezɪʃ
eɪ,eɪzʊʒ,eɪzɪʒ,ezʊʒ,ezɪʒ
eɪ,eɪzʊθ,eɪzɪθ,ezʊθ,ezɪθ
eɪ,eɪzʊð,eɪzɪð,ezʊð,ezɪð
eɪ,eɪʃʊm,eɪʃɪm,eʃʊm,eʃɪm
eɪ,eɪʃʊn,eɪʃɪn,eʃʊn,eʃɪn
eɪ,eɪʃʊŋ,eɪʃɪŋ,eʃʊŋ,eʃɪŋ
eɪ,eɪʃʊp,eɪʃɪp,eʃʊp,eʃɪp
eɪ,eɪʃʊt,eɪʃɪt,eʃʊt,eʃɪt
eɪ,eɪʃʊk,eɪʃɪk,eʃʊk,eʃɪk
eɪ,eɪʃʊb,eɪʃɪb,eʃʊb,eʃɪb
eɪ,eɪʃʊd,eɪʃɪd,eʃʊd,eʃɪd
eɪ,eɪʃʊg,eɪʃɪg,eʃʊg,eʃɪg
eɪ,eɪʃʊf,eɪʃɪf,eʃʊf,eʃɪf
eɪ,eɪʃʊs,eɪʃɪs,eʃʊs,eʃɪs
eɪ,eɪʃʊv,eɪʃɪv,eʃʊv,eʃɪv
eɪ,eɪʃʊz,eɪʃɪz,eʃʊz,eʃɪz
eɪ,eɪʃʊʃ,eɪʃɪʃ,eʃʊʃ,eʃɪʃ
eɪ,eɪʃʊʒ,eɪʃɪʒ,eʃʊʒ,eʃɪʒ
eɪ,eɪʃʊθ,eɪʃɪθ,eʃʊθ,eʃɪθ
eɪ,eɪʃʊð,eɪʃɪð,eʃʊð,eʃɪð
eɪ,eɪʒʊm,eɪʒɪm,eʒʊm,eʒɪm
eɪ,eɪʒʊn,eɪʒɪn,eʒʊn,eʒɪn
eɪ,eɪʒʊŋ,eɪʒɪŋ,eʒʊŋ,eʒɪŋ
eɪ,eɪʒʊp,eɪʒɪp,eʒʊp,eʒɪp
eɪ,eɪʒʊt,eɪʒɪt,eʒʊt,eʒɪt
eɪ,eɪʒʊk,eɪʒɪk,eʒʊk,eʒɪk
eɪ,eɪʒʊb,eɪʒɪb,eʒʊb,eʒɪb
eɪ,eɪʒʊd,eɪʒɪd,eʒʊd,eʒɪd
eɪ,eɪʒʊg,eɪʒɪg,eʒʊg,eʒɪg
eɪ,eɪʒʊf,eɪʒɪf,eʒʊf,eʒɪf
eɪ,eɪʒʊs,eɪʒɪs,eʒʊs,eʒɪs
eɪ,eɪʒʊv,eɪʒɪv,eʒʊv,eʒɪv
eɪ,eɪʒʊz,eɪʒɪz,eʒʊz,eʒɪz
eɪ,eɪʒʊʃ,eɪʒɪʃ,eʒʊʃ,eʒɪʃ
eɪ,eɪʒʊʒ,eɪʒɪʒ,eʒʊʒ,eʒɪʒ
eɪ,eɪʒʊθ,eɪʒɪθ,eʒʊθ,eʒɪθ
eɪ,eɪʒʊð,eɪʒɪð,eʒʊð,eʒɪð
eɪ,eɪθʊm,eɪθɪm,eθʊm,eθɪm
eɪ,eɪθʊn,eɪθɪn,eθʊn,eθɪn
eɪ,eɪθʊŋ,eɪθɪŋ,eθʊŋ,eθɪŋ
eɪ,eɪθʊp,eɪθɪp,eθʊp,eθɪp
eɪ,eɪθʊt,eɪθɪt,eθʊt,eθɪt
eɪ,eɪθʊk,eɪθɪk,eθʊk,eθɪk
eɪ,eɪθʊb,eɪθɪb,eθʊb,eθɪb
eɪ,eɪθʊd,eɪθɪd,eθʊd,eθɪd
eɪ,eɪθʊg,eɪθɪg,eθʊg,eθɪg
eɪ,eɪθʊf,eɪθɪf,eθʊf,eθɪf
eɪ,eɪθʊs,eɪθɪs,eθʊs,eθɪs
eɪ,eɪθʊv,eɪθɪv,eθʊv,eθɪv
eɪ,eɪθʊz,eɪθɪz,eθʊz,eθɪz
eɪ,eɪθʊʃ,eɪθɪʃ,eθʊʃ,eθɪʃ
eɪ,eɪθʊʒ,eɪθɪʒ,eθʊʒ,eθɪʒ
eɪ,eɪθʊθ,eɪθɪθ,eθʊθ,eθɪθ
eɪ,eɪθʊð,eɪθɪð,eθʊð,eθɪð
eɪ,eɪðʊm,eɪðɪm,eðʊm,eðɪm
eɪ,eɪðʊn,eɪðɪn,eðʊn,eðɪn
eɪ,eɪðʊŋ,eɪðɪŋ,eðʊŋ,eðɪŋ
eɪ,eɪðʊp,eɪðɪp,eðʊp,eðɪp
eɪ,eɪðʊt,eɪðɪt,eðʊt,eðɪt
eɪ,eɪðʊk,eɪðɪk,eðʊk,eðɪk
eɪ,eɪðʊb,eɪðɪb,eðʊb,eðɪb
eɪ,eɪðʊd,eɪðɪd,eðʊd,eðɪd
eɪ,eɪðʊg,eɪðɪg,eðʊg,eðɪg
eɪ,eɪðʊf,eɪðɪf,eðʊf,eðɪf
eɪ,eɪðʊs,eɪðɪs,eðʊs,eðɪs
eɪ,eɪðʊv,eɪðɪv,eðʊv,eðɪv
eɪ,eɪðʊz,eɪðɪz,eðʊz,eðɪz
eɪ,eɪðʊʃ,eɪðɪʃ,eðʊʃ,eðɪʃ
eɪ,eɪðʊʒ,eɪðɪʒ,eðʊʒ,eðɪʒ
eɪ,eɪðʊθ,eɪðɪθ,eðʊθ,eðɪθ
eɪ,eɪðʊð,eɪðɪð,eðʊð,eðɪð
eɪ,eɪhʊm,eɪhɪm,ehʊm,ehɪm
eɪ,eɪhʊn,eɪhɪn,ehʊn,ehɪn
eɪ,eɪhʊŋ,eɪhɪŋ,ehʊŋ,ehɪŋ
eɪ,eɪhʊp,eɪhɪp,ehʊp,ehɪp
eɪ,eɪhʊt,eɪhɪt,ehʊt,ehɪt
eɪ,eɪhʊk,eɪhɪk,ehʊk,ehɪk
eɪ,eɪhʊb,eɪhɪb,ehʊb,ehɪb
eɪ,eɪhʊd,eɪhɪd,ehʊd,ehɪd
eɪ,eɪhʊg,eɪhɪg,ehʊg,ehɪg
eɪ,eɪhʊf,eɪhɪf,ehʊf,ehɪf
eɪ,eɪhʊs,eɪhɪs,ehʊs,ehɪs
eɪ,eɪhʊv,eɪhɪv,ehʊv,ehɪv
eɪ,eɪhʊz,eɪhɪz,ehʊz,ehɪz
eɪ,eɪhʊʃ,eɪhɪʃ,ehʊʃ,ehɪʃ
eɪ,eɪhʊʒ,eɪhɪʒ,ehʊʒ,ehɪʒ
eɪ,eɪhʊθ,eɪhɪθ,ehʊθ,ehɪθ
eɪ,eɪhʊð,eɪhɪð,ehʊð,ehɪð
eɪ,eɪmɔm,eɪmɛm,emɔm,emɛm
eɪ,eɪmɔn,eɪmɛn,emɔn,emɛn
eɪ,eɪmɔŋ,eɪmɛŋ,emɔŋ,emɛŋ
eɪ,eɪmɔp,eɪmɛp,emɔp,emɛp
eɪ,eɪmɔt,eɪmɛt,emɔt,emɛt
eɪ,eɪmɔk,eɪmɛk,emɔk,emɛk
eɪ,eɪmɔb,eɪmɛb,emɔb,emɛb
eɪ,eɪmɔd,eɪmɛd,emɔd,emɛd
eɪ,eɪmɔg,eɪmɛg,emɔg,emɛg
eɪ,eɪmɔf,eɪmɛf,emɔf,emɛf
eɪ,eɪmɔs,eɪmɛs,emɔs,emɛs
eɪ,eɪmɔv,eɪmɛv,emɔv,emɛv
eɪ,eɪmɔz,eɪmɛz,emɔz,emɛz
eɪ,eɪmɔʃ,eɪmɛʃ,emɔʃ,emɛʃ
eɪ,eɪmɔʒ,eɪmɛʒ,emɔʒ,emɛʒ
eɪ,eɪmɔθ,eɪmɛθ,emɔθ,emɛθ
eɪ,eɪmɔð,eɪmɛð,emɔð,emɛð
eɪ,eɪnɔm,eɪnɛm,enɔm,enɛm
eɪ,eɪnɔn,eɪnɛn,enɔn,enɛn
eɪ,eɪnɔŋ,eɪnɛŋ,enɔŋ,enɛŋ
eɪ,eɪnɔp,eɪnɛp,enɔp,enɛp
eɪ,eɪnɔt,eɪnɛt,enɔt,enɛt
eɪ,eɪnɔk,eɪnɛk,enɔk,enɛk
eɪ,eɪnɔb,eɪnɛb,enɔb,enɛb
eɪ,eɪnɔd,eɪnɛd,enɔd,enɛd
eɪ,eɪnɔg,eɪnɛg,enɔg,enɛg
eɪ,eɪnɔf,eɪnɛf,enɔf,enɛf
eɪ,eɪnɔs,eɪnɛs,enɔs,enɛs
eɪ,eɪnɔv,eɪnɛv,enɔv,enɛv
eɪ,eɪnɔz,eɪnɛz,enɔz,enɛz
eɪ,eɪnɔʃ,eɪnɛʃ,enɔʃ,enɛʃ
eɪ,eɪnɔʒ,eɪnɛʒ,enɔʒ,enɛʒ
eɪ,eɪnɔθ,eɪnɛθ,enɔθ,enɛθ
eɪ,eɪnɔð,eɪnɛð,enɔð,enɛð
eɪ,eɪpɔm,eɪpɛm,epɔm,epɛm
eɪ,eɪpɔn,eɪpɛn,epɔn,epɛn
eɪ,eɪpɔŋ,eɪpɛŋ,epɔŋ,epɛŋ
eɪ,eɪpɔp,eɪpɛp,epɔp,epɛp
eɪ,eɪpɔt,eɪpɛt,epɔt,epɛt
eɪ,eɪpɔk,eɪpɛk,epɔk,epɛk
eɪ,eɪpɔb,eɪpɛb,epɔb,epɛb
eɪ,eɪpɔd,eɪpɛd,epɔd,epɛd
eɪ,eɪpɔg,eɪpɛg,epɔg,epɛg
eɪ,eɪpɔf,eɪpɛf,epɔf,epɛf
eɪ,eɪpɔs,eɪpɛs,epɔs,epɛs
eɪ,eɪpɔv,eɪpɛv,epɔv,epɛv
eɪ,eɪpɔz,eɪpɛz,epɔz,epɛz
eɪ,eɪpɔʃ,eɪpɛʃ,epɔʃ,epɛʃ
eɪ,eɪpɔʒ,eɪpɛʒ,epɔʒ,epɛʒ
eɪ,eɪpɔθ,eɪpɛθ,epɔθ,epɛθ
eɪ,eɪpɔð,eɪpɛð,epɔð,epɛð
eɪ,eɪtɔm,eɪtɛm,etɔm,etɛm
eɪ,eɪtɔn,eɪtɛn,etɔn,etɛn
eɪ,eɪtɔŋ,eɪtɛŋ,etɔŋ,etɛŋ
eɪ,eɪtɔp,eɪtɛp,etɔp,etɛp
eɪ,eɪtɔt,eɪtɛt,etɔt,etɛt
eɪ,eɪtɔk,eɪtɛk,etɔk,etɛk
eɪ,eɪtɔb,eɪtɛb,etɔb,etɛb
eɪ,eɪtɔd,eɪtɛd,etɔd,etɛd
eɪ,eɪtɔg,eɪtɛg,etɔg,etɛg
eɪ,eɪtɔf,eɪtɛf,etɔf,etɛf
eɪ,eɪtɔs,eɪtɛs,etɔs,etɛs
eɪ,eɪtɔv,eɪtɛv,etɔv,etɛv
eɪ,eɪtɔz,eɪtɛz,etɔz,etɛz
eɪ,eɪtɔʃ,eɪtɛʃ,etɔʃ,etɛʃ
eɪ,eɪtɔʒ,eɪtɛʒ,etɔʒ,etɛʒ
eɪ,eɪtɔθ,eɪtɛθ,etɔθ,etɛθ
eɪ,eɪtɔð,eɪtɛð,etɔð,etɛð
eɪ,eɪkɔm,eɪkɛm,ekɔm,ekɛm
eɪ,eɪkɔn,eɪkɛn,ekɔn,ekɛn
eɪ,eɪkɔŋ,eɪkɛŋ,ekɔŋ,ekɛŋ
eɪ,eɪkɔp,eɪkɛp,ekɔp,ekɛp
eɪ,eɪkɔt,eɪkɛt,ekɔt,ekɛt
eɪ,eɪkɔk,eɪkɛk,ekɔk,ekɛk
eɪ,eɪkɔb,eɪkɛb,ekɔb,ekɛb
eɪ,eɪkɔd,eɪkɛd,ekɔd,ekɛd
eɪ,eɪkɔg,eɪkɛg,ekɔg,ekɛg
eɪ,eɪkɔf,eɪkɛf,ekɔf,ekɛf
eɪ,eɪkɔs,eɪkɛs,ekɔs,ekɛs
eɪ,eɪkɔv,eɪkɛv,ekɔv,ekɛv
eɪ,eɪkɔz,eɪkɛz,ekɔz,ekɛz
eɪ,eɪkɔʃ,eɪkɛʃ,ekɔʃ,ekɛʃ
eɪ,eɪkɔʒ,eɪkɛʒ,ekɔʒ,ekɛʒ
eɪ,eɪkɔθ,eɪkɛθ,ekɔθ,ekɛθ
eɪ,eɪkɔð,eɪkɛð,ekɔð,ekɛð
eɪ,eɪbɔm,eɪbɛm,ebɔm,ebɛm
eɪ,eɪbɔn,eɪbɛn,ebɔn,ebɛn
eɪ,eɪbɔŋ,eɪbɛŋ,ebɔŋ,ebɛŋ
eɪ,eɪbɔp,eɪbɛp,ebɔp,ebɛp
eɪ,eɪbɔt,eɪbɛt,ebɔt,ebɛt
eɪ,eɪbɔk,eɪbɛk,ebɔk,ebɛk
eɪ,eɪbɔb,eɪbɛb,ebɔb,ebɛb
eɪ,eɪbɔd,eɪbɛd,ebɔd,ebɛd
eɪ,eɪbɔg,eɪbɛg,ebɔg,ebɛg
eɪ,eɪbɔf,eɪbɛf,ebɔf,ebɛf
eɪ,eɪbɔs,eɪbɛs,ebɔs,ebɛs
eɪ,eɪbɔv,eɪbɛv,ebɔv,ebɛv
eɪ,eɪbɔz,eɪbɛz,ebɔz,ebɛz
eɪ,eɪbɔʃ,eɪbɛʃ,ebɔʃ,ebɛʃ
eɪ,eɪbɔʒ,eɪbɛʒ,ebɔʒ,ebɛʒ
eɪ,eɪbɔθ,eɪbɛθ,ebɔθ,ebɛθ
eɪ,eɪbɔð,eɪbɛð,ebɔð,ebɛð
eɪ,eɪdɔm,eɪdɛm,edɔm,edɛm
eɪ,eɪdɔn,eɪdɛn,edɔn,edɛn
eɪ,eɪdɔŋ,eɪdɛŋ,edɔŋ,edɛŋ
eɪ,eɪdɔp,eɪdɛp,edɔp,edɛp
eɪ,eɪdɔt,eɪdɛt,edɔt,edɛt
eɪ,eɪdɔk,eɪdɛk,edɔk,edɛk
eɪ,eɪdɔb,eɪdɛb,edɔb,edɛb
eɪ,eɪdɔd,eɪdɛd,edɔd,edɛd
eɪ,eɪdɔg,eɪdɛg,edɔg,edɛg
eɪ,eɪdɔf,eɪdɛf,edɔf,edɛf
eɪ,eɪdɔs,eɪdɛs,edɔs,edɛs
eɪ,eɪdɔv,eɪdɛv,edɔv,edɛv
eɪ,eɪdɔz,eɪdɛz,edɔz,edɛz
eɪ,eɪdɔʃ,eɪdɛʃ,edɔʃ,edɛʃ
eɪ,eɪdɔʒ,eɪdɛʒ,edɔʒ,edɛʒ
eɪ,eɪdɔθ,eɪdɛθ,edɔθ,edɛθ
eɪ,eɪdɔð,eɪdɛð,edɔð,edɛð
eɪ,eɪgɔm,eɪgɛm,egɔm,egɛm
eɪ,eɪgɔn,eɪgɛn,egɔn,egɛn
eɪ,eɪgɔŋ,eɪgɛŋ,egɔŋ,egɛŋ
eɪ,eɪgɔp,eɪgɛp,egɔp,egɛp
eɪ,eɪgɔt,eɪgɛt,egɔt,egɛt
eɪ,eɪgɔk,eɪgɛk,egɔk,egɛk
eɪ,eɪgɔb,eɪgɛb,egɔb,egɛb
eɪ,eɪgɔd,eɪgɛd,egɔd,egɛd
eɪ,eɪgɔg,eɪgɛg,egɔg,egɛg
eɪ,eɪgɔf,eɪgɛf,egɔf,egɛf
eɪ,eɪgɔs,eɪgɛs,egɔs,egɛs
eɪ,eɪgɔv,eɪgɛv,egɔv,egɛv
eɪ,eɪgɔz,eɪgɛz,egɔz,egɛz
eɪ,eɪgɔʃ,eɪgɛʃ,egɔʃ,egɛʃ
eɪ,eɪgɔʒ,eɪgɛʒ,egɔʒ,egɛʒ
eɪ,eɪgɔθ,eɪgɛθ,egɔθ,egɛθ
eɪ,eɪgɔð,eɪgɛð,egɔð,egɛð
eɪ,eɪfɔm,eɪfɛm,efɔm,efɛm
eɪ,eɪfɔn,eɪfɛn,efɔn,efɛn
eɪ,eɪfɔŋ,eɪfɛŋ,efɔŋ,efɛŋ
eɪ,eɪfɔp,eɪfɛp,efɔp,efɛp
eɪ,eɪfɔt,eɪfɛt,efɔt,efɛt
eɪ,eɪfɔk,eɪfɛk,efɔk,efɛk
eɪ,eɪfɔb,eɪfɛb,efɔb,efɛb
eɪ,eɪfɔd,eɪfɛd,efɔd,efɛd
eɪ,eɪfɔg,eɪfɛg,efɔg,efɛg
eɪ,eɪfɔf,eɪfɛf,efɔf,efɛf
eɪ,eɪfɔs,eɪfɛs,efɔs,efɛs
eɪ,eɪfɔv,eɪfɛv,efɔv,efɛv
eɪ,eɪfɔz,eɪfɛz,efɔz,efɛz
eɪ,eɪfɔʃ,eɪfɛʃ,efɔʃ,efɛʃ
eɪ,eɪfɔʒ,eɪfɛʒ,efɔʒ,efɛʒ
eɪ,eɪfɔθ,eɪfɛθ,efɔθ,efɛθ
eɪ,eɪfɔð,eɪfɛð,efɔð,efɛð
eɪ,eɪsɔm,eɪsɛm,esɔm,esɛm
eɪ,eɪsɔn,eɪsɛn,esɔn,esɛn
eɪ,eɪsɔŋ,eɪsɛŋ,esɔŋ,esɛŋ
eɪ,eɪsɔp,eɪsɛp,esɔp,esɛp
eɪ,eɪsɔt,eɪsɛt,esɔt,esɛt
eɪ,eɪsɔk,eɪsɛk,esɔk,esɛk
eɪ,eɪsɔb,eɪsɛb,esɔb,esɛb
eɪ,eɪsɔd,eɪsɛd,esɔd,esɛd
eɪ,eɪsɔg,eɪsɛg,esɔg,esɛg
eɪ,eɪsɔf,eɪsɛf,esɔf,esɛf
eɪ,eɪsɔs,eɪsɛs,esɔs,esɛs
eɪ,eɪsɔv,eɪsɛv,esɔv,esɛv
eɪ,eɪsɔz,eɪsɛz,esɔz,esɛz
eɪ,eɪsɔʃ,eɪsɛʃ,esɔʃ,esɛʃ
eɪ,eɪsɔʒ,eɪsɛʒ,esɔʒ,esɛʒ
eɪ,eɪsɔθ,eɪsɛθ,esɔθ,esɛθ
eɪ,eɪsɔð,eɪsɛð,esɔð,esɛð
eɪ,eɪvɔm,eɪvɛm,evɔm,evɛm
eɪ,eɪvɔn,eɪvɛn,evɔn,evɛn
eɪ,eɪvɔŋ,eɪvɛŋ,evɔŋ,evɛŋ
eɪ,eɪvɔp,eɪvɛp,evɔp,evɛp
eɪ,eɪvɔt,eɪvɛt,evɔt,evɛt
eɪ,eɪvɔk,eɪvɛk,evɔk,evɛk
eɪ,eɪvɔb,eɪvɛb,evɔb,evɛb
eɪ,eɪvɔd,eɪvɛd,evɔd,evɛd
eɪ,eɪvɔg,eɪvɛg,evɔg,evɛg
eɪ,eɪvɔf,eɪvɛf,evɔf,evɛf
eɪ,eɪvɔs,eɪvɛs,evɔs,evɛs
eɪ,eɪvɔv,eɪvɛv,evɔv,evɛv
eɪ,eɪvɔz,eɪvɛz,evɔz,evɛz
eɪ,eɪvɔʃ,eɪvɛʃ,evɔʃ,evɛʃ
eɪ,eɪvɔʒ,eɪvɛʒ,evɔʒ,evɛʒ
eɪ,eɪvɔθ,eɪvɛθ,evɔθ,evɛθ
eɪ,eɪvɔð,eɪvɛð,evɔð,evɛð
eɪ,eɪzɔm,eɪzɛm,ezɔm,ezɛm
eɪ,eɪzɔn,eɪzɛn,ezɔn,ezɛn
eɪ,eɪzɔŋ,eɪzɛŋ,ezɔŋ,ezɛŋ
eɪ,eɪzɔp,eɪzɛp,ezɔp,ezɛp
eɪ,eɪzɔt,eɪzɛt,ezɔt,ezɛt
eɪ,eɪzɔk,eɪzɛk,ezɔk,ezɛk
eɪ,eɪzɔb,eɪzɛb,ezɔb,ezɛb
eɪ,eɪzɔd,eɪzɛd,ezɔd,ezɛd
eɪ,eɪzɔg,eɪzɛg,ezɔg,ezɛg
eɪ,eɪzɔf,eɪzɛf,ezɔf,ezɛf
eɪ,eɪzɔs,eɪzɛs,ezɔs,ezɛs
eɪ,eɪzɔv,eɪzɛv,ezɔv,ezɛv
eɪ,eɪzɔz,eɪzɛz,ezɔz,ezɛz
eɪ,eɪzɔʃ,eɪzɛʃ,ezɔʃ,ezɛʃ
eɪ,eɪzɔʒ,eɪzɛʒ,ezɔʒ,ezɛʒ
eɪ,eɪzɔθ,eɪzɛθ,ezɔθ,ezɛθ
eɪ,eɪzɔð,eɪzɛð,ezɔð,ezɛð
eɪ,eɪʃɔm,eɪʃɛm,eʃɔm,eʃɛm
eɪ,eɪʃɔn,eɪʃɛn,eʃɔn,eʃɛn
eɪ,eɪʃɔŋ,eɪʃɛŋ,eʃɔŋ,eʃɛŋ
eɪ,eɪʃɔp,eɪʃɛp,eʃɔp,eʃɛp
eɪ,eɪʃɔt,eɪʃɛt,eʃɔt,eʃɛt
eɪ,eɪʃɔk,eɪʃɛk,eʃɔk,eʃɛk
eɪ,eɪʃɔb,eɪʃɛb,eʃɔb,eʃɛb
eɪ,eɪʃɔd,eɪʃɛd,eʃɔd,eʃɛd
eɪ,eɪʃɔg,eɪʃɛg,eʃɔg,eʃɛg
eɪ,eɪʃɔf,eɪʃɛf,eʃɔf,eʃɛf
eɪ,eɪʃɔs,eɪʃɛs,eʃɔs,eʃɛs
eɪ,eɪʃɔv,eɪʃɛv,eʃɔv,eʃɛv
eɪ,eɪʃɔz,eɪʃɛz,eʃɔz,eʃɛz
eɪ,eɪʃɔʃ,eɪʃɛʃ,eʃɔʃ,eʃɛʃ
eɪ,eɪʃɔʒ,eɪʃɛʒ,eʃɔʒ,eʃɛʒ
eɪ,eɪʃɔθ,eɪʃɛθ,eʃɔθ,eʃɛθ
eɪ,eɪʃɔð,eɪʃɛð,eʃɔð,eʃɛð
eɪ,eɪʒɔm,eɪʒɛm,eʒɔm,eʒɛm
eɪ,eɪʒɔn,eɪʒɛn,eʒɔn,eʒɛn
eɪ,eɪʒɔŋ,eɪʒɛŋ,eʒɔŋ,eʒɛŋ
eɪ,eɪʒɔp,eɪʒɛp,eʒɔp,eʒɛp
eɪ,eɪʒɔt,eɪʒɛt,eʒɔt,eʒɛt
eɪ,eɪʒɔk,eɪʒɛk,eʒɔk,eʒɛk
eɪ,eɪʒɔb,eɪʒɛb,eʒɔb,eʒɛb
eɪ,eɪʒɔd,eɪʒɛd,eʒɔd,eʒɛd
eɪ,eɪʒɔg,eɪʒɛg,eʒɔg,eʒɛg
eɪ,eɪʒɔf,eɪʒɛf,eʒɔf,eʒɛf
eɪ,eɪʒɔs,eɪʒɛs,eʒɔs,eʒɛs
eɪ,eɪʒɔv,eɪʒɛv,eʒɔv,eʒɛv
eɪ,eɪʒɔz,eɪʒɛz,eʒɔz,eʒɛz
eɪ,eɪʒɔʃ,eɪʒɛʃ,eʒɔʃ,eʒɛʃ
eɪ,eɪʒɔʒ,eɪʒɛʒ,eʒɔʒ,eʒɛʒ
eɪ,eɪʒɔθ,eɪʒɛθ,eʒɔθ,eʒɛθ
eɪ,eɪʒɔð,eɪʒɛð,eʒɔð,eʒɛð
eɪ,eɪθɔm,eɪθɛm,eθɔm,eθɛm
eɪ,eɪθɔn,eɪθɛn,eθɔn,eθɛn
eɪ,eɪθɔŋ,eɪθɛŋ,eθɔŋ,eθɛŋ
eɪ,eɪθɔp,eɪθɛp,eθɔp,eθɛp
eɪ,eɪθɔt,eɪθɛt,eθɔt,eθɛt
eɪ,eɪθɔk,eɪθɛk,eθɔk,eθɛk
eɪ,eɪθɔb,eɪθɛb,eθɔb,eθɛb
eɪ,eɪθɔd,eɪθɛd,eθɔd,eθɛd
eɪ,eɪθɔg,eɪθɛg,eθɔg,eθɛg
eɪ,eɪθɔf,eɪθɛf,eθɔf,eθɛf
eɪ,eɪθɔs,eɪθɛs,eθɔs,eθɛs
eɪ,eɪθɔv,eɪθɛv,eθɔv,eθɛv
eɪ,eɪθɔz,eɪθɛz,eθɔz,eθɛz
eɪ,eɪθɔʃ,eɪθɛʃ,eθɔʃ,eθɛʃ
eɪ,eɪθɔʒ,eɪθɛʒ,eθɔʒ,eθɛʒ
eɪ,eɪθɔθ,eɪθɛθ,eθɔθ,eθɛθ
eɪ,eɪθɔð,eɪθɛð,eθɔð,eθɛð
eɪ,eɪðɔm,eɪðɛm,eðɔm,eðɛm
eɪ,eɪðɔn,eɪðɛn,eðɔn,eðɛn
eɪ,eɪðɔŋ,eɪðɛŋ,eðɔŋ,eðɛŋ
eɪ,eɪðɔp,eɪðɛp,eðɔp,eðɛp
eɪ,eɪðɔt,eɪðɛt,eðɔt,eðɛt
eɪ,eɪðɔk,eɪðɛk,eðɔk,eðɛk
eɪ,eɪðɔb,eɪðɛb,eðɔb,eðɛb
eɪ,eɪðɔd,eɪðɛd,eðɔd,eðɛd
eɪ,eɪðɔg,eɪðɛg,eðɔg,eðɛg
eɪ,eɪðɔf,eɪðɛf,eðɔf,eðɛf
eɪ,eɪðɔs,eɪðɛs,eðɔs,eðɛs
eɪ,eɪðɔv,eɪðɛv,eðɔv,eðɛv
eɪ,eɪðɔz,eɪðɛz,eðɔz,eðɛz
eɪ,eɪðɔʃ,eɪðɛʃ,eðɔʃ,eðɛʃ
eɪ,eɪðɔʒ,eɪðɛʒ,eðɔʒ,eðɛʒ
eɪ,eɪðɔθ,eɪðɛθ,eðɔθ,eðɛθ
eɪ,eɪðɔð,eɪðɛð,eðɔð,eðɛð
eɪ,eɪhɔm,eɪhɛm,ehɔm,ehɛm
eɪ,eɪhɔn,eɪhɛn,ehɔn,ehɛn
eɪ,eɪhɔŋ,eɪhɛŋ,ehɔŋ,ehɛŋ
eɪ,eɪhɔp,eɪhɛp,ehɔp,ehɛp
eɪ,eɪhɔt,eɪhɛt,ehɔt,ehɛt
eɪ,eɪhɔk,eɪhɛk,ehɔk,ehɛk
eɪ,eɪhɔb,eɪhɛb,ehɔb,ehɛb
eɪ,eɪhɔd,eɪhɛd,ehɔd,ehɛd
eɪ,eɪhɔg,eɪhɛg,ehɔg,ehɛg
eɪ,eɪhɔf,eɪhɛf,ehɔf,ehɛf
eɪ,eɪhɔs,eɪhɛs,ehɔs,ehɛs
eɪ,eɪhɔv,eɪhɛv,ehɔv,ehɛv
eɪ,eɪhɔz,eɪhɛz,ehɔz,ehɛz
eɪ,eɪhɔʃ,eɪhɛʃ,ehɔʃ,ehɛʃ
eɪ,eɪhɔʒ,eɪhɛʒ,ehɔʒ,ehɛʒ
eɪ,eɪhɔθ,eɪhɛθ,ehɔθ,ehɛθ
eɪ,eɪhɔð,eɪhɛð,ehɔð,ehɛð
u,umɪm,umʊm,umɪm,umʊm
u,umɪn,umʊn,umɪn,umʊn
u,umɪŋ,umʊŋ,umɪŋ,umʊŋ
u,umɪp,umʊp,umɪp,umʊp
u,umɪt,umʊt,umɪt,umʊt
u,umɪk,umʊk,umɪk,umʊk
u,umɪb,umʊb,umɪb,umʊb
u,umɪd,umʊd,umɪd,umʊd
u,umɪg,umʊg,umɪg,umʊg
u,umɪf,umʊf,umɪf,umʊf
u,umɪs,umʊs,umɪs,umʊs
u,umɪv,umʊv,umɪv,umʊv
u,umɪz,umʊz,umɪz,umʊz
u,umɪʃ,umʊʃ,umɪʃ,umʊʃ
u,umɪʒ,umʊʒ,umɪʒ,umʊʒ
u,umɪθ,umʊθ,umɪθ,umʊθ
u,umɪð,umʊð,umɪð,umʊð
u,unɪm,unʊm,unɪm,unʊm
u,unɪn,unʊn,unɪn,unʊn
u,unɪŋ,unʊŋ,unɪŋ,unʊŋ
u,unɪp,unʊp,unɪp,unʊp
u,unɪt,unʊt,unɪt,unʊt
u,unɪk,unʊk,unɪk,unʊk
u,unɪb,unʊb,unɪb,unʊb
u,unɪd,unʊd,unɪd,unʊd
u,unɪg,unʊg,unɪg,unʊg
u,unɪf,unʊf,unɪf,unʊf
u,unɪs,unʊs,unɪs,unʊs
u,unɪv,unʊv,unɪv,unʊv
u,unɪz,unʊz,unɪz,unʊz
u,unɪʃ,unʊʃ,unɪʃ,unʊʃ
u,unɪʒ,unʊʒ,unɪʒ,unʊʒ
u,unɪθ,unʊθ,unɪθ,unʊθ
u,unɪð,unʊð,unɪð,unʊð
u,upɪm,upʊm,upɪm,upʊm
u,upɪn,upʊn,upɪn,upʊn
u,upɪŋ,upʊŋ,upɪŋ,upʊŋ
u,upɪp,upʊp,upɪp,upʊp
u,upɪt,upʊt,upɪt,upʊt
u,upɪk,upʊk,upɪk,upʊk
u,upɪb,upʊb,upɪb,upʊb
u,upɪd,upʊd,upɪd,upʊd
u,upɪg,upʊg,upɪg,upʊg
u,upɪf,upʊf,upɪf,upʊf
u,upɪs,upʊs,upɪs,upʊs
u,upɪv,upʊv,upɪv,upʊv
u,upɪz,upʊz,upɪz,upʊz
u,upɪʃ,upʊʃ,upɪʃ,upʊʃ
u,upɪʒ,upʊʒ,upɪʒ,upʊʒ
u,upɪθ,upʊθ,upɪθ,upʊθ
u,upɪð,upʊð,upɪð,upʊð
u,utɪm,utʊm,utɪm,utʊm
u,utɪn,utʊn,utɪn,utʊn
u,utɪŋ,utʊŋ,utɪŋ,utʊŋ
u,utɪp,utʊp,utɪp,utʊp
u,utɪt,utʊt,utɪt,utʊt
u,utɪk,utʊk,utɪk,utʊk
u,utɪb,utʊb,utɪb,utʊb
u,utɪd,utʊd,utɪd,utʊd
u,utɪg,utʊg,utɪg,utʊg
u,utɪf,utʊf,utɪf,utʊf
u,utɪs,utʊs,utɪs,utʊs
u,utɪv,utʊv,utɪv,utʊv
u,utɪz,utʊz,utɪz,utʊz
u,utɪʃ,utʊʃ,utɪʃ,utʊʃ
u,utɪʒ,utʊʒ,utɪʒ,utʊʒ
u,utɪθ,utʊθ,utɪθ,utʊθ
u,utɪð,utʊð,utɪð,utʊð
u,ukɪm,ukʊm,ukɪm,ukʊm
u,ukɪn,ukʊn,ukɪn,ukʊn
u,ukɪŋ,ukʊŋ,ukɪŋ,ukʊŋ
u,ukɪp,ukʊp,ukɪp,ukʊp
u,ukɪt,ukʊt,ukɪt,ukʊt
u,ukɪk,ukʊk,ukɪk,ukʊk
u,ukɪb,ukʊb,ukɪb,ukʊb
u,ukɪd,ukʊd,ukɪd,ukʊd
u,ukɪg,ukʊg,ukɪg,ukʊg
u,ukɪf,ukʊf,ukɪf,ukʊf
u,ukɪs,ukʊs,ukɪs,ukʊs
u,ukɪv,ukʊv,ukɪv,ukʊv
u,ukɪz,ukʊz,ukɪz,ukʊz
u,ukɪʃ,ukʊʃ,ukɪʃ,ukʊʃ
u,ukɪʒ,ukʊʒ,ukɪʒ,ukʊʒ
u,ukɪθ,ukʊθ,ukɪθ,ukʊθ
u,ukɪð,ukʊð,ukɪð,ukʊð
u,ubɪm,ubʊm,ubɪm,ubʊm
u,ubɪn,ubʊn,ubɪn,ubʊn
u,ubɪŋ,ubʊŋ,ubɪŋ,ubʊŋ
u,ubɪp,ubʊp,ubɪp,ubʊp
u,ubɪt,ubʊt,ubɪt,ubʊt
u,ubɪk,ubʊk,ubɪk,ubʊk
u,ubɪb,ubʊb,ubɪb,ubʊb
u,ubɪd,ubʊd,ubɪd,ubʊd
u,ubɪg,ubʊg,ubɪg,ubʊg
u,ubɪf,ubʊf,ubɪf,ubʊf
u,ubɪs,ubʊs,ubɪs,ubʊs
u,ubɪv,ubʊv,ubɪv,ubʊv
u,ubɪz,ubʊz,ubɪz,ubʊz
u,ubɪʃ,ubʊʃ,ubɪʃ,ubʊʃ
u,ubɪʒ,ubʊʒ,ubɪʒ,ubʊʒ
u,ubɪθ,ubʊθ,ubɪθ,ubʊθ
u,ubɪð,ubʊð,ubɪð,ubʊð
u,udɪm,udʊm,udɪm,udʊm
u,udɪn,udʊn,udɪn,udʊn
u,udɪŋ,udʊŋ,udɪŋ,udʊŋ
u,udɪp,udʊp,udɪp,udʊp
u,udɪt,udʊt,udɪt,udʊt
u,udɪk,udʊk,udɪk,udʊk
u,udɪb,udʊb,udɪb,udʊb
u,udɪd,udʊd,udɪd,udʊd
u,udɪg,udʊg,udɪg,udʊg
u,udɪf,udʊf,udɪf,udʊf
u,udɪs,udʊs,udɪs,udʊs
u,udɪv,udʊv,udɪv,udʊv
u,udɪz,udʊz,udɪz,udʊz
u,udɪʃ,udʊʃ,udɪʃ,udʊʃ
u,udɪʒ,udʊʒ,udɪʒ,udʊʒ
u,udɪθ,udʊθ,udɪθ,udʊθ
u,udɪð,udʊð,udɪð,udʊð
u,ugɪm,ugʊm,ugɪm,ugʊm
u,ugɪn,ugʊn,ugɪn,ugʊn
u,ugɪŋ,ugʊŋ,ugɪŋ,ugʊŋ
u,ugɪp,ugʊp,ugɪp,ugʊp
u,ugɪt,ugʊt,ugɪt,ugʊt
u,ugɪk,ugʊk,ugɪk,ugʊk
u,ugɪb,ugʊb,ugɪb,ugʊb
u,ugɪd,ugʊd,ugɪd,ugʊd
u,ugɪg,ugʊg,ugɪg,ugʊg
u,ugɪf,ugʊf,ugɪf,ugʊf
u,ugɪs,ugʊs,ugɪs,ugʊs
u,ugɪv,ugʊv,ugɪv,ugʊv
u,ugɪz,ugʊz,ugɪz,ugʊz
u,ugɪʃ,ugʊʃ,ugɪʃ,ugʊʃ
u,ugɪʒ,ugʊʒ,ugɪʒ,ugʊʒ
u,ugɪθ,ugʊθ,ugɪθ,ugʊθ
u,ugɪð,ugʊð,ugɪð,ugʊð
u,ufɪm,ufʊm,ufɪm,ufʊm
u,ufɪn,ufʊn,ufɪn,ufʊn
u,ufɪŋ,ufʊŋ,ufɪŋ,ufʊŋ
u,ufɪp,ufʊp,ufɪp,ufʊp
u,ufɪt,ufʊt,ufɪt,ufʊt
u,ufɪk,ufʊk,ufɪk,ufʊk
u,ufɪb,ufʊb,ufɪb,ufʊb
u,ufɪd,ufʊd,ufɪd,ufʊd
u,ufɪg,ufʊg,ufɪg,ufʊg
u,ufɪf,ufʊf,ufɪf,ufʊf
u,ufɪs,ufʊs,ufɪs,ufʊs
u,ufɪv,ufʊv,ufɪv,ufʊv
u,ufɪz,ufʊz,ufɪz,ufʊz
u,ufɪʃ,ufʊʃ,ufɪʃ,ufʊʃ
u,ufɪʒ,ufʊʒ,ufɪʒ,ufʊʒ
u,ufɪθ,ufʊθ,ufɪθ,ufʊθ
u,ufɪð,ufʊð,ufɪð,ufʊð
u,usɪm,usʊm,usɪm,usʊm
u,usɪn,usʊn,usɪn,usʊn
u,usɪŋ,usʊŋ,usɪŋ,usʊŋ
u,usɪp,usʊp,usɪp,usʊp
u,usɪt,usʊt,usɪt,usʊt
u,usɪk,usʊk,usɪk,usʊk
u,usɪb,usʊb,usɪb,usʊb
u,usɪd,usʊd,usɪd,usʊd
u,usɪg,usʊg,usɪg,usʊg
u,usɪf,usʊf,usɪf,usʊf
u,usɪs,usʊs,usɪs,usʊs
u,usɪv,usʊv,usɪv,usʊv
u,usɪz,usʊz,usɪz,usʊz
u,usɪʃ,usʊʃ,usɪʃ,usʊʃ
u,usɪʒ,usʊʒ,usɪʒ,usʊʒ
u,usɪθ,usʊθ,usɪθ,usʊθ
u,usɪð,usʊð,usɪð,usʊð
u,uvɪm,uvʊm,uvɪm,uvʊm
u,uvɪn,uvʊn,uvɪn,uvʊn
u,uvɪŋ,uvʊŋ,uvɪŋ,uvʊŋ
u,uvɪp,uvʊp,uvɪp,uvʊp
u,uvɪt,uvʊt,uvɪt,uvʊt
u,uvɪk,uvʊk,uvɪk,uvʊk
u,uvɪb,uvʊb,uvɪb,uvʊb
u,uvɪd,uvʊd,uvɪd,uvʊd
u,uvɪg,uvʊg,uvɪg,uvʊg
u,uvɪf,uvʊf,uvɪf,uvʊf
u,uvɪs,uvʊs,uvɪs,uvʊs
u,uvɪv,uvʊv,uvɪv,uvʊv
u,uvɪz,uvʊz,uvɪz,uvʊz
u,uvɪʃ,uvʊʃ,uvɪʃ,uvʊʃ
u,uvɪʒ,uvʊʒ,uvɪʒ,uvʊʒ
u,uvɪθ,uvʊθ,uvɪθ,uvʊθ
u,uvɪð,uvʊð,uvɪð,uvʊð
u,uzɪm,uzʊm,uzɪm,uzʊm
u,uzɪn,uzʊn,uzɪn,uzʊn
u,uzɪŋ,uzʊŋ,uzɪŋ,uzʊŋ
u,uzɪp,uzʊp,uzɪp,uzʊp
u,uzɪt,uzʊt,uzɪt,uzʊt
u,uzɪk,uzʊk,uzɪk,uzʊk
u,uzɪb,uzʊb,uzɪb,uzʊb
u,uzɪd,uzʊd,uzɪd,uzʊd
u,uzɪg,uzʊg,uzɪg,uzʊg
u,uzɪf,uzʊf,uzɪf,uzʊf
u,uzɪs,uzʊs,uzɪs,uzʊs
u,uzɪv,uzʊv,uzɪv,uzʊv
u,uzɪz,uzʊz,uzɪz,uzʊz
u,uzɪʃ,uzʊʃ,uzɪʃ,uzʊʃ
u,uzɪʒ,uzʊʒ,uzɪʒ,uzʊʒ
u,uzɪθ,uzʊθ,uzɪθ,uzʊθ
u,uzɪð,uzʊð,uzɪð,uzʊð
u,uʃɪm,uʃʊm,uʃɪm,uʃʊm
u,uʃɪn,uʃʊn,uʃɪn,uʃʊn
u,uʃɪŋ,uʃʊŋ,uʃɪŋ,uʃʊŋ
u,uʃɪp,uʃʊp,uʃɪp,uʃʊp
u,uʃɪt,uʃʊt,uʃɪt,uʃʊt
u,uʃɪk,uʃʊk,uʃɪk,uʃʊk
u,uʃɪb,uʃʊb,uʃɪb,uʃʊb
u,uʃɪd,uʃʊd,uʃɪd,uʃʊd
u,uʃɪg,uʃʊg,uʃɪg,uʃʊg
u,uʃɪf,uʃʊf,uʃɪf,uʃʊf
u,uʃɪs,uʃʊs,uʃɪs,uʃʊs
u,uʃɪv,uʃʊv,uʃɪv,uʃʊv
u,uʃɪz,uʃʊz,uʃɪz,uʃʊz
u,uʃɪʃ,uʃʊʃ,uʃɪʃ,uʃʊʃ
u,uʃɪʒ,uʃʊʒ,uʃɪʒ,uʃʊʒ
u,uʃɪθ,uʃʊθ,uʃɪθ,uʃʊθ
u,uʃɪð,uʃʊð,uʃɪð,uʃʊð
u,uʒɪm,uʒʊm,uʒɪm,uʒʊm
u,uʒɪn,uʒʊn,uʒɪn,uʒʊn
u,uʒɪŋ,uʒʊŋ,uʒɪŋ,uʒʊŋ
u,uʒɪp,uʒʊp,uʒɪp,uʒʊp
u,uʒɪt,uʒʊt,uʒɪt,uʒʊt
u,uʒɪk,uʒʊk,uʒɪk,uʒʊk
u,uʒɪb,uʒʊb,uʒɪb,uʒʊb
u,uʒɪd,uʒʊd,uʒɪd,uʒʊd
u,uʒɪg,uʒʊg,uʒɪg,uʒʊg
u,uʒɪf,uʒʊf,uʒɪf,uʒʊf
u,uʒɪs,uʒʊs,uʒɪs,uʒʊs
u,uʒɪv,uʒʊv,uʒɪv,uʒʊv
u,uʒɪz,uʒʊz,uʒɪz,uʒʊz
u,uʒɪʃ,uʒʊʃ,uʒɪʃ,uʒʊʃ
u,uʒɪʒ,uʒʊʒ,uʒɪʒ,uʒʊʒ
u,uʒɪθ,uʒʊθ,uʒɪθ,uʒʊθ
u,uʒɪð,uʒʊð,uʒɪð,uʒʊð
u,uθɪm,uθʊm,uθɪm,uθʊm
u,uθɪn,uθʊn,uθɪn,uθʊn
u,uθɪŋ,uθʊŋ,uθɪŋ,uθʊŋ
u,uθɪp,uθʊp,uθɪp,uθʊp
u,uθɪt,uθʊt,uθɪt,uθʊt
u,uθɪk,uθʊk,uθɪk,uθʊk
u,uθɪb,uθʊb,uθɪb,uθʊb
u,uθɪd,uθʊd,uθɪd,uθʊd
u,uθɪg,uθʊg,uθɪg,uθʊg
u,uθɪf,uθʊf,uθɪf,uθʊf
u,uθɪs,uθʊs,uθɪs,uθʊs
u,uθɪv,uθʊv,uθɪv,uθʊv
u,uθɪz,uθʊz,uθɪz,uθʊz
u,uθɪʃ,uθʊʃ,uθɪʃ,uθʊʃ
u,uθɪʒ,uθʊʒ,uθɪʒ,uθʊʒ
u,uθɪθ,uθʊθ,uθɪθ,uθʊθ
u,uθɪð,uθʊð,uθɪð,uθʊð
u,uðɪm,uðʊm,uðɪm,uðʊm
u,uðɪn,uðʊn,uðɪn,uðʊn
u,uðɪŋ,uðʊŋ,uðɪŋ,uðʊŋ
u,uðɪp,uðʊp,uðɪp,uðʊp
u,uðɪt,uðʊt,uðɪt,uðʊt
u,uðɪk,uðʊk,uðɪk,uðʊk
u,uðɪb,uðʊb,uðɪb,uðʊb
u,uðɪd,uðʊd,uðɪd,uðʊd
u,uðɪg,uðʊg,uðɪg,uðʊg
u,uðɪf,uðʊf,uðɪf,uðʊf
u,uðɪs,uðʊs,uðɪs,uðʊs
u,uðɪv,uðʊv,uðɪv,uðʊv
u,uðɪz,uðʊz,uðɪz,uðʊz
u,uðɪʃ,uðʊʃ,uðɪʃ,uðʊʃ
u,uðɪʒ,uðʊʒ,uðɪʒ,uðʊʒ
u,uðɪθ,uðʊθ,uðɪθ,uðʊθ
u,uðɪð,uðʊð,uðɪð,uðʊð
u,uhɪm,uhʊm,uhɪm,uhʊm
u,uhɪn,uhʊn,uhɪn,uhʊn
u,uhɪŋ,uhʊŋ,uhɪŋ,uhʊŋ
u,uhɪp,uhʊp,uhɪp,uhʊp
u,uhɪt,uhʊt,uhɪt,uhʊt
u,uhɪk,uhʊk,uhɪk,uhʊk
u,uhɪb,uhʊb,uhɪb,uhʊb
u,uhɪd,uhʊd,uhɪd,uhʊd
u,uhɪg,uhʊg,uhɪg,uhʊg
u,uhɪf,uhʊf,uhɪf,uhʊf
u,uhɪs,uhʊs,uhɪs,uhʊs
u,uhɪv,uhʊv,uhɪv,uhʊv
u,uhɪz,uhʊz,uhɪz,uhʊz
u,uhɪʃ,uhʊʃ,uhɪʃ,uhʊʃ
u,uhɪʒ,uhʊʒ,uhɪʒ,uhʊʒ
u,uhɪθ,uhʊθ,uhɪθ,uhʊθ
u,uhɪð,uhʊð,uhɪð,uhʊð
u,umɛm,umɔm,umɛm,umɔm
u,umɛn,umɔn,umɛn,umɔn
u,umɛŋ,umɔŋ,umɛŋ,umɔŋ
u,umɛp,umɔp,umɛp,umɔp
u,umɛt,umɔt,umɛt,umɔt
u,umɛk,umɔk,umɛk,umɔk
u,umɛb,umɔb,umɛb,umɔb
u,umɛd,umɔd,umɛd,umɔd
u,umɛg,umɔg,umɛg,umɔg
u,umɛf,umɔf,umɛf,umɔf
u,umɛs,umɔs,umɛs,umɔs
u,umɛv,umɔv,umɛv,umɔv
u,umɛz,umɔz,umɛz,umɔz
u,umɛʃ,umɔʃ,umɛʃ,umɔʃ
u,umɛʒ,umɔʒ,umɛʒ,umɔʒ
u,umɛθ,umɔθ,umɛθ,umɔθ
u,umɛð,umɔð,umɛð,umɔð
u,unɛm,unɔm,unɛm,unɔm
u,unɛn,unɔn,unɛn,unɔn
u,unɛŋ,unɔŋ,unɛŋ,unɔŋ
u,unɛp,unɔp,unɛp,unɔp
u,unɛt,unɔt,unɛt,unɔt
u,unɛk,unɔk,unɛk,unɔk
u,unɛb,unɔb,unɛb,unɔb
u,unɛd,unɔd,unɛd,unɔd
u,unɛg,unɔg,unɛg,unɔg
u,unɛf,unɔf,unɛf,unɔf
u,unɛs,unɔs,unɛs,unɔs
u,unɛv,unɔv,unɛv,unɔv
u,unɛz,unɔz,unɛz,unɔz
u,unɛʃ,unɔʃ,unɛʃ,unɔʃ
u,unɛʒ,unɔʒ,unɛʒ,unɔʒ
u,unɛθ,unɔθ,unɛθ,unɔθ
u,unɛð,unɔð,unɛð,unɔð
u,upɛm,upɔm,upɛm,upɔm
u,upɛn,upɔn,upɛn,upɔn
u,upɛŋ,upɔŋ,upɛŋ,upɔŋ
u,upɛp,upɔp,upɛp,upɔp
u,upɛt,upɔt,upɛt,upɔt
u,upɛk,upɔk,upɛk,upɔk
u,upɛb,upɔb,upɛb,upɔb
u,upɛd,upɔd,upɛd,upɔd
u,upɛg,upɔg,upɛg,upɔg
u,upɛf,upɔf,upɛf,upɔf
u,upɛs,upɔs,upɛs,upɔs
u,upɛv,upɔv,upɛv,upɔv
u,upɛz,upɔz,upɛz,upɔz
u,upɛʃ,upɔʃ,upɛʃ,upɔʃ
u,upɛʒ,upɔʒ,upɛʒ,upɔʒ
u,upɛθ,upɔθ,upɛθ,upɔθ
u,upɛð,upɔð,upɛð,upɔð
u,utɛm,utɔm,utɛm,utɔm
u,utɛn,utɔn,utɛn,utɔn
u,utɛŋ,utɔŋ,utɛŋ,utɔŋ
u,utɛp,utɔp,utɛp,utɔp
u,utɛt,utɔt,utɛt,utɔt
u,utɛk,utɔk,utɛk,utɔk
u,utɛb,utɔb,utɛb,utɔb
u,utɛd,utɔd,utɛd,utɔd
u,utɛg,utɔg,utɛg,utɔg
u,utɛf,utɔf,utɛf,utɔf
u,utɛs,utɔs,utɛs,utɔs
u,utɛv,utɔv,utɛv,utɔv
u,utɛz,utɔz,utɛz,utɔz
u,utɛʃ,utɔʃ,utɛʃ,utɔʃ
u,utɛʒ,utɔʒ,utɛʒ,utɔʒ
u,utɛθ,utɔθ,utɛθ,utɔθ
u,utɛð,utɔð,utɛð,utɔð
u,ukɛm,ukɔm,ukɛm,ukɔm
u,ukɛn,ukɔn,ukɛn,ukɔn
u,ukɛŋ,ukɔŋ,ukɛŋ,ukɔŋ
u,ukɛp,ukɔp,ukɛp,ukɔp
u,ukɛt,ukɔt,ukɛt,ukɔt
u,ukɛk,ukɔk,ukɛk,ukɔk
u,ukɛb,ukɔb,ukɛb,ukɔb
u,ukɛd,ukɔd,ukɛd,ukɔd
u,ukɛg,ukɔg,ukɛg,ukɔg
u,ukɛf,ukɔf,ukɛf,ukɔf
u,ukɛs,ukɔs,ukɛs,ukɔs
u,ukɛv,ukɔv,ukɛv,ukɔv
u,ukɛz,ukɔz,ukɛz,ukɔz
u,ukɛʃ,ukɔʃ,ukɛʃ,ukɔʃ
u,ukɛʒ,ukɔʒ,ukɛʒ,ukɔʒ
u,ukɛθ,ukɔθ,ukɛθ,ukɔθ
u,ukɛð,ukɔð,ukɛð,ukɔð
u,ubɛm,ubɔm,ubɛm,ubɔm
u,ubɛn,ubɔn,ubɛn,ubɔn
u,ubɛŋ,ubɔŋ,ubɛŋ,ubɔŋ
u,ubɛp,ubɔp,ubɛp,ubɔp
u,ubɛt,ubɔt,ubɛt,ubɔt
u,ubɛk,ubɔk,ubɛk,ubɔk
u,ubɛb,ubɔb,ubɛb,ubɔb
u,ubɛd,ubɔd,ubɛd,ubɔd
u,ubɛg,ubɔg,ubɛg,ubɔg
u,ubɛf,ubɔf,ubɛf,ubɔf
u,ubɛs,ubɔs,ubɛs,ubɔs
u,ubɛv,ubɔv,ubɛv,ubɔv
u,ubɛz,ubɔz,ubɛz,ubɔz
u,ubɛʃ,ubɔʃ,ubɛʃ,ubɔʃ
u,ubɛʒ,ubɔʒ,ubɛʒ,ubɔʒ
u,ubɛθ,ubɔθ,ubɛθ,ubɔθ
u,ubɛð,ubɔð,ubɛð,ubɔð
u,udɛm,udɔm,udɛm,udɔm
u,udɛn,udɔn,udɛn,udɔn
u,udɛŋ,udɔŋ,udɛŋ,udɔŋ
u,udɛp,udɔp,udɛp,udɔp
u,udɛt,udɔt,udɛt,udɔt
u,udɛk,udɔk,udɛk,udɔk
u,udɛb,udɔb,udɛb,udɔb
u,udɛd,udɔd,udɛd,udɔd
u,udɛg,udɔg,udɛg,udɔg
u,udɛf,udɔf,udɛf,udɔf
u,udɛs,udɔs,udɛs,udɔs
u,udɛv,udɔv,udɛv,udɔv
u,udɛz,udɔz,udɛz,udɔz
u,udɛʃ,udɔʃ,udɛʃ,udɔʃ
u,udɛʒ,udɔʒ,udɛʒ,udɔʒ
u,udɛθ,udɔθ,udɛθ,udɔθ
u,udɛð,udɔð,udɛð,udɔð
u,ugɛm,ugɔm,ugɛm,ugɔm
u,ugɛn,ugɔn,ugɛn,ugɔn
u,ugɛŋ,ugɔŋ,ugɛŋ,ugɔŋ
u,ugɛp,ugɔp,ugɛp,ugɔp
u,ugɛt,ugɔt,ugɛt,ugɔt
u,ugɛk,ugɔk,ugɛk,ugɔk
u,ugɛb,ugɔb,ugɛb,ugɔb
u,ugɛd,ugɔd,ugɛd,ugɔd
u,ugɛg,ugɔg,ugɛg,ugɔg
u,ugɛf,ugɔf,ugɛf,ugɔf
u,ugɛs,ugɔs,ugɛs,ugɔs
u,ugɛv,ugɔv,ugɛv,ugɔv
u,ugɛz,ugɔz,ugɛz,ugɔz
u,ugɛʃ,ugɔʃ,ugɛʃ,ugɔʃ
u,ugɛʒ,ugɔʒ,ugɛʒ,ugɔʒ
u,ugɛθ,ugɔθ,ugɛθ,ugɔθ
u,ugɛð,ugɔð,ugɛð,ugɔð
u,ufɛm,ufɔm,ufɛm,ufɔm
u,ufɛn,ufɔn,ufɛn,ufɔn
u,ufɛŋ,ufɔŋ,ufɛŋ,ufɔŋ
u,ufɛp,ufɔp,ufɛp,ufɔp
u,ufɛt,ufɔt,ufɛt,ufɔt
u,ufɛk,ufɔk,ufɛk,ufɔk
u,ufɛb,ufɔb,ufɛb,ufɔb
u,ufɛd,ufɔd,ufɛd,ufɔd
u,ufɛg,ufɔg,ufɛg,ufɔg
u,ufɛf,ufɔf,ufɛf,ufɔf
u,ufɛs,ufɔs,ufɛs,ufɔs
u,ufɛv,ufɔv,ufɛv,ufɔv
u,ufɛz,ufɔz,ufɛz,ufɔz
u,ufɛʃ,ufɔʃ,ufɛʃ,ufɔʃ
u,ufɛʒ,ufɔʒ,ufɛʒ,ufɔʒ
u,ufɛθ,ufɔθ,ufɛθ,ufɔθ
u,ufɛð,ufɔð,ufɛð,ufɔð
u,usɛm,usɔm,usɛm,usɔm
u,usɛn,usɔn,usɛn,usɔn
u,usɛŋ,usɔŋ,usɛŋ,usɔŋ
u,usɛp,usɔp,usɛp,usɔp
u,usɛt,usɔt,usɛt,usɔt
u,usɛk,usɔk,usɛk,usɔk
u,usɛb,usɔb,usɛb,usɔb
u,usɛd,usɔd,usɛd,usɔd
u,usɛg,usɔg,usɛg,usɔg
u,usɛf,usɔf,usɛf,usɔf
u,usɛs,usɔs,usɛs,usɔs
u,usɛv,usɔv,usɛv,usɔv
u,usɛz,usɔz,usɛz,usɔz
u,usɛʃ,usɔʃ,usɛʃ,usɔʃ
u,usɛʒ,usɔʒ,usɛʒ,usɔʒ
u,usɛθ,usɔθ,usɛθ,usɔθ
u,usɛð,usɔð,usɛð,usɔð
u,uvɛm,uvɔm,uvɛm,uvɔm
u,uvɛn,uvɔn,uvɛn,uvɔn
u,uvɛŋ,uvɔŋ,uvɛŋ,uvɔŋ
u,uvɛp,uvɔp,uvɛp,uvɔp
u,uvɛt,uvɔt,uvɛt,uvɔt
u,uvɛk,uvɔk,uvɛk,uvɔk
u,uvɛb,uvɔb,uvɛb,uvɔb
u,uvɛd,uvɔd,uvɛd,uvɔd
u,uvɛg,uvɔg,uvɛg,uvɔg
u,uvɛf,uvɔf,uvɛf,uvɔf
u,uvɛs,uvɔs,uvɛs,uvɔs
u,uvɛv,uvɔv,uvɛv,uvɔv
u,uvɛz,uvɔz,uvɛz,uvɔz
u,uvɛʃ,uvɔʃ,uvɛʃ,uvɔʃ
u,uvɛʒ,uvɔʒ,uvɛʒ,uvɔʒ
u,uvɛθ,uvɔθ,uvɛθ,uvɔθ
u,uvɛð,uvɔð,uvɛð,uvɔð
u,uzɛm,uzɔm,uzɛm,uzɔm
u,uzɛn,uzɔn,uzɛn,uzɔn
u,uzɛŋ,uzɔŋ,uzɛŋ,uzɔŋ
u,uzɛp,uzɔp,uzɛp,uzɔp
u,uzɛt,uzɔt,uzɛt,uzɔt
u,uzɛk,uzɔk,uzɛk,uzɔk
u,uzɛb,uzɔb,uzɛb,uzɔb
u,uzɛd,uzɔd,uzɛd,uzɔd
u,uzɛg,uzɔg,uzɛg,uzɔg
u,uzɛf,uzɔf,uzɛf,uzɔf
u,uzɛs,uzɔs,uzɛs,uzɔs
u,uzɛv,uzɔv,uzɛv,uzɔv
u,uzɛz,uzɔz,uzɛz,uzɔz
u,uzɛʃ,uzɔʃ,uzɛʃ,uzɔʃ
u,uzɛʒ,uzɔʒ,uzɛʒ,uzɔʒ
u,uzɛθ,uzɔθ,uzɛθ,uzɔθ
u,uzɛð,uzɔð,uzɛð,uzɔð
u,uʃɛm,uʃɔm,uʃɛm,uʃɔm
u,uʃɛn,uʃɔn,uʃɛn,uʃɔn
u,uʃɛŋ,uʃɔŋ,uʃɛŋ,uʃɔŋ
u,uʃɛp,uʃɔp,uʃɛp,uʃɔp
u,uʃɛt,uʃɔt,uʃɛt,uʃɔt
u,uʃɛk,uʃɔk,uʃɛk,uʃɔk
u,uʃɛb,uʃɔb,uʃɛb,uʃɔb
u,uʃɛd,uʃɔd,uʃɛd,uʃɔd
u,uʃɛg,uʃɔg,uʃɛg,uʃɔg
u,uʃɛf,uʃɔf,uʃɛf,uʃɔf
u,uʃɛs,uʃɔs,uʃɛs,uʃɔs
u,uʃɛv,uʃɔv,uʃɛv,uʃɔv
u,uʃɛz,uʃɔz,uʃɛz,uʃɔz
u,uʃɛʃ,uʃɔʃ,uʃɛʃ,uʃɔʃ
u,uʃɛʒ,uʃɔʒ,uʃɛʒ,uʃɔʒ
u,uʃɛθ,uʃɔθ,uʃɛθ,uʃɔθ
u,uʃɛð,uʃɔð,uʃɛð,uʃɔð
u,uʒɛm,uʒɔm,uʒɛm,uʒɔm
u,uʒɛn,uʒɔn,uʒɛn,uʒɔn
u,uʒɛŋ,uʒɔŋ,uʒɛŋ,uʒɔŋ
u,uʒɛp,uʒɔp,uʒɛp,uʒɔp
u,uʒɛt,uʒɔt,uʒɛt,uʒɔt
u,uʒɛk,uʒɔk,uʒɛk,uʒɔk
u,uʒɛb,uʒɔb,uʒɛb,uʒɔb
u,uʒɛd,uʒɔd,uʒɛd,uʒɔd
u,uʒɛg,uʒɔg,uʒɛg,uʒɔg
u,uʒɛf,uʒɔf,uʒɛf,uʒɔf
u,uʒɛs,uʒɔs,uʒɛs,uʒɔs
u,uʒɛv,uʒɔv,uʒɛv,uʒɔv
u,uʒɛz,uʒɔz,uʒɛz,uʒɔz
u,uʒɛʃ,uʒɔʃ,uʒɛʃ,uʒɔʃ
u,uʒɛʒ,uʒɔʒ,uʒɛʒ,uʒɔʒ
u,uʒɛθ,uʒɔθ,uʒɛθ,uʒɔθ
u,uʒɛð,uʒɔð,uʒɛð,uʒɔð
u,uθɛm,uθɔm,uθɛm,uθɔm
u,uθɛn,uθɔn,uθɛn,uθɔn
u,uθɛŋ,uθɔŋ,uθɛŋ,uθɔŋ
u,uθɛp,uθɔp,uθɛp,uθɔp
u,uθɛt,uθɔt,uθɛt,uθɔt
u,uθɛk,uθɔk,uθɛk,uθɔk
u,uθɛb,uθɔb,uθɛb,uθɔb
u,uθɛd,uθɔd,uθɛd,uθɔd
u,uθɛg,uθɔg,uθɛg,uθɔg
u,uθɛf,uθɔf,uθɛf,uθɔf
u,uθɛs,uθɔs,uθɛs,uθɔs
u,uθɛv,uθɔv,uθɛv,uθɔv
u,uθɛz,uθɔz,uθɛz,uθɔz
u,uθɛʃ,uθɔʃ,uθɛʃ,uθɔʃ
u,uθɛʒ,uθɔʒ,uθɛʒ,uθɔʒ
u,uθɛθ,uθɔθ,uθɛθ,uθɔθ
u,uθɛð,uθɔð,uθɛð,uθɔð
u,uðɛm,uðɔm,uðɛm,uðɔm
u,uðɛn,uðɔn,uðɛn,uðɔn
u,uðɛŋ,uðɔŋ,uðɛŋ,uðɔŋ
u,uðɛp,uðɔp,uðɛp,uðɔp
u,uðɛt,uðɔt,uðɛt,uðɔt
u,uðɛk,uðɔk,uðɛk,uðɔk
u,uðɛb,uðɔb,uðɛb,uðɔb
u,uðɛd,uðɔd,uðɛd,uðɔd
u,uðɛg,uðɔg,uðɛg,uðɔg
u,uðɛf,uðɔf,uðɛf,uðɔf
u,uðɛs,uðɔs,uðɛs,uðɔs
u,uðɛv,uðɔv,uðɛv,uðɔv
u,uðɛz,uðɔz,uðɛz,uðɔz
u,uðɛʃ,uðɔʃ,uðɛʃ,uðɔʃ
u,uðɛʒ,uðɔʒ,uðɛʒ,uðɔʒ
u,uðɛθ,uðɔθ,uðɛθ,uðɔθ
u,uðɛð,uðɔð,uðɛð,uðɔð
u,uhɛm,uhɔm,uhɛm,uhɔm
u,uhɛn,uhɔn,uhɛn,uhɔn
u,uhɛŋ,uhɔŋ,uhɛŋ,uhɔŋ
u,uhɛp,uhɔp,uhɛp,uhɔp
u,uhɛt,uhɔt,uhɛt,uhɔt
u,uhɛk,uhɔk,uhɛk,uhɔk
u,uhɛb,uhɔb,uhɛb,uhɔb
u,uhɛd,uhɔd,uhɛd,uhɔd
u,uhɛg,uhɔg,uhɛg,uhɔg
u,uhɛf,uhɔf,uhɛf,uhɔf
u,uhɛs,uhɔs,uhɛs,uhɔs
u,uhɛv,uhɔv,uhɛv,uhɔv
u,uhɛz,uhɔz,uhɛz,uhɔz
u,uhɛʃ,uhɔʃ,uhɛʃ,uhɔʃ
u,uhɛʒ,uhɔʒ,uhɛʒ,uhɔʒ
u,uhɛθ,uhɔθ,uhɛθ,uhɔθ
u,uhɛð,uhɔð,uhɛð,uhɔð
u,umʊm,umʊm,umʊm,umʊm
u,umʊn,umʊn,umʊn,umʊn
u,umʊŋ,umʊŋ,umʊŋ,umʊŋ
u,umʊp,umʊp,umʊp,umʊp
u,umʊt,umʊt,umʊt,umʊt
u,umʊk,umʊk,umʊk,umʊk
u,umʊb,umʊb,umʊb,umʊb
u,umʊd,umʊd,umʊd,umʊd
u,umʊg,umʊg,umʊg,umʊg
u,umʊf,umʊf,umʊf,umʊf
u,umʊs,umʊs,umʊs,umʊs
u,umʊv,umʊv,umʊv,umʊv
u,umʊz,umʊz,umʊz,umʊz
u,umʊʃ,umʊʃ,umʊʃ,umʊʃ
u,umʊʒ,umʊʒ,umʊʒ,umʊʒ
u,umʊθ,umʊθ,umʊθ,umʊθ
u,umʊð,umʊð,umʊð,umʊð
u,unʊm,unʊm,unʊm,unʊm
u,unʊn,unʊn,unʊn,unʊn
u,unʊŋ,unʊŋ,unʊŋ,unʊŋ
u,unʊp,unʊp,unʊp,unʊp
u,unʊt,unʊt,unʊt,unʊt
u,unʊk,unʊk,unʊk,unʊk
u,unʊb,unʊb,unʊb,unʊb
u,unʊd,unʊd,unʊd,unʊd
u,unʊg,unʊg,unʊg,unʊg
u,unʊf,unʊf,unʊf,unʊf
u,unʊs,unʊs,unʊs,unʊs
u,unʊv,unʊv,unʊv,unʊv
u,unʊz,unʊz,unʊz,unʊz
u,unʊʃ,unʊʃ,unʊʃ,unʊʃ
u,unʊʒ,unʊʒ,unʊʒ,unʊʒ
u,unʊθ,unʊθ,unʊθ,unʊθ
u,unʊð,unʊð,unʊð,unʊð
u,upʊm,upʊm,upʊm,upʊm
u,upʊn,upʊn,upʊn,upʊn
u,upʊŋ,upʊŋ,upʊŋ,upʊŋ
u,upʊp,upʊp,upʊp,upʊp
u,upʊt,upʊt,upʊt,upʊt
u,upʊk,upʊk,upʊk,upʊk
u,upʊb,upʊb,upʊb,upʊb
u,upʊd,upʊd,upʊd,upʊd
u,upʊg,upʊg,upʊg,upʊg
u,upʊf,upʊf,upʊf,upʊf
u,upʊs,upʊs,upʊs,upʊs
u,upʊv,upʊv,upʊv,upʊv
u,upʊz,upʊz,upʊz,upʊz
u,upʊʃ,upʊʃ,upʊʃ,upʊʃ
u,upʊʒ,upʊʒ,upʊʒ,upʊʒ
u,upʊθ,upʊθ,upʊθ,upʊθ
u,upʊð,upʊð,upʊð,upʊð
u,utʊm,utʊm,utʊm,utʊm
u,utʊn,utʊn,utʊn,utʊn
u,utʊŋ,utʊŋ,utʊŋ,utʊŋ
u,utʊp,utʊp,utʊp,utʊp
u,utʊt,utʊt,utʊt,utʊt
u,utʊk,utʊk,utʊk,utʊk
u,utʊb,utʊb,utʊb,utʊb
u,utʊd,utʊd,utʊd,utʊd
u,utʊg,utʊg,utʊg,utʊg
u,utʊf,utʊf,utʊf,utʊf
u,utʊs,utʊs,utʊs,utʊs
u,utʊv,utʊv,utʊv,utʊv
u,utʊz,utʊz,utʊz,utʊz
u,utʊʃ,utʊʃ,utʊʃ,utʊʃ
u,utʊʒ,utʊʒ,utʊʒ,utʊʒ
u,utʊθ,utʊθ,utʊθ,utʊθ
u,utʊð,utʊð,utʊð,utʊð
u,ukʊm,ukʊm,ukʊm,ukʊm
u,ukʊn,ukʊn,ukʊn,ukʊn
u,ukʊŋ,ukʊŋ,ukʊŋ,ukʊŋ
u,ukʊp,ukʊp,ukʊp,ukʊp
u,ukʊt,ukʊt,ukʊt,ukʊt
u,ukʊk,ukʊk,ukʊk,ukʊk
u,ukʊb,ukʊb,ukʊb,ukʊb
u,ukʊd,ukʊd,ukʊd,ukʊd
u,ukʊg,ukʊg,ukʊg,ukʊg
u,ukʊf,ukʊf,ukʊf,ukʊf
u,ukʊs,ukʊs,ukʊs,ukʊs
u,ukʊv,ukʊv,ukʊv,ukʊv
u,ukʊz,ukʊz,ukʊz,ukʊz
u,ukʊʃ,ukʊʃ,ukʊʃ,ukʊʃ
u,ukʊʒ,ukʊʒ,ukʊʒ,ukʊʒ
u,ukʊθ,ukʊθ,ukʊθ,ukʊθ
u,ukʊð,ukʊð,ukʊð,ukʊð
u,ubʊm,ubʊm,ubʊm,ubʊm
u,ubʊn,ubʊn,ubʊn,ubʊn
u,ubʊŋ,ubʊŋ,ubʊŋ,ubʊŋ
u,ubʊp,ubʊp,ubʊp,ubʊp
u,ubʊt,ubʊt,ubʊt,ubʊt
u,ubʊk,ubʊk,ubʊk,ubʊk
u,ubʊb,ubʊb,ubʊb,ubʊb
u,ubʊd,ubʊd,ubʊd,ubʊd
u,ubʊg,ubʊg,ubʊg,ubʊg
u,ubʊf,ubʊf,ubʊf,ubʊf
u,ubʊs,ubʊs,ubʊs,ubʊs
u,ubʊv,ubʊv,ubʊv,ubʊv
u,ubʊz,ubʊz,ubʊz,ubʊz
u,ubʊʃ,ubʊʃ,ubʊʃ,ubʊʃ
u,ubʊʒ,ubʊʒ,ubʊʒ,ubʊʒ
u,ubʊθ,ubʊθ,ubʊθ,ubʊθ
u,ubʊð,ubʊð,ubʊð,ubʊð
u,udʊm,udʊm,udʊm,udʊm
u,udʊn,udʊn,udʊn,udʊn
u,udʊŋ,udʊŋ,udʊŋ,udʊŋ
u,udʊp,udʊp,udʊp,udʊp
u,udʊt,udʊt,udʊt,udʊt
u,udʊk,udʊk,udʊk,udʊk
u,udʊb,udʊb,udʊb,udʊb
u,udʊd,udʊd,udʊd,udʊd
u,udʊg,udʊg,udʊg,udʊg
u,udʊf,udʊf,udʊf,udʊf
u,udʊs,udʊs,udʊs,udʊs
u,udʊv,udʊv,udʊv,udʊv
u,udʊz,udʊz,udʊz,udʊz
u,udʊʃ,udʊʃ,udʊʃ,udʊʃ
u,udʊʒ,udʊʒ,udʊʒ,udʊʒ
u,udʊθ,udʊθ,udʊθ,udʊθ
u,udʊð,udʊð,udʊð,udʊð
u,ugʊm,ugʊm,ugʊm,ugʊm
u,ugʊn,ugʊn,ugʊn,ugʊn
u,ugʊŋ,ugʊŋ,ugʊŋ,ugʊŋ
u,ugʊp,ugʊp,ugʊp,ugʊp
u,ugʊt,ugʊt,ugʊt,ugʊt
u,ugʊk,ugʊk,ugʊk,ugʊk
u,ugʊb,ugʊb,ugʊb,ugʊb
u,ugʊd,ugʊd,ugʊd,ugʊd
u,ugʊg,ugʊg,ugʊg,ugʊg
u,ugʊf,ugʊf,ugʊf,ugʊf
u,ugʊs,ugʊs,ugʊs,ugʊs
u,ugʊv,ugʊv,ugʊv,ugʊv
u,ugʊz,ugʊz,ugʊz,ugʊz
u,ugʊʃ,ugʊʃ,ugʊʃ,ugʊʃ
u,ugʊʒ,ugʊʒ,ugʊʒ,ugʊʒ
u,ugʊθ,ugʊθ,ugʊθ,ugʊθ
u,ugʊð,ugʊð,ugʊð,ugʊð
u,ufʊm,ufʊm,ufʊm,ufʊm
u,ufʊn,ufʊn,ufʊn,ufʊn
u,ufʊŋ,ufʊŋ,ufʊŋ,ufʊŋ
u,ufʊp,ufʊp,ufʊp,ufʊp
u,ufʊt,ufʊt,ufʊt,ufʊt
u,ufʊk,ufʊk,ufʊk,ufʊk
u,ufʊb,ufʊb,ufʊb,ufʊb
u,ufʊd,ufʊd,ufʊd,ufʊd
u,ufʊg,ufʊg,ufʊg,ufʊg
u,ufʊf,ufʊf,ufʊf,ufʊf
u,ufʊs,ufʊs,ufʊs,ufʊs
u,ufʊv,ufʊv,ufʊv,ufʊv
u,ufʊz,ufʊz,ufʊz,ufʊz
u,ufʊʃ,ufʊʃ,ufʊʃ,ufʊʃ
u,ufʊʒ,ufʊʒ,ufʊʒ,ufʊʒ
u,ufʊθ,ufʊθ,ufʊθ,ufʊθ
u,ufʊð,ufʊð,ufʊð,ufʊð
u,usʊm,usʊm,usʊm,usʊm
u,usʊn,usʊn,usʊn,usʊn
u,usʊŋ,usʊŋ,usʊŋ,usʊŋ
u,usʊp,usʊp,usʊp,usʊp
u,usʊt,usʊt,usʊt,usʊt
u,usʊk,usʊk,usʊk,usʊk
u,usʊb,usʊb,usʊb,usʊb
u,usʊd,usʊd,usʊd,usʊd
u,usʊg,usʊg,usʊg,usʊg
u,usʊf,usʊf,usʊf,usʊf
u,usʊs,usʊs,usʊs,usʊs
u,usʊv,usʊv,usʊv,usʊv
u,usʊz,usʊz,usʊz,usʊz
u,usʊʃ,usʊʃ,usʊʃ,usʊʃ
u,usʊʒ,usʊʒ,usʊʒ,usʊʒ
u,usʊθ,usʊθ,usʊθ,usʊθ
u,usʊð,usʊð,usʊð,usʊð
u,uvʊm,uvʊm,uvʊm,uvʊm
u,uvʊn,uvʊn,uvʊn,uvʊn
u,uvʊŋ,uvʊŋ,uvʊŋ,uvʊŋ
u,uvʊp,uvʊp,uvʊp,uvʊp
u,uvʊt,uvʊt,uvʊt,uvʊt
u,uvʊk,uvʊk,uvʊk,uvʊk
u,uvʊb,uvʊb,uvʊb,uvʊb
u,uvʊd,uvʊd,uvʊd,uvʊd
u,uvʊg,uvʊg,uvʊg,uvʊg
u,uvʊf,uvʊf,uvʊf,uvʊf
u,uvʊs,uvʊs,uvʊs,uvʊs
u,uvʊv,uvʊv,uvʊv,uvʊv
u,uvʊz,uvʊz,uvʊz,uvʊz
u,uvʊʃ,uvʊʃ,uvʊʃ,uvʊʃ
u,uvʊʒ,uvʊʒ,uvʊʒ,uvʊʒ
u,uvʊθ,uvʊθ,uvʊθ,uvʊθ
u,uvʊð,uvʊð,uvʊð,uvʊð
u,uzʊm,uzʊm,uzʊm,uzʊm
u,uzʊn,uzʊn,uzʊn,uzʊn
u,uzʊŋ,uzʊŋ,uzʊŋ,uzʊŋ
u,uzʊp,uzʊp,uzʊp,uzʊp
u,uzʊt,uzʊt,uzʊt,uzʊt
u,uzʊk,uzʊk,uzʊk,uzʊk
u,uzʊb,uzʊb,uzʊb,uzʊb
u,uzʊd,uzʊd,uzʊd,uzʊd
u,uzʊg,uzʊg,uzʊg,uzʊg
u,uzʊf,uzʊf,uzʊf,uzʊf
u,uzʊs,uzʊs,uzʊs,uzʊs
u,uzʊv,uzʊv,uzʊv,uzʊv
u,uzʊz,uzʊz,uzʊz,uzʊz
u,uzʊʃ,uzʊʃ,uzʊʃ,uzʊʃ
u,uzʊʒ,uzʊʒ,uzʊʒ,uzʊʒ
u,uzʊθ,uzʊθ,uzʊθ,uzʊθ
u,uzʊð,uzʊð,uzʊð,uzʊð
u,uʃʊm,uʃʊm,uʃʊm,uʃʊm
u,uʃʊn,uʃʊn,uʃʊn,uʃʊn
u,uʃʊŋ,uʃʊŋ,uʃʊŋ,uʃʊŋ
u,uʃʊp,uʃʊp,uʃʊp,uʃʊp
u,uʃʊt,uʃʊt,uʃʊt,uʃʊt
u,uʃʊk,uʃʊk,uʃʊk,uʃʊk
u,uʃʊb,uʃʊb,uʃʊb,uʃʊb
u,uʃʊd,uʃʊd,uʃʊd,uʃʊd
u,uʃʊg,uʃʊg,uʃʊg,uʃʊg
u,uʃʊf,uʃʊf,uʃʊf,uʃʊf
u,uʃʊs,uʃʊs,uʃʊs,uʃʊs
u,uʃʊv,uʃʊv,uʃʊv,uʃʊv
u,uʃʊz,uʃʊz,uʃʊz,uʃʊz
u,uʃʊʃ,uʃʊʃ,uʃʊʃ,uʃʊʃ
u,uʃʊʒ,uʃʊʒ,uʃʊʒ,uʃʊʒ
u,uʃʊθ,uʃʊθ,uʃʊθ,uʃʊθ
u,uʃʊð,uʃʊð,uʃʊð,uʃʊð
u,uʒʊm,uʒʊm,uʒʊm,uʒʊm
u,uʒʊn,uʒʊn,uʒʊn,uʒʊn
u,uʒʊŋ,uʒʊŋ,uʒʊŋ,uʒʊŋ
u,uʒʊp,uʒʊp,uʒʊp,uʒʊp
u,uʒʊt,uʒʊt,uʒʊt,uʒʊt
u,uʒʊk,uʒʊk,uʒʊk,uʒʊk
u,uʒʊb,uʒʊb,uʒʊb,uʒʊb
u,uʒʊd,uʒʊd,uʒʊd,uʒʊd
u,uʒʊg,uʒʊg,uʒʊg,uʒʊg
u,uʒʊf,uʒʊf,uʒʊf,uʒʊf
u,uʒʊs,uʒʊs,uʒʊs,uʒʊs
u,uʒʊv,uʒʊv,uʒʊv,uʒʊv
u,uʒʊz,uʒʊz,uʒʊz,uʒʊz
u,uʒʊʃ,uʒʊʃ,uʒʊʃ,uʒʊʃ
u,uʒʊʒ,uʒʊʒ,uʒʊʒ,uʒʊʒ
u,uʒʊθ,uʒʊθ,uʒʊθ,uʒʊθ
u,uʒʊð,uʒʊð,uʒʊð,uʒʊð
u,uθʊm,uθʊm,uθʊm,uθʊm
u,uθʊn,uθʊn,uθʊn,uθʊn
u,uθʊŋ,uθʊŋ,uθʊŋ,uθʊŋ
u,uθʊp,uθʊp,uθʊp,uθʊp
u,uθʊt,uθʊt,uθʊt,uθʊt
u,uθʊk,uθʊk,uθʊk,uθʊk
u,uθʊb,uθʊb,uθʊb,uθʊb
u,uθʊd,uθʊd,uθʊd,uθʊd
u,uθʊg,uθʊg,uθʊg,uθʊg
u,uθʊf,uθʊf,uθʊf,uθʊf
u,uθʊs,uθʊs,uθʊs,uθʊs
u,uθʊv,uθʊv,uθʊv,uθʊv
u,uθʊz,uθʊz,uθʊz,uθʊz
u,uθʊʃ,uθʊʃ,uθʊʃ,uθʊʃ
u,uθʊʒ,uθʊʒ,uθʊʒ,uθʊʒ
u,uθʊθ,uθʊθ,uθʊθ,uθʊθ
u,uθʊð,uθʊð,uθʊð,uθʊð
u,uðʊm,uðʊm,uðʊm,uðʊm
u,uðʊn,uðʊn,uðʊn,uðʊn
u,uðʊŋ,uðʊŋ,uðʊŋ,uðʊŋ
u,uðʊp,uðʊp,uðʊp,uðʊp
u,uðʊt,uðʊt,uðʊt,uðʊt
u,uðʊk,uðʊk,uðʊk,uðʊk
u,uðʊb,uðʊb,uðʊb,uðʊb
u,uðʊd,uðʊd,uðʊd,uðʊd
u,uðʊg,uðʊg,uðʊg,uðʊg
u,uðʊf,uðʊf,uðʊf,uðʊf
u,uðʊs,uðʊs,uðʊs,uðʊs
u,uðʊv,uðʊv,uðʊv,uðʊv
u,uðʊz,uðʊz,uðʊz,uðʊz
u,uðʊʃ,uðʊʃ,uðʊʃ,uðʊʃ
u,uðʊʒ,uðʊʒ,uðʊʒ,uðʊʒ
u,uðʊθ,uðʊθ,uðʊθ,uðʊθ
u,uðʊð,uðʊð,uðʊð,uðʊð
u,uhʊm,uhʊm,uhʊm,uhʊm
u,uhʊn,uhʊn,uhʊn,uhʊn
u,uhʊŋ,uhʊŋ,uhʊŋ,uhʊŋ
u,uhʊp,uhʊp,uhʊp,uhʊp
u,uhʊt,uhʊt,uhʊt,uhʊt
u,uhʊk,uhʊk,uhʊk,uhʊk
u,uhʊb,uhʊb,uhʊb,uhʊb
u,uhʊd,uhʊd,uhʊd,uhʊd
u,uhʊg,uhʊg,uhʊg,uhʊg
u,uhʊf,uhʊf,uhʊf,uhʊf
u,uhʊs,uhʊs,uhʊs,uhʊs
u,uhʊv,uhʊv,uhʊv,uhʊv
u,uhʊz,uhʊz,uhʊz,uhʊz
u,uhʊʃ,uhʊʃ,uhʊʃ,uhʊʃ
u,uhʊʒ,uhʊʒ,uhʊʒ,uhʊʒ
u,uhʊθ,uhʊθ,uhʊθ,uhʊθ
u,uhʊð,uhʊð,uhʊð,uhʊð
u,umɔm,umɔm,umɔm,umɔm
u,umɔn,umɔn,umɔn,umɔn
u,umɔŋ,umɔŋ,umɔŋ,umɔŋ
u,umɔp,umɔp,umɔp,umɔp
u,umɔt,umɔt,umɔt,umɔt
u,umɔk,umɔk,umɔk,umɔk
u,umɔb,umɔb,umɔb,umɔb
u,umɔd,umɔd,umɔd,umɔd
u,umɔg,umɔg,umɔg,umɔg
u,umɔf,umɔf,umɔf,umɔf
u,umɔs,umɔs,umɔs,umɔs
u,umɔv,umɔv,umɔv,umɔv
u,umɔz,umɔz,umɔz,umɔz
u,umɔʃ,umɔʃ,umɔʃ,umɔʃ
u,umɔʒ,umɔʒ,umɔʒ,umɔʒ
u,umɔθ,umɔθ,umɔθ,umɔθ
u,umɔð,umɔð,umɔð,umɔð
u,unɔm,unɔm,unɔm,unɔm
u,unɔn,unɔn,unɔn,unɔn
u,unɔŋ,unɔŋ,unɔŋ,unɔŋ
u,unɔp,unɔp,unɔp,unɔp
u,unɔt,unɔt,unɔt,unɔt
u,unɔk,unɔk,unɔk,unɔk
u,unɔb,unɔb,unɔb,unɔb
u,unɔd,unɔd,unɔd,unɔd
u,unɔg,unɔg,unɔg,unɔg
u,unɔf,unɔf,unɔf,unɔf
u,unɔs,unɔs,unɔs,unɔs
u,unɔv,unɔv,unɔv,unɔv
u,unɔz,unɔz,unɔz,unɔz
u,unɔʃ,unɔʃ,unɔʃ,unɔʃ
u,unɔʒ,unɔʒ,unɔʒ,unɔʒ
u,unɔθ,unɔθ,unɔθ,unɔθ
u,unɔð,unɔð,unɔð,unɔð
u,upɔm,upɔm,upɔm,upɔm
u,upɔn,upɔn,upɔn,upɔn
u,upɔŋ,upɔŋ,upɔŋ,upɔŋ
u,upɔp,upɔp,upɔp,upɔp
u,upɔt,upɔt,upɔt,upɔt
u,upɔk,upɔk,upɔk,upɔk
u,upɔb,upɔb,upɔb,upɔb
u,upɔd,upɔd,upɔd,upɔd
u,upɔg,upɔg,upɔg,upɔg
u,upɔf,upɔf,upɔf,upɔf
u,upɔs,upɔs,upɔs,upɔs
u,upɔv,upɔv,upɔv,upɔv
u,upɔz,upɔz,upɔz,upɔz
u,upɔʃ,upɔʃ,upɔʃ,upɔʃ
u,upɔʒ,upɔʒ,upɔʒ,upɔʒ
u,upɔθ,upɔθ,upɔθ,upɔθ
u,upɔð,upɔð,upɔð,upɔð
u,utɔm,utɔm,utɔm,utɔm
u,utɔn,utɔn,utɔn,utɔn
u,utɔŋ,utɔŋ,utɔŋ,utɔŋ
u,utɔp,utɔp,utɔp,utɔp
u,utɔt,utɔt,utɔt,utɔt
u,utɔk,utɔk,utɔk,utɔk
u,utɔb,utɔb,utɔb,utɔb
u,utɔd,utɔd,utɔd,utɔd
u,utɔg,utɔg,utɔg,utɔg
u,utɔf,utɔf,utɔf,utɔf
u,utɔs,utɔs,utɔs,utɔs
u,utɔv,utɔv,utɔv,utɔv
u,utɔz,utɔz,utɔz,utɔz
u,utɔʃ,utɔʃ,utɔʃ,utɔʃ
u,utɔʒ,utɔʒ,utɔʒ,utɔʒ
u,utɔθ,utɔθ,utɔθ,utɔθ
u,utɔð,utɔð,utɔð,utɔð
u,ukɔm,ukɔm,ukɔm,ukɔm
u,ukɔn,ukɔn,ukɔn,ukɔn
u,ukɔŋ,ukɔŋ,ukɔŋ,ukɔŋ
u,ukɔp,ukɔp,ukɔp,ukɔp
u,ukɔt,ukɔt,ukɔt,ukɔt
u,ukɔk,ukɔk,ukɔk,ukɔk
u,ukɔb,ukɔb,ukɔb,ukɔb
u,ukɔd,ukɔd,ukɔd,ukɔd
u,ukɔg,ukɔg,ukɔg,ukɔg
u,ukɔf,ukɔf,ukɔf,ukɔf
u,ukɔs,ukɔs,ukɔs,ukɔs
u,ukɔv,ukɔv,ukɔv,ukɔv
u,ukɔz,ukɔz,ukɔz,ukɔz
u,ukɔʃ,ukɔʃ,ukɔʃ,ukɔʃ
u,ukɔʒ,ukɔʒ,ukɔʒ,ukɔʒ
u,ukɔθ,ukɔθ,ukɔθ,ukɔθ
u,ukɔð,ukɔð,ukɔð,ukɔð
u,ubɔm,ubɔm,ubɔm,ubɔm
u,ubɔn,ubɔn,ubɔn,ubɔn
u,ubɔŋ,ubɔŋ,ubɔŋ,ubɔŋ
u,ubɔp,ubɔp,ubɔp,ubɔp
u,ubɔt,ubɔt,ubɔt,ubɔt
u,ubɔk,ubɔk,ubɔk,ubɔk
u,ubɔb,ubɔb,ubɔb,ubɔb
u,ubɔd,ubɔd,ubɔd,ubɔd
u,ubɔg,ubɔg,ubɔg,ubɔg
u,ubɔf,ubɔf,ubɔf,ubɔf
u,ubɔs,ubɔs,ubɔs,ubɔs
u,ubɔv,ubɔv,ubɔv,ubɔv
u,ubɔz,ubɔz,ubɔz,ubɔz
u,ubɔʃ,ubɔʃ,ubɔʃ,ubɔʃ
u,ubɔʒ,ubɔʒ,ubɔʒ,ubɔʒ
u,ubɔθ,ubɔθ,ubɔθ,ubɔθ
u,ubɔð,ubɔð,ubɔð,ubɔð
u,udɔm,udɔm,udɔm,udɔm
u,udɔn,udɔn,udɔn,udɔn
u,udɔŋ,udɔŋ,udɔŋ,udɔŋ
u,udɔp,udɔp,udɔp,udɔp
u,udɔt,udɔt,udɔt,udɔt
u,udɔk,udɔk,udɔk,udɔk
u,udɔb,udɔb,udɔb,udɔb
u,udɔd,udɔd,udɔd,udɔd
u,udɔg,udɔg,udɔg,udɔg
u,udɔf,udɔf,udɔf,udɔf
u,udɔs,udɔs,udɔs,udɔs
u,udɔv,udɔv,udɔv,udɔv
u,udɔz,udɔz,udɔz,udɔz
u,udɔʃ,udɔʃ,udɔʃ,udɔʃ
u,udɔʒ,udɔʒ,udɔʒ,udɔʒ
u,udɔθ,udɔθ,udɔθ,udɔθ
u,udɔð,udɔð,udɔð,udɔð
u,ugɔm,ugɔm,ugɔm,ugɔm
u,ugɔn,ugɔn,ugɔn,ugɔn
u,ugɔŋ,ugɔŋ,ugɔŋ,ugɔŋ
u,ugɔp,ugɔp,ugɔp,ugɔp
u,ugɔt,ugɔt,ugɔt,ugɔt
u,ugɔk,ugɔk,ugɔk,ugɔk
u,ugɔb,ugɔb,ugɔb,ugɔb
u,ugɔd,ugɔd,ugɔd,ugɔd
u,ugɔg,ugɔg,ugɔg,ugɔg
u,ugɔf,ugɔf,ugɔf,ugɔf
u,ugɔs,ugɔs,ugɔs,ugɔs
u,ugɔv,ugɔv,ugɔv,ugɔv
u,ugɔz,ugɔz,ugɔz,ugɔz
u,ugɔʃ,ugɔʃ,ugɔʃ,ugɔʃ
u,ugɔʒ,ugɔʒ,ugɔʒ,ugɔʒ
u,ugɔθ,ugɔθ,ugɔθ,ugɔθ
u,ugɔð,ugɔð,ugɔð,ugɔð
u,ufɔm,ufɔm,ufɔm,ufɔm
u,ufɔn,ufɔn,ufɔn,ufɔn
u,ufɔŋ,ufɔŋ,ufɔŋ,ufɔŋ
u,ufɔp,ufɔp,ufɔp,ufɔp
u,ufɔt,ufɔt,ufɔt,ufɔt
u,ufɔk,ufɔk,ufɔk,ufɔk
u,ufɔb,ufɔb,ufɔb,ufɔb
u,ufɔd,ufɔd,ufɔd,ufɔd
u,ufɔg,ufɔg,ufɔg,ufɔg
u,ufɔf,ufɔf,ufɔf,ufɔf
u,ufɔs,ufɔs,ufɔs,ufɔs
u,ufɔv,ufɔv,ufɔv,ufɔv
u,ufɔz,ufɔz,ufɔz,ufɔz
u,ufɔʃ,ufɔʃ,ufɔʃ,ufɔʃ
u,ufɔʒ,ufɔʒ,ufɔʒ,ufɔʒ
u,ufɔθ,ufɔθ,ufɔθ,ufɔθ
u,ufɔð,ufɔð,ufɔð,ufɔð
u,usɔm,usɔm,usɔm,usɔm
u,usɔn,usɔn,usɔn,usɔn
u,usɔŋ,usɔŋ,usɔŋ,usɔŋ
u,usɔp,usɔp,usɔp,usɔp
u,usɔt,usɔt,usɔt,usɔt
u,usɔk,usɔk,usɔk,usɔk
u,usɔb,usɔb,usɔb,usɔb
u,usɔd,usɔd,usɔd,usɔd
u,usɔg,usɔg,usɔg,usɔg
u,usɔf,usɔf,usɔf,usɔf
u,usɔs,usɔs,usɔs,usɔs
u,usɔv,usɔv,usɔv,usɔv
u,usɔz,usɔz,usɔz,usɔz
u,usɔʃ,usɔʃ,usɔʃ,usɔʃ
u,usɔʒ,usɔʒ,usɔʒ,usɔʒ
u,usɔθ,usɔθ,usɔθ,usɔθ
u,usɔð,usɔð,usɔð,usɔð
u,uvɔm,uvɔm,uvɔm,uvɔm
u,uvɔn,uvɔn,uvɔn,uvɔn
u,uvɔŋ,uvɔŋ,uvɔŋ,uvɔŋ
u,uvɔp,uvɔp,uvɔp,uvɔp
u,uvɔt,uvɔt,uvɔt,uvɔt
u,uvɔk,uvɔk,uvɔk,uvɔk
u,uvɔb,uvɔb,uvɔb,uvɔb
u,uvɔd,uvɔd,uvɔd,uvɔd
u,uvɔg,uvɔg,uvɔg,uvɔg
u,uvɔf,uvɔf,uvɔf,uvɔf
u,uvɔs,uvɔs,uvɔs,uvɔs
u,uvɔv,uvɔv,uvɔv,uvɔv
u,uvɔz,uvɔz,uvɔz,uvɔz
u,uvɔʃ,uvɔʃ,uvɔʃ,uvɔʃ
u,uvɔʒ,uvɔʒ,uvɔʒ,uvɔʒ
u,uvɔθ,uvɔθ,uvɔθ,uvɔθ
u,uvɔð,uvɔð,uvɔð,uvɔð
u,uzɔm,uzɔm,uzɔm,uzɔm
u,uzɔn,uzɔn,uzɔn,uzɔn
u,uzɔŋ,uzɔŋ,uzɔŋ,uzɔŋ
u,uzɔp,uzɔp,uzɔp,uzɔp
u,uzɔt,uzɔt,uzɔt,uzɔt
u,uzɔk,uzɔk,uzɔk,uzɔk
u,uzɔb,uzɔb,uzɔb,uzɔb
u,uzɔd,uzɔd,uzɔd,uzɔd
u,uzɔg,uzɔg,uzɔg,uzɔg
u,uzɔf,uzɔf,uzɔf,uzɔf
u,uzɔs,uzɔs,uzɔs,uzɔs
u,uzɔv,uzɔv,uzɔv,uzɔv
u,uzɔz,uzɔz,uzɔz,uzɔz
u,uzɔʃ,uzɔʃ,uzɔʃ,uzɔʃ
u,uzɔʒ,uzɔʒ,uzɔʒ,uzɔʒ
u,uzɔθ,uzɔθ,uzɔθ,uzɔθ
u,uzɔð,uzɔð,uzɔð,uzɔð
u,uʃɔm,uʃɔm,uʃɔm,uʃɔm
u,uʃɔn,uʃɔn,uʃɔn,uʃɔn
u,uʃɔŋ,uʃɔŋ,uʃɔŋ,uʃɔŋ
u,uʃɔp,uʃɔp,uʃɔp,uʃɔp
u,uʃɔt,uʃɔt,uʃɔt,uʃɔt
u,uʃɔk,uʃɔk,uʃɔk,uʃɔk
u,uʃɔb,uʃɔb,uʃɔb,uʃɔb
u,uʃɔd,uʃɔd,uʃɔd,uʃɔd
u,uʃɔg,uʃɔg,uʃɔg,uʃɔg
u,uʃɔf,uʃɔf,uʃɔf,uʃɔf
u,uʃɔs,uʃɔs,uʃɔs,uʃɔs
u,uʃɔv,uʃɔv,uʃɔv,uʃɔv
u,uʃɔz,uʃɔz,uʃɔz,uʃɔz
u,uʃɔʃ,uʃɔʃ,uʃɔʃ,uʃɔʃ
u,uʃɔʒ,uʃɔʒ,uʃɔʒ,uʃɔʒ
u,uʃɔθ,uʃɔθ,uʃɔθ,uʃɔθ
u,uʃɔð,uʃɔð,uʃɔð,uʃɔð
u,uʒɔm,uʒɔm,uʒɔm,uʒɔm
u,uʒɔn,uʒɔn,uʒɔn,uʒɔn
u,uʒɔŋ,uʒɔŋ,uʒɔŋ,uʒɔŋ
u,uʒɔp,uʒɔp,uʒɔp,uʒɔp
u,uʒɔt,uʒɔt,uʒɔt,uʒɔt
u,uʒɔk,uʒɔk,uʒɔk,uʒɔk
u,uʒɔb,uʒɔb,uʒɔb,uʒɔb
u,uʒɔd,uʒɔd,uʒɔd,uʒɔd
u,uʒɔg,uʒɔg,uʒɔg,uʒɔg
u,uʒɔf,uʒɔf,uʒɔf,uʒɔf
u,uʒɔs,uʒɔs,uʒɔs,uʒɔs
u,uʒɔv,uʒɔv,uʒɔv,uʒɔv
u,uʒɔz,uʒɔz,uʒɔz,uʒɔz
u,uʒɔʃ,uʒɔʃ,uʒɔʃ,uʒɔʃ
u,uʒɔʒ,uʒɔʒ,uʒɔʒ,uʒɔʒ
u,uʒɔθ,uʒɔθ,uʒɔθ,uʒɔθ
u,uʒɔð,uʒɔð,uʒɔð,uʒɔð
u,uθɔm,uθɔm,uθɔm,uθɔm
u,uθɔn,uθɔn,uθɔn,uθɔn
u,uθɔŋ,uθɔŋ,uθɔŋ,uθɔŋ
u,uθɔp,uθɔp,uθɔp,uθɔp
u,uθɔt,uθɔt,uθɔt,uθɔt
u,uθɔk,uθɔk,uθɔk,uθɔk
u,uθɔb,uθɔb,uθɔb,uθɔb
u,uθɔd,uθɔd,uθɔd,uθɔd
u,uθɔg,uθɔg,uθɔg,uθɔg
u,uθɔf,uθɔf,uθɔf,uθɔf
u,uθɔs,uθɔs,uθɔs,uθɔs
u,uθɔv,uθɔv,uθɔv,uθɔv
u,uθɔz,uθɔz,uθɔz,uθɔz
u,uθɔʃ,uθɔʃ,uθɔʃ,uθɔʃ
u,uθɔʒ,uθɔʒ,uθɔʒ,uθɔʒ
u,uθɔθ,uθɔθ,uθɔθ,uθɔθ
u,uθɔð,uθɔð,uθɔð,uθɔð
u,uðɔm,uðɔm,uðɔm,uðɔm
u,uðɔn,uðɔn,uðɔn,uðɔn
u,uðɔŋ,uðɔŋ,uðɔŋ,uðɔŋ
u,uðɔp,uðɔp,uðɔp,uðɔp
u,uðɔt,uðɔt,uðɔt,uðɔt
u,uðɔk,uðɔk,uðɔk,uðɔk
u,uðɔb,uðɔb,uðɔb,uðɔb
u,uðɔd,uðɔd,uðɔd,uðɔd
u,uðɔg,uðɔg,uðɔg,uðɔg
u,uðɔf,uðɔf,uðɔf,uðɔf
u,uðɔs,uðɔs,uðɔs,uðɔs
u,uðɔv,uðɔv,uðɔv,uðɔv
u,uðɔz,uðɔz,uðɔz,uðɔz
u,uðɔʃ,uðɔʃ,uðɔʃ,uðɔʃ
u,uðɔʒ,uðɔʒ,uðɔʒ,uðɔʒ
u,uðɔθ,uðɔθ,uðɔθ,uðɔθ
u,uðɔð,uðɔð,uðɔð,uðɔð
u,uhɔm,uhɔm,uhɔm,uhɔm
u,uhɔn,uhɔn,uhɔn,uhɔn
u,uhɔŋ,uhɔŋ,uhɔŋ,uhɔŋ
u,uhɔp,uhɔp,uhɔp,uhɔp
u,uhɔt,uhɔt,uhɔt,uhɔt
u,uhɔk,uhɔk,uhɔk,uhɔk
u,uhɔb,uhɔb,uhɔb,uhɔb
u,uhɔd,uhɔd,uhɔd,uhɔd
u,uhɔg,uhɔg,uhɔg,uhɔg
u,uhɔf,uhɔf,uhɔf,uhɔf
u,uhɔs,uhɔs,uhɔs,uhɔs
u,uhɔv,uhɔv,uhɔv,uhɔv
u,uhɔz,uhɔz,uhɔz,uhɔz
u,uhɔʃ,uhɔʃ,uhɔʃ,uhɔʃ
u,uhɔʒ,uhɔʒ,uhɔʒ,uhɔʒ
u,uhɔθ,uhɔθ,uhɔθ,uhɔθ
u,uhɔð,uhɔð,uhɔð,uhɔð
oʊ,oʊmɪm,oʊmʊm,omɪm,omʊm
oʊ,oʊmɪn,oʊmʊn,omɪn,omʊn
oʊ,oʊmɪŋ,oʊmʊŋ,omɪŋ,omʊŋ
oʊ,oʊmɪp,oʊmʊp,omɪp,omʊp
oʊ,oʊmɪt,oʊmʊt,omɪt,omʊt
oʊ,oʊmɪk,oʊmʊk,omɪk,omʊk
oʊ,oʊmɪb,oʊmʊb,omɪb,omʊb
oʊ,oʊmɪd,oʊmʊd,omɪd,omʊd
oʊ,oʊmɪg,oʊmʊg,omɪg,omʊg
oʊ,oʊmɪf,oʊmʊf,omɪf,omʊf
oʊ,oʊmɪs,oʊmʊs,omɪs,omʊs
oʊ,oʊmɪv,oʊmʊv,omɪv,omʊv
oʊ,oʊmɪz,oʊmʊz,omɪz,omʊz
oʊ,oʊmɪʃ,oʊmʊʃ,omɪʃ,omʊʃ
oʊ,oʊmɪʒ,oʊmʊʒ,omɪʒ,omʊʒ
oʊ,oʊmɪθ,oʊmʊθ,omɪθ,omʊθ
oʊ,oʊmɪð,oʊmʊð,omɪð,omʊð
oʊ,oʊnɪm,oʊnʊm,onɪm,onʊm
oʊ,oʊnɪn,oʊnʊn,onɪn,onʊn
oʊ,oʊnɪŋ,oʊnʊŋ,onɪŋ,onʊŋ
oʊ,oʊnɪp,oʊnʊp,onɪp,onʊp
oʊ,oʊnɪt,oʊnʊt,onɪt,onʊt
oʊ,oʊnɪk,oʊnʊk,onɪk,onʊk
oʊ,oʊnɪb,oʊnʊb,onɪb,onʊb
oʊ,oʊnɪd,oʊnʊd,onɪd,onʊd
oʊ,oʊnɪg,oʊnʊg,onɪg,onʊg
oʊ,oʊnɪf,oʊnʊf,onɪf,onʊf
oʊ,oʊnɪs,oʊnʊs,onɪs,onʊs
oʊ,oʊnɪv,oʊnʊv,onɪv,onʊv
oʊ,oʊnɪz,oʊnʊz,onɪz,onʊz
oʊ,oʊnɪʃ,oʊnʊʃ,onɪʃ,onʊʃ
oʊ,oʊnɪʒ,oʊnʊʒ,onɪʒ,onʊʒ
oʊ,oʊnɪθ,oʊnʊθ,onɪθ,onʊθ
oʊ,oʊnɪð,oʊnʊð,onɪð,onʊð
oʊ,oʊpɪm,oʊpʊm,opɪm,opʊm
oʊ,oʊpɪn,oʊpʊn,opɪn,opʊn
oʊ,oʊpɪŋ,oʊpʊŋ,opɪŋ,opʊŋ
oʊ,oʊpɪp,oʊpʊp,opɪp,opʊp
oʊ,oʊpɪt,oʊpʊt,opɪt,opʊt
oʊ,oʊpɪk,oʊpʊk,opɪk,opʊk
oʊ,oʊpɪb,oʊpʊb,opɪb,opʊb
oʊ,oʊpɪd,oʊpʊd,opɪd,opʊd
oʊ,oʊpɪg,oʊpʊg,opɪg,opʊg
oʊ,oʊpɪf,oʊpʊf,opɪf,opʊf
oʊ,oʊpɪs,oʊpʊs,opɪs,opʊs
oʊ,oʊpɪv,oʊpʊv,opɪv,opʊv
oʊ,oʊpɪz,oʊpʊz,opɪz,opʊz
oʊ,oʊpɪʃ,oʊpʊʃ,opɪʃ,opʊʃ
oʊ,oʊpɪʒ,oʊpʊʒ,opɪʒ,opʊʒ
oʊ,oʊpɪθ,oʊpʊθ,opɪθ,opʊθ
oʊ,oʊpɪð,oʊpʊð,opɪð,opʊð
oʊ,oʊtɪm,oʊtʊm,otɪm,otʊm
oʊ,oʊtɪn,oʊtʊn,otɪn,otʊn
oʊ,oʊtɪŋ,oʊtʊŋ,otɪŋ,otʊŋ
oʊ,oʊtɪp,oʊtʊp,otɪp,otʊp
oʊ,oʊtɪt,oʊtʊt,otɪt,otʊt
oʊ,oʊtɪk,oʊtʊk,otɪk,otʊk
oʊ,oʊtɪb,oʊtʊb,otɪb,otʊb
oʊ,oʊtɪd,oʊtʊd,otɪd,otʊd
oʊ,oʊtɪg,oʊtʊg,otɪg,otʊg
oʊ,oʊtɪf,oʊtʊf,otɪf,otʊf
oʊ,oʊtɪs,oʊtʊs,otɪs,otʊs
oʊ,oʊtɪv,oʊtʊv,otɪv,otʊv
oʊ,oʊtɪz,oʊtʊz,otɪz,otʊz
oʊ,oʊtɪʃ,oʊtʊʃ,otɪʃ,otʊʃ
oʊ,oʊtɪʒ,oʊtʊʒ,otɪʒ,otʊʒ
oʊ,oʊtɪθ,oʊtʊθ,otɪθ,otʊθ
oʊ,oʊtɪð,oʊtʊð,otɪð,otʊð
oʊ,oʊkɪm,oʊkʊm,okɪm,okʊm
oʊ,oʊkɪn,oʊkʊn,okɪn,okʊn
oʊ,oʊkɪŋ,oʊkʊŋ,okɪŋ,okʊŋ
oʊ,oʊkɪp,oʊkʊp,okɪp,okʊp
oʊ,oʊkɪt,oʊkʊt,okɪt,okʊt
oʊ,oʊkɪk,oʊkʊk,okɪk,okʊk
oʊ,oʊkɪb,oʊkʊb,okɪb,okʊb
oʊ,oʊkɪd,oʊkʊd,okɪd,okʊd
oʊ,oʊkɪg,oʊkʊg,okɪg,okʊg
oʊ,oʊkɪf,oʊkʊf,okɪf,okʊf
oʊ,oʊkɪs,oʊkʊs,okɪs,okʊs
oʊ,oʊkɪv,oʊkʊv,okɪv,okʊv
oʊ,oʊkɪz,oʊkʊz,okɪz,okʊz
oʊ,oʊkɪʃ,oʊkʊʃ,okɪʃ,okʊʃ
oʊ,oʊkɪʒ,oʊkʊʒ,okɪʒ,okʊʒ
oʊ,oʊkɪθ,oʊkʊθ,okɪθ,okʊθ
oʊ,oʊkɪð,oʊkʊð,okɪð,okʊð
oʊ,oʊbɪm,oʊbʊm,obɪm,obʊm
oʊ,oʊbɪn,oʊbʊn,obɪn,obʊn
oʊ,oʊbɪŋ,oʊbʊŋ,obɪŋ,obʊŋ
oʊ,oʊbɪp,oʊbʊp,obɪp,obʊp
oʊ,oʊbɪt,oʊbʊt,obɪt,obʊt
oʊ,oʊbɪk,oʊbʊk,obɪk,obʊk
oʊ,oʊbɪb,oʊbʊb,obɪb,obʊb
oʊ,oʊbɪd,oʊbʊd,obɪd,obʊd
oʊ,oʊbɪg,oʊbʊg,obɪg,obʊg
oʊ,oʊbɪf,oʊbʊf,obɪf,obʊf
oʊ,oʊbɪs,oʊbʊs,obɪs,obʊs
oʊ,oʊbɪv,oʊbʊv,obɪv,obʊv
oʊ,oʊbɪz,oʊbʊz,obɪz,obʊz
oʊ,oʊbɪʃ,oʊbʊʃ,obɪʃ,obʊʃ
oʊ,oʊbɪʒ,oʊbʊʒ,obɪʒ,obʊʒ
oʊ,oʊbɪθ,oʊbʊθ,obɪθ,obʊθ
oʊ,oʊbɪð,oʊbʊð,obɪð,obʊð
oʊ,oʊdɪm,oʊdʊm,odɪm,odʊm
oʊ,oʊdɪn,oʊdʊn,odɪn,odʊn
oʊ,oʊdɪŋ,oʊdʊŋ,odɪŋ,odʊŋ
oʊ,oʊdɪp,oʊdʊp,odɪp,odʊp
oʊ,oʊdɪt,oʊdʊt,odɪt,odʊt
oʊ,oʊdɪk,oʊdʊk,odɪk,odʊk
oʊ,oʊdɪb,oʊdʊb,odɪb,odʊb
oʊ,oʊdɪd,oʊdʊd,odɪd,odʊd
oʊ,oʊdɪg,oʊdʊg,odɪg,odʊg
oʊ,oʊdɪf,oʊdʊf,odɪf,odʊf
oʊ,oʊdɪs,oʊdʊs,odɪs,odʊs
oʊ,oʊdɪv,oʊdʊv,odɪv,odʊv
oʊ,oʊdɪz,oʊdʊz,odɪz,odʊz
oʊ,oʊdɪʃ,oʊdʊʃ,odɪʃ,odʊʃ
oʊ,oʊdɪʒ,oʊdʊʒ,odɪʒ,odʊʒ
oʊ,oʊdɪθ,oʊdʊθ,odɪθ,odʊθ
oʊ,oʊdɪð,oʊdʊð,odɪð,odʊð
oʊ,oʊgɪm,oʊgʊm,ogɪm,ogʊm
oʊ,oʊgɪn,oʊgʊn,ogɪn,ogʊn
oʊ,oʊgɪŋ,oʊgʊŋ,ogɪŋ,ogʊŋ
oʊ,oʊgɪp,oʊgʊp,ogɪp,ogʊp
oʊ,oʊgɪt,oʊgʊt,ogɪt,ogʊt
oʊ,oʊgɪk,oʊgʊk,ogɪk,ogʊk
oʊ,oʊgɪb,oʊgʊb,ogɪb,ogʊb
oʊ,oʊgɪd,oʊgʊd,ogɪd,ogʊd
oʊ,oʊgɪg,oʊgʊg,ogɪg,ogʊg
oʊ,oʊgɪf,oʊgʊf,ogɪf,ogʊf
oʊ,oʊgɪs,oʊgʊs,ogɪs,ogʊs
oʊ,oʊgɪv,oʊgʊv,ogɪv,ogʊv
oʊ,oʊgɪz,oʊgʊz,ogɪz,ogʊz
oʊ,oʊgɪʃ,oʊgʊʃ,ogɪʃ,ogʊʃ
oʊ,oʊgɪʒ,oʊgʊʒ,ogɪʒ,ogʊʒ
oʊ,oʊgɪθ,oʊgʊθ,ogɪθ,ogʊθ
oʊ,oʊgɪð,oʊgʊð,ogɪð,ogʊð
oʊ,oʊfɪm,oʊfʊm,ofɪm,ofʊm
oʊ,oʊfɪn,oʊfʊn,ofɪn,ofʊn
oʊ,oʊfɪŋ,oʊfʊŋ,ofɪŋ,ofʊŋ
oʊ,oʊfɪp,oʊfʊp,ofɪp,ofʊp
oʊ,oʊfɪt,oʊfʊt,ofɪt,ofʊt
oʊ,oʊfɪk,oʊfʊk,ofɪk,ofʊk
oʊ,oʊfɪb,oʊfʊb,ofɪb,ofʊb
oʊ,oʊfɪd,oʊfʊd,ofɪd,ofʊd
oʊ,oʊfɪg,oʊfʊg,ofɪg,ofʊg
oʊ,oʊfɪf,oʊfʊf,ofɪf,ofʊf
oʊ,oʊfɪs,oʊfʊs,ofɪs,ofʊs
oʊ,oʊfɪv,oʊfʊv,ofɪv,ofʊv
oʊ,oʊfɪz,oʊfʊz,ofɪz,ofʊz
oʊ,oʊfɪʃ,oʊfʊʃ,ofɪʃ,ofʊʃ
oʊ,oʊfɪʒ,oʊfʊʒ,ofɪʒ,ofʊʒ
oʊ,oʊfɪθ,oʊfʊθ,ofɪθ,ofʊθ
oʊ,oʊfɪð,oʊfʊð,ofɪð,ofʊð
oʊ,oʊsɪm,oʊsʊm,osɪm,osʊm
oʊ,oʊsɪn,oʊsʊn,osɪn,osʊn
oʊ,oʊsɪŋ,oʊsʊŋ,osɪŋ,osʊŋ
oʊ,oʊsɪp,oʊsʊp,osɪp,osʊp
oʊ,oʊsɪt,oʊsʊt,osɪt,osʊt
oʊ,oʊsɪk,oʊsʊk,osɪk,osʊk
oʊ,oʊsɪb,oʊsʊb,osɪb,osʊb
oʊ,oʊsɪd,oʊsʊd,osɪd,osʊd
oʊ,oʊsɪg,oʊsʊg,osɪg,osʊg
oʊ,oʊsɪf,oʊsʊf,osɪf,osʊf
oʊ,oʊsɪs,oʊsʊs,osɪs,osʊs
oʊ,oʊsɪv,oʊsʊv,osɪv,osʊv
oʊ,oʊsɪz,oʊsʊz,osɪz,osʊz
oʊ,oʊsɪʃ,oʊsʊʃ,osɪʃ,osʊʃ
oʊ,oʊsɪʒ,oʊsʊʒ,osɪʒ,osʊʒ
oʊ,oʊsɪθ,oʊsʊθ,osɪθ,osʊθ
oʊ,oʊsɪð,oʊsʊð,osɪð,osʊð
oʊ,oʊvɪm,oʊvʊm,ovɪm,ovʊm
oʊ,oʊvɪn,oʊvʊn,ovɪn,ovʊn
oʊ,oʊvɪŋ,oʊvʊŋ,ovɪŋ,ovʊŋ
oʊ,oʊvɪp,oʊvʊp,ovɪp,ovʊp
oʊ,oʊvɪt,oʊvʊt,ovɪt,ovʊt
oʊ,oʊvɪk,oʊvʊk,ovɪk,ovʊk
oʊ,oʊvɪb,oʊvʊb,ovɪb,ovʊb
oʊ,oʊvɪd,oʊvʊd,ovɪd,ovʊd
oʊ,oʊvɪg,oʊvʊg,ovɪg,ovʊg
oʊ,oʊvɪf,oʊvʊf,ovɪf,ovʊf
oʊ,oʊvɪs,oʊvʊs,ovɪs,ovʊs
oʊ,oʊvɪv,oʊvʊv,ovɪv,ovʊv
oʊ,oʊvɪz,oʊvʊz,ovɪz,ovʊz
oʊ,oʊvɪʃ,oʊvʊʃ,ovɪʃ,ovʊʃ
oʊ,oʊvɪʒ,oʊvʊʒ,ovɪʒ,ovʊʒ
oʊ,oʊvɪθ,oʊvʊθ,ovɪθ,ovʊθ
oʊ,oʊvɪð,oʊvʊð,ovɪð,ovʊð
oʊ,oʊzɪm,oʊzʊm,ozɪm,ozʊm
oʊ,oʊzɪn,oʊzʊn,ozɪn,ozʊn
oʊ,oʊzɪŋ,oʊzʊŋ,ozɪŋ,ozʊŋ
oʊ,oʊzɪp,oʊzʊp,ozɪp,ozʊp
oʊ,oʊzɪt,oʊzʊt,ozɪt,ozʊt
oʊ,oʊzɪk,oʊzʊk,ozɪk,ozʊk
oʊ,oʊzɪb,oʊzʊb,ozɪb,ozʊb
oʊ,oʊzɪd,oʊzʊd,ozɪd,ozʊd
oʊ,oʊzɪg,oʊzʊg,ozɪg,ozʊg
oʊ,oʊzɪf,oʊzʊf,ozɪf,ozʊf
oʊ,oʊzɪs,oʊzʊs,ozɪs,ozʊs
oʊ,oʊzɪv,oʊzʊv,ozɪv,ozʊv
oʊ,oʊzɪz,oʊzʊz,ozɪz,ozʊz
oʊ,oʊzɪʃ,oʊzʊʃ,ozɪʃ,ozʊʃ
oʊ,oʊzɪʒ,oʊzʊʒ,ozɪʒ,ozʊʒ
oʊ,oʊzɪθ,oʊzʊθ,ozɪθ,ozʊθ
oʊ,oʊzɪð,oʊzʊð,ozɪð,ozʊð
oʊ,oʊʃɪm,oʊʃʊm,oʃɪm,oʃʊm
oʊ,oʊʃɪn,oʊʃʊn,oʃɪn,oʃʊn
oʊ,oʊʃɪŋ,oʊʃʊŋ,oʃɪŋ,oʃʊŋ
oʊ,oʊʃɪp,oʊʃʊp,oʃɪp,oʃʊp
oʊ,oʊʃɪt,oʊʃʊt,oʃɪt,oʃʊt
oʊ,oʊʃɪk,oʊʃʊk,oʃɪk,oʃʊk
oʊ,oʊʃɪb,oʊʃʊb,oʃɪb,oʃʊb
oʊ,oʊʃɪd,oʊʃʊd,oʃɪd,oʃʊd
oʊ,oʊʃɪg,oʊʃʊg,oʃɪg,oʃʊg
oʊ,oʊʃɪf,oʊʃʊf,oʃɪf,oʃʊf
oʊ,oʊʃɪs,oʊʃʊs,oʃɪs,oʃʊs
oʊ,oʊʃɪv,oʊʃʊv,oʃɪv,oʃʊv
oʊ,oʊʃɪz,oʊʃʊz,oʃɪz,oʃʊz
oʊ,oʊʃɪʃ,oʊʃʊʃ,oʃɪʃ,oʃʊʃ
oʊ,oʊʃɪʒ,oʊʃʊʒ,oʃɪʒ,oʃʊʒ
oʊ,oʊʃɪθ,oʊʃʊθ,oʃɪθ,oʃʊθ
oʊ,oʊʃɪð,oʊʃʊð,oʃɪð,oʃʊð
oʊ,oʊʒɪm,oʊʒʊm,oʒɪm,oʒʊm
oʊ,oʊʒɪn,oʊʒʊn,oʒɪn,oʒʊn
oʊ,oʊʒɪŋ,oʊʒʊŋ,oʒɪŋ,oʒʊŋ
oʊ,oʊʒɪp,oʊʒʊp,oʒɪp,oʒʊp
oʊ,oʊʒɪt,oʊʒʊt,oʒɪt,oʒʊt
oʊ,oʊʒɪk,oʊʒʊk,oʒɪk,oʒʊk
oʊ,oʊʒɪb,oʊʒʊb,oʒɪb,oʒʊb
oʊ,oʊʒɪd,oʊʒʊd,oʒɪd,oʒʊd
oʊ,oʊʒɪg,oʊʒʊg,oʒɪg,oʒʊg
oʊ,oʊʒɪf,oʊʒʊf,oʒɪf,oʒʊf
oʊ,oʊʒɪs,oʊʒʊs,oʒɪs,oʒʊs
oʊ,oʊʒɪv,oʊʒʊv,oʒɪv,oʒʊv
oʊ,oʊʒɪz,oʊʒʊz,oʒɪz,oʒʊz
oʊ,oʊʒɪʃ,oʊʒʊʃ,oʒɪʃ,oʒʊʃ
oʊ,oʊʒɪʒ,oʊʒʊʒ,oʒɪʒ,oʒʊʒ
oʊ,oʊʒɪθ,oʊʒʊθ,oʒɪθ,oʒʊθ
oʊ,oʊʒɪð,oʊʒʊð,oʒɪð,oʒʊð
oʊ,oʊθɪm,oʊθʊm,oθɪm,oθʊm
oʊ,oʊθɪn,oʊθʊn,oθɪn,oθʊn
oʊ,oʊθɪŋ,oʊθʊŋ,oθɪŋ,oθʊŋ
oʊ,oʊθɪp,oʊθʊp,oθɪp,oθʊp
oʊ,oʊθɪt,oʊθʊt,oθɪt,oθʊt
oʊ,oʊθɪk,oʊθʊk,oθɪk,oθʊk
oʊ,oʊθɪb,oʊθʊb,oθɪb,oθʊb
oʊ,oʊθɪd,oʊθʊd,oθɪd,oθʊd
oʊ,oʊθɪg,oʊθʊg,oθɪg,oθʊg
oʊ,oʊθɪf,oʊθʊf,oθɪf,oθʊf
oʊ,oʊθɪs,oʊθʊs,oθɪs,oθʊs
oʊ,oʊθɪv,oʊθʊv,oθɪv,oθʊv
oʊ,oʊθɪz,oʊθʊz,oθɪz,oθʊz
oʊ,oʊθɪʃ,oʊθʊʃ,oθɪʃ,oθʊʃ
oʊ,oʊθɪʒ,oʊθʊʒ,oθɪʒ,oθʊʒ
oʊ,oʊθɪθ,oʊθʊθ,oθɪθ,oθʊθ
oʊ,oʊθɪð,oʊθʊð,oθɪð,oθʊð
oʊ,oʊðɪm,oʊðʊm,oðɪm,oðʊm
oʊ,oʊðɪn,oʊðʊn,oðɪn,oðʊn
oʊ,oʊðɪŋ,oʊðʊŋ,oðɪŋ,oðʊŋ
oʊ,oʊðɪp,oʊðʊp,oðɪp,oðʊp
oʊ,oʊðɪt,oʊðʊt,oðɪt,oðʊt
oʊ,oʊðɪk,oʊðʊk,oðɪk,oðʊk
oʊ,oʊðɪb,oʊðʊb,oðɪb,oðʊb
oʊ,oʊðɪd,oʊðʊd,oðɪd,oðʊd
oʊ,oʊðɪg,oʊðʊg,oðɪg,oðʊg
oʊ,oʊðɪf,oʊðʊf,oðɪf,oðʊf
oʊ,oʊðɪs,oʊðʊs,oðɪs,oðʊs
oʊ,oʊðɪv,oʊðʊv,oðɪv,oðʊv
oʊ,oʊðɪz,oʊðʊz,oðɪz,oðʊz
oʊ,oʊðɪʃ,oʊðʊʃ,oðɪʃ,oðʊʃ
oʊ,oʊðɪʒ,oʊðʊʒ,oðɪʒ,oðʊʒ
oʊ,oʊðɪθ,oʊðʊθ,oðɪθ,oðʊθ
oʊ,oʊðɪð,oʊðʊð,oðɪð,oðʊð
oʊ,oʊhɪm,oʊhʊm,ohɪm,ohʊm
oʊ,oʊhɪn,oʊhʊn,ohɪn,ohʊn
oʊ,oʊhɪŋ,oʊhʊŋ,ohɪŋ,ohʊŋ
oʊ,oʊhɪp,oʊhʊp,ohɪp,ohʊp
oʊ,oʊhɪt,oʊhʊt,ohɪt,ohʊt
oʊ,oʊhɪk,oʊhʊk,ohɪk,ohʊk
oʊ,oʊhɪb,oʊhʊb,ohɪb,ohʊb
oʊ,oʊhɪd,oʊhʊd,ohɪd,ohʊd
oʊ,oʊhɪg,oʊhʊg,ohɪg,ohʊg
oʊ,oʊhɪf,oʊhʊf,ohɪf,ohʊf
oʊ,oʊhɪs,oʊhʊs,ohɪs,ohʊs
oʊ,oʊhɪv,oʊhʊv,ohɪv,ohʊv
oʊ,oʊhɪz,oʊhʊz,ohɪz,ohʊz
oʊ,oʊhɪʃ,oʊhʊʃ,ohɪʃ,ohʊʃ
oʊ,oʊhɪʒ,oʊhʊʒ,ohɪʒ,ohʊʒ
oʊ,oʊhɪθ,oʊhʊθ,ohɪθ,ohʊθ
oʊ,oʊhɪð,oʊhʊð,ohɪð,ohʊð
oʊ,oʊmɛm,oʊmɔm,omɛm,omɔm
oʊ,oʊmɛn,oʊmɔn,omɛn,omɔn
oʊ,oʊmɛŋ,oʊmɔŋ,omɛŋ,omɔŋ
oʊ,oʊmɛp,oʊmɔp,omɛp,omɔp
oʊ,oʊmɛt,oʊmɔt,omɛt,omɔt
oʊ,oʊmɛk,oʊmɔk,omɛk,omɔk
oʊ,oʊmɛb,oʊmɔb,omɛb,omɔb
oʊ,oʊmɛd,oʊmɔd,omɛd,omɔd
oʊ,oʊmɛg,oʊmɔg,omɛg,omɔg
oʊ,oʊmɛf,oʊmɔf,omɛf,omɔf
oʊ,oʊmɛs,oʊmɔs,omɛs,omɔs
oʊ,oʊmɛv,oʊmɔv,omɛv,omɔv
oʊ,oʊmɛz,oʊmɔz,omɛz,omɔz
oʊ,oʊmɛʃ,oʊmɔʃ,omɛʃ,omɔʃ
oʊ,oʊmɛʒ,oʊmɔʒ,omɛʒ,omɔʒ
oʊ,oʊmɛθ,oʊmɔθ,omɛθ,omɔθ
oʊ,oʊmɛð,oʊmɔð,omɛð,omɔð
oʊ,oʊnɛm,oʊnɔm,onɛm,onɔm
oʊ,oʊnɛn,oʊnɔn,onɛn,onɔn
oʊ,oʊnɛŋ,oʊnɔŋ,onɛŋ,onɔŋ
oʊ,oʊnɛp,oʊnɔp,onɛp,onɔp
oʊ,oʊnɛt,oʊnɔt,onɛt,onɔt
oʊ,oʊnɛk,oʊnɔk,onɛk,onɔk
oʊ,oʊnɛb,oʊnɔb,onɛb,onɔb
oʊ,oʊnɛd,oʊnɔd,onɛd,onɔd
oʊ,oʊnɛg,oʊnɔg,onɛg,onɔg
oʊ,oʊnɛf,oʊnɔf,onɛf,onɔf
oʊ,oʊnɛs,oʊnɔs,onɛs,onɔs
oʊ,oʊnɛv,oʊnɔv,onɛv,onɔv
oʊ,oʊnɛz,oʊnɔz,onɛz,onɔz
oʊ,oʊnɛʃ,oʊnɔʃ,onɛʃ,onɔʃ
oʊ,oʊnɛʒ,oʊnɔʒ,onɛʒ,onɔʒ
oʊ,oʊnɛθ,oʊnɔθ,onɛθ,onɔθ
oʊ,oʊnɛð,oʊnɔð,onɛð,onɔð
oʊ,oʊpɛm,oʊpɔm,opɛm,opɔm
oʊ,oʊpɛn,oʊpɔn,opɛn,opɔn
oʊ,oʊpɛŋ,oʊpɔŋ,opɛŋ,opɔŋ
oʊ,oʊpɛp,oʊpɔp,opɛp,opɔp
oʊ,oʊpɛt,oʊpɔt,opɛt,opɔt
oʊ,oʊpɛk,oʊpɔk,opɛk,opɔk
oʊ,oʊpɛb,oʊpɔb,opɛb,opɔb
oʊ,oʊpɛd,oʊpɔd,opɛd,opɔd
oʊ,oʊpɛg,oʊpɔg,opɛg,opɔg
oʊ,oʊpɛf,oʊpɔf,opɛf,opɔf
oʊ,oʊpɛs,oʊpɔs,opɛs,opɔs
oʊ,oʊpɛv,oʊpɔv,opɛv,opɔv
oʊ,oʊpɛz,oʊpɔz,opɛz,opɔz
oʊ,oʊpɛʃ,oʊpɔʃ,opɛʃ,opɔʃ
oʊ,oʊpɛʒ,oʊpɔʒ,opɛʒ,opɔʒ
oʊ,oʊpɛθ,oʊpɔθ,opɛθ,opɔθ
oʊ,oʊpɛð,oʊpɔð,opɛð,opɔð
oʊ,oʊtɛm,oʊtɔm,otɛm,otɔm
oʊ,oʊtɛn,oʊtɔn,otɛn,otɔn
oʊ,oʊtɛŋ,oʊtɔŋ,otɛŋ,otɔŋ
oʊ,oʊtɛp,oʊtɔp,otɛp,otɔp
oʊ,oʊtɛt,oʊtɔt,otɛt,otɔt
oʊ,oʊtɛk,oʊtɔk,otɛk,otɔk
oʊ,oʊtɛb,oʊtɔb,otɛb,otɔb
oʊ,oʊtɛd,oʊtɔd,otɛd,otɔd
oʊ,oʊtɛg,oʊtɔg,otɛg,otɔg
oʊ,oʊtɛf,oʊtɔf,otɛf,otɔf
oʊ,oʊtɛs,oʊtɔs,otɛs,otɔs
oʊ,oʊtɛv,oʊtɔv,otɛv,otɔv
oʊ,oʊtɛz,oʊtɔz,otɛz,otɔz
oʊ,oʊtɛʃ,oʊtɔʃ,otɛʃ,otɔʃ
oʊ,oʊtɛʒ,oʊtɔʒ,otɛʒ,otɔʒ
oʊ,oʊtɛθ,oʊtɔθ,otɛθ,otɔθ
oʊ,oʊtɛð,oʊtɔð,otɛð,otɔð
oʊ,oʊkɛm,oʊkɔm,okɛm,okɔm
oʊ,oʊkɛn,oʊkɔn,okɛn,okɔn
oʊ,oʊkɛŋ,oʊkɔŋ,okɛŋ,okɔŋ
oʊ,oʊkɛp,oʊkɔp,okɛp,okɔp
oʊ,oʊkɛt,oʊkɔt,okɛt,okɔt
oʊ,oʊkɛk,oʊkɔk,okɛk,okɔk
oʊ,oʊkɛb,oʊkɔb,okɛb,okɔb
oʊ,oʊkɛd,oʊkɔd,okɛd,okɔd
oʊ,oʊkɛg,oʊkɔg,okɛg,okɔg
oʊ,oʊkɛf,oʊkɔf,okɛf,okɔf
oʊ,oʊkɛs,oʊkɔs,okɛs,okɔs
oʊ,oʊkɛv,oʊkɔv,okɛv,okɔv
oʊ,oʊkɛz,oʊkɔz,okɛz,okɔz
oʊ,oʊkɛʃ,oʊkɔʃ,okɛʃ,okɔʃ
oʊ,oʊkɛʒ,oʊkɔʒ,okɛʒ,okɔʒ
oʊ,oʊkɛθ,oʊkɔθ,okɛθ,okɔθ
oʊ,oʊkɛð,oʊkɔð,okɛð,okɔð
oʊ,oʊbɛm,oʊbɔm,obɛm,obɔm
oʊ,oʊbɛn,oʊbɔn,obɛn,obɔn
oʊ,oʊbɛŋ,oʊbɔŋ,obɛŋ,obɔŋ
oʊ,oʊbɛp,oʊbɔp,obɛp,obɔp
oʊ,oʊbɛt,oʊbɔt,obɛt,obɔt
oʊ,oʊbɛk,oʊbɔk,obɛk,obɔk
oʊ,oʊbɛb,oʊbɔb,obɛb,obɔb
oʊ,oʊbɛd,oʊbɔd,obɛd,obɔd
oʊ,oʊbɛg,oʊbɔg,obɛg,obɔg
oʊ,oʊbɛf,oʊbɔf,obɛf,obɔf
oʊ,oʊbɛs,oʊbɔs,obɛs,obɔs
oʊ,oʊbɛv,oʊbɔv,obɛv,obɔv
oʊ,oʊbɛz,oʊbɔz,obɛz,obɔz
oʊ,oʊbɛʃ,oʊbɔʃ,obɛʃ,obɔʃ
oʊ,oʊbɛʒ,oʊbɔʒ,obɛʒ,obɔʒ
oʊ,oʊbɛθ,oʊbɔθ,obɛθ,obɔθ
oʊ,oʊbɛð,oʊbɔð,obɛð,obɔð
oʊ,oʊdɛm,oʊdɔm,odɛm,odɔm
oʊ,oʊdɛn,oʊdɔn,odɛn,odɔn
oʊ,oʊdɛŋ,oʊdɔŋ,odɛŋ,odɔŋ
oʊ,oʊdɛp,oʊdɔp,odɛp,odɔp
oʊ,oʊdɛt,oʊdɔt,odɛt,odɔt
oʊ,oʊdɛk,oʊdɔk,odɛk,odɔk
oʊ,oʊdɛb,oʊdɔb,odɛb,odɔb
oʊ,oʊdɛd,oʊdɔd,odɛd,odɔd
oʊ,oʊdɛg,oʊdɔg,odɛg,odɔg
oʊ,oʊdɛf,oʊdɔf,odɛf,odɔf
oʊ,oʊdɛs,oʊdɔs,odɛs,odɔs
oʊ,oʊdɛv,oʊdɔv,odɛv,odɔv
oʊ,oʊdɛz,oʊdɔz,odɛz,odɔz
oʊ,oʊdɛʃ,oʊdɔʃ,odɛʃ,odɔʃ
oʊ,oʊdɛʒ,oʊdɔʒ,odɛʒ,odɔʒ
oʊ,oʊdɛθ,oʊdɔθ,odɛθ,odɔθ
oʊ,oʊdɛð,oʊdɔð,odɛð,odɔð
oʊ,oʊgɛm,oʊgɔm,ogɛm,ogɔm
oʊ,oʊgɛn,oʊgɔn,ogɛn,ogɔn
oʊ,oʊgɛŋ,oʊgɔŋ,ogɛŋ,ogɔŋ
oʊ,oʊgɛp,oʊgɔp,ogɛp,ogɔp
oʊ,oʊgɛt,oʊgɔt,ogɛt,ogɔt
oʊ,oʊgɛk,oʊgɔk,ogɛk,ogɔk
oʊ,oʊgɛb,oʊgɔb,ogɛb,ogɔb
oʊ,oʊgɛd,oʊgɔd,ogɛd,ogɔd
oʊ,oʊgɛg,oʊgɔg,ogɛg,ogɔg
oʊ,oʊgɛf,oʊgɔf,ogɛf,ogɔf
oʊ,oʊgɛs,oʊgɔs,ogɛs,ogɔs
oʊ,oʊgɛv,oʊgɔv,ogɛv,ogɔv
oʊ,oʊgɛz,oʊgɔz,ogɛz,ogɔz
oʊ,oʊgɛʃ,oʊgɔʃ,ogɛʃ,ogɔʃ
oʊ,oʊgɛʒ,oʊgɔʒ,ogɛʒ,ogɔʒ
oʊ,oʊgɛθ,oʊgɔθ,ogɛθ,ogɔθ
oʊ,oʊgɛð,oʊgɔð,ogɛð,ogɔð
oʊ,oʊfɛm,oʊfɔm,ofɛm,ofɔm
oʊ,oʊfɛn,oʊfɔn,ofɛn,ofɔn
oʊ,oʊfɛŋ,oʊfɔŋ,ofɛŋ,ofɔŋ
oʊ,oʊfɛp,oʊfɔp,ofɛp,ofɔp
oʊ,oʊfɛt,oʊfɔt,ofɛt,ofɔt
oʊ,oʊfɛk,oʊfɔk,ofɛk,ofɔk
oʊ,oʊfɛb,oʊfɔb,ofɛb,ofɔb
oʊ,oʊfɛd,oʊfɔd,ofɛd,ofɔd
oʊ,oʊfɛg,oʊfɔg,ofɛg,ofɔg
oʊ,oʊfɛf,oʊfɔf,ofɛf,ofɔf
oʊ,oʊfɛs,oʊfɔs,ofɛs,ofɔs
oʊ,oʊfɛv,oʊfɔv,ofɛv,ofɔv
oʊ,oʊfɛz,oʊfɔz,ofɛz,ofɔz
oʊ,oʊfɛʃ,oʊfɔʃ,ofɛʃ,ofɔʃ
oʊ,oʊfɛʒ,oʊfɔʒ,ofɛʒ,ofɔʒ
oʊ,oʊfɛθ,oʊfɔθ,ofɛθ,ofɔθ
oʊ,oʊfɛð,oʊfɔð,ofɛð,ofɔð
oʊ,oʊsɛm,oʊsɔm,osɛm,osɔm
oʊ,oʊsɛn,oʊsɔn,osɛn,osɔn
oʊ,oʊsɛŋ,oʊsɔŋ,osɛŋ,osɔŋ
oʊ,oʊsɛp,oʊsɔp,osɛp,osɔp
oʊ,oʊsɛt,oʊsɔt,osɛt,osɔt
oʊ,oʊsɛk,oʊsɔk,osɛk,osɔk
oʊ,oʊsɛb,oʊsɔb,osɛb,osɔb
oʊ,oʊsɛd,oʊsɔd,osɛd,osɔd
oʊ,oʊsɛg,oʊsɔg,osɛg,osɔg
oʊ,oʊsɛf,oʊsɔf,osɛf,osɔf
oʊ,oʊsɛs,oʊsɔs,osɛs,osɔs
oʊ,oʊsɛv,oʊsɔv,osɛv,osɔv
oʊ,oʊsɛz,oʊsɔz,osɛz,osɔz
oʊ,oʊsɛʃ,oʊsɔʃ,osɛʃ,osɔʃ
oʊ,oʊsɛʒ,oʊsɔʒ,osɛʒ,osɔʒ
oʊ,oʊsɛθ,oʊsɔθ,osɛθ,osɔθ
oʊ,oʊsɛð,oʊsɔð,osɛð,osɔð
oʊ,oʊvɛm,oʊvɔm,ovɛm,ovɔm
oʊ,oʊvɛn,oʊvɔn,ovɛn,ovɔn
oʊ,oʊvɛŋ,oʊvɔŋ,ovɛŋ,ovɔŋ
oʊ,oʊvɛp,oʊvɔp,ovɛp,ovɔp
oʊ,oʊvɛt,oʊvɔt,ovɛt,ovɔt
oʊ,oʊvɛk,oʊvɔk,ovɛk,ovɔk
oʊ,oʊvɛb,oʊvɔb,ovɛb,ovɔb
oʊ,oʊvɛd,oʊvɔd,ovɛd,ovɔd
oʊ,oʊvɛg,oʊvɔg,ovɛg,ovɔg
oʊ,oʊvɛf,oʊvɔf,ovɛf,ovɔf
oʊ,oʊvɛs,oʊvɔs,ovɛs,ovɔs
oʊ,oʊvɛv,oʊvɔv,ovɛv,ovɔv
oʊ,oʊvɛz,oʊvɔz,ovɛz,ovɔz
oʊ,oʊvɛʃ,oʊvɔʃ,ovɛʃ,ovɔʃ
oʊ,oʊvɛʒ,oʊvɔʒ,ovɛʒ,ovɔʒ
oʊ,oʊvɛθ,oʊvɔθ,ovɛθ,ovɔθ
oʊ,oʊvɛð,oʊvɔð,ovɛð,ovɔð
oʊ,oʊzɛm,oʊzɔm,ozɛm,ozɔm
oʊ,oʊzɛn,oʊzɔn,ozɛn,ozɔn
oʊ,oʊzɛŋ,oʊzɔŋ,ozɛŋ,ozɔŋ
oʊ,oʊzɛp,oʊzɔp,ozɛp,ozɔp
oʊ,oʊzɛt,oʊzɔt,ozɛt,ozɔt
oʊ,oʊzɛk,oʊzɔk,ozɛk,ozɔk
oʊ,oʊzɛb,oʊzɔb,ozɛb,ozɔb
oʊ,oʊzɛd,oʊzɔd,ozɛd,ozɔd
oʊ,oʊzɛg,oʊzɔg,ozɛg,ozɔg
oʊ,oʊzɛf,oʊzɔf,ozɛf,ozɔf
oʊ,oʊzɛs,oʊzɔs,ozɛs,ozɔs
oʊ,oʊzɛv,oʊzɔv,ozɛv,ozɔv
oʊ,oʊzɛz,oʊzɔz,ozɛz,ozɔz
oʊ,oʊzɛʃ,oʊzɔʃ,ozɛʃ,ozɔʃ
oʊ,oʊzɛʒ,oʊzɔʒ,ozɛʒ,ozɔʒ
oʊ,oʊzɛθ,oʊzɔθ,ozɛθ,ozɔθ
oʊ,oʊzɛð,oʊzɔð,ozɛð,ozɔð
oʊ,oʊʃɛm,oʊʃɔm,oʃɛm,oʃɔm
oʊ,oʊʃɛn,oʊʃɔn,oʃɛn,oʃɔn
oʊ,oʊʃɛŋ,oʊʃɔŋ,oʃɛŋ,oʃɔŋ
oʊ,oʊʃɛp,oʊʃɔp,oʃɛp,oʃɔp
oʊ,oʊʃɛt,oʊʃɔt,oʃɛt,oʃɔt
oʊ,oʊʃɛk,oʊʃɔk,oʃɛk,oʃɔk
oʊ,oʊʃɛb,oʊʃɔb,oʃɛb,oʃɔb
oʊ,oʊʃɛd,oʊʃɔd,oʃɛd,oʃɔd
oʊ,oʊʃɛg,oʊʃɔg,oʃɛg,oʃɔg
oʊ,oʊʃɛf,oʊʃɔf,oʃɛf,oʃɔf
oʊ,oʊʃɛs,oʊʃɔs,oʃɛs,oʃɔs
oʊ,oʊʃɛv,oʊʃɔv,oʃɛv,oʃɔv
oʊ,oʊʃɛz,oʊʃɔz,oʃɛz,oʃɔz
oʊ,oʊʃɛʃ,oʊʃɔʃ,oʃɛʃ,oʃɔʃ
oʊ,oʊʃɛʒ,oʊʃɔʒ,oʃɛʒ,oʃɔʒ
oʊ,oʊʃɛθ,oʊʃɔθ,oʃɛθ,oʃɔθ
oʊ,oʊʃɛð,oʊʃɔð,oʃɛð,oʃɔð
oʊ,oʊʒɛm,oʊʒɔm,oʒɛm,oʒɔm
oʊ,oʊʒɛn,oʊʒɔn,oʒɛn,oʒɔn
oʊ,oʊʒɛŋ,oʊʒɔŋ,oʒɛŋ,oʒɔŋ
oʊ,oʊʒɛp,oʊʒɔp,oʒɛp,oʒɔp
oʊ,oʊʒɛt,oʊʒɔt,oʒɛt,oʒɔt
oʊ,oʊʒɛk,oʊʒɔk,oʒɛk,oʒɔk
oʊ,oʊʒɛb,oʊʒɔb,oʒɛb,oʒɔb
oʊ,oʊʒɛd,oʊʒɔd,oʒɛd,oʒɔd
oʊ,oʊʒɛg,oʊʒɔg,oʒɛg,oʒɔg
oʊ,oʊʒɛf,oʊʒɔf,oʒɛf,oʒɔf
oʊ,oʊʒɛs,oʊʒɔs,oʒɛs,oʒɔs
oʊ,oʊʒɛv,oʊʒɔv,oʒɛv,oʒɔv
oʊ,oʊʒɛz,oʊʒɔz,oʒɛz,oʒɔz
oʊ,oʊʒɛʃ,oʊʒɔʃ,oʒɛʃ,oʒɔʃ
oʊ,oʊʒɛʒ,oʊʒɔʒ,oʒɛʒ,oʒɔʒ
oʊ,oʊʒɛθ,oʊʒɔθ,oʒɛθ,oʒɔθ
oʊ,oʊʒɛð,oʊʒɔð,oʒɛð,oʒɔð
oʊ,oʊθɛm,oʊθɔm,oθɛm,oθɔm
oʊ,oʊθɛn,oʊθɔn,oθɛn,oθɔn
oʊ,oʊθɛŋ,oʊθɔŋ,oθɛŋ,oθɔŋ
oʊ,oʊθɛp,oʊθɔp,oθɛp,oθɔp
oʊ,oʊθɛt,oʊθɔt,oθɛt,oθɔt
oʊ,oʊθɛk,oʊθɔk,oθɛk,oθɔk
oʊ,oʊθɛb,oʊθɔb,oθɛb,oθɔb
oʊ,oʊθɛd,oʊθɔd,oθɛd,oθɔd
oʊ,oʊθɛg,oʊθɔg,oθɛg,oθɔg
oʊ,oʊθɛf,oʊθɔf,oθɛf,oθɔf
oʊ,oʊθɛs,oʊθɔs,oθɛs,oθɔs
oʊ,oʊθɛv,oʊθɔv,oθɛv,oθɔv
oʊ,oʊθɛz,oʊθɔz,oθɛz,oθɔz
oʊ,oʊθɛʃ,oʊθɔʃ,oθɛʃ,oθɔʃ
oʊ,oʊθɛʒ,oʊθɔʒ,oθɛʒ,oθɔʒ
oʊ,oʊθɛθ,oʊθɔθ,oθɛθ,oθɔθ
oʊ,oʊθɛð,oʊθɔð,oθɛð,oθɔð
oʊ,oʊðɛm,oʊðɔm,oðɛm,oðɔm
oʊ,oʊðɛn,oʊðɔn,oðɛn,oðɔn
oʊ,oʊðɛŋ,oʊðɔŋ,oðɛŋ,oðɔŋ
oʊ,oʊðɛp,oʊðɔp,oðɛp,oðɔp
oʊ,oʊðɛt,oʊðɔt,oðɛt,oðɔt
oʊ,oʊðɛk,oʊðɔk,oðɛk,oðɔk
oʊ,oʊðɛb,oʊðɔb,oðɛb,oðɔb
oʊ,oʊðɛd,oʊðɔd,oðɛd,oðɔd
oʊ,oʊðɛg,oʊðɔg,oðɛg,oðɔg
oʊ,oʊðɛf,oʊðɔf,oðɛf,oðɔf
oʊ,oʊðɛs,oʊðɔs,oðɛs,oðɔs
oʊ,oʊðɛv,oʊðɔv,oðɛv,oðɔv
oʊ,oʊðɛz,oʊðɔz,oðɛz,oðɔz
oʊ,oʊðɛʃ,oʊðɔʃ,oðɛʃ,oðɔʃ
oʊ,oʊðɛʒ,oʊðɔʒ,oðɛʒ,oðɔʒ
oʊ,oʊðɛθ,oʊðɔθ,oðɛθ,oðɔθ
oʊ,oʊðɛð,oʊðɔð,oðɛð,oðɔð
oʊ,oʊhɛm,oʊhɔm,ohɛm,ohɔm
oʊ,oʊhɛn,oʊhɔn,ohɛn,ohɔn
oʊ,oʊhɛŋ,oʊhɔŋ,ohɛŋ,ohɔŋ
oʊ,oʊhɛp,oʊhɔp,ohɛp,ohɔp
oʊ,oʊhɛt,oʊhɔt,ohɛt,ohɔt
oʊ,oʊhɛk,oʊhɔk,ohɛk,ohɔk
oʊ,oʊhɛb,oʊhɔb,ohɛb,ohɔb
oʊ,oʊhɛd,oʊhɔd,ohɛd,ohɔd
oʊ,oʊhɛg,oʊhɔg,ohɛg,ohɔg
oʊ,oʊhɛf,oʊhɔf,ohɛf,ohɔf
oʊ,oʊhɛs,oʊhɔs,ohɛs,ohɔs
oʊ,oʊhɛv,oʊhɔv,ohɛv,ohɔv
oʊ,oʊhɛz,oʊhɔz,ohɛz,ohɔz
oʊ,oʊhɛʃ,oʊhɔʃ,ohɛʃ,ohɔʃ
oʊ,oʊhɛʒ,oʊhɔʒ,ohɛʒ,ohɔʒ
oʊ,oʊhɛθ,oʊhɔθ,ohɛθ,ohɔθ
oʊ,oʊhɛð,oʊhɔð,ohɛð,ohɔð
oʊ,oʊmʊm,oʊmʊm,omʊm,omʊm
oʊ,oʊmʊn,oʊmʊn,omʊn,omʊn
oʊ,oʊmʊŋ,oʊmʊŋ,omʊŋ,omʊŋ
oʊ,oʊmʊp,oʊmʊp,omʊp,omʊp
oʊ,oʊmʊt,oʊmʊt,omʊt,omʊt
oʊ,oʊmʊk,oʊmʊk,omʊk,omʊk
oʊ,oʊmʊb,oʊmʊb,omʊb,omʊb
oʊ,oʊmʊd,oʊmʊd,omʊd,omʊd
oʊ,oʊmʊg,oʊmʊg,omʊg,omʊg
oʊ,oʊmʊf,oʊmʊf,omʊf,omʊf
oʊ,oʊmʊs,oʊmʊs,omʊs,omʊs
oʊ,oʊmʊv,oʊmʊv,omʊv,omʊv
oʊ,oʊmʊz,oʊmʊz,omʊz,omʊz
oʊ,oʊmʊʃ,oʊmʊʃ,omʊʃ,omʊʃ
oʊ,oʊmʊʒ,oʊmʊʒ,omʊʒ,omʊʒ
oʊ,oʊmʊθ,oʊmʊθ,omʊθ,omʊθ
oʊ,oʊmʊð,oʊmʊð,omʊð,omʊð
oʊ,oʊnʊm,oʊnʊm,onʊm,onʊm
oʊ,oʊnʊn,oʊnʊn,onʊn,onʊn
oʊ,oʊnʊŋ,oʊnʊŋ,onʊŋ,onʊŋ
oʊ,oʊnʊp,oʊnʊp,onʊp,onʊp
oʊ,oʊnʊt,oʊnʊt,onʊt,onʊt
oʊ,oʊnʊk,oʊnʊk,onʊk,onʊk
oʊ,oʊnʊb,oʊnʊb,onʊb,onʊb
oʊ,oʊnʊd,oʊnʊd,onʊd,onʊd
oʊ,oʊnʊg,oʊnʊg,onʊg,onʊg
oʊ,oʊnʊf,oʊnʊf,onʊf,onʊf
oʊ,oʊnʊs,oʊnʊs,onʊs,onʊs
oʊ,oʊnʊv,oʊnʊv,onʊv,onʊv
oʊ,oʊnʊz,oʊnʊz,onʊz,onʊz
oʊ,oʊnʊʃ,oʊnʊʃ,onʊʃ,onʊʃ
oʊ,oʊnʊʒ,oʊnʊʒ,onʊʒ,onʊʒ
oʊ,oʊnʊθ,oʊnʊθ,onʊθ,onʊθ
oʊ,oʊnʊð,oʊnʊð,onʊð,onʊð
oʊ,oʊpʊm,oʊpʊm,opʊm,opʊm
oʊ,oʊpʊn,oʊpʊn,opʊn,opʊn
oʊ,oʊpʊŋ,oʊpʊŋ,opʊŋ,opʊŋ
oʊ,oʊpʊp,oʊpʊp,opʊp,opʊp
oʊ,oʊpʊt,oʊpʊt,opʊt,opʊt
oʊ,oʊpʊk,oʊpʊk,opʊk,opʊk
oʊ,oʊpʊb,oʊpʊb,opʊb,opʊb
oʊ,oʊpʊd,oʊpʊd,opʊd,opʊd
oʊ,oʊpʊg,oʊpʊg,opʊg,opʊg
oʊ,oʊpʊf,oʊpʊf,opʊf,opʊf
oʊ,oʊpʊs,oʊpʊs,opʊs,opʊs
oʊ,oʊpʊv,oʊpʊv,opʊv,opʊv
oʊ,oʊpʊz,oʊpʊz,opʊz,opʊz
oʊ,oʊpʊʃ,oʊpʊʃ,opʊʃ,opʊʃ
oʊ,oʊpʊʒ,oʊpʊʒ,opʊʒ,opʊʒ
oʊ,oʊpʊθ,oʊpʊθ,opʊθ,opʊθ
oʊ,oʊpʊð,oʊpʊð,opʊð,opʊð
oʊ,oʊtʊm,oʊtʊm,otʊm,otʊm
oʊ,oʊtʊn,oʊtʊn,otʊn,otʊn
oʊ,oʊtʊŋ,oʊtʊŋ,otʊŋ,otʊŋ
oʊ,oʊtʊp,oʊtʊp,otʊp,otʊp
oʊ,oʊtʊt,oʊtʊt,otʊt,otʊt
oʊ,oʊtʊk,oʊtʊk,otʊk,otʊk
oʊ,oʊtʊb,oʊtʊb,otʊb,otʊb
oʊ,oʊtʊd,oʊtʊd,otʊd,otʊd
oʊ,oʊtʊg,oʊtʊg,otʊg,otʊg
oʊ,oʊtʊf,oʊtʊf,otʊf,otʊf
oʊ,oʊtʊs,oʊtʊs,otʊs,otʊs
oʊ,oʊtʊv,oʊtʊv,otʊv,otʊv
oʊ,oʊtʊz,oʊtʊz,otʊz,otʊz
oʊ,oʊtʊʃ,oʊtʊʃ,otʊʃ,otʊʃ
oʊ,oʊtʊʒ,oʊtʊʒ,otʊʒ,otʊʒ
oʊ,oʊtʊθ,oʊtʊθ,otʊθ,otʊθ
oʊ,oʊtʊð,oʊtʊð,otʊð,otʊð
oʊ,oʊkʊm,oʊkʊm,okʊm,okʊm
oʊ,oʊkʊn,oʊkʊn,okʊn,okʊn
oʊ,oʊkʊŋ,oʊkʊŋ,okʊŋ,okʊŋ
oʊ,oʊkʊp,oʊkʊp,okʊp,okʊp
oʊ,oʊkʊt,oʊkʊt,okʊt,okʊt
oʊ,oʊkʊk,oʊkʊk,okʊk,okʊk
oʊ,oʊkʊb,oʊkʊb,okʊb,okʊb
oʊ,oʊkʊd,oʊkʊd,okʊd,okʊd
oʊ,oʊkʊg,oʊkʊg,okʊg,okʊg
oʊ,oʊkʊf,oʊkʊf,okʊf,okʊf
oʊ,oʊkʊs,oʊkʊs,okʊs,okʊs
oʊ,oʊkʊv,oʊkʊv,okʊv,okʊv
oʊ,oʊkʊz,oʊkʊz,okʊz,okʊz
oʊ,oʊkʊʃ,oʊkʊʃ,okʊʃ,okʊʃ
oʊ,oʊkʊʒ,oʊkʊʒ,okʊʒ,okʊʒ
oʊ,oʊkʊθ,oʊkʊθ,okʊθ,okʊθ
oʊ,oʊkʊð,oʊkʊð,okʊð,okʊð
oʊ,oʊbʊm,oʊbʊm,obʊm,obʊm
oʊ,oʊbʊn,oʊbʊn,obʊn,obʊn
oʊ,oʊbʊŋ,oʊbʊŋ,obʊŋ,obʊŋ
oʊ,oʊbʊp,oʊbʊp,obʊp,obʊp
oʊ,oʊbʊt,oʊbʊt,obʊt,obʊt
oʊ,oʊbʊk,oʊbʊk,obʊk,obʊk
oʊ,oʊbʊb,oʊbʊb,obʊb,obʊb
oʊ,oʊbʊd,oʊbʊd,obʊd,obʊd
oʊ,oʊbʊg,oʊbʊg,obʊg,obʊg
oʊ,oʊbʊf,oʊbʊf,obʊf,obʊf
oʊ,oʊbʊs,oʊbʊs,obʊs,obʊs
oʊ,oʊbʊv,oʊbʊv,obʊv,obʊv
oʊ,oʊbʊz,oʊbʊz,obʊz,obʊz
oʊ,oʊbʊʃ,oʊbʊʃ,obʊʃ,obʊʃ
oʊ,oʊbʊʒ,oʊbʊʒ,obʊʒ,obʊʒ
oʊ,oʊbʊθ,oʊbʊθ,obʊθ,obʊθ
oʊ,oʊbʊð,oʊbʊð,obʊð,obʊð
oʊ,oʊdʊm,oʊdʊm,odʊm,odʊm
oʊ,oʊdʊn,oʊdʊn,odʊn,odʊn
oʊ,oʊdʊŋ,oʊdʊŋ,odʊŋ,odʊŋ
oʊ,oʊdʊp,oʊdʊp,odʊp,odʊp
oʊ,oʊdʊt,oʊdʊt,odʊt,odʊt
oʊ,oʊdʊk,oʊdʊk,odʊk,odʊk
oʊ,oʊdʊb,oʊdʊb,odʊb,odʊb
oʊ,oʊdʊd,oʊdʊd,odʊd,odʊd
oʊ,oʊdʊg,oʊdʊg,odʊg,odʊg
oʊ,oʊdʊf,oʊdʊf,odʊf,odʊf
oʊ,oʊdʊs,oʊdʊs,odʊs,odʊs
oʊ,oʊdʊv,oʊdʊv,odʊv,odʊv
oʊ,oʊdʊz,oʊdʊz,odʊz,odʊz
oʊ,oʊdʊʃ,oʊdʊʃ,odʊʃ,odʊʃ
oʊ,oʊdʊʒ,oʊdʊʒ,odʊʒ,odʊʒ
oʊ,oʊdʊθ,oʊdʊθ,odʊθ,odʊθ
oʊ,oʊdʊð,oʊdʊð,odʊð,odʊð
oʊ,oʊgʊm,oʊgʊm,ogʊm,ogʊm
oʊ,oʊgʊn,oʊgʊn,ogʊn,ogʊn
oʊ,oʊgʊŋ,oʊgʊŋ,ogʊŋ,ogʊŋ
oʊ,oʊgʊp,oʊgʊp,ogʊp,ogʊp
oʊ,oʊgʊt,oʊgʊt,ogʊt,ogʊt
oʊ,oʊgʊk,oʊgʊk,ogʊk,ogʊk
oʊ,oʊgʊb,oʊgʊb,ogʊb,ogʊb
oʊ,oʊgʊd,oʊgʊd,ogʊd,ogʊd
oʊ,oʊgʊg,oʊgʊg,ogʊg,ogʊg
oʊ,oʊgʊf,oʊgʊf,ogʊf,ogʊf
oʊ,oʊgʊs,oʊgʊs,ogʊs,ogʊs
oʊ,oʊgʊv,oʊgʊv,ogʊv,ogʊv
oʊ,oʊgʊz,oʊgʊz,ogʊz,ogʊz
oʊ,oʊgʊʃ,oʊgʊʃ,ogʊʃ,ogʊʃ
oʊ,oʊgʊʒ,oʊgʊʒ,ogʊʒ,ogʊʒ
oʊ,oʊgʊθ,oʊgʊθ,ogʊθ,ogʊθ
oʊ,oʊgʊð,oʊgʊð,ogʊð,ogʊð
oʊ,oʊfʊm,oʊfʊm,ofʊm,ofʊm
oʊ,oʊfʊn,oʊfʊn,ofʊn,ofʊn
oʊ,oʊfʊŋ,oʊfʊŋ,ofʊŋ,ofʊŋ
oʊ,oʊfʊp,oʊfʊp,ofʊp,ofʊp
oʊ,oʊfʊt,oʊfʊt,ofʊt,ofʊt
oʊ,oʊfʊk,oʊfʊk,ofʊk,ofʊk
oʊ,oʊfʊb,oʊfʊb,ofʊb,ofʊb
oʊ,oʊfʊd,oʊfʊd,ofʊd,ofʊd
oʊ,oʊfʊg,oʊfʊg,ofʊg,ofʊg
oʊ,oʊfʊf,oʊfʊf,ofʊf,ofʊf
oʊ,oʊfʊs,oʊfʊs,ofʊs,ofʊs
oʊ,oʊfʊv,oʊfʊv,ofʊv,ofʊv
oʊ,oʊfʊz,oʊfʊz,ofʊz,ofʊz
oʊ,oʊfʊʃ,oʊfʊʃ,ofʊʃ,ofʊʃ
oʊ,oʊfʊʒ,oʊfʊʒ,ofʊʒ,ofʊʒ
oʊ,oʊfʊθ,oʊfʊθ,ofʊθ,ofʊθ
oʊ,oʊfʊð,oʊfʊð,ofʊð,ofʊð
oʊ,oʊsʊm,oʊsʊm,osʊm,osʊm
oʊ,oʊsʊn,oʊsʊn,osʊn,osʊn
oʊ,oʊsʊŋ,oʊsʊŋ,osʊŋ,osʊŋ
oʊ,oʊsʊp,oʊsʊp,osʊp,osʊp
oʊ,oʊsʊt,oʊsʊt,osʊt,osʊt
oʊ,oʊsʊk,oʊsʊk,osʊk,osʊk
oʊ,oʊsʊb,oʊsʊb,osʊb,osʊb
oʊ,oʊsʊd,oʊsʊd,osʊd,osʊd
oʊ,oʊsʊg,oʊsʊg,osʊg,osʊg
oʊ,oʊsʊf,oʊsʊf,osʊf,osʊf
oʊ,oʊsʊs,oʊsʊs,osʊs,osʊs
oʊ,oʊsʊv,oʊsʊv,osʊv,osʊv
oʊ,oʊsʊz,oʊsʊz,osʊz,osʊz
oʊ,oʊsʊʃ,oʊsʊʃ,osʊʃ,osʊʃ
oʊ,oʊsʊʒ,oʊsʊʒ,osʊʒ,osʊʒ
oʊ,oʊsʊθ,oʊsʊθ,osʊθ,osʊθ
oʊ,oʊsʊð,oʊsʊð,osʊð,osʊð
oʊ,oʊvʊm,oʊvʊm,ovʊm,ovʊm
oʊ,oʊvʊn,oʊvʊn,ovʊn,ovʊn
oʊ,oʊvʊŋ,oʊvʊŋ,ovʊŋ,ovʊŋ
oʊ,oʊvʊp,oʊvʊp,ovʊp,ovʊp
oʊ,oʊvʊt,oʊvʊt,ovʊt,ovʊt
oʊ,oʊvʊk,oʊvʊk,ovʊk,ovʊk
oʊ,oʊvʊb,oʊvʊb,ovʊb,ovʊb
oʊ,oʊvʊd,oʊvʊd,ovʊd,ovʊd
oʊ,oʊvʊg,oʊvʊg,ovʊg,ovʊg
oʊ,oʊvʊf,oʊvʊf,ovʊf,ovʊf
oʊ,oʊvʊs,oʊvʊs,ovʊs,ovʊs
oʊ,oʊvʊv,oʊvʊv,ovʊv,ovʊv
oʊ,oʊvʊz,oʊvʊz,ovʊz,ovʊz
oʊ,oʊvʊʃ,oʊvʊʃ,ovʊʃ,ovʊʃ
oʊ,oʊvʊʒ,oʊvʊʒ,ovʊʒ,ovʊʒ
oʊ,oʊvʊθ,oʊvʊθ,ovʊθ,ovʊθ
oʊ,oʊvʊð,oʊvʊð,ovʊð,ovʊð
oʊ,oʊzʊm,oʊzʊm,ozʊm,ozʊm
oʊ,oʊzʊn,oʊzʊn,ozʊn,ozʊn
oʊ,oʊzʊŋ,oʊzʊŋ,ozʊŋ,ozʊŋ
oʊ,oʊzʊp,oʊzʊp,ozʊp,ozʊp
oʊ,oʊzʊt,oʊzʊt,ozʊt,ozʊt
oʊ,oʊzʊk,oʊzʊk,ozʊk,ozʊk
oʊ,oʊzʊb,oʊzʊb,ozʊb,ozʊb
oʊ,oʊzʊd,oʊzʊd,ozʊd,ozʊd
oʊ,oʊzʊg,oʊzʊg,ozʊg,ozʊg
oʊ,oʊzʊf,oʊzʊf,ozʊf,ozʊf
oʊ,oʊzʊs,oʊzʊs,ozʊs,ozʊs
oʊ,oʊzʊv,oʊzʊv,ozʊv,ozʊv
oʊ,oʊzʊz,oʊzʊz,ozʊz,ozʊz
oʊ,oʊzʊʃ,oʊzʊʃ,ozʊʃ,ozʊʃ
oʊ,oʊzʊʒ,oʊzʊʒ,ozʊʒ,ozʊʒ
oʊ,oʊzʊθ,oʊzʊθ,ozʊθ,ozʊθ
oʊ,oʊzʊð,oʊzʊð,ozʊð,ozʊð
oʊ,oʊʃʊm,oʊʃʊm,oʃʊm,oʃʊm
oʊ,oʊʃʊn,oʊʃʊn,oʃʊn,oʃʊn
oʊ,oʊʃʊŋ,oʊʃʊŋ,oʃʊŋ,oʃʊŋ
oʊ,oʊʃʊp,oʊʃʊp,oʃʊp,oʃʊp
oʊ,oʊʃʊt,oʊʃʊt,oʃʊt,oʃʊt
oʊ,oʊʃʊk,oʊʃʊk,oʃʊk,oʃʊk
oʊ,oʊʃʊb,oʊʃʊb,oʃʊb,oʃʊb
oʊ,oʊʃʊd,oʊʃʊd,oʃʊd,oʃʊd
oʊ,oʊʃʊg,oʊʃʊg,oʃʊg,oʃʊg
oʊ,oʊʃʊf,oʊʃʊf,oʃʊf,oʃʊf
oʊ,oʊʃʊs,oʊʃʊs,oʃʊs,oʃʊs
oʊ,oʊʃʊv,oʊʃʊv,oʃʊv,oʃʊv
oʊ,oʊʃʊz,oʊʃʊz,oʃʊz,oʃʊz
oʊ,oʊʃʊʃ,oʊʃʊʃ,oʃʊʃ,oʃʊʃ
oʊ,oʊʃʊʒ,oʊʃʊʒ,oʃʊʒ,oʃʊʒ
oʊ,oʊʃʊθ,oʊʃʊθ,oʃʊθ,oʃʊθ
oʊ,oʊʃʊð,oʊʃʊð,oʃʊð,oʃʊð
oʊ,oʊʒʊm,oʊʒʊm,oʒʊm,oʒʊm
oʊ,oʊʒʊn,oʊʒʊn,oʒʊn,oʒʊn
oʊ,oʊʒʊŋ,oʊʒʊŋ,oʒʊŋ,oʒʊŋ
oʊ,oʊʒʊp,oʊʒʊp,oʒʊp,oʒʊp
oʊ,oʊʒʊt,oʊʒʊt,oʒʊt,oʒʊt
oʊ,oʊʒʊk,oʊʒʊk,oʒʊk,oʒʊk
oʊ,oʊʒʊb,oʊʒʊb,oʒʊb,oʒʊb
oʊ,oʊʒʊd,oʊʒʊd,oʒʊd,oʒʊd
oʊ,oʊʒʊg,oʊʒʊg,oʒʊg,oʒʊg
oʊ,oʊʒʊf,oʊʒʊf,oʒʊf,oʒʊf
oʊ,oʊʒʊs,oʊʒʊs,oʒʊs,oʒʊs
oʊ,oʊʒʊv,oʊʒʊv,oʒʊv,oʒʊv
oʊ,oʊʒʊz,oʊʒʊz,oʒʊz,oʒʊz
oʊ,oʊʒʊʃ,oʊʒʊʃ,oʒʊʃ,oʒʊʃ
oʊ,oʊʒʊʒ,oʊʒʊʒ,oʒʊʒ,oʒʊʒ
oʊ,oʊʒʊθ,oʊʒʊθ,oʒʊθ,oʒʊθ
oʊ,oʊʒʊð,oʊʒʊð,oʒʊð,oʒʊð
oʊ,oʊθʊm,oʊθʊm,oθʊm,oθʊm
oʊ,oʊθʊn,oʊθʊn,oθʊn,oθʊn
oʊ,oʊθʊŋ,oʊθʊŋ,oθʊŋ,oθʊŋ
oʊ,oʊθʊp,oʊθʊp,oθʊp,oθʊp
oʊ,oʊθʊt,oʊθʊt,oθʊt,oθʊt
oʊ,oʊθʊk,oʊθʊk,oθʊk,oθʊk
oʊ,oʊθʊb,oʊθʊb,oθʊb,oθʊb
oʊ,oʊθʊd,oʊθʊd,oθʊd,oθʊd
oʊ,oʊθʊg,oʊθʊg,oθʊg,oθʊg
oʊ,oʊθʊf,oʊθʊf,oθʊf,oθʊf
oʊ,oʊθʊs,oʊθʊs,oθʊs,oθʊs
oʊ,oʊθʊv,oʊθʊv,oθʊv,oθʊv
oʊ,oʊθʊz,oʊθʊz,oθʊz,oθʊz
oʊ,oʊθʊʃ,oʊθʊʃ,oθʊʃ,oθʊʃ
oʊ,oʊθʊʒ,oʊθʊʒ,oθʊʒ,oθʊʒ
oʊ,oʊθʊθ,oʊθʊθ,oθʊθ,oθʊθ
oʊ,oʊθʊð,oʊθʊð,oθʊð,oθʊð
oʊ,oʊðʊm,oʊðʊm,oðʊm,oðʊm
oʊ,oʊðʊn,oʊðʊn,oðʊn,oðʊn
oʊ,oʊðʊŋ,oʊðʊŋ,oðʊŋ,oðʊŋ
oʊ,oʊðʊp,oʊðʊp,oðʊp,oðʊp
oʊ,oʊðʊt,oʊðʊt,oðʊt,oðʊt
oʊ,oʊðʊk,oʊðʊk,oðʊk,oðʊk
oʊ,oʊðʊb,oʊðʊb,oðʊb,oðʊb
oʊ,oʊðʊd,oʊðʊd,oðʊd,oðʊd
oʊ,oʊðʊg,oʊðʊg,oðʊg,oðʊg
oʊ,oʊðʊf,oʊðʊf,oðʊf,oðʊf
oʊ,oʊðʊs,oʊðʊs,oðʊs,oðʊs
oʊ,oʊðʊv,oʊðʊv,oðʊv,oðʊv
oʊ,oʊðʊz,oʊðʊz,oðʊz,oðʊz
oʊ,oʊðʊʃ,oʊðʊʃ,oðʊʃ,oðʊʃ
oʊ,oʊðʊʒ,oʊðʊʒ,oðʊʒ,oðʊʒ
oʊ,oʊðʊθ,oʊðʊθ,oðʊθ,oðʊθ
oʊ,oʊðʊð,oʊðʊð,oðʊð,oðʊð
oʊ,oʊhʊm,oʊhʊm,ohʊm,ohʊm
oʊ,oʊhʊn,oʊhʊn,ohʊn,ohʊn
oʊ,oʊhʊŋ,oʊhʊŋ,ohʊŋ,ohʊŋ
oʊ,oʊhʊp,oʊhʊp,ohʊp,ohʊp
oʊ,oʊhʊt,oʊhʊt,ohʊt,ohʊt
oʊ,oʊhʊk,oʊhʊk,ohʊk,ohʊk
oʊ,oʊhʊb,oʊhʊb,ohʊb,ohʊb
oʊ,oʊhʊd,oʊhʊd,ohʊd,ohʊd
oʊ,oʊhʊg,oʊhʊg,ohʊg,ohʊg
oʊ,oʊhʊf,oʊhʊf,ohʊf,ohʊf
oʊ,oʊhʊs,oʊhʊs,ohʊs,ohʊs
oʊ,oʊhʊv,oʊhʊv,ohʊv,ohʊv
oʊ,oʊhʊz,oʊhʊz,ohʊz,ohʊz
oʊ,oʊhʊʃ,oʊhʊʃ,ohʊʃ,ohʊʃ
oʊ,oʊhʊʒ,oʊhʊʒ,ohʊʒ,ohʊʒ
oʊ,oʊhʊθ,oʊhʊθ,ohʊθ,ohʊθ
oʊ,oʊhʊð,oʊhʊð,ohʊð,ohʊð
oʊ,oʊmɔm,oʊmɔm,omɔm,omɔm
oʊ,oʊmɔn,oʊmɔn,omɔn,omɔn
oʊ,oʊmɔŋ,oʊmɔŋ,omɔŋ,omɔŋ
oʊ,oʊmɔp,oʊmɔp,omɔp,omɔp
oʊ,oʊmɔt,oʊmɔt,omɔt,omɔt
oʊ,oʊmɔk,oʊmɔk,omɔk,omɔk
oʊ,oʊmɔb,oʊmɔb,omɔb,omɔb
oʊ,oʊmɔd,oʊmɔd,omɔd,omɔd
oʊ,oʊmɔg,oʊmɔg,omɔg,omɔg
oʊ,oʊmɔf,oʊmɔf,omɔf,omɔf
oʊ,oʊmɔs,oʊmɔs,omɔs,omɔs
oʊ,oʊmɔv,oʊmɔv,omɔv,omɔv
oʊ,oʊmɔz,oʊmɔz,omɔz,omɔz
oʊ,oʊmɔʃ,oʊmɔʃ,omɔʃ,omɔʃ
oʊ,oʊmɔʒ,oʊmɔʒ,omɔʒ,omɔʒ
oʊ,oʊmɔθ,oʊmɔθ,omɔθ,omɔθ
oʊ,oʊmɔð,oʊmɔð,omɔð,omɔð
oʊ,oʊnɔm,oʊnɔm,onɔm,onɔm
oʊ,oʊnɔn,oʊnɔn,onɔn,onɔn
oʊ,oʊnɔŋ,oʊnɔŋ,onɔŋ,onɔŋ
oʊ,oʊnɔp,oʊnɔp,onɔp,onɔp
oʊ,oʊnɔt,oʊnɔt,onɔt,onɔt
oʊ,oʊnɔk,oʊnɔk,onɔk,onɔk
oʊ,oʊnɔb,oʊnɔb,onɔb,onɔb
oʊ,oʊnɔd,oʊnɔd,onɔd,onɔd
oʊ,oʊnɔg,oʊnɔg,onɔg,onɔg
oʊ,oʊnɔf,oʊnɔf,onɔf,onɔf
oʊ,oʊnɔs,oʊnɔs,onɔs,onɔs
oʊ,oʊnɔv,oʊnɔv,onɔv,onɔv
oʊ,oʊnɔz,oʊnɔz,onɔz,onɔz
oʊ,oʊnɔʃ,oʊnɔʃ,onɔʃ,onɔʃ
oʊ,oʊnɔʒ,oʊnɔʒ,onɔʒ,onɔʒ
oʊ,oʊnɔθ,oʊnɔθ,onɔθ,onɔθ
oʊ,oʊnɔð,oʊnɔð,onɔð,onɔð
oʊ,oʊpɔm,oʊpɔm,opɔm,opɔm
oʊ,oʊpɔn,oʊpɔn,opɔn,opɔn
oʊ,oʊpɔŋ,oʊpɔŋ,opɔŋ,opɔŋ
oʊ,oʊpɔp,oʊpɔp,opɔp,opɔp
oʊ,oʊpɔt,oʊpɔt,opɔt,opɔt
oʊ,oʊpɔk,oʊpɔk,opɔk,opɔk
oʊ,oʊpɔb,oʊpɔb,opɔb,opɔb
oʊ,oʊpɔd,oʊpɔd,opɔd,opɔd
oʊ,oʊpɔg,oʊpɔg,opɔg,opɔg
oʊ,oʊpɔf,oʊpɔf,opɔf,opɔf
oʊ,oʊpɔs,oʊpɔs,opɔs,opɔs
oʊ,oʊpɔv,oʊpɔv,opɔv,opɔv
oʊ,oʊpɔz,oʊpɔz,opɔz,opɔz
oʊ,oʊpɔʃ,oʊpɔʃ,opɔʃ,opɔʃ
oʊ,oʊpɔʒ,oʊpɔʒ,opɔʒ,opɔʒ
oʊ,oʊpɔθ,oʊpɔθ,opɔθ,opɔθ
oʊ,oʊpɔð,oʊpɔð,opɔð,opɔð
oʊ,oʊtɔm,oʊtɔm,otɔm,otɔm
oʊ,oʊtɔn,oʊtɔn,otɔn,otɔn
oʊ,oʊtɔŋ,oʊtɔŋ,otɔŋ,otɔŋ
oʊ,oʊtɔp,oʊtɔp,otɔp,otɔp
oʊ,oʊtɔt,oʊtɔt,otɔt,otɔt
oʊ,oʊtɔk,oʊtɔk,otɔk,otɔk
oʊ,oʊtɔb,oʊtɔb,otɔb,otɔb
oʊ,oʊtɔd,oʊtɔd,otɔd,otɔd
oʊ,oʊtɔg,oʊtɔg,otɔg,otɔg
oʊ,oʊtɔf,oʊtɔf,otɔf,otɔf
oʊ,oʊtɔs,oʊtɔs,otɔs,otɔs
oʊ,oʊtɔv,oʊtɔv,otɔv,otɔv
oʊ,oʊtɔz,oʊtɔz,otɔz,otɔz
oʊ,oʊtɔʃ,oʊtɔʃ,otɔʃ,otɔʃ
oʊ,oʊtɔʒ,oʊtɔʒ,otɔʒ,otɔʒ
oʊ,oʊtɔθ,oʊtɔθ,otɔθ,otɔθ
oʊ,oʊtɔð,oʊtɔð,otɔð,otɔð
oʊ,oʊkɔm,oʊkɔm,okɔm,okɔm
oʊ,oʊkɔn,oʊkɔn,okɔn,okɔn
oʊ,oʊkɔŋ,oʊkɔŋ,okɔŋ,okɔŋ
oʊ,oʊkɔp,oʊkɔp,okɔp,okɔp
oʊ,oʊkɔt,oʊkɔt,okɔt,okɔt
oʊ,oʊkɔk,oʊkɔk,okɔk,okɔk
oʊ,oʊkɔb,oʊkɔb,okɔb,okɔb
oʊ,oʊkɔd,oʊkɔd,okɔd,okɔd
oʊ,oʊkɔg,oʊkɔg,okɔg,okɔg
oʊ,oʊkɔf,oʊkɔf,okɔf,okɔf
oʊ,oʊkɔs,oʊkɔs,okɔs,okɔs
oʊ,oʊkɔv,oʊkɔv,okɔv,okɔv
oʊ,oʊkɔz,oʊkɔz,okɔz,okɔz
oʊ,oʊkɔʃ,oʊkɔʃ,okɔʃ,okɔʃ
oʊ,oʊkɔʒ,oʊkɔʒ,okɔʒ,okɔʒ
oʊ,oʊkɔθ,oʊkɔθ,okɔθ,okɔθ
oʊ,oʊkɔð,oʊkɔð,okɔð,okɔð
oʊ,oʊbɔm,oʊbɔm,obɔm,obɔm
oʊ,oʊbɔn,oʊbɔn,obɔn,obɔn
oʊ,oʊbɔŋ,oʊbɔŋ,obɔŋ,obɔŋ
oʊ,oʊbɔp,oʊbɔp,obɔp,obɔp
oʊ,oʊbɔt,oʊbɔt,obɔt,obɔt
oʊ,oʊbɔk,oʊbɔk,obɔk,obɔk
oʊ,oʊbɔb,oʊbɔb,obɔb,obɔb
oʊ,oʊbɔd,oʊbɔd,obɔd,obɔd
oʊ,oʊbɔg,oʊbɔg,obɔg,obɔg
oʊ,oʊbɔf,oʊbɔf,obɔf,obɔf
oʊ,oʊbɔs,oʊbɔs,obɔs,obɔs
oʊ,oʊbɔv,oʊbɔv,obɔv,obɔv
oʊ,oʊbɔz,oʊbɔz,obɔz,obɔz
oʊ,oʊbɔʃ,oʊbɔʃ,obɔʃ,obɔʃ
oʊ,oʊbɔʒ,oʊbɔʒ,obɔʒ,obɔʒ
oʊ,oʊbɔθ,oʊbɔθ,obɔθ,obɔθ
oʊ,oʊbɔð,oʊbɔð,obɔð,obɔð
oʊ,oʊdɔm,oʊdɔm,odɔm,odɔm
oʊ,oʊdɔn,oʊdɔn,odɔn,odɔn
oʊ,oʊdɔŋ,oʊdɔŋ,odɔŋ,odɔŋ
oʊ,oʊdɔp,oʊdɔp,odɔp,odɔp
oʊ,oʊdɔt,oʊdɔt,odɔt,odɔt
oʊ,oʊdɔk,oʊdɔk,odɔk,odɔk
oʊ,oʊdɔb,oʊdɔb,odɔb,odɔb
oʊ,oʊdɔd,oʊdɔd,odɔd,odɔd
oʊ,oʊdɔg,oʊdɔg,odɔg,odɔg
oʊ,oʊdɔf,oʊdɔf,odɔf,odɔf
oʊ,oʊdɔs,oʊdɔs,odɔs,odɔs
oʊ,oʊdɔv,oʊdɔv,odɔv,odɔv
oʊ,oʊdɔz,oʊdɔz,odɔz,odɔz
oʊ,oʊdɔʃ,oʊdɔʃ,odɔʃ,odɔʃ
oʊ,oʊdɔʒ,oʊdɔʒ,odɔʒ,odɔʒ
oʊ,oʊdɔθ,oʊdɔθ,odɔθ,odɔθ
oʊ,oʊdɔð,oʊdɔð,odɔð,odɔð
oʊ,oʊgɔm,oʊgɔm,ogɔm,ogɔm
oʊ,oʊgɔn,oʊgɔn,ogɔn,ogɔn
oʊ,oʊgɔŋ,oʊgɔŋ,ogɔŋ,ogɔŋ
oʊ,oʊgɔp,oʊgɔp,ogɔp,ogɔp
oʊ,oʊgɔt,oʊgɔt,ogɔt,ogɔt
oʊ,oʊgɔk,oʊgɔk,ogɔk,ogɔk
oʊ,oʊgɔb,oʊgɔb,ogɔb,ogɔb
oʊ,oʊgɔd,oʊgɔd,ogɔd,ogɔd
oʊ,oʊgɔg,oʊgɔg,ogɔg,ogɔg
oʊ,oʊgɔf,oʊgɔf,ogɔf,ogɔf
oʊ,oʊgɔs,oʊgɔs,ogɔs,ogɔs
oʊ,oʊgɔv,oʊgɔv,ogɔv,ogɔv
oʊ,oʊgɔz,oʊgɔz,ogɔz,ogɔz
oʊ,oʊgɔʃ,oʊgɔʃ,ogɔʃ,ogɔʃ
oʊ,oʊgɔʒ,oʊgɔʒ,ogɔʒ,ogɔʒ
oʊ,oʊgɔθ,oʊgɔθ,ogɔθ,ogɔθ
oʊ,oʊgɔð,oʊgɔð,ogɔð,ogɔð
oʊ,oʊfɔm,oʊfɔm,ofɔm,ofɔm
oʊ,oʊfɔn,oʊfɔn,ofɔn,ofɔn
oʊ,oʊfɔŋ,oʊfɔŋ,ofɔŋ,ofɔŋ
oʊ,oʊfɔp,oʊfɔp,ofɔp,ofɔp
oʊ,oʊfɔt,oʊfɔt,ofɔt,ofɔt
oʊ,oʊfɔk,oʊfɔk,ofɔk,ofɔk
oʊ,oʊfɔb,oʊfɔb,ofɔb,ofɔb
oʊ,oʊfɔd,oʊfɔd,ofɔd,ofɔd
oʊ,oʊfɔg,oʊfɔg,ofɔg,ofɔg
oʊ,oʊfɔf,oʊfɔf,ofɔf,ofɔf
oʊ,oʊfɔs,oʊfɔs,ofɔs,ofɔs
oʊ,oʊfɔv,oʊfɔv,ofɔv,ofɔv
oʊ,oʊfɔz,oʊfɔz,ofɔz,ofɔz
oʊ,oʊfɔʃ,oʊfɔʃ,ofɔʃ,ofɔʃ
oʊ,oʊfɔʒ,oʊfɔʒ,ofɔʒ,ofɔʒ
oʊ,oʊfɔθ,oʊfɔθ,ofɔθ,ofɔθ
oʊ,oʊfɔð,oʊfɔð,ofɔð,ofɔð
oʊ,oʊsɔm,oʊsɔm,osɔm,osɔm
oʊ,oʊsɔn,oʊsɔn,osɔn,osɔn
oʊ,oʊsɔŋ,oʊsɔŋ,osɔŋ,osɔŋ
oʊ,oʊsɔp,oʊsɔp,osɔp,osɔp
oʊ,oʊsɔt,oʊsɔt,osɔt,osɔt
oʊ,oʊsɔk,oʊsɔk,osɔk,osɔk
oʊ,oʊsɔb,oʊsɔb,osɔb,osɔb
oʊ,oʊsɔd,oʊsɔd,osɔd,osɔd
oʊ,oʊsɔg,oʊsɔg,osɔg,osɔg
oʊ,oʊsɔf,oʊsɔf,osɔf,osɔf
oʊ,oʊsɔs,oʊsɔs,osɔs,osɔs
oʊ,oʊsɔv,oʊsɔv,osɔv,osɔv
oʊ,oʊsɔz,oʊsɔz,osɔz,osɔz
oʊ,oʊsɔʃ,oʊsɔʃ,osɔʃ,osɔʃ
oʊ,oʊsɔʒ,oʊsɔʒ,osɔʒ,osɔʒ
oʊ,oʊsɔθ,oʊsɔθ,osɔθ,osɔθ
oʊ,oʊsɔð,oʊsɔð,osɔð,osɔð
oʊ,oʊvɔm,oʊvɔm,ovɔm,ovɔm
oʊ,oʊvɔn,oʊvɔn,ovɔn,ovɔn
oʊ,oʊvɔŋ,oʊvɔŋ,ovɔŋ,ovɔŋ
oʊ,oʊvɔp,oʊvɔp,ovɔp,ovɔp
oʊ,oʊvɔt,oʊvɔt,ovɔt,ovɔt
oʊ,oʊvɔk,oʊvɔk,ovɔk,ovɔk
oʊ,oʊvɔb,oʊvɔb,ovɔb,ovɔb
oʊ,oʊvɔd,oʊvɔd,ovɔd,ovɔd
oʊ,oʊvɔg,oʊvɔg,ovɔg,ovɔg
oʊ,oʊvɔf,oʊvɔf,ovɔf,ovɔf
oʊ,oʊvɔs,oʊvɔs,ovɔs,ovɔs
oʊ,oʊvɔv,oʊvɔv,ovɔv,ovɔv
oʊ,oʊvɔz,oʊvɔz,ovɔz,ovɔz
oʊ,oʊvɔʃ,oʊvɔʃ,ovɔʃ,ovɔʃ
oʊ,oʊvɔʒ,oʊvɔʒ,ovɔʒ,ovɔʒ
oʊ,oʊvɔθ,oʊvɔθ,ovɔθ,ovɔθ
oʊ,oʊvɔð,oʊvɔð,ovɔð,ovɔð
oʊ,oʊzɔm,oʊzɔm,ozɔm,ozɔm
oʊ,oʊzɔn,oʊzɔn,ozɔn,ozɔn
oʊ,oʊzɔŋ,oʊzɔŋ,ozɔŋ,ozɔŋ
oʊ,oʊzɔp,oʊzɔp,ozɔp,ozɔp
oʊ,oʊzɔt,oʊzɔt,ozɔt,ozɔt
oʊ,oʊzɔk,oʊzɔk,ozɔk,ozɔk
oʊ,oʊzɔb,oʊzɔb,ozɔb,ozɔb
oʊ,oʊzɔd,oʊzɔd,ozɔd,ozɔd
oʊ,oʊzɔg,oʊzɔg,ozɔg,ozɔg
oʊ,oʊzɔf,oʊzɔf,ozɔf,ozɔf
oʊ,oʊzɔs,oʊzɔs,ozɔs,ozɔs
oʊ,oʊzɔv,oʊzɔv,ozɔv,ozɔv
oʊ,oʊzɔz,oʊzɔz,ozɔz,ozɔz
oʊ,oʊzɔʃ,oʊzɔʃ,ozɔʃ,ozɔʃ
oʊ,oʊzɔʒ,oʊzɔʒ,ozɔʒ,ozɔʒ
oʊ,oʊzɔθ,oʊzɔθ,ozɔθ,ozɔθ
oʊ,oʊzɔð,oʊzɔð,ozɔð,ozɔð
oʊ,oʊʃɔm,oʊʃɔm,oʃɔm,oʃɔm
oʊ,oʊʃɔn,oʊʃɔn,oʃɔn,oʃɔn
oʊ,oʊʃɔŋ,oʊʃɔŋ,oʃɔŋ,oʃɔŋ
oʊ,oʊʃɔp,oʊʃɔp,oʃɔp,oʃɔp
oʊ,oʊʃɔt,oʊʃɔt,oʃɔt,oʃɔt
oʊ,oʊʃɔk,oʊʃɔk,oʃɔk,oʃɔk
oʊ,oʊʃɔb,oʊʃɔb,oʃɔb,oʃɔb
oʊ,oʊʃɔd,oʊʃɔd,oʃɔd,oʃɔd
oʊ,oʊʃɔg,oʊʃɔg,oʃɔg,oʃɔg
oʊ,oʊʃɔf,oʊʃɔf,oʃɔf,oʃɔf
oʊ,oʊʃɔs,oʊʃɔs,oʃɔs,oʃɔs
oʊ,oʊʃɔv,oʊʃɔv,oʃɔv,oʃɔv
oʊ,oʊʃɔz,oʊʃɔz,oʃɔz,oʃɔz
oʊ,oʊʃɔʃ,oʊʃɔʃ,oʃɔʃ,oʃɔʃ
oʊ,oʊʃɔʒ,oʊʃɔʒ,oʃɔʒ,oʃɔʒ
oʊ,oʊʃɔθ,oʊʃɔθ,oʃɔθ,oʃɔθ
oʊ,oʊʃɔð,oʊʃɔð,oʃɔð,oʃɔð
oʊ,oʊʒɔm,oʊʒɔm,oʒɔm,oʒɔm
oʊ,oʊʒɔn,oʊʒɔn,oʒɔn,oʒɔn
oʊ,oʊʒɔŋ,oʊʒɔŋ,oʒɔŋ,oʒɔŋ
oʊ,oʊʒɔp,oʊʒɔp,oʒɔp,oʒɔp
oʊ,oʊʒɔt,oʊʒɔt,oʒɔt,oʒɔt
oʊ,oʊʒɔk,oʊʒɔk,oʒɔk,oʒɔk
oʊ,oʊʒɔb,oʊʒɔb,oʒɔb,oʒɔb
oʊ,oʊʒɔd,oʊʒɔd,oʒɔd,oʒɔd
oʊ,oʊʒɔg,oʊʒɔg,oʒɔg,oʒɔg
oʊ,oʊʒɔf,oʊʒɔf,oʒɔf,oʒɔf
oʊ,oʊʒɔs,oʊʒɔs,oʒɔs,oʒɔs
oʊ,oʊʒɔv,oʊʒɔv,oʒɔv,oʒɔv
oʊ,oʊʒɔz,oʊʒɔz,oʒɔz,oʒɔz
oʊ,oʊʒɔʃ,oʊʒɔʃ,oʒɔʃ,oʒɔʃ
oʊ,oʊʒɔʒ,oʊʒɔʒ,oʒɔʒ,oʒɔʒ
oʊ,oʊʒɔθ,oʊʒɔθ,oʒɔθ,oʒɔθ
oʊ,oʊʒɔð,oʊʒɔð,oʒɔð,oʒɔð
oʊ,oʊθɔm,oʊθɔm,oθɔm,oθɔm
oʊ,oʊθɔn,oʊθɔn,oθɔn,oθɔn
oʊ,oʊθɔŋ,oʊθɔŋ,oθɔŋ,oθɔŋ
oʊ,oʊθɔp,oʊθɔp,oθɔp,oθɔp
oʊ,oʊθɔt,oʊθɔt,oθɔt,oθɔt
oʊ,oʊθɔk,oʊθɔk,oθɔk,oθɔk
oʊ,oʊθɔb,oʊθɔb,oθɔb,oθɔb
oʊ,oʊθɔd,oʊθɔd,oθɔd,oθɔd
oʊ,oʊθɔg,oʊθɔg,oθɔg,oθɔg
oʊ,oʊθɔf,oʊθɔf,oθɔf,oθɔf
oʊ,oʊθɔs,oʊθɔs,oθɔs,oθɔs
oʊ,oʊθɔv,oʊθɔv,oθɔv,oθɔv
oʊ,oʊθɔz,oʊθɔz,oθɔz,oθɔz
oʊ,oʊθɔʃ,oʊθɔʃ,oθɔʃ,oθɔʃ
oʊ,oʊθɔʒ,oʊθɔʒ,oθɔʒ,oθɔʒ
oʊ,oʊθɔθ,oʊθɔθ,oθɔθ,oθɔθ
oʊ,oʊθɔð,oʊθɔð,oθɔð,oθɔð
oʊ,oʊðɔm,oʊðɔm,oðɔm,oðɔm
oʊ,oʊðɔn,oʊðɔn,oðɔn,oðɔn
oʊ,oʊðɔŋ,oʊðɔŋ,oðɔŋ,oðɔŋ
oʊ,oʊðɔp,oʊðɔp,oðɔp,oðɔp
oʊ,oʊðɔt,oʊðɔt,oðɔt,oðɔt
oʊ,oʊðɔk,oʊðɔk,oðɔk,oðɔk
oʊ,oʊðɔb,oʊðɔb,oðɔb,oðɔb
oʊ,oʊðɔd,oʊðɔd,oðɔd,oðɔd
oʊ,oʊðɔg,oʊðɔg,oðɔg,oðɔg
oʊ,oʊðɔf,oʊðɔf,oðɔf,oðɔf
oʊ,oʊðɔs,oʊðɔs,oðɔs,oðɔs
oʊ,oʊðɔv,oʊðɔv,oðɔv,oðɔv
oʊ,oʊðɔz,oʊðɔz,oðɔz,oðɔz
oʊ,oʊðɔʃ,oʊðɔʃ,oðɔʃ,oðɔʃ
oʊ,oʊðɔʒ,oʊðɔʒ,oðɔʒ,oðɔʒ
oʊ,oʊðɔθ,oʊðɔθ,oðɔθ,oðɔθ
oʊ,oʊðɔð,oʊðɔð,oðɔð,oðɔð
oʊ,oʊhɔm,oʊhɔm,ohɔm,ohɔm
oʊ,oʊhɔn,oʊhɔn,ohɔn,ohɔn
oʊ,oʊhɔŋ,oʊhɔŋ,ohɔŋ,ohɔŋ
oʊ,oʊhɔp,oʊhɔp,ohɔp,ohɔp
oʊ,oʊhɔt,oʊhɔt,ohɔt,ohɔt
oʊ,oʊhɔk,oʊhɔk,ohɔk,ohɔk
oʊ,oʊhɔb,oʊhɔb,ohɔb,ohɔb
oʊ,oʊhɔd,oʊhɔd,ohɔd,ohɔd
oʊ,oʊhɔg,oʊhɔg,ohɔg,ohɔg
oʊ,oʊhɔf,oʊhɔf,ohɔf,ohɔf
oʊ,oʊhɔs,oʊhɔs,ohɔs,ohɔs
oʊ,oʊhɔv,oʊhɔv,ohɔv,ohɔv
oʊ,oʊhɔz,oʊhɔz,ohɔz,ohɔz
oʊ,oʊhɔʃ,oʊhɔʃ,ohɔʃ,ohɔʃ
oʊ,oʊhɔʒ,oʊhɔʒ,ohɔʒ,ohɔʒ
oʊ,oʊhɔθ,oʊhɔθ,ohɔθ,ohɔθ
oʊ,oʊhɔð,oʊhɔð,ohɔð,ohɔð
mi,mimi,mimi,mimi,mimi
mi,mini,mini,mini,mini
mi,mipi,mipi,mipi,mipi
mi,miti,miti,miti,miti
mi,miki,miki,miki,miki
mi,mibi,mibi,mibi,mibi
mi,midi,midi,midi,midi
mi,migi,migi,migi,migi
mi,mifi,mifi,mifi,mifi
mi,misi,misi,misi,misi
mi,mivi,mivi,mivi,mivi
mi,mizi,mizi,mizi,mizi
mi,miʃi,miʃi,miʃi,miʃi
mi,miʒi,miʒi,miʒi,miʒi
mi,miθi,miθi,miθi,miθi
mi,miði,miði,miði,miði
mi,mihi,mihi,mihi,mihi
ni,nimi,nimi,nimi,nimi
ni,nini,nini,nini,nini
ni,nipi,nipi,nipi,nipi
ni,niti,niti,niti,niti
ni,niki,niki,niki,niki
ni,nibi,nibi,nibi,nibi
ni,nidi,nidi,nidi,nidi
ni,nigi,nigi,nigi,nigi
ni,nifi,nifi,nifi,nifi
ni,nisi,nisi,nisi,nisi
ni,nivi,nivi,nivi,nivi
ni,nizi,nizi,nizi,nizi
ni,niʃi,niʃi,niʃi,niʃi
ni,niʒi,niʒi,niʒi,niʒi
ni,niθi,niθi,niθi,niθi
ni,niði,niði,niði,niði
ni,nihi,nihi,nihi,nihi
pi,pimi,pimi,pimi,pimi
pi,pini,pini,pini,pini
pi,pipi,pipi,pipi,pipi
pi,piti,piti,piti,piti
pi,piki,piki,piki,piki
pi,pibi,pibi,pibi,pibi
pi,pidi,pidi,pidi,pidi
pi,pigi,pigi,pigi,pigi
pi,pifi,pifi,pifi,pifi
pi,pisi,pisi,pisi,pisi
pi,pivi,pivi,pivi,pivi
pi,pizi,pizi,pizi,pizi
pi,piʃi,piʃi,piʃi,piʃi
pi,piʒi,piʒi,piʒi,piʒi
pi,piθi,piθi,piθi,piθi
pi,piði,piði,piði,piði
pi,pihi,pihi,pihi,pihi
ti,timi,timi,timi,timi
ti,tini,tini,tini,tini
ti,tipi,tipi,tipi,tipi
ti,titi,titi,titi,titi
ti,tiki,tiki,tiki,tiki
ti,tibi,tibi,tibi,tibi
ti,tidi,tidi,tidi,tidi
ti,tigi,tigi,tigi,tigi
ti,tifi,tifi,tifi,tifi
ti,tisi,tisi,tisi,tisi
ti,tivi,tivi,tivi,tivi
ti,tizi,tizi,tizi,tizi
ti,tiʃi,tiʃi,tiʃi,tiʃi
ti,tiʒi,tiʒi,tiʒi,tiʒi
ti,tiθi,tiθi,tiθi,tiθi
ti,tiði,tiði,tiði,tiði
ti,tihi,tihi,tihi,tihi
ki,kimi,kimi,kimi,kimi
ki,kini,kini,kini,kini
ki,kipi,kipi,kipi,kipi
ki,kiti,kiti,kiti,kiti
ki,kiki,kiki,kiki,kiki
ki,kibi,kibi,kibi,kibi
ki,kidi,kidi,kidi,kidi
ki,kigi,kigi,kigi,kigi
ki,kifi,kifi,kifi,kifi
ki,kisi,kisi,kisi,kisi
ki,kivi,kivi,kivi,kivi
ki,kizi,kizi,kizi,kizi
ki,kiʃi,kiʃi,kiʃi,kiʃi
ki,kiʒi,kiʒi,kiʒi,kiʒi
ki,kiθi,kiθi,kiθi,kiθi
ki,kiði,kiði,kiði,kiði
ki,kihi,kihi,kihi,kihi
bi,bimi,bimi,bimi,bimi
bi,bini,bini,bini,bini
bi,bipi,bipi,bipi,bipi
bi,biti,biti,biti,biti
bi,biki,biki,biki,biki
bi,bibi,bibi,bibi,bibi
bi,bidi,bidi,bidi,bidi
bi,bigi,bigi,bigi,bigi
bi,bifi,bifi,bifi,bifi
bi,bisi,bisi,bisi,bisi
bi,bivi,bivi,bivi,bivi
bi,bizi,bizi,bizi,bizi
bi,biʃi,biʃi,biʃi,biʃi
bi,biʒi,biʒi,biʒi,biʒi
bi,biθi,biθi,biθi,biθi
bi,biði,biði,biði,biði
bi,bihi,bihi,bihi,bihi
di,dimi,dimi,dimi,dimi
di,dini,dini,dini,dini
di,dipi,dipi,dipi,dipi
di,diti,diti,diti,diti
di,diki,diki,diki,diki
di,dibi,dibi,dibi,dibi
di,didi,didi,didi,didi
di,digi,digi,digi,digi
di,difi,difi,difi,difi
di,disi,disi,disi,disi
di,divi,divi,divi,divi
di,dizi,dizi,dizi,dizi
di,diʃi,diʃi,diʃi,diʃi
di,diʒi,diʒi,diʒi,diʒi
di,diθi,diθi,diθi,diθi
di,diði,diði,diði,diði
di,dihi,dihi,dihi,dihi
gi,gimi,gimi,gimi,gimi
gi,gini,gini,gini,gini
gi,gipi,gipi,gipi,gipi
gi,giti,giti,giti,giti
gi,giki,giki,giki,giki
gi,gibi,gibi,gibi,gibi
gi,gidi,gidi,gidi,gidi
gi,gigi,gigi,gigi,gigi
gi,gifi,gifi,gifi,gifi
gi,gisi,gisi,gisi,gisi
gi,givi,givi,givi,givi
gi,gizi,gizi,gizi,gizi
gi,giʃi,giʃi,giʃi,giʃi
gi,giʒi,giʒi,giʒi,giʒi
gi,giθi,giθi,giθi,giθi
gi,giði,giði,giði,giði
gi,gihi,gihi,gihi,gihi
fi,fimi,fimi,fimi,fimi
fi,fini,fini,fini,fini
fi,fipi,fipi,fipi,fipi
fi,fiti,fiti,fiti,fiti
fi,fiki,fiki,fiki,fiki
fi,fibi,fibi,fibi,fibi
fi,fidi,fidi,fidi,fidi
fi,figi,figi,figi,figi
fi,fifi,fifi,fifi,fifi
fi,fisi,fisi,fisi,fisi
fi,fivi,fivi,fivi,fivi
fi,fizi,fizi,fizi,fizi
fi,fiʃi,fiʃi,fiʃi,fiʃi
fi,fiʒi,fiʒi,fiʒi,fiʒi
fi,fiθi,fiθi,fiθi,fiθi
fi,fiði,fiði,fiði,fiði
fi,fihi,fihi,fihi,fihi
si,simi,simi,simi,simi
si,sini,sini,sini,sini
si,sipi,sipi,sipi,sipi
si,siti,siti,siti,siti
si,siki,siki,siki,siki
si,sibi,sibi,sibi,sibi
si,sidi,sidi,sidi,sidi
si,sigi,sigi,sigi,sigi
si,sifi,sifi,sifi,sifi
si,sisi,sisi,sisi,sisi
si,sivi,sivi,sivi,sivi
si,sizi,sizi,sizi,sizi
si,siʃi,siʃi,siʃi,siʃi
si,siʒi,siʒi,siʒi,siʒi
si,siθi,siθi,siθi,siθi
si,siði,siði,siði,siði
si,sihi,sihi,sihi,sihi
vi,vimi,vimi,vimi,vimi
vi,vini,vini,vini,vini
vi,vipi,vipi,vipi,vipi
vi,viti,viti,viti,viti
vi,viki,viki,viki,viki
vi,vibi,vibi,vibi,vibi
vi,vidi,vidi,vidi,vidi
vi,vigi,vigi,vigi,vigi
vi,vifi,vifi,vifi,vifi
vi,visi,visi,visi,visi
vi,vivi,vivi,vivi,vivi
vi,vizi,vizi,vizi,vizi
vi,viʃi,viʃi,viʃi,viʃi
vi,viʒi,viʒi,viʒi,viʒi
vi,viθi,viθi,viθi,viθi
vi,viði,viði,viði,viði
vi,vihi,vihi,vihi,vihi
zi,zimi,zimi,zimi,zimi
zi,zini,zini,zini,zini
zi,zipi,zipi,zipi,zipi
zi,ziti,ziti,ziti,ziti
zi,ziki,ziki,ziki,ziki
zi,zibi,zibi,zibi,zibi
zi,zidi,zidi,zidi,zidi
zi,zigi,zigi,zigi,zigi
zi,zifi,zifi,zifi,zifi
zi,zisi,zisi,zisi,zisi
zi,zivi,zivi,zivi,zivi
zi,zizi,zizi,zizi,zizi
zi,ziʃi,ziʃi,ziʃi,ziʃi
zi,ziʒi,ziʒi,ziʒi,ziʒi
zi,ziθi,ziθi,ziθi,ziθi
zi,ziði,ziði,ziði,ziði
zi,zihi,zihi,zihi,zihi
ʃi,ʃimi,ʃimi,ʃimi,ʃimi
ʃi,ʃini,ʃini,ʃini,ʃini
ʃi,ʃipi,ʃipi,ʃipi,ʃipi
ʃi,ʃiti,ʃiti,ʃiti,ʃiti
ʃi,ʃiki,ʃiki,ʃiki,ʃiki
ʃi,ʃibi,ʃibi,ʃibi,ʃibi
ʃi,ʃidi,ʃidi,ʃidi,ʃidi
ʃi,ʃigi,ʃigi,ʃigi,ʃigi
ʃi,ʃifi,ʃifi,ʃifi,ʃifi
ʃi,ʃisi,ʃisi,ʃisi,ʃisi
ʃi,ʃivi,ʃivi,ʃivi,ʃivi
ʃi,ʃizi,ʃizi,ʃizi,ʃizi
ʃi,ʃiʃi,ʃiʃi,ʃiʃi,ʃiʃi
ʃi,ʃiʒi,ʃiʒi,ʃiʒi,ʃiʒi
ʃi,ʃiθi,ʃiθi,ʃiθi,ʃiθi
ʃi,ʃiði,ʃiði,ʃiði,ʃiði
ʃi,ʃihi,ʃihi,ʃihi,ʃihi
ʒi,ʒimi,ʒimi,ʒimi,ʒimi
ʒi,ʒini,ʒini,ʒini,ʒini
ʒi,ʒipi,ʒipi,ʒipi,ʒipi
ʒi,ʒiti,ʒiti,ʒiti,ʒiti
ʒi,ʒiki,ʒiki,ʒiki,ʒiki
ʒi,ʒibi,ʒibi,ʒibi,ʒibi
ʒi,ʒidi,ʒidi,ʒidi,ʒidi
ʒi,ʒigi,ʒigi,ʒigi,ʒigi
ʒi,ʒifi,ʒifi,ʒifi,ʒifi
ʒi,ʒisi,ʒisi,ʒisi,ʒisi
ʒi,ʒivi,ʒivi,ʒivi,ʒivi
ʒi,ʒizi,ʒizi,ʒizi,ʒizi
ʒi,ʒiʃi,ʒiʃi,ʒiʃi,ʒiʃi
ʒi,ʒiʒi,ʒiʒi,ʒiʒi,ʒiʒi
ʒi,ʒiθi,ʒiθi,ʒiθi,ʒiθi
ʒi,ʒiði,ʒiði,ʒiði,ʒiði
ʒi,ʒihi,ʒihi,ʒihi,ʒihi
θi,θimi,θimi,θimi,θimi
θi,θini,θini,θini,θini
θi,θipi,θipi,θipi,θipi
θi,θiti,θiti,θiti,θiti
θi,θiki,θiki,θiki,θiki
θi,θibi,θibi,θibi,θibi
θi,θidi,θidi,θidi,θidi
θi,θigi,θigi,θigi,θigi
θi,θifi,θifi,θifi,θifi
θi,θisi,θisi,θisi,θisi
θi,θivi,θivi,θivi,θivi
θi,θizi,θizi,θizi,θizi
θi,θiʃi,θiʃi,θiʃi,θiʃi
θi,θiʒi,θiʒi,θiʒi,θiʒi
θi,θiθi,θiθi,θiθi,θiθi
θi,θiði,θiði,θiði,θiði
θi,θihi,θihi,θihi,θihi
ði,ðimi,ðimi,ðimi,ðimi
ði,ðini,ðini,ðini,ðini
ði,ðipi,ðipi,ðipi,ðipi
ði,ðiti,ðiti,ðiti,ðiti
ði,ðiki,ðiki,ðiki,ðiki
ði,ðibi,ðibi,ðibi,ðibi
ði,ðidi,ðidi,ðidi,ðidi
ði,ðigi,ðigi,ðigi,ðigi
ði,ðifi,ðifi,ðifi,ðifi
ði,ðisi,ðisi,ðisi,ðisi
ði,ðivi,ðivi,ðivi,ðivi
ði,ðizi,ðizi,ðizi,ðizi
ði,ðiʃi,ðiʃi,ðiʃi,ðiʃi
ði,ðiʒi,ðiʒi,ðiʒi,ðiʒi
ði,ðiθi,ðiθi,ðiθi,ðiθi
ði,ðiði,ðiði,ðiði,ðiði
ði,ðihi,ðihi,ðihi,ðihi
hi,himi,himi,himi,himi
hi,hini,hini,hini,hini
hi,hipi,hipi,hipi,hipi
hi,hiti,hiti,hiti,hiti
hi,hiki,hiki,hiki,hiki
hi,hibi,hibi,hibi,hibi
hi,hidi,hidi,hidi,hidi
hi,higi,higi,higi,higi
hi,hifi,hifi,hifi,hifi
hi,hisi,hisi,hisi,hisi
hi,hivi,hivi,hivi,hivi
hi,hizi,hizi,hizi,hizi
hi,hiʃi,hiʃi,hiʃi,hiʃi
hi,hiʒi,hiʒi,hiʒi,hiʒi
hi,hiθi,hiθi,hiθi,hiθi
hi,hiði,hiði,hiði,hiði
hi,hihi,hihi,hihi,hihi
mi,mimeɪ,mimeɪ,mime,mime
mi,mineɪ,mineɪ,mine,mine
mi,mipeɪ,mipeɪ,mipe,mipe
mi,miteɪ,miteɪ,mite,mite
mi,mikeɪ,mikeɪ,mike,mike
mi,mibeɪ,mibeɪ,mibe,mibe
mi,mideɪ,mideɪ,mide,mide
mi,migeɪ,migeɪ,mige,mige
mi,mifeɪ,mifeɪ,mife,mife
mi,miseɪ,miseɪ,mise,mise
mi,miveɪ,miveɪ,mive,mive
mi,mizeɪ,mizeɪ,mize,mize
mi,miʃeɪ,miʃeɪ,miʃe,miʃe
mi,miʒeɪ,miʒeɪ,miʒe,miʒe
mi,miθeɪ,miθeɪ,miθe,miθe
mi,miðeɪ,miðeɪ,miðe,miðe
mi,miheɪ,miheɪ,mihe,mihe
ni,nimeɪ,nimeɪ,nime,nime
ni,nineɪ,nineɪ,nine,nine
ni,nipeɪ,nipeɪ,nipe,nipe
ni,niteɪ,niteɪ,nite,nite
ni,nikeɪ,nikeɪ,nike,nike
ni,nibeɪ,nibeɪ,nibe,nibe
ni,nideɪ,nideɪ,nide,nide
ni,nigeɪ,nigeɪ,nige,nige
ni,nifeɪ,nifeɪ,nife,nife
ni,niseɪ,niseɪ,nise,nise
ni,niveɪ,niveɪ,nive,nive
ni,nizeɪ,nizeɪ,nize,nize
ni,niʃeɪ,niʃeɪ,niʃe,niʃe
ni,niʒeɪ,niʒeɪ,niʒe,niʒe
ni,niθeɪ,niθeɪ,niθe,niθe
ni,niðeɪ,niðeɪ,niðe,niðe
ni,niheɪ,niheɪ,nihe,nihe
pi,pimeɪ,pimeɪ,pime,pime
pi,pineɪ,pineɪ,pine,pine
pi,pipeɪ,pipeɪ,pipe,pipe
pi,piteɪ,piteɪ,pite,pite
pi,pikeɪ,pikeɪ,pike,pike
pi,pibeɪ,pibeɪ,pibe,pibe
pi,pideɪ,pideɪ,pide,pide
pi,pigeɪ,pigeɪ,pige,pige
pi,pifeɪ,pifeɪ,pife,pife
pi,piseɪ,piseɪ,pise,pise
pi,piveɪ,piveɪ,pive,pive
pi,pizeɪ,pizeɪ,pize,pize
pi,piʃeɪ,piʃeɪ,piʃe,piʃe
pi,piʒeɪ,piʒeɪ,piʒe,piʒe
pi,piθeɪ,piθeɪ,piθe,piθe
pi,piðeɪ,piðeɪ,piðe,piðe
pi,piheɪ,piheɪ,pihe,pihe
ti,timeɪ,timeɪ,time,time
ti,tineɪ,tineɪ,tine,tine
ti,tipeɪ,tipeɪ,tipe,tipe
ti,titeɪ,titeɪ,tite,tite
ti,tikeɪ,tikeɪ,tike,tike
ti,tibeɪ,tibeɪ,tibe,tibe
ti,tideɪ,tideɪ,tide,tide
ti,tigeɪ,tigeɪ,tige,tige
ti,tifeɪ,tifeɪ,tife,tife
ti,tiseɪ,tiseɪ,tise,tise
ti,tiveɪ,tiveɪ,tive,tive
ti,tizeɪ,tizeɪ,tize,tize
ti,tiʃeɪ,tiʃeɪ,tiʃe,tiʃe
ti,tiʒeɪ,tiʒeɪ,tiʒe,tiʒe
ti,tiθeɪ,tiθeɪ,tiθe,tiθe
ti,tiðeɪ,tiðeɪ,tiðe,tiðe
ti,tiheɪ,tiheɪ,tihe,tihe
ki,kimeɪ,kimeɪ,kime,kime
ki,kineɪ,kineɪ,kine,kine
ki,kipeɪ,kipeɪ,kipe,kipe
ki,kiteɪ,kiteɪ,kite,kite
ki,kikeɪ,kikeɪ,kike,kike
ki,kibeɪ,kibeɪ,kibe,kibe
ki,kideɪ,kideɪ,kide,kide
ki,kigeɪ,kigeɪ,kige,kige
ki,kifeɪ,kifeɪ,kife,kife
ki,kiseɪ,kiseɪ,kise,kise
ki,kiveɪ,kiveɪ,kive,kive
ki,kizeɪ,kizeɪ,kize,kize
ki,kiʃeɪ,kiʃeɪ,kiʃe,kiʃe
ki,kiʒeɪ,kiʒeɪ,kiʒe,kiʒe
ki,kiθeɪ,kiθeɪ,kiθe,kiθe
ki,kiðeɪ,kiðeɪ,kiðe,kiðe
ki,kiheɪ,kiheɪ,kihe,kihe
bi,bimeɪ,bimeɪ,bime,bime
bi,bineɪ,bineɪ,bine,bine
bi,bipeɪ,bipeɪ,bipe,bipe
bi,biteɪ,biteɪ,bite,bite
bi,bikeɪ,bikeɪ,bike,bike
bi,bibeɪ,bibeɪ,bibe,bibe
bi,bideɪ,bideɪ,bide,bide
bi,bigeɪ,bigeɪ,bige,bige
bi,bifeɪ,bifeɪ,bife,bife
bi,biseɪ,biseɪ,bise,bise
bi,biveɪ,biveɪ,bive,bive
bi,bizeɪ,bizeɪ,bize,bize
bi,biʃeɪ,biʃeɪ,biʃe,biʃe
bi,biʒeɪ,biʒeɪ,biʒe,biʒe
bi,biθeɪ,biθeɪ,biθe,biθe
bi,biðeɪ,biðeɪ,biðe,biðe
bi,biheɪ,biheɪ,bihe,bihe
di,dimeɪ,dimeɪ,dime,dime
di,dineɪ,dineɪ,dine,dine
di,dipeɪ,dipeɪ,dipe,dipe
di,diteɪ,diteɪ,dite,dite
di,dikeɪ,dikeɪ,dike,dike
di,dibeɪ,dibeɪ,dibe,dibe
di,dideɪ,dideɪ,dide,dide
di,digeɪ,digeɪ,dige,dige
di,difeɪ,difeɪ,dife,dife
di,diseɪ,diseɪ,dise,dise
di,diveɪ,diveɪ,dive,dive
di,dizeɪ,dizeɪ,dize,dize
di,diʃeɪ,diʃeɪ,diʃe,diʃe
di,diʒeɪ,diʒeɪ,diʒe,diʒe
di,diθeɪ,diθeɪ,diθe,diθe
di,diðeɪ,diðeɪ,diðe,diðe
di,diheɪ,diheɪ,dihe,dihe
gi,gimeɪ,gimeɪ,gime,gime
gi,gineɪ,gineɪ,gine,gine
gi,gipeɪ,gipeɪ,gipe,gipe
gi,giteɪ,giteɪ,gite,gite
gi,gikeɪ,gikeɪ,gike,gike
gi,gibeɪ,gibeɪ,gibe,gibe
gi,gideɪ,gideɪ,gide,gide
gi,gigeɪ,gigeɪ,gige,gige
gi,gifeɪ,gifeɪ,gife,gife
gi,giseɪ,giseɪ,gise,gise
gi,giveɪ,giveɪ,give,give
gi,gizeɪ,gizeɪ,gize,gize
gi,giʃeɪ,giʃeɪ,giʃe,giʃe
gi,giʒeɪ,giʒeɪ,giʒe,giʒe
gi,giθeɪ,giθeɪ,giθe,giθe
gi,giðeɪ,giðeɪ,giðe,giðe
gi,giheɪ,giheɪ,gihe,gihe
fi,fimeɪ,fimeɪ,fime,fime
fi,fineɪ,fineɪ,fine,fine
fi,fipeɪ,fipeɪ,fipe,fipe
fi,fiteɪ,fiteɪ,fite,fite
fi,fikeɪ,fikeɪ,fike,fike
fi,fibeɪ,fibeɪ,fibe,fibe
fi,fideɪ,fideɪ,fide,fide
fi,figeɪ,figeɪ,fige,fige
fi,fifeɪ,fifeɪ,fife,fife
fi,fiseɪ,fiseɪ,fise,fise
fi,fiveɪ,fiveɪ,five,five
fi,fizeɪ,fizeɪ,fize,fize
fi,fiʃeɪ,fiʃeɪ,fiʃe,fiʃe
fi,fiʒeɪ,fiʒeɪ,fiʒe,fiʒe
fi,fiθeɪ,fiθeɪ,fiθe,fiθe
fi,fiðeɪ,fiðeɪ,fiðe,fiðe
fi,fiheɪ,fiheɪ,fihe,fihe
si,simeɪ,simeɪ,sime,sime
si,sineɪ,sineɪ,sine,sine
si,sipeɪ,sipeɪ,sipe,sipe
si,siteɪ,siteɪ,site,site
si,sikeɪ,sikeɪ,sike,sike
si,sibeɪ,sibeɪ,sibe,sibe
si,sideɪ,sideɪ,side,side
si,sigeɪ,sigeɪ,sige,sige
si,sifeɪ,sifeɪ,sife,sife
si,siseɪ,siseɪ,sise,sise
si,siveɪ,siveɪ,sive,sive
si,sizeɪ,sizeɪ,size,size
si,siʃeɪ,siʃeɪ,siʃe,siʃe
si,siʒeɪ,siʒeɪ,siʒe,siʒe
si,siθeɪ,siθeɪ,siθe,siθe
si,siðeɪ,siðeɪ,siðe,siðe
si,siheɪ,siheɪ,sihe,sihe
vi,vimeɪ,vimeɪ,vime,vime
vi,vineɪ,vineɪ,vine,vine
vi,vipeɪ,vipeɪ,vipe,vipe
vi,viteɪ,viteɪ,vite,vite
vi,vikeɪ,vikeɪ,vike,vike
vi,vibeɪ,vibeɪ,vibe,vibe
vi,videɪ,videɪ,vide,vide
vi,vigeɪ,vigeɪ,vige,vige
vi,vifeɪ,vifeɪ,vife,vife
vi,viseɪ,viseɪ,vise,vise
vi,viveɪ,viveɪ,vive,vive
vi,vizeɪ,vizeɪ,vize,vize
vi,viʃeɪ,viʃeɪ,viʃe,viʃe
vi,viʒeɪ,viʒeɪ,viʒe,viʒe
vi,viθeɪ,viθeɪ,viθe,viθe
vi,viðeɪ,viðeɪ,viðe,viðe
vi,viheɪ,viheɪ,vihe,vihe
zi,zimeɪ,zimeɪ,zime,zime
zi,zineɪ,zineɪ,zine,zine
zi,zipeɪ,zipeɪ,zipe,zipe
zi,ziteɪ,ziteɪ,zite,zite
zi,zikeɪ,zikeɪ,zike,zike
zi,zibeɪ,zibeɪ,zibe,zibe
zi,zideɪ,zideɪ,zide,zide
zi,zigeɪ,zigeɪ,zige,zige
zi,zifeɪ,zifeɪ,zife,zife
zi,ziseɪ,ziseɪ,zise,zise
zi,ziveɪ,ziveɪ,zive,zive
zi,zizeɪ,zizeɪ,zize,zize
zi,ziʃeɪ,ziʃeɪ,ziʃe,ziʃe
zi,ziʒeɪ,ziʒeɪ,ziʒe,ziʒe
zi,ziθeɪ,ziθeɪ,ziθe,ziθe
zi,ziðeɪ,ziðeɪ,ziðe,ziðe
zi,ziheɪ,ziheɪ,zihe,zihe
ʃi,ʃimeɪ,ʃimeɪ,ʃime,ʃime
ʃi,ʃineɪ,ʃineɪ,ʃine,ʃine
ʃi,ʃipeɪ,ʃipeɪ,ʃipe,ʃipe
ʃi,ʃiteɪ,ʃiteɪ,ʃite,ʃite
ʃi,ʃikeɪ,ʃikeɪ,ʃike,ʃike
ʃi,ʃibeɪ,ʃibeɪ,ʃibe,ʃibe
ʃi,ʃideɪ,ʃideɪ,ʃide,ʃide
ʃi,ʃigeɪ,ʃigeɪ,ʃige,ʃige
ʃi,ʃifeɪ,ʃifeɪ,ʃife,ʃife
ʃi,ʃiseɪ,ʃiseɪ,ʃise,ʃise
ʃi,ʃiveɪ,ʃiveɪ,ʃive,ʃive
ʃi,ʃizeɪ,ʃizeɪ,ʃize,ʃize
ʃi,ʃiʃeɪ,ʃiʃeɪ,ʃiʃe,ʃiʃe
ʃi,ʃiʒeɪ,ʃiʒeɪ,ʃiʒe,ʃiʒe
ʃi,ʃiθeɪ,ʃiθeɪ,ʃiθe,ʃiθe
ʃi,ʃiðeɪ,ʃiðeɪ,ʃiðe,ʃiðe
ʃi,ʃiheɪ,ʃiheɪ,ʃihe,ʃihe
ʒi,ʒimeɪ,ʒimeɪ,ʒime,ʒime
ʒi,ʒineɪ,ʒineɪ,ʒine,ʒine
ʒi,ʒipeɪ,ʒipeɪ,ʒipe,ʒipe
ʒi,ʒiteɪ,ʒiteɪ,ʒite,ʒite
ʒi,ʒikeɪ,ʒikeɪ,ʒike,ʒike
ʒi,ʒibeɪ,ʒibeɪ,ʒibe,ʒibe
ʒi,ʒideɪ,ʒideɪ,ʒide,ʒide
ʒi,ʒigeɪ,ʒigeɪ,ʒige,ʒige
ʒi,ʒifeɪ,ʒifeɪ,ʒife,ʒife
ʒi,ʒiseɪ,ʒiseɪ,ʒise,ʒise
ʒi,ʒiveɪ,ʒiveɪ,ʒive,ʒive
ʒi,ʒizeɪ,ʒizeɪ,ʒize,ʒize
ʒi,ʒiʃeɪ,ʒiʃeɪ,ʒiʃe,ʒiʃe
ʒi,ʒiʒeɪ,ʒiʒeɪ,ʒiʒe,ʒiʒe
ʒi,ʒiθeɪ,ʒiθeɪ,ʒiθe,ʒiθe
ʒi,ʒiðeɪ,ʒiðeɪ,ʒiðe,ʒiðe
ʒi,ʒiheɪ,ʒiheɪ,ʒihe,ʒihe
θi,θimeɪ,θimeɪ,θime,θime
θi,θineɪ,θineɪ,θine,θine
θi,θipeɪ,θipeɪ,θipe,θipe
θi,θiteɪ,θiteɪ,θite,θite
θi,θikeɪ,θikeɪ,θike,θike
θi,θibeɪ,θibeɪ,θibe,θibe
θi,θideɪ,θideɪ,θide,θide
θi,θigeɪ,θigeɪ,θige,θige
θi,θifeɪ,θifeɪ,θife,θife
θi,θiseɪ,θiseɪ,θise,θise
θi,θiveɪ,θiveɪ,θive,θive
θi,θizeɪ,θizeɪ,θize,θize
θi,θiʃeɪ,θiʃeɪ,θiʃe,θiʃe
θi,θiʒeɪ,θiʒeɪ,θiʒe,θiʒe
θi,θiθeɪ,θiθeɪ,θiθe,θiθe
θi,θiðeɪ,θiðeɪ,θiðe,θiðe
θi,θiheɪ,θiheɪ,θihe,θihe
ði,ðimeɪ,ðimeɪ,ðime,ðime
ði,ðineɪ,ðineɪ,ðine,ðine
ði,ðipeɪ,ðipeɪ,ðipe,ðipe
ði,ðiteɪ,ðiteɪ,ðite,ðite
ði,ðikeɪ,ðikeɪ,ðike,ðike
ði,ðibeɪ,ðibeɪ,ðibe,ðibe
ði,ðideɪ,ðideɪ,ðide,ðide
ði,ðigeɪ,ðigeɪ,ðige,ðige
ði,ðifeɪ,ðifeɪ,ðife,ðife
ði,ðiseɪ,ðiseɪ,ðise,ðise
ði,ðiveɪ,ðiveɪ,ðive,ðive
ði,ðizeɪ,ðizeɪ,ðize,ðize
ði,ðiʃeɪ,ðiʃeɪ,ðiʃe,ðiʃe
ði,ðiʒeɪ,ðiʒeɪ,ðiʒe,ðiʒe
ði,ðiθeɪ,ðiθeɪ,ðiθe,ðiθe
ði,ðiðeɪ,ðiðeɪ,ðiðe,ðiðe
ði,ðiheɪ,ðiheɪ,ðihe,ðihe
hi,himeɪ,himeɪ,hime,hime
hi,hineɪ,hineɪ,hine,hine
hi,hipeɪ,hipeɪ,hipe,hipe
hi,hiteɪ,hiteɪ,hite,hite
hi,hikeɪ,hikeɪ,hike,hike
hi,hibeɪ,hibeɪ,hibe,hibe
hi,hideɪ,hideɪ,hide,hide
hi,higeɪ,higeɪ,hige,hige
hi,hifeɪ,hifeɪ,hife,hife
hi,hiseɪ,hiseɪ,hise,hise
hi,hiveɪ,hiveɪ,hive,hive
hi,hizeɪ,hizeɪ,hize,hize
hi,hiʃeɪ,hiʃeɪ,hiʃe,hiʃe
hi,hiʒeɪ,hiʒeɪ,hiʒe,hiʒe
hi,hiθeɪ,hiθeɪ,hiθe,hiθe
hi,hiðeɪ,hiðeɪ,hiðe,hiðe
hi,hiheɪ,hiheɪ,hihe,hihe
mi,mimu,mimi,mimu,mimi
mi,minu,mini,minu,mini
mi,mipu,mipi,mipu,mipi
mi,mitu,miti,mitu,miti
mi,miku,miki,miku,miki
mi,mibu,mibi,mibu,mibi
mi,midu,midi,midu,midi
mi,migu,migi,migu,migi
mi,mifu,mifi,mifu,mifi
mi,misu,misi,misu,misi
mi,mivu,mivi,mivu,mivi
mi,mizu,mizi,mizu,mizi
mi,miʃu,miʃi,miʃu,miʃi
mi,miʒu,miʒi,miʒu,miʒi
mi,miθu,miθi,miθu,miθi
mi,miðu,miði,miðu,miði
mi,mihu,mihi,mihu,mihi
ni,nimu,nimi,nimu,nimi
ni,ninu,nini,ninu,nini
ni,nipu,nipi,nipu,nipi
ni,nitu,niti,nitu,niti
ni,niku,niki,niku,niki
ni,nibu,nibi,nibu,nibi
ni,nidu,nidi,nidu,nidi
ni,nigu,nigi,nigu,nigi
ni,nifu,nifi,nifu,nifi
ni,nisu,nisi,nisu,nisi
ni,nivu,nivi,nivu,nivi
ni,nizu,nizi,nizu,nizi
ni,niʃu,niʃi,niʃu,niʃi
ni,niʒu,niʒi,niʒu,niʒi
ni,niθu,niθi,niθu,niθi
ni,niðu,niði,niðu,niði
ni,nihu,nihi,nihu,nihi
pi,pimu,pimi,pimu,pimi
pi,pinu,pini,pinu,pini
pi,pipu,pipi,pipu,pipi
pi,pitu,piti,pitu,piti
pi,piku,piki,piku,piki
pi,pibu,pibi,pibu,pibi
pi,pidu,pidi,pidu,pidi
pi,pigu,pigi,pigu,pigi
pi,pifu,pifi,pifu,pifi
pi,pisu,pisi,pisu,pisi
pi,pivu,pivi,pivu,pivi
pi,pizu,pizi,pizu,pizi
pi,piʃu,piʃi,piʃu,piʃi
pi,piʒu,piʒi,piʒu,piʒi
pi,piθu,piθi,piθu,piθi
pi,piðu,piði,piðu,piði
pi,pihu,pihi,pihu,pihi
ti,timu,timi,timu,timi
ti,tinu,tini,tinu,tini
ti,tipu,tipi,tipu,tipi
ti,titu,titi,titu,titi
ti,tiku,tiki,tiku,tiki
ti,tibu,tibi,tibu,tibi
ti,tidu,tidi,tidu,tidi
ti,tigu,tigi,tigu,tigi
ti,tifu,tifi,tifu,tifi
ti,tisu,tisi,tisu,tisi
ti,tivu,tivi,tivu,tivi
ti,tizu,tizi,tizu,tizi
ti,tiʃu,tiʃi,tiʃu,tiʃi
ti,tiʒu,tiʒi,tiʒu,tiʒi
ti,tiθu,tiθi,tiθu,tiθi
ti,tiðu,tiði,tiðu,tiði
ti,tihu,tihi,tihu,tihi
ki,kimu,kimi,kimu,kimi
ki,kinu,kini,kinu,kini
ki,kipu,kipi,kipu,kipi
ki,kitu,kiti,kitu,kiti
ki,kiku,kiki,kiku,kiki
ki,kibu,kibi,kibu,kibi
ki,kidu,kidi,kidu,kidi
ki,kigu,kigi,kigu,kigi
ki,kifu,kifi,kifu,kifi
ki,kisu,kisi,kisu,kisi
ki,kivu,kivi,kivu,kivi
ki,kizu,kizi,kizu,kizi
ki,kiʃu,kiʃi,kiʃu,kiʃi
ki,kiʒu,kiʒi,kiʒu,kiʒi
ki,kiθu,kiθi,kiθu,kiθi
ki,kiðu,kiði,kiðu,kiði
ki,kihu,kihi,kihu,kihi
bi,bimu,bimi,bimu,bimi
bi,binu,bini,binu,bini
bi,bipu,bipi,bipu,bipi
bi,bitu,biti,bitu,biti
bi,biku,biki,biku,biki
bi,bibu,bibi,bibu,bibi
bi,bidu,bidi,bidu,bidi
bi,bigu,bigi,bigu,bigi
bi,bifu,bifi,bifu,bifi
bi,bisu,bisi,bisu,bisi
bi,bivu,bivi,bivu,bivi
bi,bizu,bizi,bizu,bizi
bi,biʃu,biʃi,biʃu,biʃi
bi,biʒu,biʒi,biʒu,biʒi
bi,biθu,biθi,biθu,biθi
bi,biðu,biði,biðu,biði
bi,bihu,bihi,bihu,bihi
di,dimu,dimi,dimu,dimi
di,dinu,dini,dinu,dini
di,dipu,dipi,dipu,dipi
di,ditu,diti,ditu,diti
di,diku,diki,diku,diki
di,dibu,dibi,dibu,dibi
di,didu,didi,didu,didi
di,digu,digi,digu,digi
di,difu,difi,difu,difi
di,disu,disi,disu,disi
di,divu,divi,divu,divi
di,dizu,dizi,dizu,dizi
di,diʃu,diʃi,diʃu,diʃi
di,diʒu,diʒi,diʒu,diʒi
di,diθu,diθi,diθu,diθi
di,diðu,diði,diðu,diði
di,dihu,dihi,dihu,dihi
gi,gimu,gimi,gimu,gimi
gi,ginu,gini,ginu,gini
gi,gipu,gipi,gipu,gipi
gi,gitu,giti,gitu,giti
gi,giku,giki,giku,giki
gi,gibu,gibi,gibu,gibi
gi,gidu,gidi,gidu,gidi
gi,gigu,gigi,gigu,gigi
gi,gifu,gifi,gifu,gifi
gi,gisu,gisi,gisu,gisi
gi,givu,givi,givu,givi
gi,gizu,gizi,gizu,gizi
gi,giʃu,giʃi,giʃu,giʃi
gi,giʒu,giʒi,giʒu,giʒi
gi,giθu,giθi,giθu,giθi
gi,giðu,giði,giðu,giði
gi,gihu,gihi,gihu,gihi
fi,fimu,fimi,fimu,fimi
fi,finu,fini,finu,fini
fi,fipu,fipi,fipu,fipi
fi,fitu,fiti,fitu,fiti
fi,fiku,fiki,fiku,fiki
fi,fibu,fibi,fibu,fibi
fi,fidu,fidi,fidu,fidi
fi,figu,figi,figu,figi
fi,fifu,fifi,fifu,fifi
fi,fisu,fisi,fisu,fisi
fi,fivu,fivi,fivu,fivi
fi,fizu,fizi,fizu,fizi
fi,fiʃu,fiʃi,fiʃu,fiʃi
fi,fiʒu,fiʒi,fiʒu,fiʒi
fi,fiθu,fiθi,fiθu,fiθi
fi,fiðu,fiði,fiðu,fiði
fi,fihu,fihi,fihu,fihi
si,simu,simi,simu,simi
si,sinu,sini,sinu,sini
si,sipu,sipi,sipu,sipi
si,situ,siti,situ,siti
si,siku,siki,siku,siki
si,sibu,sibi,sibu,sibi
si,sidu,sidi,sidu,sidi
si,sigu,sigi,sigu,sigi
si,sifu,sifi,sifu,sifi
si,sisu,sisi,sisu,sisi
si,sivu,sivi,sivu,sivi
si,sizu,sizi,sizu,sizi
si,siʃu,siʃi,siʃu,siʃi
si,siʒu,siʒi,siʒu,siʒi
si,siθu,siθi,siθu,siθi
si,siðu,siði,siðu,siði
si,sihu,sihi,sihu,sihi
vi,vimu,vimi,vimu,vimi
vi,vinu,vini,vinu,vini
vi,vipu,vipi,vipu,vipi
vi,vitu,viti,vitu,viti
vi,viku,viki,viku,viki
vi,vibu,vibi,vibu,vibi
vi,vidu,vidi,vidu,vidi
vi,vigu,vigi,vigu,vigi
vi,vifu,vifi,vifu,vifi
vi,visu,visi,visu,visi
vi,vivu,vivi,vivu,vivi
vi,vizu,vizi,vizu,vizi
vi,viʃu,viʃi,viʃu,viʃi
vi,viʒu,viʒi,viʒu,viʒi
vi,viθu,viθi,viθu,viθi
vi,viðu,viði,viðu,viði
vi,vihu,vihi,vihu,vihi
zi,zimu,zimi,zimu,zimi
zi,zinu,zini,zinu,zini
zi,zipu,zipi,zipu,zipi
zi,zitu,ziti,zitu,ziti
zi,ziku,ziki,ziku,ziki
zi,zibu,zibi,zibu,zibi
zi,zidu,zidi,zidu,zidi
zi,zigu,zigi,zigu,zigi
zi,zifu,zifi,zifu,zifi
zi,zisu,zisi,zisu,zisi
zi,zivu,zivi,zivu,zivi
zi,zizu,zizi,zizu,zizi
zi,ziʃu,ziʃi,ziʃu,ziʃi
zi,ziʒu,ziʒi,ziʒu,ziʒi
zi,ziθu,ziθi,ziθu,ziθi
zi,ziðu,ziði,ziðu,ziði
zi,zihu,zihi,zihu,zihi
ʃi,ʃimu,ʃimi,ʃimu,ʃimi
ʃi,ʃinu,ʃini,ʃinu,ʃini
ʃi,ʃipu,ʃipi,ʃipu,ʃipi
ʃi,ʃitu,ʃiti,ʃitu,ʃiti
ʃi,ʃiku,ʃiki,ʃiku,ʃiki
ʃi,ʃibu,ʃibi,ʃibu,ʃibi
ʃi,ʃidu,ʃidi,ʃidu,ʃidi
ʃi,ʃigu,ʃigi,ʃigu,ʃigi
ʃi,ʃifu,ʃifi,ʃifu,ʃifi
ʃi,ʃisu,ʃisi,ʃisu,ʃisi
ʃi,ʃivu,ʃivi,ʃivu,ʃivi
ʃi,ʃizu,ʃizi,ʃizu,ʃizi
ʃi,ʃiʃu,ʃiʃi,ʃiʃu,ʃiʃi
ʃi,ʃiʒu,ʃiʒi,ʃiʒu,ʃiʒi
ʃi,ʃiθu,ʃiθi,ʃiθu,ʃiθi
ʃi,ʃiðu,ʃiði,ʃiðu,ʃiði
ʃi,ʃihu,ʃihi,ʃihu,ʃihi
ʒi,ʒimu,ʒimi,ʒimu,ʒimi
ʒi,ʒinu,ʒini,ʒinu,ʒini
ʒi,ʒipu,ʒipi,ʒipu,ʒipi
ʒi,ʒitu,ʒiti,ʒitu,ʒiti
ʒi,ʒiku,ʒiki,ʒiku,ʒiki
ʒi,ʒibu,ʒibi,ʒibu,ʒibi
ʒi,ʒidu,ʒidi,ʒidu,ʒidi
ʒi,ʒigu,ʒigi,ʒigu,ʒigi
ʒi,ʒifu,ʒifi,ʒifu,ʒifi
ʒi,ʒisu,ʒisi,ʒisu,ʒisi
ʒi,ʒivu,ʒivi,ʒivu,ʒivi
ʒi,ʒizu,ʒizi,ʒizu,ʒizi
ʒi,ʒiʃu,ʒiʃi,ʒiʃu,ʒiʃi
ʒi,ʒiʒu,ʒiʒi,ʒiʒu,ʒiʒi
ʒi,ʒiθu,ʒiθi,ʒiθu,ʒiθi
ʒi,ʒiðu,ʒiði,ʒiðu,ʒiði
ʒi,ʒihu,ʒihi,ʒihu,ʒihi
θi,θimu,θimi,θimu,θimi
θi,θinu,θini,θinu,θini
θi,θipu,θipi,θipu,θipi
θi,θitu,θiti,θitu,θiti
θi,θiku,θiki,θiku,θiki
θi,θibu,θibi,θibu,θibi
θi,θidu,θidi,θidu,θidi
θi,θigu,θigi,θigu,θigi
θi,θifu,θifi,θifu,θifi
θi,θisu,θisi,θisu,θisi
θi,θivu,θivi,θivu,θivi
θi,θizu,θizi,θizu,θizi
θi,θiʃu,θiʃi,θiʃu,θiʃi
θi,θiʒu,θiʒi,θiʒu,θiʒi
θi,θiθu,θiθi,θiθu,θiθi
θi,θiðu,θiði,θiðu,θiði
θi,θihu,θihi,θihu,θihi
ði,ðimu,ðimi,ðimu,ðimi
ði,ðinu,ðini,ðinu,ðini
ði,ðipu,ðipi,ðipu,ðipi
ði,ðitu,ðiti,ðitu,ðiti
ði,ðiku,ðiki,ðiku,ðiki
ði,ðibu,ðibi,ðibu,ðibi
ði,ðidu,ðidi,ðidu,ðidi
ði,ðigu,ðigi,ðigu,ðigi
ði,ðifu,ðifi,ðifu,ðifi
ði,ðisu,ðisi,ðisu,ðisi
ði,ðivu,ðivi,ðivu,ðivi
ði,ðizu,ðizi,ðizu,ðizi
ði,ðiʃu,ðiʃi,ðiʃu,ðiʃi
ði,ðiʒu,ðiʒi,ðiʒu,ðiʒi
ði,ðiθu,ðiθi,ðiθu,ðiθi
ði,ðiðu,ðiði,ðiðu,ðiði
ði,ðihu,ðihi,ðihu,ðihi
hi,himu,himi,himu,himi
hi,hinu,hini,hinu,hini
hi,hipu,hipi,hipu,hipi
hi,hitu,hiti,hitu,hiti
hi,hiku,hiki,hiku,hiki
hi,hibu,hibi,hibu,hibi
hi,hidu,hidi,hidu,hidi
hi,higu,higi,higu,higi
hi,hifu,hifi,hifu,hifi
hi,hisu,hisi,hisu,hisi
hi,hivu,hivi,hivu,hivi
hi,hizu,hizi,hizu,hizi
hi,hiʃu,hiʃi,hiʃu,hiʃi
hi,hiʒu,hiʒi,hiʒu,hiʒi
hi,hiθu,hiθi,hiθu,hiθi
hi,hiðu,hiði,hiðu,hiði
hi,hihu,hihi,hihu,hihi
mi,mimoʊ,mimeɪ,mimo,mime
mi,minoʊ,mineɪ,mino,mine
mi,mipoʊ,mipeɪ,mipo,mipe
mi,mitoʊ,miteɪ,mito,mite
mi,mikoʊ,mikeɪ,miko,mike
mi,miboʊ,mibeɪ,mibo,mibe
mi,midoʊ,mideɪ,mido,mide
mi,migoʊ,migeɪ,migo,mige
mi,mifoʊ,mifeɪ,mifo,mife
mi,misoʊ,miseɪ,miso,mise
mi,mivoʊ,miveɪ,mivo,mive
mi,mizoʊ,mizeɪ,mizo,mize
mi,miʃoʊ,miʃeɪ,miʃo,miʃe
mi,miʒoʊ,miʒeɪ,miʒo,miʒe
mi,miθoʊ,miθeɪ,miθo,miθe
mi,miðoʊ,miðeɪ,miðo,miðe
mi,mihoʊ,miheɪ,miho,mihe
ni,nimoʊ,nimeɪ,nimo,nime
ni,ninoʊ,nineɪ,nino,nine
ni,nipoʊ,nipeɪ,nipo,nipe
ni,nitoʊ,niteɪ,nito,nite
ni,nikoʊ,nikeɪ,niko,nike
ni,niboʊ,nibeɪ,nibo,nibe
ni,nidoʊ,nideɪ,nido,nide
ni,nigoʊ,nigeɪ,nigo,nige
ni,nifoʊ,nifeɪ,nifo,nife
ni,nisoʊ,niseɪ,niso,nise
ni,nivoʊ,niveɪ,nivo,nive
ni,nizoʊ,nizeɪ,nizo,nize
ni,niʃoʊ,niʃeɪ,niʃo,niʃe
ni,niʒoʊ,niʒeɪ,niʒo,niʒe
ni,niθoʊ,niθeɪ,niθo,niθe
ni,niðoʊ,niðeɪ,niðo,niðe
ni,nihoʊ,niheɪ,niho,nihe
pi,pimoʊ,pimeɪ,pimo,pime
pi,pinoʊ,pineɪ,pino,pine
pi,pipoʊ,pipeɪ,pipo,pipe
pi,pitoʊ,piteɪ,pito,pite
pi,pikoʊ,pikeɪ,piko,pike
pi,piboʊ,pibeɪ,pibo,pibe
pi,pidoʊ,pideɪ,pido,pide
pi,pigoʊ,pigeɪ,pigo,pige
pi,pifoʊ,pifeɪ,pifo,pife
pi,pisoʊ,piseɪ,piso,pise
pi,pivoʊ,piveɪ,pivo,pive
pi,pizoʊ,pizeɪ,pizo,pize
pi,piʃoʊ,piʃeɪ,piʃo,piʃe
pi,piʒoʊ,piʒeɪ,piʒo,piʒe
pi,piθoʊ,piθeɪ,piθo,piθe
pi,piðoʊ,piðeɪ,piðo,piðe
pi,pihoʊ,piheɪ,piho,pihe
ti,timoʊ,timeɪ,timo,time
ti,tinoʊ,tineɪ,tino,tine
ti,tipoʊ,tipeɪ,tipo,tipe
ti,titoʊ,titeɪ,tito,tite
ti,tikoʊ,tikeɪ,tiko,tike
ti,tiboʊ,tibeɪ,tibo,tibe
ti,tidoʊ,tideɪ,tido,tide
ti,tigoʊ,tigeɪ,tigo,tige
ti,tifoʊ,tifeɪ,tifo,tife
ti,tisoʊ,tiseɪ,tiso,tise
ti,tivoʊ,tiveɪ,tivo,tive
ti,tizoʊ,tizeɪ,tizo,tize
ti,tiʃoʊ,tiʃeɪ,tiʃo,tiʃe
ti,tiʒoʊ,tiʒeɪ,tiʒo,tiʒe
ti,tiθoʊ,tiθeɪ,tiθo,tiθe
ti,tiðoʊ,tiðeɪ,tiðo,tiðe
ti,tihoʊ,tiheɪ,tiho,tihe
ki,kimoʊ,kimeɪ,kimo,kime
ki,kinoʊ,kineɪ,kino,kine
ki,kipoʊ,kipeɪ,kipo,kipe
ki,kitoʊ,kiteɪ,kito,kite
ki,kikoʊ,kikeɪ,kiko,kike
ki,kiboʊ,kibeɪ,kibo,kibe
ki,kidoʊ,kideɪ,kido,kide
ki,kigoʊ,kigeɪ,kigo,kige
ki,kifoʊ,kifeɪ,kifo,kife
ki,kisoʊ,kiseɪ,kiso,kise
ki,kivoʊ,kiveɪ,kivo,kive
ki,kizoʊ,kizeɪ,kizo,kize
ki,kiʃoʊ,kiʃeɪ,kiʃo,kiʃe
ki,kiʒoʊ,kiʒeɪ,kiʒo,kiʒe
ki,kiθoʊ,kiθeɪ,kiθo,kiθe
ki,kiðoʊ,kiðeɪ,kiðo,kiðe
ki,kihoʊ,kiheɪ,kiho,kihe
bi,bimoʊ,bimeɪ,bimo,bime
bi,binoʊ,bineɪ,bino,bine
bi,bipoʊ,bipeɪ,bipo,bipe
bi,bitoʊ,biteɪ,bito,bite
bi,bikoʊ,bikeɪ,biko,bike
bi,biboʊ,bibeɪ,bibo,bibe
bi,bidoʊ,bideɪ,bido,bide
bi,bigoʊ,bigeɪ,bigo,bige
bi,bifoʊ,bifeɪ,bifo,bife
bi,bisoʊ,biseɪ,biso,bise
bi,bivoʊ,biveɪ,bivo,bive
bi,bizoʊ,bizeɪ,bizo,bize
bi,biʃoʊ,biʃeɪ,biʃo,biʃe
bi,biʒoʊ,biʒeɪ,biʒo,biʒe
bi,biθoʊ,biθeɪ,biθo,biθe
bi,biðoʊ,biðeɪ,biðo,biðe
bi,bihoʊ,biheɪ,biho,bihe
di,dimoʊ,dimeɪ,dimo,dime
di,dinoʊ,dineɪ,dino,dine
di,dipoʊ,dipeɪ,dipo,dipe
di,ditoʊ,diteɪ,dito,dite
di,dikoʊ,dikeɪ,diko,dike
di,diboʊ,dibeɪ,dibo,dibe
di,didoʊ,dideɪ,dido,dide
di,digoʊ,digeɪ,digo,dige
di,difoʊ,difeɪ,difo,dife
di,disoʊ,diseɪ,diso,dise
di,divoʊ,diveɪ,divo,dive
di,dizoʊ,dizeɪ,dizo,dize
di,diʃoʊ,diʃeɪ,diʃo,diʃe
di,diʒoʊ,diʒeɪ,diʒo,diʒe
di,diθoʊ,diθeɪ,diθo,diθe
di,diðoʊ,diðeɪ,diðo,diðe
di,dihoʊ,diheɪ,diho,dihe
gi,gimoʊ,gimeɪ,gimo,gime
gi,ginoʊ,gineɪ,gino,gine
gi,gipoʊ,gipeɪ,gipo,gipe
gi,gitoʊ,giteɪ,gito,gite
gi,gikoʊ,gikeɪ,giko,gike
gi,giboʊ,gibeɪ,gibo,gibe
gi,gidoʊ,gideɪ,gido,gide
gi,gigoʊ,gigeɪ,gigo,gige
gi,gifoʊ,gifeɪ,gifo,gife
gi,gisoʊ,giseɪ,giso,gise
gi,givoʊ,giveɪ,givo,give
gi,gizoʊ,gizeɪ,gizo,gize
gi,giʃoʊ,giʃeɪ,giʃo,giʃe
gi,giʒoʊ,giʒeɪ,giʒo,giʒe
gi,giθoʊ,giθeɪ,giθo,giθe
gi,giðoʊ,giðeɪ,giðo,giðe
gi,gihoʊ,giheɪ,giho,gihe
fi,fimoʊ,fimeɪ,fimo,fime
fi,finoʊ,fineɪ,fino,fine
fi,fipoʊ,fipeɪ,fipo,fipe
fi,fitoʊ,fiteɪ,fito,fite
fi,fikoʊ,fikeɪ,fiko,fike
fi,fiboʊ,fibeɪ,fibo,fibe
fi,fidoʊ,fideɪ,fido,fide
fi,figoʊ,figeɪ,figo,fige
fi,fifoʊ,fifeɪ,fifo,fife
fi,fisoʊ,fiseɪ,fiso,fise
fi,fivoʊ,fiveɪ,fivo,five
fi,fizoʊ,fizeɪ,fizo,fize
fi,fiʃoʊ,fiʃeɪ,fiʃo,fiʃe
fi,fiʒoʊ,fiʒeɪ,fiʒo,fiʒe
fi,fiθoʊ,fiθeɪ,fiθo,fiθe
fi,fiðoʊ,fiðeɪ,fiðo,fiðe
fi,fihoʊ,fiheɪ,fiho,fihe
si,simoʊ,simeɪ,simo,sime
si,sinoʊ,sineɪ,sino,sine
si,sipoʊ,sipeɪ,sipo,sipe
si,sitoʊ,siteɪ,sito,site
si,sikoʊ,sikeɪ,siko,sike
si,siboʊ,sibeɪ,sibo,sibe
si,sidoʊ,sideɪ,sido,side
si,sigoʊ,sigeɪ,sigo,sige
si,sifoʊ,sifeɪ,sifo,sife
si,sisoʊ,siseɪ,siso,sise
si,sivoʊ,siveɪ,sivo,sive
si,sizoʊ,sizeɪ,sizo,size
si,siʃoʊ,siʃeɪ,siʃo,siʃe
si,siʒoʊ,siʒeɪ,siʒo,siʒe
si,siθoʊ,siθeɪ,siθo,siθe
si,siðoʊ,siðeɪ,siðo,siðe
si,sihoʊ,siheɪ,siho,sihe
vi,vimoʊ,vimeɪ,vimo,vime
vi,vinoʊ,vineɪ,vino,vine
vi,vipoʊ,vipeɪ,vipo,vipe
vi,vitoʊ,viteɪ,vito,vite
vi,vikoʊ,vikeɪ,viko,vike
vi,viboʊ,vibeɪ,vibo,vibe
vi,vidoʊ,videɪ,vido,vide
vi,vigoʊ,vigeɪ,vigo,vige
vi,vifoʊ,vifeɪ,vifo,vife
vi,visoʊ,viseɪ,viso,vise
vi,vivoʊ,viveɪ,vivo,vive
vi,vizoʊ,vizeɪ,vizo,vize
vi,viʃoʊ,viʃeɪ,viʃo,viʃe
vi,viʒoʊ,viʒeɪ,viʒo,viʒe
vi,viθoʊ,viθeɪ,viθo,viθe
vi,viðoʊ,viðeɪ,viðo,viðe
vi,vihoʊ,viheɪ,viho,vihe
zi,zimoʊ,zimeɪ,zimo,zime
zi,zinoʊ,zineɪ,zino,zine
zi,zipoʊ,zipeɪ,zipo,zipe
zi,zitoʊ,ziteɪ,zito,zite
zi,zikoʊ,zikeɪ,ziko,zike
zi,ziboʊ,zibeɪ,zibo,zibe
zi,zidoʊ,zideɪ,zido,zide
zi,zigoʊ,zigeɪ,zigo,zige
zi,zifoʊ,zifeɪ,zifo,zife
zi,zisoʊ,ziseɪ,ziso,zise
zi,zivoʊ,ziveɪ,zivo,zive
zi,zizoʊ,zizeɪ,zizo,zize
zi,ziʃoʊ,ziʃeɪ,ziʃo,ziʃe
zi,ziʒoʊ,ziʒeɪ,ziʒo,ziʒe
zi,ziθoʊ,ziθeɪ,ziθo,ziθe
zi,ziðoʊ,ziðeɪ,ziðo,ziðe
zi,zihoʊ,ziheɪ,ziho,zihe
ʃi,ʃimoʊ,ʃimeɪ,ʃimo,ʃime
ʃi,ʃinoʊ,ʃineɪ,ʃino,ʃine
ʃi,ʃipoʊ,ʃipeɪ,ʃipo,ʃipe
ʃi,ʃitoʊ,ʃiteɪ,ʃito,ʃite
ʃi,ʃikoʊ,ʃikeɪ,ʃiko,ʃike
ʃi,ʃiboʊ,ʃibeɪ,ʃibo,ʃibe
ʃi,ʃidoʊ,ʃideɪ,ʃido,ʃide
ʃi,ʃigoʊ,ʃigeɪ,ʃigo,ʃige
ʃi,ʃifoʊ,ʃifeɪ,ʃifo,ʃife
ʃi,ʃisoʊ,ʃiseɪ,ʃiso,ʃise
ʃi,ʃivoʊ,ʃiveɪ,ʃivo,ʃive
ʃi,ʃizoʊ,ʃizeɪ,ʃizo,ʃize
ʃi,ʃiʃoʊ,ʃiʃeɪ,ʃiʃo,ʃiʃe
ʃi,ʃiʒoʊ,ʃiʒeɪ,ʃiʒo,ʃiʒe
ʃi,ʃiθoʊ,ʃiθeɪ,ʃiθo,ʃiθe
ʃi,ʃiðoʊ,ʃiðeɪ,ʃiðo,ʃiðe
ʃi,ʃihoʊ,ʃiheɪ,ʃiho,ʃihe
ʒi,ʒimoʊ,ʒimeɪ,ʒimo,ʒime
ʒi,ʒinoʊ,ʒineɪ,ʒino,ʒine
ʒi,ʒipoʊ,ʒipeɪ,ʒipo,ʒipe
ʒi,ʒitoʊ,ʒiteɪ,ʒito,ʒite
ʒi,ʒikoʊ,ʒikeɪ,ʒiko,ʒike
ʒi,ʒiboʊ,ʒibeɪ,ʒibo,ʒibe
ʒi,ʒidoʊ,ʒideɪ,ʒido,ʒide
ʒi,ʒigoʊ,ʒigeɪ,ʒigo,ʒige
ʒi,ʒifoʊ,ʒifeɪ,ʒifo,ʒife
ʒi,ʒisoʊ,ʒiseɪ,ʒiso,ʒise
ʒi,ʒivoʊ,ʒiveɪ,ʒivo,ʒive
ʒi,ʒizoʊ,ʒizeɪ,ʒizo,ʒize
ʒi,ʒiʃoʊ,ʒiʃeɪ,ʒiʃo,ʒiʃe
ʒi,ʒiʒoʊ,ʒiʒeɪ,ʒiʒo,ʒiʒe
ʒi,ʒiθoʊ,ʒiθeɪ,ʒiθo,ʒiθe
ʒi,ʒiðoʊ,ʒiðeɪ,ʒiðo,ʒiðe
ʒi,ʒihoʊ,ʒiheɪ,ʒiho,ʒihe
θi,θimoʊ,θimeɪ,θimo,θime
θi,θinoʊ,θineɪ,θino,θine
θi,θipoʊ,θipeɪ,θipo,θipe
θi,θitoʊ,θiteɪ,θito,θite
θi,θikoʊ,θikeɪ,θiko,θike
θi,θiboʊ,θibeɪ,θibo,θibe
θi,θidoʊ,θideɪ,θido,θide
θi,θigoʊ,θigeɪ,θigo,θige
θi,θifoʊ,θifeɪ,θifo,θife
θi,θisoʊ,θiseɪ,θiso,θise
θi,θivoʊ,θiveɪ,θivo,θive
θi,θizoʊ,θizeɪ,θizo,θize
θi,θiʃoʊ,θiʃeɪ,θiʃo,θiʃe
θi,θiʒoʊ,θiʒeɪ,θiʒo,θiʒe
θi,θiθoʊ,θiθeɪ,θiθo,θiθe
θi,θiðoʊ,θiðeɪ,θiðo,θiðe
θi,θihoʊ,θiheɪ,θiho,θihe
ði,ðimoʊ,ðimeɪ,ðimo,ðime
ði,ðinoʊ,ðineɪ,ðino,ðine
ði,ðipoʊ,ðipeɪ,ðipo,ðipe
ði,ðitoʊ,ðiteɪ,ðito,ðite
ði,ðikoʊ,ðikeɪ,ðiko,ðike
ði,ðiboʊ,ðibeɪ,ðibo,ðibe
ði,ðidoʊ,ðideɪ,ðido,ðide
ði,ðigoʊ,ðigeɪ,ðigo,ðige
ði,ðifoʊ,ðifeɪ,ðifo,ðife
ði,ðisoʊ,ðiseɪ,ðiso,ðise
ði,ðivoʊ,ðiveɪ,ðivo,ðive
ði,ðizoʊ,ðizeɪ,ðizo,ðize
ði,ðiʃoʊ,ðiʃeɪ,ðiʃo,ðiʃe
ði,ðiʒoʊ,ðiʒeɪ,ðiʒo,ðiʒe
ði,ðiθoʊ,ðiθeɪ,ðiθo,ðiθe
ði,ðiðoʊ,ðiðeɪ,ðiðo,ðiðe
ði,ðihoʊ,ðiheɪ,ðiho,ðihe
hi,himoʊ,himeɪ,himo,hime
hi,hinoʊ,hineɪ,hino,hine
hi,hipoʊ,hipeɪ,hipo,hipe
hi,hitoʊ,hiteɪ,hito,hite
hi,hikoʊ,hikeɪ,hiko,hike
hi,hiboʊ,hibeɪ,hibo,hibe
hi,hidoʊ,hideɪ,hido,hide
hi,higoʊ,higeɪ,higo,hige
hi,hifoʊ,hifeɪ,hifo,hife
hi,hisoʊ,hiseɪ,hiso,hise
hi,hivoʊ,hiveɪ,hivo,hive
hi,hizoʊ,hizeɪ,hizo,hize
hi,hiʃoʊ,hiʃeɪ,hiʃo,hiʃe
hi,hiʒoʊ,hiʒeɪ,hiʒo,hiʒe
hi,hiθoʊ,hiθeɪ,hiθo,hiθe
hi,hiðoʊ,hiðeɪ,hiðo,hiðe
hi,hihoʊ,hiheɪ,hiho,hihe
meɪ,meɪmi,meɪmi,memi,memi
meɪ,meɪni,meɪni,meni,meni
meɪ,meɪpi,meɪpi,mepi,mepi
meɪ,meɪti,meɪti,meti,meti
meɪ,meɪki,meɪki,meki,meki
meɪ,meɪbi,meɪbi,mebi,mebi
meɪ,meɪdi,meɪdi,medi,medi
meɪ,meɪgi,meɪgi,megi,megi
meɪ,meɪfi,meɪfi,mefi,mefi
meɪ,meɪsi,meɪsi,mesi,mesi
meɪ,meɪvi,meɪvi,mevi,mevi
meɪ,meɪzi,meɪzi,mezi,mezi
meɪ,meɪʃi,meɪʃi,meʃi,meʃi
meɪ,meɪʒi,meɪʒi,meʒi,meʒi
meɪ,meɪθi,meɪθi,meθi,meθi
meɪ,meɪði,meɪði,meði,meði
meɪ,meɪhi,meɪhi,mehi,mehi
neɪ,neɪmi,neɪmi,nemi,nemi
neɪ,neɪni,neɪni,neni,neni
neɪ,neɪpi,neɪpi,nepi,nepi
neɪ,neɪti,neɪti,neti,neti
neɪ,neɪki,neɪki,neki,neki
neɪ,neɪbi,neɪbi,nebi,nebi
neɪ,neɪdi,neɪdi,nedi,nedi
neɪ,neɪgi,neɪgi,negi,negi
neɪ,neɪfi,neɪfi,nefi,nefi
neɪ,neɪsi,neɪsi,nesi,nesi
neɪ,neɪvi,neɪvi,nevi,nevi
neɪ,neɪzi,neɪzi,nezi,nezi
neɪ,neɪʃi,neɪʃi,neʃi,neʃi
neɪ,neɪʒi,neɪʒi,neʒi,neʒi
neɪ,neɪθi,neɪθi,neθi,neθi
neɪ,neɪði,neɪði,neði,neði
neɪ,neɪhi,neɪhi,nehi,nehi
peɪ,peɪmi,peɪmi,pemi,pemi
peɪ,peɪni,peɪni,peni,peni
peɪ,peɪpi,peɪpi,pepi,pepi
peɪ,peɪti,peɪti,peti,peti
peɪ,peɪki,peɪki,peki,peki
peɪ,peɪbi,peɪbi,pebi,pebi
peɪ,peɪdi,peɪdi,pedi,pedi
peɪ,peɪgi,peɪgi,pegi,pegi
peɪ,peɪfi,peɪfi,pefi,pefi
peɪ,peɪsi,peɪsi,pesi,pesi
peɪ,peɪvi,peɪvi,pevi,pevi
peɪ,peɪzi,peɪzi,pezi,pezi
peɪ,peɪʃi,peɪʃi,peʃi,peʃi
peɪ,peɪʒi,peɪʒi,peʒi,peʒi
peɪ,peɪθi,peɪθi,peθi,peθi
peɪ,peɪði,peɪði,peði,peði
peɪ,peɪhi,peɪhi,pehi,pehi
teɪ,teɪmi,teɪmi,temi,temi
teɪ,teɪni,teɪni,teni,teni
teɪ,teɪpi,teɪpi,tepi,tepi
teɪ,teɪti,teɪti,teti,teti
teɪ,teɪki,teɪki,teki,teki
teɪ,teɪbi,teɪbi,tebi,tebi
teɪ,teɪdi,teɪdi,tedi,tedi
teɪ,teɪgi,teɪgi,tegi,tegi
teɪ,teɪfi,teɪfi,tefi,tefi
teɪ,teɪsi,teɪsi,tesi,tesi
teɪ,teɪvi,teɪvi,tevi,tevi
teɪ,teɪzi,teɪzi,tezi,tezi
teɪ,teɪʃi,teɪʃi,teʃi,teʃi
teɪ,teɪʒi,teɪʒi,teʒi,teʒi
teɪ,teɪθi,teɪθi,teθi,teθi
teɪ,teɪði,teɪði,teði,teði
teɪ,teɪhi,teɪhi,tehi,tehi
keɪ,keɪmi,keɪmi,kemi,kemi
keɪ,keɪni,keɪni,keni,keni
keɪ,keɪpi,keɪpi,kepi,kepi
keɪ,keɪti,keɪti,keti,keti
keɪ,keɪki,keɪki,keki,keki
keɪ,keɪbi,keɪbi,kebi,kebi
keɪ,keɪdi,keɪdi,kedi,kedi
keɪ,keɪgi,keɪgi,kegi,kegi
keɪ,keɪfi,keɪfi,kefi,kefi
keɪ,keɪsi,keɪsi,kesi,kesi
keɪ,keɪvi,keɪvi,kevi,kevi
keɪ,keɪzi,keɪzi,kezi,kezi
keɪ,keɪʃi,keɪʃi,keʃi,keʃi
keɪ,keɪʒi,keɪʒi,keʒi,keʒi
keɪ,keɪθi,keɪθi,keθi,keθi
keɪ,keɪði,keɪði,keði,keði
keɪ,keɪhi,keɪhi,kehi,kehi
beɪ,beɪmi,beɪmi,bemi,bemi
beɪ,beɪni,beɪni,beni,beni
beɪ,beɪpi,beɪpi,bepi,bepi
beɪ,beɪti,beɪti,beti,beti
beɪ,beɪki,beɪki,beki,beki
beɪ,beɪbi,beɪbi,bebi,bebi
beɪ,beɪdi,beɪdi,bedi,bedi
beɪ,beɪgi,beɪgi,begi,begi
beɪ,beɪfi,beɪfi,befi,befi
beɪ,beɪsi,beɪsi,besi,besi
beɪ,beɪvi,beɪvi,bevi,bevi
beɪ,beɪzi,beɪzi,bezi,bezi
beɪ,beɪʃi,beɪʃi,beʃi,beʃi
beɪ,beɪʒi,beɪʒi,beʒi,beʒi
beɪ,beɪθi,beɪθi,beθi,beθi
beɪ,beɪði,beɪði,beði,beði
beɪ,beɪhi,beɪhi,behi,behi
deɪ,deɪmi,deɪmi,demi,demi
deɪ,deɪni,deɪni,deni,deni
deɪ,deɪpi,deɪpi,depi,depi
deɪ,deɪti,deɪti,deti,deti
deɪ,deɪki,deɪki,deki,deki
deɪ,deɪbi,deɪbi,debi,debi
deɪ,deɪdi,deɪdi,dedi,dedi
deɪ,deɪgi,deɪgi,degi,degi
deɪ,deɪfi,deɪfi,defi,defi
deɪ,deɪsi,deɪsi,desi,desi
deɪ,deɪvi,deɪvi,devi,devi
deɪ,deɪzi,deɪzi,dezi,dezi
deɪ,deɪʃi,deɪʃi,deʃi,deʃi
deɪ,deɪʒi,deɪʒi,deʒi,deʒi
deɪ,deɪθi,deɪθi,deθi,deθi
deɪ,deɪði,deɪði,deði,deði
deɪ,deɪhi,deɪhi,dehi,dehi
geɪ,geɪmi,geɪmi,gemi,gemi
geɪ,geɪni,geɪni,geni,geni
geɪ,geɪpi,geɪpi,gepi,gepi
geɪ,geɪti,geɪti,geti,geti
geɪ,geɪki,geɪki,geki,geki
geɪ,geɪbi,geɪbi,gebi,gebi
geɪ,geɪdi,geɪdi,gedi,gedi
geɪ,geɪgi,geɪgi,gegi,gegi
geɪ,geɪfi,geɪfi,gefi,gefi
geɪ,geɪsi,geɪsi,gesi,gesi
geɪ,geɪvi,geɪvi,gevi,gevi
geɪ,geɪzi,geɪzi,gezi,gezi
geɪ,geɪʃi,geɪʃi,geʃi,geʃi
geɪ,geɪʒi,geɪʒi,geʒi,geʒi
geɪ,geɪθi,geɪθi,geθi,geθi
geɪ,geɪði,geɪði,geði,geði
geɪ,geɪhi,geɪhi,gehi,gehi
feɪ,feɪmi,feɪmi,femi,femi
feɪ,feɪni,feɪni,feni,feni
feɪ,feɪpi,feɪpi,fepi,fepi
feɪ,feɪti,feɪti,feti,feti
feɪ,feɪki,feɪki,feki,feki
feɪ,feɪbi,feɪbi,febi,febi
feɪ,feɪdi,feɪdi,fedi,fedi
feɪ,feɪgi,feɪgi,fegi,fegi
feɪ,feɪfi,feɪfi,fefi,fefi
feɪ,feɪsi,feɪsi,fesi,fesi
feɪ,feɪvi,feɪvi,fevi,fevi
feɪ,feɪzi,feɪzi,fezi,fezi
feɪ,feɪʃi,feɪʃi,feʃi,feʃi
feɪ,feɪʒi,feɪʒi,feʒi,feʒi
feɪ,feɪθi,feɪθi,feθi,feθi
feɪ,feɪði,feɪði,feði,feði
feɪ,feɪhi,feɪhi,fehi,fehi
seɪ,seɪmi,seɪmi,semi,semi
seɪ,seɪni,seɪni,seni,seni
seɪ,seɪpi,seɪpi,sepi,sepi
seɪ,seɪti,seɪti,seti,seti
seɪ,seɪki,seɪki,seki,seki
seɪ,seɪbi,seɪbi,sebi,sebi
seɪ,seɪdi,seɪdi,sedi,sedi
seɪ,seɪgi,seɪgi,segi,segi
seɪ,seɪfi,seɪfi,sefi,sefi
seɪ,seɪsi,seɪsi,sesi,sesi
seɪ,seɪvi,seɪvi,sevi,sevi
seɪ,seɪzi,seɪzi,sezi,sezi
seɪ,seɪʃi,seɪʃi,seʃi,seʃi
seɪ,seɪʒi,seɪʒi,seʒi,seʒi
seɪ,seɪθi,seɪθi,seθi,seθi
seɪ,seɪði,seɪði,seði,seði
seɪ,seɪhi,seɪhi,sehi,sehi
veɪ,veɪmi,veɪmi,vemi,vemi
veɪ,veɪni,veɪni,veni,veni
veɪ,veɪpi,veɪpi,vepi,vepi
veɪ,veɪti,veɪti,veti,veti
veɪ,veɪki,veɪki,veki,veki
veɪ,veɪbi,veɪbi,vebi,vebi
veɪ,veɪdi,veɪdi,vedi,vedi
veɪ,veɪgi,veɪgi,vegi,vegi
veɪ,veɪfi,veɪfi,vefi,vefi
veɪ,veɪsi,veɪsi,vesi,vesi
veɪ,veɪvi,veɪvi,vevi,vevi
veɪ,veɪzi,veɪzi,vezi,vezi
veɪ,veɪʃi,veɪʃi,veʃi,veʃi
veɪ,veɪʒi,veɪʒi,veʒi,veʒi
veɪ,veɪθi,veɪθi,veθi,veθi
veɪ,veɪði,veɪði,veði,veði
veɪ,veɪhi,veɪhi,vehi,vehi
zeɪ,zeɪmi,zeɪmi,zemi,zemi
zeɪ,zeɪni,zeɪni,zeni,zeni
zeɪ,zeɪpi,zeɪpi,zepi,zepi
zeɪ,zeɪti,zeɪti,zeti,zeti
zeɪ,zeɪki,zeɪki,zeki,zeki
zeɪ,zeɪbi,zeɪbi,zebi,zebi
zeɪ,zeɪdi,zeɪdi,zedi,zedi
zeɪ,zeɪgi,zeɪgi,zegi,zegi
zeɪ,zeɪfi,zeɪfi,zefi,zefi
zeɪ,zeɪsi,zeɪsi,zesi,zesi
zeɪ,zeɪvi,zeɪvi,zevi,zevi
zeɪ,zeɪzi,zeɪzi,zezi,zezi
zeɪ,zeɪʃi,zeɪʃi,zeʃi,zeʃi
zeɪ,zeɪʒi,zeɪʒi,zeʒi,zeʒi
zeɪ,zeɪθi,zeɪθi,zeθi,zeθi
zeɪ,zeɪði,zeɪði,zeði,zeði
zeɪ,zeɪhi,zeɪhi,zehi,zehi
ʃeɪ,ʃeɪmi,ʃeɪmi,ʃemi,ʃemi
ʃeɪ,ʃeɪni,ʃeɪni,ʃeni,ʃeni
ʃeɪ,ʃeɪpi,ʃeɪpi,ʃepi,ʃepi
ʃeɪ,ʃeɪti,ʃeɪti,ʃeti,ʃeti
ʃeɪ,ʃeɪki,ʃeɪki,ʃeki,ʃeki
ʃeɪ,ʃeɪbi,ʃeɪbi,ʃebi,ʃebi
ʃeɪ,ʃeɪdi,ʃeɪdi,ʃedi,ʃedi
ʃeɪ,ʃeɪgi,ʃeɪgi,ʃegi,ʃegi
ʃeɪ,ʃeɪfi,ʃeɪfi,ʃefi,ʃefi
ʃeɪ,ʃeɪsi,ʃeɪsi,ʃesi,ʃesi
ʃeɪ,ʃeɪvi,ʃeɪvi,ʃevi,ʃevi
ʃeɪ,ʃeɪzi,ʃeɪzi,ʃezi,ʃezi
ʃeɪ,ʃeɪʃi,ʃeɪʃi,ʃeʃi,ʃeʃi
ʃeɪ,ʃeɪʒi,ʃeɪʒi,ʃeʒi,ʃeʒi
ʃeɪ,ʃeɪθi,ʃeɪθi,ʃeθi,ʃeθi
ʃeɪ,ʃeɪði,ʃeɪði,ʃeði,ʃeði
ʃeɪ,ʃeɪhi,ʃeɪhi,ʃehi,ʃehi
ʒeɪ,ʒeɪmi,ʒeɪmi,ʒemi,ʒemi
ʒeɪ,ʒeɪni,ʒeɪni,ʒeni,ʒeni
ʒeɪ,ʒeɪpi,ʒeɪpi,ʒepi,ʒepi
ʒeɪ,ʒeɪti,ʒeɪti,ʒeti,ʒeti
ʒeɪ,ʒeɪki,ʒeɪki,ʒeki,ʒeki
ʒeɪ,ʒeɪbi,ʒeɪbi,ʒebi,ʒebi
ʒeɪ,ʒeɪdi,ʒeɪdi,ʒedi,ʒedi
ʒeɪ,ʒeɪgi,ʒeɪgi,ʒegi,ʒegi
ʒeɪ,ʒeɪfi,ʒeɪfi,ʒefi,ʒefi
ʒeɪ,ʒeɪsi,ʒeɪsi,ʒesi,ʒesi
ʒeɪ,ʒeɪvi,ʒeɪvi,ʒevi,ʒevi
ʒeɪ,ʒeɪzi,ʒeɪzi,ʒezi,ʒezi
ʒeɪ,ʒeɪʃi,ʒeɪʃi,ʒeʃi,ʒeʃi
ʒeɪ,ʒeɪʒi,ʒeɪʒi,ʒeʒi,ʒeʒi
ʒeɪ,ʒeɪθi,ʒeɪθi,ʒeθi,ʒeθi
ʒeɪ,ʒeɪði,ʒeɪði,ʒeði,ʒeði
ʒeɪ,ʒeɪhi,ʒeɪhi,ʒehi,ʒehi
θeɪ,θeɪmi,θeɪmi,θemi,θemi
θeɪ,θeɪni,θeɪni,θeni,θeni
θeɪ,θeɪpi,θeɪpi,θepi,θepi
θeɪ,θeɪti,θeɪti,θeti,θeti
θeɪ,θeɪki,θeɪki,θeki,θeki
θeɪ,θeɪbi,θeɪbi,θebi,θebi
θeɪ,θeɪdi,θeɪdi,θedi,θedi
θeɪ,θeɪgi,θeɪgi,θegi,θegi
θeɪ,θeɪfi,θeɪfi,θefi,θefi
θeɪ,θeɪsi,θeɪsi,θesi,θesi
θeɪ,θeɪvi,θeɪvi,θevi,θevi
θeɪ,θeɪzi,θeɪzi,θezi,θezi
θeɪ,θeɪʃi,θeɪʃi,θeʃi,θeʃi
θeɪ,θeɪʒi,θeɪʒi,θeʒi,θeʒi
θeɪ,θeɪθi,θeɪθi,θeθi,θeθi
θeɪ,θeɪði,θeɪði,θeði,θeði
θeɪ,θeɪhi,θeɪhi,θehi,θehi
ðeɪ,ðeɪmi,ðeɪmi,ðemi,ðemi
ðeɪ,ðeɪni,ðeɪni,ðeni,ðeni
ðeɪ,ðeɪpi,ðeɪpi,ðepi,ðepi
ðeɪ,ðeɪti,ðeɪti,ðeti,ðeti
ðeɪ,ðeɪki,ðeɪki,ðeki,ðeki
ðeɪ,ðeɪbi,ðeɪbi,ðebi,ðebi
ðeɪ,ðeɪdi,ðeɪdi,ðedi,ðedi
ðeɪ,ðeɪgi,ðeɪgi,ðegi,ðegi
ðeɪ,ðeɪfi,ðeɪfi,ðefi,ðefi
ðeɪ,ðeɪsi,ðeɪsi,ðesi,ðesi
ðeɪ,ðeɪvi,ðeɪvi,ðevi,ðevi
ðeɪ,ðeɪzi,ðeɪzi,ðezi,ðezi
ðeɪ,ðeɪʃi,ðeɪʃi,ðeʃi,ðeʃi
ðeɪ,ðeɪʒi,ðeɪʒi,ðeʒi,ðeʒi
ðeɪ,ðeɪθi,ðeɪθi,ðeθi,ðeθi
ðeɪ,ðeɪði,ðeɪði,ðeði,ðeði
ðeɪ,ðeɪhi,ðeɪhi,ðehi,ðehi
heɪ,heɪmi,heɪmi,hemi,hemi
heɪ,heɪni,heɪni,heni,heni
heɪ,heɪpi,heɪpi,hepi,hepi
heɪ,heɪti,heɪti,heti,heti
heɪ,heɪki,heɪki,heki,heki
heɪ,heɪbi,heɪbi,hebi,hebi
heɪ,heɪdi,heɪdi,hedi,hedi
heɪ,heɪgi,heɪgi,hegi,hegi
heɪ,heɪfi,heɪfi,hefi,hefi
heɪ,heɪsi,heɪsi,hesi,hesi
heɪ,heɪvi,heɪvi,hevi,hevi
heɪ,heɪzi,heɪzi,hezi,hezi
heɪ,heɪʃi,heɪʃi,heʃi,heʃi
heɪ,heɪʒi,heɪʒi,heʒi,heʒi
heɪ,heɪθi,heɪθi,heθi,heθi
heɪ,heɪði,heɪði,heði,heði
heɪ,heɪhi,heɪhi,hehi,hehi
meɪ,meɪmeɪ,meɪmeɪ,meme,meme
meɪ,meɪneɪ,meɪneɪ,mene,mene
meɪ,meɪpeɪ,meɪpeɪ,mepe,mepe
meɪ,meɪteɪ,meɪteɪ,mete,mete
meɪ,meɪkeɪ,meɪkeɪ,meke,meke
meɪ,meɪbeɪ,meɪbeɪ,mebe,mebe
meɪ,meɪdeɪ,meɪdeɪ,mede,mede
meɪ,meɪgeɪ,meɪgeɪ,mege,mege
meɪ,meɪfeɪ,meɪfeɪ,mefe,mefe
meɪ,meɪseɪ,meɪseɪ,mese,mese
meɪ,meɪveɪ,meɪveɪ,meve,meve
meɪ,meɪzeɪ,meɪzeɪ,meze,meze
meɪ,meɪʃeɪ,meɪʃeɪ,meʃe,meʃe
meɪ,meɪʒeɪ,meɪʒeɪ,meʒe,meʒe
meɪ,meɪθeɪ,meɪθeɪ,meθe,meθe
meɪ,meɪðeɪ,meɪðeɪ,meðe,meðe
meɪ,meɪheɪ,meɪheɪ,mehe,mehe
neɪ,neɪmeɪ,neɪmeɪ,neme,neme
neɪ,neɪneɪ,neɪneɪ,nene,nene
neɪ,neɪpeɪ,neɪpeɪ,nepe,nepe
neɪ,neɪteɪ,neɪteɪ,nete,nete
neɪ,neɪkeɪ,neɪkeɪ,neke,neke
neɪ,neɪbeɪ,neɪbeɪ,nebe,nebe
neɪ,neɪdeɪ,neɪdeɪ,nede,nede
neɪ,neɪgeɪ,neɪgeɪ,nege,nege
neɪ,neɪfeɪ,neɪfeɪ,nefe,nefe
neɪ,neɪseɪ,neɪseɪ,nese,nese
neɪ,neɪveɪ,neɪveɪ,neve,neve
neɪ,neɪzeɪ,neɪzeɪ,neze,neze
neɪ,neɪʃeɪ,neɪʃeɪ,neʃe,neʃe
neɪ,neɪʒeɪ,neɪʒeɪ,neʒe,neʒe
neɪ,neɪθeɪ,neɪθeɪ,neθe,neθe
neɪ,neɪðeɪ,neɪðeɪ,neðe,neðe
neɪ,neɪheɪ,neɪheɪ,nehe,nehe
peɪ,peɪmeɪ,peɪmeɪ,peme,peme
peɪ,peɪneɪ,peɪneɪ,pene,pene
peɪ,peɪpeɪ,peɪpeɪ,pepe,pepe
peɪ,peɪteɪ,peɪteɪ,pete,pete
peɪ,peɪkeɪ,peɪkeɪ,peke,peke
peɪ,peɪbeɪ,peɪbeɪ,pebe,pebe
peɪ,peɪdeɪ,peɪdeɪ,pede,pede
peɪ,peɪgeɪ,peɪgeɪ,pege,pege
peɪ,peɪfeɪ,peɪfeɪ,pefe,pefe
peɪ,peɪseɪ,peɪseɪ,pese,pese
peɪ,peɪveɪ,peɪveɪ,peve,peve
peɪ,peɪzeɪ,peɪzeɪ,peze,peze
peɪ,peɪʃeɪ,peɪʃeɪ,peʃe,peʃe
peɪ,peɪʒeɪ,peɪʒeɪ,peʒe,peʒe
peɪ,peɪθeɪ,peɪθeɪ,peθe,peθe
peɪ,peɪðeɪ,peɪðeɪ,peðe,peðe
peɪ,peɪheɪ,peɪheɪ,pehe,pehe
teɪ,teɪmeɪ,teɪmeɪ,teme,teme
teɪ,teɪneɪ,teɪneɪ,tene,tene
teɪ,teɪpeɪ,teɪpeɪ,tepe,tepe
teɪ,teɪteɪ,teɪteɪ,tete,tete
teɪ,teɪkeɪ,teɪkeɪ,teke,teke
teɪ,teɪbeɪ,teɪbeɪ,tebe,tebe
teɪ,teɪdeɪ,teɪdeɪ,tede,tede
teɪ,teɪgeɪ,teɪgeɪ,tege,tege
teɪ,teɪfeɪ,teɪfeɪ,tefe,tefe
teɪ,teɪseɪ,teɪseɪ,tese,tese
teɪ,teɪveɪ,teɪveɪ,teve,teve
teɪ,teɪzeɪ,teɪzeɪ,teze,teze
teɪ,teɪʃeɪ,teɪʃeɪ,teʃe,teʃe
teɪ,teɪʒeɪ,teɪʒeɪ,teʒe,teʒe
teɪ,teɪθeɪ,teɪθeɪ,teθe,teθe
teɪ,teɪðeɪ,teɪðeɪ,teðe,teðe
teɪ,teɪheɪ,teɪheɪ,tehe,tehe
keɪ,keɪmeɪ,keɪmeɪ,keme,keme
keɪ,keɪneɪ,keɪneɪ,kene,kene
keɪ,keɪpeɪ,keɪpeɪ,kepe,kepe
keɪ,keɪteɪ,keɪteɪ,kete,kete
keɪ,keɪkeɪ,keɪkeɪ,keke,keke
keɪ,keɪbeɪ,keɪbeɪ,kebe,kebe
keɪ,keɪdeɪ,keɪdeɪ,kede,kede
keɪ,keɪgeɪ,keɪgeɪ,kege,kege
keɪ,keɪfeɪ,keɪfeɪ,kefe,kefe
keɪ,keɪseɪ,keɪseɪ,kese,kese
keɪ,keɪveɪ,keɪveɪ,keve,keve
keɪ,keɪzeɪ,keɪzeɪ,keze,keze
keɪ,keɪʃeɪ,keɪʃeɪ,keʃe,keʃe
keɪ,keɪʒeɪ,keɪʒeɪ,keʒe,keʒe
keɪ,keɪθeɪ,keɪθeɪ,keθe,keθe
keɪ,keɪðeɪ,keɪðeɪ,keðe,keðe
keɪ,keɪheɪ,keɪheɪ,kehe,kehe
beɪ,beɪmeɪ,beɪmeɪ,beme,beme
beɪ,beɪneɪ,beɪneɪ,bene,bene
beɪ,beɪpeɪ,beɪpeɪ,bepe,bepe
beɪ,beɪteɪ,beɪteɪ,bete,bete
beɪ,beɪkeɪ,beɪkeɪ,beke,beke
beɪ,beɪbeɪ,beɪbeɪ,bebe,bebe
beɪ,beɪdeɪ,beɪdeɪ,bede,bede
beɪ,beɪgeɪ,beɪgeɪ,bege,bege
beɪ,beɪfeɪ,beɪfeɪ,befe,befe
beɪ,beɪseɪ,beɪseɪ,bese,bese
beɪ,beɪveɪ,beɪveɪ,beve,beve
beɪ,beɪzeɪ,beɪzeɪ,beze,beze
beɪ,beɪʃeɪ,beɪʃeɪ,beʃe,beʃe
beɪ,beɪʒeɪ,beɪʒeɪ,beʒe,beʒe
beɪ,beɪθeɪ,beɪθeɪ,beθe,beθe
beɪ,beɪðeɪ,beɪðeɪ,beðe,beðe
beɪ,beɪheɪ,beɪheɪ,behe,behe
deɪ,deɪmeɪ,deɪmeɪ,deme,deme
deɪ,deɪneɪ,deɪneɪ,dene,dene
deɪ,deɪpeɪ,deɪpeɪ,depe,depe
deɪ,deɪteɪ,deɪteɪ,dete,dete
deɪ,deɪkeɪ,deɪkeɪ,deke,deke
deɪ,deɪbeɪ,deɪbeɪ,debe,debe
deɪ,deɪdeɪ,deɪdeɪ,dede,dede
deɪ,deɪgeɪ,deɪgeɪ,dege,dege
deɪ,deɪfeɪ,deɪfeɪ,defe,defe
deɪ,deɪseɪ,deɪseɪ,dese,dese
deɪ,deɪveɪ,deɪveɪ,deve,deve
deɪ,deɪzeɪ,deɪzeɪ,deze,deze
deɪ,deɪʃeɪ,deɪʃeɪ,deʃe,deʃe
deɪ,deɪʒeɪ,deɪʒeɪ,deʒe,deʒe
deɪ,deɪθeɪ,deɪθeɪ,deθe,deθe
deɪ,deɪðeɪ,deɪðeɪ,deðe,deðe
deɪ,deɪheɪ,deɪheɪ,dehe,dehe
geɪ,geɪmeɪ,geɪmeɪ,geme,geme
geɪ,geɪneɪ,geɪneɪ,gene,gene
geɪ,geɪpeɪ,geɪpeɪ,gepe,gepe
geɪ,geɪteɪ,geɪteɪ,gete,gete
geɪ,geɪkeɪ,geɪkeɪ,geke,geke
geɪ,geɪbeɪ,geɪbeɪ,gebe,gebe
geɪ,geɪdeɪ,geɪdeɪ,gede,gede
geɪ,geɪgeɪ,geɪgeɪ,gege,gege
geɪ,geɪfeɪ,geɪfeɪ,gefe,gefe
geɪ,geɪseɪ,geɪseɪ,gese,gese
geɪ,geɪveɪ,geɪveɪ,geve,geve
geɪ,geɪzeɪ,geɪzeɪ,geze,geze
geɪ,geɪʃeɪ,geɪʃeɪ,geʃe,geʃe
geɪ,geɪʒeɪ,geɪʒeɪ,geʒe,geʒe
geɪ,geɪθeɪ,geɪθeɪ,geθe,geθe
geɪ,geɪðeɪ,geɪðeɪ,geðe,geðe
geɪ,geɪheɪ,geɪheɪ,gehe,gehe
feɪ,feɪmeɪ,feɪmeɪ,feme,feme
feɪ,feɪneɪ,feɪneɪ,fene,fene
feɪ,feɪpeɪ,feɪpeɪ,fepe,fepe
feɪ,feɪteɪ,feɪteɪ,fete,fete
feɪ,feɪkeɪ,feɪkeɪ,feke,feke
feɪ,feɪbeɪ,feɪbeɪ,febe,febe
feɪ,feɪdeɪ,feɪdeɪ,fede,fede
feɪ,feɪgeɪ,feɪgeɪ,fege,fege
feɪ,feɪfeɪ,feɪfeɪ,fefe,fefe
feɪ,feɪseɪ,feɪseɪ,fese,fese
feɪ,feɪveɪ,feɪveɪ,feve,feve
feɪ,feɪzeɪ,feɪzeɪ,feze,feze
feɪ,feɪʃeɪ,feɪʃeɪ,feʃe,feʃe
feɪ,feɪʒeɪ,feɪʒeɪ,feʒe,feʒe
feɪ,feɪθeɪ,feɪθeɪ,feθe,feθe
feɪ,feɪðeɪ,feɪðeɪ,feðe,feðe
feɪ,feɪheɪ,feɪheɪ,fehe,fehe
seɪ,seɪmeɪ,seɪmeɪ,seme,seme
seɪ,seɪneɪ,seɪneɪ,sene,sene
seɪ,seɪpeɪ,seɪpeɪ,sepe,sepe
seɪ,seɪteɪ,seɪteɪ,sete,sete
seɪ,seɪkeɪ,seɪkeɪ,seke,seke
seɪ,seɪbeɪ,seɪbeɪ,sebe,sebe
seɪ,seɪdeɪ,seɪdeɪ,sede,sede
seɪ,seɪgeɪ,seɪgeɪ,sege,sege
seɪ,seɪfeɪ,seɪfeɪ,sefe,sefe
seɪ,seɪseɪ,seɪseɪ,sese,sese
seɪ,seɪveɪ,seɪveɪ,seve,seve
seɪ,seɪzeɪ,seɪzeɪ,seze,seze
seɪ,seɪʃeɪ,seɪʃeɪ,seʃe,seʃe
seɪ,seɪʒeɪ,seɪʒeɪ,seʒe,seʒe
seɪ,seɪθeɪ,seɪθeɪ,seθe,seθe
seɪ,seɪðeɪ,seɪðeɪ,seðe,seðe
seɪ,seɪheɪ,seɪheɪ,sehe,sehe
veɪ,veɪmeɪ,veɪmeɪ,veme,veme
veɪ,veɪneɪ,veɪneɪ,vene,vene
veɪ,veɪpeɪ,veɪpeɪ,vepe,vepe
veɪ,veɪteɪ,veɪteɪ,vete,vete
veɪ,veɪkeɪ,veɪkeɪ,veke,veke
veɪ,veɪbeɪ,veɪbeɪ,vebe,vebe
veɪ,veɪdeɪ,veɪdeɪ,vede,vede
veɪ,veɪgeɪ,veɪgeɪ,vege,vege
veɪ,veɪfeɪ,veɪfeɪ,vefe,vefe
veɪ,veɪseɪ,veɪseɪ,vese,vese
veɪ,veɪveɪ,veɪveɪ,veve,veve
veɪ,veɪzeɪ,veɪzeɪ,veze,veze
veɪ,veɪʃeɪ,veɪʃeɪ,veʃe,veʃe
veɪ,veɪʒeɪ,veɪʒeɪ,veʒe,veʒe
veɪ,veɪθeɪ,veɪθeɪ,veθe,veθe
veɪ,veɪðeɪ,veɪðeɪ,veðe,veðe
veɪ,veɪheɪ,veɪheɪ,vehe,vehe
zeɪ,zeɪmeɪ,zeɪmeɪ,zeme,zeme
zeɪ,zeɪneɪ,zeɪneɪ,zene,zene
zeɪ,zeɪpeɪ,zeɪpeɪ,zepe,zepe
zeɪ,zeɪteɪ,zeɪteɪ,zete,zete
zeɪ,zeɪkeɪ,zeɪkeɪ,zeke,zeke
zeɪ,zeɪbeɪ,zeɪbeɪ,zebe,zebe
zeɪ,zeɪdeɪ,zeɪdeɪ,zede,zede
zeɪ,zeɪgeɪ,zeɪgeɪ,zege,zege
zeɪ,zeɪfeɪ,zeɪfeɪ,zefe,zefe
zeɪ,zeɪseɪ,zeɪseɪ,zese,zese
zeɪ,zeɪveɪ,zeɪveɪ,zeve,zeve
zeɪ,zeɪzeɪ,zeɪzeɪ,zeze,zeze
zeɪ,zeɪʃeɪ,zeɪʃeɪ,zeʃe,zeʃe
zeɪ,zeɪʒeɪ,zeɪʒeɪ,zeʒe,zeʒe
zeɪ,zeɪθeɪ,zeɪθeɪ,zeθe,zeθe
zeɪ,zeɪðeɪ,zeɪðeɪ,zeðe,zeðe
zeɪ,zeɪheɪ,zeɪheɪ,zehe,zehe
ʃeɪ,ʃeɪmeɪ,ʃeɪmeɪ,ʃeme,ʃeme
ʃeɪ,ʃeɪneɪ,ʃeɪneɪ,ʃene,ʃene
ʃeɪ,ʃeɪpeɪ,ʃeɪpeɪ,ʃepe,ʃepe
ʃeɪ,ʃeɪteɪ,ʃeɪteɪ,ʃete,ʃete
ʃeɪ,ʃeɪkeɪ,ʃeɪkeɪ,ʃeke,ʃeke
ʃeɪ,ʃeɪbeɪ,ʃeɪbeɪ,ʃebe,ʃebe
ʃeɪ,ʃeɪdeɪ,ʃeɪdeɪ,ʃede,ʃede
ʃeɪ,ʃeɪgeɪ,ʃeɪgeɪ,ʃege,ʃege
ʃeɪ,ʃeɪfeɪ,ʃeɪfeɪ,ʃefe,ʃefe
ʃeɪ,ʃeɪseɪ,ʃeɪseɪ,ʃese,ʃese
ʃeɪ,ʃeɪveɪ,ʃeɪveɪ,ʃeve,ʃeve
ʃeɪ,ʃeɪzeɪ,ʃeɪzeɪ,ʃeze,ʃeze
ʃeɪ,ʃeɪʃeɪ,ʃeɪʃeɪ,ʃeʃe,ʃeʃe
ʃeɪ,ʃeɪʒeɪ,ʃeɪʒeɪ,ʃeʒe,ʃeʒe
ʃeɪ,ʃeɪθeɪ,ʃeɪθeɪ,ʃeθe,ʃeθe
ʃeɪ,ʃeɪðeɪ,ʃeɪðeɪ,ʃeðe,ʃeðe
ʃeɪ,ʃeɪheɪ,ʃeɪheɪ,ʃehe,ʃehe
ʒeɪ,ʒeɪmeɪ,ʒeɪmeɪ,ʒeme,ʒeme
ʒeɪ,ʒeɪneɪ,ʒeɪneɪ,ʒene,ʒene
ʒeɪ,ʒeɪpeɪ,ʒeɪpeɪ,ʒepe,ʒepe
ʒeɪ,ʒeɪteɪ,ʒeɪteɪ,ʒete,ʒete
ʒeɪ,ʒeɪkeɪ,ʒeɪkeɪ,ʒeke,ʒeke
ʒeɪ,ʒeɪbeɪ,ʒeɪbeɪ,ʒebe,ʒebe
ʒeɪ,ʒeɪdeɪ,ʒeɪdeɪ,ʒede,ʒede
ʒeɪ,ʒeɪgeɪ,ʒeɪgeɪ,ʒege,ʒege
ʒeɪ,ʒeɪfeɪ,ʒeɪfeɪ,ʒefe,ʒefe
ʒeɪ,ʒeɪseɪ,ʒeɪseɪ,ʒese,ʒese
ʒeɪ,ʒeɪveɪ,ʒeɪveɪ,ʒeve,ʒeve
ʒeɪ,ʒeɪzeɪ,ʒeɪzeɪ,ʒeze,ʒeze
ʒeɪ,ʒeɪʃeɪ,ʒeɪʃeɪ,ʒeʃe,ʒeʃe
ʒeɪ,ʒeɪʒeɪ,ʒeɪʒeɪ,ʒeʒe,ʒeʒe
ʒeɪ,ʒeɪθeɪ,ʒeɪθeɪ,ʒeθe,ʒeθe
ʒeɪ,ʒeɪðeɪ,ʒeɪðeɪ,ʒeðe,ʒeðe
ʒeɪ,ʒeɪheɪ,ʒeɪheɪ,ʒehe,ʒehe
θeɪ,θeɪmeɪ,θeɪmeɪ,θeme,θeme
θeɪ,θeɪneɪ,θeɪneɪ,θene,θene
θeɪ,θeɪpeɪ,θeɪpeɪ,θepe,θepe
θeɪ,θeɪteɪ,θeɪteɪ,θete,θete
θeɪ,θeɪkeɪ,θeɪkeɪ,θeke,θeke
θeɪ,θeɪbeɪ,θeɪbeɪ,θebe,θebe
θeɪ,θeɪdeɪ,θeɪdeɪ,θede,θede
θeɪ,θeɪgeɪ,θeɪgeɪ,θege,θege
θeɪ,θeɪfeɪ,θeɪfeɪ,θefe,θefe
θeɪ,θeɪseɪ,θeɪseɪ,θese,θese
θeɪ,θeɪveɪ,θeɪveɪ,θeve,θeve
θeɪ,θeɪzeɪ,θeɪzeɪ,θeze,θeze
θeɪ,θeɪʃeɪ,θeɪʃeɪ,θeʃe,θeʃe
θeɪ,θeɪʒeɪ,θeɪʒeɪ,θeʒe,θeʒe
θeɪ,θeɪθeɪ,θeɪθeɪ,θeθe,θeθe
θeɪ,θeɪðeɪ,θeɪðeɪ,θeðe,θeðe
θeɪ,θeɪheɪ,θeɪheɪ,θehe,θehe
ðeɪ,ðeɪmeɪ,ðeɪmeɪ,ðeme,ðeme
ðeɪ,ðeɪneɪ,ðeɪneɪ,ðene,ðene
ðeɪ,ðeɪpeɪ,ðeɪpeɪ,ðepe,ðepe
ðeɪ,ðeɪteɪ,ðeɪteɪ,ðete,ðete
ðeɪ,ðeɪkeɪ,ðeɪkeɪ,ðeke,ðeke
ðeɪ,ðeɪbeɪ,ðeɪbeɪ,ðebe,ðebe
ðeɪ,ðeɪdeɪ,ðeɪdeɪ,ðede,ðede
ðeɪ,ðeɪgeɪ,ðeɪgeɪ,ðege,ðege
ðeɪ,ðeɪfeɪ,ðeɪfeɪ,ðefe,ðefe
ðeɪ,ðeɪseɪ,ðeɪseɪ,ðese,ðese
ðeɪ,ðeɪveɪ,ðeɪveɪ,ðeve,ðeve
ðeɪ,ðeɪzeɪ,ðeɪzeɪ,ðeze,ðeze
ðeɪ,ðeɪʃeɪ,ðeɪʃeɪ,ðeʃe,ðeʃe
ðeɪ,ðeɪʒeɪ,ðeɪʒeɪ,ðeʒe,ðeʒe
ðeɪ,ðeɪθeɪ,ðeɪθeɪ,ðeθe,ðeθe
ðeɪ,ðeɪðeɪ,ðeɪðeɪ,ðeðe,ðeðe
ðeɪ,ðeɪheɪ,ðeɪheɪ,ðehe,ðehe
heɪ,heɪmeɪ,heɪmeɪ,heme,heme
heɪ,heɪneɪ,heɪneɪ,hene,hene
heɪ,heɪpeɪ,heɪpeɪ,hepe,hepe
heɪ,heɪteɪ,heɪteɪ,hete,hete
heɪ,heɪkeɪ,heɪkeɪ,heke,heke
heɪ,heɪbeɪ,heɪbeɪ,hebe,hebe
heɪ,heɪdeɪ,heɪdeɪ,hede,hede
heɪ,heɪgeɪ,heɪgeɪ,hege,hege
heɪ,heɪfeɪ,heɪfeɪ,hefe,hefe
heɪ,heɪseɪ,heɪseɪ,hese,hese
heɪ,heɪveɪ,heɪveɪ,heve,heve
heɪ,heɪzeɪ,heɪzeɪ,heze,heze
heɪ,heɪʃeɪ,heɪʃeɪ,heʃe,heʃe
heɪ,heɪʒeɪ,heɪʒeɪ,heʒe,heʒe
heɪ,heɪθeɪ,heɪθeɪ,heθe,heθe
heɪ,heɪðeɪ,heɪðeɪ,heðe,heðe
heɪ,heɪheɪ,heɪheɪ,hehe,hehe
meɪ,meɪmu,meɪmi,memu,memi
meɪ,meɪnu,meɪni,menu,meni
meɪ,meɪpu,meɪpi,mepu,mepi
meɪ,meɪtu,meɪti,metu,meti
meɪ,meɪku,meɪki,meku,meki
meɪ,meɪbu,meɪbi,mebu,mebi
meɪ,meɪdu,meɪdi,medu,medi
meɪ,meɪgu,meɪgi,megu,megi
meɪ,meɪfu,meɪfi,mefu,mefi
meɪ,meɪsu,meɪsi,mesu,mesi
meɪ,meɪvu,meɪvi,mevu,mevi
meɪ,meɪzu,meɪzi,mezu,mezi
meɪ,meɪʃu,meɪʃi,meʃu,meʃi
meɪ,meɪʒu,meɪʒi,meʒu,meʒi
meɪ,meɪθu,meɪθi,meθu,meθi
meɪ,meɪðu,meɪði,meðu,meði
meɪ,meɪhu,meɪhi,mehu,mehi
neɪ,neɪmu,neɪmi,nemu,nemi
neɪ,neɪnu,neɪni,nenu,neni
neɪ,neɪpu,neɪpi,nepu,nepi
neɪ,neɪtu,neɪti,netu,neti
neɪ,neɪku,neɪki,neku,neki
neɪ,neɪbu,neɪbi,nebu,nebi
neɪ,neɪdu,neɪdi,nedu,nedi
neɪ,neɪgu,neɪgi,negu,negi
neɪ,neɪfu,neɪfi,nefu,nefi
neɪ,neɪsu,neɪsi,nesu,nesi
neɪ,neɪvu,neɪvi,nevu,nevi
neɪ,neɪzu,neɪzi,nezu,nezi
neɪ,neɪʃu,neɪʃi,neʃu,neʃi
neɪ,neɪʒu,neɪʒi,neʒu,neʒi
neɪ,neɪθu,neɪθi,neθu,neθi
neɪ,neɪðu,neɪði,neðu,neði
neɪ,neɪhu,neɪhi,nehu,nehi
peɪ,peɪmu,peɪmi,pemu,pemi
peɪ,peɪnu,peɪni,penu,peni
peɪ,peɪpu,peɪpi,pepu,pepi
peɪ,peɪtu,peɪti,petu,peti
peɪ,peɪku,peɪki,peku,peki
peɪ,peɪbu,peɪbi,pebu,pebi
peɪ,peɪdu,peɪdi,pedu,pedi
peɪ,peɪgu,peɪgi,pegu,pegi
peɪ,peɪfu,peɪfi,pefu,pefi
peɪ,peɪsu,peɪsi,pesu,pesi
peɪ,peɪvu,peɪvi,pevu,pevi
peɪ,peɪzu,peɪzi,pezu,pezi
peɪ,peɪʃu,peɪʃi,peʃu,peʃi
peɪ,peɪʒu,peɪʒi,peʒu,peʒi
peɪ,peɪθu,peɪθi,peθu,peθi
peɪ,peɪðu,peɪði,peðu,peði
peɪ,peɪhu,peɪhi,pehu,pehi
teɪ,teɪmu,teɪmi,temu,temi
teɪ,teɪnu,teɪni,tenu,teni
teɪ,teɪpu,teɪpi,tepu,tepi
teɪ,teɪtu,teɪti,tetu,teti
teɪ,teɪku,teɪki,teku,teki
teɪ,teɪbu,teɪbi,tebu,tebi
teɪ,teɪdu,teɪdi,tedu,tedi
teɪ,teɪgu,teɪgi,tegu,tegi
teɪ,teɪfu,teɪfi,tefu,tefi
teɪ,teɪsu,teɪsi,tesu,tesi
teɪ,teɪvu,teɪvi,tevu,tevi
teɪ,teɪzu,teɪzi,tezu,tezi
teɪ,teɪʃu,teɪʃi,teʃu,teʃi
teɪ,teɪʒu,teɪʒi,teʒu,teʒi
teɪ,teɪθu,teɪθi,teθu,teθi
teɪ,teɪðu,teɪði,teðu,teði
teɪ,teɪhu,teɪhi,tehu,tehi
keɪ,keɪmu,keɪmi,kemu,kemi
keɪ,keɪnu,keɪni,kenu,keni
keɪ,keɪpu,keɪpi,kepu,kepi
keɪ,keɪtu,keɪti,ketu,keti
keɪ,keɪku,keɪki,keku,keki
keɪ,keɪbu,keɪbi,kebu,kebi
keɪ,keɪdu,keɪdi,kedu,kedi
keɪ,keɪgu,keɪgi,kegu,kegi
keɪ,keɪfu,keɪfi,kefu,kefi
keɪ,keɪsu,keɪsi,kesu,kesi
keɪ,keɪvu,keɪvi,kevu,kevi
keɪ,keɪzu,keɪzi,kezu,kezi
keɪ,keɪʃu,keɪʃi,keʃu,keʃi
keɪ,keɪʒu,keɪʒi,keʒu,keʒi
keɪ,keɪθu,keɪθi,keθu,keθi
keɪ,keɪðu,keɪði,keðu,keði
keɪ,keɪhu,keɪhi,kehu,kehi
beɪ,beɪmu,beɪmi,bemu,bemi
beɪ,beɪnu,beɪni,benu,beni
beɪ,beɪpu,beɪpi,bepu,bepi
beɪ,beɪtu,beɪti,betu,beti
beɪ,beɪku,beɪki,beku,beki
beɪ,beɪbu,beɪbi,bebu,bebi
beɪ,beɪdu,beɪdi,bedu,bedi
beɪ,beɪgu,beɪgi,begu,begi
beɪ,beɪfu,beɪfi,befu,befi
beɪ,beɪsu,beɪsi,besu,besi
beɪ,beɪvu,beɪvi,bevu,bevi
beɪ,beɪzu,beɪzi,bezu,bezi
beɪ,beɪʃu,beɪʃi,beʃu,beʃi
beɪ,beɪʒu,beɪʒi,beʒu,beʒi
beɪ,beɪθu,beɪθi,beθu,beθi
beɪ,beɪðu,beɪði,beðu,beði
beɪ,beɪhu,beɪhi,behu,behi
deɪ,deɪmu,deɪmi,demu,demi
deɪ,deɪnu,deɪni,denu,deni
deɪ,deɪpu,deɪpi,depu,depi
deɪ,deɪtu,deɪti,detu,deti
deɪ,deɪku,deɪki,deku,deki
deɪ,deɪbu,deɪbi,debu,debi
deɪ,deɪdu,deɪdi,dedu,dedi
deɪ,deɪgu,deɪgi,degu,degi
deɪ,deɪfu,deɪfi,defu,defi
deɪ,deɪsu,deɪsi,desu,desi
deɪ,deɪvu,deɪvi,devu,devi
deɪ,deɪzu,deɪzi,dezu,dezi
deɪ,deɪʃu,deɪʃi,deʃu,deʃi
deɪ,deɪʒu,deɪʒi,deʒu,deʒi
deɪ,deɪθu,deɪθi,deθu,deθi
deɪ,deɪðu,deɪði,deðu,deði
deɪ,deɪhu,deɪhi,dehu,dehi
geɪ,geɪmu,geɪmi,gemu,gemi
geɪ,geɪnu,geɪni,genu,geni
geɪ,geɪpu,geɪpi,gepu,gepi
geɪ,geɪtu,geɪti,getu,geti
geɪ,geɪku,geɪki,geku,geki
geɪ,geɪbu,geɪbi,gebu,gebi
geɪ,geɪdu,geɪdi,gedu,gedi
geɪ,geɪgu,geɪgi,gegu,gegi
geɪ,geɪfu,geɪfi,gefu,gefi
geɪ,geɪsu,geɪsi,gesu,gesi
geɪ,geɪvu,geɪvi,gevu,gevi
geɪ,geɪzu,geɪzi,gezu,gezi
geɪ,geɪʃu,geɪʃi,geʃu,geʃi
geɪ,geɪʒu,geɪʒi,geʒu,geʒi
geɪ,geɪθu,geɪθi,geθu,geθi
geɪ,geɪðu,geɪði,geðu,geði
geɪ,geɪhu,geɪhi,gehu,gehi
feɪ,feɪmu,feɪmi,femu,femi
feɪ,feɪnu,feɪni,fenu,feni
feɪ,feɪpu,feɪpi,fepu,fepi
feɪ,feɪtu,feɪti,fetu,feti
feɪ,feɪku,feɪki,feku,feki
feɪ,feɪbu,feɪbi,febu,febi
feɪ,feɪdu,feɪdi,fedu,fedi
feɪ,feɪgu,feɪgi,fegu,fegi
feɪ,feɪfu,feɪfi,fefu,fefi
feɪ,feɪsu,feɪsi,fesu,fesi
feɪ,feɪvu,feɪvi,fevu,fevi
feɪ,feɪzu,feɪzi,fezu,fezi
feɪ,feɪʃu,feɪʃi,feʃu,feʃi
feɪ,feɪʒu,feɪʒi,feʒu,feʒi
feɪ,feɪθu,feɪθi,feθu,feθi
feɪ,feɪðu,feɪði,feðu,feði
feɪ,feɪhu,feɪhi,fehu,fehi
seɪ,seɪmu,seɪmi,semu,semi
seɪ,seɪnu,seɪni,senu,seni
seɪ,seɪpu,seɪpi,sepu,sepi
seɪ,seɪtu,seɪti,setu,seti
seɪ,seɪku,seɪki,seku,seki
seɪ,seɪbu,seɪbi,sebu,sebi
seɪ,seɪdu,seɪdi,sedu,sedi
seɪ,seɪgu,seɪgi,segu,segi
seɪ,seɪfu,seɪfi,sefu,sefi
seɪ,seɪsu,seɪsi,sesu,sesi
seɪ,seɪvu,seɪvi,sevu,sevi
seɪ,seɪzu,seɪzi,sezu,sezi
seɪ,seɪʃu,seɪʃi,seʃu,seʃi
seɪ,seɪʒu,seɪʒi,seʒu,seʒi
seɪ,seɪθu,seɪθi,seθu,seθi
seɪ,seɪðu,seɪði,seðu,seði
seɪ,seɪhu,seɪhi,sehu,sehi
veɪ,veɪmu,veɪmi,vemu,vemi
veɪ,veɪnu,veɪni,venu,veni
veɪ,veɪpu,veɪpi,vepu,vepi
veɪ,veɪtu,veɪti,vetu,veti
veɪ,veɪku,veɪki,veku,veki
veɪ,veɪbu,veɪbi,vebu,vebi
veɪ,veɪdu,veɪdi,vedu,vedi
veɪ,veɪgu,veɪgi,vegu,vegi
veɪ,veɪfu,veɪfi,vefu,vefi
veɪ,veɪsu,veɪsi,vesu,vesi
veɪ,veɪvu,veɪvi,vevu,vevi
veɪ,veɪzu,veɪzi,vezu,vezi
veɪ,veɪʃu,veɪʃi,veʃu,veʃi
veɪ,veɪʒu,veɪʒi,veʒu,veʒi
veɪ,veɪθu,veɪθi,veθu,veθi
veɪ,veɪðu,veɪði,veðu,veði
veɪ,veɪhu,veɪhi,vehu,vehi
zeɪ,zeɪmu,zeɪmi,zemu,zemi
zeɪ,zeɪnu,zeɪni,zenu,zeni
zeɪ,zeɪpu,zeɪpi,zepu,zepi
zeɪ,zeɪtu,zeɪti,zetu,zeti
zeɪ,zeɪku,zeɪki,zeku,zeki
zeɪ,zeɪbu,zeɪbi,zebu,zebi
zeɪ,zeɪdu,zeɪdi,zedu,zedi
zeɪ,zeɪgu,zeɪgi,zegu,zegi
zeɪ,zeɪfu,zeɪfi,zefu,zefi
zeɪ,zeɪsu,zeɪsi,zesu,zesi
zeɪ,zeɪvu,zeɪvi,zevu,zevi
zeɪ,zeɪzu,zeɪzi,zezu,zezi
zeɪ,zeɪʃu,zeɪʃi,zeʃu,zeʃi
zeɪ,zeɪʒu,zeɪʒi,zeʒu,zeʒi
zeɪ,zeɪθu,zeɪθi,zeθu,zeθi
zeɪ,zeɪðu,zeɪði,zeðu,zeði
zeɪ,zeɪhu,zeɪhi,zehu,zehi
ʃeɪ,ʃeɪmu,ʃeɪmi,ʃemu,ʃemi
ʃeɪ,ʃeɪnu,ʃeɪni,ʃenu,ʃeni
ʃeɪ,ʃeɪpu,ʃeɪpi,ʃepu,ʃepi
ʃeɪ,ʃeɪtu,ʃeɪti,ʃetu,ʃeti
ʃeɪ,ʃeɪku,ʃeɪki,ʃeku,ʃeki
ʃeɪ,ʃeɪbu,ʃeɪbi,ʃebu,ʃebi
ʃeɪ,ʃeɪdu,ʃeɪdi,ʃedu,ʃedi
ʃeɪ,ʃeɪgu,ʃeɪgi,ʃegu,ʃegi
ʃeɪ,ʃeɪfu,ʃeɪfi,ʃefu,ʃefi
ʃeɪ,ʃeɪsu,ʃeɪsi,ʃesu,ʃesi
ʃeɪ,ʃeɪvu,ʃeɪvi,ʃevu,ʃevi
ʃeɪ,ʃeɪzu,ʃeɪzi,ʃezu,ʃezi
ʃeɪ,ʃeɪʃu,ʃeɪʃi,ʃeʃu,ʃeʃi
ʃeɪ,ʃeɪʒu,ʃeɪʒi,ʃeʒu,ʃeʒi
ʃeɪ,ʃeɪθu,ʃeɪθi,ʃeθu,ʃeθi
ʃeɪ,ʃeɪðu,ʃeɪði,ʃeðu,ʃeði
ʃeɪ,ʃeɪhu,ʃeɪhi,ʃehu,ʃehi
ʒeɪ,ʒeɪmu,ʒeɪmi,ʒemu,ʒemi
ʒeɪ,ʒeɪnu,ʒeɪni,ʒenu,ʒeni
ʒeɪ,ʒeɪpu,ʒeɪpi,ʒepu,ʒepi
ʒeɪ,ʒeɪtu,ʒeɪti,ʒetu,ʒeti
ʒeɪ,ʒeɪku,ʒeɪki,ʒeku,ʒeki
ʒeɪ,ʒeɪbu,ʒeɪbi,ʒebu,ʒebi
ʒeɪ,ʒeɪdu,ʒeɪdi,ʒedu,ʒedi
ʒeɪ,ʒeɪgu,ʒeɪgi,ʒegu,ʒegi
ʒeɪ,ʒeɪfu,ʒeɪfi,ʒefu,ʒefi
ʒeɪ,ʒeɪsu,ʒeɪsi,ʒesu,ʒesi
ʒeɪ,ʒeɪvu,ʒeɪvi,ʒevu,ʒevi
ʒeɪ,ʒeɪzu,ʒeɪzi,ʒezu,ʒezi
ʒeɪ,ʒeɪʃu,ʒeɪʃi,ʒeʃu,ʒeʃi
ʒeɪ,ʒeɪʒu,ʒeɪʒi,ʒeʒu,ʒeʒi
ʒeɪ,ʒeɪθu,ʒeɪθi,ʒeθu,ʒeθi
ʒeɪ,ʒeɪðu,ʒeɪði,ʒeðu,ʒeði
ʒeɪ,ʒeɪhu,ʒeɪhi,ʒehu,ʒehi
θeɪ,θeɪmu,θeɪmi,θemu,θemi
θeɪ,θeɪnu,θeɪni,θenu,θeni
θeɪ,θeɪpu,θeɪpi,θepu,θepi
θeɪ,θeɪtu,θeɪti,θetu,θeti
θeɪ,θeɪku,θeɪki,θeku,θeki
θeɪ,θeɪbu,θeɪbi,θebu,θebi
θeɪ,θeɪdu,θeɪdi,θedu,θedi
θeɪ,θeɪgu,θeɪgi,θegu,θegi
θeɪ,θeɪfu,θeɪfi,θefu,θefi
θeɪ,θeɪsu,θeɪsi,θesu,θesi
θeɪ,θeɪvu,θeɪvi,θevu,θevi
θeɪ,θeɪzu,θeɪzi,θezu,θezi
θeɪ,θeɪʃu,θeɪʃi,θeʃu,θeʃi
θeɪ,θeɪʒu,θeɪʒi,θeʒu,θeʒi
θeɪ,θeɪθu,θeɪθi,θeθu,θeθi
θeɪ,θeɪðu,θeɪði,θeðu,θeði
θeɪ,θeɪhu,θeɪhi,θehu,θehi
ðeɪ,ðeɪmu,ðeɪmi,ðemu,ðemi
ðeɪ,ðeɪnu,ðeɪni,ðenu,ðeni
ðeɪ,ðeɪpu,ðeɪpi,ðepu,ðepi
ðeɪ,ðeɪtu,ðeɪti,ðetu,ðeti
ðeɪ,ðeɪku,ðeɪki,ðeku,ðeki
ðeɪ,ðeɪbu,ðeɪbi,ðebu,ðebi
ðeɪ,ðeɪdu,ðeɪdi,ðedu,ðedi
ðeɪ,ðeɪgu,ðeɪgi,ðegu,ðegi
ðeɪ,ðeɪfu,ðeɪfi,ðefu,ðefi
ðeɪ,ðeɪsu,ðeɪsi,ðesu,ðesi
ðeɪ,ðeɪvu,ðeɪvi,ðevu,ðevi
ðeɪ,ðeɪzu,ðeɪzi,ðezu,ðezi
ðeɪ,ðeɪʃu,ðeɪʃi,ðeʃu,ðeʃi
ðeɪ,ðeɪʒu,ðeɪʒi,ðeʒu,ðeʒi
ðeɪ,ðeɪθu,ðeɪθi,ðeθu,ðeθi
ðeɪ,ðeɪðu,ðeɪði,ðeðu,ðeði
ðeɪ,ðeɪhu,ðeɪhi,ðehu,ðehi
heɪ,heɪmu,heɪmi,hemu,hemi
heɪ,heɪnu,heɪni,henu,heni
heɪ,heɪpu,heɪpi,hepu,hepi
heɪ,heɪtu,heɪti,hetu,heti
heɪ,heɪku,heɪki,heku,heki
heɪ,heɪbu,heɪbi,hebu,hebi
heɪ,heɪdu,heɪdi,hedu,hedi
heɪ,heɪgu,heɪgi,hegu,hegi
heɪ,heɪfu,heɪfi,hefu,hefi
heɪ,heɪsu,heɪsi,hesu,hesi
heɪ,heɪvu,heɪvi,hevu,hevi
heɪ,heɪzu,heɪzi,hezu,hezi
heɪ,heɪʃu,heɪʃi,heʃu,heʃi
heɪ,heɪʒu,heɪʒi,heʒu,heʒi
heɪ,heɪθu,heɪθi,heθu,heθi
heɪ,heɪðu,heɪði,heðu,heði
heɪ,heɪhu,heɪhi,hehu,hehi
meɪ,meɪmoʊ,meɪmeɪ,memo,meme
meɪ,meɪnoʊ,meɪneɪ,meno,mene
meɪ,meɪpoʊ,meɪpeɪ,mepo,mepe
meɪ,meɪtoʊ,meɪteɪ,meto,mete
meɪ,meɪkoʊ,meɪkeɪ,meko,meke
meɪ,meɪboʊ,meɪbeɪ,mebo,mebe
meɪ,meɪdoʊ,meɪdeɪ,medo,mede
meɪ,meɪgoʊ,meɪgeɪ,mego,mege
meɪ,meɪfoʊ,meɪfeɪ,mefo,mefe
meɪ,meɪsoʊ,meɪseɪ,meso,mese
meɪ,meɪvoʊ,meɪveɪ,mevo,meve
meɪ,meɪzoʊ,meɪzeɪ,mezo,meze
meɪ,meɪʃoʊ,meɪʃeɪ,meʃo,meʃe
meɪ,meɪʒoʊ,meɪʒeɪ,meʒo,meʒe
meɪ,meɪθoʊ,meɪθeɪ,meθo,meθe
meɪ,meɪðoʊ,meɪðeɪ,meðo,meðe
meɪ,meɪhoʊ,meɪheɪ,meho,mehe
neɪ,neɪmoʊ,neɪmeɪ,nemo,neme
neɪ,neɪnoʊ,neɪneɪ,neno,nene
neɪ,neɪpoʊ,neɪpeɪ,nepo,nepe
neɪ,neɪtoʊ,neɪteɪ,neto,nete
neɪ,neɪkoʊ,neɪkeɪ,neko,neke
neɪ,neɪboʊ,neɪbeɪ,nebo,nebe
neɪ,neɪdoʊ,neɪdeɪ,nedo,nede
neɪ,neɪgoʊ,neɪgeɪ,nego,nege
neɪ,neɪfoʊ,neɪfeɪ,nefo,nefe
neɪ,neɪsoʊ,neɪseɪ,neso,nese
neɪ,neɪvoʊ,neɪveɪ,nevo,neve
neɪ,neɪzoʊ,neɪzeɪ,nezo,neze
neɪ,neɪʃoʊ,neɪʃeɪ,neʃo,neʃe
neɪ,neɪʒoʊ,neɪʒeɪ,neʒo,neʒe
neɪ,neɪθoʊ,neɪθeɪ,neθo,neθe
neɪ,neɪðoʊ,neɪðeɪ,neðo,neðe
neɪ,neɪhoʊ,neɪheɪ,neho,nehe
peɪ,peɪmoʊ,peɪmeɪ,pemo,peme
peɪ,peɪnoʊ,peɪneɪ,peno,pene
peɪ,peɪpoʊ,peɪpeɪ,pepo,pepe
peɪ,peɪtoʊ,peɪteɪ,peto,pete
peɪ,peɪkoʊ,peɪkeɪ,peko,peke
peɪ,peɪboʊ,peɪbeɪ,pebo,pebe
peɪ,peɪdoʊ,peɪdeɪ,pedo,pede
peɪ,peɪgoʊ,peɪgeɪ,pego,pege
peɪ,peɪfoʊ,peɪfeɪ,pefo,pefe
peɪ,peɪsoʊ,peɪseɪ,peso,pese
peɪ,peɪvoʊ,peɪveɪ,pevo,peve
peɪ,peɪzoʊ,peɪzeɪ,pezo,peze
peɪ,peɪʃoʊ,peɪʃeɪ,peʃo,peʃe
peɪ,peɪʒoʊ,peɪʒeɪ,peʒo,peʒe
peɪ,peɪθoʊ,peɪθeɪ,peθo,peθe
peɪ,peɪðoʊ,peɪðeɪ,peðo,peðe
peɪ,peɪhoʊ,peɪheɪ,peho,pehe
teɪ,teɪmoʊ,teɪmeɪ,temo,teme
teɪ,teɪnoʊ,teɪneɪ,teno,tene
teɪ,teɪpoʊ,teɪpeɪ,tepo,tepe
teɪ,teɪtoʊ,teɪteɪ,teto,tete
teɪ,teɪkoʊ,teɪkeɪ,teko,teke
teɪ,teɪboʊ,teɪbeɪ,tebo,tebe
teɪ,teɪdoʊ,teɪdeɪ,tedo,tede
teɪ,teɪgoʊ,teɪgeɪ,tego,tege
teɪ,teɪfoʊ,teɪfeɪ,tefo,tefe
teɪ,teɪsoʊ,teɪseɪ,teso,tese
teɪ,teɪvoʊ,teɪveɪ,tevo,teve
teɪ,teɪzoʊ,teɪzeɪ,tezo,teze
teɪ,teɪʃoʊ,teɪʃeɪ,teʃo,teʃe
teɪ,teɪʒoʊ,teɪʒeɪ,teʒo,teʒe
teɪ,teɪθoʊ,teɪθeɪ,teθo,teθe
teɪ,teɪðoʊ,teɪðeɪ,teðo,teðe
teɪ,teɪhoʊ,teɪheɪ,teho,tehe
keɪ,keɪmoʊ,keɪmeɪ,kemo,keme
keɪ,keɪnoʊ,keɪneɪ,keno,kene
keɪ,keɪpoʊ,keɪpeɪ,kepo,kepe
keɪ,keɪtoʊ,keɪteɪ,keto,kete
keɪ,keɪkoʊ,keɪkeɪ,keko,keke
keɪ,keɪboʊ,keɪbeɪ,kebo,kebe
keɪ,keɪdoʊ,keɪdeɪ,kedo,kede
keɪ,keɪgoʊ,keɪgeɪ,kego,kege
keɪ,keɪfoʊ,keɪfeɪ,kefo,kefe
keɪ,keɪsoʊ,keɪseɪ,keso,kese
keɪ,keɪvoʊ,keɪveɪ,kevo,keve
keɪ,keɪzoʊ,keɪzeɪ,kezo,keze
keɪ,keɪʃoʊ,keɪʃeɪ,keʃo,keʃe
keɪ,keɪʒoʊ,keɪʒeɪ,keʒo,keʒe
keɪ,keɪθoʊ,keɪθeɪ,keθo,keθe
keɪ,keɪðoʊ,keɪðeɪ,keðo,keðe
keɪ,keɪhoʊ,keɪheɪ,keho,kehe
beɪ,beɪmoʊ,beɪmeɪ,bemo,beme
beɪ,beɪnoʊ,beɪneɪ,beno,bene
beɪ,beɪpoʊ,beɪpeɪ,bepo,bepe
beɪ,beɪtoʊ,beɪteɪ,beto,bete
beɪ,beɪkoʊ,beɪkeɪ,beko,beke
beɪ,beɪboʊ,beɪbeɪ,bebo,bebe
beɪ,beɪdoʊ,beɪdeɪ,bedo,bede
beɪ,beɪgoʊ,beɪgeɪ,bego,bege
beɪ,beɪfoʊ,beɪfeɪ,befo,befe
beɪ,beɪsoʊ,beɪseɪ,beso,bese
beɪ,beɪvoʊ,beɪveɪ,bevo,beve
beɪ,beɪzoʊ,beɪzeɪ,bezo,beze
beɪ,beɪʃoʊ,beɪʃeɪ,beʃo,beʃe
beɪ,beɪʒoʊ,beɪʒeɪ,beʒo,beʒe
beɪ,beɪθoʊ,beɪθeɪ,beθo,beθe
beɪ,beɪðoʊ,beɪðeɪ,beðo,beðe
beɪ,beɪhoʊ,beɪheɪ,beho,behe
deɪ,deɪmoʊ,deɪmeɪ,demo,deme
deɪ,deɪnoʊ,deɪneɪ,deno,dene
deɪ,deɪpoʊ,deɪpeɪ,depo,depe
deɪ,deɪtoʊ,deɪteɪ,deto,dete
deɪ,deɪkoʊ,deɪkeɪ,deko,deke
deɪ,deɪboʊ,deɪbeɪ,debo,debe
deɪ,deɪdoʊ,deɪdeɪ,dedo,dede
deɪ,deɪgoʊ,deɪgeɪ,dego,dege
deɪ,deɪfoʊ,deɪfeɪ,defo,defe
deɪ,deɪsoʊ,deɪseɪ,deso,dese
deɪ,deɪvoʊ,deɪveɪ,devo,deve
deɪ,deɪzoʊ,deɪzeɪ,dezo,deze
deɪ,deɪʃoʊ,deɪʃeɪ,deʃo,deʃe
deɪ,deɪʒoʊ,deɪʒeɪ,deʒo,deʒe
deɪ,deɪθoʊ,deɪθeɪ,deθo,deθe
deɪ,deɪðoʊ,deɪðeɪ,deðo,deðe
deɪ,deɪhoʊ,deɪheɪ,deho,dehe
geɪ,geɪmoʊ,geɪmeɪ,gemo,geme
geɪ,geɪnoʊ,geɪneɪ,geno,gene
geɪ,geɪpoʊ,geɪpeɪ,gepo,gepe
geɪ,geɪtoʊ,geɪteɪ,geto,gete
geɪ,geɪkoʊ,geɪkeɪ,geko,geke
geɪ,geɪboʊ,geɪbeɪ,gebo,gebe
geɪ,geɪdoʊ,geɪdeɪ,gedo,gede
geɪ,geɪgoʊ,geɪgeɪ,gego,gege
geɪ,geɪfoʊ,geɪfeɪ,gefo,gefe
geɪ,geɪsoʊ,geɪseɪ,geso,gese
geɪ,geɪvoʊ,geɪveɪ,gevo,geve
geɪ,geɪzoʊ,geɪzeɪ,gezo,geze
geɪ,geɪʃoʊ,geɪʃeɪ,geʃo,geʃe
geɪ,geɪʒoʊ,geɪʒeɪ,geʒo,geʒe
geɪ,geɪθoʊ,geɪθeɪ,geθo,geθe
geɪ,geɪðoʊ,geɪðeɪ,geðo,geðe
geɪ,geɪhoʊ,geɪheɪ,geho,gehe
feɪ,feɪmoʊ,feɪmeɪ,femo,feme
feɪ,feɪnoʊ,feɪneɪ,feno,fene
feɪ,feɪpoʊ,feɪpeɪ,fepo,fepe
feɪ,feɪtoʊ,feɪteɪ,feto,fete
feɪ,feɪkoʊ,feɪkeɪ,feko,feke
feɪ,feɪboʊ,feɪbeɪ,febo,febe
feɪ,feɪdoʊ,feɪdeɪ,fedo,fede
feɪ,feɪgoʊ,feɪgeɪ,fego,fege
feɪ,feɪfoʊ,feɪfeɪ,fefo,fefe
feɪ,feɪsoʊ,feɪseɪ,feso,fese
feɪ,feɪvoʊ,feɪveɪ,fevo,feve
feɪ,feɪzoʊ,feɪzeɪ,fezo,feze
feɪ,feɪʃoʊ,feɪʃeɪ,feʃo,feʃe
feɪ,feɪʒoʊ,feɪʒeɪ,feʒo,feʒe
feɪ,feɪθoʊ,feɪθeɪ,feθo,feθe
feɪ,feɪðoʊ,feɪðeɪ,feðo,feðe
feɪ,feɪhoʊ,feɪheɪ,feho,fehe
seɪ,seɪmoʊ,seɪmeɪ,semo,seme
seɪ,seɪnoʊ,seɪneɪ,seno,sene
seɪ,seɪpoʊ,seɪpeɪ,sepo,sepe
seɪ,seɪtoʊ,seɪteɪ,seto,sete
seɪ,seɪkoʊ,seɪkeɪ,seko,seke
seɪ,seɪboʊ,seɪbeɪ,sebo,sebe
seɪ,seɪdoʊ,seɪdeɪ,sedo,sede
seɪ,seɪgoʊ,seɪgeɪ,sego,sege
seɪ,seɪfoʊ,seɪfeɪ,sefo,sefe
seɪ,seɪsoʊ,seɪseɪ,seso,sese
seɪ,seɪvoʊ,seɪveɪ,sevo,seve
seɪ,seɪzoʊ,seɪzeɪ,sezo,seze
seɪ,seɪʃoʊ,seɪʃeɪ,seʃo,seʃe
seɪ,seɪʒoʊ,seɪʒeɪ,seʒo,seʒe
seɪ,seɪθoʊ,seɪθeɪ,seθo,seθe
seɪ,seɪðoʊ,seɪðeɪ,seðo,seðe
seɪ,seɪhoʊ,seɪheɪ,seho,sehe
veɪ,veɪmoʊ,veɪmeɪ,vemo,veme
veɪ,veɪnoʊ,veɪneɪ,veno,vene
veɪ,veɪpoʊ,veɪpeɪ,vepo,vepe
veɪ,veɪtoʊ,veɪteɪ,veto,vete
veɪ,veɪkoʊ,veɪkeɪ,veko,veke
veɪ,veɪboʊ,veɪbeɪ,vebo,vebe
veɪ,veɪdoʊ,veɪdeɪ,vedo,vede
veɪ,veɪgoʊ,veɪgeɪ,vego,vege
veɪ,veɪfoʊ,veɪfeɪ,vefo,vefe
veɪ,veɪsoʊ,veɪseɪ,veso,vese
veɪ,veɪvoʊ,veɪveɪ,vevo,veve
veɪ,veɪzoʊ,veɪzeɪ,vezo,veze
veɪ,veɪʃoʊ,veɪʃeɪ,veʃo,veʃe
veɪ,veɪʒoʊ,veɪʒeɪ,veʒo,veʒe
veɪ,veɪθoʊ,veɪθeɪ,veθo,veθe
veɪ,veɪðoʊ,veɪðeɪ,veðo,veðe
veɪ,veɪhoʊ,veɪheɪ,veho,vehe
zeɪ,zeɪmoʊ,zeɪmeɪ,zemo,zeme
zeɪ,zeɪnoʊ,zeɪneɪ,zeno,zene
zeɪ,zeɪpoʊ,zeɪpeɪ,zepo,zepe
zeɪ,zeɪtoʊ,zeɪteɪ,zeto,zete
zeɪ,zeɪkoʊ,zeɪkeɪ,zeko,zeke
zeɪ,zeɪboʊ,zeɪbeɪ,zebo,zebe
zeɪ,zeɪdoʊ,zeɪdeɪ,zedo,zede
zeɪ,zeɪgoʊ,zeɪgeɪ,zego,zege
zeɪ,zeɪfoʊ,zeɪfeɪ,zefo,zefe
zeɪ,zeɪsoʊ,zeɪseɪ,zeso,zese
zeɪ,zeɪvoʊ,zeɪveɪ,zevo,zeve
zeɪ,zeɪzoʊ,zeɪzeɪ,zezo,zeze
zeɪ,zeɪʃoʊ,zeɪʃeɪ,zeʃo,zeʃe
zeɪ,zeɪʒoʊ,zeɪʒeɪ,zeʒo,zeʒe
zeɪ,zeɪθoʊ,zeɪθeɪ,zeθo,zeθe
zeɪ,zeɪðoʊ,zeɪðeɪ,zeðo,zeðe
zeɪ,zeɪhoʊ,zeɪheɪ,zeho,zehe
ʃeɪ,ʃeɪmoʊ,ʃeɪmeɪ,ʃemo,ʃeme
ʃeɪ,ʃeɪnoʊ,ʃeɪneɪ,ʃeno,ʃene
ʃeɪ,ʃeɪpoʊ,ʃeɪpeɪ,ʃepo,ʃepe
ʃeɪ,ʃeɪtoʊ,ʃeɪteɪ,ʃeto,ʃete
ʃeɪ,ʃeɪkoʊ,ʃeɪkeɪ,ʃeko,ʃeke
ʃeɪ,ʃeɪboʊ,ʃeɪbeɪ,ʃebo,ʃebe
ʃeɪ,ʃeɪdoʊ,ʃeɪdeɪ,ʃedo,ʃede
ʃeɪ,ʃeɪgoʊ,ʃeɪgeɪ,ʃego,ʃege
ʃeɪ,ʃeɪfoʊ,ʃeɪfeɪ,ʃefo,ʃefe
ʃeɪ,ʃeɪsoʊ,ʃeɪseɪ,ʃeso,ʃese
ʃeɪ,ʃeɪvoʊ,ʃeɪveɪ,ʃevo,ʃeve
ʃeɪ,ʃeɪzoʊ,ʃeɪzeɪ,ʃezo,ʃeze
ʃeɪ,ʃeɪʃoʊ,ʃeɪʃeɪ,ʃeʃo,ʃeʃe
ʃeɪ,ʃeɪʒoʊ,ʃeɪʒeɪ,ʃeʒo,ʃeʒe
ʃeɪ,ʃeɪθoʊ,ʃeɪθeɪ,ʃeθo,ʃeθe
ʃeɪ,ʃeɪðoʊ,ʃeɪðeɪ,ʃeðo,ʃeðe
ʃeɪ,ʃeɪhoʊ,ʃeɪheɪ,ʃeho,ʃehe
ʒeɪ,ʒeɪmoʊ,ʒeɪmeɪ,ʒemo,ʒeme
ʒeɪ,ʒeɪnoʊ,ʒeɪneɪ,ʒeno,ʒene
ʒeɪ,ʒeɪpoʊ,ʒeɪpeɪ,ʒepo,ʒepe
ʒeɪ,ʒeɪtoʊ,ʒeɪteɪ,ʒeto,ʒete
ʒeɪ,ʒeɪkoʊ,ʒeɪkeɪ,ʒeko,ʒeke
ʒeɪ,ʒeɪboʊ,ʒeɪbeɪ,ʒebo,ʒebe
ʒeɪ,ʒeɪdoʊ,ʒeɪdeɪ,ʒedo,ʒede
ʒeɪ,ʒeɪgoʊ,ʒeɪgeɪ,ʒego,ʒege
ʒeɪ,ʒeɪfoʊ,ʒeɪfeɪ,ʒefo,ʒefe
ʒeɪ,ʒeɪsoʊ,ʒeɪseɪ,ʒeso,ʒese
ʒeɪ,ʒeɪvoʊ,ʒeɪveɪ,ʒevo,ʒeve
ʒeɪ,ʒeɪzoʊ,ʒeɪzeɪ,ʒezo,ʒeze
ʒeɪ,ʒeɪʃoʊ,ʒeɪʃeɪ,ʒeʃo,ʒeʃe
ʒeɪ,ʒeɪʒoʊ,ʒeɪʒeɪ,ʒeʒo,ʒeʒe
ʒeɪ,ʒeɪθoʊ,ʒeɪθeɪ,ʒeθo,ʒeθe
ʒeɪ,ʒeɪðoʊ,ʒeɪðeɪ,ʒeðo,ʒeðe
ʒeɪ,ʒeɪhoʊ,ʒeɪheɪ,ʒeho,ʒehe
θeɪ,θeɪmoʊ,θeɪmeɪ,θemo,θeme
θeɪ,θeɪnoʊ,θeɪneɪ,θeno,θene
θeɪ,θeɪpoʊ,θeɪpeɪ,θepo,θepe
θeɪ,θeɪtoʊ,θeɪteɪ,θeto,θete
θeɪ,θeɪkoʊ,θeɪkeɪ,θeko,θeke
θeɪ,θeɪboʊ,θeɪbeɪ,θebo,θebe
θeɪ,θeɪdoʊ,θeɪdeɪ,θedo,θede
θeɪ,θeɪgoʊ,θeɪgeɪ,θego,θege
θeɪ,θeɪfoʊ,θeɪfeɪ,θefo,θefe
θeɪ,θeɪsoʊ,θeɪseɪ,θeso,θese
θeɪ,θeɪvoʊ,θeɪveɪ,θevo,θeve
θeɪ,θeɪzoʊ,θeɪzeɪ,θezo,θeze
θeɪ,θeɪʃoʊ,θeɪʃeɪ,θeʃo,θeʃe
θeɪ,θeɪʒoʊ,θeɪʒeɪ,θeʒo,θeʒe
θeɪ,θeɪθoʊ,θeɪθeɪ,θeθo,θeθe
θeɪ,θeɪðoʊ,θeɪðeɪ,θeðo,θeðe
θeɪ,θeɪhoʊ,θeɪheɪ,θeho,θehe
ðeɪ,ðeɪmoʊ,ðeɪmeɪ,ðemo,ðeme
ðeɪ,ðeɪnoʊ,ðeɪneɪ,ðeno,ðene
ðeɪ,ðeɪpoʊ,ðeɪpeɪ,ðepo,ðepe
ðeɪ,ðeɪtoʊ,ðeɪteɪ,ðeto,ðete
ðeɪ,ðeɪkoʊ,ðeɪkeɪ,ðeko,ðeke
ðeɪ,ðeɪboʊ,ðeɪbeɪ,ðebo,ðebe
ðeɪ,ðeɪdoʊ,ðeɪdeɪ,ðedo,ðede
ðeɪ,ðeɪgoʊ,ðeɪgeɪ,ðego,ðege
ðeɪ,ðeɪfoʊ,ðeɪfeɪ,ðefo,ðefe
ðeɪ,ðeɪsoʊ,ðeɪseɪ,ðeso,ðese
ðeɪ,ðeɪvoʊ,ðeɪveɪ,ðevo,ðeve
ðeɪ,ðeɪzoʊ,ðeɪzeɪ,ðezo,ðeze
ðeɪ,ðeɪʃoʊ,ðeɪʃeɪ,ðeʃo,ðeʃe
ðeɪ,ðeɪʒoʊ,ðeɪʒeɪ,ðeʒo,ðeʒe
ðeɪ,ðeɪθoʊ,ðeɪθeɪ,ðeθo,ðeθe
ðeɪ,ðeɪðoʊ,ðeɪðeɪ,ðeðo,ðeðe
ðeɪ,ðeɪhoʊ,ðeɪheɪ,ðeho,ðehe
heɪ,heɪmoʊ,heɪmeɪ,hemo,heme
heɪ,heɪnoʊ,heɪneɪ,heno,hene
heɪ,heɪpoʊ,heɪpeɪ,hepo,hepe
heɪ,heɪtoʊ,heɪteɪ,heto,hete
heɪ,heɪkoʊ,heɪkeɪ,heko,heke
heɪ,heɪboʊ,heɪbeɪ,hebo,hebe
heɪ,heɪdoʊ,heɪdeɪ,hedo,hede
heɪ,heɪgoʊ,heɪgeɪ,hego,hege
heɪ,heɪfoʊ,heɪfeɪ,hefo,hefe
heɪ,heɪsoʊ,heɪseɪ,heso,hese
heɪ,heɪvoʊ,heɪveɪ,hevo,heve
heɪ,heɪzoʊ,heɪzeɪ,hezo,heze
heɪ,heɪʃoʊ,heɪʃeɪ,heʃo,heʃe
heɪ,heɪʒoʊ,heɪʒeɪ,heʒo,heʒe
heɪ,heɪθoʊ,heɪθeɪ,heθo,heθe
heɪ,heɪðoʊ,heɪðeɪ,heðo,heðe
heɪ,heɪhoʊ,heɪheɪ,heho,hehe
mu,mumi,mumu,mumi,mumu
mu,muni,munu,muni,munu
mu,mupi,mupu,mupi,mupu
mu,muti,mutu,muti,mutu
mu,muki,muku,muki,muku
mu,mubi,mubu,mubi,mubu
mu,mudi,mudu,mudi,mudu
mu,mugi,mugu,mugi,mugu
mu,mufi,mufu,mufi,mufu
mu,musi,musu,musi,musu
mu,muvi,muvu,muvi,muvu
mu,muzi,muzu,muzi,muzu
mu,muʃi,muʃu,muʃi,muʃu
mu,muʒi,muʒu,muʒi,muʒu
mu,muθi,muθu,muθi,muθu
mu,muði,muðu,muði,muðu
mu,muhi,muhu,muhi,muhu
nu,numi,numu,numi,numu
nu,nuni,nunu,nuni,nunu
nu,nupi,nupu,nupi,nupu
nu,nuti,nutu,nuti,nutu
nu,nuki,nuku,nuki,nuku
nu,nubi,nubu,nubi,nubu
nu,nudi,nudu,nudi,nudu
nu,nugi,nugu,nugi,nugu
nu,nufi,nufu,nufi,nufu
nu,nusi,nusu,nusi,nusu
nu,nuvi,nuvu,nuvi,nuvu
nu,nuzi,nuzu,nuzi,nuzu
nu,nuʃi,nuʃu,nuʃi,nuʃu
nu,nuʒi,nuʒu,nuʒi,nuʒu
nu,nuθi,nuθu,nuθi,nuθu
nu,nuði,nuðu,nuði,nuðu
nu,nuhi,nuhu,nuhi,nuhu
pu,pumi,pumu,pumi,pumu
pu,puni,punu,puni,punu
pu,pupi,pupu,pupi,pupu
pu,puti,putu,puti,putu
pu,puki,puku,puki,puku
pu,pubi,pubu,pubi,pubu
pu,pudi,pudu,pudi,pudu
pu,pugi,pugu,pugi,pugu
pu,pufi,pufu,pufi,pufu
pu,pusi,pusu,pusi,pusu
pu,puvi,puvu,puvi,puvu
pu,puzi,puzu,puzi,puzu
pu,puʃi,puʃu,puʃi,puʃu
pu,puʒi,puʒu,puʒi,puʒu
pu,puθi,puθu,puθi,puθu
pu,puði,puðu,puði,puðu
pu,puhi,puhu,puhi,puhu
tu,tumi,tumu,tumi,tumu
tu,tuni,tunu,tuni,tunu
tu,tupi,tupu,tupi,tupu
tu,tuti,tutu,tuti,tutu
tu,tuki,tuku,tuki,tuku
tu,tubi,tubu,tubi,tubu
tu,tudi,tudu,tudi,tudu
tu,tugi,tugu,tugi,tugu
tu,tufi,tufu,tufi,tufu
tu,tusi,tusu,tusi,tusu
tu,tuvi,tuvu,tuvi,tuvu
tu,tuzi,tuzu,tuzi,tuzu
tu,tuʃi,tuʃu,tuʃi,tuʃu
tu,tuʒi,tuʒu,tuʒi,tuʒu
tu,tuθi,tuθu,tuθi,tuθu
tu,tuði,tuðu,tuði,tuðu
tu,tuhi,tuhu,tuhi,tuhu
ku,kumi,kumu,kumi,kumu
ku,kuni,kunu,kuni,kunu
ku,kupi,kupu,kupi,kupu
ku,kuti,kutu,kuti,kutu
ku,kuki,kuku,kuki,kuku
ku,kubi,kubu,kubi,kubu
ku,kudi,kudu,kudi,kudu
ku,kugi,kugu,kugi,kugu
ku,kufi,kufu,kufi,kufu
ku,kusi,kusu,kusi,kusu
ku,kuvi,kuvu,kuvi,kuvu
ku,kuzi,kuzu,kuzi,kuzu
ku,kuʃi,kuʃu,kuʃi,kuʃu
ku,kuʒi,kuʒu,kuʒi,kuʒu
ku,kuθi,kuθu,kuθi,kuθu
ku,kuði,kuðu,kuði,kuðu
ku,kuhi,kuhu,kuhi,kuhu
bu,bumi,bumu,bumi,bumu
bu,buni,bunu,buni,bunu
bu,bupi,bupu,bupi,bupu
bu,buti,butu,buti,butu
bu,buki,buku,buki,buku
bu,bubi,bubu,bubi,bubu
bu,budi,budu,budi,budu
bu,bugi,bugu,bugi,bugu
bu,bufi,bufu,bufi,bufu
bu,busi,busu,busi,busu
bu,buvi,buvu,buvi,buvu
bu,buzi,buzu,buzi,buzu
bu,buʃi,buʃu,buʃi,buʃu
bu,buʒi,buʒu,buʒi,buʒu
bu,buθi,buθu,buθi,buθu
bu,buði,buðu,buði,buðu
bu,buhi,buhu,buhi,buhu
du,dumi,dumu,dumi,dumu
du,duni,dunu,duni,dunu
du,dupi,dupu,dupi,dupu
du,duti,dutu,duti,dutu
du,duki,duku,duki,duku
du,dubi,dubu,dubi,dubu
du,dudi,dudu,dudi,dudu
du,dugi,dugu,dugi,dugu
du,dufi,dufu,dufi,dufu
du,dusi,dusu,dusi,dusu
du,duvi,duvu,duvi,duvu
du,duzi,duzu,duzi,duzu
du,duʃi,duʃu,duʃi,duʃu
du,duʒi,duʒu,duʒi,duʒu
du,duθi,duθu,duθi,duθu
du,duði,duðu,duði,duðu
du,duhi,duhu,duhi,duhu
gu,gumi,gumu,gumi,gumu
gu,guni,gunu,guni,gunu
gu,gupi,gupu,gupi,gupu
gu,guti,gutu,guti,gutu
gu,guki,guku,guki,guku
gu,gubi,gubu,gubi,gubu
gu,gudi,gudu,gudi,gudu
gu,gugi,gugu,gugi,gugu
gu,gufi,gufu,gufi,gufu
gu,gusi,gusu,gusi,gusu
gu,guvi,guvu,guvi,guvu
gu,guzi,guzu,guzi,guzu
gu,guʃi,guʃu,guʃi,guʃu
gu,guʒi,guʒu,guʒi,guʒu
gu,guθi,guθu,guθi,guθu
gu,guði,guðu,guði,guðu
gu,guhi,guhu,guhi,guhu
fu,fumi,fumu,fumi,fumu
fu,funi,funu,funi,funu
fu,fupi,fupu,fupi,fupu
fu,futi,futu,futi,futu
fu,fuki,fuku,fuki,fuku
fu,fubi,fubu,fubi,fubu
fu,fudi,fudu,fudi,fudu
fu,fugi,fugu,fugi,fugu
fu,fufi,fufu,fufi,fufu
fu,fusi,fusu,fusi,fusu
fu,fuvi,fuvu,fuvi,fuvu
fu,fuzi,fuzu,fuzi,fuzu
fu,fuʃi,fuʃu,fuʃi,fuʃu
fu,fuʒi,fuʒu,fuʒi,fuʒu
fu,fuθi,fuθu,fuθi,fuθu
fu,fuði,fuðu,fuði,fuðu
fu,fuhi,fuhu,fuhi,fuhu
su,sumi,sumu,sumi,sumu
su,suni,sunu,suni,sunu
su,supi,supu,supi,supu
su,suti,sutu,suti,sutu
su,suki,suku,suki,suku
su,subi,subu,subi,subu
su,sudi,sudu,sudi,sudu
su,sugi,sugu,sugi,sugu
su,sufi,sufu,sufi,sufu
su,susi,susu,susi,susu
su,suvi,suvu,suvi,suvu
su,suzi,suzu,suzi,suzu
su,suʃi,suʃu,suʃi,suʃu
su,suʒi,suʒu,suʒi,suʒu
su,suθi,suθu,suθi,suθu
su,suði,suðu,suði,suðu
su,suhi,suhu,suhi,suhu
vu,vumi,vumu,vumi,vumu
vu,vuni,vunu,vuni,vunu
vu,vupi,vupu,vupi,vupu
vu,vuti,vutu,vuti,vutu
vu,vuki,vuku,vuki,vuku
vu,vubi,vubu,vubi,vubu
vu,vudi,vudu,vudi,vudu
vu,vugi,vugu,vugi,vugu
vu,vufi,vufu,vufi,vufu
vu,vusi,vusu,vusi,vusu
vu,vuvi,vuvu,vuvi,vuvu
vu,vuzi,vuzu,vuzi,vuzu
vu,vuʃi,vuʃu,vuʃi,vuʃu
vu,vuʒi,vuʒu,vuʒi,vuʒu
vu,vuθi,vuθu,vuθi,vuθu
vu,vuði,vuðu,vuði,vuðu
vu,vuhi,vuhu,vuhi,vuhu
zu,zumi,zumu,zumi,zumu
zu,zuni,zunu,zuni,zunu
zu,zupi,zupu,zupi,zupu
zu,zuti,zutu,zuti,zutu
zu,zuki,zuku,zuki,zuku
zu,zubi,zubu,zubi,zubu
zu,zudi,zudu,zudi,zudu
zu,zugi,zugu,zugi,zugu
zu,zufi,zufu,zufi,zufu
zu,zusi,zusu,zusi,zusu
zu,zuvi,zuvu,zuvi,zuvu
zu,zuzi,zuzu,zuzi,zuzu
zu,zuʃi,zuʃu,zuʃi,zuʃu
zu,zuʒi,zuʒu,zuʒi,zuʒu
zu,zuθi,zuθu,zuθi,zuθu
zu,zuði,zuðu,zuði,zuðu
zu,zuhi,zuhu,zuhi,zuhu
ʃu,ʃumi,ʃumu,ʃumi,ʃumu
ʃu,ʃuni,ʃunu,ʃuni,ʃunu
ʃu,ʃupi,ʃupu,ʃupi,ʃupu
ʃu,ʃuti,ʃutu,ʃuti,ʃutu
ʃu,ʃuki,ʃuku,ʃuki,ʃuku
ʃu,ʃubi,ʃubu,ʃubi,ʃubu
ʃu,ʃudi,ʃudu,ʃudi,ʃudu
ʃu,ʃugi,ʃugu,ʃugi,ʃugu
ʃu,ʃufi,ʃufu,ʃufi,ʃufu
ʃu,ʃusi,ʃusu,ʃusi,ʃusu
ʃu,ʃuvi,ʃuvu,ʃuvi,ʃuvu
ʃu,ʃuzi,ʃuzu,ʃuzi,ʃuzu
ʃu,ʃuʃi,ʃuʃu,ʃuʃi,ʃuʃu
ʃu,ʃuʒi,ʃuʒu,ʃuʒi,ʃuʒu
ʃu,ʃuθi,ʃuθu,ʃuθi,ʃuθu
ʃu,ʃuði,ʃuðu,ʃuði,ʃuðu
ʃu,ʃuhi,ʃuhu,ʃuhi,ʃuhu
ʒu,ʒumi,ʒumu,ʒumi,ʒumu
ʒu,ʒuni,ʒunu,ʒuni,ʒunu
ʒu,ʒupi,ʒupu,ʒupi,ʒupu
ʒu,ʒuti,ʒutu,ʒuti,ʒutu
ʒu,ʒuki,ʒuku,ʒuki,ʒuku
ʒu,ʒubi,ʒubu,ʒubi,ʒubu
ʒu,ʒudi,ʒudu,ʒudi,ʒudu
ʒu,ʒugi,ʒugu,ʒugi,ʒugu
ʒu,ʒufi,ʒufu,ʒufi,ʒufu
ʒu,ʒusi,ʒusu,ʒusi,ʒusu
ʒu,ʒuvi,ʒuvu,ʒuvi,ʒuvu
ʒu,ʒuzi,ʒuzu,ʒuzi,ʒuzu
ʒu,ʒuʃi,ʒuʃu,ʒuʃi,ʒuʃu
ʒu,ʒuʒi,ʒuʒu,ʒuʒi,ʒuʒu
ʒu,ʒuθi,ʒuθu,ʒuθi,ʒuθu
ʒu,ʒuði,ʒuðu,ʒuði,ʒuðu
ʒu,ʒuhi,ʒuhu,ʒuhi,ʒuhu
θu,θumi,θumu,θumi,θumu
θu,θuni,θunu,θuni,θunu
θu,θupi,θupu,θupi,θupu
θu,θuti,θutu,θuti,θutu
θu,θuki,θuku,θuki,θuku
θu,θubi,θubu,θubi,θubu
θu,θudi,θudu,θudi,θudu
θu,θugi,θugu,θugi,θugu
θu,θufi,θufu,θufi,θufu
θu,θusi,θusu,θusi,θusu
θu,θuvi,θuvu,θuvi,θuvu
θu,θuzi,θuzu,θuzi,θuzu
θu,θuʃi,θuʃu,θuʃi,θuʃu
θu,θuʒi,θuʒu,θuʒi,θuʒu
θu,θuθi,θuθu,θuθi,θuθu
θu,θuði,θuðu,θuði,θuðu
θu,θuhi,θuhu,θuhi,θuhu
ðu,ðumi,ðumu,ðumi,ðumu
ðu,ðuni,ðunu,ðuni,ðunu
ðu,ðupi,ðupu,ðupi,ðupu
ðu,ðuti,ðutu,ðuti,ðutu
ðu,ðuki,ðuku,ðuki,ðuku
ðu,ðubi,ðubu,ðubi,ðubu
ðu,ðudi,ðudu,ðudi,ðudu
ðu,ðugi,ðugu,ðugi,ðugu
ðu,ðufi,ðufu,ðufi,ðufu
ðu,ðusi,ðusu,ðusi,ðusu
ðu,ðuvi,ðuvu,ðuvi,ðuvu
ðu,ðuzi,ðuzu,ðuzi,ðuzu
ðu,ðuʃi,ðuʃu,ðuʃi,ðuʃu
ðu,ðuʒi,ðuʒu,ðuʒi,ðuʒu
ðu,ðuθi,ðuθu,ðuθi,ðuθu
ðu,ðuði,ðuðu,ðuði,ðuðu
ðu,ðuhi,ðuhu,ðuhi,ðuhu
hu,humi,humu,humi,humu
hu,huni,hunu,huni,hunu
hu,hupi,hupu,hupi,hupu
hu,huti,hutu,huti,hutu
hu,huki,huku,huki,huku
hu,hubi,hubu,hubi,hubu
hu,hudi,hudu,hudi,hudu
hu,hugi,hugu,hugi,hugu
hu,hufi,hufu,hufi,hufu
hu,husi,husu,husi,husu
hu,huvi,huvu,huvi,huvu
hu,huzi,huzu,huzi,huzu
hu,huʃi,huʃu,huʃi,huʃu
hu,huʒi,huʒu,huʒi,huʒu
hu,huθi,huθu,huθi,huθu
hu,huði,huðu,huði,huðu
hu,huhi,huhu,huhi,huhu
mu,mumeɪ,mumoʊ,mume,mumo
mu,muneɪ,munoʊ,mune,muno
mu,mupeɪ,mupoʊ,mupe,mupo
mu,muteɪ,mutoʊ,mute,muto
mu,mukeɪ,mukoʊ,muke,muko
mu,mubeɪ,muboʊ,mube,mubo
mu,mudeɪ,mudoʊ,mude,mudo
mu,mugeɪ,mugoʊ,muge,mugo
mu,mufeɪ,mufoʊ,mufe,mufo
mu,museɪ,musoʊ,muse,muso
mu,muveɪ,muvoʊ,muve,muvo
mu,muzeɪ,muzoʊ,muze,muzo
mu,muʃeɪ,muʃoʊ,muʃe,muʃo
mu,muʒeɪ,muʒoʊ,muʒe,muʒo
mu,muθeɪ,muθoʊ,muθe,muθo
mu,muðeɪ,muðoʊ,muðe,muðo
mu,muheɪ,muhoʊ,muhe,muho
nu,numeɪ,numoʊ,nume,numo
nu,nuneɪ,nunoʊ,nune,nuno
nu,nupeɪ,nupoʊ,nupe,nupo
nu,nuteɪ,nutoʊ,nute,nuto
nu,nukeɪ,nukoʊ,nuke,nuko
nu,nubeɪ,nuboʊ,nube,nubo
nu,nudeɪ,nudoʊ,nude,nudo
nu,nugeɪ,nugoʊ,nuge,nugo
nu,nufeɪ,nufoʊ,nufe,nufo
nu,nuseɪ,nusoʊ,nuse,nuso
nu,nuveɪ,nuvoʊ,nuve,nuvo
nu,nuzeɪ,nuzoʊ,nuze,nuzo
nu,nuʃeɪ,nuʃoʊ,nuʃe,nuʃo
nu,nuʒeɪ,nuʒoʊ,nuʒe,nuʒo
nu,nuθeɪ,nuθoʊ,nuθe,nuθo
nu,nuðeɪ,nuðoʊ,nuðe,nuðo
nu,nuheɪ,nuhoʊ,nuhe,nuho
pu,pumeɪ,pumoʊ,pume,pumo
pu,puneɪ,punoʊ,pune,puno
pu,pupeɪ,pupoʊ,pupe,pupo
pu,puteɪ,putoʊ,pute,puto
pu,pukeɪ,pukoʊ,puke,puko
pu,pubeɪ,puboʊ,pube,pubo
pu,pudeɪ,pudoʊ,pude,pudo
pu,pugeɪ,pugoʊ,puge,pugo
pu,pufeɪ,pufoʊ,pufe,pufo
pu,puseɪ,pusoʊ,puse,puso
pu,puveɪ,puvoʊ,puve,puvo
pu,puzeɪ,puzoʊ,puze,puzo
pu,puʃeɪ,puʃoʊ,puʃe,puʃo
pu,puʒeɪ,puʒoʊ,puʒe,puʒo
pu,puθeɪ,puθoʊ,puθe,puθo
pu,puðeɪ,puðoʊ,puðe,puðo
pu,puheɪ,puhoʊ,puhe,puho
tu,tumeɪ,tumoʊ,tume,tumo
tu,tuneɪ,tunoʊ,tune,tuno
tu,tupeɪ,tupoʊ,tupe,tupo
tu,tuteɪ,tutoʊ,tute,tuto
tu,tukeɪ,tukoʊ,tuke,tuko
tu,tubeɪ,tuboʊ,tube,tubo
tu,tudeɪ,tudoʊ,tude,tudo
tu,tugeɪ,tugoʊ,tuge,tugo
tu,tufeɪ,tufoʊ,tufe,tufo
tu,tuseɪ,tusoʊ,tuse,tuso
tu,tuveɪ,tuvoʊ,tuve,tuvo
tu,tuzeɪ,tuzoʊ,tuze,tuzo
tu,tuʃeɪ,tuʃoʊ,tuʃe,tuʃo
tu,tuʒeɪ,tuʒoʊ,tuʒe,tuʒo
tu,tuθeɪ,tuθoʊ,tuθe,tuθo
tu,tuðeɪ,tuðoʊ,tuðe,tuðo
tu,tuheɪ,tuhoʊ,tuhe,tuho
ku,kumeɪ,kumoʊ,kume,kumo
ku,kuneɪ,kunoʊ,kune,kuno
ku,kupeɪ,kupoʊ,kupe,kupo
ku,kuteɪ,kutoʊ,kute,kuto
ku,kukeɪ,kukoʊ,kuke,kuko
ku,kubeɪ,kuboʊ,kube,kubo
ku,kudeɪ,kudoʊ,kude,kudo
ku,kugeɪ,kugoʊ,kuge,kugo
ku,kufeɪ,kufoʊ,kufe,kufo
ku,kuseɪ,kusoʊ,kuse,kuso
ku,kuveɪ,kuvoʊ,kuve,kuvo
ku,kuzeɪ,kuzoʊ,kuze,kuzo
ku,kuʃeɪ,kuʃoʊ,kuʃe,kuʃo
ku,kuʒeɪ,kuʒoʊ,kuʒe,kuʒo
ku,kuθeɪ,kuθoʊ,kuθe,kuθo
ku,kuðeɪ,kuðoʊ,kuðe,kuðo
ku,kuheɪ,kuhoʊ,kuhe,kuho
bu,bumeɪ,bumoʊ,bume,bumo
bu,buneɪ,bunoʊ,bune,buno
bu,bupeɪ,bupoʊ,bupe,bupo
bu,buteɪ,butoʊ,bute,buto
bu,bukeɪ,bukoʊ,buke,buko
bu,bubeɪ,buboʊ,bube,bubo
bu,budeɪ,budoʊ,bude,budo
bu,bugeɪ,bugoʊ,buge,bugo
bu,bufeɪ,bufoʊ,bufe,bufo
bu,buseɪ,busoʊ,buse,buso
bu,buveɪ,buvoʊ,buve,buvo
bu,buzeɪ,buzoʊ,buze,buzo
bu,buʃeɪ,buʃoʊ,buʃe,buʃo
bu,buʒeɪ,buʒoʊ,buʒe,buʒo
bu,buθeɪ,buθoʊ,buθe,buθo
bu,buðeɪ,buðoʊ,buðe,buðo
bu,buheɪ,buhoʊ,buhe,buho
du,dumeɪ,dumoʊ,dume,dumo
du,duneɪ,dunoʊ,dune,duno
du,dupeɪ,dupoʊ,dupe,dupo
du,duteɪ,dutoʊ,dute,duto
du,dukeɪ,dukoʊ,duke,duko
du,dubeɪ,duboʊ,dube,dubo
du,dudeɪ,dudoʊ,dude,dudo
du,dugeɪ,dugoʊ,duge,dugo
du,dufeɪ,dufoʊ,dufe,dufo
du,duseɪ,dusoʊ,duse,duso
du,duveɪ,duvoʊ,duve,duvo
du,duzeɪ,duzoʊ,duze,duzo
du,duʃeɪ,duʃoʊ,duʃe,duʃo
du,duʒeɪ,duʒoʊ,duʒe,duʒo
du,duθeɪ,duθoʊ,duθe,duθo
du,duðeɪ,duðoʊ,duðe,duðo
du,duheɪ,duhoʊ,duhe,duho
gu,gumeɪ,gumoʊ,gume,gumo
gu,guneɪ,gunoʊ,gune,guno
gu,gupeɪ,gupoʊ,gupe,gupo
gu,guteɪ,gutoʊ,gute,guto
gu,gukeɪ,gukoʊ,guke,guko
gu,gubeɪ,guboʊ,gube,gubo
gu,gudeɪ,gudoʊ,gude,gudo
gu,gugeɪ,gugoʊ,guge,gugo
gu,gufeɪ,gufoʊ,gufe,gufo
gu,guseɪ,gusoʊ,guse,guso
gu,guveɪ,guvoʊ,guve,guvo
gu,guzeɪ,guzoʊ,guze,guzo
gu,guʃeɪ,guʃoʊ,guʃe,guʃo
gu,guʒeɪ,guʒoʊ,guʒe,guʒo
gu,guθeɪ,guθoʊ,guθe,guθo
gu,guðeɪ,guðoʊ,guðe,guðo
gu,guheɪ,guhoʊ,guhe,guho
fu,fumeɪ,fumoʊ,fume,fumo
fu,funeɪ,funoʊ,fune,funo
fu,fupeɪ,fupoʊ,fupe,fupo
fu,futeɪ,futoʊ,fute,futo
fu,fukeɪ,fukoʊ,fuke,fuko
fu,fubeɪ,fuboʊ,fube,fubo
fu,fudeɪ,fudoʊ,fude,fudo
fu,fugeɪ,fugoʊ,fuge,fugo
fu,fufeɪ,fufoʊ,fufe,fufo
fu,fuseɪ,fusoʊ,fuse,fuso
fu,fuveɪ,fuvoʊ,fuve,fuvo
fu,fuzeɪ,fuzoʊ,fuze,fuzo
fu,fuʃeɪ,fuʃoʊ,fuʃe,fuʃo
fu,fuʒeɪ,fuʒoʊ,fuʒe,fuʒo
fu,fuθeɪ,fuθoʊ,fuθe,fuθo
fu,fuðeɪ,fuðoʊ,fuðe,fuðo
fu,fuheɪ,fuhoʊ,fuhe,fuho
su,sumeɪ,sumoʊ,sume,sumo
su,suneɪ,sunoʊ,sune,suno
su,supeɪ,supoʊ,supe,supo
su,suteɪ,sutoʊ,sute,suto
su,sukeɪ,sukoʊ,suke,suko
su,subeɪ,suboʊ,sube,subo
su,sudeɪ,sudoʊ,sude,sudo
su,sugeɪ,sugoʊ,suge,sugo
su,sufeɪ,sufoʊ,sufe,sufo
su,suseɪ,susoʊ,suse,suso
su,suveɪ,suvoʊ,suve,suvo
su,suzeɪ,suzoʊ,suze,suzo
su,suʃeɪ,suʃoʊ,suʃe,suʃo
su,suʒeɪ,suʒoʊ,suʒe,suʒo
su,suθeɪ,suθoʊ,suθe,suθo
su,suðeɪ,suðoʊ,suðe,suðo
su,suheɪ,suhoʊ,suhe,suho
vu,vumeɪ,vumoʊ,vume,vumo
vu,vuneɪ,vunoʊ,vune,vuno
vu,vupeɪ,vupoʊ,vupe,vupo
vu,vuteɪ,vutoʊ,vute,vuto
vu,vukeɪ,vukoʊ,vuke,vuko
vu,vubeɪ,vuboʊ,vube,vubo
vu,vudeɪ,vudoʊ,vude,vudo
vu,vugeɪ,vugoʊ,vuge,vugo
vu,vufeɪ,vufoʊ,vufe,vufo
vu,vuseɪ,vusoʊ,vuse,vuso
vu,vuveɪ,vuvoʊ,vuve,vuvo
vu,vuzeɪ,vuzoʊ,vuze,vuzo
vu,vuʃeɪ,vuʃoʊ,vuʃe,vuʃo
vu,vuʒeɪ,vuʒoʊ,vuʒe,vuʒo
vu,vuθeɪ,vuθoʊ,vuθe,vuθo
vu,vuðeɪ,vuðoʊ,vuðe,vuðo
vu,vuheɪ,vuhoʊ,vuhe,vuho
zu,zumeɪ,zumoʊ,zume,zumo
zu,zuneɪ,zunoʊ,zune,zuno
zu,zupeɪ,zupoʊ,zupe,zupo
zu,zuteɪ,zutoʊ,zute,zuto
zu,zukeɪ,zukoʊ,zuke,zuko
zu,zubeɪ,zuboʊ,zube,zubo
zu,zudeɪ,zudoʊ,zude,zudo
zu,zugeɪ,zugoʊ,zuge,zugo
zu,zufeɪ,zufoʊ,zufe,zufo
zu,zuseɪ,zusoʊ,zuse,zuso
zu,zuveɪ,zuvoʊ,zuve,zuvo
zu,zuzeɪ,zuzoʊ,zuze,zuzo
zu,zuʃeɪ,zuʃoʊ,zuʃe,zuʃo
zu,zuʒeɪ,zuʒoʊ,zuʒe,zuʒo
zu,zuθeɪ,zuθoʊ,zuθe,zuθo
zu,zuðeɪ,zuðoʊ,zuðe,zuðo
zu,zuheɪ,zuhoʊ,zuhe,zuho
ʃu,ʃumeɪ,ʃumoʊ,ʃume,ʃumo
ʃu,ʃuneɪ,ʃunoʊ,ʃune,ʃuno
ʃu,ʃupeɪ,ʃupoʊ,ʃupe,ʃupo
ʃu,ʃuteɪ,ʃutoʊ,ʃute,ʃuto
ʃu,ʃukeɪ,ʃukoʊ,ʃuke,ʃuko
ʃu,ʃubeɪ,ʃuboʊ,ʃube,ʃubo
ʃu,ʃudeɪ,ʃudoʊ,ʃude,ʃudo
ʃu,ʃugeɪ,ʃugoʊ,ʃuge,ʃugo
ʃu,ʃufeɪ,ʃufoʊ,ʃufe,ʃufo
ʃu,ʃuseɪ,ʃusoʊ,ʃuse,ʃuso
ʃu,ʃuveɪ,ʃuvoʊ,ʃuve,ʃuvo
ʃu,ʃuzeɪ,ʃuzoʊ,ʃuze,ʃuzo
ʃu,ʃuʃeɪ,ʃuʃoʊ,ʃuʃe,ʃuʃo
ʃu,ʃuʒeɪ,ʃuʒoʊ,ʃuʒe,ʃuʒo
ʃu,ʃuθeɪ,ʃuθoʊ,ʃuθe,ʃuθo
ʃu,ʃuðeɪ,ʃuðoʊ,ʃuðe,ʃuðo
ʃu,ʃuheɪ,ʃuhoʊ,ʃuhe,ʃuho
ʒu,ʒumeɪ,ʒumoʊ,ʒume,ʒumo
ʒu,ʒuneɪ,ʒunoʊ,ʒune,ʒuno
ʒu,ʒupeɪ,ʒupoʊ,ʒupe,ʒupo
ʒu,ʒuteɪ,ʒutoʊ,ʒute,ʒuto
ʒu,ʒukeɪ,ʒukoʊ,ʒuke,ʒuko
ʒu,ʒubeɪ,ʒuboʊ,ʒube,ʒubo
ʒu,ʒudeɪ,ʒudoʊ,ʒude,ʒudo
ʒu,ʒugeɪ,ʒugoʊ,ʒuge,ʒugo
ʒu,ʒufeɪ,ʒufoʊ,ʒufe,ʒufo
ʒu,ʒuseɪ,ʒusoʊ,ʒuse,ʒuso
ʒu,ʒuveɪ,ʒuvoʊ,ʒuve,ʒuvo
ʒu,ʒuzeɪ,ʒuzoʊ,ʒuze,ʒuzo
ʒu,ʒuʃeɪ,ʒuʃoʊ,ʒuʃe,ʒuʃo
ʒu,ʒuʒeɪ,ʒuʒoʊ,ʒuʒe,ʒuʒo
ʒu,ʒuθeɪ,ʒuθoʊ,ʒuθe,ʒuθo
ʒu,ʒuðeɪ,ʒuðoʊ,ʒuðe,ʒuðo
ʒu,ʒuheɪ,ʒuhoʊ,ʒuhe,ʒuho
θu,θumeɪ,θumoʊ,θume,θumo
θu,θuneɪ,θunoʊ,θune,θuno
θu,θupeɪ,θupoʊ,θupe,θupo
θu,θuteɪ,θutoʊ,θute,θuto
θu,θukeɪ,θukoʊ,θuke,θuko
θu,θubeɪ,θuboʊ,θube,θubo
θu,θudeɪ,θudoʊ,θude,θudo
θu,θugeɪ,θugoʊ,θuge,θugo
θu,θufeɪ,θufoʊ,θufe,θufo
θu,θuseɪ,θusoʊ,θuse,θuso
θu,θuveɪ,θuvoʊ,θuve,θuvo
θu,θuzeɪ,θuzoʊ,θuze,θuzo
θu,θuʃeɪ,θuʃoʊ,θuʃe,θuʃo
θu,θuʒeɪ,θuʒoʊ,θuʒe,θuʒo
θu,θuθeɪ,θuθoʊ,θuθe,θuθo
θu,θuðeɪ,θuðoʊ,θuðe,θuðo
θu,θuheɪ,θuhoʊ,θuhe,θuho
ðu,ðumeɪ,ðumoʊ,ðume,ðumo
ðu,ðuneɪ,ðunoʊ,ðune,ðuno
ðu,ðupeɪ,ðupoʊ,ðupe,ðupo
ðu,ðuteɪ,ðutoʊ,ðute,ðuto
ðu,ðukeɪ,ðukoʊ,ðuke,ðuko
ðu,ðubeɪ,ðuboʊ,ðube,ðubo
ðu,ðudeɪ,ðudoʊ,ðude,ðudo
ðu,ðugeɪ,ðugoʊ,ðuge,ðugo
ðu,ðufeɪ,ðufoʊ,ðufe,ðufo
ðu,ðuseɪ,ðusoʊ,ðuse,ðuso
ðu,ðuveɪ,ðuvoʊ,ðuve,ðuvo
ðu,ðuzeɪ,ðuzoʊ,ðuze,ðuzo
ðu,ðuʃeɪ,ðuʃoʊ,ðuʃe,ðuʃo
ðu,ðuʒeɪ,ðuʒoʊ,ðuʒe,ðuʒo
ðu,ðuθeɪ,ðuθoʊ,ðuθe,ðuθo
ðu,ðuðeɪ,ðuðoʊ,ðuðe,ðuðo
ðu,ðuheɪ,ðuhoʊ,ðuhe,ðuho
hu,humeɪ,humoʊ,hume,humo
hu,huneɪ,hunoʊ,hune,huno
hu,hupeɪ,hupoʊ,hupe,hupo
hu,huteɪ,hutoʊ,hute,huto
hu,hukeɪ,hukoʊ,huke,huko
hu,hubeɪ,huboʊ,hube,hubo
hu,hudeɪ,hudoʊ,hude,hudo
hu,hugeɪ,hugoʊ,huge,hugo
hu,hufeɪ,hufoʊ,hufe,hufo
hu,huseɪ,husoʊ,huse,huso
hu,huveɪ,huvoʊ,huve,huvo
hu,huzeɪ,huzoʊ,huze,huzo
hu,huʃeɪ,huʃoʊ,huʃe,huʃo
hu,huʒeɪ,huʒoʊ,huʒe,huʒo
hu,huθeɪ,huθoʊ,huθe,huθo
hu,huðeɪ,huðoʊ,huðe,huðo
hu,huheɪ,huhoʊ,huhe,huho
mu,mumu,mumu,mumu,mumu
mu,munu,munu,munu,munu
mu,mupu,mupu,mupu,mupu
mu,mutu,mutu,mutu,mutu
mu,muku,muku,muku,muku
mu,mubu,mubu,mubu,mubu
mu,mudu,mudu,mudu,mudu
mu,mugu,mugu,mugu,mugu
mu,mufu,mufu,mufu,mufu
mu,musu,musu,musu,musu
mu,muvu,muvu,muvu,muvu
mu,muzu,muzu,muzu,muzu
mu,muʃu,muʃu,muʃu,muʃu
mu,muʒu,muʒu,muʒu,muʒu
mu,muθu,muθu,muθu,muθu
mu,muðu,muðu,muðu,muðu
mu,muhu,muhu,muhu,muhu
nu,numu,numu,numu,numu
nu,nunu,nunu,nunu,nunu
nu,nupu,nupu,nupu,nupu
nu,nutu,nutu,nutu,nutu
nu,nuku,nuku,nuku,nuku
nu,nubu,nubu,nubu,nubu
nu,nudu,nudu,nudu,nudu
nu,nugu,nugu,nugu,nugu
nu,nufu,nufu,nufu,nufu
nu,nusu,nusu,nusu,nusu
nu,nuvu,nuvu,nuvu,nuvu
nu,nuzu,nuzu,nuzu,nuzu
nu,nuʃu,nuʃu,nuʃu,nuʃu
nu,nuʒu,nuʒu,nuʒu,nuʒu
nu,nuθu,nuθu,nuθu,nuθu
nu,nuðu,nuðu,nuðu,nuðu
nu,nuhu,nuhu,nuhu,nuhu
pu,pumu,pumu,pumu,pumu
pu,punu,punu,punu,punu
pu,pupu,pupu,pupu,pupu
pu,putu,putu,putu,putu
pu,puku,puku,puku,puku
pu,pubu,pubu,pubu,pubu
pu,pudu,pudu,pudu,pudu
pu,pugu,pugu,pugu,pugu
pu,pufu,pufu,pufu,pufu
pu,pusu,pusu,pusu,pusu
pu,puvu,puvu,puvu,puvu
pu,puzu,puzu,puzu,puzu
pu,puʃu,puʃu,puʃu,puʃu
pu,puʒu,puʒu,puʒu,puʒu
pu,puθu,puθu,puθu,puθu
pu,puðu,puðu,puðu,puðu
pu,puhu,puhu,puhu,puhu
tu,tumu,tumu,tumu,tumu
tu,tunu,tunu,tunu,tunu
tu,tupu,tupu,tupu,tupu
tu,tutu,tutu,tutu,tutu
tu,tuku,tuku,tuku,tuku
tu,tubu,tubu,tubu,tubu
tu,tudu,tudu,tudu,tudu
tu,tugu,tugu,tugu,tugu
tu,tufu,tufu,tufu,tufu
tu,tusu,tusu,tusu,tusu
tu,tuvu,tuvu,tuvu,tuvu
tu,tuzu,tuzu,tuzu,tuzu
tu,tuʃu,tuʃu,tuʃu,tuʃu
tu,tuʒu,tuʒu,tuʒu,tuʒu
tu,tuθu,tuθu,tuθu,tuθu
tu,tuðu,tuðu,tuðu,tuðu
tu,tuhu,tuhu,tuhu,tuhu
ku,kumu,kumu,kumu,kumu
ku,kunu,kunu,kunu,kunu
ku,kupu,kupu,kupu,kupu
ku,kutu,kutu,kutu,kutu
ku,kuku,kuku,kuku,kuku
ku,kubu,kubu,kubu,kubu
ku,kudu,kudu,kudu,kudu
ku,kugu,kugu,kugu,kugu
ku,kufu,kufu,kufu,kufu
ku,kusu,kusu,kusu,kusu
ku,kuvu,kuvu,kuvu,kuvu
ku,kuzu,kuzu,kuzu,kuzu
ku,kuʃu,kuʃu,kuʃu,kuʃu
ku,kuʒu,kuʒu,kuʒu,kuʒu
ku,kuθu,kuθu,kuθu,kuθu
ku,kuðu,kuðu,kuðu,kuðu
ku,kuhu,kuhu,kuhu,kuhu
bu,bumu,bumu,bumu,bumu
bu,bunu,bunu,bunu,bunu
bu,bupu,bupu,bupu,bupu
bu,butu,butu,butu,butu
bu,buku,buku,buku,buku
bu,bubu,bubu,bubu,bubu
bu,budu,budu,budu,budu
bu,bugu,bugu,bugu,bugu
bu,bufu,bufu,bufu,bufu
bu,busu,busu,busu,busu
bu,buvu,buvu,buvu,buvu
bu,buzu,buzu,buzu,buzu
bu,buʃu,buʃu,buʃu,buʃu
bu,buʒu,buʒu,buʒu,buʒu
bu,buθu,buθu,buθu,buθu
bu,buðu,buðu,buðu,buðu
bu,buhu,buhu,buhu,buhu
du,dumu,dumu,dumu,dumu
du,dunu,dunu,dunu,dunu
du,dupu,dupu,dupu,dupu
du,dutu,dutu,dutu,dutu
du,duku,duku,duku,duku
du,dubu,dubu,dubu,dubu
du,dudu,dudu,dudu,dudu
du,dugu,dugu,dugu,dugu
du,dufu,dufu,dufu,dufu
du,dusu,dusu,dusu,dusu
du,duvu,duvu,duvu,duvu
du,duzu,duzu,duzu,duzu
du,duʃu,duʃu,duʃu,duʃu
du,duʒu,duʒu,duʒu,duʒu
du,duθu,duθu,duθu,duθu
du,duðu,duðu,duðu,duðu
du,duhu,duhu,duhu,duhu
gu,gumu,gumu,gumu,gumu
gu,gunu,gunu,gunu,gunu
gu,gupu,gupu,gupu,gupu
gu,gutu,gutu,gutu,gutu
gu,guku,guku,guku,guku
gu,gubu,gubu,gubu,gubu
gu,gudu,gudu,gudu,gudu
gu,gugu,gugu,gugu,gugu
gu,gufu,gufu,gufu,gufu
gu,gusu,gusu,gusu,gusu
gu,guvu,guvu,guvu,guvu
gu,guzu,guzu,guzu,guzu
gu,guʃu,guʃu,guʃu,guʃu
gu,guʒu,guʒu,guʒu,guʒu
gu,guθu,guθu,guθu,guθu
gu,guðu,guðu,guðu,guðu
gu,guhu,guhu,guhu,guhu
fu,fumu,fumu,fumu,fumu
fu,funu,funu,funu,funu
fu,fupu,fupu,fupu,fupu
fu,futu,futu,futu,futu
fu,fuku,fuku,fuku,fuku
fu,fubu,fubu,fubu,fubu
fu,fudu,fudu,fudu,fudu
fu,fugu,fugu,fugu,fugu
fu,fufu,fufu,fufu,fufu
fu,fusu,fusu,fusu,fusu
fu,fuvu,fuvu,fuvu,fuvu
fu,fuzu,fuzu,fuzu,fuzu
fu,fuʃu,fuʃu,fuʃu,fuʃu
fu,fuʒu,fuʒu,fuʒu,fuʒu
fu,fuθu,fuθu,fuθu,fuθu
fu,fuðu,fuðu,fuðu,fuðu
fu,fuhu,fuhu,fuhu,fuhu
su,sumu,sumu,sumu,sumu
su,sunu,sunu,sunu,sunu
su,supu,supu,supu,supu
su,sutu,sutu,sutu,sutu
su,suku,suku,suku,suku
su,subu,subu,subu,subu
su,sudu,sudu,sudu,sudu
su,sugu,sugu,sugu,sugu
su,sufu,sufu,sufu,sufu
su,susu,susu,susu,susu
su,suvu,suvu,suvu,suvu
su,suzu,suzu,suzu,suzu
su,suʃu,suʃu,suʃu,suʃu
su,suʒu,suʒu,suʒu,suʒu
su,suθu,suθu,suθu,suθu
su,suðu,suðu,suðu,suðu
su,suhu,suhu,suhu,suhu
vu,vumu,vumu,vumu,vumu
vu,vunu,vunu,vunu,vunu
vu,vupu,vupu,vupu,vupu
vu,vutu,vutu,vutu,vutu
vu,vuku,vuku,vuku,vuku
vu,vubu,vubu,vubu,vubu
vu,vudu,vudu,vudu,vudu
vu,vugu,vugu,vugu,vugu
vu,vufu,vufu,vufu,vufu
vu,vusu,vusu,vusu,vusu
vu,vuvu,vuvu,vuvu,vuvu
vu,vuzu,vuzu,vuzu,vuzu
vu,vuʃu,vuʃu,vuʃu,vuʃu
vu,vuʒu,vuʒu,vuʒu,vuʒu
vu,vuθu,vuθu,vuθu,vuθu
vu,vuðu,vuðu,vuðu,vuðu
vu,vuhu,vuhu,vuhu,vuhu
zu,zumu,zumu,zumu,zumu
zu,zunu,zunu,zunu,zunu
zu,zupu,zupu,zupu,zupu
zu,zutu,zutu,zutu,zutu
zu,zuku,zuku,zuku,zuku
zu,zubu,zubu,zubu,zubu
zu,zudu,zudu,zudu,zudu
zu,zugu,zugu,zugu,zugu
zu,zufu,zufu,zufu,zufu
zu,zusu,zusu,zusu,zusu
zu,zuvu,zuvu,zuvu,zuvu
zu,zuzu,zuzu,zuzu,zuzu
zu,zuʃu,zuʃu,zuʃu,zuʃu
zu,zuʒu,zuʒu,zuʒu,zuʒu
zu,zuθu,zuθu,zuθu,zuθu
zu,zuðu,zuðu,zuðu,zuðu
zu,zuhu,zuhu,zuhu,zuhu
ʃu,ʃumu,ʃumu,ʃumu,ʃumu
ʃu,ʃunu,ʃunu,ʃunu,ʃunu
ʃu,ʃupu,ʃupu,ʃupu,ʃupu
ʃu,ʃutu,ʃutu,ʃutu,ʃutu
ʃu,ʃuku,ʃuku,ʃuku,ʃuku
ʃu,ʃubu,ʃubu,ʃubu,ʃubu
ʃu,ʃudu,ʃudu,ʃudu,ʃudu
ʃu,ʃugu,ʃugu,ʃugu,ʃugu
ʃu,ʃufu,ʃufu,ʃufu,ʃufu
ʃu,ʃusu,ʃusu,ʃusu,ʃusu
ʃu,ʃuvu,ʃuvu,ʃuvu,ʃuvu
ʃu,ʃuzu,ʃuzu,ʃuzu,ʃuzu
ʃu,ʃuʃu,ʃuʃu,ʃuʃu,ʃuʃu
ʃu,ʃuʒu,ʃuʒu,ʃuʒu,ʃuʒu
ʃu,ʃuθu,ʃuθu,ʃuθu,ʃuθu
ʃu,ʃuðu,ʃuðu,ʃuðu,ʃuðu
ʃu,ʃuhu,ʃuhu,ʃuhu,ʃuhu
ʒu,ʒumu,ʒumu,ʒumu,ʒumu
ʒu,ʒunu,ʒunu,ʒunu,ʒunu
ʒu,ʒupu,ʒupu,ʒupu,ʒupu
ʒu,ʒutu,ʒutu,ʒutu,ʒutu
ʒu,ʒuku,ʒuku,ʒuku,ʒuku
ʒu,ʒubu,ʒubu,ʒubu,ʒubu
ʒu,ʒudu,ʒudu,ʒudu,ʒudu
ʒu,ʒugu,ʒugu,ʒugu,ʒugu
ʒu,ʒufu,ʒufu,ʒufu,ʒufu
ʒu,ʒusu,ʒusu,ʒusu,ʒusu
ʒu,ʒuvu,ʒuvu,ʒuvu,ʒuvu
ʒu,ʒuzu,ʒuzu,ʒuzu,ʒuzu
ʒu,ʒuʃu,ʒuʃu,ʒuʃu,ʒuʃu
ʒu,ʒuʒu,ʒuʒu,ʒuʒu,ʒuʒu
ʒu,ʒuθu,ʒuθu,ʒuθu,ʒuθu
ʒu,ʒuðu,ʒuðu,ʒuðu,ʒuðu
ʒu,ʒuhu,ʒuhu,ʒuhu,ʒuhu
θu,θumu,θumu,θumu,θumu
θu,θunu,θunu,θunu,θunu
θu,θupu,θupu,θupu,θupu
θu,θutu,θutu,θutu,θutu
θu,θuku,θuku,θuku,θuku
θu,θubu,θubu,θubu,θubu
θu,θudu,θudu,θudu,θudu
θu,θugu,θugu,θugu,θugu
θu,θufu,θufu,θufu,θufu
θu,θusu,θusu,θusu,θusu
θu,θuvu,θuvu,θuvu,θuvu
θu,θuzu,θuzu,θuzu,θuzu
θu,θuʃu,θuʃu,θuʃu,θuʃu
θu,θuʒu,θuʒu,θuʒu,θuʒu
θu,θuθu,θuθu,θuθu,θuθu
θu,θuðu,θuðu,θuðu,θuðu
θu,θuhu,θuhu,θuhu,θuhu
ðu,ðumu,ðumu,ðumu,ðumu
ðu,ðunu,ðunu,ðunu,ðunu
ðu,ðupu,ðupu,ðupu,ðupu
ðu,ðutu,ðutu,ðutu,ðutu
ðu,ðuku,ðuku,ðuku,ðuku
ðu,ðubu,ðubu,ðubu,ðubu
ðu,ðudu,ðudu,ðudu,ðudu
ðu,ðugu,ðugu,ðugu,ðugu
ðu,ðufu,ðufu,ðufu,ðufu
ðu,ðusu,ðusu,ðusu,ðusu
ðu,ðuvu,ðuvu,ðuvu,ðuvu
ðu,ðuzu,ðuzu,ðuzu,ðuzu
ðu,ðuʃu,ðuʃu,ðuʃu,ðuʃu
ðu,ðuʒu,ðuʒu,ðuʒu,ðuʒu
ðu,ðuθu,ðuθu,ðuθu,ðuθu
ðu,ðuðu,ðuðu,ðuðu,ðuðu
ðu,ðuhu,ðuhu,ðuhu,ðuhu
hu,humu,humu,humu,humu
hu,hunu,hunu,hunu,hunu
hu,hupu,hupu,hupu,hupu
hu,hutu,hutu,hutu,hutu
hu,huku,huku,huku,huku
hu,hubu,hubu,hubu,hubu
hu,hudu,hudu,hudu,hudu
hu,hugu,hugu,hugu,hugu
hu,hufu,hufu,hufu,hufu
hu,husu,husu,husu,husu
hu,huvu,huvu,huvu,huvu
hu,huzu,huzu,huzu,huzu
hu,huʃu,huʃu,huʃu,huʃu
hu,huʒu,huʒu,huʒu,huʒu
hu,huθu,huθu,huθu,huθu
hu,huðu,huðu,huðu,huðu
hu,huhu,huhu,huhu,huhu
mu,mumoʊ,mumoʊ,mumo,mumo
mu,munoʊ,munoʊ,muno,muno
mu,mupoʊ,mupoʊ,mupo,mupo
mu,mutoʊ,mutoʊ,muto,muto
mu,mukoʊ,mukoʊ,muko,muko
mu,muboʊ,muboʊ,mubo,mubo
mu,mudoʊ,mudoʊ,mudo,mudo
mu,mugoʊ,mugoʊ,mugo,mugo
mu,mufoʊ,mufoʊ,mufo,mufo
mu,musoʊ,musoʊ,muso,muso
mu,muvoʊ,muvoʊ,muvo,muvo
mu,muzoʊ,muzoʊ,muzo,muzo
mu,muʃoʊ,muʃoʊ,muʃo,muʃo
mu,muʒoʊ,muʒoʊ,muʒo,muʒo
mu,muθoʊ,muθoʊ,muθo,muθo
mu,muðoʊ,muðoʊ,muðo,muðo
mu,muhoʊ,muhoʊ,muho,muho
nu,numoʊ,numoʊ,numo,numo
nu,nunoʊ,nunoʊ,nuno,nuno
nu,nupoʊ,nupoʊ,nupo,nupo
nu,nutoʊ,nutoʊ,nuto,nuto
nu,nukoʊ,nukoʊ,nuko,nuko
nu,nuboʊ,nuboʊ,nubo,nubo
nu,nudoʊ,nudoʊ,nudo,nudo
nu,nugoʊ,nugoʊ,nugo,nugo
nu,nufoʊ,nufoʊ,nufo,nufo
nu,nusoʊ,nusoʊ,nuso,nuso
nu,nuvoʊ,nuvoʊ,nuvo,nuvo
nu,nuzoʊ,nuzoʊ,nuzo,nuzo
nu,nuʃoʊ,nuʃoʊ,nuʃo,nuʃo
nu,nuʒoʊ,nuʒoʊ,nuʒo,nuʒo
nu,nuθoʊ,nuθoʊ,nuθo,nuθo
nu,nuðoʊ,nuðoʊ,nuðo,nuðo
nu,nuhoʊ,nuhoʊ,nuho,nuho
pu,pumoʊ,pumoʊ,pumo,pumo
pu,punoʊ,punoʊ,puno,puno
pu,pupoʊ,pupoʊ,pupo,pupo
pu,putoʊ,putoʊ,puto,puto
pu,pukoʊ,pukoʊ,puko,puko
pu,puboʊ,puboʊ,pubo,pubo
pu,pudoʊ,pudoʊ,pudo,pudo
pu,pugoʊ,pugoʊ,pugo,pugo
pu,pufoʊ,pufoʊ,pufo,pufo
pu,pusoʊ,pusoʊ,puso,puso
pu,puvoʊ,puvoʊ,puvo,puvo
pu,puzoʊ,puzoʊ,puzo,puzo
pu,puʃoʊ,puʃoʊ,puʃo,puʃo
pu,puʒoʊ,puʒoʊ,puʒo,puʒo
pu,puθoʊ,puθoʊ,puθo,puθo
pu,puðoʊ,puðoʊ,puðo,puðo
pu,puhoʊ,puhoʊ,puho,puho
tu,tumoʊ,tumoʊ,tumo,tumo
tu,tunoʊ,tunoʊ,tuno,tuno
tu,tupoʊ,tupoʊ,tupo,tupo
tu,tutoʊ,tutoʊ,tuto,tuto
tu,tukoʊ,tukoʊ,tuko,tuko
tu,tuboʊ,tuboʊ,tubo,tubo
tu,tudoʊ,tudoʊ,tudo,tudo
tu,tugoʊ,tugoʊ,tugo,tugo
tu,tufoʊ,tufoʊ,tufo,tufo
tu,tusoʊ,tusoʊ,tuso,tuso
tu,tuvoʊ,tuvoʊ,tuvo,tuvo
tu,tuzoʊ,tuzoʊ,tuzo,tuzo
tu,tuʃoʊ,tuʃoʊ,tuʃo,tuʃo
tu,tuʒoʊ,tuʒoʊ,tuʒo,tuʒo
tu,tuθoʊ,tuθoʊ,tuθo,tuθo
tu,tuðoʊ,tuðoʊ,tuðo,tuðo
tu,tuhoʊ,tuhoʊ,tuho,tuho
ku,kumoʊ,kumoʊ,kumo,kumo
ku,kunoʊ,kunoʊ,kuno,kuno
ku,kupoʊ,kupoʊ,kupo,kupo
ku,kutoʊ,kutoʊ,kuto,kuto
ku,kukoʊ,kukoʊ,kuko,kuko
ku,kuboʊ,kuboʊ,kubo,kubo
ku,kudoʊ,kudoʊ,kudo,kudo
ku,kugoʊ,kugoʊ,kugo,kugo
ku,kufoʊ,kufoʊ,kufo,kufo
ku,kusoʊ,kusoʊ,kuso,kuso
ku,kuvoʊ,kuvoʊ,kuvo,kuvo
ku,kuzoʊ,kuzoʊ,kuzo,kuzo
ku,kuʃoʊ,kuʃoʊ,kuʃo,kuʃo
ku,kuʒoʊ,kuʒoʊ,kuʒo,kuʒo
ku,kuθoʊ,kuθoʊ,kuθo,kuθo
ku,kuðoʊ,kuðoʊ,kuðo,kuðo
ku,kuhoʊ,kuhoʊ,kuho,kuho
bu,bumoʊ,bumoʊ,bumo,bumo
bu,bunoʊ,bunoʊ,buno,buno
bu,bupoʊ,bupoʊ,bupo,bupo
bu,butoʊ,butoʊ,buto,buto
bu,bukoʊ,bukoʊ,buko,buko
bu,buboʊ,buboʊ,bubo,bubo
bu,budoʊ,budoʊ,budo,budo
bu,bugoʊ,bugoʊ,bugo,bugo
bu,bufoʊ,bufoʊ,bufo,bufo
bu,busoʊ,busoʊ,buso,buso
bu,buvoʊ,buvoʊ,buvo,buvo
bu,buzoʊ,buzoʊ,buzo,buzo
bu,buʃoʊ,buʃoʊ,buʃo,buʃo
bu,buʒoʊ,buʒoʊ,buʒo,buʒo
bu,buθoʊ,buθoʊ,buθo,buθo
bu,buðoʊ,buðoʊ,buðo,buðo
bu,buhoʊ,buhoʊ,buho,buho
du,dumoʊ,dumoʊ,dumo,dumo
du,dunoʊ,dunoʊ,duno,duno
du,dupoʊ,dupoʊ,dupo,dupo
du,dutoʊ,dutoʊ,duto,duto
du,dukoʊ,dukoʊ,duko,duko
du,duboʊ,duboʊ,dubo,dubo
du,dudoʊ,dudoʊ,dudo,dudo
du,dugoʊ,dugoʊ,dugo,dugo
du,dufoʊ,dufoʊ,dufo,dufo
du,dusoʊ,dusoʊ,duso,duso
du,duvoʊ,duvoʊ,duvo,duvo
du,duzoʊ,duzoʊ,duzo,duzo
du,duʃoʊ,duʃoʊ,duʃo,duʃo
du,duʒoʊ,duʒoʊ,duʒo,duʒo
du,duθoʊ,duθoʊ,duθo,duθo
du,duðoʊ,duðoʊ,duðo,duðo
du,duhoʊ,duhoʊ,duho,duho
gu,gumoʊ,gumoʊ,gumo,gumo
gu,gunoʊ,gunoʊ,guno,guno
gu,gupoʊ,gupoʊ,gupo,gupo
gu,gutoʊ,gutoʊ,guto,guto
gu,gukoʊ,gukoʊ,guko,guko
gu,guboʊ,guboʊ,gubo,gubo
gu,gudoʊ,gudoʊ,gudo,gudo
gu,gugoʊ,gugoʊ,gugo,gugo
gu,gufoʊ,gufoʊ,gufo,gufo
gu,gusoʊ,gusoʊ,guso,guso
gu,guvoʊ,guvoʊ,guvo,guvo
gu,guzoʊ,guzoʊ,guzo,guzo
gu,guʃoʊ,guʃoʊ,guʃo,guʃo
gu,guʒoʊ,guʒoʊ,guʒo,guʒo
gu,guθoʊ,guθoʊ,guθo,guθo
gu,guðoʊ,guðoʊ,guðo,guðo
gu,guhoʊ,guhoʊ,guho,guho
fu,fumoʊ,fumoʊ,fumo,fumo
fu,funoʊ,funoʊ,funo,funo
fu,fupoʊ,fupoʊ,fupo,fupo
fu,futoʊ,futoʊ,futo,futo
fu,fukoʊ,fukoʊ,fuko,fuko
fu,fuboʊ,fuboʊ,fubo,fubo
fu,fudoʊ,fudoʊ,fudo,fudo
fu,fugoʊ,fugoʊ,fugo,fugo
fu,fufoʊ,fufoʊ,fufo,fufo
fu,fusoʊ,fusoʊ,fuso,fuso
fu,fuvoʊ,fuvoʊ,fuvo,fuvo
fu,fuzoʊ,fuzoʊ,fuzo,fuzo
fu,fuʃoʊ,fuʃoʊ,fuʃo,fuʃo
fu,fuʒoʊ,fuʒoʊ,fuʒo,fuʒo
fu,fuθoʊ,fuθoʊ,fuθo,fuθo
fu,fuðoʊ,fuðoʊ,fuðo,fuðo
fu,fuhoʊ,fuhoʊ,fuho,fuho
su,sumoʊ,sumoʊ,sumo,sumo
su,sunoʊ,sunoʊ,suno,suno
su,supoʊ,supoʊ,supo,supo
su,sutoʊ,sutoʊ,suto,suto
su,sukoʊ,sukoʊ,suko,suko
su,suboʊ,suboʊ,subo,subo
su,sudoʊ,sudoʊ,sudo,sudo
su,sugoʊ,sugoʊ,sugo,sugo
su,sufoʊ,sufoʊ,sufo,sufo
su,susoʊ,susoʊ,suso,suso
su,suvoʊ,suvoʊ,suvo,suvo
su,suzoʊ,suzoʊ,suzo,suzo
su,suʃoʊ,suʃoʊ,suʃo,suʃo
su,suʒoʊ,suʒoʊ,suʒo,suʒo
su,suθoʊ,suθoʊ,suθo,suθo
su,suðoʊ,suðoʊ,suðo,suðo
su,suhoʊ,suhoʊ,suho,suho
vu,vumoʊ,vumoʊ,vumo,vumo
vu,vunoʊ,vunoʊ,vuno,vuno
vu,vupoʊ,vupoʊ,vupo,vupo
vu,vutoʊ,vutoʊ,vuto,vuto
vu,vukoʊ,vukoʊ,vuko,vuko
vu,vuboʊ,vuboʊ,vubo,vubo
vu,vudoʊ,vudoʊ,vudo,vudo
vu,vugoʊ,vugoʊ,vugo,vugo
vu,vufoʊ,vufoʊ,vufo,vufo
vu,vusoʊ,vusoʊ,vuso,vuso
vu,vuvoʊ,vuvoʊ,vuvo,vuvo
vu,vuzoʊ,vuzoʊ,vuzo,vuzo
vu,vuʃoʊ,vuʃoʊ,vuʃo,vuʃo
vu,vuʒoʊ,vuʒoʊ,vuʒo,vuʒo
vu,vuθoʊ,vuθoʊ,vuθo,vuθo
vu,vuðoʊ,vuðoʊ,vuðo,vuðo
vu,vuhoʊ,vuhoʊ,vuho,vuho
zu,zumoʊ,zumoʊ,zumo,zumo
zu,zunoʊ,zunoʊ,zuno,zuno
zu,zupoʊ,zupoʊ,zupo,zupo
zu,zutoʊ,zutoʊ,zuto,zuto
zu,zukoʊ,zukoʊ,zuko,zuko
zu,zuboʊ,zuboʊ,zubo,zubo
zu,zudoʊ,zudoʊ,zudo,zudo
zu,zugoʊ,zugoʊ,zugo,zugo
zu,zufoʊ,zufoʊ,zufo,zufo
zu,zusoʊ,zusoʊ,zuso,zuso
zu,zuvoʊ,zuvoʊ,zuvo,zuvo
zu,zuzoʊ,zuzoʊ,zuzo,zuzo
zu,zuʃoʊ,zuʃoʊ,zuʃo,zuʃo
zu,zuʒoʊ,zuʒoʊ,zuʒo,zuʒo
zu,zuθoʊ,zuθoʊ,zuθo,zuθo
zu,zuðoʊ,zuðoʊ,zuðo,zuðo
zu,zuhoʊ,zuhoʊ,zuho,zuho
ʃu,ʃumoʊ,ʃumoʊ,ʃumo,ʃumo
ʃu,ʃunoʊ,ʃunoʊ,ʃuno,ʃuno
ʃu,ʃupoʊ,ʃupoʊ,ʃupo,ʃupo
ʃu,ʃutoʊ,ʃutoʊ,ʃuto,ʃuto
ʃu,ʃukoʊ,ʃukoʊ,ʃuko,ʃuko
ʃu,ʃuboʊ,ʃuboʊ,ʃubo,ʃubo
ʃu,ʃudoʊ,ʃudoʊ,ʃudo,ʃudo
ʃu,ʃugoʊ,ʃugoʊ,ʃugo,ʃugo
ʃu,ʃufoʊ,ʃufoʊ,ʃufo,ʃufo
ʃu,ʃusoʊ,ʃusoʊ,ʃuso,ʃuso
ʃu,ʃuvoʊ,ʃuvoʊ,ʃuvo,ʃuvo
ʃu,ʃuzoʊ,ʃuzoʊ,ʃuzo,ʃuzo
ʃu,ʃuʃoʊ,ʃuʃoʊ,ʃuʃo,ʃuʃo
ʃu,ʃuʒoʊ,ʃuʒoʊ,ʃuʒo,ʃuʒo
ʃu,ʃuθoʊ,ʃuθoʊ,ʃuθo,ʃuθo
ʃu,ʃuðoʊ,ʃuðoʊ,ʃuðo,ʃuðo
ʃu,ʃuhoʊ,ʃuhoʊ,ʃuho,ʃuho
ʒu,ʒumoʊ,ʒumoʊ,ʒumo,ʒumo
ʒu,ʒunoʊ,ʒunoʊ,ʒuno,ʒuno
ʒu,ʒupoʊ,ʒupoʊ,ʒupo,ʒupo
ʒu,ʒutoʊ,ʒutoʊ,ʒuto,ʒuto
ʒu,ʒukoʊ,ʒukoʊ,ʒuko,ʒuko
ʒu,ʒuboʊ,ʒuboʊ,ʒubo,ʒubo
ʒu,ʒudoʊ,ʒudoʊ,ʒudo,ʒudo
ʒu,ʒugoʊ,ʒugoʊ,ʒugo,ʒugo
ʒu,ʒufoʊ,ʒufoʊ,ʒufo,ʒufo
ʒu,ʒusoʊ,ʒusoʊ,ʒuso,ʒuso
ʒu,ʒuvoʊ,ʒuvoʊ,ʒuvo,ʒuvo
ʒu,ʒuzoʊ,ʒuzoʊ,ʒuzo,ʒuzo
ʒu,ʒuʃoʊ,ʒuʃoʊ,ʒuʃo,ʒuʃo
ʒu,ʒuʒoʊ,ʒuʒoʊ,ʒuʒo,ʒuʒo
ʒu,ʒuθoʊ,ʒuθoʊ,ʒuθo,ʒuθo
ʒu,ʒuðoʊ,ʒuðoʊ,ʒuðo,ʒuðo
ʒu,ʒuhoʊ,ʒuhoʊ,ʒuho,ʒuho
θu,θumoʊ,θumoʊ,θumo,θumo
θu,θunoʊ,θunoʊ,θuno,θuno
θu,θupoʊ,θupoʊ,θupo,θupo
θu,θutoʊ,θutoʊ,θuto,θuto
θu,θukoʊ,θukoʊ,θuko,θuko
θu,θuboʊ,θuboʊ,θubo,θubo
θu,θudoʊ,θudoʊ,θudo,θudo
θu,θugoʊ,θugoʊ,θugo,θugo
θu,θufoʊ,θufoʊ,θufo,θufo
θu,θusoʊ,θusoʊ,θuso,θuso
θu,θuvoʊ,θuvoʊ,θuvo,θuvo
θu,θuzoʊ,θuzoʊ,θuzo,θuzo
θu,θuʃoʊ,θuʃoʊ,θuʃo,θuʃo
θu,θuʒoʊ,θuʒoʊ,θuʒo,θuʒo
θu,θuθoʊ,θuθoʊ,θuθo,θuθo
θu,θuðoʊ,θuðoʊ,θuðo,θuðo
θu,θuhoʊ,θuhoʊ,θuho,θuho
ðu,ðumoʊ,ðumoʊ,ðumo,ðumo
ðu,ðunoʊ,ðunoʊ,ðuno,ðuno
ðu,ðupoʊ,ðupoʊ,ðupo,ðupo
ðu,ðutoʊ,ðutoʊ,ðuto,ðuto
ðu,ðukoʊ,ðukoʊ,ðuko,ðuko
ðu,ðuboʊ,ðuboʊ,ðubo,ðubo
ðu,ðudoʊ,ðudoʊ,ðudo,ðudo
ðu,ðugoʊ,ðugoʊ,ðugo,ðugo
ðu,ðufoʊ,ðufoʊ,ðufo,ðufo
ðu,ðusoʊ,ðusoʊ,ðuso,ðuso
ðu,ðuvoʊ,ðuvoʊ,ðuvo,ðuvo
ðu,ðuzoʊ,ðuzoʊ,ðuzo,ðuzo
ðu,ðuʃoʊ,ðuʃoʊ,ðuʃo,ðuʃo
ðu,ðuʒoʊ,ðuʒoʊ,ðuʒo,ðuʒo
ðu,ðuθoʊ,ðuθoʊ,ðuθo,ðuθo
ðu,ðuðoʊ,ðuðoʊ,ðuðo,ðuðo
ðu,ðuhoʊ,ðuhoʊ,ðuho,ðuho
hu,humoʊ,humoʊ,humo,humo
hu,hunoʊ,hunoʊ,huno,huno
hu,hupoʊ,hupoʊ,hupo,hupo
hu,hutoʊ,hutoʊ,huto,huto
hu,hukoʊ,hukoʊ,huko,huko
hu,huboʊ,huboʊ,hubo,hubo
hu,hudoʊ,hudoʊ,hudo,hudo
hu,hugoʊ,hugoʊ,hugo,hugo
hu,hufoʊ,hufoʊ,hufo,hufo
hu,husoʊ,husoʊ,huso,huso
hu,huvoʊ,huvoʊ,huvo,huvo
hu,huzoʊ,huzoʊ,huzo,huzo
hu,huʃoʊ,huʃoʊ,huʃo,huʃo
hu,huʒoʊ,huʒoʊ,huʒo,huʒo
hu,huθoʊ,huθoʊ,huθo,huθo
hu,huðoʊ,huðoʊ,huðo,huðo
hu,huhoʊ,huhoʊ,huho,huho
moʊ,moʊmi,moʊmu,momi,momu
moʊ,moʊni,moʊnu,moni,monu
moʊ,moʊpi,moʊpu,mopi,mopu
moʊ,moʊti,moʊtu,moti,motu
moʊ,moʊki,moʊku,moki,moku
moʊ,moʊbi,moʊbu,mobi,mobu
moʊ,moʊdi,moʊdu,modi,modu
moʊ,moʊgi,moʊgu,mogi,mogu
moʊ,moʊfi,moʊfu,mofi,mofu
moʊ,moʊsi,moʊsu,mosi,mosu
moʊ,moʊvi,moʊvu,movi,movu
moʊ,moʊzi,moʊzu,mozi,mozu
moʊ,moʊʃi,moʊʃu,moʃi,moʃu
moʊ,moʊʒi,moʊʒu,moʒi,moʒu
moʊ,moʊθi,moʊθu,moθi,moθu
moʊ,moʊði,moʊðu,moði,moðu
moʊ,moʊhi,moʊhu,mohi,mohu
noʊ,noʊmi,noʊmu,nomi,nomu
noʊ,noʊni,noʊnu,noni,nonu
noʊ,noʊpi,noʊpu,nopi,nopu
noʊ,noʊti,noʊtu,noti,notu
noʊ,noʊki,noʊku,noki,noku
noʊ,noʊbi,noʊbu,nobi,nobu
noʊ,noʊdi,noʊdu,nodi,nodu
noʊ,noʊgi,noʊgu,nogi,nogu
noʊ,noʊfi,noʊfu,nofi,nofu
noʊ,noʊsi,noʊsu,nosi,nosu
noʊ,noʊvi,noʊvu,novi,novu
noʊ,noʊzi,noʊzu,nozi,nozu
noʊ,noʊʃi,noʊʃu,noʃi,noʃu
noʊ,noʊʒi,noʊʒu,noʒi,noʒu
noʊ,noʊθi,noʊθu,noθi,noθu
noʊ,noʊði,noʊðu,noði,noðu
noʊ,noʊhi,noʊhu,nohi,nohu
poʊ,poʊmi,poʊmu,pomi,pomu
poʊ,poʊni,poʊnu,poni,ponu
poʊ,poʊpi,poʊpu,popi,popu
poʊ,poʊti,poʊtu,poti,potu
poʊ,poʊki,poʊku,poki,poku
poʊ,poʊbi,poʊbu,pobi,pobu
poʊ,poʊdi,poʊdu,podi,podu
poʊ,poʊgi,poʊgu,pogi,pogu
poʊ,poʊfi,poʊfu,pofi,pofu
poʊ,poʊsi,poʊsu,posi,posu
poʊ,poʊvi,poʊvu,povi,povu
poʊ,poʊzi,poʊzu,pozi,pozu
poʊ,poʊʃi,poʊʃu,poʃi,poʃu
poʊ,poʊʒi,poʊʒu,poʒi,poʒu
poʊ,poʊθi,poʊθu,poθi,poθu
poʊ,poʊði,poʊðu,poði,poðu
poʊ,poʊhi,poʊhu,pohi,pohu
toʊ,toʊmi,toʊmu,tomi,tomu
toʊ,toʊni,toʊnu,toni,tonu
toʊ,toʊpi,toʊpu,topi,topu
toʊ,toʊti,toʊtu,toti,totu
toʊ,toʊki,toʊku,toki,toku
toʊ,toʊbi,toʊbu,tobi,tobu
toʊ,toʊdi,toʊdu,todi,todu
toʊ,toʊgi,toʊgu,togi,togu
toʊ,toʊfi,toʊfu,tofi,tofu
toʊ,toʊsi,toʊsu,tosi,tosu
toʊ,toʊvi,toʊvu,tovi,tovu
toʊ,toʊzi,toʊzu,tozi,tozu
toʊ,toʊʃi,toʊʃu,toʃi,toʃu
toʊ,toʊʒi,toʊʒu,toʒi,toʒu
toʊ,toʊθi,toʊθu,toθi,toθu
toʊ,toʊði,toʊðu,toði,toðu
toʊ,toʊhi,toʊhu,tohi,tohu
koʊ,koʊmi,koʊmu,komi,komu
koʊ,koʊni,koʊnu,koni,konu
koʊ,koʊpi,koʊpu,kopi,kopu
koʊ,koʊti,koʊtu,koti,kotu
koʊ,koʊki,koʊku,koki,koku
koʊ,koʊbi,koʊbu,kobi,kobu
koʊ,koʊdi,koʊdu,kodi,kodu
koʊ,koʊgi,koʊgu,kogi,kogu
koʊ,koʊfi,koʊfu,kofi,kofu
koʊ,koʊsi,koʊsu,kosi,kosu
koʊ,koʊvi,koʊvu,kovi,kovu
koʊ,koʊzi,koʊzu,kozi,kozu
koʊ,koʊʃi,koʊʃu,koʃi,koʃu
koʊ,koʊʒi,koʊʒu,koʒi,koʒu
koʊ,koʊθi,koʊθu,koθi,koθu
koʊ,koʊði,koʊðu,koði,koðu
koʊ,koʊhi,koʊhu,kohi,kohu
boʊ,boʊmi,boʊmu,bomi,bomu
boʊ,boʊni,boʊnu,boni,bonu
boʊ,boʊpi,boʊpu,bopi,bopu
boʊ,boʊti,boʊtu,boti,botu
boʊ,boʊki,boʊku,boki,boku
boʊ,boʊbi,boʊbu,bobi,bobu
boʊ,boʊdi,boʊdu,bodi,bodu
boʊ,boʊgi,boʊgu,bogi,bogu
boʊ,boʊfi,boʊfu,bofi,bofu
boʊ,boʊsi,boʊsu,bosi,bosu
boʊ,boʊvi,boʊvu,bovi,bovu
boʊ,boʊzi,boʊzu,bozi,bozu
boʊ,boʊʃi,boʊʃu,boʃi,boʃu
boʊ,boʊʒi,boʊʒu,boʒi,boʒu
boʊ,boʊθi,boʊθu,boθi,boθu
boʊ,boʊði,boʊðu,boði,boðu
boʊ,boʊhi,boʊhu,bohi,bohu
doʊ,doʊmi,doʊmu,domi,domu
doʊ,doʊni,doʊnu,doni,donu
doʊ,doʊpi,doʊpu,dopi,dopu
doʊ,doʊti,doʊtu,doti,dotu
doʊ,doʊki,doʊku,doki,doku
doʊ,doʊbi,doʊbu,dobi,dobu
doʊ,doʊdi,doʊdu,dodi,dodu
doʊ,doʊgi,doʊgu,dogi,dogu
doʊ,doʊfi,doʊfu,dofi,dofu
doʊ,doʊsi,doʊsu,dosi,dosu
doʊ,doʊvi,doʊvu,dovi,dovu
doʊ,doʊzi,doʊzu,dozi,dozu
doʊ,doʊʃi,doʊʃu,doʃi,doʃu
doʊ,doʊʒi,doʊʒu,doʒi,doʒu
doʊ,doʊθi,doʊθu,doθi,doθu
doʊ,doʊði,doʊðu,doði,doðu
doʊ,doʊhi,doʊhu,dohi,dohu
goʊ,goʊmi,goʊmu,gomi,gomu
goʊ,goʊni,goʊnu,goni,gonu
goʊ,goʊpi,goʊpu,gopi,gopu
goʊ,goʊti,goʊtu,goti,gotu
goʊ,goʊki,goʊku,goki,goku
goʊ,goʊbi,goʊbu,gobi,gobu
goʊ,goʊdi,goʊdu,godi,godu
goʊ,goʊgi,goʊgu,gogi,gogu
goʊ,goʊfi,goʊfu,gofi,gofu
goʊ,goʊsi,goʊsu,gosi,gosu
goʊ,goʊvi,goʊvu,govi,govu
goʊ,goʊzi,goʊzu,gozi,gozu
goʊ,goʊʃi,goʊʃu,goʃi,goʃu
goʊ,goʊʒi,goʊʒu,goʒi,goʒu
goʊ,goʊθi,goʊθu,goθi,goθu
goʊ,goʊði,goʊðu,goði,goðu
goʊ,goʊhi,goʊhu,gohi,gohu
foʊ,foʊmi,foʊmu,fomi,fomu
foʊ,foʊni,foʊnu,foni,fonu
foʊ,foʊpi,foʊpu,fopi,fopu
foʊ,foʊti,foʊtu,foti,fotu
foʊ,foʊki,foʊku,foki,foku
foʊ,foʊbi,foʊbu,fobi,fobu
foʊ,foʊdi,foʊdu,fodi,fodu
foʊ,foʊgi,foʊgu,fogi,fogu
foʊ,foʊfi,foʊfu,fofi,fofu
foʊ,foʊsi,foʊsu,fosi,fosu
foʊ,foʊvi,foʊvu,fovi,fovu
foʊ,foʊzi,foʊzu,fozi,fozu
foʊ,foʊʃi,foʊʃu,foʃi,foʃu
foʊ,foʊʒi,foʊʒu,foʒi,foʒu
foʊ,foʊθi,foʊθu,foθi,foθu
foʊ,foʊði,foʊðu,foði,foðu
foʊ,foʊhi,foʊhu,fohi,fohu
soʊ,soʊmi,soʊmu,somi,somu
soʊ,soʊni,soʊnu,soni,sonu
soʊ,soʊpi,soʊpu,sopi,sopu
soʊ,soʊti,soʊtu,soti,sotu
soʊ,soʊki,soʊku,soki,soku
soʊ,soʊbi,soʊbu,sobi,sobu
soʊ,soʊdi,soʊdu,sodi,sodu
soʊ,soʊgi,soʊgu,sogi,sogu
soʊ,soʊfi,soʊfu,sofi,sofu
soʊ,soʊsi,soʊsu,sosi,sosu
soʊ,soʊvi,soʊvu,sovi,sovu
soʊ,soʊzi,soʊzu,sozi,sozu
soʊ,soʊʃi,soʊʃu,soʃi,soʃu
soʊ,soʊʒi,soʊʒu,soʒi,soʒu
soʊ,soʊθi,soʊθu,soθi,soθu
soʊ,soʊði,soʊðu,soði,soðu
soʊ,soʊhi,soʊhu,sohi,sohu
voʊ,voʊmi,voʊmu,vomi,vomu
voʊ,voʊni,voʊnu,voni,vonu
voʊ,voʊpi,voʊpu,vopi,vopu
voʊ,voʊti,voʊtu,voti,votu
voʊ,voʊki,voʊku,voki,voku
voʊ,voʊbi,voʊbu,vobi,vobu
voʊ,voʊdi,voʊdu,vodi,vodu
voʊ,voʊgi,voʊgu,vogi,vogu
voʊ,voʊfi,voʊfu,vofi,vofu
voʊ,voʊsi,voʊsu,vosi,vosu
voʊ,voʊvi,voʊvu,vovi,vovu
voʊ,voʊzi,voʊzu,vozi,vozu
voʊ,voʊʃi,voʊʃu,voʃi,voʃu
voʊ,voʊʒi,voʊʒu,voʒi,voʒu
voʊ,voʊθi,voʊθu,voθi,voθu
voʊ,voʊði,voʊðu,voði,voðu
voʊ,voʊhi,voʊhu,vohi,vohu
zoʊ,zoʊmi,zoʊmu,zomi,zomu
zoʊ,zoʊni,zoʊnu,zoni,zonu
zoʊ,zoʊpi,zoʊpu,zopi,zopu
zoʊ,zoʊti,zoʊtu,zoti,zotu
zoʊ,zoʊki,zoʊku,zoki,zoku
zoʊ,zoʊbi,zoʊbu,zobi,zobu
zoʊ,zoʊdi,zoʊdu,zodi,zodu
zoʊ,zoʊgi,zoʊgu,zogi,zogu
zoʊ,zoʊfi,zoʊfu,zofi,zofu
zoʊ,zoʊsi,zoʊsu,zosi,zosu
zoʊ,zoʊvi,zoʊvu,zovi,zovu
zoʊ,zoʊzi,zoʊzu,zozi,zozu
zoʊ,zoʊʃi,zoʊʃu,zoʃi,zoʃu
zoʊ,zoʊʒi,zoʊʒu,zoʒi,zoʒu
zoʊ,zoʊθi,zoʊθu,zoθi,zoθu
zoʊ,zoʊði,zoʊðu,zoði,zoðu
zoʊ,zoʊhi,zoʊhu,zohi,zohu
ʃoʊ,ʃoʊmi,ʃoʊmu,ʃomi,ʃomu
ʃoʊ,ʃoʊni,ʃoʊnu,ʃoni,ʃonu
ʃoʊ,ʃoʊpi,ʃoʊpu,ʃopi,ʃopu
ʃoʊ,ʃoʊti,ʃoʊtu,ʃoti,ʃotu
ʃoʊ,ʃoʊki,ʃoʊku,ʃoki,ʃoku
ʃoʊ,ʃoʊbi,ʃoʊbu,ʃobi,ʃobu
ʃoʊ,ʃoʊdi,ʃoʊdu,ʃodi,ʃodu
ʃoʊ,ʃoʊgi,ʃoʊgu,ʃogi,ʃogu
ʃoʊ,ʃoʊfi,ʃoʊfu,ʃofi,ʃofu
ʃoʊ,ʃoʊsi,ʃoʊsu,ʃosi,ʃosu
ʃoʊ,ʃoʊvi,ʃoʊvu,ʃovi,ʃovu
ʃoʊ,ʃoʊzi,ʃoʊzu,ʃozi,ʃozu
ʃoʊ,ʃoʊʃi,ʃoʊʃu,ʃoʃi,ʃoʃu
ʃoʊ,ʃoʊʒi,ʃoʊʒu,ʃoʒi,ʃoʒu
ʃoʊ,ʃoʊθi,ʃoʊθu,ʃoθi,ʃoθu
ʃoʊ,ʃoʊði,ʃoʊðu,ʃoði,ʃoðu
ʃoʊ,ʃoʊhi,ʃoʊhu,ʃohi,ʃohu
ʒoʊ,ʒoʊmi,ʒoʊmu,ʒomi,ʒomu
ʒoʊ,ʒoʊni,ʒoʊnu,ʒoni,ʒonu
ʒoʊ,ʒoʊpi,ʒoʊpu,ʒopi,ʒopu
ʒoʊ,ʒoʊti,ʒoʊtu,ʒoti,ʒotu
ʒoʊ,ʒoʊki,ʒoʊku,ʒoki,ʒoku
ʒoʊ,ʒoʊbi,ʒoʊbu,ʒobi,ʒobu
ʒoʊ,ʒoʊdi,ʒoʊdu,ʒodi,ʒodu
ʒoʊ,ʒoʊgi,ʒoʊgu,ʒogi,ʒogu
ʒoʊ,ʒoʊfi,ʒoʊfu,ʒofi,ʒofu
ʒoʊ,ʒoʊsi,ʒoʊsu,ʒosi,ʒosu
ʒoʊ,ʒoʊvi,ʒoʊvu,ʒovi,ʒovu
ʒoʊ,ʒoʊzi,ʒoʊzu,ʒozi,ʒozu
ʒoʊ,ʒoʊʃi,ʒoʊʃu,ʒoʃi,ʒoʃu
ʒoʊ,ʒoʊʒi,ʒoʊʒu,ʒoʒi,ʒoʒu
ʒoʊ,ʒoʊθi,ʒoʊθu,ʒoθi,ʒoθu
ʒoʊ,ʒoʊði,ʒoʊðu,ʒoði,ʒoðu
ʒoʊ,ʒoʊhi,ʒoʊhu,ʒohi,ʒohu
θoʊ,θoʊmi,θoʊmu,θomi,θomu
θoʊ,θoʊni,θoʊnu,θoni,θonu
θoʊ,θoʊpi,θoʊpu,θopi,θopu
θoʊ,θoʊti,θoʊtu,θoti,θotu
θoʊ,θoʊki,θoʊku,θoki,θoku
θoʊ,θoʊbi,θoʊbu,θobi,θobu
θoʊ,θoʊdi,θoʊdu,θodi,θodu
θoʊ,θoʊgi,θoʊgu,θogi,θogu
θoʊ,θoʊfi,θoʊfu,θofi,θofu
θoʊ,θoʊsi,θoʊsu,θosi,θosu
θoʊ,θoʊvi,θoʊvu,θovi,θovu
θoʊ,θoʊzi,θoʊzu,θozi,θozu
θoʊ,θoʊʃi,θoʊʃu,θoʃi,θoʃu
θoʊ,θoʊʒi,θoʊʒu,θoʒi,θoʒu
θoʊ,θoʊθi,θoʊθu,θoθi,θoθu
θoʊ,θoʊði,θoʊðu,θoði,θoðu
θoʊ,θoʊhi,θoʊhu,θohi,θohu
ðoʊ,ðoʊmi,ðoʊmu,ðomi,ðomu
ðoʊ,ðoʊni,ðoʊnu,ðoni,ðonu
ðoʊ,ðoʊpi,ðoʊpu,ðopi,ðopu
ðoʊ,ðoʊti,ðoʊtu,ðoti,ðotu
ðoʊ,ðoʊki,ðoʊku,ðoki,ðoku
ðoʊ,ðoʊbi,ðoʊbu,ðobi,ðobu
ðoʊ,ðoʊdi,ðoʊdu,ðodi,ðodu
ðoʊ,ðoʊgi,ðoʊgu,ðogi,ðogu
ðoʊ,ðoʊfi,ðoʊfu,ðofi,ðofu
ðoʊ,ðoʊsi,ðoʊsu,ðosi,ðosu
ðoʊ,ðoʊvi,ðoʊvu,ðovi,ðovu
ðoʊ,ðoʊzi,ðoʊzu,ðozi,ðozu
ðoʊ,ðoʊʃi,ðoʊʃu,ðoʃi,ðoʃu
ðoʊ,ðoʊʒi,ðoʊʒu,ðoʒi,ðoʒu
ðoʊ,ðoʊθi,ðoʊθu,ðoθi,ðoθu
ðoʊ,ðoʊði,ðoʊðu,ðoði,ðoðu
ðoʊ,ðoʊhi,ðoʊhu,ðohi,ðohu
hoʊ,hoʊmi,hoʊmu,homi,homu
hoʊ,hoʊni,hoʊnu,honi,honu
hoʊ,hoʊpi,hoʊpu,hopi,hopu
hoʊ,hoʊti,hoʊtu,hoti,hotu
hoʊ,hoʊki,hoʊku,hoki,hoku
hoʊ,hoʊbi,hoʊbu,hobi,hobu
hoʊ,hoʊdi,hoʊdu,hodi,hodu
hoʊ,hoʊgi,hoʊgu,hogi,hogu
hoʊ,hoʊfi,hoʊfu,hofi,hofu
hoʊ,hoʊsi,hoʊsu,hosi,hosu
hoʊ,hoʊvi,hoʊvu,hovi,hovu
hoʊ,hoʊzi,hoʊzu,hozi,hozu
hoʊ,hoʊʃi,hoʊʃu,hoʃi,hoʃu
hoʊ,hoʊʒi,hoʊʒu,hoʒi,hoʒu
hoʊ,hoʊθi,hoʊθu,hoθi,hoθu
hoʊ,hoʊði,hoʊðu,hoði,hoðu
hoʊ,hoʊhi,hoʊhu,hohi,hohu
moʊ,moʊmeɪ,moʊmoʊ,mome,momo
moʊ,moʊneɪ,moʊnoʊ,mone,mono
moʊ,moʊpeɪ,moʊpoʊ,mope,mopo
moʊ,moʊteɪ,moʊtoʊ,mote,moto
moʊ,moʊkeɪ,moʊkoʊ,moke,moko
moʊ,moʊbeɪ,moʊboʊ,mobe,mobo
moʊ,moʊdeɪ,moʊdoʊ,mode,modo
moʊ,moʊgeɪ,moʊgoʊ,moge,mogo
moʊ,moʊfeɪ,moʊfoʊ,mofe,mofo
moʊ,moʊseɪ,moʊsoʊ,mose,moso
moʊ,moʊveɪ,moʊvoʊ,move,movo
moʊ,moʊzeɪ,moʊzoʊ,moze,mozo
moʊ,moʊʃeɪ,moʊʃoʊ,moʃe,moʃo
moʊ,moʊʒeɪ,moʊʒoʊ,moʒe,moʒo
moʊ,moʊθeɪ,moʊθoʊ,moθe,moθo
moʊ,moʊðeɪ,moʊðoʊ,moðe,moðo
moʊ,moʊheɪ,moʊhoʊ,mohe,moho
noʊ,noʊmeɪ,noʊmoʊ,nome,nomo
noʊ,noʊneɪ,noʊnoʊ,none,nono
noʊ,noʊpeɪ,noʊpoʊ,nope,nopo
noʊ,noʊteɪ,noʊtoʊ,note,noto
noʊ,noʊkeɪ,noʊkoʊ,noke,noko
noʊ,noʊbeɪ,noʊboʊ,nobe,nobo
noʊ,noʊdeɪ,noʊdoʊ,node,nodo
noʊ,noʊgeɪ,noʊgoʊ,noge,nogo
noʊ,noʊfeɪ,noʊfoʊ,nofe,nofo
noʊ,noʊseɪ,noʊsoʊ,nose,noso
noʊ,noʊveɪ,noʊvoʊ,nove,novo
noʊ,noʊzeɪ,noʊzoʊ,noze,nozo
noʊ,noʊʃeɪ,noʊʃoʊ,noʃe,noʃo
noʊ,noʊʒeɪ,noʊʒoʊ,noʒe,noʒo
noʊ,noʊθeɪ,noʊθoʊ,noθe,noθo
noʊ,noʊðeɪ,noʊðoʊ,noðe,noðo
noʊ,noʊheɪ,noʊhoʊ,nohe,noho
poʊ,poʊmeɪ,poʊmoʊ,pome,pomo
poʊ,poʊneɪ,poʊnoʊ,pone,pono
poʊ,poʊpeɪ,poʊpoʊ,pope,popo
poʊ,poʊteɪ,poʊtoʊ,pote,poto
poʊ,poʊkeɪ,poʊkoʊ,poke,poko
poʊ,poʊbeɪ,poʊboʊ,pobe,pobo
poʊ,poʊdeɪ,poʊdoʊ,pode,podo
poʊ,poʊgeɪ,poʊgoʊ,poge,pogo
poʊ,poʊfeɪ,poʊfoʊ,pofe,pofo
poʊ,poʊseɪ,poʊsoʊ,pose,poso
poʊ,poʊveɪ,poʊvoʊ,pove,povo
poʊ,poʊzeɪ,poʊzoʊ,poze,pozo
poʊ,poʊʃeɪ,poʊʃoʊ,poʃe,poʃo
poʊ,poʊʒeɪ,poʊʒoʊ,poʒe,poʒo
poʊ,poʊθeɪ,poʊθoʊ,poθe,poθo
poʊ,poʊðeɪ,poʊðoʊ,poðe,poðo
poʊ,poʊheɪ,poʊhoʊ,pohe,poho
toʊ,toʊmeɪ,toʊmoʊ,tome,tomo
toʊ,toʊneɪ,toʊnoʊ,tone,tono
toʊ,toʊpeɪ,toʊpoʊ,tope,topo
toʊ,toʊteɪ,toʊtoʊ,tote,toto
toʊ,toʊkeɪ,toʊkoʊ,toke,toko
toʊ,toʊbeɪ,toʊboʊ,tobe,tobo
toʊ,toʊdeɪ,toʊdoʊ,tode,todo
toʊ,toʊgeɪ,toʊgoʊ,toge,togo
toʊ,toʊfeɪ,toʊfoʊ,tofe,tofo
toʊ,toʊseɪ,toʊsoʊ,tose,toso
toʊ,toʊveɪ,toʊvoʊ,tove,tovo
toʊ,toʊzeɪ,toʊzoʊ,toze,tozo
toʊ,toʊʃeɪ,toʊʃoʊ,toʃe,toʃo
toʊ,toʊʒeɪ,toʊʒoʊ,toʒe,toʒo
toʊ,toʊθeɪ,toʊθoʊ,toθe,toθo
toʊ,toʊðeɪ,toʊðoʊ,toðe,toðo
toʊ,toʊheɪ,toʊhoʊ,tohe,toho
koʊ,koʊmeɪ,koʊmoʊ,kome,komo
koʊ,koʊneɪ,koʊnoʊ,kone,kono
koʊ,koʊpeɪ,koʊpoʊ,kope,kopo
koʊ,koʊteɪ,koʊtoʊ,kote,koto
koʊ,koʊkeɪ,koʊkoʊ,koke,koko
koʊ,koʊbeɪ,koʊboʊ,kobe,kobo
koʊ,koʊdeɪ,koʊdoʊ,kode,kodo
koʊ,koʊgeɪ,koʊgoʊ,koge,kogo
koʊ,koʊfeɪ,koʊfoʊ,kofe,kofo
koʊ,koʊseɪ,koʊsoʊ,kose,koso
koʊ,koʊveɪ,koʊvoʊ,kove,kovo
koʊ,koʊzeɪ,koʊzoʊ,koze,kozo
koʊ,koʊʃeɪ,koʊʃoʊ,koʃe,koʃo
koʊ,koʊʒeɪ,koʊʒoʊ,koʒe,koʒo
koʊ,koʊθeɪ,koʊθoʊ,koθe,koθo
koʊ,koʊðeɪ,koʊðoʊ,koðe,koðo
koʊ,koʊheɪ,koʊhoʊ,kohe,koho
boʊ,boʊmeɪ,boʊmoʊ,bome,bomo
boʊ,boʊneɪ,boʊnoʊ,bone,bono
boʊ,boʊpeɪ,boʊpoʊ,bope,bopo
boʊ,boʊteɪ,boʊtoʊ,bote,boto
boʊ,boʊkeɪ,boʊkoʊ,boke,boko
boʊ,boʊbeɪ,boʊboʊ,bobe,bobo
boʊ,boʊdeɪ,boʊdoʊ,bode,bodo
boʊ,boʊgeɪ,boʊgoʊ,boge,bogo
boʊ,boʊfeɪ,boʊfoʊ,bofe,bofo
boʊ,boʊseɪ,boʊsoʊ,bose,boso
boʊ,boʊveɪ,boʊvoʊ,bove,bovo
boʊ,boʊzeɪ,boʊzoʊ,boze,bozo
boʊ,boʊʃeɪ,boʊʃoʊ,boʃe,boʃo
boʊ,boʊʒeɪ,boʊʒoʊ,boʒe,boʒo
boʊ,boʊθeɪ,boʊθoʊ,boθe,boθo
boʊ,boʊðeɪ,boʊðoʊ,boðe,boðo
boʊ,boʊheɪ,boʊhoʊ,bohe,boho
doʊ,doʊmeɪ,doʊmoʊ,dome,domo
doʊ,doʊneɪ,doʊnoʊ,done,dono
doʊ,doʊpeɪ,doʊpoʊ,dope,dopo
doʊ,doʊteɪ,doʊtoʊ,dote,doto
doʊ,doʊkeɪ,doʊkoʊ,doke,doko
doʊ,doʊbeɪ,doʊboʊ,dobe,dobo
doʊ,doʊdeɪ,doʊdoʊ,dode,dodo
doʊ,doʊgeɪ,doʊgoʊ,doge,dogo
doʊ,doʊfeɪ,doʊfoʊ,dofe,dofo
doʊ,doʊseɪ,doʊsoʊ,dose,doso
doʊ,doʊveɪ,doʊvoʊ,dove,dovo
doʊ,doʊzeɪ,doʊzoʊ,doze,dozo
doʊ,doʊʃeɪ,doʊʃoʊ,doʃe,doʃo
doʊ,doʊʒeɪ,doʊʒoʊ,doʒe,doʒo
doʊ,doʊθeɪ,doʊθoʊ,doθe,doθo
doʊ,doʊðeɪ,doʊðoʊ,doðe,doðo
doʊ,doʊheɪ,doʊhoʊ,dohe,doho
goʊ,goʊmeɪ,goʊmoʊ,gome,gomo
goʊ,goʊneɪ,goʊnoʊ,gone,gono
goʊ,goʊpeɪ,goʊpoʊ,gope,gopo
goʊ,goʊteɪ,goʊtoʊ,gote,goto
goʊ,goʊkeɪ,goʊkoʊ,goke,goko
goʊ,goʊbeɪ,goʊboʊ,gobe,gobo
goʊ,goʊdeɪ,goʊdoʊ,gode,godo
goʊ,goʊgeɪ,goʊgoʊ,goge,gogo
goʊ,goʊfeɪ,goʊfoʊ,gofe,gofo
goʊ,goʊseɪ,goʊsoʊ,gose,goso
goʊ,goʊveɪ,goʊvoʊ,gove,govo
goʊ,goʊzeɪ,goʊzoʊ,goze,gozo
goʊ,goʊʃeɪ,goʊʃoʊ,goʃe,goʃo
goʊ,goʊʒeɪ,goʊʒoʊ,goʒe,goʒo
goʊ,goʊθeɪ,goʊθoʊ,goθe,goθo
goʊ,goʊðeɪ,goʊðoʊ,goðe,goðo
goʊ,goʊheɪ,goʊhoʊ,gohe,goho
foʊ,foʊmeɪ,foʊmoʊ,fome,fomo
foʊ,foʊneɪ,foʊnoʊ,fone,fono
foʊ,foʊpeɪ,foʊpoʊ,fope,fopo
foʊ,foʊteɪ,foʊtoʊ,fote,foto
foʊ,foʊkeɪ,foʊkoʊ,foke,foko
foʊ,foʊbeɪ,foʊboʊ,fobe,fobo
foʊ,foʊdeɪ,foʊdoʊ,fode,fodo
foʊ,foʊgeɪ,foʊgoʊ,foge,fogo
foʊ,foʊfeɪ,foʊfoʊ,fofe,fofo
foʊ,foʊseɪ,foʊsoʊ,fose,foso
foʊ,foʊveɪ,foʊvoʊ,fove,fovo
foʊ,foʊzeɪ,foʊzoʊ,foze,fozo
foʊ,foʊʃeɪ,foʊʃoʊ,foʃe,foʃo
foʊ,foʊʒeɪ,foʊʒoʊ,foʒe,foʒo
foʊ,foʊθeɪ,foʊθoʊ,foθe,foθo
foʊ,foʊðeɪ,foʊðoʊ,foðe,foðo
foʊ,foʊheɪ,foʊhoʊ,fohe,foho
soʊ,soʊmeɪ,soʊmoʊ,some,somo
soʊ,soʊneɪ,soʊnoʊ,sone,sono
soʊ,soʊpeɪ,soʊpoʊ,sope,sopo
soʊ,soʊteɪ,soʊtoʊ,sote,soto
soʊ,soʊkeɪ,soʊkoʊ,soke,soko
soʊ,soʊbeɪ,soʊboʊ,sobe,sobo
soʊ,soʊdeɪ,soʊdoʊ,sode,sodo
soʊ,soʊgeɪ,soʊgoʊ,soge,sogo
soʊ,soʊfeɪ,soʊfoʊ,sofe,sofo
soʊ,soʊseɪ,soʊsoʊ,sose,soso
soʊ,soʊveɪ,soʊvoʊ,sove,sovo
soʊ,soʊzeɪ,soʊzoʊ,soze,sozo
soʊ,soʊʃeɪ,soʊʃoʊ,soʃe,soʃo
soʊ,soʊʒeɪ,soʊʒoʊ,soʒe,soʒo
soʊ,soʊθeɪ,soʊθoʊ,soθe,soθo
soʊ,soʊðeɪ,soʊðoʊ,soðe,soðo
soʊ,soʊheɪ,soʊhoʊ,sohe,soho
voʊ,voʊmeɪ,voʊmoʊ,vome,vomo
voʊ,voʊneɪ,voʊnoʊ,vone,vono
voʊ,voʊpeɪ,voʊpoʊ,vope,vopo
voʊ,voʊteɪ,voʊtoʊ,vote,voto
voʊ,voʊkeɪ,voʊkoʊ,voke,voko
voʊ,voʊbeɪ,voʊboʊ,vobe,vobo
voʊ,voʊdeɪ,voʊdoʊ,vode,vodo
voʊ,voʊgeɪ,voʊgoʊ,voge,vogo
voʊ,voʊfeɪ,voʊfoʊ,vofe,vofo
voʊ,voʊseɪ,voʊsoʊ,vose,voso
voʊ,voʊveɪ,voʊvoʊ,vove,vovo
voʊ,voʊzeɪ,voʊzoʊ,voze,vozo
voʊ,voʊʃeɪ,voʊʃoʊ,voʃe,voʃo
voʊ,voʊʒeɪ,voʊʒoʊ,voʒe,voʒo
voʊ,voʊθeɪ,voʊθoʊ,voθe,voθo
voʊ,voʊðeɪ,voʊðoʊ,voðe,voðo
voʊ,voʊheɪ,voʊhoʊ,vohe,voho
zoʊ,zoʊmeɪ,zoʊmoʊ,zome,zomo
zoʊ,zoʊneɪ,zoʊnoʊ,zone,zono
zoʊ,zoʊpeɪ,zoʊpoʊ,zope,zopo
zoʊ,zoʊteɪ,zoʊtoʊ,zote,zoto
zoʊ,zoʊkeɪ,zoʊkoʊ,zoke,zoko
zoʊ,zoʊbeɪ,zoʊboʊ,zobe,zobo
zoʊ,zoʊdeɪ,zoʊdoʊ,zode,zodo
zoʊ,zoʊgeɪ,zoʊgoʊ,zoge,zogo
zoʊ,zoʊfeɪ,zoʊfoʊ,zofe,zofo
zoʊ,zoʊseɪ,zoʊsoʊ,zose,zoso
zoʊ,zoʊveɪ,zoʊvoʊ,zove,zovo
zoʊ,zoʊzeɪ,zoʊzoʊ,zoze,zozo
zoʊ,zoʊʃeɪ,zoʊʃoʊ,zoʃe,zoʃo
zoʊ,zoʊʒeɪ,zoʊʒoʊ,zoʒe,zoʒo
zoʊ,zoʊθeɪ,zoʊθoʊ,zoθe,zoθo
zoʊ,zoʊðeɪ,zoʊðoʊ,zoðe,zoðo
zoʊ,zoʊheɪ,zoʊhoʊ,zohe,zoho
ʃoʊ,ʃoʊmeɪ,ʃoʊmoʊ,ʃome,ʃomo
ʃoʊ,ʃoʊneɪ,ʃoʊnoʊ,ʃone,ʃono
ʃoʊ,ʃoʊpeɪ,ʃoʊpoʊ,ʃope,ʃopo
ʃoʊ,ʃoʊteɪ,ʃoʊtoʊ,ʃote,ʃoto
ʃoʊ,ʃoʊkeɪ,ʃoʊkoʊ,ʃoke,ʃoko
ʃoʊ,ʃoʊbeɪ,ʃoʊboʊ,ʃobe,ʃobo
ʃoʊ,ʃoʊdeɪ,ʃoʊdoʊ,ʃode,ʃodo
ʃoʊ,ʃoʊgeɪ,ʃoʊgoʊ,ʃoge,ʃogo
ʃoʊ,ʃoʊfeɪ,ʃoʊfoʊ,ʃofe,ʃofo
ʃoʊ,ʃoʊseɪ,ʃoʊsoʊ,ʃose,ʃoso
ʃoʊ,ʃoʊveɪ,ʃoʊvoʊ,ʃove,ʃovo
ʃoʊ,ʃoʊzeɪ,ʃoʊzoʊ,ʃoze,ʃozo
ʃoʊ,ʃoʊʃeɪ,ʃoʊʃoʊ,ʃoʃe,ʃoʃo
ʃoʊ,ʃoʊʒeɪ,ʃoʊʒoʊ,ʃoʒe,ʃoʒo
ʃoʊ,ʃoʊθeɪ,ʃoʊθoʊ,ʃoθe,ʃoθo
ʃoʊ,ʃoʊðeɪ,ʃoʊðoʊ,ʃoðe,ʃoðo
ʃoʊ,ʃoʊheɪ,ʃoʊhoʊ,ʃohe,ʃoho
ʒoʊ,ʒoʊmeɪ,ʒoʊmoʊ,ʒome,ʒomo
ʒoʊ,ʒoʊneɪ,ʒoʊnoʊ,ʒone,ʒono
ʒoʊ,ʒoʊpeɪ,ʒoʊpoʊ,ʒope,ʒopo
ʒoʊ,ʒoʊteɪ,ʒoʊtoʊ,ʒote,ʒoto
ʒoʊ,ʒoʊkeɪ,ʒoʊkoʊ,ʒoke,ʒoko
ʒoʊ,ʒoʊbeɪ,ʒoʊboʊ,ʒobe,ʒobo
ʒoʊ,ʒoʊdeɪ,ʒoʊdoʊ,ʒode,ʒodo
ʒoʊ,ʒoʊgeɪ,ʒoʊgoʊ,ʒoge,ʒogo
ʒoʊ,ʒoʊfeɪ,ʒoʊfoʊ,ʒofe,ʒofo
ʒoʊ,ʒoʊseɪ,ʒoʊsoʊ,ʒose,ʒoso
ʒoʊ,ʒoʊveɪ,ʒoʊvoʊ,ʒove,ʒovo
ʒoʊ,ʒoʊzeɪ,ʒoʊzoʊ,ʒoze,ʒozo
ʒoʊ,ʒoʊʃeɪ,ʒoʊʃoʊ,ʒoʃe,ʒoʃo
ʒoʊ,ʒoʊʒeɪ,ʒoʊʒoʊ,ʒoʒe,ʒoʒo
ʒoʊ,ʒoʊθeɪ,ʒoʊθoʊ,ʒoθe,ʒoθo
ʒoʊ,ʒoʊðeɪ,ʒoʊðoʊ,ʒoðe,ʒoðo
ʒoʊ,ʒoʊheɪ,ʒoʊhoʊ,ʒohe,ʒoho
θoʊ,θoʊmeɪ,θoʊmoʊ,θome,θomo
θoʊ,θoʊneɪ,θoʊnoʊ,θone,θono
θoʊ,θoʊpeɪ,θoʊpoʊ,θope,θopo
θoʊ,θoʊteɪ,θoʊtoʊ,θote,θoto
θoʊ,θoʊkeɪ,θoʊkoʊ,θoke,θoko
θoʊ,θoʊbeɪ,θoʊboʊ,θobe,θobo
θoʊ,θoʊdeɪ,θoʊdoʊ,θode,θodo
θoʊ,θoʊgeɪ,θoʊgoʊ,θoge,θogo
θoʊ,θoʊfeɪ,θoʊfoʊ,θofe,θofo
θoʊ,θoʊseɪ,θoʊsoʊ,θose,θoso
θoʊ,θoʊveɪ,θoʊvoʊ,θove,θovo
θoʊ,θoʊzeɪ,θoʊzoʊ,θoze,θozo
θoʊ,θoʊʃeɪ,θoʊʃoʊ,θoʃe,θoʃo
θoʊ,θoʊʒeɪ,θoʊʒoʊ,θoʒe,θoʒo
θoʊ,θoʊθeɪ,θoʊθoʊ,θoθe,θoθo
θoʊ,θoʊðeɪ,θoʊðoʊ,θoðe,θoðo
θoʊ,θoʊheɪ,θoʊhoʊ,θohe,θoho
ðoʊ,ðoʊmeɪ,ðoʊmoʊ,ðome,ðomo
ðoʊ,ðoʊneɪ,ðoʊnoʊ,ðone,ðono
ðoʊ,ðoʊpeɪ,ðoʊpoʊ,ðope,ðopo
ðoʊ,ðoʊteɪ,ðoʊtoʊ,ðote,ðoto
ðoʊ,ðoʊkeɪ,ðoʊkoʊ,ðoke,ðoko
ðoʊ,ðoʊbeɪ,ðoʊboʊ,ðobe,ðobo
ðoʊ,ðoʊdeɪ,ðoʊdoʊ,ðode,ðodo
ðoʊ,ðoʊgeɪ,ðoʊgoʊ,ðoge,ðogo
ðoʊ,ðoʊfeɪ,ðoʊfoʊ,ðofe,ðofo
ðoʊ,ðoʊseɪ,ðoʊsoʊ,ðose,ðoso
ðoʊ,ðoʊveɪ,ðoʊvoʊ,ðove,ðovo
ðoʊ,ðoʊzeɪ,ðoʊzoʊ,ðoze,ðozo
ðoʊ,ðoʊʃeɪ,ðoʊʃoʊ,ðoʃe,ðoʃo
ðoʊ,ðoʊʒeɪ,ðoʊʒoʊ,ðoʒe,ðoʒo
ðoʊ,ðoʊθeɪ,ðoʊθoʊ,ðoθe,ðoθo
ðoʊ,ðoʊðeɪ,ðoʊðoʊ,ðoðe,ðoðo
ðoʊ,ðoʊheɪ,ðoʊhoʊ,ðohe,ðoho
hoʊ,hoʊmeɪ,hoʊmoʊ,home,homo
hoʊ,hoʊneɪ,hoʊnoʊ,hone,hono
hoʊ,hoʊpeɪ,hoʊpoʊ,hope,hopo
hoʊ,hoʊteɪ,hoʊtoʊ,hote,hoto
hoʊ,hoʊkeɪ,hoʊkoʊ,hoke,hoko
hoʊ,hoʊbeɪ,hoʊboʊ,hobe,hobo
hoʊ,hoʊdeɪ,hoʊdoʊ,hode,hodo
hoʊ,hoʊgeɪ,hoʊgoʊ,hoge,hogo
hoʊ,hoʊfeɪ,hoʊfoʊ,hofe,hofo
hoʊ,hoʊseɪ,hoʊsoʊ,hose,hoso
hoʊ,hoʊveɪ,hoʊvoʊ,hove,hovo
hoʊ,hoʊzeɪ,hoʊzoʊ,hoze,hozo
hoʊ,hoʊʃeɪ,hoʊʃoʊ,hoʃe,hoʃo
hoʊ,hoʊʒeɪ,hoʊʒoʊ,hoʒe,hoʒo
hoʊ,hoʊθeɪ,hoʊθoʊ,hoθe,hoθo
hoʊ,hoʊðeɪ,hoʊðoʊ,hoðe,hoðo
hoʊ,hoʊheɪ,hoʊhoʊ,hohe,hoho
moʊ,moʊmu,moʊmu,momu,momu
moʊ,moʊnu,moʊnu,monu,monu
moʊ,moʊpu,moʊpu,mopu,mopu
moʊ,moʊtu,moʊtu,motu,motu
moʊ,moʊku,moʊku,moku,moku
moʊ,moʊbu,moʊbu,mobu,mobu
moʊ,moʊdu,moʊdu,modu,modu
moʊ,moʊgu,moʊgu,mogu,mogu
moʊ,moʊfu,moʊfu,mofu,mofu
moʊ,moʊsu,moʊsu,mosu,mosu
moʊ,moʊvu,moʊvu,movu,movu
moʊ,moʊzu,moʊzu,mozu,mozu
moʊ,moʊʃu,moʊʃu,moʃu,moʃu
moʊ,moʊʒu,moʊʒu,moʒu,moʒu
moʊ,moʊθu,moʊθu,moθu,moθu
moʊ,moʊðu,moʊðu,moðu,moðu
moʊ,moʊhu,moʊhu,mohu,mohu
noʊ,noʊmu,noʊmu,nomu,nomu
noʊ,noʊnu,noʊnu,nonu,nonu
noʊ,noʊpu,noʊpu,nopu,nopu
noʊ,noʊtu,noʊtu,notu,notu
noʊ,noʊku,noʊku,noku,noku
noʊ,noʊbu,noʊbu,nobu,nobu
noʊ,noʊdu,noʊdu,nodu,nodu
noʊ,noʊgu,noʊgu,nogu,nogu
noʊ,noʊfu,noʊfu,nofu,nofu
noʊ,noʊsu,noʊsu,nosu,nosu
noʊ,noʊvu,noʊvu,novu,novu
noʊ,noʊzu,noʊzu,nozu,nozu
noʊ,noʊʃu,noʊʃu,noʃu,noʃu
noʊ,noʊʒu,noʊʒu,noʒu,noʒu
noʊ,noʊθu,noʊθu,noθu,noθu
noʊ,noʊðu,noʊðu,noðu,noðu
noʊ,noʊhu,noʊhu,nohu,nohu
poʊ,poʊmu,poʊmu,pomu,pomu
poʊ,poʊnu,poʊnu,ponu,ponu
poʊ,poʊpu,poʊpu,popu,popu
poʊ,poʊtu,poʊtu,potu,potu
poʊ,poʊku,poʊku,poku,poku
poʊ,poʊbu,poʊbu,pobu,pobu
poʊ,poʊdu,poʊdu,podu,podu
poʊ,poʊgu,poʊgu,pogu,pogu
poʊ,poʊfu,poʊfu,pofu,pofu
poʊ,poʊsu,poʊsu,posu,posu
poʊ,poʊvu,poʊvu,povu,povu
poʊ,poʊzu,poʊzu,pozu,pozu
poʊ,poʊʃu,poʊʃu,poʃu,poʃu
poʊ,poʊʒu,poʊʒu,poʒu,poʒu
poʊ,poʊθu,poʊθu,poθu,poθu
poʊ,poʊðu,poʊðu,poðu,poðu
poʊ,poʊhu,poʊhu,pohu,pohu
toʊ,toʊmu,toʊmu,tomu,tomu
toʊ,toʊnu,toʊnu,tonu,tonu
toʊ,toʊpu,toʊpu,topu,topu
toʊ,toʊtu,toʊtu,totu,totu
toʊ,toʊku,toʊku,toku,toku
toʊ,toʊbu,toʊbu,tobu,tobu
toʊ,toʊdu,toʊdu,todu,todu
toʊ,toʊgu,toʊgu,togu,togu
toʊ,toʊfu,toʊfu,tofu,tofu
toʊ,toʊsu,toʊsu,tosu,tosu
toʊ,toʊvu,toʊvu,tovu,tovu
toʊ,toʊzu,toʊzu,tozu,tozu
toʊ,toʊʃu,toʊʃu,toʃu,toʃu
toʊ,toʊʒu,toʊʒu,toʒu,toʒu
toʊ,toʊθu,toʊθu,toθu,toθu
toʊ,toʊðu,toʊðu,toðu,toðu
toʊ,toʊhu,toʊhu,tohu,tohu
koʊ,koʊmu,koʊmu,komu,komu
koʊ,koʊnu,koʊnu,konu,konu
koʊ,koʊpu,koʊpu,kopu,kopu
koʊ,koʊtu,koʊtu,kotu,kotu
koʊ,koʊku,koʊku,koku,koku
koʊ,koʊbu,koʊbu,kobu,kobu
koʊ,koʊdu,koʊdu,kodu,kodu
koʊ,koʊgu,koʊgu,kogu,kogu
koʊ,koʊfu,koʊfu,kofu,kofu
koʊ,koʊsu,koʊsu,kosu,kosu
koʊ,koʊvu,koʊvu,kovu,kovu
koʊ,koʊzu,koʊzu,kozu,kozu
koʊ,koʊʃu,koʊʃu,koʃu,koʃu
koʊ,koʊʒu,koʊʒu,koʒu,koʒu
koʊ,koʊθu,koʊθu,koθu,koθu
koʊ,koʊðu,koʊðu,koðu,koðu
koʊ,koʊhu,koʊhu,kohu,kohu
boʊ,boʊmu,boʊmu,bomu,bomu
boʊ,boʊnu,boʊnu,bonu,bonu
boʊ,boʊpu,boʊpu,bopu,bopu
boʊ,boʊtu,boʊtu,botu,botu
boʊ,boʊku,boʊku,boku,boku
boʊ,boʊbu,boʊbu,bobu,bobu
boʊ,boʊdu,boʊdu,bodu,bodu
boʊ,boʊgu,boʊgu,bogu,bogu
boʊ,boʊfu,boʊfu,bofu,bofu
boʊ,boʊsu,boʊsu,bosu,bosu
boʊ,boʊvu,boʊvu,bovu,bovu
boʊ,boʊzu,boʊzu,bozu,bozu
boʊ,boʊʃu,boʊʃu,boʃu,boʃu
boʊ,boʊʒu,boʊʒu,boʒu,boʒu
boʊ,boʊθu,boʊθu,boθu,boθu
boʊ,boʊðu,boʊðu,boðu,boðu
boʊ,boʊhu,boʊhu,bohu,bohu
doʊ,doʊmu,doʊmu,domu,domu
doʊ,doʊnu,doʊnu,donu,donu
doʊ,doʊpu,doʊpu,dopu,dopu
doʊ,doʊtu,doʊtu,dotu,dotu
doʊ,doʊku,doʊku,doku,doku
doʊ,doʊbu,doʊbu,dobu,dobu
doʊ,doʊdu,doʊdu,dodu,dodu
doʊ,doʊgu,doʊgu,dogu,dogu
doʊ,doʊfu,doʊfu,dofu,dofu
doʊ,doʊsu,doʊsu,dosu,dosu
doʊ,doʊvu,doʊvu,dovu,dovu
doʊ,doʊzu,doʊzu,dozu,dozu
doʊ,doʊʃu,doʊʃu,doʃu,doʃu
doʊ,doʊʒu,doʊʒu,doʒu,doʒu
doʊ,doʊθu,doʊθu,doθu,doθu
doʊ,doʊðu,doʊðu,doðu,doðu
doʊ,doʊhu,doʊhu,dohu,dohu
goʊ,goʊmu,goʊmu,gomu,gomu
goʊ,goʊnu,goʊnu,gonu,gonu
goʊ,goʊpu,goʊpu,gopu,gopu
goʊ,goʊtu,goʊtu,gotu,gotu
goʊ,goʊku,goʊku,goku,goku
goʊ,goʊbu,goʊbu,gobu,gobu
goʊ,goʊdu,goʊdu,godu,godu
goʊ,goʊgu,goʊgu,gogu,gogu
goʊ,goʊfu,goʊfu,gofu,gofu
goʊ,goʊsu,goʊsu,gosu,gosu
goʊ,goʊvu,goʊvu,govu,govu
goʊ,goʊzu,goʊzu,gozu,gozu
goʊ,goʊʃu,goʊʃu,goʃu,goʃu
goʊ,goʊʒu,goʊʒu,goʒu,goʒu
goʊ,goʊθu,goʊθu,goθu,goθu
goʊ,goʊðu,goʊðu,goðu,goðu
goʊ,goʊhu,goʊhu,gohu,gohu
foʊ,foʊmu,foʊmu,fomu,fomu
foʊ,foʊnu,foʊnu,fonu,fonu
foʊ,foʊpu,foʊpu,fopu,fopu
foʊ,foʊtu,foʊtu,fotu,fotu
foʊ,foʊku,foʊku,foku,foku
foʊ,foʊbu,foʊbu,fobu,fobu
foʊ,foʊdu,foʊdu,fodu,fodu
foʊ,foʊgu,foʊgu,fogu,fogu
foʊ,foʊfu,foʊfu,fofu,fofu
foʊ,foʊsu,foʊsu,fosu,fosu
foʊ,foʊvu,foʊvu,fovu,fovu
foʊ,foʊzu,foʊzu,fozu,fozu
foʊ,foʊʃu,foʊʃu,foʃu,foʃu
foʊ,foʊʒu,foʊʒu,foʒu,foʒu
foʊ,foʊθu,foʊθu,foθu,foθu
foʊ,foʊðu,foʊðu,foðu,foðu
foʊ,foʊhu,foʊhu,fohu,fohu
soʊ,soʊmu,soʊmu,somu,somu
soʊ,soʊnu,soʊnu,sonu,sonu
soʊ,soʊpu,soʊpu,sopu,sopu
soʊ,soʊtu,soʊtu,sotu,sotu
soʊ,soʊku,soʊku,soku,soku
soʊ,soʊbu,soʊbu,sobu,sobu
soʊ,soʊdu,soʊdu,sodu,sodu
soʊ,soʊgu,soʊgu,sogu,sogu
soʊ,soʊfu,soʊfu,sofu,sofu
soʊ,soʊsu,soʊsu,sosu,sosu
soʊ,soʊvu,soʊvu,sovu,sovu
soʊ,soʊzu,soʊzu,sozu,sozu
soʊ,soʊʃu,soʊʃu,soʃu,soʃu
soʊ,soʊʒu,soʊʒu,soʒu,soʒu
soʊ,soʊθu,soʊθu,soθu,soθu
soʊ,soʊðu,soʊðu,soðu,soðu
soʊ,soʊhu,soʊhu,sohu,sohu
voʊ,voʊmu,voʊmu,vomu,vomu
voʊ,voʊnu,voʊnu,vonu,vonu
voʊ,voʊpu,voʊpu,vopu,vopu
voʊ,voʊtu,voʊtu,votu,votu
voʊ,voʊku,voʊku,voku,voku
voʊ,voʊbu,voʊbu,vobu,vobu
voʊ,voʊdu,voʊdu,vodu,vodu
voʊ,voʊgu,voʊgu,vogu,vogu
voʊ,voʊfu,voʊfu,vofu,vofu
voʊ,voʊsu,voʊsu,vosu,vosu
voʊ,voʊvu,voʊvu,vovu,vovu
voʊ,voʊzu,voʊzu,vozu,vozu
voʊ,voʊʃu,voʊʃu,voʃu,voʃu
voʊ,voʊʒu,voʊʒu,voʒu,voʒu
voʊ,voʊθu,voʊθu,voθu,voθu
voʊ,voʊðu,voʊðu,voðu,voðu
voʊ,voʊhu,voʊhu,vohu,vohu
zoʊ,zoʊmu,zoʊmu,zomu,zomu
zoʊ,zoʊnu,zoʊnu,zonu,zonu
zoʊ,zoʊpu,zoʊpu,zopu,zopu
zoʊ,zoʊtu,zoʊtu,zotu,zotu
zoʊ,zoʊku,zoʊku,zoku,zoku
zoʊ,zoʊbu,zoʊbu,zobu,zobu
zoʊ,zoʊdu,zoʊdu,zodu,zodu
zoʊ,zoʊgu,zoʊgu,zogu,zogu
zoʊ,zoʊfu,zoʊfu,zofu,zofu
zoʊ,zoʊsu,zoʊsu,zosu,zosu
zoʊ,zoʊvu,zoʊvu,zovu,zovu
zoʊ,zoʊzu,zoʊzu,zozu,zozu
zoʊ,zoʊʃu,zoʊʃu,zoʃu,zoʃu
zoʊ,zoʊʒu,zoʊʒu,zoʒu,zoʒu
zoʊ,zoʊθu,zoʊθu,zoθu,zoθu
zoʊ,zoʊðu,zoʊðu,zoðu,zoðu
zoʊ,zoʊhu,zoʊhu,zohu,zohu
ʃoʊ,ʃoʊmu,ʃoʊmu,ʃomu,ʃomu
ʃoʊ,ʃoʊnu,ʃoʊnu,ʃonu,ʃonu
ʃoʊ,ʃoʊpu,ʃoʊpu,ʃopu,ʃopu
ʃoʊ,ʃoʊtu,ʃoʊtu,ʃotu,ʃotu
ʃoʊ,ʃoʊku,ʃoʊku,ʃoku,ʃoku
ʃoʊ,ʃoʊbu,ʃoʊbu,ʃobu,ʃobu
ʃoʊ,ʃoʊdu,ʃoʊdu,ʃodu,ʃodu
ʃoʊ,ʃoʊgu,ʃoʊgu,ʃogu,ʃogu
ʃoʊ,ʃoʊfu,ʃoʊfu,ʃofu,ʃofu
ʃoʊ,ʃoʊsu,ʃoʊsu,ʃosu,ʃosu
ʃoʊ,ʃoʊvu,ʃoʊvu,ʃovu,ʃovu
ʃoʊ,ʃoʊzu,ʃoʊzu,ʃozu,ʃozu
ʃoʊ,ʃoʊʃu,ʃoʊʃu,ʃoʃu,ʃoʃu
ʃoʊ,ʃoʊʒu,ʃoʊʒu,ʃoʒu,ʃoʒu
ʃoʊ,ʃoʊθu,ʃoʊθu,ʃoθu,ʃoθu
ʃoʊ,ʃoʊðu,ʃoʊðu,ʃoðu,ʃoðu
ʃoʊ,ʃoʊhu,ʃoʊhu,ʃohu,ʃohu
ʒoʊ,ʒoʊmu,ʒoʊmu,ʒomu,ʒomu
ʒoʊ,ʒoʊnu,ʒoʊnu,ʒonu,ʒonu
ʒoʊ,ʒoʊpu,ʒoʊpu,ʒopu,ʒopu
ʒoʊ,ʒoʊtu,ʒoʊtu,ʒotu,ʒotu
ʒoʊ,ʒoʊku,ʒoʊku,ʒoku,ʒoku
ʒoʊ,ʒoʊbu,ʒoʊbu,ʒobu,ʒobu
ʒoʊ,ʒoʊdu,ʒoʊdu,ʒodu,ʒodu
ʒoʊ,ʒoʊgu,ʒoʊgu,ʒogu,ʒogu
ʒoʊ,ʒoʊfu,ʒoʊfu,ʒofu,ʒofu
ʒoʊ,ʒoʊsu,ʒoʊsu,ʒosu,ʒosu
ʒoʊ,ʒoʊvu,ʒoʊvu,ʒovu,ʒovu
ʒoʊ,ʒoʊzu,ʒoʊzu,ʒozu,ʒozu
ʒoʊ,ʒoʊʃu,ʒoʊʃu,ʒoʃu,ʒoʃu
ʒoʊ,ʒoʊʒu,ʒoʊʒu,ʒoʒu,ʒoʒu
ʒoʊ,ʒoʊθu,ʒoʊθu,ʒoθu,ʒoθu
ʒoʊ,ʒoʊðu,ʒoʊðu,ʒoðu,ʒoðu
ʒoʊ,ʒoʊhu,ʒoʊhu,ʒohu,ʒohu
θoʊ,θoʊmu,θoʊmu,θomu,θomu
θoʊ,θoʊnu,θoʊnu,θonu,θonu
θoʊ,θoʊpu,θoʊpu,θopu,θopu
θoʊ,θoʊtu,θoʊtu,θotu,θotu
θoʊ,θoʊku,θoʊku,θoku,θoku
θoʊ,θoʊbu,θoʊbu,θobu,θobu
θoʊ,θoʊdu,θoʊdu,θodu,θodu
θoʊ,θoʊgu,θoʊgu,θogu,θogu
θoʊ,θoʊfu,θoʊfu,θofu,θofu
θoʊ,θoʊsu,θoʊsu,θosu,θosu
θoʊ,θoʊvu,θoʊvu,θovu,θovu
θoʊ,θoʊzu,θoʊzu,θozu,θozu
θoʊ,θoʊʃu,θoʊʃu,θoʃu,θoʃu
θoʊ,θoʊʒu,θoʊʒu,θoʒu,θoʒu
θoʊ,θoʊθu,θoʊθu,θoθu,θoθu
θoʊ,θoʊðu,θoʊðu,θoðu,θoðu
θoʊ,θoʊhu,θoʊhu,θohu,θohu
ðoʊ,ðoʊmu,ðoʊmu,ðomu,ðomu
ðoʊ,ðoʊnu,ðoʊnu,ðonu,ðonu
ðoʊ,ðoʊpu,ðoʊpu,ðopu,ðopu
ðoʊ,ðoʊtu,ðoʊtu,ðotu,ðotu
ðoʊ,ðoʊku,ðoʊku,ðoku,ðoku
ðoʊ,ðoʊbu,ðoʊbu,ðobu,ðobu
ðoʊ,ðoʊdu,ðoʊdu,ðodu,ðodu
ðoʊ,ðoʊgu,ðoʊgu,ðogu,ðogu
ðoʊ,ðoʊfu,ðoʊfu,ðofu,ðofu
ðoʊ,ðoʊsu,ðoʊsu,ðosu,ðosu
ðoʊ,ðoʊvu,ðoʊvu,ðovu,ðovu
ðoʊ,ðoʊzu,ðoʊzu,ðozu,ðozu
ðoʊ,ðoʊʃu,ðoʊʃu,ðoʃu,ðoʃu
ðoʊ,ðoʊʒu,ðoʊʒu,ðoʒu,ðoʒu
ðoʊ,ðoʊθu,ðoʊθu,ðoθu,ðoθu
ðoʊ,ðoʊðu,ðoʊðu,ðoðu,ðoðu
ðoʊ,ðoʊhu,ðoʊhu,ðohu,ðohu
hoʊ,hoʊmu,hoʊmu,homu,homu
hoʊ,hoʊnu,hoʊnu,honu,honu
hoʊ,hoʊpu,hoʊpu,hopu,hopu
hoʊ,hoʊtu,hoʊtu,hotu,hotu
hoʊ,hoʊku,hoʊku,hoku,hoku
hoʊ,hoʊbu,hoʊbu,hobu,hobu
hoʊ,hoʊdu,hoʊdu,hodu,hodu
hoʊ,hoʊgu,hoʊgu,hogu,hogu
hoʊ,hoʊfu,hoʊfu,hofu,hofu
hoʊ,hoʊsu,hoʊsu,hosu,hosu
hoʊ,hoʊvu,hoʊvu,hovu,hovu
hoʊ,hoʊzu,hoʊzu,hozu,hozu
hoʊ,hoʊʃu,hoʊʃu,hoʃu,hoʃu
hoʊ,hoʊʒu,hoʊʒu,hoʒu,hoʒu
hoʊ,hoʊθu,hoʊθu,hoθu,hoθu
hoʊ,hoʊðu,hoʊðu,hoðu,hoðu
hoʊ,hoʊhu,hoʊhu,hohu,hohu
moʊ,moʊmoʊ,moʊmoʊ,momo,momo
moʊ,moʊnoʊ,moʊnoʊ,mono,mono
moʊ,moʊpoʊ,moʊpoʊ,mopo,mopo
moʊ,moʊtoʊ,moʊtoʊ,moto,moto
moʊ,moʊkoʊ,moʊkoʊ,moko,moko
moʊ,moʊboʊ,moʊboʊ,mobo,mobo
moʊ,moʊdoʊ,moʊdoʊ,modo,modo
moʊ,moʊgoʊ,moʊgoʊ,mogo,mogo
moʊ,moʊfoʊ,moʊfoʊ,mofo,mofo
moʊ,moʊsoʊ,moʊsoʊ,moso,moso
moʊ,moʊvoʊ,moʊvoʊ,movo,movo
moʊ,moʊzoʊ,moʊzoʊ,mozo,mozo
moʊ,moʊʃoʊ,moʊʃoʊ,moʃo,moʃo
moʊ,moʊʒoʊ,moʊʒoʊ,moʒo,moʒo
moʊ,moʊθoʊ,moʊθoʊ,moθo,moθo
moʊ,moʊðoʊ,moʊðoʊ,moðo,moðo
moʊ,moʊhoʊ,moʊhoʊ,moho,moho
noʊ,noʊmoʊ,noʊmoʊ,nomo,nomo
noʊ,noʊnoʊ,noʊnoʊ,nono,nono
noʊ,noʊpoʊ,noʊpoʊ,nopo,nopo
noʊ,noʊtoʊ,noʊtoʊ,noto,noto
noʊ,noʊkoʊ,noʊkoʊ,noko,noko
noʊ,noʊboʊ,noʊboʊ,nobo,nobo
noʊ,noʊdoʊ,noʊdoʊ,nodo,nodo
noʊ,noʊgoʊ,noʊgoʊ,nogo,nogo
noʊ,noʊfoʊ,noʊfoʊ,nofo,nofo
noʊ,noʊsoʊ,noʊsoʊ,noso,noso
noʊ,noʊvoʊ,noʊvoʊ,novo,novo
noʊ,noʊzoʊ,noʊzoʊ,nozo,nozo
noʊ,noʊʃoʊ,noʊʃoʊ,noʃo,noʃo
noʊ,noʊʒoʊ,noʊʒoʊ,noʒo,noʒo
noʊ,noʊθoʊ,noʊθoʊ,noθo,noθo
noʊ,noʊðoʊ,noʊðoʊ,noðo,noðo
noʊ,noʊhoʊ,noʊhoʊ,noho,noho
poʊ,poʊmoʊ,poʊmoʊ,pomo,pomo
poʊ,poʊnoʊ,poʊnoʊ,pono,pono
poʊ,poʊpoʊ,poʊpoʊ,popo,popo
poʊ,poʊtoʊ,poʊtoʊ,poto,poto
poʊ,poʊkoʊ,poʊkoʊ,poko,poko
poʊ,poʊboʊ,poʊboʊ,pobo,pobo
poʊ,poʊdoʊ,poʊdoʊ,podo,podo
poʊ,poʊgoʊ,poʊgoʊ,pogo,pogo
poʊ,poʊfoʊ,poʊfoʊ,pofo,pofo
poʊ,poʊsoʊ,poʊsoʊ,poso,poso
poʊ,poʊvoʊ,poʊvoʊ,povo,povo
poʊ,poʊzoʊ,poʊzoʊ,pozo,pozo
poʊ,poʊʃoʊ,poʊʃoʊ,poʃo,poʃo
poʊ,poʊʒoʊ,poʊʒoʊ,poʒo,poʒo
poʊ,poʊθoʊ,poʊθoʊ,poθo,poθo
poʊ,poʊðoʊ,poʊðoʊ,poðo,poðo
poʊ,poʊhoʊ,poʊhoʊ,poho,poho
toʊ,toʊmoʊ,toʊmoʊ,tomo,tomo
toʊ,toʊnoʊ,toʊnoʊ,tono,tono
toʊ,toʊpoʊ,toʊpoʊ,topo,topo
toʊ,toʊtoʊ,toʊtoʊ,toto,toto
toʊ,toʊkoʊ,toʊkoʊ,toko,toko
toʊ,toʊboʊ,toʊboʊ,tobo,tobo
toʊ,toʊdoʊ,toʊdoʊ,todo,todo
toʊ,toʊgoʊ,toʊgoʊ,togo,togo
toʊ,toʊfoʊ,toʊfoʊ,tofo,tofo
toʊ,toʊsoʊ,toʊsoʊ,toso,toso
toʊ,toʊvoʊ,toʊvoʊ,tovo,tovo
toʊ,toʊzoʊ,toʊzoʊ,tozo,tozo
toʊ,toʊʃoʊ,toʊʃoʊ,toʃo,toʃo
toʊ,toʊʒoʊ,toʊʒoʊ,toʒo,toʒo
toʊ,toʊθoʊ,toʊθoʊ,toθo,toθo
toʊ,toʊðoʊ,toʊðoʊ,toðo,toðo
toʊ,toʊhoʊ,toʊhoʊ,toho,toho
koʊ,koʊmoʊ,koʊmoʊ,komo,komo
koʊ,koʊnoʊ,koʊnoʊ,kono,kono
koʊ,koʊpoʊ,koʊpoʊ,kopo,kopo
koʊ,koʊtoʊ,koʊtoʊ,koto,koto
koʊ,koʊkoʊ,koʊkoʊ,koko,koko
koʊ,koʊboʊ,koʊboʊ,kobo,kobo
koʊ,koʊdoʊ,koʊdoʊ,kodo,kodo
koʊ,koʊgoʊ,koʊgoʊ,kogo,kogo
koʊ,koʊfoʊ,koʊfoʊ,kofo,kofo
koʊ,koʊsoʊ,koʊsoʊ,koso,koso
koʊ,koʊvoʊ,koʊvoʊ,kovo,kovo
koʊ,koʊzoʊ,koʊzoʊ,kozo,kozo
koʊ,koʊʃoʊ,koʊʃoʊ,koʃo,koʃo
koʊ,koʊʒoʊ,koʊʒoʊ,koʒo,koʒo
koʊ,koʊθoʊ,koʊθoʊ,koθo,koθo
koʊ,koʊðoʊ,koʊðoʊ,koðo,koðo
koʊ,koʊhoʊ,koʊhoʊ,koho,koho
boʊ,boʊmoʊ,boʊmoʊ,bomo,bomo
boʊ,boʊnoʊ,boʊnoʊ,bono,bono
boʊ,boʊpoʊ,boʊpoʊ,bopo,bopo
boʊ,boʊtoʊ,boʊtoʊ,boto,boto
boʊ,boʊkoʊ,boʊkoʊ,boko,boko
boʊ,boʊboʊ,boʊboʊ,bobo,bobo
boʊ,boʊdoʊ,boʊdoʊ,bodo,bodo
boʊ,boʊgoʊ,boʊgoʊ,bogo,bogo
boʊ,boʊfoʊ,boʊfoʊ,bofo,bofo
boʊ,boʊsoʊ,boʊsoʊ,boso,boso
boʊ,boʊvoʊ,boʊvoʊ,bovo,bovo
boʊ,boʊzoʊ,boʊzoʊ,bozo,bozo
boʊ,boʊʃoʊ,boʊʃoʊ,boʃo,boʃo
boʊ,boʊʒoʊ,boʊʒoʊ,boʒo,boʒo
boʊ,boʊθoʊ,boʊθoʊ,boθo,boθo
boʊ,boʊðoʊ,boʊðoʊ,boðo,boðo
boʊ,boʊhoʊ,boʊhoʊ,boho,boho
doʊ,doʊmoʊ,doʊmoʊ,domo,domo
doʊ,doʊnoʊ,doʊnoʊ,dono,dono
doʊ,doʊpoʊ,doʊpoʊ,dopo,dopo
doʊ,doʊtoʊ,doʊtoʊ,doto,doto
doʊ,doʊkoʊ,doʊkoʊ,doko,doko
doʊ,doʊboʊ,doʊboʊ,dobo,dobo
doʊ,doʊdoʊ,doʊdoʊ,dodo,dodo
doʊ,doʊgoʊ,doʊgoʊ,dogo,dogo
doʊ,doʊfoʊ,doʊfoʊ,dofo,dofo
doʊ,doʊsoʊ,doʊsoʊ,doso,doso
doʊ,doʊvoʊ,doʊvoʊ,dovo,dovo
doʊ,doʊzoʊ,doʊzoʊ,dozo,dozo
doʊ,doʊʃoʊ,doʊʃoʊ,doʃo,doʃo
doʊ,doʊʒoʊ,doʊʒoʊ,doʒo,doʒo
doʊ,doʊθoʊ,doʊθoʊ,doθo,doθo
doʊ,doʊðoʊ,doʊðoʊ,doðo,doðo
doʊ,doʊhoʊ,doʊhoʊ,doho,doho
goʊ,goʊmoʊ,goʊmoʊ,gomo,gomo
goʊ,goʊnoʊ,goʊnoʊ,gono,gono
goʊ,goʊpoʊ,goʊpoʊ,gopo,gopo
goʊ,goʊtoʊ,goʊtoʊ,goto,goto
goʊ,goʊkoʊ,goʊkoʊ,goko,goko
goʊ,goʊboʊ,goʊboʊ,gobo,gobo
goʊ,goʊdoʊ,goʊdoʊ,godo,godo
goʊ,goʊgoʊ,goʊgoʊ,gogo,gogo
goʊ,goʊfoʊ,goʊfoʊ,gofo,gofo
goʊ,goʊsoʊ,goʊsoʊ,goso,goso
goʊ,goʊvoʊ,goʊvoʊ,govo,govo
goʊ,goʊzoʊ,goʊzoʊ,gozo,gozo
goʊ,goʊʃoʊ,goʊʃoʊ,goʃo,goʃo
goʊ,goʊʒoʊ,goʊʒoʊ,goʒo,goʒo
goʊ,goʊθoʊ,goʊθoʊ,goθo,goθo
goʊ,goʊðoʊ,goʊðoʊ,goðo,goðo
goʊ,goʊhoʊ,goʊhoʊ,goho,goho
foʊ,foʊmoʊ,foʊmoʊ,fomo,fomo
foʊ,foʊnoʊ,foʊnoʊ,fono,fono
foʊ,foʊpoʊ,foʊpoʊ,fopo,fopo
foʊ,foʊtoʊ,foʊtoʊ,foto,foto
foʊ,foʊkoʊ,foʊkoʊ,foko,foko
foʊ,foʊboʊ,foʊboʊ,fobo,fobo
foʊ,foʊdoʊ,foʊdoʊ,fodo,fodo
foʊ,foʊgoʊ,foʊgoʊ,fogo,fogo
foʊ,foʊfoʊ,foʊfoʊ,fofo,fofo
foʊ,foʊsoʊ,foʊsoʊ,foso,foso
foʊ,foʊvoʊ,foʊvoʊ,fovo,fovo
foʊ,foʊzoʊ,foʊzoʊ,fozo,fozo
foʊ,foʊʃoʊ,foʊʃoʊ,foʃo,foʃo
foʊ,foʊʒoʊ,foʊʒoʊ,foʒo,foʒo
foʊ,foʊθoʊ,foʊθoʊ,foθo,foθo
foʊ,foʊðoʊ,foʊðoʊ,foðo,foðo
foʊ,foʊhoʊ,foʊhoʊ,foho,foho
soʊ,soʊmoʊ,soʊmoʊ,somo,somo
soʊ,soʊnoʊ,soʊnoʊ,sono,sono
soʊ,soʊpoʊ,soʊpoʊ,sopo,sopo
soʊ,soʊtoʊ,soʊtoʊ,soto,soto
soʊ,soʊkoʊ,soʊkoʊ,soko,soko
soʊ,soʊboʊ,soʊboʊ,sobo,sobo
soʊ,soʊdoʊ,soʊdoʊ,sodo,sodo
soʊ,soʊgoʊ,soʊgoʊ,sogo,sogo
soʊ,soʊfoʊ,soʊfoʊ,sofo,sofo
soʊ,soʊsoʊ,soʊsoʊ,soso,soso
soʊ,soʊvoʊ,soʊvoʊ,sovo,sovo
soʊ,soʊzoʊ,soʊzoʊ,sozo,sozo
soʊ,soʊʃoʊ,soʊʃoʊ,soʃo,soʃo
soʊ,soʊʒoʊ,soʊʒoʊ,soʒo,soʒo
soʊ,soʊθoʊ,soʊθoʊ,soθo,soθo
soʊ,soʊðoʊ,soʊðoʊ,soðo,soðo
soʊ,soʊhoʊ,soʊhoʊ,soho,soho
voʊ,voʊmoʊ,voʊmoʊ,vomo,vomo
voʊ,voʊnoʊ,voʊnoʊ,vono,vono
voʊ,voʊpoʊ,voʊpoʊ,vopo,vopo
voʊ,voʊtoʊ,voʊtoʊ,voto,voto
voʊ,voʊkoʊ,voʊkoʊ,voko,voko
voʊ,voʊboʊ,voʊboʊ,vobo,vobo
voʊ,voʊdoʊ,voʊdoʊ,vodo,vodo
voʊ,voʊgoʊ,voʊgoʊ,vogo,vogo
voʊ,voʊfoʊ,voʊfoʊ,vofo,vofo
voʊ,voʊsoʊ,voʊsoʊ,voso,voso
voʊ,voʊvoʊ,voʊvoʊ,vovo,vovo
voʊ,voʊzoʊ,voʊzoʊ,vozo,vozo
voʊ,voʊʃoʊ,voʊʃoʊ,voʃo,voʃo
voʊ,voʊʒoʊ,voʊʒoʊ,voʒo,voʒo
voʊ,voʊθoʊ,voʊθoʊ,voθo,voθo
voʊ,voʊðoʊ,voʊðoʊ,voðo,voðo
voʊ,voʊhoʊ,voʊhoʊ,voho,voho
zoʊ,zoʊmoʊ,zoʊmoʊ,zomo,zomo
zoʊ,zoʊnoʊ,zoʊnoʊ,zono,zono
zoʊ,zoʊpoʊ,zoʊpoʊ,zopo,zopo
zoʊ,zoʊtoʊ,zoʊtoʊ,zoto,zoto
zoʊ,zoʊkoʊ,zoʊkoʊ,zoko,zoko
zoʊ,zoʊboʊ,zoʊboʊ,zobo,zobo
zoʊ,zoʊdoʊ,zoʊdoʊ,zodo,zodo
zoʊ,zoʊgoʊ,zoʊgoʊ,zogo,zogo
zoʊ,zoʊfoʊ,zoʊfoʊ,zofo,zofo
zoʊ,zoʊsoʊ,zoʊsoʊ,zoso,zoso
zoʊ,zoʊvoʊ,zoʊvoʊ,zovo,zovo
zoʊ,zoʊzoʊ,zoʊzoʊ,zozo,zozo
zoʊ,zoʊʃoʊ,zoʊʃoʊ,zoʃo,zoʃo
zoʊ,zoʊʒoʊ,zoʊʒoʊ,zoʒo,zoʒo
zoʊ,zoʊθoʊ,zoʊθoʊ,zoθo,zoθo
zoʊ,zoʊðoʊ,zoʊðoʊ,zoðo,zoðo
zoʊ,zoʊhoʊ,zoʊhoʊ,zoho,zoho
ʃoʊ,ʃoʊmoʊ,ʃoʊmoʊ,ʃomo,ʃomo
ʃoʊ,ʃoʊnoʊ,ʃoʊnoʊ,ʃono,ʃono
ʃoʊ,ʃoʊpoʊ,ʃoʊpoʊ,ʃopo,ʃopo
ʃoʊ,ʃoʊtoʊ,ʃoʊtoʊ,ʃoto,ʃoto
ʃoʊ,ʃoʊkoʊ,ʃoʊkoʊ,ʃoko,ʃoko
ʃoʊ,ʃoʊboʊ,ʃoʊboʊ,ʃobo,ʃobo
ʃoʊ,ʃoʊdoʊ,ʃoʊdoʊ,ʃodo,ʃodo
ʃoʊ,ʃoʊgoʊ,ʃoʊgoʊ,ʃogo,ʃogo
ʃoʊ,ʃoʊfoʊ,ʃoʊfoʊ,ʃofo,ʃofo
ʃoʊ,ʃoʊsoʊ,ʃoʊsoʊ,ʃoso,ʃoso
ʃoʊ,ʃoʊvoʊ,ʃoʊvoʊ,ʃovo,ʃovo
ʃoʊ,ʃoʊzoʊ,ʃoʊzoʊ,ʃozo,ʃozo
ʃoʊ,ʃoʊʃoʊ,ʃoʊʃoʊ,ʃoʃo,ʃoʃo
ʃoʊ,ʃoʊʒoʊ,ʃoʊʒoʊ,ʃoʒo,ʃoʒo
ʃoʊ,ʃoʊθoʊ,ʃoʊθoʊ,ʃoθo,ʃoθo
ʃoʊ,ʃoʊðoʊ,ʃoʊðoʊ,ʃoðo,ʃoðo
ʃoʊ,ʃoʊhoʊ,ʃoʊhoʊ,ʃoho,ʃoho
ʒoʊ,ʒoʊmoʊ,ʒoʊmoʊ,ʒomo,ʒomo
ʒoʊ,ʒoʊnoʊ,ʒoʊnoʊ,ʒono,ʒono
ʒoʊ,ʒoʊpoʊ,ʒoʊpoʊ,ʒopo,ʒopo
ʒoʊ,ʒoʊtoʊ,ʒoʊtoʊ,ʒoto,ʒoto
ʒoʊ,ʒoʊkoʊ,ʒoʊkoʊ,ʒoko,ʒoko
ʒoʊ,ʒoʊboʊ,ʒoʊboʊ,ʒobo,ʒobo
ʒoʊ,ʒoʊdoʊ,ʒoʊdoʊ,ʒodo,ʒodo
ʒoʊ,ʒoʊgoʊ,ʒoʊgoʊ,ʒogo,ʒogo
ʒoʊ,ʒoʊfoʊ,ʒoʊfoʊ,ʒofo,ʒofo
ʒoʊ,ʒoʊsoʊ,ʒoʊsoʊ,ʒoso,ʒoso
ʒoʊ,ʒoʊvoʊ,ʒoʊvoʊ,ʒovo,ʒovo
ʒoʊ,ʒoʊzoʊ,ʒoʊzoʊ,ʒozo,ʒozo
ʒoʊ,ʒoʊʃoʊ,ʒoʊʃoʊ,ʒoʃo,ʒoʃo
ʒoʊ,ʒoʊʒoʊ,ʒoʊʒoʊ,ʒoʒo,ʒoʒo
ʒoʊ,ʒoʊθoʊ,ʒoʊθoʊ,ʒoθo,ʒoθo
ʒoʊ,ʒoʊðoʊ,ʒoʊðoʊ,ʒoðo,ʒoðo
ʒoʊ,ʒoʊhoʊ,ʒoʊhoʊ,ʒoho,ʒoho
θoʊ,θoʊmoʊ,θoʊmoʊ,θomo,θomo
θoʊ,θoʊnoʊ,θoʊnoʊ,θono,θono
θoʊ,θoʊpoʊ,θoʊpoʊ,θopo,θopo
θoʊ,θoʊtoʊ,θoʊtoʊ,θoto,θoto
θoʊ,θoʊkoʊ,θoʊkoʊ,θoko,θoko
θoʊ,θoʊboʊ,θoʊboʊ,θobo,θobo
θoʊ,θoʊdoʊ,θoʊdoʊ,θodo,θodo
θoʊ,θoʊgoʊ,θoʊgoʊ,θogo,θogo
θoʊ,θoʊfoʊ,θoʊfoʊ,θofo,θofo
θoʊ,θoʊsoʊ,θoʊsoʊ,θoso,θoso
θoʊ,θoʊvoʊ,θoʊvoʊ,θovo,θovo
θoʊ,θoʊzoʊ,θoʊzoʊ,θozo,θozo
θoʊ,θoʊʃoʊ,θoʊʃoʊ,θoʃo,θoʃo
θoʊ,θoʊʒoʊ,θoʊʒoʊ,θoʒo,θoʒo
θoʊ,θoʊθoʊ,θoʊθoʊ,θoθo,θoθo
θoʊ,θoʊðoʊ,θoʊðoʊ,θoðo,θoðo
θoʊ,θoʊhoʊ,θoʊhoʊ,θoho,θoho
ðoʊ,ðoʊmoʊ,ðoʊmoʊ,ðomo,ðomo
ðoʊ,ðoʊnoʊ,ðoʊnoʊ,ðono,ðono
ðoʊ,ðoʊpoʊ,ðoʊpoʊ,ðopo,ðopo
ðoʊ,ðoʊtoʊ,ðoʊtoʊ,ðoto,ðoto
ðoʊ,ðoʊkoʊ,ðoʊkoʊ,ðoko,ðoko
ðoʊ,ðoʊboʊ,ðoʊboʊ,ðobo,ðobo
ðoʊ,ðoʊdoʊ,ðoʊdoʊ,ðodo,ðodo
ðoʊ,ðoʊgoʊ,ðoʊgoʊ,ðogo,ðogo
ðoʊ,ðoʊfoʊ,ðoʊfoʊ,ðofo,ðofo
ðoʊ,ðoʊsoʊ,ðoʊsoʊ,ðoso,ðoso
ðoʊ,ðoʊvoʊ,ðoʊvoʊ,ðovo,ðovo
ðoʊ,ðoʊzoʊ,ðoʊzoʊ,ðozo,ðozo
ðoʊ,ðoʊʃoʊ,ðoʊʃoʊ,ðoʃo,ðoʃo
ðoʊ,ðoʊʒoʊ,ðoʊʒoʊ,ðoʒo,ðoʒo
ðoʊ,ðoʊθoʊ,ðoʊθoʊ,ðoθo,ðoθo
ðoʊ,ðoʊðoʊ,ðoʊðoʊ,ðoðo,ðoðo
ðoʊ,ðoʊhoʊ,ðoʊhoʊ,ðoho,ðoho
hoʊ,hoʊmoʊ,hoʊmoʊ,homo,homo
hoʊ,hoʊnoʊ,hoʊnoʊ,hono,hono
hoʊ,hoʊpoʊ,hoʊpoʊ,hopo,hopo
hoʊ,hoʊtoʊ,hoʊtoʊ,hoto,hoto
hoʊ,hoʊkoʊ,hoʊkoʊ,hoko,hoko
hoʊ,hoʊboʊ,hoʊboʊ,hobo,hobo
hoʊ,hoʊdoʊ,hoʊdoʊ,hodo,hodo
hoʊ,hoʊgoʊ,hoʊgoʊ,hogo,hogo
hoʊ,hoʊfoʊ,hoʊfoʊ,hofo,hofo
hoʊ,hoʊsoʊ,hoʊsoʊ,hoso,hoso
hoʊ,hoʊvoʊ,hoʊvoʊ,hovo,hovo
hoʊ,hoʊzoʊ,hoʊzoʊ,hozo,hozo
hoʊ,hoʊʃoʊ,hoʊʃoʊ,hoʃo,hoʃo
hoʊ,hoʊʒoʊ,hoʊʒoʊ,hoʒo,hoʒo
hoʊ,hoʊθoʊ,hoʊθoʊ,hoθo,hoθo
hoʊ,hoʊðoʊ,hoʊðoʊ,hoðo,hoðo
hoʊ,hoʊhoʊ,hoʊhoʊ,hoho,hoho
ɪm,ɪmi,ɪmi,ɪmi,ɪmi
ɪn,ɪni,ɪni,ɪni,ɪni
ɪŋ,ɪŋi,ɪŋi,ɪŋi,ɪŋi
ɪp,ɪpi,ɪpi,ɪpi,ɪpi
ɪt,ɪti,ɪti,ɪti,ɪti
ɪk,ɪki,ɪki,ɪki,ɪki
ɪb,ɪbi,ɪbi,ɪbi,ɪbi
ɪd,ɪdi,ɪdi,ɪdi,ɪdi
ɪg,ɪgi,ɪgi,ɪgi,ɪgi
ɪf,ɪfi,ɪfi,ɪfi,ɪfi
ɪs,ɪsi,ɪsi,ɪsi,ɪsi
ɪv,ɪvi,ɪvi,ɪvi,ɪvi
ɪz,ɪzi,ɪzi,ɪzi,ɪzi
ɪʃ,ɪʃi,ɪʃi,ɪʃi,ɪʃi
ɪʒ,ɪʒi,ɪʒi,ɪʒi,ɪʒi
ɪθ,ɪθi,ɪθi,ɪθi,ɪθi
ɪð,ɪði,ɪði,ɪði,ɪði
ɪm,ɪmeɪ,ɪmeɪ,ɪme,ɪme
ɪn,ɪneɪ,ɪneɪ,ɪne,ɪne
ɪŋ,ɪŋeɪ,ɪŋeɪ,ɪŋe,ɪŋe
ɪp,ɪpeɪ,ɪpeɪ,ɪpe,ɪpe
ɪt,ɪteɪ,ɪteɪ,ɪte,ɪte
ɪk,ɪkeɪ,ɪkeɪ,ɪke,ɪke
ɪb,ɪbeɪ,ɪbeɪ,ɪbe,ɪbe
ɪd,ɪdeɪ,ɪdeɪ,ɪde,ɪde
ɪg,ɪgeɪ,ɪgeɪ,ɪge,ɪge
ɪf,ɪfeɪ,ɪfeɪ,ɪfe,ɪfe
ɪs,ɪseɪ,ɪseɪ,ɪse,ɪse
ɪv,ɪveɪ,ɪveɪ,ɪve,ɪve
ɪz,ɪzeɪ,ɪzeɪ,ɪze,ɪze
ɪʃ,ɪʃeɪ,ɪʃeɪ,ɪʃe,ɪʃe
ɪʒ,ɪʒeɪ,ɪʒeɪ,ɪʒe,ɪʒe
ɪθ,ɪθeɪ,ɪθeɪ,ɪθe,ɪθe
ɪð,ɪðeɪ,ɪðeɪ,ɪðe,ɪðe
ɪm,ɪmu,ɪmi,ɪmu,ɪmi
ɪn,ɪnu,ɪni,ɪnu,ɪni
ɪŋ,ɪŋu,ɪŋi,ɪŋu,ɪŋi
ɪp,ɪpu,ɪpi,ɪpu,ɪpi
ɪt,ɪtu,ɪti,ɪtu,ɪti
ɪk,ɪku,ɪki,ɪku,ɪki
ɪb,ɪbu,ɪbi,ɪbu,ɪbi
ɪd,ɪdu,ɪdi,ɪdu,ɪdi
ɪg,ɪgu,ɪgi,ɪgu,ɪgi
ɪf,ɪfu,ɪfi,ɪfu,ɪfi
ɪs,ɪsu,ɪsi,ɪsu,ɪsi
ɪv,ɪvu,ɪvi,ɪvu,ɪvi
ɪz,ɪzu,ɪzi,ɪzu,ɪzi
ɪʃ,ɪʃu,ɪʃi,ɪʃu,ɪʃi
ɪʒ,ɪʒu,ɪʒi,ɪʒu,ɪʒi
ɪθ,ɪθu,ɪθi,ɪθu,ɪθi
ɪð,ɪðu,ɪði,ɪðu,ɪði
ɪm,ɪmoʊ,ɪmeɪ,ɪmo,ɪme
ɪn,ɪnoʊ,ɪneɪ,ɪno,ɪne
ɪŋ,ɪŋoʊ,ɪŋeɪ,ɪŋo,ɪŋe
ɪp,ɪpoʊ,ɪpeɪ,ɪpo,ɪpe
ɪt,ɪtoʊ,ɪteɪ,ɪto,ɪte
ɪk,ɪkoʊ,ɪkeɪ,ɪko,ɪke
ɪb,ɪboʊ,ɪbeɪ,ɪbo,ɪbe
ɪd,ɪdoʊ,ɪdeɪ,ɪdo,ɪde
ɪg,ɪgoʊ,ɪgeɪ,ɪgo,ɪge
ɪf,ɪfoʊ,ɪfeɪ,ɪfo,ɪfe
ɪs,ɪsoʊ,ɪseɪ,ɪso,ɪse
ɪv,ɪvoʊ,ɪveɪ,ɪvo,ɪve
ɪz,ɪzoʊ,ɪzeɪ,ɪzo,ɪze
ɪʃ,ɪʃoʊ,ɪʃeɪ,ɪʃo,ɪʃe
ɪʒ,ɪʒoʊ,ɪʒeɪ,ɪʒo,ɪʒe
ɪθ,ɪθoʊ,ɪθeɪ,ɪθo,ɪθe
ɪð,ɪðoʊ,ɪðeɪ,ɪðo,ɪðe
ɛm,ɛmi,ɛmi,ɛmi,ɛmi
ɛn,ɛni,ɛni,ɛni,ɛni
ɛŋ,ɛŋi,ɛŋi,ɛŋi,ɛŋi
ɛp,ɛpi,ɛpi,ɛpi,ɛpi
ɛt,ɛti,ɛti,ɛti,ɛti
ɛk,ɛki,ɛki,ɛki,ɛki
ɛb,ɛbi,ɛbi,ɛbi,ɛbi
ɛd,ɛdi,ɛdi,ɛdi,ɛdi
ɛg,ɛgi,ɛgi,ɛgi,ɛgi
ɛf,ɛfi,ɛfi,ɛfi,ɛfi
ɛs,ɛsi,ɛsi,ɛsi,ɛsi
ɛv,ɛvi,ɛvi,ɛvi,ɛvi
ɛz,ɛzi,ɛzi,ɛzi,ɛzi
ɛʃ,ɛʃi,ɛʃi,ɛʃi,ɛʃi
ɛʒ,ɛʒi,ɛʒi,ɛʒi,ɛʒi
ɛθ,ɛθi,ɛθi,ɛθi,ɛθi
ɛð,ɛði,ɛði,ɛði,ɛði
ɛm,ɛmeɪ,ɛmeɪ,ɛme,ɛme
ɛn,ɛneɪ,ɛneɪ,ɛne,ɛne
ɛŋ,ɛŋeɪ,ɛŋeɪ,ɛŋe,ɛŋe
ɛp,ɛpeɪ,ɛpeɪ,ɛpe,ɛpe
ɛt,ɛteɪ,ɛteɪ,ɛte,ɛte
ɛk,ɛkeɪ,ɛkeɪ,ɛke,ɛke
ɛb,ɛbeɪ,ɛbeɪ,ɛbe,ɛbe
ɛd,ɛdeɪ,ɛdeɪ,ɛde,ɛde
ɛg,ɛgeɪ,ɛgeɪ,ɛge,ɛge
ɛf,ɛfeɪ,ɛfeɪ,ɛfe,ɛfe
ɛs,ɛseɪ,ɛseɪ,ɛse,ɛse
ɛv,ɛveɪ,ɛveɪ,ɛve,ɛve
ɛz,ɛzeɪ,ɛzeɪ,ɛze,ɛze
ɛʃ,ɛʃeɪ,ɛʃeɪ,ɛʃe,ɛʃe
ɛʒ,ɛʒeɪ,ɛʒeɪ,ɛʒe,ɛʒe
ɛθ,ɛθeɪ,ɛθeɪ,ɛθe,ɛθe
ɛð,ɛðeɪ,ɛðeɪ,ɛðe,ɛðe
ɛm,ɛmu,ɛmi,ɛmu,ɛmi
ɛn,ɛnu,ɛni,ɛnu,ɛni
ɛŋ,ɛŋu,ɛŋi,ɛŋu,ɛŋi
ɛp,ɛpu,ɛpi,ɛpu,ɛpi
ɛt,ɛtu,ɛti,ɛtu,ɛti
ɛk,ɛku,ɛki,ɛku,ɛki
ɛb,ɛbu,ɛbi,ɛbu,ɛbi
ɛd,ɛdu,ɛdi,ɛdu,ɛdi
ɛg,ɛgu,ɛgi,ɛgu,ɛgi
ɛf,ɛfu,ɛfi,ɛfu,ɛfi
ɛs,ɛsu,ɛsi,ɛsu,ɛsi
ɛv,ɛvu,ɛvi,ɛvu,ɛvi
ɛz,ɛzu,ɛzi,ɛzu,ɛzi
ɛʃ,ɛʃu,ɛʃi,ɛʃu,ɛʃi
ɛʒ,ɛʒu,ɛʒi,ɛʒu,ɛʒi
ɛθ,ɛθu,ɛθi,ɛθu,ɛθi
ɛð,ɛðu,ɛði,ɛðu,ɛði
ɛm,ɛmoʊ,ɛmeɪ,ɛmo,ɛme
ɛn,ɛnoʊ,ɛneɪ,ɛno,ɛne
ɛŋ,ɛŋoʊ,ɛŋeɪ,ɛŋo,ɛŋe
ɛp,ɛpoʊ,ɛpeɪ,ɛpo,ɛpe
ɛt,ɛtoʊ,ɛteɪ,ɛto,ɛte
ɛk,ɛkoʊ,ɛkeɪ,ɛko,ɛke
ɛb,ɛboʊ,ɛbeɪ,ɛbo,ɛbe
ɛd,ɛdoʊ,ɛdeɪ,ɛdo,ɛde
ɛg,ɛgoʊ,ɛgeɪ,ɛgo,ɛge
ɛf,ɛfoʊ,ɛfeɪ,ɛfo,ɛfe
ɛs,ɛsoʊ,ɛseɪ,ɛso,ɛse
ɛv,ɛvoʊ,ɛveɪ,ɛvo,ɛve
ɛz,ɛzoʊ,ɛzeɪ,ɛzo,ɛze
ɛʃ,ɛʃoʊ,ɛʃeɪ,ɛʃo,ɛʃe
ɛʒ,ɛʒoʊ,ɛʒeɪ,ɛʒo,ɛʒe
ɛθ,ɛθoʊ,ɛθeɪ,ɛθo,ɛθe
ɛð,ɛðoʊ,ɛðeɪ,ɛðo,ɛðe
ʊm,ʊmi,ʊmu,ʊmi,ʊmu
ʊn,ʊni,ʊnu,ʊni,ʊnu
ʊŋ,ʊŋi,ʊŋu,ʊŋi,ʊŋu
ʊp,ʊpi,ʊpu,ʊpi,ʊpu
ʊt,ʊti,ʊtu,ʊti,ʊtu
ʊk,ʊki,ʊku,ʊki,ʊku
ʊb,ʊbi,ʊbu,ʊbi,ʊbu
ʊd,ʊdi,ʊdu,ʊdi,ʊdu
ʊg,ʊgi,ʊgu,ʊgi,ʊgu
ʊf,ʊfi,ʊfu,ʊfi,ʊfu
ʊs,ʊsi,ʊsu,ʊsi,ʊsu
ʊv,ʊvi,ʊvu,ʊvi,ʊvu
ʊz,ʊzi,ʊzu,ʊzi,ʊzu
ʊʃ,ʊʃi,ʊʃu,ʊʃi,ʊʃu
ʊʒ,ʊʒi,ʊʒu,ʊʒi,ʊʒu
ʊθ,ʊθi,ʊθu,ʊθi,ʊθu
ʊð,ʊði,ʊðu,ʊði,ʊðu
ʊm,ʊmeɪ,ʊmoʊ,ʊme,ʊmo
ʊn,ʊneɪ,ʊnoʊ,ʊne,ʊno
ʊŋ,ʊŋeɪ,ʊŋoʊ,ʊŋe,ʊŋo
ʊp,ʊpeɪ,ʊpoʊ,ʊpe,ʊpo
ʊt,ʊteɪ,ʊtoʊ,ʊte,ʊto
ʊk,ʊkeɪ,ʊkoʊ,ʊke,ʊko
ʊb,ʊbeɪ,ʊboʊ,ʊbe,ʊbo
ʊd,ʊdeɪ,ʊdoʊ,ʊde,ʊdo
ʊg,ʊgeɪ,ʊgoʊ,ʊge,ʊgo
ʊf,ʊfeɪ,ʊfoʊ,ʊfe,ʊfo
ʊs,ʊseɪ,ʊsoʊ,ʊse,ʊso
ʊv,ʊveɪ,ʊvoʊ,ʊve,ʊvo
ʊz,ʊzeɪ,ʊzoʊ,ʊze,ʊzo
ʊʃ,ʊʃeɪ,ʊʃoʊ,ʊʃe,ʊʃo
ʊʒ,ʊʒeɪ,ʊʒoʊ,ʊʒe,ʊʒo
ʊθ,ʊθeɪ,ʊθoʊ,ʊθe,ʊθo
ʊð,ʊðeɪ,ʊðoʊ,ʊðe,ʊðo
ʊm,ʊmu,ʊmu,ʊmu,ʊmu
ʊn,ʊnu,ʊnu,ʊnu,ʊnu
ʊŋ,ʊŋu,ʊŋu,ʊŋu,ʊŋu
ʊp,ʊpu,ʊpu,ʊpu,ʊpu
ʊt,ʊtu,ʊtu,ʊtu,ʊtu
ʊk,ʊku,ʊku,ʊku,ʊku
ʊb,ʊbu,ʊbu,ʊbu,ʊbu
ʊd,ʊdu,ʊdu,ʊdu,ʊdu
ʊg,ʊgu,ʊgu,ʊgu,ʊgu
ʊf,ʊfu,ʊfu,ʊfu,ʊfu
ʊs,ʊsu,ʊsu,ʊsu,ʊsu
ʊv,ʊvu,ʊvu,ʊvu,ʊvu
ʊz,ʊzu,ʊzu,ʊzu,ʊzu
ʊʃ,ʊʃu,ʊʃu,ʊʃu,ʊʃu
ʊʒ,ʊʒu,ʊʒu,ʊʒu,ʊʒu
ʊθ,ʊθu,ʊθu,ʊθu,ʊθu
ʊð,ʊðu,ʊðu,ʊðu,ʊðu
ʊm,ʊmoʊ,ʊmoʊ,ʊmo,ʊmo
ʊn,ʊnoʊ,ʊnoʊ,ʊno,ʊno
ʊŋ,ʊŋoʊ,ʊŋoʊ,ʊŋo,ʊŋo
ʊp,ʊpoʊ,ʊpoʊ,ʊpo,ʊpo
ʊt,ʊtoʊ,ʊtoʊ,ʊto,ʊto
ʊk,ʊkoʊ,ʊkoʊ,ʊko,ʊko
ʊb,ʊboʊ,ʊboʊ,ʊbo,ʊbo
ʊd,ʊdoʊ,ʊdoʊ,ʊdo,ʊdo
ʊg,ʊgoʊ,ʊgoʊ,ʊgo,ʊgo
ʊf,ʊfoʊ,ʊfoʊ,ʊfo,ʊfo
ʊs,ʊsoʊ,ʊsoʊ,ʊso,ʊso
ʊv,ʊvoʊ,ʊvoʊ,ʊvo,ʊvo
ʊz,ʊzoʊ,ʊzoʊ,ʊzo,ʊzo
ʊʃ,ʊʃoʊ,ʊʃoʊ,ʊʃo,ʊʃo
ʊʒ,ʊʒoʊ,ʊʒoʊ,ʊʒo,ʊʒo
ʊθ,ʊθoʊ,ʊθoʊ,ʊθo,ʊθo
ʊð,ʊðoʊ,ʊðoʊ,ʊðo,ʊðo
ɔm,ɔmi,ɔmu,ɔmi,ɔmu
ɔn,ɔni,ɔnu,ɔni,ɔnu
ɔŋ,ɔŋi,ɔŋu,ɔŋi,ɔŋu
ɔp,ɔpi,ɔpu,ɔpi,ɔpu
ɔt,ɔti,ɔtu,ɔti,ɔtu
ɔk,ɔki,ɔku,ɔki,ɔku
ɔb,ɔbi,ɔbu,ɔbi,ɔbu
ɔd,ɔdi,ɔdu,ɔdi,ɔdu
ɔg,ɔgi,ɔgu,ɔgi,ɔgu
ɔf,ɔfi,ɔfu,ɔfi,ɔfu
ɔs,ɔsi,ɔsu,ɔsi,ɔsu
ɔv,ɔvi,ɔvu,ɔvi,ɔvu
ɔz,ɔzi,ɔzu,ɔzi,ɔzu
ɔʃ,ɔʃi,ɔʃu,ɔʃi,ɔʃu
ɔʒ,ɔʒi,ɔʒu,ɔʒi,ɔʒu
ɔθ,ɔθi,ɔθu,ɔθi,ɔθu
ɔð,ɔði,ɔðu,ɔði,ɔðu
ɔm,ɔmeɪ,ɔmoʊ,ɔme,ɔmo
ɔn,ɔneɪ,ɔnoʊ,ɔne,ɔno
ɔŋ,ɔŋeɪ,ɔŋoʊ,ɔŋe,ɔŋo
ɔp,ɔpeɪ,ɔpoʊ,ɔpe,ɔpo
ɔt,ɔteɪ,ɔtoʊ,ɔte,ɔto
ɔk,ɔkeɪ,ɔkoʊ,ɔke,ɔko
ɔb,ɔbeɪ,ɔboʊ,ɔbe,ɔbo
ɔd,ɔdeɪ,ɔdoʊ,ɔde,ɔdo
ɔg,ɔgeɪ,ɔgoʊ,ɔge,ɔgo
ɔf,ɔfeɪ,ɔfoʊ,ɔfe,ɔfo
ɔs,ɔseɪ,ɔsoʊ,ɔse,ɔso
ɔv,ɔveɪ,ɔvoʊ,ɔve,ɔvo
ɔz,ɔzeɪ,ɔzoʊ,ɔze,ɔzo
ɔʃ,ɔʃeɪ,ɔʃoʊ,ɔʃe,ɔʃo
ɔʒ,ɔʒeɪ,ɔʒoʊ,ɔʒe,ɔʒo
ɔθ,ɔθeɪ,ɔθoʊ,ɔθe,ɔθo
ɔð,ɔðeɪ,ɔðoʊ,ɔðe,ɔðo
ɔm,ɔmu,ɔmu,ɔmu,ɔmu
ɔn,ɔnu,ɔnu,ɔnu,ɔnu
ɔŋ,ɔŋu,ɔŋu,ɔŋu,ɔŋu
ɔp,ɔpu,ɔpu,ɔpu,ɔpu
ɔt,ɔtu,ɔtu,ɔtu,ɔtu
ɔk,ɔku,ɔku,ɔku,ɔku
ɔb,ɔbu,ɔbu,ɔbu,ɔbu
ɔd,ɔdu,ɔdu,ɔdu,ɔdu
ɔg,ɔgu,ɔgu,ɔgu,ɔgu
ɔf,ɔfu,ɔfu,ɔfu,ɔfu
ɔs,ɔsu,ɔsu,ɔsu,ɔsu
ɔv,ɔvu,ɔvu,ɔvu,ɔvu
ɔz,ɔzu,ɔzu,ɔzu,ɔzu
ɔʃ,ɔʃu,ɔʃu,ɔʃu,ɔʃu
ɔʒ,ɔʒu,ɔʒu,ɔʒu,ɔʒu
ɔθ,ɔθu,ɔθu,ɔθu,ɔθu
ɔð,ɔðu,ɔðu,ɔðu,ɔðu
ɔm,ɔmoʊ,ɔmoʊ,ɔmo,ɔmo
ɔn,ɔnoʊ,ɔnoʊ,ɔno,ɔno
ɔŋ,ɔŋoʊ,ɔŋoʊ,ɔŋo,ɔŋo
ɔp,ɔpoʊ,ɔpoʊ,ɔpo,ɔpo
ɔt,ɔtoʊ,ɔtoʊ,ɔto,ɔto
ɔk,ɔkoʊ,ɔkoʊ,ɔko,ɔko
ɔb,ɔboʊ,ɔboʊ,ɔbo,ɔbo
ɔd,ɔdoʊ,ɔdoʊ,ɔdo,ɔdo
ɔg,ɔgoʊ,ɔgoʊ,ɔgo,ɔgo
ɔf,ɔfoʊ,ɔfoʊ,ɔfo,ɔfo
ɔs,ɔsoʊ,ɔsoʊ,ɔso,ɔso
ɔv,ɔvoʊ,ɔvoʊ,ɔvo,ɔvo
ɔz,ɔzoʊ,ɔzoʊ,ɔzo,ɔzo
ɔʃ,ɔʃoʊ,ɔʃoʊ,ɔʃo,ɔʃo
ɔʒ,ɔʒoʊ,ɔʒoʊ,ɔʒo,ɔʒo
ɔθ,ɔθoʊ,ɔθoʊ,ɔθo,ɔθo
ɔð,ɔðoʊ,ɔðoʊ,ɔðo,ɔðo
ɪm,ɪmɪm,ɪmɪm,ɪmɪm,ɪmɪm
ɪm,ɪmɪn,ɪmɪn,ɪmɪn,ɪmɪn
ɪm,ɪmɪŋ,ɪmɪŋ,ɪmɪŋ,ɪmɪŋ
ɪm,ɪmɪp,ɪmɪp,ɪmɪp,ɪmɪp
ɪm,ɪmɪt,ɪmɪt,ɪmɪt,ɪmɪt
ɪm,ɪmɪk,ɪmɪk,ɪmɪk,ɪmɪk
ɪm,ɪmɪb,ɪmɪb,ɪmɪb,ɪmɪb
ɪm,ɪmɪd,ɪmɪd,ɪmɪd,ɪmɪd
ɪm,ɪmɪg,ɪmɪg,ɪmɪg,ɪmɪg
ɪm,ɪmɪf,ɪmɪf,ɪmɪf,ɪmɪf
ɪm,ɪmɪs,ɪmɪs,ɪmɪs,ɪmɪs
ɪm,ɪmɪv,ɪmɪv,ɪmɪv,ɪmɪv
ɪm,ɪmɪz,ɪmɪz,ɪmɪz,ɪmɪz
ɪm,ɪmɪʃ,ɪmɪʃ,ɪmɪʃ,ɪmɪʃ
ɪm,ɪmɪʒ,ɪmɪʒ,ɪmɪʒ,ɪmɪʒ
ɪm,ɪmɪθ,ɪmɪθ,ɪmɪθ,ɪmɪθ
ɪm,ɪmɪð,ɪmɪð,ɪmɪð,ɪmɪð
ɪn,ɪnɪm,ɪnɪm,ɪnɪm,ɪnɪm
ɪn,ɪnɪn,ɪnɪn,ɪnɪn,ɪnɪn
ɪn,ɪnɪŋ,ɪnɪŋ,ɪnɪŋ,ɪnɪŋ
ɪn,ɪnɪp,ɪnɪp,ɪnɪp,ɪnɪp
ɪn,ɪnɪt,ɪnɪt,ɪnɪt,ɪnɪt
ɪn,ɪnɪk,ɪnɪk,ɪnɪk,ɪnɪk
ɪn,ɪnɪb,ɪnɪb,ɪnɪb,ɪnɪb
ɪn,ɪnɪd,ɪnɪd,ɪnɪd,ɪnɪd
ɪn,ɪnɪg,ɪnɪg,ɪnɪg,ɪnɪg
ɪn,ɪnɪf,ɪnɪf,ɪnɪf,ɪnɪf
ɪn,ɪnɪs,ɪnɪs,ɪnɪs,ɪnɪs
ɪn,ɪnɪv,ɪnɪv,ɪnɪv,ɪnɪv
ɪn,ɪnɪz,ɪnɪz,ɪnɪz,ɪnɪz
ɪn,ɪnɪʃ,ɪnɪʃ,ɪnɪʃ,ɪnɪʃ
ɪn,ɪnɪʒ,ɪnɪʒ,ɪnɪʒ,ɪnɪʒ
ɪn,ɪnɪθ,ɪnɪθ,ɪnɪθ,ɪnɪθ
ɪn,ɪnɪð,ɪnɪð,ɪnɪð,ɪnɪð
ɪŋ,ɪŋɪm,ɪŋɪm,ɪŋɪm,ɪŋɪm
ɪŋ,ɪŋɪn,ɪŋɪn,ɪŋɪn,ɪŋɪn
ɪŋ,ɪŋɪŋ,ɪŋɪŋ,ɪŋɪŋ,ɪŋɪŋ
ɪŋ,ɪŋɪp,ɪŋɪp,ɪŋɪp,ɪŋɪp
ɪŋ,ɪŋɪt,ɪŋɪt,ɪŋɪt,ɪŋɪt
ɪŋ,ɪŋɪk,ɪŋɪk,ɪŋɪk,ɪŋɪk
ɪŋ,ɪŋɪb,ɪŋɪb,ɪŋɪb,ɪŋɪb
ɪŋ,ɪŋɪd,ɪŋɪd,ɪŋɪd,ɪŋɪd
ɪŋ,ɪŋɪg,ɪŋɪg,ɪŋɪg,ɪŋɪg
ɪŋ,ɪŋɪf,ɪŋɪf,ɪŋɪf,ɪŋɪf
ɪŋ,ɪŋɪs,ɪŋɪs,ɪŋɪs,ɪŋɪs
ɪŋ,ɪŋɪv,ɪŋɪv,ɪŋɪv,ɪŋɪv
ɪŋ,ɪŋɪz,ɪŋɪz,ɪŋɪz,ɪŋɪz
ɪŋ,ɪŋɪʃ,ɪŋɪʃ,ɪŋɪʃ,ɪŋɪʃ
ɪŋ,ɪŋɪʒ,ɪŋɪʒ,ɪŋɪʒ,ɪŋɪʒ
ɪŋ,ɪŋɪθ,ɪŋɪθ,ɪŋɪθ,ɪŋɪθ
ɪŋ,ɪŋɪð,ɪŋɪð,ɪŋɪð,ɪŋɪð
ɪp,ɪpɪm,ɪpɪm,ɪpɪm,ɪpɪm
ɪp,ɪpɪn,ɪpɪn,ɪpɪn,ɪpɪn
ɪp,ɪpɪŋ,ɪpɪŋ,ɪpɪŋ,ɪpɪŋ
ɪp,ɪpɪp,ɪpɪp,ɪpɪp,ɪpɪp
ɪp,ɪpɪt,ɪpɪt,ɪpɪt,ɪpɪt
ɪp,ɪpɪk,ɪpɪk,ɪpɪk,ɪpɪk
ɪp,ɪpɪb,ɪpɪb,ɪpɪb,ɪpɪb
ɪp,ɪpɪd,ɪpɪd,ɪpɪd,ɪpɪd
ɪp,ɪpɪg,ɪpɪg,ɪpɪg,ɪpɪg
ɪp,ɪpɪf,ɪpɪf,ɪpɪf,ɪpɪf
ɪp,ɪpɪs,ɪpɪs,ɪpɪs,ɪpɪs
ɪp,ɪpɪv,ɪpɪv,ɪpɪv,ɪpɪv
ɪp,ɪpɪz,ɪpɪz,ɪpɪz,ɪpɪz
ɪp,ɪpɪʃ,ɪpɪʃ,ɪpɪʃ,ɪpɪʃ
ɪp,ɪpɪʒ,ɪpɪʒ,ɪpɪʒ,ɪpɪʒ
ɪp,ɪpɪθ,ɪpɪθ,ɪpɪθ,ɪpɪθ
ɪp,ɪpɪð,ɪpɪð,ɪpɪð,ɪpɪð
ɪt,ɪtɪm,ɪtɪm,ɪtɪm,ɪtɪm
ɪt,ɪtɪn,ɪtɪn,ɪtɪn,ɪtɪn
ɪt,ɪtɪŋ,ɪtɪŋ,ɪtɪŋ,ɪtɪŋ
ɪt,ɪtɪp,ɪtɪp,ɪtɪp,ɪtɪp
ɪt,ɪtɪt,ɪtɪt,ɪtɪt,ɪtɪt
ɪt,ɪtɪk,ɪtɪk,ɪtɪk,ɪtɪk
ɪt,ɪtɪb,ɪtɪb,ɪtɪb,ɪtɪb
ɪt,ɪtɪd,ɪtɪd,ɪtɪd,ɪtɪd
ɪt,ɪtɪg,ɪtɪg,ɪtɪg,ɪtɪg
ɪt,ɪtɪf,ɪtɪf,ɪtɪf,ɪtɪf
ɪt,ɪtɪs,ɪtɪs,ɪtɪs,ɪtɪs
ɪt,ɪtɪv,ɪtɪv,ɪtɪv,ɪtɪv
ɪt,ɪtɪz,ɪtɪz,ɪtɪz,ɪtɪz
ɪt,ɪtɪʃ,ɪtɪʃ,ɪtɪʃ,ɪtɪʃ
ɪt,ɪtɪʒ,ɪtɪʒ,ɪtɪʒ,ɪtɪʒ
ɪt,ɪtɪθ,ɪtɪθ,ɪtɪθ,ɪtɪθ
ɪt,ɪtɪð,ɪtɪð,ɪtɪð,ɪtɪð
ɪk,ɪkɪm,ɪkɪm,ɪkɪm,ɪkɪm
ɪk,ɪkɪn,ɪkɪn,ɪkɪn,ɪkɪn
ɪk,ɪkɪŋ,ɪkɪŋ,ɪkɪŋ,ɪkɪŋ
ɪk,ɪkɪp,ɪkɪp,ɪkɪp,ɪkɪp
ɪk,ɪkɪt,ɪkɪt,ɪkɪt,ɪkɪt
ɪk,ɪkɪk,ɪkɪk,ɪkɪk,ɪkɪk
ɪk,ɪkɪb,ɪkɪb,ɪkɪb,ɪkɪb
ɪk,ɪkɪd,ɪkɪd,ɪkɪd,ɪkɪd
ɪk,ɪkɪg,ɪkɪg,ɪkɪg,ɪkɪg
ɪk,ɪkɪf,ɪkɪf,ɪkɪf,ɪkɪf
ɪk,ɪkɪs,ɪkɪs,ɪkɪs,ɪkɪs
ɪk,ɪkɪv,ɪkɪv,ɪkɪv,ɪkɪv
ɪk,ɪkɪz,ɪkɪz,ɪkɪz,ɪkɪz
ɪk,ɪkɪʃ,ɪkɪʃ,ɪkɪʃ,ɪkɪʃ
ɪk,ɪkɪʒ,ɪkɪʒ,ɪkɪʒ,ɪkɪʒ
ɪk,ɪkɪθ,ɪkɪθ,ɪkɪθ,ɪkɪθ
ɪk,ɪkɪð,ɪkɪð,ɪkɪð,ɪkɪð
ɪb,ɪbɪm,ɪbɪm,ɪbɪm,ɪbɪm
ɪb,ɪbɪn,ɪbɪn,ɪbɪn,ɪbɪn
ɪb,ɪbɪŋ,ɪbɪŋ,ɪbɪŋ,ɪbɪŋ
ɪb,ɪbɪp,ɪbɪp,ɪbɪp,ɪbɪp
ɪb,ɪbɪt,ɪbɪt,ɪbɪt,ɪbɪt
ɪb,ɪbɪk,ɪbɪk,ɪbɪk,ɪbɪk
ɪb,ɪbɪb,ɪbɪb,ɪbɪb,ɪbɪb
ɪb,ɪbɪd,ɪbɪd,ɪbɪd,ɪbɪd
ɪb,ɪbɪg,ɪbɪg,ɪbɪg,ɪbɪg
ɪb,ɪbɪf,ɪbɪf,ɪbɪf,ɪbɪf
ɪb,ɪbɪs,ɪbɪs,ɪbɪs,ɪbɪs
ɪb,ɪbɪv,ɪbɪv,ɪbɪv,ɪbɪv
ɪb,ɪbɪz,ɪbɪz,ɪbɪz,ɪbɪz
ɪb,ɪbɪʃ,ɪbɪʃ,ɪbɪʃ,ɪbɪʃ
ɪb,ɪbɪʒ,ɪbɪʒ,ɪbɪʒ,ɪbɪʒ
ɪb,ɪbɪθ,ɪbɪθ,ɪbɪθ,ɪbɪθ
ɪb,ɪbɪð,ɪbɪð,ɪbɪð,ɪbɪð
ɪd,ɪdɪm,ɪdɪm,ɪdɪm,ɪdɪm
ɪd,ɪdɪn,ɪdɪn,ɪdɪn,ɪdɪn
ɪd,ɪdɪŋ,ɪdɪŋ,ɪdɪŋ,ɪdɪŋ
ɪd,ɪdɪp,ɪdɪp,ɪdɪp,ɪdɪp
ɪd,ɪdɪt,ɪdɪt,ɪdɪt,ɪdɪt
ɪd,ɪdɪk,ɪdɪk,ɪdɪk,ɪdɪk
ɪd,ɪdɪb,ɪdɪb,ɪdɪb,ɪdɪb
ɪd,ɪdɪd,ɪdɪd,ɪdɪd,ɪdɪd
ɪd,ɪdɪg,ɪdɪg,ɪdɪg,ɪdɪg
ɪd,ɪdɪf,ɪdɪf,ɪdɪf,ɪdɪf
ɪd,ɪdɪs,ɪdɪs,ɪdɪs,ɪdɪs
ɪd,ɪdɪv,ɪdɪv,ɪdɪv,ɪdɪv
ɪd,ɪdɪz,ɪdɪz,ɪdɪz,ɪdɪz
ɪd,ɪdɪʃ,ɪdɪʃ,ɪdɪʃ,ɪdɪʃ
ɪd,ɪdɪʒ,ɪdɪʒ,ɪdɪʒ,ɪdɪʒ
ɪd,ɪdɪθ,ɪdɪθ,ɪdɪθ,ɪdɪθ
ɪd,ɪdɪð,ɪdɪð,ɪdɪð,ɪdɪð
ɪg,ɪgɪm,ɪgɪm,ɪgɪm,ɪgɪm
ɪg,ɪgɪn,ɪgɪn,ɪgɪn,ɪgɪn
ɪg,ɪgɪŋ,ɪgɪŋ,ɪgɪŋ,ɪgɪŋ
ɪg,ɪgɪp,ɪgɪp,ɪgɪp,ɪgɪp
ɪg,ɪgɪt,ɪgɪt,ɪgɪt,ɪgɪt
ɪg,ɪgɪk,ɪgɪk,ɪgɪk,ɪgɪk
ɪg,ɪgɪb,ɪgɪb,ɪgɪb,ɪgɪb
ɪg,ɪgɪd,ɪgɪd,ɪgɪd,ɪgɪd
ɪg,ɪgɪg,ɪgɪg,ɪgɪg,ɪgɪg
ɪg,ɪgɪf,ɪgɪf,ɪgɪf,ɪgɪf
ɪg,ɪgɪs,ɪgɪs,ɪgɪs,ɪgɪs
ɪg,ɪgɪv,ɪgɪv,ɪgɪv,ɪgɪv
ɪg,ɪgɪz,ɪgɪz,ɪgɪz,ɪgɪz
ɪg,ɪgɪʃ,ɪgɪʃ,ɪgɪʃ,ɪgɪʃ
ɪg,ɪgɪʒ,ɪgɪʒ,ɪgɪʒ,ɪgɪʒ
ɪg,ɪgɪθ,ɪgɪθ,ɪgɪθ,ɪgɪθ
ɪg,ɪgɪð,ɪgɪð,ɪgɪð,ɪgɪð
ɪf,ɪfɪm,ɪfɪm,ɪfɪm,ɪfɪm
ɪf,ɪfɪn,ɪfɪn,ɪfɪn,ɪfɪn
ɪf,ɪfɪŋ,ɪfɪŋ,ɪfɪŋ,ɪfɪŋ
ɪf,ɪfɪp,ɪfɪp,ɪfɪp,ɪfɪp
ɪf,ɪfɪt,ɪfɪt,ɪfɪt,ɪfɪt
ɪf,ɪfɪk,ɪfɪk,ɪfɪk,ɪfɪk
ɪf,ɪfɪb,ɪfɪb,ɪfɪb,ɪfɪb
ɪf,ɪfɪd,ɪfɪd,ɪfɪd,ɪfɪd
ɪf,ɪfɪg,ɪfɪg,ɪfɪg,ɪfɪg
ɪf,ɪfɪf,ɪfɪf,ɪfɪf,ɪfɪf
ɪf,ɪfɪs,ɪfɪs,ɪfɪs,ɪfɪs
ɪf,ɪfɪv,ɪfɪv,ɪfɪv,ɪfɪv
ɪf,ɪfɪz,ɪfɪz,ɪfɪz,ɪfɪz
ɪf,ɪfɪʃ,ɪfɪʃ,ɪfɪʃ,ɪfɪʃ
ɪf,ɪfɪʒ,ɪfɪʒ,ɪfɪʒ,ɪfɪʒ
ɪf,ɪfɪθ,ɪfɪθ,ɪfɪθ,ɪfɪθ
ɪf,ɪfɪð,ɪfɪð,ɪfɪð,ɪfɪð
ɪs,ɪsɪm,ɪsɪm,ɪsɪm,ɪsɪm
ɪs,ɪsɪn,ɪsɪn,ɪsɪn,ɪsɪn
ɪs,ɪsɪŋ,ɪsɪŋ,ɪsɪŋ,ɪsɪŋ
ɪs,ɪsɪp,ɪsɪp,ɪsɪp,ɪsɪp
ɪs,ɪsɪt,ɪsɪt,ɪsɪt,ɪsɪt
ɪs,ɪsɪk,ɪsɪk,ɪsɪk,ɪsɪk
ɪs,ɪsɪb,ɪsɪb,ɪsɪb,ɪsɪb
ɪs,ɪsɪd,ɪsɪd,ɪsɪd,ɪsɪd
ɪs,ɪsɪg,ɪsɪg,ɪsɪg,ɪsɪg
ɪs,ɪsɪf,ɪsɪf,ɪsɪf,ɪsɪf
ɪs,ɪsɪs,ɪsɪs,ɪsɪs,ɪsɪs
ɪs,ɪsɪv,ɪsɪv,ɪsɪv,ɪsɪv
ɪs,ɪsɪz,ɪsɪz,ɪsɪz,ɪsɪz
ɪs,ɪsɪʃ,ɪsɪʃ,ɪsɪʃ,ɪsɪʃ
ɪs,ɪsɪʒ,ɪsɪʒ,ɪsɪʒ,ɪsɪʒ
ɪs,ɪsɪθ,ɪsɪθ,ɪsɪθ,ɪsɪθ
ɪs,ɪsɪð,ɪsɪð,ɪsɪð,ɪsɪð
ɪv,ɪvɪm,ɪvɪm,ɪvɪm,ɪvɪm
ɪv,ɪvɪn,ɪvɪn,ɪvɪn,ɪvɪn
ɪv,ɪvɪŋ,ɪvɪŋ,ɪvɪŋ,ɪvɪŋ
ɪv,ɪvɪp,ɪvɪp,ɪvɪp,ɪvɪp
ɪv,ɪvɪt,ɪvɪt,ɪvɪt,ɪvɪt
ɪv,ɪvɪk,ɪvɪk,ɪvɪk,ɪvɪk
ɪv,ɪvɪb,ɪvɪb,ɪvɪb,ɪvɪb
ɪv,ɪvɪd,ɪvɪd,ɪvɪd,ɪvɪd
ɪv,ɪvɪg,ɪvɪg,ɪvɪg,ɪvɪg
ɪv,ɪvɪf,ɪvɪf,ɪvɪf,ɪvɪf
ɪv,ɪvɪs,ɪvɪs,ɪvɪs,ɪvɪs
ɪv,ɪvɪv,ɪvɪv,ɪvɪv,ɪvɪv
ɪv,ɪvɪz,ɪvɪz,ɪvɪz,ɪvɪz
ɪv,ɪvɪʃ,ɪvɪʃ,ɪvɪʃ,ɪvɪʃ
ɪv,ɪvɪʒ,ɪvɪʒ,ɪvɪʒ,ɪvɪʒ
ɪv,ɪvɪθ,ɪvɪθ,ɪvɪθ,ɪvɪθ
ɪv,ɪvɪð,ɪvɪð,ɪvɪð,ɪvɪð
ɪz,ɪzɪm,ɪzɪm,ɪzɪm,ɪzɪm
ɪz,ɪzɪn,ɪzɪn,ɪzɪn,ɪzɪn
ɪz,ɪzɪŋ,ɪzɪŋ,ɪzɪŋ,ɪzɪŋ
ɪz,ɪzɪp,ɪzɪp,ɪzɪp,ɪzɪp
ɪz,ɪzɪt,ɪzɪt,ɪzɪt,ɪzɪt
ɪz,ɪzɪk,ɪzɪk,ɪzɪk,ɪzɪk
ɪz,ɪzɪb,ɪzɪb,ɪzɪb,ɪzɪb
ɪz,ɪzɪd,ɪzɪd,ɪzɪd,ɪzɪd
ɪz,ɪzɪg,ɪzɪg,ɪzɪg,ɪzɪg
ɪz,ɪzɪf,ɪzɪf,ɪzɪf,ɪzɪf
ɪz,ɪzɪs,ɪzɪs,ɪzɪs,ɪzɪs
ɪz,ɪzɪv,ɪzɪv,ɪzɪv,ɪzɪv
ɪz,ɪzɪz,ɪzɪz,ɪzɪz,ɪzɪz
ɪz,ɪzɪʃ,ɪzɪʃ,ɪzɪʃ,ɪzɪʃ
ɪz,ɪzɪʒ,ɪzɪʒ,ɪzɪʒ,ɪzɪʒ
ɪz,ɪzɪθ,ɪzɪθ,ɪzɪθ,ɪzɪθ
ɪz,ɪzɪð,ɪzɪð,ɪzɪð,ɪzɪð
ɪʃ,ɪʃɪm,ɪʃɪm,ɪʃɪm,ɪʃɪm
ɪʃ,ɪʃɪn,ɪʃɪn,ɪʃɪn,ɪʃɪn
ɪʃ,ɪʃɪŋ,ɪʃɪŋ,ɪʃɪŋ,ɪʃɪŋ
ɪʃ,ɪʃɪp,ɪʃɪp,ɪʃɪp,ɪʃɪp
ɪʃ,ɪʃɪt,ɪʃɪt,ɪʃɪt,ɪʃɪt
ɪʃ,ɪʃɪk,ɪʃɪk,ɪʃɪk,ɪʃɪk
ɪʃ,ɪʃɪb,ɪʃɪb,ɪʃɪb,ɪʃɪb
ɪʃ,ɪʃɪd,ɪʃɪd,ɪʃɪd,ɪʃɪd
ɪʃ,ɪʃɪg,ɪʃɪg,ɪʃɪg,ɪʃɪg
ɪʃ,ɪʃɪf,ɪʃɪf,ɪʃɪf,ɪʃɪf
ɪʃ,ɪʃɪs,ɪʃɪs,ɪʃɪs,ɪʃɪs
ɪʃ,ɪʃɪv,ɪʃɪv,ɪʃɪv,ɪʃɪv
ɪʃ,ɪʃɪz,ɪʃɪz,ɪʃɪz,ɪʃɪz
ɪʃ,ɪʃɪʃ,ɪʃɪʃ,ɪʃɪʃ,ɪʃɪʃ
ɪʃ,ɪʃɪʒ,ɪʃɪʒ,ɪʃɪʒ,ɪʃɪʒ
ɪʃ,ɪʃɪθ,ɪʃɪθ,ɪʃɪθ,ɪʃɪθ
ɪʃ,ɪʃɪð,ɪʃɪð,ɪʃɪð,ɪʃɪð
ɪʒ,ɪʒɪm,ɪʒɪm,ɪʒɪm,ɪʒɪm
ɪʒ,ɪʒɪn,ɪʒɪn,ɪʒɪn,ɪʒɪn
ɪʒ,ɪʒɪŋ,ɪʒɪŋ,ɪʒɪŋ,ɪʒɪŋ
ɪʒ,ɪʒɪp,ɪʒɪp,ɪʒɪp,ɪʒɪp
ɪʒ,ɪʒɪt,ɪʒɪt,ɪʒɪt,ɪʒɪt
ɪʒ,ɪʒɪk,ɪʒɪk,ɪʒɪk,ɪʒɪk
ɪʒ,ɪʒɪb,ɪʒɪb,ɪʒɪb,ɪʒɪb
ɪʒ,ɪʒɪd,ɪʒɪd,ɪʒɪd,ɪʒɪd
ɪʒ,ɪʒɪg,ɪʒɪg,ɪʒɪg,ɪʒɪg
ɪʒ,ɪʒɪf,ɪʒɪf,ɪʒɪf,ɪʒɪf
ɪʒ,ɪʒɪs,ɪʒɪs,ɪʒɪs,ɪʒɪs
ɪʒ,ɪʒɪv,ɪʒɪv,ɪʒɪv,ɪʒɪv
ɪʒ,ɪʒɪz,ɪʒɪz,ɪʒɪz,ɪʒɪz
ɪʒ,ɪʒɪʃ,ɪʒɪʃ,ɪʒɪʃ,ɪʒɪʃ
ɪʒ,ɪʒɪʒ,ɪʒɪʒ,ɪʒɪʒ,ɪʒɪʒ
ɪʒ,ɪʒɪθ,ɪʒɪθ,ɪʒɪθ,ɪʒɪθ
ɪʒ,ɪʒɪð,ɪʒɪð,ɪʒɪð,ɪʒɪð
ɪθ,ɪθɪm,ɪθɪm,ɪθɪm,ɪθɪm
ɪθ,ɪθɪn,ɪθɪn,ɪθɪn,ɪθɪn
ɪθ,ɪθɪŋ,ɪθɪŋ,ɪθɪŋ,ɪθɪŋ
ɪθ,ɪθɪp,ɪθɪp,ɪθɪp,ɪθɪp
ɪθ,ɪθɪt,ɪθɪt,ɪθɪt,ɪθɪt
ɪθ,ɪθɪk,ɪθɪk,ɪθɪk,ɪθɪk
ɪθ,ɪθɪb,ɪθɪb,ɪθɪb,ɪθɪb
ɪθ,ɪθɪd,ɪθɪd,ɪθɪd,ɪθɪd
ɪθ,ɪθɪg,ɪθɪg,ɪθɪg,ɪθɪg
ɪθ,ɪθɪf,ɪθɪf,ɪθɪf,ɪθɪf
ɪθ,ɪθɪs,ɪθɪs,ɪθɪs,ɪθɪs
ɪθ,ɪθɪv,ɪθɪv,ɪθɪv,ɪθɪv
ɪθ,ɪθɪz,ɪθɪz,ɪθɪz,ɪθɪz
ɪθ,ɪθɪʃ,ɪθɪʃ,ɪθɪʃ,ɪθɪʃ
ɪθ,ɪθɪʒ,ɪθɪʒ,ɪθɪʒ,ɪθɪʒ
ɪθ,ɪθɪθ,ɪθɪθ,ɪθɪθ,ɪθɪθ
ɪθ,ɪθɪð,ɪθɪð,ɪθɪð,ɪθɪð
ɪð,ɪðɪm,ɪðɪm,ɪðɪm,ɪðɪm
ɪð,ɪðɪn,ɪðɪn,ɪðɪn,ɪðɪn
ɪð,ɪðɪŋ,ɪðɪŋ,ɪðɪŋ,ɪðɪŋ
ɪð,ɪðɪp,ɪðɪp,ɪðɪp,ɪðɪp
ɪð,ɪðɪt,ɪðɪt,ɪðɪt,ɪðɪt
ɪð,ɪðɪk,ɪðɪk,ɪðɪk,ɪðɪk
ɪð,ɪðɪb,ɪðɪb,ɪðɪb,ɪðɪb
ɪð,ɪðɪd,ɪðɪd,ɪðɪd,ɪðɪd
ɪð,ɪðɪg,ɪðɪg,ɪðɪg,ɪðɪg
ɪð,ɪðɪf,ɪðɪf,ɪðɪf,ɪðɪf
ɪð,ɪðɪs,ɪðɪs,ɪðɪs,ɪðɪs
ɪð,ɪðɪv,ɪðɪv,ɪðɪv,ɪðɪv
ɪð,ɪðɪz,ɪðɪz,ɪðɪz,ɪðɪz
ɪð,ɪðɪʃ,ɪðɪʃ,ɪðɪʃ,ɪðɪʃ
ɪð,ɪðɪʒ,ɪðɪʒ,ɪðɪʒ,ɪðɪʒ
ɪð,ɪðɪθ,ɪðɪθ,ɪðɪθ,ɪðɪθ
ɪð,ɪðɪð,ɪðɪð,ɪðɪð,ɪðɪð
ɪm,ɪmɛm,ɪmɛm,ɪmɛm,ɪmɛm
ɪm,ɪmɛn,ɪmɛn,ɪmɛn,ɪmɛn
ɪm,ɪmɛŋ,ɪmɛŋ,ɪmɛŋ,ɪmɛŋ
ɪm,ɪmɛp,ɪmɛp,ɪmɛp,ɪmɛp
ɪm,ɪmɛt,ɪmɛt,ɪmɛt,ɪmɛt
ɪm,ɪmɛk,ɪmɛk,ɪmɛk,ɪmɛk
ɪm,ɪmɛb,ɪmɛb,ɪmɛb,ɪmɛb
ɪm,ɪmɛd,ɪmɛd,ɪmɛd,ɪmɛd
ɪm,ɪmɛg,ɪmɛg,ɪmɛg,ɪmɛg
ɪm,ɪmɛf,ɪmɛf,ɪmɛf,ɪmɛf
ɪm,ɪmɛs,ɪmɛs,ɪmɛs,ɪmɛs
ɪm,ɪmɛv,ɪmɛv,ɪmɛv,ɪmɛv
ɪm,ɪmɛz,ɪmɛz,ɪmɛz,ɪmɛz
ɪm,ɪmɛʃ,ɪmɛʃ,ɪmɛʃ,ɪmɛʃ
ɪm,ɪmɛʒ,ɪmɛʒ,ɪmɛʒ,ɪmɛʒ
ɪm,ɪmɛθ,ɪmɛθ,ɪmɛθ,ɪmɛθ
ɪm,ɪmɛð,ɪmɛð,ɪmɛð,ɪmɛð
ɪn,ɪnɛm,ɪnɛm,ɪnɛm,ɪnɛm
ɪn,ɪnɛn,ɪnɛn,ɪnɛn,ɪnɛn
ɪn,ɪnɛŋ,ɪnɛŋ,ɪnɛŋ,ɪnɛŋ
ɪn,ɪnɛp,ɪnɛp,ɪnɛp,ɪnɛp
ɪn,ɪnɛt,ɪnɛt,ɪnɛt,ɪnɛt
ɪn,ɪnɛk,ɪnɛk,ɪnɛk,ɪnɛk
ɪn,ɪnɛb,ɪnɛb,ɪnɛb,ɪnɛb
ɪn,ɪnɛd,ɪnɛd,ɪnɛd,ɪnɛd
ɪn,ɪnɛg,ɪnɛg,ɪnɛg,ɪnɛg
ɪn,ɪnɛf,ɪnɛf,ɪnɛf,ɪnɛf
ɪn,ɪnɛs,ɪnɛs,ɪnɛs,ɪnɛs
ɪn,ɪnɛv,ɪnɛv,ɪnɛv,ɪnɛv
ɪn,ɪnɛz,ɪnɛz,ɪnɛz,ɪnɛz
ɪn,ɪnɛʃ,ɪnɛʃ,ɪnɛʃ,ɪnɛʃ
ɪn,ɪnɛʒ,ɪnɛʒ,ɪnɛʒ,ɪnɛʒ
ɪn,ɪnɛθ,ɪnɛθ,ɪnɛθ,ɪnɛθ
ɪn,ɪnɛð,ɪnɛð,ɪnɛð,ɪnɛð
ɪŋ,ɪŋɛm,ɪŋɛm,ɪŋɛm,ɪŋɛm
ɪŋ,ɪŋɛn,ɪŋɛn,ɪŋɛn,ɪŋɛn
ɪŋ,ɪŋɛŋ,ɪŋɛŋ,ɪŋɛŋ,ɪŋɛŋ
ɪŋ,ɪŋɛp,ɪŋɛp,ɪŋɛp,ɪŋɛp
ɪŋ,ɪŋɛt,ɪŋɛt,ɪŋɛt,ɪŋɛt
ɪŋ,ɪŋɛk,ɪŋɛk,ɪŋɛk,ɪŋɛk
ɪŋ,ɪŋɛb,ɪŋɛb,ɪŋɛb,ɪŋɛb
ɪŋ,ɪŋɛd,ɪŋɛd,ɪŋɛd,ɪŋɛd
ɪŋ,ɪŋɛg,ɪŋɛg,ɪŋɛg,ɪŋɛg
ɪŋ,ɪŋɛf,ɪŋɛf,ɪŋɛf,ɪŋɛf
ɪŋ,ɪŋɛs,ɪŋɛs,ɪŋɛs,ɪŋɛs
ɪŋ,ɪŋɛv,ɪŋɛv,ɪŋɛv,ɪŋɛv
ɪŋ,ɪŋɛz,ɪŋɛz,ɪŋɛz,ɪŋɛz
ɪŋ,ɪŋɛʃ,ɪŋɛʃ,ɪŋɛʃ,ɪŋɛʃ
ɪŋ,ɪŋɛʒ,ɪŋɛʒ,ɪŋɛʒ,ɪŋɛʒ
ɪŋ,ɪŋɛθ,ɪŋɛθ,ɪŋɛθ,ɪŋɛθ
ɪŋ,ɪŋɛð,ɪŋɛð,ɪŋɛð,ɪŋɛð
ɪp,ɪpɛm,ɪpɛm,ɪpɛm,ɪpɛm
ɪp,ɪpɛn,ɪpɛn,ɪpɛn,ɪpɛn
ɪp,ɪpɛŋ,ɪpɛŋ,ɪpɛŋ,ɪpɛŋ
ɪp,ɪpɛp,ɪpɛp,ɪpɛp,ɪpɛp
ɪp,ɪpɛt,ɪpɛt,ɪpɛt,ɪpɛt
ɪp,ɪpɛk,ɪpɛk,ɪpɛk,ɪpɛk
ɪp,ɪpɛb,ɪpɛb,ɪpɛb,ɪpɛb
ɪp,ɪpɛd,ɪpɛd,ɪpɛd,ɪpɛd
ɪp,ɪpɛg,ɪpɛg,ɪpɛg,ɪpɛg
ɪp,ɪpɛf,ɪpɛf,ɪpɛf,ɪpɛf
ɪp,ɪpɛs,ɪpɛs,ɪpɛs,ɪpɛs
ɪp,ɪpɛv,ɪpɛv,ɪpɛv,ɪpɛv
ɪp,ɪpɛz,ɪpɛz,ɪpɛz,ɪpɛz
ɪp,ɪpɛʃ,ɪpɛʃ,ɪpɛʃ,ɪpɛʃ
ɪp,ɪpɛʒ,ɪpɛʒ,ɪpɛʒ,ɪpɛʒ
ɪp,ɪpɛθ,ɪpɛθ,ɪpɛθ,ɪpɛθ
ɪp,ɪpɛð,ɪpɛð,ɪpɛð,ɪpɛð
ɪt,ɪtɛm,ɪtɛm,ɪtɛm,ɪtɛm
ɪt,ɪtɛn,ɪtɛn,ɪtɛn,ɪtɛn
ɪt,ɪtɛŋ,ɪtɛŋ,ɪtɛŋ,ɪtɛŋ
ɪt,ɪtɛp,ɪtɛp,ɪtɛp,ɪtɛp
ɪt,ɪtɛt,ɪtɛt,ɪtɛt,ɪtɛt
ɪt,ɪtɛk,ɪtɛk,ɪtɛk,ɪtɛk
ɪt,ɪtɛb,ɪtɛb,ɪtɛb,ɪtɛb
ɪt,ɪtɛd,ɪtɛd,ɪtɛd,ɪtɛd
ɪt,ɪtɛg,ɪtɛg,ɪtɛg,ɪtɛg
ɪt,ɪtɛf,ɪtɛf,ɪtɛf,ɪtɛf
ɪt,ɪtɛs,ɪtɛs,ɪtɛs,ɪtɛs
ɪt,ɪtɛv,ɪtɛv,ɪtɛv,ɪtɛv
ɪt,ɪtɛz,ɪtɛz,ɪtɛz,ɪtɛz
ɪt,ɪtɛʃ,ɪtɛʃ,ɪtɛʃ,ɪtɛʃ
ɪt,ɪtɛʒ,ɪtɛʒ,ɪtɛʒ,ɪtɛʒ
ɪt,ɪtɛθ,ɪtɛθ,ɪtɛθ,ɪtɛθ
ɪt,ɪtɛð,ɪtɛð,ɪtɛð,ɪtɛð
ɪk,ɪkɛm,ɪkɛm,ɪkɛm,ɪkɛm
ɪk,ɪkɛn,ɪkɛn,ɪkɛn,ɪkɛn
ɪk,ɪkɛŋ,ɪkɛŋ,ɪkɛŋ,ɪkɛŋ
ɪk,ɪkɛp,ɪkɛp,ɪkɛp,ɪkɛp
ɪk,ɪkɛt,ɪkɛt,ɪkɛt,ɪkɛt
ɪk,ɪkɛk,ɪkɛk,ɪkɛk,ɪkɛk
ɪk,ɪkɛb,ɪkɛb,ɪkɛb,ɪkɛb
ɪk,ɪkɛd,ɪkɛd,ɪkɛd,ɪkɛd
ɪk,ɪkɛg,ɪkɛg,ɪkɛg,ɪkɛg
ɪk,ɪkɛf,ɪkɛf,ɪkɛf,ɪkɛf
ɪk,ɪkɛs,ɪkɛs,ɪkɛs,ɪkɛs
ɪk,ɪkɛv,ɪkɛv,ɪkɛv,ɪkɛv
ɪk,ɪkɛz,ɪkɛz,ɪkɛz,ɪkɛz
ɪk,ɪkɛʃ,ɪkɛʃ,ɪkɛʃ,ɪkɛʃ
ɪk,ɪkɛʒ,ɪkɛʒ,ɪkɛʒ,ɪkɛʒ
ɪk,ɪkɛθ,ɪkɛθ,ɪkɛθ,ɪkɛθ
ɪk,ɪkɛð,ɪkɛð,ɪkɛð,ɪkɛð
ɪb,ɪbɛm,ɪbɛm,ɪbɛm,ɪbɛm
ɪb,ɪbɛn,ɪbɛn,ɪbɛn,ɪbɛn
ɪb,ɪbɛŋ,ɪbɛŋ,ɪbɛŋ,ɪbɛŋ
ɪb,ɪbɛp,ɪbɛp,ɪbɛp,ɪbɛp
ɪb,ɪbɛt,ɪbɛt,ɪbɛt,ɪbɛt
ɪb,ɪbɛk,ɪbɛk,ɪbɛk,ɪbɛk
ɪb,ɪbɛb,ɪbɛb,ɪbɛb,ɪbɛb
ɪb,ɪbɛd,ɪbɛd,ɪbɛd,ɪbɛd
ɪb,ɪbɛg,ɪbɛg,ɪbɛg,ɪbɛg
ɪb,ɪbɛf,ɪbɛf,ɪbɛf,ɪbɛf
ɪb,ɪbɛs,ɪbɛs,ɪbɛs,ɪbɛs
ɪb,ɪbɛv,ɪbɛv,ɪbɛv,ɪbɛv
ɪb,ɪbɛz,ɪbɛz,ɪbɛz,ɪbɛz
ɪb,ɪbɛʃ,ɪbɛʃ,ɪbɛʃ,ɪbɛʃ
ɪb,ɪbɛʒ,ɪbɛʒ,ɪbɛʒ,ɪbɛʒ
ɪb,ɪbɛθ,ɪbɛθ,ɪbɛθ,ɪbɛθ
ɪb,ɪbɛð,ɪbɛð,ɪbɛð,ɪbɛð
ɪd,ɪdɛm,ɪdɛm,ɪdɛm,ɪdɛm
ɪd,ɪdɛn,ɪdɛn,ɪdɛn,ɪdɛn
ɪd,ɪdɛŋ,ɪdɛŋ,ɪdɛŋ,ɪdɛŋ
ɪd,ɪdɛp,ɪdɛp,ɪdɛp,ɪdɛp
ɪd,ɪdɛt,ɪdɛt,ɪdɛt,ɪdɛt
ɪd,ɪdɛk,ɪdɛk,ɪdɛk,ɪdɛk
ɪd,ɪdɛb,ɪdɛb,ɪdɛb,ɪdɛb
ɪd,ɪdɛd,ɪdɛd,ɪdɛd,ɪdɛd
ɪd,ɪdɛg,ɪdɛg,ɪdɛg,ɪdɛg
ɪd,ɪdɛf,ɪdɛf,ɪdɛf,ɪdɛf
ɪd,ɪdɛs,ɪdɛs,ɪdɛs,ɪdɛs
ɪd,ɪdɛv,ɪdɛv,ɪdɛv,ɪdɛv
ɪd,ɪdɛz,ɪdɛz,ɪdɛz,ɪdɛz
ɪd,ɪdɛʃ,ɪdɛʃ,ɪdɛʃ,ɪdɛʃ
ɪd,ɪdɛʒ,ɪdɛʒ,ɪdɛʒ,ɪdɛʒ
ɪd,ɪdɛθ,ɪdɛθ,ɪdɛθ,ɪdɛθ
ɪd,ɪdɛð,ɪdɛð,ɪdɛð,ɪdɛð
ɪg,ɪgɛm,ɪgɛm,ɪgɛm,ɪgɛm
ɪg,ɪgɛn,ɪgɛn,ɪgɛn,ɪgɛn
ɪg,ɪgɛŋ,ɪgɛŋ,ɪgɛŋ,ɪgɛŋ
ɪg,ɪgɛp,ɪgɛp,ɪgɛp,ɪgɛp
ɪg,ɪgɛt,ɪgɛt,ɪgɛt,ɪgɛt
ɪg,ɪgɛk,ɪgɛk,ɪgɛk,ɪgɛk
ɪg,ɪgɛb,ɪgɛb,ɪgɛb,ɪgɛb
ɪg,ɪgɛd,ɪgɛd,ɪgɛd,ɪgɛd
ɪg,ɪgɛg,ɪgɛg,ɪgɛg,ɪgɛg
ɪg,ɪgɛf,ɪgɛf,ɪgɛf,ɪgɛf
ɪg,ɪgɛs,ɪgɛs,ɪgɛs,ɪgɛs
ɪg,ɪgɛv,ɪgɛv,ɪgɛv,ɪgɛv
ɪg,ɪgɛz,ɪgɛz,ɪgɛz,ɪgɛz
ɪg,ɪgɛʃ,ɪgɛʃ,ɪgɛʃ,ɪgɛʃ
ɪg,ɪgɛʒ,ɪgɛʒ,ɪgɛʒ,ɪgɛʒ
ɪg,ɪgɛθ,ɪgɛθ,ɪgɛθ,ɪgɛθ
ɪg,ɪgɛð,ɪgɛð,ɪgɛð,ɪgɛð
ɪf,ɪfɛm,ɪfɛm,ɪfɛm,ɪfɛm
ɪf,ɪfɛn,ɪfɛn,ɪfɛn,ɪfɛn
ɪf,ɪfɛŋ,ɪfɛŋ,ɪfɛŋ,ɪfɛŋ
ɪf,ɪfɛp,ɪfɛp,ɪfɛp,ɪfɛp
ɪf,ɪfɛt,ɪfɛt,ɪfɛt,ɪfɛt
ɪf,ɪfɛk,ɪfɛk,ɪfɛk,ɪfɛk
ɪf,ɪfɛb,ɪfɛb,ɪfɛb,ɪfɛb
ɪf,ɪfɛd,ɪfɛd,ɪfɛd,ɪfɛd
ɪf,ɪfɛg,ɪfɛg,ɪfɛg,ɪfɛg
ɪf,ɪfɛf,ɪfɛf,ɪfɛf,ɪfɛf
ɪf,ɪfɛs,ɪfɛs,ɪfɛs,ɪfɛs
ɪf,ɪfɛv,ɪfɛv,ɪfɛv,ɪfɛv
ɪf,ɪfɛz,ɪfɛz,ɪfɛz,ɪfɛz
ɪf,ɪfɛʃ,ɪfɛʃ,ɪfɛʃ,ɪfɛʃ
ɪf,ɪfɛʒ,ɪfɛʒ,ɪfɛʒ,ɪfɛʒ
ɪf,ɪfɛθ,ɪfɛθ,ɪfɛθ,ɪfɛθ
ɪf,ɪfɛð,ɪfɛð,ɪfɛð,ɪfɛð
ɪs,ɪsɛm,ɪsɛm,ɪsɛm,ɪsɛm
ɪs,ɪsɛn,ɪsɛn,ɪsɛn,ɪsɛn
ɪs,ɪsɛŋ,ɪsɛŋ,ɪsɛŋ,ɪsɛŋ
ɪs,ɪsɛp,ɪsɛp,ɪsɛp,ɪsɛp
ɪs,ɪsɛt,ɪsɛt,ɪsɛt,ɪsɛt
ɪs,ɪsɛk,ɪsɛk,ɪsɛk,ɪsɛk
ɪs,ɪsɛb,ɪsɛb,ɪsɛb,ɪsɛb
ɪs,ɪsɛd,ɪsɛd,ɪsɛd,ɪsɛd
ɪs,ɪsɛg,ɪsɛg,ɪsɛg,ɪsɛg
ɪs,ɪsɛf,ɪsɛf,ɪsɛf,ɪsɛf
ɪs,ɪsɛs,ɪsɛs,ɪsɛs,ɪsɛs
ɪs,ɪsɛv,ɪsɛv,ɪsɛv,ɪsɛv
ɪs,ɪsɛz,ɪsɛz,ɪsɛz,ɪsɛz
ɪs,ɪsɛʃ,ɪsɛʃ,ɪsɛʃ,ɪsɛʃ
ɪs,ɪsɛʒ,ɪsɛʒ,ɪsɛʒ,ɪsɛʒ
ɪs,ɪsɛθ,ɪsɛθ,ɪsɛθ,ɪsɛθ
ɪs,ɪsɛð,ɪsɛð,ɪsɛð,ɪsɛð
ɪv,ɪvɛm,ɪvɛm,ɪvɛm,ɪvɛm
ɪv,ɪvɛn,ɪvɛn,ɪvɛn,ɪvɛn
ɪv,ɪvɛŋ,ɪvɛŋ,ɪvɛŋ,ɪvɛŋ
ɪv,ɪvɛp,ɪvɛp,ɪvɛp,ɪvɛp
ɪv,ɪvɛt,ɪvɛt,ɪvɛt,ɪvɛt
ɪv,ɪvɛk,ɪvɛk,ɪvɛk,ɪvɛk
ɪv,ɪvɛb,ɪvɛb,ɪvɛb,ɪvɛb
ɪv,ɪvɛd,ɪvɛd,ɪvɛd,ɪvɛd
ɪv,ɪvɛg,ɪvɛg,ɪvɛg,ɪvɛg
ɪv,ɪvɛf,ɪvɛf,ɪvɛf,ɪvɛf
ɪv,ɪvɛs,ɪvɛs,ɪvɛs,ɪvɛs
ɪv,ɪvɛv,ɪvɛv,ɪvɛv,ɪvɛv
ɪv,ɪvɛz,ɪvɛz,ɪvɛz,ɪvɛz
ɪv,ɪvɛʃ,ɪvɛʃ,ɪvɛʃ,ɪvɛʃ
ɪv,ɪvɛʒ,ɪvɛʒ,ɪvɛʒ,ɪvɛʒ
ɪv,ɪvɛθ,ɪvɛθ,ɪvɛθ,ɪvɛθ
ɪv,ɪvɛð,ɪvɛð,ɪvɛð,ɪvɛð
ɪz,ɪzɛm,ɪzɛm,ɪzɛm,ɪzɛm
ɪz,ɪzɛn,ɪzɛn,ɪzɛn,ɪzɛn
ɪz,ɪzɛŋ,ɪzɛŋ,ɪzɛŋ,ɪzɛŋ
ɪz,ɪzɛp,ɪzɛp,ɪzɛp,ɪzɛp
ɪz,ɪzɛt,ɪzɛt,ɪzɛt,ɪzɛt
ɪz,ɪzɛk,ɪzɛk,ɪzɛk,ɪzɛk
ɪz,ɪzɛb,ɪzɛb,ɪzɛb,ɪzɛb
ɪz,ɪzɛd,ɪzɛd,ɪzɛd,ɪzɛd
ɪz,ɪzɛg,ɪzɛg,ɪzɛg,ɪzɛg
ɪz,ɪzɛf,ɪzɛf,ɪzɛf,ɪzɛf
ɪz,ɪzɛs,ɪzɛs,ɪzɛs,ɪzɛs
ɪz,ɪzɛv,ɪzɛv,ɪzɛv,ɪzɛv
ɪz,ɪzɛz,ɪzɛz,ɪzɛz,ɪzɛz
ɪz,ɪzɛʃ,ɪzɛʃ,ɪzɛʃ,ɪzɛʃ
ɪz,ɪzɛʒ,ɪzɛʒ,ɪzɛʒ,ɪzɛʒ
ɪz,ɪzɛθ,ɪzɛθ,ɪzɛθ,ɪzɛθ
ɪz,ɪzɛð,ɪzɛð,ɪzɛð,ɪzɛð
ɪʃ,ɪʃɛm,ɪʃɛm,ɪʃɛm,ɪʃɛm
ɪʃ,ɪʃɛn,ɪʃɛn,ɪʃɛn,ɪʃɛn
ɪʃ,ɪʃɛŋ,ɪʃɛŋ,ɪʃɛŋ,ɪʃɛŋ
ɪʃ,ɪʃɛp,ɪʃɛp,ɪʃɛp,ɪʃɛp
ɪʃ,ɪʃɛt,ɪʃɛt,ɪʃɛt,ɪʃɛt
ɪʃ,ɪʃɛk,ɪʃɛk,ɪʃɛk,ɪʃɛk
ɪʃ,ɪʃɛb,ɪʃɛb,ɪʃɛb,ɪʃɛb
ɪʃ,ɪʃɛd,ɪʃɛd,ɪʃɛd,ɪʃɛd
ɪʃ,ɪʃɛg,ɪʃɛg,ɪʃɛg,ɪʃɛg
ɪʃ,ɪʃɛf,ɪʃɛf,ɪʃɛf,ɪʃɛf
ɪʃ,ɪʃɛs,ɪʃɛs,ɪʃɛs,ɪʃɛs
ɪʃ,ɪʃɛv,ɪʃɛv,ɪʃɛv,ɪʃɛv
ɪʃ,ɪʃɛz,ɪʃɛz,ɪʃɛz,ɪʃɛz
ɪʃ,ɪʃɛʃ,ɪʃɛʃ,ɪʃɛʃ,ɪʃɛʃ
ɪʃ,ɪʃɛʒ,ɪʃɛʒ,ɪʃɛʒ,ɪʃɛʒ
ɪʃ,ɪʃɛθ,ɪʃɛθ,ɪʃɛθ,ɪʃɛθ
ɪʃ,ɪʃɛð,ɪʃɛð,ɪʃɛð,ɪʃɛð
ɪʒ,ɪʒɛm,ɪʒɛm,ɪʒɛm,ɪʒɛm
ɪʒ,ɪʒɛn,ɪʒɛn,ɪʒɛn,ɪʒɛn
ɪʒ,ɪʒɛŋ,ɪʒɛŋ,ɪʒɛŋ,ɪʒɛŋ
ɪʒ,ɪʒɛp,ɪʒɛp,ɪʒɛp,ɪʒɛp
ɪʒ,ɪʒɛt,ɪʒɛt,ɪʒɛt,ɪʒɛt
ɪʒ,ɪʒɛk,ɪʒɛk,ɪʒɛk,ɪʒɛk
ɪʒ,ɪʒɛb,ɪʒɛb,ɪʒɛb,ɪʒɛb
ɪʒ,ɪʒɛd,ɪʒɛd,ɪʒɛd,ɪʒɛd
ɪʒ,ɪʒɛg,ɪʒɛg,ɪʒɛg,ɪʒɛg
ɪʒ,ɪʒɛf,ɪʒɛf,ɪʒɛf,ɪʒɛf
ɪʒ,ɪʒɛs,ɪʒɛs,ɪʒɛs,ɪʒɛs
ɪʒ,ɪʒɛv,ɪʒɛv,ɪʒɛv,ɪʒɛv
ɪʒ,ɪʒɛz,ɪʒɛz,ɪʒɛz,ɪʒɛz
ɪʒ,ɪʒɛʃ,ɪʒɛʃ,ɪʒɛʃ,ɪʒɛʃ
ɪʒ,ɪʒɛʒ,ɪʒɛʒ,ɪʒɛʒ,ɪʒɛʒ
ɪʒ,ɪʒɛθ,ɪʒɛθ,ɪʒɛθ,ɪʒɛθ
ɪʒ,ɪʒɛð,ɪʒɛð,ɪʒɛð,ɪʒɛð
ɪθ,ɪθɛm,ɪθɛm,ɪθɛm,ɪθɛm
ɪθ,ɪθɛn,ɪθɛn,ɪθɛn,ɪθɛn
ɪθ,ɪθɛŋ,ɪθɛŋ,ɪθɛŋ,ɪθɛŋ
ɪθ,ɪθɛp,ɪθɛp,ɪθɛp,ɪθɛp
ɪθ,ɪθɛt,ɪθɛt,ɪθɛt,ɪθɛt
ɪθ,ɪθɛk,ɪθɛk,ɪθɛk,ɪθɛk
ɪθ,ɪθɛb,ɪθɛb,ɪθɛb,ɪθɛb
ɪθ,ɪθɛd,ɪθɛd,ɪθɛd,ɪθɛd
ɪθ,ɪθɛg,ɪθɛg,ɪθɛg,ɪθɛg
ɪθ,ɪθɛf,ɪθɛf,ɪθɛf,ɪθɛf
ɪθ,ɪθɛs,ɪθɛs,ɪθɛs,ɪθɛs
ɪθ,ɪθɛv,ɪθɛv,ɪθɛv,ɪθɛv
ɪθ,ɪθɛz,ɪθɛz,ɪθɛz,ɪθɛz
ɪθ,ɪθɛʃ,ɪθɛʃ,ɪθɛʃ,ɪθɛʃ
ɪθ,ɪθɛʒ,ɪθɛʒ,ɪθɛʒ,ɪθɛʒ
ɪθ,ɪθɛθ,ɪθɛθ,ɪθɛθ,ɪθɛθ
ɪθ,ɪθɛð,ɪθɛð,ɪθɛð,ɪθɛð
ɪð,ɪðɛm,ɪðɛm,ɪðɛm,ɪðɛm
ɪð,ɪðɛn,ɪðɛn,ɪðɛn,ɪðɛn
ɪð,ɪðɛŋ,ɪðɛŋ,ɪðɛŋ,ɪðɛŋ
ɪð,ɪðɛp,ɪðɛp,ɪðɛp,ɪðɛp
ɪð,ɪðɛt,ɪðɛt,ɪðɛt,ɪðɛt
ɪð,ɪðɛk,ɪðɛk,ɪðɛk,ɪðɛk
ɪð,ɪðɛb,ɪðɛb,ɪðɛb,ɪðɛb
ɪð,ɪðɛd,ɪðɛd,ɪðɛd,ɪðɛd
ɪð,ɪðɛg,ɪðɛg,ɪðɛg,ɪðɛg
ɪð,ɪðɛf,ɪðɛf,ɪðɛf,ɪðɛf
ɪð,ɪðɛs,ɪðɛs,ɪðɛs,ɪðɛs
ɪð,ɪðɛv,ɪðɛv,ɪðɛv,ɪðɛv
ɪð,ɪðɛz,ɪðɛz,ɪðɛz,ɪðɛz
ɪð,ɪðɛʃ,ɪðɛʃ,ɪðɛʃ,ɪðɛʃ
ɪð,ɪðɛʒ,ɪðɛʒ,ɪðɛʒ,ɪðɛʒ
ɪð,ɪðɛθ,ɪðɛθ,ɪðɛθ,ɪðɛθ
ɪð,ɪðɛð,ɪðɛð,ɪðɛð,ɪðɛð
ɪm,ɪmʊm,ɪmɪm,ɪmʊm,ɪmɪm
ɪm,ɪmʊn,ɪmɪn,ɪmʊn,ɪmɪn
ɪm,ɪmʊŋ,ɪmɪŋ,ɪmʊŋ,ɪmɪŋ
ɪm,ɪmʊp,ɪmɪp,ɪmʊp,ɪmɪp
ɪm,ɪmʊt,ɪmɪt,ɪmʊt,ɪmɪt
ɪm,ɪmʊk,ɪmɪk,ɪmʊk,ɪmɪk
ɪm,ɪmʊb,ɪmɪb,ɪmʊb,ɪmɪb
ɪm,ɪmʊd,ɪmɪd,ɪmʊd,ɪmɪd
ɪm,ɪmʊg,ɪmɪg,ɪmʊg,ɪmɪg
ɪm,ɪmʊf,ɪmɪf,ɪmʊf,ɪmɪf
ɪm,ɪmʊs,ɪmɪs,ɪmʊs,ɪmɪs
ɪm,ɪmʊv,ɪmɪv,ɪmʊv,ɪmɪv
ɪm,ɪmʊz,ɪmɪz,ɪmʊz,ɪmɪz
ɪm,ɪmʊʃ,ɪmɪʃ,ɪmʊʃ,ɪmɪʃ
ɪm,ɪmʊʒ,ɪmɪʒ,ɪmʊʒ,ɪmɪʒ
ɪm,ɪmʊθ,ɪmɪθ,ɪmʊθ,ɪmɪθ
ɪm,ɪmʊð,ɪmɪð,ɪmʊð,ɪmɪð
ɪn,ɪnʊm,ɪnɪm,ɪnʊm,ɪnɪm
ɪn,ɪnʊn,ɪnɪn,ɪnʊn,ɪnɪn
ɪn,ɪnʊŋ,ɪnɪŋ,ɪnʊŋ,ɪnɪŋ
ɪn,ɪnʊp,ɪnɪp,ɪnʊp,ɪnɪp
ɪn,ɪnʊt,ɪnɪt,ɪnʊt,ɪnɪt
ɪn,ɪnʊk,ɪnɪk,ɪnʊk,ɪnɪk
ɪn,ɪnʊb,ɪnɪb,ɪnʊb,ɪnɪb
ɪn,ɪnʊd,ɪnɪd,ɪnʊd,ɪnɪd
ɪn,ɪnʊg,ɪnɪg,ɪnʊg,ɪnɪg
ɪn,ɪnʊf,ɪnɪf,ɪnʊf,ɪnɪf
ɪn,ɪnʊs,ɪnɪs,ɪnʊs,ɪnɪs
ɪn,ɪnʊv,ɪnɪv,ɪnʊv,ɪnɪv
ɪn,ɪnʊz,ɪnɪz,ɪnʊz,ɪnɪz
ɪn,ɪnʊʃ,ɪnɪʃ,ɪnʊʃ,ɪnɪʃ
ɪn,ɪnʊʒ,ɪnɪʒ,ɪnʊʒ,ɪnɪʒ
ɪn,ɪnʊθ,ɪnɪθ,ɪnʊθ,ɪnɪθ
ɪn,ɪnʊð,ɪnɪð,ɪnʊð,ɪnɪð
ɪŋ,ɪŋʊm,ɪŋɪm,ɪŋʊm,ɪŋɪm
ɪŋ,ɪŋʊn,ɪŋɪn,ɪŋʊn,ɪŋɪn
ɪŋ,ɪŋʊŋ,ɪŋɪŋ,ɪŋʊŋ,ɪŋɪŋ
ɪŋ,ɪŋʊp,ɪŋɪp,ɪŋʊp,ɪŋɪp
ɪŋ,ɪŋʊt,ɪŋɪt,ɪŋʊt,ɪŋɪt
ɪŋ,ɪŋʊk,ɪŋɪk,ɪŋʊk,ɪŋɪk
ɪŋ,ɪŋʊb,ɪŋɪb,ɪŋʊb,ɪŋɪb
ɪŋ,ɪŋʊd,ɪŋɪd,ɪŋʊd,ɪŋɪd
ɪŋ,ɪŋʊg,ɪŋɪg,ɪŋʊg,ɪŋɪg
ɪŋ,ɪŋʊf,ɪŋɪf,ɪŋʊf,ɪŋɪf
ɪŋ,ɪŋʊs,ɪŋɪs,ɪŋʊs,ɪŋɪs
ɪŋ,ɪŋʊv,ɪŋɪv,ɪŋʊv,ɪŋɪv
ɪŋ,ɪŋʊz,ɪŋɪz,ɪŋʊz,ɪŋɪz
ɪŋ,ɪŋʊʃ,ɪŋɪʃ,ɪŋʊʃ,ɪŋɪʃ
ɪŋ,ɪŋʊʒ,ɪŋɪʒ,ɪŋʊʒ,ɪŋɪʒ
ɪŋ,ɪŋʊθ,ɪŋɪθ,ɪŋʊθ,ɪŋɪθ
ɪŋ,ɪŋʊð,ɪŋɪð,ɪŋʊð,ɪŋɪð
ɪp,ɪpʊm,ɪpɪm,ɪpʊm,ɪpɪm
ɪp,ɪpʊn,ɪpɪn,ɪpʊn,ɪpɪn
ɪp,ɪpʊŋ,ɪpɪŋ,ɪpʊŋ,ɪpɪŋ
ɪp,ɪpʊp,ɪpɪp,ɪpʊp,ɪpɪp
ɪp,ɪpʊt,ɪpɪt,ɪpʊt,ɪpɪt
ɪp,ɪpʊk,ɪpɪk,ɪpʊk,ɪpɪk
ɪp,ɪpʊb,ɪpɪb,ɪpʊb,ɪpɪb
ɪp,ɪpʊd,ɪpɪd,ɪpʊd,ɪpɪd
ɪp,ɪpʊg,ɪpɪg,ɪpʊg,ɪpɪg
ɪp,ɪpʊf,ɪpɪf,ɪpʊf,ɪpɪf
ɪp,ɪpʊs,ɪpɪs,ɪpʊs,ɪpɪs
ɪp,ɪpʊv,ɪpɪv,ɪpʊv,ɪpɪv
ɪp,ɪpʊz,ɪpɪz,ɪpʊz,ɪpɪz
ɪp,ɪpʊʃ,ɪpɪʃ,ɪpʊʃ,ɪpɪʃ
ɪp,ɪpʊʒ,ɪpɪʒ,ɪpʊʒ,ɪpɪʒ
ɪp,ɪpʊθ,ɪpɪθ,ɪpʊθ,ɪpɪθ
ɪp,ɪpʊð,ɪpɪð,ɪpʊð,ɪpɪð
ɪt,ɪtʊm,ɪtɪm,ɪtʊm,ɪtɪm
ɪt,ɪtʊn,ɪtɪn,ɪtʊn,ɪtɪn
ɪt,ɪtʊŋ,ɪtɪŋ,ɪtʊŋ,ɪtɪŋ
ɪt,ɪtʊp,ɪtɪp,ɪtʊp,ɪtɪp
ɪt,ɪtʊt,ɪtɪt,ɪtʊt,ɪtɪt
ɪt,ɪtʊk,ɪtɪk,ɪtʊk,ɪtɪk
ɪt,ɪtʊb,ɪtɪb,ɪtʊb,ɪtɪb
ɪt,ɪtʊd,ɪtɪd,ɪtʊd,ɪtɪd
ɪt,ɪtʊg,ɪtɪg,ɪtʊg,ɪtɪg
ɪt,ɪtʊf,ɪtɪf,ɪtʊf,ɪtɪf
ɪt,ɪtʊs,ɪtɪs,ɪtʊs,ɪtɪs
ɪt,ɪtʊv,ɪtɪv,ɪtʊv,ɪtɪv
ɪt,ɪtʊz,ɪtɪz,ɪtʊz,ɪtɪz
ɪt,ɪtʊʃ,ɪtɪʃ,ɪtʊʃ,ɪtɪʃ
ɪt,ɪtʊʒ,ɪtɪʒ,ɪtʊʒ,ɪtɪʒ
ɪt,ɪtʊθ,ɪtɪθ,ɪtʊθ,ɪtɪθ
ɪt,ɪtʊð,ɪtɪð,ɪtʊð,ɪtɪð
ɪk,ɪkʊm,ɪkɪm,ɪkʊm,ɪkɪm
ɪk,ɪkʊn,ɪkɪn,ɪkʊn,ɪkɪn
ɪk,ɪkʊŋ,ɪkɪŋ,ɪkʊŋ,ɪkɪŋ
ɪk,ɪkʊp,ɪkɪp,ɪkʊp,ɪkɪp
ɪk,ɪkʊt,ɪkɪt,ɪkʊt,ɪkɪt
ɪk,ɪkʊk,ɪkɪk,ɪkʊk,ɪkɪk
ɪk,ɪkʊb,ɪkɪb,ɪkʊb,ɪkɪb
ɪk,ɪkʊd,ɪkɪd,ɪkʊd,ɪkɪd
ɪk,ɪkʊg,ɪkɪg,ɪkʊg,ɪkɪg
ɪk,ɪkʊf,ɪkɪf,ɪkʊf,ɪkɪf
ɪk,ɪkʊs,ɪkɪs,ɪkʊs,ɪkɪs
ɪk,ɪkʊv,ɪkɪv,ɪkʊv,ɪkɪv
ɪk,ɪkʊz,ɪkɪz,ɪkʊz,ɪkɪz
ɪk,ɪkʊʃ,ɪkɪʃ,ɪkʊʃ,ɪkɪʃ
ɪk,ɪkʊʒ,ɪkɪʒ,ɪkʊʒ,ɪkɪʒ
ɪk,ɪkʊθ,ɪkɪθ,ɪkʊθ,ɪkɪθ
ɪk,ɪkʊð,ɪkɪð,ɪkʊð,ɪkɪð
ɪb,ɪbʊm,ɪbɪm,ɪbʊm,ɪbɪm
ɪb,ɪbʊn,ɪbɪn,ɪbʊn,ɪbɪn
ɪb,ɪbʊŋ,ɪbɪŋ,ɪbʊŋ,ɪbɪŋ
ɪb,ɪbʊp,ɪbɪp,ɪbʊp,ɪbɪp
ɪb,ɪbʊt,ɪbɪt,ɪbʊt,ɪbɪt
ɪb,ɪbʊk,ɪbɪk,ɪbʊk,ɪbɪk
ɪb,ɪbʊb,ɪbɪb,ɪbʊb,ɪbɪb
ɪb,ɪbʊd,ɪbɪd,ɪbʊd,ɪbɪd
ɪb,ɪbʊg,ɪbɪg,ɪbʊg,ɪbɪg
ɪb,ɪbʊf,ɪbɪf,ɪbʊf,ɪbɪf
ɪb,ɪbʊs,ɪbɪs,ɪbʊs,ɪbɪs
ɪb,ɪbʊv,ɪbɪv,ɪbʊv,ɪbɪv
ɪb,ɪbʊz,ɪbɪz,ɪbʊz,ɪbɪz
ɪb,ɪbʊʃ,ɪbɪʃ,ɪbʊʃ,ɪbɪʃ
ɪb,ɪbʊʒ,ɪbɪʒ,ɪbʊʒ,ɪbɪʒ
ɪb,ɪbʊθ,ɪbɪθ,ɪbʊθ,ɪbɪθ
ɪb,ɪbʊð,ɪbɪð,ɪbʊð,ɪbɪð
ɪd,ɪdʊm,ɪdɪm,ɪdʊm,ɪdɪm
ɪd,ɪdʊn,ɪdɪn,ɪdʊn,ɪdɪn
ɪd,ɪdʊŋ,ɪdɪŋ,ɪdʊŋ,ɪdɪŋ
ɪd,ɪdʊp,ɪdɪp,ɪdʊp,ɪdɪp
ɪd,ɪdʊt,ɪdɪt,ɪdʊt,ɪdɪt
ɪd,ɪdʊk,ɪdɪk,ɪdʊk,ɪdɪk
ɪd,ɪdʊb,ɪdɪb,ɪdʊb,ɪdɪb
ɪd,ɪdʊd,ɪdɪd,ɪdʊd,ɪdɪd
ɪd,ɪdʊg,ɪdɪg,ɪdʊg,ɪdɪg
ɪd,ɪdʊf,ɪdɪf,ɪdʊf,ɪdɪf
ɪd,ɪdʊs,ɪdɪs,ɪdʊs,ɪdɪs
ɪd,ɪdʊv,ɪdɪv,ɪdʊv,ɪdɪv
ɪd,ɪdʊz,ɪdɪz,ɪdʊz,ɪdɪz
ɪd,ɪdʊʃ,ɪdɪʃ,ɪdʊʃ,ɪdɪʃ
ɪd,ɪdʊʒ,ɪdɪʒ,ɪdʊʒ,ɪdɪʒ
ɪd,ɪdʊθ,ɪdɪθ,ɪdʊθ,ɪdɪθ
ɪd,ɪdʊð,ɪdɪð,ɪdʊð,ɪdɪð
ɪg,ɪgʊm,ɪgɪm,ɪgʊm,ɪgɪm
ɪg,ɪgʊn,ɪgɪn,ɪgʊn,ɪgɪn
ɪg,ɪgʊŋ,ɪgɪŋ,ɪgʊŋ,ɪgɪŋ
ɪg,ɪgʊp,ɪgɪp,ɪgʊp,ɪgɪp
ɪg,ɪgʊt,ɪgɪt,ɪgʊt,ɪgɪt
ɪg,ɪgʊk,ɪgɪk,ɪgʊk,ɪgɪk
ɪg,ɪgʊb,ɪgɪb,ɪgʊb,ɪgɪb
ɪg,ɪgʊd,ɪgɪd,ɪgʊd,ɪgɪd
ɪg,ɪgʊg,ɪgɪg,ɪgʊg,ɪgɪg
ɪg,ɪgʊf,ɪgɪf,ɪgʊf,ɪgɪf
ɪg,ɪgʊs,ɪgɪs,ɪgʊs,ɪgɪs
ɪg,ɪgʊv,ɪgɪv,ɪgʊv,ɪgɪv
ɪg,ɪgʊz,ɪgɪz,ɪgʊz,ɪgɪz
ɪg,ɪgʊʃ,ɪgɪʃ,ɪgʊʃ,ɪgɪʃ
ɪg,ɪgʊʒ,ɪgɪʒ,ɪgʊʒ,ɪgɪʒ
ɪg,ɪgʊθ,ɪgɪθ,ɪgʊθ,ɪgɪθ
ɪg,ɪgʊð,ɪgɪð,ɪgʊð,ɪgɪð
ɪf,ɪfʊm,ɪfɪm,ɪfʊm,ɪfɪm
ɪf,ɪfʊn,ɪfɪn,ɪfʊn,ɪfɪn
ɪf,ɪfʊŋ,ɪfɪŋ,ɪfʊŋ,ɪfɪŋ
ɪf,ɪfʊp,ɪfɪp,ɪfʊp,ɪfɪp
ɪf,ɪfʊt,ɪfɪt,ɪfʊt,ɪfɪt
ɪf,ɪfʊk,ɪfɪk,ɪfʊk,ɪfɪk
ɪf,ɪfʊb,ɪfɪb,ɪfʊb,ɪfɪb
ɪf,ɪfʊd,ɪfɪd,ɪfʊd,ɪfɪd
ɪf,ɪfʊg,ɪfɪg,ɪfʊg,ɪfɪg
ɪf,ɪfʊf,ɪfɪf,ɪfʊf,ɪfɪf
ɪf,ɪfʊs,ɪfɪs,ɪfʊs,ɪfɪs
ɪf,ɪfʊv,ɪfɪv,ɪfʊv,ɪfɪv
ɪf,ɪfʊz,ɪfɪz,ɪfʊz,ɪfɪz
ɪf,ɪfʊʃ,ɪfɪʃ,ɪfʊʃ,ɪfɪʃ
ɪf,ɪfʊʒ,ɪfɪʒ,ɪfʊʒ,ɪfɪʒ
ɪf,ɪfʊθ,ɪfɪθ,ɪfʊθ,ɪfɪθ
ɪf,ɪfʊð,ɪfɪð,ɪfʊð,ɪfɪð
ɪs,ɪsʊm,ɪsɪm,ɪsʊm,ɪsɪm
ɪs,ɪsʊn,ɪsɪn,ɪsʊn,ɪsɪn
ɪs,ɪsʊŋ,ɪsɪŋ,ɪsʊŋ,ɪsɪŋ
ɪs,ɪsʊp,ɪsɪp,ɪsʊp,ɪsɪp
ɪs,ɪsʊt,ɪsɪt,ɪsʊt,ɪsɪt
ɪs,ɪsʊk,ɪsɪk,ɪsʊk,ɪsɪk
ɪs,ɪsʊb,ɪsɪb,ɪsʊb,ɪsɪb
ɪs,ɪsʊd,ɪsɪd,ɪsʊd,ɪsɪd
ɪs,ɪsʊg,ɪsɪg,ɪsʊg,ɪsɪg
ɪs,ɪsʊf,ɪsɪf,ɪsʊf,ɪsɪf
ɪs,ɪsʊs,ɪsɪs,ɪsʊs,ɪsɪs
ɪs,ɪsʊv,ɪsɪv,ɪsʊv,ɪsɪv
ɪs,ɪsʊz,ɪsɪz,ɪsʊz,ɪsɪz
ɪs,ɪsʊʃ,ɪsɪʃ,ɪsʊʃ,ɪsɪʃ
ɪs,ɪsʊʒ,ɪsɪʒ,ɪsʊʒ,ɪsɪʒ
ɪs,ɪsʊθ,ɪsɪθ,ɪsʊθ,ɪsɪθ
ɪs,ɪsʊð,ɪsɪð,ɪsʊð,ɪsɪð
ɪv,ɪvʊm,ɪvɪm,ɪvʊm,ɪvɪm
ɪv,ɪvʊn,ɪvɪn,ɪvʊn,ɪvɪn
ɪv,ɪvʊŋ,ɪvɪŋ,ɪvʊŋ,ɪvɪŋ
ɪv,ɪvʊp,ɪvɪp,ɪvʊp,ɪvɪp
ɪv,ɪvʊt,ɪvɪt,ɪvʊt,ɪvɪt
ɪv,ɪvʊk,ɪvɪk,ɪvʊk,ɪvɪk
ɪv,ɪvʊb,ɪvɪb,ɪvʊb,ɪvɪb
ɪv,ɪvʊd,ɪvɪd,ɪvʊd,ɪvɪd
ɪv,ɪvʊg,ɪvɪg,ɪvʊg,ɪvɪg
ɪv,ɪvʊf,ɪvɪf,ɪvʊf,ɪvɪf
ɪv,ɪvʊs,ɪvɪs,ɪvʊs,ɪvɪs
ɪv,ɪvʊv,ɪvɪv,ɪvʊv,ɪvɪv
ɪv,ɪvʊz,ɪvɪz,ɪvʊz,ɪvɪz
ɪv,ɪvʊʃ,ɪvɪʃ,ɪvʊʃ,ɪvɪʃ
ɪv,ɪvʊʒ,ɪvɪʒ,ɪvʊʒ,ɪvɪʒ
ɪv,ɪvʊθ,ɪvɪθ,ɪvʊθ,ɪvɪθ
ɪv,ɪvʊð,ɪvɪð,ɪvʊð,ɪvɪð
ɪz,ɪzʊm,ɪzɪm,ɪzʊm,ɪzɪm
ɪz,ɪzʊn,ɪzɪn,ɪzʊn,ɪzɪn
ɪz,ɪzʊŋ,ɪzɪŋ,ɪzʊŋ,ɪzɪŋ
ɪz,ɪzʊp,ɪzɪp,ɪzʊp,ɪzɪp
ɪz,ɪzʊt,ɪzɪt,ɪzʊt,ɪzɪt
ɪz,ɪzʊk,ɪzɪk,ɪzʊk,ɪzɪk
ɪz,ɪzʊb,ɪzɪb,ɪzʊb,ɪzɪb
ɪz,ɪzʊd,ɪzɪd,ɪzʊd,ɪzɪd
ɪz,ɪzʊg,ɪzɪg,ɪzʊg,ɪzɪg
ɪz,ɪzʊf,ɪzɪf,ɪzʊf,ɪzɪf
ɪz,ɪzʊs,ɪzɪs,ɪzʊs,ɪzɪs
ɪz,ɪzʊv,ɪzɪv,ɪzʊv,ɪzɪv
ɪz,ɪzʊz,ɪzɪz,ɪzʊz,ɪzɪz
ɪz,ɪzʊʃ,ɪzɪʃ,ɪzʊʃ,ɪzɪʃ
ɪz,ɪzʊʒ,ɪzɪʒ,ɪzʊʒ,ɪzɪʒ
ɪz,ɪzʊθ,ɪzɪθ,ɪzʊθ,ɪzɪθ
ɪz,ɪzʊð,ɪzɪð,ɪzʊð,ɪzɪð
ɪʃ,ɪʃʊm,ɪʃɪm,ɪʃʊm,ɪʃɪm
ɪʃ,ɪʃʊn,ɪʃɪn,ɪʃʊn,ɪʃɪn
ɪʃ,ɪʃʊŋ,ɪʃɪŋ,ɪʃʊŋ,ɪʃɪŋ
ɪʃ,ɪʃʊp,ɪʃɪp,ɪʃʊp,ɪʃɪp
ɪʃ,ɪʃʊt,ɪʃɪt,ɪʃʊt,ɪʃɪt
ɪʃ,ɪʃʊk,ɪʃɪk,ɪʃʊk,ɪʃɪk
ɪʃ,ɪʃʊb,ɪʃɪb,ɪʃʊb,ɪʃɪb
ɪʃ,ɪʃʊd,ɪʃɪd,ɪʃʊd,ɪʃɪd
ɪʃ,ɪʃʊg,ɪʃɪg,ɪʃʊg,ɪʃɪg
ɪʃ,ɪʃʊf,ɪʃɪf,ɪʃʊf,ɪʃɪf
ɪʃ,ɪʃʊs,ɪʃɪs,ɪʃʊs,ɪʃɪs
ɪʃ,ɪʃʊv,ɪʃɪv,ɪʃʊv,ɪʃɪv
ɪʃ,ɪʃʊz,ɪʃɪz,ɪʃʊz,ɪʃɪz
ɪʃ,ɪʃʊʃ,ɪʃɪʃ,ɪʃʊʃ,ɪʃɪʃ
ɪʃ,ɪʃʊʒ,ɪʃɪʒ,ɪʃʊʒ,ɪʃɪʒ
ɪʃ,ɪʃʊθ,ɪʃɪθ,ɪʃʊθ,ɪʃɪθ
ɪʃ,ɪʃʊð,ɪʃɪð,ɪʃʊð,ɪʃɪð
ɪʒ,ɪʒʊm,ɪʒɪm,ɪʒʊm,ɪʒɪm
ɪʒ,ɪʒʊn,ɪʒɪn,ɪʒʊn,ɪʒɪn
ɪʒ,ɪʒʊŋ,ɪʒɪŋ,ɪʒʊŋ,ɪʒɪŋ
ɪʒ,ɪʒʊp,ɪʒɪp,ɪʒʊp,ɪʒɪp
ɪʒ,ɪʒʊt,ɪʒɪt,ɪʒʊt,ɪʒɪt
ɪʒ,ɪʒʊk,ɪʒɪk,ɪʒʊk,ɪʒɪk
ɪʒ,ɪʒʊb,ɪʒɪb,ɪʒʊb,ɪʒɪb
ɪʒ,ɪʒʊd,ɪʒɪd,ɪʒʊd,ɪʒɪd
ɪʒ,ɪʒʊg,ɪʒɪg,ɪʒʊg,ɪʒɪg
ɪʒ,ɪʒʊf,ɪʒɪf,ɪʒʊf,ɪʒɪf
ɪʒ,ɪʒʊs,ɪʒɪs,ɪʒʊs,ɪʒɪs
ɪʒ,ɪʒʊv,ɪʒɪv,ɪʒʊv,ɪʒɪv
ɪʒ,ɪʒʊz,ɪʒɪz,ɪʒʊz,ɪʒɪz
ɪʒ,ɪʒʊʃ,ɪʒɪʃ,ɪʒʊʃ,ɪʒɪʃ
ɪʒ,ɪʒʊʒ,ɪʒɪʒ,ɪʒʊʒ,ɪʒɪʒ
ɪʒ,ɪʒʊθ,ɪʒɪθ,ɪʒʊθ,ɪʒɪθ
ɪʒ,ɪʒʊð,ɪʒɪð,ɪʒʊð,ɪʒɪð
ɪθ,ɪθʊm,ɪθɪm,ɪθʊm,ɪθɪm
ɪθ,ɪθʊn,ɪθɪn,ɪθʊn,ɪθɪn
ɪθ,ɪθʊŋ,ɪθɪŋ,ɪθʊŋ,ɪθɪŋ
ɪθ,ɪθʊp,ɪθɪp,ɪθʊp,ɪθɪp
ɪθ,ɪθʊt,ɪθɪt,ɪθʊt,ɪθɪt
ɪθ,ɪθʊk,ɪθɪk,ɪθʊk,ɪθɪk
ɪθ,ɪθʊb,ɪθɪb,ɪθʊb,ɪθɪb
ɪθ,ɪθʊd,ɪθɪd,ɪθʊd,ɪθɪd
ɪθ,ɪθʊg,ɪθɪg,ɪθʊg,ɪθɪg
ɪθ,ɪθʊf,ɪθɪf,ɪθʊf,ɪθɪf
ɪθ,ɪθʊs,ɪθɪs,ɪθʊs,ɪθɪs
ɪθ,ɪθʊv,ɪθɪv,ɪθʊv,ɪθɪv
ɪθ,ɪθʊz,ɪθɪz,ɪθʊz,ɪθɪz
ɪθ,ɪθʊʃ,ɪθɪʃ,ɪθʊʃ,ɪθɪʃ
ɪθ,ɪθʊʒ,ɪθɪʒ,ɪθʊʒ,ɪθɪʒ
ɪθ,ɪθʊθ,ɪθɪθ,ɪθʊθ,ɪθɪθ
ɪθ,ɪθʊð,ɪθɪð,ɪθʊð,ɪθɪð
ɪð,ɪðʊm,ɪðɪm,ɪðʊm,ɪðɪm
ɪð,ɪðʊn,ɪðɪn,ɪðʊn,ɪðɪn
ɪð,ɪðʊŋ,ɪðɪŋ,ɪðʊŋ,ɪðɪŋ
ɪð,ɪðʊp,ɪðɪp,ɪðʊp,ɪðɪp
ɪð,ɪðʊt,ɪðɪt,ɪðʊt,ɪðɪt
ɪð,ɪðʊk,ɪðɪk,ɪðʊk,ɪðɪk
ɪð,ɪðʊb,ɪðɪb,ɪðʊb,ɪðɪb
ɪð,ɪðʊd,ɪðɪd,ɪðʊd,ɪðɪd
ɪð,ɪðʊg,ɪðɪg,ɪðʊg,ɪðɪg
ɪð,ɪðʊf,ɪðɪf,ɪðʊf,ɪðɪf
ɪð,ɪðʊs,ɪðɪs,ɪðʊs,ɪðɪs
ɪð,ɪðʊv,ɪðɪv,ɪðʊv,ɪðɪv
ɪð,ɪðʊz,ɪðɪz,ɪðʊz,ɪðɪz
ɪð,ɪðʊʃ,ɪðɪʃ,ɪðʊʃ,ɪðɪʃ
ɪð,ɪðʊʒ,ɪðɪʒ,ɪðʊʒ,ɪðɪʒ
ɪð,ɪðʊθ,ɪðɪθ,ɪðʊθ,ɪðɪθ
ɪð,ɪðʊð,ɪðɪð,ɪðʊð,ɪðɪð
ɪm,ɪmɔm,ɪmɛm,ɪmɔm,ɪmɛm
ɪm,ɪmɔn,ɪmɛn,ɪmɔn,ɪmɛn
ɪm,ɪmɔŋ,ɪmɛŋ,ɪmɔŋ,ɪmɛŋ
ɪm,ɪmɔp,ɪmɛp,ɪmɔp,ɪmɛp
ɪm,ɪmɔt,ɪmɛt,ɪmɔt,ɪmɛt
ɪm,ɪmɔk,ɪmɛk,ɪmɔk,ɪmɛk
ɪm,ɪmɔb,ɪmɛb,ɪmɔb,ɪmɛb
ɪm,ɪmɔd,ɪmɛd,ɪmɔd,ɪmɛd
ɪm,ɪmɔg,ɪmɛg,ɪmɔg,ɪmɛg
ɪm,ɪmɔf,ɪmɛf,ɪmɔf,ɪmɛf
ɪm,ɪmɔs,ɪmɛs,ɪmɔs,ɪmɛs
ɪm,ɪmɔv,ɪmɛv,ɪmɔv,ɪmɛv
ɪm,ɪmɔz,ɪmɛz,ɪmɔz,ɪmɛz
ɪm,ɪmɔʃ,ɪmɛʃ,ɪmɔʃ,ɪmɛʃ
ɪm,ɪmɔʒ,ɪmɛʒ,ɪmɔʒ,ɪmɛʒ
ɪm,ɪmɔθ,ɪmɛθ,ɪmɔθ,ɪmɛθ
ɪm,ɪmɔð,ɪmɛð,ɪmɔð,ɪmɛð
ɪn,ɪnɔm,ɪnɛm,ɪnɔm,ɪnɛm
ɪn,ɪnɔn,ɪnɛn,ɪnɔn,ɪnɛn
ɪn,ɪnɔŋ,ɪnɛŋ,ɪnɔŋ,ɪnɛŋ
ɪn,ɪnɔp,ɪnɛp,ɪnɔp,ɪnɛp
ɪn,ɪnɔt,ɪnɛt,ɪnɔt,ɪnɛt
ɪn,ɪnɔk,ɪnɛk,ɪnɔk,ɪnɛk
ɪn,ɪnɔb,ɪnɛb,ɪnɔb,ɪnɛb
ɪn,ɪnɔd,ɪnɛd,ɪnɔd,ɪnɛd
ɪn,ɪnɔg,ɪnɛg,ɪnɔg,ɪnɛg
ɪn,ɪnɔf,ɪnɛf,ɪnɔf,ɪnɛf
ɪn,ɪnɔs,ɪnɛs,ɪnɔs,ɪnɛs
ɪn,ɪnɔv,ɪnɛv,ɪnɔv,ɪnɛv
ɪn,ɪnɔz,ɪnɛz,ɪnɔz,ɪnɛz
ɪn,ɪnɔʃ,ɪnɛʃ,ɪnɔʃ,ɪnɛʃ
ɪn,ɪnɔʒ,ɪnɛʒ,ɪnɔʒ,ɪnɛʒ
ɪn,ɪnɔθ,ɪnɛθ,ɪnɔθ,ɪnɛθ
ɪn,ɪnɔð,ɪnɛð,ɪnɔð,ɪnɛð
ɪŋ,ɪŋɔm,ɪŋɛm,ɪŋɔm,ɪŋɛm
ɪŋ,ɪŋɔn,ɪŋɛn,ɪŋɔn,ɪŋɛn
ɪŋ,ɪŋɔŋ,ɪŋɛŋ,ɪŋɔŋ,ɪŋɛŋ
ɪŋ,ɪŋɔp,ɪŋɛp,ɪŋɔp,ɪŋɛp
ɪŋ,ɪŋɔt,ɪŋɛt,ɪŋɔt,ɪŋɛt
ɪŋ,ɪŋɔk,ɪŋɛk,ɪŋɔk,ɪŋɛk
ɪŋ,ɪŋɔb,ɪŋɛb,ɪŋɔb,ɪŋɛb
ɪŋ,ɪŋɔd,ɪŋɛd,ɪŋɔd,ɪŋɛd
ɪŋ,ɪŋɔg,ɪŋɛg,ɪŋɔg,ɪŋɛg
ɪŋ,ɪŋɔf,ɪŋɛf,ɪŋɔf,ɪŋɛf
ɪŋ,ɪŋɔs,ɪŋɛs,ɪŋɔs,ɪŋɛs
ɪŋ,ɪŋɔv,ɪŋɛv,ɪŋɔv,ɪŋɛv
ɪŋ,ɪŋɔz,ɪŋɛz,ɪŋɔz,ɪŋɛz
ɪŋ,ɪŋɔʃ,ɪŋɛʃ,ɪŋɔʃ,ɪŋɛʃ
ɪŋ,ɪŋɔʒ,ɪŋɛʒ,ɪŋɔʒ,ɪŋɛʒ
ɪŋ,ɪŋɔθ,ɪŋɛθ,ɪŋɔθ,ɪŋɛθ
ɪŋ,ɪŋɔð,ɪŋɛð,ɪŋɔð,ɪŋɛð
ɪp,ɪpɔm,ɪpɛm,ɪpɔm,ɪpɛm
ɪp,ɪpɔn,ɪpɛn,ɪpɔn,ɪpɛn
ɪp,ɪpɔŋ,ɪpɛŋ,ɪpɔŋ,ɪpɛŋ
ɪp,ɪpɔp,ɪpɛp,ɪpɔp,ɪpɛp
ɪp,ɪpɔt,ɪpɛt,ɪpɔt,ɪpɛt
ɪp,ɪpɔk,ɪpɛk,ɪpɔk,ɪpɛk
ɪp,ɪpɔb,ɪpɛb,ɪpɔb,ɪpɛb
ɪp,ɪpɔd,ɪpɛd,ɪpɔd,ɪpɛd
ɪp,ɪpɔg,ɪpɛg,ɪpɔg,ɪpɛg
ɪp,ɪpɔf,ɪpɛf,ɪpɔf,ɪpɛf
ɪp,ɪpɔs,ɪpɛs,ɪpɔs,ɪpɛs
ɪp,ɪpɔv,ɪpɛv,ɪpɔv,ɪpɛv
ɪp,ɪpɔz,ɪpɛz,ɪpɔz,ɪpɛz
ɪp,ɪpɔʃ,ɪpɛʃ,ɪpɔʃ,ɪpɛʃ
ɪp,ɪpɔʒ,ɪpɛʒ,ɪpɔʒ,ɪpɛʒ
ɪp,ɪpɔθ,ɪpɛθ,ɪpɔθ,ɪpɛθ
ɪp,ɪpɔð,ɪpɛð,ɪpɔð,ɪpɛð
ɪt,ɪtɔm,ɪtɛm,ɪtɔm,ɪtɛm
ɪt,ɪtɔn,ɪtɛn,ɪtɔn,ɪtɛn
ɪt,ɪtɔŋ,ɪtɛŋ,ɪtɔŋ,ɪtɛŋ
ɪt,ɪtɔp,ɪtɛp,ɪtɔp,ɪtɛp
ɪt,ɪtɔt,ɪtɛt,ɪtɔt,ɪtɛt
ɪt,ɪtɔk,ɪtɛk,ɪtɔk,ɪtɛk
ɪt,ɪtɔb,ɪtɛb,ɪtɔb,ɪtɛb
ɪt,ɪtɔd,ɪtɛd,ɪtɔd,ɪtɛd
ɪt,ɪtɔg,ɪtɛg,ɪtɔg,ɪtɛg
ɪt,ɪtɔf,ɪtɛf,ɪtɔf,ɪtɛf
ɪt,ɪtɔs,ɪtɛs,ɪtɔs,ɪtɛs
ɪt,ɪtɔv,ɪtɛv,ɪtɔv,ɪtɛv
ɪt,ɪtɔz,ɪtɛz,ɪtɔz,ɪtɛz
ɪt,ɪtɔʃ,ɪtɛʃ,ɪtɔʃ,ɪtɛʃ
ɪt,ɪtɔʒ,ɪtɛʒ,ɪtɔʒ,ɪtɛʒ
ɪt,ɪtɔθ,ɪtɛθ,ɪtɔθ,ɪtɛθ
ɪt,ɪtɔð,ɪtɛð,ɪtɔð,ɪtɛð
ɪk,ɪkɔm,ɪkɛm,ɪkɔm,ɪkɛm
ɪk,ɪkɔn,ɪkɛn,ɪkɔn,ɪkɛn
ɪk,ɪkɔŋ,ɪkɛŋ,ɪkɔŋ,ɪkɛŋ
ɪk,ɪkɔp,ɪkɛp,ɪkɔp,ɪkɛp
ɪk,ɪkɔt,ɪkɛt,ɪkɔt,ɪkɛt
ɪk,ɪkɔk,ɪkɛk,ɪkɔk,ɪkɛk
ɪk,ɪkɔb,ɪkɛb,ɪkɔb,ɪkɛb
ɪk,ɪkɔd,ɪkɛd,ɪkɔd,ɪkɛd
ɪk,ɪkɔg,ɪkɛg,ɪkɔg,ɪkɛg
ɪk,ɪkɔf,ɪkɛf,ɪkɔf,ɪkɛf
ɪk,ɪkɔs,ɪkɛs,ɪkɔs,ɪkɛs
ɪk,ɪkɔv,ɪkɛv,ɪkɔv,ɪkɛv
ɪk,ɪkɔz,ɪkɛz,ɪkɔz,ɪkɛz
ɪk,ɪkɔʃ,ɪkɛʃ,ɪkɔʃ,ɪkɛʃ
ɪk,ɪkɔʒ,ɪkɛʒ,ɪkɔʒ,ɪkɛʒ
ɪk,ɪkɔθ,ɪkɛθ,ɪkɔθ,ɪkɛθ
ɪk,ɪkɔð,ɪkɛð,ɪkɔð,ɪkɛð
ɪb,ɪbɔm,ɪbɛm,ɪbɔm,ɪbɛm
ɪb,ɪbɔn,ɪbɛn,ɪbɔn,ɪbɛn
ɪb,ɪbɔŋ,ɪbɛŋ,ɪbɔŋ,ɪbɛŋ
ɪb,ɪbɔp,ɪbɛp,ɪbɔp,ɪbɛp
ɪb,ɪbɔt,ɪbɛt,ɪbɔt,ɪbɛt
ɪb,ɪbɔk,ɪbɛk,ɪbɔk,ɪbɛk
ɪb,ɪbɔb,ɪbɛb,ɪbɔb,ɪbɛb
ɪb,ɪbɔd,ɪbɛd,ɪbɔd,ɪbɛd
ɪb,ɪbɔg,ɪbɛg,ɪbɔg,ɪbɛg
ɪb,ɪbɔf,ɪbɛf,ɪbɔf,ɪbɛf
ɪb,ɪbɔs,ɪbɛs,ɪbɔs,ɪbɛs
ɪb,ɪbɔv,ɪbɛv,ɪbɔv,ɪbɛv
ɪb,ɪbɔz,ɪbɛz,ɪbɔz,ɪbɛz
ɪb,ɪbɔʃ,ɪbɛʃ,ɪbɔʃ,ɪbɛʃ
ɪb,ɪbɔʒ,ɪbɛʒ,ɪbɔʒ,ɪbɛʒ
ɪb,ɪbɔθ,ɪbɛθ,ɪbɔθ,ɪbɛθ
ɪb,ɪbɔð,ɪbɛð,ɪbɔð,ɪbɛð
ɪd,ɪdɔm,ɪdɛm,ɪdɔm,ɪdɛm
ɪd,ɪdɔn,ɪdɛn,ɪdɔn,ɪdɛn
ɪd,ɪdɔŋ,ɪdɛŋ,ɪdɔŋ,ɪdɛŋ
ɪd,ɪdɔp,ɪdɛp,ɪdɔp,ɪdɛp
ɪd,ɪdɔt,ɪdɛt,ɪdɔt,ɪdɛt
ɪd,ɪdɔk,ɪdɛk,ɪdɔk,ɪdɛk
ɪd,ɪdɔb,ɪdɛb,ɪdɔb,ɪdɛb
ɪd,ɪdɔd,ɪdɛd,ɪdɔd,ɪdɛd
ɪd,ɪdɔg,ɪdɛg,ɪdɔg,ɪdɛg
ɪd,ɪdɔf,ɪdɛf,ɪdɔf,ɪdɛf
ɪd,ɪdɔs,ɪdɛs,ɪdɔs,ɪdɛs
ɪd,ɪdɔv,ɪdɛv,ɪdɔv,ɪdɛv
ɪd,ɪdɔz,ɪdɛz,ɪdɔz,ɪdɛz
ɪd,ɪdɔʃ,ɪdɛʃ,ɪdɔʃ,ɪdɛʃ
ɪd,ɪdɔʒ,ɪdɛʒ,ɪdɔʒ,ɪdɛʒ
ɪd,ɪdɔθ,ɪdɛθ,ɪdɔθ,ɪdɛθ
ɪd,ɪdɔð,ɪdɛð,ɪdɔð,ɪdɛð
ɪg,ɪgɔm,ɪgɛm,ɪgɔm,ɪgɛm
ɪg,ɪgɔn,ɪgɛn,ɪgɔn,ɪgɛn
ɪg,ɪgɔŋ,ɪgɛŋ,ɪgɔŋ,ɪgɛŋ
ɪg,ɪgɔp,ɪgɛp,ɪgɔp,ɪgɛp
ɪg,ɪgɔt,ɪgɛt,ɪgɔt,ɪgɛt
ɪg,ɪgɔk,ɪgɛk,ɪgɔk,ɪgɛk
ɪg,ɪgɔb,ɪgɛb,ɪgɔb,ɪgɛb
ɪg,ɪgɔd,ɪgɛd,ɪgɔd,ɪgɛd
ɪg,ɪgɔg,ɪgɛg,ɪgɔg,ɪgɛg
ɪg,ɪgɔf,ɪgɛf,ɪgɔf,ɪgɛf
ɪg,ɪgɔs,ɪgɛs,ɪgɔs,ɪgɛs
ɪg,ɪgɔv,ɪgɛv,ɪgɔv,ɪgɛv
ɪg,ɪgɔz,ɪgɛz,ɪgɔz,ɪgɛz
ɪg,ɪgɔʃ,ɪgɛʃ,ɪgɔʃ,ɪgɛʃ
ɪg,ɪgɔʒ,ɪgɛʒ,ɪgɔʒ,ɪgɛʒ
ɪg,ɪgɔθ,ɪgɛθ,ɪgɔθ,ɪgɛθ
ɪg,ɪgɔð,ɪgɛð,ɪgɔð,ɪgɛð
ɪf,ɪfɔm,ɪfɛm,ɪfɔm,ɪfɛm
ɪf,ɪfɔn,ɪfɛn,ɪfɔn,ɪfɛn
ɪf,ɪfɔŋ,ɪfɛŋ,ɪfɔŋ,ɪfɛŋ
ɪf,ɪfɔp,ɪfɛp,ɪfɔp,ɪfɛp
ɪf,ɪfɔt,ɪfɛt,ɪfɔt,ɪfɛt
ɪf,ɪfɔk,ɪfɛk,ɪfɔk,ɪfɛk
ɪf,ɪfɔb,ɪfɛb,ɪfɔb,ɪfɛb
ɪf,ɪfɔd,ɪfɛd,ɪfɔd,ɪfɛd
ɪf,ɪfɔg,ɪfɛg,ɪfɔg,ɪfɛg
ɪf,ɪfɔf,ɪfɛf,ɪfɔf,ɪfɛf
ɪf,ɪfɔs,ɪfɛs,ɪfɔs,ɪfɛs
ɪf,ɪfɔv,ɪfɛv,ɪfɔv,ɪfɛv
ɪf,ɪfɔz,ɪfɛz,ɪfɔz,ɪfɛz
ɪf,ɪfɔʃ,ɪfɛʃ,ɪfɔʃ,ɪfɛʃ
ɪf,ɪfɔʒ,ɪfɛʒ,ɪfɔʒ,ɪfɛʒ
ɪf,ɪfɔθ,ɪfɛθ,ɪfɔθ,ɪfɛθ
ɪf,ɪfɔð,ɪfɛð,ɪfɔð,ɪfɛð
ɪs,ɪsɔm,ɪsɛm,ɪsɔm,ɪsɛm
ɪs,ɪsɔn,ɪsɛn,ɪsɔn,ɪsɛn
ɪs,ɪsɔŋ,ɪsɛŋ,ɪsɔŋ,ɪsɛŋ
ɪs,ɪsɔp,ɪsɛp,ɪsɔp,ɪsɛp
ɪs,ɪsɔt,ɪsɛt,ɪsɔt,ɪsɛt
ɪs,ɪsɔk,ɪsɛk,ɪsɔk,ɪsɛk
ɪs,ɪsɔb,ɪsɛb,ɪsɔb,ɪsɛb
ɪs,ɪsɔd,ɪsɛd,ɪsɔd,ɪsɛd
ɪs,ɪsɔg,ɪsɛg,ɪsɔg,ɪsɛg
ɪs,ɪsɔf,ɪsɛf,ɪsɔf,ɪsɛf
ɪs,ɪsɔs,ɪsɛs,ɪsɔs,ɪsɛs
ɪs,ɪsɔv,ɪsɛv,ɪsɔv,ɪsɛv
ɪs,ɪsɔz,ɪsɛz,ɪsɔz,ɪsɛz
ɪs,ɪsɔʃ,ɪsɛʃ,ɪsɔʃ,ɪsɛʃ
ɪs,ɪsɔʒ,ɪsɛʒ,ɪsɔʒ,ɪsɛʒ
ɪs,ɪsɔθ,ɪsɛθ,ɪsɔθ,ɪsɛθ
ɪs,ɪsɔð,ɪsɛð,ɪsɔð,ɪsɛð
ɪv,ɪvɔm,ɪvɛm,ɪvɔm,ɪvɛm
ɪv,ɪvɔn,ɪvɛn,ɪvɔn,ɪvɛn
ɪv,ɪvɔŋ,ɪvɛŋ,ɪvɔŋ,ɪvɛŋ
ɪv,ɪvɔp,ɪvɛp,ɪvɔp,ɪvɛp
ɪv,ɪvɔt,ɪvɛt,ɪvɔt,ɪvɛt
ɪv,ɪvɔk,ɪvɛk,ɪvɔk,ɪvɛk
ɪv,ɪvɔb,ɪvɛb,ɪvɔb,ɪvɛb
ɪv,ɪvɔd,ɪvɛd,ɪvɔd,ɪvɛd
ɪv,ɪvɔg,ɪvɛg,ɪvɔg,ɪvɛg
ɪv,ɪvɔf,ɪvɛf,ɪvɔf,ɪvɛf
ɪv,ɪvɔs,ɪvɛs,ɪvɔs,ɪvɛs
ɪv,ɪvɔv,ɪvɛv,ɪvɔv,ɪvɛv
ɪv,ɪvɔz,ɪvɛz,ɪvɔz,ɪvɛz
ɪv,ɪvɔʃ,ɪvɛʃ,ɪvɔʃ,ɪvɛʃ
ɪv,ɪvɔʒ,ɪvɛʒ,ɪvɔʒ,ɪvɛʒ
ɪv,ɪvɔθ,ɪvɛθ,ɪvɔθ,ɪvɛθ
ɪv,ɪvɔð,ɪvɛð,ɪvɔð,ɪvɛð
ɪz,ɪzɔm,ɪzɛm,ɪzɔm,ɪzɛm
ɪz,ɪzɔn,ɪzɛn,ɪzɔn,ɪzɛn
ɪz,ɪzɔŋ,ɪzɛŋ,ɪzɔŋ,ɪzɛŋ
ɪz,ɪzɔp,ɪzɛp,ɪzɔp,ɪzɛp
ɪz,ɪzɔt,ɪzɛt,ɪzɔt,ɪzɛt
ɪz,ɪzɔk,ɪzɛk,ɪzɔk,ɪzɛk
ɪz,ɪzɔb,ɪzɛb,ɪzɔb,ɪzɛb
ɪz,ɪzɔd,ɪzɛd,ɪzɔd,ɪzɛd
ɪz,ɪzɔg,ɪzɛg,ɪzɔg,ɪzɛg
ɪz,ɪzɔf,ɪzɛf,ɪzɔf,ɪzɛf
ɪz,ɪzɔs,ɪzɛs,ɪzɔs,ɪzɛs
ɪz,ɪzɔv,ɪzɛv,ɪzɔv,ɪzɛv
ɪz,ɪzɔz,ɪzɛz,ɪzɔz,ɪzɛz
ɪz,ɪzɔʃ,ɪzɛʃ,ɪzɔʃ,ɪzɛʃ
ɪz,ɪzɔʒ,ɪzɛʒ,ɪzɔʒ,ɪzɛʒ
ɪz,ɪzɔθ,ɪzɛθ,ɪzɔθ,ɪzɛθ
ɪz,ɪzɔð,ɪzɛð,ɪzɔð,ɪzɛð
ɪʃ,ɪʃɔm,ɪʃɛm,ɪʃɔm,ɪʃɛm
ɪʃ,ɪʃɔn,ɪʃɛn,ɪʃɔn,ɪʃɛn
ɪʃ,ɪʃɔŋ,ɪʃɛŋ,ɪʃɔŋ,ɪʃɛŋ
ɪʃ,ɪʃɔp,ɪʃɛp,ɪʃɔp,ɪʃɛp
ɪʃ,ɪʃɔt,ɪʃɛt,ɪʃɔt,ɪʃɛt
ɪʃ,ɪʃɔk,ɪʃɛk,ɪʃɔk,ɪʃɛk
ɪʃ,ɪʃɔb,ɪʃɛb,ɪʃɔb,ɪʃɛb
ɪʃ,ɪʃɔd,ɪʃɛd,ɪʃɔd,ɪʃɛd
ɪʃ,ɪʃɔg,ɪʃɛg,ɪʃɔg,ɪʃɛg
ɪʃ,ɪʃɔf,ɪʃɛf,ɪʃɔf,ɪʃɛf
ɪʃ,ɪʃɔs,ɪʃɛs,ɪʃɔs,ɪʃɛs
ɪʃ,ɪʃɔv,ɪʃɛv,ɪʃɔv,ɪʃɛv
ɪʃ,ɪʃɔz,ɪʃɛz,ɪʃɔz,ɪʃɛz
ɪʃ,ɪʃɔʃ,ɪʃɛʃ,ɪʃɔʃ,ɪʃɛʃ
ɪʃ,ɪʃɔʒ,ɪʃɛʒ,ɪʃɔʒ,ɪʃɛʒ
ɪʃ,ɪʃɔθ,ɪʃɛθ,ɪʃɔθ,ɪʃɛθ
ɪʃ,ɪʃɔð,ɪʃɛð,ɪʃɔð,ɪʃɛð
ɪʒ,ɪʒɔm,ɪʒɛm,ɪʒɔm,ɪʒɛm
ɪʒ,ɪʒɔn,ɪʒɛn,ɪʒɔn,ɪʒɛn
ɪʒ,ɪʒɔŋ,ɪʒɛŋ,ɪʒɔŋ,ɪʒɛŋ
ɪʒ,ɪʒɔp,ɪʒɛp,ɪʒɔp,ɪʒɛp
ɪʒ,ɪʒɔt,ɪʒɛt,ɪʒɔt,ɪʒɛt
ɪʒ,ɪʒɔk,ɪʒɛk,ɪʒɔk,ɪʒɛk
ɪʒ,ɪʒɔb,ɪʒɛb,ɪʒɔb,ɪʒɛb
ɪʒ,ɪʒɔd,ɪʒɛd,ɪʒɔd,ɪʒɛd
ɪʒ,ɪʒɔg,ɪʒɛg,ɪʒɔg,ɪʒɛg
ɪʒ,ɪʒɔf,ɪʒɛf,ɪʒɔf,ɪʒɛf
ɪʒ,ɪʒɔs,ɪʒɛs,ɪʒɔs,ɪʒɛs
ɪʒ,ɪʒɔv,ɪʒɛv,ɪʒɔv,ɪʒɛv
ɪʒ,ɪʒɔz,ɪʒɛz,ɪʒɔz,ɪʒɛz
ɪʒ,ɪʒɔʃ,ɪʒɛʃ,ɪʒɔʃ,ɪʒɛʃ
ɪʒ,ɪʒɔʒ,ɪʒɛʒ,ɪʒɔʒ,ɪʒɛʒ
ɪʒ,ɪʒɔθ,ɪʒɛθ,ɪʒɔθ,ɪʒɛθ
ɪʒ,ɪʒɔð,ɪʒɛð,ɪʒɔð,ɪʒɛð
ɪθ,ɪθɔm,ɪθɛm,ɪθɔm,ɪθɛm
ɪθ,ɪθɔn,ɪθɛn,ɪθɔn,ɪθɛn
ɪθ,ɪθɔŋ,ɪθɛŋ,ɪθɔŋ,ɪθɛŋ
ɪθ,ɪθɔp,ɪθɛp,ɪθɔp,ɪθɛp
ɪθ,ɪθɔt,ɪθɛt,ɪθɔt,ɪθɛt
ɪθ,ɪθɔk,ɪθɛk,ɪθɔk,ɪθɛk
ɪθ,ɪθɔb,ɪθɛb,ɪθɔb,ɪθɛb
ɪθ,ɪθɔd,ɪθɛd,ɪθɔd,ɪθɛd
ɪθ,ɪθɔg,ɪθɛg,ɪθɔg,ɪθɛg
ɪθ,ɪθɔf,ɪθɛf,ɪθɔf,ɪθɛf
ɪθ,ɪθɔs,ɪθɛs,ɪθɔs,ɪθɛs
ɪθ,ɪθɔv,ɪθɛv,ɪθɔv,ɪθɛv
ɪθ,ɪθɔz,ɪθɛz,ɪθɔz,ɪθɛz
ɪθ,ɪθɔʃ,ɪθɛʃ,ɪθɔʃ,ɪθɛʃ
ɪθ,ɪθɔʒ,ɪθɛʒ,ɪθɔʒ,ɪθɛʒ
ɪθ,ɪθɔθ,ɪθɛθ,ɪθɔθ,ɪθɛθ
ɪθ,ɪθɔð,ɪθɛð,ɪθɔð,ɪθɛð
ɪð,ɪðɔm,ɪðɛm,ɪðɔm,ɪðɛm
ɪð,ɪðɔn,ɪðɛn,ɪðɔn,ɪðɛn
ɪð,ɪðɔŋ,ɪðɛŋ,ɪðɔŋ,ɪðɛŋ
ɪð,ɪðɔp,ɪðɛp,ɪðɔp,ɪðɛp
ɪð,ɪðɔt,ɪðɛt,ɪðɔt,ɪðɛt
ɪð,ɪðɔk,ɪðɛk,ɪðɔk,ɪðɛk
ɪð,ɪðɔb,ɪðɛb,ɪðɔb,ɪðɛb
ɪð,ɪðɔd,ɪðɛd,ɪðɔd,ɪðɛd
ɪð,ɪðɔg,ɪðɛg,ɪðɔg,ɪðɛg
ɪð,ɪðɔf,ɪðɛf,ɪðɔf,ɪðɛf
ɪð,ɪðɔs,ɪðɛs,ɪðɔs,ɪðɛs
ɪð,ɪðɔv,ɪðɛv,ɪðɔv,ɪðɛv
ɪð,ɪðɔz,ɪðɛz,ɪðɔz,ɪðɛz
ɪð,ɪðɔʃ,ɪðɛʃ,ɪðɔʃ,ɪðɛʃ
ɪð,ɪðɔʒ,ɪðɛʒ,ɪðɔʒ,ɪðɛʒ
ɪð,ɪðɔθ,ɪðɛθ,ɪðɔθ,ɪðɛθ
ɪð,ɪðɔð,ɪðɛð,ɪðɔð,ɪðɛð
ɛm,ɛmɪm,ɛmɪm,ɛmɪm,ɛmɪm
ɛm,ɛmɪn,ɛmɪn,ɛmɪn,ɛmɪn
ɛm,ɛmɪŋ,ɛmɪŋ,ɛmɪŋ,ɛmɪŋ
ɛm,ɛmɪp,ɛmɪp,ɛmɪp,ɛmɪp
ɛm,ɛmɪt,ɛmɪt,ɛmɪt,ɛmɪt
ɛm,ɛmɪk,ɛmɪk,ɛmɪk,ɛmɪk
ɛm,ɛmɪb,ɛmɪb,ɛmɪb,ɛmɪb
ɛm,ɛmɪd,ɛmɪd,ɛmɪd,ɛmɪd
ɛm,ɛmɪg,ɛmɪg,ɛmɪg,ɛmɪg
ɛm,ɛmɪf,ɛmɪf,ɛmɪf,ɛmɪf
ɛm,ɛmɪs,ɛmɪs,ɛmɪs,ɛmɪs
ɛm,ɛmɪv,ɛmɪv,ɛmɪv,ɛmɪv
ɛm,ɛmɪz,ɛmɪz,ɛmɪz,ɛmɪz
ɛm,ɛmɪʃ,ɛmɪʃ,ɛmɪʃ,ɛmɪʃ
ɛm,ɛmɪʒ,ɛmɪʒ,ɛmɪʒ,ɛmɪʒ
ɛm,ɛmɪθ,ɛmɪθ,ɛmɪθ,ɛmɪθ
ɛm,ɛmɪð,ɛmɪð,ɛmɪð,ɛmɪð
ɛn,ɛnɪm,ɛnɪm,ɛnɪm,ɛnɪm
ɛn,ɛnɪn,ɛnɪn,ɛnɪn,ɛnɪn
ɛn,ɛnɪŋ,ɛnɪŋ,ɛnɪŋ,ɛnɪŋ
ɛn,ɛnɪp,ɛnɪp,ɛnɪp,ɛnɪp
ɛn,ɛnɪt,ɛnɪt,ɛnɪt,ɛnɪt
ɛn,ɛnɪk,ɛnɪk,ɛnɪk,ɛnɪk
ɛn,ɛnɪb,ɛnɪb,ɛnɪb,ɛnɪb
ɛn,ɛnɪd,ɛnɪd,ɛnɪd,ɛnɪd
ɛn,ɛnɪg,ɛnɪg,ɛnɪg,ɛnɪg
ɛn,ɛnɪf,ɛnɪf,ɛnɪf,ɛnɪf
ɛn,ɛnɪs,ɛnɪs,ɛnɪs,ɛnɪs
ɛn,ɛnɪv,ɛnɪv,ɛnɪv,ɛnɪv
ɛn,ɛnɪz,ɛnɪz,ɛnɪz,ɛnɪz
ɛn,ɛnɪʃ,ɛnɪʃ,ɛnɪʃ,ɛnɪʃ
ɛn,ɛnɪʒ,ɛnɪʒ,ɛnɪʒ,ɛnɪʒ
ɛn,ɛnɪθ,ɛnɪθ,ɛnɪθ,ɛnɪθ
ɛn,ɛnɪð,ɛnɪð,ɛnɪð,ɛnɪð
ɛŋ,ɛŋɪm,ɛŋɪm,ɛŋɪm,ɛŋɪm
ɛŋ,ɛŋɪn,ɛŋɪn,ɛŋɪn,ɛŋɪn
ɛŋ,ɛŋɪŋ,ɛŋɪŋ,ɛŋɪŋ,ɛŋɪŋ
ɛŋ,ɛŋɪp,ɛŋɪp,ɛŋɪp,ɛŋɪp
ɛŋ,ɛŋɪt,ɛŋɪt,ɛŋɪt,ɛŋɪt
ɛŋ,ɛŋɪk,ɛŋɪk,ɛŋɪk,ɛŋɪk
ɛŋ,ɛŋɪb,ɛŋɪb,ɛŋɪb,ɛŋɪb
ɛŋ,ɛŋɪd,ɛŋɪd,ɛŋɪd,ɛŋɪd
ɛŋ,ɛŋɪg,ɛŋɪg,ɛŋɪg,ɛŋɪg
ɛŋ,ɛŋɪf,ɛŋɪf,ɛŋɪf,ɛŋɪf
ɛŋ,ɛŋɪs,ɛŋɪs,ɛŋɪs,ɛŋɪs
ɛŋ,ɛŋɪv,ɛŋɪv,ɛŋɪv,ɛŋɪv
ɛŋ,ɛŋɪz,ɛŋɪz,ɛŋɪz,ɛŋɪz
ɛŋ,ɛŋɪʃ,ɛŋɪʃ,ɛŋɪʃ,ɛŋɪʃ
ɛŋ,ɛŋɪʒ,ɛŋɪʒ,ɛŋɪʒ,ɛŋɪʒ
ɛŋ,ɛŋɪθ,ɛŋɪθ,ɛŋɪθ,ɛŋɪθ
ɛŋ,ɛŋɪð,ɛŋɪð,ɛŋɪð,ɛŋɪð
ɛp,ɛpɪm,ɛpɪm,ɛpɪm,ɛpɪm
ɛp,ɛpɪn,ɛpɪn,ɛpɪn,ɛpɪn
ɛp,ɛpɪŋ,ɛpɪŋ,ɛpɪŋ,ɛpɪŋ
ɛp,ɛpɪp,ɛpɪp,ɛpɪp,ɛpɪp
ɛp,ɛpɪt,ɛpɪt,ɛpɪt,ɛpɪt
ɛp,ɛpɪk,ɛpɪk,ɛpɪk,ɛpɪk
ɛp,ɛpɪb,ɛpɪb,ɛpɪb,ɛpɪb
ɛp,ɛpɪd,ɛpɪd,ɛpɪd,ɛpɪd
ɛp,ɛpɪg,ɛpɪg,ɛpɪg,ɛpɪg
ɛp,ɛpɪf,ɛpɪf,ɛpɪf,ɛpɪf
ɛp,ɛpɪs,ɛpɪs,ɛpɪs,ɛpɪs
ɛp,ɛpɪv,ɛpɪv,ɛpɪv,ɛpɪv
ɛp,ɛpɪz,ɛpɪz,ɛpɪz,ɛpɪz
ɛp,ɛpɪʃ,ɛpɪʃ,ɛpɪʃ,ɛpɪʃ
ɛp,ɛpɪʒ,ɛpɪʒ,ɛpɪʒ,ɛpɪʒ
ɛp,ɛpɪθ,ɛpɪθ,ɛpɪθ,ɛpɪθ
ɛp,ɛpɪð,ɛpɪð,ɛpɪð,ɛpɪð
ɛt,ɛtɪm,ɛtɪm,ɛtɪm,ɛtɪm
ɛt,ɛtɪn,ɛtɪn,ɛtɪn,ɛtɪn
ɛt,ɛtɪŋ,ɛtɪŋ,ɛtɪŋ,ɛtɪŋ
ɛt,ɛtɪp,ɛtɪp,ɛtɪp,ɛtɪp
ɛt,ɛtɪt,ɛtɪt,ɛtɪt,ɛtɪt
ɛt,ɛtɪk,ɛtɪk,ɛtɪk,ɛtɪk
ɛt,ɛtɪb,ɛtɪb,ɛtɪb,ɛtɪb
ɛt,ɛtɪd,ɛtɪd,ɛtɪd,ɛtɪd
ɛt,ɛtɪg,ɛtɪg,ɛtɪg,ɛtɪg
ɛt,ɛtɪf,ɛtɪf,ɛtɪf,ɛtɪf
ɛt,ɛtɪs,ɛtɪs,ɛtɪs,ɛtɪs
ɛt,ɛtɪv,ɛtɪv,ɛtɪv,ɛtɪv
ɛt,ɛtɪz,ɛtɪz,ɛtɪz,ɛtɪz
ɛt,ɛtɪʃ,ɛtɪʃ,ɛtɪʃ,ɛtɪʃ
ɛt,ɛtɪʒ,ɛtɪʒ,ɛtɪʒ,ɛtɪʒ
ɛt,ɛtɪθ,ɛtɪθ,ɛtɪθ,ɛtɪθ
ɛt,ɛtɪð,ɛtɪð,ɛtɪð,ɛtɪð
ɛk,ɛkɪm,ɛkɪm,ɛkɪm,ɛkɪm
ɛk,ɛkɪn,ɛkɪn,ɛkɪn,ɛkɪn
ɛk,ɛkɪŋ,ɛkɪŋ,ɛkɪŋ,ɛkɪŋ
ɛk,ɛkɪp,ɛkɪp,ɛkɪp,ɛkɪp
ɛk,ɛkɪt,ɛkɪt,ɛkɪt,ɛkɪt
ɛk,ɛkɪk,ɛkɪk,ɛkɪk,ɛkɪk
ɛk,ɛkɪb,ɛkɪb,ɛkɪb,ɛkɪb
ɛk,ɛkɪd,ɛkɪd,ɛkɪd,ɛkɪd
ɛk,ɛkɪg,ɛkɪg,ɛkɪg,ɛkɪg
ɛk,ɛkɪf,ɛkɪf,ɛkɪf,ɛkɪf
ɛk,ɛkɪs,ɛkɪs,ɛkɪs,ɛkɪs
ɛk,ɛkɪv,ɛkɪv,ɛkɪv,ɛkɪv
ɛk,ɛkɪz,ɛkɪz,ɛkɪz,ɛkɪz
ɛk,ɛkɪʃ,ɛkɪʃ,ɛkɪʃ,ɛkɪʃ
ɛk,ɛkɪʒ,ɛkɪʒ,ɛkɪʒ,ɛkɪʒ
ɛk,ɛkɪθ,ɛkɪθ,ɛkɪθ,ɛkɪθ
ɛk,ɛkɪð,ɛkɪð,ɛkɪð,ɛkɪð
ɛb,ɛbɪm,ɛbɪm,ɛbɪm,ɛbɪm
ɛb,ɛbɪn,ɛbɪn,ɛbɪn,ɛbɪn
ɛb,ɛbɪŋ,ɛbɪŋ,ɛbɪŋ,ɛbɪŋ
ɛb,ɛbɪp,ɛbɪp,ɛbɪp,ɛbɪp
ɛb,ɛbɪt,ɛbɪt,ɛbɪt,ɛbɪt
ɛb,ɛbɪk,ɛbɪk,ɛbɪk,ɛbɪk
ɛb,ɛbɪb,ɛbɪb,ɛbɪb,ɛbɪb
ɛb,ɛbɪd,ɛbɪd,ɛbɪd,ɛbɪd
ɛb,ɛbɪg,ɛbɪg,ɛbɪg,ɛbɪg
ɛb,ɛbɪf,ɛbɪf,ɛbɪf,ɛbɪf
ɛb,ɛbɪs,ɛbɪs,ɛbɪs,ɛbɪs
ɛb,ɛbɪv,ɛbɪv,ɛbɪv,ɛbɪv
ɛb,ɛbɪz,ɛbɪz,ɛbɪz,ɛbɪz
ɛb,ɛbɪʃ,ɛbɪʃ,ɛbɪʃ,ɛbɪʃ
ɛb,ɛbɪʒ,ɛbɪʒ,ɛbɪʒ,ɛbɪʒ
ɛb,ɛbɪθ,ɛbɪθ,ɛbɪθ,ɛbɪθ
ɛb,ɛbɪð,ɛbɪð,ɛbɪð,ɛbɪð
ɛd,ɛdɪm,ɛdɪm,ɛdɪm,ɛdɪm
ɛd,ɛdɪn,ɛdɪn,ɛdɪn,ɛdɪn
ɛd,ɛdɪŋ,ɛdɪŋ,ɛdɪŋ,ɛdɪŋ
ɛd,ɛdɪp,ɛdɪp,ɛdɪp,ɛdɪp
ɛd,ɛdɪt,ɛdɪt,ɛdɪt,ɛdɪt
ɛd,ɛdɪk,ɛdɪk,ɛdɪk,ɛdɪk
ɛd,ɛdɪb,ɛdɪb,ɛdɪb,ɛdɪb
ɛd,ɛdɪd,ɛdɪd,ɛdɪd,ɛdɪd
ɛd,ɛdɪg,ɛdɪg,ɛdɪg,ɛdɪg
ɛd,ɛdɪf,ɛdɪf,ɛdɪf,ɛdɪf
ɛd,ɛdɪs,ɛdɪs,ɛdɪs,ɛdɪs
ɛd,ɛdɪv,ɛdɪv,ɛdɪv,ɛdɪv
ɛd,ɛdɪz,ɛdɪz,ɛdɪz,ɛdɪz
ɛd,ɛdɪʃ,ɛdɪʃ,ɛdɪʃ,ɛdɪʃ
ɛd,ɛdɪʒ,ɛdɪʒ,ɛdɪʒ,ɛdɪʒ
ɛd,ɛdɪθ,ɛdɪθ,ɛdɪθ,ɛdɪθ
ɛd,ɛdɪð,ɛdɪð,ɛdɪð,ɛdɪð
ɛg,ɛgɪm,ɛgɪm,ɛgɪm,ɛgɪm
ɛg,ɛgɪn,ɛgɪn,ɛgɪn,ɛgɪn
ɛg,ɛgɪŋ,ɛgɪŋ,ɛgɪŋ,ɛgɪŋ
ɛg,ɛgɪp,ɛgɪp,ɛgɪp,ɛgɪp
ɛg,ɛgɪt,ɛgɪt,ɛgɪt,ɛgɪt
ɛg,ɛgɪk,ɛgɪk,ɛgɪk,ɛgɪk
ɛg,ɛgɪb,ɛgɪb,ɛgɪb,ɛgɪb
ɛg,ɛgɪd,ɛgɪd,ɛgɪd,ɛgɪd
ɛg,ɛgɪg,ɛgɪg,ɛgɪg,ɛgɪg
ɛg,ɛgɪf,ɛgɪf,ɛgɪf,ɛgɪf
ɛg,ɛgɪs,ɛgɪs,ɛgɪs,ɛgɪs
ɛg,ɛgɪv,ɛgɪv,ɛgɪv,ɛgɪv
ɛg,ɛgɪz,ɛgɪz,ɛgɪz,ɛgɪz
ɛg,ɛgɪʃ,ɛgɪʃ,ɛgɪʃ,ɛgɪʃ
ɛg,ɛgɪʒ,ɛgɪʒ,ɛgɪʒ,ɛgɪʒ
ɛg,ɛgɪθ,ɛgɪθ,ɛgɪθ,ɛgɪθ
ɛg,ɛgɪð,ɛgɪð,ɛgɪð,ɛgɪð
ɛf,ɛfɪm,ɛfɪm,ɛfɪm,ɛfɪm
ɛf,ɛfɪn,ɛfɪn,ɛfɪn,ɛfɪn
ɛf,ɛfɪŋ,ɛfɪŋ,ɛfɪŋ,ɛfɪŋ
ɛf,ɛfɪp,ɛfɪp,ɛfɪp,ɛfɪp
ɛf,ɛfɪt,ɛfɪt,ɛfɪt,ɛfɪt
ɛf,ɛfɪk,ɛfɪk,ɛfɪk,ɛfɪk
ɛf,ɛfɪb,ɛfɪb,ɛfɪb,ɛfɪb
ɛf,ɛfɪd,ɛfɪd,ɛfɪd,ɛfɪd
ɛf,ɛfɪg,ɛfɪg,ɛfɪg,ɛfɪg
ɛf,ɛfɪf,ɛfɪf,ɛfɪf,ɛfɪf
ɛf,ɛfɪs,ɛfɪs,ɛfɪs,ɛfɪs
ɛf,ɛfɪv,ɛfɪv,ɛfɪv,ɛfɪv
ɛf,ɛfɪz,ɛfɪz,ɛfɪz,ɛfɪz
ɛf,ɛfɪʃ,ɛfɪʃ,ɛfɪʃ,ɛfɪʃ
ɛf,ɛfɪʒ,ɛfɪʒ,ɛfɪʒ,ɛfɪʒ
ɛf,ɛfɪθ,ɛfɪθ,ɛfɪθ,ɛfɪθ
ɛf,ɛfɪð,ɛfɪð,ɛfɪð,ɛfɪð
ɛs,ɛsɪm,ɛsɪm,ɛsɪm,ɛsɪm
ɛs,ɛsɪn,ɛsɪn,ɛsɪn,ɛsɪn
ɛs,ɛsɪŋ,ɛsɪŋ,ɛsɪŋ,ɛsɪŋ
ɛs,ɛsɪp,ɛsɪp,ɛsɪp,ɛsɪp
ɛs,ɛsɪt,ɛsɪt,ɛsɪt,ɛsɪt
ɛs,ɛsɪk,ɛsɪk,ɛsɪk,ɛsɪk
ɛs,ɛsɪb,ɛsɪb,ɛsɪb,ɛsɪb
ɛs,ɛsɪd,ɛsɪd,ɛsɪd,ɛsɪd
ɛs,ɛsɪg,ɛsɪg,ɛsɪg,ɛsɪg
ɛs,ɛsɪf,ɛsɪf,ɛsɪf,ɛsɪf
ɛs,ɛsɪs,ɛsɪs,ɛsɪs,ɛsɪs
ɛs,ɛsɪv,ɛsɪv,ɛsɪv,ɛsɪv
ɛs,ɛsɪz,ɛsɪz,ɛsɪz,ɛsɪz
ɛs,ɛsɪʃ,ɛsɪʃ,ɛsɪʃ,ɛsɪʃ
ɛs,ɛsɪʒ,ɛsɪʒ,ɛsɪʒ,ɛsɪʒ
ɛs,ɛsɪθ,ɛsɪθ,ɛsɪθ,ɛsɪθ
ɛs,ɛsɪð,ɛsɪð,ɛsɪð,ɛsɪð
ɛv,ɛvɪm,ɛvɪm,ɛvɪm,ɛvɪm
ɛv,ɛvɪn,ɛvɪn,ɛvɪn,ɛvɪn
ɛv,ɛvɪŋ,ɛvɪŋ,ɛvɪŋ,ɛvɪŋ
ɛv,ɛvɪp,ɛvɪp,ɛvɪp,ɛvɪp
ɛv,ɛvɪt,ɛvɪt,ɛvɪt,ɛvɪt
ɛv,ɛvɪk,ɛvɪk,ɛvɪk,ɛvɪk
ɛv,ɛvɪb,ɛvɪb,ɛvɪb,ɛvɪb
ɛv,ɛvɪd,ɛvɪd,ɛvɪd,ɛvɪd
ɛv,ɛvɪg,ɛvɪg,ɛvɪg,ɛvɪg
ɛv,ɛvɪf,ɛvɪf,ɛvɪf,ɛvɪf
ɛv,ɛvɪs,ɛvɪs,ɛvɪs,ɛvɪs
ɛv,ɛvɪv,ɛvɪv,ɛvɪv,ɛvɪv
ɛv,ɛvɪz,ɛvɪz,ɛvɪz,ɛvɪz
ɛv,ɛvɪʃ,ɛvɪʃ,ɛvɪʃ,ɛvɪʃ
ɛv,ɛvɪʒ,ɛvɪʒ,ɛvɪʒ,ɛvɪʒ
ɛv,ɛvɪθ,ɛvɪθ,ɛvɪθ,ɛvɪθ
ɛv,ɛvɪð,ɛvɪð,ɛvɪð,ɛvɪð
ɛz,ɛzɪm,ɛzɪm,ɛzɪm,ɛzɪm
ɛz,ɛzɪn,ɛzɪn,ɛzɪn,ɛzɪn
ɛz,ɛzɪŋ,ɛzɪŋ,ɛzɪŋ,ɛzɪŋ
ɛz,ɛzɪp,ɛzɪp,ɛzɪp,ɛzɪp
ɛz,ɛzɪt,ɛzɪt,ɛzɪt,ɛzɪt
ɛz,ɛzɪk,ɛzɪk,ɛzɪk,ɛzɪk
ɛz,ɛzɪb,ɛzɪb,ɛzɪb,ɛzɪb
ɛz,ɛzɪd,ɛzɪd,ɛzɪd,ɛzɪd
ɛz,ɛzɪg,ɛzɪg,ɛzɪg,ɛzɪg
ɛz,ɛzɪf,ɛzɪf,ɛzɪf,ɛzɪf
ɛz,ɛzɪs,ɛzɪs,ɛzɪs,ɛzɪs
ɛz,ɛzɪv,ɛzɪv,ɛzɪv,ɛzɪv
ɛz,ɛzɪz,ɛzɪz,ɛzɪz,ɛzɪz
ɛz,ɛzɪʃ,ɛzɪʃ,ɛzɪʃ,ɛzɪʃ
ɛz,ɛzɪʒ,ɛzɪʒ,ɛzɪʒ,ɛzɪʒ
ɛz,ɛzɪθ,ɛzɪθ,ɛzɪθ,ɛzɪθ
ɛz,ɛzɪð,ɛzɪð,ɛzɪð,ɛzɪð
ɛʃ,ɛʃɪm,ɛʃɪm,ɛʃɪm,ɛʃɪm
ɛʃ,ɛʃɪn,ɛʃɪn,ɛʃɪn,ɛʃɪn
ɛʃ,ɛʃɪŋ,ɛʃɪŋ,ɛʃɪŋ,ɛʃɪŋ
ɛʃ,ɛʃɪp,ɛʃɪp,ɛʃɪp,ɛʃɪp
ɛʃ,ɛʃɪt,ɛʃɪt,ɛʃɪt,ɛʃɪt
ɛʃ,ɛʃɪk,ɛʃɪk,ɛʃɪk,ɛʃɪk
ɛʃ,ɛʃɪb,ɛʃɪb,ɛʃɪb,ɛʃɪb
ɛʃ,ɛʃɪd,ɛʃɪd,ɛʃɪd,ɛʃɪd
ɛʃ,ɛʃɪg,ɛʃɪg,ɛʃɪg,ɛʃɪg
ɛʃ,ɛʃɪf,ɛʃɪf,ɛʃɪf,ɛʃɪf
ɛʃ,ɛʃɪs,ɛʃɪs,ɛʃɪs,ɛʃɪs
ɛʃ,ɛʃɪv,ɛʃɪv,ɛʃɪv,ɛʃɪv
ɛʃ,ɛʃɪz,ɛʃɪz,ɛʃɪz,ɛʃɪz
ɛʃ,ɛʃɪʃ,ɛʃɪʃ,ɛʃɪʃ,ɛʃɪʃ
ɛʃ,ɛʃɪʒ,ɛʃɪʒ,ɛʃɪʒ,ɛʃɪʒ
ɛʃ,ɛʃɪθ,ɛʃɪθ,ɛʃɪθ,ɛʃɪθ
ɛʃ,ɛʃɪð,ɛʃɪð,ɛʃɪð,ɛʃɪð
ɛʒ,ɛʒɪm,ɛʒɪm,ɛʒɪm,ɛʒɪm
ɛʒ,ɛʒɪn,ɛʒɪn,ɛʒɪn,ɛʒɪn
ɛʒ,ɛʒɪŋ,ɛʒɪŋ,ɛʒɪŋ,ɛʒɪŋ
ɛʒ,ɛʒɪp,ɛʒɪp,ɛʒɪp,ɛʒɪp
ɛʒ,ɛʒɪt,ɛʒɪt,ɛʒɪt,ɛʒɪt
ɛʒ,ɛʒɪk,ɛʒɪk,ɛʒɪk,ɛʒɪk
ɛʒ,ɛʒɪb,ɛʒɪb,ɛʒɪb,ɛʒɪb
ɛʒ,ɛʒɪd,ɛʒɪd,ɛʒɪd,ɛʒɪd
ɛʒ,ɛʒɪg,ɛʒɪg,ɛʒɪg,ɛʒɪg
ɛʒ,ɛʒɪf,ɛʒɪf,ɛʒɪf,ɛʒɪf
ɛʒ,ɛʒɪs,ɛʒɪs,ɛʒɪs,ɛʒɪs
ɛʒ,ɛʒɪv,ɛʒɪv,ɛʒɪv,ɛʒɪv
ɛʒ,ɛʒɪz,ɛʒɪz,ɛʒɪz,ɛʒɪz
ɛʒ,ɛʒɪʃ,ɛʒɪʃ,ɛʒɪʃ,ɛʒɪʃ
ɛʒ,ɛʒɪʒ,ɛʒɪʒ,ɛʒɪʒ,ɛʒɪʒ
ɛʒ,ɛʒɪθ,ɛʒɪθ,ɛʒɪθ,ɛʒɪθ
ɛʒ,ɛʒɪð,ɛʒɪð,ɛʒɪð,ɛʒɪð
ɛθ,ɛθɪm,ɛθɪm,ɛθɪm,ɛθɪm
ɛθ,ɛθɪn,ɛθɪn,ɛθɪn,ɛθɪn
ɛθ,ɛθɪŋ,ɛθɪŋ,ɛθɪŋ,ɛθɪŋ
ɛθ,ɛθɪp,ɛθɪp,ɛθɪp,ɛθɪp
ɛθ,ɛθɪt,ɛθɪt,ɛθɪt,ɛθɪt
ɛθ,ɛθɪk,ɛθɪk,ɛθɪk,ɛθɪk
ɛθ,ɛθɪb,ɛθɪb,ɛθɪb,ɛθɪb
ɛθ,ɛθɪd,ɛθɪd,ɛθɪd,ɛθɪd
ɛθ,ɛθɪg,ɛθɪg,ɛθɪg,ɛθɪg
ɛθ,ɛθɪf,ɛθɪf,ɛθɪf,ɛθɪf
ɛθ,ɛθɪs,ɛθɪs,ɛθɪs,ɛθɪs
ɛθ,ɛθɪv,ɛθɪv,ɛθɪv,ɛθɪv
ɛθ,ɛθɪz,ɛθɪz,ɛθɪz,ɛθɪz
ɛθ,ɛθɪʃ,ɛθɪʃ,ɛθɪʃ,ɛθɪʃ
ɛθ,ɛθɪʒ,ɛθɪʒ,ɛθɪʒ,ɛθɪʒ
ɛθ,ɛθɪθ,ɛθɪθ,ɛθɪθ,ɛθɪθ
ɛθ,ɛθɪð,ɛθɪð,ɛθɪð,ɛθɪð
ɛð,ɛðɪm,ɛðɪm,ɛðɪm,ɛðɪm
ɛð,ɛðɪn,ɛðɪn,ɛðɪn,ɛðɪn
ɛð,ɛðɪŋ,ɛðɪŋ,ɛðɪŋ,ɛðɪŋ
ɛð,ɛðɪp,ɛðɪp,ɛðɪp,ɛðɪp
ɛð,ɛðɪt,ɛðɪt,ɛðɪt,ɛðɪt
ɛð,ɛðɪk,ɛðɪk,ɛðɪk,ɛðɪk
ɛð,ɛðɪb,ɛðɪb,ɛðɪb,ɛðɪb
ɛð,ɛðɪd,ɛðɪd,ɛðɪd,ɛðɪd
ɛð,ɛðɪg,ɛðɪg,ɛðɪg,ɛðɪg
ɛð,ɛðɪf,ɛðɪf,ɛðɪf,ɛðɪf
ɛð,ɛðɪs,ɛðɪs,ɛðɪs,ɛðɪs
ɛð,ɛðɪv,ɛðɪv,ɛðɪv,ɛðɪv
ɛð,ɛðɪz,ɛðɪz,ɛðɪz,ɛðɪz
ɛð,ɛðɪʃ,ɛðɪʃ,ɛðɪʃ,ɛðɪʃ
ɛð,ɛðɪʒ,ɛðɪʒ,ɛðɪʒ,ɛðɪʒ
ɛð,ɛðɪθ,ɛðɪθ,ɛðɪθ,ɛðɪθ
ɛð,ɛðɪð,ɛðɪð,ɛðɪð,ɛðɪð
ɛm,ɛmɛm,ɛmɛm,ɛmɛm,ɛmɛm
ɛm,ɛmɛn,ɛmɛn,ɛmɛn,ɛmɛn
ɛm,ɛmɛŋ,ɛmɛŋ,ɛmɛŋ,ɛmɛŋ
ɛm,ɛmɛp,ɛmɛp,ɛmɛp,ɛmɛp
ɛm,ɛmɛt,ɛmɛt,ɛmɛt,ɛmɛt
ɛm,ɛmɛk,ɛmɛk,ɛmɛk,ɛmɛk
ɛm,ɛmɛb,ɛmɛb,ɛmɛb,ɛmɛb
ɛm,ɛmɛd,ɛmɛd,ɛmɛd,ɛmɛd
ɛm,ɛmɛg,ɛmɛg,ɛmɛg,ɛmɛg
ɛm,ɛmɛf,ɛmɛf,ɛmɛf,ɛmɛf
ɛm,ɛmɛs,ɛmɛs,ɛmɛs,ɛmɛs
ɛm,ɛmɛv,ɛmɛv,ɛmɛv,ɛmɛv
ɛm,ɛmɛz,ɛmɛz,ɛmɛz,ɛmɛz
ɛm,ɛmɛʃ,ɛmɛʃ,ɛmɛʃ,ɛmɛʃ
ɛm,ɛmɛʒ,ɛmɛʒ,ɛmɛʒ,ɛmɛʒ
ɛm,ɛmɛθ,ɛmɛθ,ɛmɛθ,ɛmɛθ
ɛm,ɛmɛð,ɛmɛð,ɛmɛð,ɛmɛð
ɛn,ɛnɛm,ɛnɛm,ɛnɛm,ɛnɛm
ɛn,ɛnɛn,ɛnɛn,ɛnɛn,ɛnɛn
ɛn,ɛnɛŋ,ɛnɛŋ,ɛnɛŋ,ɛnɛŋ
ɛn,ɛnɛp,ɛnɛp,ɛnɛp,ɛnɛp
ɛn,ɛnɛt,ɛnɛt,ɛnɛt,ɛnɛt
ɛn,ɛnɛk,ɛnɛk,ɛnɛk,ɛnɛk
ɛn,ɛnɛb,ɛnɛb,ɛnɛb,ɛnɛb
ɛn,ɛnɛd,ɛnɛd,ɛnɛd,ɛnɛd
ɛn,ɛnɛg,ɛnɛg,ɛnɛg,ɛnɛg
ɛn,ɛnɛf,ɛnɛf,ɛnɛf,ɛnɛf
ɛn,ɛnɛs,ɛnɛs,ɛnɛs,ɛnɛs
ɛn,ɛnɛv,ɛnɛv,ɛnɛv,ɛnɛv
ɛn,ɛnɛz,ɛnɛz,ɛnɛz,ɛnɛz
ɛn,ɛnɛʃ,ɛnɛʃ,ɛnɛʃ,ɛnɛʃ
ɛn,ɛnɛʒ,ɛnɛʒ,ɛnɛʒ,ɛnɛʒ
ɛn,ɛnɛθ,ɛnɛθ,ɛnɛθ,ɛnɛθ
ɛn,ɛnɛð,ɛnɛð,ɛnɛð,ɛnɛð
ɛŋ,ɛŋɛm,ɛŋɛm,ɛŋɛm,ɛŋɛm
ɛŋ,ɛŋɛn,ɛŋɛn,ɛŋɛn,ɛŋɛn
ɛŋ,ɛŋɛŋ,ɛŋɛŋ,ɛŋɛŋ,ɛŋɛŋ
ɛŋ,ɛŋɛp,ɛŋɛp,ɛŋɛp,ɛŋɛp
ɛŋ,ɛŋɛt,ɛŋɛt,ɛŋɛt,ɛŋɛt
ɛŋ,ɛŋɛk,ɛŋɛk,ɛŋɛk,ɛŋɛk
ɛŋ,ɛŋɛb,ɛŋɛb,ɛŋɛb,ɛŋɛb
ɛŋ,ɛŋɛd,ɛŋɛd,ɛŋɛd,ɛŋɛd
ɛŋ,ɛŋɛg,ɛŋɛg,ɛŋɛg,ɛŋɛg
ɛŋ,ɛŋɛf,ɛŋɛf,ɛŋɛf,ɛŋɛf
ɛŋ,ɛŋɛs,ɛŋɛs,ɛŋɛs,ɛŋɛs
ɛŋ,ɛŋɛv,ɛŋɛv,ɛŋɛv,ɛŋɛv
ɛŋ,ɛŋɛz,ɛŋɛz,ɛŋɛz,ɛŋɛz
ɛŋ,ɛŋɛʃ,ɛŋɛʃ,ɛŋɛʃ,ɛŋɛʃ
ɛŋ,ɛŋɛʒ,ɛŋɛʒ,ɛŋɛʒ,ɛŋɛʒ
ɛŋ,ɛŋɛθ,ɛŋɛθ,ɛŋɛθ,ɛŋɛθ
ɛŋ,ɛŋɛð,ɛŋɛð,ɛŋɛð,ɛŋɛð
ɛp,ɛpɛm,ɛpɛm,ɛpɛm,ɛpɛm
ɛp,ɛpɛn,ɛpɛn,ɛpɛn,ɛpɛn
ɛp,ɛpɛŋ,ɛpɛŋ,ɛpɛŋ,ɛpɛŋ
ɛp,ɛpɛp,ɛpɛp,ɛpɛp,ɛpɛp
ɛp,ɛpɛt,ɛpɛt,ɛpɛt,ɛpɛt
ɛp,ɛpɛk,ɛpɛk,ɛpɛk,ɛpɛk
ɛp,ɛpɛb,ɛpɛb,ɛpɛb,ɛpɛb
ɛp,ɛpɛd,ɛpɛd,ɛpɛd,ɛpɛd
ɛp,ɛpɛg,ɛpɛg,ɛpɛg,ɛpɛg
ɛp,ɛpɛf,ɛpɛf,ɛpɛf,ɛpɛf
ɛp,ɛpɛs,ɛpɛs,ɛpɛs,ɛpɛs
ɛp,ɛpɛv,ɛpɛv,ɛpɛv,ɛpɛv
ɛp,ɛpɛz,ɛpɛz,ɛpɛz,ɛpɛz
ɛp,ɛpɛʃ,ɛpɛʃ,ɛpɛʃ,ɛpɛʃ
ɛp,ɛpɛʒ,ɛpɛʒ,ɛpɛʒ,ɛpɛʒ
ɛp,ɛpɛθ,ɛpɛθ,ɛpɛθ,ɛpɛθ
ɛp,ɛpɛð,ɛpɛð,ɛpɛð,ɛpɛð
ɛt,ɛtɛm,ɛtɛm,ɛtɛm,ɛtɛm
ɛt,ɛtɛn,ɛtɛn,ɛtɛn,ɛtɛn
ɛt,ɛtɛŋ,ɛtɛŋ,ɛtɛŋ,ɛtɛŋ
ɛt,ɛtɛp,ɛtɛp,ɛtɛp,ɛtɛp
ɛt,ɛtɛt,ɛtɛt,ɛtɛt,ɛtɛt
ɛt,ɛtɛk,ɛtɛk,ɛtɛk,ɛtɛk
ɛt,ɛtɛb,ɛtɛb,ɛtɛb,ɛtɛb
ɛt,ɛtɛd,ɛtɛd,ɛtɛd,ɛtɛd
ɛt,ɛtɛg,ɛtɛg,ɛtɛg,ɛtɛg
ɛt,ɛtɛf,ɛtɛf,ɛtɛf,ɛtɛf
ɛt,ɛtɛs,ɛtɛs,ɛtɛs,ɛtɛs
ɛt,ɛtɛv,ɛtɛv,ɛtɛv,ɛtɛv
ɛt,ɛtɛz,ɛtɛz,ɛtɛz,ɛtɛz
ɛt,ɛtɛʃ,ɛtɛʃ,ɛtɛʃ,ɛtɛʃ
ɛt,ɛtɛʒ,ɛtɛʒ,ɛtɛʒ,ɛtɛʒ
ɛt,ɛtɛθ,ɛtɛθ,ɛtɛθ,ɛtɛθ
ɛt,ɛtɛð,ɛtɛð,ɛtɛð,ɛtɛð
ɛk,ɛkɛm,ɛkɛm,ɛkɛm,ɛkɛm
ɛk,ɛkɛn,ɛkɛn,ɛkɛn,ɛkɛn
ɛk,ɛkɛŋ,ɛkɛŋ,ɛkɛŋ,ɛkɛŋ
ɛk,ɛkɛp,ɛkɛp,ɛkɛp,ɛkɛp
ɛk,ɛkɛt,ɛkɛt,ɛkɛt,ɛkɛt
ɛk,ɛkɛk,ɛkɛk,ɛkɛk,ɛkɛk
ɛk,ɛkɛb,ɛkɛb,ɛkɛb,ɛkɛb
ɛk,ɛkɛd,ɛkɛd,ɛkɛd,ɛkɛd
ɛk,ɛkɛg,ɛkɛg,ɛkɛg,ɛkɛg
ɛk,ɛkɛf,ɛkɛf,ɛkɛf,ɛkɛf
ɛk,ɛkɛs,ɛkɛs,ɛkɛs,ɛkɛs
ɛk,ɛkɛv,ɛkɛv,ɛkɛv,ɛkɛv
ɛk,ɛkɛz,ɛkɛz,ɛkɛz,ɛkɛz
ɛk,ɛkɛʃ,ɛkɛʃ,ɛkɛʃ,ɛkɛʃ
ɛk,ɛkɛʒ,ɛkɛʒ,ɛkɛʒ,ɛkɛʒ
ɛk,ɛkɛθ,ɛkɛθ,ɛkɛθ,ɛkɛθ
ɛk,ɛkɛð,ɛkɛð,ɛkɛð,ɛkɛð
ɛb,ɛbɛm,ɛbɛm,ɛbɛm,ɛbɛm
ɛb,ɛbɛn,ɛbɛn,ɛbɛn,ɛbɛn
ɛb,ɛbɛŋ,ɛbɛŋ,ɛbɛŋ,ɛbɛŋ
ɛb,ɛbɛp,ɛbɛp,ɛbɛp,ɛbɛp
ɛb,ɛbɛt,ɛbɛt,ɛbɛt,ɛbɛt
ɛb,ɛbɛk,ɛbɛk,ɛbɛk,ɛbɛk
ɛb,ɛbɛb,ɛbɛb,ɛbɛb,ɛbɛb
ɛb,ɛbɛd,ɛbɛd,ɛbɛd,ɛbɛd
ɛb,ɛbɛg,ɛbɛg,ɛbɛg,ɛbɛg
ɛb,ɛbɛf,ɛbɛf,ɛbɛf,ɛbɛf
ɛb,ɛbɛs,ɛbɛs,ɛbɛs,ɛbɛs
ɛb,ɛbɛv,ɛbɛv,ɛbɛv,ɛbɛv
ɛb,ɛbɛz,ɛbɛz,ɛbɛz,ɛbɛz
ɛb,ɛbɛʃ,ɛbɛʃ,ɛbɛʃ,ɛbɛʃ
ɛb,ɛbɛʒ,ɛbɛʒ,ɛbɛʒ,ɛbɛʒ
ɛb,ɛbɛθ,ɛbɛθ,ɛbɛθ,ɛbɛθ
ɛb,ɛbɛð,ɛbɛð,ɛbɛð,ɛbɛð
ɛd,ɛdɛm,ɛdɛm,ɛdɛm,ɛdɛm
ɛd,ɛdɛn,ɛdɛn,ɛdɛn,ɛdɛn
ɛd,ɛdɛŋ,ɛdɛŋ,ɛdɛŋ,ɛdɛŋ
ɛd,ɛdɛp,ɛdɛp,ɛdɛp,ɛdɛp
ɛd,ɛdɛt,ɛdɛt,ɛdɛt,ɛdɛt
ɛd,ɛdɛk,ɛdɛk,ɛdɛk,ɛdɛk
ɛd,ɛdɛb,ɛdɛb,ɛdɛb,ɛdɛb
ɛd,ɛdɛd,ɛdɛd,ɛdɛd,ɛdɛd
ɛd,ɛdɛg,ɛdɛg,ɛdɛg,ɛdɛg
ɛd,ɛdɛf,ɛdɛf,ɛdɛf,ɛdɛf
ɛd,ɛdɛs,ɛdɛs,ɛdɛs,ɛdɛs
ɛd,ɛdɛv,ɛdɛv,ɛdɛv,ɛdɛv
ɛd,ɛdɛz,ɛdɛz,ɛdɛz,ɛdɛz
ɛd,ɛdɛʃ,ɛdɛʃ,ɛdɛʃ,ɛdɛʃ
ɛd,ɛdɛʒ,ɛdɛʒ,ɛdɛʒ,ɛdɛʒ
ɛd,ɛdɛθ,ɛdɛθ,ɛdɛθ,ɛdɛθ
ɛd,ɛdɛð,ɛdɛð,ɛdɛð,ɛdɛð
ɛg,ɛgɛm,ɛgɛm,ɛgɛm,ɛgɛm
ɛg,ɛgɛn,ɛgɛn,ɛgɛn,ɛgɛn
ɛg,ɛgɛŋ,ɛgɛŋ,ɛgɛŋ,ɛgɛŋ
ɛg,ɛgɛp,ɛgɛp,ɛgɛp,ɛgɛp
ɛg,ɛgɛt,ɛgɛt,ɛgɛt,ɛgɛt
ɛg,ɛgɛk,ɛgɛk,ɛgɛk,ɛgɛk
ɛg,ɛgɛb,ɛgɛb,ɛgɛb,ɛgɛb
ɛg,ɛgɛd,ɛgɛd,ɛgɛd,ɛgɛd
ɛg,ɛgɛg,ɛgɛg,ɛgɛg,ɛgɛg
ɛg,ɛgɛf,ɛgɛf,ɛgɛf,ɛgɛf
ɛg,ɛgɛs,ɛgɛs,ɛgɛs,ɛgɛs
ɛg,ɛgɛv,ɛgɛv,ɛgɛv,ɛgɛv
ɛg,ɛgɛz,ɛgɛz,ɛgɛz,ɛgɛz
ɛg,ɛgɛʃ,ɛgɛʃ,ɛgɛʃ,ɛgɛʃ
ɛg,ɛgɛʒ,ɛgɛʒ,ɛgɛʒ,ɛgɛʒ
ɛg,ɛgɛθ,ɛgɛθ,ɛgɛθ,ɛgɛθ
ɛg,ɛgɛð,ɛgɛð,ɛgɛð,ɛgɛð
ɛf,ɛfɛm,ɛfɛm,ɛfɛm,ɛfɛm
ɛf,ɛfɛn,ɛfɛn,ɛfɛn,ɛfɛn
ɛf,ɛfɛŋ,ɛfɛŋ,ɛfɛŋ,ɛfɛŋ
ɛf,ɛfɛp,ɛfɛp,ɛfɛp,ɛfɛp
ɛf,ɛfɛt,ɛfɛt,ɛfɛt,ɛfɛt
ɛf,ɛfɛk,ɛfɛk,ɛfɛk,ɛfɛk
ɛf,ɛfɛb,ɛfɛb,ɛfɛb,ɛfɛb
ɛf,ɛfɛd,ɛfɛd,ɛfɛd,ɛfɛd
ɛf,ɛfɛg,ɛfɛg,ɛfɛg,ɛfɛg
ɛf,ɛfɛf,ɛfɛf,ɛfɛf,ɛfɛf
ɛf,ɛfɛs,ɛfɛs,ɛfɛs,ɛfɛs
ɛf,ɛfɛv,ɛfɛv,ɛfɛv,ɛfɛv
ɛf,ɛfɛz,ɛfɛz,ɛfɛz,ɛfɛz
ɛf,ɛfɛʃ,ɛfɛʃ,ɛfɛʃ,ɛfɛʃ
ɛf,ɛfɛʒ,ɛfɛʒ,ɛfɛʒ,ɛfɛʒ
ɛf,ɛfɛθ,ɛfɛθ,ɛfɛθ,ɛfɛθ
ɛf,ɛfɛð,ɛfɛð,ɛfɛð,ɛfɛð
ɛs,ɛsɛm,ɛsɛm,ɛsɛm,ɛsɛm
ɛs,ɛsɛn,ɛsɛn,ɛsɛn,ɛsɛn
ɛs,ɛsɛŋ,ɛsɛŋ,ɛsɛŋ,ɛsɛŋ
ɛs,ɛsɛp,ɛsɛp,ɛsɛp,ɛsɛp
ɛs,ɛsɛt,ɛsɛt,ɛsɛt,ɛsɛt
ɛs,ɛsɛk,ɛsɛk,ɛsɛk,ɛsɛk
ɛs,ɛsɛb,ɛsɛb,ɛsɛb,ɛsɛb
ɛs,ɛsɛd,ɛsɛd,ɛsɛd,ɛsɛd
ɛs,ɛsɛg,ɛsɛg,ɛsɛg,ɛsɛg
ɛs,ɛsɛf,ɛsɛf,ɛsɛf,ɛsɛf
ɛs,ɛsɛs,ɛsɛs,ɛsɛs,ɛsɛs
ɛs,ɛsɛv,ɛsɛv,ɛsɛv,ɛsɛv
ɛs,ɛsɛz,ɛsɛz,ɛsɛz,ɛsɛz
ɛs,ɛsɛʃ,ɛsɛʃ,ɛsɛʃ,ɛsɛʃ
ɛs,ɛsɛʒ,ɛsɛʒ,ɛsɛʒ,ɛsɛʒ
ɛs,ɛsɛθ,ɛsɛθ,ɛsɛθ,ɛsɛθ
ɛs,ɛsɛð,ɛsɛð,ɛsɛð,ɛsɛð
ɛv,ɛvɛm,ɛvɛm,ɛvɛm,ɛvɛm
ɛv,ɛvɛn,ɛvɛn,ɛvɛn,ɛvɛn
ɛv,ɛvɛŋ,ɛvɛŋ,ɛvɛŋ,ɛvɛŋ
ɛv,ɛvɛp,ɛvɛp,ɛvɛp,ɛvɛp
ɛv,ɛvɛt,ɛvɛt,ɛvɛt,ɛvɛt
ɛv,ɛvɛk,ɛvɛk,ɛvɛk,ɛvɛk
ɛv,ɛvɛb,ɛvɛb,ɛvɛb,ɛvɛb
ɛv,ɛvɛd,ɛvɛd,ɛvɛd,ɛvɛd
ɛv,ɛvɛg,ɛvɛg,ɛvɛg,ɛvɛg
ɛv,ɛvɛf,ɛvɛf,ɛvɛf,ɛvɛf
ɛv,ɛvɛs,ɛvɛs,ɛvɛs,ɛvɛs
ɛv,ɛvɛv,ɛvɛv,ɛvɛv,ɛvɛv
ɛv,ɛvɛz,ɛvɛz,ɛvɛz,ɛvɛz
ɛv,ɛvɛʃ,ɛvɛʃ,ɛvɛʃ,ɛvɛʃ
ɛv,ɛvɛʒ,ɛvɛʒ,ɛvɛʒ,ɛvɛʒ
ɛv,ɛvɛθ,ɛvɛθ,ɛvɛθ,ɛvɛθ
ɛv,ɛvɛð,ɛvɛð,ɛvɛð,ɛvɛð
ɛz,ɛzɛm,ɛzɛm,ɛzɛm,ɛzɛm
ɛz,ɛzɛn,ɛzɛn,ɛzɛn,ɛzɛn
ɛz,ɛzɛŋ,ɛzɛŋ,ɛzɛŋ,ɛzɛŋ
ɛz,ɛzɛp,ɛzɛp,ɛzɛp,ɛzɛp
ɛz,ɛzɛt,ɛzɛt,ɛzɛt,ɛzɛt
ɛz,ɛzɛk,ɛzɛk,ɛzɛk,ɛzɛk
ɛz,ɛzɛb,ɛzɛb,ɛzɛb,ɛzɛb
ɛz,ɛzɛd,ɛzɛd,ɛzɛd,ɛzɛd
ɛz,ɛzɛg,ɛzɛg,ɛzɛg,ɛzɛg
ɛz,ɛzɛf,ɛzɛf,ɛzɛf,ɛzɛf
ɛz,ɛzɛs,ɛzɛs,ɛzɛs,ɛzɛs
ɛz,ɛzɛv,ɛzɛv,ɛzɛv,ɛzɛv
ɛz,ɛzɛz,ɛzɛz,ɛzɛz,ɛzɛz
ɛz,ɛzɛʃ,ɛzɛʃ,ɛzɛʃ,ɛzɛʃ
ɛz,ɛzɛʒ,ɛzɛʒ,ɛzɛʒ,ɛzɛʒ
ɛz,ɛzɛθ,ɛzɛθ,ɛzɛθ,ɛzɛθ
ɛz,ɛzɛð,ɛzɛð,ɛzɛð,ɛzɛð
ɛʃ,ɛʃɛm,ɛʃɛm,ɛʃɛm,ɛʃɛm
ɛʃ,ɛʃɛn,ɛʃɛn,ɛʃɛn,ɛʃɛn
ɛʃ,ɛʃɛŋ,ɛʃɛŋ,ɛʃɛŋ,ɛʃɛŋ
ɛʃ,ɛʃɛp,ɛʃɛp,ɛʃɛp,ɛʃɛp
ɛʃ,ɛʃɛt,ɛʃɛt,ɛʃɛt,ɛʃɛt
ɛʃ,ɛʃɛk,ɛʃɛk,ɛʃɛk,ɛʃɛk
ɛʃ,ɛʃɛb,ɛʃɛb,ɛʃɛb,ɛʃɛb
ɛʃ,ɛʃɛd,ɛʃɛd,ɛʃɛd,ɛʃɛd
ɛʃ,ɛʃɛg,ɛʃɛg,ɛʃɛg,ɛʃɛg
ɛʃ,ɛʃɛf,ɛʃɛf,ɛʃɛf,ɛʃɛf
ɛʃ,ɛʃɛs,ɛʃɛs,ɛʃɛs,ɛʃɛs
ɛʃ,ɛʃɛv,ɛʃɛv,ɛʃɛv,ɛʃɛv
ɛʃ,ɛʃɛz,ɛʃɛz,ɛʃɛz,ɛʃɛz
ɛʃ,ɛʃɛʃ,ɛʃɛʃ,ɛʃɛʃ,ɛʃɛʃ
ɛʃ,ɛʃɛʒ,ɛʃɛʒ,ɛʃɛʒ,ɛʃɛʒ
ɛʃ,ɛʃɛθ,ɛʃɛθ,ɛʃɛθ,ɛʃɛθ
ɛʃ,ɛʃɛð,ɛʃɛð,ɛʃɛð,ɛʃɛð
ɛʒ,ɛʒɛm,ɛʒɛm,ɛʒɛm,ɛʒɛm
ɛʒ,ɛʒɛn,ɛʒɛn,ɛʒɛn,ɛʒɛn
ɛʒ,ɛʒɛŋ,ɛʒɛŋ,ɛʒɛŋ,ɛʒɛŋ
ɛʒ,ɛʒɛp,ɛʒɛp,ɛʒɛp,ɛʒɛp
ɛʒ,ɛʒɛt,ɛʒɛt,ɛʒɛt,ɛʒɛt
ɛʒ,ɛʒɛk,ɛʒɛk,ɛʒɛk,ɛʒɛk
ɛʒ,ɛʒɛb,ɛʒɛb,ɛʒɛb,ɛʒɛb
ɛʒ,ɛʒɛd,ɛʒɛd,ɛʒɛd,ɛʒɛd
ɛʒ,ɛʒɛg,ɛʒɛg,ɛʒɛg,ɛʒɛg
ɛʒ,ɛʒɛf,ɛʒɛf,ɛʒɛf,ɛʒɛf
ɛʒ,ɛʒɛs,ɛʒɛs,ɛʒɛs,ɛʒɛs
ɛʒ,ɛʒɛv,ɛʒɛv,ɛʒɛv,ɛʒɛv
ɛʒ,ɛʒɛz,ɛʒɛz,ɛʒɛz,ɛʒɛz
ɛʒ,ɛʒɛʃ,ɛʒɛʃ,ɛʒɛʃ,ɛʒɛʃ
ɛʒ,ɛʒɛʒ,ɛʒɛʒ,ɛʒɛʒ,ɛʒɛʒ
ɛʒ,ɛʒɛθ,ɛʒɛθ,ɛʒɛθ,ɛʒɛθ
ɛʒ,ɛʒɛð,ɛʒɛð,ɛʒɛð,ɛʒɛð
ɛθ,ɛθɛm,ɛθɛm,ɛθɛm,ɛθɛm
ɛθ,ɛθɛn,ɛθɛn,ɛθɛn,ɛθɛn
ɛθ,ɛθɛŋ,ɛθɛŋ,ɛθɛŋ,ɛθɛŋ
ɛθ,ɛθɛp,ɛθɛp,ɛθɛp,ɛθɛp
ɛθ,ɛθɛt,ɛθɛt,ɛθɛt,ɛθɛt
ɛθ,ɛθɛk,ɛθɛk,ɛθɛk,ɛθɛk
ɛθ,ɛθɛb,ɛθɛb,ɛθɛb,ɛθɛb
ɛθ,ɛθɛd,ɛθɛd,ɛθɛd,ɛθɛd
ɛθ,ɛθɛg,ɛθɛg,ɛθɛg,ɛθɛg
ɛθ,ɛθɛf,ɛθɛf,ɛθɛf,ɛθɛf
ɛθ,ɛθɛs,ɛθɛs,ɛθɛs,ɛθɛs
ɛθ,ɛθɛv,ɛθɛv,ɛθɛv,ɛθɛv
ɛθ,ɛθɛz,ɛθɛz,ɛθɛz,ɛθɛz
ɛθ,ɛθɛʃ,ɛθɛʃ,ɛθɛʃ,ɛθɛʃ
ɛθ,ɛθɛʒ,ɛθɛʒ,ɛθɛʒ,ɛθɛʒ
ɛθ,ɛθɛθ,ɛθɛθ,ɛθɛθ,ɛθɛθ
ɛθ,ɛθɛð,ɛθɛð,ɛθɛð,ɛθɛð
ɛð,ɛðɛm,ɛðɛm,ɛðɛm,ɛðɛm
ɛð,ɛðɛn,ɛðɛn,ɛðɛn,ɛðɛn
ɛð,ɛðɛŋ,ɛðɛŋ,ɛðɛŋ,ɛðɛŋ
ɛð,ɛðɛp,ɛðɛp,ɛðɛp,ɛðɛp
ɛð,ɛðɛt,ɛðɛt,ɛðɛt,ɛðɛt
ɛð,ɛðɛk,ɛðɛk,ɛðɛk,ɛðɛk
ɛð,ɛðɛb,ɛðɛb,ɛðɛb,ɛðɛb
ɛð,ɛðɛd,ɛðɛd,ɛðɛd,ɛðɛd
ɛð,ɛðɛg,ɛðɛg,ɛðɛg,ɛðɛg
ɛð,ɛðɛf,ɛðɛf,ɛðɛf,ɛðɛf
ɛð,ɛðɛs,ɛðɛs,ɛðɛs,ɛðɛs
ɛð,ɛðɛv,ɛðɛv,ɛðɛv,ɛðɛv
ɛð,ɛðɛz,ɛðɛz,ɛðɛz,ɛðɛz
ɛð,ɛðɛʃ,ɛðɛʃ,ɛðɛʃ,ɛðɛʃ
ɛð,ɛðɛʒ,ɛðɛʒ,ɛðɛʒ,ɛðɛʒ
ɛð,ɛðɛθ,ɛðɛθ,ɛðɛθ,ɛðɛθ
ɛð,ɛðɛð,ɛðɛð,ɛðɛð,ɛðɛð
ɛm,ɛmʊm,ɛmɪm,ɛmʊm,ɛmɪm
ɛm,ɛmʊn,ɛmɪn,ɛmʊn,ɛmɪn
ɛm,ɛmʊŋ,ɛmɪŋ,ɛmʊŋ,ɛmɪŋ
ɛm,ɛmʊp,ɛmɪp,ɛmʊp,ɛmɪp
ɛm,ɛmʊt,ɛmɪt,ɛmʊt,ɛmɪt
ɛm,ɛmʊk,ɛmɪk,ɛmʊk,ɛmɪk
ɛm,ɛmʊb,ɛmɪb,ɛmʊb,ɛmɪb
ɛm,ɛmʊd,ɛmɪd,ɛmʊd,ɛmɪd
ɛm,ɛmʊg,ɛmɪg,ɛmʊg,ɛmɪg
ɛm,ɛmʊf,ɛmɪf,ɛmʊf,ɛmɪf
ɛm,ɛmʊs,ɛmɪs,ɛmʊs,ɛmɪs
ɛm,ɛmʊv,ɛmɪv,ɛmʊv,ɛmɪv
ɛm,ɛmʊz,ɛmɪz,ɛmʊz,ɛmɪz
ɛm,ɛmʊʃ,ɛmɪʃ,ɛmʊʃ,ɛmɪʃ
ɛm,ɛmʊʒ,ɛmɪʒ,ɛmʊʒ,ɛmɪʒ
ɛm,ɛmʊθ,ɛmɪθ,ɛmʊθ,ɛmɪθ
ɛm,ɛmʊð,ɛmɪð,ɛmʊð,ɛmɪð
ɛn,ɛnʊm,ɛnɪm,ɛnʊm,ɛnɪm
ɛn,ɛnʊn,ɛnɪn,ɛnʊn,ɛnɪn
ɛn,ɛnʊŋ,ɛnɪŋ,ɛnʊŋ,ɛnɪŋ
ɛn,ɛnʊp,ɛnɪp,ɛnʊp,ɛnɪp
ɛn,ɛnʊt,ɛnɪt,ɛnʊt,ɛnɪt
ɛn,ɛnʊk,ɛnɪk,ɛnʊk,ɛnɪk
ɛn,ɛnʊb,ɛnɪb,ɛnʊb,ɛnɪb
ɛn,ɛnʊd,ɛnɪd,ɛnʊd,ɛnɪd
ɛn,ɛnʊg,ɛnɪg,ɛnʊg,ɛnɪg
ɛn,ɛnʊf,ɛnɪf,ɛnʊf,ɛnɪf
ɛn,ɛnʊs,ɛnɪs,ɛnʊs,ɛnɪs
ɛn,ɛnʊv,ɛnɪv,ɛnʊv,ɛnɪv
ɛn,ɛnʊz,ɛnɪz,ɛnʊz,ɛnɪz
ɛn,ɛnʊʃ,ɛnɪʃ,ɛnʊʃ,ɛnɪʃ
ɛn,ɛnʊʒ,ɛnɪʒ,ɛnʊʒ,ɛnɪʒ
ɛn,ɛnʊθ,ɛnɪθ,ɛnʊθ,ɛnɪθ
ɛn,ɛnʊð,ɛnɪð,ɛnʊð,ɛnɪð
ɛŋ,ɛŋʊm,ɛŋɪm,ɛŋʊm,ɛŋɪm
ɛŋ,ɛŋʊn,ɛŋɪn,ɛŋʊn,ɛŋɪn
ɛŋ,ɛŋʊŋ,ɛŋɪŋ,ɛŋʊŋ,ɛŋɪŋ
ɛŋ,ɛŋʊp,ɛŋɪp,ɛŋʊp,ɛŋɪp
ɛŋ,ɛŋʊt,ɛŋɪt,ɛŋʊt,ɛŋɪt
ɛŋ,ɛŋʊk,ɛŋɪk,ɛŋʊk,ɛŋɪk
ɛŋ,ɛŋʊb,ɛŋɪb,ɛŋʊb,ɛŋɪb
ɛŋ,ɛŋʊd,ɛŋɪd,ɛŋʊd,ɛŋɪd
ɛŋ,ɛŋʊg,ɛŋɪg,ɛŋʊg,ɛŋɪg
ɛŋ,ɛŋʊf,ɛŋɪf,ɛŋʊf,ɛŋɪf
ɛŋ,ɛŋʊs,ɛŋɪs,ɛŋʊs,ɛŋɪs
ɛŋ,ɛŋʊv,ɛŋɪv,ɛŋʊv,ɛŋɪv
ɛŋ,ɛŋʊz,ɛŋɪz,ɛŋʊz,ɛŋɪz
ɛŋ,ɛŋʊʃ,ɛŋɪʃ,ɛŋʊʃ,ɛŋɪʃ
ɛŋ,ɛŋʊʒ,ɛŋɪʒ,ɛŋʊʒ,ɛŋɪʒ
ɛŋ,ɛŋʊθ,ɛŋɪθ,ɛŋʊθ,ɛŋɪθ
ɛŋ,ɛŋʊð,ɛŋɪð,ɛŋʊð,ɛŋɪð
ɛp,ɛpʊm,ɛpɪm,ɛpʊm,ɛpɪm
ɛp,ɛpʊn,ɛpɪn,ɛpʊn,ɛpɪn
ɛp,ɛpʊŋ,ɛpɪŋ,ɛpʊŋ,ɛpɪŋ
ɛp,ɛpʊp,ɛpɪp,ɛpʊp,ɛpɪp
ɛp,ɛpʊt,ɛpɪt,ɛpʊt,ɛpɪt
ɛp,ɛpʊk,ɛpɪk,ɛpʊk,ɛpɪk
ɛp,ɛpʊb,ɛpɪb,ɛpʊb,ɛpɪb
ɛp,ɛpʊd,ɛpɪd,ɛpʊd,ɛpɪd
ɛp,ɛpʊg,ɛpɪg,ɛpʊg,ɛpɪg
ɛp,ɛpʊf,ɛpɪf,ɛpʊf,ɛpɪf
ɛp,ɛpʊs,ɛpɪs,ɛpʊs,ɛpɪs
ɛp,ɛpʊv,ɛpɪv,ɛpʊv,ɛpɪv
ɛp,ɛpʊz,ɛpɪz,ɛpʊz,ɛpɪz
ɛp,ɛpʊʃ,ɛpɪʃ,ɛpʊʃ,ɛpɪʃ
ɛp,ɛpʊʒ,ɛpɪʒ,ɛpʊʒ,ɛpɪʒ
ɛp,ɛpʊθ,ɛpɪθ,ɛpʊθ,ɛpɪθ
ɛp,ɛpʊð,ɛpɪð,ɛpʊð,ɛpɪð
ɛt,ɛtʊm,ɛtɪm,ɛtʊm,ɛtɪm
ɛt,ɛtʊn,ɛtɪn,ɛtʊn,ɛtɪn
ɛt,ɛtʊŋ,ɛtɪŋ,ɛtʊŋ,ɛtɪŋ
ɛt,ɛtʊp,ɛtɪp,ɛtʊp,ɛtɪp
ɛt,ɛtʊt,ɛtɪt,ɛtʊt,ɛtɪt
ɛt,ɛtʊk,ɛtɪk,ɛtʊk,ɛtɪk
ɛt,ɛtʊb,ɛtɪb,ɛtʊb,ɛtɪb
ɛt,ɛtʊd,ɛtɪd,ɛtʊd,ɛtɪd
ɛt,ɛtʊg,ɛtɪg,ɛtʊg,ɛtɪg
ɛt,ɛtʊf,ɛtɪf,ɛtʊf,ɛtɪf
ɛt,ɛtʊs,ɛtɪs,ɛtʊs,ɛtɪs
ɛt,ɛtʊv,ɛtɪv,ɛtʊv,ɛtɪv
ɛt,ɛtʊz,ɛtɪz,ɛtʊz,ɛtɪz
ɛt,ɛtʊʃ,ɛtɪʃ,ɛtʊʃ,ɛtɪʃ
ɛt,ɛtʊʒ,ɛtɪʒ,ɛtʊʒ,ɛtɪʒ
ɛt,ɛtʊθ,ɛtɪθ,ɛtʊθ,ɛtɪθ
ɛt,ɛtʊð,ɛtɪð,ɛtʊð,ɛtɪð
ɛk,ɛkʊm,ɛkɪm,ɛkʊm,ɛkɪm
ɛk,ɛkʊn,ɛkɪn,ɛkʊn,ɛkɪn
ɛk,ɛkʊŋ,ɛkɪŋ,ɛkʊŋ,ɛkɪŋ
ɛk,ɛkʊp,ɛkɪp,ɛkʊp,ɛkɪp
ɛk,ɛkʊt,ɛkɪt,ɛkʊt,ɛkɪt
ɛk,ɛkʊk,ɛkɪk,ɛkʊk,ɛkɪk
ɛk,ɛkʊb,ɛkɪb,ɛkʊb,ɛkɪb
ɛk,ɛkʊd,ɛkɪd,ɛkʊd,ɛkɪd
ɛk,ɛkʊg,ɛkɪg,ɛkʊg,ɛkɪg
ɛk,ɛkʊf,ɛkɪf,ɛkʊf,ɛkɪf
ɛk,ɛkʊs,ɛkɪs,ɛkʊs,ɛkɪs
ɛk,ɛkʊv,ɛkɪv,ɛkʊv,ɛkɪv
ɛk,ɛkʊz,ɛkɪz,ɛkʊz,ɛkɪz
ɛk,ɛkʊʃ,ɛkɪʃ,ɛkʊʃ,ɛkɪʃ
ɛk,ɛkʊʒ,ɛkɪʒ,ɛkʊʒ,ɛkɪʒ
ɛk,ɛkʊθ,ɛkɪθ,ɛkʊθ,ɛkɪθ
ɛk,ɛkʊð,ɛkɪð,ɛkʊð,ɛkɪð
ɛb,ɛbʊm,ɛbɪm,ɛbʊm,ɛbɪm
ɛb,ɛbʊn,ɛbɪn,ɛbʊn,ɛbɪn
ɛb,ɛbʊŋ,ɛbɪŋ,ɛbʊŋ,ɛbɪŋ
ɛb,ɛbʊp,ɛbɪp,ɛbʊp,ɛbɪp
ɛb,ɛbʊt,ɛbɪt,ɛbʊt,ɛbɪt
ɛb,ɛbʊk,ɛbɪk,ɛbʊk,ɛbɪk
ɛb,ɛbʊb,ɛbɪb,ɛbʊb,ɛbɪb
ɛb,ɛbʊd,ɛbɪd,ɛbʊd,ɛbɪd
ɛb,ɛbʊg,ɛbɪg,ɛbʊg,ɛbɪg
ɛb,ɛbʊf,ɛbɪf,ɛbʊf,ɛbɪf
ɛb,ɛbʊs,ɛbɪs,ɛbʊs,ɛbɪs
ɛb,ɛbʊv,ɛbɪv,ɛbʊv,ɛbɪv
ɛb,ɛbʊz,ɛbɪz,ɛbʊz,ɛbɪz
ɛb,ɛbʊʃ,ɛbɪʃ,ɛbʊʃ,ɛbɪʃ
ɛb,ɛbʊʒ,ɛbɪʒ,ɛbʊʒ,ɛbɪʒ
ɛb,ɛbʊθ,ɛbɪθ,ɛbʊθ,ɛbɪθ
ɛb,ɛbʊð,ɛbɪð,ɛbʊð,ɛbɪð
ɛd,ɛdʊm,ɛdɪm,ɛdʊm,ɛdɪm
ɛd,ɛdʊn,ɛdɪn,ɛdʊn,ɛdɪn
ɛd,ɛdʊŋ,ɛdɪŋ,ɛdʊŋ,ɛdɪŋ
ɛd,ɛdʊp,ɛdɪp,ɛdʊp,ɛdɪp
ɛd,ɛdʊt,ɛdɪt,ɛdʊt,ɛdɪt
ɛd,ɛdʊk,ɛdɪk,ɛdʊk,ɛdɪk
ɛd,ɛdʊb,ɛdɪb,ɛdʊb,ɛdɪb
ɛd,ɛdʊd,ɛdɪd,ɛdʊd,ɛdɪd
ɛd,ɛdʊg,ɛdɪg,ɛdʊg,ɛdɪg
ɛd,ɛdʊf,ɛdɪf,ɛdʊf,ɛdɪf
ɛd,ɛdʊs,ɛdɪs,ɛdʊs,ɛdɪs
ɛd,ɛdʊv,ɛdɪv,ɛdʊv,ɛdɪv
ɛd,ɛdʊz,ɛdɪz,ɛdʊz,ɛdɪz
ɛd,ɛdʊʃ,ɛdɪʃ,ɛdʊʃ,ɛdɪʃ
ɛd,ɛdʊʒ,ɛdɪʒ,ɛdʊʒ,ɛdɪʒ
ɛd,ɛdʊθ,ɛdɪθ,ɛdʊθ,ɛdɪθ
ɛd,ɛdʊð,ɛdɪð,ɛdʊð,ɛdɪð
ɛg,ɛgʊm,ɛgɪm,ɛgʊm,ɛgɪm
ɛg,ɛgʊn,ɛgɪn,ɛgʊn,ɛgɪn
ɛg,ɛgʊŋ,ɛgɪŋ,ɛgʊŋ,ɛgɪŋ
ɛg,ɛgʊp,ɛgɪp,ɛgʊp,ɛgɪp
ɛg,ɛgʊt,ɛgɪt,ɛgʊt,ɛgɪt
ɛg,ɛgʊk,ɛgɪk,ɛgʊk,ɛgɪk
ɛg,ɛgʊb,ɛgɪb,ɛgʊb,ɛgɪb
ɛg,ɛgʊd,ɛgɪd,ɛgʊd,ɛgɪd
ɛg,ɛgʊg,ɛgɪg,ɛgʊg,ɛgɪg
ɛg,ɛgʊf,ɛgɪf,ɛgʊf,ɛgɪf
ɛg,ɛgʊs,ɛgɪs,ɛgʊs,ɛgɪs
ɛg,ɛgʊv,ɛgɪv,ɛgʊv,ɛgɪv
ɛg,ɛgʊz,ɛgɪz,ɛgʊz,ɛgɪz
ɛg,ɛgʊʃ,ɛgɪʃ,ɛgʊʃ,ɛgɪʃ
ɛg,ɛgʊʒ,ɛgɪʒ,ɛgʊʒ,ɛgɪʒ
ɛg,ɛgʊθ,ɛgɪθ,ɛgʊθ,ɛgɪθ
ɛg,ɛgʊð,ɛgɪð,ɛgʊð,ɛgɪð
ɛf,ɛfʊm,ɛfɪm,ɛfʊm,ɛfɪm
ɛf,ɛfʊn,ɛfɪn,ɛfʊn,ɛfɪn
ɛf,ɛfʊŋ,ɛfɪŋ,ɛfʊŋ,ɛfɪŋ
ɛf,ɛfʊp,ɛfɪp,ɛfʊp,ɛfɪp
ɛf,ɛfʊt,ɛfɪt,ɛfʊt,ɛfɪt
ɛf,ɛfʊk,ɛfɪk,ɛfʊk,ɛfɪk
ɛf,ɛfʊb,ɛfɪb,ɛfʊb,ɛfɪb
ɛf,ɛfʊd,ɛfɪd,ɛfʊd,ɛfɪd
ɛf,ɛfʊg,ɛfɪg,ɛfʊg,ɛfɪg
ɛf,ɛfʊf,ɛfɪf,ɛfʊf,ɛfɪf
ɛf,ɛfʊs,ɛfɪs,ɛfʊs,ɛfɪs
ɛf,ɛfʊv,ɛfɪv,ɛfʊv,ɛfɪv
ɛf,ɛfʊz,ɛfɪz,ɛfʊz,ɛfɪz
ɛf,ɛfʊʃ,ɛfɪʃ,ɛfʊʃ,ɛfɪʃ
ɛf,ɛfʊʒ,ɛfɪʒ,ɛfʊʒ,ɛfɪʒ
ɛf,ɛfʊθ,ɛfɪθ,ɛfʊθ,ɛfɪθ
ɛf,ɛfʊð,ɛfɪð,ɛfʊð,ɛfɪð
ɛs,ɛsʊm,ɛsɪm,ɛsʊm,ɛsɪm
ɛs,ɛsʊn,ɛsɪn,ɛsʊn,ɛsɪn
ɛs,ɛsʊŋ,ɛsɪŋ,ɛsʊŋ,ɛsɪŋ
ɛs,ɛsʊp,ɛsɪp,ɛsʊp,ɛsɪp
ɛs,ɛsʊt,ɛsɪt,ɛsʊt,ɛsɪt
ɛs,ɛsʊk,ɛsɪk,ɛsʊk,ɛsɪk
ɛs,ɛsʊb,ɛsɪb,ɛsʊb,ɛsɪb
ɛs,ɛsʊd,ɛsɪd,ɛsʊd,ɛsɪd
ɛs,ɛsʊg,ɛsɪg,ɛsʊg,ɛsɪg
ɛs,ɛsʊf,ɛsɪf,ɛsʊf,ɛsɪf
ɛs,ɛsʊs,ɛsɪs,ɛsʊs,ɛsɪs
ɛs,ɛsʊv,ɛsɪv,ɛsʊv,ɛsɪv
ɛs,ɛsʊz,ɛsɪz,ɛsʊz,ɛsɪz
ɛs,ɛsʊʃ,ɛsɪʃ,ɛsʊʃ,ɛsɪʃ
ɛs,ɛsʊʒ,ɛsɪʒ,ɛsʊʒ,ɛsɪʒ
ɛs,ɛsʊθ,ɛsɪθ,ɛsʊθ,ɛsɪθ
ɛs,ɛsʊð,ɛsɪð,ɛsʊð,ɛsɪð
ɛv,ɛvʊm,ɛvɪm,ɛvʊm,ɛvɪm
ɛv,ɛvʊn,ɛvɪn,ɛvʊn,ɛvɪn
ɛv,ɛvʊŋ,ɛvɪŋ,ɛvʊŋ,ɛvɪŋ
ɛv,ɛvʊp,ɛvɪp,ɛvʊp,ɛvɪp
ɛv,ɛvʊt,ɛvɪt,ɛvʊt,ɛvɪt
ɛv,ɛvʊk,ɛvɪk,ɛvʊk,ɛvɪk
ɛv,ɛvʊb,ɛvɪb,ɛvʊb,ɛvɪb
ɛv,ɛvʊd,ɛvɪd,ɛvʊd,ɛvɪd
ɛv,ɛvʊg,ɛvɪg,ɛvʊg,ɛvɪg
ɛv,ɛvʊf,ɛvɪf,ɛvʊf,ɛvɪf
ɛv,ɛvʊs,ɛvɪs,ɛvʊs,ɛvɪs
ɛv,ɛvʊv,ɛvɪv,ɛvʊv,ɛvɪv
ɛv,ɛvʊz,ɛvɪz,ɛvʊz,ɛvɪz
ɛv,ɛvʊʃ,ɛvɪʃ,ɛvʊʃ,ɛvɪʃ
ɛv,ɛvʊʒ,ɛvɪʒ,ɛvʊʒ,ɛvɪʒ
ɛv,ɛvʊθ,ɛvɪθ,ɛvʊθ,ɛvɪθ
ɛv,ɛvʊð,ɛvɪð,ɛvʊð,ɛvɪð
ɛz,ɛzʊm,ɛzɪm,ɛzʊm,ɛzɪm
ɛz,ɛzʊn,ɛzɪn,ɛzʊn,ɛzɪn
ɛz,ɛzʊŋ,ɛzɪŋ,ɛzʊŋ,ɛzɪŋ
ɛz,ɛzʊp,ɛzɪp,ɛzʊp,ɛzɪp
ɛz,ɛzʊt,ɛzɪt,ɛzʊt,ɛzɪt
ɛz,ɛzʊk,ɛzɪk,ɛzʊk,ɛzɪk
ɛz,ɛzʊb,ɛzɪb,ɛzʊb,ɛzɪb
ɛz,ɛzʊd,ɛzɪd,ɛzʊd,ɛzɪd
ɛz,ɛzʊg,ɛzɪg,ɛzʊg,ɛzɪg
ɛz,ɛzʊf,ɛzɪf,ɛzʊf,ɛzɪf
ɛz,ɛzʊs,ɛzɪs,ɛzʊs,ɛzɪs
ɛz,ɛzʊv,ɛzɪv,ɛzʊv,ɛzɪv
ɛz,ɛzʊz,ɛzɪz,ɛzʊz,ɛzɪz
ɛz,ɛzʊʃ,ɛzɪʃ,ɛzʊʃ,ɛzɪʃ
ɛz,ɛzʊʒ,ɛzɪʒ,ɛzʊʒ,ɛzɪʒ
ɛz,ɛzʊθ,ɛzɪθ,ɛzʊθ,ɛzɪθ
ɛz,ɛzʊð,ɛzɪð,ɛzʊð,ɛzɪð
ɛʃ,ɛʃʊm,ɛʃɪm,ɛʃʊm,ɛʃɪm
ɛʃ,ɛʃʊn,ɛʃɪn,ɛʃʊn,ɛʃɪn
ɛʃ,ɛʃʊŋ,ɛʃɪŋ,ɛʃʊŋ,ɛʃɪŋ
ɛʃ,ɛʃʊp,ɛʃɪp,ɛʃʊp,ɛʃɪp
ɛʃ,ɛʃʊt,ɛʃɪt,ɛʃʊt,ɛʃɪt
ɛʃ,ɛʃʊk,ɛʃɪk,ɛʃʊk,ɛʃɪk
ɛʃ,ɛʃʊb,ɛʃɪb,ɛʃʊb,ɛʃɪb
ɛʃ,ɛʃʊd,ɛʃɪd,ɛʃʊd,ɛʃɪd
ɛʃ,ɛʃʊg,ɛʃɪg,ɛʃʊg,ɛʃɪg
ɛʃ,ɛʃʊf,ɛʃɪf,ɛʃʊf,ɛʃɪf
ɛʃ,ɛʃʊs,ɛʃɪs,ɛʃʊs,ɛʃɪs
ɛʃ,ɛʃʊv,ɛʃɪv,ɛʃʊv,ɛʃɪv
ɛʃ,ɛʃʊz,ɛʃɪz,ɛʃʊz,ɛʃɪz
ɛʃ,ɛʃʊʃ,ɛʃɪʃ,ɛʃʊʃ,ɛʃɪʃ
ɛʃ,ɛʃʊʒ,ɛʃɪʒ,ɛʃʊʒ,ɛʃɪʒ
ɛʃ,ɛʃʊθ,ɛʃɪθ,ɛʃʊθ,ɛʃɪθ
ɛʃ,ɛʃʊð,ɛʃɪð,ɛʃʊð,ɛʃɪð
ɛʒ,ɛʒʊm,ɛʒɪm,ɛʒʊm,ɛʒɪm
ɛʒ,ɛʒʊn,ɛʒɪn,ɛʒʊn,ɛʒɪn
ɛʒ,ɛʒʊŋ,ɛʒɪŋ,ɛʒʊŋ,ɛʒɪŋ
ɛʒ,ɛʒʊp,ɛʒɪp,ɛʒʊp,ɛʒɪp
ɛʒ,ɛʒʊt,ɛʒɪt,ɛʒʊt,ɛʒɪt
ɛʒ,ɛʒʊk,ɛʒɪk,ɛʒʊk,ɛʒɪk
ɛʒ,ɛʒʊb,ɛʒɪb,ɛʒʊb,ɛʒɪb
ɛʒ,ɛʒʊd,ɛʒɪd,ɛʒʊd,ɛʒɪd
ɛʒ,ɛʒʊg,ɛʒɪg,ɛʒʊg,ɛʒɪg
ɛʒ,ɛʒʊf,ɛʒɪf,ɛʒʊf,ɛʒɪf
ɛʒ,ɛʒʊs,ɛʒɪs,ɛʒʊs,ɛʒɪs
ɛʒ,ɛʒʊv,ɛʒɪv,ɛʒʊv,ɛʒɪv
ɛʒ,ɛʒʊz,ɛʒɪz,ɛʒʊz,ɛʒɪz
ɛʒ,ɛʒʊʃ,ɛʒɪʃ,ɛʒʊʃ,ɛʒɪʃ
ɛʒ,ɛʒʊʒ,ɛʒɪʒ,ɛʒʊʒ,ɛʒɪʒ
ɛʒ,ɛʒʊθ,ɛʒɪθ,ɛʒʊθ,ɛʒɪθ
ɛʒ,ɛʒʊð,ɛʒɪð,ɛʒʊð,ɛʒɪð
ɛθ,ɛθʊm,ɛθɪm,ɛθʊm,ɛθɪm
ɛθ,ɛθʊn,ɛθɪn,ɛθʊn,ɛθɪn
ɛθ,ɛθʊŋ,ɛθɪŋ,ɛθʊŋ,ɛθɪŋ
ɛθ,ɛθʊp,ɛθɪp,ɛθʊp,ɛθɪp
ɛθ,ɛθʊt,ɛθɪt,ɛθʊt,ɛθɪt
ɛθ,ɛθʊk,ɛθɪk,ɛθʊk,ɛθɪk
ɛθ,ɛθʊb,ɛθɪb,ɛθʊb,ɛθɪb
ɛθ,ɛθʊd,ɛθɪd,ɛθʊd,ɛθɪd
ɛθ,ɛθʊg,ɛθɪg,ɛθʊg,ɛθɪg
ɛθ,ɛθʊf,ɛθɪf,ɛθʊf,ɛθɪf
ɛθ,ɛθʊs,ɛθɪs,ɛθʊs,ɛθɪs
ɛθ,ɛθʊv,ɛθɪv,ɛθʊv,ɛθɪv
ɛθ,ɛθʊz,ɛθɪz,ɛθʊz,ɛθɪz
ɛθ,ɛθʊʃ,ɛθɪʃ,ɛθʊʃ,ɛθɪʃ
ɛθ,ɛθʊʒ,ɛθɪʒ,ɛθʊʒ,ɛθɪʒ
ɛθ,ɛθʊθ,ɛθɪθ,ɛθʊθ,ɛθɪθ
ɛθ,ɛθʊð,ɛθɪð,ɛθʊð,ɛθɪð
ɛð,ɛðʊm,ɛðɪm,ɛðʊm,ɛðɪm
ɛð,ɛðʊn,ɛðɪn,ɛðʊn,ɛðɪn
ɛð,ɛðʊŋ,ɛðɪŋ,ɛðʊŋ,ɛðɪŋ
ɛð,ɛðʊp,ɛðɪp,ɛðʊp,ɛðɪp
ɛð,ɛðʊt,ɛðɪt,ɛðʊt,ɛðɪt
ɛð,ɛðʊk,ɛðɪk,ɛðʊk,ɛðɪk
ɛð,ɛðʊb,ɛðɪb,ɛðʊb,ɛðɪb
ɛð,ɛðʊd,ɛðɪd,ɛðʊd,ɛðɪd
ɛð,ɛðʊg,ɛðɪg,ɛðʊg,ɛðɪg
ɛð,ɛðʊf,ɛðɪf,ɛðʊf,ɛðɪf
ɛð,ɛðʊs,ɛðɪs,ɛðʊs,ɛðɪs
ɛð,ɛðʊv,ɛðɪv,ɛðʊv,ɛðɪv
ɛð,ɛðʊz,ɛðɪz,ɛðʊz,ɛðɪz
ɛð,ɛðʊʃ,ɛðɪʃ,ɛðʊʃ,ɛðɪʃ
ɛð,ɛðʊʒ,ɛðɪʒ,ɛðʊʒ,ɛðɪʒ
ɛð,ɛðʊθ,ɛðɪθ,ɛðʊθ,ɛðɪθ
ɛð,ɛðʊð,ɛðɪð,ɛðʊð,ɛðɪð
ɛm,ɛmɔm,ɛmɛm,ɛmɔm,ɛmɛm
ɛm,ɛmɔn,ɛmɛn,ɛmɔn,ɛmɛn
ɛm,ɛmɔŋ,ɛmɛŋ,ɛmɔŋ,ɛmɛŋ
ɛm,ɛmɔp,ɛmɛp,ɛmɔp,ɛmɛp
ɛm,ɛmɔt,ɛmɛt,ɛmɔt,ɛmɛt
ɛm,ɛmɔk,ɛmɛk,ɛmɔk,ɛmɛk
ɛm,ɛmɔb,ɛmɛb,ɛmɔb,ɛmɛb
ɛm,ɛmɔd,ɛmɛd,ɛmɔd,ɛmɛd
ɛm,ɛmɔg,ɛmɛg,ɛmɔg,ɛmɛg
ɛm,ɛmɔf,ɛmɛf,ɛmɔf,ɛmɛf
ɛm,ɛmɔs,ɛmɛs,ɛmɔs,ɛmɛs
ɛm,ɛmɔv,ɛmɛv,ɛmɔv,ɛmɛv
ɛm,ɛmɔz,ɛmɛz,ɛmɔz,ɛmɛz
ɛm,ɛmɔʃ,ɛmɛʃ,ɛmɔʃ,ɛmɛʃ
ɛm,ɛmɔʒ,ɛmɛʒ,ɛmɔʒ,ɛmɛʒ
ɛm,ɛmɔθ,ɛmɛθ,ɛmɔθ,ɛmɛθ
ɛm,ɛmɔð,ɛmɛð,ɛmɔð,ɛmɛð
ɛn,ɛnɔm,ɛnɛm,ɛnɔm,ɛnɛm
ɛn,ɛnɔn,ɛnɛn,ɛnɔn,ɛnɛn
ɛn,ɛnɔŋ,ɛnɛŋ,ɛnɔŋ,ɛnɛŋ
ɛn,ɛnɔp,ɛnɛp,ɛnɔp,ɛnɛp
ɛn,ɛnɔt,ɛnɛt,ɛnɔt,ɛnɛt
ɛn,ɛnɔk,ɛnɛk,ɛnɔk,ɛnɛk
ɛn,ɛnɔb,ɛnɛb,ɛnɔb,ɛnɛb
ɛn,ɛnɔd,ɛnɛd,ɛnɔd,ɛnɛd
ɛn,ɛnɔg,ɛnɛg,ɛnɔg,ɛnɛg
ɛn,ɛnɔf,ɛnɛf,ɛnɔf,ɛnɛf
ɛn,ɛnɔs,ɛnɛs,ɛnɔs,ɛnɛs
ɛn,ɛnɔv,ɛnɛv,ɛnɔv,ɛnɛv
ɛn,ɛnɔz,ɛnɛz,ɛnɔz,ɛnɛz
ɛn,ɛnɔʃ,ɛnɛʃ,ɛnɔʃ,ɛnɛʃ
ɛn,ɛnɔʒ,ɛnɛʒ,ɛnɔʒ,ɛnɛʒ
ɛn,ɛnɔθ,ɛnɛθ,ɛnɔθ,ɛnɛθ
ɛn,ɛnɔð,ɛnɛð,ɛnɔð,ɛnɛð
ɛŋ,ɛŋɔm,ɛŋɛm,ɛŋɔm,ɛŋɛm
ɛŋ,ɛŋɔn,ɛŋɛn,ɛŋɔn,ɛŋɛn
ɛŋ,ɛŋɔŋ,ɛŋɛŋ,ɛŋɔŋ,ɛŋɛŋ
ɛŋ,ɛŋɔp,ɛŋɛp,ɛŋɔp,ɛŋɛp
ɛŋ,ɛŋɔt,ɛŋɛt,ɛŋɔt,ɛŋɛt
ɛŋ,ɛŋɔk,ɛŋɛk,ɛŋɔk,ɛŋɛk
ɛŋ,ɛŋɔb,ɛŋɛb,ɛŋɔb,ɛŋɛb
ɛŋ,ɛŋɔd,ɛŋɛd,ɛŋɔd,ɛŋɛd
ɛŋ,ɛŋɔg,ɛŋɛg,ɛŋɔg,ɛŋɛg
ɛŋ,ɛŋɔf,ɛŋɛf,ɛŋɔf,ɛŋɛf
ɛŋ,ɛŋɔs,ɛŋɛs,ɛŋɔs,ɛŋɛs
ɛŋ,ɛŋɔv,ɛŋɛv,ɛŋɔv,ɛŋɛv
ɛŋ,ɛŋɔz,ɛŋɛz,ɛŋɔz,ɛŋɛz
ɛŋ,ɛŋɔʃ,ɛŋɛʃ,ɛŋɔʃ,ɛŋɛʃ
ɛŋ,ɛŋɔʒ,ɛŋɛʒ,ɛŋɔʒ,ɛŋɛʒ
ɛŋ,ɛŋɔθ,ɛŋɛθ,ɛŋɔθ,ɛŋɛθ
ɛŋ,ɛŋɔð,ɛŋɛð,ɛŋɔð,ɛŋɛð
ɛp,ɛpɔm,ɛpɛm,ɛpɔm,ɛpɛm
ɛp,ɛpɔn,ɛpɛn,ɛpɔn,ɛpɛn
ɛp,ɛpɔŋ,ɛpɛŋ,ɛpɔŋ,ɛpɛŋ
ɛp,ɛpɔp,ɛpɛp,ɛpɔp,ɛpɛp
ɛp,ɛpɔt,ɛpɛt,ɛpɔt,ɛpɛt
ɛp,ɛpɔk,ɛpɛk,ɛpɔk,ɛpɛk
ɛp,ɛpɔb,ɛpɛb,ɛpɔb,ɛpɛb
ɛp,ɛpɔd,ɛpɛd,ɛpɔd,ɛpɛd
ɛp,ɛpɔg,ɛpɛg,ɛpɔg,ɛpɛg
ɛp,ɛpɔf,ɛpɛf,ɛpɔf,ɛpɛf
ɛp,ɛpɔs,ɛpɛs,ɛpɔs,ɛpɛs
ɛp,ɛpɔv,ɛpɛv,ɛpɔv,ɛpɛv
ɛp,ɛpɔz,ɛpɛz,ɛpɔz,ɛpɛz
ɛp,ɛpɔʃ,ɛpɛʃ,ɛpɔʃ,ɛpɛʃ
ɛp,ɛpɔʒ,ɛpɛʒ,ɛpɔʒ,ɛpɛʒ
ɛp,ɛpɔθ,ɛpɛθ,ɛpɔθ,ɛpɛθ
ɛp,ɛpɔð,ɛpɛð,ɛpɔð,ɛpɛð
ɛt,ɛtɔm,ɛtɛm,ɛtɔm,ɛtɛm
ɛt,ɛtɔn,ɛtɛn,ɛtɔn,ɛtɛn
ɛt,ɛtɔŋ,ɛtɛŋ,ɛtɔŋ,ɛtɛŋ
ɛt,ɛtɔp,ɛtɛp,ɛtɔp,ɛtɛp
ɛt,ɛtɔt,ɛtɛt,ɛtɔt,ɛtɛt
ɛt,ɛtɔk,ɛtɛk,ɛtɔk,ɛtɛk
ɛt,ɛtɔb,ɛtɛb,ɛtɔb,ɛtɛb
ɛt,ɛtɔd,ɛtɛd,ɛtɔd,ɛtɛd
ɛt,ɛtɔg,ɛtɛg,ɛtɔg,ɛtɛg
ɛt,ɛtɔf,ɛtɛf,ɛtɔf,ɛtɛf
ɛt,ɛtɔs,ɛtɛs,ɛtɔs,ɛtɛs
ɛt,ɛtɔv,ɛtɛv,ɛtɔv,ɛtɛv
ɛt,ɛtɔz,ɛtɛz,ɛtɔz,ɛtɛz
ɛt,ɛtɔʃ,ɛtɛʃ,ɛtɔʃ,ɛtɛʃ
ɛt,ɛtɔʒ,ɛtɛʒ,ɛtɔʒ,ɛtɛʒ
ɛt,ɛtɔθ,ɛtɛθ,ɛtɔθ,ɛtɛθ
ɛt,ɛtɔð,ɛtɛð,ɛtɔð,ɛtɛð
ɛk,ɛkɔm,ɛkɛm,ɛkɔm,ɛkɛm
ɛk,ɛkɔn,ɛkɛn,ɛkɔn,ɛkɛn
ɛk,ɛkɔŋ,ɛkɛŋ,ɛkɔŋ,ɛkɛŋ
ɛk,ɛkɔp,ɛkɛp,ɛkɔp,ɛkɛp
ɛk,ɛkɔt,ɛkɛt,ɛkɔt,ɛkɛt
ɛk,ɛkɔk,ɛkɛk,ɛkɔk,ɛkɛk
ɛk,ɛkɔb,ɛkɛb,ɛkɔb,ɛkɛb
ɛk,ɛkɔd,ɛkɛd,ɛkɔd,ɛkɛd
ɛk,ɛkɔg,ɛkɛg,ɛkɔg,ɛkɛg
ɛk,ɛkɔf,ɛkɛf,ɛkɔf,ɛkɛf
ɛk,ɛkɔs,ɛkɛs,ɛkɔs,ɛkɛs
ɛk,ɛkɔv,ɛkɛv,ɛkɔv,ɛkɛv
ɛk,ɛkɔz,ɛkɛz,ɛkɔz,ɛkɛz
ɛk,ɛkɔʃ,ɛkɛʃ,ɛkɔʃ,ɛkɛʃ
ɛk,ɛkɔʒ,ɛkɛʒ,ɛkɔʒ,ɛkɛʒ
ɛk,ɛkɔθ,ɛkɛθ,ɛkɔθ,ɛkɛθ
ɛk,ɛkɔð,ɛkɛð,ɛkɔð,ɛkɛð
ɛb,ɛbɔm,ɛbɛm,ɛbɔm,ɛbɛm
ɛb,ɛbɔn,ɛbɛn,ɛbɔn,ɛbɛn
ɛb,ɛbɔŋ,ɛbɛŋ,ɛbɔŋ,ɛbɛŋ
ɛb,ɛbɔp,ɛbɛp,ɛbɔp,ɛbɛp
ɛb,ɛbɔt,ɛbɛt,ɛbɔt,ɛbɛt
ɛb,ɛbɔk,ɛbɛk,ɛbɔk,ɛbɛk
ɛb,ɛbɔb,ɛbɛb,ɛbɔb,ɛbɛb
ɛb,ɛbɔd,ɛbɛd,ɛbɔd,ɛbɛd
ɛb,ɛbɔg,ɛbɛg,ɛbɔg,ɛbɛg
ɛb,ɛbɔf,ɛbɛf,ɛbɔf,ɛbɛf
ɛb,ɛbɔs,ɛbɛs,ɛbɔs,ɛbɛs
ɛb,ɛbɔv,ɛbɛv,ɛbɔv,ɛbɛv
ɛb,ɛbɔz,ɛbɛz,ɛbɔz,ɛbɛz
ɛb,ɛbɔʃ,ɛbɛʃ,ɛbɔʃ,ɛbɛʃ
ɛb,ɛbɔʒ,ɛbɛʒ,ɛbɔʒ,ɛbɛʒ
ɛb,ɛbɔθ,ɛbɛθ,ɛbɔθ,ɛbɛθ
ɛb,ɛbɔð,ɛbɛð,ɛbɔð,ɛbɛð
ɛd,ɛdɔm,ɛdɛm,ɛdɔm,ɛdɛm
ɛd,ɛdɔn,ɛdɛn,ɛdɔn,ɛdɛn
ɛd,ɛdɔŋ,ɛdɛŋ,ɛdɔŋ,ɛdɛŋ
ɛd,ɛdɔp,ɛdɛp,ɛdɔp,ɛdɛp
ɛd,ɛdɔt,ɛdɛt,ɛdɔt,ɛdɛt
ɛd,ɛdɔk,ɛdɛk,ɛdɔk,ɛdɛk
ɛd,ɛdɔb,ɛdɛb,ɛdɔb,ɛdɛb
ɛd,ɛdɔd,ɛdɛd,ɛdɔd,ɛdɛd
ɛd,ɛdɔg,ɛdɛg,ɛdɔg,ɛdɛg
ɛd,ɛdɔf,ɛdɛf,ɛdɔf,ɛdɛf
ɛd,ɛdɔs,ɛdɛs,ɛdɔs,ɛdɛs
ɛd,ɛdɔv,ɛdɛv,ɛdɔv,ɛdɛv
ɛd,ɛdɔz,ɛdɛz,ɛdɔz,ɛdɛz
ɛd,ɛdɔʃ,ɛdɛʃ,ɛdɔʃ,ɛdɛʃ
ɛd,ɛdɔʒ,ɛdɛʒ,ɛdɔʒ,ɛdɛʒ
ɛd,ɛdɔθ,ɛdɛθ,ɛdɔθ,ɛdɛθ
ɛd,ɛdɔð,ɛdɛð,ɛdɔð,ɛdɛð
ɛg,ɛgɔm,ɛgɛm,ɛgɔm,ɛgɛm
ɛg,ɛgɔn,ɛgɛn,ɛgɔn,ɛgɛn
ɛg,ɛgɔŋ,ɛgɛŋ,ɛgɔŋ,ɛgɛŋ
ɛg,ɛgɔp,ɛgɛp,ɛgɔp,ɛgɛp
ɛg,ɛgɔt,ɛgɛt,ɛgɔt,ɛgɛt
ɛg,ɛgɔk,ɛgɛk,ɛgɔk,ɛgɛk
ɛg,ɛgɔb,ɛgɛb,ɛgɔb,ɛgɛb
ɛg,ɛgɔd,ɛgɛd,ɛgɔd,ɛgɛd
ɛg,ɛgɔg,ɛgɛg,ɛgɔg,ɛgɛg
ɛg,ɛgɔf,ɛgɛf,ɛgɔf,ɛgɛf
ɛg,ɛgɔs,ɛgɛs,ɛgɔs,ɛgɛs
ɛg,ɛgɔv,ɛgɛv,ɛgɔv,ɛgɛv
ɛg,ɛgɔz,ɛgɛz,ɛgɔz,ɛgɛz
ɛg,ɛgɔʃ,ɛgɛʃ,ɛgɔʃ,ɛgɛʃ
ɛg,ɛgɔʒ,ɛgɛʒ,ɛgɔʒ,ɛgɛʒ
ɛg,ɛgɔθ,ɛgɛθ,ɛgɔθ,ɛgɛθ
ɛg,ɛgɔð,ɛgɛð,ɛgɔð,ɛgɛð
ɛf,ɛfɔm,ɛfɛm,ɛfɔm,ɛfɛm
ɛf,ɛfɔn,ɛfɛn,ɛfɔn,ɛfɛn
ɛf,ɛfɔŋ,ɛfɛŋ,ɛfɔŋ,ɛfɛŋ
ɛf,ɛfɔp,ɛfɛp,ɛfɔp,ɛfɛp
ɛf,ɛfɔt,ɛfɛt,ɛfɔt,ɛfɛt
ɛf,ɛfɔk,ɛfɛk,ɛfɔk,ɛfɛk
ɛf,ɛfɔb,ɛfɛb,ɛfɔb,ɛfɛb
ɛf,ɛfɔd,ɛfɛd,ɛfɔd,ɛfɛd
ɛf,ɛfɔg,ɛfɛg,ɛfɔg,ɛfɛg
ɛf,ɛfɔf,ɛfɛf,ɛfɔf,ɛfɛf
ɛf,ɛfɔs,ɛfɛs,ɛfɔs,ɛfɛs
ɛf,ɛfɔv,ɛfɛv,ɛfɔv,ɛfɛv
ɛf,ɛfɔz,ɛfɛz,ɛfɔz,ɛfɛz
ɛf,ɛfɔʃ,ɛfɛʃ,ɛfɔʃ,ɛfɛʃ
ɛf,ɛfɔʒ,ɛfɛʒ,ɛfɔʒ,ɛfɛʒ
ɛf,ɛfɔθ,ɛfɛθ,ɛfɔθ,ɛfɛθ
ɛf,ɛfɔð,ɛfɛð,ɛfɔð,ɛfɛð
ɛs,ɛsɔm,ɛsɛm,ɛsɔm,ɛsɛm
ɛs,ɛsɔn,ɛsɛn,ɛsɔn,ɛsɛn
ɛs,ɛsɔŋ,ɛsɛŋ,ɛsɔŋ,ɛsɛŋ
ɛs,ɛsɔp,ɛsɛp,ɛsɔp,ɛsɛp
ɛs,ɛsɔt,ɛsɛt,ɛsɔt,ɛsɛt
ɛs,ɛsɔk,ɛsɛk,ɛsɔk,ɛsɛk
ɛs,ɛsɔb,ɛsɛb,ɛsɔb,ɛsɛb
ɛs,ɛsɔd,ɛsɛd,ɛsɔd,ɛsɛd
ɛs,ɛsɔg,ɛsɛg,ɛsɔg,ɛsɛg
ɛs,ɛsɔf,ɛsɛf,ɛsɔf,ɛsɛf
ɛs,ɛsɔs,ɛsɛs,ɛsɔs,ɛsɛs
ɛs,ɛsɔv,ɛsɛv,ɛsɔv,ɛsɛv
ɛs,ɛsɔz,ɛsɛz,ɛsɔz,ɛsɛz
ɛs,ɛsɔʃ,ɛsɛʃ,ɛsɔʃ,ɛsɛʃ
ɛs,ɛsɔʒ,ɛsɛʒ,ɛsɔʒ,ɛsɛʒ
ɛs,ɛsɔθ,ɛsɛθ,ɛsɔθ,ɛsɛθ
ɛs,ɛsɔð,ɛsɛð,ɛsɔð,ɛsɛð
ɛv,ɛvɔm,ɛvɛm,ɛvɔm,ɛvɛm
ɛv,ɛvɔn,ɛvɛn,ɛvɔn,ɛvɛn
ɛv,ɛvɔŋ,ɛvɛŋ,ɛvɔŋ,ɛvɛŋ
ɛv,ɛvɔp,ɛvɛp,ɛvɔp,ɛvɛp
ɛv,ɛvɔt,ɛvɛt,ɛvɔt,ɛvɛt
ɛv,ɛvɔk,ɛvɛk,ɛvɔk,ɛvɛk
ɛv,ɛvɔb,ɛvɛb,ɛvɔb,ɛvɛb
ɛv,ɛvɔd,ɛvɛd,ɛvɔd,ɛvɛd
ɛv,ɛvɔg,ɛvɛg,ɛvɔg,ɛvɛg
ɛv,ɛvɔf,ɛvɛf,ɛvɔf,ɛvɛf
ɛv,ɛvɔs,ɛvɛs,ɛvɔs,ɛvɛs
ɛv,ɛvɔv,ɛvɛv,ɛvɔv,ɛvɛv
ɛv,ɛvɔz,ɛvɛz,ɛvɔz,ɛvɛz
ɛv,ɛvɔʃ,ɛvɛʃ,ɛvɔʃ,ɛvɛʃ
ɛv,ɛvɔʒ,ɛvɛʒ,ɛvɔʒ,ɛvɛʒ
ɛv,ɛvɔθ,ɛvɛθ,ɛvɔθ,ɛvɛθ
ɛv,ɛvɔð,ɛvɛð,ɛvɔð,ɛvɛð
ɛz,ɛzɔm,ɛzɛm,ɛzɔm,ɛzɛm
ɛz,ɛzɔn,ɛzɛn,ɛzɔn,ɛzɛn
ɛz,ɛzɔŋ,ɛzɛŋ,ɛzɔŋ,ɛzɛŋ
ɛz,ɛzɔp,ɛzɛp,ɛzɔp,ɛzɛp
ɛz,ɛzɔt,ɛzɛt,ɛzɔt,ɛzɛt
ɛz,ɛzɔk,ɛzɛk,ɛzɔk,ɛzɛk
ɛz,ɛzɔb,ɛzɛb,ɛzɔb,ɛzɛb
ɛz,ɛzɔd,ɛzɛd,ɛzɔd,ɛzɛd
ɛz,ɛzɔg,ɛzɛg,ɛzɔg,ɛzɛg
ɛz,ɛzɔf,ɛzɛf,ɛzɔf,ɛzɛf
ɛz,ɛzɔs,ɛzɛs,ɛzɔs,ɛzɛs
ɛz,ɛzɔv,ɛzɛv,ɛzɔv,ɛzɛv
ɛz,ɛzɔz,ɛzɛz,ɛzɔz,ɛzɛz
ɛz,ɛzɔʃ,ɛzɛʃ,ɛzɔʃ,ɛzɛʃ
ɛz,ɛzɔʒ,ɛzɛʒ,ɛzɔʒ,ɛzɛʒ
ɛz,ɛzɔθ,ɛzɛθ,ɛzɔθ,ɛzɛθ
ɛz,ɛzɔð,ɛzɛð,ɛzɔð,ɛzɛð
ɛʃ,ɛʃɔm,ɛʃɛm,ɛʃɔm,ɛʃɛm
ɛʃ,ɛʃɔn,ɛʃɛn,ɛʃɔn,ɛʃɛn
ɛʃ,ɛʃɔŋ,ɛʃɛŋ,ɛʃɔŋ,ɛʃɛŋ
ɛʃ,ɛʃɔp,ɛʃɛp,ɛʃɔp,ɛʃɛp
ɛʃ,ɛʃɔt,ɛʃɛt,ɛʃɔt,ɛʃɛt
ɛʃ,ɛʃɔk,ɛʃɛk,ɛʃɔk,ɛʃɛk
ɛʃ,ɛʃɔb,ɛʃɛb,ɛʃɔb,ɛʃɛb
ɛʃ,ɛʃɔd,ɛʃɛd,ɛʃɔd,ɛʃɛd
ɛʃ,ɛʃɔg,ɛʃɛg,ɛʃɔg,ɛʃɛg
ɛʃ,ɛʃɔf,ɛʃɛf,ɛʃɔf,ɛʃɛf
ɛʃ,ɛʃɔs,ɛʃɛs,ɛʃɔs,ɛʃɛs
ɛʃ,ɛʃɔv,ɛʃɛv,ɛʃɔv,ɛʃɛv
ɛʃ,ɛʃɔz,ɛʃɛz,ɛʃɔz,ɛʃɛz
ɛʃ,ɛʃɔʃ,ɛʃɛʃ,ɛʃɔʃ,ɛʃɛʃ
ɛʃ,ɛʃɔʒ,ɛʃɛʒ,ɛʃɔʒ,ɛʃɛʒ
ɛʃ,ɛʃɔθ,ɛʃɛθ,ɛʃɔθ,ɛʃɛθ
ɛʃ,ɛʃɔð,ɛʃɛð,ɛʃɔð,ɛʃɛð
ɛʒ,ɛʒɔm,ɛʒɛm,ɛʒɔm,ɛʒɛm
ɛʒ,ɛʒɔn,ɛʒɛn,ɛʒɔn,ɛʒɛn
ɛʒ,ɛʒɔŋ,ɛʒɛŋ,ɛʒɔŋ,ɛʒɛŋ
ɛʒ,ɛʒɔp,ɛʒɛp,ɛʒɔp,ɛʒɛp
ɛʒ,ɛʒɔt,ɛʒɛt,ɛʒɔt,ɛʒɛt
ɛʒ,ɛʒɔk,ɛʒɛk,ɛʒɔk,ɛʒɛk
ɛʒ,ɛʒɔb,ɛʒɛb,ɛʒɔb,ɛʒɛb
ɛʒ,ɛʒɔd,ɛʒɛd,ɛʒɔd,ɛʒɛd
ɛʒ,ɛʒɔg,ɛʒɛg,ɛʒɔg,ɛʒɛg
ɛʒ,ɛʒɔf,ɛʒɛf,ɛʒɔf,ɛʒɛf
ɛʒ,ɛʒɔs,ɛʒɛs,ɛʒɔs,ɛʒɛs
ɛʒ,ɛʒɔv,ɛʒɛv,ɛʒɔv,ɛʒɛv
ɛʒ,ɛʒɔz,ɛʒɛz,ɛʒɔz,ɛʒɛz
ɛʒ,ɛʒɔʃ,ɛʒɛʃ,ɛʒɔʃ,ɛʒɛʃ
ɛʒ,ɛʒɔʒ,ɛʒɛʒ,ɛʒɔʒ,ɛʒɛʒ
ɛʒ,ɛʒɔθ,ɛʒɛθ,ɛʒɔθ,ɛʒɛθ
ɛʒ,ɛʒɔð,ɛʒɛð,ɛʒɔð,ɛʒɛð
ɛθ,ɛθɔm,ɛθɛm,ɛθɔm,ɛθɛm
ɛθ,ɛθɔn,ɛθɛn,ɛθɔn,ɛθɛn
ɛθ,ɛθɔŋ,ɛθɛŋ,ɛθɔŋ,ɛθɛŋ
ɛθ,ɛθɔp,ɛθɛp,ɛθɔp,ɛθɛp
ɛθ,ɛθɔt,ɛθɛt,ɛθɔt,ɛθɛt
ɛθ,ɛθɔk,ɛθɛk,ɛθɔk,ɛθɛk
ɛθ,ɛθɔb,ɛθɛb,ɛθɔb,ɛθɛb
ɛθ,ɛθɔd,ɛθɛd,ɛθɔd,ɛθɛd
ɛθ,ɛθɔg,ɛθɛg,ɛθɔg,ɛθɛg
ɛθ,ɛθɔf,ɛθɛf,ɛθɔf,ɛθɛf
ɛθ,ɛθɔs,ɛθɛs,ɛθɔs,ɛθɛs
ɛθ,ɛθɔv,ɛθɛv,ɛθɔv,ɛθɛv
ɛθ,ɛθɔz,ɛθɛz,ɛθɔz,ɛθɛz
ɛθ,ɛθɔʃ,ɛθɛʃ,ɛθɔʃ,ɛθɛʃ
ɛθ,ɛθɔʒ,ɛθɛʒ,ɛθɔʒ,ɛθɛʒ
ɛθ,ɛθɔθ,ɛθɛθ,ɛθɔθ,ɛθɛθ
ɛθ,ɛθɔð,ɛθɛð,ɛθɔð,ɛθɛð
ɛð,ɛðɔm,ɛðɛm,ɛðɔm,ɛðɛm
ɛð,ɛðɔn,ɛðɛn,ɛðɔn,ɛðɛn
ɛð,ɛðɔŋ,ɛðɛŋ,ɛðɔŋ,ɛðɛŋ
ɛð,ɛðɔp,ɛðɛp,ɛðɔp,ɛðɛp
ɛð,ɛðɔt,ɛðɛt,ɛðɔt,ɛðɛt
ɛð,ɛðɔk,ɛðɛk,ɛðɔk,ɛðɛk
ɛð,ɛðɔb,ɛðɛb,ɛðɔb,ɛðɛb
ɛð,ɛðɔd,ɛðɛd,ɛðɔd,ɛðɛd
ɛð,ɛðɔg,ɛðɛg,ɛðɔg,ɛðɛg
ɛð,ɛðɔf,ɛðɛf,ɛðɔf,ɛðɛf
ɛð,ɛðɔs,ɛðɛs,ɛðɔs,ɛðɛs
ɛð,ɛðɔv,ɛðɛv,ɛðɔv,ɛðɛv
ɛð,ɛðɔz,ɛðɛz,ɛðɔz,ɛðɛz
ɛð,ɛðɔʃ,ɛðɛʃ,ɛðɔʃ,ɛðɛʃ
ɛð,ɛðɔʒ,ɛðɛʒ,ɛðɔʒ,ɛðɛʒ
ɛð,ɛðɔθ,ɛðɛθ,ɛðɔθ,ɛðɛθ
ɛð,ɛðɔð,ɛðɛð,ɛðɔð,ɛðɛð
ʊm,ʊmɪm,ʊmʊm,ʊmɪm,ʊmʊm
ʊm,ʊmɪn,ʊmʊn,ʊmɪn,ʊmʊn
ʊm,ʊmɪŋ,ʊmʊŋ,ʊmɪŋ,ʊmʊŋ
ʊm,ʊmɪp,ʊmʊp,ʊmɪp,ʊmʊp
ʊm,ʊmɪt,ʊmʊt,ʊmɪt,ʊmʊt
ʊm,ʊmɪk,ʊmʊk,ʊmɪk,ʊmʊk
ʊm,ʊmɪb,ʊmʊb,ʊmɪb,ʊmʊb
ʊm,ʊmɪd,ʊmʊd,ʊmɪd,ʊmʊd
ʊm,ʊmɪg,ʊmʊg,ʊmɪg,ʊmʊg
ʊm,ʊmɪf,ʊmʊf,ʊmɪf,ʊmʊf
ʊm,ʊmɪs,ʊmʊs,ʊmɪs,ʊmʊs
ʊm,ʊmɪv,ʊmʊv,ʊmɪv,ʊmʊv
ʊm,ʊmɪz,ʊmʊz,ʊmɪz,ʊmʊz
ʊm,ʊmɪʃ,ʊmʊʃ,ʊmɪʃ,ʊmʊʃ
ʊm,ʊmɪʒ,ʊmʊʒ,ʊmɪʒ,ʊmʊʒ
ʊm,ʊmɪθ,ʊmʊθ,ʊmɪθ,ʊmʊθ
ʊm,ʊmɪð,ʊmʊð,ʊmɪð,ʊmʊð
ʊn,ʊnɪm,ʊnʊm,ʊnɪm,ʊnʊm
ʊn,ʊnɪn,ʊnʊn,ʊnɪn,ʊnʊn
ʊn,ʊnɪŋ,ʊnʊŋ,ʊnɪŋ,ʊnʊŋ
ʊn,ʊnɪp,ʊnʊp,ʊnɪp,ʊnʊp
ʊn,ʊnɪt,ʊnʊt,ʊnɪt,ʊnʊt
ʊn,ʊnɪk,ʊnʊk,ʊnɪk,ʊnʊk
ʊn,ʊnɪb,ʊnʊb,ʊnɪb,ʊnʊb
ʊn,ʊnɪd,ʊnʊd,ʊnɪd,ʊnʊd
ʊn,ʊnɪg,ʊnʊg,ʊnɪg,ʊnʊg
ʊn,ʊnɪf,ʊnʊf,ʊnɪf,ʊnʊf
ʊn,ʊnɪs,ʊnʊs,ʊnɪs,ʊnʊs
ʊn,ʊnɪv,ʊnʊv,ʊnɪv,ʊnʊv
ʊn,ʊnɪz,ʊnʊz,ʊnɪz,ʊnʊz
ʊn,ʊnɪʃ,ʊnʊʃ,ʊnɪʃ,ʊnʊʃ
ʊn,ʊnɪʒ,ʊnʊʒ,ʊnɪʒ,ʊnʊʒ
ʊn,ʊnɪθ,ʊnʊθ,ʊnɪθ,ʊnʊθ
ʊn,ʊnɪð,ʊnʊð,ʊnɪð,ʊnʊð
ʊŋ,ʊŋɪm,ʊŋʊm,ʊŋɪm,ʊŋʊm
ʊŋ,ʊŋɪn,ʊŋʊn,ʊŋɪn,ʊŋʊn
ʊŋ,ʊŋɪŋ,ʊŋʊŋ,ʊŋɪŋ,ʊŋʊŋ
ʊŋ,ʊŋɪp,ʊŋʊp,ʊŋɪp,ʊŋʊp
ʊŋ,ʊŋɪt,ʊŋʊt,ʊŋɪt,ʊŋʊt
ʊŋ,ʊŋɪk,ʊŋʊk,ʊŋɪk,ʊŋʊk
ʊŋ,ʊŋɪb,ʊŋʊb,ʊŋɪb,ʊŋʊb
ʊŋ,ʊŋɪd,ʊŋʊd,ʊŋɪd,ʊŋʊd
ʊŋ,ʊŋɪg,ʊŋʊg,ʊŋɪg,ʊŋʊg
ʊŋ,ʊŋɪf,ʊŋʊf,ʊŋɪf,ʊŋʊf
ʊŋ,ʊŋɪs,ʊŋʊs,ʊŋɪs,ʊŋʊs
ʊŋ,ʊŋɪv,ʊŋʊv,ʊŋɪv,ʊŋʊv
ʊŋ,ʊŋɪz,ʊŋʊz,ʊŋɪz,ʊŋʊz
ʊŋ,ʊŋɪʃ,ʊŋʊʃ,ʊŋɪʃ,ʊŋʊʃ
ʊŋ,ʊŋɪʒ,ʊŋʊʒ,ʊŋɪʒ,ʊŋʊʒ
ʊŋ,ʊŋɪθ,ʊŋʊθ,ʊŋɪθ,ʊŋʊθ
ʊŋ,ʊŋɪð,ʊŋʊð,ʊŋɪð,ʊŋʊð
ʊp,ʊpɪm,ʊpʊm,ʊpɪm,ʊpʊm
ʊp,ʊpɪn,ʊpʊn,ʊpɪn,ʊpʊn
ʊp,ʊpɪŋ,ʊpʊŋ,ʊpɪŋ,ʊpʊŋ
ʊp,ʊpɪp,ʊpʊp,ʊpɪp,ʊpʊp
ʊp,ʊpɪt,ʊpʊt,ʊpɪt,ʊpʊt
ʊp,ʊpɪk,ʊpʊk,ʊpɪk,ʊpʊk
ʊp,ʊpɪb,ʊpʊb,ʊpɪb,ʊpʊb
ʊp,ʊpɪd,ʊpʊd,ʊpɪd,ʊpʊd
ʊp,ʊpɪg,ʊpʊg,ʊpɪg,ʊpʊg
ʊp,ʊpɪf,ʊpʊf,ʊpɪf,ʊpʊf
ʊp,ʊpɪs,ʊpʊs,ʊpɪs,ʊpʊs
ʊp,ʊpɪv,ʊpʊv,ʊpɪv,ʊpʊv
ʊp,ʊpɪz,ʊpʊz,ʊpɪz,ʊpʊz
ʊp,ʊpɪʃ,ʊpʊʃ,ʊpɪʃ,ʊpʊʃ
ʊp,ʊpɪʒ,ʊpʊʒ,ʊpɪʒ,ʊpʊʒ
ʊp,ʊpɪθ,ʊpʊθ,ʊpɪθ,ʊpʊθ
ʊp,ʊpɪð,ʊpʊð,ʊpɪð,ʊpʊð
ʊt,ʊtɪm,ʊtʊm,ʊtɪm,ʊtʊm
ʊt,ʊtɪn,ʊtʊn,ʊtɪn,ʊtʊn
ʊt,ʊtɪŋ,ʊtʊŋ,ʊtɪŋ,ʊtʊŋ
ʊt,ʊtɪp,ʊtʊp,ʊtɪp,ʊtʊp
ʊt,ʊtɪt,ʊtʊt,ʊtɪt,ʊtʊt
ʊt,ʊtɪk,ʊtʊk,ʊtɪk,ʊtʊk
ʊt,ʊtɪb,ʊtʊb,ʊtɪb,ʊtʊb
ʊt,ʊtɪd,ʊtʊd,ʊtɪd,ʊtʊd
ʊt,ʊtɪg,ʊtʊg,ʊtɪg,ʊtʊg
ʊt,ʊtɪf,ʊtʊf,ʊtɪf,ʊtʊf
ʊt,ʊtɪs,ʊtʊs,ʊtɪs,ʊtʊs
ʊt,ʊtɪv,ʊtʊv,ʊtɪv,ʊtʊv
ʊt,ʊtɪz,ʊtʊz,ʊtɪz,ʊtʊz
ʊt,ʊtɪʃ,ʊtʊʃ,ʊtɪʃ,ʊtʊʃ
ʊt,ʊtɪʒ,ʊtʊʒ,ʊtɪʒ,ʊtʊʒ
ʊt,ʊtɪθ,ʊtʊθ,ʊtɪθ,ʊtʊθ
ʊt,ʊtɪð,ʊtʊð,ʊtɪð,ʊtʊð
ʊk,ʊkɪm,ʊkʊm,ʊkɪm,ʊkʊm
ʊk,ʊkɪn,ʊkʊn,ʊkɪn,ʊkʊn
ʊk,ʊkɪŋ,ʊkʊŋ,ʊkɪŋ,ʊkʊŋ
ʊk,ʊkɪp,ʊkʊp,ʊkɪp,ʊkʊp
ʊk,ʊkɪt,ʊkʊt,ʊkɪt,ʊkʊt
ʊk,ʊkɪk,ʊkʊk,ʊkɪk,ʊkʊk
ʊk,ʊkɪb,ʊkʊb,ʊkɪb,ʊkʊb
ʊk,ʊkɪd,ʊkʊd,ʊkɪd,ʊkʊd
ʊk,ʊkɪg,ʊkʊg,ʊkɪg,ʊkʊg
ʊk,ʊkɪf,ʊkʊf,ʊkɪf,ʊkʊf
ʊk,ʊkɪs,ʊkʊs,ʊkɪs,ʊkʊs
ʊk,ʊkɪv,ʊkʊv,ʊkɪv,ʊkʊv
ʊk,ʊkɪz,ʊkʊz,ʊkɪz,ʊkʊz
ʊk,ʊkɪʃ,ʊkʊʃ,ʊkɪʃ,ʊkʊʃ
ʊk,ʊkɪʒ,ʊkʊʒ,ʊkɪʒ,ʊkʊʒ
ʊk,ʊkɪθ,ʊkʊθ,ʊkɪθ,ʊkʊθ
ʊk,ʊkɪð,ʊkʊð,ʊkɪð,ʊkʊð
ʊb,ʊbɪm,ʊbʊm,ʊbɪm,ʊbʊm
ʊb,ʊbɪn,ʊbʊn,ʊbɪn,ʊbʊn
ʊb,ʊbɪŋ,ʊbʊŋ,ʊbɪŋ,ʊbʊŋ
ʊb,ʊbɪp,ʊbʊp,ʊbɪp,ʊbʊp
ʊb,ʊbɪt,ʊbʊt,ʊbɪt,ʊbʊt
ʊb,ʊbɪk,ʊbʊk,ʊbɪk,ʊbʊk
ʊb,ʊbɪb,ʊbʊb,ʊbɪb,ʊbʊb
ʊb,ʊbɪd,ʊbʊd,ʊbɪd,ʊbʊd
ʊb,ʊbɪg,ʊbʊg,ʊbɪg,ʊbʊg
ʊb,ʊbɪf,ʊbʊf,ʊbɪf,ʊbʊf
ʊb,ʊbɪs,ʊbʊs,ʊbɪs,ʊbʊs
ʊb,ʊbɪv,ʊbʊv,ʊbɪv,ʊbʊv
ʊb,ʊbɪz,ʊbʊz,ʊbɪz,ʊbʊz
ʊb,ʊbɪʃ,ʊbʊʃ,ʊbɪʃ,ʊbʊʃ
ʊb,ʊbɪʒ,ʊbʊʒ,ʊbɪʒ,ʊbʊʒ
ʊb,ʊbɪθ,ʊbʊθ,ʊbɪθ,ʊbʊθ
ʊb,ʊbɪð,ʊbʊð,ʊbɪð,ʊbʊð
ʊd,ʊdɪm,ʊdʊm,ʊdɪm,ʊdʊm
ʊd,ʊdɪn,ʊdʊn,ʊdɪn,ʊdʊn
ʊd,ʊdɪŋ,ʊdʊŋ,ʊdɪŋ,ʊdʊŋ
ʊd,ʊdɪp,ʊdʊp,ʊdɪp,ʊdʊp
ʊd,ʊdɪt,ʊdʊt,ʊdɪt,ʊdʊt
ʊd,ʊdɪk,ʊdʊk,ʊdɪk,ʊdʊk
ʊd,ʊdɪb,ʊdʊb,ʊdɪb,ʊdʊb
ʊd,ʊdɪd,ʊdʊd,ʊdɪd,ʊdʊd
ʊd,ʊdɪg,ʊdʊg,ʊdɪg,ʊdʊg
ʊd,ʊdɪf,ʊdʊf,ʊdɪf,ʊdʊf
ʊd,ʊdɪs,ʊdʊs,ʊdɪs,ʊdʊs
ʊd,ʊdɪv,ʊdʊv,ʊdɪv,ʊdʊv
ʊd,ʊdɪz,ʊdʊz,ʊdɪz,ʊdʊz
ʊd,ʊdɪʃ,ʊdʊʃ,ʊdɪʃ,ʊdʊʃ
ʊd,ʊdɪʒ,ʊdʊʒ,ʊdɪʒ,ʊdʊʒ
ʊd,ʊdɪθ,ʊdʊθ,ʊdɪθ,ʊdʊθ
ʊd,ʊdɪð,ʊdʊð,ʊdɪð,ʊdʊð
ʊg,ʊgɪm,ʊgʊm,ʊgɪm,ʊgʊm
ʊg,ʊgɪn,ʊgʊn,ʊgɪn,ʊgʊn
ʊg,ʊgɪŋ,ʊgʊŋ,ʊgɪŋ,ʊgʊŋ
ʊg,ʊgɪp,ʊgʊp,ʊgɪp,ʊgʊp
ʊg,ʊgɪt,ʊgʊt,ʊgɪt,ʊgʊt
ʊg,ʊgɪk,ʊgʊk,ʊgɪk,ʊgʊk
ʊg,ʊgɪb,ʊgʊb,ʊgɪb,ʊgʊb
ʊg,ʊgɪd,ʊgʊd,ʊgɪd,ʊgʊd
ʊg,ʊgɪg,ʊgʊg,ʊgɪg,ʊgʊg
ʊg,ʊgɪf,ʊgʊf,ʊgɪf,ʊgʊf
ʊg,ʊgɪs,ʊgʊs,ʊgɪs,ʊgʊs
ʊg,ʊgɪv,ʊgʊv,ʊgɪv,ʊgʊv
ʊg,ʊgɪz,ʊgʊz,ʊgɪz,ʊgʊz
ʊg,ʊgɪʃ,ʊgʊʃ,ʊgɪʃ,ʊgʊʃ
ʊg,ʊgɪʒ,ʊgʊʒ,ʊgɪʒ,ʊgʊʒ
ʊg,ʊgɪθ,ʊgʊθ,ʊgɪθ,ʊgʊθ
ʊg,ʊgɪð,ʊgʊð,ʊgɪð,ʊgʊð
ʊf,ʊfɪm,ʊfʊm,ʊfɪm,ʊfʊm
ʊf,ʊfɪn,ʊfʊn,ʊfɪn,ʊfʊn
ʊf,ʊfɪŋ,ʊfʊŋ,ʊfɪŋ,ʊfʊŋ
ʊf,ʊfɪp,ʊfʊp,ʊfɪp,ʊfʊp
ʊf,ʊfɪt,ʊfʊt,ʊfɪt,ʊfʊt
ʊf,ʊfɪk,ʊfʊk,ʊfɪk,ʊfʊk
ʊf,ʊfɪb,ʊfʊb,ʊfɪb,ʊfʊb
ʊf,ʊfɪd,ʊfʊd,ʊfɪd,ʊfʊd
ʊf,ʊfɪg,ʊfʊg,ʊfɪg,ʊfʊg
ʊf,ʊfɪf,ʊfʊf,ʊfɪf,ʊfʊf
ʊf,ʊfɪs,ʊfʊs,ʊfɪs,ʊfʊs
ʊf,ʊfɪv,ʊfʊv,ʊfɪv,ʊfʊv
ʊf,ʊfɪz,ʊfʊz,ʊfɪz,ʊfʊz
ʊf,ʊfɪʃ,ʊfʊʃ,ʊfɪʃ,ʊfʊʃ
ʊf,ʊfɪʒ,ʊfʊʒ,ʊfɪʒ,ʊfʊʒ
ʊf,ʊfɪθ,ʊfʊθ,ʊfɪθ,ʊfʊθ
ʊf,ʊfɪð,ʊfʊð,ʊfɪð,ʊfʊð
ʊs,ʊsɪm,ʊsʊm,ʊsɪm,ʊsʊm
ʊs,ʊsɪn,ʊsʊn,ʊsɪn,ʊsʊn
ʊs,ʊsɪŋ,ʊsʊŋ,ʊsɪŋ,ʊsʊŋ
ʊs,ʊsɪp,ʊsʊp,ʊsɪp,ʊsʊp
ʊs,ʊsɪt,ʊsʊt,ʊsɪt,ʊsʊt
ʊs,ʊsɪk,ʊsʊk,ʊsɪk,ʊsʊk
ʊs,ʊsɪb,ʊsʊb,ʊsɪb,ʊsʊb
ʊs,ʊsɪd,ʊsʊd,ʊsɪd,ʊsʊd
ʊs,ʊsɪg,ʊsʊg,ʊsɪg,ʊsʊg
ʊs,ʊsɪf,ʊsʊf,ʊsɪf,ʊsʊf
ʊs,ʊsɪs,ʊsʊs,ʊsɪs,ʊsʊs
ʊs,ʊsɪv,ʊsʊv,ʊsɪv,ʊsʊv
ʊs,ʊsɪz,ʊsʊz,ʊsɪz,ʊsʊz
ʊs,ʊsɪʃ,ʊsʊʃ,ʊsɪʃ,ʊsʊʃ
ʊs,ʊsɪʒ,ʊsʊʒ,ʊsɪʒ,ʊsʊʒ
ʊs,ʊsɪθ,ʊsʊθ,ʊsɪθ,ʊsʊθ
ʊs,ʊsɪð,ʊsʊð,ʊsɪð,ʊsʊð
ʊv,ʊvɪm,ʊvʊm,ʊvɪm,ʊvʊm
ʊv,ʊvɪn,ʊvʊn,ʊvɪn,ʊvʊn
ʊv,ʊvɪŋ,ʊvʊŋ,ʊvɪŋ,ʊvʊŋ
ʊv,ʊvɪp,ʊvʊp,ʊvɪp,ʊvʊp
ʊv,ʊvɪt,ʊvʊt,ʊvɪt,ʊvʊt
ʊv,ʊvɪk,ʊvʊk,ʊvɪk,ʊvʊk
ʊv,ʊvɪb,ʊvʊb,ʊvɪb,ʊvʊb
ʊv,ʊvɪd,ʊvʊd,ʊvɪd,ʊvʊd
ʊv,ʊvɪg,ʊvʊg,ʊvɪg,ʊvʊg
ʊv,ʊvɪf,ʊvʊf,ʊvɪf,ʊvʊf
ʊv,ʊvɪs,ʊvʊs,ʊvɪs,ʊvʊs
ʊv,ʊvɪv,ʊvʊv,ʊvɪv,ʊvʊv
ʊv,ʊvɪz,ʊvʊz,ʊvɪz,ʊvʊz
ʊv,ʊvɪʃ,ʊvʊʃ,ʊvɪʃ,ʊvʊʃ
ʊv,ʊvɪʒ,ʊvʊʒ,ʊvɪʒ,ʊvʊʒ
ʊv,ʊvɪθ,ʊvʊθ,ʊvɪθ,ʊvʊθ
ʊv,ʊvɪð,ʊvʊð,ʊvɪð,ʊvʊð
ʊz,ʊzɪm,ʊzʊm,ʊzɪm,ʊzʊm
ʊz,ʊzɪn,ʊzʊn,ʊzɪn,ʊzʊn
ʊz,ʊzɪŋ,ʊzʊŋ,ʊzɪŋ,ʊzʊŋ
ʊz,ʊzɪp,ʊzʊp,ʊzɪp,ʊzʊp
ʊz,ʊzɪt,ʊzʊt,ʊzɪt,ʊzʊt
ʊz,ʊzɪk,ʊzʊk,ʊzɪk,ʊzʊk
ʊz,ʊzɪb,ʊzʊb,ʊzɪb,ʊzʊb
ʊz,ʊzɪd,ʊzʊd,ʊzɪd,ʊzʊd
ʊz,ʊzɪg,ʊzʊg,ʊzɪg,ʊzʊg
ʊz,ʊzɪf,ʊzʊf,ʊzɪf,ʊzʊf
ʊz,ʊzɪs,ʊzʊs,ʊzɪs,ʊzʊs
ʊz,ʊzɪv,ʊzʊv,ʊzɪv,ʊzʊv
ʊz,ʊzɪz,ʊzʊz,ʊzɪz,ʊzʊz
ʊz,ʊzɪʃ,ʊzʊʃ,ʊzɪʃ,ʊzʊʃ
ʊz,ʊzɪʒ,ʊzʊʒ,ʊzɪʒ,ʊzʊʒ
ʊz,ʊzɪθ,ʊzʊθ,ʊzɪθ,ʊzʊθ
ʊz,ʊzɪð,ʊzʊð,ʊzɪð,ʊzʊð
ʊʃ,ʊʃɪm,ʊʃʊm,ʊʃɪm,ʊʃʊm
ʊʃ,ʊʃɪn,ʊʃʊn,ʊʃɪn,ʊʃʊn
ʊʃ,ʊʃɪŋ,ʊʃʊŋ,ʊʃɪŋ,ʊʃʊŋ
ʊʃ,ʊʃɪp,ʊʃʊp,ʊʃɪp,ʊʃʊp
ʊʃ,ʊʃɪt,ʊʃʊt,ʊʃɪt,ʊʃʊt
ʊʃ,ʊʃɪk,ʊʃʊk,ʊʃɪk,ʊʃʊk
ʊʃ,ʊʃɪb,ʊʃʊb,ʊʃɪb,ʊʃʊb
ʊʃ,ʊʃɪd,ʊʃʊd,ʊʃɪd,ʊʃʊd
ʊʃ,ʊʃɪg,ʊʃʊg,ʊʃɪg,ʊʃʊg
ʊʃ,ʊʃɪf,ʊʃʊf,ʊʃɪf,ʊʃʊf
ʊʃ,ʊʃɪs,ʊʃʊs,ʊʃɪs,ʊʃʊs
ʊʃ,ʊʃɪv,ʊʃʊv,ʊʃɪv,ʊʃʊv
ʊʃ,ʊʃɪz,ʊʃʊz,ʊʃɪz,ʊʃʊz
ʊʃ,ʊʃɪʃ,ʊʃʊʃ,ʊʃɪʃ,ʊʃʊʃ
ʊʃ,ʊʃɪʒ,ʊʃʊʒ,ʊʃɪʒ,ʊʃʊʒ
ʊʃ,ʊʃɪθ,ʊʃʊθ,ʊʃɪθ,ʊʃʊθ
ʊʃ,ʊʃɪð,ʊʃʊð,ʊʃɪð,ʊʃʊð
ʊʒ,ʊʒɪm,ʊʒʊm,ʊʒɪm,ʊʒʊm
ʊʒ,ʊʒɪn,ʊʒʊn,ʊʒɪn,ʊʒʊn
ʊʒ,ʊʒɪŋ,ʊʒʊŋ,ʊʒɪŋ,ʊʒʊŋ
ʊʒ,ʊʒɪp,ʊʒʊp,ʊʒɪp,ʊʒʊp
ʊʒ,ʊʒɪt,ʊʒʊt,ʊʒɪt,ʊʒʊt
ʊʒ,ʊʒɪk,ʊʒʊk,ʊʒɪk,ʊʒʊk
ʊʒ,ʊʒɪb,ʊʒʊb,ʊʒɪb,ʊʒʊb
ʊʒ,ʊʒɪd,ʊʒʊd,ʊʒɪd,ʊʒʊd
ʊʒ,ʊʒɪg,ʊʒʊg,ʊʒɪg,ʊʒʊg
ʊʒ,ʊʒɪf,ʊʒʊf,ʊʒɪf,ʊʒʊf
ʊʒ,ʊʒɪs,ʊʒʊs,ʊʒɪs,ʊʒʊs
ʊʒ,ʊʒɪv,ʊʒʊv,ʊʒɪv,ʊʒʊv
ʊʒ,ʊʒɪz,ʊʒʊz,ʊʒɪz,ʊʒʊz
ʊʒ,ʊʒɪʃ,ʊʒʊʃ,ʊʒɪʃ,ʊʒʊʃ
ʊʒ,ʊʒɪʒ,ʊʒʊʒ,ʊʒɪʒ,ʊʒʊʒ
ʊʒ,ʊʒɪθ,ʊʒʊθ,ʊʒɪθ,ʊʒʊθ
ʊʒ,ʊʒɪð,ʊʒʊð,ʊʒɪð,ʊʒʊð
ʊθ,ʊθɪm,ʊθʊm,ʊθɪm,ʊθʊm
ʊθ,ʊθɪn,ʊθʊn,ʊθɪn,ʊθʊn
ʊθ,ʊθɪŋ,ʊθʊŋ,ʊθɪŋ,ʊθʊŋ
ʊθ,ʊθɪp,ʊθʊp,ʊθɪp,ʊθʊp
ʊθ,ʊθɪt,ʊθʊt,ʊθɪt,ʊθʊt
ʊθ,ʊθɪk,ʊθʊk,ʊθɪk,ʊθʊk
ʊθ,ʊθɪb,ʊθʊb,ʊθɪb,ʊθʊb
ʊθ,ʊθɪd,ʊθʊd,ʊθɪd,ʊθʊd
ʊθ,ʊθɪg,ʊθʊg,ʊθɪg,ʊθʊg
ʊθ,ʊθɪf,ʊθʊf,ʊθɪf,ʊθʊf
ʊθ,ʊθɪs,ʊθʊs,ʊθɪs,ʊθʊs
ʊθ,ʊθɪv,ʊθʊv,ʊθɪv,ʊθʊv
ʊθ,ʊθɪz,ʊθʊz,ʊθɪz,ʊθʊz
ʊθ,ʊθɪʃ,ʊθʊʃ,ʊθɪʃ,ʊθʊʃ
ʊθ,ʊθɪʒ,ʊθʊʒ,ʊθɪʒ,ʊθʊʒ
ʊθ,ʊθɪθ,ʊθʊθ,ʊθɪθ,ʊθʊθ
ʊθ,ʊθɪð,ʊθʊð,ʊθɪð,ʊθʊð
ʊð,ʊðɪm,ʊðʊm,ʊðɪm,ʊðʊm
ʊð,ʊðɪn,ʊðʊn,ʊðɪn,ʊðʊn
ʊð,ʊðɪŋ,ʊðʊŋ,ʊðɪŋ,ʊðʊŋ
ʊð,ʊðɪp,ʊðʊp,ʊðɪp,ʊðʊp
ʊð,ʊðɪt,ʊðʊt,ʊðɪt,ʊðʊt
ʊð,ʊðɪk,ʊðʊk,ʊðɪk,ʊðʊk
ʊð,ʊðɪb,ʊðʊb,ʊðɪb,ʊðʊb
ʊð,ʊðɪd,ʊðʊd,ʊðɪd,ʊðʊd
ʊð,ʊðɪg,ʊðʊg,ʊðɪg,ʊðʊg
ʊð,ʊðɪf,ʊðʊf,ʊðɪf,ʊðʊf
ʊð,ʊðɪs,ʊðʊs,ʊðɪs,ʊðʊs
ʊð,ʊðɪv,ʊðʊv,ʊðɪv,ʊðʊv
ʊð,ʊðɪz,ʊðʊz,ʊðɪz,ʊðʊz
ʊð,ʊðɪʃ,ʊðʊʃ,ʊðɪʃ,ʊðʊʃ
ʊð,ʊðɪʒ,ʊðʊʒ,ʊðɪʒ,ʊðʊʒ
ʊð,ʊðɪθ,ʊðʊθ,ʊðɪθ,ʊðʊθ
ʊð,ʊðɪð,ʊðʊð,ʊðɪð,ʊðʊð
ʊm,ʊmɛm,ʊmɔm,ʊmɛm,ʊmɔm
ʊm,ʊmɛn,ʊmɔn,ʊmɛn,ʊmɔn
ʊm,ʊmɛŋ,ʊmɔŋ,ʊmɛŋ,ʊmɔŋ
ʊm,ʊmɛp,ʊmɔp,ʊmɛp,ʊmɔp
ʊm,ʊmɛt,ʊmɔt,ʊmɛt,ʊmɔt
ʊm,ʊmɛk,ʊmɔk,ʊmɛk,ʊmɔk
ʊm,ʊmɛb,ʊmɔb,ʊmɛb,ʊmɔb
ʊm,ʊmɛd,ʊmɔd,ʊmɛd,ʊmɔd
ʊm,ʊmɛg,ʊmɔg,ʊmɛg,ʊmɔg
ʊm,ʊmɛf,ʊmɔf,ʊmɛf,ʊmɔf
ʊm,ʊmɛs,ʊmɔs,ʊmɛs,ʊmɔs
ʊm,ʊmɛv,ʊmɔv,ʊmɛv,ʊmɔv
ʊm,ʊmɛz,ʊmɔz,ʊmɛz,ʊmɔz
ʊm,ʊmɛʃ,ʊmɔʃ,ʊmɛʃ,ʊmɔʃ
ʊm,ʊmɛʒ,ʊmɔʒ,ʊmɛʒ,ʊmɔʒ
ʊm,ʊmɛθ,ʊmɔθ,ʊmɛθ,ʊmɔθ
ʊm,ʊmɛð,ʊmɔð,ʊmɛð,ʊmɔð
ʊn,ʊnɛm,ʊnɔm,ʊnɛm,ʊnɔm
ʊn,ʊnɛn,ʊnɔn,ʊnɛn,ʊnɔn
ʊn,ʊnɛŋ,ʊnɔŋ,ʊnɛŋ,ʊnɔŋ
ʊn,ʊnɛp,ʊnɔp,ʊnɛp,ʊnɔp
ʊn,ʊnɛt,ʊnɔt,ʊnɛt,ʊnɔt
ʊn,ʊnɛk,ʊnɔk,ʊnɛk,ʊnɔk
ʊn,ʊnɛb,ʊnɔb,ʊnɛb,ʊnɔb
ʊn,ʊnɛd,ʊnɔd,ʊnɛd,ʊnɔd
ʊn,ʊnɛg,ʊnɔg,ʊnɛg,ʊnɔg
ʊn,ʊnɛf,ʊnɔf,ʊnɛf,ʊnɔf
ʊn,ʊnɛs,ʊnɔs,ʊnɛs,ʊnɔs
ʊn,ʊnɛv,ʊnɔv,ʊnɛv,ʊnɔv
ʊn,ʊnɛz,ʊnɔz,ʊnɛz,ʊnɔz
ʊn,ʊnɛʃ,ʊnɔʃ,ʊnɛʃ,ʊnɔʃ
ʊn,ʊnɛʒ,ʊnɔʒ,ʊnɛʒ,ʊnɔʒ
ʊn,ʊnɛθ,ʊnɔθ,ʊnɛθ,ʊnɔθ
ʊn,ʊnɛð,ʊnɔð,ʊnɛð,ʊnɔð
ʊŋ,ʊŋɛm,ʊŋɔm,ʊŋɛm,ʊŋɔm
ʊŋ,ʊŋɛn,ʊŋɔn,ʊŋɛn,ʊŋɔn
ʊŋ,ʊŋɛŋ,ʊŋɔŋ,ʊŋɛŋ,ʊŋɔŋ
ʊŋ,ʊŋɛp,ʊŋɔp,ʊŋɛp,ʊŋɔp
ʊŋ,ʊŋɛt,ʊŋɔt,ʊŋɛt,ʊŋɔt
ʊŋ,ʊŋɛk,ʊŋɔk,ʊŋɛk,ʊŋɔk
ʊŋ,ʊŋɛb,ʊŋɔb,ʊŋɛb,ʊŋɔb
ʊŋ,ʊŋɛd,ʊŋɔd,ʊŋɛd,ʊŋɔd
ʊŋ,ʊŋɛg,ʊŋɔg,ʊŋɛg,ʊŋɔg
ʊŋ,ʊŋɛf,ʊŋɔf,ʊŋɛf,ʊŋɔf
ʊŋ,ʊŋɛs,ʊŋɔs,ʊŋɛs,ʊŋɔs
ʊŋ,ʊŋɛv,ʊŋɔv,ʊŋɛv,ʊŋɔv
ʊŋ,ʊŋɛz,ʊŋɔz,ʊŋɛz,ʊŋɔz
ʊŋ,ʊŋɛʃ,ʊŋɔʃ,ʊŋɛʃ,ʊŋɔʃ
ʊŋ,ʊŋɛʒ,ʊŋɔʒ,ʊŋɛʒ,ʊŋɔʒ
ʊŋ,ʊŋɛθ,ʊŋɔθ,ʊŋɛθ,ʊŋɔθ
ʊŋ,ʊŋɛð,ʊŋɔð,ʊŋɛð,ʊŋɔð
ʊp,ʊpɛm,ʊpɔm,ʊpɛm,ʊpɔm
ʊp,ʊpɛn,ʊpɔn,ʊpɛn,ʊpɔn
ʊp,ʊpɛŋ,ʊpɔŋ,ʊpɛŋ,ʊpɔŋ
ʊp,ʊpɛp,ʊpɔp,ʊpɛp,ʊpɔp
ʊp,ʊpɛt,ʊpɔt,ʊpɛt,ʊpɔt
ʊp,ʊpɛk,ʊpɔk,ʊpɛk,ʊpɔk
ʊp,ʊpɛb,ʊpɔb,ʊpɛb,ʊpɔb
ʊp,ʊpɛd,ʊpɔd,ʊpɛd,ʊpɔd
ʊp,ʊpɛg,ʊpɔg,ʊpɛg,ʊpɔg
ʊp,ʊpɛf,ʊpɔf,ʊpɛf,ʊpɔf
ʊp,ʊpɛs,ʊpɔs,ʊpɛs,ʊpɔs
ʊp,ʊpɛv,ʊpɔv,ʊpɛv,ʊpɔv
ʊp,ʊpɛz,ʊpɔz,ʊpɛz,ʊpɔz
ʊp,ʊpɛʃ,ʊpɔʃ,ʊpɛʃ,ʊpɔʃ
ʊp,ʊpɛʒ,ʊpɔʒ,ʊpɛʒ,ʊpɔʒ
ʊp,ʊpɛθ,ʊpɔθ,ʊpɛθ,ʊpɔθ
ʊp,ʊpɛð,ʊpɔð,ʊpɛð,ʊpɔð
ʊt,ʊtɛm,ʊtɔm,ʊtɛm,ʊtɔm
ʊt,ʊtɛn,ʊtɔn,ʊtɛn,ʊtɔn
ʊt,ʊtɛŋ,ʊtɔŋ,ʊtɛŋ,ʊtɔŋ
ʊt,ʊtɛp,ʊtɔp,ʊtɛp,ʊtɔp
ʊt,ʊtɛt,ʊtɔt,ʊtɛt,ʊtɔt
ʊt,ʊtɛk,ʊtɔk,ʊtɛk,ʊtɔk
ʊt,ʊtɛb,ʊtɔb,ʊtɛb,ʊtɔb
ʊt,ʊtɛd,ʊtɔd,ʊtɛd,ʊtɔd
ʊt,ʊtɛg,ʊtɔg,ʊtɛg,ʊtɔg
ʊt,ʊtɛf,ʊtɔf,ʊtɛf,ʊtɔf
ʊt,ʊtɛs,ʊtɔs,ʊtɛs,ʊtɔs
ʊt,ʊtɛv,ʊtɔv,ʊtɛv,ʊtɔv
ʊt,ʊtɛz,ʊtɔz,ʊtɛz,ʊtɔz
ʊt,ʊtɛʃ,ʊtɔʃ,ʊtɛʃ,ʊtɔʃ
ʊt,ʊtɛʒ,ʊtɔʒ,ʊtɛʒ,ʊtɔʒ
ʊt,ʊtɛθ,ʊtɔθ,ʊtɛθ,ʊtɔθ
ʊt,ʊtɛð,ʊtɔð,ʊtɛð,ʊtɔð
ʊk,ʊkɛm,ʊkɔm,ʊkɛm,ʊkɔm
ʊk,ʊkɛn,ʊkɔn,ʊkɛn,ʊkɔn
ʊk,ʊkɛŋ,ʊkɔŋ,ʊkɛŋ,ʊkɔŋ
ʊk,ʊkɛp,ʊkɔp,ʊkɛp,ʊkɔp
ʊk,ʊkɛt,ʊkɔt,ʊkɛt,ʊkɔt
ʊk,ʊkɛk,ʊkɔk,ʊkɛk,ʊkɔk
ʊk,ʊkɛb,ʊkɔb,ʊkɛb,ʊkɔb
ʊk,ʊkɛd,ʊkɔd,ʊkɛd,ʊkɔd
ʊk,ʊkɛg,ʊkɔg,ʊkɛg,ʊkɔg
ʊk,ʊkɛf,ʊkɔf,ʊkɛf,ʊkɔf
ʊk,ʊkɛs,ʊkɔs,ʊkɛs,ʊkɔs
ʊk,ʊkɛv,ʊkɔv,ʊkɛv,ʊkɔv
ʊk,ʊkɛz,ʊkɔz,ʊkɛz,ʊkɔz
ʊk,ʊkɛʃ,ʊkɔʃ,ʊkɛʃ,ʊkɔʃ
ʊk,ʊkɛʒ,ʊkɔʒ,ʊkɛʒ,ʊkɔʒ
ʊk,ʊkɛθ,ʊkɔθ,ʊkɛθ,ʊkɔθ
ʊk,ʊkɛð,ʊkɔð,ʊkɛð,ʊkɔð
ʊb,ʊbɛm,ʊbɔm,ʊbɛm,ʊbɔm
ʊb,ʊbɛn,ʊbɔn,ʊbɛn,ʊbɔn
ʊb,ʊbɛŋ,ʊbɔŋ,ʊbɛŋ,ʊbɔŋ
ʊb,ʊbɛp,ʊbɔp,ʊbɛp,ʊbɔp
ʊb,ʊbɛt,ʊbɔt,ʊbɛt,ʊbɔt
ʊb,ʊbɛk,ʊbɔk,ʊbɛk,ʊbɔk
ʊb,ʊbɛb,ʊbɔb,ʊbɛb,ʊbɔb
ʊb,ʊbɛd,ʊbɔd,ʊbɛd,ʊbɔd
ʊb,ʊbɛg,ʊbɔg,ʊbɛg,ʊbɔg
ʊb,ʊbɛf,ʊbɔf,ʊbɛf,ʊbɔf
ʊb,ʊbɛs,ʊbɔs,ʊbɛs,ʊbɔs
ʊb,ʊbɛv,ʊbɔv,ʊbɛv,ʊbɔv
ʊb,ʊbɛz,ʊbɔz,ʊbɛz,ʊbɔz
ʊb,ʊbɛʃ,ʊbɔʃ,ʊbɛʃ,ʊbɔʃ
ʊb,ʊbɛʒ,ʊbɔʒ,ʊbɛʒ,ʊbɔʒ
ʊb,ʊbɛθ,ʊbɔθ,ʊbɛθ,ʊbɔθ
ʊb,ʊbɛð,ʊbɔð,ʊbɛð,ʊbɔð
ʊd,ʊdɛm,ʊdɔm,ʊdɛm,ʊdɔm
ʊd,ʊdɛn,ʊdɔn,ʊdɛn,ʊdɔn
ʊd,ʊdɛŋ,ʊdɔŋ,ʊdɛŋ,ʊdɔŋ
ʊd,ʊdɛp,ʊdɔp,ʊdɛp,ʊdɔp
ʊd,ʊdɛt,ʊdɔt,ʊdɛt,ʊdɔt
ʊd,ʊdɛk,ʊdɔk,ʊdɛk,ʊdɔk
ʊd,ʊdɛb,ʊdɔb,ʊdɛb,ʊdɔb
ʊd,ʊdɛd,ʊdɔd,ʊdɛd,ʊdɔd
ʊd,ʊdɛg,ʊdɔg,ʊdɛg,ʊdɔg
ʊd,ʊdɛf,ʊdɔf,ʊdɛf,ʊdɔf
ʊd,ʊdɛs,ʊdɔs,ʊdɛs,ʊdɔs
ʊd,ʊdɛv,ʊdɔv,ʊdɛv,ʊdɔv
ʊd,ʊdɛz,ʊdɔz,ʊdɛz,ʊdɔz
ʊd,ʊdɛʃ,ʊdɔʃ,ʊdɛʃ,ʊdɔʃ
ʊd,ʊdɛʒ,ʊdɔʒ,ʊdɛʒ,ʊdɔʒ
ʊd,ʊdɛθ,ʊdɔθ,ʊdɛθ,ʊdɔθ
ʊd,ʊdɛð,ʊdɔð,ʊdɛð,ʊdɔð
ʊg,ʊgɛm,ʊgɔm,ʊgɛm,ʊgɔm
ʊg,ʊgɛn,ʊgɔn,ʊgɛn,ʊgɔn
ʊg,ʊgɛŋ,ʊgɔŋ,ʊgɛŋ,ʊgɔŋ
ʊg,ʊgɛp,ʊgɔp,ʊgɛp,ʊgɔp
ʊg,ʊgɛt,ʊgɔt,ʊgɛt,ʊgɔt
ʊg,ʊgɛk,ʊgɔk,ʊgɛk,ʊgɔk
ʊg,ʊgɛb,ʊgɔb,ʊgɛb,ʊgɔb
ʊg,ʊgɛd,ʊgɔd,ʊgɛd,ʊgɔd
ʊg,ʊgɛg,ʊgɔg,ʊgɛg,ʊgɔg
ʊg,ʊgɛf,ʊgɔf,ʊgɛf,ʊgɔf
ʊg,ʊgɛs,ʊgɔs,ʊgɛs,ʊgɔs
ʊg,ʊgɛv,ʊgɔv,ʊgɛv,ʊgɔv
ʊg,ʊgɛz,ʊgɔz,ʊgɛz,ʊgɔz
ʊg,ʊgɛʃ,ʊgɔʃ,ʊgɛʃ,ʊgɔʃ
ʊg,ʊgɛʒ,ʊgɔʒ,ʊgɛʒ,ʊgɔʒ
ʊg,ʊgɛθ,ʊgɔθ,ʊgɛθ,ʊgɔθ
ʊg,ʊgɛð,ʊgɔð,ʊgɛð,ʊgɔð
ʊf,ʊfɛm,ʊfɔm,ʊfɛm,ʊfɔm
ʊf,ʊfɛn,ʊfɔn,ʊfɛn,ʊfɔn
ʊf,ʊfɛŋ,ʊfɔŋ,ʊfɛŋ,ʊfɔŋ
ʊf,ʊfɛp,ʊfɔp,ʊfɛp,ʊfɔp
ʊf,ʊfɛt,ʊfɔt,ʊfɛt,ʊfɔt
ʊf,ʊfɛk,ʊfɔk,ʊfɛk,ʊfɔk
ʊf,ʊfɛb,ʊfɔb,ʊfɛb,ʊfɔb
ʊf,ʊfɛd,ʊfɔd,ʊfɛd,ʊfɔd
ʊf,ʊfɛg,ʊfɔg,ʊfɛg,ʊfɔg
ʊf,ʊfɛf,ʊfɔf,ʊfɛf,ʊfɔf
ʊf,ʊfɛs,ʊfɔs,ʊfɛs,ʊfɔs
ʊf,ʊfɛv,ʊfɔv,ʊfɛv,ʊfɔv
ʊf,ʊfɛz,ʊfɔz,ʊfɛz,ʊfɔz
ʊf,ʊfɛʃ,ʊfɔʃ,ʊfɛʃ,ʊfɔʃ
ʊf,ʊfɛʒ,ʊfɔʒ,ʊfɛʒ,ʊfɔʒ
ʊf,ʊfɛθ,ʊfɔθ,ʊfɛθ,ʊfɔθ
ʊf,ʊfɛð,ʊfɔð,ʊfɛð,ʊfɔð
ʊs,ʊsɛm,ʊsɔm,ʊsɛm,ʊsɔm
ʊs,ʊsɛn,ʊsɔn,ʊsɛn,ʊsɔn
ʊs,ʊsɛŋ,ʊsɔŋ,ʊsɛŋ,ʊsɔŋ
ʊs,ʊsɛp,ʊsɔp,ʊsɛp,ʊsɔp
ʊs,ʊsɛt,ʊsɔt,ʊsɛt,ʊsɔt
ʊs,ʊsɛk,ʊsɔk,ʊsɛk,ʊsɔk
ʊs,ʊsɛb,ʊsɔb,ʊsɛb,ʊsɔb
ʊs,ʊsɛd,ʊsɔd,ʊsɛd,ʊsɔd
ʊs,ʊsɛg,ʊsɔg,ʊsɛg,ʊsɔg
ʊs,ʊsɛf,ʊsɔf,ʊsɛf,ʊsɔf
ʊs,ʊsɛs,ʊsɔs,ʊsɛs,ʊsɔs
ʊs,ʊsɛv,ʊsɔv,ʊsɛv,ʊsɔv
ʊs,ʊsɛz,ʊsɔz,ʊsɛz,ʊsɔz
ʊs,ʊsɛʃ,ʊsɔʃ,ʊsɛʃ,ʊsɔʃ
ʊs,ʊsɛʒ,ʊsɔʒ,ʊsɛʒ,ʊsɔʒ
ʊs,ʊsɛθ,ʊsɔθ,ʊsɛθ,ʊsɔθ
ʊs,ʊsɛð,ʊsɔð,ʊsɛð,ʊsɔð
ʊv,ʊvɛm,ʊvɔm,ʊvɛm,ʊvɔm
ʊv,ʊvɛn,ʊvɔn,ʊvɛn,ʊvɔn
ʊv,ʊvɛŋ,ʊvɔŋ,ʊvɛŋ,ʊvɔŋ
ʊv,ʊvɛp,ʊvɔp,ʊvɛp,ʊvɔp
ʊv,ʊvɛt,ʊvɔt,ʊvɛt,ʊvɔt
ʊv,ʊvɛk,ʊvɔk,ʊvɛk,ʊvɔk
ʊv,ʊvɛb,ʊvɔb,ʊvɛb,ʊvɔb
ʊv,ʊvɛd,ʊvɔd,ʊvɛd,ʊvɔd
ʊv,ʊvɛg,ʊvɔg,ʊvɛg,ʊvɔg
ʊv,ʊvɛf,ʊvɔf,ʊvɛf,ʊvɔf
ʊv,ʊvɛs,ʊvɔs,ʊvɛs,ʊvɔs
ʊv,ʊvɛv,ʊvɔv,ʊvɛv,ʊvɔv
ʊv,ʊvɛz,ʊvɔz,ʊvɛz,ʊvɔz
ʊv,ʊvɛʃ,ʊvɔʃ,ʊvɛʃ,ʊvɔʃ
ʊv,ʊvɛʒ,ʊvɔʒ,ʊvɛʒ,ʊvɔʒ
ʊv,ʊvɛθ,ʊvɔθ,ʊvɛθ,ʊvɔθ
ʊv,ʊvɛð,ʊvɔð,ʊvɛð,ʊvɔð
ʊz,ʊzɛm,ʊzɔm,ʊzɛm,ʊzɔm
ʊz,ʊzɛn,ʊzɔn,ʊzɛn,ʊzɔn
ʊz,ʊzɛŋ,ʊzɔŋ,ʊzɛŋ,ʊzɔŋ
ʊz,ʊzɛp,ʊzɔp,ʊzɛp,ʊzɔp
ʊz,ʊzɛt,ʊzɔt,ʊzɛt,ʊzɔt
ʊz,ʊzɛk,ʊzɔk,ʊzɛk,ʊzɔk
ʊz,ʊzɛb,ʊzɔb,ʊzɛb,ʊzɔb
ʊz,ʊzɛd,ʊzɔd,ʊzɛd,ʊzɔd
ʊz,ʊzɛg,ʊzɔg,ʊzɛg,ʊzɔg
ʊz,ʊzɛf,ʊzɔf,ʊzɛf,ʊzɔf
ʊz,ʊzɛs,ʊzɔs,ʊzɛs,ʊzɔs
ʊz,ʊzɛv,ʊzɔv,ʊzɛv,ʊzɔv
ʊz,ʊzɛz,ʊzɔz,ʊzɛz,ʊzɔz
ʊz,ʊzɛʃ,ʊzɔʃ,ʊzɛʃ,ʊzɔʃ
ʊz,ʊzɛʒ,ʊzɔʒ,ʊzɛʒ,ʊzɔʒ
ʊz,ʊzɛθ,ʊzɔθ,ʊzɛθ,ʊzɔθ
ʊz,ʊzɛð,ʊzɔð,ʊzɛð,ʊzɔð
ʊʃ,ʊʃɛm,ʊʃɔm,ʊʃɛm,ʊʃɔm
ʊʃ,ʊʃɛn,ʊʃɔn,ʊʃɛn,ʊʃɔn
ʊʃ,ʊʃɛŋ,ʊʃɔŋ,ʊʃɛŋ,ʊʃɔŋ
ʊʃ,ʊʃɛp,ʊʃɔp,ʊʃɛp,ʊʃɔp
ʊʃ,ʊʃɛt,ʊʃɔt,ʊʃɛt,ʊʃɔt
ʊʃ,ʊʃɛk,ʊʃɔk,ʊʃɛk,ʊʃɔk
ʊʃ,ʊʃɛb,ʊʃɔb,ʊʃɛb,ʊʃɔb
ʊʃ,ʊʃɛd,ʊʃɔd,ʊʃɛd,ʊʃɔd
ʊʃ,ʊʃɛg,ʊʃɔg,ʊʃɛg,ʊʃɔg
ʊʃ,ʊʃɛf,ʊʃɔf,ʊʃɛf,ʊʃɔf
ʊʃ,ʊʃɛs,ʊʃɔs,ʊʃɛs,ʊʃɔs
ʊʃ,ʊʃɛv,ʊʃɔv,ʊʃɛv,ʊʃɔv
ʊʃ,ʊʃɛz,ʊʃɔz,ʊʃɛz,ʊʃɔz
ʊʃ,ʊʃɛʃ,ʊʃɔʃ,ʊʃɛʃ,ʊʃɔʃ
ʊʃ,ʊʃɛʒ,ʊʃɔʒ,ʊʃɛʒ,ʊʃɔʒ
ʊʃ,ʊʃɛθ,ʊʃɔθ,ʊʃɛθ,ʊʃɔθ
ʊʃ,ʊʃɛð,ʊʃɔð,ʊʃɛð,ʊʃɔð
ʊʒ,ʊʒɛm,ʊʒɔm,ʊʒɛm,ʊʒɔm
ʊʒ,ʊʒɛn,ʊʒɔn,ʊʒɛn,ʊʒɔn
ʊʒ,ʊʒɛŋ,ʊʒɔŋ,ʊʒɛŋ,ʊʒɔŋ
ʊʒ,ʊʒɛp,ʊʒɔp,ʊʒɛp,ʊʒɔp
ʊʒ,ʊʒɛt,ʊʒɔt,ʊʒɛt,ʊʒɔt
ʊʒ,ʊʒɛk,ʊʒɔk,ʊʒɛk,ʊʒɔk
ʊʒ,ʊʒɛb,ʊʒɔb,ʊʒɛb,ʊʒɔb
ʊʒ,ʊʒɛd,ʊʒɔd,ʊʒɛd,ʊʒɔd
ʊʒ,ʊʒɛg,ʊʒɔg,ʊʒɛg,ʊʒɔg
ʊʒ,ʊʒɛf,ʊʒɔf,ʊʒɛf,ʊʒɔf
ʊʒ,ʊʒɛs,ʊʒɔs,ʊʒɛs,ʊʒɔs
ʊʒ,ʊʒɛv,ʊʒɔv,ʊʒɛv,ʊʒɔv
ʊʒ,ʊʒɛz,ʊʒɔz,ʊʒɛz,ʊʒɔz
ʊʒ,ʊʒɛʃ,ʊʒɔʃ,ʊʒɛʃ,ʊʒɔʃ
ʊʒ,ʊʒɛʒ,ʊʒɔʒ,ʊʒɛʒ,ʊʒɔʒ
ʊʒ,ʊʒɛθ,ʊʒɔθ,ʊʒɛθ,ʊʒɔθ
ʊʒ,ʊʒɛð,ʊʒɔð,ʊʒɛð,ʊʒɔð
ʊθ,ʊθɛm,ʊθɔm,ʊθɛm,ʊθɔm
ʊθ,ʊθɛn,ʊθɔn,ʊθɛn,ʊθɔn
ʊθ,ʊθɛŋ,ʊθɔŋ,ʊθɛŋ,ʊθɔŋ
ʊθ,ʊθɛp,ʊθɔp,ʊθɛp,ʊθɔp
ʊθ,ʊθɛt,ʊθɔt,ʊθɛt,ʊθɔt
ʊθ,ʊθɛk,ʊθɔk,ʊθɛk,ʊθɔk
ʊθ,ʊθɛb,ʊθɔb,ʊθɛb,ʊθɔb
ʊθ,ʊθɛd,ʊθɔd,ʊθɛd,ʊθɔd
ʊθ,ʊθɛg,ʊθɔg,ʊθɛg,ʊθɔg
ʊθ,ʊθɛf,ʊθɔf,ʊθɛf,ʊθɔf
ʊθ,ʊθɛs,ʊθɔs,ʊθɛs,ʊθɔs
ʊθ,ʊθɛv,ʊθɔv,ʊθɛv,ʊθɔv
ʊθ,ʊθɛz,ʊθɔz,ʊθɛz,ʊθɔz
ʊθ,ʊθɛʃ,ʊθɔʃ,ʊθɛʃ,ʊθɔʃ
ʊθ,ʊθɛʒ,ʊθɔʒ,ʊθɛʒ,ʊθɔʒ
ʊθ,ʊθɛθ,ʊθɔθ,ʊθɛθ,ʊθɔθ
ʊθ,ʊθɛð,ʊθɔð,ʊθɛð,ʊθɔð
ʊð,ʊðɛm,ʊðɔm,ʊðɛm,ʊðɔm
ʊð,ʊðɛn,ʊðɔn,ʊðɛn,ʊðɔn
ʊð,ʊðɛŋ,ʊðɔŋ,ʊðɛŋ,ʊðɔŋ
ʊð,ʊðɛp,ʊðɔp,ʊðɛp,ʊðɔp
ʊð,ʊðɛt,ʊðɔt,ʊðɛt,ʊðɔt
ʊð,ʊðɛk,ʊðɔk,ʊðɛk,ʊðɔk
ʊð,ʊðɛb,ʊðɔb,ʊðɛb,ʊðɔb
ʊð,ʊðɛd,ʊðɔd,ʊðɛd,ʊðɔd
ʊð,ʊðɛg,ʊðɔg,ʊðɛg,ʊðɔg
ʊð,ʊðɛf,ʊðɔf,ʊðɛf,ʊðɔf
ʊð,ʊðɛs,ʊðɔs,ʊðɛs,ʊðɔs
ʊð,ʊðɛv,ʊðɔv,ʊðɛv,ʊðɔv
ʊð,ʊðɛz,ʊðɔz,ʊðɛz,ʊðɔz
ʊð,ʊðɛʃ,ʊðɔʃ,ʊðɛʃ,ʊðɔʃ
ʊð,ʊðɛʒ,ʊðɔʒ,ʊðɛʒ,ʊðɔʒ
ʊð,ʊðɛθ,ʊðɔθ,ʊðɛθ,ʊðɔθ
ʊð,ʊðɛð,ʊðɔð,ʊðɛð,ʊðɔð
ʊm,ʊmʊm,ʊmʊm,ʊmʊm,ʊmʊm
ʊm,ʊmʊn,ʊmʊn,ʊmʊn,ʊmʊn
ʊm,ʊmʊŋ,ʊmʊŋ,ʊmʊŋ,ʊmʊŋ
ʊm,ʊmʊp,ʊmʊp,ʊmʊp,ʊmʊp
ʊm,ʊmʊt,ʊmʊt,ʊmʊt,ʊmʊt
ʊm,ʊmʊk,ʊmʊk,ʊmʊk,ʊmʊk
ʊm,ʊmʊb,ʊmʊb,ʊmʊb,ʊmʊb
ʊm,ʊmʊd,ʊmʊd,ʊmʊd,ʊmʊd
ʊm,ʊmʊg,ʊmʊg,ʊmʊg,ʊmʊg
ʊm,ʊmʊf,ʊmʊf,ʊmʊf,ʊmʊf
ʊm,ʊmʊs,ʊmʊs,ʊmʊs,ʊmʊs
ʊm,ʊmʊv,ʊmʊv,ʊmʊv,ʊmʊv
ʊm,ʊmʊz,ʊmʊz,ʊmʊz,ʊmʊz
ʊm,ʊmʊʃ,ʊmʊʃ,ʊmʊʃ,ʊmʊʃ
ʊm,ʊmʊʒ,ʊmʊʒ,ʊmʊʒ,ʊmʊʒ
ʊm,ʊmʊθ,ʊmʊθ,ʊmʊθ,ʊmʊθ
ʊm,ʊmʊð,ʊmʊð,ʊmʊð,ʊmʊð
ʊn,ʊnʊm,ʊnʊm,ʊnʊm,ʊnʊm
ʊn,ʊnʊn,ʊnʊn,ʊnʊn,ʊnʊn
ʊn,ʊnʊŋ,ʊnʊŋ,ʊnʊŋ,ʊnʊŋ
ʊn,ʊnʊp,ʊnʊp,ʊnʊp,ʊnʊp
ʊn,ʊnʊt,ʊnʊt,ʊnʊt,ʊnʊt
ʊn,ʊnʊk,ʊnʊk,ʊnʊk,ʊnʊk
ʊn,ʊnʊb,ʊnʊb,ʊnʊb,ʊnʊb
ʊn,ʊnʊd,ʊnʊd,ʊnʊd,ʊnʊd
ʊn,ʊnʊg,ʊnʊg,ʊnʊg,ʊnʊg
ʊn,ʊnʊf,ʊnʊf,ʊnʊf,ʊnʊf
ʊn,ʊnʊs,ʊnʊs,ʊnʊs,ʊnʊs
ʊn,ʊnʊv,ʊnʊv,ʊnʊv,ʊnʊv
ʊn,ʊnʊz,ʊnʊz,ʊnʊz,ʊnʊz
ʊn,ʊnʊʃ,ʊnʊʃ,ʊnʊʃ,ʊnʊʃ
ʊn,ʊnʊʒ,ʊnʊʒ,ʊnʊʒ,ʊnʊʒ
ʊn,ʊnʊθ,ʊnʊθ,ʊnʊθ,ʊnʊθ
ʊn,ʊnʊð,ʊnʊð,ʊnʊð,ʊnʊð
ʊŋ,ʊŋʊm,ʊŋʊm,ʊŋʊm,ʊŋʊm
ʊŋ,ʊŋʊn,ʊŋʊn,ʊŋʊn,ʊŋʊn
ʊŋ,ʊŋʊŋ,ʊŋʊŋ,ʊŋʊŋ,ʊŋʊŋ
ʊŋ,ʊŋʊp,ʊŋʊp,ʊŋʊp,ʊŋʊp
ʊŋ,ʊŋʊt,ʊŋʊt,ʊŋʊt,ʊŋʊt
ʊŋ,ʊŋʊk,ʊŋʊk,ʊŋʊk,ʊŋʊk
ʊŋ,ʊŋʊb,ʊŋʊb,ʊŋʊb,ʊŋʊb
ʊŋ,ʊŋʊd,ʊŋʊd,ʊŋʊd,ʊŋʊd
ʊŋ,ʊŋʊg,ʊŋʊg,ʊŋʊg,ʊŋʊg
ʊŋ,ʊŋʊf,ʊŋʊf,ʊŋʊf,ʊŋʊf
ʊŋ,ʊŋʊs,ʊŋʊs,ʊŋʊs,ʊŋʊs
ʊŋ,ʊŋʊv,ʊŋʊv,ʊŋʊv,ʊŋʊv
ʊŋ,ʊŋʊz,ʊŋʊz,ʊŋʊz,ʊŋʊz
ʊŋ,ʊŋʊʃ,ʊŋʊʃ,ʊŋʊʃ,ʊŋʊʃ
ʊŋ,ʊŋʊʒ,ʊŋʊʒ,ʊŋʊʒ,ʊŋʊʒ
ʊŋ,ʊŋʊθ,ʊŋʊθ,ʊŋʊθ,ʊŋʊθ
ʊŋ,ʊŋʊð,ʊŋʊð,ʊŋʊð,ʊŋʊð
ʊp,ʊpʊm,ʊpʊm,ʊpʊm,ʊpʊm
ʊp,ʊpʊn,ʊpʊn,ʊpʊn,ʊpʊn
ʊp,ʊpʊŋ,ʊpʊŋ,ʊpʊŋ,ʊpʊŋ
ʊp,ʊpʊp,ʊpʊp,ʊpʊp,ʊpʊp
ʊp,ʊpʊt,ʊpʊt,ʊpʊt,ʊpʊt
ʊp,ʊpʊk,ʊpʊk,ʊpʊk,ʊpʊk
ʊp,ʊpʊb,ʊpʊb,ʊpʊb,ʊpʊb
ʊp,ʊpʊd,ʊpʊd,ʊpʊd,ʊpʊd
ʊp,ʊpʊg,ʊpʊg,ʊpʊg,ʊpʊg
ʊp,ʊpʊf,ʊpʊf,ʊpʊf,ʊpʊf
ʊp,ʊpʊs,ʊpʊs,ʊpʊs,ʊpʊs
ʊp,ʊpʊv,ʊpʊv,ʊpʊv,ʊpʊv
ʊp,ʊpʊz,ʊpʊz,ʊpʊz,ʊpʊz
ʊp,ʊpʊʃ,ʊpʊʃ,ʊpʊʃ,ʊpʊʃ
ʊp,ʊpʊʒ,ʊpʊʒ,ʊpʊʒ,ʊpʊʒ
ʊp,ʊpʊθ,ʊpʊθ,ʊpʊθ,ʊpʊθ
ʊp,ʊpʊð,ʊpʊð,ʊpʊð,ʊpʊð
ʊt,ʊtʊm,ʊtʊm,ʊtʊm,ʊtʊm
ʊt,ʊtʊn,ʊtʊn,ʊtʊn,ʊtʊn
ʊt,ʊtʊŋ,ʊtʊŋ,ʊtʊŋ,ʊtʊŋ
ʊt,ʊtʊp,ʊtʊp,ʊtʊp,ʊtʊp
ʊt,ʊtʊt,ʊtʊt,ʊtʊt,ʊtʊt
ʊt,ʊtʊk,ʊtʊk,ʊtʊk,ʊtʊk
ʊt,ʊtʊb,ʊtʊb,ʊtʊb,ʊtʊb
ʊt,ʊtʊd,ʊtʊd,ʊtʊd,ʊtʊd
ʊt,ʊtʊg,ʊtʊg,ʊtʊg,ʊtʊg
ʊt,ʊtʊf,ʊtʊf,ʊtʊf,ʊtʊf
ʊt,ʊtʊs,ʊtʊs,ʊtʊs,ʊtʊs
ʊt,ʊtʊv,ʊtʊv,ʊtʊv,ʊtʊv
ʊt,ʊtʊz,ʊtʊz,ʊtʊz,ʊtʊz
ʊt,ʊtʊʃ,ʊtʊʃ,ʊtʊʃ,ʊtʊʃ
ʊt,ʊtʊʒ,ʊtʊʒ,ʊtʊʒ,ʊtʊʒ
ʊt,ʊtʊθ,ʊtʊθ,ʊtʊθ,ʊtʊθ
ʊt,ʊtʊð,ʊtʊð,ʊtʊð,ʊtʊð
ʊk,ʊkʊm,ʊkʊm,ʊkʊm,ʊkʊm
ʊk,ʊkʊn,ʊkʊn,ʊkʊn,ʊkʊn
ʊk,ʊkʊŋ,ʊkʊŋ,ʊkʊŋ,ʊkʊŋ
ʊk,ʊkʊp,ʊkʊp,ʊkʊp,ʊkʊp
ʊk,ʊkʊt,ʊkʊt,ʊkʊt,ʊkʊt
ʊk,ʊkʊk,ʊkʊk,ʊkʊk,ʊkʊk
ʊk,ʊkʊb,ʊkʊb,ʊkʊb,ʊkʊb
ʊk,ʊkʊd,ʊkʊd,ʊkʊd,ʊkʊd
ʊk,ʊkʊg,ʊkʊg,ʊkʊg,ʊkʊg
ʊk,ʊkʊf,ʊkʊf,ʊkʊf,ʊkʊf
ʊk,ʊkʊs,ʊkʊs,ʊkʊs,ʊkʊs
ʊk,ʊkʊv,ʊkʊv,ʊkʊv,ʊkʊv
ʊk,ʊkʊz,ʊkʊz,ʊkʊz,ʊkʊz
ʊk,ʊkʊʃ,ʊkʊʃ,ʊkʊʃ,ʊkʊʃ
ʊk,ʊkʊʒ,ʊkʊʒ,ʊkʊʒ,ʊkʊʒ
ʊk,ʊkʊθ,ʊkʊθ,ʊkʊθ,ʊkʊθ
ʊk,ʊkʊð,ʊkʊð,ʊkʊð,ʊkʊð
ʊb,ʊbʊm,ʊbʊm,ʊbʊm,ʊbʊm
ʊb,ʊbʊn,ʊbʊn,ʊbʊn,ʊbʊn
ʊb,ʊbʊŋ,ʊbʊŋ,ʊbʊŋ,ʊbʊŋ
ʊb,ʊbʊp,ʊbʊp,ʊbʊp,ʊbʊp
ʊb,ʊbʊt,ʊbʊt,ʊbʊt,ʊbʊt
ʊb,ʊbʊk,ʊbʊk,ʊbʊk,ʊbʊk
ʊb,ʊbʊb,ʊbʊb,ʊbʊb,ʊbʊb
ʊb,ʊbʊd,ʊbʊd,ʊbʊd,ʊbʊd
ʊb,ʊbʊg,ʊbʊg,ʊbʊg,ʊbʊg
ʊb,ʊbʊf,ʊbʊf,ʊbʊf,ʊbʊf
ʊb,ʊbʊs,ʊbʊs,ʊbʊs,ʊbʊs
ʊb,ʊbʊv,ʊbʊv,ʊbʊv,ʊbʊv
ʊb,ʊbʊz,ʊbʊz,ʊbʊz,ʊbʊz
ʊb,ʊbʊʃ,ʊbʊʃ,ʊbʊʃ,ʊbʊʃ
ʊb,ʊbʊʒ,ʊbʊʒ,ʊbʊʒ,ʊbʊʒ
ʊb,ʊbʊθ,ʊbʊθ,ʊbʊθ,ʊbʊθ
ʊb,ʊbʊð,ʊbʊð,ʊbʊð,ʊbʊð
ʊd,ʊdʊm,ʊdʊm,ʊdʊm,ʊdʊm
ʊd,ʊdʊn,ʊdʊn,ʊdʊn,ʊdʊn
ʊd,ʊdʊŋ,ʊdʊŋ,ʊdʊŋ,ʊdʊŋ
ʊd,ʊdʊp,ʊdʊp,ʊdʊp,ʊdʊp
ʊd,ʊdʊt,ʊdʊt,ʊdʊt,ʊdʊt
ʊd,ʊdʊk,ʊdʊk,ʊdʊk,ʊdʊk
ʊd,ʊdʊb,ʊdʊb,ʊdʊb,ʊdʊb
ʊd,ʊdʊd,ʊdʊd,ʊdʊd,ʊdʊd
ʊd,ʊdʊg,ʊdʊg,ʊdʊg,ʊdʊg
ʊd,ʊdʊf,ʊdʊf,ʊdʊf,ʊdʊf
ʊd,ʊdʊs,ʊdʊs,ʊdʊs,ʊdʊs
ʊd,ʊdʊv,ʊdʊv,ʊdʊv,ʊdʊv
ʊd,ʊdʊz,ʊdʊz,ʊdʊz,ʊdʊz
ʊd,ʊdʊʃ,ʊdʊʃ,ʊdʊʃ,ʊdʊʃ
ʊd,ʊdʊʒ,ʊdʊʒ,ʊdʊʒ,ʊdʊʒ
ʊd,ʊdʊθ,ʊdʊθ,ʊdʊθ,ʊdʊθ
ʊd,ʊdʊð,ʊdʊð,ʊdʊð,ʊdʊð
ʊg,ʊgʊm,ʊgʊm,ʊgʊm,ʊgʊm
ʊg,ʊgʊn,ʊgʊn,ʊgʊn,ʊgʊn
ʊg,ʊgʊŋ,ʊgʊŋ,ʊgʊŋ,ʊgʊŋ
ʊg,ʊgʊp,ʊgʊp,ʊgʊp,ʊgʊp
ʊg,ʊgʊt,ʊgʊt,ʊgʊt,ʊgʊt
ʊg,ʊgʊk,ʊgʊk,ʊgʊk,ʊgʊk
ʊg,ʊgʊb,ʊgʊb,ʊgʊb,ʊgʊb
ʊg,ʊgʊd,ʊgʊd,ʊgʊd,ʊgʊd
ʊg,ʊgʊg,ʊgʊg,ʊgʊg,ʊgʊg
ʊg,ʊgʊf,ʊgʊf,ʊgʊf,ʊgʊf
ʊg,ʊgʊs,ʊgʊs,ʊgʊs,ʊgʊs
ʊg,ʊgʊv,ʊgʊv,ʊgʊv,ʊgʊv
ʊg,ʊgʊz,ʊgʊz,ʊgʊz,ʊgʊz
ʊg,ʊgʊʃ,ʊgʊʃ,ʊgʊʃ,ʊgʊʃ
ʊg,ʊgʊʒ,ʊgʊʒ,ʊgʊʒ,ʊgʊʒ
ʊg,ʊgʊθ,ʊgʊθ,ʊgʊθ,ʊgʊθ
ʊg,ʊgʊð,ʊgʊð,ʊgʊð,ʊgʊð
ʊf,ʊfʊm,ʊfʊm,ʊfʊm,ʊfʊm
ʊf,ʊfʊn,ʊfʊn,ʊfʊn,ʊfʊn
ʊf,ʊfʊŋ,ʊfʊŋ,ʊfʊŋ,ʊfʊŋ
ʊf,ʊfʊp,ʊfʊp,ʊfʊp,ʊfʊp
ʊf,ʊfʊt,ʊfʊt,ʊfʊt,ʊfʊt
ʊf,ʊfʊk,ʊfʊk,ʊfʊk,ʊfʊk
ʊf,ʊfʊb,ʊfʊb,ʊfʊb,ʊfʊb
ʊf,ʊfʊd,ʊfʊd,ʊfʊd,ʊfʊd
ʊf,ʊfʊg,ʊfʊg,ʊfʊg,ʊfʊg
ʊf,ʊfʊf,ʊfʊf,ʊfʊf,ʊfʊf
ʊf,ʊfʊs,ʊfʊs,ʊfʊs,ʊfʊs
ʊf,ʊfʊv,ʊfʊv,ʊfʊv,ʊfʊv
ʊf,ʊfʊz,ʊfʊz,ʊfʊz,ʊfʊz
ʊf,ʊfʊʃ,ʊfʊʃ,ʊfʊʃ,ʊfʊʃ
ʊf,ʊfʊʒ,ʊfʊʒ,ʊfʊʒ,ʊfʊʒ
ʊf,ʊfʊθ,ʊfʊθ,ʊfʊθ,ʊfʊθ
ʊf,ʊfʊð,ʊfʊð,ʊfʊð,ʊfʊð
ʊs,ʊsʊm,ʊsʊm,ʊsʊm,ʊsʊm
ʊs,ʊsʊn,ʊsʊn,ʊsʊn,ʊsʊn
ʊs,ʊsʊŋ,ʊsʊŋ,ʊsʊŋ,ʊsʊŋ
ʊs,ʊsʊp,ʊsʊp,ʊsʊp,ʊsʊp
ʊs,ʊsʊt,ʊsʊt,ʊsʊt,ʊsʊt
ʊs,ʊsʊk,ʊsʊk,ʊsʊk,ʊsʊk
ʊs,ʊsʊb,ʊsʊb,ʊsʊb,ʊsʊb
ʊs,ʊsʊd,ʊsʊd,ʊsʊd,ʊsʊd
ʊs,ʊsʊg,ʊsʊg,ʊsʊg,ʊsʊg
ʊs,ʊsʊf,ʊsʊf,ʊsʊf,ʊsʊf
ʊs,ʊsʊs,ʊsʊs,ʊsʊs,ʊsʊs
ʊs,ʊsʊv,ʊsʊv,ʊsʊv,ʊsʊv
ʊs,ʊsʊz,ʊsʊz,ʊsʊz,ʊsʊz
ʊs,ʊsʊʃ,ʊsʊʃ,ʊsʊʃ,ʊsʊʃ
ʊs,ʊsʊʒ,ʊsʊʒ,ʊsʊʒ,ʊsʊʒ
ʊs,ʊsʊθ,ʊsʊθ,ʊsʊθ,ʊsʊθ
ʊs,ʊsʊð,ʊsʊð,ʊsʊð,ʊsʊð
ʊv,ʊvʊm,ʊvʊm,ʊvʊm,ʊvʊm
ʊv,ʊvʊn,ʊvʊn,ʊvʊn,ʊvʊn
ʊv,ʊvʊŋ,ʊvʊŋ,ʊvʊŋ,ʊvʊŋ
ʊv,ʊvʊp,ʊvʊp,ʊvʊp,ʊvʊp
ʊv,ʊvʊt,ʊvʊt,ʊvʊt,ʊvʊt
ʊv,ʊvʊk,ʊvʊk,ʊvʊk,ʊvʊk
ʊv,ʊvʊb,ʊvʊb,ʊvʊb,ʊvʊb
ʊv,ʊvʊd,ʊvʊd,ʊvʊd,ʊvʊd
ʊv,ʊvʊg,ʊvʊg,ʊvʊg,ʊvʊg
ʊv,ʊvʊf,ʊvʊf,ʊvʊf,ʊvʊf
ʊv,ʊvʊs,ʊvʊs,ʊvʊs,ʊvʊs
ʊv,ʊvʊv,ʊvʊv,ʊvʊv,ʊvʊv
ʊv,ʊvʊz,ʊvʊz,ʊvʊz,ʊvʊz
ʊv,ʊvʊʃ,ʊvʊʃ,ʊvʊʃ,ʊvʊʃ
ʊv,ʊvʊʒ,ʊvʊʒ,ʊvʊʒ,ʊvʊʒ
ʊv,ʊvʊθ,ʊvʊθ,ʊvʊθ,ʊvʊθ
ʊv,ʊvʊð,ʊvʊð,ʊvʊð,ʊvʊð
ʊz,ʊzʊm,ʊzʊm,ʊzʊm,ʊzʊm
ʊz,ʊzʊn,ʊzʊn,ʊzʊn,ʊzʊn
ʊz,ʊzʊŋ,ʊzʊŋ,ʊzʊŋ,ʊzʊŋ
ʊz,ʊzʊp,ʊzʊp,ʊzʊp,ʊzʊp
ʊz,ʊzʊt,ʊzʊt,ʊzʊt,ʊzʊt
ʊz,ʊzʊk,ʊzʊk,ʊzʊk,ʊzʊk
ʊz,ʊzʊb,ʊzʊb,ʊzʊb,ʊzʊb
ʊz,ʊzʊd,ʊzʊd,ʊzʊd,ʊzʊd
ʊz,ʊzʊg,ʊzʊg,ʊzʊg,ʊzʊg
ʊz,ʊzʊf,ʊzʊf,ʊzʊf,ʊzʊf
ʊz,ʊzʊs,ʊzʊs,ʊzʊs,ʊzʊs
ʊz,ʊzʊv,ʊzʊv,ʊzʊv,ʊzʊv
ʊz,ʊzʊz,ʊzʊz,ʊzʊz,ʊzʊz
ʊz,ʊzʊʃ,ʊzʊʃ,ʊzʊʃ,ʊzʊʃ
ʊz,ʊzʊʒ,ʊzʊʒ,ʊzʊʒ,ʊzʊʒ
ʊz,ʊzʊθ,ʊzʊθ,ʊzʊθ,ʊzʊθ
ʊz,ʊzʊð,ʊzʊð,ʊzʊð,ʊzʊð
ʊʃ,ʊʃʊm,ʊʃʊm,ʊʃʊm,ʊʃʊm
ʊʃ,ʊʃʊn,ʊʃʊn,ʊʃʊn,ʊʃʊn
ʊʃ,ʊʃʊŋ,ʊʃʊŋ,ʊʃʊŋ,ʊʃʊŋ
ʊʃ,ʊʃʊp,ʊʃʊp,ʊʃʊp,ʊʃʊp
ʊʃ,ʊʃʊt,ʊʃʊt,ʊʃʊt,ʊʃʊt
ʊʃ,ʊʃʊk,ʊʃʊk,ʊʃʊk,ʊʃʊk
ʊʃ,ʊʃʊb,ʊʃʊb,ʊʃʊb,ʊʃʊb
ʊʃ,ʊʃʊd,ʊʃʊd,ʊʃʊd,ʊʃʊd
ʊʃ,ʊʃʊg,ʊʃʊg,ʊʃʊg,ʊʃʊg
ʊʃ,ʊʃʊf,ʊʃʊf,ʊʃʊf,ʊʃʊf
ʊʃ,ʊʃʊs,ʊʃʊs,ʊʃʊs,ʊʃʊs
ʊʃ,ʊʃʊv,ʊʃʊv,ʊʃʊv,ʊʃʊv
ʊʃ,ʊʃʊz,ʊʃʊz,ʊʃʊz,ʊʃʊz
ʊʃ,ʊʃʊʃ,ʊʃʊʃ,ʊʃʊʃ,ʊʃʊʃ
ʊʃ,ʊʃʊʒ,ʊʃʊʒ,ʊʃʊʒ,ʊʃʊʒ
ʊʃ,ʊʃʊθ,ʊʃʊθ,ʊʃʊθ,ʊʃʊθ
ʊʃ,ʊʃʊð,ʊʃʊð,ʊʃʊð,ʊʃʊð
ʊʒ,ʊʒʊm,ʊʒʊm,ʊʒʊm,ʊʒʊm
ʊʒ,ʊʒʊn,ʊʒʊn,ʊʒʊn,ʊʒʊn
ʊʒ,ʊʒʊŋ,ʊʒʊŋ,ʊʒʊŋ,ʊʒʊŋ
ʊʒ,ʊʒʊp,ʊʒʊp,ʊʒʊp,ʊʒʊp
ʊʒ,ʊʒʊt,ʊʒʊt,ʊʒʊt,ʊʒʊt
ʊʒ,ʊʒʊk,ʊʒʊk,ʊʒʊk,ʊʒʊk
ʊʒ,ʊʒʊb,ʊʒʊb,ʊʒʊb,ʊʒʊb
ʊʒ,ʊʒʊd,ʊʒʊd,ʊʒʊd,ʊʒʊd
ʊʒ,ʊʒʊg,ʊʒʊg,ʊʒʊg,ʊʒʊg
ʊʒ,ʊʒʊf,ʊʒʊf,ʊʒʊf,ʊʒʊf
ʊʒ,ʊʒʊs,ʊʒʊs,ʊʒʊs,ʊʒʊs
ʊʒ,ʊʒʊv,ʊʒʊv,ʊʒʊv,ʊʒʊv
ʊʒ,ʊʒʊz,ʊʒʊz,ʊʒʊz,ʊʒʊz
ʊʒ,ʊʒʊʃ,ʊʒʊʃ,ʊʒʊʃ,ʊʒʊʃ
ʊʒ,ʊʒʊʒ,ʊʒʊʒ,ʊʒʊʒ,ʊʒʊʒ
ʊʒ,ʊʒʊθ,ʊʒʊθ,ʊʒʊθ,ʊʒʊθ
ʊʒ,ʊʒʊð,ʊʒʊð,ʊʒʊð,ʊʒʊð
ʊθ,ʊθʊm,ʊθʊm,ʊθʊm,ʊθʊm
ʊθ,ʊθʊn,ʊθʊn,ʊθʊn,ʊθʊn
ʊθ,ʊθʊŋ,ʊθʊŋ,ʊθʊŋ,ʊθʊŋ
ʊθ,ʊθʊp,ʊθʊp,ʊθʊp,ʊθʊp
ʊθ,ʊθʊt,ʊθʊt,ʊθʊt,ʊθʊt
ʊθ,ʊθʊk,ʊθʊk,ʊθʊk,ʊθʊk
ʊθ,ʊθʊb,ʊθʊb,ʊθʊb,ʊθʊb
ʊθ,ʊθʊd,ʊθʊd,ʊθʊd,ʊθʊd
ʊθ,ʊθʊg,ʊθʊg,ʊθʊg,ʊθʊg
ʊθ,ʊθʊf,ʊθʊf,ʊθʊf,ʊθʊf
ʊθ,ʊθʊs,ʊθʊs,ʊθʊs,ʊθʊs
ʊθ,ʊθʊv,ʊθʊv,ʊθʊv,ʊθʊv
ʊθ,ʊθʊz,ʊθʊz,ʊθʊz,ʊθʊz
ʊθ,ʊθʊʃ,ʊθʊʃ,ʊθʊʃ,ʊθʊʃ
ʊθ,ʊθʊʒ,ʊθʊʒ,ʊθʊʒ,ʊθʊʒ
ʊθ,ʊθʊθ,ʊθʊθ,ʊθʊθ,ʊθʊθ
ʊθ,ʊθʊð,ʊθʊð,ʊθʊð,ʊθʊð
ʊð,ʊðʊm,ʊðʊm,ʊðʊm,ʊðʊm
ʊð,ʊðʊn,ʊðʊn,ʊðʊn,ʊðʊn
ʊð,ʊðʊŋ,ʊðʊŋ,ʊðʊŋ,ʊðʊŋ
ʊð,ʊðʊp,ʊðʊp,ʊðʊp,ʊðʊp
ʊð,ʊðʊt,ʊðʊt,ʊðʊt,ʊðʊt
ʊð,ʊðʊk,ʊðʊk,ʊðʊk,ʊðʊk
ʊð,ʊðʊb,ʊðʊb,ʊðʊb,ʊðʊb
ʊð,ʊðʊd,ʊðʊd,ʊðʊd,ʊðʊd
ʊð,ʊðʊg,ʊðʊg,ʊðʊg,ʊðʊg
ʊð,ʊðʊf,ʊðʊf,ʊðʊf,ʊðʊf
ʊð,ʊðʊs,ʊðʊs,ʊðʊs,ʊðʊs
ʊð,ʊðʊv,ʊðʊv,ʊðʊv,ʊðʊv
ʊð,ʊðʊz,ʊðʊz,ʊðʊz,ʊðʊz
ʊð,ʊðʊʃ,ʊðʊʃ,ʊðʊʃ,ʊðʊʃ
ʊð,ʊðʊʒ,ʊðʊʒ,ʊðʊʒ,ʊðʊʒ
ʊð,ʊðʊθ,ʊðʊθ,ʊðʊθ,ʊðʊθ
ʊð,ʊðʊð,ʊðʊð,ʊðʊð,ʊðʊð
ʊm,ʊmɔm,ʊmɔm,ʊmɔm,ʊmɔm
ʊm,ʊmɔn,ʊmɔn,ʊmɔn,ʊmɔn
ʊm,ʊmɔŋ,ʊmɔŋ,ʊmɔŋ,ʊmɔŋ
ʊm,ʊmɔp,ʊmɔp,ʊmɔp,ʊmɔp
ʊm,ʊmɔt,ʊmɔt,ʊmɔt,ʊmɔt
ʊm,ʊmɔk,ʊmɔk,ʊmɔk,ʊmɔk
ʊm,ʊmɔb,ʊmɔb,ʊmɔb,ʊmɔb
ʊm,ʊmɔd,ʊmɔd,ʊmɔd,ʊmɔd
ʊm,ʊmɔg,ʊmɔg,ʊmɔg,ʊmɔg
ʊm,ʊmɔf,ʊmɔf,ʊmɔf,ʊmɔf
ʊm,ʊmɔs,ʊmɔs,ʊmɔs,ʊmɔs
ʊm,ʊmɔv,ʊmɔv,ʊmɔv,ʊmɔv
ʊm,ʊmɔz,ʊmɔz,ʊmɔz,ʊmɔz
ʊm,ʊmɔʃ,ʊmɔʃ,ʊmɔʃ,ʊmɔʃ
ʊm,ʊmɔʒ,ʊmɔʒ,ʊmɔʒ,ʊmɔʒ
ʊm,ʊmɔθ,ʊmɔθ,ʊmɔθ,ʊmɔθ
ʊm,ʊmɔð,ʊmɔð,ʊmɔð,ʊmɔð
ʊn,ʊnɔm,ʊnɔm,ʊnɔm,ʊnɔm
ʊn,ʊnɔn,ʊnɔn,ʊnɔn,ʊnɔn
ʊn,ʊnɔŋ,ʊnɔŋ,ʊnɔŋ,ʊnɔŋ
ʊn,ʊnɔp,ʊnɔp,ʊnɔp,ʊnɔp
ʊn,ʊnɔt,ʊnɔt,ʊnɔt,ʊnɔt
ʊn,ʊnɔk,ʊnɔk,ʊnɔk,ʊnɔk
ʊn,ʊnɔb,ʊnɔb,ʊnɔb,ʊnɔb
ʊn,ʊnɔd,ʊnɔd,ʊnɔd,ʊnɔd
ʊn,ʊnɔg,ʊnɔg,ʊnɔg,ʊnɔg
ʊn,ʊnɔf,ʊnɔf,ʊnɔf,ʊnɔf
ʊn,ʊnɔs,ʊnɔs,ʊnɔs,ʊnɔs
ʊn,ʊnɔv,ʊnɔv,ʊnɔv,ʊnɔv
ʊn,ʊnɔz,ʊnɔz,ʊnɔz,ʊnɔz
ʊn,ʊnɔʃ,ʊnɔʃ,ʊnɔʃ,ʊnɔʃ
ʊn,ʊnɔʒ,ʊnɔʒ,ʊnɔʒ,ʊnɔʒ
ʊn,ʊnɔθ,ʊnɔθ,ʊnɔθ,ʊnɔθ
ʊn,ʊnɔð,ʊnɔð,ʊnɔð,ʊnɔð
ʊŋ,ʊŋɔm,ʊŋɔm,ʊŋɔm,ʊŋɔm
ʊŋ,ʊŋɔn,ʊŋɔn,ʊŋɔn,ʊŋɔn
ʊŋ,ʊŋɔŋ,ʊŋɔŋ,ʊŋɔŋ,ʊŋɔŋ
ʊŋ,ʊŋɔp,ʊŋɔp,ʊŋɔp,ʊŋɔp
ʊŋ,ʊŋɔt,ʊŋɔt,ʊŋɔt,ʊŋɔt
ʊŋ,ʊŋɔk,ʊŋɔk,ʊŋɔk,ʊŋɔk
ʊŋ,ʊŋɔb,ʊŋɔb,ʊŋɔb,ʊŋɔb
ʊŋ,ʊŋɔd,ʊŋɔd,ʊŋɔd,ʊŋɔd
ʊŋ,ʊŋɔg,ʊŋɔg,ʊŋɔg,ʊŋɔg
ʊŋ,ʊŋɔf,ʊŋɔf,ʊŋɔf,ʊŋɔf
ʊŋ,ʊŋɔs,ʊŋɔs,ʊŋɔs,ʊŋɔs
ʊŋ,ʊŋɔv,ʊŋɔv,ʊŋɔv,ʊŋɔv
ʊŋ,ʊŋɔz,ʊŋɔz,ʊŋɔz,ʊŋɔz
ʊŋ,ʊŋɔʃ,ʊŋɔʃ,ʊŋɔʃ,ʊŋɔʃ
ʊŋ,ʊŋɔʒ,ʊŋɔʒ,ʊŋɔʒ,ʊŋɔʒ
ʊŋ,ʊŋɔθ,ʊŋɔθ,ʊŋɔθ,ʊŋɔθ
ʊŋ,ʊŋɔð,ʊŋɔð,ʊŋɔð,ʊŋɔð
ʊp,ʊpɔm,ʊpɔm,ʊpɔm,ʊpɔm
ʊp,ʊpɔn,ʊpɔn,ʊpɔn,ʊpɔn
ʊp,ʊpɔŋ,ʊpɔŋ,ʊpɔŋ,ʊpɔŋ
ʊp,ʊpɔp,ʊpɔp,ʊpɔp,ʊpɔp
ʊp,ʊpɔt,ʊpɔt,ʊpɔt,ʊpɔt
ʊp,ʊpɔk,ʊpɔk,ʊpɔk,ʊpɔk
ʊp,ʊpɔb,ʊpɔb,ʊpɔb,ʊpɔb
ʊp,ʊpɔd,ʊpɔd,ʊpɔd,ʊpɔd
ʊp,ʊpɔg,ʊpɔg,ʊpɔg,ʊpɔg
ʊp,ʊpɔf,ʊpɔf,ʊpɔf,ʊpɔf
ʊp,ʊpɔs,ʊpɔs,ʊpɔs,ʊpɔs
ʊp,ʊpɔv,ʊpɔv,ʊpɔv,ʊpɔv
ʊp,ʊpɔz,ʊpɔz,ʊpɔz,ʊpɔz
ʊp,ʊpɔʃ,ʊpɔʃ,ʊpɔʃ,ʊpɔʃ
ʊp,ʊpɔʒ,ʊpɔʒ,ʊpɔʒ,ʊpɔʒ
ʊp,ʊpɔθ,ʊpɔθ,ʊpɔθ,ʊpɔθ
ʊp,ʊpɔð,ʊpɔð,ʊpɔð,ʊpɔð
ʊt,ʊtɔm,ʊtɔm,ʊtɔm,ʊtɔm
ʊt,ʊtɔn,ʊtɔn,ʊtɔn,ʊtɔn
ʊt,ʊtɔŋ,ʊtɔŋ,ʊtɔŋ,ʊtɔŋ
ʊt,ʊtɔp,ʊtɔp,ʊtɔp,ʊtɔp
ʊt,ʊtɔt,ʊtɔt,ʊtɔt,ʊtɔt
ʊt,ʊtɔk,ʊtɔk,ʊtɔk,ʊtɔk
ʊt,ʊtɔb,ʊtɔb,ʊtɔb,ʊtɔb
ʊt,ʊtɔd,ʊtɔd,ʊtɔd,ʊtɔd
ʊt,ʊtɔg,ʊtɔg,ʊtɔg,ʊtɔg
ʊt,ʊtɔf,ʊtɔf,ʊtɔf,ʊtɔf
ʊt,ʊtɔs,ʊtɔs,ʊtɔs,ʊtɔs
ʊt,ʊtɔv,ʊtɔv,ʊtɔv,ʊtɔv
ʊt,ʊtɔz,ʊtɔz,ʊtɔz,ʊtɔz
ʊt,ʊtɔʃ,ʊtɔʃ,ʊtɔʃ,ʊtɔʃ
ʊt,ʊtɔʒ,ʊtɔʒ,ʊtɔʒ,ʊtɔʒ
ʊt,ʊtɔθ,ʊtɔθ,ʊtɔθ,ʊtɔθ
ʊt,ʊtɔð,ʊtɔð,ʊtɔð,ʊtɔð
ʊk,ʊkɔm,ʊkɔm,ʊkɔm,ʊkɔm
ʊk,ʊkɔn,ʊkɔn,ʊkɔn,ʊkɔn
ʊk,ʊkɔŋ,ʊkɔŋ,ʊkɔŋ,ʊkɔŋ
ʊk,ʊkɔp,ʊkɔp,ʊkɔp,ʊkɔp
ʊk,ʊkɔt,ʊkɔt,ʊkɔt,ʊkɔt
ʊk,ʊkɔk,ʊkɔk,ʊkɔk,ʊkɔk
ʊk,ʊkɔb,ʊkɔb,ʊkɔb,ʊkɔb
ʊk,ʊkɔd,ʊkɔd,ʊkɔd,ʊkɔd
ʊk,ʊkɔg,ʊkɔg,ʊkɔg,ʊkɔg
ʊk,ʊkɔf,ʊkɔf,ʊkɔf,ʊkɔf
ʊk,ʊkɔs,ʊkɔs,ʊkɔs,ʊkɔs
ʊk,ʊkɔv,ʊkɔv,ʊkɔv,ʊkɔv
ʊk,ʊkɔz,ʊkɔz,ʊkɔz,ʊkɔz
ʊk,ʊkɔʃ,ʊkɔʃ,ʊkɔʃ,ʊkɔʃ
ʊk,ʊkɔʒ,ʊkɔʒ,ʊkɔʒ,ʊkɔʒ
ʊk,ʊkɔθ,ʊkɔθ,ʊkɔθ,ʊkɔθ
ʊk,ʊkɔð,ʊkɔð,ʊkɔð,ʊkɔð
ʊb,ʊbɔm,ʊbɔm,ʊbɔm,ʊbɔm
ʊb,ʊbɔn,ʊbɔn,ʊbɔn,ʊbɔn
ʊb,ʊbɔŋ,ʊbɔŋ,ʊbɔŋ,ʊbɔŋ
ʊb,ʊbɔp,ʊbɔp,ʊbɔp,ʊbɔp
ʊb,ʊbɔt,ʊbɔt,ʊbɔt,ʊbɔt
ʊb,ʊbɔk,ʊbɔk,ʊbɔk,ʊbɔk
ʊb,ʊbɔb,ʊbɔb,ʊbɔb,ʊbɔb
ʊb,ʊbɔd,ʊbɔd,ʊbɔd,ʊbɔd
ʊb,ʊbɔg,ʊbɔg,ʊbɔg,ʊbɔg
ʊb,ʊbɔf,ʊbɔf,ʊbɔf,ʊbɔf
ʊb,ʊbɔs,ʊbɔs,ʊbɔs,ʊbɔs
ʊb,ʊbɔv,ʊbɔv,ʊbɔv,ʊbɔv
ʊb,ʊbɔz,ʊbɔz,ʊbɔz,ʊbɔz
ʊb,ʊbɔʃ,ʊbɔʃ,ʊbɔʃ,ʊbɔʃ
ʊb,ʊbɔʒ,ʊbɔʒ,ʊbɔʒ,ʊbɔʒ
ʊb,ʊbɔθ,ʊbɔθ,ʊbɔθ,ʊbɔθ
ʊb,ʊbɔð,ʊbɔð,ʊbɔð,ʊbɔð
ʊd,ʊdɔm,ʊdɔm,ʊdɔm,ʊdɔm
ʊd,ʊdɔn,ʊdɔn,ʊdɔn,ʊdɔn
ʊd,ʊdɔŋ,ʊdɔŋ,ʊdɔŋ,ʊdɔŋ
ʊd,ʊdɔp,ʊdɔp,ʊdɔp,ʊdɔp
ʊd,ʊdɔt,ʊdɔt,ʊdɔt,ʊdɔt
ʊd,ʊdɔk,ʊdɔk,ʊdɔk,ʊdɔk
ʊd,ʊdɔb,ʊdɔb,ʊdɔb,ʊdɔb
ʊd,ʊdɔd,ʊdɔd,ʊdɔd,ʊdɔd
ʊd,ʊdɔg,ʊdɔg,ʊdɔg,ʊdɔg
ʊd,ʊdɔf,ʊdɔf,ʊdɔf,ʊdɔf
ʊd,ʊdɔs,ʊdɔs,ʊdɔs,ʊdɔs
ʊd,ʊdɔv,ʊdɔv,ʊdɔv,ʊdɔv
ʊd,ʊdɔz,ʊdɔz,ʊdɔz,ʊdɔz
ʊd,ʊdɔʃ,ʊdɔʃ,ʊdɔʃ,ʊdɔʃ
ʊd,ʊdɔʒ,ʊdɔʒ,ʊdɔʒ,ʊdɔʒ
ʊd,ʊdɔθ,ʊdɔθ,ʊdɔθ,ʊdɔθ
ʊd,ʊdɔð,ʊdɔð,ʊdɔð,ʊdɔð
ʊg,ʊgɔm,ʊgɔm,ʊgɔm,ʊgɔm
ʊg,ʊgɔn,ʊgɔn,ʊgɔn,ʊgɔn
ʊg,ʊgɔŋ,ʊgɔŋ,ʊgɔŋ,ʊgɔŋ
ʊg,ʊgɔp,ʊgɔp,ʊgɔp,ʊgɔp
ʊg,ʊgɔt,ʊgɔt,ʊgɔt,ʊgɔt
ʊg,ʊgɔk,ʊgɔk,ʊgɔk,ʊgɔk
ʊg,ʊgɔb,ʊgɔb,ʊgɔb,ʊgɔb
ʊg,ʊgɔd,ʊgɔd,ʊgɔd,ʊgɔd
ʊg,ʊgɔg,ʊgɔg,ʊgɔg,ʊgɔg
ʊg,ʊgɔf,ʊgɔf,ʊgɔf,ʊgɔf
ʊg,ʊgɔs,ʊgɔs,ʊgɔs,ʊgɔs
ʊg,ʊgɔv,ʊgɔv,ʊgɔv,ʊgɔv
ʊg,ʊgɔz,ʊgɔz,ʊgɔz,ʊgɔz
ʊg,ʊgɔʃ,ʊgɔʃ,ʊgɔʃ,ʊgɔʃ
ʊg,ʊgɔʒ,ʊgɔʒ,ʊgɔʒ,ʊgɔʒ
ʊg,ʊgɔθ,ʊgɔθ,ʊgɔθ,ʊgɔθ
ʊg,ʊgɔð,ʊgɔð,ʊgɔð,ʊgɔð
ʊf,ʊfɔm,ʊfɔm,ʊfɔm,ʊfɔm
ʊf,ʊfɔn,ʊfɔn,ʊfɔn,ʊfɔn
ʊf,ʊfɔŋ,ʊfɔŋ,ʊfɔŋ,ʊfɔŋ
ʊf,ʊfɔp,ʊfɔp,ʊfɔp,ʊfɔp
ʊf,ʊfɔt,ʊfɔt,ʊfɔt,ʊfɔt
ʊf,ʊfɔk,ʊfɔk,ʊfɔk,ʊfɔk
ʊf,ʊfɔb,ʊfɔb,ʊfɔb,ʊfɔb
ʊf,ʊfɔd,ʊfɔd,ʊfɔd,ʊfɔd
ʊf,ʊfɔg,ʊfɔg,ʊfɔg,ʊfɔg
ʊf,ʊfɔf,ʊfɔf,ʊfɔf,ʊfɔf
ʊf,ʊfɔs,ʊfɔs,ʊfɔs,ʊfɔs
ʊf,ʊfɔv,ʊfɔv,ʊfɔv,ʊfɔv
ʊf,ʊfɔz,ʊfɔz,ʊfɔz,ʊfɔz
ʊf,ʊfɔʃ,ʊfɔʃ,ʊfɔʃ,ʊfɔʃ
ʊf,ʊfɔʒ,ʊfɔʒ,ʊfɔʒ,ʊfɔʒ
ʊf,ʊfɔθ,ʊfɔθ,ʊfɔθ,ʊfɔθ
ʊf,ʊfɔð,ʊfɔð,ʊfɔð,ʊfɔð
ʊs,ʊsɔm,ʊsɔm,ʊsɔm,ʊsɔm
ʊs,ʊsɔn,ʊsɔn,ʊsɔn,ʊsɔn
ʊs,ʊsɔŋ,ʊsɔŋ,ʊsɔŋ,ʊsɔŋ
ʊs,ʊsɔp,ʊsɔp,ʊsɔp,ʊsɔp
ʊs,ʊsɔt,ʊsɔt,ʊsɔt,ʊsɔt
ʊs,ʊsɔk,ʊsɔk,ʊsɔk,ʊsɔk
ʊs,ʊsɔb,ʊsɔb,ʊsɔb,ʊsɔb
ʊs,ʊsɔd,ʊsɔd,ʊsɔd,ʊsɔd
ʊs,ʊsɔg,ʊsɔg,ʊsɔg,ʊsɔg
ʊs,ʊsɔf,ʊsɔf,ʊsɔf,ʊsɔf
ʊs,ʊsɔs,ʊsɔs,ʊsɔs,ʊsɔs
ʊs,ʊsɔv,ʊsɔv,ʊsɔv,ʊsɔv
ʊs,ʊsɔz,ʊsɔz,ʊsɔz,ʊsɔz
ʊs,ʊsɔʃ,ʊsɔʃ,ʊsɔʃ,ʊsɔʃ
ʊs,ʊsɔʒ,ʊsɔʒ,ʊsɔʒ,ʊsɔʒ
ʊs,ʊsɔθ,ʊsɔθ,ʊsɔθ,ʊsɔθ
ʊs,ʊsɔð,ʊsɔð,ʊsɔð,ʊsɔð
ʊv,ʊvɔm,ʊvɔm,ʊvɔm,ʊvɔm
ʊv,ʊvɔn,ʊvɔn,ʊvɔn,ʊvɔn
ʊv,ʊvɔŋ,ʊvɔŋ,ʊvɔŋ,ʊvɔŋ
ʊv,ʊvɔp,ʊvɔp,ʊvɔp,ʊvɔp
ʊv,ʊvɔt,ʊvɔt,ʊvɔt,ʊvɔt
ʊv,ʊvɔk,ʊvɔk,ʊvɔk,ʊvɔk
ʊv,ʊvɔb,ʊvɔb,ʊvɔb,ʊvɔb
ʊv,ʊvɔd,ʊvɔd,ʊvɔd,ʊvɔd
ʊv,ʊvɔg,ʊvɔg,ʊvɔg,ʊvɔg
ʊv,ʊvɔf,ʊvɔf,ʊvɔf,ʊvɔf
ʊv,ʊvɔs,ʊvɔs,ʊvɔs,ʊvɔs
ʊv,ʊvɔv,ʊvɔv,ʊvɔv,ʊvɔv
ʊv,ʊvɔz,ʊvɔz,ʊvɔz,ʊvɔz
ʊv,ʊvɔʃ,ʊvɔʃ,ʊvɔʃ,ʊvɔʃ
ʊv,ʊvɔʒ,ʊvɔʒ,ʊvɔʒ,ʊvɔʒ
ʊv,ʊvɔθ,ʊvɔθ,ʊvɔθ,ʊvɔθ
ʊv,ʊvɔð,ʊvɔð,ʊvɔð,ʊvɔð
ʊz,ʊzɔm,ʊzɔm,ʊzɔm,ʊzɔm
ʊz,ʊzɔn,ʊzɔn,ʊzɔn,ʊzɔn
ʊz,ʊzɔŋ,ʊzɔŋ,ʊzɔŋ,ʊzɔŋ
ʊz,ʊzɔp,ʊzɔp,ʊzɔp,ʊzɔp
ʊz,ʊzɔt,ʊzɔt,ʊzɔt,ʊzɔt
ʊz,ʊzɔk,ʊzɔk,ʊzɔk,ʊzɔk
ʊz,ʊzɔb,ʊzɔb,ʊzɔb,ʊzɔb
ʊz,ʊzɔd,ʊzɔd,ʊzɔd,ʊzɔd
ʊz,ʊzɔg,ʊzɔg,ʊzɔg,ʊzɔg
ʊz,ʊzɔf,ʊzɔf,ʊzɔf,ʊzɔf
ʊz,ʊzɔs,ʊzɔs,ʊzɔs,ʊzɔs
ʊz,ʊzɔv,ʊzɔv,ʊzɔv,ʊzɔv
ʊz,ʊzɔz,ʊzɔz,ʊzɔz,ʊzɔz
ʊz,ʊzɔʃ,ʊzɔʃ,ʊzɔʃ,ʊzɔʃ
ʊz,ʊzɔʒ,ʊzɔʒ,ʊzɔʒ,ʊzɔʒ
ʊz,ʊzɔθ,ʊzɔθ,ʊzɔθ,ʊzɔθ
ʊz,ʊzɔð,ʊzɔð,ʊzɔð,ʊzɔð
ʊʃ,ʊʃɔm,ʊʃɔm,ʊʃɔm,ʊʃɔm
ʊʃ,ʊʃɔn,ʊʃɔn,ʊʃɔn,ʊʃɔn
ʊʃ,ʊʃɔŋ,ʊʃɔŋ,ʊʃɔŋ,ʊʃɔŋ
ʊʃ,ʊʃɔp,ʊʃɔp,ʊʃɔp,ʊʃɔp
ʊʃ,ʊʃɔt,ʊʃɔt,ʊʃɔt,ʊʃɔt
ʊʃ,ʊʃɔk,ʊʃɔk,ʊʃɔk,ʊʃɔk
ʊʃ,ʊʃɔb,ʊʃɔb,ʊʃɔb,ʊʃɔb
ʊʃ,ʊʃɔd,ʊʃɔd,ʊʃɔd,ʊʃɔd
ʊʃ,ʊʃɔg,ʊʃɔg,ʊʃɔg,ʊʃɔg
ʊʃ,ʊʃɔf,ʊʃɔf,ʊʃɔf,ʊʃɔf
ʊʃ,ʊʃɔs,ʊʃɔs,ʊʃɔs,ʊʃɔs
ʊʃ,ʊʃɔv,ʊʃɔv,ʊʃɔv,ʊʃɔv
ʊʃ,ʊʃɔz,ʊʃɔz,ʊʃɔz,ʊʃɔz
ʊʃ,ʊʃɔʃ,ʊʃɔʃ,ʊʃɔʃ,ʊʃɔʃ
ʊʃ,ʊʃɔʒ,ʊʃɔʒ,ʊʃɔʒ,ʊʃɔʒ
ʊʃ,ʊʃɔθ,ʊʃɔθ,ʊʃɔθ,ʊʃɔθ
ʊʃ,ʊʃɔð,ʊʃɔð,ʊʃɔð,ʊʃɔð
ʊʒ,ʊʒɔm,ʊʒɔm,ʊʒɔm,ʊʒɔm
ʊʒ,ʊʒɔn,ʊʒɔn,ʊʒɔn,ʊʒɔn
ʊʒ,ʊʒɔŋ,ʊʒɔŋ,ʊʒɔŋ,ʊʒɔŋ
ʊʒ,ʊʒɔp,ʊʒɔp,ʊʒɔp,ʊʒɔp
ʊʒ,ʊʒɔt,ʊʒɔt,ʊʒɔt,ʊʒɔt
ʊʒ,ʊʒɔk,ʊʒɔk,ʊʒɔk,ʊʒɔk
ʊʒ,ʊʒɔb,ʊʒɔb,ʊʒɔb,ʊʒɔb
ʊʒ,ʊʒɔd,ʊʒɔd,ʊʒɔd,ʊʒɔd
ʊʒ,ʊʒɔg,ʊʒɔg,ʊʒɔg,ʊʒɔg
ʊʒ,ʊʒɔf,ʊʒɔf,ʊʒɔf,ʊʒɔf
ʊʒ,ʊʒɔs,ʊʒɔs,ʊʒɔs,ʊʒɔs
ʊʒ,ʊʒɔv,ʊʒɔv,ʊʒɔv,ʊʒɔv
ʊʒ,ʊʒɔz,ʊʒɔz,ʊʒɔz,ʊʒɔz
ʊʒ,ʊʒɔʃ,ʊʒɔʃ,ʊʒɔʃ,ʊʒɔʃ
ʊʒ,ʊʒɔʒ,ʊʒɔʒ,ʊʒɔʒ,ʊʒɔʒ
ʊʒ,ʊʒɔθ,ʊʒɔθ,ʊʒɔθ,ʊʒɔθ
ʊʒ,ʊʒɔð,ʊʒɔð,ʊʒɔð,ʊʒɔð
ʊθ,ʊθɔm,ʊθɔm,ʊθɔm,ʊθɔm
ʊθ,ʊθɔn,ʊθɔn,ʊθɔn,ʊθɔn
ʊθ,ʊθɔŋ,ʊθɔŋ,ʊθɔŋ,ʊθɔŋ
ʊθ,ʊθɔp,ʊθɔp,ʊθɔp,ʊθɔp
ʊθ,ʊθɔt,ʊθɔt,ʊθɔt,ʊθɔt
ʊθ,ʊθɔk,ʊθɔk,ʊθɔk,ʊθɔk
ʊθ,ʊθɔb,ʊθɔb,ʊθɔb,ʊθɔb
ʊθ,ʊθɔd,ʊθɔd,ʊθɔd,ʊθɔd
ʊθ,ʊθɔg,ʊθɔg,ʊθɔg,ʊθɔg
ʊθ,ʊθɔf,ʊθɔf,ʊθɔf,ʊθɔf
ʊθ,ʊθɔs,ʊθɔs,ʊθɔs,ʊθɔs
ʊθ,ʊθɔv,ʊθɔv,ʊθɔv,ʊθɔv
ʊθ,ʊθɔz,ʊθɔz,ʊθɔz,ʊθɔz
ʊθ,ʊθɔʃ,ʊθɔʃ,ʊθɔʃ,ʊθɔʃ
ʊθ,ʊθɔʒ,ʊθɔʒ,ʊθɔʒ,ʊθɔʒ
ʊθ,ʊθɔθ,ʊθɔθ,ʊθɔθ,ʊθɔθ
ʊθ,ʊθɔð,ʊθɔð,ʊθɔð,ʊθɔð
ʊð,ʊðɔm,ʊðɔm,ʊðɔm,ʊðɔm
ʊð,ʊðɔn,ʊðɔn,ʊðɔn,ʊðɔn
ʊð,ʊðɔŋ,ʊðɔŋ,ʊðɔŋ,ʊðɔŋ
ʊð,ʊðɔp,ʊðɔp,ʊðɔp,ʊðɔp
ʊð,ʊðɔt,ʊðɔt,ʊðɔt,ʊðɔt
ʊð,ʊðɔk,ʊðɔk,ʊðɔk,ʊðɔk
ʊð,ʊðɔb,ʊðɔb,ʊðɔb,ʊðɔb
ʊð,ʊðɔd,ʊðɔd,ʊðɔd,ʊðɔd
ʊð,ʊðɔg,ʊðɔg,ʊðɔg,ʊðɔg
ʊð,ʊðɔf,ʊðɔf,ʊðɔf,ʊðɔf
ʊð,ʊðɔs,ʊðɔs,ʊðɔs,ʊðɔs
ʊð,ʊðɔv,ʊðɔv,ʊðɔv,ʊðɔv
ʊð,ʊðɔz,ʊðɔz,ʊðɔz,ʊðɔz
ʊð,ʊðɔʃ,ʊðɔʃ,ʊðɔʃ,ʊðɔʃ
ʊð,ʊðɔʒ,ʊðɔʒ,ʊðɔʒ,ʊðɔʒ
ʊð,ʊðɔθ,ʊðɔθ,ʊðɔθ,ʊðɔθ
ʊð,ʊðɔð,ʊðɔð,ʊðɔð,ʊðɔð
ɔm,ɔmɪm,ɔmʊm,ɔmɪm,ɔmʊm
ɔm,ɔmɪn,ɔmʊn,ɔmɪn,ɔmʊn
ɔm,ɔmɪŋ,ɔmʊŋ,ɔmɪŋ,ɔmʊŋ
ɔm,ɔmɪp,ɔmʊp,ɔmɪp,ɔmʊp
ɔm,ɔmɪt,ɔmʊt,ɔmɪt,ɔmʊt
ɔm,ɔmɪk,ɔmʊk,ɔmɪk,ɔmʊk
ɔm,ɔmɪb,ɔmʊb,ɔmɪb,ɔmʊb
ɔm,ɔmɪd,ɔmʊd,ɔmɪd,ɔmʊd
ɔm,ɔmɪg,ɔmʊg,ɔmɪg,ɔmʊg
ɔm,ɔmɪf,ɔmʊf,ɔmɪf,ɔmʊf
ɔm,ɔmɪs,ɔmʊs,ɔmɪs,ɔmʊs
ɔm,ɔmɪv,ɔmʊv,ɔmɪv,ɔmʊv
ɔm,ɔmɪz,ɔmʊz,ɔmɪz,ɔmʊz
ɔm,ɔmɪʃ,ɔmʊʃ,ɔmɪʃ,ɔmʊʃ
ɔm,ɔmɪʒ,ɔmʊʒ,ɔmɪʒ,ɔmʊʒ
ɔm,ɔmɪθ,ɔmʊθ,ɔmɪθ,ɔmʊθ
ɔm,ɔmɪð,ɔmʊð,ɔmɪð,ɔmʊð
ɔn,ɔnɪm,ɔnʊm,ɔnɪm,ɔnʊm
ɔn,ɔnɪn,ɔnʊn,ɔnɪn,ɔnʊn
ɔn,ɔnɪŋ,ɔnʊŋ,ɔnɪŋ,ɔnʊŋ
ɔn,ɔnɪp,ɔnʊp,ɔnɪp,ɔnʊp
ɔn,ɔnɪt,ɔnʊt,ɔnɪt,ɔnʊt
ɔn,ɔnɪk,ɔnʊk,ɔnɪk,ɔnʊk
ɔn,ɔnɪb,ɔnʊb,ɔnɪb,ɔnʊb
ɔn,ɔnɪd,ɔnʊd,ɔnɪd,ɔnʊd
ɔn,ɔnɪg,ɔnʊg,ɔnɪg,ɔnʊg
ɔn,ɔnɪf,ɔnʊf,ɔnɪf,ɔnʊf
ɔn,ɔnɪs,ɔnʊs,ɔnɪs,ɔnʊs
ɔn,ɔnɪv,ɔnʊv,ɔnɪv,ɔnʊv
ɔn,ɔnɪz,ɔnʊz,ɔnɪz,ɔnʊz
ɔn,ɔnɪʃ,ɔnʊʃ,ɔnɪʃ,ɔnʊʃ
ɔn,ɔnɪʒ,ɔnʊʒ,ɔnɪʒ,ɔnʊʒ
ɔn,ɔnɪθ,ɔnʊθ,ɔnɪθ,ɔnʊθ
ɔn,ɔnɪð,ɔnʊð,ɔnɪð,ɔnʊð
ɔŋ,ɔŋɪm,ɔŋʊm,ɔŋɪm,ɔŋʊm
ɔŋ,ɔŋɪn,ɔŋʊn,ɔŋɪn,ɔŋʊn
ɔŋ,ɔŋɪŋ,ɔŋʊŋ,ɔŋɪŋ,ɔŋʊŋ
ɔŋ,ɔŋɪp,ɔŋʊp,ɔŋɪp,ɔŋʊp
ɔŋ,ɔŋɪt,ɔŋʊt,ɔŋɪt,ɔŋʊt
ɔŋ,ɔŋɪk,ɔŋʊk,ɔŋɪk,ɔŋʊk
ɔŋ,ɔŋɪb,ɔŋʊb,ɔŋɪb,ɔŋʊb
ɔŋ,ɔŋɪd,ɔŋʊd,ɔŋɪd,ɔŋʊd
ɔŋ,ɔŋɪg,ɔŋʊg,ɔŋɪg,ɔŋʊg
ɔŋ,ɔŋɪf,ɔŋʊf,ɔŋɪf,ɔŋʊf
ɔŋ,ɔŋɪs,ɔŋʊs,ɔŋɪs,ɔŋʊs
ɔŋ,ɔŋɪv,ɔŋʊv,ɔŋɪv,ɔŋʊv
ɔŋ,ɔŋɪz,ɔŋʊz,ɔŋɪz,ɔŋʊz
ɔŋ,ɔŋɪʃ,ɔŋʊʃ,ɔŋɪʃ,ɔŋʊʃ
ɔŋ,ɔŋɪʒ,ɔŋʊʒ,ɔŋɪʒ,ɔŋʊʒ
ɔŋ,ɔŋɪθ,ɔŋʊθ,ɔŋɪθ,ɔŋʊθ
ɔŋ,ɔŋɪð,ɔŋʊð,ɔŋɪð,ɔŋʊð
ɔp,ɔpɪm,ɔpʊm,ɔpɪm,ɔpʊm
ɔp,ɔpɪn,ɔpʊn,ɔpɪn,ɔpʊn
ɔp,ɔpɪŋ,ɔpʊŋ,ɔpɪŋ,ɔpʊŋ
ɔp,ɔpɪp,ɔpʊp,ɔpɪp,ɔpʊp
ɔp,ɔpɪt,ɔpʊt,ɔpɪt,ɔpʊt
ɔp,ɔpɪk,ɔpʊk,ɔpɪk,ɔpʊk
ɔp,ɔpɪb,ɔpʊb,ɔpɪb,ɔpʊb
ɔp,ɔpɪd,ɔpʊd,ɔpɪd,ɔpʊd
ɔp,ɔpɪg,ɔpʊg,ɔpɪg,ɔpʊg
ɔp,ɔpɪf,ɔpʊf,ɔpɪf,ɔpʊf
ɔp,ɔpɪs,ɔpʊs,ɔpɪs,ɔpʊs
ɔp,ɔpɪv,ɔpʊv,ɔpɪv,ɔpʊv
ɔp,ɔpɪz,ɔpʊz,ɔpɪz,ɔpʊz
ɔp,ɔpɪʃ,ɔpʊʃ,ɔpɪʃ,ɔpʊʃ
ɔp,ɔpɪʒ,ɔpʊʒ,ɔpɪʒ,ɔpʊʒ
ɔp,ɔpɪθ,ɔpʊθ,ɔpɪθ,ɔpʊθ
ɔp,ɔpɪð,ɔpʊð,ɔpɪð,ɔpʊð
ɔt,ɔtɪm,ɔtʊm,ɔtɪm,ɔtʊm
ɔt,ɔtɪn,ɔtʊn,ɔtɪn,ɔtʊn
ɔt,ɔtɪŋ,ɔtʊŋ,ɔtɪŋ,ɔtʊŋ
ɔt,ɔtɪp,ɔtʊp,ɔtɪp,ɔtʊp
ɔt,ɔtɪt,ɔtʊt,ɔtɪt,ɔtʊt
ɔt,ɔtɪk,ɔtʊk,ɔtɪk,ɔtʊk
ɔt,ɔtɪb,ɔtʊb,ɔtɪb,ɔtʊb
ɔt,ɔtɪd,ɔtʊd,ɔtɪd,ɔtʊd
ɔt,ɔtɪg,ɔtʊg,ɔtɪg,ɔtʊg
ɔt,ɔtɪf,ɔtʊf,ɔtɪf,ɔtʊf
ɔt,ɔtɪs,ɔtʊs,ɔtɪs,ɔtʊs
ɔt,ɔtɪv,ɔtʊv,ɔtɪv,ɔtʊv
ɔt,ɔtɪz,ɔtʊz,ɔtɪz,ɔtʊz
ɔt,ɔtɪʃ,ɔtʊʃ,ɔtɪʃ,ɔtʊʃ
ɔt,ɔtɪʒ,ɔtʊʒ,ɔtɪʒ,ɔtʊʒ
ɔt,ɔtɪθ,ɔtʊθ,ɔtɪθ,ɔtʊθ
ɔt,ɔtɪð,ɔtʊð,ɔtɪð,ɔtʊð
ɔk,ɔkɪm,ɔkʊm,ɔkɪm,ɔkʊm
ɔk,ɔkɪn,ɔkʊn,ɔkɪn,ɔkʊn
ɔk,ɔkɪŋ,ɔkʊŋ,ɔkɪŋ,ɔkʊŋ
ɔk,ɔkɪp,ɔkʊp,ɔkɪp,ɔkʊp
ɔk,ɔkɪt,ɔkʊt,ɔkɪt,ɔkʊt
ɔk,ɔkɪk,ɔkʊk,ɔkɪk,ɔkʊk
ɔk,ɔkɪb,ɔkʊb,ɔkɪb,ɔkʊb
ɔk,ɔkɪd,ɔkʊd,ɔkɪd,ɔkʊd
ɔk,ɔkɪg,ɔkʊg,ɔkɪg,ɔkʊg
ɔk,ɔkɪf,ɔkʊf,ɔkɪf,ɔkʊf
ɔk,ɔkɪs,ɔkʊs,ɔkɪs,ɔkʊs
ɔk,ɔkɪv,ɔkʊv,ɔkɪv,ɔkʊv
ɔk,ɔkɪz,ɔkʊz,ɔkɪz,ɔkʊz
ɔk,ɔkɪʃ,ɔkʊʃ,ɔkɪʃ,ɔkʊʃ
ɔk,ɔkɪʒ,ɔkʊʒ,ɔkɪʒ,ɔkʊʒ
ɔk,ɔkɪθ,ɔkʊθ,ɔkɪθ,ɔkʊθ
ɔk,ɔkɪð,ɔkʊð,ɔkɪð,ɔkʊð
ɔb,ɔbɪm,ɔbʊm,ɔbɪm,ɔbʊm
ɔb,ɔbɪn,ɔbʊn,ɔbɪn,ɔbʊn
ɔb,ɔbɪŋ,ɔbʊŋ,ɔbɪŋ,ɔbʊŋ
ɔb,ɔbɪp,ɔbʊp,ɔbɪp,ɔbʊp
ɔb,ɔbɪt,ɔbʊt,ɔbɪt,ɔbʊt
ɔb,ɔbɪk,ɔbʊk,ɔbɪk,ɔbʊk
ɔb,ɔbɪb,ɔbʊb,ɔbɪb,ɔbʊb
ɔb,ɔbɪd,ɔbʊd,ɔbɪd,ɔbʊd
ɔb,ɔbɪg,ɔbʊg,ɔbɪg,ɔbʊg
ɔb,ɔbɪf,ɔbʊf,ɔbɪf,ɔbʊf
ɔb,ɔbɪs,ɔbʊs,ɔbɪs,ɔbʊs
ɔb,ɔbɪv,ɔbʊv,ɔbɪv,ɔbʊv
ɔb,ɔbɪz,ɔbʊz,ɔbɪz,ɔbʊz
ɔb,ɔbɪʃ,ɔbʊʃ,ɔbɪʃ,ɔbʊʃ
ɔb,ɔbɪʒ,ɔbʊʒ,ɔbɪʒ,ɔbʊʒ
ɔb,ɔbɪθ,ɔbʊθ,ɔbɪθ,ɔbʊθ
ɔb,ɔbɪð,ɔbʊð,ɔbɪð,ɔbʊð
ɔd,ɔdɪm,ɔdʊm,ɔdɪm,ɔdʊm
ɔd,ɔdɪn,ɔdʊn,ɔdɪn,ɔdʊn
ɔd,ɔdɪŋ,ɔdʊŋ,ɔdɪŋ,ɔdʊŋ
ɔd,ɔdɪp,ɔdʊp,ɔdɪp,ɔdʊp
ɔd,ɔdɪt,ɔdʊt,ɔdɪt,ɔdʊt
ɔd,ɔdɪk,ɔdʊk,ɔdɪk,ɔdʊk
ɔd,ɔdɪb,ɔdʊb,ɔdɪb,ɔdʊb
ɔd,ɔdɪd,ɔdʊd,ɔdɪd,ɔdʊd
ɔd,ɔdɪg,ɔdʊg,ɔdɪg,ɔdʊg
ɔd,ɔdɪf,ɔdʊf,ɔdɪf,ɔdʊf
ɔd,ɔdɪs,ɔdʊs,ɔdɪs,ɔdʊs
ɔd,ɔdɪv,ɔdʊv,ɔdɪv,ɔdʊv
ɔd,ɔdɪz,ɔdʊz,ɔdɪz,ɔdʊz
ɔd,ɔdɪʃ,ɔdʊʃ,ɔdɪʃ,ɔdʊʃ
ɔd,ɔdɪʒ,ɔdʊʒ,ɔdɪʒ,ɔdʊʒ
ɔd,ɔdɪθ,ɔdʊθ,ɔdɪθ,ɔdʊθ
ɔd,ɔdɪð,ɔdʊð,ɔdɪð,ɔdʊð
ɔg,ɔgɪm,ɔgʊm,ɔgɪm,ɔgʊm
ɔg,ɔgɪn,ɔgʊn,ɔgɪn,ɔgʊn
ɔg,ɔgɪŋ,ɔgʊŋ,ɔgɪŋ,ɔgʊŋ
ɔg,ɔgɪp,ɔgʊp,ɔgɪp,ɔgʊp
ɔg,ɔgɪt,ɔgʊt,ɔgɪt,ɔgʊt
ɔg,ɔgɪk,ɔgʊk,ɔgɪk,ɔgʊk
ɔg,ɔgɪb,ɔgʊb,ɔgɪb,ɔgʊb
ɔg,ɔgɪd,ɔgʊd,ɔgɪd,ɔgʊd
ɔg,ɔgɪg,ɔgʊg,ɔgɪg,ɔgʊg
ɔg,ɔgɪf,ɔgʊf,ɔgɪf,ɔgʊf
ɔg,ɔgɪs,ɔgʊs,ɔgɪs,ɔgʊs
ɔg,ɔgɪv,ɔgʊv,ɔgɪv,ɔgʊv
ɔg,ɔgɪz,ɔgʊz,ɔgɪz,ɔgʊz
ɔg,ɔgɪʃ,ɔgʊʃ,ɔgɪʃ,ɔgʊʃ
ɔg,ɔgɪʒ,ɔgʊʒ,ɔgɪʒ,ɔgʊʒ
ɔg,ɔgɪθ,ɔgʊθ,ɔgɪθ,ɔgʊθ
ɔg,ɔgɪð,ɔgʊð,ɔgɪð,ɔgʊð
ɔf,ɔfɪm,ɔfʊm,ɔfɪm,ɔfʊm
ɔf,ɔfɪn,ɔfʊn,ɔfɪn,ɔfʊn
ɔf,ɔfɪŋ,ɔfʊŋ,ɔfɪŋ,ɔfʊŋ
ɔf,ɔfɪp,ɔfʊp,ɔfɪp,ɔfʊp
ɔf,ɔfɪt,ɔfʊt,ɔfɪt,ɔfʊt
ɔf,ɔfɪk,ɔfʊk,ɔfɪk,ɔfʊk
ɔf,ɔfɪb,ɔfʊb,ɔfɪb,ɔfʊb
ɔf,ɔfɪd,ɔfʊd,ɔfɪd,ɔfʊd
ɔf,ɔfɪg,ɔfʊg,ɔfɪg,ɔfʊg
ɔf,ɔfɪf,ɔfʊf,ɔfɪf,ɔfʊf
ɔf,ɔfɪs,ɔfʊs,ɔfɪs,ɔfʊs
ɔf,ɔfɪv,ɔfʊv,ɔfɪv,ɔfʊv
ɔf,ɔfɪz,ɔfʊz,ɔfɪz,ɔfʊz
ɔf,ɔfɪʃ,ɔfʊʃ,ɔfɪʃ,ɔfʊʃ
ɔf,ɔfɪʒ,ɔfʊʒ,ɔfɪʒ,ɔfʊʒ
ɔf,ɔfɪθ,ɔfʊθ,ɔfɪθ,ɔfʊθ
ɔf,ɔfɪð,ɔfʊð,ɔfɪð,ɔfʊð
ɔs,ɔsɪm,ɔsʊm,ɔsɪm,ɔsʊm
ɔs,ɔsɪn,ɔsʊn,ɔsɪn,ɔsʊn
ɔs,ɔsɪŋ,ɔsʊŋ,ɔsɪŋ,ɔsʊŋ
ɔs,ɔsɪp,ɔsʊp,ɔsɪp,ɔsʊp
ɔs,ɔsɪt,ɔsʊt,ɔsɪt,ɔsʊt
ɔs,ɔsɪk,ɔsʊk,ɔsɪk,ɔsʊk
ɔs,ɔsɪb,ɔsʊb,ɔsɪb,ɔsʊb
ɔs,ɔsɪd,ɔsʊd,ɔsɪd,ɔsʊd
ɔs,ɔsɪg,ɔsʊg,ɔsɪg,ɔsʊg
ɔs,ɔsɪf,ɔsʊf,ɔsɪf,ɔsʊf
ɔs,ɔsɪs,ɔsʊs,ɔsɪs,ɔsʊs
ɔs,ɔsɪv,ɔsʊv,ɔsɪv,ɔsʊv
ɔs,ɔsɪz,ɔsʊz,ɔsɪz,ɔsʊz
ɔs,ɔsɪʃ,ɔsʊʃ,ɔsɪʃ,ɔsʊʃ
ɔs,ɔsɪʒ,ɔsʊʒ,ɔsɪʒ,ɔsʊʒ
ɔs,ɔsɪθ,ɔsʊθ,ɔsɪθ,ɔsʊθ
ɔs,ɔsɪð,ɔsʊð,ɔsɪð,ɔsʊð
ɔv,ɔvɪm,ɔvʊm,ɔvɪm,ɔvʊm
ɔv,ɔvɪn,ɔvʊn,ɔvɪn,ɔvʊn
ɔv,ɔvɪŋ,ɔvʊŋ,ɔvɪŋ,ɔvʊŋ
ɔv,ɔvɪp,ɔvʊp,ɔvɪp,ɔvʊp
ɔv,ɔvɪt,ɔvʊt,ɔvɪt,ɔvʊt
ɔv,ɔvɪk,ɔvʊk,ɔvɪk,ɔvʊk
ɔv,ɔvɪb,ɔvʊb,ɔvɪb,ɔvʊb
ɔv,ɔvɪd,ɔvʊd,ɔvɪd,ɔvʊd
ɔv,ɔvɪg,ɔvʊg,ɔvɪg,ɔvʊg
ɔv,ɔvɪf,ɔvʊf,ɔvɪf,ɔvʊf
ɔv,ɔvɪs,ɔvʊs,ɔvɪs,ɔvʊs
ɔv,ɔvɪv,ɔvʊv,ɔvɪv,ɔvʊv
ɔv,ɔvɪz,ɔvʊz,ɔvɪz,ɔvʊz
ɔv,ɔvɪʃ,ɔvʊʃ,ɔvɪʃ,ɔvʊʃ
ɔv,ɔvɪʒ,ɔvʊʒ,ɔvɪʒ,ɔvʊʒ
ɔv,ɔvɪθ,ɔvʊθ,ɔvɪθ,ɔvʊθ
ɔv,ɔvɪð,ɔvʊð,ɔvɪð,ɔvʊð
ɔz,ɔzɪm,ɔzʊm,ɔzɪm,ɔzʊm
ɔz,ɔzɪn,ɔzʊn,ɔzɪn,ɔzʊn
ɔz,ɔzɪŋ,ɔzʊŋ,ɔzɪŋ,ɔzʊŋ
ɔz,ɔzɪp,ɔzʊp,ɔzɪp,ɔzʊp
ɔz,ɔzɪt,ɔzʊt,ɔzɪt,ɔzʊt
ɔz,ɔzɪk,ɔzʊk,ɔzɪk,ɔzʊk
ɔz,ɔzɪb,ɔzʊb,ɔzɪb,ɔzʊb
ɔz,ɔzɪd,ɔzʊd,ɔzɪd,ɔzʊd
ɔz,ɔzɪg,ɔzʊg,ɔzɪg,ɔzʊg
ɔz,ɔzɪf,ɔzʊf,ɔzɪf,ɔzʊf
ɔz,ɔzɪs,ɔzʊs,ɔzɪs,ɔzʊs
ɔz,ɔzɪv,ɔzʊv,ɔzɪv,ɔzʊv
ɔz,ɔzɪz,ɔzʊz,ɔzɪz,ɔzʊz
ɔz,ɔzɪʃ,ɔzʊʃ,ɔzɪʃ,ɔzʊʃ
ɔz,ɔzɪʒ,ɔzʊʒ,ɔzɪʒ,ɔzʊʒ
ɔz,ɔzɪθ,ɔzʊθ,ɔzɪθ,ɔzʊθ
ɔz,ɔzɪð,ɔzʊð,ɔzɪð,ɔzʊð
ɔʃ,ɔʃɪm,ɔʃʊm,ɔʃɪm,ɔʃʊm
ɔʃ,ɔʃɪn,ɔʃʊn,ɔʃɪn,ɔʃʊn
ɔʃ,ɔʃɪŋ,ɔʃʊŋ,ɔʃɪŋ,ɔʃʊŋ
ɔʃ,ɔʃɪp,ɔʃʊp,ɔʃɪp,ɔʃʊp
ɔʃ,ɔʃɪt,ɔʃʊt,ɔʃɪt,ɔʃʊt
ɔʃ,ɔʃɪk,ɔʃʊk,ɔʃɪk,ɔʃʊk
ɔʃ,ɔʃɪb,ɔʃʊb,ɔʃɪb,ɔʃʊb
ɔʃ,ɔʃɪd,ɔʃʊd,ɔʃɪd,ɔʃʊd
ɔʃ,ɔʃɪg,ɔʃʊg,ɔʃɪg,ɔʃʊg
ɔʃ,ɔʃɪf,ɔʃʊf,ɔʃɪf,ɔʃʊf
ɔʃ,ɔʃɪs,ɔʃʊs,ɔʃɪs,ɔʃʊs
ɔʃ,ɔʃɪv,ɔʃʊv,ɔʃɪv,ɔʃʊv
ɔʃ,ɔʃɪz,ɔʃʊz,ɔʃɪz,ɔʃʊz
ɔʃ,ɔʃɪʃ,ɔʃʊʃ,ɔʃɪʃ,ɔʃʊʃ
ɔʃ,ɔʃɪʒ,ɔʃʊʒ,ɔʃɪʒ,ɔʃʊʒ
ɔʃ,ɔʃɪθ,ɔʃʊθ,ɔʃɪθ,ɔʃʊθ
ɔʃ,ɔʃɪð,ɔʃʊð,ɔʃɪð,ɔʃʊð
ɔʒ,ɔʒɪm,ɔʒʊm,ɔʒɪm,ɔʒʊm
ɔʒ,ɔʒɪn,ɔʒʊn,ɔʒɪn,ɔʒʊn
ɔʒ,ɔʒɪŋ,ɔʒʊŋ,ɔʒɪŋ,ɔʒʊŋ
ɔʒ,ɔʒɪp,ɔʒʊp,ɔʒɪp,ɔʒʊp
ɔʒ,ɔʒɪt,ɔʒʊt,ɔʒɪt,ɔʒʊt
ɔʒ,ɔʒɪk,ɔʒʊk,ɔʒɪk,ɔʒʊk
ɔʒ,ɔʒɪb,ɔʒʊb,ɔʒɪb,ɔʒʊb
ɔʒ,ɔʒɪd,ɔʒʊd,ɔʒɪd,ɔʒʊd
ɔʒ,ɔʒɪg,ɔʒʊg,ɔʒɪg,ɔʒʊg
ɔʒ,ɔʒɪf,ɔʒʊf,ɔʒɪf,ɔʒʊf
ɔʒ,ɔʒɪs,ɔʒʊs,ɔʒɪs,ɔʒʊs
ɔʒ,ɔʒɪv,ɔʒʊv,ɔʒɪv,ɔʒʊv
ɔʒ,ɔʒɪz,ɔʒʊz,ɔʒɪz,ɔʒʊz
ɔʒ,ɔʒɪʃ,ɔʒʊʃ,ɔʒɪʃ,ɔʒʊʃ
ɔʒ,ɔʒɪʒ,ɔʒʊʒ,ɔʒɪʒ,ɔʒʊʒ
ɔʒ,ɔʒɪθ,ɔʒʊθ,ɔʒɪθ,ɔʒʊθ
ɔʒ,ɔʒɪð,ɔʒʊð,ɔʒɪð,ɔʒʊð
ɔθ,ɔθɪm,ɔθʊm,ɔθɪm,ɔθʊm
ɔθ,ɔθɪn,ɔθʊn,ɔθɪn,ɔθʊn
ɔθ,ɔθɪŋ,ɔθʊŋ,ɔθɪŋ,ɔθʊŋ
ɔθ,ɔθɪp,ɔθʊp,ɔθɪp,ɔθʊp
ɔθ,ɔθɪt,ɔθʊt,ɔθɪt,ɔθʊt
ɔθ,ɔθɪk,ɔθʊk,ɔθɪk,ɔθʊk
ɔθ,ɔθɪb,ɔθʊb,ɔθɪb,ɔθʊb
ɔθ,ɔθɪd,ɔθʊd,ɔθɪd,ɔθʊd
ɔθ,ɔθɪg,ɔθʊg,ɔθɪg,ɔθʊg
ɔθ,ɔθɪf,ɔθʊf,ɔθɪf,ɔθʊf
ɔθ,ɔθɪs,ɔθʊs,ɔθɪs,ɔθʊs
ɔθ,ɔθɪv,ɔθʊv,ɔθɪv,ɔθʊv
ɔθ,ɔθɪz,ɔθʊz,ɔθɪz,ɔθʊz
ɔθ,ɔθɪʃ,ɔθʊʃ,ɔθɪʃ,ɔθʊʃ
ɔθ,ɔθɪʒ,ɔθʊʒ,ɔθɪʒ,ɔθʊʒ
ɔθ,ɔθɪθ,ɔθʊθ,ɔθɪθ,ɔθʊθ
ɔθ,ɔθɪð,ɔθʊð,ɔθɪð,ɔθʊð
ɔð,ɔðɪm,ɔðʊm,ɔðɪm,ɔðʊm
ɔð,ɔðɪn,ɔðʊn,ɔðɪn,ɔðʊn
ɔð,ɔðɪŋ,ɔðʊŋ,ɔðɪŋ,ɔðʊŋ
ɔð,ɔðɪp,ɔðʊp,ɔðɪp,ɔðʊp
ɔð,ɔðɪt,ɔðʊt,ɔðɪt,ɔðʊt
ɔð,ɔðɪk,ɔðʊk,ɔðɪk,ɔðʊk
ɔð,ɔðɪb,ɔðʊb,ɔðɪb,ɔðʊb
ɔð,ɔðɪd,ɔðʊd,ɔðɪd,ɔðʊd
ɔð,ɔðɪg,ɔðʊg,ɔðɪg,ɔðʊg
ɔð,ɔðɪf,ɔðʊf,ɔðɪf,ɔðʊf
ɔð,ɔðɪs,ɔðʊs,ɔðɪs,ɔðʊs
ɔð,ɔðɪv,ɔðʊv,ɔðɪv,ɔðʊv
ɔð,ɔðɪz,ɔðʊz,ɔðɪz,ɔðʊz
ɔð,ɔðɪʃ,ɔðʊʃ,ɔðɪʃ,ɔðʊʃ
ɔð,ɔðɪʒ,ɔðʊʒ,ɔðɪʒ,ɔðʊʒ
ɔð,ɔðɪθ,ɔðʊθ,ɔðɪθ,ɔðʊθ
ɔð,ɔðɪð,ɔðʊð,ɔðɪð,ɔðʊð
ɔm,ɔmɛm,ɔmɔm,ɔmɛm,ɔmɔm
ɔm,ɔmɛn,ɔmɔn,ɔmɛn,ɔmɔn
ɔm,ɔmɛŋ,ɔmɔŋ,ɔmɛŋ,ɔmɔŋ
ɔm,ɔmɛp,ɔmɔp,ɔmɛp,ɔmɔp
ɔm,ɔmɛt,ɔmɔt,ɔmɛt,ɔmɔt
ɔm,ɔmɛk,ɔmɔk,ɔmɛk,ɔmɔk
ɔm,ɔmɛb,ɔmɔb,ɔmɛb,ɔmɔb
ɔm,ɔmɛd,ɔmɔd,ɔmɛd,ɔmɔd
ɔm,ɔmɛg,ɔmɔg,ɔmɛg,ɔmɔg
ɔm,ɔmɛf,ɔmɔf,ɔmɛf,ɔmɔf
ɔm,ɔmɛs,ɔmɔs,ɔmɛs,ɔmɔs
ɔm,ɔmɛv,ɔmɔv,ɔmɛv,ɔmɔv
ɔm,ɔmɛz,ɔmɔz,ɔmɛz,ɔmɔz
ɔm,ɔmɛʃ,ɔmɔʃ,ɔmɛʃ,ɔmɔʃ
ɔm,ɔmɛʒ,ɔmɔʒ,ɔmɛʒ,ɔmɔʒ
ɔm,ɔmɛθ,ɔmɔθ,ɔmɛθ,ɔmɔθ
ɔm,ɔmɛð,ɔmɔð,ɔmɛð,ɔmɔð
ɔn,ɔnɛm,ɔnɔm,ɔnɛm,ɔnɔm
ɔn,ɔnɛn,ɔnɔn,ɔnɛn,ɔnɔn
ɔn,ɔnɛŋ,ɔnɔŋ,ɔnɛŋ,ɔnɔŋ
ɔn,ɔnɛp,ɔnɔp,ɔnɛp,ɔnɔp
ɔn,ɔnɛt,ɔnɔt,ɔnɛt,ɔnɔt
ɔn,ɔnɛk,ɔnɔk,ɔnɛk,ɔnɔk
ɔn,ɔnɛb,ɔnɔb,ɔnɛb,ɔnɔb
ɔn,ɔnɛd,ɔnɔd,ɔnɛd,ɔnɔd
ɔn,ɔnɛg,ɔnɔg,ɔnɛg,ɔnɔg
ɔn,ɔnɛf,ɔnɔf,ɔnɛf,ɔnɔf
ɔn,ɔnɛs,ɔnɔs,ɔnɛs,ɔnɔs
ɔn,ɔnɛv,ɔnɔv,ɔnɛv,ɔnɔv
ɔn,ɔnɛz,ɔnɔz,ɔnɛz,ɔnɔz
ɔn,ɔnɛʃ,ɔnɔʃ,ɔnɛʃ,ɔnɔʃ
ɔn,ɔnɛʒ,ɔnɔʒ,ɔnɛʒ,ɔnɔʒ
ɔn,ɔnɛθ,ɔnɔθ,ɔnɛθ,ɔnɔθ
ɔn,ɔnɛð,ɔnɔð,ɔnɛð,ɔnɔð
ɔŋ,ɔŋɛm,ɔŋɔm,ɔŋɛm,ɔŋɔm
ɔŋ,ɔŋɛn,ɔŋɔn,ɔŋɛn,ɔŋɔn
ɔŋ,ɔŋɛŋ,ɔŋɔŋ,ɔŋɛŋ,ɔŋɔŋ
ɔŋ,ɔŋɛp,ɔŋɔp,ɔŋɛp,ɔŋɔp
ɔŋ,ɔŋɛt,ɔŋɔt,ɔŋɛt,ɔŋɔt
ɔŋ,ɔŋɛk,ɔŋɔk,ɔŋɛk,ɔŋɔk
ɔŋ,ɔŋɛb,ɔŋɔb,ɔŋɛb,ɔŋɔb
ɔŋ,ɔŋɛd,ɔŋɔd,ɔŋɛd,ɔŋɔd
ɔŋ,ɔŋɛg,ɔŋɔg,ɔŋɛg,ɔŋɔg
ɔŋ,ɔŋɛf,ɔŋɔf,ɔŋɛf,ɔŋɔf
ɔŋ,ɔŋɛs,ɔŋɔs,ɔŋɛs,ɔŋɔs
ɔŋ,ɔŋɛv,ɔŋɔv,ɔŋɛv,ɔŋɔv
ɔŋ,ɔŋɛz,ɔŋɔz,ɔŋɛz,ɔŋɔz
ɔŋ,ɔŋɛʃ,ɔŋɔʃ,ɔŋɛʃ,ɔŋɔʃ
ɔŋ,ɔŋɛʒ,ɔŋɔʒ,ɔŋɛʒ,ɔŋɔʒ
ɔŋ,ɔŋɛθ,ɔŋɔθ,ɔŋɛθ,ɔŋɔθ
ɔŋ,ɔŋɛð,ɔŋɔð,ɔŋɛð,ɔŋɔð
ɔp,ɔpɛm,ɔpɔm,ɔpɛm,ɔpɔm
ɔp,ɔpɛn,ɔpɔn,ɔpɛn,ɔpɔn
ɔp,ɔpɛŋ,ɔpɔŋ,ɔpɛŋ,ɔpɔŋ
ɔp,ɔpɛp,ɔpɔp,ɔpɛp,ɔpɔp
ɔp,ɔpɛt,ɔpɔt,ɔpɛt,ɔpɔt
ɔp,ɔpɛk,ɔpɔk,ɔpɛk,ɔpɔk
ɔp,ɔpɛb,ɔpɔb,ɔpɛb,ɔpɔb
ɔp,ɔpɛd,ɔpɔd,ɔpɛd,ɔpɔd
ɔp,ɔpɛg,ɔpɔg,ɔpɛg,ɔpɔg
ɔp,ɔpɛf,ɔpɔf,ɔpɛf,ɔpɔf
ɔp,ɔpɛs,ɔpɔs,ɔpɛs,ɔpɔs
ɔp,ɔpɛv,ɔpɔv,ɔpɛv,ɔpɔv
ɔp,ɔpɛz,ɔpɔz,ɔpɛz,ɔpɔz
ɔp,ɔpɛʃ,ɔpɔʃ,ɔpɛʃ,ɔpɔʃ
ɔp,ɔpɛʒ,ɔpɔʒ,ɔpɛʒ,ɔpɔʒ
ɔp,ɔpɛθ,ɔpɔθ,ɔpɛθ,ɔpɔθ
ɔp,ɔpɛð,ɔpɔð,ɔpɛð,ɔpɔð
ɔt,ɔtɛm,ɔtɔm,ɔtɛm,ɔtɔm
ɔt,ɔtɛn,ɔtɔn,ɔtɛn,ɔtɔn
ɔt,ɔtɛŋ,ɔtɔŋ,ɔtɛŋ,ɔtɔŋ
ɔt,ɔtɛp,ɔtɔp,ɔtɛp,ɔtɔp
ɔt,ɔtɛt,ɔtɔt,ɔtɛt,ɔtɔt
ɔt,ɔtɛk,ɔtɔk,ɔtɛk,ɔtɔk
ɔt,ɔtɛb,ɔtɔb,ɔtɛb,ɔtɔb
ɔt,ɔtɛd,ɔtɔd,ɔtɛd,ɔtɔd
ɔt,ɔtɛg,ɔtɔg,ɔtɛg,ɔtɔg
ɔt,ɔtɛf,ɔtɔf,ɔtɛf,ɔtɔf
ɔt,ɔtɛs,ɔtɔs,ɔtɛs,ɔtɔs
ɔt,ɔtɛv,ɔtɔv,ɔtɛv,ɔtɔv
ɔt,ɔtɛz,ɔtɔz,ɔtɛz,ɔtɔz
ɔt,ɔtɛʃ,ɔtɔʃ,ɔtɛʃ,ɔtɔʃ
ɔt,ɔtɛʒ,ɔtɔʒ,ɔtɛʒ,ɔtɔʒ
ɔt,ɔtɛθ,ɔtɔθ,ɔtɛθ,ɔtɔθ
ɔt,ɔtɛð,ɔtɔð,ɔtɛð,ɔtɔð
ɔk,ɔkɛm,ɔkɔm,ɔkɛm,ɔkɔm
ɔk,ɔkɛn,ɔkɔn,ɔkɛn,ɔkɔn
ɔk,ɔkɛŋ,ɔkɔŋ,ɔkɛŋ,ɔkɔŋ
ɔk,ɔkɛp,ɔkɔp,ɔkɛp,ɔkɔp
ɔk,ɔkɛt,ɔkɔt,ɔkɛt,ɔkɔt
ɔk,ɔkɛk,ɔkɔk,ɔkɛk,ɔkɔk
ɔk,ɔkɛb,ɔkɔb,ɔkɛb,ɔkɔb
ɔk,ɔkɛd,ɔkɔd,ɔkɛd,ɔkɔd
ɔk,ɔkɛg,ɔkɔg,ɔkɛg,ɔkɔg
ɔk,ɔkɛf,ɔkɔf,ɔkɛf,ɔkɔf
ɔk,ɔkɛs,ɔkɔs,ɔkɛs,ɔkɔs
ɔk,ɔkɛv,ɔkɔv,ɔkɛv,ɔkɔv
ɔk,ɔkɛz,ɔkɔz,ɔkɛz,ɔkɔz
ɔk,ɔkɛʃ,ɔkɔʃ,ɔkɛʃ,ɔkɔʃ
ɔk,ɔkɛʒ,ɔkɔʒ,ɔkɛʒ,ɔkɔʒ
ɔk,ɔkɛθ,ɔkɔθ,ɔkɛθ,ɔkɔθ
ɔk,ɔkɛð,ɔkɔð,ɔkɛð,ɔkɔð
ɔb,ɔbɛm,ɔbɔm,ɔbɛm,ɔbɔm
ɔb,ɔbɛn,ɔbɔn,ɔbɛn,ɔbɔn
ɔb,ɔbɛŋ,ɔbɔŋ,ɔbɛŋ,ɔbɔŋ
ɔb,ɔbɛp,ɔbɔp,ɔbɛp,ɔbɔp
ɔb,ɔbɛt,ɔbɔt,ɔbɛt,ɔbɔt
ɔb,ɔbɛk,ɔbɔk,ɔbɛk,ɔbɔk
ɔb,ɔbɛb,ɔbɔb,ɔbɛb,ɔbɔb
ɔb,ɔbɛd,ɔbɔd,ɔbɛd,ɔbɔd
ɔb,ɔbɛg,ɔbɔg,ɔbɛg,ɔbɔg
ɔb,ɔbɛf,ɔbɔf,ɔbɛf,ɔbɔf
ɔb,ɔbɛs,ɔbɔs,ɔbɛs,ɔbɔs
ɔb,ɔbɛv,ɔbɔv,ɔbɛv,ɔbɔv
ɔb,ɔbɛz,ɔbɔz,ɔbɛz,ɔbɔz
ɔb,ɔbɛʃ,ɔbɔʃ,ɔbɛʃ,ɔbɔʃ
ɔb,ɔbɛʒ,ɔbɔʒ,ɔbɛʒ,ɔbɔʒ
ɔb,ɔbɛθ,ɔbɔθ,ɔbɛθ,ɔbɔθ
ɔb,ɔbɛð,ɔbɔð,ɔbɛð,ɔbɔð
ɔd,ɔdɛm,ɔdɔm,ɔdɛm,ɔdɔm
ɔd,ɔdɛn,ɔdɔn,ɔdɛn,ɔdɔn
ɔd,ɔdɛŋ,ɔdɔŋ,ɔdɛŋ,ɔdɔŋ
ɔd,ɔdɛp,ɔdɔp,ɔdɛp,ɔdɔp
ɔd,ɔdɛt,ɔdɔt,ɔdɛt,ɔdɔt
ɔd,ɔdɛk,ɔdɔk,ɔdɛk,ɔdɔk
ɔd,ɔdɛb,ɔdɔb,ɔdɛb,ɔdɔb
ɔd,ɔdɛd,ɔdɔd,ɔdɛd,ɔdɔd
ɔd,ɔdɛg,ɔdɔg,ɔdɛg,ɔdɔg
ɔd,ɔdɛf,ɔdɔf,ɔdɛf,ɔdɔf
ɔd,ɔdɛs,ɔdɔs,ɔdɛs,ɔdɔs
ɔd,ɔdɛv,ɔdɔv,ɔdɛv,ɔdɔv
ɔd,ɔdɛz,ɔdɔz,ɔdɛz,ɔdɔz
ɔd,ɔdɛʃ,ɔdɔʃ,ɔdɛʃ,ɔdɔʃ
ɔd,ɔdɛʒ,ɔdɔʒ,ɔdɛʒ,ɔdɔʒ
ɔd,ɔdɛθ,ɔdɔθ,ɔdɛθ,ɔdɔθ
ɔd,ɔdɛð,ɔdɔð,ɔdɛð,ɔdɔð
ɔg,ɔgɛm,ɔgɔm,ɔgɛm,ɔgɔm
ɔg,ɔgɛn,ɔgɔn,ɔgɛn,ɔgɔn
ɔg,ɔgɛŋ,ɔgɔŋ,ɔgɛŋ,ɔgɔŋ
ɔg,ɔgɛp,ɔgɔp,ɔgɛp,ɔgɔp
ɔg,ɔgɛt,ɔgɔt,ɔgɛt,ɔgɔt
ɔg,ɔgɛk,ɔgɔk,ɔgɛk,ɔgɔk
ɔg,ɔgɛb,ɔgɔb,ɔgɛb,ɔgɔb
ɔg,ɔgɛd,ɔgɔd,ɔgɛd,ɔgɔd
ɔg,ɔgɛg,ɔgɔg,ɔgɛg,ɔgɔg
ɔg,ɔgɛf,ɔgɔf,ɔgɛf,ɔgɔf
ɔg,ɔgɛs,ɔgɔs,ɔgɛs,ɔgɔs
ɔg,ɔgɛv,ɔgɔv,ɔgɛv,ɔgɔv
ɔg,ɔgɛz,ɔgɔz,ɔgɛz,ɔgɔz
ɔg,ɔgɛʃ,ɔgɔʃ,ɔgɛʃ,ɔgɔʃ
ɔg,ɔgɛʒ,ɔgɔʒ,ɔgɛʒ,ɔgɔʒ
ɔg,ɔgɛθ,ɔgɔθ,ɔgɛθ,ɔgɔθ
ɔg,ɔgɛð,ɔgɔð,ɔgɛð,ɔgɔð
ɔf,ɔfɛm,ɔfɔm,ɔfɛm,ɔfɔm
ɔf,ɔfɛn,ɔfɔn,ɔfɛn,ɔfɔn
ɔf,ɔfɛŋ,ɔfɔŋ,ɔfɛŋ,ɔfɔŋ
ɔf,ɔfɛp,ɔfɔp,ɔfɛp,ɔfɔp
ɔf,ɔfɛt,ɔfɔt,ɔfɛt,ɔfɔt
ɔf,ɔfɛk,ɔfɔk,ɔfɛk,ɔfɔk
ɔf,ɔfɛb,ɔfɔb,ɔfɛb,ɔfɔb
ɔf,ɔfɛd,ɔfɔd,ɔfɛd,ɔfɔd
ɔf,ɔfɛg,ɔfɔg,ɔfɛg,ɔfɔg
ɔf,ɔfɛf,ɔfɔf,ɔfɛf,ɔfɔf
ɔf,ɔfɛs,ɔfɔs,ɔfɛs,ɔfɔs
ɔf,ɔfɛv,ɔfɔv,ɔfɛv,ɔfɔv
ɔf,ɔfɛz,ɔfɔz,ɔfɛz,ɔfɔz
ɔf,ɔfɛʃ,ɔfɔʃ,ɔfɛʃ,ɔfɔʃ
ɔf,ɔfɛʒ,ɔfɔʒ,ɔfɛʒ,ɔfɔʒ
ɔf,ɔfɛθ,ɔfɔθ,ɔfɛθ,ɔfɔθ
ɔf,ɔfɛð,ɔfɔð,ɔfɛð,ɔfɔð
ɔs,ɔsɛm,ɔsɔm,ɔsɛm,ɔsɔm
ɔs,ɔsɛn,ɔsɔn,ɔsɛn,ɔsɔn
ɔs,ɔsɛŋ,ɔsɔŋ,ɔsɛŋ,ɔsɔŋ
ɔs,ɔsɛp,ɔsɔp,ɔsɛp,ɔsɔp
ɔs,ɔsɛt,ɔsɔt,ɔsɛt,ɔsɔt
ɔs,ɔsɛk,ɔsɔk,ɔsɛk,ɔsɔk
ɔs,ɔsɛb,ɔsɔb,ɔsɛb,ɔsɔb
ɔs,ɔsɛd,ɔsɔd,ɔsɛd,ɔsɔd
ɔs,ɔsɛg,ɔsɔg,ɔsɛg,ɔsɔg
ɔs,ɔsɛf,ɔsɔf,ɔsɛf,ɔsɔf
ɔs,ɔsɛs,ɔsɔs,ɔsɛs,ɔsɔs
ɔs,ɔsɛv,ɔsɔv,ɔsɛv,ɔsɔv
ɔs,ɔsɛz,ɔsɔz,ɔsɛz,ɔsɔz
ɔs,ɔsɛʃ,ɔsɔʃ,ɔsɛʃ,ɔsɔʃ
ɔs,ɔsɛʒ,ɔsɔʒ,ɔsɛʒ,ɔsɔʒ
ɔs,ɔsɛθ,ɔsɔθ,ɔsɛθ,ɔsɔθ
ɔs,ɔsɛð,ɔsɔð,ɔsɛð,ɔsɔð
ɔv,ɔvɛm,ɔvɔm,ɔvɛm,ɔvɔm
ɔv,ɔvɛn,ɔvɔn,ɔvɛn,ɔvɔn
ɔv,ɔvɛŋ,ɔvɔŋ,ɔvɛŋ,ɔvɔŋ
ɔv,ɔvɛp,ɔvɔp,ɔvɛp,ɔvɔp
ɔv,ɔvɛt,ɔvɔt,ɔvɛt,ɔvɔt
ɔv,ɔvɛk,ɔvɔk,ɔvɛk,ɔvɔk
ɔv,ɔvɛb,ɔvɔb,ɔvɛb,ɔvɔb
ɔv,ɔvɛd,ɔvɔd,ɔvɛd,ɔvɔd
ɔv,ɔvɛg,ɔvɔg,ɔvɛg,ɔvɔg
ɔv,ɔvɛf,ɔvɔf,ɔvɛf,ɔvɔf
ɔv,ɔvɛs,ɔvɔs,ɔvɛs,ɔvɔs
ɔv,ɔvɛv,ɔvɔv,ɔvɛv,ɔvɔv
ɔv,ɔvɛz,ɔvɔz,ɔvɛz,ɔvɔz
ɔv,ɔvɛʃ,ɔvɔʃ,ɔvɛʃ,ɔvɔʃ
ɔv,ɔvɛʒ,ɔvɔʒ,ɔvɛʒ,ɔvɔʒ
ɔv,ɔvɛθ,ɔvɔθ,ɔvɛθ,ɔvɔθ
ɔv,ɔvɛð,ɔvɔð,ɔvɛð,ɔvɔð
ɔz,ɔzɛm,ɔzɔm,ɔzɛm,ɔzɔm
ɔz,ɔzɛn,ɔzɔn,ɔzɛn,ɔzɔn
ɔz,ɔzɛŋ,ɔzɔŋ,ɔzɛŋ,ɔzɔŋ
ɔz,ɔzɛp,ɔzɔp,ɔzɛp,ɔzɔp
ɔz,ɔzɛt,ɔzɔt,ɔzɛt,ɔzɔt
ɔz,ɔzɛk,ɔzɔk,ɔzɛk,ɔzɔk
ɔz,ɔzɛb,ɔzɔb,ɔzɛb,ɔzɔb
ɔz,ɔzɛd,ɔzɔd,ɔzɛd,ɔzɔd
ɔz,ɔzɛg,ɔzɔg,ɔzɛg,ɔzɔg
ɔz,ɔzɛf,ɔzɔf,ɔzɛf,ɔzɔf
ɔz,ɔzɛs,ɔzɔs,ɔzɛs,ɔzɔs
ɔz,ɔzɛv,ɔzɔv,ɔzɛv,ɔzɔv
ɔz,ɔzɛz,ɔzɔz,ɔzɛz,ɔzɔz
ɔz,ɔzɛʃ,ɔzɔʃ,ɔzɛʃ,ɔzɔʃ
ɔz,ɔzɛʒ,ɔzɔʒ,ɔzɛʒ,ɔzɔʒ
ɔz,ɔzɛθ,ɔzɔθ,ɔzɛθ,ɔzɔθ
ɔz,ɔzɛð,ɔzɔð,ɔzɛð,ɔzɔð
ɔʃ,ɔʃɛm,ɔʃɔm,ɔʃɛm,ɔʃɔm
ɔʃ,ɔʃɛn,ɔʃɔn,ɔʃɛn,ɔʃɔn
ɔʃ,ɔʃɛŋ,ɔʃɔŋ,ɔʃɛŋ,ɔʃɔŋ
ɔʃ,ɔʃɛp,ɔʃɔp,ɔʃɛp,ɔʃɔp
ɔʃ,ɔʃɛt,ɔʃɔt,ɔʃɛt,ɔʃɔt
ɔʃ,ɔʃɛk,ɔʃɔk,ɔʃɛk,ɔʃɔk
ɔʃ,ɔʃɛb,ɔʃɔb,ɔʃɛb,ɔʃɔb
ɔʃ,ɔʃɛd,ɔʃɔd,ɔʃɛd,ɔʃɔd
ɔʃ,ɔʃɛg,ɔʃɔg,ɔʃɛg,ɔʃɔg
ɔʃ,ɔʃɛf,ɔʃɔf,ɔʃɛf,ɔʃɔf
ɔʃ,ɔʃɛs,ɔʃɔs,ɔʃɛs,ɔʃɔs
ɔʃ,ɔʃɛv,ɔʃɔv,ɔʃɛv,ɔʃɔv
ɔʃ,ɔʃɛz,ɔʃɔz,ɔʃɛz,ɔʃɔz
ɔʃ,ɔʃɛʃ,ɔʃɔʃ,ɔʃɛʃ,ɔʃɔʃ
ɔʃ,ɔʃɛʒ,ɔʃɔʒ,ɔʃɛʒ,ɔʃɔʒ
ɔʃ,ɔʃɛθ,ɔʃɔθ,ɔʃɛθ,ɔʃɔθ
ɔʃ,ɔʃɛð,ɔʃɔð,ɔʃɛð,ɔʃɔð
ɔʒ,ɔʒɛm,ɔʒɔm,ɔʒɛm,ɔʒɔm
ɔʒ,ɔʒɛn,ɔʒɔn,ɔʒɛn,ɔʒɔn
ɔʒ,ɔʒɛŋ,ɔʒɔŋ,ɔʒɛŋ,ɔʒɔŋ
ɔʒ,ɔʒɛp,ɔʒɔp,ɔʒɛp,ɔʒɔp
ɔʒ,ɔʒɛt,ɔʒɔt,ɔʒɛt,ɔʒɔt
ɔʒ,ɔʒɛk,ɔʒɔk,ɔʒɛk,ɔʒɔk
ɔʒ,ɔʒɛb,ɔʒɔb,ɔʒɛb,ɔʒɔb
ɔʒ,ɔʒɛd,ɔʒɔd,ɔʒɛd,ɔʒɔd
ɔʒ,ɔʒɛg,ɔʒɔg,ɔʒɛg,ɔʒɔg
ɔʒ,ɔʒɛf,ɔʒɔf,ɔʒɛf,ɔʒɔf
ɔʒ,ɔʒɛs,ɔʒɔs,ɔʒɛs,ɔʒɔs
ɔʒ,ɔʒɛv,ɔʒɔv,ɔʒɛv,ɔʒɔv
ɔʒ,ɔʒɛz,ɔʒɔz,ɔʒɛz,ɔʒɔz
ɔʒ,ɔʒɛʃ,ɔʒɔʃ,ɔʒɛʃ,ɔʒɔʃ
ɔʒ,ɔʒɛʒ,ɔʒɔʒ,ɔʒɛʒ,ɔʒɔʒ
ɔʒ,ɔʒɛθ,ɔʒɔθ,ɔʒɛθ,ɔʒɔθ
ɔʒ,ɔʒɛð,ɔʒɔð,ɔʒɛð,ɔʒɔð
ɔθ,ɔθɛm,ɔθɔm,ɔθɛm,ɔθɔm
ɔθ,ɔθɛn,ɔθɔn,ɔθɛn,ɔθɔn
ɔθ,ɔθɛŋ,ɔθɔŋ,ɔθɛŋ,ɔθɔŋ
ɔθ,ɔθɛp,ɔθɔp,ɔθɛp,ɔθɔp
ɔθ,ɔθɛt,ɔθɔt,ɔθɛt,ɔθɔt
ɔθ,ɔθɛk,ɔθɔk,ɔθɛk,ɔθɔk
ɔθ,ɔθɛb,ɔθɔb,ɔθɛb,ɔθɔb
ɔθ,ɔθɛd,ɔθɔd,ɔθɛd,ɔθɔd
ɔθ,ɔθɛg,ɔθɔg,ɔθɛg,ɔθɔg
ɔθ,ɔθɛf,ɔθɔf,ɔθɛf,ɔθɔf
ɔθ,ɔθɛs,ɔθɔs,ɔθɛs,ɔθɔs
ɔθ,ɔθɛv,ɔθɔv,ɔθɛv,ɔθɔv
ɔθ,ɔθɛz,ɔθɔz,ɔθɛz,ɔθɔz
ɔθ,ɔθɛʃ,ɔθɔʃ,ɔθɛʃ,ɔθɔʃ
ɔθ,ɔθɛʒ,ɔθɔʒ,ɔθɛʒ,ɔθɔʒ
ɔθ,ɔθɛθ,ɔθɔθ,ɔθɛθ,ɔθɔθ
ɔθ,ɔθɛð,ɔθɔð,ɔθɛð,ɔθɔð
ɔð,ɔðɛm,ɔðɔm,ɔðɛm,ɔðɔm
ɔð,ɔðɛn,ɔðɔn,ɔðɛn,ɔðɔn
ɔð,ɔðɛŋ,ɔðɔŋ,ɔðɛŋ,ɔðɔŋ
ɔð,ɔðɛp,ɔðɔp,ɔðɛp,ɔðɔp
ɔð,ɔðɛt,ɔðɔt,ɔðɛt,ɔðɔt
ɔð,ɔðɛk,ɔðɔk,ɔðɛk,ɔðɔk
ɔð,ɔðɛb,ɔðɔb,ɔðɛb,ɔðɔb
ɔð,ɔðɛd,ɔðɔd,ɔðɛd,ɔðɔd
ɔð,ɔðɛg,ɔðɔg,ɔðɛg,ɔðɔg
ɔð,ɔðɛf,ɔðɔf,ɔðɛf,ɔðɔf
ɔð,ɔðɛs,ɔðɔs,ɔðɛs,ɔðɔs
ɔð,ɔðɛv,ɔðɔv,ɔðɛv,ɔðɔv
ɔð,ɔðɛz,ɔðɔz,ɔðɛz,ɔðɔz
ɔð,ɔðɛʃ,ɔðɔʃ,ɔðɛʃ,ɔðɔʃ
ɔð,ɔðɛʒ,ɔðɔʒ,ɔðɛʒ,ɔðɔʒ
ɔð,ɔðɛθ,ɔðɔθ,ɔðɛθ,ɔðɔθ
ɔð,ɔðɛð,ɔðɔð,ɔðɛð,ɔðɔð
ɔm,ɔmʊm,ɔmʊm,ɔmʊm,ɔmʊm
ɔm,ɔmʊn,ɔmʊn,ɔmʊn,ɔmʊn
ɔm,ɔmʊŋ,ɔmʊŋ,ɔmʊŋ,ɔmʊŋ
ɔm,ɔmʊp,ɔmʊp,ɔmʊp,ɔmʊp
ɔm,ɔmʊt,ɔmʊt,ɔmʊt,ɔmʊt
ɔm,ɔmʊk,ɔmʊk,ɔmʊk,ɔmʊk
ɔm,ɔmʊb,ɔmʊb,ɔmʊb,ɔmʊb
ɔm,ɔmʊd,ɔmʊd,ɔmʊd,ɔmʊd
ɔm,ɔmʊg,ɔmʊg,ɔmʊg,ɔmʊg
ɔm,ɔmʊf,ɔmʊf,ɔmʊf,ɔmʊf
ɔm,ɔmʊs,ɔmʊs,ɔmʊs,ɔmʊs
ɔm,ɔmʊv,ɔmʊv,ɔmʊv,ɔmʊv
ɔm,ɔmʊz,ɔmʊz,ɔmʊz,ɔmʊz
ɔm,ɔmʊʃ,ɔmʊʃ,ɔmʊʃ,ɔmʊʃ
ɔm,ɔmʊʒ,ɔmʊʒ,ɔmʊʒ,ɔmʊʒ
ɔm,ɔmʊθ,ɔmʊθ,ɔmʊθ,ɔmʊθ
ɔm,ɔmʊð,ɔmʊð,ɔmʊð,ɔmʊð
ɔn,ɔnʊm,ɔnʊm,ɔnʊm,ɔnʊm
ɔn,ɔnʊn,ɔnʊn,ɔnʊn,ɔnʊn
ɔn,ɔnʊŋ,ɔnʊŋ,ɔnʊŋ,ɔnʊŋ
ɔn,ɔnʊp,ɔnʊp,ɔnʊp,ɔnʊp
ɔn,ɔnʊt,ɔnʊt,ɔnʊt,ɔnʊt
ɔn,ɔnʊk,ɔnʊk,ɔnʊk,ɔnʊk
ɔn,ɔnʊb,ɔnʊb,ɔnʊb,ɔnʊb
ɔn,ɔnʊd,ɔnʊd,ɔnʊd,ɔnʊd
ɔn,ɔnʊg,ɔnʊg,ɔnʊg,ɔnʊg
ɔn,ɔnʊf,ɔnʊf,ɔnʊf,ɔnʊf
ɔn,ɔnʊs,ɔnʊs,ɔnʊs,ɔnʊs
ɔn,ɔnʊv,ɔnʊv,ɔnʊv,ɔnʊv
ɔn,ɔnʊz,ɔnʊz,ɔnʊz,ɔnʊz
ɔn,ɔnʊʃ,ɔnʊʃ,ɔnʊʃ,ɔnʊʃ
ɔn,ɔnʊʒ,ɔnʊʒ,ɔnʊʒ,ɔnʊʒ
ɔn,ɔnʊθ,ɔnʊθ,ɔnʊθ,ɔnʊθ
ɔn,ɔnʊð,ɔnʊð,ɔnʊð,ɔnʊð
ɔŋ,ɔŋʊm,ɔŋʊm,ɔŋʊm,ɔŋʊm
ɔŋ,ɔŋʊn,ɔŋʊn,ɔŋʊn,ɔŋʊn
ɔŋ,ɔŋʊŋ,ɔŋʊŋ,ɔŋʊŋ,ɔŋʊŋ
ɔŋ,ɔŋʊp,ɔŋʊp,ɔŋʊp,ɔŋʊp
ɔŋ,ɔŋʊt,ɔŋʊt,ɔŋʊt,ɔŋʊt
ɔŋ,ɔŋʊk,ɔŋʊk,ɔŋʊk,ɔŋʊk
ɔŋ,ɔŋʊb,ɔŋʊb,ɔŋʊb,ɔŋʊb
ɔŋ,ɔŋʊd,ɔŋʊd,ɔŋʊd,ɔŋʊd
ɔŋ,ɔŋʊg,ɔŋʊg,ɔŋʊg,ɔŋʊg
ɔŋ,ɔŋʊf,ɔŋʊf,ɔŋʊf,ɔŋʊf
ɔŋ,ɔŋʊs,ɔŋʊs,ɔŋʊs,ɔŋʊs
ɔŋ,ɔŋʊv,ɔŋʊv,ɔŋʊv,ɔŋʊv
ɔŋ,ɔŋʊz,ɔŋʊz,ɔŋʊz,ɔŋʊz
ɔŋ,ɔŋʊʃ,ɔŋʊʃ,ɔŋʊʃ,ɔŋʊʃ
ɔŋ,ɔŋʊʒ,ɔŋʊʒ,ɔŋʊʒ,ɔŋʊʒ
ɔŋ,ɔŋʊθ,ɔŋʊθ,ɔŋʊθ,ɔŋʊθ
ɔŋ,ɔŋʊð,ɔŋʊð,ɔŋʊð,ɔŋʊð
ɔp,ɔpʊm,ɔpʊm,ɔpʊm,ɔpʊm
ɔp,ɔpʊn,ɔpʊn,ɔpʊn,ɔpʊn
ɔp,ɔpʊŋ,ɔpʊŋ,ɔpʊŋ,ɔpʊŋ
ɔp,ɔpʊp,ɔpʊp,ɔpʊp,ɔpʊp
ɔp,ɔpʊt,ɔpʊt,ɔpʊt,ɔpʊt
ɔp,ɔpʊk,ɔpʊk,ɔpʊk,ɔpʊk
ɔp,ɔpʊb,ɔpʊb,ɔpʊb,ɔpʊb
ɔp,ɔpʊd,ɔpʊd,ɔpʊd,ɔpʊd
ɔp,ɔpʊg,ɔpʊg,ɔpʊg,ɔpʊg
ɔp,ɔpʊf,ɔpʊf,ɔpʊf,ɔpʊf
ɔp,ɔpʊs,ɔpʊs,ɔpʊs,ɔpʊs
ɔp,ɔpʊv,ɔpʊv,ɔpʊv,ɔpʊv
ɔp,ɔpʊz,ɔpʊz,ɔpʊz,ɔpʊz
ɔp,ɔpʊʃ,ɔpʊʃ,ɔpʊʃ,ɔpʊʃ
ɔp,ɔpʊʒ,ɔpʊʒ,ɔpʊʒ,ɔpʊʒ
ɔp,ɔpʊθ,ɔpʊθ,ɔpʊθ,ɔpʊθ
ɔp,ɔpʊð,ɔpʊð,ɔpʊð,ɔpʊð
ɔt,ɔtʊm,ɔtʊm,ɔtʊm,ɔtʊm
ɔt,ɔtʊn,ɔtʊn,ɔtʊn,ɔtʊn
ɔt,ɔtʊŋ,ɔtʊŋ,ɔtʊŋ,ɔtʊŋ
ɔt,ɔtʊp,ɔtʊp,ɔtʊp,ɔtʊp
ɔt,ɔtʊt,ɔtʊt,ɔtʊt,ɔtʊt
ɔt,ɔtʊk,ɔtʊk,ɔtʊk,ɔtʊk
ɔt,ɔtʊb,ɔtʊb,ɔtʊb,ɔtʊb
ɔt,ɔtʊd,ɔtʊd,ɔtʊd,ɔtʊd
ɔt,ɔtʊg,ɔtʊg,ɔtʊg,ɔtʊg
ɔt,ɔtʊf,ɔtʊf,ɔtʊf,ɔtʊf
ɔt,ɔtʊs,ɔtʊs,ɔtʊs,ɔtʊs
ɔt,ɔtʊv,ɔtʊv,ɔtʊv,ɔtʊv
ɔt,ɔtʊz,ɔtʊz,ɔtʊz,ɔtʊz
ɔt,ɔtʊʃ,ɔtʊʃ,ɔtʊʃ,ɔtʊʃ
ɔt,ɔtʊʒ,ɔtʊʒ,ɔtʊʒ,ɔtʊʒ
ɔt,ɔtʊθ,ɔtʊθ,ɔtʊθ,ɔtʊθ
ɔt,ɔtʊð,ɔtʊð,ɔtʊð,ɔtʊð
ɔk,ɔkʊm,ɔkʊm,ɔkʊm,ɔkʊm
ɔk,ɔkʊn,ɔkʊn,ɔkʊn,ɔkʊn
ɔk,ɔkʊŋ,ɔkʊŋ,ɔkʊŋ,ɔkʊŋ
ɔk,ɔkʊp,ɔkʊp,ɔkʊp,ɔkʊp
ɔk,ɔkʊt,ɔkʊt,ɔkʊt,ɔkʊt
ɔk,ɔkʊk,ɔkʊk,ɔkʊk,ɔkʊk
ɔk,ɔkʊb,ɔkʊb,ɔkʊb,ɔkʊb
ɔk,ɔkʊd,ɔkʊd,ɔkʊd,ɔkʊd
ɔk,ɔkʊg,ɔkʊg,ɔkʊg,ɔkʊg
ɔk,ɔkʊf,ɔkʊf,ɔkʊf,ɔkʊf
ɔk,ɔkʊs,ɔkʊs,ɔkʊs,ɔkʊs
ɔk,ɔkʊv,ɔkʊv,ɔkʊv,ɔkʊv
ɔk,ɔkʊz,ɔkʊz,ɔkʊz,ɔkʊz
ɔk,ɔkʊʃ,ɔkʊʃ,ɔkʊʃ,ɔkʊʃ
ɔk,ɔkʊʒ,ɔkʊʒ,ɔkʊʒ,ɔkʊʒ
ɔk,ɔkʊθ,ɔkʊθ,ɔkʊθ,ɔkʊθ
ɔk,ɔkʊð,ɔkʊð,ɔkʊð,ɔkʊð
ɔb,ɔbʊm,ɔbʊm,ɔbʊm,ɔbʊm
ɔb,ɔbʊn,ɔbʊn,ɔbʊn,ɔbʊn
ɔb,ɔbʊŋ,ɔbʊŋ,ɔbʊŋ,ɔbʊŋ
ɔb,ɔbʊp,ɔbʊp,ɔbʊp,ɔbʊp
ɔb,ɔbʊt,ɔbʊt,ɔbʊt,ɔbʊt
ɔb,ɔbʊk,ɔbʊk,ɔbʊk,ɔbʊk
ɔb,ɔbʊb,ɔbʊb,ɔbʊb,ɔbʊb
ɔb,ɔbʊd,ɔbʊd,ɔbʊd,ɔbʊd
ɔb,ɔbʊg,ɔbʊg,ɔbʊg,ɔbʊg
ɔb,ɔbʊf,ɔbʊf,ɔbʊf,ɔbʊf
ɔb,ɔbʊs,ɔbʊs,ɔbʊs,ɔbʊs
ɔb,ɔbʊv,ɔbʊv,ɔbʊv,ɔbʊv
ɔb,ɔbʊz,ɔbʊz,ɔbʊz,ɔbʊz
ɔb,ɔbʊʃ,ɔbʊʃ,ɔbʊʃ,ɔbʊʃ
ɔb,ɔbʊʒ,ɔbʊʒ,ɔbʊʒ,ɔbʊʒ
ɔb,ɔbʊθ,ɔbʊθ,ɔbʊθ,ɔbʊθ
ɔb,ɔbʊð,ɔbʊð,ɔbʊð,ɔbʊð
ɔd,ɔdʊm,ɔdʊm,ɔdʊm,ɔdʊm
ɔd,ɔdʊn,ɔdʊn,ɔdʊn,ɔdʊn
ɔd,ɔdʊŋ,ɔdʊŋ,ɔdʊŋ,ɔdʊŋ
ɔd,ɔdʊp,ɔdʊp,ɔdʊp,ɔdʊp
ɔd,ɔdʊt,ɔdʊt,ɔdʊt,ɔdʊt
ɔd,ɔdʊk,ɔdʊk,ɔdʊk,ɔdʊk
ɔd,ɔdʊb,ɔdʊb,ɔdʊb,ɔdʊb
ɔd,ɔdʊd,ɔdʊd,ɔdʊd,ɔdʊd
ɔd,ɔdʊg,ɔdʊg,ɔdʊg,ɔdʊg
ɔd,ɔdʊf,ɔdʊf,ɔdʊf,ɔdʊf
ɔd,ɔdʊs,ɔdʊs,ɔdʊs,ɔdʊs
ɔd,ɔdʊv,ɔdʊv,ɔdʊv,ɔdʊv
ɔd,ɔdʊz,ɔdʊz,ɔdʊz,ɔdʊz
ɔd,ɔdʊʃ,ɔdʊʃ,ɔdʊʃ,ɔdʊʃ
ɔd,ɔdʊʒ,ɔdʊʒ,ɔdʊʒ,ɔdʊʒ
ɔd,ɔdʊθ,ɔdʊθ,ɔdʊθ,ɔdʊθ
ɔd,ɔdʊð,ɔdʊð,ɔdʊð,ɔdʊð
ɔg,ɔgʊm,ɔgʊm,ɔgʊm,ɔgʊm
ɔg,ɔgʊn,ɔgʊn,ɔgʊn,ɔgʊn
ɔg,ɔgʊŋ,ɔgʊŋ,ɔgʊŋ,ɔgʊŋ
ɔg,ɔgʊp,ɔgʊp,ɔgʊp,ɔgʊp
ɔg,ɔgʊt,ɔgʊt,ɔgʊt,ɔgʊt
ɔg,ɔgʊk,ɔgʊk,ɔgʊk,ɔgʊk
ɔg,ɔgʊb,ɔgʊb,ɔgʊb,ɔgʊb
ɔg,ɔgʊd,ɔgʊd,ɔgʊd,ɔgʊd
ɔg,ɔgʊg,ɔgʊg,ɔgʊg,ɔgʊg
ɔg,ɔgʊf,ɔgʊf,ɔgʊf,ɔgʊf
ɔg,ɔgʊs,ɔgʊs,ɔgʊs,ɔgʊs
ɔg,ɔgʊv,ɔgʊv,ɔgʊv,ɔgʊv
ɔg,ɔgʊz,ɔgʊz,ɔgʊz,ɔgʊz
ɔg,ɔgʊʃ,ɔgʊʃ,ɔgʊʃ,ɔgʊʃ
ɔg,ɔgʊʒ,ɔgʊʒ,ɔgʊʒ,ɔgʊʒ
ɔg,ɔgʊθ,ɔgʊθ,ɔgʊθ,ɔgʊθ
ɔg,ɔgʊð,ɔgʊð,ɔgʊð,ɔgʊð
ɔf,ɔfʊm,ɔfʊm,ɔfʊm,ɔfʊm
ɔf,ɔfʊn,ɔfʊn,ɔfʊn,ɔfʊn
ɔf,ɔfʊŋ,ɔfʊŋ,ɔfʊŋ,ɔfʊŋ
ɔf,ɔfʊp,ɔfʊp,ɔfʊp,ɔfʊp
ɔf,ɔfʊt,ɔfʊt,ɔfʊt,ɔfʊt
ɔf,ɔfʊk,ɔfʊk,ɔfʊk,ɔfʊk
ɔf,ɔfʊb,ɔfʊb,ɔfʊb,ɔfʊb
ɔf,ɔfʊd,ɔfʊd,ɔfʊd,ɔfʊd
ɔf,ɔfʊg,ɔfʊg,ɔfʊg,ɔfʊg
ɔf,ɔfʊf,ɔfʊf,ɔfʊf,ɔfʊf
ɔf,ɔfʊs,ɔfʊs,ɔfʊs,ɔfʊs
ɔf,ɔfʊv,ɔfʊv,ɔfʊv,ɔfʊv
ɔf,ɔfʊz,ɔfʊz,ɔfʊz,ɔfʊz
ɔf,ɔfʊʃ,ɔfʊʃ,ɔfʊʃ,ɔfʊʃ
ɔf,ɔfʊʒ,ɔfʊʒ,ɔfʊʒ,ɔfʊʒ
ɔf,ɔfʊθ,ɔfʊθ,ɔfʊθ,ɔfʊθ
ɔf,ɔfʊð,ɔfʊð,ɔfʊð,ɔfʊð
ɔs,ɔsʊm,ɔsʊm,ɔsʊm,ɔsʊm
ɔs,ɔsʊn,ɔsʊn,ɔsʊn,ɔsʊn
ɔs,ɔsʊŋ,ɔsʊŋ,ɔsʊŋ,ɔsʊŋ
ɔs,ɔsʊp,ɔsʊp,ɔsʊp,ɔsʊp
ɔs,ɔsʊt,ɔsʊt,ɔsʊt,ɔsʊt
ɔs,ɔsʊk,ɔsʊk,ɔsʊk,ɔsʊk
ɔs,ɔsʊb,ɔsʊb,ɔsʊb,ɔsʊb
ɔs,ɔsʊd,ɔsʊd,ɔsʊd,ɔsʊd
ɔs,ɔsʊg,ɔsʊg,ɔsʊg,ɔsʊg
ɔs,ɔsʊf,ɔsʊf,ɔsʊf,ɔsʊf
ɔs,ɔsʊs,ɔsʊs,ɔsʊs,ɔsʊs
ɔs,ɔsʊv,ɔsʊv,ɔsʊv,ɔsʊv
ɔs,ɔsʊz,ɔsʊz,ɔsʊz,ɔsʊz
ɔs,ɔsʊʃ,ɔsʊʃ,ɔsʊʃ,ɔsʊʃ
ɔs,ɔsʊʒ,ɔsʊʒ,ɔsʊʒ,ɔsʊʒ
ɔs,ɔsʊθ,ɔsʊθ,ɔsʊθ,ɔsʊθ
ɔs,ɔsʊð,ɔsʊð,ɔsʊð,ɔsʊð
ɔv,ɔvʊm,ɔvʊm,ɔvʊm,ɔvʊm
ɔv,ɔvʊn,ɔvʊn,ɔvʊn,ɔvʊn
ɔv,ɔvʊŋ,ɔvʊŋ,ɔvʊŋ,ɔvʊŋ
ɔv,ɔvʊp,ɔvʊp,ɔvʊp,ɔvʊp
ɔv,ɔvʊt,ɔvʊt,ɔvʊt,ɔvʊt
ɔv,ɔvʊk,ɔvʊk,ɔvʊk,ɔvʊk
ɔv,ɔvʊb,ɔvʊb,ɔvʊb,ɔvʊb
ɔv,ɔvʊd,ɔvʊd,ɔvʊd,ɔvʊd
ɔv,ɔvʊg,ɔvʊg,ɔvʊg,ɔvʊg
ɔv,ɔvʊf,ɔvʊf,ɔvʊf,ɔvʊf
ɔv,ɔvʊs,ɔvʊs,ɔvʊs,ɔvʊs
ɔv,ɔvʊv,ɔvʊv,ɔvʊv,ɔvʊv
ɔv,ɔvʊz,ɔvʊz,ɔvʊz,ɔvʊz
ɔv,ɔvʊʃ,ɔvʊʃ,ɔvʊʃ,ɔvʊʃ
ɔv,ɔvʊʒ,ɔvʊʒ,ɔvʊʒ,ɔvʊʒ
ɔv,ɔvʊθ,ɔvʊθ,ɔvʊθ,ɔvʊθ
ɔv,ɔvʊð,ɔvʊð,ɔvʊð,ɔvʊð
ɔz,ɔzʊm,ɔzʊm,ɔzʊm,ɔzʊm
ɔz,ɔzʊn,ɔzʊn,ɔzʊn,ɔzʊn
ɔz,ɔzʊŋ,ɔzʊŋ,ɔzʊŋ,ɔzʊŋ
ɔz,ɔzʊp,ɔzʊp,ɔzʊp,ɔzʊp
ɔz,ɔzʊt,ɔzʊt,ɔzʊt,ɔzʊt
ɔz,ɔzʊk,ɔzʊk,ɔzʊk,ɔzʊk
ɔz,ɔzʊb,ɔzʊb,ɔzʊb,ɔzʊb
ɔz,ɔzʊd,ɔzʊd,ɔzʊd,ɔzʊd
ɔz,ɔzʊg,ɔzʊg,ɔzʊg,ɔzʊg
ɔz,ɔzʊf,ɔzʊf,ɔzʊf,ɔzʊf
ɔz,ɔzʊs,ɔzʊs,ɔzʊs,ɔzʊs
ɔz,ɔzʊv,ɔzʊv,ɔzʊv,ɔzʊv
ɔz,ɔzʊz,ɔzʊz,ɔzʊz,ɔzʊz
ɔz,ɔzʊʃ,ɔzʊʃ,ɔzʊʃ,ɔzʊʃ
ɔz,ɔzʊʒ,ɔzʊʒ,ɔzʊʒ,ɔzʊʒ
ɔz,ɔzʊθ,ɔzʊθ,ɔzʊθ,ɔzʊθ
ɔz,ɔzʊð,ɔzʊð,ɔzʊð,ɔzʊð
ɔʃ,ɔʃʊm,ɔʃʊm,ɔʃʊm,ɔʃʊm
ɔʃ,ɔʃʊn,ɔʃʊn,ɔʃʊn,ɔʃʊn
ɔʃ,ɔʃʊŋ,ɔʃʊŋ,ɔʃʊŋ,ɔʃʊŋ
ɔʃ,ɔʃʊp,ɔʃʊp,ɔʃʊp,ɔʃʊp
ɔʃ,ɔʃʊt,ɔʃʊt,ɔʃʊt,ɔʃʊt
ɔʃ,ɔʃʊk,ɔʃʊk,ɔʃʊk,ɔʃʊk
ɔʃ,ɔʃʊb,ɔʃʊb,ɔʃʊb,ɔʃʊb
ɔʃ,ɔʃʊd,ɔʃʊd,ɔʃʊd,ɔʃʊd
ɔʃ,ɔʃʊg,ɔʃʊg,ɔʃʊg,ɔʃʊg
ɔʃ,ɔʃʊf,ɔʃʊf,ɔʃʊf,ɔʃʊf
ɔʃ,ɔʃʊs,ɔʃʊs,ɔʃʊs,ɔʃʊs
ɔʃ,ɔʃʊv,ɔʃʊv,ɔʃʊv,ɔʃʊv
ɔʃ,ɔʃʊz,ɔʃʊz,ɔʃʊz,ɔʃʊz
ɔʃ,ɔʃʊʃ,ɔʃʊʃ,ɔʃʊʃ,ɔʃʊʃ
ɔʃ,ɔʃʊʒ,ɔʃʊʒ,ɔʃʊʒ,ɔʃʊʒ
ɔʃ,ɔʃʊθ,ɔʃʊθ,ɔʃʊθ,ɔʃʊθ
ɔʃ,ɔʃʊð,ɔʃʊð,ɔʃʊð,ɔʃʊð
ɔʒ,ɔʒʊm,ɔʒʊm,ɔʒʊm,ɔʒʊm
ɔʒ,ɔʒʊn,ɔʒʊn,ɔʒʊn,ɔʒʊn
ɔʒ,ɔʒʊŋ,ɔʒʊŋ,ɔʒʊŋ,ɔʒʊŋ
ɔʒ,ɔʒʊp,ɔʒʊp,ɔʒʊp,ɔʒʊp
ɔʒ,ɔʒʊt,ɔʒʊt,ɔʒʊt,ɔʒʊt
ɔʒ,ɔʒʊk,ɔʒʊk,ɔʒʊk,ɔʒʊk
ɔʒ,ɔʒʊb,ɔʒʊb,ɔʒʊb,ɔʒʊb
ɔʒ,ɔʒʊd,ɔʒʊd,ɔʒʊd,ɔʒʊd
ɔʒ,ɔʒʊg,ɔʒʊg,ɔʒʊg,ɔʒʊg
ɔʒ,ɔʒʊf,ɔʒʊf,ɔʒʊf,ɔʒʊf
ɔʒ,ɔʒʊs,ɔʒʊs,ɔʒʊs,ɔʒʊs
ɔʒ,ɔʒʊv,ɔʒʊv,ɔʒʊv,ɔʒʊv
ɔʒ,ɔʒʊz,ɔʒʊz,ɔʒʊz,ɔʒʊz
ɔʒ,ɔʒʊʃ,ɔʒʊʃ,ɔʒʊʃ,ɔʒʊʃ
ɔʒ,ɔʒʊʒ,ɔʒʊʒ,ɔʒʊʒ,ɔʒʊʒ
ɔʒ,ɔʒʊθ,ɔʒʊθ,ɔʒʊθ,ɔʒʊθ
ɔʒ,ɔʒʊð,ɔʒʊð,ɔʒʊð,ɔʒʊð
ɔθ,ɔθʊm,ɔθʊm,ɔθʊm,ɔθʊm
ɔθ,ɔθʊn,ɔθʊn,ɔθʊn,ɔθʊn
ɔθ,ɔθʊŋ,ɔθʊŋ,ɔθʊŋ,ɔθʊŋ
ɔθ,ɔθʊp,ɔθʊp,ɔθʊp,ɔθʊp
ɔθ,ɔθʊt,ɔθʊt,ɔθʊt,ɔθʊt
ɔθ,ɔθʊk,ɔθʊk,ɔθʊk,ɔθʊk
ɔθ,ɔθʊb,ɔθʊb,ɔθʊb,ɔθʊb
ɔθ,ɔθʊd,ɔθʊd,ɔθʊd,ɔθʊd
ɔθ,ɔθʊg,ɔθʊg,ɔθʊg,ɔθʊg
ɔθ,ɔθʊf,ɔθʊf,ɔθʊf,ɔθʊf
ɔθ,ɔθʊs,ɔθʊs,ɔθʊs,ɔθʊs
ɔθ,ɔθʊv,ɔθʊv,ɔθʊv,ɔθʊv
ɔθ,ɔθʊz,ɔθʊz,ɔθʊz,ɔθʊz
ɔθ,ɔθʊʃ,ɔθʊʃ,ɔθʊʃ,ɔθʊʃ
ɔθ,ɔθʊʒ,ɔθʊʒ,ɔθʊʒ,ɔθʊʒ
ɔθ,ɔθʊθ,ɔθʊθ,ɔθʊθ,ɔθʊθ
ɔθ,ɔθʊð,ɔθʊð,ɔθʊð,ɔθʊð
ɔð,ɔðʊm,ɔðʊm,ɔðʊm,ɔðʊm
ɔð,ɔðʊn,ɔðʊn,ɔðʊn,ɔðʊn
ɔð,ɔðʊŋ,ɔðʊŋ,ɔðʊŋ,ɔðʊŋ
ɔð,ɔðʊp,ɔðʊp,ɔðʊp,ɔðʊp
ɔð,ɔðʊt,ɔðʊt,ɔðʊt,ɔðʊt
ɔð,ɔðʊk,ɔðʊk,ɔðʊk,ɔðʊk
ɔð,ɔðʊb,ɔðʊb,ɔðʊb,ɔðʊb
ɔð,ɔðʊd,ɔðʊd,ɔðʊd,ɔðʊd
ɔð,ɔðʊg,ɔðʊg,ɔðʊg,ɔðʊg
ɔð,ɔðʊf,ɔðʊf,ɔðʊf,ɔðʊf
ɔð,ɔðʊs,ɔðʊs,ɔðʊs,ɔðʊs
ɔð,ɔðʊv,ɔðʊv,ɔðʊv,ɔðʊv
ɔð,ɔðʊz,ɔðʊz,ɔðʊz,ɔðʊz
ɔð,ɔðʊʃ,ɔðʊʃ,ɔðʊʃ,ɔðʊʃ
ɔð,ɔðʊʒ,ɔðʊʒ,ɔðʊʒ,ɔðʊʒ
ɔð,ɔðʊθ,ɔðʊθ,ɔðʊθ,ɔðʊθ
ɔð,ɔðʊð,ɔðʊð,ɔðʊð,ɔðʊð
ɔm,ɔmɔm,ɔmɔm,ɔmɔm,ɔmɔm
ɔm,ɔmɔn,ɔmɔn,ɔmɔn,ɔmɔn
ɔm,ɔmɔŋ,ɔmɔŋ,ɔmɔŋ,ɔmɔŋ
ɔm,ɔmɔp,ɔmɔp,ɔmɔp,ɔmɔp
ɔm,ɔmɔt,ɔmɔt,ɔmɔt,ɔmɔt
ɔm,ɔmɔk,ɔmɔk,ɔmɔk,ɔmɔk
ɔm,ɔmɔb,ɔmɔb,ɔmɔb,ɔmɔb
ɔm,ɔmɔd,ɔmɔd,ɔmɔd,ɔmɔd
ɔm,ɔmɔg,ɔmɔg,ɔmɔg,ɔmɔg
ɔm,ɔmɔf,ɔmɔf,ɔmɔf,ɔmɔf
ɔm,ɔmɔs,ɔmɔs,ɔmɔs,ɔmɔs
ɔm,ɔmɔv,ɔmɔv,ɔmɔv,ɔmɔv
ɔm,ɔmɔz,ɔmɔz,ɔmɔz,ɔmɔz
ɔm,ɔmɔʃ,ɔmɔʃ,ɔmɔʃ,ɔmɔʃ
ɔm,ɔmɔʒ,ɔmɔʒ,ɔmɔʒ,ɔmɔʒ
ɔm,ɔmɔθ,ɔmɔθ,ɔmɔθ,ɔmɔθ
ɔm,ɔmɔð,ɔmɔð,ɔmɔð,ɔmɔð
ɔn,ɔnɔm,ɔnɔm,ɔnɔm,ɔnɔm
ɔn,ɔnɔn,ɔnɔn,ɔnɔn,ɔnɔn
ɔn,ɔnɔŋ,ɔnɔŋ,ɔnɔŋ,ɔnɔŋ
ɔn,ɔnɔp,ɔnɔp,ɔnɔp,ɔnɔp
ɔn,ɔnɔt,ɔnɔt,ɔnɔt,ɔnɔt
ɔn,ɔnɔk,ɔnɔk,ɔnɔk,ɔnɔk
ɔn,ɔnɔb,ɔnɔb,ɔnɔb,ɔnɔb
ɔn,ɔnɔd,ɔnɔd,ɔnɔd,ɔnɔd
ɔn,ɔnɔg,ɔnɔg,ɔnɔg,ɔnɔg
ɔn,ɔnɔf,ɔnɔf,ɔnɔf,ɔnɔf
ɔn,ɔnɔs,ɔnɔs,ɔnɔs,ɔnɔs
ɔn,ɔnɔv,ɔnɔv,ɔnɔv,ɔnɔv
ɔn,ɔnɔz,ɔnɔz,ɔnɔz,ɔnɔz
ɔn,ɔnɔʃ,ɔnɔʃ,ɔnɔʃ,ɔnɔʃ
ɔn,ɔnɔʒ,ɔnɔʒ,ɔnɔʒ,ɔnɔʒ
ɔn,ɔnɔθ,ɔnɔθ,ɔnɔθ,ɔnɔθ
ɔn,ɔnɔð,ɔnɔð,ɔnɔð,ɔnɔð
ɔŋ,ɔŋɔm,ɔŋɔm,ɔŋɔm,ɔŋɔm
ɔŋ,ɔŋɔn,ɔŋɔn,ɔŋɔn,ɔŋɔn
ɔŋ,ɔŋɔŋ,ɔŋɔŋ,ɔŋɔŋ,ɔŋɔŋ
ɔŋ,ɔŋɔp,ɔŋɔp,ɔŋɔp,ɔŋɔp
ɔŋ,ɔŋɔt,ɔŋɔt,ɔŋɔt,ɔŋɔt
ɔŋ,ɔŋɔk,ɔŋɔk,ɔŋɔk,ɔŋɔk
ɔŋ,ɔŋɔb,ɔŋɔb,ɔŋɔb,ɔŋɔb
ɔŋ,ɔŋɔd,ɔŋɔd,ɔŋɔd,ɔŋɔd
ɔŋ,ɔŋɔg,ɔŋɔg,ɔŋɔg,ɔŋɔg
ɔŋ,ɔŋɔf,ɔŋɔf,ɔŋɔf,ɔŋɔf
ɔŋ,ɔŋɔs,ɔŋɔs,ɔŋɔs,ɔŋɔs
ɔŋ,ɔŋɔv,ɔŋɔv,ɔŋɔv,ɔŋɔv
ɔŋ,ɔŋɔz,ɔŋɔz,ɔŋɔz,ɔŋɔz
ɔŋ,ɔŋɔʃ,ɔŋɔʃ,ɔŋɔʃ,ɔŋɔʃ
ɔŋ,ɔŋɔʒ,ɔŋɔʒ,ɔŋɔʒ,ɔŋɔʒ
ɔŋ,ɔŋɔθ,ɔŋɔθ,ɔŋɔθ,ɔŋɔθ
ɔŋ,ɔŋɔð,ɔŋɔð,ɔŋɔð,ɔŋɔð
ɔp,ɔpɔm,ɔpɔm,ɔpɔm,ɔpɔm
ɔp,ɔpɔn,ɔpɔn,ɔpɔn,ɔpɔn
ɔp,ɔpɔŋ,ɔpɔŋ,ɔpɔŋ,ɔpɔŋ
ɔp,ɔpɔp,ɔpɔp,ɔpɔp,ɔpɔp
ɔp,ɔpɔt,ɔpɔt,ɔpɔt,ɔpɔt
ɔp,ɔpɔk,ɔpɔk,ɔpɔk,ɔpɔk
ɔp,ɔpɔb,ɔpɔb,ɔpɔb,ɔpɔb
ɔp,ɔpɔd,ɔpɔd,ɔpɔd,ɔpɔd
ɔp,ɔpɔg,ɔpɔg,ɔpɔg,ɔpɔg
ɔp,ɔpɔf,ɔpɔf,ɔpɔf,ɔpɔf
ɔp,ɔpɔs,ɔpɔs,ɔpɔs,ɔpɔs
ɔp,ɔpɔv,ɔpɔv,ɔpɔv,ɔpɔv
ɔp,ɔpɔz,ɔpɔz,ɔpɔz,ɔpɔz
ɔp,ɔpɔʃ,ɔpɔʃ,ɔpɔʃ,ɔpɔʃ
ɔp,ɔpɔʒ,ɔpɔʒ,ɔpɔʒ,ɔpɔʒ
ɔp,ɔpɔθ,ɔpɔθ,ɔpɔθ,ɔpɔθ
ɔp,ɔpɔð,ɔpɔð,ɔpɔð,ɔpɔð
ɔt,ɔtɔm,ɔtɔm,ɔtɔm,ɔtɔm
ɔt,ɔtɔn,ɔtɔn,ɔtɔn,ɔtɔn
ɔt,ɔtɔŋ,ɔtɔŋ,ɔtɔŋ,ɔtɔŋ
ɔt,ɔtɔp,ɔtɔp,ɔtɔp,ɔtɔp
ɔt,ɔtɔt,ɔtɔt,ɔtɔt,ɔtɔt
ɔt,ɔtɔk,ɔtɔk,ɔtɔk,ɔtɔk
ɔt,ɔtɔb,ɔtɔb,ɔtɔb,ɔtɔb
ɔt,ɔtɔd,ɔtɔd,ɔtɔd,ɔtɔd
ɔt,ɔtɔg,ɔtɔg,ɔtɔg,ɔtɔg
ɔt,ɔtɔf,ɔtɔf,ɔtɔf,ɔtɔf
ɔt,ɔtɔs,ɔtɔs,ɔtɔs,ɔtɔs
ɔt,ɔtɔv,ɔtɔv,ɔtɔv,ɔtɔv
ɔt,ɔtɔz,ɔtɔz,ɔtɔz,ɔtɔz
ɔt,ɔtɔʃ,ɔtɔʃ,ɔtɔʃ,ɔtɔʃ
ɔt,ɔtɔʒ,ɔtɔʒ,ɔtɔʒ,ɔtɔʒ
ɔt,ɔtɔθ,ɔtɔθ,ɔtɔθ,ɔtɔθ
ɔt,ɔtɔð,ɔtɔð,ɔtɔð,ɔtɔð
ɔk,ɔkɔm,ɔkɔm,ɔkɔm,ɔkɔm
ɔk,ɔkɔn,ɔkɔn,ɔkɔn,ɔkɔn
ɔk,ɔkɔŋ,ɔkɔŋ,ɔkɔŋ,ɔkɔŋ
ɔk,ɔkɔp,ɔkɔp,ɔkɔp,ɔkɔp
ɔk,ɔkɔt,ɔkɔt,ɔkɔt,ɔkɔt
ɔk,ɔkɔk,ɔkɔk,ɔkɔk,ɔkɔk
ɔk,ɔkɔb,ɔkɔb,ɔkɔb,ɔkɔb
ɔk,ɔkɔd,ɔkɔd,ɔkɔd,ɔkɔd
ɔk,ɔkɔg,ɔkɔg,ɔkɔg,ɔkɔg
ɔk,ɔkɔf,ɔkɔf,ɔkɔf,ɔkɔf
ɔk,ɔkɔs,ɔkɔs,ɔkɔs,ɔkɔs
ɔk,ɔkɔv,ɔkɔv,ɔkɔv,ɔkɔv
ɔk,ɔkɔz,ɔkɔz,ɔkɔz,ɔkɔz
ɔk,ɔkɔʃ,ɔkɔʃ,ɔkɔʃ,ɔkɔʃ
ɔk,ɔkɔʒ,ɔkɔʒ,ɔkɔʒ,ɔkɔʒ
ɔk,ɔkɔθ,ɔkɔθ,ɔkɔθ,ɔkɔθ
ɔk,ɔkɔð,ɔkɔð,ɔkɔð,ɔkɔð
ɔb,ɔbɔm,ɔbɔm,ɔbɔm,ɔbɔm
ɔb,ɔbɔn,ɔbɔn,ɔbɔn,ɔbɔn
ɔb,ɔbɔŋ,ɔbɔŋ,ɔbɔŋ,ɔbɔŋ
ɔb,ɔbɔp,ɔbɔp,ɔbɔp,ɔbɔp
ɔb,ɔbɔt,ɔbɔt,ɔbɔt,ɔbɔt
ɔb,ɔbɔk,ɔbɔk,ɔbɔk,ɔbɔk
ɔb,ɔbɔb,ɔbɔb,ɔbɔb,ɔbɔb
ɔb,ɔbɔd,ɔbɔd,ɔbɔd,ɔbɔd
ɔb,ɔbɔg,ɔbɔg,ɔbɔg,ɔbɔg
ɔb,ɔbɔf,ɔbɔf,ɔbɔf,ɔbɔf
ɔb,ɔbɔs,ɔbɔs,ɔbɔs,ɔbɔs
ɔb,ɔbɔv,ɔbɔv,ɔbɔv,ɔbɔv
ɔb,ɔbɔz,ɔbɔz,ɔbɔz,ɔbɔz
ɔb,ɔbɔʃ,ɔbɔʃ,ɔbɔʃ,ɔbɔʃ
ɔb,ɔbɔʒ,ɔbɔʒ,ɔbɔʒ,ɔbɔʒ
ɔb,ɔbɔθ,ɔbɔθ,ɔbɔθ,ɔbɔθ
ɔb,ɔbɔð,ɔbɔð,ɔbɔð,ɔbɔð
ɔd,ɔdɔm,ɔdɔm,ɔdɔm,ɔdɔm
ɔd,ɔdɔn,ɔdɔn,ɔdɔn,ɔdɔn
ɔd,ɔdɔŋ,ɔdɔŋ,ɔdɔŋ,ɔdɔŋ
ɔd,ɔdɔp,ɔdɔp,ɔdɔp,ɔdɔp
ɔd,ɔdɔt,ɔdɔt,ɔdɔt,ɔdɔt
ɔd,ɔdɔk,ɔdɔk,ɔdɔk,ɔdɔk
ɔd,ɔdɔb,ɔdɔb,ɔdɔb,ɔdɔb
ɔd,ɔdɔd,ɔdɔd,ɔdɔd,ɔdɔd
ɔd,ɔdɔg,ɔdɔg,ɔdɔg,ɔdɔg
ɔd,ɔdɔf,ɔdɔf,ɔdɔf,ɔdɔf
ɔd,ɔdɔs,ɔdɔs,ɔdɔs,ɔdɔs
ɔd,ɔdɔv,ɔdɔv,ɔdɔv,ɔdɔv
ɔd,ɔdɔz,ɔdɔz,ɔdɔz,ɔdɔz
ɔd,ɔdɔʃ,ɔdɔʃ,ɔdɔʃ,ɔdɔʃ
ɔd,ɔdɔʒ,ɔdɔʒ,ɔdɔʒ,ɔdɔʒ
ɔd,ɔdɔθ,ɔdɔθ,ɔdɔθ,ɔdɔθ
ɔd,ɔdɔð,ɔdɔð,ɔdɔð,ɔdɔð
ɔg,ɔgɔm,ɔgɔm,ɔgɔm,ɔgɔm
ɔg,ɔgɔn,ɔgɔn,ɔgɔn,ɔgɔn
ɔg,ɔgɔŋ,ɔgɔŋ,ɔgɔŋ,ɔgɔŋ
ɔg,ɔgɔp,ɔgɔp,ɔgɔp,ɔgɔp
ɔg,ɔgɔt,ɔgɔt,ɔgɔt,ɔgɔt
ɔg,ɔgɔk,ɔgɔk,ɔgɔk,ɔgɔk
ɔg,ɔgɔb,ɔgɔb,ɔgɔb,ɔgɔb
ɔg,ɔgɔd,ɔgɔd,ɔgɔd,ɔgɔd
ɔg,ɔgɔg,ɔgɔg,ɔgɔg,ɔgɔg
ɔg,ɔgɔf,ɔgɔf,ɔgɔf,ɔgɔf
ɔg,ɔgɔs,ɔgɔs,ɔgɔs,ɔgɔs
ɔg,ɔgɔv,ɔgɔv,ɔgɔv,ɔgɔv
ɔg,ɔgɔz,ɔgɔz,ɔgɔz,ɔgɔz
ɔg,ɔgɔʃ,ɔgɔʃ,ɔgɔʃ,ɔgɔʃ
ɔg,ɔgɔʒ,ɔgɔʒ,ɔgɔʒ,ɔgɔʒ
ɔg,ɔgɔθ,ɔgɔθ,ɔgɔθ,ɔgɔθ
ɔg,ɔgɔð,ɔgɔð,ɔgɔð,ɔgɔð
ɔf,ɔfɔm,ɔfɔm,ɔfɔm,ɔfɔm
ɔf,ɔfɔn,ɔfɔn,ɔfɔn,ɔfɔn
ɔf,ɔfɔŋ,ɔfɔŋ,ɔfɔŋ,ɔfɔŋ
ɔf,ɔfɔp,ɔfɔp,ɔfɔp,ɔfɔp
ɔf,ɔfɔt,ɔfɔt,ɔfɔt,ɔfɔt
ɔf,ɔfɔk,ɔfɔk,ɔfɔk,ɔfɔk
ɔf,ɔfɔb,ɔfɔb,ɔfɔb,ɔfɔb
ɔf,ɔfɔd,ɔfɔd,ɔfɔd,ɔfɔd
ɔf,ɔfɔg,ɔfɔg,ɔfɔg,ɔfɔg
ɔf,ɔfɔf,ɔfɔf,ɔfɔf,ɔfɔf
ɔf,ɔfɔs,ɔfɔs,ɔfɔs,ɔfɔs
ɔf,ɔfɔv,ɔfɔv,ɔfɔv,ɔfɔv
ɔf,ɔfɔz,ɔfɔz,ɔfɔz,ɔfɔz
ɔf,ɔfɔʃ,ɔfɔʃ,ɔfɔʃ,ɔfɔʃ
ɔf,ɔfɔʒ,ɔfɔʒ,ɔfɔʒ,ɔfɔʒ
ɔf,ɔfɔθ,ɔfɔθ,ɔfɔθ,ɔfɔθ
ɔf,ɔfɔð,ɔfɔð,ɔfɔð,ɔfɔð
ɔs,ɔsɔm,ɔsɔm,ɔsɔm,ɔsɔm
ɔs,ɔsɔn,ɔsɔn,ɔsɔn,ɔsɔn
ɔs,ɔsɔŋ,ɔsɔŋ,ɔsɔŋ,ɔsɔŋ
ɔs,ɔsɔp,ɔsɔp,ɔsɔp,ɔsɔp
ɔs,ɔsɔt,ɔsɔt,ɔsɔt,ɔsɔt
ɔs,ɔsɔk,ɔsɔk,ɔsɔk,ɔsɔk
ɔs,ɔsɔb,ɔsɔb,ɔsɔb,ɔsɔb
ɔs,ɔsɔd,ɔsɔd,ɔsɔd,ɔsɔd
ɔs,ɔsɔg,ɔsɔg,ɔsɔg,ɔsɔg
ɔs,ɔsɔf,ɔsɔf,ɔsɔf,ɔsɔf
ɔs,ɔsɔs,ɔsɔs,ɔsɔs,ɔsɔs
ɔs,ɔsɔv,ɔsɔv,ɔsɔv,ɔsɔv
ɔs,ɔsɔz,ɔsɔz,ɔsɔz,ɔsɔz
ɔs,ɔsɔʃ,ɔsɔʃ,ɔsɔʃ,ɔsɔʃ
ɔs,ɔsɔʒ,ɔsɔʒ,ɔsɔʒ,ɔsɔʒ
ɔs,ɔsɔθ,ɔsɔθ,ɔsɔθ,ɔsɔθ
ɔs,ɔsɔð,ɔsɔð,ɔsɔð,ɔsɔð
ɔv,ɔvɔm,ɔvɔm,ɔvɔm,ɔvɔm
ɔv,ɔvɔn,ɔvɔn,ɔvɔn,ɔvɔn
ɔv,ɔvɔŋ,ɔvɔŋ,ɔvɔŋ,ɔvɔŋ
ɔv,ɔvɔp,ɔvɔp,ɔvɔp,ɔvɔp
ɔv,ɔvɔt,ɔvɔt,ɔvɔt,ɔvɔt
ɔv,ɔvɔk,ɔvɔk,ɔvɔk,ɔvɔk
ɔv,ɔvɔb,ɔvɔb,ɔvɔb,ɔvɔb
ɔv,ɔvɔd,ɔvɔd,ɔvɔd,ɔvɔd
ɔv,ɔvɔg,ɔvɔg,ɔvɔg,ɔvɔg
ɔv,ɔvɔf,ɔvɔf,ɔvɔf,ɔvɔf
ɔv,ɔvɔs,ɔvɔs,ɔvɔs,ɔvɔs
ɔv,ɔvɔv,ɔvɔv,ɔvɔv,ɔvɔv
ɔv,ɔvɔz,ɔvɔz,ɔvɔz,ɔvɔz
ɔv,ɔvɔʃ,ɔvɔʃ,ɔvɔʃ,ɔvɔʃ
ɔv,ɔvɔʒ,ɔvɔʒ,ɔvɔʒ,ɔvɔʒ
ɔv,ɔvɔθ,ɔvɔθ,ɔvɔθ,ɔvɔθ
ɔv,ɔvɔð,ɔvɔð,ɔvɔð,ɔvɔð
ɔz,ɔzɔm,ɔzɔm,ɔzɔm,ɔzɔm
ɔz,ɔzɔn,ɔzɔn,ɔzɔn,ɔzɔn
ɔz,ɔzɔŋ,ɔzɔŋ,ɔzɔŋ,ɔzɔŋ
ɔz,ɔzɔp,ɔzɔp,ɔzɔp,ɔzɔp
ɔz,ɔzɔt,ɔzɔt,ɔzɔt,ɔzɔt
ɔz,ɔzɔk,ɔzɔk,ɔzɔk,ɔzɔk
ɔz,ɔzɔb,ɔzɔb,ɔzɔb,ɔzɔb
ɔz,ɔzɔd,ɔzɔd,ɔzɔd,ɔzɔd
ɔz,ɔzɔg,ɔzɔg,ɔzɔg,ɔzɔg
ɔz,ɔzɔf,ɔzɔf,ɔzɔf,ɔzɔf
ɔz,ɔzɔs,ɔzɔs,ɔzɔs,ɔzɔs
ɔz,ɔzɔv,ɔzɔv,ɔzɔv,ɔzɔv
ɔz,ɔzɔz,ɔzɔz,ɔzɔz,ɔzɔz
ɔz,ɔzɔʃ,ɔzɔʃ,ɔzɔʃ,ɔzɔʃ
ɔz,ɔzɔʒ,ɔzɔʒ,ɔzɔʒ,ɔzɔʒ
ɔz,ɔzɔθ,ɔzɔθ,ɔzɔθ,ɔzɔθ
ɔz,ɔzɔð,ɔzɔð,ɔzɔð,ɔzɔð
ɔʃ,ɔʃɔm,ɔʃɔm,ɔʃɔm,ɔʃɔm
ɔʃ,ɔʃɔn,ɔʃɔn,ɔʃɔn,ɔʃɔn
ɔʃ,ɔʃɔŋ,ɔʃɔŋ,ɔʃɔŋ,ɔʃɔŋ
ɔʃ,ɔʃɔp,ɔʃɔp,ɔʃɔp,ɔʃɔp
ɔʃ,ɔʃɔt,ɔʃɔt,ɔʃɔt,ɔʃɔt
ɔʃ,ɔʃɔk,ɔʃɔk,ɔʃɔk,ɔʃɔk
ɔʃ,ɔʃɔb,ɔʃɔb,ɔʃɔb,ɔʃɔb
ɔʃ,ɔʃɔd,ɔʃɔd,ɔʃɔd,ɔʃɔd
ɔʃ,ɔʃɔg,ɔʃɔg,ɔʃɔg,ɔʃɔg
ɔʃ,ɔʃɔf,ɔʃɔf,ɔʃɔf,ɔʃɔf
ɔʃ,ɔʃɔs,ɔʃɔs,ɔʃɔs,ɔʃɔs
ɔʃ,ɔʃɔv,ɔʃɔv,ɔʃɔv,ɔʃɔv
ɔʃ,ɔʃɔz,ɔʃɔz,ɔʃɔz,ɔʃɔz
ɔʃ,ɔʃɔʃ,ɔʃɔʃ,ɔʃɔʃ,ɔʃɔʃ
ɔʃ,ɔʃɔʒ,ɔʃɔʒ,ɔʃɔʒ,ɔʃɔʒ
ɔʃ,ɔʃɔθ,ɔʃɔθ,ɔʃɔθ,ɔʃɔθ
ɔʃ,ɔʃɔð,ɔʃɔð,ɔʃɔð,ɔʃɔð
ɔʒ,ɔʒɔm,ɔʒɔm,ɔʒɔm,ɔʒɔm
ɔʒ,ɔʒɔn,ɔʒɔn,ɔʒɔn,ɔʒɔn
ɔʒ,ɔʒɔŋ,ɔʒɔŋ,ɔʒɔŋ,ɔʒɔŋ
ɔʒ,ɔʒɔp,ɔʒɔp,ɔʒɔp,ɔʒɔp
ɔʒ,ɔʒɔt,ɔʒɔt,ɔʒɔt,ɔʒɔt
ɔʒ,ɔʒɔk,ɔʒɔk,ɔʒɔk,ɔʒɔk
ɔʒ,ɔʒɔb,ɔʒɔb,ɔʒɔb,ɔʒɔb
ɔʒ,ɔʒɔd,ɔʒɔd,ɔʒɔd,ɔʒɔd
ɔʒ,ɔʒɔg,ɔʒɔg,ɔʒɔg,ɔʒɔg
ɔʒ,ɔʒɔf,ɔʒɔf,ɔʒɔf,ɔʒɔf
ɔʒ,ɔʒɔs,ɔʒɔs,ɔʒɔs,ɔʒɔs
ɔʒ,ɔʒɔv,ɔʒɔv,ɔʒɔv,ɔʒɔv
ɔʒ,ɔʒɔz,ɔʒɔz,ɔʒɔz,ɔʒɔz
ɔʒ,ɔʒɔʃ,ɔʒɔʃ,ɔʒɔʃ,ɔʒɔʃ
ɔʒ,ɔʒɔʒ,ɔʒɔʒ,ɔʒɔʒ,ɔʒɔʒ
ɔʒ,ɔʒɔθ,ɔʒɔθ,ɔʒɔθ,ɔʒɔθ
ɔʒ,ɔʒɔð,ɔʒɔð,ɔʒɔð,ɔʒɔð
ɔθ,ɔθɔm,ɔθɔm,ɔθɔm,ɔθɔm
ɔθ,ɔθɔn,ɔθɔn,ɔθɔn,ɔθɔn
ɔθ,ɔθɔŋ,ɔθɔŋ,ɔθɔŋ,ɔθɔŋ
ɔθ,ɔθɔp,ɔθɔp,ɔθɔp,ɔθɔp
ɔθ,ɔθɔt,ɔθɔt,ɔθɔt,ɔθɔt
ɔθ,ɔθɔk,ɔθɔk,ɔθɔk,ɔθɔk
ɔθ,ɔθɔb,ɔθɔb,ɔθɔb,ɔθɔb
ɔθ,ɔθɔd,ɔθɔd,ɔθɔd,ɔθɔd
ɔθ,ɔθɔg,ɔθɔg,ɔθɔg,ɔθɔg
ɔθ,ɔθɔf,ɔθɔf,ɔθɔf,ɔθɔf
ɔθ,ɔθɔs,ɔθɔs,ɔθɔs,ɔθɔs
ɔθ,ɔθɔv,ɔθɔv,ɔθɔv,ɔθɔv
ɔθ,ɔθɔz,ɔθɔz,ɔθɔz,ɔθɔz
ɔθ,ɔθɔʃ,ɔθɔʃ,ɔθɔʃ,ɔθɔʃ
ɔθ,ɔθɔʒ,ɔθɔʒ,ɔθɔʒ,ɔθɔʒ
ɔθ,ɔθɔθ,ɔθɔθ,ɔθɔθ,ɔθɔθ
ɔθ,ɔθɔð,ɔθɔð,ɔθɔð,ɔθɔð
ɔð,ɔðɔm,ɔðɔm,ɔðɔm,ɔðɔm
ɔð,ɔðɔn,ɔðɔn,ɔðɔn,ɔðɔn
ɔð,ɔðɔŋ,ɔðɔŋ,ɔðɔŋ,ɔðɔŋ
ɔð,ɔðɔp,ɔðɔp,ɔðɔp,ɔðɔp
ɔð,ɔðɔt,ɔðɔt,ɔðɔt,ɔðɔt
ɔð,ɔðɔk,ɔðɔk,ɔðɔk,ɔðɔk
ɔð,ɔðɔb,ɔðɔb,ɔðɔb,ɔðɔb
ɔð,ɔðɔd,ɔðɔd,ɔðɔd,ɔðɔd
ɔð,ɔðɔg,ɔðɔg,ɔðɔg,ɔðɔg
ɔð,ɔðɔf,ɔðɔf,ɔðɔf,ɔðɔf
ɔð,ɔðɔs,ɔðɔs,ɔðɔs,ɔðɔs
ɔð,ɔðɔv,ɔðɔv,ɔðɔv,ɔðɔv
ɔð,ɔðɔz,ɔðɔz,ɔðɔz,ɔðɔz
ɔð,ɔðɔʃ,ɔðɔʃ,ɔðɔʃ,ɔðɔʃ
ɔð,ɔðɔʒ,ɔðɔʒ,ɔðɔʒ,ɔðɔʒ
ɔð,ɔðɔθ,ɔðɔθ,ɔðɔθ,ɔðɔθ
ɔð,ɔðɔð,ɔðɔð,ɔðɔð,ɔðɔð
mɪm,mɪmi,mɪmi,mɪmi,mɪmi
mɪn,mɪni,mɪni,mɪni,mɪni
mɪŋ,mɪŋi,mɪŋi,mɪŋi,mɪŋi
mɪp,mɪpi,mɪpi,mɪpi,mɪpi
mɪt,mɪti,mɪti,mɪti,mɪti
mɪk,mɪki,mɪki,mɪki,mɪki
mɪb,mɪbi,mɪbi,mɪbi,mɪbi
mɪd,mɪdi,mɪdi,mɪdi,mɪdi
mɪg,mɪgi,mɪgi,mɪgi,mɪgi
mɪf,mɪfi,mɪfi,mɪfi,mɪfi
mɪs,mɪsi,mɪsi,mɪsi,mɪsi
mɪv,mɪvi,mɪvi,mɪvi,mɪvi
mɪz,mɪzi,mɪzi,mɪzi,mɪzi
mɪʃ,mɪʃi,mɪʃi,mɪʃi,mɪʃi
mɪʒ,mɪʒi,mɪʒi,mɪʒi,mɪʒi
mɪθ,mɪθi,mɪθi,mɪθi,mɪθi
mɪð,mɪði,mɪði,mɪði,mɪði
nɪm,nɪmi,nɪmi,nɪmi,nɪmi
nɪn,nɪni,nɪni,nɪni,nɪni
nɪŋ,nɪŋi,nɪŋi,nɪŋi,nɪŋi
nɪp,nɪpi,nɪpi,nɪpi,nɪpi
nɪt,nɪti,nɪti,nɪti,nɪti
nɪk,nɪki,nɪki,nɪki,nɪki
nɪb,nɪbi,nɪbi,nɪbi,nɪbi
nɪd,nɪdi,nɪdi,nɪdi,nɪdi
nɪg,nɪgi,nɪgi,nɪgi,nɪgi
nɪf,nɪfi,nɪfi,nɪfi,nɪfi
nɪs,nɪsi,nɪsi,nɪsi,nɪsi
nɪv,nɪvi,nɪvi,nɪvi,nɪvi
nɪz,nɪzi,nɪzi,nɪzi,nɪzi
nɪʃ,nɪʃi,nɪʃi,nɪʃi,nɪʃi
nɪʒ,nɪʒi,nɪʒi,nɪʒi,nɪʒi
nɪθ,nɪθi,nɪθi,nɪθi,nɪθi
nɪð,nɪði,nɪði,nɪði,nɪði
pɪm,pɪmi,pɪmi,pɪmi,pɪmi
pɪn,pɪni,pɪni,pɪni,pɪni
pɪŋ,pɪŋi,pɪŋi,pɪŋi,pɪŋi
pɪp,pɪpi,pɪpi,pɪpi,pɪpi
pɪt,pɪti,pɪti,pɪti,pɪti
pɪk,pɪki,pɪki,pɪki,pɪki
pɪb,pɪbi,pɪbi,pɪbi,pɪbi
pɪd,pɪdi,pɪdi,pɪdi,pɪdi
pɪg,pɪgi,pɪgi,pɪgi,pɪgi
pɪf,pɪfi,pɪfi,pɪfi,pɪfi
pɪs,pɪsi,pɪsi,pɪsi,pɪsi
pɪv,pɪvi,pɪvi,pɪvi,pɪvi
pɪz,pɪzi,pɪzi,pɪzi,pɪzi
pɪʃ,pɪʃi,pɪʃi,pɪʃi,pɪʃi
pɪʒ,pɪʒi,pɪʒi,pɪʒi,pɪʒi
pɪθ,pɪθi,pɪθi,pɪθi,pɪθi
pɪð,pɪði,pɪði,pɪði,pɪði
tɪm,tɪmi,tɪmi,tɪmi,tɪmi
tɪn,tɪni,tɪni,tɪni,tɪni
tɪŋ,tɪŋi,tɪŋi,tɪŋi,tɪŋi
tɪp,tɪpi,tɪpi,tɪpi,tɪpi
tɪt,tɪti,tɪti,tɪti,tɪti
tɪk,tɪki,tɪki,tɪki,tɪki
tɪb,tɪbi,tɪbi,tɪbi,tɪbi
tɪd,tɪdi,tɪdi,tɪdi,tɪdi
tɪg,tɪgi,tɪgi,tɪgi,tɪgi
tɪf,tɪfi,tɪfi,tɪfi,tɪfi
tɪs,tɪsi,tɪsi,tɪsi,tɪsi
tɪv,tɪvi,tɪvi,tɪvi,tɪvi
tɪz,tɪzi,tɪzi,tɪzi,tɪzi
tɪʃ,tɪʃi,tɪʃi,tɪʃi,tɪʃi
tɪʒ,tɪʒi,tɪʒi,tɪʒi,tɪʒi
tɪθ,tɪθi,tɪθi,tɪθi,tɪθi
tɪð,tɪði,tɪði,tɪði,tɪði
kɪm,kɪmi,kɪmi,kɪmi,kɪmi
kɪn,kɪni,kɪni,kɪni,kɪni
kɪŋ,kɪŋi,kɪŋi,kɪŋi,kɪŋi
kɪp,kɪpi,kɪpi,kɪpi,kɪpi
kɪt,kɪti,kɪti,kɪti,kɪti
kɪk,kɪki,kɪki,kɪki,kɪki
kɪb,kɪbi,kɪbi,kɪbi,kɪbi
kɪd,kɪdi,kɪdi,kɪdi,kɪdi
kɪg,kɪgi,kɪgi,kɪgi,kɪgi
kɪf,kɪfi,kɪfi,kɪfi,kɪfi
kɪs,kɪsi,kɪsi,kɪsi,kɪsi
kɪv,kɪvi,kɪvi,kɪvi,kɪvi
kɪz,kɪzi,kɪzi,kɪzi,kɪzi
kɪʃ,kɪʃi,kɪʃi,kɪʃi,kɪʃi
kɪʒ,kɪʒi,kɪʒi,kɪʒi,kɪʒi
kɪθ,kɪθi,kɪθi,kɪθi,kɪθi
kɪð,kɪði,kɪði,kɪði,kɪði
bɪm,bɪmi,bɪmi,bɪmi,bɪmi
bɪn,bɪni,bɪni,bɪni,bɪni
bɪŋ,bɪŋi,bɪŋi,bɪŋi,bɪŋi
bɪp,bɪpi,bɪpi,bɪpi,bɪpi
bɪt,bɪti,bɪti,bɪti,bɪti
bɪk,bɪki,bɪki,bɪki,bɪki
bɪb,bɪbi,bɪbi,bɪbi,bɪbi
bɪd,bɪdi,bɪdi,bɪdi,bɪdi
bɪg,bɪgi,bɪgi,bɪgi,bɪgi
bɪf,bɪfi,bɪfi,bɪfi,bɪfi
bɪs,bɪsi,bɪsi,bɪsi,bɪsi
bɪv,bɪvi,bɪvi,bɪvi,bɪvi
bɪz,bɪzi,bɪzi,bɪzi,bɪzi
bɪʃ,bɪʃi,bɪʃi,bɪʃi,bɪʃi
bɪʒ,bɪʒi,bɪʒi,bɪʒi,bɪʒi
bɪθ,bɪθi,bɪθi,bɪθi,bɪθi
bɪð,bɪði,bɪði,bɪði,bɪði
dɪm,dɪmi,dɪmi,dɪmi,dɪmi
dɪn,dɪni,dɪni,dɪni,dɪni
dɪŋ,dɪŋi,dɪŋi,dɪŋi,dɪŋi
dɪp,dɪpi,dɪpi,dɪpi,dɪpi
dɪt,dɪti,dɪti,dɪti,dɪti
dɪk,dɪki,dɪki,dɪki,dɪki
dɪb,dɪbi,dɪbi,dɪbi,dɪbi
dɪd,dɪdi,dɪdi,dɪdi,dɪdi
dɪg,dɪgi,dɪgi,dɪgi,dɪgi
dɪf,dɪfi,dɪfi,dɪfi,dɪfi
dɪs,dɪsi,dɪsi,dɪsi,dɪsi
dɪv,dɪvi,dɪvi,dɪvi,dɪvi
dɪz,dɪzi,dɪzi,dɪzi,dɪzi
dɪʃ,dɪʃi,dɪʃi,dɪʃi,dɪʃi
dɪʒ,dɪʒi,dɪʒi,dɪʒi,dɪʒi
dɪθ,dɪθi,dɪθi,dɪθi,dɪθi
dɪð,dɪði,dɪði,dɪði,dɪði
gɪm,gɪmi,gɪmi,gɪmi,gɪmi
gɪn,gɪni,gɪni,gɪni,gɪni
gɪŋ,gɪŋi,gɪŋi,gɪŋi,gɪŋi
gɪp,gɪpi,gɪpi,gɪpi,gɪpi
gɪt,gɪti,gɪti,gɪti,gɪti
gɪk,gɪki,gɪki,gɪki,gɪki
gɪb,gɪbi,gɪbi,gɪbi,gɪbi
gɪd,gɪdi,gɪdi,gɪdi,gɪdi
gɪg,gɪgi,gɪgi,gɪgi,gɪgi
gɪf,gɪfi,gɪfi,gɪfi,gɪfi
gɪs,gɪsi,gɪsi,gɪsi,gɪsi
gɪv,gɪvi,gɪvi,gɪvi,gɪvi
gɪz,gɪzi,gɪzi,gɪzi,gɪzi
gɪʃ,gɪʃi,gɪʃi,gɪʃi,gɪʃi
gɪʒ,gɪʒi,gɪʒi,gɪʒi,gɪʒi
gɪθ,gɪθi,gɪθi,gɪθi,gɪθi
gɪð,gɪði,gɪði,gɪði,gɪði
fɪm,fɪmi,fɪmi,fɪmi,fɪmi
fɪn,fɪni,fɪni,fɪni,fɪni
fɪŋ,fɪŋi,fɪŋi,fɪŋi,fɪŋi
fɪp,fɪpi,fɪpi,fɪpi,fɪpi
fɪt,fɪti,fɪti,fɪti,fɪti
fɪk,fɪki,fɪki,fɪki,fɪki
fɪb,fɪbi,fɪbi,fɪbi,fɪbi
fɪd,fɪdi,fɪdi,fɪdi,fɪdi
fɪg,fɪgi,fɪgi,fɪgi,fɪgi
fɪf,fɪfi,fɪfi,fɪfi,fɪfi
fɪs,fɪsi,fɪsi,fɪsi,fɪsi
fɪv,fɪvi,fɪvi,fɪvi,fɪvi
fɪz,fɪzi,fɪzi,fɪzi,fɪzi
fɪʃ,fɪʃi,fɪʃi,fɪʃi,fɪʃi
fɪʒ,fɪʒi,fɪʒi,fɪʒi,fɪʒi
fɪθ,fɪθi,fɪθi,fɪθi,fɪθi
fɪð,fɪði,fɪði,fɪði,fɪði
sɪm,sɪmi,sɪmi,sɪmi,sɪmi
sɪn,sɪni,sɪni,sɪni,sɪni
sɪŋ,sɪŋi,sɪŋi,sɪŋi,sɪŋi
sɪp,sɪpi,sɪpi,sɪpi,sɪpi
sɪt,sɪti,sɪti,sɪti,sɪti
sɪk,sɪki,sɪki,sɪki,sɪki
sɪb,sɪbi,sɪbi,sɪbi,sɪbi
sɪd,sɪdi,sɪdi,sɪdi,sɪdi
sɪg,sɪgi,sɪgi,sɪgi,sɪgi
sɪf,sɪfi,sɪfi,sɪfi,sɪfi
sɪs,sɪsi,sɪsi,sɪsi,sɪsi
sɪv,sɪvi,sɪvi,sɪvi,sɪvi
sɪz,sɪzi,sɪzi,sɪzi,sɪzi
sɪʃ,sɪʃi,sɪʃi,sɪʃi,sɪʃi
sɪʒ,sɪʒi,sɪʒi,sɪʒi,sɪʒi
sɪθ,sɪθi,sɪθi,sɪθi,sɪθi
sɪð,sɪði,sɪði,sɪði,sɪði
vɪm,vɪmi,vɪmi,vɪmi,vɪmi
vɪn,vɪni,vɪni,vɪni,vɪni
vɪŋ,vɪŋi,vɪŋi,vɪŋi,vɪŋi
vɪp,vɪpi,vɪpi,vɪpi,vɪpi
vɪt,vɪti,vɪti,vɪti,vɪti
vɪk,vɪki,vɪki,vɪki,vɪki
vɪb,vɪbi,vɪbi,vɪbi,vɪbi
vɪd,vɪdi,vɪdi,vɪdi,vɪdi
vɪg,vɪgi,vɪgi,vɪgi,vɪgi
vɪf,vɪfi,vɪfi,vɪfi,vɪfi
vɪs,vɪsi,vɪsi,vɪsi,vɪsi
vɪv,vɪvi,vɪvi,vɪvi,vɪvi
vɪz,vɪzi,vɪzi,vɪzi,vɪzi
vɪʃ,vɪʃi,vɪʃi,vɪʃi,vɪʃi
vɪʒ,vɪʒi,vɪʒi,vɪʒi,vɪʒi
vɪθ,vɪθi,vɪθi,vɪθi,vɪθi
vɪð,vɪði,vɪði,vɪði,vɪði
zɪm,zɪmi,zɪmi,zɪmi,zɪmi
zɪn,zɪni,zɪni,zɪni,zɪni
zɪŋ,zɪŋi,zɪŋi,zɪŋi,zɪŋi
zɪp,zɪpi,zɪpi,zɪpi,zɪpi
zɪt,zɪti,zɪti,zɪti,zɪti
zɪk,zɪki,zɪki,zɪki,zɪki
zɪb,zɪbi,zɪbi,zɪbi,zɪbi
zɪd,zɪdi,zɪdi,zɪdi,zɪdi
zɪg,zɪgi,zɪgi,zɪgi,zɪgi
zɪf,zɪfi,zɪfi,zɪfi,zɪfi
zɪs,zɪsi,zɪsi,zɪsi,zɪsi
zɪv,zɪvi,zɪvi,zɪvi,zɪvi
zɪz,zɪzi,zɪzi,zɪzi,zɪzi
zɪʃ,zɪʃi,zɪʃi,zɪʃi,zɪʃi
zɪʒ,zɪʒi,zɪʒi,zɪʒi,zɪʒi
zɪθ,zɪθi,zɪθi,zɪθi,zɪθi
zɪð,zɪði,zɪði,zɪði,zɪði
ʃɪm,ʃɪmi,ʃɪmi,ʃɪmi,ʃɪmi
ʃɪn,ʃɪni,ʃɪni,ʃɪni,ʃɪni
ʃɪŋ,ʃɪŋi,ʃɪŋi,ʃɪŋi,ʃɪŋi
ʃɪp,ʃɪpi,ʃɪpi,ʃɪpi,ʃɪpi
ʃɪt,ʃɪti,ʃɪti,ʃɪti,ʃɪti
ʃɪk,ʃɪki,ʃɪki,ʃɪki,ʃɪki
ʃɪb,ʃɪbi,ʃɪbi,ʃɪbi,ʃɪbi
ʃɪd,ʃɪdi,ʃɪdi,ʃɪdi,ʃɪdi
ʃɪg,ʃɪgi,ʃɪgi,ʃɪgi,ʃɪgi
ʃɪf,ʃɪfi,ʃɪfi,ʃɪfi,ʃɪfi
ʃɪs,ʃɪsi,ʃɪsi,ʃɪsi,ʃɪsi
ʃɪv,ʃɪvi,ʃɪvi,ʃɪvi,ʃɪvi
ʃɪz,ʃɪzi,ʃɪzi,ʃɪzi,ʃɪzi
ʃɪʃ,ʃɪʃi,ʃɪʃi,ʃɪʃi,ʃɪʃi
ʃɪʒ,ʃɪʒi,ʃɪʒi,ʃɪʒi,ʃɪʒi
ʃɪθ,ʃɪθi,ʃɪθi,ʃɪθi,ʃɪθi
ʃɪð,ʃɪði,ʃɪði,ʃɪði,ʃɪði
ʒɪm,ʒɪmi,ʒɪmi,ʒɪmi,ʒɪmi
ʒɪn,ʒɪni,ʒɪni,ʒɪni,ʒɪni
ʒɪŋ,ʒɪŋi,ʒɪŋi,ʒɪŋi,ʒɪŋi
ʒɪp,ʒɪpi,ʒɪpi,ʒɪpi,ʒɪpi
ʒɪt,ʒɪti,ʒɪti,ʒɪti,ʒɪti
ʒɪk,ʒɪki,ʒɪki,ʒɪki,ʒɪki
ʒɪb,ʒɪbi,ʒɪbi,ʒɪbi,ʒɪbi
ʒɪd,ʒɪdi,ʒɪdi,ʒɪdi,ʒɪdi
ʒɪg,ʒɪgi,ʒɪgi,ʒɪgi,ʒɪgi
ʒɪf,ʒɪfi,ʒɪfi,ʒɪfi,ʒɪfi
ʒɪs,ʒɪsi,ʒɪsi,ʒɪsi,ʒɪsi
ʒɪv,ʒɪvi,ʒɪvi,ʒɪvi,ʒɪvi
ʒɪz,ʒɪzi,ʒɪzi,ʒɪzi,ʒɪzi
ʒɪʃ,ʒɪʃi,ʒɪʃi,ʒɪʃi,ʒɪʃi
ʒɪʒ,ʒɪʒi,ʒɪʒi,ʒɪʒi,ʒɪʒi
ʒɪθ,ʒɪθi,ʒɪθi,ʒɪθi,ʒɪθi
ʒɪð,ʒɪði,ʒɪði,ʒɪði,ʒɪði
θɪm,θɪmi,θɪmi,θɪmi,θɪmi
θɪn,θɪni,θɪni,θɪni,θɪni
θɪŋ,θɪŋi,θɪŋi,θɪŋi,θɪŋi
θɪp,θɪpi,θɪpi,θɪpi,θɪpi
θɪt,θɪti,θɪti,θɪti,θɪti
θɪk,θɪki,θɪki,θɪki,θɪki
θɪb,θɪbi,θɪbi,θɪbi,θɪbi
θɪd,θɪdi,θɪdi,θɪdi,θɪdi
θɪg,θɪgi,θɪgi,θɪgi,θɪgi
θɪf,θɪfi,θɪfi,θɪfi,θɪfi
θɪs,θɪsi,θɪsi,θɪsi,θɪsi
θɪv,θɪvi,θɪvi,θɪvi,θɪvi
θɪz,θɪzi,θɪzi,θɪzi,θɪzi
θɪʃ,θɪʃi,θɪʃi,θɪʃi,θɪʃi
θɪʒ,θɪʒi,θɪʒi,θɪʒi,θɪʒi
θɪθ,θɪθi,θɪθi,θɪθi,θɪθi
θɪð,θɪði,θɪði,θɪði,θɪði
ðɪm,ðɪmi,ðɪmi,ðɪmi,ðɪmi
ðɪn,ðɪni,ðɪni,ðɪni,ðɪni
ðɪŋ,ðɪŋi,ðɪŋi,ðɪŋi,ðɪŋi
ðɪp,ðɪpi,ðɪpi,ðɪpi,ðɪpi
ðɪt,ðɪti,ðɪti,ðɪti,ðɪti
ðɪk,ðɪki,ðɪki,ðɪki,ðɪki
ðɪb,ðɪbi,ðɪbi,ðɪbi,ðɪbi
ðɪd,ðɪdi,ðɪdi,ðɪdi,ðɪdi
ðɪg,ðɪgi,ðɪgi,ðɪgi,ðɪgi
ðɪf,ðɪfi,ðɪfi,ðɪfi,ðɪfi
ðɪs,ðɪsi,ðɪsi,ðɪsi,ðɪsi
ðɪv,ðɪvi,ðɪvi,ðɪvi,ðɪvi
ðɪz,ðɪzi,ðɪzi,ðɪzi,ðɪzi
ðɪʃ,ðɪʃi,ðɪʃi,ðɪʃi,ðɪʃi
ðɪʒ,ðɪʒi,ðɪʒi,ðɪʒi,ðɪʒi
ðɪθ,ðɪθi,ðɪθi,ðɪθi,ðɪθi
ðɪð,ðɪði,ðɪði,ðɪði,ðɪði
hɪm,hɪmi,hɪmi,hɪmi,hɪmi
hɪn,hɪni,hɪni,hɪni,hɪni
hɪŋ,hɪŋi,hɪŋi,hɪŋi,hɪŋi
hɪp,hɪpi,hɪpi,hɪpi,hɪpi
hɪt,hɪti,hɪti,hɪti,hɪti
hɪk,hɪki,hɪki,hɪki,hɪki
hɪb,hɪbi,hɪbi,hɪbi,hɪbi
hɪd,hɪdi,hɪdi,hɪdi,hɪdi
hɪg,hɪgi,hɪgi,hɪgi,hɪgi
hɪf,hɪfi,hɪfi,hɪfi,hɪfi
hɪs,hɪsi,hɪsi,hɪsi,hɪsi
hɪv,hɪvi,hɪvi,hɪvi,hɪvi
hɪz,hɪzi,hɪzi,hɪzi,hɪzi
hɪʃ,hɪʃi,hɪʃi,hɪʃi,hɪʃi
hɪʒ,hɪʒi,hɪʒi,hɪʒi,hɪʒi
hɪθ,hɪθi,hɪθi,hɪθi,hɪθi
hɪð,hɪði,hɪði,hɪði,hɪði
mɪm,mɪmeɪ,mɪmeɪ,mɪme,mɪme
mɪn,mɪneɪ,mɪneɪ,mɪne,mɪne
mɪŋ,mɪŋeɪ,mɪŋeɪ,mɪŋe,mɪŋe
mɪp,mɪpeɪ,mɪpeɪ,mɪpe,mɪpe
mɪt,mɪteɪ,mɪteɪ,mɪte,mɪte
mɪk,mɪkeɪ,mɪkeɪ,mɪke,mɪke
mɪb,mɪbeɪ,mɪbeɪ,mɪbe,mɪbe
mɪd,mɪdeɪ,mɪdeɪ,mɪde,mɪde
mɪg,mɪgeɪ,mɪgeɪ,mɪge,mɪge
mɪf,mɪfeɪ,mɪfeɪ,mɪfe,mɪfe
mɪs,mɪseɪ,mɪseɪ,mɪse,mɪse
mɪv,mɪveɪ,mɪveɪ,mɪve,mɪve
mɪz,mɪzeɪ,mɪzeɪ,mɪze,mɪze
mɪʃ,mɪʃeɪ,mɪʃeɪ,mɪʃe,mɪʃe
mɪʒ,mɪʒeɪ,mɪʒeɪ,mɪʒe,mɪʒe
mɪθ,mɪθeɪ,mɪθeɪ,mɪθe,mɪθe
mɪð,mɪðeɪ,mɪðeɪ,mɪðe,mɪðe
nɪm,nɪmeɪ,nɪmeɪ,nɪme,nɪme
nɪn,nɪneɪ,nɪneɪ,nɪne,nɪne
nɪŋ,nɪŋeɪ,nɪŋeɪ,nɪŋe,nɪŋe
nɪp,nɪpeɪ,nɪpeɪ,nɪpe,nɪpe
nɪt,nɪteɪ,nɪteɪ,nɪte,nɪte
nɪk,nɪkeɪ,nɪkeɪ,nɪke,nɪke
nɪb,nɪbeɪ,nɪbeɪ,nɪbe,nɪbe
nɪd,nɪdeɪ,nɪdeɪ,nɪde,nɪde
nɪg,nɪgeɪ,nɪgeɪ,nɪge,nɪge
nɪf,nɪfeɪ,nɪfeɪ,nɪfe,nɪfe
nɪs,nɪseɪ,nɪseɪ,nɪse,nɪse
nɪv,nɪveɪ,nɪveɪ,nɪve,nɪve
nɪz,nɪzeɪ,nɪzeɪ,nɪze,nɪze
nɪʃ,nɪʃeɪ,nɪʃeɪ,nɪʃe,nɪʃe
nɪʒ,nɪʒeɪ,nɪʒeɪ,nɪʒe,nɪʒe
nɪθ,nɪθeɪ,nɪθeɪ,nɪθe,nɪθe
nɪð,nɪðeɪ,nɪðeɪ,nɪðe,nɪðe
pɪm,pɪmeɪ,pɪmeɪ,pɪme,pɪme
pɪn,pɪneɪ,pɪneɪ,pɪne,pɪne
pɪŋ,pɪŋeɪ,pɪŋeɪ,pɪŋe,pɪŋe
pɪp,pɪpeɪ,pɪpeɪ,pɪpe,pɪpe
pɪt,pɪteɪ,pɪteɪ,pɪte,pɪte
pɪk,pɪkeɪ,pɪkeɪ,pɪke,pɪke
pɪb,pɪbeɪ,pɪbeɪ,pɪbe,pɪbe
pɪd,pɪdeɪ,pɪdeɪ,pɪde,pɪde
pɪg,pɪgeɪ,pɪgeɪ,pɪge,pɪge
pɪf,pɪfeɪ,pɪfeɪ,pɪfe,pɪfe
pɪs,pɪseɪ,pɪseɪ,pɪse,pɪse
pɪv,pɪveɪ,pɪveɪ,pɪve,pɪve
pɪz,pɪzeɪ,pɪzeɪ,pɪze,pɪze
pɪʃ,pɪʃeɪ,pɪʃeɪ,pɪʃe,pɪʃe
pɪʒ,pɪʒeɪ,pɪʒeɪ,pɪʒe,pɪʒe
pɪθ,pɪθeɪ,pɪθeɪ,pɪθe,pɪθe
pɪð,pɪðeɪ,pɪðeɪ,pɪðe,pɪðe
tɪm,tɪmeɪ,tɪmeɪ,tɪme,tɪme
tɪn,tɪneɪ,tɪneɪ,tɪne,tɪne
tɪŋ,tɪŋeɪ,tɪŋeɪ,tɪŋe,tɪŋe
tɪp,tɪpeɪ,tɪpeɪ,tɪpe,tɪpe
tɪt,tɪteɪ,tɪteɪ,tɪte,tɪte
tɪk,tɪkeɪ,tɪkeɪ,tɪke,tɪke
tɪb,tɪbeɪ,tɪbeɪ,tɪbe,tɪbe
tɪd,tɪdeɪ,tɪdeɪ,tɪde,tɪde
tɪg,tɪgeɪ,tɪgeɪ,tɪge,tɪge
tɪf,tɪfeɪ,tɪfeɪ,tɪfe,tɪfe
tɪs,tɪseɪ,tɪseɪ,tɪse,tɪse
tɪv,tɪveɪ,tɪveɪ,tɪve,tɪve
tɪz,tɪzeɪ,tɪzeɪ,tɪze,tɪze
tɪʃ,tɪʃeɪ,tɪʃeɪ,tɪʃe,tɪʃe
tɪʒ,tɪʒeɪ,tɪʒeɪ,tɪʒe,tɪʒe
tɪθ,tɪθeɪ,tɪθeɪ,tɪθe,tɪθe
tɪð,tɪðeɪ,tɪðeɪ,tɪðe,tɪðe
kɪm,kɪmeɪ,kɪmeɪ,kɪme,kɪme
kɪn,kɪneɪ,kɪneɪ,kɪne,kɪne
kɪŋ,kɪŋeɪ,kɪŋeɪ,kɪŋe,kɪŋe
kɪp,kɪpeɪ,kɪpeɪ,kɪpe,kɪpe
kɪt,kɪteɪ,kɪteɪ,kɪte,kɪte
kɪk,kɪkeɪ,kɪkeɪ,kɪke,kɪke
kɪb,kɪbeɪ,kɪbeɪ,kɪbe,kɪbe
kɪd,kɪdeɪ,kɪdeɪ,kɪde,kɪde
kɪg,kɪgeɪ,kɪgeɪ,kɪge,kɪge
kɪf,kɪfeɪ,kɪfeɪ,kɪfe,kɪfe
kɪs,kɪseɪ,kɪseɪ,kɪse,kɪse
kɪv,kɪveɪ,kɪveɪ,kɪve,kɪve
kɪz,kɪzeɪ,kɪzeɪ,kɪze,kɪze
kɪʃ,kɪʃeɪ,kɪʃeɪ,kɪʃe,kɪʃe
kɪʒ,kɪʒeɪ,kɪʒeɪ,kɪʒe,kɪʒe
kɪθ,kɪθeɪ,kɪθeɪ,kɪθe,kɪθe
kɪð,kɪðeɪ,kɪðeɪ,kɪðe,kɪðe
bɪm,bɪmeɪ,bɪmeɪ,bɪme,bɪme
bɪn,bɪneɪ,bɪneɪ,bɪne,bɪne
bɪŋ,bɪŋeɪ,bɪŋeɪ,bɪŋe,bɪŋe
bɪp,bɪpeɪ,bɪpeɪ,bɪpe,bɪpe
bɪt,bɪteɪ,bɪteɪ,bɪte,bɪte
bɪk,bɪkeɪ,bɪkeɪ,bɪke,bɪke
bɪb,bɪbeɪ,bɪbeɪ,bɪbe,bɪbe
bɪd,bɪdeɪ,bɪdeɪ,bɪde,bɪde
bɪg,bɪgeɪ,bɪgeɪ,bɪge,bɪge
bɪf,bɪfeɪ,bɪfeɪ,bɪfe,bɪfe
bɪs,bɪseɪ,bɪseɪ,bɪse,bɪse
bɪv,bɪveɪ,bɪveɪ,bɪve,bɪve
bɪz,bɪzeɪ,bɪzeɪ,bɪze,bɪze
bɪʃ,bɪʃeɪ,bɪʃeɪ,bɪʃe,bɪʃe
bɪʒ,bɪʒeɪ,bɪʒeɪ,bɪʒe,bɪʒe
bɪθ,bɪθeɪ,bɪθeɪ,bɪθe,bɪθe
bɪð,bɪðeɪ,bɪðeɪ,bɪðe,bɪðe
dɪm,dɪmeɪ,dɪmeɪ,dɪme,dɪme
dɪn,dɪneɪ,dɪneɪ,dɪne,dɪne
dɪŋ,dɪŋeɪ,dɪŋeɪ,dɪŋe,dɪŋe
dɪp,dɪpeɪ,dɪpeɪ,dɪpe,dɪpe
dɪt,dɪteɪ,dɪteɪ,dɪte,dɪte
dɪk,dɪkeɪ,dɪkeɪ,dɪke,dɪke
dɪb,dɪbeɪ,dɪbeɪ,dɪbe,dɪbe
dɪd,dɪdeɪ,dɪdeɪ,dɪde,dɪde
dɪg,dɪgeɪ,dɪgeɪ,dɪge,dɪge
dɪf,dɪfeɪ,dɪfeɪ,dɪfe,dɪfe
dɪs,dɪseɪ,dɪseɪ,dɪse,dɪse
dɪv,dɪveɪ,dɪveɪ,dɪve,dɪve
dɪz,dɪzeɪ,dɪzeɪ,dɪze,dɪze
dɪʃ,dɪʃeɪ,dɪʃeɪ,dɪʃe,dɪʃe
dɪʒ,dɪʒeɪ,dɪʒeɪ,dɪʒe,dɪʒe
dɪθ,dɪθeɪ,dɪθeɪ,dɪθe,dɪθe
dɪð,dɪðeɪ,dɪðeɪ,dɪðe,dɪðe
gɪm,gɪmeɪ,gɪmeɪ,gɪme,gɪme
gɪn,gɪneɪ,gɪneɪ,gɪne,gɪne
gɪŋ,gɪŋeɪ,gɪŋeɪ,gɪŋe,gɪŋe
gɪp,gɪpeɪ,gɪpeɪ,gɪpe,gɪpe
gɪt,gɪteɪ,gɪteɪ,gɪte,gɪte
gɪk,gɪkeɪ,gɪkeɪ,gɪke,gɪke
gɪb,gɪbeɪ,gɪbeɪ,gɪbe,gɪbe
gɪd,gɪdeɪ,gɪdeɪ,gɪde,gɪde
gɪg,gɪgeɪ,gɪgeɪ,gɪge,gɪge
gɪf,gɪfeɪ,gɪfeɪ,gɪfe,gɪfe
gɪs,gɪseɪ,gɪseɪ,gɪse,gɪse
gɪv,gɪveɪ,gɪveɪ,gɪve,gɪve
gɪz,gɪzeɪ,gɪzeɪ,gɪze,gɪze
gɪʃ,gɪʃeɪ,gɪʃeɪ,gɪʃe,gɪʃe
gɪʒ,gɪʒeɪ,gɪʒeɪ,gɪʒe,gɪʒe
gɪθ,gɪθeɪ,gɪθeɪ,gɪθe,gɪθe
gɪð,gɪðeɪ,gɪðeɪ,gɪðe,gɪðe
fɪm,fɪmeɪ,fɪmeɪ,fɪme,fɪme
fɪn,fɪneɪ,fɪneɪ,fɪne,fɪne
fɪŋ,fɪŋeɪ,fɪŋeɪ,fɪŋe,fɪŋe
fɪp,fɪpeɪ,fɪpeɪ,fɪpe,fɪpe
fɪt,fɪteɪ,fɪteɪ,fɪte,fɪte
fɪk,fɪkeɪ,fɪkeɪ,fɪke,fɪke
fɪb,fɪbeɪ,fɪbeɪ,fɪbe,fɪbe
fɪd,fɪdeɪ,fɪdeɪ,fɪde,fɪde
fɪg,fɪgeɪ,fɪgeɪ,fɪge,fɪge
fɪf,fɪfeɪ,fɪfeɪ,fɪfe,fɪfe
fɪs,fɪseɪ,fɪseɪ,fɪse,fɪse
fɪv,fɪveɪ,fɪveɪ,fɪve,fɪve
fɪz,fɪzeɪ,fɪzeɪ,fɪze,fɪze
fɪʃ,fɪʃeɪ,fɪʃeɪ,fɪʃe,fɪʃe
fɪʒ,fɪʒeɪ,fɪʒeɪ,fɪʒe,fɪʒe
fɪθ,fɪθeɪ,fɪθeɪ,fɪθe,fɪθe
fɪð,fɪðeɪ,fɪðeɪ,fɪðe,fɪðe
sɪm,sɪmeɪ,sɪmeɪ,sɪme,sɪme
sɪn,sɪneɪ,sɪneɪ,sɪne,sɪne
sɪŋ,sɪŋeɪ,sɪŋeɪ,sɪŋe,sɪŋe
sɪp,sɪpeɪ,sɪpeɪ,sɪpe,sɪpe
sɪt,sɪteɪ,sɪteɪ,sɪte,sɪte
sɪk,sɪkeɪ,sɪkeɪ,sɪke,sɪke
sɪb,sɪbeɪ,sɪbeɪ,sɪbe,sɪbe
sɪd,sɪdeɪ,sɪdeɪ,sɪde,sɪde
sɪg,sɪgeɪ,sɪgeɪ,sɪge,sɪge
sɪf,sɪfeɪ,sɪfeɪ,sɪfe,sɪfe
sɪs,sɪseɪ,sɪseɪ,sɪse,sɪse
sɪv,sɪveɪ,sɪveɪ,sɪve,sɪve
sɪz,sɪzeɪ,sɪzeɪ,sɪze,sɪze
sɪʃ,sɪʃeɪ,sɪʃeɪ,sɪʃe,sɪʃe
sɪʒ,sɪʒeɪ,sɪʒeɪ,sɪʒe,sɪʒe
sɪθ,sɪθeɪ,sɪθeɪ,sɪθe,sɪθe
sɪð,sɪðeɪ,sɪðeɪ,sɪðe,sɪðe
vɪm,vɪmeɪ,vɪmeɪ,vɪme,vɪme
vɪn,vɪneɪ,vɪneɪ,vɪne,vɪne
vɪŋ,vɪŋeɪ,vɪŋeɪ,vɪŋe,vɪŋe
vɪp,vɪpeɪ,vɪpeɪ,vɪpe,vɪpe
vɪt,vɪteɪ,vɪteɪ,vɪte,vɪte
vɪk,vɪkeɪ,vɪkeɪ,vɪke,vɪke
vɪb,vɪbeɪ,vɪbeɪ,vɪbe,vɪbe
vɪd,vɪdeɪ,vɪdeɪ,vɪde,vɪde
vɪg,vɪgeɪ,vɪgeɪ,vɪge,vɪge
vɪf,vɪfeɪ,vɪfeɪ,vɪfe,vɪfe
vɪs,vɪseɪ,vɪseɪ,vɪse,vɪse
vɪv,vɪveɪ,vɪveɪ,vɪve,vɪve
vɪz,vɪzeɪ,vɪzeɪ,vɪze,vɪze
vɪʃ,vɪʃeɪ,vɪʃeɪ,vɪʃe,vɪʃe
vɪʒ,vɪʒeɪ,vɪʒeɪ,vɪʒe,vɪʒe
vɪθ,vɪθeɪ,vɪθeɪ,vɪθe,vɪθe
vɪð,vɪðeɪ,vɪðeɪ,vɪðe,vɪðe
zɪm,zɪmeɪ,zɪmeɪ,zɪme,zɪme
zɪn,zɪneɪ,zɪneɪ,zɪne,zɪne
zɪŋ,zɪŋeɪ,zɪŋeɪ,zɪŋe,zɪŋe
zɪp,zɪpeɪ,zɪpeɪ,zɪpe,zɪpe
zɪt,zɪteɪ,zɪteɪ,zɪte,zɪte
zɪk,zɪkeɪ,zɪkeɪ,zɪke,zɪke
zɪb,zɪbeɪ,zɪbeɪ,zɪbe,zɪbe
zɪd,zɪdeɪ,zɪdeɪ,zɪde,zɪde
zɪg,zɪgeɪ,zɪgeɪ,zɪge,zɪge
zɪf,zɪfeɪ,zɪfeɪ,zɪfe,zɪfe
zɪs,zɪseɪ,zɪseɪ,zɪse,zɪse
zɪv,zɪveɪ,zɪveɪ,zɪve,zɪve
zɪz,zɪzeɪ,zɪzeɪ,zɪze,zɪze
zɪʃ,zɪʃeɪ,zɪʃeɪ,zɪʃe,zɪʃe
zɪʒ,zɪʒeɪ,zɪʒeɪ,zɪʒe,zɪʒe
zɪθ,zɪθeɪ,zɪθeɪ,zɪθe,zɪθe
zɪð,zɪðeɪ,zɪðeɪ,zɪðe,zɪðe
ʃɪm,ʃɪmeɪ,ʃɪmeɪ,ʃɪme,ʃɪme
ʃɪn,ʃɪneɪ,ʃɪneɪ,ʃɪne,ʃɪne
ʃɪŋ,ʃɪŋeɪ,ʃɪŋeɪ,ʃɪŋe,ʃɪŋe
ʃɪp,ʃɪpeɪ,ʃɪpeɪ,ʃɪpe,ʃɪpe
ʃɪt,ʃɪteɪ,ʃɪteɪ,ʃɪte,ʃɪte
ʃɪk,ʃɪkeɪ,ʃɪkeɪ,ʃɪke,ʃɪke
ʃɪb,ʃɪbeɪ,ʃɪbeɪ,ʃɪbe,ʃɪbe
ʃɪd,ʃɪdeɪ,ʃɪdeɪ,ʃɪde,ʃɪde
ʃɪg,ʃɪgeɪ,ʃɪgeɪ,ʃɪge,ʃɪge
ʃɪf,ʃɪfeɪ,ʃɪfeɪ,ʃɪfe,ʃɪfe
ʃɪs,ʃɪseɪ,ʃɪseɪ,ʃɪse,ʃɪse
ʃɪv,ʃɪveɪ,ʃɪveɪ,ʃɪve,ʃɪve
ʃɪz,ʃɪzeɪ,ʃɪzeɪ,ʃɪze,ʃɪze
ʃɪʃ,ʃɪʃeɪ,ʃɪʃeɪ,ʃɪʃe,ʃɪʃe
ʃɪʒ,ʃɪʒeɪ,ʃɪʒeɪ,ʃɪʒe,ʃɪʒe
ʃɪθ,ʃɪθeɪ,ʃɪθeɪ,ʃɪθe,ʃɪθe
ʃɪð,ʃɪðeɪ,ʃɪðeɪ,ʃɪðe,ʃɪðe
ʒɪm,ʒɪmeɪ,ʒɪmeɪ,ʒɪme,ʒɪme
ʒɪn,ʒɪneɪ,ʒɪneɪ,ʒɪne,ʒɪne
ʒɪŋ,ʒɪŋeɪ,ʒɪŋeɪ,ʒɪŋe,ʒɪŋe
ʒɪp,ʒɪpeɪ,ʒɪpeɪ,ʒɪpe,ʒɪpe
ʒɪt,ʒɪteɪ,ʒɪteɪ,ʒɪte,ʒɪte
ʒɪk,ʒɪkeɪ,ʒɪkeɪ,ʒɪke,ʒɪke
ʒɪb,ʒɪbeɪ,ʒɪbeɪ,ʒɪbe,ʒɪbe
ʒɪd,ʒɪdeɪ,ʒɪdeɪ,ʒɪde,ʒɪde
ʒɪg,ʒɪgeɪ,ʒɪgeɪ,ʒɪge,ʒɪge
ʒɪf,ʒɪfeɪ,ʒɪfeɪ,ʒɪfe,ʒɪfe
ʒɪs,ʒɪseɪ,ʒɪseɪ,ʒɪse,ʒɪse
ʒɪv,ʒɪveɪ,ʒɪveɪ,ʒɪve,ʒɪve
ʒɪz,ʒɪzeɪ,ʒɪzeɪ,ʒɪze,ʒɪze
ʒɪʃ,ʒɪʃeɪ,ʒɪʃeɪ,ʒɪʃe,ʒɪʃe
ʒɪʒ,ʒɪʒeɪ,ʒɪʒeɪ,ʒɪʒe,ʒɪʒe
ʒɪθ,ʒɪθeɪ,ʒɪθeɪ,ʒɪθe,ʒɪθe
ʒɪð,ʒɪðeɪ,ʒɪðeɪ,ʒɪðe,ʒɪðe
θɪm,θɪmeɪ,θɪmeɪ,θɪme,θɪme
θɪn,θɪneɪ,θɪneɪ,θɪne,θɪne
θɪŋ,θɪŋeɪ,θɪŋeɪ,θɪŋe,θɪŋe
θɪp,θɪpeɪ,θɪpeɪ,θɪpe,θɪpe
θɪt,θɪteɪ,θɪteɪ,θɪte,θɪte
θɪk,θɪkeɪ,θɪkeɪ,θɪke,θɪke
θɪb,θɪbeɪ,θɪbeɪ,θɪbe,θɪbe
θɪd,θɪdeɪ,θɪdeɪ,θɪde,θɪde
θɪg,θɪgeɪ,θɪgeɪ,θɪge,θɪge
θɪf,θɪfeɪ,θɪfeɪ,θɪfe,θɪfe
θɪs,θɪseɪ,θɪseɪ,θɪse,θɪse
θɪv,θɪveɪ,θɪveɪ,θɪve,θɪve
θɪz,θɪzeɪ,θɪzeɪ,θɪze,θɪze
θɪʃ,θɪʃeɪ,θɪʃeɪ,θɪʃe,θɪʃe
θɪʒ,θɪʒeɪ,θɪʒeɪ,θɪʒe,θɪʒe
θɪθ,θɪθeɪ,θɪθeɪ,θɪθe,θɪθe
θɪð,θɪðeɪ,θɪðeɪ,θɪðe,θɪðe
ðɪm,ðɪmeɪ,ðɪmeɪ,ðɪme,ðɪme
ðɪn,ðɪneɪ,ðɪneɪ,ðɪne,ðɪne
ðɪŋ,ðɪŋeɪ,ðɪŋeɪ,ðɪŋe,ðɪŋe
ðɪp,ðɪpeɪ,ðɪpeɪ,ðɪpe,ðɪpe
ðɪt,ðɪteɪ,ðɪteɪ,ðɪte,ðɪte
ðɪk,ðɪkeɪ,ðɪkeɪ,ðɪke,ðɪke
ðɪb,ðɪbeɪ,ðɪbeɪ,ðɪbe,ðɪbe
ðɪd,ðɪdeɪ,ðɪdeɪ,ðɪde,ðɪde
ðɪg,ðɪgeɪ,ðɪgeɪ,ðɪge,ðɪge
ðɪf,ðɪfeɪ,ðɪfeɪ,ðɪfe,ðɪfe
ðɪs,ðɪseɪ,ðɪseɪ,ðɪse,ðɪse
ðɪv,ðɪveɪ,ðɪveɪ,ðɪve,ðɪve
ðɪz,ðɪzeɪ,ðɪzeɪ,ðɪze,ðɪze
ðɪʃ,ðɪʃeɪ,ðɪʃeɪ,ðɪʃe,ðɪʃe
ðɪʒ,ðɪʒeɪ,ðɪʒeɪ,ðɪʒe,ðɪʒe
ðɪθ,ðɪθeɪ,ðɪθeɪ,ðɪθe,ðɪθe
ðɪð,ðɪðeɪ,ðɪðeɪ,ðɪðe,ðɪðe
hɪm,hɪmeɪ,hɪmeɪ,hɪme,hɪme
hɪn,hɪneɪ,hɪneɪ,hɪne,hɪne
hɪŋ,hɪŋeɪ,hɪŋeɪ,hɪŋe,hɪŋe
hɪp,hɪpeɪ,hɪpeɪ,hɪpe,hɪpe
hɪt,hɪteɪ,hɪteɪ,hɪte,hɪte
hɪk,hɪkeɪ,hɪkeɪ,hɪke,hɪke
hɪb,hɪbeɪ,hɪbeɪ,hɪbe,hɪbe
hɪd,hɪdeɪ,hɪdeɪ,hɪde,hɪde
hɪg,hɪgeɪ,hɪgeɪ,hɪge,hɪge
hɪf,hɪfeɪ,hɪfeɪ,hɪfe,hɪfe
hɪs,hɪseɪ,hɪseɪ,hɪse,hɪse
hɪv,hɪveɪ,hɪveɪ,hɪve,hɪve
hɪz,hɪzeɪ,hɪzeɪ,hɪze,hɪze
hɪʃ,hɪʃeɪ,hɪʃeɪ,hɪʃe,hɪʃe
hɪʒ,hɪʒeɪ,hɪʒeɪ,hɪʒe,hɪʒe
hɪθ,hɪθeɪ,hɪθeɪ,hɪθe,hɪθe
hɪð,hɪðeɪ,hɪðeɪ,hɪðe,hɪðe
mɪm,mɪmu,mɪmi,mɪmu,mɪmi
mɪn,mɪnu,mɪni,mɪnu,mɪni
mɪŋ,mɪŋu,mɪŋi,mɪŋu,mɪŋi
mɪp,mɪpu,mɪpi,mɪpu,mɪpi
mɪt,mɪtu,mɪti,mɪtu,mɪti
mɪk,mɪku,mɪki,mɪku,mɪki
mɪb,mɪbu,mɪbi,mɪbu,mɪbi
mɪd,mɪdu,mɪdi,mɪdu,mɪdi
mɪg,mɪgu,mɪgi,mɪgu,mɪgi
mɪf,mɪfu,mɪfi,mɪfu,mɪfi
mɪs,mɪsu,mɪsi,mɪsu,mɪsi
mɪv,mɪvu,mɪvi,mɪvu,mɪvi
mɪz,mɪzu,mɪzi,mɪzu,mɪzi
mɪʃ,mɪʃu,mɪʃi,mɪʃu,mɪʃi
mɪʒ,mɪʒu,mɪʒi,mɪʒu,mɪʒi
mɪθ,mɪθu,mɪθi,mɪθu,mɪθi
mɪð,mɪðu,mɪði,mɪðu,mɪði
nɪm,nɪmu,nɪmi,nɪmu,nɪmi
nɪn,nɪnu,nɪni,nɪnu,nɪni
nɪŋ,nɪŋu,nɪŋi,nɪŋu,nɪŋi
nɪp,nɪpu,nɪpi,nɪpu,nɪpi
nɪt,nɪtu,nɪti,nɪtu,nɪti
nɪk,nɪku,nɪki,nɪku,nɪki
nɪb,nɪbu,nɪbi,nɪbu,nɪbi
nɪd,nɪdu,nɪdi,nɪdu,nɪdi
nɪg,nɪgu,nɪgi,nɪgu,nɪgi
nɪf,nɪfu,nɪfi,nɪfu,nɪfi
nɪs,nɪsu,nɪsi,nɪsu,nɪsi
nɪv,nɪvu,nɪvi,nɪvu,nɪvi
nɪz,nɪzu,nɪzi,nɪzu,nɪzi
nɪʃ,nɪʃu,nɪʃi,nɪʃu,nɪʃi
nɪʒ,nɪʒu,nɪʒi,nɪʒu,nɪʒi
nɪθ,nɪθu,nɪθi,nɪθu,nɪθi
nɪð,nɪðu,nɪði,nɪðu,nɪði
pɪm,pɪmu,pɪmi,pɪmu,pɪmi
pɪn,pɪnu,pɪni,pɪnu,pɪni
pɪŋ,pɪŋu,pɪŋi,pɪŋu,pɪŋi
pɪp,pɪpu,pɪpi,pɪpu,pɪpi
pɪt,pɪtu,pɪti,pɪtu,pɪti
pɪk,pɪku,pɪki,pɪku,pɪki
pɪb,pɪbu,pɪbi,pɪbu,pɪbi
pɪd,pɪdu,pɪdi,pɪdu,pɪdi
pɪg,pɪgu,pɪgi,pɪgu,pɪgi
pɪf,pɪfu,pɪfi,pɪfu,pɪfi
pɪs,pɪsu,pɪsi,pɪsu,pɪsi
pɪv,pɪvu,pɪvi,pɪvu,pɪvi
pɪz,pɪzu,pɪzi,pɪzu,pɪzi
pɪʃ,pɪʃu,pɪʃi,pɪʃu,pɪʃi
pɪʒ,pɪʒu,pɪʒi,pɪʒu,pɪʒi
pɪθ,pɪθu,pɪθi,pɪθu,pɪθi
pɪð,pɪðu,pɪði,pɪðu,pɪði
tɪm,tɪmu,tɪmi,tɪmu,tɪmi
tɪn,tɪnu,tɪni,tɪnu,tɪni
tɪŋ,tɪŋu,tɪŋi,tɪŋu,tɪŋi
tɪp,tɪpu,tɪpi,tɪpu,tɪpi
tɪt,tɪtu,tɪti,tɪtu,tɪti
tɪk,tɪku,tɪki,tɪku,tɪki
tɪb,tɪbu,tɪbi,tɪbu,tɪbi
tɪd,tɪdu,tɪdi,tɪdu,tɪdi
tɪg,tɪgu,tɪgi,tɪgu,tɪgi
tɪf,tɪfu,tɪfi,tɪfu,tɪfi
tɪs,tɪsu,tɪsi,tɪsu,tɪsi
tɪv,tɪvu,tɪvi,tɪvu,tɪvi
tɪz,tɪzu,tɪzi,tɪzu,tɪzi
tɪʃ,tɪʃu,tɪʃi,tɪʃu,tɪʃi
tɪʒ,tɪʒu,tɪʒi,tɪʒu,tɪʒi
tɪθ,tɪθu,tɪθi,tɪθu,tɪθi
tɪð,tɪðu,tɪði,tɪðu,tɪði
kɪm,kɪmu,kɪmi,kɪmu,kɪmi
kɪn,kɪnu,kɪni,kɪnu,kɪni
kɪŋ,kɪŋu,kɪŋi,kɪŋu,kɪŋi
kɪp,kɪpu,kɪpi,kɪpu,kɪpi
kɪt,kɪtu,kɪti,kɪtu,kɪti
kɪk,kɪku,kɪki,kɪku,kɪki
kɪb,kɪbu,kɪbi,kɪbu,kɪbi
kɪd,kɪdu,kɪdi,kɪdu,kɪdi
kɪg,kɪgu,kɪgi,kɪgu,kɪgi
kɪf,kɪfu,kɪfi,kɪfu,kɪfi
kɪs,kɪsu,kɪsi,kɪsu,kɪsi
kɪv,kɪvu,kɪvi,kɪvu,kɪvi
kɪz,kɪzu,kɪzi,kɪzu,kɪzi
kɪʃ,kɪʃu,kɪʃi,kɪʃu,kɪʃi
kɪʒ,kɪʒu,kɪʒi,kɪʒu,kɪʒi
kɪθ,kɪθu,kɪθi,kɪθu,kɪθi
kɪð,kɪðu,kɪði,kɪðu,kɪði
bɪm,bɪmu,bɪmi,bɪmu,bɪmi
bɪn,bɪnu,bɪni,bɪnu,bɪni
bɪŋ,bɪŋu,bɪŋi,bɪŋu,bɪŋi
bɪp,bɪpu,bɪpi,bɪpu,bɪpi
bɪt,bɪtu,bɪti,bɪtu,bɪti
bɪk,bɪku,bɪki,bɪku,bɪki
bɪb,bɪbu,bɪbi,bɪbu,bɪbi
bɪd,bɪdu,bɪdi,bɪdu,bɪdi
bɪg,bɪgu,bɪgi,bɪgu,bɪgi
bɪf,bɪfu,bɪfi,bɪfu,bɪfi
bɪs,bɪsu,bɪsi,bɪsu,bɪsi
bɪv,bɪvu,bɪvi,bɪvu,bɪvi
bɪz,bɪzu,bɪzi,bɪzu,bɪzi
bɪʃ,bɪʃu,bɪʃi,bɪʃu,bɪʃi
bɪʒ,bɪʒu,bɪʒi,bɪʒu,bɪʒi
bɪθ,bɪθu,bɪθi,bɪθu,bɪθi
bɪð,bɪðu,bɪði,bɪðu,bɪði
dɪm,dɪmu,dɪmi,dɪmu,dɪmi
dɪn,dɪnu,dɪni,dɪnu,dɪni
dɪŋ,dɪŋu,dɪŋi,dɪŋu,dɪŋi
dɪp,dɪpu,dɪpi,dɪpu,dɪpi
dɪt,dɪtu,dɪti,dɪtu,dɪti
dɪk,dɪku,dɪki,dɪku,dɪki
dɪb,dɪbu,dɪbi,dɪbu,dɪbi
dɪd,dɪdu,dɪdi,dɪdu,dɪdi
dɪg,dɪgu,dɪgi,dɪgu,dɪgi
dɪf,dɪfu,dɪfi,dɪfu,dɪfi
dɪs,dɪsu,dɪsi,dɪsu,dɪsi
dɪv,dɪvu,dɪvi,dɪvu,dɪvi
dɪz,dɪzu,dɪzi,dɪzu,dɪzi
dɪʃ,dɪʃu,dɪʃi,dɪʃu,dɪʃi
dɪʒ,dɪʒu,dɪʒi,dɪʒu,dɪʒi
dɪθ,dɪθu,dɪθi,dɪθu,dɪθi
dɪð,dɪðu,dɪði,dɪðu,dɪði
gɪm,gɪmu,gɪmi,gɪmu,gɪmi
gɪn,gɪnu,gɪni,gɪnu,gɪni
gɪŋ,gɪŋu,gɪŋi,gɪŋu,gɪŋi
gɪp,gɪpu,gɪpi,gɪpu,gɪpi
gɪt,gɪtu,gɪti,gɪtu,gɪti
gɪk,gɪku,gɪki,gɪku,gɪki
gɪb,gɪbu,gɪbi,gɪbu,gɪbi
gɪd,gɪdu,gɪdi,gɪdu,gɪdi
gɪg,gɪgu,gɪgi,gɪgu,gɪgi
gɪf,gɪfu,gɪfi,gɪfu,gɪfi
gɪs,gɪsu,gɪsi,gɪsu,gɪsi
gɪv,gɪvu,gɪvi,gɪvu,gɪvi
gɪz,gɪzu,gɪzi,gɪzu,gɪzi
gɪʃ,gɪʃu,gɪʃi,gɪʃu,gɪʃi
gɪʒ,gɪʒu,gɪʒi,gɪʒu,gɪʒi
gɪθ,gɪθu,gɪθi,gɪθu,gɪθi
gɪð,gɪðu,gɪði,gɪðu,gɪði
fɪm,fɪmu,fɪmi,fɪmu,fɪmi
fɪn,fɪnu,fɪni,fɪnu,fɪni
fɪŋ,fɪŋu,fɪŋi,fɪŋu,fɪŋi
fɪp,fɪpu,fɪpi,fɪpu,fɪpi
fɪt,fɪtu,fɪti,fɪtu,fɪti
fɪk,fɪku,fɪki,fɪku,fɪki
fɪb,fɪbu,fɪbi,fɪbu,fɪbi
fɪd,fɪdu,fɪdi,fɪdu,fɪdi
fɪg,fɪgu,fɪgi,fɪgu,fɪgi
fɪf,fɪfu,fɪfi,fɪfu,fɪfi
fɪs,fɪsu,fɪsi,fɪsu,fɪsi
fɪv,fɪvu,fɪvi,fɪvu,fɪvi
fɪz,fɪzu,fɪzi,fɪzu,fɪzi
fɪʃ,fɪʃu,fɪʃi,fɪʃu,fɪʃi
fɪʒ,fɪʒu,fɪʒi,fɪʒu,fɪʒi
fɪθ,fɪθu,fɪθi,fɪθu,fɪθi
fɪð,fɪðu,fɪði,fɪðu,fɪði
sɪm,sɪmu,sɪmi,sɪmu,sɪmi
sɪn,sɪnu,sɪni,sɪnu,sɪni
sɪŋ,sɪŋu,sɪŋi,sɪŋu,sɪŋi
sɪp,sɪpu,sɪpi,sɪpu,sɪpi
sɪt,sɪtu,sɪti,sɪtu,sɪti
sɪk,sɪku,sɪki,sɪku,sɪki
sɪb,sɪbu,sɪbi,sɪbu,sɪbi
sɪd,sɪdu,sɪdi,sɪdu,sɪdi
sɪg,sɪgu,sɪgi,sɪgu,sɪgi
sɪf,sɪfu,sɪfi,sɪfu,sɪfi
sɪs,sɪsu,sɪsi,sɪsu,sɪsi
sɪv,sɪvu,sɪvi,sɪvu,sɪvi
sɪz,sɪzu,sɪzi,sɪzu,sɪzi
sɪʃ,sɪʃu,sɪʃi,sɪʃu,sɪʃi
sɪʒ,sɪʒu,sɪʒi,sɪʒu,sɪʒi
sɪθ,sɪθu,sɪθi,sɪθu,sɪθi
sɪð,sɪðu,sɪði,sɪðu,sɪði
vɪm,vɪmu,vɪmi,vɪmu,vɪmi
vɪn,vɪnu,vɪni,vɪnu,vɪni
vɪŋ,vɪŋu,vɪŋi,vɪŋu,vɪŋi
vɪp,vɪpu,vɪpi,vɪpu,vɪpi
vɪt,vɪtu,vɪti,vɪtu,vɪti
vɪk,vɪku,vɪki,vɪku,vɪki
vɪb,vɪbu,vɪbi,vɪbu,vɪbi
vɪd,vɪdu,vɪdi,vɪdu,vɪdi
vɪg,vɪgu,vɪgi,vɪgu,vɪgi
vɪf,vɪfu,vɪfi,vɪfu,vɪfi
vɪs,vɪsu,vɪsi,vɪsu,vɪsi
vɪv,vɪvu,vɪvi,vɪvu,vɪvi
vɪz,vɪzu,vɪzi,vɪzu,vɪzi
vɪʃ,vɪʃu,vɪʃi,vɪʃu,vɪʃi
vɪʒ,vɪʒu,vɪʒi,vɪʒu,vɪʒi
vɪθ,vɪθu,vɪθi,vɪθu,vɪθi
vɪð,vɪðu,vɪði,vɪðu,vɪði
zɪm,zɪmu,zɪmi,zɪmu,zɪmi
zɪn,zɪnu,zɪni,zɪnu,zɪni
zɪŋ,zɪŋu,zɪŋi,zɪŋu,zɪŋi
zɪp,zɪpu,zɪpi,zɪpu,zɪpi
zɪt,zɪtu,zɪti,zɪtu,zɪti
zɪk,zɪku,zɪki,zɪku,zɪki
zɪb,zɪbu,zɪbi,zɪbu,zɪbi
zɪd,zɪdu,zɪdi,zɪdu,zɪdi
zɪg,zɪgu,zɪgi,zɪgu,zɪgi
zɪf,zɪfu,zɪfi,zɪfu,zɪfi
zɪs,zɪsu,zɪsi,zɪsu,zɪsi
zɪv,zɪvu,zɪvi,zɪvu,zɪvi
zɪz,zɪzu,zɪzi,zɪzu,zɪzi
zɪʃ,zɪʃu,zɪʃi,zɪʃu,zɪʃi
zɪʒ,zɪʒu,zɪʒi,zɪʒu,zɪʒi
zɪθ,zɪθu,zɪθi,zɪθu,zɪθi
zɪð,zɪðu,zɪði,zɪðu,zɪði
ʃɪm,ʃɪmu,ʃɪmi,ʃɪmu,ʃɪmi
ʃɪn,ʃɪnu,ʃɪni,ʃɪnu,ʃɪni
ʃɪŋ,ʃɪŋu,ʃɪŋi,ʃɪŋu,ʃɪŋi
ʃɪp,ʃɪpu,ʃɪpi,ʃɪpu,ʃɪpi
ʃɪt,ʃɪtu,ʃɪti,ʃɪtu,ʃɪti
ʃɪk,ʃɪku,ʃɪki,ʃɪku,ʃɪki
ʃɪb,ʃɪbu,ʃɪbi,ʃɪbu,ʃɪbi
ʃɪd,ʃɪdu,ʃɪdi,ʃɪdu,ʃɪdi
ʃɪg,ʃɪgu,ʃɪgi,ʃɪgu,ʃɪgi
ʃɪf,ʃɪfu,ʃɪfi,ʃɪfu,ʃɪfi
ʃɪs,ʃɪsu,ʃɪsi,ʃɪsu,ʃɪsi
ʃɪv,ʃɪvu,ʃɪvi,ʃɪvu,ʃɪvi
ʃɪz,ʃɪzu,ʃɪzi,ʃɪzu,ʃɪzi
ʃɪʃ,ʃɪʃu,ʃɪʃi,ʃɪʃu,ʃɪʃi
ʃɪʒ,ʃɪʒu,ʃɪʒi,ʃɪʒu,ʃɪʒi
ʃɪθ,ʃɪθu,ʃɪθi,ʃɪθu,ʃɪθi
ʃɪð,ʃɪðu,ʃɪði,ʃɪðu,ʃɪði
ʒɪm,ʒɪmu,ʒɪmi,ʒɪmu,ʒɪmi
ʒɪn,ʒɪnu,ʒɪni,ʒɪnu,ʒɪni
ʒɪŋ,ʒɪŋu,ʒɪŋi,ʒɪŋu,ʒɪŋi
ʒɪp,ʒɪpu,ʒɪpi,ʒɪpu,ʒɪpi
ʒɪt,ʒɪtu,ʒɪti,ʒɪtu,ʒɪti
ʒɪk,ʒɪku,ʒɪki,ʒɪku,ʒɪki
ʒɪb,ʒɪbu,ʒɪbi,ʒɪbu,ʒɪbi
ʒɪd,ʒɪdu,ʒɪdi,ʒɪdu,ʒɪdi
ʒɪg,ʒɪgu,ʒɪgi,ʒɪgu,ʒɪgi
ʒɪf,ʒɪfu,ʒɪfi,ʒɪfu,ʒɪfi
ʒɪs,ʒɪsu,ʒɪsi,ʒɪsu,ʒɪsi
ʒɪv,ʒɪvu,ʒɪvi,ʒɪvu,ʒɪvi
ʒɪz,ʒɪzu,ʒɪzi,ʒɪzu,ʒɪzi
ʒɪʃ,ʒɪʃu,ʒɪʃi,ʒɪʃu,ʒɪʃi
ʒɪʒ,ʒɪʒu,ʒɪʒi,ʒɪʒu,ʒɪʒi
ʒɪθ,ʒɪθu,ʒɪθi,ʒɪθu,ʒɪθi
ʒɪð,ʒɪðu,ʒɪði,ʒɪðu,ʒɪði
θɪm,θɪmu,θɪmi,θɪmu,θɪmi
θɪn,θɪnu,θɪni,θɪnu,θɪni
θɪŋ,θɪŋu,θɪŋi,θɪŋu,θɪŋi
θɪp,θɪpu,θɪpi,θɪpu,θɪpi
θɪt,θɪtu,θɪti,θɪtu,θɪti
θɪk,θɪku,θɪki,θɪku,θɪki
θɪb,θɪbu,θɪbi,θɪbu,θɪbi
θɪd,θɪdu,θɪdi,θɪdu,θɪdi
θɪg,θɪgu,θɪgi,θɪgu,θɪgi
θɪf,θɪfu,θɪfi,θɪfu,θɪfi
θɪs,θɪsu,θɪsi,θɪsu,θɪsi
θɪv,θɪvu,θɪvi,θɪvu,θɪvi
θɪz,θɪzu,θɪzi,θɪzu,θɪzi
θɪʃ,θɪʃu,θɪʃi,θɪʃu,θɪʃi
θɪʒ,θɪʒu,θɪʒi,θɪʒu,θɪʒi
θɪθ,θɪθu,θɪθi,θɪθu,θɪθi
θɪð,θɪðu,θɪði,θɪðu,θɪði
ðɪm,ðɪmu,ðɪmi,ðɪmu,ðɪmi
ðɪn,ðɪnu,ðɪni,ðɪnu,ðɪni
ðɪŋ,ðɪŋu,ðɪŋi,ðɪŋu,ðɪŋi
ðɪp,ðɪpu,ðɪpi,ðɪpu,ðɪpi
ðɪt,ðɪtu,ðɪti,ðɪtu,ðɪti
ðɪk,ðɪku,ðɪki,ðɪku,ðɪki
ðɪb,ðɪbu,ðɪbi,ðɪbu,ðɪbi
ðɪd,ðɪdu,ðɪdi,ðɪdu,ðɪdi
ðɪg,ðɪgu,ðɪgi,ðɪgu,ðɪgi
ðɪf,ðɪfu,ðɪfi,ðɪfu,ðɪfi
ðɪs,ðɪsu,ðɪsi,ðɪsu,ðɪsi
ðɪv,ðɪvu,ðɪvi,ðɪvu,ðɪvi
ðɪz,ðɪzu,ðɪzi,ðɪzu,ðɪzi
ðɪʃ,ðɪʃu,ðɪʃi,ðɪʃu,ðɪʃi
ðɪʒ,ðɪʒu,ðɪʒi,ðɪʒu,ðɪʒi
ðɪθ,ðɪθu,ðɪθi,ðɪθu,ðɪθi
ðɪð,ðɪðu,ðɪði,ðɪðu,ðɪði
hɪm,hɪmu,hɪmi,hɪmu,hɪmi
hɪn,hɪnu,hɪni,hɪnu,hɪni
hɪŋ,hɪŋu,hɪŋi,hɪŋu,hɪŋi
hɪp,hɪpu,hɪpi,hɪpu,hɪpi
hɪt,hɪtu,hɪti,hɪtu,hɪti
hɪk,hɪku,hɪki,hɪku,hɪki
hɪb,hɪbu,hɪbi,hɪbu,hɪbi
hɪd,hɪdu,hɪdi,hɪdu,hɪdi
hɪg,hɪgu,hɪgi,hɪgu,hɪgi
hɪf,hɪfu,hɪfi,hɪfu,hɪfi
hɪs,hɪsu,hɪsi,hɪsu,hɪsi
hɪv,hɪvu,hɪvi,hɪvu,hɪvi
hɪz,hɪzu,hɪzi,hɪzu,hɪzi
hɪʃ,hɪʃu,hɪʃi,hɪʃu,hɪʃi
hɪʒ,hɪʒu,hɪʒi,hɪʒu,hɪʒi
hɪθ,hɪθu,hɪθi,hɪθu,hɪθi
hɪð,hɪðu,hɪði,hɪðu,hɪði
mɪm,mɪmoʊ,mɪmeɪ,mɪmo,mɪme
mɪn,mɪnoʊ,mɪneɪ,mɪno,mɪne
mɪŋ,mɪŋoʊ,mɪŋeɪ,mɪŋo,mɪŋe
mɪp,mɪpoʊ,mɪpeɪ,mɪpo,mɪpe
mɪt,mɪtoʊ,mɪteɪ,mɪto,mɪte
mɪk,mɪkoʊ,mɪkeɪ,mɪko,mɪke
mɪb,mɪboʊ,mɪbeɪ,mɪbo,mɪbe
mɪd,mɪdoʊ,mɪdeɪ,mɪdo,mɪde
mɪg,mɪgoʊ,mɪgeɪ,mɪgo,mɪge
mɪf,mɪfoʊ,mɪfeɪ,mɪfo,mɪfe
mɪs,mɪsoʊ,mɪseɪ,mɪso,mɪse
mɪv,mɪvoʊ,mɪveɪ,mɪvo,mɪve
mɪz,mɪzoʊ,mɪzeɪ,mɪzo,mɪze
mɪʃ,mɪʃoʊ,mɪʃeɪ,mɪʃo,mɪʃe
mɪʒ,mɪʒoʊ,mɪʒeɪ,mɪʒo,mɪʒe
mɪθ,mɪθoʊ,mɪθeɪ,mɪθo,mɪθe
mɪð,mɪðoʊ,mɪðeɪ,mɪðo,mɪðe
nɪm,nɪmoʊ,nɪmeɪ,nɪmo,nɪme
nɪn,nɪnoʊ,nɪneɪ,nɪno,nɪne
nɪŋ,nɪŋoʊ,nɪŋeɪ,nɪŋo,nɪŋe
nɪp,nɪpoʊ,nɪpeɪ,nɪpo,nɪpe
nɪt,nɪtoʊ,nɪteɪ,nɪto,nɪte
nɪk,nɪkoʊ,nɪkeɪ,nɪko,nɪke
nɪb,nɪboʊ,nɪbeɪ,nɪbo,nɪbe
nɪd,nɪdoʊ,nɪdeɪ,nɪdo,nɪde
nɪg,nɪgoʊ,nɪgeɪ,nɪgo,nɪge
nɪf,nɪfoʊ,nɪfeɪ,nɪfo,nɪfe
nɪs,nɪsoʊ,nɪseɪ,nɪso,nɪse
nɪv,nɪvoʊ,nɪveɪ,nɪvo,nɪve
nɪz,nɪzoʊ,nɪzeɪ,nɪzo,nɪze
nɪʃ,nɪʃoʊ,nɪʃeɪ,nɪʃo,nɪʃe
nɪʒ,nɪʒoʊ,nɪʒeɪ,nɪʒo,nɪʒe
nɪθ,nɪθoʊ,nɪθeɪ,nɪθo,nɪθe
nɪð,nɪðoʊ,nɪðeɪ,nɪðo,nɪðe
pɪm,pɪmoʊ,pɪmeɪ,pɪmo,pɪme
pɪn,pɪnoʊ,pɪneɪ,pɪno,pɪne
pɪŋ,pɪŋoʊ,pɪŋeɪ,pɪŋo,pɪŋe
pɪp,pɪpoʊ,pɪpeɪ,pɪpo,pɪpe
pɪt,pɪtoʊ,pɪteɪ,pɪto,pɪte
pɪk,pɪkoʊ,pɪkeɪ,pɪko,pɪke
pɪb,pɪboʊ,pɪbeɪ,pɪbo,pɪbe
pɪd,pɪdoʊ,pɪdeɪ,pɪdo,pɪde
pɪg,pɪgoʊ,pɪgeɪ,pɪgo,pɪge
pɪf,pɪfoʊ,pɪfeɪ,pɪfo,pɪfe
pɪs,pɪsoʊ,pɪseɪ,pɪso,pɪse
pɪv,pɪvoʊ,pɪveɪ,pɪvo,pɪve
pɪz,pɪzoʊ,pɪzeɪ,pɪzo,pɪze
pɪʃ,pɪʃoʊ,pɪʃeɪ,pɪʃo,pɪʃe
pɪʒ,pɪʒoʊ,pɪʒeɪ,pɪʒo,pɪʒe
pɪθ,pɪθoʊ,pɪθeɪ,pɪθo,pɪθe
pɪð,pɪðoʊ,pɪðeɪ,pɪðo,pɪðe
tɪm,tɪmoʊ,tɪmeɪ,tɪmo,tɪme
tɪn,tɪnoʊ,tɪneɪ,tɪno,tɪne
tɪŋ,tɪŋoʊ,tɪŋeɪ,tɪŋo,tɪŋe
tɪp,tɪpoʊ,tɪpeɪ,tɪpo,tɪpe
tɪt,tɪtoʊ,tɪteɪ,tɪto,tɪte
tɪk,tɪkoʊ,tɪkeɪ,tɪko,tɪke
tɪb,tɪboʊ,tɪbeɪ,tɪbo,tɪbe
tɪd,tɪdoʊ,tɪdeɪ,tɪdo,tɪde
tɪg,tɪgoʊ,tɪgeɪ,tɪgo,tɪge
tɪf,tɪfoʊ,tɪfeɪ,tɪfo,tɪfe
tɪs,tɪsoʊ,tɪseɪ,tɪso,tɪse
tɪv,tɪvoʊ,tɪveɪ,tɪvo,tɪve
tɪz,tɪzoʊ,tɪzeɪ,tɪzo,tɪze
tɪʃ,tɪʃoʊ,tɪʃeɪ,tɪʃo,tɪʃe
tɪʒ,tɪʒoʊ,tɪʒeɪ,tɪʒo,tɪʒe
tɪθ,tɪθoʊ,tɪθeɪ,tɪθo,tɪθe
tɪð,tɪðoʊ,tɪðeɪ,tɪðo,tɪðe
kɪm,kɪmoʊ,kɪmeɪ,kɪmo,kɪme
kɪn,kɪnoʊ,kɪneɪ,kɪno,kɪne
kɪŋ,kɪŋoʊ,kɪŋeɪ,kɪŋo,kɪŋe
kɪp,kɪpoʊ,kɪpeɪ,kɪpo,kɪpe
kɪt,kɪtoʊ,kɪteɪ,kɪto,kɪte
kɪk,kɪkoʊ,kɪkeɪ,kɪko,kɪke
kɪb,kɪboʊ,kɪbeɪ,kɪbo,kɪbe
kɪd,kɪdoʊ,kɪdeɪ,kɪdo,kɪde
kɪg,kɪgoʊ,kɪgeɪ,kɪgo,kɪge
kɪf,kɪfoʊ,kɪfeɪ,kɪfo,kɪfe
kɪs,kɪsoʊ,kɪseɪ,kɪso,kɪse
kɪv,kɪvoʊ,kɪveɪ,kɪvo,kɪve
kɪz,kɪzoʊ,kɪzeɪ,kɪzo,kɪze
kɪʃ,kɪʃoʊ,kɪʃeɪ,kɪʃo,kɪʃe
kɪʒ,kɪʒoʊ,kɪʒeɪ,kɪʒo,kɪʒe
kɪθ,kɪθoʊ,kɪθeɪ,kɪθo,kɪθe
kɪð,kɪðoʊ,kɪðeɪ,kɪðo,kɪðe
bɪm,bɪmoʊ,bɪmeɪ,bɪmo,bɪme
bɪn,bɪnoʊ,bɪneɪ,bɪno,bɪne
bɪŋ,bɪŋoʊ,bɪŋeɪ,bɪŋo,bɪŋe
bɪp,bɪpoʊ,bɪpeɪ,bɪpo,bɪpe
bɪt,bɪtoʊ,bɪteɪ,bɪto,bɪte
bɪk,bɪkoʊ,bɪkeɪ,bɪko,bɪke
bɪb,bɪboʊ,bɪbeɪ,bɪbo,bɪbe
bɪd,bɪdoʊ,bɪdeɪ,bɪdo,bɪde
bɪg,bɪgoʊ,bɪgeɪ,bɪgo,bɪge
bɪf,bɪfoʊ,bɪfeɪ,bɪfo,bɪfe
bɪs,bɪsoʊ,bɪseɪ,bɪso,bɪse
bɪv,bɪvoʊ,bɪveɪ,bɪvo,bɪve
bɪz,bɪzoʊ,bɪzeɪ,bɪzo,bɪze
bɪʃ,bɪʃoʊ,bɪʃeɪ,bɪʃo,bɪʃe
bɪʒ,bɪʒoʊ,bɪʒeɪ,bɪʒo,bɪʒe
bɪθ,bɪθoʊ,bɪθeɪ,bɪθo,bɪθe
bɪð,bɪðoʊ,bɪðeɪ,bɪðo,bɪðe
dɪm,dɪmoʊ,dɪmeɪ,dɪmo,dɪme
dɪn,dɪnoʊ,dɪneɪ,dɪno,dɪne
dɪŋ,dɪŋoʊ,dɪŋeɪ,dɪŋo,dɪŋe
dɪp,dɪpoʊ,dɪpeɪ,dɪpo,dɪpe
dɪt,dɪtoʊ,dɪteɪ,dɪto,dɪte
dɪk,dɪkoʊ,dɪkeɪ,dɪko,dɪke
dɪb,dɪboʊ,dɪbeɪ,dɪbo,dɪbe
dɪd,dɪdoʊ,dɪdeɪ,dɪdo,dɪde
dɪg,dɪgoʊ,dɪgeɪ,dɪgo,dɪge
dɪf,dɪfoʊ,dɪfeɪ,dɪfo,dɪfe
dɪs,dɪsoʊ,dɪseɪ,dɪso,dɪse
dɪv,dɪvoʊ,dɪveɪ,dɪvo,dɪve
dɪz,dɪzoʊ,dɪzeɪ,dɪzo,dɪze
dɪʃ,dɪʃoʊ,dɪʃeɪ,dɪʃo,dɪʃe
dɪʒ,dɪʒoʊ,dɪʒeɪ,dɪʒo,dɪʒe
dɪθ,dɪθoʊ,dɪθeɪ,dɪθo,dɪθe
dɪð,dɪðoʊ,dɪðeɪ,dɪðo,dɪðe
gɪm,gɪmoʊ,gɪmeɪ,gɪmo,gɪme
gɪn,gɪnoʊ,gɪneɪ,gɪno,gɪne
gɪŋ,gɪŋoʊ,gɪŋeɪ,gɪŋo,gɪŋe
gɪp,gɪpoʊ,gɪpeɪ,gɪpo,gɪpe
gɪt,gɪtoʊ,gɪteɪ,gɪto,gɪte
gɪk,gɪkoʊ,gɪkeɪ,gɪko,gɪke
gɪb,gɪboʊ,gɪbeɪ,gɪbo,gɪbe
gɪd,gɪdoʊ,gɪdeɪ,gɪdo,gɪde
gɪg,gɪgoʊ,gɪgeɪ,gɪgo,gɪge
gɪf,gɪfoʊ,gɪfeɪ,gɪfo,gɪfe
gɪs,gɪsoʊ,gɪseɪ,gɪso,gɪse
gɪv,gɪvoʊ,gɪveɪ,gɪvo,gɪve
gɪz,gɪzoʊ,gɪzeɪ,gɪzo,gɪze
gɪʃ,gɪʃoʊ,gɪʃeɪ,gɪʃo,gɪʃe
gɪʒ,gɪʒoʊ,gɪʒeɪ,gɪʒo,gɪʒe
gɪθ,gɪθoʊ,gɪθeɪ,gɪθo,gɪθe
gɪð,gɪðoʊ,gɪðeɪ,gɪðo,gɪðe
fɪm,fɪmoʊ,fɪmeɪ,fɪmo,fɪme
fɪn,fɪnoʊ,fɪneɪ,fɪno,fɪne
fɪŋ,fɪŋoʊ,fɪŋeɪ,fɪŋo,fɪŋe
fɪp,fɪpoʊ,fɪpeɪ,fɪpo,fɪpe
fɪt,fɪtoʊ,fɪteɪ,fɪto,fɪte
fɪk,fɪkoʊ,fɪkeɪ,fɪko,fɪke
fɪb,fɪboʊ,fɪbeɪ,fɪbo,fɪbe
fɪd,fɪdoʊ,fɪdeɪ,fɪdo,fɪde
fɪg,fɪgoʊ,fɪgeɪ,fɪgo,fɪge
fɪf,fɪfoʊ,fɪfeɪ,fɪfo,fɪfe
fɪs,fɪsoʊ,fɪseɪ,fɪso,fɪse
fɪv,fɪvoʊ,fɪveɪ,fɪvo,fɪve
fɪz,fɪzoʊ,fɪzeɪ,fɪzo,fɪze
fɪʃ,fɪʃoʊ,fɪʃeɪ,fɪʃo,fɪʃe
fɪʒ,fɪʒoʊ,fɪʒeɪ,fɪʒo,fɪʒe
fɪθ,fɪθoʊ,fɪθeɪ,fɪθo,fɪθe
fɪð,fɪðoʊ,fɪðeɪ,fɪðo,fɪðe
sɪm,sɪmoʊ,sɪmeɪ,sɪmo,sɪme
sɪn,sɪnoʊ,sɪneɪ,sɪno,sɪne
sɪŋ,sɪŋoʊ,sɪŋeɪ,sɪŋo,sɪŋe
sɪp,sɪpoʊ,sɪpeɪ,sɪpo,sɪpe
sɪt,sɪtoʊ,sɪteɪ,sɪto,sɪte
sɪk,sɪkoʊ,sɪkeɪ,sɪko,sɪke
sɪb,sɪboʊ,sɪbeɪ,sɪbo,sɪbe
sɪd,sɪdoʊ,sɪdeɪ,sɪdo,sɪde
sɪg,sɪgoʊ,sɪgeɪ,sɪgo,sɪge
sɪf,sɪfoʊ,sɪfeɪ,sɪfo,sɪfe
sɪs,sɪsoʊ,sɪseɪ,sɪso,sɪse
sɪv,sɪvoʊ,sɪveɪ,sɪvo,sɪve
sɪz,sɪzoʊ,sɪzeɪ,sɪzo,sɪze
sɪʃ,sɪʃoʊ,sɪʃeɪ,sɪʃo,sɪʃe
sɪʒ,sɪʒoʊ,sɪʒeɪ,sɪʒo,sɪʒe
sɪθ,sɪθoʊ,sɪθeɪ,sɪθo,sɪθe
sɪð,sɪðoʊ,sɪðeɪ,sɪðo,sɪðe
vɪm,vɪmoʊ,vɪmeɪ,vɪmo,vɪme
vɪn,vɪnoʊ,vɪneɪ,vɪno,vɪne
vɪŋ,vɪŋoʊ,vɪŋeɪ,vɪŋo,vɪŋe
vɪp,vɪpoʊ,vɪpeɪ,vɪpo,vɪpe
vɪt,vɪtoʊ,vɪteɪ,vɪto,vɪte
vɪk,vɪkoʊ,vɪkeɪ,vɪko,vɪke
vɪb,vɪboʊ,vɪbeɪ,vɪbo,vɪbe
vɪd,vɪdoʊ,vɪdeɪ,vɪdo,vɪde
vɪg,vɪgoʊ,vɪgeɪ,vɪgo,vɪge
vɪf,vɪfoʊ,vɪfeɪ,vɪfo,vɪfe
vɪs,vɪsoʊ,vɪseɪ,vɪso,vɪse
vɪv,vɪvoʊ,vɪveɪ,vɪvo,vɪve
vɪz,vɪzoʊ,vɪzeɪ,vɪzo,vɪze
vɪʃ,vɪʃoʊ,vɪʃeɪ,vɪʃo,vɪʃe
vɪʒ,vɪʒoʊ,vɪʒeɪ,vɪʒo,vɪʒe
vɪθ,vɪθoʊ,vɪθeɪ,vɪθo,vɪθe
vɪð,vɪðoʊ,vɪðeɪ,vɪðo,vɪðe
zɪm,zɪmoʊ,zɪmeɪ,zɪmo,zɪme
zɪn,zɪnoʊ,zɪneɪ,zɪno,zɪne
zɪŋ,zɪŋoʊ,zɪŋeɪ,zɪŋo,zɪŋe
zɪp,zɪpoʊ,zɪpeɪ,zɪpo,zɪpe
zɪt,zɪtoʊ,zɪteɪ,zɪto,zɪte
zɪk,zɪkoʊ,zɪkeɪ,zɪko,zɪke
zɪb,zɪboʊ,zɪbeɪ,zɪbo,zɪbe
zɪd,zɪdoʊ,zɪdeɪ,zɪdo,zɪde
zɪg,zɪgoʊ,zɪgeɪ,zɪgo,zɪge
zɪf,zɪfoʊ,zɪfeɪ,zɪfo,zɪfe
zɪs,zɪsoʊ,zɪseɪ,zɪso,zɪse
zɪv,zɪvoʊ,zɪveɪ,zɪvo,zɪve
zɪz,zɪzoʊ,zɪzeɪ,zɪzo,zɪze
zɪʃ,zɪʃoʊ,zɪʃeɪ,zɪʃo,zɪʃe
zɪʒ,zɪʒoʊ,zɪʒeɪ,zɪʒo,zɪʒe
zɪθ,zɪθoʊ,zɪθeɪ,zɪθo,zɪθe
zɪð,zɪðoʊ,zɪðeɪ,zɪðo,zɪðe
ʃɪm,ʃɪmoʊ,ʃɪmeɪ,ʃɪmo,ʃɪme
ʃɪn,ʃɪnoʊ,ʃɪneɪ,ʃɪno,ʃɪne
ʃɪŋ,ʃɪŋoʊ,ʃɪŋeɪ,ʃɪŋo,ʃɪŋe
ʃɪp,ʃɪpoʊ,ʃɪpeɪ,ʃɪpo,ʃɪpe
ʃɪt,ʃɪtoʊ,ʃɪteɪ,ʃɪto,ʃɪte
ʃɪk,ʃɪkoʊ,ʃɪkeɪ,ʃɪko,ʃɪke
ʃɪb,ʃɪboʊ,ʃɪbeɪ,ʃɪbo,ʃɪbe
ʃɪd,ʃɪdoʊ,ʃɪdeɪ,ʃɪdo,ʃɪde
ʃɪg,ʃɪgoʊ,ʃɪgeɪ,ʃɪgo,ʃɪge
ʃɪf,ʃɪfoʊ,ʃɪfeɪ,ʃɪfo,ʃɪfe
ʃɪs,ʃɪsoʊ,ʃɪseɪ,ʃɪso,ʃɪse
ʃɪv,ʃɪvoʊ,ʃɪveɪ,ʃɪvo,ʃɪve
ʃɪz,ʃɪzoʊ,ʃɪzeɪ,ʃɪzo,ʃɪze
ʃɪʃ,ʃɪʃoʊ,ʃɪʃeɪ,ʃɪʃo,ʃɪʃe
ʃɪʒ,ʃɪʒoʊ,ʃɪʒeɪ,ʃɪʒo,ʃɪʒe
ʃɪθ,ʃɪθoʊ,ʃɪθeɪ,ʃɪθo,ʃɪθe
ʃɪð,ʃɪðoʊ,ʃɪðeɪ,ʃɪðo,ʃɪðe
ʒɪm,ʒɪmoʊ,ʒɪmeɪ,ʒɪmo,ʒɪme
ʒɪn,ʒɪnoʊ,ʒɪneɪ,ʒɪno,ʒɪne
ʒɪŋ,ʒɪŋoʊ,ʒɪŋeɪ,ʒɪŋo,ʒɪŋe
ʒɪp,ʒɪpoʊ,ʒɪpeɪ,ʒɪpo,ʒɪpe
ʒɪt,ʒɪtoʊ,ʒɪteɪ,ʒɪto,ʒɪte
ʒɪk,ʒɪkoʊ,ʒɪkeɪ,ʒɪko,ʒɪke
ʒɪb,ʒɪboʊ,ʒɪbeɪ,ʒɪbo,ʒɪbe
ʒɪd,ʒɪdoʊ,ʒɪdeɪ,ʒɪdo,ʒɪde
ʒɪg,ʒɪgoʊ,ʒɪgeɪ,ʒɪgo,ʒɪge
ʒɪf,ʒɪfoʊ,ʒɪfeɪ,ʒɪfo,ʒɪfe
ʒɪs,ʒɪsoʊ,ʒɪseɪ,ʒɪso,ʒɪse
ʒɪv,ʒɪvoʊ,ʒɪveɪ,ʒɪvo,ʒɪve
ʒɪz,ʒɪzoʊ,ʒɪzeɪ,ʒɪzo,ʒɪze
ʒɪʃ,ʒɪʃoʊ,ʒɪʃeɪ,ʒɪʃo,ʒɪʃe
ʒɪʒ,ʒɪʒoʊ,ʒɪʒeɪ,ʒɪʒo,ʒɪʒe
ʒɪθ,ʒɪθoʊ,ʒɪθeɪ,ʒɪθo,ʒɪθe
ʒɪð,ʒɪðoʊ,ʒɪðeɪ,ʒɪðo,ʒɪðe
θɪm,θɪmoʊ,θɪmeɪ,θɪmo,θɪme
θɪn,θɪnoʊ,θɪneɪ,θɪno,θɪne
θɪŋ,θɪŋoʊ,θɪŋeɪ,θɪŋo,θɪŋe
θɪp,θɪpoʊ,θɪpeɪ,θɪpo,θɪpe
θɪt,θɪtoʊ,θɪteɪ,θɪto,θɪte
θɪk,θɪkoʊ,θɪkeɪ,θɪko,θɪke
θɪb,θɪboʊ,θɪbeɪ,θɪbo,θɪbe
θɪd,θɪdoʊ,θɪdeɪ,θɪdo,θɪde
θɪg,θɪgoʊ,θɪgeɪ,θɪgo,θɪge
θɪf,θɪfoʊ,θɪfeɪ,θɪfo,θɪfe
θɪs,θɪsoʊ,θɪseɪ,θɪso,θɪse
θɪv,θɪvoʊ,θɪveɪ,θɪvo,θɪve
θɪz,θɪzoʊ,θɪzeɪ,θɪzo,θɪze
θɪʃ,θɪʃoʊ,θɪʃeɪ,θɪʃo,θɪʃe
θɪʒ,θɪʒoʊ,θɪʒeɪ,θɪʒo,θɪʒe
θɪθ,θɪθoʊ,θɪθeɪ,θɪθo,θɪθe
θɪð,θɪðoʊ,θɪðeɪ,θɪðo,θɪðe
ðɪm,ðɪmoʊ,ðɪmeɪ,ðɪmo,ðɪme
ðɪn,ðɪnoʊ,ðɪneɪ,ðɪno,ðɪne
ðɪŋ,ðɪŋoʊ,ðɪŋeɪ,ðɪŋo,ðɪŋe
ðɪp,ðɪpoʊ,ðɪpeɪ,ðɪpo,ðɪpe
ðɪt,ðɪtoʊ,ðɪteɪ,ðɪto,ðɪte
ðɪk,ðɪkoʊ,ðɪkeɪ,ðɪko,ðɪke
ðɪb,ðɪboʊ,ðɪbeɪ,ðɪbo,ðɪbe
ðɪd,ðɪdoʊ,ðɪdeɪ,ðɪdo,ðɪde
ðɪg,ðɪgoʊ,ðɪgeɪ,ðɪgo,ðɪge
ðɪf,ðɪfoʊ,ðɪfeɪ,ðɪfo,ðɪfe
ðɪs,ðɪsoʊ,ðɪseɪ,ðɪso,ðɪse
ðɪv,ðɪvoʊ,ðɪveɪ,ðɪvo,ðɪve
ðɪz,ðɪzoʊ,ðɪzeɪ,ðɪzo,ðɪze
ðɪʃ,ðɪʃoʊ,ðɪʃeɪ,ðɪʃo,ðɪʃe
ðɪʒ,ðɪʒoʊ,ðɪʒeɪ,ðɪʒo,ðɪʒe
ðɪθ,ðɪθoʊ,ðɪθeɪ,ðɪθo,ðɪθe
ðɪð,ðɪðoʊ,ðɪðeɪ,ðɪðo,ðɪðe
hɪm,hɪmoʊ,hɪmeɪ,hɪmo,hɪme
hɪn,hɪnoʊ,hɪneɪ,hɪno,hɪne
hɪŋ,hɪŋoʊ,hɪŋeɪ,hɪŋo,hɪŋe
hɪp,hɪpoʊ,hɪpeɪ,hɪpo,hɪpe
hɪt,hɪtoʊ,hɪteɪ,hɪto,hɪte
hɪk,hɪkoʊ,hɪkeɪ,hɪko,hɪke
hɪb,hɪboʊ,hɪbeɪ,hɪbo,hɪbe
hɪd,hɪdoʊ,hɪdeɪ,hɪdo,hɪde
hɪg,hɪgoʊ,hɪgeɪ,hɪgo,hɪge
hɪf,hɪfoʊ,hɪfeɪ,hɪfo,hɪfe
hɪs,hɪsoʊ,hɪseɪ,hɪso,hɪse
hɪv,hɪvoʊ,hɪveɪ,hɪvo,hɪve
hɪz,hɪzoʊ,hɪzeɪ,hɪzo,hɪze
hɪʃ,hɪʃoʊ,hɪʃeɪ,hɪʃo,hɪʃe
hɪʒ,hɪʒoʊ,hɪʒeɪ,hɪʒo,hɪʒe
hɪθ,hɪθoʊ,hɪθeɪ,hɪθo,hɪθe
hɪð,hɪðoʊ,hɪðeɪ,hɪðo,hɪðe
mɛm,mɛmi,mɛmi,mɛmi,mɛmi
mɛn,mɛni,mɛni,mɛni,mɛni
mɛŋ,mɛŋi,mɛŋi,mɛŋi,mɛŋi
mɛp,mɛpi,mɛpi,mɛpi,mɛpi
mɛt,mɛti,mɛti,mɛti,mɛti
mɛk,mɛki,mɛki,mɛki,mɛki
mɛb,mɛbi,mɛbi,mɛbi,mɛbi
mɛd,mɛdi,mɛdi,mɛdi,mɛdi
mɛg,mɛgi,mɛgi,mɛgi,mɛgi
mɛf,mɛfi,mɛfi,mɛfi,mɛfi
mɛs,mɛsi,mɛsi,mɛsi,mɛsi
mɛv,mɛvi,mɛvi,mɛvi,mɛvi
mɛz,mɛzi,mɛzi,mɛzi,mɛzi
mɛʃ,mɛʃi,mɛʃi,mɛʃi,mɛʃi
mɛʒ,mɛʒi,mɛʒi,mɛʒi,mɛʒi
mɛθ,mɛθi,mɛθi,mɛθi,mɛθi
mɛð,mɛði,mɛði,mɛði,mɛði
nɛm,nɛmi,nɛmi,nɛmi,nɛmi
nɛn,nɛni,nɛni,nɛni,nɛni
nɛŋ,nɛŋi,nɛŋi,nɛŋi,nɛŋi
nɛp,nɛpi,nɛpi,nɛpi,nɛpi
nɛt,nɛti,nɛti,nɛti,nɛti
nɛk,nɛki,nɛki,nɛki,nɛki
nɛb,nɛbi,nɛbi,nɛbi,nɛbi
nɛd,nɛdi,nɛdi,nɛdi,nɛdi
nɛg,nɛgi,nɛgi,nɛgi,nɛgi
nɛf,nɛfi,nɛfi,nɛfi,nɛfi
nɛs,nɛsi,nɛsi,nɛsi,nɛsi
nɛv,nɛvi,nɛvi,nɛvi,nɛvi
nɛz,nɛzi,nɛzi,nɛzi,nɛzi
nɛʃ,nɛʃi,nɛʃi,nɛʃi,nɛʃi
nɛʒ,nɛʒi,nɛʒi,nɛʒi,nɛʒi
nɛθ,nɛθi,nɛθi,nɛθi,nɛθi
nɛð,nɛði,nɛði,nɛði,nɛði
pɛm,pɛmi,pɛmi,pɛmi,pɛmi
pɛn,pɛni,pɛni,pɛni,pɛni
pɛŋ,pɛŋi,pɛŋi,pɛŋi,pɛŋi
pɛp,pɛpi,pɛpi,pɛpi,pɛpi
pɛt,pɛti,pɛti,pɛti,pɛti
pɛk,pɛki,pɛki,pɛki,pɛki
pɛb,pɛbi,pɛbi,pɛbi,pɛbi
pɛd,pɛdi,pɛdi,pɛdi,pɛdi
pɛg,pɛgi,pɛgi,pɛgi,pɛgi
pɛf,pɛfi,pɛfi,pɛfi,pɛfi
pɛs,pɛsi,pɛsi,pɛsi,pɛsi
pɛv,pɛvi,pɛvi,pɛvi,pɛvi
pɛz,pɛzi,pɛzi,pɛzi,pɛzi
pɛʃ,pɛʃi,pɛʃi,pɛʃi,pɛʃi
pɛʒ,pɛʒi,pɛʒi,pɛʒi,pɛʒi
pɛθ,pɛθi,pɛθi,pɛθi,pɛθi
pɛð,pɛði,pɛði,pɛði,pɛði
tɛm,tɛmi,tɛmi,tɛmi,tɛmi
tɛn,tɛni,tɛni,tɛni,tɛni
tɛŋ,tɛŋi,tɛŋi,tɛŋi,tɛŋi
tɛp,tɛpi,tɛpi,tɛpi,tɛpi
tɛt,tɛti,tɛti,tɛti,tɛti
tɛk,tɛki,tɛki,tɛki,tɛki
tɛb,tɛbi,tɛbi,tɛbi,tɛbi
tɛd,tɛdi,tɛdi,tɛdi,tɛdi
tɛg,tɛgi,tɛgi,tɛgi,tɛgi
tɛf,tɛfi,tɛfi,tɛfi,tɛfi
tɛs,tɛsi,tɛsi,tɛsi,tɛsi
tɛv,tɛvi,tɛvi,tɛvi,tɛvi
tɛz,tɛzi,tɛzi,tɛzi,tɛzi
tɛʃ,tɛʃi,tɛʃi,tɛʃi,tɛʃi
tɛʒ,tɛʒi,tɛʒi,tɛʒi,tɛʒi
tɛθ,tɛθi,tɛθi,tɛθi,tɛθi
tɛð,tɛði,tɛði,tɛði,tɛði
kɛm,kɛmi,kɛmi,kɛmi,kɛmi
kɛn,kɛni,kɛni,kɛni,kɛni
kɛŋ,kɛŋi,kɛŋi,kɛŋi,kɛŋi
kɛp,kɛpi,kɛpi,kɛpi,kɛpi
kɛt,kɛti,kɛti,kɛti,kɛti
kɛk,kɛki,kɛki,kɛki,kɛki
kɛb,kɛbi,kɛbi,kɛbi,kɛbi
kɛd,kɛdi,kɛdi,kɛdi,kɛdi
kɛg,kɛgi,kɛgi,kɛgi,kɛgi
kɛf,kɛfi,kɛfi,kɛfi,kɛfi
kɛs,kɛsi,kɛsi,kɛsi,kɛsi
kɛv,kɛvi,kɛvi,kɛvi,kɛvi
kɛz,kɛzi,kɛzi,kɛzi,kɛzi
kɛʃ,kɛʃi,kɛʃi,kɛʃi,kɛʃi
kɛʒ,kɛʒi,kɛʒi,kɛʒi,kɛʒi
kɛθ,kɛθi,kɛθi,kɛθi,kɛθi
kɛð,kɛði,kɛði,kɛði,kɛði
bɛm,bɛmi,bɛmi,bɛmi,bɛmi
bɛn,bɛni,bɛni,bɛni,bɛni
bɛŋ,bɛŋi,bɛŋi,bɛŋi,bɛŋi
bɛp,bɛpi,bɛpi,bɛpi,bɛpi
bɛt,bɛti,bɛti,bɛti,bɛti
bɛk,bɛki,bɛki,bɛki,bɛki
bɛb,bɛbi,bɛbi,bɛbi,bɛbi
bɛd,bɛdi,bɛdi,bɛdi,bɛdi
bɛg,bɛgi,bɛgi,bɛgi,bɛgi
bɛf,bɛfi,bɛfi,bɛfi,bɛfi
bɛs,bɛsi,bɛsi,bɛsi,bɛsi
bɛv,bɛvi,bɛvi,bɛvi,bɛvi
bɛz,bɛzi,bɛzi,bɛzi,bɛzi
bɛʃ,bɛʃi,bɛʃi,bɛʃi,bɛʃi
bɛʒ,bɛʒi,bɛʒi,bɛʒi,bɛʒi
bɛθ,bɛθi,bɛθi,bɛθi,bɛθi
bɛð,bɛði,bɛði,bɛði,bɛði
dɛm,dɛmi,dɛmi,dɛmi,dɛmi
dɛn,dɛni,dɛni,dɛni,dɛni
dɛŋ,dɛŋi,dɛŋi,dɛŋi,dɛŋi
dɛp,dɛpi,dɛpi,dɛpi,dɛpi
dɛt,dɛti,dɛti,dɛti,dɛti
dɛk,dɛki,dɛki,dɛki,dɛki
dɛb,dɛbi,dɛbi,dɛbi,dɛbi
dɛd,dɛdi,dɛdi,dɛdi,dɛdi
dɛg,dɛgi,dɛgi,dɛgi,dɛgi
dɛf,dɛfi,dɛfi,dɛfi,dɛfi
dɛs,dɛsi,dɛsi,dɛsi,dɛsi
dɛv,dɛvi,dɛvi,dɛvi,dɛvi
dɛz,dɛzi,dɛzi,dɛzi,dɛzi
dɛʃ,dɛʃi,dɛʃi,dɛʃi,dɛʃi
dɛʒ,dɛʒi,dɛʒi,dɛʒi,dɛʒi
dɛθ,dɛθi,dɛθi,dɛθi,dɛθi
dɛð,dɛði,dɛði,dɛði,dɛði
gɛm,gɛmi,gɛmi,gɛmi,gɛmi
gɛn,gɛni,gɛni,gɛni,gɛni
gɛŋ,gɛŋi,gɛŋi,gɛŋi,gɛŋi
gɛp,gɛpi,gɛpi,gɛpi,gɛpi
gɛt,gɛti,gɛti,gɛti,gɛti
gɛk,gɛki,gɛki,gɛki,gɛki
gɛb,gɛbi,gɛbi,gɛbi,gɛbi
gɛd,gɛdi,gɛdi,gɛdi,gɛdi
gɛg,gɛgi,gɛgi,gɛgi,gɛgi
gɛf,gɛfi,gɛfi,gɛfi,gɛfi
gɛs,gɛsi,gɛsi,gɛsi,gɛsi
gɛv,gɛvi,gɛvi,gɛvi,gɛvi
gɛz,gɛzi,gɛzi,gɛzi,gɛzi
gɛʃ,gɛʃi,gɛʃi,gɛʃi,gɛʃi
gɛʒ,gɛʒi,gɛʒi,gɛʒi,gɛʒi
gɛθ,gɛθi,gɛθi,gɛθi,gɛθi
gɛð,gɛði,gɛði,gɛði,gɛði
fɛm,fɛmi,fɛmi,fɛmi,fɛmi
fɛn,fɛni,fɛni,fɛni,fɛni
fɛŋ,fɛŋi,fɛŋi,fɛŋi,fɛŋi
fɛp,fɛpi,fɛpi,fɛpi,fɛpi
fɛt,fɛti,fɛti,fɛti,fɛti
fɛk,fɛki,fɛki,fɛki,fɛki
fɛb,fɛbi,fɛbi,fɛbi,fɛbi
fɛd,fɛdi,fɛdi,fɛdi,fɛdi
fɛg,fɛgi,fɛgi,fɛgi,fɛgi
fɛf,fɛfi,fɛfi,fɛfi,fɛfi
fɛs,fɛsi,fɛsi,fɛsi,fɛsi
fɛv,fɛvi,fɛvi,fɛvi,fɛvi
fɛz,fɛzi,fɛzi,fɛzi,fɛzi
fɛʃ,fɛʃi,fɛʃi,fɛʃi,fɛʃi
fɛʒ,fɛʒi,fɛʒi,fɛʒi,fɛʒi
fɛθ,fɛθi,fɛθi,fɛθi,fɛθi
fɛð,fɛði,fɛði,fɛði,fɛði
sɛm,sɛmi,sɛmi,sɛmi,sɛmi
sɛn,sɛni,sɛni,sɛni,sɛni
sɛŋ,sɛŋi,sɛŋi,sɛŋi,sɛŋi
sɛp,sɛpi,sɛpi,sɛpi,sɛpi
sɛt,sɛti,sɛti,sɛti,sɛti
sɛk,sɛki,sɛki,sɛki,sɛki
sɛb,sɛbi,sɛbi,sɛbi,sɛbi
sɛd,sɛdi,sɛdi,sɛdi,sɛdi
sɛg,sɛgi,sɛgi,sɛgi,sɛgi
sɛf,sɛfi,sɛfi,sɛfi,sɛfi
sɛs,sɛsi,sɛsi,sɛsi,sɛsi
sɛv,sɛvi,sɛvi,sɛvi,sɛvi
sɛz,sɛzi,sɛzi,sɛzi,sɛzi
sɛʃ,sɛʃi,sɛʃi,sɛʃi,sɛʃi
sɛʒ,sɛʒi,sɛʒi,sɛʒi,sɛʒi
sɛθ,sɛθi,sɛθi,sɛθi,sɛθi
sɛð,sɛði,sɛði,sɛði,sɛði
vɛm,vɛmi,vɛmi,vɛmi,vɛmi
vɛn,vɛni,vɛni,vɛni,vɛni
vɛŋ,vɛŋi,vɛŋi,vɛŋi,vɛŋi
vɛp,vɛpi,vɛpi,vɛpi,vɛpi
vɛt,vɛti,vɛti,vɛti,vɛti
vɛk,vɛki,vɛki,vɛki,vɛki
vɛb,vɛbi,vɛbi,vɛbi,vɛbi
vɛd,vɛdi,vɛdi,vɛdi,vɛdi
vɛg,vɛgi,vɛgi,vɛgi,vɛgi
vɛf,vɛfi,vɛfi,vɛfi,vɛfi
vɛs,vɛsi,vɛsi,vɛsi,vɛsi
vɛv,vɛvi,vɛvi,vɛvi,vɛvi
vɛz,vɛzi,vɛzi,vɛzi,vɛzi
vɛʃ,vɛʃi,vɛʃi,vɛʃi,vɛʃi
vɛʒ,vɛʒi,vɛʒi,vɛʒi,vɛʒi
vɛθ,vɛθi,vɛθi,vɛθi,vɛθi
vɛð,vɛði,vɛði,vɛði,vɛði
zɛm,zɛmi,zɛmi,zɛmi,zɛmi
zɛn,zɛni,zɛni,zɛni,zɛni
zɛŋ,zɛŋi,zɛŋi,zɛŋi,zɛŋi
zɛp,zɛpi,zɛpi,zɛpi,zɛpi
zɛt,zɛti,zɛti,zɛti,zɛti
zɛk,zɛki,zɛki,zɛki,zɛki
zɛb,zɛbi,zɛbi,zɛbi,zɛbi
zɛd,zɛdi,zɛdi,zɛdi,zɛdi
zɛg,zɛgi,zɛgi,zɛgi,zɛgi
zɛf,zɛfi,zɛfi,zɛfi,zɛfi
zɛs,zɛsi,zɛsi,zɛsi,zɛsi
zɛv,zɛvi,zɛvi,zɛvi,zɛvi
zɛz,zɛzi,zɛzi,zɛzi,zɛzi
zɛʃ,zɛʃi,zɛʃi,zɛʃi,zɛʃi
zɛʒ,zɛʒi,zɛʒi,zɛʒi,zɛʒi
zɛθ,zɛθi,zɛθi,zɛθi,zɛθi
zɛð,zɛði,zɛði,zɛði,zɛði
ʃɛm,ʃɛmi,ʃɛmi,ʃɛmi,ʃɛmi
ʃɛn,ʃɛni,ʃɛni,ʃɛni,ʃɛni
ʃɛŋ,ʃɛŋi,ʃɛŋi,ʃɛŋi,ʃɛŋi
ʃɛp,ʃɛpi,ʃɛpi,ʃɛpi,ʃɛpi
ʃɛt,ʃɛti,ʃɛti,ʃɛti,ʃɛti
ʃɛk,ʃɛki,ʃɛki,ʃɛki,ʃɛki
ʃɛb,ʃɛbi,ʃɛbi,ʃɛbi,ʃɛbi
ʃɛd,ʃɛdi,ʃɛdi,ʃɛdi,ʃɛdi
ʃɛg,ʃɛgi,ʃɛgi,ʃɛgi,ʃɛgi
ʃɛf,ʃɛfi,ʃɛfi,ʃɛfi,ʃɛfi
ʃɛs,ʃɛsi,ʃɛsi,ʃɛsi,ʃɛsi
ʃɛv,ʃɛvi,ʃɛvi,ʃɛvi,ʃɛvi
ʃɛz,ʃɛzi,ʃɛzi,ʃɛzi,ʃɛzi
ʃɛʃ,ʃɛʃi,ʃɛʃi,ʃɛʃi,ʃɛʃi
ʃɛʒ,ʃɛʒi,ʃɛʒi,ʃɛʒi,ʃɛʒi
ʃɛθ,ʃɛθi,ʃɛθi,ʃɛθi,ʃɛθi
ʃɛð,ʃɛði,ʃɛði,ʃɛði,ʃɛði
ʒɛm,ʒɛmi,ʒɛmi,ʒɛmi,ʒɛmi
ʒɛn,ʒɛni,ʒɛni,ʒɛni,ʒɛni
ʒɛŋ,ʒɛŋi,ʒɛŋi,ʒɛŋi,ʒɛŋi
ʒɛp,ʒɛpi,ʒɛpi,ʒɛpi,ʒɛpi
ʒɛt,ʒɛti,ʒɛti,ʒɛti,ʒɛti
ʒɛk,ʒɛki,ʒɛki,ʒɛki,ʒɛki
ʒɛb,ʒɛbi,ʒɛbi,ʒɛbi,ʒɛbi
ʒɛd,ʒɛdi,ʒɛdi,ʒɛdi,ʒɛdi
ʒɛg,ʒɛgi,ʒɛgi,ʒɛgi,ʒɛgi
ʒɛf,ʒɛfi,ʒɛfi,ʒɛfi,ʒɛfi
ʒɛs,ʒɛsi,ʒɛsi,ʒɛsi,ʒɛsi
ʒɛv,ʒɛvi,ʒɛvi,ʒɛvi,ʒɛvi
ʒɛz,ʒɛzi,ʒɛzi,ʒɛzi,ʒɛzi
ʒɛʃ,ʒɛʃi,ʒɛʃi,ʒɛʃi,ʒɛʃi
ʒɛʒ,ʒɛʒi,ʒɛʒi,ʒɛʒi,ʒɛʒi
ʒɛθ,ʒɛθi,ʒɛθi,ʒɛθi,ʒɛθi
ʒɛð,ʒɛði,ʒɛði,ʒɛði,ʒɛði
θɛm,θɛmi,θɛmi,θɛmi,θɛmi
θɛn,θɛni,θɛni,θɛni,θɛni
θɛŋ,θɛŋi,θɛŋi,θɛŋi,θɛŋi
θɛp,θɛpi,θɛpi,θɛpi,θɛpi
θɛt,θɛti,θɛti,θɛti,θɛti
θɛk,θɛki,θɛki,θɛki,θɛki
θɛb,θɛbi,θɛbi,θɛbi,θɛbi
θɛd,θɛdi,θɛdi,θɛdi,θɛdi
θɛg,θɛgi,θɛgi,θɛgi,θɛgi
θɛf,θɛfi,θɛfi,θɛfi,θɛfi
θɛs,θɛsi,θɛsi,θɛsi,θɛsi
θɛv,θɛvi,θɛvi,θɛvi,θɛvi
θɛz,θɛzi,θɛzi,θɛzi,θɛzi
θɛʃ,θɛʃi,θɛʃi,θɛʃi,θɛʃi
θɛʒ,θɛʒi,θɛʒi,θɛʒi,θɛʒi
θɛθ,θɛθi,θɛθi,θɛθi,θɛθi
θɛð,θɛði,θɛði,θɛði,θɛði
ðɛm,ðɛmi,ðɛmi,ðɛmi,ðɛmi
ðɛn,ðɛni,ðɛni,ðɛni,ðɛni
ðɛŋ,ðɛŋi,ðɛŋi,ðɛŋi,ðɛŋi
ðɛp,ðɛpi,ðɛpi,ðɛpi,ðɛpi
ðɛt,ðɛti,ðɛti,ðɛti,ðɛti
ðɛk,ðɛki,ðɛki,ðɛki,ðɛki
ðɛb,ðɛbi,ðɛbi,ðɛbi,ðɛbi
ðɛd,ðɛdi,ðɛdi,ðɛdi,ðɛdi
ðɛg,ðɛgi,ðɛgi,ðɛgi,ðɛgi
ðɛf,ðɛfi,ðɛfi,ðɛfi,ðɛfi
ðɛs,ðɛsi,ðɛsi,ðɛsi,ðɛsi
ðɛv,ðɛvi,ðɛvi,ðɛvi,ðɛvi
ðɛz,ðɛzi,ðɛzi,ðɛzi,ðɛzi
ðɛʃ,ðɛʃi,ðɛʃi,ðɛʃi,ðɛʃi
ðɛʒ,ðɛʒi,ðɛʒi,ðɛʒi,ðɛʒi
ðɛθ,ðɛθi,ðɛθi,ðɛθi,ðɛθi
ðɛð,ðɛði,ðɛði,ðɛði,ðɛði
hɛm,hɛmi,hɛmi,hɛmi,hɛmi
hɛn,hɛni,hɛni,hɛni,hɛni
hɛŋ,hɛŋi,hɛŋi,hɛŋi,hɛŋi
hɛp,hɛpi,hɛpi,hɛpi,hɛpi
hɛt,hɛti,hɛti,hɛti,hɛti
hɛk,hɛki,hɛki,hɛki,hɛki
hɛb,hɛbi,hɛbi,hɛbi,hɛbi
hɛd,hɛdi,hɛdi,hɛdi,hɛdi
hɛg,hɛgi,hɛgi,hɛgi,hɛgi
hɛf,hɛfi,hɛfi,hɛfi,hɛfi
hɛs,hɛsi,hɛsi,hɛsi,hɛsi
hɛv,hɛvi,hɛvi,hɛvi,hɛvi
hɛz,hɛzi,hɛzi,hɛzi,hɛzi
hɛʃ,hɛʃi,hɛʃi,hɛʃi,hɛʃi
hɛʒ,hɛʒi,hɛʒi,hɛʒi,hɛʒi
hɛθ,hɛθi,hɛθi,hɛθi,hɛθi
hɛð,hɛði,hɛði,hɛði,hɛði
mɛm,mɛmeɪ,mɛmeɪ,mɛme,mɛme
mɛn,mɛneɪ,mɛneɪ,mɛne,mɛne
mɛŋ,mɛŋeɪ,mɛŋeɪ,mɛŋe,mɛŋe
mɛp,mɛpeɪ,mɛpeɪ,mɛpe,mɛpe
mɛt,mɛteɪ,mɛteɪ,mɛte,mɛte
mɛk,mɛkeɪ,mɛkeɪ,mɛke,mɛke
mɛb,mɛbeɪ,mɛbeɪ,mɛbe,mɛbe
mɛd,mɛdeɪ,mɛdeɪ,mɛde,mɛde
mɛg,mɛgeɪ,mɛgeɪ,mɛge,mɛge
mɛf,mɛfeɪ,mɛfeɪ,mɛfe,mɛfe
mɛs,mɛseɪ,mɛseɪ,mɛse,mɛse
mɛv,mɛveɪ,mɛveɪ,mɛve,mɛve
mɛz,mɛzeɪ,mɛzeɪ,mɛze,mɛze
mɛʃ,mɛʃeɪ,mɛʃeɪ,mɛʃe,mɛʃe
mɛʒ,mɛʒeɪ,mɛʒeɪ,mɛʒe,mɛʒe
mɛθ,mɛθeɪ,mɛθeɪ,mɛθe,mɛθe
mɛð,mɛðeɪ,mɛðeɪ,mɛðe,mɛðe
nɛm,nɛmeɪ,nɛmeɪ,nɛme,nɛme
nɛn,nɛneɪ,nɛneɪ,nɛne,nɛne
nɛŋ,nɛŋeɪ,nɛŋeɪ,nɛŋe,nɛŋe
nɛp,nɛpeɪ,nɛpeɪ,nɛpe,nɛpe
nɛt,nɛteɪ,nɛteɪ,nɛte,nɛte
nɛk,nɛkeɪ,nɛkeɪ,nɛke,nɛke
nɛb,nɛbeɪ,nɛbeɪ,nɛbe,nɛbe
nɛd,nɛdeɪ,nɛdeɪ,nɛde,nɛde
nɛg,nɛgeɪ,nɛgeɪ,nɛge,nɛge
nɛf,nɛfeɪ,nɛfeɪ,nɛfe,nɛfe
nɛs,nɛseɪ,nɛseɪ,nɛse,nɛse
nɛv,nɛveɪ,nɛveɪ,nɛve,nɛve
nɛz,nɛzeɪ,nɛzeɪ,nɛze,nɛze
nɛʃ,nɛʃeɪ,nɛʃeɪ,nɛʃe,nɛʃe
nɛʒ,nɛʒeɪ,nɛʒeɪ,nɛʒe,nɛʒe
nɛθ,nɛθeɪ,nɛθeɪ,nɛθe,nɛθe
nɛð,nɛðeɪ,nɛðeɪ,nɛðe,nɛðe
pɛm,pɛmeɪ,pɛmeɪ,pɛme,pɛme
pɛn,pɛneɪ,pɛneɪ,pɛne,pɛne
pɛŋ,pɛŋeɪ,pɛŋeɪ,pɛŋe,pɛŋe
pɛp,pɛpeɪ,pɛpeɪ,pɛpe,pɛpe
pɛt,pɛteɪ,pɛteɪ,pɛte,pɛte
pɛk,pɛkeɪ,pɛkeɪ,pɛke,pɛke
pɛb,pɛbeɪ,pɛbeɪ,pɛbe,pɛbe
pɛd,pɛdeɪ,pɛdeɪ,pɛde,pɛde
pɛg,pɛgeɪ,pɛgeɪ,pɛge,pɛge
pɛf,pɛfeɪ,pɛfeɪ,pɛfe,pɛfe
pɛs,pɛseɪ,pɛseɪ,pɛse,pɛse
pɛv,pɛveɪ,pɛveɪ,pɛve,pɛve
pɛz,pɛzeɪ,pɛzeɪ,pɛze,pɛze
pɛʃ,pɛʃeɪ,pɛʃeɪ,pɛʃe,pɛʃe
pɛʒ,pɛʒeɪ,pɛʒeɪ,pɛʒe,pɛʒe
pɛθ,pɛθeɪ,pɛθeɪ,pɛθe,pɛθe
pɛð,pɛðeɪ,pɛðeɪ,pɛðe,pɛðe
tɛm,tɛmeɪ,tɛmeɪ,tɛme,tɛme
tɛn,tɛneɪ,tɛneɪ,tɛne,tɛne
tɛŋ,tɛŋeɪ,tɛŋeɪ,tɛŋe,tɛŋe
tɛp,tɛpeɪ,tɛpeɪ,tɛpe,tɛpe
tɛt,tɛteɪ,tɛteɪ,tɛte,tɛte
tɛk,tɛkeɪ,tɛkeɪ,tɛke,tɛke
tɛb,tɛbeɪ,tɛbeɪ,tɛbe,tɛbe
tɛd,tɛdeɪ,tɛdeɪ,tɛde,tɛde
tɛg,tɛgeɪ,tɛgeɪ,tɛge,tɛge
tɛf,tɛfeɪ,tɛfeɪ,tɛfe,tɛfe
tɛs,tɛseɪ,tɛseɪ,tɛse,tɛse
tɛv,tɛveɪ,tɛveɪ,tɛve,tɛve
tɛz,tɛzeɪ,tɛzeɪ,tɛze,tɛze
tɛʃ,tɛʃeɪ,tɛʃeɪ,tɛʃe,tɛʃe
tɛʒ,tɛʒeɪ,tɛʒeɪ,tɛʒe,tɛʒe
tɛθ,tɛθeɪ,tɛθeɪ,tɛθe,tɛθe
tɛð,tɛðeɪ,tɛðeɪ,tɛðe,tɛðe
kɛm,kɛmeɪ,kɛmeɪ,kɛme,kɛme
kɛn,kɛneɪ,kɛneɪ,kɛne,kɛne
kɛŋ,kɛŋeɪ,kɛŋeɪ,kɛŋe,kɛŋe
kɛp,kɛpeɪ,kɛpeɪ,kɛpe,kɛpe
kɛt,kɛteɪ,kɛteɪ,kɛte,kɛte
kɛk,kɛkeɪ,kɛkeɪ,kɛke,kɛke
kɛb,kɛbeɪ,kɛbeɪ,kɛbe,kɛbe
kɛd,kɛdeɪ,kɛdeɪ,kɛde,kɛde
kɛg,kɛgeɪ,kɛgeɪ,kɛge,kɛge
kɛf,kɛfeɪ,kɛfeɪ,kɛfe,kɛfe
kɛs,kɛseɪ,kɛseɪ,kɛse,kɛse
kɛv,kɛveɪ,kɛveɪ,kɛve,kɛve
kɛz,kɛzeɪ,kɛzeɪ,kɛze,kɛze
kɛʃ,kɛʃeɪ,kɛʃeɪ,kɛʃe,kɛʃe
kɛʒ,kɛʒeɪ,kɛʒeɪ,kɛʒe,kɛʒe
kɛθ,kɛθeɪ,kɛθeɪ,kɛθe,kɛθe
kɛð,kɛðeɪ,kɛðeɪ,kɛðe,kɛðe
bɛm,bɛmeɪ,bɛmeɪ,bɛme,bɛme
bɛn,bɛneɪ,bɛneɪ,bɛne,bɛne
bɛŋ,bɛŋeɪ,bɛŋeɪ,bɛŋe,bɛŋe
bɛp,bɛpeɪ,bɛpeɪ,bɛpe,bɛpe
bɛt,bɛteɪ,bɛteɪ,bɛte,bɛte
bɛk,bɛkeɪ,bɛkeɪ,bɛke,bɛke
bɛb,bɛbeɪ,bɛbeɪ,bɛbe,bɛbe
bɛd,bɛdeɪ,bɛdeɪ,bɛde,bɛde
bɛg,bɛgeɪ,bɛgeɪ,bɛge,bɛge
bɛf,bɛfeɪ,bɛfeɪ,bɛfe,bɛfe
bɛs,bɛseɪ,bɛseɪ,bɛse,bɛse
bɛv,bɛveɪ,bɛveɪ,bɛve,bɛve
bɛz,bɛzeɪ,bɛzeɪ,bɛze,bɛze
bɛʃ,bɛʃeɪ,bɛʃeɪ,bɛʃe,bɛʃe
bɛʒ,bɛʒeɪ,bɛʒeɪ,bɛʒe,bɛʒe
bɛθ,bɛθeɪ,bɛθeɪ,bɛθe,bɛθe
bɛð,bɛðeɪ,bɛðeɪ,bɛðe,bɛðe
dɛm,dɛmeɪ,dɛmeɪ,dɛme,dɛme
dɛn,dɛneɪ,dɛneɪ,dɛne,dɛne
dɛŋ,dɛŋeɪ,dɛŋeɪ,dɛŋe,dɛŋe
dɛp,dɛpeɪ,dɛpeɪ,dɛpe,dɛpe
dɛt,dɛteɪ,dɛteɪ,dɛte,dɛte
dɛk,dɛkeɪ,dɛkeɪ,dɛke,dɛke
dɛb,dɛbeɪ,dɛbeɪ,dɛbe,dɛbe
dɛd,dɛdeɪ,dɛdeɪ,dɛde,dɛde
dɛg,dɛgeɪ,dɛgeɪ,dɛge,dɛge
dɛf,dɛfeɪ,dɛfeɪ,dɛfe,dɛfe
dɛs,dɛseɪ,dɛseɪ,dɛse,dɛse
dɛv,dɛveɪ,dɛveɪ,dɛve,dɛve
dɛz,dɛzeɪ,dɛzeɪ,dɛze,dɛze
dɛʃ,dɛʃeɪ,dɛʃeɪ,dɛʃe,dɛʃe
dɛʒ,dɛʒeɪ,dɛʒeɪ,dɛʒe,dɛʒe
dɛθ,dɛθeɪ,dɛθeɪ,dɛθe,dɛθe
dɛð,dɛðeɪ,dɛðeɪ,dɛðe,dɛðe
gɛm,gɛmeɪ,gɛmeɪ,gɛme,gɛme
gɛn,gɛneɪ,gɛneɪ,gɛne,gɛne
gɛŋ,gɛŋeɪ,gɛŋeɪ,gɛŋe,gɛŋe
gɛp,gɛpeɪ,gɛpeɪ,gɛpe,gɛpe
gɛt,gɛteɪ,gɛteɪ,gɛte,gɛte
gɛk,gɛkeɪ,gɛkeɪ,gɛke,gɛke
gɛb,gɛbeɪ,gɛbeɪ,gɛbe,gɛbe
gɛd,gɛdeɪ,gɛdeɪ,gɛde,gɛde
gɛg,gɛgeɪ,gɛgeɪ,gɛge,gɛge
gɛf,gɛfeɪ,gɛfeɪ,gɛfe,gɛfe
gɛs,gɛseɪ,gɛseɪ,gɛse,gɛse
gɛv,gɛveɪ,gɛveɪ,gɛve,gɛve
gɛz,gɛzeɪ,gɛzeɪ,gɛze,gɛze
gɛʃ,gɛʃeɪ,gɛʃeɪ,gɛʃe,gɛʃe
gɛʒ,gɛʒeɪ,gɛʒeɪ,gɛʒe,gɛʒe
gɛθ,gɛθeɪ,gɛθeɪ,gɛθe,gɛθe
gɛð,gɛðeɪ,gɛðeɪ,gɛðe,gɛðe
fɛm,fɛmeɪ,fɛmeɪ,fɛme,fɛme
fɛn,fɛneɪ,fɛneɪ,fɛne,fɛne
fɛŋ,fɛŋeɪ,fɛŋeɪ,fɛŋe,fɛŋe
fɛp,fɛpeɪ,fɛpeɪ,fɛpe,fɛpe
fɛt,fɛteɪ,fɛteɪ,fɛte,fɛte
fɛk,fɛkeɪ,fɛkeɪ,fɛke,fɛke
fɛb,fɛbeɪ,fɛbeɪ,fɛbe,fɛbe
fɛd,fɛdeɪ,fɛdeɪ,fɛde,fɛde
fɛg,fɛgeɪ,fɛgeɪ,fɛge,fɛge
fɛf,fɛfeɪ,fɛfeɪ,fɛfe,fɛfe
fɛs,fɛseɪ,fɛseɪ,fɛse,fɛse
fɛv,fɛveɪ,fɛveɪ,fɛve,fɛve
fɛz,fɛzeɪ,fɛzeɪ,fɛze,fɛze
fɛʃ,fɛʃeɪ,fɛʃeɪ,fɛʃe,fɛʃe
fɛʒ,fɛʒeɪ,fɛʒeɪ,fɛʒe,fɛʒe
fɛθ,fɛθeɪ,fɛθeɪ,fɛθe,fɛθe
fɛð,fɛðeɪ,fɛðeɪ,fɛðe,fɛðe
sɛm,sɛmeɪ,sɛmeɪ,sɛme,sɛme
sɛn,sɛneɪ,sɛneɪ,sɛne,sɛne
sɛŋ,sɛŋeɪ,sɛŋeɪ,sɛŋe,sɛŋe
sɛp,sɛpeɪ,sɛpeɪ,sɛpe,sɛpe
sɛt,sɛteɪ,sɛteɪ,sɛte,sɛte
sɛk,sɛkeɪ,sɛkeɪ,sɛke,sɛke
sɛb,sɛbeɪ,sɛbeɪ,sɛbe,sɛbe
sɛd,sɛdeɪ,sɛdeɪ,sɛde,sɛde
sɛg,sɛgeɪ,sɛgeɪ,sɛge,sɛge
sɛf,sɛfeɪ,sɛfeɪ,sɛfe,sɛfe
sɛs,sɛseɪ,sɛseɪ,sɛse,sɛse
sɛv,sɛveɪ,sɛveɪ,sɛve,sɛve
sɛz,sɛzeɪ,sɛzeɪ,sɛze,sɛze
sɛʃ,sɛʃeɪ,sɛʃeɪ,sɛʃe,sɛʃe
sɛʒ,sɛʒeɪ,sɛʒeɪ,sɛʒe,sɛʒe
sɛθ,sɛθeɪ,sɛθeɪ,sɛθe,sɛθe
sɛð,sɛðeɪ,sɛðeɪ,sɛðe,sɛðe
vɛm,vɛmeɪ,vɛmeɪ,vɛme,vɛme
vɛn,vɛneɪ,vɛneɪ,vɛne,vɛne
vɛŋ,vɛŋeɪ,vɛŋeɪ,vɛŋe,vɛŋe
vɛp,vɛpeɪ,vɛpeɪ,vɛpe,vɛpe
vɛt,vɛteɪ,vɛteɪ,vɛte,vɛte
vɛk,vɛkeɪ,vɛkeɪ,vɛke,vɛke
vɛb,vɛbeɪ,vɛbeɪ,vɛbe,vɛbe
vɛd,vɛdeɪ,vɛdeɪ,vɛde,vɛde
vɛg,vɛgeɪ,vɛgeɪ,vɛge,vɛge
vɛf,vɛfeɪ,vɛfeɪ,vɛfe,vɛfe
vɛs,vɛseɪ,vɛseɪ,vɛse,vɛse
vɛv,vɛveɪ,vɛveɪ,vɛve,vɛve
vɛz,vɛzeɪ,vɛzeɪ,vɛze,vɛze
vɛʃ,vɛʃeɪ,vɛʃeɪ,vɛʃe,vɛʃe
vɛʒ,vɛʒeɪ,vɛʒeɪ,vɛʒe,vɛʒe
vɛθ,vɛθeɪ,vɛθeɪ,vɛθe,vɛθe
vɛð,vɛðeɪ,vɛðeɪ,vɛðe,vɛðe
zɛm,zɛmeɪ,zɛmeɪ,zɛme,zɛme
zɛn,zɛneɪ,zɛneɪ,zɛne,zɛne
zɛŋ,zɛŋeɪ,zɛŋeɪ,zɛŋe,zɛŋe
zɛp,zɛpeɪ,zɛpeɪ,zɛpe,zɛpe
zɛt,zɛteɪ,zɛteɪ,zɛte,zɛte
zɛk,zɛkeɪ,zɛkeɪ,zɛke,zɛke
zɛb,zɛbeɪ,zɛbeɪ,zɛbe,zɛbe
zɛd,zɛdeɪ,zɛdeɪ,zɛde,zɛde
zɛg,zɛgeɪ,zɛgeɪ,zɛge,zɛge
zɛf,zɛfeɪ,zɛfeɪ,zɛfe,zɛfe
zɛs,zɛseɪ,zɛseɪ,zɛse,zɛse
zɛv,zɛveɪ,zɛveɪ,zɛve,zɛve
zɛz,zɛzeɪ,zɛzeɪ,zɛze,zɛze
zɛʃ,zɛʃeɪ,zɛʃeɪ,zɛʃe,zɛʃe
zɛʒ,zɛʒeɪ,zɛʒeɪ,zɛʒe,zɛʒe
zɛθ,zɛθeɪ,zɛθeɪ,zɛθe,zɛθe
zɛð,zɛðeɪ,zɛðeɪ,zɛðe,zɛðe
ʃɛm,ʃɛmeɪ,ʃɛmeɪ,ʃɛme,ʃɛme
ʃɛn,ʃɛneɪ,ʃɛneɪ,ʃɛne,ʃɛne
ʃɛŋ,ʃɛŋeɪ,ʃɛŋeɪ,ʃɛŋe,ʃɛŋe
ʃɛp,ʃɛpeɪ,ʃɛpeɪ,ʃɛpe,ʃɛpe
ʃɛt,ʃɛteɪ,ʃɛteɪ,ʃɛte,ʃɛte
ʃɛk,ʃɛkeɪ,ʃɛkeɪ,ʃɛke,ʃɛke
ʃɛb,ʃɛbeɪ,ʃɛbeɪ,ʃɛbe,ʃɛbe
ʃɛd,ʃɛdeɪ,ʃɛdeɪ,ʃɛde,ʃɛde
ʃɛg,ʃɛgeɪ,ʃɛgeɪ,ʃɛge,ʃɛge
ʃɛf,ʃɛfeɪ,ʃɛfeɪ,ʃɛfe,ʃɛfe
ʃɛs,ʃɛseɪ,ʃɛseɪ,ʃɛse,ʃɛse
ʃɛv,ʃɛveɪ,ʃɛveɪ,ʃɛve,ʃɛve
ʃɛz,ʃɛzeɪ,ʃɛzeɪ,ʃɛze,ʃɛze
ʃɛʃ,ʃɛʃeɪ,ʃɛʃeɪ,ʃɛʃe,ʃɛʃe
ʃɛʒ,ʃɛʒeɪ,ʃɛʒeɪ,ʃɛʒe,ʃɛʒe
ʃɛθ,ʃɛθeɪ,ʃɛθeɪ,ʃɛθe,ʃɛθe
ʃɛð,ʃɛðeɪ,ʃɛðeɪ,ʃɛðe,ʃɛðe
ʒɛm,ʒɛmeɪ,ʒɛmeɪ,ʒɛme,ʒɛme
ʒɛn,ʒɛneɪ,ʒɛneɪ,ʒɛne,ʒɛne
ʒɛŋ,ʒɛŋeɪ,ʒɛŋeɪ,ʒɛŋe,ʒɛŋe
ʒɛp,ʒɛpeɪ,ʒɛpeɪ,ʒɛpe,ʒɛpe
ʒɛt,ʒɛteɪ,ʒɛteɪ,ʒɛte,ʒɛte
ʒɛk,ʒɛkeɪ,ʒɛkeɪ,ʒɛke,ʒɛke
ʒɛb,ʒɛbeɪ,ʒɛbeɪ,ʒɛbe,ʒɛbe
ʒɛd,ʒɛdeɪ,ʒɛdeɪ,ʒɛde,ʒɛde
ʒɛg,ʒɛgeɪ,ʒɛgeɪ,ʒɛge,ʒɛge
ʒɛf,ʒɛfeɪ,ʒɛfeɪ,ʒɛfe,ʒɛfe
ʒɛs,ʒɛseɪ,ʒɛseɪ,ʒɛse,ʒɛse
ʒɛv,ʒɛveɪ,ʒɛveɪ,ʒɛve,ʒɛve
ʒɛz,ʒɛzeɪ,ʒɛzeɪ,ʒɛze,ʒɛze
ʒɛʃ,ʒɛʃeɪ,ʒɛʃeɪ,ʒɛʃe,ʒɛʃe
ʒɛʒ,ʒɛʒeɪ,ʒɛʒeɪ,ʒɛʒe,ʒɛʒe
ʒɛθ,ʒɛθeɪ,ʒɛθeɪ,ʒɛθe,ʒɛθe
ʒɛð,ʒɛðeɪ,ʒɛðeɪ,ʒɛðe,ʒɛðe
θɛm,θɛmeɪ,θɛmeɪ,θɛme,θɛme
θɛn,θɛneɪ,θɛneɪ,θɛne,θɛne
θɛŋ,θɛŋeɪ,θɛŋeɪ,θɛŋe,θɛŋe
θɛp,θɛpeɪ,θɛpeɪ,θɛpe,θɛpe
θɛt,θɛteɪ,θɛteɪ,θɛte,θɛte
θɛk,θɛkeɪ,θɛkeɪ,θɛke,θɛke
θɛb,θɛbeɪ,θɛbeɪ,θɛbe,θɛbe
θɛd,θɛdeɪ,θɛdeɪ,θɛde,θɛde
θɛg,θɛgeɪ,θɛgeɪ,θɛge,θɛge
θɛf,θɛfeɪ,θɛfeɪ,θɛfe,θɛfe
θɛs,θɛseɪ,θɛseɪ,θɛse,θɛse
θɛv,θɛveɪ,θɛveɪ,θɛve,θɛve
θɛz,θɛzeɪ,θɛzeɪ,θɛze,θɛze
θɛʃ,θɛʃeɪ,θɛʃeɪ,θɛʃe,θɛʃe
θɛʒ,θɛʒeɪ,θɛʒeɪ,θɛʒe,θɛʒe
θɛθ,θɛθeɪ,θɛθeɪ,θɛθe,θɛθe
θɛð,θɛðeɪ,θɛðeɪ,θɛðe,θɛðe
ðɛm,ðɛmeɪ,ðɛmeɪ,ðɛme,ðɛme
ðɛn,ðɛneɪ,ðɛneɪ,ðɛne,ðɛne
ðɛŋ,ðɛŋeɪ,ðɛŋeɪ,ðɛŋe,ðɛŋe
ðɛp,ðɛpeɪ,ðɛpeɪ,ðɛpe,ðɛpe
ðɛt,ðɛteɪ,ðɛteɪ,ðɛte,ðɛte
ðɛk,ðɛkeɪ,ðɛkeɪ,ðɛke,ðɛke
ðɛb,ðɛbeɪ,ðɛbeɪ,ðɛbe,ðɛbe
ðɛd,ðɛdeɪ,ðɛdeɪ,ðɛde,ðɛde
ðɛg,ðɛgeɪ,ðɛgeɪ,ðɛge,ðɛge
ðɛf,ðɛfeɪ,ðɛfeɪ,ðɛfe,ðɛfe
ðɛs,ðɛseɪ,ðɛseɪ,ðɛse,ðɛse
ðɛv,ðɛveɪ,ðɛveɪ,ðɛve,ðɛve
ðɛz,ðɛzeɪ,ðɛzeɪ,ðɛze,ðɛze
ðɛʃ,ðɛʃeɪ,ðɛʃeɪ,ðɛʃe,ðɛʃe
ðɛʒ,ðɛʒeɪ,ðɛʒeɪ,ðɛʒe,ðɛʒe
ðɛθ,ðɛθeɪ,ðɛθeɪ,ðɛθe,ðɛθe
ðɛð,ðɛðeɪ,ðɛðeɪ,ðɛðe,ðɛðe
hɛm,hɛmeɪ,hɛmeɪ,hɛme,hɛme
hɛn,hɛneɪ,hɛneɪ,hɛne,hɛne
hɛŋ,hɛŋeɪ,hɛŋeɪ,hɛŋe,hɛŋe
hɛp,hɛpeɪ,hɛpeɪ,hɛpe,hɛpe
hɛt,hɛteɪ,hɛteɪ,hɛte,hɛte
hɛk,hɛkeɪ,hɛkeɪ,hɛke,hɛke
hɛb,hɛbeɪ,hɛbeɪ,hɛbe,hɛbe
hɛd,hɛdeɪ,hɛdeɪ,hɛde,hɛde
hɛg,hɛgeɪ,hɛgeɪ,hɛge,hɛge
hɛf,hɛfeɪ,hɛfeɪ,hɛfe,hɛfe
hɛs,hɛseɪ,hɛseɪ,hɛse,hɛse
hɛv,hɛveɪ,hɛveɪ,hɛve,hɛve
hɛz,hɛzeɪ,hɛzeɪ,hɛze,hɛze
hɛʃ,hɛʃeɪ,hɛʃeɪ,hɛʃe,hɛʃe
hɛʒ,hɛʒeɪ,hɛʒeɪ,hɛʒe,hɛʒe
hɛθ,hɛθeɪ,hɛθeɪ,hɛθe,hɛθe
hɛð,hɛðeɪ,hɛðeɪ,hɛðe,hɛðe
mɛm,mɛmu,mɛmi,mɛmu,mɛmi
mɛn,mɛnu,mɛni,mɛnu,mɛni
mɛŋ,mɛŋu,mɛŋi,mɛŋu,mɛŋi
mɛp,mɛpu,mɛpi,mɛpu,mɛpi
mɛt,mɛtu,mɛti,mɛtu,mɛti
mɛk,mɛku,mɛki,mɛku,mɛki
mɛb,mɛbu,mɛbi,mɛbu,mɛbi
mɛd,mɛdu,mɛdi,mɛdu,mɛdi
mɛg,mɛgu,mɛgi,mɛgu,mɛgi
mɛf,mɛfu,mɛfi,mɛfu,mɛfi
mɛs,mɛsu,mɛsi,mɛsu,mɛsi
mɛv,mɛvu,mɛvi,mɛvu,mɛvi
mɛz,mɛzu,mɛzi,mɛzu,mɛzi
mɛʃ,mɛʃu,mɛʃi,mɛʃu,mɛʃi
mɛʒ,mɛʒu,mɛʒi,mɛʒu,mɛʒi
mɛθ,mɛθu,mɛθi,mɛθu,mɛθi
mɛð,mɛðu,mɛði,mɛðu,mɛði
nɛm,nɛmu,nɛmi,nɛmu,nɛmi
nɛn,nɛnu,nɛni,nɛnu,nɛni
nɛŋ,nɛŋu,nɛŋi,nɛŋu,nɛŋi
nɛp,nɛpu,nɛpi,nɛpu,nɛpi
nɛt,nɛtu,nɛti,nɛtu,nɛti
nɛk,nɛku,nɛki,nɛku,nɛki
nɛb,nɛbu,nɛbi,nɛbu,nɛbi
nɛd,nɛdu,nɛdi,nɛdu,nɛdi
nɛg,nɛgu,nɛgi,nɛgu,nɛgi
nɛf,nɛfu,nɛfi,nɛfu,nɛfi
nɛs,nɛsu,nɛsi,nɛsu,nɛsi
nɛv,nɛvu,nɛvi,nɛvu,nɛvi
nɛz,nɛzu,nɛzi,nɛzu,nɛzi
nɛʃ,nɛʃu,nɛʃi,nɛʃu,nɛʃi
nɛʒ,nɛʒu,nɛʒi,nɛʒu,nɛʒi
nɛθ,nɛθu,nɛθi,nɛθu,nɛθi
nɛð,nɛðu,nɛði,nɛðu,nɛði
pɛm,pɛmu,pɛmi,pɛmu,pɛmi
pɛn,pɛnu,pɛni,pɛnu,pɛni
pɛŋ,pɛŋu,pɛŋi,pɛŋu,pɛŋi
pɛp,pɛpu,pɛpi,pɛpu,pɛpi
pɛt,pɛtu,pɛti,pɛtu,pɛti
pɛk,pɛku,pɛki,pɛku,pɛki
pɛb,pɛbu,pɛbi,pɛbu,pɛbi
pɛd,pɛdu,pɛdi,pɛdu,pɛdi
pɛg,pɛgu,pɛgi,pɛgu,pɛgi
pɛf,pɛfu,pɛfi,pɛfu,pɛfi
pɛs,pɛsu,pɛsi,pɛsu,pɛsi
pɛv,pɛvu,pɛvi,pɛvu,pɛvi
pɛz,pɛzu,pɛzi,pɛzu,pɛzi
pɛʃ,pɛʃu,pɛʃi,pɛʃu,pɛʃi
pɛʒ,pɛʒu,pɛʒi,pɛʒu,pɛʒi
pɛθ,pɛθu,pɛθi,pɛθu,pɛθi
pɛð,pɛðu,pɛði,pɛðu,pɛði
tɛm,tɛmu,tɛmi,tɛmu,tɛmi
tɛn,tɛnu,tɛni,tɛnu,tɛni
tɛŋ,tɛŋu,tɛŋi,tɛŋu,tɛŋi
tɛp,tɛpu,tɛpi,tɛpu,tɛpi
tɛt,tɛtu,tɛti,tɛtu,tɛti
tɛk,tɛku,tɛki,tɛku,tɛki
tɛb,tɛbu,tɛbi,tɛbu,tɛbi
tɛd,tɛdu,tɛdi,tɛdu,tɛdi
tɛg,tɛgu,tɛgi,tɛgu,tɛgi
tɛf,tɛfu,tɛfi,tɛfu,tɛfi
tɛs,tɛsu,tɛsi,tɛsu,tɛsi
tɛv,tɛvu,tɛvi,tɛvu,tɛvi
tɛz,tɛzu,tɛzi,tɛzu,tɛzi
tɛʃ,tɛʃu,tɛʃi,tɛʃu,tɛʃi
tɛʒ,tɛʒu,tɛʒi,tɛʒu,tɛʒi
tɛθ,tɛθu,tɛθi,tɛθu,tɛθi
tɛð,tɛðu,tɛði,tɛðu,tɛði
kɛm,kɛmu,kɛmi,kɛmu,kɛmi
kɛn,kɛnu,kɛni,kɛnu,kɛni
kɛŋ,kɛŋu,kɛŋi,kɛŋu,kɛŋi
kɛp,kɛpu,kɛpi,kɛpu,kɛpi
kɛt,kɛtu,kɛti,kɛtu,kɛti
kɛk,kɛku,kɛki,kɛku,kɛki
kɛb,kɛbu,kɛbi,kɛbu,kɛbi
kɛd,kɛdu,kɛdi,kɛdu,kɛdi
kɛg,kɛgu,kɛgi,kɛgu,kɛgi
kɛf,kɛfu,kɛfi,kɛfu,kɛfi
kɛs,kɛsu,kɛsi,kɛsu,kɛsi
kɛv,kɛvu,kɛvi,kɛvu,kɛvi
kɛz,kɛzu,kɛzi,kɛzu,kɛzi
kɛʃ,kɛʃu,kɛʃi,kɛʃu,kɛʃi
kɛʒ,kɛʒu,kɛʒi,kɛʒu,kɛʒi
kɛθ,kɛθu,kɛθi,kɛθu,kɛθi
kɛð,kɛðu,kɛði,kɛðu,kɛði
bɛm,bɛmu,bɛmi,bɛmu,bɛmi
bɛn,bɛnu,bɛni,bɛnu,bɛni
bɛŋ,bɛŋu,bɛŋi,bɛŋu,bɛŋi
bɛp,bɛpu,bɛpi,bɛpu,bɛpi
bɛt,bɛtu,bɛti,bɛtu,bɛti
bɛk,bɛku,bɛki,bɛku,bɛki
bɛb,bɛbu,bɛbi,bɛbu,bɛbi
bɛd,bɛdu,bɛdi,bɛdu,bɛdi
bɛg,bɛgu,bɛgi,bɛgu,bɛgi
bɛf,bɛfu,bɛfi,bɛfu,bɛfi
bɛs,bɛsu,bɛsi,bɛsu,bɛsi
bɛv,bɛvu,bɛvi,bɛvu,bɛvi
bɛz,bɛzu,bɛzi,bɛzu,bɛzi
bɛʃ,bɛʃu,bɛʃi,bɛʃu,bɛʃi
bɛʒ,bɛʒu,bɛʒi,bɛʒu,bɛʒi
bɛθ,bɛθu,bɛθi,bɛθu,bɛθi
bɛð,bɛðu,bɛði,bɛðu,bɛði
dɛm,dɛmu,dɛmi,dɛmu,dɛmi
dɛn,dɛnu,dɛni,dɛnu,dɛni
dɛŋ,dɛŋu,dɛŋi,dɛŋu,dɛŋi
dɛp,dɛpu,dɛpi,dɛpu,dɛpi
dɛt,dɛtu,dɛti,dɛtu,dɛti
dɛk,dɛku,dɛki,dɛku,dɛki
dɛb,dɛbu,dɛbi,dɛbu,dɛbi
dɛd,dɛdu,dɛdi,dɛdu,dɛdi
dɛg,dɛgu,dɛgi,dɛgu,dɛgi
dɛf,dɛfu,dɛfi,dɛfu,dɛfi
dɛs,dɛsu,dɛsi,dɛsu,dɛsi
dɛv,dɛvu,dɛvi,dɛvu,dɛvi
dɛz,dɛzu,dɛzi,dɛzu,dɛzi
dɛʃ,dɛʃu,dɛʃi,dɛʃu,dɛʃi
dɛʒ,dɛʒu,dɛʒi,dɛʒu,dɛʒi
dɛθ,dɛθu,dɛθi,dɛθu,dɛθi
dɛð,dɛðu,dɛði,dɛðu,dɛði
gɛm,gɛmu,gɛmi,gɛmu,gɛmi
gɛn,gɛnu,gɛni,gɛnu,gɛni
gɛŋ,gɛŋu,gɛŋi,gɛŋu,gɛŋi
gɛp,gɛpu,gɛpi,gɛpu,gɛpi
gɛt,gɛtu,gɛti,gɛtu,gɛti
gɛk,gɛku,gɛki,gɛku,gɛki
gɛb,gɛbu,gɛbi,gɛbu,gɛbi
gɛd,gɛdu,gɛdi,gɛdu,gɛdi
gɛg,gɛgu,gɛgi,gɛgu,gɛgi
gɛf,gɛfu,gɛfi,gɛfu,gɛfi
gɛs,gɛsu,gɛsi,gɛsu,gɛsi
gɛv,gɛvu,gɛvi,gɛvu,gɛvi
gɛz,gɛzu,gɛzi,gɛzu,gɛzi
gɛʃ,gɛʃu,gɛʃi,gɛʃu,gɛʃi
gɛʒ,gɛʒu,gɛʒi,gɛʒu,gɛʒi
gɛθ,gɛθu,gɛθi,gɛθu,gɛθi
gɛð,gɛðu,gɛði,gɛðu,gɛði
fɛm,fɛmu,fɛmi,fɛmu,fɛmi
fɛn,fɛnu,fɛni,fɛnu,fɛni
fɛŋ,fɛŋu,fɛŋi,fɛŋu,fɛŋi
fɛp,fɛpu,fɛpi,fɛpu,fɛpi
fɛt,fɛtu,fɛti,fɛtu,fɛti
fɛk,fɛku,fɛki,fɛku,fɛki
fɛb,fɛbu,fɛbi,fɛbu,fɛbi
fɛd,fɛdu,fɛdi,fɛdu,fɛdi
fɛg,fɛgu,fɛgi,fɛgu,fɛgi
fɛf,fɛfu,fɛfi,fɛfu,fɛfi
fɛs,fɛsu,fɛsi,fɛsu,fɛsi
fɛv,fɛvu,fɛvi,fɛvu,fɛvi
fɛz,fɛzu,fɛzi,fɛzu,fɛzi
fɛʃ,fɛʃu,fɛʃi,fɛʃu,fɛʃi
fɛʒ,fɛʒu,fɛʒi,fɛʒu,fɛʒi
fɛθ,fɛθu,fɛθi,fɛθu,fɛθi
fɛð,fɛðu,fɛði,fɛðu,fɛði
sɛm,sɛmu,sɛmi,sɛmu,sɛmi
sɛn,sɛnu,sɛni,sɛnu,sɛni
sɛŋ,sɛŋu,sɛŋi,sɛŋu,sɛŋi
sɛp,sɛpu,sɛpi,sɛpu,sɛpi
sɛt,sɛtu,sɛti,sɛtu,sɛti
sɛk,sɛku,sɛki,sɛku,sɛki
sɛb,sɛbu,sɛbi,sɛbu,sɛbi
sɛd,sɛdu,sɛdi,sɛdu,sɛdi
sɛg,sɛgu,sɛgi,sɛgu,sɛgi
sɛf,sɛfu,sɛfi,sɛfu,sɛfi
sɛs,sɛsu,sɛsi,sɛsu,sɛsi
sɛv,sɛvu,sɛvi,sɛvu,sɛvi
sɛz,sɛzu,sɛzi,sɛzu,sɛzi
sɛʃ,sɛʃu,sɛʃi,sɛʃu,sɛʃi
sɛʒ,sɛʒu,sɛʒi,sɛʒu,sɛʒi
sɛθ,sɛθu,sɛθi,sɛθu,sɛθi
sɛð,sɛðu,sɛði,sɛðu,sɛði
vɛm,vɛmu,vɛmi,vɛmu,vɛmi
vɛn,vɛnu,vɛni,vɛnu,vɛni
vɛŋ,vɛŋu,vɛŋi,vɛŋu,vɛŋi
vɛp,vɛpu,vɛpi,vɛpu,vɛpi
vɛt,vɛtu,vɛti,vɛtu,vɛti
vɛk,vɛku,vɛki,vɛku,vɛki
vɛb,vɛbu,vɛbi,vɛbu,vɛbi
vɛd,vɛdu,vɛdi,vɛdu,vɛdi
vɛg,vɛgu,vɛgi,vɛgu,vɛgi
vɛf,vɛfu,vɛfi,vɛfu,vɛfi
vɛs,vɛsu,vɛsi,vɛsu,vɛsi
vɛv,vɛvu,vɛvi,vɛvu,vɛvi
vɛz,vɛzu,vɛzi,vɛzu,vɛzi
vɛʃ,vɛʃu,vɛʃi,vɛʃu,vɛʃi
vɛʒ,vɛʒu,vɛʒi,vɛʒu,vɛʒi
vɛθ,vɛθu,vɛθi,vɛθu,vɛθi
vɛð,vɛðu,vɛði,vɛðu,vɛði
zɛm,zɛmu,zɛmi,zɛmu,zɛmi
zɛn,zɛnu,zɛni,zɛnu,zɛni
zɛŋ,zɛŋu,zɛŋi,zɛŋu,zɛŋi
zɛp,zɛpu,zɛpi,zɛpu,zɛpi
zɛt,zɛtu,zɛti,zɛtu,zɛti
zɛk,zɛku,zɛki,zɛku,zɛki
zɛb,zɛbu,zɛbi,zɛbu,zɛbi
zɛd,zɛdu,zɛdi,zɛdu,zɛdi
zɛg,zɛgu,zɛgi,zɛgu,zɛgi
zɛf,zɛfu,zɛfi,zɛfu,zɛfi
zɛs,zɛsu,zɛsi,zɛsu,zɛsi
zɛv,zɛvu,zɛvi,zɛvu,zɛvi
zɛz,zɛzu,zɛzi,zɛzu,zɛzi
zɛʃ,zɛʃu,zɛʃi,zɛʃu,zɛʃi
zɛʒ,zɛʒu,zɛʒi,zɛʒu,zɛʒi
zɛθ,zɛθu,zɛθi,zɛθu,zɛθi
zɛð,zɛðu,zɛði,zɛðu,zɛði
ʃɛm,ʃɛmu,ʃɛmi,ʃɛmu,ʃɛmi
ʃɛn,ʃɛnu,ʃɛni,ʃɛnu,ʃɛni
ʃɛŋ,ʃɛŋu,ʃɛŋi,ʃɛŋu,ʃɛŋi
ʃɛp,ʃɛpu,ʃɛpi,ʃɛpu,ʃɛpi
ʃɛt,ʃɛtu,ʃɛti,ʃɛtu,ʃɛti
ʃɛk,ʃɛku,ʃɛki,ʃɛku,ʃɛki
ʃɛb,ʃɛbu,ʃɛbi,ʃɛbu,ʃɛbi
ʃɛd,ʃɛdu,ʃɛdi,ʃɛdu,ʃɛdi
ʃɛg,ʃɛgu,ʃɛgi,ʃɛgu,ʃɛgi
ʃɛf,ʃɛfu,ʃɛfi,ʃɛfu,ʃɛfi
ʃɛs,ʃɛsu,ʃɛsi,ʃɛsu,ʃɛsi
ʃɛv,ʃɛvu,ʃɛvi,ʃɛvu,ʃɛvi
ʃɛz,ʃɛzu,ʃɛzi,ʃɛzu,ʃɛzi
ʃɛʃ,ʃɛʃu,ʃɛʃi,ʃɛʃu,ʃɛʃi
ʃɛʒ,ʃɛʒu,ʃɛʒi,ʃɛʒu,ʃɛʒi
ʃɛθ,ʃɛθu,ʃɛθi,ʃɛθu,ʃɛθi
ʃɛð,ʃɛðu,ʃɛði,ʃɛðu,ʃɛði
ʒɛm,ʒɛmu,ʒɛmi,ʒɛmu,ʒɛmi
ʒɛn,ʒɛnu,ʒɛni,ʒɛnu,ʒɛni
ʒɛŋ,ʒɛŋu,ʒɛŋi,ʒɛŋu,ʒɛŋi
ʒɛp,ʒɛpu,ʒɛpi,ʒɛpu,ʒɛpi
ʒɛt,ʒɛtu,ʒɛti,ʒɛtu,ʒɛti
ʒɛk,ʒɛku,ʒɛki,ʒɛku,ʒɛki
ʒɛb,ʒɛbu,ʒɛbi,ʒɛbu,ʒɛbi
ʒɛd,ʒɛdu,ʒɛdi,ʒɛdu,ʒɛdi
ʒɛg,ʒɛgu,ʒɛgi,ʒɛgu,ʒɛgi
ʒɛf,ʒɛfu,ʒɛfi,ʒɛfu,ʒɛfi
ʒɛs,ʒɛsu,ʒɛsi,ʒɛsu,ʒɛsi
ʒɛv,ʒɛvu,ʒɛvi,ʒɛvu,ʒɛvi
ʒɛz,ʒɛzu,ʒɛzi,ʒɛzu,ʒɛzi
ʒɛʃ,ʒɛʃu,ʒɛʃi,ʒɛʃu,ʒɛʃi
ʒɛʒ,ʒɛʒu,ʒɛʒi,ʒɛʒu,ʒɛʒi
ʒɛθ,ʒɛθu,ʒɛθi,ʒɛθu,ʒɛθi
ʒɛð,ʒɛðu,ʒɛði,ʒɛðu,ʒɛði
θɛm,θɛmu,θɛmi,θɛmu,θɛmi
θɛn,θɛnu,θɛni,θɛnu,θɛni
θɛŋ,θɛŋu,θɛŋi,θɛŋu,θɛŋi
θɛp,θɛpu,θɛpi,θɛpu,θɛpi
θɛt,θɛtu,θɛti,θɛtu,θɛti
θɛk,θɛku,θɛki,θɛku,θɛki
θɛb,θɛbu,θɛbi,θɛbu,θɛbi
θɛd,θɛdu,θɛdi,θɛdu,θɛdi
θɛg,θɛgu,θɛgi,θɛgu,θɛgi
θɛf,θɛfu,θɛfi,θɛfu,θɛfi
θɛs,θɛsu,θɛsi,θɛsu,θɛsi
θɛv,θɛvu,θɛvi,θɛvu,θɛvi
θɛz,θɛzu,θɛzi,θɛzu,θɛzi
θɛʃ,θɛʃu,θɛʃi,θɛʃu,θɛʃi
θɛʒ,θɛʒu,θɛʒi,θɛʒu,θɛʒi
θɛθ,θɛθu,θɛθi,θɛθu,θɛθi
θɛð,θɛðu,θɛði,θɛðu,θɛði
ðɛm,ðɛmu,ðɛmi,ðɛmu,ðɛmi
ðɛn,ðɛnu,ðɛni,ðɛnu,ðɛni
ðɛŋ,ðɛŋu,ðɛŋi,ðɛŋu,ðɛŋi
ðɛp,ðɛpu,ðɛpi,ðɛpu,ðɛpi
ðɛt,ðɛtu,ðɛti,ðɛtu,ðɛti
ðɛk,ðɛku,ðɛki,ðɛku,ðɛki
ðɛb,ðɛbu,ðɛbi,ðɛbu,ðɛbi
ðɛd,ðɛdu,ðɛdi,ðɛdu,ðɛdi
ðɛg,ðɛgu,ðɛgi,ðɛgu,ðɛgi
ðɛf,ðɛfu,ðɛfi,ðɛfu,ðɛfi
ðɛs,ðɛsu,ðɛsi,ðɛsu,ðɛsi
ðɛv,ðɛvu,ðɛvi,ðɛvu,ðɛvi
ðɛz,ðɛzu,ðɛzi,ðɛzu,ðɛzi
ðɛʃ,ðɛʃu,ðɛʃi,ðɛʃu,ðɛʃi
ðɛʒ,ðɛʒu,ðɛʒi,ðɛʒu,ðɛʒi
ðɛθ,ðɛθu,ðɛθi,ðɛθu,ðɛθi
ðɛð,ðɛðu,ðɛði,ðɛðu,ðɛði
hɛm,hɛmu,hɛmi,hɛmu,hɛmi
hɛn,hɛnu,hɛni,hɛnu,hɛni
hɛŋ,hɛŋu,hɛŋi,hɛŋu,hɛŋi
hɛp,hɛpu,hɛpi,hɛpu,hɛpi
hɛt,hɛtu,hɛti,hɛtu,hɛti
hɛk,hɛku,hɛki,hɛku,hɛki
hɛb,hɛbu,hɛbi,hɛbu,hɛbi
hɛd,hɛdu,hɛdi,hɛdu,hɛdi
hɛg,hɛgu,hɛgi,hɛgu,hɛgi
hɛf,hɛfu,hɛfi,hɛfu,hɛfi
hɛs,hɛsu,hɛsi,hɛsu,hɛsi
hɛv,hɛvu,hɛvi,hɛvu,hɛvi
hɛz,hɛzu,hɛzi,hɛzu,hɛzi
hɛʃ,hɛʃu,hɛʃi,hɛʃu,hɛʃi
hɛʒ,hɛʒu,hɛʒi,hɛʒu,hɛʒi
hɛθ,hɛθu,hɛθi,hɛθu,hɛθi
hɛð,hɛðu,hɛði,hɛðu,hɛði
mɛm,mɛmoʊ,mɛmeɪ,mɛmo,mɛme
mɛn,mɛnoʊ,mɛneɪ,mɛno,mɛne
mɛŋ,mɛŋoʊ,mɛŋeɪ,mɛŋo,mɛŋe
mɛp,mɛpoʊ,mɛpeɪ,mɛpo,mɛpe
mɛt,mɛtoʊ,mɛteɪ,mɛto,mɛte
mɛk,mɛkoʊ,mɛkeɪ,mɛko,mɛke
mɛb,mɛboʊ,mɛbeɪ,mɛbo,mɛbe
mɛd,mɛdoʊ,mɛdeɪ,mɛdo,mɛde
mɛg,mɛgoʊ,mɛgeɪ,mɛgo,mɛge
mɛf,mɛfoʊ,mɛfeɪ,mɛfo,mɛfe
mɛs,mɛsoʊ,mɛseɪ,mɛso,mɛse
mɛv,mɛvoʊ,mɛveɪ,mɛvo,mɛve
mɛz,mɛzoʊ,mɛzeɪ,mɛzo,mɛze
mɛʃ,mɛʃoʊ,mɛʃeɪ,mɛʃo,mɛʃe
mɛʒ,mɛʒoʊ,mɛʒeɪ,mɛʒo,mɛʒe
mɛθ,mɛθoʊ,mɛθeɪ,mɛθo,mɛθe
mɛð,mɛðoʊ,mɛðeɪ,mɛðo,mɛðe
nɛm,nɛmoʊ,nɛmeɪ,nɛmo,nɛme
nɛn,nɛnoʊ,nɛneɪ,nɛno,nɛne
nɛŋ,nɛŋoʊ,nɛŋeɪ,nɛŋo,nɛŋe
nɛp,nɛpoʊ,nɛpeɪ,nɛpo,nɛpe
nɛt,nɛtoʊ,nɛteɪ,nɛto,nɛte
nɛk,nɛkoʊ,nɛkeɪ,nɛko,nɛke
nɛb,nɛboʊ,nɛbeɪ,nɛbo,nɛbe
nɛd,nɛdoʊ,nɛdeɪ,nɛdo,nɛde
nɛg,nɛgoʊ,nɛgeɪ,nɛgo,nɛge
nɛf,nɛfoʊ,nɛfeɪ,nɛfo,nɛfe
nɛs,nɛsoʊ,nɛseɪ,nɛso,nɛse
nɛv,nɛvoʊ,nɛveɪ,nɛvo,nɛve
nɛz,nɛzoʊ,nɛzeɪ,nɛzo,nɛze
nɛʃ,nɛʃoʊ,nɛʃeɪ,nɛʃo,nɛʃe
nɛʒ,nɛʒoʊ,nɛʒeɪ,nɛʒo,nɛʒe
nɛθ,nɛθoʊ,nɛθeɪ,nɛθo,nɛθe
nɛð,nɛðoʊ,nɛðeɪ,nɛðo,nɛðe
pɛm,pɛmoʊ,pɛmeɪ,pɛmo,pɛme
pɛn,pɛnoʊ,pɛneɪ,pɛno,pɛne
pɛŋ,pɛŋoʊ,pɛŋeɪ,pɛŋo,pɛŋe
pɛp,pɛpoʊ,pɛpeɪ,pɛpo,pɛpe
pɛt,pɛtoʊ,pɛteɪ,pɛto,pɛte
pɛk,pɛkoʊ,pɛkeɪ,pɛko,pɛke
pɛb,pɛboʊ,pɛbeɪ,pɛbo,pɛbe
pɛd,pɛdoʊ,pɛdeɪ,pɛdo,pɛde
pɛg,pɛgoʊ,pɛgeɪ,pɛgo,pɛge
pɛf,pɛfoʊ,pɛfeɪ,pɛfo,pɛfe
pɛs,pɛsoʊ,pɛseɪ,pɛso,pɛse
pɛv,pɛvoʊ,pɛveɪ,pɛvo,pɛve
pɛz,pɛzoʊ,pɛzeɪ,pɛzo,pɛze
pɛʃ,pɛʃoʊ,pɛʃeɪ,pɛʃo,pɛʃe
pɛʒ,pɛʒoʊ,pɛʒeɪ,pɛʒo,pɛʒe
pɛθ,pɛθoʊ,pɛθeɪ,pɛθo,pɛθe
pɛð,pɛðoʊ,pɛðeɪ,pɛðo,pɛðe
tɛm,tɛmoʊ,tɛmeɪ,tɛmo,tɛme
tɛn,tɛnoʊ,tɛneɪ,tɛno,tɛne
tɛŋ,tɛŋoʊ,tɛŋeɪ,tɛŋo,tɛŋe
tɛp,tɛpoʊ,tɛpeɪ,tɛpo,tɛpe
tɛt,tɛtoʊ,tɛteɪ,tɛto,tɛte
tɛk,tɛkoʊ,tɛkeɪ,tɛko,tɛke
tɛb,tɛboʊ,tɛbeɪ,tɛbo,tɛbe
tɛd,tɛdoʊ,tɛdeɪ,tɛdo,tɛde
tɛg,tɛgoʊ,tɛgeɪ,tɛgo,tɛge
tɛf,tɛfoʊ,tɛfeɪ,tɛfo,tɛfe
tɛs,tɛsoʊ,tɛseɪ,tɛso,tɛse
tɛv,tɛvoʊ,tɛveɪ,tɛvo,tɛve
tɛz,tɛzoʊ,tɛzeɪ,tɛzo,tɛze
tɛʃ,tɛʃoʊ,tɛʃeɪ,tɛʃo,tɛʃe
tɛʒ,tɛʒoʊ,tɛʒeɪ,tɛʒo,tɛʒe
tɛθ,tɛθoʊ,tɛθeɪ,tɛθo,tɛθe
tɛð,tɛðoʊ,tɛðeɪ,tɛðo,tɛðe
kɛm,kɛmoʊ,kɛmeɪ,kɛmo,kɛme
kɛn,kɛnoʊ,kɛneɪ,kɛno,kɛne
kɛŋ,kɛŋoʊ,kɛŋeɪ,kɛŋo,kɛŋe
kɛp,kɛpoʊ,kɛpeɪ,kɛpo,kɛpe
kɛt,kɛtoʊ,kɛteɪ,kɛto,kɛte
kɛk,kɛkoʊ,kɛkeɪ,kɛko,kɛke
kɛb,kɛboʊ,kɛbeɪ,kɛbo,kɛbe
kɛd,kɛdoʊ,kɛdeɪ,kɛdo,kɛde
kɛg,kɛgoʊ,kɛgeɪ,kɛgo,kɛge
kɛf,kɛfoʊ,kɛfeɪ,kɛfo,kɛfe
kɛs,kɛsoʊ,kɛseɪ,kɛso,kɛse
kɛv,kɛvoʊ,kɛveɪ,kɛvo,kɛve
kɛz,kɛzoʊ,kɛzeɪ,kɛzo,kɛze
kɛʃ,kɛʃoʊ,kɛʃeɪ,kɛʃo,kɛʃe
kɛʒ,kɛʒoʊ,kɛʒeɪ,kɛʒo,kɛʒe
kɛθ,kɛθoʊ,kɛθeɪ,kɛθo,kɛθe
kɛð,kɛðoʊ,kɛðeɪ,kɛðo,kɛðe
bɛm,bɛmoʊ,bɛmeɪ,bɛmo,bɛme
bɛn,bɛnoʊ,bɛneɪ,bɛno,bɛne
bɛŋ,bɛŋoʊ,bɛŋeɪ,bɛŋo,bɛŋe
bɛp,bɛpoʊ,bɛpeɪ,bɛpo,bɛpe
bɛt,bɛtoʊ,bɛteɪ,bɛto,bɛte
bɛk,bɛkoʊ,bɛkeɪ,bɛko,bɛke
bɛb,bɛboʊ,bɛbeɪ,bɛbo,bɛbe
bɛd,bɛdoʊ,bɛdeɪ,bɛdo,bɛde
bɛg,bɛgoʊ,bɛgeɪ,bɛgo,bɛge
bɛf,bɛfoʊ,bɛfeɪ,bɛfo,bɛfe
bɛs,bɛsoʊ,bɛseɪ,bɛso,bɛse
bɛv,bɛvoʊ,bɛveɪ,bɛvo,bɛve
bɛz,bɛzoʊ,bɛzeɪ,bɛzo,bɛze
bɛʃ,bɛʃoʊ,bɛʃeɪ,bɛʃo,bɛʃe
bɛʒ,bɛʒoʊ,bɛʒeɪ,bɛʒo,bɛʒe
bɛθ,bɛθoʊ,bɛθeɪ,bɛθo,bɛθe
bɛð,bɛðoʊ,bɛðeɪ,bɛðo,bɛðe
dɛm,dɛmoʊ,dɛmeɪ,dɛmo,dɛme
dɛn,dɛnoʊ,dɛneɪ,dɛno,dɛne
dɛŋ,dɛŋoʊ,dɛŋeɪ,dɛŋo,dɛŋe
dɛp,dɛpoʊ,dɛpeɪ,dɛpo,dɛpe
dɛt,dɛtoʊ,dɛteɪ,dɛto,dɛte
dɛk,dɛkoʊ,dɛkeɪ,dɛko,dɛke
dɛb,dɛboʊ,dɛbeɪ,dɛbo,dɛbe
dɛd,dɛdoʊ,dɛdeɪ,dɛdo,dɛde
dɛg,dɛgoʊ,dɛgeɪ,dɛgo,dɛge
dɛf,dɛfoʊ,dɛfeɪ,dɛfo,dɛfe
dɛs,dɛsoʊ,dɛseɪ,dɛso,dɛse
dɛv,dɛvoʊ,dɛveɪ,dɛvo,dɛve
dɛz,dɛzoʊ,dɛzeɪ,dɛzo,dɛze
dɛʃ,dɛʃoʊ,dɛʃeɪ,dɛʃo,dɛʃe
dɛʒ,dɛʒoʊ,dɛʒeɪ,dɛʒo,dɛʒe
dɛθ,dɛθoʊ,dɛθeɪ,dɛθo,dɛθe
dɛð,dɛðoʊ,dɛðeɪ,dɛðo,dɛðe
gɛm,gɛmoʊ,gɛmeɪ,gɛmo,gɛme
gɛn,gɛnoʊ,gɛneɪ,gɛno,gɛne
gɛŋ,gɛŋoʊ,gɛŋeɪ,gɛŋo,gɛŋe
gɛp,gɛpoʊ,gɛpeɪ,gɛpo,gɛpe
gɛt,gɛtoʊ,gɛteɪ,gɛto,gɛte
gɛk,gɛkoʊ,gɛkeɪ,gɛko,gɛke
gɛb,gɛboʊ,gɛbeɪ,gɛbo,gɛbe
gɛd,gɛdoʊ,gɛdeɪ,gɛdo,gɛde
gɛg,gɛgoʊ,gɛgeɪ,gɛgo,gɛge
gɛf,gɛfoʊ,gɛfeɪ,gɛfo,gɛfe
gɛs,gɛsoʊ,gɛseɪ,gɛso,gɛse
gɛv,gɛvoʊ,gɛveɪ,gɛvo,gɛve
gɛz,gɛzoʊ,gɛzeɪ,gɛzo,gɛze
gɛʃ,gɛʃoʊ,gɛʃeɪ,gɛʃo,gɛʃe
gɛʒ,gɛʒoʊ,gɛʒeɪ,gɛʒo,gɛʒe
gɛθ,gɛθoʊ,gɛθeɪ,gɛθo,gɛθe
gɛð,gɛðoʊ,gɛðeɪ,gɛðo,gɛðe
fɛm,fɛmoʊ,fɛmeɪ,fɛmo,fɛme
fɛn,fɛnoʊ,fɛneɪ,fɛno,fɛne
fɛŋ,fɛŋoʊ,fɛŋeɪ,fɛŋo,fɛŋe
fɛp,fɛpoʊ,fɛpeɪ,fɛpo,fɛpe
fɛt,fɛtoʊ,fɛteɪ,fɛto,fɛte
fɛk,fɛkoʊ,fɛkeɪ,fɛko,fɛke
fɛb,fɛboʊ,fɛbeɪ,fɛbo,fɛbe
fɛd,fɛdoʊ,fɛdeɪ,fɛdo,fɛde
fɛg,fɛgoʊ,fɛgeɪ,fɛgo,fɛge
fɛf,fɛfoʊ,fɛfeɪ,fɛfo,fɛfe
fɛs,fɛsoʊ,fɛseɪ,fɛso,fɛse
fɛv,fɛvoʊ,fɛveɪ,fɛvo,fɛve
fɛz,fɛzoʊ,fɛzeɪ,fɛzo,fɛze
fɛʃ,fɛʃoʊ,fɛʃeɪ,fɛʃo,fɛʃe
fɛʒ,fɛʒoʊ,fɛʒeɪ,fɛʒo,fɛʒe
fɛθ,fɛθoʊ,fɛθeɪ,fɛθo,fɛθe
fɛð,fɛðoʊ,fɛðeɪ,fɛðo,fɛðe
sɛm,sɛmoʊ,sɛmeɪ,sɛmo,sɛme
sɛn,sɛnoʊ,sɛneɪ,sɛno,sɛne
sɛŋ,sɛŋoʊ,sɛŋeɪ,sɛŋo,sɛŋe
sɛp,sɛpoʊ,sɛpeɪ,sɛpo,sɛpe
sɛt,sɛtoʊ,sɛteɪ,sɛto,sɛte
sɛk,sɛkoʊ,sɛkeɪ,sɛko,sɛke
sɛb,sɛboʊ,sɛbeɪ,sɛbo,sɛbe
sɛd,sɛdoʊ,sɛdeɪ,sɛdo,sɛde
sɛg,sɛgoʊ,sɛgeɪ,sɛgo,sɛge
sɛf,sɛfoʊ,sɛfeɪ,sɛfo,sɛfe
sɛs,sɛsoʊ,sɛseɪ,sɛso,sɛse
sɛv,sɛvoʊ,sɛveɪ,sɛvo,sɛve
sɛz,sɛzoʊ,sɛzeɪ,sɛzo,sɛze
sɛʃ,sɛʃoʊ,sɛʃeɪ,sɛʃo,sɛʃe
sɛʒ,sɛʒoʊ,sɛʒeɪ,sɛʒo,sɛʒe
sɛθ,sɛθoʊ,sɛθeɪ,sɛθo,sɛθe
sɛð,sɛðoʊ,sɛðeɪ,sɛðo,sɛðe
vɛm,vɛmoʊ,vɛmeɪ,vɛmo,vɛme
vɛn,vɛnoʊ,vɛneɪ,vɛno,vɛne
vɛŋ,vɛŋoʊ,vɛŋeɪ,vɛŋo,vɛŋe
vɛp,vɛpoʊ,vɛpeɪ,vɛpo,vɛpe
vɛt,vɛtoʊ,vɛteɪ,vɛto,vɛte
vɛk,vɛkoʊ,vɛkeɪ,vɛko,vɛke
vɛb,vɛboʊ,vɛbeɪ,vɛbo,vɛbe
vɛd,vɛdoʊ,vɛdeɪ,vɛdo,vɛde
vɛg,vɛgoʊ,vɛgeɪ,vɛgo,vɛge
vɛf,vɛfoʊ,vɛfeɪ,vɛfo,vɛfe
vɛs,vɛsoʊ,vɛseɪ,vɛso,vɛse
vɛv,vɛvoʊ,vɛveɪ,vɛvo,vɛve
vɛz,vɛzoʊ,vɛzeɪ,vɛzo,vɛze
vɛʃ,vɛʃoʊ,vɛʃeɪ,vɛʃo,vɛʃe
vɛʒ,vɛʒoʊ,vɛʒeɪ,vɛʒo,vɛʒe
vɛθ,vɛθoʊ,vɛθeɪ,vɛθo,vɛθe
vɛð,vɛðoʊ,vɛðeɪ,vɛðo,vɛðe
zɛm,zɛmoʊ,zɛmeɪ,zɛmo,zɛme
zɛn,zɛnoʊ,zɛneɪ,zɛno,zɛne
zɛŋ,zɛŋoʊ,zɛŋeɪ,zɛŋo,zɛŋe
zɛp,zɛpoʊ,zɛpeɪ,zɛpo,zɛpe
zɛt,zɛtoʊ,zɛteɪ,zɛto,zɛte
zɛk,zɛkoʊ,zɛkeɪ,zɛko,zɛke
zɛb,zɛboʊ,zɛbeɪ,zɛbo,zɛbe
zɛd,zɛdoʊ,zɛdeɪ,zɛdo,zɛde
zɛg,zɛgoʊ,zɛgeɪ,zɛgo,zɛge
zɛf,zɛfoʊ,zɛfeɪ,zɛfo,zɛfe
zɛs,zɛsoʊ,zɛseɪ,zɛso,zɛse
zɛv,zɛvoʊ,zɛveɪ,zɛvo,zɛve
zɛz,zɛzoʊ,zɛzeɪ,zɛzo,zɛze
zɛʃ,zɛʃoʊ,zɛʃeɪ,zɛʃo,zɛʃe
zɛʒ,zɛʒoʊ,zɛʒeɪ,zɛʒo,zɛʒe
zɛθ,zɛθoʊ,zɛθeɪ,zɛθo,zɛθe
zɛð,zɛðoʊ,zɛðeɪ,zɛðo,zɛðe
ʃɛm,ʃɛmoʊ,ʃɛmeɪ,ʃɛmo,ʃɛme
ʃɛn,ʃɛnoʊ,ʃɛneɪ,ʃɛno,ʃɛne
ʃɛŋ,ʃɛŋoʊ,ʃɛŋeɪ,ʃɛŋo,ʃɛŋe
ʃɛp,ʃɛpoʊ,ʃɛpeɪ,ʃɛpo,ʃɛpe
ʃɛt,ʃɛtoʊ,ʃɛteɪ,ʃɛto,ʃɛte
ʃɛk,ʃɛkoʊ,ʃɛkeɪ,ʃɛko,ʃɛke
ʃɛb,ʃɛboʊ,ʃɛbeɪ,ʃɛbo,ʃɛbe
ʃɛd,ʃɛdoʊ,ʃɛdeɪ,ʃɛdo,ʃɛde
ʃɛg,ʃɛgoʊ,ʃɛgeɪ,ʃɛgo,ʃɛge
ʃɛf,ʃɛfoʊ,ʃɛfeɪ,ʃɛfo,ʃɛfe
ʃɛs,ʃɛsoʊ,ʃɛseɪ,ʃɛso,ʃɛse
ʃɛv,ʃɛvoʊ,ʃɛveɪ,ʃɛvo,ʃɛve
ʃɛz,ʃɛzoʊ,ʃɛzeɪ,ʃɛzo,ʃɛze
ʃɛʃ,ʃɛʃoʊ,ʃɛʃeɪ,ʃɛʃo,ʃɛʃe
ʃɛʒ,ʃɛʒoʊ,ʃɛʒeɪ,ʃɛʒo,ʃɛʒe
ʃɛθ,ʃɛθoʊ,ʃɛθeɪ,ʃɛθo,ʃɛθe
ʃɛð,ʃɛðoʊ,ʃɛðeɪ,ʃɛðo,ʃɛðe
ʒɛm,ʒɛmoʊ,ʒɛmeɪ,ʒɛmo,ʒɛme
ʒɛn,ʒɛnoʊ,ʒɛneɪ,ʒɛno,ʒɛne
ʒɛŋ,ʒɛŋoʊ,ʒɛŋeɪ,ʒɛŋo,ʒɛŋe
ʒɛp,ʒɛpoʊ,ʒɛpeɪ,ʒɛpo,ʒɛpe
ʒɛt,ʒɛtoʊ,ʒɛteɪ,ʒɛto,ʒɛte
ʒɛk,ʒɛkoʊ,ʒɛkeɪ,ʒɛko,ʒɛke
ʒɛb,ʒɛboʊ,ʒɛbeɪ,ʒɛbo,ʒɛbe
ʒɛd,ʒɛdoʊ,ʒɛdeɪ,ʒɛdo,ʒɛde
ʒɛg,ʒɛgoʊ,ʒɛgeɪ,ʒɛgo,ʒɛge
ʒɛf,ʒɛfoʊ,ʒɛfeɪ,ʒɛfo,ʒɛfe
ʒɛs,ʒɛsoʊ,ʒɛseɪ,ʒɛso,ʒɛse
ʒɛv,ʒɛvoʊ,ʒɛveɪ,ʒɛvo,ʒɛve
ʒɛz,ʒɛzoʊ,ʒɛzeɪ,ʒɛzo,ʒɛze
ʒɛʃ,ʒɛʃoʊ,ʒɛʃeɪ,ʒɛʃo,ʒɛʃe
ʒɛʒ,ʒɛʒoʊ,ʒɛʒeɪ,ʒɛʒo,ʒɛʒe
ʒɛθ,ʒɛθoʊ,ʒɛθeɪ,ʒɛθo,ʒɛθe
ʒɛð,ʒɛðoʊ,ʒɛðeɪ,ʒɛðo,ʒɛðe
θɛm,θɛmoʊ,θɛmeɪ,θɛmo,θɛme
θɛn,θɛnoʊ,θɛneɪ,θɛno,θɛne
θɛŋ,θɛŋoʊ,θɛŋeɪ,θɛŋo,θɛŋe
θɛp,θɛpoʊ,θɛpeɪ,θɛpo,θɛpe
θɛt,θɛtoʊ,θɛteɪ,θɛto,θɛte
θɛk,θɛkoʊ,θɛkeɪ,θɛko,θɛke
θɛb,θɛboʊ,θɛbeɪ,θɛbo,θɛbe
θɛd,θɛdoʊ,θɛdeɪ,θɛdo,θɛde
θɛg,θɛgoʊ,θɛgeɪ,θɛgo,θɛge
θɛf,θɛfoʊ,θɛfeɪ,θɛfo,θɛfe
θɛs,θɛsoʊ,θɛseɪ,θɛso,θɛse
θɛv,θɛvoʊ,θɛveɪ,θɛvo,θɛve
θɛz,θɛzoʊ,θɛzeɪ,θɛzo,θɛze
θɛʃ,θɛʃoʊ,θɛʃeɪ,θɛʃo,θɛʃe
θɛʒ,θɛʒoʊ,θɛʒeɪ,θɛʒo,θɛʒe
θɛθ,θɛθoʊ,θɛθeɪ,θɛθo,θɛθe
θɛð,θɛðoʊ,θɛðeɪ,θɛðo,θɛðe
ðɛm,ðɛmoʊ,ðɛmeɪ,ðɛmo,ðɛme
ðɛn,ðɛnoʊ,ðɛneɪ,ðɛno,ðɛne
ðɛŋ,ðɛŋoʊ,ðɛŋeɪ,ðɛŋo,ðɛŋe
ðɛp,ðɛpoʊ,ðɛpeɪ,ðɛpo,ðɛpe
ðɛt,ðɛtoʊ,ðɛteɪ,ðɛto,ðɛte
ðɛk,ðɛkoʊ,ðɛkeɪ,ðɛko,ðɛke
ðɛb,ðɛboʊ,ðɛbeɪ,ðɛbo,ðɛbe
ðɛd,ðɛdoʊ,ðɛdeɪ,ðɛdo,ðɛde
ðɛg,ðɛgoʊ,ðɛgeɪ,ðɛgo,ðɛge
ðɛf,ðɛfoʊ,ðɛfeɪ,ðɛfo,ðɛfe
ðɛs,ðɛsoʊ,ðɛseɪ,ðɛso,ðɛse
ðɛv,ðɛvoʊ,ðɛveɪ,ðɛvo,ðɛve
ðɛz,ðɛzoʊ,ðɛzeɪ,ðɛzo,ðɛze
ðɛʃ,ðɛʃoʊ,ðɛʃeɪ,ðɛʃo,ðɛʃe
ðɛʒ,ðɛʒoʊ,ðɛʒeɪ,ðɛʒo,ðɛʒe
ðɛθ,ðɛθoʊ,ðɛθeɪ,ðɛθo,ðɛθe
ðɛð,ðɛðoʊ,ðɛðeɪ,ðɛðo,ðɛðe
hɛm,hɛmoʊ,hɛmeɪ,hɛmo,hɛme
hɛn,hɛnoʊ,hɛneɪ,hɛno,hɛne
hɛŋ,hɛŋoʊ,hɛŋeɪ,hɛŋo,hɛŋe
hɛp,hɛpoʊ,hɛpeɪ,hɛpo,hɛpe
hɛt,hɛtoʊ,hɛteɪ,hɛto,hɛte
hɛk,hɛkoʊ,hɛkeɪ,hɛko,hɛke
hɛb,hɛboʊ,hɛbeɪ,hɛbo,hɛbe
hɛd,hɛdoʊ,hɛdeɪ,hɛdo,hɛde
hɛg,hɛgoʊ,hɛgeɪ,hɛgo,hɛge
hɛf,hɛfoʊ,hɛfeɪ,hɛfo,hɛfe
hɛs,hɛsoʊ,hɛseɪ,hɛso,hɛse
hɛv,hɛvoʊ,hɛveɪ,hɛvo,hɛve
hɛz,hɛzoʊ,hɛzeɪ,hɛzo,hɛze
hɛʃ,hɛʃoʊ,hɛʃeɪ,hɛʃo,hɛʃe
hɛʒ,hɛʒoʊ,hɛʒeɪ,hɛʒo,hɛʒe
hɛθ,hɛθoʊ,hɛθeɪ,hɛθo,hɛθe
hɛð,hɛðoʊ,hɛðeɪ,hɛðo,hɛðe
mʊm,mʊmi,mʊmu,mʊmi,mʊmu
mʊn,mʊni,mʊnu,mʊni,mʊnu
mʊŋ,mʊŋi,mʊŋu,mʊŋi,mʊŋu
mʊp,mʊpi,mʊpu,mʊpi,mʊpu
mʊt,mʊti,mʊtu,mʊti,mʊtu
mʊk,mʊki,mʊku,mʊki,mʊku
mʊb,mʊbi,mʊbu,mʊbi,mʊbu
mʊd,mʊdi,mʊdu,mʊdi,mʊdu
mʊg,mʊgi,mʊgu,mʊgi,mʊgu
mʊf,mʊfi,mʊfu,mʊfi,mʊfu
mʊs,mʊsi,mʊsu,mʊsi,mʊsu
mʊv,mʊvi,mʊvu,mʊvi,mʊvu
mʊz,mʊzi,mʊzu,mʊzi,mʊzu
mʊʃ,mʊʃi,mʊʃu,mʊʃi,mʊʃu
mʊʒ,mʊʒi,mʊʒu,mʊʒi,mʊʒu
mʊθ,mʊθi,mʊθu,mʊθi,mʊθu
mʊð,mʊði,mʊðu,mʊði,mʊðu
nʊm,nʊmi,nʊmu,nʊmi,nʊmu
nʊn,nʊni,nʊnu,nʊni,nʊnu
nʊŋ,nʊŋi,nʊŋu,nʊŋi,nʊŋu
nʊp,nʊpi,nʊpu,nʊpi,nʊpu
nʊt,nʊti,nʊtu,nʊti,nʊtu
nʊk,nʊki,nʊku,nʊki,nʊku
nʊb,nʊbi,nʊbu,nʊbi,nʊbu
nʊd,nʊdi,nʊdu,nʊdi,nʊdu
nʊg,nʊgi,nʊgu,nʊgi,nʊgu
nʊf,nʊfi,nʊfu,nʊfi,nʊfu
nʊs,nʊsi,nʊsu,nʊsi,nʊsu
nʊv,nʊvi,nʊvu,nʊvi,nʊvu
nʊz,nʊzi,nʊzu,nʊzi,nʊzu
nʊʃ,nʊʃi,nʊʃu,nʊʃi,nʊʃu
nʊʒ,nʊʒi,nʊʒu,nʊʒi,nʊʒu
nʊθ,nʊθi,nʊθu,nʊθi,nʊθu
nʊð,nʊði,nʊðu,nʊði,nʊðu
pʊm,pʊmi,pʊmu,pʊmi,pʊmu
pʊn,pʊni,pʊnu,pʊni,pʊnu
pʊŋ,pʊŋi,pʊŋu,pʊŋi,pʊŋu
pʊp,pʊpi,pʊpu,pʊpi,pʊpu
pʊt,pʊti,pʊtu,pʊti,pʊtu
pʊk,pʊki,pʊku,pʊki,pʊku
pʊb,pʊbi,pʊbu,pʊbi,pʊbu
pʊd,pʊdi,pʊdu,pʊdi,pʊdu
pʊg,pʊgi,pʊgu,pʊgi,pʊgu
pʊf,pʊfi,pʊfu,pʊfi,pʊfu
pʊs,pʊsi,pʊsu,pʊsi,pʊsu
pʊv,pʊvi,pʊvu,pʊvi,pʊvu
pʊz,pʊzi,pʊzu,pʊzi,pʊzu
pʊʃ,pʊʃi,pʊʃu,pʊʃi,pʊʃu
pʊʒ,pʊʒi,pʊʒu,pʊʒi,pʊʒu
pʊθ,pʊθi,pʊθu,pʊθi,pʊθu
pʊð,pʊði,pʊðu,pʊði,pʊðu
tʊm,tʊmi,tʊmu,tʊmi,tʊmu
tʊn,tʊni,tʊnu,tʊni,tʊnu
tʊŋ,tʊŋi,tʊŋu,tʊŋi,tʊŋu
tʊp,tʊpi,tʊpu,tʊpi,tʊpu
tʊt,tʊti,tʊtu,tʊti,tʊtu
tʊk,tʊki,tʊku,tʊki,tʊku
tʊb,tʊbi,tʊbu,tʊbi,tʊbu
tʊd,tʊdi,tʊdu,tʊdi,tʊdu
tʊg,tʊgi,tʊgu,tʊgi,tʊgu
tʊf,tʊfi,tʊfu,tʊfi,tʊfu
tʊs,tʊsi,tʊsu,tʊsi,tʊsu
tʊv,tʊvi,tʊvu,tʊvi,tʊvu
tʊz,tʊzi,tʊzu,tʊzi,tʊzu
tʊʃ,tʊʃi,tʊʃu,tʊʃi,tʊʃu
tʊʒ,tʊʒi,tʊʒu,tʊʒi,tʊʒu
tʊθ,tʊθi,tʊθu,tʊθi,tʊθu
tʊð,tʊði,tʊðu,tʊði,tʊðu
kʊm,kʊmi,kʊmu,kʊmi,kʊmu
kʊn,kʊni,kʊnu,kʊni,kʊnu
kʊŋ,kʊŋi,kʊŋu,kʊŋi,kʊŋu
kʊp,kʊpi,kʊpu,kʊpi,kʊpu
kʊt,kʊti,kʊtu,kʊti,kʊtu
kʊk,kʊki,kʊku,kʊki,kʊku
kʊb,kʊbi,kʊbu,kʊbi,kʊbu
kʊd,kʊdi,kʊdu,kʊdi,kʊdu
kʊg,kʊgi,kʊgu,kʊgi,kʊgu
kʊf,kʊfi,kʊfu,kʊfi,kʊfu
kʊs,kʊsi,kʊsu,kʊsi,kʊsu
kʊv,kʊvi,kʊvu,kʊvi,kʊvu
kʊz,kʊzi,kʊzu,kʊzi,kʊzu
kʊʃ,kʊʃi,kʊʃu,kʊʃi,kʊʃu
kʊʒ,kʊʒi,kʊʒu,kʊʒi,kʊʒu
kʊθ,kʊθi,kʊθu,kʊθi,kʊθu
kʊð,kʊði,kʊðu,kʊði,kʊðu
bʊm,bʊmi,bʊmu,bʊmi,bʊmu
bʊn,bʊni,bʊnu,bʊni,bʊnu
bʊŋ,bʊŋi,bʊŋu,bʊŋi,bʊŋu
bʊp,bʊpi,bʊpu,bʊpi,bʊpu
bʊt,bʊti,bʊtu,bʊti,bʊtu
bʊk,bʊki,bʊku,bʊki,bʊku
bʊb,bʊbi,bʊbu,bʊbi,bʊbu
bʊd,bʊdi,bʊdu,bʊdi,bʊdu
bʊg,bʊgi,bʊgu,bʊgi,bʊgu
bʊf,bʊfi,bʊfu,bʊfi,bʊfu
bʊs,bʊsi,bʊsu,bʊsi,bʊsu
bʊv,bʊvi,bʊvu,bʊvi,bʊvu
bʊz,bʊzi,bʊzu,bʊzi,bʊzu
bʊʃ,bʊʃi,bʊʃu,bʊʃi,bʊʃu
bʊʒ,bʊʒi,bʊʒu,bʊʒi,bʊʒu
bʊθ,bʊθi,bʊθu,bʊθi,bʊθu
bʊð,bʊði,bʊðu,bʊði,bʊðu
dʊm,dʊmi,dʊmu,dʊmi,dʊmu
dʊn,dʊni,dʊnu,dʊni,dʊnu
dʊŋ,dʊŋi,dʊŋu,dʊŋi,dʊŋu
dʊp,dʊpi,dʊpu,dʊpi,dʊpu
dʊt,dʊti,dʊtu,dʊti,dʊtu
dʊk,dʊki,dʊku,dʊki,dʊku
dʊb,dʊbi,dʊbu,dʊbi,dʊbu
dʊd,dʊdi,dʊdu,dʊdi,dʊdu
dʊg,dʊgi,dʊgu,dʊgi,dʊgu
dʊf,dʊfi,dʊfu,dʊfi,dʊfu
dʊs,dʊsi,dʊsu,dʊsi,dʊsu
dʊv,dʊvi,dʊvu,dʊvi,dʊvu
dʊz,dʊzi,dʊzu,dʊzi,dʊzu
dʊʃ,dʊʃi,dʊʃu,dʊʃi,dʊʃu
dʊʒ,dʊʒi,dʊʒu,dʊʒi,dʊʒu
dʊθ,dʊθi,dʊθu,dʊθi,dʊθu
dʊð,dʊði,dʊðu,dʊði,dʊðu
gʊm,gʊmi,gʊmu,gʊmi,gʊmu
gʊn,gʊni,gʊnu,gʊni,gʊnu
gʊŋ,gʊŋi,gʊŋu,gʊŋi,gʊŋu
gʊp,gʊpi,gʊpu,gʊpi,gʊpu
gʊt,gʊti,gʊtu,gʊti,gʊtu
gʊk,gʊki,gʊku,gʊki,gʊku
gʊb,gʊbi,gʊbu,gʊbi,gʊbu
gʊd,gʊdi,gʊdu,gʊdi,gʊdu
gʊg,gʊgi,gʊgu,gʊgi,gʊgu
gʊf,gʊfi,gʊfu,gʊfi,gʊfu
gʊs,gʊsi,gʊsu,gʊsi,gʊsu
gʊv,gʊvi,gʊvu,gʊvi,gʊvu
gʊz,gʊzi,gʊzu,gʊzi,gʊzu
gʊʃ,gʊʃi,gʊʃu,gʊʃi,gʊʃu
gʊʒ,gʊʒi,gʊʒu,gʊʒi,gʊʒu
gʊθ,gʊθi,gʊθu,gʊθi,gʊθu
gʊð,gʊði,gʊðu,gʊði,gʊðu
fʊm,fʊmi,fʊmu,fʊmi,fʊmu
fʊn,fʊni,fʊnu,fʊni,fʊnu
fʊŋ,fʊŋi,fʊŋu,fʊŋi,fʊŋu
fʊp,fʊpi,fʊpu,fʊpi,fʊpu
fʊt,fʊti,fʊtu,fʊti,fʊtu
fʊk,fʊki,fʊku,fʊki,fʊku
fʊb,fʊbi,fʊbu,fʊbi,fʊbu
fʊd,fʊdi,fʊdu,fʊdi,fʊdu
fʊg,fʊgi,fʊgu,fʊgi,fʊgu
fʊf,fʊfi,fʊfu,fʊfi,fʊfu
fʊs,fʊsi,fʊsu,fʊsi,fʊsu
fʊv,fʊvi,fʊvu,fʊvi,fʊvu
fʊz,fʊzi,fʊzu,fʊzi,fʊzu
fʊʃ,fʊʃi,fʊʃu,fʊʃi,fʊʃu
fʊʒ,fʊʒi,fʊʒu,fʊʒi,fʊʒu
fʊθ,fʊθi,fʊθu,fʊθi,fʊθu
fʊð,fʊði,fʊðu,fʊði,fʊðu
sʊm,sʊmi,sʊmu,sʊmi,sʊmu
sʊn,sʊni,sʊnu,sʊni,sʊnu
sʊŋ,sʊŋi,sʊŋu,sʊŋi,sʊŋu
sʊp,sʊpi,sʊpu,sʊpi,sʊpu
sʊt,sʊti,sʊtu,sʊti,sʊtu
sʊk,sʊki,sʊku,sʊki,sʊku
sʊb,sʊbi,sʊbu,sʊbi,sʊbu
sʊd,sʊdi,sʊdu,sʊdi,sʊdu
sʊg,sʊgi,sʊgu,sʊgi,sʊgu
sʊf,sʊfi,sʊfu,sʊfi,sʊfu
sʊs,sʊsi,sʊsu,sʊsi,sʊsu
sʊv,sʊvi,sʊvu,sʊvi,sʊvu
sʊz,sʊzi,sʊzu,sʊzi,sʊzu
sʊʃ,sʊʃi,sʊʃu,sʊʃi,sʊʃu
sʊʒ,sʊʒi,sʊʒu,sʊʒi,sʊʒu
sʊθ,sʊθi,sʊθu,sʊθi,sʊθu
sʊð,sʊði,sʊðu,sʊði,sʊðu
vʊm,vʊmi,vʊmu,vʊmi,vʊmu
vʊn,vʊni,vʊnu,vʊni,vʊnu
vʊŋ,vʊŋi,vʊŋu,vʊŋi,vʊŋu
vʊp,vʊpi,vʊpu,vʊpi,vʊpu
vʊt,vʊti,vʊtu,vʊti,vʊtu
vʊk,vʊki,vʊku,vʊki,vʊku
vʊb,vʊbi,vʊbu,vʊbi,vʊbu
vʊd,vʊdi,vʊdu,vʊdi,vʊdu
vʊg,vʊgi,vʊgu,vʊgi,vʊgu
vʊf,vʊfi,vʊfu,vʊfi,vʊfu
vʊs,vʊsi,vʊsu,vʊsi,vʊsu
vʊv,vʊvi,vʊvu,vʊvi,vʊvu
vʊz,vʊzi,vʊzu,vʊzi,vʊzu
vʊʃ,vʊʃi,vʊʃu,vʊʃi,vʊʃu
vʊʒ,vʊʒi,vʊʒu,vʊʒi,vʊʒu
vʊθ,vʊθi,vʊθu,vʊθi,vʊθu
vʊð,vʊði,vʊðu,vʊði,vʊðu
zʊm,zʊmi,zʊmu,zʊmi,zʊmu
zʊn,zʊni,zʊnu,zʊni,zʊnu
zʊŋ,zʊŋi,zʊŋu,zʊŋi,zʊŋu
zʊp,zʊpi,zʊpu,zʊpi,zʊpu
zʊt,zʊti,zʊtu,zʊti,zʊtu
zʊk,zʊki,zʊku,zʊki,zʊku
zʊb,zʊbi,zʊbu,zʊbi,zʊbu
zʊd,zʊdi,zʊdu,zʊdi,zʊdu
zʊg,zʊgi,zʊgu,zʊgi,zʊgu
zʊf,zʊfi,zʊfu,zʊfi,zʊfu
zʊs,zʊsi,zʊsu,zʊsi,zʊsu
zʊv,zʊvi,zʊvu,zʊvi,zʊvu
zʊz,zʊzi,zʊzu,zʊzi,zʊzu
zʊʃ,zʊʃi,zʊʃu,zʊʃi,zʊʃu
zʊʒ,zʊʒi,zʊʒu,zʊʒi,zʊʒu
zʊθ,zʊθi,zʊθu,zʊθi,zʊθu
zʊð,zʊði,zʊðu,zʊði,zʊðu
ʃʊm,ʃʊmi,ʃʊmu,ʃʊmi,ʃʊmu
ʃʊn,ʃʊni,ʃʊnu,ʃʊni,ʃʊnu
ʃʊŋ,ʃʊŋi,ʃʊŋu,ʃʊŋi,ʃʊŋu
ʃʊp,ʃʊpi,ʃʊpu,ʃʊpi,ʃʊpu
ʃʊt,ʃʊti,ʃʊtu,ʃʊti,ʃʊtu
ʃʊk,ʃʊki,ʃʊku,ʃʊki,ʃʊku
ʃʊb,ʃʊbi,ʃʊbu,ʃʊbi,ʃʊbu
ʃʊd,ʃʊdi,ʃʊdu,ʃʊdi,ʃʊdu
ʃʊg,ʃʊgi,ʃʊgu,ʃʊgi,ʃʊgu
ʃʊf,ʃʊfi,ʃʊfu,ʃʊfi,ʃʊfu
ʃʊs,ʃʊsi,ʃʊsu,ʃʊsi,ʃʊsu
ʃʊv,ʃʊvi,ʃʊvu,ʃʊvi,ʃʊvu
ʃʊz,ʃʊzi,ʃʊzu,ʃʊzi,ʃʊzu
ʃʊʃ,ʃʊʃi,ʃʊʃu,ʃʊʃi,ʃʊʃu
ʃʊʒ,ʃʊʒi,ʃʊʒu,ʃʊʒi,ʃʊʒu
ʃʊθ,ʃʊθi,ʃʊθu,ʃʊθi,ʃʊθu
ʃʊð,ʃʊði,ʃʊðu,ʃʊði,ʃʊðu
ʒʊm,ʒʊmi,ʒʊmu,ʒʊmi,ʒʊmu
ʒʊn,ʒʊni,ʒʊnu,ʒʊni,ʒʊnu
ʒʊŋ,ʒʊŋi,ʒʊŋu,ʒʊŋi,ʒʊŋu
ʒʊp,ʒʊpi,ʒʊpu,ʒʊpi,ʒʊpu
ʒʊt,ʒʊti,ʒʊtu,ʒʊti,ʒʊtu
ʒʊk,ʒʊki,ʒʊku,ʒʊki,ʒʊku
ʒʊb,ʒʊbi,ʒʊbu,ʒʊbi,ʒʊbu
ʒʊd,ʒʊdi,ʒʊdu,ʒʊdi,ʒʊdu
ʒʊg,ʒʊgi,ʒʊgu,ʒʊgi,ʒʊgu
ʒʊf,ʒʊfi,ʒʊfu,ʒʊfi,ʒʊfu
ʒʊs,ʒʊsi,ʒʊsu,ʒʊsi,ʒʊsu
ʒʊv,ʒʊvi,ʒʊvu,ʒʊvi,ʒʊvu
ʒʊz,ʒʊzi,ʒʊzu,ʒʊzi,ʒʊzu
ʒʊʃ,ʒʊʃi,ʒʊʃu,ʒʊʃi,ʒʊʃu
ʒʊʒ,ʒʊʒi,ʒʊʒu,ʒʊʒi,ʒʊʒu
ʒʊθ,ʒʊθi,ʒʊθu,ʒʊθi,ʒʊθu
ʒʊð,ʒʊði,ʒʊðu,ʒʊði,ʒʊðu
θʊm,θʊmi,θʊmu,θʊmi,θʊmu
θʊn,θʊni,θʊnu,θʊni,θʊnu
θʊŋ,θʊŋi,θʊŋu,θʊŋi,θʊŋu
θʊp,θʊpi,θʊpu,θʊpi,θʊpu
θʊt,θʊti,θʊtu,θʊti,θʊtu
θʊk,θʊki,θʊku,θʊki,θʊku
θʊb,θʊbi,θʊbu,θʊbi,θʊbu
θʊd,θʊdi,θʊdu,θʊdi,θʊdu
θʊg,θʊgi,θʊgu,θʊgi,θʊgu
θʊf,θʊfi,θʊfu,θʊfi,θʊfu
θʊs,θʊsi,θʊsu,θʊsi,θʊsu
θʊv,θʊvi,θʊvu,θʊvi,θʊvu
θʊz,θʊzi,θʊzu,θʊzi,θʊzu
θʊʃ,θʊʃi,θʊʃu,θʊʃi,θʊʃu
θʊʒ,θʊʒi,θʊʒu,θʊʒi,θʊʒu
θʊθ,θʊθi,θʊθu,θʊθi,θʊθu
θʊð,θʊði,θʊðu,θʊði,θʊðu
ðʊm,ðʊmi,ðʊmu,ðʊmi,ðʊmu
ðʊn,ðʊni,ðʊnu,ðʊni,ðʊnu
ðʊŋ,ðʊŋi,ðʊŋu,ðʊŋi,ðʊŋu
ðʊp,ðʊpi,ðʊpu,ðʊpi,ðʊpu
ðʊt,ðʊti,ðʊtu,ðʊti,ðʊtu
ðʊk,ðʊki,ðʊku,ðʊki,ðʊku
ðʊb,ðʊbi,ðʊbu,ðʊbi,ðʊbu
ðʊd,ðʊdi,ðʊdu,ðʊdi,ðʊdu
ðʊg,ðʊgi,ðʊgu,ðʊgi,ðʊgu
ðʊf,ðʊfi,ðʊfu,ðʊfi,ðʊfu
ðʊs,ðʊsi,ðʊsu,ðʊsi,ðʊsu
ðʊv,ðʊvi,ðʊvu,ðʊvi,ðʊvu
ðʊz,ðʊzi,ðʊzu,ðʊzi,ðʊzu
ðʊʃ,ðʊʃi,ðʊʃu,ðʊʃi,ðʊʃu
ðʊʒ,ðʊʒi,ðʊʒu,ðʊʒi,ðʊʒu
ðʊθ,ðʊθi,ðʊθu,ðʊθi,ðʊθu
ðʊð,ðʊði,ðʊðu,ðʊði,ðʊðu
hʊm,hʊmi,hʊmu,hʊmi,hʊmu
hʊn,hʊni,hʊnu,hʊni,hʊnu
hʊŋ,hʊŋi,hʊŋu,hʊŋi,hʊŋu
hʊp,hʊpi,hʊpu,hʊpi,hʊpu
hʊt,hʊti,hʊtu,hʊti,hʊtu
hʊk,hʊki,hʊku,hʊki,hʊku
hʊb,hʊbi,hʊbu,hʊbi,hʊbu
hʊd,hʊdi,hʊdu,hʊdi,hʊdu
hʊg,hʊgi,hʊgu,hʊgi,hʊgu
hʊf,hʊfi,hʊfu,hʊfi,hʊfu
hʊs,hʊsi,hʊsu,hʊsi,hʊsu
hʊv,hʊvi,hʊvu,hʊvi,hʊvu
hʊz,hʊzi,hʊzu,hʊzi,hʊzu
hʊʃ,hʊʃi,hʊʃu,hʊʃi,hʊʃu
hʊʒ,hʊʒi,hʊʒu,hʊʒi,hʊʒu
hʊθ,hʊθi,hʊθu,hʊθi,hʊθu
hʊð,hʊði,hʊðu,hʊði,hʊðu
mʊm,mʊmeɪ,mʊmoʊ,mʊme,mʊmo
mʊn,mʊneɪ,mʊnoʊ,mʊne,mʊno
mʊŋ,mʊŋeɪ,mʊŋoʊ,mʊŋe,mʊŋo
mʊp,mʊpeɪ,mʊpoʊ,mʊpe,mʊpo
mʊt,mʊteɪ,mʊtoʊ,mʊte,mʊto
mʊk,mʊkeɪ,mʊkoʊ,mʊke,mʊko
mʊb,mʊbeɪ,mʊboʊ,mʊbe,mʊbo
mʊd,mʊdeɪ,mʊdoʊ,mʊde,mʊdo
mʊg,mʊgeɪ,mʊgoʊ,mʊge,mʊgo
mʊf,mʊfeɪ,mʊfoʊ,mʊfe,mʊfo
mʊs,mʊseɪ,mʊsoʊ,mʊse,mʊso
mʊv,mʊveɪ,mʊvoʊ,mʊve,mʊvo
mʊz,mʊzeɪ,mʊzoʊ,mʊze,mʊzo
mʊʃ,mʊʃeɪ,mʊʃoʊ,mʊʃe,mʊʃo
mʊʒ,mʊʒeɪ,mʊʒoʊ,mʊʒe,mʊʒo
mʊθ,mʊθeɪ,mʊθoʊ,mʊθe,mʊθo
mʊð,mʊðeɪ,mʊðoʊ,mʊðe,mʊðo
nʊm,nʊmeɪ,nʊmoʊ,nʊme,nʊmo
nʊn,nʊneɪ,nʊnoʊ,nʊne,nʊno
nʊŋ,nʊŋeɪ,nʊŋoʊ,nʊŋe,nʊŋo
nʊp,nʊpeɪ,nʊpoʊ,nʊpe,nʊpo
nʊt,nʊteɪ,nʊtoʊ,nʊte,nʊto
nʊk,nʊkeɪ,nʊkoʊ,nʊke,nʊko
nʊb,nʊbeɪ,nʊboʊ,nʊbe,nʊbo
nʊd,nʊdeɪ,nʊdoʊ,nʊde,nʊdo
nʊg,nʊgeɪ,nʊgoʊ,nʊge,nʊgo
nʊf,nʊfeɪ,nʊfoʊ,nʊfe,nʊfo
nʊs,nʊseɪ,nʊsoʊ,nʊse,nʊso
nʊv,nʊveɪ,nʊvoʊ,nʊve,nʊvo
nʊz,nʊzeɪ,nʊzoʊ,nʊze,nʊzo
nʊʃ,nʊʃeɪ,nʊʃoʊ,nʊʃe,nʊʃo
nʊʒ,nʊʒeɪ,nʊʒoʊ,nʊʒe,nʊʒo
nʊθ,nʊθeɪ,nʊθoʊ,nʊθe,nʊθo
nʊð,nʊðeɪ,nʊðoʊ,nʊðe,nʊðo
pʊm,pʊmeɪ,pʊmoʊ,pʊme,pʊmo
pʊn,pʊneɪ,pʊnoʊ,pʊne,pʊno
pʊŋ,pʊŋeɪ,pʊŋoʊ,pʊŋe,pʊŋo
pʊp,pʊpeɪ,pʊpoʊ,pʊpe,pʊpo
pʊt,pʊteɪ,pʊtoʊ,pʊte,pʊto
pʊk,pʊkeɪ,pʊkoʊ,pʊke,pʊko
pʊb,pʊbeɪ,pʊboʊ,pʊbe,pʊbo
pʊd,pʊdeɪ,pʊdoʊ,pʊde,pʊdo
pʊg,pʊgeɪ,pʊgoʊ,pʊge,pʊgo
pʊf,pʊfeɪ,pʊfoʊ,pʊfe,pʊfo
pʊs,pʊseɪ,pʊsoʊ,pʊse,pʊso
pʊv,pʊveɪ,pʊvoʊ,pʊve,pʊvo
pʊz,pʊzeɪ,pʊzoʊ,pʊze,pʊzo
pʊʃ,pʊʃeɪ,pʊʃoʊ,pʊʃe,pʊʃo
pʊʒ,pʊʒeɪ,pʊʒoʊ,pʊʒe,pʊʒo
pʊθ,pʊθeɪ,pʊθoʊ,pʊθe,pʊθo
pʊð,pʊðeɪ,pʊðoʊ,pʊðe,pʊðo
tʊm,tʊmeɪ,tʊmoʊ,tʊme,tʊmo
tʊn,tʊneɪ,tʊnoʊ,tʊne,tʊno
tʊŋ,tʊŋeɪ,tʊŋoʊ,tʊŋe,tʊŋo
tʊp,tʊpeɪ,tʊpoʊ,tʊpe,tʊpo
tʊt,tʊteɪ,tʊtoʊ,tʊte,tʊto
tʊk,tʊkeɪ,tʊkoʊ,tʊke,tʊko
tʊb,tʊbeɪ,tʊboʊ,tʊbe,tʊbo
tʊd,tʊdeɪ,tʊdoʊ,tʊde,tʊdo
tʊg,tʊgeɪ,tʊgoʊ,tʊge,tʊgo
tʊf,tʊfeɪ,tʊfoʊ,tʊfe,tʊfo
tʊs,tʊseɪ,tʊsoʊ,tʊse,tʊso
tʊv,tʊveɪ,tʊvoʊ,tʊve,tʊvo
tʊz,tʊzeɪ,tʊzoʊ,tʊze,tʊzo
tʊʃ,tʊʃeɪ,tʊʃoʊ,tʊʃe,tʊʃo
tʊʒ,tʊʒeɪ,tʊʒoʊ,tʊʒe,tʊʒo
tʊθ,tʊθeɪ,tʊθoʊ,tʊθe,tʊθo
tʊð,tʊðeɪ,tʊðoʊ,tʊðe,tʊðo
kʊm,kʊmeɪ,kʊmoʊ,kʊme,kʊmo
kʊn,kʊneɪ,kʊnoʊ,kʊne,kʊno
kʊŋ,kʊŋeɪ,kʊŋoʊ,kʊŋe,kʊŋo
kʊp,kʊpeɪ,kʊpoʊ,kʊpe,kʊpo
kʊt,kʊteɪ,kʊtoʊ,kʊte,kʊto
kʊk,kʊkeɪ,kʊkoʊ,kʊke,kʊko
kʊb,kʊbeɪ,kʊboʊ,kʊbe,kʊbo
kʊd,kʊdeɪ,kʊdoʊ,kʊde,kʊdo
kʊg,kʊgeɪ,kʊgoʊ,kʊge,kʊgo
kʊf,kʊfeɪ,kʊfoʊ,kʊfe,kʊfo
kʊs,kʊseɪ,kʊsoʊ,kʊse,kʊso
kʊv,kʊveɪ,kʊvoʊ,kʊve,kʊvo
kʊz,kʊzeɪ,kʊzoʊ,kʊze,kʊzo
kʊʃ,kʊʃeɪ,kʊʃoʊ,kʊʃe,kʊʃo
kʊʒ,kʊʒeɪ,kʊʒoʊ,kʊʒe,kʊʒo
kʊθ,kʊθeɪ,kʊθoʊ,kʊθe,kʊθo
kʊð,kʊðeɪ,kʊðoʊ,kʊðe,kʊðo
bʊm,bʊmeɪ,bʊmoʊ,bʊme,bʊmo
bʊn,bʊneɪ,bʊnoʊ,bʊne,bʊno
bʊŋ,bʊŋeɪ,bʊŋoʊ,bʊŋe,bʊŋo
bʊp,bʊpeɪ,bʊpoʊ,bʊpe,bʊpo
bʊt,bʊteɪ,bʊtoʊ,bʊte,bʊto
bʊk,bʊkeɪ,bʊkoʊ,bʊke,bʊko
bʊb,bʊbeɪ,bʊboʊ,bʊbe,bʊbo
bʊd,bʊdeɪ,bʊdoʊ,bʊde,bʊdo
bʊg,bʊgeɪ,bʊgoʊ,bʊge,bʊgo
bʊf,bʊfeɪ,bʊfoʊ,bʊfe,bʊfo
bʊs,bʊseɪ,bʊsoʊ,bʊse,bʊso
bʊv,bʊveɪ,bʊvoʊ,bʊve,bʊvo
bʊz,bʊzeɪ,bʊzoʊ,bʊze,bʊzo
bʊʃ,bʊʃeɪ,bʊʃoʊ,bʊʃe,bʊʃo
bʊʒ,bʊʒeɪ,bʊʒoʊ,bʊʒe,bʊʒo
bʊθ,bʊθeɪ,bʊθoʊ,bʊθe,bʊθo
bʊð,bʊðeɪ,bʊðoʊ,bʊðe,bʊðo
dʊm,dʊmeɪ,dʊmoʊ,dʊme,dʊmo
dʊn,dʊneɪ,dʊnoʊ,dʊne,dʊno
dʊŋ,dʊŋeɪ,dʊŋoʊ,dʊŋe,dʊŋo
dʊp,dʊpeɪ,dʊpoʊ,dʊpe,dʊpo
dʊt,dʊteɪ,dʊtoʊ,dʊte,dʊto
dʊk,dʊkeɪ,dʊkoʊ,dʊke,dʊko
dʊb,dʊbeɪ,dʊboʊ,dʊbe,dʊbo
dʊd,dʊdeɪ,dʊdoʊ,dʊde,dʊdo
dʊg,dʊgeɪ,dʊgoʊ,dʊge,dʊgo
dʊf,dʊfeɪ,dʊfoʊ,dʊfe,dʊfo
dʊs,dʊseɪ,dʊsoʊ,dʊse,dʊso
dʊv,dʊveɪ,dʊvoʊ,dʊve,dʊvo
dʊz,dʊzeɪ,dʊzoʊ,dʊze,dʊzo
dʊʃ,dʊʃeɪ,dʊʃoʊ,dʊʃe,dʊʃo
dʊʒ,dʊʒeɪ,dʊʒoʊ,dʊʒe,dʊʒo
dʊθ,dʊθeɪ,dʊθoʊ,dʊθe,dʊθo
dʊð,dʊðeɪ,dʊðoʊ,dʊðe,dʊðo
gʊm,gʊmeɪ,gʊmoʊ,gʊme,gʊmo
gʊn,gʊneɪ,gʊnoʊ,gʊne,gʊno
gʊŋ,gʊŋeɪ,gʊŋoʊ,gʊŋe,gʊŋo
gʊp,gʊpeɪ,gʊpoʊ,gʊpe,gʊpo
gʊt,gʊteɪ,gʊtoʊ,gʊte,gʊto
gʊk,gʊkeɪ,gʊkoʊ,gʊke,gʊko
gʊb,gʊbeɪ,gʊboʊ,gʊbe,gʊbo
gʊd,gʊdeɪ,gʊdoʊ,gʊde,gʊdo
gʊg,gʊgeɪ,gʊgoʊ,gʊge,gʊgo
gʊf,gʊfeɪ,gʊfoʊ,gʊfe,gʊfo
gʊs,gʊseɪ,gʊsoʊ,gʊse,gʊso
gʊv,gʊveɪ,gʊvoʊ,gʊve,gʊvo
gʊz,gʊzeɪ,gʊzoʊ,gʊze,gʊzo
gʊʃ,gʊʃeɪ,gʊʃoʊ,gʊʃe,gʊʃo
gʊʒ,gʊʒeɪ,gʊʒoʊ,gʊʒe,gʊʒo
gʊθ,gʊθeɪ,gʊθoʊ,gʊθe,gʊθo
gʊð,gʊðeɪ,gʊðoʊ,gʊðe,gʊðo
fʊm,fʊmeɪ,fʊmoʊ,fʊme,fʊmo
fʊn,fʊneɪ,fʊnoʊ,fʊne,fʊno
fʊŋ,fʊŋeɪ,fʊŋoʊ,fʊŋe,fʊŋo
fʊp,fʊpeɪ,fʊpoʊ,fʊpe,fʊpo
fʊt,fʊteɪ,fʊtoʊ,fʊte,fʊto
fʊk,fʊkeɪ,fʊkoʊ,fʊke,fʊko
fʊb,fʊbeɪ,fʊboʊ,fʊbe,fʊbo
fʊd,fʊdeɪ,fʊdoʊ,fʊde,fʊdo
fʊg,fʊgeɪ,fʊgoʊ,fʊge,fʊgo
fʊf,fʊfeɪ,fʊfoʊ,fʊfe,fʊfo
fʊs,fʊseɪ,fʊsoʊ,fʊse,fʊso
fʊv,fʊveɪ,fʊvoʊ,fʊve,fʊvo
fʊz,fʊzeɪ,fʊzoʊ,fʊze,fʊzo
fʊʃ,fʊʃeɪ,fʊʃoʊ,fʊʃe,fʊʃo
fʊʒ,fʊʒeɪ,fʊʒoʊ,fʊʒe,fʊʒo
fʊθ,fʊθeɪ,fʊθoʊ,fʊθe,fʊθo
fʊð,fʊðeɪ,fʊðoʊ,fʊðe,fʊðo
sʊm,sʊmeɪ,sʊmoʊ,sʊme,sʊmo
sʊn,sʊneɪ,sʊnoʊ,sʊne,sʊno
sʊŋ,sʊŋeɪ,sʊŋoʊ,sʊŋe,sʊŋo
sʊp,sʊpeɪ,sʊpoʊ,sʊpe,sʊpo
sʊt,sʊteɪ,sʊtoʊ,sʊte,sʊto
sʊk,sʊkeɪ,sʊkoʊ,sʊke,sʊko
sʊb,sʊbeɪ,sʊboʊ,sʊbe,sʊbo
sʊd,sʊdeɪ,sʊdoʊ,sʊde,sʊdo
sʊg,sʊgeɪ,sʊgoʊ,sʊge,sʊgo
sʊf,sʊfeɪ,sʊfoʊ,sʊfe,sʊfo
sʊs,sʊseɪ,sʊsoʊ,sʊse,sʊso
sʊv,sʊveɪ,sʊvoʊ,sʊve,sʊvo
sʊz,sʊzeɪ,sʊzoʊ,sʊze,sʊzo
sʊʃ,sʊʃeɪ,sʊʃoʊ,sʊʃe,sʊʃo
sʊʒ,sʊʒeɪ,sʊʒoʊ,sʊʒe,sʊʒo
sʊθ,sʊθeɪ,sʊθoʊ,sʊθe,sʊθo
sʊð,sʊðeɪ,sʊðoʊ,sʊðe,sʊðo
vʊm,vʊmeɪ,vʊmoʊ,vʊme,vʊmo
vʊn,vʊneɪ,vʊnoʊ,vʊne,vʊno
vʊŋ,vʊŋeɪ,vʊŋoʊ,vʊŋe,vʊŋo
vʊp,vʊpeɪ,vʊpoʊ,vʊpe,vʊpo
vʊt,vʊteɪ,vʊtoʊ,vʊte,vʊto
vʊk,vʊkeɪ,vʊkoʊ,vʊke,vʊko
vʊb,vʊbeɪ,vʊboʊ,vʊbe,vʊbo
vʊd,vʊdeɪ,vʊdoʊ,vʊde,vʊdo
vʊg,vʊgeɪ,vʊgoʊ,vʊge,vʊgo
vʊf,vʊfeɪ,vʊfoʊ,vʊfe,vʊfo
vʊs,vʊseɪ,vʊsoʊ,vʊse,vʊso
vʊv,vʊveɪ,vʊvoʊ,vʊve,vʊvo
vʊz,vʊzeɪ,vʊzoʊ,vʊze,vʊzo
vʊʃ,vʊʃeɪ,vʊʃoʊ,vʊʃe,vʊʃo
vʊʒ,vʊʒeɪ,vʊʒoʊ,vʊʒe,vʊʒo
vʊθ,vʊθeɪ,vʊθoʊ,vʊθe,vʊθo
vʊð,vʊðeɪ,vʊðoʊ,vʊðe,vʊðo
zʊm,zʊmeɪ,zʊmoʊ,zʊme,zʊmo
zʊn,zʊneɪ,zʊnoʊ,zʊne,zʊno
zʊŋ,zʊŋeɪ,zʊŋoʊ,zʊŋe,zʊŋo
zʊp,zʊpeɪ,zʊpoʊ,zʊpe,zʊpo
zʊt,zʊteɪ,zʊtoʊ,zʊte,zʊto
zʊk,zʊkeɪ,zʊkoʊ,zʊke,zʊko
zʊb,zʊbeɪ,zʊboʊ,zʊbe,zʊbo
zʊd,zʊdeɪ,zʊdoʊ,zʊde,zʊdo
zʊg,zʊgeɪ,zʊgoʊ,zʊge,zʊgo
zʊf,zʊfeɪ,zʊfoʊ,zʊfe,zʊfo
zʊs,zʊseɪ,zʊsoʊ,zʊse,zʊso
zʊv,zʊveɪ,zʊvoʊ,zʊve,zʊvo
zʊz,zʊzeɪ,zʊzoʊ,zʊze,zʊzo
zʊʃ,zʊʃeɪ,zʊʃoʊ,zʊʃe,zʊʃo
zʊʒ,zʊʒeɪ,zʊʒoʊ,zʊʒe,zʊʒo
zʊθ,zʊθeɪ,zʊθoʊ,zʊθe,zʊθo
zʊð,zʊðeɪ,zʊðoʊ,zʊðe,zʊðo
ʃʊm,ʃʊmeɪ,ʃʊmoʊ,ʃʊme,ʃʊmo
ʃʊn,ʃʊneɪ,ʃʊnoʊ,ʃʊne,ʃʊno
ʃʊŋ,ʃʊŋeɪ,ʃʊŋoʊ,ʃʊŋe,ʃʊŋo
ʃʊp,ʃʊpeɪ,ʃʊpoʊ,ʃʊpe,ʃʊpo
ʃʊt,ʃʊteɪ,ʃʊtoʊ,ʃʊte,ʃʊto
ʃʊk,ʃʊkeɪ,ʃʊkoʊ,ʃʊke,ʃʊko
ʃʊb,ʃʊbeɪ,ʃʊboʊ,ʃʊbe,ʃʊbo
ʃʊd,ʃʊdeɪ,ʃʊdoʊ,ʃʊde,ʃʊdo
ʃʊg,ʃʊgeɪ,ʃʊgoʊ,ʃʊge,ʃʊgo
ʃʊf,ʃʊfeɪ,ʃʊfoʊ,ʃʊfe,ʃʊfo
ʃʊs,ʃʊseɪ,ʃʊsoʊ,ʃʊse,ʃʊso
ʃʊv,ʃʊveɪ,ʃʊvoʊ,ʃʊve,ʃʊvo
ʃʊz,ʃʊzeɪ,ʃʊzoʊ,ʃʊze,ʃʊzo
ʃʊʃ,ʃʊʃeɪ,ʃʊʃoʊ,ʃʊʃe,ʃʊʃo
ʃʊʒ,ʃʊʒeɪ,ʃʊʒoʊ,ʃʊʒe,ʃʊʒo
ʃʊθ,ʃʊθeɪ,ʃʊθoʊ,ʃʊθe,ʃʊθo
ʃʊð,ʃʊðeɪ,ʃʊðoʊ,ʃʊðe,ʃʊðo
ʒʊm,ʒʊmeɪ,ʒʊmoʊ,ʒʊme,ʒʊmo
ʒʊn,ʒʊneɪ,ʒʊnoʊ,ʒʊne,ʒʊno
ʒʊŋ,ʒʊŋeɪ,ʒʊŋoʊ,ʒʊŋe,ʒʊŋo
ʒʊp,ʒʊpeɪ,ʒʊpoʊ,ʒʊpe,ʒʊpo
ʒʊt,ʒʊteɪ,ʒʊtoʊ,ʒʊte,ʒʊto
ʒʊk,ʒʊkeɪ,ʒʊkoʊ,ʒʊke,ʒʊko
ʒʊb,ʒʊbeɪ,ʒʊboʊ,ʒʊbe,ʒʊbo
ʒʊd,ʒʊdeɪ,ʒʊdoʊ,ʒʊde,ʒʊdo
ʒʊg,ʒʊgeɪ,ʒʊgoʊ,ʒʊge,ʒʊgo
ʒʊf,ʒʊfeɪ,ʒʊfoʊ,ʒʊfe,ʒʊfo
ʒʊs,ʒʊseɪ,ʒʊsoʊ,ʒʊse,ʒʊso
ʒʊv,ʒʊveɪ,ʒʊvoʊ,ʒʊve,ʒʊvo
ʒʊz,ʒʊzeɪ,ʒʊzoʊ,ʒʊze,ʒʊzo
ʒʊʃ,ʒʊʃeɪ,ʒʊʃoʊ,ʒʊʃe,ʒʊʃo
ʒʊʒ,ʒʊʒeɪ,ʒʊʒoʊ,ʒʊʒe,ʒʊʒo
ʒʊθ,ʒʊθeɪ,ʒʊθoʊ,ʒʊθe,ʒʊθo
ʒʊð,ʒʊðeɪ,ʒʊðoʊ,ʒʊðe,ʒʊðo
θʊm,θʊmeɪ,θʊmoʊ,θʊme,θʊmo
θʊn,θʊneɪ,θʊnoʊ,θʊne,θʊno
θʊŋ,θʊŋeɪ,θʊŋoʊ,θʊŋe,θʊŋo
θʊp,θʊpeɪ,θʊpoʊ,θʊpe,θʊpo
θʊt,θʊteɪ,θʊtoʊ,θʊte,θʊto
θʊk,θʊkeɪ,θʊkoʊ,θʊke,θʊko
θʊb,θʊbeɪ,θʊboʊ,θʊbe,θʊbo
θʊd,θʊdeɪ,θʊdoʊ,θʊde,θʊdo
θʊg,θʊgeɪ,θʊgoʊ,θʊge,θʊgo
θʊf,θʊfeɪ,θʊfoʊ,θʊfe,θʊfo
θʊs,θʊseɪ,θʊsoʊ,θʊse,θʊso
θʊv,θʊveɪ,θʊvoʊ,θʊve,θʊvo
θʊz,θʊzeɪ,θʊzoʊ,θʊze,θʊzo
θʊʃ,θʊʃeɪ,θʊʃoʊ,θʊʃe,θʊʃo
θʊʒ,θʊʒeɪ,θʊʒoʊ,θʊʒe,θʊʒo
θʊθ,θʊθeɪ,θʊθoʊ,θʊθe,θʊθo
θʊð,θʊðeɪ,θʊðoʊ,θʊðe,θʊðo
ðʊm,ðʊmeɪ,ðʊmoʊ,ðʊme,ðʊmo
ðʊn,ðʊneɪ,ðʊnoʊ,ðʊne,ðʊno
ðʊŋ,ðʊŋeɪ,ðʊŋoʊ,ðʊŋe,ðʊŋo
ðʊp,ðʊpeɪ,ðʊpoʊ,ðʊpe,ðʊpo
ðʊt,ðʊteɪ,ðʊtoʊ,ðʊte,ðʊto
ðʊk,ðʊkeɪ,ðʊkoʊ,ðʊke,ðʊko
ðʊb,ðʊbeɪ,ðʊboʊ,ðʊbe,ðʊbo
ðʊd,ðʊdeɪ,ðʊdoʊ,ðʊde,ðʊdo
ðʊg,ðʊgeɪ,ðʊgoʊ,ðʊge,ðʊgo
ðʊf,ðʊfeɪ,ðʊfoʊ,ðʊfe,ðʊfo
ðʊs,ðʊseɪ,ðʊsoʊ,ðʊse,ðʊso
ðʊv,ðʊveɪ,ðʊvoʊ,ðʊve,ðʊvo
ðʊz,ðʊzeɪ,ðʊzoʊ,ðʊze,ðʊzo
ðʊʃ,ðʊʃeɪ,ðʊʃoʊ,ðʊʃe,ðʊʃo
ðʊʒ,ðʊʒeɪ,ðʊʒoʊ,ðʊʒe,ðʊʒo
ðʊθ,ðʊθeɪ,ðʊθoʊ,ðʊθe,ðʊθo
ðʊð,ðʊðeɪ,ðʊðoʊ,ðʊðe,ðʊðo
hʊm,hʊmeɪ,hʊmoʊ,hʊme,hʊmo
hʊn,hʊneɪ,hʊnoʊ,hʊne,hʊno
hʊŋ,hʊŋeɪ,hʊŋoʊ,hʊŋe,hʊŋo
hʊp,hʊpeɪ,hʊpoʊ,hʊpe,hʊpo
hʊt,hʊteɪ,hʊtoʊ,hʊte,hʊto
hʊk,hʊkeɪ,hʊkoʊ,hʊke,hʊko
hʊb,hʊbeɪ,hʊboʊ,hʊbe,hʊbo
hʊd,hʊdeɪ,hʊdoʊ,hʊde,hʊdo
hʊg,hʊgeɪ,hʊgoʊ,hʊge,hʊgo
hʊf,hʊfeɪ,hʊfoʊ,hʊfe,hʊfo
hʊs,hʊseɪ,hʊsoʊ,hʊse,hʊso
hʊv,hʊveɪ,hʊvoʊ,hʊve,hʊvo
hʊz,hʊzeɪ,hʊzoʊ,hʊze,hʊzo
hʊʃ,hʊʃeɪ,hʊʃoʊ,hʊʃe,hʊʃo
hʊʒ,hʊʒeɪ,hʊʒoʊ,hʊʒe,hʊʒo
hʊθ,hʊθeɪ,hʊθoʊ,hʊθe,hʊθo
hʊð,hʊðeɪ,hʊðoʊ,hʊðe,hʊðo
mʊm,mʊmu,mʊmu,mʊmu,mʊmu
mʊn,mʊnu,mʊnu,mʊnu,mʊnu
mʊŋ,mʊŋu,mʊŋu,mʊŋu,mʊŋu
mʊp,mʊpu,mʊpu,mʊpu,mʊpu
mʊt,mʊtu,mʊtu,mʊtu,mʊtu
mʊk,mʊku,mʊku,mʊku,mʊku
mʊb,mʊbu,mʊbu,mʊbu,mʊbu
mʊd,mʊdu,mʊdu,mʊdu,mʊdu
mʊg,mʊgu,mʊgu,mʊgu,mʊgu
mʊf,mʊfu,mʊfu,mʊfu,mʊfu
mʊs,mʊsu,mʊsu,mʊsu,mʊsu
mʊv,mʊvu,mʊvu,mʊvu,mʊvu
mʊz,mʊzu,mʊzu,mʊzu,mʊzu
mʊʃ,mʊʃu,mʊʃu,mʊʃu,mʊʃu
mʊʒ,mʊʒu,mʊʒu,mʊʒu,mʊʒu
mʊθ,mʊθu,mʊθu,mʊθu,mʊθu
mʊð,mʊðu,mʊðu,mʊðu,mʊðu
nʊm,nʊmu,nʊmu,nʊmu,nʊmu
nʊn,nʊnu,nʊnu,nʊnu,nʊnu
nʊŋ,nʊŋu,nʊŋu,nʊŋu,nʊŋu
nʊp,nʊpu,nʊpu,nʊpu,nʊpu
nʊt,nʊtu,nʊtu,nʊtu,nʊtu
nʊk,nʊku,nʊku,nʊku,nʊku
nʊb,nʊbu,nʊbu,nʊbu,nʊbu
nʊd,nʊdu,nʊdu,nʊdu,nʊdu
nʊg,nʊgu,nʊgu,nʊgu,nʊgu
nʊf,nʊfu,nʊfu,nʊfu,nʊfu
nʊs,nʊsu,nʊsu,nʊsu,nʊsu
nʊv,nʊvu,nʊvu,nʊvu,nʊvu
nʊz,nʊzu,nʊzu,nʊzu,nʊzu
nʊʃ,nʊʃu,nʊʃu,nʊʃu,nʊʃu
nʊʒ,nʊʒu,nʊʒu,nʊʒu,nʊʒu
nʊθ,nʊθu,nʊθu,nʊθu,nʊθu
nʊð,nʊðu,nʊðu,nʊðu,nʊðu
pʊm,pʊmu,pʊmu,pʊmu,pʊmu
pʊn,pʊnu,pʊnu,pʊnu,pʊnu
pʊŋ,pʊŋu,pʊŋu,pʊŋu,pʊŋu
pʊp,pʊpu,pʊpu,pʊpu,pʊpu
pʊt,pʊtu,pʊtu,pʊtu,pʊtu
pʊk,pʊku,pʊku,pʊku,pʊku
pʊb,pʊbu,pʊbu,pʊbu,pʊbu
pʊd,pʊdu,pʊdu,pʊdu,pʊdu
pʊg,pʊgu,pʊgu,pʊgu,pʊgu
pʊf,pʊfu,pʊfu,pʊfu,pʊfu
pʊs,pʊsu,pʊsu,pʊsu,pʊsu
pʊv,pʊvu,pʊvu,pʊvu,pʊvu
pʊz,pʊzu,pʊzu,pʊzu,pʊzu
pʊʃ,pʊʃu,pʊʃu,pʊʃu,pʊʃu
pʊʒ,pʊʒu,pʊʒu,pʊʒu,pʊʒu
pʊθ,pʊθu,pʊθu,pʊθu,pʊθu
pʊð,pʊðu,pʊðu,pʊðu,pʊðu
tʊm,tʊmu,tʊmu,tʊmu,tʊmu
tʊn,tʊnu,tʊnu,tʊnu,tʊnu
tʊŋ,tʊŋu,tʊŋu,tʊŋu,tʊŋu
tʊp,tʊpu,tʊpu,tʊpu,tʊpu
tʊt,tʊtu,tʊtu,tʊtu,tʊtu
tʊk,tʊku,tʊku,tʊku,tʊku
tʊb,tʊbu,tʊbu,tʊbu,tʊbu
tʊd,tʊdu,tʊdu,tʊdu,tʊdu
tʊg,tʊgu,tʊgu,tʊgu,tʊgu
tʊf,tʊfu,tʊfu,tʊfu,tʊfu
tʊs,tʊsu,tʊsu,tʊsu,tʊsu
tʊv,tʊvu,tʊvu,tʊvu,tʊvu
tʊz,tʊzu,tʊzu,tʊzu,tʊzu
tʊʃ,tʊʃu,tʊʃu,tʊʃu,tʊʃu
tʊʒ,tʊʒu,tʊʒu,tʊʒu,tʊʒu
tʊθ,tʊθu,tʊθu,tʊθu,tʊθu
tʊð,tʊðu,tʊðu,tʊðu,tʊðu
kʊm,kʊmu,kʊmu,kʊmu,kʊmu
kʊn,kʊnu,kʊnu,kʊnu,kʊnu
kʊŋ,kʊŋu,kʊŋu,kʊŋu,kʊŋu
kʊp,kʊpu,kʊpu,kʊpu,kʊpu
kʊt,kʊtu,kʊtu,kʊtu,kʊtu
kʊk,kʊku,kʊku,kʊku,kʊku
kʊb,kʊbu,kʊbu,kʊbu,kʊbu
kʊd,kʊdu,kʊdu,kʊdu,kʊdu
kʊg,kʊgu,kʊgu,kʊgu,kʊgu
kʊf,kʊfu,kʊfu,kʊfu,kʊfu
kʊs,kʊsu,kʊsu,kʊsu,kʊsu
kʊv,kʊvu,kʊvu,kʊvu,kʊvu
kʊz,kʊzu,kʊzu,kʊzu,kʊzu
kʊʃ,kʊʃu,kʊʃu,kʊʃu,kʊʃu
kʊʒ,kʊʒu,kʊʒu,kʊʒu,kʊʒu
kʊθ,kʊθu,kʊθu,kʊθu,kʊθu
kʊð,kʊðu,kʊðu,kʊðu,kʊðu
bʊm,bʊmu,bʊmu,bʊmu,bʊmu
bʊn,bʊnu,bʊnu,bʊnu,bʊnu
bʊŋ,bʊŋu,bʊŋu,bʊŋu,bʊŋu
bʊp,bʊpu,bʊpu,bʊpu,bʊpu
bʊt,bʊtu,bʊtu,bʊtu,bʊtu
bʊk,bʊku,bʊku,bʊku,bʊku
bʊb,bʊbu,bʊbu,bʊbu,bʊbu
bʊd,bʊdu,bʊdu,bʊdu,bʊdu
bʊg,bʊgu,bʊgu,bʊgu,bʊgu
bʊf,bʊfu,bʊfu,bʊfu,bʊfu
bʊs,bʊsu,bʊsu,bʊsu,bʊsu
bʊv,bʊvu,bʊvu,bʊvu,bʊvu
bʊz,bʊzu,bʊzu,bʊzu,bʊzu
bʊʃ,bʊʃu,bʊʃu,bʊʃu,bʊʃu
bʊʒ,bʊʒu,bʊʒu,bʊʒu,bʊʒu
bʊθ,bʊθu,bʊθu,bʊθu,bʊθu
bʊð,bʊðu,bʊðu,bʊðu,bʊðu
dʊm,dʊmu,dʊmu,dʊmu,dʊmu
dʊn,dʊnu,dʊnu,dʊnu,dʊnu
dʊŋ,dʊŋu,dʊŋu,dʊŋu,dʊŋu
dʊp,dʊpu,dʊpu,dʊpu,dʊpu
dʊt,dʊtu,dʊtu,dʊtu,dʊtu
dʊk,dʊku,dʊku,dʊku,dʊku
dʊb,dʊbu,dʊbu,dʊbu,dʊbu
dʊd,dʊdu,dʊdu,dʊdu,dʊdu
dʊg,dʊgu,dʊgu,dʊgu,dʊgu
dʊf,dʊfu,dʊfu,dʊfu,dʊfu
dʊs,dʊsu,dʊsu,dʊsu,dʊsu
dʊv,dʊvu,dʊvu,dʊvu,dʊvu
dʊz,dʊzu,dʊzu,dʊzu,dʊzu
dʊʃ,dʊʃu,dʊʃu,dʊʃu,dʊʃu
dʊʒ,dʊʒu,dʊʒu,dʊʒu,dʊʒu
dʊθ,dʊθu,dʊθu,dʊθu,dʊθu
dʊð,dʊðu,dʊðu,dʊðu,dʊðu
gʊm,gʊmu,gʊmu,gʊmu,gʊmu
gʊn,gʊnu,gʊnu,gʊnu,gʊnu
gʊŋ,gʊŋu,gʊŋu,gʊŋu,gʊŋu
gʊp,gʊpu,gʊpu,gʊpu,gʊpu
gʊt,gʊtu,gʊtu,gʊtu,gʊtu
gʊk,gʊku,gʊku,gʊku,gʊku
gʊb,gʊbu,gʊbu,gʊbu,gʊbu
gʊd,gʊdu,gʊdu,gʊdu,gʊdu
gʊg,gʊgu,gʊgu,gʊgu,gʊgu
gʊf,gʊfu,gʊfu,gʊfu,gʊfu
gʊs,gʊsu,gʊsu,gʊsu,gʊsu
gʊv,gʊvu,gʊvu,gʊvu,gʊvu
gʊz,gʊzu,gʊzu,gʊzu,gʊzu
gʊʃ,gʊʃu,gʊʃu,gʊʃu,gʊʃu
gʊʒ,gʊʒu,gʊʒu,gʊʒu,gʊʒu
gʊθ,gʊθu,gʊθu,gʊθu,gʊθu
gʊð,gʊðu,gʊðu,gʊðu,gʊðu
fʊm,fʊmu,fʊmu,fʊmu,fʊmu
fʊn,fʊnu,fʊnu,fʊnu,fʊnu
fʊŋ,fʊŋu,fʊŋu,fʊŋu,fʊŋu
fʊp,fʊpu,fʊpu,fʊpu,fʊpu
fʊt,fʊtu,fʊtu,fʊtu,fʊtu
fʊk,fʊku,fʊku,fʊku,fʊku
fʊb,fʊbu,fʊbu,fʊbu,fʊbu
fʊd,fʊdu,fʊdu,fʊdu,fʊdu
fʊg,fʊgu,fʊgu,fʊgu,fʊgu
fʊf,fʊfu,fʊfu,fʊfu,fʊfu
fʊs,fʊsu,fʊsu,fʊsu,fʊsu
fʊv,fʊvu,fʊvu,fʊvu,fʊvu
fʊz,fʊzu,fʊzu,fʊzu,fʊzu
fʊʃ,fʊʃu,fʊʃu,fʊʃu,fʊʃu
fʊʒ,fʊʒu,fʊʒu,fʊʒu,fʊʒu
fʊθ,fʊθu,fʊθu,fʊθu,fʊθu
fʊð,fʊðu,fʊðu,fʊðu,fʊðu
sʊm,sʊmu,sʊmu,sʊmu,sʊmu
sʊn,sʊnu,sʊnu,sʊnu,sʊnu
sʊŋ,sʊŋu,sʊŋu,sʊŋu,sʊŋu
sʊp,sʊpu,sʊpu,sʊpu,sʊpu
sʊt,sʊtu,sʊtu,sʊtu,sʊtu
sʊk,sʊku,sʊku,sʊku,sʊku
sʊb,sʊbu,sʊbu,sʊbu,sʊbu
sʊd,sʊdu,sʊdu,sʊdu,sʊdu
sʊg,sʊgu,sʊgu,sʊgu,sʊgu
sʊf,sʊfu,sʊfu,sʊfu,sʊfu
sʊs,sʊsu,sʊsu,sʊsu,sʊsu
sʊv,sʊvu,sʊvu,sʊvu,sʊvu
sʊz,sʊzu,sʊzu,sʊzu,sʊzu
sʊʃ,sʊʃu,sʊʃu,sʊʃu,sʊʃu
sʊʒ,sʊʒu,sʊʒu,sʊʒu,sʊʒu
sʊθ,sʊθu,sʊθu,sʊθu,sʊθu
sʊð,sʊðu,sʊðu,sʊðu,sʊðu
vʊm,vʊmu,vʊmu,vʊmu,vʊmu
vʊn,vʊnu,vʊnu,vʊnu,vʊnu
vʊŋ,vʊŋu,vʊŋu,vʊŋu,vʊŋu
vʊp,vʊpu,vʊpu,vʊpu,vʊpu
vʊt,vʊtu,vʊtu,vʊtu,vʊtu
vʊk,vʊku,vʊku,vʊku,vʊku
vʊb,vʊbu,vʊbu,vʊbu,vʊbu
vʊd,vʊdu,vʊdu,vʊdu,vʊdu
vʊg,vʊgu,vʊgu,vʊgu,vʊgu
vʊf,vʊfu,vʊfu,vʊfu,vʊfu
vʊs,vʊsu,vʊsu,vʊsu,vʊsu
vʊv,vʊvu,vʊvu,vʊvu,vʊvu
vʊz,vʊzu,vʊzu,vʊzu,vʊzu
vʊʃ,vʊʃu,vʊʃu,vʊʃu,vʊʃu
vʊʒ,vʊʒu,vʊʒu,vʊʒu,vʊʒu
vʊθ,vʊθu,vʊθu,vʊθu,vʊθu
vʊð,vʊðu,vʊðu,vʊðu,vʊðu
zʊm,zʊmu,zʊmu,zʊmu,zʊmu
zʊn,zʊnu,zʊnu,zʊnu,zʊnu
zʊŋ,zʊŋu,zʊŋu,zʊŋu,zʊŋu
zʊp,zʊpu,zʊpu,zʊpu,zʊpu
zʊt,zʊtu,zʊtu,zʊtu,zʊtu
zʊk,zʊku,zʊku,zʊku,zʊku
zʊb,zʊbu,zʊbu,zʊbu,zʊbu
zʊd,zʊdu,zʊdu,zʊdu,zʊdu
zʊg,zʊgu,zʊgu,zʊgu,zʊgu
zʊf,zʊfu,zʊfu,zʊfu,zʊfu
zʊs,zʊsu,zʊsu,zʊsu,zʊsu
zʊv,zʊvu,zʊvu,zʊvu,zʊvu
zʊz,zʊzu,zʊzu,zʊzu,zʊzu
zʊʃ,zʊʃu,zʊʃu,zʊʃu,zʊʃu
zʊʒ,zʊʒu,zʊʒu,zʊʒu,zʊʒu
zʊθ,zʊθu,zʊθu,zʊθu,zʊθu
zʊð,zʊðu,zʊðu,zʊðu,zʊðu
ʃʊm,ʃʊmu,ʃʊmu,ʃʊmu,ʃʊmu
ʃʊn,ʃʊnu,ʃʊnu,ʃʊnu,ʃʊnu
ʃʊŋ,ʃʊŋu,ʃʊŋu,ʃʊŋu,ʃʊŋu
ʃʊp,ʃʊpu,ʃʊpu,ʃʊpu,ʃʊpu
ʃʊt,ʃʊtu,ʃʊtu,ʃʊtu,ʃʊtu
ʃʊk,ʃʊku,ʃʊku,ʃʊku,ʃʊku
ʃʊb,ʃʊbu,ʃʊbu,ʃʊbu,ʃʊbu
ʃʊd,ʃʊdu,ʃʊdu,ʃʊdu,ʃʊdu
ʃʊg,ʃʊgu,ʃʊgu,ʃʊgu,ʃʊgu
ʃʊf,ʃʊfu,ʃʊfu,ʃʊfu,ʃʊfu
ʃʊs,ʃʊsu,ʃʊsu,ʃʊsu,ʃʊsu
ʃʊv,ʃʊvu,ʃʊvu,ʃʊvu,ʃʊvu
ʃʊz,ʃʊzu,ʃʊzu,ʃʊzu,ʃʊzu
ʃʊʃ,ʃʊʃu,ʃʊʃu,ʃʊʃu,ʃʊʃu
ʃʊʒ,ʃʊʒu,ʃʊʒu,ʃʊʒu,ʃʊʒu
ʃʊθ,ʃʊθu,ʃʊθu,ʃʊθu,ʃʊθu
ʃʊð,ʃʊðu,ʃʊðu,ʃʊðu,ʃʊðu
ʒʊm,ʒʊmu,ʒʊmu,ʒʊmu,ʒʊmu
ʒʊn,ʒʊnu,ʒʊnu,ʒʊnu,ʒʊnu
ʒʊŋ,ʒʊŋu,ʒʊŋu,ʒʊŋu,ʒʊŋu
ʒʊp,ʒʊpu,ʒʊpu,ʒʊpu,ʒʊpu
ʒʊt,ʒʊtu,ʒʊtu,ʒʊtu,ʒʊtu
ʒʊk,ʒʊku,ʒʊku,ʒʊku,ʒʊku
ʒʊb,ʒʊbu,ʒʊbu,ʒʊbu,ʒʊbu
ʒʊd,ʒʊdu,ʒʊdu,ʒʊdu,ʒʊdu
ʒʊg,ʒʊgu,ʒʊgu,ʒʊgu,ʒʊgu
ʒʊf,ʒʊfu,ʒʊfu,ʒʊfu,ʒʊfu
ʒʊs,ʒʊsu,ʒʊsu,ʒʊsu,ʒʊsu
ʒʊv,ʒʊvu,ʒʊvu,ʒʊvu,ʒʊvu
ʒʊz,ʒʊzu,ʒʊzu,ʒʊzu,ʒʊzu
ʒʊʃ,ʒʊʃu,ʒʊʃu,ʒʊʃu,ʒʊʃu
ʒʊʒ,ʒʊʒu,ʒʊʒu,ʒʊʒu,ʒʊʒu
ʒʊθ,ʒʊθu,ʒʊθu,ʒʊθu,ʒʊθu
ʒʊð,ʒʊðu,ʒʊðu,ʒʊðu,ʒʊðu
θʊm,θʊmu,θʊmu,θʊmu,θʊmu
θʊn,θʊnu,θʊnu,θʊnu,θʊnu
θʊŋ,θʊŋu,θʊŋu,θʊŋu,θʊŋu
θʊp,θʊpu,θʊpu,θʊpu,θʊpu
θʊt,θʊtu,θʊtu,θʊtu,θʊtu
θʊk,θʊku,θʊku,θʊku,θʊku
θʊb,θʊbu,θʊbu,θʊbu,θʊbu
θʊd,θʊdu,θʊdu,θʊdu,θʊdu
θʊg,θʊgu,θʊgu,θʊgu,θʊgu
θʊf,θʊfu,θʊfu,θʊfu,θʊfu
θʊs,θʊsu,θʊsu,θʊsu,θʊsu
θʊv,θʊvu,θʊvu,θʊvu,θʊvu
θʊz,θʊzu,θʊzu,θʊzu,θʊzu
θʊʃ,θʊʃu,θʊʃu,θʊʃu,θʊʃu
θʊʒ,θʊʒu,θʊʒu,θʊʒu,θʊʒu
θʊθ,θʊθu,θʊθu,θʊθu,θʊθu
θʊð,θʊðu,θʊðu,θʊðu,θʊðu
ðʊm,ðʊmu,ðʊmu,ðʊmu,ðʊmu
ðʊn,ðʊnu,ðʊnu,ðʊnu,ðʊnu
ðʊŋ,ðʊŋu,ðʊŋu,ðʊŋu,ðʊŋu
ðʊp,ðʊpu,ðʊpu,ðʊpu,ðʊpu
ðʊt,ðʊtu,ðʊtu,ðʊtu,ðʊtu
ðʊk,ðʊku,ðʊku,ðʊku,ðʊku
ðʊb,ðʊbu,ðʊbu,ðʊbu,ðʊbu
ðʊd,ðʊdu,ðʊdu,ðʊdu,ðʊdu
ðʊg,ðʊgu,ðʊgu,ðʊgu,ðʊgu
ðʊf,ðʊfu,ðʊfu,ðʊfu,ðʊfu
ðʊs,ðʊsu,ðʊsu,ðʊsu,ðʊsu
ðʊv,ðʊvu,ðʊvu,ðʊvu,ðʊvu
ðʊz,ðʊzu,ðʊzu,ðʊzu,ðʊzu
ðʊʃ,ðʊʃu,ðʊʃu,ðʊʃu,ðʊʃu
ðʊʒ,ðʊʒu,ðʊʒu,ðʊʒu,ðʊʒu
ðʊθ,ðʊθu,ðʊθu,ðʊθu,ðʊθu
ðʊð,ðʊðu,ðʊðu,ðʊðu,ðʊðu
hʊm,hʊmu,hʊmu,hʊmu,hʊmu
hʊn,hʊnu,hʊnu,hʊnu,hʊnu
hʊŋ,hʊŋu,hʊŋu,hʊŋu,hʊŋu
hʊp,hʊpu,hʊpu,hʊpu,hʊpu
hʊt,hʊtu,hʊtu,hʊtu,hʊtu
hʊk,hʊku,hʊku,hʊku,hʊku
hʊb,hʊbu,hʊbu,hʊbu,hʊbu
hʊd,hʊdu,hʊdu,hʊdu,hʊdu
hʊg,hʊgu,hʊgu,hʊgu,hʊgu
hʊf,hʊfu,hʊfu,hʊfu,hʊfu
hʊs,hʊsu,hʊsu,hʊsu,hʊsu
hʊv,hʊvu,hʊvu,hʊvu,hʊvu
hʊz,hʊzu,hʊzu,hʊzu,hʊzu
hʊʃ,hʊʃu,hʊʃu,hʊʃu,hʊʃu
hʊʒ,hʊʒu,hʊʒu,hʊʒu,hʊʒu
hʊθ,hʊθu,hʊθu,hʊθu,hʊθu
hʊð,hʊðu,hʊðu,hʊðu,hʊðu
mʊm,mʊmoʊ,mʊmoʊ,mʊmo,mʊmo
mʊn,mʊnoʊ,mʊnoʊ,mʊno,mʊno
mʊŋ,mʊŋoʊ,mʊŋoʊ,mʊŋo,mʊŋo
mʊp,mʊpoʊ,mʊpoʊ,mʊpo,mʊpo
mʊt,mʊtoʊ,mʊtoʊ,mʊto,mʊto
mʊk,mʊkoʊ,mʊkoʊ,mʊko,mʊko
mʊb,mʊboʊ,mʊboʊ,mʊbo,mʊbo
mʊd,mʊdoʊ,mʊdoʊ,mʊdo,mʊdo
mʊg,mʊgoʊ,mʊgoʊ,mʊgo,mʊgo
mʊf,mʊfoʊ,mʊfoʊ,mʊfo,mʊfo
mʊs,mʊsoʊ,mʊsoʊ,mʊso,mʊso
mʊv,mʊvoʊ,mʊvoʊ,mʊvo,mʊvo
mʊz,mʊzoʊ,mʊzoʊ,mʊzo,mʊzo
mʊʃ,mʊʃoʊ,mʊʃoʊ,mʊʃo,mʊʃo
mʊʒ,mʊʒoʊ,mʊʒoʊ,mʊʒo,mʊʒo
mʊθ,mʊθoʊ,mʊθoʊ,mʊθo,mʊθo
mʊð,mʊðoʊ,mʊðoʊ,mʊðo,mʊðo
nʊm,nʊmoʊ,nʊmoʊ,nʊmo,nʊmo
nʊn,nʊnoʊ,nʊnoʊ,nʊno,nʊno
nʊŋ,nʊŋoʊ,nʊŋoʊ,nʊŋo,nʊŋo
nʊp,nʊpoʊ,nʊpoʊ,nʊpo,nʊpo
nʊt,nʊtoʊ,nʊtoʊ,nʊto,nʊto
nʊk,nʊkoʊ,nʊkoʊ,nʊko,nʊko
nʊb,nʊboʊ,nʊboʊ,nʊbo,nʊbo
nʊd,nʊdoʊ,nʊdoʊ,nʊdo,nʊdo
nʊg,nʊgoʊ,nʊgoʊ,nʊgo,nʊgo
nʊf,nʊfoʊ,nʊfoʊ,nʊfo,nʊfo
nʊs,nʊsoʊ,nʊsoʊ,nʊso,nʊso
nʊv,nʊvoʊ,nʊvoʊ,nʊvo,nʊvo
nʊz,nʊzoʊ,nʊzoʊ,nʊzo,nʊzo
nʊʃ,nʊʃoʊ,nʊʃoʊ,nʊʃo,nʊʃo
nʊʒ,nʊʒoʊ,nʊʒoʊ,nʊʒo,nʊʒo
nʊθ,nʊθoʊ,nʊθoʊ,nʊθo,nʊθo
nʊð,nʊðoʊ,nʊðoʊ,nʊðo,nʊðo
pʊm,pʊmoʊ,pʊmoʊ,pʊmo,pʊmo
pʊn,pʊnoʊ,pʊnoʊ,pʊno,pʊno
pʊŋ,pʊŋoʊ,pʊŋoʊ,pʊŋo,pʊŋo
pʊp,pʊpoʊ,pʊpoʊ,pʊpo,pʊpo
pʊt,pʊtoʊ,pʊtoʊ,pʊto,pʊto
pʊk,pʊkoʊ,pʊkoʊ,pʊko,pʊko
pʊb,pʊboʊ,pʊboʊ,pʊbo,pʊbo
pʊd,pʊdoʊ,pʊdoʊ,pʊdo,pʊdo
pʊg,pʊgoʊ,pʊgoʊ,pʊgo,pʊgo
pʊf,pʊfoʊ,pʊfoʊ,pʊfo,pʊfo
pʊs,pʊsoʊ,pʊsoʊ,pʊso,pʊso
pʊv,pʊvoʊ,pʊvoʊ,pʊvo,pʊvo
pʊz,pʊzoʊ,pʊzoʊ,pʊzo,pʊzo
pʊʃ,pʊʃoʊ,pʊʃoʊ,pʊʃo,pʊʃo
pʊʒ,pʊʒoʊ,pʊʒoʊ,pʊʒo,pʊʒo
pʊθ,pʊθoʊ,pʊθoʊ,pʊθo,pʊθo
pʊð,pʊðoʊ,pʊðoʊ,pʊðo,pʊðo
tʊm,tʊmoʊ,tʊmoʊ,tʊmo,tʊmo
tʊn,tʊnoʊ,tʊnoʊ,tʊno,tʊno
tʊŋ,tʊŋoʊ,tʊŋoʊ,tʊŋo,tʊŋo
tʊp,tʊpoʊ,tʊpoʊ,tʊpo,tʊpo
tʊt,tʊtoʊ,tʊtoʊ,tʊto,tʊto
tʊk,tʊkoʊ,tʊkoʊ,tʊko,tʊko
tʊb,tʊboʊ,tʊboʊ,tʊbo,tʊbo
tʊd,tʊdoʊ,tʊdoʊ,tʊdo,tʊdo
tʊg,tʊgoʊ,tʊgoʊ,tʊgo,tʊgo
tʊf,tʊfoʊ,tʊfoʊ,tʊfo,tʊfo
tʊs,tʊsoʊ,tʊsoʊ,tʊso,tʊso
tʊv,tʊvoʊ,tʊvoʊ,tʊvo,tʊvo
tʊz,tʊzoʊ,tʊzoʊ,tʊzo,tʊzo
tʊʃ,tʊʃoʊ,tʊʃoʊ,tʊʃo,tʊʃo
tʊʒ,tʊʒoʊ,tʊʒoʊ,tʊʒo,tʊʒo
tʊθ,tʊθoʊ,tʊθoʊ,tʊθo,tʊθo
tʊð,tʊðoʊ,tʊðoʊ,tʊðo,tʊðo
kʊm,kʊmoʊ,kʊmoʊ,kʊmo,kʊmo
kʊn,kʊnoʊ,kʊnoʊ,kʊno,kʊno
kʊŋ,kʊŋoʊ,kʊŋoʊ,kʊŋo,kʊŋo
kʊp,kʊpoʊ,kʊpoʊ,kʊpo,kʊpo
kʊt,kʊtoʊ,kʊtoʊ,kʊto,kʊto
kʊk,kʊkoʊ,kʊkoʊ,kʊko,kʊko
kʊb,kʊboʊ,kʊboʊ,kʊbo,kʊbo
kʊd,kʊdoʊ,kʊdoʊ,kʊdo,kʊdo
kʊg,kʊgoʊ,kʊgoʊ,kʊgo,kʊgo
kʊf,kʊfoʊ,kʊfoʊ,kʊfo,kʊfo
kʊs,kʊsoʊ,kʊsoʊ,kʊso,kʊso
kʊv,kʊvoʊ,kʊvoʊ,kʊvo,kʊvo
kʊz,kʊzoʊ,kʊzoʊ,kʊzo,kʊzo
kʊʃ,kʊʃoʊ,kʊʃoʊ,kʊʃo,kʊʃo
kʊʒ,kʊʒoʊ,kʊʒoʊ,kʊʒo,kʊʒo
kʊθ,kʊθoʊ,kʊθoʊ,kʊθo,kʊθo
kʊð,kʊðoʊ,kʊðoʊ,kʊðo,kʊðo
bʊm,bʊmoʊ,bʊmoʊ,bʊmo,bʊmo
bʊn,bʊnoʊ,bʊnoʊ,bʊno,bʊno
bʊŋ,bʊŋoʊ,bʊŋoʊ,bʊŋo,bʊŋo
bʊp,bʊpoʊ,bʊpoʊ,bʊpo,bʊpo
bʊt,bʊtoʊ,bʊtoʊ,bʊto,bʊto
bʊk,bʊkoʊ,bʊkoʊ,bʊko,bʊko
bʊb,bʊboʊ,bʊboʊ,bʊbo,bʊbo
bʊd,bʊdoʊ,bʊdoʊ,bʊdo,bʊdo
bʊg,bʊgoʊ,bʊgoʊ,bʊgo,bʊgo
bʊf,bʊfoʊ,bʊfoʊ,bʊfo,bʊfo
bʊs,bʊsoʊ,bʊsoʊ,bʊso,bʊso
bʊv,bʊvoʊ,bʊvoʊ,bʊvo,bʊvo
bʊz,bʊzoʊ,bʊzoʊ,bʊzo,bʊzo
bʊʃ,bʊʃoʊ,bʊʃoʊ,bʊʃo,bʊʃo
bʊʒ,bʊʒoʊ,bʊʒoʊ,bʊʒo,bʊʒo
bʊθ,bʊθoʊ,bʊθoʊ,bʊθo,bʊθo
bʊð,bʊðoʊ,bʊðoʊ,bʊðo,bʊðo
dʊm,dʊmoʊ,dʊmoʊ,dʊmo,dʊmo
dʊn,dʊnoʊ,dʊnoʊ,dʊno,dʊno
dʊŋ,dʊŋoʊ,dʊŋoʊ,dʊŋo,dʊŋo
dʊp,dʊpoʊ,dʊpoʊ,dʊpo,dʊpo
dʊt,dʊtoʊ,dʊtoʊ,dʊto,dʊto
dʊk,dʊkoʊ,dʊkoʊ,dʊko,dʊko
dʊb,dʊboʊ,dʊboʊ,dʊbo,dʊbo
dʊd,dʊdoʊ,dʊdoʊ,dʊdo,dʊdo
dʊg,dʊgoʊ,dʊgoʊ,dʊgo,dʊgo
dʊf,dʊfoʊ,dʊfoʊ,dʊfo,dʊfo
dʊs,dʊsoʊ,dʊsoʊ,dʊso,dʊso
dʊv,dʊvoʊ,dʊvoʊ,dʊvo,dʊvo
dʊz,dʊzoʊ,dʊzoʊ,dʊzo,dʊzo
dʊʃ,dʊʃoʊ,dʊʃoʊ,dʊʃo,dʊʃo
dʊʒ,dʊʒoʊ,dʊʒoʊ,dʊʒo,dʊʒo
dʊθ,dʊθoʊ,dʊθoʊ,dʊθo,dʊθo
dʊð,dʊðoʊ,dʊðoʊ,dʊðo,dʊðo
gʊm,gʊmoʊ,gʊmoʊ,gʊmo,gʊmo
gʊn,gʊnoʊ,gʊnoʊ,gʊno,gʊno
gʊŋ,gʊŋoʊ,gʊŋoʊ,gʊŋo,gʊŋo
gʊp,gʊpoʊ,gʊpoʊ,gʊpo,gʊpo
gʊt,gʊtoʊ,gʊtoʊ,gʊto,gʊto
gʊk,gʊkoʊ,gʊkoʊ,gʊko,gʊko
gʊb,gʊboʊ,gʊboʊ,gʊbo,gʊbo
gʊd,gʊdoʊ,gʊdoʊ,gʊdo,gʊdo
gʊg,gʊgoʊ,gʊgoʊ,gʊgo,gʊgo
gʊf,gʊfoʊ,gʊfoʊ,gʊfo,gʊfo
gʊs,gʊsoʊ,gʊsoʊ,gʊso,gʊso
gʊv,gʊvoʊ,gʊvoʊ,gʊvo,gʊvo
gʊz,gʊzoʊ,gʊzoʊ,gʊzo,gʊzo
gʊʃ,gʊʃoʊ,gʊʃoʊ,gʊʃo,gʊʃo
gʊʒ,gʊʒoʊ,gʊʒoʊ,gʊʒo,gʊʒo
gʊθ,gʊθoʊ,gʊθoʊ,gʊθo,gʊθo
gʊð,gʊðoʊ,gʊðoʊ,gʊðo,gʊðo
fʊm,fʊmoʊ,fʊmoʊ,fʊmo,fʊmo
fʊn,fʊnoʊ,fʊnoʊ,fʊno,fʊno
fʊŋ,fʊŋoʊ,fʊŋoʊ,fʊŋo,fʊŋo
fʊp,fʊpoʊ,fʊpoʊ,fʊpo,fʊpo
fʊt,fʊtoʊ,fʊtoʊ,fʊto,fʊto
fʊk,fʊkoʊ,fʊkoʊ,fʊko,fʊko
fʊb,fʊboʊ,fʊboʊ,fʊbo,fʊbo
fʊd,fʊdoʊ,fʊdoʊ,fʊdo,fʊdo
fʊg,fʊgoʊ,fʊgoʊ,fʊgo,fʊgo
fʊf,fʊfoʊ,fʊfoʊ,fʊfo,fʊfo
fʊs,fʊsoʊ,fʊsoʊ,fʊso,fʊso
fʊv,fʊvoʊ,fʊvoʊ,fʊvo,fʊvo
fʊz,fʊzoʊ,fʊzoʊ,fʊzo,fʊzo
fʊʃ,fʊʃoʊ,fʊʃoʊ,fʊʃo,fʊʃo
fʊʒ,fʊʒoʊ,fʊʒoʊ,fʊʒo,fʊʒo
fʊθ,fʊθoʊ,fʊθoʊ,fʊθo,fʊθo
fʊð,fʊðoʊ,fʊðoʊ,fʊðo,fʊðo
sʊm,sʊmoʊ,sʊmoʊ,sʊmo,sʊmo
sʊn,sʊnoʊ,sʊnoʊ,sʊno,sʊno
sʊŋ,sʊŋoʊ,sʊŋoʊ,sʊŋo,sʊŋo
sʊp,sʊpoʊ,sʊpoʊ,sʊpo,sʊpo
sʊt,sʊtoʊ,sʊtoʊ,sʊto,sʊto
sʊk,sʊkoʊ,sʊkoʊ,sʊko,sʊko
sʊb,sʊboʊ,sʊboʊ,sʊbo,sʊbo
sʊd,sʊdoʊ,sʊdoʊ,sʊdo,sʊdo
sʊg,sʊgoʊ,sʊgoʊ,sʊgo,sʊgo
sʊf,sʊfoʊ,sʊfoʊ,sʊfo,sʊfo
sʊs,sʊsoʊ,sʊsoʊ,sʊso,sʊso
sʊv,sʊvoʊ,sʊvoʊ,sʊvo,sʊvo
sʊz,sʊzoʊ,sʊzoʊ,sʊzo,sʊzo
sʊʃ,sʊʃoʊ,sʊʃoʊ,sʊʃo,sʊʃo
sʊʒ,sʊʒoʊ,sʊʒoʊ,sʊʒo,sʊʒo
sʊθ,sʊθoʊ,sʊθoʊ,sʊθo,sʊθo
sʊð,sʊðoʊ,sʊðoʊ,sʊðo,sʊðo
vʊm,vʊmoʊ,vʊmoʊ,vʊmo,vʊmo
vʊn,vʊnoʊ,vʊnoʊ,vʊno,vʊno
vʊŋ,vʊŋoʊ,vʊŋoʊ,vʊŋo,vʊŋo
vʊp,vʊpoʊ,vʊpoʊ,vʊpo,vʊpo
vʊt,vʊtoʊ,vʊtoʊ,vʊto,vʊto
vʊk,vʊkoʊ,vʊkoʊ,vʊko,vʊko
vʊb,vʊboʊ,vʊboʊ,vʊbo,vʊbo
vʊd,vʊdoʊ,vʊdoʊ,vʊdo,vʊdo
vʊg,vʊgoʊ,vʊgoʊ,vʊgo,vʊgo
vʊf,vʊfoʊ,vʊfoʊ,vʊfo,vʊfo
vʊs,vʊsoʊ,vʊsoʊ,vʊso,vʊso
vʊv,vʊvoʊ,vʊvoʊ,vʊvo,vʊvo
vʊz,vʊzoʊ,vʊzoʊ,vʊzo,vʊzo
vʊʃ,vʊʃoʊ,vʊʃoʊ,vʊʃo,vʊʃo
vʊʒ,vʊʒoʊ,vʊʒoʊ,vʊʒo,vʊʒo
vʊθ,vʊθoʊ,vʊθoʊ,vʊθo,vʊθo
vʊð,vʊðoʊ,vʊðoʊ,vʊðo,vʊðo
zʊm,zʊmoʊ,zʊmoʊ,zʊmo,zʊmo
zʊn,zʊnoʊ,zʊnoʊ,zʊno,zʊno
zʊŋ,zʊŋoʊ,zʊŋoʊ,zʊŋo,zʊŋo
zʊp,zʊpoʊ,zʊpoʊ,zʊpo,zʊpo
zʊt,zʊtoʊ,zʊtoʊ,zʊto,zʊto
zʊk,zʊkoʊ,zʊkoʊ,zʊko,zʊko
zʊb,zʊboʊ,zʊboʊ,zʊbo,zʊbo
zʊd,zʊdoʊ,zʊdoʊ,zʊdo,zʊdo
zʊg,zʊgoʊ,zʊgoʊ,zʊgo,zʊgo
zʊf,zʊfoʊ,zʊfoʊ,zʊfo,zʊfo
zʊs,zʊsoʊ,zʊsoʊ,zʊso,zʊso
zʊv,zʊvoʊ,zʊvoʊ,zʊvo,zʊvo
zʊz,zʊzoʊ,zʊzoʊ,zʊzo,zʊzo
zʊʃ,zʊʃoʊ,zʊʃoʊ,zʊʃo,zʊʃo
zʊʒ,zʊʒoʊ,zʊʒoʊ,zʊʒo,zʊʒo
zʊθ,zʊθoʊ,zʊθoʊ,zʊθo,zʊθo
zʊð,zʊðoʊ,zʊðoʊ,zʊðo,zʊðo
ʃʊm,ʃʊmoʊ,ʃʊmoʊ,ʃʊmo,ʃʊmo
ʃʊn,ʃʊnoʊ,ʃʊnoʊ,ʃʊno,ʃʊno
ʃʊŋ,ʃʊŋoʊ,ʃʊŋoʊ,ʃʊŋo,ʃʊŋo
ʃʊp,ʃʊpoʊ,ʃʊpoʊ,ʃʊpo,ʃʊpo
ʃʊt,ʃʊtoʊ,ʃʊtoʊ,ʃʊto,ʃʊto
ʃʊk,ʃʊkoʊ,ʃʊkoʊ,ʃʊko,ʃʊko
ʃʊb,ʃʊboʊ,ʃʊboʊ,ʃʊbo,ʃʊbo
ʃʊd,ʃʊdoʊ,ʃʊdoʊ,ʃʊdo,ʃʊdo
ʃʊg,ʃʊgoʊ,ʃʊgoʊ,ʃʊgo,ʃʊgo
ʃʊf,ʃʊfoʊ,ʃʊfoʊ,ʃʊfo,ʃʊfo
ʃʊs,ʃʊsoʊ,ʃʊsoʊ,ʃʊso,ʃʊso
ʃʊv,ʃʊvoʊ,ʃʊvoʊ,ʃʊvo,ʃʊvo
ʃʊz,ʃʊzoʊ,ʃʊzoʊ,ʃʊzo,ʃʊzo
ʃʊʃ,ʃʊʃoʊ,ʃʊʃoʊ,ʃʊʃo,ʃʊʃo
ʃʊʒ,ʃʊʒoʊ,ʃʊʒoʊ,ʃʊʒo,ʃʊʒo
ʃʊθ,ʃʊθoʊ,ʃʊθoʊ,ʃʊθo,ʃʊθo
ʃʊð,ʃʊðoʊ,ʃʊðoʊ,ʃʊðo,ʃʊðo
ʒʊm,ʒʊmoʊ,ʒʊmoʊ,ʒʊmo,ʒʊmo
ʒʊn,ʒʊnoʊ,ʒʊnoʊ,ʒʊno,ʒʊno
ʒʊŋ,ʒʊŋoʊ,ʒʊŋoʊ,ʒʊŋo,ʒʊŋo
ʒʊp,ʒʊpoʊ,ʒʊpoʊ,ʒʊpo,ʒʊpo
ʒʊt,ʒʊtoʊ,ʒʊtoʊ,ʒʊto,ʒʊto
ʒʊk,ʒʊkoʊ,ʒʊkoʊ,ʒʊko,ʒʊko
ʒʊb,ʒʊboʊ,ʒʊboʊ,ʒʊbo,ʒʊbo
ʒʊd,ʒʊdoʊ,ʒʊdoʊ,ʒʊdo,ʒʊdo
ʒʊg,ʒʊgoʊ,ʒʊgoʊ,ʒʊgo,ʒʊgo
ʒʊf,ʒʊfoʊ,ʒʊfoʊ,ʒʊfo,ʒʊfo
ʒʊs,ʒʊsoʊ,ʒʊsoʊ,ʒʊso,ʒʊso
ʒʊv,ʒʊvoʊ,ʒʊvoʊ,ʒʊvo,ʒʊvo
ʒʊz,ʒʊzoʊ,ʒʊzoʊ,ʒʊzo,ʒʊzo
ʒʊʃ,ʒʊʃoʊ,ʒʊʃoʊ,ʒʊʃo,ʒʊʃo
ʒʊʒ,ʒʊʒoʊ,ʒʊʒoʊ,ʒʊʒo,ʒʊʒo
ʒʊθ,ʒʊθoʊ,ʒʊθoʊ,ʒʊθo,ʒʊθo
ʒʊð,ʒʊðoʊ,ʒʊðoʊ,ʒʊðo,ʒʊðo
θʊm,θʊmoʊ,θʊmoʊ,θʊmo,θʊmo
θʊn,θʊnoʊ,θʊnoʊ,θʊno,θʊno
θʊŋ,θʊŋoʊ,θʊŋoʊ,θʊŋo,θʊŋo
θʊp,θʊpoʊ,θʊpoʊ,θʊpo,θʊpo
θʊt,θʊtoʊ,θʊtoʊ,θʊto,θʊto
θʊk,θʊkoʊ,θʊkoʊ,θʊko,θʊko
θʊb,θʊboʊ,θʊboʊ,θʊbo,θʊbo
θʊd,θʊdoʊ,θʊdoʊ,θʊdo,θʊdo
θʊg,θʊgoʊ,θʊgoʊ,θʊgo,θʊgo
θʊf,θʊfoʊ,θʊfoʊ,θʊfo,θʊfo
θʊs,θʊsoʊ,θʊsoʊ,θʊso,θʊso
θʊv,θʊvoʊ,θʊvoʊ,θʊvo,θʊvo
θʊz,θʊzoʊ,θʊzoʊ,θʊzo,θʊzo
θʊʃ,θʊʃoʊ,θʊʃoʊ,θʊʃo,θʊʃo
θʊʒ,θʊʒoʊ,θʊʒoʊ,θʊʒo,θʊʒo
θʊθ,θʊθoʊ,θʊθoʊ,θʊθo,θʊθo
θʊð,θʊðoʊ,θʊðoʊ,θʊðo,θʊðo
ðʊm,ðʊmoʊ,ðʊmoʊ,ðʊmo,ðʊmo
ðʊn,ðʊnoʊ,ðʊnoʊ,ðʊno,ðʊno
ðʊŋ,ðʊŋoʊ,ðʊŋoʊ,ðʊŋo,ðʊŋo
ðʊp,ðʊpoʊ,ðʊpoʊ,ðʊpo,ðʊpo
ðʊt,ðʊtoʊ,ðʊtoʊ,ðʊto,ðʊto
ðʊk,ðʊkoʊ,ðʊkoʊ,ðʊko,ðʊko
ðʊb,ðʊboʊ,ðʊboʊ,ðʊbo,ðʊbo
ðʊd,ðʊdoʊ,ðʊdoʊ,ðʊdo,ðʊdo
ðʊg,ðʊgoʊ,ðʊgoʊ,ðʊgo,ðʊgo
ðʊf,ðʊfoʊ,ðʊfoʊ,ðʊfo,ðʊfo
ðʊs,ðʊsoʊ,ðʊsoʊ,ðʊso,ðʊso
ðʊv,ðʊvoʊ,ðʊvoʊ,ðʊvo,ðʊvo
ðʊz,ðʊzoʊ,ðʊzoʊ,ðʊzo,ðʊzo
ðʊʃ,ðʊʃoʊ,ðʊʃoʊ,ðʊʃo,ðʊʃo
ðʊʒ,ðʊʒoʊ,ðʊʒoʊ,ðʊʒo,ðʊʒo
ðʊθ,ðʊθoʊ,ðʊθoʊ,ðʊθo,ðʊθo
ðʊð,ðʊðoʊ,ðʊðoʊ,ðʊðo,ðʊðo
hʊm,hʊmoʊ,hʊmoʊ,hʊmo,hʊmo
hʊn,hʊnoʊ,hʊnoʊ,hʊno,hʊno
hʊŋ,hʊŋoʊ,hʊŋoʊ,hʊŋo,hʊŋo
hʊp,hʊpoʊ,hʊpoʊ,hʊpo,hʊpo
hʊt,hʊtoʊ,hʊtoʊ,hʊto,hʊto
hʊk,hʊkoʊ,hʊkoʊ,hʊko,hʊko
hʊb,hʊboʊ,hʊboʊ,hʊbo,hʊbo
hʊd,hʊdoʊ,hʊdoʊ,hʊdo,hʊdo
hʊg,hʊgoʊ,hʊgoʊ,hʊgo,hʊgo
hʊf,hʊfoʊ,hʊfoʊ,hʊfo,hʊfo
hʊs,hʊsoʊ,hʊsoʊ,hʊso,hʊso
hʊv,hʊvoʊ,hʊvoʊ,hʊvo,hʊvo
hʊz,hʊzoʊ,hʊzoʊ,hʊzo,hʊzo
hʊʃ,hʊʃoʊ,hʊʃoʊ,hʊʃo,hʊʃo
hʊʒ,hʊʒoʊ,hʊʒoʊ,hʊʒo,hʊʒo
hʊθ,hʊθoʊ,hʊθoʊ,hʊθo,hʊθo
hʊð,hʊðoʊ,hʊðoʊ,hʊðo,hʊðo
mɔm,mɔmi,mɔmu,mɔmi,mɔmu
mɔn,mɔni,mɔnu,mɔni,mɔnu
mɔŋ,mɔŋi,mɔŋu,mɔŋi,mɔŋu
mɔp,mɔpi,mɔpu,mɔpi,mɔpu
mɔt,mɔti,mɔtu,mɔti,mɔtu
mɔk,mɔki,mɔku,mɔki,mɔku
mɔb,mɔbi,mɔbu,mɔbi,mɔbu
mɔd,mɔdi,mɔdu,mɔdi,mɔdu
mɔg,mɔgi,mɔgu,mɔgi,mɔgu
mɔf,mɔfi,mɔfu,mɔfi,mɔfu
mɔs,mɔsi,mɔsu,mɔsi,mɔsu
mɔv,mɔvi,mɔvu,mɔvi,mɔvu
mɔz,mɔzi,mɔzu,mɔzi,mɔzu
mɔʃ,mɔʃi,mɔʃu,mɔʃi,mɔʃu
mɔʒ,mɔʒi,mɔʒu,mɔʒi,mɔʒu
mɔθ,mɔθi,mɔθu,mɔθi,mɔθu
mɔð,mɔði,mɔðu,mɔði,mɔðu
nɔm,nɔmi,nɔmu,nɔmi,nɔmu
nɔn,nɔni,nɔnu,nɔni,nɔnu
nɔŋ,nɔŋi,nɔŋu,nɔŋi,nɔŋu
nɔp,nɔpi,nɔpu,nɔpi,nɔpu
nɔt,nɔti,nɔtu,nɔti,nɔtu
nɔk,nɔki,nɔku,nɔki,nɔku
nɔb,nɔbi,nɔbu,nɔbi,nɔbu
nɔd,nɔdi,nɔdu,nɔdi,nɔdu
nɔg,nɔgi,nɔgu,nɔgi,nɔgu
nɔf,nɔfi,nɔfu,nɔfi,nɔfu
nɔs,nɔsi,nɔsu,nɔsi,nɔsu
nɔv,nɔvi,nɔvu,nɔvi,nɔvu
nɔz,nɔzi,nɔzu,nɔzi,nɔzu
nɔʃ,nɔʃi,nɔʃu,nɔʃi,nɔʃu
nɔʒ,nɔʒi,nɔʒu,nɔʒi,nɔʒu
nɔθ,nɔθi,nɔθu,nɔθi,nɔθu
nɔð,nɔði,nɔðu,nɔði,nɔðu
pɔm,pɔmi,pɔmu,pɔmi,pɔmu
pɔn,pɔni,pɔnu,pɔni,pɔnu
pɔŋ,pɔŋi,pɔŋu,pɔŋi,pɔŋu
pɔp,pɔpi,pɔpu,pɔpi,pɔpu
pɔt,pɔti,pɔtu,pɔti,pɔtu
pɔk,pɔki,pɔku,pɔki,pɔku
pɔb,pɔbi,pɔbu,pɔbi,pɔbu
pɔd,pɔdi,pɔdu,pɔdi,pɔdu
pɔg,pɔgi,pɔgu,pɔgi,pɔgu
pɔf,pɔfi,pɔfu,pɔfi,pɔfu
pɔs,pɔsi,pɔsu,pɔsi,pɔsu
pɔv,pɔvi,pɔvu,pɔvi,pɔvu
pɔz,pɔzi,pɔzu,pɔzi,pɔzu
pɔʃ,pɔʃi,pɔʃu,pɔʃi,pɔʃu
pɔʒ,pɔʒi,pɔʒu,pɔʒi,pɔʒu
pɔθ,pɔθi,pɔθu,pɔθi,pɔθu
pɔð,pɔði,pɔðu,pɔði,pɔðu
tɔm,tɔmi,tɔmu,tɔmi,tɔmu
tɔn,tɔni,tɔnu,tɔni,tɔnu
tɔŋ,tɔŋi,tɔŋu,tɔŋi,tɔŋu
tɔp,tɔpi,tɔpu,tɔpi,tɔpu
tɔt,tɔti,tɔtu,tɔti,tɔtu
tɔk,tɔki,tɔku,tɔki,tɔku
tɔb,tɔbi,tɔbu,tɔbi,tɔbu
tɔd,tɔdi,tɔdu,tɔdi,tɔdu
tɔg,tɔgi,tɔgu,tɔgi,tɔgu
tɔf,tɔfi,tɔfu,tɔfi,tɔfu
tɔs,tɔsi,tɔsu,tɔsi,tɔsu
tɔv,tɔvi,tɔvu,tɔvi,tɔvu
tɔz,tɔzi,tɔzu,tɔzi,tɔzu
tɔʃ,tɔʃi,tɔʃu,tɔʃi,tɔʃu
tɔʒ,tɔʒi,tɔʒu,tɔʒi,tɔʒu
tɔθ,tɔθi,tɔθu,tɔθi,tɔθu
tɔð,tɔði,tɔðu,tɔði,tɔðu
kɔm,kɔmi,kɔmu,kɔmi,kɔmu
kɔn,kɔni,kɔnu,kɔni,kɔnu
kɔŋ,kɔŋi,kɔŋu,kɔŋi,kɔŋu
kɔp,kɔpi,kɔpu,kɔpi,kɔpu
kɔt,kɔti,kɔtu,kɔti,kɔtu
kɔk,kɔki,kɔku,kɔki,kɔku
kɔb,kɔbi,kɔbu,kɔbi,kɔbu
kɔd,kɔdi,kɔdu,kɔdi,kɔdu
kɔg,kɔgi,kɔgu,kɔgi,kɔgu
kɔf,kɔfi,kɔfu,kɔfi,kɔfu
kɔs,kɔsi,kɔsu,kɔsi,kɔsu
kɔv,kɔvi,kɔvu,kɔvi,kɔvu
kɔz,kɔzi,kɔzu,kɔzi,kɔzu
kɔʃ,kɔʃi,kɔʃu,kɔʃi,kɔʃu
kɔʒ,kɔʒi,kɔʒu,kɔʒi,kɔʒu
kɔθ,kɔθi,kɔθu,kɔθi,kɔθu
kɔð,kɔði,kɔðu,kɔði,kɔðu
bɔm,bɔmi,bɔmu,bɔmi,bɔmu
bɔn,bɔni,bɔnu,bɔni,bɔnu
bɔŋ,bɔŋi,bɔŋu,bɔŋi,bɔŋu
bɔp,bɔpi,bɔpu,bɔpi,bɔpu
bɔt,bɔti,bɔtu,bɔti,bɔtu
bɔk,bɔki,bɔku,bɔki,bɔku
bɔb,bɔbi,bɔbu,bɔbi,bɔbu
bɔd,bɔdi,bɔdu,bɔdi,bɔdu
bɔg,bɔgi,bɔgu,bɔgi,bɔgu
bɔf,bɔfi,bɔfu,bɔfi,bɔfu
bɔs,bɔsi,bɔsu,bɔsi,bɔsu
bɔv,bɔvi,bɔvu,bɔvi,bɔvu
bɔz,bɔzi,bɔzu,bɔzi,bɔzu
bɔʃ,bɔʃi,bɔʃu,bɔʃi,bɔʃu
bɔʒ,bɔʒi,bɔʒu,bɔʒi,bɔʒu
bɔθ,bɔθi,bɔθu,bɔθi,bɔθu
bɔð,bɔði,bɔðu,bɔði,bɔðu
dɔm,dɔmi,dɔmu,dɔmi,dɔmu
dɔn,dɔni,dɔnu,dɔni,dɔnu
dɔŋ,dɔŋi,dɔŋu,dɔŋi,dɔŋu
dɔp,dɔpi,dɔpu,dɔpi,dɔpu
dɔt,dɔti,dɔtu,dɔti,dɔtu
dɔk,dɔki,dɔku,dɔki,dɔku
dɔb,dɔbi,dɔbu,dɔbi,dɔbu
dɔd,dɔdi,dɔdu,dɔdi,dɔdu
dɔg,dɔgi,dɔgu,dɔgi,dɔgu
dɔf,dɔfi,dɔfu,dɔfi,dɔfu
dɔs,dɔsi,dɔsu,dɔsi,dɔsu
dɔv,dɔvi,dɔvu,dɔvi,dɔvu
dɔz,dɔzi,dɔzu,dɔzi,dɔzu
dɔʃ,dɔʃi,dɔʃu,dɔʃi,dɔʃu
dɔʒ,dɔʒi,dɔʒu,dɔʒi,dɔʒu
dɔθ,dɔθi,dɔθu,dɔθi,dɔθu
dɔð,dɔði,dɔðu,dɔði,dɔðu
gɔm,gɔmi,gɔmu,gɔmi,gɔmu
gɔn,gɔni,gɔnu,gɔni,gɔnu
gɔŋ,gɔŋi,gɔŋu,gɔŋi,gɔŋu
gɔp,gɔpi,gɔpu,gɔpi,gɔpu
gɔt,gɔti,gɔtu,gɔti,gɔtu
gɔk,gɔki,gɔku,gɔki,gɔku
gɔb,gɔbi,gɔbu,gɔbi,gɔbu
gɔd,gɔdi,gɔdu,gɔdi,gɔdu
gɔg,gɔgi,gɔgu,gɔgi,gɔgu
gɔf,gɔfi,gɔfu,gɔfi,gɔfu
gɔs,gɔsi,gɔsu,gɔsi,gɔsu
gɔv,gɔvi,gɔvu,gɔvi,gɔvu
gɔz,gɔzi,gɔzu,gɔzi,gɔzu
gɔʃ,gɔʃi,gɔʃu,gɔʃi,gɔʃu
gɔʒ,gɔʒi,gɔʒu,gɔʒi,gɔʒu
gɔθ,gɔθi,gɔθu,gɔθi,gɔθu
gɔð,gɔði,gɔðu,gɔði,gɔðu
fɔm,fɔmi,fɔmu,fɔmi,fɔmu
fɔn,fɔni,fɔnu,fɔni,fɔnu
fɔŋ,fɔŋi,fɔŋu,fɔŋi,fɔŋu
fɔp,fɔpi,fɔpu,fɔpi,fɔpu
fɔt,fɔti,fɔtu,fɔti,fɔtu
fɔk,fɔki,fɔku,fɔki,fɔku
fɔb,fɔbi,fɔbu,fɔbi,fɔbu
fɔd,fɔdi,fɔdu,fɔdi,fɔdu
fɔg,fɔgi,fɔgu,fɔgi,fɔgu
fɔf,fɔfi,fɔfu,fɔfi,fɔfu
fɔs,fɔsi,fɔsu,fɔsi,fɔsu
fɔv,fɔvi,fɔvu,fɔvi,fɔvu
fɔz,fɔzi,fɔzu,fɔzi,fɔzu
fɔʃ,fɔʃi,fɔʃu,fɔʃi,fɔʃu
fɔʒ,fɔʒi,fɔʒu,fɔʒi,fɔʒu
fɔθ,fɔθi,fɔθu,fɔθi,fɔθu
fɔð,fɔði,fɔðu,fɔði,fɔðu
sɔm,sɔmi,sɔmu,sɔmi,sɔmu
sɔn,sɔni,sɔnu,sɔni,sɔnu
sɔŋ,sɔŋi,sɔŋu,sɔŋi,sɔŋu
sɔp,sɔpi,sɔpu,sɔpi,sɔpu
sɔt,sɔti,sɔtu,sɔti,sɔtu
sɔk,sɔki,sɔku,sɔki,sɔku
sɔb,sɔbi,sɔbu,sɔbi,sɔbu
sɔd,sɔdi,sɔdu,sɔdi,sɔdu
sɔg,sɔgi,sɔgu,sɔgi,sɔgu
sɔf,sɔfi,sɔfu,sɔfi,sɔfu
sɔs,sɔsi,sɔsu,sɔsi,sɔsu
sɔv,sɔvi,sɔvu,sɔvi,sɔvu
sɔz,sɔzi,sɔzu,sɔzi,sɔzu
sɔʃ,sɔʃi,sɔʃu,sɔʃi,sɔʃu
sɔʒ,sɔʒi,sɔʒu,sɔʒi,sɔʒu
sɔθ,sɔθi,sɔθu,sɔθi,sɔθu
sɔð,sɔði,sɔðu,sɔði,sɔðu
vɔm,vɔmi,vɔmu,vɔmi,vɔmu
vɔn,vɔni,vɔnu,vɔni,vɔnu
vɔŋ,vɔŋi,vɔŋu,vɔŋi,vɔŋu
vɔp,vɔpi,vɔpu,vɔpi,vɔpu
vɔt,vɔti,vɔtu,vɔti,vɔtu
vɔk,vɔki,vɔku,vɔki,vɔku
vɔb,vɔbi,vɔbu,vɔbi,vɔbu
vɔd,vɔdi,vɔdu,vɔdi,vɔdu
vɔg,vɔgi,vɔgu,vɔgi,vɔgu
vɔf,vɔfi,vɔfu,vɔfi,vɔfu
vɔs,vɔsi,vɔsu,vɔsi,vɔsu
vɔv,vɔvi,vɔvu,vɔvi,vɔvu
vɔz,vɔzi,vɔzu,vɔzi,vɔzu
vɔʃ,vɔʃi,vɔʃu,vɔʃi,vɔʃu
vɔʒ,vɔʒi,vɔʒu,vɔʒi,vɔʒu
vɔθ,vɔθi,vɔθu,vɔθi,vɔθu
vɔð,vɔði,vɔðu,vɔði,vɔðu
zɔm,zɔmi,zɔmu,zɔmi,zɔmu
zɔn,zɔni,zɔnu,zɔni,zɔnu
zɔŋ,zɔŋi,zɔŋu,zɔŋi,zɔŋu
zɔp,zɔpi,zɔpu,zɔpi,zɔpu
zɔt,zɔti,zɔtu,zɔti,zɔtu
zɔk,zɔki,zɔku,zɔki,zɔku
zɔb,zɔbi,zɔbu,zɔbi,zɔbu
zɔd,zɔdi,zɔdu,zɔdi,zɔdu
zɔg,zɔgi,zɔgu,zɔgi,zɔgu
zɔf,zɔfi,zɔfu,zɔfi,zɔfu
zɔs,zɔsi,zɔsu,zɔsi,zɔsu
zɔv,zɔvi,zɔvu,zɔvi,zɔvu
zɔz,zɔzi,zɔzu,zɔzi,zɔzu
zɔʃ,zɔʃi,zɔʃu,zɔʃi,zɔʃu
zɔʒ,zɔʒi,zɔʒu,zɔʒi,zɔʒu
zɔθ,zɔθi,zɔθu,zɔθi,zɔθu
zɔð,zɔði,zɔðu,zɔði,zɔðu
ʃɔm,ʃɔmi,ʃɔmu,ʃɔmi,ʃɔmu
ʃɔn,ʃɔni,ʃɔnu,ʃɔni,ʃɔnu
ʃɔŋ,ʃɔŋi,ʃɔŋu,ʃɔŋi,ʃɔŋu
ʃɔp,ʃɔpi,ʃɔpu,ʃɔpi,ʃɔpu
ʃɔt,ʃɔti,ʃɔtu,ʃɔti,ʃɔtu
ʃɔk,ʃɔki,ʃɔku,ʃɔki,ʃɔku
ʃɔb,ʃɔbi,ʃɔbu,ʃɔbi,ʃɔbu
ʃɔd,ʃɔdi,ʃɔdu,ʃɔdi,ʃɔdu
ʃɔg,ʃɔgi,ʃɔgu,ʃɔgi,ʃɔgu
ʃɔf,ʃɔfi,ʃɔfu,ʃɔfi,ʃɔfu
ʃɔs,ʃɔsi,ʃɔsu,ʃɔsi,ʃɔsu
ʃɔv,ʃɔvi,ʃɔvu,ʃɔvi,ʃɔvu
ʃɔz,ʃɔzi,ʃɔzu,ʃɔzi,ʃɔzu
ʃɔʃ,ʃɔʃi,ʃɔʃu,ʃɔʃi,ʃɔʃu
ʃɔʒ,ʃɔʒi,ʃɔʒu,ʃɔʒi,ʃɔʒu
ʃɔθ,ʃɔθi,ʃɔθu,ʃɔθi,ʃɔθu
ʃɔð,ʃɔði,ʃɔðu,ʃɔði,ʃɔðu
ʒɔm,ʒɔmi,ʒɔmu,ʒɔmi,ʒɔmu
ʒɔn,ʒɔni,ʒɔnu,ʒɔni,ʒɔnu
ʒɔŋ,ʒɔŋi,ʒɔŋu,ʒɔŋi,ʒɔŋu
ʒɔp,ʒɔpi,ʒɔpu,ʒɔpi,ʒɔpu
ʒɔt,ʒɔti,ʒɔtu,ʒɔti,ʒɔtu
ʒɔk,ʒɔki,ʒɔku,ʒɔki,ʒɔku
ʒɔb,ʒɔbi,ʒɔbu,ʒɔbi,ʒɔbu
ʒɔd,ʒɔdi,ʒɔdu,ʒɔdi,ʒɔdu
ʒɔg,ʒɔgi,ʒɔgu,ʒɔgi,ʒɔgu
ʒɔf,ʒɔfi,ʒɔfu,ʒɔfi,ʒɔfu
ʒɔs,ʒɔsi,ʒɔsu,ʒɔsi,ʒɔsu
ʒɔv,ʒɔvi,ʒɔvu,ʒɔvi,ʒɔvu
ʒɔz,ʒɔzi,ʒɔzu,ʒɔzi,ʒɔzu
ʒɔʃ,ʒɔʃi,ʒɔʃu,ʒɔʃi,ʒɔʃu
ʒɔʒ,ʒɔʒi,ʒɔʒu,ʒɔʒi,ʒɔʒu
ʒɔθ,ʒɔθi,ʒɔθu,ʒɔθi,ʒɔθu
ʒɔð,ʒɔði,ʒɔðu,ʒɔði,ʒɔðu
θɔm,θɔmi,θɔmu,θɔmi,θɔmu
θɔn,θɔni,θɔnu,θɔni,θɔnu
θɔŋ,θɔŋi,θɔŋu,θɔŋi,θɔŋu
θɔp,θɔpi,θɔpu,θɔpi,θɔpu
θɔt,θɔti,θɔtu,θɔti,θɔtu
θɔk,θɔki,θɔku,θɔki,θɔku
θɔb,θɔbi,θɔbu,θɔbi,θɔbu
θɔd,θɔdi,θɔdu,θɔdi,θɔdu
θɔg,θɔgi,θɔgu,θɔgi,θɔgu
θɔf,θɔfi,θɔfu,θɔfi,θɔfu
θɔs,θɔsi,θɔsu,θɔsi,θɔsu
θɔv,θɔvi,θɔvu,θɔvi,θɔvu
θɔz,θɔzi,θɔzu,θɔzi,θɔzu
θɔʃ,θɔʃi,θɔʃu,θɔʃi,θɔʃu
θɔʒ,θɔʒi,θɔʒu,θɔʒi,θɔʒu
θɔθ,θɔθi,θɔθu,θɔθi,θɔθu
θɔð,θɔði,θɔðu,θɔði,θɔðu
ðɔm,ðɔmi,ðɔmu,ðɔmi,ðɔmu
ðɔn,ðɔni,ðɔnu,ðɔni,ðɔnu
ðɔŋ,ðɔŋi,ðɔŋu,ðɔŋi,ðɔŋu
ðɔp,ðɔpi,ðɔpu,ðɔpi,ðɔpu
ðɔt,ðɔti,ðɔtu,ðɔti,ðɔtu
ðɔk,ðɔki,ðɔku,ðɔki,ðɔku
ðɔb,ðɔbi,ðɔbu,ðɔbi,ðɔbu
ðɔd,ðɔdi,ðɔdu,ðɔdi,ðɔdu
ðɔg,ðɔgi,ðɔgu,ðɔgi,ðɔgu
ðɔf,ðɔfi,ðɔfu,ðɔfi,ðɔfu
ðɔs,ðɔsi,ðɔsu,ðɔsi,ðɔsu
ðɔv,ðɔvi,ðɔvu,ðɔvi,ðɔvu
ðɔz,ðɔzi,ðɔzu,ðɔzi,ðɔzu
ðɔʃ,ðɔʃi,ðɔʃu,ðɔʃi,ðɔʃu
ðɔʒ,ðɔʒi,ðɔʒu,ðɔʒi,ðɔʒu
ðɔθ,ðɔθi,ðɔθu,ðɔθi,ðɔθu
ðɔð,ðɔði,ðɔðu,ðɔði,ðɔðu
hɔm,hɔmi,hɔmu,hɔmi,hɔmu
hɔn,hɔni,hɔnu,hɔni,hɔnu
hɔŋ,hɔŋi,hɔŋu,hɔŋi,hɔŋu
hɔp,hɔpi,hɔpu,hɔpi,hɔpu
hɔt,hɔti,hɔtu,hɔti,hɔtu
hɔk,hɔki,hɔku,hɔki,hɔku
hɔb,hɔbi,hɔbu,hɔbi,hɔbu
hɔd,hɔdi,hɔdu,hɔdi,hɔdu
hɔg,hɔgi,hɔgu,hɔgi,hɔgu
hɔf,hɔfi,hɔfu,hɔfi,hɔfu
hɔs,hɔsi,hɔsu,hɔsi,hɔsu
hɔv,hɔvi,hɔvu,hɔvi,hɔvu
hɔz,hɔzi,hɔzu,hɔzi,hɔzu
hɔʃ,hɔʃi,hɔʃu,hɔʃi,hɔʃu
hɔʒ,hɔʒi,hɔʒu,hɔʒi,hɔʒu
hɔθ,hɔθi,hɔθu,hɔθi,hɔθu
hɔð,hɔði,hɔðu,hɔði,hɔðu
mɔm,mɔmeɪ,mɔmoʊ,mɔme,mɔmo
mɔn,mɔneɪ,mɔnoʊ,mɔne,mɔno
mɔŋ,mɔŋeɪ,mɔŋoʊ,mɔŋe,mɔŋo
mɔp,mɔpeɪ,mɔpoʊ,mɔpe,mɔpo
mɔt,mɔteɪ,mɔtoʊ,mɔte,mɔto
mɔk,mɔkeɪ,mɔkoʊ,mɔke,mɔko
mɔb,mɔbeɪ,mɔboʊ,mɔbe,mɔbo
mɔd,mɔdeɪ,mɔdoʊ,mɔde,mɔdo
mɔg,mɔgeɪ,mɔgoʊ,mɔge,mɔgo
mɔf,mɔfeɪ,mɔfoʊ,mɔfe,mɔfo
mɔs,mɔseɪ,mɔsoʊ,mɔse,mɔso
mɔv,mɔveɪ,mɔvoʊ,mɔve,mɔvo
mɔz,mɔzeɪ,mɔzoʊ,mɔze,mɔzo
mɔʃ,mɔʃeɪ,mɔʃoʊ,mɔʃe,mɔʃo
mɔʒ,mɔʒeɪ,mɔʒoʊ,mɔʒe,mɔʒo
mɔθ,mɔθeɪ,mɔθoʊ,mɔθe,mɔθo
mɔð,mɔðeɪ,mɔðoʊ,mɔðe,mɔðo
nɔm,nɔmeɪ,nɔmoʊ,nɔme,nɔmo
nɔn,nɔneɪ,nɔnoʊ,nɔne,nɔno
nɔŋ,nɔŋeɪ,nɔŋoʊ,nɔŋe,nɔŋo
nɔp,nɔpeɪ,nɔpoʊ,nɔpe,nɔpo
nɔt,nɔteɪ,nɔtoʊ,nɔte,nɔto
nɔk,nɔkeɪ,nɔkoʊ,nɔke,nɔko
nɔb,nɔbeɪ,nɔboʊ,nɔbe,nɔbo
nɔd,nɔdeɪ,nɔdoʊ,nɔde,nɔdo
nɔg,nɔgeɪ,nɔgoʊ,nɔge,nɔgo
nɔf,nɔfeɪ,nɔfoʊ,nɔfe,nɔfo
nɔs,nɔseɪ,nɔsoʊ,nɔse,nɔso
nɔv,nɔveɪ,nɔvoʊ,nɔve,nɔvo
nɔz,nɔzeɪ,nɔzoʊ,nɔze,nɔzo
nɔʃ,nɔʃeɪ,nɔʃoʊ,nɔʃe,nɔʃo
nɔʒ,nɔʒeɪ,nɔʒoʊ,nɔʒe,nɔʒo
nɔθ,nɔθeɪ,nɔθoʊ,nɔθe,nɔθo
nɔð,nɔðeɪ,nɔðoʊ,nɔðe,nɔðo
pɔm,pɔmeɪ,pɔmoʊ,pɔme,pɔmo
pɔn,pɔneɪ,pɔnoʊ,pɔne,pɔno
pɔŋ,pɔŋeɪ,pɔŋoʊ,pɔŋe,pɔŋo
pɔp,pɔpeɪ,pɔpoʊ,pɔpe,pɔpo
pɔt,pɔteɪ,pɔtoʊ,pɔte,pɔto
pɔk,pɔkeɪ,pɔkoʊ,pɔke,pɔko
pɔb,pɔbeɪ,pɔboʊ,pɔbe,pɔbo
pɔd,pɔdeɪ,pɔdoʊ,pɔde,pɔdo
pɔg,pɔgeɪ,pɔgoʊ,pɔge,pɔgo
pɔf,pɔfeɪ,pɔfoʊ,pɔfe,pɔfo
pɔs,pɔseɪ,pɔsoʊ,pɔse,pɔso
pɔv,pɔveɪ,pɔvoʊ,pɔve,pɔvo
pɔz,pɔzeɪ,pɔzoʊ,pɔze,pɔzo
pɔʃ,pɔʃeɪ,pɔʃoʊ,pɔʃe,pɔʃo
pɔʒ,pɔʒeɪ,pɔʒoʊ,pɔʒe,pɔʒo
pɔθ,pɔθeɪ,pɔθoʊ,pɔθe,pɔθo
pɔð,pɔðeɪ,pɔðoʊ,pɔðe,pɔðo
tɔm,tɔmeɪ,tɔmoʊ,tɔme,tɔmo
tɔn,tɔneɪ,tɔnoʊ,tɔne,tɔno
tɔŋ,tɔŋeɪ,tɔŋoʊ,tɔŋe,tɔŋo
tɔp,tɔpeɪ,tɔpoʊ,tɔpe,tɔpo
tɔt,tɔteɪ,tɔtoʊ,tɔte,tɔto
tɔk,tɔkeɪ,tɔkoʊ,tɔke,tɔko
tɔb,tɔbeɪ,tɔboʊ,tɔbe,tɔbo
tɔd,tɔdeɪ,tɔdoʊ,tɔde,tɔdo
tɔg,tɔgeɪ,tɔgoʊ,tɔge,tɔgo
tɔf,tɔfeɪ,tɔfoʊ,tɔfe,tɔfo
tɔs,tɔseɪ,tɔsoʊ,tɔse,tɔso
tɔv,tɔveɪ,tɔvoʊ,tɔve,tɔvo
tɔz,tɔzeɪ,tɔzoʊ,tɔze,tɔzo
tɔʃ,tɔʃeɪ,tɔʃoʊ,tɔʃe,tɔʃo
tɔʒ,tɔʒeɪ,tɔʒoʊ,tɔʒe,tɔʒo
tɔθ,tɔθeɪ,tɔθoʊ,tɔθe,tɔθo
tɔð,tɔðeɪ,tɔðoʊ,tɔðe,tɔðo
kɔm,kɔmeɪ,kɔmoʊ,kɔme,kɔmo
kɔn,kɔneɪ,kɔnoʊ,kɔne,kɔno
kɔŋ,kɔŋeɪ,kɔŋoʊ,kɔŋe,kɔŋo
kɔp,kɔpeɪ,kɔpoʊ,kɔpe,kɔpo
kɔt,kɔteɪ,kɔtoʊ,kɔte,kɔto
kɔk,kɔkeɪ,kɔkoʊ,kɔke,kɔko
kɔb,kɔbeɪ,kɔboʊ,kɔbe,kɔbo
kɔd,kɔdeɪ,kɔdoʊ,kɔde,kɔdo
kɔg,kɔgeɪ,kɔgoʊ,kɔge,kɔgo
kɔf,kɔfeɪ,kɔfoʊ,kɔfe,kɔfo
kɔs,kɔseɪ,kɔsoʊ,kɔse,kɔso
kɔv,kɔveɪ,kɔvoʊ,kɔve,kɔvo
kɔz,kɔzeɪ,kɔzoʊ,kɔze,kɔzo
kɔʃ,kɔʃeɪ,kɔʃoʊ,kɔʃe,kɔʃo
kɔʒ,kɔʒeɪ,kɔʒoʊ,kɔʒe,kɔʒo
kɔθ,kɔθeɪ,kɔθoʊ,kɔθe,kɔθo
kɔð,kɔðeɪ,kɔðoʊ,kɔðe,kɔðo
bɔm,bɔmeɪ,bɔmoʊ,bɔme,bɔmo
bɔn,bɔneɪ,bɔnoʊ,bɔne,bɔno
bɔŋ,bɔŋeɪ,bɔŋoʊ,bɔŋe,bɔŋo
bɔp,bɔpeɪ,bɔpoʊ,bɔpe,bɔpo
bɔt,bɔteɪ,bɔtoʊ,bɔte,bɔto
bɔk,bɔkeɪ,bɔkoʊ,bɔke,bɔko
bɔb,bɔbeɪ,bɔboʊ,bɔbe,bɔbo
bɔd,bɔdeɪ,bɔdoʊ,bɔde,bɔdo
bɔg,bɔgeɪ,bɔgoʊ,bɔge,bɔgo
bɔf,bɔfeɪ,bɔfoʊ,bɔfe,bɔfo
bɔs,bɔseɪ,bɔsoʊ,bɔse,bɔso
bɔv,bɔveɪ,bɔvoʊ,bɔve,bɔvo
bɔz,bɔzeɪ,bɔzoʊ,bɔze,bɔzo
bɔʃ,bɔʃeɪ,bɔʃoʊ,bɔʃe,bɔʃo
bɔʒ,bɔʒeɪ,bɔʒoʊ,bɔʒe,bɔʒo
bɔθ,bɔθeɪ,bɔθoʊ,bɔθe,bɔθo
bɔð,bɔðeɪ,bɔðoʊ,bɔðe,bɔðo
dɔm,dɔmeɪ,dɔmoʊ,dɔme,dɔmo
dɔn,dɔneɪ,dɔnoʊ,dɔne,dɔno
dɔŋ,dɔŋeɪ,dɔŋoʊ,dɔŋe,dɔŋo
dɔp,dɔpeɪ,dɔpoʊ,dɔpe,dɔpo
dɔt,dɔteɪ,dɔtoʊ,dɔte,dɔto
dɔk,dɔkeɪ,dɔkoʊ,dɔke,dɔko
dɔb,dɔbeɪ,dɔboʊ,dɔbe,dɔbo
dɔd,dɔdeɪ,dɔdoʊ,dɔde,dɔdo
dɔg,dɔgeɪ,dɔgoʊ,dɔge,dɔgo
dɔf,dɔfeɪ,dɔfoʊ,dɔfe,dɔfo
dɔs,dɔseɪ,dɔsoʊ,dɔse,dɔso
dɔv,dɔveɪ,dɔvoʊ,dɔve,dɔvo
dɔz,dɔzeɪ,dɔzoʊ,dɔze,dɔzo
dɔʃ,dɔʃeɪ,dɔʃoʊ,dɔʃe,dɔʃo
dɔʒ,dɔʒeɪ,dɔʒoʊ,dɔʒe,dɔʒo
dɔθ,dɔθeɪ,dɔθoʊ,dɔθe,dɔθo
dɔð,dɔðeɪ,dɔðoʊ,dɔðe,dɔðo
gɔm,gɔmeɪ,gɔmoʊ,gɔme,gɔmo
gɔn,gɔneɪ,gɔnoʊ,gɔne,gɔno
gɔŋ,gɔŋeɪ,gɔŋoʊ,gɔŋe,gɔŋo
gɔp,gɔpeɪ,gɔpoʊ,gɔpe,gɔpo
gɔt,gɔteɪ,gɔtoʊ,gɔte,gɔto
gɔk,gɔkeɪ,gɔkoʊ,gɔke,gɔko
gɔb,gɔbeɪ,gɔboʊ,gɔbe,gɔbo
gɔd,gɔdeɪ,gɔdoʊ,gɔde,gɔdo
gɔg,gɔgeɪ,gɔgoʊ,gɔge,gɔgo
gɔf,gɔfeɪ,gɔfoʊ,gɔfe,gɔfo
gɔs,gɔseɪ,gɔsoʊ,gɔse,gɔso
gɔv,gɔveɪ,gɔvoʊ,gɔve,gɔvo
gɔz,gɔzeɪ,gɔzoʊ,gɔze,gɔzo
gɔʃ,gɔʃeɪ,gɔʃoʊ,gɔʃe,gɔʃo
gɔʒ,gɔʒeɪ,gɔʒoʊ,gɔʒe,gɔʒo
gɔθ,gɔθeɪ,gɔθoʊ,gɔθe,gɔθo
gɔð,gɔðeɪ,gɔðoʊ,gɔðe,gɔðo
fɔm,fɔmeɪ,fɔmoʊ,fɔme,fɔmo
fɔn,fɔneɪ,fɔnoʊ,fɔne,fɔno
fɔŋ,fɔŋeɪ,fɔŋoʊ,fɔŋe,fɔŋo
fɔp,fɔpeɪ,fɔpoʊ,fɔpe,fɔpo
fɔt,fɔteɪ,fɔtoʊ,fɔte,fɔto
fɔk,fɔkeɪ,fɔkoʊ,fɔke,fɔko
fɔb,fɔbeɪ,fɔboʊ,fɔbe,fɔbo
fɔd,fɔdeɪ,fɔdoʊ,fɔde,fɔdo
fɔg,fɔgeɪ,fɔgoʊ,fɔge,fɔgo
fɔf,fɔfeɪ,fɔfoʊ,fɔfe,fɔfo
fɔs,fɔseɪ,fɔsoʊ,fɔse,fɔso
fɔv,fɔveɪ,fɔvoʊ,fɔve,fɔvo
fɔz,fɔzeɪ,fɔzoʊ,fɔze,fɔzo
fɔʃ,fɔʃeɪ,fɔʃoʊ,fɔʃe,fɔʃo
fɔʒ,fɔʒeɪ,fɔʒoʊ,fɔʒe,fɔʒo
fɔθ,fɔθeɪ,fɔθoʊ,fɔθe,fɔθo
fɔð,fɔðeɪ,fɔðoʊ,fɔðe,fɔðo
sɔm,sɔmeɪ,sɔmoʊ,sɔme,sɔmo
sɔn,sɔneɪ,sɔnoʊ,sɔne,sɔno
sɔŋ,sɔŋeɪ,sɔŋoʊ,sɔŋe,sɔŋo
sɔp,sɔpeɪ,sɔpoʊ,sɔpe,sɔpo
sɔt,sɔteɪ,sɔtoʊ,sɔte,sɔto
sɔk,sɔkeɪ,sɔkoʊ,sɔke,sɔko
sɔb,sɔbeɪ,sɔboʊ,sɔbe,sɔbo
sɔd,sɔdeɪ,sɔdoʊ,sɔde,sɔdo
sɔg,sɔgeɪ,sɔgoʊ,sɔge,sɔgo
sɔf,sɔfeɪ,sɔfoʊ,sɔfe,sɔfo
sɔs,sɔseɪ,sɔsoʊ,sɔse,sɔso
sɔv,sɔveɪ,sɔvoʊ,sɔve,sɔvo
sɔz,sɔzeɪ,sɔzoʊ,sɔze,sɔzo
sɔʃ,sɔʃeɪ,sɔʃoʊ,sɔʃe,sɔʃo
sɔʒ,sɔʒeɪ,sɔʒoʊ,sɔʒe,sɔʒo
sɔθ,sɔθeɪ,sɔθoʊ,sɔθe,sɔθo
sɔð,sɔðeɪ,sɔðoʊ,sɔðe,sɔðo
vɔm,vɔmeɪ,vɔmoʊ,vɔme,vɔmo
vɔn,vɔneɪ,vɔnoʊ,vɔne,vɔno
vɔŋ,vɔŋeɪ,vɔŋoʊ,vɔŋe,vɔŋo
vɔp,vɔpeɪ,vɔpoʊ,vɔpe,vɔpo
vɔt,vɔteɪ,vɔtoʊ,vɔte,vɔto
vɔk,vɔkeɪ,vɔkoʊ,vɔke,vɔko
vɔb,vɔbeɪ,vɔboʊ,vɔbe,vɔbo
vɔd,vɔdeɪ,vɔdoʊ,vɔde,vɔdo
vɔg,vɔgeɪ,vɔgoʊ,vɔge,vɔgo
vɔf,vɔfeɪ,vɔfoʊ,vɔfe,vɔfo
vɔs,vɔseɪ,vɔsoʊ,vɔse,vɔso
vɔv,vɔveɪ,vɔvoʊ,vɔve,vɔvo
vɔz,vɔzeɪ,vɔzoʊ,vɔze,vɔzo
vɔʃ,vɔʃeɪ,vɔʃoʊ,vɔʃe,vɔʃo
vɔʒ,vɔʒeɪ,vɔʒoʊ,vɔʒe,vɔʒo
vɔθ,vɔθeɪ,vɔθoʊ,vɔθe,vɔθo
vɔð,vɔðeɪ,vɔðoʊ,vɔðe,vɔðo
zɔm,zɔmeɪ,zɔmoʊ,zɔme,zɔmo
zɔn,zɔneɪ,zɔnoʊ,zɔne,zɔno
zɔŋ,zɔŋeɪ,zɔŋoʊ,zɔŋe,zɔŋo
zɔp,zɔpeɪ,zɔpoʊ,zɔpe,zɔpo
zɔt,zɔteɪ,zɔtoʊ,zɔte,zɔto
zɔk,zɔkeɪ,zɔkoʊ,zɔke,zɔko
zɔb,zɔbeɪ,zɔboʊ,zɔbe,zɔbo
zɔd,zɔdeɪ,zɔdoʊ,zɔde,zɔdo
zɔg,zɔgeɪ,zɔgoʊ,zɔge,zɔgo
zɔf,zɔfeɪ,zɔfoʊ,zɔfe,zɔfo
zɔs,zɔseɪ,zɔsoʊ,zɔse,zɔso
zɔv,zɔveɪ,zɔvoʊ,zɔve,zɔvo
zɔz,zɔzeɪ,zɔzoʊ,zɔze,zɔzo
zɔʃ,zɔʃeɪ,zɔʃoʊ,zɔʃe,zɔʃo
zɔʒ,zɔʒeɪ,zɔʒoʊ,zɔʒe,zɔʒo
zɔθ,zɔθeɪ,zɔθoʊ,zɔθe,zɔθo
zɔð,zɔðeɪ,zɔðoʊ,zɔðe,zɔðo
ʃɔm,ʃɔmeɪ,ʃɔmoʊ,ʃɔme,ʃɔmo
ʃɔn,ʃɔneɪ,ʃɔnoʊ,ʃɔne,ʃɔno
ʃɔŋ,ʃɔŋeɪ,ʃɔŋoʊ,ʃɔŋe,ʃɔŋo
ʃɔp,ʃɔpeɪ,ʃɔpoʊ,ʃɔpe,ʃɔpo
ʃɔt,ʃɔteɪ,ʃɔtoʊ,ʃɔte,ʃɔto
ʃɔk,ʃɔkeɪ,ʃɔkoʊ,ʃɔke,ʃɔko
ʃɔb,ʃɔbeɪ,ʃɔboʊ,ʃɔbe,ʃɔbo
ʃɔd,ʃɔdeɪ,ʃɔdoʊ,ʃɔde,ʃɔdo
ʃɔg,ʃɔgeɪ,ʃɔgoʊ,ʃɔge,ʃɔgo
ʃɔf,ʃɔfeɪ,ʃɔfoʊ,ʃɔfe,ʃɔfo
ʃɔs,ʃɔseɪ,ʃɔsoʊ,ʃɔse,ʃɔso
ʃɔv,ʃɔveɪ,ʃɔvoʊ,ʃɔve,ʃɔvo
ʃɔz,ʃɔzeɪ,ʃɔzoʊ,ʃɔze,ʃɔzo
ʃɔʃ,ʃɔʃeɪ,ʃɔʃoʊ,ʃɔʃe,ʃɔʃo
ʃɔʒ,ʃɔʒeɪ,ʃɔʒoʊ,ʃɔʒe,ʃɔʒo
ʃɔθ,ʃɔθeɪ,ʃɔθoʊ,ʃɔθe,ʃɔθo
ʃɔð,ʃɔðeɪ,ʃɔðoʊ,ʃɔðe,ʃɔðo
ʒɔm,ʒɔmeɪ,ʒɔmoʊ,ʒɔme,ʒɔmo
ʒɔn,ʒɔneɪ,ʒɔnoʊ,ʒɔne,ʒɔno
ʒɔŋ,ʒɔŋeɪ,ʒɔŋoʊ,ʒɔŋe,ʒɔŋo
ʒɔp,ʒɔpeɪ,ʒɔpoʊ,ʒɔpe,ʒɔpo
ʒɔt,ʒɔteɪ,ʒɔtoʊ,ʒɔte,ʒɔto
ʒɔk,ʒɔkeɪ,ʒɔkoʊ,ʒɔke,ʒɔko
ʒɔb,ʒɔbeɪ,ʒɔboʊ,ʒɔbe,ʒɔbo
ʒɔd,ʒɔdeɪ,ʒɔdoʊ,ʒɔde,ʒɔdo
ʒɔg,ʒɔgeɪ,ʒɔgoʊ,ʒɔge,ʒɔgo
ʒɔf,ʒɔfeɪ,ʒɔfoʊ,ʒɔfe,ʒɔfo
ʒɔs,ʒɔseɪ,ʒɔsoʊ,ʒɔse,ʒɔso
ʒɔv,ʒɔveɪ,ʒɔvoʊ,ʒɔve,ʒɔvo
ʒɔz,ʒɔzeɪ,ʒɔzoʊ,ʒɔze,ʒɔzo
ʒɔʃ,ʒɔʃeɪ,ʒɔʃoʊ,ʒɔʃe,ʒɔʃo
ʒɔʒ,ʒɔʒeɪ,ʒɔʒoʊ,ʒɔʒe,ʒɔʒo
ʒɔθ,ʒɔθeɪ,ʒɔθoʊ,ʒɔθe,ʒɔθo
ʒɔð,ʒɔðeɪ,ʒɔðoʊ,ʒɔðe,ʒɔðo
θɔm,θɔmeɪ,θɔmoʊ,θɔme,θɔmo
θɔn,θɔneɪ,θɔnoʊ,θɔne,θɔno
θɔŋ,θɔŋeɪ,θɔŋoʊ,θɔŋe,θɔŋo
θɔp,θɔpeɪ,θɔpoʊ,θɔpe,θɔpo
θɔt,θɔteɪ,θɔtoʊ,θɔte,θɔto
θɔk,θɔkeɪ,θɔkoʊ,θɔke,θɔko
θɔb,θɔbeɪ,θɔboʊ,θɔbe,θɔbo
θɔd,θɔdeɪ,θɔdoʊ,θɔde,θɔdo
θɔg,θɔgeɪ,θɔgoʊ,θɔge,θɔgo
θɔf,θɔfeɪ,θɔfoʊ,θɔfe,θɔfo
θɔs,θɔseɪ,θɔsoʊ,θɔse,θɔso
θɔv,θɔveɪ,θɔvoʊ,θɔve,θɔvo
θɔz,θɔzeɪ,θɔzoʊ,θɔze,θɔzo
θɔʃ,θɔʃeɪ,θɔʃoʊ,θɔʃe,θɔʃo
θɔʒ,θɔʒeɪ,θɔʒoʊ,θɔʒe,θɔʒo
θɔθ,θɔθeɪ,θɔθoʊ,θɔθe,θɔθo
θɔð,θɔðeɪ,θɔðoʊ,θɔðe,θɔðo
ðɔm,ðɔmeɪ,ðɔmoʊ,ðɔme,ðɔmo
ðɔn,ðɔneɪ,ðɔnoʊ,ðɔne,ðɔno
ðɔŋ,ðɔŋeɪ,ðɔŋoʊ,ðɔŋe,ðɔŋo
ðɔp,ðɔpeɪ,ðɔpoʊ,ðɔpe,ðɔpo
ðɔt,ðɔteɪ,ðɔtoʊ,ðɔte,ðɔto
ðɔk,ðɔkeɪ,ðɔkoʊ,ðɔke,ðɔko
ðɔb,ðɔbeɪ,ðɔboʊ,ðɔbe,ðɔbo
ðɔd,ðɔdeɪ,ðɔdoʊ,ðɔde,ðɔdo
ðɔg,ðɔgeɪ,ðɔgoʊ,ðɔge,ðɔgo
ðɔf,ðɔfeɪ,ðɔfoʊ,ðɔfe,ðɔfo
ðɔs,ðɔseɪ,ðɔsoʊ,ðɔse,ðɔso
ðɔv,ðɔveɪ,ðɔvoʊ,ðɔve,ðɔvo
ðɔz,ðɔzeɪ,ðɔzoʊ,ðɔze,ðɔzo
ðɔʃ,ðɔʃeɪ,ðɔʃoʊ,ðɔʃe,ðɔʃo
ðɔʒ,ðɔʒeɪ,ðɔʒoʊ,ðɔʒe,ðɔʒo
ðɔθ,ðɔθeɪ,ðɔθoʊ,ðɔθe,ðɔθo
ðɔð,ðɔðeɪ,ðɔðoʊ,ðɔðe,ðɔðo
hɔm,hɔmeɪ,hɔmoʊ,hɔme,hɔmo
hɔn,hɔneɪ,hɔnoʊ,hɔne,hɔno
hɔŋ,hɔŋeɪ,hɔŋoʊ,hɔŋe,hɔŋo
hɔp,hɔpeɪ,hɔpoʊ,hɔpe,hɔpo
hɔt,hɔteɪ,hɔtoʊ,hɔte,hɔto
hɔk,hɔkeɪ,hɔkoʊ,hɔke,hɔko
hɔb,hɔbeɪ,hɔboʊ,hɔbe,hɔbo
hɔd,hɔdeɪ,hɔdoʊ,hɔde,hɔdo
hɔg,hɔgeɪ,hɔgoʊ,hɔge,hɔgo
hɔf,hɔfeɪ,hɔfoʊ,hɔfe,hɔfo
hɔs,hɔseɪ,hɔsoʊ,hɔse,hɔso
hɔv,hɔveɪ,hɔvoʊ,hɔve,hɔvo
hɔz,hɔzeɪ,hɔzoʊ,hɔze,hɔzo
hɔʃ,hɔʃeɪ,hɔʃoʊ,hɔʃe,hɔʃo
hɔʒ,hɔʒeɪ,hɔʒoʊ,hɔʒe,hɔʒo
hɔθ,hɔθeɪ,hɔθoʊ,hɔθe,hɔθo
hɔð,hɔðeɪ,hɔðoʊ,hɔðe,hɔðo
mɔm,mɔmu,mɔmu,mɔmu,mɔmu
mɔn,mɔnu,mɔnu,mɔnu,mɔnu
mɔŋ,mɔŋu,mɔŋu,mɔŋu,mɔŋu
mɔp,mɔpu,mɔpu,mɔpu,mɔpu
mɔt,mɔtu,mɔtu,mɔtu,mɔtu
mɔk,mɔku,mɔku,mɔku,mɔku
mɔb,mɔbu,mɔbu,mɔbu,mɔbu
mɔd,mɔdu,mɔdu,mɔdu,mɔdu
mɔg,mɔgu,mɔgu,mɔgu,mɔgu
mɔf,mɔfu,mɔfu,mɔfu,mɔfu
mɔs,mɔsu,mɔsu,mɔsu,mɔsu
mɔv,mɔvu,mɔvu,mɔvu,mɔvu
mɔz,mɔzu,mɔzu,mɔzu,mɔzu
mɔʃ,mɔʃu,mɔʃu,mɔʃu,mɔʃu
mɔʒ,mɔʒu,mɔʒu,mɔʒu,mɔʒu
mɔθ,mɔθu,mɔθu,mɔθu,mɔθu
mɔð,mɔðu,mɔðu,mɔðu,mɔðu
nɔm,nɔmu,nɔmu,nɔmu,nɔmu
nɔn,nɔnu,nɔnu,nɔnu,nɔnu
nɔŋ,nɔŋu,nɔŋu,nɔŋu,nɔŋu
nɔp,nɔpu,nɔpu,nɔpu,nɔpu
nɔt,nɔtu,nɔtu,nɔtu,nɔtu
nɔk,nɔku,nɔku,nɔku,nɔku
nɔb,nɔbu,nɔbu,nɔbu,nɔbu
nɔd,nɔdu,nɔdu,nɔdu,nɔdu
nɔg,nɔgu,nɔgu,nɔgu,nɔgu
nɔf,nɔfu,nɔfu,nɔfu,nɔfu
nɔs,nɔsu,nɔsu,nɔsu,nɔsu
nɔv,nɔvu,nɔvu,nɔvu,nɔvu
nɔz,nɔzu,nɔzu,nɔzu,nɔzu
nɔʃ,nɔʃu,nɔʃu,nɔʃu,nɔʃu
nɔʒ,nɔʒu,nɔʒu,nɔʒu,nɔʒu
nɔθ,nɔθu,nɔθu,nɔθu,nɔθu
nɔð,nɔðu,nɔðu,nɔðu,nɔðu
pɔm,pɔmu,pɔmu,pɔmu,pɔmu
pɔn,pɔnu,pɔnu,pɔnu,pɔnu
pɔŋ,pɔŋu,pɔŋu,pɔŋu,pɔŋu
pɔp,pɔpu,pɔpu,pɔpu,pɔpu
pɔt,pɔtu,pɔtu,pɔtu,pɔtu
pɔk,pɔku,pɔku,pɔku,pɔku
pɔb,pɔbu,pɔbu,pɔbu,pɔbu
pɔd,pɔdu,pɔdu,pɔdu,pɔdu
pɔg,pɔgu,pɔgu,pɔgu,pɔgu
pɔf,pɔfu,pɔfu,pɔfu,pɔfu
pɔs,pɔsu,pɔsu,pɔsu,pɔsu
pɔv,pɔvu,pɔvu,pɔvu,pɔvu
pɔz,pɔzu,pɔzu,pɔzu,pɔzu
pɔʃ,pɔʃu,pɔʃu,pɔʃu,pɔʃu
pɔʒ,pɔʒu,pɔʒu,pɔʒu,pɔʒu
pɔθ,pɔθu,pɔθu,pɔθu,pɔθu
pɔð,pɔðu,pɔðu,pɔðu,pɔðu
tɔm,tɔmu,tɔmu,tɔmu,tɔmu
tɔn,tɔnu,tɔnu,tɔnu,tɔnu
tɔŋ,tɔŋu,tɔŋu,tɔŋu,tɔŋu
tɔp,tɔpu,tɔpu,tɔpu,tɔpu
tɔt,tɔtu,tɔtu,tɔtu,tɔtu
tɔk,tɔku,tɔku,tɔku,tɔku
tɔb,tɔbu,tɔbu,tɔbu,tɔbu
tɔd,tɔdu,tɔdu,tɔdu,tɔdu
tɔg,tɔgu,tɔgu,tɔgu,tɔgu
tɔf,tɔfu,tɔfu,tɔfu,tɔfu
tɔs,tɔsu,tɔsu,tɔsu,tɔsu
tɔv,tɔvu,tɔvu,tɔvu,tɔvu
tɔz,tɔzu,tɔzu,tɔzu,tɔzu
tɔʃ,tɔʃu,tɔʃu,tɔʃu,tɔʃu
tɔʒ,tɔʒu,tɔʒu,tɔʒu,tɔʒu
tɔθ,tɔθu,tɔθu,tɔθu,tɔθu
tɔð,tɔðu,tɔðu,tɔðu,tɔðu
kɔm,kɔmu,kɔmu,kɔmu,kɔmu
kɔn,kɔnu,kɔnu,kɔnu,kɔnu
kɔŋ,kɔŋu,kɔŋu,kɔŋu,kɔŋu
kɔp,kɔpu,kɔpu,kɔpu,kɔpu
kɔt,kɔtu,kɔtu,kɔtu,kɔtu
kɔk,kɔku,kɔku,kɔku,kɔku
kɔb,kɔbu,kɔbu,kɔbu,kɔbu
kɔd,kɔdu,kɔdu,kɔdu,kɔdu
kɔg,kɔgu,kɔgu,kɔgu,kɔgu
kɔf,kɔfu,kɔfu,kɔfu,kɔfu
kɔs,kɔsu,kɔsu,kɔsu,kɔsu
kɔv,kɔvu,kɔvu,kɔvu,kɔvu
kɔz,kɔzu,kɔzu,kɔzu,kɔzu
kɔʃ,kɔʃu,kɔʃu,kɔʃu,kɔʃu
kɔʒ,kɔʒu,kɔʒu,kɔʒu,kɔʒu
kɔθ,kɔθu,kɔθu,kɔθu,kɔθu
kɔð,kɔðu,kɔðu,kɔðu,kɔðu
bɔm,bɔmu,bɔmu,bɔmu,bɔmu
bɔn,bɔnu,bɔnu,bɔnu,bɔnu
bɔŋ,bɔŋu,bɔŋu,bɔŋu,bɔŋu
bɔp,bɔpu,bɔpu,bɔpu,bɔpu
bɔt,bɔtu,bɔtu,bɔtu,bɔtu
bɔk,bɔku,bɔku,bɔku,bɔku
bɔb,bɔbu,bɔbu,bɔbu,bɔbu
bɔd,bɔdu,bɔdu,bɔdu,bɔdu
bɔg,bɔgu,bɔgu,bɔgu,bɔgu
bɔf,bɔfu,bɔfu,bɔfu,bɔfu
bɔs,bɔsu,bɔsu,bɔsu,bɔsu
bɔv,bɔvu,bɔvu,bɔvu,bɔvu
bɔz,bɔzu,bɔzu,bɔzu,bɔzu
bɔʃ,bɔʃu,bɔʃu,bɔʃu,bɔʃu
bɔʒ,bɔʒu,bɔʒu,bɔʒu,bɔʒu
bɔθ,bɔθu,bɔθu,bɔθu,bɔθu
bɔð,bɔðu,bɔðu,bɔðu,bɔðu
dɔm,dɔmu,dɔmu,dɔmu,dɔmu
dɔn,dɔnu,dɔnu,dɔnu,dɔnu
dɔŋ,dɔŋu,dɔŋu,dɔŋu,dɔŋu
dɔp,dɔpu,dɔpu,dɔpu,dɔpu
dɔt,dɔtu,dɔtu,dɔtu,dɔtu
dɔk,dɔku,dɔku,dɔku,dɔku
dɔb,dɔbu,dɔbu,dɔbu,dɔbu
dɔd,dɔdu,dɔdu,dɔdu,dɔdu
dɔg,dɔgu,dɔgu,dɔgu,dɔgu
dɔf,dɔfu,dɔfu,dɔfu,dɔfu
dɔs,dɔsu,dɔsu,dɔsu,dɔsu
dɔv,dɔvu,dɔvu,dɔvu,dɔvu
dɔz,dɔzu,dɔzu,dɔzu,dɔzu
dɔʃ,dɔʃu,dɔʃu,dɔʃu,dɔʃu
dɔʒ,dɔʒu,dɔʒu,dɔʒu,dɔʒu
dɔθ,dɔθu,dɔθu,dɔθu,dɔθu
dɔð,dɔðu,dɔðu,dɔðu,dɔðu
gɔm,gɔmu,gɔmu,gɔmu,gɔmu
gɔn,gɔnu,gɔnu,gɔnu,gɔnu
gɔŋ,gɔŋu,gɔŋu,gɔŋu,gɔŋu
gɔp,gɔpu,gɔpu,gɔpu,gɔpu
gɔt,gɔtu,gɔtu,gɔtu,gɔtu
gɔk,gɔku,gɔku,gɔku,gɔku
gɔb,gɔbu,gɔbu,gɔbu,gɔbu
gɔd,gɔdu,gɔdu,gɔdu,gɔdu
gɔg,gɔgu,gɔgu,gɔgu,gɔgu
gɔf,gɔfu,gɔfu,gɔfu,gɔfu
gɔs,gɔsu,gɔsu,gɔsu,gɔsu
gɔv,gɔvu,gɔvu,gɔvu,gɔvu
gɔz,gɔzu,gɔzu,gɔzu,gɔzu
gɔʃ,gɔʃu,gɔʃu,gɔʃu,gɔʃu
gɔʒ,gɔʒu,gɔʒu,gɔʒu,gɔʒu
gɔθ,gɔθu,gɔθu,gɔθu,gɔθu
gɔð,gɔðu,gɔðu,gɔðu,gɔðu
fɔm,fɔmu,fɔmu,fɔmu,fɔmu
fɔn,fɔnu,fɔnu,fɔnu,fɔnu
fɔŋ,fɔŋu,fɔŋu,fɔŋu,fɔŋu
fɔp,fɔpu,fɔpu,fɔpu,fɔpu
fɔt,fɔtu,fɔtu,fɔtu,fɔtu
fɔk,fɔku,fɔku,fɔku,fɔku
fɔb,fɔbu,fɔbu,fɔbu,fɔbu
fɔd,fɔdu,fɔdu,fɔdu,fɔdu
fɔg,fɔgu,fɔgu,fɔgu,fɔgu
fɔf,fɔfu,fɔfu,fɔfu,fɔfu
fɔs,fɔsu,fɔsu,fɔsu,fɔsu
fɔv,fɔvu,fɔvu,fɔvu,fɔvu
fɔz,fɔzu,fɔzu,fɔzu,fɔzu
fɔʃ,fɔʃu,fɔʃu,fɔʃu,fɔʃu
fɔʒ,fɔʒu,fɔʒu,fɔʒu,fɔʒu
fɔθ,fɔθu,fɔθu,fɔθu,fɔθu
fɔð,fɔðu,fɔðu,fɔðu,fɔðu
sɔm,sɔmu,sɔmu,sɔmu,sɔmu
sɔn,sɔnu,sɔnu,sɔnu,sɔnu
sɔŋ,sɔŋu,sɔŋu,sɔŋu,sɔŋu
sɔp,sɔpu,sɔpu,sɔpu,sɔpu
sɔt,sɔtu,sɔtu,sɔtu,sɔtu
sɔk,sɔku,sɔku,sɔku,sɔku
sɔb,sɔbu,sɔbu,sɔbu,sɔbu
sɔd,sɔdu,sɔdu,sɔdu,sɔdu
sɔg,sɔgu,sɔgu,sɔgu,sɔgu
sɔf,sɔfu,sɔfu,sɔfu,sɔfu
sɔs,sɔsu,sɔsu,sɔsu,sɔsu
sɔv,sɔvu,sɔvu,sɔvu,sɔvu
sɔz,sɔzu,sɔzu,sɔzu,sɔzu
sɔʃ,sɔʃu,sɔʃu,sɔʃu,sɔʃu
sɔʒ,sɔʒu,sɔʒu,sɔʒu,sɔʒu
sɔθ,sɔθu,sɔθu,sɔθu,sɔθu
sɔð,sɔðu,sɔðu,sɔðu,sɔðu
vɔm,vɔmu,vɔmu,vɔmu,vɔmu
vɔn,vɔnu,vɔnu,vɔnu,vɔnu
vɔŋ,vɔŋu,vɔŋu,vɔŋu,vɔŋu
vɔp,vɔpu,vɔpu,vɔpu,vɔpu
vɔt,vɔtu,vɔtu,vɔtu,vɔtu
vɔk,vɔku,vɔku,vɔku,vɔku
vɔb,vɔbu,vɔbu,vɔbu,vɔbu
vɔd,vɔdu,vɔdu,vɔdu,vɔdu
vɔg,vɔgu,vɔgu,vɔgu,vɔgu
vɔf,vɔfu,vɔfu,vɔfu,vɔfu
vɔs,vɔsu,vɔsu,vɔsu,vɔsu
vɔv,vɔvu,vɔvu,vɔvu,vɔvu
vɔz,vɔzu,vɔzu,vɔzu,vɔzu
vɔʃ,vɔʃu,vɔʃu,vɔʃu,vɔʃu
vɔʒ,vɔʒu,vɔʒu,vɔʒu,vɔʒu
vɔθ,vɔθu,vɔθu,vɔθu,vɔθu
vɔð,vɔðu,vɔðu,vɔðu,vɔðu
zɔm,zɔmu,zɔmu,zɔmu,zɔmu
zɔn,zɔnu,zɔnu,zɔnu,zɔnu
zɔŋ,zɔŋu,zɔŋu,zɔŋu,zɔŋu
zɔp,zɔpu,zɔpu,zɔpu,zɔpu
zɔt,zɔtu,zɔtu,zɔtu,zɔtu
zɔk,zɔku,zɔku,zɔku,zɔku
zɔb,zɔbu,zɔbu,zɔbu,zɔbu
zɔd,zɔdu,zɔdu,zɔdu,zɔdu
zɔg,zɔgu,zɔgu,zɔgu,zɔgu
zɔf,zɔfu,zɔfu,zɔfu,zɔfu
zɔs,zɔsu,zɔsu,zɔsu,zɔsu
zɔv,zɔvu,zɔvu,zɔvu,zɔvu
zɔz,zɔzu,zɔzu,zɔzu,zɔzu
zɔʃ,zɔʃu,zɔʃu,zɔʃu,zɔʃu
zɔʒ,zɔʒu,zɔʒu,zɔʒu,zɔʒu
zɔθ,zɔθu,zɔθu,zɔθu,zɔθu
zɔð,zɔðu,zɔðu,zɔðu,zɔðu
ʃɔm,ʃɔmu,ʃɔmu,ʃɔmu,ʃɔmu
ʃɔn,ʃɔnu,ʃɔnu,ʃɔnu,ʃɔnu
ʃɔŋ,ʃɔŋu,ʃɔŋu,ʃɔŋu,ʃɔŋu
ʃɔp,ʃɔpu,ʃɔpu,ʃɔpu,ʃɔpu
ʃɔt,ʃɔtu,ʃɔtu,ʃɔtu,ʃɔtu
ʃɔk,ʃɔku,ʃɔku,ʃɔku,ʃɔku
ʃɔb,ʃɔbu,ʃɔbu,ʃɔbu,ʃɔbu
ʃɔd,ʃɔdu,ʃɔdu,ʃɔdu,ʃɔdu
ʃɔg,ʃɔgu,ʃɔgu,ʃɔgu,ʃɔgu
ʃɔf,ʃɔfu,ʃɔfu,ʃɔfu,ʃɔfu
ʃɔs,ʃɔsu,ʃɔsu,ʃɔsu,ʃɔsu
ʃɔv,ʃɔvu,ʃɔvu,ʃɔvu,ʃɔvu
ʃɔz,ʃɔzu,ʃɔzu,ʃɔzu,ʃɔzu
ʃɔʃ,ʃɔʃu,ʃɔʃu,ʃɔʃu,ʃɔʃu
ʃɔʒ,ʃɔʒu,ʃɔʒu,ʃɔʒu,ʃɔʒu
ʃɔθ,ʃɔθu,ʃɔθu,ʃɔθu,ʃɔθu
ʃɔð,ʃɔðu,ʃɔðu,ʃɔðu,ʃɔðu
ʒɔm,ʒɔmu,ʒɔmu,ʒɔmu,ʒɔmu
ʒɔn,ʒɔnu,ʒɔnu,ʒɔnu,ʒɔnu
ʒɔŋ,ʒɔŋu,ʒɔŋu,ʒɔŋu,ʒɔŋu
ʒɔp,ʒɔpu,ʒɔpu,ʒɔpu,ʒɔpu
ʒɔt,ʒɔtu,ʒɔtu,ʒɔtu,ʒɔtu
ʒɔk,ʒɔku,ʒɔku,ʒɔku,ʒɔku
ʒɔb,ʒɔbu,ʒɔbu,ʒɔbu,ʒɔbu
ʒɔd,ʒɔdu,ʒɔdu,ʒɔdu,ʒɔdu
ʒɔg,ʒɔgu,ʒɔgu,ʒɔgu,ʒɔgu
ʒɔf,ʒɔfu,ʒɔfu,ʒɔfu,ʒɔfu
ʒɔs,ʒɔsu,ʒɔsu,ʒɔsu,ʒɔsu
ʒɔv,ʒɔvu,ʒɔvu,ʒɔvu,ʒɔvu
ʒɔz,ʒɔzu,ʒɔzu,ʒɔzu,ʒɔzu
ʒɔʃ,ʒɔʃu,ʒɔʃu,ʒɔʃu,ʒɔʃu
ʒɔʒ,ʒɔʒu,ʒɔʒu,ʒɔʒu,ʒɔʒu
ʒɔθ,ʒɔθu,ʒɔθu,ʒɔθu,ʒɔθu
ʒɔð,ʒɔðu,ʒɔðu,ʒɔðu,ʒɔðu
θɔm,θɔmu,θɔmu,θɔmu,θɔmu
θɔn,θɔnu,θɔnu,θɔnu,θɔnu
θɔŋ,θɔŋu,θɔŋu,θɔŋu,θɔŋu
θɔp,θɔpu,θɔpu,θɔpu,θɔpu
θɔt,θɔtu,θɔtu,θɔtu,θɔtu
θɔk,θɔku,θɔku,θɔku,θɔku
θɔb,θɔbu,θɔbu,θɔbu,θɔbu
θɔd,θɔdu,θɔdu,θɔdu,θɔdu
θɔg,θɔgu,θɔgu,θɔgu,θɔgu
θɔf,θɔfu,θɔfu,θɔfu,θɔfu
θɔs,θɔsu,θɔsu,θɔsu,θɔsu
θɔv,θɔvu,θɔvu,θɔvu,θɔvu
θɔz,θɔzu,θɔzu,θɔzu,θɔzu
θɔʃ,θɔʃu,θɔʃu,θɔʃu,θɔʃu
θɔʒ,θɔʒu,θɔʒu,θɔʒu,θɔʒu
θɔθ,θɔθu,θɔθu,θɔθu,θɔθu
θɔð,θɔðu,θɔðu,θɔðu,θɔðu
ðɔm,ðɔmu,ðɔmu,ðɔmu,ðɔmu
ðɔn,ðɔnu,ðɔnu,ðɔnu,ðɔnu
ðɔŋ,ðɔŋu,ðɔŋu,ðɔŋu,ðɔŋu
ðɔp,ðɔpu,ðɔpu,ðɔpu,ðɔpu
ðɔt,ðɔtu,ðɔtu,ðɔtu,ðɔtu
ðɔk,ðɔku,ðɔku,ðɔku,ðɔku
ðɔb,ðɔbu,ðɔbu,ðɔbu,ðɔbu
ðɔd,ðɔdu,ðɔdu,ðɔdu,ðɔdu
ðɔg,ðɔgu,ðɔgu,ðɔgu,ðɔgu
ðɔf,ðɔfu,ðɔfu,ðɔfu,ðɔfu
ðɔs,ðɔsu,ðɔsu,ðɔsu,ðɔsu
ðɔv,ðɔvu,ðɔvu,ðɔvu,ðɔvu
ðɔz,ðɔzu,ðɔzu,ðɔzu,ðɔzu
ðɔʃ,ðɔʃu,ðɔʃu,ðɔʃu,ðɔʃu
ðɔʒ,ðɔʒu,ðɔʒu,ðɔʒu,ðɔʒu
ðɔθ,ðɔθu,ðɔθu,ðɔθu,ðɔθu
ðɔð,ðɔðu,ðɔðu,ðɔðu,ðɔðu
hɔm,hɔmu,hɔmu,hɔmu,hɔmu
hɔn,hɔnu,hɔnu,hɔnu,hɔnu
hɔŋ,hɔŋu,hɔŋu,hɔŋu,hɔŋu
hɔp,hɔpu,hɔpu,hɔpu,hɔpu
hɔt,hɔtu,hɔtu,hɔtu,hɔtu
hɔk,hɔku,hɔku,hɔku,hɔku
hɔb,hɔbu,hɔbu,hɔbu,hɔbu
hɔd,hɔdu,hɔdu,hɔdu,hɔdu
hɔg,hɔgu,hɔgu,hɔgu,hɔgu
hɔf,hɔfu,hɔfu,hɔfu,hɔfu
hɔs,hɔsu,hɔsu,hɔsu,hɔsu
hɔv,hɔvu,hɔvu,hɔvu,hɔvu
hɔz,hɔzu,hɔzu,hɔzu,hɔzu
hɔʃ,hɔʃu,hɔʃu,hɔʃu,hɔʃu
hɔʒ,hɔʒu,hɔʒu,hɔʒu,hɔʒu
hɔθ,hɔθu,hɔθu,hɔθu,hɔθu
hɔð,hɔðu,hɔðu,hɔðu,hɔðu
mɔm,mɔmoʊ,mɔmoʊ,mɔmo,mɔmo
mɔn,mɔnoʊ,mɔnoʊ,mɔno,mɔno
mɔŋ,mɔŋoʊ,mɔŋoʊ,mɔŋo,mɔŋo
mɔp,mɔpoʊ,mɔpoʊ,mɔpo,mɔpo
mɔt,mɔtoʊ,mɔtoʊ,mɔto,mɔto
mɔk,mɔkoʊ,mɔkoʊ,mɔko,mɔko
mɔb,mɔboʊ,mɔboʊ,mɔbo,mɔbo
mɔd,mɔdoʊ,mɔdoʊ,mɔdo,mɔdo
mɔg,mɔgoʊ,mɔgoʊ,mɔgo,mɔgo
mɔf,mɔfoʊ,mɔfoʊ,mɔfo,mɔfo
mɔs,mɔsoʊ,mɔsoʊ,mɔso,mɔso
mɔv,mɔvoʊ,mɔvoʊ,mɔvo,mɔvo
mɔz,mɔzoʊ,mɔzoʊ,mɔzo,mɔzo
mɔʃ,mɔʃoʊ,mɔʃoʊ,mɔʃo,mɔʃo
mɔʒ,mɔʒoʊ,mɔʒoʊ,mɔʒo,mɔʒo
mɔθ,mɔθoʊ,mɔθoʊ,mɔθo,mɔθo
mɔð,mɔðoʊ,mɔðoʊ,mɔðo,mɔðo
nɔm,nɔmoʊ,nɔmoʊ,nɔmo,nɔmo
nɔn,nɔnoʊ,nɔnoʊ,nɔno,nɔno
nɔŋ,nɔŋoʊ,nɔŋoʊ,nɔŋo,nɔŋo
nɔp,nɔpoʊ,nɔpoʊ,nɔpo,nɔpo
nɔt,nɔtoʊ,nɔtoʊ,nɔto,nɔto
nɔk,nɔkoʊ,nɔkoʊ,nɔko,nɔko
nɔb,nɔboʊ,nɔboʊ,nɔbo,nɔbo
nɔd,nɔdoʊ,nɔdoʊ,nɔdo,nɔdo
nɔg,nɔgoʊ,nɔgoʊ,nɔgo,nɔgo
nɔf,nɔfoʊ,nɔfoʊ,nɔfo,nɔfo
nɔs,nɔsoʊ,nɔsoʊ,nɔso,nɔso
nɔv,nɔvoʊ,nɔvoʊ,nɔvo,nɔvo
nɔz,nɔzoʊ,nɔzoʊ,nɔzo,nɔzo
nɔʃ,nɔʃoʊ,nɔʃoʊ,nɔʃo,nɔʃo
nɔʒ,nɔʒoʊ,nɔʒoʊ,nɔʒo,nɔʒo
nɔθ,nɔθoʊ,nɔθoʊ,nɔθo,nɔθo
nɔð,nɔðoʊ,nɔðoʊ,nɔðo,nɔðo
pɔm,pɔmoʊ,pɔmoʊ,pɔmo,pɔmo
pɔn,pɔnoʊ,pɔnoʊ,pɔno,pɔno
pɔŋ,pɔŋoʊ,pɔŋoʊ,pɔŋo,pɔŋo
pɔp,pɔpoʊ,pɔpoʊ,pɔpo,pɔpo
pɔt,pɔtoʊ,pɔtoʊ,pɔto,pɔto
pɔk,pɔkoʊ,pɔkoʊ,pɔko,pɔko
pɔb,pɔboʊ,pɔboʊ,pɔbo,pɔbo
pɔd,pɔdoʊ,pɔdoʊ,pɔdo,pɔdo
pɔg,pɔgoʊ,pɔgoʊ,pɔgo,pɔgo
pɔf,pɔfoʊ,pɔfoʊ,pɔfo,pɔfo
pɔs,pɔsoʊ,pɔsoʊ,pɔso,pɔso
pɔv,pɔvoʊ,pɔvoʊ,pɔvo,pɔvo
pɔz,pɔzoʊ,pɔzoʊ,pɔzo,pɔzo
pɔʃ,pɔʃoʊ,pɔʃoʊ,pɔʃo,pɔʃo
pɔʒ,pɔʒoʊ,pɔʒoʊ,pɔʒo,pɔʒo
pɔθ,pɔθoʊ,pɔθoʊ,pɔθo,pɔθo
pɔð,pɔðoʊ,pɔðoʊ,pɔðo,pɔðo
tɔm,tɔmoʊ,tɔmoʊ,tɔmo,tɔmo
tɔn,tɔnoʊ,tɔnoʊ,tɔno,tɔno
tɔŋ,tɔŋoʊ,tɔŋoʊ,tɔŋo,tɔŋo
tɔp,tɔpoʊ,tɔpoʊ,tɔpo,tɔpo
tɔt,tɔtoʊ,tɔtoʊ,tɔto,tɔto
tɔk,tɔkoʊ,tɔkoʊ,tɔko,tɔko
tɔb,tɔboʊ,tɔboʊ,tɔbo,tɔbo
tɔd,tɔdoʊ,tɔdoʊ,tɔdo,tɔdo
tɔg,tɔgoʊ,tɔgoʊ,tɔgo,tɔgo
tɔf,tɔfoʊ,tɔfoʊ,tɔfo,tɔfo
tɔs,tɔsoʊ,tɔsoʊ,tɔso,tɔso
tɔv,tɔvoʊ,tɔvoʊ,tɔvo,tɔvo
tɔz,tɔzoʊ,tɔzoʊ,tɔzo,tɔzo
tɔʃ,tɔʃoʊ,tɔʃoʊ,tɔʃo,tɔʃo
tɔʒ,tɔʒoʊ,tɔʒoʊ,tɔʒo,tɔʒo
tɔθ,tɔθoʊ,tɔθoʊ,tɔθo,tɔθo
tɔð,tɔðoʊ,tɔðoʊ,tɔðo,tɔðo
kɔm,kɔmoʊ,kɔmoʊ,kɔmo,kɔmo
kɔn,kɔnoʊ,kɔnoʊ,kɔno,kɔno
kɔŋ,kɔŋoʊ,kɔŋoʊ,kɔŋo,kɔŋo
kɔp,kɔpoʊ,kɔpoʊ,kɔpo,kɔpo
kɔt,kɔtoʊ,kɔtoʊ,kɔto,kɔto
kɔk,kɔkoʊ,kɔkoʊ,kɔko,kɔko
kɔb,kɔboʊ,kɔboʊ,kɔbo,kɔbo
kɔd,kɔdoʊ,kɔdoʊ,kɔdo,kɔdo
kɔg,kɔgoʊ,kɔgoʊ,kɔgo,kɔgo
kɔf,kɔfoʊ,kɔfoʊ,kɔfo,kɔfo
kɔs,kɔsoʊ,kɔsoʊ,kɔso,kɔso
kɔv,kɔvoʊ,kɔvoʊ,kɔvo,kɔvo
kɔz,kɔzoʊ,kɔzoʊ,kɔzo,kɔzo
kɔʃ,kɔʃoʊ,kɔʃoʊ,kɔʃo,kɔʃo
kɔʒ,kɔʒoʊ,kɔʒoʊ,kɔʒo,kɔʒo
kɔθ,kɔθoʊ,kɔθoʊ,kɔθo,kɔθo
kɔð,kɔðoʊ,kɔðoʊ,kɔðo,kɔðo
bɔm,bɔmoʊ,bɔmoʊ,bɔmo,bɔmo
bɔn,bɔnoʊ,bɔnoʊ,bɔno,bɔno
bɔŋ,bɔŋoʊ,bɔŋoʊ,bɔŋo,bɔŋo
bɔp,bɔpoʊ,bɔpoʊ,bɔpo,bɔpo
bɔt,bɔtoʊ,bɔtoʊ,bɔto,bɔto
bɔk,bɔkoʊ,bɔkoʊ,bɔko,bɔko
bɔb,bɔboʊ,bɔboʊ,bɔbo,bɔbo
bɔd,bɔdoʊ,bɔdoʊ,bɔdo,bɔdo
bɔg,bɔgoʊ,bɔgoʊ,bɔgo,bɔgo
bɔf,bɔfoʊ,bɔfoʊ,bɔfo,bɔfo
bɔs,bɔsoʊ,bɔsoʊ,bɔso,bɔso
bɔv,bɔvoʊ,bɔvoʊ,bɔvo,bɔvo
bɔz,bɔzoʊ,bɔzoʊ,bɔzo,bɔzo
bɔʃ,bɔʃoʊ,bɔʃoʊ,bɔʃo,bɔʃo
bɔʒ,bɔʒoʊ,bɔʒoʊ,bɔʒo,bɔʒo
bɔθ,bɔθoʊ,bɔθoʊ,bɔθo,bɔθo
bɔð,bɔðoʊ,bɔðoʊ,bɔðo,bɔðo
dɔm,dɔmoʊ,dɔmoʊ,dɔmo,dɔmo
dɔn,dɔnoʊ,dɔnoʊ,dɔno,dɔno
dɔŋ,dɔŋoʊ,dɔŋoʊ,dɔŋo,dɔŋo
dɔp,dɔpoʊ,dɔpoʊ,dɔpo,dɔpo
dɔt,dɔtoʊ,dɔtoʊ,dɔto,dɔto
dɔk,dɔkoʊ,dɔkoʊ,dɔko,dɔko
dɔb,dɔboʊ,dɔboʊ,dɔbo,dɔbo
dɔd,dɔdoʊ,dɔdoʊ,dɔdo,dɔdo
dɔg,dɔgoʊ,dɔgoʊ,dɔgo,dɔgo
dɔf,dɔfoʊ,dɔfoʊ,dɔfo,dɔfo
dɔs,dɔsoʊ,dɔsoʊ,dɔso,dɔso
dɔv,dɔvoʊ,dɔvoʊ,dɔvo,dɔvo
dɔz,dɔzoʊ,dɔzoʊ,dɔzo,dɔzo
dɔʃ,dɔʃoʊ,dɔʃoʊ,dɔʃo,dɔʃo
dɔʒ,dɔʒoʊ,dɔʒoʊ,dɔʒo,dɔʒo
dɔθ,dɔθoʊ,dɔθoʊ,dɔθo,dɔθo
dɔð,dɔðoʊ,dɔðoʊ,dɔðo,dɔðo
gɔm,gɔmoʊ,gɔmoʊ,gɔmo,gɔmo
gɔn,gɔnoʊ,gɔnoʊ,gɔno,gɔno
gɔŋ,gɔŋoʊ,gɔŋoʊ,gɔŋo,gɔŋo
gɔp,gɔpoʊ,gɔpoʊ,gɔpo,gɔpo
gɔt,gɔtoʊ,gɔtoʊ,gɔto,gɔto
gɔk,gɔkoʊ,gɔkoʊ,gɔko,gɔko
gɔb,gɔboʊ,gɔboʊ,gɔbo,gɔbo
gɔd,gɔdoʊ,gɔdoʊ,gɔdo,gɔdo
gɔg,gɔgoʊ,gɔgoʊ,gɔgo,gɔgo
gɔf,gɔfoʊ,gɔfoʊ,gɔfo,gɔfo
gɔs,gɔsoʊ,gɔsoʊ,gɔso,gɔso
gɔv,gɔvoʊ,gɔvoʊ,gɔvo,gɔvo
gɔz,gɔzoʊ,gɔzoʊ,gɔzo,gɔzo
gɔʃ,gɔʃoʊ,gɔʃoʊ,gɔʃo,gɔʃo
gɔʒ,gɔʒoʊ,gɔʒoʊ,gɔʒo,gɔʒo
gɔθ,gɔθoʊ,gɔθoʊ,gɔθo,gɔθo
gɔð,gɔðoʊ,gɔðoʊ,gɔðo,gɔðo
fɔm,fɔmoʊ,fɔmoʊ,fɔmo,fɔmo
fɔn,fɔnoʊ,fɔnoʊ,fɔno,fɔno
fɔŋ,fɔŋoʊ,fɔŋoʊ,fɔŋo,fɔŋo
fɔp,fɔpoʊ,fɔpoʊ,fɔpo,fɔpo
fɔt,fɔtoʊ,fɔtoʊ,fɔto,fɔto
fɔk,fɔkoʊ,fɔkoʊ,fɔko,fɔko
fɔb,fɔboʊ,fɔboʊ,fɔbo,fɔbo
fɔd,fɔdoʊ,fɔdoʊ,fɔdo,fɔdo
fɔg,fɔgoʊ,fɔgoʊ,fɔgo,fɔgo
fɔf,fɔfoʊ,fɔfoʊ,fɔfo,fɔfo
fɔs,fɔsoʊ,fɔsoʊ,fɔso,fɔso
fɔv,fɔvoʊ,fɔvoʊ,fɔvo,fɔvo
fɔz,fɔzoʊ,fɔzoʊ,fɔzo,fɔzo
fɔʃ,fɔʃoʊ,fɔʃoʊ,fɔʃo,fɔʃo
fɔʒ,fɔʒoʊ,fɔʒoʊ,fɔʒo,fɔʒo
fɔθ,fɔθoʊ,fɔθoʊ,fɔθo,fɔθo
fɔð,fɔðoʊ,fɔðoʊ,fɔðo,fɔðo
sɔm,sɔmoʊ,sɔmoʊ,sɔmo,sɔmo
sɔn,sɔnoʊ,sɔnoʊ,sɔno,sɔno
sɔŋ,sɔŋoʊ,sɔŋoʊ,sɔŋo,sɔŋo
sɔp,sɔpoʊ,sɔpoʊ,sɔpo,sɔpo
sɔt,sɔtoʊ,sɔtoʊ,sɔto,sɔto
sɔk,sɔkoʊ,sɔkoʊ,sɔko,sɔko
sɔb,sɔboʊ,sɔboʊ,sɔbo,sɔbo
sɔd,sɔdoʊ,sɔdoʊ,sɔdo,sɔdo
sɔg,sɔgoʊ,sɔgoʊ,sɔgo,sɔgo
sɔf,sɔfoʊ,sɔfoʊ,sɔfo,sɔfo
sɔs,sɔsoʊ,sɔsoʊ,sɔso,sɔso
sɔv,sɔvoʊ,sɔvoʊ,sɔvo,sɔvo
sɔz,sɔzoʊ,sɔzoʊ,sɔzo,sɔzo
sɔʃ,sɔʃoʊ,sɔʃoʊ,sɔʃo,sɔʃo
sɔʒ,sɔʒoʊ,sɔʒoʊ,sɔʒo,sɔʒo
sɔθ,sɔθoʊ,sɔθoʊ,sɔθo,sɔθo
sɔð,sɔðoʊ,sɔðoʊ,sɔðo,sɔðo
vɔm,vɔmoʊ,vɔmoʊ,vɔmo,vɔmo
vɔn,vɔnoʊ,vɔnoʊ,vɔno,vɔno
vɔŋ,vɔŋoʊ,vɔŋoʊ,vɔŋo,vɔŋo
vɔp,vɔpoʊ,vɔpoʊ,vɔpo,vɔpo
vɔt,vɔtoʊ,vɔtoʊ,vɔto,vɔto
vɔk,vɔkoʊ,vɔkoʊ,vɔko,vɔko
vɔb,vɔboʊ,vɔboʊ,vɔbo,vɔbo
vɔd,vɔdoʊ,vɔdoʊ,vɔdo,vɔdo
vɔg,vɔgoʊ,vɔgoʊ,vɔgo,vɔgo
vɔf,vɔfoʊ,vɔfoʊ,vɔfo,vɔfo
vɔs,vɔsoʊ,vɔsoʊ,vɔso,vɔso
vɔv,vɔvoʊ,vɔvoʊ,vɔvo,vɔvo
vɔz,vɔzoʊ,vɔzoʊ,vɔzo,vɔzo
vɔʃ,vɔʃoʊ,vɔʃoʊ,vɔʃo,vɔʃo
vɔʒ,vɔʒoʊ,vɔʒoʊ,vɔʒo,vɔʒo
vɔθ,vɔθoʊ,vɔθoʊ,vɔθo,vɔθo
vɔð,vɔðoʊ,vɔðoʊ,vɔðo,vɔðo
zɔm,zɔmoʊ,zɔmoʊ,zɔmo,zɔmo
zɔn,zɔnoʊ,zɔnoʊ,zɔno,zɔno
zɔŋ,zɔŋoʊ,zɔŋoʊ,zɔŋo,zɔŋo
zɔp,zɔpoʊ,zɔpoʊ,zɔpo,zɔpo
zɔt,zɔtoʊ,zɔtoʊ,zɔto,zɔto
zɔk,zɔkoʊ,zɔkoʊ,zɔko,zɔko
zɔb,zɔboʊ,zɔboʊ,zɔbo,zɔbo
zɔd,zɔdoʊ,zɔdoʊ,zɔdo,zɔdo
zɔg,zɔgoʊ,zɔgoʊ,zɔgo,zɔgo
zɔf,zɔfoʊ,zɔfoʊ,zɔfo,zɔfo
zɔs,zɔsoʊ,zɔsoʊ,zɔso,zɔso
zɔv,zɔvoʊ,zɔvoʊ,zɔvo,zɔvo
zɔz,zɔzoʊ,zɔzoʊ,zɔzo,zɔzo
zɔʃ,zɔʃoʊ,zɔʃoʊ,zɔʃo,zɔʃo
zɔʒ,zɔʒoʊ,zɔʒoʊ,zɔʒo,zɔʒo
zɔθ,zɔθoʊ,zɔθoʊ,zɔθo,zɔθo
zɔð,zɔðoʊ,zɔðoʊ,zɔðo,zɔðo
ʃɔm,ʃɔmoʊ,ʃɔmoʊ,ʃɔmo,ʃɔmo
ʃɔn,ʃɔnoʊ,ʃɔnoʊ,ʃɔno,ʃɔno
ʃɔŋ,ʃɔŋoʊ,ʃɔŋoʊ,ʃɔŋo,ʃɔŋo
ʃɔp,ʃɔpoʊ,ʃɔpoʊ,ʃɔpo,ʃɔpo
ʃɔt,ʃɔtoʊ,ʃɔtoʊ,ʃɔto,ʃɔto
ʃɔk,ʃɔkoʊ,ʃɔkoʊ,ʃɔko,ʃɔko
ʃɔb,ʃɔboʊ,ʃɔboʊ,ʃɔbo,ʃɔbo
ʃɔd,ʃɔdoʊ,ʃɔdoʊ,ʃɔdo,ʃɔdo
ʃɔg,ʃɔgoʊ,ʃɔgoʊ,ʃɔgo,ʃɔgo
ʃɔf,ʃɔfoʊ,ʃɔfoʊ,ʃɔfo,ʃɔfo
ʃɔs,ʃɔsoʊ,ʃɔsoʊ,ʃɔso,ʃɔso
ʃɔv,ʃɔvoʊ,ʃɔvoʊ,ʃɔvo,ʃɔvo
ʃɔz,ʃɔzoʊ,ʃɔzoʊ,ʃɔzo,ʃɔzo
ʃɔʃ,ʃɔʃoʊ,ʃɔʃoʊ,ʃɔʃo,ʃɔʃo
ʃɔʒ,ʃɔʒoʊ,ʃɔʒoʊ,ʃɔʒo,ʃɔʒo
ʃɔθ,ʃɔθoʊ,ʃɔθoʊ,ʃɔθo,ʃɔθo
ʃɔð,ʃɔðoʊ,ʃɔðoʊ,ʃɔðo,ʃɔðo
ʒɔm,ʒɔmoʊ,ʒɔmoʊ,ʒɔmo,ʒɔmo
ʒɔn,ʒɔnoʊ,ʒɔnoʊ,ʒɔno,ʒɔno
ʒɔŋ,ʒɔŋoʊ,ʒɔŋoʊ,ʒɔŋo,ʒɔŋo
ʒɔp,ʒɔpoʊ,ʒɔpoʊ,ʒɔpo,ʒɔpo
ʒɔt,ʒɔtoʊ,ʒɔtoʊ,ʒɔto,ʒɔto
ʒɔk,ʒɔkoʊ,ʒɔkoʊ,ʒɔko,ʒɔko
ʒɔb,ʒɔboʊ,ʒɔboʊ,ʒɔbo,ʒɔbo
ʒɔd,ʒɔdoʊ,ʒɔdoʊ,ʒɔdo,ʒɔdo
ʒɔg,ʒɔgoʊ,ʒɔgoʊ,ʒɔgo,ʒɔgo
ʒɔf,ʒɔfoʊ,ʒɔfoʊ,ʒɔfo,ʒɔfo
ʒɔs,ʒɔsoʊ,ʒɔsoʊ,ʒɔso,ʒɔso
ʒɔv,ʒɔvoʊ,ʒɔvoʊ,ʒɔvo,ʒɔvo
ʒɔz,ʒɔzoʊ,ʒɔzoʊ,ʒɔzo,ʒɔzo
ʒɔʃ,ʒɔʃoʊ,ʒɔʃoʊ,ʒɔʃo,ʒɔʃo
ʒɔʒ,ʒɔʒoʊ,ʒɔʒoʊ,ʒɔʒo,ʒɔʒo
ʒɔθ,ʒɔθoʊ,ʒɔθoʊ,ʒɔθo,ʒɔθo
ʒɔð,ʒɔðoʊ,ʒɔðoʊ,ʒɔðo,ʒɔðo
θɔm,θɔmoʊ,θɔmoʊ,θɔmo,θɔmo
θɔn,θɔnoʊ,θɔnoʊ,θɔno,θɔno
θɔŋ,θɔŋoʊ,θɔŋoʊ,θɔŋo,θɔŋo
θɔp,θɔpoʊ,θɔpoʊ,θɔpo,θɔpo
θɔt,θɔtoʊ,θɔtoʊ,θɔto,θɔto
θɔk,θɔkoʊ,θɔkoʊ,θɔko,θɔko
θɔb,θɔboʊ,θɔboʊ,θɔbo,θɔbo
θɔd,θɔdoʊ,θɔdoʊ,θɔdo,θɔdo
θɔg,θɔgoʊ,θɔgoʊ,θɔgo,θɔgo
θɔf,θɔfoʊ,θɔfoʊ,θɔfo,θɔfo
θɔs,θɔsoʊ,θɔsoʊ,θɔso,θɔso
θɔv,θɔvoʊ,θɔvoʊ,θɔvo,θɔvo
θɔz,θɔzoʊ,θɔzoʊ,θɔzo,θɔzo
θɔʃ,θɔʃoʊ,θɔʃoʊ,θɔʃo,θɔʃo
θɔʒ,θɔʒoʊ,θɔʒoʊ,θɔʒo,θɔʒo
θɔθ,θɔθoʊ,θɔθoʊ,θɔθo,θɔθo
θɔð,θɔðoʊ,θɔðoʊ,θɔðo,θɔðo
ðɔm,ðɔmoʊ,ðɔmoʊ,ðɔmo,ðɔmo
ðɔn,ðɔnoʊ,ðɔnoʊ,ðɔno,ðɔno
ðɔŋ,ðɔŋoʊ,ðɔŋoʊ,ðɔŋo,ðɔŋo
ðɔp,ðɔpoʊ,ðɔpoʊ,ðɔpo,ðɔpo
ðɔt,ðɔtoʊ,ðɔtoʊ,ðɔto,ðɔto
ðɔk,ðɔkoʊ,ðɔkoʊ,ðɔko,ðɔko
ðɔb,ðɔboʊ,ðɔboʊ,ðɔbo,ðɔbo
ðɔd,ðɔdoʊ,ðɔdoʊ,ðɔdo,ðɔdo
ðɔg,ðɔgoʊ,ðɔgoʊ,ðɔgo,ðɔgo
ðɔf,ðɔfoʊ,ðɔfoʊ,ðɔfo,ðɔfo
ðɔs,ðɔsoʊ,ðɔsoʊ,ðɔso,ðɔso
ðɔv,ðɔvoʊ,ðɔvoʊ,ðɔvo,ðɔvo
ðɔz,ðɔzoʊ,ðɔzoʊ,ðɔzo,ðɔzo
ðɔʃ,ðɔʃoʊ,ðɔʃoʊ,ðɔʃo,ðɔʃo
ðɔʒ,ðɔʒoʊ,ðɔʒoʊ,ðɔʒo,ðɔʒo
ðɔθ,ðɔθoʊ,ðɔθoʊ,ðɔθo,ðɔθo
ðɔð,ðɔðoʊ,ðɔðoʊ,ðɔðo,ðɔðo
hɔm,hɔmoʊ,hɔmoʊ,hɔmo,hɔmo
hɔn,hɔnoʊ,hɔnoʊ,hɔno,hɔno
hɔŋ,hɔŋoʊ,hɔŋoʊ,hɔŋo,hɔŋo
hɔp,hɔpoʊ,hɔpoʊ,hɔpo,hɔpo
hɔt,hɔtoʊ,hɔtoʊ,hɔto,hɔto
hɔk,hɔkoʊ,hɔkoʊ,hɔko,hɔko
hɔb,hɔboʊ,hɔboʊ,hɔbo,hɔbo
hɔd,hɔdoʊ,hɔdoʊ,hɔdo,hɔdo
hɔg,hɔgoʊ,hɔgoʊ,hɔgo,hɔgo
hɔf,hɔfoʊ,hɔfoʊ,hɔfo,hɔfo
hɔs,hɔsoʊ,hɔsoʊ,hɔso,hɔso
hɔv,hɔvoʊ,hɔvoʊ,hɔvo,hɔvo
hɔz,hɔzoʊ,hɔzoʊ,hɔzo,hɔzo
hɔʃ,hɔʃoʊ,hɔʃoʊ,hɔʃo,hɔʃo
hɔʒ,hɔʒoʊ,hɔʒoʊ,hɔʒo,hɔʒo
hɔθ,hɔθoʊ,hɔθoʊ,hɔθo,hɔθo
hɔð,hɔðoʊ,hɔðoʊ,hɔðo,hɔðo
