ur_syll,sr_syll,ur_string,sr_string
i.mi,i.mu,imi,imu
i.ni,i.nu,ini,inu
i.pi,i.pu,ipi,ipu
i.ti,i.tu,iti,itu
i.ki,i.ku,iki,iku
i.bi,i.bu,ibi,ibu
i.di,i.du,idi,idu
i.gi,i.gu,igi,igu
i.fi,i.fu,ifi,ifu
i.si,i.su,isi,isu
i.vi,i.vu,ivi,ivu
i.zi,i.zu,izi,izu
i.ʃi,i.ʃu,iʃi,iʃu
i.ʒi,i.ʒu,iʒi,iʒu
i.θi,i.θu,iθi,iθu
i.ði,i.ðu,iði,iðu
i.hi,i.hu,ihi,ihu
i.me,i.mo,ime,imo
i.ne,i.no,ine,ino
i.pe,i.po,ipe,ipo
i.te,i.to,ite,ito
i.ke,i.ko,ike,iko
i.be,i.bo,ibe,ibo
i.de,i.do,ide,ido
i.ge,i.go,ige,igo
i.fe,i.fo,ife,ifo
i.se,i.so,ise,iso
i.ve,i.vo,ive,ivo
i.ze,i.zo,ize,izo
i.ʃe,i.ʃo,iʃe,iʃo
i.ʒe,i.ʒo,iʒe,iʒo
i.θe,i.θo,iθe,iθo
i.ðe,i.ðo,iðe,iðo
i.he,i.ho,ihe,iho
i.mu,i.mi,imu,imi
i.nu,i.ni,inu,ini
i.pu,i.pi,ipu,ipi
i.tu,i.ti,itu,iti
i.ku,i.ki,iku,iki
i.bu,i.bi,ibu,ibi
i.du,i.di,idu,idi
i.gu,i.gi,igu,igi
i.fu,i.fi,ifu,ifi
i.su,i.si,isu,isi
i.vu,i.vi,ivu,ivi
i.zu,i.zi,izu,izi
i.ʃu,i.ʃi,iʃu,iʃi
i.ʒu,i.ʒi,iʒu,iʒi
i.θu,i.θi,iθu,iθi
i.ðu,i.ði,iðu,iði
i.hu,i.hi,ihu,ihi
i.mo,i.me,imo,ime
i.no,i.ne,ino,ine
i.po,i.pe,ipo,ipe
i.to,i.te,ito,ite
i.ko,i.ke,iko,ike
i.bo,i.be,ibo,ibe
i.do,i.de,ido,ide
i.go,i.ge,igo,ige
i.fo,i.fe,ifo,ife
i.so,i.se,iso,ise
i.vo,i.ve,ivo,ive
i.zo,i.ze,izo,ize
i.ʃo,i.ʃe,iʃo,iʃe
i.ʒo,i.ʒe,iʒo,iʒe
i.θo,i.θe,iθo,iθe
i.ðo,i.ðe,iðo,iðe
i.ho,i.he,iho,ihe
e.mi,e.mu,emi,emu
e.ni,e.nu,eni,enu
e.pi,e.pu,epi,epu
e.ti,e.tu,eti,etu
e.ki,e.ku,eki,eku
e.bi,e.bu,ebi,ebu
e.di,e.du,edi,edu
e.gi,e.gu,egi,egu
e.fi,e.fu,efi,efu
e.si,e.su,esi,esu
e.vi,e.vu,evi,evu
e.zi,e.zu,ezi,ezu
e.ʃi,e.ʃu,eʃi,eʃu
e.ʒi,e.ʒu,eʒi,eʒu
e.θi,e.θu,eθi,eθu
e.ði,e.ðu,eði,eðu
e.hi,e.hu,ehi,ehu
e.me,e.mo,eme,emo
e.ne,e.no,ene,eno
e.pe,e.po,epe,epo
e.te,e.to,ete,eto
e.ke,e.ko,eke,eko
e.be,e.bo,ebe,ebo
e.de,e.do,ede,edo
e.ge,e.go,ege,ego
e.fe,e.fo,efe,efo
e.se,e.so,ese,eso
e.ve,e.vo,eve,evo
e.ze,e.zo,eze,ezo
e.ʃe,e.ʃo,eʃe,eʃo
e.ʒe,e.ʒo,eʒe,eʒo
e.θe,e.θo,eθe,eθo
e.ðe,e.ðo,eðe,eðo
e.he,e.ho,ehe,eho
e.mu,e.mi,emu,emi
e.nu,e.ni,enu,eni
e.pu,e.pi,epu,epi
e.tu,e.ti,etu,eti
e.ku,e.ki,eku,eki
e.bu,e.bi,ebu,ebi
e.du,e.di,edu,edi
e.gu,e.gi,egu,egi
e.fu,e.fi,efu,efi
e.su,e.si,esu,esi
e.vu,e.vi,evu,evi
e.zu,e.zi,ezu,ezi
e.ʃu,e.ʃi,eʃu,eʃi
e.ʒu,e.ʒi,eʒu,eʒi
e.θu,e.θi,eθu,eθi
e.ðu,e.ði,eðu,eði
e.hu,e.hi,ehu,ehi
e.mo,e.me,emo,eme
e.no,e.ne,eno,ene
e.po,e.pe,epo,epe
e.to,e.te,eto,ete
e.ko,e.ke,eko,eke
e.bo,e.be,ebo,ebe
e.do,e.de,edo,ede
e.go,e.ge,ego,ege
e.fo,e.fe,efo,efe
e.so,e.se,eso,ese
e.vo,e.ve,evo,eve
e.zo,e.ze,ezo,eze
e.ʃo,e.ʃe,eʃo,eʃe
e.ʒo,e.ʒe,eʒo,eʒe
e.θo,e.θe,eθo,eθe
e.ðo,e.ðe,eðo,eðe
e.ho,e.he,eho,ehe
u.mi,u.mu,umi,umu
u.ni,u.nu,uni,unu
u.pi,u.pu,upi,upu
u.ti,u.tu,uti,utu
u.ki,u.ku,uki,uku
u.bi,u.bu,ubi,ubu
u.di,u.du,udi,udu
u.gi,u.gu,ugi,ugu
u.fi,u.fu,ufi,ufu
u.si,u.su,usi,usu
u.vi,u.vu,uvi,uvu
u.zi,u.zu,uzi,uzu
u.ʃi,u.ʃu,uʃi,uʃu
u.ʒi,u.ʒu,uʒi,uʒu
u.θi,u.θu,uθi,uθu
u.ði,u.ðu,uði,uðu
u.hi,u.hu,uhi,uhu
u.me,u.mo,ume,umo
u.ne,u.no,une,uno
u.pe,u.po,upe,upo
u.te,u.to,ute,uto
u.ke,u.ko,uke,uko
u.be,u.bo,ube,ubo
u.de,u.do,ude,udo
u.ge,u.go,uge,ugo
u.fe,u.fo,ufe,ufo
u.se,u.so,use,uso
u.ve,u.vo,uve,uvo
u.ze,u.zo,uze,uzo
u.ʃe,u.ʃo,uʃe,uʃo
u.ʒe,u.ʒo,uʒe,uʒo
u.θe,u.θo,uθe,uθo
u.ðe,u.ðo,uðe,uðo
u.he,u.ho,uhe,uho
u.mu,u.mi,umu,umi
u.nu,u.ni,unu,uni
u.pu,u.pi,upu,upi
u.tu,u.ti,utu,uti
u.ku,u.ki,uku,uki
u.bu,u.bi,ubu,ubi
u.du,u.di,udu,udi
u.gu,u.gi,ugu,ugi
u.fu,u.fi,ufu,ufi
u.su,u.si,usu,usi
u.vu,u.vi,uvu,uvi
u.zu,u.zi,uzu,uzi
u.ʃu,u.ʃi,uʃu,uʃi
u.ʒu,u.ʒi,uʒu,uʒi
u.θu,u.θi,uθu,uθi
u.ðu,u.ði,uðu,uði
u.hu,u.hi,uhu,uhi
u.mo,u.me,umo,ume
u.no,u.ne,uno,une
u.po,u.pe,upo,upe
u.to,u.te,uto,ute
u.ko,u.ke,uko,uke
u.bo,u.be,ubo,ube
u.do,u.de,udo,ude
u.go,u.ge,ugo,uge
u.fo,u.fe,ufo,ufe
u.so,u.se,uso,use
u.vo,u.ve,uvo,uve
u.zo,u.ze,uzo,uze
u.ʃo,u.ʃe,uʃo,uʃe
u.ʒo,u.ʒe,uʒo,uʒe
u.θo,u.θe,uθo,uθe
u.ðo,u.ðe,uðo,uðe
u.ho,u.he,uho,uhe
o.mi,o.mu,omi,omu
o.ni,o.nu,oni,onu
o.pi,o.pu,opi,opu
o.ti,o.tu,oti,otu
o.ki,o.ku,oki,oku
o.bi,o.bu,obi,obu
o.di,o.du,odi,odu
o.gi,o.gu,ogi,ogu
o.fi,o.fu,ofi,ofu
o.si,o.su,osi,osu
o.vi,o.vu,ovi,ovu
o.zi,o.zu,ozi,ozu
o.ʃi,o.ʃu,oʃi,oʃu
o.ʒi,o.ʒu,oʒi,oʒu
o.θi,o.θu,oθi,oθu
o.ði,o.ðu,oði,oðu
o.hi,o.hu,ohi,ohu
o.me,o.mo,ome,omo
o.ne,o.no,one,ono
o.pe,o.po,ope,opo
o.te,o.to,ote,oto
o.ke,o.ko,oke,oko
o.be,o.bo,obe,obo
o.de,o.do,ode,odo
o.ge,o.go,oge,ogo
o.fe,o.fo,ofe,ofo
o.se,o.so,ose,oso
o.ve,o.vo,ove,ovo
o.ze,o.zo,oze,ozo
o.ʃe,o.ʃo,oʃe,oʃo
o.ʒe,o.ʒo,oʒe,oʒo
o.θe,o.θo,oθe,oθo
o.ðe,o.ðo,oðe,oðo
o.he,o.ho,ohe,oho
o.mu,o.mi,omu,omi
o.nu,o.ni,onu,oni
o.pu,o.pi,opu,opi
o.tu,o.ti,otu,oti
o.ku,o.ki,oku,oki
o.bu,o.bi,obu,obi
o.du,o.di,odu,odi
o.gu,o.gi,ogu,ogi
o.fu,o.fi,ofu,ofi
o.su,o.si,osu,osi
o.vu,o.vi,ovu,ovi
o.zu,o.zi,ozu,ozi
o.ʃu,o.ʃi,oʃu,oʃi
o.ʒu,o.ʒi,oʒu,oʒi
o.θu,o.θi,oθu,oθi
o.ðu,o.ði,oðu,oði
o.hu,o.hi,ohu,ohi
o.mo,o.me,omo,ome
o.no,o.ne,ono,one
o.po,o.pe,opo,ope
o.to,o.te,oto,ote
o.ko,o.ke,oko,oke
o.bo,o.be,obo,obe
o.do,o.de,odo,ode
o.go,o.ge,ogo,oge
o.fo,o.fe,ofo,ofe
o.so,o.se,oso,ose
o.vo,o.ve,ovo,ove
o.zo,o.ze,ozo,oze
o.ʃo,o.ʃe,oʃo,oʃe
o.ʒo,o.ʒe,oʒo,oʒe
o.θo,o.θe,oθo,oθe
o.ðo,o.ðe,oðo,oðe
o.ho,o.he,oho,ohe
i.mɪm,i.mʊm,imɪm,imʊm
i.mɪn,i.mʊn,imɪn,imʊn
i.mɪŋ,i.mʊŋ,imɪŋ,imʊŋ
i.mɪp,i.mʊp,imɪp,imʊp
i.mɪt,i.mʊt,imɪt,imʊt
i.mɪk,i.mʊk,imɪk,imʊk
i.mɪb,i.mʊb,imɪb,imʊb
i.mɪd,i.mʊd,imɪd,imʊd
i.mɪg,i.mʊg,imɪg,imʊg
i.mɪf,i.mʊf,imɪf,imʊf
i.mɪs,i.mʊs,imɪs,imʊs
i.mɪv,i.mʊv,imɪv,imʊv
i.mɪz,i.mʊz,imɪz,imʊz
i.mɪʃ,i.mʊʃ,imɪʃ,imʊʃ
i.mɪʒ,i.mʊʒ,imɪʒ,imʊʒ
i.mɪθ,i.mʊθ,imɪθ,imʊθ
i.mɪð,i.mʊð,imɪð,imʊð
i.nɪm,i.nʊm,inɪm,inʊm
i.nɪn,i.nʊn,inɪn,inʊn
i.nɪŋ,i.nʊŋ,inɪŋ,inʊŋ
i.nɪp,i.nʊp,inɪp,inʊp
i.nɪt,i.nʊt,inɪt,inʊt
i.nɪk,i.nʊk,inɪk,inʊk
i.nɪb,i.nʊb,inɪb,inʊb
i.nɪd,i.nʊd,inɪd,inʊd
i.nɪg,i.nʊg,inɪg,inʊg
i.nɪf,i.nʊf,inɪf,inʊf
i.nɪs,i.nʊs,inɪs,inʊs
i.nɪv,i.nʊv,inɪv,inʊv
i.nɪz,i.nʊz,inɪz,inʊz
i.nɪʃ,i.nʊʃ,inɪʃ,inʊʃ
i.nɪʒ,i.nʊʒ,inɪʒ,inʊʒ
i.nɪθ,i.nʊθ,inɪθ,inʊθ
i.nɪð,i.nʊð,inɪð,inʊð
i.pɪm,i.pʊm,ipɪm,ipʊm
i.pɪn,i.pʊn,ipɪn,ipʊn
i.pɪŋ,i.pʊŋ,ipɪŋ,ipʊŋ
i.pɪp,i.pʊp,ipɪp,ipʊp
i.pɪt,i.pʊt,ipɪt,ipʊt
i.pɪk,i.pʊk,ipɪk,ipʊk
i.pɪb,i.pʊb,ipɪb,ipʊb
i.pɪd,i.pʊd,ipɪd,ipʊd
i.pɪg,i.pʊg,ipɪg,ipʊg
i.pɪf,i.pʊf,ipɪf,ipʊf
i.pɪs,i.pʊs,ipɪs,ipʊs
i.pɪv,i.pʊv,ipɪv,ipʊv
i.pɪz,i.pʊz,ipɪz,ipʊz
i.pɪʃ,i.pʊʃ,ipɪʃ,ipʊʃ
i.pɪʒ,i.pʊʒ,ipɪʒ,ipʊʒ
i.pɪθ,i.pʊθ,ipɪθ,ipʊθ
i.pɪð,i.pʊð,ipɪð,ipʊð
i.tɪm,i.tʊm,itɪm,itʊm
i.tɪn,i.tʊn,itɪn,itʊn
i.tɪŋ,i.tʊŋ,itɪŋ,itʊŋ
i.tɪp,i.tʊp,itɪp,itʊp
i.tɪt,i.tʊt,itɪt,itʊt
i.tɪk,i.tʊk,itɪk,itʊk
i.tɪb,i.tʊb,itɪb,itʊb
i.tɪd,i.tʊd,itɪd,itʊd
i.tɪg,i.tʊg,itɪg,itʊg
i.tɪf,i.tʊf,itɪf,itʊf
i.tɪs,i.tʊs,itɪs,itʊs
i.tɪv,i.tʊv,itɪv,itʊv
i.tɪz,i.tʊz,itɪz,itʊz
i.tɪʃ,i.tʊʃ,itɪʃ,itʊʃ
i.tɪʒ,i.tʊʒ,itɪʒ,itʊʒ
i.tɪθ,i.tʊθ,itɪθ,itʊθ
i.tɪð,i.tʊð,itɪð,itʊð
i.kɪm,i.kʊm,ikɪm,ikʊm
i.kɪn,i.kʊn,ikɪn,ikʊn
i.kɪŋ,i.kʊŋ,ikɪŋ,ikʊŋ
i.kɪp,i.kʊp,ikɪp,ikʊp
i.kɪt,i.kʊt,ikɪt,ikʊt
i.kɪk,i.kʊk,ikɪk,ikʊk
i.kɪb,i.kʊb,ikɪb,ikʊb
i.kɪd,i.kʊd,ikɪd,ikʊd
i.kɪg,i.kʊg,ikɪg,ikʊg
i.kɪf,i.kʊf,ikɪf,ikʊf
i.kɪs,i.kʊs,ikɪs,ikʊs
i.kɪv,i.kʊv,ikɪv,ikʊv
i.kɪz,i.kʊz,ikɪz,ikʊz
i.kɪʃ,i.kʊʃ,ikɪʃ,ikʊʃ
i.kɪʒ,i.kʊʒ,ikɪʒ,ikʊʒ
i.kɪθ,i.kʊθ,ikɪθ,ikʊθ
i.kɪð,i.kʊð,ikɪð,ikʊð
i.bɪm,i.bʊm,ibɪm,ibʊm
i.bɪn,i.bʊn,ibɪn,ibʊn
i.bɪŋ,i.bʊŋ,ibɪŋ,ibʊŋ
i.bɪp,i.bʊp,ibɪp,ibʊp
i.bɪt,i.bʊt,ibɪt,ibʊt
i.bɪk,i.bʊk,ibɪk,ibʊk
i.bɪb,i.bʊb,ibɪb,ibʊb
i.bɪd,i.bʊd,ibɪd,ibʊd
i.bɪg,i.bʊg,ibɪg,ibʊg
i.bɪf,i.bʊf,ibɪf,ibʊf
i.bɪs,i.bʊs,ibɪs,ibʊs
i.bɪv,i.bʊv,ibɪv,ibʊv
i.bɪz,i.bʊz,ibɪz,ibʊz
i.bɪʃ,i.bʊʃ,ibɪʃ,ibʊʃ
i.bɪʒ,i.bʊʒ,ibɪʒ,ibʊʒ
i.bɪθ,i.bʊθ,ibɪθ,ibʊθ
i.bɪð,i.bʊð,ibɪð,ibʊð
i.dɪm,i.dʊm,idɪm,idʊm
i.dɪn,i.dʊn,idɪn,idʊn
i.dɪŋ,i.dʊŋ,idɪŋ,idʊŋ
i.dɪp,i.dʊp,idɪp,idʊp
i.dɪt,i.dʊt,idɪt,idʊt
i.dɪk,i.dʊk,idɪk,idʊk
i.dɪb,i.dʊb,idɪb,idʊb
i.dɪd,i.dʊd,idɪd,idʊd
i.dɪg,i.dʊg,idɪg,idʊg
i.dɪf,i.dʊf,idɪf,idʊf
i.dɪs,i.dʊs,idɪs,idʊs
i.dɪv,i.dʊv,idɪv,idʊv
i.dɪz,i.dʊz,idɪz,idʊz
i.dɪʃ,i.dʊʃ,idɪʃ,idʊʃ
i.dɪʒ,i.dʊʒ,idɪʒ,idʊʒ
i.dɪθ,i.dʊθ,idɪθ,idʊθ
i.dɪð,i.dʊð,idɪð,idʊð
i.gɪm,i.gʊm,igɪm,igʊm
i.gɪn,i.gʊn,igɪn,igʊn
i.gɪŋ,i.gʊŋ,igɪŋ,igʊŋ
i.gɪp,i.gʊp,igɪp,igʊp
i.gɪt,i.gʊt,igɪt,igʊt
i.gɪk,i.gʊk,igɪk,igʊk
i.gɪb,i.gʊb,igɪb,igʊb
i.gɪd,i.gʊd,igɪd,igʊd
i.gɪg,i.gʊg,igɪg,igʊg
i.gɪf,i.gʊf,igɪf,igʊf
i.gɪs,i.gʊs,igɪs,igʊs
i.gɪv,i.gʊv,igɪv,igʊv
i.gɪz,i.gʊz,igɪz,igʊz
i.gɪʃ,i.gʊʃ,igɪʃ,igʊʃ
i.gɪʒ,i.gʊʒ,igɪʒ,igʊʒ
i.gɪθ,i.gʊθ,igɪθ,igʊθ
i.gɪð,i.gʊð,igɪð,igʊð
i.fɪm,i.fʊm,ifɪm,ifʊm
i.fɪn,i.fʊn,ifɪn,ifʊn
i.fɪŋ,i.fʊŋ,ifɪŋ,ifʊŋ
i.fɪp,i.fʊp,ifɪp,ifʊp
i.fɪt,i.fʊt,ifɪt,ifʊt
i.fɪk,i.fʊk,ifɪk,ifʊk
i.fɪb,i.fʊb,ifɪb,ifʊb
i.fɪd,i.fʊd,ifɪd,ifʊd
i.fɪg,i.fʊg,ifɪg,ifʊg
i.fɪf,i.fʊf,ifɪf,ifʊf
i.fɪs,i.fʊs,ifɪs,ifʊs
i.fɪv,i.fʊv,ifɪv,ifʊv
i.fɪz,i.fʊz,ifɪz,ifʊz
i.fɪʃ,i.fʊʃ,ifɪʃ,ifʊʃ
i.fɪʒ,i.fʊʒ,ifɪʒ,ifʊʒ
i.fɪθ,i.fʊθ,ifɪθ,ifʊθ
i.fɪð,i.fʊð,ifɪð,ifʊð
i.sɪm,i.sʊm,isɪm,isʊm
i.sɪn,i.sʊn,isɪn,isʊn
i.sɪŋ,i.sʊŋ,isɪŋ,isʊŋ
i.sɪp,i.sʊp,isɪp,isʊp
i.sɪt,i.sʊt,isɪt,isʊt
i.sɪk,i.sʊk,isɪk,isʊk
i.sɪb,i.sʊb,isɪb,isʊb
i.sɪd,i.sʊd,isɪd,isʊd
i.sɪg,i.sʊg,isɪg,isʊg
i.sɪf,i.sʊf,isɪf,isʊf
i.sɪs,i.sʊs,isɪs,isʊs
i.sɪv,i.sʊv,isɪv,isʊv
i.sɪz,i.sʊz,isɪz,isʊz
i.sɪʃ,i.sʊʃ,isɪʃ,isʊʃ
i.sɪʒ,i.sʊʒ,isɪʒ,isʊʒ
i.sɪθ,i.sʊθ,isɪθ,isʊθ
i.sɪð,i.sʊð,isɪð,isʊð
i.vɪm,i.vʊm,ivɪm,ivʊm
i.vɪn,i.vʊn,ivɪn,ivʊn
i.vɪŋ,i.vʊŋ,ivɪŋ,ivʊŋ
i.vɪp,i.vʊp,ivɪp,ivʊp
i.vɪt,i.vʊt,ivɪt,ivʊt
i.vɪk,i.vʊk,ivɪk,ivʊk
i.vɪb,i.vʊb,ivɪb,ivʊb
i.vɪd,i.vʊd,ivɪd,ivʊd
i.vɪg,i.vʊg,ivɪg,ivʊg
i.vɪf,i.vʊf,ivɪf,ivʊf
i.vɪs,i.vʊs,ivɪs,ivʊs
i.vɪv,i.vʊv,ivɪv,ivʊv
i.vɪz,i.vʊz,ivɪz,ivʊz
i.vɪʃ,i.vʊʃ,ivɪʃ,ivʊʃ
i.vɪʒ,i.vʊʒ,ivɪʒ,ivʊʒ
i.vɪθ,i.vʊθ,ivɪθ,ivʊθ
i.vɪð,i.vʊð,ivɪð,ivʊð
i.zɪm,i.zʊm,izɪm,izʊm
i.zɪn,i.zʊn,izɪn,izʊn
i.zɪŋ,i.zʊŋ,izɪŋ,izʊŋ
i.zɪp,i.zʊp,izɪp,izʊp
i.zɪt,i.zʊt,izɪt,izʊt
i.zɪk,i.zʊk,izɪk,izʊk
i.zɪb,i.zʊb,izɪb,izʊb
i.zɪd,i.zʊd,izɪd,izʊd
i.zɪg,i.zʊg,izɪg,izʊg
i.zɪf,i.zʊf,izɪf,izʊf
i.zɪs,i.zʊs,izɪs,izʊs
i.zɪv,i.zʊv,izɪv,izʊv
i.zɪz,i.zʊz,izɪz,izʊz
i.zɪʃ,i.zʊʃ,izɪʃ,izʊʃ
i.zɪʒ,i.zʊʒ,izɪʒ,izʊʒ
i.zɪθ,i.zʊθ,izɪθ,izʊθ
i.zɪð,i.zʊð,izɪð,izʊð
i.ʃɪm,i.ʃʊm,iʃɪm,iʃʊm
i.ʃɪn,i.ʃʊn,iʃɪn,iʃʊn
i.ʃɪŋ,i.ʃʊŋ,iʃɪŋ,iʃʊŋ
i.ʃɪp,i.ʃʊp,iʃɪp,iʃʊp
i.ʃɪt,i.ʃʊt,iʃɪt,iʃʊt
i.ʃɪk,i.ʃʊk,iʃɪk,iʃʊk
i.ʃɪb,i.ʃʊb,iʃɪb,iʃʊb
i.ʃɪd,i.ʃʊd,iʃɪd,iʃʊd
i.ʃɪg,i.ʃʊg,iʃɪg,iʃʊg
i.ʃɪf,i.ʃʊf,iʃɪf,iʃʊf
i.ʃɪs,i.ʃʊs,iʃɪs,iʃʊs
i.ʃɪv,i.ʃʊv,iʃɪv,iʃʊv
i.ʃɪz,i.ʃʊz,iʃɪz,iʃʊz
i.ʃɪʃ,i.ʃʊʃ,iʃɪʃ,iʃʊʃ
i.ʃɪʒ,i.ʃʊʒ,iʃɪʒ,iʃʊʒ
i.ʃɪθ,i.ʃʊθ,iʃɪθ,iʃʊθ
i.ʃɪð,i.ʃʊð,iʃɪð,iʃʊð
i.ʒɪm,i.ʒʊm,iʒɪm,iʒʊm
i.ʒɪn,i.ʒʊn,iʒɪn,iʒʊn
i.ʒɪŋ,i.ʒʊŋ,iʒɪŋ,iʒʊŋ
i.ʒɪp,i.ʒʊp,iʒɪp,iʒʊp
i.ʒɪt,i.ʒʊt,iʒɪt,iʒʊt
i.ʒɪk,i.ʒʊk,iʒɪk,iʒʊk
i.ʒɪb,i.ʒʊb,iʒɪb,iʒʊb
i.ʒɪd,i.ʒʊd,iʒɪd,iʒʊd
i.ʒɪg,i.ʒʊg,iʒɪg,iʒʊg
i.ʒɪf,i.ʒʊf,iʒɪf,iʒʊf
i.ʒɪs,i.ʒʊs,iʒɪs,iʒʊs
i.ʒɪv,i.ʒʊv,iʒɪv,iʒʊv
i.ʒɪz,i.ʒʊz,iʒɪz,iʒʊz
i.ʒɪʃ,i.ʒʊʃ,iʒɪʃ,iʒʊʃ
i.ʒɪʒ,i.ʒʊʒ,iʒɪʒ,iʒʊʒ
i.ʒɪθ,i.ʒʊθ,iʒɪθ,iʒʊθ
i.ʒɪð,i.ʒʊð,iʒɪð,iʒʊð
i.θɪm,i.θʊm,iθɪm,iθʊm
i.θɪn,i.θʊn,iθɪn,iθʊn
i.θɪŋ,i.θʊŋ,iθɪŋ,iθʊŋ
i.θɪp,i.θʊp,iθɪp,iθʊp
i.θɪt,i.θʊt,iθɪt,iθʊt
i.θɪk,i.θʊk,iθɪk,iθʊk
i.θɪb,i.θʊb,iθɪb,iθʊb
i.θɪd,i.θʊd,iθɪd,iθʊd
i.θɪg,i.θʊg,iθɪg,iθʊg
i.θɪf,i.θʊf,iθɪf,iθʊf
i.θɪs,i.θʊs,iθɪs,iθʊs
i.θɪv,i.θʊv,iθɪv,iθʊv
i.θɪz,i.θʊz,iθɪz,iθʊz
i.θɪʃ,i.θʊʃ,iθɪʃ,iθʊʃ
i.θɪʒ,i.θʊʒ,iθɪʒ,iθʊʒ
i.θɪθ,i.θʊθ,iθɪθ,iθʊθ
i.θɪð,i.θʊð,iθɪð,iθʊð
i.ðɪm,i.ðʊm,iðɪm,iðʊm
i.ðɪn,i.ðʊn,iðɪn,iðʊn
i.ðɪŋ,i.ðʊŋ,iðɪŋ,iðʊŋ
i.ðɪp,i.ðʊp,iðɪp,iðʊp
i.ðɪt,i.ðʊt,iðɪt,iðʊt
i.ðɪk,i.ðʊk,iðɪk,iðʊk
i.ðɪb,i.ðʊb,iðɪb,iðʊb
i.ðɪd,i.ðʊd,iðɪd,iðʊd
i.ðɪg,i.ðʊg,iðɪg,iðʊg
i.ðɪf,i.ðʊf,iðɪf,iðʊf
i.ðɪs,i.ðʊs,iðɪs,iðʊs
i.ðɪv,i.ðʊv,iðɪv,iðʊv
i.ðɪz,i.ðʊz,iðɪz,iðʊz
i.ðɪʃ,i.ðʊʃ,iðɪʃ,iðʊʃ
i.ðɪʒ,i.ðʊʒ,iðɪʒ,iðʊʒ
i.ðɪθ,i.ðʊθ,iðɪθ,iðʊθ
i.ðɪð,i.ðʊð,iðɪð,iðʊð
i.hɪm,i.hʊm,ihɪm,ihʊm
i.hɪn,i.hʊn,ihɪn,ihʊn
i.hɪŋ,i.hʊŋ,ihɪŋ,ihʊŋ
i.hɪp,i.hʊp,ihɪp,ihʊp
i.hɪt,i.hʊt,ihɪt,ihʊt
i.hɪk,i.hʊk,ihɪk,ihʊk
i.hɪb,i.hʊb,ihɪb,ihʊb
i.hɪd,i.hʊd,ihɪd,ihʊd
i.hɪg,i.hʊg,ihɪg,ihʊg
i.hɪf,i.hʊf,ihɪf,ihʊf
i.hɪs,i.hʊs,ihɪs,ihʊs
i.hɪv,i.hʊv,ihɪv,ihʊv
i.hɪz,i.hʊz,ihɪz,ihʊz
i.hɪʃ,i.hʊʃ,ihɪʃ,ihʊʃ
i.hɪʒ,i.hʊʒ,ihɪʒ,ihʊʒ
i.hɪθ,i.hʊθ,ihɪθ,ihʊθ
i.hɪð,i.hʊð,ihɪð,ihʊð
i.mɛm,i.mɔm,imɛm,imɔm
i.mɛn,i.mɔn,imɛn,imɔn
i.mɛŋ,i.mɔŋ,imɛŋ,imɔŋ
i.mɛp,i.mɔp,imɛp,imɔp
i.mɛt,i.mɔt,imɛt,imɔt
i.mɛk,i.mɔk,imɛk,imɔk
i.mɛb,i.mɔb,imɛb,imɔb
i.mɛd,i.mɔd,imɛd,imɔd
i.mɛg,i.mɔg,imɛg,imɔg
i.mɛf,i.mɔf,imɛf,imɔf
i.mɛs,i.mɔs,imɛs,imɔs
i.mɛv,i.mɔv,imɛv,imɔv
i.mɛz,i.mɔz,imɛz,imɔz
i.mɛʃ,i.mɔʃ,imɛʃ,imɔʃ
i.mɛʒ,i.mɔʒ,imɛʒ,imɔʒ
i.mɛθ,i.mɔθ,imɛθ,imɔθ
i.mɛð,i.mɔð,imɛð,imɔð
i.nɛm,i.nɔm,inɛm,inɔm
i.nɛn,i.nɔn,inɛn,inɔn
i.nɛŋ,i.nɔŋ,inɛŋ,inɔŋ
i.nɛp,i.nɔp,inɛp,inɔp
i.nɛt,i.nɔt,inɛt,inɔt
i.nɛk,i.nɔk,inɛk,inɔk
i.nɛb,i.nɔb,inɛb,inɔb
i.nɛd,i.nɔd,inɛd,inɔd
i.nɛg,i.nɔg,inɛg,inɔg
i.nɛf,i.nɔf,inɛf,inɔf
i.nɛs,i.nɔs,inɛs,inɔs
i.nɛv,i.nɔv,inɛv,inɔv
i.nɛz,i.nɔz,inɛz,inɔz
i.nɛʃ,i.nɔʃ,inɛʃ,inɔʃ
i.nɛʒ,i.nɔʒ,inɛʒ,inɔʒ
i.nɛθ,i.nɔθ,inɛθ,inɔθ
i.nɛð,i.nɔð,inɛð,inɔð
i.pɛm,i.pɔm,ipɛm,ipɔm
i.pɛn,i.pɔn,ipɛn,ipɔn
i.pɛŋ,i.pɔŋ,ipɛŋ,ipɔŋ
i.pɛp,i.pɔp,ipɛp,ipɔp
i.pɛt,i.pɔt,ipɛt,ipɔt
i.pɛk,i.pɔk,ipɛk,ipɔk
i.pɛb,i.pɔb,ipɛb,ipɔb
i.pɛd,i.pɔd,ipɛd,ipɔd
i.pɛg,i.pɔg,ipɛg,ipɔg
i.pɛf,i.pɔf,ipɛf,ipɔf
i.pɛs,i.pɔs,ipɛs,ipɔs
i.pɛv,i.pɔv,ipɛv,ipɔv
i.pɛz,i.pɔz,ipɛz,ipɔz
i.pɛʃ,i.pɔʃ,ipɛʃ,ipɔʃ
i.pɛʒ,i.pɔʒ,ipɛʒ,ipɔʒ
i.pɛθ,i.pɔθ,ipɛθ,ipɔθ
i.pɛð,i.pɔð,ipɛð,ipɔð
i.tɛm,i.tɔm,itɛm,itɔm
i.tɛn,i.tɔn,itɛn,itɔn
i.tɛŋ,i.tɔŋ,itɛŋ,itɔŋ
i.tɛp,i.tɔp,itɛp,itɔp
i.tɛt,i.tɔt,itɛt,itɔt
i.tɛk,i.tɔk,itɛk,itɔk
i.tɛb,i.tɔb,itɛb,itɔb
i.tɛd,i.tɔd,itɛd,itɔd
i.tɛg,i.tɔg,itɛg,itɔg
i.tɛf,i.tɔf,itɛf,itɔf
i.tɛs,i.tɔs,itɛs,itɔs
i.tɛv,i.tɔv,itɛv,itɔv
i.tɛz,i.tɔz,itɛz,itɔz
i.tɛʃ,i.tɔʃ,itɛʃ,itɔʃ
i.tɛʒ,i.tɔʒ,itɛʒ,itɔʒ
i.tɛθ,i.tɔθ,itɛθ,itɔθ
i.tɛð,i.tɔð,itɛð,itɔð
i.kɛm,i.kɔm,ikɛm,ikɔm
i.kɛn,i.kɔn,ikɛn,ikɔn
i.kɛŋ,i.kɔŋ,ikɛŋ,ikɔŋ
i.kɛp,i.kɔp,ikɛp,ikɔp
i.kɛt,i.kɔt,ikɛt,ikɔt
i.kɛk,i.kɔk,ikɛk,ikɔk
i.kɛb,i.kɔb,ikɛb,ikɔb
i.kɛd,i.kɔd,ikɛd,ikɔd
i.kɛg,i.kɔg,ikɛg,ikɔg
i.kɛf,i.kɔf,ikɛf,ikɔf
i.kɛs,i.kɔs,ikɛs,ikɔs
i.kɛv,i.kɔv,ikɛv,ikɔv
i.kɛz,i.kɔz,ikɛz,ikɔz
i.kɛʃ,i.kɔʃ,ikɛʃ,ikɔʃ
i.kɛʒ,i.kɔʒ,ikɛʒ,ikɔʒ
i.kɛθ,i.kɔθ,ikɛθ,ikɔθ
i.kɛð,i.kɔð,ikɛð,ikɔð
i.bɛm,i.bɔm,ibɛm,ibɔm
i.bɛn,i.bɔn,ibɛn,ibɔn
i.bɛŋ,i.bɔŋ,ibɛŋ,ibɔŋ
i.bɛp,i.bɔp,ibɛp,ibɔp
i.bɛt,i.bɔt,ibɛt,ibɔt
i.bɛk,i.bɔk,ibɛk,ibɔk
i.bɛb,i.bɔb,ibɛb,ibɔb
i.bɛd,i.bɔd,ibɛd,ibɔd
i.bɛg,i.bɔg,ibɛg,ibɔg
i.bɛf,i.bɔf,ibɛf,ibɔf
i.bɛs,i.bɔs,ibɛs,ibɔs
i.bɛv,i.bɔv,ibɛv,ibɔv
i.bɛz,i.bɔz,ibɛz,ibɔz
i.bɛʃ,i.bɔʃ,ibɛʃ,ibɔʃ
i.bɛʒ,i.bɔʒ,ibɛʒ,ibɔʒ
i.bɛθ,i.bɔθ,ibɛθ,ibɔθ
i.bɛð,i.bɔð,ibɛð,ibɔð
i.dɛm,i.dɔm,idɛm,idɔm
i.dɛn,i.dɔn,idɛn,idɔn
i.dɛŋ,i.dɔŋ,idɛŋ,idɔŋ
i.dɛp,i.dɔp,idɛp,idɔp
i.dɛt,i.dɔt,idɛt,idɔt
i.dɛk,i.dɔk,idɛk,idɔk
i.dɛb,i.dɔb,idɛb,idɔb
i.dɛd,i.dɔd,idɛd,idɔd
i.dɛg,i.dɔg,idɛg,idɔg
i.dɛf,i.dɔf,idɛf,idɔf
i.dɛs,i.dɔs,idɛs,idɔs
i.dɛv,i.dɔv,idɛv,idɔv
i.dɛz,i.dɔz,idɛz,idɔz
i.dɛʃ,i.dɔʃ,idɛʃ,idɔʃ
i.dɛʒ,i.dɔʒ,idɛʒ,idɔʒ
i.dɛθ,i.dɔθ,idɛθ,idɔθ
i.dɛð,i.dɔð,idɛð,idɔð
i.gɛm,i.gɔm,igɛm,igɔm
i.gɛn,i.gɔn,igɛn,igɔn
i.gɛŋ,i.gɔŋ,igɛŋ,igɔŋ
i.gɛp,i.gɔp,igɛp,igɔp
i.gɛt,i.gɔt,igɛt,igɔt
i.gɛk,i.gɔk,igɛk,igɔk
i.gɛb,i.gɔb,igɛb,igɔb
i.gɛd,i.gɔd,igɛd,igɔd
i.gɛg,i.gɔg,igɛg,igɔg
i.gɛf,i.gɔf,igɛf,igɔf
i.gɛs,i.gɔs,igɛs,igɔs
i.gɛv,i.gɔv,igɛv,igɔv
i.gɛz,i.gɔz,igɛz,igɔz
i.gɛʃ,i.gɔʃ,igɛʃ,igɔʃ
i.gɛʒ,i.gɔʒ,igɛʒ,igɔʒ
i.gɛθ,i.gɔθ,igɛθ,igɔθ
i.gɛð,i.gɔð,igɛð,igɔð
i.fɛm,i.fɔm,ifɛm,ifɔm
i.fɛn,i.fɔn,ifɛn,ifɔn
i.fɛŋ,i.fɔŋ,ifɛŋ,ifɔŋ
i.fɛp,i.fɔp,ifɛp,ifɔp
i.fɛt,i.fɔt,ifɛt,ifɔt
i.fɛk,i.fɔk,ifɛk,ifɔk
i.fɛb,i.fɔb,ifɛb,ifɔb
i.fɛd,i.fɔd,ifɛd,ifɔd
i.fɛg,i.fɔg,ifɛg,ifɔg
i.fɛf,i.fɔf,ifɛf,ifɔf
i.fɛs,i.fɔs,ifɛs,ifɔs
i.fɛv,i.fɔv,ifɛv,ifɔv
i.fɛz,i.fɔz,ifɛz,ifɔz
i.fɛʃ,i.fɔʃ,ifɛʃ,ifɔʃ
i.fɛʒ,i.fɔʒ,ifɛʒ,ifɔʒ
i.fɛθ,i.fɔθ,ifɛθ,ifɔθ
i.fɛð,i.fɔð,ifɛð,ifɔð
i.sɛm,i.sɔm,isɛm,isɔm
i.sɛn,i.sɔn,isɛn,isɔn
i.sɛŋ,i.sɔŋ,isɛŋ,isɔŋ
i.sɛp,i.sɔp,isɛp,isɔp
i.sɛt,i.sɔt,isɛt,isɔt
i.sɛk,i.sɔk,isɛk,isɔk
i.sɛb,i.sɔb,isɛb,isɔb
i.sɛd,i.sɔd,isɛd,isɔd
i.sɛg,i.sɔg,isɛg,isɔg
i.sɛf,i.sɔf,isɛf,isɔf
i.sɛs,i.sɔs,isɛs,isɔs
i.sɛv,i.sɔv,isɛv,isɔv
i.sɛz,i.sɔz,isɛz,isɔz
i.sɛʃ,i.sɔʃ,isɛʃ,isɔʃ
i.sɛʒ,i.sɔʒ,isɛʒ,isɔʒ
i.sɛθ,i.sɔθ,isɛθ,isɔθ
i.sɛð,i.sɔð,isɛð,isɔð
i.vɛm,i.vɔm,ivɛm,ivɔm
i.vɛn,i.vɔn,ivɛn,ivɔn
i.vɛŋ,i.vɔŋ,ivɛŋ,ivɔŋ
i.vɛp,i.vɔp,ivɛp,ivɔp
i.vɛt,i.vɔt,ivɛt,ivɔt
i.vɛk,i.vɔk,ivɛk,ivɔk
i.vɛb,i.vɔb,ivɛb,ivɔb
i.vɛd,i.vɔd,ivɛd,ivɔd
i.vɛg,i.vɔg,ivɛg,ivɔg
i.vɛf,i.vɔf,ivɛf,ivɔf
i.vɛs,i.vɔs,ivɛs,ivɔs
i.vɛv,i.vɔv,ivɛv,ivɔv
i.vɛz,i.vɔz,ivɛz,ivɔz
i.vɛʃ,i.vɔʃ,ivɛʃ,ivɔʃ
i.vɛʒ,i.vɔʒ,ivɛʒ,ivɔʒ
i.vɛθ,i.vɔθ,ivɛθ,ivɔθ
i.vɛð,i.vɔð,ivɛð,ivɔð
i.zɛm,i.zɔm,izɛm,izɔm
i.zɛn,i.zɔn,izɛn,izɔn
i.zɛŋ,i.zɔŋ,izɛŋ,izɔŋ
i.zɛp,i.zɔp,izɛp,izɔp
i.zɛt,i.zɔt,izɛt,izɔt
i.zɛk,i.zɔk,izɛk,izɔk
i.zɛb,i.zɔb,izɛb,izɔb
i.zɛd,i.zɔd,izɛd,izɔd
i.zɛg,i.zɔg,izɛg,izɔg
i.zɛf,i.zɔf,izɛf,izɔf
i.zɛs,i.zɔs,izɛs,izɔs
i.zɛv,i.zɔv,izɛv,izɔv
i.zɛz,i.zɔz,izɛz,izɔz
i.zɛʃ,i.zɔʃ,izɛʃ,izɔʃ
i.zɛʒ,i.zɔʒ,izɛʒ,izɔʒ
i.zɛθ,i.zɔθ,izɛθ,izɔθ
i.zɛð,i.zɔð,izɛð,izɔð
i.ʃɛm,i.ʃɔm,iʃɛm,iʃɔm
i.ʃɛn,i.ʃɔn,iʃɛn,iʃɔn
i.ʃɛŋ,i.ʃɔŋ,iʃɛŋ,iʃɔŋ
i.ʃɛp,i.ʃɔp,iʃɛp,iʃɔp
i.ʃɛt,i.ʃɔt,iʃɛt,iʃɔt
i.ʃɛk,i.ʃɔk,iʃɛk,iʃɔk
i.ʃɛb,i.ʃɔb,iʃɛb,iʃɔb
i.ʃɛd,i.ʃɔd,iʃɛd,iʃɔd
i.ʃɛg,i.ʃɔg,iʃɛg,iʃɔg
i.ʃɛf,i.ʃɔf,iʃɛf,iʃɔf
i.ʃɛs,i.ʃɔs,iʃɛs,iʃɔs
i.ʃɛv,i.ʃɔv,iʃɛv,iʃɔv
i.ʃɛz,i.ʃɔz,iʃɛz,iʃɔz
i.ʃɛʃ,i.ʃɔʃ,iʃɛʃ,iʃɔʃ
i.ʃɛʒ,i.ʃɔʒ,iʃɛʒ,iʃɔʒ
i.ʃɛθ,i.ʃɔθ,iʃɛθ,iʃɔθ
i.ʃɛð,i.ʃɔð,iʃɛð,iʃɔð
i.ʒɛm,i.ʒɔm,iʒɛm,iʒɔm
i.ʒɛn,i.ʒɔn,iʒɛn,iʒɔn
i.ʒɛŋ,i.ʒɔŋ,iʒɛŋ,iʒɔŋ
i.ʒɛp,i.ʒɔp,iʒɛp,iʒɔp
i.ʒɛt,i.ʒɔt,iʒɛt,iʒɔt
i.ʒɛk,i.ʒɔk,iʒɛk,iʒɔk
i.ʒɛb,i.ʒɔb,iʒɛb,iʒɔb
i.ʒɛd,i.ʒɔd,iʒɛd,iʒɔd
i.ʒɛg,i.ʒɔg,iʒɛg,iʒɔg
i.ʒɛf,i.ʒɔf,iʒɛf,iʒɔf
i.ʒɛs,i.ʒɔs,iʒɛs,iʒɔs
i.ʒɛv,i.ʒɔv,iʒɛv,iʒɔv
i.ʒɛz,i.ʒɔz,iʒɛz,iʒɔz
i.ʒɛʃ,i.ʒɔʃ,iʒɛʃ,iʒɔʃ
i.ʒɛʒ,i.ʒɔʒ,iʒɛʒ,iʒɔʒ
i.ʒɛθ,i.ʒɔθ,iʒɛθ,iʒɔθ
i.ʒɛð,i.ʒɔð,iʒɛð,iʒɔð
i.θɛm,i.θɔm,iθɛm,iθɔm
i.θɛn,i.θɔn,iθɛn,iθɔn
i.θɛŋ,i.θɔŋ,iθɛŋ,iθɔŋ
i.θɛp,i.θɔp,iθɛp,iθɔp
i.θɛt,i.θɔt,iθɛt,iθɔt
i.θɛk,i.θɔk,iθɛk,iθɔk
i.θɛb,i.θɔb,iθɛb,iθɔb
i.θɛd,i.θɔd,iθɛd,iθɔd
i.θɛg,i.θɔg,iθɛg,iθɔg
i.θɛf,i.θɔf,iθɛf,iθɔf
i.θɛs,i.θɔs,iθɛs,iθɔs
i.θɛv,i.θɔv,iθɛv,iθɔv
i.θɛz,i.θɔz,iθɛz,iθɔz
i.θɛʃ,i.θɔʃ,iθɛʃ,iθɔʃ
i.θɛʒ,i.θɔʒ,iθɛʒ,iθɔʒ
i.θɛθ,i.θɔθ,iθɛθ,iθɔθ
i.θɛð,i.θɔð,iθɛð,iθɔð
i.ðɛm,i.ðɔm,iðɛm,iðɔm
i.ðɛn,i.ðɔn,iðɛn,iðɔn
i.ðɛŋ,i.ðɔŋ,iðɛŋ,iðɔŋ
i.ðɛp,i.ðɔp,iðɛp,iðɔp
i.ðɛt,i.ðɔt,iðɛt,iðɔt
i.ðɛk,i.ðɔk,iðɛk,iðɔk
i.ðɛb,i.ðɔb,iðɛb,iðɔb
i.ðɛd,i.ðɔd,iðɛd,iðɔd
i.ðɛg,i.ðɔg,iðɛg,iðɔg
i.ðɛf,i.ðɔf,iðɛf,iðɔf
i.ðɛs,i.ðɔs,iðɛs,iðɔs
i.ðɛv,i.ðɔv,iðɛv,iðɔv
i.ðɛz,i.ðɔz,iðɛz,iðɔz
i.ðɛʃ,i.ðɔʃ,iðɛʃ,iðɔʃ
i.ðɛʒ,i.ðɔʒ,iðɛʒ,iðɔʒ
i.ðɛθ,i.ðɔθ,iðɛθ,iðɔθ
i.ðɛð,i.ðɔð,iðɛð,iðɔð
i.hɛm,i.hɔm,ihɛm,ihɔm
i.hɛn,i.hɔn,ihɛn,ihɔn
i.hɛŋ,i.hɔŋ,ihɛŋ,ihɔŋ
i.hɛp,i.hɔp,ihɛp,ihɔp
i.hɛt,i.hɔt,ihɛt,ihɔt
i.hɛk,i.hɔk,ihɛk,ihɔk
i.hɛb,i.hɔb,ihɛb,ihɔb
i.hɛd,i.hɔd,ihɛd,ihɔd
i.hɛg,i.hɔg,ihɛg,ihɔg
i.hɛf,i.hɔf,ihɛf,ihɔf
i.hɛs,i.hɔs,ihɛs,ihɔs
i.hɛv,i.hɔv,ihɛv,ihɔv
i.hɛz,i.hɔz,ihɛz,ihɔz
i.hɛʃ,i.hɔʃ,ihɛʃ,ihɔʃ
i.hɛʒ,i.hɔʒ,ihɛʒ,ihɔʒ
i.hɛθ,i.hɔθ,ihɛθ,ihɔθ
i.hɛð,i.hɔð,ihɛð,ihɔð
i.mʊm,i.mɪm,imʊm,imɪm
i.mʊn,i.mɪn,imʊn,imɪn
i.mʊŋ,i.mɪŋ,imʊŋ,imɪŋ
i.mʊp,i.mɪp,imʊp,imɪp
i.mʊt,i.mɪt,imʊt,imɪt
i.mʊk,i.mɪk,imʊk,imɪk
i.mʊb,i.mɪb,imʊb,imɪb
i.mʊd,i.mɪd,imʊd,imɪd
i.mʊg,i.mɪg,imʊg,imɪg
i.mʊf,i.mɪf,imʊf,imɪf
i.mʊs,i.mɪs,imʊs,imɪs
i.mʊv,i.mɪv,imʊv,imɪv
i.mʊz,i.mɪz,imʊz,imɪz
i.mʊʃ,i.mɪʃ,imʊʃ,imɪʃ
i.mʊʒ,i.mɪʒ,imʊʒ,imɪʒ
i.mʊθ,i.mɪθ,imʊθ,imɪθ
i.mʊð,i.mɪð,imʊð,imɪð
i.nʊm,i.nɪm,inʊm,inɪm
i.nʊn,i.nɪn,inʊn,inɪn
i.nʊŋ,i.nɪŋ,inʊŋ,inɪŋ
i.nʊp,i.nɪp,inʊp,inɪp
i.nʊt,i.nɪt,inʊt,inɪt
i.nʊk,i.nɪk,inʊk,inɪk
i.nʊb,i.nɪb,inʊb,inɪb
i.nʊd,i.nɪd,inʊd,inɪd
i.nʊg,i.nɪg,inʊg,inɪg
i.nʊf,i.nɪf,inʊf,inɪf
i.nʊs,i.nɪs,inʊs,inɪs
i.nʊv,i.nɪv,inʊv,inɪv
i.nʊz,i.nɪz,inʊz,inɪz
i.nʊʃ,i.nɪʃ,inʊʃ,inɪʃ
i.nʊʒ,i.nɪʒ,inʊʒ,inɪʒ
i.nʊθ,i.nɪθ,inʊθ,inɪθ
i.nʊð,i.nɪð,inʊð,inɪð
i.pʊm,i.pɪm,ipʊm,ipɪm
i.pʊn,i.pɪn,ipʊn,ipɪn
i.pʊŋ,i.pɪŋ,ipʊŋ,ipɪŋ
i.pʊp,i.pɪp,ipʊp,ipɪp
i.pʊt,i.pɪt,ipʊt,ipɪt
i.pʊk,i.pɪk,ipʊk,ipɪk
i.pʊb,i.pɪb,ipʊb,ipɪb
i.pʊd,i.pɪd,ipʊd,ipɪd
i.pʊg,i.pɪg,ipʊg,ipɪg
i.pʊf,i.pɪf,ipʊf,ipɪf
i.pʊs,i.pɪs,ipʊs,ipɪs
i.pʊv,i.pɪv,ipʊv,ipɪv
i.pʊz,i.pɪz,ipʊz,ipɪz
i.pʊʃ,i.pɪʃ,ipʊʃ,ipɪʃ
i.pʊʒ,i.pɪʒ,ipʊʒ,ipɪʒ
i.pʊθ,i.pɪθ,ipʊθ,ipɪθ
i.pʊð,i.pɪð,ipʊð,ipɪð
i.tʊm,i.tɪm,itʊm,itɪm
i.tʊn,i.tɪn,itʊn,itɪn
i.tʊŋ,i.tɪŋ,itʊŋ,itɪŋ
i.tʊp,i.tɪp,itʊp,itɪp
i.tʊt,i.tɪt,itʊt,itɪt
i.tʊk,i.tɪk,itʊk,itɪk
i.tʊb,i.tɪb,itʊb,itɪb
i.tʊd,i.tɪd,itʊd,itɪd
i.tʊg,i.tɪg,itʊg,itɪg
i.tʊf,i.tɪf,itʊf,itɪf
i.tʊs,i.tɪs,itʊs,itɪs
i.tʊv,i.tɪv,itʊv,itɪv
i.tʊz,i.tɪz,itʊz,itɪz
i.tʊʃ,i.tɪʃ,itʊʃ,itɪʃ
i.tʊʒ,i.tɪʒ,itʊʒ,itɪʒ
i.tʊθ,i.tɪθ,itʊθ,itɪθ
i.tʊð,i.tɪð,itʊð,itɪð
i.kʊm,i.kɪm,ikʊm,ikɪm
i.kʊn,i.kɪn,ikʊn,ikɪn
i.kʊŋ,i.kɪŋ,ikʊŋ,ikɪŋ
i.kʊp,i.kɪp,ikʊp,ikɪp
i.kʊt,i.kɪt,ikʊt,ikɪt
i.kʊk,i.kɪk,ikʊk,ikɪk
i.kʊb,i.kɪb,ikʊb,ikɪb
i.kʊd,i.kɪd,ikʊd,ikɪd
i.kʊg,i.kɪg,ikʊg,ikɪg
i.kʊf,i.kɪf,ikʊf,ikɪf
i.kʊs,i.kɪs,ikʊs,ikɪs
i.kʊv,i.kɪv,ikʊv,ikɪv
i.kʊz,i.kɪz,ikʊz,ikɪz
i.kʊʃ,i.kɪʃ,ikʊʃ,ikɪʃ
i.kʊʒ,i.kɪʒ,ikʊʒ,ikɪʒ
i.kʊθ,i.kɪθ,ikʊθ,ikɪθ
i.kʊð,i.kɪð,ikʊð,ikɪð
i.bʊm,i.bɪm,ibʊm,ibɪm
i.bʊn,i.bɪn,ibʊn,ibɪn
i.bʊŋ,i.bɪŋ,ibʊŋ,ibɪŋ
i.bʊp,i.bɪp,ibʊp,ibɪp
i.bʊt,i.bɪt,ibʊt,ibɪt
i.bʊk,i.bɪk,ibʊk,ibɪk
i.bʊb,i.bɪb,ibʊb,ibɪb
i.bʊd,i.bɪd,ibʊd,ibɪd
i.bʊg,i.bɪg,ibʊg,ibɪg
i.bʊf,i.bɪf,ibʊf,ibɪf
i.bʊs,i.bɪs,ibʊs,ibɪs
i.bʊv,i.bɪv,ibʊv,ibɪv
i.bʊz,i.bɪz,ibʊz,ibɪz
i.bʊʃ,i.bɪʃ,ibʊʃ,ibɪʃ
i.bʊʒ,i.bɪʒ,ibʊʒ,ibɪʒ
i.bʊθ,i.bɪθ,ibʊθ,ibɪθ
i.bʊð,i.bɪð,ibʊð,ibɪð
i.dʊm,i.dɪm,idʊm,idɪm
i.dʊn,i.dɪn,idʊn,idɪn
i.dʊŋ,i.dɪŋ,idʊŋ,idɪŋ
i.dʊp,i.dɪp,idʊp,idɪp
i.dʊt,i.dɪt,idʊt,idɪt
i.dʊk,i.dɪk,idʊk,idɪk
i.dʊb,i.dɪb,idʊb,idɪb
i.dʊd,i.dɪd,idʊd,idɪd
i.dʊg,i.dɪg,idʊg,idɪg
i.dʊf,i.dɪf,idʊf,idɪf
i.dʊs,i.dɪs,idʊs,idɪs
i.dʊv,i.dɪv,idʊv,idɪv
i.dʊz,i.dɪz,idʊz,idɪz
i.dʊʃ,i.dɪʃ,idʊʃ,idɪʃ
i.dʊʒ,i.dɪʒ,idʊʒ,idɪʒ
i.dʊθ,i.dɪθ,idʊθ,idɪθ
i.dʊð,i.dɪð,idʊð,idɪð
i.gʊm,i.gɪm,igʊm,igɪm
i.gʊn,i.gɪn,igʊn,igɪn
i.gʊŋ,i.gɪŋ,igʊŋ,igɪŋ
i.gʊp,i.gɪp,igʊp,igɪp
i.gʊt,i.gɪt,igʊt,igɪt
i.gʊk,i.gɪk,igʊk,igɪk
i.gʊb,i.gɪb,igʊb,igɪb
i.gʊd,i.gɪd,igʊd,igɪd
i.gʊg,i.gɪg,igʊg,igɪg
i.gʊf,i.gɪf,igʊf,igɪf
i.gʊs,i.gɪs,igʊs,igɪs
i.gʊv,i.gɪv,igʊv,igɪv
i.gʊz,i.gɪz,igʊz,igɪz
i.gʊʃ,i.gɪʃ,igʊʃ,igɪʃ
i.gʊʒ,i.gɪʒ,igʊʒ,igɪʒ
i.gʊθ,i.gɪθ,igʊθ,igɪθ
i.gʊð,i.gɪð,igʊð,igɪð
i.fʊm,i.fɪm,ifʊm,ifɪm
i.fʊn,i.fɪn,ifʊn,ifɪn
i.fʊŋ,i.fɪŋ,ifʊŋ,ifɪŋ
i.fʊp,i.fɪp,ifʊp,ifɪp
i.fʊt,i.fɪt,ifʊt,ifɪt
i.fʊk,i.fɪk,ifʊk,ifɪk
i.fʊb,i.fɪb,ifʊb,ifɪb
i.fʊd,i.fɪd,ifʊd,ifɪd
i.fʊg,i.fɪg,ifʊg,ifɪg
i.fʊf,i.fɪf,ifʊf,ifɪf
i.fʊs,i.fɪs,ifʊs,ifɪs
i.fʊv,i.fɪv,ifʊv,ifɪv
i.fʊz,i.fɪz,ifʊz,ifɪz
i.fʊʃ,i.fɪʃ,ifʊʃ,ifɪʃ
i.fʊʒ,i.fɪʒ,ifʊʒ,ifɪʒ
i.fʊθ,i.fɪθ,ifʊθ,ifɪθ
i.fʊð,i.fɪð,ifʊð,ifɪð
i.sʊm,i.sɪm,isʊm,isɪm
i.sʊn,i.sɪn,isʊn,isɪn
i.sʊŋ,i.sɪŋ,isʊŋ,isɪŋ
i.sʊp,i.sɪp,isʊp,isɪp
i.sʊt,i.sɪt,isʊt,isɪt
i.sʊk,i.sɪk,isʊk,isɪk
i.sʊb,i.sɪb,isʊb,isɪb
i.sʊd,i.sɪd,isʊd,isɪd
i.sʊg,i.sɪg,isʊg,isɪg
i.sʊf,i.sɪf,isʊf,isɪf
i.sʊs,i.sɪs,isʊs,isɪs
i.sʊv,i.sɪv,isʊv,isɪv
i.sʊz,i.sɪz,isʊz,isɪz
i.sʊʃ,i.sɪʃ,isʊʃ,isɪʃ
i.sʊʒ,i.sɪʒ,isʊʒ,isɪʒ
i.sʊθ,i.sɪθ,isʊθ,isɪθ
i.sʊð,i.sɪð,isʊð,isɪð
i.vʊm,i.vɪm,ivʊm,ivɪm
i.vʊn,i.vɪn,ivʊn,ivɪn
i.vʊŋ,i.vɪŋ,ivʊŋ,ivɪŋ
i.vʊp,i.vɪp,ivʊp,ivɪp
i.vʊt,i.vɪt,ivʊt,ivɪt
i.vʊk,i.vɪk,ivʊk,ivɪk
i.vʊb,i.vɪb,ivʊb,ivɪb
i.vʊd,i.vɪd,ivʊd,ivɪd
i.vʊg,i.vɪg,ivʊg,ivɪg
i.vʊf,i.vɪf,ivʊf,ivɪf
i.vʊs,i.vɪs,ivʊs,ivɪs
i.vʊv,i.vɪv,ivʊv,ivɪv
i.vʊz,i.vɪz,ivʊz,ivɪz
i.vʊʃ,i.vɪʃ,ivʊʃ,ivɪʃ
i.vʊʒ,i.vɪʒ,ivʊʒ,ivɪʒ
i.vʊθ,i.vɪθ,ivʊθ,ivɪθ
i.vʊð,i.vɪð,ivʊð,ivɪð
i.zʊm,i.zɪm,izʊm,izɪm
i.zʊn,i.zɪn,izʊn,izɪn
i.zʊŋ,i.zɪŋ,izʊŋ,izɪŋ
i.zʊp,i.zɪp,izʊp,izɪp
i.zʊt,i.zɪt,izʊt,izɪt
i.zʊk,i.zɪk,izʊk,izɪk
i.zʊb,i.zɪb,izʊb,izɪb
i.zʊd,i.zɪd,izʊd,izɪd
i.zʊg,i.zɪg,izʊg,izɪg
i.zʊf,i.zɪf,izʊf,izɪf
i.zʊs,i.zɪs,izʊs,izɪs
i.zʊv,i.zɪv,izʊv,izɪv
i.zʊz,i.zɪz,izʊz,izɪz
i.zʊʃ,i.zɪʃ,izʊʃ,izɪʃ
i.zʊʒ,i.zɪʒ,izʊʒ,izɪʒ
i.zʊθ,i.zɪθ,izʊθ,izɪθ
i.zʊð,i.zɪð,izʊð,izɪð
i.ʃʊm,i.ʃɪm,iʃʊm,iʃɪm
i.ʃʊn,i.ʃɪn,iʃʊn,iʃɪn
i.ʃʊŋ,i.ʃɪŋ,iʃʊŋ,iʃɪŋ
i.ʃʊp,i.ʃɪp,iʃʊp,iʃɪp
i.ʃʊt,i.ʃɪt,iʃʊt,iʃɪt
i.ʃʊk,i.ʃɪk,iʃʊk,iʃɪk
i.ʃʊb,i.ʃɪb,iʃʊb,iʃɪb
i.ʃʊd,i.ʃɪd,iʃʊd,iʃɪd
i.ʃʊg,i.ʃɪg,iʃʊg,iʃɪg
i.ʃʊf,i.ʃɪf,iʃʊf,iʃɪf
i.ʃʊs,i.ʃɪs,iʃʊs,iʃɪs
i.ʃʊv,i.ʃɪv,iʃʊv,iʃɪv
i.ʃʊz,i.ʃɪz,iʃʊz,iʃɪz
i.ʃʊʃ,i.ʃɪʃ,iʃʊʃ,iʃɪʃ
i.ʃʊʒ,i.ʃɪʒ,iʃʊʒ,iʃɪʒ
i.ʃʊθ,i.ʃɪθ,iʃʊθ,iʃɪθ
i.ʃʊð,i.ʃɪð,iʃʊð,iʃɪð
i.ʒʊm,i.ʒɪm,iʒʊm,iʒɪm
i.ʒʊn,i.ʒɪn,iʒʊn,iʒɪn
i.ʒʊŋ,i.ʒɪŋ,iʒʊŋ,iʒɪŋ
i.ʒʊp,i.ʒɪp,iʒʊp,iʒɪp
i.ʒʊt,i.ʒɪt,iʒʊt,iʒɪt
i.ʒʊk,i.ʒɪk,iʒʊk,iʒɪk
i.ʒʊb,i.ʒɪb,iʒʊb,iʒɪb
i.ʒʊd,i.ʒɪd,iʒʊd,iʒɪd
i.ʒʊg,i.ʒɪg,iʒʊg,iʒɪg
i.ʒʊf,i.ʒɪf,iʒʊf,iʒɪf
i.ʒʊs,i.ʒɪs,iʒʊs,iʒɪs
i.ʒʊv,i.ʒɪv,iʒʊv,iʒɪv
i.ʒʊz,i.ʒɪz,iʒʊz,iʒɪz
i.ʒʊʃ,i.ʒɪʃ,iʒʊʃ,iʒɪʃ
i.ʒʊʒ,i.ʒɪʒ,iʒʊʒ,iʒɪʒ
i.ʒʊθ,i.ʒɪθ,iʒʊθ,iʒɪθ
i.ʒʊð,i.ʒɪð,iʒʊð,iʒɪð
i.θʊm,i.θɪm,iθʊm,iθɪm
i.θʊn,i.θɪn,iθʊn,iθɪn
i.θʊŋ,i.θɪŋ,iθʊŋ,iθɪŋ
i.θʊp,i.θɪp,iθʊp,iθɪp
i.θʊt,i.θɪt,iθʊt,iθɪt
i.θʊk,i.θɪk,iθʊk,iθɪk
i.θʊb,i.θɪb,iθʊb,iθɪb
i.θʊd,i.θɪd,iθʊd,iθɪd
i.θʊg,i.θɪg,iθʊg,iθɪg
i.θʊf,i.θɪf,iθʊf,iθɪf
i.θʊs,i.θɪs,iθʊs,iθɪs
i.θʊv,i.θɪv,iθʊv,iθɪv
i.θʊz,i.θɪz,iθʊz,iθɪz
i.θʊʃ,i.θɪʃ,iθʊʃ,iθɪʃ
i.θʊʒ,i.θɪʒ,iθʊʒ,iθɪʒ
i.θʊθ,i.θɪθ,iθʊθ,iθɪθ
i.θʊð,i.θɪð,iθʊð,iθɪð
i.ðʊm,i.ðɪm,iðʊm,iðɪm
i.ðʊn,i.ðɪn,iðʊn,iðɪn
i.ðʊŋ,i.ðɪŋ,iðʊŋ,iðɪŋ
i.ðʊp,i.ðɪp,iðʊp,iðɪp
i.ðʊt,i.ðɪt,iðʊt,iðɪt
i.ðʊk,i.ðɪk,iðʊk,iðɪk
i.ðʊb,i.ðɪb,iðʊb,iðɪb
i.ðʊd,i.ðɪd,iðʊd,iðɪd
i.ðʊg,i.ðɪg,iðʊg,iðɪg
i.ðʊf,i.ðɪf,iðʊf,iðɪf
i.ðʊs,i.ðɪs,iðʊs,iðɪs
i.ðʊv,i.ðɪv,iðʊv,iðɪv
i.ðʊz,i.ðɪz,iðʊz,iðɪz
i.ðʊʃ,i.ðɪʃ,iðʊʃ,iðɪʃ
i.ðʊʒ,i.ðɪʒ,iðʊʒ,iðɪʒ
i.ðʊθ,i.ðɪθ,iðʊθ,iðɪθ
i.ðʊð,i.ðɪð,iðʊð,iðɪð
i.hʊm,i.hɪm,ihʊm,ihɪm
i.hʊn,i.hɪn,ihʊn,ihɪn
i.hʊŋ,i.hɪŋ,ihʊŋ,ihɪŋ
i.hʊp,i.hɪp,ihʊp,ihɪp
i.hʊt,i.hɪt,ihʊt,ihɪt
i.hʊk,i.hɪk,ihʊk,ihɪk
i.hʊb,i.hɪb,ihʊb,ihɪb
i.hʊd,i.hɪd,ihʊd,ihɪd
i.hʊg,i.hɪg,ihʊg,ihɪg
i.hʊf,i.hɪf,ihʊf,ihɪf
i.hʊs,i.hɪs,ihʊs,ihɪs
i.hʊv,i.hɪv,ihʊv,ihɪv
i.hʊz,i.hɪz,ihʊz,ihɪz
i.hʊʃ,i.hɪʃ,ihʊʃ,ihɪʃ
i.hʊʒ,i.hɪʒ,ihʊʒ,ihɪʒ
i.hʊθ,i.hɪθ,ihʊθ,ihɪθ
i.hʊð,i.hɪð,ihʊð,ihɪð
i.mɔm,i.mɛm,imɔm,imɛm
i.mɔn,i.mɛn,imɔn,imɛn
i.mɔŋ,i.mɛŋ,imɔŋ,imɛŋ
i.mɔp,i.mɛp,imɔp,imɛp
i.mɔt,i.mɛt,imɔt,imɛt
i.mɔk,i.mɛk,imɔk,imɛk
i.mɔb,i.mɛb,imɔb,imɛb
i.mɔd,i.mɛd,imɔd,imɛd
i.mɔg,i.mɛg,imɔg,imɛg
i.mɔf,i.mɛf,imɔf,imɛf
i.mɔs,i.mɛs,imɔs,imɛs
i.mɔv,i.mɛv,imɔv,imɛv
i.mɔz,i.mɛz,imɔz,imɛz
i.mɔʃ,i.mɛʃ,imɔʃ,imɛʃ
i.mɔʒ,i.mɛʒ,imɔʒ,imɛʒ
i.mɔθ,i.mɛθ,imɔθ,imɛθ
i.mɔð,i.mɛð,imɔð,imɛð
i.nɔm,i.nɛm,inɔm,inɛm
i.nɔn,i.nɛn,inɔn,inɛn
i.nɔŋ,i.nɛŋ,inɔŋ,inɛŋ
i.nɔp,i.nɛp,inɔp,inɛp
i.nɔt,i.nɛt,inɔt,inɛt
i.nɔk,i.nɛk,inɔk,inɛk
i.nɔb,i.nɛb,inɔb,inɛb
i.nɔd,i.nɛd,inɔd,inɛd
i.nɔg,i.nɛg,inɔg,inɛg
i.nɔf,i.nɛf,inɔf,inɛf
i.nɔs,i.nɛs,inɔs,inɛs
i.nɔv,i.nɛv,inɔv,inɛv
i.nɔz,i.nɛz,inɔz,inɛz
i.nɔʃ,i.nɛʃ,inɔʃ,inɛʃ
i.nɔʒ,i.nɛʒ,inɔʒ,inɛʒ
i.nɔθ,i.nɛθ,inɔθ,inɛθ
i.nɔð,i.nɛð,inɔð,inɛð
i.pɔm,i.pɛm,ipɔm,ipɛm
i.pɔn,i.pɛn,ipɔn,ipɛn
i.pɔŋ,i.pɛŋ,ipɔŋ,ipɛŋ
i.pɔp,i.pɛp,ipɔp,ipɛp
i.pɔt,i.pɛt,ipɔt,ipɛt
i.pɔk,i.pɛk,ipɔk,ipɛk
i.pɔb,i.pɛb,ipɔb,ipɛb
i.pɔd,i.pɛd,ipɔd,ipɛd
i.pɔg,i.pɛg,ipɔg,ipɛg
i.pɔf,i.pɛf,ipɔf,ipɛf
i.pɔs,i.pɛs,ipɔs,ipɛs
i.pɔv,i.pɛv,ipɔv,ipɛv
i.pɔz,i.pɛz,ipɔz,ipɛz
i.pɔʃ,i.pɛʃ,ipɔʃ,ipɛʃ
i.pɔʒ,i.pɛʒ,ipɔʒ,ipɛʒ
i.pɔθ,i.pɛθ,ipɔθ,ipɛθ
i.pɔð,i.pɛð,ipɔð,ipɛð
i.tɔm,i.tɛm,itɔm,itɛm
i.tɔn,i.tɛn,itɔn,itɛn
i.tɔŋ,i.tɛŋ,itɔŋ,itɛŋ
i.tɔp,i.tɛp,itɔp,itɛp
i.tɔt,i.tɛt,itɔt,itɛt
i.tɔk,i.tɛk,itɔk,itɛk
i.tɔb,i.tɛb,itɔb,itɛb
i.tɔd,i.tɛd,itɔd,itɛd
i.tɔg,i.tɛg,itɔg,itɛg
i.tɔf,i.tɛf,itɔf,itɛf
i.tɔs,i.tɛs,itɔs,itɛs
i.tɔv,i.tɛv,itɔv,itɛv
i.tɔz,i.tɛz,itɔz,itɛz
i.tɔʃ,i.tɛʃ,itɔʃ,itɛʃ
i.tɔʒ,i.tɛʒ,itɔʒ,itɛʒ
i.tɔθ,i.tɛθ,itɔθ,itɛθ
i.tɔð,i.tɛð,itɔð,itɛð
i.kɔm,i.kɛm,ikɔm,ikɛm
i.kɔn,i.kɛn,ikɔn,ikɛn
i.kɔŋ,i.kɛŋ,ikɔŋ,ikɛŋ
i.kɔp,i.kɛp,ikɔp,ikɛp
i.kɔt,i.kɛt,ikɔt,ikɛt
i.kɔk,i.kɛk,ikɔk,ikɛk
i.kɔb,i.kɛb,ikɔb,ikɛb
i.kɔd,i.kɛd,ikɔd,ikɛd
i.kɔg,i.kɛg,ikɔg,ikɛg
i.kɔf,i.kɛf,ikɔf,ikɛf
i.kɔs,i.kɛs,ikɔs,ikɛs
i.kɔv,i.kɛv,ikɔv,ikɛv
i.kɔz,i.kɛz,ikɔz,ikɛz
i.kɔʃ,i.kɛʃ,ikɔʃ,ikɛʃ
i.kɔʒ,i.kɛʒ,ikɔʒ,ikɛʒ
i.kɔθ,i.kɛθ,ikɔθ,ikɛθ
i.kɔð,i.kɛð,ikɔð,ikɛð
i.bɔm,i.bɛm,ibɔm,ibɛm
i.bɔn,i.bɛn,ibɔn,ibɛn
i.bɔŋ,i.bɛŋ,ibɔŋ,ibɛŋ
i.bɔp,i.bɛp,ibɔp,ibɛp
i.bɔt,i.bɛt,ibɔt,ibɛt
i.bɔk,i.bɛk,ibɔk,ibɛk
i.bɔb,i.bɛb,ibɔb,ibɛb
i.bɔd,i.bɛd,ibɔd,ibɛd
i.bɔg,i.bɛg,ibɔg,ibɛg
i.bɔf,i.bɛf,ibɔf,ibɛf
i.bɔs,i.bɛs,ibɔs,ibɛs
i.bɔv,i.bɛv,ibɔv,ibɛv
i.bɔz,i.bɛz,ibɔz,ibɛz
i.bɔʃ,i.bɛʃ,ibɔʃ,ibɛʃ
i.bɔʒ,i.bɛʒ,ibɔʒ,ibɛʒ
i.bɔθ,i.bɛθ,ibɔθ,ibɛθ
i.bɔð,i.bɛð,ibɔð,ibɛð
i.dɔm,i.dɛm,idɔm,idɛm
i.dɔn,i.dɛn,idɔn,idɛn
i.dɔŋ,i.dɛŋ,idɔŋ,idɛŋ
i.dɔp,i.dɛp,idɔp,idɛp
i.dɔt,i.dɛt,idɔt,idɛt
i.dɔk,i.dɛk,idɔk,idɛk
i.dɔb,i.dɛb,idɔb,idɛb
i.dɔd,i.dɛd,idɔd,idɛd
i.dɔg,i.dɛg,idɔg,idɛg
i.dɔf,i.dɛf,idɔf,idɛf
i.dɔs,i.dɛs,idɔs,idɛs
i.dɔv,i.dɛv,idɔv,idɛv
i.dɔz,i.dɛz,idɔz,idɛz
i.dɔʃ,i.dɛʃ,idɔʃ,idɛʃ
i.dɔʒ,i.dɛʒ,idɔʒ,idɛʒ
i.dɔθ,i.dɛθ,idɔθ,idɛθ
i.dɔð,i.dɛð,idɔð,idɛð
i.gɔm,i.gɛm,igɔm,igɛm
i.gɔn,i.gɛn,igɔn,igɛn
i.gɔŋ,i.gɛŋ,igɔŋ,igɛŋ
i.gɔp,i.gɛp,igɔp,igɛp
i.gɔt,i.gɛt,igɔt,igɛt
i.gɔk,i.gɛk,igɔk,igɛk
i.gɔb,i.gɛb,igɔb,igɛb
i.gɔd,i.gɛd,igɔd,igɛd
i.gɔg,i.gɛg,igɔg,igɛg
i.gɔf,i.gɛf,igɔf,igɛf
i.gɔs,i.gɛs,igɔs,igɛs
i.gɔv,i.gɛv,igɔv,igɛv
i.gɔz,i.gɛz,igɔz,igɛz
i.gɔʃ,i.gɛʃ,igɔʃ,igɛʃ
i.gɔʒ,i.gɛʒ,igɔʒ,igɛʒ
i.gɔθ,i.gɛθ,igɔθ,igɛθ
i.gɔð,i.gɛð,igɔð,igɛð
i.fɔm,i.fɛm,ifɔm,ifɛm
i.fɔn,i.fɛn,ifɔn,ifɛn
i.fɔŋ,i.fɛŋ,ifɔŋ,ifɛŋ
i.fɔp,i.fɛp,ifɔp,ifɛp
i.fɔt,i.fɛt,ifɔt,ifɛt
i.fɔk,i.fɛk,ifɔk,ifɛk
i.fɔb,i.fɛb,ifɔb,ifɛb
i.fɔd,i.fɛd,ifɔd,ifɛd
i.fɔg,i.fɛg,ifɔg,ifɛg
i.fɔf,i.fɛf,ifɔf,ifɛf
i.fɔs,i.fɛs,ifɔs,ifɛs
i.fɔv,i.fɛv,ifɔv,ifɛv
i.fɔz,i.fɛz,ifɔz,ifɛz
i.fɔʃ,i.fɛʃ,ifɔʃ,ifɛʃ
i.fɔʒ,i.fɛʒ,ifɔʒ,ifɛʒ
i.fɔθ,i.fɛθ,ifɔθ,ifɛθ
i.fɔð,i.fɛð,ifɔð,ifɛð
i.sɔm,i.sɛm,isɔm,isɛm
i.sɔn,i.sɛn,isɔn,isɛn
i.sɔŋ,i.sɛŋ,isɔŋ,isɛŋ
i.sɔp,i.sɛp,isɔp,isɛp
i.sɔt,i.sɛt,isɔt,isɛt
i.sɔk,i.sɛk,isɔk,isɛk
i.sɔb,i.sɛb,isɔb,isɛb
i.sɔd,i.sɛd,isɔd,isɛd
i.sɔg,i.sɛg,isɔg,isɛg
i.sɔf,i.sɛf,isɔf,isɛf
i.sɔs,i.sɛs,isɔs,isɛs
i.sɔv,i.sɛv,isɔv,isɛv
i.sɔz,i.sɛz,isɔz,isɛz
i.sɔʃ,i.sɛʃ,isɔʃ,isɛʃ
i.sɔʒ,i.sɛʒ,isɔʒ,isɛʒ
i.sɔθ,i.sɛθ,isɔθ,isɛθ
i.sɔð,i.sɛð,isɔð,isɛð
i.vɔm,i.vɛm,ivɔm,ivɛm
i.vɔn,i.vɛn,ivɔn,ivɛn
i.vɔŋ,i.vɛŋ,ivɔŋ,ivɛŋ
i.vɔp,i.vɛp,ivɔp,ivɛp
i.vɔt,i.vɛt,ivɔt,ivɛt
i.vɔk,i.vɛk,ivɔk,ivɛk
i.vɔb,i.vɛb,ivɔb,ivɛb
i.vɔd,i.vɛd,ivɔd,ivɛd
i.vɔg,i.vɛg,ivɔg,ivɛg
i.vɔf,i.vɛf,ivɔf,ivɛf
i.vɔs,i.vɛs,ivɔs,ivɛs
i.vɔv,i.vɛv,ivɔv,ivɛv
i.vɔz,i.vɛz,ivɔz,ivɛz
i.vɔʃ,i.vɛʃ,ivɔʃ,ivɛʃ
i.vɔʒ,i.vɛʒ,ivɔʒ,ivɛʒ
i.vɔθ,i.vɛθ,ivɔθ,ivɛθ
i.vɔð,i.vɛð,ivɔð,ivɛð
i.zɔm,i.zɛm,izɔm,izɛm
i.zɔn,i.zɛn,izɔn,izɛn
i.zɔŋ,i.zɛŋ,izɔŋ,izɛŋ
i.zɔp,i.zɛp,izɔp,izɛp
i.zɔt,i.zɛt,izɔt,izɛt
i.zɔk,i.zɛk,izɔk,izɛk
i.zɔb,i.zɛb,izɔb,izɛb
i.zɔd,i.zɛd,izɔd,izɛd
i.zɔg,i.zɛg,izɔg,izɛg
i.zɔf,i.zɛf,izɔf,izɛf
i.zɔs,i.zɛs,izɔs,izɛs
i.zɔv,i.zɛv,izɔv,izɛv
i.zɔz,i.zɛz,izɔz,izɛz
i.zɔʃ,i.zɛʃ,izɔʃ,izɛʃ
i.zɔʒ,i.zɛʒ,izɔʒ,izɛʒ
i.zɔθ,i.zɛθ,izɔθ,izɛθ
i.zɔð,i.zɛð,izɔð,izɛð
i.ʃɔm,i.ʃɛm,iʃɔm,iʃɛm
i.ʃɔn,i.ʃɛn,iʃɔn,iʃɛn
i.ʃɔŋ,i.ʃɛŋ,iʃɔŋ,iʃɛŋ
i.ʃɔp,i.ʃɛp,iʃɔp,iʃɛp
i.ʃɔt,i.ʃɛt,iʃɔt,iʃɛt
i.ʃɔk,i.ʃɛk,iʃɔk,iʃɛk
i.ʃɔb,i.ʃɛb,iʃɔb,iʃɛb
i.ʃɔd,i.ʃɛd,iʃɔd,iʃɛd
i.ʃɔg,i.ʃɛg,iʃɔg,iʃɛg
i.ʃɔf,i.ʃɛf,iʃɔf,iʃɛf
i.ʃɔs,i.ʃɛs,iʃɔs,iʃɛs
i.ʃɔv,i.ʃɛv,iʃɔv,iʃɛv
i.ʃɔz,i.ʃɛz,iʃɔz,iʃɛz
i.ʃɔʃ,i.ʃɛʃ,iʃɔʃ,iʃɛʃ
i.ʃɔʒ,i.ʃɛʒ,iʃɔʒ,iʃɛʒ
i.ʃɔθ,i.ʃɛθ,iʃɔθ,iʃɛθ
i.ʃɔð,i.ʃɛð,iʃɔð,iʃɛð
i.ʒɔm,i.ʒɛm,iʒɔm,iʒɛm
i.ʒɔn,i.ʒɛn,iʒɔn,iʒɛn
i.ʒɔŋ,i.ʒɛŋ,iʒɔŋ,iʒɛŋ
i.ʒɔp,i.ʒɛp,iʒɔp,iʒɛp
i.ʒɔt,i.ʒɛt,iʒɔt,iʒɛt
i.ʒɔk,i.ʒɛk,iʒɔk,iʒɛk
i.ʒɔb,i.ʒɛb,iʒɔb,iʒɛb
i.ʒɔd,i.ʒɛd,iʒɔd,iʒɛd
i.ʒɔg,i.ʒɛg,iʒɔg,iʒɛg
i.ʒɔf,i.ʒɛf,iʒɔf,iʒɛf
i.ʒɔs,i.ʒɛs,iʒɔs,iʒɛs
i.ʒɔv,i.ʒɛv,iʒɔv,iʒɛv
i.ʒɔz,i.ʒɛz,iʒɔz,iʒɛz
i.ʒɔʃ,i.ʒɛʃ,iʒɔʃ,iʒɛʃ
i.ʒɔʒ,i.ʒɛʒ,iʒɔʒ,iʒɛʒ
i.ʒɔθ,i.ʒɛθ,iʒɔθ,iʒɛθ
i.ʒɔð,i.ʒɛð,iʒɔð,iʒɛð
i.θɔm,i.θɛm,iθɔm,iθɛm
i.θɔn,i.θɛn,iθɔn,iθɛn
i.θɔŋ,i.θɛŋ,iθɔŋ,iθɛŋ
i.θɔp,i.θɛp,iθɔp,iθɛp
i.θɔt,i.θɛt,iθɔt,iθɛt
i.θɔk,i.θɛk,iθɔk,iθɛk
i.θɔb,i.θɛb,iθɔb,iθɛb
i.θɔd,i.θɛd,iθɔd,iθɛd
i.θɔg,i.θɛg,iθɔg,iθɛg
i.θɔf,i.θɛf,iθɔf,iθɛf
i.θɔs,i.θɛs,iθɔs,iθɛs
i.θɔv,i.θɛv,iθɔv,iθɛv
i.θɔz,i.θɛz,iθɔz,iθɛz
i.θɔʃ,i.θɛʃ,iθɔʃ,iθɛʃ
i.θɔʒ,i.θɛʒ,iθɔʒ,iθɛʒ
i.θɔθ,i.θɛθ,iθɔθ,iθɛθ
i.θɔð,i.θɛð,iθɔð,iθɛð
i.ðɔm,i.ðɛm,iðɔm,iðɛm
i.ðɔn,i.ðɛn,iðɔn,iðɛn
i.ðɔŋ,i.ðɛŋ,iðɔŋ,iðɛŋ
i.ðɔp,i.ðɛp,iðɔp,iðɛp
i.ðɔt,i.ðɛt,iðɔt,iðɛt
i.ðɔk,i.ðɛk,iðɔk,iðɛk
i.ðɔb,i.ðɛb,iðɔb,iðɛb
i.ðɔd,i.ðɛd,iðɔd,iðɛd
i.ðɔg,i.ðɛg,iðɔg,iðɛg
i.ðɔf,i.ðɛf,iðɔf,iðɛf
i.ðɔs,i.ðɛs,iðɔs,iðɛs
i.ðɔv,i.ðɛv,iðɔv,iðɛv
i.ðɔz,i.ðɛz,iðɔz,iðɛz
i.ðɔʃ,i.ðɛʃ,iðɔʃ,iðɛʃ
i.ðɔʒ,i.ðɛʒ,iðɔʒ,iðɛʒ
i.ðɔθ,i.ðɛθ,iðɔθ,iðɛθ
i.ðɔð,i.ðɛð,iðɔð,iðɛð
i.hɔm,i.hɛm,ihɔm,ihɛm
i.hɔn,i.hɛn,ihɔn,ihɛn
i.hɔŋ,i.hɛŋ,ihɔŋ,ihɛŋ
i.hɔp,i.hɛp,ihɔp,ihɛp
i.hɔt,i.hɛt,ihɔt,ihɛt
i.hɔk,i.hɛk,ihɔk,ihɛk
i.hɔb,i.hɛb,ihɔb,ihɛb
i.hɔd,i.hɛd,ihɔd,ihɛd
i.hɔg,i.hɛg,ihɔg,ihɛg
i.hɔf,i.hɛf,ihɔf,ihɛf
i.hɔs,i.hɛs,ihɔs,ihɛs
i.hɔv,i.hɛv,ihɔv,ihɛv
i.hɔz,i.hɛz,ihɔz,ihɛz
i.hɔʃ,i.hɛʃ,ihɔʃ,ihɛʃ
i.hɔʒ,i.hɛʒ,ihɔʒ,ihɛʒ
i.hɔθ,i.hɛθ,ihɔθ,ihɛθ
i.hɔð,i.hɛð,ihɔð,ihɛð
e.mɪm,e.mʊm,emɪm,emʊm
e.mɪn,e.mʊn,emɪn,emʊn
e.mɪŋ,e.mʊŋ,emɪŋ,emʊŋ
e.mɪp,e.mʊp,emɪp,emʊp
e.mɪt,e.mʊt,emɪt,emʊt
e.mɪk,e.mʊk,emɪk,emʊk
e.mɪb,e.mʊb,emɪb,emʊb
e.mɪd,e.mʊd,emɪd,emʊd
e.mɪg,e.mʊg,emɪg,emʊg
e.mɪf,e.mʊf,emɪf,emʊf
e.mɪs,e.mʊs,emɪs,emʊs
e.mɪv,e.mʊv,emɪv,emʊv
e.mɪz,e.mʊz,emɪz,emʊz
e.mɪʃ,e.mʊʃ,emɪʃ,emʊʃ
e.mɪʒ,e.mʊʒ,emɪʒ,emʊʒ
e.mɪθ,e.mʊθ,emɪθ,emʊθ
e.mɪð,e.mʊð,emɪð,emʊð
e.nɪm,e.nʊm,enɪm,enʊm
e.nɪn,e.nʊn,enɪn,enʊn
e.nɪŋ,e.nʊŋ,enɪŋ,enʊŋ
e.nɪp,e.nʊp,enɪp,enʊp
e.nɪt,e.nʊt,enɪt,enʊt
e.nɪk,e.nʊk,enɪk,enʊk
e.nɪb,e.nʊb,enɪb,enʊb
e.nɪd,e.nʊd,enɪd,enʊd
e.nɪg,e.nʊg,enɪg,enʊg
e.nɪf,e.nʊf,enɪf,enʊf
e.nɪs,e.nʊs,enɪs,enʊs
e.nɪv,e.nʊv,enɪv,enʊv
e.nɪz,e.nʊz,enɪz,enʊz
e.nɪʃ,e.nʊʃ,enɪʃ,enʊʃ
e.nɪʒ,e.nʊʒ,enɪʒ,enʊʒ
e.nɪθ,e.nʊθ,enɪθ,enʊθ
e.nɪð,e.nʊð,enɪð,enʊð
e.pɪm,e.pʊm,epɪm,epʊm
e.pɪn,e.pʊn,epɪn,epʊn
e.pɪŋ,e.pʊŋ,epɪŋ,epʊŋ
e.pɪp,e.pʊp,epɪp,epʊp
e.pɪt,e.pʊt,epɪt,epʊt
e.pɪk,e.pʊk,epɪk,epʊk
e.pɪb,e.pʊb,epɪb,epʊb
e.pɪd,e.pʊd,epɪd,epʊd
e.pɪg,e.pʊg,epɪg,epʊg
e.pɪf,e.pʊf,epɪf,epʊf
e.pɪs,e.pʊs,epɪs,epʊs
e.pɪv,e.pʊv,epɪv,epʊv
e.pɪz,e.pʊz,epɪz,epʊz
e.pɪʃ,e.pʊʃ,epɪʃ,epʊʃ
e.pɪʒ,e.pʊʒ,epɪʒ,epʊʒ
e.pɪθ,e.pʊθ,epɪθ,epʊθ
e.pɪð,e.pʊð,epɪð,epʊð
e.tɪm,e.tʊm,etɪm,etʊm
e.tɪn,e.tʊn,etɪn,etʊn
e.tɪŋ,e.tʊŋ,etɪŋ,etʊŋ
e.tɪp,e.tʊp,etɪp,etʊp
e.tɪt,e.tʊt,etɪt,etʊt
e.tɪk,e.tʊk,etɪk,etʊk
e.tɪb,e.tʊb,etɪb,etʊb
e.tɪd,e.tʊd,etɪd,etʊd
e.tɪg,e.tʊg,etɪg,etʊg
e.tɪf,e.tʊf,etɪf,etʊf
e.tɪs,e.tʊs,etɪs,etʊs
e.tɪv,e.tʊv,etɪv,etʊv
e.tɪz,e.tʊz,etɪz,etʊz
e.tɪʃ,e.tʊʃ,etɪʃ,etʊʃ
e.tɪʒ,e.tʊʒ,etɪʒ,etʊʒ
e.tɪθ,e.tʊθ,etɪθ,etʊθ
e.tɪð,e.tʊð,etɪð,etʊð
e.kɪm,e.kʊm,ekɪm,ekʊm
e.kɪn,e.kʊn,ekɪn,ekʊn
e.kɪŋ,e.kʊŋ,ekɪŋ,ekʊŋ
e.kɪp,e.kʊp,ekɪp,ekʊp
e.kɪt,e.kʊt,ekɪt,ekʊt
e.kɪk,e.kʊk,ekɪk,ekʊk
e.kɪb,e.kʊb,ekɪb,ekʊb
e.kɪd,e.kʊd,ekɪd,ekʊd
e.kɪg,e.kʊg,ekɪg,ekʊg
e.kɪf,e.kʊf,ekɪf,ekʊf
e.kɪs,e.kʊs,ekɪs,ekʊs
e.kɪv,e.kʊv,ekɪv,ekʊv
e.kɪz,e.kʊz,ekɪz,ekʊz
e.kɪʃ,e.kʊʃ,ekɪʃ,ekʊʃ
e.kɪʒ,e.kʊʒ,ekɪʒ,ekʊʒ
e.kɪθ,e.kʊθ,ekɪθ,ekʊθ
e.kɪð,e.kʊð,ekɪð,ekʊð
e.bɪm,e.bʊm,ebɪm,ebʊm
e.bɪn,e.bʊn,ebɪn,ebʊn
e.bɪŋ,e.bʊŋ,ebɪŋ,ebʊŋ
e.bɪp,e.bʊp,ebɪp,ebʊp
e.bɪt,e.bʊt,ebɪt,ebʊt
e.bɪk,e.bʊk,ebɪk,ebʊk
e.bɪb,e.bʊb,ebɪb,ebʊb
e.bɪd,e.bʊd,ebɪd,ebʊd
e.bɪg,e.bʊg,ebɪg,ebʊg
e.bɪf,e.bʊf,ebɪf,ebʊf
e.bɪs,e.bʊs,ebɪs,ebʊs
e.bɪv,e.bʊv,ebɪv,ebʊv
e.bɪz,e.bʊz,ebɪz,ebʊz
e.bɪʃ,e.bʊʃ,ebɪʃ,ebʊʃ
e.bɪʒ,e.bʊʒ,ebɪʒ,ebʊʒ
e.bɪθ,e.bʊθ,ebɪθ,ebʊθ
e.bɪð,e.bʊð,ebɪð,ebʊð
e.dɪm,e.dʊm,edɪm,edʊm
e.dɪn,e.dʊn,edɪn,edʊn
e.dɪŋ,e.dʊŋ,edɪŋ,edʊŋ
e.dɪp,e.dʊp,edɪp,edʊp
e.dɪt,e.dʊt,edɪt,edʊt
e.dɪk,e.dʊk,edɪk,edʊk
e.dɪb,e.dʊb,edɪb,edʊb
e.dɪd,e.dʊd,edɪd,edʊd
e.dɪg,e.dʊg,edɪg,edʊg
e.dɪf,e.dʊf,edɪf,edʊf
e.dɪs,e.dʊs,edɪs,edʊs
e.dɪv,e.dʊv,edɪv,edʊv
e.dɪz,e.dʊz,edɪz,edʊz
e.dɪʃ,e.dʊʃ,edɪʃ,edʊʃ
e.dɪʒ,e.dʊʒ,edɪʒ,edʊʒ
e.dɪθ,e.dʊθ,edɪθ,edʊθ
e.dɪð,e.dʊð,edɪð,edʊð
e.gɪm,e.gʊm,egɪm,egʊm
e.gɪn,e.gʊn,egɪn,egʊn
e.gɪŋ,e.gʊŋ,egɪŋ,egʊŋ
e.gɪp,e.gʊp,egɪp,egʊp
e.gɪt,e.gʊt,egɪt,egʊt
e.gɪk,e.gʊk,egɪk,egʊk
e.gɪb,e.gʊb,egɪb,egʊb
e.gɪd,e.gʊd,egɪd,egʊd
e.gɪg,e.gʊg,egɪg,egʊg
e.gɪf,e.gʊf,egɪf,egʊf
e.gɪs,e.gʊs,egɪs,egʊs
e.gɪv,e.gʊv,egɪv,egʊv
e.gɪz,e.gʊz,egɪz,egʊz
e.gɪʃ,e.gʊʃ,egɪʃ,egʊʃ
e.gɪʒ,e.gʊʒ,egɪʒ,egʊʒ
e.gɪθ,e.gʊθ,egɪθ,egʊθ
e.gɪð,e.gʊð,egɪð,egʊð
e.fɪm,e.fʊm,efɪm,efʊm
e.fɪn,e.fʊn,efɪn,efʊn
e.fɪŋ,e.fʊŋ,efɪŋ,efʊŋ
e.fɪp,e.fʊp,efɪp,efʊp
e.fɪt,e.fʊt,efɪt,efʊt
e.fɪk,e.fʊk,efɪk,efʊk
e.fɪb,e.fʊb,efɪb,efʊb
e.fɪd,e.fʊd,efɪd,efʊd
e.fɪg,e.fʊg,efɪg,efʊg
e.fɪf,e.fʊf,efɪf,efʊf
e.fɪs,e.fʊs,efɪs,efʊs
e.fɪv,e.fʊv,efɪv,efʊv
e.fɪz,e.fʊz,efɪz,efʊz
e.fɪʃ,e.fʊʃ,efɪʃ,efʊʃ
e.fɪʒ,e.fʊʒ,efɪʒ,efʊʒ
e.fɪθ,e.fʊθ,efɪθ,efʊθ
e.fɪð,e.fʊð,efɪð,efʊð
e.sɪm,e.sʊm,esɪm,esʊm
e.sɪn,e.sʊn,esɪn,esʊn
e.sɪŋ,e.sʊŋ,esɪŋ,esʊŋ
e.sɪp,e.sʊp,esɪp,esʊp
e.sɪt,e.sʊt,esɪt,esʊt
e.sɪk,e.sʊk,esɪk,esʊk
e.sɪb,e.sʊb,esɪb,esʊb
e.sɪd,e.sʊd,esɪd,esʊd
e.sɪg,e.sʊg,esɪg,esʊg
e.sɪf,e.sʊf,esɪf,esʊf
e.sɪs,e.sʊs,esɪs,esʊs
e.sɪv,e.sʊv,esɪv,esʊv
e.sɪz,e.sʊz,esɪz,esʊz
e.sɪʃ,e.sʊʃ,esɪʃ,esʊʃ
e.sɪʒ,e.sʊʒ,esɪʒ,esʊʒ
e.sɪθ,e.sʊθ,esɪθ,esʊθ
e.sɪð,e.sʊð,esɪð,esʊð
e.vɪm,e.vʊm,evɪm,evʊm
e.vɪn,e.vʊn,evɪn,evʊn
e.vɪŋ,e.vʊŋ,evɪŋ,evʊŋ
e.vɪp,e.vʊp,evɪp,evʊp
e.vɪt,e.vʊt,evɪt,evʊt
e.vɪk,e.vʊk,evɪk,evʊk
e.vɪb,e.vʊb,evɪb,evʊb
e.vɪd,e.vʊd,evɪd,evʊd
e.vɪg,e.vʊg,evɪg,evʊg
e.vɪf,e.vʊf,evɪf,evʊf
e.vɪs,e.vʊs,evɪs,evʊs
e.vɪv,e.vʊv,evɪv,evʊv
e.vɪz,e.vʊz,evɪz,evʊz
e.vɪʃ,e.vʊʃ,evɪʃ,evʊʃ
e.vɪʒ,e.vʊʒ,evɪʒ,evʊʒ
e.vɪθ,e.vʊθ,evɪθ,evʊθ
e.vɪð,e.vʊð,evɪð,evʊð
e.zɪm,e.zʊm,ezɪm,ezʊm
e.zɪn,e.zʊn,ezɪn,ezʊn
e.zɪŋ,e.zʊŋ,ezɪŋ,ezʊŋ
e.zɪp,e.zʊp,ezɪp,ezʊp
e.zɪt,e.zʊt,ezɪt,ezʊt
e.zɪk,e.zʊk,ezɪk,ezʊk
e.zɪb,e.zʊb,ezɪb,ezʊb
e.zɪd,e.zʊd,ezɪd,ezʊd
e.zɪg,e.zʊg,ezɪg,ezʊg
e.zɪf,e.zʊf,ezɪf,ezʊf
e.zɪs,e.zʊs,ezɪs,ezʊs
e.zɪv,e.zʊv,ezɪv,ezʊv
e.zɪz,e.zʊz,ezɪz,ezʊz
e.zɪʃ,e.zʊʃ,ezɪʃ,ezʊʃ
e.zɪʒ,e.zʊʒ,ezɪʒ,ezʊʒ
e.zɪθ,e.zʊθ,ezɪθ,ezʊθ
e.zɪð,e.zʊð,ezɪð,ezʊð
e.ʃɪm,e.ʃʊm,eʃɪm,eʃʊm
e.ʃɪn,e.ʃʊn,eʃɪn,eʃʊn
e.ʃɪŋ,e.ʃʊŋ,eʃɪŋ,eʃʊŋ
e.ʃɪp,e.ʃʊp,eʃɪp,eʃʊp
e.ʃɪt,e.ʃʊt,eʃɪt,eʃʊt
e.ʃɪk,e.ʃʊk,eʃɪk,eʃʊk
e.ʃɪb,e.ʃʊb,eʃɪb,eʃʊb
e.ʃɪd,e.ʃʊd,eʃɪd,eʃʊd
e.ʃɪg,e.ʃʊg,eʃɪg,eʃʊg
e.ʃɪf,e.ʃʊf,eʃɪf,eʃʊf
e.ʃɪs,e.ʃʊs,eʃɪs,eʃʊs
e.ʃɪv,e.ʃʊv,eʃɪv,eʃʊv
e.ʃɪz,e.ʃʊz,eʃɪz,eʃʊz
e.ʃɪʃ,e.ʃʊʃ,eʃɪʃ,eʃʊʃ
e.ʃɪʒ,e.ʃʊʒ,eʃɪʒ,eʃʊʒ
e.ʃɪθ,e.ʃʊθ,eʃɪθ,eʃʊθ
e.ʃɪð,e.ʃʊð,eʃɪð,eʃʊð
e.ʒɪm,e.ʒʊm,eʒɪm,eʒʊm
e.ʒɪn,e.ʒʊn,eʒɪn,eʒʊn
e.ʒɪŋ,e.ʒʊŋ,eʒɪŋ,eʒʊŋ
e.ʒɪp,e.ʒʊp,eʒɪp,eʒʊp
e.ʒɪt,e.ʒʊt,eʒɪt,eʒʊt
e.ʒɪk,e.ʒʊk,eʒɪk,eʒʊk
e.ʒɪb,e.ʒʊb,eʒɪb,eʒʊb
e.ʒɪd,e.ʒʊd,eʒɪd,eʒʊd
e.ʒɪg,e.ʒʊg,eʒɪg,eʒʊg
e.ʒɪf,e.ʒʊf,eʒɪf,eʒʊf
e.ʒɪs,e.ʒʊs,eʒɪs,eʒʊs
e.ʒɪv,e.ʒʊv,eʒɪv,eʒʊv
e.ʒɪz,e.ʒʊz,eʒɪz,eʒʊz
e.ʒɪʃ,e.ʒʊʃ,eʒɪʃ,eʒʊʃ
e.ʒɪʒ,e.ʒʊʒ,eʒɪʒ,eʒʊʒ
e.ʒɪθ,e.ʒʊθ,eʒɪθ,eʒʊθ
e.ʒɪð,e.ʒʊð,eʒɪð,eʒʊð
e.θɪm,e.θʊm,eθɪm,eθʊm
e.θɪn,e.θʊn,eθɪn,eθʊn
e.θɪŋ,e.θʊŋ,eθɪŋ,eθʊŋ
e.θɪp,e.θʊp,eθɪp,eθʊp
e.θɪt,e.θʊt,eθɪt,eθʊt
e.θɪk,e.θʊk,eθɪk,eθʊk
e.θɪb,e.θʊb,eθɪb,eθʊb
e.θɪd,e.θʊd,eθɪd,eθʊd
e.θɪg,e.θʊg,eθɪg,eθʊg
e.θɪf,e.θʊf,eθɪf,eθʊf
e.θɪs,e.θʊs,eθɪs,eθʊs
e.θɪv,e.θʊv,eθɪv,eθʊv
e.θɪz,e.θʊz,eθɪz,eθʊz
e.θɪʃ,e.θʊʃ,eθɪʃ,eθʊʃ
e.θɪʒ,e.θʊʒ,eθɪʒ,eθʊʒ
e.θɪθ,e.θʊθ,eθɪθ,eθʊθ
e.θɪð,e.θʊð,eθɪð,eθʊð
e.ðɪm,e.ðʊm,eðɪm,eðʊm
e.ðɪn,e.ðʊn,eðɪn,eðʊn
e.ðɪŋ,e.ðʊŋ,eðɪŋ,eðʊŋ
e.ðɪp,e.ðʊp,eðɪp,eðʊp
e.ðɪt,e.ðʊt,eðɪt,eðʊt
e.ðɪk,e.ðʊk,eðɪk,eðʊk
e.ðɪb,e.ðʊb,eðɪb,eðʊb
e.ðɪd,e.ðʊd,eðɪd,eðʊd
e.ðɪg,e.ðʊg,eðɪg,eðʊg
e.ðɪf,e.ðʊf,eðɪf,eðʊf
e.ðɪs,e.ðʊs,eðɪs,eðʊs
e.ðɪv,e.ðʊv,eðɪv,eðʊv
e.ðɪz,e.ðʊz,eðɪz,eðʊz
e.ðɪʃ,e.ðʊʃ,eðɪʃ,eðʊʃ
e.ðɪʒ,e.ðʊʒ,eðɪʒ,eðʊʒ
e.ðɪθ,e.ðʊθ,eðɪθ,eðʊθ
e.ðɪð,e.ðʊð,eðɪð,eðʊð
e.hɪm,e.hʊm,ehɪm,ehʊm
e.hɪn,e.hʊn,ehɪn,ehʊn
e.hɪŋ,e.hʊŋ,ehɪŋ,ehʊŋ
e.hɪp,e.hʊp,ehɪp,ehʊp
e.hɪt,e.hʊt,ehɪt,ehʊt
e.hɪk,e.hʊk,ehɪk,ehʊk
e.hɪb,e.hʊb,ehɪb,ehʊb
e.hɪd,e.hʊd,ehɪd,ehʊd
e.hɪg,e.hʊg,ehɪg,ehʊg
e.hɪf,e.hʊf,ehɪf,ehʊf
e.hɪs,e.hʊs,ehɪs,ehʊs
e.hɪv,e.hʊv,ehɪv,ehʊv
e.hɪz,e.hʊz,ehɪz,ehʊz
e.hɪʃ,e.hʊʃ,ehɪʃ,ehʊʃ
e.hɪʒ,e.hʊʒ,ehɪʒ,ehʊʒ
e.hɪθ,e.hʊθ,ehɪθ,ehʊθ
e.hɪð,e.hʊð,ehɪð,ehʊð
e.mɛm,e.mɔm,emɛm,emɔm
e.mɛn,e.mɔn,emɛn,emɔn
e.mɛŋ,e.mɔŋ,emɛŋ,emɔŋ
e.mɛp,e.mɔp,emɛp,emɔp
e.mɛt,e.mɔt,emɛt,emɔt
e.mɛk,e.mɔk,emɛk,emɔk
e.mɛb,e.mɔb,emɛb,emɔb
e.mɛd,e.mɔd,emɛd,emɔd
e.mɛg,e.mɔg,emɛg,emɔg
e.mɛf,e.mɔf,emɛf,emɔf
e.mɛs,e.mɔs,emɛs,emɔs
e.mɛv,e.mɔv,emɛv,emɔv
e.mɛz,e.mɔz,emɛz,emɔz
e.mɛʃ,e.mɔʃ,emɛʃ,emɔʃ
e.mɛʒ,e.mɔʒ,emɛʒ,emɔʒ
e.mɛθ,e.mɔθ,emɛθ,emɔθ
e.mɛð,e.mɔð,emɛð,emɔð
e.nɛm,e.nɔm,enɛm,enɔm
e.nɛn,e.nɔn,enɛn,enɔn
e.nɛŋ,e.nɔŋ,enɛŋ,enɔŋ
e.nɛp,e.nɔp,enɛp,enɔp
e.nɛt,e.nɔt,enɛt,enɔt
e.nɛk,e.nɔk,enɛk,enɔk
e.nɛb,e.nɔb,enɛb,enɔb
e.nɛd,e.nɔd,enɛd,enɔd
e.nɛg,e.nɔg,enɛg,enɔg
e.nɛf,e.nɔf,enɛf,enɔf
e.nɛs,e.nɔs,enɛs,enɔs
e.nɛv,e.nɔv,enɛv,enɔv
e.nɛz,e.nɔz,enɛz,enɔz
e.nɛʃ,e.nɔʃ,enɛʃ,enɔʃ
e.nɛʒ,e.nɔʒ,enɛʒ,enɔʒ
e.nɛθ,e.nɔθ,enɛθ,enɔθ
e.nɛð,e.nɔð,enɛð,enɔð
e.pɛm,e.pɔm,epɛm,epɔm
e.pɛn,e.pɔn,epɛn,epɔn
e.pɛŋ,e.pɔŋ,epɛŋ,epɔŋ
e.pɛp,e.pɔp,epɛp,epɔp
e.pɛt,e.pɔt,epɛt,epɔt
e.pɛk,e.pɔk,epɛk,epɔk
e.pɛb,e.pɔb,epɛb,epɔb
e.pɛd,e.pɔd,epɛd,epɔd
e.pɛg,e.pɔg,epɛg,epɔg
e.pɛf,e.pɔf,epɛf,epɔf
e.pɛs,e.pɔs,epɛs,epɔs
e.pɛv,e.pɔv,epɛv,epɔv
e.pɛz,e.pɔz,epɛz,epɔz
e.pɛʃ,e.pɔʃ,epɛʃ,epɔʃ
e.pɛʒ,e.pɔʒ,epɛʒ,epɔʒ
e.pɛθ,e.pɔθ,epɛθ,epɔθ
e.pɛð,e.pɔð,epɛð,epɔð
e.tɛm,e.tɔm,etɛm,etɔm
e.tɛn,e.tɔn,etɛn,etɔn
e.tɛŋ,e.tɔŋ,etɛŋ,etɔŋ
e.tɛp,e.tɔp,etɛp,etɔp
e.tɛt,e.tɔt,etɛt,etɔt
e.tɛk,e.tɔk,etɛk,etɔk
e.tɛb,e.tɔb,etɛb,etɔb
e.tɛd,e.tɔd,etɛd,etɔd
e.tɛg,e.tɔg,etɛg,etɔg
e.tɛf,e.tɔf,etɛf,etɔf
e.tɛs,e.tɔs,etɛs,etɔs
e.tɛv,e.tɔv,etɛv,etɔv
e.tɛz,e.tɔz,etɛz,etɔz
e.tɛʃ,e.tɔʃ,etɛʃ,etɔʃ
e.tɛʒ,e.tɔʒ,etɛʒ,etɔʒ
e.tɛθ,e.tɔθ,etɛθ,etɔθ
e.tɛð,e.tɔð,etɛð,etɔð
e.kɛm,e.kɔm,ekɛm,ekɔm
e.kɛn,e.kɔn,ekɛn,ekɔn
e.kɛŋ,e.kɔŋ,ekɛŋ,ekɔŋ
e.kɛp,e.kɔp,ekɛp,ekɔp
e.kɛt,e.kɔt,ekɛt,ekɔt
e.kɛk,e.kɔk,ekɛk,ekɔk
e.kɛb,e.kɔb,ekɛb,ekɔb
e.kɛd,e.kɔd,ekɛd,ekɔd
e.kɛg,e.kɔg,ekɛg,ekɔg
e.kɛf,e.kɔf,ekɛf,ekɔf
e.kɛs,e.kɔs,ekɛs,ekɔs
e.kɛv,e.kɔv,ekɛv,ekɔv
e.kɛz,e.kɔz,ekɛz,ekɔz
e.kɛʃ,e.kɔʃ,ekɛʃ,ekɔʃ
e.kɛʒ,e.kɔʒ,ekɛʒ,ekɔʒ
e.kɛθ,e.kɔθ,ekɛθ,ekɔθ
e.kɛð,e.kɔð,ekɛð,ekɔð
e.bɛm,e.bɔm,ebɛm,ebɔm
e.bɛn,e.bɔn,ebɛn,ebɔn
e.bɛŋ,e.bɔŋ,ebɛŋ,ebɔŋ
e.bɛp,e.bɔp,ebɛp,ebɔp
e.bɛt,e.bɔt,ebɛt,ebɔt
e.bɛk,e.bɔk,ebɛk,ebɔk
e.bɛb,e.bɔb,ebɛb,ebɔb
e.bɛd,e.bɔd,ebɛd,ebɔd
e.bɛg,e.bɔg,ebɛg,ebɔg
e.bɛf,e.bɔf,ebɛf,ebɔf
e.bɛs,e.bɔs,ebɛs,ebɔs
e.bɛv,e.bɔv,ebɛv,ebɔv
e.bɛz,e.bɔz,ebɛz,ebɔz
e.bɛʃ,e.bɔʃ,ebɛʃ,ebɔʃ
e.bɛʒ,e.bɔʒ,ebɛʒ,ebɔʒ
e.bɛθ,e.bɔθ,ebɛθ,ebɔθ
e.bɛð,e.bɔð,ebɛð,ebɔð
e.dɛm,e.dɔm,edɛm,edɔm
e.dɛn,e.dɔn,edɛn,edɔn
e.dɛŋ,e.dɔŋ,edɛŋ,edɔŋ
e.dɛp,e.dɔp,edɛp,edɔp
e.dɛt,e.dɔt,edɛt,edɔt
e.dɛk,e.dɔk,edɛk,edɔk
e.dɛb,e.dɔb,edɛb,edɔb
e.dɛd,e.dɔd,edɛd,edɔd
e.dɛg,e.dɔg,edɛg,edɔg
e.dɛf,e.dɔf,edɛf,edɔf
e.dɛs,e.dɔs,edɛs,edɔs
e.dɛv,e.dɔv,edɛv,edɔv
e.dɛz,e.dɔz,edɛz,edɔz
e.dɛʃ,e.dɔʃ,edɛʃ,edɔʃ
e.dɛʒ,e.dɔʒ,edɛʒ,edɔʒ
e.dɛθ,e.dɔθ,edɛθ,edɔθ
e.dɛð,e.dɔð,edɛð,edɔð
e.gɛm,e.gɔm,egɛm,egɔm
e.gɛn,e.gɔn,egɛn,egɔn
e.gɛŋ,e.gɔŋ,egɛŋ,egɔŋ
e.gɛp,e.gɔp,egɛp,egɔp
e.gɛt,e.gɔt,egɛt,egɔt
e.gɛk,e.gɔk,egɛk,egɔk
e.gɛb,e.gɔb,egɛb,egɔb
e.gɛd,e.gɔd,egɛd,egɔd
e.gɛg,e.gɔg,egɛg,egɔg
e.gɛf,e.gɔf,egɛf,egɔf
e.gɛs,e.gɔs,egɛs,egɔs
e.gɛv,e.gɔv,egɛv,egɔv
e.gɛz,e.gɔz,egɛz,egɔz
e.gɛʃ,e.gɔʃ,egɛʃ,egɔʃ
e.gɛʒ,e.gɔʒ,egɛʒ,egɔʒ
e.gɛθ,e.gɔθ,egɛθ,egɔθ
e.gɛð,e.gɔð,egɛð,egɔð
e.fɛm,e.fɔm,efɛm,efɔm
e.fɛn,e.fɔn,efɛn,efɔn
e.fɛŋ,e.fɔŋ,efɛŋ,efɔŋ
e.fɛp,e.fɔp,efɛp,efɔp
e.fɛt,e.fɔt,efɛt,efɔt
e.fɛk,e.fɔk,efɛk,efɔk
e.fɛb,e.fɔb,efɛb,efɔb
e.fɛd,e.fɔd,efɛd,efɔd
e.fɛg,e.fɔg,efɛg,efɔg
e.fɛf,e.fɔf,efɛf,efɔf
e.fɛs,e.fɔs,efɛs,efɔs
e.fɛv,e.fɔv,efɛv,efɔv
e.fɛz,e.fɔz,efɛz,efɔz
e.fɛʃ,e.fɔʃ,efɛʃ,efɔʃ
e.fɛʒ,e.fɔʒ,efɛʒ,efɔʒ
e.fɛθ,e.fɔθ,efɛθ,efɔθ
e.fɛð,e.fɔð,efɛð,efɔð
e.sɛm,e.sɔm,esɛm,esɔm
e.sɛn,e.sɔn,esɛn,esɔn
e.sɛŋ,e.sɔŋ,esɛŋ,esɔŋ
e.sɛp,e.sɔp,esɛp,esɔp
e.sɛt,e.sɔt,esɛt,esɔt
e.sɛk,e.sɔk,esɛk,esɔk
e.sɛb,e.sɔb,esɛb,esɔb
e.sɛd,e.sɔd,esɛd,esɔd
e.sɛg,e.sɔg,esɛg,esɔg
e.sɛf,e.sɔf,esɛf,esɔf
e.sɛs,e.sɔs,esɛs,esɔs
e.sɛv,e.sɔv,esɛv,esɔv
e.sɛz,e.sɔz,esɛz,esɔz
e.sɛʃ,e.sɔʃ,esɛʃ,esɔʃ
e.sɛʒ,e.sɔʒ,esɛʒ,esɔʒ
e.sɛθ,e.sɔθ,esɛθ,esɔθ
e.sɛð,e.sɔð,esɛð,esɔð
e.vɛm,e.vɔm,evɛm,evɔm
e.vɛn,e.vɔn,evɛn,evɔn
e.vɛŋ,e.vɔŋ,evɛŋ,evɔŋ
e.vɛp,e.vɔp,evɛp,evɔp
e.vɛt,e.vɔt,evɛt,evɔt
e.vɛk,e.vɔk,evɛk,evɔk
e.vɛb,e.vɔb,evɛb,evɔb
e.vɛd,e.vɔd,evɛd,evɔd
e.vɛg,e.vɔg,evɛg,evɔg
e.vɛf,e.vɔf,evɛf,evɔf
e.vɛs,e.vɔs,evɛs,evɔs
e.vɛv,e.vɔv,evɛv,evɔv
e.vɛz,e.vɔz,evɛz,evɔz
e.vɛʃ,e.vɔʃ,evɛʃ,evɔʃ
e.vɛʒ,e.vɔʒ,evɛʒ,evɔʒ
e.vɛθ,e.vɔθ,evɛθ,evɔθ
e.vɛð,e.vɔð,evɛð,evɔð
e.zɛm,e.zɔm,ezɛm,ezɔm
e.zɛn,e.zɔn,ezɛn,ezɔn
e.zɛŋ,e.zɔŋ,ezɛŋ,ezɔŋ
e.zɛp,e.zɔp,ezɛp,ezɔp
e.zɛt,e.zɔt,ezɛt,ezɔt
e.zɛk,e.zɔk,ezɛk,ezɔk
e.zɛb,e.zɔb,ezɛb,ezɔb
e.zɛd,e.zɔd,ezɛd,ezɔd
e.zɛg,e.zɔg,ezɛg,ezɔg
e.zɛf,e.zɔf,ezɛf,ezɔf
e.zɛs,e.zɔs,ezɛs,ezɔs
e.zɛv,e.zɔv,ezɛv,ezɔv
e.zɛz,e.zɔz,ezɛz,ezɔz
e.zɛʃ,e.zɔʃ,ezɛʃ,ezɔʃ
e.zɛʒ,e.zɔʒ,ezɛʒ,ezɔʒ
e.zɛθ,e.zɔθ,ezɛθ,ezɔθ
e.zɛð,e.zɔð,ezɛð,ezɔð
e.ʃɛm,e.ʃɔm,eʃɛm,eʃɔm
e.ʃɛn,e.ʃɔn,eʃɛn,eʃɔn
e.ʃɛŋ,e.ʃɔŋ,eʃɛŋ,eʃɔŋ
e.ʃɛp,e.ʃɔp,eʃɛp,eʃɔp
e.ʃɛt,e.ʃɔt,eʃɛt,eʃɔt
e.ʃɛk,e.ʃɔk,eʃɛk,eʃɔk
e.ʃɛb,e.ʃɔb,eʃɛb,eʃɔb
e.ʃɛd,e.ʃɔd,eʃɛd,eʃɔd
e.ʃɛg,e.ʃɔg,eʃɛg,eʃɔg
e.ʃɛf,e.ʃɔf,eʃɛf,eʃɔf
e.ʃɛs,e.ʃɔs,eʃɛs,eʃɔs
e.ʃɛv,e.ʃɔv,eʃɛv,eʃɔv
e.ʃɛz,e.ʃɔz,eʃɛz,eʃɔz
e.ʃɛʃ,e.ʃɔʃ,eʃɛʃ,eʃɔʃ
e.ʃɛʒ,e.ʃɔʒ,eʃɛʒ,eʃɔʒ
e.ʃɛθ,e.ʃɔθ,eʃɛθ,eʃɔθ
e.ʃɛð,e.ʃɔð,eʃɛð,eʃɔð
e.ʒɛm,e.ʒɔm,eʒɛm,eʒɔm
e.ʒɛn,e.ʒɔn,eʒɛn,eʒɔn
e.ʒɛŋ,e.ʒɔŋ,eʒɛŋ,eʒɔŋ
e.ʒɛp,e.ʒɔp,eʒɛp,eʒɔp
e.ʒɛt,e.ʒɔt,eʒɛt,eʒɔt
e.ʒɛk,e.ʒɔk,eʒɛk,eʒɔk
e.ʒɛb,e.ʒɔb,eʒɛb,eʒɔb
e.ʒɛd,e.ʒɔd,eʒɛd,eʒɔd
e.ʒɛg,e.ʒɔg,eʒɛg,eʒɔg
e.ʒɛf,e.ʒɔf,eʒɛf,eʒɔf
e.ʒɛs,e.ʒɔs,eʒɛs,eʒɔs
e.ʒɛv,e.ʒɔv,eʒɛv,eʒɔv
e.ʒɛz,e.ʒɔz,eʒɛz,eʒɔz
e.ʒɛʃ,e.ʒɔʃ,eʒɛʃ,eʒɔʃ
e.ʒɛʒ,e.ʒɔʒ,eʒɛʒ,eʒɔʒ
e.ʒɛθ,e.ʒɔθ,eʒɛθ,eʒɔθ
e.ʒɛð,e.ʒɔð,eʒɛð,eʒɔð
e.θɛm,e.θɔm,eθɛm,eθɔm
e.θɛn,e.θɔn,eθɛn,eθɔn
e.θɛŋ,e.θɔŋ,eθɛŋ,eθɔŋ
e.θɛp,e.θɔp,eθɛp,eθɔp
e.θɛt,e.θɔt,eθɛt,eθɔt
e.θɛk,e.θɔk,eθɛk,eθɔk
e.θɛb,e.θɔb,eθɛb,eθɔb
e.θɛd,e.θɔd,eθɛd,eθɔd
e.θɛg,e.θɔg,eθɛg,eθɔg
e.θɛf,e.θɔf,eθɛf,eθɔf
e.θɛs,e.θɔs,eθɛs,eθɔs
e.θɛv,e.θɔv,eθɛv,eθɔv
e.θɛz,e.θɔz,eθɛz,eθɔz
e.θɛʃ,e.θɔʃ,eθɛʃ,eθɔʃ
e.θɛʒ,e.θɔʒ,eθɛʒ,eθɔʒ
e.θɛθ,e.θɔθ,eθɛθ,eθɔθ
e.θɛð,e.θɔð,eθɛð,eθɔð
e.ðɛm,e.ðɔm,eðɛm,eðɔm
e.ðɛn,e.ðɔn,eðɛn,eðɔn
e.ðɛŋ,e.ðɔŋ,eðɛŋ,eðɔŋ
e.ðɛp,e.ðɔp,eðɛp,eðɔp
e.ðɛt,e.ðɔt,eðɛt,eðɔt
e.ðɛk,e.ðɔk,eðɛk,eðɔk
e.ðɛb,e.ðɔb,eðɛb,eðɔb
e.ðɛd,e.ðɔd,eðɛd,eðɔd
e.ðɛg,e.ðɔg,eðɛg,eðɔg
e.ðɛf,e.ðɔf,eðɛf,eðɔf
e.ðɛs,e.ðɔs,eðɛs,eðɔs
e.ðɛv,e.ðɔv,eðɛv,eðɔv
e.ðɛz,e.ðɔz,eðɛz,eðɔz
e.ðɛʃ,e.ðɔʃ,eðɛʃ,eðɔʃ
e.ðɛʒ,e.ðɔʒ,eðɛʒ,eðɔʒ
e.ðɛθ,e.ðɔθ,eðɛθ,eðɔθ
e.ðɛð,e.ðɔð,eðɛð,eðɔð
e.hɛm,e.hɔm,ehɛm,ehɔm
e.hɛn,e.hɔn,ehɛn,ehɔn
e.hɛŋ,e.hɔŋ,ehɛŋ,ehɔŋ
e.hɛp,e.hɔp,ehɛp,ehɔp
e.hɛt,e.hɔt,ehɛt,ehɔt
e.hɛk,e.hɔk,ehɛk,ehɔk
e.hɛb,e.hɔb,ehɛb,ehɔb
e.hɛd,e.hɔd,ehɛd,ehɔd
e.hɛg,e.hɔg,ehɛg,ehɔg
e.hɛf,e.hɔf,ehɛf,ehɔf
e.hɛs,e.hɔs,ehɛs,ehɔs
e.hɛv,e.hɔv,ehɛv,ehɔv
e.hɛz,e.hɔz,ehɛz,ehɔz
e.hɛʃ,e.hɔʃ,ehɛʃ,ehɔʃ
e.hɛʒ,e.hɔʒ,ehɛʒ,ehɔʒ
e.hɛθ,e.hɔθ,ehɛθ,ehɔθ
e.hɛð,e.hɔð,ehɛð,ehɔð
e.mʊm,e.mɪm,emʊm,emɪm
e.mʊn,e.mɪn,emʊn,emɪn
e.mʊŋ,e.mɪŋ,emʊŋ,emɪŋ
e.mʊp,e.mɪp,emʊp,emɪp
e.mʊt,e.mɪt,emʊt,emɪt
e.mʊk,e.mɪk,emʊk,emɪk
e.mʊb,e.mɪb,emʊb,emɪb
e.mʊd,e.mɪd,emʊd,emɪd
e.mʊg,e.mɪg,emʊg,emɪg
e.mʊf,e.mɪf,emʊf,emɪf
e.mʊs,e.mɪs,emʊs,emɪs
e.mʊv,e.mɪv,emʊv,emɪv
e.mʊz,e.mɪz,emʊz,emɪz
e.mʊʃ,e.mɪʃ,emʊʃ,emɪʃ
e.mʊʒ,e.mɪʒ,emʊʒ,emɪʒ
e.mʊθ,e.mɪθ,emʊθ,emɪθ
e.mʊð,e.mɪð,emʊð,emɪð
e.nʊm,e.nɪm,enʊm,enɪm
e.nʊn,e.nɪn,enʊn,enɪn
e.nʊŋ,e.nɪŋ,enʊŋ,enɪŋ
e.nʊp,e.nɪp,enʊp,enɪp
e.nʊt,e.nɪt,enʊt,enɪt
e.nʊk,e.nɪk,enʊk,enɪk
e.nʊb,e.nɪb,enʊb,enɪb
e.nʊd,e.nɪd,enʊd,enɪd
e.nʊg,e.nɪg,enʊg,enɪg
e.nʊf,e.nɪf,enʊf,enɪf
e.nʊs,e.nɪs,enʊs,enɪs
e.nʊv,e.nɪv,enʊv,enɪv
e.nʊz,e.nɪz,enʊz,enɪz
e.nʊʃ,e.nɪʃ,enʊʃ,enɪʃ
e.nʊʒ,e.nɪʒ,enʊʒ,enɪʒ
e.nʊθ,e.nɪθ,enʊθ,enɪθ
e.nʊð,e.nɪð,enʊð,enɪð
e.pʊm,e.pɪm,epʊm,epɪm
e.pʊn,e.pɪn,epʊn,epɪn
e.pʊŋ,e.pɪŋ,epʊŋ,epɪŋ
e.pʊp,e.pɪp,epʊp,epɪp
e.pʊt,e.pɪt,epʊt,epɪt
e.pʊk,e.pɪk,epʊk,epɪk
e.pʊb,e.pɪb,epʊb,epɪb
e.pʊd,e.pɪd,epʊd,epɪd
e.pʊg,e.pɪg,epʊg,epɪg
e.pʊf,e.pɪf,epʊf,epɪf
e.pʊs,e.pɪs,epʊs,epɪs
e.pʊv,e.pɪv,epʊv,epɪv
e.pʊz,e.pɪz,epʊz,epɪz
e.pʊʃ,e.pɪʃ,epʊʃ,epɪʃ
e.pʊʒ,e.pɪʒ,epʊʒ,epɪʒ
e.pʊθ,e.pɪθ,epʊθ,epɪθ
e.pʊð,e.pɪð,epʊð,epɪð
e.tʊm,e.tɪm,etʊm,etɪm
e.tʊn,e.tɪn,etʊn,etɪn
e.tʊŋ,e.tɪŋ,etʊŋ,etɪŋ
e.tʊp,e.tɪp,etʊp,etɪp
e.tʊt,e.tɪt,etʊt,etɪt
e.tʊk,e.tɪk,etʊk,etɪk
e.tʊb,e.tɪb,etʊb,etɪb
e.tʊd,e.tɪd,etʊd,etɪd
e.tʊg,e.tɪg,etʊg,etɪg
e.tʊf,e.tɪf,etʊf,etɪf
e.tʊs,e.tɪs,etʊs,etɪs
e.tʊv,e.tɪv,etʊv,etɪv
e.tʊz,e.tɪz,etʊz,etɪz
e.tʊʃ,e.tɪʃ,etʊʃ,etɪʃ
e.tʊʒ,e.tɪʒ,etʊʒ,etɪʒ
e.tʊθ,e.tɪθ,etʊθ,etɪθ
e.tʊð,e.tɪð,etʊð,etɪð
e.kʊm,e.kɪm,ekʊm,ekɪm
e.kʊn,e.kɪn,ekʊn,ekɪn
e.kʊŋ,e.kɪŋ,ekʊŋ,ekɪŋ
e.kʊp,e.kɪp,ekʊp,ekɪp
e.kʊt,e.kɪt,ekʊt,ekɪt
e.kʊk,e.kɪk,ekʊk,ekɪk
e.kʊb,e.kɪb,ekʊb,ekɪb
e.kʊd,e.kɪd,ekʊd,ekɪd
e.kʊg,e.kɪg,ekʊg,ekɪg
e.kʊf,e.kɪf,ekʊf,ekɪf
e.kʊs,e.kɪs,ekʊs,ekɪs
e.kʊv,e.kɪv,ekʊv,ekɪv
e.kʊz,e.kɪz,ekʊz,ekɪz
e.kʊʃ,e.kɪʃ,ekʊʃ,ekɪʃ
e.kʊʒ,e.kɪʒ,ekʊʒ,ekɪʒ
e.kʊθ,e.kɪθ,ekʊθ,ekɪθ
e.kʊð,e.kɪð,ekʊð,ekɪð
e.bʊm,e.bɪm,ebʊm,ebɪm
e.bʊn,e.bɪn,ebʊn,ebɪn
e.bʊŋ,e.bɪŋ,ebʊŋ,ebɪŋ
e.bʊp,e.bɪp,ebʊp,ebɪp
e.bʊt,e.bɪt,ebʊt,ebɪt
e.bʊk,e.bɪk,ebʊk,ebɪk
e.bʊb,e.bɪb,ebʊb,ebɪb
e.bʊd,e.bɪd,ebʊd,ebɪd
e.bʊg,e.bɪg,ebʊg,ebɪg
e.bʊf,e.bɪf,ebʊf,ebɪf
e.bʊs,e.bɪs,ebʊs,ebɪs
e.bʊv,e.bɪv,ebʊv,ebɪv
e.bʊz,e.bɪz,ebʊz,ebɪz
e.bʊʃ,e.bɪʃ,ebʊʃ,ebɪʃ
e.bʊʒ,e.bɪʒ,ebʊʒ,ebɪʒ
e.bʊθ,e.bɪθ,ebʊθ,ebɪθ
e.bʊð,e.bɪð,ebʊð,ebɪð
e.dʊm,e.dɪm,edʊm,edɪm
e.dʊn,e.dɪn,edʊn,edɪn
e.dʊŋ,e.dɪŋ,edʊŋ,edɪŋ
e.dʊp,e.dɪp,edʊp,edɪp
e.dʊt,e.dɪt,edʊt,edɪt
e.dʊk,e.dɪk,edʊk,edɪk
e.dʊb,e.dɪb,edʊb,edɪb
e.dʊd,e.dɪd,edʊd,edɪd
e.dʊg,e.dɪg,edʊg,edɪg
e.dʊf,e.dɪf,edʊf,edɪf
e.dʊs,e.dɪs,edʊs,edɪs
e.dʊv,e.dɪv,edʊv,edɪv
e.dʊz,e.dɪz,edʊz,edɪz
e.dʊʃ,e.dɪʃ,edʊʃ,edɪʃ
e.dʊʒ,e.dɪʒ,edʊʒ,edɪʒ
e.dʊθ,e.dɪθ,edʊθ,edɪθ
e.dʊð,e.dɪð,edʊð,edɪð
e.gʊm,e.gɪm,egʊm,egɪm
e.gʊn,e.gɪn,egʊn,egɪn
e.gʊŋ,e.gɪŋ,egʊŋ,egɪŋ
e.gʊp,e.gɪp,egʊp,egɪp
e.gʊt,e.gɪt,egʊt,egɪt
e.gʊk,e.gɪk,egʊk,egɪk
e.gʊb,e.gɪb,egʊb,egɪb
e.gʊd,e.gɪd,egʊd,egɪd
e.gʊg,e.gɪg,egʊg,egɪg
e.gʊf,e.gɪf,egʊf,egɪf
e.gʊs,e.gɪs,egʊs,egɪs
e.gʊv,e.gɪv,egʊv,egɪv
e.gʊz,e.gɪz,egʊz,egɪz
e.gʊʃ,e.gɪʃ,egʊʃ,egɪʃ
e.gʊʒ,e.gɪʒ,egʊʒ,egɪʒ
e.gʊθ,e.gɪθ,egʊθ,egɪθ
e.gʊð,e.gɪð,egʊð,egɪð
e.fʊm,e.fɪm,efʊm,efɪm
e.fʊn,e.fɪn,efʊn,efɪn
e.fʊŋ,e.fɪŋ,efʊŋ,efɪŋ
e.fʊp,e.fɪp,efʊp,efɪp
e.fʊt,e.fɪt,efʊt,efɪt
e.fʊk,e.fɪk,efʊk,efɪk
e.fʊb,e.fɪb,efʊb,efɪb
e.fʊd,e.fɪd,efʊd,efɪd
e.fʊg,e.fɪg,efʊg,efɪg
e.fʊf,e.fɪf,efʊf,efɪf
e.fʊs,e.fɪs,efʊs,efɪs
e.fʊv,e.fɪv,efʊv,efɪv
e.fʊz,e.fɪz,efʊz,efɪz
e.fʊʃ,e.fɪʃ,efʊʃ,efɪʃ
e.fʊʒ,e.fɪʒ,efʊʒ,efɪʒ
e.fʊθ,e.fɪθ,efʊθ,efɪθ
e.fʊð,e.fɪð,efʊð,efɪð
e.sʊm,e.sɪm,esʊm,esɪm
e.sʊn,e.sɪn,esʊn,esɪn
e.sʊŋ,e.sɪŋ,esʊŋ,esɪŋ
e.sʊp,e.sɪp,esʊp,esɪp
e.sʊt,e.sɪt,esʊt,esɪt
e.sʊk,e.sɪk,esʊk,esɪk
e.sʊb,e.sɪb,esʊb,esɪb
e.sʊd,e.sɪd,esʊd,esɪd
e.sʊg,e.sɪg,esʊg,esɪg
e.sʊf,e.sɪf,esʊf,esɪf
e.sʊs,e.sɪs,esʊs,esɪs
e.sʊv,e.sɪv,esʊv,esɪv
e.sʊz,e.sɪz,esʊz,esɪz
e.sʊʃ,e.sɪʃ,esʊʃ,esɪʃ
e.sʊʒ,e.sɪʒ,esʊʒ,esɪʒ
e.sʊθ,e.sɪθ,esʊθ,esɪθ
e.sʊð,e.sɪð,esʊð,esɪð
e.vʊm,e.vɪm,evʊm,evɪm
e.vʊn,e.vɪn,evʊn,evɪn
e.vʊŋ,e.vɪŋ,evʊŋ,evɪŋ
e.vʊp,e.vɪp,evʊp,evɪp
e.vʊt,e.vɪt,evʊt,evɪt
e.vʊk,e.vɪk,evʊk,evɪk
e.vʊb,e.vɪb,evʊb,evɪb
e.vʊd,e.vɪd,evʊd,evɪd
e.vʊg,e.vɪg,evʊg,evɪg
e.vʊf,e.vɪf,evʊf,evɪf
e.vʊs,e.vɪs,evʊs,evɪs
e.vʊv,e.vɪv,evʊv,evɪv
e.vʊz,e.vɪz,evʊz,evɪz
e.vʊʃ,e.vɪʃ,evʊʃ,evɪʃ
e.vʊʒ,e.vɪʒ,evʊʒ,evɪʒ
e.vʊθ,e.vɪθ,evʊθ,evɪθ
e.vʊð,e.vɪð,evʊð,evɪð
e.zʊm,e.zɪm,ezʊm,ezɪm
e.zʊn,e.zɪn,ezʊn,ezɪn
e.zʊŋ,e.zɪŋ,ezʊŋ,ezɪŋ
e.zʊp,e.zɪp,ezʊp,ezɪp
e.zʊt,e.zɪt,ezʊt,ezɪt
e.zʊk,e.zɪk,ezʊk,ezɪk
e.zʊb,e.zɪb,ezʊb,ezɪb
e.zʊd,e.zɪd,ezʊd,ezɪd
e.zʊg,e.zɪg,ezʊg,ezɪg
e.zʊf,e.zɪf,ezʊf,ezɪf
e.zʊs,e.zɪs,ezʊs,ezɪs
e.zʊv,e.zɪv,ezʊv,ezɪv
e.zʊz,e.zɪz,ezʊz,ezɪz
e.zʊʃ,e.zɪʃ,ezʊʃ,ezɪʃ
e.zʊʒ,e.zɪʒ,ezʊʒ,ezɪʒ
e.zʊθ,e.zɪθ,ezʊθ,ezɪθ
e.zʊð,e.zɪð,ezʊð,ezɪð
e.ʃʊm,e.ʃɪm,eʃʊm,eʃɪm
e.ʃʊn,e.ʃɪn,eʃʊn,eʃɪn
e.ʃʊŋ,e.ʃɪŋ,eʃʊŋ,eʃɪŋ
e.ʃʊp,e.ʃɪp,eʃʊp,eʃɪp
e.ʃʊt,e.ʃɪt,eʃʊt,eʃɪt
e.ʃʊk,e.ʃɪk,eʃʊk,eʃɪk
e.ʃʊb,e.ʃɪb,eʃʊb,eʃɪb
e.ʃʊd,e.ʃɪd,eʃʊd,eʃɪd
e.ʃʊg,e.ʃɪg,eʃʊg,eʃɪg
e.ʃʊf,e.ʃɪf,eʃʊf,eʃɪf
e.ʃʊs,e.ʃɪs,eʃʊs,eʃɪs
e.ʃʊv,e.ʃɪv,eʃʊv,eʃɪv
e.ʃʊz,e.ʃɪz,eʃʊz,eʃɪz
e.ʃʊʃ,e.ʃɪʃ,eʃʊʃ,eʃɪʃ
e.ʃʊʒ,e.ʃɪʒ,eʃʊʒ,eʃɪʒ
e.ʃʊθ,e.ʃɪθ,eʃʊθ,eʃɪθ
e.ʃʊð,e.ʃɪð,eʃʊð,eʃɪð
e.ʒʊm,e.ʒɪm,eʒʊm,eʒɪm
e.ʒʊn,e.ʒɪn,eʒʊn,eʒɪn
e.ʒʊŋ,e.ʒɪŋ,eʒʊŋ,eʒɪŋ
e.ʒʊp,e.ʒɪp,eʒʊp,eʒɪp
e.ʒʊt,e.ʒɪt,eʒʊt,eʒɪt
e.ʒʊk,e.ʒɪk,eʒʊk,eʒɪk
e.ʒʊb,e.ʒɪb,eʒʊb,eʒɪb
e.ʒʊd,e.ʒɪd,eʒʊd,eʒɪd
e.ʒʊg,e.ʒɪg,eʒʊg,eʒɪg
e.ʒʊf,e.ʒɪf,eʒʊf,eʒɪf
e.ʒʊs,e.ʒɪs,eʒʊs,eʒɪs
e.ʒʊv,e.ʒɪv,eʒʊv,eʒɪv
e.ʒʊz,e.ʒɪz,eʒʊz,eʒɪz
e.ʒʊʃ,e.ʒɪʃ,eʒʊʃ,eʒɪʃ
e.ʒʊʒ,e.ʒɪʒ,eʒʊʒ,eʒɪʒ
e.ʒʊθ,e.ʒɪθ,eʒʊθ,eʒɪθ
e.ʒʊð,e.ʒɪð,eʒʊð,eʒɪð
e.θʊm,e.θɪm,eθʊm,eθɪm
e.θʊn,e.θɪn,eθʊn,eθɪn
e.θʊŋ,e.θɪŋ,eθʊŋ,eθɪŋ
e.θʊp,e.θɪp,eθʊp,eθɪp
e.θʊt,e.θɪt,eθʊt,eθɪt
e.θʊk,e.θɪk,eθʊk,eθɪk
e.θʊb,e.θɪb,eθʊb,eθɪb
e.θʊd,e.θɪd,eθʊd,eθɪd
e.θʊg,e.θɪg,eθʊg,eθɪg
e.θʊf,e.θɪf,eθʊf,eθɪf
e.θʊs,e.θɪs,eθʊs,eθɪs
e.θʊv,e.θɪv,eθʊv,eθɪv
e.θʊz,e.θɪz,eθʊz,eθɪz
e.θʊʃ,e.θɪʃ,eθʊʃ,eθɪʃ
e.θʊʒ,e.θɪʒ,eθʊʒ,eθɪʒ
e.θʊθ,e.θɪθ,eθʊθ,eθɪθ
e.θʊð,e.θɪð,eθʊð,eθɪð
e.ðʊm,e.ðɪm,eðʊm,eðɪm
e.ðʊn,e.ðɪn,eðʊn,eðɪn
e.ðʊŋ,e.ðɪŋ,eðʊŋ,eðɪŋ
e.ðʊp,e.ðɪp,eðʊp,eðɪp
e.ðʊt,e.ðɪt,eðʊt,eðɪt
e.ðʊk,e.ðɪk,eðʊk,eðɪk
e.ðʊb,e.ðɪb,eðʊb,eðɪb
e.ðʊd,e.ðɪd,eðʊd,eðɪd
e.ðʊg,e.ðɪg,eðʊg,eðɪg
e.ðʊf,e.ðɪf,eðʊf,eðɪf
e.ðʊs,e.ðɪs,eðʊs,eðɪs
e.ðʊv,e.ðɪv,eðʊv,eðɪv
e.ðʊz,e.ðɪz,eðʊz,eðɪz
e.ðʊʃ,e.ðɪʃ,eðʊʃ,eðɪʃ
e.ðʊʒ,e.ðɪʒ,eðʊʒ,eðɪʒ
e.ðʊθ,e.ðɪθ,eðʊθ,eðɪθ
e.ðʊð,e.ðɪð,eðʊð,eðɪð
e.hʊm,e.hɪm,ehʊm,ehɪm
e.hʊn,e.hɪn,ehʊn,ehɪn
e.hʊŋ,e.hɪŋ,ehʊŋ,ehɪŋ
e.hʊp,e.hɪp,ehʊp,ehɪp
e.hʊt,e.hɪt,ehʊt,ehɪt
e.hʊk,e.hɪk,ehʊk,ehɪk
e.hʊb,e.hɪb,ehʊb,ehɪb
e.hʊd,e.hɪd,ehʊd,ehɪd
e.hʊg,e.hɪg,ehʊg,ehɪg
e.hʊf,e.hɪf,ehʊf,ehɪf
e.hʊs,e.hɪs,ehʊs,ehɪs
e.hʊv,e.hɪv,ehʊv,ehɪv
e.hʊz,e.hɪz,ehʊz,ehɪz
e.hʊʃ,e.hɪʃ,ehʊʃ,ehɪʃ
e.hʊʒ,e.hɪʒ,ehʊʒ,ehɪʒ
e.hʊθ,e.hɪθ,ehʊθ,ehɪθ
e.hʊð,e.hɪð,ehʊð,ehɪð
e.mɔm,e.mɛm,emɔm,emɛm
e.mɔn,e.mɛn,emɔn,emɛn
e.mɔŋ,e.mɛŋ,emɔŋ,emɛŋ
e.mɔp,e.mɛp,emɔp,emɛp
e.mɔt,e.mɛt,emɔt,emɛt
e.mɔk,e.mɛk,emɔk,emɛk
e.mɔb,e.mɛb,emɔb,emɛb
e.mɔd,e.mɛd,emɔd,emɛd
e.mɔg,e.mɛg,emɔg,emɛg
e.mɔf,e.mɛf,emɔf,emɛf
e.mɔs,e.mɛs,emɔs,emɛs
e.mɔv,e.mɛv,emɔv,emɛv
e.mɔz,e.mɛz,emɔz,emɛz
e.mɔʃ,e.mɛʃ,emɔʃ,emɛʃ
e.mɔʒ,e.mɛʒ,emɔʒ,emɛʒ
e.mɔθ,e.mɛθ,emɔθ,emɛθ
e.mɔð,e.mɛð,emɔð,emɛð
e.nɔm,e.nɛm,enɔm,enɛm
e.nɔn,e.nɛn,enɔn,enɛn
e.nɔŋ,e.nɛŋ,enɔŋ,enɛŋ
e.nɔp,e.nɛp,enɔp,enɛp
e.nɔt,e.nɛt,enɔt,enɛt
e.nɔk,e.nɛk,enɔk,enɛk
e.nɔb,e.nɛb,enɔb,enɛb
e.nɔd,e.nɛd,enɔd,enɛd
e.nɔg,e.nɛg,enɔg,enɛg
e.nɔf,e.nɛf,enɔf,enɛf
e.nɔs,e.nɛs,enɔs,enɛs
e.nɔv,e.nɛv,enɔv,enɛv
e.nɔz,e.nɛz,enɔz,enɛz
e.nɔʃ,e.nɛʃ,enɔʃ,enɛʃ
e.nɔʒ,e.nɛʒ,enɔʒ,enɛʒ
e.nɔθ,e.nɛθ,enɔθ,enɛθ
e.nɔð,e.nɛð,enɔð,enɛð
e.pɔm,e.pɛm,epɔm,epɛm
e.pɔn,e.pɛn,epɔn,epɛn
e.pɔŋ,e.pɛŋ,epɔŋ,epɛŋ
e.pɔp,e.pɛp,epɔp,epɛp
e.pɔt,e.pɛt,epɔt,epɛt
e.pɔk,e.pɛk,epɔk,epɛk
e.pɔb,e.pɛb,epɔb,epɛb
e.pɔd,e.pɛd,epɔd,epɛd
e.pɔg,e.pɛg,epɔg,epɛg
e.pɔf,e.pɛf,epɔf,epɛf
e.pɔs,e.pɛs,epɔs,epɛs
e.pɔv,e.pɛv,epɔv,epɛv
e.pɔz,e.pɛz,epɔz,epɛz
e.pɔʃ,e.pɛʃ,epɔʃ,epɛʃ
e.pɔʒ,e.pɛʒ,epɔʒ,epɛʒ
e.pɔθ,e.pɛθ,epɔθ,epɛθ
e.pɔð,e.pɛð,epɔð,epɛð
e.tɔm,e.tɛm,etɔm,etɛm
e.tɔn,e.tɛn,etɔn,etɛn
e.tɔŋ,e.tɛŋ,etɔŋ,etɛŋ
e.tɔp,e.tɛp,etɔp,etɛp
e.tɔt,e.tɛt,etɔt,etɛt
e.tɔk,e.tɛk,etɔk,etɛk
e.tɔb,e.tɛb,etɔb,etɛb
e.tɔd,e.tɛd,etɔd,etɛd
e.tɔg,e.tɛg,etɔg,etɛg
e.tɔf,e.tɛf,etɔf,etɛf
e.tɔs,e.tɛs,etɔs,etɛs
e.tɔv,e.tɛv,etɔv,etɛv
e.tɔz,e.tɛz,etɔz,etɛz
e.tɔʃ,e.tɛʃ,etɔʃ,etɛʃ
e.tɔʒ,e.tɛʒ,etɔʒ,etɛʒ
e.tɔθ,e.tɛθ,etɔθ,etɛθ
e.tɔð,e.tɛð,etɔð,etɛð
e.kɔm,e.kɛm,ekɔm,ekɛm
e.kɔn,e.kɛn,ekɔn,ekɛn
e.kɔŋ,e.kɛŋ,ekɔŋ,ekɛŋ
e.kɔp,e.kɛp,ekɔp,ekɛp
e.kɔt,e.kɛt,ekɔt,ekɛt
e.kɔk,e.kɛk,ekɔk,ekɛk
e.kɔb,e.kɛb,ekɔb,ekɛb
e.kɔd,e.kɛd,ekɔd,ekɛd
e.kɔg,e.kɛg,ekɔg,ekɛg
e.kɔf,e.kɛf,ekɔf,ekɛf
e.kɔs,e.kɛs,ekɔs,ekɛs
e.kɔv,e.kɛv,ekɔv,ekɛv
e.kɔz,e.kɛz,ekɔz,ekɛz
e.kɔʃ,e.kɛʃ,ekɔʃ,ekɛʃ
e.kɔʒ,e.kɛʒ,ekɔʒ,ekɛʒ
e.kɔθ,e.kɛθ,ekɔθ,ekɛθ
e.kɔð,e.kɛð,ekɔð,ekɛð
e.bɔm,e.bɛm,ebɔm,ebɛm
e.bɔn,e.bɛn,ebɔn,ebɛn
e.bɔŋ,e.bɛŋ,ebɔŋ,ebɛŋ
e.bɔp,e.bɛp,ebɔp,ebɛp
e.bɔt,e.bɛt,ebɔt,ebɛt
e.bɔk,e.bɛk,ebɔk,ebɛk
e.bɔb,e.bɛb,ebɔb,ebɛb
e.bɔd,e.bɛd,ebɔd,ebɛd
e.bɔg,e.bɛg,ebɔg,ebɛg
e.bɔf,e.bɛf,ebɔf,ebɛf
e.bɔs,e.bɛs,ebɔs,ebɛs
e.bɔv,e.bɛv,ebɔv,ebɛv
e.bɔz,e.bɛz,ebɔz,ebɛz
e.bɔʃ,e.bɛʃ,ebɔʃ,ebɛʃ
e.bɔʒ,e.bɛʒ,ebɔʒ,ebɛʒ
e.bɔθ,e.bɛθ,ebɔθ,ebɛθ
e.bɔð,e.bɛð,ebɔð,ebɛð
e.dɔm,e.dɛm,edɔm,edɛm
e.dɔn,e.dɛn,edɔn,edɛn
e.dɔŋ,e.dɛŋ,edɔŋ,edɛŋ
e.dɔp,e.dɛp,edɔp,edɛp
e.dɔt,e.dɛt,edɔt,edɛt
e.dɔk,e.dɛk,edɔk,edɛk
e.dɔb,e.dɛb,edɔb,edɛb
e.dɔd,e.dɛd,edɔd,edɛd
e.dɔg,e.dɛg,edɔg,edɛg
e.dɔf,e.dɛf,edɔf,edɛf
e.dɔs,e.dɛs,edɔs,edɛs
e.dɔv,e.dɛv,edɔv,edɛv
e.dɔz,e.dɛz,edɔz,edɛz
e.dɔʃ,e.dɛʃ,edɔʃ,edɛʃ
e.dɔʒ,e.dɛʒ,edɔʒ,edɛʒ
e.dɔθ,e.dɛθ,edɔθ,edɛθ
e.dɔð,e.dɛð,edɔð,edɛð
e.gɔm,e.gɛm,egɔm,egɛm
e.gɔn,e.gɛn,egɔn,egɛn
e.gɔŋ,e.gɛŋ,egɔŋ,egɛŋ
e.gɔp,e.gɛp,egɔp,egɛp
e.gɔt,e.gɛt,egɔt,egɛt
e.gɔk,e.gɛk,egɔk,egɛk
e.gɔb,e.gɛb,egɔb,egɛb
e.gɔd,e.gɛd,egɔd,egɛd
e.gɔg,e.gɛg,egɔg,egɛg
e.gɔf,e.gɛf,egɔf,egɛf
e.gɔs,e.gɛs,egɔs,egɛs
e.gɔv,e.gɛv,egɔv,egɛv
e.gɔz,e.gɛz,egɔz,egɛz
e.gɔʃ,e.gɛʃ,egɔʃ,egɛʃ
e.gɔʒ,e.gɛʒ,egɔʒ,egɛʒ
e.gɔθ,e.gɛθ,egɔθ,egɛθ
e.gɔð,e.gɛð,egɔð,egɛð
e.fɔm,e.fɛm,efɔm,efɛm
e.fɔn,e.fɛn,efɔn,efɛn
e.fɔŋ,e.fɛŋ,efɔŋ,efɛŋ
e.fɔp,e.fɛp,efɔp,efɛp
e.fɔt,e.fɛt,efɔt,efɛt
e.fɔk,e.fɛk,efɔk,efɛk
e.fɔb,e.fɛb,efɔb,efɛb
e.fɔd,e.fɛd,efɔd,efɛd
e.fɔg,e.fɛg,efɔg,efɛg
e.fɔf,e.fɛf,efɔf,efɛf
e.fɔs,e.fɛs,efɔs,efɛs
e.fɔv,e.fɛv,efɔv,efɛv
e.fɔz,e.fɛz,efɔz,efɛz
e.fɔʃ,e.fɛʃ,efɔʃ,efɛʃ
e.fɔʒ,e.fɛʒ,efɔʒ,efɛʒ
e.fɔθ,e.fɛθ,efɔθ,efɛθ
e.fɔð,e.fɛð,efɔð,efɛð
e.sɔm,e.sɛm,esɔm,esɛm
e.sɔn,e.sɛn,esɔn,esɛn
e.sɔŋ,e.sɛŋ,esɔŋ,esɛŋ
e.sɔp,e.sɛp,esɔp,esɛp
e.sɔt,e.sɛt,esɔt,esɛt
e.sɔk,e.sɛk,esɔk,esɛk
e.sɔb,e.sɛb,esɔb,esɛb
e.sɔd,e.sɛd,esɔd,esɛd
e.sɔg,e.sɛg,esɔg,esɛg
e.sɔf,e.sɛf,esɔf,esɛf
e.sɔs,e.sɛs,esɔs,esɛs
e.sɔv,e.sɛv,esɔv,esɛv
e.sɔz,e.sɛz,esɔz,esɛz
e.sɔʃ,e.sɛʃ,esɔʃ,esɛʃ
e.sɔʒ,e.sɛʒ,esɔʒ,esɛʒ
e.sɔθ,e.sɛθ,esɔθ,esɛθ
e.sɔð,e.sɛð,esɔð,esɛð
e.vɔm,e.vɛm,evɔm,evɛm
e.vɔn,e.vɛn,evɔn,evɛn
e.vɔŋ,e.vɛŋ,evɔŋ,evɛŋ
e.vɔp,e.vɛp,evɔp,evɛp
e.vɔt,e.vɛt,evɔt,evɛt
e.vɔk,e.vɛk,evɔk,evɛk
e.vɔb,e.vɛb,evɔb,evɛb
e.vɔd,e.vɛd,evɔd,evɛd
e.vɔg,e.vɛg,evɔg,evɛg
e.vɔf,e.vɛf,evɔf,evɛf
e.vɔs,e.vɛs,evɔs,evɛs
e.vɔv,e.vɛv,evɔv,evɛv
e.vɔz,e.vɛz,evɔz,evɛz
e.vɔʃ,e.vɛʃ,evɔʃ,evɛʃ
e.vɔʒ,e.vɛʒ,evɔʒ,evɛʒ
e.vɔθ,e.vɛθ,evɔθ,evɛθ
e.vɔð,e.vɛð,evɔð,evɛð
e.zɔm,e.zɛm,ezɔm,ezɛm
e.zɔn,e.zɛn,ezɔn,ezɛn
e.zɔŋ,e.zɛŋ,ezɔŋ,ezɛŋ
e.zɔp,e.zɛp,ezɔp,ezɛp
e.zɔt,e.zɛt,ezɔt,ezɛt
e.zɔk,e.zɛk,ezɔk,ezɛk
e.zɔb,e.zɛb,ezɔb,ezɛb
e.zɔd,e.zɛd,ezɔd,ezɛd
e.zɔg,e.zɛg,ezɔg,ezɛg
e.zɔf,e.zɛf,ezɔf,ezɛf
e.zɔs,e.zɛs,ezɔs,ezɛs
e.zɔv,e.zɛv,ezɔv,ezɛv
e.zɔz,e.zɛz,ezɔz,ezɛz
e.zɔʃ,e.zɛʃ,ezɔʃ,ezɛʃ
e.zɔʒ,e.zɛʒ,ezɔʒ,ezɛʒ
e.zɔθ,e.zɛθ,ezɔθ,ezɛθ
e.zɔð,e.zɛð,ezɔð,ezɛð
e.ʃɔm,e.ʃɛm,eʃɔm,eʃɛm
e.ʃɔn,e.ʃɛn,eʃɔn,eʃɛn
e.ʃɔŋ,e.ʃɛŋ,eʃɔŋ,eʃɛŋ
e.ʃɔp,e.ʃɛp,eʃɔp,eʃɛp
e.ʃɔt,e.ʃɛt,eʃɔt,eʃɛt
e.ʃɔk,e.ʃɛk,eʃɔk,eʃɛk
e.ʃɔb,e.ʃɛb,eʃɔb,eʃɛb
e.ʃɔd,e.ʃɛd,eʃɔd,eʃɛd
e.ʃɔg,e.ʃɛg,eʃɔg,eʃɛg
e.ʃɔf,e.ʃɛf,eʃɔf,eʃɛf
e.ʃɔs,e.ʃɛs,eʃɔs,eʃɛs
e.ʃɔv,e.ʃɛv,eʃɔv,eʃɛv
e.ʃɔz,e.ʃɛz,eʃɔz,eʃɛz
e.ʃɔʃ,e.ʃɛʃ,eʃɔʃ,eʃɛʃ
e.ʃɔʒ,e.ʃɛʒ,eʃɔʒ,eʃɛʒ
e.ʃɔθ,e.ʃɛθ,eʃɔθ,eʃɛθ
e.ʃɔð,e.ʃɛð,eʃɔð,eʃɛð
e.ʒɔm,e.ʒɛm,eʒɔm,eʒɛm
e.ʒɔn,e.ʒɛn,eʒɔn,eʒɛn
e.ʒɔŋ,e.ʒɛŋ,eʒɔŋ,eʒɛŋ
e.ʒɔp,e.ʒɛp,eʒɔp,eʒɛp
e.ʒɔt,e.ʒɛt,eʒɔt,eʒɛt
e.ʒɔk,e.ʒɛk,eʒɔk,eʒɛk
e.ʒɔb,e.ʒɛb,eʒɔb,eʒɛb
e.ʒɔd,e.ʒɛd,eʒɔd,eʒɛd
e.ʒɔg,e.ʒɛg,eʒɔg,eʒɛg
e.ʒɔf,e.ʒɛf,eʒɔf,eʒɛf
e.ʒɔs,e.ʒɛs,eʒɔs,eʒɛs
e.ʒɔv,e.ʒɛv,eʒɔv,eʒɛv
e.ʒɔz,e.ʒɛz,eʒɔz,eʒɛz
e.ʒɔʃ,e.ʒɛʃ,eʒɔʃ,eʒɛʃ
e.ʒɔʒ,e.ʒɛʒ,eʒɔʒ,eʒɛʒ
e.ʒɔθ,e.ʒɛθ,eʒɔθ,eʒɛθ
e.ʒɔð,e.ʒɛð,eʒɔð,eʒɛð
e.θɔm,e.θɛm,eθɔm,eθɛm
e.θɔn,e.θɛn,eθɔn,eθɛn
e.θɔŋ,e.θɛŋ,eθɔŋ,eθɛŋ
e.θɔp,e.θɛp,eθɔp,eθɛp
e.θɔt,e.θɛt,eθɔt,eθɛt
e.θɔk,e.θɛk,eθɔk,eθɛk
e.θɔb,e.θɛb,eθɔb,eθɛb
e.θɔd,e.θɛd,eθɔd,eθɛd
e.θɔg,e.θɛg,eθɔg,eθɛg
e.θɔf,e.θɛf,eθɔf,eθɛf
e.θɔs,e.θɛs,eθɔs,eθɛs
e.θɔv,e.θɛv,eθɔv,eθɛv
e.θɔz,e.θɛz,eθɔz,eθɛz
e.θɔʃ,e.θɛʃ,eθɔʃ,eθɛʃ
e.θɔʒ,e.θɛʒ,eθɔʒ,eθɛʒ
e.θɔθ,e.θɛθ,eθɔθ,eθɛθ
e.θɔð,e.θɛð,eθɔð,eθɛð
e.ðɔm,e.ðɛm,eðɔm,eðɛm
e.ðɔn,e.ðɛn,eðɔn,eðɛn
e.ðɔŋ,e.ðɛŋ,eðɔŋ,eðɛŋ
e.ðɔp,e.ðɛp,eðɔp,eðɛp
e.ðɔt,e.ðɛt,eðɔt,eðɛt
e.ðɔk,e.ðɛk,eðɔk,eðɛk
e.ðɔb,e.ðɛb,eðɔb,eðɛb
e.ðɔd,e.ðɛd,eðɔd,eðɛd
e.ðɔg,e.ðɛg,eðɔg,eðɛg
e.ðɔf,e.ðɛf,eðɔf,eðɛf
e.ðɔs,e.ðɛs,eðɔs,eðɛs
e.ðɔv,e.ðɛv,eðɔv,eðɛv
e.ðɔz,e.ðɛz,eðɔz,eðɛz
e.ðɔʃ,e.ðɛʃ,eðɔʃ,eðɛʃ
e.ðɔʒ,e.ðɛʒ,eðɔʒ,eðɛʒ
e.ðɔθ,e.ðɛθ,eðɔθ,eðɛθ
e.ðɔð,e.ðɛð,eðɔð,eðɛð
e.hɔm,e.hɛm,ehɔm,ehɛm
e.hɔn,e.hɛn,ehɔn,ehɛn
e.hɔŋ,e.hɛŋ,ehɔŋ,ehɛŋ
e.hɔp,e.hɛp,ehɔp,ehɛp
e.hɔt,e.hɛt,ehɔt,ehɛt
e.hɔk,e.hɛk,ehɔk,ehɛk
e.hɔb,e.hɛb,ehɔb,ehɛb
e.hɔd,e.hɛd,ehɔd,ehɛd
e.hɔg,e.hɛg,ehɔg,ehɛg
e.hɔf,e.hɛf,ehɔf,ehɛf
e.hɔs,e.hɛs,ehɔs,ehɛs
e.hɔv,e.hɛv,ehɔv,ehɛv
e.hɔz,e.hɛz,ehɔz,ehɛz
e.hɔʃ,e.hɛʃ,ehɔʃ,ehɛʃ
e.hɔʒ,e.hɛʒ,ehɔʒ,ehɛʒ
e.hɔθ,e.hɛθ,ehɔθ,ehɛθ
e.hɔð,e.hɛð,ehɔð,ehɛð
u.mɪm,u.mʊm,umɪm,umʊm
u.mɪn,u.mʊn,umɪn,umʊn
u.mɪŋ,u.mʊŋ,umɪŋ,umʊŋ
u.mɪp,u.mʊp,umɪp,umʊp
u.mɪt,u.mʊt,umɪt,umʊt
u.mɪk,u.mʊk,umɪk,umʊk
u.mɪb,u.mʊb,umɪb,umʊb
u.mɪd,u.mʊd,umɪd,umʊd
u.mɪg,u.mʊg,umɪg,umʊg
u.mɪf,u.mʊf,umɪf,umʊf
u.mɪs,u.mʊs,umɪs,umʊs
u.mɪv,u.mʊv,umɪv,umʊv
u.mɪz,u.mʊz,umɪz,umʊz
u.mɪʃ,u.mʊʃ,umɪʃ,umʊʃ
u.mɪʒ,u.mʊʒ,umɪʒ,umʊʒ
u.mɪθ,u.mʊθ,umɪθ,umʊθ
u.mɪð,u.mʊð,umɪð,umʊð
u.nɪm,u.nʊm,unɪm,unʊm
u.nɪn,u.nʊn,unɪn,unʊn
u.nɪŋ,u.nʊŋ,unɪŋ,unʊŋ
u.nɪp,u.nʊp,unɪp,unʊp
u.nɪt,u.nʊt,unɪt,unʊt
u.nɪk,u.nʊk,unɪk,unʊk
u.nɪb,u.nʊb,unɪb,unʊb
u.nɪd,u.nʊd,unɪd,unʊd
u.nɪg,u.nʊg,unɪg,unʊg
u.nɪf,u.nʊf,unɪf,unʊf
u.nɪs,u.nʊs,unɪs,unʊs
u.nɪv,u.nʊv,unɪv,unʊv
u.nɪz,u.nʊz,unɪz,unʊz
u.nɪʃ,u.nʊʃ,unɪʃ,unʊʃ
u.nɪʒ,u.nʊʒ,unɪʒ,unʊʒ
u.nɪθ,u.nʊθ,unɪθ,unʊθ
u.nɪð,u.nʊð,unɪð,unʊð
u.pɪm,u.pʊm,upɪm,upʊm
u.pɪn,u.pʊn,upɪn,upʊn
u.pɪŋ,u.pʊŋ,upɪŋ,upʊŋ
u.pɪp,u.pʊp,upɪp,upʊp
u.pɪt,u.pʊt,upɪt,upʊt
u.pɪk,u.pʊk,upɪk,upʊk
u.pɪb,u.pʊb,upɪb,upʊb
u.pɪd,u.pʊd,upɪd,upʊd
u.pɪg,u.pʊg,upɪg,upʊg
u.pɪf,u.pʊf,upɪf,upʊf
u.pɪs,u.pʊs,upɪs,upʊs
u.pɪv,u.pʊv,upɪv,upʊv
u.pɪz,u.pʊz,upɪz,upʊz
u.pɪʃ,u.pʊʃ,upɪʃ,upʊʃ
u.pɪʒ,u.pʊʒ,upɪʒ,upʊʒ
u.pɪθ,u.pʊθ,upɪθ,upʊθ
u.pɪð,u.pʊð,upɪð,upʊð
u.tɪm,u.tʊm,utɪm,utʊm
u.tɪn,u.tʊn,utɪn,utʊn
u.tɪŋ,u.tʊŋ,utɪŋ,utʊŋ
u.tɪp,u.tʊp,utɪp,utʊp
u.tɪt,u.tʊt,utɪt,utʊt
u.tɪk,u.tʊk,utɪk,utʊk
u.tɪb,u.tʊb,utɪb,utʊb
u.tɪd,u.tʊd,utɪd,utʊd
u.tɪg,u.tʊg,utɪg,utʊg
u.tɪf,u.tʊf,utɪf,utʊf
u.tɪs,u.tʊs,utɪs,utʊs
u.tɪv,u.tʊv,utɪv,utʊv
u.tɪz,u.tʊz,utɪz,utʊz
u.tɪʃ,u.tʊʃ,utɪʃ,utʊʃ
u.tɪʒ,u.tʊʒ,utɪʒ,utʊʒ
u.tɪθ,u.tʊθ,utɪθ,utʊθ
u.tɪð,u.tʊð,utɪð,utʊð
u.kɪm,u.kʊm,ukɪm,ukʊm
u.kɪn,u.kʊn,ukɪn,ukʊn
u.kɪŋ,u.kʊŋ,ukɪŋ,ukʊŋ
u.kɪp,u.kʊp,ukɪp,ukʊp
u.kɪt,u.kʊt,ukɪt,ukʊt
u.kɪk,u.kʊk,ukɪk,ukʊk
u.kɪb,u.kʊb,ukɪb,ukʊb
u.kɪd,u.kʊd,ukɪd,ukʊd
u.kɪg,u.kʊg,ukɪg,ukʊg
u.kɪf,u.kʊf,ukɪf,ukʊf
u.kɪs,u.kʊs,ukɪs,ukʊs
u.kɪv,u.kʊv,ukɪv,ukʊv
u.kɪz,u.kʊz,ukɪz,ukʊz
u.kɪʃ,u.kʊʃ,ukɪʃ,ukʊʃ
u.kɪʒ,u.kʊʒ,ukɪʒ,ukʊʒ
u.kɪθ,u.kʊθ,ukɪθ,ukʊθ
u.kɪð,u.kʊð,ukɪð,ukʊð
u.bɪm,u.bʊm,ubɪm,ubʊm
u.bɪn,u.bʊn,ubɪn,ubʊn
u.bɪŋ,u.bʊŋ,ubɪŋ,ubʊŋ
u.bɪp,u.bʊp,ubɪp,ubʊp
u.bɪt,u.bʊt,ubɪt,ubʊt
u.bɪk,u.bʊk,ubɪk,ubʊk
u.bɪb,u.bʊb,ubɪb,ubʊb
u.bɪd,u.bʊd,ubɪd,ubʊd
u.bɪg,u.bʊg,ubɪg,ubʊg
u.bɪf,u.bʊf,ubɪf,ubʊf
u.bɪs,u.bʊs,ubɪs,ubʊs
u.bɪv,u.bʊv,ubɪv,ubʊv
u.bɪz,u.bʊz,ubɪz,ubʊz
u.bɪʃ,u.bʊʃ,ubɪʃ,ubʊʃ
u.bɪʒ,u.bʊʒ,ubɪʒ,ubʊʒ
u.bɪθ,u.bʊθ,ubɪθ,ubʊθ
u.bɪð,u.bʊð,ubɪð,ubʊð
u.dɪm,u.dʊm,udɪm,udʊm
u.dɪn,u.dʊn,udɪn,udʊn
u.dɪŋ,u.dʊŋ,udɪŋ,udʊŋ
u.dɪp,u.dʊp,udɪp,udʊp
u.dɪt,u.dʊt,udɪt,udʊt
u.dɪk,u.dʊk,udɪk,udʊk
u.dɪb,u.dʊb,udɪb,udʊb
u.dɪd,u.dʊd,udɪd,udʊd
u.dɪg,u.dʊg,udɪg,udʊg
u.dɪf,u.dʊf,udɪf,udʊf
u.dɪs,u.dʊs,udɪs,udʊs
u.dɪv,u.dʊv,udɪv,udʊv
u.dɪz,u.dʊz,udɪz,udʊz
u.dɪʃ,u.dʊʃ,udɪʃ,udʊʃ
u.dɪʒ,u.dʊʒ,udɪʒ,udʊʒ
u.dɪθ,u.dʊθ,udɪθ,udʊθ
u.dɪð,u.dʊð,udɪð,udʊð
u.gɪm,u.gʊm,ugɪm,ugʊm
u.gɪn,u.gʊn,ugɪn,ugʊn
u.gɪŋ,u.gʊŋ,ugɪŋ,ugʊŋ
u.gɪp,u.gʊp,ugɪp,ugʊp
u.gɪt,u.gʊt,ugɪt,ugʊt
u.gɪk,u.gʊk,ugɪk,ugʊk
u.gɪb,u.gʊb,ugɪb,ugʊb
u.gɪd,u.gʊd,ugɪd,ugʊd
u.gɪg,u.gʊg,ugɪg,ugʊg
u.gɪf,u.gʊf,ugɪf,ugʊf
u.gɪs,u.gʊs,ugɪs,ugʊs
u.gɪv,u.gʊv,ugɪv,ugʊv
u.gɪz,u.gʊz,ugɪz,ugʊz
u.gɪʃ,u.gʊʃ,ugɪʃ,ugʊʃ
u.gɪʒ,u.gʊʒ,ugɪʒ,ugʊʒ
u.gɪθ,u.gʊθ,ugɪθ,ugʊθ
u.gɪð,u.gʊð,ugɪð,ugʊð
u.fɪm,u.fʊm,ufɪm,ufʊm
u.fɪn,u.fʊn,ufɪn,ufʊn
u.fɪŋ,u.fʊŋ,ufɪŋ,ufʊŋ
u.fɪp,u.fʊp,ufɪp,ufʊp
u.fɪt,u.fʊt,ufɪt,ufʊt
u.fɪk,u.fʊk,ufɪk,ufʊk
u.fɪb,u.fʊb,ufɪb,ufʊb
u.fɪd,u.fʊd,ufɪd,ufʊd
u.fɪg,u.fʊg,ufɪg,ufʊg
u.fɪf,u.fʊf,ufɪf,ufʊf
u.fɪs,u.fʊs,ufɪs,ufʊs
u.fɪv,u.fʊv,ufɪv,ufʊv
u.fɪz,u.fʊz,ufɪz,ufʊz
u.fɪʃ,u.fʊʃ,ufɪʃ,ufʊʃ
u.fɪʒ,u.fʊʒ,ufɪʒ,ufʊʒ
u.fɪθ,u.fʊθ,ufɪθ,ufʊθ
u.fɪð,u.fʊð,ufɪð,ufʊð
u.sɪm,u.sʊm,usɪm,usʊm
u.sɪn,u.sʊn,usɪn,usʊn
u.sɪŋ,u.sʊŋ,usɪŋ,usʊŋ
u.sɪp,u.sʊp,usɪp,usʊp
u.sɪt,u.sʊt,usɪt,usʊt
u.sɪk,u.sʊk,usɪk,usʊk
u.sɪb,u.sʊb,usɪb,usʊb
u.sɪd,u.sʊd,usɪd,usʊd
u.sɪg,u.sʊg,usɪg,usʊg
u.sɪf,u.sʊf,usɪf,usʊf
u.sɪs,u.sʊs,usɪs,usʊs
u.sɪv,u.sʊv,usɪv,usʊv
u.sɪz,u.sʊz,usɪz,usʊz
u.sɪʃ,u.sʊʃ,usɪʃ,usʊʃ
u.sɪʒ,u.sʊʒ,usɪʒ,usʊʒ
u.sɪθ,u.sʊθ,usɪθ,usʊθ
u.sɪð,u.sʊð,usɪð,usʊð
u.vɪm,u.vʊm,uvɪm,uvʊm
u.vɪn,u.vʊn,uvɪn,uvʊn
u.vɪŋ,u.vʊŋ,uvɪŋ,uvʊŋ
u.vɪp,u.vʊp,uvɪp,uvʊp
u.vɪt,u.vʊt,uvɪt,uvʊt
u.vɪk,u.vʊk,uvɪk,uvʊk
u.vɪb,u.vʊb,uvɪb,uvʊb
u.vɪd,u.vʊd,uvɪd,uvʊd
u.vɪg,u.vʊg,uvɪg,uvʊg
u.vɪf,u.vʊf,uvɪf,uvʊf
u.vɪs,u.vʊs,uvɪs,uvʊs
u.vɪv,u.vʊv,uvɪv,uvʊv
u.vɪz,u.vʊz,uvɪz,uvʊz
u.vɪʃ,u.vʊʃ,uvɪʃ,uvʊʃ
u.vɪʒ,u.vʊʒ,uvɪʒ,uvʊʒ
u.vɪθ,u.vʊθ,uvɪθ,uvʊθ
u.vɪð,u.vʊð,uvɪð,uvʊð
u.zɪm,u.zʊm,uzɪm,uzʊm
u.zɪn,u.zʊn,uzɪn,uzʊn
u.zɪŋ,u.zʊŋ,uzɪŋ,uzʊŋ
u.zɪp,u.zʊp,uzɪp,uzʊp
u.zɪt,u.zʊt,uzɪt,uzʊt
u.zɪk,u.zʊk,uzɪk,uzʊk
u.zɪb,u.zʊb,uzɪb,uzʊb
u.zɪd,u.zʊd,uzɪd,uzʊd
u.zɪg,u.zʊg,uzɪg,uzʊg
u.zɪf,u.zʊf,uzɪf,uzʊf
u.zɪs,u.zʊs,uzɪs,uzʊs
u.zɪv,u.zʊv,uzɪv,uzʊv
u.zɪz,u.zʊz,uzɪz,uzʊz
u.zɪʃ,u.zʊʃ,uzɪʃ,uzʊʃ
u.zɪʒ,u.zʊʒ,uzɪʒ,uzʊʒ
u.zɪθ,u.zʊθ,uzɪθ,uzʊθ
u.zɪð,u.zʊð,uzɪð,uzʊð
u.ʃɪm,u.ʃʊm,uʃɪm,uʃʊm
u.ʃɪn,u.ʃʊn,uʃɪn,uʃʊn
u.ʃɪŋ,u.ʃʊŋ,uʃɪŋ,uʃʊŋ
u.ʃɪp,u.ʃʊp,uʃɪp,uʃʊp
u.ʃɪt,u.ʃʊt,uʃɪt,uʃʊt
u.ʃɪk,u.ʃʊk,uʃɪk,uʃʊk
u.ʃɪb,u.ʃʊb,uʃɪb,uʃʊb
u.ʃɪd,u.ʃʊd,uʃɪd,uʃʊd
u.ʃɪg,u.ʃʊg,uʃɪg,uʃʊg
u.ʃɪf,u.ʃʊf,uʃɪf,uʃʊf
u.ʃɪs,u.ʃʊs,uʃɪs,uʃʊs
u.ʃɪv,u.ʃʊv,uʃɪv,uʃʊv
u.ʃɪz,u.ʃʊz,uʃɪz,uʃʊz
u.ʃɪʃ,u.ʃʊʃ,uʃɪʃ,uʃʊʃ
u.ʃɪʒ,u.ʃʊʒ,uʃɪʒ,uʃʊʒ
u.ʃɪθ,u.ʃʊθ,uʃɪθ,uʃʊθ
u.ʃɪð,u.ʃʊð,uʃɪð,uʃʊð
u.ʒɪm,u.ʒʊm,uʒɪm,uʒʊm
u.ʒɪn,u.ʒʊn,uʒɪn,uʒʊn
u.ʒɪŋ,u.ʒʊŋ,uʒɪŋ,uʒʊŋ
u.ʒɪp,u.ʒʊp,uʒɪp,uʒʊp
u.ʒɪt,u.ʒʊt,uʒɪt,uʒʊt
u.ʒɪk,u.ʒʊk,uʒɪk,uʒʊk
u.ʒɪb,u.ʒʊb,uʒɪb,uʒʊb
u.ʒɪd,u.ʒʊd,uʒɪd,uʒʊd
u.ʒɪg,u.ʒʊg,uʒɪg,uʒʊg
u.ʒɪf,u.ʒʊf,uʒɪf,uʒʊf
u.ʒɪs,u.ʒʊs,uʒɪs,uʒʊs
u.ʒɪv,u.ʒʊv,uʒɪv,uʒʊv
u.ʒɪz,u.ʒʊz,uʒɪz,uʒʊz
u.ʒɪʃ,u.ʒʊʃ,uʒɪʃ,uʒʊʃ
u.ʒɪʒ,u.ʒʊʒ,uʒɪʒ,uʒʊʒ
u.ʒɪθ,u.ʒʊθ,uʒɪθ,uʒʊθ
u.ʒɪð,u.ʒʊð,uʒɪð,uʒʊð
u.θɪm,u.θʊm,uθɪm,uθʊm
u.θɪn,u.θʊn,uθɪn,uθʊn
u.θɪŋ,u.θʊŋ,uθɪŋ,uθʊŋ
u.θɪp,u.θʊp,uθɪp,uθʊp
u.θɪt,u.θʊt,uθɪt,uθʊt
u.θɪk,u.θʊk,uθɪk,uθʊk
u.θɪb,u.θʊb,uθɪb,uθʊb
u.θɪd,u.θʊd,uθɪd,uθʊd
u.θɪg,u.θʊg,uθɪg,uθʊg
u.θɪf,u.θʊf,uθɪf,uθʊf
u.θɪs,u.θʊs,uθɪs,uθʊs
u.θɪv,u.θʊv,uθɪv,uθʊv
u.θɪz,u.θʊz,uθɪz,uθʊz
u.θɪʃ,u.θʊʃ,uθɪʃ,uθʊʃ
u.θɪʒ,u.θʊʒ,uθɪʒ,uθʊʒ
u.θɪθ,u.θʊθ,uθɪθ,uθʊθ
u.θɪð,u.θʊð,uθɪð,uθʊð
u.ðɪm,u.ðʊm,uðɪm,uðʊm
u.ðɪn,u.ðʊn,uðɪn,uðʊn
u.ðɪŋ,u.ðʊŋ,uðɪŋ,uðʊŋ
u.ðɪp,u.ðʊp,uðɪp,uðʊp
u.ðɪt,u.ðʊt,uðɪt,uðʊt
u.ðɪk,u.ðʊk,uðɪk,uðʊk
u.ðɪb,u.ðʊb,uðɪb,uðʊb
u.ðɪd,u.ðʊd,uðɪd,uðʊd
u.ðɪg,u.ðʊg,uðɪg,uðʊg
u.ðɪf,u.ðʊf,uðɪf,uðʊf
u.ðɪs,u.ðʊs,uðɪs,uðʊs
u.ðɪv,u.ðʊv,uðɪv,uðʊv
u.ðɪz,u.ðʊz,uðɪz,uðʊz
u.ðɪʃ,u.ðʊʃ,uðɪʃ,uðʊʃ
u.ðɪʒ,u.ðʊʒ,uðɪʒ,uðʊʒ
u.ðɪθ,u.ðʊθ,uðɪθ,uðʊθ
u.ðɪð,u.ðʊð,uðɪð,uðʊð
u.hɪm,u.hʊm,uhɪm,uhʊm
u.hɪn,u.hʊn,uhɪn,uhʊn
u.hɪŋ,u.hʊŋ,uhɪŋ,uhʊŋ
u.hɪp,u.hʊp,uhɪp,uhʊp
u.hɪt,u.hʊt,uhɪt,uhʊt
u.hɪk,u.hʊk,uhɪk,uhʊk
u.hɪb,u.hʊb,uhɪb,uhʊb
u.hɪd,u.hʊd,uhɪd,uhʊd
u.hɪg,u.hʊg,uhɪg,uhʊg
u.hɪf,u.hʊf,uhɪf,uhʊf
u.hɪs,u.hʊs,uhɪs,uhʊs
u.hɪv,u.hʊv,uhɪv,uhʊv
u.hɪz,u.hʊz,uhɪz,uhʊz
u.hɪʃ,u.hʊʃ,uhɪʃ,uhʊʃ
u.hɪʒ,u.hʊʒ,uhɪʒ,uhʊʒ
u.hɪθ,u.hʊθ,uhɪθ,uhʊθ
u.hɪð,u.hʊð,uhɪð,uhʊð
u.mɛm,u.mɔm,umɛm,umɔm
u.mɛn,u.mɔn,umɛn,umɔn
u.mɛŋ,u.mɔŋ,umɛŋ,umɔŋ
u.mɛp,u.mɔp,umɛp,umɔp
u.mɛt,u.mɔt,umɛt,umɔt
u.mɛk,u.mɔk,umɛk,umɔk
u.mɛb,u.mɔb,umɛb,umɔb
u.mɛd,u.mɔd,umɛd,umɔd
u.mɛg,u.mɔg,umɛg,umɔg
u.mɛf,u.mɔf,umɛf,umɔf
u.mɛs,u.mɔs,umɛs,umɔs
u.mɛv,u.mɔv,umɛv,umɔv
u.mɛz,u.mɔz,umɛz,umɔz
u.mɛʃ,u.mɔʃ,umɛʃ,umɔʃ
u.mɛʒ,u.mɔʒ,umɛʒ,umɔʒ
u.mɛθ,u.mɔθ,umɛθ,umɔθ
u.mɛð,u.mɔð,umɛð,umɔð
u.nɛm,u.nɔm,unɛm,unɔm
u.nɛn,u.nɔn,unɛn,unɔn
u.nɛŋ,u.nɔŋ,unɛŋ,unɔŋ
u.nɛp,u.nɔp,unɛp,unɔp
u.nɛt,u.nɔt,unɛt,unɔt
u.nɛk,u.nɔk,unɛk,unɔk
u.nɛb,u.nɔb,unɛb,unɔb
u.nɛd,u.nɔd,unɛd,unɔd
u.nɛg,u.nɔg,unɛg,unɔg
u.nɛf,u.nɔf,unɛf,unɔf
u.nɛs,u.nɔs,unɛs,unɔs
u.nɛv,u.nɔv,unɛv,unɔv
u.nɛz,u.nɔz,unɛz,unɔz
u.nɛʃ,u.nɔʃ,unɛʃ,unɔʃ
u.nɛʒ,u.nɔʒ,unɛʒ,unɔʒ
u.nɛθ,u.nɔθ,unɛθ,unɔθ
u.nɛð,u.nɔð,unɛð,unɔð
u.pɛm,u.pɔm,upɛm,upɔm
u.pɛn,u.pɔn,upɛn,upɔn
u.pɛŋ,u.pɔŋ,upɛŋ,upɔŋ
u.pɛp,u.pɔp,upɛp,upɔp
u.pɛt,u.pɔt,upɛt,upɔt
u.pɛk,u.pɔk,upɛk,upɔk
u.pɛb,u.pɔb,upɛb,upɔb
u.pɛd,u.pɔd,upɛd,upɔd
u.pɛg,u.pɔg,upɛg,upɔg
u.pɛf,u.pɔf,upɛf,upɔf
u.pɛs,u.pɔs,upɛs,upɔs
u.pɛv,u.pɔv,upɛv,upɔv
u.pɛz,u.pɔz,upɛz,upɔz
u.pɛʃ,u.pɔʃ,upɛʃ,upɔʃ
u.pɛʒ,u.pɔʒ,upɛʒ,upɔʒ
u.pɛθ,u.pɔθ,upɛθ,upɔθ
u.pɛð,u.pɔð,upɛð,upɔð
u.tɛm,u.tɔm,utɛm,utɔm
u.tɛn,u.tɔn,utɛn,utɔn
u.tɛŋ,u.tɔŋ,utɛŋ,utɔŋ
u.tɛp,u.tɔp,utɛp,utɔp
u.tɛt,u.tɔt,utɛt,utɔt
u.tɛk,u.tɔk,utɛk,utɔk
u.tɛb,u.tɔb,utɛb,utɔb
u.tɛd,u.tɔd,utɛd,utɔd
u.tɛg,u.tɔg,utɛg,utɔg
u.tɛf,u.tɔf,utɛf,utɔf
u.tɛs,u.tɔs,utɛs,utɔs
u.tɛv,u.tɔv,utɛv,utɔv
u.tɛz,u.tɔz,utɛz,utɔz
u.tɛʃ,u.tɔʃ,utɛʃ,utɔʃ
u.tɛʒ,u.tɔʒ,utɛʒ,utɔʒ
u.tɛθ,u.tɔθ,utɛθ,utɔθ
u.tɛð,u.tɔð,utɛð,utɔð
u.kɛm,u.kɔm,ukɛm,ukɔm
u.kɛn,u.kɔn,ukɛn,ukɔn
u.kɛŋ,u.kɔŋ,ukɛŋ,ukɔŋ
u.kɛp,u.kɔp,ukɛp,ukɔp
u.kɛt,u.kɔt,ukɛt,ukɔt
u.kɛk,u.kɔk,ukɛk,ukɔk
u.kɛb,u.kɔb,ukɛb,ukɔb
u.kɛd,u.kɔd,ukɛd,ukɔd
u.kɛg,u.kɔg,ukɛg,ukɔg
u.kɛf,u.kɔf,ukɛf,ukɔf
u.kɛs,u.kɔs,ukɛs,ukɔs
u.kɛv,u.kɔv,ukɛv,ukɔv
u.kɛz,u.kɔz,ukɛz,ukɔz
u.kɛʃ,u.kɔʃ,ukɛʃ,ukɔʃ
u.kɛʒ,u.kɔʒ,ukɛʒ,ukɔʒ
u.kɛθ,u.kɔθ,ukɛθ,ukɔθ
u.kɛð,u.kɔð,ukɛð,ukɔð
u.bɛm,u.bɔm,ubɛm,ubɔm
u.bɛn,u.bɔn,ubɛn,ubɔn
u.bɛŋ,u.bɔŋ,ubɛŋ,ubɔŋ
u.bɛp,u.bɔp,ubɛp,ubɔp
u.bɛt,u.bɔt,ubɛt,ubɔt
u.bɛk,u.bɔk,ubɛk,ubɔk
u.bɛb,u.bɔb,ubɛb,ubɔb
u.bɛd,u.bɔd,ubɛd,ubɔd
u.bɛg,u.bɔg,ubɛg,ubɔg
u.bɛf,u.bɔf,ubɛf,ubɔf
u.bɛs,u.bɔs,ubɛs,ubɔs
u.bɛv,u.bɔv,ubɛv,ubɔv
u.bɛz,u.bɔz,ubɛz,ubɔz
u.bɛʃ,u.bɔʃ,ubɛʃ,ubɔʃ
u.bɛʒ,u.bɔʒ,ubɛʒ,ubɔʒ
u.bɛθ,u.bɔθ,ubɛθ,ubɔθ
u.bɛð,u.bɔð,ubɛð,ubɔð
u.dɛm,u.dɔm,udɛm,udɔm
u.dɛn,u.dɔn,udɛn,udɔn
u.dɛŋ,u.dɔŋ,udɛŋ,udɔŋ
u.dɛp,u.dɔp,udɛp,udɔp
u.dɛt,u.dɔt,udɛt,udɔt
u.dɛk,u.dɔk,udɛk,udɔk
u.dɛb,u.dɔb,udɛb,udɔb
u.dɛd,u.dɔd,udɛd,udɔd
u.dɛg,u.dɔg,udɛg,udɔg
u.dɛf,u.dɔf,udɛf,udɔf
u.dɛs,u.dɔs,udɛs,udɔs
u.dɛv,u.dɔv,udɛv,udɔv
u.dɛz,u.dɔz,udɛz,udɔz
u.dɛʃ,u.dɔʃ,udɛʃ,udɔʃ
u.dɛʒ,u.dɔʒ,udɛʒ,udɔʒ
u.dɛθ,u.dɔθ,udɛθ,udɔθ
u.dɛð,u.dɔð,udɛð,udɔð
u.gɛm,u.gɔm,ugɛm,ugɔm
u.gɛn,u.gɔn,ugɛn,ugɔn
u.gɛŋ,u.gɔŋ,ugɛŋ,ugɔŋ
u.gɛp,u.gɔp,ugɛp,ugɔp
u.gɛt,u.gɔt,ugɛt,ugɔt
u.gɛk,u.gɔk,ugɛk,ugɔk
u.gɛb,u.gɔb,ugɛb,ugɔb
u.gɛd,u.gɔd,ugɛd,ugɔd
u.gɛg,u.gɔg,ugɛg,ugɔg
u.gɛf,u.gɔf,ugɛf,ugɔf
u.gɛs,u.gɔs,ugɛs,ugɔs
u.gɛv,u.gɔv,ugɛv,ugɔv
u.gɛz,u.gɔz,ugɛz,ugɔz
u.gɛʃ,u.gɔʃ,ugɛʃ,ugɔʃ
u.gɛʒ,u.gɔʒ,ugɛʒ,ugɔʒ
u.gɛθ,u.gɔθ,ugɛθ,ugɔθ
u.gɛð,u.gɔð,ugɛð,ugɔð
u.fɛm,u.fɔm,ufɛm,ufɔm
u.fɛn,u.fɔn,ufɛn,ufɔn
u.fɛŋ,u.fɔŋ,ufɛŋ,ufɔŋ
u.fɛp,u.fɔp,ufɛp,ufɔp
u.fɛt,u.fɔt,ufɛt,ufɔt
u.fɛk,u.fɔk,ufɛk,ufɔk
u.fɛb,u.fɔb,ufɛb,ufɔb
u.fɛd,u.fɔd,ufɛd,ufɔd
u.fɛg,u.fɔg,ufɛg,ufɔg
u.fɛf,u.fɔf,ufɛf,ufɔf
u.fɛs,u.fɔs,ufɛs,ufɔs
u.fɛv,u.fɔv,ufɛv,ufɔv
u.fɛz,u.fɔz,ufɛz,ufɔz
u.fɛʃ,u.fɔʃ,ufɛʃ,ufɔʃ
u.fɛʒ,u.fɔʒ,ufɛʒ,ufɔʒ
u.fɛθ,u.fɔθ,ufɛθ,ufɔθ
u.fɛð,u.fɔð,ufɛð,ufɔð
u.sɛm,u.sɔm,usɛm,usɔm
u.sɛn,u.sɔn,usɛn,usɔn
u.sɛŋ,u.sɔŋ,usɛŋ,usɔŋ
u.sɛp,u.sɔp,usɛp,usɔp
u.sɛt,u.sɔt,usɛt,usɔt
u.sɛk,u.sɔk,usɛk,usɔk
u.sɛb,u.sɔb,usɛb,usɔb
u.sɛd,u.sɔd,usɛd,usɔd
u.sɛg,u.sɔg,usɛg,usɔg
u.sɛf,u.sɔf,usɛf,usɔf
u.sɛs,u.sɔs,usɛs,usɔs
u.sɛv,u.sɔv,usɛv,usɔv
u.sɛz,u.sɔz,usɛz,usɔz
u.sɛʃ,u.sɔʃ,usɛʃ,usɔʃ
u.sɛʒ,u.sɔʒ,usɛʒ,usɔʒ
u.sɛθ,u.sɔθ,usɛθ,usɔθ
u.sɛð,u.sɔð,usɛð,usɔð
u.vɛm,u.vɔm,uvɛm,uvɔm
u.vɛn,u.vɔn,uvɛn,uvɔn
u.vɛŋ,u.vɔŋ,uvɛŋ,uvɔŋ
u.vɛp,u.vɔp,uvɛp,uvɔp
u.vɛt,u.vɔt,uvɛt,uvɔt
u.vɛk,u.vɔk,uvɛk,uvɔk
u.vɛb,u.vɔb,uvɛb,uvɔb
u.vɛd,u.vɔd,uvɛd,uvɔd
u.vɛg,u.vɔg,uvɛg,uvɔg
u.vɛf,u.vɔf,uvɛf,uvɔf
u.vɛs,u.vɔs,uvɛs,uvɔs
u.vɛv,u.vɔv,uvɛv,uvɔv
u.vɛz,u.vɔz,uvɛz,uvɔz
u.vɛʃ,u.vɔʃ,uvɛʃ,uvɔʃ
u.vɛʒ,u.vɔʒ,uvɛʒ,uvɔʒ
u.vɛθ,u.vɔθ,uvɛθ,uvɔθ
u.vɛð,u.vɔð,uvɛð,uvɔð
u.zɛm,u.zɔm,uzɛm,uzɔm
u.zɛn,u.zɔn,uzɛn,uzɔn
u.zɛŋ,u.zɔŋ,uzɛŋ,uzɔŋ
u.zɛp,u.zɔp,uzɛp,uzɔp
u.zɛt,u.zɔt,uzɛt,uzɔt
u.zɛk,u.zɔk,uzɛk,uzɔk
u.zɛb,u.zɔb,uzɛb,uzɔb
u.zɛd,u.zɔd,uzɛd,uzɔd
u.zɛg,u.zɔg,uzɛg,uzɔg
u.zɛf,u.zɔf,uzɛf,uzɔf
u.zɛs,u.zɔs,uzɛs,uzɔs
u.zɛv,u.zɔv,uzɛv,uzɔv
u.zɛz,u.zɔz,uzɛz,uzɔz
u.zɛʃ,u.zɔʃ,uzɛʃ,uzɔʃ
u.zɛʒ,u.zɔʒ,uzɛʒ,uzɔʒ
u.zɛθ,u.zɔθ,uzɛθ,uzɔθ
u.zɛð,u.zɔð,uzɛð,uzɔð
u.ʃɛm,u.ʃɔm,uʃɛm,uʃɔm
u.ʃɛn,u.ʃɔn,uʃɛn,uʃɔn
u.ʃɛŋ,u.ʃɔŋ,uʃɛŋ,uʃɔŋ
u.ʃɛp,u.ʃɔp,uʃɛp,uʃɔp
u.ʃɛt,u.ʃɔt,uʃɛt,uʃɔt
u.ʃɛk,u.ʃɔk,uʃɛk,uʃɔk
u.ʃɛb,u.ʃɔb,uʃɛb,uʃɔb
u.ʃɛd,u.ʃɔd,uʃɛd,uʃɔd
u.ʃɛg,u.ʃɔg,uʃɛg,uʃɔg
u.ʃɛf,u.ʃɔf,uʃɛf,uʃɔf
u.ʃɛs,u.ʃɔs,uʃɛs,uʃɔs
u.ʃɛv,u.ʃɔv,uʃɛv,uʃɔv
u.ʃɛz,u.ʃɔz,uʃɛz,uʃɔz
u.ʃɛʃ,u.ʃɔʃ,uʃɛʃ,uʃɔʃ
u.ʃɛʒ,u.ʃɔʒ,uʃɛʒ,uʃɔʒ
u.ʃɛθ,u.ʃɔθ,uʃɛθ,uʃɔθ
u.ʃɛð,u.ʃɔð,uʃɛð,uʃɔð
u.ʒɛm,u.ʒɔm,uʒɛm,uʒɔm
u.ʒɛn,u.ʒɔn,uʒɛn,uʒɔn
u.ʒɛŋ,u.ʒɔŋ,uʒɛŋ,uʒɔŋ
u.ʒɛp,u.ʒɔp,uʒɛp,uʒɔp
u.ʒɛt,u.ʒɔt,uʒɛt,uʒɔt
u.ʒɛk,u.ʒɔk,uʒɛk,uʒɔk
u.ʒɛb,u.ʒɔb,uʒɛb,uʒɔb
u.ʒɛd,u.ʒɔd,uʒɛd,uʒɔd
u.ʒɛg,u.ʒɔg,uʒɛg,uʒɔg
u.ʒɛf,u.ʒɔf,uʒɛf,uʒɔf
u.ʒɛs,u.ʒɔs,uʒɛs,uʒɔs
u.ʒɛv,u.ʒɔv,uʒɛv,uʒɔv
u.ʒɛz,u.ʒɔz,uʒɛz,uʒɔz
u.ʒɛʃ,u.ʒɔʃ,uʒɛʃ,uʒɔʃ
u.ʒɛʒ,u.ʒɔʒ,uʒɛʒ,uʒɔʒ
u.ʒɛθ,u.ʒɔθ,uʒɛθ,uʒɔθ
u.ʒɛð,u.ʒɔð,uʒɛð,uʒɔð
u.θɛm,u.θɔm,uθɛm,uθɔm
u.θɛn,u.θɔn,uθɛn,uθɔn
u.θɛŋ,u.θɔŋ,uθɛŋ,uθɔŋ
u.θɛp,u.θɔp,uθɛp,uθɔp
u.θɛt,u.θɔt,uθɛt,uθɔt
u.θɛk,u.θɔk,uθɛk,uθɔk
u.θɛb,u.θɔb,uθɛb,uθɔb
u.θɛd,u.θɔd,uθɛd,uθɔd
u.θɛg,u.θɔg,uθɛg,uθɔg
u.θɛf,u.θɔf,uθɛf,uθɔf
u.θɛs,u.θɔs,uθɛs,uθɔs
u.θɛv,u.θɔv,uθɛv,uθɔv
u.θɛz,u.θɔz,uθɛz,uθɔz
u.θɛʃ,u.θɔʃ,uθɛʃ,uθɔʃ
u.θɛʒ,u.θɔʒ,uθɛʒ,uθɔʒ
u.θɛθ,u.θɔθ,uθɛθ,uθɔθ
u.θɛð,u.θɔð,uθɛð,uθɔð
u.ðɛm,u.ðɔm,uðɛm,uðɔm
u.ðɛn,u.ðɔn,uðɛn,uðɔn
u.ðɛŋ,u.ðɔŋ,uðɛŋ,uðɔŋ
u.ðɛp,u.ðɔp,uðɛp,uðɔp
u.ðɛt,u.ðɔt,uðɛt,uðɔt
u.ðɛk,u.ðɔk,uðɛk,uðɔk
u.ðɛb,u.ðɔb,uðɛb,uðɔb
u.ðɛd,u.ðɔd,uðɛd,uðɔd
u.ðɛg,u.ðɔg,uðɛg,uðɔg
u.ðɛf,u.ðɔf,uðɛf,uðɔf
u.ðɛs,u.ðɔs,uðɛs,uðɔs
u.ðɛv,u.ðɔv,uðɛv,uðɔv
u.ðɛz,u.ðɔz,uðɛz,uðɔz
u.ðɛʃ,u.ðɔʃ,uðɛʃ,uðɔʃ
u.ðɛʒ,u.ðɔʒ,uðɛʒ,uðɔʒ
u.ðɛθ,u.ðɔθ,uðɛθ,uðɔθ
u.ðɛð,u.ðɔð,uðɛð,uðɔð
u.hɛm,u.hɔm,uhɛm,uhɔm
u.hɛn,u.hɔn,uhɛn,uhɔn
u.hɛŋ,u.hɔŋ,uhɛŋ,uhɔŋ
u.hɛp,u.hɔp,uhɛp,uhɔp
u.hɛt,u.hɔt,uhɛt,uhɔt
u.hɛk,u.hɔk,uhɛk,uhɔk
u.hɛb,u.hɔb,uhɛb,uhɔb
u.hɛd,u.hɔd,uhɛd,uhɔd
u.hɛg,u.hɔg,uhɛg,uhɔg
u.hɛf,u.hɔf,uhɛf,uhɔf
u.hɛs,u.hɔs,uhɛs,uhɔs
u.hɛv,u.hɔv,uhɛv,uhɔv
u.hɛz,u.hɔz,uhɛz,uhɔz
u.hɛʃ,u.hɔʃ,uhɛʃ,uhɔʃ
u.hɛʒ,u.hɔʒ,uhɛʒ,uhɔʒ
u.hɛθ,u.hɔθ,uhɛθ,uhɔθ
u.hɛð,u.hɔð,uhɛð,uhɔð
u.mʊm,u.mɪm,umʊm,umɪm
u.mʊn,u.mɪn,umʊn,umɪn
u.mʊŋ,u.mɪŋ,umʊŋ,umɪŋ
u.mʊp,u.mɪp,umʊp,umɪp
u.mʊt,u.mɪt,umʊt,umɪt
u.mʊk,u.mɪk,umʊk,umɪk
u.mʊb,u.mɪb,umʊb,umɪb
u.mʊd,u.mɪd,umʊd,umɪd
u.mʊg,u.mɪg,umʊg,umɪg
u.mʊf,u.mɪf,umʊf,umɪf
u.mʊs,u.mɪs,umʊs,umɪs
u.mʊv,u.mɪv,umʊv,umɪv
u.mʊz,u.mɪz,umʊz,umɪz
u.mʊʃ,u.mɪʃ,umʊʃ,umɪʃ
u.mʊʒ,u.mɪʒ,umʊʒ,umɪʒ
u.mʊθ,u.mɪθ,umʊθ,umɪθ
u.mʊð,u.mɪð,umʊð,umɪð
u.nʊm,u.nɪm,unʊm,unɪm
u.nʊn,u.nɪn,unʊn,unɪn
u.nʊŋ,u.nɪŋ,unʊŋ,unɪŋ
u.nʊp,u.nɪp,unʊp,unɪp
u.nʊt,u.nɪt,unʊt,unɪt
u.nʊk,u.nɪk,unʊk,unɪk
u.nʊb,u.nɪb,unʊb,unɪb
u.nʊd,u.nɪd,unʊd,unɪd
u.nʊg,u.nɪg,unʊg,unɪg
u.nʊf,u.nɪf,unʊf,unɪf
u.nʊs,u.nɪs,unʊs,unɪs
u.nʊv,u.nɪv,unʊv,unɪv
u.nʊz,u.nɪz,unʊz,unɪz
u.nʊʃ,u.nɪʃ,unʊʃ,unɪʃ
u.nʊʒ,u.nɪʒ,unʊʒ,unɪʒ
u.nʊθ,u.nɪθ,unʊθ,unɪθ
u.nʊð,u.nɪð,unʊð,unɪð
u.pʊm,u.pɪm,upʊm,upɪm
u.pʊn,u.pɪn,upʊn,upɪn
u.pʊŋ,u.pɪŋ,upʊŋ,upɪŋ
u.pʊp,u.pɪp,upʊp,upɪp
u.pʊt,u.pɪt,upʊt,upɪt
u.pʊk,u.pɪk,upʊk,upɪk
u.pʊb,u.pɪb,upʊb,upɪb
u.pʊd,u.pɪd,upʊd,upɪd
u.pʊg,u.pɪg,upʊg,upɪg
u.pʊf,u.pɪf,upʊf,upɪf
u.pʊs,u.pɪs,upʊs,upɪs
u.pʊv,u.pɪv,upʊv,upɪv
u.pʊz,u.pɪz,upʊz,upɪz
u.pʊʃ,u.pɪʃ,upʊʃ,upɪʃ
u.pʊʒ,u.pɪʒ,upʊʒ,upɪʒ
u.pʊθ,u.pɪθ,upʊθ,upɪθ
u.pʊð,u.pɪð,upʊð,upɪð
u.tʊm,u.tɪm,utʊm,utɪm
u.tʊn,u.tɪn,utʊn,utɪn
u.tʊŋ,u.tɪŋ,utʊŋ,utɪŋ
u.tʊp,u.tɪp,utʊp,utɪp
u.tʊt,u.tɪt,utʊt,utɪt
u.tʊk,u.tɪk,utʊk,utɪk
u.tʊb,u.tɪb,utʊb,utɪb
u.tʊd,u.tɪd,utʊd,utɪd
u.tʊg,u.tɪg,utʊg,utɪg
u.tʊf,u.tɪf,utʊf,utɪf
u.tʊs,u.tɪs,utʊs,utɪs
u.tʊv,u.tɪv,utʊv,utɪv
u.tʊz,u.tɪz,utʊz,utɪz
u.tʊʃ,u.tɪʃ,utʊʃ,utɪʃ
u.tʊʒ,u.tɪʒ,utʊʒ,utɪʒ
u.tʊθ,u.tɪθ,utʊθ,utɪθ
u.tʊð,u.tɪð,utʊð,utɪð
u.kʊm,u.kɪm,ukʊm,ukɪm
u.kʊn,u.kɪn,ukʊn,ukɪn
u.kʊŋ,u.kɪŋ,ukʊŋ,ukɪŋ
u.kʊp,u.kɪp,ukʊp,ukɪp
u.kʊt,u.kɪt,ukʊt,ukɪt
u.kʊk,u.kɪk,ukʊk,ukɪk
u.kʊb,u.kɪb,ukʊb,ukɪb
u.kʊd,u.kɪd,ukʊd,ukɪd
u.kʊg,u.kɪg,ukʊg,ukɪg
u.kʊf,u.kɪf,ukʊf,ukɪf
u.kʊs,u.kɪs,ukʊs,ukɪs
u.kʊv,u.kɪv,ukʊv,ukɪv
u.kʊz,u.kɪz,ukʊz,ukɪz
u.kʊʃ,u.kɪʃ,ukʊʃ,ukɪʃ
u.kʊʒ,u.kɪʒ,ukʊʒ,ukɪʒ
u.kʊθ,u.kɪθ,ukʊθ,ukɪθ
u.kʊð,u.kɪð,ukʊð,ukɪð
u.bʊm,u.bɪm,ubʊm,ubɪm
u.bʊn,u.bɪn,ubʊn,ubɪn
u.bʊŋ,u.bɪŋ,ubʊŋ,ubɪŋ
u.bʊp,u.bɪp,ubʊp,ubɪp
u.bʊt,u.bɪt,ubʊt,ubɪt
u.bʊk,u.bɪk,ubʊk,ubɪk
u.bʊb,u.bɪb,ubʊb,ubɪb
u.bʊd,u.bɪd,ubʊd,ubɪd
u.bʊg,u.bɪg,ubʊg,ubɪg
u.bʊf,u.bɪf,ubʊf,ubɪf
u.bʊs,u.bɪs,ubʊs,ubɪs
u.bʊv,u.bɪv,ubʊv,ubɪv
u.bʊz,u.bɪz,ubʊz,ubɪz
u.bʊʃ,u.bɪʃ,ubʊʃ,ubɪʃ
u.bʊʒ,u.bɪʒ,ubʊʒ,ubɪʒ
u.bʊθ,u.bɪθ,ubʊθ,ubɪθ
u.bʊð,u.bɪð,ubʊð,ubɪð
u.dʊm,u.dɪm,udʊm,udɪm
u.dʊn,u.dɪn,udʊn,udɪn
u.dʊŋ,u.dɪŋ,udʊŋ,udɪŋ
u.dʊp,u.dɪp,udʊp,udɪp
u.dʊt,u.dɪt,udʊt,udɪt
u.dʊk,u.dɪk,udʊk,udɪk
u.dʊb,u.dɪb,udʊb,udɪb
u.dʊd,u.dɪd,udʊd,udɪd
u.dʊg,u.dɪg,udʊg,udɪg
u.dʊf,u.dɪf,udʊf,udɪf
u.dʊs,u.dɪs,udʊs,udɪs
u.dʊv,u.dɪv,udʊv,udɪv
u.dʊz,u.dɪz,udʊz,udɪz
u.dʊʃ,u.dɪʃ,udʊʃ,udɪʃ
u.dʊʒ,u.dɪʒ,udʊʒ,udɪʒ
u.dʊθ,u.dɪθ,udʊθ,udɪθ
u.dʊð,u.dɪð,udʊð,udɪð
u.gʊm,u.gɪm,ugʊm,ugɪm
u.gʊn,u.gɪn,ugʊn,ugɪn
u.gʊŋ,u.gɪŋ,ugʊŋ,ugɪŋ
u.gʊp,u.gɪp,ugʊp,ugɪp
u.gʊt,u.gɪt,ugʊt,ugɪt
u.gʊk,u.gɪk,ugʊk,ugɪk
u.gʊb,u.gɪb,ugʊb,ugɪb
u.gʊd,u.gɪd,ugʊd,ugɪd
u.gʊg,u.gɪg,ugʊg,ugɪg
u.gʊf,u.gɪf,ugʊf,ugɪf
u.gʊs,u.gɪs,ugʊs,ugɪs
u.gʊv,u.gɪv,ugʊv,ugɪv
u.gʊz,u.gɪz,ugʊz,ugɪz
u.gʊʃ,u.gɪʃ,ugʊʃ,ugɪʃ
u.gʊʒ,u.gɪʒ,ugʊʒ,ugɪʒ
u.gʊθ,u.gɪθ,ugʊθ,ugɪθ
u.gʊð,u.gɪð,ugʊð,ugɪð
u.fʊm,u.fɪm,ufʊm,ufɪm
u.fʊn,u.fɪn,ufʊn,ufɪn
u.fʊŋ,u.fɪŋ,ufʊŋ,ufɪŋ
u.fʊp,u.fɪp,ufʊp,ufɪp
u.fʊt,u.fɪt,ufʊt,ufɪt
u.fʊk,u.fɪk,ufʊk,ufɪk
u.fʊb,u.fɪb,ufʊb,ufɪb
u.fʊd,u.fɪd,ufʊd,ufɪd
u.fʊg,u.fɪg,ufʊg,ufɪg
u.fʊf,u.fɪf,ufʊf,ufɪf
u.fʊs,u.fɪs,ufʊs,ufɪs
u.fʊv,u.fɪv,ufʊv,ufɪv
u.fʊz,u.fɪz,ufʊz,ufɪz
u.fʊʃ,u.fɪʃ,ufʊʃ,ufɪʃ
u.fʊʒ,u.fɪʒ,ufʊʒ,ufɪʒ
u.fʊθ,u.fɪθ,ufʊθ,ufɪθ
u.fʊð,u.fɪð,ufʊð,ufɪð
u.sʊm,u.sɪm,usʊm,usɪm
u.sʊn,u.sɪn,usʊn,usɪn
u.sʊŋ,u.sɪŋ,usʊŋ,usɪŋ
u.sʊp,u.sɪp,usʊp,usɪp
u.sʊt,u.sɪt,usʊt,usɪt
u.sʊk,u.sɪk,usʊk,usɪk
u.sʊb,u.sɪb,usʊb,usɪb
u.sʊd,u.sɪd,usʊd,usɪd
u.sʊg,u.sɪg,usʊg,usɪg
u.sʊf,u.sɪf,usʊf,usɪf
u.sʊs,u.sɪs,usʊs,usɪs
u.sʊv,u.sɪv,usʊv,usɪv
u.sʊz,u.sɪz,usʊz,usɪz
u.sʊʃ,u.sɪʃ,usʊʃ,usɪʃ
u.sʊʒ,u.sɪʒ,usʊʒ,usɪʒ
u.sʊθ,u.sɪθ,usʊθ,usɪθ
u.sʊð,u.sɪð,usʊð,usɪð
u.vʊm,u.vɪm,uvʊm,uvɪm
u.vʊn,u.vɪn,uvʊn,uvɪn
u.vʊŋ,u.vɪŋ,uvʊŋ,uvɪŋ
u.vʊp,u.vɪp,uvʊp,uvɪp
u.vʊt,u.vɪt,uvʊt,uvɪt
u.vʊk,u.vɪk,uvʊk,uvɪk
u.vʊb,u.vɪb,uvʊb,uvɪb
u.vʊd,u.vɪd,uvʊd,uvɪd
u.vʊg,u.vɪg,uvʊg,uvɪg
u.vʊf,u.vɪf,uvʊf,uvɪf
u.vʊs,u.vɪs,uvʊs,uvɪs
u.vʊv,u.vɪv,uvʊv,uvɪv
u.vʊz,u.vɪz,uvʊz,uvɪz
u.vʊʃ,u.vɪʃ,uvʊʃ,uvɪʃ
u.vʊʒ,u.vɪʒ,uvʊʒ,uvɪʒ
u.vʊθ,u.vɪθ,uvʊθ,uvɪθ
u.vʊð,u.vɪð,uvʊð,uvɪð
u.zʊm,u.zɪm,uzʊm,uzɪm
u.zʊn,u.zɪn,uzʊn,uzɪn
u.zʊŋ,u.zɪŋ,uzʊŋ,uzɪŋ
u.zʊp,u.zɪp,uzʊp,uzɪp
u.zʊt,u.zɪt,uzʊt,uzɪt
u.zʊk,u.zɪk,uzʊk,uzɪk
u.zʊb,u.zɪb,uzʊb,uzɪb
u.zʊd,u.zɪd,uzʊd,uzɪd
u.zʊg,u.zɪg,uzʊg,uzɪg
u.zʊf,u.zɪf,uzʊf,uzɪf
u.zʊs,u.zɪs,uzʊs,uzɪs
u.zʊv,u.zɪv,uzʊv,uzɪv
u.zʊz,u.zɪz,uzʊz,uzɪz
u.zʊʃ,u.zɪʃ,uzʊʃ,uzɪʃ
u.zʊʒ,u.zɪʒ,uzʊʒ,uzɪʒ
u.zʊθ,u.zɪθ,uzʊθ,uzɪθ
u.zʊð,u.zɪð,uzʊð,uzɪð
u.ʃʊm,u.ʃɪm,uʃʊm,uʃɪm
u.ʃʊn,u.ʃɪn,uʃʊn,uʃɪn
u.ʃʊŋ,u.ʃɪŋ,uʃʊŋ,uʃɪŋ
u.ʃʊp,u.ʃɪp,uʃʊp,uʃɪp
u.ʃʊt,u.ʃɪt,uʃʊt,uʃɪt
u.ʃʊk,u.ʃɪk,uʃʊk,uʃɪk
u.ʃʊb,u.ʃɪb,uʃʊb,uʃɪb
u.ʃʊd,u.ʃɪd,uʃʊd,uʃɪd
u.ʃʊg,u.ʃɪg,uʃʊg,uʃɪg
u.ʃʊf,u.ʃɪf,uʃʊf,uʃɪf
u.ʃʊs,u.ʃɪs,uʃʊs,uʃɪs
u.ʃʊv,u.ʃɪv,uʃʊv,uʃɪv
u.ʃʊz,u.ʃɪz,uʃʊz,uʃɪz
u.ʃʊʃ,u.ʃɪʃ,uʃʊʃ,uʃɪʃ
u.ʃʊʒ,u.ʃɪʒ,uʃʊʒ,uʃɪʒ
u.ʃʊθ,u.ʃɪθ,uʃʊθ,uʃɪθ
u.ʃʊð,u.ʃɪð,uʃʊð,uʃɪð
u.ʒʊm,u.ʒɪm,uʒʊm,uʒɪm
u.ʒʊn,u.ʒɪn,uʒʊn,uʒɪn
u.ʒʊŋ,u.ʒɪŋ,uʒʊŋ,uʒɪŋ
u.ʒʊp,u.ʒɪp,uʒʊp,uʒɪp
u.ʒʊt,u.ʒɪt,uʒʊt,uʒɪt
u.ʒʊk,u.ʒɪk,uʒʊk,uʒɪk
u.ʒʊb,u.ʒɪb,uʒʊb,uʒɪb
u.ʒʊd,u.ʒɪd,uʒʊd,uʒɪd
u.ʒʊg,u.ʒɪg,uʒʊg,uʒɪg
u.ʒʊf,u.ʒɪf,uʒʊf,uʒɪf
u.ʒʊs,u.ʒɪs,uʒʊs,uʒɪs
u.ʒʊv,u.ʒɪv,uʒʊv,uʒɪv
u.ʒʊz,u.ʒɪz,uʒʊz,uʒɪz
u.ʒʊʃ,u.ʒɪʃ,uʒʊʃ,uʒɪʃ
u.ʒʊʒ,u.ʒɪʒ,uʒʊʒ,uʒɪʒ
u.ʒʊθ,u.ʒɪθ,uʒʊθ,uʒɪθ
u.ʒʊð,u.ʒɪð,uʒʊð,uʒɪð
u.θʊm,u.θɪm,uθʊm,uθɪm
u.θʊn,u.θɪn,uθʊn,uθɪn
u.θʊŋ,u.θɪŋ,uθʊŋ,uθɪŋ
u.θʊp,u.θɪp,uθʊp,uθɪp
u.θʊt,u.θɪt,uθʊt,uθɪt
u.θʊk,u.θɪk,uθʊk,uθɪk
u.θʊb,u.θɪb,uθʊb,uθɪb
u.θʊd,u.θɪd,uθʊd,uθɪd
u.θʊg,u.θɪg,uθʊg,uθɪg
u.θʊf,u.θɪf,uθʊf,uθɪf
u.θʊs,u.θɪs,uθʊs,uθɪs
u.θʊv,u.θɪv,uθʊv,uθɪv
u.θʊz,u.θɪz,uθʊz,uθɪz
u.θʊʃ,u.θɪʃ,uθʊʃ,uθɪʃ
u.θʊʒ,u.θɪʒ,uθʊʒ,uθɪʒ
u.θʊθ,u.θɪθ,uθʊθ,uθɪθ
u.θʊð,u.θɪð,uθʊð,uθɪð
u.ðʊm,u.ðɪm,uðʊm,uðɪm
u.ðʊn,u.ðɪn,uðʊn,uðɪn
u.ðʊŋ,u.ðɪŋ,uðʊŋ,uðɪŋ
u.ðʊp,u.ðɪp,uðʊp,uðɪp
u.ðʊt,u.ðɪt,uðʊt,uðɪt
u.ðʊk,u.ðɪk,uðʊk,uðɪk
u.ðʊb,u.ðɪb,uðʊb,uðɪb
u.ðʊd,u.ðɪd,uðʊd,uðɪd
u.ðʊg,u.ðɪg,uðʊg,uðɪg
u.ðʊf,u.ðɪf,uðʊf,uðɪf
u.ðʊs,u.ðɪs,uðʊs,uðɪs
u.ðʊv,u.ðɪv,uðʊv,uðɪv
u.ðʊz,u.ðɪz,uðʊz,uðɪz
u.ðʊʃ,u.ðɪʃ,uðʊʃ,uðɪʃ
u.ðʊʒ,u.ðɪʒ,uðʊʒ,uðɪʒ
u.ðʊθ,u.ðɪθ,uðʊθ,uðɪθ
u.ðʊð,u.ðɪð,uðʊð,uðɪð
u.hʊm,u.hɪm,uhʊm,uhɪm
u.hʊn,u.hɪn,uhʊn,uhɪn
u.hʊŋ,u.hɪŋ,uhʊŋ,uhɪŋ
u.hʊp,u.hɪp,uhʊp,uhɪp
u.hʊt,u.hɪt,uhʊt,uhɪt
u.hʊk,u.hɪk,uhʊk,uhɪk
u.hʊb,u.hɪb,uhʊb,uhɪb
u.hʊd,u.hɪd,uhʊd,uhɪd
u.hʊg,u.hɪg,uhʊg,uhɪg
u.hʊf,u.hɪf,uhʊf,uhɪf
u.hʊs,u.hɪs,uhʊs,uhɪs
u.hʊv,u.hɪv,uhʊv,uhɪv
u.hʊz,u.hɪz,uhʊz,uhɪz
u.hʊʃ,u.hɪʃ,uhʊʃ,uhɪʃ
u.hʊʒ,u.hɪʒ,uhʊʒ,uhɪʒ
u.hʊθ,u.hɪθ,uhʊθ,uhɪθ
u.hʊð,u.hɪð,uhʊð,uhɪð
u.mɔm,u.mɛm,umɔm,umɛm
u.mɔn,u.mɛn,umɔn,umɛn
u.mɔŋ,u.mɛŋ,umɔŋ,umɛŋ
u.mɔp,u.mɛp,umɔp,umɛp
u.mɔt,u.mɛt,umɔt,umɛt
u.mɔk,u.mɛk,umɔk,umɛk
u.mɔb,u.mɛb,umɔb,umɛb
u.mɔd,u.mɛd,umɔd,umɛd
u.mɔg,u.mɛg,umɔg,umɛg
u.mɔf,u.mɛf,umɔf,umɛf
u.mɔs,u.mɛs,umɔs,umɛs
u.mɔv,u.mɛv,umɔv,umɛv
u.mɔz,u.mɛz,umɔz,umɛz
u.mɔʃ,u.mɛʃ,umɔʃ,umɛʃ
u.mɔʒ,u.mɛʒ,umɔʒ,umɛʒ
u.mɔθ,u.mɛθ,umɔθ,umɛθ
u.mɔð,u.mɛð,umɔð,umɛð
u.nɔm,u.nɛm,unɔm,unɛm
u.nɔn,u.nɛn,unɔn,unɛn
u.nɔŋ,u.nɛŋ,unɔŋ,unɛŋ
u.nɔp,u.nɛp,unɔp,unɛp
u.nɔt,u.nɛt,unɔt,unɛt
u.nɔk,u.nɛk,unɔk,unɛk
u.nɔb,u.nɛb,unɔb,unɛb
u.nɔd,u.nɛd,unɔd,unɛd
u.nɔg,u.nɛg,unɔg,unɛg
u.nɔf,u.nɛf,unɔf,unɛf
u.nɔs,u.nɛs,unɔs,unɛs
u.nɔv,u.nɛv,unɔv,unɛv
u.nɔz,u.nɛz,unɔz,unɛz
u.nɔʃ,u.nɛʃ,unɔʃ,unɛʃ
u.nɔʒ,u.nɛʒ,unɔʒ,unɛʒ
u.nɔθ,u.nɛθ,unɔθ,unɛθ
u.nɔð,u.nɛð,unɔð,unɛð
u.pɔm,u.pɛm,upɔm,upɛm
u.pɔn,u.pɛn,upɔn,upɛn
u.pɔŋ,u.pɛŋ,upɔŋ,upɛŋ
u.pɔp,u.pɛp,upɔp,upɛp
u.pɔt,u.pɛt,upɔt,upɛt
u.pɔk,u.pɛk,upɔk,upɛk
u.pɔb,u.pɛb,upɔb,upɛb
u.pɔd,u.pɛd,upɔd,upɛd
u.pɔg,u.pɛg,upɔg,upɛg
u.pɔf,u.pɛf,upɔf,upɛf
u.pɔs,u.pɛs,upɔs,upɛs
u.pɔv,u.pɛv,upɔv,upɛv
u.pɔz,u.pɛz,upɔz,upɛz
u.pɔʃ,u.pɛʃ,upɔʃ,upɛʃ
u.pɔʒ,u.pɛʒ,upɔʒ,upɛʒ
u.pɔθ,u.pɛθ,upɔθ,upɛθ
u.pɔð,u.pɛð,upɔð,upɛð
u.tɔm,u.tɛm,utɔm,utɛm
u.tɔn,u.tɛn,utɔn,utɛn
u.tɔŋ,u.tɛŋ,utɔŋ,utɛŋ
u.tɔp,u.tɛp,utɔp,utɛp
u.tɔt,u.tɛt,utɔt,utɛt
u.tɔk,u.tɛk,utɔk,utɛk
u.tɔb,u.tɛb,utɔb,utɛb
u.tɔd,u.tɛd,utɔd,utɛd
u.tɔg,u.tɛg,utɔg,utɛg
u.tɔf,u.tɛf,utɔf,utɛf
u.tɔs,u.tɛs,utɔs,utɛs
u.tɔv,u.tɛv,utɔv,utɛv
u.tɔz,u.tɛz,utɔz,utɛz
u.tɔʃ,u.tɛʃ,utɔʃ,utɛʃ
u.tɔʒ,u.tɛʒ,utɔʒ,utɛʒ
u.tɔθ,u.tɛθ,utɔθ,utɛθ
u.tɔð,u.tɛð,utɔð,utɛð
u.kɔm,u.kɛm,ukɔm,ukɛm
u.kɔn,u.kɛn,ukɔn,ukɛn
u.kɔŋ,u.kɛŋ,ukɔŋ,ukɛŋ
u.kɔp,u.kɛp,ukɔp,ukɛp
u.kɔt,u.kɛt,ukɔt,ukɛt
u.kɔk,u.kɛk,ukɔk,ukɛk
u.kɔb,u.kɛb,ukɔb,ukɛb
u.kɔd,u.kɛd,ukɔd,ukɛd
u.kɔg,u.kɛg,ukɔg,ukɛg
u.kɔf,u.kɛf,ukɔf,ukɛf
u.kɔs,u.kɛs,ukɔs,ukɛs
u.kɔv,u.kɛv,ukɔv,ukɛv
u.kɔz,u.kɛz,ukɔz,ukɛz
u.kɔʃ,u.kɛʃ,ukɔʃ,ukɛʃ
u.kɔʒ,u.kɛʒ,ukɔʒ,ukɛʒ
u.kɔθ,u.kɛθ,ukɔθ,ukɛθ
u.kɔð,u.kɛð,ukɔð,ukɛð
u.bɔm,u.bɛm,ubɔm,ubɛm
u.bɔn,u.bɛn,ubɔn,ubɛn
u.bɔŋ,u.bɛŋ,ubɔŋ,ubɛŋ
u.bɔp,u.bɛp,ubɔp,ubɛp
u.bɔt,u.bɛt,ubɔt,ubɛt
u.bɔk,u.bɛk,ubɔk,ubɛk
u.bɔb,u.bɛb,ubɔb,ubɛb
u.bɔd,u.bɛd,ubɔd,ubɛd
u.bɔg,u.bɛg,ubɔg,ubɛg
u.bɔf,u.bɛf,ubɔf,ubɛf
u.bɔs,u.bɛs,ubɔs,ubɛs
u.bɔv,u.bɛv,ubɔv,ubɛv
u.bɔz,u.bɛz,ubɔz,ubɛz
u.bɔʃ,u.bɛʃ,ubɔʃ,ubɛʃ
u.bɔʒ,u.bɛʒ,ubɔʒ,ubɛʒ
u.bɔθ,u.bɛθ,ubɔθ,ubɛθ
u.bɔð,u.bɛð,ubɔð,ubɛð
u.dɔm,u.dɛm,udɔm,udɛm
u.dɔn,u.dɛn,udɔn,udɛn
u.dɔŋ,u.dɛŋ,udɔŋ,udɛŋ
u.dɔp,u.dɛp,udɔp,udɛp
u.dɔt,u.dɛt,udɔt,udɛt
u.dɔk,u.dɛk,udɔk,udɛk
u.dɔb,u.dɛb,udɔb,udɛb
u.dɔd,u.dɛd,udɔd,udɛd
u.dɔg,u.dɛg,udɔg,udɛg
u.dɔf,u.dɛf,udɔf,udɛf
u.dɔs,u.dɛs,udɔs,udɛs
u.dɔv,u.dɛv,udɔv,udɛv
u.dɔz,u.dɛz,udɔz,udɛz
u.dɔʃ,u.dɛʃ,udɔʃ,udɛʃ
u.dɔʒ,u.dɛʒ,udɔʒ,udɛʒ
u.dɔθ,u.dɛθ,udɔθ,udɛθ
u.dɔð,u.dɛð,udɔð,udɛð
u.gɔm,u.gɛm,ugɔm,ugɛm
u.gɔn,u.gɛn,ugɔn,ugɛn
u.gɔŋ,u.gɛŋ,ugɔŋ,ugɛŋ
u.gɔp,u.gɛp,ugɔp,ugɛp
u.gɔt,u.gɛt,ugɔt,ugɛt
u.gɔk,u.gɛk,ugɔk,ugɛk
u.gɔb,u.gɛb,ugɔb,ugɛb
u.gɔd,u.gɛd,ugɔd,ugɛd
u.gɔg,u.gɛg,ugɔg,ugɛg
u.gɔf,u.gɛf,ugɔf,ugɛf
u.gɔs,u.gɛs,ugɔs,ugɛs
u.gɔv,u.gɛv,ugɔv,ugɛv
u.gɔz,u.gɛz,ugɔz,ugɛz
u.gɔʃ,u.gɛʃ,ugɔʃ,ugɛʃ
u.gɔʒ,u.gɛʒ,ugɔʒ,ugɛʒ
u.gɔθ,u.gɛθ,ugɔθ,ugɛθ
u.gɔð,u.gɛð,ugɔð,ugɛð
u.fɔm,u.fɛm,ufɔm,ufɛm
u.fɔn,u.fɛn,ufɔn,ufɛn
u.fɔŋ,u.fɛŋ,ufɔŋ,ufɛŋ
u.fɔp,u.fɛp,ufɔp,ufɛp
u.fɔt,u.fɛt,ufɔt,ufɛt
u.fɔk,u.fɛk,ufɔk,ufɛk
u.fɔb,u.fɛb,ufɔb,ufɛb
u.fɔd,u.fɛd,ufɔd,ufɛd
u.fɔg,u.fɛg,ufɔg,ufɛg
u.fɔf,u.fɛf,ufɔf,ufɛf
u.fɔs,u.fɛs,ufɔs,ufɛs
u.fɔv,u.fɛv,ufɔv,ufɛv
u.fɔz,u.fɛz,ufɔz,ufɛz
u.fɔʃ,u.fɛʃ,ufɔʃ,ufɛʃ
u.fɔʒ,u.fɛʒ,ufɔʒ,ufɛʒ
u.fɔθ,u.fɛθ,ufɔθ,ufɛθ
u.fɔð,u.fɛð,ufɔð,ufɛð
u.sɔm,u.sɛm,usɔm,usɛm
u.sɔn,u.sɛn,usɔn,usɛn
u.sɔŋ,u.sɛŋ,usɔŋ,usɛŋ
u.sɔp,u.sɛp,usɔp,usɛp
u.sɔt,u.sɛt,usɔt,usɛt
u.sɔk,u.sɛk,usɔk,usɛk
u.sɔb,u.sɛb,usɔb,usɛb
u.sɔd,u.sɛd,usɔd,usɛd
u.sɔg,u.sɛg,usɔg,usɛg
u.sɔf,u.sɛf,usɔf,usɛf
u.sɔs,u.sɛs,usɔs,usɛs
u.sɔv,u.sɛv,usɔv,usɛv
u.sɔz,u.sɛz,usɔz,usɛz
u.sɔʃ,u.sɛʃ,usɔʃ,usɛʃ
u.sɔʒ,u.sɛʒ,usɔʒ,usɛʒ
u.sɔθ,u.sɛθ,usɔθ,usɛθ
u.sɔð,u.sɛð,usɔð,usɛð
u.vɔm,u.vɛm,uvɔm,uvɛm
u.vɔn,u.vɛn,uvɔn,uvɛn
u.vɔŋ,u.vɛŋ,uvɔŋ,uvɛŋ
u.vɔp,u.vɛp,uvɔp,uvɛp
u.vɔt,u.vɛt,uvɔt,uvɛt
u.vɔk,u.vɛk,uvɔk,uvɛk
u.vɔb,u.vɛb,uvɔb,uvɛb
u.vɔd,u.vɛd,uvɔd,uvɛd
u.vɔg,u.vɛg,uvɔg,uvɛg
u.vɔf,u.vɛf,uvɔf,uvɛf
u.vɔs,u.vɛs,uvɔs,uvɛs
u.vɔv,u.vɛv,uvɔv,uvɛv
u.vɔz,u.vɛz,uvɔz,uvɛz
u.vɔʃ,u.vɛʃ,uvɔʃ,uvɛʃ
u.vɔʒ,u.vɛʒ,uvɔʒ,uvɛʒ
u.vɔθ,u.vɛθ,uvɔθ,uvɛθ
u.vɔð,u.vɛð,uvɔð,uvɛð
u.zɔm,u.zɛm,uzɔm,uzɛm
u.zɔn,u.zɛn,uzɔn,uzɛn
u.zɔŋ,u.zɛŋ,uzɔŋ,uzɛŋ
u.zɔp,u.zɛp,uzɔp,uzɛp
u.zɔt,u.zɛt,uzɔt,uzɛt
u.zɔk,u.zɛk,uzɔk,uzɛk
u.zɔb,u.zɛb,uzɔb,uzɛb
u.zɔd,u.zɛd,uzɔd,uzɛd
u.zɔg,u.zɛg,uzɔg,uzɛg
u.zɔf,u.zɛf,uzɔf,uzɛf
u.zɔs,u.zɛs,uzɔs,uzɛs
u.zɔv,u.zɛv,uzɔv,uzɛv
u.zɔz,u.zɛz,uzɔz,uzɛz
u.zɔʃ,u.zɛʃ,uzɔʃ,uzɛʃ
u.zɔʒ,u.zɛʒ,uzɔʒ,uzɛʒ
u.zɔθ,u.zɛθ,uzɔθ,uzɛθ
u.zɔð,u.zɛð,uzɔð,uzɛð
u.ʃɔm,u.ʃɛm,uʃɔm,uʃɛm
u.ʃɔn,u.ʃɛn,uʃɔn,uʃɛn
u.ʃɔŋ,u.ʃɛŋ,uʃɔŋ,uʃɛŋ
u.ʃɔp,u.ʃɛp,uʃɔp,uʃɛp
u.ʃɔt,u.ʃɛt,uʃɔt,uʃɛt
u.ʃɔk,u.ʃɛk,uʃɔk,uʃɛk
u.ʃɔb,u.ʃɛb,uʃɔb,uʃɛb
u.ʃɔd,u.ʃɛd,uʃɔd,uʃɛd
u.ʃɔg,u.ʃɛg,uʃɔg,uʃɛg
u.ʃɔf,u.ʃɛf,uʃɔf,uʃɛf
u.ʃɔs,u.ʃɛs,uʃɔs,uʃɛs
u.ʃɔv,u.ʃɛv,uʃɔv,uʃɛv
u.ʃɔz,u.ʃɛz,uʃɔz,uʃɛz
u.ʃɔʃ,u.ʃɛʃ,uʃɔʃ,uʃɛʃ
u.ʃɔʒ,u.ʃɛʒ,uʃɔʒ,uʃɛʒ
u.ʃɔθ,u.ʃɛθ,uʃɔθ,uʃɛθ
u.ʃɔð,u.ʃɛð,uʃɔð,uʃɛð
u.ʒɔm,u.ʒɛm,uʒɔm,uʒɛm
u.ʒɔn,u.ʒɛn,uʒɔn,uʒɛn
u.ʒɔŋ,u.ʒɛŋ,uʒɔŋ,uʒɛŋ
u.ʒɔp,u.ʒɛp,uʒɔp,uʒɛp
u.ʒɔt,u.ʒɛt,uʒɔt,uʒɛt
u.ʒɔk,u.ʒɛk,uʒɔk,uʒɛk
u.ʒɔb,u.ʒɛb,uʒɔb,uʒɛb
u.ʒɔd,u.ʒɛd,uʒɔd,uʒɛd
u.ʒɔg,u.ʒɛg,uʒɔg,uʒɛg
u.ʒɔf,u.ʒɛf,uʒɔf,uʒɛf
u.ʒɔs,u.ʒɛs,uʒɔs,uʒɛs
u.ʒɔv,u.ʒɛv,uʒɔv,uʒɛv
u.ʒɔz,u.ʒɛz,uʒɔz,uʒɛz
u.ʒɔʃ,u.ʒɛʃ,uʒɔʃ,uʒɛʃ
u.ʒɔʒ,u.ʒɛʒ,uʒɔʒ,uʒɛʒ
u.ʒɔθ,u.ʒɛθ,uʒɔθ,uʒɛθ
u.ʒɔð,u.ʒɛð,uʒɔð,uʒɛð
u.θɔm,u.θɛm,uθɔm,uθɛm
u.θɔn,u.θɛn,uθɔn,uθɛn
u.θɔŋ,u.θɛŋ,uθɔŋ,uθɛŋ
u.θɔp,u.θɛp,uθɔp,uθɛp
u.θɔt,u.θɛt,uθɔt,uθɛt
u.θɔk,u.θɛk,uθɔk,uθɛk
u.θɔb,u.θɛb,uθɔb,uθɛb
u.θɔd,u.θɛd,uθɔd,uθɛd
u.θɔg,u.θɛg,uθɔg,uθɛg
u.θɔf,u.θɛf,uθɔf,uθɛf
u.θɔs,u.θɛs,uθɔs,uθɛs
u.θɔv,u.θɛv,uθɔv,uθɛv
u.θɔz,u.θɛz,uθɔz,uθɛz
u.θɔʃ,u.θɛʃ,uθɔʃ,uθɛʃ
u.θɔʒ,u.θɛʒ,uθɔʒ,uθɛʒ
u.θɔθ,u.θɛθ,uθɔθ,uθɛθ
u.θɔð,u.θɛð,uθɔð,uθɛð
u.ðɔm,u.ðɛm,uðɔm,uðɛm
u.ðɔn,u.ðɛn,uðɔn,uðɛn
u.ðɔŋ,u.ðɛŋ,uðɔŋ,uðɛŋ
u.ðɔp,u.ðɛp,uðɔp,uðɛp
u.ðɔt,u.ðɛt,uðɔt,uðɛt
u.ðɔk,u.ðɛk,uðɔk,uðɛk
u.ðɔb,u.ðɛb,uðɔb,uðɛb
u.ðɔd,u.ðɛd,uðɔd,uðɛd
u.ðɔg,u.ðɛg,uðɔg,uðɛg
u.ðɔf,u.ðɛf,uðɔf,uðɛf
u.ðɔs,u.ðɛs,uðɔs,uðɛs
u.ðɔv,u.ðɛv,uðɔv,uðɛv
u.ðɔz,u.ðɛz,uðɔz,uðɛz
u.ðɔʃ,u.ðɛʃ,uðɔʃ,uðɛʃ
u.ðɔʒ,u.ðɛʒ,uðɔʒ,uðɛʒ
u.ðɔθ,u.ðɛθ,uðɔθ,uðɛθ
u.ðɔð,u.ðɛð,uðɔð,uðɛð
u.hɔm,u.hɛm,uhɔm,uhɛm
u.hɔn,u.hɛn,uhɔn,uhɛn
u.hɔŋ,u.hɛŋ,uhɔŋ,uhɛŋ
u.hɔp,u.hɛp,uhɔp,uhɛp
u.hɔt,u.hɛt,uhɔt,uhɛt
u.hɔk,u.hɛk,uhɔk,uhɛk
u.hɔb,u.hɛb,uhɔb,uhɛb
u.hɔd,u.hɛd,uhɔd,uhɛd
u.hɔg,u.hɛg,uhɔg,uhɛg
u.hɔf,u.hɛf,uhɔf,uhɛf
u.hɔs,u.hɛs,uhɔs,uhɛs
u.hɔv,u.hɛv,uhɔv,uhɛv
u.hɔz,u.hɛz,uhɔz,uhɛz
u.hɔʃ,u.hɛʃ,uhɔʃ,uhɛʃ
u.hɔʒ,u.hɛʒ,uhɔʒ,uhɛʒ
u.hɔθ,u.hɛθ,uhɔθ,uhɛθ
u.hɔð,u.hɛð,uhɔð,uhɛð
o.mɪm,o.mʊm,omɪm,omʊm
o.mɪn,o.mʊn,omɪn,omʊn
o.mɪŋ,o.mʊŋ,omɪŋ,omʊŋ
o.mɪp,o.mʊp,omɪp,omʊp
o.mɪt,o.mʊt,omɪt,omʊt
o.mɪk,o.mʊk,omɪk,omʊk
o.mɪb,o.mʊb,omɪb,omʊb
o.mɪd,o.mʊd,omɪd,omʊd
o.mɪg,o.mʊg,omɪg,omʊg
o.mɪf,o.mʊf,omɪf,omʊf
o.mɪs,o.mʊs,omɪs,omʊs
o.mɪv,o.mʊv,omɪv,omʊv
o.mɪz,o.mʊz,omɪz,omʊz
o.mɪʃ,o.mʊʃ,omɪʃ,omʊʃ
o.mɪʒ,o.mʊʒ,omɪʒ,omʊʒ
o.mɪθ,o.mʊθ,omɪθ,omʊθ
o.mɪð,o.mʊð,omɪð,omʊð
o.nɪm,o.nʊm,onɪm,onʊm
o.nɪn,o.nʊn,onɪn,onʊn
o.nɪŋ,o.nʊŋ,onɪŋ,onʊŋ
o.nɪp,o.nʊp,onɪp,onʊp
o.nɪt,o.nʊt,onɪt,onʊt
o.nɪk,o.nʊk,onɪk,onʊk
o.nɪb,o.nʊb,onɪb,onʊb
o.nɪd,o.nʊd,onɪd,onʊd
o.nɪg,o.nʊg,onɪg,onʊg
o.nɪf,o.nʊf,onɪf,onʊf
o.nɪs,o.nʊs,onɪs,onʊs
o.nɪv,o.nʊv,onɪv,onʊv
o.nɪz,o.nʊz,onɪz,onʊz
o.nɪʃ,o.nʊʃ,onɪʃ,onʊʃ
o.nɪʒ,o.nʊʒ,onɪʒ,onʊʒ
o.nɪθ,o.nʊθ,onɪθ,onʊθ
o.nɪð,o.nʊð,onɪð,onʊð
o.pɪm,o.pʊm,opɪm,opʊm
o.pɪn,o.pʊn,opɪn,opʊn
o.pɪŋ,o.pʊŋ,opɪŋ,opʊŋ
o.pɪp,o.pʊp,opɪp,opʊp
o.pɪt,o.pʊt,opɪt,opʊt
o.pɪk,o.pʊk,opɪk,opʊk
o.pɪb,o.pʊb,opɪb,opʊb
o.pɪd,o.pʊd,opɪd,opʊd
o.pɪg,o.pʊg,opɪg,opʊg
o.pɪf,o.pʊf,opɪf,opʊf
o.pɪs,o.pʊs,opɪs,opʊs
o.pɪv,o.pʊv,opɪv,opʊv
o.pɪz,o.pʊz,opɪz,opʊz
o.pɪʃ,o.pʊʃ,opɪʃ,opʊʃ
o.pɪʒ,o.pʊʒ,opɪʒ,opʊʒ
o.pɪθ,o.pʊθ,opɪθ,opʊθ
o.pɪð,o.pʊð,opɪð,opʊð
o.tɪm,o.tʊm,otɪm,otʊm
o.tɪn,o.tʊn,otɪn,otʊn
o.tɪŋ,o.tʊŋ,otɪŋ,otʊŋ
o.tɪp,o.tʊp,otɪp,otʊp
o.tɪt,o.tʊt,otɪt,otʊt
o.tɪk,o.tʊk,otɪk,otʊk
o.tɪb,o.tʊb,otɪb,otʊb
o.tɪd,o.tʊd,otɪd,otʊd
o.tɪg,o.tʊg,otɪg,otʊg
o.tɪf,o.tʊf,otɪf,otʊf
o.tɪs,o.tʊs,otɪs,otʊs
o.tɪv,o.tʊv,otɪv,otʊv
o.tɪz,o.tʊz,otɪz,otʊz
o.tɪʃ,o.tʊʃ,otɪʃ,otʊʃ
o.tɪʒ,o.tʊʒ,otɪʒ,otʊʒ
o.tɪθ,o.tʊθ,otɪθ,otʊθ
o.tɪð,o.tʊð,otɪð,otʊð
o.kɪm,o.kʊm,okɪm,okʊm
o.kɪn,o.kʊn,okɪn,okʊn
o.kɪŋ,o.kʊŋ,okɪŋ,okʊŋ
o.kɪp,o.kʊp,okɪp,okʊp
o.kɪt,o.kʊt,okɪt,okʊt
o.kɪk,o.kʊk,okɪk,okʊk
o.kɪb,o.kʊb,okɪb,okʊb
o.kɪd,o.kʊd,okɪd,okʊd
o.kɪg,o.kʊg,okɪg,okʊg
o.kɪf,o.kʊf,okɪf,okʊf
o.kɪs,o.kʊs,okɪs,okʊs
o.kɪv,o.kʊv,okɪv,okʊv
o.kɪz,o.kʊz,okɪz,okʊz
o.kɪʃ,o.kʊʃ,okɪʃ,okʊʃ
o.kɪʒ,o.kʊʒ,okɪʒ,okʊʒ
o.kɪθ,o.kʊθ,okɪθ,okʊθ
o.kɪð,o.kʊð,okɪð,okʊð
o.bɪm,o.bʊm,obɪm,obʊm
o.bɪn,o.bʊn,obɪn,obʊn
o.bɪŋ,o.bʊŋ,obɪŋ,obʊŋ
o.bɪp,o.bʊp,obɪp,obʊp
o.bɪt,o.bʊt,obɪt,obʊt
o.bɪk,o.bʊk,obɪk,obʊk
o.bɪb,o.bʊb,obɪb,obʊb
o.bɪd,o.bʊd,obɪd,obʊd
o.bɪg,o.bʊg,obɪg,obʊg
o.bɪf,o.bʊf,obɪf,obʊf
o.bɪs,o.bʊs,obɪs,obʊs
o.bɪv,o.bʊv,obɪv,obʊv
o.bɪz,o.bʊz,obɪz,obʊz
o.bɪʃ,o.bʊʃ,obɪʃ,obʊʃ
o.bɪʒ,o.bʊʒ,obɪʒ,obʊʒ
o.bɪθ,o.bʊθ,obɪθ,obʊθ
o.bɪð,o.bʊð,obɪð,obʊð
o.dɪm,o.dʊm,odɪm,odʊm
o.dɪn,o.dʊn,odɪn,odʊn
o.dɪŋ,o.dʊŋ,odɪŋ,odʊŋ
o.dɪp,o.dʊp,odɪp,odʊp
o.dɪt,o.dʊt,odɪt,odʊt
o.dɪk,o.dʊk,odɪk,odʊk
o.dɪb,o.dʊb,odɪb,odʊb
o.dɪd,o.dʊd,odɪd,odʊd
o.dɪg,o.dʊg,odɪg,odʊg
o.dɪf,o.dʊf,odɪf,odʊf
o.dɪs,o.dʊs,odɪs,odʊs
o.dɪv,o.dʊv,odɪv,odʊv
o.dɪz,o.dʊz,odɪz,odʊz
o.dɪʃ,o.dʊʃ,odɪʃ,odʊʃ
o.dɪʒ,o.dʊʒ,odɪʒ,odʊʒ
o.dɪθ,o.dʊθ,odɪθ,odʊθ
o.dɪð,o.dʊð,odɪð,odʊð
o.gɪm,o.gʊm,ogɪm,ogʊm
o.gɪn,o.gʊn,ogɪn,ogʊn
o.gɪŋ,o.gʊŋ,ogɪŋ,ogʊŋ
o.gɪp,o.gʊp,ogɪp,ogʊp
o.gɪt,o.gʊt,ogɪt,ogʊt
o.gɪk,o.gʊk,ogɪk,ogʊk
o.gɪb,o.gʊb,ogɪb,ogʊb
o.gɪd,o.gʊd,ogɪd,ogʊd
o.gɪg,o.gʊg,ogɪg,ogʊg
o.gɪf,o.gʊf,ogɪf,ogʊf
o.gɪs,o.gʊs,ogɪs,ogʊs
o.gɪv,o.gʊv,ogɪv,ogʊv
o.gɪz,o.gʊz,ogɪz,ogʊz
o.gɪʃ,o.gʊʃ,ogɪʃ,ogʊʃ
o.gɪʒ,o.gʊʒ,ogɪʒ,ogʊʒ
o.gɪθ,o.gʊθ,ogɪθ,ogʊθ
o.gɪð,o.gʊð,ogɪð,ogʊð
o.fɪm,o.fʊm,ofɪm,ofʊm
o.fɪn,o.fʊn,ofɪn,ofʊn
o.fɪŋ,o.fʊŋ,ofɪŋ,ofʊŋ
o.fɪp,o.fʊp,ofɪp,ofʊp
o.fɪt,o.fʊt,ofɪt,ofʊt
o.fɪk,o.fʊk,ofɪk,ofʊk
o.fɪb,o.fʊb,ofɪb,ofʊb
o.fɪd,o.fʊd,ofɪd,ofʊd
o.fɪg,o.fʊg,ofɪg,ofʊg
o.fɪf,o.fʊf,ofɪf,ofʊf
o.fɪs,o.fʊs,ofɪs,ofʊs
o.fɪv,o.fʊv,ofɪv,ofʊv
o.fɪz,o.fʊz,ofɪz,ofʊz
o.fɪʃ,o.fʊʃ,ofɪʃ,ofʊʃ
o.fɪʒ,o.fʊʒ,ofɪʒ,ofʊʒ
o.fɪθ,o.fʊθ,ofɪθ,ofʊθ
o.fɪð,o.fʊð,ofɪð,ofʊð
o.sɪm,o.sʊm,osɪm,osʊm
o.sɪn,o.sʊn,osɪn,osʊn
o.sɪŋ,o.sʊŋ,osɪŋ,osʊŋ
o.sɪp,o.sʊp,osɪp,osʊp
o.sɪt,o.sʊt,osɪt,osʊt
o.sɪk,o.sʊk,osɪk,osʊk
o.sɪb,o.sʊb,osɪb,osʊb
o.sɪd,o.sʊd,osɪd,osʊd
o.sɪg,o.sʊg,osɪg,osʊg
o.sɪf,o.sʊf,osɪf,osʊf
o.sɪs,o.sʊs,osɪs,osʊs
o.sɪv,o.sʊv,osɪv,osʊv
o.sɪz,o.sʊz,osɪz,osʊz
o.sɪʃ,o.sʊʃ,osɪʃ,osʊʃ
o.sɪʒ,o.sʊʒ,osɪʒ,osʊʒ
o.sɪθ,o.sʊθ,osɪθ,osʊθ
o.sɪð,o.sʊð,osɪð,osʊð
o.vɪm,o.vʊm,ovɪm,ovʊm
o.vɪn,o.vʊn,ovɪn,ovʊn
o.vɪŋ,o.vʊŋ,ovɪŋ,ovʊŋ
o.vɪp,o.vʊp,ovɪp,ovʊp
o.vɪt,o.vʊt,ovɪt,ovʊt
o.vɪk,o.vʊk,ovɪk,ovʊk
o.vɪb,o.vʊb,ovɪb,ovʊb
o.vɪd,o.vʊd,ovɪd,ovʊd
o.vɪg,o.vʊg,ovɪg,ovʊg
o.vɪf,o.vʊf,ovɪf,ovʊf
o.vɪs,o.vʊs,ovɪs,ovʊs
o.vɪv,o.vʊv,ovɪv,ovʊv
o.vɪz,o.vʊz,ovɪz,ovʊz
o.vɪʃ,o.vʊʃ,ovɪʃ,ovʊʃ
o.vɪʒ,o.vʊʒ,ovɪʒ,ovʊʒ
o.vɪθ,o.vʊθ,ovɪθ,ovʊθ
o.vɪð,o.vʊð,ovɪð,ovʊð
o.zɪm,o.zʊm,ozɪm,ozʊm
o.zɪn,o.zʊn,ozɪn,ozʊn
o.zɪŋ,o.zʊŋ,ozɪŋ,ozʊŋ
o.zɪp,o.zʊp,ozɪp,ozʊp
o.zɪt,o.zʊt,ozɪt,ozʊt
o.zɪk,o.zʊk,ozɪk,ozʊk
o.zɪb,o.zʊb,ozɪb,ozʊb
o.zɪd,o.zʊd,ozɪd,ozʊd
o.zɪg,o.zʊg,ozɪg,ozʊg
o.zɪf,o.zʊf,ozɪf,ozʊf
o.zɪs,o.zʊs,ozɪs,ozʊs
o.zɪv,o.zʊv,ozɪv,ozʊv
o.zɪz,o.zʊz,ozɪz,ozʊz
o.zɪʃ,o.zʊʃ,ozɪʃ,ozʊʃ
o.zɪʒ,o.zʊʒ,ozɪʒ,ozʊʒ
o.zɪθ,o.zʊθ,ozɪθ,ozʊθ
o.zɪð,o.zʊð,ozɪð,ozʊð
o.ʃɪm,o.ʃʊm,oʃɪm,oʃʊm
o.ʃɪn,o.ʃʊn,oʃɪn,oʃʊn
o.ʃɪŋ,o.ʃʊŋ,oʃɪŋ,oʃʊŋ
o.ʃɪp,o.ʃʊp,oʃɪp,oʃʊp
o.ʃɪt,o.ʃʊt,oʃɪt,oʃʊt
o.ʃɪk,o.ʃʊk,oʃɪk,oʃʊk
o.ʃɪb,o.ʃʊb,oʃɪb,oʃʊb
o.ʃɪd,o.ʃʊd,oʃɪd,oʃʊd
o.ʃɪg,o.ʃʊg,oʃɪg,oʃʊg
o.ʃɪf,o.ʃʊf,oʃɪf,oʃʊf
o.ʃɪs,o.ʃʊs,oʃɪs,oʃʊs
o.ʃɪv,o.ʃʊv,oʃɪv,oʃʊv
o.ʃɪz,o.ʃʊz,oʃɪz,oʃʊz
o.ʃɪʃ,o.ʃʊʃ,oʃɪʃ,oʃʊʃ
o.ʃɪʒ,o.ʃʊʒ,oʃɪʒ,oʃʊʒ
o.ʃɪθ,o.ʃʊθ,oʃɪθ,oʃʊθ
o.ʃɪð,o.ʃʊð,oʃɪð,oʃʊð
o.ʒɪm,o.ʒʊm,oʒɪm,oʒʊm
o.ʒɪn,o.ʒʊn,oʒɪn,oʒʊn
o.ʒɪŋ,o.ʒʊŋ,oʒɪŋ,oʒʊŋ
o.ʒɪp,o.ʒʊp,oʒɪp,oʒʊp
o.ʒɪt,o.ʒʊt,oʒɪt,oʒʊt
o.ʒɪk,o.ʒʊk,oʒɪk,oʒʊk
o.ʒɪb,o.ʒʊb,oʒɪb,oʒʊb
o.ʒɪd,o.ʒʊd,oʒɪd,oʒʊd
o.ʒɪg,o.ʒʊg,oʒɪg,oʒʊg
o.ʒɪf,o.ʒʊf,oʒɪf,oʒʊf
o.ʒɪs,o.ʒʊs,oʒɪs,oʒʊs
o.ʒɪv,o.ʒʊv,oʒɪv,oʒʊv
o.ʒɪz,o.ʒʊz,oʒɪz,oʒʊz
o.ʒɪʃ,o.ʒʊʃ,oʒɪʃ,oʒʊʃ
o.ʒɪʒ,o.ʒʊʒ,oʒɪʒ,oʒʊʒ
o.ʒɪθ,o.ʒʊθ,oʒɪθ,oʒʊθ
o.ʒɪð,o.ʒʊð,oʒɪð,oʒʊð
o.θɪm,o.θʊm,oθɪm,oθʊm
o.θɪn,o.θʊn,oθɪn,oθʊn
o.θɪŋ,o.θʊŋ,oθɪŋ,oθʊŋ
o.θɪp,o.θʊp,oθɪp,oθʊp
o.θɪt,o.θʊt,oθɪt,oθʊt
o.θɪk,o.θʊk,oθɪk,oθʊk
o.θɪb,o.θʊb,oθɪb,oθʊb
o.θɪd,o.θʊd,oθɪd,oθʊd
o.θɪg,o.θʊg,oθɪg,oθʊg
o.θɪf,o.θʊf,oθɪf,oθʊf
o.θɪs,o.θʊs,oθɪs,oθʊs
o.θɪv,o.θʊv,oθɪv,oθʊv
o.θɪz,o.θʊz,oθɪz,oθʊz
o.θɪʃ,o.θʊʃ,oθɪʃ,oθʊʃ
o.θɪʒ,o.θʊʒ,oθɪʒ,oθʊʒ
o.θɪθ,o.θʊθ,oθɪθ,oθʊθ
o.θɪð,o.θʊð,oθɪð,oθʊð
o.ðɪm,o.ðʊm,oðɪm,oðʊm
o.ðɪn,o.ðʊn,oðɪn,oðʊn
o.ðɪŋ,o.ðʊŋ,oðɪŋ,oðʊŋ
o.ðɪp,o.ðʊp,oðɪp,oðʊp
o.ðɪt,o.ðʊt,oðɪt,oðʊt
o.ðɪk,o.ðʊk,oðɪk,oðʊk
o.ðɪb,o.ðʊb,oðɪb,oðʊb
o.ðɪd,o.ðʊd,oðɪd,oðʊd
o.ðɪg,o.ðʊg,oðɪg,oðʊg
o.ðɪf,o.ðʊf,oðɪf,oðʊf
o.ðɪs,o.ðʊs,oðɪs,oðʊs
o.ðɪv,o.ðʊv,oðɪv,oðʊv
o.ðɪz,o.ðʊz,oðɪz,oðʊz
o.ðɪʃ,o.ðʊʃ,oðɪʃ,oðʊʃ
o.ðɪʒ,o.ðʊʒ,oðɪʒ,oðʊʒ
o.ðɪθ,o.ðʊθ,oðɪθ,oðʊθ
o.ðɪð,o.ðʊð,oðɪð,oðʊð
o.hɪm,o.hʊm,ohɪm,ohʊm
o.hɪn,o.hʊn,ohɪn,ohʊn
o.hɪŋ,o.hʊŋ,ohɪŋ,ohʊŋ
o.hɪp,o.hʊp,ohɪp,ohʊp
o.hɪt,o.hʊt,ohɪt,ohʊt
o.hɪk,o.hʊk,ohɪk,ohʊk
o.hɪb,o.hʊb,ohɪb,ohʊb
o.hɪd,o.hʊd,ohɪd,ohʊd
o.hɪg,o.hʊg,ohɪg,ohʊg
o.hɪf,o.hʊf,ohɪf,ohʊf
o.hɪs,o.hʊs,ohɪs,ohʊs
o.hɪv,o.hʊv,ohɪv,ohʊv
o.hɪz,o.hʊz,ohɪz,ohʊz
o.hɪʃ,o.hʊʃ,ohɪʃ,ohʊʃ
o.hɪʒ,o.hʊʒ,ohɪʒ,ohʊʒ
o.hɪθ,o.hʊθ,ohɪθ,ohʊθ
o.hɪð,o.hʊð,ohɪð,ohʊð
o.mɛm,o.mɔm,omɛm,omɔm
o.mɛn,o.mɔn,omɛn,omɔn
o.mɛŋ,o.mɔŋ,omɛŋ,omɔŋ
o.mɛp,o.mɔp,omɛp,omɔp
o.mɛt,o.mɔt,omɛt,omɔt
o.mɛk,o.mɔk,omɛk,omɔk
o.mɛb,o.mɔb,omɛb,omɔb
o.mɛd,o.mɔd,omɛd,omɔd
o.mɛg,o.mɔg,omɛg,omɔg
o.mɛf,o.mɔf,omɛf,omɔf
o.mɛs,o.mɔs,omɛs,omɔs
o.mɛv,o.mɔv,omɛv,omɔv
o.mɛz,o.mɔz,omɛz,omɔz
o.mɛʃ,o.mɔʃ,omɛʃ,omɔʃ
o.mɛʒ,o.mɔʒ,omɛʒ,omɔʒ
o.mɛθ,o.mɔθ,omɛθ,omɔθ
o.mɛð,o.mɔð,omɛð,omɔð
o.nɛm,o.nɔm,onɛm,onɔm
o.nɛn,o.nɔn,onɛn,onɔn
o.nɛŋ,o.nɔŋ,onɛŋ,onɔŋ
o.nɛp,o.nɔp,onɛp,onɔp
o.nɛt,o.nɔt,onɛt,onɔt
o.nɛk,o.nɔk,onɛk,onɔk
o.nɛb,o.nɔb,onɛb,onɔb
o.nɛd,o.nɔd,onɛd,onɔd
o.nɛg,o.nɔg,onɛg,onɔg
o.nɛf,o.nɔf,onɛf,onɔf
o.nɛs,o.nɔs,onɛs,onɔs
o.nɛv,o.nɔv,onɛv,onɔv
o.nɛz,o.nɔz,onɛz,onɔz
o.nɛʃ,o.nɔʃ,onɛʃ,onɔʃ
o.nɛʒ,o.nɔʒ,onɛʒ,onɔʒ
o.nɛθ,o.nɔθ,onɛθ,onɔθ
o.nɛð,o.nɔð,onɛð,onɔð
o.pɛm,o.pɔm,opɛm,opɔm
o.pɛn,o.pɔn,opɛn,opɔn
o.pɛŋ,o.pɔŋ,opɛŋ,opɔŋ
o.pɛp,o.pɔp,opɛp,opɔp
o.pɛt,o.pɔt,opɛt,opɔt
o.pɛk,o.pɔk,opɛk,opɔk
o.pɛb,o.pɔb,opɛb,opɔb
o.pɛd,o.pɔd,opɛd,opɔd
o.pɛg,o.pɔg,opɛg,opɔg
o.pɛf,o.pɔf,opɛf,opɔf
o.pɛs,o.pɔs,opɛs,opɔs
o.pɛv,o.pɔv,opɛv,opɔv
o.pɛz,o.pɔz,opɛz,opɔz
o.pɛʃ,o.pɔʃ,opɛʃ,opɔʃ
o.pɛʒ,o.pɔʒ,opɛʒ,opɔʒ
o.pɛθ,o.pɔθ,opɛθ,opɔθ
o.pɛð,o.pɔð,opɛð,opɔð
o.tɛm,o.tɔm,otɛm,otɔm
o.tɛn,o.tɔn,otɛn,otɔn
o.tɛŋ,o.tɔŋ,otɛŋ,otɔŋ
o.tɛp,o.tɔp,otɛp,otɔp
o.tɛt,o.tɔt,otɛt,otɔt
o.tɛk,o.tɔk,otɛk,otɔk
o.tɛb,o.tɔb,otɛb,otɔb
o.tɛd,o.tɔd,otɛd,otɔd
o.tɛg,o.tɔg,otɛg,otɔg
o.tɛf,o.tɔf,otɛf,otɔf
o.tɛs,o.tɔs,otɛs,otɔs
o.tɛv,o.tɔv,otɛv,otɔv
o.tɛz,o.tɔz,otɛz,otɔz
o.tɛʃ,o.tɔʃ,otɛʃ,otɔʃ
o.tɛʒ,o.tɔʒ,otɛʒ,otɔʒ
o.tɛθ,o.tɔθ,otɛθ,otɔθ
o.tɛð,o.tɔð,otɛð,otɔð
o.kɛm,o.kɔm,okɛm,okɔm
o.kɛn,o.kɔn,okɛn,okɔn
o.kɛŋ,o.kɔŋ,okɛŋ,okɔŋ
o.kɛp,o.kɔp,okɛp,okɔp
o.kɛt,o.kɔt,okɛt,okɔt
o.kɛk,o.kɔk,okɛk,okɔk
o.kɛb,o.kɔb,okɛb,okɔb
o.kɛd,o.kɔd,okɛd,okɔd
o.kɛg,o.kɔg,okɛg,okɔg
o.kɛf,o.kɔf,okɛf,okɔf
o.kɛs,o.kɔs,okɛs,okɔs
o.kɛv,o.kɔv,okɛv,okɔv
o.kɛz,o.kɔz,okɛz,okɔz
o.kɛʃ,o.kɔʃ,okɛʃ,okɔʃ
o.kɛʒ,o.kɔʒ,okɛʒ,okɔʒ
o.kɛθ,o.kɔθ,okɛθ,okɔθ
o.kɛð,o.kɔð,okɛð,okɔð
o.bɛm,o.bɔm,obɛm,obɔm
o.bɛn,o.bɔn,obɛn,obɔn
o.bɛŋ,o.bɔŋ,obɛŋ,obɔŋ
o.bɛp,o.bɔp,obɛp,obɔp
o.bɛt,o.bɔt,obɛt,obɔt
o.bɛk,o.bɔk,obɛk,obɔk
o.bɛb,o.bɔb,obɛb,obɔb
o.bɛd,o.bɔd,obɛd,obɔd
o.bɛg,o.bɔg,obɛg,obɔg
o.bɛf,o.bɔf,obɛf,obɔf
o.bɛs,o.bɔs,obɛs,obɔs
o.bɛv,o.bɔv,obɛv,obɔv
o.bɛz,o.bɔz,obɛz,obɔz
o.bɛʃ,o.bɔʃ,obɛʃ,obɔʃ
o.bɛʒ,o.bɔʒ,obɛʒ,obɔʒ
o.bɛθ,o.bɔθ,obɛθ,obɔθ
o.bɛð,o.bɔð,obɛð,obɔð
o.dɛm,o.dɔm,odɛm,odɔm
o.dɛn,o.dɔn,odɛn,odɔn
o.dɛŋ,o.dɔŋ,odɛŋ,odɔŋ
o.dɛp,o.dɔp,odɛp,odɔp
o.dɛt,o.dɔt,odɛt,odɔt
o.dɛk,o.dɔk,odɛk,odɔk
o.dɛb,o.dɔb,odɛb,odɔb
o.dɛd,o.dɔd,odɛd,odɔd
o.dɛg,o.dɔg,odɛg,odɔg
o.dɛf,o.dɔf,odɛf,odɔf
o.dɛs,o.dɔs,odɛs,odɔs
o.dɛv,o.dɔv,odɛv,odɔv
o.dɛz,o.dɔz,odɛz,odɔz
o.dɛʃ,o.dɔʃ,odɛʃ,odɔʃ
o.dɛʒ,o.dɔʒ,odɛʒ,odɔʒ
o.dɛθ,o.dɔθ,odɛθ,odɔθ
o.dɛð,o.dɔð,odɛð,odɔð
o.gɛm,o.gɔm,ogɛm,ogɔm
o.gɛn,o.gɔn,ogɛn,ogɔn
o.gɛŋ,o.gɔŋ,ogɛŋ,ogɔŋ
o.gɛp,o.gɔp,ogɛp,ogɔp
o.gɛt,o.gɔt,ogɛt,ogɔt
o.gɛk,o.gɔk,ogɛk,ogɔk
o.gɛb,o.gɔb,ogɛb,ogɔb
o.gɛd,o.gɔd,ogɛd,ogɔd
o.gɛg,o.gɔg,ogɛg,ogɔg
o.gɛf,o.gɔf,ogɛf,ogɔf
o.gɛs,o.gɔs,ogɛs,ogɔs
o.gɛv,o.gɔv,ogɛv,ogɔv
o.gɛz,o.gɔz,ogɛz,ogɔz
o.gɛʃ,o.gɔʃ,ogɛʃ,ogɔʃ
o.gɛʒ,o.gɔʒ,ogɛʒ,ogɔʒ
o.gɛθ,o.gɔθ,ogɛθ,ogɔθ
o.gɛð,o.gɔð,ogɛð,ogɔð
o.fɛm,o.fɔm,ofɛm,ofɔm
o.fɛn,o.fɔn,ofɛn,ofɔn
o.fɛŋ,o.fɔŋ,ofɛŋ,ofɔŋ
o.fɛp,o.fɔp,ofɛp,ofɔp
o.fɛt,o.fɔt,ofɛt,ofɔt
o.fɛk,o.fɔk,ofɛk,ofɔk
o.fɛb,o.fɔb,ofɛb,ofɔb
o.fɛd,o.fɔd,ofɛd,ofɔd
o.fɛg,o.fɔg,ofɛg,ofɔg
o.fɛf,o.fɔf,ofɛf,ofɔf
o.fɛs,o.fɔs,ofɛs,ofɔs
o.fɛv,o.fɔv,ofɛv,ofɔv
o.fɛz,o.fɔz,ofɛz,ofɔz
o.fɛʃ,o.fɔʃ,ofɛʃ,ofɔʃ
o.fɛʒ,o.fɔʒ,ofɛʒ,ofɔʒ
o.fɛθ,o.fɔθ,ofɛθ,ofɔθ
o.fɛð,o.fɔð,ofɛð,ofɔð
o.sɛm,o.sɔm,osɛm,osɔm
o.sɛn,o.sɔn,osɛn,osɔn
o.sɛŋ,o.sɔŋ,osɛŋ,osɔŋ
o.sɛp,o.sɔp,osɛp,osɔp
o.sɛt,o.sɔt,osɛt,osɔt
o.sɛk,o.sɔk,osɛk,osɔk
o.sɛb,o.sɔb,osɛb,osɔb
o.sɛd,o.sɔd,osɛd,osɔd
o.sɛg,o.sɔg,osɛg,osɔg
o.sɛf,o.sɔf,osɛf,osɔf
o.sɛs,o.sɔs,osɛs,osɔs
o.sɛv,o.sɔv,osɛv,osɔv
o.sɛz,o.sɔz,osɛz,osɔz
o.sɛʃ,o.sɔʃ,osɛʃ,osɔʃ
o.sɛʒ,o.sɔʒ,osɛʒ,osɔʒ
o.sɛθ,o.sɔθ,osɛθ,osɔθ
o.sɛð,o.sɔð,osɛð,osɔð
o.vɛm,o.vɔm,ovɛm,ovɔm
o.vɛn,o.vɔn,ovɛn,ovɔn
o.vɛŋ,o.vɔŋ,ovɛŋ,ovɔŋ
o.vɛp,o.vɔp,ovɛp,ovɔp
o.vɛt,o.vɔt,ovɛt,ovɔt
o.vɛk,o.vɔk,ovɛk,ovɔk
o.vɛb,o.vɔb,ovɛb,ovɔb
o.vɛd,o.vɔd,ovɛd,ovɔd
o.vɛg,o.vɔg,ovɛg,ovɔg
o.vɛf,o.vɔf,ovɛf,ovɔf
o.vɛs,o.vɔs,ovɛs,ovɔs
o.vɛv,o.vɔv,ovɛv,ovɔv
o.vɛz,o.vɔz,ovɛz,ovɔz
o.vɛʃ,o.vɔʃ,ovɛʃ,ovɔʃ
o.vɛʒ,o.vɔʒ,ovɛʒ,ovɔʒ
o.vɛθ,o.vɔθ,ovɛθ,ovɔθ
o.vɛð,o.vɔð,ovɛð,ovɔð
o.zɛm,o.zɔm,ozɛm,ozɔm
o.zɛn,o.zɔn,ozɛn,ozɔn
o.zɛŋ,o.zɔŋ,ozɛŋ,ozɔŋ
o.zɛp,o.zɔp,ozɛp,ozɔp
o.zɛt,o.zɔt,ozɛt,ozɔt
o.zɛk,o.zɔk,ozɛk,ozɔk
o.zɛb,o.zɔb,ozɛb,ozɔb
o.zɛd,o.zɔd,ozɛd,ozɔd
o.zɛg,o.zɔg,ozɛg,ozɔg
o.zɛf,o.zɔf,ozɛf,ozɔf
o.zɛs,o.zɔs,ozɛs,ozɔs
o.zɛv,o.zɔv,ozɛv,ozɔv
o.zɛz,o.zɔz,ozɛz,ozɔz
o.zɛʃ,o.zɔʃ,ozɛʃ,ozɔʃ
o.zɛʒ,o.zɔʒ,ozɛʒ,ozɔʒ
o.zɛθ,o.zɔθ,ozɛθ,ozɔθ
o.zɛð,o.zɔð,ozɛð,ozɔð
o.ʃɛm,o.ʃɔm,oʃɛm,oʃɔm
o.ʃɛn,o.ʃɔn,oʃɛn,oʃɔn
o.ʃɛŋ,o.ʃɔŋ,oʃɛŋ,oʃɔŋ
o.ʃɛp,o.ʃɔp,oʃɛp,oʃɔp
o.ʃɛt,o.ʃɔt,oʃɛt,oʃɔt
o.ʃɛk,o.ʃɔk,oʃɛk,oʃɔk
o.ʃɛb,o.ʃɔb,oʃɛb,oʃɔb
o.ʃɛd,o.ʃɔd,oʃɛd,oʃɔd
o.ʃɛg,o.ʃɔg,oʃɛg,oʃɔg
o.ʃɛf,o.ʃɔf,oʃɛf,oʃɔf
o.ʃɛs,o.ʃɔs,oʃɛs,oʃɔs
o.ʃɛv,o.ʃɔv,oʃɛv,oʃɔv
o.ʃɛz,o.ʃɔz,oʃɛz,oʃɔz
o.ʃɛʃ,o.ʃɔʃ,oʃɛʃ,oʃɔʃ
o.ʃɛʒ,o.ʃɔʒ,oʃɛʒ,oʃɔʒ
o.ʃɛθ,o.ʃɔθ,oʃɛθ,oʃɔθ
o.ʃɛð,o.ʃɔð,oʃɛð,oʃɔð
o.ʒɛm,o.ʒɔm,oʒɛm,oʒɔm
o.ʒɛn,o.ʒɔn,oʒɛn,oʒɔn
o.ʒɛŋ,o.ʒɔŋ,oʒɛŋ,oʒɔŋ
o.ʒɛp,o.ʒɔp,oʒɛp,oʒɔp
o.ʒɛt,o.ʒɔt,oʒɛt,oʒɔt
o.ʒɛk,o.ʒɔk,oʒɛk,oʒɔk
o.ʒɛb,o.ʒɔb,oʒɛb,oʒɔb
o.ʒɛd,o.ʒɔd,oʒɛd,oʒɔd
o.ʒɛg,o.ʒɔg,oʒɛg,oʒɔg
o.ʒɛf,o.ʒɔf,oʒɛf,oʒɔf
o.ʒɛs,o.ʒɔs,oʒɛs,oʒɔs
o.ʒɛv,o.ʒɔv,oʒɛv,oʒɔv
o.ʒɛz,o.ʒɔz,oʒɛz,oʒɔz
o.ʒɛʃ,o.ʒɔʃ,oʒɛʃ,oʒɔʃ
o.ʒɛʒ,o.ʒɔʒ,oʒɛʒ,oʒɔʒ
o.ʒɛθ,o.ʒɔθ,oʒɛθ,oʒɔθ
o.ʒɛð,o.ʒɔð,oʒɛð,oʒɔð
o.θɛm,o.θɔm,oθɛm,oθɔm
o.θɛn,o.θɔn,oθɛn,oθɔn
o.θɛŋ,o.θɔŋ,oθɛŋ,oθɔŋ
o.θɛp,o.θɔp,oθɛp,oθɔp
o.θɛt,o.θɔt,oθɛt,oθɔt
o.θɛk,o.θɔk,oθɛk,oθɔk
o.θɛb,o.θɔb,oθɛb,oθɔb
o.θɛd,o.θɔd,oθɛd,oθɔd
o.θɛg,o.θɔg,oθɛg,oθɔg
o.θɛf,o.θɔf,oθɛf,oθɔf
o.θɛs,o.θɔs,oθɛs,oθɔs
o.θɛv,o.θɔv,oθɛv,oθɔv
o.θɛz,o.θɔz,oθɛz,oθɔz
o.θɛʃ,o.θɔʃ,oθɛʃ,oθɔʃ
o.θɛʒ,o.θɔʒ,oθɛʒ,oθɔʒ
o.θɛθ,o.θɔθ,oθɛθ,oθɔθ
o.θɛð,o.θɔð,oθɛð,oθɔð
o.ðɛm,o.ðɔm,oðɛm,oðɔm
o.ðɛn,o.ðɔn,oðɛn,oðɔn
o.ðɛŋ,o.ðɔŋ,oðɛŋ,oðɔŋ
o.ðɛp,o.ðɔp,oðɛp,oðɔp
o.ðɛt,o.ðɔt,oðɛt,oðɔt
o.ðɛk,o.ðɔk,oðɛk,oðɔk
o.ðɛb,o.ðɔb,oðɛb,oðɔb
o.ðɛd,o.ðɔd,oðɛd,oðɔd
o.ðɛg,o.ðɔg,oðɛg,oðɔg
o.ðɛf,o.ðɔf,oðɛf,oðɔf
o.ðɛs,o.ðɔs,oðɛs,oðɔs
o.ðɛv,o.ðɔv,oðɛv,oðɔv
o.ðɛz,o.ðɔz,oðɛz,oðɔz
o.ðɛʃ,o.ðɔʃ,oðɛʃ,oðɔʃ
o.ðɛʒ,o.ðɔʒ,oðɛʒ,oðɔʒ
o.ðɛθ,o.ðɔθ,oðɛθ,oðɔθ
o.ðɛð,o.ðɔð,oðɛð,oðɔð
o.hɛm,o.hɔm,ohɛm,ohɔm
o.hɛn,o.hɔn,ohɛn,ohɔn
o.hɛŋ,o.hɔŋ,ohɛŋ,ohɔŋ
o.hɛp,o.hɔp,ohɛp,ohɔp
o.hɛt,o.hɔt,ohɛt,ohɔt
o.hɛk,o.hɔk,ohɛk,ohɔk
o.hɛb,o.hɔb,ohɛb,ohɔb
o.hɛd,o.hɔd,ohɛd,ohɔd
o.hɛg,o.hɔg,ohɛg,ohɔg
o.hɛf,o.hɔf,ohɛf,ohɔf
o.hɛs,o.hɔs,ohɛs,ohɔs
o.hɛv,o.hɔv,ohɛv,ohɔv
o.hɛz,o.hɔz,ohɛz,ohɔz
o.hɛʃ,o.hɔʃ,ohɛʃ,ohɔʃ
o.hɛʒ,o.hɔʒ,ohɛʒ,ohɔʒ
o.hɛθ,o.hɔθ,ohɛθ,ohɔθ
o.hɛð,o.hɔð,ohɛð,ohɔð
o.mʊm,o.mɪm,omʊm,omɪm
o.mʊn,o.mɪn,omʊn,omɪn
o.mʊŋ,o.mɪŋ,omʊŋ,omɪŋ
o.mʊp,o.mɪp,omʊp,omɪp
o.mʊt,o.mɪt,omʊt,omɪt
o.mʊk,o.mɪk,omʊk,omɪk
o.mʊb,o.mɪb,omʊb,omɪb
o.mʊd,o.mɪd,omʊd,omɪd
o.mʊg,o.mɪg,omʊg,omɪg
o.mʊf,o.mɪf,omʊf,omɪf
o.mʊs,o.mɪs,omʊs,omɪs
o.mʊv,o.mɪv,omʊv,omɪv
o.mʊz,o.mɪz,omʊz,omɪz
o.mʊʃ,o.mɪʃ,omʊʃ,omɪʃ
o.mʊʒ,o.mɪʒ,omʊʒ,omɪʒ
o.mʊθ,o.mɪθ,omʊθ,omɪθ
o.mʊð,o.mɪð,omʊð,omɪð
o.nʊm,o.nɪm,onʊm,onɪm
o.nʊn,o.nɪn,onʊn,onɪn
o.nʊŋ,o.nɪŋ,onʊŋ,onɪŋ
o.nʊp,o.nɪp,onʊp,onɪp
o.nʊt,o.nɪt,onʊt,onɪt
o.nʊk,o.nɪk,onʊk,onɪk
o.nʊb,o.nɪb,onʊb,onɪb
o.nʊd,o.nɪd,onʊd,onɪd
o.nʊg,o.nɪg,onʊg,onɪg
o.nʊf,o.nɪf,onʊf,onɪf
o.nʊs,o.nɪs,onʊs,onɪs
o.nʊv,o.nɪv,onʊv,onɪv
o.nʊz,o.nɪz,onʊz,onɪz
o.nʊʃ,o.nɪʃ,onʊʃ,onɪʃ
o.nʊʒ,o.nɪʒ,onʊʒ,onɪʒ
o.nʊθ,o.nɪθ,onʊθ,onɪθ
o.nʊð,o.nɪð,onʊð,onɪð
o.pʊm,o.pɪm,opʊm,opɪm
o.pʊn,o.pɪn,opʊn,opɪn
o.pʊŋ,o.pɪŋ,opʊŋ,opɪŋ
o.pʊp,o.pɪp,opʊp,opɪp
o.pʊt,o.pɪt,opʊt,opɪt
o.pʊk,o.pɪk,opʊk,opɪk
o.pʊb,o.pɪb,opʊb,opɪb
o.pʊd,o.pɪd,opʊd,opɪd
o.pʊg,o.pɪg,opʊg,opɪg
o.pʊf,o.pɪf,opʊf,opɪf
o.pʊs,o.pɪs,opʊs,opɪs
o.pʊv,o.pɪv,opʊv,opɪv
o.pʊz,o.pɪz,opʊz,opɪz
o.pʊʃ,o.pɪʃ,opʊʃ,opɪʃ
o.pʊʒ,o.pɪʒ,opʊʒ,opɪʒ
o.pʊθ,o.pɪθ,opʊθ,opɪθ
o.pʊð,o.pɪð,opʊð,opɪð
o.tʊm,o.tɪm,otʊm,otɪm
o.tʊn,o.tɪn,otʊn,otɪn
o.tʊŋ,o.tɪŋ,otʊŋ,otɪŋ
o.tʊp,o.tɪp,otʊp,otɪp
o.tʊt,o.tɪt,otʊt,otɪt
o.tʊk,o.tɪk,otʊk,otɪk
o.tʊb,o.tɪb,otʊb,otɪb
o.tʊd,o.tɪd,otʊd,otɪd
o.tʊg,o.tɪg,otʊg,otɪg
o.tʊf,o.tɪf,otʊf,otɪf
o.tʊs,o.tɪs,otʊs,otɪs
o.tʊv,o.tɪv,otʊv,otɪv
o.tʊz,o.tɪz,otʊz,otɪz
o.tʊʃ,o.tɪʃ,otʊʃ,otɪʃ
o.tʊʒ,o.tɪʒ,otʊʒ,otɪʒ
o.tʊθ,o.tɪθ,otʊθ,otɪθ
o.tʊð,o.tɪð,otʊð,otɪð
o.kʊm,o.kɪm,okʊm,okɪm
o.kʊn,o.kɪn,okʊn,okɪn
o.kʊŋ,o.kɪŋ,okʊŋ,okɪŋ
o.kʊp,o.kɪp,okʊp,okɪp
o.kʊt,o.kɪt,okʊt,okɪt
o.kʊk,o.kɪk,okʊk,okɪk
o.kʊb,o.kɪb,okʊb,okɪb
o.kʊd,o.kɪd,okʊd,okɪd
o.kʊg,o.kɪg,okʊg,okɪg
o.kʊf,o.kɪf,okʊf,okɪf
o.kʊs,o.kɪs,okʊs,okɪs
o.kʊv,o.kɪv,okʊv,okɪv
o.kʊz,o.kɪz,okʊz,okɪz
o.kʊʃ,o.kɪʃ,okʊʃ,okɪʃ
o.kʊʒ,o.kɪʒ,okʊʒ,okɪʒ
o.kʊθ,o.kɪθ,okʊθ,okɪθ
o.kʊð,o.kɪð,okʊð,okɪð
o.bʊm,o.bɪm,obʊm,obɪm
o.bʊn,o.bɪn,obʊn,obɪn
o.bʊŋ,o.bɪŋ,obʊŋ,obɪŋ
o.bʊp,o.bɪp,obʊp,obɪp
o.bʊt,o.bɪt,obʊt,obɪt
o.bʊk,o.bɪk,obʊk,obɪk
o.bʊb,o.bɪb,obʊb,obɪb
o.bʊd,o.bɪd,obʊd,obɪd
o.bʊg,o.bɪg,obʊg,obɪg
o.bʊf,o.bɪf,obʊf,obɪf
o.bʊs,o.bɪs,obʊs,obɪs
o.bʊv,o.bɪv,obʊv,obɪv
o.bʊz,o.bɪz,obʊz,obɪz
o.bʊʃ,o.bɪʃ,obʊʃ,obɪʃ
o.bʊʒ,o.bɪʒ,obʊʒ,obɪʒ
o.bʊθ,o.bɪθ,obʊθ,obɪθ
o.bʊð,o.bɪð,obʊð,obɪð
o.dʊm,o.dɪm,odʊm,odɪm
o.dʊn,o.dɪn,odʊn,odɪn
o.dʊŋ,o.dɪŋ,odʊŋ,odɪŋ
o.dʊp,o.dɪp,odʊp,odɪp
o.dʊt,o.dɪt,odʊt,odɪt
o.dʊk,o.dɪk,odʊk,odɪk
o.dʊb,o.dɪb,odʊb,odɪb
o.dʊd,o.dɪd,odʊd,odɪd
o.dʊg,o.dɪg,odʊg,odɪg
o.dʊf,o.dɪf,odʊf,odɪf
o.dʊs,o.dɪs,odʊs,odɪs
o.dʊv,o.dɪv,odʊv,odɪv
o.dʊz,o.dɪz,odʊz,odɪz
o.dʊʃ,o.dɪʃ,odʊʃ,odɪʃ
o.dʊʒ,o.dɪʒ,odʊʒ,odɪʒ
o.dʊθ,o.dɪθ,odʊθ,odɪθ
o.dʊð,o.dɪð,odʊð,odɪð
o.gʊm,o.gɪm,ogʊm,ogɪm
o.gʊn,o.gɪn,ogʊn,ogɪn
o.gʊŋ,o.gɪŋ,ogʊŋ,ogɪŋ
o.gʊp,o.gɪp,ogʊp,ogɪp
o.gʊt,o.gɪt,ogʊt,ogɪt
o.gʊk,o.gɪk,ogʊk,ogɪk
o.gʊb,o.gɪb,ogʊb,ogɪb
o.gʊd,o.gɪd,ogʊd,ogɪd
o.gʊg,o.gɪg,ogʊg,ogɪg
o.gʊf,o.gɪf,ogʊf,ogɪf
o.gʊs,o.gɪs,ogʊs,ogɪs
o.gʊv,o.gɪv,ogʊv,ogɪv
o.gʊz,o.gɪz,ogʊz,ogɪz
o.gʊʃ,o.gɪʃ,ogʊʃ,ogɪʃ
o.gʊʒ,o.gɪʒ,ogʊʒ,ogɪʒ
o.gʊθ,o.gɪθ,ogʊθ,ogɪθ
o.gʊð,o.gɪð,ogʊð,ogɪð
o.fʊm,o.fɪm,ofʊm,ofɪm
o.fʊn,o.fɪn,ofʊn,ofɪn
o.fʊŋ,o.fɪŋ,ofʊŋ,ofɪŋ
o.fʊp,o.fɪp,ofʊp,ofɪp
o.fʊt,o.fɪt,ofʊt,ofɪt
o.fʊk,o.fɪk,ofʊk,ofɪk
o.fʊb,o.fɪb,ofʊb,ofɪb
o.fʊd,o.fɪd,ofʊd,ofɪd
o.fʊg,o.fɪg,ofʊg,ofɪg
o.fʊf,o.fɪf,ofʊf,ofɪf
o.fʊs,o.fɪs,ofʊs,ofɪs
o.fʊv,o.fɪv,ofʊv,ofɪv
o.fʊz,o.fɪz,ofʊz,ofɪz
o.fʊʃ,o.fɪʃ,ofʊʃ,ofɪʃ
o.fʊʒ,o.fɪʒ,ofʊʒ,ofɪʒ
o.fʊθ,o.fɪθ,ofʊθ,ofɪθ
o.fʊð,o.fɪð,ofʊð,ofɪð
o.sʊm,o.sɪm,osʊm,osɪm
o.sʊn,o.sɪn,osʊn,osɪn
o.sʊŋ,o.sɪŋ,osʊŋ,osɪŋ
o.sʊp,o.sɪp,osʊp,osɪp
o.sʊt,o.sɪt,osʊt,osɪt
o.sʊk,o.sɪk,osʊk,osɪk
o.sʊb,o.sɪb,osʊb,osɪb
o.sʊd,o.sɪd,osʊd,osɪd
o.sʊg,o.sɪg,osʊg,osɪg
o.sʊf,o.sɪf,osʊf,osɪf
o.sʊs,o.sɪs,osʊs,osɪs
o.sʊv,o.sɪv,osʊv,osɪv
o.sʊz,o.sɪz,osʊz,osɪz
o.sʊʃ,o.sɪʃ,osʊʃ,osɪʃ
o.sʊʒ,o.sɪʒ,osʊʒ,osɪʒ
o.sʊθ,o.sɪθ,osʊθ,osɪθ
o.sʊð,o.sɪð,osʊð,osɪð
o.vʊm,o.vɪm,ovʊm,ovɪm
o.vʊn,o.vɪn,ovʊn,ovɪn
o.vʊŋ,o.vɪŋ,ovʊŋ,ovɪŋ
o.vʊp,o.vɪp,ovʊp,ovɪp
o.vʊt,o.vɪt,ovʊt,ovɪt
o.vʊk,o.vɪk,ovʊk,ovɪk
o.vʊb,o.vɪb,ovʊb,ovɪb
o.vʊd,o.vɪd,ovʊd,ovɪd
o.vʊg,o.vɪg,ovʊg,ovɪg
o.vʊf,o.vɪf,ovʊf,ovɪf
o.vʊs,o.vɪs,ovʊs,ovɪs
o.vʊv,o.vɪv,ovʊv,ovɪv
o.vʊz,o.vɪz,ovʊz,ovɪz
o.vʊʃ,o.vɪʃ,ovʊʃ,ovɪʃ
o.vʊʒ,o.vɪʒ,ovʊʒ,ovɪʒ
o.vʊθ,o.vɪθ,ovʊθ,ovɪθ
o.vʊð,o.vɪð,ovʊð,ovɪð
o.zʊm,o.zɪm,ozʊm,ozɪm
o.zʊn,o.zɪn,ozʊn,ozɪn
o.zʊŋ,o.zɪŋ,ozʊŋ,ozɪŋ
o.zʊp,o.zɪp,ozʊp,ozɪp
o.zʊt,o.zɪt,ozʊt,ozɪt
o.zʊk,o.zɪk,ozʊk,ozɪk
o.zʊb,o.zɪb,ozʊb,ozɪb
o.zʊd,o.zɪd,ozʊd,ozɪd
o.zʊg,o.zɪg,ozʊg,ozɪg
o.zʊf,o.zɪf,ozʊf,ozɪf
o.zʊs,o.zɪs,ozʊs,ozɪs
o.zʊv,o.zɪv,ozʊv,ozɪv
o.zʊz,o.zɪz,ozʊz,ozɪz
o.zʊʃ,o.zɪʃ,ozʊʃ,ozɪʃ
o.zʊʒ,o.zɪʒ,ozʊʒ,ozɪʒ
o.zʊθ,o.zɪθ,ozʊθ,ozɪθ
o.zʊð,o.zɪð,ozʊð,ozɪð
o.ʃʊm,o.ʃɪm,oʃʊm,oʃɪm
o.ʃʊn,o.ʃɪn,oʃʊn,oʃɪn
o.ʃʊŋ,o.ʃɪŋ,oʃʊŋ,oʃɪŋ
o.ʃʊp,o.ʃɪp,oʃʊp,oʃɪp
o.ʃʊt,o.ʃɪt,oʃʊt,oʃɪt
o.ʃʊk,o.ʃɪk,oʃʊk,oʃɪk
o.ʃʊb,o.ʃɪb,oʃʊb,oʃɪb
o.ʃʊd,o.ʃɪd,oʃʊd,oʃɪd
o.ʃʊg,o.ʃɪg,oʃʊg,oʃɪg
o.ʃʊf,o.ʃɪf,oʃʊf,oʃɪf
o.ʃʊs,o.ʃɪs,oʃʊs,oʃɪs
o.ʃʊv,o.ʃɪv,oʃʊv,oʃɪv
o.ʃʊz,o.ʃɪz,oʃʊz,oʃɪz
o.ʃʊʃ,o.ʃɪʃ,oʃʊʃ,oʃɪʃ
o.ʃʊʒ,o.ʃɪʒ,oʃʊʒ,oʃɪʒ
o.ʃʊθ,o.ʃɪθ,oʃʊθ,oʃɪθ
o.ʃʊð,o.ʃɪð,oʃʊð,oʃɪð
o.ʒʊm,o.ʒɪm,oʒʊm,oʒɪm
o.ʒʊn,o.ʒɪn,oʒʊn,oʒɪn
o.ʒʊŋ,o.ʒɪŋ,oʒʊŋ,oʒɪŋ
o.ʒʊp,o.ʒɪp,oʒʊp,oʒɪp
o.ʒʊt,o.ʒɪt,oʒʊt,oʒɪt
o.ʒʊk,o.ʒɪk,oʒʊk,oʒɪk
o.ʒʊb,o.ʒɪb,oʒʊb,oʒɪb
o.ʒʊd,o.ʒɪd,oʒʊd,oʒɪd
o.ʒʊg,o.ʒɪg,oʒʊg,oʒɪg
o.ʒʊf,o.ʒɪf,oʒʊf,oʒɪf
o.ʒʊs,o.ʒɪs,oʒʊs,oʒɪs
o.ʒʊv,o.ʒɪv,oʒʊv,oʒɪv
o.ʒʊz,o.ʒɪz,oʒʊz,oʒɪz
o.ʒʊʃ,o.ʒɪʃ,oʒʊʃ,oʒɪʃ
o.ʒʊʒ,o.ʒɪʒ,oʒʊʒ,oʒɪʒ
o.ʒʊθ,o.ʒɪθ,oʒʊθ,oʒɪθ
o.ʒʊð,o.ʒɪð,oʒʊð,oʒɪð
o.θʊm,o.θɪm,oθʊm,oθɪm
o.θʊn,o.θɪn,oθʊn,oθɪn
o.θʊŋ,o.θɪŋ,oθʊŋ,oθɪŋ
o.θʊp,o.θɪp,oθʊp,oθɪp
o.θʊt,o.θɪt,oθʊt,oθɪt
o.θʊk,o.θɪk,oθʊk,oθɪk
o.θʊb,o.θɪb,oθʊb,oθɪb
o.θʊd,o.θɪd,oθʊd,oθɪd
o.θʊg,o.θɪg,oθʊg,oθɪg
o.θʊf,o.θɪf,oθʊf,oθɪf
o.θʊs,o.θɪs,oθʊs,oθɪs
o.θʊv,o.θɪv,oθʊv,oθɪv
o.θʊz,o.θɪz,oθʊz,oθɪz
o.θʊʃ,o.θɪʃ,oθʊʃ,oθɪʃ
o.θʊʒ,o.θɪʒ,oθʊʒ,oθɪʒ
o.θʊθ,o.θɪθ,oθʊθ,oθɪθ
o.θʊð,o.θɪð,oθʊð,oθɪð
o.ðʊm,o.ðɪm,oðʊm,oðɪm
o.ðʊn,o.ðɪn,oðʊn,oðɪn
o.ðʊŋ,o.ðɪŋ,oðʊŋ,oðɪŋ
o.ðʊp,o.ðɪp,oðʊp,oðɪp
o.ðʊt,o.ðɪt,oðʊt,oðɪt
o.ðʊk,o.ðɪk,oðʊk,oðɪk
o.ðʊb,o.ðɪb,oðʊb,oðɪb
o.ðʊd,o.ðɪd,oðʊd,oðɪd
o.ðʊg,o.ðɪg,oðʊg,oðɪg
o.ðʊf,o.ðɪf,oðʊf,oðɪf
o.ðʊs,o.ðɪs,oðʊs,oðɪs
o.ðʊv,o.ðɪv,oðʊv,oðɪv
o.ðʊz,o.ðɪz,oðʊz,oðɪz
o.ðʊʃ,o.ðɪʃ,oðʊʃ,oðɪʃ
o.ðʊʒ,o.ðɪʒ,oðʊʒ,oðɪʒ
o.ðʊθ,o.ðɪθ,oðʊθ,oðɪθ
o.ðʊð,o.ðɪð,oðʊð,oðɪð
o.hʊm,o.hɪm,ohʊm,ohɪm
o.hʊn,o.hɪn,ohʊn,ohɪn
o.hʊŋ,o.hɪŋ,ohʊŋ,ohɪŋ
o.hʊp,o.hɪp,ohʊp,ohɪp
o.hʊt,o.hɪt,ohʊt,ohɪt
o.hʊk,o.hɪk,ohʊk,ohɪk
o.hʊb,o.hɪb,ohʊb,ohɪb
o.hʊd,o.hɪd,ohʊd,ohɪd
o.hʊg,o.hɪg,ohʊg,ohɪg
o.hʊf,o.hɪf,ohʊf,ohɪf
o.hʊs,o.hɪs,ohʊs,ohɪs
o.hʊv,o.hɪv,ohʊv,ohɪv
o.hʊz,o.hɪz,ohʊz,ohɪz
o.hʊʃ,o.hɪʃ,ohʊʃ,ohɪʃ
o.hʊʒ,o.hɪʒ,ohʊʒ,ohɪʒ
o.hʊθ,o.hɪθ,ohʊθ,ohɪθ
o.hʊð,o.hɪð,ohʊð,ohɪð
o.mɔm,o.mɛm,omɔm,omɛm
o.mɔn,o.mɛn,omɔn,omɛn
o.mɔŋ,o.mɛŋ,omɔŋ,omɛŋ
o.mɔp,o.mɛp,omɔp,omɛp
o.mɔt,o.mɛt,omɔt,omɛt
o.mɔk,o.mɛk,omɔk,omɛk
o.mɔb,o.mɛb,omɔb,omɛb
o.mɔd,o.mɛd,omɔd,omɛd
o.mɔg,o.mɛg,omɔg,omɛg
o.mɔf,o.mɛf,omɔf,omɛf
o.mɔs,o.mɛs,omɔs,omɛs
o.mɔv,o.mɛv,omɔv,omɛv
o.mɔz,o.mɛz,omɔz,omɛz
o.mɔʃ,o.mɛʃ,omɔʃ,omɛʃ
o.mɔʒ,o.mɛʒ,omɔʒ,omɛʒ
o.mɔθ,o.mɛθ,omɔθ,omɛθ
o.mɔð,o.mɛð,omɔð,omɛð
o.nɔm,o.nɛm,onɔm,onɛm
o.nɔn,o.nɛn,onɔn,onɛn
o.nɔŋ,o.nɛŋ,onɔŋ,onɛŋ
o.nɔp,o.nɛp,onɔp,onɛp
o.nɔt,o.nɛt,onɔt,onɛt
o.nɔk,o.nɛk,onɔk,onɛk
o.nɔb,o.nɛb,onɔb,onɛb
o.nɔd,o.nɛd,onɔd,onɛd
o.nɔg,o.nɛg,onɔg,onɛg
o.nɔf,o.nɛf,onɔf,onɛf
o.nɔs,o.nɛs,onɔs,onɛs
o.nɔv,o.nɛv,onɔv,onɛv
o.nɔz,o.nɛz,onɔz,onɛz
o.nɔʃ,o.nɛʃ,onɔʃ,onɛʃ
o.nɔʒ,o.nɛʒ,onɔʒ,onɛʒ
o.nɔθ,o.nɛθ,onɔθ,onɛθ
o.nɔð,o.nɛð,onɔð,onɛð
o.pɔm,o.pɛm,opɔm,opɛm
o.pɔn,o.pɛn,opɔn,opɛn
o.pɔŋ,o.pɛŋ,opɔŋ,opɛŋ
o.pɔp,o.pɛp,opɔp,opɛp
o.pɔt,o.pɛt,opɔt,opɛt
o.pɔk,o.pɛk,opɔk,opɛk
o.pɔb,o.pɛb,opɔb,opɛb
o.pɔd,o.pɛd,opɔd,opɛd
o.pɔg,o.pɛg,opɔg,opɛg
o.pɔf,o.pɛf,opɔf,opɛf
o.pɔs,o.pɛs,opɔs,opɛs
o.pɔv,o.pɛv,opɔv,opɛv
o.pɔz,o.pɛz,opɔz,opɛz
o.pɔʃ,o.pɛʃ,opɔʃ,opɛʃ
o.pɔʒ,o.pɛʒ,opɔʒ,opɛʒ
o.pɔθ,o.pɛθ,opɔθ,opɛθ
o.pɔð,o.pɛð,opɔð,opɛð
o.tɔm,o.tɛm,otɔm,otɛm
o.tɔn,o.tɛn,otɔn,otɛn
o.tɔŋ,o.tɛŋ,otɔŋ,otɛŋ
o.tɔp,o.tɛp,otɔp,otɛp
o.tɔt,o.tɛt,otɔt,otɛt
o.tɔk,o.tɛk,otɔk,otɛk
o.tɔb,o.tɛb,otɔb,otɛb
o.tɔd,o.tɛd,otɔd,otɛd
o.tɔg,o.tɛg,otɔg,otɛg
o.tɔf,o.tɛf,otɔf,otɛf
o.tɔs,o.tɛs,otɔs,otɛs
o.tɔv,o.tɛv,otɔv,otɛv
o.tɔz,o.tɛz,otɔz,otɛz
o.tɔʃ,o.tɛʃ,otɔʃ,otɛʃ
o.tɔʒ,o.tɛʒ,otɔʒ,otɛʒ
o.tɔθ,o.tɛθ,otɔθ,otɛθ
o.tɔð,o.tɛð,otɔð,otɛð
o.kɔm,o.kɛm,okɔm,okɛm
o.kɔn,o.kɛn,okɔn,okɛn
o.kɔŋ,o.kɛŋ,okɔŋ,okɛŋ
o.kɔp,o.kɛp,okɔp,okɛp
o.kɔt,o.kɛt,okɔt,okɛt
o.kɔk,o.kɛk,okɔk,okɛk
o.kɔb,o.kɛb,okɔb,okɛb
o.kɔd,o.kɛd,okɔd,okɛd
o.kɔg,o.kɛg,okɔg,okɛg
o.kɔf,o.kɛf,okɔf,okɛf
o.kɔs,o.kɛs,okɔs,okɛs
o.kɔv,o.kɛv,okɔv,okɛv
o.kɔz,o.kɛz,okɔz,okɛz
o.kɔʃ,o.kɛʃ,okɔʃ,okɛʃ
o.kɔʒ,o.kɛʒ,okɔʒ,okɛʒ
o.kɔθ,o.kɛθ,okɔθ,okɛθ
o.kɔð,o.kɛð,okɔð,okɛð
o.bɔm,o.bɛm,obɔm,obɛm
o.bɔn,o.bɛn,obɔn,obɛn
o.bɔŋ,o.bɛŋ,obɔŋ,obɛŋ
o.bɔp,o.bɛp,obɔp,obɛp
o.bɔt,o.bɛt,obɔt,obɛt
o.bɔk,o.bɛk,obɔk,obɛk
o.bɔb,o.bɛb,obɔb,obɛb
o.bɔd,o.bɛd,obɔd,obɛd
o.bɔg,o.bɛg,obɔg,obɛg
o.bɔf,o.bɛf,obɔf,obɛf
o.bɔs,o.bɛs,obɔs,obɛs
o.bɔv,o.bɛv,obɔv,obɛv
o.bɔz,o.bɛz,obɔz,obɛz
o.bɔʃ,o.bɛʃ,obɔʃ,obɛʃ
o.bɔʒ,o.bɛʒ,obɔʒ,obɛʒ
o.bɔθ,o.bɛθ,obɔθ,obɛθ
o.bɔð,o.bɛð,obɔð,obɛð
o.dɔm,o.dɛm,odɔm,odɛm
o.dɔn,o.dɛn,odɔn,odɛn
o.dɔŋ,o.dɛŋ,odɔŋ,odɛŋ
o.dɔp,o.dɛp,odɔp,odɛp
o.dɔt,o.dɛt,odɔt,odɛt
o.dɔk,o.dɛk,odɔk,odɛk
o.dɔb,o.dɛb,odɔb,odɛb
o.dɔd,o.dɛd,odɔd,odɛd
o.dɔg,o.dɛg,odɔg,odɛg
o.dɔf,o.dɛf,odɔf,odɛf
o.dɔs,o.dɛs,odɔs,odɛs
o.dɔv,o.dɛv,odɔv,odɛv
o.dɔz,o.dɛz,odɔz,odɛz
o.dɔʃ,o.dɛʃ,odɔʃ,odɛʃ
o.dɔʒ,o.dɛʒ,odɔʒ,odɛʒ
o.dɔθ,o.dɛθ,odɔθ,odɛθ
o.dɔð,o.dɛð,odɔð,odɛð
o.gɔm,o.gɛm,ogɔm,ogɛm
o.gɔn,o.gɛn,ogɔn,ogɛn
o.gɔŋ,o.gɛŋ,ogɔŋ,ogɛŋ
o.gɔp,o.gɛp,ogɔp,ogɛp
o.gɔt,o.gɛt,ogɔt,ogɛt
o.gɔk,o.gɛk,ogɔk,ogɛk
o.gɔb,o.gɛb,ogɔb,ogɛb
o.gɔd,o.gɛd,ogɔd,ogɛd
o.gɔg,o.gɛg,ogɔg,ogɛg
o.gɔf,o.gɛf,ogɔf,ogɛf
o.gɔs,o.gɛs,ogɔs,ogɛs
o.gɔv,o.gɛv,ogɔv,ogɛv
o.gɔz,o.gɛz,ogɔz,ogɛz
o.gɔʃ,o.gɛʃ,ogɔʃ,ogɛʃ
o.gɔʒ,o.gɛʒ,ogɔʒ,ogɛʒ
o.gɔθ,o.gɛθ,ogɔθ,ogɛθ
o.gɔð,o.gɛð,ogɔð,ogɛð
o.fɔm,o.fɛm,ofɔm,ofɛm
o.fɔn,o.fɛn,ofɔn,ofɛn
o.fɔŋ,o.fɛŋ,ofɔŋ,ofɛŋ
o.fɔp,o.fɛp,ofɔp,ofɛp
o.fɔt,o.fɛt,ofɔt,ofɛt
o.fɔk,o.fɛk,ofɔk,ofɛk
o.fɔb,o.fɛb,ofɔb,ofɛb
o.fɔd,o.fɛd,ofɔd,ofɛd
o.fɔg,o.fɛg,ofɔg,ofɛg
o.fɔf,o.fɛf,ofɔf,ofɛf
o.fɔs,o.fɛs,ofɔs,ofɛs
o.fɔv,o.fɛv,ofɔv,ofɛv
o.fɔz,o.fɛz,ofɔz,ofɛz
o.fɔʃ,o.fɛʃ,ofɔʃ,ofɛʃ
o.fɔʒ,o.fɛʒ,ofɔʒ,ofɛʒ
o.fɔθ,o.fɛθ,ofɔθ,ofɛθ
o.fɔð,o.fɛð,ofɔð,ofɛð
o.sɔm,o.sɛm,osɔm,osɛm
o.sɔn,o.sɛn,osɔn,osɛn
o.sɔŋ,o.sɛŋ,osɔŋ,osɛŋ
o.sɔp,o.sɛp,osɔp,osɛp
o.sɔt,o.sɛt,osɔt,osɛt
o.sɔk,o.sɛk,osɔk,osɛk
o.sɔb,o.sɛb,osɔb,osɛb
o.sɔd,o.sɛd,osɔd,osɛd
o.sɔg,o.sɛg,osɔg,osɛg
o.sɔf,o.sɛf,osɔf,osɛf
o.sɔs,o.sɛs,osɔs,osɛs
o.sɔv,o.sɛv,osɔv,osɛv
o.sɔz,o.sɛz,osɔz,osɛz
o.sɔʃ,o.sɛʃ,osɔʃ,osɛʃ
o.sɔʒ,o.sɛʒ,osɔʒ,osɛʒ
o.sɔθ,o.sɛθ,osɔθ,osɛθ
o.sɔð,o.sɛð,osɔð,osɛð
o.vɔm,o.vɛm,ovɔm,ovɛm
o.vɔn,o.vɛn,ovɔn,ovɛn
o.vɔŋ,o.vɛŋ,ovɔŋ,ovɛŋ
o.vɔp,o.vɛp,ovɔp,ovɛp
o.vɔt,o.vɛt,ovɔt,ovɛt
o.vɔk,o.vɛk,ovɔk,ovɛk
o.vɔb,o.vɛb,ovɔb,ovɛb
o.vɔd,o.vɛd,ovɔd,ovɛd
o.vɔg,o.vɛg,ovɔg,ovɛg
o.vɔf,o.vɛf,ovɔf,ovɛf
o.vɔs,o.vɛs,ovɔs,ovɛs
o.vɔv,o.vɛv,ovɔv,ovɛv
o.vɔz,o.vɛz,ovɔz,ovɛz
o.vɔʃ,o.vɛʃ,ovɔʃ,ovɛʃ
o.vɔʒ,o.vɛʒ,ovɔʒ,ovɛʒ
o.vɔθ,o.vɛθ,ovɔθ,ovɛθ
o.vɔð,o.vɛð,ovɔð,ovɛð
o.zɔm,o.zɛm,ozɔm,ozɛm
o.zɔn,o.zɛn,ozɔn,ozɛn
o.zɔŋ,o.zɛŋ,ozɔŋ,ozɛŋ
o.zɔp,o.zɛp,ozɔp,ozɛp
o.zɔt,o.zɛt,ozɔt,ozɛt
o.zɔk,o.zɛk,ozɔk,ozɛk
o.zɔb,o.zɛb,ozɔb,ozɛb
o.zɔd,o.zɛd,ozɔd,ozɛd
o.zɔg,o.zɛg,ozɔg,ozɛg
o.zɔf,o.zɛf,ozɔf,ozɛf
o.zɔs,o.zɛs,ozɔs,ozɛs
o.zɔv,o.zɛv,ozɔv,ozɛv
o.zɔz,o.zɛz,ozɔz,ozɛz
o.zɔʃ,o.zɛʃ,ozɔʃ,ozɛʃ
o.zɔʒ,o.zɛʒ,ozɔʒ,ozɛʒ
o.zɔθ,o.zɛθ,ozɔθ,ozɛθ
o.zɔð,o.zɛð,ozɔð,ozɛð
o.ʃɔm,o.ʃɛm,oʃɔm,oʃɛm
o.ʃɔn,o.ʃɛn,oʃɔn,oʃɛn
o.ʃɔŋ,o.ʃɛŋ,oʃɔŋ,oʃɛŋ
o.ʃɔp,o.ʃɛp,oʃɔp,oʃɛp
o.ʃɔt,o.ʃɛt,oʃɔt,oʃɛt
o.ʃɔk,o.ʃɛk,oʃɔk,oʃɛk
o.ʃɔb,o.ʃɛb,oʃɔb,oʃɛb
o.ʃɔd,o.ʃɛd,oʃɔd,oʃɛd
o.ʃɔg,o.ʃɛg,oʃɔg,oʃɛg
o.ʃɔf,o.ʃɛf,oʃɔf,oʃɛf
o.ʃɔs,o.ʃɛs,oʃɔs,oʃɛs
o.ʃɔv,o.ʃɛv,oʃɔv,oʃɛv
o.ʃɔz,o.ʃɛz,oʃɔz,oʃɛz
o.ʃɔʃ,o.ʃɛʃ,oʃɔʃ,oʃɛʃ
o.ʃɔʒ,o.ʃɛʒ,oʃɔʒ,oʃɛʒ
o.ʃɔθ,o.ʃɛθ,oʃɔθ,oʃɛθ
o.ʃɔð,o.ʃɛð,oʃɔð,oʃɛð
o.ʒɔm,o.ʒɛm,oʒɔm,oʒɛm
o.ʒɔn,o.ʒɛn,oʒɔn,oʒɛn
o.ʒɔŋ,o.ʒɛŋ,oʒɔŋ,oʒɛŋ
o.ʒɔp,o.ʒɛp,oʒɔp,oʒɛp
o.ʒɔt,o.ʒɛt,oʒɔt,oʒɛt
o.ʒɔk,o.ʒɛk,oʒɔk,oʒɛk
o.ʒɔb,o.ʒɛb,oʒɔb,oʒɛb
o.ʒɔd,o.ʒɛd,oʒɔd,oʒɛd
o.ʒɔg,o.ʒɛg,oʒɔg,oʒɛg
o.ʒɔf,o.ʒɛf,oʒɔf,oʒɛf
o.ʒɔs,o.ʒɛs,oʒɔs,oʒɛs
o.ʒɔv,o.ʒɛv,oʒɔv,oʒɛv
o.ʒɔz,o.ʒɛz,oʒɔz,oʒɛz
o.ʒɔʃ,o.ʒɛʃ,oʒɔʃ,oʒɛʃ
o.ʒɔʒ,o.ʒɛʒ,oʒɔʒ,oʒɛʒ
o.ʒɔθ,o.ʒɛθ,oʒɔθ,oʒɛθ
o.ʒɔð,o.ʒɛð,oʒɔð,oʒɛð
o.θɔm,o.θɛm,oθɔm,oθɛm
o.θɔn,o.θɛn,oθɔn,oθɛn
o.θɔŋ,o.θɛŋ,oθɔŋ,oθɛŋ
o.θɔp,o.θɛp,oθɔp,oθɛp
o.θɔt,o.θɛt,oθɔt,oθɛt
o.θɔk,o.θɛk,oθɔk,oθɛk
o.θɔb,o.θɛb,oθɔb,oθɛb
o.θɔd,o.θɛd,oθɔd,oθɛd
o.θɔg,o.θɛg,oθɔg,oθɛg
o.θɔf,o.θɛf,oθɔf,oθɛf
o.θɔs,o.θɛs,oθɔs,oθɛs
o.θɔv,o.θɛv,oθɔv,oθɛv
o.θɔz,o.θɛz,oθɔz,oθɛz
o.θɔʃ,o.θɛʃ,oθɔʃ,oθɛʃ
o.θɔʒ,o.θɛʒ,oθɔʒ,oθɛʒ
o.θɔθ,o.θɛθ,oθɔθ,oθɛθ
o.θɔð,o.θɛð,oθɔð,oθɛð
o.ðɔm,o.ðɛm,oðɔm,oðɛm
o.ðɔn,o.ðɛn,oðɔn,oðɛn
o.ðɔŋ,o.ðɛŋ,oðɔŋ,oðɛŋ
o.ðɔp,o.ðɛp,oðɔp,oðɛp
o.ðɔt,o.ðɛt,oðɔt,oðɛt
o.ðɔk,o.ðɛk,oðɔk,oðɛk
o.ðɔb,o.ðɛb,oðɔb,oðɛb
o.ðɔd,o.ðɛd,oðɔd,oðɛd
o.ðɔg,o.ðɛg,oðɔg,oðɛg
o.ðɔf,o.ðɛf,oðɔf,oðɛf
o.ðɔs,o.ðɛs,oðɔs,oðɛs
o.ðɔv,o.ðɛv,oðɔv,oðɛv
o.ðɔz,o.ðɛz,oðɔz,oðɛz
o.ðɔʃ,o.ðɛʃ,oðɔʃ,oðɛʃ
o.ðɔʒ,o.ðɛʒ,oðɔʒ,oðɛʒ
o.ðɔθ,o.ðɛθ,oðɔθ,oðɛθ
o.ðɔð,o.ðɛð,oðɔð,oðɛð
o.hɔm,o.hɛm,ohɔm,ohɛm
o.hɔn,o.hɛn,ohɔn,ohɛn
o.hɔŋ,o.hɛŋ,ohɔŋ,ohɛŋ
o.hɔp,o.hɛp,ohɔp,ohɛp
o.hɔt,o.hɛt,ohɔt,ohɛt
o.hɔk,o.hɛk,ohɔk,ohɛk
o.hɔb,o.hɛb,ohɔb,ohɛb
o.hɔd,o.hɛd,ohɔd,ohɛd
o.hɔg,o.hɛg,ohɔg,ohɛg
o.hɔf,o.hɛf,ohɔf,ohɛf
o.hɔs,o.hɛs,ohɔs,ohɛs
o.hɔv,o.hɛv,ohɔv,ohɛv
o.hɔz,o.hɛz,ohɔz,ohɛz
o.hɔʃ,o.hɛʃ,ohɔʃ,ohɛʃ
o.hɔʒ,o.hɛʒ,ohɔʒ,ohɛʒ
o.hɔθ,o.hɛθ,ohɔθ,ohɛθ
o.hɔð,o.hɛð,ohɔð,ohɛð
mi.mi,mi.mu,mimi,mimu
mi.ni,mi.nu,mini,minu
mi.pi,mi.pu,mipi,mipu
mi.ti,mi.tu,miti,mitu
mi.ki,mi.ku,miki,miku
mi.bi,mi.bu,mibi,mibu
mi.di,mi.du,midi,midu
mi.gi,mi.gu,migi,migu
mi.fi,mi.fu,mifi,mifu
mi.si,mi.su,misi,misu
mi.vi,mi.vu,mivi,mivu
mi.zi,mi.zu,mizi,mizu
mi.ʃi,mi.ʃu,miʃi,miʃu
mi.ʒi,mi.ʒu,miʒi,miʒu
mi.θi,mi.θu,miθi,miθu
mi.ði,mi.ðu,miði,miðu
mi.hi,mi.hu,mihi,mihu
mi.me,mi.mo,mime,mimo
mi.ne,mi.no,mine,mino
mi.pe,mi.po,mipe,mipo
mi.te,mi.to,mite,mito
mi.ke,mi.ko,mike,miko
mi.be,mi.bo,mibe,mibo
mi.de,mi.do,mide,mido
mi.ge,mi.go,mige,migo
mi.fe,mi.fo,mife,mifo
mi.se,mi.so,mise,miso
mi.ve,mi.vo,mive,mivo
mi.ze,mi.zo,mize,mizo
mi.ʃe,mi.ʃo,miʃe,miʃo
mi.ʒe,mi.ʒo,miʒe,miʒo
mi.θe,mi.θo,miθe,miθo
mi.ðe,mi.ðo,miðe,miðo
mi.he,mi.ho,mihe,miho
mi.mu,mi.mi,mimu,mimi
mi.nu,mi.ni,minu,mini
mi.pu,mi.pi,mipu,mipi
mi.tu,mi.ti,mitu,miti
mi.ku,mi.ki,miku,miki
mi.bu,mi.bi,mibu,mibi
mi.du,mi.di,midu,midi
mi.gu,mi.gi,migu,migi
mi.fu,mi.fi,mifu,mifi
mi.su,mi.si,misu,misi
mi.vu,mi.vi,mivu,mivi
mi.zu,mi.zi,mizu,mizi
mi.ʃu,mi.ʃi,miʃu,miʃi
mi.ʒu,mi.ʒi,miʒu,miʒi
mi.θu,mi.θi,miθu,miθi
mi.ðu,mi.ði,miðu,miði
mi.hu,mi.hi,mihu,mihi
mi.mo,mi.me,mimo,mime
mi.no,mi.ne,mino,mine
mi.po,mi.pe,mipo,mipe
mi.to,mi.te,mito,mite
mi.ko,mi.ke,miko,mike
mi.bo,mi.be,mibo,mibe
mi.do,mi.de,mido,mide
mi.go,mi.ge,migo,mige
mi.fo,mi.fe,mifo,mife
mi.so,mi.se,miso,mise
mi.vo,mi.ve,mivo,mive
mi.zo,mi.ze,mizo,mize
mi.ʃo,mi.ʃe,miʃo,miʃe
mi.ʒo,mi.ʒe,miʒo,miʒe
mi.θo,mi.θe,miθo,miθe
mi.ðo,mi.ðe,miðo,miðe
mi.ho,mi.he,miho,mihe
ni.mi,ni.mu,nimi,nimu
ni.ni,ni.nu,nini,ninu
ni.pi,ni.pu,nipi,nipu
ni.ti,ni.tu,niti,nitu
ni.ki,ni.ku,niki,niku
ni.bi,ni.bu,nibi,nibu
ni.di,ni.du,nidi,nidu
ni.gi,ni.gu,nigi,nigu
ni.fi,ni.fu,nifi,nifu
ni.si,ni.su,nisi,nisu
ni.vi,ni.vu,nivi,nivu
ni.zi,ni.zu,nizi,nizu
ni.ʃi,ni.ʃu,niʃi,niʃu
ni.ʒi,ni.ʒu,niʒi,niʒu
ni.θi,ni.θu,niθi,niθu
ni.ði,ni.ðu,niði,niðu
ni.hi,ni.hu,nihi,nihu
ni.me,ni.mo,nime,nimo
ni.ne,ni.no,nine,nino
ni.pe,ni.po,nipe,nipo
ni.te,ni.to,nite,nito
ni.ke,ni.ko,nike,niko
ni.be,ni.bo,nibe,nibo
ni.de,ni.do,nide,nido
ni.ge,ni.go,nige,nigo
ni.fe,ni.fo,nife,nifo
ni.se,ni.so,nise,niso
ni.ve,ni.vo,nive,nivo
ni.ze,ni.zo,nize,nizo
ni.ʃe,ni.ʃo,niʃe,niʃo
ni.ʒe,ni.ʒo,niʒe,niʒo
ni.θe,ni.θo,niθe,niθo
ni.ðe,ni.ðo,niðe,niðo
ni.he,ni.ho,nihe,niho
ni.mu,ni.mi,nimu,nimi
ni.nu,ni.ni,ninu,nini
ni.pu,ni.pi,nipu,nipi
ni.tu,ni.ti,nitu,niti
ni.ku,ni.ki,niku,niki
ni.bu,ni.bi,nibu,nibi
ni.du,ni.di,nidu,nidi
ni.gu,ni.gi,nigu,nigi
ni.fu,ni.fi,nifu,nifi
ni.su,ni.si,nisu,nisi
ni.vu,ni.vi,nivu,nivi
ni.zu,ni.zi,nizu,nizi
ni.ʃu,ni.ʃi,niʃu,niʃi
ni.ʒu,ni.ʒi,niʒu,niʒi
ni.θu,ni.θi,niθu,niθi
ni.ðu,ni.ði,niðu,niði
ni.hu,ni.hi,nihu,nihi
ni.mo,ni.me,nimo,nime
ni.no,ni.ne,nino,nine
ni.po,ni.pe,nipo,nipe
ni.to,ni.te,nito,nite
ni.ko,ni.ke,niko,nike
ni.bo,ni.be,nibo,nibe
ni.do,ni.de,nido,nide
ni.go,ni.ge,nigo,nige
ni.fo,ni.fe,nifo,nife
ni.so,ni.se,niso,nise
ni.vo,ni.ve,nivo,nive
ni.zo,ni.ze,nizo,nize
ni.ʃo,ni.ʃe,niʃo,niʃe
ni.ʒo,ni.ʒe,niʒo,niʒe
ni.θo,ni.θe,niθo,niθe
ni.ðo,ni.ðe,niðo,niðe
ni.ho,ni.he,niho,nihe
pi.mi,pi.mu,pimi,pimu
pi.ni,pi.nu,pini,pinu
pi.pi,pi.pu,pipi,pipu
pi.ti,pi.tu,piti,pitu
pi.ki,pi.ku,piki,piku
pi.bi,pi.bu,pibi,pibu
pi.di,pi.du,pidi,pidu
pi.gi,pi.gu,pigi,pigu
pi.fi,pi.fu,pifi,pifu
pi.si,pi.su,pisi,pisu
pi.vi,pi.vu,pivi,pivu
pi.zi,pi.zu,pizi,pizu
pi.ʃi,pi.ʃu,piʃi,piʃu
pi.ʒi,pi.ʒu,piʒi,piʒu
pi.θi,pi.θu,piθi,piθu
pi.ði,pi.ðu,piði,piðu
pi.hi,pi.hu,pihi,pihu
pi.me,pi.mo,pime,pimo
pi.ne,pi.no,pine,pino
pi.pe,pi.po,pipe,pipo
pi.te,pi.to,pite,pito
pi.ke,pi.ko,pike,piko
pi.be,pi.bo,pibe,pibo
pi.de,pi.do,pide,pido
pi.ge,pi.go,pige,pigo
pi.fe,pi.fo,pife,pifo
pi.se,pi.so,pise,piso
pi.ve,pi.vo,pive,pivo
pi.ze,pi.zo,pize,pizo
pi.ʃe,pi.ʃo,piʃe,piʃo
pi.ʒe,pi.ʒo,piʒe,piʒo
pi.θe,pi.θo,piθe,piθo
pi.ðe,pi.ðo,piðe,piðo
pi.he,pi.ho,pihe,piho
pi.mu,pi.mi,pimu,pimi
pi.nu,pi.ni,pinu,pini
pi.pu,pi.pi,pipu,pipi
pi.tu,pi.ti,pitu,piti
pi.ku,pi.ki,piku,piki
pi.bu,pi.bi,pibu,pibi
pi.du,pi.di,pidu,pidi
pi.gu,pi.gi,pigu,pigi
pi.fu,pi.fi,pifu,pifi
pi.su,pi.si,pisu,pisi
pi.vu,pi.vi,pivu,pivi
pi.zu,pi.zi,pizu,pizi
pi.ʃu,pi.ʃi,piʃu,piʃi
pi.ʒu,pi.ʒi,piʒu,piʒi
pi.θu,pi.θi,piθu,piθi
pi.ðu,pi.ði,piðu,piði
pi.hu,pi.hi,pihu,pihi
pi.mo,pi.me,pimo,pime
pi.no,pi.ne,pino,pine
pi.po,pi.pe,pipo,pipe
pi.to,pi.te,pito,pite
pi.ko,pi.ke,piko,pike
pi.bo,pi.be,pibo,pibe
pi.do,pi.de,pido,pide
pi.go,pi.ge,pigo,pige
pi.fo,pi.fe,pifo,pife
pi.so,pi.se,piso,pise
pi.vo,pi.ve,pivo,pive
pi.zo,pi.ze,pizo,pize
pi.ʃo,pi.ʃe,piʃo,piʃe
pi.ʒo,pi.ʒe,piʒo,piʒe
pi.θo,pi.θe,piθo,piθe
pi.ðo,pi.ðe,piðo,piðe
pi.ho,pi.he,piho,pihe
ti.mi,ti.mu,timi,timu
ti.ni,ti.nu,tini,tinu
ti.pi,ti.pu,tipi,tipu
ti.ti,ti.tu,titi,titu
ti.ki,ti.ku,tiki,tiku
ti.bi,ti.bu,tibi,tibu
ti.di,ti.du,tidi,tidu
ti.gi,ti.gu,tigi,tigu
ti.fi,ti.fu,tifi,tifu
ti.si,ti.su,tisi,tisu
ti.vi,ti.vu,tivi,tivu
ti.zi,ti.zu,tizi,tizu
ti.ʃi,ti.ʃu,tiʃi,tiʃu
ti.ʒi,ti.ʒu,tiʒi,tiʒu
ti.θi,ti.θu,tiθi,tiθu
ti.ði,ti.ðu,tiði,tiðu
ti.hi,ti.hu,tihi,tihu
ti.me,ti.mo,time,timo
ti.ne,ti.no,tine,tino
ti.pe,ti.po,tipe,tipo
ti.te,ti.to,tite,tito
ti.ke,ti.ko,tike,tiko
ti.be,ti.bo,tibe,tibo
ti.de,ti.do,tide,tido
ti.ge,ti.go,tige,tigo
ti.fe,ti.fo,tife,tifo
ti.se,ti.so,tise,tiso
ti.ve,ti.vo,tive,tivo
ti.ze,ti.zo,tize,tizo
ti.ʃe,ti.ʃo,tiʃe,tiʃo
ti.ʒe,ti.ʒo,tiʒe,tiʒo
ti.θe,ti.θo,tiθe,tiθo
ti.ðe,ti.ðo,tiðe,tiðo
ti.he,ti.ho,tihe,tiho
ti.mu,ti.mi,timu,timi
ti.nu,ti.ni,tinu,tini
ti.pu,ti.pi,tipu,tipi
ti.tu,ti.ti,titu,titi
ti.ku,ti.ki,tiku,tiki
ti.bu,ti.bi,tibu,tibi
ti.du,ti.di,tidu,tidi
ti.gu,ti.gi,tigu,tigi
ti.fu,ti.fi,tifu,tifi
ti.su,ti.si,tisu,tisi
ti.vu,ti.vi,tivu,tivi
ti.zu,ti.zi,tizu,tizi
ti.ʃu,ti.ʃi,tiʃu,tiʃi
ti.ʒu,ti.ʒi,tiʒu,tiʒi
ti.θu,ti.θi,tiθu,tiθi
ti.ðu,ti.ði,tiðu,tiði
ti.hu,ti.hi,tihu,tihi
ti.mo,ti.me,timo,time
ti.no,ti.ne,tino,tine
ti.po,ti.pe,tipo,tipe
ti.to,ti.te,tito,tite
ti.ko,ti.ke,tiko,tike
ti.bo,ti.be,tibo,tibe
ti.do,ti.de,tido,tide
ti.go,ti.ge,tigo,tige
ti.fo,ti.fe,tifo,tife
ti.so,ti.se,tiso,tise
ti.vo,ti.ve,tivo,tive
ti.zo,ti.ze,tizo,tize
ti.ʃo,ti.ʃe,tiʃo,tiʃe
ti.ʒo,ti.ʒe,tiʒo,tiʒe
ti.θo,ti.θe,tiθo,tiθe
ti.ðo,ti.ðe,tiðo,tiðe
ti.ho,ti.he,tiho,tihe
ki.mi,ki.mu,kimi,kimu
ki.ni,ki.nu,kini,kinu
ki.pi,ki.pu,kipi,kipu
ki.ti,ki.tu,kiti,kitu
ki.ki,ki.ku,kiki,kiku
ki.bi,ki.bu,kibi,kibu
ki.di,ki.du,kidi,kidu
ki.gi,ki.gu,kigi,kigu
ki.fi,ki.fu,kifi,kifu
ki.si,ki.su,kisi,kisu
ki.vi,ki.vu,kivi,kivu
ki.zi,ki.zu,kizi,kizu
ki.ʃi,ki.ʃu,kiʃi,kiʃu
ki.ʒi,ki.ʒu,kiʒi,kiʒu
ki.θi,ki.θu,kiθi,kiθu
ki.ði,ki.ðu,kiði,kiðu
ki.hi,ki.hu,kihi,kihu
ki.me,ki.mo,kime,kimo
ki.ne,ki.no,kine,kino
ki.pe,ki.po,kipe,kipo
ki.te,ki.to,kite,kito
ki.ke,ki.ko,kike,kiko
ki.be,ki.bo,kibe,kibo
ki.de,ki.do,kide,kido
ki.ge,ki.go,kige,kigo
ki.fe,ki.fo,kife,kifo
ki.se,ki.so,kise,kiso
ki.ve,ki.vo,kive,kivo
ki.ze,ki.zo,kize,kizo
ki.ʃe,ki.ʃo,kiʃe,kiʃo
ki.ʒe,ki.ʒo,kiʒe,kiʒo
ki.θe,ki.θo,kiθe,kiθo
ki.ðe,ki.ðo,kiðe,kiðo
ki.he,ki.ho,kihe,kiho
ki.mu,ki.mi,kimu,kimi
ki.nu,ki.ni,kinu,kini
ki.pu,ki.pi,kipu,kipi
ki.tu,ki.ti,kitu,kiti
ki.ku,ki.ki,kiku,kiki
ki.bu,ki.bi,kibu,kibi
ki.du,ki.di,kidu,kidi
ki.gu,ki.gi,kigu,kigi
ki.fu,ki.fi,kifu,kifi
ki.su,ki.si,kisu,kisi
ki.vu,ki.vi,kivu,kivi
ki.zu,ki.zi,kizu,kizi
ki.ʃu,ki.ʃi,kiʃu,kiʃi
ki.ʒu,ki.ʒi,kiʒu,kiʒi
ki.θu,ki.θi,kiθu,kiθi
ki.ðu,ki.ði,kiðu,kiði
ki.hu,ki.hi,kihu,kihi
ki.mo,ki.me,kimo,kime
ki.no,ki.ne,kino,kine
ki.po,ki.pe,kipo,kipe
ki.to,ki.te,kito,kite
ki.ko,ki.ke,kiko,kike
ki.bo,ki.be,kibo,kibe
ki.do,ki.de,kido,kide
ki.go,ki.ge,kigo,kige
ki.fo,ki.fe,kifo,kife
ki.so,ki.se,kiso,kise
ki.vo,ki.ve,kivo,kive
ki.zo,ki.ze,kizo,kize
ki.ʃo,ki.ʃe,kiʃo,kiʃe
ki.ʒo,ki.ʒe,kiʒo,kiʒe
ki.θo,ki.θe,kiθo,kiθe
ki.ðo,ki.ðe,kiðo,kiðe
ki.ho,ki.he,kiho,kihe
bi.mi,bi.mu,bimi,bimu
bi.ni,bi.nu,bini,binu
bi.pi,bi.pu,bipi,bipu
bi.ti,bi.tu,biti,bitu
bi.ki,bi.ku,biki,biku
bi.bi,bi.bu,bibi,bibu
bi.di,bi.du,bidi,bidu
bi.gi,bi.gu,bigi,bigu
bi.fi,bi.fu,bifi,bifu
bi.si,bi.su,bisi,bisu
bi.vi,bi.vu,bivi,bivu
bi.zi,bi.zu,bizi,bizu
bi.ʃi,bi.ʃu,biʃi,biʃu
bi.ʒi,bi.ʒu,biʒi,biʒu
bi.θi,bi.θu,biθi,biθu
bi.ði,bi.ðu,biði,biðu
bi.hi,bi.hu,bihi,bihu
bi.me,bi.mo,bime,bimo
bi.ne,bi.no,bine,bino
bi.pe,bi.po,bipe,bipo
bi.te,bi.to,bite,bito
bi.ke,bi.ko,bike,biko
bi.be,bi.bo,bibe,bibo
bi.de,bi.do,bide,bido
bi.ge,bi.go,bige,bigo
bi.fe,bi.fo,bife,bifo
bi.se,bi.so,bise,biso
bi.ve,bi.vo,bive,bivo
bi.ze,bi.zo,bize,bizo
bi.ʃe,bi.ʃo,biʃe,biʃo
bi.ʒe,bi.ʒo,biʒe,biʒo
bi.θe,bi.θo,biθe,biθo
bi.ðe,bi.ðo,biðe,biðo
bi.he,bi.ho,bihe,biho
bi.mu,bi.mi,bimu,bimi
bi.nu,bi.ni,binu,bini
bi.pu,bi.pi,bipu,bipi
bi.tu,bi.ti,bitu,biti
bi.ku,bi.ki,biku,biki
bi.bu,bi.bi,bibu,bibi
bi.du,bi.di,bidu,bidi
bi.gu,bi.gi,bigu,bigi
bi.fu,bi.fi,bifu,bifi
bi.su,bi.si,bisu,bisi
bi.vu,bi.vi,bivu,bivi
bi.zu,bi.zi,bizu,bizi
bi.ʃu,bi.ʃi,biʃu,biʃi
bi.ʒu,bi.ʒi,biʒu,biʒi
bi.θu,bi.θi,biθu,biθi
bi.ðu,bi.ði,biðu,biði
bi.hu,bi.hi,bihu,bihi
bi.mo,bi.me,bimo,bime
bi.no,bi.ne,bino,bine
bi.po,bi.pe,bipo,bipe
bi.to,bi.te,bito,bite
bi.ko,bi.ke,biko,bike
bi.bo,bi.be,bibo,bibe
bi.do,bi.de,bido,bide
bi.go,bi.ge,bigo,bige
bi.fo,bi.fe,bifo,bife
bi.so,bi.se,biso,bise
bi.vo,bi.ve,bivo,bive
bi.zo,bi.ze,bizo,bize
bi.ʃo,bi.ʃe,biʃo,biʃe
bi.ʒo,bi.ʒe,biʒo,biʒe
bi.θo,bi.θe,biθo,biθe
bi.ðo,bi.ðe,biðo,biðe
bi.ho,bi.he,biho,bihe
di.mi,di.mu,dimi,dimu
di.ni,di.nu,dini,dinu
di.pi,di.pu,dipi,dipu
di.ti,di.tu,diti,ditu
di.ki,di.ku,diki,diku
di.bi,di.bu,dibi,dibu
di.di,di.du,didi,didu
di.gi,di.gu,digi,digu
di.fi,di.fu,difi,difu
di.si,di.su,disi,disu
di.vi,di.vu,divi,divu
di.zi,di.zu,dizi,dizu
di.ʃi,di.ʃu,diʃi,diʃu
di.ʒi,di.ʒu,diʒi,diʒu
di.θi,di.θu,diθi,diθu
di.ði,di.ðu,diði,diðu
di.hi,di.hu,dihi,dihu
di.me,di.mo,dime,dimo
di.ne,di.no,dine,dino
di.pe,di.po,dipe,dipo
di.te,di.to,dite,dito
di.ke,di.ko,dike,diko
di.be,di.bo,dibe,dibo
di.de,di.do,dide,dido
di.ge,di.go,dige,digo
di.fe,di.fo,dife,difo
di.se,di.so,dise,diso
di.ve,di.vo,dive,divo
di.ze,di.zo,dize,dizo
di.ʃe,di.ʃo,diʃe,diʃo
di.ʒe,di.ʒo,diʒe,diʒo
di.θe,di.θo,diθe,diθo
di.ðe,di.ðo,diðe,diðo
di.he,di.ho,dihe,diho
di.mu,di.mi,dimu,dimi
di.nu,di.ni,dinu,dini
di.pu,di.pi,dipu,dipi
di.tu,di.ti,ditu,diti
di.ku,di.ki,diku,diki
di.bu,di.bi,dibu,dibi
di.du,di.di,didu,didi
di.gu,di.gi,digu,digi
di.fu,di.fi,difu,difi
di.su,di.si,disu,disi
di.vu,di.vi,divu,divi
di.zu,di.zi,dizu,dizi
di.ʃu,di.ʃi,diʃu,diʃi
di.ʒu,di.ʒi,diʒu,diʒi
di.θu,di.θi,diθu,diθi
di.ðu,di.ði,diðu,diði
di.hu,di.hi,dihu,dihi
di.mo,di.me,dimo,dime
di.no,di.ne,dino,dine
di.po,di.pe,dipo,dipe
di.to,di.te,dito,dite
di.ko,di.ke,diko,dike
di.bo,di.be,dibo,dibe
di.do,di.de,dido,dide
di.go,di.ge,digo,dige
di.fo,di.fe,difo,dife
di.so,di.se,diso,dise
di.vo,di.ve,divo,dive
di.zo,di.ze,dizo,dize
di.ʃo,di.ʃe,diʃo,diʃe
di.ʒo,di.ʒe,diʒo,diʒe
di.θo,di.θe,diθo,diθe
di.ðo,di.ðe,diðo,diðe
di.ho,di.he,diho,dihe
gi.mi,gi.mu,gimi,gimu
gi.ni,gi.nu,gini,ginu
gi.pi,gi.pu,gipi,gipu
gi.ti,gi.tu,giti,gitu
gi.ki,gi.ku,giki,giku
gi.bi,gi.bu,gibi,gibu
gi.di,gi.du,gidi,gidu
gi.gi,gi.gu,gigi,gigu
gi.fi,gi.fu,gifi,gifu
gi.si,gi.su,gisi,gisu
gi.vi,gi.vu,givi,givu
gi.zi,gi.zu,gizi,gizu
gi.ʃi,gi.ʃu,giʃi,giʃu
gi.ʒi,gi.ʒu,giʒi,giʒu
gi.θi,gi.θu,giθi,giθu
gi.ði,gi.ðu,giði,giðu
gi.hi,gi.hu,gihi,gihu
gi.me,gi.mo,gime,gimo
gi.ne,gi.no,gine,gino
gi.pe,gi.po,gipe,gipo
gi.te,gi.to,gite,gito
gi.ke,gi.ko,gike,giko
gi.be,gi.bo,gibe,gibo
gi.de,gi.do,gide,gido
gi.ge,gi.go,gige,gigo
gi.fe,gi.fo,gife,gifo
gi.se,gi.so,gise,giso
gi.ve,gi.vo,give,givo
gi.ze,gi.zo,gize,gizo
gi.ʃe,gi.ʃo,giʃe,giʃo
gi.ʒe,gi.ʒo,giʒe,giʒo
gi.θe,gi.θo,giθe,giθo
gi.ðe,gi.ðo,giðe,giðo
gi.he,gi.ho,gihe,giho
gi.mu,gi.mi,gimu,gimi
gi.nu,gi.ni,ginu,gini
gi.pu,gi.pi,gipu,gipi
gi.tu,gi.ti,gitu,giti
gi.ku,gi.ki,giku,giki
gi.bu,gi.bi,gibu,gibi
gi.du,gi.di,gidu,gidi
gi.gu,gi.gi,gigu,gigi
gi.fu,gi.fi,gifu,gifi
gi.su,gi.si,gisu,gisi
gi.vu,gi.vi,givu,givi
gi.zu,gi.zi,gizu,gizi
gi.ʃu,gi.ʃi,giʃu,giʃi
gi.ʒu,gi.ʒi,giʒu,giʒi
gi.θu,gi.θi,giθu,giθi
gi.ðu,gi.ði,giðu,giði
gi.hu,gi.hi,gihu,gihi
gi.mo,gi.me,gimo,gime
gi.no,gi.ne,gino,gine
gi.po,gi.pe,gipo,gipe
gi.to,gi.te,gito,gite
gi.ko,gi.ke,giko,gike
gi.bo,gi.be,gibo,gibe
gi.do,gi.de,gido,gide
gi.go,gi.ge,gigo,gige
gi.fo,gi.fe,gifo,gife
gi.so,gi.se,giso,gise
gi.vo,gi.ve,givo,give
gi.zo,gi.ze,gizo,gize
gi.ʃo,gi.ʃe,giʃo,giʃe
gi.ʒo,gi.ʒe,giʒo,giʒe
gi.θo,gi.θe,giθo,giθe
gi.ðo,gi.ðe,giðo,giðe
gi.ho,gi.he,giho,gihe
fi.mi,fi.mu,fimi,fimu
fi.ni,fi.nu,fini,finu
fi.pi,fi.pu,fipi,fipu
fi.ti,fi.tu,fiti,fitu
fi.ki,fi.ku,fiki,fiku
fi.bi,fi.bu,fibi,fibu
fi.di,fi.du,fidi,fidu
fi.gi,fi.gu,figi,figu
fi.fi,fi.fu,fifi,fifu
fi.si,fi.su,fisi,fisu
fi.vi,fi.vu,fivi,fivu
fi.zi,fi.zu,fizi,fizu
fi.ʃi,fi.ʃu,fiʃi,fiʃu
fi.ʒi,fi.ʒu,fiʒi,fiʒu
fi.θi,fi.θu,fiθi,fiθu
fi.ði,fi.ðu,fiði,fiðu
fi.hi,fi.hu,fihi,fihu
fi.me,fi.mo,fime,fimo
fi.ne,fi.no,fine,fino
fi.pe,fi.po,fipe,fipo
fi.te,fi.to,fite,fito
fi.ke,fi.ko,fike,fiko
fi.be,fi.bo,fibe,fibo
fi.de,fi.do,fide,fido
fi.ge,fi.go,fige,figo
fi.fe,fi.fo,fife,fifo
fi.se,fi.so,fise,fiso
fi.ve,fi.vo,five,fivo
fi.ze,fi.zo,fize,fizo
fi.ʃe,fi.ʃo,fiʃe,fiʃo
fi.ʒe,fi.ʒo,fiʒe,fiʒo
fi.θe,fi.θo,fiθe,fiθo
fi.ðe,fi.ðo,fiðe,fiðo
fi.he,fi.ho,fihe,fiho
fi.mu,fi.mi,fimu,fimi
fi.nu,fi.ni,finu,fini
fi.pu,fi.pi,fipu,fipi
fi.tu,fi.ti,fitu,fiti
fi.ku,fi.ki,fiku,fiki
fi.bu,fi.bi,fibu,fibi
fi.du,fi.di,fidu,fidi
fi.gu,fi.gi,figu,figi
fi.fu,fi.fi,fifu,fifi
fi.su,fi.si,fisu,fisi
fi.vu,fi.vi,fivu,fivi
fi.zu,fi.zi,fizu,fizi
fi.ʃu,fi.ʃi,fiʃu,fiʃi
fi.ʒu,fi.ʒi,fiʒu,fiʒi
fi.θu,fi.θi,fiθu,fiθi
fi.ðu,fi.ði,fiðu,fiði
fi.hu,fi.hi,fihu,fihi
fi.mo,fi.me,fimo,fime
fi.no,fi.ne,fino,fine
fi.po,fi.pe,fipo,fipe
fi.to,fi.te,fito,fite
fi.ko,fi.ke,fiko,fike
fi.bo,fi.be,fibo,fibe
fi.do,fi.de,fido,fide
fi.go,fi.ge,figo,fige
fi.fo,fi.fe,fifo,fife
fi.so,fi.se,fiso,fise
fi.vo,fi.ve,fivo,five
fi.zo,fi.ze,fizo,fize
fi.ʃo,fi.ʃe,fiʃo,fiʃe
fi.ʒo,fi.ʒe,fiʒo,fiʒe
fi.θo,fi.θe,fiθo,fiθe
fi.ðo,fi.ðe,fiðo,fiðe
fi.ho,fi.he,fiho,fihe
si.mi,si.mu,simi,simu
si.ni,si.nu,sini,sinu
si.pi,si.pu,sipi,sipu
si.ti,si.tu,siti,situ
si.ki,si.ku,siki,siku
si.bi,si.bu,sibi,sibu
si.di,si.du,sidi,sidu
si.gi,si.gu,sigi,sigu
si.fi,si.fu,sifi,sifu
si.si,si.su,sisi,sisu
si.vi,si.vu,sivi,sivu
si.zi,si.zu,sizi,sizu
si.ʃi,si.ʃu,siʃi,siʃu
si.ʒi,si.ʒu,siʒi,siʒu
si.θi,si.θu,siθi,siθu
si.ði,si.ðu,siði,siðu
si.hi,si.hu,sihi,sihu
si.me,si.mo,sime,simo
si.ne,si.no,sine,sino
si.pe,si.po,sipe,sipo
si.te,si.to,site,sito
si.ke,si.ko,sike,siko
si.be,si.bo,sibe,sibo
si.de,si.do,side,sido
si.ge,si.go,sige,sigo
si.fe,si.fo,sife,sifo
si.se,si.so,sise,siso
si.ve,si.vo,sive,sivo
si.ze,si.zo,size,sizo
si.ʃe,si.ʃo,siʃe,siʃo
si.ʒe,si.ʒo,siʒe,siʒo
si.θe,si.θo,siθe,siθo
si.ðe,si.ðo,siðe,siðo
si.he,si.ho,sihe,siho
si.mu,si.mi,simu,simi
si.nu,si.ni,sinu,sini
si.pu,si.pi,sipu,sipi
si.tu,si.ti,situ,siti
si.ku,si.ki,siku,siki
si.bu,si.bi,sibu,sibi
si.du,si.di,sidu,sidi
si.gu,si.gi,sigu,sigi
si.fu,si.fi,sifu,sifi
si.su,si.si,sisu,sisi
si.vu,si.vi,sivu,sivi
si.zu,si.zi,sizu,sizi
si.ʃu,si.ʃi,siʃu,siʃi
si.ʒu,si.ʒi,siʒu,siʒi
si.θu,si.θi,siθu,siθi
si.ðu,si.ði,siðu,siði
si.hu,si.hi,sihu,sihi
si.mo,si.me,simo,sime
si.no,si.ne,sino,sine
si.po,si.pe,sipo,sipe
si.to,si.te,sito,site
si.ko,si.ke,siko,sike
si.bo,si.be,sibo,sibe
si.do,si.de,sido,side
si.go,si.ge,sigo,sige
si.fo,si.fe,sifo,sife
si.so,si.se,siso,sise
si.vo,si.ve,sivo,sive
si.zo,si.ze,sizo,size
si.ʃo,si.ʃe,siʃo,siʃe
si.ʒo,si.ʒe,siʒo,siʒe
si.θo,si.θe,siθo,siθe
si.ðo,si.ðe,siðo,siðe
si.ho,si.he,siho,sihe
vi.mi,vi.mu,vimi,vimu
vi.ni,vi.nu,vini,vinu
vi.pi,vi.pu,vipi,vipu
vi.ti,vi.tu,viti,vitu
vi.ki,vi.ku,viki,viku
vi.bi,vi.bu,vibi,vibu
vi.di,vi.du,vidi,vidu
vi.gi,vi.gu,vigi,vigu
vi.fi,vi.fu,vifi,vifu
vi.si,vi.su,visi,visu
vi.vi,vi.vu,vivi,vivu
vi.zi,vi.zu,vizi,vizu
vi.ʃi,vi.ʃu,viʃi,viʃu
vi.ʒi,vi.ʒu,viʒi,viʒu
vi.θi,vi.θu,viθi,viθu
vi.ði,vi.ðu,viði,viðu
vi.hi,vi.hu,vihi,vihu
vi.me,vi.mo,vime,vimo
vi.ne,vi.no,vine,vino
vi.pe,vi.po,vipe,vipo
vi.te,vi.to,vite,vito
vi.ke,vi.ko,vike,viko
vi.be,vi.bo,vibe,vibo
vi.de,vi.do,vide,vido
vi.ge,vi.go,vige,vigo
vi.fe,vi.fo,vife,vifo
vi.se,vi.so,vise,viso
vi.ve,vi.vo,vive,vivo
vi.ze,vi.zo,vize,vizo
vi.ʃe,vi.ʃo,viʃe,viʃo
vi.ʒe,vi.ʒo,viʒe,viʒo
vi.θe,vi.θo,viθe,viθo
vi.ðe,vi.ðo,viðe,viðo
vi.he,vi.ho,vihe,viho
vi.mu,vi.mi,vimu,vimi
vi.nu,vi.ni,vinu,vini
vi.pu,vi.pi,vipu,vipi
vi.tu,vi.ti,vitu,viti
vi.ku,vi.ki,viku,viki
vi.bu,vi.bi,vibu,vibi
vi.du,vi.di,vidu,vidi
vi.gu,vi.gi,vigu,vigi
vi.fu,vi.fi,vifu,vifi
vi.su,vi.si,visu,visi
vi.vu,vi.vi,vivu,vivi
vi.zu,vi.zi,vizu,vizi
vi.ʃu,vi.ʃi,viʃu,viʃi
vi.ʒu,vi.ʒi,viʒu,viʒi
vi.θu,vi.θi,viθu,viθi
vi.ðu,vi.ði,viðu,viði
vi.hu,vi.hi,vihu,vihi
vi.mo,vi.me,vimo,vime
vi.no,vi.ne,vino,vine
vi.po,vi.pe,vipo,vipe
vi.to,vi.te,vito,vite
vi.ko,vi.ke,viko,vike
vi.bo,vi.be,vibo,vibe
vi.do,vi.de,vido,vide
vi.go,vi.ge,vigo,vige
vi.fo,vi.fe,vifo,vife
vi.so,vi.se,viso,vise
vi.vo,vi.ve,vivo,vive
vi.zo,vi.ze,vizo,vize
vi.ʃo,vi.ʃe,viʃo,viʃe
vi.ʒo,vi.ʒe,viʒo,viʒe
vi.θo,vi.θe,viθo,viθe
vi.ðo,vi.ðe,viðo,viðe
vi.ho,vi.he,viho,vihe
zi.mi,zi.mu,zimi,zimu
zi.ni,zi.nu,zini,zinu
zi.pi,zi.pu,zipi,zipu
zi.ti,zi.tu,ziti,zitu
zi.ki,zi.ku,ziki,ziku
zi.bi,zi.bu,zibi,zibu
zi.di,zi.du,zidi,zidu
zi.gi,zi.gu,zigi,zigu
zi.fi,zi.fu,zifi,zifu
zi.si,zi.su,zisi,zisu
zi.vi,zi.vu,zivi,zivu
zi.zi,zi.zu,zizi,zizu
zi.ʃi,zi.ʃu,ziʃi,ziʃu
zi.ʒi,zi.ʒu,ziʒi,ziʒu
zi.θi,zi.θu,ziθi,ziθu
zi.ði,zi.ðu,ziði,ziðu
zi.hi,zi.hu,zihi,zihu
zi.me,zi.mo,zime,zimo
zi.ne,zi.no,zine,zino
zi.pe,zi.po,zipe,zipo
zi.te,zi.to,zite,zito
zi.ke,zi.ko,zike,ziko
zi.be,zi.bo,zibe,zibo
zi.de,zi.do,zide,zido
zi.ge,zi.go,zige,zigo
zi.fe,zi.fo,zife,zifo
zi.se,zi.so,zise,ziso
zi.ve,zi.vo,zive,zivo
zi.ze,zi.zo,zize,zizo
zi.ʃe,zi.ʃo,ziʃe,ziʃo
zi.ʒe,zi.ʒo,ziʒe,ziʒo
zi.θe,zi.θo,ziθe,ziθo
zi.ðe,zi.ðo,ziðe,ziðo
zi.he,zi.ho,zihe,ziho
zi.mu,zi.mi,zimu,zimi
zi.nu,zi.ni,zinu,zini
zi.pu,zi.pi,zipu,zipi
zi.tu,zi.ti,zitu,ziti
zi.ku,zi.ki,ziku,ziki
zi.bu,zi.bi,zibu,zibi
zi.du,zi.di,zidu,zidi
zi.gu,zi.gi,zigu,zigi
zi.fu,zi.fi,zifu,zifi
zi.su,zi.si,zisu,zisi
zi.vu,zi.vi,zivu,zivi
zi.zu,zi.zi,zizu,zizi
zi.ʃu,zi.ʃi,ziʃu,ziʃi
zi.ʒu,zi.ʒi,ziʒu,ziʒi
zi.θu,zi.θi,ziθu,ziθi
zi.ðu,zi.ði,ziðu,ziði
zi.hu,zi.hi,zihu,zihi
zi.mo,zi.me,zimo,zime
zi.no,zi.ne,zino,zine
zi.po,zi.pe,zipo,zipe
zi.to,zi.te,zito,zite
zi.ko,zi.ke,ziko,zike
zi.bo,zi.be,zibo,zibe
zi.do,zi.de,zido,zide
zi.go,zi.ge,zigo,zige
zi.fo,zi.fe,zifo,zife
zi.so,zi.se,ziso,zise
zi.vo,zi.ve,zivo,zive
zi.zo,zi.ze,zizo,zize
zi.ʃo,zi.ʃe,ziʃo,ziʃe
zi.ʒo,zi.ʒe,ziʒo,ziʒe
zi.θo,zi.θe,ziθo,ziθe
zi.ðo,zi.ðe,ziðo,ziðe
zi.ho,zi.he,ziho,zihe
ʃi.mi,ʃi.mu,ʃimi,ʃimu
ʃi.ni,ʃi.nu,ʃini,ʃinu
ʃi.pi,ʃi.pu,ʃipi,ʃipu
ʃi.ti,ʃi.tu,ʃiti,ʃitu
ʃi.ki,ʃi.ku,ʃiki,ʃiku
ʃi.bi,ʃi.bu,ʃibi,ʃibu
ʃi.di,ʃi.du,ʃidi,ʃidu
ʃi.gi,ʃi.gu,ʃigi,ʃigu
ʃi.fi,ʃi.fu,ʃifi,ʃifu
ʃi.si,ʃi.su,ʃisi,ʃisu
ʃi.vi,ʃi.vu,ʃivi,ʃivu
ʃi.zi,ʃi.zu,ʃizi,ʃizu
ʃi.ʃi,ʃi.ʃu,ʃiʃi,ʃiʃu
ʃi.ʒi,ʃi.ʒu,ʃiʒi,ʃiʒu
ʃi.θi,ʃi.θu,ʃiθi,ʃiθu
ʃi.ði,ʃi.ðu,ʃiði,ʃiðu
ʃi.hi,ʃi.hu,ʃihi,ʃihu
ʃi.me,ʃi.mo,ʃime,ʃimo
ʃi.ne,ʃi.no,ʃine,ʃino
ʃi.pe,ʃi.po,ʃipe,ʃipo
ʃi.te,ʃi.to,ʃite,ʃito
ʃi.ke,ʃi.ko,ʃike,ʃiko
ʃi.be,ʃi.bo,ʃibe,ʃibo
ʃi.de,ʃi.do,ʃide,ʃido
ʃi.ge,ʃi.go,ʃige,ʃigo
ʃi.fe,ʃi.fo,ʃife,ʃifo
ʃi.se,ʃi.so,ʃise,ʃiso
ʃi.ve,ʃi.vo,ʃive,ʃivo
ʃi.ze,ʃi.zo,ʃize,ʃizo
ʃi.ʃe,ʃi.ʃo,ʃiʃe,ʃiʃo
ʃi.ʒe,ʃi.ʒo,ʃiʒe,ʃiʒo
ʃi.θe,ʃi.θo,ʃiθe,ʃiθo
ʃi.ðe,ʃi.ðo,ʃiðe,ʃiðo
ʃi.he,ʃi.ho,ʃihe,ʃiho
ʃi.mu,ʃi.mi,ʃimu,ʃimi
ʃi.nu,ʃi.ni,ʃinu,ʃini
ʃi.pu,ʃi.pi,ʃipu,ʃipi
ʃi.tu,ʃi.ti,ʃitu,ʃiti
ʃi.ku,ʃi.ki,ʃiku,ʃiki
ʃi.bu,ʃi.bi,ʃibu,ʃibi
ʃi.du,ʃi.di,ʃidu,ʃidi
ʃi.gu,ʃi.gi,ʃigu,ʃigi
ʃi.fu,ʃi.fi,ʃifu,ʃifi
ʃi.su,ʃi.si,ʃisu,ʃisi
ʃi.vu,ʃi.vi,ʃivu,ʃivi
ʃi.zu,ʃi.zi,ʃizu,ʃizi
ʃi.ʃu,ʃi.ʃi,ʃiʃu,ʃiʃi
ʃi.ʒu,ʃi.ʒi,ʃiʒu,ʃiʒi
ʃi.θu,ʃi.θi,ʃiθu,ʃiθi
ʃi.ðu,ʃi.ði,ʃiðu,ʃiði
ʃi.hu,ʃi.hi,ʃihu,ʃihi
ʃi.mo,ʃi.me,ʃimo,ʃime
ʃi.no,ʃi.ne,ʃino,ʃine
ʃi.po,ʃi.pe,ʃipo,ʃipe
ʃi.to,ʃi.te,ʃito,ʃite
ʃi.ko,ʃi.ke,ʃiko,ʃike
ʃi.bo,ʃi.be,ʃibo,ʃibe
ʃi.do,ʃi.de,ʃido,ʃide
ʃi.go,ʃi.ge,ʃigo,ʃige
ʃi.fo,ʃi.fe,ʃifo,ʃife
ʃi.so,ʃi.se,ʃiso,ʃise
ʃi.vo,ʃi.ve,ʃivo,ʃive
ʃi.zo,ʃi.ze,ʃizo,ʃize
ʃi.ʃo,ʃi.ʃe,ʃiʃo,ʃiʃe
ʃi.ʒo,ʃi.ʒe,ʃiʒo,ʃiʒe
ʃi.θo,ʃi.θe,ʃiθo,ʃiθe
ʃi.ðo,ʃi.ðe,ʃiðo,ʃiðe
ʃi.ho,ʃi.he,ʃiho,ʃihe
ʒi.mi,ʒi.mu,ʒimi,ʒimu
ʒi.ni,ʒi.nu,ʒini,ʒinu
ʒi.pi,ʒi.pu,ʒipi,ʒipu
ʒi.ti,ʒi.tu,ʒiti,ʒitu
ʒi.ki,ʒi.ku,ʒiki,ʒiku
ʒi.bi,ʒi.bu,ʒibi,ʒibu
ʒi.di,ʒi.du,ʒidi,ʒidu
ʒi.gi,ʒi.gu,ʒigi,ʒigu
ʒi.fi,ʒi.fu,ʒifi,ʒifu
ʒi.si,ʒi.su,ʒisi,ʒisu
ʒi.vi,ʒi.vu,ʒivi,ʒivu
ʒi.zi,ʒi.zu,ʒizi,ʒizu
ʒi.ʃi,ʒi.ʃu,ʒiʃi,ʒiʃu
ʒi.ʒi,ʒi.ʒu,ʒiʒi,ʒiʒu
ʒi.θi,ʒi.θu,ʒiθi,ʒiθu
ʒi.ði,ʒi.ðu,ʒiði,ʒiðu
ʒi.hi,ʒi.hu,ʒihi,ʒihu
ʒi.me,ʒi.mo,ʒime,ʒimo
ʒi.ne,ʒi.no,ʒine,ʒino
ʒi.pe,ʒi.po,ʒipe,ʒipo
ʒi.te,ʒi.to,ʒite,ʒito
ʒi.ke,ʒi.ko,ʒike,ʒiko
ʒi.be,ʒi.bo,ʒibe,ʒibo
ʒi.de,ʒi.do,ʒide,ʒido
ʒi.ge,ʒi.go,ʒige,ʒigo
ʒi.fe,ʒi.fo,ʒife,ʒifo
ʒi.se,ʒi.so,ʒise,ʒiso
ʒi.ve,ʒi.vo,ʒive,ʒivo
ʒi.ze,ʒi.zo,ʒize,ʒizo
ʒi.ʃe,ʒi.ʃo,ʒiʃe,ʒiʃo
ʒi.ʒe,ʒi.ʒo,ʒiʒe,ʒiʒo
ʒi.θe,ʒi.θo,ʒiθe,ʒiθo
ʒi.ðe,ʒi.ðo,ʒiðe,ʒiðo
ʒi.he,ʒi.ho,ʒihe,ʒiho
ʒi.mu,ʒi.mi,ʒimu,ʒimi
ʒi.nu,ʒi.ni,ʒinu,ʒini
ʒi.pu,ʒi.pi,ʒipu,ʒipi
ʒi.tu,ʒi.ti,ʒitu,ʒiti
ʒi.ku,ʒi.ki,ʒiku,ʒiki
ʒi.bu,ʒi.bi,ʒibu,ʒibi
ʒi.du,ʒi.di,ʒidu,ʒidi
ʒi.gu,ʒi.gi,ʒigu,ʒigi
ʒi.fu,ʒi.fi,ʒifu,ʒifi
ʒi.su,ʒi.si,ʒisu,ʒisi
ʒi.vu,ʒi.vi,ʒivu,ʒivi
ʒi.zu,ʒi.zi,ʒizu,ʒizi
ʒi.ʃu,ʒi.ʃi,ʒiʃu,ʒiʃi
ʒi.ʒu,ʒi.ʒi,ʒiʒu,ʒiʒi
ʒi.θu,ʒi.θi,ʒiθu,ʒiθi
ʒi.ðu,ʒi.ði,ʒiðu,ʒiði
ʒi.hu,ʒi.hi,ʒihu,ʒihi
ʒi.mo,ʒi.me,ʒimo,ʒime
ʒi.no,ʒi.ne,ʒino,ʒine
ʒi.po,ʒi.pe,ʒipo,ʒipe
ʒi.to,ʒi.te,ʒito,ʒite
ʒi.ko,ʒi.ke,ʒiko,ʒike
ʒi.bo,ʒi.be,ʒibo,ʒibe
ʒi.do,ʒi.de,ʒido,ʒide
ʒi.go,ʒi.ge,ʒigo,ʒige
ʒi.fo,ʒi.fe,ʒifo,ʒife
ʒi.so,ʒi.se,ʒiso,ʒise
ʒi.vo,ʒi.ve,ʒivo,ʒive
ʒi.zo,ʒi.ze,ʒizo,ʒize
ʒi.ʃo,ʒi.ʃe,ʒiʃo,ʒiʃe
ʒi.ʒo,ʒi.ʒe,ʒiʒo,ʒiʒe
ʒi.θo,ʒi.θe,ʒiθo,ʒiθe
ʒi.ðo,ʒi.ðe,ʒiðo,ʒiðe
ʒi.ho,ʒi.he,ʒiho,ʒihe
θi.mi,θi.mu,θimi,θimu
θi.ni,θi.nu,θini,θinu
θi.pi,θi.pu,θipi,θipu
θi.ti,θi.tu,θiti,θitu
θi.ki,θi.ku,θiki,θiku
θi.bi,θi.bu,θibi,θibu
θi.di,θi.du,θidi,θidu
θi.gi,θi.gu,θigi,θigu
θi.fi,θi.fu,θifi,θifu
θi.si,θi.su,θisi,θisu
θi.vi,θi.vu,θivi,θivu
θi.zi,θi.zu,θizi,θizu
θi.ʃi,θi.ʃu,θiʃi,θiʃu
θi.ʒi,θi.ʒu,θiʒi,θiʒu
θi.θi,θi.θu,θiθi,θiθu
θi.ði,θi.ðu,θiði,θiðu
θi.hi,θi.hu,θihi,θihu
θi.me,θi.mo,θime,θimo
θi.ne,θi.no,θine,θino
θi.pe,θi.po,θipe,θipo
θi.te,θi.to,θite,θito
θi.ke,θi.ko,θike,θiko
θi.be,θi.bo,θibe,θibo
θi.de,θi.do,θide,θido
θi.ge,θi.go,θige,θigo
θi.fe,θi.fo,θife,θifo
θi.se,θi.so,θise,θiso
θi.ve,θi.vo,θive,θivo
θi.ze,θi.zo,θize,θizo
θi.ʃe,θi.ʃo,θiʃe,θiʃo
θi.ʒe,θi.ʒo,θiʒe,θiʒo
θi.θe,θi.θo,θiθe,θiθo
θi.ðe,θi.ðo,θiðe,θiðo
θi.he,θi.ho,θihe,θiho
θi.mu,θi.mi,θimu,θimi
θi.nu,θi.ni,θinu,θini
θi.pu,θi.pi,θipu,θipi
θi.tu,θi.ti,θitu,θiti
θi.ku,θi.ki,θiku,θiki
θi.bu,θi.bi,θibu,θibi
θi.du,θi.di,θidu,θidi
θi.gu,θi.gi,θigu,θigi
θi.fu,θi.fi,θifu,θifi
θi.su,θi.si,θisu,θisi
θi.vu,θi.vi,θivu,θivi
θi.zu,θi.zi,θizu,θizi
θi.ʃu,θi.ʃi,θiʃu,θiʃi
θi.ʒu,θi.ʒi,θiʒu,θiʒi
θi.θu,θi.θi,θiθu,θiθi
θi.ðu,θi.ði,θiðu,θiði
θi.hu,θi.hi,θihu,θihi
θi.mo,θi.me,θimo,θime
θi.no,θi.ne,θino,θine
θi.po,θi.pe,θipo,θipe
θi.to,θi.te,θito,θite
θi.ko,θi.ke,θiko,θike
θi.bo,θi.be,θibo,θibe
θi.do,θi.de,θido,θide
θi.go,θi.ge,θigo,θige
θi.fo,θi.fe,θifo,θife
θi.so,θi.se,θiso,θise
θi.vo,θi.ve,θivo,θive
θi.zo,θi.ze,θizo,θize
θi.ʃo,θi.ʃe,θiʃo,θiʃe
θi.ʒo,θi.ʒe,θiʒo,θiʒe
θi.θo,θi.θe,θiθo,θiθe
θi.ðo,θi.ðe,θiðo,θiðe
θi.ho,θi.he,θiho,θihe
ði.mi,ði.mu,ðimi,ðimu
ði.ni,ði.nu,ðini,ðinu
ði.pi,ði.pu,ðipi,ðipu
ði.ti,ði.tu,ðiti,ðitu
ði.ki,ði.ku,ðiki,ðiku
ði.bi,ði.bu,ðibi,ðibu
ði.di,ði.du,ðidi,ðidu
ði.gi,ði.gu,ðigi,ðigu
ði.fi,ði.fu,ðifi,ðifu
ði.si,ði.su,ðisi,ðisu
ði.vi,ði.vu,ðivi,ðivu
ði.zi,ði.zu,ðizi,ðizu
ði.ʃi,ði.ʃu,ðiʃi,ðiʃu
ði.ʒi,ði.ʒu,ðiʒi,ðiʒu
ði.θi,ði.θu,ðiθi,ðiθu
ði.ði,ði.ðu,ðiði,ðiðu
ði.hi,ði.hu,ðihi,ðihu
ði.me,ði.mo,ðime,ðimo
ði.ne,ði.no,ðine,ðino
ði.pe,ði.po,ðipe,ðipo
ði.te,ði.to,ðite,ðito
ði.ke,ði.ko,ðike,ðiko
ði.be,ði.bo,ðibe,ðibo
ði.de,ði.do,ðide,ðido
ði.ge,ði.go,ðige,ðigo
ði.fe,ði.fo,ðife,ðifo
ði.se,ði.so,ðise,ðiso
ði.ve,ði.vo,ðive,ðivo
ði.ze,ði.zo,ðize,ðizo
ði.ʃe,ði.ʃo,ðiʃe,ðiʃo
ði.ʒe,ði.ʒo,ðiʒe,ðiʒo
ði.θe,ði.θo,ðiθe,ðiθo
ði.ðe,ði.ðo,ðiðe,ðiðo
ði.he,ði.ho,ðihe,ðiho
ði.mu,ði.mi,ðimu,ðimi
ði.nu,ði.ni,ðinu,ðini
ði.pu,ði.pi,ðipu,ðipi
ði.tu,ði.ti,ðitu,ðiti
ði.ku,ði.ki,ðiku,ðiki
ði.bu,ði.bi,ðibu,ðibi
ði.du,ði.di,ðidu,ðidi
ði.gu,ði.gi,ðigu,ðigi
ði.fu,ði.fi,ðifu,ðifi
ði.su,ði.si,ðisu,ðisi
ði.vu,ði.vi,ðivu,ðivi
ði.zu,ði.zi,ðizu,ðizi
ði.ʃu,ði.ʃi,ðiʃu,ðiʃi
ði.ʒu,ði.ʒi,ðiʒu,ðiʒi
ði.θu,ði.θi,ðiθu,ðiθi
ði.ðu,ði.ði,ðiðu,ðiði
ði.hu,ði.hi,ðihu,ðihi
ði.mo,ði.me,ðimo,ðime
ði.no,ði.ne,ðino,ðine
ði.po,ði.pe,ðipo,ðipe
ði.to,ði.te,ðito,ðite
ði.ko,ði.ke,ðiko,ðike
ði.bo,ði.be,ðibo,ðibe
ði.do,ði.de,ðido,ðide
ði.go,ði.ge,ðigo,ðige
ði.fo,ði.fe,ðifo,ðife
ði.so,ði.se,ðiso,ðise
ði.vo,ði.ve,ðivo,ðive
ði.zo,ði.ze,ðizo,ðize
ði.ʃo,ði.ʃe,ðiʃo,ðiʃe
ði.ʒo,ði.ʒe,ðiʒo,ðiʒe
ði.θo,ði.θe,ðiθo,ðiθe
ði.ðo,ði.ðe,ðiðo,ðiðe
ði.ho,ði.he,ðiho,ðihe
hi.mi,hi.mu,himi,himu
hi.ni,hi.nu,hini,hinu
hi.pi,hi.pu,hipi,hipu
hi.ti,hi.tu,hiti,hitu
hi.ki,hi.ku,hiki,hiku
hi.bi,hi.bu,hibi,hibu
hi.di,hi.du,hidi,hidu
hi.gi,hi.gu,higi,higu
hi.fi,hi.fu,hifi,hifu
hi.si,hi.su,hisi,hisu
hi.vi,hi.vu,hivi,hivu
hi.zi,hi.zu,hizi,hizu
hi.ʃi,hi.ʃu,hiʃi,hiʃu
hi.ʒi,hi.ʒu,hiʒi,hiʒu
hi.θi,hi.θu,hiθi,hiθu
hi.ði,hi.ðu,hiði,hiðu
hi.hi,hi.hu,hihi,hihu
hi.me,hi.mo,hime,himo
hi.ne,hi.no,hine,hino
hi.pe,hi.po,hipe,hipo
hi.te,hi.to,hite,hito
hi.ke,hi.ko,hike,hiko
hi.be,hi.bo,hibe,hibo
hi.de,hi.do,hide,hido
hi.ge,hi.go,hige,higo
hi.fe,hi.fo,hife,hifo
hi.se,hi.so,hise,hiso
hi.ve,hi.vo,hive,hivo
hi.ze,hi.zo,hize,hizo
hi.ʃe,hi.ʃo,hiʃe,hiʃo
hi.ʒe,hi.ʒo,hiʒe,hiʒo
hi.θe,hi.θo,hiθe,hiθo
hi.ðe,hi.ðo,hiðe,hiðo
hi.he,hi.ho,hihe,hiho
hi.mu,hi.mi,himu,himi
hi.nu,hi.ni,hinu,hini
hi.pu,hi.pi,hipu,hipi
hi.tu,hi.ti,hitu,hiti
hi.ku,hi.ki,hiku,hiki
hi.bu,hi.bi,hibu,hibi
hi.du,hi.di,hidu,hidi
hi.gu,hi.gi,higu,higi
hi.fu,hi.fi,hifu,hifi
hi.su,hi.si,hisu,hisi
hi.vu,hi.vi,hivu,hivi
hi.zu,hi.zi,hizu,hizi
hi.ʃu,hi.ʃi,hiʃu,hiʃi
hi.ʒu,hi.ʒi,hiʒu,hiʒi
hi.θu,hi.θi,hiθu,hiθi
hi.ðu,hi.ði,hiðu,hiði
hi.hu,hi.hi,hihu,hihi
hi.mo,hi.me,himo,hime
hi.no,hi.ne,hino,hine
hi.po,hi.pe,hipo,hipe
hi.to,hi.te,hito,hite
hi.ko,hi.ke,hiko,hike
hi.bo,hi.be,hibo,hibe
hi.do,hi.de,hido,hide
hi.go,hi.ge,higo,hige
hi.fo,hi.fe,hifo,hife
hi.so,hi.se,hiso,hise
hi.vo,hi.ve,hivo,hive
hi.zo,hi.ze,hizo,hize
hi.ʃo,hi.ʃe,hiʃo,hiʃe
hi.ʒo,hi.ʒe,hiʒo,hiʒe
hi.θo,hi.θe,hiθo,hiθe
hi.ðo,hi.ðe,hiðo,hiðe
hi.ho,hi.he,hiho,hihe
me.mi,me.mu,memi,memu
me.ni,me.nu,meni,menu
me.pi,me.pu,mepi,mepu
me.ti,me.tu,meti,metu
me.ki,me.ku,meki,meku
me.bi,me.bu,mebi,mebu
me.di,me.du,medi,medu
me.gi,me.gu,megi,megu
me.fi,me.fu,mefi,mefu
me.si,me.su,mesi,mesu
me.vi,me.vu,mevi,mevu
me.zi,me.zu,mezi,mezu
me.ʃi,me.ʃu,meʃi,meʃu
me.ʒi,me.ʒu,meʒi,meʒu
me.θi,me.θu,meθi,meθu
me.ði,me.ðu,meði,meðu
me.hi,me.hu,mehi,mehu
me.me,me.mo,meme,memo
me.ne,me.no,mene,meno
me.pe,me.po,mepe,mepo
me.te,me.to,mete,meto
me.ke,me.ko,meke,meko
me.be,me.bo,mebe,mebo
me.de,me.do,mede,medo
me.ge,me.go,mege,mego
me.fe,me.fo,mefe,mefo
me.se,me.so,mese,meso
me.ve,me.vo,meve,mevo
me.ze,me.zo,meze,mezo
me.ʃe,me.ʃo,meʃe,meʃo
me.ʒe,me.ʒo,meʒe,meʒo
me.θe,me.θo,meθe,meθo
me.ðe,me.ðo,meðe,meðo
me.he,me.ho,mehe,meho
me.mu,me.mi,memu,memi
me.nu,me.ni,menu,meni
me.pu,me.pi,mepu,mepi
me.tu,me.ti,metu,meti
me.ku,me.ki,meku,meki
me.bu,me.bi,mebu,mebi
me.du,me.di,medu,medi
me.gu,me.gi,megu,megi
me.fu,me.fi,mefu,mefi
me.su,me.si,mesu,mesi
me.vu,me.vi,mevu,mevi
me.zu,me.zi,mezu,mezi
me.ʃu,me.ʃi,meʃu,meʃi
me.ʒu,me.ʒi,meʒu,meʒi
me.θu,me.θi,meθu,meθi
me.ðu,me.ði,meðu,meði
me.hu,me.hi,mehu,mehi
me.mo,me.me,memo,meme
me.no,me.ne,meno,mene
me.po,me.pe,mepo,mepe
me.to,me.te,meto,mete
me.ko,me.ke,meko,meke
me.bo,me.be,mebo,mebe
me.do,me.de,medo,mede
me.go,me.ge,mego,mege
me.fo,me.fe,mefo,mefe
me.so,me.se,meso,mese
me.vo,me.ve,mevo,meve
me.zo,me.ze,mezo,meze
me.ʃo,me.ʃe,meʃo,meʃe
me.ʒo,me.ʒe,meʒo,meʒe
me.θo,me.θe,meθo,meθe
me.ðo,me.ðe,meðo,meðe
me.ho,me.he,meho,mehe
ne.mi,ne.mu,nemi,nemu
ne.ni,ne.nu,neni,nenu
ne.pi,ne.pu,nepi,nepu
ne.ti,ne.tu,neti,netu
ne.ki,ne.ku,neki,neku
ne.bi,ne.bu,nebi,nebu
ne.di,ne.du,nedi,nedu
ne.gi,ne.gu,negi,negu
ne.fi,ne.fu,nefi,nefu
ne.si,ne.su,nesi,nesu
ne.vi,ne.vu,nevi,nevu
ne.zi,ne.zu,nezi,nezu
ne.ʃi,ne.ʃu,neʃi,neʃu
ne.ʒi,ne.ʒu,neʒi,neʒu
ne.θi,ne.θu,neθi,neθu
ne.ði,ne.ðu,neði,neðu
ne.hi,ne.hu,nehi,nehu
ne.me,ne.mo,neme,nemo
ne.ne,ne.no,nene,neno
ne.pe,ne.po,nepe,nepo
ne.te,ne.to,nete,neto
ne.ke,ne.ko,neke,neko
ne.be,ne.bo,nebe,nebo
ne.de,ne.do,nede,nedo
ne.ge,ne.go,nege,nego
ne.fe,ne.fo,nefe,nefo
ne.se,ne.so,nese,neso
ne.ve,ne.vo,neve,nevo
ne.ze,ne.zo,neze,nezo
ne.ʃe,ne.ʃo,neʃe,neʃo
ne.ʒe,ne.ʒo,neʒe,neʒo
ne.θe,ne.θo,neθe,neθo
ne.ðe,ne.ðo,neðe,neðo
ne.he,ne.ho,nehe,neho
ne.mu,ne.mi,nemu,nemi
ne.nu,ne.ni,nenu,neni
ne.pu,ne.pi,nepu,nepi
ne.tu,ne.ti,netu,neti
ne.ku,ne.ki,neku,neki
ne.bu,ne.bi,nebu,nebi
ne.du,ne.di,nedu,nedi
ne.gu,ne.gi,negu,negi
ne.fu,ne.fi,nefu,nefi
ne.su,ne.si,nesu,nesi
ne.vu,ne.vi,nevu,nevi
ne.zu,ne.zi,nezu,nezi
ne.ʃu,ne.ʃi,neʃu,neʃi
ne.ʒu,ne.ʒi,neʒu,neʒi
ne.θu,ne.θi,neθu,neθi
ne.ðu,ne.ði,neðu,neði
ne.hu,ne.hi,nehu,nehi
ne.mo,ne.me,nemo,neme
ne.no,ne.ne,neno,nene
ne.po,ne.pe,nepo,nepe
ne.to,ne.te,neto,nete
ne.ko,ne.ke,neko,neke
ne.bo,ne.be,nebo,nebe
ne.do,ne.de,nedo,nede
ne.go,ne.ge,nego,nege
ne.fo,ne.fe,nefo,nefe
ne.so,ne.se,neso,nese
ne.vo,ne.ve,nevo,neve
ne.zo,ne.ze,nezo,neze
ne.ʃo,ne.ʃe,neʃo,neʃe
ne.ʒo,ne.ʒe,neʒo,neʒe
ne.θo,ne.θe,neθo,neθe
ne.ðo,ne.ðe,neðo,neðe
ne.ho,ne.he,neho,nehe
pe.mi,pe.mu,pemi,pemu
pe.ni,pe.nu,peni,penu
pe.pi,pe.pu,pepi,pepu
pe.ti,pe.tu,peti,petu
pe.ki,pe.ku,peki,peku
pe.bi,pe.bu,pebi,pebu
pe.di,pe.du,pedi,pedu
pe.gi,pe.gu,pegi,pegu
pe.fi,pe.fu,pefi,pefu
pe.si,pe.su,pesi,pesu
pe.vi,pe.vu,pevi,pevu
pe.zi,pe.zu,pezi,pezu
pe.ʃi,pe.ʃu,peʃi,peʃu
pe.ʒi,pe.ʒu,peʒi,peʒu
pe.θi,pe.θu,peθi,peθu
pe.ði,pe.ðu,peði,peðu
pe.hi,pe.hu,pehi,pehu
pe.me,pe.mo,peme,pemo
pe.ne,pe.no,pene,peno
pe.pe,pe.po,pepe,pepo
pe.te,pe.to,pete,peto
pe.ke,pe.ko,peke,peko
pe.be,pe.bo,pebe,pebo
pe.de,pe.do,pede,pedo
pe.ge,pe.go,pege,pego
pe.fe,pe.fo,pefe,pefo
pe.se,pe.so,pese,peso
pe.ve,pe.vo,peve,pevo
pe.ze,pe.zo,peze,pezo
pe.ʃe,pe.ʃo,peʃe,peʃo
pe.ʒe,pe.ʒo,peʒe,peʒo
pe.θe,pe.θo,peθe,peθo
pe.ðe,pe.ðo,peðe,peðo
pe.he,pe.ho,pehe,peho
pe.mu,pe.mi,pemu,pemi
pe.nu,pe.ni,penu,peni
pe.pu,pe.pi,pepu,pepi
pe.tu,pe.ti,petu,peti
pe.ku,pe.ki,peku,peki
pe.bu,pe.bi,pebu,pebi
pe.du,pe.di,pedu,pedi
pe.gu,pe.gi,pegu,pegi
pe.fu,pe.fi,pefu,pefi
pe.su,pe.si,pesu,pesi
pe.vu,pe.vi,pevu,pevi
pe.zu,pe.zi,pezu,pezi
pe.ʃu,pe.ʃi,peʃu,peʃi
pe.ʒu,pe.ʒi,peʒu,peʒi
pe.θu,pe.θi,peθu,peθi
pe.ðu,pe.ði,peðu,peði
pe.hu,pe.hi,pehu,pehi
pe.mo,pe.me,pemo,peme
pe.no,pe.ne,peno,pene
pe.po,pe.pe,pepo,pepe
pe.to,pe.te,peto,pete
pe.ko,pe.ke,peko,peke
pe.bo,pe.be,pebo,pebe
pe.do,pe.de,pedo,pede
pe.go,pe.ge,pego,pege
pe.fo,pe.fe,pefo,pefe
pe.so,pe.se,peso,pese
pe.vo,pe.ve,pevo,peve
pe.zo,pe.ze,pezo,peze
pe.ʃo,pe.ʃe,peʃo,peʃe
pe.ʒo,pe.ʒe,peʒo,peʒe
pe.θo,pe.θe,peθo,peθe
pe.ðo,pe.ðe,peðo,peðe
pe.ho,pe.he,peho,pehe
te.mi,te.mu,temi,temu
te.ni,te.nu,teni,tenu
te.pi,te.pu,tepi,tepu
te.ti,te.tu,teti,tetu
te.ki,te.ku,teki,teku
te.bi,te.bu,tebi,tebu
te.di,te.du,tedi,tedu
te.gi,te.gu,tegi,tegu
te.fi,te.fu,tefi,tefu
te.si,te.su,tesi,tesu
te.vi,te.vu,tevi,tevu
te.zi,te.zu,tezi,tezu
te.ʃi,te.ʃu,teʃi,teʃu
te.ʒi,te.ʒu,teʒi,teʒu
te.θi,te.θu,teθi,teθu
te.ði,te.ðu,teði,teðu
te.hi,te.hu,tehi,tehu
te.me,te.mo,teme,temo
te.ne,te.no,tene,teno
te.pe,te.po,tepe,tepo
te.te,te.to,tete,teto
te.ke,te.ko,teke,teko
te.be,te.bo,tebe,tebo
te.de,te.do,tede,tedo
te.ge,te.go,tege,tego
te.fe,te.fo,tefe,tefo
te.se,te.so,tese,teso
te.ve,te.vo,teve,tevo
te.ze,te.zo,teze,tezo
te.ʃe,te.ʃo,teʃe,teʃo
te.ʒe,te.ʒo,teʒe,teʒo
te.θe,te.θo,teθe,teθo
te.ðe,te.ðo,teðe,teðo
te.he,te.ho,tehe,teho
te.mu,te.mi,temu,temi
te.nu,te.ni,tenu,teni
te.pu,te.pi,tepu,tepi
te.tu,te.ti,tetu,teti
te.ku,te.ki,teku,teki
te.bu,te.bi,tebu,tebi
te.du,te.di,tedu,tedi
te.gu,te.gi,tegu,tegi
te.fu,te.fi,tefu,tefi
te.su,te.si,tesu,tesi
te.vu,te.vi,tevu,tevi
te.zu,te.zi,tezu,tezi
te.ʃu,te.ʃi,teʃu,teʃi
te.ʒu,te.ʒi,teʒu,teʒi
te.θu,te.θi,teθu,teθi
te.ðu,te.ði,teðu,teði
te.hu,te.hi,tehu,tehi
te.mo,te.me,temo,teme
te.no,te.ne,teno,tene
te.po,te.pe,tepo,tepe
te.to,te.te,teto,tete
te.ko,te.ke,teko,teke
te.bo,te.be,tebo,tebe
te.do,te.de,tedo,tede
te.go,te.ge,tego,tege
te.fo,te.fe,tefo,tefe
te.so,te.se,teso,tese
te.vo,te.ve,tevo,teve
te.zo,te.ze,tezo,teze
te.ʃo,te.ʃe,teʃo,teʃe
te.ʒo,te.ʒe,teʒo,teʒe
te.θo,te.θe,teθo,teθe
te.ðo,te.ðe,teðo,teðe
te.ho,te.he,teho,tehe
ke.mi,ke.mu,kemi,kemu
ke.ni,ke.nu,keni,kenu
ke.pi,ke.pu,kepi,kepu
ke.ti,ke.tu,keti,ketu
ke.ki,ke.ku,keki,keku
ke.bi,ke.bu,kebi,kebu
ke.di,ke.du,kedi,kedu
ke.gi,ke.gu,kegi,kegu
ke.fi,ke.fu,kefi,kefu
ke.si,ke.su,kesi,kesu
ke.vi,ke.vu,kevi,kevu
ke.zi,ke.zu,kezi,kezu
ke.ʃi,ke.ʃu,keʃi,keʃu
ke.ʒi,ke.ʒu,keʒi,keʒu
ke.θi,ke.θu,keθi,keθu
ke.ði,ke.ðu,keði,keðu
ke.hi,ke.hu,kehi,kehu
ke.me,ke.mo,keme,kemo
ke.ne,ke.no,kene,keno
ke.pe,ke.po,kepe,kepo
ke.te,ke.to,kete,keto
ke.ke,ke.ko,keke,keko
ke.be,ke.bo,kebe,kebo
ke.de,ke.do,kede,kedo
ke.ge,ke.go,kege,kego
ke.fe,ke.fo,kefe,kefo
ke.se,ke.so,kese,keso
ke.ve,ke.vo,keve,kevo
ke.ze,ke.zo,keze,kezo
ke.ʃe,ke.ʃo,keʃe,keʃo
ke.ʒe,ke.ʒo,keʒe,keʒo
ke.θe,ke.θo,keθe,keθo
ke.ðe,ke.ðo,keðe,keðo
ke.he,ke.ho,kehe,keho
ke.mu,ke.mi,kemu,kemi
ke.nu,ke.ni,kenu,keni
ke.pu,ke.pi,kepu,kepi
ke.tu,ke.ti,ketu,keti
ke.ku,ke.ki,keku,keki
ke.bu,ke.bi,kebu,kebi
ke.du,ke.di,kedu,kedi
ke.gu,ke.gi,kegu,kegi
ke.fu,ke.fi,kefu,kefi
ke.su,ke.si,kesu,kesi
ke.vu,ke.vi,kevu,kevi
ke.zu,ke.zi,kezu,kezi
ke.ʃu,ke.ʃi,keʃu,keʃi
ke.ʒu,ke.ʒi,keʒu,keʒi
ke.θu,ke.θi,keθu,keθi
ke.ðu,ke.ði,keðu,keði
ke.hu,ke.hi,kehu,kehi
ke.mo,ke.me,kemo,keme
ke.no,ke.ne,keno,kene
ke.po,ke.pe,kepo,kepe
ke.to,ke.te,keto,kete
ke.ko,ke.ke,keko,keke
ke.bo,ke.be,kebo,kebe
ke.do,ke.de,kedo,kede
ke.go,ke.ge,kego,kege
ke.fo,ke.fe,kefo,kefe
ke.so,ke.se,keso,kese
ke.vo,ke.ve,kevo,keve
ke.zo,ke.ze,kezo,keze
ke.ʃo,ke.ʃe,keʃo,keʃe
ke.ʒo,ke.ʒe,keʒo,keʒe
ke.θo,ke.θe,keθo,keθe
ke.ðo,ke.ðe,keðo,keðe
ke.ho,ke.he,keho,kehe
be.mi,be.mu,bemi,bemu
be.ni,be.nu,beni,benu
be.pi,be.pu,bepi,bepu
be.ti,be.tu,beti,betu
be.ki,be.ku,beki,beku
be.bi,be.bu,bebi,bebu
be.di,be.du,bedi,bedu
be.gi,be.gu,begi,begu
be.fi,be.fu,befi,befu
be.si,be.su,besi,besu
be.vi,be.vu,bevi,bevu
be.zi,be.zu,bezi,bezu
be.ʃi,be.ʃu,beʃi,beʃu
be.ʒi,be.ʒu,beʒi,beʒu
be.θi,be.θu,beθi,beθu
be.ði,be.ðu,beði,beðu
be.hi,be.hu,behi,behu
be.me,be.mo,beme,bemo
be.ne,be.no,bene,beno
be.pe,be.po,bepe,bepo
be.te,be.to,bete,beto
be.ke,be.ko,beke,beko
be.be,be.bo,bebe,bebo
be.de,be.do,bede,bedo
be.ge,be.go,bege,bego
be.fe,be.fo,befe,befo
be.se,be.so,bese,beso
be.ve,be.vo,beve,bevo
be.ze,be.zo,beze,bezo
be.ʃe,be.ʃo,beʃe,beʃo
be.ʒe,be.ʒo,beʒe,beʒo
be.θe,be.θo,beθe,beθo
be.ðe,be.ðo,beðe,beðo
be.he,be.ho,behe,beho
be.mu,be.mi,bemu,bemi
be.nu,be.ni,benu,beni
be.pu,be.pi,bepu,bepi
be.tu,be.ti,betu,beti
be.ku,be.ki,beku,beki
be.bu,be.bi,bebu,bebi
be.du,be.di,bedu,bedi
be.gu,be.gi,begu,begi
be.fu,be.fi,befu,befi
be.su,be.si,besu,besi
be.vu,be.vi,bevu,bevi
be.zu,be.zi,bezu,bezi
be.ʃu,be.ʃi,beʃu,beʃi
be.ʒu,be.ʒi,beʒu,beʒi
be.θu,be.θi,beθu,beθi
be.ðu,be.ði,beðu,beði
be.hu,be.hi,behu,behi
be.mo,be.me,bemo,beme
be.no,be.ne,beno,bene
be.po,be.pe,bepo,bepe
be.to,be.te,beto,bete
be.ko,be.ke,beko,beke
be.bo,be.be,bebo,bebe
be.do,be.de,bedo,bede
be.go,be.ge,bego,bege
be.fo,be.fe,befo,befe
be.so,be.se,beso,bese
be.vo,be.ve,bevo,beve
be.zo,be.ze,bezo,beze
be.ʃo,be.ʃe,beʃo,beʃe
be.ʒo,be.ʒe,beʒo,beʒe
be.θo,be.θe,beθo,beθe
be.ðo,be.ðe,beðo,beðe
be.ho,be.he,beho,behe
de.mi,de.mu,demi,demu
de.ni,de.nu,deni,denu
de.pi,de.pu,depi,depu
de.ti,de.tu,deti,detu
de.ki,de.ku,deki,deku
de.bi,de.bu,debi,debu
de.di,de.du,dedi,dedu
de.gi,de.gu,degi,degu
de.fi,de.fu,defi,defu
de.si,de.su,desi,desu
de.vi,de.vu,devi,devu
de.zi,de.zu,dezi,dezu
de.ʃi,de.ʃu,deʃi,deʃu
de.ʒi,de.ʒu,deʒi,deʒu
de.θi,de.θu,deθi,deθu
de.ði,de.ðu,deði,deðu
de.hi,de.hu,dehi,dehu
de.me,de.mo,deme,demo
de.ne,de.no,dene,deno
de.pe,de.po,depe,depo
de.te,de.to,dete,deto
de.ke,de.ko,deke,deko
de.be,de.bo,debe,debo
de.de,de.do,dede,dedo
de.ge,de.go,dege,dego
de.fe,de.fo,defe,defo
de.se,de.so,dese,deso
de.ve,de.vo,deve,devo
de.ze,de.zo,deze,dezo
de.ʃe,de.ʃo,deʃe,deʃo
de.ʒe,de.ʒo,deʒe,deʒo
de.θe,de.θo,deθe,deθo
de.ðe,de.ðo,deðe,deðo
de.he,de.ho,dehe,deho
de.mu,de.mi,demu,demi
de.nu,de.ni,denu,deni
de.pu,de.pi,depu,depi
de.tu,de.ti,detu,deti
de.ku,de.ki,deku,deki
de.bu,de.bi,debu,debi
de.du,de.di,dedu,dedi
de.gu,de.gi,degu,degi
de.fu,de.fi,defu,defi
de.su,de.si,desu,desi
de.vu,de.vi,devu,devi
de.zu,de.zi,dezu,dezi
de.ʃu,de.ʃi,deʃu,deʃi
de.ʒu,de.ʒi,deʒu,deʒi
de.θu,de.θi,deθu,deθi
de.ðu,de.ði,deðu,deði
de.hu,de.hi,dehu,dehi
de.mo,de.me,demo,deme
de.no,de.ne,deno,dene
de.po,de.pe,depo,depe
de.to,de.te,deto,dete
de.ko,de.ke,deko,deke
de.bo,de.be,debo,debe
de.do,de.de,dedo,dede
de.go,de.ge,dego,dege
de.fo,de.fe,defo,defe
de.so,de.se,deso,dese
de.vo,de.ve,devo,deve
de.zo,de.ze,dezo,deze
de.ʃo,de.ʃe,deʃo,deʃe
de.ʒo,de.ʒe,deʒo,deʒe
de.θo,de.θe,deθo,deθe
de.ðo,de.ðe,deðo,deðe
de.ho,de.he,deho,dehe
ge.mi,ge.mu,gemi,gemu
ge.ni,ge.nu,geni,genu
ge.pi,ge.pu,gepi,gepu
ge.ti,ge.tu,geti,getu
ge.ki,ge.ku,geki,geku
ge.bi,ge.bu,gebi,gebu
ge.di,ge.du,gedi,gedu
ge.gi,ge.gu,gegi,gegu
ge.fi,ge.fu,gefi,gefu
ge.si,ge.su,gesi,gesu
ge.vi,ge.vu,gevi,gevu
ge.zi,ge.zu,gezi,gezu
ge.ʃi,ge.ʃu,geʃi,geʃu
ge.ʒi,ge.ʒu,geʒi,geʒu
ge.θi,ge.θu,geθi,geθu
ge.ði,ge.ðu,geði,geðu
ge.hi,ge.hu,gehi,gehu
ge.me,ge.mo,geme,gemo
ge.ne,ge.no,gene,geno
ge.pe,ge.po,gepe,gepo
ge.te,ge.to,gete,geto
ge.ke,ge.ko,geke,geko
ge.be,ge.bo,gebe,gebo
ge.de,ge.do,gede,gedo
ge.ge,ge.go,gege,gego
ge.fe,ge.fo,gefe,gefo
ge.se,ge.so,gese,geso
ge.ve,ge.vo,geve,gevo
ge.ze,ge.zo,geze,gezo
ge.ʃe,ge.ʃo,geʃe,geʃo
ge.ʒe,ge.ʒo,geʒe,geʒo
ge.θe,ge.θo,geθe,geθo
ge.ðe,ge.ðo,geðe,geðo
ge.he,ge.ho,gehe,geho
ge.mu,ge.mi,gemu,gemi
ge.nu,ge.ni,genu,geni
ge.pu,ge.pi,gepu,gepi
ge.tu,ge.ti,getu,geti
ge.ku,ge.ki,geku,geki
ge.bu,ge.bi,gebu,gebi
ge.du,ge.di,gedu,gedi
ge.gu,ge.gi,gegu,gegi
ge.fu,ge.fi,gefu,gefi
ge.su,ge.si,gesu,gesi
ge.vu,ge.vi,gevu,gevi
ge.zu,ge.zi,gezu,gezi
ge.ʃu,ge.ʃi,geʃu,geʃi
ge.ʒu,ge.ʒi,geʒu,geʒi
ge.θu,ge.θi,geθu,geθi
ge.ðu,ge.ði,geðu,geði
ge.hu,ge.hi,gehu,gehi
ge.mo,ge.me,gemo,geme
ge.no,ge.ne,geno,gene
ge.po,ge.pe,gepo,gepe
ge.to,ge.te,geto,gete
ge.ko,ge.ke,geko,geke
ge.bo,ge.be,gebo,gebe
ge.do,ge.de,gedo,gede
ge.go,ge.ge,gego,gege
ge.fo,ge.fe,gefo,gefe
ge.so,ge.se,geso,gese
ge.vo,ge.ve,gevo,geve
ge.zo,ge.ze,gezo,geze
ge.ʃo,ge.ʃe,geʃo,geʃe
ge.ʒo,ge.ʒe,geʒo,geʒe
ge.θo,ge.θe,geθo,geθe
ge.ðo,ge.ðe,geðo,geðe
ge.ho,ge.he,geho,gehe
fe.mi,fe.mu,femi,femu
fe.ni,fe.nu,feni,fenu
fe.pi,fe.pu,fepi,fepu
fe.ti,fe.tu,feti,fetu
fe.ki,fe.ku,feki,feku
fe.bi,fe.bu,febi,febu
fe.di,fe.du,fedi,fedu
fe.gi,fe.gu,fegi,fegu
fe.fi,fe.fu,fefi,fefu
fe.si,fe.su,fesi,fesu
fe.vi,fe.vu,fevi,fevu
fe.zi,fe.zu,fezi,fezu
fe.ʃi,fe.ʃu,feʃi,feʃu
fe.ʒi,fe.ʒu,feʒi,feʒu
fe.θi,fe.θu,feθi,feθu
fe.ði,fe.ðu,feði,feðu
fe.hi,fe.hu,fehi,fehu
fe.me,fe.mo,feme,femo
fe.ne,fe.no,fene,feno
fe.pe,fe.po,fepe,fepo
fe.te,fe.to,fete,feto
fe.ke,fe.ko,feke,feko
fe.be,fe.bo,febe,febo
fe.de,fe.do,fede,fedo
fe.ge,fe.go,fege,fego
fe.fe,fe.fo,fefe,fefo
fe.se,fe.so,fese,feso
fe.ve,fe.vo,feve,fevo
fe.ze,fe.zo,feze,fezo
fe.ʃe,fe.ʃo,feʃe,feʃo
fe.ʒe,fe.ʒo,feʒe,feʒo
fe.θe,fe.θo,feθe,feθo
fe.ðe,fe.ðo,feðe,feðo
fe.he,fe.ho,fehe,feho
fe.mu,fe.mi,femu,femi
fe.nu,fe.ni,fenu,feni
fe.pu,fe.pi,fepu,fepi
fe.tu,fe.ti,fetu,feti
fe.ku,fe.ki,feku,feki
fe.bu,fe.bi,febu,febi
fe.du,fe.di,fedu,fedi
fe.gu,fe.gi,fegu,fegi
fe.fu,fe.fi,fefu,fefi
fe.su,fe.si,fesu,fesi
fe.vu,fe.vi,fevu,fevi
fe.zu,fe.zi,fezu,fezi
fe.ʃu,fe.ʃi,feʃu,feʃi
fe.ʒu,fe.ʒi,feʒu,feʒi
fe.θu,fe.θi,feθu,feθi
fe.ðu,fe.ði,feðu,feði
fe.hu,fe.hi,fehu,fehi
fe.mo,fe.me,femo,feme
fe.no,fe.ne,feno,fene
fe.po,fe.pe,fepo,fepe
fe.to,fe.te,feto,fete
fe.ko,fe.ke,feko,feke
fe.bo,fe.be,febo,febe
fe.do,fe.de,fedo,fede
fe.go,fe.ge,fego,fege
fe.fo,fe.fe,fefo,fefe
fe.so,fe.se,feso,fese
fe.vo,fe.ve,fevo,feve
fe.zo,fe.ze,fezo,feze
fe.ʃo,fe.ʃe,feʃo,feʃe
fe.ʒo,fe.ʒe,feʒo,feʒe
fe.θo,fe.θe,feθo,feθe
fe.ðo,fe.ðe,feðo,feðe
fe.ho,fe.he,feho,fehe
se.mi,se.mu,semi,semu
se.ni,se.nu,seni,senu
se.pi,se.pu,sepi,sepu
se.ti,se.tu,seti,setu
se.ki,se.ku,seki,seku
se.bi,se.bu,sebi,sebu
se.di,se.du,sedi,sedu
se.gi,se.gu,segi,segu
se.fi,se.fu,sefi,sefu
se.si,se.su,sesi,sesu
se.vi,se.vu,sevi,sevu
se.zi,se.zu,sezi,sezu
se.ʃi,se.ʃu,seʃi,seʃu
se.ʒi,se.ʒu,seʒi,seʒu
se.θi,se.θu,seθi,seθu
se.ði,se.ðu,seði,seðu
se.hi,se.hu,sehi,sehu
se.me,se.mo,seme,semo
se.ne,se.no,sene,seno
se.pe,se.po,sepe,sepo
se.te,se.to,sete,seto
se.ke,se.ko,seke,seko
se.be,se.bo,sebe,sebo
se.de,se.do,sede,sedo
se.ge,se.go,sege,sego
se.fe,se.fo,sefe,sefo
se.se,se.so,sese,seso
se.ve,se.vo,seve,sevo
se.ze,se.zo,seze,sezo
se.ʃe,se.ʃo,seʃe,seʃo
se.ʒe,se.ʒo,seʒe,seʒo
se.θe,se.θo,seθe,seθo
se.ðe,se.ðo,seðe,seðo
se.he,se.ho,sehe,seho
se.mu,se.mi,semu,semi
se.nu,se.ni,senu,seni
se.pu,se.pi,sepu,sepi
se.tu,se.ti,setu,seti
se.ku,se.ki,seku,seki
se.bu,se.bi,sebu,sebi
se.du,se.di,sedu,sedi
se.gu,se.gi,segu,segi
se.fu,se.fi,sefu,sefi
se.su,se.si,sesu,sesi
se.vu,se.vi,sevu,sevi
se.zu,se.zi,sezu,sezi
se.ʃu,se.ʃi,seʃu,seʃi
se.ʒu,se.ʒi,seʒu,seʒi
se.θu,se.θi,seθu,seθi
se.ðu,se.ði,seðu,seði
se.hu,se.hi,sehu,sehi
se.mo,se.me,semo,seme
se.no,se.ne,seno,sene
se.po,se.pe,sepo,sepe
se.to,se.te,seto,sete
se.ko,se.ke,seko,seke
se.bo,se.be,sebo,sebe
se.do,se.de,sedo,sede
se.go,se.ge,sego,sege
se.fo,se.fe,sefo,sefe
se.so,se.se,seso,sese
se.vo,se.ve,sevo,seve
se.zo,se.ze,sezo,seze
se.ʃo,se.ʃe,seʃo,seʃe
se.ʒo,se.ʒe,seʒo,seʒe
se.θo,se.θe,seθo,seθe
se.ðo,se.ðe,seðo,seðe
se.ho,se.he,seho,sehe
ve.mi,ve.mu,vemi,vemu
ve.ni,ve.nu,veni,venu
ve.pi,ve.pu,vepi,vepu
ve.ti,ve.tu,veti,vetu
ve.ki,ve.ku,veki,veku
ve.bi,ve.bu,vebi,vebu
ve.di,ve.du,vedi,vedu
ve.gi,ve.gu,vegi,vegu
ve.fi,ve.fu,vefi,vefu
ve.si,ve.su,vesi,vesu
ve.vi,ve.vu,vevi,vevu
ve.zi,ve.zu,vezi,vezu
ve.ʃi,ve.ʃu,veʃi,veʃu
ve.ʒi,ve.ʒu,veʒi,veʒu
ve.θi,ve.θu,veθi,veθu
ve.ði,ve.ðu,veði,veðu
ve.hi,ve.hu,vehi,vehu
ve.me,ve.mo,veme,vemo
ve.ne,ve.no,vene,veno
ve.pe,ve.po,vepe,vepo
ve.te,ve.to,vete,veto
ve.ke,ve.ko,veke,veko
ve.be,ve.bo,vebe,vebo
ve.de,ve.do,vede,vedo
ve.ge,ve.go,vege,vego
ve.fe,ve.fo,vefe,vefo
ve.se,ve.so,vese,veso
ve.ve,ve.vo,veve,vevo
ve.ze,ve.zo,veze,vezo
ve.ʃe,ve.ʃo,veʃe,veʃo
ve.ʒe,ve.ʒo,veʒe,veʒo
ve.θe,ve.θo,veθe,veθo
ve.ðe,ve.ðo,veðe,veðo
ve.he,ve.ho,vehe,veho
ve.mu,ve.mi,vemu,vemi
ve.nu,ve.ni,venu,veni
ve.pu,ve.pi,vepu,vepi
ve.tu,ve.ti,vetu,veti
ve.ku,ve.ki,veku,veki
ve.bu,ve.bi,vebu,vebi
ve.du,ve.di,vedu,vedi
ve.gu,ve.gi,vegu,vegi
ve.fu,ve.fi,vefu,vefi
ve.su,ve.si,vesu,vesi
ve.vu,ve.vi,vevu,vevi
ve.zu,ve.zi,vezu,vezi
ve.ʃu,ve.ʃi,veʃu,veʃi
ve.ʒu,ve.ʒi,veʒu,veʒi
ve.θu,ve.θi,veθu,veθi
ve.ðu,ve.ði,veðu,veði
ve.hu,ve.hi,vehu,vehi
ve.mo,ve.me,vemo,veme
ve.no,ve.ne,veno,vene
ve.po,ve.pe,vepo,vepe
ve.to,ve.te,veto,vete
ve.ko,ve.ke,veko,veke
ve.bo,ve.be,vebo,vebe
ve.do,ve.de,vedo,vede
ve.go,ve.ge,vego,vege
ve.fo,ve.fe,vefo,vefe
ve.so,ve.se,veso,vese
ve.vo,ve.ve,vevo,veve
ve.zo,ve.ze,vezo,veze
ve.ʃo,ve.ʃe,veʃo,veʃe
ve.ʒo,ve.ʒe,veʒo,veʒe
ve.θo,ve.θe,veθo,veθe
ve.ðo,ve.ðe,veðo,veðe
ve.ho,ve.he,veho,vehe
ze.mi,ze.mu,zemi,zemu
ze.ni,ze.nu,zeni,zenu
ze.pi,ze.pu,zepi,zepu
ze.ti,ze.tu,zeti,zetu
ze.ki,ze.ku,zeki,zeku
ze.bi,ze.bu,zebi,zebu
ze.di,ze.du,zedi,zedu
ze.gi,ze.gu,zegi,zegu
ze.fi,ze.fu,zefi,zefu
ze.si,ze.su,zesi,zesu
ze.vi,ze.vu,zevi,zevu
ze.zi,ze.zu,zezi,zezu
ze.ʃi,ze.ʃu,zeʃi,zeʃu
ze.ʒi,ze.ʒu,zeʒi,zeʒu
ze.θi,ze.θu,zeθi,zeθu
ze.ði,ze.ðu,zeði,zeðu
ze.hi,ze.hu,zehi,zehu
ze.me,ze.mo,zeme,zemo
ze.ne,ze.no,zene,zeno
ze.pe,ze.po,zepe,zepo
ze.te,ze.to,zete,zeto
ze.ke,ze.ko,zeke,zeko
ze.be,ze.bo,zebe,zebo
ze.de,ze.do,zede,zedo
ze.ge,ze.go,zege,zego
ze.fe,ze.fo,zefe,zefo
ze.se,ze.so,zese,zeso
ze.ve,ze.vo,zeve,zevo
ze.ze,ze.zo,zeze,zezo
ze.ʃe,ze.ʃo,zeʃe,zeʃo
ze.ʒe,ze.ʒo,zeʒe,zeʒo
ze.θe,ze.θo,zeθe,zeθo
ze.ðe,ze.ðo,zeðe,zeðo
ze.he,ze.ho,zehe,zeho
ze.mu,ze.mi,zemu,zemi
ze.nu,ze.ni,zenu,zeni
ze.pu,ze.pi,zepu,zepi
ze.tu,ze.ti,zetu,zeti
ze.ku,ze.ki,zeku,zeki
ze.bu,ze.bi,zebu,zebi
ze.du,ze.di,zedu,zedi
ze.gu,ze.gi,zegu,zegi
ze.fu,ze.fi,zefu,zefi
ze.su,ze.si,zesu,zesi
ze.vu,ze.vi,zevu,zevi
ze.zu,ze.zi,zezu,zezi
ze.ʃu,ze.ʃi,zeʃu,zeʃi
ze.ʒu,ze.ʒi,zeʒu,zeʒi
ze.θu,ze.θi,zeθu,zeθi
ze.ðu,ze.ði,zeðu,zeði
ze.hu,ze.hi,zehu,zehi
ze.mo,ze.me,zemo,zeme
ze.no,ze.ne,zeno,zene
ze.po,ze.pe,zepo,zepe
ze.to,ze.te,zeto,zete
ze.ko,ze.ke,zeko,zeke
ze.bo,ze.be,zebo,zebe
ze.do,ze.de,zedo,zede
ze.go,ze.ge,zego,zege
ze.fo,ze.fe,zefo,zefe
ze.so,ze.se,zeso,zese
ze.vo,ze.ve,zevo,zeve
ze.zo,ze.ze,zezo,zeze
ze.ʃo,ze.ʃe,zeʃo,zeʃe
ze.ʒo,ze.ʒe,zeʒo,zeʒe
ze.θo,ze.θe,zeθo,zeθe
ze.ðo,ze.ðe,zeðo,zeðe
ze.ho,ze.he,zeho,zehe
ʃe.mi,ʃe.mu,ʃemi,ʃemu
ʃe.ni,ʃe.nu,ʃeni,ʃenu
ʃe.pi,ʃe.pu,ʃepi,ʃepu
ʃe.ti,ʃe.tu,ʃeti,ʃetu
ʃe.ki,ʃe.ku,ʃeki,ʃeku
ʃe.bi,ʃe.bu,ʃebi,ʃebu
ʃe.di,ʃe.du,ʃedi,ʃedu
ʃe.gi,ʃe.gu,ʃegi,ʃegu
ʃe.fi,ʃe.fu,ʃefi,ʃefu
ʃe.si,ʃe.su,ʃesi,ʃesu
ʃe.vi,ʃe.vu,ʃevi,ʃevu
ʃe.zi,ʃe.zu,ʃezi,ʃezu
ʃe.ʃi,ʃe.ʃu,ʃeʃi,ʃeʃu
ʃe.ʒi,ʃe.ʒu,ʃeʒi,ʃeʒu
ʃe.θi,ʃe.θu,ʃeθi,ʃeθu
ʃe.ði,ʃe.ðu,ʃeði,ʃeðu
ʃe.hi,ʃe.hu,ʃehi,ʃehu
ʃe.me,ʃe.mo,ʃeme,ʃemo
ʃe.ne,ʃe.no,ʃene,ʃeno
ʃe.pe,ʃe.po,ʃepe,ʃepo
ʃe.te,ʃe.to,ʃete,ʃeto
ʃe.ke,ʃe.ko,ʃeke,ʃeko
ʃe.be,ʃe.bo,ʃebe,ʃebo
ʃe.de,ʃe.do,ʃede,ʃedo
ʃe.ge,ʃe.go,ʃege,ʃego
ʃe.fe,ʃe.fo,ʃefe,ʃefo
ʃe.se,ʃe.so,ʃese,ʃeso
ʃe.ve,ʃe.vo,ʃeve,ʃevo
ʃe.ze,ʃe.zo,ʃeze,ʃezo
ʃe.ʃe,ʃe.ʃo,ʃeʃe,ʃeʃo
ʃe.ʒe,ʃe.ʒo,ʃeʒe,ʃeʒo
ʃe.θe,ʃe.θo,ʃeθe,ʃeθo
ʃe.ðe,ʃe.ðo,ʃeðe,ʃeðo
ʃe.he,ʃe.ho,ʃehe,ʃeho
ʃe.mu,ʃe.mi,ʃemu,ʃemi
ʃe.nu,ʃe.ni,ʃenu,ʃeni
ʃe.pu,ʃe.pi,ʃepu,ʃepi
ʃe.tu,ʃe.ti,ʃetu,ʃeti
ʃe.ku,ʃe.ki,ʃeku,ʃeki
ʃe.bu,ʃe.bi,ʃebu,ʃebi
ʃe.du,ʃe.di,ʃedu,ʃedi
ʃe.gu,ʃe.gi,ʃegu,ʃegi
ʃe.fu,ʃe.fi,ʃefu,ʃefi
ʃe.su,ʃe.si,ʃesu,ʃesi
ʃe.vu,ʃe.vi,ʃevu,ʃevi
ʃe.zu,ʃe.zi,ʃezu,ʃezi
ʃe.ʃu,ʃe.ʃi,ʃeʃu,ʃeʃi
ʃe.ʒu,ʃe.ʒi,ʃeʒu,ʃeʒi
ʃe.θu,ʃe.θi,ʃeθu,ʃeθi
ʃe.ðu,ʃe.ði,ʃeðu,ʃeði
ʃe.hu,ʃe.hi,ʃehu,ʃehi
ʃe.mo,ʃe.me,ʃemo,ʃeme
ʃe.no,ʃe.ne,ʃeno,ʃene
ʃe.po,ʃe.pe,ʃepo,ʃepe
ʃe.to,ʃe.te,ʃeto,ʃete
ʃe.ko,ʃe.ke,ʃeko,ʃeke
ʃe.bo,ʃe.be,ʃebo,ʃebe
ʃe.do,ʃe.de,ʃedo,ʃede
ʃe.go,ʃe.ge,ʃego,ʃege
ʃe.fo,ʃe.fe,ʃefo,ʃefe
ʃe.so,ʃe.se,ʃeso,ʃese
ʃe.vo,ʃe.ve,ʃevo,ʃeve
ʃe.zo,ʃe.ze,ʃezo,ʃeze
ʃe.ʃo,ʃe.ʃe,ʃeʃo,ʃeʃe
ʃe.ʒo,ʃe.ʒe,ʃeʒo,ʃeʒe
ʃe.θo,ʃe.θe,ʃeθo,ʃeθe
ʃe.ðo,ʃe.ðe,ʃeðo,ʃeðe
ʃe.ho,ʃe.he,ʃeho,ʃehe
ʒe.mi,ʒe.mu,ʒemi,ʒemu
ʒe.ni,ʒe.nu,ʒeni,ʒenu
ʒe.pi,ʒe.pu,ʒepi,ʒepu
ʒe.ti,ʒe.tu,ʒeti,ʒetu
ʒe.ki,ʒe.ku,ʒeki,ʒeku
ʒe.bi,ʒe.bu,ʒebi,ʒebu
ʒe.di,ʒe.du,ʒedi,ʒedu
ʒe.gi,ʒe.gu,ʒegi,ʒegu
ʒe.fi,ʒe.fu,ʒefi,ʒefu
ʒe.si,ʒe.su,ʒesi,ʒesu
ʒe.vi,ʒe.vu,ʒevi,ʒevu
ʒe.zi,ʒe.zu,ʒezi,ʒezu
ʒe.ʃi,ʒe.ʃu,ʒeʃi,ʒeʃu
ʒe.ʒi,ʒe.ʒu,ʒeʒi,ʒeʒu
ʒe.θi,ʒe.θu,ʒeθi,ʒeθu
ʒe.ði,ʒe.ðu,ʒeði,ʒeðu
ʒe.hi,ʒe.hu,ʒehi,ʒehu
ʒe.me,ʒe.mo,ʒeme,ʒemo
ʒe.ne,ʒe.no,ʒene,ʒeno
ʒe.pe,ʒe.po,ʒepe,ʒepo
ʒe.te,ʒe.to,ʒete,ʒeto
ʒe.ke,ʒe.ko,ʒeke,ʒeko
ʒe.be,ʒe.bo,ʒebe,ʒebo
ʒe.de,ʒe.do,ʒede,ʒedo
ʒe.ge,ʒe.go,ʒege,ʒego
ʒe.fe,ʒe.fo,ʒefe,ʒefo
ʒe.se,ʒe.so,ʒese,ʒeso
ʒe.ve,ʒe.vo,ʒeve,ʒevo
ʒe.ze,ʒe.zo,ʒeze,ʒezo
ʒe.ʃe,ʒe.ʃo,ʒeʃe,ʒeʃo
ʒe.ʒe,ʒe.ʒo,ʒeʒe,ʒeʒo
ʒe.θe,ʒe.θo,ʒeθe,ʒeθo
ʒe.ðe,ʒe.ðo,ʒeðe,ʒeðo
ʒe.he,ʒe.ho,ʒehe,ʒeho
ʒe.mu,ʒe.mi,ʒemu,ʒemi
ʒe.nu,ʒe.ni,ʒenu,ʒeni
ʒe.pu,ʒe.pi,ʒepu,ʒepi
ʒe.tu,ʒe.ti,ʒetu,ʒeti
ʒe.ku,ʒe.ki,ʒeku,ʒeki
ʒe.bu,ʒe.bi,ʒebu,ʒebi
ʒe.du,ʒe.di,ʒedu,ʒedi
ʒe.gu,ʒe.gi,ʒegu,ʒegi
ʒe.fu,ʒe.fi,ʒefu,ʒefi
ʒe.su,ʒe.si,ʒesu,ʒesi
ʒe.vu,ʒe.vi,ʒevu,ʒevi
ʒe.zu,ʒe.zi,ʒezu,ʒezi
ʒe.ʃu,ʒe.ʃi,ʒeʃu,ʒeʃi
ʒe.ʒu,ʒe.ʒi,ʒeʒu,ʒeʒi
ʒe.θu,ʒe.θi,ʒeθu,ʒeθi
ʒe.ðu,ʒe.ði,ʒeðu,ʒeði
ʒe.hu,ʒe.hi,ʒehu,ʒehi
ʒe.mo,ʒe.me,ʒemo,ʒeme
ʒe.no,ʒe.ne,ʒeno,ʒene
ʒe.po,ʒe.pe,ʒepo,ʒepe
ʒe.to,ʒe.te,ʒeto,ʒete
ʒe.ko,ʒe.ke,ʒeko,ʒeke
ʒe.bo,ʒe.be,ʒebo,ʒebe
ʒe.do,ʒe.de,ʒedo,ʒede
ʒe.go,ʒe.ge,ʒego,ʒege
ʒe.fo,ʒe.fe,ʒefo,ʒefe
ʒe.so,ʒe.se,ʒeso,ʒese
ʒe.vo,ʒe.ve,ʒevo,ʒeve
ʒe.zo,ʒe.ze,ʒezo,ʒeze
ʒe.ʃo,ʒe.ʃe,ʒeʃo,ʒeʃe
ʒe.ʒo,ʒe.ʒe,ʒeʒo,ʒeʒe
ʒe.θo,ʒe.θe,ʒeθo,ʒeθe
ʒe.ðo,ʒe.ðe,ʒeðo,ʒeðe
ʒe.ho,ʒe.he,ʒeho,ʒehe
θe.mi,θe.mu,θemi,θemu
θe.ni,θe.nu,θeni,θenu
θe.pi,θe.pu,θepi,θepu
θe.ti,θe.tu,θeti,θetu
θe.ki,θe.ku,θeki,θeku
θe.bi,θe.bu,θebi,θebu
θe.di,θe.du,θedi,θedu
θe.gi,θe.gu,θegi,θegu
θe.fi,θe.fu,θefi,θefu
θe.si,θe.su,θesi,θesu
θe.vi,θe.vu,θevi,θevu
θe.zi,θe.zu,θezi,θezu
θe.ʃi,θe.ʃu,θeʃi,θeʃu
θe.ʒi,θe.ʒu,θeʒi,θeʒu
θe.θi,θe.θu,θeθi,θeθu
θe.ði,θe.ðu,θeði,θeðu
θe.hi,θe.hu,θehi,θehu
θe.me,θe.mo,θeme,θemo
θe.ne,θe.no,θene,θeno
θe.pe,θe.po,θepe,θepo
θe.te,θe.to,θete,θeto
θe.ke,θe.ko,θeke,θeko
θe.be,θe.bo,θebe,θebo
θe.de,θe.do,θede,θedo
θe.ge,θe.go,θege,θego
θe.fe,θe.fo,θefe,θefo
θe.se,θe.so,θese,θeso
θe.ve,θe.vo,θeve,θevo
θe.ze,θe.zo,θeze,θezo
θe.ʃe,θe.ʃo,θeʃe,θeʃo
θe.ʒe,θe.ʒo,θeʒe,θeʒo
θe.θe,θe.θo,θeθe,θeθo
θe.ðe,θe.ðo,θeðe,θeðo
θe.he,θe.ho,θehe,θeho
θe.mu,θe.mi,θemu,θemi
θe.nu,θe.ni,θenu,θeni
θe.pu,θe.pi,θepu,θepi
θe.tu,θe.ti,θetu,θeti
θe.ku,θe.ki,θeku,θeki
θe.bu,θe.bi,θebu,θebi
θe.du,θe.di,θedu,θedi
θe.gu,θe.gi,θegu,θegi
θe.fu,θe.fi,θefu,θefi
θe.su,θe.si,θesu,θesi
θe.vu,θe.vi,θevu,θevi
θe.zu,θe.zi,θezu,θezi
θe.ʃu,θe.ʃi,θeʃu,θeʃi
θe.ʒu,θe.ʒi,θeʒu,θeʒi
θe.θu,θe.θi,θeθu,θeθi
θe.ðu,θe.ði,θeðu,θeði
θe.hu,θe.hi,θehu,θehi
θe.mo,θe.me,θemo,θeme
θe.no,θe.ne,θeno,θene
θe.po,θe.pe,θepo,θepe
θe.to,θe.te,θeto,θete
θe.ko,θe.ke,θeko,θeke
θe.bo,θe.be,θebo,θebe
θe.do,θe.de,θedo,θede
θe.go,θe.ge,θego,θege
θe.fo,θe.fe,θefo,θefe
θe.so,θe.se,θeso,θese
θe.vo,θe.ve,θevo,θeve
θe.zo,θe.ze,θezo,θeze
θe.ʃo,θe.ʃe,θeʃo,θeʃe
θe.ʒo,θe.ʒe,θeʒo,θeʒe
θe.θo,θe.θe,θeθo,θeθe
θe.ðo,θe.ðe,θeðo,θeðe
θe.ho,θe.he,θeho,θehe
ðe.mi,ðe.mu,ðemi,ðemu
ðe.ni,ðe.nu,ðeni,ðenu
ðe.pi,ðe.pu,ðepi,ðepu
ðe.ti,ðe.tu,ðeti,ðetu
ðe.ki,ðe.ku,ðeki,ðeku
ðe.bi,ðe.bu,ðebi,ðebu
ðe.di,ðe.du,ðedi,ðedu
ðe.gi,ðe.gu,ðegi,ðegu
ðe.fi,ðe.fu,ðefi,ðefu
ðe.si,ðe.su,ðesi,ðesu
ðe.vi,ðe.vu,ðevi,ðevu
ðe.zi,ðe.zu,ðezi,ðezu
ðe.ʃi,ðe.ʃu,ðeʃi,ðeʃu
ðe.ʒi,ðe.ʒu,ðeʒi,ðeʒu
ðe.θi,ðe.θu,ðeθi,ðeθu
ðe.ði,ðe.ðu,ðeði,ðeðu
ðe.hi,ðe.hu,ðehi,ðehu
ðe.me,ðe.mo,ðeme,ðemo
ðe.ne,ðe.no,ðene,ðeno
ðe.pe,ðe.po,ðepe,ðepo
ðe.te,ðe.to,ðete,ðeto
ðe.ke,ðe.ko,ðeke,ðeko
ðe.be,ðe.bo,ðebe,ðebo
ðe.de,ðe.do,ðede,ðedo
ðe.ge,ðe.go,ðege,ðego
ðe.fe,ðe.fo,ðefe,ðefo
ðe.se,ðe.so,ðese,ðeso
ðe.ve,ðe.vo,ðeve,ðevo
ðe.ze,ðe.zo,ðeze,ðezo
ðe.ʃe,ðe.ʃo,ðeʃe,ðeʃo
ðe.ʒe,ðe.ʒo,ðeʒe,ðeʒo
ðe.θe,ðe.θo,ðeθe,ðeθo
ðe.ðe,ðe.ðo,ðeðe,ðeðo
ðe.he,ðe.ho,ðehe,ðeho
ðe.mu,ðe.mi,ðemu,ðemi
ðe.nu,ðe.ni,ðenu,ðeni
ðe.pu,ðe.pi,ðepu,ðepi
ðe.tu,ðe.ti,ðetu,ðeti
ðe.ku,ðe.ki,ðeku,ðeki
ðe.bu,ðe.bi,ðebu,ðebi
ðe.du,ðe.di,ðedu,ðedi
ðe.gu,ðe.gi,ðegu,ðegi
ðe.fu,ðe.fi,ðefu,ðefi
ðe.su,ðe.si,ðesu,ðesi
ðe.vu,ðe.vi,ðevu,ðevi
ðe.zu,ðe.zi,ðezu,ðezi
ðe.ʃu,ðe.ʃi,ðeʃu,ðeʃi
ðe.ʒu,ðe.ʒi,ðeʒu,ðeʒi
ðe.θu,ðe.θi,ðeθu,ðeθi
ðe.ðu,ðe.ði,ðeðu,ðeði
ðe.hu,ðe.hi,ðehu,ðehi
ðe.mo,ðe.me,ðemo,ðeme
ðe.no,ðe.ne,ðeno,ðene
ðe.po,ðe.pe,ðepo,ðepe
ðe.to,ðe.te,ðeto,ðete
ðe.ko,ðe.ke,ðeko,ðeke
ðe.bo,ðe.be,ðebo,ðebe
ðe.do,ðe.de,ðedo,ðede
ðe.go,ðe.ge,ðego,ðege
ðe.fo,ðe.fe,ðefo,ðefe
ðe.so,ðe.se,ðeso,ðese
ðe.vo,ðe.ve,ðevo,ðeve
ðe.zo,ðe.ze,ðezo,ðeze
ðe.ʃo,ðe.ʃe,ðeʃo,ðeʃe
ðe.ʒo,ðe.ʒe,ðeʒo,ðeʒe
ðe.θo,ðe.θe,ðeθo,ðeθe
ðe.ðo,ðe.ðe,ðeðo,ðeðe
ðe.ho,ðe.he,ðeho,ðehe
he.mi,he.mu,hemi,hemu
he.ni,he.nu,heni,henu
he.pi,he.pu,hepi,hepu
he.ti,he.tu,heti,hetu
he.ki,he.ku,heki,heku
he.bi,he.bu,hebi,hebu
he.di,he.du,hedi,hedu
he.gi,he.gu,hegi,hegu
he.fi,he.fu,hefi,hefu
he.si,he.su,hesi,hesu
he.vi,he.vu,hevi,hevu
he.zi,he.zu,hezi,hezu
he.ʃi,he.ʃu,heʃi,heʃu
he.ʒi,he.ʒu,heʒi,heʒu
he.θi,he.θu,heθi,heθu
he.ði,he.ðu,heði,heðu
he.hi,he.hu,hehi,hehu
he.me,he.mo,heme,hemo
he.ne,he.no,hene,heno
he.pe,he.po,hepe,hepo
he.te,he.to,hete,heto
he.ke,he.ko,heke,heko
he.be,he.bo,hebe,hebo
he.de,he.do,hede,hedo
he.ge,he.go,hege,hego
he.fe,he.fo,hefe,hefo
he.se,he.so,hese,heso
he.ve,he.vo,heve,hevo
he.ze,he.zo,heze,hezo
he.ʃe,he.ʃo,heʃe,heʃo
he.ʒe,he.ʒo,heʒe,heʒo
he.θe,he.θo,heθe,heθo
he.ðe,he.ðo,heðe,heðo
he.he,he.ho,hehe,heho
he.mu,he.mi,hemu,hemi
he.nu,he.ni,henu,heni
he.pu,he.pi,hepu,hepi
he.tu,he.ti,hetu,heti
he.ku,he.ki,heku,heki
he.bu,he.bi,hebu,hebi
he.du,he.di,hedu,hedi
he.gu,he.gi,hegu,hegi
he.fu,he.fi,hefu,hefi
he.su,he.si,hesu,hesi
he.vu,he.vi,hevu,hevi
he.zu,he.zi,hezu,hezi
he.ʃu,he.ʃi,heʃu,heʃi
he.ʒu,he.ʒi,heʒu,heʒi
he.θu,he.θi,heθu,heθi
he.ðu,he.ði,heðu,heði
he.hu,he.hi,hehu,hehi
he.mo,he.me,hemo,heme
he.no,he.ne,heno,hene
he.po,he.pe,hepo,hepe
he.to,he.te,heto,hete
he.ko,he.ke,heko,heke
he.bo,he.be,hebo,hebe
he.do,he.de,hedo,hede
he.go,he.ge,hego,hege
he.fo,he.fe,hefo,hefe
he.so,he.se,heso,hese
he.vo,he.ve,hevo,heve
he.zo,he.ze,hezo,heze
he.ʃo,he.ʃe,heʃo,heʃe
he.ʒo,he.ʒe,heʒo,heʒe
he.θo,he.θe,heθo,heθe
he.ðo,he.ðe,heðo,heðe
he.ho,he.he,heho,hehe
mu.mi,mu.mu,mumi,mumu
mu.ni,mu.nu,muni,munu
mu.pi,mu.pu,mupi,mupu
mu.ti,mu.tu,muti,mutu
mu.ki,mu.ku,muki,muku
mu.bi,mu.bu,mubi,mubu
mu.di,mu.du,mudi,mudu
mu.gi,mu.gu,mugi,mugu
mu.fi,mu.fu,mufi,mufu
mu.si,mu.su,musi,musu
mu.vi,mu.vu,muvi,muvu
mu.zi,mu.zu,muzi,muzu
mu.ʃi,mu.ʃu,muʃi,muʃu
mu.ʒi,mu.ʒu,muʒi,muʒu
mu.θi,mu.θu,muθi,muθu
mu.ði,mu.ðu,muði,muðu
mu.hi,mu.hu,muhi,muhu
mu.me,mu.mo,mume,mumo
mu.ne,mu.no,mune,muno
mu.pe,mu.po,mupe,mupo
mu.te,mu.to,mute,muto
mu.ke,mu.ko,muke,muko
mu.be,mu.bo,mube,mubo
mu.de,mu.do,mude,mudo
mu.ge,mu.go,muge,mugo
mu.fe,mu.fo,mufe,mufo
mu.se,mu.so,muse,muso
mu.ve,mu.vo,muve,muvo
mu.ze,mu.zo,muze,muzo
mu.ʃe,mu.ʃo,muʃe,muʃo
mu.ʒe,mu.ʒo,muʒe,muʒo
mu.θe,mu.θo,muθe,muθo
mu.ðe,mu.ðo,muðe,muðo
mu.he,mu.ho,muhe,muho
mu.mu,mu.mi,mumu,mumi
mu.nu,mu.ni,munu,muni
mu.pu,mu.pi,mupu,mupi
mu.tu,mu.ti,mutu,muti
mu.ku,mu.ki,muku,muki
mu.bu,mu.bi,mubu,mubi
mu.du,mu.di,mudu,mudi
mu.gu,mu.gi,mugu,mugi
mu.fu,mu.fi,mufu,mufi
mu.su,mu.si,musu,musi
mu.vu,mu.vi,muvu,muvi
mu.zu,mu.zi,muzu,muzi
mu.ʃu,mu.ʃi,muʃu,muʃi
mu.ʒu,mu.ʒi,muʒu,muʒi
mu.θu,mu.θi,muθu,muθi
mu.ðu,mu.ði,muðu,muði
mu.hu,mu.hi,muhu,muhi
mu.mo,mu.me,mumo,mume
mu.no,mu.ne,muno,mune
mu.po,mu.pe,mupo,mupe
mu.to,mu.te,muto,mute
mu.ko,mu.ke,muko,muke
mu.bo,mu.be,mubo,mube
mu.do,mu.de,mudo,mude
mu.go,mu.ge,mugo,muge
mu.fo,mu.fe,mufo,mufe
mu.so,mu.se,muso,muse
mu.vo,mu.ve,muvo,muve
mu.zo,mu.ze,muzo,muze
mu.ʃo,mu.ʃe,muʃo,muʃe
mu.ʒo,mu.ʒe,muʒo,muʒe
mu.θo,mu.θe,muθo,muθe
mu.ðo,mu.ðe,muðo,muðe
mu.ho,mu.he,muho,muhe
nu.mi,nu.mu,numi,numu
nu.ni,nu.nu,nuni,nunu
nu.pi,nu.pu,nupi,nupu
nu.ti,nu.tu,nuti,nutu
nu.ki,nu.ku,nuki,nuku
nu.bi,nu.bu,nubi,nubu
nu.di,nu.du,nudi,nudu
nu.gi,nu.gu,nugi,nugu
nu.fi,nu.fu,nufi,nufu
nu.si,nu.su,nusi,nusu
nu.vi,nu.vu,nuvi,nuvu
nu.zi,nu.zu,nuzi,nuzu
nu.ʃi,nu.ʃu,nuʃi,nuʃu
nu.ʒi,nu.ʒu,nuʒi,nuʒu
nu.θi,nu.θu,nuθi,nuθu
nu.ði,nu.ðu,nuði,nuðu
nu.hi,nu.hu,nuhi,nuhu
nu.me,nu.mo,nume,numo
nu.ne,nu.no,nune,nuno
nu.pe,nu.po,nupe,nupo
nu.te,nu.to,nute,nuto
nu.ke,nu.ko,nuke,nuko
nu.be,nu.bo,nube,nubo
nu.de,nu.do,nude,nudo
nu.ge,nu.go,nuge,nugo
nu.fe,nu.fo,nufe,nufo
nu.se,nu.so,nuse,nuso
nu.ve,nu.vo,nuve,nuvo
nu.ze,nu.zo,nuze,nuzo
nu.ʃe,nu.ʃo,nuʃe,nuʃo
nu.ʒe,nu.ʒo,nuʒe,nuʒo
nu.θe,nu.θo,nuθe,nuθo
nu.ðe,nu.ðo,nuðe,nuðo
nu.he,nu.ho,nuhe,nuho
nu.mu,nu.mi,numu,numi
nu.nu,nu.ni,nunu,nuni
nu.pu,nu.pi,nupu,nupi
nu.tu,nu.ti,nutu,nuti
nu.ku,nu.ki,nuku,nuki
nu.bu,nu.bi,nubu,nubi
nu.du,nu.di,nudu,nudi
nu.gu,nu.gi,nugu,nugi
nu.fu,nu.fi,nufu,nufi
nu.su,nu.si,nusu,nusi
nu.vu,nu.vi,nuvu,nuvi
nu.zu,nu.zi,nuzu,nuzi
nu.ʃu,nu.ʃi,nuʃu,nuʃi
nu.ʒu,nu.ʒi,nuʒu,nuʒi
nu.θu,nu.θi,nuθu,nuθi
nu.ðu,nu.ði,nuðu,nuði
nu.hu,nu.hi,nuhu,nuhi
nu.mo,nu.me,numo,nume
nu.no,nu.ne,nuno,nune
nu.po,nu.pe,nupo,nupe
nu.to,nu.te,nuto,nute
nu.ko,nu.ke,nuko,nuke
nu.bo,nu.be,nubo,nube
nu.do,nu.de,nudo,nude
nu.go,nu.ge,nugo,nuge
nu.fo,nu.fe,nufo,nufe
nu.so,nu.se,nuso,nuse
nu.vo,nu.ve,nuvo,nuve
nu.zo,nu.ze,nuzo,nuze
nu.ʃo,nu.ʃe,nuʃo,nuʃe
nu.ʒo,nu.ʒe,nuʒo,nuʒe
nu.θo,nu.θe,nuθo,nuθe
nu.ðo,nu.ðe,nuðo,nuðe
nu.ho,nu.he,nuho,nuhe
pu.mi,pu.mu,pumi,pumu
pu.ni,pu.nu,puni,punu
pu.pi,pu.pu,pupi,pupu
pu.ti,pu.tu,puti,putu
pu.ki,pu.ku,puki,puku
pu.bi,pu.bu,pubi,pubu
pu.di,pu.du,pudi,pudu
pu.gi,pu.gu,pugi,pugu
pu.fi,pu.fu,pufi,pufu
pu.si,pu.su,pusi,pusu
pu.vi,pu.vu,puvi,puvu
pu.zi,pu.zu,puzi,puzu
pu.ʃi,pu.ʃu,puʃi,puʃu
pu.ʒi,pu.ʒu,puʒi,puʒu
pu.θi,pu.θu,puθi,puθu
pu.ði,pu.ðu,puði,puðu
pu.hi,pu.hu,puhi,puhu
pu.me,pu.mo,pume,pumo
pu.ne,pu.no,pune,puno
pu.pe,pu.po,pupe,pupo
pu.te,pu.to,pute,puto
pu.ke,pu.ko,puke,puko
pu.be,pu.bo,pube,pubo
pu.de,pu.do,pude,pudo
pu.ge,pu.go,puge,pugo
pu.fe,pu.fo,pufe,pufo
pu.se,pu.so,puse,puso
pu.ve,pu.vo,puve,puvo
pu.ze,pu.zo,puze,puzo
pu.ʃe,pu.ʃo,puʃe,puʃo
pu.ʒe,pu.ʒo,puʒe,puʒo
pu.θe,pu.θo,puθe,puθo
pu.ðe,pu.ðo,puðe,puðo
pu.he,pu.ho,puhe,puho
pu.mu,pu.mi,pumu,pumi
pu.nu,pu.ni,punu,puni
pu.pu,pu.pi,pupu,pupi
pu.tu,pu.ti,putu,puti
pu.ku,pu.ki,puku,puki
pu.bu,pu.bi,pubu,pubi
pu.du,pu.di,pudu,pudi
pu.gu,pu.gi,pugu,pugi
pu.fu,pu.fi,pufu,pufi
pu.su,pu.si,pusu,pusi
pu.vu,pu.vi,puvu,puvi
pu.zu,pu.zi,puzu,puzi
pu.ʃu,pu.ʃi,puʃu,puʃi
pu.ʒu,pu.ʒi,puʒu,puʒi
pu.θu,pu.θi,puθu,puθi
pu.ðu,pu.ði,puðu,puði
pu.hu,pu.hi,puhu,puhi
pu.mo,pu.me,pumo,pume
pu.no,pu.ne,puno,pune
pu.po,pu.pe,pupo,pupe
pu.to,pu.te,puto,pute
pu.ko,pu.ke,puko,puke
pu.bo,pu.be,pubo,pube
pu.do,pu.de,pudo,pude
pu.go,pu.ge,pugo,puge
pu.fo,pu.fe,pufo,pufe
pu.so,pu.se,puso,puse
pu.vo,pu.ve,puvo,puve
pu.zo,pu.ze,puzo,puze
pu.ʃo,pu.ʃe,puʃo,puʃe
pu.ʒo,pu.ʒe,puʒo,puʒe
pu.θo,pu.θe,puθo,puθe
pu.ðo,pu.ðe,puðo,puðe
pu.ho,pu.he,puho,puhe
tu.mi,tu.mu,tumi,tumu
tu.ni,tu.nu,tuni,tunu
tu.pi,tu.pu,tupi,tupu
tu.ti,tu.tu,tuti,tutu
tu.ki,tu.ku,tuki,tuku
tu.bi,tu.bu,tubi,tubu
tu.di,tu.du,tudi,tudu
tu.gi,tu.gu,tugi,tugu
tu.fi,tu.fu,tufi,tufu
tu.si,tu.su,tusi,tusu
tu.vi,tu.vu,tuvi,tuvu
tu.zi,tu.zu,tuzi,tuzu
tu.ʃi,tu.ʃu,tuʃi,tuʃu
tu.ʒi,tu.ʒu,tuʒi,tuʒu
tu.θi,tu.θu,tuθi,tuθu
tu.ði,tu.ðu,tuði,tuðu
tu.hi,tu.hu,tuhi,tuhu
tu.me,tu.mo,tume,tumo
tu.ne,tu.no,tune,tuno
tu.pe,tu.po,tupe,tupo
tu.te,tu.to,tute,tuto
tu.ke,tu.ko,tuke,tuko
tu.be,tu.bo,tube,tubo
tu.de,tu.do,tude,tudo
tu.ge,tu.go,tuge,tugo
tu.fe,tu.fo,tufe,tufo
tu.se,tu.so,tuse,tuso
tu.ve,tu.vo,tuve,tuvo
tu.ze,tu.zo,tuze,tuzo
tu.ʃe,tu.ʃo,tuʃe,tuʃo
tu.ʒe,tu.ʒo,tuʒe,tuʒo
tu.θe,tu.θo,tuθe,tuθo
tu.ðe,tu.ðo,tuðe,tuðo
tu.he,tu.ho,tuhe,tuho
tu.mu,tu.mi,tumu,tumi
tu.nu,tu.ni,tunu,tuni
tu.pu,tu.pi,tupu,tupi
tu.tu,tu.ti,tutu,tuti
tu.ku,tu.ki,tuku,tuki
tu.bu,tu.bi,tubu,tubi
tu.du,tu.di,tudu,tudi
tu.gu,tu.gi,tugu,tugi
tu.fu,tu.fi,tufu,tufi
tu.su,tu.si,tusu,tusi
tu.vu,tu.vi,tuvu,tuvi
tu.zu,tu.zi,tuzu,tuzi
tu.ʃu,tu.ʃi,tuʃu,tuʃi
tu.ʒu,tu.ʒi,tuʒu,tuʒi
tu.θu,tu.θi,tuθu,tuθi
tu.ðu,tu.ði,tuðu,tuði
tu.hu,tu.hi,tuhu,tuhi
tu.mo,tu.me,tumo,tume
tu.no,tu.ne,tuno,tune
tu.po,tu.pe,tupo,tupe
tu.to,tu.te,tuto,tute
tu.ko,tu.ke,tuko,tuke
tu.bo,tu.be,tubo,tube
tu.do,tu.de,tudo,tude
tu.go,tu.ge,tugo,tuge
tu.fo,tu.fe,tufo,tufe
tu.so,tu.se,tuso,tuse
tu.vo,tu.ve,tuvo,tuve
tu.zo,tu.ze,tuzo,tuze
tu.ʃo,tu.ʃe,tuʃo,tuʃe
tu.ʒo,tu.ʒe,tuʒo,tuʒe
tu.θo,tu.θe,tuθo,tuθe
tu.ðo,tu.ðe,tuðo,tuðe
tu.ho,tu.he,tuho,tuhe
ku.mi,ku.mu,kumi,kumu
ku.ni,ku.nu,kuni,kunu
ku.pi,ku.pu,kupi,kupu
ku.ti,ku.tu,kuti,kutu
ku.ki,ku.ku,kuki,kuku
ku.bi,ku.bu,kubi,kubu
ku.di,ku.du,kudi,kudu
ku.gi,ku.gu,kugi,kugu
ku.fi,ku.fu,kufi,kufu
ku.si,ku.su,kusi,kusu
ku.vi,ku.vu,kuvi,kuvu
ku.zi,ku.zu,kuzi,kuzu
ku.ʃi,ku.ʃu,kuʃi,kuʃu
ku.ʒi,ku.ʒu,kuʒi,kuʒu
ku.θi,ku.θu,kuθi,kuθu
ku.ði,ku.ðu,kuði,kuðu
ku.hi,ku.hu,kuhi,kuhu
ku.me,ku.mo,kume,kumo
ku.ne,ku.no,kune,kuno
ku.pe,ku.po,kupe,kupo
ku.te,ku.to,kute,kuto
ku.ke,ku.ko,kuke,kuko
ku.be,ku.bo,kube,kubo
ku.de,ku.do,kude,kudo
ku.ge,ku.go,kuge,kugo
ku.fe,ku.fo,kufe,kufo
ku.se,ku.so,kuse,kuso
ku.ve,ku.vo,kuve,kuvo
ku.ze,ku.zo,kuze,kuzo
ku.ʃe,ku.ʃo,kuʃe,kuʃo
ku.ʒe,ku.ʒo,kuʒe,kuʒo
ku.θe,ku.θo,kuθe,kuθo
ku.ðe,ku.ðo,kuðe,kuðo
ku.he,ku.ho,kuhe,kuho
ku.mu,ku.mi,kumu,kumi
ku.nu,ku.ni,kunu,kuni
ku.pu,ku.pi,kupu,kupi
ku.tu,ku.ti,kutu,kuti
ku.ku,ku.ki,kuku,kuki
ku.bu,ku.bi,kubu,kubi
ku.du,ku.di,kudu,kudi
ku.gu,ku.gi,kugu,kugi
ku.fu,ku.fi,kufu,kufi
ku.su,ku.si,kusu,kusi
ku.vu,ku.vi,kuvu,kuvi
ku.zu,ku.zi,kuzu,kuzi
ku.ʃu,ku.ʃi,kuʃu,kuʃi
ku.ʒu,ku.ʒi,kuʒu,kuʒi
ku.θu,ku.θi,kuθu,kuθi
ku.ðu,ku.ði,kuðu,kuði
ku.hu,ku.hi,kuhu,kuhi
ku.mo,ku.me,kumo,kume
ku.no,ku.ne,kuno,kune
ku.po,ku.pe,kupo,kupe
ku.to,ku.te,kuto,kute
ku.ko,ku.ke,kuko,kuke
ku.bo,ku.be,kubo,kube
ku.do,ku.de,kudo,kude
ku.go,ku.ge,kugo,kuge
ku.fo,ku.fe,kufo,kufe
ku.so,ku.se,kuso,kuse
ku.vo,ku.ve,kuvo,kuve
ku.zo,ku.ze,kuzo,kuze
ku.ʃo,ku.ʃe,kuʃo,kuʃe
ku.ʒo,ku.ʒe,kuʒo,kuʒe
ku.θo,ku.θe,kuθo,kuθe
ku.ðo,ku.ðe,kuðo,kuðe
ku.ho,ku.he,kuho,kuhe
bu.mi,bu.mu,bumi,bumu
bu.ni,bu.nu,buni,bunu
bu.pi,bu.pu,bupi,bupu
bu.ti,bu.tu,buti,butu
bu.ki,bu.ku,buki,buku
bu.bi,bu.bu,bubi,bubu
bu.di,bu.du,budi,budu
bu.gi,bu.gu,bugi,bugu
bu.fi,bu.fu,bufi,bufu
bu.si,bu.su,busi,busu
bu.vi,bu.vu,buvi,buvu
bu.zi,bu.zu,buzi,buzu
bu.ʃi,bu.ʃu,buʃi,buʃu
bu.ʒi,bu.ʒu,buʒi,buʒu
bu.θi,bu.θu,buθi,buθu
bu.ði,bu.ðu,buði,buðu
bu.hi,bu.hu,buhi,buhu
bu.me,bu.mo,bume,bumo
bu.ne,bu.no,bune,buno
bu.pe,bu.po,bupe,bupo
bu.te,bu.to,bute,buto
bu.ke,bu.ko,buke,buko
bu.be,bu.bo,bube,bubo
bu.de,bu.do,bude,budo
bu.ge,bu.go,buge,bugo
bu.fe,bu.fo,bufe,bufo
bu.se,bu.so,buse,buso
bu.ve,bu.vo,buve,buvo
bu.ze,bu.zo,buze,buzo
bu.ʃe,bu.ʃo,buʃe,buʃo
bu.ʒe,bu.ʒo,buʒe,buʒo
bu.θe,bu.θo,buθe,buθo
bu.ðe,bu.ðo,buðe,buðo
bu.he,bu.ho,buhe,buho
bu.mu,bu.mi,bumu,bumi
bu.nu,bu.ni,bunu,buni
bu.pu,bu.pi,bupu,bupi
bu.tu,bu.ti,butu,buti
bu.ku,bu.ki,buku,buki
bu.bu,bu.bi,bubu,bubi
bu.du,bu.di,budu,budi
bu.gu,bu.gi,bugu,bugi
bu.fu,bu.fi,bufu,bufi
bu.su,bu.si,busu,busi
bu.vu,bu.vi,buvu,buvi
bu.zu,bu.zi,buzu,buzi
bu.ʃu,bu.ʃi,buʃu,buʃi
bu.ʒu,bu.ʒi,buʒu,buʒi
bu.θu,bu.θi,buθu,buθi
bu.ðu,bu.ði,buðu,buði
bu.hu,bu.hi,buhu,buhi
bu.mo,bu.me,bumo,bume
bu.no,bu.ne,buno,bune
bu.po,bu.pe,bupo,bupe
bu.to,bu.te,buto,bute
bu.ko,bu.ke,buko,buke
bu.bo,bu.be,bubo,bube
bu.do,bu.de,budo,bude
bu.go,bu.ge,bugo,buge
bu.fo,bu.fe,bufo,bufe
bu.so,bu.se,buso,buse
bu.vo,bu.ve,buvo,buve
bu.zo,bu.ze,buzo,buze
bu.ʃo,bu.ʃe,buʃo,buʃe
bu.ʒo,bu.ʒe,buʒo,buʒe
bu.θo,bu.θe,buθo,buθe
bu.ðo,bu.ðe,buðo,buðe
bu.ho,bu.he,buho,buhe
du.mi,du.mu,dumi,dumu
du.ni,du.nu,duni,dunu
du.pi,du.pu,dupi,dupu
du.ti,du.tu,duti,dutu
du.ki,du.ku,duki,duku
du.bi,du.bu,dubi,dubu
du.di,du.du,dudi,dudu
du.gi,du.gu,dugi,dugu
du.fi,du.fu,dufi,dufu
du.si,du.su,dusi,dusu
du.vi,du.vu,duvi,duvu
du.zi,du.zu,duzi,duzu
du.ʃi,du.ʃu,duʃi,duʃu
du.ʒi,du.ʒu,duʒi,duʒu
du.θi,du.θu,duθi,duθu
du.ði,du.ðu,duði,duðu
du.hi,du.hu,duhi,duhu
du.me,du.mo,dume,dumo
du.ne,du.no,dune,duno
du.pe,du.po,dupe,dupo
du.te,du.to,dute,duto
du.ke,du.ko,duke,duko
du.be,du.bo,dube,dubo
du.de,du.do,dude,dudo
du.ge,du.go,duge,dugo
du.fe,du.fo,dufe,dufo
du.se,du.so,duse,duso
du.ve,du.vo,duve,duvo
du.ze,du.zo,duze,duzo
du.ʃe,du.ʃo,duʃe,duʃo
du.ʒe,du.ʒo,duʒe,duʒo
du.θe,du.θo,duθe,duθo
du.ðe,du.ðo,duðe,duðo
du.he,du.ho,duhe,duho
du.mu,du.mi,dumu,dumi
du.nu,du.ni,dunu,duni
du.pu,du.pi,dupu,dupi
du.tu,du.ti,dutu,duti
du.ku,du.ki,duku,duki
du.bu,du.bi,dubu,dubi
du.du,du.di,dudu,dudi
du.gu,du.gi,dugu,dugi
du.fu,du.fi,dufu,dufi
du.su,du.si,dusu,dusi
du.vu,du.vi,duvu,duvi
du.zu,du.zi,duzu,duzi
du.ʃu,du.ʃi,duʃu,duʃi
du.ʒu,du.ʒi,duʒu,duʒi
du.θu,du.θi,duθu,duθi
du.ðu,du.ði,duðu,duði
du.hu,du.hi,duhu,duhi
du.mo,du.me,dumo,dume
du.no,du.ne,duno,dune
du.po,du.pe,dupo,dupe
du.to,du.te,duto,dute
du.ko,du.ke,duko,duke
du.bo,du.be,dubo,dube
du.do,du.de,dudo,dude
du.go,du.ge,dugo,duge
du.fo,du.fe,dufo,dufe
du.so,du.se,duso,duse
du.vo,du.ve,duvo,duve
du.zo,du.ze,duzo,duze
du.ʃo,du.ʃe,duʃo,duʃe
du.ʒo,du.ʒe,duʒo,duʒe
du.θo,du.θe,duθo,duθe
du.ðo,du.ðe,duðo,duðe
du.ho,du.he,duho,duhe
gu.mi,gu.mu,gumi,gumu
gu.ni,gu.nu,guni,gunu
gu.pi,gu.pu,gupi,gupu
gu.ti,gu.tu,guti,gutu
gu.ki,gu.ku,guki,guku
gu.bi,gu.bu,gubi,gubu
gu.di,gu.du,gudi,gudu
gu.gi,gu.gu,gugi,gugu
gu.fi,gu.fu,gufi,gufu
gu.si,gu.su,gusi,gusu
gu.vi,gu.vu,guvi,guvu
gu.zi,gu.zu,guzi,guzu
gu.ʃi,gu.ʃu,guʃi,guʃu
gu.ʒi,gu.ʒu,guʒi,guʒu
gu.θi,gu.θu,guθi,guθu
gu.ði,gu.ðu,guði,guðu
gu.hi,gu.hu,guhi,guhu
gu.me,gu.mo,gume,gumo
gu.ne,gu.no,gune,guno
gu.pe,gu.po,gupe,gupo
gu.te,gu.to,gute,guto
gu.ke,gu.ko,guke,guko
gu.be,gu.bo,gube,gubo
gu.de,gu.do,gude,gudo
gu.ge,gu.go,guge,gugo
gu.fe,gu.fo,gufe,gufo
gu.se,gu.so,guse,guso
gu.ve,gu.vo,guve,guvo
gu.ze,gu.zo,guze,guzo
gu.ʃe,gu.ʃo,guʃe,guʃo
gu.ʒe,gu.ʒo,guʒe,guʒo
gu.θe,gu.θo,guθe,guθo
gu.ðe,gu.ðo,guðe,guðo
gu.he,gu.ho,guhe,guho
gu.mu,gu.mi,gumu,gumi
gu.nu,gu.ni,gunu,guni
gu.pu,gu.pi,gupu,gupi
gu.tu,gu.ti,gutu,guti
gu.ku,gu.ki,guku,guki
gu.bu,gu.bi,gubu,gubi
gu.du,gu.di,gudu,gudi
gu.gu,gu.gi,gugu,gugi
gu.fu,gu.fi,gufu,gufi
gu.su,gu.si,gusu,gusi
gu.vu,gu.vi,guvu,guvi
gu.zu,gu.zi,guzu,guzi
gu.ʃu,gu.ʃi,guʃu,guʃi
gu.ʒu,gu.ʒi,guʒu,guʒi
gu.θu,gu.θi,guθu,guθi
gu.ðu,gu.ði,guðu,guði
gu.hu,gu.hi,guhu,guhi
gu.mo,gu.me,gumo,gume
gu.no,gu.ne,guno,gune
gu.po,gu.pe,gupo,gupe
gu.to,gu.te,guto,gute
gu.ko,gu.ke,guko,guke
gu.bo,gu.be,gubo,gube
gu.do,gu.de,gudo,gude
gu.go,gu.ge,gugo,guge
gu.fo,gu.fe,gufo,gufe
gu.so,gu.se,guso,guse
gu.vo,gu.ve,guvo,guve
gu.zo,gu.ze,guzo,guze
gu.ʃo,gu.ʃe,guʃo,guʃe
gu.ʒo,gu.ʒe,guʒo,guʒe
gu.θo,gu.θe,guθo,guθe
gu.ðo,gu.ðe,guðo,guðe
gu.ho,gu.he,guho,guhe
fu.mi,fu.mu,fumi,fumu
fu.ni,fu.nu,funi,funu
fu.pi,fu.pu,fupi,fupu
fu.ti,fu.tu,futi,futu
fu.ki,fu.ku,fuki,fuku
fu.bi,fu.bu,fubi,fubu
fu.di,fu.du,fudi,fudu
fu.gi,fu.gu,fugi,fugu
fu.fi,fu.fu,fufi,fufu
fu.si,fu.su,fusi,fusu
fu.vi,fu.vu,fuvi,fuvu
fu.zi,fu.zu,fuzi,fuzu
fu.ʃi,fu.ʃu,fuʃi,fuʃu
fu.ʒi,fu.ʒu,fuʒi,fuʒu
fu.θi,fu.θu,fuθi,fuθu
fu.ði,fu.ðu,fuði,fuðu
fu.hi,fu.hu,fuhi,fuhu
fu.me,fu.mo,fume,fumo
fu.ne,fu.no,fune,funo
fu.pe,fu.po,fupe,fupo
fu.te,fu.to,fute,futo
fu.ke,fu.ko,fuke,fuko
fu.be,fu.bo,fube,fubo
fu.de,fu.do,fude,fudo
fu.ge,fu.go,fuge,fugo
fu.fe,fu.fo,fufe,fufo
fu.se,fu.so,fuse,fuso
fu.ve,fu.vo,fuve,fuvo
fu.ze,fu.zo,fuze,fuzo
fu.ʃe,fu.ʃo,fuʃe,fuʃo
fu.ʒe,fu.ʒo,fuʒe,fuʒo
fu.θe,fu.θo,fuθe,fuθo
fu.ðe,fu.ðo,fuðe,fuðo
fu.he,fu.ho,fuhe,fuho
fu.mu,fu.mi,fumu,fumi
fu.nu,fu.ni,funu,funi
fu.pu,fu.pi,fupu,fupi
fu.tu,fu.ti,futu,futi
fu.ku,fu.ki,fuku,fuki
fu.bu,fu.bi,fubu,fubi
fu.du,fu.di,fudu,fudi
fu.gu,fu.gi,fugu,fugi
fu.fu,fu.fi,fufu,fufi
fu.su,fu.si,fusu,fusi
fu.vu,fu.vi,fuvu,fuvi
fu.zu,fu.zi,fuzu,fuzi
fu.ʃu,fu.ʃi,fuʃu,fuʃi
fu.ʒu,fu.ʒi,fuʒu,fuʒi
fu.θu,fu.θi,fuθu,fuθi
fu.ðu,fu.ði,fuðu,fuði
fu.hu,fu.hi,fuhu,fuhi
fu.mo,fu.me,fumo,fume
fu.no,fu.ne,funo,fune
fu.po,fu.pe,fupo,fupe
fu.to,fu.te,futo,fute
fu.ko,fu.ke,fuko,fuke
fu.bo,fu.be,fubo,fube
fu.do,fu.de,fudo,fude
fu.go,fu.ge,fugo,fuge
fu.fo,fu.fe,fufo,fufe
fu.so,fu.se,fuso,fuse
fu.vo,fu.ve,fuvo,fuve
fu.zo,fu.ze,fuzo,fuze
fu.ʃo,fu.ʃe,fuʃo,fuʃe
fu.ʒo,fu.ʒe,fuʒo,fuʒe
fu.θo,fu.θe,fuθo,fuθe
fu.ðo,fu.ðe,fuðo,fuðe
fu.ho,fu.he,fuho,fuhe
su.mi,su.mu,sumi,sumu
su.ni,su.nu,suni,sunu
su.pi,su.pu,supi,supu
su.ti,su.tu,suti,sutu
su.ki,su.ku,suki,suku
su.bi,su.bu,subi,subu
su.di,su.du,sudi,sudu
su.gi,su.gu,sugi,sugu
su.fi,su.fu,sufi,sufu
su.si,su.su,susi,susu
su.vi,su.vu,suvi,suvu
su.zi,su.zu,suzi,suzu
su.ʃi,su.ʃu,suʃi,suʃu
su.ʒi,su.ʒu,suʒi,suʒu
su.θi,su.θu,suθi,suθu
su.ði,su.ðu,suði,suðu
su.hi,su.hu,suhi,suhu
su.me,su.mo,sume,sumo
su.ne,su.no,sune,suno
su.pe,su.po,supe,supo
su.te,su.to,sute,suto
su.ke,su.ko,suke,suko
su.be,su.bo,sube,subo
su.de,su.do,sude,sudo
su.ge,su.go,suge,sugo
su.fe,su.fo,sufe,sufo
su.se,su.so,suse,suso
su.ve,su.vo,suve,suvo
su.ze,su.zo,suze,suzo
su.ʃe,su.ʃo,suʃe,suʃo
su.ʒe,su.ʒo,suʒe,suʒo
su.θe,su.θo,suθe,suθo
su.ðe,su.ðo,suðe,suðo
su.he,su.ho,suhe,suho
su.mu,su.mi,sumu,sumi
su.nu,su.ni,sunu,suni
su.pu,su.pi,supu,supi
su.tu,su.ti,sutu,suti
su.ku,su.ki,suku,suki
su.bu,su.bi,subu,subi
su.du,su.di,sudu,sudi
su.gu,su.gi,sugu,sugi
su.fu,su.fi,sufu,sufi
su.su,su.si,susu,susi
su.vu,su.vi,suvu,suvi
su.zu,su.zi,suzu,suzi
su.ʃu,su.ʃi,suʃu,suʃi
su.ʒu,su.ʒi,suʒu,suʒi
su.θu,su.θi,suθu,suθi
su.ðu,su.ði,suðu,suði
su.hu,su.hi,suhu,suhi
su.mo,su.me,sumo,sume
su.no,su.ne,suno,sune
su.po,su.pe,supo,supe
su.to,su.te,suto,sute
su.ko,su.ke,suko,suke
su.bo,su.be,subo,sube
su.do,su.de,sudo,sude
su.go,su.ge,sugo,suge
su.fo,su.fe,sufo,sufe
su.so,su.se,suso,suse
su.vo,su.ve,suvo,suve
su.zo,su.ze,suzo,suze
su.ʃo,su.ʃe,suʃo,suʃe
su.ʒo,su.ʒe,suʒo,suʒe
su.θo,su.θe,suθo,suθe
su.ðo,su.ðe,suðo,suðe
su.ho,su.he,suho,suhe
vu.mi,vu.mu,vumi,vumu
vu.ni,vu.nu,vuni,vunu
vu.pi,vu.pu,vupi,vupu
vu.ti,vu.tu,vuti,vutu
vu.ki,vu.ku,vuki,vuku
vu.bi,vu.bu,vubi,vubu
vu.di,vu.du,vudi,vudu
vu.gi,vu.gu,vugi,vugu
vu.fi,vu.fu,vufi,vufu
vu.si,vu.su,vusi,vusu
vu.vi,vu.vu,vuvi,vuvu
vu.zi,vu.zu,vuzi,vuzu
vu.ʃi,vu.ʃu,vuʃi,vuʃu
vu.ʒi,vu.ʒu,vuʒi,vuʒu
vu.θi,vu.θu,vuθi,vuθu
vu.ði,vu.ðu,vuði,vuðu
vu.hi,vu.hu,vuhi,vuhu
vu.me,vu.mo,vume,vumo
vu.ne,vu.no,vune,vuno
vu.pe,vu.po,vupe,vupo
vu.te,vu.to,vute,vuto
vu.ke,vu.ko,vuke,vuko
vu.be,vu.bo,vube,vubo
vu.de,vu.do,vude,vudo
vu.ge,vu.go,vuge,vugo
vu.fe,vu.fo,vufe,vufo
vu.se,vu.so,vuse,vuso
vu.ve,vu.vo,vuve,vuvo
vu.ze,vu.zo,vuze,vuzo
vu.ʃe,vu.ʃo,vuʃe,vuʃo
vu.ʒe,vu.ʒo,vuʒe,vuʒo
vu.θe,vu.θo,vuθe,vuθo
vu.ðe,vu.ðo,vuðe,vuðo
vu.he,vu.ho,vuhe,vuho
vu.mu,vu.mi,vumu,vumi
vu.nu,vu.ni,vunu,vuni
vu.pu,vu.pi,vupu,vupi
vu.tu,vu.ti,vutu,vuti
vu.ku,vu.ki,vuku,vuki
vu.bu,vu.bi,vubu,vubi
vu.du,vu.di,vudu,vudi
vu.gu,vu.gi,vugu,vugi
vu.fu,vu.fi,vufu,vufi
vu.su,vu.si,vusu,vusi
vu.vu,vu.vi,vuvu,vuvi
vu.zu,vu.zi,vuzu,vuzi
vu.ʃu,vu.ʃi,vuʃu,vuʃi
vu.ʒu,vu.ʒi,vuʒu,vuʒi
vu.θu,vu.θi,vuθu,vuθi
vu.ðu,vu.ði,vuðu,vuði
vu.hu,vu.hi,vuhu,vuhi
vu.mo,vu.me,vumo,vume
vu.no,vu.ne,vuno,vune
vu.po,vu.pe,vupo,vupe
vu.to,vu.te,vuto,vute
vu.ko,vu.ke,vuko,vuke
vu.bo,vu.be,vubo,vube
vu.do,vu.de,vudo,vude
vu.go,vu.ge,vugo,vuge
vu.fo,vu.fe,vufo,vufe
vu.so,vu.se,vuso,vuse
vu.vo,vu.ve,vuvo,vuve
vu.zo,vu.ze,vuzo,vuze
vu.ʃo,vu.ʃe,vuʃo,vuʃe
vu.ʒo,vu.ʒe,vuʒo,vuʒe
vu.θo,vu.θe,vuθo,vuθe
vu.ðo,vu.ðe,vuðo,vuðe
vu.ho,vu.he,vuho,vuhe
zu.mi,zu.mu,zumi,zumu
zu.ni,zu.nu,zuni,zunu
zu.pi,zu.pu,zupi,zupu
zu.ti,zu.tu,zuti,zutu
zu.ki,zu.ku,zuki,zuku
zu.bi,zu.bu,zubi,zubu
zu.di,zu.du,zudi,zudu
zu.gi,zu.gu,zugi,zugu
zu.fi,zu.fu,zufi,zufu
zu.si,zu.su,zusi,zusu
zu.vi,zu.vu,zuvi,zuvu
zu.zi,zu.zu,zuzi,zuzu
zu.ʃi,zu.ʃu,zuʃi,zuʃu
zu.ʒi,zu.ʒu,zuʒi,zuʒu
zu.θi,zu.θu,zuθi,zuθu
zu.ði,zu.ðu,zuði,zuðu
zu.hi,zu.hu,zuhi,zuhu
zu.me,zu.mo,zume,zumo
zu.ne,zu.no,zune,zuno
zu.pe,zu.po,zupe,zupo
zu.te,zu.to,zute,zuto
zu.ke,zu.ko,zuke,zuko
zu.be,zu.bo,zube,zubo
zu.de,zu.do,zude,zudo
zu.ge,zu.go,zuge,zugo
zu.fe,zu.fo,zufe,zufo
zu.se,zu.so,zuse,zuso
zu.ve,zu.vo,zuve,zuvo
zu.ze,zu.zo,zuze,zuzo
zu.ʃe,zu.ʃo,zuʃe,zuʃo
zu.ʒe,zu.ʒo,zuʒe,zuʒo
zu.θe,zu.θo,zuθe,zuθo
zu.ðe,zu.ðo,zuðe,zuðo
zu.he,zu.ho,zuhe,zuho
zu.mu,zu.mi,zumu,zumi
zu.nu,zu.ni,zunu,zuni
zu.pu,zu.pi,zupu,zupi
zu.tu,zu.ti,zutu,zuti
zu.ku,zu.ki,zuku,zuki
zu.bu,zu.bi,zubu,zubi
zu.du,zu.di,zudu,zudi
zu.gu,zu.gi,zugu,zugi
zu.fu,zu.fi,zufu,zufi
zu.su,zu.si,zusu,zusi
zu.vu,zu.vi,zuvu,zuvi
zu.zu,zu.zi,zuzu,zuzi
zu.ʃu,zu.ʃi,zuʃu,zuʃi
zu.ʒu,zu.ʒi,zuʒu,zuʒi
zu.θu,zu.θi,zuθu,zuθi
zu.ðu,zu.ði,zuðu,zuði
zu.hu,zu.hi,zuhu,zuhi
zu.mo,zu.me,zumo,zume
zu.no,zu.ne,zuno,zune
zu.po,zu.pe,zupo,zupe
zu.to,zu.te,zuto,zute
zu.ko,zu.ke,zuko,zuke
zu.bo,zu.be,zubo,zube
zu.do,zu.de,zudo,zude
zu.go,zu.ge,zugo,zuge
zu.fo,zu.fe,zufo,zufe
zu.so,zu.se,zuso,zuse
zu.vo,zu.ve,zuvo,zuve
zu.zo,zu.ze,zuzo,zuze
zu.ʃo,zu.ʃe,zuʃo,zuʃe
zu.ʒo,zu.ʒe,zuʒo,zuʒe
zu.θo,zu.θe,zuθo,zuθe
zu.ðo,zu.ðe,zuðo,zuðe
zu.ho,zu.he,zuho,zuhe
ʃu.mi,ʃu.mu,ʃumi,ʃumu
ʃu.ni,ʃu.nu,ʃuni,ʃunu
ʃu.pi,ʃu.pu,ʃupi,ʃupu
ʃu.ti,ʃu.tu,ʃuti,ʃutu
ʃu.ki,ʃu.ku,ʃuki,ʃuku
ʃu.bi,ʃu.bu,ʃubi,ʃubu
ʃu.di,ʃu.du,ʃudi,ʃudu
ʃu.gi,ʃu.gu,ʃugi,ʃugu
ʃu.fi,ʃu.fu,ʃufi,ʃufu
ʃu.si,ʃu.su,ʃusi,ʃusu
ʃu.vi,ʃu.vu,ʃuvi,ʃuvu
ʃu.zi,ʃu.zu,ʃuzi,ʃuzu
ʃu.ʃi,ʃu.ʃu,ʃuʃi,ʃuʃu
ʃu.ʒi,ʃu.ʒu,ʃuʒi,ʃuʒu
ʃu.θi,ʃu.θu,ʃuθi,ʃuθu
ʃu.ði,ʃu.ðu,ʃuði,ʃuðu
ʃu.hi,ʃu.hu,ʃuhi,ʃuhu
ʃu.me,ʃu.mo,ʃume,ʃumo
ʃu.ne,ʃu.no,ʃune,ʃuno
ʃu.pe,ʃu.po,ʃupe,ʃupo
ʃu.te,ʃu.to,ʃute,ʃuto
ʃu.ke,ʃu.ko,ʃuke,ʃuko
ʃu.be,ʃu.bo,ʃube,ʃubo
ʃu.de,ʃu.do,ʃude,ʃudo
ʃu.ge,ʃu.go,ʃuge,ʃugo
ʃu.fe,ʃu.fo,ʃufe,ʃufo
ʃu.se,ʃu.so,ʃuse,ʃuso
ʃu.ve,ʃu.vo,ʃuve,ʃuvo
ʃu.ze,ʃu.zo,ʃuze,ʃuzo
ʃu.ʃe,ʃu.ʃo,ʃuʃe,ʃuʃo
ʃu.ʒe,ʃu.ʒo,ʃuʒe,ʃuʒo
ʃu.θe,ʃu.θo,ʃuθe,ʃuθo
ʃu.ðe,ʃu.ðo,ʃuðe,ʃuðo
ʃu.he,ʃu.ho,ʃuhe,ʃuho
ʃu.mu,ʃu.mi,ʃumu,ʃumi
ʃu.nu,ʃu.ni,ʃunu,ʃuni
ʃu.pu,ʃu.pi,ʃupu,ʃupi
ʃu.tu,ʃu.ti,ʃutu,ʃuti
ʃu.ku,ʃu.ki,ʃuku,ʃuki
ʃu.bu,ʃu.bi,ʃubu,ʃubi
ʃu.du,ʃu.di,ʃudu,ʃudi
ʃu.gu,ʃu.gi,ʃugu,ʃugi
ʃu.fu,ʃu.fi,ʃufu,ʃufi
ʃu.su,ʃu.si,ʃusu,ʃusi
ʃu.vu,ʃu.vi,ʃuvu,ʃuvi
ʃu.zu,ʃu.zi,ʃuzu,ʃuzi
ʃu.ʃu,ʃu.ʃi,ʃuʃu,ʃuʃi
ʃu.ʒu,ʃu.ʒi,ʃuʒu,ʃuʒi
ʃu.θu,ʃu.θi,ʃuθu,ʃuθi
ʃu.ðu,ʃu.ði,ʃuðu,ʃuði
ʃu.hu,ʃu.hi,ʃuhu,ʃuhi
ʃu.mo,ʃu.me,ʃumo,ʃume
ʃu.no,ʃu.ne,ʃuno,ʃune
ʃu.po,ʃu.pe,ʃupo,ʃupe
ʃu.to,ʃu.te,ʃuto,ʃute
ʃu.ko,ʃu.ke,ʃuko,ʃuke
ʃu.bo,ʃu.be,ʃubo,ʃube
ʃu.do,ʃu.de,ʃudo,ʃude
ʃu.go,ʃu.ge,ʃugo,ʃuge
ʃu.fo,ʃu.fe,ʃufo,ʃufe
ʃu.so,ʃu.se,ʃuso,ʃuse
ʃu.vo,ʃu.ve,ʃuvo,ʃuve
ʃu.zo,ʃu.ze,ʃuzo,ʃuze
ʃu.ʃo,ʃu.ʃe,ʃuʃo,ʃuʃe
ʃu.ʒo,ʃu.ʒe,ʃuʒo,ʃuʒe
ʃu.θo,ʃu.θe,ʃuθo,ʃuθe
ʃu.ðo,ʃu.ðe,ʃuðo,ʃuðe
ʃu.ho,ʃu.he,ʃuho,ʃuhe
ʒu.mi,ʒu.mu,ʒumi,ʒumu
ʒu.ni,ʒu.nu,ʒuni,ʒunu
ʒu.pi,ʒu.pu,ʒupi,ʒupu
ʒu.ti,ʒu.tu,ʒuti,ʒutu
ʒu.ki,ʒu.ku,ʒuki,ʒuku
ʒu.bi,ʒu.bu,ʒubi,ʒubu
ʒu.di,ʒu.du,ʒudi,ʒudu
ʒu.gi,ʒu.gu,ʒugi,ʒugu
ʒu.fi,ʒu.fu,ʒufi,ʒufu
ʒu.si,ʒu.su,ʒusi,ʒusu
ʒu.vi,ʒu.vu,ʒuvi,ʒuvu
ʒu.zi,ʒu.zu,ʒuzi,ʒuzu
ʒu.ʃi,ʒu.ʃu,ʒuʃi,ʒuʃu
ʒu.ʒi,ʒu.ʒu,ʒuʒi,ʒuʒu
ʒu.θi,ʒu.θu,ʒuθi,ʒuθu
ʒu.ði,ʒu.ðu,ʒuði,ʒuðu
ʒu.hi,ʒu.hu,ʒuhi,ʒuhu
ʒu.me,ʒu.mo,ʒume,ʒumo
ʒu.ne,ʒu.no,ʒune,ʒuno
ʒu.pe,ʒu.po,ʒupe,ʒupo
ʒu.te,ʒu.to,ʒute,ʒuto
ʒu.ke,ʒu.ko,ʒuke,ʒuko
ʒu.be,ʒu.bo,ʒube,ʒubo
ʒu.de,ʒu.do,ʒude,ʒudo
ʒu.ge,ʒu.go,ʒuge,ʒugo
ʒu.fe,ʒu.fo,ʒufe,ʒufo
ʒu.se,ʒu.so,ʒuse,ʒuso
ʒu.ve,ʒu.vo,ʒuve,ʒuvo
ʒu.ze,ʒu.zo,ʒuze,ʒuzo
ʒu.ʃe,ʒu.ʃo,ʒuʃe,ʒuʃo
ʒu.ʒe,ʒu.ʒo,ʒuʒe,ʒuʒo
ʒu.θe,ʒu.θo,ʒuθe,ʒuθo
ʒu.ðe,ʒu.ðo,ʒuðe,ʒuðo
ʒu.he,ʒu.ho,ʒuhe,ʒuho
ʒu.mu,ʒu.mi,ʒumu,ʒumi
ʒu.nu,ʒu.ni,ʒunu,ʒuni
ʒu.pu,ʒu.pi,ʒupu,ʒupi
ʒu.tu,ʒu.ti,ʒutu,ʒuti
ʒu.ku,ʒu.ki,ʒuku,ʒuki
ʒu.bu,ʒu.bi,ʒubu,ʒubi
ʒu.du,ʒu.di,ʒudu,ʒudi
ʒu.gu,ʒu.gi,ʒugu,ʒugi
ʒu.fu,ʒu.fi,ʒufu,ʒufi
ʒu.su,ʒu.si,ʒusu,ʒusi
ʒu.vu,ʒu.vi,ʒuvu,ʒuvi
ʒu.zu,ʒu.zi,ʒuzu,ʒuzi
ʒu.ʃu,ʒu.ʃi,ʒuʃu,ʒuʃi
ʒu.ʒu,ʒu.ʒi,ʒuʒu,ʒuʒi
ʒu.θu,ʒu.θi,ʒuθu,ʒuθi
ʒu.ðu,ʒu.ði,ʒuðu,ʒuði
ʒu.hu,ʒu.hi,ʒuhu,ʒuhi
ʒu.mo,ʒu.me,ʒumo,ʒume
ʒu.no,ʒu.ne,ʒuno,ʒune
ʒu.po,ʒu.pe,ʒupo,ʒupe
ʒu.to,ʒu.te,ʒuto,ʒute
ʒu.ko,ʒu.ke,ʒuko,ʒuke
ʒu.bo,ʒu.be,ʒubo,ʒube
ʒu.do,ʒu.de,ʒudo,ʒude
ʒu.go,ʒu.ge,ʒugo,ʒuge
ʒu.fo,ʒu.fe,ʒufo,ʒufe
ʒu.so,ʒu.se,ʒuso,ʒuse
ʒu.vo,ʒu.ve,ʒuvo,ʒuve
ʒu.zo,ʒu.ze,ʒuzo,ʒuze
ʒu.ʃo,ʒu.ʃe,ʒuʃo,ʒuʃe
ʒu.ʒo,ʒu.ʒe,ʒuʒo,ʒuʒe
ʒu.θo,ʒu.θe,ʒuθo,ʒuθe
ʒu.ðo,ʒu.ðe,ʒuðo,ʒuðe
ʒu.ho,ʒu.he,ʒuho,ʒuhe
θu.mi,θu.mu,θumi,θumu
θu.ni,θu.nu,θuni,θunu
θu.pi,θu.pu,θupi,θupu
θu.ti,θu.tu,θuti,θutu
θu.ki,θu.ku,θuki,θuku
θu.bi,θu.bu,θubi,θubu
θu.di,θu.du,θudi,θudu
θu.gi,θu.gu,θugi,θugu
θu.fi,θu.fu,θufi,θufu
θu.si,θu.su,θusi,θusu
θu.vi,θu.vu,θuvi,θuvu
θu.zi,θu.zu,θuzi,θuzu
θu.ʃi,θu.ʃu,θuʃi,θuʃu
θu.ʒi,θu.ʒu,θuʒi,θuʒu
θu.θi,θu.θu,θuθi,θuθu
θu.ði,θu.ðu,θuði,θuðu
θu.hi,θu.hu,θuhi,θuhu
θu.me,θu.mo,θume,θumo
θu.ne,θu.no,θune,θuno
θu.pe,θu.po,θupe,θupo
θu.te,θu.to,θute,θuto
θu.ke,θu.ko,θuke,θuko
θu.be,θu.bo,θube,θubo
θu.de,θu.do,θude,θudo
θu.ge,θu.go,θuge,θugo
θu.fe,θu.fo,θufe,θufo
θu.se,θu.so,θuse,θuso
θu.ve,θu.vo,θuve,θuvo
θu.ze,θu.zo,θuze,θuzo
θu.ʃe,θu.ʃo,θuʃe,θuʃo
θu.ʒe,θu.ʒo,θuʒe,θuʒo
θu.θe,θu.θo,θuθe,θuθo
θu.ðe,θu.ðo,θuðe,θuðo
θu.he,θu.ho,θuhe,θuho
θu.mu,θu.mi,θumu,θumi
θu.nu,θu.ni,θunu,θuni
θu.pu,θu.pi,θupu,θupi
θu.tu,θu.ti,θutu,θuti
θu.ku,θu.ki,θuku,θuki
θu.bu,θu.bi,θubu,θubi
θu.du,θu.di,θudu,θudi
θu.gu,θu.gi,θugu,θugi
θu.fu,θu.fi,θufu,θufi
θu.su,θu.si,θusu,θusi
θu.vu,θu.vi,θuvu,θuvi
θu.zu,θu.zi,θuzu,θuzi
θu.ʃu,θu.ʃi,θuʃu,θuʃi
θu.ʒu,θu.ʒi,θuʒu,θuʒi
θu.θu,θu.θi,θuθu,θuθi
θu.ðu,θu.ði,θuðu,θuði
θu.hu,θu.hi,θuhu,θuhi
θu.mo,θu.me,θumo,θume
θu.no,θu.ne,θuno,θune
θu.po,θu.pe,θupo,θupe
θu.to,θu.te,θuto,θute
θu.ko,θu.ke,θuko,θuke
θu.bo,θu.be,θubo,θube
θu.do,θu.de,θudo,θude
θu.go,θu.ge,θugo,θuge
θu.fo,θu.fe,θufo,θufe
θu.so,θu.se,θuso,θuse
θu.vo,θu.ve,θuvo,θuve
θu.zo,θu.ze,θuzo,θuze
θu.ʃo,θu.ʃe,θuʃo,θuʃe
θu.ʒo,θu.ʒe,θuʒo,θuʒe
θu.θo,θu.θe,θuθo,θuθe
θu.ðo,θu.ðe,θuðo,θuðe
θu.ho,θu.he,θuho,θuhe
ðu.mi,ðu.mu,ðumi,ðumu
ðu.ni,ðu.nu,ðuni,ðunu
ðu.pi,ðu.pu,ðupi,ðupu
ðu.ti,ðu.tu,ðuti,ðutu
ðu.ki,ðu.ku,ðuki,ðuku
ðu.bi,ðu.bu,ðubi,ðubu
ðu.di,ðu.du,ðudi,ðudu
ðu.gi,ðu.gu,ðugi,ðugu
ðu.fi,ðu.fu,ðufi,ðufu
ðu.si,ðu.su,ðusi,ðusu
ðu.vi,ðu.vu,ðuvi,ðuvu
ðu.zi,ðu.zu,ðuzi,ðuzu
ðu.ʃi,ðu.ʃu,ðuʃi,ðuʃu
ðu.ʒi,ðu.ʒu,ðuʒi,ðuʒu
ðu.θi,ðu.θu,ðuθi,ðuθu
ðu.ði,ðu.ðu,ðuði,ðuðu
ðu.hi,ðu.hu,ðuhi,ðuhu
ðu.me,ðu.mo,ðume,ðumo
ðu.ne,ðu.no,ðune,ðuno
ðu.pe,ðu.po,ðupe,ðupo
ðu.te,ðu.to,ðute,ðuto
ðu.ke,ðu.ko,ðuke,ðuko
ðu.be,ðu.bo,ðube,ðubo
ðu.de,ðu.do,ðude,ðudo
ðu.ge,ðu.go,ðuge,ðugo
ðu.fe,ðu.fo,ðufe,ðufo
ðu.se,ðu.so,ðuse,ðuso
ðu.ve,ðu.vo,ðuve,ðuvo
ðu.ze,ðu.zo,ðuze,ðuzo
ðu.ʃe,ðu.ʃo,ðuʃe,ðuʃo
ðu.ʒe,ðu.ʒo,ðuʒe,ðuʒo
ðu.θe,ðu.θo,ðuθe,ðuθo
ðu.ðe,ðu.ðo,ðuðe,ðuðo
ðu.he,ðu.ho,ðuhe,ðuho
ðu.mu,ðu.mi,ðumu,ðumi
ðu.nu,ðu.ni,ðunu,ðuni
ðu.pu,ðu.pi,ðupu,ðupi
ðu.tu,ðu.ti,ðutu,ðuti
ðu.ku,ðu.ki,ðuku,ðuki
ðu.bu,ðu.bi,ðubu,ðubi
ðu.du,ðu.di,ðudu,ðudi
ðu.gu,ðu.gi,ðugu,ðugi
ðu.fu,ðu.fi,ðufu,ðufi
ðu.su,ðu.si,ðusu,ðusi
ðu.vu,ðu.vi,ðuvu,ðuvi
ðu.zu,ðu.zi,ðuzu,ðuzi
ðu.ʃu,ðu.ʃi,ðuʃu,ðuʃi
ðu.ʒu,ðu.ʒi,ðuʒu,ðuʒi
ðu.θu,ðu.θi,ðuθu,ðuθi
ðu.ðu,ðu.ði,ðuðu,ðuði
ðu.hu,ðu.hi,ðuhu,ðuhi
ðu.mo,ðu.me,ðumo,ðume
ðu.no,ðu.ne,ðuno,ðune
ðu.po,ðu.pe,ðupo,ðupe
ðu.to,ðu.te,ðuto,ðute
ðu.ko,ðu.ke,ðuko,ðuke
ðu.bo,ðu.be,ðubo,ðube
ðu.do,ðu.de,ðudo,ðude
ðu.go,ðu.ge,ðugo,ðuge
ðu.fo,ðu.fe,ðufo,ðufe
ðu.so,ðu.se,ðuso,ðuse
ðu.vo,ðu.ve,ðuvo,ðuve
ðu.zo,ðu.ze,ðuzo,ðuze
ðu.ʃo,ðu.ʃe,ðuʃo,ðuʃe
ðu.ʒo,ðu.ʒe,ðuʒo,ðuʒe
ðu.θo,ðu.θe,ðuθo,ðuθe
ðu.ðo,ðu.ðe,ðuðo,ðuðe
ðu.ho,ðu.he,ðuho,ðuhe
hu.mi,hu.mu,humi,humu
hu.ni,hu.nu,huni,hunu
hu.pi,hu.pu,hupi,hupu
hu.ti,hu.tu,huti,hutu
hu.ki,hu.ku,huki,huku
hu.bi,hu.bu,hubi,hubu
hu.di,hu.du,hudi,hudu
hu.gi,hu.gu,hugi,hugu
hu.fi,hu.fu,hufi,hufu
hu.si,hu.su,husi,husu
hu.vi,hu.vu,huvi,huvu
hu.zi,hu.zu,huzi,huzu
hu.ʃi,hu.ʃu,huʃi,huʃu
hu.ʒi,hu.ʒu,huʒi,huʒu
hu.θi,hu.θu,huθi,huθu
hu.ði,hu.ðu,huði,huðu
hu.hi,hu.hu,huhi,huhu
hu.me,hu.mo,hume,humo
hu.ne,hu.no,hune,huno
hu.pe,hu.po,hupe,hupo
hu.te,hu.to,hute,huto
hu.ke,hu.ko,huke,huko
hu.be,hu.bo,hube,hubo
hu.de,hu.do,hude,hudo
hu.ge,hu.go,huge,hugo
hu.fe,hu.fo,hufe,hufo
hu.se,hu.so,huse,huso
hu.ve,hu.vo,huve,huvo
hu.ze,hu.zo,huze,huzo
hu.ʃe,hu.ʃo,huʃe,huʃo
hu.ʒe,hu.ʒo,huʒe,huʒo
hu.θe,hu.θo,huθe,huθo
hu.ðe,hu.ðo,huðe,huðo
hu.he,hu.ho,huhe,huho
hu.mu,hu.mi,humu,humi
hu.nu,hu.ni,hunu,huni
hu.pu,hu.pi,hupu,hupi
hu.tu,hu.ti,hutu,huti
hu.ku,hu.ki,huku,huki
hu.bu,hu.bi,hubu,hubi
hu.du,hu.di,hudu,hudi
hu.gu,hu.gi,hugu,hugi
hu.fu,hu.fi,hufu,hufi
hu.su,hu.si,husu,husi
hu.vu,hu.vi,huvu,huvi
hu.zu,hu.zi,huzu,huzi
hu.ʃu,hu.ʃi,huʃu,huʃi
hu.ʒu,hu.ʒi,huʒu,huʒi
hu.θu,hu.θi,huθu,huθi
hu.ðu,hu.ði,huðu,huði
hu.hu,hu.hi,huhu,huhi
hu.mo,hu.me,humo,hume
hu.no,hu.ne,huno,hune
hu.po,hu.pe,hupo,hupe
hu.to,hu.te,huto,hute
hu.ko,hu.ke,huko,huke
hu.bo,hu.be,hubo,hube
hu.do,hu.de,hudo,hude
hu.go,hu.ge,hugo,huge
hu.fo,hu.fe,hufo,hufe
hu.so,hu.se,huso,huse
hu.vo,hu.ve,huvo,huve
hu.zo,hu.ze,huzo,huze
hu.ʃo,hu.ʃe,huʃo,huʃe
hu.ʒo,hu.ʒe,huʒo,huʒe
hu.θo,hu.θe,huθo,huθe
hu.ðo,hu.ðe,huðo,huðe
hu.ho,hu.he,huho,huhe
mo.mi,mo.mu,momi,momu
mo.ni,mo.nu,moni,monu
mo.pi,mo.pu,mopi,mopu
mo.ti,mo.tu,moti,motu
mo.ki,mo.ku,moki,moku
mo.bi,mo.bu,mobi,mobu
mo.di,mo.du,modi,modu
mo.gi,mo.gu,mogi,mogu
mo.fi,mo.fu,mofi,mofu
mo.si,mo.su,mosi,mosu
mo.vi,mo.vu,movi,movu
mo.zi,mo.zu,mozi,mozu
mo.ʃi,mo.ʃu,moʃi,moʃu
mo.ʒi,mo.ʒu,moʒi,moʒu
mo.θi,mo.θu,moθi,moθu
mo.ði,mo.ðu,moði,moðu
mo.hi,mo.hu,mohi,mohu
mo.me,mo.mo,mome,momo
mo.ne,mo.no,mone,mono
mo.pe,mo.po,mope,mopo
mo.te,mo.to,mote,moto
mo.ke,mo.ko,moke,moko
mo.be,mo.bo,mobe,mobo
mo.de,mo.do,mode,modo
mo.ge,mo.go,moge,mogo
mo.fe,mo.fo,mofe,mofo
mo.se,mo.so,mose,moso
mo.ve,mo.vo,move,movo
mo.ze,mo.zo,moze,mozo
mo.ʃe,mo.ʃo,moʃe,moʃo
mo.ʒe,mo.ʒo,moʒe,moʒo
mo.θe,mo.θo,moθe,moθo
mo.ðe,mo.ðo,moðe,moðo
mo.he,mo.ho,mohe,moho
mo.mu,mo.mi,momu,momi
mo.nu,mo.ni,monu,moni
mo.pu,mo.pi,mopu,mopi
mo.tu,mo.ti,motu,moti
mo.ku,mo.ki,moku,moki
mo.bu,mo.bi,mobu,mobi
mo.du,mo.di,modu,modi
mo.gu,mo.gi,mogu,mogi
mo.fu,mo.fi,mofu,mofi
mo.su,mo.si,mosu,mosi
mo.vu,mo.vi,movu,movi
mo.zu,mo.zi,mozu,mozi
mo.ʃu,mo.ʃi,moʃu,moʃi
mo.ʒu,mo.ʒi,moʒu,moʒi
mo.θu,mo.θi,moθu,moθi
mo.ðu,mo.ði,moðu,moði
mo.hu,mo.hi,mohu,mohi
mo.mo,mo.me,momo,mome
mo.no,mo.ne,mono,mone
mo.po,mo.pe,mopo,mope
mo.to,mo.te,moto,mote
mo.ko,mo.ke,moko,moke
mo.bo,mo.be,mobo,mobe
mo.do,mo.de,modo,mode
mo.go,mo.ge,mogo,moge
mo.fo,mo.fe,mofo,mofe
mo.so,mo.se,moso,mose
mo.vo,mo.ve,movo,move
mo.zo,mo.ze,mozo,moze
mo.ʃo,mo.ʃe,moʃo,moʃe
mo.ʒo,mo.ʒe,moʒo,moʒe
mo.θo,mo.θe,moθo,moθe
mo.ðo,mo.ðe,moðo,moðe
mo.ho,mo.he,moho,mohe
no.mi,no.mu,nomi,nomu
no.ni,no.nu,noni,nonu
no.pi,no.pu,nopi,nopu
no.ti,no.tu,noti,notu
no.ki,no.ku,noki,noku
no.bi,no.bu,nobi,nobu
no.di,no.du,nodi,nodu
no.gi,no.gu,nogi,nogu
no.fi,no.fu,nofi,nofu
no.si,no.su,nosi,nosu
no.vi,no.vu,novi,novu
no.zi,no.zu,nozi,nozu
no.ʃi,no.ʃu,noʃi,noʃu
no.ʒi,no.ʒu,noʒi,noʒu
no.θi,no.θu,noθi,noθu
no.ði,no.ðu,noði,noðu
no.hi,no.hu,nohi,nohu
no.me,no.mo,nome,nomo
no.ne,no.no,none,nono
no.pe,no.po,nope,nopo
no.te,no.to,note,noto
no.ke,no.ko,noke,noko
no.be,no.bo,nobe,nobo
no.de,no.do,node,nodo
no.ge,no.go,noge,nogo
no.fe,no.fo,nofe,nofo
no.se,no.so,nose,noso
no.ve,no.vo,nove,novo
no.ze,no.zo,noze,nozo
no.ʃe,no.ʃo,noʃe,noʃo
no.ʒe,no.ʒo,noʒe,noʒo
no.θe,no.θo,noθe,noθo
no.ðe,no.ðo,noðe,noðo
no.he,no.ho,nohe,noho
no.mu,no.mi,nomu,nomi
no.nu,no.ni,nonu,noni
no.pu,no.pi,nopu,nopi
no.tu,no.ti,notu,noti
no.ku,no.ki,noku,noki
no.bu,no.bi,nobu,nobi
no.du,no.di,nodu,nodi
no.gu,no.gi,nogu,nogi
no.fu,no.fi,nofu,nofi
no.su,no.si,nosu,nosi
no.vu,no.vi,novu,novi
no.zu,no.zi,nozu,nozi
no.ʃu,no.ʃi,noʃu,noʃi
no.ʒu,no.ʒi,noʒu,noʒi
no.θu,no.θi,noθu,noθi
no.ðu,no.ði,noðu,noði
no.hu,no.hi,nohu,nohi
no.mo,no.me,nomo,nome
no.no,no.ne,nono,none
no.po,no.pe,nopo,nope
no.to,no.te,noto,note
no.ko,no.ke,noko,noke
no.bo,no.be,nobo,nobe
no.do,no.de,nodo,node
no.go,no.ge,nogo,noge
no.fo,no.fe,nofo,nofe
no.so,no.se,noso,nose
no.vo,no.ve,novo,nove
no.zo,no.ze,nozo,noze
no.ʃo,no.ʃe,noʃo,noʃe
no.ʒo,no.ʒe,noʒo,noʒe
no.θo,no.θe,noθo,noθe
no.ðo,no.ðe,noðo,noðe
no.ho,no.he,noho,nohe
po.mi,po.mu,pomi,pomu
po.ni,po.nu,poni,ponu
po.pi,po.pu,popi,popu
po.ti,po.tu,poti,potu
po.ki,po.ku,poki,poku
po.bi,po.bu,pobi,pobu
po.di,po.du,podi,podu
po.gi,po.gu,pogi,pogu
po.fi,po.fu,pofi,pofu
po.si,po.su,posi,posu
po.vi,po.vu,povi,povu
po.zi,po.zu,pozi,pozu
po.ʃi,po.ʃu,poʃi,poʃu
po.ʒi,po.ʒu,poʒi,poʒu
po.θi,po.θu,poθi,poθu
po.ði,po.ðu,poði,poðu
po.hi,po.hu,pohi,pohu
po.me,po.mo,pome,pomo
po.ne,po.no,pone,pono
po.pe,po.po,pope,popo
po.te,po.to,pote,poto
po.ke,po.ko,poke,poko
po.be,po.bo,pobe,pobo
po.de,po.do,pode,podo
po.ge,po.go,poge,pogo
po.fe,po.fo,pofe,pofo
po.se,po.so,pose,poso
po.ve,po.vo,pove,povo
po.ze,po.zo,poze,pozo
po.ʃe,po.ʃo,poʃe,poʃo
po.ʒe,po.ʒo,poʒe,poʒo
po.θe,po.θo,poθe,poθo
po.ðe,po.ðo,poðe,poðo
po.he,po.ho,pohe,poho
po.mu,po.mi,pomu,pomi
po.nu,po.ni,ponu,poni
po.pu,po.pi,popu,popi
po.tu,po.ti,potu,poti
po.ku,po.ki,poku,poki
po.bu,po.bi,pobu,pobi
po.du,po.di,podu,podi
po.gu,po.gi,pogu,pogi
po.fu,po.fi,pofu,pofi
po.su,po.si,posu,posi
po.vu,po.vi,povu,povi
po.zu,po.zi,pozu,pozi
po.ʃu,po.ʃi,poʃu,poʃi
po.ʒu,po.ʒi,poʒu,poʒi
po.θu,po.θi,poθu,poθi
po.ðu,po.ði,poðu,poði
po.hu,po.hi,pohu,pohi
po.mo,po.me,pomo,pome
po.no,po.ne,pono,pone
po.po,po.pe,popo,pope
po.to,po.te,poto,pote
po.ko,po.ke,poko,poke
po.bo,po.be,pobo,pobe
po.do,po.de,podo,pode
po.go,po.ge,pogo,poge
po.fo,po.fe,pofo,pofe
po.so,po.se,poso,pose
po.vo,po.ve,povo,pove
po.zo,po.ze,pozo,poze
po.ʃo,po.ʃe,poʃo,poʃe
po.ʒo,po.ʒe,poʒo,poʒe
po.θo,po.θe,poθo,poθe
po.ðo,po.ðe,poðo,poðe
po.ho,po.he,poho,pohe
to.mi,to.mu,tomi,tomu
to.ni,to.nu,toni,tonu
to.pi,to.pu,topi,topu
to.ti,to.tu,toti,totu
to.ki,to.ku,toki,toku
to.bi,to.bu,tobi,tobu
to.di,to.du,todi,todu
to.gi,to.gu,togi,togu
to.fi,to.fu,tofi,tofu
to.si,to.su,tosi,tosu
to.vi,to.vu,tovi,tovu
to.zi,to.zu,tozi,tozu
to.ʃi,to.ʃu,toʃi,toʃu
to.ʒi,to.ʒu,toʒi,toʒu
to.θi,to.θu,toθi,toθu
to.ði,to.ðu,toði,toðu
to.hi,to.hu,tohi,tohu
to.me,to.mo,tome,tomo
to.ne,to.no,tone,tono
to.pe,to.po,tope,topo
to.te,to.to,tote,toto
to.ke,to.ko,toke,toko
to.be,to.bo,tobe,tobo
to.de,to.do,tode,todo
to.ge,to.go,toge,togo
to.fe,to.fo,tofe,tofo
to.se,to.so,tose,toso
to.ve,to.vo,tove,tovo
to.ze,to.zo,toze,tozo
to.ʃe,to.ʃo,toʃe,toʃo
to.ʒe,to.ʒo,toʒe,toʒo
to.θe,to.θo,toθe,toθo
to.ðe,to.ðo,toðe,toðo
to.he,to.ho,tohe,toho
to.mu,to.mi,tomu,tomi
to.nu,to.ni,tonu,toni
to.pu,to.pi,topu,topi
to.tu,to.ti,totu,toti
to.ku,to.ki,toku,toki
to.bu,to.bi,tobu,tobi
to.du,to.di,todu,todi
to.gu,to.gi,togu,togi
to.fu,to.fi,tofu,tofi
to.su,to.si,tosu,tosi
to.vu,to.vi,tovu,tovi
to.zu,to.zi,tozu,tozi
to.ʃu,to.ʃi,toʃu,toʃi
to.ʒu,to.ʒi,toʒu,toʒi
to.θu,to.θi,toθu,toθi
to.ðu,to.ði,toðu,toði
to.hu,to.hi,tohu,tohi
to.mo,to.me,tomo,tome
to.no,to.ne,tono,tone
to.po,to.pe,topo,tope
to.to,to.te,toto,tote
to.ko,to.ke,toko,toke
to.bo,to.be,tobo,tobe
to.do,to.de,todo,tode
to.go,to.ge,togo,toge
to.fo,to.fe,tofo,tofe
to.so,to.se,toso,tose
to.vo,to.ve,tovo,tove
to.zo,to.ze,tozo,toze
to.ʃo,to.ʃe,toʃo,toʃe
to.ʒo,to.ʒe,toʒo,toʒe
to.θo,to.θe,toθo,toθe
to.ðo,to.ðe,toðo,toðe
to.ho,to.he,toho,tohe
ko.mi,ko.mu,komi,komu
ko.ni,ko.nu,koni,konu
ko.pi,ko.pu,kopi,kopu
ko.ti,ko.tu,koti,kotu
ko.ki,ko.ku,koki,koku
ko.bi,ko.bu,kobi,kobu
ko.di,ko.du,kodi,kodu
ko.gi,ko.gu,kogi,kogu
ko.fi,ko.fu,kofi,kofu
ko.si,ko.su,kosi,kosu
ko.vi,ko.vu,kovi,kovu
ko.zi,ko.zu,kozi,kozu
ko.ʃi,ko.ʃu,koʃi,koʃu
ko.ʒi,ko.ʒu,koʒi,koʒu
ko.θi,ko.θu,koθi,koθu
ko.ði,ko.ðu,koði,koðu
ko.hi,ko.hu,kohi,kohu
ko.me,ko.mo,kome,komo
ko.ne,ko.no,kone,kono
ko.pe,ko.po,kope,kopo
ko.te,ko.to,kote,koto
ko.ke,ko.ko,koke,koko
ko.be,ko.bo,kobe,kobo
ko.de,ko.do,kode,kodo
ko.ge,ko.go,koge,kogo
ko.fe,ko.fo,kofe,kofo
ko.se,ko.so,kose,koso
ko.ve,ko.vo,kove,kovo
ko.ze,ko.zo,koze,kozo
ko.ʃe,ko.ʃo,koʃe,koʃo
ko.ʒe,ko.ʒo,koʒe,koʒo
ko.θe,ko.θo,koθe,koθo
ko.ðe,ko.ðo,koðe,koðo
ko.he,ko.ho,kohe,koho
ko.mu,ko.mi,komu,komi
ko.nu,ko.ni,konu,koni
ko.pu,ko.pi,kopu,kopi
ko.tu,ko.ti,kotu,koti
ko.ku,ko.ki,koku,koki
ko.bu,ko.bi,kobu,kobi
ko.du,ko.di,kodu,kodi
ko.gu,ko.gi,kogu,kogi
ko.fu,ko.fi,kofu,kofi
ko.su,ko.si,kosu,kosi
ko.vu,ko.vi,kovu,kovi
ko.zu,ko.zi,kozu,kozi
ko.ʃu,ko.ʃi,koʃu,koʃi
ko.ʒu,ko.ʒi,koʒu,koʒi
ko.θu,ko.θi,koθu,koθi
ko.ðu,ko.ði,koðu,koði
ko.hu,ko.hi,kohu,kohi
ko.mo,ko.me,komo,kome
ko.no,ko.ne,kono,kone
ko.po,ko.pe,kopo,kope
ko.to,ko.te,koto,kote
ko.ko,ko.ke,koko,koke
ko.bo,ko.be,kobo,kobe
ko.do,ko.de,kodo,kode
ko.go,ko.ge,kogo,koge
ko.fo,ko.fe,kofo,kofe
ko.so,ko.se,koso,kose
ko.vo,ko.ve,kovo,kove
ko.zo,ko.ze,kozo,koze
ko.ʃo,ko.ʃe,koʃo,koʃe
ko.ʒo,ko.ʒe,koʒo,koʒe
ko.θo,ko.θe,koθo,koθe
ko.ðo,ko.ðe,koðo,koðe
ko.ho,ko.he,koho,kohe
bo.mi,bo.mu,bomi,bomu
bo.ni,bo.nu,boni,bonu
bo.pi,bo.pu,bopi,bopu
bo.ti,bo.tu,boti,botu
bo.ki,bo.ku,boki,boku
bo.bi,bo.bu,bobi,bobu
bo.di,bo.du,bodi,bodu
bo.gi,bo.gu,bogi,bogu
bo.fi,bo.fu,bofi,bofu
bo.si,bo.su,bosi,bosu
bo.vi,bo.vu,bovi,bovu
bo.zi,bo.zu,bozi,bozu
bo.ʃi,bo.ʃu,boʃi,boʃu
bo.ʒi,bo.ʒu,boʒi,boʒu
bo.θi,bo.θu,boθi,boθu
bo.ði,bo.ðu,boði,boðu
bo.hi,bo.hu,bohi,bohu
bo.me,bo.mo,bome,bomo
bo.ne,bo.no,bone,bono
bo.pe,bo.po,bope,bopo
bo.te,bo.to,bote,boto
bo.ke,bo.ko,boke,boko
bo.be,bo.bo,bobe,bobo
bo.de,bo.do,bode,bodo
bo.ge,bo.go,boge,bogo
bo.fe,bo.fo,bofe,bofo
bo.se,bo.so,bose,boso
bo.ve,bo.vo,bove,bovo
bo.ze,bo.zo,boze,bozo
bo.ʃe,bo.ʃo,boʃe,boʃo
bo.ʒe,bo.ʒo,boʒe,boʒo
bo.θe,bo.θo,boθe,boθo
bo.ðe,bo.ðo,boðe,boðo
bo.he,bo.ho,bohe,boho
bo.mu,bo.mi,bomu,bomi
bo.nu,bo.ni,bonu,boni
bo.pu,bo.pi,bopu,bopi
bo.tu,bo.ti,botu,boti
bo.ku,bo.ki,boku,boki
bo.bu,bo.bi,bobu,bobi
bo.du,bo.di,bodu,bodi
bo.gu,bo.gi,bogu,bogi
bo.fu,bo.fi,bofu,bofi
bo.su,bo.si,bosu,bosi
bo.vu,bo.vi,bovu,bovi
bo.zu,bo.zi,bozu,bozi
bo.ʃu,bo.ʃi,boʃu,boʃi
bo.ʒu,bo.ʒi,boʒu,boʒi
bo.θu,bo.θi,boθu,boθi
bo.ðu,bo.ði,boðu,boði
bo.hu,bo.hi,bohu,bohi
bo.mo,bo.me,bomo,bome
bo.no,bo.ne,bono,bone
bo.po,bo.pe,bopo,bope
bo.to,bo.te,boto,bote
bo.ko,bo.ke,boko,boke
bo.bo,bo.be,bobo,bobe
bo.do,bo.de,bodo,bode
bo.go,bo.ge,bogo,boge
bo.fo,bo.fe,bofo,bofe
bo.so,bo.se,boso,bose
bo.vo,bo.ve,bovo,bove
bo.zo,bo.ze,bozo,boze
bo.ʃo,bo.ʃe,boʃo,boʃe
bo.ʒo,bo.ʒe,boʒo,boʒe
bo.θo,bo.θe,boθo,boθe
bo.ðo,bo.ðe,boðo,boðe
bo.ho,bo.he,boho,bohe
do.mi,do.mu,domi,domu
do.ni,do.nu,doni,donu
do.pi,do.pu,dopi,dopu
do.ti,do.tu,doti,dotu
do.ki,do.ku,doki,doku
do.bi,do.bu,dobi,dobu
do.di,do.du,dodi,dodu
do.gi,do.gu,dogi,dogu
do.fi,do.fu,dofi,dofu
do.si,do.su,dosi,dosu
do.vi,do.vu,dovi,dovu
do.zi,do.zu,dozi,dozu
do.ʃi,do.ʃu,doʃi,doʃu
do.ʒi,do.ʒu,doʒi,doʒu
do.θi,do.θu,doθi,doθu
do.ði,do.ðu,doði,doðu
do.hi,do.hu,dohi,dohu
do.me,do.mo,dome,domo
do.ne,do.no,done,dono
do.pe,do.po,dope,dopo
do.te,do.to,dote,doto
do.ke,do.ko,doke,doko
do.be,do.bo,dobe,dobo
do.de,do.do,dode,dodo
do.ge,do.go,doge,dogo
do.fe,do.fo,dofe,dofo
do.se,do.so,dose,doso
do.ve,do.vo,dove,dovo
do.ze,do.zo,doze,dozo
do.ʃe,do.ʃo,doʃe,doʃo
do.ʒe,do.ʒo,doʒe,doʒo
do.θe,do.θo,doθe,doθo
do.ðe,do.ðo,doðe,doðo
do.he,do.ho,dohe,doho
do.mu,do.mi,domu,domi
do.nu,do.ni,donu,doni
do.pu,do.pi,dopu,dopi
do.tu,do.ti,dotu,doti
do.ku,do.ki,doku,doki
do.bu,do.bi,dobu,dobi
do.du,do.di,dodu,dodi
do.gu,do.gi,dogu,dogi
do.fu,do.fi,dofu,dofi
do.su,do.si,dosu,dosi
do.vu,do.vi,dovu,dovi
do.zu,do.zi,dozu,dozi
do.ʃu,do.ʃi,doʃu,doʃi
do.ʒu,do.ʒi,doʒu,doʒi
do.θu,do.θi,doθu,doθi
do.ðu,do.ði,doðu,doði
do.hu,do.hi,dohu,dohi
do.mo,do.me,domo,dome
do.no,do.ne,dono,done
do.po,do.pe,dopo,dope
do.to,do.te,doto,dote
do.ko,do.ke,doko,doke
do.bo,do.be,dobo,dobe
do.do,do.de,dodo,dode
do.go,do.ge,dogo,doge
do.fo,do.fe,dofo,dofe
do.so,do.se,doso,dose
do.vo,do.ve,dovo,dove
do.zo,do.ze,dozo,doze
do.ʃo,do.ʃe,doʃo,doʃe
do.ʒo,do.ʒe,doʒo,doʒe
do.θo,do.θe,doθo,doθe
do.ðo,do.ðe,doðo,doðe
do.ho,do.he,doho,dohe
go.mi,go.mu,gomi,gomu
go.ni,go.nu,goni,gonu
go.pi,go.pu,gopi,gopu
go.ti,go.tu,goti,gotu
go.ki,go.ku,goki,goku
go.bi,go.bu,gobi,gobu
go.di,go.du,godi,godu
go.gi,go.gu,gogi,gogu
go.fi,go.fu,gofi,gofu
go.si,go.su,gosi,gosu
go.vi,go.vu,govi,govu
go.zi,go.zu,gozi,gozu
go.ʃi,go.ʃu,goʃi,goʃu
go.ʒi,go.ʒu,goʒi,goʒu
go.θi,go.θu,goθi,goθu
go.ði,go.ðu,goði,goðu
go.hi,go.hu,gohi,gohu
go.me,go.mo,gome,gomo
go.ne,go.no,gone,gono
go.pe,go.po,gope,gopo
go.te,go.to,gote,goto
go.ke,go.ko,goke,goko
go.be,go.bo,gobe,gobo
go.de,go.do,gode,godo
go.ge,go.go,goge,gogo
go.fe,go.fo,gofe,gofo
go.se,go.so,gose,goso
go.ve,go.vo,gove,govo
go.ze,go.zo,goze,gozo
go.ʃe,go.ʃo,goʃe,goʃo
go.ʒe,go.ʒo,goʒe,goʒo
go.θe,go.θo,goθe,goθo
go.ðe,go.ðo,goðe,goðo
go.he,go.ho,gohe,goho
go.mu,go.mi,gomu,gomi
go.nu,go.ni,gonu,goni
go.pu,go.pi,gopu,gopi
go.tu,go.ti,gotu,goti
go.ku,go.ki,goku,goki
go.bu,go.bi,gobu,gobi
go.du,go.di,godu,godi
go.gu,go.gi,gogu,gogi
go.fu,go.fi,gofu,gofi
go.su,go.si,gosu,gosi
go.vu,go.vi,govu,govi
go.zu,go.zi,gozu,gozi
go.ʃu,go.ʃi,goʃu,goʃi
go.ʒu,go.ʒi,goʒu,goʒi
go.θu,go.θi,goθu,goθi
go.ðu,go.ði,goðu,goði
go.hu,go.hi,gohu,gohi
go.mo,go.me,gomo,gome
go.no,go.ne,gono,gone
go.po,go.pe,gopo,gope
go.to,go.te,goto,gote
go.ko,go.ke,goko,goke
go.bo,go.be,gobo,gobe
go.do,go.de,godo,gode
go.go,go.ge,gogo,goge
go.fo,go.fe,gofo,gofe
go.so,go.se,goso,gose
go.vo,go.ve,govo,gove
go.zo,go.ze,gozo,goze
go.ʃo,go.ʃe,goʃo,goʃe
go.ʒo,go.ʒe,goʒo,goʒe
go.θo,go.θe,goθo,goθe
go.ðo,go.ðe,goðo,goðe
go.ho,go.he,goho,gohe
fo.mi,fo.mu,fomi,fomu
fo.ni,fo.nu,foni,fonu
fo.pi,fo.pu,fopi,fopu
fo.ti,fo.tu,foti,fotu
fo.ki,fo.ku,foki,foku
fo.bi,fo.bu,fobi,fobu
fo.di,fo.du,fodi,fodu
fo.gi,fo.gu,fogi,fogu
fo.fi,fo.fu,fofi,fofu
fo.si,fo.su,fosi,fosu
fo.vi,fo.vu,fovi,fovu
fo.zi,fo.zu,fozi,fozu
fo.ʃi,fo.ʃu,foʃi,foʃu
fo.ʒi,fo.ʒu,foʒi,foʒu
fo.θi,fo.θu,foθi,foθu
fo.ði,fo.ðu,foði,foðu
fo.hi,fo.hu,fohi,fohu
fo.me,fo.mo,fome,fomo
fo.ne,fo.no,fone,fono
fo.pe,fo.po,fope,fopo
fo.te,fo.to,fote,foto
fo.ke,fo.ko,foke,foko
fo.be,fo.bo,fobe,fobo
fo.de,fo.do,fode,fodo
fo.ge,fo.go,foge,fogo
fo.fe,fo.fo,fofe,fofo
fo.se,fo.so,fose,foso
fo.ve,fo.vo,fove,fovo
fo.ze,fo.zo,foze,fozo
fo.ʃe,fo.ʃo,foʃe,foʃo
fo.ʒe,fo.ʒo,foʒe,foʒo
fo.θe,fo.θo,foθe,foθo
fo.ðe,fo.ðo,foðe,foðo
fo.he,fo.ho,fohe,foho
fo.mu,fo.mi,fomu,fomi
fo.nu,fo.ni,fonu,foni
fo.pu,fo.pi,fopu,fopi
fo.tu,fo.ti,fotu,foti
fo.ku,fo.ki,foku,foki
fo.bu,fo.bi,fobu,fobi
fo.du,fo.di,fodu,fodi
fo.gu,fo.gi,fogu,fogi
fo.fu,fo.fi,fofu,fofi
fo.su,fo.si,fosu,fosi
fo.vu,fo.vi,fovu,fovi
fo.zu,fo.zi,fozu,fozi
fo.ʃu,fo.ʃi,foʃu,foʃi
fo.ʒu,fo.ʒi,foʒu,foʒi
fo.θu,fo.θi,foθu,foθi
fo.ðu,fo.ði,foðu,foði
fo.hu,fo.hi,fohu,fohi
fo.mo,fo.me,fomo,fome
fo.no,fo.ne,fono,fone
fo.po,fo.pe,fopo,fope
fo.to,fo.te,foto,fote
fo.ko,fo.ke,foko,foke
fo.bo,fo.be,fobo,fobe
fo.do,fo.de,fodo,fode
fo.go,fo.ge,fogo,foge
fo.fo,fo.fe,fofo,fofe
fo.so,fo.se,foso,fose
fo.vo,fo.ve,fovo,fove
fo.zo,fo.ze,fozo,foze
fo.ʃo,fo.ʃe,foʃo,foʃe
fo.ʒo,fo.ʒe,foʒo,foʒe
fo.θo,fo.θe,foθo,foθe
fo.ðo,fo.ðe,foðo,foðe
fo.ho,fo.he,foho,fohe
so.mi,so.mu,somi,somu
so.ni,so.nu,soni,sonu
so.pi,so.pu,sopi,sopu
so.ti,so.tu,soti,sotu
so.ki,so.ku,soki,soku
so.bi,so.bu,sobi,sobu
so.di,so.du,sodi,sodu
so.gi,so.gu,sogi,sogu
so.fi,so.fu,sofi,sofu
so.si,so.su,sosi,sosu
so.vi,so.vu,sovi,sovu
so.zi,so.zu,sozi,sozu
so.ʃi,so.ʃu,soʃi,soʃu
so.ʒi,so.ʒu,soʒi,soʒu
so.θi,so.θu,soθi,soθu
so.ði,so.ðu,soði,soðu
so.hi,so.hu,sohi,sohu
so.me,so.mo,some,somo
so.ne,so.no,sone,sono
so.pe,so.po,sope,sopo
so.te,so.to,sote,soto
so.ke,so.ko,soke,soko
so.be,so.bo,sobe,sobo
so.de,so.do,sode,sodo
so.ge,so.go,soge,sogo
so.fe,so.fo,sofe,sofo
so.se,so.so,sose,soso
so.ve,so.vo,sove,sovo
so.ze,so.zo,soze,sozo
so.ʃe,so.ʃo,soʃe,soʃo
so.ʒe,so.ʒo,soʒe,soʒo
so.θe,so.θo,soθe,soθo
so.ðe,so.ðo,soðe,soðo
so.he,so.ho,sohe,soho
so.mu,so.mi,somu,somi
so.nu,so.ni,sonu,soni
so.pu,so.pi,sopu,sopi
so.tu,so.ti,sotu,soti
so.ku,so.ki,soku,soki
so.bu,so.bi,sobu,sobi
so.du,so.di,sodu,sodi
so.gu,so.gi,sogu,sogi
so.fu,so.fi,sofu,sofi
so.su,so.si,sosu,sosi
so.vu,so.vi,sovu,sovi
so.zu,so.zi,sozu,sozi
so.ʃu,so.ʃi,soʃu,soʃi
so.ʒu,so.ʒi,soʒu,soʒi
so.θu,so.θi,soθu,soθi
so.ðu,so.ði,soðu,soði
so.hu,so.hi,sohu,sohi
so.mo,so.me,somo,some
so.no,so.ne,sono,sone
so.po,so.pe,sopo,sope
so.to,so.te,soto,sote
so.ko,so.ke,soko,soke
so.bo,so.be,sobo,sobe
so.do,so.de,sodo,sode
so.go,so.ge,sogo,soge
so.fo,so.fe,sofo,sofe
so.so,so.se,soso,sose
so.vo,so.ve,sovo,sove
so.zo,so.ze,sozo,soze
so.ʃo,so.ʃe,soʃo,soʃe
so.ʒo,so.ʒe,soʒo,soʒe
so.θo,so.θe,soθo,soθe
so.ðo,so.ðe,soðo,soðe
so.ho,so.he,soho,sohe
vo.mi,vo.mu,vomi,vomu
vo.ni,vo.nu,voni,vonu
vo.pi,vo.pu,vopi,vopu
vo.ti,vo.tu,voti,votu
vo.ki,vo.ku,voki,voku
vo.bi,vo.bu,vobi,vobu
vo.di,vo.du,vodi,vodu
vo.gi,vo.gu,vogi,vogu
vo.fi,vo.fu,vofi,vofu
vo.si,vo.su,vosi,vosu
vo.vi,vo.vu,vovi,vovu
vo.zi,vo.zu,vozi,vozu
vo.ʃi,vo.ʃu,voʃi,voʃu
vo.ʒi,vo.ʒu,voʒi,voʒu
vo.θi,vo.θu,voθi,voθu
vo.ði,vo.ðu,voði,voðu
vo.hi,vo.hu,vohi,vohu
vo.me,vo.mo,vome,vomo
vo.ne,vo.no,vone,vono
vo.pe,vo.po,vope,vopo
vo.te,vo.to,vote,voto
vo.ke,vo.ko,voke,voko
vo.be,vo.bo,vobe,vobo
vo.de,vo.do,vode,vodo
vo.ge,vo.go,voge,vogo
vo.fe,vo.fo,vofe,vofo
vo.se,vo.so,vose,voso
vo.ve,vo.vo,vove,vovo
vo.ze,vo.zo,voze,vozo
vo.ʃe,vo.ʃo,voʃe,voʃo
vo.ʒe,vo.ʒo,voʒe,voʒo
vo.θe,vo.θo,voθe,voθo
vo.ðe,vo.ðo,voðe,voðo
vo.he,vo.ho,vohe,voho
vo.mu,vo.mi,vomu,vomi
vo.nu,vo.ni,vonu,voni
vo.pu,vo.pi,vopu,vopi
vo.tu,vo.ti,votu,voti
vo.ku,vo.ki,voku,voki
vo.bu,vo.bi,vobu,vobi
vo.du,vo.di,vodu,vodi
vo.gu,vo.gi,vogu,vogi
vo.fu,vo.fi,vofu,vofi
vo.su,vo.si,vosu,vosi
vo.vu,vo.vi,vovu,vovi
vo.zu,vo.zi,vozu,vozi
vo.ʃu,vo.ʃi,voʃu,voʃi
vo.ʒu,vo.ʒi,voʒu,voʒi
vo.θu,vo.θi,voθu,voθi
vo.ðu,vo.ði,voðu,voði
vo.hu,vo.hi,vohu,vohi
vo.mo,vo.me,vomo,vome
vo.no,vo.ne,vono,vone
vo.po,vo.pe,vopo,vope
vo.to,vo.te,voto,vote
vo.ko,vo.ke,voko,voke
vo.bo,vo.be,vobo,vobe
vo.do,vo.de,vodo,vode
vo.go,vo.ge,vogo,voge
vo.fo,vo.fe,vofo,vofe
vo.so,vo.se,voso,vose
vo.vo,vo.ve,vovo,vove
vo.zo,vo.ze,vozo,voze
vo.ʃo,vo.ʃe,voʃo,voʃe
vo.ʒo,vo.ʒe,voʒo,voʒe
vo.θo,vo.θe,voθo,voθe
vo.ðo,vo.ðe,voðo,voðe
vo.ho,vo.he,voho,vohe
zo.mi,zo.mu,zomi,zomu
zo.ni,zo.nu,zoni,zonu
zo.pi,zo.pu,zopi,zopu
zo.ti,zo.tu,zoti,zotu
zo.ki,zo.ku,zoki,zoku
zo.bi,zo.bu,zobi,zobu
zo.di,zo.du,zodi,zodu
zo.gi,zo.gu,zogi,zogu
zo.fi,zo.fu,zofi,zofu
zo.si,zo.su,zosi,zosu
zo.vi,zo.vu,zovi,zovu
zo.zi,zo.zu,zozi,zozu
zo.ʃi,zo.ʃu,zoʃi,zoʃu
zo.ʒi,zo.ʒu,zoʒi,zoʒu
zo.θi,zo.θu,zoθi,zoθu
zo.ði,zo.ðu,zoði,zoðu
zo.hi,zo.hu,zohi,zohu
zo.me,zo.mo,zome,zomo
zo.ne,zo.no,zone,zono
zo.pe,zo.po,zope,zopo
zo.te,zo.to,zote,zoto
zo.ke,zo.ko,zoke,zoko
zo.be,zo.bo,zobe,zobo
zo.de,zo.do,zode,zodo
zo.ge,zo.go,zoge,zogo
zo.fe,zo.fo,zofe,zofo
zo.se,zo.so,zose,zoso
zo.ve,zo.vo,zove,zovo
zo.ze,zo.zo,zoze,zozo
zo.ʃe,zo.ʃo,zoʃe,zoʃo
zo.ʒe,zo.ʒo,zoʒe,zoʒo
zo.θe,zo.θo,zoθe,zoθo
zo.ðe,zo.ðo,zoðe,zoðo
zo.he,zo.ho,zohe,zoho
zo.mu,zo.mi,zomu,zomi
zo.nu,zo.ni,zonu,zoni
zo.pu,zo.pi,zopu,zopi
zo.tu,zo.ti,zotu,zoti
zo.ku,zo.ki,zoku,zoki
zo.bu,zo.bi,zobu,zobi
zo.du,zo.di,zodu,zodi
zo.gu,zo.gi,zogu,zogi
zo.fu,zo.fi,zofu,zofi
zo.su,zo.si,zosu,zosi
zo.vu,zo.vi,zovu,zovi
zo.zu,zo.zi,zozu,zozi
zo.ʃu,zo.ʃi,zoʃu,zoʃi
zo.ʒu,zo.ʒi,zoʒu,zoʒi
zo.θu,zo.θi,zoθu,zoθi
zo.ðu,zo.ði,zoðu,zoði
zo.hu,zo.hi,zohu,zohi
zo.mo,zo.me,zomo,zome
zo.no,zo.ne,zono,zone
zo.po,zo.pe,zopo,zope
zo.to,zo.te,zoto,zote
zo.ko,zo.ke,zoko,zoke
zo.bo,zo.be,zobo,zobe
zo.do,zo.de,zodo,zode
zo.go,zo.ge,zogo,zoge
zo.fo,zo.fe,zofo,zofe
zo.so,zo.se,zoso,zose
zo.vo,zo.ve,zovo,zove
zo.zo,zo.ze,zozo,zoze
zo.ʃo,zo.ʃe,zoʃo,zoʃe
zo.ʒo,zo.ʒe,zoʒo,zoʒe
zo.θo,zo.θe,zoθo,zoθe
zo.ðo,zo.ðe,zoðo,zoðe
zo.ho,zo.he,zoho,zohe
ʃo.mi,ʃo.mu,ʃomi,ʃomu
ʃo.ni,ʃo.nu,ʃoni,ʃonu
ʃo.pi,ʃo.pu,ʃopi,ʃopu
ʃo.ti,ʃo.tu,ʃoti,ʃotu
ʃo.ki,ʃo.ku,ʃoki,ʃoku
ʃo.bi,ʃo.bu,ʃobi,ʃobu
ʃo.di,ʃo.du,ʃodi,ʃodu
ʃo.gi,ʃo.gu,ʃogi,ʃogu
ʃo.fi,ʃo.fu,ʃofi,ʃofu
ʃo.si,ʃo.su,ʃosi,ʃosu
ʃo.vi,ʃo.vu,ʃovi,ʃovu
ʃo.zi,ʃo.zu,ʃozi,ʃozu
ʃo.ʃi,ʃo.ʃu,ʃoʃi,ʃoʃu
ʃo.ʒi,ʃo.ʒu,ʃoʒi,ʃoʒu
ʃo.θi,ʃo.θu,ʃoθi,ʃoθu
ʃo.ði,ʃo.ðu,ʃoði,ʃoðu
ʃo.hi,ʃo.hu,ʃohi,ʃohu
ʃo.me,ʃo.mo,ʃome,ʃomo
ʃo.ne,ʃo.no,ʃone,ʃono
ʃo.pe,ʃo.po,ʃope,ʃopo
ʃo.te,ʃo.to,ʃote,ʃoto
ʃo.ke,ʃo.ko,ʃoke,ʃoko
ʃo.be,ʃo.bo,ʃobe,ʃobo
ʃo.de,ʃo.do,ʃode,ʃodo
ʃo.ge,ʃo.go,ʃoge,ʃogo
ʃo.fe,ʃo.fo,ʃofe,ʃofo
ʃo.se,ʃo.so,ʃose,ʃoso
ʃo.ve,ʃo.vo,ʃove,ʃovo
ʃo.ze,ʃo.zo,ʃoze,ʃozo
ʃo.ʃe,ʃo.ʃo,ʃoʃe,ʃoʃo
ʃo.ʒe,ʃo.ʒo,ʃoʒe,ʃoʒo
ʃo.θe,ʃo.θo,ʃoθe,ʃoθo
ʃo.ðe,ʃo.ðo,ʃoðe,ʃoðo
ʃo.he,ʃo.ho,ʃohe,ʃoho
ʃo.mu,ʃo.mi,ʃomu,ʃomi
ʃo.nu,ʃo.ni,ʃonu,ʃoni
ʃo.pu,ʃo.pi,ʃopu,ʃopi
ʃo.tu,ʃo.ti,ʃotu,ʃoti
ʃo.ku,ʃo.ki,ʃoku,ʃoki
ʃo.bu,ʃo.bi,ʃobu,ʃobi
ʃo.du,ʃo.di,ʃodu,ʃodi
ʃo.gu,ʃo.gi,ʃogu,ʃogi
ʃo.fu,ʃo.fi,ʃofu,ʃofi
ʃo.su,ʃo.si,ʃosu,ʃosi
ʃo.vu,ʃo.vi,ʃovu,ʃovi
ʃo.zu,ʃo.zi,ʃozu,ʃozi
ʃo.ʃu,ʃo.ʃi,ʃoʃu,ʃoʃi
ʃo.ʒu,ʃo.ʒi,ʃoʒu,ʃoʒi
ʃo.θu,ʃo.θi,ʃoθu,ʃoθi
ʃo.ðu,ʃo.ði,ʃoðu,ʃoði
ʃo.hu,ʃo.hi,ʃohu,ʃohi
ʃo.mo,ʃo.me,ʃomo,ʃome
ʃo.no,ʃo.ne,ʃono,ʃone
ʃo.po,ʃo.pe,ʃopo,ʃope
ʃo.to,ʃo.te,ʃoto,ʃote
ʃo.ko,ʃo.ke,ʃoko,ʃoke
ʃo.bo,ʃo.be,ʃobo,ʃobe
ʃo.do,ʃo.de,ʃodo,ʃode
ʃo.go,ʃo.ge,ʃogo,ʃoge
ʃo.fo,ʃo.fe,ʃofo,ʃofe
ʃo.so,ʃo.se,ʃoso,ʃose
ʃo.vo,ʃo.ve,ʃovo,ʃove
ʃo.zo,ʃo.ze,ʃozo,ʃoze
ʃo.ʃo,ʃo.ʃe,ʃoʃo,ʃoʃe
ʃo.ʒo,ʃo.ʒe,ʃoʒo,ʃoʒe
ʃo.θo,ʃo.θe,ʃoθo,ʃoθe
ʃo.ðo,ʃo.ðe,ʃoðo,ʃoðe
ʃo.ho,ʃo.he,ʃoho,ʃohe
ʒo.mi,ʒo.mu,ʒomi,ʒomu
ʒo.ni,ʒo.nu,ʒoni,ʒonu
ʒo.pi,ʒo.pu,ʒopi,ʒopu
ʒo.ti,ʒo.tu,ʒoti,ʒotu
ʒo.ki,ʒo.ku,ʒoki,ʒoku
ʒo.bi,ʒo.bu,ʒobi,ʒobu
ʒo.di,ʒo.du,ʒodi,ʒodu
ʒo.gi,ʒo.gu,ʒogi,ʒogu
ʒo.fi,ʒo.fu,ʒofi,ʒofu
ʒo.si,ʒo.su,ʒosi,ʒosu
ʒo.vi,ʒo.vu,ʒovi,ʒovu
ʒo.zi,ʒo.zu,ʒozi,ʒozu
ʒo.ʃi,ʒo.ʃu,ʒoʃi,ʒoʃu
ʒo.ʒi,ʒo.ʒu,ʒoʒi,ʒoʒu
ʒo.θi,ʒo.θu,ʒoθi,ʒoθu
ʒo.ði,ʒo.ðu,ʒoði,ʒoðu
ʒo.hi,ʒo.hu,ʒohi,ʒohu
ʒo.me,ʒo.mo,ʒome,ʒomo
ʒo.ne,ʒo.no,ʒone,ʒono
ʒo.pe,ʒo.po,ʒope,ʒopo
ʒo.te,ʒo.to,ʒote,ʒoto
ʒo.ke,ʒo.ko,ʒoke,ʒoko
ʒo.be,ʒo.bo,ʒobe,ʒobo
ʒo.de,ʒo.do,ʒode,ʒodo
ʒo.ge,ʒo.go,ʒoge,ʒogo
ʒo.fe,ʒo.fo,ʒofe,ʒofo
ʒo.se,ʒo.so,ʒose,ʒoso
ʒo.ve,ʒo.vo,ʒove,ʒovo
ʒo.ze,ʒo.zo,ʒoze,ʒozo
ʒo.ʃe,ʒo.ʃo,ʒoʃe,ʒoʃo
ʒo.ʒe,ʒo.ʒo,ʒoʒe,ʒoʒo
ʒo.θe,ʒo.θo,ʒoθe,ʒoθo
ʒo.ðe,ʒo.ðo,ʒoðe,ʒoðo
ʒo.he,ʒo.ho,ʒohe,ʒoho
ʒo.mu,ʒo.mi,ʒomu,ʒomi
ʒo.nu,ʒo.ni,ʒonu,ʒoni
ʒo.pu,ʒo.pi,ʒopu,ʒopi
ʒo.tu,ʒo.ti,ʒotu,ʒoti
ʒo.ku,ʒo.ki,ʒoku,ʒoki
ʒo.bu,ʒo.bi,ʒobu,ʒobi
ʒo.du,ʒo.di,ʒodu,ʒodi
ʒo.gu,ʒo.gi,ʒogu,ʒogi
ʒo.fu,ʒo.fi,ʒofu,ʒofi
ʒo.su,ʒo.si,ʒosu,ʒosi
ʒo.vu,ʒo.vi,ʒovu,ʒovi
ʒo.zu,ʒo.zi,ʒozu,ʒozi
ʒo.ʃu,ʒo.ʃi,ʒoʃu,ʒoʃi
ʒo.ʒu,ʒo.ʒi,ʒoʒu,ʒoʒi
ʒo.θu,ʒo.θi,ʒoθu,ʒoθi
ʒo.ðu,ʒo.ði,ʒoðu,ʒoði
ʒo.hu,ʒo.hi,ʒohu,ʒohi
ʒo.mo,ʒo.me,ʒomo,ʒome
ʒo.no,ʒo.ne,ʒono,ʒone
ʒo.po,ʒo.pe,ʒopo,ʒope
ʒo.to,ʒo.te,ʒoto,ʒote
ʒo.ko,ʒo.ke,ʒoko,ʒoke
ʒo.bo,ʒo.be,ʒobo,ʒobe
ʒo.do,ʒo.de,ʒodo,ʒode
ʒo.go,ʒo.ge,ʒogo,ʒoge
ʒo.fo,ʒo.fe,ʒofo,ʒofe
ʒo.so,ʒo.se,ʒoso,ʒose
ʒo.vo,ʒo.ve,ʒovo,ʒove
ʒo.zo,ʒo.ze,ʒozo,ʒoze
ʒo.ʃo,ʒo.ʃe,ʒoʃo,ʒoʃe
ʒo.ʒo,ʒo.ʒe,ʒoʒo,ʒoʒe
ʒo.θo,ʒo.θe,ʒoθo,ʒoθe
ʒo.ðo,ʒo.ðe,ʒoðo,ʒoðe
ʒo.ho,ʒo.he,ʒoho,ʒohe
θo.mi,θo.mu,θomi,θomu
θo.ni,θo.nu,θoni,θonu
θo.pi,θo.pu,θopi,θopu
θo.ti,θo.tu,θoti,θotu
θo.ki,θo.ku,θoki,θoku
θo.bi,θo.bu,θobi,θobu
θo.di,θo.du,θodi,θodu
θo.gi,θo.gu,θogi,θogu
θo.fi,θo.fu,θofi,θofu
θo.si,θo.su,θosi,θosu
θo.vi,θo.vu,θovi,θovu
θo.zi,θo.zu,θozi,θozu
θo.ʃi,θo.ʃu,θoʃi,θoʃu
θo.ʒi,θo.ʒu,θoʒi,θoʒu
θo.θi,θo.θu,θoθi,θoθu
θo.ði,θo.ðu,θoði,θoðu
θo.hi,θo.hu,θohi,θohu
θo.me,θo.mo,θome,θomo
θo.ne,θo.no,θone,θono
θo.pe,θo.po,θope,θopo
θo.te,θo.to,θote,θoto
θo.ke,θo.ko,θoke,θoko
θo.be,θo.bo,θobe,θobo
θo.de,θo.do,θode,θodo
θo.ge,θo.go,θoge,θogo
θo.fe,θo.fo,θofe,θofo
θo.se,θo.so,θose,θoso
θo.ve,θo.vo,θove,θovo
θo.ze,θo.zo,θoze,θozo
θo.ʃe,θo.ʃo,θoʃe,θoʃo
θo.ʒe,θo.ʒo,θoʒe,θoʒo
θo.θe,θo.θo,θoθe,θoθo
θo.ðe,θo.ðo,θoðe,θoðo
θo.he,θo.ho,θohe,θoho
θo.mu,θo.mi,θomu,θomi
θo.nu,θo.ni,θonu,θoni
θo.pu,θo.pi,θopu,θopi
θo.tu,θo.ti,θotu,θoti
θo.ku,θo.ki,θoku,θoki
θo.bu,θo.bi,θobu,θobi
θo.du,θo.di,θodu,θodi
θo.gu,θo.gi,θogu,θogi
θo.fu,θo.fi,θofu,θofi
θo.su,θo.si,θosu,θosi
θo.vu,θo.vi,θovu,θovi
θo.zu,θo.zi,θozu,θozi
θo.ʃu,θo.ʃi,θoʃu,θoʃi
θo.ʒu,θo.ʒi,θoʒu,θoʒi
θo.θu,θo.θi,θoθu,θoθi
θo.ðu,θo.ði,θoðu,θoði
θo.hu,θo.hi,θohu,θohi
θo.mo,θo.me,θomo,θome
θo.no,θo.ne,θono,θone
θo.po,θo.pe,θopo,θope
θo.to,θo.te,θoto,θote
θo.ko,θo.ke,θoko,θoke
θo.bo,θo.be,θobo,θobe
θo.do,θo.de,θodo,θode
θo.go,θo.ge,θogo,θoge
θo.fo,θo.fe,θofo,θofe
θo.so,θo.se,θoso,θose
θo.vo,θo.ve,θovo,θove
θo.zo,θo.ze,θozo,θoze
θo.ʃo,θo.ʃe,θoʃo,θoʃe
θo.ʒo,θo.ʒe,θoʒo,θoʒe
θo.θo,θo.θe,θoθo,θoθe
θo.ðo,θo.ðe,θoðo,θoðe
θo.ho,θo.he,θoho,θohe
ðo.mi,ðo.mu,ðomi,ðomu
ðo.ni,ðo.nu,ðoni,ðonu
ðo.pi,ðo.pu,ðopi,ðopu
ðo.ti,ðo.tu,ðoti,ðotu
ðo.ki,ðo.ku,ðoki,ðoku
ðo.bi,ðo.bu,ðobi,ðobu
ðo.di,ðo.du,ðodi,ðodu
ðo.gi,ðo.gu,ðogi,ðogu
ðo.fi,ðo.fu,ðofi,ðofu
ðo.si,ðo.su,ðosi,ðosu
ðo.vi,ðo.vu,ðovi,ðovu
ðo.zi,ðo.zu,ðozi,ðozu
ðo.ʃi,ðo.ʃu,ðoʃi,ðoʃu
ðo.ʒi,ðo.ʒu,ðoʒi,ðoʒu
ðo.θi,ðo.θu,ðoθi,ðoθu
ðo.ði,ðo.ðu,ðoði,ðoðu
ðo.hi,ðo.hu,ðohi,ðohu
ðo.me,ðo.mo,ðome,ðomo
ðo.ne,ðo.no,ðone,ðono
ðo.pe,ðo.po,ðope,ðopo
ðo.te,ðo.to,ðote,ðoto
ðo.ke,ðo.ko,ðoke,ðoko
ðo.be,ðo.bo,ðobe,ðobo
ðo.de,ðo.do,ðode,ðodo
ðo.ge,ðo.go,ðoge,ðogo
ðo.fe,ðo.fo,ðofe,ðofo
ðo.se,ðo.so,ðose,ðoso
ðo.ve,ðo.vo,ðove,ðovo
ðo.ze,ðo.zo,ðoze,ðozo
ðo.ʃe,ðo.ʃo,ðoʃe,ðoʃo
ðo.ʒe,ðo.ʒo,ðoʒe,ðoʒo
ðo.θe,ðo.θo,ðoθe,ðoθo
ðo.ðe,ðo.ðo,ðoðe,ðoðo
ðo.he,ðo.ho,ðohe,ðoho
ðo.mu,ðo.mi,ðomu,ðomi
ðo.nu,ðo.ni,ðonu,ðoni
ðo.pu,ðo.pi,ðopu,ðopi
ðo.tu,ðo.ti,ðotu,ðoti
ðo.ku,ðo.ki,ðoku,ðoki
ðo.bu,ðo.bi,ðobu,ðobi
ðo.du,ðo.di,ðodu,ðodi
ðo.gu,ðo.gi,ðogu,ðogi
ðo.fu,ðo.fi,ðofu,ðofi
ðo.su,ðo.si,ðosu,ðosi
ðo.vu,ðo.vi,ðovu,ðovi
ðo.zu,ðo.zi,ðozu,ðozi
ðo.ʃu,ðo.ʃi,ðoʃu,ðoʃi
ðo.ʒu,ðo.ʒi,ðoʒu,ðoʒi
ðo.θu,ðo.θi,ðoθu,ðoθi
ðo.ðu,ðo.ði,ðoðu,ðoði
ðo.hu,ðo.hi,ðohu,ðohi
ðo.mo,ðo.me,ðomo,ðome
ðo.no,ðo.ne,ðono,ðone
ðo.po,ðo.pe,ðopo,ðope
ðo.to,ðo.te,ðoto,ðote
ðo.ko,ðo.ke,ðoko,ðoke
ðo.bo,ðo.be,ðobo,ðobe
ðo.do,ðo.de,ðodo,ðode
ðo.go,ðo.ge,ðogo,ðoge
ðo.fo,ðo.fe,ðofo,ðofe
ðo.so,ðo.se,ðoso,ðose
ðo.vo,ðo.ve,ðovo,ðove
ðo.zo,ðo.ze,ðozo,ðoze
ðo.ʃo,ðo.ʃe,ðoʃo,ðoʃe
ðo.ʒo,ðo.ʒe,ðoʒo,ðoʒe
ðo.θo,ðo.θe,ðoθo,ðoθe
ðo.ðo,ðo.ðe,ðoðo,ðoðe
ðo.ho,ðo.he,ðoho,ðohe
ho.mi,ho.mu,homi,homu
ho.ni,ho.nu,honi,honu
ho.pi,ho.pu,hopi,hopu
ho.ti,ho.tu,hoti,hotu
ho.ki,ho.ku,hoki,hoku
ho.bi,ho.bu,hobi,hobu
ho.di,ho.du,hodi,hodu
ho.gi,ho.gu,hogi,hogu
ho.fi,ho.fu,hofi,hofu
ho.si,ho.su,hosi,hosu
ho.vi,ho.vu,hovi,hovu
ho.zi,ho.zu,hozi,hozu
ho.ʃi,ho.ʃu,hoʃi,hoʃu
ho.ʒi,ho.ʒu,hoʒi,hoʒu
ho.θi,ho.θu,hoθi,hoθu
ho.ði,ho.ðu,hoði,hoðu
ho.hi,ho.hu,hohi,hohu
ho.me,ho.mo,home,homo
ho.ne,ho.no,hone,hono
ho.pe,ho.po,hope,hopo
ho.te,ho.to,hote,hoto
ho.ke,ho.ko,hoke,hoko
ho.be,ho.bo,hobe,hobo
ho.de,ho.do,hode,hodo
ho.ge,ho.go,hoge,hogo
ho.fe,ho.fo,hofe,hofo
ho.se,ho.so,hose,hoso
ho.ve,ho.vo,hove,hovo
ho.ze,ho.zo,hoze,hozo
ho.ʃe,ho.ʃo,hoʃe,hoʃo
ho.ʒe,ho.ʒo,hoʒe,hoʒo
ho.θe,ho.θo,hoθe,hoθo
ho.ðe,ho.ðo,hoðe,hoðo
ho.he,ho.ho,hohe,hoho
ho.mu,ho.mi,homu,homi
ho.nu,ho.ni,honu,honi
ho.pu,ho.pi,hopu,hopi
ho.tu,ho.ti,hotu,hoti
ho.ku,ho.ki,hoku,hoki
ho.bu,ho.bi,hobu,hobi
ho.du,ho.di,hodu,hodi
ho.gu,ho.gi,hogu,hogi
ho.fu,ho.fi,hofu,hofi
ho.su,ho.si,hosu,hosi
ho.vu,ho.vi,hovu,hovi
ho.zu,ho.zi,hozu,hozi
ho.ʃu,ho.ʃi,hoʃu,hoʃi
ho.ʒu,ho.ʒi,hoʒu,hoʒi
ho.θu,ho.θi,hoθu,hoθi
ho.ðu,ho.ði,hoðu,hoði
ho.hu,ho.hi,hohu,hohi
ho.mo,ho.me,homo,home
ho.no,ho.ne,hono,hone
ho.po,ho.pe,hopo,hope
ho.to,ho.te,hoto,hote
ho.ko,ho.ke,hoko,hoke
ho.bo,ho.be,hobo,hobe
ho.do,ho.de,hodo,hode
ho.go,ho.ge,hogo,hoge
ho.fo,ho.fe,hofo,hofe
ho.so,ho.se,hoso,hose
ho.vo,ho.ve,hovo,hove
ho.zo,ho.ze,hozo,hoze
ho.ʃo,ho.ʃe,hoʃo,hoʃe
ho.ʒo,ho.ʒe,hoʒo,hoʒe
ho.θo,ho.θe,hoθo,hoθe
ho.ðo,ho.ðe,hoðo,hoðe
ho.ho,ho.he,hoho,hohe
ɪm.i,ɪm.u,ɪmi,ɪmu
ɪm.e,ɪm.o,ɪme,ɪmo
ɪm.u,ɪm.i,ɪmu,ɪmi
ɪm.o,ɪm.e,ɪmo,ɪme
ɪn.i,ɪn.u,ɪni,ɪnu
ɪn.e,ɪn.o,ɪne,ɪno
ɪn.u,ɪn.i,ɪnu,ɪni
ɪn.o,ɪn.e,ɪno,ɪne
ɪŋ.i,ɪŋ.u,ɪŋi,ɪŋu
ɪŋ.e,ɪŋ.o,ɪŋe,ɪŋo
ɪŋ.u,ɪŋ.i,ɪŋu,ɪŋi
ɪŋ.o,ɪŋ.e,ɪŋo,ɪŋe
ɪp.i,ɪp.u,ɪpi,ɪpu
ɪp.e,ɪp.o,ɪpe,ɪpo
ɪp.u,ɪp.i,ɪpu,ɪpi
ɪp.o,ɪp.e,ɪpo,ɪpe
ɪt.i,ɪt.u,ɪti,ɪtu
ɪt.e,ɪt.o,ɪte,ɪto
ɪt.u,ɪt.i,ɪtu,ɪti
ɪt.o,ɪt.e,ɪto,ɪte
ɪk.i,ɪk.u,ɪki,ɪku
ɪk.e,ɪk.o,ɪke,ɪko
ɪk.u,ɪk.i,ɪku,ɪki
ɪk.o,ɪk.e,ɪko,ɪke
ɪb.i,ɪb.u,ɪbi,ɪbu
ɪb.e,ɪb.o,ɪbe,ɪbo
ɪb.u,ɪb.i,ɪbu,ɪbi
ɪb.o,ɪb.e,ɪbo,ɪbe
ɪd.i,ɪd.u,ɪdi,ɪdu
ɪd.e,ɪd.o,ɪde,ɪdo
ɪd.u,ɪd.i,ɪdu,ɪdi
ɪd.o,ɪd.e,ɪdo,ɪde
ɪg.i,ɪg.u,ɪgi,ɪgu
ɪg.e,ɪg.o,ɪge,ɪgo
ɪg.u,ɪg.i,ɪgu,ɪgi
ɪg.o,ɪg.e,ɪgo,ɪge
ɪf.i,ɪf.u,ɪfi,ɪfu
ɪf.e,ɪf.o,ɪfe,ɪfo
ɪf.u,ɪf.i,ɪfu,ɪfi
ɪf.o,ɪf.e,ɪfo,ɪfe
ɪs.i,ɪs.u,ɪsi,ɪsu
ɪs.e,ɪs.o,ɪse,ɪso
ɪs.u,ɪs.i,ɪsu,ɪsi
ɪs.o,ɪs.e,ɪso,ɪse
ɪv.i,ɪv.u,ɪvi,ɪvu
ɪv.e,ɪv.o,ɪve,ɪvo
ɪv.u,ɪv.i,ɪvu,ɪvi
ɪv.o,ɪv.e,ɪvo,ɪve
ɪz.i,ɪz.u,ɪzi,ɪzu
ɪz.e,ɪz.o,ɪze,ɪzo
ɪz.u,ɪz.i,ɪzu,ɪzi
ɪz.o,ɪz.e,ɪzo,ɪze
ɪʃ.i,ɪʃ.u,ɪʃi,ɪʃu
ɪʃ.e,ɪʃ.o,ɪʃe,ɪʃo
ɪʃ.u,ɪʃ.i,ɪʃu,ɪʃi
ɪʃ.o,ɪʃ.e,ɪʃo,ɪʃe
ɪʒ.i,ɪʒ.u,ɪʒi,ɪʒu
ɪʒ.e,ɪʒ.o,ɪʒe,ɪʒo
ɪʒ.u,ɪʒ.i,ɪʒu,ɪʒi
ɪʒ.o,ɪʒ.e,ɪʒo,ɪʒe
ɪθ.i,ɪθ.u,ɪθi,ɪθu
ɪθ.e,ɪθ.o,ɪθe,ɪθo
ɪθ.u,ɪθ.i,ɪθu,ɪθi
ɪθ.o,ɪθ.e,ɪθo,ɪθe
ɪð.i,ɪð.u,ɪði,ɪðu
ɪð.e,ɪð.o,ɪðe,ɪðo
ɪð.u,ɪð.i,ɪðu,ɪði
ɪð.o,ɪð.e,ɪðo,ɪðe
ɛm.i,ɛm.u,ɛmi,ɛmu
ɛm.e,ɛm.o,ɛme,ɛmo
ɛm.u,ɛm.i,ɛmu,ɛmi
ɛm.o,ɛm.e,ɛmo,ɛme
ɛn.i,ɛn.u,ɛni,ɛnu
ɛn.e,ɛn.o,ɛne,ɛno
ɛn.u,ɛn.i,ɛnu,ɛni
ɛn.o,ɛn.e,ɛno,ɛne
ɛŋ.i,ɛŋ.u,ɛŋi,ɛŋu
ɛŋ.e,ɛŋ.o,ɛŋe,ɛŋo
ɛŋ.u,ɛŋ.i,ɛŋu,ɛŋi
ɛŋ.o,ɛŋ.e,ɛŋo,ɛŋe
ɛp.i,ɛp.u,ɛpi,ɛpu
ɛp.e,ɛp.o,ɛpe,ɛpo
ɛp.u,ɛp.i,ɛpu,ɛpi
ɛp.o,ɛp.e,ɛpo,ɛpe
ɛt.i,ɛt.u,ɛti,ɛtu
ɛt.e,ɛt.o,ɛte,ɛto
ɛt.u,ɛt.i,ɛtu,ɛti
ɛt.o,ɛt.e,ɛto,ɛte
ɛk.i,ɛk.u,ɛki,ɛku
ɛk.e,ɛk.o,ɛke,ɛko
ɛk.u,ɛk.i,ɛku,ɛki
ɛk.o,ɛk.e,ɛko,ɛke
ɛb.i,ɛb.u,ɛbi,ɛbu
ɛb.e,ɛb.o,ɛbe,ɛbo
ɛb.u,ɛb.i,ɛbu,ɛbi
ɛb.o,ɛb.e,ɛbo,ɛbe
ɛd.i,ɛd.u,ɛdi,ɛdu
ɛd.e,ɛd.o,ɛde,ɛdo
ɛd.u,ɛd.i,ɛdu,ɛdi
ɛd.o,ɛd.e,ɛdo,ɛde
ɛg.i,ɛg.u,ɛgi,ɛgu
ɛg.e,ɛg.o,ɛge,ɛgo
ɛg.u,ɛg.i,ɛgu,ɛgi
ɛg.o,ɛg.e,ɛgo,ɛge
ɛf.i,ɛf.u,ɛfi,ɛfu
ɛf.e,ɛf.o,ɛfe,ɛfo
ɛf.u,ɛf.i,ɛfu,ɛfi
ɛf.o,ɛf.e,ɛfo,ɛfe
ɛs.i,ɛs.u,ɛsi,ɛsu
ɛs.e,ɛs.o,ɛse,ɛso
ɛs.u,ɛs.i,ɛsu,ɛsi
ɛs.o,ɛs.e,ɛso,ɛse
ɛv.i,ɛv.u,ɛvi,ɛvu
ɛv.e,ɛv.o,ɛve,ɛvo
ɛv.u,ɛv.i,ɛvu,ɛvi
ɛv.o,ɛv.e,ɛvo,ɛve
ɛz.i,ɛz.u,ɛzi,ɛzu
ɛz.e,ɛz.o,ɛze,ɛzo
ɛz.u,ɛz.i,ɛzu,ɛzi
ɛz.o,ɛz.e,ɛzo,ɛze
ɛʃ.i,ɛʃ.u,ɛʃi,ɛʃu
ɛʃ.e,ɛʃ.o,ɛʃe,ɛʃo
ɛʃ.u,ɛʃ.i,ɛʃu,ɛʃi
ɛʃ.o,ɛʃ.e,ɛʃo,ɛʃe
ɛʒ.i,ɛʒ.u,ɛʒi,ɛʒu
ɛʒ.e,ɛʒ.o,ɛʒe,ɛʒo
ɛʒ.u,ɛʒ.i,ɛʒu,ɛʒi
ɛʒ.o,ɛʒ.e,ɛʒo,ɛʒe
ɛθ.i,ɛθ.u,ɛθi,ɛθu
ɛθ.e,ɛθ.o,ɛθe,ɛθo
ɛθ.u,ɛθ.i,ɛθu,ɛθi
ɛθ.o,ɛθ.e,ɛθo,ɛθe
ɛð.i,ɛð.u,ɛði,ɛðu
ɛð.e,ɛð.o,ɛðe,ɛðo
ɛð.u,ɛð.i,ɛðu,ɛði
ɛð.o,ɛð.e,ɛðo,ɛðe
ʊm.i,ʊm.u,ʊmi,ʊmu
ʊm.e,ʊm.o,ʊme,ʊmo
ʊm.u,ʊm.i,ʊmu,ʊmi
ʊm.o,ʊm.e,ʊmo,ʊme
ʊn.i,ʊn.u,ʊni,ʊnu
ʊn.e,ʊn.o,ʊne,ʊno
ʊn.u,ʊn.i,ʊnu,ʊni
ʊn.o,ʊn.e,ʊno,ʊne
ʊŋ.i,ʊŋ.u,ʊŋi,ʊŋu
ʊŋ.e,ʊŋ.o,ʊŋe,ʊŋo
ʊŋ.u,ʊŋ.i,ʊŋu,ʊŋi
ʊŋ.o,ʊŋ.e,ʊŋo,ʊŋe
ʊp.i,ʊp.u,ʊpi,ʊpu
ʊp.e,ʊp.o,ʊpe,ʊpo
ʊp.u,ʊp.i,ʊpu,ʊpi
ʊp.o,ʊp.e,ʊpo,ʊpe
ʊt.i,ʊt.u,ʊti,ʊtu
ʊt.e,ʊt.o,ʊte,ʊto
ʊt.u,ʊt.i,ʊtu,ʊti
ʊt.o,ʊt.e,ʊto,ʊte
ʊk.i,ʊk.u,ʊki,ʊku
ʊk.e,ʊk.o,ʊke,ʊko
ʊk.u,ʊk.i,ʊku,ʊki
ʊk.o,ʊk.e,ʊko,ʊke
ʊb.i,ʊb.u,ʊbi,ʊbu
ʊb.e,ʊb.o,ʊbe,ʊbo
ʊb.u,ʊb.i,ʊbu,ʊbi
ʊb.o,ʊb.e,ʊbo,ʊbe
ʊd.i,ʊd.u,ʊdi,ʊdu
ʊd.e,ʊd.o,ʊde,ʊdo
ʊd.u,ʊd.i,ʊdu,ʊdi
ʊd.o,ʊd.e,ʊdo,ʊde
ʊg.i,ʊg.u,ʊgi,ʊgu
ʊg.e,ʊg.o,ʊge,ʊgo
ʊg.u,ʊg.i,ʊgu,ʊgi
ʊg.o,ʊg.e,ʊgo,ʊge
ʊf.i,ʊf.u,ʊfi,ʊfu
ʊf.e,ʊf.o,ʊfe,ʊfo
ʊf.u,ʊf.i,ʊfu,ʊfi
ʊf.o,ʊf.e,ʊfo,ʊfe
ʊs.i,ʊs.u,ʊsi,ʊsu
ʊs.e,ʊs.o,ʊse,ʊso
ʊs.u,ʊs.i,ʊsu,ʊsi
ʊs.o,ʊs.e,ʊso,ʊse
ʊv.i,ʊv.u,ʊvi,ʊvu
ʊv.e,ʊv.o,ʊve,ʊvo
ʊv.u,ʊv.i,ʊvu,ʊvi
ʊv.o,ʊv.e,ʊvo,ʊve
ʊz.i,ʊz.u,ʊzi,ʊzu
ʊz.e,ʊz.o,ʊze,ʊzo
ʊz.u,ʊz.i,ʊzu,ʊzi
ʊz.o,ʊz.e,ʊzo,ʊze
ʊʃ.i,ʊʃ.u,ʊʃi,ʊʃu
ʊʃ.e,ʊʃ.o,ʊʃe,ʊʃo
ʊʃ.u,ʊʃ.i,ʊʃu,ʊʃi
ʊʃ.o,ʊʃ.e,ʊʃo,ʊʃe
ʊʒ.i,ʊʒ.u,ʊʒi,ʊʒu
ʊʒ.e,ʊʒ.o,ʊʒe,ʊʒo
ʊʒ.u,ʊʒ.i,ʊʒu,ʊʒi
ʊʒ.o,ʊʒ.e,ʊʒo,ʊʒe
ʊθ.i,ʊθ.u,ʊθi,ʊθu
ʊθ.e,ʊθ.o,ʊθe,ʊθo
ʊθ.u,ʊθ.i,ʊθu,ʊθi
ʊθ.o,ʊθ.e,ʊθo,ʊθe
ʊð.i,ʊð.u,ʊði,ʊðu
ʊð.e,ʊð.o,ʊðe,ʊðo
ʊð.u,ʊð.i,ʊðu,ʊði
ʊð.o,ʊð.e,ʊðo,ʊðe
ɔm.i,ɔm.u,ɔmi,ɔmu
ɔm.e,ɔm.o,ɔme,ɔmo
ɔm.u,ɔm.i,ɔmu,ɔmi
ɔm.o,ɔm.e,ɔmo,ɔme
ɔn.i,ɔn.u,ɔni,ɔnu
ɔn.e,ɔn.o,ɔne,ɔno
ɔn.u,ɔn.i,ɔnu,ɔni
ɔn.o,ɔn.e,ɔno,ɔne
ɔŋ.i,ɔŋ.u,ɔŋi,ɔŋu
ɔŋ.e,ɔŋ.o,ɔŋe,ɔŋo
ɔŋ.u,ɔŋ.i,ɔŋu,ɔŋi
ɔŋ.o,ɔŋ.e,ɔŋo,ɔŋe
ɔp.i,ɔp.u,ɔpi,ɔpu
ɔp.e,ɔp.o,ɔpe,ɔpo
ɔp.u,ɔp.i,ɔpu,ɔpi
ɔp.o,ɔp.e,ɔpo,ɔpe
ɔt.i,ɔt.u,ɔti,ɔtu
ɔt.e,ɔt.o,ɔte,ɔto
ɔt.u,ɔt.i,ɔtu,ɔti
ɔt.o,ɔt.e,ɔto,ɔte
ɔk.i,ɔk.u,ɔki,ɔku
ɔk.e,ɔk.o,ɔke,ɔko
ɔk.u,ɔk.i,ɔku,ɔki
ɔk.o,ɔk.e,ɔko,ɔke
ɔb.i,ɔb.u,ɔbi,ɔbu
ɔb.e,ɔb.o,ɔbe,ɔbo
ɔb.u,ɔb.i,ɔbu,ɔbi
ɔb.o,ɔb.e,ɔbo,ɔbe
ɔd.i,ɔd.u,ɔdi,ɔdu
ɔd.e,ɔd.o,ɔde,ɔdo
ɔd.u,ɔd.i,ɔdu,ɔdi
ɔd.o,ɔd.e,ɔdo,ɔde
ɔg.i,ɔg.u,ɔgi,ɔgu
ɔg.e,ɔg.o,ɔge,ɔgo
ɔg.u,ɔg.i,ɔgu,ɔgi
ɔg.o,ɔg.e,ɔgo,ɔge
ɔf.i,ɔf.u,ɔfi,ɔfu
ɔf.e,ɔf.o,ɔfe,ɔfo
ɔf.u,ɔf.i,ɔfu,ɔfi
ɔf.o,ɔf.e,ɔfo,ɔfe
ɔs.i,ɔs.u,ɔsi,ɔsu
ɔs.e,ɔs.o,ɔse,ɔso
ɔs.u,ɔs.i,ɔsu,ɔsi
ɔs.o,ɔs.e,ɔso,ɔse
ɔv.i,ɔv.u,ɔvi,ɔvu
ɔv.e,ɔv.o,ɔve,ɔvo
ɔv.u,ɔv.i,ɔvu,ɔvi
ɔv.o,ɔv.e,ɔvo,ɔve
ɔz.i,ɔz.u,ɔzi,ɔzu
ɔz.e,ɔz.o,ɔze,ɔzo
ɔz.u,ɔz.i,ɔzu,ɔzi
ɔz.o,ɔz.e,ɔzo,ɔze
ɔʃ.i,ɔʃ.u,ɔʃi,ɔʃu
ɔʃ.e,ɔʃ.o,ɔʃe,ɔʃo
ɔʃ.u,ɔʃ.i,ɔʃu,ɔʃi
ɔʃ.o,ɔʃ.e,ɔʃo,ɔʃe
ɔʒ.i,ɔʒ.u,ɔʒi,ɔʒu
ɔʒ.e,ɔʒ.o,ɔʒe,ɔʒo
ɔʒ.u,ɔʒ.i,ɔʒu,ɔʒi
ɔʒ.o,ɔʒ.e,ɔʒo,ɔʒe
ɔθ.i,ɔθ.u,ɔθi,ɔθu
ɔθ.e,ɔθ.o,ɔθe,ɔθo
ɔθ.u,ɔθ.i,ɔθu,ɔθi
ɔθ.o,ɔθ.e,ɔθo,ɔθe
ɔð.i,ɔð.u,ɔði,ɔðu
ɔð.e,ɔð.o,ɔðe,ɔðo
ɔð.u,ɔð.i,ɔðu,ɔði
ɔð.o,ɔð.e,ɔðo,ɔðe
ɪm.ɪm,ɪm.ʊm,ɪmɪm,ɪmʊm
ɪm.ɪn,ɪm.ʊn,ɪmɪn,ɪmʊn
ɪm.ɪŋ,ɪm.ʊŋ,ɪmɪŋ,ɪmʊŋ
ɪm.ɪp,ɪm.ʊp,ɪmɪp,ɪmʊp
ɪm.ɪt,ɪm.ʊt,ɪmɪt,ɪmʊt
ɪm.ɪk,ɪm.ʊk,ɪmɪk,ɪmʊk
ɪm.ɪb,ɪm.ʊb,ɪmɪb,ɪmʊb
ɪm.ɪd,ɪm.ʊd,ɪmɪd,ɪmʊd
ɪm.ɪg,ɪm.ʊg,ɪmɪg,ɪmʊg
ɪm.ɪf,ɪm.ʊf,ɪmɪf,ɪmʊf
ɪm.ɪs,ɪm.ʊs,ɪmɪs,ɪmʊs
ɪm.ɪv,ɪm.ʊv,ɪmɪv,ɪmʊv
ɪm.ɪz,ɪm.ʊz,ɪmɪz,ɪmʊz
ɪm.ɪʃ,ɪm.ʊʃ,ɪmɪʃ,ɪmʊʃ
ɪm.ɪʒ,ɪm.ʊʒ,ɪmɪʒ,ɪmʊʒ
ɪm.ɪθ,ɪm.ʊθ,ɪmɪθ,ɪmʊθ
ɪm.ɪð,ɪm.ʊð,ɪmɪð,ɪmʊð
ɪm.ɛm,ɪm.ɔm,ɪmɛm,ɪmɔm
ɪm.ɛn,ɪm.ɔn,ɪmɛn,ɪmɔn
ɪm.ɛŋ,ɪm.ɔŋ,ɪmɛŋ,ɪmɔŋ
ɪm.ɛp,ɪm.ɔp,ɪmɛp,ɪmɔp
ɪm.ɛt,ɪm.ɔt,ɪmɛt,ɪmɔt
ɪm.ɛk,ɪm.ɔk,ɪmɛk,ɪmɔk
ɪm.ɛb,ɪm.ɔb,ɪmɛb,ɪmɔb
ɪm.ɛd,ɪm.ɔd,ɪmɛd,ɪmɔd
ɪm.ɛg,ɪm.ɔg,ɪmɛg,ɪmɔg
ɪm.ɛf,ɪm.ɔf,ɪmɛf,ɪmɔf
ɪm.ɛs,ɪm.ɔs,ɪmɛs,ɪmɔs
ɪm.ɛv,ɪm.ɔv,ɪmɛv,ɪmɔv
ɪm.ɛz,ɪm.ɔz,ɪmɛz,ɪmɔz
ɪm.ɛʃ,ɪm.ɔʃ,ɪmɛʃ,ɪmɔʃ
ɪm.ɛʒ,ɪm.ɔʒ,ɪmɛʒ,ɪmɔʒ
ɪm.ɛθ,ɪm.ɔθ,ɪmɛθ,ɪmɔθ
ɪm.ɛð,ɪm.ɔð,ɪmɛð,ɪmɔð
ɪm.ʊm,ɪm.ɪm,ɪmʊm,ɪmɪm
ɪm.ʊn,ɪm.ɪn,ɪmʊn,ɪmɪn
ɪm.ʊŋ,ɪm.ɪŋ,ɪmʊŋ,ɪmɪŋ
ɪm.ʊp,ɪm.ɪp,ɪmʊp,ɪmɪp
ɪm.ʊt,ɪm.ɪt,ɪmʊt,ɪmɪt
ɪm.ʊk,ɪm.ɪk,ɪmʊk,ɪmɪk
ɪm.ʊb,ɪm.ɪb,ɪmʊb,ɪmɪb
ɪm.ʊd,ɪm.ɪd,ɪmʊd,ɪmɪd
ɪm.ʊg,ɪm.ɪg,ɪmʊg,ɪmɪg
ɪm.ʊf,ɪm.ɪf,ɪmʊf,ɪmɪf
ɪm.ʊs,ɪm.ɪs,ɪmʊs,ɪmɪs
ɪm.ʊv,ɪm.ɪv,ɪmʊv,ɪmɪv
ɪm.ʊz,ɪm.ɪz,ɪmʊz,ɪmɪz
ɪm.ʊʃ,ɪm.ɪʃ,ɪmʊʃ,ɪmɪʃ
ɪm.ʊʒ,ɪm.ɪʒ,ɪmʊʒ,ɪmɪʒ
ɪm.ʊθ,ɪm.ɪθ,ɪmʊθ,ɪmɪθ
ɪm.ʊð,ɪm.ɪð,ɪmʊð,ɪmɪð
ɪm.ɔm,ɪm.ɛm,ɪmɔm,ɪmɛm
ɪm.ɔn,ɪm.ɛn,ɪmɔn,ɪmɛn
ɪm.ɔŋ,ɪm.ɛŋ,ɪmɔŋ,ɪmɛŋ
ɪm.ɔp,ɪm.ɛp,ɪmɔp,ɪmɛp
ɪm.ɔt,ɪm.ɛt,ɪmɔt,ɪmɛt
ɪm.ɔk,ɪm.ɛk,ɪmɔk,ɪmɛk
ɪm.ɔb,ɪm.ɛb,ɪmɔb,ɪmɛb
ɪm.ɔd,ɪm.ɛd,ɪmɔd,ɪmɛd
ɪm.ɔg,ɪm.ɛg,ɪmɔg,ɪmɛg
ɪm.ɔf,ɪm.ɛf,ɪmɔf,ɪmɛf
ɪm.ɔs,ɪm.ɛs,ɪmɔs,ɪmɛs
ɪm.ɔv,ɪm.ɛv,ɪmɔv,ɪmɛv
ɪm.ɔz,ɪm.ɛz,ɪmɔz,ɪmɛz
ɪm.ɔʃ,ɪm.ɛʃ,ɪmɔʃ,ɪmɛʃ
ɪm.ɔʒ,ɪm.ɛʒ,ɪmɔʒ,ɪmɛʒ
ɪm.ɔθ,ɪm.ɛθ,ɪmɔθ,ɪmɛθ
ɪm.ɔð,ɪm.ɛð,ɪmɔð,ɪmɛð
ɪn.ɪm,ɪn.ʊm,ɪnɪm,ɪnʊm
ɪn.ɪn,ɪn.ʊn,ɪnɪn,ɪnʊn
ɪn.ɪŋ,ɪn.ʊŋ,ɪnɪŋ,ɪnʊŋ
ɪn.ɪp,ɪn.ʊp,ɪnɪp,ɪnʊp
ɪn.ɪt,ɪn.ʊt,ɪnɪt,ɪnʊt
ɪn.ɪk,ɪn.ʊk,ɪnɪk,ɪnʊk
ɪn.ɪb,ɪn.ʊb,ɪnɪb,ɪnʊb
ɪn.ɪd,ɪn.ʊd,ɪnɪd,ɪnʊd
ɪn.ɪg,ɪn.ʊg,ɪnɪg,ɪnʊg
ɪn.ɪf,ɪn.ʊf,ɪnɪf,ɪnʊf
ɪn.ɪs,ɪn.ʊs,ɪnɪs,ɪnʊs
ɪn.ɪv,ɪn.ʊv,ɪnɪv,ɪnʊv
ɪn.ɪz,ɪn.ʊz,ɪnɪz,ɪnʊz
ɪn.ɪʃ,ɪn.ʊʃ,ɪnɪʃ,ɪnʊʃ
ɪn.ɪʒ,ɪn.ʊʒ,ɪnɪʒ,ɪnʊʒ
ɪn.ɪθ,ɪn.ʊθ,ɪnɪθ,ɪnʊθ
ɪn.ɪð,ɪn.ʊð,ɪnɪð,ɪnʊð
ɪn.ɛm,ɪn.ɔm,ɪnɛm,ɪnɔm
ɪn.ɛn,ɪn.ɔn,ɪnɛn,ɪnɔn
ɪn.ɛŋ,ɪn.ɔŋ,ɪnɛŋ,ɪnɔŋ
ɪn.ɛp,ɪn.ɔp,ɪnɛp,ɪnɔp
ɪn.ɛt,ɪn.ɔt,ɪnɛt,ɪnɔt
ɪn.ɛk,ɪn.ɔk,ɪnɛk,ɪnɔk
ɪn.ɛb,ɪn.ɔb,ɪnɛb,ɪnɔb
ɪn.ɛd,ɪn.ɔd,ɪnɛd,ɪnɔd
ɪn.ɛg,ɪn.ɔg,ɪnɛg,ɪnɔg
ɪn.ɛf,ɪn.ɔf,ɪnɛf,ɪnɔf
ɪn.ɛs,ɪn.ɔs,ɪnɛs,ɪnɔs
ɪn.ɛv,ɪn.ɔv,ɪnɛv,ɪnɔv
ɪn.ɛz,ɪn.ɔz,ɪnɛz,ɪnɔz
ɪn.ɛʃ,ɪn.ɔʃ,ɪnɛʃ,ɪnɔʃ
ɪn.ɛʒ,ɪn.ɔʒ,ɪnɛʒ,ɪnɔʒ
ɪn.ɛθ,ɪn.ɔθ,ɪnɛθ,ɪnɔθ
ɪn.ɛð,ɪn.ɔð,ɪnɛð,ɪnɔð
ɪn.ʊm,ɪn.ɪm,ɪnʊm,ɪnɪm
ɪn.ʊn,ɪn.ɪn,ɪnʊn,ɪnɪn
ɪn.ʊŋ,ɪn.ɪŋ,ɪnʊŋ,ɪnɪŋ
ɪn.ʊp,ɪn.ɪp,ɪnʊp,ɪnɪp
ɪn.ʊt,ɪn.ɪt,ɪnʊt,ɪnɪt
ɪn.ʊk,ɪn.ɪk,ɪnʊk,ɪnɪk
ɪn.ʊb,ɪn.ɪb,ɪnʊb,ɪnɪb
ɪn.ʊd,ɪn.ɪd,ɪnʊd,ɪnɪd
ɪn.ʊg,ɪn.ɪg,ɪnʊg,ɪnɪg
ɪn.ʊf,ɪn.ɪf,ɪnʊf,ɪnɪf
ɪn.ʊs,ɪn.ɪs,ɪnʊs,ɪnɪs
ɪn.ʊv,ɪn.ɪv,ɪnʊv,ɪnɪv
ɪn.ʊz,ɪn.ɪz,ɪnʊz,ɪnɪz
ɪn.ʊʃ,ɪn.ɪʃ,ɪnʊʃ,ɪnɪʃ
ɪn.ʊʒ,ɪn.ɪʒ,ɪnʊʒ,ɪnɪʒ
ɪn.ʊθ,ɪn.ɪθ,ɪnʊθ,ɪnɪθ
ɪn.ʊð,ɪn.ɪð,ɪnʊð,ɪnɪð
ɪn.ɔm,ɪn.ɛm,ɪnɔm,ɪnɛm
ɪn.ɔn,ɪn.ɛn,ɪnɔn,ɪnɛn
ɪn.ɔŋ,ɪn.ɛŋ,ɪnɔŋ,ɪnɛŋ
ɪn.ɔp,ɪn.ɛp,ɪnɔp,ɪnɛp
ɪn.ɔt,ɪn.ɛt,ɪnɔt,ɪnɛt
ɪn.ɔk,ɪn.ɛk,ɪnɔk,ɪnɛk
ɪn.ɔb,ɪn.ɛb,ɪnɔb,ɪnɛb
ɪn.ɔd,ɪn.ɛd,ɪnɔd,ɪnɛd
ɪn.ɔg,ɪn.ɛg,ɪnɔg,ɪnɛg
ɪn.ɔf,ɪn.ɛf,ɪnɔf,ɪnɛf
ɪn.ɔs,ɪn.ɛs,ɪnɔs,ɪnɛs
ɪn.ɔv,ɪn.ɛv,ɪnɔv,ɪnɛv
ɪn.ɔz,ɪn.ɛz,ɪnɔz,ɪnɛz
ɪn.ɔʃ,ɪn.ɛʃ,ɪnɔʃ,ɪnɛʃ
ɪn.ɔʒ,ɪn.ɛʒ,ɪnɔʒ,ɪnɛʒ
ɪn.ɔθ,ɪn.ɛθ,ɪnɔθ,ɪnɛθ
ɪn.ɔð,ɪn.ɛð,ɪnɔð,ɪnɛð
ɪŋ.ɪm,ɪŋ.ʊm,ɪŋɪm,ɪŋʊm
ɪŋ.ɪn,ɪŋ.ʊn,ɪŋɪn,ɪŋʊn
ɪŋ.ɪŋ,ɪŋ.ʊŋ,ɪŋɪŋ,ɪŋʊŋ
ɪŋ.ɪp,ɪŋ.ʊp,ɪŋɪp,ɪŋʊp
ɪŋ.ɪt,ɪŋ.ʊt,ɪŋɪt,ɪŋʊt
ɪŋ.ɪk,ɪŋ.ʊk,ɪŋɪk,ɪŋʊk
ɪŋ.ɪb,ɪŋ.ʊb,ɪŋɪb,ɪŋʊb
ɪŋ.ɪd,ɪŋ.ʊd,ɪŋɪd,ɪŋʊd
ɪŋ.ɪg,ɪŋ.ʊg,ɪŋɪg,ɪŋʊg
ɪŋ.ɪf,ɪŋ.ʊf,ɪŋɪf,ɪŋʊf
ɪŋ.ɪs,ɪŋ.ʊs,ɪŋɪs,ɪŋʊs
ɪŋ.ɪv,ɪŋ.ʊv,ɪŋɪv,ɪŋʊv
ɪŋ.ɪz,ɪŋ.ʊz,ɪŋɪz,ɪŋʊz
ɪŋ.ɪʃ,ɪŋ.ʊʃ,ɪŋɪʃ,ɪŋʊʃ
ɪŋ.ɪʒ,ɪŋ.ʊʒ,ɪŋɪʒ,ɪŋʊʒ
ɪŋ.ɪθ,ɪŋ.ʊθ,ɪŋɪθ,ɪŋʊθ
ɪŋ.ɪð,ɪŋ.ʊð,ɪŋɪð,ɪŋʊð
ɪŋ.ɛm,ɪŋ.ɔm,ɪŋɛm,ɪŋɔm
ɪŋ.ɛn,ɪŋ.ɔn,ɪŋɛn,ɪŋɔn
ɪŋ.ɛŋ,ɪŋ.ɔŋ,ɪŋɛŋ,ɪŋɔŋ
ɪŋ.ɛp,ɪŋ.ɔp,ɪŋɛp,ɪŋɔp
ɪŋ.ɛt,ɪŋ.ɔt,ɪŋɛt,ɪŋɔt
ɪŋ.ɛk,ɪŋ.ɔk,ɪŋɛk,ɪŋɔk
ɪŋ.ɛb,ɪŋ.ɔb,ɪŋɛb,ɪŋɔb
ɪŋ.ɛd,ɪŋ.ɔd,ɪŋɛd,ɪŋɔd
ɪŋ.ɛg,ɪŋ.ɔg,ɪŋɛg,ɪŋɔg
ɪŋ.ɛf,ɪŋ.ɔf,ɪŋɛf,ɪŋɔf
ɪŋ.ɛs,ɪŋ.ɔs,ɪŋɛs,ɪŋɔs
ɪŋ.ɛv,ɪŋ.ɔv,ɪŋɛv,ɪŋɔv
ɪŋ.ɛz,ɪŋ.ɔz,ɪŋɛz,ɪŋɔz
ɪŋ.ɛʃ,ɪŋ.ɔʃ,ɪŋɛʃ,ɪŋɔʃ
ɪŋ.ɛʒ,ɪŋ.ɔʒ,ɪŋɛʒ,ɪŋɔʒ
ɪŋ.ɛθ,ɪŋ.ɔθ,ɪŋɛθ,ɪŋɔθ
ɪŋ.ɛð,ɪŋ.ɔð,ɪŋɛð,ɪŋɔð
ɪŋ.ʊm,ɪŋ.ɪm,ɪŋʊm,ɪŋɪm
ɪŋ.ʊn,ɪŋ.ɪn,ɪŋʊn,ɪŋɪn
ɪŋ.ʊŋ,ɪŋ.ɪŋ,ɪŋʊŋ,ɪŋɪŋ
ɪŋ.ʊp,ɪŋ.ɪp,ɪŋʊp,ɪŋɪp
ɪŋ.ʊt,ɪŋ.ɪt,ɪŋʊt,ɪŋɪt
ɪŋ.ʊk,ɪŋ.ɪk,ɪŋʊk,ɪŋɪk
ɪŋ.ʊb,ɪŋ.ɪb,ɪŋʊb,ɪŋɪb
ɪŋ.ʊd,ɪŋ.ɪd,ɪŋʊd,ɪŋɪd
ɪŋ.ʊg,ɪŋ.ɪg,ɪŋʊg,ɪŋɪg
ɪŋ.ʊf,ɪŋ.ɪf,ɪŋʊf,ɪŋɪf
ɪŋ.ʊs,ɪŋ.ɪs,ɪŋʊs,ɪŋɪs
ɪŋ.ʊv,ɪŋ.ɪv,ɪŋʊv,ɪŋɪv
ɪŋ.ʊz,ɪŋ.ɪz,ɪŋʊz,ɪŋɪz
ɪŋ.ʊʃ,ɪŋ.ɪʃ,ɪŋʊʃ,ɪŋɪʃ
ɪŋ.ʊʒ,ɪŋ.ɪʒ,ɪŋʊʒ,ɪŋɪʒ
ɪŋ.ʊθ,ɪŋ.ɪθ,ɪŋʊθ,ɪŋɪθ
ɪŋ.ʊð,ɪŋ.ɪð,ɪŋʊð,ɪŋɪð
ɪŋ.ɔm,ɪŋ.ɛm,ɪŋɔm,ɪŋɛm
ɪŋ.ɔn,ɪŋ.ɛn,ɪŋɔn,ɪŋɛn
ɪŋ.ɔŋ,ɪŋ.ɛŋ,ɪŋɔŋ,ɪŋɛŋ
ɪŋ.ɔp,ɪŋ.ɛp,ɪŋɔp,ɪŋɛp
ɪŋ.ɔt,ɪŋ.ɛt,ɪŋɔt,ɪŋɛt
ɪŋ.ɔk,ɪŋ.ɛk,ɪŋɔk,ɪŋɛk
ɪŋ.ɔb,ɪŋ.ɛb,ɪŋɔb,ɪŋɛb
ɪŋ.ɔd,ɪŋ.ɛd,ɪŋɔd,ɪŋɛd
ɪŋ.ɔg,ɪŋ.ɛg,ɪŋɔg,ɪŋɛg
ɪŋ.ɔf,ɪŋ.ɛf,ɪŋɔf,ɪŋɛf
ɪŋ.ɔs,ɪŋ.ɛs,ɪŋɔs,ɪŋɛs
ɪŋ.ɔv,ɪŋ.ɛv,ɪŋɔv,ɪŋɛv
ɪŋ.ɔz,ɪŋ.ɛz,ɪŋɔz,ɪŋɛz
ɪŋ.ɔʃ,ɪŋ.ɛʃ,ɪŋɔʃ,ɪŋɛʃ
ɪŋ.ɔʒ,ɪŋ.ɛʒ,ɪŋɔʒ,ɪŋɛʒ
ɪŋ.ɔθ,ɪŋ.ɛθ,ɪŋɔθ,ɪŋɛθ
ɪŋ.ɔð,ɪŋ.ɛð,ɪŋɔð,ɪŋɛð
ɪp.ɪm,ɪp.ʊm,ɪpɪm,ɪpʊm
ɪp.ɪn,ɪp.ʊn,ɪpɪn,ɪpʊn
ɪp.ɪŋ,ɪp.ʊŋ,ɪpɪŋ,ɪpʊŋ
ɪp.ɪp,ɪp.ʊp,ɪpɪp,ɪpʊp
ɪp.ɪt,ɪp.ʊt,ɪpɪt,ɪpʊt
ɪp.ɪk,ɪp.ʊk,ɪpɪk,ɪpʊk
ɪp.ɪb,ɪp.ʊb,ɪpɪb,ɪpʊb
ɪp.ɪd,ɪp.ʊd,ɪpɪd,ɪpʊd
ɪp.ɪg,ɪp.ʊg,ɪpɪg,ɪpʊg
ɪp.ɪf,ɪp.ʊf,ɪpɪf,ɪpʊf
ɪp.ɪs,ɪp.ʊs,ɪpɪs,ɪpʊs
ɪp.ɪv,ɪp.ʊv,ɪpɪv,ɪpʊv
ɪp.ɪz,ɪp.ʊz,ɪpɪz,ɪpʊz
ɪp.ɪʃ,ɪp.ʊʃ,ɪpɪʃ,ɪpʊʃ
ɪp.ɪʒ,ɪp.ʊʒ,ɪpɪʒ,ɪpʊʒ
ɪp.ɪθ,ɪp.ʊθ,ɪpɪθ,ɪpʊθ
ɪp.ɪð,ɪp.ʊð,ɪpɪð,ɪpʊð
ɪp.ɛm,ɪp.ɔm,ɪpɛm,ɪpɔm
ɪp.ɛn,ɪp.ɔn,ɪpɛn,ɪpɔn
ɪp.ɛŋ,ɪp.ɔŋ,ɪpɛŋ,ɪpɔŋ
ɪp.ɛp,ɪp.ɔp,ɪpɛp,ɪpɔp
ɪp.ɛt,ɪp.ɔt,ɪpɛt,ɪpɔt
ɪp.ɛk,ɪp.ɔk,ɪpɛk,ɪpɔk
ɪp.ɛb,ɪp.ɔb,ɪpɛb,ɪpɔb
ɪp.ɛd,ɪp.ɔd,ɪpɛd,ɪpɔd
ɪp.ɛg,ɪp.ɔg,ɪpɛg,ɪpɔg
ɪp.ɛf,ɪp.ɔf,ɪpɛf,ɪpɔf
ɪp.ɛs,ɪp.ɔs,ɪpɛs,ɪpɔs
ɪp.ɛv,ɪp.ɔv,ɪpɛv,ɪpɔv
ɪp.ɛz,ɪp.ɔz,ɪpɛz,ɪpɔz
ɪp.ɛʃ,ɪp.ɔʃ,ɪpɛʃ,ɪpɔʃ
ɪp.ɛʒ,ɪp.ɔʒ,ɪpɛʒ,ɪpɔʒ
ɪp.ɛθ,ɪp.ɔθ,ɪpɛθ,ɪpɔθ
ɪp.ɛð,ɪp.ɔð,ɪpɛð,ɪpɔð
ɪp.ʊm,ɪp.ɪm,ɪpʊm,ɪpɪm
ɪp.ʊn,ɪp.ɪn,ɪpʊn,ɪpɪn
ɪp.ʊŋ,ɪp.ɪŋ,ɪpʊŋ,ɪpɪŋ
ɪp.ʊp,ɪp.ɪp,ɪpʊp,ɪpɪp
ɪp.ʊt,ɪp.ɪt,ɪpʊt,ɪpɪt
ɪp.ʊk,ɪp.ɪk,ɪpʊk,ɪpɪk
ɪp.ʊb,ɪp.ɪb,ɪpʊb,ɪpɪb
ɪp.ʊd,ɪp.ɪd,ɪpʊd,ɪpɪd
ɪp.ʊg,ɪp.ɪg,ɪpʊg,ɪpɪg
ɪp.ʊf,ɪp.ɪf,ɪpʊf,ɪpɪf
ɪp.ʊs,ɪp.ɪs,ɪpʊs,ɪpɪs
ɪp.ʊv,ɪp.ɪv,ɪpʊv,ɪpɪv
ɪp.ʊz,ɪp.ɪz,ɪpʊz,ɪpɪz
ɪp.ʊʃ,ɪp.ɪʃ,ɪpʊʃ,ɪpɪʃ
ɪp.ʊʒ,ɪp.ɪʒ,ɪpʊʒ,ɪpɪʒ
ɪp.ʊθ,ɪp.ɪθ,ɪpʊθ,ɪpɪθ
ɪp.ʊð,ɪp.ɪð,ɪpʊð,ɪpɪð
ɪp.ɔm,ɪp.ɛm,ɪpɔm,ɪpɛm
ɪp.ɔn,ɪp.ɛn,ɪpɔn,ɪpɛn
ɪp.ɔŋ,ɪp.ɛŋ,ɪpɔŋ,ɪpɛŋ
ɪp.ɔp,ɪp.ɛp,ɪpɔp,ɪpɛp
ɪp.ɔt,ɪp.ɛt,ɪpɔt,ɪpɛt
ɪp.ɔk,ɪp.ɛk,ɪpɔk,ɪpɛk
ɪp.ɔb,ɪp.ɛb,ɪpɔb,ɪpɛb
ɪp.ɔd,ɪp.ɛd,ɪpɔd,ɪpɛd
ɪp.ɔg,ɪp.ɛg,ɪpɔg,ɪpɛg
ɪp.ɔf,ɪp.ɛf,ɪpɔf,ɪpɛf
ɪp.ɔs,ɪp.ɛs,ɪpɔs,ɪpɛs
ɪp.ɔv,ɪp.ɛv,ɪpɔv,ɪpɛv
ɪp.ɔz,ɪp.ɛz,ɪpɔz,ɪpɛz
ɪp.ɔʃ,ɪp.ɛʃ,ɪpɔʃ,ɪpɛʃ
ɪp.ɔʒ,ɪp.ɛʒ,ɪpɔʒ,ɪpɛʒ
ɪp.ɔθ,ɪp.ɛθ,ɪpɔθ,ɪpɛθ
ɪp.ɔð,ɪp.ɛð,ɪpɔð,ɪpɛð
ɪt.ɪm,ɪt.ʊm,ɪtɪm,ɪtʊm
ɪt.ɪn,ɪt.ʊn,ɪtɪn,ɪtʊn
ɪt.ɪŋ,ɪt.ʊŋ,ɪtɪŋ,ɪtʊŋ
ɪt.ɪp,ɪt.ʊp,ɪtɪp,ɪtʊp
ɪt.ɪt,ɪt.ʊt,ɪtɪt,ɪtʊt
ɪt.ɪk,ɪt.ʊk,ɪtɪk,ɪtʊk
ɪt.ɪb,ɪt.ʊb,ɪtɪb,ɪtʊb
ɪt.ɪd,ɪt.ʊd,ɪtɪd,ɪtʊd
ɪt.ɪg,ɪt.ʊg,ɪtɪg,ɪtʊg
ɪt.ɪf,ɪt.ʊf,ɪtɪf,ɪtʊf
ɪt.ɪs,ɪt.ʊs,ɪtɪs,ɪtʊs
ɪt.ɪv,ɪt.ʊv,ɪtɪv,ɪtʊv
ɪt.ɪz,ɪt.ʊz,ɪtɪz,ɪtʊz
ɪt.ɪʃ,ɪt.ʊʃ,ɪtɪʃ,ɪtʊʃ
ɪt.ɪʒ,ɪt.ʊʒ,ɪtɪʒ,ɪtʊʒ
ɪt.ɪθ,ɪt.ʊθ,ɪtɪθ,ɪtʊθ
ɪt.ɪð,ɪt.ʊð,ɪtɪð,ɪtʊð
ɪt.ɛm,ɪt.ɔm,ɪtɛm,ɪtɔm
ɪt.ɛn,ɪt.ɔn,ɪtɛn,ɪtɔn
ɪt.ɛŋ,ɪt.ɔŋ,ɪtɛŋ,ɪtɔŋ
ɪt.ɛp,ɪt.ɔp,ɪtɛp,ɪtɔp
ɪt.ɛt,ɪt.ɔt,ɪtɛt,ɪtɔt
ɪt.ɛk,ɪt.ɔk,ɪtɛk,ɪtɔk
ɪt.ɛb,ɪt.ɔb,ɪtɛb,ɪtɔb
ɪt.ɛd,ɪt.ɔd,ɪtɛd,ɪtɔd
ɪt.ɛg,ɪt.ɔg,ɪtɛg,ɪtɔg
ɪt.ɛf,ɪt.ɔf,ɪtɛf,ɪtɔf
ɪt.ɛs,ɪt.ɔs,ɪtɛs,ɪtɔs
ɪt.ɛv,ɪt.ɔv,ɪtɛv,ɪtɔv
ɪt.ɛz,ɪt.ɔz,ɪtɛz,ɪtɔz
ɪt.ɛʃ,ɪt.ɔʃ,ɪtɛʃ,ɪtɔʃ
ɪt.ɛʒ,ɪt.ɔʒ,ɪtɛʒ,ɪtɔʒ
ɪt.ɛθ,ɪt.ɔθ,ɪtɛθ,ɪtɔθ
ɪt.ɛð,ɪt.ɔð,ɪtɛð,ɪtɔð
ɪt.ʊm,ɪt.ɪm,ɪtʊm,ɪtɪm
ɪt.ʊn,ɪt.ɪn,ɪtʊn,ɪtɪn
ɪt.ʊŋ,ɪt.ɪŋ,ɪtʊŋ,ɪtɪŋ
ɪt.ʊp,ɪt.ɪp,ɪtʊp,ɪtɪp
ɪt.ʊt,ɪt.ɪt,ɪtʊt,ɪtɪt
ɪt.ʊk,ɪt.ɪk,ɪtʊk,ɪtɪk
ɪt.ʊb,ɪt.ɪb,ɪtʊb,ɪtɪb
ɪt.ʊd,ɪt.ɪd,ɪtʊd,ɪtɪd
ɪt.ʊg,ɪt.ɪg,ɪtʊg,ɪtɪg
ɪt.ʊf,ɪt.ɪf,ɪtʊf,ɪtɪf
ɪt.ʊs,ɪt.ɪs,ɪtʊs,ɪtɪs
ɪt.ʊv,ɪt.ɪv,ɪtʊv,ɪtɪv
ɪt.ʊz,ɪt.ɪz,ɪtʊz,ɪtɪz
ɪt.ʊʃ,ɪt.ɪʃ,ɪtʊʃ,ɪtɪʃ
ɪt.ʊʒ,ɪt.ɪʒ,ɪtʊʒ,ɪtɪʒ
ɪt.ʊθ,ɪt.ɪθ,ɪtʊθ,ɪtɪθ
ɪt.ʊð,ɪt.ɪð,ɪtʊð,ɪtɪð
ɪt.ɔm,ɪt.ɛm,ɪtɔm,ɪtɛm
ɪt.ɔn,ɪt.ɛn,ɪtɔn,ɪtɛn
ɪt.ɔŋ,ɪt.ɛŋ,ɪtɔŋ,ɪtɛŋ
ɪt.ɔp,ɪt.ɛp,ɪtɔp,ɪtɛp
ɪt.ɔt,ɪt.ɛt,ɪtɔt,ɪtɛt
ɪt.ɔk,ɪt.ɛk,ɪtɔk,ɪtɛk
ɪt.ɔb,ɪt.ɛb,ɪtɔb,ɪtɛb
ɪt.ɔd,ɪt.ɛd,ɪtɔd,ɪtɛd
ɪt.ɔg,ɪt.ɛg,ɪtɔg,ɪtɛg
ɪt.ɔf,ɪt.ɛf,ɪtɔf,ɪtɛf
ɪt.ɔs,ɪt.ɛs,ɪtɔs,ɪtɛs
ɪt.ɔv,ɪt.ɛv,ɪtɔv,ɪtɛv
ɪt.ɔz,ɪt.ɛz,ɪtɔz,ɪtɛz
ɪt.ɔʃ,ɪt.ɛʃ,ɪtɔʃ,ɪtɛʃ
ɪt.ɔʒ,ɪt.ɛʒ,ɪtɔʒ,ɪtɛʒ
ɪt.ɔθ,ɪt.ɛθ,ɪtɔθ,ɪtɛθ
ɪt.ɔð,ɪt.ɛð,ɪtɔð,ɪtɛð
ɪk.ɪm,ɪk.ʊm,ɪkɪm,ɪkʊm
ɪk.ɪn,ɪk.ʊn,ɪkɪn,ɪkʊn
ɪk.ɪŋ,ɪk.ʊŋ,ɪkɪŋ,ɪkʊŋ
ɪk.ɪp,ɪk.ʊp,ɪkɪp,ɪkʊp
ɪk.ɪt,ɪk.ʊt,ɪkɪt,ɪkʊt
ɪk.ɪk,ɪk.ʊk,ɪkɪk,ɪkʊk
ɪk.ɪb,ɪk.ʊb,ɪkɪb,ɪkʊb
ɪk.ɪd,ɪk.ʊd,ɪkɪd,ɪkʊd
ɪk.ɪg,ɪk.ʊg,ɪkɪg,ɪkʊg
ɪk.ɪf,ɪk.ʊf,ɪkɪf,ɪkʊf
ɪk.ɪs,ɪk.ʊs,ɪkɪs,ɪkʊs
ɪk.ɪv,ɪk.ʊv,ɪkɪv,ɪkʊv
ɪk.ɪz,ɪk.ʊz,ɪkɪz,ɪkʊz
ɪk.ɪʃ,ɪk.ʊʃ,ɪkɪʃ,ɪkʊʃ
ɪk.ɪʒ,ɪk.ʊʒ,ɪkɪʒ,ɪkʊʒ
ɪk.ɪθ,ɪk.ʊθ,ɪkɪθ,ɪkʊθ
ɪk.ɪð,ɪk.ʊð,ɪkɪð,ɪkʊð
ɪk.ɛm,ɪk.ɔm,ɪkɛm,ɪkɔm
ɪk.ɛn,ɪk.ɔn,ɪkɛn,ɪkɔn
ɪk.ɛŋ,ɪk.ɔŋ,ɪkɛŋ,ɪkɔŋ
ɪk.ɛp,ɪk.ɔp,ɪkɛp,ɪkɔp
ɪk.ɛt,ɪk.ɔt,ɪkɛt,ɪkɔt
ɪk.ɛk,ɪk.ɔk,ɪkɛk,ɪkɔk
ɪk.ɛb,ɪk.ɔb,ɪkɛb,ɪkɔb
ɪk.ɛd,ɪk.ɔd,ɪkɛd,ɪkɔd
ɪk.ɛg,ɪk.ɔg,ɪkɛg,ɪkɔg
ɪk.ɛf,ɪk.ɔf,ɪkɛf,ɪkɔf
ɪk.ɛs,ɪk.ɔs,ɪkɛs,ɪkɔs
ɪk.ɛv,ɪk.ɔv,ɪkɛv,ɪkɔv
ɪk.ɛz,ɪk.ɔz,ɪkɛz,ɪkɔz
ɪk.ɛʃ,ɪk.ɔʃ,ɪkɛʃ,ɪkɔʃ
ɪk.ɛʒ,ɪk.ɔʒ,ɪkɛʒ,ɪkɔʒ
ɪk.ɛθ,ɪk.ɔθ,ɪkɛθ,ɪkɔθ
ɪk.ɛð,ɪk.ɔð,ɪkɛð,ɪkɔð
ɪk.ʊm,ɪk.ɪm,ɪkʊm,ɪkɪm
ɪk.ʊn,ɪk.ɪn,ɪkʊn,ɪkɪn
ɪk.ʊŋ,ɪk.ɪŋ,ɪkʊŋ,ɪkɪŋ
ɪk.ʊp,ɪk.ɪp,ɪkʊp,ɪkɪp
ɪk.ʊt,ɪk.ɪt,ɪkʊt,ɪkɪt
ɪk.ʊk,ɪk.ɪk,ɪkʊk,ɪkɪk
ɪk.ʊb,ɪk.ɪb,ɪkʊb,ɪkɪb
ɪk.ʊd,ɪk.ɪd,ɪkʊd,ɪkɪd
ɪk.ʊg,ɪk.ɪg,ɪkʊg,ɪkɪg
ɪk.ʊf,ɪk.ɪf,ɪkʊf,ɪkɪf
ɪk.ʊs,ɪk.ɪs,ɪkʊs,ɪkɪs
ɪk.ʊv,ɪk.ɪv,ɪkʊv,ɪkɪv
ɪk.ʊz,ɪk.ɪz,ɪkʊz,ɪkɪz
ɪk.ʊʃ,ɪk.ɪʃ,ɪkʊʃ,ɪkɪʃ
ɪk.ʊʒ,ɪk.ɪʒ,ɪkʊʒ,ɪkɪʒ
ɪk.ʊθ,ɪk.ɪθ,ɪkʊθ,ɪkɪθ
ɪk.ʊð,ɪk.ɪð,ɪkʊð,ɪkɪð
ɪk.ɔm,ɪk.ɛm,ɪkɔm,ɪkɛm
ɪk.ɔn,ɪk.ɛn,ɪkɔn,ɪkɛn
ɪk.ɔŋ,ɪk.ɛŋ,ɪkɔŋ,ɪkɛŋ
ɪk.ɔp,ɪk.ɛp,ɪkɔp,ɪkɛp
ɪk.ɔt,ɪk.ɛt,ɪkɔt,ɪkɛt
ɪk.ɔk,ɪk.ɛk,ɪkɔk,ɪkɛk
ɪk.ɔb,ɪk.ɛb,ɪkɔb,ɪkɛb
ɪk.ɔd,ɪk.ɛd,ɪkɔd,ɪkɛd
ɪk.ɔg,ɪk.ɛg,ɪkɔg,ɪkɛg
ɪk.ɔf,ɪk.ɛf,ɪkɔf,ɪkɛf
ɪk.ɔs,ɪk.ɛs,ɪkɔs,ɪkɛs
ɪk.ɔv,ɪk.ɛv,ɪkɔv,ɪkɛv
ɪk.ɔz,ɪk.ɛz,ɪkɔz,ɪkɛz
ɪk.ɔʃ,ɪk.ɛʃ,ɪkɔʃ,ɪkɛʃ
ɪk.ɔʒ,ɪk.ɛʒ,ɪkɔʒ,ɪkɛʒ
ɪk.ɔθ,ɪk.ɛθ,ɪkɔθ,ɪkɛθ
ɪk.ɔð,ɪk.ɛð,ɪkɔð,ɪkɛð
ɪb.ɪm,ɪb.ʊm,ɪbɪm,ɪbʊm
ɪb.ɪn,ɪb.ʊn,ɪbɪn,ɪbʊn
ɪb.ɪŋ,ɪb.ʊŋ,ɪbɪŋ,ɪbʊŋ
ɪb.ɪp,ɪb.ʊp,ɪbɪp,ɪbʊp
ɪb.ɪt,ɪb.ʊt,ɪbɪt,ɪbʊt
ɪb.ɪk,ɪb.ʊk,ɪbɪk,ɪbʊk
ɪb.ɪb,ɪb.ʊb,ɪbɪb,ɪbʊb
ɪb.ɪd,ɪb.ʊd,ɪbɪd,ɪbʊd
ɪb.ɪg,ɪb.ʊg,ɪbɪg,ɪbʊg
ɪb.ɪf,ɪb.ʊf,ɪbɪf,ɪbʊf
ɪb.ɪs,ɪb.ʊs,ɪbɪs,ɪbʊs
ɪb.ɪv,ɪb.ʊv,ɪbɪv,ɪbʊv
ɪb.ɪz,ɪb.ʊz,ɪbɪz,ɪbʊz
ɪb.ɪʃ,ɪb.ʊʃ,ɪbɪʃ,ɪbʊʃ
ɪb.ɪʒ,ɪb.ʊʒ,ɪbɪʒ,ɪbʊʒ
ɪb.ɪθ,ɪb.ʊθ,ɪbɪθ,ɪbʊθ
ɪb.ɪð,ɪb.ʊð,ɪbɪð,ɪbʊð
ɪb.ɛm,ɪb.ɔm,ɪbɛm,ɪbɔm
ɪb.ɛn,ɪb.ɔn,ɪbɛn,ɪbɔn
ɪb.ɛŋ,ɪb.ɔŋ,ɪbɛŋ,ɪbɔŋ
ɪb.ɛp,ɪb.ɔp,ɪbɛp,ɪbɔp
ɪb.ɛt,ɪb.ɔt,ɪbɛt,ɪbɔt
ɪb.ɛk,ɪb.ɔk,ɪbɛk,ɪbɔk
ɪb.ɛb,ɪb.ɔb,ɪbɛb,ɪbɔb
ɪb.ɛd,ɪb.ɔd,ɪbɛd,ɪbɔd
ɪb.ɛg,ɪb.ɔg,ɪbɛg,ɪbɔg
ɪb.ɛf,ɪb.ɔf,ɪbɛf,ɪbɔf
ɪb.ɛs,ɪb.ɔs,ɪbɛs,ɪbɔs
ɪb.ɛv,ɪb.ɔv,ɪbɛv,ɪbɔv
ɪb.ɛz,ɪb.ɔz,ɪbɛz,ɪbɔz
ɪb.ɛʃ,ɪb.ɔʃ,ɪbɛʃ,ɪbɔʃ
ɪb.ɛʒ,ɪb.ɔʒ,ɪbɛʒ,ɪbɔʒ
ɪb.ɛθ,ɪb.ɔθ,ɪbɛθ,ɪbɔθ
ɪb.ɛð,ɪb.ɔð,ɪbɛð,ɪbɔð
ɪb.ʊm,ɪb.ɪm,ɪbʊm,ɪbɪm
ɪb.ʊn,ɪb.ɪn,ɪbʊn,ɪbɪn
ɪb.ʊŋ,ɪb.ɪŋ,ɪbʊŋ,ɪbɪŋ
ɪb.ʊp,ɪb.ɪp,ɪbʊp,ɪbɪp
ɪb.ʊt,ɪb.ɪt,ɪbʊt,ɪbɪt
ɪb.ʊk,ɪb.ɪk,ɪbʊk,ɪbɪk
ɪb.ʊb,ɪb.ɪb,ɪbʊb,ɪbɪb
ɪb.ʊd,ɪb.ɪd,ɪbʊd,ɪbɪd
ɪb.ʊg,ɪb.ɪg,ɪbʊg,ɪbɪg
ɪb.ʊf,ɪb.ɪf,ɪbʊf,ɪbɪf
ɪb.ʊs,ɪb.ɪs,ɪbʊs,ɪbɪs
ɪb.ʊv,ɪb.ɪv,ɪbʊv,ɪbɪv
ɪb.ʊz,ɪb.ɪz,ɪbʊz,ɪbɪz
ɪb.ʊʃ,ɪb.ɪʃ,ɪbʊʃ,ɪbɪʃ
ɪb.ʊʒ,ɪb.ɪʒ,ɪbʊʒ,ɪbɪʒ
ɪb.ʊθ,ɪb.ɪθ,ɪbʊθ,ɪbɪθ
ɪb.ʊð,ɪb.ɪð,ɪbʊð,ɪbɪð
ɪb.ɔm,ɪb.ɛm,ɪbɔm,ɪbɛm
ɪb.ɔn,ɪb.ɛn,ɪbɔn,ɪbɛn
ɪb.ɔŋ,ɪb.ɛŋ,ɪbɔŋ,ɪbɛŋ
ɪb.ɔp,ɪb.ɛp,ɪbɔp,ɪbɛp
ɪb.ɔt,ɪb.ɛt,ɪbɔt,ɪbɛt
ɪb.ɔk,ɪb.ɛk,ɪbɔk,ɪbɛk
ɪb.ɔb,ɪb.ɛb,ɪbɔb,ɪbɛb
ɪb.ɔd,ɪb.ɛd,ɪbɔd,ɪbɛd
ɪb.ɔg,ɪb.ɛg,ɪbɔg,ɪbɛg
ɪb.ɔf,ɪb.ɛf,ɪbɔf,ɪbɛf
ɪb.ɔs,ɪb.ɛs,ɪbɔs,ɪbɛs
ɪb.ɔv,ɪb.ɛv,ɪbɔv,ɪbɛv
ɪb.ɔz,ɪb.ɛz,ɪbɔz,ɪbɛz
ɪb.ɔʃ,ɪb.ɛʃ,ɪbɔʃ,ɪbɛʃ
ɪb.ɔʒ,ɪb.ɛʒ,ɪbɔʒ,ɪbɛʒ
ɪb.ɔθ,ɪb.ɛθ,ɪbɔθ,ɪbɛθ
ɪb.ɔð,ɪb.ɛð,ɪbɔð,ɪbɛð
ɪd.ɪm,ɪd.ʊm,ɪdɪm,ɪdʊm
ɪd.ɪn,ɪd.ʊn,ɪdɪn,ɪdʊn
ɪd.ɪŋ,ɪd.ʊŋ,ɪdɪŋ,ɪdʊŋ
ɪd.ɪp,ɪd.ʊp,ɪdɪp,ɪdʊp
ɪd.ɪt,ɪd.ʊt,ɪdɪt,ɪdʊt
ɪd.ɪk,ɪd.ʊk,ɪdɪk,ɪdʊk
ɪd.ɪb,ɪd.ʊb,ɪdɪb,ɪdʊb
ɪd.ɪd,ɪd.ʊd,ɪdɪd,ɪdʊd
ɪd.ɪg,ɪd.ʊg,ɪdɪg,ɪdʊg
ɪd.ɪf,ɪd.ʊf,ɪdɪf,ɪdʊf
ɪd.ɪs,ɪd.ʊs,ɪdɪs,ɪdʊs
ɪd.ɪv,ɪd.ʊv,ɪdɪv,ɪdʊv
ɪd.ɪz,ɪd.ʊz,ɪdɪz,ɪdʊz
ɪd.ɪʃ,ɪd.ʊʃ,ɪdɪʃ,ɪdʊʃ
ɪd.ɪʒ,ɪd.ʊʒ,ɪdɪʒ,ɪdʊʒ
ɪd.ɪθ,ɪd.ʊθ,ɪdɪθ,ɪdʊθ
ɪd.ɪð,ɪd.ʊð,ɪdɪð,ɪdʊð
ɪd.ɛm,ɪd.ɔm,ɪdɛm,ɪdɔm
ɪd.ɛn,ɪd.ɔn,ɪdɛn,ɪdɔn
ɪd.ɛŋ,ɪd.ɔŋ,ɪdɛŋ,ɪdɔŋ
ɪd.ɛp,ɪd.ɔp,ɪdɛp,ɪdɔp
ɪd.ɛt,ɪd.ɔt,ɪdɛt,ɪdɔt
ɪd.ɛk,ɪd.ɔk,ɪdɛk,ɪdɔk
ɪd.ɛb,ɪd.ɔb,ɪdɛb,ɪdɔb
ɪd.ɛd,ɪd.ɔd,ɪdɛd,ɪdɔd
ɪd.ɛg,ɪd.ɔg,ɪdɛg,ɪdɔg
ɪd.ɛf,ɪd.ɔf,ɪdɛf,ɪdɔf
ɪd.ɛs,ɪd.ɔs,ɪdɛs,ɪdɔs
ɪd.ɛv,ɪd.ɔv,ɪdɛv,ɪdɔv
ɪd.ɛz,ɪd.ɔz,ɪdɛz,ɪdɔz
ɪd.ɛʃ,ɪd.ɔʃ,ɪdɛʃ,ɪdɔʃ
ɪd.ɛʒ,ɪd.ɔʒ,ɪdɛʒ,ɪdɔʒ
ɪd.ɛθ,ɪd.ɔθ,ɪdɛθ,ɪdɔθ
ɪd.ɛð,ɪd.ɔð,ɪdɛð,ɪdɔð
ɪd.ʊm,ɪd.ɪm,ɪdʊm,ɪdɪm
ɪd.ʊn,ɪd.ɪn,ɪdʊn,ɪdɪn
ɪd.ʊŋ,ɪd.ɪŋ,ɪdʊŋ,ɪdɪŋ
ɪd.ʊp,ɪd.ɪp,ɪdʊp,ɪdɪp
ɪd.ʊt,ɪd.ɪt,ɪdʊt,ɪdɪt
ɪd.ʊk,ɪd.ɪk,ɪdʊk,ɪdɪk
ɪd.ʊb,ɪd.ɪb,ɪdʊb,ɪdɪb
ɪd.ʊd,ɪd.ɪd,ɪdʊd,ɪdɪd
ɪd.ʊg,ɪd.ɪg,ɪdʊg,ɪdɪg
ɪd.ʊf,ɪd.ɪf,ɪdʊf,ɪdɪf
ɪd.ʊs,ɪd.ɪs,ɪdʊs,ɪdɪs
ɪd.ʊv,ɪd.ɪv,ɪdʊv,ɪdɪv
ɪd.ʊz,ɪd.ɪz,ɪdʊz,ɪdɪz
ɪd.ʊʃ,ɪd.ɪʃ,ɪdʊʃ,ɪdɪʃ
ɪd.ʊʒ,ɪd.ɪʒ,ɪdʊʒ,ɪdɪʒ
ɪd.ʊθ,ɪd.ɪθ,ɪdʊθ,ɪdɪθ
ɪd.ʊð,ɪd.ɪð,ɪdʊð,ɪdɪð
ɪd.ɔm,ɪd.ɛm,ɪdɔm,ɪdɛm
ɪd.ɔn,ɪd.ɛn,ɪdɔn,ɪdɛn
ɪd.ɔŋ,ɪd.ɛŋ,ɪdɔŋ,ɪdɛŋ
ɪd.ɔp,ɪd.ɛp,ɪdɔp,ɪdɛp
ɪd.ɔt,ɪd.ɛt,ɪdɔt,ɪdɛt
ɪd.ɔk,ɪd.ɛk,ɪdɔk,ɪdɛk
ɪd.ɔb,ɪd.ɛb,ɪdɔb,ɪdɛb
ɪd.ɔd,ɪd.ɛd,ɪdɔd,ɪdɛd
ɪd.ɔg,ɪd.ɛg,ɪdɔg,ɪdɛg
ɪd.ɔf,ɪd.ɛf,ɪdɔf,ɪdɛf
ɪd.ɔs,ɪd.ɛs,ɪdɔs,ɪdɛs
ɪd.ɔv,ɪd.ɛv,ɪdɔv,ɪdɛv
ɪd.ɔz,ɪd.ɛz,ɪdɔz,ɪdɛz
ɪd.ɔʃ,ɪd.ɛʃ,ɪdɔʃ,ɪdɛʃ
ɪd.ɔʒ,ɪd.ɛʒ,ɪdɔʒ,ɪdɛʒ
ɪd.ɔθ,ɪd.ɛθ,ɪdɔθ,ɪdɛθ
ɪd.ɔð,ɪd.ɛð,ɪdɔð,ɪdɛð
ɪg.ɪm,ɪg.ʊm,ɪgɪm,ɪgʊm
ɪg.ɪn,ɪg.ʊn,ɪgɪn,ɪgʊn
ɪg.ɪŋ,ɪg.ʊŋ,ɪgɪŋ,ɪgʊŋ
ɪg.ɪp,ɪg.ʊp,ɪgɪp,ɪgʊp
ɪg.ɪt,ɪg.ʊt,ɪgɪt,ɪgʊt
ɪg.ɪk,ɪg.ʊk,ɪgɪk,ɪgʊk
ɪg.ɪb,ɪg.ʊb,ɪgɪb,ɪgʊb
ɪg.ɪd,ɪg.ʊd,ɪgɪd,ɪgʊd
ɪg.ɪg,ɪg.ʊg,ɪgɪg,ɪgʊg
ɪg.ɪf,ɪg.ʊf,ɪgɪf,ɪgʊf
ɪg.ɪs,ɪg.ʊs,ɪgɪs,ɪgʊs
ɪg.ɪv,ɪg.ʊv,ɪgɪv,ɪgʊv
ɪg.ɪz,ɪg.ʊz,ɪgɪz,ɪgʊz
ɪg.ɪʃ,ɪg.ʊʃ,ɪgɪʃ,ɪgʊʃ
ɪg.ɪʒ,ɪg.ʊʒ,ɪgɪʒ,ɪgʊʒ
ɪg.ɪθ,ɪg.ʊθ,ɪgɪθ,ɪgʊθ
ɪg.ɪð,ɪg.ʊð,ɪgɪð,ɪgʊð
ɪg.ɛm,ɪg.ɔm,ɪgɛm,ɪgɔm
ɪg.ɛn,ɪg.ɔn,ɪgɛn,ɪgɔn
ɪg.ɛŋ,ɪg.ɔŋ,ɪgɛŋ,ɪgɔŋ
ɪg.ɛp,ɪg.ɔp,ɪgɛp,ɪgɔp
ɪg.ɛt,ɪg.ɔt,ɪgɛt,ɪgɔt
ɪg.ɛk,ɪg.ɔk,ɪgɛk,ɪgɔk
ɪg.ɛb,ɪg.ɔb,ɪgɛb,ɪgɔb
ɪg.ɛd,ɪg.ɔd,ɪgɛd,ɪgɔd
ɪg.ɛg,ɪg.ɔg,ɪgɛg,ɪgɔg
ɪg.ɛf,ɪg.ɔf,ɪgɛf,ɪgɔf
ɪg.ɛs,ɪg.ɔs,ɪgɛs,ɪgɔs
ɪg.ɛv,ɪg.ɔv,ɪgɛv,ɪgɔv
ɪg.ɛz,ɪg.ɔz,ɪgɛz,ɪgɔz
ɪg.ɛʃ,ɪg.ɔʃ,ɪgɛʃ,ɪgɔʃ
ɪg.ɛʒ,ɪg.ɔʒ,ɪgɛʒ,ɪgɔʒ
ɪg.ɛθ,ɪg.ɔθ,ɪgɛθ,ɪgɔθ
ɪg.ɛð,ɪg.ɔð,ɪgɛð,ɪgɔð
ɪg.ʊm,ɪg.ɪm,ɪgʊm,ɪgɪm
ɪg.ʊn,ɪg.ɪn,ɪgʊn,ɪgɪn
ɪg.ʊŋ,ɪg.ɪŋ,ɪgʊŋ,ɪgɪŋ
ɪg.ʊp,ɪg.ɪp,ɪgʊp,ɪgɪp
ɪg.ʊt,ɪg.ɪt,ɪgʊt,ɪgɪt
ɪg.ʊk,ɪg.ɪk,ɪgʊk,ɪgɪk
ɪg.ʊb,ɪg.ɪb,ɪgʊb,ɪgɪb
ɪg.ʊd,ɪg.ɪd,ɪgʊd,ɪgɪd
ɪg.ʊg,ɪg.ɪg,ɪgʊg,ɪgɪg
ɪg.ʊf,ɪg.ɪf,ɪgʊf,ɪgɪf
ɪg.ʊs,ɪg.ɪs,ɪgʊs,ɪgɪs
ɪg.ʊv,ɪg.ɪv,ɪgʊv,ɪgɪv
ɪg.ʊz,ɪg.ɪz,ɪgʊz,ɪgɪz
ɪg.ʊʃ,ɪg.ɪʃ,ɪgʊʃ,ɪgɪʃ
ɪg.ʊʒ,ɪg.ɪʒ,ɪgʊʒ,ɪgɪʒ
ɪg.ʊθ,ɪg.ɪθ,ɪgʊθ,ɪgɪθ
ɪg.ʊð,ɪg.ɪð,ɪgʊð,ɪgɪð
ɪg.ɔm,ɪg.ɛm,ɪgɔm,ɪgɛm
ɪg.ɔn,ɪg.ɛn,ɪgɔn,ɪgɛn
ɪg.ɔŋ,ɪg.ɛŋ,ɪgɔŋ,ɪgɛŋ
ɪg.ɔp,ɪg.ɛp,ɪgɔp,ɪgɛp
ɪg.ɔt,ɪg.ɛt,ɪgɔt,ɪgɛt
ɪg.ɔk,ɪg.ɛk,ɪgɔk,ɪgɛk
ɪg.ɔb,ɪg.ɛb,ɪgɔb,ɪgɛb
ɪg.ɔd,ɪg.ɛd,ɪgɔd,ɪgɛd
ɪg.ɔg,ɪg.ɛg,ɪgɔg,ɪgɛg
ɪg.ɔf,ɪg.ɛf,ɪgɔf,ɪgɛf
ɪg.ɔs,ɪg.ɛs,ɪgɔs,ɪgɛs
ɪg.ɔv,ɪg.ɛv,ɪgɔv,ɪgɛv
ɪg.ɔz,ɪg.ɛz,ɪgɔz,ɪgɛz
ɪg.ɔʃ,ɪg.ɛʃ,ɪgɔʃ,ɪgɛʃ
ɪg.ɔʒ,ɪg.ɛʒ,ɪgɔʒ,ɪgɛʒ
ɪg.ɔθ,ɪg.ɛθ,ɪgɔθ,ɪgɛθ
ɪg.ɔð,ɪg.ɛð,ɪgɔð,ɪgɛð
ɪf.ɪm,ɪf.ʊm,ɪfɪm,ɪfʊm
ɪf.ɪn,ɪf.ʊn,ɪfɪn,ɪfʊn
ɪf.ɪŋ,ɪf.ʊŋ,ɪfɪŋ,ɪfʊŋ
ɪf.ɪp,ɪf.ʊp,ɪfɪp,ɪfʊp
ɪf.ɪt,ɪf.ʊt,ɪfɪt,ɪfʊt
ɪf.ɪk,ɪf.ʊk,ɪfɪk,ɪfʊk
ɪf.ɪb,ɪf.ʊb,ɪfɪb,ɪfʊb
ɪf.ɪd,ɪf.ʊd,ɪfɪd,ɪfʊd
ɪf.ɪg,ɪf.ʊg,ɪfɪg,ɪfʊg
ɪf.ɪf,ɪf.ʊf,ɪfɪf,ɪfʊf
ɪf.ɪs,ɪf.ʊs,ɪfɪs,ɪfʊs
ɪf.ɪv,ɪf.ʊv,ɪfɪv,ɪfʊv
ɪf.ɪz,ɪf.ʊz,ɪfɪz,ɪfʊz
ɪf.ɪʃ,ɪf.ʊʃ,ɪfɪʃ,ɪfʊʃ
ɪf.ɪʒ,ɪf.ʊʒ,ɪfɪʒ,ɪfʊʒ
ɪf.ɪθ,ɪf.ʊθ,ɪfɪθ,ɪfʊθ
ɪf.ɪð,ɪf.ʊð,ɪfɪð,ɪfʊð
ɪf.ɛm,ɪf.ɔm,ɪfɛm,ɪfɔm
ɪf.ɛn,ɪf.ɔn,ɪfɛn,ɪfɔn
ɪf.ɛŋ,ɪf.ɔŋ,ɪfɛŋ,ɪfɔŋ
ɪf.ɛp,ɪf.ɔp,ɪfɛp,ɪfɔp
ɪf.ɛt,ɪf.ɔt,ɪfɛt,ɪfɔt
ɪf.ɛk,ɪf.ɔk,ɪfɛk,ɪfɔk
ɪf.ɛb,ɪf.ɔb,ɪfɛb,ɪfɔb
ɪf.ɛd,ɪf.ɔd,ɪfɛd,ɪfɔd
ɪf.ɛg,ɪf.ɔg,ɪfɛg,ɪfɔg
ɪf.ɛf,ɪf.ɔf,ɪfɛf,ɪfɔf
ɪf.ɛs,ɪf.ɔs,ɪfɛs,ɪfɔs
ɪf.ɛv,ɪf.ɔv,ɪfɛv,ɪfɔv
ɪf.ɛz,ɪf.ɔz,ɪfɛz,ɪfɔz
ɪf.ɛʃ,ɪf.ɔʃ,ɪfɛʃ,ɪfɔʃ
ɪf.ɛʒ,ɪf.ɔʒ,ɪfɛʒ,ɪfɔʒ
ɪf.ɛθ,ɪf.ɔθ,ɪfɛθ,ɪfɔθ
ɪf.ɛð,ɪf.ɔð,ɪfɛð,ɪfɔð
ɪf.ʊm,ɪf.ɪm,ɪfʊm,ɪfɪm
ɪf.ʊn,ɪf.ɪn,ɪfʊn,ɪfɪn
ɪf.ʊŋ,ɪf.ɪŋ,ɪfʊŋ,ɪfɪŋ
ɪf.ʊp,ɪf.ɪp,ɪfʊp,ɪfɪp
ɪf.ʊt,ɪf.ɪt,ɪfʊt,ɪfɪt
ɪf.ʊk,ɪf.ɪk,ɪfʊk,ɪfɪk
ɪf.ʊb,ɪf.ɪb,ɪfʊb,ɪfɪb
ɪf.ʊd,ɪf.ɪd,ɪfʊd,ɪfɪd
ɪf.ʊg,ɪf.ɪg,ɪfʊg,ɪfɪg
ɪf.ʊf,ɪf.ɪf,ɪfʊf,ɪfɪf
ɪf.ʊs,ɪf.ɪs,ɪfʊs,ɪfɪs
ɪf.ʊv,ɪf.ɪv,ɪfʊv,ɪfɪv
ɪf.ʊz,ɪf.ɪz,ɪfʊz,ɪfɪz
ɪf.ʊʃ,ɪf.ɪʃ,ɪfʊʃ,ɪfɪʃ
ɪf.ʊʒ,ɪf.ɪʒ,ɪfʊʒ,ɪfɪʒ
ɪf.ʊθ,ɪf.ɪθ,ɪfʊθ,ɪfɪθ
ɪf.ʊð,ɪf.ɪð,ɪfʊð,ɪfɪð
ɪf.ɔm,ɪf.ɛm,ɪfɔm,ɪfɛm
ɪf.ɔn,ɪf.ɛn,ɪfɔn,ɪfɛn
ɪf.ɔŋ,ɪf.ɛŋ,ɪfɔŋ,ɪfɛŋ
ɪf.ɔp,ɪf.ɛp,ɪfɔp,ɪfɛp
ɪf.ɔt,ɪf.ɛt,ɪfɔt,ɪfɛt
ɪf.ɔk,ɪf.ɛk,ɪfɔk,ɪfɛk
ɪf.ɔb,ɪf.ɛb,ɪfɔb,ɪfɛb
ɪf.ɔd,ɪf.ɛd,ɪfɔd,ɪfɛd
ɪf.ɔg,ɪf.ɛg,ɪfɔg,ɪfɛg
ɪf.ɔf,ɪf.ɛf,ɪfɔf,ɪfɛf
ɪf.ɔs,ɪf.ɛs,ɪfɔs,ɪfɛs
ɪf.ɔv,ɪf.ɛv,ɪfɔv,ɪfɛv
ɪf.ɔz,ɪf.ɛz,ɪfɔz,ɪfɛz
ɪf.ɔʃ,ɪf.ɛʃ,ɪfɔʃ,ɪfɛʃ
ɪf.ɔʒ,ɪf.ɛʒ,ɪfɔʒ,ɪfɛʒ
ɪf.ɔθ,ɪf.ɛθ,ɪfɔθ,ɪfɛθ
ɪf.ɔð,ɪf.ɛð,ɪfɔð,ɪfɛð
ɪs.ɪm,ɪs.ʊm,ɪsɪm,ɪsʊm
ɪs.ɪn,ɪs.ʊn,ɪsɪn,ɪsʊn
ɪs.ɪŋ,ɪs.ʊŋ,ɪsɪŋ,ɪsʊŋ
ɪs.ɪp,ɪs.ʊp,ɪsɪp,ɪsʊp
ɪs.ɪt,ɪs.ʊt,ɪsɪt,ɪsʊt
ɪs.ɪk,ɪs.ʊk,ɪsɪk,ɪsʊk
ɪs.ɪb,ɪs.ʊb,ɪsɪb,ɪsʊb
ɪs.ɪd,ɪs.ʊd,ɪsɪd,ɪsʊd
ɪs.ɪg,ɪs.ʊg,ɪsɪg,ɪsʊg
ɪs.ɪf,ɪs.ʊf,ɪsɪf,ɪsʊf
ɪs.ɪs,ɪs.ʊs,ɪsɪs,ɪsʊs
ɪs.ɪv,ɪs.ʊv,ɪsɪv,ɪsʊv
ɪs.ɪz,ɪs.ʊz,ɪsɪz,ɪsʊz
ɪs.ɪʃ,ɪs.ʊʃ,ɪsɪʃ,ɪsʊʃ
ɪs.ɪʒ,ɪs.ʊʒ,ɪsɪʒ,ɪsʊʒ
ɪs.ɪθ,ɪs.ʊθ,ɪsɪθ,ɪsʊθ
ɪs.ɪð,ɪs.ʊð,ɪsɪð,ɪsʊð
ɪs.ɛm,ɪs.ɔm,ɪsɛm,ɪsɔm
ɪs.ɛn,ɪs.ɔn,ɪsɛn,ɪsɔn
ɪs.ɛŋ,ɪs.ɔŋ,ɪsɛŋ,ɪsɔŋ
ɪs.ɛp,ɪs.ɔp,ɪsɛp,ɪsɔp
ɪs.ɛt,ɪs.ɔt,ɪsɛt,ɪsɔt
ɪs.ɛk,ɪs.ɔk,ɪsɛk,ɪsɔk
ɪs.ɛb,ɪs.ɔb,ɪsɛb,ɪsɔb
ɪs.ɛd,ɪs.ɔd,ɪsɛd,ɪsɔd
ɪs.ɛg,ɪs.ɔg,ɪsɛg,ɪsɔg
ɪs.ɛf,ɪs.ɔf,ɪsɛf,ɪsɔf
ɪs.ɛs,ɪs.ɔs,ɪsɛs,ɪsɔs
ɪs.ɛv,ɪs.ɔv,ɪsɛv,ɪsɔv
ɪs.ɛz,ɪs.ɔz,ɪsɛz,ɪsɔz
ɪs.ɛʃ,ɪs.ɔʃ,ɪsɛʃ,ɪsɔʃ
ɪs.ɛʒ,ɪs.ɔʒ,ɪsɛʒ,ɪsɔʒ
ɪs.ɛθ,ɪs.ɔθ,ɪsɛθ,ɪsɔθ
ɪs.ɛð,ɪs.ɔð,ɪsɛð,ɪsɔð
ɪs.ʊm,ɪs.ɪm,ɪsʊm,ɪsɪm
ɪs.ʊn,ɪs.ɪn,ɪsʊn,ɪsɪn
ɪs.ʊŋ,ɪs.ɪŋ,ɪsʊŋ,ɪsɪŋ
ɪs.ʊp,ɪs.ɪp,ɪsʊp,ɪsɪp
ɪs.ʊt,ɪs.ɪt,ɪsʊt,ɪsɪt
ɪs.ʊk,ɪs.ɪk,ɪsʊk,ɪsɪk
ɪs.ʊb,ɪs.ɪb,ɪsʊb,ɪsɪb
ɪs.ʊd,ɪs.ɪd,ɪsʊd,ɪsɪd
ɪs.ʊg,ɪs.ɪg,ɪsʊg,ɪsɪg
ɪs.ʊf,ɪs.ɪf,ɪsʊf,ɪsɪf
ɪs.ʊs,ɪs.ɪs,ɪsʊs,ɪsɪs
ɪs.ʊv,ɪs.ɪv,ɪsʊv,ɪsɪv
ɪs.ʊz,ɪs.ɪz,ɪsʊz,ɪsɪz
ɪs.ʊʃ,ɪs.ɪʃ,ɪsʊʃ,ɪsɪʃ
ɪs.ʊʒ,ɪs.ɪʒ,ɪsʊʒ,ɪsɪʒ
ɪs.ʊθ,ɪs.ɪθ,ɪsʊθ,ɪsɪθ
ɪs.ʊð,ɪs.ɪð,ɪsʊð,ɪsɪð
ɪs.ɔm,ɪs.ɛm,ɪsɔm,ɪsɛm
ɪs.ɔn,ɪs.ɛn,ɪsɔn,ɪsɛn
ɪs.ɔŋ,ɪs.ɛŋ,ɪsɔŋ,ɪsɛŋ
ɪs.ɔp,ɪs.ɛp,ɪsɔp,ɪsɛp
ɪs.ɔt,ɪs.ɛt,ɪsɔt,ɪsɛt
ɪs.ɔk,ɪs.ɛk,ɪsɔk,ɪsɛk
ɪs.ɔb,ɪs.ɛb,ɪsɔb,ɪsɛb
ɪs.ɔd,ɪs.ɛd,ɪsɔd,ɪsɛd
ɪs.ɔg,ɪs.ɛg,ɪsɔg,ɪsɛg
ɪs.ɔf,ɪs.ɛf,ɪsɔf,ɪsɛf
ɪs.ɔs,ɪs.ɛs,ɪsɔs,ɪsɛs
ɪs.ɔv,ɪs.ɛv,ɪsɔv,ɪsɛv
ɪs.ɔz,ɪs.ɛz,ɪsɔz,ɪsɛz
ɪs.ɔʃ,ɪs.ɛʃ,ɪsɔʃ,ɪsɛʃ
ɪs.ɔʒ,ɪs.ɛʒ,ɪsɔʒ,ɪsɛʒ
ɪs.ɔθ,ɪs.ɛθ,ɪsɔθ,ɪsɛθ
ɪs.ɔð,ɪs.ɛð,ɪsɔð,ɪsɛð
ɪv.ɪm,ɪv.ʊm,ɪvɪm,ɪvʊm
ɪv.ɪn,ɪv.ʊn,ɪvɪn,ɪvʊn
ɪv.ɪŋ,ɪv.ʊŋ,ɪvɪŋ,ɪvʊŋ
ɪv.ɪp,ɪv.ʊp,ɪvɪp,ɪvʊp
ɪv.ɪt,ɪv.ʊt,ɪvɪt,ɪvʊt
ɪv.ɪk,ɪv.ʊk,ɪvɪk,ɪvʊk
ɪv.ɪb,ɪv.ʊb,ɪvɪb,ɪvʊb
ɪv.ɪd,ɪv.ʊd,ɪvɪd,ɪvʊd
ɪv.ɪg,ɪv.ʊg,ɪvɪg,ɪvʊg
ɪv.ɪf,ɪv.ʊf,ɪvɪf,ɪvʊf
ɪv.ɪs,ɪv.ʊs,ɪvɪs,ɪvʊs
ɪv.ɪv,ɪv.ʊv,ɪvɪv,ɪvʊv
ɪv.ɪz,ɪv.ʊz,ɪvɪz,ɪvʊz
ɪv.ɪʃ,ɪv.ʊʃ,ɪvɪʃ,ɪvʊʃ
ɪv.ɪʒ,ɪv.ʊʒ,ɪvɪʒ,ɪvʊʒ
ɪv.ɪθ,ɪv.ʊθ,ɪvɪθ,ɪvʊθ
ɪv.ɪð,ɪv.ʊð,ɪvɪð,ɪvʊð
ɪv.ɛm,ɪv.ɔm,ɪvɛm,ɪvɔm
ɪv.ɛn,ɪv.ɔn,ɪvɛn,ɪvɔn
ɪv.ɛŋ,ɪv.ɔŋ,ɪvɛŋ,ɪvɔŋ
ɪv.ɛp,ɪv.ɔp,ɪvɛp,ɪvɔp
ɪv.ɛt,ɪv.ɔt,ɪvɛt,ɪvɔt
ɪv.ɛk,ɪv.ɔk,ɪvɛk,ɪvɔk
ɪv.ɛb,ɪv.ɔb,ɪvɛb,ɪvɔb
ɪv.ɛd,ɪv.ɔd,ɪvɛd,ɪvɔd
ɪv.ɛg,ɪv.ɔg,ɪvɛg,ɪvɔg
ɪv.ɛf,ɪv.ɔf,ɪvɛf,ɪvɔf
ɪv.ɛs,ɪv.ɔs,ɪvɛs,ɪvɔs
ɪv.ɛv,ɪv.ɔv,ɪvɛv,ɪvɔv
ɪv.ɛz,ɪv.ɔz,ɪvɛz,ɪvɔz
ɪv.ɛʃ,ɪv.ɔʃ,ɪvɛʃ,ɪvɔʃ
ɪv.ɛʒ,ɪv.ɔʒ,ɪvɛʒ,ɪvɔʒ
ɪv.ɛθ,ɪv.ɔθ,ɪvɛθ,ɪvɔθ
ɪv.ɛð,ɪv.ɔð,ɪvɛð,ɪvɔð
ɪv.ʊm,ɪv.ɪm,ɪvʊm,ɪvɪm
ɪv.ʊn,ɪv.ɪn,ɪvʊn,ɪvɪn
ɪv.ʊŋ,ɪv.ɪŋ,ɪvʊŋ,ɪvɪŋ
ɪv.ʊp,ɪv.ɪp,ɪvʊp,ɪvɪp
ɪv.ʊt,ɪv.ɪt,ɪvʊt,ɪvɪt
ɪv.ʊk,ɪv.ɪk,ɪvʊk,ɪvɪk
ɪv.ʊb,ɪv.ɪb,ɪvʊb,ɪvɪb
ɪv.ʊd,ɪv.ɪd,ɪvʊd,ɪvɪd
ɪv.ʊg,ɪv.ɪg,ɪvʊg,ɪvɪg
ɪv.ʊf,ɪv.ɪf,ɪvʊf,ɪvɪf
ɪv.ʊs,ɪv.ɪs,ɪvʊs,ɪvɪs
ɪv.ʊv,ɪv.ɪv,ɪvʊv,ɪvɪv
ɪv.ʊz,ɪv.ɪz,ɪvʊz,ɪvɪz
ɪv.ʊʃ,ɪv.ɪʃ,ɪvʊʃ,ɪvɪʃ
ɪv.ʊʒ,ɪv.ɪʒ,ɪvʊʒ,ɪvɪʒ
ɪv.ʊθ,ɪv.ɪθ,ɪvʊθ,ɪvɪθ
ɪv.ʊð,ɪv.ɪð,ɪvʊð,ɪvɪð
ɪv.ɔm,ɪv.ɛm,ɪvɔm,ɪvɛm
ɪv.ɔn,ɪv.ɛn,ɪvɔn,ɪvɛn
ɪv.ɔŋ,ɪv.ɛŋ,ɪvɔŋ,ɪvɛŋ
ɪv.ɔp,ɪv.ɛp,ɪvɔp,ɪvɛp
ɪv.ɔt,ɪv.ɛt,ɪvɔt,ɪvɛt
ɪv.ɔk,ɪv.ɛk,ɪvɔk,ɪvɛk
ɪv.ɔb,ɪv.ɛb,ɪvɔb,ɪvɛb
ɪv.ɔd,ɪv.ɛd,ɪvɔd,ɪvɛd
ɪv.ɔg,ɪv.ɛg,ɪvɔg,ɪvɛg
ɪv.ɔf,ɪv.ɛf,ɪvɔf,ɪvɛf
ɪv.ɔs,ɪv.ɛs,ɪvɔs,ɪvɛs
ɪv.ɔv,ɪv.ɛv,ɪvɔv,ɪvɛv
ɪv.ɔz,ɪv.ɛz,ɪvɔz,ɪvɛz
ɪv.ɔʃ,ɪv.ɛʃ,ɪvɔʃ,ɪvɛʃ
ɪv.ɔʒ,ɪv.ɛʒ,ɪvɔʒ,ɪvɛʒ
ɪv.ɔθ,ɪv.ɛθ,ɪvɔθ,ɪvɛθ
ɪv.ɔð,ɪv.ɛð,ɪvɔð,ɪvɛð
ɪz.ɪm,ɪz.ʊm,ɪzɪm,ɪzʊm
ɪz.ɪn,ɪz.ʊn,ɪzɪn,ɪzʊn
ɪz.ɪŋ,ɪz.ʊŋ,ɪzɪŋ,ɪzʊŋ
ɪz.ɪp,ɪz.ʊp,ɪzɪp,ɪzʊp
ɪz.ɪt,ɪz.ʊt,ɪzɪt,ɪzʊt
ɪz.ɪk,ɪz.ʊk,ɪzɪk,ɪzʊk
ɪz.ɪb,ɪz.ʊb,ɪzɪb,ɪzʊb
ɪz.ɪd,ɪz.ʊd,ɪzɪd,ɪzʊd
ɪz.ɪg,ɪz.ʊg,ɪzɪg,ɪzʊg
ɪz.ɪf,ɪz.ʊf,ɪzɪf,ɪzʊf
ɪz.ɪs,ɪz.ʊs,ɪzɪs,ɪzʊs
ɪz.ɪv,ɪz.ʊv,ɪzɪv,ɪzʊv
ɪz.ɪz,ɪz.ʊz,ɪzɪz,ɪzʊz
ɪz.ɪʃ,ɪz.ʊʃ,ɪzɪʃ,ɪzʊʃ
ɪz.ɪʒ,ɪz.ʊʒ,ɪzɪʒ,ɪzʊʒ
ɪz.ɪθ,ɪz.ʊθ,ɪzɪθ,ɪzʊθ
ɪz.ɪð,ɪz.ʊð,ɪzɪð,ɪzʊð
ɪz.ɛm,ɪz.ɔm,ɪzɛm,ɪzɔm
ɪz.ɛn,ɪz.ɔn,ɪzɛn,ɪzɔn
ɪz.ɛŋ,ɪz.ɔŋ,ɪzɛŋ,ɪzɔŋ
ɪz.ɛp,ɪz.ɔp,ɪzɛp,ɪzɔp
ɪz.ɛt,ɪz.ɔt,ɪzɛt,ɪzɔt
ɪz.ɛk,ɪz.ɔk,ɪzɛk,ɪzɔk
ɪz.ɛb,ɪz.ɔb,ɪzɛb,ɪzɔb
ɪz.ɛd,ɪz.ɔd,ɪzɛd,ɪzɔd
ɪz.ɛg,ɪz.ɔg,ɪzɛg,ɪzɔg
ɪz.ɛf,ɪz.ɔf,ɪzɛf,ɪzɔf
ɪz.ɛs,ɪz.ɔs,ɪzɛs,ɪzɔs
ɪz.ɛv,ɪz.ɔv,ɪzɛv,ɪzɔv
ɪz.ɛz,ɪz.ɔz,ɪzɛz,ɪzɔz
ɪz.ɛʃ,ɪz.ɔʃ,ɪzɛʃ,ɪzɔʃ
ɪz.ɛʒ,ɪz.ɔʒ,ɪzɛʒ,ɪzɔʒ
ɪz.ɛθ,ɪz.ɔθ,ɪzɛθ,ɪzɔθ
ɪz.ɛð,ɪz.ɔð,ɪzɛð,ɪzɔð
ɪz.ʊm,ɪz.ɪm,ɪzʊm,ɪzɪm
ɪz.ʊn,ɪz.ɪn,ɪzʊn,ɪzɪn
ɪz.ʊŋ,ɪz.ɪŋ,ɪzʊŋ,ɪzɪŋ
ɪz.ʊp,ɪz.ɪp,ɪzʊp,ɪzɪp
ɪz.ʊt,ɪz.ɪt,ɪzʊt,ɪzɪt
ɪz.ʊk,ɪz.ɪk,ɪzʊk,ɪzɪk
ɪz.ʊb,ɪz.ɪb,ɪzʊb,ɪzɪb
ɪz.ʊd,ɪz.ɪd,ɪzʊd,ɪzɪd
ɪz.ʊg,ɪz.ɪg,ɪzʊg,ɪzɪg
ɪz.ʊf,ɪz.ɪf,ɪzʊf,ɪzɪf
ɪz.ʊs,ɪz.ɪs,ɪzʊs,ɪzɪs
ɪz.ʊv,ɪz.ɪv,ɪzʊv,ɪzɪv
ɪz.ʊz,ɪz.ɪz,ɪzʊz,ɪzɪz
ɪz.ʊʃ,ɪz.ɪʃ,ɪzʊʃ,ɪzɪʃ
ɪz.ʊʒ,ɪz.ɪʒ,ɪzʊʒ,ɪzɪʒ
ɪz.ʊθ,ɪz.ɪθ,ɪzʊθ,ɪzɪθ
ɪz.ʊð,ɪz.ɪð,ɪzʊð,ɪzɪð
ɪz.ɔm,ɪz.ɛm,ɪzɔm,ɪzɛm
ɪz.ɔn,ɪz.ɛn,ɪzɔn,ɪzɛn
ɪz.ɔŋ,ɪz.ɛŋ,ɪzɔŋ,ɪzɛŋ
ɪz.ɔp,ɪz.ɛp,ɪzɔp,ɪzɛp
ɪz.ɔt,ɪz.ɛt,ɪzɔt,ɪzɛt
ɪz.ɔk,ɪz.ɛk,ɪzɔk,ɪzɛk
ɪz.ɔb,ɪz.ɛb,ɪzɔb,ɪzɛb
ɪz.ɔd,ɪz.ɛd,ɪzɔd,ɪzɛd
ɪz.ɔg,ɪz.ɛg,ɪzɔg,ɪzɛg
ɪz.ɔf,ɪz.ɛf,ɪzɔf,ɪzɛf
ɪz.ɔs,ɪz.ɛs,ɪzɔs,ɪzɛs
ɪz.ɔv,ɪz.ɛv,ɪzɔv,ɪzɛv
ɪz.ɔz,ɪz.ɛz,ɪzɔz,ɪzɛz
ɪz.ɔʃ,ɪz.ɛʃ,ɪzɔʃ,ɪzɛʃ
ɪz.ɔʒ,ɪz.ɛʒ,ɪzɔʒ,ɪzɛʒ
ɪz.ɔθ,ɪz.ɛθ,ɪzɔθ,ɪzɛθ
ɪz.ɔð,ɪz.ɛð,ɪzɔð,ɪzɛð
ɪʃ.ɪm,ɪʃ.ʊm,ɪʃɪm,ɪʃʊm
ɪʃ.ɪn,ɪʃ.ʊn,ɪʃɪn,ɪʃʊn
ɪʃ.ɪŋ,ɪʃ.ʊŋ,ɪʃɪŋ,ɪʃʊŋ
ɪʃ.ɪp,ɪʃ.ʊp,ɪʃɪp,ɪʃʊp
ɪʃ.ɪt,ɪʃ.ʊt,ɪʃɪt,ɪʃʊt
ɪʃ.ɪk,ɪʃ.ʊk,ɪʃɪk,ɪʃʊk
ɪʃ.ɪb,ɪʃ.ʊb,ɪʃɪb,ɪʃʊb
ɪʃ.ɪd,ɪʃ.ʊd,ɪʃɪd,ɪʃʊd
ɪʃ.ɪg,ɪʃ.ʊg,ɪʃɪg,ɪʃʊg
ɪʃ.ɪf,ɪʃ.ʊf,ɪʃɪf,ɪʃʊf
ɪʃ.ɪs,ɪʃ.ʊs,ɪʃɪs,ɪʃʊs
ɪʃ.ɪv,ɪʃ.ʊv,ɪʃɪv,ɪʃʊv
ɪʃ.ɪz,ɪʃ.ʊz,ɪʃɪz,ɪʃʊz
ɪʃ.ɪʃ,ɪʃ.ʊʃ,ɪʃɪʃ,ɪʃʊʃ
ɪʃ.ɪʒ,ɪʃ.ʊʒ,ɪʃɪʒ,ɪʃʊʒ
ɪʃ.ɪθ,ɪʃ.ʊθ,ɪʃɪθ,ɪʃʊθ
ɪʃ.ɪð,ɪʃ.ʊð,ɪʃɪð,ɪʃʊð
ɪʃ.ɛm,ɪʃ.ɔm,ɪʃɛm,ɪʃɔm
ɪʃ.ɛn,ɪʃ.ɔn,ɪʃɛn,ɪʃɔn
ɪʃ.ɛŋ,ɪʃ.ɔŋ,ɪʃɛŋ,ɪʃɔŋ
ɪʃ.ɛp,ɪʃ.ɔp,ɪʃɛp,ɪʃɔp
ɪʃ.ɛt,ɪʃ.ɔt,ɪʃɛt,ɪʃɔt
ɪʃ.ɛk,ɪʃ.ɔk,ɪʃɛk,ɪʃɔk
ɪʃ.ɛb,ɪʃ.ɔb,ɪʃɛb,ɪʃɔb
ɪʃ.ɛd,ɪʃ.ɔd,ɪʃɛd,ɪʃɔd
ɪʃ.ɛg,ɪʃ.ɔg,ɪʃɛg,ɪʃɔg
ɪʃ.ɛf,ɪʃ.ɔf,ɪʃɛf,ɪʃɔf
ɪʃ.ɛs,ɪʃ.ɔs,ɪʃɛs,ɪʃɔs
ɪʃ.ɛv,ɪʃ.ɔv,ɪʃɛv,ɪʃɔv
ɪʃ.ɛz,ɪʃ.ɔz,ɪʃɛz,ɪʃɔz
ɪʃ.ɛʃ,ɪʃ.ɔʃ,ɪʃɛʃ,ɪʃɔʃ
ɪʃ.ɛʒ,ɪʃ.ɔʒ,ɪʃɛʒ,ɪʃɔʒ
ɪʃ.ɛθ,ɪʃ.ɔθ,ɪʃɛθ,ɪʃɔθ
ɪʃ.ɛð,ɪʃ.ɔð,ɪʃɛð,ɪʃɔð
ɪʃ.ʊm,ɪʃ.ɪm,ɪʃʊm,ɪʃɪm
ɪʃ.ʊn,ɪʃ.ɪn,ɪʃʊn,ɪʃɪn
ɪʃ.ʊŋ,ɪʃ.ɪŋ,ɪʃʊŋ,ɪʃɪŋ
ɪʃ.ʊp,ɪʃ.ɪp,ɪʃʊp,ɪʃɪp
ɪʃ.ʊt,ɪʃ.ɪt,ɪʃʊt,ɪʃɪt
ɪʃ.ʊk,ɪʃ.ɪk,ɪʃʊk,ɪʃɪk
ɪʃ.ʊb,ɪʃ.ɪb,ɪʃʊb,ɪʃɪb
ɪʃ.ʊd,ɪʃ.ɪd,ɪʃʊd,ɪʃɪd
ɪʃ.ʊg,ɪʃ.ɪg,ɪʃʊg,ɪʃɪg
ɪʃ.ʊf,ɪʃ.ɪf,ɪʃʊf,ɪʃɪf
ɪʃ.ʊs,ɪʃ.ɪs,ɪʃʊs,ɪʃɪs
ɪʃ.ʊv,ɪʃ.ɪv,ɪʃʊv,ɪʃɪv
ɪʃ.ʊz,ɪʃ.ɪz,ɪʃʊz,ɪʃɪz
ɪʃ.ʊʃ,ɪʃ.ɪʃ,ɪʃʊʃ,ɪʃɪʃ
ɪʃ.ʊʒ,ɪʃ.ɪʒ,ɪʃʊʒ,ɪʃɪʒ
ɪʃ.ʊθ,ɪʃ.ɪθ,ɪʃʊθ,ɪʃɪθ
ɪʃ.ʊð,ɪʃ.ɪð,ɪʃʊð,ɪʃɪð
ɪʃ.ɔm,ɪʃ.ɛm,ɪʃɔm,ɪʃɛm
ɪʃ.ɔn,ɪʃ.ɛn,ɪʃɔn,ɪʃɛn
ɪʃ.ɔŋ,ɪʃ.ɛŋ,ɪʃɔŋ,ɪʃɛŋ
ɪʃ.ɔp,ɪʃ.ɛp,ɪʃɔp,ɪʃɛp
ɪʃ.ɔt,ɪʃ.ɛt,ɪʃɔt,ɪʃɛt
ɪʃ.ɔk,ɪʃ.ɛk,ɪʃɔk,ɪʃɛk
ɪʃ.ɔb,ɪʃ.ɛb,ɪʃɔb,ɪʃɛb
ɪʃ.ɔd,ɪʃ.ɛd,ɪʃɔd,ɪʃɛd
ɪʃ.ɔg,ɪʃ.ɛg,ɪʃɔg,ɪʃɛg
ɪʃ.ɔf,ɪʃ.ɛf,ɪʃɔf,ɪʃɛf
ɪʃ.ɔs,ɪʃ.ɛs,ɪʃɔs,ɪʃɛs
ɪʃ.ɔv,ɪʃ.ɛv,ɪʃɔv,ɪʃɛv
ɪʃ.ɔz,ɪʃ.ɛz,ɪʃɔz,ɪʃɛz
ɪʃ.ɔʃ,ɪʃ.ɛʃ,ɪʃɔʃ,ɪʃɛʃ
ɪʃ.ɔʒ,ɪʃ.ɛʒ,ɪʃɔʒ,ɪʃɛʒ
ɪʃ.ɔθ,ɪʃ.ɛθ,ɪʃɔθ,ɪʃɛθ
ɪʃ.ɔð,ɪʃ.ɛð,ɪʃɔð,ɪʃɛð
ɪʒ.ɪm,ɪʒ.ʊm,ɪʒɪm,ɪʒʊm
ɪʒ.ɪn,ɪʒ.ʊn,ɪʒɪn,ɪʒʊn
ɪʒ.ɪŋ,ɪʒ.ʊŋ,ɪʒɪŋ,ɪʒʊŋ
ɪʒ.ɪp,ɪʒ.ʊp,ɪʒɪp,ɪʒʊp
ɪʒ.ɪt,ɪʒ.ʊt,ɪʒɪt,ɪʒʊt
ɪʒ.ɪk,ɪʒ.ʊk,ɪʒɪk,ɪʒʊk
ɪʒ.ɪb,ɪʒ.ʊb,ɪʒɪb,ɪʒʊb
ɪʒ.ɪd,ɪʒ.ʊd,ɪʒɪd,ɪʒʊd
ɪʒ.ɪg,ɪʒ.ʊg,ɪʒɪg,ɪʒʊg
ɪʒ.ɪf,ɪʒ.ʊf,ɪʒɪf,ɪʒʊf
ɪʒ.ɪs,ɪʒ.ʊs,ɪʒɪs,ɪʒʊs
ɪʒ.ɪv,ɪʒ.ʊv,ɪʒɪv,ɪʒʊv
ɪʒ.ɪz,ɪʒ.ʊz,ɪʒɪz,ɪʒʊz
ɪʒ.ɪʃ,ɪʒ.ʊʃ,ɪʒɪʃ,ɪʒʊʃ
ɪʒ.ɪʒ,ɪʒ.ʊʒ,ɪʒɪʒ,ɪʒʊʒ
ɪʒ.ɪθ,ɪʒ.ʊθ,ɪʒɪθ,ɪʒʊθ
ɪʒ.ɪð,ɪʒ.ʊð,ɪʒɪð,ɪʒʊð
ɪʒ.ɛm,ɪʒ.ɔm,ɪʒɛm,ɪʒɔm
ɪʒ.ɛn,ɪʒ.ɔn,ɪʒɛn,ɪʒɔn
ɪʒ.ɛŋ,ɪʒ.ɔŋ,ɪʒɛŋ,ɪʒɔŋ
ɪʒ.ɛp,ɪʒ.ɔp,ɪʒɛp,ɪʒɔp
ɪʒ.ɛt,ɪʒ.ɔt,ɪʒɛt,ɪʒɔt
ɪʒ.ɛk,ɪʒ.ɔk,ɪʒɛk,ɪʒɔk
ɪʒ.ɛb,ɪʒ.ɔb,ɪʒɛb,ɪʒɔb
ɪʒ.ɛd,ɪʒ.ɔd,ɪʒɛd,ɪʒɔd
ɪʒ.ɛg,ɪʒ.ɔg,ɪʒɛg,ɪʒɔg
ɪʒ.ɛf,ɪʒ.ɔf,ɪʒɛf,ɪʒɔf
ɪʒ.ɛs,ɪʒ.ɔs,ɪʒɛs,ɪʒɔs
ɪʒ.ɛv,ɪʒ.ɔv,ɪʒɛv,ɪʒɔv
ɪʒ.ɛz,ɪʒ.ɔz,ɪʒɛz,ɪʒɔz
ɪʒ.ɛʃ,ɪʒ.ɔʃ,ɪʒɛʃ,ɪʒɔʃ
ɪʒ.ɛʒ,ɪʒ.ɔʒ,ɪʒɛʒ,ɪʒɔʒ
ɪʒ.ɛθ,ɪʒ.ɔθ,ɪʒɛθ,ɪʒɔθ
ɪʒ.ɛð,ɪʒ.ɔð,ɪʒɛð,ɪʒɔð
ɪʒ.ʊm,ɪʒ.ɪm,ɪʒʊm,ɪʒɪm
ɪʒ.ʊn,ɪʒ.ɪn,ɪʒʊn,ɪʒɪn
ɪʒ.ʊŋ,ɪʒ.ɪŋ,ɪʒʊŋ,ɪʒɪŋ
ɪʒ.ʊp,ɪʒ.ɪp,ɪʒʊp,ɪʒɪp
ɪʒ.ʊt,ɪʒ.ɪt,ɪʒʊt,ɪʒɪt
ɪʒ.ʊk,ɪʒ.ɪk,ɪʒʊk,ɪʒɪk
ɪʒ.ʊb,ɪʒ.ɪb,ɪʒʊb,ɪʒɪb
ɪʒ.ʊd,ɪʒ.ɪd,ɪʒʊd,ɪʒɪd
ɪʒ.ʊg,ɪʒ.ɪg,ɪʒʊg,ɪʒɪg
ɪʒ.ʊf,ɪʒ.ɪf,ɪʒʊf,ɪʒɪf
ɪʒ.ʊs,ɪʒ.ɪs,ɪʒʊs,ɪʒɪs
ɪʒ.ʊv,ɪʒ.ɪv,ɪʒʊv,ɪʒɪv
ɪʒ.ʊz,ɪʒ.ɪz,ɪʒʊz,ɪʒɪz
ɪʒ.ʊʃ,ɪʒ.ɪʃ,ɪʒʊʃ,ɪʒɪʃ
ɪʒ.ʊʒ,ɪʒ.ɪʒ,ɪʒʊʒ,ɪʒɪʒ
ɪʒ.ʊθ,ɪʒ.ɪθ,ɪʒʊθ,ɪʒɪθ
ɪʒ.ʊð,ɪʒ.ɪð,ɪʒʊð,ɪʒɪð
ɪʒ.ɔm,ɪʒ.ɛm,ɪʒɔm,ɪʒɛm
ɪʒ.ɔn,ɪʒ.ɛn,ɪʒɔn,ɪʒɛn
ɪʒ.ɔŋ,ɪʒ.ɛŋ,ɪʒɔŋ,ɪʒɛŋ
ɪʒ.ɔp,ɪʒ.ɛp,ɪʒɔp,ɪʒɛp
ɪʒ.ɔt,ɪʒ.ɛt,ɪʒɔt,ɪʒɛt
ɪʒ.ɔk,ɪʒ.ɛk,ɪʒɔk,ɪʒɛk
ɪʒ.ɔb,ɪʒ.ɛb,ɪʒɔb,ɪʒɛb
ɪʒ.ɔd,ɪʒ.ɛd,ɪʒɔd,ɪʒɛd
ɪʒ.ɔg,ɪʒ.ɛg,ɪʒɔg,ɪʒɛg
ɪʒ.ɔf,ɪʒ.ɛf,ɪʒɔf,ɪʒɛf
ɪʒ.ɔs,ɪʒ.ɛs,ɪʒɔs,ɪʒɛs
ɪʒ.ɔv,ɪʒ.ɛv,ɪʒɔv,ɪʒɛv
ɪʒ.ɔz,ɪʒ.ɛz,ɪʒɔz,ɪʒɛz
ɪʒ.ɔʃ,ɪʒ.ɛʃ,ɪʒɔʃ,ɪʒɛʃ
ɪʒ.ɔʒ,ɪʒ.ɛʒ,ɪʒɔʒ,ɪʒɛʒ
ɪʒ.ɔθ,ɪʒ.ɛθ,ɪʒɔθ,ɪʒɛθ
ɪʒ.ɔð,ɪʒ.ɛð,ɪʒɔð,ɪʒɛð
ɪθ.ɪm,ɪθ.ʊm,ɪθɪm,ɪθʊm
ɪθ.ɪn,ɪθ.ʊn,ɪθɪn,ɪθʊn
ɪθ.ɪŋ,ɪθ.ʊŋ,ɪθɪŋ,ɪθʊŋ
ɪθ.ɪp,ɪθ.ʊp,ɪθɪp,ɪθʊp
ɪθ.ɪt,ɪθ.ʊt,ɪθɪt,ɪθʊt
ɪθ.ɪk,ɪθ.ʊk,ɪθɪk,ɪθʊk
ɪθ.ɪb,ɪθ.ʊb,ɪθɪb,ɪθʊb
ɪθ.ɪd,ɪθ.ʊd,ɪθɪd,ɪθʊd
ɪθ.ɪg,ɪθ.ʊg,ɪθɪg,ɪθʊg
ɪθ.ɪf,ɪθ.ʊf,ɪθɪf,ɪθʊf
ɪθ.ɪs,ɪθ.ʊs,ɪθɪs,ɪθʊs
ɪθ.ɪv,ɪθ.ʊv,ɪθɪv,ɪθʊv
ɪθ.ɪz,ɪθ.ʊz,ɪθɪz,ɪθʊz
ɪθ.ɪʃ,ɪθ.ʊʃ,ɪθɪʃ,ɪθʊʃ
ɪθ.ɪʒ,ɪθ.ʊʒ,ɪθɪʒ,ɪθʊʒ
ɪθ.ɪθ,ɪθ.ʊθ,ɪθɪθ,ɪθʊθ
ɪθ.ɪð,ɪθ.ʊð,ɪθɪð,ɪθʊð
ɪθ.ɛm,ɪθ.ɔm,ɪθɛm,ɪθɔm
ɪθ.ɛn,ɪθ.ɔn,ɪθɛn,ɪθɔn
ɪθ.ɛŋ,ɪθ.ɔŋ,ɪθɛŋ,ɪθɔŋ
ɪθ.ɛp,ɪθ.ɔp,ɪθɛp,ɪθɔp
ɪθ.ɛt,ɪθ.ɔt,ɪθɛt,ɪθɔt
ɪθ.ɛk,ɪθ.ɔk,ɪθɛk,ɪθɔk
ɪθ.ɛb,ɪθ.ɔb,ɪθɛb,ɪθɔb
ɪθ.ɛd,ɪθ.ɔd,ɪθɛd,ɪθɔd
ɪθ.ɛg,ɪθ.ɔg,ɪθɛg,ɪθɔg
ɪθ.ɛf,ɪθ.ɔf,ɪθɛf,ɪθɔf
ɪθ.ɛs,ɪθ.ɔs,ɪθɛs,ɪθɔs
ɪθ.ɛv,ɪθ.ɔv,ɪθɛv,ɪθɔv
ɪθ.ɛz,ɪθ.ɔz,ɪθɛz,ɪθɔz
ɪθ.ɛʃ,ɪθ.ɔʃ,ɪθɛʃ,ɪθɔʃ
ɪθ.ɛʒ,ɪθ.ɔʒ,ɪθɛʒ,ɪθɔʒ
ɪθ.ɛθ,ɪθ.ɔθ,ɪθɛθ,ɪθɔθ
ɪθ.ɛð,ɪθ.ɔð,ɪθɛð,ɪθɔð
ɪθ.ʊm,ɪθ.ɪm,ɪθʊm,ɪθɪm
ɪθ.ʊn,ɪθ.ɪn,ɪθʊn,ɪθɪn
ɪθ.ʊŋ,ɪθ.ɪŋ,ɪθʊŋ,ɪθɪŋ
ɪθ.ʊp,ɪθ.ɪp,ɪθʊp,ɪθɪp
ɪθ.ʊt,ɪθ.ɪt,ɪθʊt,ɪθɪt
ɪθ.ʊk,ɪθ.ɪk,ɪθʊk,ɪθɪk
ɪθ.ʊb,ɪθ.ɪb,ɪθʊb,ɪθɪb
ɪθ.ʊd,ɪθ.ɪd,ɪθʊd,ɪθɪd
ɪθ.ʊg,ɪθ.ɪg,ɪθʊg,ɪθɪg
ɪθ.ʊf,ɪθ.ɪf,ɪθʊf,ɪθɪf
ɪθ.ʊs,ɪθ.ɪs,ɪθʊs,ɪθɪs
ɪθ.ʊv,ɪθ.ɪv,ɪθʊv,ɪθɪv
ɪθ.ʊz,ɪθ.ɪz,ɪθʊz,ɪθɪz
ɪθ.ʊʃ,ɪθ.ɪʃ,ɪθʊʃ,ɪθɪʃ
ɪθ.ʊʒ,ɪθ.ɪʒ,ɪθʊʒ,ɪθɪʒ
ɪθ.ʊθ,ɪθ.ɪθ,ɪθʊθ,ɪθɪθ
ɪθ.ʊð,ɪθ.ɪð,ɪθʊð,ɪθɪð
ɪθ.ɔm,ɪθ.ɛm,ɪθɔm,ɪθɛm
ɪθ.ɔn,ɪθ.ɛn,ɪθɔn,ɪθɛn
ɪθ.ɔŋ,ɪθ.ɛŋ,ɪθɔŋ,ɪθɛŋ
ɪθ.ɔp,ɪθ.ɛp,ɪθɔp,ɪθɛp
ɪθ.ɔt,ɪθ.ɛt,ɪθɔt,ɪθɛt
ɪθ.ɔk,ɪθ.ɛk,ɪθɔk,ɪθɛk
ɪθ.ɔb,ɪθ.ɛb,ɪθɔb,ɪθɛb
ɪθ.ɔd,ɪθ.ɛd,ɪθɔd,ɪθɛd
ɪθ.ɔg,ɪθ.ɛg,ɪθɔg,ɪθɛg
ɪθ.ɔf,ɪθ.ɛf,ɪθɔf,ɪθɛf
ɪθ.ɔs,ɪθ.ɛs,ɪθɔs,ɪθɛs
ɪθ.ɔv,ɪθ.ɛv,ɪθɔv,ɪθɛv
ɪθ.ɔz,ɪθ.ɛz,ɪθɔz,ɪθɛz
ɪθ.ɔʃ,ɪθ.ɛʃ,ɪθɔʃ,ɪθɛʃ
ɪθ.ɔʒ,ɪθ.ɛʒ,ɪθɔʒ,ɪθɛʒ
ɪθ.ɔθ,ɪθ.ɛθ,ɪθɔθ,ɪθɛθ
ɪθ.ɔð,ɪθ.ɛð,ɪθɔð,ɪθɛð
ɪð.ɪm,ɪð.ʊm,ɪðɪm,ɪðʊm
ɪð.ɪn,ɪð.ʊn,ɪðɪn,ɪðʊn
ɪð.ɪŋ,ɪð.ʊŋ,ɪðɪŋ,ɪðʊŋ
ɪð.ɪp,ɪð.ʊp,ɪðɪp,ɪðʊp
ɪð.ɪt,ɪð.ʊt,ɪðɪt,ɪðʊt
ɪð.ɪk,ɪð.ʊk,ɪðɪk,ɪðʊk
ɪð.ɪb,ɪð.ʊb,ɪðɪb,ɪðʊb
ɪð.ɪd,ɪð.ʊd,ɪðɪd,ɪðʊd
ɪð.ɪg,ɪð.ʊg,ɪðɪg,ɪðʊg
ɪð.ɪf,ɪð.ʊf,ɪðɪf,ɪðʊf
ɪð.ɪs,ɪð.ʊs,ɪðɪs,ɪðʊs
ɪð.ɪv,ɪð.ʊv,ɪðɪv,ɪðʊv
ɪð.ɪz,ɪð.ʊz,ɪðɪz,ɪðʊz
ɪð.ɪʃ,ɪð.ʊʃ,ɪðɪʃ,ɪðʊʃ
ɪð.ɪʒ,ɪð.ʊʒ,ɪðɪʒ,ɪðʊʒ
ɪð.ɪθ,ɪð.ʊθ,ɪðɪθ,ɪðʊθ
ɪð.ɪð,ɪð.ʊð,ɪðɪð,ɪðʊð
ɪð.ɛm,ɪð.ɔm,ɪðɛm,ɪðɔm
ɪð.ɛn,ɪð.ɔn,ɪðɛn,ɪðɔn
ɪð.ɛŋ,ɪð.ɔŋ,ɪðɛŋ,ɪðɔŋ
ɪð.ɛp,ɪð.ɔp,ɪðɛp,ɪðɔp
ɪð.ɛt,ɪð.ɔt,ɪðɛt,ɪðɔt
ɪð.ɛk,ɪð.ɔk,ɪðɛk,ɪðɔk
ɪð.ɛb,ɪð.ɔb,ɪðɛb,ɪðɔb
ɪð.ɛd,ɪð.ɔd,ɪðɛd,ɪðɔd
ɪð.ɛg,ɪð.ɔg,ɪðɛg,ɪðɔg
ɪð.ɛf,ɪð.ɔf,ɪðɛf,ɪðɔf
ɪð.ɛs,ɪð.ɔs,ɪðɛs,ɪðɔs
ɪð.ɛv,ɪð.ɔv,ɪðɛv,ɪðɔv
ɪð.ɛz,ɪð.ɔz,ɪðɛz,ɪðɔz
ɪð.ɛʃ,ɪð.ɔʃ,ɪðɛʃ,ɪðɔʃ
ɪð.ɛʒ,ɪð.ɔʒ,ɪðɛʒ,ɪðɔʒ
ɪð.ɛθ,ɪð.ɔθ,ɪðɛθ,ɪðɔθ
ɪð.ɛð,ɪð.ɔð,ɪðɛð,ɪðɔð
ɪð.ʊm,ɪð.ɪm,ɪðʊm,ɪðɪm
ɪð.ʊn,ɪð.ɪn,ɪðʊn,ɪðɪn
ɪð.ʊŋ,ɪð.ɪŋ,ɪðʊŋ,ɪðɪŋ
ɪð.ʊp,ɪð.ɪp,ɪðʊp,ɪðɪp
ɪð.ʊt,ɪð.ɪt,ɪðʊt,ɪðɪt
ɪð.ʊk,ɪð.ɪk,ɪðʊk,ɪðɪk
ɪð.ʊb,ɪð.ɪb,ɪðʊb,ɪðɪb
ɪð.ʊd,ɪð.ɪd,ɪðʊd,ɪðɪd
ɪð.ʊg,ɪð.ɪg,ɪðʊg,ɪðɪg
ɪð.ʊf,ɪð.ɪf,ɪðʊf,ɪðɪf
ɪð.ʊs,ɪð.ɪs,ɪðʊs,ɪðɪs
ɪð.ʊv,ɪð.ɪv,ɪðʊv,ɪðɪv
ɪð.ʊz,ɪð.ɪz,ɪðʊz,ɪðɪz
ɪð.ʊʃ,ɪð.ɪʃ,ɪðʊʃ,ɪðɪʃ
ɪð.ʊʒ,ɪð.ɪʒ,ɪðʊʒ,ɪðɪʒ
ɪð.ʊθ,ɪð.ɪθ,ɪðʊθ,ɪðɪθ
ɪð.ʊð,ɪð.ɪð,ɪðʊð,ɪðɪð
ɪð.ɔm,ɪð.ɛm,ɪðɔm,ɪðɛm
ɪð.ɔn,ɪð.ɛn,ɪðɔn,ɪðɛn
ɪð.ɔŋ,ɪð.ɛŋ,ɪðɔŋ,ɪðɛŋ
ɪð.ɔp,ɪð.ɛp,ɪðɔp,ɪðɛp
ɪð.ɔt,ɪð.ɛt,ɪðɔt,ɪðɛt
ɪð.ɔk,ɪð.ɛk,ɪðɔk,ɪðɛk
ɪð.ɔb,ɪð.ɛb,ɪðɔb,ɪðɛb
ɪð.ɔd,ɪð.ɛd,ɪðɔd,ɪðɛd
ɪð.ɔg,ɪð.ɛg,ɪðɔg,ɪðɛg
ɪð.ɔf,ɪð.ɛf,ɪðɔf,ɪðɛf
ɪð.ɔs,ɪð.ɛs,ɪðɔs,ɪðɛs
ɪð.ɔv,ɪð.ɛv,ɪðɔv,ɪðɛv
ɪð.ɔz,ɪð.ɛz,ɪðɔz,ɪðɛz
ɪð.ɔʃ,ɪð.ɛʃ,ɪðɔʃ,ɪðɛʃ
ɪð.ɔʒ,ɪð.ɛʒ,ɪðɔʒ,ɪðɛʒ
ɪð.ɔθ,ɪð.ɛθ,ɪðɔθ,ɪðɛθ
ɪð.ɔð,ɪð.ɛð,ɪðɔð,ɪðɛð
ɛm.ɪm,ɛm.ʊm,ɛmɪm,ɛmʊm
ɛm.ɪn,ɛm.ʊn,ɛmɪn,ɛmʊn
ɛm.ɪŋ,ɛm.ʊŋ,ɛmɪŋ,ɛmʊŋ
ɛm.ɪp,ɛm.ʊp,ɛmɪp,ɛmʊp
ɛm.ɪt,ɛm.ʊt,ɛmɪt,ɛmʊt
ɛm.ɪk,ɛm.ʊk,ɛmɪk,ɛmʊk
ɛm.ɪb,ɛm.ʊb,ɛmɪb,ɛmʊb
ɛm.ɪd,ɛm.ʊd,ɛmɪd,ɛmʊd
ɛm.ɪg,ɛm.ʊg,ɛmɪg,ɛmʊg
ɛm.ɪf,ɛm.ʊf,ɛmɪf,ɛmʊf
ɛm.ɪs,ɛm.ʊs,ɛmɪs,ɛmʊs
ɛm.ɪv,ɛm.ʊv,ɛmɪv,ɛmʊv
ɛm.ɪz,ɛm.ʊz,ɛmɪz,ɛmʊz
ɛm.ɪʃ,ɛm.ʊʃ,ɛmɪʃ,ɛmʊʃ
ɛm.ɪʒ,ɛm.ʊʒ,ɛmɪʒ,ɛmʊʒ
ɛm.ɪθ,ɛm.ʊθ,ɛmɪθ,ɛmʊθ
ɛm.ɪð,ɛm.ʊð,ɛmɪð,ɛmʊð
ɛm.ɛm,ɛm.ɔm,ɛmɛm,ɛmɔm
ɛm.ɛn,ɛm.ɔn,ɛmɛn,ɛmɔn
ɛm.ɛŋ,ɛm.ɔŋ,ɛmɛŋ,ɛmɔŋ
ɛm.ɛp,ɛm.ɔp,ɛmɛp,ɛmɔp
ɛm.ɛt,ɛm.ɔt,ɛmɛt,ɛmɔt
ɛm.ɛk,ɛm.ɔk,ɛmɛk,ɛmɔk
ɛm.ɛb,ɛm.ɔb,ɛmɛb,ɛmɔb
ɛm.ɛd,ɛm.ɔd,ɛmɛd,ɛmɔd
ɛm.ɛg,ɛm.ɔg,ɛmɛg,ɛmɔg
ɛm.ɛf,ɛm.ɔf,ɛmɛf,ɛmɔf
ɛm.ɛs,ɛm.ɔs,ɛmɛs,ɛmɔs
ɛm.ɛv,ɛm.ɔv,ɛmɛv,ɛmɔv
ɛm.ɛz,ɛm.ɔz,ɛmɛz,ɛmɔz
ɛm.ɛʃ,ɛm.ɔʃ,ɛmɛʃ,ɛmɔʃ
ɛm.ɛʒ,ɛm.ɔʒ,ɛmɛʒ,ɛmɔʒ
ɛm.ɛθ,ɛm.ɔθ,ɛmɛθ,ɛmɔθ
ɛm.ɛð,ɛm.ɔð,ɛmɛð,ɛmɔð
ɛm.ʊm,ɛm.ɪm,ɛmʊm,ɛmɪm
ɛm.ʊn,ɛm.ɪn,ɛmʊn,ɛmɪn
ɛm.ʊŋ,ɛm.ɪŋ,ɛmʊŋ,ɛmɪŋ
ɛm.ʊp,ɛm.ɪp,ɛmʊp,ɛmɪp
ɛm.ʊt,ɛm.ɪt,ɛmʊt,ɛmɪt
ɛm.ʊk,ɛm.ɪk,ɛmʊk,ɛmɪk
ɛm.ʊb,ɛm.ɪb,ɛmʊb,ɛmɪb
ɛm.ʊd,ɛm.ɪd,ɛmʊd,ɛmɪd
ɛm.ʊg,ɛm.ɪg,ɛmʊg,ɛmɪg
ɛm.ʊf,ɛm.ɪf,ɛmʊf,ɛmɪf
ɛm.ʊs,ɛm.ɪs,ɛmʊs,ɛmɪs
ɛm.ʊv,ɛm.ɪv,ɛmʊv,ɛmɪv
ɛm.ʊz,ɛm.ɪz,ɛmʊz,ɛmɪz
ɛm.ʊʃ,ɛm.ɪʃ,ɛmʊʃ,ɛmɪʃ
ɛm.ʊʒ,ɛm.ɪʒ,ɛmʊʒ,ɛmɪʒ
ɛm.ʊθ,ɛm.ɪθ,ɛmʊθ,ɛmɪθ
ɛm.ʊð,ɛm.ɪð,ɛmʊð,ɛmɪð
ɛm.ɔm,ɛm.ɛm,ɛmɔm,ɛmɛm
ɛm.ɔn,ɛm.ɛn,ɛmɔn,ɛmɛn
ɛm.ɔŋ,ɛm.ɛŋ,ɛmɔŋ,ɛmɛŋ
ɛm.ɔp,ɛm.ɛp,ɛmɔp,ɛmɛp
ɛm.ɔt,ɛm.ɛt,ɛmɔt,ɛmɛt
ɛm.ɔk,ɛm.ɛk,ɛmɔk,ɛmɛk
ɛm.ɔb,ɛm.ɛb,ɛmɔb,ɛmɛb
ɛm.ɔd,ɛm.ɛd,ɛmɔd,ɛmɛd
ɛm.ɔg,ɛm.ɛg,ɛmɔg,ɛmɛg
ɛm.ɔf,ɛm.ɛf,ɛmɔf,ɛmɛf
ɛm.ɔs,ɛm.ɛs,ɛmɔs,ɛmɛs
ɛm.ɔv,ɛm.ɛv,ɛmɔv,ɛmɛv
ɛm.ɔz,ɛm.ɛz,ɛmɔz,ɛmɛz
ɛm.ɔʃ,ɛm.ɛʃ,ɛmɔʃ,ɛmɛʃ
ɛm.ɔʒ,ɛm.ɛʒ,ɛmɔʒ,ɛmɛʒ
ɛm.ɔθ,ɛm.ɛθ,ɛmɔθ,ɛmɛθ
ɛm.ɔð,ɛm.ɛð,ɛmɔð,ɛmɛð
ɛn.ɪm,ɛn.ʊm,ɛnɪm,ɛnʊm
ɛn.ɪn,ɛn.ʊn,ɛnɪn,ɛnʊn
ɛn.ɪŋ,ɛn.ʊŋ,ɛnɪŋ,ɛnʊŋ
ɛn.ɪp,ɛn.ʊp,ɛnɪp,ɛnʊp
ɛn.ɪt,ɛn.ʊt,ɛnɪt,ɛnʊt
ɛn.ɪk,ɛn.ʊk,ɛnɪk,ɛnʊk
ɛn.ɪb,ɛn.ʊb,ɛnɪb,ɛnʊb
ɛn.ɪd,ɛn.ʊd,ɛnɪd,ɛnʊd
ɛn.ɪg,ɛn.ʊg,ɛnɪg,ɛnʊg
ɛn.ɪf,ɛn.ʊf,ɛnɪf,ɛnʊf
ɛn.ɪs,ɛn.ʊs,ɛnɪs,ɛnʊs
ɛn.ɪv,ɛn.ʊv,ɛnɪv,ɛnʊv
ɛn.ɪz,ɛn.ʊz,ɛnɪz,ɛnʊz
ɛn.ɪʃ,ɛn.ʊʃ,ɛnɪʃ,ɛnʊʃ
ɛn.ɪʒ,ɛn.ʊʒ,ɛnɪʒ,ɛnʊʒ
ɛn.ɪθ,ɛn.ʊθ,ɛnɪθ,ɛnʊθ
ɛn.ɪð,ɛn.ʊð,ɛnɪð,ɛnʊð
ɛn.ɛm,ɛn.ɔm,ɛnɛm,ɛnɔm
ɛn.ɛn,ɛn.ɔn,ɛnɛn,ɛnɔn
ɛn.ɛŋ,ɛn.ɔŋ,ɛnɛŋ,ɛnɔŋ
ɛn.ɛp,ɛn.ɔp,ɛnɛp,ɛnɔp
ɛn.ɛt,ɛn.ɔt,ɛnɛt,ɛnɔt
ɛn.ɛk,ɛn.ɔk,ɛnɛk,ɛnɔk
ɛn.ɛb,ɛn.ɔb,ɛnɛb,ɛnɔb
ɛn.ɛd,ɛn.ɔd,ɛnɛd,ɛnɔd
ɛn.ɛg,ɛn.ɔg,ɛnɛg,ɛnɔg
ɛn.ɛf,ɛn.ɔf,ɛnɛf,ɛnɔf
ɛn.ɛs,ɛn.ɔs,ɛnɛs,ɛnɔs
ɛn.ɛv,ɛn.ɔv,ɛnɛv,ɛnɔv
ɛn.ɛz,ɛn.ɔz,ɛnɛz,ɛnɔz
ɛn.ɛʃ,ɛn.ɔʃ,ɛnɛʃ,ɛnɔʃ
ɛn.ɛʒ,ɛn.ɔʒ,ɛnɛʒ,ɛnɔʒ
ɛn.ɛθ,ɛn.ɔθ,ɛnɛθ,ɛnɔθ
ɛn.ɛð,ɛn.ɔð,ɛnɛð,ɛnɔð
ɛn.ʊm,ɛn.ɪm,ɛnʊm,ɛnɪm
ɛn.ʊn,ɛn.ɪn,ɛnʊn,ɛnɪn
ɛn.ʊŋ,ɛn.ɪŋ,ɛnʊŋ,ɛnɪŋ
ɛn.ʊp,ɛn.ɪp,ɛnʊp,ɛnɪp
ɛn.ʊt,ɛn.ɪt,ɛnʊt,ɛnɪt
ɛn.ʊk,ɛn.ɪk,ɛnʊk,ɛnɪk
ɛn.ʊb,ɛn.ɪb,ɛnʊb,ɛnɪb
ɛn.ʊd,ɛn.ɪd,ɛnʊd,ɛnɪd
ɛn.ʊg,ɛn.ɪg,ɛnʊg,ɛnɪg
ɛn.ʊf,ɛn.ɪf,ɛnʊf,ɛnɪf
ɛn.ʊs,ɛn.ɪs,ɛnʊs,ɛnɪs
ɛn.ʊv,ɛn.ɪv,ɛnʊv,ɛnɪv
ɛn.ʊz,ɛn.ɪz,ɛnʊz,ɛnɪz
ɛn.ʊʃ,ɛn.ɪʃ,ɛnʊʃ,ɛnɪʃ
ɛn.ʊʒ,ɛn.ɪʒ,ɛnʊʒ,ɛnɪʒ
ɛn.ʊθ,ɛn.ɪθ,ɛnʊθ,ɛnɪθ
ɛn.ʊð,ɛn.ɪð,ɛnʊð,ɛnɪð
ɛn.ɔm,ɛn.ɛm,ɛnɔm,ɛnɛm
ɛn.ɔn,ɛn.ɛn,ɛnɔn,ɛnɛn
ɛn.ɔŋ,ɛn.ɛŋ,ɛnɔŋ,ɛnɛŋ
ɛn.ɔp,ɛn.ɛp,ɛnɔp,ɛnɛp
ɛn.ɔt,ɛn.ɛt,ɛnɔt,ɛnɛt
ɛn.ɔk,ɛn.ɛk,ɛnɔk,ɛnɛk
ɛn.ɔb,ɛn.ɛb,ɛnɔb,ɛnɛb
ɛn.ɔd,ɛn.ɛd,ɛnɔd,ɛnɛd
ɛn.ɔg,ɛn.ɛg,ɛnɔg,ɛnɛg
ɛn.ɔf,ɛn.ɛf,ɛnɔf,ɛnɛf
ɛn.ɔs,ɛn.ɛs,ɛnɔs,ɛnɛs
ɛn.ɔv,ɛn.ɛv,ɛnɔv,ɛnɛv
ɛn.ɔz,ɛn.ɛz,ɛnɔz,ɛnɛz
ɛn.ɔʃ,ɛn.ɛʃ,ɛnɔʃ,ɛnɛʃ
ɛn.ɔʒ,ɛn.ɛʒ,ɛnɔʒ,ɛnɛʒ
ɛn.ɔθ,ɛn.ɛθ,ɛnɔθ,ɛnɛθ
ɛn.ɔð,ɛn.ɛð,ɛnɔð,ɛnɛð
ɛŋ.ɪm,ɛŋ.ʊm,ɛŋɪm,ɛŋʊm
ɛŋ.ɪn,ɛŋ.ʊn,ɛŋɪn,ɛŋʊn
ɛŋ.ɪŋ,ɛŋ.ʊŋ,ɛŋɪŋ,ɛŋʊŋ
ɛŋ.ɪp,ɛŋ.ʊp,ɛŋɪp,ɛŋʊp
ɛŋ.ɪt,ɛŋ.ʊt,ɛŋɪt,ɛŋʊt
ɛŋ.ɪk,ɛŋ.ʊk,ɛŋɪk,ɛŋʊk
ɛŋ.ɪb,ɛŋ.ʊb,ɛŋɪb,ɛŋʊb
ɛŋ.ɪd,ɛŋ.ʊd,ɛŋɪd,ɛŋʊd
ɛŋ.ɪg,ɛŋ.ʊg,ɛŋɪg,ɛŋʊg
ɛŋ.ɪf,ɛŋ.ʊf,ɛŋɪf,ɛŋʊf
ɛŋ.ɪs,ɛŋ.ʊs,ɛŋɪs,ɛŋʊs
ɛŋ.ɪv,ɛŋ.ʊv,ɛŋɪv,ɛŋʊv
ɛŋ.ɪz,ɛŋ.ʊz,ɛŋɪz,ɛŋʊz
ɛŋ.ɪʃ,ɛŋ.ʊʃ,ɛŋɪʃ,ɛŋʊʃ
ɛŋ.ɪʒ,ɛŋ.ʊʒ,ɛŋɪʒ,ɛŋʊʒ
ɛŋ.ɪθ,ɛŋ.ʊθ,ɛŋɪθ,ɛŋʊθ
ɛŋ.ɪð,ɛŋ.ʊð,ɛŋɪð,ɛŋʊð
ɛŋ.ɛm,ɛŋ.ɔm,ɛŋɛm,ɛŋɔm
ɛŋ.ɛn,ɛŋ.ɔn,ɛŋɛn,ɛŋɔn
ɛŋ.ɛŋ,ɛŋ.ɔŋ,ɛŋɛŋ,ɛŋɔŋ
ɛŋ.ɛp,ɛŋ.ɔp,ɛŋɛp,ɛŋɔp
ɛŋ.ɛt,ɛŋ.ɔt,ɛŋɛt,ɛŋɔt
ɛŋ.ɛk,ɛŋ.ɔk,ɛŋɛk,ɛŋɔk
ɛŋ.ɛb,ɛŋ.ɔb,ɛŋɛb,ɛŋɔb
ɛŋ.ɛd,ɛŋ.ɔd,ɛŋɛd,ɛŋɔd
ɛŋ.ɛg,ɛŋ.ɔg,ɛŋɛg,ɛŋɔg
ɛŋ.ɛf,ɛŋ.ɔf,ɛŋɛf,ɛŋɔf
ɛŋ.ɛs,ɛŋ.ɔs,ɛŋɛs,ɛŋɔs
ɛŋ.ɛv,ɛŋ.ɔv,ɛŋɛv,ɛŋɔv
ɛŋ.ɛz,ɛŋ.ɔz,ɛŋɛz,ɛŋɔz
ɛŋ.ɛʃ,ɛŋ.ɔʃ,ɛŋɛʃ,ɛŋɔʃ
ɛŋ.ɛʒ,ɛŋ.ɔʒ,ɛŋɛʒ,ɛŋɔʒ
ɛŋ.ɛθ,ɛŋ.ɔθ,ɛŋɛθ,ɛŋɔθ
ɛŋ.ɛð,ɛŋ.ɔð,ɛŋɛð,ɛŋɔð
ɛŋ.ʊm,ɛŋ.ɪm,ɛŋʊm,ɛŋɪm
ɛŋ.ʊn,ɛŋ.ɪn,ɛŋʊn,ɛŋɪn
ɛŋ.ʊŋ,ɛŋ.ɪŋ,ɛŋʊŋ,ɛŋɪŋ
ɛŋ.ʊp,ɛŋ.ɪp,ɛŋʊp,ɛŋɪp
ɛŋ.ʊt,ɛŋ.ɪt,ɛŋʊt,ɛŋɪt
ɛŋ.ʊk,ɛŋ.ɪk,ɛŋʊk,ɛŋɪk
ɛŋ.ʊb,ɛŋ.ɪb,ɛŋʊb,ɛŋɪb
ɛŋ.ʊd,ɛŋ.ɪd,ɛŋʊd,ɛŋɪd
ɛŋ.ʊg,ɛŋ.ɪg,ɛŋʊg,ɛŋɪg
ɛŋ.ʊf,ɛŋ.ɪf,ɛŋʊf,ɛŋɪf
ɛŋ.ʊs,ɛŋ.ɪs,ɛŋʊs,ɛŋɪs
ɛŋ.ʊv,ɛŋ.ɪv,ɛŋʊv,ɛŋɪv
ɛŋ.ʊz,ɛŋ.ɪz,ɛŋʊz,ɛŋɪz
ɛŋ.ʊʃ,ɛŋ.ɪʃ,ɛŋʊʃ,ɛŋɪʃ
ɛŋ.ʊʒ,ɛŋ.ɪʒ,ɛŋʊʒ,ɛŋɪʒ
ɛŋ.ʊθ,ɛŋ.ɪθ,ɛŋʊθ,ɛŋɪθ
ɛŋ.ʊð,ɛŋ.ɪð,ɛŋʊð,ɛŋɪð
ɛŋ.ɔm,ɛŋ.ɛm,ɛŋɔm,ɛŋɛm
ɛŋ.ɔn,ɛŋ.ɛn,ɛŋɔn,ɛŋɛn
ɛŋ.ɔŋ,ɛŋ.ɛŋ,ɛŋɔŋ,ɛŋɛŋ
ɛŋ.ɔp,ɛŋ.ɛp,ɛŋɔp,ɛŋɛp
ɛŋ.ɔt,ɛŋ.ɛt,ɛŋɔt,ɛŋɛt
ɛŋ.ɔk,ɛŋ.ɛk,ɛŋɔk,ɛŋɛk
ɛŋ.ɔb,ɛŋ.ɛb,ɛŋɔb,ɛŋɛb
ɛŋ.ɔd,ɛŋ.ɛd,ɛŋɔd,ɛŋɛd
ɛŋ.ɔg,ɛŋ.ɛg,ɛŋɔg,ɛŋɛg
ɛŋ.ɔf,ɛŋ.ɛf,ɛŋɔf,ɛŋɛf
ɛŋ.ɔs,ɛŋ.ɛs,ɛŋɔs,ɛŋɛs
ɛŋ.ɔv,ɛŋ.ɛv,ɛŋɔv,ɛŋɛv
ɛŋ.ɔz,ɛŋ.ɛz,ɛŋɔz,ɛŋɛz
ɛŋ.ɔʃ,ɛŋ.ɛʃ,ɛŋɔʃ,ɛŋɛʃ
ɛŋ.ɔʒ,ɛŋ.ɛʒ,ɛŋɔʒ,ɛŋɛʒ
ɛŋ.ɔθ,ɛŋ.ɛθ,ɛŋɔθ,ɛŋɛθ
ɛŋ.ɔð,ɛŋ.ɛð,ɛŋɔð,ɛŋɛð
ɛp.ɪm,ɛp.ʊm,ɛpɪm,ɛpʊm
ɛp.ɪn,ɛp.ʊn,ɛpɪn,ɛpʊn
ɛp.ɪŋ,ɛp.ʊŋ,ɛpɪŋ,ɛpʊŋ
ɛp.ɪp,ɛp.ʊp,ɛpɪp,ɛpʊp
ɛp.ɪt,ɛp.ʊt,ɛpɪt,ɛpʊt
ɛp.ɪk,ɛp.ʊk,ɛpɪk,ɛpʊk
ɛp.ɪb,ɛp.ʊb,ɛpɪb,ɛpʊb
ɛp.ɪd,ɛp.ʊd,ɛpɪd,ɛpʊd
ɛp.ɪg,ɛp.ʊg,ɛpɪg,ɛpʊg
ɛp.ɪf,ɛp.ʊf,ɛpɪf,ɛpʊf
ɛp.ɪs,ɛp.ʊs,ɛpɪs,ɛpʊs
ɛp.ɪv,ɛp.ʊv,ɛpɪv,ɛpʊv
ɛp.ɪz,ɛp.ʊz,ɛpɪz,ɛpʊz
ɛp.ɪʃ,ɛp.ʊʃ,ɛpɪʃ,ɛpʊʃ
ɛp.ɪʒ,ɛp.ʊʒ,ɛpɪʒ,ɛpʊʒ
ɛp.ɪθ,ɛp.ʊθ,ɛpɪθ,ɛpʊθ
ɛp.ɪð,ɛp.ʊð,ɛpɪð,ɛpʊð
ɛp.ɛm,ɛp.ɔm,ɛpɛm,ɛpɔm
ɛp.ɛn,ɛp.ɔn,ɛpɛn,ɛpɔn
ɛp.ɛŋ,ɛp.ɔŋ,ɛpɛŋ,ɛpɔŋ
ɛp.ɛp,ɛp.ɔp,ɛpɛp,ɛpɔp
ɛp.ɛt,ɛp.ɔt,ɛpɛt,ɛpɔt
ɛp.ɛk,ɛp.ɔk,ɛpɛk,ɛpɔk
ɛp.ɛb,ɛp.ɔb,ɛpɛb,ɛpɔb
ɛp.ɛd,ɛp.ɔd,ɛpɛd,ɛpɔd
ɛp.ɛg,ɛp.ɔg,ɛpɛg,ɛpɔg
ɛp.ɛf,ɛp.ɔf,ɛpɛf,ɛpɔf
ɛp.ɛs,ɛp.ɔs,ɛpɛs,ɛpɔs
ɛp.ɛv,ɛp.ɔv,ɛpɛv,ɛpɔv
ɛp.ɛz,ɛp.ɔz,ɛpɛz,ɛpɔz
ɛp.ɛʃ,ɛp.ɔʃ,ɛpɛʃ,ɛpɔʃ
ɛp.ɛʒ,ɛp.ɔʒ,ɛpɛʒ,ɛpɔʒ
ɛp.ɛθ,ɛp.ɔθ,ɛpɛθ,ɛpɔθ
ɛp.ɛð,ɛp.ɔð,ɛpɛð,ɛpɔð
ɛp.ʊm,ɛp.ɪm,ɛpʊm,ɛpɪm
ɛp.ʊn,ɛp.ɪn,ɛpʊn,ɛpɪn
ɛp.ʊŋ,ɛp.ɪŋ,ɛpʊŋ,ɛpɪŋ
ɛp.ʊp,ɛp.ɪp,ɛpʊp,ɛpɪp
ɛp.ʊt,ɛp.ɪt,ɛpʊt,ɛpɪt
ɛp.ʊk,ɛp.ɪk,ɛpʊk,ɛpɪk
ɛp.ʊb,ɛp.ɪb,ɛpʊb,ɛpɪb
ɛp.ʊd,ɛp.ɪd,ɛpʊd,ɛpɪd
ɛp.ʊg,ɛp.ɪg,ɛpʊg,ɛpɪg
ɛp.ʊf,ɛp.ɪf,ɛpʊf,ɛpɪf
ɛp.ʊs,ɛp.ɪs,ɛpʊs,ɛpɪs
ɛp.ʊv,ɛp.ɪv,ɛpʊv,ɛpɪv
ɛp.ʊz,ɛp.ɪz,ɛpʊz,ɛpɪz
ɛp.ʊʃ,ɛp.ɪʃ,ɛpʊʃ,ɛpɪʃ
ɛp.ʊʒ,ɛp.ɪʒ,ɛpʊʒ,ɛpɪʒ
ɛp.ʊθ,ɛp.ɪθ,ɛpʊθ,ɛpɪθ
ɛp.ʊð,ɛp.ɪð,ɛpʊð,ɛpɪð
ɛp.ɔm,ɛp.ɛm,ɛpɔm,ɛpɛm
ɛp.ɔn,ɛp.ɛn,ɛpɔn,ɛpɛn
ɛp.ɔŋ,ɛp.ɛŋ,ɛpɔŋ,ɛpɛŋ
ɛp.ɔp,ɛp.ɛp,ɛpɔp,ɛpɛp
ɛp.ɔt,ɛp.ɛt,ɛpɔt,ɛpɛt
ɛp.ɔk,ɛp.ɛk,ɛpɔk,ɛpɛk
ɛp.ɔb,ɛp.ɛb,ɛpɔb,ɛpɛb
ɛp.ɔd,ɛp.ɛd,ɛpɔd,ɛpɛd
ɛp.ɔg,ɛp.ɛg,ɛpɔg,ɛpɛg
ɛp.ɔf,ɛp.ɛf,ɛpɔf,ɛpɛf
ɛp.ɔs,ɛp.ɛs,ɛpɔs,ɛpɛs
ɛp.ɔv,ɛp.ɛv,ɛpɔv,ɛpɛv
ɛp.ɔz,ɛp.ɛz,ɛpɔz,ɛpɛz
ɛp.ɔʃ,ɛp.ɛʃ,ɛpɔʃ,ɛpɛʃ
ɛp.ɔʒ,ɛp.ɛʒ,ɛpɔʒ,ɛpɛʒ
ɛp.ɔθ,ɛp.ɛθ,ɛpɔθ,ɛpɛθ
ɛp.ɔð,ɛp.ɛð,ɛpɔð,ɛpɛð
ɛt.ɪm,ɛt.ʊm,ɛtɪm,ɛtʊm
ɛt.ɪn,ɛt.ʊn,ɛtɪn,ɛtʊn
ɛt.ɪŋ,ɛt.ʊŋ,ɛtɪŋ,ɛtʊŋ
ɛt.ɪp,ɛt.ʊp,ɛtɪp,ɛtʊp
ɛt.ɪt,ɛt.ʊt,ɛtɪt,ɛtʊt
ɛt.ɪk,ɛt.ʊk,ɛtɪk,ɛtʊk
ɛt.ɪb,ɛt.ʊb,ɛtɪb,ɛtʊb
ɛt.ɪd,ɛt.ʊd,ɛtɪd,ɛtʊd
ɛt.ɪg,ɛt.ʊg,ɛtɪg,ɛtʊg
ɛt.ɪf,ɛt.ʊf,ɛtɪf,ɛtʊf
ɛt.ɪs,ɛt.ʊs,ɛtɪs,ɛtʊs
ɛt.ɪv,ɛt.ʊv,ɛtɪv,ɛtʊv
ɛt.ɪz,ɛt.ʊz,ɛtɪz,ɛtʊz
ɛt.ɪʃ,ɛt.ʊʃ,ɛtɪʃ,ɛtʊʃ
ɛt.ɪʒ,ɛt.ʊʒ,ɛtɪʒ,ɛtʊʒ
ɛt.ɪθ,ɛt.ʊθ,ɛtɪθ,ɛtʊθ
ɛt.ɪð,ɛt.ʊð,ɛtɪð,ɛtʊð
ɛt.ɛm,ɛt.ɔm,ɛtɛm,ɛtɔm
ɛt.ɛn,ɛt.ɔn,ɛtɛn,ɛtɔn
ɛt.ɛŋ,ɛt.ɔŋ,ɛtɛŋ,ɛtɔŋ
ɛt.ɛp,ɛt.ɔp,ɛtɛp,ɛtɔp
ɛt.ɛt,ɛt.ɔt,ɛtɛt,ɛtɔt
ɛt.ɛk,ɛt.ɔk,ɛtɛk,ɛtɔk
ɛt.ɛb,ɛt.ɔb,ɛtɛb,ɛtɔb
ɛt.ɛd,ɛt.ɔd,ɛtɛd,ɛtɔd
ɛt.ɛg,ɛt.ɔg,ɛtɛg,ɛtɔg
ɛt.ɛf,ɛt.ɔf,ɛtɛf,ɛtɔf
ɛt.ɛs,ɛt.ɔs,ɛtɛs,ɛtɔs
ɛt.ɛv,ɛt.ɔv,ɛtɛv,ɛtɔv
ɛt.ɛz,ɛt.ɔz,ɛtɛz,ɛtɔz
ɛt.ɛʃ,ɛt.ɔʃ,ɛtɛʃ,ɛtɔʃ
ɛt.ɛʒ,ɛt.ɔʒ,ɛtɛʒ,ɛtɔʒ
ɛt.ɛθ,ɛt.ɔθ,ɛtɛθ,ɛtɔθ
ɛt.ɛð,ɛt.ɔð,ɛtɛð,ɛtɔð
ɛt.ʊm,ɛt.ɪm,ɛtʊm,ɛtɪm
ɛt.ʊn,ɛt.ɪn,ɛtʊn,ɛtɪn
ɛt.ʊŋ,ɛt.ɪŋ,ɛtʊŋ,ɛtɪŋ
ɛt.ʊp,ɛt.ɪp,ɛtʊp,ɛtɪp
ɛt.ʊt,ɛt.ɪt,ɛtʊt,ɛtɪt
ɛt.ʊk,ɛt.ɪk,ɛtʊk,ɛtɪk
ɛt.ʊb,ɛt.ɪb,ɛtʊb,ɛtɪb
ɛt.ʊd,ɛt.ɪd,ɛtʊd,ɛtɪd
ɛt.ʊg,ɛt.ɪg,ɛtʊg,ɛtɪg
ɛt.ʊf,ɛt.ɪf,ɛtʊf,ɛtɪf
ɛt.ʊs,ɛt.ɪs,ɛtʊs,ɛtɪs
ɛt.ʊv,ɛt.ɪv,ɛtʊv,ɛtɪv
ɛt.ʊz,ɛt.ɪz,ɛtʊz,ɛtɪz
ɛt.ʊʃ,ɛt.ɪʃ,ɛtʊʃ,ɛtɪʃ
ɛt.ʊʒ,ɛt.ɪʒ,ɛtʊʒ,ɛtɪʒ
ɛt.ʊθ,ɛt.ɪθ,ɛtʊθ,ɛtɪθ
ɛt.ʊð,ɛt.ɪð,ɛtʊð,ɛtɪð
ɛt.ɔm,ɛt.ɛm,ɛtɔm,ɛtɛm
ɛt.ɔn,ɛt.ɛn,ɛtɔn,ɛtɛn
ɛt.ɔŋ,ɛt.ɛŋ,ɛtɔŋ,ɛtɛŋ
ɛt.ɔp,ɛt.ɛp,ɛtɔp,ɛtɛp
ɛt.ɔt,ɛt.ɛt,ɛtɔt,ɛtɛt
ɛt.ɔk,ɛt.ɛk,ɛtɔk,ɛtɛk
ɛt.ɔb,ɛt.ɛb,ɛtɔb,ɛtɛb
ɛt.ɔd,ɛt.ɛd,ɛtɔd,ɛtɛd
ɛt.ɔg,ɛt.ɛg,ɛtɔg,ɛtɛg
ɛt.ɔf,ɛt.ɛf,ɛtɔf,ɛtɛf
ɛt.ɔs,ɛt.ɛs,ɛtɔs,ɛtɛs
ɛt.ɔv,ɛt.ɛv,ɛtɔv,ɛtɛv
ɛt.ɔz,ɛt.ɛz,ɛtɔz,ɛtɛz
ɛt.ɔʃ,ɛt.ɛʃ,ɛtɔʃ,ɛtɛʃ
ɛt.ɔʒ,ɛt.ɛʒ,ɛtɔʒ,ɛtɛʒ
ɛt.ɔθ,ɛt.ɛθ,ɛtɔθ,ɛtɛθ
ɛt.ɔð,ɛt.ɛð,ɛtɔð,ɛtɛð
ɛk.ɪm,ɛk.ʊm,ɛkɪm,ɛkʊm
ɛk.ɪn,ɛk.ʊn,ɛkɪn,ɛkʊn
ɛk.ɪŋ,ɛk.ʊŋ,ɛkɪŋ,ɛkʊŋ
ɛk.ɪp,ɛk.ʊp,ɛkɪp,ɛkʊp
ɛk.ɪt,ɛk.ʊt,ɛkɪt,ɛkʊt
ɛk.ɪk,ɛk.ʊk,ɛkɪk,ɛkʊk
ɛk.ɪb,ɛk.ʊb,ɛkɪb,ɛkʊb
ɛk.ɪd,ɛk.ʊd,ɛkɪd,ɛkʊd
ɛk.ɪg,ɛk.ʊg,ɛkɪg,ɛkʊg
ɛk.ɪf,ɛk.ʊf,ɛkɪf,ɛkʊf
ɛk.ɪs,ɛk.ʊs,ɛkɪs,ɛkʊs
ɛk.ɪv,ɛk.ʊv,ɛkɪv,ɛkʊv
ɛk.ɪz,ɛk.ʊz,ɛkɪz,ɛkʊz
ɛk.ɪʃ,ɛk.ʊʃ,ɛkɪʃ,ɛkʊʃ
ɛk.ɪʒ,ɛk.ʊʒ,ɛkɪʒ,ɛkʊʒ
ɛk.ɪθ,ɛk.ʊθ,ɛkɪθ,ɛkʊθ
ɛk.ɪð,ɛk.ʊð,ɛkɪð,ɛkʊð
ɛk.ɛm,ɛk.ɔm,ɛkɛm,ɛkɔm
ɛk.ɛn,ɛk.ɔn,ɛkɛn,ɛkɔn
ɛk.ɛŋ,ɛk.ɔŋ,ɛkɛŋ,ɛkɔŋ
ɛk.ɛp,ɛk.ɔp,ɛkɛp,ɛkɔp
ɛk.ɛt,ɛk.ɔt,ɛkɛt,ɛkɔt
ɛk.ɛk,ɛk.ɔk,ɛkɛk,ɛkɔk
ɛk.ɛb,ɛk.ɔb,ɛkɛb,ɛkɔb
ɛk.ɛd,ɛk.ɔd,ɛkɛd,ɛkɔd
ɛk.ɛg,ɛk.ɔg,ɛkɛg,ɛkɔg
ɛk.ɛf,ɛk.ɔf,ɛkɛf,ɛkɔf
ɛk.ɛs,ɛk.ɔs,ɛkɛs,ɛkɔs
ɛk.ɛv,ɛk.ɔv,ɛkɛv,ɛkɔv
ɛk.ɛz,ɛk.ɔz,ɛkɛz,ɛkɔz
ɛk.ɛʃ,ɛk.ɔʃ,ɛkɛʃ,ɛkɔʃ
ɛk.ɛʒ,ɛk.ɔʒ,ɛkɛʒ,ɛkɔʒ
ɛk.ɛθ,ɛk.ɔθ,ɛkɛθ,ɛkɔθ
ɛk.ɛð,ɛk.ɔð,ɛkɛð,ɛkɔð
ɛk.ʊm,ɛk.ɪm,ɛkʊm,ɛkɪm
ɛk.ʊn,ɛk.ɪn,ɛkʊn,ɛkɪn
ɛk.ʊŋ,ɛk.ɪŋ,ɛkʊŋ,ɛkɪŋ
ɛk.ʊp,ɛk.ɪp,ɛkʊp,ɛkɪp
ɛk.ʊt,ɛk.ɪt,ɛkʊt,ɛkɪt
ɛk.ʊk,ɛk.ɪk,ɛkʊk,ɛkɪk
ɛk.ʊb,ɛk.ɪb,ɛkʊb,ɛkɪb
ɛk.ʊd,ɛk.ɪd,ɛkʊd,ɛkɪd
ɛk.ʊg,ɛk.ɪg,ɛkʊg,ɛkɪg
ɛk.ʊf,ɛk.ɪf,ɛkʊf,ɛkɪf
ɛk.ʊs,ɛk.ɪs,ɛkʊs,ɛkɪs
ɛk.ʊv,ɛk.ɪv,ɛkʊv,ɛkɪv
ɛk.ʊz,ɛk.ɪz,ɛkʊz,ɛkɪz
ɛk.ʊʃ,ɛk.ɪʃ,ɛkʊʃ,ɛkɪʃ
ɛk.ʊʒ,ɛk.ɪʒ,ɛkʊʒ,ɛkɪʒ
ɛk.ʊθ,ɛk.ɪθ,ɛkʊθ,ɛkɪθ
ɛk.ʊð,ɛk.ɪð,ɛkʊð,ɛkɪð
ɛk.ɔm,ɛk.ɛm,ɛkɔm,ɛkɛm
ɛk.ɔn,ɛk.ɛn,ɛkɔn,ɛkɛn
ɛk.ɔŋ,ɛk.ɛŋ,ɛkɔŋ,ɛkɛŋ
ɛk.ɔp,ɛk.ɛp,ɛkɔp,ɛkɛp
ɛk.ɔt,ɛk.ɛt,ɛkɔt,ɛkɛt
ɛk.ɔk,ɛk.ɛk,ɛkɔk,ɛkɛk
ɛk.ɔb,ɛk.ɛb,ɛkɔb,ɛkɛb
ɛk.ɔd,ɛk.ɛd,ɛkɔd,ɛkɛd
ɛk.ɔg,ɛk.ɛg,ɛkɔg,ɛkɛg
ɛk.ɔf,ɛk.ɛf,ɛkɔf,ɛkɛf
ɛk.ɔs,ɛk.ɛs,ɛkɔs,ɛkɛs
ɛk.ɔv,ɛk.ɛv,ɛkɔv,ɛkɛv
ɛk.ɔz,ɛk.ɛz,ɛkɔz,ɛkɛz
ɛk.ɔʃ,ɛk.ɛʃ,ɛkɔʃ,ɛkɛʃ
ɛk.ɔʒ,ɛk.ɛʒ,ɛkɔʒ,ɛkɛʒ
ɛk.ɔθ,ɛk.ɛθ,ɛkɔθ,ɛkɛθ
ɛk.ɔð,ɛk.ɛð,ɛkɔð,ɛkɛð
ɛb.ɪm,ɛb.ʊm,ɛbɪm,ɛbʊm
ɛb.ɪn,ɛb.ʊn,ɛbɪn,ɛbʊn
ɛb.ɪŋ,ɛb.ʊŋ,ɛbɪŋ,ɛbʊŋ
ɛb.ɪp,ɛb.ʊp,ɛbɪp,ɛbʊp
ɛb.ɪt,ɛb.ʊt,ɛbɪt,ɛbʊt
ɛb.ɪk,ɛb.ʊk,ɛbɪk,ɛbʊk
ɛb.ɪb,ɛb.ʊb,ɛbɪb,ɛbʊb
ɛb.ɪd,ɛb.ʊd,ɛbɪd,ɛbʊd
ɛb.ɪg,ɛb.ʊg,ɛbɪg,ɛbʊg
ɛb.ɪf,ɛb.ʊf,ɛbɪf,ɛbʊf
ɛb.ɪs,ɛb.ʊs,ɛbɪs,ɛbʊs
ɛb.ɪv,ɛb.ʊv,ɛbɪv,ɛbʊv
ɛb.ɪz,ɛb.ʊz,ɛbɪz,ɛbʊz
ɛb.ɪʃ,ɛb.ʊʃ,ɛbɪʃ,ɛbʊʃ
ɛb.ɪʒ,ɛb.ʊʒ,ɛbɪʒ,ɛbʊʒ
ɛb.ɪθ,ɛb.ʊθ,ɛbɪθ,ɛbʊθ
ɛb.ɪð,ɛb.ʊð,ɛbɪð,ɛbʊð
ɛb.ɛm,ɛb.ɔm,ɛbɛm,ɛbɔm
ɛb.ɛn,ɛb.ɔn,ɛbɛn,ɛbɔn
ɛb.ɛŋ,ɛb.ɔŋ,ɛbɛŋ,ɛbɔŋ
ɛb.ɛp,ɛb.ɔp,ɛbɛp,ɛbɔp
ɛb.ɛt,ɛb.ɔt,ɛbɛt,ɛbɔt
ɛb.ɛk,ɛb.ɔk,ɛbɛk,ɛbɔk
ɛb.ɛb,ɛb.ɔb,ɛbɛb,ɛbɔb
ɛb.ɛd,ɛb.ɔd,ɛbɛd,ɛbɔd
ɛb.ɛg,ɛb.ɔg,ɛbɛg,ɛbɔg
ɛb.ɛf,ɛb.ɔf,ɛbɛf,ɛbɔf
ɛb.ɛs,ɛb.ɔs,ɛbɛs,ɛbɔs
ɛb.ɛv,ɛb.ɔv,ɛbɛv,ɛbɔv
ɛb.ɛz,ɛb.ɔz,ɛbɛz,ɛbɔz
ɛb.ɛʃ,ɛb.ɔʃ,ɛbɛʃ,ɛbɔʃ
ɛb.ɛʒ,ɛb.ɔʒ,ɛbɛʒ,ɛbɔʒ
ɛb.ɛθ,ɛb.ɔθ,ɛbɛθ,ɛbɔθ
ɛb.ɛð,ɛb.ɔð,ɛbɛð,ɛbɔð
ɛb.ʊm,ɛb.ɪm,ɛbʊm,ɛbɪm
ɛb.ʊn,ɛb.ɪn,ɛbʊn,ɛbɪn
ɛb.ʊŋ,ɛb.ɪŋ,ɛbʊŋ,ɛbɪŋ
ɛb.ʊp,ɛb.ɪp,ɛbʊp,ɛbɪp
ɛb.ʊt,ɛb.ɪt,ɛbʊt,ɛbɪt
ɛb.ʊk,ɛb.ɪk,ɛbʊk,ɛbɪk
ɛb.ʊb,ɛb.ɪb,ɛbʊb,ɛbɪb
ɛb.ʊd,ɛb.ɪd,ɛbʊd,ɛbɪd
ɛb.ʊg,ɛb.ɪg,ɛbʊg,ɛbɪg
ɛb.ʊf,ɛb.ɪf,ɛbʊf,ɛbɪf
ɛb.ʊs,ɛb.ɪs,ɛbʊs,ɛbɪs
ɛb.ʊv,ɛb.ɪv,ɛbʊv,ɛbɪv
ɛb.ʊz,ɛb.ɪz,ɛbʊz,ɛbɪz
ɛb.ʊʃ,ɛb.ɪʃ,ɛbʊʃ,ɛbɪʃ
ɛb.ʊʒ,ɛb.ɪʒ,ɛbʊʒ,ɛbɪʒ
ɛb.ʊθ,ɛb.ɪθ,ɛbʊθ,ɛbɪθ
ɛb.ʊð,ɛb.ɪð,ɛbʊð,ɛbɪð
ɛb.ɔm,ɛb.ɛm,ɛbɔm,ɛbɛm
ɛb.ɔn,ɛb.ɛn,ɛbɔn,ɛbɛn
ɛb.ɔŋ,ɛb.ɛŋ,ɛbɔŋ,ɛbɛŋ
ɛb.ɔp,ɛb.ɛp,ɛbɔp,ɛbɛp
ɛb.ɔt,ɛb.ɛt,ɛbɔt,ɛbɛt
ɛb.ɔk,ɛb.ɛk,ɛbɔk,ɛbɛk
ɛb.ɔb,ɛb.ɛb,ɛbɔb,ɛbɛb
ɛb.ɔd,ɛb.ɛd,ɛbɔd,ɛbɛd
ɛb.ɔg,ɛb.ɛg,ɛbɔg,ɛbɛg
ɛb.ɔf,ɛb.ɛf,ɛbɔf,ɛbɛf
ɛb.ɔs,ɛb.ɛs,ɛbɔs,ɛbɛs
ɛb.ɔv,ɛb.ɛv,ɛbɔv,ɛbɛv
ɛb.ɔz,ɛb.ɛz,ɛbɔz,ɛbɛz
ɛb.ɔʃ,ɛb.ɛʃ,ɛbɔʃ,ɛbɛʃ
ɛb.ɔʒ,ɛb.ɛʒ,ɛbɔʒ,ɛbɛʒ
ɛb.ɔθ,ɛb.ɛθ,ɛbɔθ,ɛbɛθ
ɛb.ɔð,ɛb.ɛð,ɛbɔð,ɛbɛð
ɛd.ɪm,ɛd.ʊm,ɛdɪm,ɛdʊm
ɛd.ɪn,ɛd.ʊn,ɛdɪn,ɛdʊn
ɛd.ɪŋ,ɛd.ʊŋ,ɛdɪŋ,ɛdʊŋ
ɛd.ɪp,ɛd.ʊp,ɛdɪp,ɛdʊp
ɛd.ɪt,ɛd.ʊt,ɛdɪt,ɛdʊt
ɛd.ɪk,ɛd.ʊk,ɛdɪk,ɛdʊk
ɛd.ɪb,ɛd.ʊb,ɛdɪb,ɛdʊb
ɛd.ɪd,ɛd.ʊd,ɛdɪd,ɛdʊd
ɛd.ɪg,ɛd.ʊg,ɛdɪg,ɛdʊg
ɛd.ɪf,ɛd.ʊf,ɛdɪf,ɛdʊf
ɛd.ɪs,ɛd.ʊs,ɛdɪs,ɛdʊs
ɛd.ɪv,ɛd.ʊv,ɛdɪv,ɛdʊv
ɛd.ɪz,ɛd.ʊz,ɛdɪz,ɛdʊz
ɛd.ɪʃ,ɛd.ʊʃ,ɛdɪʃ,ɛdʊʃ
ɛd.ɪʒ,ɛd.ʊʒ,ɛdɪʒ,ɛdʊʒ
ɛd.ɪθ,ɛd.ʊθ,ɛdɪθ,ɛdʊθ
ɛd.ɪð,ɛd.ʊð,ɛdɪð,ɛdʊð
ɛd.ɛm,ɛd.ɔm,ɛdɛm,ɛdɔm
ɛd.ɛn,ɛd.ɔn,ɛdɛn,ɛdɔn
ɛd.ɛŋ,ɛd.ɔŋ,ɛdɛŋ,ɛdɔŋ
ɛd.ɛp,ɛd.ɔp,ɛdɛp,ɛdɔp
ɛd.ɛt,ɛd.ɔt,ɛdɛt,ɛdɔt
ɛd.ɛk,ɛd.ɔk,ɛdɛk,ɛdɔk
ɛd.ɛb,ɛd.ɔb,ɛdɛb,ɛdɔb
ɛd.ɛd,ɛd.ɔd,ɛdɛd,ɛdɔd
ɛd.ɛg,ɛd.ɔg,ɛdɛg,ɛdɔg
ɛd.ɛf,ɛd.ɔf,ɛdɛf,ɛdɔf
ɛd.ɛs,ɛd.ɔs,ɛdɛs,ɛdɔs
ɛd.ɛv,ɛd.ɔv,ɛdɛv,ɛdɔv
ɛd.ɛz,ɛd.ɔz,ɛdɛz,ɛdɔz
ɛd.ɛʃ,ɛd.ɔʃ,ɛdɛʃ,ɛdɔʃ
ɛd.ɛʒ,ɛd.ɔʒ,ɛdɛʒ,ɛdɔʒ
ɛd.ɛθ,ɛd.ɔθ,ɛdɛθ,ɛdɔθ
ɛd.ɛð,ɛd.ɔð,ɛdɛð,ɛdɔð
ɛd.ʊm,ɛd.ɪm,ɛdʊm,ɛdɪm
ɛd.ʊn,ɛd.ɪn,ɛdʊn,ɛdɪn
ɛd.ʊŋ,ɛd.ɪŋ,ɛdʊŋ,ɛdɪŋ
ɛd.ʊp,ɛd.ɪp,ɛdʊp,ɛdɪp
ɛd.ʊt,ɛd.ɪt,ɛdʊt,ɛdɪt
ɛd.ʊk,ɛd.ɪk,ɛdʊk,ɛdɪk
ɛd.ʊb,ɛd.ɪb,ɛdʊb,ɛdɪb
ɛd.ʊd,ɛd.ɪd,ɛdʊd,ɛdɪd
ɛd.ʊg,ɛd.ɪg,ɛdʊg,ɛdɪg
ɛd.ʊf,ɛd.ɪf,ɛdʊf,ɛdɪf
ɛd.ʊs,ɛd.ɪs,ɛdʊs,ɛdɪs
ɛd.ʊv,ɛd.ɪv,ɛdʊv,ɛdɪv
ɛd.ʊz,ɛd.ɪz,ɛdʊz,ɛdɪz
ɛd.ʊʃ,ɛd.ɪʃ,ɛdʊʃ,ɛdɪʃ
ɛd.ʊʒ,ɛd.ɪʒ,ɛdʊʒ,ɛdɪʒ
ɛd.ʊθ,ɛd.ɪθ,ɛdʊθ,ɛdɪθ
ɛd.ʊð,ɛd.ɪð,ɛdʊð,ɛdɪð
ɛd.ɔm,ɛd.ɛm,ɛdɔm,ɛdɛm
ɛd.ɔn,ɛd.ɛn,ɛdɔn,ɛdɛn
ɛd.ɔŋ,ɛd.ɛŋ,ɛdɔŋ,ɛdɛŋ
ɛd.ɔp,ɛd.ɛp,ɛdɔp,ɛdɛp
ɛd.ɔt,ɛd.ɛt,ɛdɔt,ɛdɛt
ɛd.ɔk,ɛd.ɛk,ɛdɔk,ɛdɛk
ɛd.ɔb,ɛd.ɛb,ɛdɔb,ɛdɛb
ɛd.ɔd,ɛd.ɛd,ɛdɔd,ɛdɛd
ɛd.ɔg,ɛd.ɛg,ɛdɔg,ɛdɛg
ɛd.ɔf,ɛd.ɛf,ɛdɔf,ɛdɛf
ɛd.ɔs,ɛd.ɛs,ɛdɔs,ɛdɛs
ɛd.ɔv,ɛd.ɛv,ɛdɔv,ɛdɛv
ɛd.ɔz,ɛd.ɛz,ɛdɔz,ɛdɛz
ɛd.ɔʃ,ɛd.ɛʃ,ɛdɔʃ,ɛdɛʃ
ɛd.ɔʒ,ɛd.ɛʒ,ɛdɔʒ,ɛdɛʒ
ɛd.ɔθ,ɛd.ɛθ,ɛdɔθ,ɛdɛθ
ɛd.ɔð,ɛd.ɛð,ɛdɔð,ɛdɛð
ɛg.ɪm,ɛg.ʊm,ɛgɪm,ɛgʊm
ɛg.ɪn,ɛg.ʊn,ɛgɪn,ɛgʊn
ɛg.ɪŋ,ɛg.ʊŋ,ɛgɪŋ,ɛgʊŋ
ɛg.ɪp,ɛg.ʊp,ɛgɪp,ɛgʊp
ɛg.ɪt,ɛg.ʊt,ɛgɪt,ɛgʊt
ɛg.ɪk,ɛg.ʊk,ɛgɪk,ɛgʊk
ɛg.ɪb,ɛg.ʊb,ɛgɪb,ɛgʊb
ɛg.ɪd,ɛg.ʊd,ɛgɪd,ɛgʊd
ɛg.ɪg,ɛg.ʊg,ɛgɪg,ɛgʊg
ɛg.ɪf,ɛg.ʊf,ɛgɪf,ɛgʊf
ɛg.ɪs,ɛg.ʊs,ɛgɪs,ɛgʊs
ɛg.ɪv,ɛg.ʊv,ɛgɪv,ɛgʊv
ɛg.ɪz,ɛg.ʊz,ɛgɪz,ɛgʊz
ɛg.ɪʃ,ɛg.ʊʃ,ɛgɪʃ,ɛgʊʃ
ɛg.ɪʒ,ɛg.ʊʒ,ɛgɪʒ,ɛgʊʒ
ɛg.ɪθ,ɛg.ʊθ,ɛgɪθ,ɛgʊθ
ɛg.ɪð,ɛg.ʊð,ɛgɪð,ɛgʊð
ɛg.ɛm,ɛg.ɔm,ɛgɛm,ɛgɔm
ɛg.ɛn,ɛg.ɔn,ɛgɛn,ɛgɔn
ɛg.ɛŋ,ɛg.ɔŋ,ɛgɛŋ,ɛgɔŋ
ɛg.ɛp,ɛg.ɔp,ɛgɛp,ɛgɔp
ɛg.ɛt,ɛg.ɔt,ɛgɛt,ɛgɔt
ɛg.ɛk,ɛg.ɔk,ɛgɛk,ɛgɔk
ɛg.ɛb,ɛg.ɔb,ɛgɛb,ɛgɔb
ɛg.ɛd,ɛg.ɔd,ɛgɛd,ɛgɔd
ɛg.ɛg,ɛg.ɔg,ɛgɛg,ɛgɔg
ɛg.ɛf,ɛg.ɔf,ɛgɛf,ɛgɔf
ɛg.ɛs,ɛg.ɔs,ɛgɛs,ɛgɔs
ɛg.ɛv,ɛg.ɔv,ɛgɛv,ɛgɔv
ɛg.ɛz,ɛg.ɔz,ɛgɛz,ɛgɔz
ɛg.ɛʃ,ɛg.ɔʃ,ɛgɛʃ,ɛgɔʃ
ɛg.ɛʒ,ɛg.ɔʒ,ɛgɛʒ,ɛgɔʒ
ɛg.ɛθ,ɛg.ɔθ,ɛgɛθ,ɛgɔθ
ɛg.ɛð,ɛg.ɔð,ɛgɛð,ɛgɔð
ɛg.ʊm,ɛg.ɪm,ɛgʊm,ɛgɪm
ɛg.ʊn,ɛg.ɪn,ɛgʊn,ɛgɪn
ɛg.ʊŋ,ɛg.ɪŋ,ɛgʊŋ,ɛgɪŋ
ɛg.ʊp,ɛg.ɪp,ɛgʊp,ɛgɪp
ɛg.ʊt,ɛg.ɪt,ɛgʊt,ɛgɪt
ɛg.ʊk,ɛg.ɪk,ɛgʊk,ɛgɪk
ɛg.ʊb,ɛg.ɪb,ɛgʊb,ɛgɪb
ɛg.ʊd,ɛg.ɪd,ɛgʊd,ɛgɪd
ɛg.ʊg,ɛg.ɪg,ɛgʊg,ɛgɪg
ɛg.ʊf,ɛg.ɪf,ɛgʊf,ɛgɪf
ɛg.ʊs,ɛg.ɪs,ɛgʊs,ɛgɪs
ɛg.ʊv,ɛg.ɪv,ɛgʊv,ɛgɪv
ɛg.ʊz,ɛg.ɪz,ɛgʊz,ɛgɪz
ɛg.ʊʃ,ɛg.ɪʃ,ɛgʊʃ,ɛgɪʃ
ɛg.ʊʒ,ɛg.ɪʒ,ɛgʊʒ,ɛgɪʒ
ɛg.ʊθ,ɛg.ɪθ,ɛgʊθ,ɛgɪθ
ɛg.ʊð,ɛg.ɪð,ɛgʊð,ɛgɪð
ɛg.ɔm,ɛg.ɛm,ɛgɔm,ɛgɛm
ɛg.ɔn,ɛg.ɛn,ɛgɔn,ɛgɛn
ɛg.ɔŋ,ɛg.ɛŋ,ɛgɔŋ,ɛgɛŋ
ɛg.ɔp,ɛg.ɛp,ɛgɔp,ɛgɛp
ɛg.ɔt,ɛg.ɛt,ɛgɔt,ɛgɛt
ɛg.ɔk,ɛg.ɛk,ɛgɔk,ɛgɛk
ɛg.ɔb,ɛg.ɛb,ɛgɔb,ɛgɛb
ɛg.ɔd,ɛg.ɛd,ɛgɔd,ɛgɛd
ɛg.ɔg,ɛg.ɛg,ɛgɔg,ɛgɛg
ɛg.ɔf,ɛg.ɛf,ɛgɔf,ɛgɛf
ɛg.ɔs,ɛg.ɛs,ɛgɔs,ɛgɛs
ɛg.ɔv,ɛg.ɛv,ɛgɔv,ɛgɛv
ɛg.ɔz,ɛg.ɛz,ɛgɔz,ɛgɛz
ɛg.ɔʃ,ɛg.ɛʃ,ɛgɔʃ,ɛgɛʃ
ɛg.ɔʒ,ɛg.ɛʒ,ɛgɔʒ,ɛgɛʒ
ɛg.ɔθ,ɛg.ɛθ,ɛgɔθ,ɛgɛθ
ɛg.ɔð,ɛg.ɛð,ɛgɔð,ɛgɛð
ɛf.ɪm,ɛf.ʊm,ɛfɪm,ɛfʊm
ɛf.ɪn,ɛf.ʊn,ɛfɪn,ɛfʊn
ɛf.ɪŋ,ɛf.ʊŋ,ɛfɪŋ,ɛfʊŋ
ɛf.ɪp,ɛf.ʊp,ɛfɪp,ɛfʊp
ɛf.ɪt,ɛf.ʊt,ɛfɪt,ɛfʊt
ɛf.ɪk,ɛf.ʊk,ɛfɪk,ɛfʊk
ɛf.ɪb,ɛf.ʊb,ɛfɪb,ɛfʊb
ɛf.ɪd,ɛf.ʊd,ɛfɪd,ɛfʊd
ɛf.ɪg,ɛf.ʊg,ɛfɪg,ɛfʊg
ɛf.ɪf,ɛf.ʊf,ɛfɪf,ɛfʊf
ɛf.ɪs,ɛf.ʊs,ɛfɪs,ɛfʊs
ɛf.ɪv,ɛf.ʊv,ɛfɪv,ɛfʊv
ɛf.ɪz,ɛf.ʊz,ɛfɪz,ɛfʊz
ɛf.ɪʃ,ɛf.ʊʃ,ɛfɪʃ,ɛfʊʃ
ɛf.ɪʒ,ɛf.ʊʒ,ɛfɪʒ,ɛfʊʒ
ɛf.ɪθ,ɛf.ʊθ,ɛfɪθ,ɛfʊθ
ɛf.ɪð,ɛf.ʊð,ɛfɪð,ɛfʊð
ɛf.ɛm,ɛf.ɔm,ɛfɛm,ɛfɔm
ɛf.ɛn,ɛf.ɔn,ɛfɛn,ɛfɔn
ɛf.ɛŋ,ɛf.ɔŋ,ɛfɛŋ,ɛfɔŋ
ɛf.ɛp,ɛf.ɔp,ɛfɛp,ɛfɔp
ɛf.ɛt,ɛf.ɔt,ɛfɛt,ɛfɔt
ɛf.ɛk,ɛf.ɔk,ɛfɛk,ɛfɔk
ɛf.ɛb,ɛf.ɔb,ɛfɛb,ɛfɔb
ɛf.ɛd,ɛf.ɔd,ɛfɛd,ɛfɔd
ɛf.ɛg,ɛf.ɔg,ɛfɛg,ɛfɔg
ɛf.ɛf,ɛf.ɔf,ɛfɛf,ɛfɔf
ɛf.ɛs,ɛf.ɔs,ɛfɛs,ɛfɔs
ɛf.ɛv,ɛf.ɔv,ɛfɛv,ɛfɔv
ɛf.ɛz,ɛf.ɔz,ɛfɛz,ɛfɔz
ɛf.ɛʃ,ɛf.ɔʃ,ɛfɛʃ,ɛfɔʃ
ɛf.ɛʒ,ɛf.ɔʒ,ɛfɛʒ,ɛfɔʒ
ɛf.ɛθ,ɛf.ɔθ,ɛfɛθ,ɛfɔθ
ɛf.ɛð,ɛf.ɔð,ɛfɛð,ɛfɔð
ɛf.ʊm,ɛf.ɪm,ɛfʊm,ɛfɪm
ɛf.ʊn,ɛf.ɪn,ɛfʊn,ɛfɪn
ɛf.ʊŋ,ɛf.ɪŋ,ɛfʊŋ,ɛfɪŋ
ɛf.ʊp,ɛf.ɪp,ɛfʊp,ɛfɪp
ɛf.ʊt,ɛf.ɪt,ɛfʊt,ɛfɪt
ɛf.ʊk,ɛf.ɪk,ɛfʊk,ɛfɪk
ɛf.ʊb,ɛf.ɪb,ɛfʊb,ɛfɪb
ɛf.ʊd,ɛf.ɪd,ɛfʊd,ɛfɪd
ɛf.ʊg,ɛf.ɪg,ɛfʊg,ɛfɪg
ɛf.ʊf,ɛf.ɪf,ɛfʊf,ɛfɪf
ɛf.ʊs,ɛf.ɪs,ɛfʊs,ɛfɪs
ɛf.ʊv,ɛf.ɪv,ɛfʊv,ɛfɪv
ɛf.ʊz,ɛf.ɪz,ɛfʊz,ɛfɪz
ɛf.ʊʃ,ɛf.ɪʃ,ɛfʊʃ,ɛfɪʃ
ɛf.ʊʒ,ɛf.ɪʒ,ɛfʊʒ,ɛfɪʒ
ɛf.ʊθ,ɛf.ɪθ,ɛfʊθ,ɛfɪθ
ɛf.ʊð,ɛf.ɪð,ɛfʊð,ɛfɪð
ɛf.ɔm,ɛf.ɛm,ɛfɔm,ɛfɛm
ɛf.ɔn,ɛf.ɛn,ɛfɔn,ɛfɛn
ɛf.ɔŋ,ɛf.ɛŋ,ɛfɔŋ,ɛfɛŋ
ɛf.ɔp,ɛf.ɛp,ɛfɔp,ɛfɛp
ɛf.ɔt,ɛf.ɛt,ɛfɔt,ɛfɛt
ɛf.ɔk,ɛf.ɛk,ɛfɔk,ɛfɛk
ɛf.ɔb,ɛf.ɛb,ɛfɔb,ɛfɛb
ɛf.ɔd,ɛf.ɛd,ɛfɔd,ɛfɛd
ɛf.ɔg,ɛf.ɛg,ɛfɔg,ɛfɛg
ɛf.ɔf,ɛf.ɛf,ɛfɔf,ɛfɛf
ɛf.ɔs,ɛf.ɛs,ɛfɔs,ɛfɛs
ɛf.ɔv,ɛf.ɛv,ɛfɔv,ɛfɛv
ɛf.ɔz,ɛf.ɛz,ɛfɔz,ɛfɛz
ɛf.ɔʃ,ɛf.ɛʃ,ɛfɔʃ,ɛfɛʃ
ɛf.ɔʒ,ɛf.ɛʒ,ɛfɔʒ,ɛfɛʒ
ɛf.ɔθ,ɛf.ɛθ,ɛfɔθ,ɛfɛθ
ɛf.ɔð,ɛf.ɛð,ɛfɔð,ɛfɛð
ɛs.ɪm,ɛs.ʊm,ɛsɪm,ɛsʊm
ɛs.ɪn,ɛs.ʊn,ɛsɪn,ɛsʊn
ɛs.ɪŋ,ɛs.ʊŋ,ɛsɪŋ,ɛsʊŋ
ɛs.ɪp,ɛs.ʊp,ɛsɪp,ɛsʊp
ɛs.ɪt,ɛs.ʊt,ɛsɪt,ɛsʊt
ɛs.ɪk,ɛs.ʊk,ɛsɪk,ɛsʊk
ɛs.ɪb,ɛs.ʊb,ɛsɪb,ɛsʊb
ɛs.ɪd,ɛs.ʊd,ɛsɪd,ɛsʊd
ɛs.ɪg,ɛs.ʊg,ɛsɪg,ɛsʊg
ɛs.ɪf,ɛs.ʊf,ɛsɪf,ɛsʊf
ɛs.ɪs,ɛs.ʊs,ɛsɪs,ɛsʊs
ɛs.ɪv,ɛs.ʊv,ɛsɪv,ɛsʊv
ɛs.ɪz,ɛs.ʊz,ɛsɪz,ɛsʊz
ɛs.ɪʃ,ɛs.ʊʃ,ɛsɪʃ,ɛsʊʃ
ɛs.ɪʒ,ɛs.ʊʒ,ɛsɪʒ,ɛsʊʒ
ɛs.ɪθ,ɛs.ʊθ,ɛsɪθ,ɛsʊθ
ɛs.ɪð,ɛs.ʊð,ɛsɪð,ɛsʊð
ɛs.ɛm,ɛs.ɔm,ɛsɛm,ɛsɔm
ɛs.ɛn,ɛs.ɔn,ɛsɛn,ɛsɔn
ɛs.ɛŋ,ɛs.ɔŋ,ɛsɛŋ,ɛsɔŋ
ɛs.ɛp,ɛs.ɔp,ɛsɛp,ɛsɔp
ɛs.ɛt,ɛs.ɔt,ɛsɛt,ɛsɔt
ɛs.ɛk,ɛs.ɔk,ɛsɛk,ɛsɔk
ɛs.ɛb,ɛs.ɔb,ɛsɛb,ɛsɔb
ɛs.ɛd,ɛs.ɔd,ɛsɛd,ɛsɔd
ɛs.ɛg,ɛs.ɔg,ɛsɛg,ɛsɔg
ɛs.ɛf,ɛs.ɔf,ɛsɛf,ɛsɔf
ɛs.ɛs,ɛs.ɔs,ɛsɛs,ɛsɔs
ɛs.ɛv,ɛs.ɔv,ɛsɛv,ɛsɔv
ɛs.ɛz,ɛs.ɔz,ɛsɛz,ɛsɔz
ɛs.ɛʃ,ɛs.ɔʃ,ɛsɛʃ,ɛsɔʃ
ɛs.ɛʒ,ɛs.ɔʒ,ɛsɛʒ,ɛsɔʒ
ɛs.ɛθ,ɛs.ɔθ,ɛsɛθ,ɛsɔθ
ɛs.ɛð,ɛs.ɔð,ɛsɛð,ɛsɔð
ɛs.ʊm,ɛs.ɪm,ɛsʊm,ɛsɪm
ɛs.ʊn,ɛs.ɪn,ɛsʊn,ɛsɪn
ɛs.ʊŋ,ɛs.ɪŋ,ɛsʊŋ,ɛsɪŋ
ɛs.ʊp,ɛs.ɪp,ɛsʊp,ɛsɪp
ɛs.ʊt,ɛs.ɪt,ɛsʊt,ɛsɪt
ɛs.ʊk,ɛs.ɪk,ɛsʊk,ɛsɪk
ɛs.ʊb,ɛs.ɪb,ɛsʊb,ɛsɪb
ɛs.ʊd,ɛs.ɪd,ɛsʊd,ɛsɪd
ɛs.ʊg,ɛs.ɪg,ɛsʊg,ɛsɪg
ɛs.ʊf,ɛs.ɪf,ɛsʊf,ɛsɪf
ɛs.ʊs,ɛs.ɪs,ɛsʊs,ɛsɪs
ɛs.ʊv,ɛs.ɪv,ɛsʊv,ɛsɪv
ɛs.ʊz,ɛs.ɪz,ɛsʊz,ɛsɪz
ɛs.ʊʃ,ɛs.ɪʃ,ɛsʊʃ,ɛsɪʃ
ɛs.ʊʒ,ɛs.ɪʒ,ɛsʊʒ,ɛsɪʒ
ɛs.ʊθ,ɛs.ɪθ,ɛsʊθ,ɛsɪθ
ɛs.ʊð,ɛs.ɪð,ɛsʊð,ɛsɪð
ɛs.ɔm,ɛs.ɛm,ɛsɔm,ɛsɛm
ɛs.ɔn,ɛs.ɛn,ɛsɔn,ɛsɛn
ɛs.ɔŋ,ɛs.ɛŋ,ɛsɔŋ,ɛsɛŋ
ɛs.ɔp,ɛs.ɛp,ɛsɔp,ɛsɛp
ɛs.ɔt,ɛs.ɛt,ɛsɔt,ɛsɛt
ɛs.ɔk,ɛs.ɛk,ɛsɔk,ɛsɛk
ɛs.ɔb,ɛs.ɛb,ɛsɔb,ɛsɛb
ɛs.ɔd,ɛs.ɛd,ɛsɔd,ɛsɛd
ɛs.ɔg,ɛs.ɛg,ɛsɔg,ɛsɛg
ɛs.ɔf,ɛs.ɛf,ɛsɔf,ɛsɛf
ɛs.ɔs,ɛs.ɛs,ɛsɔs,ɛsɛs
ɛs.ɔv,ɛs.ɛv,ɛsɔv,ɛsɛv
ɛs.ɔz,ɛs.ɛz,ɛsɔz,ɛsɛz
ɛs.ɔʃ,ɛs.ɛʃ,ɛsɔʃ,ɛsɛʃ
ɛs.ɔʒ,ɛs.ɛʒ,ɛsɔʒ,ɛsɛʒ
ɛs.ɔθ,ɛs.ɛθ,ɛsɔθ,ɛsɛθ
ɛs.ɔð,ɛs.ɛð,ɛsɔð,ɛsɛð
ɛv.ɪm,ɛv.ʊm,ɛvɪm,ɛvʊm
ɛv.ɪn,ɛv.ʊn,ɛvɪn,ɛvʊn
ɛv.ɪŋ,ɛv.ʊŋ,ɛvɪŋ,ɛvʊŋ
ɛv.ɪp,ɛv.ʊp,ɛvɪp,ɛvʊp
ɛv.ɪt,ɛv.ʊt,ɛvɪt,ɛvʊt
ɛv.ɪk,ɛv.ʊk,ɛvɪk,ɛvʊk
ɛv.ɪb,ɛv.ʊb,ɛvɪb,ɛvʊb
ɛv.ɪd,ɛv.ʊd,ɛvɪd,ɛvʊd
ɛv.ɪg,ɛv.ʊg,ɛvɪg,ɛvʊg
ɛv.ɪf,ɛv.ʊf,ɛvɪf,ɛvʊf
ɛv.ɪs,ɛv.ʊs,ɛvɪs,ɛvʊs
ɛv.ɪv,ɛv.ʊv,ɛvɪv,ɛvʊv
ɛv.ɪz,ɛv.ʊz,ɛvɪz,ɛvʊz
ɛv.ɪʃ,ɛv.ʊʃ,ɛvɪʃ,ɛvʊʃ
ɛv.ɪʒ,ɛv.ʊʒ,ɛvɪʒ,ɛvʊʒ
ɛv.ɪθ,ɛv.ʊθ,ɛvɪθ,ɛvʊθ
ɛv.ɪð,ɛv.ʊð,ɛvɪð,ɛvʊð
ɛv.ɛm,ɛv.ɔm,ɛvɛm,ɛvɔm
ɛv.ɛn,ɛv.ɔn,ɛvɛn,ɛvɔn
ɛv.ɛŋ,ɛv.ɔŋ,ɛvɛŋ,ɛvɔŋ
ɛv.ɛp,ɛv.ɔp,ɛvɛp,ɛvɔp
ɛv.ɛt,ɛv.ɔt,ɛvɛt,ɛvɔt
ɛv.ɛk,ɛv.ɔk,ɛvɛk,ɛvɔk
ɛv.ɛb,ɛv.ɔb,ɛvɛb,ɛvɔb
ɛv.ɛd,ɛv.ɔd,ɛvɛd,ɛvɔd
ɛv.ɛg,ɛv.ɔg,ɛvɛg,ɛvɔg
ɛv.ɛf,ɛv.ɔf,ɛvɛf,ɛvɔf
ɛv.ɛs,ɛv.ɔs,ɛvɛs,ɛvɔs
ɛv.ɛv,ɛv.ɔv,ɛvɛv,ɛvɔv
ɛv.ɛz,ɛv.ɔz,ɛvɛz,ɛvɔz
ɛv.ɛʃ,ɛv.ɔʃ,ɛvɛʃ,ɛvɔʃ
ɛv.ɛʒ,ɛv.ɔʒ,ɛvɛʒ,ɛvɔʒ
ɛv.ɛθ,ɛv.ɔθ,ɛvɛθ,ɛvɔθ
ɛv.ɛð,ɛv.ɔð,ɛvɛð,ɛvɔð
ɛv.ʊm,ɛv.ɪm,ɛvʊm,ɛvɪm
ɛv.ʊn,ɛv.ɪn,ɛvʊn,ɛvɪn
ɛv.ʊŋ,ɛv.ɪŋ,ɛvʊŋ,ɛvɪŋ
ɛv.ʊp,ɛv.ɪp,ɛvʊp,ɛvɪp
ɛv.ʊt,ɛv.ɪt,ɛvʊt,ɛvɪt
ɛv.ʊk,ɛv.ɪk,ɛvʊk,ɛvɪk
ɛv.ʊb,ɛv.ɪb,ɛvʊb,ɛvɪb
ɛv.ʊd,ɛv.ɪd,ɛvʊd,ɛvɪd
ɛv.ʊg,ɛv.ɪg,ɛvʊg,ɛvɪg
ɛv.ʊf,ɛv.ɪf,ɛvʊf,ɛvɪf
ɛv.ʊs,ɛv.ɪs,ɛvʊs,ɛvɪs
ɛv.ʊv,ɛv.ɪv,ɛvʊv,ɛvɪv
ɛv.ʊz,ɛv.ɪz,ɛvʊz,ɛvɪz
ɛv.ʊʃ,ɛv.ɪʃ,ɛvʊʃ,ɛvɪʃ
ɛv.ʊʒ,ɛv.ɪʒ,ɛvʊʒ,ɛvɪʒ
ɛv.ʊθ,ɛv.ɪθ,ɛvʊθ,ɛvɪθ
ɛv.ʊð,ɛv.ɪð,ɛvʊð,ɛvɪð
ɛv.ɔm,ɛv.ɛm,ɛvɔm,ɛvɛm
ɛv.ɔn,ɛv.ɛn,ɛvɔn,ɛvɛn
ɛv.ɔŋ,ɛv.ɛŋ,ɛvɔŋ,ɛvɛŋ
ɛv.ɔp,ɛv.ɛp,ɛvɔp,ɛvɛp
ɛv.ɔt,ɛv.ɛt,ɛvɔt,ɛvɛt
ɛv.ɔk,ɛv.ɛk,ɛvɔk,ɛvɛk
ɛv.ɔb,ɛv.ɛb,ɛvɔb,ɛvɛb
ɛv.ɔd,ɛv.ɛd,ɛvɔd,ɛvɛd
ɛv.ɔg,ɛv.ɛg,ɛvɔg,ɛvɛg
ɛv.ɔf,ɛv.ɛf,ɛvɔf,ɛvɛf
ɛv.ɔs,ɛv.ɛs,ɛvɔs,ɛvɛs
ɛv.ɔv,ɛv.ɛv,ɛvɔv,ɛvɛv
ɛv.ɔz,ɛv.ɛz,ɛvɔz,ɛvɛz
ɛv.ɔʃ,ɛv.ɛʃ,ɛvɔʃ,ɛvɛʃ
ɛv.ɔʒ,ɛv.ɛʒ,ɛvɔʒ,ɛvɛʒ
ɛv.ɔθ,ɛv.ɛθ,ɛvɔθ,ɛvɛθ
ɛv.ɔð,ɛv.ɛð,ɛvɔð,ɛvɛð
ɛz.ɪm,ɛz.ʊm,ɛzɪm,ɛzʊm
ɛz.ɪn,ɛz.ʊn,ɛzɪn,ɛzʊn
ɛz.ɪŋ,ɛz.ʊŋ,ɛzɪŋ,ɛzʊŋ
ɛz.ɪp,ɛz.ʊp,ɛzɪp,ɛzʊp
ɛz.ɪt,ɛz.ʊt,ɛzɪt,ɛzʊt
ɛz.ɪk,ɛz.ʊk,ɛzɪk,ɛzʊk
ɛz.ɪb,ɛz.ʊb,ɛzɪb,ɛzʊb
ɛz.ɪd,ɛz.ʊd,ɛzɪd,ɛzʊd
ɛz.ɪg,ɛz.ʊg,ɛzɪg,ɛzʊg
ɛz.ɪf,ɛz.ʊf,ɛzɪf,ɛzʊf
ɛz.ɪs,ɛz.ʊs,ɛzɪs,ɛzʊs
ɛz.ɪv,ɛz.ʊv,ɛzɪv,ɛzʊv
ɛz.ɪz,ɛz.ʊz,ɛzɪz,ɛzʊz
ɛz.ɪʃ,ɛz.ʊʃ,ɛzɪʃ,ɛzʊʃ
ɛz.ɪʒ,ɛz.ʊʒ,ɛzɪʒ,ɛzʊʒ
ɛz.ɪθ,ɛz.ʊθ,ɛzɪθ,ɛzʊθ
ɛz.ɪð,ɛz.ʊð,ɛzɪð,ɛzʊð
ɛz.ɛm,ɛz.ɔm,ɛzɛm,ɛzɔm
ɛz.ɛn,ɛz.ɔn,ɛzɛn,ɛzɔn
ɛz.ɛŋ,ɛz.ɔŋ,ɛzɛŋ,ɛzɔŋ
ɛz.ɛp,ɛz.ɔp,ɛzɛp,ɛzɔp
ɛz.ɛt,ɛz.ɔt,ɛzɛt,ɛzɔt
ɛz.ɛk,ɛz.ɔk,ɛzɛk,ɛzɔk
ɛz.ɛb,ɛz.ɔb,ɛzɛb,ɛzɔb
ɛz.ɛd,ɛz.ɔd,ɛzɛd,ɛzɔd
ɛz.ɛg,ɛz.ɔg,ɛzɛg,ɛzɔg
ɛz.ɛf,ɛz.ɔf,ɛzɛf,ɛzɔf
ɛz.ɛs,ɛz.ɔs,ɛzɛs,ɛzɔs
ɛz.ɛv,ɛz.ɔv,ɛzɛv,ɛzɔv
ɛz.ɛz,ɛz.ɔz,ɛzɛz,ɛzɔz
ɛz.ɛʃ,ɛz.ɔʃ,ɛzɛʃ,ɛzɔʃ
ɛz.ɛʒ,ɛz.ɔʒ,ɛzɛʒ,ɛzɔʒ
ɛz.ɛθ,ɛz.ɔθ,ɛzɛθ,ɛzɔθ
ɛz.ɛð,ɛz.ɔð,ɛzɛð,ɛzɔð
ɛz.ʊm,ɛz.ɪm,ɛzʊm,ɛzɪm
ɛz.ʊn,ɛz.ɪn,ɛzʊn,ɛzɪn
ɛz.ʊŋ,ɛz.ɪŋ,ɛzʊŋ,ɛzɪŋ
ɛz.ʊp,ɛz.ɪp,ɛzʊp,ɛzɪp
ɛz.ʊt,ɛz.ɪt,ɛzʊt,ɛzɪt
ɛz.ʊk,ɛz.ɪk,ɛzʊk,ɛzɪk
ɛz.ʊb,ɛz.ɪb,ɛzʊb,ɛzɪb
ɛz.ʊd,ɛz.ɪd,ɛzʊd,ɛzɪd
ɛz.ʊg,ɛz.ɪg,ɛzʊg,ɛzɪg
ɛz.ʊf,ɛz.ɪf,ɛzʊf,ɛzɪf
ɛz.ʊs,ɛz.ɪs,ɛzʊs,ɛzɪs
ɛz.ʊv,ɛz.ɪv,ɛzʊv,ɛzɪv
ɛz.ʊz,ɛz.ɪz,ɛzʊz,ɛzɪz
ɛz.ʊʃ,ɛz.ɪʃ,ɛzʊʃ,ɛzɪʃ
ɛz.ʊʒ,ɛz.ɪʒ,ɛzʊʒ,ɛzɪʒ
ɛz.ʊθ,ɛz.ɪθ,ɛzʊθ,ɛzɪθ
ɛz.ʊð,ɛz.ɪð,ɛzʊð,ɛzɪð
ɛz.ɔm,ɛz.ɛm,ɛzɔm,ɛzɛm
ɛz.ɔn,ɛz.ɛn,ɛzɔn,ɛzɛn
ɛz.ɔŋ,ɛz.ɛŋ,ɛzɔŋ,ɛzɛŋ
ɛz.ɔp,ɛz.ɛp,ɛzɔp,ɛzɛp
ɛz.ɔt,ɛz.ɛt,ɛzɔt,ɛzɛt
ɛz.ɔk,ɛz.ɛk,ɛzɔk,ɛzɛk
ɛz.ɔb,ɛz.ɛb,ɛzɔb,ɛzɛb
ɛz.ɔd,ɛz.ɛd,ɛzɔd,ɛzɛd
ɛz.ɔg,ɛz.ɛg,ɛzɔg,ɛzɛg
ɛz.ɔf,ɛz.ɛf,ɛzɔf,ɛzɛf
ɛz.ɔs,ɛz.ɛs,ɛzɔs,ɛzɛs
ɛz.ɔv,ɛz.ɛv,ɛzɔv,ɛzɛv
ɛz.ɔz,ɛz.ɛz,ɛzɔz,ɛzɛz
ɛz.ɔʃ,ɛz.ɛʃ,ɛzɔʃ,ɛzɛʃ
ɛz.ɔʒ,ɛz.ɛʒ,ɛzɔʒ,ɛzɛʒ
ɛz.ɔθ,ɛz.ɛθ,ɛzɔθ,ɛzɛθ
ɛz.ɔð,ɛz.ɛð,ɛzɔð,ɛzɛð
ɛʃ.ɪm,ɛʃ.ʊm,ɛʃɪm,ɛʃʊm
ɛʃ.ɪn,ɛʃ.ʊn,ɛʃɪn,ɛʃʊn
ɛʃ.ɪŋ,ɛʃ.ʊŋ,ɛʃɪŋ,ɛʃʊŋ
ɛʃ.ɪp,ɛʃ.ʊp,ɛʃɪp,ɛʃʊp
ɛʃ.ɪt,ɛʃ.ʊt,ɛʃɪt,ɛʃʊt
ɛʃ.ɪk,ɛʃ.ʊk,ɛʃɪk,ɛʃʊk
ɛʃ.ɪb,ɛʃ.ʊb,ɛʃɪb,ɛʃʊb
ɛʃ.ɪd,ɛʃ.ʊd,ɛʃɪd,ɛʃʊd
ɛʃ.ɪg,ɛʃ.ʊg,ɛʃɪg,ɛʃʊg
ɛʃ.ɪf,ɛʃ.ʊf,ɛʃɪf,ɛʃʊf
ɛʃ.ɪs,ɛʃ.ʊs,ɛʃɪs,ɛʃʊs
ɛʃ.ɪv,ɛʃ.ʊv,ɛʃɪv,ɛʃʊv
ɛʃ.ɪz,ɛʃ.ʊz,ɛʃɪz,ɛʃʊz
ɛʃ.ɪʃ,ɛʃ.ʊʃ,ɛʃɪʃ,ɛʃʊʃ
ɛʃ.ɪʒ,ɛʃ.ʊʒ,ɛʃɪʒ,ɛʃʊʒ
ɛʃ.ɪθ,ɛʃ.ʊθ,ɛʃɪθ,ɛʃʊθ
ɛʃ.ɪð,ɛʃ.ʊð,ɛʃɪð,ɛʃʊð
ɛʃ.ɛm,ɛʃ.ɔm,ɛʃɛm,ɛʃɔm
ɛʃ.ɛn,ɛʃ.ɔn,ɛʃɛn,ɛʃɔn
ɛʃ.ɛŋ,ɛʃ.ɔŋ,ɛʃɛŋ,ɛʃɔŋ
ɛʃ.ɛp,ɛʃ.ɔp,ɛʃɛp,ɛʃɔp
ɛʃ.ɛt,ɛʃ.ɔt,ɛʃɛt,ɛʃɔt
ɛʃ.ɛk,ɛʃ.ɔk,ɛʃɛk,ɛʃɔk
ɛʃ.ɛb,ɛʃ.ɔb,ɛʃɛb,ɛʃɔb
ɛʃ.ɛd,ɛʃ.ɔd,ɛʃɛd,ɛʃɔd
ɛʃ.ɛg,ɛʃ.ɔg,ɛʃɛg,ɛʃɔg
ɛʃ.ɛf,ɛʃ.ɔf,ɛʃɛf,ɛʃɔf
ɛʃ.ɛs,ɛʃ.ɔs,ɛʃɛs,ɛʃɔs
ɛʃ.ɛv,ɛʃ.ɔv,ɛʃɛv,ɛʃɔv
ɛʃ.ɛz,ɛʃ.ɔz,ɛʃɛz,ɛʃɔz
ɛʃ.ɛʃ,ɛʃ.ɔʃ,ɛʃɛʃ,ɛʃɔʃ
ɛʃ.ɛʒ,ɛʃ.ɔʒ,ɛʃɛʒ,ɛʃɔʒ
ɛʃ.ɛθ,ɛʃ.ɔθ,ɛʃɛθ,ɛʃɔθ
ɛʃ.ɛð,ɛʃ.ɔð,ɛʃɛð,ɛʃɔð
ɛʃ.ʊm,ɛʃ.ɪm,ɛʃʊm,ɛʃɪm
ɛʃ.ʊn,ɛʃ.ɪn,ɛʃʊn,ɛʃɪn
ɛʃ.ʊŋ,ɛʃ.ɪŋ,ɛʃʊŋ,ɛʃɪŋ
ɛʃ.ʊp,ɛʃ.ɪp,ɛʃʊp,ɛʃɪp
ɛʃ.ʊt,ɛʃ.ɪt,ɛʃʊt,ɛʃɪt
ɛʃ.ʊk,ɛʃ.ɪk,ɛʃʊk,ɛʃɪk
ɛʃ.ʊb,ɛʃ.ɪb,ɛʃʊb,ɛʃɪb
ɛʃ.ʊd,ɛʃ.ɪd,ɛʃʊd,ɛʃɪd
ɛʃ.ʊg,ɛʃ.ɪg,ɛʃʊg,ɛʃɪg
ɛʃ.ʊf,ɛʃ.ɪf,ɛʃʊf,ɛʃɪf
ɛʃ.ʊs,ɛʃ.ɪs,ɛʃʊs,ɛʃɪs
ɛʃ.ʊv,ɛʃ.ɪv,ɛʃʊv,ɛʃɪv
ɛʃ.ʊz,ɛʃ.ɪz,ɛʃʊz,ɛʃɪz
ɛʃ.ʊʃ,ɛʃ.ɪʃ,ɛʃʊʃ,ɛʃɪʃ
ɛʃ.ʊʒ,ɛʃ.ɪʒ,ɛʃʊʒ,ɛʃɪʒ
ɛʃ.ʊθ,ɛʃ.ɪθ,ɛʃʊθ,ɛʃɪθ
ɛʃ.ʊð,ɛʃ.ɪð,ɛʃʊð,ɛʃɪð
ɛʃ.ɔm,ɛʃ.ɛm,ɛʃɔm,ɛʃɛm
ɛʃ.ɔn,ɛʃ.ɛn,ɛʃɔn,ɛʃɛn
ɛʃ.ɔŋ,ɛʃ.ɛŋ,ɛʃɔŋ,ɛʃɛŋ
ɛʃ.ɔp,ɛʃ.ɛp,ɛʃɔp,ɛʃɛp
ɛʃ.ɔt,ɛʃ.ɛt,ɛʃɔt,ɛʃɛt
ɛʃ.ɔk,ɛʃ.ɛk,ɛʃɔk,ɛʃɛk
ɛʃ.ɔb,ɛʃ.ɛb,ɛʃɔb,ɛʃɛb
ɛʃ.ɔd,ɛʃ.ɛd,ɛʃɔd,ɛʃɛd
ɛʃ.ɔg,ɛʃ.ɛg,ɛʃɔg,ɛʃɛg
ɛʃ.ɔf,ɛʃ.ɛf,ɛʃɔf,ɛʃɛf
ɛʃ.ɔs,ɛʃ.ɛs,ɛʃɔs,ɛʃɛs
ɛʃ.ɔv,ɛʃ.ɛv,ɛʃɔv,ɛʃɛv
ɛʃ.ɔz,ɛʃ.ɛz,ɛʃɔz,ɛʃɛz
ɛʃ.ɔʃ,ɛʃ.ɛʃ,ɛʃɔʃ,ɛʃɛʃ
ɛʃ.ɔʒ,ɛʃ.ɛʒ,ɛʃɔʒ,ɛʃɛʒ
ɛʃ.ɔθ,ɛʃ.ɛθ,ɛʃɔθ,ɛʃɛθ
ɛʃ.ɔð,ɛʃ.ɛð,ɛʃɔð,ɛʃɛð
ɛʒ.ɪm,ɛʒ.ʊm,ɛʒɪm,ɛʒʊm
ɛʒ.ɪn,ɛʒ.ʊn,ɛʒɪn,ɛʒʊn
ɛʒ.ɪŋ,ɛʒ.ʊŋ,ɛʒɪŋ,ɛʒʊŋ
ɛʒ.ɪp,ɛʒ.ʊp,ɛʒɪp,ɛʒʊp
ɛʒ.ɪt,ɛʒ.ʊt,ɛʒɪt,ɛʒʊt
ɛʒ.ɪk,ɛʒ.ʊk,ɛʒɪk,ɛʒʊk
ɛʒ.ɪb,ɛʒ.ʊb,ɛʒɪb,ɛʒʊb
ɛʒ.ɪd,ɛʒ.ʊd,ɛʒɪd,ɛʒʊd
ɛʒ.ɪg,ɛʒ.ʊg,ɛʒɪg,ɛʒʊg
ɛʒ.ɪf,ɛʒ.ʊf,ɛʒɪf,ɛʒʊf
ɛʒ.ɪs,ɛʒ.ʊs,ɛʒɪs,ɛʒʊs
ɛʒ.ɪv,ɛʒ.ʊv,ɛʒɪv,ɛʒʊv
ɛʒ.ɪz,ɛʒ.ʊz,ɛʒɪz,ɛʒʊz
ɛʒ.ɪʃ,ɛʒ.ʊʃ,ɛʒɪʃ,ɛʒʊʃ
ɛʒ.ɪʒ,ɛʒ.ʊʒ,ɛʒɪʒ,ɛʒʊʒ
ɛʒ.ɪθ,ɛʒ.ʊθ,ɛʒɪθ,ɛʒʊθ
ɛʒ.ɪð,ɛʒ.ʊð,ɛʒɪð,ɛʒʊð
ɛʒ.ɛm,ɛʒ.ɔm,ɛʒɛm,ɛʒɔm
ɛʒ.ɛn,ɛʒ.ɔn,ɛʒɛn,ɛʒɔn
ɛʒ.ɛŋ,ɛʒ.ɔŋ,ɛʒɛŋ,ɛʒɔŋ
ɛʒ.ɛp,ɛʒ.ɔp,ɛʒɛp,ɛʒɔp
ɛʒ.ɛt,ɛʒ.ɔt,ɛʒɛt,ɛʒɔt
ɛʒ.ɛk,ɛʒ.ɔk,ɛʒɛk,ɛʒɔk
ɛʒ.ɛb,ɛʒ.ɔb,ɛʒɛb,ɛʒɔb
ɛʒ.ɛd,ɛʒ.ɔd,ɛʒɛd,ɛʒɔd
ɛʒ.ɛg,ɛʒ.ɔg,ɛʒɛg,ɛʒɔg
ɛʒ.ɛf,ɛʒ.ɔf,ɛʒɛf,ɛʒɔf
ɛʒ.ɛs,ɛʒ.ɔs,ɛʒɛs,ɛʒɔs
ɛʒ.ɛv,ɛʒ.ɔv,ɛʒɛv,ɛʒɔv
ɛʒ.ɛz,ɛʒ.ɔz,ɛʒɛz,ɛʒɔz
ɛʒ.ɛʃ,ɛʒ.ɔʃ,ɛʒɛʃ,ɛʒɔʃ
ɛʒ.ɛʒ,ɛʒ.ɔʒ,ɛʒɛʒ,ɛʒɔʒ
ɛʒ.ɛθ,ɛʒ.ɔθ,ɛʒɛθ,ɛʒɔθ
ɛʒ.ɛð,ɛʒ.ɔð,ɛʒɛð,ɛʒɔð
ɛʒ.ʊm,ɛʒ.ɪm,ɛʒʊm,ɛʒɪm
ɛʒ.ʊn,ɛʒ.ɪn,ɛʒʊn,ɛʒɪn
ɛʒ.ʊŋ,ɛʒ.ɪŋ,ɛʒʊŋ,ɛʒɪŋ
ɛʒ.ʊp,ɛʒ.ɪp,ɛʒʊp,ɛʒɪp
ɛʒ.ʊt,ɛʒ.ɪt,ɛʒʊt,ɛʒɪt
ɛʒ.ʊk,ɛʒ.ɪk,ɛʒʊk,ɛʒɪk
ɛʒ.ʊb,ɛʒ.ɪb,ɛʒʊb,ɛʒɪb
ɛʒ.ʊd,ɛʒ.ɪd,ɛʒʊd,ɛʒɪd
ɛʒ.ʊg,ɛʒ.ɪg,ɛʒʊg,ɛʒɪg
ɛʒ.ʊf,ɛʒ.ɪf,ɛʒʊf,ɛʒɪf
ɛʒ.ʊs,ɛʒ.ɪs,ɛʒʊs,ɛʒɪs
ɛʒ.ʊv,ɛʒ.ɪv,ɛʒʊv,ɛʒɪv
ɛʒ.ʊz,ɛʒ.ɪz,ɛʒʊz,ɛʒɪz
ɛʒ.ʊʃ,ɛʒ.ɪʃ,ɛʒʊʃ,ɛʒɪʃ
ɛʒ.ʊʒ,ɛʒ.ɪʒ,ɛʒʊʒ,ɛʒɪʒ
ɛʒ.ʊθ,ɛʒ.ɪθ,ɛʒʊθ,ɛʒɪθ
ɛʒ.ʊð,ɛʒ.ɪð,ɛʒʊð,ɛʒɪð
ɛʒ.ɔm,ɛʒ.ɛm,ɛʒɔm,ɛʒɛm
ɛʒ.ɔn,ɛʒ.ɛn,ɛʒɔn,ɛʒɛn
ɛʒ.ɔŋ,ɛʒ.ɛŋ,ɛʒɔŋ,ɛʒɛŋ
ɛʒ.ɔp,ɛʒ.ɛp,ɛʒɔp,ɛʒɛp
ɛʒ.ɔt,ɛʒ.ɛt,ɛʒɔt,ɛʒɛt
ɛʒ.ɔk,ɛʒ.ɛk,ɛʒɔk,ɛʒɛk
ɛʒ.ɔb,ɛʒ.ɛb,ɛʒɔb,ɛʒɛb
ɛʒ.ɔd,ɛʒ.ɛd,ɛʒɔd,ɛʒɛd
ɛʒ.ɔg,ɛʒ.ɛg,ɛʒɔg,ɛʒɛg
ɛʒ.ɔf,ɛʒ.ɛf,ɛʒɔf,ɛʒɛf
ɛʒ.ɔs,ɛʒ.ɛs,ɛʒɔs,ɛʒɛs
ɛʒ.ɔv,ɛʒ.ɛv,ɛʒɔv,ɛʒɛv
ɛʒ.ɔz,ɛʒ.ɛz,ɛʒɔz,ɛʒɛz
ɛʒ.ɔʃ,ɛʒ.ɛʃ,ɛʒɔʃ,ɛʒɛʃ
ɛʒ.ɔʒ,ɛʒ.ɛʒ,ɛʒɔʒ,ɛʒɛʒ
ɛʒ.ɔθ,ɛʒ.ɛθ,ɛʒɔθ,ɛʒɛθ
ɛʒ.ɔð,ɛʒ.ɛð,ɛʒɔð,ɛʒɛð
ɛθ.ɪm,ɛθ.ʊm,ɛθɪm,ɛθʊm
ɛθ.ɪn,ɛθ.ʊn,ɛθɪn,ɛθʊn
ɛθ.ɪŋ,ɛθ.ʊŋ,ɛθɪŋ,ɛθʊŋ
ɛθ.ɪp,ɛθ.ʊp,ɛθɪp,ɛθʊp
ɛθ.ɪt,ɛθ.ʊt,ɛθɪt,ɛθʊt
ɛθ.ɪk,ɛθ.ʊk,ɛθɪk,ɛθʊk
ɛθ.ɪb,ɛθ.ʊb,ɛθɪb,ɛθʊb
ɛθ.ɪd,ɛθ.ʊd,ɛθɪd,ɛθʊd
ɛθ.ɪg,ɛθ.ʊg,ɛθɪg,ɛθʊg
ɛθ.ɪf,ɛθ.ʊf,ɛθɪf,ɛθʊf
ɛθ.ɪs,ɛθ.ʊs,ɛθɪs,ɛθʊs
ɛθ.ɪv,ɛθ.ʊv,ɛθɪv,ɛθʊv
ɛθ.ɪz,ɛθ.ʊz,ɛθɪz,ɛθʊz
ɛθ.ɪʃ,ɛθ.ʊʃ,ɛθɪʃ,ɛθʊʃ
ɛθ.ɪʒ,ɛθ.ʊʒ,ɛθɪʒ,ɛθʊʒ
ɛθ.ɪθ,ɛθ.ʊθ,ɛθɪθ,ɛθʊθ
ɛθ.ɪð,ɛθ.ʊð,ɛθɪð,ɛθʊð
ɛθ.ɛm,ɛθ.ɔm,ɛθɛm,ɛθɔm
ɛθ.ɛn,ɛθ.ɔn,ɛθɛn,ɛθɔn
ɛθ.ɛŋ,ɛθ.ɔŋ,ɛθɛŋ,ɛθɔŋ
ɛθ.ɛp,ɛθ.ɔp,ɛθɛp,ɛθɔp
ɛθ.ɛt,ɛθ.ɔt,ɛθɛt,ɛθɔt
ɛθ.ɛk,ɛθ.ɔk,ɛθɛk,ɛθɔk
ɛθ.ɛb,ɛθ.ɔb,ɛθɛb,ɛθɔb
ɛθ.ɛd,ɛθ.ɔd,ɛθɛd,ɛθɔd
ɛθ.ɛg,ɛθ.ɔg,ɛθɛg,ɛθɔg
ɛθ.ɛf,ɛθ.ɔf,ɛθɛf,ɛθɔf
ɛθ.ɛs,ɛθ.ɔs,ɛθɛs,ɛθɔs
ɛθ.ɛv,ɛθ.ɔv,ɛθɛv,ɛθɔv
ɛθ.ɛz,ɛθ.ɔz,ɛθɛz,ɛθɔz
ɛθ.ɛʃ,ɛθ.ɔʃ,ɛθɛʃ,ɛθɔʃ
ɛθ.ɛʒ,ɛθ.ɔʒ,ɛθɛʒ,ɛθɔʒ
ɛθ.ɛθ,ɛθ.ɔθ,ɛθɛθ,ɛθɔθ
ɛθ.ɛð,ɛθ.ɔð,ɛθɛð,ɛθɔð
ɛθ.ʊm,ɛθ.ɪm,ɛθʊm,ɛθɪm
ɛθ.ʊn,ɛθ.ɪn,ɛθʊn,ɛθɪn
ɛθ.ʊŋ,ɛθ.ɪŋ,ɛθʊŋ,ɛθɪŋ
ɛθ.ʊp,ɛθ.ɪp,ɛθʊp,ɛθɪp
ɛθ.ʊt,ɛθ.ɪt,ɛθʊt,ɛθɪt
ɛθ.ʊk,ɛθ.ɪk,ɛθʊk,ɛθɪk
ɛθ.ʊb,ɛθ.ɪb,ɛθʊb,ɛθɪb
ɛθ.ʊd,ɛθ.ɪd,ɛθʊd,ɛθɪd
ɛθ.ʊg,ɛθ.ɪg,ɛθʊg,ɛθɪg
ɛθ.ʊf,ɛθ.ɪf,ɛθʊf,ɛθɪf
ɛθ.ʊs,ɛθ.ɪs,ɛθʊs,ɛθɪs
ɛθ.ʊv,ɛθ.ɪv,ɛθʊv,ɛθɪv
ɛθ.ʊz,ɛθ.ɪz,ɛθʊz,ɛθɪz
ɛθ.ʊʃ,ɛθ.ɪʃ,ɛθʊʃ,ɛθɪʃ
ɛθ.ʊʒ,ɛθ.ɪʒ,ɛθʊʒ,ɛθɪʒ
ɛθ.ʊθ,ɛθ.ɪθ,ɛθʊθ,ɛθɪθ
ɛθ.ʊð,ɛθ.ɪð,ɛθʊð,ɛθɪð
ɛθ.ɔm,ɛθ.ɛm,ɛθɔm,ɛθɛm
ɛθ.ɔn,ɛθ.ɛn,ɛθɔn,ɛθɛn
ɛθ.ɔŋ,ɛθ.ɛŋ,ɛθɔŋ,ɛθɛŋ
ɛθ.ɔp,ɛθ.ɛp,ɛθɔp,ɛθɛp
ɛθ.ɔt,ɛθ.ɛt,ɛθɔt,ɛθɛt
ɛθ.ɔk,ɛθ.ɛk,ɛθɔk,ɛθɛk
ɛθ.ɔb,ɛθ.ɛb,ɛθɔb,ɛθɛb
ɛθ.ɔd,ɛθ.ɛd,ɛθɔd,ɛθɛd
ɛθ.ɔg,ɛθ.ɛg,ɛθɔg,ɛθɛg
ɛθ.ɔf,ɛθ.ɛf,ɛθɔf,ɛθɛf
ɛθ.ɔs,ɛθ.ɛs,ɛθɔs,ɛθɛs
ɛθ.ɔv,ɛθ.ɛv,ɛθɔv,ɛθɛv
ɛθ.ɔz,ɛθ.ɛz,ɛθɔz,ɛθɛz
ɛθ.ɔʃ,ɛθ.ɛʃ,ɛθɔʃ,ɛθɛʃ
ɛθ.ɔʒ,ɛθ.ɛʒ,ɛθɔʒ,ɛθɛʒ
ɛθ.ɔθ,ɛθ.ɛθ,ɛθɔθ,ɛθɛθ
ɛθ.ɔð,ɛθ.ɛð,ɛθɔð,ɛθɛð
ɛð.ɪm,ɛð.ʊm,ɛðɪm,ɛðʊm
ɛð.ɪn,ɛð.ʊn,ɛðɪn,ɛðʊn
ɛð.ɪŋ,ɛð.ʊŋ,ɛðɪŋ,ɛðʊŋ
ɛð.ɪp,ɛð.ʊp,ɛðɪp,ɛðʊp
ɛð.ɪt,ɛð.ʊt,ɛðɪt,ɛðʊt
ɛð.ɪk,ɛð.ʊk,ɛðɪk,ɛðʊk
ɛð.ɪb,ɛð.ʊb,ɛðɪb,ɛðʊb
ɛð.ɪd,ɛð.ʊd,ɛðɪd,ɛðʊd
ɛð.ɪg,ɛð.ʊg,ɛðɪg,ɛðʊg
ɛð.ɪf,ɛð.ʊf,ɛðɪf,ɛðʊf
ɛð.ɪs,ɛð.ʊs,ɛðɪs,ɛðʊs
ɛð.ɪv,ɛð.ʊv,ɛðɪv,ɛðʊv
ɛð.ɪz,ɛð.ʊz,ɛðɪz,ɛðʊz
ɛð.ɪʃ,ɛð.ʊʃ,ɛðɪʃ,ɛðʊʃ
ɛð.ɪʒ,ɛð.ʊʒ,ɛðɪʒ,ɛðʊʒ
ɛð.ɪθ,ɛð.ʊθ,ɛðɪθ,ɛðʊθ
ɛð.ɪð,ɛð.ʊð,ɛðɪð,ɛðʊð
ɛð.ɛm,ɛð.ɔm,ɛðɛm,ɛðɔm
ɛð.ɛn,ɛð.ɔn,ɛðɛn,ɛðɔn
ɛð.ɛŋ,ɛð.ɔŋ,ɛðɛŋ,ɛðɔŋ
ɛð.ɛp,ɛð.ɔp,ɛðɛp,ɛðɔp
ɛð.ɛt,ɛð.ɔt,ɛðɛt,ɛðɔt
ɛð.ɛk,ɛð.ɔk,ɛðɛk,ɛðɔk
ɛð.ɛb,ɛð.ɔb,ɛðɛb,ɛðɔb
ɛð.ɛd,ɛð.ɔd,ɛðɛd,ɛðɔd
ɛð.ɛg,ɛð.ɔg,ɛðɛg,ɛðɔg
ɛð.ɛf,ɛð.ɔf,ɛðɛf,ɛðɔf
ɛð.ɛs,ɛð.ɔs,ɛðɛs,ɛðɔs
ɛð.ɛv,ɛð.ɔv,ɛðɛv,ɛðɔv
ɛð.ɛz,ɛð.ɔz,ɛðɛz,ɛðɔz
ɛð.ɛʃ,ɛð.ɔʃ,ɛðɛʃ,ɛðɔʃ
ɛð.ɛʒ,ɛð.ɔʒ,ɛðɛʒ,ɛðɔʒ
ɛð.ɛθ,ɛð.ɔθ,ɛðɛθ,ɛðɔθ
ɛð.ɛð,ɛð.ɔð,ɛðɛð,ɛðɔð
ɛð.ʊm,ɛð.ɪm,ɛðʊm,ɛðɪm
ɛð.ʊn,ɛð.ɪn,ɛðʊn,ɛðɪn
ɛð.ʊŋ,ɛð.ɪŋ,ɛðʊŋ,ɛðɪŋ
ɛð.ʊp,ɛð.ɪp,ɛðʊp,ɛðɪp
ɛð.ʊt,ɛð.ɪt,ɛðʊt,ɛðɪt
ɛð.ʊk,ɛð.ɪk,ɛðʊk,ɛðɪk
ɛð.ʊb,ɛð.ɪb,ɛðʊb,ɛðɪb
ɛð.ʊd,ɛð.ɪd,ɛðʊd,ɛðɪd
ɛð.ʊg,ɛð.ɪg,ɛðʊg,ɛðɪg
ɛð.ʊf,ɛð.ɪf,ɛðʊf,ɛðɪf
ɛð.ʊs,ɛð.ɪs,ɛðʊs,ɛðɪs
ɛð.ʊv,ɛð.ɪv,ɛðʊv,ɛðɪv
ɛð.ʊz,ɛð.ɪz,ɛðʊz,ɛðɪz
ɛð.ʊʃ,ɛð.ɪʃ,ɛðʊʃ,ɛðɪʃ
ɛð.ʊʒ,ɛð.ɪʒ,ɛðʊʒ,ɛðɪʒ
ɛð.ʊθ,ɛð.ɪθ,ɛðʊθ,ɛðɪθ
ɛð.ʊð,ɛð.ɪð,ɛðʊð,ɛðɪð
ɛð.ɔm,ɛð.ɛm,ɛðɔm,ɛðɛm
ɛð.ɔn,ɛð.ɛn,ɛðɔn,ɛðɛn
ɛð.ɔŋ,ɛð.ɛŋ,ɛðɔŋ,ɛðɛŋ
ɛð.ɔp,ɛð.ɛp,ɛðɔp,ɛðɛp
ɛð.ɔt,ɛð.ɛt,ɛðɔt,ɛðɛt
ɛð.ɔk,ɛð.ɛk,ɛðɔk,ɛðɛk
ɛð.ɔb,ɛð.ɛb,ɛðɔb,ɛðɛb
ɛð.ɔd,ɛð.ɛd,ɛðɔd,ɛðɛd
ɛð.ɔg,ɛð.ɛg,ɛðɔg,ɛðɛg
ɛð.ɔf,ɛð.ɛf,ɛðɔf,ɛðɛf
ɛð.ɔs,ɛð.ɛs,ɛðɔs,ɛðɛs
ɛð.ɔv,ɛð.ɛv,ɛðɔv,ɛðɛv
ɛð.ɔz,ɛð.ɛz,ɛðɔz,ɛðɛz
ɛð.ɔʃ,ɛð.ɛʃ,ɛðɔʃ,ɛðɛʃ
ɛð.ɔʒ,ɛð.ɛʒ,ɛðɔʒ,ɛðɛʒ
ɛð.ɔθ,ɛð.ɛθ,ɛðɔθ,ɛðɛθ
ɛð.ɔð,ɛð.ɛð,ɛðɔð,ɛðɛð
ʊm.ɪm,ʊm.ʊm,ʊmɪm,ʊmʊm
ʊm.ɪn,ʊm.ʊn,ʊmɪn,ʊmʊn
ʊm.ɪŋ,ʊm.ʊŋ,ʊmɪŋ,ʊmʊŋ
ʊm.ɪp,ʊm.ʊp,ʊmɪp,ʊmʊp
ʊm.ɪt,ʊm.ʊt,ʊmɪt,ʊmʊt
ʊm.ɪk,ʊm.ʊk,ʊmɪk,ʊmʊk
ʊm.ɪb,ʊm.ʊb,ʊmɪb,ʊmʊb
ʊm.ɪd,ʊm.ʊd,ʊmɪd,ʊmʊd
ʊm.ɪg,ʊm.ʊg,ʊmɪg,ʊmʊg
ʊm.ɪf,ʊm.ʊf,ʊmɪf,ʊmʊf
ʊm.ɪs,ʊm.ʊs,ʊmɪs,ʊmʊs
ʊm.ɪv,ʊm.ʊv,ʊmɪv,ʊmʊv
ʊm.ɪz,ʊm.ʊz,ʊmɪz,ʊmʊz
ʊm.ɪʃ,ʊm.ʊʃ,ʊmɪʃ,ʊmʊʃ
ʊm.ɪʒ,ʊm.ʊʒ,ʊmɪʒ,ʊmʊʒ
ʊm.ɪθ,ʊm.ʊθ,ʊmɪθ,ʊmʊθ
ʊm.ɪð,ʊm.ʊð,ʊmɪð,ʊmʊð
ʊm.ɛm,ʊm.ɔm,ʊmɛm,ʊmɔm
ʊm.ɛn,ʊm.ɔn,ʊmɛn,ʊmɔn
ʊm.ɛŋ,ʊm.ɔŋ,ʊmɛŋ,ʊmɔŋ
ʊm.ɛp,ʊm.ɔp,ʊmɛp,ʊmɔp
ʊm.ɛt,ʊm.ɔt,ʊmɛt,ʊmɔt
ʊm.ɛk,ʊm.ɔk,ʊmɛk,ʊmɔk
ʊm.ɛb,ʊm.ɔb,ʊmɛb,ʊmɔb
ʊm.ɛd,ʊm.ɔd,ʊmɛd,ʊmɔd
ʊm.ɛg,ʊm.ɔg,ʊmɛg,ʊmɔg
ʊm.ɛf,ʊm.ɔf,ʊmɛf,ʊmɔf
ʊm.ɛs,ʊm.ɔs,ʊmɛs,ʊmɔs
ʊm.ɛv,ʊm.ɔv,ʊmɛv,ʊmɔv
ʊm.ɛz,ʊm.ɔz,ʊmɛz,ʊmɔz
ʊm.ɛʃ,ʊm.ɔʃ,ʊmɛʃ,ʊmɔʃ
ʊm.ɛʒ,ʊm.ɔʒ,ʊmɛʒ,ʊmɔʒ
ʊm.ɛθ,ʊm.ɔθ,ʊmɛθ,ʊmɔθ
ʊm.ɛð,ʊm.ɔð,ʊmɛð,ʊmɔð
ʊm.ʊm,ʊm.ɪm,ʊmʊm,ʊmɪm
ʊm.ʊn,ʊm.ɪn,ʊmʊn,ʊmɪn
ʊm.ʊŋ,ʊm.ɪŋ,ʊmʊŋ,ʊmɪŋ
ʊm.ʊp,ʊm.ɪp,ʊmʊp,ʊmɪp
ʊm.ʊt,ʊm.ɪt,ʊmʊt,ʊmɪt
ʊm.ʊk,ʊm.ɪk,ʊmʊk,ʊmɪk
ʊm.ʊb,ʊm.ɪb,ʊmʊb,ʊmɪb
ʊm.ʊd,ʊm.ɪd,ʊmʊd,ʊmɪd
ʊm.ʊg,ʊm.ɪg,ʊmʊg,ʊmɪg
ʊm.ʊf,ʊm.ɪf,ʊmʊf,ʊmɪf
ʊm.ʊs,ʊm.ɪs,ʊmʊs,ʊmɪs
ʊm.ʊv,ʊm.ɪv,ʊmʊv,ʊmɪv
ʊm.ʊz,ʊm.ɪz,ʊmʊz,ʊmɪz
ʊm.ʊʃ,ʊm.ɪʃ,ʊmʊʃ,ʊmɪʃ
ʊm.ʊʒ,ʊm.ɪʒ,ʊmʊʒ,ʊmɪʒ
ʊm.ʊθ,ʊm.ɪθ,ʊmʊθ,ʊmɪθ
ʊm.ʊð,ʊm.ɪð,ʊmʊð,ʊmɪð
ʊm.ɔm,ʊm.ɛm,ʊmɔm,ʊmɛm
ʊm.ɔn,ʊm.ɛn,ʊmɔn,ʊmɛn
ʊm.ɔŋ,ʊm.ɛŋ,ʊmɔŋ,ʊmɛŋ
ʊm.ɔp,ʊm.ɛp,ʊmɔp,ʊmɛp
ʊm.ɔt,ʊm.ɛt,ʊmɔt,ʊmɛt
ʊm.ɔk,ʊm.ɛk,ʊmɔk,ʊmɛk
ʊm.ɔb,ʊm.ɛb,ʊmɔb,ʊmɛb
ʊm.ɔd,ʊm.ɛd,ʊmɔd,ʊmɛd
ʊm.ɔg,ʊm.ɛg,ʊmɔg,ʊmɛg
ʊm.ɔf,ʊm.ɛf,ʊmɔf,ʊmɛf
ʊm.ɔs,ʊm.ɛs,ʊmɔs,ʊmɛs
ʊm.ɔv,ʊm.ɛv,ʊmɔv,ʊmɛv
ʊm.ɔz,ʊm.ɛz,ʊmɔz,ʊmɛz
ʊm.ɔʃ,ʊm.ɛʃ,ʊmɔʃ,ʊmɛʃ
ʊm.ɔʒ,ʊm.ɛʒ,ʊmɔʒ,ʊmɛʒ
ʊm.ɔθ,ʊm.ɛθ,ʊmɔθ,ʊmɛθ
ʊm.ɔð,ʊm.ɛð,ʊmɔð,ʊmɛð
ʊn.ɪm,ʊn.ʊm,ʊnɪm,ʊnʊm
ʊn.ɪn,ʊn.ʊn,ʊnɪn,ʊnʊn
ʊn.ɪŋ,ʊn.ʊŋ,ʊnɪŋ,ʊnʊŋ
ʊn.ɪp,ʊn.ʊp,ʊnɪp,ʊnʊp
ʊn.ɪt,ʊn.ʊt,ʊnɪt,ʊnʊt
ʊn.ɪk,ʊn.ʊk,ʊnɪk,ʊnʊk
ʊn.ɪb,ʊn.ʊb,ʊnɪb,ʊnʊb
ʊn.ɪd,ʊn.ʊd,ʊnɪd,ʊnʊd
ʊn.ɪg,ʊn.ʊg,ʊnɪg,ʊnʊg
ʊn.ɪf,ʊn.ʊf,ʊnɪf,ʊnʊf
ʊn.ɪs,ʊn.ʊs,ʊnɪs,ʊnʊs
ʊn.ɪv,ʊn.ʊv,ʊnɪv,ʊnʊv
ʊn.ɪz,ʊn.ʊz,ʊnɪz,ʊnʊz
ʊn.ɪʃ,ʊn.ʊʃ,ʊnɪʃ,ʊnʊʃ
ʊn.ɪʒ,ʊn.ʊʒ,ʊnɪʒ,ʊnʊʒ
ʊn.ɪθ,ʊn.ʊθ,ʊnɪθ,ʊnʊθ
ʊn.ɪð,ʊn.ʊð,ʊnɪð,ʊnʊð
ʊn.ɛm,ʊn.ɔm,ʊnɛm,ʊnɔm
ʊn.ɛn,ʊn.ɔn,ʊnɛn,ʊnɔn
ʊn.ɛŋ,ʊn.ɔŋ,ʊnɛŋ,ʊnɔŋ
ʊn.ɛp,ʊn.ɔp,ʊnɛp,ʊnɔp
ʊn.ɛt,ʊn.ɔt,ʊnɛt,ʊnɔt
ʊn.ɛk,ʊn.ɔk,ʊnɛk,ʊnɔk
ʊn.ɛb,ʊn.ɔb,ʊnɛb,ʊnɔb
ʊn.ɛd,ʊn.ɔd,ʊnɛd,ʊnɔd
ʊn.ɛg,ʊn.ɔg,ʊnɛg,ʊnɔg
ʊn.ɛf,ʊn.ɔf,ʊnɛf,ʊnɔf
ʊn.ɛs,ʊn.ɔs,ʊnɛs,ʊnɔs
ʊn.ɛv,ʊn.ɔv,ʊnɛv,ʊnɔv
ʊn.ɛz,ʊn.ɔz,ʊnɛz,ʊnɔz
ʊn.ɛʃ,ʊn.ɔʃ,ʊnɛʃ,ʊnɔʃ
ʊn.ɛʒ,ʊn.ɔʒ,ʊnɛʒ,ʊnɔʒ
ʊn.ɛθ,ʊn.ɔθ,ʊnɛθ,ʊnɔθ
ʊn.ɛð,ʊn.ɔð,ʊnɛð,ʊnɔð
ʊn.ʊm,ʊn.ɪm,ʊnʊm,ʊnɪm
ʊn.ʊn,ʊn.ɪn,ʊnʊn,ʊnɪn
ʊn.ʊŋ,ʊn.ɪŋ,ʊnʊŋ,ʊnɪŋ
ʊn.ʊp,ʊn.ɪp,ʊnʊp,ʊnɪp
ʊn.ʊt,ʊn.ɪt,ʊnʊt,ʊnɪt
ʊn.ʊk,ʊn.ɪk,ʊnʊk,ʊnɪk
ʊn.ʊb,ʊn.ɪb,ʊnʊb,ʊnɪb
ʊn.ʊd,ʊn.ɪd,ʊnʊd,ʊnɪd
ʊn.ʊg,ʊn.ɪg,ʊnʊg,ʊnɪg
ʊn.ʊf,ʊn.ɪf,ʊnʊf,ʊnɪf
ʊn.ʊs,ʊn.ɪs,ʊnʊs,ʊnɪs
ʊn.ʊv,ʊn.ɪv,ʊnʊv,ʊnɪv
ʊn.ʊz,ʊn.ɪz,ʊnʊz,ʊnɪz
ʊn.ʊʃ,ʊn.ɪʃ,ʊnʊʃ,ʊnɪʃ
ʊn.ʊʒ,ʊn.ɪʒ,ʊnʊʒ,ʊnɪʒ
ʊn.ʊθ,ʊn.ɪθ,ʊnʊθ,ʊnɪθ
ʊn.ʊð,ʊn.ɪð,ʊnʊð,ʊnɪð
ʊn.ɔm,ʊn.ɛm,ʊnɔm,ʊnɛm
ʊn.ɔn,ʊn.ɛn,ʊnɔn,ʊnɛn
ʊn.ɔŋ,ʊn.ɛŋ,ʊnɔŋ,ʊnɛŋ
ʊn.ɔp,ʊn.ɛp,ʊnɔp,ʊnɛp
ʊn.ɔt,ʊn.ɛt,ʊnɔt,ʊnɛt
ʊn.ɔk,ʊn.ɛk,ʊnɔk,ʊnɛk
ʊn.ɔb,ʊn.ɛb,ʊnɔb,ʊnɛb
ʊn.ɔd,ʊn.ɛd,ʊnɔd,ʊnɛd
ʊn.ɔg,ʊn.ɛg,ʊnɔg,ʊnɛg
ʊn.ɔf,ʊn.ɛf,ʊnɔf,ʊnɛf
ʊn.ɔs,ʊn.ɛs,ʊnɔs,ʊnɛs
ʊn.ɔv,ʊn.ɛv,ʊnɔv,ʊnɛv
ʊn.ɔz,ʊn.ɛz,ʊnɔz,ʊnɛz
ʊn.ɔʃ,ʊn.ɛʃ,ʊnɔʃ,ʊnɛʃ
ʊn.ɔʒ,ʊn.ɛʒ,ʊnɔʒ,ʊnɛʒ
ʊn.ɔθ,ʊn.ɛθ,ʊnɔθ,ʊnɛθ
ʊn.ɔð,ʊn.ɛð,ʊnɔð,ʊnɛð
ʊŋ.ɪm,ʊŋ.ʊm,ʊŋɪm,ʊŋʊm
ʊŋ.ɪn,ʊŋ.ʊn,ʊŋɪn,ʊŋʊn
ʊŋ.ɪŋ,ʊŋ.ʊŋ,ʊŋɪŋ,ʊŋʊŋ
ʊŋ.ɪp,ʊŋ.ʊp,ʊŋɪp,ʊŋʊp
ʊŋ.ɪt,ʊŋ.ʊt,ʊŋɪt,ʊŋʊt
ʊŋ.ɪk,ʊŋ.ʊk,ʊŋɪk,ʊŋʊk
ʊŋ.ɪb,ʊŋ.ʊb,ʊŋɪb,ʊŋʊb
ʊŋ.ɪd,ʊŋ.ʊd,ʊŋɪd,ʊŋʊd
ʊŋ.ɪg,ʊŋ.ʊg,ʊŋɪg,ʊŋʊg
ʊŋ.ɪf,ʊŋ.ʊf,ʊŋɪf,ʊŋʊf
ʊŋ.ɪs,ʊŋ.ʊs,ʊŋɪs,ʊŋʊs
ʊŋ.ɪv,ʊŋ.ʊv,ʊŋɪv,ʊŋʊv
ʊŋ.ɪz,ʊŋ.ʊz,ʊŋɪz,ʊŋʊz
ʊŋ.ɪʃ,ʊŋ.ʊʃ,ʊŋɪʃ,ʊŋʊʃ
ʊŋ.ɪʒ,ʊŋ.ʊʒ,ʊŋɪʒ,ʊŋʊʒ
ʊŋ.ɪθ,ʊŋ.ʊθ,ʊŋɪθ,ʊŋʊθ
ʊŋ.ɪð,ʊŋ.ʊð,ʊŋɪð,ʊŋʊð
ʊŋ.ɛm,ʊŋ.ɔm,ʊŋɛm,ʊŋɔm
ʊŋ.ɛn,ʊŋ.ɔn,ʊŋɛn,ʊŋɔn
ʊŋ.ɛŋ,ʊŋ.ɔŋ,ʊŋɛŋ,ʊŋɔŋ
ʊŋ.ɛp,ʊŋ.ɔp,ʊŋɛp,ʊŋɔp
ʊŋ.ɛt,ʊŋ.ɔt,ʊŋɛt,ʊŋɔt
ʊŋ.ɛk,ʊŋ.ɔk,ʊŋɛk,ʊŋɔk
ʊŋ.ɛb,ʊŋ.ɔb,ʊŋɛb,ʊŋɔb
ʊŋ.ɛd,ʊŋ.ɔd,ʊŋɛd,ʊŋɔd
ʊŋ.ɛg,ʊŋ.ɔg,ʊŋɛg,ʊŋɔg
ʊŋ.ɛf,ʊŋ.ɔf,ʊŋɛf,ʊŋɔf
ʊŋ.ɛs,ʊŋ.ɔs,ʊŋɛs,ʊŋɔs
ʊŋ.ɛv,ʊŋ.ɔv,ʊŋɛv,ʊŋɔv
ʊŋ.ɛz,ʊŋ.ɔz,ʊŋɛz,ʊŋɔz
ʊŋ.ɛʃ,ʊŋ.ɔʃ,ʊŋɛʃ,ʊŋɔʃ
ʊŋ.ɛʒ,ʊŋ.ɔʒ,ʊŋɛʒ,ʊŋɔʒ
ʊŋ.ɛθ,ʊŋ.ɔθ,ʊŋɛθ,ʊŋɔθ
ʊŋ.ɛð,ʊŋ.ɔð,ʊŋɛð,ʊŋɔð
ʊŋ.ʊm,ʊŋ.ɪm,ʊŋʊm,ʊŋɪm
ʊŋ.ʊn,ʊŋ.ɪn,ʊŋʊn,ʊŋɪn
ʊŋ.ʊŋ,ʊŋ.ɪŋ,ʊŋʊŋ,ʊŋɪŋ
ʊŋ.ʊp,ʊŋ.ɪp,ʊŋʊp,ʊŋɪp
ʊŋ.ʊt,ʊŋ.ɪt,ʊŋʊt,ʊŋɪt
ʊŋ.ʊk,ʊŋ.ɪk,ʊŋʊk,ʊŋɪk
ʊŋ.ʊb,ʊŋ.ɪb,ʊŋʊb,ʊŋɪb
ʊŋ.ʊd,ʊŋ.ɪd,ʊŋʊd,ʊŋɪd
ʊŋ.ʊg,ʊŋ.ɪg,ʊŋʊg,ʊŋɪg
ʊŋ.ʊf,ʊŋ.ɪf,ʊŋʊf,ʊŋɪf
ʊŋ.ʊs,ʊŋ.ɪs,ʊŋʊs,ʊŋɪs
ʊŋ.ʊv,ʊŋ.ɪv,ʊŋʊv,ʊŋɪv
ʊŋ.ʊz,ʊŋ.ɪz,ʊŋʊz,ʊŋɪz
ʊŋ.ʊʃ,ʊŋ.ɪʃ,ʊŋʊʃ,ʊŋɪʃ
ʊŋ.ʊʒ,ʊŋ.ɪʒ,ʊŋʊʒ,ʊŋɪʒ
ʊŋ.ʊθ,ʊŋ.ɪθ,ʊŋʊθ,ʊŋɪθ
ʊŋ.ʊð,ʊŋ.ɪð,ʊŋʊð,ʊŋɪð
ʊŋ.ɔm,ʊŋ.ɛm,ʊŋɔm,ʊŋɛm
ʊŋ.ɔn,ʊŋ.ɛn,ʊŋɔn,ʊŋɛn
ʊŋ.ɔŋ,ʊŋ.ɛŋ,ʊŋɔŋ,ʊŋɛŋ
ʊŋ.ɔp,ʊŋ.ɛp,ʊŋɔp,ʊŋɛp
ʊŋ.ɔt,ʊŋ.ɛt,ʊŋɔt,ʊŋɛt
ʊŋ.ɔk,ʊŋ.ɛk,ʊŋɔk,ʊŋɛk
ʊŋ.ɔb,ʊŋ.ɛb,ʊŋɔb,ʊŋɛb
ʊŋ.ɔd,ʊŋ.ɛd,ʊŋɔd,ʊŋɛd
ʊŋ.ɔg,ʊŋ.ɛg,ʊŋɔg,ʊŋɛg
ʊŋ.ɔf,ʊŋ.ɛf,ʊŋɔf,ʊŋɛf
ʊŋ.ɔs,ʊŋ.ɛs,ʊŋɔs,ʊŋɛs
ʊŋ.ɔv,ʊŋ.ɛv,ʊŋɔv,ʊŋɛv
ʊŋ.ɔz,ʊŋ.ɛz,ʊŋɔz,ʊŋɛz
ʊŋ.ɔʃ,ʊŋ.ɛʃ,ʊŋɔʃ,ʊŋɛʃ
ʊŋ.ɔʒ,ʊŋ.ɛʒ,ʊŋɔʒ,ʊŋɛʒ
ʊŋ.ɔθ,ʊŋ.ɛθ,ʊŋɔθ,ʊŋɛθ
ʊŋ.ɔð,ʊŋ.ɛð,ʊŋɔð,ʊŋɛð
ʊp.ɪm,ʊp.ʊm,ʊpɪm,ʊpʊm
ʊp.ɪn,ʊp.ʊn,ʊpɪn,ʊpʊn
ʊp.ɪŋ,ʊp.ʊŋ,ʊpɪŋ,ʊpʊŋ
ʊp.ɪp,ʊp.ʊp,ʊpɪp,ʊpʊp
ʊp.ɪt,ʊp.ʊt,ʊpɪt,ʊpʊt
ʊp.ɪk,ʊp.ʊk,ʊpɪk,ʊpʊk
ʊp.ɪb,ʊp.ʊb,ʊpɪb,ʊpʊb
ʊp.ɪd,ʊp.ʊd,ʊpɪd,ʊpʊd
ʊp.ɪg,ʊp.ʊg,ʊpɪg,ʊpʊg
ʊp.ɪf,ʊp.ʊf,ʊpɪf,ʊpʊf
ʊp.ɪs,ʊp.ʊs,ʊpɪs,ʊpʊs
ʊp.ɪv,ʊp.ʊv,ʊpɪv,ʊpʊv
ʊp.ɪz,ʊp.ʊz,ʊpɪz,ʊpʊz
ʊp.ɪʃ,ʊp.ʊʃ,ʊpɪʃ,ʊpʊʃ
ʊp.ɪʒ,ʊp.ʊʒ,ʊpɪʒ,ʊpʊʒ
ʊp.ɪθ,ʊp.ʊθ,ʊpɪθ,ʊpʊθ
ʊp.ɪð,ʊp.ʊð,ʊpɪð,ʊpʊð
ʊp.ɛm,ʊp.ɔm,ʊpɛm,ʊpɔm
ʊp.ɛn,ʊp.ɔn,ʊpɛn,ʊpɔn
ʊp.ɛŋ,ʊp.ɔŋ,ʊpɛŋ,ʊpɔŋ
ʊp.ɛp,ʊp.ɔp,ʊpɛp,ʊpɔp
ʊp.ɛt,ʊp.ɔt,ʊpɛt,ʊpɔt
ʊp.ɛk,ʊp.ɔk,ʊpɛk,ʊpɔk
ʊp.ɛb,ʊp.ɔb,ʊpɛb,ʊpɔb
ʊp.ɛd,ʊp.ɔd,ʊpɛd,ʊpɔd
ʊp.ɛg,ʊp.ɔg,ʊpɛg,ʊpɔg
ʊp.ɛf,ʊp.ɔf,ʊpɛf,ʊpɔf
ʊp.ɛs,ʊp.ɔs,ʊpɛs,ʊpɔs
ʊp.ɛv,ʊp.ɔv,ʊpɛv,ʊpɔv
ʊp.ɛz,ʊp.ɔz,ʊpɛz,ʊpɔz
ʊp.ɛʃ,ʊp.ɔʃ,ʊpɛʃ,ʊpɔʃ
ʊp.ɛʒ,ʊp.ɔʒ,ʊpɛʒ,ʊpɔʒ
ʊp.ɛθ,ʊp.ɔθ,ʊpɛθ,ʊpɔθ
ʊp.ɛð,ʊp.ɔð,ʊpɛð,ʊpɔð
ʊp.ʊm,ʊp.ɪm,ʊpʊm,ʊpɪm
ʊp.ʊn,ʊp.ɪn,ʊpʊn,ʊpɪn
ʊp.ʊŋ,ʊp.ɪŋ,ʊpʊŋ,ʊpɪŋ
ʊp.ʊp,ʊp.ɪp,ʊpʊp,ʊpɪp
ʊp.ʊt,ʊp.ɪt,ʊpʊt,ʊpɪt
ʊp.ʊk,ʊp.ɪk,ʊpʊk,ʊpɪk
ʊp.ʊb,ʊp.ɪb,ʊpʊb,ʊpɪb
ʊp.ʊd,ʊp.ɪd,ʊpʊd,ʊpɪd
ʊp.ʊg,ʊp.ɪg,ʊpʊg,ʊpɪg
ʊp.ʊf,ʊp.ɪf,ʊpʊf,ʊpɪf
ʊp.ʊs,ʊp.ɪs,ʊpʊs,ʊpɪs
ʊp.ʊv,ʊp.ɪv,ʊpʊv,ʊpɪv
ʊp.ʊz,ʊp.ɪz,ʊpʊz,ʊpɪz
ʊp.ʊʃ,ʊp.ɪʃ,ʊpʊʃ,ʊpɪʃ
ʊp.ʊʒ,ʊp.ɪʒ,ʊpʊʒ,ʊpɪʒ
ʊp.ʊθ,ʊp.ɪθ,ʊpʊθ,ʊpɪθ
ʊp.ʊð,ʊp.ɪð,ʊpʊð,ʊpɪð
ʊp.ɔm,ʊp.ɛm,ʊpɔm,ʊpɛm
ʊp.ɔn,ʊp.ɛn,ʊpɔn,ʊpɛn
ʊp.ɔŋ,ʊp.ɛŋ,ʊpɔŋ,ʊpɛŋ
ʊp.ɔp,ʊp.ɛp,ʊpɔp,ʊpɛp
ʊp.ɔt,ʊp.ɛt,ʊpɔt,ʊpɛt
ʊp.ɔk,ʊp.ɛk,ʊpɔk,ʊpɛk
ʊp.ɔb,ʊp.ɛb,ʊpɔb,ʊpɛb
ʊp.ɔd,ʊp.ɛd,ʊpɔd,ʊpɛd
ʊp.ɔg,ʊp.ɛg,ʊpɔg,ʊpɛg
ʊp.ɔf,ʊp.ɛf,ʊpɔf,ʊpɛf
ʊp.ɔs,ʊp.ɛs,ʊpɔs,ʊpɛs
ʊp.ɔv,ʊp.ɛv,ʊpɔv,ʊpɛv
ʊp.ɔz,ʊp.ɛz,ʊpɔz,ʊpɛz
ʊp.ɔʃ,ʊp.ɛʃ,ʊpɔʃ,ʊpɛʃ
ʊp.ɔʒ,ʊp.ɛʒ,ʊpɔʒ,ʊpɛʒ
ʊp.ɔθ,ʊp.ɛθ,ʊpɔθ,ʊpɛθ
ʊp.ɔð,ʊp.ɛð,ʊpɔð,ʊpɛð
ʊt.ɪm,ʊt.ʊm,ʊtɪm,ʊtʊm
ʊt.ɪn,ʊt.ʊn,ʊtɪn,ʊtʊn
ʊt.ɪŋ,ʊt.ʊŋ,ʊtɪŋ,ʊtʊŋ
ʊt.ɪp,ʊt.ʊp,ʊtɪp,ʊtʊp
ʊt.ɪt,ʊt.ʊt,ʊtɪt,ʊtʊt
ʊt.ɪk,ʊt.ʊk,ʊtɪk,ʊtʊk
ʊt.ɪb,ʊt.ʊb,ʊtɪb,ʊtʊb
ʊt.ɪd,ʊt.ʊd,ʊtɪd,ʊtʊd
ʊt.ɪg,ʊt.ʊg,ʊtɪg,ʊtʊg
ʊt.ɪf,ʊt.ʊf,ʊtɪf,ʊtʊf
ʊt.ɪs,ʊt.ʊs,ʊtɪs,ʊtʊs
ʊt.ɪv,ʊt.ʊv,ʊtɪv,ʊtʊv
ʊt.ɪz,ʊt.ʊz,ʊtɪz,ʊtʊz
ʊt.ɪʃ,ʊt.ʊʃ,ʊtɪʃ,ʊtʊʃ
ʊt.ɪʒ,ʊt.ʊʒ,ʊtɪʒ,ʊtʊʒ
ʊt.ɪθ,ʊt.ʊθ,ʊtɪθ,ʊtʊθ
ʊt.ɪð,ʊt.ʊð,ʊtɪð,ʊtʊð
ʊt.ɛm,ʊt.ɔm,ʊtɛm,ʊtɔm
ʊt.ɛn,ʊt.ɔn,ʊtɛn,ʊtɔn
ʊt.ɛŋ,ʊt.ɔŋ,ʊtɛŋ,ʊtɔŋ
ʊt.ɛp,ʊt.ɔp,ʊtɛp,ʊtɔp
ʊt.ɛt,ʊt.ɔt,ʊtɛt,ʊtɔt
ʊt.ɛk,ʊt.ɔk,ʊtɛk,ʊtɔk
ʊt.ɛb,ʊt.ɔb,ʊtɛb,ʊtɔb
ʊt.ɛd,ʊt.ɔd,ʊtɛd,ʊtɔd
ʊt.ɛg,ʊt.ɔg,ʊtɛg,ʊtɔg
ʊt.ɛf,ʊt.ɔf,ʊtɛf,ʊtɔf
ʊt.ɛs,ʊt.ɔs,ʊtɛs,ʊtɔs
ʊt.ɛv,ʊt.ɔv,ʊtɛv,ʊtɔv
ʊt.ɛz,ʊt.ɔz,ʊtɛz,ʊtɔz
ʊt.ɛʃ,ʊt.ɔʃ,ʊtɛʃ,ʊtɔʃ
ʊt.ɛʒ,ʊt.ɔʒ,ʊtɛʒ,ʊtɔʒ
ʊt.ɛθ,ʊt.ɔθ,ʊtɛθ,ʊtɔθ
ʊt.ɛð,ʊt.ɔð,ʊtɛð,ʊtɔð
ʊt.ʊm,ʊt.ɪm,ʊtʊm,ʊtɪm
ʊt.ʊn,ʊt.ɪn,ʊtʊn,ʊtɪn
ʊt.ʊŋ,ʊt.ɪŋ,ʊtʊŋ,ʊtɪŋ
ʊt.ʊp,ʊt.ɪp,ʊtʊp,ʊtɪp
ʊt.ʊt,ʊt.ɪt,ʊtʊt,ʊtɪt
ʊt.ʊk,ʊt.ɪk,ʊtʊk,ʊtɪk
ʊt.ʊb,ʊt.ɪb,ʊtʊb,ʊtɪb
ʊt.ʊd,ʊt.ɪd,ʊtʊd,ʊtɪd
ʊt.ʊg,ʊt.ɪg,ʊtʊg,ʊtɪg
ʊt.ʊf,ʊt.ɪf,ʊtʊf,ʊtɪf
ʊt.ʊs,ʊt.ɪs,ʊtʊs,ʊtɪs
ʊt.ʊv,ʊt.ɪv,ʊtʊv,ʊtɪv
ʊt.ʊz,ʊt.ɪz,ʊtʊz,ʊtɪz
ʊt.ʊʃ,ʊt.ɪʃ,ʊtʊʃ,ʊtɪʃ
ʊt.ʊʒ,ʊt.ɪʒ,ʊtʊʒ,ʊtɪʒ
ʊt.ʊθ,ʊt.ɪθ,ʊtʊθ,ʊtɪθ
ʊt.ʊð,ʊt.ɪð,ʊtʊð,ʊtɪð
ʊt.ɔm,ʊt.ɛm,ʊtɔm,ʊtɛm
ʊt.ɔn,ʊt.ɛn,ʊtɔn,ʊtɛn
ʊt.ɔŋ,ʊt.ɛŋ,ʊtɔŋ,ʊtɛŋ
ʊt.ɔp,ʊt.ɛp,ʊtɔp,ʊtɛp
ʊt.ɔt,ʊt.ɛt,ʊtɔt,ʊtɛt
ʊt.ɔk,ʊt.ɛk,ʊtɔk,ʊtɛk
ʊt.ɔb,ʊt.ɛb,ʊtɔb,ʊtɛb
ʊt.ɔd,ʊt.ɛd,ʊtɔd,ʊtɛd
ʊt.ɔg,ʊt.ɛg,ʊtɔg,ʊtɛg
ʊt.ɔf,ʊt.ɛf,ʊtɔf,ʊtɛf
ʊt.ɔs,ʊt.ɛs,ʊtɔs,ʊtɛs
ʊt.ɔv,ʊt.ɛv,ʊtɔv,ʊtɛv
ʊt.ɔz,ʊt.ɛz,ʊtɔz,ʊtɛz
ʊt.ɔʃ,ʊt.ɛʃ,ʊtɔʃ,ʊtɛʃ
ʊt.ɔʒ,ʊt.ɛʒ,ʊtɔʒ,ʊtɛʒ
ʊt.ɔθ,ʊt.ɛθ,ʊtɔθ,ʊtɛθ
ʊt.ɔð,ʊt.ɛð,ʊtɔð,ʊtɛð
ʊk.ɪm,ʊk.ʊm,ʊkɪm,ʊkʊm
ʊk.ɪn,ʊk.ʊn,ʊkɪn,ʊkʊn
ʊk.ɪŋ,ʊk.ʊŋ,ʊkɪŋ,ʊkʊŋ
ʊk.ɪp,ʊk.ʊp,ʊkɪp,ʊkʊp
ʊk.ɪt,ʊk.ʊt,ʊkɪt,ʊkʊt
ʊk.ɪk,ʊk.ʊk,ʊkɪk,ʊkʊk
ʊk.ɪb,ʊk.ʊb,ʊkɪb,ʊkʊb
ʊk.ɪd,ʊk.ʊd,ʊkɪd,ʊkʊd
ʊk.ɪg,ʊk.ʊg,ʊkɪg,ʊkʊg
ʊk.ɪf,ʊk.ʊf,ʊkɪf,ʊkʊf
ʊk.ɪs,ʊk.ʊs,ʊkɪs,ʊkʊs
ʊk.ɪv,ʊk.ʊv,ʊkɪv,ʊkʊv
ʊk.ɪz,ʊk.ʊz,ʊkɪz,ʊkʊz
ʊk.ɪʃ,ʊk.ʊʃ,ʊkɪʃ,ʊkʊʃ
ʊk.ɪʒ,ʊk.ʊʒ,ʊkɪʒ,ʊkʊʒ
ʊk.ɪθ,ʊk.ʊθ,ʊkɪθ,ʊkʊθ
ʊk.ɪð,ʊk.ʊð,ʊkɪð,ʊkʊð
ʊk.ɛm,ʊk.ɔm,ʊkɛm,ʊkɔm
ʊk.ɛn,ʊk.ɔn,ʊkɛn,ʊkɔn
ʊk.ɛŋ,ʊk.ɔŋ,ʊkɛŋ,ʊkɔŋ
ʊk.ɛp,ʊk.ɔp,ʊkɛp,ʊkɔp
ʊk.ɛt,ʊk.ɔt,ʊkɛt,ʊkɔt
ʊk.ɛk,ʊk.ɔk,ʊkɛk,ʊkɔk
ʊk.ɛb,ʊk.ɔb,ʊkɛb,ʊkɔb
ʊk.ɛd,ʊk.ɔd,ʊkɛd,ʊkɔd
ʊk.ɛg,ʊk.ɔg,ʊkɛg,ʊkɔg
ʊk.ɛf,ʊk.ɔf,ʊkɛf,ʊkɔf
ʊk.ɛs,ʊk.ɔs,ʊkɛs,ʊkɔs
ʊk.ɛv,ʊk.ɔv,ʊkɛv,ʊkɔv
ʊk.ɛz,ʊk.ɔz,ʊkɛz,ʊkɔz
ʊk.ɛʃ,ʊk.ɔʃ,ʊkɛʃ,ʊkɔʃ
ʊk.ɛʒ,ʊk.ɔʒ,ʊkɛʒ,ʊkɔʒ
ʊk.ɛθ,ʊk.ɔθ,ʊkɛθ,ʊkɔθ
ʊk.ɛð,ʊk.ɔð,ʊkɛð,ʊkɔð
ʊk.ʊm,ʊk.ɪm,ʊkʊm,ʊkɪm
ʊk.ʊn,ʊk.ɪn,ʊkʊn,ʊkɪn
ʊk.ʊŋ,ʊk.ɪŋ,ʊkʊŋ,ʊkɪŋ
ʊk.ʊp,ʊk.ɪp,ʊkʊp,ʊkɪp
ʊk.ʊt,ʊk.ɪt,ʊkʊt,ʊkɪt
ʊk.ʊk,ʊk.ɪk,ʊkʊk,ʊkɪk
ʊk.ʊb,ʊk.ɪb,ʊkʊb,ʊkɪb
ʊk.ʊd,ʊk.ɪd,ʊkʊd,ʊkɪd
ʊk.ʊg,ʊk.ɪg,ʊkʊg,ʊkɪg
ʊk.ʊf,ʊk.ɪf,ʊkʊf,ʊkɪf
ʊk.ʊs,ʊk.ɪs,ʊkʊs,ʊkɪs
ʊk.ʊv,ʊk.ɪv,ʊkʊv,ʊkɪv
ʊk.ʊz,ʊk.ɪz,ʊkʊz,ʊkɪz
ʊk.ʊʃ,ʊk.ɪʃ,ʊkʊʃ,ʊkɪʃ
ʊk.ʊʒ,ʊk.ɪʒ,ʊkʊʒ,ʊkɪʒ
ʊk.ʊθ,ʊk.ɪθ,ʊkʊθ,ʊkɪθ
ʊk.ʊð,ʊk.ɪð,ʊkʊð,ʊkɪð
ʊk.ɔm,ʊk.ɛm,ʊkɔm,ʊkɛm
ʊk.ɔn,ʊk.ɛn,ʊkɔn,ʊkɛn
ʊk.ɔŋ,ʊk.ɛŋ,ʊkɔŋ,ʊkɛŋ
ʊk.ɔp,ʊk.ɛp,ʊkɔp,ʊkɛp
ʊk.ɔt,ʊk.ɛt,ʊkɔt,ʊkɛt
ʊk.ɔk,ʊk.ɛk,ʊkɔk,ʊkɛk
ʊk.ɔb,ʊk.ɛb,ʊkɔb,ʊkɛb
ʊk.ɔd,ʊk.ɛd,ʊkɔd,ʊkɛd
ʊk.ɔg,ʊk.ɛg,ʊkɔg,ʊkɛg
ʊk.ɔf,ʊk.ɛf,ʊkɔf,ʊkɛf
ʊk.ɔs,ʊk.ɛs,ʊkɔs,ʊkɛs
ʊk.ɔv,ʊk.ɛv,ʊkɔv,ʊkɛv
ʊk.ɔz,ʊk.ɛz,ʊkɔz,ʊkɛz
ʊk.ɔʃ,ʊk.ɛʃ,ʊkɔʃ,ʊkɛʃ
ʊk.ɔʒ,ʊk.ɛʒ,ʊkɔʒ,ʊkɛʒ
ʊk.ɔθ,ʊk.ɛθ,ʊkɔθ,ʊkɛθ
ʊk.ɔð,ʊk.ɛð,ʊkɔð,ʊkɛð
ʊb.ɪm,ʊb.ʊm,ʊbɪm,ʊbʊm
ʊb.ɪn,ʊb.ʊn,ʊbɪn,ʊbʊn
ʊb.ɪŋ,ʊb.ʊŋ,ʊbɪŋ,ʊbʊŋ
ʊb.ɪp,ʊb.ʊp,ʊbɪp,ʊbʊp
ʊb.ɪt,ʊb.ʊt,ʊbɪt,ʊbʊt
ʊb.ɪk,ʊb.ʊk,ʊbɪk,ʊbʊk
ʊb.ɪb,ʊb.ʊb,ʊbɪb,ʊbʊb
ʊb.ɪd,ʊb.ʊd,ʊbɪd,ʊbʊd
ʊb.ɪg,ʊb.ʊg,ʊbɪg,ʊbʊg
ʊb.ɪf,ʊb.ʊf,ʊbɪf,ʊbʊf
ʊb.ɪs,ʊb.ʊs,ʊbɪs,ʊbʊs
ʊb.ɪv,ʊb.ʊv,ʊbɪv,ʊbʊv
ʊb.ɪz,ʊb.ʊz,ʊbɪz,ʊbʊz
ʊb.ɪʃ,ʊb.ʊʃ,ʊbɪʃ,ʊbʊʃ
ʊb.ɪʒ,ʊb.ʊʒ,ʊbɪʒ,ʊbʊʒ
ʊb.ɪθ,ʊb.ʊθ,ʊbɪθ,ʊbʊθ
ʊb.ɪð,ʊb.ʊð,ʊbɪð,ʊbʊð
ʊb.ɛm,ʊb.ɔm,ʊbɛm,ʊbɔm
ʊb.ɛn,ʊb.ɔn,ʊbɛn,ʊbɔn
ʊb.ɛŋ,ʊb.ɔŋ,ʊbɛŋ,ʊbɔŋ
ʊb.ɛp,ʊb.ɔp,ʊbɛp,ʊbɔp
ʊb.ɛt,ʊb.ɔt,ʊbɛt,ʊbɔt
ʊb.ɛk,ʊb.ɔk,ʊbɛk,ʊbɔk
ʊb.ɛb,ʊb.ɔb,ʊbɛb,ʊbɔb
ʊb.ɛd,ʊb.ɔd,ʊbɛd,ʊbɔd
ʊb.ɛg,ʊb.ɔg,ʊbɛg,ʊbɔg
ʊb.ɛf,ʊb.ɔf,ʊbɛf,ʊbɔf
ʊb.ɛs,ʊb.ɔs,ʊbɛs,ʊbɔs
ʊb.ɛv,ʊb.ɔv,ʊbɛv,ʊbɔv
ʊb.ɛz,ʊb.ɔz,ʊbɛz,ʊbɔz
ʊb.ɛʃ,ʊb.ɔʃ,ʊbɛʃ,ʊbɔʃ
ʊb.ɛʒ,ʊb.ɔʒ,ʊbɛʒ,ʊbɔʒ
ʊb.ɛθ,ʊb.ɔθ,ʊbɛθ,ʊbɔθ
ʊb.ɛð,ʊb.ɔð,ʊbɛð,ʊbɔð
ʊb.ʊm,ʊb.ɪm,ʊbʊm,ʊbɪm
ʊb.ʊn,ʊb.ɪn,ʊbʊn,ʊbɪn
ʊb.ʊŋ,ʊb.ɪŋ,ʊbʊŋ,ʊbɪŋ
ʊb.ʊp,ʊb.ɪp,ʊbʊp,ʊbɪp
ʊb.ʊt,ʊb.ɪt,ʊbʊt,ʊbɪt
ʊb.ʊk,ʊb.ɪk,ʊbʊk,ʊbɪk
ʊb.ʊb,ʊb.ɪb,ʊbʊb,ʊbɪb
ʊb.ʊd,ʊb.ɪd,ʊbʊd,ʊbɪd
ʊb.ʊg,ʊb.ɪg,ʊbʊg,ʊbɪg
ʊb.ʊf,ʊb.ɪf,ʊbʊf,ʊbɪf
ʊb.ʊs,ʊb.ɪs,ʊbʊs,ʊbɪs
ʊb.ʊv,ʊb.ɪv,ʊbʊv,ʊbɪv
ʊb.ʊz,ʊb.ɪz,ʊbʊz,ʊbɪz
ʊb.ʊʃ,ʊb.ɪʃ,ʊbʊʃ,ʊbɪʃ
ʊb.ʊʒ,ʊb.ɪʒ,ʊbʊʒ,ʊbɪʒ
ʊb.ʊθ,ʊb.ɪθ,ʊbʊθ,ʊbɪθ
ʊb.ʊð,ʊb.ɪð,ʊbʊð,ʊbɪð
ʊb.ɔm,ʊb.ɛm,ʊbɔm,ʊbɛm
ʊb.ɔn,ʊb.ɛn,ʊbɔn,ʊbɛn
ʊb.ɔŋ,ʊb.ɛŋ,ʊbɔŋ,ʊbɛŋ
ʊb.ɔp,ʊb.ɛp,ʊbɔp,ʊbɛp
ʊb.ɔt,ʊb.ɛt,ʊbɔt,ʊbɛt
ʊb.ɔk,ʊb.ɛk,ʊbɔk,ʊbɛk
ʊb.ɔb,ʊb.ɛb,ʊbɔb,ʊbɛb
ʊb.ɔd,ʊb.ɛd,ʊbɔd,ʊbɛd
ʊb.ɔg,ʊb.ɛg,ʊbɔg,ʊbɛg
ʊb.ɔf,ʊb.ɛf,ʊbɔf,ʊbɛf
ʊb.ɔs,ʊb.ɛs,ʊbɔs,ʊbɛs
ʊb.ɔv,ʊb.ɛv,ʊbɔv,ʊbɛv
ʊb.ɔz,ʊb.ɛz,ʊbɔz,ʊbɛz
ʊb.ɔʃ,ʊb.ɛʃ,ʊbɔʃ,ʊbɛʃ
ʊb.ɔʒ,ʊb.ɛʒ,ʊbɔʒ,ʊbɛʒ
ʊb.ɔθ,ʊb.ɛθ,ʊbɔθ,ʊbɛθ
ʊb.ɔð,ʊb.ɛð,ʊbɔð,ʊbɛð
ʊd.ɪm,ʊd.ʊm,ʊdɪm,ʊdʊm
ʊd.ɪn,ʊd.ʊn,ʊdɪn,ʊdʊn
ʊd.ɪŋ,ʊd.ʊŋ,ʊdɪŋ,ʊdʊŋ
ʊd.ɪp,ʊd.ʊp,ʊdɪp,ʊdʊp
ʊd.ɪt,ʊd.ʊt,ʊdɪt,ʊdʊt
ʊd.ɪk,ʊd.ʊk,ʊdɪk,ʊdʊk
ʊd.ɪb,ʊd.ʊb,ʊdɪb,ʊdʊb
ʊd.ɪd,ʊd.ʊd,ʊdɪd,ʊdʊd
ʊd.ɪg,ʊd.ʊg,ʊdɪg,ʊdʊg
ʊd.ɪf,ʊd.ʊf,ʊdɪf,ʊdʊf
ʊd.ɪs,ʊd.ʊs,ʊdɪs,ʊdʊs
ʊd.ɪv,ʊd.ʊv,ʊdɪv,ʊdʊv
ʊd.ɪz,ʊd.ʊz,ʊdɪz,ʊdʊz
ʊd.ɪʃ,ʊd.ʊʃ,ʊdɪʃ,ʊdʊʃ
ʊd.ɪʒ,ʊd.ʊʒ,ʊdɪʒ,ʊdʊʒ
ʊd.ɪθ,ʊd.ʊθ,ʊdɪθ,ʊdʊθ
ʊd.ɪð,ʊd.ʊð,ʊdɪð,ʊdʊð
ʊd.ɛm,ʊd.ɔm,ʊdɛm,ʊdɔm
ʊd.ɛn,ʊd.ɔn,ʊdɛn,ʊdɔn
ʊd.ɛŋ,ʊd.ɔŋ,ʊdɛŋ,ʊdɔŋ
ʊd.ɛp,ʊd.ɔp,ʊdɛp,ʊdɔp
ʊd.ɛt,ʊd.ɔt,ʊdɛt,ʊdɔt
ʊd.ɛk,ʊd.ɔk,ʊdɛk,ʊdɔk
ʊd.ɛb,ʊd.ɔb,ʊdɛb,ʊdɔb
ʊd.ɛd,ʊd.ɔd,ʊdɛd,ʊdɔd
ʊd.ɛg,ʊd.ɔg,ʊdɛg,ʊdɔg
ʊd.ɛf,ʊd.ɔf,ʊdɛf,ʊdɔf
ʊd.ɛs,ʊd.ɔs,ʊdɛs,ʊdɔs
ʊd.ɛv,ʊd.ɔv,ʊdɛv,ʊdɔv
ʊd.ɛz,ʊd.ɔz,ʊdɛz,ʊdɔz
ʊd.ɛʃ,ʊd.ɔʃ,ʊdɛʃ,ʊdɔʃ
ʊd.ɛʒ,ʊd.ɔʒ,ʊdɛʒ,ʊdɔʒ
ʊd.ɛθ,ʊd.ɔθ,ʊdɛθ,ʊdɔθ
ʊd.ɛð,ʊd.ɔð,ʊdɛð,ʊdɔð
ʊd.ʊm,ʊd.ɪm,ʊdʊm,ʊdɪm
ʊd.ʊn,ʊd.ɪn,ʊdʊn,ʊdɪn
ʊd.ʊŋ,ʊd.ɪŋ,ʊdʊŋ,ʊdɪŋ
ʊd.ʊp,ʊd.ɪp,ʊdʊp,ʊdɪp
ʊd.ʊt,ʊd.ɪt,ʊdʊt,ʊdɪt
ʊd.ʊk,ʊd.ɪk,ʊdʊk,ʊdɪk
ʊd.ʊb,ʊd.ɪb,ʊdʊb,ʊdɪb
ʊd.ʊd,ʊd.ɪd,ʊdʊd,ʊdɪd
ʊd.ʊg,ʊd.ɪg,ʊdʊg,ʊdɪg
ʊd.ʊf,ʊd.ɪf,ʊdʊf,ʊdɪf
ʊd.ʊs,ʊd.ɪs,ʊdʊs,ʊdɪs
ʊd.ʊv,ʊd.ɪv,ʊdʊv,ʊdɪv
ʊd.ʊz,ʊd.ɪz,ʊdʊz,ʊdɪz
ʊd.ʊʃ,ʊd.ɪʃ,ʊdʊʃ,ʊdɪʃ
ʊd.ʊʒ,ʊd.ɪʒ,ʊdʊʒ,ʊdɪʒ
ʊd.ʊθ,ʊd.ɪθ,ʊdʊθ,ʊdɪθ
ʊd.ʊð,ʊd.ɪð,ʊdʊð,ʊdɪð
ʊd.ɔm,ʊd.ɛm,ʊdɔm,ʊdɛm
ʊd.ɔn,ʊd.ɛn,ʊdɔn,ʊdɛn
ʊd.ɔŋ,ʊd.ɛŋ,ʊdɔŋ,ʊdɛŋ
ʊd.ɔp,ʊd.ɛp,ʊdɔp,ʊdɛp
ʊd.ɔt,ʊd.ɛt,ʊdɔt,ʊdɛt
ʊd.ɔk,ʊd.ɛk,ʊdɔk,ʊdɛk
ʊd.ɔb,ʊd.ɛb,ʊdɔb,ʊdɛb
ʊd.ɔd,ʊd.ɛd,ʊdɔd,ʊdɛd
ʊd.ɔg,ʊd.ɛg,ʊdɔg,ʊdɛg
ʊd.ɔf,ʊd.ɛf,ʊdɔf,ʊdɛf
ʊd.ɔs,ʊd.ɛs,ʊdɔs,ʊdɛs
ʊd.ɔv,ʊd.ɛv,ʊdɔv,ʊdɛv
ʊd.ɔz,ʊd.ɛz,ʊdɔz,ʊdɛz
ʊd.ɔʃ,ʊd.ɛʃ,ʊdɔʃ,ʊdɛʃ
ʊd.ɔʒ,ʊd.ɛʒ,ʊdɔʒ,ʊdɛʒ
ʊd.ɔθ,ʊd.ɛθ,ʊdɔθ,ʊdɛθ
ʊd.ɔð,ʊd.ɛð,ʊdɔð,ʊdɛð
ʊg.ɪm,ʊg.ʊm,ʊgɪm,ʊgʊm
ʊg.ɪn,ʊg.ʊn,ʊgɪn,ʊgʊn
ʊg.ɪŋ,ʊg.ʊŋ,ʊgɪŋ,ʊgʊŋ
ʊg.ɪp,ʊg.ʊp,ʊgɪp,ʊgʊp
ʊg.ɪt,ʊg.ʊt,ʊgɪt,ʊgʊt
ʊg.ɪk,ʊg.ʊk,ʊgɪk,ʊgʊk
ʊg.ɪb,ʊg.ʊb,ʊgɪb,ʊgʊb
ʊg.ɪd,ʊg.ʊd,ʊgɪd,ʊgʊd
ʊg.ɪg,ʊg.ʊg,ʊgɪg,ʊgʊg
ʊg.ɪf,ʊg.ʊf,ʊgɪf,ʊgʊf
ʊg.ɪs,ʊg.ʊs,ʊgɪs,ʊgʊs
ʊg.ɪv,ʊg.ʊv,ʊgɪv,ʊgʊv
ʊg.ɪz,ʊg.ʊz,ʊgɪz,ʊgʊz
ʊg.ɪʃ,ʊg.ʊʃ,ʊgɪʃ,ʊgʊʃ
ʊg.ɪʒ,ʊg.ʊʒ,ʊgɪʒ,ʊgʊʒ
ʊg.ɪθ,ʊg.ʊθ,ʊgɪθ,ʊgʊθ
ʊg.ɪð,ʊg.ʊð,ʊgɪð,ʊgʊð
ʊg.ɛm,ʊg.ɔm,ʊgɛm,ʊgɔm
ʊg.ɛn,ʊg.ɔn,ʊgɛn,ʊgɔn
ʊg.ɛŋ,ʊg.ɔŋ,ʊgɛŋ,ʊgɔŋ
ʊg.ɛp,ʊg.ɔp,ʊgɛp,ʊgɔp
ʊg.ɛt,ʊg.ɔt,ʊgɛt,ʊgɔt
ʊg.ɛk,ʊg.ɔk,ʊgɛk,ʊgɔk
ʊg.ɛb,ʊg.ɔb,ʊgɛb,ʊgɔb
ʊg.ɛd,ʊg.ɔd,ʊgɛd,ʊgɔd
ʊg.ɛg,ʊg.ɔg,ʊgɛg,ʊgɔg
ʊg.ɛf,ʊg.ɔf,ʊgɛf,ʊgɔf
ʊg.ɛs,ʊg.ɔs,ʊgɛs,ʊgɔs
ʊg.ɛv,ʊg.ɔv,ʊgɛv,ʊgɔv
ʊg.ɛz,ʊg.ɔz,ʊgɛz,ʊgɔz
ʊg.ɛʃ,ʊg.ɔʃ,ʊgɛʃ,ʊgɔʃ
ʊg.ɛʒ,ʊg.ɔʒ,ʊgɛʒ,ʊgɔʒ
ʊg.ɛθ,ʊg.ɔθ,ʊgɛθ,ʊgɔθ
ʊg.ɛð,ʊg.ɔð,ʊgɛð,ʊgɔð
ʊg.ʊm,ʊg.ɪm,ʊgʊm,ʊgɪm
ʊg.ʊn,ʊg.ɪn,ʊgʊn,ʊgɪn
ʊg.ʊŋ,ʊg.ɪŋ,ʊgʊŋ,ʊgɪŋ
ʊg.ʊp,ʊg.ɪp,ʊgʊp,ʊgɪp
ʊg.ʊt,ʊg.ɪt,ʊgʊt,ʊgɪt
ʊg.ʊk,ʊg.ɪk,ʊgʊk,ʊgɪk
ʊg.ʊb,ʊg.ɪb,ʊgʊb,ʊgɪb
ʊg.ʊd,ʊg.ɪd,ʊgʊd,ʊgɪd
ʊg.ʊg,ʊg.ɪg,ʊgʊg,ʊgɪg
ʊg.ʊf,ʊg.ɪf,ʊgʊf,ʊgɪf
ʊg.ʊs,ʊg.ɪs,ʊgʊs,ʊgɪs
ʊg.ʊv,ʊg.ɪv,ʊgʊv,ʊgɪv
ʊg.ʊz,ʊg.ɪz,ʊgʊz,ʊgɪz
ʊg.ʊʃ,ʊg.ɪʃ,ʊgʊʃ,ʊgɪʃ
ʊg.ʊʒ,ʊg.ɪʒ,ʊgʊʒ,ʊgɪʒ
ʊg.ʊθ,ʊg.ɪθ,ʊgʊθ,ʊgɪθ
ʊg.ʊð,ʊg.ɪð,ʊgʊð,ʊgɪð
ʊg.ɔm,ʊg.ɛm,ʊgɔm,ʊgɛm
ʊg.ɔn,ʊg.ɛn,ʊgɔn,ʊgɛn
ʊg.ɔŋ,ʊg.ɛŋ,ʊgɔŋ,ʊgɛŋ
ʊg.ɔp,ʊg.ɛp,ʊgɔp,ʊgɛp
ʊg.ɔt,ʊg.ɛt,ʊgɔt,ʊgɛt
ʊg.ɔk,ʊg.ɛk,ʊgɔk,ʊgɛk
ʊg.ɔb,ʊg.ɛb,ʊgɔb,ʊgɛb
ʊg.ɔd,ʊg.ɛd,ʊgɔd,ʊgɛd
ʊg.ɔg,ʊg.ɛg,ʊgɔg,ʊgɛg
ʊg.ɔf,ʊg.ɛf,ʊgɔf,ʊgɛf
ʊg.ɔs,ʊg.ɛs,ʊgɔs,ʊgɛs
ʊg.ɔv,ʊg.ɛv,ʊgɔv,ʊgɛv
ʊg.ɔz,ʊg.ɛz,ʊgɔz,ʊgɛz
ʊg.ɔʃ,ʊg.ɛʃ,ʊgɔʃ,ʊgɛʃ
ʊg.ɔʒ,ʊg.ɛʒ,ʊgɔʒ,ʊgɛʒ
ʊg.ɔθ,ʊg.ɛθ,ʊgɔθ,ʊgɛθ
ʊg.ɔð,ʊg.ɛð,ʊgɔð,ʊgɛð
ʊf.ɪm,ʊf.ʊm,ʊfɪm,ʊfʊm
ʊf.ɪn,ʊf.ʊn,ʊfɪn,ʊfʊn
ʊf.ɪŋ,ʊf.ʊŋ,ʊfɪŋ,ʊfʊŋ
ʊf.ɪp,ʊf.ʊp,ʊfɪp,ʊfʊp
ʊf.ɪt,ʊf.ʊt,ʊfɪt,ʊfʊt
ʊf.ɪk,ʊf.ʊk,ʊfɪk,ʊfʊk
ʊf.ɪb,ʊf.ʊb,ʊfɪb,ʊfʊb
ʊf.ɪd,ʊf.ʊd,ʊfɪd,ʊfʊd
ʊf.ɪg,ʊf.ʊg,ʊfɪg,ʊfʊg
ʊf.ɪf,ʊf.ʊf,ʊfɪf,ʊfʊf
ʊf.ɪs,ʊf.ʊs,ʊfɪs,ʊfʊs
ʊf.ɪv,ʊf.ʊv,ʊfɪv,ʊfʊv
ʊf.ɪz,ʊf.ʊz,ʊfɪz,ʊfʊz
ʊf.ɪʃ,ʊf.ʊʃ,ʊfɪʃ,ʊfʊʃ
ʊf.ɪʒ,ʊf.ʊʒ,ʊfɪʒ,ʊfʊʒ
ʊf.ɪθ,ʊf.ʊθ,ʊfɪθ,ʊfʊθ
ʊf.ɪð,ʊf.ʊð,ʊfɪð,ʊfʊð
ʊf.ɛm,ʊf.ɔm,ʊfɛm,ʊfɔm
ʊf.ɛn,ʊf.ɔn,ʊfɛn,ʊfɔn
ʊf.ɛŋ,ʊf.ɔŋ,ʊfɛŋ,ʊfɔŋ
ʊf.ɛp,ʊf.ɔp,ʊfɛp,ʊfɔp
ʊf.ɛt,ʊf.ɔt,ʊfɛt,ʊfɔt
ʊf.ɛk,ʊf.ɔk,ʊfɛk,ʊfɔk
ʊf.ɛb,ʊf.ɔb,ʊfɛb,ʊfɔb
ʊf.ɛd,ʊf.ɔd,ʊfɛd,ʊfɔd
ʊf.ɛg,ʊf.ɔg,ʊfɛg,ʊfɔg
ʊf.ɛf,ʊf.ɔf,ʊfɛf,ʊfɔf
ʊf.ɛs,ʊf.ɔs,ʊfɛs,ʊfɔs
ʊf.ɛv,ʊf.ɔv,ʊfɛv,ʊfɔv
ʊf.ɛz,ʊf.ɔz,ʊfɛz,ʊfɔz
ʊf.ɛʃ,ʊf.ɔʃ,ʊfɛʃ,ʊfɔʃ
ʊf.ɛʒ,ʊf.ɔʒ,ʊfɛʒ,ʊfɔʒ
ʊf.ɛθ,ʊf.ɔθ,ʊfɛθ,ʊfɔθ
ʊf.ɛð,ʊf.ɔð,ʊfɛð,ʊfɔð
ʊf.ʊm,ʊf.ɪm,ʊfʊm,ʊfɪm
ʊf.ʊn,ʊf.ɪn,ʊfʊn,ʊfɪn
ʊf.ʊŋ,ʊf.ɪŋ,ʊfʊŋ,ʊfɪŋ
ʊf.ʊp,ʊf.ɪp,ʊfʊp,ʊfɪp
ʊf.ʊt,ʊf.ɪt,ʊfʊt,ʊfɪt
ʊf.ʊk,ʊf.ɪk,ʊfʊk,ʊfɪk
ʊf.ʊb,ʊf.ɪb,ʊfʊb,ʊfɪb
ʊf.ʊd,ʊf.ɪd,ʊfʊd,ʊfɪd
ʊf.ʊg,ʊf.ɪg,ʊfʊg,ʊfɪg
ʊf.ʊf,ʊf.ɪf,ʊfʊf,ʊfɪf
ʊf.ʊs,ʊf.ɪs,ʊfʊs,ʊfɪs
ʊf.ʊv,ʊf.ɪv,ʊfʊv,ʊfɪv
ʊf.ʊz,ʊf.ɪz,ʊfʊz,ʊfɪz
ʊf.ʊʃ,ʊf.ɪʃ,ʊfʊʃ,ʊfɪʃ
ʊf.ʊʒ,ʊf.ɪʒ,ʊfʊʒ,ʊfɪʒ
ʊf.ʊθ,ʊf.ɪθ,ʊfʊθ,ʊfɪθ
ʊf.ʊð,ʊf.ɪð,ʊfʊð,ʊfɪð
ʊf.ɔm,ʊf.ɛm,ʊfɔm,ʊfɛm
ʊf.ɔn,ʊf.ɛn,ʊfɔn,ʊfɛn
ʊf.ɔŋ,ʊf.ɛŋ,ʊfɔŋ,ʊfɛŋ
ʊf.ɔp,ʊf.ɛp,ʊfɔp,ʊfɛp
ʊf.ɔt,ʊf.ɛt,ʊfɔt,ʊfɛt
ʊf.ɔk,ʊf.ɛk,ʊfɔk,ʊfɛk
ʊf.ɔb,ʊf.ɛb,ʊfɔb,ʊfɛb
ʊf.ɔd,ʊf.ɛd,ʊfɔd,ʊfɛd
ʊf.ɔg,ʊf.ɛg,ʊfɔg,ʊfɛg
ʊf.ɔf,ʊf.ɛf,ʊfɔf,ʊfɛf
ʊf.ɔs,ʊf.ɛs,ʊfɔs,ʊfɛs
ʊf.ɔv,ʊf.ɛv,ʊfɔv,ʊfɛv
ʊf.ɔz,ʊf.ɛz,ʊfɔz,ʊfɛz
ʊf.ɔʃ,ʊf.ɛʃ,ʊfɔʃ,ʊfɛʃ
ʊf.ɔʒ,ʊf.ɛʒ,ʊfɔʒ,ʊfɛʒ
ʊf.ɔθ,ʊf.ɛθ,ʊfɔθ,ʊfɛθ
ʊf.ɔð,ʊf.ɛð,ʊfɔð,ʊfɛð
ʊs.ɪm,ʊs.ʊm,ʊsɪm,ʊsʊm
ʊs.ɪn,ʊs.ʊn,ʊsɪn,ʊsʊn
ʊs.ɪŋ,ʊs.ʊŋ,ʊsɪŋ,ʊsʊŋ
ʊs.ɪp,ʊs.ʊp,ʊsɪp,ʊsʊp
ʊs.ɪt,ʊs.ʊt,ʊsɪt,ʊsʊt
ʊs.ɪk,ʊs.ʊk,ʊsɪk,ʊsʊk
ʊs.ɪb,ʊs.ʊb,ʊsɪb,ʊsʊb
ʊs.ɪd,ʊs.ʊd,ʊsɪd,ʊsʊd
ʊs.ɪg,ʊs.ʊg,ʊsɪg,ʊsʊg
ʊs.ɪf,ʊs.ʊf,ʊsɪf,ʊsʊf
ʊs.ɪs,ʊs.ʊs,ʊsɪs,ʊsʊs
ʊs.ɪv,ʊs.ʊv,ʊsɪv,ʊsʊv
ʊs.ɪz,ʊs.ʊz,ʊsɪz,ʊsʊz
ʊs.ɪʃ,ʊs.ʊʃ,ʊsɪʃ,ʊsʊʃ
ʊs.ɪʒ,ʊs.ʊʒ,ʊsɪʒ,ʊsʊʒ
ʊs.ɪθ,ʊs.ʊθ,ʊsɪθ,ʊsʊθ
ʊs.ɪð,ʊs.ʊð,ʊsɪð,ʊsʊð
ʊs.ɛm,ʊs.ɔm,ʊsɛm,ʊsɔm
ʊs.ɛn,ʊs.ɔn,ʊsɛn,ʊsɔn
ʊs.ɛŋ,ʊs.ɔŋ,ʊsɛŋ,ʊsɔŋ
ʊs.ɛp,ʊs.ɔp,ʊsɛp,ʊsɔp
ʊs.ɛt,ʊs.ɔt,ʊsɛt,ʊsɔt
ʊs.ɛk,ʊs.ɔk,ʊsɛk,ʊsɔk
ʊs.ɛb,ʊs.ɔb,ʊsɛb,ʊsɔb
ʊs.ɛd,ʊs.ɔd,ʊsɛd,ʊsɔd
ʊs.ɛg,ʊs.ɔg,ʊsɛg,ʊsɔg
ʊs.ɛf,ʊs.ɔf,ʊsɛf,ʊsɔf
ʊs.ɛs,ʊs.ɔs,ʊsɛs,ʊsɔs
ʊs.ɛv,ʊs.ɔv,ʊsɛv,ʊsɔv
ʊs.ɛz,ʊs.ɔz,ʊsɛz,ʊsɔz
ʊs.ɛʃ,ʊs.ɔʃ,ʊsɛʃ,ʊsɔʃ
ʊs.ɛʒ,ʊs.ɔʒ,ʊsɛʒ,ʊsɔʒ
ʊs.ɛθ,ʊs.ɔθ,ʊsɛθ,ʊsɔθ
ʊs.ɛð,ʊs.ɔð,ʊsɛð,ʊsɔð
ʊs.ʊm,ʊs.ɪm,ʊsʊm,ʊsɪm
ʊs.ʊn,ʊs.ɪn,ʊsʊn,ʊsɪn
ʊs.ʊŋ,ʊs.ɪŋ,ʊsʊŋ,ʊsɪŋ
ʊs.ʊp,ʊs.ɪp,ʊsʊp,ʊsɪp
ʊs.ʊt,ʊs.ɪt,ʊsʊt,ʊsɪt
ʊs.ʊk,ʊs.ɪk,ʊsʊk,ʊsɪk
ʊs.ʊb,ʊs.ɪb,ʊsʊb,ʊsɪb
ʊs.ʊd,ʊs.ɪd,ʊsʊd,ʊsɪd
ʊs.ʊg,ʊs.ɪg,ʊsʊg,ʊsɪg
ʊs.ʊf,ʊs.ɪf,ʊsʊf,ʊsɪf
ʊs.ʊs,ʊs.ɪs,ʊsʊs,ʊsɪs
ʊs.ʊv,ʊs.ɪv,ʊsʊv,ʊsɪv
ʊs.ʊz,ʊs.ɪz,ʊsʊz,ʊsɪz
ʊs.ʊʃ,ʊs.ɪʃ,ʊsʊʃ,ʊsɪʃ
ʊs.ʊʒ,ʊs.ɪʒ,ʊsʊʒ,ʊsɪʒ
ʊs.ʊθ,ʊs.ɪθ,ʊsʊθ,ʊsɪθ
ʊs.ʊð,ʊs.ɪð,ʊsʊð,ʊsɪð
ʊs.ɔm,ʊs.ɛm,ʊsɔm,ʊsɛm
ʊs.ɔn,ʊs.ɛn,ʊsɔn,ʊsɛn
ʊs.ɔŋ,ʊs.ɛŋ,ʊsɔŋ,ʊsɛŋ
ʊs.ɔp,ʊs.ɛp,ʊsɔp,ʊsɛp
ʊs.ɔt,ʊs.ɛt,ʊsɔt,ʊsɛt
ʊs.ɔk,ʊs.ɛk,ʊsɔk,ʊsɛk
ʊs.ɔb,ʊs.ɛb,ʊsɔb,ʊsɛb
ʊs.ɔd,ʊs.ɛd,ʊsɔd,ʊsɛd
ʊs.ɔg,ʊs.ɛg,ʊsɔg,ʊsɛg
ʊs.ɔf,ʊs.ɛf,ʊsɔf,ʊsɛf
ʊs.ɔs,ʊs.ɛs,ʊsɔs,ʊsɛs
ʊs.ɔv,ʊs.ɛv,ʊsɔv,ʊsɛv
ʊs.ɔz,ʊs.ɛz,ʊsɔz,ʊsɛz
ʊs.ɔʃ,ʊs.ɛʃ,ʊsɔʃ,ʊsɛʃ
ʊs.ɔʒ,ʊs.ɛʒ,ʊsɔʒ,ʊsɛʒ
ʊs.ɔθ,ʊs.ɛθ,ʊsɔθ,ʊsɛθ
ʊs.ɔð,ʊs.ɛð,ʊsɔð,ʊsɛð
ʊv.ɪm,ʊv.ʊm,ʊvɪm,ʊvʊm
ʊv.ɪn,ʊv.ʊn,ʊvɪn,ʊvʊn
ʊv.ɪŋ,ʊv.ʊŋ,ʊvɪŋ,ʊvʊŋ
ʊv.ɪp,ʊv.ʊp,ʊvɪp,ʊvʊp
ʊv.ɪt,ʊv.ʊt,ʊvɪt,ʊvʊt
ʊv.ɪk,ʊv.ʊk,ʊvɪk,ʊvʊk
ʊv.ɪb,ʊv.ʊb,ʊvɪb,ʊvʊb
ʊv.ɪd,ʊv.ʊd,ʊvɪd,ʊvʊd
ʊv.ɪg,ʊv.ʊg,ʊvɪg,ʊvʊg
ʊv.ɪf,ʊv.ʊf,ʊvɪf,ʊvʊf
ʊv.ɪs,ʊv.ʊs,ʊvɪs,ʊvʊs
ʊv.ɪv,ʊv.ʊv,ʊvɪv,ʊvʊv
ʊv.ɪz,ʊv.ʊz,ʊvɪz,ʊvʊz
ʊv.ɪʃ,ʊv.ʊʃ,ʊvɪʃ,ʊvʊʃ
ʊv.ɪʒ,ʊv.ʊʒ,ʊvɪʒ,ʊvʊʒ
ʊv.ɪθ,ʊv.ʊθ,ʊvɪθ,ʊvʊθ
ʊv.ɪð,ʊv.ʊð,ʊvɪð,ʊvʊð
ʊv.ɛm,ʊv.ɔm,ʊvɛm,ʊvɔm
ʊv.ɛn,ʊv.ɔn,ʊvɛn,ʊvɔn
ʊv.ɛŋ,ʊv.ɔŋ,ʊvɛŋ,ʊvɔŋ
ʊv.ɛp,ʊv.ɔp,ʊvɛp,ʊvɔp
ʊv.ɛt,ʊv.ɔt,ʊvɛt,ʊvɔt
ʊv.ɛk,ʊv.ɔk,ʊvɛk,ʊvɔk
ʊv.ɛb,ʊv.ɔb,ʊvɛb,ʊvɔb
ʊv.ɛd,ʊv.ɔd,ʊvɛd,ʊvɔd
ʊv.ɛg,ʊv.ɔg,ʊvɛg,ʊvɔg
ʊv.ɛf,ʊv.ɔf,ʊvɛf,ʊvɔf
ʊv.ɛs,ʊv.ɔs,ʊvɛs,ʊvɔs
ʊv.ɛv,ʊv.ɔv,ʊvɛv,ʊvɔv
ʊv.ɛz,ʊv.ɔz,ʊvɛz,ʊvɔz
ʊv.ɛʃ,ʊv.ɔʃ,ʊvɛʃ,ʊvɔʃ
ʊv.ɛʒ,ʊv.ɔʒ,ʊvɛʒ,ʊvɔʒ
ʊv.ɛθ,ʊv.ɔθ,ʊvɛθ,ʊvɔθ
ʊv.ɛð,ʊv.ɔð,ʊvɛð,ʊvɔð
ʊv.ʊm,ʊv.ɪm,ʊvʊm,ʊvɪm
ʊv.ʊn,ʊv.ɪn,ʊvʊn,ʊvɪn
ʊv.ʊŋ,ʊv.ɪŋ,ʊvʊŋ,ʊvɪŋ
ʊv.ʊp,ʊv.ɪp,ʊvʊp,ʊvɪp
ʊv.ʊt,ʊv.ɪt,ʊvʊt,ʊvɪt
ʊv.ʊk,ʊv.ɪk,ʊvʊk,ʊvɪk
ʊv.ʊb,ʊv.ɪb,ʊvʊb,ʊvɪb
ʊv.ʊd,ʊv.ɪd,ʊvʊd,ʊvɪd
ʊv.ʊg,ʊv.ɪg,ʊvʊg,ʊvɪg
ʊv.ʊf,ʊv.ɪf,ʊvʊf,ʊvɪf
ʊv.ʊs,ʊv.ɪs,ʊvʊs,ʊvɪs
ʊv.ʊv,ʊv.ɪv,ʊvʊv,ʊvɪv
ʊv.ʊz,ʊv.ɪz,ʊvʊz,ʊvɪz
ʊv.ʊʃ,ʊv.ɪʃ,ʊvʊʃ,ʊvɪʃ
ʊv.ʊʒ,ʊv.ɪʒ,ʊvʊʒ,ʊvɪʒ
ʊv.ʊθ,ʊv.ɪθ,ʊvʊθ,ʊvɪθ
ʊv.ʊð,ʊv.ɪð,ʊvʊð,ʊvɪð
ʊv.ɔm,ʊv.ɛm,ʊvɔm,ʊvɛm
ʊv.ɔn,ʊv.ɛn,ʊvɔn,ʊvɛn
ʊv.ɔŋ,ʊv.ɛŋ,ʊvɔŋ,ʊvɛŋ
ʊv.ɔp,ʊv.ɛp,ʊvɔp,ʊvɛp
ʊv.ɔt,ʊv.ɛt,ʊvɔt,ʊvɛt
ʊv.ɔk,ʊv.ɛk,ʊvɔk,ʊvɛk
ʊv.ɔb,ʊv.ɛb,ʊvɔb,ʊvɛb
ʊv.ɔd,ʊv.ɛd,ʊvɔd,ʊvɛd
ʊv.ɔg,ʊv.ɛg,ʊvɔg,ʊvɛg
ʊv.ɔf,ʊv.ɛf,ʊvɔf,ʊvɛf
ʊv.ɔs,ʊv.ɛs,ʊvɔs,ʊvɛs
ʊv.ɔv,ʊv.ɛv,ʊvɔv,ʊvɛv
ʊv.ɔz,ʊv.ɛz,ʊvɔz,ʊvɛz
ʊv.ɔʃ,ʊv.ɛʃ,ʊvɔʃ,ʊvɛʃ
ʊv.ɔʒ,ʊv.ɛʒ,ʊvɔʒ,ʊvɛʒ
ʊv.ɔθ,ʊv.ɛθ,ʊvɔθ,ʊvɛθ
ʊv.ɔð,ʊv.ɛð,ʊvɔð,ʊvɛð
ʊz.ɪm,ʊz.ʊm,ʊzɪm,ʊzʊm
ʊz.ɪn,ʊz.ʊn,ʊzɪn,ʊzʊn
ʊz.ɪŋ,ʊz.ʊŋ,ʊzɪŋ,ʊzʊŋ
ʊz.ɪp,ʊz.ʊp,ʊzɪp,ʊzʊp
ʊz.ɪt,ʊz.ʊt,ʊzɪt,ʊzʊt
ʊz.ɪk,ʊz.ʊk,ʊzɪk,ʊzʊk
ʊz.ɪb,ʊz.ʊb,ʊzɪb,ʊzʊb
ʊz.ɪd,ʊz.ʊd,ʊzɪd,ʊzʊd
ʊz.ɪg,ʊz.ʊg,ʊzɪg,ʊzʊg
ʊz.ɪf,ʊz.ʊf,ʊzɪf,ʊzʊf
ʊz.ɪs,ʊz.ʊs,ʊzɪs,ʊzʊs
ʊz.ɪv,ʊz.ʊv,ʊzɪv,ʊzʊv
ʊz.ɪz,ʊz.ʊz,ʊzɪz,ʊzʊz
ʊz.ɪʃ,ʊz.ʊʃ,ʊzɪʃ,ʊzʊʃ
ʊz.ɪʒ,ʊz.ʊʒ,ʊzɪʒ,ʊzʊʒ
ʊz.ɪθ,ʊz.ʊθ,ʊzɪθ,ʊzʊθ
ʊz.ɪð,ʊz.ʊð,ʊzɪð,ʊzʊð
ʊz.ɛm,ʊz.ɔm,ʊzɛm,ʊzɔm
ʊz.ɛn,ʊz.ɔn,ʊzɛn,ʊzɔn
ʊz.ɛŋ,ʊz.ɔŋ,ʊzɛŋ,ʊzɔŋ
ʊz.ɛp,ʊz.ɔp,ʊzɛp,ʊzɔp
ʊz.ɛt,ʊz.ɔt,ʊzɛt,ʊzɔt
ʊz.ɛk,ʊz.ɔk,ʊzɛk,ʊzɔk
ʊz.ɛb,ʊz.ɔb,ʊzɛb,ʊzɔb
ʊz.ɛd,ʊz.ɔd,ʊzɛd,ʊzɔd
ʊz.ɛg,ʊz.ɔg,ʊzɛg,ʊzɔg
ʊz.ɛf,ʊz.ɔf,ʊzɛf,ʊzɔf
ʊz.ɛs,ʊz.ɔs,ʊzɛs,ʊzɔs
ʊz.ɛv,ʊz.ɔv,ʊzɛv,ʊzɔv
ʊz.ɛz,ʊz.ɔz,ʊzɛz,ʊzɔz
ʊz.ɛʃ,ʊz.ɔʃ,ʊzɛʃ,ʊzɔʃ
ʊz.ɛʒ,ʊz.ɔʒ,ʊzɛʒ,ʊzɔʒ
ʊz.ɛθ,ʊz.ɔθ,ʊzɛθ,ʊzɔθ
ʊz.ɛð,ʊz.ɔð,ʊzɛð,ʊzɔð
ʊz.ʊm,ʊz.ɪm,ʊzʊm,ʊzɪm
ʊz.ʊn,ʊz.ɪn,ʊzʊn,ʊzɪn
ʊz.ʊŋ,ʊz.ɪŋ,ʊzʊŋ,ʊzɪŋ
ʊz.ʊp,ʊz.ɪp,ʊzʊp,ʊzɪp
ʊz.ʊt,ʊz.ɪt,ʊzʊt,ʊzɪt
ʊz.ʊk,ʊz.ɪk,ʊzʊk,ʊzɪk
ʊz.ʊb,ʊz.ɪb,ʊzʊb,ʊzɪb
ʊz.ʊd,ʊz.ɪd,ʊzʊd,ʊzɪd
ʊz.ʊg,ʊz.ɪg,ʊzʊg,ʊzɪg
ʊz.ʊf,ʊz.ɪf,ʊzʊf,ʊzɪf
ʊz.ʊs,ʊz.ɪs,ʊzʊs,ʊzɪs
ʊz.ʊv,ʊz.ɪv,ʊzʊv,ʊzɪv
ʊz.ʊz,ʊz.ɪz,ʊzʊz,ʊzɪz
ʊz.ʊʃ,ʊz.ɪʃ,ʊzʊʃ,ʊzɪʃ
ʊz.ʊʒ,ʊz.ɪʒ,ʊzʊʒ,ʊzɪʒ
ʊz.ʊθ,ʊz.ɪθ,ʊzʊθ,ʊzɪθ
ʊz.ʊð,ʊz.ɪð,ʊzʊð,ʊzɪð
ʊz.ɔm,ʊz.ɛm,ʊzɔm,ʊzɛm
ʊz.ɔn,ʊz.ɛn,ʊzɔn,ʊzɛn
ʊz.ɔŋ,ʊz.ɛŋ,ʊzɔŋ,ʊzɛŋ
ʊz.ɔp,ʊz.ɛp,ʊzɔp,ʊzɛp
ʊz.ɔt,ʊz.ɛt,ʊzɔt,ʊzɛt
ʊz.ɔk,ʊz.ɛk,ʊzɔk,ʊzɛk
ʊz.ɔb,ʊz.ɛb,ʊzɔb,ʊzɛb
ʊz.ɔd,ʊz.ɛd,ʊzɔd,ʊzɛd
ʊz.ɔg,ʊz.ɛg,ʊzɔg,ʊzɛg
ʊz.ɔf,ʊz.ɛf,ʊzɔf,ʊzɛf
ʊz.ɔs,ʊz.ɛs,ʊzɔs,ʊzɛs
ʊz.ɔv,ʊz.ɛv,ʊzɔv,ʊzɛv
ʊz.ɔz,ʊz.ɛz,ʊzɔz,ʊzɛz
ʊz.ɔʃ,ʊz.ɛʃ,ʊzɔʃ,ʊzɛʃ
ʊz.ɔʒ,ʊz.ɛʒ,ʊzɔʒ,ʊzɛʒ
ʊz.ɔθ,ʊz.ɛθ,ʊzɔθ,ʊzɛθ
ʊz.ɔð,ʊz.ɛð,ʊzɔð,ʊzɛð
ʊʃ.ɪm,ʊʃ.ʊm,ʊʃɪm,ʊʃʊm
ʊʃ.ɪn,ʊʃ.ʊn,ʊʃɪn,ʊʃʊn
ʊʃ.ɪŋ,ʊʃ.ʊŋ,ʊʃɪŋ,ʊʃʊŋ
ʊʃ.ɪp,ʊʃ.ʊp,ʊʃɪp,ʊʃʊp
ʊʃ.ɪt,ʊʃ.ʊt,ʊʃɪt,ʊʃʊt
ʊʃ.ɪk,ʊʃ.ʊk,ʊʃɪk,ʊʃʊk
ʊʃ.ɪb,ʊʃ.ʊb,ʊʃɪb,ʊʃʊb
ʊʃ.ɪd,ʊʃ.ʊd,ʊʃɪd,ʊʃʊd
ʊʃ.ɪg,ʊʃ.ʊg,ʊʃɪg,ʊʃʊg
ʊʃ.ɪf,ʊʃ.ʊf,ʊʃɪf,ʊʃʊf
ʊʃ.ɪs,ʊʃ.ʊs,ʊʃɪs,ʊʃʊs
ʊʃ.ɪv,ʊʃ.ʊv,ʊʃɪv,ʊʃʊv
ʊʃ.ɪz,ʊʃ.ʊz,ʊʃɪz,ʊʃʊz
ʊʃ.ɪʃ,ʊʃ.ʊʃ,ʊʃɪʃ,ʊʃʊʃ
ʊʃ.ɪʒ,ʊʃ.ʊʒ,ʊʃɪʒ,ʊʃʊʒ
ʊʃ.ɪθ,ʊʃ.ʊθ,ʊʃɪθ,ʊʃʊθ
ʊʃ.ɪð,ʊʃ.ʊð,ʊʃɪð,ʊʃʊð
ʊʃ.ɛm,ʊʃ.ɔm,ʊʃɛm,ʊʃɔm
ʊʃ.ɛn,ʊʃ.ɔn,ʊʃɛn,ʊʃɔn
ʊʃ.ɛŋ,ʊʃ.ɔŋ,ʊʃɛŋ,ʊʃɔŋ
ʊʃ.ɛp,ʊʃ.ɔp,ʊʃɛp,ʊʃɔp
ʊʃ.ɛt,ʊʃ.ɔt,ʊʃɛt,ʊʃɔt
ʊʃ.ɛk,ʊʃ.ɔk,ʊʃɛk,ʊʃɔk
ʊʃ.ɛb,ʊʃ.ɔb,ʊʃɛb,ʊʃɔb
ʊʃ.ɛd,ʊʃ.ɔd,ʊʃɛd,ʊʃɔd
ʊʃ.ɛg,ʊʃ.ɔg,ʊʃɛg,ʊʃɔg
ʊʃ.ɛf,ʊʃ.ɔf,ʊʃɛf,ʊʃɔf
ʊʃ.ɛs,ʊʃ.ɔs,ʊʃɛs,ʊʃɔs
ʊʃ.ɛv,ʊʃ.ɔv,ʊʃɛv,ʊʃɔv
ʊʃ.ɛz,ʊʃ.ɔz,ʊʃɛz,ʊʃɔz
ʊʃ.ɛʃ,ʊʃ.ɔʃ,ʊʃɛʃ,ʊʃɔʃ
ʊʃ.ɛʒ,ʊʃ.ɔʒ,ʊʃɛʒ,ʊʃɔʒ
ʊʃ.ɛθ,ʊʃ.ɔθ,ʊʃɛθ,ʊʃɔθ
ʊʃ.ɛð,ʊʃ.ɔð,ʊʃɛð,ʊʃɔð
ʊʃ.ʊm,ʊʃ.ɪm,ʊʃʊm,ʊʃɪm
ʊʃ.ʊn,ʊʃ.ɪn,ʊʃʊn,ʊʃɪn
ʊʃ.ʊŋ,ʊʃ.ɪŋ,ʊʃʊŋ,ʊʃɪŋ
ʊʃ.ʊp,ʊʃ.ɪp,ʊʃʊp,ʊʃɪp
ʊʃ.ʊt,ʊʃ.ɪt,ʊʃʊt,ʊʃɪt
ʊʃ.ʊk,ʊʃ.ɪk,ʊʃʊk,ʊʃɪk
ʊʃ.ʊb,ʊʃ.ɪb,ʊʃʊb,ʊʃɪb
ʊʃ.ʊd,ʊʃ.ɪd,ʊʃʊd,ʊʃɪd
ʊʃ.ʊg,ʊʃ.ɪg,ʊʃʊg,ʊʃɪg
ʊʃ.ʊf,ʊʃ.ɪf,ʊʃʊf,ʊʃɪf
ʊʃ.ʊs,ʊʃ.ɪs,ʊʃʊs,ʊʃɪs
ʊʃ.ʊv,ʊʃ.ɪv,ʊʃʊv,ʊʃɪv
ʊʃ.ʊz,ʊʃ.ɪz,ʊʃʊz,ʊʃɪz
ʊʃ.ʊʃ,ʊʃ.ɪʃ,ʊʃʊʃ,ʊʃɪʃ
ʊʃ.ʊʒ,ʊʃ.ɪʒ,ʊʃʊʒ,ʊʃɪʒ
ʊʃ.ʊθ,ʊʃ.ɪθ,ʊʃʊθ,ʊʃɪθ
ʊʃ.ʊð,ʊʃ.ɪð,ʊʃʊð,ʊʃɪð
ʊʃ.ɔm,ʊʃ.ɛm,ʊʃɔm,ʊʃɛm
ʊʃ.ɔn,ʊʃ.ɛn,ʊʃɔn,ʊʃɛn
ʊʃ.ɔŋ,ʊʃ.ɛŋ,ʊʃɔŋ,ʊʃɛŋ
ʊʃ.ɔp,ʊʃ.ɛp,ʊʃɔp,ʊʃɛp
ʊʃ.ɔt,ʊʃ.ɛt,ʊʃɔt,ʊʃɛt
ʊʃ.ɔk,ʊʃ.ɛk,ʊʃɔk,ʊʃɛk
ʊʃ.ɔb,ʊʃ.ɛb,ʊʃɔb,ʊʃɛb
ʊʃ.ɔd,ʊʃ.ɛd,ʊʃɔd,ʊʃɛd
ʊʃ.ɔg,ʊʃ.ɛg,ʊʃɔg,ʊʃɛg
ʊʃ.ɔf,ʊʃ.ɛf,ʊʃɔf,ʊʃɛf
ʊʃ.ɔs,ʊʃ.ɛs,ʊʃɔs,ʊʃɛs
ʊʃ.ɔv,ʊʃ.ɛv,ʊʃɔv,ʊʃɛv
ʊʃ.ɔz,ʊʃ.ɛz,ʊʃɔz,ʊʃɛz
ʊʃ.ɔʃ,ʊʃ.ɛʃ,ʊʃɔʃ,ʊʃɛʃ
ʊʃ.ɔʒ,ʊʃ.ɛʒ,ʊʃɔʒ,ʊʃɛʒ
ʊʃ.ɔθ,ʊʃ.ɛθ,ʊʃɔθ,ʊʃɛθ
ʊʃ.ɔð,ʊʃ.ɛð,ʊʃɔð,ʊʃɛð
ʊʒ.ɪm,ʊʒ.ʊm,ʊʒɪm,ʊʒʊm
ʊʒ.ɪn,ʊʒ.ʊn,ʊʒɪn,ʊʒʊn
ʊʒ.ɪŋ,ʊʒ.ʊŋ,ʊʒɪŋ,ʊʒʊŋ
ʊʒ.ɪp,ʊʒ.ʊp,ʊʒɪp,ʊʒʊp
ʊʒ.ɪt,ʊʒ.ʊt,ʊʒɪt,ʊʒʊt
ʊʒ.ɪk,ʊʒ.ʊk,ʊʒɪk,ʊʒʊk
ʊʒ.ɪb,ʊʒ.ʊb,ʊʒɪb,ʊʒʊb
ʊʒ.ɪd,ʊʒ.ʊd,ʊʒɪd,ʊʒʊd
ʊʒ.ɪg,ʊʒ.ʊg,ʊʒɪg,ʊʒʊg
ʊʒ.ɪf,ʊʒ.ʊf,ʊʒɪf,ʊʒʊf
ʊʒ.ɪs,ʊʒ.ʊs,ʊʒɪs,ʊʒʊs
ʊʒ.ɪv,ʊʒ.ʊv,ʊʒɪv,ʊʒʊv
ʊʒ.ɪz,ʊʒ.ʊz,ʊʒɪz,ʊʒʊz
ʊʒ.ɪʃ,ʊʒ.ʊʃ,ʊʒɪʃ,ʊʒʊʃ
ʊʒ.ɪʒ,ʊʒ.ʊʒ,ʊʒɪʒ,ʊʒʊʒ
ʊʒ.ɪθ,ʊʒ.ʊθ,ʊʒɪθ,ʊʒʊθ
ʊʒ.ɪð,ʊʒ.ʊð,ʊʒɪð,ʊʒʊð
ʊʒ.ɛm,ʊʒ.ɔm,ʊʒɛm,ʊʒɔm
ʊʒ.ɛn,ʊʒ.ɔn,ʊʒɛn,ʊʒɔn
ʊʒ.ɛŋ,ʊʒ.ɔŋ,ʊʒɛŋ,ʊʒɔŋ
ʊʒ.ɛp,ʊʒ.ɔp,ʊʒɛp,ʊʒɔp
ʊʒ.ɛt,ʊʒ.ɔt,ʊʒɛt,ʊʒɔt
ʊʒ.ɛk,ʊʒ.ɔk,ʊʒɛk,ʊʒɔk
ʊʒ.ɛb,ʊʒ.ɔb,ʊʒɛb,ʊʒɔb
ʊʒ.ɛd,ʊʒ.ɔd,ʊʒɛd,ʊʒɔd
ʊʒ.ɛg,ʊʒ.ɔg,ʊʒɛg,ʊʒɔg
ʊʒ.ɛf,ʊʒ.ɔf,ʊʒɛf,ʊʒɔf
ʊʒ.ɛs,ʊʒ.ɔs,ʊʒɛs,ʊʒɔs
ʊʒ.ɛv,ʊʒ.ɔv,ʊʒɛv,ʊʒɔv
ʊʒ.ɛz,ʊʒ.ɔz,ʊʒɛz,ʊʒɔz
ʊʒ.ɛʃ,ʊʒ.ɔʃ,ʊʒɛʃ,ʊʒɔʃ
ʊʒ.ɛʒ,ʊʒ.ɔʒ,ʊʒɛʒ,ʊʒɔʒ
ʊʒ.ɛθ,ʊʒ.ɔθ,ʊʒɛθ,ʊʒɔθ
ʊʒ.ɛð,ʊʒ.ɔð,ʊʒɛð,ʊʒɔð
ʊʒ.ʊm,ʊʒ.ɪm,ʊʒʊm,ʊʒɪm
ʊʒ.ʊn,ʊʒ.ɪn,ʊʒʊn,ʊʒɪn
ʊʒ.ʊŋ,ʊʒ.ɪŋ,ʊʒʊŋ,ʊʒɪŋ
ʊʒ.ʊp,ʊʒ.ɪp,ʊʒʊp,ʊʒɪp
ʊʒ.ʊt,ʊʒ.ɪt,ʊʒʊt,ʊʒɪt
ʊʒ.ʊk,ʊʒ.ɪk,ʊʒʊk,ʊʒɪk
ʊʒ.ʊb,ʊʒ.ɪb,ʊʒʊb,ʊʒɪb
ʊʒ.ʊd,ʊʒ.ɪd,ʊʒʊd,ʊʒɪd
ʊʒ.ʊg,ʊʒ.ɪg,ʊʒʊg,ʊʒɪg
ʊʒ.ʊf,ʊʒ.ɪf,ʊʒʊf,ʊʒɪf
ʊʒ.ʊs,ʊʒ.ɪs,ʊʒʊs,ʊʒɪs
ʊʒ.ʊv,ʊʒ.ɪv,ʊʒʊv,ʊʒɪv
ʊʒ.ʊz,ʊʒ.ɪz,ʊʒʊz,ʊʒɪz
ʊʒ.ʊʃ,ʊʒ.ɪʃ,ʊʒʊʃ,ʊʒɪʃ
ʊʒ.ʊʒ,ʊʒ.ɪʒ,ʊʒʊʒ,ʊʒɪʒ
ʊʒ.ʊθ,ʊʒ.ɪθ,ʊʒʊθ,ʊʒɪθ
ʊʒ.ʊð,ʊʒ.ɪð,ʊʒʊð,ʊʒɪð
ʊʒ.ɔm,ʊʒ.ɛm,ʊʒɔm,ʊʒɛm
ʊʒ.ɔn,ʊʒ.ɛn,ʊʒɔn,ʊʒɛn
ʊʒ.ɔŋ,ʊʒ.ɛŋ,ʊʒɔŋ,ʊʒɛŋ
ʊʒ.ɔp,ʊʒ.ɛp,ʊʒɔp,ʊʒɛp
ʊʒ.ɔt,ʊʒ.ɛt,ʊʒɔt,ʊʒɛt
ʊʒ.ɔk,ʊʒ.ɛk,ʊʒɔk,ʊʒɛk
ʊʒ.ɔb,ʊʒ.ɛb,ʊʒɔb,ʊʒɛb
ʊʒ.ɔd,ʊʒ.ɛd,ʊʒɔd,ʊʒɛd
ʊʒ.ɔg,ʊʒ.ɛg,ʊʒɔg,ʊʒɛg
ʊʒ.ɔf,ʊʒ.ɛf,ʊʒɔf,ʊʒɛf
ʊʒ.ɔs,ʊʒ.ɛs,ʊʒɔs,ʊʒɛs
ʊʒ.ɔv,ʊʒ.ɛv,ʊʒɔv,ʊʒɛv
ʊʒ.ɔz,ʊʒ.ɛz,ʊʒɔz,ʊʒɛz
ʊʒ.ɔʃ,ʊʒ.ɛʃ,ʊʒɔʃ,ʊʒɛʃ
ʊʒ.ɔʒ,ʊʒ.ɛʒ,ʊʒɔʒ,ʊʒɛʒ
ʊʒ.ɔθ,ʊʒ.ɛθ,ʊʒɔθ,ʊʒɛθ
ʊʒ.ɔð,ʊʒ.ɛð,ʊʒɔð,ʊʒɛð
ʊθ.ɪm,ʊθ.ʊm,ʊθɪm,ʊθʊm
ʊθ.ɪn,ʊθ.ʊn,ʊθɪn,ʊθʊn
ʊθ.ɪŋ,ʊθ.ʊŋ,ʊθɪŋ,ʊθʊŋ
ʊθ.ɪp,ʊθ.ʊp,ʊθɪp,ʊθʊp
ʊθ.ɪt,ʊθ.ʊt,ʊθɪt,ʊθʊt
ʊθ.ɪk,ʊθ.ʊk,ʊθɪk,ʊθʊk
ʊθ.ɪb,ʊθ.ʊb,ʊθɪb,ʊθʊb
ʊθ.ɪd,ʊθ.ʊd,ʊθɪd,ʊθʊd
ʊθ.ɪg,ʊθ.ʊg,ʊθɪg,ʊθʊg
ʊθ.ɪf,ʊθ.ʊf,ʊθɪf,ʊθʊf
ʊθ.ɪs,ʊθ.ʊs,ʊθɪs,ʊθʊs
ʊθ.ɪv,ʊθ.ʊv,ʊθɪv,ʊθʊv
ʊθ.ɪz,ʊθ.ʊz,ʊθɪz,ʊθʊz
ʊθ.ɪʃ,ʊθ.ʊʃ,ʊθɪʃ,ʊθʊʃ
ʊθ.ɪʒ,ʊθ.ʊʒ,ʊθɪʒ,ʊθʊʒ
ʊθ.ɪθ,ʊθ.ʊθ,ʊθɪθ,ʊθʊθ
ʊθ.ɪð,ʊθ.ʊð,ʊθɪð,ʊθʊð
ʊθ.ɛm,ʊθ.ɔm,ʊθɛm,ʊθɔm
ʊθ.ɛn,ʊθ.ɔn,ʊθɛn,ʊθɔn
ʊθ.ɛŋ,ʊθ.ɔŋ,ʊθɛŋ,ʊθɔŋ
ʊθ.ɛp,ʊθ.ɔp,ʊθɛp,ʊθɔp
ʊθ.ɛt,ʊθ.ɔt,ʊθɛt,ʊθɔt
ʊθ.ɛk,ʊθ.ɔk,ʊθɛk,ʊθɔk
ʊθ.ɛb,ʊθ.ɔb,ʊθɛb,ʊθɔb
ʊθ.ɛd,ʊθ.ɔd,ʊθɛd,ʊθɔd
ʊθ.ɛg,ʊθ.ɔg,ʊθɛg,ʊθɔg
ʊθ.ɛf,ʊθ.ɔf,ʊθɛf,ʊθɔf
ʊθ.ɛs,ʊθ.ɔs,ʊθɛs,ʊθɔs
ʊθ.ɛv,ʊθ.ɔv,ʊθɛv,ʊθɔv
ʊθ.ɛz,ʊθ.ɔz,ʊθɛz,ʊθɔz
ʊθ.ɛʃ,ʊθ.ɔʃ,ʊθɛʃ,ʊθɔʃ
ʊθ.ɛʒ,ʊθ.ɔʒ,ʊθɛʒ,ʊθɔʒ
ʊθ.ɛθ,ʊθ.ɔθ,ʊθɛθ,ʊθɔθ
ʊθ.ɛð,ʊθ.ɔð,ʊθɛð,ʊθɔð
ʊθ.ʊm,ʊθ.ɪm,ʊθʊm,ʊθɪm
ʊθ.ʊn,ʊθ.ɪn,ʊθʊn,ʊθɪn
ʊθ.ʊŋ,ʊθ.ɪŋ,ʊθʊŋ,ʊθɪŋ
ʊθ.ʊp,ʊθ.ɪp,ʊθʊp,ʊθɪp
ʊθ.ʊt,ʊθ.ɪt,ʊθʊt,ʊθɪt
ʊθ.ʊk,ʊθ.ɪk,ʊθʊk,ʊθɪk
ʊθ.ʊb,ʊθ.ɪb,ʊθʊb,ʊθɪb
ʊθ.ʊd,ʊθ.ɪd,ʊθʊd,ʊθɪd
ʊθ.ʊg,ʊθ.ɪg,ʊθʊg,ʊθɪg
ʊθ.ʊf,ʊθ.ɪf,ʊθʊf,ʊθɪf
ʊθ.ʊs,ʊθ.ɪs,ʊθʊs,ʊθɪs
ʊθ.ʊv,ʊθ.ɪv,ʊθʊv,ʊθɪv
ʊθ.ʊz,ʊθ.ɪz,ʊθʊz,ʊθɪz
ʊθ.ʊʃ,ʊθ.ɪʃ,ʊθʊʃ,ʊθɪʃ
ʊθ.ʊʒ,ʊθ.ɪʒ,ʊθʊʒ,ʊθɪʒ
ʊθ.ʊθ,ʊθ.ɪθ,ʊθʊθ,ʊθɪθ
ʊθ.ʊð,ʊθ.ɪð,ʊθʊð,ʊθɪð
ʊθ.ɔm,ʊθ.ɛm,ʊθɔm,ʊθɛm
ʊθ.ɔn,ʊθ.ɛn,ʊθɔn,ʊθɛn
ʊθ.ɔŋ,ʊθ.ɛŋ,ʊθɔŋ,ʊθɛŋ
ʊθ.ɔp,ʊθ.ɛp,ʊθɔp,ʊθɛp
ʊθ.ɔt,ʊθ.ɛt,ʊθɔt,ʊθɛt
ʊθ.ɔk,ʊθ.ɛk,ʊθɔk,ʊθɛk
ʊθ.ɔb,ʊθ.ɛb,ʊθɔb,ʊθɛb
ʊθ.ɔd,ʊθ.ɛd,ʊθɔd,ʊθɛd
ʊθ.ɔg,ʊθ.ɛg,ʊθɔg,ʊθɛg
ʊθ.ɔf,ʊθ.ɛf,ʊθɔf,ʊθɛf
ʊθ.ɔs,ʊθ.ɛs,ʊθɔs,ʊθɛs
ʊθ.ɔv,ʊθ.ɛv,ʊθɔv,ʊθɛv
ʊθ.ɔz,ʊθ.ɛz,ʊθɔz,ʊθɛz
ʊθ.ɔʃ,ʊθ.ɛʃ,ʊθɔʃ,ʊθɛʃ
ʊθ.ɔʒ,ʊθ.ɛʒ,ʊθɔʒ,ʊθɛʒ
ʊθ.ɔθ,ʊθ.ɛθ,ʊθɔθ,ʊθɛθ
ʊθ.ɔð,ʊθ.ɛð,ʊθɔð,ʊθɛð
ʊð.ɪm,ʊð.ʊm,ʊðɪm,ʊðʊm
ʊð.ɪn,ʊð.ʊn,ʊðɪn,ʊðʊn
ʊð.ɪŋ,ʊð.ʊŋ,ʊðɪŋ,ʊðʊŋ
ʊð.ɪp,ʊð.ʊp,ʊðɪp,ʊðʊp
ʊð.ɪt,ʊð.ʊt,ʊðɪt,ʊðʊt
ʊð.ɪk,ʊð.ʊk,ʊðɪk,ʊðʊk
ʊð.ɪb,ʊð.ʊb,ʊðɪb,ʊðʊb
ʊð.ɪd,ʊð.ʊd,ʊðɪd,ʊðʊd
ʊð.ɪg,ʊð.ʊg,ʊðɪg,ʊðʊg
ʊð.ɪf,ʊð.ʊf,ʊðɪf,ʊðʊf
ʊð.ɪs,ʊð.ʊs,ʊðɪs,ʊðʊs
ʊð.ɪv,ʊð.ʊv,ʊðɪv,ʊðʊv
ʊð.ɪz,ʊð.ʊz,ʊðɪz,ʊðʊz
ʊð.ɪʃ,ʊð.ʊʃ,ʊðɪʃ,ʊðʊʃ
ʊð.ɪʒ,ʊð.ʊʒ,ʊðɪʒ,ʊðʊʒ
ʊð.ɪθ,ʊð.ʊθ,ʊðɪθ,ʊðʊθ
ʊð.ɪð,ʊð.ʊð,ʊðɪð,ʊðʊð
ʊð.ɛm,ʊð.ɔm,ʊðɛm,ʊðɔm
ʊð.ɛn,ʊð.ɔn,ʊðɛn,ʊðɔn
ʊð.ɛŋ,ʊð.ɔŋ,ʊðɛŋ,ʊðɔŋ
ʊð.ɛp,ʊð.ɔp,ʊðɛp,ʊðɔp
ʊð.ɛt,ʊð.ɔt,ʊðɛt,ʊðɔt
ʊð.ɛk,ʊð.ɔk,ʊðɛk,ʊðɔk
ʊð.ɛb,ʊð.ɔb,ʊðɛb,ʊðɔb
ʊð.ɛd,ʊð.ɔd,ʊðɛd,ʊðɔd
ʊð.ɛg,ʊð.ɔg,ʊðɛg,ʊðɔg
ʊð.ɛf,ʊð.ɔf,ʊðɛf,ʊðɔf
ʊð.ɛs,ʊð.ɔs,ʊðɛs,ʊðɔs
ʊð.ɛv,ʊð.ɔv,ʊðɛv,ʊðɔv
ʊð.ɛz,ʊð.ɔz,ʊðɛz,ʊðɔz
ʊð.ɛʃ,ʊð.ɔʃ,ʊðɛʃ,ʊðɔʃ
ʊð.ɛʒ,ʊð.ɔʒ,ʊðɛʒ,ʊðɔʒ
ʊð.ɛθ,ʊð.ɔθ,ʊðɛθ,ʊðɔθ
ʊð.ɛð,ʊð.ɔð,ʊðɛð,ʊðɔð
ʊð.ʊm,ʊð.ɪm,ʊðʊm,ʊðɪm
ʊð.ʊn,ʊð.ɪn,ʊðʊn,ʊðɪn
ʊð.ʊŋ,ʊð.ɪŋ,ʊðʊŋ,ʊðɪŋ
ʊð.ʊp,ʊð.ɪp,ʊðʊp,ʊðɪp
ʊð.ʊt,ʊð.ɪt,ʊðʊt,ʊðɪt
ʊð.ʊk,ʊð.ɪk,ʊðʊk,ʊðɪk
ʊð.ʊb,ʊð.ɪb,ʊðʊb,ʊðɪb
ʊð.ʊd,ʊð.ɪd,ʊðʊd,ʊðɪd
ʊð.ʊg,ʊð.ɪg,ʊðʊg,ʊðɪg
ʊð.ʊf,ʊð.ɪf,ʊðʊf,ʊðɪf
ʊð.ʊs,ʊð.ɪs,ʊðʊs,ʊðɪs
ʊð.ʊv,ʊð.ɪv,ʊðʊv,ʊðɪv
ʊð.ʊz,ʊð.ɪz,ʊðʊz,ʊðɪz
ʊð.ʊʃ,ʊð.ɪʃ,ʊðʊʃ,ʊðɪʃ
ʊð.ʊʒ,ʊð.ɪʒ,ʊðʊʒ,ʊðɪʒ
ʊð.ʊθ,ʊð.ɪθ,ʊðʊθ,ʊðɪθ
ʊð.ʊð,ʊð.ɪð,ʊðʊð,ʊðɪð
ʊð.ɔm,ʊð.ɛm,ʊðɔm,ʊðɛm
ʊð.ɔn,ʊð.ɛn,ʊðɔn,ʊðɛn
ʊð.ɔŋ,ʊð.ɛŋ,ʊðɔŋ,ʊðɛŋ
ʊð.ɔp,ʊð.ɛp,ʊðɔp,ʊðɛp
ʊð.ɔt,ʊð.ɛt,ʊðɔt,ʊðɛt
ʊð.ɔk,ʊð.ɛk,ʊðɔk,ʊðɛk
ʊð.ɔb,ʊð.ɛb,ʊðɔb,ʊðɛb
ʊð.ɔd,ʊð.ɛd,ʊðɔd,ʊðɛd
ʊð.ɔg,ʊð.ɛg,ʊðɔg,ʊðɛg
ʊð.ɔf,ʊð.ɛf,ʊðɔf,ʊðɛf
ʊð.ɔs,ʊð.ɛs,ʊðɔs,ʊðɛs
ʊð.ɔv,ʊð.ɛv,ʊðɔv,ʊðɛv
ʊð.ɔz,ʊð.ɛz,ʊðɔz,ʊðɛz
ʊð.ɔʃ,ʊð.ɛʃ,ʊðɔʃ,ʊðɛʃ
ʊð.ɔʒ,ʊð.ɛʒ,ʊðɔʒ,ʊðɛʒ
ʊð.ɔθ,ʊð.ɛθ,ʊðɔθ,ʊðɛθ
ʊð.ɔð,ʊð.ɛð,ʊðɔð,ʊðɛð
ɔm.ɪm,ɔm.ʊm,ɔmɪm,ɔmʊm
ɔm.ɪn,ɔm.ʊn,ɔmɪn,ɔmʊn
ɔm.ɪŋ,ɔm.ʊŋ,ɔmɪŋ,ɔmʊŋ
ɔm.ɪp,ɔm.ʊp,ɔmɪp,ɔmʊp
ɔm.ɪt,ɔm.ʊt,ɔmɪt,ɔmʊt
ɔm.ɪk,ɔm.ʊk,ɔmɪk,ɔmʊk
ɔm.ɪb,ɔm.ʊb,ɔmɪb,ɔmʊb
ɔm.ɪd,ɔm.ʊd,ɔmɪd,ɔmʊd
ɔm.ɪg,ɔm.ʊg,ɔmɪg,ɔmʊg
ɔm.ɪf,ɔm.ʊf,ɔmɪf,ɔmʊf
ɔm.ɪs,ɔm.ʊs,ɔmɪs,ɔmʊs
ɔm.ɪv,ɔm.ʊv,ɔmɪv,ɔmʊv
ɔm.ɪz,ɔm.ʊz,ɔmɪz,ɔmʊz
ɔm.ɪʃ,ɔm.ʊʃ,ɔmɪʃ,ɔmʊʃ
ɔm.ɪʒ,ɔm.ʊʒ,ɔmɪʒ,ɔmʊʒ
ɔm.ɪθ,ɔm.ʊθ,ɔmɪθ,ɔmʊθ
ɔm.ɪð,ɔm.ʊð,ɔmɪð,ɔmʊð
ɔm.ɛm,ɔm.ɔm,ɔmɛm,ɔmɔm
ɔm.ɛn,ɔm.ɔn,ɔmɛn,ɔmɔn
ɔm.ɛŋ,ɔm.ɔŋ,ɔmɛŋ,ɔmɔŋ
ɔm.ɛp,ɔm.ɔp,ɔmɛp,ɔmɔp
ɔm.ɛt,ɔm.ɔt,ɔmɛt,ɔmɔt
ɔm.ɛk,ɔm.ɔk,ɔmɛk,ɔmɔk
ɔm.ɛb,ɔm.ɔb,ɔmɛb,ɔmɔb
ɔm.ɛd,ɔm.ɔd,ɔmɛd,ɔmɔd
ɔm.ɛg,ɔm.ɔg,ɔmɛg,ɔmɔg
ɔm.ɛf,ɔm.ɔf,ɔmɛf,ɔmɔf
ɔm.ɛs,ɔm.ɔs,ɔmɛs,ɔmɔs
ɔm.ɛv,ɔm.ɔv,ɔmɛv,ɔmɔv
ɔm.ɛz,ɔm.ɔz,ɔmɛz,ɔmɔz
ɔm.ɛʃ,ɔm.ɔʃ,ɔmɛʃ,ɔmɔʃ
ɔm.ɛʒ,ɔm.ɔʒ,ɔmɛʒ,ɔmɔʒ
ɔm.ɛθ,ɔm.ɔθ,ɔmɛθ,ɔmɔθ
ɔm.ɛð,ɔm.ɔð,ɔmɛð,ɔmɔð
ɔm.ʊm,ɔm.ɪm,ɔmʊm,ɔmɪm
ɔm.ʊn,ɔm.ɪn,ɔmʊn,ɔmɪn
ɔm.ʊŋ,ɔm.ɪŋ,ɔmʊŋ,ɔmɪŋ
ɔm.ʊp,ɔm.ɪp,ɔmʊp,ɔmɪp
ɔm.ʊt,ɔm.ɪt,ɔmʊt,ɔmɪt
ɔm.ʊk,ɔm.ɪk,ɔmʊk,ɔmɪk
ɔm.ʊb,ɔm.ɪb,ɔmʊb,ɔmɪb
ɔm.ʊd,ɔm.ɪd,ɔmʊd,ɔmɪd
ɔm.ʊg,ɔm.ɪg,ɔmʊg,ɔmɪg
ɔm.ʊf,ɔm.ɪf,ɔmʊf,ɔmɪf
ɔm.ʊs,ɔm.ɪs,ɔmʊs,ɔmɪs
ɔm.ʊv,ɔm.ɪv,ɔmʊv,ɔmɪv
ɔm.ʊz,ɔm.ɪz,ɔmʊz,ɔmɪz
ɔm.ʊʃ,ɔm.ɪʃ,ɔmʊʃ,ɔmɪʃ
ɔm.ʊʒ,ɔm.ɪʒ,ɔmʊʒ,ɔmɪʒ
ɔm.ʊθ,ɔm.ɪθ,ɔmʊθ,ɔmɪθ
ɔm.ʊð,ɔm.ɪð,ɔmʊð,ɔmɪð
ɔm.ɔm,ɔm.ɛm,ɔmɔm,ɔmɛm
ɔm.ɔn,ɔm.ɛn,ɔmɔn,ɔmɛn
ɔm.ɔŋ,ɔm.ɛŋ,ɔmɔŋ,ɔmɛŋ
ɔm.ɔp,ɔm.ɛp,ɔmɔp,ɔmɛp
ɔm.ɔt,ɔm.ɛt,ɔmɔt,ɔmɛt
ɔm.ɔk,ɔm.ɛk,ɔmɔk,ɔmɛk
ɔm.ɔb,ɔm.ɛb,ɔmɔb,ɔmɛb
ɔm.ɔd,ɔm.ɛd,ɔmɔd,ɔmɛd
ɔm.ɔg,ɔm.ɛg,ɔmɔg,ɔmɛg
ɔm.ɔf,ɔm.ɛf,ɔmɔf,ɔmɛf
ɔm.ɔs,ɔm.ɛs,ɔmɔs,ɔmɛs
ɔm.ɔv,ɔm.ɛv,ɔmɔv,ɔmɛv
ɔm.ɔz,ɔm.ɛz,ɔmɔz,ɔmɛz
ɔm.ɔʃ,ɔm.ɛʃ,ɔmɔʃ,ɔmɛʃ
ɔm.ɔʒ,ɔm.ɛʒ,ɔmɔʒ,ɔmɛʒ
ɔm.ɔθ,ɔm.ɛθ,ɔmɔθ,ɔmɛθ
ɔm.ɔð,ɔm.ɛð,ɔmɔð,ɔmɛð
ɔn.ɪm,ɔn.ʊm,ɔnɪm,ɔnʊm
ɔn.ɪn,ɔn.ʊn,ɔnɪn,ɔnʊn
ɔn.ɪŋ,ɔn.ʊŋ,ɔnɪŋ,ɔnʊŋ
ɔn.ɪp,ɔn.ʊp,ɔnɪp,ɔnʊp
ɔn.ɪt,ɔn.ʊt,ɔnɪt,ɔnʊt
ɔn.ɪk,ɔn.ʊk,ɔnɪk,ɔnʊk
ɔn.ɪb,ɔn.ʊb,ɔnɪb,ɔnʊb
ɔn.ɪd,ɔn.ʊd,ɔnɪd,ɔnʊd
ɔn.ɪg,ɔn.ʊg,ɔnɪg,ɔnʊg
ɔn.ɪf,ɔn.ʊf,ɔnɪf,ɔnʊf
ɔn.ɪs,ɔn.ʊs,ɔnɪs,ɔnʊs
ɔn.ɪv,ɔn.ʊv,ɔnɪv,ɔnʊv
ɔn.ɪz,ɔn.ʊz,ɔnɪz,ɔnʊz
ɔn.ɪʃ,ɔn.ʊʃ,ɔnɪʃ,ɔnʊʃ
ɔn.ɪʒ,ɔn.ʊʒ,ɔnɪʒ,ɔnʊʒ
ɔn.ɪθ,ɔn.ʊθ,ɔnɪθ,ɔnʊθ
ɔn.ɪð,ɔn.ʊð,ɔnɪð,ɔnʊð
ɔn.ɛm,ɔn.ɔm,ɔnɛm,ɔnɔm
ɔn.ɛn,ɔn.ɔn,ɔnɛn,ɔnɔn
ɔn.ɛŋ,ɔn.ɔŋ,ɔnɛŋ,ɔnɔŋ
ɔn.ɛp,ɔn.ɔp,ɔnɛp,ɔnɔp
ɔn.ɛt,ɔn.ɔt,ɔnɛt,ɔnɔt
ɔn.ɛk,ɔn.ɔk,ɔnɛk,ɔnɔk
ɔn.ɛb,ɔn.ɔb,ɔnɛb,ɔnɔb
ɔn.ɛd,ɔn.ɔd,ɔnɛd,ɔnɔd
ɔn.ɛg,ɔn.ɔg,ɔnɛg,ɔnɔg
ɔn.ɛf,ɔn.ɔf,ɔnɛf,ɔnɔf
ɔn.ɛs,ɔn.ɔs,ɔnɛs,ɔnɔs
ɔn.ɛv,ɔn.ɔv,ɔnɛv,ɔnɔv
ɔn.ɛz,ɔn.ɔz,ɔnɛz,ɔnɔz
ɔn.ɛʃ,ɔn.ɔʃ,ɔnɛʃ,ɔnɔʃ
ɔn.ɛʒ,ɔn.ɔʒ,ɔnɛʒ,ɔnɔʒ
ɔn.ɛθ,ɔn.ɔθ,ɔnɛθ,ɔnɔθ
ɔn.ɛð,ɔn.ɔð,ɔnɛð,ɔnɔð
ɔn.ʊm,ɔn.ɪm,ɔnʊm,ɔnɪm
ɔn.ʊn,ɔn.ɪn,ɔnʊn,ɔnɪn
ɔn.ʊŋ,ɔn.ɪŋ,ɔnʊŋ,ɔnɪŋ
ɔn.ʊp,ɔn.ɪp,ɔnʊp,ɔnɪp
ɔn.ʊt,ɔn.ɪt,ɔnʊt,ɔnɪt
ɔn.ʊk,ɔn.ɪk,ɔnʊk,ɔnɪk
ɔn.ʊb,ɔn.ɪb,ɔnʊb,ɔnɪb
ɔn.ʊd,ɔn.ɪd,ɔnʊd,ɔnɪd
ɔn.ʊg,ɔn.ɪg,ɔnʊg,ɔnɪg
ɔn.ʊf,ɔn.ɪf,ɔnʊf,ɔnɪf
ɔn.ʊs,ɔn.ɪs,ɔnʊs,ɔnɪs
ɔn.ʊv,ɔn.ɪv,ɔnʊv,ɔnɪv
ɔn.ʊz,ɔn.ɪz,ɔnʊz,ɔnɪz
ɔn.ʊʃ,ɔn.ɪʃ,ɔnʊʃ,ɔnɪʃ
ɔn.ʊʒ,ɔn.ɪʒ,ɔnʊʒ,ɔnɪʒ
ɔn.ʊθ,ɔn.ɪθ,ɔnʊθ,ɔnɪθ
ɔn.ʊð,ɔn.ɪð,ɔnʊð,ɔnɪð
ɔn.ɔm,ɔn.ɛm,ɔnɔm,ɔnɛm
ɔn.ɔn,ɔn.ɛn,ɔnɔn,ɔnɛn
ɔn.ɔŋ,ɔn.ɛŋ,ɔnɔŋ,ɔnɛŋ
ɔn.ɔp,ɔn.ɛp,ɔnɔp,ɔnɛp
ɔn.ɔt,ɔn.ɛt,ɔnɔt,ɔnɛt
ɔn.ɔk,ɔn.ɛk,ɔnɔk,ɔnɛk
ɔn.ɔb,ɔn.ɛb,ɔnɔb,ɔnɛb
ɔn.ɔd,ɔn.ɛd,ɔnɔd,ɔnɛd
ɔn.ɔg,ɔn.ɛg,ɔnɔg,ɔnɛg
ɔn.ɔf,ɔn.ɛf,ɔnɔf,ɔnɛf
ɔn.ɔs,ɔn.ɛs,ɔnɔs,ɔnɛs
ɔn.ɔv,ɔn.ɛv,ɔnɔv,ɔnɛv
ɔn.ɔz,ɔn.ɛz,ɔnɔz,ɔnɛz
ɔn.ɔʃ,ɔn.ɛʃ,ɔnɔʃ,ɔnɛʃ
ɔn.ɔʒ,ɔn.ɛʒ,ɔnɔʒ,ɔnɛʒ
ɔn.ɔθ,ɔn.ɛθ,ɔnɔθ,ɔnɛθ
ɔn.ɔð,ɔn.ɛð,ɔnɔð,ɔnɛð
ɔŋ.ɪm,ɔŋ.ʊm,ɔŋɪm,ɔŋʊm
ɔŋ.ɪn,ɔŋ.ʊn,ɔŋɪn,ɔŋʊn
ɔŋ.ɪŋ,ɔŋ.ʊŋ,ɔŋɪŋ,ɔŋʊŋ
ɔŋ.ɪp,ɔŋ.ʊp,ɔŋɪp,ɔŋʊp
ɔŋ.ɪt,ɔŋ.ʊt,ɔŋɪt,ɔŋʊt
ɔŋ.ɪk,ɔŋ.ʊk,ɔŋɪk,ɔŋʊk
ɔŋ.ɪb,ɔŋ.ʊb,ɔŋɪb,ɔŋʊb
ɔŋ.ɪd,ɔŋ.ʊd,ɔŋɪd,ɔŋʊd
ɔŋ.ɪg,ɔŋ.ʊg,ɔŋɪg,ɔŋʊg
ɔŋ.ɪf,ɔŋ.ʊf,ɔŋɪf,ɔŋʊf
ɔŋ.ɪs,ɔŋ.ʊs,ɔŋɪs,ɔŋʊs
ɔŋ.ɪv,ɔŋ.ʊv,ɔŋɪv,ɔŋʊv
ɔŋ.ɪz,ɔŋ.ʊz,ɔŋɪz,ɔŋʊz
ɔŋ.ɪʃ,ɔŋ.ʊʃ,ɔŋɪʃ,ɔŋʊʃ
ɔŋ.ɪʒ,ɔŋ.ʊʒ,ɔŋɪʒ,ɔŋʊʒ
ɔŋ.ɪθ,ɔŋ.ʊθ,ɔŋɪθ,ɔŋʊθ
ɔŋ.ɪð,ɔŋ.ʊð,ɔŋɪð,ɔŋʊð
ɔŋ.ɛm,ɔŋ.ɔm,ɔŋɛm,ɔŋɔm
ɔŋ.ɛn,ɔŋ.ɔn,ɔŋɛn,ɔŋɔn
ɔŋ.ɛŋ,ɔŋ.ɔŋ,ɔŋɛŋ,ɔŋɔŋ
ɔŋ.ɛp,ɔŋ.ɔp,ɔŋɛp,ɔŋɔp
ɔŋ.ɛt,ɔŋ.ɔt,ɔŋɛt,ɔŋɔt
ɔŋ.ɛk,ɔŋ.ɔk,ɔŋɛk,ɔŋɔk
ɔŋ.ɛb,ɔŋ.ɔb,ɔŋɛb,ɔŋɔb
ɔŋ.ɛd,ɔŋ.ɔd,ɔŋɛd,ɔŋɔd
ɔŋ.ɛg,ɔŋ.ɔg,ɔŋɛg,ɔŋɔg
ɔŋ.ɛf,ɔŋ.ɔf,ɔŋɛf,ɔŋɔf
ɔŋ.ɛs,ɔŋ.ɔs,ɔŋɛs,ɔŋɔs
ɔŋ.ɛv,ɔŋ.ɔv,ɔŋɛv,ɔŋɔv
ɔŋ.ɛz,ɔŋ.ɔz,ɔŋɛz,ɔŋɔz
ɔŋ.ɛʃ,ɔŋ.ɔʃ,ɔŋɛʃ,ɔŋɔʃ
ɔŋ.ɛʒ,ɔŋ.ɔʒ,ɔŋɛʒ,ɔŋɔʒ
ɔŋ.ɛθ,ɔŋ.ɔθ,ɔŋɛθ,ɔŋɔθ
ɔŋ.ɛð,ɔŋ.ɔð,ɔŋɛð,ɔŋɔð
ɔŋ.ʊm,ɔŋ.ɪm,ɔŋʊm,ɔŋɪm
ɔŋ.ʊn,ɔŋ.ɪn,ɔŋʊn,ɔŋɪn
ɔŋ.ʊŋ,ɔŋ.ɪŋ,ɔŋʊŋ,ɔŋɪŋ
ɔŋ.ʊp,ɔŋ.ɪp,ɔŋʊp,ɔŋɪp
ɔŋ.ʊt,ɔŋ.ɪt,ɔŋʊt,ɔŋɪt
ɔŋ.ʊk,ɔŋ.ɪk,ɔŋʊk,ɔŋɪk
ɔŋ.ʊb,ɔŋ.ɪb,ɔŋʊb,ɔŋɪb
ɔŋ.ʊd,ɔŋ.ɪd,ɔŋʊd,ɔŋɪd
ɔŋ.ʊg,ɔŋ.ɪg,ɔŋʊg,ɔŋɪg
ɔŋ.ʊf,ɔŋ.ɪf,ɔŋʊf,ɔŋɪf
ɔŋ.ʊs,ɔŋ.ɪs,ɔŋʊs,ɔŋɪs
ɔŋ.ʊv,ɔŋ.ɪv,ɔŋʊv,ɔŋɪv
ɔŋ.ʊz,ɔŋ.ɪz,ɔŋʊz,ɔŋɪz
ɔŋ.ʊʃ,ɔŋ.ɪʃ,ɔŋʊʃ,ɔŋɪʃ
ɔŋ.ʊʒ,ɔŋ.ɪʒ,ɔŋʊʒ,ɔŋɪʒ
ɔŋ.ʊθ,ɔŋ.ɪθ,ɔŋʊθ,ɔŋɪθ
ɔŋ.ʊð,ɔŋ.ɪð,ɔŋʊð,ɔŋɪð
ɔŋ.ɔm,ɔŋ.ɛm,ɔŋɔm,ɔŋɛm
ɔŋ.ɔn,ɔŋ.ɛn,ɔŋɔn,ɔŋɛn
ɔŋ.ɔŋ,ɔŋ.ɛŋ,ɔŋɔŋ,ɔŋɛŋ
ɔŋ.ɔp,ɔŋ.ɛp,ɔŋɔp,ɔŋɛp
ɔŋ.ɔt,ɔŋ.ɛt,ɔŋɔt,ɔŋɛt
ɔŋ.ɔk,ɔŋ.ɛk,ɔŋɔk,ɔŋɛk
ɔŋ.ɔb,ɔŋ.ɛb,ɔŋɔb,ɔŋɛb
ɔŋ.ɔd,ɔŋ.ɛd,ɔŋɔd,ɔŋɛd
ɔŋ.ɔg,ɔŋ.ɛg,ɔŋɔg,ɔŋɛg
ɔŋ.ɔf,ɔŋ.ɛf,ɔŋɔf,ɔŋɛf
ɔŋ.ɔs,ɔŋ.ɛs,ɔŋɔs,ɔŋɛs
ɔŋ.ɔv,ɔŋ.ɛv,ɔŋɔv,ɔŋɛv
ɔŋ.ɔz,ɔŋ.ɛz,ɔŋɔz,ɔŋɛz
ɔŋ.ɔʃ,ɔŋ.ɛʃ,ɔŋɔʃ,ɔŋɛʃ
ɔŋ.ɔʒ,ɔŋ.ɛʒ,ɔŋɔʒ,ɔŋɛʒ
ɔŋ.ɔθ,ɔŋ.ɛθ,ɔŋɔθ,ɔŋɛθ
ɔŋ.ɔð,ɔŋ.ɛð,ɔŋɔð,ɔŋɛð
ɔp.ɪm,ɔp.ʊm,ɔpɪm,ɔpʊm
ɔp.ɪn,ɔp.ʊn,ɔpɪn,ɔpʊn
ɔp.ɪŋ,ɔp.ʊŋ,ɔpɪŋ,ɔpʊŋ
ɔp.ɪp,ɔp.ʊp,ɔpɪp,ɔpʊp
ɔp.ɪt,ɔp.ʊt,ɔpɪt,ɔpʊt
ɔp.ɪk,ɔp.ʊk,ɔpɪk,ɔpʊk
ɔp.ɪb,ɔp.ʊb,ɔpɪb,ɔpʊb
ɔp.ɪd,ɔp.ʊd,ɔpɪd,ɔpʊd
ɔp.ɪg,ɔp.ʊg,ɔpɪg,ɔpʊg
ɔp.ɪf,ɔp.ʊf,ɔpɪf,ɔpʊf
ɔp.ɪs,ɔp.ʊs,ɔpɪs,ɔpʊs
ɔp.ɪv,ɔp.ʊv,ɔpɪv,ɔpʊv
ɔp.ɪz,ɔp.ʊz,ɔpɪz,ɔpʊz
ɔp.ɪʃ,ɔp.ʊʃ,ɔpɪʃ,ɔpʊʃ
ɔp.ɪʒ,ɔp.ʊʒ,ɔpɪʒ,ɔpʊʒ
ɔp.ɪθ,ɔp.ʊθ,ɔpɪθ,ɔpʊθ
ɔp.ɪð,ɔp.ʊð,ɔpɪð,ɔpʊð
ɔp.ɛm,ɔp.ɔm,ɔpɛm,ɔpɔm
ɔp.ɛn,ɔp.ɔn,ɔpɛn,ɔpɔn
ɔp.ɛŋ,ɔp.ɔŋ,ɔpɛŋ,ɔpɔŋ
ɔp.ɛp,ɔp.ɔp,ɔpɛp,ɔpɔp
ɔp.ɛt,ɔp.ɔt,ɔpɛt,ɔpɔt
ɔp.ɛk,ɔp.ɔk,ɔpɛk,ɔpɔk
ɔp.ɛb,ɔp.ɔb,ɔpɛb,ɔpɔb
ɔp.ɛd,ɔp.ɔd,ɔpɛd,ɔpɔd
ɔp.ɛg,ɔp.ɔg,ɔpɛg,ɔpɔg
ɔp.ɛf,ɔp.ɔf,ɔpɛf,ɔpɔf
ɔp.ɛs,ɔp.ɔs,ɔpɛs,ɔpɔs
ɔp.ɛv,ɔp.ɔv,ɔpɛv,ɔpɔv
ɔp.ɛz,ɔp.ɔz,ɔpɛz,ɔpɔz
ɔp.ɛʃ,ɔp.ɔʃ,ɔpɛʃ,ɔpɔʃ
ɔp.ɛʒ,ɔp.ɔʒ,ɔpɛʒ,ɔpɔʒ
ɔp.ɛθ,ɔp.ɔθ,ɔpɛθ,ɔpɔθ
ɔp.ɛð,ɔp.ɔð,ɔpɛð,ɔpɔð
ɔp.ʊm,ɔp.ɪm,ɔpʊm,ɔpɪm
ɔp.ʊn,ɔp.ɪn,ɔpʊn,ɔpɪn
ɔp.ʊŋ,ɔp.ɪŋ,ɔpʊŋ,ɔpɪŋ
ɔp.ʊp,ɔp.ɪp,ɔpʊp,ɔpɪp
ɔp.ʊt,ɔp.ɪt,ɔpʊt,ɔpɪt
ɔp.ʊk,ɔp.ɪk,ɔpʊk,ɔpɪk
ɔp.ʊb,ɔp.ɪb,ɔpʊb,ɔpɪb
ɔp.ʊd,ɔp.ɪd,ɔpʊd,ɔpɪd
ɔp.ʊg,ɔp.ɪg,ɔpʊg,ɔpɪg
ɔp.ʊf,ɔp.ɪf,ɔpʊf,ɔpɪf
ɔp.ʊs,ɔp.ɪs,ɔpʊs,ɔpɪs
ɔp.ʊv,ɔp.ɪv,ɔpʊv,ɔpɪv
ɔp.ʊz,ɔp.ɪz,ɔpʊz,ɔpɪz
ɔp.ʊʃ,ɔp.ɪʃ,ɔpʊʃ,ɔpɪʃ
ɔp.ʊʒ,ɔp.ɪʒ,ɔpʊʒ,ɔpɪʒ
ɔp.ʊθ,ɔp.ɪθ,ɔpʊθ,ɔpɪθ
ɔp.ʊð,ɔp.ɪð,ɔpʊð,ɔpɪð
ɔp.ɔm,ɔp.ɛm,ɔpɔm,ɔpɛm
ɔp.ɔn,ɔp.ɛn,ɔpɔn,ɔpɛn
ɔp.ɔŋ,ɔp.ɛŋ,ɔpɔŋ,ɔpɛŋ
ɔp.ɔp,ɔp.ɛp,ɔpɔp,ɔpɛp
ɔp.ɔt,ɔp.ɛt,ɔpɔt,ɔpɛt
ɔp.ɔk,ɔp.ɛk,ɔpɔk,ɔpɛk
ɔp.ɔb,ɔp.ɛb,ɔpɔb,ɔpɛb
ɔp.ɔd,ɔp.ɛd,ɔpɔd,ɔpɛd
ɔp.ɔg,ɔp.ɛg,ɔpɔg,ɔpɛg
ɔp.ɔf,ɔp.ɛf,ɔpɔf,ɔpɛf
ɔp.ɔs,ɔp.ɛs,ɔpɔs,ɔpɛs
ɔp.ɔv,ɔp.ɛv,ɔpɔv,ɔpɛv
ɔp.ɔz,ɔp.ɛz,ɔpɔz,ɔpɛz
ɔp.ɔʃ,ɔp.ɛʃ,ɔpɔʃ,ɔpɛʃ
ɔp.ɔʒ,ɔp.ɛʒ,ɔpɔʒ,ɔpɛʒ
ɔp.ɔθ,ɔp.ɛθ,ɔpɔθ,ɔpɛθ
ɔp.ɔð,ɔp.ɛð,ɔpɔð,ɔpɛð
ɔt.ɪm,ɔt.ʊm,ɔtɪm,ɔtʊm
ɔt.ɪn,ɔt.ʊn,ɔtɪn,ɔtʊn
ɔt.ɪŋ,ɔt.ʊŋ,ɔtɪŋ,ɔtʊŋ
ɔt.ɪp,ɔt.ʊp,ɔtɪp,ɔtʊp
ɔt.ɪt,ɔt.ʊt,ɔtɪt,ɔtʊt
ɔt.ɪk,ɔt.ʊk,ɔtɪk,ɔtʊk
ɔt.ɪb,ɔt.ʊb,ɔtɪb,ɔtʊb
ɔt.ɪd,ɔt.ʊd,ɔtɪd,ɔtʊd
ɔt.ɪg,ɔt.ʊg,ɔtɪg,ɔtʊg
ɔt.ɪf,ɔt.ʊf,ɔtɪf,ɔtʊf
ɔt.ɪs,ɔt.ʊs,ɔtɪs,ɔtʊs
ɔt.ɪv,ɔt.ʊv,ɔtɪv,ɔtʊv
ɔt.ɪz,ɔt.ʊz,ɔtɪz,ɔtʊz
ɔt.ɪʃ,ɔt.ʊʃ,ɔtɪʃ,ɔtʊʃ
ɔt.ɪʒ,ɔt.ʊʒ,ɔtɪʒ,ɔtʊʒ
ɔt.ɪθ,ɔt.ʊθ,ɔtɪθ,ɔtʊθ
ɔt.ɪð,ɔt.ʊð,ɔtɪð,ɔtʊð
ɔt.ɛm,ɔt.ɔm,ɔtɛm,ɔtɔm
ɔt.ɛn,ɔt.ɔn,ɔtɛn,ɔtɔn
ɔt.ɛŋ,ɔt.ɔŋ,ɔtɛŋ,ɔtɔŋ
ɔt.ɛp,ɔt.ɔp,ɔtɛp,ɔtɔp
ɔt.ɛt,ɔt.ɔt,ɔtɛt,ɔtɔt
ɔt.ɛk,ɔt.ɔk,ɔtɛk,ɔtɔk
ɔt.ɛb,ɔt.ɔb,ɔtɛb,ɔtɔb
ɔt.ɛd,ɔt.ɔd,ɔtɛd,ɔtɔd
ɔt.ɛg,ɔt.ɔg,ɔtɛg,ɔtɔg
ɔt.ɛf,ɔt.ɔf,ɔtɛf,ɔtɔf
ɔt.ɛs,ɔt.ɔs,ɔtɛs,ɔtɔs
ɔt.ɛv,ɔt.ɔv,ɔtɛv,ɔtɔv
ɔt.ɛz,ɔt.ɔz,ɔtɛz,ɔtɔz
ɔt.ɛʃ,ɔt.ɔʃ,ɔtɛʃ,ɔtɔʃ
ɔt.ɛʒ,ɔt.ɔʒ,ɔtɛʒ,ɔtɔʒ
ɔt.ɛθ,ɔt.ɔθ,ɔtɛθ,ɔtɔθ
ɔt.ɛð,ɔt.ɔð,ɔtɛð,ɔtɔð
ɔt.ʊm,ɔt.ɪm,ɔtʊm,ɔtɪm
ɔt.ʊn,ɔt.ɪn,ɔtʊn,ɔtɪn
ɔt.ʊŋ,ɔt.ɪŋ,ɔtʊŋ,ɔtɪŋ
ɔt.ʊp,ɔt.ɪp,ɔtʊp,ɔtɪp
ɔt.ʊt,ɔt.ɪt,ɔtʊt,ɔtɪt
ɔt.ʊk,ɔt.ɪk,ɔtʊk,ɔtɪk
ɔt.ʊb,ɔt.ɪb,ɔtʊb,ɔtɪb
ɔt.ʊd,ɔt.ɪd,ɔtʊd,ɔtɪd
ɔt.ʊg,ɔt.ɪg,ɔtʊg,ɔtɪg
ɔt.ʊf,ɔt.ɪf,ɔtʊf,ɔtɪf
ɔt.ʊs,ɔt.ɪs,ɔtʊs,ɔtɪs
ɔt.ʊv,ɔt.ɪv,ɔtʊv,ɔtɪv
ɔt.ʊz,ɔt.ɪz,ɔtʊz,ɔtɪz
ɔt.ʊʃ,ɔt.ɪʃ,ɔtʊʃ,ɔtɪʃ
ɔt.ʊʒ,ɔt.ɪʒ,ɔtʊʒ,ɔtɪʒ
ɔt.ʊθ,ɔt.ɪθ,ɔtʊθ,ɔtɪθ
ɔt.ʊð,ɔt.ɪð,ɔtʊð,ɔtɪð
ɔt.ɔm,ɔt.ɛm,ɔtɔm,ɔtɛm
ɔt.ɔn,ɔt.ɛn,ɔtɔn,ɔtɛn
ɔt.ɔŋ,ɔt.ɛŋ,ɔtɔŋ,ɔtɛŋ
ɔt.ɔp,ɔt.ɛp,ɔtɔp,ɔtɛp
ɔt.ɔt,ɔt.ɛt,ɔtɔt,ɔtɛt
ɔt.ɔk,ɔt.ɛk,ɔtɔk,ɔtɛk
ɔt.ɔb,ɔt.ɛb,ɔtɔb,ɔtɛb
ɔt.ɔd,ɔt.ɛd,ɔtɔd,ɔtɛd
ɔt.ɔg,ɔt.ɛg,ɔtɔg,ɔtɛg
ɔt.ɔf,ɔt.ɛf,ɔtɔf,ɔtɛf
ɔt.ɔs,ɔt.ɛs,ɔtɔs,ɔtɛs
ɔt.ɔv,ɔt.ɛv,ɔtɔv,ɔtɛv
ɔt.ɔz,ɔt.ɛz,ɔtɔz,ɔtɛz
ɔt.ɔʃ,ɔt.ɛʃ,ɔtɔʃ,ɔtɛʃ
ɔt.ɔʒ,ɔt.ɛʒ,ɔtɔʒ,ɔtɛʒ
ɔt.ɔθ,ɔt.ɛθ,ɔtɔθ,ɔtɛθ
ɔt.ɔð,ɔt.ɛð,ɔtɔð,ɔtɛð
ɔk.ɪm,ɔk.ʊm,ɔkɪm,ɔkʊm
ɔk.ɪn,ɔk.ʊn,ɔkɪn,ɔkʊn
ɔk.ɪŋ,ɔk.ʊŋ,ɔkɪŋ,ɔkʊŋ
ɔk.ɪp,ɔk.ʊp,ɔkɪp,ɔkʊp
ɔk.ɪt,ɔk.ʊt,ɔkɪt,ɔkʊt
ɔk.ɪk,ɔk.ʊk,ɔkɪk,ɔkʊk
ɔk.ɪb,ɔk.ʊb,ɔkɪb,ɔkʊb
ɔk.ɪd,ɔk.ʊd,ɔkɪd,ɔkʊd
ɔk.ɪg,ɔk.ʊg,ɔkɪg,ɔkʊg
ɔk.ɪf,ɔk.ʊf,ɔkɪf,ɔkʊf
ɔk.ɪs,ɔk.ʊs,ɔkɪs,ɔkʊs
ɔk.ɪv,ɔk.ʊv,ɔkɪv,ɔkʊv
ɔk.ɪz,ɔk.ʊz,ɔkɪz,ɔkʊz
ɔk.ɪʃ,ɔk.ʊʃ,ɔkɪʃ,ɔkʊʃ
ɔk.ɪʒ,ɔk.ʊʒ,ɔkɪʒ,ɔkʊʒ
ɔk.ɪθ,ɔk.ʊθ,ɔkɪθ,ɔkʊθ
ɔk.ɪð,ɔk.ʊð,ɔkɪð,ɔkʊð
ɔk.ɛm,ɔk.ɔm,ɔkɛm,ɔkɔm
ɔk.ɛn,ɔk.ɔn,ɔkɛn,ɔkɔn
ɔk.ɛŋ,ɔk.ɔŋ,ɔkɛŋ,ɔkɔŋ
ɔk.ɛp,ɔk.ɔp,ɔkɛp,ɔkɔp
ɔk.ɛt,ɔk.ɔt,ɔkɛt,ɔkɔt
ɔk.ɛk,ɔk.ɔk,ɔkɛk,ɔkɔk
ɔk.ɛb,ɔk.ɔb,ɔkɛb,ɔkɔb
ɔk.ɛd,ɔk.ɔd,ɔkɛd,ɔkɔd
ɔk.ɛg,ɔk.ɔg,ɔkɛg,ɔkɔg
ɔk.ɛf,ɔk.ɔf,ɔkɛf,ɔkɔf
ɔk.ɛs,ɔk.ɔs,ɔkɛs,ɔkɔs
ɔk.ɛv,ɔk.ɔv,ɔkɛv,ɔkɔv
ɔk.ɛz,ɔk.ɔz,ɔkɛz,ɔkɔz
ɔk.ɛʃ,ɔk.ɔʃ,ɔkɛʃ,ɔkɔʃ
ɔk.ɛʒ,ɔk.ɔʒ,ɔkɛʒ,ɔkɔʒ
ɔk.ɛθ,ɔk.ɔθ,ɔkɛθ,ɔkɔθ
ɔk.ɛð,ɔk.ɔð,ɔkɛð,ɔkɔð
ɔk.ʊm,ɔk.ɪm,ɔkʊm,ɔkɪm
ɔk.ʊn,ɔk.ɪn,ɔkʊn,ɔkɪn
ɔk.ʊŋ,ɔk.ɪŋ,ɔkʊŋ,ɔkɪŋ
ɔk.ʊp,ɔk.ɪp,ɔkʊp,ɔkɪp
ɔk.ʊt,ɔk.ɪt,ɔkʊt,ɔkɪt
ɔk.ʊk,ɔk.ɪk,ɔkʊk,ɔkɪk
ɔk.ʊb,ɔk.ɪb,ɔkʊb,ɔkɪb
ɔk.ʊd,ɔk.ɪd,ɔkʊd,ɔkɪd
ɔk.ʊg,ɔk.ɪg,ɔkʊg,ɔkɪg
ɔk.ʊf,ɔk.ɪf,ɔkʊf,ɔkɪf
ɔk.ʊs,ɔk.ɪs,ɔkʊs,ɔkɪs
ɔk.ʊv,ɔk.ɪv,ɔkʊv,ɔkɪv
ɔk.ʊz,ɔk.ɪz,ɔkʊz,ɔkɪz
ɔk.ʊʃ,ɔk.ɪʃ,ɔkʊʃ,ɔkɪʃ
ɔk.ʊʒ,ɔk.ɪʒ,ɔkʊʒ,ɔkɪʒ
ɔk.ʊθ,ɔk.ɪθ,ɔkʊθ,ɔkɪθ
ɔk.ʊð,ɔk.ɪð,ɔkʊð,ɔkɪð
ɔk.ɔm,ɔk.ɛm,ɔkɔm,ɔkɛm
ɔk.ɔn,ɔk.ɛn,ɔkɔn,ɔkɛn
ɔk.ɔŋ,ɔk.ɛŋ,ɔkɔŋ,ɔkɛŋ
ɔk.ɔp,ɔk.ɛp,ɔkɔp,ɔkɛp
ɔk.ɔt,ɔk.ɛt,ɔkɔt,ɔkɛt
ɔk.ɔk,ɔk.ɛk,ɔkɔk,ɔkɛk
ɔk.ɔb,ɔk.ɛb,ɔkɔb,ɔkɛb
ɔk.ɔd,ɔk.ɛd,ɔkɔd,ɔkɛd
ɔk.ɔg,ɔk.ɛg,ɔkɔg,ɔkɛg
ɔk.ɔf,ɔk.ɛf,ɔkɔf,ɔkɛf
ɔk.ɔs,ɔk.ɛs,ɔkɔs,ɔkɛs
ɔk.ɔv,ɔk.ɛv,ɔkɔv,ɔkɛv
ɔk.ɔz,ɔk.ɛz,ɔkɔz,ɔkɛz
ɔk.ɔʃ,ɔk.ɛʃ,ɔkɔʃ,ɔkɛʃ
ɔk.ɔʒ,ɔk.ɛʒ,ɔkɔʒ,ɔkɛʒ
ɔk.ɔθ,ɔk.ɛθ,ɔkɔθ,ɔkɛθ
ɔk.ɔð,ɔk.ɛð,ɔkɔð,ɔkɛð
ɔb.ɪm,ɔb.ʊm,ɔbɪm,ɔbʊm
ɔb.ɪn,ɔb.ʊn,ɔbɪn,ɔbʊn
ɔb.ɪŋ,ɔb.ʊŋ,ɔbɪŋ,ɔbʊŋ
ɔb.ɪp,ɔb.ʊp,ɔbɪp,ɔbʊp
ɔb.ɪt,ɔb.ʊt,ɔbɪt,ɔbʊt
ɔb.ɪk,ɔb.ʊk,ɔbɪk,ɔbʊk
ɔb.ɪb,ɔb.ʊb,ɔbɪb,ɔbʊb
ɔb.ɪd,ɔb.ʊd,ɔbɪd,ɔbʊd
ɔb.ɪg,ɔb.ʊg,ɔbɪg,ɔbʊg
ɔb.ɪf,ɔb.ʊf,ɔbɪf,ɔbʊf
ɔb.ɪs,ɔb.ʊs,ɔbɪs,ɔbʊs
ɔb.ɪv,ɔb.ʊv,ɔbɪv,ɔbʊv
ɔb.ɪz,ɔb.ʊz,ɔbɪz,ɔbʊz
ɔb.ɪʃ,ɔb.ʊʃ,ɔbɪʃ,ɔbʊʃ
ɔb.ɪʒ,ɔb.ʊʒ,ɔbɪʒ,ɔbʊʒ
ɔb.ɪθ,ɔb.ʊθ,ɔbɪθ,ɔbʊθ
ɔb.ɪð,ɔb.ʊð,ɔbɪð,ɔbʊð
ɔb.ɛm,ɔb.ɔm,ɔbɛm,ɔbɔm
ɔb.ɛn,ɔb.ɔn,ɔbɛn,ɔbɔn
ɔb.ɛŋ,ɔb.ɔŋ,ɔbɛŋ,ɔbɔŋ
ɔb.ɛp,ɔb.ɔp,ɔbɛp,ɔbɔp
ɔb.ɛt,ɔb.ɔt,ɔbɛt,ɔbɔt
ɔb.ɛk,ɔb.ɔk,ɔbɛk,ɔbɔk
ɔb.ɛb,ɔb.ɔb,ɔbɛb,ɔbɔb
ɔb.ɛd,ɔb.ɔd,ɔbɛd,ɔbɔd
ɔb.ɛg,ɔb.ɔg,ɔbɛg,ɔbɔg
ɔb.ɛf,ɔb.ɔf,ɔbɛf,ɔbɔf
ɔb.ɛs,ɔb.ɔs,ɔbɛs,ɔbɔs
ɔb.ɛv,ɔb.ɔv,ɔbɛv,ɔbɔv
ɔb.ɛz,ɔb.ɔz,ɔbɛz,ɔbɔz
ɔb.ɛʃ,ɔb.ɔʃ,ɔbɛʃ,ɔbɔʃ
ɔb.ɛʒ,ɔb.ɔʒ,ɔbɛʒ,ɔbɔʒ
ɔb.ɛθ,ɔb.ɔθ,ɔbɛθ,ɔbɔθ
ɔb.ɛð,ɔb.ɔð,ɔbɛð,ɔbɔð
ɔb.ʊm,ɔb.ɪm,ɔbʊm,ɔbɪm
ɔb.ʊn,ɔb.ɪn,ɔbʊn,ɔbɪn
ɔb.ʊŋ,ɔb.ɪŋ,ɔbʊŋ,ɔbɪŋ
ɔb.ʊp,ɔb.ɪp,ɔbʊp,ɔbɪp
ɔb.ʊt,ɔb.ɪt,ɔbʊt,ɔbɪt
ɔb.ʊk,ɔb.ɪk,ɔbʊk,ɔbɪk
ɔb.ʊb,ɔb.ɪb,ɔbʊb,ɔbɪb
ɔb.ʊd,ɔb.ɪd,ɔbʊd,ɔbɪd
ɔb.ʊg,ɔb.ɪg,ɔbʊg,ɔbɪg
ɔb.ʊf,ɔb.ɪf,ɔbʊf,ɔbɪf
ɔb.ʊs,ɔb.ɪs,ɔbʊs,ɔbɪs
ɔb.ʊv,ɔb.ɪv,ɔbʊv,ɔbɪv
ɔb.ʊz,ɔb.ɪz,ɔbʊz,ɔbɪz
ɔb.ʊʃ,ɔb.ɪʃ,ɔbʊʃ,ɔbɪʃ
ɔb.ʊʒ,ɔb.ɪʒ,ɔbʊʒ,ɔbɪʒ
ɔb.ʊθ,ɔb.ɪθ,ɔbʊθ,ɔbɪθ
ɔb.ʊð,ɔb.ɪð,ɔbʊð,ɔbɪð
ɔb.ɔm,ɔb.ɛm,ɔbɔm,ɔbɛm
ɔb.ɔn,ɔb.ɛn,ɔbɔn,ɔbɛn
ɔb.ɔŋ,ɔb.ɛŋ,ɔbɔŋ,ɔbɛŋ
ɔb.ɔp,ɔb.ɛp,ɔbɔp,ɔbɛp
ɔb.ɔt,ɔb.ɛt,ɔbɔt,ɔbɛt
ɔb.ɔk,ɔb.ɛk,ɔbɔk,ɔbɛk
ɔb.ɔb,ɔb.ɛb,ɔbɔb,ɔbɛb
ɔb.ɔd,ɔb.ɛd,ɔbɔd,ɔbɛd
ɔb.ɔg,ɔb.ɛg,ɔbɔg,ɔbɛg
ɔb.ɔf,ɔb.ɛf,ɔbɔf,ɔbɛf
ɔb.ɔs,ɔb.ɛs,ɔbɔs,ɔbɛs
ɔb.ɔv,ɔb.ɛv,ɔbɔv,ɔbɛv
ɔb.ɔz,ɔb.ɛz,ɔbɔz,ɔbɛz
ɔb.ɔʃ,ɔb.ɛʃ,ɔbɔʃ,ɔbɛʃ
ɔb.ɔʒ,ɔb.ɛʒ,ɔbɔʒ,ɔbɛʒ
ɔb.ɔθ,ɔb.ɛθ,ɔbɔθ,ɔbɛθ
ɔb.ɔð,ɔb.ɛð,ɔbɔð,ɔbɛð
ɔd.ɪm,ɔd.ʊm,ɔdɪm,ɔdʊm
ɔd.ɪn,ɔd.ʊn,ɔdɪn,ɔdʊn
ɔd.ɪŋ,ɔd.ʊŋ,ɔdɪŋ,ɔdʊŋ
ɔd.ɪp,ɔd.ʊp,ɔdɪp,ɔdʊp
ɔd.ɪt,ɔd.ʊt,ɔdɪt,ɔdʊt
ɔd.ɪk,ɔd.ʊk,ɔdɪk,ɔdʊk
ɔd.ɪb,ɔd.ʊb,ɔdɪb,ɔdʊb
ɔd.ɪd,ɔd.ʊd,ɔdɪd,ɔdʊd
ɔd.ɪg,ɔd.ʊg,ɔdɪg,ɔdʊg
ɔd.ɪf,ɔd.ʊf,ɔdɪf,ɔdʊf
ɔd.ɪs,ɔd.ʊs,ɔdɪs,ɔdʊs
ɔd.ɪv,ɔd.ʊv,ɔdɪv,ɔdʊv
ɔd.ɪz,ɔd.ʊz,ɔdɪz,ɔdʊz
ɔd.ɪʃ,ɔd.ʊʃ,ɔdɪʃ,ɔdʊʃ
ɔd.ɪʒ,ɔd.ʊʒ,ɔdɪʒ,ɔdʊʒ
ɔd.ɪθ,ɔd.ʊθ,ɔdɪθ,ɔdʊθ
ɔd.ɪð,ɔd.ʊð,ɔdɪð,ɔdʊð
ɔd.ɛm,ɔd.ɔm,ɔdɛm,ɔdɔm
ɔd.ɛn,ɔd.ɔn,ɔdɛn,ɔdɔn
ɔd.ɛŋ,ɔd.ɔŋ,ɔdɛŋ,ɔdɔŋ
ɔd.ɛp,ɔd.ɔp,ɔdɛp,ɔdɔp
ɔd.ɛt,ɔd.ɔt,ɔdɛt,ɔdɔt
ɔd.ɛk,ɔd.ɔk,ɔdɛk,ɔdɔk
ɔd.ɛb,ɔd.ɔb,ɔdɛb,ɔdɔb
ɔd.ɛd,ɔd.ɔd,ɔdɛd,ɔdɔd
ɔd.ɛg,ɔd.ɔg,ɔdɛg,ɔdɔg
ɔd.ɛf,ɔd.ɔf,ɔdɛf,ɔdɔf
ɔd.ɛs,ɔd.ɔs,ɔdɛs,ɔdɔs
ɔd.ɛv,ɔd.ɔv,ɔdɛv,ɔdɔv
ɔd.ɛz,ɔd.ɔz,ɔdɛz,ɔdɔz
ɔd.ɛʃ,ɔd.ɔʃ,ɔdɛʃ,ɔdɔʃ
ɔd.ɛʒ,ɔd.ɔʒ,ɔdɛʒ,ɔdɔʒ
ɔd.ɛθ,ɔd.ɔθ,ɔdɛθ,ɔdɔθ
ɔd.ɛð,ɔd.ɔð,ɔdɛð,ɔdɔð
ɔd.ʊm,ɔd.ɪm,ɔdʊm,ɔdɪm
ɔd.ʊn,ɔd.ɪn,ɔdʊn,ɔdɪn
ɔd.ʊŋ,ɔd.ɪŋ,ɔdʊŋ,ɔdɪŋ
ɔd.ʊp,ɔd.ɪp,ɔdʊp,ɔdɪp
ɔd.ʊt,ɔd.ɪt,ɔdʊt,ɔdɪt
ɔd.ʊk,ɔd.ɪk,ɔdʊk,ɔdɪk
ɔd.ʊb,ɔd.ɪb,ɔdʊb,ɔdɪb
ɔd.ʊd,ɔd.ɪd,ɔdʊd,ɔdɪd
ɔd.ʊg,ɔd.ɪg,ɔdʊg,ɔdɪg
ɔd.ʊf,ɔd.ɪf,ɔdʊf,ɔdɪf
ɔd.ʊs,ɔd.ɪs,ɔdʊs,ɔdɪs
ɔd.ʊv,ɔd.ɪv,ɔdʊv,ɔdɪv
ɔd.ʊz,ɔd.ɪz,ɔdʊz,ɔdɪz
ɔd.ʊʃ,ɔd.ɪʃ,ɔdʊʃ,ɔdɪʃ
ɔd.ʊʒ,ɔd.ɪʒ,ɔdʊʒ,ɔdɪʒ
ɔd.ʊθ,ɔd.ɪθ,ɔdʊθ,ɔdɪθ
ɔd.ʊð,ɔd.ɪð,ɔdʊð,ɔdɪð
ɔd.ɔm,ɔd.ɛm,ɔdɔm,ɔdɛm
ɔd.ɔn,ɔd.ɛn,ɔdɔn,ɔdɛn
ɔd.ɔŋ,ɔd.ɛŋ,ɔdɔŋ,ɔdɛŋ
ɔd.ɔp,ɔd.ɛp,ɔdɔp,ɔdɛp
ɔd.ɔt,ɔd.ɛt,ɔdɔt,ɔdɛt
ɔd.ɔk,ɔd.ɛk,ɔdɔk,ɔdɛk
ɔd.ɔb,ɔd.ɛb,ɔdɔb,ɔdɛb
ɔd.ɔd,ɔd.ɛd,ɔdɔd,ɔdɛd
ɔd.ɔg,ɔd.ɛg,ɔdɔg,ɔdɛg
ɔd.ɔf,ɔd.ɛf,ɔdɔf,ɔdɛf
ɔd.ɔs,ɔd.ɛs,ɔdɔs,ɔdɛs
ɔd.ɔv,ɔd.ɛv,ɔdɔv,ɔdɛv
ɔd.ɔz,ɔd.ɛz,ɔdɔz,ɔdɛz
ɔd.ɔʃ,ɔd.ɛʃ,ɔdɔʃ,ɔdɛʃ
ɔd.ɔʒ,ɔd.ɛʒ,ɔdɔʒ,ɔdɛʒ
ɔd.ɔθ,ɔd.ɛθ,ɔdɔθ,ɔdɛθ
ɔd.ɔð,ɔd.ɛð,ɔdɔð,ɔdɛð
ɔg.ɪm,ɔg.ʊm,ɔgɪm,ɔgʊm
ɔg.ɪn,ɔg.ʊn,ɔgɪn,ɔgʊn
ɔg.ɪŋ,ɔg.ʊŋ,ɔgɪŋ,ɔgʊŋ
ɔg.ɪp,ɔg.ʊp,ɔgɪp,ɔgʊp
ɔg.ɪt,ɔg.ʊt,ɔgɪt,ɔgʊt
ɔg.ɪk,ɔg.ʊk,ɔgɪk,ɔgʊk
ɔg.ɪb,ɔg.ʊb,ɔgɪb,ɔgʊb
ɔg.ɪd,ɔg.ʊd,ɔgɪd,ɔgʊd
ɔg.ɪg,ɔg.ʊg,ɔgɪg,ɔgʊg
ɔg.ɪf,ɔg.ʊf,ɔgɪf,ɔgʊf
ɔg.ɪs,ɔg.ʊs,ɔgɪs,ɔgʊs
ɔg.ɪv,ɔg.ʊv,ɔgɪv,ɔgʊv
ɔg.ɪz,ɔg.ʊz,ɔgɪz,ɔgʊz
ɔg.ɪʃ,ɔg.ʊʃ,ɔgɪʃ,ɔgʊʃ
ɔg.ɪʒ,ɔg.ʊʒ,ɔgɪʒ,ɔgʊʒ
ɔg.ɪθ,ɔg.ʊθ,ɔgɪθ,ɔgʊθ
ɔg.ɪð,ɔg.ʊð,ɔgɪð,ɔgʊð
ɔg.ɛm,ɔg.ɔm,ɔgɛm,ɔgɔm
ɔg.ɛn,ɔg.ɔn,ɔgɛn,ɔgɔn
ɔg.ɛŋ,ɔg.ɔŋ,ɔgɛŋ,ɔgɔŋ
ɔg.ɛp,ɔg.ɔp,ɔgɛp,ɔgɔp
ɔg.ɛt,ɔg.ɔt,ɔgɛt,ɔgɔt
ɔg.ɛk,ɔg.ɔk,ɔgɛk,ɔgɔk
ɔg.ɛb,ɔg.ɔb,ɔgɛb,ɔgɔb
ɔg.ɛd,ɔg.ɔd,ɔgɛd,ɔgɔd
ɔg.ɛg,ɔg.ɔg,ɔgɛg,ɔgɔg
ɔg.ɛf,ɔg.ɔf,ɔgɛf,ɔgɔf
ɔg.ɛs,ɔg.ɔs,ɔgɛs,ɔgɔs
ɔg.ɛv,ɔg.ɔv,ɔgɛv,ɔgɔv
ɔg.ɛz,ɔg.ɔz,ɔgɛz,ɔgɔz
ɔg.ɛʃ,ɔg.ɔʃ,ɔgɛʃ,ɔgɔʃ
ɔg.ɛʒ,ɔg.ɔʒ,ɔgɛʒ,ɔgɔʒ
ɔg.ɛθ,ɔg.ɔθ,ɔgɛθ,ɔgɔθ
ɔg.ɛð,ɔg.ɔð,ɔgɛð,ɔgɔð
ɔg.ʊm,ɔg.ɪm,ɔgʊm,ɔgɪm
ɔg.ʊn,ɔg.ɪn,ɔgʊn,ɔgɪn
ɔg.ʊŋ,ɔg.ɪŋ,ɔgʊŋ,ɔgɪŋ
ɔg.ʊp,ɔg.ɪp,ɔgʊp,ɔgɪp
ɔg.ʊt,ɔg.ɪt,ɔgʊt,ɔgɪt
ɔg.ʊk,ɔg.ɪk,ɔgʊk,ɔgɪk
ɔg.ʊb,ɔg.ɪb,ɔgʊb,ɔgɪb
ɔg.ʊd,ɔg.ɪd,ɔgʊd,ɔgɪd
ɔg.ʊg,ɔg.ɪg,ɔgʊg,ɔgɪg
ɔg.ʊf,ɔg.ɪf,ɔgʊf,ɔgɪf
ɔg.ʊs,ɔg.ɪs,ɔgʊs,ɔgɪs
ɔg.ʊv,ɔg.ɪv,ɔgʊv,ɔgɪv
ɔg.ʊz,ɔg.ɪz,ɔgʊz,ɔgɪz
ɔg.ʊʃ,ɔg.ɪʃ,ɔgʊʃ,ɔgɪʃ
ɔg.ʊʒ,ɔg.ɪʒ,ɔgʊʒ,ɔgɪʒ
ɔg.ʊθ,ɔg.ɪθ,ɔgʊθ,ɔgɪθ
ɔg.ʊð,ɔg.ɪð,ɔgʊð,ɔgɪð
ɔg.ɔm,ɔg.ɛm,ɔgɔm,ɔgɛm
ɔg.ɔn,ɔg.ɛn,ɔgɔn,ɔgɛn
ɔg.ɔŋ,ɔg.ɛŋ,ɔgɔŋ,ɔgɛŋ
ɔg.ɔp,ɔg.ɛp,ɔgɔp,ɔgɛp
ɔg.ɔt,ɔg.ɛt,ɔgɔt,ɔgɛt
ɔg.ɔk,ɔg.ɛk,ɔgɔk,ɔgɛk
ɔg.ɔb,ɔg.ɛb,ɔgɔb,ɔgɛb
ɔg.ɔd,ɔg.ɛd,ɔgɔd,ɔgɛd
ɔg.ɔg,ɔg.ɛg,ɔgɔg,ɔgɛg
ɔg.ɔf,ɔg.ɛf,ɔgɔf,ɔgɛf
ɔg.ɔs,ɔg.ɛs,ɔgɔs,ɔgɛs
ɔg.ɔv,ɔg.ɛv,ɔgɔv,ɔgɛv
ɔg.ɔz,ɔg.ɛz,ɔgɔz,ɔgɛz
ɔg.ɔʃ,ɔg.ɛʃ,ɔgɔʃ,ɔgɛʃ
ɔg.ɔʒ,ɔg.ɛʒ,ɔgɔʒ,ɔgɛʒ
ɔg.ɔθ,ɔg.ɛθ,ɔgɔθ,ɔgɛθ
ɔg.ɔð,ɔg.ɛð,ɔgɔð,ɔgɛð
ɔf.ɪm,ɔf.ʊm,ɔfɪm,ɔfʊm
ɔf.ɪn,ɔf.ʊn,ɔfɪn,ɔfʊn
ɔf.ɪŋ,ɔf.ʊŋ,ɔfɪŋ,ɔfʊŋ
ɔf.ɪp,ɔf.ʊp,ɔfɪp,ɔfʊp
ɔf.ɪt,ɔf.ʊt,ɔfɪt,ɔfʊt
ɔf.ɪk,ɔf.ʊk,ɔfɪk,ɔfʊk
ɔf.ɪb,ɔf.ʊb,ɔfɪb,ɔfʊb
ɔf.ɪd,ɔf.ʊd,ɔfɪd,ɔfʊd
ɔf.ɪg,ɔf.ʊg,ɔfɪg,ɔfʊg
ɔf.ɪf,ɔf.ʊf,ɔfɪf,ɔfʊf
ɔf.ɪs,ɔf.ʊs,ɔfɪs,ɔfʊs
ɔf.ɪv,ɔf.ʊv,ɔfɪv,ɔfʊv
ɔf.ɪz,ɔf.ʊz,ɔfɪz,ɔfʊz
ɔf.ɪʃ,ɔf.ʊʃ,ɔfɪʃ,ɔfʊʃ
ɔf.ɪʒ,ɔf.ʊʒ,ɔfɪʒ,ɔfʊʒ
ɔf.ɪθ,ɔf.ʊθ,ɔfɪθ,ɔfʊθ
ɔf.ɪð,ɔf.ʊð,ɔfɪð,ɔfʊð
ɔf.ɛm,ɔf.ɔm,ɔfɛm,ɔfɔm
ɔf.ɛn,ɔf.ɔn,ɔfɛn,ɔfɔn
ɔf.ɛŋ,ɔf.ɔŋ,ɔfɛŋ,ɔfɔŋ
ɔf.ɛp,ɔf.ɔp,ɔfɛp,ɔfɔp
ɔf.ɛt,ɔf.ɔt,ɔfɛt,ɔfɔt
ɔf.ɛk,ɔf.ɔk,ɔfɛk,ɔfɔk
ɔf.ɛb,ɔf.ɔb,ɔfɛb,ɔfɔb
ɔf.ɛd,ɔf.ɔd,ɔfɛd,ɔfɔd
ɔf.ɛg,ɔf.ɔg,ɔfɛg,ɔfɔg
ɔf.ɛf,ɔf.ɔf,ɔfɛf,ɔfɔf
ɔf.ɛs,ɔf.ɔs,ɔfɛs,ɔfɔs
ɔf.ɛv,ɔf.ɔv,ɔfɛv,ɔfɔv
ɔf.ɛz,ɔf.ɔz,ɔfɛz,ɔfɔz
ɔf.ɛʃ,ɔf.ɔʃ,ɔfɛʃ,ɔfɔʃ
ɔf.ɛʒ,ɔf.ɔʒ,ɔfɛʒ,ɔfɔʒ
ɔf.ɛθ,ɔf.ɔθ,ɔfɛθ,ɔfɔθ
ɔf.ɛð,ɔf.ɔð,ɔfɛð,ɔfɔð
ɔf.ʊm,ɔf.ɪm,ɔfʊm,ɔfɪm
ɔf.ʊn,ɔf.ɪn,ɔfʊn,ɔfɪn
ɔf.ʊŋ,ɔf.ɪŋ,ɔfʊŋ,ɔfɪŋ
ɔf.ʊp,ɔf.ɪp,ɔfʊp,ɔfɪp
ɔf.ʊt,ɔf.ɪt,ɔfʊt,ɔfɪt
ɔf.ʊk,ɔf.ɪk,ɔfʊk,ɔfɪk
ɔf.ʊb,ɔf.ɪb,ɔfʊb,ɔfɪb
ɔf.ʊd,ɔf.ɪd,ɔfʊd,ɔfɪd
ɔf.ʊg,ɔf.ɪg,ɔfʊg,ɔfɪg
ɔf.ʊf,ɔf.ɪf,ɔfʊf,ɔfɪf
ɔf.ʊs,ɔf.ɪs,ɔfʊs,ɔfɪs
ɔf.ʊv,ɔf.ɪv,ɔfʊv,ɔfɪv
ɔf.ʊz,ɔf.ɪz,ɔfʊz,ɔfɪz
ɔf.ʊʃ,ɔf.ɪʃ,ɔfʊʃ,ɔfɪʃ
ɔf.ʊʒ,ɔf.ɪʒ,ɔfʊʒ,ɔfɪʒ
ɔf.ʊθ,ɔf.ɪθ,ɔfʊθ,ɔfɪθ
ɔf.ʊð,ɔf.ɪð,ɔfʊð,ɔfɪð
ɔf.ɔm,ɔf.ɛm,ɔfɔm,ɔfɛm
ɔf.ɔn,ɔf.ɛn,ɔfɔn,ɔfɛn
ɔf.ɔŋ,ɔf.ɛŋ,ɔfɔŋ,ɔfɛŋ
ɔf.ɔp,ɔf.ɛp,ɔfɔp,ɔfɛp
ɔf.ɔt,ɔf.ɛt,ɔfɔt,ɔfɛt
ɔf.ɔk,ɔf.ɛk,ɔfɔk,ɔfɛk
ɔf.ɔb,ɔf.ɛb,ɔfɔb,ɔfɛb
ɔf.ɔd,ɔf.ɛd,ɔfɔd,ɔfɛd
ɔf.ɔg,ɔf.ɛg,ɔfɔg,ɔfɛg
ɔf.ɔf,ɔf.ɛf,ɔfɔf,ɔfɛf
ɔf.ɔs,ɔf.ɛs,ɔfɔs,ɔfɛs
ɔf.ɔv,ɔf.ɛv,ɔfɔv,ɔfɛv
ɔf.ɔz,ɔf.ɛz,ɔfɔz,ɔfɛz
ɔf.ɔʃ,ɔf.ɛʃ,ɔfɔʃ,ɔfɛʃ
ɔf.ɔʒ,ɔf.ɛʒ,ɔfɔʒ,ɔfɛʒ
ɔf.ɔθ,ɔf.ɛθ,ɔfɔθ,ɔfɛθ
ɔf.ɔð,ɔf.ɛð,ɔfɔð,ɔfɛð
ɔs.ɪm,ɔs.ʊm,ɔsɪm,ɔsʊm
ɔs.ɪn,ɔs.ʊn,ɔsɪn,ɔsʊn
ɔs.ɪŋ,ɔs.ʊŋ,ɔsɪŋ,ɔsʊŋ
ɔs.ɪp,ɔs.ʊp,ɔsɪp,ɔsʊp
ɔs.ɪt,ɔs.ʊt,ɔsɪt,ɔsʊt
ɔs.ɪk,ɔs.ʊk,ɔsɪk,ɔsʊk
ɔs.ɪb,ɔs.ʊb,ɔsɪb,ɔsʊb
ɔs.ɪd,ɔs.ʊd,ɔsɪd,ɔsʊd
ɔs.ɪg,ɔs.ʊg,ɔsɪg,ɔsʊg
ɔs.ɪf,ɔs.ʊf,ɔsɪf,ɔsʊf
ɔs.ɪs,ɔs.ʊs,ɔsɪs,ɔsʊs
ɔs.ɪv,ɔs.ʊv,ɔsɪv,ɔsʊv
ɔs.ɪz,ɔs.ʊz,ɔsɪz,ɔsʊz
ɔs.ɪʃ,ɔs.ʊʃ,ɔsɪʃ,ɔsʊʃ
ɔs.ɪʒ,ɔs.ʊʒ,ɔsɪʒ,ɔsʊʒ
ɔs.ɪθ,ɔs.ʊθ,ɔsɪθ,ɔsʊθ
ɔs.ɪð,ɔs.ʊð,ɔsɪð,ɔsʊð
ɔs.ɛm,ɔs.ɔm,ɔsɛm,ɔsɔm
ɔs.ɛn,ɔs.ɔn,ɔsɛn,ɔsɔn
ɔs.ɛŋ,ɔs.ɔŋ,ɔsɛŋ,ɔsɔŋ
ɔs.ɛp,ɔs.ɔp,ɔsɛp,ɔsɔp
ɔs.ɛt,ɔs.ɔt,ɔsɛt,ɔsɔt
ɔs.ɛk,ɔs.ɔk,ɔsɛk,ɔsɔk
ɔs.ɛb,ɔs.ɔb,ɔsɛb,ɔsɔb
ɔs.ɛd,ɔs.ɔd,ɔsɛd,ɔsɔd
ɔs.ɛg,ɔs.ɔg,ɔsɛg,ɔsɔg
ɔs.ɛf,ɔs.ɔf,ɔsɛf,ɔsɔf
ɔs.ɛs,ɔs.ɔs,ɔsɛs,ɔsɔs
ɔs.ɛv,ɔs.ɔv,ɔsɛv,ɔsɔv
ɔs.ɛz,ɔs.ɔz,ɔsɛz,ɔsɔz
ɔs.ɛʃ,ɔs.ɔʃ,ɔsɛʃ,ɔsɔʃ
ɔs.ɛʒ,ɔs.ɔʒ,ɔsɛʒ,ɔsɔʒ
ɔs.ɛθ,ɔs.ɔθ,ɔsɛθ,ɔsɔθ
ɔs.ɛð,ɔs.ɔð,ɔsɛð,ɔsɔð
ɔs.ʊm,ɔs.ɪm,ɔsʊm,ɔsɪm
ɔs.ʊn,ɔs.ɪn,ɔsʊn,ɔsɪn
ɔs.ʊŋ,ɔs.ɪŋ,ɔsʊŋ,ɔsɪŋ
ɔs.ʊp,ɔs.ɪp,ɔsʊp,ɔsɪp
ɔs.ʊt,ɔs.ɪt,ɔsʊt,ɔsɪt
ɔs.ʊk,ɔs.ɪk,ɔsʊk,ɔsɪk
ɔs.ʊb,ɔs.ɪb,ɔsʊb,ɔsɪb
ɔs.ʊd,ɔs.ɪd,ɔsʊd,ɔsɪd
ɔs.ʊg,ɔs.ɪg,ɔsʊg,ɔsɪg
ɔs.ʊf,ɔs.ɪf,ɔsʊf,ɔsɪf
ɔs.ʊs,ɔs.ɪs,ɔsʊs,ɔsɪs
ɔs.ʊv,ɔs.ɪv,ɔsʊv,ɔsɪv
ɔs.ʊz,ɔs.ɪz,ɔsʊz,ɔsɪz
ɔs.ʊʃ,ɔs.ɪʃ,ɔsʊʃ,ɔsɪʃ
ɔs.ʊʒ,ɔs.ɪʒ,ɔsʊʒ,ɔsɪʒ
ɔs.ʊθ,ɔs.ɪθ,ɔsʊθ,ɔsɪθ
ɔs.ʊð,ɔs.ɪð,ɔsʊð,ɔsɪð
ɔs.ɔm,ɔs.ɛm,ɔsɔm,ɔsɛm
ɔs.ɔn,ɔs.ɛn,ɔsɔn,ɔsɛn
ɔs.ɔŋ,ɔs.ɛŋ,ɔsɔŋ,ɔsɛŋ
ɔs.ɔp,ɔs.ɛp,ɔsɔp,ɔsɛp
ɔs.ɔt,ɔs.ɛt,ɔsɔt,ɔsɛt
ɔs.ɔk,ɔs.ɛk,ɔsɔk,ɔsɛk
ɔs.ɔb,ɔs.ɛb,ɔsɔb,ɔsɛb
ɔs.ɔd,ɔs.ɛd,ɔsɔd,ɔsɛd
ɔs.ɔg,ɔs.ɛg,ɔsɔg,ɔsɛg
ɔs.ɔf,ɔs.ɛf,ɔsɔf,ɔsɛf
ɔs.ɔs,ɔs.ɛs,ɔsɔs,ɔsɛs
ɔs.ɔv,ɔs.ɛv,ɔsɔv,ɔsɛv
ɔs.ɔz,ɔs.ɛz,ɔsɔz,ɔsɛz
ɔs.ɔʃ,ɔs.ɛʃ,ɔsɔʃ,ɔsɛʃ
ɔs.ɔʒ,ɔs.ɛʒ,ɔsɔʒ,ɔsɛʒ
ɔs.ɔθ,ɔs.ɛθ,ɔsɔθ,ɔsɛθ
ɔs.ɔð,ɔs.ɛð,ɔsɔð,ɔsɛð
ɔv.ɪm,ɔv.ʊm,ɔvɪm,ɔvʊm
ɔv.ɪn,ɔv.ʊn,ɔvɪn,ɔvʊn
ɔv.ɪŋ,ɔv.ʊŋ,ɔvɪŋ,ɔvʊŋ
ɔv.ɪp,ɔv.ʊp,ɔvɪp,ɔvʊp
ɔv.ɪt,ɔv.ʊt,ɔvɪt,ɔvʊt
ɔv.ɪk,ɔv.ʊk,ɔvɪk,ɔvʊk
ɔv.ɪb,ɔv.ʊb,ɔvɪb,ɔvʊb
ɔv.ɪd,ɔv.ʊd,ɔvɪd,ɔvʊd
ɔv.ɪg,ɔv.ʊg,ɔvɪg,ɔvʊg
ɔv.ɪf,ɔv.ʊf,ɔvɪf,ɔvʊf
ɔv.ɪs,ɔv.ʊs,ɔvɪs,ɔvʊs
ɔv.ɪv,ɔv.ʊv,ɔvɪv,ɔvʊv
ɔv.ɪz,ɔv.ʊz,ɔvɪz,ɔvʊz
ɔv.ɪʃ,ɔv.ʊʃ,ɔvɪʃ,ɔvʊʃ
ɔv.ɪʒ,ɔv.ʊʒ,ɔvɪʒ,ɔvʊʒ
ɔv.ɪθ,ɔv.ʊθ,ɔvɪθ,ɔvʊθ
ɔv.ɪð,ɔv.ʊð,ɔvɪð,ɔvʊð
ɔv.ɛm,ɔv.ɔm,ɔvɛm,ɔvɔm
ɔv.ɛn,ɔv.ɔn,ɔvɛn,ɔvɔn
ɔv.ɛŋ,ɔv.ɔŋ,ɔvɛŋ,ɔvɔŋ
ɔv.ɛp,ɔv.ɔp,ɔvɛp,ɔvɔp
ɔv.ɛt,ɔv.ɔt,ɔvɛt,ɔvɔt
ɔv.ɛk,ɔv.ɔk,ɔvɛk,ɔvɔk
ɔv.ɛb,ɔv.ɔb,ɔvɛb,ɔvɔb
ɔv.ɛd,ɔv.ɔd,ɔvɛd,ɔvɔd
ɔv.ɛg,ɔv.ɔg,ɔvɛg,ɔvɔg
ɔv.ɛf,ɔv.ɔf,ɔvɛf,ɔvɔf
ɔv.ɛs,ɔv.ɔs,ɔvɛs,ɔvɔs
ɔv.ɛv,ɔv.ɔv,ɔvɛv,ɔvɔv
ɔv.ɛz,ɔv.ɔz,ɔvɛz,ɔvɔz
ɔv.ɛʃ,ɔv.ɔʃ,ɔvɛʃ,ɔvɔʃ
ɔv.ɛʒ,ɔv.ɔʒ,ɔvɛʒ,ɔvɔʒ
ɔv.ɛθ,ɔv.ɔθ,ɔvɛθ,ɔvɔθ
ɔv.ɛð,ɔv.ɔð,ɔvɛð,ɔvɔð
ɔv.ʊm,ɔv.ɪm,ɔvʊm,ɔvɪm
ɔv.ʊn,ɔv.ɪn,ɔvʊn,ɔvɪn
ɔv.ʊŋ,ɔv.ɪŋ,ɔvʊŋ,ɔvɪŋ
ɔv.ʊp,ɔv.ɪp,ɔvʊp,ɔvɪp
ɔv.ʊt,ɔv.ɪt,ɔvʊt,ɔvɪt
ɔv.ʊk,ɔv.ɪk,ɔvʊk,ɔvɪk
ɔv.ʊb,ɔv.ɪb,ɔvʊb,ɔvɪb
ɔv.ʊd,ɔv.ɪd,ɔvʊd,ɔvɪd
ɔv.ʊg,ɔv.ɪg,ɔvʊg,ɔvɪg
ɔv.ʊf,ɔv.ɪf,ɔvʊf,ɔvɪf
ɔv.ʊs,ɔv.ɪs,ɔvʊs,ɔvɪs
ɔv.ʊv,ɔv.ɪv,ɔvʊv,ɔvɪv
ɔv.ʊz,ɔv.ɪz,ɔvʊz,ɔvɪz
ɔv.ʊʃ,ɔv.ɪʃ,ɔvʊʃ,ɔvɪʃ
ɔv.ʊʒ,ɔv.ɪʒ,ɔvʊʒ,ɔvɪʒ
ɔv.ʊθ,ɔv.ɪθ,ɔvʊθ,ɔvɪθ
ɔv.ʊð,ɔv.ɪð,ɔvʊð,ɔvɪð
ɔv.ɔm,ɔv.ɛm,ɔvɔm,ɔvɛm
ɔv.ɔn,ɔv.ɛn,ɔvɔn,ɔvɛn
ɔv.ɔŋ,ɔv.ɛŋ,ɔvɔŋ,ɔvɛŋ
ɔv.ɔp,ɔv.ɛp,ɔvɔp,ɔvɛp
ɔv.ɔt,ɔv.ɛt,ɔvɔt,ɔvɛt
ɔv.ɔk,ɔv.ɛk,ɔvɔk,ɔvɛk
ɔv.ɔb,ɔv.ɛb,ɔvɔb,ɔvɛb
ɔv.ɔd,ɔv.ɛd,ɔvɔd,ɔvɛd
ɔv.ɔg,ɔv.ɛg,ɔvɔg,ɔvɛg
ɔv.ɔf,ɔv.ɛf,ɔvɔf,ɔvɛf
ɔv.ɔs,ɔv.ɛs,ɔvɔs,ɔvɛs
ɔv.ɔv,ɔv.ɛv,ɔvɔv,ɔvɛv
ɔv.ɔz,ɔv.ɛz,ɔvɔz,ɔvɛz
ɔv.ɔʃ,ɔv.ɛʃ,ɔvɔʃ,ɔvɛʃ
ɔv.ɔʒ,ɔv.ɛʒ,ɔvɔʒ,ɔvɛʒ
ɔv.ɔθ,ɔv.ɛθ,ɔvɔθ,ɔvɛθ
ɔv.ɔð,ɔv.ɛð,ɔvɔð,ɔvɛð
ɔz.ɪm,ɔz.ʊm,ɔzɪm,ɔzʊm
ɔz.ɪn,ɔz.ʊn,ɔzɪn,ɔzʊn
ɔz.ɪŋ,ɔz.ʊŋ,ɔzɪŋ,ɔzʊŋ
ɔz.ɪp,ɔz.ʊp,ɔzɪp,ɔzʊp
ɔz.ɪt,ɔz.ʊt,ɔzɪt,ɔzʊt
ɔz.ɪk,ɔz.ʊk,ɔzɪk,ɔzʊk
ɔz.ɪb,ɔz.ʊb,ɔzɪb,ɔzʊb
ɔz.ɪd,ɔz.ʊd,ɔzɪd,ɔzʊd
ɔz.ɪg,ɔz.ʊg,ɔzɪg,ɔzʊg
ɔz.ɪf,ɔz.ʊf,ɔzɪf,ɔzʊf
ɔz.ɪs,ɔz.ʊs,ɔzɪs,ɔzʊs
ɔz.ɪv,ɔz.ʊv,ɔzɪv,ɔzʊv
ɔz.ɪz,ɔz.ʊz,ɔzɪz,ɔzʊz
ɔz.ɪʃ,ɔz.ʊʃ,ɔzɪʃ,ɔzʊʃ
ɔz.ɪʒ,ɔz.ʊʒ,ɔzɪʒ,ɔzʊʒ
ɔz.ɪθ,ɔz.ʊθ,ɔzɪθ,ɔzʊθ
ɔz.ɪð,ɔz.ʊð,ɔzɪð,ɔzʊð
ɔz.ɛm,ɔz.ɔm,ɔzɛm,ɔzɔm
ɔz.ɛn,ɔz.ɔn,ɔzɛn,ɔzɔn
ɔz.ɛŋ,ɔz.ɔŋ,ɔzɛŋ,ɔzɔŋ
ɔz.ɛp,ɔz.ɔp,ɔzɛp,ɔzɔp
ɔz.ɛt,ɔz.ɔt,ɔzɛt,ɔzɔt
ɔz.ɛk,ɔz.ɔk,ɔzɛk,ɔzɔk
ɔz.ɛb,ɔz.ɔb,ɔzɛb,ɔzɔb
ɔz.ɛd,ɔz.ɔd,ɔzɛd,ɔzɔd
ɔz.ɛg,ɔz.ɔg,ɔzɛg,ɔzɔg
ɔz.ɛf,ɔz.ɔf,ɔzɛf,ɔzɔf
ɔz.ɛs,ɔz.ɔs,ɔzɛs,ɔzɔs
ɔz.ɛv,ɔz.ɔv,ɔzɛv,ɔzɔv
ɔz.ɛz,ɔz.ɔz,ɔzɛz,ɔzɔz
ɔz.ɛʃ,ɔz.ɔʃ,ɔzɛʃ,ɔzɔʃ
ɔz.ɛʒ,ɔz.ɔʒ,ɔzɛʒ,ɔzɔʒ
ɔz.ɛθ,ɔz.ɔθ,ɔzɛθ,ɔzɔθ
ɔz.ɛð,ɔz.ɔð,ɔzɛð,ɔzɔð
ɔz.ʊm,ɔz.ɪm,ɔzʊm,ɔzɪm
ɔz.ʊn,ɔz.ɪn,ɔzʊn,ɔzɪn
ɔz.ʊŋ,ɔz.ɪŋ,ɔzʊŋ,ɔzɪŋ
ɔz.ʊp,ɔz.ɪp,ɔzʊp,ɔzɪp
ɔz.ʊt,ɔz.ɪt,ɔzʊt,ɔzɪt
ɔz.ʊk,ɔz.ɪk,ɔzʊk,ɔzɪk
ɔz.ʊb,ɔz.ɪb,ɔzʊb,ɔzɪb
ɔz.ʊd,ɔz.ɪd,ɔzʊd,ɔzɪd
ɔz.ʊg,ɔz.ɪg,ɔzʊg,ɔzɪg
ɔz.ʊf,ɔz.ɪf,ɔzʊf,ɔzɪf
ɔz.ʊs,ɔz.ɪs,ɔzʊs,ɔzɪs
ɔz.ʊv,ɔz.ɪv,ɔzʊv,ɔzɪv
ɔz.ʊz,ɔz.ɪz,ɔzʊz,ɔzɪz
ɔz.ʊʃ,ɔz.ɪʃ,ɔzʊʃ,ɔzɪʃ
ɔz.ʊʒ,ɔz.ɪʒ,ɔzʊʒ,ɔzɪʒ
ɔz.ʊθ,ɔz.ɪθ,ɔzʊθ,ɔzɪθ
ɔz.ʊð,ɔz.ɪð,ɔzʊð,ɔzɪð
ɔz.ɔm,ɔz.ɛm,ɔzɔm,ɔzɛm
ɔz.ɔn,ɔz.ɛn,ɔzɔn,ɔzɛn
ɔz.ɔŋ,ɔz.ɛŋ,ɔzɔŋ,ɔzɛŋ
ɔz.ɔp,ɔz.ɛp,ɔzɔp,ɔzɛp
ɔz.ɔt,ɔz.ɛt,ɔzɔt,ɔzɛt
ɔz.ɔk,ɔz.ɛk,ɔzɔk,ɔzɛk
ɔz.ɔb,ɔz.ɛb,ɔzɔb,ɔzɛb
ɔz.ɔd,ɔz.ɛd,ɔzɔd,ɔzɛd
ɔz.ɔg,ɔz.ɛg,ɔzɔg,ɔzɛg
ɔz.ɔf,ɔz.ɛf,ɔzɔf,ɔzɛf
ɔz.ɔs,ɔz.ɛs,ɔzɔs,ɔzɛs
ɔz.ɔv,ɔz.ɛv,ɔzɔv,ɔzɛv
ɔz.ɔz,ɔz.ɛz,ɔzɔz,ɔzɛz
ɔz.ɔʃ,ɔz.ɛʃ,ɔzɔʃ,ɔzɛʃ
ɔz.ɔʒ,ɔz.ɛʒ,ɔzɔʒ,ɔzɛʒ
ɔz.ɔθ,ɔz.ɛθ,ɔzɔθ,ɔzɛθ
ɔz.ɔð,ɔz.ɛð,ɔzɔð,ɔzɛð
ɔʃ.ɪm,ɔʃ.ʊm,ɔʃɪm,ɔʃʊm
ɔʃ.ɪn,ɔʃ.ʊn,ɔʃɪn,ɔʃʊn
ɔʃ.ɪŋ,ɔʃ.ʊŋ,ɔʃɪŋ,ɔʃʊŋ
ɔʃ.ɪp,ɔʃ.ʊp,ɔʃɪp,ɔʃʊp
ɔʃ.ɪt,ɔʃ.ʊt,ɔʃɪt,ɔʃʊt
ɔʃ.ɪk,ɔʃ.ʊk,ɔʃɪk,ɔʃʊk
ɔʃ.ɪb,ɔʃ.ʊb,ɔʃɪb,ɔʃʊb
ɔʃ.ɪd,ɔʃ.ʊd,ɔʃɪd,ɔʃʊd
ɔʃ.ɪg,ɔʃ.ʊg,ɔʃɪg,ɔʃʊg
ɔʃ.ɪf,ɔʃ.ʊf,ɔʃɪf,ɔʃʊf
ɔʃ.ɪs,ɔʃ.ʊs,ɔʃɪs,ɔʃʊs
ɔʃ.ɪv,ɔʃ.ʊv,ɔʃɪv,ɔʃʊv
ɔʃ.ɪz,ɔʃ.ʊz,ɔʃɪz,ɔʃʊz
ɔʃ.ɪʃ,ɔʃ.ʊʃ,ɔʃɪʃ,ɔʃʊʃ
ɔʃ.ɪʒ,ɔʃ.ʊʒ,ɔʃɪʒ,ɔʃʊʒ
ɔʃ.ɪθ,ɔʃ.ʊθ,ɔʃɪθ,ɔʃʊθ
ɔʃ.ɪð,ɔʃ.ʊð,ɔʃɪð,ɔʃʊð
ɔʃ.ɛm,ɔʃ.ɔm,ɔʃɛm,ɔʃɔm
ɔʃ.ɛn,ɔʃ.ɔn,ɔʃɛn,ɔʃɔn
ɔʃ.ɛŋ,ɔʃ.ɔŋ,ɔʃɛŋ,ɔʃɔŋ
ɔʃ.ɛp,ɔʃ.ɔp,ɔʃɛp,ɔʃɔp
ɔʃ.ɛt,ɔʃ.ɔt,ɔʃɛt,ɔʃɔt
ɔʃ.ɛk,ɔʃ.ɔk,ɔʃɛk,ɔʃɔk
ɔʃ.ɛb,ɔʃ.ɔb,ɔʃɛb,ɔʃɔb
ɔʃ.ɛd,ɔʃ.ɔd,ɔʃɛd,ɔʃɔd
ɔʃ.ɛg,ɔʃ.ɔg,ɔʃɛg,ɔʃɔg
ɔʃ.ɛf,ɔʃ.ɔf,ɔʃɛf,ɔʃɔf
ɔʃ.ɛs,ɔʃ.ɔs,ɔʃɛs,ɔʃɔs
ɔʃ.ɛv,ɔʃ.ɔv,ɔʃɛv,ɔʃɔv
ɔʃ.ɛz,ɔʃ.ɔz,ɔʃɛz,ɔʃɔz
ɔʃ.ɛʃ,ɔʃ.ɔʃ,ɔʃɛʃ,ɔʃɔʃ
ɔʃ.ɛʒ,ɔʃ.ɔʒ,ɔʃɛʒ,ɔʃɔʒ
ɔʃ.ɛθ,ɔʃ.ɔθ,ɔʃɛθ,ɔʃɔθ
ɔʃ.ɛð,ɔʃ.ɔð,ɔʃɛð,ɔʃɔð
ɔʃ.ʊm,ɔʃ.ɪm,ɔʃʊm,ɔʃɪm
ɔʃ.ʊn,ɔʃ.ɪn,ɔʃʊn,ɔʃɪn
ɔʃ.ʊŋ,ɔʃ.ɪŋ,ɔʃʊŋ,ɔʃɪŋ
ɔʃ.ʊp,ɔʃ.ɪp,ɔʃʊp,ɔʃɪp
ɔʃ.ʊt,ɔʃ.ɪt,ɔʃʊt,ɔʃɪt
ɔʃ.ʊk,ɔʃ.ɪk,ɔʃʊk,ɔʃɪk
ɔʃ.ʊb,ɔʃ.ɪb,ɔʃʊb,ɔʃɪb
ɔʃ.ʊd,ɔʃ.ɪd,ɔʃʊd,ɔʃɪd
ɔʃ.ʊg,ɔʃ.ɪg,ɔʃʊg,ɔʃɪg
ɔʃ.ʊf,ɔʃ.ɪf,ɔʃʊf,ɔʃɪf
ɔʃ.ʊs,ɔʃ.ɪs,ɔʃʊs,ɔʃɪs
ɔʃ.ʊv,ɔʃ.ɪv,ɔʃʊv,ɔʃɪv
ɔʃ.ʊz,ɔʃ.ɪz,ɔʃʊz,ɔʃɪz
ɔʃ.ʊʃ,ɔʃ.ɪʃ,ɔʃʊʃ,ɔʃɪʃ
ɔʃ.ʊʒ,ɔʃ.ɪʒ,ɔʃʊʒ,ɔʃɪʒ
ɔʃ.ʊθ,ɔʃ.ɪθ,ɔʃʊθ,ɔʃɪθ
ɔʃ.ʊð,ɔʃ.ɪð,ɔʃʊð,ɔʃɪð
ɔʃ.ɔm,ɔʃ.ɛm,ɔʃɔm,ɔʃɛm
ɔʃ.ɔn,ɔʃ.ɛn,ɔʃɔn,ɔʃɛn
ɔʃ.ɔŋ,ɔʃ.ɛŋ,ɔʃɔŋ,ɔʃɛŋ
ɔʃ.ɔp,ɔʃ.ɛp,ɔʃɔp,ɔʃɛp
ɔʃ.ɔt,ɔʃ.ɛt,ɔʃɔt,ɔʃɛt
ɔʃ.ɔk,ɔʃ.ɛk,ɔʃɔk,ɔʃɛk
ɔʃ.ɔb,ɔʃ.ɛb,ɔʃɔb,ɔʃɛb
ɔʃ.ɔd,ɔʃ.ɛd,ɔʃɔd,ɔʃɛd
ɔʃ.ɔg,ɔʃ.ɛg,ɔʃɔg,ɔʃɛg
ɔʃ.ɔf,ɔʃ.ɛf,ɔʃɔf,ɔʃɛf
ɔʃ.ɔs,ɔʃ.ɛs,ɔʃɔs,ɔʃɛs
ɔʃ.ɔv,ɔʃ.ɛv,ɔʃɔv,ɔʃɛv
ɔʃ.ɔz,ɔʃ.ɛz,ɔʃɔz,ɔʃɛz
ɔʃ.ɔʃ,ɔʃ.ɛʃ,ɔʃɔʃ,ɔʃɛʃ
ɔʃ.ɔʒ,ɔʃ.ɛʒ,ɔʃɔʒ,ɔʃɛʒ
ɔʃ.ɔθ,ɔʃ.ɛθ,ɔʃɔθ,ɔʃɛθ
ɔʃ.ɔð,ɔʃ.ɛð,ɔʃɔð,ɔʃɛð
ɔʒ.ɪm,ɔʒ.ʊm,ɔʒɪm,ɔʒʊm
ɔʒ.ɪn,ɔʒ.ʊn,ɔʒɪn,ɔʒʊn
ɔʒ.ɪŋ,ɔʒ.ʊŋ,ɔʒɪŋ,ɔʒʊŋ
ɔʒ.ɪp,ɔʒ.ʊp,ɔʒɪp,ɔʒʊp
ɔʒ.ɪt,ɔʒ.ʊt,ɔʒɪt,ɔʒʊt
ɔʒ.ɪk,ɔʒ.ʊk,ɔʒɪk,ɔʒʊk
ɔʒ.ɪb,ɔʒ.ʊb,ɔʒɪb,ɔʒʊb
ɔʒ.ɪd,ɔʒ.ʊd,ɔʒɪd,ɔʒʊd
ɔʒ.ɪg,ɔʒ.ʊg,ɔʒɪg,ɔʒʊg
ɔʒ.ɪf,ɔʒ.ʊf,ɔʒɪf,ɔʒʊf
ɔʒ.ɪs,ɔʒ.ʊs,ɔʒɪs,ɔʒʊs
ɔʒ.ɪv,ɔʒ.ʊv,ɔʒɪv,ɔʒʊv
ɔʒ.ɪz,ɔʒ.ʊz,ɔʒɪz,ɔʒʊz
ɔʒ.ɪʃ,ɔʒ.ʊʃ,ɔʒɪʃ,ɔʒʊʃ
ɔʒ.ɪʒ,ɔʒ.ʊʒ,ɔʒɪʒ,ɔʒʊʒ
ɔʒ.ɪθ,ɔʒ.ʊθ,ɔʒɪθ,ɔʒʊθ
ɔʒ.ɪð,ɔʒ.ʊð,ɔʒɪð,ɔʒʊð
ɔʒ.ɛm,ɔʒ.ɔm,ɔʒɛm,ɔʒɔm
ɔʒ.ɛn,ɔʒ.ɔn,ɔʒɛn,ɔʒɔn
ɔʒ.ɛŋ,ɔʒ.ɔŋ,ɔʒɛŋ,ɔʒɔŋ
ɔʒ.ɛp,ɔʒ.ɔp,ɔʒɛp,ɔʒɔp
ɔʒ.ɛt,ɔʒ.ɔt,ɔʒɛt,ɔʒɔt
ɔʒ.ɛk,ɔʒ.ɔk,ɔʒɛk,ɔʒɔk
ɔʒ.ɛb,ɔʒ.ɔb,ɔʒɛb,ɔʒɔb
ɔʒ.ɛd,ɔʒ.ɔd,ɔʒɛd,ɔʒɔd
ɔʒ.ɛg,ɔʒ.ɔg,ɔʒɛg,ɔʒɔg
ɔʒ.ɛf,ɔʒ.ɔf,ɔʒɛf,ɔʒɔf
ɔʒ.ɛs,ɔʒ.ɔs,ɔʒɛs,ɔʒɔs
ɔʒ.ɛv,ɔʒ.ɔv,ɔʒɛv,ɔʒɔv
ɔʒ.ɛz,ɔʒ.ɔz,ɔʒɛz,ɔʒɔz
ɔʒ.ɛʃ,ɔʒ.ɔʃ,ɔʒɛʃ,ɔʒɔʃ
ɔʒ.ɛʒ,ɔʒ.ɔʒ,ɔʒɛʒ,ɔʒɔʒ
ɔʒ.ɛθ,ɔʒ.ɔθ,ɔʒɛθ,ɔʒɔθ
ɔʒ.ɛð,ɔʒ.ɔð,ɔʒɛð,ɔʒɔð
ɔʒ.ʊm,ɔʒ.ɪm,ɔʒʊm,ɔʒɪm
ɔʒ.ʊn,ɔʒ.ɪn,ɔʒʊn,ɔʒɪn
ɔʒ.ʊŋ,ɔʒ.ɪŋ,ɔʒʊŋ,ɔʒɪŋ
ɔʒ.ʊp,ɔʒ.ɪp,ɔʒʊp,ɔʒɪp
ɔʒ.ʊt,ɔʒ.ɪt,ɔʒʊt,ɔʒɪt
ɔʒ.ʊk,ɔʒ.ɪk,ɔʒʊk,ɔʒɪk
ɔʒ.ʊb,ɔʒ.ɪb,ɔʒʊb,ɔʒɪb
ɔʒ.ʊd,ɔʒ.ɪd,ɔʒʊd,ɔʒɪd
ɔʒ.ʊg,ɔʒ.ɪg,ɔʒʊg,ɔʒɪg
ɔʒ.ʊf,ɔʒ.ɪf,ɔʒʊf,ɔʒɪf
ɔʒ.ʊs,ɔʒ.ɪs,ɔʒʊs,ɔʒɪs
ɔʒ.ʊv,ɔʒ.ɪv,ɔʒʊv,ɔʒɪv
ɔʒ.ʊz,ɔʒ.ɪz,ɔʒʊz,ɔʒɪz
ɔʒ.ʊʃ,ɔʒ.ɪʃ,ɔʒʊʃ,ɔʒɪʃ
ɔʒ.ʊʒ,ɔʒ.ɪʒ,ɔʒʊʒ,ɔʒɪʒ
ɔʒ.ʊθ,ɔʒ.ɪθ,ɔʒʊθ,ɔʒɪθ
ɔʒ.ʊð,ɔʒ.ɪð,ɔʒʊð,ɔʒɪð
ɔʒ.ɔm,ɔʒ.ɛm,ɔʒɔm,ɔʒɛm
ɔʒ.ɔn,ɔʒ.ɛn,ɔʒɔn,ɔʒɛn
ɔʒ.ɔŋ,ɔʒ.ɛŋ,ɔʒɔŋ,ɔʒɛŋ
ɔʒ.ɔp,ɔʒ.ɛp,ɔʒɔp,ɔʒɛp
ɔʒ.ɔt,ɔʒ.ɛt,ɔʒɔt,ɔʒɛt
ɔʒ.ɔk,ɔʒ.ɛk,ɔʒɔk,ɔʒɛk
ɔʒ.ɔb,ɔʒ.ɛb,ɔʒɔb,ɔʒɛb
ɔʒ.ɔd,ɔʒ.ɛd,ɔʒɔd,ɔʒɛd
ɔʒ.ɔg,ɔʒ.ɛg,ɔʒɔg,ɔʒɛg
ɔʒ.ɔf,ɔʒ.ɛf,ɔʒɔf,ɔʒɛf
ɔʒ.ɔs,ɔʒ.ɛs,ɔʒɔs,ɔʒɛs
ɔʒ.ɔv,ɔʒ.ɛv,ɔʒɔv,ɔʒɛv
ɔʒ.ɔz,ɔʒ.ɛz,ɔʒɔz,ɔʒɛz
ɔʒ.ɔʃ,ɔʒ.ɛʃ,ɔʒɔʃ,ɔʒɛʃ
ɔʒ.ɔʒ,ɔʒ.ɛʒ,ɔʒɔʒ,ɔʒɛʒ
ɔʒ.ɔθ,ɔʒ.ɛθ,ɔʒɔθ,ɔʒɛθ
ɔʒ.ɔð,ɔʒ.ɛð,ɔʒɔð,ɔʒɛð
ɔθ.ɪm,ɔθ.ʊm,ɔθɪm,ɔθʊm
ɔθ.ɪn,ɔθ.ʊn,ɔθɪn,ɔθʊn
ɔθ.ɪŋ,ɔθ.ʊŋ,ɔθɪŋ,ɔθʊŋ
ɔθ.ɪp,ɔθ.ʊp,ɔθɪp,ɔθʊp
ɔθ.ɪt,ɔθ.ʊt,ɔθɪt,ɔθʊt
ɔθ.ɪk,ɔθ.ʊk,ɔθɪk,ɔθʊk
ɔθ.ɪb,ɔθ.ʊb,ɔθɪb,ɔθʊb
ɔθ.ɪd,ɔθ.ʊd,ɔθɪd,ɔθʊd
ɔθ.ɪg,ɔθ.ʊg,ɔθɪg,ɔθʊg
ɔθ.ɪf,ɔθ.ʊf,ɔθɪf,ɔθʊf
ɔθ.ɪs,ɔθ.ʊs,ɔθɪs,ɔθʊs
ɔθ.ɪv,ɔθ.ʊv,ɔθɪv,ɔθʊv
ɔθ.ɪz,ɔθ.ʊz,ɔθɪz,ɔθʊz
ɔθ.ɪʃ,ɔθ.ʊʃ,ɔθɪʃ,ɔθʊʃ
ɔθ.ɪʒ,ɔθ.ʊʒ,ɔθɪʒ,ɔθʊʒ
ɔθ.ɪθ,ɔθ.ʊθ,ɔθɪθ,ɔθʊθ
ɔθ.ɪð,ɔθ.ʊð,ɔθɪð,ɔθʊð
ɔθ.ɛm,ɔθ.ɔm,ɔθɛm,ɔθɔm
ɔθ.ɛn,ɔθ.ɔn,ɔθɛn,ɔθɔn
ɔθ.ɛŋ,ɔθ.ɔŋ,ɔθɛŋ,ɔθɔŋ
ɔθ.ɛp,ɔθ.ɔp,ɔθɛp,ɔθɔp
ɔθ.ɛt,ɔθ.ɔt,ɔθɛt,ɔθɔt
ɔθ.ɛk,ɔθ.ɔk,ɔθɛk,ɔθɔk
ɔθ.ɛb,ɔθ.ɔb,ɔθɛb,ɔθɔb
ɔθ.ɛd,ɔθ.ɔd,ɔθɛd,ɔθɔd
ɔθ.ɛg,ɔθ.ɔg,ɔθɛg,ɔθɔg
ɔθ.ɛf,ɔθ.ɔf,ɔθɛf,ɔθɔf
ɔθ.ɛs,ɔθ.ɔs,ɔθɛs,ɔθɔs
ɔθ.ɛv,ɔθ.ɔv,ɔθɛv,ɔθɔv
ɔθ.ɛz,ɔθ.ɔz,ɔθɛz,ɔθɔz
ɔθ.ɛʃ,ɔθ.ɔʃ,ɔθɛʃ,ɔθɔʃ
ɔθ.ɛʒ,ɔθ.ɔʒ,ɔθɛʒ,ɔθɔʒ
ɔθ.ɛθ,ɔθ.ɔθ,ɔθɛθ,ɔθɔθ
ɔθ.ɛð,ɔθ.ɔð,ɔθɛð,ɔθɔð
ɔθ.ʊm,ɔθ.ɪm,ɔθʊm,ɔθɪm
ɔθ.ʊn,ɔθ.ɪn,ɔθʊn,ɔθɪn
ɔθ.ʊŋ,ɔθ.ɪŋ,ɔθʊŋ,ɔθɪŋ
ɔθ.ʊp,ɔθ.ɪp,ɔθʊp,ɔθɪp
ɔθ.ʊt,ɔθ.ɪt,ɔθʊt,ɔθɪt
ɔθ.ʊk,ɔθ.ɪk,ɔθʊk,ɔθɪk
ɔθ.ʊb,ɔθ.ɪb,ɔθʊb,ɔθɪb
ɔθ.ʊd,ɔθ.ɪd,ɔθʊd,ɔθɪd
ɔθ.ʊg,ɔθ.ɪg,ɔθʊg,ɔθɪg
ɔθ.ʊf,ɔθ.ɪf,ɔθʊf,ɔθɪf
ɔθ.ʊs,ɔθ.ɪs,ɔθʊs,ɔθɪs
ɔθ.ʊv,ɔθ.ɪv,ɔθʊv,ɔθɪv
ɔθ.ʊz,ɔθ.ɪz,ɔθʊz,ɔθɪz
ɔθ.ʊʃ,ɔθ.ɪʃ,ɔθʊʃ,ɔθɪʃ
ɔθ.ʊʒ,ɔθ.ɪʒ,ɔθʊʒ,ɔθɪʒ
ɔθ.ʊθ,ɔθ.ɪθ,ɔθʊθ,ɔθɪθ
ɔθ.ʊð,ɔθ.ɪð,ɔθʊð,ɔθɪð
ɔθ.ɔm,ɔθ.ɛm,ɔθɔm,ɔθɛm
ɔθ.ɔn,ɔθ.ɛn,ɔθɔn,ɔθɛn
ɔθ.ɔŋ,ɔθ.ɛŋ,ɔθɔŋ,ɔθɛŋ
ɔθ.ɔp,ɔθ.ɛp,ɔθɔp,ɔθɛp
ɔθ.ɔt,ɔθ.ɛt,ɔθɔt,ɔθɛt
ɔθ.ɔk,ɔθ.ɛk,ɔθɔk,ɔθɛk
ɔθ.ɔb,ɔθ.ɛb,ɔθɔb,ɔθɛb
ɔθ.ɔd,ɔθ.ɛd,ɔθɔd,ɔθɛd
ɔθ.ɔg,ɔθ.ɛg,ɔθɔg,ɔθɛg
ɔθ.ɔf,ɔθ.ɛf,ɔθɔf,ɔθɛf
ɔθ.ɔs,ɔθ.ɛs,ɔθɔs,ɔθɛs
ɔθ.ɔv,ɔθ.ɛv,ɔθɔv,ɔθɛv
ɔθ.ɔz,ɔθ.ɛz,ɔθɔz,ɔθɛz
ɔθ.ɔʃ,ɔθ.ɛʃ,ɔθɔʃ,ɔθɛʃ
ɔθ.ɔʒ,ɔθ.ɛʒ,ɔθɔʒ,ɔθɛʒ
ɔθ.ɔθ,ɔθ.ɛθ,ɔθɔθ,ɔθɛθ
ɔθ.ɔð,ɔθ.ɛð,ɔθɔð,ɔθɛð
ɔð.ɪm,ɔð.ʊm,ɔðɪm,ɔðʊm
ɔð.ɪn,ɔð.ʊn,ɔðɪn,ɔðʊn
ɔð.ɪŋ,ɔð.ʊŋ,ɔðɪŋ,ɔðʊŋ
ɔð.ɪp,ɔð.ʊp,ɔðɪp,ɔðʊp
ɔð.ɪt,ɔð.ʊt,ɔðɪt,ɔðʊt
ɔð.ɪk,ɔð.ʊk,ɔðɪk,ɔðʊk
ɔð.ɪb,ɔð.ʊb,ɔðɪb,ɔðʊb
ɔð.ɪd,ɔð.ʊd,ɔðɪd,ɔðʊd
ɔð.ɪg,ɔð.ʊg,ɔðɪg,ɔðʊg
ɔð.ɪf,ɔð.ʊf,ɔðɪf,ɔðʊf
ɔð.ɪs,ɔð.ʊs,ɔðɪs,ɔðʊs
ɔð.ɪv,ɔð.ʊv,ɔðɪv,ɔðʊv
ɔð.ɪz,ɔð.ʊz,ɔðɪz,ɔðʊz
ɔð.ɪʃ,ɔð.ʊʃ,ɔðɪʃ,ɔðʊʃ
ɔð.ɪʒ,ɔð.ʊʒ,ɔðɪʒ,ɔðʊʒ
ɔð.ɪθ,ɔð.ʊθ,ɔðɪθ,ɔðʊθ
ɔð.ɪð,ɔð.ʊð,ɔðɪð,ɔðʊð
ɔð.ɛm,ɔð.ɔm,ɔðɛm,ɔðɔm
ɔð.ɛn,ɔð.ɔn,ɔðɛn,ɔðɔn
ɔð.ɛŋ,ɔð.ɔŋ,ɔðɛŋ,ɔðɔŋ
ɔð.ɛp,ɔð.ɔp,ɔðɛp,ɔðɔp
ɔð.ɛt,ɔð.ɔt,ɔðɛt,ɔðɔt
ɔð.ɛk,ɔð.ɔk,ɔðɛk,ɔðɔk
ɔð.ɛb,ɔð.ɔb,ɔðɛb,ɔðɔb
ɔð.ɛd,ɔð.ɔd,ɔðɛd,ɔðɔd
ɔð.ɛg,ɔð.ɔg,ɔðɛg,ɔðɔg
ɔð.ɛf,ɔð.ɔf,ɔðɛf,ɔðɔf
ɔð.ɛs,ɔð.ɔs,ɔðɛs,ɔðɔs
ɔð.ɛv,ɔð.ɔv,ɔðɛv,ɔðɔv
ɔð.ɛz,ɔð.ɔz,ɔðɛz,ɔðɔz
ɔð.ɛʃ,ɔð.ɔʃ,ɔðɛʃ,ɔðɔʃ
ɔð.ɛʒ,ɔð.ɔʒ,ɔðɛʒ,ɔðɔʒ
ɔð.ɛθ,ɔð.ɔθ,ɔðɛθ,ɔðɔθ
ɔð.ɛð,ɔð.ɔð,ɔðɛð,ɔðɔð
ɔð.ʊm,ɔð.ɪm,ɔðʊm,ɔðɪm
ɔð.ʊn,ɔð.ɪn,ɔðʊn,ɔðɪn
ɔð.ʊŋ,ɔð.ɪŋ,ɔðʊŋ,ɔðɪŋ
ɔð.ʊp,ɔð.ɪp,ɔðʊp,ɔðɪp
ɔð.ʊt,ɔð.ɪt,ɔðʊt,ɔðɪt
ɔð.ʊk,ɔð.ɪk,ɔðʊk,ɔðɪk
ɔð.ʊb,ɔð.ɪb,ɔðʊb,ɔðɪb
ɔð.ʊd,ɔð.ɪd,ɔðʊd,ɔðɪd
ɔð.ʊg,ɔð.ɪg,ɔðʊg,ɔðɪg
ɔð.ʊf,ɔð.ɪf,ɔðʊf,ɔðɪf
ɔð.ʊs,ɔð.ɪs,ɔðʊs,ɔðɪs
ɔð.ʊv,ɔð.ɪv,ɔðʊv,ɔðɪv
ɔð.ʊz,ɔð.ɪz,ɔðʊz,ɔðɪz
ɔð.ʊʃ,ɔð.ɪʃ,ɔðʊʃ,ɔðɪʃ
ɔð.ʊʒ,ɔð.ɪʒ,ɔðʊʒ,ɔðɪʒ
ɔð.ʊθ,ɔð.ɪθ,ɔðʊθ,ɔðɪθ
ɔð.ʊð,ɔð.ɪð,ɔðʊð,ɔðɪð
ɔð.ɔm,ɔð.ɛm,ɔðɔm,ɔðɛm
ɔð.ɔn,ɔð.ɛn,ɔðɔn,ɔðɛn
ɔð.ɔŋ,ɔð.ɛŋ,ɔðɔŋ,ɔðɛŋ
ɔð.ɔp,ɔð.ɛp,ɔðɔp,ɔðɛp
ɔð.ɔt,ɔð.ɛt,ɔðɔt,ɔðɛt
ɔð.ɔk,ɔð.ɛk,ɔðɔk,ɔðɛk
ɔð.ɔb,ɔð.ɛb,ɔðɔb,ɔðɛb
ɔð.ɔd,ɔð.ɛd,ɔðɔd,ɔðɛd
ɔð.ɔg,ɔð.ɛg,ɔðɔg,ɔðɛg
ɔð.ɔf,ɔð.ɛf,ɔðɔf,ɔðɛf
ɔð.ɔs,ɔð.ɛs,ɔðɔs,ɔðɛs
ɔð.ɔv,ɔð.ɛv,ɔðɔv,ɔðɛv
ɔð.ɔz,ɔð.ɛz,ɔðɔz,ɔðɛz
ɔð.ɔʃ,ɔð.ɛʃ,ɔðɔʃ,ɔðɛʃ
ɔð.ɔʒ,ɔð.ɛʒ,ɔðɔʒ,ɔðɛʒ
ɔð.ɔθ,ɔð.ɛθ,ɔðɔθ,ɔðɛθ
ɔð.ɔð,ɔð.ɛð,ɔðɔð,ɔðɛð
mɪm.i,mɪm.u,mɪmi,mɪmu
mɪm.e,mɪm.o,mɪme,mɪmo
mɪm.u,mɪm.i,mɪmu,mɪmi
mɪm.o,mɪm.e,mɪmo,mɪme
mɪn.i,mɪn.u,mɪni,mɪnu
mɪn.e,mɪn.o,mɪne,mɪno
mɪn.u,mɪn.i,mɪnu,mɪni
mɪn.o,mɪn.e,mɪno,mɪne
mɪŋ.i,mɪŋ.u,mɪŋi,mɪŋu
mɪŋ.e,mɪŋ.o,mɪŋe,mɪŋo
mɪŋ.u,mɪŋ.i,mɪŋu,mɪŋi
mɪŋ.o,mɪŋ.e,mɪŋo,mɪŋe
mɪp.i,mɪp.u,mɪpi,mɪpu
mɪp.e,mɪp.o,mɪpe,mɪpo
mɪp.u,mɪp.i,mɪpu,mɪpi
mɪp.o,mɪp.e,mɪpo,mɪpe
mɪt.i,mɪt.u,mɪti,mɪtu
mɪt.e,mɪt.o,mɪte,mɪto
mɪt.u,mɪt.i,mɪtu,mɪti
mɪt.o,mɪt.e,mɪto,mɪte
mɪk.i,mɪk.u,mɪki,mɪku
mɪk.e,mɪk.o,mɪke,mɪko
mɪk.u,mɪk.i,mɪku,mɪki
mɪk.o,mɪk.e,mɪko,mɪke
mɪb.i,mɪb.u,mɪbi,mɪbu
mɪb.e,mɪb.o,mɪbe,mɪbo
mɪb.u,mɪb.i,mɪbu,mɪbi
mɪb.o,mɪb.e,mɪbo,mɪbe
mɪd.i,mɪd.u,mɪdi,mɪdu
mɪd.e,mɪd.o,mɪde,mɪdo
mɪd.u,mɪd.i,mɪdu,mɪdi
mɪd.o,mɪd.e,mɪdo,mɪde
mɪg.i,mɪg.u,mɪgi,mɪgu
mɪg.e,mɪg.o,mɪge,mɪgo
mɪg.u,mɪg.i,mɪgu,mɪgi
mɪg.o,mɪg.e,mɪgo,mɪge
mɪf.i,mɪf.u,mɪfi,mɪfu
mɪf.e,mɪf.o,mɪfe,mɪfo
mɪf.u,mɪf.i,mɪfu,mɪfi
mɪf.o,mɪf.e,mɪfo,mɪfe
mɪs.i,mɪs.u,mɪsi,mɪsu
mɪs.e,mɪs.o,mɪse,mɪso
mɪs.u,mɪs.i,mɪsu,mɪsi
mɪs.o,mɪs.e,mɪso,mɪse
mɪv.i,mɪv.u,mɪvi,mɪvu
mɪv.e,mɪv.o,mɪve,mɪvo
mɪv.u,mɪv.i,mɪvu,mɪvi
mɪv.o,mɪv.e,mɪvo,mɪve
mɪz.i,mɪz.u,mɪzi,mɪzu
mɪz.e,mɪz.o,mɪze,mɪzo
mɪz.u,mɪz.i,mɪzu,mɪzi
mɪz.o,mɪz.e,mɪzo,mɪze
mɪʃ.i,mɪʃ.u,mɪʃi,mɪʃu
mɪʃ.e,mɪʃ.o,mɪʃe,mɪʃo
mɪʃ.u,mɪʃ.i,mɪʃu,mɪʃi
mɪʃ.o,mɪʃ.e,mɪʃo,mɪʃe
mɪʒ.i,mɪʒ.u,mɪʒi,mɪʒu
mɪʒ.e,mɪʒ.o,mɪʒe,mɪʒo
mɪʒ.u,mɪʒ.i,mɪʒu,mɪʒi
mɪʒ.o,mɪʒ.e,mɪʒo,mɪʒe
mɪθ.i,mɪθ.u,mɪθi,mɪθu
mɪθ.e,mɪθ.o,mɪθe,mɪθo
mɪθ.u,mɪθ.i,mɪθu,mɪθi
mɪθ.o,mɪθ.e,mɪθo,mɪθe
mɪð.i,mɪð.u,mɪði,mɪðu
mɪð.e,mɪð.o,mɪðe,mɪðo
mɪð.u,mɪð.i,mɪðu,mɪði
mɪð.o,mɪð.e,mɪðo,mɪðe
nɪm.i,nɪm.u,nɪmi,nɪmu
nɪm.e,nɪm.o,nɪme,nɪmo
nɪm.u,nɪm.i,nɪmu,nɪmi
nɪm.o,nɪm.e,nɪmo,nɪme
nɪn.i,nɪn.u,nɪni,nɪnu
nɪn.e,nɪn.o,nɪne,nɪno
nɪn.u,nɪn.i,nɪnu,nɪni
nɪn.o,nɪn.e,nɪno,nɪne
nɪŋ.i,nɪŋ.u,nɪŋi,nɪŋu
nɪŋ.e,nɪŋ.o,nɪŋe,nɪŋo
nɪŋ.u,nɪŋ.i,nɪŋu,nɪŋi
nɪŋ.o,nɪŋ.e,nɪŋo,nɪŋe
nɪp.i,nɪp.u,nɪpi,nɪpu
nɪp.e,nɪp.o,nɪpe,nɪpo
nɪp.u,nɪp.i,nɪpu,nɪpi
nɪp.o,nɪp.e,nɪpo,nɪpe
nɪt.i,nɪt.u,nɪti,nɪtu
nɪt.e,nɪt.o,nɪte,nɪto
nɪt.u,nɪt.i,nɪtu,nɪti
nɪt.o,nɪt.e,nɪto,nɪte
nɪk.i,nɪk.u,nɪki,nɪku
nɪk.e,nɪk.o,nɪke,nɪko
nɪk.u,nɪk.i,nɪku,nɪki
nɪk.o,nɪk.e,nɪko,nɪke
nɪb.i,nɪb.u,nɪbi,nɪbu
nɪb.e,nɪb.o,nɪbe,nɪbo
nɪb.u,nɪb.i,nɪbu,nɪbi
nɪb.o,nɪb.e,nɪbo,nɪbe
nɪd.i,nɪd.u,nɪdi,nɪdu
nɪd.e,nɪd.o,nɪde,nɪdo
nɪd.u,nɪd.i,nɪdu,nɪdi
nɪd.o,nɪd.e,nɪdo,nɪde
nɪg.i,nɪg.u,nɪgi,nɪgu
nɪg.e,nɪg.o,nɪge,nɪgo
nɪg.u,nɪg.i,nɪgu,nɪgi
nɪg.o,nɪg.e,nɪgo,nɪge
nɪf.i,nɪf.u,nɪfi,nɪfu
nɪf.e,nɪf.o,nɪfe,nɪfo
nɪf.u,nɪf.i,nɪfu,nɪfi
nɪf.o,nɪf.e,nɪfo,nɪfe
nɪs.i,nɪs.u,nɪsi,nɪsu
nɪs.e,nɪs.o,nɪse,nɪso
nɪs.u,nɪs.i,nɪsu,nɪsi
nɪs.o,nɪs.e,nɪso,nɪse
nɪv.i,nɪv.u,nɪvi,nɪvu
nɪv.e,nɪv.o,nɪve,nɪvo
nɪv.u,nɪv.i,nɪvu,nɪvi
nɪv.o,nɪv.e,nɪvo,nɪve
nɪz.i,nɪz.u,nɪzi,nɪzu
nɪz.e,nɪz.o,nɪze,nɪzo
nɪz.u,nɪz.i,nɪzu,nɪzi
nɪz.o,nɪz.e,nɪzo,nɪze
nɪʃ.i,nɪʃ.u,nɪʃi,nɪʃu
nɪʃ.e,nɪʃ.o,nɪʃe,nɪʃo
nɪʃ.u,nɪʃ.i,nɪʃu,nɪʃi
nɪʃ.o,nɪʃ.e,nɪʃo,nɪʃe
nɪʒ.i,nɪʒ.u,nɪʒi,nɪʒu
nɪʒ.e,nɪʒ.o,nɪʒe,nɪʒo
nɪʒ.u,nɪʒ.i,nɪʒu,nɪʒi
nɪʒ.o,nɪʒ.e,nɪʒo,nɪʒe
nɪθ.i,nɪθ.u,nɪθi,nɪθu
nɪθ.e,nɪθ.o,nɪθe,nɪθo
nɪθ.u,nɪθ.i,nɪθu,nɪθi
nɪθ.o,nɪθ.e,nɪθo,nɪθe
nɪð.i,nɪð.u,nɪði,nɪðu
nɪð.e,nɪð.o,nɪðe,nɪðo
nɪð.u,nɪð.i,nɪðu,nɪði
nɪð.o,nɪð.e,nɪðo,nɪðe
pɪm.i,pɪm.u,pɪmi,pɪmu
pɪm.e,pɪm.o,pɪme,pɪmo
pɪm.u,pɪm.i,pɪmu,pɪmi
pɪm.o,pɪm.e,pɪmo,pɪme
pɪn.i,pɪn.u,pɪni,pɪnu
pɪn.e,pɪn.o,pɪne,pɪno
pɪn.u,pɪn.i,pɪnu,pɪni
pɪn.o,pɪn.e,pɪno,pɪne
pɪŋ.i,pɪŋ.u,pɪŋi,pɪŋu
pɪŋ.e,pɪŋ.o,pɪŋe,pɪŋo
pɪŋ.u,pɪŋ.i,pɪŋu,pɪŋi
pɪŋ.o,pɪŋ.e,pɪŋo,pɪŋe
pɪp.i,pɪp.u,pɪpi,pɪpu
pɪp.e,pɪp.o,pɪpe,pɪpo
pɪp.u,pɪp.i,pɪpu,pɪpi
pɪp.o,pɪp.e,pɪpo,pɪpe
pɪt.i,pɪt.u,pɪti,pɪtu
pɪt.e,pɪt.o,pɪte,pɪto
pɪt.u,pɪt.i,pɪtu,pɪti
pɪt.o,pɪt.e,pɪto,pɪte
pɪk.i,pɪk.u,pɪki,pɪku
pɪk.e,pɪk.o,pɪke,pɪko
pɪk.u,pɪk.i,pɪku,pɪki
pɪk.o,pɪk.e,pɪko,pɪke
pɪb.i,pɪb.u,pɪbi,pɪbu
pɪb.e,pɪb.o,pɪbe,pɪbo
pɪb.u,pɪb.i,pɪbu,pɪbi
pɪb.o,pɪb.e,pɪbo,pɪbe
pɪd.i,pɪd.u,pɪdi,pɪdu
pɪd.e,pɪd.o,pɪde,pɪdo
pɪd.u,pɪd.i,pɪdu,pɪdi
pɪd.o,pɪd.e,pɪdo,pɪde
pɪg.i,pɪg.u,pɪgi,pɪgu
pɪg.e,pɪg.o,pɪge,pɪgo
pɪg.u,pɪg.i,pɪgu,pɪgi
pɪg.o,pɪg.e,pɪgo,pɪge
pɪf.i,pɪf.u,pɪfi,pɪfu
pɪf.e,pɪf.o,pɪfe,pɪfo
pɪf.u,pɪf.i,pɪfu,pɪfi
pɪf.o,pɪf.e,pɪfo,pɪfe
pɪs.i,pɪs.u,pɪsi,pɪsu
pɪs.e,pɪs.o,pɪse,pɪso
pɪs.u,pɪs.i,pɪsu,pɪsi
pɪs.o,pɪs.e,pɪso,pɪse
pɪv.i,pɪv.u,pɪvi,pɪvu
pɪv.e,pɪv.o,pɪve,pɪvo
pɪv.u,pɪv.i,pɪvu,pɪvi
pɪv.o,pɪv.e,pɪvo,pɪve
pɪz.i,pɪz.u,pɪzi,pɪzu
pɪz.e,pɪz.o,pɪze,pɪzo
pɪz.u,pɪz.i,pɪzu,pɪzi
pɪz.o,pɪz.e,pɪzo,pɪze
pɪʃ.i,pɪʃ.u,pɪʃi,pɪʃu
pɪʃ.e,pɪʃ.o,pɪʃe,pɪʃo
pɪʃ.u,pɪʃ.i,pɪʃu,pɪʃi
pɪʃ.o,pɪʃ.e,pɪʃo,pɪʃe
pɪʒ.i,pɪʒ.u,pɪʒi,pɪʒu
pɪʒ.e,pɪʒ.o,pɪʒe,pɪʒo
pɪʒ.u,pɪʒ.i,pɪʒu,pɪʒi
pɪʒ.o,pɪʒ.e,pɪʒo,pɪʒe
pɪθ.i,pɪθ.u,pɪθi,pɪθu
pɪθ.e,pɪθ.o,pɪθe,pɪθo
pɪθ.u,pɪθ.i,pɪθu,pɪθi
pɪθ.o,pɪθ.e,pɪθo,pɪθe
pɪð.i,pɪð.u,pɪði,pɪðu
pɪð.e,pɪð.o,pɪðe,pɪðo
pɪð.u,pɪð.i,pɪðu,pɪði
pɪð.o,pɪð.e,pɪðo,pɪðe
tɪm.i,tɪm.u,tɪmi,tɪmu
tɪm.e,tɪm.o,tɪme,tɪmo
tɪm.u,tɪm.i,tɪmu,tɪmi
tɪm.o,tɪm.e,tɪmo,tɪme
tɪn.i,tɪn.u,tɪni,tɪnu
tɪn.e,tɪn.o,tɪne,tɪno
tɪn.u,tɪn.i,tɪnu,tɪni
tɪn.o,tɪn.e,tɪno,tɪne
tɪŋ.i,tɪŋ.u,tɪŋi,tɪŋu
tɪŋ.e,tɪŋ.o,tɪŋe,tɪŋo
tɪŋ.u,tɪŋ.i,tɪŋu,tɪŋi
tɪŋ.o,tɪŋ.e,tɪŋo,tɪŋe
tɪp.i,tɪp.u,tɪpi,tɪpu
tɪp.e,tɪp.o,tɪpe,tɪpo
tɪp.u,tɪp.i,tɪpu,tɪpi
tɪp.o,tɪp.e,tɪpo,tɪpe
tɪt.i,tɪt.u,tɪti,tɪtu
tɪt.e,tɪt.o,tɪte,tɪto
tɪt.u,tɪt.i,tɪtu,tɪti
tɪt.o,tɪt.e,tɪto,tɪte
tɪk.i,tɪk.u,tɪki,tɪku
tɪk.e,tɪk.o,tɪke,tɪko
tɪk.u,tɪk.i,tɪku,tɪki
tɪk.o,tɪk.e,tɪko,tɪke
tɪb.i,tɪb.u,tɪbi,tɪbu
tɪb.e,tɪb.o,tɪbe,tɪbo
tɪb.u,tɪb.i,tɪbu,tɪbi
tɪb.o,tɪb.e,tɪbo,tɪbe
tɪd.i,tɪd.u,tɪdi,tɪdu
tɪd.e,tɪd.o,tɪde,tɪdo
tɪd.u,tɪd.i,tɪdu,tɪdi
tɪd.o,tɪd.e,tɪdo,tɪde
tɪg.i,tɪg.u,tɪgi,tɪgu
tɪg.e,tɪg.o,tɪge,tɪgo
tɪg.u,tɪg.i,tɪgu,tɪgi
tɪg.o,tɪg.e,tɪgo,tɪge
tɪf.i,tɪf.u,tɪfi,tɪfu
tɪf.e,tɪf.o,tɪfe,tɪfo
tɪf.u,tɪf.i,tɪfu,tɪfi
tɪf.o,tɪf.e,tɪfo,tɪfe
tɪs.i,tɪs.u,tɪsi,tɪsu
tɪs.e,tɪs.o,tɪse,tɪso
tɪs.u,tɪs.i,tɪsu,tɪsi
tɪs.o,tɪs.e,tɪso,tɪse
tɪv.i,tɪv.u,tɪvi,tɪvu
tɪv.e,tɪv.o,tɪve,tɪvo
tɪv.u,tɪv.i,tɪvu,tɪvi
tɪv.o,tɪv.e,tɪvo,tɪve
tɪz.i,tɪz.u,tɪzi,tɪzu
tɪz.e,tɪz.o,tɪze,tɪzo
tɪz.u,tɪz.i,tɪzu,tɪzi
tɪz.o,tɪz.e,tɪzo,tɪze
tɪʃ.i,tɪʃ.u,tɪʃi,tɪʃu
tɪʃ.e,tɪʃ.o,tɪʃe,tɪʃo
tɪʃ.u,tɪʃ.i,tɪʃu,tɪʃi
tɪʃ.o,tɪʃ.e,tɪʃo,tɪʃe
tɪʒ.i,tɪʒ.u,tɪʒi,tɪʒu
tɪʒ.e,tɪʒ.o,tɪʒe,tɪʒo
tɪʒ.u,tɪʒ.i,tɪʒu,tɪʒi
tɪʒ.o,tɪʒ.e,tɪʒo,tɪʒe
tɪθ.i,tɪθ.u,tɪθi,tɪθu
tɪθ.e,tɪθ.o,tɪθe,tɪθo
tɪθ.u,tɪθ.i,tɪθu,tɪθi
tɪθ.o,tɪθ.e,tɪθo,tɪθe
tɪð.i,tɪð.u,tɪði,tɪðu
tɪð.e,tɪð.o,tɪðe,tɪðo
tɪð.u,tɪð.i,tɪðu,tɪði
tɪð.o,tɪð.e,tɪðo,tɪðe
kɪm.i,kɪm.u,kɪmi,kɪmu
kɪm.e,kɪm.o,kɪme,kɪmo
kɪm.u,kɪm.i,kɪmu,kɪmi
kɪm.o,kɪm.e,kɪmo,kɪme
kɪn.i,kɪn.u,kɪni,kɪnu
kɪn.e,kɪn.o,kɪne,kɪno
kɪn.u,kɪn.i,kɪnu,kɪni
kɪn.o,kɪn.e,kɪno,kɪne
kɪŋ.i,kɪŋ.u,kɪŋi,kɪŋu
kɪŋ.e,kɪŋ.o,kɪŋe,kɪŋo
kɪŋ.u,kɪŋ.i,kɪŋu,kɪŋi
kɪŋ.o,kɪŋ.e,kɪŋo,kɪŋe
kɪp.i,kɪp.u,kɪpi,kɪpu
kɪp.e,kɪp.o,kɪpe,kɪpo
kɪp.u,kɪp.i,kɪpu,kɪpi
kɪp.o,kɪp.e,kɪpo,kɪpe
kɪt.i,kɪt.u,kɪti,kɪtu
kɪt.e,kɪt.o,kɪte,kɪto
kɪt.u,kɪt.i,kɪtu,kɪti
kɪt.o,kɪt.e,kɪto,kɪte
kɪk.i,kɪk.u,kɪki,kɪku
kɪk.e,kɪk.o,kɪke,kɪko
kɪk.u,kɪk.i,kɪku,kɪki
kɪk.o,kɪk.e,kɪko,kɪke
kɪb.i,kɪb.u,kɪbi,kɪbu
kɪb.e,kɪb.o,kɪbe,kɪbo
kɪb.u,kɪb.i,kɪbu,kɪbi
kɪb.o,kɪb.e,kɪbo,kɪbe
kɪd.i,kɪd.u,kɪdi,kɪdu
kɪd.e,kɪd.o,kɪde,kɪdo
kɪd.u,kɪd.i,kɪdu,kɪdi
kɪd.o,kɪd.e,kɪdo,kɪde
kɪg.i,kɪg.u,kɪgi,kɪgu
kɪg.e,kɪg.o,kɪge,kɪgo
kɪg.u,kɪg.i,kɪgu,kɪgi
kɪg.o,kɪg.e,kɪgo,kɪge
kɪf.i,kɪf.u,kɪfi,kɪfu
kɪf.e,kɪf.o,kɪfe,kɪfo
kɪf.u,kɪf.i,kɪfu,kɪfi
kɪf.o,kɪf.e,kɪfo,kɪfe
kɪs.i,kɪs.u,kɪsi,kɪsu
kɪs.e,kɪs.o,kɪse,kɪso
kɪs.u,kɪs.i,kɪsu,kɪsi
kɪs.o,kɪs.e,kɪso,kɪse
kɪv.i,kɪv.u,kɪvi,kɪvu
kɪv.e,kɪv.o,kɪve,kɪvo
kɪv.u,kɪv.i,kɪvu,kɪvi
kɪv.o,kɪv.e,kɪvo,kɪve
kɪz.i,kɪz.u,kɪzi,kɪzu
kɪz.e,kɪz.o,kɪze,kɪzo
kɪz.u,kɪz.i,kɪzu,kɪzi
kɪz.o,kɪz.e,kɪzo,kɪze
kɪʃ.i,kɪʃ.u,kɪʃi,kɪʃu
kɪʃ.e,kɪʃ.o,kɪʃe,kɪʃo
kɪʃ.u,kɪʃ.i,kɪʃu,kɪʃi
kɪʃ.o,kɪʃ.e,kɪʃo,kɪʃe
kɪʒ.i,kɪʒ.u,kɪʒi,kɪʒu
kɪʒ.e,kɪʒ.o,kɪʒe,kɪʒo
kɪʒ.u,kɪʒ.i,kɪʒu,kɪʒi
kɪʒ.o,kɪʒ.e,kɪʒo,kɪʒe
kɪθ.i,kɪθ.u,kɪθi,kɪθu
kɪθ.e,kɪθ.o,kɪθe,kɪθo
kɪθ.u,kɪθ.i,kɪθu,kɪθi
kɪθ.o,kɪθ.e,kɪθo,kɪθe
kɪð.i,kɪð.u,kɪði,kɪðu
kɪð.e,kɪð.o,kɪðe,kɪðo
kɪð.u,kɪð.i,kɪðu,kɪði
kɪð.o,kɪð.e,kɪðo,kɪðe
bɪm.i,bɪm.u,bɪmi,bɪmu
bɪm.e,bɪm.o,bɪme,bɪmo
bɪm.u,bɪm.i,bɪmu,bɪmi
bɪm.o,bɪm.e,bɪmo,bɪme
bɪn.i,bɪn.u,bɪni,bɪnu
bɪn.e,bɪn.o,bɪne,bɪno
bɪn.u,bɪn.i,bɪnu,bɪni
bɪn.o,bɪn.e,bɪno,bɪne
bɪŋ.i,bɪŋ.u,bɪŋi,bɪŋu
bɪŋ.e,bɪŋ.o,bɪŋe,bɪŋo
bɪŋ.u,bɪŋ.i,bɪŋu,bɪŋi
bɪŋ.o,bɪŋ.e,bɪŋo,bɪŋe
bɪp.i,bɪp.u,bɪpi,bɪpu
bɪp.e,bɪp.o,bɪpe,bɪpo
bɪp.u,bɪp.i,bɪpu,bɪpi
bɪp.o,bɪp.e,bɪpo,bɪpe
bɪt.i,bɪt.u,bɪti,bɪtu
bɪt.e,bɪt.o,bɪte,bɪto
bɪt.u,bɪt.i,bɪtu,bɪti
bɪt.o,bɪt.e,bɪto,bɪte
bɪk.i,bɪk.u,bɪki,bɪku
bɪk.e,bɪk.o,bɪke,bɪko
bɪk.u,bɪk.i,bɪku,bɪki
bɪk.o,bɪk.e,bɪko,bɪke
bɪb.i,bɪb.u,bɪbi,bɪbu
bɪb.e,bɪb.o,bɪbe,bɪbo
bɪb.u,bɪb.i,bɪbu,bɪbi
bɪb.o,bɪb.e,bɪbo,bɪbe
bɪd.i,bɪd.u,bɪdi,bɪdu
bɪd.e,bɪd.o,bɪde,bɪdo
bɪd.u,bɪd.i,bɪdu,bɪdi
bɪd.o,bɪd.e,bɪdo,bɪde
bɪg.i,bɪg.u,bɪgi,bɪgu
bɪg.e,bɪg.o,bɪge,bɪgo
bɪg.u,bɪg.i,bɪgu,bɪgi
bɪg.o,bɪg.e,bɪgo,bɪge
bɪf.i,bɪf.u,bɪfi,bɪfu
bɪf.e,bɪf.o,bɪfe,bɪfo
bɪf.u,bɪf.i,bɪfu,bɪfi
bɪf.o,bɪf.e,bɪfo,bɪfe
bɪs.i,bɪs.u,bɪsi,bɪsu
bɪs.e,bɪs.o,bɪse,bɪso
bɪs.u,bɪs.i,bɪsu,bɪsi
bɪs.o,bɪs.e,bɪso,bɪse
bɪv.i,bɪv.u,bɪvi,bɪvu
bɪv.e,bɪv.o,bɪve,bɪvo
bɪv.u,bɪv.i,bɪvu,bɪvi
bɪv.o,bɪv.e,bɪvo,bɪve
bɪz.i,bɪz.u,bɪzi,bɪzu
bɪz.e,bɪz.o,bɪze,bɪzo
bɪz.u,bɪz.i,bɪzu,bɪzi
bɪz.o,bɪz.e,bɪzo,bɪze
bɪʃ.i,bɪʃ.u,bɪʃi,bɪʃu
bɪʃ.e,bɪʃ.o,bɪʃe,bɪʃo
bɪʃ.u,bɪʃ.i,bɪʃu,bɪʃi
bɪʃ.o,bɪʃ.e,bɪʃo,bɪʃe
bɪʒ.i,bɪʒ.u,bɪʒi,bɪʒu
bɪʒ.e,bɪʒ.o,bɪʒe,bɪʒo
bɪʒ.u,bɪʒ.i,bɪʒu,bɪʒi
bɪʒ.o,bɪʒ.e,bɪʒo,bɪʒe
bɪθ.i,bɪθ.u,bɪθi,bɪθu
bɪθ.e,bɪθ.o,bɪθe,bɪθo
bɪθ.u,bɪθ.i,bɪθu,bɪθi
bɪθ.o,bɪθ.e,bɪθo,bɪθe
bɪð.i,bɪð.u,bɪði,bɪðu
bɪð.e,bɪð.o,bɪðe,bɪðo
bɪð.u,bɪð.i,bɪðu,bɪði
bɪð.o,bɪð.e,bɪðo,bɪðe
dɪm.i,dɪm.u,dɪmi,dɪmu
dɪm.e,dɪm.o,dɪme,dɪmo
dɪm.u,dɪm.i,dɪmu,dɪmi
dɪm.o,dɪm.e,dɪmo,dɪme
dɪn.i,dɪn.u,dɪni,dɪnu
dɪn.e,dɪn.o,dɪne,dɪno
dɪn.u,dɪn.i,dɪnu,dɪni
dɪn.o,dɪn.e,dɪno,dɪne
dɪŋ.i,dɪŋ.u,dɪŋi,dɪŋu
dɪŋ.e,dɪŋ.o,dɪŋe,dɪŋo
dɪŋ.u,dɪŋ.i,dɪŋu,dɪŋi
dɪŋ.o,dɪŋ.e,dɪŋo,dɪŋe
dɪp.i,dɪp.u,dɪpi,dɪpu
dɪp.e,dɪp.o,dɪpe,dɪpo
dɪp.u,dɪp.i,dɪpu,dɪpi
dɪp.o,dɪp.e,dɪpo,dɪpe
dɪt.i,dɪt.u,dɪti,dɪtu
dɪt.e,dɪt.o,dɪte,dɪto
dɪt.u,dɪt.i,dɪtu,dɪti
dɪt.o,dɪt.e,dɪto,dɪte
dɪk.i,dɪk.u,dɪki,dɪku
dɪk.e,dɪk.o,dɪke,dɪko
dɪk.u,dɪk.i,dɪku,dɪki
dɪk.o,dɪk.e,dɪko,dɪke
dɪb.i,dɪb.u,dɪbi,dɪbu
dɪb.e,dɪb.o,dɪbe,dɪbo
dɪb.u,dɪb.i,dɪbu,dɪbi
dɪb.o,dɪb.e,dɪbo,dɪbe
dɪd.i,dɪd.u,dɪdi,dɪdu
dɪd.e,dɪd.o,dɪde,dɪdo
dɪd.u,dɪd.i,dɪdu,dɪdi
dɪd.o,dɪd.e,dɪdo,dɪde
dɪg.i,dɪg.u,dɪgi,dɪgu
dɪg.e,dɪg.o,dɪge,dɪgo
dɪg.u,dɪg.i,dɪgu,dɪgi
dɪg.o,dɪg.e,dɪgo,dɪge
dɪf.i,dɪf.u,dɪfi,dɪfu
dɪf.e,dɪf.o,dɪfe,dɪfo
dɪf.u,dɪf.i,dɪfu,dɪfi
dɪf.o,dɪf.e,dɪfo,dɪfe
dɪs.i,dɪs.u,dɪsi,dɪsu
dɪs.e,dɪs.o,dɪse,dɪso
dɪs.u,dɪs.i,dɪsu,dɪsi
dɪs.o,dɪs.e,dɪso,dɪse
dɪv.i,dɪv.u,dɪvi,dɪvu
dɪv.e,dɪv.o,dɪve,dɪvo
dɪv.u,dɪv.i,dɪvu,dɪvi
dɪv.o,dɪv.e,dɪvo,dɪve
dɪz.i,dɪz.u,dɪzi,dɪzu
dɪz.e,dɪz.o,dɪze,dɪzo
dɪz.u,dɪz.i,dɪzu,dɪzi
dɪz.o,dɪz.e,dɪzo,dɪze
dɪʃ.i,dɪʃ.u,dɪʃi,dɪʃu
dɪʃ.e,dɪʃ.o,dɪʃe,dɪʃo
dɪʃ.u,dɪʃ.i,dɪʃu,dɪʃi
dɪʃ.o,dɪʃ.e,dɪʃo,dɪʃe
dɪʒ.i,dɪʒ.u,dɪʒi,dɪʒu
dɪʒ.e,dɪʒ.o,dɪʒe,dɪʒo
dɪʒ.u,dɪʒ.i,dɪʒu,dɪʒi
dɪʒ.o,dɪʒ.e,dɪʒo,dɪʒe
dɪθ.i,dɪθ.u,dɪθi,dɪθu
dɪθ.e,dɪθ.o,dɪθe,dɪθo
dɪθ.u,dɪθ.i,dɪθu,dɪθi
dɪθ.o,dɪθ.e,dɪθo,dɪθe
dɪð.i,dɪð.u,dɪði,dɪðu
dɪð.e,dɪð.o,dɪðe,dɪðo
dɪð.u,dɪð.i,dɪðu,dɪði
dɪð.o,dɪð.e,dɪðo,dɪðe
gɪm.i,gɪm.u,gɪmi,gɪmu
gɪm.e,gɪm.o,gɪme,gɪmo
gɪm.u,gɪm.i,gɪmu,gɪmi
gɪm.o,gɪm.e,gɪmo,gɪme
gɪn.i,gɪn.u,gɪni,gɪnu
gɪn.e,gɪn.o,gɪne,gɪno
gɪn.u,gɪn.i,gɪnu,gɪni
gɪn.o,gɪn.e,gɪno,gɪne
gɪŋ.i,gɪŋ.u,gɪŋi,gɪŋu
gɪŋ.e,gɪŋ.o,gɪŋe,gɪŋo
gɪŋ.u,gɪŋ.i,gɪŋu,gɪŋi
gɪŋ.o,gɪŋ.e,gɪŋo,gɪŋe
gɪp.i,gɪp.u,gɪpi,gɪpu
gɪp.e,gɪp.o,gɪpe,gɪpo
gɪp.u,gɪp.i,gɪpu,gɪpi
gɪp.o,gɪp.e,gɪpo,gɪpe
gɪt.i,gɪt.u,gɪti,gɪtu
gɪt.e,gɪt.o,gɪte,gɪto
gɪt.u,gɪt.i,gɪtu,gɪti
gɪt.o,gɪt.e,gɪto,gɪte
gɪk.i,gɪk.u,gɪki,gɪku
gɪk.e,gɪk.o,gɪke,gɪko
gɪk.u,gɪk.i,gɪku,gɪki
gɪk.o,gɪk.e,gɪko,gɪke
gɪb.i,gɪb.u,gɪbi,gɪbu
gɪb.e,gɪb.o,gɪbe,gɪbo
gɪb.u,gɪb.i,gɪbu,gɪbi
gɪb.o,gɪb.e,gɪbo,gɪbe
gɪd.i,gɪd.u,gɪdi,gɪdu
gɪd.e,gɪd.o,gɪde,gɪdo
gɪd.u,gɪd.i,gɪdu,gɪdi
gɪd.o,gɪd.e,gɪdo,gɪde
gɪg.i,gɪg.u,gɪgi,gɪgu
gɪg.e,gɪg.o,gɪge,gɪgo
gɪg.u,gɪg.i,gɪgu,gɪgi
gɪg.o,gɪg.e,gɪgo,gɪge
gɪf.i,gɪf.u,gɪfi,gɪfu
gɪf.e,gɪf.o,gɪfe,gɪfo
gɪf.u,gɪf.i,gɪfu,gɪfi
gɪf.o,gɪf.e,gɪfo,gɪfe
gɪs.i,gɪs.u,gɪsi,gɪsu
gɪs.e,gɪs.o,gɪse,gɪso
gɪs.u,gɪs.i,gɪsu,gɪsi
gɪs.o,gɪs.e,gɪso,gɪse
gɪv.i,gɪv.u,gɪvi,gɪvu
gɪv.e,gɪv.o,gɪve,gɪvo
gɪv.u,gɪv.i,gɪvu,gɪvi
gɪv.o,gɪv.e,gɪvo,gɪve
gɪz.i,gɪz.u,gɪzi,gɪzu
gɪz.e,gɪz.o,gɪze,gɪzo
gɪz.u,gɪz.i,gɪzu,gɪzi
gɪz.o,gɪz.e,gɪzo,gɪze
gɪʃ.i,gɪʃ.u,gɪʃi,gɪʃu
gɪʃ.e,gɪʃ.o,gɪʃe,gɪʃo
gɪʃ.u,gɪʃ.i,gɪʃu,gɪʃi
gɪʃ.o,gɪʃ.e,gɪʃo,gɪʃe
gɪʒ.i,gɪʒ.u,gɪʒi,gɪʒu
gɪʒ.e,gɪʒ.o,gɪʒe,gɪʒo
gɪʒ.u,gɪʒ.i,gɪʒu,gɪʒi
gɪʒ.o,gɪʒ.e,gɪʒo,gɪʒe
gɪθ.i,gɪθ.u,gɪθi,gɪθu
gɪθ.e,gɪθ.o,gɪθe,gɪθo
gɪθ.u,gɪθ.i,gɪθu,gɪθi
gɪθ.o,gɪθ.e,gɪθo,gɪθe
gɪð.i,gɪð.u,gɪði,gɪðu
gɪð.e,gɪð.o,gɪðe,gɪðo
gɪð.u,gɪð.i,gɪðu,gɪði
gɪð.o,gɪð.e,gɪðo,gɪðe
fɪm.i,fɪm.u,fɪmi,fɪmu
fɪm.e,fɪm.o,fɪme,fɪmo
fɪm.u,fɪm.i,fɪmu,fɪmi
fɪm.o,fɪm.e,fɪmo,fɪme
fɪn.i,fɪn.u,fɪni,fɪnu
fɪn.e,fɪn.o,fɪne,fɪno
fɪn.u,fɪn.i,fɪnu,fɪni
fɪn.o,fɪn.e,fɪno,fɪne
fɪŋ.i,fɪŋ.u,fɪŋi,fɪŋu
fɪŋ.e,fɪŋ.o,fɪŋe,fɪŋo
fɪŋ.u,fɪŋ.i,fɪŋu,fɪŋi
fɪŋ.o,fɪŋ.e,fɪŋo,fɪŋe
fɪp.i,fɪp.u,fɪpi,fɪpu
fɪp.e,fɪp.o,fɪpe,fɪpo
fɪp.u,fɪp.i,fɪpu,fɪpi
fɪp.o,fɪp.e,fɪpo,fɪpe
fɪt.i,fɪt.u,fɪti,fɪtu
fɪt.e,fɪt.o,fɪte,fɪto
fɪt.u,fɪt.i,fɪtu,fɪti
fɪt.o,fɪt.e,fɪto,fɪte
fɪk.i,fɪk.u,fɪki,fɪku
fɪk.e,fɪk.o,fɪke,fɪko
fɪk.u,fɪk.i,fɪku,fɪki
fɪk.o,fɪk.e,fɪko,fɪke
fɪb.i,fɪb.u,fɪbi,fɪbu
fɪb.e,fɪb.o,fɪbe,fɪbo
fɪb.u,fɪb.i,fɪbu,fɪbi
fɪb.o,fɪb.e,fɪbo,fɪbe
fɪd.i,fɪd.u,fɪdi,fɪdu
fɪd.e,fɪd.o,fɪde,fɪdo
fɪd.u,fɪd.i,fɪdu,fɪdi
fɪd.o,fɪd.e,fɪdo,fɪde
fɪg.i,fɪg.u,fɪgi,fɪgu
fɪg.e,fɪg.o,fɪge,fɪgo
fɪg.u,fɪg.i,fɪgu,fɪgi
fɪg.o,fɪg.e,fɪgo,fɪge
fɪf.i,fɪf.u,fɪfi,fɪfu
fɪf.e,fɪf.o,fɪfe,fɪfo
fɪf.u,fɪf.i,fɪfu,fɪfi
fɪf.o,fɪf.e,fɪfo,fɪfe
fɪs.i,fɪs.u,fɪsi,fɪsu
fɪs.e,fɪs.o,fɪse,fɪso
fɪs.u,fɪs.i,fɪsu,fɪsi
fɪs.o,fɪs.e,fɪso,fɪse
fɪv.i,fɪv.u,fɪvi,fɪvu
fɪv.e,fɪv.o,fɪve,fɪvo
fɪv.u,fɪv.i,fɪvu,fɪvi
fɪv.o,fɪv.e,fɪvo,fɪve
fɪz.i,fɪz.u,fɪzi,fɪzu
fɪz.e,fɪz.o,fɪze,fɪzo
fɪz.u,fɪz.i,fɪzu,fɪzi
fɪz.o,fɪz.e,fɪzo,fɪze
fɪʃ.i,fɪʃ.u,fɪʃi,fɪʃu
fɪʃ.e,fɪʃ.o,fɪʃe,fɪʃo
fɪʃ.u,fɪʃ.i,fɪʃu,fɪʃi
fɪʃ.o,fɪʃ.e,fɪʃo,fɪʃe
fɪʒ.i,fɪʒ.u,fɪʒi,fɪʒu
fɪʒ.e,fɪʒ.o,fɪʒe,fɪʒo
fɪʒ.u,fɪʒ.i,fɪʒu,fɪʒi
fɪʒ.o,fɪʒ.e,fɪʒo,fɪʒe
fɪθ.i,fɪθ.u,fɪθi,fɪθu
fɪθ.e,fɪθ.o,fɪθe,fɪθo
fɪθ.u,fɪθ.i,fɪθu,fɪθi
fɪθ.o,fɪθ.e,fɪθo,fɪθe
fɪð.i,fɪð.u,fɪði,fɪðu
fɪð.e,fɪð.o,fɪðe,fɪðo
fɪð.u,fɪð.i,fɪðu,fɪði
fɪð.o,fɪð.e,fɪðo,fɪðe
sɪm.i,sɪm.u,sɪmi,sɪmu
sɪm.e,sɪm.o,sɪme,sɪmo
sɪm.u,sɪm.i,sɪmu,sɪmi
sɪm.o,sɪm.e,sɪmo,sɪme
sɪn.i,sɪn.u,sɪni,sɪnu
sɪn.e,sɪn.o,sɪne,sɪno
sɪn.u,sɪn.i,sɪnu,sɪni
sɪn.o,sɪn.e,sɪno,sɪne
sɪŋ.i,sɪŋ.u,sɪŋi,sɪŋu
sɪŋ.e,sɪŋ.o,sɪŋe,sɪŋo
sɪŋ.u,sɪŋ.i,sɪŋu,sɪŋi
sɪŋ.o,sɪŋ.e,sɪŋo,sɪŋe
sɪp.i,sɪp.u,sɪpi,sɪpu
sɪp.e,sɪp.o,sɪpe,sɪpo
sɪp.u,sɪp.i,sɪpu,sɪpi
sɪp.o,sɪp.e,sɪpo,sɪpe
sɪt.i,sɪt.u,sɪti,sɪtu
sɪt.e,sɪt.o,sɪte,sɪto
sɪt.u,sɪt.i,sɪtu,sɪti
sɪt.o,sɪt.e,sɪto,sɪte
sɪk.i,sɪk.u,sɪki,sɪku
sɪk.e,sɪk.o,sɪke,sɪko
sɪk.u,sɪk.i,sɪku,sɪki
sɪk.o,sɪk.e,sɪko,sɪke
sɪb.i,sɪb.u,sɪbi,sɪbu
sɪb.e,sɪb.o,sɪbe,sɪbo
sɪb.u,sɪb.i,sɪbu,sɪbi
sɪb.o,sɪb.e,sɪbo,sɪbe
sɪd.i,sɪd.u,sɪdi,sɪdu
sɪd.e,sɪd.o,sɪde,sɪdo
sɪd.u,sɪd.i,sɪdu,sɪdi
sɪd.o,sɪd.e,sɪdo,sɪde
sɪg.i,sɪg.u,sɪgi,sɪgu
sɪg.e,sɪg.o,sɪge,sɪgo
sɪg.u,sɪg.i,sɪgu,sɪgi
sɪg.o,sɪg.e,sɪgo,sɪge
sɪf.i,sɪf.u,sɪfi,sɪfu
sɪf.e,sɪf.o,sɪfe,sɪfo
sɪf.u,sɪf.i,sɪfu,sɪfi
sɪf.o,sɪf.e,sɪfo,sɪfe
sɪs.i,sɪs.u,sɪsi,sɪsu
sɪs.e,sɪs.o,sɪse,sɪso
sɪs.u,sɪs.i,sɪsu,sɪsi
sɪs.o,sɪs.e,sɪso,sɪse
sɪv.i,sɪv.u,sɪvi,sɪvu
sɪv.e,sɪv.o,sɪve,sɪvo
sɪv.u,sɪv.i,sɪvu,sɪvi
sɪv.o,sɪv.e,sɪvo,sɪve
sɪz.i,sɪz.u,sɪzi,sɪzu
sɪz.e,sɪz.o,sɪze,sɪzo
sɪz.u,sɪz.i,sɪzu,sɪzi
sɪz.o,sɪz.e,sɪzo,sɪze
sɪʃ.i,sɪʃ.u,sɪʃi,sɪʃu
sɪʃ.e,sɪʃ.o,sɪʃe,sɪʃo
sɪʃ.u,sɪʃ.i,sɪʃu,sɪʃi
sɪʃ.o,sɪʃ.e,sɪʃo,sɪʃe
sɪʒ.i,sɪʒ.u,sɪʒi,sɪʒu
sɪʒ.e,sɪʒ.o,sɪʒe,sɪʒo
sɪʒ.u,sɪʒ.i,sɪʒu,sɪʒi
sɪʒ.o,sɪʒ.e,sɪʒo,sɪʒe
sɪθ.i,sɪθ.u,sɪθi,sɪθu
sɪθ.e,sɪθ.o,sɪθe,sɪθo
sɪθ.u,sɪθ.i,sɪθu,sɪθi
sɪθ.o,sɪθ.e,sɪθo,sɪθe
sɪð.i,sɪð.u,sɪði,sɪðu
sɪð.e,sɪð.o,sɪðe,sɪðo
sɪð.u,sɪð.i,sɪðu,sɪði
sɪð.o,sɪð.e,sɪðo,sɪðe
vɪm.i,vɪm.u,vɪmi,vɪmu
vɪm.e,vɪm.o,vɪme,vɪmo
vɪm.u,vɪm.i,vɪmu,vɪmi
vɪm.o,vɪm.e,vɪmo,vɪme
vɪn.i,vɪn.u,vɪni,vɪnu
vɪn.e,vɪn.o,vɪne,vɪno
vɪn.u,vɪn.i,vɪnu,vɪni
vɪn.o,vɪn.e,vɪno,vɪne
vɪŋ.i,vɪŋ.u,vɪŋi,vɪŋu
vɪŋ.e,vɪŋ.o,vɪŋe,vɪŋo
vɪŋ.u,vɪŋ.i,vɪŋu,vɪŋi
vɪŋ.o,vɪŋ.e,vɪŋo,vɪŋe
vɪp.i,vɪp.u,vɪpi,vɪpu
vɪp.e,vɪp.o,vɪpe,vɪpo
vɪp.u,vɪp.i,vɪpu,vɪpi
vɪp.o,vɪp.e,vɪpo,vɪpe
vɪt.i,vɪt.u,vɪti,vɪtu
vɪt.e,vɪt.o,vɪte,vɪto
vɪt.u,vɪt.i,vɪtu,vɪti
vɪt.o,vɪt.e,vɪto,vɪte
vɪk.i,vɪk.u,vɪki,vɪku
vɪk.e,vɪk.o,vɪke,vɪko
vɪk.u,vɪk.i,vɪku,vɪki
vɪk.o,vɪk.e,vɪko,vɪke
vɪb.i,vɪb.u,vɪbi,vɪbu
vɪb.e,vɪb.o,vɪbe,vɪbo
vɪb.u,vɪb.i,vɪbu,vɪbi
vɪb.o,vɪb.e,vɪbo,vɪbe
vɪd.i,vɪd.u,vɪdi,vɪdu
vɪd.e,vɪd.o,vɪde,vɪdo
vɪd.u,vɪd.i,vɪdu,vɪdi
vɪd.o,vɪd.e,vɪdo,vɪde
vɪg.i,vɪg.u,vɪgi,vɪgu
vɪg.e,vɪg.o,vɪge,vɪgo
vɪg.u,vɪg.i,vɪgu,vɪgi
vɪg.o,vɪg.e,vɪgo,vɪge
vɪf.i,vɪf.u,vɪfi,vɪfu
vɪf.e,vɪf.o,vɪfe,vɪfo
vɪf.u,vɪf.i,vɪfu,vɪfi
vɪf.o,vɪf.e,vɪfo,vɪfe
vɪs.i,vɪs.u,vɪsi,vɪsu
vɪs.e,vɪs.o,vɪse,vɪso
vɪs.u,vɪs.i,vɪsu,vɪsi
vɪs.o,vɪs.e,vɪso,vɪse
vɪv.i,vɪv.u,vɪvi,vɪvu
vɪv.e,vɪv.o,vɪve,vɪvo
vɪv.u,vɪv.i,vɪvu,vɪvi
vɪv.o,vɪv.e,vɪvo,vɪve
vɪz.i,vɪz.u,vɪzi,vɪzu
vɪz.e,vɪz.o,vɪze,vɪzo
vɪz.u,vɪz.i,vɪzu,vɪzi
vɪz.o,vɪz.e,vɪzo,vɪze
vɪʃ.i,vɪʃ.u,vɪʃi,vɪʃu
vɪʃ.e,vɪʃ.o,vɪʃe,vɪʃo
vɪʃ.u,vɪʃ.i,vɪʃu,vɪʃi
vɪʃ.o,vɪʃ.e,vɪʃo,vɪʃe
vɪʒ.i,vɪʒ.u,vɪʒi,vɪʒu
vɪʒ.e,vɪʒ.o,vɪʒe,vɪʒo
vɪʒ.u,vɪʒ.i,vɪʒu,vɪʒi
vɪʒ.o,vɪʒ.e,vɪʒo,vɪʒe
vɪθ.i,vɪθ.u,vɪθi,vɪθu
vɪθ.e,vɪθ.o,vɪθe,vɪθo
vɪθ.u,vɪθ.i,vɪθu,vɪθi
vɪθ.o,vɪθ.e,vɪθo,vɪθe
vɪð.i,vɪð.u,vɪði,vɪðu
vɪð.e,vɪð.o,vɪðe,vɪðo
vɪð.u,vɪð.i,vɪðu,vɪði
vɪð.o,vɪð.e,vɪðo,vɪðe
zɪm.i,zɪm.u,zɪmi,zɪmu
zɪm.e,zɪm.o,zɪme,zɪmo
zɪm.u,zɪm.i,zɪmu,zɪmi
zɪm.o,zɪm.e,zɪmo,zɪme
zɪn.i,zɪn.u,zɪni,zɪnu
zɪn.e,zɪn.o,zɪne,zɪno
zɪn.u,zɪn.i,zɪnu,zɪni
zɪn.o,zɪn.e,zɪno,zɪne
zɪŋ.i,zɪŋ.u,zɪŋi,zɪŋu
zɪŋ.e,zɪŋ.o,zɪŋe,zɪŋo
zɪŋ.u,zɪŋ.i,zɪŋu,zɪŋi
zɪŋ.o,zɪŋ.e,zɪŋo,zɪŋe
zɪp.i,zɪp.u,zɪpi,zɪpu
zɪp.e,zɪp.o,zɪpe,zɪpo
zɪp.u,zɪp.i,zɪpu,zɪpi
zɪp.o,zɪp.e,zɪpo,zɪpe
zɪt.i,zɪt.u,zɪti,zɪtu
zɪt.e,zɪt.o,zɪte,zɪto
zɪt.u,zɪt.i,zɪtu,zɪti
zɪt.o,zɪt.e,zɪto,zɪte
zɪk.i,zɪk.u,zɪki,zɪku
zɪk.e,zɪk.o,zɪke,zɪko
zɪk.u,zɪk.i,zɪku,zɪki
zɪk.o,zɪk.e,zɪko,zɪke
zɪb.i,zɪb.u,zɪbi,zɪbu
zɪb.e,zɪb.o,zɪbe,zɪbo
zɪb.u,zɪb.i,zɪbu,zɪbi
zɪb.o,zɪb.e,zɪbo,zɪbe
zɪd.i,zɪd.u,zɪdi,zɪdu
zɪd.e,zɪd.o,zɪde,zɪdo
zɪd.u,zɪd.i,zɪdu,zɪdi
zɪd.o,zɪd.e,zɪdo,zɪde
zɪg.i,zɪg.u,zɪgi,zɪgu
zɪg.e,zɪg.o,zɪge,zɪgo
zɪg.u,zɪg.i,zɪgu,zɪgi
zɪg.o,zɪg.e,zɪgo,zɪge
zɪf.i,zɪf.u,zɪfi,zɪfu
zɪf.e,zɪf.o,zɪfe,zɪfo
zɪf.u,zɪf.i,zɪfu,zɪfi
zɪf.o,zɪf.e,zɪfo,zɪfe
zɪs.i,zɪs.u,zɪsi,zɪsu
zɪs.e,zɪs.o,zɪse,zɪso
zɪs.u,zɪs.i,zɪsu,zɪsi
zɪs.o,zɪs.e,zɪso,zɪse
zɪv.i,zɪv.u,zɪvi,zɪvu
zɪv.e,zɪv.o,zɪve,zɪvo
zɪv.u,zɪv.i,zɪvu,zɪvi
zɪv.o,zɪv.e,zɪvo,zɪve
zɪz.i,zɪz.u,zɪzi,zɪzu
zɪz.e,zɪz.o,zɪze,zɪzo
zɪz.u,zɪz.i,zɪzu,zɪzi
zɪz.o,zɪz.e,zɪzo,zɪze
zɪʃ.i,zɪʃ.u,zɪʃi,zɪʃu
zɪʃ.e,zɪʃ.o,zɪʃe,zɪʃo
zɪʃ.u,zɪʃ.i,zɪʃu,zɪʃi
zɪʃ.o,zɪʃ.e,zɪʃo,zɪʃe
zɪʒ.i,zɪʒ.u,zɪʒi,zɪʒu
zɪʒ.e,zɪʒ.o,zɪʒe,zɪʒo
zɪʒ.u,zɪʒ.i,zɪʒu,zɪʒi
zɪʒ.o,zɪʒ.e,zɪʒo,zɪʒe
zɪθ.i,zɪθ.u,zɪθi,zɪθu
zɪθ.e,zɪθ.o,zɪθe,zɪθo
zɪθ.u,zɪθ.i,zɪθu,zɪθi
zɪθ.o,zɪθ.e,zɪθo,zɪθe
zɪð.i,zɪð.u,zɪði,zɪðu
zɪð.e,zɪð.o,zɪðe,zɪðo
zɪð.u,zɪð.i,zɪðu,zɪði
zɪð.o,zɪð.e,zɪðo,zɪðe
ʃɪm.i,ʃɪm.u,ʃɪmi,ʃɪmu
ʃɪm.e,ʃɪm.o,ʃɪme,ʃɪmo
ʃɪm.u,ʃɪm.i,ʃɪmu,ʃɪmi
ʃɪm.o,ʃɪm.e,ʃɪmo,ʃɪme
ʃɪn.i,ʃɪn.u,ʃɪni,ʃɪnu
ʃɪn.e,ʃɪn.o,ʃɪne,ʃɪno
ʃɪn.u,ʃɪn.i,ʃɪnu,ʃɪni
ʃɪn.o,ʃɪn.e,ʃɪno,ʃɪne
ʃɪŋ.i,ʃɪŋ.u,ʃɪŋi,ʃɪŋu
ʃɪŋ.e,ʃɪŋ.o,ʃɪŋe,ʃɪŋo
ʃɪŋ.u,ʃɪŋ.i,ʃɪŋu,ʃɪŋi
ʃɪŋ.o,ʃɪŋ.e,ʃɪŋo,ʃɪŋe
ʃɪp.i,ʃɪp.u,ʃɪpi,ʃɪpu
ʃɪp.e,ʃɪp.o,ʃɪpe,ʃɪpo
ʃɪp.u,ʃɪp.i,ʃɪpu,ʃɪpi
ʃɪp.o,ʃɪp.e,ʃɪpo,ʃɪpe
ʃɪt.i,ʃɪt.u,ʃɪti,ʃɪtu
ʃɪt.e,ʃɪt.o,ʃɪte,ʃɪto
ʃɪt.u,ʃɪt.i,ʃɪtu,ʃɪti
ʃɪt.o,ʃɪt.e,ʃɪto,ʃɪte
ʃɪk.i,ʃɪk.u,ʃɪki,ʃɪku
ʃɪk.e,ʃɪk.o,ʃɪke,ʃɪko
ʃɪk.u,ʃɪk.i,ʃɪku,ʃɪki
ʃɪk.o,ʃɪk.e,ʃɪko,ʃɪke
ʃɪb.i,ʃɪb.u,ʃɪbi,ʃɪbu
ʃɪb.e,ʃɪb.o,ʃɪbe,ʃɪbo
ʃɪb.u,ʃɪb.i,ʃɪbu,ʃɪbi
ʃɪb.o,ʃɪb.e,ʃɪbo,ʃɪbe
ʃɪd.i,ʃɪd.u,ʃɪdi,ʃɪdu
ʃɪd.e,ʃɪd.o,ʃɪde,ʃɪdo
ʃɪd.u,ʃɪd.i,ʃɪdu,ʃɪdi
ʃɪd.o,ʃɪd.e,ʃɪdo,ʃɪde
ʃɪg.i,ʃɪg.u,ʃɪgi,ʃɪgu
ʃɪg.e,ʃɪg.o,ʃɪge,ʃɪgo
ʃɪg.u,ʃɪg.i,ʃɪgu,ʃɪgi
ʃɪg.o,ʃɪg.e,ʃɪgo,ʃɪge
ʃɪf.i,ʃɪf.u,ʃɪfi,ʃɪfu
ʃɪf.e,ʃɪf.o,ʃɪfe,ʃɪfo
ʃɪf.u,ʃɪf.i,ʃɪfu,ʃɪfi
ʃɪf.o,ʃɪf.e,ʃɪfo,ʃɪfe
ʃɪs.i,ʃɪs.u,ʃɪsi,ʃɪsu
ʃɪs.e,ʃɪs.o,ʃɪse,ʃɪso
ʃɪs.u,ʃɪs.i,ʃɪsu,ʃɪsi
ʃɪs.o,ʃɪs.e,ʃɪso,ʃɪse
ʃɪv.i,ʃɪv.u,ʃɪvi,ʃɪvu
ʃɪv.e,ʃɪv.o,ʃɪve,ʃɪvo
ʃɪv.u,ʃɪv.i,ʃɪvu,ʃɪvi
ʃɪv.o,ʃɪv.e,ʃɪvo,ʃɪve
ʃɪz.i,ʃɪz.u,ʃɪzi,ʃɪzu
ʃɪz.e,ʃɪz.o,ʃɪze,ʃɪzo
ʃɪz.u,ʃɪz.i,ʃɪzu,ʃɪzi
ʃɪz.o,ʃɪz.e,ʃɪzo,ʃɪze
ʃɪʃ.i,ʃɪʃ.u,ʃɪʃi,ʃɪʃu
ʃɪʃ.e,ʃɪʃ.o,ʃɪʃe,ʃɪʃo
ʃɪʃ.u,ʃɪʃ.i,ʃɪʃu,ʃɪʃi
ʃɪʃ.o,ʃɪʃ.e,ʃɪʃo,ʃɪʃe
ʃɪʒ.i,ʃɪʒ.u,ʃɪʒi,ʃɪʒu
ʃɪʒ.e,ʃɪʒ.o,ʃɪʒe,ʃɪʒo
ʃɪʒ.u,ʃɪʒ.i,ʃɪʒu,ʃɪʒi
ʃɪʒ.o,ʃɪʒ.e,ʃɪʒo,ʃɪʒe
ʃɪθ.i,ʃɪθ.u,ʃɪθi,ʃɪθu
ʃɪθ.e,ʃɪθ.o,ʃɪθe,ʃɪθo
ʃɪθ.u,ʃɪθ.i,ʃɪθu,ʃɪθi
ʃɪθ.o,ʃɪθ.e,ʃɪθo,ʃɪθe
ʃɪð.i,ʃɪð.u,ʃɪði,ʃɪðu
ʃɪð.e,ʃɪð.o,ʃɪðe,ʃɪðo
ʃɪð.u,ʃɪð.i,ʃɪðu,ʃɪði
ʃɪð.o,ʃɪð.e,ʃɪðo,ʃɪðe
ʒɪm.i,ʒɪm.u,ʒɪmi,ʒɪmu
ʒɪm.e,ʒɪm.o,ʒɪme,ʒɪmo
ʒɪm.u,ʒɪm.i,ʒɪmu,ʒɪmi
ʒɪm.o,ʒɪm.e,ʒɪmo,ʒɪme
ʒɪn.i,ʒɪn.u,ʒɪni,ʒɪnu
ʒɪn.e,ʒɪn.o,ʒɪne,ʒɪno
ʒɪn.u,ʒɪn.i,ʒɪnu,ʒɪni
ʒɪn.o,ʒɪn.e,ʒɪno,ʒɪne
ʒɪŋ.i,ʒɪŋ.u,ʒɪŋi,ʒɪŋu
ʒɪŋ.e,ʒɪŋ.o,ʒɪŋe,ʒɪŋo
ʒɪŋ.u,ʒɪŋ.i,ʒɪŋu,ʒɪŋi
ʒɪŋ.o,ʒɪŋ.e,ʒɪŋo,ʒɪŋe
ʒɪp.i,ʒɪp.u,ʒɪpi,ʒɪpu
ʒɪp.e,ʒɪp.o,ʒɪpe,ʒɪpo
ʒɪp.u,ʒɪp.i,ʒɪpu,ʒɪpi
ʒɪp.o,ʒɪp.e,ʒɪpo,ʒɪpe
ʒɪt.i,ʒɪt.u,ʒɪti,ʒɪtu
ʒɪt.e,ʒɪt.o,ʒɪte,ʒɪto
ʒɪt.u,ʒɪt.i,ʒɪtu,ʒɪti
ʒɪt.o,ʒɪt.e,ʒɪto,ʒɪte
ʒɪk.i,ʒɪk.u,ʒɪki,ʒɪku
ʒɪk.e,ʒɪk.o,ʒɪke,ʒɪko
ʒɪk.u,ʒɪk.i,ʒɪku,ʒɪki
ʒɪk.o,ʒɪk.e,ʒɪko,ʒɪke
ʒɪb.i,ʒɪb.u,ʒɪbi,ʒɪbu
ʒɪb.e,ʒɪb.o,ʒɪbe,ʒɪbo
ʒɪb.u,ʒɪb.i,ʒɪbu,ʒɪbi
ʒɪb.o,ʒɪb.e,ʒɪbo,ʒɪbe
ʒɪd.i,ʒɪd.u,ʒɪdi,ʒɪdu
ʒɪd.e,ʒɪd.o,ʒɪde,ʒɪdo
ʒɪd.u,ʒɪd.i,ʒɪdu,ʒɪdi
ʒɪd.o,ʒɪd.e,ʒɪdo,ʒɪde
ʒɪg.i,ʒɪg.u,ʒɪgi,ʒɪgu
ʒɪg.e,ʒɪg.o,ʒɪge,ʒɪgo
ʒɪg.u,ʒɪg.i,ʒɪgu,ʒɪgi
ʒɪg.o,ʒɪg.e,ʒɪgo,ʒɪge
ʒɪf.i,ʒɪf.u,ʒɪfi,ʒɪfu
ʒɪf.e,ʒɪf.o,ʒɪfe,ʒɪfo
ʒɪf.u,ʒɪf.i,ʒɪfu,ʒɪfi
ʒɪf.o,ʒɪf.e,ʒɪfo,ʒɪfe
ʒɪs.i,ʒɪs.u,ʒɪsi,ʒɪsu
ʒɪs.e,ʒɪs.o,ʒɪse,ʒɪso
ʒɪs.u,ʒɪs.i,ʒɪsu,ʒɪsi
ʒɪs.o,ʒɪs.e,ʒɪso,ʒɪse
ʒɪv.i,ʒɪv.u,ʒɪvi,ʒɪvu
ʒɪv.e,ʒɪv.o,ʒɪve,ʒɪvo
ʒɪv.u,ʒɪv.i,ʒɪvu,ʒɪvi
ʒɪv.o,ʒɪv.e,ʒɪvo,ʒɪve
ʒɪz.i,ʒɪz.u,ʒɪzi,ʒɪzu
ʒɪz.e,ʒɪz.o,ʒɪze,ʒɪzo
ʒɪz.u,ʒɪz.i,ʒɪzu,ʒɪzi
ʒɪz.o,ʒɪz.e,ʒɪzo,ʒɪze
ʒɪʃ.i,ʒɪʃ.u,ʒɪʃi,ʒɪʃu
ʒɪʃ.e,ʒɪʃ.o,ʒɪʃe,ʒɪʃo
ʒɪʃ.u,ʒɪʃ.i,ʒɪʃu,ʒɪʃi
ʒɪʃ.o,ʒɪʃ.e,ʒɪʃo,ʒɪʃe
ʒɪʒ.i,ʒɪʒ.u,ʒɪʒi,ʒɪʒu
ʒɪʒ.e,ʒɪʒ.o,ʒɪʒe,ʒɪʒo
ʒɪʒ.u,ʒɪʒ.i,ʒɪʒu,ʒɪʒi
ʒɪʒ.o,ʒɪʒ.e,ʒɪʒo,ʒɪʒe
ʒɪθ.i,ʒɪθ.u,ʒɪθi,ʒɪθu
ʒɪθ.e,ʒɪθ.o,ʒɪθe,ʒɪθo
ʒɪθ.u,ʒɪθ.i,ʒɪθu,ʒɪθi
ʒɪθ.o,ʒɪθ.e,ʒɪθo,ʒɪθe
ʒɪð.i,ʒɪð.u,ʒɪði,ʒɪðu
ʒɪð.e,ʒɪð.o,ʒɪðe,ʒɪðo
ʒɪð.u,ʒɪð.i,ʒɪðu,ʒɪði
ʒɪð.o,ʒɪð.e,ʒɪðo,ʒɪðe
θɪm.i,θɪm.u,θɪmi,θɪmu
θɪm.e,θɪm.o,θɪme,θɪmo
θɪm.u,θɪm.i,θɪmu,θɪmi
θɪm.o,θɪm.e,θɪmo,θɪme
θɪn.i,θɪn.u,θɪni,θɪnu
θɪn.e,θɪn.o,θɪne,θɪno
θɪn.u,θɪn.i,θɪnu,θɪni
θɪn.o,θɪn.e,θɪno,θɪne
θɪŋ.i,θɪŋ.u,θɪŋi,θɪŋu
θɪŋ.e,θɪŋ.o,θɪŋe,θɪŋo
θɪŋ.u,θɪŋ.i,θɪŋu,θɪŋi
θɪŋ.o,θɪŋ.e,θɪŋo,θɪŋe
θɪp.i,θɪp.u,θɪpi,θɪpu
θɪp.e,θɪp.o,θɪpe,θɪpo
θɪp.u,θɪp.i,θɪpu,θɪpi
θɪp.o,θɪp.e,θɪpo,θɪpe
θɪt.i,θɪt.u,θɪti,θɪtu
θɪt.e,θɪt.o,θɪte,θɪto
θɪt.u,θɪt.i,θɪtu,θɪti
θɪt.o,θɪt.e,θɪto,θɪte
θɪk.i,θɪk.u,θɪki,θɪku
θɪk.e,θɪk.o,θɪke,θɪko
θɪk.u,θɪk.i,θɪku,θɪki
θɪk.o,θɪk.e,θɪko,θɪke
θɪb.i,θɪb.u,θɪbi,θɪbu
θɪb.e,θɪb.o,θɪbe,θɪbo
θɪb.u,θɪb.i,θɪbu,θɪbi
θɪb.o,θɪb.e,θɪbo,θɪbe
θɪd.i,θɪd.u,θɪdi,θɪdu
θɪd.e,θɪd.o,θɪde,θɪdo
θɪd.u,θɪd.i,θɪdu,θɪdi
θɪd.o,θɪd.e,θɪdo,θɪde
θɪg.i,θɪg.u,θɪgi,θɪgu
θɪg.e,θɪg.o,θɪge,θɪgo
θɪg.u,θɪg.i,θɪgu,θɪgi
θɪg.o,θɪg.e,θɪgo,θɪge
θɪf.i,θɪf.u,θɪfi,θɪfu
θɪf.e,θɪf.o,θɪfe,θɪfo
θɪf.u,θɪf.i,θɪfu,θɪfi
θɪf.o,θɪf.e,θɪfo,θɪfe
θɪs.i,θɪs.u,θɪsi,θɪsu
θɪs.e,θɪs.o,θɪse,θɪso
θɪs.u,θɪs.i,θɪsu,θɪsi
θɪs.o,θɪs.e,θɪso,θɪse
θɪv.i,θɪv.u,θɪvi,θɪvu
θɪv.e,θɪv.o,θɪve,θɪvo
θɪv.u,θɪv.i,θɪvu,θɪvi
θɪv.o,θɪv.e,θɪvo,θɪve
θɪz.i,θɪz.u,θɪzi,θɪzu
θɪz.e,θɪz.o,θɪze,θɪzo
θɪz.u,θɪz.i,θɪzu,θɪzi
θɪz.o,θɪz.e,θɪzo,θɪze
θɪʃ.i,θɪʃ.u,θɪʃi,θɪʃu
θɪʃ.e,θɪʃ.o,θɪʃe,θɪʃo
θɪʃ.u,θɪʃ.i,θɪʃu,θɪʃi
θɪʃ.o,θɪʃ.e,θɪʃo,θɪʃe
θɪʒ.i,θɪʒ.u,θɪʒi,θɪʒu
θɪʒ.e,θɪʒ.o,θɪʒe,θɪʒo
θɪʒ.u,θɪʒ.i,θɪʒu,θɪʒi
θɪʒ.o,θɪʒ.e,θɪʒo,θɪʒe
θɪθ.i,θɪθ.u,θɪθi,θɪθu
θɪθ.e,θɪθ.o,θɪθe,θɪθo
θɪθ.u,θɪθ.i,θɪθu,θɪθi
θɪθ.o,θɪθ.e,θɪθo,θɪθe
θɪð.i,θɪð.u,θɪði,θɪðu
θɪð.e,θɪð.o,θɪðe,θɪðo
θɪð.u,θɪð.i,θɪðu,θɪði
θɪð.o,θɪð.e,θɪðo,θɪðe
ðɪm.i,ðɪm.u,ðɪmi,ðɪmu
ðɪm.e,ðɪm.o,ðɪme,ðɪmo
ðɪm.u,ðɪm.i,ðɪmu,ðɪmi
ðɪm.o,ðɪm.e,ðɪmo,ðɪme
ðɪn.i,ðɪn.u,ðɪni,ðɪnu
ðɪn.e,ðɪn.o,ðɪne,ðɪno
ðɪn.u,ðɪn.i,ðɪnu,ðɪni
ðɪn.o,ðɪn.e,ðɪno,ðɪne
ðɪŋ.i,ðɪŋ.u,ðɪŋi,ðɪŋu
ðɪŋ.e,ðɪŋ.o,ðɪŋe,ðɪŋo
ðɪŋ.u,ðɪŋ.i,ðɪŋu,ðɪŋi
ðɪŋ.o,ðɪŋ.e,ðɪŋo,ðɪŋe
ðɪp.i,ðɪp.u,ðɪpi,ðɪpu
ðɪp.e,ðɪp.o,ðɪpe,ðɪpo
ðɪp.u,ðɪp.i,ðɪpu,ðɪpi
ðɪp.o,ðɪp.e,ðɪpo,ðɪpe
ðɪt.i,ðɪt.u,ðɪti,ðɪtu
ðɪt.e,ðɪt.o,ðɪte,ðɪto
ðɪt.u,ðɪt.i,ðɪtu,ðɪti
ðɪt.o,ðɪt.e,ðɪto,ðɪte
ðɪk.i,ðɪk.u,ðɪki,ðɪku
ðɪk.e,ðɪk.o,ðɪke,ðɪko
ðɪk.u,ðɪk.i,ðɪku,ðɪki
ðɪk.o,ðɪk.e,ðɪko,ðɪke
ðɪb.i,ðɪb.u,ðɪbi,ðɪbu
ðɪb.e,ðɪb.o,ðɪbe,ðɪbo
ðɪb.u,ðɪb.i,ðɪbu,ðɪbi
ðɪb.o,ðɪb.e,ðɪbo,ðɪbe
ðɪd.i,ðɪd.u,ðɪdi,ðɪdu
ðɪd.e,ðɪd.o,ðɪde,ðɪdo
ðɪd.u,ðɪd.i,ðɪdu,ðɪdi
ðɪd.o,ðɪd.e,ðɪdo,ðɪde
ðɪg.i,ðɪg.u,ðɪgi,ðɪgu
ðɪg.e,ðɪg.o,ðɪge,ðɪgo
ðɪg.u,ðɪg.i,ðɪgu,ðɪgi
ðɪg.o,ðɪg.e,ðɪgo,ðɪge
ðɪf.i,ðɪf.u,ðɪfi,ðɪfu
ðɪf.e,ðɪf.o,ðɪfe,ðɪfo
ðɪf.u,ðɪf.i,ðɪfu,ðɪfi
ðɪf.o,ðɪf.e,ðɪfo,ðɪfe
ðɪs.i,ðɪs.u,ðɪsi,ðɪsu
ðɪs.e,ðɪs.o,ðɪse,ðɪso
ðɪs.u,ðɪs.i,ðɪsu,ðɪsi
ðɪs.o,ðɪs.e,ðɪso,ðɪse
ðɪv.i,ðɪv.u,ðɪvi,ðɪvu
ðɪv.e,ðɪv.o,ðɪve,ðɪvo
ðɪv.u,ðɪv.i,ðɪvu,ðɪvi
ðɪv.o,ðɪv.e,ðɪvo,ðɪve
ðɪz.i,ðɪz.u,ðɪzi,ðɪzu
ðɪz.e,ðɪz.o,ðɪze,ðɪzo
ðɪz.u,ðɪz.i,ðɪzu,ðɪzi
ðɪz.o,ðɪz.e,ðɪzo,ðɪze
ðɪʃ.i,ðɪʃ.u,ðɪʃi,ðɪʃu
ðɪʃ.e,ðɪʃ.o,ðɪʃe,ðɪʃo
ðɪʃ.u,ðɪʃ.i,ðɪʃu,ðɪʃi
ðɪʃ.o,ðɪʃ.e,ðɪʃo,ðɪʃe
ðɪʒ.i,ðɪʒ.u,ðɪʒi,ðɪʒu
ðɪʒ.e,ðɪʒ.o,ðɪʒe,ðɪʒo
ðɪʒ.u,ðɪʒ.i,ðɪʒu,ðɪʒi
ðɪʒ.o,ðɪʒ.e,ðɪʒo,ðɪʒe
ðɪθ.i,ðɪθ.u,ðɪθi,ðɪθu
ðɪθ.e,ðɪθ.o,ðɪθe,ðɪθo
ðɪθ.u,ðɪθ.i,ðɪθu,ðɪθi
ðɪθ.o,ðɪθ.e,ðɪθo,ðɪθe
ðɪð.i,ðɪð.u,ðɪði,ðɪðu
ðɪð.e,ðɪð.o,ðɪðe,ðɪðo
ðɪð.u,ðɪð.i,ðɪðu,ðɪði
ðɪð.o,ðɪð.e,ðɪðo,ðɪðe
hɪm.i,hɪm.u,hɪmi,hɪmu
hɪm.e,hɪm.o,hɪme,hɪmo
hɪm.u,hɪm.i,hɪmu,hɪmi
hɪm.o,hɪm.e,hɪmo,hɪme
hɪn.i,hɪn.u,hɪni,hɪnu
hɪn.e,hɪn.o,hɪne,hɪno
hɪn.u,hɪn.i,hɪnu,hɪni
hɪn.o,hɪn.e,hɪno,hɪne
hɪŋ.i,hɪŋ.u,hɪŋi,hɪŋu
hɪŋ.e,hɪŋ.o,hɪŋe,hɪŋo
hɪŋ.u,hɪŋ.i,hɪŋu,hɪŋi
hɪŋ.o,hɪŋ.e,hɪŋo,hɪŋe
hɪp.i,hɪp.u,hɪpi,hɪpu
hɪp.e,hɪp.o,hɪpe,hɪpo
hɪp.u,hɪp.i,hɪpu,hɪpi
hɪp.o,hɪp.e,hɪpo,hɪpe
hɪt.i,hɪt.u,hɪti,hɪtu
hɪt.e,hɪt.o,hɪte,hɪto
hɪt.u,hɪt.i,hɪtu,hɪti
hɪt.o,hɪt.e,hɪto,hɪte
hɪk.i,hɪk.u,hɪki,hɪku
hɪk.e,hɪk.o,hɪke,hɪko
hɪk.u,hɪk.i,hɪku,hɪki
hɪk.o,hɪk.e,hɪko,hɪke
hɪb.i,hɪb.u,hɪbi,hɪbu
hɪb.e,hɪb.o,hɪbe,hɪbo
hɪb.u,hɪb.i,hɪbu,hɪbi
hɪb.o,hɪb.e,hɪbo,hɪbe
hɪd.i,hɪd.u,hɪdi,hɪdu
hɪd.e,hɪd.o,hɪde,hɪdo
hɪd.u,hɪd.i,hɪdu,hɪdi
hɪd.o,hɪd.e,hɪdo,hɪde
hɪg.i,hɪg.u,hɪgi,hɪgu
hɪg.e,hɪg.o,hɪge,hɪgo
hɪg.u,hɪg.i,hɪgu,hɪgi
hɪg.o,hɪg.e,hɪgo,hɪge
hɪf.i,hɪf.u,hɪfi,hɪfu
hɪf.e,hɪf.o,hɪfe,hɪfo
hɪf.u,hɪf.i,hɪfu,hɪfi
hɪf.o,hɪf.e,hɪfo,hɪfe
hɪs.i,hɪs.u,hɪsi,hɪsu
hɪs.e,hɪs.o,hɪse,hɪso
hɪs.u,hɪs.i,hɪsu,hɪsi
hɪs.o,hɪs.e,hɪso,hɪse
hɪv.i,hɪv.u,hɪvi,hɪvu
hɪv.e,hɪv.o,hɪve,hɪvo
hɪv.u,hɪv.i,hɪvu,hɪvi
hɪv.o,hɪv.e,hɪvo,hɪve
hɪz.i,hɪz.u,hɪzi,hɪzu
hɪz.e,hɪz.o,hɪze,hɪzo
hɪz.u,hɪz.i,hɪzu,hɪzi
hɪz.o,hɪz.e,hɪzo,hɪze
hɪʃ.i,hɪʃ.u,hɪʃi,hɪʃu
hɪʃ.e,hɪʃ.o,hɪʃe,hɪʃo
hɪʃ.u,hɪʃ.i,hɪʃu,hɪʃi
hɪʃ.o,hɪʃ.e,hɪʃo,hɪʃe
hɪʒ.i,hɪʒ.u,hɪʒi,hɪʒu
hɪʒ.e,hɪʒ.o,hɪʒe,hɪʒo
hɪʒ.u,hɪʒ.i,hɪʒu,hɪʒi
hɪʒ.o,hɪʒ.e,hɪʒo,hɪʒe
hɪθ.i,hɪθ.u,hɪθi,hɪθu
hɪθ.e,hɪθ.o,hɪθe,hɪθo
hɪθ.u,hɪθ.i,hɪθu,hɪθi
hɪθ.o,hɪθ.e,hɪθo,hɪθe
hɪð.i,hɪð.u,hɪði,hɪðu
hɪð.e,hɪð.o,hɪðe,hɪðo
hɪð.u,hɪð.i,hɪðu,hɪði
hɪð.o,hɪð.e,hɪðo,hɪðe
mɛm.i,mɛm.u,mɛmi,mɛmu
mɛm.e,mɛm.o,mɛme,mɛmo
mɛm.u,mɛm.i,mɛmu,mɛmi
mɛm.o,mɛm.e,mɛmo,mɛme
mɛn.i,mɛn.u,mɛni,mɛnu
mɛn.e,mɛn.o,mɛne,mɛno
mɛn.u,mɛn.i,mɛnu,mɛni
mɛn.o,mɛn.e,mɛno,mɛne
mɛŋ.i,mɛŋ.u,mɛŋi,mɛŋu
mɛŋ.e,mɛŋ.o,mɛŋe,mɛŋo
mɛŋ.u,mɛŋ.i,mɛŋu,mɛŋi
mɛŋ.o,mɛŋ.e,mɛŋo,mɛŋe
mɛp.i,mɛp.u,mɛpi,mɛpu
mɛp.e,mɛp.o,mɛpe,mɛpo
mɛp.u,mɛp.i,mɛpu,mɛpi
mɛp.o,mɛp.e,mɛpo,mɛpe
mɛt.i,mɛt.u,mɛti,mɛtu
mɛt.e,mɛt.o,mɛte,mɛto
mɛt.u,mɛt.i,mɛtu,mɛti
mɛt.o,mɛt.e,mɛto,mɛte
mɛk.i,mɛk.u,mɛki,mɛku
mɛk.e,mɛk.o,mɛke,mɛko
mɛk.u,mɛk.i,mɛku,mɛki
mɛk.o,mɛk.e,mɛko,mɛke
mɛb.i,mɛb.u,mɛbi,mɛbu
mɛb.e,mɛb.o,mɛbe,mɛbo
mɛb.u,mɛb.i,mɛbu,mɛbi
mɛb.o,mɛb.e,mɛbo,mɛbe
mɛd.i,mɛd.u,mɛdi,mɛdu
mɛd.e,mɛd.o,mɛde,mɛdo
mɛd.u,mɛd.i,mɛdu,mɛdi
mɛd.o,mɛd.e,mɛdo,mɛde
mɛg.i,mɛg.u,mɛgi,mɛgu
mɛg.e,mɛg.o,mɛge,mɛgo
mɛg.u,mɛg.i,mɛgu,mɛgi
mɛg.o,mɛg.e,mɛgo,mɛge
mɛf.i,mɛf.u,mɛfi,mɛfu
mɛf.e,mɛf.o,mɛfe,mɛfo
mɛf.u,mɛf.i,mɛfu,mɛfi
mɛf.o,mɛf.e,mɛfo,mɛfe
mɛs.i,mɛs.u,mɛsi,mɛsu
mɛs.e,mɛs.o,mɛse,mɛso
mɛs.u,mɛs.i,mɛsu,mɛsi
mɛs.o,mɛs.e,mɛso,mɛse
mɛv.i,mɛv.u,mɛvi,mɛvu
mɛv.e,mɛv.o,mɛve,mɛvo
mɛv.u,mɛv.i,mɛvu,mɛvi
mɛv.o,mɛv.e,mɛvo,mɛve
mɛz.i,mɛz.u,mɛzi,mɛzu
mɛz.e,mɛz.o,mɛze,mɛzo
mɛz.u,mɛz.i,mɛzu,mɛzi
mɛz.o,mɛz.e,mɛzo,mɛze
mɛʃ.i,mɛʃ.u,mɛʃi,mɛʃu
mɛʃ.e,mɛʃ.o,mɛʃe,mɛʃo
mɛʃ.u,mɛʃ.i,mɛʃu,mɛʃi
mɛʃ.o,mɛʃ.e,mɛʃo,mɛʃe
mɛʒ.i,mɛʒ.u,mɛʒi,mɛʒu
mɛʒ.e,mɛʒ.o,mɛʒe,mɛʒo
mɛʒ.u,mɛʒ.i,mɛʒu,mɛʒi
mɛʒ.o,mɛʒ.e,mɛʒo,mɛʒe
mɛθ.i,mɛθ.u,mɛθi,mɛθu
mɛθ.e,mɛθ.o,mɛθe,mɛθo
mɛθ.u,mɛθ.i,mɛθu,mɛθi
mɛθ.o,mɛθ.e,mɛθo,mɛθe
mɛð.i,mɛð.u,mɛði,mɛðu
mɛð.e,mɛð.o,mɛðe,mɛðo
mɛð.u,mɛð.i,mɛðu,mɛði
mɛð.o,mɛð.e,mɛðo,mɛðe
nɛm.i,nɛm.u,nɛmi,nɛmu
nɛm.e,nɛm.o,nɛme,nɛmo
nɛm.u,nɛm.i,nɛmu,nɛmi
nɛm.o,nɛm.e,nɛmo,nɛme
nɛn.i,nɛn.u,nɛni,nɛnu
nɛn.e,nɛn.o,nɛne,nɛno
nɛn.u,nɛn.i,nɛnu,nɛni
nɛn.o,nɛn.e,nɛno,nɛne
nɛŋ.i,nɛŋ.u,nɛŋi,nɛŋu
nɛŋ.e,nɛŋ.o,nɛŋe,nɛŋo
nɛŋ.u,nɛŋ.i,nɛŋu,nɛŋi
nɛŋ.o,nɛŋ.e,nɛŋo,nɛŋe
nɛp.i,nɛp.u,nɛpi,nɛpu
nɛp.e,nɛp.o,nɛpe,nɛpo
nɛp.u,nɛp.i,nɛpu,nɛpi
nɛp.o,nɛp.e,nɛpo,nɛpe
nɛt.i,nɛt.u,nɛti,nɛtu
nɛt.e,nɛt.o,nɛte,nɛto
nɛt.u,nɛt.i,nɛtu,nɛti
nɛt.o,nɛt.e,nɛto,nɛte
nɛk.i,nɛk.u,nɛki,nɛku
nɛk.e,nɛk.o,nɛke,nɛko
nɛk.u,nɛk.i,nɛku,nɛki
nɛk.o,nɛk.e,nɛko,nɛke
nɛb.i,nɛb.u,nɛbi,nɛbu
nɛb.e,nɛb.o,nɛbe,nɛbo
nɛb.u,nɛb.i,nɛbu,nɛbi
nɛb.o,nɛb.e,nɛbo,nɛbe
nɛd.i,nɛd.u,nɛdi,nɛdu
nɛd.e,nɛd.o,nɛde,nɛdo
nɛd.u,nɛd.i,nɛdu,nɛdi
nɛd.o,nɛd.e,nɛdo,nɛde
nɛg.i,nɛg.u,nɛgi,nɛgu
nɛg.e,nɛg.o,nɛge,nɛgo
nɛg.u,nɛg.i,nɛgu,nɛgi
nɛg.o,nɛg.e,nɛgo,nɛge
nɛf.i,nɛf.u,nɛfi,nɛfu
nɛf.e,nɛf.o,nɛfe,nɛfo
nɛf.u,nɛf.i,nɛfu,nɛfi
nɛf.o,nɛf.e,nɛfo,nɛfe
nɛs.i,nɛs.u,nɛsi,nɛsu
nɛs.e,nɛs.o,nɛse,nɛso
nɛs.u,nɛs.i,nɛsu,nɛsi
nɛs.o,nɛs.e,nɛso,nɛse
nɛv.i,nɛv.u,nɛvi,nɛvu
nɛv.e,nɛv.o,nɛve,nɛvo
nɛv.u,nɛv.i,nɛvu,nɛvi
nɛv.o,nɛv.e,nɛvo,nɛve
nɛz.i,nɛz.u,nɛzi,nɛzu
nɛz.e,nɛz.o,nɛze,nɛzo
nɛz.u,nɛz.i,nɛzu,nɛzi
nɛz.o,nɛz.e,nɛzo,nɛze
nɛʃ.i,nɛʃ.u,nɛʃi,nɛʃu
nɛʃ.e,nɛʃ.o,nɛʃe,nɛʃo
nɛʃ.u,nɛʃ.i,nɛʃu,nɛʃi
nɛʃ.o,nɛʃ.e,nɛʃo,nɛʃe
nɛʒ.i,nɛʒ.u,nɛʒi,nɛʒu
nɛʒ.e,nɛʒ.o,nɛʒe,nɛʒo
nɛʒ.u,nɛʒ.i,nɛʒu,nɛʒi
nɛʒ.o,nɛʒ.e,nɛʒo,nɛʒe
nɛθ.i,nɛθ.u,nɛθi,nɛθu
nɛθ.e,nɛθ.o,nɛθe,nɛθo
nɛθ.u,nɛθ.i,nɛθu,nɛθi
nɛθ.o,nɛθ.e,nɛθo,nɛθe
nɛð.i,nɛð.u,nɛði,nɛðu
nɛð.e,nɛð.o,nɛðe,nɛðo
nɛð.u,nɛð.i,nɛðu,nɛði
nɛð.o,nɛð.e,nɛðo,nɛðe
pɛm.i,pɛm.u,pɛmi,pɛmu
pɛm.e,pɛm.o,pɛme,pɛmo
pɛm.u,pɛm.i,pɛmu,pɛmi
pɛm.o,pɛm.e,pɛmo,pɛme
pɛn.i,pɛn.u,pɛni,pɛnu
pɛn.e,pɛn.o,pɛne,pɛno
pɛn.u,pɛn.i,pɛnu,pɛni
pɛn.o,pɛn.e,pɛno,pɛne
pɛŋ.i,pɛŋ.u,pɛŋi,pɛŋu
pɛŋ.e,pɛŋ.o,pɛŋe,pɛŋo
pɛŋ.u,pɛŋ.i,pɛŋu,pɛŋi
pɛŋ.o,pɛŋ.e,pɛŋo,pɛŋe
pɛp.i,pɛp.u,pɛpi,pɛpu
pɛp.e,pɛp.o,pɛpe,pɛpo
pɛp.u,pɛp.i,pɛpu,pɛpi
pɛp.o,pɛp.e,pɛpo,pɛpe
pɛt.i,pɛt.u,pɛti,pɛtu
pɛt.e,pɛt.o,pɛte,pɛto
pɛt.u,pɛt.i,pɛtu,pɛti
pɛt.o,pɛt.e,pɛto,pɛte
pɛk.i,pɛk.u,pɛki,pɛku
pɛk.e,pɛk.o,pɛke,pɛko
pɛk.u,pɛk.i,pɛku,pɛki
pɛk.o,pɛk.e,pɛko,pɛke
pɛb.i,pɛb.u,pɛbi,pɛbu
pɛb.e,pɛb.o,pɛbe,pɛbo
pɛb.u,pɛb.i,pɛbu,pɛbi
pɛb.o,pɛb.e,pɛbo,pɛbe
pɛd.i,pɛd.u,pɛdi,pɛdu
pɛd.e,pɛd.o,pɛde,pɛdo
pɛd.u,pɛd.i,pɛdu,pɛdi
pɛd.o,pɛd.e,pɛdo,pɛde
pɛg.i,pɛg.u,pɛgi,pɛgu
pɛg.e,pɛg.o,pɛge,pɛgo
pɛg.u,pɛg.i,pɛgu,pɛgi
pɛg.o,pɛg.e,pɛgo,pɛge
pɛf.i,pɛf.u,pɛfi,pɛfu
pɛf.e,pɛf.o,pɛfe,pɛfo
pɛf.u,pɛf.i,pɛfu,pɛfi
pɛf.o,pɛf.e,pɛfo,pɛfe
pɛs.i,pɛs.u,pɛsi,pɛsu
pɛs.e,pɛs.o,pɛse,pɛso
pɛs.u,pɛs.i,pɛsu,pɛsi
pɛs.o,pɛs.e,pɛso,pɛse
pɛv.i,pɛv.u,pɛvi,pɛvu
pɛv.e,pɛv.o,pɛve,pɛvo
pɛv.u,pɛv.i,pɛvu,pɛvi
pɛv.o,pɛv.e,pɛvo,pɛve
pɛz.i,pɛz.u,pɛzi,pɛzu
pɛz.e,pɛz.o,pɛze,pɛzo
pɛz.u,pɛz.i,pɛzu,pɛzi
pɛz.o,pɛz.e,pɛzo,pɛze
pɛʃ.i,pɛʃ.u,pɛʃi,pɛʃu
pɛʃ.e,pɛʃ.o,pɛʃe,pɛʃo
pɛʃ.u,pɛʃ.i,pɛʃu,pɛʃi
pɛʃ.o,pɛʃ.e,pɛʃo,pɛʃe
pɛʒ.i,pɛʒ.u,pɛʒi,pɛʒu
pɛʒ.e,pɛʒ.o,pɛʒe,pɛʒo
pɛʒ.u,pɛʒ.i,pɛʒu,pɛʒi
pɛʒ.o,pɛʒ.e,pɛʒo,pɛʒe
pɛθ.i,pɛθ.u,pɛθi,pɛθu
pɛθ.e,pɛθ.o,pɛθe,pɛθo
pɛθ.u,pɛθ.i,pɛθu,pɛθi
pɛθ.o,pɛθ.e,pɛθo,pɛθe
pɛð.i,pɛð.u,pɛði,pɛðu
pɛð.e,pɛð.o,pɛðe,pɛðo
pɛð.u,pɛð.i,pɛðu,pɛði
pɛð.o,pɛð.e,pɛðo,pɛðe
tɛm.i,tɛm.u,tɛmi,tɛmu
tɛm.e,tɛm.o,tɛme,tɛmo
tɛm.u,tɛm.i,tɛmu,tɛmi
tɛm.o,tɛm.e,tɛmo,tɛme
tɛn.i,tɛn.u,tɛni,tɛnu
tɛn.e,tɛn.o,tɛne,tɛno
tɛn.u,tɛn.i,tɛnu,tɛni
tɛn.o,tɛn.e,tɛno,tɛne
tɛŋ.i,tɛŋ.u,tɛŋi,tɛŋu
tɛŋ.e,tɛŋ.o,tɛŋe,tɛŋo
tɛŋ.u,tɛŋ.i,tɛŋu,tɛŋi
tɛŋ.o,tɛŋ.e,tɛŋo,tɛŋe
tɛp.i,tɛp.u,tɛpi,tɛpu
tɛp.e,tɛp.o,tɛpe,tɛpo
tɛp.u,tɛp.i,tɛpu,tɛpi
tɛp.o,tɛp.e,tɛpo,tɛpe
tɛt.i,tɛt.u,tɛti,tɛtu
tɛt.e,tɛt.o,tɛte,tɛto
tɛt.u,tɛt.i,tɛtu,tɛti
tɛt.o,tɛt.e,tɛto,tɛte
tɛk.i,tɛk.u,tɛki,tɛku
tɛk.e,tɛk.o,tɛke,tɛko
tɛk.u,tɛk.i,tɛku,tɛki
tɛk.o,tɛk.e,tɛko,tɛke
tɛb.i,tɛb.u,tɛbi,tɛbu
tɛb.e,tɛb.o,tɛbe,tɛbo
tɛb.u,tɛb.i,tɛbu,tɛbi
tɛb.o,tɛb.e,tɛbo,tɛbe
tɛd.i,tɛd.u,tɛdi,tɛdu
tɛd.e,tɛd.o,tɛde,tɛdo
tɛd.u,tɛd.i,tɛdu,tɛdi
tɛd.o,tɛd.e,tɛdo,tɛde
tɛg.i,tɛg.u,tɛgi,tɛgu
tɛg.e,tɛg.o,tɛge,tɛgo
tɛg.u,tɛg.i,tɛgu,tɛgi
tɛg.o,tɛg.e,tɛgo,tɛge
tɛf.i,tɛf.u,tɛfi,tɛfu
tɛf.e,tɛf.o,tɛfe,tɛfo
tɛf.u,tɛf.i,tɛfu,tɛfi
tɛf.o,tɛf.e,tɛfo,tɛfe
tɛs.i,tɛs.u,tɛsi,tɛsu
tɛs.e,tɛs.o,tɛse,tɛso
tɛs.u,tɛs.i,tɛsu,tɛsi
tɛs.o,tɛs.e,tɛso,tɛse
tɛv.i,tɛv.u,tɛvi,tɛvu
tɛv.e,tɛv.o,tɛve,tɛvo
tɛv.u,tɛv.i,tɛvu,tɛvi
tɛv.o,tɛv.e,tɛvo,tɛve
tɛz.i,tɛz.u,tɛzi,tɛzu
tɛz.e,tɛz.o,tɛze,tɛzo
tɛz.u,tɛz.i,tɛzu,tɛzi
tɛz.o,tɛz.e,tɛzo,tɛze
tɛʃ.i,tɛʃ.u,tɛʃi,tɛʃu
tɛʃ.e,tɛʃ.o,tɛʃe,tɛʃo
tɛʃ.u,tɛʃ.i,tɛʃu,tɛʃi
tɛʃ.o,tɛʃ.e,tɛʃo,tɛʃe
tɛʒ.i,tɛʒ.u,tɛʒi,tɛʒu
tɛʒ.e,tɛʒ.o,tɛʒe,tɛʒo
tɛʒ.u,tɛʒ.i,tɛʒu,tɛʒi
tɛʒ.o,tɛʒ.e,tɛʒo,tɛʒe
tɛθ.i,tɛθ.u,tɛθi,tɛθu
tɛθ.e,tɛθ.o,tɛθe,tɛθo
tɛθ.u,tɛθ.i,tɛθu,tɛθi
tɛθ.o,tɛθ.e,tɛθo,tɛθe
tɛð.i,tɛð.u,tɛði,tɛðu
tɛð.e,tɛð.o,tɛðe,tɛðo
tɛð.u,tɛð.i,tɛðu,tɛði
tɛð.o,tɛð.e,tɛðo,tɛðe
kɛm.i,kɛm.u,kɛmi,kɛmu
kɛm.e,kɛm.o,kɛme,kɛmo
kɛm.u,kɛm.i,kɛmu,kɛmi
kɛm.o,kɛm.e,kɛmo,kɛme
kɛn.i,kɛn.u,kɛni,kɛnu
kɛn.e,kɛn.o,kɛne,kɛno
kɛn.u,kɛn.i,kɛnu,kɛni
kɛn.o,kɛn.e,kɛno,kɛne
kɛŋ.i,kɛŋ.u,kɛŋi,kɛŋu
kɛŋ.e,kɛŋ.o,kɛŋe,kɛŋo
kɛŋ.u,kɛŋ.i,kɛŋu,kɛŋi
kɛŋ.o,kɛŋ.e,kɛŋo,kɛŋe
kɛp.i,kɛp.u,kɛpi,kɛpu
kɛp.e,kɛp.o,kɛpe,kɛpo
kɛp.u,kɛp.i,kɛpu,kɛpi
kɛp.o,kɛp.e,kɛpo,kɛpe
kɛt.i,kɛt.u,kɛti,kɛtu
kɛt.e,kɛt.o,kɛte,kɛto
kɛt.u,kɛt.i,kɛtu,kɛti
kɛt.o,kɛt.e,kɛto,kɛte
kɛk.i,kɛk.u,kɛki,kɛku
kɛk.e,kɛk.o,kɛke,kɛko
kɛk.u,kɛk.i,kɛku,kɛki
kɛk.o,kɛk.e,kɛko,kɛke
kɛb.i,kɛb.u,kɛbi,kɛbu
kɛb.e,kɛb.o,kɛbe,kɛbo
kɛb.u,kɛb.i,kɛbu,kɛbi
kɛb.o,kɛb.e,kɛbo,kɛbe
kɛd.i,kɛd.u,kɛdi,kɛdu
kɛd.e,kɛd.o,kɛde,kɛdo
kɛd.u,kɛd.i,kɛdu,kɛdi
kɛd.o,kɛd.e,kɛdo,kɛde
kɛg.i,kɛg.u,kɛgi,kɛgu
kɛg.e,kɛg.o,kɛge,kɛgo
kɛg.u,kɛg.i,kɛgu,kɛgi
kɛg.o,kɛg.e,kɛgo,kɛge
kɛf.i,kɛf.u,kɛfi,kɛfu
kɛf.e,kɛf.o,kɛfe,kɛfo
kɛf.u,kɛf.i,kɛfu,kɛfi
kɛf.o,kɛf.e,kɛfo,kɛfe
kɛs.i,kɛs.u,kɛsi,kɛsu
kɛs.e,kɛs.o,kɛse,kɛso
kɛs.u,kɛs.i,kɛsu,kɛsi
kɛs.o,kɛs.e,kɛso,kɛse
kɛv.i,kɛv.u,kɛvi,kɛvu
kɛv.e,kɛv.o,kɛve,kɛvo
kɛv.u,kɛv.i,kɛvu,kɛvi
kɛv.o,kɛv.e,kɛvo,kɛve
kɛz.i,kɛz.u,kɛzi,kɛzu
kɛz.e,kɛz.o,kɛze,kɛzo
kɛz.u,kɛz.i,kɛzu,kɛzi
kɛz.o,kɛz.e,kɛzo,kɛze
kɛʃ.i,kɛʃ.u,kɛʃi,kɛʃu
kɛʃ.e,kɛʃ.o,kɛʃe,kɛʃo
kɛʃ.u,kɛʃ.i,kɛʃu,kɛʃi
kɛʃ.o,kɛʃ.e,kɛʃo,kɛʃe
kɛʒ.i,kɛʒ.u,kɛʒi,kɛʒu
kɛʒ.e,kɛʒ.o,kɛʒe,kɛʒo
kɛʒ.u,kɛʒ.i,kɛʒu,kɛʒi
kɛʒ.o,kɛʒ.e,kɛʒo,kɛʒe
kɛθ.i,kɛθ.u,kɛθi,kɛθu
kɛθ.e,kɛθ.o,kɛθe,kɛθo
kɛθ.u,kɛθ.i,kɛθu,kɛθi
kɛθ.o,kɛθ.e,kɛθo,kɛθe
kɛð.i,kɛð.u,kɛði,kɛðu
kɛð.e,kɛð.o,kɛðe,kɛðo
kɛð.u,kɛð.i,kɛðu,kɛði
kɛð.o,kɛð.e,kɛðo,kɛðe
bɛm.i,bɛm.u,bɛmi,bɛmu
bɛm.e,bɛm.o,bɛme,bɛmo
bɛm.u,bɛm.i,bɛmu,bɛmi
bɛm.o,bɛm.e,bɛmo,bɛme
bɛn.i,bɛn.u,bɛni,bɛnu
bɛn.e,bɛn.o,bɛne,bɛno
bɛn.u,bɛn.i,bɛnu,bɛni
bɛn.o,bɛn.e,bɛno,bɛne
bɛŋ.i,bɛŋ.u,bɛŋi,bɛŋu
bɛŋ.e,bɛŋ.o,bɛŋe,bɛŋo
bɛŋ.u,bɛŋ.i,bɛŋu,bɛŋi
bɛŋ.o,bɛŋ.e,bɛŋo,bɛŋe
bɛp.i,bɛp.u,bɛpi,bɛpu
bɛp.e,bɛp.o,bɛpe,bɛpo
bɛp.u,bɛp.i,bɛpu,bɛpi
bɛp.o,bɛp.e,bɛpo,bɛpe
bɛt.i,bɛt.u,bɛti,bɛtu
bɛt.e,bɛt.o,bɛte,bɛto
bɛt.u,bɛt.i,bɛtu,bɛti
bɛt.o,bɛt.e,bɛto,bɛte
bɛk.i,bɛk.u,bɛki,bɛku
bɛk.e,bɛk.o,bɛke,bɛko
bɛk.u,bɛk.i,bɛku,bɛki
bɛk.o,bɛk.e,bɛko,bɛke
bɛb.i,bɛb.u,bɛbi,bɛbu
bɛb.e,bɛb.o,bɛbe,bɛbo
bɛb.u,bɛb.i,bɛbu,bɛbi
bɛb.o,bɛb.e,bɛbo,bɛbe
bɛd.i,bɛd.u,bɛdi,bɛdu
bɛd.e,bɛd.o,bɛde,bɛdo
bɛd.u,bɛd.i,bɛdu,bɛdi
bɛd.o,bɛd.e,bɛdo,bɛde
bɛg.i,bɛg.u,bɛgi,bɛgu
bɛg.e,bɛg.o,bɛge,bɛgo
bɛg.u,bɛg.i,bɛgu,bɛgi
bɛg.o,bɛg.e,bɛgo,bɛge
bɛf.i,bɛf.u,bɛfi,bɛfu
bɛf.e,bɛf.o,bɛfe,bɛfo
bɛf.u,bɛf.i,bɛfu,bɛfi
bɛf.o,bɛf.e,bɛfo,bɛfe
bɛs.i,bɛs.u,bɛsi,bɛsu
bɛs.e,bɛs.o,bɛse,bɛso
bɛs.u,bɛs.i,bɛsu,bɛsi
bɛs.o,bɛs.e,bɛso,bɛse
bɛv.i,bɛv.u,bɛvi,bɛvu
bɛv.e,bɛv.o,bɛve,bɛvo
bɛv.u,bɛv.i,bɛvu,bɛvi
bɛv.o,bɛv.e,bɛvo,bɛve
bɛz.i,bɛz.u,bɛzi,bɛzu
bɛz.e,bɛz.o,bɛze,bɛzo
bɛz.u,bɛz.i,bɛzu,bɛzi
bɛz.o,bɛz.e,bɛzo,bɛze
bɛʃ.i,bɛʃ.u,bɛʃi,bɛʃu
bɛʃ.e,bɛʃ.o,bɛʃe,bɛʃo
bɛʃ.u,bɛʃ.i,bɛʃu,bɛʃi
bɛʃ.o,bɛʃ.e,bɛʃo,bɛʃe
bɛʒ.i,bɛʒ.u,bɛʒi,bɛʒu
bɛʒ.e,bɛʒ.o,bɛʒe,bɛʒo
bɛʒ.u,bɛʒ.i,bɛʒu,bɛʒi
bɛʒ.o,bɛʒ.e,bɛʒo,bɛʒe
bɛθ.i,bɛθ.u,bɛθi,bɛθu
bɛθ.e,bɛθ.o,bɛθe,bɛθo
bɛθ.u,bɛθ.i,bɛθu,bɛθi
bɛθ.o,bɛθ.e,bɛθo,bɛθe
bɛð.i,bɛð.u,bɛði,bɛðu
bɛð.e,bɛð.o,bɛðe,bɛðo
bɛð.u,bɛð.i,bɛðu,bɛði
bɛð.o,bɛð.e,bɛðo,bɛðe
dɛm.i,dɛm.u,dɛmi,dɛmu
dɛm.e,dɛm.o,dɛme,dɛmo
dɛm.u,dɛm.i,dɛmu,dɛmi
dɛm.o,dɛm.e,dɛmo,dɛme
dɛn.i,dɛn.u,dɛni,dɛnu
dɛn.e,dɛn.o,dɛne,dɛno
dɛn.u,dɛn.i,dɛnu,dɛni
dɛn.o,dɛn.e,dɛno,dɛne
dɛŋ.i,dɛŋ.u,dɛŋi,dɛŋu
dɛŋ.e,dɛŋ.o,dɛŋe,dɛŋo
dɛŋ.u,dɛŋ.i,dɛŋu,dɛŋi
dɛŋ.o,dɛŋ.e,dɛŋo,dɛŋe
dɛp.i,dɛp.u,dɛpi,dɛpu
dɛp.e,dɛp.o,dɛpe,dɛpo
dɛp.u,dɛp.i,dɛpu,dɛpi
dɛp.o,dɛp.e,dɛpo,dɛpe
dɛt.i,dɛt.u,dɛti,dɛtu
dɛt.e,dɛt.o,dɛte,dɛto
dɛt.u,dɛt.i,dɛtu,dɛti
dɛt.o,dɛt.e,dɛto,dɛte
dɛk.i,dɛk.u,dɛki,dɛku
dɛk.e,dɛk.o,dɛke,dɛko
dɛk.u,dɛk.i,dɛku,dɛki
dɛk.o,dɛk.e,dɛko,dɛke
dɛb.i,dɛb.u,dɛbi,dɛbu
dɛb.e,dɛb.o,dɛbe,dɛbo
dɛb.u,dɛb.i,dɛbu,dɛbi
dɛb.o,dɛb.e,dɛbo,dɛbe
dɛd.i,dɛd.u,dɛdi,dɛdu
dɛd.e,dɛd.o,dɛde,dɛdo
dɛd.u,dɛd.i,dɛdu,dɛdi
dɛd.o,dɛd.e,dɛdo,dɛde
dɛg.i,dɛg.u,dɛgi,dɛgu
dɛg.e,dɛg.o,dɛge,dɛgo
dɛg.u,dɛg.i,dɛgu,dɛgi
dɛg.o,dɛg.e,dɛgo,dɛge
dɛf.i,dɛf.u,dɛfi,dɛfu
dɛf.e,dɛf.o,dɛfe,dɛfo
dɛf.u,dɛf.i,dɛfu,dɛfi
dɛf.o,dɛf.e,dɛfo,dɛfe
dɛs.i,dɛs.u,dɛsi,dɛsu
dɛs.e,dɛs.o,dɛse,dɛso
dɛs.u,dɛs.i,dɛsu,dɛsi
dɛs.o,dɛs.e,dɛso,dɛse
dɛv.i,dɛv.u,dɛvi,dɛvu
dɛv.e,dɛv.o,dɛve,dɛvo
dɛv.u,dɛv.i,dɛvu,dɛvi
dɛv.o,dɛv.e,dɛvo,dɛve
dɛz.i,dɛz.u,dɛzi,dɛzu
dɛz.e,dɛz.o,dɛze,dɛzo
dɛz.u,dɛz.i,dɛzu,dɛzi
dɛz.o,dɛz.e,dɛzo,dɛze
dɛʃ.i,dɛʃ.u,dɛʃi,dɛʃu
dɛʃ.e,dɛʃ.o,dɛʃe,dɛʃo
dɛʃ.u,dɛʃ.i,dɛʃu,dɛʃi
dɛʃ.o,dɛʃ.e,dɛʃo,dɛʃe
dɛʒ.i,dɛʒ.u,dɛʒi,dɛʒu
dɛʒ.e,dɛʒ.o,dɛʒe,dɛʒo
dɛʒ.u,dɛʒ.i,dɛʒu,dɛʒi
dɛʒ.o,dɛʒ.e,dɛʒo,dɛʒe
dɛθ.i,dɛθ.u,dɛθi,dɛθu
dɛθ.e,dɛθ.o,dɛθe,dɛθo
dɛθ.u,dɛθ.i,dɛθu,dɛθi
dɛθ.o,dɛθ.e,dɛθo,dɛθe
dɛð.i,dɛð.u,dɛði,dɛðu
dɛð.e,dɛð.o,dɛðe,dɛðo
dɛð.u,dɛð.i,dɛðu,dɛði
dɛð.o,dɛð.e,dɛðo,dɛðe
gɛm.i,gɛm.u,gɛmi,gɛmu
gɛm.e,gɛm.o,gɛme,gɛmo
gɛm.u,gɛm.i,gɛmu,gɛmi
gɛm.o,gɛm.e,gɛmo,gɛme
gɛn.i,gɛn.u,gɛni,gɛnu
gɛn.e,gɛn.o,gɛne,gɛno
gɛn.u,gɛn.i,gɛnu,gɛni
gɛn.o,gɛn.e,gɛno,gɛne
gɛŋ.i,gɛŋ.u,gɛŋi,gɛŋu
gɛŋ.e,gɛŋ.o,gɛŋe,gɛŋo
gɛŋ.u,gɛŋ.i,gɛŋu,gɛŋi
gɛŋ.o,gɛŋ.e,gɛŋo,gɛŋe
gɛp.i,gɛp.u,gɛpi,gɛpu
gɛp.e,gɛp.o,gɛpe,gɛpo
gɛp.u,gɛp.i,gɛpu,gɛpi
gɛp.o,gɛp.e,gɛpo,gɛpe
gɛt.i,gɛt.u,gɛti,gɛtu
gɛt.e,gɛt.o,gɛte,gɛto
gɛt.u,gɛt.i,gɛtu,gɛti
gɛt.o,gɛt.e,gɛto,gɛte
gɛk.i,gɛk.u,gɛki,gɛku
gɛk.e,gɛk.o,gɛke,gɛko
gɛk.u,gɛk.i,gɛku,gɛki
gɛk.o,gɛk.e,gɛko,gɛke
gɛb.i,gɛb.u,gɛbi,gɛbu
gɛb.e,gɛb.o,gɛbe,gɛbo
gɛb.u,gɛb.i,gɛbu,gɛbi
gɛb.o,gɛb.e,gɛbo,gɛbe
gɛd.i,gɛd.u,gɛdi,gɛdu
gɛd.e,gɛd.o,gɛde,gɛdo
gɛd.u,gɛd.i,gɛdu,gɛdi
gɛd.o,gɛd.e,gɛdo,gɛde
gɛg.i,gɛg.u,gɛgi,gɛgu
gɛg.e,gɛg.o,gɛge,gɛgo
gɛg.u,gɛg.i,gɛgu,gɛgi
gɛg.o,gɛg.e,gɛgo,gɛge
gɛf.i,gɛf.u,gɛfi,gɛfu
gɛf.e,gɛf.o,gɛfe,gɛfo
gɛf.u,gɛf.i,gɛfu,gɛfi
gɛf.o,gɛf.e,gɛfo,gɛfe
gɛs.i,gɛs.u,gɛsi,gɛsu
gɛs.e,gɛs.o,gɛse,gɛso
gɛs.u,gɛs.i,gɛsu,gɛsi
gɛs.o,gɛs.e,gɛso,gɛse
gɛv.i,gɛv.u,gɛvi,gɛvu
gɛv.e,gɛv.o,gɛve,gɛvo
gɛv.u,gɛv.i,gɛvu,gɛvi
gɛv.o,gɛv.e,gɛvo,gɛve
gɛz.i,gɛz.u,gɛzi,gɛzu
gɛz.e,gɛz.o,gɛze,gɛzo
gɛz.u,gɛz.i,gɛzu,gɛzi
gɛz.o,gɛz.e,gɛzo,gɛze
gɛʃ.i,gɛʃ.u,gɛʃi,gɛʃu
gɛʃ.e,gɛʃ.o,gɛʃe,gɛʃo
gɛʃ.u,gɛʃ.i,gɛʃu,gɛʃi
gɛʃ.o,gɛʃ.e,gɛʃo,gɛʃe
gɛʒ.i,gɛʒ.u,gɛʒi,gɛʒu
gɛʒ.e,gɛʒ.o,gɛʒe,gɛʒo
gɛʒ.u,gɛʒ.i,gɛʒu,gɛʒi
gɛʒ.o,gɛʒ.e,gɛʒo,gɛʒe
gɛθ.i,gɛθ.u,gɛθi,gɛθu
gɛθ.e,gɛθ.o,gɛθe,gɛθo
gɛθ.u,gɛθ.i,gɛθu,gɛθi
gɛθ.o,gɛθ.e,gɛθo,gɛθe
gɛð.i,gɛð.u,gɛði,gɛðu
gɛð.e,gɛð.o,gɛðe,gɛðo
gɛð.u,gɛð.i,gɛðu,gɛði
gɛð.o,gɛð.e,gɛðo,gɛðe
fɛm.i,fɛm.u,fɛmi,fɛmu
fɛm.e,fɛm.o,fɛme,fɛmo
fɛm.u,fɛm.i,fɛmu,fɛmi
fɛm.o,fɛm.e,fɛmo,fɛme
fɛn.i,fɛn.u,fɛni,fɛnu
fɛn.e,fɛn.o,fɛne,fɛno
fɛn.u,fɛn.i,fɛnu,fɛni
fɛn.o,fɛn.e,fɛno,fɛne
fɛŋ.i,fɛŋ.u,fɛŋi,fɛŋu
fɛŋ.e,fɛŋ.o,fɛŋe,fɛŋo
fɛŋ.u,fɛŋ.i,fɛŋu,fɛŋi
fɛŋ.o,fɛŋ.e,fɛŋo,fɛŋe
fɛp.i,fɛp.u,fɛpi,fɛpu
fɛp.e,fɛp.o,fɛpe,fɛpo
fɛp.u,fɛp.i,fɛpu,fɛpi
fɛp.o,fɛp.e,fɛpo,fɛpe
fɛt.i,fɛt.u,fɛti,fɛtu
fɛt.e,fɛt.o,fɛte,fɛto
fɛt.u,fɛt.i,fɛtu,fɛti
fɛt.o,fɛt.e,fɛto,fɛte
fɛk.i,fɛk.u,fɛki,fɛku
fɛk.e,fɛk.o,fɛke,fɛko
fɛk.u,fɛk.i,fɛku,fɛki
fɛk.o,fɛk.e,fɛko,fɛke
fɛb.i,fɛb.u,fɛbi,fɛbu
fɛb.e,fɛb.o,fɛbe,fɛbo
fɛb.u,fɛb.i,fɛbu,fɛbi
fɛb.o,fɛb.e,fɛbo,fɛbe
fɛd.i,fɛd.u,fɛdi,fɛdu
fɛd.e,fɛd.o,fɛde,fɛdo
fɛd.u,fɛd.i,fɛdu,fɛdi
fɛd.o,fɛd.e,fɛdo,fɛde
fɛg.i,fɛg.u,fɛgi,fɛgu
fɛg.e,fɛg.o,fɛge,fɛgo
fɛg.u,fɛg.i,fɛgu,fɛgi
fɛg.o,fɛg.e,fɛgo,fɛge
fɛf.i,fɛf.u,fɛfi,fɛfu
fɛf.e,fɛf.o,fɛfe,fɛfo
fɛf.u,fɛf.i,fɛfu,fɛfi
fɛf.o,fɛf.e,fɛfo,fɛfe
fɛs.i,fɛs.u,fɛsi,fɛsu
fɛs.e,fɛs.o,fɛse,fɛso
fɛs.u,fɛs.i,fɛsu,fɛsi
fɛs.o,fɛs.e,fɛso,fɛse
fɛv.i,fɛv.u,fɛvi,fɛvu
fɛv.e,fɛv.o,fɛve,fɛvo
fɛv.u,fɛv.i,fɛvu,fɛvi
fɛv.o,fɛv.e,fɛvo,fɛve
fɛz.i,fɛz.u,fɛzi,fɛzu
fɛz.e,fɛz.o,fɛze,fɛzo
fɛz.u,fɛz.i,fɛzu,fɛzi
fɛz.o,fɛz.e,fɛzo,fɛze
fɛʃ.i,fɛʃ.u,fɛʃi,fɛʃu
fɛʃ.e,fɛʃ.o,fɛʃe,fɛʃo
fɛʃ.u,fɛʃ.i,fɛʃu,fɛʃi
fɛʃ.o,fɛʃ.e,fɛʃo,fɛʃe
fɛʒ.i,fɛʒ.u,fɛʒi,fɛʒu
fɛʒ.e,fɛʒ.o,fɛʒe,fɛʒo
fɛʒ.u,fɛʒ.i,fɛʒu,fɛʒi
fɛʒ.o,fɛʒ.e,fɛʒo,fɛʒe
fɛθ.i,fɛθ.u,fɛθi,fɛθu
fɛθ.e,fɛθ.o,fɛθe,fɛθo
fɛθ.u,fɛθ.i,fɛθu,fɛθi
fɛθ.o,fɛθ.e,fɛθo,fɛθe
fɛð.i,fɛð.u,fɛði,fɛðu
fɛð.e,fɛð.o,fɛðe,fɛðo
fɛð.u,fɛð.i,fɛðu,fɛði
fɛð.o,fɛð.e,fɛðo,fɛðe
sɛm.i,sɛm.u,sɛmi,sɛmu
sɛm.e,sɛm.o,sɛme,sɛmo
sɛm.u,sɛm.i,sɛmu,sɛmi
sɛm.o,sɛm.e,sɛmo,sɛme
sɛn.i,sɛn.u,sɛni,sɛnu
sɛn.e,sɛn.o,sɛne,sɛno
sɛn.u,sɛn.i,sɛnu,sɛni
sɛn.o,sɛn.e,sɛno,sɛne
sɛŋ.i,sɛŋ.u,sɛŋi,sɛŋu
sɛŋ.e,sɛŋ.o,sɛŋe,sɛŋo
sɛŋ.u,sɛŋ.i,sɛŋu,sɛŋi
sɛŋ.o,sɛŋ.e,sɛŋo,sɛŋe
sɛp.i,sɛp.u,sɛpi,sɛpu
sɛp.e,sɛp.o,sɛpe,sɛpo
sɛp.u,sɛp.i,sɛpu,sɛpi
sɛp.o,sɛp.e,sɛpo,sɛpe
sɛt.i,sɛt.u,sɛti,sɛtu
sɛt.e,sɛt.o,sɛte,sɛto
sɛt.u,sɛt.i,sɛtu,sɛti
sɛt.o,sɛt.e,sɛto,sɛte
sɛk.i,sɛk.u,sɛki,sɛku
sɛk.e,sɛk.o,sɛke,sɛko
sɛk.u,sɛk.i,sɛku,sɛki
sɛk.o,sɛk.e,sɛko,sɛke
sɛb.i,sɛb.u,sɛbi,sɛbu
sɛb.e,sɛb.o,sɛbe,sɛbo
sɛb.u,sɛb.i,sɛbu,sɛbi
sɛb.o,sɛb.e,sɛbo,sɛbe
sɛd.i,sɛd.u,sɛdi,sɛdu
sɛd.e,sɛd.o,sɛde,sɛdo
sɛd.u,sɛd.i,sɛdu,sɛdi
sɛd.o,sɛd.e,sɛdo,sɛde
sɛg.i,sɛg.u,sɛgi,sɛgu
sɛg.e,sɛg.o,sɛge,sɛgo
sɛg.u,sɛg.i,sɛgu,sɛgi
sɛg.o,sɛg.e,sɛgo,sɛge
sɛf.i,sɛf.u,sɛfi,sɛfu
sɛf.e,sɛf.o,sɛfe,sɛfo
sɛf.u,sɛf.i,sɛfu,sɛfi
sɛf.o,sɛf.e,sɛfo,sɛfe
sɛs.i,sɛs.u,sɛsi,sɛsu
sɛs.e,sɛs.o,sɛse,sɛso
sɛs.u,sɛs.i,sɛsu,sɛsi
sɛs.o,sɛs.e,sɛso,sɛse
sɛv.i,sɛv.u,sɛvi,sɛvu
sɛv.e,sɛv.o,sɛve,sɛvo
sɛv.u,sɛv.i,sɛvu,sɛvi
sɛv.o,sɛv.e,sɛvo,sɛve
sɛz.i,sɛz.u,sɛzi,sɛzu
sɛz.e,sɛz.o,sɛze,sɛzo
sɛz.u,sɛz.i,sɛzu,sɛzi
sɛz.o,sɛz.e,sɛzo,sɛze
sɛʃ.i,sɛʃ.u,sɛʃi,sɛʃu
sɛʃ.e,sɛʃ.o,sɛʃe,sɛʃo
sɛʃ.u,sɛʃ.i,sɛʃu,sɛʃi
sɛʃ.o,sɛʃ.e,sɛʃo,sɛʃe
sɛʒ.i,sɛʒ.u,sɛʒi,sɛʒu
sɛʒ.e,sɛʒ.o,sɛʒe,sɛʒo
sɛʒ.u,sɛʒ.i,sɛʒu,sɛʒi
sɛʒ.o,sɛʒ.e,sɛʒo,sɛʒe
sɛθ.i,sɛθ.u,sɛθi,sɛθu
sɛθ.e,sɛθ.o,sɛθe,sɛθo
sɛθ.u,sɛθ.i,sɛθu,sɛθi
sɛθ.o,sɛθ.e,sɛθo,sɛθe
sɛð.i,sɛð.u,sɛði,sɛðu
sɛð.e,sɛð.o,sɛðe,sɛðo
sɛð.u,sɛð.i,sɛðu,sɛði
sɛð.o,sɛð.e,sɛðo,sɛðe
vɛm.i,vɛm.u,vɛmi,vɛmu
vɛm.e,vɛm.o,vɛme,vɛmo
vɛm.u,vɛm.i,vɛmu,vɛmi
vɛm.o,vɛm.e,vɛmo,vɛme
vɛn.i,vɛn.u,vɛni,vɛnu
vɛn.e,vɛn.o,vɛne,vɛno
vɛn.u,vɛn.i,vɛnu,vɛni
vɛn.o,vɛn.e,vɛno,vɛne
vɛŋ.i,vɛŋ.u,vɛŋi,vɛŋu
vɛŋ.e,vɛŋ.o,vɛŋe,vɛŋo
vɛŋ.u,vɛŋ.i,vɛŋu,vɛŋi
vɛŋ.o,vɛŋ.e,vɛŋo,vɛŋe
vɛp.i,vɛp.u,vɛpi,vɛpu
vɛp.e,vɛp.o,vɛpe,vɛpo
vɛp.u,vɛp.i,vɛpu,vɛpi
vɛp.o,vɛp.e,vɛpo,vɛpe
vɛt.i,vɛt.u,vɛti,vɛtu
vɛt.e,vɛt.o,vɛte,vɛto
vɛt.u,vɛt.i,vɛtu,vɛti
vɛt.o,vɛt.e,vɛto,vɛte
vɛk.i,vɛk.u,vɛki,vɛku
vɛk.e,vɛk.o,vɛke,vɛko
vɛk.u,vɛk.i,vɛku,vɛki
vɛk.o,vɛk.e,vɛko,vɛke
vɛb.i,vɛb.u,vɛbi,vɛbu
vɛb.e,vɛb.o,vɛbe,vɛbo
vɛb.u,vɛb.i,vɛbu,vɛbi
vɛb.o,vɛb.e,vɛbo,vɛbe
vɛd.i,vɛd.u,vɛdi,vɛdu
vɛd.e,vɛd.o,vɛde,vɛdo
vɛd.u,vɛd.i,vɛdu,vɛdi
vɛd.o,vɛd.e,vɛdo,vɛde
vɛg.i,vɛg.u,vɛgi,vɛgu
vɛg.e,vɛg.o,vɛge,vɛgo
vɛg.u,vɛg.i,vɛgu,vɛgi
vɛg.o,vɛg.e,vɛgo,vɛge
vɛf.i,vɛf.u,vɛfi,vɛfu
vɛf.e,vɛf.o,vɛfe,vɛfo
vɛf.u,vɛf.i,vɛfu,vɛfi
vɛf.o,vɛf.e,vɛfo,vɛfe
vɛs.i,vɛs.u,vɛsi,vɛsu
vɛs.e,vɛs.o,vɛse,vɛso
vɛs.u,vɛs.i,vɛsu,vɛsi
vɛs.o,vɛs.e,vɛso,vɛse
vɛv.i,vɛv.u,vɛvi,vɛvu
vɛv.e,vɛv.o,vɛve,vɛvo
vɛv.u,vɛv.i,vɛvu,vɛvi
vɛv.o,vɛv.e,vɛvo,vɛve
vɛz.i,vɛz.u,vɛzi,vɛzu
vɛz.e,vɛz.o,vɛze,vɛzo
vɛz.u,vɛz.i,vɛzu,vɛzi
vɛz.o,vɛz.e,vɛzo,vɛze
vɛʃ.i,vɛʃ.u,vɛʃi,vɛʃu
vɛʃ.e,vɛʃ.o,vɛʃe,vɛʃo
vɛʃ.u,vɛʃ.i,vɛʃu,vɛʃi
vɛʃ.o,vɛʃ.e,vɛʃo,vɛʃe
vɛʒ.i,vɛʒ.u,vɛʒi,vɛʒu
vɛʒ.e,vɛʒ.o,vɛʒe,vɛʒo
vɛʒ.u,vɛʒ.i,vɛʒu,vɛʒi
vɛʒ.o,vɛʒ.e,vɛʒo,vɛʒe
vɛθ.i,vɛθ.u,vɛθi,vɛθu
vɛθ.e,vɛθ.o,vɛθe,vɛθo
vɛθ.u,vɛθ.i,vɛθu,vɛθi
vɛθ.o,vɛθ.e,vɛθo,vɛθe
vɛð.i,vɛð.u,vɛði,vɛðu
vɛð.e,vɛð.o,vɛðe,vɛðo
vɛð.u,vɛð.i,vɛðu,vɛði
vɛð.o,vɛð.e,vɛðo,vɛðe
zɛm.i,zɛm.u,zɛmi,zɛmu
zɛm.e,zɛm.o,zɛme,zɛmo
zɛm.u,zɛm.i,zɛmu,zɛmi
zɛm.o,zɛm.e,zɛmo,zɛme
zɛn.i,zɛn.u,zɛni,zɛnu
zɛn.e,zɛn.o,zɛne,zɛno
zɛn.u,zɛn.i,zɛnu,zɛni
zɛn.o,zɛn.e,zɛno,zɛne
zɛŋ.i,zɛŋ.u,zɛŋi,zɛŋu
zɛŋ.e,zɛŋ.o,zɛŋe,zɛŋo
zɛŋ.u,zɛŋ.i,zɛŋu,zɛŋi
zɛŋ.o,zɛŋ.e,zɛŋo,zɛŋe
zɛp.i,zɛp.u,zɛpi,zɛpu
zɛp.e,zɛp.o,zɛpe,zɛpo
zɛp.u,zɛp.i,zɛpu,zɛpi
zɛp.o,zɛp.e,zɛpo,zɛpe
zɛt.i,zɛt.u,zɛti,zɛtu
zɛt.e,zɛt.o,zɛte,zɛto
zɛt.u,zɛt.i,zɛtu,zɛti
zɛt.o,zɛt.e,zɛto,zɛte
zɛk.i,zɛk.u,zɛki,zɛku
zɛk.e,zɛk.o,zɛke,zɛko
zɛk.u,zɛk.i,zɛku,zɛki
zɛk.o,zɛk.e,zɛko,zɛke
zɛb.i,zɛb.u,zɛbi,zɛbu
zɛb.e,zɛb.o,zɛbe,zɛbo
zɛb.u,zɛb.i,zɛbu,zɛbi
zɛb.o,zɛb.e,zɛbo,zɛbe
zɛd.i,zɛd.u,zɛdi,zɛdu
zɛd.e,zɛd.o,zɛde,zɛdo
zɛd.u,zɛd.i,zɛdu,zɛdi
zɛd.o,zɛd.e,zɛdo,zɛde
zɛg.i,zɛg.u,zɛgi,zɛgu
zɛg.e,zɛg.o,zɛge,zɛgo
zɛg.u,zɛg.i,zɛgu,zɛgi
zɛg.o,zɛg.e,zɛgo,zɛge
zɛf.i,zɛf.u,zɛfi,zɛfu
zɛf.e,zɛf.o,zɛfe,zɛfo
zɛf.u,zɛf.i,zɛfu,zɛfi
zɛf.o,zɛf.e,zɛfo,zɛfe
zɛs.i,zɛs.u,zɛsi,zɛsu
zɛs.e,zɛs.o,zɛse,zɛso
zɛs.u,zɛs.i,zɛsu,zɛsi
zɛs.o,zɛs.e,zɛso,zɛse
zɛv.i,zɛv.u,zɛvi,zɛvu
zɛv.e,zɛv.o,zɛve,zɛvo
zɛv.u,zɛv.i,zɛvu,zɛvi
zɛv.o,zɛv.e,zɛvo,zɛve
zɛz.i,zɛz.u,zɛzi,zɛzu
zɛz.e,zɛz.o,zɛze,zɛzo
zɛz.u,zɛz.i,zɛzu,zɛzi
zɛz.o,zɛz.e,zɛzo,zɛze
zɛʃ.i,zɛʃ.u,zɛʃi,zɛʃu
zɛʃ.e,zɛʃ.o,zɛʃe,zɛʃo
zɛʃ.u,zɛʃ.i,zɛʃu,zɛʃi
zɛʃ.o,zɛʃ.e,zɛʃo,zɛʃe
zɛʒ.i,zɛʒ.u,zɛʒi,zɛʒu
zɛʒ.e,zɛʒ.o,zɛʒe,zɛʒo
zɛʒ.u,zɛʒ.i,zɛʒu,zɛʒi
zɛʒ.o,zɛʒ.e,zɛʒo,zɛʒe
zɛθ.i,zɛθ.u,zɛθi,zɛθu
zɛθ.e,zɛθ.o,zɛθe,zɛθo
zɛθ.u,zɛθ.i,zɛθu,zɛθi
zɛθ.o,zɛθ.e,zɛθo,zɛθe
zɛð.i,zɛð.u,zɛði,zɛðu
zɛð.e,zɛð.o,zɛðe,zɛðo
zɛð.u,zɛð.i,zɛðu,zɛði
zɛð.o,zɛð.e,zɛðo,zɛðe
ʃɛm.i,ʃɛm.u,ʃɛmi,ʃɛmu
ʃɛm.e,ʃɛm.o,ʃɛme,ʃɛmo
ʃɛm.u,ʃɛm.i,ʃɛmu,ʃɛmi
ʃɛm.o,ʃɛm.e,ʃɛmo,ʃɛme
ʃɛn.i,ʃɛn.u,ʃɛni,ʃɛnu
ʃɛn.e,ʃɛn.o,ʃɛne,ʃɛno
ʃɛn.u,ʃɛn.i,ʃɛnu,ʃɛni
ʃɛn.o,ʃɛn.e,ʃɛno,ʃɛne
ʃɛŋ.i,ʃɛŋ.u,ʃɛŋi,ʃɛŋu
ʃɛŋ.e,ʃɛŋ.o,ʃɛŋe,ʃɛŋo
ʃɛŋ.u,ʃɛŋ.i,ʃɛŋu,ʃɛŋi
ʃɛŋ.o,ʃɛŋ.e,ʃɛŋo,ʃɛŋe
ʃɛp.i,ʃɛp.u,ʃɛpi,ʃɛpu
ʃɛp.e,ʃɛp.o,ʃɛpe,ʃɛpo
ʃɛp.u,ʃɛp.i,ʃɛpu,ʃɛpi
ʃɛp.o,ʃɛp.e,ʃɛpo,ʃɛpe
ʃɛt.i,ʃɛt.u,ʃɛti,ʃɛtu
ʃɛt.e,ʃɛt.o,ʃɛte,ʃɛto
ʃɛt.u,ʃɛt.i,ʃɛtu,ʃɛti
ʃɛt.o,ʃɛt.e,ʃɛto,ʃɛte
ʃɛk.i,ʃɛk.u,ʃɛki,ʃɛku
ʃɛk.e,ʃɛk.o,ʃɛke,ʃɛko
ʃɛk.u,ʃɛk.i,ʃɛku,ʃɛki
ʃɛk.o,ʃɛk.e,ʃɛko,ʃɛke
ʃɛb.i,ʃɛb.u,ʃɛbi,ʃɛbu
ʃɛb.e,ʃɛb.o,ʃɛbe,ʃɛbo
ʃɛb.u,ʃɛb.i,ʃɛbu,ʃɛbi
ʃɛb.o,ʃɛb.e,ʃɛbo,ʃɛbe
ʃɛd.i,ʃɛd.u,ʃɛdi,ʃɛdu
ʃɛd.e,ʃɛd.o,ʃɛde,ʃɛdo
ʃɛd.u,ʃɛd.i,ʃɛdu,ʃɛdi
ʃɛd.o,ʃɛd.e,ʃɛdo,ʃɛde
ʃɛg.i,ʃɛg.u,ʃɛgi,ʃɛgu
ʃɛg.e,ʃɛg.o,ʃɛge,ʃɛgo
ʃɛg.u,ʃɛg.i,ʃɛgu,ʃɛgi
ʃɛg.o,ʃɛg.e,ʃɛgo,ʃɛge
ʃɛf.i,ʃɛf.u,ʃɛfi,ʃɛfu
ʃɛf.e,ʃɛf.o,ʃɛfe,ʃɛfo
ʃɛf.u,ʃɛf.i,ʃɛfu,ʃɛfi
ʃɛf.o,ʃɛf.e,ʃɛfo,ʃɛfe
ʃɛs.i,ʃɛs.u,ʃɛsi,ʃɛsu
ʃɛs.e,ʃɛs.o,ʃɛse,ʃɛso
ʃɛs.u,ʃɛs.i,ʃɛsu,ʃɛsi
ʃɛs.o,ʃɛs.e,ʃɛso,ʃɛse
ʃɛv.i,ʃɛv.u,ʃɛvi,ʃɛvu
ʃɛv.e,ʃɛv.o,ʃɛve,ʃɛvo
ʃɛv.u,ʃɛv.i,ʃɛvu,ʃɛvi
ʃɛv.o,ʃɛv.e,ʃɛvo,ʃɛve
ʃɛz.i,ʃɛz.u,ʃɛzi,ʃɛzu
ʃɛz.e,ʃɛz.o,ʃɛze,ʃɛzo
ʃɛz.u,ʃɛz.i,ʃɛzu,ʃɛzi
ʃɛz.o,ʃɛz.e,ʃɛzo,ʃɛze
ʃɛʃ.i,ʃɛʃ.u,ʃɛʃi,ʃɛʃu
ʃɛʃ.e,ʃɛʃ.o,ʃɛʃe,ʃɛʃo
ʃɛʃ.u,ʃɛʃ.i,ʃɛʃu,ʃɛʃi
ʃɛʃ.o,ʃɛʃ.e,ʃɛʃo,ʃɛʃe
ʃɛʒ.i,ʃɛʒ.u,ʃɛʒi,ʃɛʒu
ʃɛʒ.e,ʃɛʒ.o,ʃɛʒe,ʃɛʒo
ʃɛʒ.u,ʃɛʒ.i,ʃɛʒu,ʃɛʒi
ʃɛʒ.o,ʃɛʒ.e,ʃɛʒo,ʃɛʒe
ʃɛθ.i,ʃɛθ.u,ʃɛθi,ʃɛθu
ʃɛθ.e,ʃɛθ.o,ʃɛθe,ʃɛθo
ʃɛθ.u,ʃɛθ.i,ʃɛθu,ʃɛθi
ʃɛθ.o,ʃɛθ.e,ʃɛθo,ʃɛθe
ʃɛð.i,ʃɛð.u,ʃɛði,ʃɛðu
ʃɛð.e,ʃɛð.o,ʃɛðe,ʃɛðo
ʃɛð.u,ʃɛð.i,ʃɛðu,ʃɛði
ʃɛð.o,ʃɛð.e,ʃɛðo,ʃɛðe
ʒɛm.i,ʒɛm.u,ʒɛmi,ʒɛmu
ʒɛm.e,ʒɛm.o,ʒɛme,ʒɛmo
ʒɛm.u,ʒɛm.i,ʒɛmu,ʒɛmi
ʒɛm.o,ʒɛm.e,ʒɛmo,ʒɛme
ʒɛn.i,ʒɛn.u,ʒɛni,ʒɛnu
ʒɛn.e,ʒɛn.o,ʒɛne,ʒɛno
ʒɛn.u,ʒɛn.i,ʒɛnu,ʒɛni
ʒɛn.o,ʒɛn.e,ʒɛno,ʒɛne
ʒɛŋ.i,ʒɛŋ.u,ʒɛŋi,ʒɛŋu
ʒɛŋ.e,ʒɛŋ.o,ʒɛŋe,ʒɛŋo
ʒɛŋ.u,ʒɛŋ.i,ʒɛŋu,ʒɛŋi
ʒɛŋ.o,ʒɛŋ.e,ʒɛŋo,ʒɛŋe
ʒɛp.i,ʒɛp.u,ʒɛpi,ʒɛpu
ʒɛp.e,ʒɛp.o,ʒɛpe,ʒɛpo
ʒɛp.u,ʒɛp.i,ʒɛpu,ʒɛpi
ʒɛp.o,ʒɛp.e,ʒɛpo,ʒɛpe
ʒɛt.i,ʒɛt.u,ʒɛti,ʒɛtu
ʒɛt.e,ʒɛt.o,ʒɛte,ʒɛto
ʒɛt.u,ʒɛt.i,ʒɛtu,ʒɛti
ʒɛt.o,ʒɛt.e,ʒɛto,ʒɛte
ʒɛk.i,ʒɛk.u,ʒɛki,ʒɛku
ʒɛk.e,ʒɛk.o,ʒɛke,ʒɛko
ʒɛk.u,ʒɛk.i,ʒɛku,ʒɛki
ʒɛk.o,ʒɛk.e,ʒɛko,ʒɛke
ʒɛb.i,ʒɛb.u,ʒɛbi,ʒɛbu
ʒɛb.e,ʒɛb.o,ʒɛbe,ʒɛbo
ʒɛb.u,ʒɛb.i,ʒɛbu,ʒɛbi
ʒɛb.o,ʒɛb.e,ʒɛbo,ʒɛbe
ʒɛd.i,ʒɛd.u,ʒɛdi,ʒɛdu
ʒɛd.e,ʒɛd.o,ʒɛde,ʒɛdo
ʒɛd.u,ʒɛd.i,ʒɛdu,ʒɛdi
ʒɛd.o,ʒɛd.e,ʒɛdo,ʒɛde
ʒɛg.i,ʒɛg.u,ʒɛgi,ʒɛgu
ʒɛg.e,ʒɛg.o,ʒɛge,ʒɛgo
ʒɛg.u,ʒɛg.i,ʒɛgu,ʒɛgi
ʒɛg.o,ʒɛg.e,ʒɛgo,ʒɛge
ʒɛf.i,ʒɛf.u,ʒɛfi,ʒɛfu
ʒɛf.e,ʒɛf.o,ʒɛfe,ʒɛfo
ʒɛf.u,ʒɛf.i,ʒɛfu,ʒɛfi
ʒɛf.o,ʒɛf.e,ʒɛfo,ʒɛfe
ʒɛs.i,ʒɛs.u,ʒɛsi,ʒɛsu
ʒɛs.e,ʒɛs.o,ʒɛse,ʒɛso
ʒɛs.u,ʒɛs.i,ʒɛsu,ʒɛsi
ʒɛs.o,ʒɛs.e,ʒɛso,ʒɛse
ʒɛv.i,ʒɛv.u,ʒɛvi,ʒɛvu
ʒɛv.e,ʒɛv.o,ʒɛve,ʒɛvo
ʒɛv.u,ʒɛv.i,ʒɛvu,ʒɛvi
ʒɛv.o,ʒɛv.e,ʒɛvo,ʒɛve
ʒɛz.i,ʒɛz.u,ʒɛzi,ʒɛzu
ʒɛz.e,ʒɛz.o,ʒɛze,ʒɛzo
ʒɛz.u,ʒɛz.i,ʒɛzu,ʒɛzi
ʒɛz.o,ʒɛz.e,ʒɛzo,ʒɛze
ʒɛʃ.i,ʒɛʃ.u,ʒɛʃi,ʒɛʃu
ʒɛʃ.e,ʒɛʃ.o,ʒɛʃe,ʒɛʃo
ʒɛʃ.u,ʒɛʃ.i,ʒɛʃu,ʒɛʃi
ʒɛʃ.o,ʒɛʃ.e,ʒɛʃo,ʒɛʃe
ʒɛʒ.i,ʒɛʒ.u,ʒɛʒi,ʒɛʒu
ʒɛʒ.e,ʒɛʒ.o,ʒɛʒe,ʒɛʒo
ʒɛʒ.u,ʒɛʒ.i,ʒɛʒu,ʒɛʒi
ʒɛʒ.o,ʒɛʒ.e,ʒɛʒo,ʒɛʒe
ʒɛθ.i,ʒɛθ.u,ʒɛθi,ʒɛθu
ʒɛθ.e,ʒɛθ.o,ʒɛθe,ʒɛθo
ʒɛθ.u,ʒɛθ.i,ʒɛθu,ʒɛθi
ʒɛθ.o,ʒɛθ.e,ʒɛθo,ʒɛθe
ʒɛð.i,ʒɛð.u,ʒɛði,ʒɛðu
ʒɛð.e,ʒɛð.o,ʒɛðe,ʒɛðo
ʒɛð.u,ʒɛð.i,ʒɛðu,ʒɛði
ʒɛð.o,ʒɛð.e,ʒɛðo,ʒɛðe
θɛm.i,θɛm.u,θɛmi,θɛmu
θɛm.e,θɛm.o,θɛme,θɛmo
θɛm.u,θɛm.i,θɛmu,θɛmi
θɛm.o,θɛm.e,θɛmo,θɛme
θɛn.i,θɛn.u,θɛni,θɛnu
θɛn.e,θɛn.o,θɛne,θɛno
θɛn.u,θɛn.i,θɛnu,θɛni
θɛn.o,θɛn.e,θɛno,θɛne
θɛŋ.i,θɛŋ.u,θɛŋi,θɛŋu
θɛŋ.e,θɛŋ.o,θɛŋe,θɛŋo
θɛŋ.u,θɛŋ.i,θɛŋu,θɛŋi
θɛŋ.o,θɛŋ.e,θɛŋo,θɛŋe
θɛp.i,θɛp.u,θɛpi,θɛpu
θɛp.e,θɛp.o,θɛpe,θɛpo
θɛp.u,θɛp.i,θɛpu,θɛpi
θɛp.o,θɛp.e,θɛpo,θɛpe
θɛt.i,θɛt.u,θɛti,θɛtu
θɛt.e,θɛt.o,θɛte,θɛto
θɛt.u,θɛt.i,θɛtu,θɛti
θɛt.o,θɛt.e,θɛto,θɛte
θɛk.i,θɛk.u,θɛki,θɛku
θɛk.e,θɛk.o,θɛke,θɛko
θɛk.u,θɛk.i,θɛku,θɛki
θɛk.o,θɛk.e,θɛko,θɛke
θɛb.i,θɛb.u,θɛbi,θɛbu
θɛb.e,θɛb.o,θɛbe,θɛbo
θɛb.u,θɛb.i,θɛbu,θɛbi
θɛb.o,θɛb.e,θɛbo,θɛbe
θɛd.i,θɛd.u,θɛdi,θɛdu
θɛd.e,θɛd.o,θɛde,θɛdo
θɛd.u,θɛd.i,θɛdu,θɛdi
θɛd.o,θɛd.e,θɛdo,θɛde
θɛg.i,θɛg.u,θɛgi,θɛgu
θɛg.e,θɛg.o,θɛge,θɛgo
θɛg.u,θɛg.i,θɛgu,θɛgi
θɛg.o,θɛg.e,θɛgo,θɛge
θɛf.i,θɛf.u,θɛfi,θɛfu
θɛf.e,θɛf.o,θɛfe,θɛfo
θɛf.u,θɛf.i,θɛfu,θɛfi
θɛf.o,θɛf.e,θɛfo,θɛfe
θɛs.i,θɛs.u,θɛsi,θɛsu
θɛs.e,θɛs.o,θɛse,θɛso
θɛs.u,θɛs.i,θɛsu,θɛsi
θɛs.o,θɛs.e,θɛso,θɛse
θɛv.i,θɛv.u,θɛvi,θɛvu
θɛv.e,θɛv.o,θɛve,θɛvo
θɛv.u,θɛv.i,θɛvu,θɛvi
θɛv.o,θɛv.e,θɛvo,θɛve
θɛz.i,θɛz.u,θɛzi,θɛzu
θɛz.e,θɛz.o,θɛze,θɛzo
θɛz.u,θɛz.i,θɛzu,θɛzi
θɛz.o,θɛz.e,θɛzo,θɛze
θɛʃ.i,θɛʃ.u,θɛʃi,θɛʃu
θɛʃ.e,θɛʃ.o,θɛʃe,θɛʃo
θɛʃ.u,θɛʃ.i,θɛʃu,θɛʃi
θɛʃ.o,θɛʃ.e,θɛʃo,θɛʃe
θɛʒ.i,θɛʒ.u,θɛʒi,θɛʒu
θɛʒ.e,θɛʒ.o,θɛʒe,θɛʒo
θɛʒ.u,θɛʒ.i,θɛʒu,θɛʒi
θɛʒ.o,θɛʒ.e,θɛʒo,θɛʒe
θɛθ.i,θɛθ.u,θɛθi,θɛθu
θɛθ.e,θɛθ.o,θɛθe,θɛθo
θɛθ.u,θɛθ.i,θɛθu,θɛθi
θɛθ.o,θɛθ.e,θɛθo,θɛθe
θɛð.i,θɛð.u,θɛði,θɛðu
θɛð.e,θɛð.o,θɛðe,θɛðo
θɛð.u,θɛð.i,θɛðu,θɛði
θɛð.o,θɛð.e,θɛðo,θɛðe
ðɛm.i,ðɛm.u,ðɛmi,ðɛmu
ðɛm.e,ðɛm.o,ðɛme,ðɛmo
ðɛm.u,ðɛm.i,ðɛmu,ðɛmi
ðɛm.o,ðɛm.e,ðɛmo,ðɛme
ðɛn.i,ðɛn.u,ðɛni,ðɛnu
ðɛn.e,ðɛn.o,ðɛne,ðɛno
ðɛn.u,ðɛn.i,ðɛnu,ðɛni
ðɛn.o,ðɛn.e,ðɛno,ðɛne
ðɛŋ.i,ðɛŋ.u,ðɛŋi,ðɛŋu
ðɛŋ.e,ðɛŋ.o,ðɛŋe,ðɛŋo
ðɛŋ.u,ðɛŋ.i,ðɛŋu,ðɛŋi
ðɛŋ.o,ðɛŋ.e,ðɛŋo,ðɛŋe
ðɛp.i,ðɛp.u,ðɛpi,ðɛpu
ðɛp.e,ðɛp.o,ðɛpe,ðɛpo
ðɛp.u,ðɛp.i,ðɛpu,ðɛpi
ðɛp.o,ðɛp.e,ðɛpo,ðɛpe
ðɛt.i,ðɛt.u,ðɛti,ðɛtu
ðɛt.e,ðɛt.o,ðɛte,ðɛto
ðɛt.u,ðɛt.i,ðɛtu,ðɛti
ðɛt.o,ðɛt.e,ðɛto,ðɛte
ðɛk.i,ðɛk.u,ðɛki,ðɛku
ðɛk.e,ðɛk.o,ðɛke,ðɛko
ðɛk.u,ðɛk.i,ðɛku,ðɛki
ðɛk.o,ðɛk.e,ðɛko,ðɛke
ðɛb.i,ðɛb.u,ðɛbi,ðɛbu
ðɛb.e,ðɛb.o,ðɛbe,ðɛbo
ðɛb.u,ðɛb.i,ðɛbu,ðɛbi
ðɛb.o,ðɛb.e,ðɛbo,ðɛbe
ðɛd.i,ðɛd.u,ðɛdi,ðɛdu
ðɛd.e,ðɛd.o,ðɛde,ðɛdo
ðɛd.u,ðɛd.i,ðɛdu,ðɛdi
ðɛd.o,ðɛd.e,ðɛdo,ðɛde
ðɛg.i,ðɛg.u,ðɛgi,ðɛgu
ðɛg.e,ðɛg.o,ðɛge,ðɛgo
ðɛg.u,ðɛg.i,ðɛgu,ðɛgi
ðɛg.o,ðɛg.e,ðɛgo,ðɛge
ðɛf.i,ðɛf.u,ðɛfi,ðɛfu
ðɛf.e,ðɛf.o,ðɛfe,ðɛfo
ðɛf.u,ðɛf.i,ðɛfu,ðɛfi
ðɛf.o,ðɛf.e,ðɛfo,ðɛfe
ðɛs.i,ðɛs.u,ðɛsi,ðɛsu
ðɛs.e,ðɛs.o,ðɛse,ðɛso
ðɛs.u,ðɛs.i,ðɛsu,ðɛsi
ðɛs.o,ðɛs.e,ðɛso,ðɛse
ðɛv.i,ðɛv.u,ðɛvi,ðɛvu
ðɛv.e,ðɛv.o,ðɛve,ðɛvo
ðɛv.u,ðɛv.i,ðɛvu,ðɛvi
ðɛv.o,ðɛv.e,ðɛvo,ðɛve
ðɛz.i,ðɛz.u,ðɛzi,ðɛzu
ðɛz.e,ðɛz.o,ðɛze,ðɛzo
ðɛz.u,ðɛz.i,ðɛzu,ðɛzi
ðɛz.o,ðɛz.e,ðɛzo,ðɛze
ðɛʃ.i,ðɛʃ.u,ðɛʃi,ðɛʃu
ðɛʃ.e,ðɛʃ.o,ðɛʃe,ðɛʃo
ðɛʃ.u,ðɛʃ.i,ðɛʃu,ðɛʃi
ðɛʃ.o,ðɛʃ.e,ðɛʃo,ðɛʃe
ðɛʒ.i,ðɛʒ.u,ðɛʒi,ðɛʒu
ðɛʒ.e,ðɛʒ.o,ðɛʒe,ðɛʒo
ðɛʒ.u,ðɛʒ.i,ðɛʒu,ðɛʒi
ðɛʒ.o,ðɛʒ.e,ðɛʒo,ðɛʒe
ðɛθ.i,ðɛθ.u,ðɛθi,ðɛθu
ðɛθ.e,ðɛθ.o,ðɛθe,ðɛθo
ðɛθ.u,ðɛθ.i,ðɛθu,ðɛθi
ðɛθ.o,ðɛθ.e,ðɛθo,ðɛθe
ðɛð.i,ðɛð.u,ðɛði,ðɛðu
ðɛð.e,ðɛð.o,ðɛðe,ðɛðo
ðɛð.u,ðɛð.i,ðɛðu,ðɛði
ðɛð.o,ðɛð.e,ðɛðo,ðɛðe
hɛm.i,hɛm.u,hɛmi,hɛmu
hɛm.e,hɛm.o,hɛme,hɛmo
hɛm.u,hɛm.i,hɛmu,hɛmi
hɛm.o,hɛm.e,hɛmo,hɛme
hɛn.i,hɛn.u,hɛni,hɛnu
hɛn.e,hɛn.o,hɛne,hɛno
hɛn.u,hɛn.i,hɛnu,hɛni
hɛn.o,hɛn.e,hɛno,hɛne
hɛŋ.i,hɛŋ.u,hɛŋi,hɛŋu
hɛŋ.e,hɛŋ.o,hɛŋe,hɛŋo
hɛŋ.u,hɛŋ.i,hɛŋu,hɛŋi
hɛŋ.o,hɛŋ.e,hɛŋo,hɛŋe
hɛp.i,hɛp.u,hɛpi,hɛpu
hɛp.e,hɛp.o,hɛpe,hɛpo
hɛp.u,hɛp.i,hɛpu,hɛpi
hɛp.o,hɛp.e,hɛpo,hɛpe
hɛt.i,hɛt.u,hɛti,hɛtu
hɛt.e,hɛt.o,hɛte,hɛto
hɛt.u,hɛt.i,hɛtu,hɛti
hɛt.o,hɛt.e,hɛto,hɛte
hɛk.i,hɛk.u,hɛki,hɛku
hɛk.e,hɛk.o,hɛke,hɛko
hɛk.u,hɛk.i,hɛku,hɛki
hɛk.o,hɛk.e,hɛko,hɛke
hɛb.i,hɛb.u,hɛbi,hɛbu
hɛb.e,hɛb.o,hɛbe,hɛbo
hɛb.u,hɛb.i,hɛbu,hɛbi
hɛb.o,hɛb.e,hɛbo,hɛbe
hɛd.i,hɛd.u,hɛdi,hɛdu
hɛd.e,hɛd.o,hɛde,hɛdo
hɛd.u,hɛd.i,hɛdu,hɛdi
hɛd.o,hɛd.e,hɛdo,hɛde
hɛg.i,hɛg.u,hɛgi,hɛgu
hɛg.e,hɛg.o,hɛge,hɛgo
hɛg.u,hɛg.i,hɛgu,hɛgi
hɛg.o,hɛg.e,hɛgo,hɛge
hɛf.i,hɛf.u,hɛfi,hɛfu
hɛf.e,hɛf.o,hɛfe,hɛfo
hɛf.u,hɛf.i,hɛfu,hɛfi
hɛf.o,hɛf.e,hɛfo,hɛfe
hɛs.i,hɛs.u,hɛsi,hɛsu
hɛs.e,hɛs.o,hɛse,hɛso
hɛs.u,hɛs.i,hɛsu,hɛsi
hɛs.o,hɛs.e,hɛso,hɛse
hɛv.i,hɛv.u,hɛvi,hɛvu
hɛv.e,hɛv.o,hɛve,hɛvo
hɛv.u,hɛv.i,hɛvu,hɛvi
hɛv.o,hɛv.e,hɛvo,hɛve
hɛz.i,hɛz.u,hɛzi,hɛzu
hɛz.e,hɛz.o,hɛze,hɛzo
hɛz.u,hɛz.i,hɛzu,hɛzi
hɛz.o,hɛz.e,hɛzo,hɛze
hɛʃ.i,hɛʃ.u,hɛʃi,hɛʃu
hɛʃ.e,hɛʃ.o,hɛʃe,hɛʃo
hɛʃ.u,hɛʃ.i,hɛʃu,hɛʃi
hɛʃ.o,hɛʃ.e,hɛʃo,hɛʃe
hɛʒ.i,hɛʒ.u,hɛʒi,hɛʒu
hɛʒ.e,hɛʒ.o,hɛʒe,hɛʒo
hɛʒ.u,hɛʒ.i,hɛʒu,hɛʒi
hɛʒ.o,hɛʒ.e,hɛʒo,hɛʒe
hɛθ.i,hɛθ.u,hɛθi,hɛθu
hɛθ.e,hɛθ.o,hɛθe,hɛθo
hɛθ.u,hɛθ.i,hɛθu,hɛθi
hɛθ.o,hɛθ.e,hɛθo,hɛθe
hɛð.i,hɛð.u,hɛði,hɛðu
hɛð.e,hɛð.o,hɛðe,hɛðo
hɛð.u,hɛð.i,hɛðu,hɛði
hɛð.o,hɛð.e,hɛðo,hɛðe
mʊm.i,mʊm.u,mʊmi,mʊmu
mʊm.e,mʊm.o,mʊme,mʊmo
mʊm.u,mʊm.i,mʊmu,mʊmi
mʊm.o,mʊm.e,mʊmo,mʊme
mʊn.i,mʊn.u,mʊni,mʊnu
mʊn.e,mʊn.o,mʊne,mʊno
mʊn.u,mʊn.i,mʊnu,mʊni
mʊn.o,mʊn.e,mʊno,mʊne
mʊŋ.i,mʊŋ.u,mʊŋi,mʊŋu
mʊŋ.e,mʊŋ.o,mʊŋe,mʊŋo
mʊŋ.u,mʊŋ.i,mʊŋu,mʊŋi
mʊŋ.o,mʊŋ.e,mʊŋo,mʊŋe
mʊp.i,mʊp.u,mʊpi,mʊpu
mʊp.e,mʊp.o,mʊpe,mʊpo
mʊp.u,mʊp.i,mʊpu,mʊpi
mʊp.o,mʊp.e,mʊpo,mʊpe
mʊt.i,mʊt.u,mʊti,mʊtu
mʊt.e,mʊt.o,mʊte,mʊto
mʊt.u,mʊt.i,mʊtu,mʊti
mʊt.o,mʊt.e,mʊto,mʊte
mʊk.i,mʊk.u,mʊki,mʊku
mʊk.e,mʊk.o,mʊke,mʊko
mʊk.u,mʊk.i,mʊku,mʊki
mʊk.o,mʊk.e,mʊko,mʊke
mʊb.i,mʊb.u,mʊbi,mʊbu
mʊb.e,mʊb.o,mʊbe,mʊbo
mʊb.u,mʊb.i,mʊbu,mʊbi
mʊb.o,mʊb.e,mʊbo,mʊbe
mʊd.i,mʊd.u,mʊdi,mʊdu
mʊd.e,mʊd.o,mʊde,mʊdo
mʊd.u,mʊd.i,mʊdu,mʊdi
mʊd.o,mʊd.e,mʊdo,mʊde
mʊg.i,mʊg.u,mʊgi,mʊgu
mʊg.e,mʊg.o,mʊge,mʊgo
mʊg.u,mʊg.i,mʊgu,mʊgi
mʊg.o,mʊg.e,mʊgo,mʊge
mʊf.i,mʊf.u,mʊfi,mʊfu
mʊf.e,mʊf.o,mʊfe,mʊfo
mʊf.u,mʊf.i,mʊfu,mʊfi
mʊf.o,mʊf.e,mʊfo,mʊfe
mʊs.i,mʊs.u,mʊsi,mʊsu
mʊs.e,mʊs.o,mʊse,mʊso
mʊs.u,mʊs.i,mʊsu,mʊsi
mʊs.o,mʊs.e,mʊso,mʊse
mʊv.i,mʊv.u,mʊvi,mʊvu
mʊv.e,mʊv.o,mʊve,mʊvo
mʊv.u,mʊv.i,mʊvu,mʊvi
mʊv.o,mʊv.e,mʊvo,mʊve
mʊz.i,mʊz.u,mʊzi,mʊzu
mʊz.e,mʊz.o,mʊze,mʊzo
mʊz.u,mʊz.i,mʊzu,mʊzi
mʊz.o,mʊz.e,mʊzo,mʊze
mʊʃ.i,mʊʃ.u,mʊʃi,mʊʃu
mʊʃ.e,mʊʃ.o,mʊʃe,mʊʃo
mʊʃ.u,mʊʃ.i,mʊʃu,mʊʃi
mʊʃ.o,mʊʃ.e,mʊʃo,mʊʃe
mʊʒ.i,mʊʒ.u,mʊʒi,mʊʒu
mʊʒ.e,mʊʒ.o,mʊʒe,mʊʒo
mʊʒ.u,mʊʒ.i,mʊʒu,mʊʒi
mʊʒ.o,mʊʒ.e,mʊʒo,mʊʒe
mʊθ.i,mʊθ.u,mʊθi,mʊθu
mʊθ.e,mʊθ.o,mʊθe,mʊθo
mʊθ.u,mʊθ.i,mʊθu,mʊθi
mʊθ.o,mʊθ.e,mʊθo,mʊθe
mʊð.i,mʊð.u,mʊði,mʊðu
mʊð.e,mʊð.o,mʊðe,mʊðo
mʊð.u,mʊð.i,mʊðu,mʊði
mʊð.o,mʊð.e,mʊðo,mʊðe
nʊm.i,nʊm.u,nʊmi,nʊmu
nʊm.e,nʊm.o,nʊme,nʊmo
nʊm.u,nʊm.i,nʊmu,nʊmi
nʊm.o,nʊm.e,nʊmo,nʊme
nʊn.i,nʊn.u,nʊni,nʊnu
nʊn.e,nʊn.o,nʊne,nʊno
nʊn.u,nʊn.i,nʊnu,nʊni
nʊn.o,nʊn.e,nʊno,nʊne
nʊŋ.i,nʊŋ.u,nʊŋi,nʊŋu
nʊŋ.e,nʊŋ.o,nʊŋe,nʊŋo
nʊŋ.u,nʊŋ.i,nʊŋu,nʊŋi
nʊŋ.o,nʊŋ.e,nʊŋo,nʊŋe
nʊp.i,nʊp.u,nʊpi,nʊpu
nʊp.e,nʊp.o,nʊpe,nʊpo
nʊp.u,nʊp.i,nʊpu,nʊpi
nʊp.o,nʊp.e,nʊpo,nʊpe
nʊt.i,nʊt.u,nʊti,nʊtu
nʊt.e,nʊt.o,nʊte,nʊto
nʊt.u,nʊt.i,nʊtu,nʊti
nʊt.o,nʊt.e,nʊto,nʊte
nʊk.i,nʊk.u,nʊki,nʊku
nʊk.e,nʊk.o,nʊke,nʊko
nʊk.u,nʊk.i,nʊku,nʊki
nʊk.o,nʊk.e,nʊko,nʊke
nʊb.i,nʊb.u,nʊbi,nʊbu
nʊb.e,nʊb.o,nʊbe,nʊbo
nʊb.u,nʊb.i,nʊbu,nʊbi
nʊb.o,nʊb.e,nʊbo,nʊbe
nʊd.i,nʊd.u,nʊdi,nʊdu
nʊd.e,nʊd.o,nʊde,nʊdo
nʊd.u,nʊd.i,nʊdu,nʊdi
nʊd.o,nʊd.e,nʊdo,nʊde
nʊg.i,nʊg.u,nʊgi,nʊgu
nʊg.e,nʊg.o,nʊge,nʊgo
nʊg.u,nʊg.i,nʊgu,nʊgi
nʊg.o,nʊg.e,nʊgo,nʊge
nʊf.i,nʊf.u,nʊfi,nʊfu
nʊf.e,nʊf.o,nʊfe,nʊfo
nʊf.u,nʊf.i,nʊfu,nʊfi
nʊf.o,nʊf.e,nʊfo,nʊfe
nʊs.i,nʊs.u,nʊsi,nʊsu
nʊs.e,nʊs.o,nʊse,nʊso
nʊs.u,nʊs.i,nʊsu,nʊsi
nʊs.o,nʊs.e,nʊso,nʊse
nʊv.i,nʊv.u,nʊvi,nʊvu
nʊv.e,nʊv.o,nʊve,nʊvo
nʊv.u,nʊv.i,nʊvu,nʊvi
nʊv.o,nʊv.e,nʊvo,nʊve
nʊz.i,nʊz.u,nʊzi,nʊzu
nʊz.e,nʊz.o,nʊze,nʊzo
nʊz.u,nʊz.i,nʊzu,nʊzi
nʊz.o,nʊz.e,nʊzo,nʊze
nʊʃ.i,nʊʃ.u,nʊʃi,nʊʃu
nʊʃ.e,nʊʃ.o,nʊʃe,nʊʃo
nʊʃ.u,nʊʃ.i,nʊʃu,nʊʃi
nʊʃ.o,nʊʃ.e,nʊʃo,nʊʃe
nʊʒ.i,nʊʒ.u,nʊʒi,nʊʒu
nʊʒ.e,nʊʒ.o,nʊʒe,nʊʒo
nʊʒ.u,nʊʒ.i,nʊʒu,nʊʒi
nʊʒ.o,nʊʒ.e,nʊʒo,nʊʒe
nʊθ.i,nʊθ.u,nʊθi,nʊθu
nʊθ.e,nʊθ.o,nʊθe,nʊθo
nʊθ.u,nʊθ.i,nʊθu,nʊθi
nʊθ.o,nʊθ.e,nʊθo,nʊθe
nʊð.i,nʊð.u,nʊði,nʊðu
nʊð.e,nʊð.o,nʊðe,nʊðo
nʊð.u,nʊð.i,nʊðu,nʊði
nʊð.o,nʊð.e,nʊðo,nʊðe
pʊm.i,pʊm.u,pʊmi,pʊmu
pʊm.e,pʊm.o,pʊme,pʊmo
pʊm.u,pʊm.i,pʊmu,pʊmi
pʊm.o,pʊm.e,pʊmo,pʊme
pʊn.i,pʊn.u,pʊni,pʊnu
pʊn.e,pʊn.o,pʊne,pʊno
pʊn.u,pʊn.i,pʊnu,pʊni
pʊn.o,pʊn.e,pʊno,pʊne
pʊŋ.i,pʊŋ.u,pʊŋi,pʊŋu
pʊŋ.e,pʊŋ.o,pʊŋe,pʊŋo
pʊŋ.u,pʊŋ.i,pʊŋu,pʊŋi
pʊŋ.o,pʊŋ.e,pʊŋo,pʊŋe
pʊp.i,pʊp.u,pʊpi,pʊpu
pʊp.e,pʊp.o,pʊpe,pʊpo
pʊp.u,pʊp.i,pʊpu,pʊpi
pʊp.o,pʊp.e,pʊpo,pʊpe
pʊt.i,pʊt.u,pʊti,pʊtu
pʊt.e,pʊt.o,pʊte,pʊto
pʊt.u,pʊt.i,pʊtu,pʊti
pʊt.o,pʊt.e,pʊto,pʊte
pʊk.i,pʊk.u,pʊki,pʊku
pʊk.e,pʊk.o,pʊke,pʊko
pʊk.u,pʊk.i,pʊku,pʊki
pʊk.o,pʊk.e,pʊko,pʊke
pʊb.i,pʊb.u,pʊbi,pʊbu
pʊb.e,pʊb.o,pʊbe,pʊbo
pʊb.u,pʊb.i,pʊbu,pʊbi
pʊb.o,pʊb.e,pʊbo,pʊbe
pʊd.i,pʊd.u,pʊdi,pʊdu
pʊd.e,pʊd.o,pʊde,pʊdo
pʊd.u,pʊd.i,pʊdu,pʊdi
pʊd.o,pʊd.e,pʊdo,pʊde
pʊg.i,pʊg.u,pʊgi,pʊgu
pʊg.e,pʊg.o,pʊge,pʊgo
pʊg.u,pʊg.i,pʊgu,pʊgi
pʊg.o,pʊg.e,pʊgo,pʊge
pʊf.i,pʊf.u,pʊfi,pʊfu
pʊf.e,pʊf.o,pʊfe,pʊfo
pʊf.u,pʊf.i,pʊfu,pʊfi
pʊf.o,pʊf.e,pʊfo,pʊfe
pʊs.i,pʊs.u,pʊsi,pʊsu
pʊs.e,pʊs.o,pʊse,pʊso
pʊs.u,pʊs.i,pʊsu,pʊsi
pʊs.o,pʊs.e,pʊso,pʊse
pʊv.i,pʊv.u,pʊvi,pʊvu
pʊv.e,pʊv.o,pʊve,pʊvo
pʊv.u,pʊv.i,pʊvu,pʊvi
pʊv.o,pʊv.e,pʊvo,pʊve
pʊz.i,pʊz.u,pʊzi,pʊzu
pʊz.e,pʊz.o,pʊze,pʊzo
pʊz.u,pʊz.i,pʊzu,pʊzi
pʊz.o,pʊz.e,pʊzo,pʊze
pʊʃ.i,pʊʃ.u,pʊʃi,pʊʃu
pʊʃ.e,pʊʃ.o,pʊʃe,pʊʃo
pʊʃ.u,pʊʃ.i,pʊʃu,pʊʃi
pʊʃ.o,pʊʃ.e,pʊʃo,pʊʃe
pʊʒ.i,pʊʒ.u,pʊʒi,pʊʒu
pʊʒ.e,pʊʒ.o,pʊʒe,pʊʒo
pʊʒ.u,pʊʒ.i,pʊʒu,pʊʒi
pʊʒ.o,pʊʒ.e,pʊʒo,pʊʒe
pʊθ.i,pʊθ.u,pʊθi,pʊθu
pʊθ.e,pʊθ.o,pʊθe,pʊθo
pʊθ.u,pʊθ.i,pʊθu,pʊθi
pʊθ.o,pʊθ.e,pʊθo,pʊθe
pʊð.i,pʊð.u,pʊði,pʊðu
pʊð.e,pʊð.o,pʊðe,pʊðo
pʊð.u,pʊð.i,pʊðu,pʊði
pʊð.o,pʊð.e,pʊðo,pʊðe
tʊm.i,tʊm.u,tʊmi,tʊmu
tʊm.e,tʊm.o,tʊme,tʊmo
tʊm.u,tʊm.i,tʊmu,tʊmi
tʊm.o,tʊm.e,tʊmo,tʊme
tʊn.i,tʊn.u,tʊni,tʊnu
tʊn.e,tʊn.o,tʊne,tʊno
tʊn.u,tʊn.i,tʊnu,tʊni
tʊn.o,tʊn.e,tʊno,tʊne
tʊŋ.i,tʊŋ.u,tʊŋi,tʊŋu
tʊŋ.e,tʊŋ.o,tʊŋe,tʊŋo
tʊŋ.u,tʊŋ.i,tʊŋu,tʊŋi
tʊŋ.o,tʊŋ.e,tʊŋo,tʊŋe
tʊp.i,tʊp.u,tʊpi,tʊpu
tʊp.e,tʊp.o,tʊpe,tʊpo
tʊp.u,tʊp.i,tʊpu,tʊpi
tʊp.o,tʊp.e,tʊpo,tʊpe
tʊt.i,tʊt.u,tʊti,tʊtu
tʊt.e,tʊt.o,tʊte,tʊto
tʊt.u,tʊt.i,tʊtu,tʊti
tʊt.o,tʊt.e,tʊto,tʊte
tʊk.i,tʊk.u,tʊki,tʊku
tʊk.e,tʊk.o,tʊke,tʊko
tʊk.u,tʊk.i,tʊku,tʊki
tʊk.o,tʊk.e,tʊko,tʊke
tʊb.i,tʊb.u,tʊbi,tʊbu
tʊb.e,tʊb.o,tʊbe,tʊbo
tʊb.u,tʊb.i,tʊbu,tʊbi
tʊb.o,tʊb.e,tʊbo,tʊbe
tʊd.i,tʊd.u,tʊdi,tʊdu
tʊd.e,tʊd.o,tʊde,tʊdo
tʊd.u,tʊd.i,tʊdu,tʊdi
tʊd.o,tʊd.e,tʊdo,tʊde
tʊg.i,tʊg.u,tʊgi,tʊgu
tʊg.e,tʊg.o,tʊge,tʊgo
tʊg.u,tʊg.i,tʊgu,tʊgi
tʊg.o,tʊg.e,tʊgo,tʊge
tʊf.i,tʊf.u,tʊfi,tʊfu
tʊf.e,tʊf.o,tʊfe,tʊfo
tʊf.u,tʊf.i,tʊfu,tʊfi
tʊf.o,tʊf.e,tʊfo,tʊfe
tʊs.i,tʊs.u,tʊsi,tʊsu
tʊs.e,tʊs.o,tʊse,tʊso
tʊs.u,tʊs.i,tʊsu,tʊsi
tʊs.o,tʊs.e,tʊso,tʊse
tʊv.i,tʊv.u,tʊvi,tʊvu
tʊv.e,tʊv.o,tʊve,tʊvo
tʊv.u,tʊv.i,tʊvu,tʊvi
tʊv.o,tʊv.e,tʊvo,tʊve
tʊz.i,tʊz.u,tʊzi,tʊzu
tʊz.e,tʊz.o,tʊze,tʊzo
tʊz.u,tʊz.i,tʊzu,tʊzi
tʊz.o,tʊz.e,tʊzo,tʊze
tʊʃ.i,tʊʃ.u,tʊʃi,tʊʃu
tʊʃ.e,tʊʃ.o,tʊʃe,tʊʃo
tʊʃ.u,tʊʃ.i,tʊʃu,tʊʃi
tʊʃ.o,tʊʃ.e,tʊʃo,tʊʃe
tʊʒ.i,tʊʒ.u,tʊʒi,tʊʒu
tʊʒ.e,tʊʒ.o,tʊʒe,tʊʒo
tʊʒ.u,tʊʒ.i,tʊʒu,tʊʒi
tʊʒ.o,tʊʒ.e,tʊʒo,tʊʒe
tʊθ.i,tʊθ.u,tʊθi,tʊθu
tʊθ.e,tʊθ.o,tʊθe,tʊθo
tʊθ.u,tʊθ.i,tʊθu,tʊθi
tʊθ.o,tʊθ.e,tʊθo,tʊθe
tʊð.i,tʊð.u,tʊði,tʊðu
tʊð.e,tʊð.o,tʊðe,tʊðo
tʊð.u,tʊð.i,tʊðu,tʊði
tʊð.o,tʊð.e,tʊðo,tʊðe
kʊm.i,kʊm.u,kʊmi,kʊmu
kʊm.e,kʊm.o,kʊme,kʊmo
kʊm.u,kʊm.i,kʊmu,kʊmi
kʊm.o,kʊm.e,kʊmo,kʊme
kʊn.i,kʊn.u,kʊni,kʊnu
kʊn.e,kʊn.o,kʊne,kʊno
kʊn.u,kʊn.i,kʊnu,kʊni
kʊn.o,kʊn.e,kʊno,kʊne
kʊŋ.i,kʊŋ.u,kʊŋi,kʊŋu
kʊŋ.e,kʊŋ.o,kʊŋe,kʊŋo
kʊŋ.u,kʊŋ.i,kʊŋu,kʊŋi
kʊŋ.o,kʊŋ.e,kʊŋo,kʊŋe
kʊp.i,kʊp.u,kʊpi,kʊpu
kʊp.e,kʊp.o,kʊpe,kʊpo
kʊp.u,kʊp.i,kʊpu,kʊpi
kʊp.o,kʊp.e,kʊpo,kʊpe
kʊt.i,kʊt.u,kʊti,kʊtu
kʊt.e,kʊt.o,kʊte,kʊto
kʊt.u,kʊt.i,kʊtu,kʊti
kʊt.o,kʊt.e,kʊto,kʊte
kʊk.i,kʊk.u,kʊki,kʊku
kʊk.e,kʊk.o,kʊke,kʊko
kʊk.u,kʊk.i,kʊku,kʊki
kʊk.o,kʊk.e,kʊko,kʊke
kʊb.i,kʊb.u,kʊbi,kʊbu
kʊb.e,kʊb.o,kʊbe,kʊbo
kʊb.u,kʊb.i,kʊbu,kʊbi
kʊb.o,kʊb.e,kʊbo,kʊbe
kʊd.i,kʊd.u,kʊdi,kʊdu
kʊd.e,kʊd.o,kʊde,kʊdo
kʊd.u,kʊd.i,kʊdu,kʊdi
kʊd.o,kʊd.e,kʊdo,kʊde
kʊg.i,kʊg.u,kʊgi,kʊgu
kʊg.e,kʊg.o,kʊge,kʊgo
kʊg.u,kʊg.i,kʊgu,kʊgi
kʊg.o,kʊg.e,kʊgo,kʊge
kʊf.i,kʊf.u,kʊfi,kʊfu
kʊf.e,kʊf.o,kʊfe,kʊfo
kʊf.u,kʊf.i,kʊfu,kʊfi
kʊf.o,kʊf.e,kʊfo,kʊfe
kʊs.i,kʊs.u,kʊsi,kʊsu
kʊs.e,kʊs.o,kʊse,kʊso
kʊs.u,kʊs.i,kʊsu,kʊsi
kʊs.o,kʊs.e,kʊso,kʊse
kʊv.i,kʊv.u,kʊvi,kʊvu
kʊv.e,kʊv.o,kʊve,kʊvo
kʊv.u,kʊv.i,kʊvu,kʊvi
kʊv.o,kʊv.e,kʊvo,kʊve
kʊz.i,kʊz.u,kʊzi,kʊzu
kʊz.e,kʊz.o,kʊze,kʊzo
kʊz.u,kʊz.i,kʊzu,kʊzi
kʊz.o,kʊz.e,kʊzo,kʊze
kʊʃ.i,kʊʃ.u,kʊʃi,kʊʃu
kʊʃ.e,kʊʃ.o,kʊʃe,kʊʃo
kʊʃ.u,kʊʃ.i,kʊʃu,kʊʃi
kʊʃ.o,kʊʃ.e,kʊʃo,kʊʃe
kʊʒ.i,kʊʒ.u,kʊʒi,kʊʒu
kʊʒ.e,kʊʒ.o,kʊʒe,kʊʒo
kʊʒ.u,kʊʒ.i,kʊʒu,kʊʒi
kʊʒ.o,kʊʒ.e,kʊʒo,kʊʒe
kʊθ.i,kʊθ.u,kʊθi,kʊθu
kʊθ.e,kʊθ.o,kʊθe,kʊθo
kʊθ.u,kʊθ.i,kʊθu,kʊθi
kʊθ.o,kʊθ.e,kʊθo,kʊθe
kʊð.i,kʊð.u,kʊði,kʊðu
kʊð.e,kʊð.o,kʊðe,kʊðo
kʊð.u,kʊð.i,kʊðu,kʊði
kʊð.o,kʊð.e,kʊðo,kʊðe
bʊm.i,bʊm.u,bʊmi,bʊmu
bʊm.e,bʊm.o,bʊme,bʊmo
bʊm.u,bʊm.i,bʊmu,bʊmi
bʊm.o,bʊm.e,bʊmo,bʊme
bʊn.i,bʊn.u,bʊni,bʊnu
bʊn.e,bʊn.o,bʊne,bʊno
bʊn.u,bʊn.i,bʊnu,bʊni
bʊn.o,bʊn.e,bʊno,bʊne
bʊŋ.i,bʊŋ.u,bʊŋi,bʊŋu
bʊŋ.e,bʊŋ.o,bʊŋe,bʊŋo
bʊŋ.u,bʊŋ.i,bʊŋu,bʊŋi
bʊŋ.o,bʊŋ.e,bʊŋo,bʊŋe
bʊp.i,bʊp.u,bʊpi,bʊpu
bʊp.e,bʊp.o,bʊpe,bʊpo
bʊp.u,bʊp.i,bʊpu,bʊpi
bʊp.o,bʊp.e,bʊpo,bʊpe
bʊt.i,bʊt.u,bʊti,bʊtu
bʊt.e,bʊt.o,bʊte,bʊto
bʊt.u,bʊt.i,bʊtu,bʊti
bʊt.o,bʊt.e,bʊto,bʊte
bʊk.i,bʊk.u,bʊki,bʊku
bʊk.e,bʊk.o,bʊke,bʊko
bʊk.u,bʊk.i,bʊku,bʊki
bʊk.o,bʊk.e,bʊko,bʊke
bʊb.i,bʊb.u,bʊbi,bʊbu
bʊb.e,bʊb.o,bʊbe,bʊbo
bʊb.u,bʊb.i,bʊbu,bʊbi
bʊb.o,bʊb.e,bʊbo,bʊbe
bʊd.i,bʊd.u,bʊdi,bʊdu
bʊd.e,bʊd.o,bʊde,bʊdo
bʊd.u,bʊd.i,bʊdu,bʊdi
bʊd.o,bʊd.e,bʊdo,bʊde
bʊg.i,bʊg.u,bʊgi,bʊgu
bʊg.e,bʊg.o,bʊge,bʊgo
bʊg.u,bʊg.i,bʊgu,bʊgi
bʊg.o,bʊg.e,bʊgo,bʊge
bʊf.i,bʊf.u,bʊfi,bʊfu
bʊf.e,bʊf.o,bʊfe,bʊfo
bʊf.u,bʊf.i,bʊfu,bʊfi
bʊf.o,bʊf.e,bʊfo,bʊfe
bʊs.i,bʊs.u,bʊsi,bʊsu
bʊs.e,bʊs.o,bʊse,bʊso
bʊs.u,bʊs.i,bʊsu,bʊsi
bʊs.o,bʊs.e,bʊso,bʊse
bʊv.i,bʊv.u,bʊvi,bʊvu
bʊv.e,bʊv.o,bʊve,bʊvo
bʊv.u,bʊv.i,bʊvu,bʊvi
bʊv.o,bʊv.e,bʊvo,bʊve
bʊz.i,bʊz.u,bʊzi,bʊzu
bʊz.e,bʊz.o,bʊze,bʊzo
bʊz.u,bʊz.i,bʊzu,bʊzi
bʊz.o,bʊz.e,bʊzo,bʊze
bʊʃ.i,bʊʃ.u,bʊʃi,bʊʃu
bʊʃ.e,bʊʃ.o,bʊʃe,bʊʃo
bʊʃ.u,bʊʃ.i,bʊʃu,bʊʃi
bʊʃ.o,bʊʃ.e,bʊʃo,bʊʃe
bʊʒ.i,bʊʒ.u,bʊʒi,bʊʒu
bʊʒ.e,bʊʒ.o,bʊʒe,bʊʒo
bʊʒ.u,bʊʒ.i,bʊʒu,bʊʒi
bʊʒ.o,bʊʒ.e,bʊʒo,bʊʒe
bʊθ.i,bʊθ.u,bʊθi,bʊθu
bʊθ.e,bʊθ.o,bʊθe,bʊθo
bʊθ.u,bʊθ.i,bʊθu,bʊθi
bʊθ.o,bʊθ.e,bʊθo,bʊθe
bʊð.i,bʊð.u,bʊði,bʊðu
bʊð.e,bʊð.o,bʊðe,bʊðo
bʊð.u,bʊð.i,bʊðu,bʊði
bʊð.o,bʊð.e,bʊðo,bʊðe
dʊm.i,dʊm.u,dʊmi,dʊmu
dʊm.e,dʊm.o,dʊme,dʊmo
dʊm.u,dʊm.i,dʊmu,dʊmi
dʊm.o,dʊm.e,dʊmo,dʊme
dʊn.i,dʊn.u,dʊni,dʊnu
dʊn.e,dʊn.o,dʊne,dʊno
dʊn.u,dʊn.i,dʊnu,dʊni
dʊn.o,dʊn.e,dʊno,dʊne
dʊŋ.i,dʊŋ.u,dʊŋi,dʊŋu
dʊŋ.e,dʊŋ.o,dʊŋe,dʊŋo
dʊŋ.u,dʊŋ.i,dʊŋu,dʊŋi
dʊŋ.o,dʊŋ.e,dʊŋo,dʊŋe
dʊp.i,dʊp.u,dʊpi,dʊpu
dʊp.e,dʊp.o,dʊpe,dʊpo
dʊp.u,dʊp.i,dʊpu,dʊpi
dʊp.o,dʊp.e,dʊpo,dʊpe
dʊt.i,dʊt.u,dʊti,dʊtu
dʊt.e,dʊt.o,dʊte,dʊto
dʊt.u,dʊt.i,dʊtu,dʊti
dʊt.o,dʊt.e,dʊto,dʊte
dʊk.i,dʊk.u,dʊki,dʊku
dʊk.e,dʊk.o,dʊke,dʊko
dʊk.u,dʊk.i,dʊku,dʊki
dʊk.o,dʊk.e,dʊko,dʊke
dʊb.i,dʊb.u,dʊbi,dʊbu
dʊb.e,dʊb.o,dʊbe,dʊbo
dʊb.u,dʊb.i,dʊbu,dʊbi
dʊb.o,dʊb.e,dʊbo,dʊbe
dʊd.i,dʊd.u,dʊdi,dʊdu
dʊd.e,dʊd.o,dʊde,dʊdo
dʊd.u,dʊd.i,dʊdu,dʊdi
dʊd.o,dʊd.e,dʊdo,dʊde
dʊg.i,dʊg.u,dʊgi,dʊgu
dʊg.e,dʊg.o,dʊge,dʊgo
dʊg.u,dʊg.i,dʊgu,dʊgi
dʊg.o,dʊg.e,dʊgo,dʊge
dʊf.i,dʊf.u,dʊfi,dʊfu
dʊf.e,dʊf.o,dʊfe,dʊfo
dʊf.u,dʊf.i,dʊfu,dʊfi
dʊf.o,dʊf.e,dʊfo,dʊfe
dʊs.i,dʊs.u,dʊsi,dʊsu
dʊs.e,dʊs.o,dʊse,dʊso
dʊs.u,dʊs.i,dʊsu,dʊsi
dʊs.o,dʊs.e,dʊso,dʊse
dʊv.i,dʊv.u,dʊvi,dʊvu
dʊv.e,dʊv.o,dʊve,dʊvo
dʊv.u,dʊv.i,dʊvu,dʊvi
dʊv.o,dʊv.e,dʊvo,dʊve
dʊz.i,dʊz.u,dʊzi,dʊzu
dʊz.e,dʊz.o,dʊze,dʊzo
dʊz.u,dʊz.i,dʊzu,dʊzi
dʊz.o,dʊz.e,dʊzo,dʊze
dʊʃ.i,dʊʃ.u,dʊʃi,dʊʃu
dʊʃ.e,dʊʃ.o,dʊʃe,dʊʃo
dʊʃ.u,dʊʃ.i,dʊʃu,dʊʃi
dʊʃ.o,dʊʃ.e,dʊʃo,dʊʃe
dʊʒ.i,dʊʒ.u,dʊʒi,dʊʒu
dʊʒ.e,dʊʒ.o,dʊʒe,dʊʒo
dʊʒ.u,dʊʒ.i,dʊʒu,dʊʒi
dʊʒ.o,dʊʒ.e,dʊʒo,dʊʒe
dʊθ.i,dʊθ.u,dʊθi,dʊθu
dʊθ.e,dʊθ.o,dʊθe,dʊθo
dʊθ.u,dʊθ.i,dʊθu,dʊθi
dʊθ.o,dʊθ.e,dʊθo,dʊθe
dʊð.i,dʊð.u,dʊði,dʊðu
dʊð.e,dʊð.o,dʊðe,dʊðo
dʊð.u,dʊð.i,dʊðu,dʊði
dʊð.o,dʊð.e,dʊðo,dʊðe
gʊm.i,gʊm.u,gʊmi,gʊmu
gʊm.e,gʊm.o,gʊme,gʊmo
gʊm.u,gʊm.i,gʊmu,gʊmi
gʊm.o,gʊm.e,gʊmo,gʊme
gʊn.i,gʊn.u,gʊni,gʊnu
gʊn.e,gʊn.o,gʊne,gʊno
gʊn.u,gʊn.i,gʊnu,gʊni
gʊn.o,gʊn.e,gʊno,gʊne
gʊŋ.i,gʊŋ.u,gʊŋi,gʊŋu
gʊŋ.e,gʊŋ.o,gʊŋe,gʊŋo
gʊŋ.u,gʊŋ.i,gʊŋu,gʊŋi
gʊŋ.o,gʊŋ.e,gʊŋo,gʊŋe
gʊp.i,gʊp.u,gʊpi,gʊpu
gʊp.e,gʊp.o,gʊpe,gʊpo
gʊp.u,gʊp.i,gʊpu,gʊpi
gʊp.o,gʊp.e,gʊpo,gʊpe
gʊt.i,gʊt.u,gʊti,gʊtu
gʊt.e,gʊt.o,gʊte,gʊto
gʊt.u,gʊt.i,gʊtu,gʊti
gʊt.o,gʊt.e,gʊto,gʊte
gʊk.i,gʊk.u,gʊki,gʊku
gʊk.e,gʊk.o,gʊke,gʊko
gʊk.u,gʊk.i,gʊku,gʊki
gʊk.o,gʊk.e,gʊko,gʊke
gʊb.i,gʊb.u,gʊbi,gʊbu
gʊb.e,gʊb.o,gʊbe,gʊbo
gʊb.u,gʊb.i,gʊbu,gʊbi
gʊb.o,gʊb.e,gʊbo,gʊbe
gʊd.i,gʊd.u,gʊdi,gʊdu
gʊd.e,gʊd.o,gʊde,gʊdo
gʊd.u,gʊd.i,gʊdu,gʊdi
gʊd.o,gʊd.e,gʊdo,gʊde
gʊg.i,gʊg.u,gʊgi,gʊgu
gʊg.e,gʊg.o,gʊge,gʊgo
gʊg.u,gʊg.i,gʊgu,gʊgi
gʊg.o,gʊg.e,gʊgo,gʊge
gʊf.i,gʊf.u,gʊfi,gʊfu
gʊf.e,gʊf.o,gʊfe,gʊfo
gʊf.u,gʊf.i,gʊfu,gʊfi
gʊf.o,gʊf.e,gʊfo,gʊfe
gʊs.i,gʊs.u,gʊsi,gʊsu
gʊs.e,gʊs.o,gʊse,gʊso
gʊs.u,gʊs.i,gʊsu,gʊsi
gʊs.o,gʊs.e,gʊso,gʊse
gʊv.i,gʊv.u,gʊvi,gʊvu
gʊv.e,gʊv.o,gʊve,gʊvo
gʊv.u,gʊv.i,gʊvu,gʊvi
gʊv.o,gʊv.e,gʊvo,gʊve
gʊz.i,gʊz.u,gʊzi,gʊzu
gʊz.e,gʊz.o,gʊze,gʊzo
gʊz.u,gʊz.i,gʊzu,gʊzi
gʊz.o,gʊz.e,gʊzo,gʊze
gʊʃ.i,gʊʃ.u,gʊʃi,gʊʃu
gʊʃ.e,gʊʃ.o,gʊʃe,gʊʃo
gʊʃ.u,gʊʃ.i,gʊʃu,gʊʃi
gʊʃ.o,gʊʃ.e,gʊʃo,gʊʃe
gʊʒ.i,gʊʒ.u,gʊʒi,gʊʒu
gʊʒ.e,gʊʒ.o,gʊʒe,gʊʒo
gʊʒ.u,gʊʒ.i,gʊʒu,gʊʒi
gʊʒ.o,gʊʒ.e,gʊʒo,gʊʒe
gʊθ.i,gʊθ.u,gʊθi,gʊθu
gʊθ.e,gʊθ.o,gʊθe,gʊθo
gʊθ.u,gʊθ.i,gʊθu,gʊθi
gʊθ.o,gʊθ.e,gʊθo,gʊθe
gʊð.i,gʊð.u,gʊði,gʊðu
gʊð.e,gʊð.o,gʊðe,gʊðo
gʊð.u,gʊð.i,gʊðu,gʊði
gʊð.o,gʊð.e,gʊðo,gʊðe
fʊm.i,fʊm.u,fʊmi,fʊmu
fʊm.e,fʊm.o,fʊme,fʊmo
fʊm.u,fʊm.i,fʊmu,fʊmi
fʊm.o,fʊm.e,fʊmo,fʊme
fʊn.i,fʊn.u,fʊni,fʊnu
fʊn.e,fʊn.o,fʊne,fʊno
fʊn.u,fʊn.i,fʊnu,fʊni
fʊn.o,fʊn.e,fʊno,fʊne
fʊŋ.i,fʊŋ.u,fʊŋi,fʊŋu
fʊŋ.e,fʊŋ.o,fʊŋe,fʊŋo
fʊŋ.u,fʊŋ.i,fʊŋu,fʊŋi
fʊŋ.o,fʊŋ.e,fʊŋo,fʊŋe
fʊp.i,fʊp.u,fʊpi,fʊpu
fʊp.e,fʊp.o,fʊpe,fʊpo
fʊp.u,fʊp.i,fʊpu,fʊpi
fʊp.o,fʊp.e,fʊpo,fʊpe
fʊt.i,fʊt.u,fʊti,fʊtu
fʊt.e,fʊt.o,fʊte,fʊto
fʊt.u,fʊt.i,fʊtu,fʊti
fʊt.o,fʊt.e,fʊto,fʊte
fʊk.i,fʊk.u,fʊki,fʊku
fʊk.e,fʊk.o,fʊke,fʊko
fʊk.u,fʊk.i,fʊku,fʊki
fʊk.o,fʊk.e,fʊko,fʊke
fʊb.i,fʊb.u,fʊbi,fʊbu
fʊb.e,fʊb.o,fʊbe,fʊbo
fʊb.u,fʊb.i,fʊbu,fʊbi
fʊb.o,fʊb.e,fʊbo,fʊbe
fʊd.i,fʊd.u,fʊdi,fʊdu
fʊd.e,fʊd.o,fʊde,fʊdo
fʊd.u,fʊd.i,fʊdu,fʊdi
fʊd.o,fʊd.e,fʊdo,fʊde
fʊg.i,fʊg.u,fʊgi,fʊgu
fʊg.e,fʊg.o,fʊge,fʊgo
fʊg.u,fʊg.i,fʊgu,fʊgi
fʊg.o,fʊg.e,fʊgo,fʊge
fʊf.i,fʊf.u,fʊfi,fʊfu
fʊf.e,fʊf.o,fʊfe,fʊfo
fʊf.u,fʊf.i,fʊfu,fʊfi
fʊf.o,fʊf.e,fʊfo,fʊfe
fʊs.i,fʊs.u,fʊsi,fʊsu
fʊs.e,fʊs.o,fʊse,fʊso
fʊs.u,fʊs.i,fʊsu,fʊsi
fʊs.o,fʊs.e,fʊso,fʊse
fʊv.i,fʊv.u,fʊvi,fʊvu
fʊv.e,fʊv.o,fʊve,fʊvo
fʊv.u,fʊv.i,fʊvu,fʊvi
fʊv.o,fʊv.e,fʊvo,fʊve
fʊz.i,fʊz.u,fʊzi,fʊzu
fʊz.e,fʊz.o,fʊze,fʊzo
fʊz.u,fʊz.i,fʊzu,fʊzi
fʊz.o,fʊz.e,fʊzo,fʊze
fʊʃ.i,fʊʃ.u,fʊʃi,fʊʃu
fʊʃ.e,fʊʃ.o,fʊʃe,fʊʃo
fʊʃ.u,fʊʃ.i,fʊʃu,fʊʃi
fʊʃ.o,fʊʃ.e,fʊʃo,fʊʃe
fʊʒ.i,fʊʒ.u,fʊʒi,fʊʒu
fʊʒ.e,fʊʒ.o,fʊʒe,fʊʒo
fʊʒ.u,fʊʒ.i,fʊʒu,fʊʒi
fʊʒ.o,fʊʒ.e,fʊʒo,fʊʒe
fʊθ.i,fʊθ.u,fʊθi,fʊθu
fʊθ.e,fʊθ.o,fʊθe,fʊθo
fʊθ.u,fʊθ.i,fʊθu,fʊθi
fʊθ.o,fʊθ.e,fʊθo,fʊθe
fʊð.i,fʊð.u,fʊði,fʊðu
fʊð.e,fʊð.o,fʊðe,fʊðo
fʊð.u,fʊð.i,fʊðu,fʊði
fʊð.o,fʊð.e,fʊðo,fʊðe
sʊm.i,sʊm.u,sʊmi,sʊmu
sʊm.e,sʊm.o,sʊme,sʊmo
sʊm.u,sʊm.i,sʊmu,sʊmi
sʊm.o,sʊm.e,sʊmo,sʊme
sʊn.i,sʊn.u,sʊni,sʊnu
sʊn.e,sʊn.o,sʊne,sʊno
sʊn.u,sʊn.i,sʊnu,sʊni
sʊn.o,sʊn.e,sʊno,sʊne
sʊŋ.i,sʊŋ.u,sʊŋi,sʊŋu
sʊŋ.e,sʊŋ.o,sʊŋe,sʊŋo
sʊŋ.u,sʊŋ.i,sʊŋu,sʊŋi
sʊŋ.o,sʊŋ.e,sʊŋo,sʊŋe
sʊp.i,sʊp.u,sʊpi,sʊpu
sʊp.e,sʊp.o,sʊpe,sʊpo
sʊp.u,sʊp.i,sʊpu,sʊpi
sʊp.o,sʊp.e,sʊpo,sʊpe
sʊt.i,sʊt.u,sʊti,sʊtu
sʊt.e,sʊt.o,sʊte,sʊto
sʊt.u,sʊt.i,sʊtu,sʊti
sʊt.o,sʊt.e,sʊto,sʊte
sʊk.i,sʊk.u,sʊki,sʊku
sʊk.e,sʊk.o,sʊke,sʊko
sʊk.u,sʊk.i,sʊku,sʊki
sʊk.o,sʊk.e,sʊko,sʊke
sʊb.i,sʊb.u,sʊbi,sʊbu
sʊb.e,sʊb.o,sʊbe,sʊbo
sʊb.u,sʊb.i,sʊbu,sʊbi
sʊb.o,sʊb.e,sʊbo,sʊbe
sʊd.i,sʊd.u,sʊdi,sʊdu
sʊd.e,sʊd.o,sʊde,sʊdo
sʊd.u,sʊd.i,sʊdu,sʊdi
sʊd.o,sʊd.e,sʊdo,sʊde
sʊg.i,sʊg.u,sʊgi,sʊgu
sʊg.e,sʊg.o,sʊge,sʊgo
sʊg.u,sʊg.i,sʊgu,sʊgi
sʊg.o,sʊg.e,sʊgo,sʊge
sʊf.i,sʊf.u,sʊfi,sʊfu
sʊf.e,sʊf.o,sʊfe,sʊfo
sʊf.u,sʊf.i,sʊfu,sʊfi
sʊf.o,sʊf.e,sʊfo,sʊfe
sʊs.i,sʊs.u,sʊsi,sʊsu
sʊs.e,sʊs.o,sʊse,sʊso
sʊs.u,sʊs.i,sʊsu,sʊsi
sʊs.o,sʊs.e,sʊso,sʊse
sʊv.i,sʊv.u,sʊvi,sʊvu
sʊv.e,sʊv.o,sʊve,sʊvo
sʊv.u,sʊv.i,sʊvu,sʊvi
sʊv.o,sʊv.e,sʊvo,sʊve
sʊz.i,sʊz.u,sʊzi,sʊzu
sʊz.e,sʊz.o,sʊze,sʊzo
sʊz.u,sʊz.i,sʊzu,sʊzi
sʊz.o,sʊz.e,sʊzo,sʊze
sʊʃ.i,sʊʃ.u,sʊʃi,sʊʃu
sʊʃ.e,sʊʃ.o,sʊʃe,sʊʃo
sʊʃ.u,sʊʃ.i,sʊʃu,sʊʃi
sʊʃ.o,sʊʃ.e,sʊʃo,sʊʃe
sʊʒ.i,sʊʒ.u,sʊʒi,sʊʒu
sʊʒ.e,sʊʒ.o,sʊʒe,sʊʒo
sʊʒ.u,sʊʒ.i,sʊʒu,sʊʒi
sʊʒ.o,sʊʒ.e,sʊʒo,sʊʒe
sʊθ.i,sʊθ.u,sʊθi,sʊθu
sʊθ.e,sʊθ.o,sʊθe,sʊθo
sʊθ.u,sʊθ.i,sʊθu,sʊθi
sʊθ.o,sʊθ.e,sʊθo,sʊθe
sʊð.i,sʊð.u,sʊði,sʊðu
sʊð.e,sʊð.o,sʊðe,sʊðo
sʊð.u,sʊð.i,sʊðu,sʊði
sʊð.o,sʊð.e,sʊðo,sʊðe
vʊm.i,vʊm.u,vʊmi,vʊmu
vʊm.e,vʊm.o,vʊme,vʊmo
vʊm.u,vʊm.i,vʊmu,vʊmi
vʊm.o,vʊm.e,vʊmo,vʊme
vʊn.i,vʊn.u,vʊni,vʊnu
vʊn.e,vʊn.o,vʊne,vʊno
vʊn.u,vʊn.i,vʊnu,vʊni
vʊn.o,vʊn.e,vʊno,vʊne
vʊŋ.i,vʊŋ.u,vʊŋi,vʊŋu
vʊŋ.e,vʊŋ.o,vʊŋe,vʊŋo
vʊŋ.u,vʊŋ.i,vʊŋu,vʊŋi
vʊŋ.o,vʊŋ.e,vʊŋo,vʊŋe
vʊp.i,vʊp.u,vʊpi,vʊpu
vʊp.e,vʊp.o,vʊpe,vʊpo
vʊp.u,vʊp.i,vʊpu,vʊpi
vʊp.o,vʊp.e,vʊpo,vʊpe
vʊt.i,vʊt.u,vʊti,vʊtu
vʊt.e,vʊt.o,vʊte,vʊto
vʊt.u,vʊt.i,vʊtu,vʊti
vʊt.o,vʊt.e,vʊto,vʊte
vʊk.i,vʊk.u,vʊki,vʊku
vʊk.e,vʊk.o,vʊke,vʊko
vʊk.u,vʊk.i,vʊku,vʊki
vʊk.o,vʊk.e,vʊko,vʊke
vʊb.i,vʊb.u,vʊbi,vʊbu
vʊb.e,vʊb.o,vʊbe,vʊbo
vʊb.u,vʊb.i,vʊbu,vʊbi
vʊb.o,vʊb.e,vʊbo,vʊbe
vʊd.i,vʊd.u,vʊdi,vʊdu
vʊd.e,vʊd.o,vʊde,vʊdo
vʊd.u,vʊd.i,vʊdu,vʊdi
vʊd.o,vʊd.e,vʊdo,vʊde
vʊg.i,vʊg.u,vʊgi,vʊgu
vʊg.e,vʊg.o,vʊge,vʊgo
vʊg.u,vʊg.i,vʊgu,vʊgi
vʊg.o,vʊg.e,vʊgo,vʊge
vʊf.i,vʊf.u,vʊfi,vʊfu
vʊf.e,vʊf.o,vʊfe,vʊfo
vʊf.u,vʊf.i,vʊfu,vʊfi
vʊf.o,vʊf.e,vʊfo,vʊfe
vʊs.i,vʊs.u,vʊsi,vʊsu
vʊs.e,vʊs.o,vʊse,vʊso
vʊs.u,vʊs.i,vʊsu,vʊsi
vʊs.o,vʊs.e,vʊso,vʊse
vʊv.i,vʊv.u,vʊvi,vʊvu
vʊv.e,vʊv.o,vʊve,vʊvo
vʊv.u,vʊv.i,vʊvu,vʊvi
vʊv.o,vʊv.e,vʊvo,vʊve
vʊz.i,vʊz.u,vʊzi,vʊzu
vʊz.e,vʊz.o,vʊze,vʊzo
vʊz.u,vʊz.i,vʊzu,vʊzi
vʊz.o,vʊz.e,vʊzo,vʊze
vʊʃ.i,vʊʃ.u,vʊʃi,vʊʃu
vʊʃ.e,vʊʃ.o,vʊʃe,vʊʃo
vʊʃ.u,vʊʃ.i,vʊʃu,vʊʃi
vʊʃ.o,vʊʃ.e,vʊʃo,vʊʃe
vʊʒ.i,vʊʒ.u,vʊʒi,vʊʒu
vʊʒ.e,vʊʒ.o,vʊʒe,vʊʒo
vʊʒ.u,vʊʒ.i,vʊʒu,vʊʒi
vʊʒ.o,vʊʒ.e,vʊʒo,vʊʒe
vʊθ.i,vʊθ.u,vʊθi,vʊθu
vʊθ.e,vʊθ.o,vʊθe,vʊθo
vʊθ.u,vʊθ.i,vʊθu,vʊθi
vʊθ.o,vʊθ.e,vʊθo,vʊθe
vʊð.i,vʊð.u,vʊði,vʊðu
vʊð.e,vʊð.o,vʊðe,vʊðo
vʊð.u,vʊð.i,vʊðu,vʊði
vʊð.o,vʊð.e,vʊðo,vʊðe
zʊm.i,zʊm.u,zʊmi,zʊmu
zʊm.e,zʊm.o,zʊme,zʊmo
zʊm.u,zʊm.i,zʊmu,zʊmi
zʊm.o,zʊm.e,zʊmo,zʊme
zʊn.i,zʊn.u,zʊni,zʊnu
zʊn.e,zʊn.o,zʊne,zʊno
zʊn.u,zʊn.i,zʊnu,zʊni
zʊn.o,zʊn.e,zʊno,zʊne
zʊŋ.i,zʊŋ.u,zʊŋi,zʊŋu
zʊŋ.e,zʊŋ.o,zʊŋe,zʊŋo
zʊŋ.u,zʊŋ.i,zʊŋu,zʊŋi
zʊŋ.o,zʊŋ.e,zʊŋo,zʊŋe
zʊp.i,zʊp.u,zʊpi,zʊpu
zʊp.e,zʊp.o,zʊpe,zʊpo
zʊp.u,zʊp.i,zʊpu,zʊpi
zʊp.o,zʊp.e,zʊpo,zʊpe
zʊt.i,zʊt.u,zʊti,zʊtu
zʊt.e,zʊt.o,zʊte,zʊto
zʊt.u,zʊt.i,zʊtu,zʊti
zʊt.o,zʊt.e,zʊto,zʊte
zʊk.i,zʊk.u,zʊki,zʊku
zʊk.e,zʊk.o,zʊke,zʊko
zʊk.u,zʊk.i,zʊku,zʊki
zʊk.o,zʊk.e,zʊko,zʊke
zʊb.i,zʊb.u,zʊbi,zʊbu
zʊb.e,zʊb.o,zʊbe,zʊbo
zʊb.u,zʊb.i,zʊbu,zʊbi
zʊb.o,zʊb.e,zʊbo,zʊbe
zʊd.i,zʊd.u,zʊdi,zʊdu
zʊd.e,zʊd.o,zʊde,zʊdo
zʊd.u,zʊd.i,zʊdu,zʊdi
zʊd.o,zʊd.e,zʊdo,zʊde
zʊg.i,zʊg.u,zʊgi,zʊgu
zʊg.e,zʊg.o,zʊge,zʊgo
zʊg.u,zʊg.i,zʊgu,zʊgi
zʊg.o,zʊg.e,zʊgo,zʊge
zʊf.i,zʊf.u,zʊfi,zʊfu
zʊf.e,zʊf.o,zʊfe,zʊfo
zʊf.u,zʊf.i,zʊfu,zʊfi
zʊf.o,zʊf.e,zʊfo,zʊfe
zʊs.i,zʊs.u,zʊsi,zʊsu
zʊs.e,zʊs.o,zʊse,zʊso
zʊs.u,zʊs.i,zʊsu,zʊsi
zʊs.o,zʊs.e,zʊso,zʊse
zʊv.i,zʊv.u,zʊvi,zʊvu
zʊv.e,zʊv.o,zʊve,zʊvo
zʊv.u,zʊv.i,zʊvu,zʊvi
zʊv.o,zʊv.e,zʊvo,zʊve
zʊz.i,zʊz.u,zʊzi,zʊzu
zʊz.e,zʊz.o,zʊze,zʊzo
zʊz.u,zʊz.i,zʊzu,zʊzi
zʊz.o,zʊz.e,zʊzo,zʊze
zʊʃ.i,zʊʃ.u,zʊʃi,zʊʃu
zʊʃ.e,zʊʃ.o,zʊʃe,zʊʃo
zʊʃ.u,zʊʃ.i,zʊʃu,zʊʃi
zʊʃ.o,zʊʃ.e,zʊʃo,zʊʃe
zʊʒ.i,zʊʒ.u,zʊʒi,zʊʒu
zʊʒ.e,zʊʒ.o,zʊʒe,zʊʒo
zʊʒ.u,zʊʒ.i,zʊʒu,zʊʒi
zʊʒ.o,zʊʒ.e,zʊʒo,zʊʒe
zʊθ.i,zʊθ.u,zʊθi,zʊθu
zʊθ.e,zʊθ.o,zʊθe,zʊθo
zʊθ.u,zʊθ.i,zʊθu,zʊθi
zʊθ.o,zʊθ.e,zʊθo,zʊθe
zʊð.i,zʊð.u,zʊði,zʊðu
zʊð.e,zʊð.o,zʊðe,zʊðo
zʊð.u,zʊð.i,zʊðu,zʊði
zʊð.o,zʊð.e,zʊðo,zʊðe
ʃʊm.i,ʃʊm.u,ʃʊmi,ʃʊmu
ʃʊm.e,ʃʊm.o,ʃʊme,ʃʊmo
ʃʊm.u,ʃʊm.i,ʃʊmu,ʃʊmi
ʃʊm.o,ʃʊm.e,ʃʊmo,ʃʊme
ʃʊn.i,ʃʊn.u,ʃʊni,ʃʊnu
ʃʊn.e,ʃʊn.o,ʃʊne,ʃʊno
ʃʊn.u,ʃʊn.i,ʃʊnu,ʃʊni
ʃʊn.o,ʃʊn.e,ʃʊno,ʃʊne
ʃʊŋ.i,ʃʊŋ.u,ʃʊŋi,ʃʊŋu
ʃʊŋ.e,ʃʊŋ.o,ʃʊŋe,ʃʊŋo
ʃʊŋ.u,ʃʊŋ.i,ʃʊŋu,ʃʊŋi
ʃʊŋ.o,ʃʊŋ.e,ʃʊŋo,ʃʊŋe
ʃʊp.i,ʃʊp.u,ʃʊpi,ʃʊpu
ʃʊp.e,ʃʊp.o,ʃʊpe,ʃʊpo
ʃʊp.u,ʃʊp.i,ʃʊpu,ʃʊpi
ʃʊp.o,ʃʊp.e,ʃʊpo,ʃʊpe
ʃʊt.i,ʃʊt.u,ʃʊti,ʃʊtu
ʃʊt.e,ʃʊt.o,ʃʊte,ʃʊto
ʃʊt.u,ʃʊt.i,ʃʊtu,ʃʊti
ʃʊt.o,ʃʊt.e,ʃʊto,ʃʊte
ʃʊk.i,ʃʊk.u,ʃʊki,ʃʊku
ʃʊk.e,ʃʊk.o,ʃʊke,ʃʊko
ʃʊk.u,ʃʊk.i,ʃʊku,ʃʊki
ʃʊk.o,ʃʊk.e,ʃʊko,ʃʊke
ʃʊb.i,ʃʊb.u,ʃʊbi,ʃʊbu
ʃʊb.e,ʃʊb.o,ʃʊbe,ʃʊbo
ʃʊb.u,ʃʊb.i,ʃʊbu,ʃʊbi
ʃʊb.o,ʃʊb.e,ʃʊbo,ʃʊbe
ʃʊd.i,ʃʊd.u,ʃʊdi,ʃʊdu
ʃʊd.e,ʃʊd.o,ʃʊde,ʃʊdo
ʃʊd.u,ʃʊd.i,ʃʊdu,ʃʊdi
ʃʊd.o,ʃʊd.e,ʃʊdo,ʃʊde
ʃʊg.i,ʃʊg.u,ʃʊgi,ʃʊgu
ʃʊg.e,ʃʊg.o,ʃʊge,ʃʊgo
ʃʊg.u,ʃʊg.i,ʃʊgu,ʃʊgi
ʃʊg.o,ʃʊg.e,ʃʊgo,ʃʊge
ʃʊf.i,ʃʊf.u,ʃʊfi,ʃʊfu
ʃʊf.e,ʃʊf.o,ʃʊfe,ʃʊfo
ʃʊf.u,ʃʊf.i,ʃʊfu,ʃʊfi
ʃʊf.o,ʃʊf.e,ʃʊfo,ʃʊfe
ʃʊs.i,ʃʊs.u,ʃʊsi,ʃʊsu
ʃʊs.e,ʃʊs.o,ʃʊse,ʃʊso
ʃʊs.u,ʃʊs.i,ʃʊsu,ʃʊsi
ʃʊs.o,ʃʊs.e,ʃʊso,ʃʊse
ʃʊv.i,ʃʊv.u,ʃʊvi,ʃʊvu
ʃʊv.e,ʃʊv.o,ʃʊve,ʃʊvo
ʃʊv.u,ʃʊv.i,ʃʊvu,ʃʊvi
ʃʊv.o,ʃʊv.e,ʃʊvo,ʃʊve
ʃʊz.i,ʃʊz.u,ʃʊzi,ʃʊzu
ʃʊz.e,ʃʊz.o,ʃʊze,ʃʊzo
ʃʊz.u,ʃʊz.i,ʃʊzu,ʃʊzi
ʃʊz.o,ʃʊz.e,ʃʊzo,ʃʊze
ʃʊʃ.i,ʃʊʃ.u,ʃʊʃi,ʃʊʃu
ʃʊʃ.e,ʃʊʃ.o,ʃʊʃe,ʃʊʃo
ʃʊʃ.u,ʃʊʃ.i,ʃʊʃu,ʃʊʃi
ʃʊʃ.o,ʃʊʃ.e,ʃʊʃo,ʃʊʃe
ʃʊʒ.i,ʃʊʒ.u,ʃʊʒi,ʃʊʒu
ʃʊʒ.e,ʃʊʒ.o,ʃʊʒe,ʃʊʒo
ʃʊʒ.u,ʃʊʒ.i,ʃʊʒu,ʃʊʒi
ʃʊʒ.o,ʃʊʒ.e,ʃʊʒo,ʃʊʒe
ʃʊθ.i,ʃʊθ.u,ʃʊθi,ʃʊθu
ʃʊθ.e,ʃʊθ.o,ʃʊθe,ʃʊθo
ʃʊθ.u,ʃʊθ.i,ʃʊθu,ʃʊθi
ʃʊθ.o,ʃʊθ.e,ʃʊθo,ʃʊθe
ʃʊð.i,ʃʊð.u,ʃʊði,ʃʊðu
ʃʊð.e,ʃʊð.o,ʃʊðe,ʃʊðo
ʃʊð.u,ʃʊð.i,ʃʊðu,ʃʊði
ʃʊð.o,ʃʊð.e,ʃʊðo,ʃʊðe
ʒʊm.i,ʒʊm.u,ʒʊmi,ʒʊmu
ʒʊm.e,ʒʊm.o,ʒʊme,ʒʊmo
ʒʊm.u,ʒʊm.i,ʒʊmu,ʒʊmi
ʒʊm.o,ʒʊm.e,ʒʊmo,ʒʊme
ʒʊn.i,ʒʊn.u,ʒʊni,ʒʊnu
ʒʊn.e,ʒʊn.o,ʒʊne,ʒʊno
ʒʊn.u,ʒʊn.i,ʒʊnu,ʒʊni
ʒʊn.o,ʒʊn.e,ʒʊno,ʒʊne
ʒʊŋ.i,ʒʊŋ.u,ʒʊŋi,ʒʊŋu
ʒʊŋ.e,ʒʊŋ.o,ʒʊŋe,ʒʊŋo
ʒʊŋ.u,ʒʊŋ.i,ʒʊŋu,ʒʊŋi
ʒʊŋ.o,ʒʊŋ.e,ʒʊŋo,ʒʊŋe
ʒʊp.i,ʒʊp.u,ʒʊpi,ʒʊpu
ʒʊp.e,ʒʊp.o,ʒʊpe,ʒʊpo
ʒʊp.u,ʒʊp.i,ʒʊpu,ʒʊpi
ʒʊp.o,ʒʊp.e,ʒʊpo,ʒʊpe
ʒʊt.i,ʒʊt.u,ʒʊti,ʒʊtu
ʒʊt.e,ʒʊt.o,ʒʊte,ʒʊto
ʒʊt.u,ʒʊt.i,ʒʊtu,ʒʊti
ʒʊt.o,ʒʊt.e,ʒʊto,ʒʊte
ʒʊk.i,ʒʊk.u,ʒʊki,ʒʊku
ʒʊk.e,ʒʊk.o,ʒʊke,ʒʊko
ʒʊk.u,ʒʊk.i,ʒʊku,ʒʊki
ʒʊk.o,ʒʊk.e,ʒʊko,ʒʊke
ʒʊb.i,ʒʊb.u,ʒʊbi,ʒʊbu
ʒʊb.e,ʒʊb.o,ʒʊbe,ʒʊbo
ʒʊb.u,ʒʊb.i,ʒʊbu,ʒʊbi
ʒʊb.o,ʒʊb.e,ʒʊbo,ʒʊbe
ʒʊd.i,ʒʊd.u,ʒʊdi,ʒʊdu
ʒʊd.e,ʒʊd.o,ʒʊde,ʒʊdo
ʒʊd.u,ʒʊd.i,ʒʊdu,ʒʊdi
ʒʊd.o,ʒʊd.e,ʒʊdo,ʒʊde
ʒʊg.i,ʒʊg.u,ʒʊgi,ʒʊgu
ʒʊg.e,ʒʊg.o,ʒʊge,ʒʊgo
ʒʊg.u,ʒʊg.i,ʒʊgu,ʒʊgi
ʒʊg.o,ʒʊg.e,ʒʊgo,ʒʊge
ʒʊf.i,ʒʊf.u,ʒʊfi,ʒʊfu
ʒʊf.e,ʒʊf.o,ʒʊfe,ʒʊfo
ʒʊf.u,ʒʊf.i,ʒʊfu,ʒʊfi
ʒʊf.o,ʒʊf.e,ʒʊfo,ʒʊfe
ʒʊs.i,ʒʊs.u,ʒʊsi,ʒʊsu
ʒʊs.e,ʒʊs.o,ʒʊse,ʒʊso
ʒʊs.u,ʒʊs.i,ʒʊsu,ʒʊsi
ʒʊs.o,ʒʊs.e,ʒʊso,ʒʊse
ʒʊv.i,ʒʊv.u,ʒʊvi,ʒʊvu
ʒʊv.e,ʒʊv.o,ʒʊve,ʒʊvo
ʒʊv.u,ʒʊv.i,ʒʊvu,ʒʊvi
ʒʊv.o,ʒʊv.e,ʒʊvo,ʒʊve
ʒʊz.i,ʒʊz.u,ʒʊzi,ʒʊzu
ʒʊz.e,ʒʊz.o,ʒʊze,ʒʊzo
ʒʊz.u,ʒʊz.i,ʒʊzu,ʒʊzi
ʒʊz.o,ʒʊz.e,ʒʊzo,ʒʊze
ʒʊʃ.i,ʒʊʃ.u,ʒʊʃi,ʒʊʃu
ʒʊʃ.e,ʒʊʃ.o,ʒʊʃe,ʒʊʃo
ʒʊʃ.u,ʒʊʃ.i,ʒʊʃu,ʒʊʃi
ʒʊʃ.o,ʒʊʃ.e,ʒʊʃo,ʒʊʃe
ʒʊʒ.i,ʒʊʒ.u,ʒʊʒi,ʒʊʒu
ʒʊʒ.e,ʒʊʒ.o,ʒʊʒe,ʒʊʒo
ʒʊʒ.u,ʒʊʒ.i,ʒʊʒu,ʒʊʒi
ʒʊʒ.o,ʒʊʒ.e,ʒʊʒo,ʒʊʒe
ʒʊθ.i,ʒʊθ.u,ʒʊθi,ʒʊθu
ʒʊθ.e,ʒʊθ.o,ʒʊθe,ʒʊθo
ʒʊθ.u,ʒʊθ.i,ʒʊθu,ʒʊθi
ʒʊθ.o,ʒʊθ.e,ʒʊθo,ʒʊθe
ʒʊð.i,ʒʊð.u,ʒʊði,ʒʊðu
ʒʊð.e,ʒʊð.o,ʒʊðe,ʒʊðo
ʒʊð.u,ʒʊð.i,ʒʊðu,ʒʊði
ʒʊð.o,ʒʊð.e,ʒʊðo,ʒʊðe
θʊm.i,θʊm.u,θʊmi,θʊmu
θʊm.e,θʊm.o,θʊme,θʊmo
θʊm.u,θʊm.i,θʊmu,θʊmi
θʊm.o,θʊm.e,θʊmo,θʊme
θʊn.i,θʊn.u,θʊni,θʊnu
θʊn.e,θʊn.o,θʊne,θʊno
θʊn.u,θʊn.i,θʊnu,θʊni
θʊn.o,θʊn.e,θʊno,θʊne
θʊŋ.i,θʊŋ.u,θʊŋi,θʊŋu
θʊŋ.e,θʊŋ.o,θʊŋe,θʊŋo
θʊŋ.u,θʊŋ.i,θʊŋu,θʊŋi
θʊŋ.o,θʊŋ.e,θʊŋo,θʊŋe
θʊp.i,θʊp.u,θʊpi,θʊpu
θʊp.e,θʊp.o,θʊpe,θʊpo
θʊp.u,θʊp.i,θʊpu,θʊpi
θʊp.o,θʊp.e,θʊpo,θʊpe
θʊt.i,θʊt.u,θʊti,θʊtu
θʊt.e,θʊt.o,θʊte,θʊto
θʊt.u,θʊt.i,θʊtu,θʊti
θʊt.o,θʊt.e,θʊto,θʊte
θʊk.i,θʊk.u,θʊki,θʊku
θʊk.e,θʊk.o,θʊke,θʊko
θʊk.u,θʊk.i,θʊku,θʊki
θʊk.o,θʊk.e,θʊko,θʊke
θʊb.i,θʊb.u,θʊbi,θʊbu
θʊb.e,θʊb.o,θʊbe,θʊbo
θʊb.u,θʊb.i,θʊbu,θʊbi
θʊb.o,θʊb.e,θʊbo,θʊbe
θʊd.i,θʊd.u,θʊdi,θʊdu
θʊd.e,θʊd.o,θʊde,θʊdo
θʊd.u,θʊd.i,θʊdu,θʊdi
θʊd.o,θʊd.e,θʊdo,θʊde
θʊg.i,θʊg.u,θʊgi,θʊgu
θʊg.e,θʊg.o,θʊge,θʊgo
θʊg.u,θʊg.i,θʊgu,θʊgi
θʊg.o,θʊg.e,θʊgo,θʊge
θʊf.i,θʊf.u,θʊfi,θʊfu
θʊf.e,θʊf.o,θʊfe,θʊfo
θʊf.u,θʊf.i,θʊfu,θʊfi
θʊf.o,θʊf.e,θʊfo,θʊfe
θʊs.i,θʊs.u,θʊsi,θʊsu
θʊs.e,θʊs.o,θʊse,θʊso
θʊs.u,θʊs.i,θʊsu,θʊsi
θʊs.o,θʊs.e,θʊso,θʊse
θʊv.i,θʊv.u,θʊvi,θʊvu
θʊv.e,θʊv.o,θʊve,θʊvo
θʊv.u,θʊv.i,θʊvu,θʊvi
θʊv.o,θʊv.e,θʊvo,θʊve
θʊz.i,θʊz.u,θʊzi,θʊzu
θʊz.e,θʊz.o,θʊze,θʊzo
θʊz.u,θʊz.i,θʊzu,θʊzi
θʊz.o,θʊz.e,θʊzo,θʊze
θʊʃ.i,θʊʃ.u,θʊʃi,θʊʃu
θʊʃ.e,θʊʃ.o,θʊʃe,θʊʃo
θʊʃ.u,θʊʃ.i,θʊʃu,θʊʃi
θʊʃ.o,θʊʃ.e,θʊʃo,θʊʃe
θʊʒ.i,θʊʒ.u,θʊʒi,θʊʒu
θʊʒ.e,θʊʒ.o,θʊʒe,θʊʒo
θʊʒ.u,θʊʒ.i,θʊʒu,θʊʒi
θʊʒ.o,θʊʒ.e,θʊʒo,θʊʒe
θʊθ.i,θʊθ.u,θʊθi,θʊθu
θʊθ.e,θʊθ.o,θʊθe,θʊθo
θʊθ.u,θʊθ.i,θʊθu,θʊθi
θʊθ.o,θʊθ.e,θʊθo,θʊθe
θʊð.i,θʊð.u,θʊði,θʊðu
θʊð.e,θʊð.o,θʊðe,θʊðo
θʊð.u,θʊð.i,θʊðu,θʊði
θʊð.o,θʊð.e,θʊðo,θʊðe
ðʊm.i,ðʊm.u,ðʊmi,ðʊmu
ðʊm.e,ðʊm.o,ðʊme,ðʊmo
ðʊm.u,ðʊm.i,ðʊmu,ðʊmi
ðʊm.o,ðʊm.e,ðʊmo,ðʊme
ðʊn.i,ðʊn.u,ðʊni,ðʊnu
ðʊn.e,ðʊn.o,ðʊne,ðʊno
ðʊn.u,ðʊn.i,ðʊnu,ðʊni
ðʊn.o,ðʊn.e,ðʊno,ðʊne
ðʊŋ.i,ðʊŋ.u,ðʊŋi,ðʊŋu
ðʊŋ.e,ðʊŋ.o,ðʊŋe,ðʊŋo
ðʊŋ.u,ðʊŋ.i,ðʊŋu,ðʊŋi
ðʊŋ.o,ðʊŋ.e,ðʊŋo,ðʊŋe
ðʊp.i,ðʊp.u,ðʊpi,ðʊpu
ðʊp.e,ðʊp.o,ðʊpe,ðʊpo
ðʊp.u,ðʊp.i,ðʊpu,ðʊpi
ðʊp.o,ðʊp.e,ðʊpo,ðʊpe
ðʊt.i,ðʊt.u,ðʊti,ðʊtu
ðʊt.e,ðʊt.o,ðʊte,ðʊto
ðʊt.u,ðʊt.i,ðʊtu,ðʊti
ðʊt.o,ðʊt.e,ðʊto,ðʊte
ðʊk.i,ðʊk.u,ðʊki,ðʊku
ðʊk.e,ðʊk.o,ðʊke,ðʊko
ðʊk.u,ðʊk.i,ðʊku,ðʊki
ðʊk.o,ðʊk.e,ðʊko,ðʊke
ðʊb.i,ðʊb.u,ðʊbi,ðʊbu
ðʊb.e,ðʊb.o,ðʊbe,ðʊbo
ðʊb.u,ðʊb.i,ðʊbu,ðʊbi
ðʊb.o,ðʊb.e,ðʊbo,ðʊbe
ðʊd.i,ðʊd.u,ðʊdi,ðʊdu
ðʊd.e,ðʊd.o,ðʊde,ðʊdo
ðʊd.u,ðʊd.i,ðʊdu,ðʊdi
ðʊd.o,ðʊd.e,ðʊdo,ðʊde
ðʊg.i,ðʊg.u,ðʊgi,ðʊgu
ðʊg.e,ðʊg.o,ðʊge,ðʊgo
ðʊg.u,ðʊg.i,ðʊgu,ðʊgi
ðʊg.o,ðʊg.e,ðʊgo,ðʊge
ðʊf.i,ðʊf.u,ðʊfi,ðʊfu
ðʊf.e,ðʊf.o,ðʊfe,ðʊfo
ðʊf.u,ðʊf.i,ðʊfu,ðʊfi
ðʊf.o,ðʊf.e,ðʊfo,ðʊfe
ðʊs.i,ðʊs.u,ðʊsi,ðʊsu
ðʊs.e,ðʊs.o,ðʊse,ðʊso
ðʊs.u,ðʊs.i,ðʊsu,ðʊsi
ðʊs.o,ðʊs.e,ðʊso,ðʊse
ðʊv.i,ðʊv.u,ðʊvi,ðʊvu
ðʊv.e,ðʊv.o,ðʊve,ðʊvo
ðʊv.u,ðʊv.i,ðʊvu,ðʊvi
ðʊv.o,ðʊv.e,ðʊvo,ðʊve
ðʊz.i,ðʊz.u,ðʊzi,ðʊzu
ðʊz.e,ðʊz.o,ðʊze,ðʊzo
ðʊz.u,ðʊz.i,ðʊzu,ðʊzi
ðʊz.o,ðʊz.e,ðʊzo,ðʊze
ðʊʃ.i,ðʊʃ.u,ðʊʃi,ðʊʃu
ðʊʃ.e,ðʊʃ.o,ðʊʃe,ðʊʃo
ðʊʃ.u,ðʊʃ.i,ðʊʃu,ðʊʃi
ðʊʃ.o,ðʊʃ.e,ðʊʃo,ðʊʃe
ðʊʒ.i,ðʊʒ.u,ðʊʒi,ðʊʒu
ðʊʒ.e,ðʊʒ.o,ðʊʒe,ðʊʒo
ðʊʒ.u,ðʊʒ.i,ðʊʒu,ðʊʒi
ðʊʒ.o,ðʊʒ.e,ðʊʒo,ðʊʒe
ðʊθ.i,ðʊθ.u,ðʊθi,ðʊθu
ðʊθ.e,ðʊθ.o,ðʊθe,ðʊθo
ðʊθ.u,ðʊθ.i,ðʊθu,ðʊθi
ðʊθ.o,ðʊθ.e,ðʊθo,ðʊθe
ðʊð.i,ðʊð.u,ðʊði,ðʊðu
ðʊð.e,ðʊð.o,ðʊðe,ðʊðo
ðʊð.u,ðʊð.i,ðʊðu,ðʊði
ðʊð.o,ðʊð.e,ðʊðo,ðʊðe
hʊm.i,hʊm.u,hʊmi,hʊmu
hʊm.e,hʊm.o,hʊme,hʊmo
hʊm.u,hʊm.i,hʊmu,hʊmi
hʊm.o,hʊm.e,hʊmo,hʊme
hʊn.i,hʊn.u,hʊni,hʊnu
hʊn.e,hʊn.o,hʊne,hʊno
hʊn.u,hʊn.i,hʊnu,hʊni
hʊn.o,hʊn.e,hʊno,hʊne
hʊŋ.i,hʊŋ.u,hʊŋi,hʊŋu
hʊŋ.e,hʊŋ.o,hʊŋe,hʊŋo
hʊŋ.u,hʊŋ.i,hʊŋu,hʊŋi
hʊŋ.o,hʊŋ.e,hʊŋo,hʊŋe
hʊp.i,hʊp.u,hʊpi,hʊpu
hʊp.e,hʊp.o,hʊpe,hʊpo
hʊp.u,hʊp.i,hʊpu,hʊpi
hʊp.o,hʊp.e,hʊpo,hʊpe
hʊt.i,hʊt.u,hʊti,hʊtu
hʊt.e,hʊt.o,hʊte,hʊto
hʊt.u,hʊt.i,hʊtu,hʊti
hʊt.o,hʊt.e,hʊto,hʊte
hʊk.i,hʊk.u,hʊki,hʊku
hʊk.e,hʊk.o,hʊke,hʊko
hʊk.u,hʊk.i,hʊku,hʊki
hʊk.o,hʊk.e,hʊko,hʊke
hʊb.i,hʊb.u,hʊbi,hʊbu
hʊb.e,hʊb.o,hʊbe,hʊbo
hʊb.u,hʊb.i,hʊbu,hʊbi
hʊb.o,hʊb.e,hʊbo,hʊbe
hʊd.i,hʊd.u,hʊdi,hʊdu
hʊd.e,hʊd.o,hʊde,hʊdo
hʊd.u,hʊd.i,hʊdu,hʊdi
hʊd.o,hʊd.e,hʊdo,hʊde
hʊg.i,hʊg.u,hʊgi,hʊgu
hʊg.e,hʊg.o,hʊge,hʊgo
hʊg.u,hʊg.i,hʊgu,hʊgi
hʊg.o,hʊg.e,hʊgo,hʊge
hʊf.i,hʊf.u,hʊfi,hʊfu
hʊf.e,hʊf.o,hʊfe,hʊfo
hʊf.u,hʊf.i,hʊfu,hʊfi
hʊf.o,hʊf.e,hʊfo,hʊfe
hʊs.i,hʊs.u,hʊsi,hʊsu
hʊs.e,hʊs.o,hʊse,hʊso
hʊs.u,hʊs.i,hʊsu,hʊsi
hʊs.o,hʊs.e,hʊso,hʊse
hʊv.i,hʊv.u,hʊvi,hʊvu
hʊv.e,hʊv.o,hʊve,hʊvo
hʊv.u,hʊv.i,hʊvu,hʊvi
hʊv.o,hʊv.e,hʊvo,hʊve
hʊz.i,hʊz.u,hʊzi,hʊzu
hʊz.e,hʊz.o,hʊze,hʊzo
hʊz.u,hʊz.i,hʊzu,hʊzi
hʊz.o,hʊz.e,hʊzo,hʊze
hʊʃ.i,hʊʃ.u,hʊʃi,hʊʃu
hʊʃ.e,hʊʃ.o,hʊʃe,hʊʃo
hʊʃ.u,hʊʃ.i,hʊʃu,hʊʃi
hʊʃ.o,hʊʃ.e,hʊʃo,hʊʃe
hʊʒ.i,hʊʒ.u,hʊʒi,hʊʒu
hʊʒ.e,hʊʒ.o,hʊʒe,hʊʒo
hʊʒ.u,hʊʒ.i,hʊʒu,hʊʒi
hʊʒ.o,hʊʒ.e,hʊʒo,hʊʒe
hʊθ.i,hʊθ.u,hʊθi,hʊθu
hʊθ.e,hʊθ.o,hʊθe,hʊθo
hʊθ.u,hʊθ.i,hʊθu,hʊθi
hʊθ.o,hʊθ.e,hʊθo,hʊθe
hʊð.i,hʊð.u,hʊði,hʊðu
hʊð.e,hʊð.o,hʊðe,hʊðo
hʊð.u,hʊð.i,hʊðu,hʊði
hʊð.o,hʊð.e,hʊðo,hʊðe
mɔm.i,mɔm.u,mɔmi,mɔmu
mɔm.e,mɔm.o,mɔme,mɔmo
mɔm.u,mɔm.i,mɔmu,mɔmi
mɔm.o,mɔm.e,mɔmo,mɔme
mɔn.i,mɔn.u,mɔni,mɔnu
mɔn.e,mɔn.o,mɔne,mɔno
mɔn.u,mɔn.i,mɔnu,mɔni
mɔn.o,mɔn.e,mɔno,mɔne
mɔŋ.i,mɔŋ.u,mɔŋi,mɔŋu
mɔŋ.e,mɔŋ.o,mɔŋe,mɔŋo
mɔŋ.u,mɔŋ.i,mɔŋu,mɔŋi
mɔŋ.o,mɔŋ.e,mɔŋo,mɔŋe
mɔp.i,mɔp.u,mɔpi,mɔpu
mɔp.e,mɔp.o,mɔpe,mɔpo
mɔp.u,mɔp.i,mɔpu,mɔpi
mɔp.o,mɔp.e,mɔpo,mɔpe
mɔt.i,mɔt.u,mɔti,mɔtu
mɔt.e,mɔt.o,mɔte,mɔto
mɔt.u,mɔt.i,mɔtu,mɔti
mɔt.o,mɔt.e,mɔto,mɔte
mɔk.i,mɔk.u,mɔki,mɔku
mɔk.e,mɔk.o,mɔke,mɔko
mɔk.u,mɔk.i,mɔku,mɔki
mɔk.o,mɔk.e,mɔko,mɔke
mɔb.i,mɔb.u,mɔbi,mɔbu
mɔb.e,mɔb.o,mɔbe,mɔbo
mɔb.u,mɔb.i,mɔbu,mɔbi
mɔb.o,mɔb.e,mɔbo,mɔbe
mɔd.i,mɔd.u,mɔdi,mɔdu
mɔd.e,mɔd.o,mɔde,mɔdo
mɔd.u,mɔd.i,mɔdu,mɔdi
mɔd.o,mɔd.e,mɔdo,mɔde
mɔg.i,mɔg.u,mɔgi,mɔgu
mɔg.e,mɔg.o,mɔge,mɔgo
mɔg.u,mɔg.i,mɔgu,mɔgi
mɔg.o,mɔg.e,mɔgo,mɔge
mɔf.i,mɔf.u,mɔfi,mɔfu
mɔf.e,mɔf.o,mɔfe,mɔfo
mɔf.u,mɔf.i,mɔfu,mɔfi
mɔf.o,mɔf.e,mɔfo,mɔfe
mɔs.i,mɔs.u,mɔsi,mɔsu
mɔs.e,mɔs.o,mɔse,mɔso
mɔs.u,mɔs.i,mɔsu,mɔsi
mɔs.o,mɔs.e,mɔso,mɔse
mɔv.i,mɔv.u,mɔvi,mɔvu
mɔv.e,mɔv.o,mɔve,mɔvo
mɔv.u,mɔv.i,mɔvu,mɔvi
mɔv.o,mɔv.e,mɔvo,mɔve
mɔz.i,mɔz.u,mɔzi,mɔzu
mɔz.e,mɔz.o,mɔze,mɔzo
mɔz.u,mɔz.i,mɔzu,mɔzi
mɔz.o,mɔz.e,mɔzo,mɔze
mɔʃ.i,mɔʃ.u,mɔʃi,mɔʃu
mɔʃ.e,mɔʃ.o,mɔʃe,mɔʃo
mɔʃ.u,mɔʃ.i,mɔʃu,mɔʃi
mɔʃ.o,mɔʃ.e,mɔʃo,mɔʃe
mɔʒ.i,mɔʒ.u,mɔʒi,mɔʒu
mɔʒ.e,mɔʒ.o,mɔʒe,mɔʒo
mɔʒ.u,mɔʒ.i,mɔʒu,mɔʒi
mɔʒ.o,mɔʒ.e,mɔʒo,mɔʒe
mɔθ.i,mɔθ.u,mɔθi,mɔθu
mɔθ.e,mɔθ.o,mɔθe,mɔθo
mɔθ.u,mɔθ.i,mɔθu,mɔθi
mɔθ.o,mɔθ.e,mɔθo,mɔθe
mɔð.i,mɔð.u,mɔði,mɔðu
mɔð.e,mɔð.o,mɔðe,mɔðo
mɔð.u,mɔð.i,mɔðu,mɔði
mɔð.o,mɔð.e,mɔðo,mɔðe
nɔm.i,nɔm.u,nɔmi,nɔmu
nɔm.e,nɔm.o,nɔme,nɔmo
nɔm.u,nɔm.i,nɔmu,nɔmi
nɔm.o,nɔm.e,nɔmo,nɔme
nɔn.i,nɔn.u,nɔni,nɔnu
nɔn.e,nɔn.o,nɔne,nɔno
nɔn.u,nɔn.i,nɔnu,nɔni
nɔn.o,nɔn.e,nɔno,nɔne
nɔŋ.i,nɔŋ.u,nɔŋi,nɔŋu
nɔŋ.e,nɔŋ.o,nɔŋe,nɔŋo
nɔŋ.u,nɔŋ.i,nɔŋu,nɔŋi
nɔŋ.o,nɔŋ.e,nɔŋo,nɔŋe
nɔp.i,nɔp.u,nɔpi,nɔpu
nɔp.e,nɔp.o,nɔpe,nɔpo
nɔp.u,nɔp.i,nɔpu,nɔpi
nɔp.o,nɔp.e,nɔpo,nɔpe
nɔt.i,nɔt.u,nɔti,nɔtu
nɔt.e,nɔt.o,nɔte,nɔto
nɔt.u,nɔt.i,nɔtu,nɔti
nɔt.o,nɔt.e,nɔto,nɔte
nɔk.i,nɔk.u,nɔki,nɔku
nɔk.e,nɔk.o,nɔke,nɔko
nɔk.u,nɔk.i,nɔku,nɔki
nɔk.o,nɔk.e,nɔko,nɔke
nɔb.i,nɔb.u,nɔbi,nɔbu
nɔb.e,nɔb.o,nɔbe,nɔbo
nɔb.u,nɔb.i,nɔbu,nɔbi
nɔb.o,nɔb.e,nɔbo,nɔbe
nɔd.i,nɔd.u,nɔdi,nɔdu
nɔd.e,nɔd.o,nɔde,nɔdo
nɔd.u,nɔd.i,nɔdu,nɔdi
nɔd.o,nɔd.e,nɔdo,nɔde
nɔg.i,nɔg.u,nɔgi,nɔgu
nɔg.e,nɔg.o,nɔge,nɔgo
nɔg.u,nɔg.i,nɔgu,nɔgi
nɔg.o,nɔg.e,nɔgo,nɔge
nɔf.i,nɔf.u,nɔfi,nɔfu
nɔf.e,nɔf.o,nɔfe,nɔfo
nɔf.u,nɔf.i,nɔfu,nɔfi
nɔf.o,nɔf.e,nɔfo,nɔfe
nɔs.i,nɔs.u,nɔsi,nɔsu
nɔs.e,nɔs.o,nɔse,nɔso
nɔs.u,nɔs.i,nɔsu,nɔsi
nɔs.o,nɔs.e,nɔso,nɔse
nɔv.i,nɔv.u,nɔvi,nɔvu
nɔv.e,nɔv.o,nɔve,nɔvo
nɔv.u,nɔv.i,nɔvu,nɔvi
nɔv.o,nɔv.e,nɔvo,nɔve
nɔz.i,nɔz.u,nɔzi,nɔzu
nɔz.e,nɔz.o,nɔze,nɔzo
nɔz.u,nɔz.i,nɔzu,nɔzi
nɔz.o,nɔz.e,nɔzo,nɔze
nɔʃ.i,nɔʃ.u,nɔʃi,nɔʃu
nɔʃ.e,nɔʃ.o,nɔʃe,nɔʃo
nɔʃ.u,nɔʃ.i,nɔʃu,nɔʃi
nɔʃ.o,nɔʃ.e,nɔʃo,nɔʃe
nɔʒ.i,nɔʒ.u,nɔʒi,nɔʒu
nɔʒ.e,nɔʒ.o,nɔʒe,nɔʒo
nɔʒ.u,nɔʒ.i,nɔʒu,nɔʒi
nɔʒ.o,nɔʒ.e,nɔʒo,nɔʒe
nɔθ.i,nɔθ.u,nɔθi,nɔθu
nɔθ.e,nɔθ.o,nɔθe,nɔθo
nɔθ.u,nɔθ.i,nɔθu,nɔθi
nɔθ.o,nɔθ.e,nɔθo,nɔθe
nɔð.i,nɔð.u,nɔði,nɔðu
nɔð.e,nɔð.o,nɔðe,nɔðo
nɔð.u,nɔð.i,nɔðu,nɔði
nɔð.o,nɔð.e,nɔðo,nɔðe
pɔm.i,pɔm.u,pɔmi,pɔmu
pɔm.e,pɔm.o,pɔme,pɔmo
pɔm.u,pɔm.i,pɔmu,pɔmi
pɔm.o,pɔm.e,pɔmo,pɔme
pɔn.i,pɔn.u,pɔni,pɔnu
pɔn.e,pɔn.o,pɔne,pɔno
pɔn.u,pɔn.i,pɔnu,pɔni
pɔn.o,pɔn.e,pɔno,pɔne
pɔŋ.i,pɔŋ.u,pɔŋi,pɔŋu
pɔŋ.e,pɔŋ.o,pɔŋe,pɔŋo
pɔŋ.u,pɔŋ.i,pɔŋu,pɔŋi
pɔŋ.o,pɔŋ.e,pɔŋo,pɔŋe
pɔp.i,pɔp.u,pɔpi,pɔpu
pɔp.e,pɔp.o,pɔpe,pɔpo
pɔp.u,pɔp.i,pɔpu,pɔpi
pɔp.o,pɔp.e,pɔpo,pɔpe
pɔt.i,pɔt.u,pɔti,pɔtu
pɔt.e,pɔt.o,pɔte,pɔto
pɔt.u,pɔt.i,pɔtu,pɔti
pɔt.o,pɔt.e,pɔto,pɔte
pɔk.i,pɔk.u,pɔki,pɔku
pɔk.e,pɔk.o,pɔke,pɔko
pɔk.u,pɔk.i,pɔku,pɔki
pɔk.o,pɔk.e,pɔko,pɔke
pɔb.i,pɔb.u,pɔbi,pɔbu
pɔb.e,pɔb.o,pɔbe,pɔbo
pɔb.u,pɔb.i,pɔbu,pɔbi
pɔb.o,pɔb.e,pɔbo,pɔbe
pɔd.i,pɔd.u,pɔdi,pɔdu
pɔd.e,pɔd.o,pɔde,pɔdo
pɔd.u,pɔd.i,pɔdu,pɔdi
pɔd.o,pɔd.e,pɔdo,pɔde
pɔg.i,pɔg.u,pɔgi,pɔgu
pɔg.e,pɔg.o,pɔge,pɔgo
pɔg.u,pɔg.i,pɔgu,pɔgi
pɔg.o,pɔg.e,pɔgo,pɔge
pɔf.i,pɔf.u,pɔfi,pɔfu
pɔf.e,pɔf.o,pɔfe,pɔfo
pɔf.u,pɔf.i,pɔfu,pɔfi
pɔf.o,pɔf.e,pɔfo,pɔfe
pɔs.i,pɔs.u,pɔsi,pɔsu
pɔs.e,pɔs.o,pɔse,pɔso
pɔs.u,pɔs.i,pɔsu,pɔsi
pɔs.o,pɔs.e,pɔso,pɔse
pɔv.i,pɔv.u,pɔvi,pɔvu
pɔv.e,pɔv.o,pɔve,pɔvo
pɔv.u,pɔv.i,pɔvu,pɔvi
pɔv.o,pɔv.e,pɔvo,pɔve
pɔz.i,pɔz.u,pɔzi,pɔzu
pɔz.e,pɔz.o,pɔze,pɔzo
pɔz.u,pɔz.i,pɔzu,pɔzi
pɔz.o,pɔz.e,pɔzo,pɔze
pɔʃ.i,pɔʃ.u,pɔʃi,pɔʃu
pɔʃ.e,pɔʃ.o,pɔʃe,pɔʃo
pɔʃ.u,pɔʃ.i,pɔʃu,pɔʃi
pɔʃ.o,pɔʃ.e,pɔʃo,pɔʃe
pɔʒ.i,pɔʒ.u,pɔʒi,pɔʒu
pɔʒ.e,pɔʒ.o,pɔʒe,pɔʒo
pɔʒ.u,pɔʒ.i,pɔʒu,pɔʒi
pɔʒ.o,pɔʒ.e,pɔʒo,pɔʒe
pɔθ.i,pɔθ.u,pɔθi,pɔθu
pɔθ.e,pɔθ.o,pɔθe,pɔθo
pɔθ.u,pɔθ.i,pɔθu,pɔθi
pɔθ.o,pɔθ.e,pɔθo,pɔθe
pɔð.i,pɔð.u,pɔði,pɔðu
pɔð.e,pɔð.o,pɔðe,pɔðo
pɔð.u,pɔð.i,pɔðu,pɔði
pɔð.o,pɔð.e,pɔðo,pɔðe
tɔm.i,tɔm.u,tɔmi,tɔmu
tɔm.e,tɔm.o,tɔme,tɔmo
tɔm.u,tɔm.i,tɔmu,tɔmi
tɔm.o,tɔm.e,tɔmo,tɔme
tɔn.i,tɔn.u,tɔni,tɔnu
tɔn.e,tɔn.o,tɔne,tɔno
tɔn.u,tɔn.i,tɔnu,tɔni
tɔn.o,tɔn.e,tɔno,tɔne
tɔŋ.i,tɔŋ.u,tɔŋi,tɔŋu
tɔŋ.e,tɔŋ.o,tɔŋe,tɔŋo
tɔŋ.u,tɔŋ.i,tɔŋu,tɔŋi
tɔŋ.o,tɔŋ.e,tɔŋo,tɔŋe
tɔp.i,tɔp.u,tɔpi,tɔpu
tɔp.e,tɔp.o,tɔpe,tɔpo
tɔp.u,tɔp.i,tɔpu,tɔpi
tɔp.o,tɔp.e,tɔpo,tɔpe
tɔt.i,tɔt.u,tɔti,tɔtu
tɔt.e,tɔt.o,tɔte,tɔto
tɔt.u,tɔt.i,tɔtu,tɔti
tɔt.o,tɔt.e,tɔto,tɔte
tɔk.i,tɔk.u,tɔki,tɔku
tɔk.e,tɔk.o,tɔke,tɔko
tɔk.u,tɔk.i,tɔku,tɔki
tɔk.o,tɔk.e,tɔko,tɔke
tɔb.i,tɔb.u,tɔbi,tɔbu
tɔb.e,tɔb.o,tɔbe,tɔbo
tɔb.u,tɔb.i,tɔbu,tɔbi
tɔb.o,tɔb.e,tɔbo,tɔbe
tɔd.i,tɔd.u,tɔdi,tɔdu
tɔd.e,tɔd.o,tɔde,tɔdo
tɔd.u,tɔd.i,tɔdu,tɔdi
tɔd.o,tɔd.e,tɔdo,tɔde
tɔg.i,tɔg.u,tɔgi,tɔgu
tɔg.e,tɔg.o,tɔge,tɔgo
tɔg.u,tɔg.i,tɔgu,tɔgi
tɔg.o,tɔg.e,tɔgo,tɔge
tɔf.i,tɔf.u,tɔfi,tɔfu
tɔf.e,tɔf.o,tɔfe,tɔfo
tɔf.u,tɔf.i,tɔfu,tɔfi
tɔf.o,tɔf.e,tɔfo,tɔfe
tɔs.i,tɔs.u,tɔsi,tɔsu
tɔs.e,tɔs.o,tɔse,tɔso
tɔs.u,tɔs.i,tɔsu,tɔsi
tɔs.o,tɔs.e,tɔso,tɔse
tɔv.i,tɔv.u,tɔvi,tɔvu
tɔv.e,tɔv.o,tɔve,tɔvo
tɔv.u,tɔv.i,tɔvu,tɔvi
tɔv.o,tɔv.e,tɔvo,tɔve
tɔz.i,tɔz.u,tɔzi,tɔzu
tɔz.e,tɔz.o,tɔze,tɔzo
tɔz.u,tɔz.i,tɔzu,tɔzi
tɔz.o,tɔz.e,tɔzo,tɔze
tɔʃ.i,tɔʃ.u,tɔʃi,tɔʃu
tɔʃ.e,tɔʃ.o,tɔʃe,tɔʃo
tɔʃ.u,tɔʃ.i,tɔʃu,tɔʃi
tɔʃ.o,tɔʃ.e,tɔʃo,tɔʃe
tɔʒ.i,tɔʒ.u,tɔʒi,tɔʒu
tɔʒ.e,tɔʒ.o,tɔʒe,tɔʒo
tɔʒ.u,tɔʒ.i,tɔʒu,tɔʒi
tɔʒ.o,tɔʒ.e,tɔʒo,tɔʒe
tɔθ.i,tɔθ.u,tɔθi,tɔθu
tɔθ.e,tɔθ.o,tɔθe,tɔθo
tɔθ.u,tɔθ.i,tɔθu,tɔθi
tɔθ.o,tɔθ.e,tɔθo,tɔθe
tɔð.i,tɔð.u,tɔði,tɔðu
tɔð.e,tɔð.o,tɔðe,tɔðo
tɔð.u,tɔð.i,tɔðu,tɔði
tɔð.o,tɔð.e,tɔðo,tɔðe
kɔm.i,kɔm.u,kɔmi,kɔmu
kɔm.e,kɔm.o,kɔme,kɔmo
kɔm.u,kɔm.i,kɔmu,kɔmi
kɔm.o,kɔm.e,kɔmo,kɔme
kɔn.i,kɔn.u,kɔni,kɔnu
kɔn.e,kɔn.o,kɔne,kɔno
kɔn.u,kɔn.i,kɔnu,kɔni
kɔn.o,kɔn.e,kɔno,kɔne
kɔŋ.i,kɔŋ.u,kɔŋi,kɔŋu
kɔŋ.e,kɔŋ.o,kɔŋe,kɔŋo
kɔŋ.u,kɔŋ.i,kɔŋu,kɔŋi
kɔŋ.o,kɔŋ.e,kɔŋo,kɔŋe
kɔp.i,kɔp.u,kɔpi,kɔpu
kɔp.e,kɔp.o,kɔpe,kɔpo
kɔp.u,kɔp.i,kɔpu,kɔpi
kɔp.o,kɔp.e,kɔpo,kɔpe
kɔt.i,kɔt.u,kɔti,kɔtu
kɔt.e,kɔt.o,kɔte,kɔto
kɔt.u,kɔt.i,kɔtu,kɔti
kɔt.o,kɔt.e,kɔto,kɔte
kɔk.i,kɔk.u,kɔki,kɔku
kɔk.e,kɔk.o,kɔke,kɔko
kɔk.u,kɔk.i,kɔku,kɔki
kɔk.o,kɔk.e,kɔko,kɔke
kɔb.i,kɔb.u,kɔbi,kɔbu
kɔb.e,kɔb.o,kɔbe,kɔbo
kɔb.u,kɔb.i,kɔbu,kɔbi
kɔb.o,kɔb.e,kɔbo,kɔbe
kɔd.i,kɔd.u,kɔdi,kɔdu
kɔd.e,kɔd.o,kɔde,kɔdo
kɔd.u,kɔd.i,kɔdu,kɔdi
kɔd.o,kɔd.e,kɔdo,kɔde
kɔg.i,kɔg.u,kɔgi,kɔgu
kɔg.e,kɔg.o,kɔge,kɔgo
kɔg.u,kɔg.i,kɔgu,kɔgi
kɔg.o,kɔg.e,kɔgo,kɔge
kɔf.i,kɔf.u,kɔfi,kɔfu
kɔf.e,kɔf.o,kɔfe,kɔfo
kɔf.u,kɔf.i,kɔfu,kɔfi
kɔf.o,kɔf.e,kɔfo,kɔfe
kɔs.i,kɔs.u,kɔsi,kɔsu
kɔs.e,kɔs.o,kɔse,kɔso
kɔs.u,kɔs.i,kɔsu,kɔsi
kɔs.o,kɔs.e,kɔso,kɔse
kɔv.i,kɔv.u,kɔvi,kɔvu
kɔv.e,kɔv.o,kɔve,kɔvo
kɔv.u,kɔv.i,kɔvu,kɔvi
kɔv.o,kɔv.e,kɔvo,kɔve
kɔz.i,kɔz.u,kɔzi,kɔzu
kɔz.e,kɔz.o,kɔze,kɔzo
kɔz.u,kɔz.i,kɔzu,kɔzi
kɔz.o,kɔz.e,kɔzo,kɔze
kɔʃ.i,kɔʃ.u,kɔʃi,kɔʃu
kɔʃ.e,kɔʃ.o,kɔʃe,kɔʃo
kɔʃ.u,kɔʃ.i,kɔʃu,kɔʃi
kɔʃ.o,kɔʃ.e,kɔʃo,kɔʃe
kɔʒ.i,kɔʒ.u,kɔʒi,kɔʒu
kɔʒ.e,kɔʒ.o,kɔʒe,kɔʒo
kɔʒ.u,kɔʒ.i,kɔʒu,kɔʒi
kɔʒ.o,kɔʒ.e,kɔʒo,kɔʒe
kɔθ.i,kɔθ.u,kɔθi,kɔθu
kɔθ.e,kɔθ.o,kɔθe,kɔθo
kɔθ.u,kɔθ.i,kɔθu,kɔθi
kɔθ.o,kɔθ.e,kɔθo,kɔθe
kɔð.i,kɔð.u,kɔði,kɔðu
kɔð.e,kɔð.o,kɔðe,kɔðo
kɔð.u,kɔð.i,kɔðu,kɔði
kɔð.o,kɔð.e,kɔðo,kɔðe
bɔm.i,bɔm.u,bɔmi,bɔmu
bɔm.e,bɔm.o,bɔme,bɔmo
bɔm.u,bɔm.i,bɔmu,bɔmi
bɔm.o,bɔm.e,bɔmo,bɔme
bɔn.i,bɔn.u,bɔni,bɔnu
bɔn.e,bɔn.o,bɔne,bɔno
bɔn.u,bɔn.i,bɔnu,bɔni
bɔn.o,bɔn.e,bɔno,bɔne
bɔŋ.i,bɔŋ.u,bɔŋi,bɔŋu
bɔŋ.e,bɔŋ.o,bɔŋe,bɔŋo
bɔŋ.u,bɔŋ.i,bɔŋu,bɔŋi
bɔŋ.o,bɔŋ.e,bɔŋo,bɔŋe
bɔp.i,bɔp.u,bɔpi,bɔpu
bɔp.e,bɔp.o,bɔpe,bɔpo
bɔp.u,bɔp.i,bɔpu,bɔpi
bɔp.o,bɔp.e,bɔpo,bɔpe
bɔt.i,bɔt.u,bɔti,bɔtu
bɔt.e,bɔt.o,bɔte,bɔto
bɔt.u,bɔt.i,bɔtu,bɔti
bɔt.o,bɔt.e,bɔto,bɔte
bɔk.i,bɔk.u,bɔki,bɔku
bɔk.e,bɔk.o,bɔke,bɔko
bɔk.u,bɔk.i,bɔku,bɔki
bɔk.o,bɔk.e,bɔko,bɔke
bɔb.i,bɔb.u,bɔbi,bɔbu
bɔb.e,bɔb.o,bɔbe,bɔbo
bɔb.u,bɔb.i,bɔbu,bɔbi
bɔb.o,bɔb.e,bɔbo,bɔbe
bɔd.i,bɔd.u,bɔdi,bɔdu
bɔd.e,bɔd.o,bɔde,bɔdo
bɔd.u,bɔd.i,bɔdu,bɔdi
bɔd.o,bɔd.e,bɔdo,bɔde
bɔg.i,bɔg.u,bɔgi,bɔgu
bɔg.e,bɔg.o,bɔge,bɔgo
bɔg.u,bɔg.i,bɔgu,bɔgi
bɔg.o,bɔg.e,bɔgo,bɔge
bɔf.i,bɔf.u,bɔfi,bɔfu
bɔf.e,bɔf.o,bɔfe,bɔfo
bɔf.u,bɔf.i,bɔfu,bɔfi
bɔf.o,bɔf.e,bɔfo,bɔfe
bɔs.i,bɔs.u,bɔsi,bɔsu
bɔs.e,bɔs.o,bɔse,bɔso
bɔs.u,bɔs.i,bɔsu,bɔsi
bɔs.o,bɔs.e,bɔso,bɔse
bɔv.i,bɔv.u,bɔvi,bɔvu
bɔv.e,bɔv.o,bɔve,bɔvo
bɔv.u,bɔv.i,bɔvu,bɔvi
bɔv.o,bɔv.e,bɔvo,bɔve
bɔz.i,bɔz.u,bɔzi,bɔzu
bɔz.e,bɔz.o,bɔze,bɔzo
bɔz.u,bɔz.i,bɔzu,bɔzi
bɔz.o,bɔz.e,bɔzo,bɔze
bɔʃ.i,bɔʃ.u,bɔʃi,bɔʃu
bɔʃ.e,bɔʃ.o,bɔʃe,bɔʃo
bɔʃ.u,bɔʃ.i,bɔʃu,bɔʃi
bɔʃ.o,bɔʃ.e,bɔʃo,bɔʃe
bɔʒ.i,bɔʒ.u,bɔʒi,bɔʒu
bɔʒ.e,bɔʒ.o,bɔʒe,bɔʒo
bɔʒ.u,bɔʒ.i,bɔʒu,bɔʒi
bɔʒ.o,bɔʒ.e,bɔʒo,bɔʒe
bɔθ.i,bɔθ.u,bɔθi,bɔθu
bɔθ.e,bɔθ.o,bɔθe,bɔθo
bɔθ.u,bɔθ.i,bɔθu,bɔθi
bɔθ.o,bɔθ.e,bɔθo,bɔθe
bɔð.i,bɔð.u,bɔði,bɔðu
bɔð.e,bɔð.o,bɔðe,bɔðo
bɔð.u,bɔð.i,bɔðu,bɔði
bɔð.o,bɔð.e,bɔðo,bɔðe
dɔm.i,dɔm.u,dɔmi,dɔmu
dɔm.e,dɔm.o,dɔme,dɔmo
dɔm.u,dɔm.i,dɔmu,dɔmi
dɔm.o,dɔm.e,dɔmo,dɔme
dɔn.i,dɔn.u,dɔni,dɔnu
dɔn.e,dɔn.o,dɔne,dɔno
dɔn.u,dɔn.i,dɔnu,dɔni
dɔn.o,dɔn.e,dɔno,dɔne
dɔŋ.i,dɔŋ.u,dɔŋi,dɔŋu
dɔŋ.e,dɔŋ.o,dɔŋe,dɔŋo
dɔŋ.u,dɔŋ.i,dɔŋu,dɔŋi
dɔŋ.o,dɔŋ.e,dɔŋo,dɔŋe
dɔp.i,dɔp.u,dɔpi,dɔpu
dɔp.e,dɔp.o,dɔpe,dɔpo
dɔp.u,dɔp.i,dɔpu,dɔpi
dɔp.o,dɔp.e,dɔpo,dɔpe
dɔt.i,dɔt.u,dɔti,dɔtu
dɔt.e,dɔt.o,dɔte,dɔto
dɔt.u,dɔt.i,dɔtu,dɔti
dɔt.o,dɔt.e,dɔto,dɔte
dɔk.i,dɔk.u,dɔki,dɔku
dɔk.e,dɔk.o,dɔke,dɔko
dɔk.u,dɔk.i,dɔku,dɔki
dɔk.o,dɔk.e,dɔko,dɔke
dɔb.i,dɔb.u,dɔbi,dɔbu
dɔb.e,dɔb.o,dɔbe,dɔbo
dɔb.u,dɔb.i,dɔbu,dɔbi
dɔb.o,dɔb.e,dɔbo,dɔbe
dɔd.i,dɔd.u,dɔdi,dɔdu
dɔd.e,dɔd.o,dɔde,dɔdo
dɔd.u,dɔd.i,dɔdu,dɔdi
dɔd.o,dɔd.e,dɔdo,dɔde
dɔg.i,dɔg.u,dɔgi,dɔgu
dɔg.e,dɔg.o,dɔge,dɔgo
dɔg.u,dɔg.i,dɔgu,dɔgi
dɔg.o,dɔg.e,dɔgo,dɔge
dɔf.i,dɔf.u,dɔfi,dɔfu
dɔf.e,dɔf.o,dɔfe,dɔfo
dɔf.u,dɔf.i,dɔfu,dɔfi
dɔf.o,dɔf.e,dɔfo,dɔfe
dɔs.i,dɔs.u,dɔsi,dɔsu
dɔs.e,dɔs.o,dɔse,dɔso
dɔs.u,dɔs.i,dɔsu,dɔsi
dɔs.o,dɔs.e,dɔso,dɔse
dɔv.i,dɔv.u,dɔvi,dɔvu
dɔv.e,dɔv.o,dɔve,dɔvo
dɔv.u,dɔv.i,dɔvu,dɔvi
dɔv.o,dɔv.e,dɔvo,dɔve
dɔz.i,dɔz.u,dɔzi,dɔzu
dɔz.e,dɔz.o,dɔze,dɔzo
dɔz.u,dɔz.i,dɔzu,dɔzi
dɔz.o,dɔz.e,dɔzo,dɔze
dɔʃ.i,dɔʃ.u,dɔʃi,dɔʃu
dɔʃ.e,dɔʃ.o,dɔʃe,dɔʃo
dɔʃ.u,dɔʃ.i,dɔʃu,dɔʃi
dɔʃ.o,dɔʃ.e,dɔʃo,dɔʃe
dɔʒ.i,dɔʒ.u,dɔʒi,dɔʒu
dɔʒ.e,dɔʒ.o,dɔʒe,dɔʒo
dɔʒ.u,dɔʒ.i,dɔʒu,dɔʒi
dɔʒ.o,dɔʒ.e,dɔʒo,dɔʒe
dɔθ.i,dɔθ.u,dɔθi,dɔθu
dɔθ.e,dɔθ.o,dɔθe,dɔθo
dɔθ.u,dɔθ.i,dɔθu,dɔθi
dɔθ.o,dɔθ.e,dɔθo,dɔθe
dɔð.i,dɔð.u,dɔði,dɔðu
dɔð.e,dɔð.o,dɔðe,dɔðo
dɔð.u,dɔð.i,dɔðu,dɔði
dɔð.o,dɔð.e,dɔðo,dɔðe
gɔm.i,gɔm.u,gɔmi,gɔmu
gɔm.e,gɔm.o,gɔme,gɔmo
gɔm.u,gɔm.i,gɔmu,gɔmi
gɔm.o,gɔm.e,gɔmo,gɔme
gɔn.i,gɔn.u,gɔni,gɔnu
gɔn.e,gɔn.o,gɔne,gɔno
gɔn.u,gɔn.i,gɔnu,gɔni
gɔn.o,gɔn.e,gɔno,gɔne
gɔŋ.i,gɔŋ.u,gɔŋi,gɔŋu
gɔŋ.e,gɔŋ.o,gɔŋe,gɔŋo
gɔŋ.u,gɔŋ.i,gɔŋu,gɔŋi
gɔŋ.o,gɔŋ.e,gɔŋo,gɔŋe
gɔp.i,gɔp.u,gɔpi,gɔpu
gɔp.e,gɔp.o,gɔpe,gɔpo
gɔp.u,gɔp.i,gɔpu,gɔpi
gɔp.o,gɔp.e,gɔpo,gɔpe
gɔt.i,gɔt.u,gɔti,gɔtu
gɔt.e,gɔt.o,gɔte,gɔto
gɔt.u,gɔt.i,gɔtu,gɔti
gɔt.o,gɔt.e,gɔto,gɔte
gɔk.i,gɔk.u,gɔki,gɔku
gɔk.e,gɔk.o,gɔke,gɔko
gɔk.u,gɔk.i,gɔku,gɔki
gɔk.o,gɔk.e,gɔko,gɔke
gɔb.i,gɔb.u,gɔbi,gɔbu
gɔb.e,gɔb.o,gɔbe,gɔbo
gɔb.u,gɔb.i,gɔbu,gɔbi
gɔb.o,gɔb.e,gɔbo,gɔbe
gɔd.i,gɔd.u,gɔdi,gɔdu
gɔd.e,gɔd.o,gɔde,gɔdo
gɔd.u,gɔd.i,gɔdu,gɔdi
gɔd.o,gɔd.e,gɔdo,gɔde
gɔg.i,gɔg.u,gɔgi,gɔgu
gɔg.e,gɔg.o,gɔge,gɔgo
gɔg.u,gɔg.i,gɔgu,gɔgi
gɔg.o,gɔg.e,gɔgo,gɔge
gɔf.i,gɔf.u,gɔfi,gɔfu
gɔf.e,gɔf.o,gɔfe,gɔfo
gɔf.u,gɔf.i,gɔfu,gɔfi
gɔf.o,gɔf.e,gɔfo,gɔfe
gɔs.i,gɔs.u,gɔsi,gɔsu
gɔs.e,gɔs.o,gɔse,gɔso
gɔs.u,gɔs.i,gɔsu,gɔsi
gɔs.o,gɔs.e,gɔso,gɔse
gɔv.i,gɔv.u,gɔvi,gɔvu
gɔv.e,gɔv.o,gɔve,gɔvo
gɔv.u,gɔv.i,gɔvu,gɔvi
gɔv.o,gɔv.e,gɔvo,gɔve
gɔz.i,gɔz.u,gɔzi,gɔzu
gɔz.e,gɔz.o,gɔze,gɔzo
gɔz.u,gɔz.i,gɔzu,gɔzi
gɔz.o,gɔz.e,gɔzo,gɔze
gɔʃ.i,gɔʃ.u,gɔʃi,gɔʃu
gɔʃ.e,gɔʃ.o,gɔʃe,gɔʃo
gɔʃ.u,gɔʃ.i,gɔʃu,gɔʃi
gɔʃ.o,gɔʃ.e,gɔʃo,gɔʃe
gɔʒ.i,gɔʒ.u,gɔʒi,gɔʒu
gɔʒ.e,gɔʒ.o,gɔʒe,gɔʒo
gɔʒ.u,gɔʒ.i,gɔʒu,gɔʒi
gɔʒ.o,gɔʒ.e,gɔʒo,gɔʒe
gɔθ.i,gɔθ.u,gɔθi,gɔθu
gɔθ.e,gɔθ.o,gɔθe,gɔθo
gɔθ.u,gɔθ.i,gɔθu,gɔθi
gɔθ.o,gɔθ.e,gɔθo,gɔθe
gɔð.i,gɔð.u,gɔði,gɔðu
gɔð.e,gɔð.o,gɔðe,gɔðo
gɔð.u,gɔð.i,gɔðu,gɔði
gɔð.o,gɔð.e,gɔðo,gɔðe
fɔm.i,fɔm.u,fɔmi,fɔmu
fɔm.e,fɔm.o,fɔme,fɔmo
fɔm.u,fɔm.i,fɔmu,fɔmi
fɔm.o,fɔm.e,fɔmo,fɔme
fɔn.i,fɔn.u,fɔni,fɔnu
fɔn.e,fɔn.o,fɔne,fɔno
fɔn.u,fɔn.i,fɔnu,fɔni
fɔn.o,fɔn.e,fɔno,fɔne
fɔŋ.i,fɔŋ.u,fɔŋi,fɔŋu
fɔŋ.e,fɔŋ.o,fɔŋe,fɔŋo
fɔŋ.u,fɔŋ.i,fɔŋu,fɔŋi
fɔŋ.o,fɔŋ.e,fɔŋo,fɔŋe
fɔp.i,fɔp.u,fɔpi,fɔpu
fɔp.e,fɔp.o,fɔpe,fɔpo
fɔp.u,fɔp.i,fɔpu,fɔpi
fɔp.o,fɔp.e,fɔpo,fɔpe
fɔt.i,fɔt.u,fɔti,fɔtu
fɔt.e,fɔt.o,fɔte,fɔto
fɔt.u,fɔt.i,fɔtu,fɔti
fɔt.o,fɔt.e,fɔto,fɔte
fɔk.i,fɔk.u,fɔki,fɔku
fɔk.e,fɔk.o,fɔke,fɔko
fɔk.u,fɔk.i,fɔku,fɔki
fɔk.o,fɔk.e,fɔko,fɔke
fɔb.i,fɔb.u,fɔbi,fɔbu
fɔb.e,fɔb.o,fɔbe,fɔbo
fɔb.u,fɔb.i,fɔbu,fɔbi
fɔb.o,fɔb.e,fɔbo,fɔbe
fɔd.i,fɔd.u,fɔdi,fɔdu
fɔd.e,fɔd.o,fɔde,fɔdo
fɔd.u,fɔd.i,fɔdu,fɔdi
fɔd.o,fɔd.e,fɔdo,fɔde
fɔg.i,fɔg.u,fɔgi,fɔgu
fɔg.e,fɔg.o,fɔge,fɔgo
fɔg.u,fɔg.i,fɔgu,fɔgi
fɔg.o,fɔg.e,fɔgo,fɔge
fɔf.i,fɔf.u,fɔfi,fɔfu
fɔf.e,fɔf.o,fɔfe,fɔfo
fɔf.u,fɔf.i,fɔfu,fɔfi
fɔf.o,fɔf.e,fɔfo,fɔfe
fɔs.i,fɔs.u,fɔsi,fɔsu
fɔs.e,fɔs.o,fɔse,fɔso
fɔs.u,fɔs.i,fɔsu,fɔsi
fɔs.o,fɔs.e,fɔso,fɔse
fɔv.i,fɔv.u,fɔvi,fɔvu
fɔv.e,fɔv.o,fɔve,fɔvo
fɔv.u,fɔv.i,fɔvu,fɔvi
fɔv.o,fɔv.e,fɔvo,fɔve
fɔz.i,fɔz.u,fɔzi,fɔzu
fɔz.e,fɔz.o,fɔze,fɔzo
fɔz.u,fɔz.i,fɔzu,fɔzi
fɔz.o,fɔz.e,fɔzo,fɔze
fɔʃ.i,fɔʃ.u,fɔʃi,fɔʃu
fɔʃ.e,fɔʃ.o,fɔʃe,fɔʃo
fɔʃ.u,fɔʃ.i,fɔʃu,fɔʃi
fɔʃ.o,fɔʃ.e,fɔʃo,fɔʃe
fɔʒ.i,fɔʒ.u,fɔʒi,fɔʒu
fɔʒ.e,fɔʒ.o,fɔʒe,fɔʒo
fɔʒ.u,fɔʒ.i,fɔʒu,fɔʒi
fɔʒ.o,fɔʒ.e,fɔʒo,fɔʒe
fɔθ.i,fɔθ.u,fɔθi,fɔθu
fɔθ.e,fɔθ.o,fɔθe,fɔθo
fɔθ.u,fɔθ.i,fɔθu,fɔθi
fɔθ.o,fɔθ.e,fɔθo,fɔθe
fɔð.i,fɔð.u,fɔði,fɔðu
fɔð.e,fɔð.o,fɔðe,fɔðo
fɔð.u,fɔð.i,fɔðu,fɔði
fɔð.o,fɔð.e,fɔðo,fɔðe
sɔm.i,sɔm.u,sɔmi,sɔmu
sɔm.e,sɔm.o,sɔme,sɔmo
sɔm.u,sɔm.i,sɔmu,sɔmi
sɔm.o,sɔm.e,sɔmo,sɔme
sɔn.i,sɔn.u,sɔni,sɔnu
sɔn.e,sɔn.o,sɔne,sɔno
sɔn.u,sɔn.i,sɔnu,sɔni
sɔn.o,sɔn.e,sɔno,sɔne
sɔŋ.i,sɔŋ.u,sɔŋi,sɔŋu
sɔŋ.e,sɔŋ.o,sɔŋe,sɔŋo
sɔŋ.u,sɔŋ.i,sɔŋu,sɔŋi
sɔŋ.o,sɔŋ.e,sɔŋo,sɔŋe
sɔp.i,sɔp.u,sɔpi,sɔpu
sɔp.e,sɔp.o,sɔpe,sɔpo
sɔp.u,sɔp.i,sɔpu,sɔpi
sɔp.o,sɔp.e,sɔpo,sɔpe
sɔt.i,sɔt.u,sɔti,sɔtu
sɔt.e,sɔt.o,sɔte,sɔto
sɔt.u,sɔt.i,sɔtu,sɔti
sɔt.o,sɔt.e,sɔto,sɔte
sɔk.i,sɔk.u,sɔki,sɔku
sɔk.e,sɔk.o,sɔke,sɔko
sɔk.u,sɔk.i,sɔku,sɔki
sɔk.o,sɔk.e,sɔko,sɔke
sɔb.i,sɔb.u,sɔbi,sɔbu
sɔb.e,sɔb.o,sɔbe,sɔbo
sɔb.u,sɔb.i,sɔbu,sɔbi
sɔb.o,sɔb.e,sɔbo,sɔbe
sɔd.i,sɔd.u,sɔdi,sɔdu
sɔd.e,sɔd.o,sɔde,sɔdo
sɔd.u,sɔd.i,sɔdu,sɔdi
sɔd.o,sɔd.e,sɔdo,sɔde
sɔg.i,sɔg.u,sɔgi,sɔgu
sɔg.e,sɔg.o,sɔge,sɔgo
sɔg.u,sɔg.i,sɔgu,sɔgi
sɔg.o,sɔg.e,sɔgo,sɔge
sɔf.i,sɔf.u,sɔfi,sɔfu
sɔf.e,sɔf.o,sɔfe,sɔfo
sɔf.u,sɔf.i,sɔfu,sɔfi
sɔf.o,sɔf.e,sɔfo,sɔfe
sɔs.i,sɔs.u,sɔsi,sɔsu
sɔs.e,sɔs.o,sɔse,sɔso
sɔs.u,sɔs.i,sɔsu,sɔsi
sɔs.o,sɔs.e,sɔso,sɔse
sɔv.i,sɔv.u,sɔvi,sɔvu
sɔv.e,sɔv.o,sɔve,sɔvo
sɔv.u,sɔv.i,sɔvu,sɔvi
sɔv.o,sɔv.e,sɔvo,sɔve
sɔz.i,sɔz.u,sɔzi,sɔzu
sɔz.e,sɔz.o,sɔze,sɔzo
sɔz.u,sɔz.i,sɔzu,sɔzi
sɔz.o,sɔz.e,sɔzo,sɔze
sɔʃ.i,sɔʃ.u,sɔʃi,sɔʃu
sɔʃ.e,sɔʃ.o,sɔʃe,sɔʃo
sɔʃ.u,sɔʃ.i,sɔʃu,sɔʃi
sɔʃ.o,sɔʃ.e,sɔʃo,sɔʃe
sɔʒ.i,sɔʒ.u,sɔʒi,sɔʒu
sɔʒ.e,sɔʒ.o,sɔʒe,sɔʒo
sɔʒ.u,sɔʒ.i,sɔʒu,sɔʒi
sɔʒ.o,sɔʒ.e,sɔʒo,sɔʒe
sɔθ.i,sɔθ.u,sɔθi,sɔθu
sɔθ.e,sɔθ.o,sɔθe,sɔθo
sɔθ.u,sɔθ.i,sɔθu,sɔθi
sɔθ.o,sɔθ.e,sɔθo,sɔθe
sɔð.i,sɔð.u,sɔði,sɔðu
sɔð.e,sɔð.o,sɔðe,sɔðo
sɔð.u,sɔð.i,sɔðu,sɔði
sɔð.o,sɔð.e,sɔðo,sɔðe
vɔm.i,vɔm.u,vɔmi,vɔmu
vɔm.e,vɔm.o,vɔme,vɔmo
vɔm.u,vɔm.i,vɔmu,vɔmi
vɔm.o,vɔm.e,vɔmo,vɔme
vɔn.i,vɔn.u,vɔni,vɔnu
vɔn.e,vɔn.o,vɔne,vɔno
vɔn.u,vɔn.i,vɔnu,vɔni
vɔn.o,vɔn.e,vɔno,vɔne
vɔŋ.i,vɔŋ.u,vɔŋi,vɔŋu
vɔŋ.e,vɔŋ.o,vɔŋe,vɔŋo
vɔŋ.u,vɔŋ.i,vɔŋu,vɔŋi
vɔŋ.o,vɔŋ.e,vɔŋo,vɔŋe
vɔp.i,vɔp.u,vɔpi,vɔpu
vɔp.e,vɔp.o,vɔpe,vɔpo
vɔp.u,vɔp.i,vɔpu,vɔpi
vɔp.o,vɔp.e,vɔpo,vɔpe
vɔt.i,vɔt.u,vɔti,vɔtu
vɔt.e,vɔt.o,vɔte,vɔto
vɔt.u,vɔt.i,vɔtu,vɔti
vɔt.o,vɔt.e,vɔto,vɔte
vɔk.i,vɔk.u,vɔki,vɔku
vɔk.e,vɔk.o,vɔke,vɔko
vɔk.u,vɔk.i,vɔku,vɔki
vɔk.o,vɔk.e,vɔko,vɔke
vɔb.i,vɔb.u,vɔbi,vɔbu
vɔb.e,vɔb.o,vɔbe,vɔbo
vɔb.u,vɔb.i,vɔbu,vɔbi
vɔb.o,vɔb.e,vɔbo,vɔbe
vɔd.i,vɔd.u,vɔdi,vɔdu
vɔd.e,vɔd.o,vɔde,vɔdo
vɔd.u,vɔd.i,vɔdu,vɔdi
vɔd.o,vɔd.e,vɔdo,vɔde
vɔg.i,vɔg.u,vɔgi,vɔgu
vɔg.e,vɔg.o,vɔge,vɔgo
vɔg.u,vɔg.i,vɔgu,vɔgi
vɔg.o,vɔg.e,vɔgo,vɔge
vɔf.i,vɔf.u,vɔfi,vɔfu
vɔf.e,vɔf.o,vɔfe,vɔfo
vɔf.u,vɔf.i,vɔfu,vɔfi
vɔf.o,vɔf.e,vɔfo,vɔfe
vɔs.i,vɔs.u,vɔsi,vɔsu
vɔs.e,vɔs.o,vɔse,vɔso
vɔs.u,vɔs.i,vɔsu,vɔsi
vɔs.o,vɔs.e,vɔso,vɔse
vɔv.i,vɔv.u,vɔvi,vɔvu
vɔv.e,vɔv.o,vɔve,vɔvo
vɔv.u,vɔv.i,vɔvu,vɔvi
vɔv.o,vɔv.e,vɔvo,vɔve
vɔz.i,vɔz.u,vɔzi,vɔzu
vɔz.e,vɔz.o,vɔze,vɔzo
vɔz.u,vɔz.i,vɔzu,vɔzi
vɔz.o,vɔz.e,vɔzo,vɔze
vɔʃ.i,vɔʃ.u,vɔʃi,vɔʃu
vɔʃ.e,vɔʃ.o,vɔʃe,vɔʃo
vɔʃ.u,vɔʃ.i,vɔʃu,vɔʃi
vɔʃ.o,vɔʃ.e,vɔʃo,vɔʃe
vɔʒ.i,vɔʒ.u,vɔʒi,vɔʒu
vɔʒ.e,vɔʒ.o,vɔʒe,vɔʒo
vɔʒ.u,vɔʒ.i,vɔʒu,vɔʒi
vɔʒ.o,vɔʒ.e,vɔʒo,vɔʒe
vɔθ.i,vɔθ.u,vɔθi,vɔθu
vɔθ.e,vɔθ.o,vɔθe,vɔθo
vɔθ.u,vɔθ.i,vɔθu,vɔθi
vɔθ.o,vɔθ.e,vɔθo,vɔθe
vɔð.i,vɔð.u,vɔði,vɔðu
vɔð.e,vɔð.o,vɔðe,vɔðo
vɔð.u,vɔð.i,vɔðu,vɔði
vɔð.o,vɔð.e,vɔðo,vɔðe
zɔm.i,zɔm.u,zɔmi,zɔmu
zɔm.e,zɔm.o,zɔme,zɔmo
zɔm.u,zɔm.i,zɔmu,zɔmi
zɔm.o,zɔm.e,zɔmo,zɔme
zɔn.i,zɔn.u,zɔni,zɔnu
zɔn.e,zɔn.o,zɔne,zɔno
zɔn.u,zɔn.i,zɔnu,zɔni
zɔn.o,zɔn.e,zɔno,zɔne
zɔŋ.i,zɔŋ.u,zɔŋi,zɔŋu
zɔŋ.e,zɔŋ.o,zɔŋe,zɔŋo
zɔŋ.u,zɔŋ.i,zɔŋu,zɔŋi
zɔŋ.o,zɔŋ.e,zɔŋo,zɔŋe
zɔp.i,zɔp.u,zɔpi,zɔpu
zɔp.e,zɔp.o,zɔpe,zɔpo
zɔp.u,zɔp.i,zɔpu,zɔpi
zɔp.o,zɔp.e,zɔpo,zɔpe
zɔt.i,zɔt.u,zɔti,zɔtu
zɔt.e,zɔt.o,zɔte,zɔto
zɔt.u,zɔt.i,zɔtu,zɔti
zɔt.o,zɔt.e,zɔto,zɔte
zɔk.i,zɔk.u,zɔki,zɔku
zɔk.e,zɔk.o,zɔke,zɔko
zɔk.u,zɔk.i,zɔku,zɔki
zɔk.o,zɔk.e,zɔko,zɔke
zɔb.i,zɔb.u,zɔbi,zɔbu
zɔb.e,zɔb.o,zɔbe,zɔbo
zɔb.u,zɔb.i,zɔbu,zɔbi
zɔb.o,zɔb.e,zɔbo,zɔbe
zɔd.i,zɔd.u,zɔdi,zɔdu
zɔd.e,zɔd.o,zɔde,zɔdo
zɔd.u,zɔd.i,zɔdu,zɔdi
zɔd.o,zɔd.e,zɔdo,zɔde
zɔg.i,zɔg.u,zɔgi,zɔgu
zɔg.e,zɔg.o,zɔge,zɔgo
zɔg.u,zɔg.i,zɔgu,zɔgi
zɔg.o,zɔg.e,zɔgo,zɔge
zɔf.i,zɔf.u,zɔfi,zɔfu
zɔf.e,zɔf.o,zɔfe,zɔfo
zɔf.u,zɔf.i,zɔfu,zɔfi
zɔf.o,zɔf.e,zɔfo,zɔfe
zɔs.i,zɔs.u,zɔsi,zɔsu
zɔs.e,zɔs.o,zɔse,zɔso
zɔs.u,zɔs.i,zɔsu,zɔsi
zɔs.o,zɔs.e,zɔso,zɔse
zɔv.i,zɔv.u,zɔvi,zɔvu
zɔv.e,zɔv.o,zɔve,zɔvo
zɔv.u,zɔv.i,zɔvu,zɔvi
zɔv.o,zɔv.e,zɔvo,zɔve
zɔz.i,zɔz.u,zɔzi,zɔzu
zɔz.e,zɔz.o,zɔze,zɔzo
zɔz.u,zɔz.i,zɔzu,zɔzi
zɔz.o,zɔz.e,zɔzo,zɔze
zɔʃ.i,zɔʃ.u,zɔʃi,zɔʃu
zɔʃ.e,zɔʃ.o,zɔʃe,zɔʃo
zɔʃ.u,zɔʃ.i,zɔʃu,zɔʃi
zɔʃ.o,zɔʃ.e,zɔʃo,zɔʃe
zɔʒ.i,zɔʒ.u,zɔʒi,zɔʒu
zɔʒ.e,zɔʒ.o,zɔʒe,zɔʒo
zɔʒ.u,zɔʒ.i,zɔʒu,zɔʒi
zɔʒ.o,zɔʒ.e,zɔʒo,zɔʒe
zɔθ.i,zɔθ.u,zɔθi,zɔθu
zɔθ.e,zɔθ.o,zɔθe,zɔθo
zɔθ.u,zɔθ.i,zɔθu,zɔθi
zɔθ.o,zɔθ.e,zɔθo,zɔθe
zɔð.i,zɔð.u,zɔði,zɔðu
zɔð.e,zɔð.o,zɔðe,zɔðo
zɔð.u,zɔð.i,zɔðu,zɔði
zɔð.o,zɔð.e,zɔðo,zɔðe
ʃɔm.i,ʃɔm.u,ʃɔmi,ʃɔmu
ʃɔm.e,ʃɔm.o,ʃɔme,ʃɔmo
ʃɔm.u,ʃɔm.i,ʃɔmu,ʃɔmi
ʃɔm.o,ʃɔm.e,ʃɔmo,ʃɔme
ʃɔn.i,ʃɔn.u,ʃɔni,ʃɔnu
ʃɔn.e,ʃɔn.o,ʃɔne,ʃɔno
ʃɔn.u,ʃɔn.i,ʃɔnu,ʃɔni
ʃɔn.o,ʃɔn.e,ʃɔno,ʃɔne
ʃɔŋ.i,ʃɔŋ.u,ʃɔŋi,ʃɔŋu
ʃɔŋ.e,ʃɔŋ.o,ʃɔŋe,ʃɔŋo
ʃɔŋ.u,ʃɔŋ.i,ʃɔŋu,ʃɔŋi
ʃɔŋ.o,ʃɔŋ.e,ʃɔŋo,ʃɔŋe
ʃɔp.i,ʃɔp.u,ʃɔpi,ʃɔpu
ʃɔp.e,ʃɔp.o,ʃɔpe,ʃɔpo
ʃɔp.u,ʃɔp.i,ʃɔpu,ʃɔpi
ʃɔp.o,ʃɔp.e,ʃɔpo,ʃɔpe
ʃɔt.i,ʃɔt.u,ʃɔti,ʃɔtu
ʃɔt.e,ʃɔt.o,ʃɔte,ʃɔto
ʃɔt.u,ʃɔt.i,ʃɔtu,ʃɔti
ʃɔt.o,ʃɔt.e,ʃɔto,ʃɔte
ʃɔk.i,ʃɔk.u,ʃɔki,ʃɔku
ʃɔk.e,ʃɔk.o,ʃɔke,ʃɔko
ʃɔk.u,ʃɔk.i,ʃɔku,ʃɔki
ʃɔk.o,ʃɔk.e,ʃɔko,ʃɔke
ʃɔb.i,ʃɔb.u,ʃɔbi,ʃɔbu
ʃɔb.e,ʃɔb.o,ʃɔbe,ʃɔbo
ʃɔb.u,ʃɔb.i,ʃɔbu,ʃɔbi
ʃɔb.o,ʃɔb.e,ʃɔbo,ʃɔbe
ʃɔd.i,ʃɔd.u,ʃɔdi,ʃɔdu
ʃɔd.e,ʃɔd.o,ʃɔde,ʃɔdo
ʃɔd.u,ʃɔd.i,ʃɔdu,ʃɔdi
ʃɔd.o,ʃɔd.e,ʃɔdo,ʃɔde
ʃɔg.i,ʃɔg.u,ʃɔgi,ʃɔgu
ʃɔg.e,ʃɔg.o,ʃɔge,ʃɔgo
ʃɔg.u,ʃɔg.i,ʃɔgu,ʃɔgi
ʃɔg.o,ʃɔg.e,ʃɔgo,ʃɔge
ʃɔf.i,ʃɔf.u,ʃɔfi,ʃɔfu
ʃɔf.e,ʃɔf.o,ʃɔfe,ʃɔfo
ʃɔf.u,ʃɔf.i,ʃɔfu,ʃɔfi
ʃɔf.o,ʃɔf.e,ʃɔfo,ʃɔfe
ʃɔs.i,ʃɔs.u,ʃɔsi,ʃɔsu
ʃɔs.e,ʃɔs.o,ʃɔse,ʃɔso
ʃɔs.u,ʃɔs.i,ʃɔsu,ʃɔsi
ʃɔs.o,ʃɔs.e,ʃɔso,ʃɔse
ʃɔv.i,ʃɔv.u,ʃɔvi,ʃɔvu
ʃɔv.e,ʃɔv.o,ʃɔve,ʃɔvo
ʃɔv.u,ʃɔv.i,ʃɔvu,ʃɔvi
ʃɔv.o,ʃɔv.e,ʃɔvo,ʃɔve
ʃɔz.i,ʃɔz.u,ʃɔzi,ʃɔzu
ʃɔz.e,ʃɔz.o,ʃɔze,ʃɔzo
ʃɔz.u,ʃɔz.i,ʃɔzu,ʃɔzi
ʃɔz.o,ʃɔz.e,ʃɔzo,ʃɔze
ʃɔʃ.i,ʃɔʃ.u,ʃɔʃi,ʃɔʃu
ʃɔʃ.e,ʃɔʃ.o,ʃɔʃe,ʃɔʃo
ʃɔʃ.u,ʃɔʃ.i,ʃɔʃu,ʃɔʃi
ʃɔʃ.o,ʃɔʃ.e,ʃɔʃo,ʃɔʃe
ʃɔʒ.i,ʃɔʒ.u,ʃɔʒi,ʃɔʒu
ʃɔʒ.e,ʃɔʒ.o,ʃɔʒe,ʃɔʒo
ʃɔʒ.u,ʃɔʒ.i,ʃɔʒu,ʃɔʒi
ʃɔʒ.o,ʃɔʒ.e,ʃɔʒo,ʃɔʒe
ʃɔθ.i,ʃɔθ.u,ʃɔθi,ʃɔθu
ʃɔθ.e,ʃɔθ.o,ʃɔθe,ʃɔθo
ʃɔθ.u,ʃɔθ.i,ʃɔθu,ʃɔθi
ʃɔθ.o,ʃɔθ.e,ʃɔθo,ʃɔθe
ʃɔð.i,ʃɔð.u,ʃɔði,ʃɔðu
ʃɔð.e,ʃɔð.o,ʃɔðe,ʃɔðo
ʃɔð.u,ʃɔð.i,ʃɔðu,ʃɔði
ʃɔð.o,ʃɔð.e,ʃɔðo,ʃɔðe
ʒɔm.i,ʒɔm.u,ʒɔmi,ʒɔmu
ʒɔm.e,ʒɔm.o,ʒɔme,ʒɔmo
ʒɔm.u,ʒɔm.i,ʒɔmu,ʒɔmi
ʒɔm.o,ʒɔm.e,ʒɔmo,ʒɔme
ʒɔn.i,ʒɔn.u,ʒɔni,ʒɔnu
ʒɔn.e,ʒɔn.o,ʒɔne,ʒɔno
ʒɔn.u,ʒɔn.i,ʒɔnu,ʒɔni
ʒɔn.o,ʒɔn.e,ʒɔno,ʒɔne
ʒɔŋ.i,ʒɔŋ.u,ʒɔŋi,ʒɔŋu
ʒɔŋ.e,ʒɔŋ.o,ʒɔŋe,ʒɔŋo
ʒɔŋ.u,ʒɔŋ.i,ʒɔŋu,ʒɔŋi
ʒɔŋ.o,ʒɔŋ.e,ʒɔŋo,ʒɔŋe
ʒɔp.i,ʒɔp.u,ʒɔpi,ʒɔpu
ʒɔp.e,ʒɔp.o,ʒɔpe,ʒɔpo
ʒɔp.u,ʒɔp.i,ʒɔpu,ʒɔpi
ʒɔp.o,ʒɔp.e,ʒɔpo,ʒɔpe
ʒɔt.i,ʒɔt.u,ʒɔti,ʒɔtu
ʒɔt.e,ʒɔt.o,ʒɔte,ʒɔto
ʒɔt.u,ʒɔt.i,ʒɔtu,ʒɔti
ʒɔt.o,ʒɔt.e,ʒɔto,ʒɔte
ʒɔk.i,ʒɔk.u,ʒɔki,ʒɔku
ʒɔk.e,ʒɔk.o,ʒɔke,ʒɔko
ʒɔk.u,ʒɔk.i,ʒɔku,ʒɔki
ʒɔk.o,ʒɔk.e,ʒɔko,ʒɔke
ʒɔb.i,ʒɔb.u,ʒɔbi,ʒɔbu
ʒɔb.e,ʒɔb.o,ʒɔbe,ʒɔbo
ʒɔb.u,ʒɔb.i,ʒɔbu,ʒɔbi
ʒɔb.o,ʒɔb.e,ʒɔbo,ʒɔbe
ʒɔd.i,ʒɔd.u,ʒɔdi,ʒɔdu
ʒɔd.e,ʒɔd.o,ʒɔde,ʒɔdo
ʒɔd.u,ʒɔd.i,ʒɔdu,ʒɔdi
ʒɔd.o,ʒɔd.e,ʒɔdo,ʒɔde
ʒɔg.i,ʒɔg.u,ʒɔgi,ʒɔgu
ʒɔg.e,ʒɔg.o,ʒɔge,ʒɔgo
ʒɔg.u,ʒɔg.i,ʒɔgu,ʒɔgi
ʒɔg.o,ʒɔg.e,ʒɔgo,ʒɔge
ʒɔf.i,ʒɔf.u,ʒɔfi,ʒɔfu
ʒɔf.e,ʒɔf.o,ʒɔfe,ʒɔfo
ʒɔf.u,ʒɔf.i,ʒɔfu,ʒɔfi
ʒɔf.o,ʒɔf.e,ʒɔfo,ʒɔfe
ʒɔs.i,ʒɔs.u,ʒɔsi,ʒɔsu
ʒɔs.e,ʒɔs.o,ʒɔse,ʒɔso
ʒɔs.u,ʒɔs.i,ʒɔsu,ʒɔsi
ʒɔs.o,ʒɔs.e,ʒɔso,ʒɔse
ʒɔv.i,ʒɔv.u,ʒɔvi,ʒɔvu
ʒɔv.e,ʒɔv.o,ʒɔve,ʒɔvo
ʒɔv.u,ʒɔv.i,ʒɔvu,ʒɔvi
ʒɔv.o,ʒɔv.e,ʒɔvo,ʒɔve
ʒɔz.i,ʒɔz.u,ʒɔzi,ʒɔzu
ʒɔz.e,ʒɔz.o,ʒɔze,ʒɔzo
ʒɔz.u,ʒɔz.i,ʒɔzu,ʒɔzi
ʒɔz.o,ʒɔz.e,ʒɔzo,ʒɔze
ʒɔʃ.i,ʒɔʃ.u,ʒɔʃi,ʒɔʃu
ʒɔʃ.e,ʒɔʃ.o,ʒɔʃe,ʒɔʃo
ʒɔʃ.u,ʒɔʃ.i,ʒɔʃu,ʒɔʃi
ʒɔʃ.o,ʒɔʃ.e,ʒɔʃo,ʒɔʃe
ʒɔʒ.i,ʒɔʒ.u,ʒɔʒi,ʒɔʒu
ʒɔʒ.e,ʒɔʒ.o,ʒɔʒe,ʒɔʒo
ʒɔʒ.u,ʒɔʒ.i,ʒɔʒu,ʒɔʒi
ʒɔʒ.o,ʒɔʒ.e,ʒɔʒo,ʒɔʒe
ʒɔθ.i,ʒɔθ.u,ʒɔθi,ʒɔθu
ʒɔθ.e,ʒɔθ.o,ʒɔθe,ʒɔθo
ʒɔθ.u,ʒɔθ.i,ʒɔθu,ʒɔθi
ʒɔθ.o,ʒɔθ.e,ʒɔθo,ʒɔθe
ʒɔð.i,ʒɔð.u,ʒɔði,ʒɔðu
ʒɔð.e,ʒɔð.o,ʒɔðe,ʒɔðo
ʒɔð.u,ʒɔð.i,ʒɔðu,ʒɔði
ʒɔð.o,ʒɔð.e,ʒɔðo,ʒɔðe
θɔm.i,θɔm.u,θɔmi,θɔmu
θɔm.e,θɔm.o,θɔme,θɔmo
θɔm.u,θɔm.i,θɔmu,θɔmi
θɔm.o,θɔm.e,θɔmo,θɔme
θɔn.i,θɔn.u,θɔni,θɔnu
θɔn.e,θɔn.o,θɔne,θɔno
θɔn.u,θɔn.i,θɔnu,θɔni
θɔn.o,θɔn.e,θɔno,θɔne
θɔŋ.i,θɔŋ.u,θɔŋi,θɔŋu
θɔŋ.e,θɔŋ.o,θɔŋe,θɔŋo
θɔŋ.u,θɔŋ.i,θɔŋu,θɔŋi
θɔŋ.o,θɔŋ.e,θɔŋo,θɔŋe
θɔp.i,θɔp.u,θɔpi,θɔpu
θɔp.e,θɔp.o,θɔpe,θɔpo
θɔp.u,θɔp.i,θɔpu,θɔpi
θɔp.o,θɔp.e,θɔpo,θɔpe
θɔt.i,θɔt.u,θɔti,θɔtu
θɔt.e,θɔt.o,θɔte,θɔto
θɔt.u,θɔt.i,θɔtu,θɔti
θɔt.o,θɔt.e,θɔto,θɔte
θɔk.i,θɔk.u,θɔki,θɔku
θɔk.e,θɔk.o,θɔke,θɔko
θɔk.u,θɔk.i,θɔku,θɔki
θɔk.o,θɔk.e,θɔko,θɔke
θɔb.i,θɔb.u,θɔbi,θɔbu
θɔb.e,θɔb.o,θɔbe,θɔbo
θɔb.u,θɔb.i,θɔbu,θɔbi
θɔb.o,θɔb.e,θɔbo,θɔbe
θɔd.i,θɔd.u,θɔdi,θɔdu
θɔd.e,θɔd.o,θɔde,θɔdo
θɔd.u,θɔd.i,θɔdu,θɔdi
θɔd.o,θɔd.e,θɔdo,θɔde
θɔg.i,θɔg.u,θɔgi,θɔgu
θɔg.e,θɔg.o,θɔge,θɔgo
θɔg.u,θɔg.i,θɔgu,θɔgi
θɔg.o,θɔg.e,θɔgo,θɔge
θɔf.i,θɔf.u,θɔfi,θɔfu
θɔf.e,θɔf.o,θɔfe,θɔfo
θɔf.u,θɔf.i,θɔfu,θɔfi
θɔf.o,θɔf.e,θɔfo,θɔfe
θɔs.i,θɔs.u,θɔsi,θɔsu
θɔs.e,θɔs.o,θɔse,θɔso
θɔs.u,θɔs.i,θɔsu,θɔsi
θɔs.o,θɔs.e,θɔso,θɔse
θɔv.i,θɔv.u,θɔvi,θɔvu
θɔv.e,θɔv.o,θɔve,θɔvo
θɔv.u,θɔv.i,θɔvu,θɔvi
θɔv.o,θɔv.e,θɔvo,θɔve
θɔz.i,θɔz.u,θɔzi,θɔzu
θɔz.e,θɔz.o,θɔze,θɔzo
θɔz.u,θɔz.i,θɔzu,θɔzi
θɔz.o,θɔz.e,θɔzo,θɔze
θɔʃ.i,θɔʃ.u,θɔʃi,θɔʃu
θɔʃ.e,θɔʃ.o,θɔʃe,θɔʃo
θɔʃ.u,θɔʃ.i,θɔʃu,θɔʃi
θɔʃ.o,θɔʃ.e,θɔʃo,θɔʃe
θɔʒ.i,θɔʒ.u,θɔʒi,θɔʒu
θɔʒ.e,θɔʒ.o,θɔʒe,θɔʒo
θɔʒ.u,θɔʒ.i,θɔʒu,θɔʒi
θɔʒ.o,θɔʒ.e,θɔʒo,θɔʒe
θɔθ.i,θɔθ.u,θɔθi,θɔθu
θɔθ.e,θɔθ.o,θɔθe,θɔθo
θɔθ.u,θɔθ.i,θɔθu,θɔθi
θɔθ.o,θɔθ.e,θɔθo,θɔθe
θɔð.i,θɔð.u,θɔði,θɔðu
θɔð.e,θɔð.o,θɔðe,θɔðo
θɔð.u,θɔð.i,θɔðu,θɔði
θɔð.o,θɔð.e,θɔðo,θɔðe
ðɔm.i,ðɔm.u,ðɔmi,ðɔmu
ðɔm.e,ðɔm.o,ðɔme,ðɔmo
ðɔm.u,ðɔm.i,ðɔmu,ðɔmi
ðɔm.o,ðɔm.e,ðɔmo,ðɔme
ðɔn.i,ðɔn.u,ðɔni,ðɔnu
ðɔn.e,ðɔn.o,ðɔne,ðɔno
ðɔn.u,ðɔn.i,ðɔnu,ðɔni
ðɔn.o,ðɔn.e,ðɔno,ðɔne
ðɔŋ.i,ðɔŋ.u,ðɔŋi,ðɔŋu
ðɔŋ.e,ðɔŋ.o,ðɔŋe,ðɔŋo
ðɔŋ.u,ðɔŋ.i,ðɔŋu,ðɔŋi
ðɔŋ.o,ðɔŋ.e,ðɔŋo,ðɔŋe
ðɔp.i,ðɔp.u,ðɔpi,ðɔpu
ðɔp.e,ðɔp.o,ðɔpe,ðɔpo
ðɔp.u,ðɔp.i,ðɔpu,ðɔpi
ðɔp.o,ðɔp.e,ðɔpo,ðɔpe
ðɔt.i,ðɔt.u,ðɔti,ðɔtu
ðɔt.e,ðɔt.o,ðɔte,ðɔto
ðɔt.u,ðɔt.i,ðɔtu,ðɔti
ðɔt.o,ðɔt.e,ðɔto,ðɔte
ðɔk.i,ðɔk.u,ðɔki,ðɔku
ðɔk.e,ðɔk.o,ðɔke,ðɔko
ðɔk.u,ðɔk.i,ðɔku,ðɔki
ðɔk.o,ðɔk.e,ðɔko,ðɔke
ðɔb.i,ðɔb.u,ðɔbi,ðɔbu
ðɔb.e,ðɔb.o,ðɔbe,ðɔbo
ðɔb.u,ðɔb.i,ðɔbu,ðɔbi
ðɔb.o,ðɔb.e,ðɔbo,ðɔbe
ðɔd.i,ðɔd.u,ðɔdi,ðɔdu
ðɔd.e,ðɔd.o,ðɔde,ðɔdo
ðɔd.u,ðɔd.i,ðɔdu,ðɔdi
ðɔd.o,ðɔd.e,ðɔdo,ðɔde
ðɔg.i,ðɔg.u,ðɔgi,ðɔgu
ðɔg.e,ðɔg.o,ðɔge,ðɔgo
ðɔg.u,ðɔg.i,ðɔgu,ðɔgi
ðɔg.o,ðɔg.e,ðɔgo,ðɔge
ðɔf.i,ðɔf.u,ðɔfi,ðɔfu
ðɔf.e,ðɔf.o,ðɔfe,ðɔfo
ðɔf.u,ðɔf.i,ðɔfu,ðɔfi
ðɔf.o,ðɔf.e,ðɔfo,ðɔfe
ðɔs.i,ðɔs.u,ðɔsi,ðɔsu
ðɔs.e,ðɔs.o,ðɔse,ðɔso
ðɔs.u,ðɔs.i,ðɔsu,ðɔsi
ðɔs.o,ðɔs.e,ðɔso,ðɔse
ðɔv.i,ðɔv.u,ðɔvi,ðɔvu
ðɔv.e,ðɔv.o,ðɔve,ðɔvo
ðɔv.u,ðɔv.i,ðɔvu,ðɔvi
ðɔv.o,ðɔv.e,ðɔvo,ðɔve
ðɔz.i,ðɔz.u,ðɔzi,ðɔzu
ðɔz.e,ðɔz.o,ðɔze,ðɔzo
ðɔz.u,ðɔz.i,ðɔzu,ðɔzi
ðɔz.o,ðɔz.e,ðɔzo,ðɔze
ðɔʃ.i,ðɔʃ.u,ðɔʃi,ðɔʃu
ðɔʃ.e,ðɔʃ.o,ðɔʃe,ðɔʃo
ðɔʃ.u,ðɔʃ.i,ðɔʃu,ðɔʃi
ðɔʃ.o,ðɔʃ.e,ðɔʃo,ðɔʃe
ðɔʒ.i,ðɔʒ.u,ðɔʒi,ðɔʒu
ðɔʒ.e,ðɔʒ.o,ðɔʒe,ðɔʒo
ðɔʒ.u,ðɔʒ.i,ðɔʒu,ðɔʒi
ðɔʒ.o,ðɔʒ.e,ðɔʒo,ðɔʒe
ðɔθ.i,ðɔθ.u,ðɔθi,ðɔθu
ðɔθ.e,ðɔθ.o,ðɔθe,ðɔθo
ðɔθ.u,ðɔθ.i,ðɔθu,ðɔθi
ðɔθ.o,ðɔθ.e,ðɔθo,ðɔθe
ðɔð.i,ðɔð.u,ðɔði,ðɔðu
ðɔð.e,ðɔð.o,ðɔðe,ðɔðo
ðɔð.u,ðɔð.i,ðɔðu,ðɔði
ðɔð.o,ðɔð.e,ðɔðo,ðɔðe
hɔm.i,hɔm.u,hɔmi,hɔmu
hɔm.e,hɔm.o,hɔme,hɔmo
hɔm.u,hɔm.i,hɔmu,hɔmi
hɔm.o,hɔm.e,hɔmo,hɔme
hɔn.i,hɔn.u,hɔni,hɔnu
hɔn.e,hɔn.o,hɔne,hɔno
hɔn.u,hɔn.i,hɔnu,hɔni
hɔn.o,hɔn.e,hɔno,hɔne
hɔŋ.i,hɔŋ.u,hɔŋi,hɔŋu
hɔŋ.e,hɔŋ.o,hɔŋe,hɔŋo
hɔŋ.u,hɔŋ.i,hɔŋu,hɔŋi
hɔŋ.o,hɔŋ.e,hɔŋo,hɔŋe
hɔp.i,hɔp.u,hɔpi,hɔpu
hɔp.e,hɔp.o,hɔpe,hɔpo
hɔp.u,hɔp.i,hɔpu,hɔpi
hɔp.o,hɔp.e,hɔpo,hɔpe
hɔt.i,hɔt.u,hɔti,hɔtu
hɔt.e,hɔt.o,hɔte,hɔto
hɔt.u,hɔt.i,hɔtu,hɔti
hɔt.o,hɔt.e,hɔto,hɔte
hɔk.i,hɔk.u,hɔki,hɔku
hɔk.e,hɔk.o,hɔke,hɔko
hɔk.u,hɔk.i,hɔku,hɔki
hɔk.o,hɔk.e,hɔko,hɔke
hɔb.i,hɔb.u,hɔbi,hɔbu
hɔb.e,hɔb.o,hɔbe,hɔbo
hɔb.u,hɔb.i,hɔbu,hɔbi
hɔb.o,hɔb.e,hɔbo,hɔbe
hɔd.i,hɔd.u,hɔdi,hɔdu
hɔd.e,hɔd.o,hɔde,hɔdo
hɔd.u,hɔd.i,hɔdu,hɔdi
hɔd.o,hɔd.e,hɔdo,hɔde
hɔg.i,hɔg.u,hɔgi,hɔgu
hɔg.e,hɔg.o,hɔge,hɔgo
hɔg.u,hɔg.i,hɔgu,hɔgi
hɔg.o,hɔg.e,hɔgo,hɔge
hɔf.i,hɔf.u,hɔfi,hɔfu
hɔf.e,hɔf.o,hɔfe,hɔfo
hɔf.u,hɔf.i,hɔfu,hɔfi
hɔf.o,hɔf.e,hɔfo,hɔfe
hɔs.i,hɔs.u,hɔsi,hɔsu
hɔs.e,hɔs.o,hɔse,hɔso
hɔs.u,hɔs.i,hɔsu,hɔsi
hɔs.o,hɔs.e,hɔso,hɔse
hɔv.i,hɔv.u,hɔvi,hɔvu
hɔv.e,hɔv.o,hɔve,hɔvo
hɔv.u,hɔv.i,hɔvu,hɔvi
hɔv.o,hɔv.e,hɔvo,hɔve
hɔz.i,hɔz.u,hɔzi,hɔzu
hɔz.e,hɔz.o,hɔze,hɔzo
hɔz.u,hɔz.i,hɔzu,hɔzi
hɔz.o,hɔz.e,hɔzo,hɔze
hɔʃ.i,hɔʃ.u,hɔʃi,hɔʃu
hɔʃ.e,hɔʃ.o,hɔʃe,hɔʃo
hɔʃ.u,hɔʃ.i,hɔʃu,hɔʃi
hɔʃ.o,hɔʃ.e,hɔʃo,hɔʃe
hɔʒ.i,hɔʒ.u,hɔʒi,hɔʒu
hɔʒ.e,hɔʒ.o,hɔʒe,hɔʒo
hɔʒ.u,hɔʒ.i,hɔʒu,hɔʒi
hɔʒ.o,hɔʒ.e,hɔʒo,hɔʒe
hɔθ.i,hɔθ.u,hɔθi,hɔθu
hɔθ.e,hɔθ.o,hɔθe,hɔθo
hɔθ.u,hɔθ.i,hɔθu,hɔθi
hɔθ.o,hɔθ.e,hɔθo,hɔθe
hɔð.i,hɔð.u,hɔði,hɔðu
hɔð.e,hɔð.o,hɔðe,hɔðo
hɔð.u,hɔð.i,hɔðu,hɔði
hɔð.o,hɔð.e,hɔðo,hɔðe
