ur_syll,sr_syll,ur_string,sr_string,ur_var,sr_var
i.mi,i.mi,imi,imi,imi,imi
i.ni,i.ni,ini,ini,ini,ini
i.pi,i.pi,ipi,ipi,ipi,ipi
i.ti,i.ti,iti,iti,iti,iti
i.ki,i.ki,iki,iki,iki,iki
i.bi,i.bi,ibi,ibi,ibi,ibi
i.di,i.di,idi,idi,idi,idi
i.gi,i.gi,igi,igi,igi,igi
i.fi,i.fi,ifi,ifi,ifi,ifi
i.si,i.si,isi,isi,isi,isi
i.vi,i.vi,ivi,ivi,ivi,ivi
i.zi,i.zi,izi,izi,izi,izi
i.ʃi,i.ʃi,iʃi,iʃi,iʃi,iʃi
i.ʒi,i.ʒi,iʒi,iʒi,iʒi,iʒi
i.θi,i.θi,iθi,iθi,iθi,iθi
i.ði,i.ði,iði,iði,iði,iði
i.hi,i.hi,ihi,ihi,ihi,ihi
i.me,i.me,ime,ime,imeɪ,imeɪ
i.ne,i.ne,ine,ine,ineɪ,ineɪ
i.pe,i.pe,ipe,ipe,ipeɪ,ipeɪ
i.te,i.te,ite,ite,iteɪ,iteɪ
i.ke,i.ke,ike,ike,ikeɪ,ikeɪ
i.be,i.be,ibe,ibe,ibeɪ,ibeɪ
i.de,i.de,ide,ide,ideɪ,ideɪ
i.ge,i.ge,ige,ige,igeɪ,igeɪ
i.fe,i.fe,ife,ife,ifeɪ,ifeɪ
i.se,i.se,ise,ise,iseɪ,iseɪ
i.ve,i.ve,ive,ive,iveɪ,iveɪ
i.ze,i.ze,ize,ize,izeɪ,izeɪ
i.ʃe,i.ʃe,iʃe,iʃe,iʃeɪ,iʃeɪ
i.ʒe,i.ʒe,iʒe,iʒe,iʒeɪ,iʒeɪ
i.θe,i.θe,iθe,iθe,iθeɪ,iθeɪ
i.ðe,i.ðe,iðe,iðe,iðeɪ,iðeɪ
i.he,i.he,ihe,ihe,iheɪ,iheɪ
i.mu,i.mu,imu,imu,imu,imu
i.nu,i.nu,inu,inu,inu,inu
i.pu,i.pu,ipu,ipu,ipu,ipu
i.tu,i.tu,itu,itu,itu,itu
i.ku,i.ku,iku,iku,iku,iku
i.bu,i.bu,ibu,ibu,ibu,ibu
i.du,i.du,idu,idu,idu,idu
i.gu,i.gu,igu,igu,igu,igu
i.fu,i.fu,ifu,ifu,ifu,ifu
i.su,i.su,isu,isu,isu,isu
i.vu,i.vu,ivu,ivu,ivu,ivu
i.zu,i.zu,izu,izu,izu,izu
i.ʃu,i.ʃu,iʃu,iʃu,iʃu,iʃu
i.ʒu,i.ʒu,iʒu,iʒu,iʒu,iʒu
i.θu,i.θu,iθu,iθu,iθu,iθu
i.ðu,i.ðu,iðu,iðu,iðu,iðu
i.hu,i.hu,ihu,ihu,ihu,ihu
i.mo,i.mo,imo,imo,imoʊ,imoʊ
i.no,i.no,ino,ino,inoʊ,inoʊ
i.po,i.po,ipo,ipo,ipoʊ,ipoʊ
i.to,i.to,ito,ito,itoʊ,itoʊ
i.ko,i.ko,iko,iko,ikoʊ,ikoʊ
i.bo,i.bo,ibo,ibo,iboʊ,iboʊ
i.do,i.do,ido,ido,idoʊ,idoʊ
i.go,i.go,igo,igo,igoʊ,igoʊ
i.fo,i.fo,ifo,ifo,ifoʊ,ifoʊ
i.so,i.so,iso,iso,isoʊ,isoʊ
i.vo,i.vo,ivo,ivo,ivoʊ,ivoʊ
i.zo,i.zo,izo,izo,izoʊ,izoʊ
i.ʃo,i.ʃo,iʃo,iʃo,iʃoʊ,iʃoʊ
i.ʒo,i.ʒo,iʒo,iʒo,iʒoʊ,iʒoʊ
i.θo,i.θo,iθo,iθo,iθoʊ,iθoʊ
i.ðo,i.ðo,iðo,iðo,iðoʊ,iðoʊ
i.ho,i.ho,iho,iho,ihoʊ,ihoʊ
e.mi,e.mi,emi,emi,eɪmi,eɪmi
e.ni,e.ni,eni,eni,eɪni,eɪni
e.pi,e.pi,epi,epi,eɪpi,eɪpi
e.ti,e.ti,eti,eti,eɪti,eɪti
e.ki,e.ki,eki,eki,eɪki,eɪki
e.bi,e.bi,ebi,ebi,eɪbi,eɪbi
e.di,e.di,edi,edi,eɪdi,eɪdi
e.gi,e.gi,egi,egi,eɪgi,eɪgi
e.fi,e.fi,efi,efi,eɪfi,eɪfi
e.si,e.si,esi,esi,eɪsi,eɪsi
e.vi,e.vi,evi,evi,eɪvi,eɪvi
e.zi,e.zi,ezi,ezi,eɪzi,eɪzi
e.ʃi,e.ʃi,eʃi,eʃi,eɪʃi,eɪʃi
e.ʒi,e.ʒi,eʒi,eʒi,eɪʒi,eɪʒi
e.θi,e.θi,eθi,eθi,eɪθi,eɪθi
e.ði,e.ði,eði,eði,eɪði,eɪði
e.hi,e.hi,ehi,ehi,eɪhi,eɪhi
e.me,e.me,eme,eme,eɪmeɪ,eɪmeɪ
e.ne,e.ne,ene,ene,eɪneɪ,eɪneɪ
e.pe,e.pe,epe,epe,eɪpeɪ,eɪpeɪ
e.te,e.te,ete,ete,eɪteɪ,eɪteɪ
e.ke,e.ke,eke,eke,eɪkeɪ,eɪkeɪ
e.be,e.be,ebe,ebe,eɪbeɪ,eɪbeɪ
e.de,e.de,ede,ede,eɪdeɪ,eɪdeɪ
e.ge,e.ge,ege,ege,eɪgeɪ,eɪgeɪ
e.fe,e.fe,efe,efe,eɪfeɪ,eɪfeɪ
e.se,e.se,ese,ese,eɪseɪ,eɪseɪ
e.ve,e.ve,eve,eve,eɪveɪ,eɪveɪ
e.ze,e.ze,eze,eze,eɪzeɪ,eɪzeɪ
e.ʃe,e.ʃe,eʃe,eʃe,eɪʃeɪ,eɪʃeɪ
e.ʒe,e.ʒe,eʒe,eʒe,eɪʒeɪ,eɪʒeɪ
e.θe,e.θe,eθe,eθe,eɪθeɪ,eɪθeɪ
e.ðe,e.ðe,eðe,eðe,eɪðeɪ,eɪðeɪ
e.he,e.he,ehe,ehe,eɪheɪ,eɪheɪ
e.mu,e.mu,emu,emu,eɪmu,eɪmu
e.nu,e.nu,enu,enu,eɪnu,eɪnu
e.pu,e.pu,epu,epu,eɪpu,eɪpu
e.tu,e.tu,etu,etu,eɪtu,eɪtu
e.ku,e.ku,eku,eku,eɪku,eɪku
e.bu,e.bu,ebu,ebu,eɪbu,eɪbu
e.du,e.du,edu,edu,eɪdu,eɪdu
e.gu,e.gu,egu,egu,eɪgu,eɪgu
e.fu,e.fu,efu,efu,eɪfu,eɪfu
e.su,e.su,esu,esu,eɪsu,eɪsu
e.vu,e.vu,evu,evu,eɪvu,eɪvu
e.zu,e.zu,ezu,ezu,eɪzu,eɪzu
e.ʃu,e.ʃu,eʃu,eʃu,eɪʃu,eɪʃu
e.ʒu,e.ʒu,eʒu,eʒu,eɪʒu,eɪʒu
e.θu,e.θu,eθu,eθu,eɪθu,eɪθu
e.ðu,e.ðu,eðu,eðu,eɪðu,eɪðu
e.hu,e.hu,ehu,ehu,eɪhu,eɪhu
e.mo,e.mo,emo,emo,eɪmoʊ,eɪmoʊ
e.no,e.no,eno,eno,eɪnoʊ,eɪnoʊ
e.po,e.po,epo,epo,eɪpoʊ,eɪpoʊ
e.to,e.to,eto,eto,eɪtoʊ,eɪtoʊ
e.ko,e.ko,eko,eko,eɪkoʊ,eɪkoʊ
e.bo,e.bo,ebo,ebo,eɪboʊ,eɪboʊ
e.do,e.do,edo,edo,eɪdoʊ,eɪdoʊ
e.go,e.go,ego,ego,eɪgoʊ,eɪgoʊ
e.fo,e.fo,efo,efo,eɪfoʊ,eɪfoʊ
e.so,e.so,eso,eso,eɪsoʊ,eɪsoʊ
e.vo,e.vo,evo,evo,eɪvoʊ,eɪvoʊ
e.zo,e.zo,ezo,ezo,eɪzoʊ,eɪzoʊ
e.ʃo,e.ʃo,eʃo,eʃo,eɪʃoʊ,eɪʃoʊ
e.ʒo,e.ʒo,eʒo,eʒo,eɪʒoʊ,eɪʒoʊ
e.θo,e.θo,eθo,eθo,eɪθoʊ,eɪθoʊ
e.ðo,e.ðo,eðo,eðo,eɪðoʊ,eɪðoʊ
e.ho,e.ho,eho,eho,eɪhoʊ,eɪhoʊ
u.mi,u.mi,umi,umi,umi,umi
u.ni,u.ni,uni,uni,uni,uni
u.pi,u.pi,upi,upi,upi,upi
u.ti,u.ti,uti,uti,uti,uti
u.ki,u.ki,uki,uki,uki,uki
u.bi,u.bi,ubi,ubi,ubi,ubi
u.di,u.di,udi,udi,udi,udi
u.gi,u.gi,ugi,ugi,ugi,ugi
u.fi,u.fi,ufi,ufi,ufi,ufi
u.si,u.si,usi,usi,usi,usi
u.vi,u.vi,uvi,uvi,uvi,uvi
u.zi,u.zi,uzi,uzi,uzi,uzi
u.ʃi,u.ʃi,uʃi,uʃi,uʃi,uʃi
u.ʒi,u.ʒi,uʒi,uʒi,uʒi,uʒi
u.θi,u.θi,uθi,uθi,uθi,uθi
u.ði,u.ði,uði,uði,uði,uði
u.hi,u.hi,uhi,uhi,uhi,uhi
u.me,u.me,ume,ume,umeɪ,umeɪ
u.ne,u.ne,une,une,uneɪ,uneɪ
u.pe,u.pe,upe,upe,upeɪ,upeɪ
u.te,u.te,ute,ute,uteɪ,uteɪ
u.ke,u.ke,uke,uke,ukeɪ,ukeɪ
u.be,u.be,ube,ube,ubeɪ,ubeɪ
u.de,u.de,ude,ude,udeɪ,udeɪ
u.ge,u.ge,uge,uge,ugeɪ,ugeɪ
u.fe,u.fe,ufe,ufe,ufeɪ,ufeɪ
u.se,u.se,use,use,useɪ,useɪ
u.ve,u.ve,uve,uve,uveɪ,uveɪ
u.ze,u.ze,uze,uze,uzeɪ,uzeɪ
u.ʃe,u.ʃe,uʃe,uʃe,uʃeɪ,uʃeɪ
u.ʒe,u.ʒe,uʒe,uʒe,uʒeɪ,uʒeɪ
u.θe,u.θe,uθe,uθe,uθeɪ,uθeɪ
u.ðe,u.ðe,uðe,uðe,uðeɪ,uðeɪ
u.he,u.he,uhe,uhe,uheɪ,uheɪ
u.mu,u.mu,umu,umu,umu,umu
u.nu,u.nu,unu,unu,unu,unu
u.pu,u.pu,upu,upu,upu,upu
u.tu,u.tu,utu,utu,utu,utu
u.ku,u.ku,uku,uku,uku,uku
u.bu,u.bu,ubu,ubu,ubu,ubu
u.du,u.du,udu,udu,udu,udu
u.gu,u.gu,ugu,ugu,ugu,ugu
u.fu,u.fu,ufu,ufu,ufu,ufu
u.su,u.su,usu,usu,usu,usu
u.vu,u.vu,uvu,uvu,uvu,uvu
u.zu,u.zu,uzu,uzu,uzu,uzu
u.ʃu,u.ʃu,uʃu,uʃu,uʃu,uʃu
u.ʒu,u.ʒu,uʒu,uʒu,uʒu,uʒu
u.θu,u.θu,uθu,uθu,uθu,uθu
u.ðu,u.ðu,uðu,uðu,uðu,uðu
u.hu,u.hu,uhu,uhu,uhu,uhu
u.mo,u.mo,umo,umo,umoʊ,umoʊ
u.no,u.no,uno,uno,unoʊ,unoʊ
u.po,u.po,upo,upo,upoʊ,upoʊ
u.to,u.to,uto,uto,utoʊ,utoʊ
u.ko,u.ko,uko,uko,ukoʊ,ukoʊ
u.bo,u.bo,ubo,ubo,uboʊ,uboʊ
u.do,u.do,udo,udo,udoʊ,udoʊ
u.go,u.go,ugo,ugo,ugoʊ,ugoʊ
u.fo,u.fo,ufo,ufo,ufoʊ,ufoʊ
u.so,u.so,uso,uso,usoʊ,usoʊ
u.vo,u.vo,uvo,uvo,uvoʊ,uvoʊ
u.zo,u.zo,uzo,uzo,uzoʊ,uzoʊ
u.ʃo,u.ʃo,uʃo,uʃo,uʃoʊ,uʃoʊ
u.ʒo,u.ʒo,uʒo,uʒo,uʒoʊ,uʒoʊ
u.θo,u.θo,uθo,uθo,uθoʊ,uθoʊ
u.ðo,u.ðo,uðo,uðo,uðoʊ,uðoʊ
u.ho,u.ho,uho,uho,uhoʊ,uhoʊ
o.mi,o.mi,omi,omi,oʊmi,oʊmi
o.ni,o.ni,oni,oni,oʊni,oʊni
o.pi,o.pi,opi,opi,oʊpi,oʊpi
o.ti,o.ti,oti,oti,oʊti,oʊti
o.ki,o.ki,oki,oki,oʊki,oʊki
o.bi,o.bi,obi,obi,oʊbi,oʊbi
o.di,o.di,odi,odi,oʊdi,oʊdi
o.gi,o.gi,ogi,ogi,oʊgi,oʊgi
o.fi,o.fi,ofi,ofi,oʊfi,oʊfi
o.si,o.si,osi,osi,oʊsi,oʊsi
o.vi,o.vi,ovi,ovi,oʊvi,oʊvi
o.zi,o.zi,ozi,ozi,oʊzi,oʊzi
o.ʃi,o.ʃi,oʃi,oʃi,oʊʃi,oʊʃi
o.ʒi,o.ʒi,oʒi,oʒi,oʊʒi,oʊʒi
o.θi,o.θi,oθi,oθi,oʊθi,oʊθi
o.ði,o.ði,oði,oði,oʊði,oʊði
o.hi,o.hi,ohi,ohi,oʊhi,oʊhi
o.me,o.me,ome,ome,oʊmeɪ,oʊmeɪ
o.ne,o.ne,one,one,oʊneɪ,oʊneɪ
o.pe,o.pe,ope,ope,oʊpeɪ,oʊpeɪ
o.te,o.te,ote,ote,oʊteɪ,oʊteɪ
o.ke,o.ke,oke,oke,oʊkeɪ,oʊkeɪ
o.be,o.be,obe,obe,oʊbeɪ,oʊbeɪ
o.de,o.de,ode,ode,oʊdeɪ,oʊdeɪ
o.ge,o.ge,oge,oge,oʊgeɪ,oʊgeɪ
o.fe,o.fe,ofe,ofe,oʊfeɪ,oʊfeɪ
o.se,o.se,ose,ose,oʊseɪ,oʊseɪ
o.ve,o.ve,ove,ove,oʊveɪ,oʊveɪ
o.ze,o.ze,oze,oze,oʊzeɪ,oʊzeɪ
o.ʃe,o.ʃe,oʃe,oʃe,oʊʃeɪ,oʊʃeɪ
o.ʒe,o.ʒe,oʒe,oʒe,oʊʒeɪ,oʊʒeɪ
o.θe,o.θe,oθe,oθe,oʊθeɪ,oʊθeɪ
o.ðe,o.ðe,oðe,oðe,oʊðeɪ,oʊðeɪ
o.he,o.he,ohe,ohe,oʊheɪ,oʊheɪ
o.mu,o.mu,omu,omu,oʊmu,oʊmu
o.nu,o.nu,onu,onu,oʊnu,oʊnu
o.pu,o.pu,opu,opu,oʊpu,oʊpu
o.tu,o.tu,otu,otu,oʊtu,oʊtu
o.ku,o.ku,oku,oku,oʊku,oʊku
o.bu,o.bu,obu,obu,oʊbu,oʊbu
o.du,o.du,odu,odu,oʊdu,oʊdu
o.gu,o.gu,ogu,ogu,oʊgu,oʊgu
o.fu,o.fu,ofu,ofu,oʊfu,oʊfu
o.su,o.su,osu,osu,oʊsu,oʊsu
o.vu,o.vu,ovu,ovu,oʊvu,oʊvu
o.zu,o.zu,ozu,ozu,oʊzu,oʊzu
o.ʃu,o.ʃu,oʃu,oʃu,oʊʃu,oʊʃu
o.ʒu,o.ʒu,oʒu,oʒu,oʊʒu,oʊʒu
o.θu,o.θu,oθu,oθu,oʊθu,oʊθu
o.ðu,o.ðu,oðu,oðu,oʊðu,oʊðu
o.hu,o.hu,ohu,ohu,oʊhu,oʊhu
o.mo,o.mo,omo,omo,oʊmoʊ,oʊmoʊ
o.no,o.no,ono,ono,oʊnoʊ,oʊnoʊ
o.po,o.po,opo,opo,oʊpoʊ,oʊpoʊ
o.to,o.to,oto,oto,oʊtoʊ,oʊtoʊ
o.ko,o.ko,oko,oko,oʊkoʊ,oʊkoʊ
o.bo,o.bo,obo,obo,oʊboʊ,oʊboʊ
o.do,o.do,odo,odo,oʊdoʊ,oʊdoʊ
o.go,o.go,ogo,ogo,oʊgoʊ,oʊgoʊ
o.fo,o.fo,ofo,ofo,oʊfoʊ,oʊfoʊ
o.so,o.so,oso,oso,oʊsoʊ,oʊsoʊ
o.vo,o.vo,ovo,ovo,oʊvoʊ,oʊvoʊ
o.zo,o.zo,ozo,ozo,oʊzoʊ,oʊzoʊ
o.ʃo,o.ʃo,oʃo,oʃo,oʊʃoʊ,oʊʃoʊ
o.ʒo,o.ʒo,oʒo,oʒo,oʊʒoʊ,oʊʒoʊ
o.θo,o.θo,oθo,oθo,oʊθoʊ,oʊθoʊ
o.ðo,o.ðo,oðo,oðo,oʊðoʊ,oʊðoʊ
o.ho,o.ho,oho,oho,oʊhoʊ,oʊhoʊ
i.mɪm,i.mɪm,imɪm,imɪm,imɪm,imɪm
i.mɪn,i.mɪn,imɪn,imɪn,imɪn,imɪn
i.mɪŋ,i.mɪŋ,imɪŋ,imɪŋ,imɪŋ,imɪŋ
i.mɪp,i.mɪp,imɪp,imɪp,imɪp,imɪp
i.mɪt,i.mɪt,imɪt,imɪt,imɪt,imɪt
i.mɪk,i.mɪk,imɪk,imɪk,imɪk,imɪk
i.mɪb,i.mɪb,imɪb,imɪb,imɪb,imɪb
i.mɪd,i.mɪd,imɪd,imɪd,imɪd,imɪd
i.mɪg,i.mɪg,imɪg,imɪg,imɪg,imɪg
i.mɪf,i.mɪf,imɪf,imɪf,imɪf,imɪf
i.mɪs,i.mɪs,imɪs,imɪs,imɪs,imɪs
i.mɪv,i.mɪv,imɪv,imɪv,imɪv,imɪv
i.mɪz,i.mɪz,imɪz,imɪz,imɪz,imɪz
i.mɪʃ,i.mɪʃ,imɪʃ,imɪʃ,imɪʃ,imɪʃ
i.mɪʒ,i.mɪʒ,imɪʒ,imɪʒ,imɪʒ,imɪʒ
i.mɪθ,i.mɪθ,imɪθ,imɪθ,imɪθ,imɪθ
i.mɪð,i.mɪð,imɪð,imɪð,imɪð,imɪð
i.nɪm,i.nɪm,inɪm,inɪm,inɪm,inɪm
i.nɪn,i.nɪn,inɪn,inɪn,inɪn,inɪn
i.nɪŋ,i.nɪŋ,inɪŋ,inɪŋ,inɪŋ,inɪŋ
i.nɪp,i.nɪp,inɪp,inɪp,inɪp,inɪp
i.nɪt,i.nɪt,inɪt,inɪt,inɪt,inɪt
i.nɪk,i.nɪk,inɪk,inɪk,inɪk,inɪk
i.nɪb,i.nɪb,inɪb,inɪb,inɪb,inɪb
i.nɪd,i.nɪd,inɪd,inɪd,inɪd,inɪd
i.nɪg,i.nɪg,inɪg,inɪg,inɪg,inɪg
i.nɪf,i.nɪf,inɪf,inɪf,inɪf,inɪf
i.nɪs,i.nɪs,inɪs,inɪs,inɪs,inɪs
i.nɪv,i.nɪv,inɪv,inɪv,inɪv,inɪv
i.nɪz,i.nɪz,inɪz,inɪz,inɪz,inɪz
i.nɪʃ,i.nɪʃ,inɪʃ,inɪʃ,inɪʃ,inɪʃ
i.nɪʒ,i.nɪʒ,inɪʒ,inɪʒ,inɪʒ,inɪʒ
i.nɪθ,i.nɪθ,inɪθ,inɪθ,inɪθ,inɪθ
i.nɪð,i.nɪð,inɪð,inɪð,inɪð,inɪð
i.pɪm,i.pɪm,ipɪm,ipɪm,ipɪm,ipɪm
i.pɪn,i.pɪn,ipɪn,ipɪn,ipɪn,ipɪn
i.pɪŋ,i.pɪŋ,ipɪŋ,ipɪŋ,ipɪŋ,ipɪŋ
i.pɪp,i.pɪp,ipɪp,ipɪp,ipɪp,ipɪp
i.pɪt,i.pɪt,ipɪt,ipɪt,ipɪt,ipɪt
i.pɪk,i.pɪk,ipɪk,ipɪk,ipɪk,ipɪk
i.pɪb,i.pɪb,ipɪb,ipɪb,ipɪb,ipɪb
i.pɪd,i.pɪd,ipɪd,ipɪd,ipɪd,ipɪd
i.pɪg,i.pɪg,ipɪg,ipɪg,ipɪg,ipɪg
i.pɪf,i.pɪf,ipɪf,ipɪf,ipɪf,ipɪf
i.pɪs,i.pɪs,ipɪs,ipɪs,ipɪs,ipɪs
i.pɪv,i.pɪv,ipɪv,ipɪv,ipɪv,ipɪv
i.pɪz,i.pɪz,ipɪz,ipɪz,ipɪz,ipɪz
i.pɪʃ,i.pɪʃ,ipɪʃ,ipɪʃ,ipɪʃ,ipɪʃ
i.pɪʒ,i.pɪʒ,ipɪʒ,ipɪʒ,ipɪʒ,ipɪʒ
i.pɪθ,i.pɪθ,ipɪθ,ipɪθ,ipɪθ,ipɪθ
i.pɪð,i.pɪð,ipɪð,ipɪð,ipɪð,ipɪð
i.tɪm,i.tɪm,itɪm,itɪm,itɪm,itɪm
i.tɪn,i.tɪn,itɪn,itɪn,itɪn,itɪn
i.tɪŋ,i.tɪŋ,itɪŋ,itɪŋ,itɪŋ,itɪŋ
i.tɪp,i.tɪp,itɪp,itɪp,itɪp,itɪp
i.tɪt,i.tɪt,itɪt,itɪt,itɪt,itɪt
i.tɪk,i.tɪk,itɪk,itɪk,itɪk,itɪk
i.tɪb,i.tɪb,itɪb,itɪb,itɪb,itɪb
i.tɪd,i.tɪd,itɪd,itɪd,itɪd,itɪd
i.tɪg,i.tɪg,itɪg,itɪg,itɪg,itɪg
i.tɪf,i.tɪf,itɪf,itɪf,itɪf,itɪf
i.tɪs,i.tɪs,itɪs,itɪs,itɪs,itɪs
i.tɪv,i.tɪv,itɪv,itɪv,itɪv,itɪv
i.tɪz,i.tɪz,itɪz,itɪz,itɪz,itɪz
i.tɪʃ,i.tɪʃ,itɪʃ,itɪʃ,itɪʃ,itɪʃ
i.tɪʒ,i.tɪʒ,itɪʒ,itɪʒ,itɪʒ,itɪʒ
i.tɪθ,i.tɪθ,itɪθ,itɪθ,itɪθ,itɪθ
i.tɪð,i.tɪð,itɪð,itɪð,itɪð,itɪð
i.kɪm,i.kɪm,ikɪm,ikɪm,ikɪm,ikɪm
i.kɪn,i.kɪn,ikɪn,ikɪn,ikɪn,ikɪn
i.kɪŋ,i.kɪŋ,ikɪŋ,ikɪŋ,ikɪŋ,ikɪŋ
i.kɪp,i.kɪp,ikɪp,ikɪp,ikɪp,ikɪp
i.kɪt,i.kɪt,ikɪt,ikɪt,ikɪt,ikɪt
i.kɪk,i.kɪk,ikɪk,ikɪk,ikɪk,ikɪk
i.kɪb,i.kɪb,ikɪb,ikɪb,ikɪb,ikɪb
i.kɪd,i.kɪd,ikɪd,ikɪd,ikɪd,ikɪd
i.kɪg,i.kɪg,ikɪg,ikɪg,ikɪg,ikɪg
i.kɪf,i.kɪf,ikɪf,ikɪf,ikɪf,ikɪf
i.kɪs,i.kɪs,ikɪs,ikɪs,ikɪs,ikɪs
i.kɪv,i.kɪv,ikɪv,ikɪv,ikɪv,ikɪv
i.kɪz,i.kɪz,ikɪz,ikɪz,ikɪz,ikɪz
i.kɪʃ,i.kɪʃ,ikɪʃ,ikɪʃ,ikɪʃ,ikɪʃ
i.kɪʒ,i.kɪʒ,ikɪʒ,ikɪʒ,ikɪʒ,ikɪʒ
i.kɪθ,i.kɪθ,ikɪθ,ikɪθ,ikɪθ,ikɪθ
i.kɪð,i.kɪð,ikɪð,ikɪð,ikɪð,ikɪð
i.bɪm,i.bɪm,ibɪm,ibɪm,ibɪm,ibɪm
i.bɪn,i.bɪn,ibɪn,ibɪn,ibɪn,ibɪn
i.bɪŋ,i.bɪŋ,ibɪŋ,ibɪŋ,ibɪŋ,ibɪŋ
i.bɪp,i.bɪp,ibɪp,ibɪp,ibɪp,ibɪp
i.bɪt,i.bɪt,ibɪt,ibɪt,ibɪt,ibɪt
i.bɪk,i.bɪk,ibɪk,ibɪk,ibɪk,ibɪk
i.bɪb,i.bɪb,ibɪb,ibɪb,ibɪb,ibɪb
i.bɪd,i.bɪd,ibɪd,ibɪd,ibɪd,ibɪd
i.bɪg,i.bɪg,ibɪg,ibɪg,ibɪg,ibɪg
i.bɪf,i.bɪf,ibɪf,ibɪf,ibɪf,ibɪf
i.bɪs,i.bɪs,ibɪs,ibɪs,ibɪs,ibɪs
i.bɪv,i.bɪv,ibɪv,ibɪv,ibɪv,ibɪv
i.bɪz,i.bɪz,ibɪz,ibɪz,ibɪz,ibɪz
i.bɪʃ,i.bɪʃ,ibɪʃ,ibɪʃ,ibɪʃ,ibɪʃ
i.bɪʒ,i.bɪʒ,ibɪʒ,ibɪʒ,ibɪʒ,ibɪʒ
i.bɪθ,i.bɪθ,ibɪθ,ibɪθ,ibɪθ,ibɪθ
i.bɪð,i.bɪð,ibɪð,ibɪð,ibɪð,ibɪð
i.dɪm,i.dɪm,idɪm,idɪm,idɪm,idɪm
i.dɪn,i.dɪn,idɪn,idɪn,idɪn,idɪn
i.dɪŋ,i.dɪŋ,idɪŋ,idɪŋ,idɪŋ,idɪŋ
i.dɪp,i.dɪp,idɪp,idɪp,idɪp,idɪp
i.dɪt,i.dɪt,idɪt,idɪt,idɪt,idɪt
i.dɪk,i.dɪk,idɪk,idɪk,idɪk,idɪk
i.dɪb,i.dɪb,idɪb,idɪb,idɪb,idɪb
i.dɪd,i.dɪd,idɪd,idɪd,idɪd,idɪd
i.dɪg,i.dɪg,idɪg,idɪg,idɪg,idɪg
i.dɪf,i.dɪf,idɪf,idɪf,idɪf,idɪf
i.dɪs,i.dɪs,idɪs,idɪs,idɪs,idɪs
i.dɪv,i.dɪv,idɪv,idɪv,idɪv,idɪv
i.dɪz,i.dɪz,idɪz,idɪz,idɪz,idɪz
i.dɪʃ,i.dɪʃ,idɪʃ,idɪʃ,idɪʃ,idɪʃ
i.dɪʒ,i.dɪʒ,idɪʒ,idɪʒ,idɪʒ,idɪʒ
i.dɪθ,i.dɪθ,idɪθ,idɪθ,idɪθ,idɪθ
i.dɪð,i.dɪð,idɪð,idɪð,idɪð,idɪð
i.gɪm,i.gɪm,igɪm,igɪm,igɪm,igɪm
i.gɪn,i.gɪn,igɪn,igɪn,igɪn,igɪn
i.gɪŋ,i.gɪŋ,igɪŋ,igɪŋ,igɪŋ,igɪŋ
i.gɪp,i.gɪp,igɪp,igɪp,igɪp,igɪp
i.gɪt,i.gɪt,igɪt,igɪt,igɪt,igɪt
i.gɪk,i.gɪk,igɪk,igɪk,igɪk,igɪk
i.gɪb,i.gɪb,igɪb,igɪb,igɪb,igɪb
i.gɪd,i.gɪd,igɪd,igɪd,igɪd,igɪd
i.gɪg,i.gɪg,igɪg,igɪg,igɪg,igɪg
i.gɪf,i.gɪf,igɪf,igɪf,igɪf,igɪf
i.gɪs,i.gɪs,igɪs,igɪs,igɪs,igɪs
i.gɪv,i.gɪv,igɪv,igɪv,igɪv,igɪv
i.gɪz,i.gɪz,igɪz,igɪz,igɪz,igɪz
i.gɪʃ,i.gɪʃ,igɪʃ,igɪʃ,igɪʃ,igɪʃ
i.gɪʒ,i.gɪʒ,igɪʒ,igɪʒ,igɪʒ,igɪʒ
i.gɪθ,i.gɪθ,igɪθ,igɪθ,igɪθ,igɪθ
i.gɪð,i.gɪð,igɪð,igɪð,igɪð,igɪð
i.fɪm,i.fɪm,ifɪm,ifɪm,ifɪm,ifɪm
i.fɪn,i.fɪn,ifɪn,ifɪn,ifɪn,ifɪn
i.fɪŋ,i.fɪŋ,ifɪŋ,ifɪŋ,ifɪŋ,ifɪŋ
i.fɪp,i.fɪp,ifɪp,ifɪp,ifɪp,ifɪp
i.fɪt,i.fɪt,ifɪt,ifɪt,ifɪt,ifɪt
i.fɪk,i.fɪk,ifɪk,ifɪk,ifɪk,ifɪk
i.fɪb,i.fɪb,ifɪb,ifɪb,ifɪb,ifɪb
i.fɪd,i.fɪd,ifɪd,ifɪd,ifɪd,ifɪd
i.fɪg,i.fɪg,ifɪg,ifɪg,ifɪg,ifɪg
i.fɪf,i.fɪf,ifɪf,ifɪf,ifɪf,ifɪf
i.fɪs,i.fɪs,ifɪs,ifɪs,ifɪs,ifɪs
i.fɪv,i.fɪv,ifɪv,ifɪv,ifɪv,ifɪv
i.fɪz,i.fɪz,ifɪz,ifɪz,ifɪz,ifɪz
i.fɪʃ,i.fɪʃ,ifɪʃ,ifɪʃ,ifɪʃ,ifɪʃ
i.fɪʒ,i.fɪʒ,ifɪʒ,ifɪʒ,ifɪʒ,ifɪʒ
i.fɪθ,i.fɪθ,ifɪθ,ifɪθ,ifɪθ,ifɪθ
i.fɪð,i.fɪð,ifɪð,ifɪð,ifɪð,ifɪð
i.sɪm,i.sɪm,isɪm,isɪm,isɪm,isɪm
i.sɪn,i.sɪn,isɪn,isɪn,isɪn,isɪn
i.sɪŋ,i.sɪŋ,isɪŋ,isɪŋ,isɪŋ,isɪŋ
i.sɪp,i.sɪp,isɪp,isɪp,isɪp,isɪp
i.sɪt,i.sɪt,isɪt,isɪt,isɪt,isɪt
i.sɪk,i.sɪk,isɪk,isɪk,isɪk,isɪk
i.sɪb,i.sɪb,isɪb,isɪb,isɪb,isɪb
i.sɪd,i.sɪd,isɪd,isɪd,isɪd,isɪd
i.sɪg,i.sɪg,isɪg,isɪg,isɪg,isɪg
i.sɪf,i.sɪf,isɪf,isɪf,isɪf,isɪf
i.sɪs,i.sɪs,isɪs,isɪs,isɪs,isɪs
i.sɪv,i.sɪv,isɪv,isɪv,isɪv,isɪv
i.sɪz,i.sɪz,isɪz,isɪz,isɪz,isɪz
i.sɪʃ,i.sɪʃ,isɪʃ,isɪʃ,isɪʃ,isɪʃ
i.sɪʒ,i.sɪʒ,isɪʒ,isɪʒ,isɪʒ,isɪʒ
i.sɪθ,i.sɪθ,isɪθ,isɪθ,isɪθ,isɪθ
i.sɪð,i.sɪð,isɪð,isɪð,isɪð,isɪð
i.vɪm,i.vɪm,ivɪm,ivɪm,ivɪm,ivɪm
i.vɪn,i.vɪn,ivɪn,ivɪn,ivɪn,ivɪn
i.vɪŋ,i.vɪŋ,ivɪŋ,ivɪŋ,ivɪŋ,ivɪŋ
i.vɪp,i.vɪp,ivɪp,ivɪp,ivɪp,ivɪp
i.vɪt,i.vɪt,ivɪt,ivɪt,ivɪt,ivɪt
i.vɪk,i.vɪk,ivɪk,ivɪk,ivɪk,ivɪk
i.vɪb,i.vɪb,ivɪb,ivɪb,ivɪb,ivɪb
i.vɪd,i.vɪd,ivɪd,ivɪd,ivɪd,ivɪd
i.vɪg,i.vɪg,ivɪg,ivɪg,ivɪg,ivɪg
i.vɪf,i.vɪf,ivɪf,ivɪf,ivɪf,ivɪf
i.vɪs,i.vɪs,ivɪs,ivɪs,ivɪs,ivɪs
i.vɪv,i.vɪv,ivɪv,ivɪv,ivɪv,ivɪv
i.vɪz,i.vɪz,ivɪz,ivɪz,ivɪz,ivɪz
i.vɪʃ,i.vɪʃ,ivɪʃ,ivɪʃ,ivɪʃ,ivɪʃ
i.vɪʒ,i.vɪʒ,ivɪʒ,ivɪʒ,ivɪʒ,ivɪʒ
i.vɪθ,i.vɪθ,ivɪθ,ivɪθ,ivɪθ,ivɪθ
i.vɪð,i.vɪð,ivɪð,ivɪð,ivɪð,ivɪð
i.zɪm,i.zɪm,izɪm,izɪm,izɪm,izɪm
i.zɪn,i.zɪn,izɪn,izɪn,izɪn,izɪn
i.zɪŋ,i.zɪŋ,izɪŋ,izɪŋ,izɪŋ,izɪŋ
i.zɪp,i.zɪp,izɪp,izɪp,izɪp,izɪp
i.zɪt,i.zɪt,izɪt,izɪt,izɪt,izɪt
i.zɪk,i.zɪk,izɪk,izɪk,izɪk,izɪk
i.zɪb,i.zɪb,izɪb,izɪb,izɪb,izɪb
i.zɪd,i.zɪd,izɪd,izɪd,izɪd,izɪd
i.zɪg,i.zɪg,izɪg,izɪg,izɪg,izɪg
i.zɪf,i.zɪf,izɪf,izɪf,izɪf,izɪf
i.zɪs,i.zɪs,izɪs,izɪs,izɪs,izɪs
i.zɪv,i.zɪv,izɪv,izɪv,izɪv,izɪv
i.zɪz,i.zɪz,izɪz,izɪz,izɪz,izɪz
i.zɪʃ,i.zɪʃ,izɪʃ,izɪʃ,izɪʃ,izɪʃ
i.zɪʒ,i.zɪʒ,izɪʒ,izɪʒ,izɪʒ,izɪʒ
i.zɪθ,i.zɪθ,izɪθ,izɪθ,izɪθ,izɪθ
i.zɪð,i.zɪð,izɪð,izɪð,izɪð,izɪð
i.ʃɪm,i.ʃɪm,iʃɪm,iʃɪm,iʃɪm,iʃɪm
i.ʃɪn,i.ʃɪn,iʃɪn,iʃɪn,iʃɪn,iʃɪn
i.ʃɪŋ,i.ʃɪŋ,iʃɪŋ,iʃɪŋ,iʃɪŋ,iʃɪŋ
i.ʃɪp,i.ʃɪp,iʃɪp,iʃɪp,iʃɪp,iʃɪp
i.ʃɪt,i.ʃɪt,iʃɪt,iʃɪt,iʃɪt,iʃɪt
i.ʃɪk,i.ʃɪk,iʃɪk,iʃɪk,iʃɪk,iʃɪk
i.ʃɪb,i.ʃɪb,iʃɪb,iʃɪb,iʃɪb,iʃɪb
i.ʃɪd,i.ʃɪd,iʃɪd,iʃɪd,iʃɪd,iʃɪd
i.ʃɪg,i.ʃɪg,iʃɪg,iʃɪg,iʃɪg,iʃɪg
i.ʃɪf,i.ʃɪf,iʃɪf,iʃɪf,iʃɪf,iʃɪf
i.ʃɪs,i.ʃɪs,iʃɪs,iʃɪs,iʃɪs,iʃɪs
i.ʃɪv,i.ʃɪv,iʃɪv,iʃɪv,iʃɪv,iʃɪv
i.ʃɪz,i.ʃɪz,iʃɪz,iʃɪz,iʃɪz,iʃɪz
i.ʃɪʃ,i.ʃɪʃ,iʃɪʃ,iʃɪʃ,iʃɪʃ,iʃɪʃ
i.ʃɪʒ,i.ʃɪʒ,iʃɪʒ,iʃɪʒ,iʃɪʒ,iʃɪʒ
i.ʃɪθ,i.ʃɪθ,iʃɪθ,iʃɪθ,iʃɪθ,iʃɪθ
i.ʃɪð,i.ʃɪð,iʃɪð,iʃɪð,iʃɪð,iʃɪð
i.ʒɪm,i.ʒɪm,iʒɪm,iʒɪm,iʒɪm,iʒɪm
i.ʒɪn,i.ʒɪn,iʒɪn,iʒɪn,iʒɪn,iʒɪn
i.ʒɪŋ,i.ʒɪŋ,iʒɪŋ,iʒɪŋ,iʒɪŋ,iʒɪŋ
i.ʒɪp,i.ʒɪp,iʒɪp,iʒɪp,iʒɪp,iʒɪp
i.ʒɪt,i.ʒɪt,iʒɪt,iʒɪt,iʒɪt,iʒɪt
i.ʒɪk,i.ʒɪk,iʒɪk,iʒɪk,iʒɪk,iʒɪk
i.ʒɪb,i.ʒɪb,iʒɪb,iʒɪb,iʒɪb,iʒɪb
i.ʒɪd,i.ʒɪd,iʒɪd,iʒɪd,iʒɪd,iʒɪd
i.ʒɪg,i.ʒɪg,iʒɪg,iʒɪg,iʒɪg,iʒɪg
i.ʒɪf,i.ʒɪf,iʒɪf,iʒɪf,iʒɪf,iʒɪf
i.ʒɪs,i.ʒɪs,iʒɪs,iʒɪs,iʒɪs,iʒɪs
i.ʒɪv,i.ʒɪv,iʒɪv,iʒɪv,iʒɪv,iʒɪv
i.ʒɪz,i.ʒɪz,iʒɪz,iʒɪz,iʒɪz,iʒɪz
i.ʒɪʃ,i.ʒɪʃ,iʒɪʃ,iʒɪʃ,iʒɪʃ,iʒɪʃ
i.ʒɪʒ,i.ʒɪʒ,iʒɪʒ,iʒɪʒ,iʒɪʒ,iʒɪʒ
i.ʒɪθ,i.ʒɪθ,iʒɪθ,iʒɪθ,iʒɪθ,iʒɪθ
i.ʒɪð,i.ʒɪð,iʒɪð,iʒɪð,iʒɪð,iʒɪð
i.θɪm,i.θɪm,iθɪm,iθɪm,iθɪm,iθɪm
i.θɪn,i.θɪn,iθɪn,iθɪn,iθɪn,iθɪn
i.θɪŋ,i.θɪŋ,iθɪŋ,iθɪŋ,iθɪŋ,iθɪŋ
i.θɪp,i.θɪp,iθɪp,iθɪp,iθɪp,iθɪp
i.θɪt,i.θɪt,iθɪt,iθɪt,iθɪt,iθɪt
i.θɪk,i.θɪk,iθɪk,iθɪk,iθɪk,iθɪk
i.θɪb,i.θɪb,iθɪb,iθɪb,iθɪb,iθɪb
i.θɪd,i.θɪd,iθɪd,iθɪd,iθɪd,iθɪd
i.θɪg,i.θɪg,iθɪg,iθɪg,iθɪg,iθɪg
i.θɪf,i.θɪf,iθɪf,iθɪf,iθɪf,iθɪf
i.θɪs,i.θɪs,iθɪs,iθɪs,iθɪs,iθɪs
i.θɪv,i.θɪv,iθɪv,iθɪv,iθɪv,iθɪv
i.θɪz,i.θɪz,iθɪz,iθɪz,iθɪz,iθɪz
i.θɪʃ,i.θɪʃ,iθɪʃ,iθɪʃ,iθɪʃ,iθɪʃ
i.θɪʒ,i.θɪʒ,iθɪʒ,iθɪʒ,iθɪʒ,iθɪʒ
i.θɪθ,i.θɪθ,iθɪθ,iθɪθ,iθɪθ,iθɪθ
i.θɪð,i.θɪð,iθɪð,iθɪð,iθɪð,iθɪð
i.ðɪm,i.ðɪm,iðɪm,iðɪm,iðɪm,iðɪm
i.ðɪn,i.ðɪn,iðɪn,iðɪn,iðɪn,iðɪn
i.ðɪŋ,i.ðɪŋ,iðɪŋ,iðɪŋ,iðɪŋ,iðɪŋ
i.ðɪp,i.ðɪp,iðɪp,iðɪp,iðɪp,iðɪp
i.ðɪt,i.ðɪt,iðɪt,iðɪt,iðɪt,iðɪt
i.ðɪk,i.ðɪk,iðɪk,iðɪk,iðɪk,iðɪk
i.ðɪb,i.ðɪb,iðɪb,iðɪb,iðɪb,iðɪb
i.ðɪd,i.ðɪd,iðɪd,iðɪd,iðɪd,iðɪd
i.ðɪg,i.ðɪg,iðɪg,iðɪg,iðɪg,iðɪg
i.ðɪf,i.ðɪf,iðɪf,iðɪf,iðɪf,iðɪf
i.ðɪs,i.ðɪs,iðɪs,iðɪs,iðɪs,iðɪs
i.ðɪv,i.ðɪv,iðɪv,iðɪv,iðɪv,iðɪv
i.ðɪz,i.ðɪz,iðɪz,iðɪz,iðɪz,iðɪz
i.ðɪʃ,i.ðɪʃ,iðɪʃ,iðɪʃ,iðɪʃ,iðɪʃ
i.ðɪʒ,i.ðɪʒ,iðɪʒ,iðɪʒ,iðɪʒ,iðɪʒ
i.ðɪθ,i.ðɪθ,iðɪθ,iðɪθ,iðɪθ,iðɪθ
i.ðɪð,i.ðɪð,iðɪð,iðɪð,iðɪð,iðɪð
i.hɪm,i.hɪm,ihɪm,ihɪm,ihɪm,ihɪm
i.hɪn,i.hɪn,ihɪn,ihɪn,ihɪn,ihɪn
i.hɪŋ,i.hɪŋ,ihɪŋ,ihɪŋ,ihɪŋ,ihɪŋ
i.hɪp,i.hɪp,ihɪp,ihɪp,ihɪp,ihɪp
i.hɪt,i.hɪt,ihɪt,ihɪt,ihɪt,ihɪt
i.hɪk,i.hɪk,ihɪk,ihɪk,ihɪk,ihɪk
i.hɪb,i.hɪb,ihɪb,ihɪb,ihɪb,ihɪb
i.hɪd,i.hɪd,ihɪd,ihɪd,ihɪd,ihɪd
i.hɪg,i.hɪg,ihɪg,ihɪg,ihɪg,ihɪg
i.hɪf,i.hɪf,ihɪf,ihɪf,ihɪf,ihɪf
i.hɪs,i.hɪs,ihɪs,ihɪs,ihɪs,ihɪs
i.hɪv,i.hɪv,ihɪv,ihɪv,ihɪv,ihɪv
i.hɪz,i.hɪz,ihɪz,ihɪz,ihɪz,ihɪz
i.hɪʃ,i.hɪʃ,ihɪʃ,ihɪʃ,ihɪʃ,ihɪʃ
i.hɪʒ,i.hɪʒ,ihɪʒ,ihɪʒ,ihɪʒ,ihɪʒ
i.hɪθ,i.hɪθ,ihɪθ,ihɪθ,ihɪθ,ihɪθ
i.hɪð,i.hɪð,ihɪð,ihɪð,ihɪð,ihɪð
i.mɛm,i.mɛm,imɛm,imɛm,imɛm,imɛm
i.mɛn,i.mɛn,imɛn,imɛn,imɛn,imɛn
i.mɛŋ,i.mɛŋ,imɛŋ,imɛŋ,imɛŋ,imɛŋ
i.mɛp,i.mɛp,imɛp,imɛp,imɛp,imɛp
i.mɛt,i.mɛt,imɛt,imɛt,imɛt,imɛt
i.mɛk,i.mɛk,imɛk,imɛk,imɛk,imɛk
i.mɛb,i.mɛb,imɛb,imɛb,imɛb,imɛb
i.mɛd,i.mɛd,imɛd,imɛd,imɛd,imɛd
i.mɛg,i.mɛg,imɛg,imɛg,imɛg,imɛg
i.mɛf,i.mɛf,imɛf,imɛf,imɛf,imɛf
i.mɛs,i.mɛs,imɛs,imɛs,imɛs,imɛs
i.mɛv,i.mɛv,imɛv,imɛv,imɛv,imɛv
i.mɛz,i.mɛz,imɛz,imɛz,imɛz,imɛz
i.mɛʃ,i.mɛʃ,imɛʃ,imɛʃ,imɛʃ,imɛʃ
i.mɛʒ,i.mɛʒ,imɛʒ,imɛʒ,imɛʒ,imɛʒ
i.mɛθ,i.mɛθ,imɛθ,imɛθ,imɛθ,imɛθ
i.mɛð,i.mɛð,imɛð,imɛð,imɛð,imɛð
i.nɛm,i.nɛm,inɛm,inɛm,inɛm,inɛm
i.nɛn,i.nɛn,inɛn,inɛn,inɛn,inɛn
i.nɛŋ,i.nɛŋ,inɛŋ,inɛŋ,inɛŋ,inɛŋ
i.nɛp,i.nɛp,inɛp,inɛp,inɛp,inɛp
i.nɛt,i.nɛt,inɛt,inɛt,inɛt,inɛt
i.nɛk,i.nɛk,inɛk,inɛk,inɛk,inɛk
i.nɛb,i.nɛb,inɛb,inɛb,inɛb,inɛb
i.nɛd,i.nɛd,inɛd,inɛd,inɛd,inɛd
i.nɛg,i.nɛg,inɛg,inɛg,inɛg,inɛg
i.nɛf,i.nɛf,inɛf,inɛf,inɛf,inɛf
i.nɛs,i.nɛs,inɛs,inɛs,inɛs,inɛs
i.nɛv,i.nɛv,inɛv,inɛv,inɛv,inɛv
i.nɛz,i.nɛz,inɛz,inɛz,inɛz,inɛz
i.nɛʃ,i.nɛʃ,inɛʃ,inɛʃ,inɛʃ,inɛʃ
i.nɛʒ,i.nɛʒ,inɛʒ,inɛʒ,inɛʒ,inɛʒ
i.nɛθ,i.nɛθ,inɛθ,inɛθ,inɛθ,inɛθ
i.nɛð,i.nɛð,inɛð,inɛð,inɛð,inɛð
i.pɛm,i.pɛm,ipɛm,ipɛm,ipɛm,ipɛm
i.pɛn,i.pɛn,ipɛn,ipɛn,ipɛn,ipɛn
i.pɛŋ,i.pɛŋ,ipɛŋ,ipɛŋ,ipɛŋ,ipɛŋ
i.pɛp,i.pɛp,ipɛp,ipɛp,ipɛp,ipɛp
i.pɛt,i.pɛt,ipɛt,ipɛt,ipɛt,ipɛt
i.pɛk,i.pɛk,ipɛk,ipɛk,ipɛk,ipɛk
i.pɛb,i.pɛb,ipɛb,ipɛb,ipɛb,ipɛb
i.pɛd,i.pɛd,ipɛd,ipɛd,ipɛd,ipɛd
i.pɛg,i.pɛg,ipɛg,ipɛg,ipɛg,ipɛg
i.pɛf,i.pɛf,ipɛf,ipɛf,ipɛf,ipɛf
i.pɛs,i.pɛs,ipɛs,ipɛs,ipɛs,ipɛs
i.pɛv,i.pɛv,ipɛv,ipɛv,ipɛv,ipɛv
i.pɛz,i.pɛz,ipɛz,ipɛz,ipɛz,ipɛz
i.pɛʃ,i.pɛʃ,ipɛʃ,ipɛʃ,ipɛʃ,ipɛʃ
i.pɛʒ,i.pɛʒ,ipɛʒ,ipɛʒ,ipɛʒ,ipɛʒ
i.pɛθ,i.pɛθ,ipɛθ,ipɛθ,ipɛθ,ipɛθ
i.pɛð,i.pɛð,ipɛð,ipɛð,ipɛð,ipɛð
i.tɛm,i.tɛm,itɛm,itɛm,itɛm,itɛm
i.tɛn,i.tɛn,itɛn,itɛn,itɛn,itɛn
i.tɛŋ,i.tɛŋ,itɛŋ,itɛŋ,itɛŋ,itɛŋ
i.tɛp,i.tɛp,itɛp,itɛp,itɛp,itɛp
i.tɛt,i.tɛt,itɛt,itɛt,itɛt,itɛt
i.tɛk,i.tɛk,itɛk,itɛk,itɛk,itɛk
i.tɛb,i.tɛb,itɛb,itɛb,itɛb,itɛb
i.tɛd,i.tɛd,itɛd,itɛd,itɛd,itɛd
i.tɛg,i.tɛg,itɛg,itɛg,itɛg,itɛg
i.tɛf,i.tɛf,itɛf,itɛf,itɛf,itɛf
i.tɛs,i.tɛs,itɛs,itɛs,itɛs,itɛs
i.tɛv,i.tɛv,itɛv,itɛv,itɛv,itɛv
i.tɛz,i.tɛz,itɛz,itɛz,itɛz,itɛz
i.tɛʃ,i.tɛʃ,itɛʃ,itɛʃ,itɛʃ,itɛʃ
i.tɛʒ,i.tɛʒ,itɛʒ,itɛʒ,itɛʒ,itɛʒ
i.tɛθ,i.tɛθ,itɛθ,itɛθ,itɛθ,itɛθ
i.tɛð,i.tɛð,itɛð,itɛð,itɛð,itɛð
i.kɛm,i.kɛm,ikɛm,ikɛm,ikɛm,ikɛm
i.kɛn,i.kɛn,ikɛn,ikɛn,ikɛn,ikɛn
i.kɛŋ,i.kɛŋ,ikɛŋ,ikɛŋ,ikɛŋ,ikɛŋ
i.kɛp,i.kɛp,ikɛp,ikɛp,ikɛp,ikɛp
i.kɛt,i.kɛt,ikɛt,ikɛt,ikɛt,ikɛt
i.kɛk,i.kɛk,ikɛk,ikɛk,ikɛk,ikɛk
i.kɛb,i.kɛb,ikɛb,ikɛb,ikɛb,ikɛb
i.kɛd,i.kɛd,ikɛd,ikɛd,ikɛd,ikɛd
i.kɛg,i.kɛg,ikɛg,ikɛg,ikɛg,ikɛg
i.kɛf,i.kɛf,ikɛf,ikɛf,ikɛf,ikɛf
i.kɛs,i.kɛs,ikɛs,ikɛs,ikɛs,ikɛs
i.kɛv,i.kɛv,ikɛv,ikɛv,ikɛv,ikɛv
i.kɛz,i.kɛz,ikɛz,ikɛz,ikɛz,ikɛz
i.kɛʃ,i.kɛʃ,ikɛʃ,ikɛʃ,ikɛʃ,ikɛʃ
i.kɛʒ,i.kɛʒ,ikɛʒ,ikɛʒ,ikɛʒ,ikɛʒ
i.kɛθ,i.kɛθ,ikɛθ,ikɛθ,ikɛθ,ikɛθ
i.kɛð,i.kɛð,ikɛð,ikɛð,ikɛð,ikɛð
i.bɛm,i.bɛm,ibɛm,ibɛm,ibɛm,ibɛm
i.bɛn,i.bɛn,ibɛn,ibɛn,ibɛn,ibɛn
i.bɛŋ,i.bɛŋ,ibɛŋ,ibɛŋ,ibɛŋ,ibɛŋ
i.bɛp,i.bɛp,ibɛp,ibɛp,ibɛp,ibɛp
i.bɛt,i.bɛt,ibɛt,ibɛt,ibɛt,ibɛt
i.bɛk,i.bɛk,ibɛk,ibɛk,ibɛk,ibɛk
i.bɛb,i.bɛb,ibɛb,ibɛb,ibɛb,ibɛb
i.bɛd,i.bɛd,ibɛd,ibɛd,ibɛd,ibɛd
i.bɛg,i.bɛg,ibɛg,ibɛg,ibɛg,ibɛg
i.bɛf,i.bɛf,ibɛf,ibɛf,ibɛf,ibɛf
i.bɛs,i.bɛs,ibɛs,ibɛs,ibɛs,ibɛs
i.bɛv,i.bɛv,ibɛv,ibɛv,ibɛv,ibɛv
i.bɛz,i.bɛz,ibɛz,ibɛz,ibɛz,ibɛz
i.bɛʃ,i.bɛʃ,ibɛʃ,ibɛʃ,ibɛʃ,ibɛʃ
i.bɛʒ,i.bɛʒ,ibɛʒ,ibɛʒ,ibɛʒ,ibɛʒ
i.bɛθ,i.bɛθ,ibɛθ,ibɛθ,ibɛθ,ibɛθ
i.bɛð,i.bɛð,ibɛð,ibɛð,ibɛð,ibɛð
i.dɛm,i.dɛm,idɛm,idɛm,idɛm,idɛm
i.dɛn,i.dɛn,idɛn,idɛn,idɛn,idɛn
i.dɛŋ,i.dɛŋ,idɛŋ,idɛŋ,idɛŋ,idɛŋ
i.dɛp,i.dɛp,idɛp,idɛp,idɛp,idɛp
i.dɛt,i.dɛt,idɛt,idɛt,idɛt,idɛt
i.dɛk,i.dɛk,idɛk,idɛk,idɛk,idɛk
i.dɛb,i.dɛb,idɛb,idɛb,idɛb,idɛb
i.dɛd,i.dɛd,idɛd,idɛd,idɛd,idɛd
i.dɛg,i.dɛg,idɛg,idɛg,idɛg,idɛg
i.dɛf,i.dɛf,idɛf,idɛf,idɛf,idɛf
i.dɛs,i.dɛs,idɛs,idɛs,idɛs,idɛs
i.dɛv,i.dɛv,idɛv,idɛv,idɛv,idɛv
i.dɛz,i.dɛz,idɛz,idɛz,idɛz,idɛz
i.dɛʃ,i.dɛʃ,idɛʃ,idɛʃ,idɛʃ,idɛʃ
i.dɛʒ,i.dɛʒ,idɛʒ,idɛʒ,idɛʒ,idɛʒ
i.dɛθ,i.dɛθ,idɛθ,idɛθ,idɛθ,idɛθ
i.dɛð,i.dɛð,idɛð,idɛð,idɛð,idɛð
i.gɛm,i.gɛm,igɛm,igɛm,igɛm,igɛm
i.gɛn,i.gɛn,igɛn,igɛn,igɛn,igɛn
i.gɛŋ,i.gɛŋ,igɛŋ,igɛŋ,igɛŋ,igɛŋ
i.gɛp,i.gɛp,igɛp,igɛp,igɛp,igɛp
i.gɛt,i.gɛt,igɛt,igɛt,igɛt,igɛt
i.gɛk,i.gɛk,igɛk,igɛk,igɛk,igɛk
i.gɛb,i.gɛb,igɛb,igɛb,igɛb,igɛb
i.gɛd,i.gɛd,igɛd,igɛd,igɛd,igɛd
i.gɛg,i.gɛg,igɛg,igɛg,igɛg,igɛg
i.gɛf,i.gɛf,igɛf,igɛf,igɛf,igɛf
i.gɛs,i.gɛs,igɛs,igɛs,igɛs,igɛs
i.gɛv,i.gɛv,igɛv,igɛv,igɛv,igɛv
i.gɛz,i.gɛz,igɛz,igɛz,igɛz,igɛz
i.gɛʃ,i.gɛʃ,igɛʃ,igɛʃ,igɛʃ,igɛʃ
i.gɛʒ,i.gɛʒ,igɛʒ,igɛʒ,igɛʒ,igɛʒ
i.gɛθ,i.gɛθ,igɛθ,igɛθ,igɛθ,igɛθ
i.gɛð,i.gɛð,igɛð,igɛð,igɛð,igɛð
i.fɛm,i.fɛm,ifɛm,ifɛm,ifɛm,ifɛm
i.fɛn,i.fɛn,ifɛn,ifɛn,ifɛn,ifɛn
i.fɛŋ,i.fɛŋ,ifɛŋ,ifɛŋ,ifɛŋ,ifɛŋ
i.fɛp,i.fɛp,ifɛp,ifɛp,ifɛp,ifɛp
i.fɛt,i.fɛt,ifɛt,ifɛt,ifɛt,ifɛt
i.fɛk,i.fɛk,ifɛk,ifɛk,ifɛk,ifɛk
i.fɛb,i.fɛb,ifɛb,ifɛb,ifɛb,ifɛb
i.fɛd,i.fɛd,ifɛd,ifɛd,ifɛd,ifɛd
i.fɛg,i.fɛg,ifɛg,ifɛg,ifɛg,ifɛg
i.fɛf,i.fɛf,ifɛf,ifɛf,ifɛf,ifɛf
i.fɛs,i.fɛs,ifɛs,ifɛs,ifɛs,ifɛs
i.fɛv,i.fɛv,ifɛv,ifɛv,ifɛv,ifɛv
i.fɛz,i.fɛz,ifɛz,ifɛz,ifɛz,ifɛz
i.fɛʃ,i.fɛʃ,ifɛʃ,ifɛʃ,ifɛʃ,ifɛʃ
i.fɛʒ,i.fɛʒ,ifɛʒ,ifɛʒ,ifɛʒ,ifɛʒ
i.fɛθ,i.fɛθ,ifɛθ,ifɛθ,ifɛθ,ifɛθ
i.fɛð,i.fɛð,ifɛð,ifɛð,ifɛð,ifɛð
i.sɛm,i.sɛm,isɛm,isɛm,isɛm,isɛm
i.sɛn,i.sɛn,isɛn,isɛn,isɛn,isɛn
i.sɛŋ,i.sɛŋ,isɛŋ,isɛŋ,isɛŋ,isɛŋ
i.sɛp,i.sɛp,isɛp,isɛp,isɛp,isɛp
i.sɛt,i.sɛt,isɛt,isɛt,isɛt,isɛt
i.sɛk,i.sɛk,isɛk,isɛk,isɛk,isɛk
i.sɛb,i.sɛb,isɛb,isɛb,isɛb,isɛb
i.sɛd,i.sɛd,isɛd,isɛd,isɛd,isɛd
i.sɛg,i.sɛg,isɛg,isɛg,isɛg,isɛg
i.sɛf,i.sɛf,isɛf,isɛf,isɛf,isɛf
i.sɛs,i.sɛs,isɛs,isɛs,isɛs,isɛs
i.sɛv,i.sɛv,isɛv,isɛv,isɛv,isɛv
i.sɛz,i.sɛz,isɛz,isɛz,isɛz,isɛz
i.sɛʃ,i.sɛʃ,isɛʃ,isɛʃ,isɛʃ,isɛʃ
i.sɛʒ,i.sɛʒ,isɛʒ,isɛʒ,isɛʒ,isɛʒ
i.sɛθ,i.sɛθ,isɛθ,isɛθ,isɛθ,isɛθ
i.sɛð,i.sɛð,isɛð,isɛð,isɛð,isɛð
i.vɛm,i.vɛm,ivɛm,ivɛm,ivɛm,ivɛm
i.vɛn,i.vɛn,ivɛn,ivɛn,ivɛn,ivɛn
i.vɛŋ,i.vɛŋ,ivɛŋ,ivɛŋ,ivɛŋ,ivɛŋ
i.vɛp,i.vɛp,ivɛp,ivɛp,ivɛp,ivɛp
i.vɛt,i.vɛt,ivɛt,ivɛt,ivɛt,ivɛt
i.vɛk,i.vɛk,ivɛk,ivɛk,ivɛk,ivɛk
i.vɛb,i.vɛb,ivɛb,ivɛb,ivɛb,ivɛb
i.vɛd,i.vɛd,ivɛd,ivɛd,ivɛd,ivɛd
i.vɛg,i.vɛg,ivɛg,ivɛg,ivɛg,ivɛg
i.vɛf,i.vɛf,ivɛf,ivɛf,ivɛf,ivɛf
i.vɛs,i.vɛs,ivɛs,ivɛs,ivɛs,ivɛs
i.vɛv,i.vɛv,ivɛv,ivɛv,ivɛv,ivɛv
i.vɛz,i.vɛz,ivɛz,ivɛz,ivɛz,ivɛz
i.vɛʃ,i.vɛʃ,ivɛʃ,ivɛʃ,ivɛʃ,ivɛʃ
i.vɛʒ,i.vɛʒ,ivɛʒ,ivɛʒ,ivɛʒ,ivɛʒ
i.vɛθ,i.vɛθ,ivɛθ,ivɛθ,ivɛθ,ivɛθ
i.vɛð,i.vɛð,ivɛð,ivɛð,ivɛð,ivɛð
i.zɛm,i.zɛm,izɛm,izɛm,izɛm,izɛm
i.zɛn,i.zɛn,izɛn,izɛn,izɛn,izɛn
i.zɛŋ,i.zɛŋ,izɛŋ,izɛŋ,izɛŋ,izɛŋ
i.zɛp,i.zɛp,izɛp,izɛp,izɛp,izɛp
i.zɛt,i.zɛt,izɛt,izɛt,izɛt,izɛt
i.zɛk,i.zɛk,izɛk,izɛk,izɛk,izɛk
i.zɛb,i.zɛb,izɛb,izɛb,izɛb,izɛb
i.zɛd,i.zɛd,izɛd,izɛd,izɛd,izɛd
i.zɛg,i.zɛg,izɛg,izɛg,izɛg,izɛg
i.zɛf,i.zɛf,izɛf,izɛf,izɛf,izɛf
i.zɛs,i.zɛs,izɛs,izɛs,izɛs,izɛs
i.zɛv,i.zɛv,izɛv,izɛv,izɛv,izɛv
i.zɛz,i.zɛz,izɛz,izɛz,izɛz,izɛz
i.zɛʃ,i.zɛʃ,izɛʃ,izɛʃ,izɛʃ,izɛʃ
i.zɛʒ,i.zɛʒ,izɛʒ,izɛʒ,izɛʒ,izɛʒ
i.zɛθ,i.zɛθ,izɛθ,izɛθ,izɛθ,izɛθ
i.zɛð,i.zɛð,izɛð,izɛð,izɛð,izɛð
i.ʃɛm,i.ʃɛm,iʃɛm,iʃɛm,iʃɛm,iʃɛm
i.ʃɛn,i.ʃɛn,iʃɛn,iʃɛn,iʃɛn,iʃɛn
i.ʃɛŋ,i.ʃɛŋ,iʃɛŋ,iʃɛŋ,iʃɛŋ,iʃɛŋ
i.ʃɛp,i.ʃɛp,iʃɛp,iʃɛp,iʃɛp,iʃɛp
i.ʃɛt,i.ʃɛt,iʃɛt,iʃɛt,iʃɛt,iʃɛt
i.ʃɛk,i.ʃɛk,iʃɛk,iʃɛk,iʃɛk,iʃɛk
i.ʃɛb,i.ʃɛb,iʃɛb,iʃɛb,iʃɛb,iʃɛb
i.ʃɛd,i.ʃɛd,iʃɛd,iʃɛd,iʃɛd,iʃɛd
i.ʃɛg,i.ʃɛg,iʃɛg,iʃɛg,iʃɛg,iʃɛg
i.ʃɛf,i.ʃɛf,iʃɛf,iʃɛf,iʃɛf,iʃɛf
i.ʃɛs,i.ʃɛs,iʃɛs,iʃɛs,iʃɛs,iʃɛs
i.ʃɛv,i.ʃɛv,iʃɛv,iʃɛv,iʃɛv,iʃɛv
i.ʃɛz,i.ʃɛz,iʃɛz,iʃɛz,iʃɛz,iʃɛz
i.ʃɛʃ,i.ʃɛʃ,iʃɛʃ,iʃɛʃ,iʃɛʃ,iʃɛʃ
i.ʃɛʒ,i.ʃɛʒ,iʃɛʒ,iʃɛʒ,iʃɛʒ,iʃɛʒ
i.ʃɛθ,i.ʃɛθ,iʃɛθ,iʃɛθ,iʃɛθ,iʃɛθ
i.ʃɛð,i.ʃɛð,iʃɛð,iʃɛð,iʃɛð,iʃɛð
i.ʒɛm,i.ʒɛm,iʒɛm,iʒɛm,iʒɛm,iʒɛm
i.ʒɛn,i.ʒɛn,iʒɛn,iʒɛn,iʒɛn,iʒɛn
i.ʒɛŋ,i.ʒɛŋ,iʒɛŋ,iʒɛŋ,iʒɛŋ,iʒɛŋ
i.ʒɛp,i.ʒɛp,iʒɛp,iʒɛp,iʒɛp,iʒɛp
i.ʒɛt,i.ʒɛt,iʒɛt,iʒɛt,iʒɛt,iʒɛt
i.ʒɛk,i.ʒɛk,iʒɛk,iʒɛk,iʒɛk,iʒɛk
i.ʒɛb,i.ʒɛb,iʒɛb,iʒɛb,iʒɛb,iʒɛb
i.ʒɛd,i.ʒɛd,iʒɛd,iʒɛd,iʒɛd,iʒɛd
i.ʒɛg,i.ʒɛg,iʒɛg,iʒɛg,iʒɛg,iʒɛg
i.ʒɛf,i.ʒɛf,iʒɛf,iʒɛf,iʒɛf,iʒɛf
i.ʒɛs,i.ʒɛs,iʒɛs,iʒɛs,iʒɛs,iʒɛs
i.ʒɛv,i.ʒɛv,iʒɛv,iʒɛv,iʒɛv,iʒɛv
i.ʒɛz,i.ʒɛz,iʒɛz,iʒɛz,iʒɛz,iʒɛz
i.ʒɛʃ,i.ʒɛʃ,iʒɛʃ,iʒɛʃ,iʒɛʃ,iʒɛʃ
i.ʒɛʒ,i.ʒɛʒ,iʒɛʒ,iʒɛʒ,iʒɛʒ,iʒɛʒ
i.ʒɛθ,i.ʒɛθ,iʒɛθ,iʒɛθ,iʒɛθ,iʒɛθ
i.ʒɛð,i.ʒɛð,iʒɛð,iʒɛð,iʒɛð,iʒɛð
i.θɛm,i.θɛm,iθɛm,iθɛm,iθɛm,iθɛm
i.θɛn,i.θɛn,iθɛn,iθɛn,iθɛn,iθɛn
i.θɛŋ,i.θɛŋ,iθɛŋ,iθɛŋ,iθɛŋ,iθɛŋ
i.θɛp,i.θɛp,iθɛp,iθɛp,iθɛp,iθɛp
i.θɛt,i.θɛt,iθɛt,iθɛt,iθɛt,iθɛt
i.θɛk,i.θɛk,iθɛk,iθɛk,iθɛk,iθɛk
i.θɛb,i.θɛb,iθɛb,iθɛb,iθɛb,iθɛb
i.θɛd,i.θɛd,iθɛd,iθɛd,iθɛd,iθɛd
i.θɛg,i.θɛg,iθɛg,iθɛg,iθɛg,iθɛg
i.θɛf,i.θɛf,iθɛf,iθɛf,iθɛf,iθɛf
i.θɛs,i.θɛs,iθɛs,iθɛs,iθɛs,iθɛs
i.θɛv,i.θɛv,iθɛv,iθɛv,iθɛv,iθɛv
i.θɛz,i.θɛz,iθɛz,iθɛz,iθɛz,iθɛz
i.θɛʃ,i.θɛʃ,iθɛʃ,iθɛʃ,iθɛʃ,iθɛʃ
i.θɛʒ,i.θɛʒ,iθɛʒ,iθɛʒ,iθɛʒ,iθɛʒ
i.θɛθ,i.θɛθ,iθɛθ,iθɛθ,iθɛθ,iθɛθ
i.θɛð,i.θɛð,iθɛð,iθɛð,iθɛð,iθɛð
i.ðɛm,i.ðɛm,iðɛm,iðɛm,iðɛm,iðɛm
i.ðɛn,i.ðɛn,iðɛn,iðɛn,iðɛn,iðɛn
i.ðɛŋ,i.ðɛŋ,iðɛŋ,iðɛŋ,iðɛŋ,iðɛŋ
i.ðɛp,i.ðɛp,iðɛp,iðɛp,iðɛp,iðɛp
i.ðɛt,i.ðɛt,iðɛt,iðɛt,iðɛt,iðɛt
i.ðɛk,i.ðɛk,iðɛk,iðɛk,iðɛk,iðɛk
i.ðɛb,i.ðɛb,iðɛb,iðɛb,iðɛb,iðɛb
i.ðɛd,i.ðɛd,iðɛd,iðɛd,iðɛd,iðɛd
i.ðɛg,i.ðɛg,iðɛg,iðɛg,iðɛg,iðɛg
i.ðɛf,i.ðɛf,iðɛf,iðɛf,iðɛf,iðɛf
i.ðɛs,i.ðɛs,iðɛs,iðɛs,iðɛs,iðɛs
i.ðɛv,i.ðɛv,iðɛv,iðɛv,iðɛv,iðɛv
i.ðɛz,i.ðɛz,iðɛz,iðɛz,iðɛz,iðɛz
i.ðɛʃ,i.ðɛʃ,iðɛʃ,iðɛʃ,iðɛʃ,iðɛʃ
i.ðɛʒ,i.ðɛʒ,iðɛʒ,iðɛʒ,iðɛʒ,iðɛʒ
i.ðɛθ,i.ðɛθ,iðɛθ,iðɛθ,iðɛθ,iðɛθ
i.ðɛð,i.ðɛð,iðɛð,iðɛð,iðɛð,iðɛð
i.hɛm,i.hɛm,ihɛm,ihɛm,ihɛm,ihɛm
i.hɛn,i.hɛn,ihɛn,ihɛn,ihɛn,ihɛn
i.hɛŋ,i.hɛŋ,ihɛŋ,ihɛŋ,ihɛŋ,ihɛŋ
i.hɛp,i.hɛp,ihɛp,ihɛp,ihɛp,ihɛp
i.hɛt,i.hɛt,ihɛt,ihɛt,ihɛt,ihɛt
i.hɛk,i.hɛk,ihɛk,ihɛk,ihɛk,ihɛk
i.hɛb,i.hɛb,ihɛb,ihɛb,ihɛb,ihɛb
i.hɛd,i.hɛd,ihɛd,ihɛd,ihɛd,ihɛd
i.hɛg,i.hɛg,ihɛg,ihɛg,ihɛg,ihɛg
i.hɛf,i.hɛf,ihɛf,ihɛf,ihɛf,ihɛf
i.hɛs,i.hɛs,ihɛs,ihɛs,ihɛs,ihɛs
i.hɛv,i.hɛv,ihɛv,ihɛv,ihɛv,ihɛv
i.hɛz,i.hɛz,ihɛz,ihɛz,ihɛz,ihɛz
i.hɛʃ,i.hɛʃ,ihɛʃ,ihɛʃ,ihɛʃ,ihɛʃ
i.hɛʒ,i.hɛʒ,ihɛʒ,ihɛʒ,ihɛʒ,ihɛʒ
i.hɛθ,i.hɛθ,ihɛθ,ihɛθ,ihɛθ,ihɛθ
i.hɛð,i.hɛð,ihɛð,ihɛð,ihɛð,ihɛð
i.mʊm,i.mʊm,imʊm,imʊm,imʊm,imʊm
i.mʊn,i.mʊn,imʊn,imʊn,imʊn,imʊn
i.mʊŋ,i.mʊŋ,imʊŋ,imʊŋ,imʊŋ,imʊŋ
i.mʊp,i.mʊp,imʊp,imʊp,imʊp,imʊp
i.mʊt,i.mʊt,imʊt,imʊt,imʊt,imʊt
i.mʊk,i.mʊk,imʊk,imʊk,imʊk,imʊk
i.mʊb,i.mʊb,imʊb,imʊb,imʊb,imʊb
i.mʊd,i.mʊd,imʊd,imʊd,imʊd,imʊd
i.mʊg,i.mʊg,imʊg,imʊg,imʊg,imʊg
i.mʊf,i.mʊf,imʊf,imʊf,imʊf,imʊf
i.mʊs,i.mʊs,imʊs,imʊs,imʊs,imʊs
i.mʊv,i.mʊv,imʊv,imʊv,imʊv,imʊv
i.mʊz,i.mʊz,imʊz,imʊz,imʊz,imʊz
i.mʊʃ,i.mʊʃ,imʊʃ,imʊʃ,imʊʃ,imʊʃ
i.mʊʒ,i.mʊʒ,imʊʒ,imʊʒ,imʊʒ,imʊʒ
i.mʊθ,i.mʊθ,imʊθ,imʊθ,imʊθ,imʊθ
i.mʊð,i.mʊð,imʊð,imʊð,imʊð,imʊð
i.nʊm,i.nʊm,inʊm,inʊm,inʊm,inʊm
i.nʊn,i.nʊn,inʊn,inʊn,inʊn,inʊn
i.nʊŋ,i.nʊŋ,inʊŋ,inʊŋ,inʊŋ,inʊŋ
i.nʊp,i.nʊp,inʊp,inʊp,inʊp,inʊp
i.nʊt,i.nʊt,inʊt,inʊt,inʊt,inʊt
i.nʊk,i.nʊk,inʊk,inʊk,inʊk,inʊk
i.nʊb,i.nʊb,inʊb,inʊb,inʊb,inʊb
i.nʊd,i.nʊd,inʊd,inʊd,inʊd,inʊd
i.nʊg,i.nʊg,inʊg,inʊg,inʊg,inʊg
i.nʊf,i.nʊf,inʊf,inʊf,inʊf,inʊf
i.nʊs,i.nʊs,inʊs,inʊs,inʊs,inʊs
i.nʊv,i.nʊv,inʊv,inʊv,inʊv,inʊv
i.nʊz,i.nʊz,inʊz,inʊz,inʊz,inʊz
i.nʊʃ,i.nʊʃ,inʊʃ,inʊʃ,inʊʃ,inʊʃ
i.nʊʒ,i.nʊʒ,inʊʒ,inʊʒ,inʊʒ,inʊʒ
i.nʊθ,i.nʊθ,inʊθ,inʊθ,inʊθ,inʊθ
i.nʊð,i.nʊð,inʊð,inʊð,inʊð,inʊð
i.pʊm,i.pʊm,ipʊm,ipʊm,ipʊm,ipʊm
i.pʊn,i.pʊn,ipʊn,ipʊn,ipʊn,ipʊn
i.pʊŋ,i.pʊŋ,ipʊŋ,ipʊŋ,ipʊŋ,ipʊŋ
i.pʊp,i.pʊp,ipʊp,ipʊp,ipʊp,ipʊp
i.pʊt,i.pʊt,ipʊt,ipʊt,ipʊt,ipʊt
i.pʊk,i.pʊk,ipʊk,ipʊk,ipʊk,ipʊk
i.pʊb,i.pʊb,ipʊb,ipʊb,ipʊb,ipʊb
i.pʊd,i.pʊd,ipʊd,ipʊd,ipʊd,ipʊd
i.pʊg,i.pʊg,ipʊg,ipʊg,ipʊg,ipʊg
i.pʊf,i.pʊf,ipʊf,ipʊf,ipʊf,ipʊf
i.pʊs,i.pʊs,ipʊs,ipʊs,ipʊs,ipʊs
i.pʊv,i.pʊv,ipʊv,ipʊv,ipʊv,ipʊv
i.pʊz,i.pʊz,ipʊz,ipʊz,ipʊz,ipʊz
i.pʊʃ,i.pʊʃ,ipʊʃ,ipʊʃ,ipʊʃ,ipʊʃ
i.pʊʒ,i.pʊʒ,ipʊʒ,ipʊʒ,ipʊʒ,ipʊʒ
i.pʊθ,i.pʊθ,ipʊθ,ipʊθ,ipʊθ,ipʊθ
i.pʊð,i.pʊð,ipʊð,ipʊð,ipʊð,ipʊð
i.tʊm,i.tʊm,itʊm,itʊm,itʊm,itʊm
i.tʊn,i.tʊn,itʊn,itʊn,itʊn,itʊn
i.tʊŋ,i.tʊŋ,itʊŋ,itʊŋ,itʊŋ,itʊŋ
i.tʊp,i.tʊp,itʊp,itʊp,itʊp,itʊp
i.tʊt,i.tʊt,itʊt,itʊt,itʊt,itʊt
i.tʊk,i.tʊk,itʊk,itʊk,itʊk,itʊk
i.tʊb,i.tʊb,itʊb,itʊb,itʊb,itʊb
i.tʊd,i.tʊd,itʊd,itʊd,itʊd,itʊd
i.tʊg,i.tʊg,itʊg,itʊg,itʊg,itʊg
i.tʊf,i.tʊf,itʊf,itʊf,itʊf,itʊf
i.tʊs,i.tʊs,itʊs,itʊs,itʊs,itʊs
i.tʊv,i.tʊv,itʊv,itʊv,itʊv,itʊv
i.tʊz,i.tʊz,itʊz,itʊz,itʊz,itʊz
i.tʊʃ,i.tʊʃ,itʊʃ,itʊʃ,itʊʃ,itʊʃ
i.tʊʒ,i.tʊʒ,itʊʒ,itʊʒ,itʊʒ,itʊʒ
i.tʊθ,i.tʊθ,itʊθ,itʊθ,itʊθ,itʊθ
i.tʊð,i.tʊð,itʊð,itʊð,itʊð,itʊð
i.kʊm,i.kʊm,ikʊm,ikʊm,ikʊm,ikʊm
i.kʊn,i.kʊn,ikʊn,ikʊn,ikʊn,ikʊn
i.kʊŋ,i.kʊŋ,ikʊŋ,ikʊŋ,ikʊŋ,ikʊŋ
i.kʊp,i.kʊp,ikʊp,ikʊp,ikʊp,ikʊp
i.kʊt,i.kʊt,ikʊt,ikʊt,ikʊt,ikʊt
i.kʊk,i.kʊk,ikʊk,ikʊk,ikʊk,ikʊk
i.kʊb,i.kʊb,ikʊb,ikʊb,ikʊb,ikʊb
i.kʊd,i.kʊd,ikʊd,ikʊd,ikʊd,ikʊd
i.kʊg,i.kʊg,ikʊg,ikʊg,ikʊg,ikʊg
i.kʊf,i.kʊf,ikʊf,ikʊf,ikʊf,ikʊf
i.kʊs,i.kʊs,ikʊs,ikʊs,ikʊs,ikʊs
i.kʊv,i.kʊv,ikʊv,ikʊv,ikʊv,ikʊv
i.kʊz,i.kʊz,ikʊz,ikʊz,ikʊz,ikʊz
i.kʊʃ,i.kʊʃ,ikʊʃ,ikʊʃ,ikʊʃ,ikʊʃ
i.kʊʒ,i.kʊʒ,ikʊʒ,ikʊʒ,ikʊʒ,ikʊʒ
i.kʊθ,i.kʊθ,ikʊθ,ikʊθ,ikʊθ,ikʊθ
i.kʊð,i.kʊð,ikʊð,ikʊð,ikʊð,ikʊð
i.bʊm,i.bʊm,ibʊm,ibʊm,ibʊm,ibʊm
i.bʊn,i.bʊn,ibʊn,ibʊn,ibʊn,ibʊn
i.bʊŋ,i.bʊŋ,ibʊŋ,ibʊŋ,ibʊŋ,ibʊŋ
i.bʊp,i.bʊp,ibʊp,ibʊp,ibʊp,ibʊp
i.bʊt,i.bʊt,ibʊt,ibʊt,ibʊt,ibʊt
i.bʊk,i.bʊk,ibʊk,ibʊk,ibʊk,ibʊk
i.bʊb,i.bʊb,ibʊb,ibʊb,ibʊb,ibʊb
i.bʊd,i.bʊd,ibʊd,ibʊd,ibʊd,ibʊd
i.bʊg,i.bʊg,ibʊg,ibʊg,ibʊg,ibʊg
i.bʊf,i.bʊf,ibʊf,ibʊf,ibʊf,ibʊf
i.bʊs,i.bʊs,ibʊs,ibʊs,ibʊs,ibʊs
i.bʊv,i.bʊv,ibʊv,ibʊv,ibʊv,ibʊv
i.bʊz,i.bʊz,ibʊz,ibʊz,ibʊz,ibʊz
i.bʊʃ,i.bʊʃ,ibʊʃ,ibʊʃ,ibʊʃ,ibʊʃ
i.bʊʒ,i.bʊʒ,ibʊʒ,ibʊʒ,ibʊʒ,ibʊʒ
i.bʊθ,i.bʊθ,ibʊθ,ibʊθ,ibʊθ,ibʊθ
i.bʊð,i.bʊð,ibʊð,ibʊð,ibʊð,ibʊð
i.dʊm,i.dʊm,idʊm,idʊm,idʊm,idʊm
i.dʊn,i.dʊn,idʊn,idʊn,idʊn,idʊn
i.dʊŋ,i.dʊŋ,idʊŋ,idʊŋ,idʊŋ,idʊŋ
i.dʊp,i.dʊp,idʊp,idʊp,idʊp,idʊp
i.dʊt,i.dʊt,idʊt,idʊt,idʊt,idʊt
i.dʊk,i.dʊk,idʊk,idʊk,idʊk,idʊk
i.dʊb,i.dʊb,idʊb,idʊb,idʊb,idʊb
i.dʊd,i.dʊd,idʊd,idʊd,idʊd,idʊd
i.dʊg,i.dʊg,idʊg,idʊg,idʊg,idʊg
i.dʊf,i.dʊf,idʊf,idʊf,idʊf,idʊf
i.dʊs,i.dʊs,idʊs,idʊs,idʊs,idʊs
i.dʊv,i.dʊv,idʊv,idʊv,idʊv,idʊv
i.dʊz,i.dʊz,idʊz,idʊz,idʊz,idʊz
i.dʊʃ,i.dʊʃ,idʊʃ,idʊʃ,idʊʃ,idʊʃ
i.dʊʒ,i.dʊʒ,idʊʒ,idʊʒ,idʊʒ,idʊʒ
i.dʊθ,i.dʊθ,idʊθ,idʊθ,idʊθ,idʊθ
i.dʊð,i.dʊð,idʊð,idʊð,idʊð,idʊð
i.gʊm,i.gʊm,igʊm,igʊm,igʊm,igʊm
i.gʊn,i.gʊn,igʊn,igʊn,igʊn,igʊn
i.gʊŋ,i.gʊŋ,igʊŋ,igʊŋ,igʊŋ,igʊŋ
i.gʊp,i.gʊp,igʊp,igʊp,igʊp,igʊp
i.gʊt,i.gʊt,igʊt,igʊt,igʊt,igʊt
i.gʊk,i.gʊk,igʊk,igʊk,igʊk,igʊk
i.gʊb,i.gʊb,igʊb,igʊb,igʊb,igʊb
i.gʊd,i.gʊd,igʊd,igʊd,igʊd,igʊd
i.gʊg,i.gʊg,igʊg,igʊg,igʊg,igʊg
i.gʊf,i.gʊf,igʊf,igʊf,igʊf,igʊf
i.gʊs,i.gʊs,igʊs,igʊs,igʊs,igʊs
i.gʊv,i.gʊv,igʊv,igʊv,igʊv,igʊv
i.gʊz,i.gʊz,igʊz,igʊz,igʊz,igʊz
i.gʊʃ,i.gʊʃ,igʊʃ,igʊʃ,igʊʃ,igʊʃ
i.gʊʒ,i.gʊʒ,igʊʒ,igʊʒ,igʊʒ,igʊʒ
i.gʊθ,i.gʊθ,igʊθ,igʊθ,igʊθ,igʊθ
i.gʊð,i.gʊð,igʊð,igʊð,igʊð,igʊð
i.fʊm,i.fʊm,ifʊm,ifʊm,ifʊm,ifʊm
i.fʊn,i.fʊn,ifʊn,ifʊn,ifʊn,ifʊn
i.fʊŋ,i.fʊŋ,ifʊŋ,ifʊŋ,ifʊŋ,ifʊŋ
i.fʊp,i.fʊp,ifʊp,ifʊp,ifʊp,ifʊp
i.fʊt,i.fʊt,ifʊt,ifʊt,ifʊt,ifʊt
i.fʊk,i.fʊk,ifʊk,ifʊk,ifʊk,ifʊk
i.fʊb,i.fʊb,ifʊb,ifʊb,ifʊb,ifʊb
i.fʊd,i.fʊd,ifʊd,ifʊd,ifʊd,ifʊd
i.fʊg,i.fʊg,ifʊg,ifʊg,ifʊg,ifʊg
i.fʊf,i.fʊf,ifʊf,ifʊf,ifʊf,ifʊf
i.fʊs,i.fʊs,ifʊs,ifʊs,ifʊs,ifʊs
i.fʊv,i.fʊv,ifʊv,ifʊv,ifʊv,ifʊv
i.fʊz,i.fʊz,ifʊz,ifʊz,ifʊz,ifʊz
i.fʊʃ,i.fʊʃ,ifʊʃ,ifʊʃ,ifʊʃ,ifʊʃ
i.fʊʒ,i.fʊʒ,ifʊʒ,ifʊʒ,ifʊʒ,ifʊʒ
i.fʊθ,i.fʊθ,ifʊθ,ifʊθ,ifʊθ,ifʊθ
i.fʊð,i.fʊð,ifʊð,ifʊð,ifʊð,ifʊð
i.sʊm,i.sʊm,isʊm,isʊm,isʊm,isʊm
i.sʊn,i.sʊn,isʊn,isʊn,isʊn,isʊn
i.sʊŋ,i.sʊŋ,isʊŋ,isʊŋ,isʊŋ,isʊŋ
i.sʊp,i.sʊp,isʊp,isʊp,isʊp,isʊp
i.sʊt,i.sʊt,isʊt,isʊt,isʊt,isʊt
i.sʊk,i.sʊk,isʊk,isʊk,isʊk,isʊk
i.sʊb,i.sʊb,isʊb,isʊb,isʊb,isʊb
i.sʊd,i.sʊd,isʊd,isʊd,isʊd,isʊd
i.sʊg,i.sʊg,isʊg,isʊg,isʊg,isʊg
i.sʊf,i.sʊf,isʊf,isʊf,isʊf,isʊf
i.sʊs,i.sʊs,isʊs,isʊs,isʊs,isʊs
i.sʊv,i.sʊv,isʊv,isʊv,isʊv,isʊv
i.sʊz,i.sʊz,isʊz,isʊz,isʊz,isʊz
i.sʊʃ,i.sʊʃ,isʊʃ,isʊʃ,isʊʃ,isʊʃ
i.sʊʒ,i.sʊʒ,isʊʒ,isʊʒ,isʊʒ,isʊʒ
i.sʊθ,i.sʊθ,isʊθ,isʊθ,isʊθ,isʊθ
i.sʊð,i.sʊð,isʊð,isʊð,isʊð,isʊð
i.vʊm,i.vʊm,ivʊm,ivʊm,ivʊm,ivʊm
i.vʊn,i.vʊn,ivʊn,ivʊn,ivʊn,ivʊn
i.vʊŋ,i.vʊŋ,ivʊŋ,ivʊŋ,ivʊŋ,ivʊŋ
i.vʊp,i.vʊp,ivʊp,ivʊp,ivʊp,ivʊp
i.vʊt,i.vʊt,ivʊt,ivʊt,ivʊt,ivʊt
i.vʊk,i.vʊk,ivʊk,ivʊk,ivʊk,ivʊk
i.vʊb,i.vʊb,ivʊb,ivʊb,ivʊb,ivʊb
i.vʊd,i.vʊd,ivʊd,ivʊd,ivʊd,ivʊd
i.vʊg,i.vʊg,ivʊg,ivʊg,ivʊg,ivʊg
i.vʊf,i.vʊf,ivʊf,ivʊf,ivʊf,ivʊf
i.vʊs,i.vʊs,ivʊs,ivʊs,ivʊs,ivʊs
i.vʊv,i.vʊv,ivʊv,ivʊv,ivʊv,ivʊv
i.vʊz,i.vʊz,ivʊz,ivʊz,ivʊz,ivʊz
i.vʊʃ,i.vʊʃ,ivʊʃ,ivʊʃ,ivʊʃ,ivʊʃ
i.vʊʒ,i.vʊʒ,ivʊʒ,ivʊʒ,ivʊʒ,ivʊʒ
i.vʊθ,i.vʊθ,ivʊθ,ivʊθ,ivʊθ,ivʊθ
i.vʊð,i.vʊð,ivʊð,ivʊð,ivʊð,ivʊð
i.zʊm,i.zʊm,izʊm,izʊm,izʊm,izʊm
i.zʊn,i.zʊn,izʊn,izʊn,izʊn,izʊn
i.zʊŋ,i.zʊŋ,izʊŋ,izʊŋ,izʊŋ,izʊŋ
i.zʊp,i.zʊp,izʊp,izʊp,izʊp,izʊp
i.zʊt,i.zʊt,izʊt,izʊt,izʊt,izʊt
i.zʊk,i.zʊk,izʊk,izʊk,izʊk,izʊk
i.zʊb,i.zʊb,izʊb,izʊb,izʊb,izʊb
i.zʊd,i.zʊd,izʊd,izʊd,izʊd,izʊd
i.zʊg,i.zʊg,izʊg,izʊg,izʊg,izʊg
i.zʊf,i.zʊf,izʊf,izʊf,izʊf,izʊf
i.zʊs,i.zʊs,izʊs,izʊs,izʊs,izʊs
i.zʊv,i.zʊv,izʊv,izʊv,izʊv,izʊv
i.zʊz,i.zʊz,izʊz,izʊz,izʊz,izʊz
i.zʊʃ,i.zʊʃ,izʊʃ,izʊʃ,izʊʃ,izʊʃ
i.zʊʒ,i.zʊʒ,izʊʒ,izʊʒ,izʊʒ,izʊʒ
i.zʊθ,i.zʊθ,izʊθ,izʊθ,izʊθ,izʊθ
i.zʊð,i.zʊð,izʊð,izʊð,izʊð,izʊð
i.ʃʊm,i.ʃʊm,iʃʊm,iʃʊm,iʃʊm,iʃʊm
i.ʃʊn,i.ʃʊn,iʃʊn,iʃʊn,iʃʊn,iʃʊn
i.ʃʊŋ,i.ʃʊŋ,iʃʊŋ,iʃʊŋ,iʃʊŋ,iʃʊŋ
i.ʃʊp,i.ʃʊp,iʃʊp,iʃʊp,iʃʊp,iʃʊp
i.ʃʊt,i.ʃʊt,iʃʊt,iʃʊt,iʃʊt,iʃʊt
i.ʃʊk,i.ʃʊk,iʃʊk,iʃʊk,iʃʊk,iʃʊk
i.ʃʊb,i.ʃʊb,iʃʊb,iʃʊb,iʃʊb,iʃʊb
i.ʃʊd,i.ʃʊd,iʃʊd,iʃʊd,iʃʊd,iʃʊd
i.ʃʊg,i.ʃʊg,iʃʊg,iʃʊg,iʃʊg,iʃʊg
i.ʃʊf,i.ʃʊf,iʃʊf,iʃʊf,iʃʊf,iʃʊf
i.ʃʊs,i.ʃʊs,iʃʊs,iʃʊs,iʃʊs,iʃʊs
i.ʃʊv,i.ʃʊv,iʃʊv,iʃʊv,iʃʊv,iʃʊv
i.ʃʊz,i.ʃʊz,iʃʊz,iʃʊz,iʃʊz,iʃʊz
i.ʃʊʃ,i.ʃʊʃ,iʃʊʃ,iʃʊʃ,iʃʊʃ,iʃʊʃ
i.ʃʊʒ,i.ʃʊʒ,iʃʊʒ,iʃʊʒ,iʃʊʒ,iʃʊʒ
i.ʃʊθ,i.ʃʊθ,iʃʊθ,iʃʊθ,iʃʊθ,iʃʊθ
i.ʃʊð,i.ʃʊð,iʃʊð,iʃʊð,iʃʊð,iʃʊð
i.ʒʊm,i.ʒʊm,iʒʊm,iʒʊm,iʒʊm,iʒʊm
i.ʒʊn,i.ʒʊn,iʒʊn,iʒʊn,iʒʊn,iʒʊn
i.ʒʊŋ,i.ʒʊŋ,iʒʊŋ,iʒʊŋ,iʒʊŋ,iʒʊŋ
i.ʒʊp,i.ʒʊp,iʒʊp,iʒʊp,iʒʊp,iʒʊp
i.ʒʊt,i.ʒʊt,iʒʊt,iʒʊt,iʒʊt,iʒʊt
i.ʒʊk,i.ʒʊk,iʒʊk,iʒʊk,iʒʊk,iʒʊk
i.ʒʊb,i.ʒʊb,iʒʊb,iʒʊb,iʒʊb,iʒʊb
i.ʒʊd,i.ʒʊd,iʒʊd,iʒʊd,iʒʊd,iʒʊd
i.ʒʊg,i.ʒʊg,iʒʊg,iʒʊg,iʒʊg,iʒʊg
i.ʒʊf,i.ʒʊf,iʒʊf,iʒʊf,iʒʊf,iʒʊf
i.ʒʊs,i.ʒʊs,iʒʊs,iʒʊs,iʒʊs,iʒʊs
i.ʒʊv,i.ʒʊv,iʒʊv,iʒʊv,iʒʊv,iʒʊv
i.ʒʊz,i.ʒʊz,iʒʊz,iʒʊz,iʒʊz,iʒʊz
i.ʒʊʃ,i.ʒʊʃ,iʒʊʃ,iʒʊʃ,iʒʊʃ,iʒʊʃ
i.ʒʊʒ,i.ʒʊʒ,iʒʊʒ,iʒʊʒ,iʒʊʒ,iʒʊʒ
i.ʒʊθ,i.ʒʊθ,iʒʊθ,iʒʊθ,iʒʊθ,iʒʊθ
i.ʒʊð,i.ʒʊð,iʒʊð,iʒʊð,iʒʊð,iʒʊð
i.θʊm,i.θʊm,iθʊm,iθʊm,iθʊm,iθʊm
i.θʊn,i.θʊn,iθʊn,iθʊn,iθʊn,iθʊn
i.θʊŋ,i.θʊŋ,iθʊŋ,iθʊŋ,iθʊŋ,iθʊŋ
i.θʊp,i.θʊp,iθʊp,iθʊp,iθʊp,iθʊp
i.θʊt,i.θʊt,iθʊt,iθʊt,iθʊt,iθʊt
i.θʊk,i.θʊk,iθʊk,iθʊk,iθʊk,iθʊk
i.θʊb,i.θʊb,iθʊb,iθʊb,iθʊb,iθʊb
i.θʊd,i.θʊd,iθʊd,iθʊd,iθʊd,iθʊd
i.θʊg,i.θʊg,iθʊg,iθʊg,iθʊg,iθʊg
i.θʊf,i.θʊf,iθʊf,iθʊf,iθʊf,iθʊf
i.θʊs,i.θʊs,iθʊs,iθʊs,iθʊs,iθʊs
i.θʊv,i.θʊv,iθʊv,iθʊv,iθʊv,iθʊv
i.θʊz,i.θʊz,iθʊz,iθʊz,iθʊz,iθʊz
i.θʊʃ,i.θʊʃ,iθʊʃ,iθʊʃ,iθʊʃ,iθʊʃ
i.θʊʒ,i.θʊʒ,iθʊʒ,iθʊʒ,iθʊʒ,iθʊʒ
i.θʊθ,i.θʊθ,iθʊθ,iθʊθ,iθʊθ,iθʊθ
i.θʊð,i.θʊð,iθʊð,iθʊð,iθʊð,iθʊð
i.ðʊm,i.ðʊm,iðʊm,iðʊm,iðʊm,iðʊm
i.ðʊn,i.ðʊn,iðʊn,iðʊn,iðʊn,iðʊn
i.ðʊŋ,i.ðʊŋ,iðʊŋ,iðʊŋ,iðʊŋ,iðʊŋ
i.ðʊp,i.ðʊp,iðʊp,iðʊp,iðʊp,iðʊp
i.ðʊt,i.ðʊt,iðʊt,iðʊt,iðʊt,iðʊt
i.ðʊk,i.ðʊk,iðʊk,iðʊk,iðʊk,iðʊk
i.ðʊb,i.ðʊb,iðʊb,iðʊb,iðʊb,iðʊb
i.ðʊd,i.ðʊd,iðʊd,iðʊd,iðʊd,iðʊd
i.ðʊg,i.ðʊg,iðʊg,iðʊg,iðʊg,iðʊg
i.ðʊf,i.ðʊf,iðʊf,iðʊf,iðʊf,iðʊf
i.ðʊs,i.ðʊs,iðʊs,iðʊs,iðʊs,iðʊs
i.ðʊv,i.ðʊv,iðʊv,iðʊv,iðʊv,iðʊv
i.ðʊz,i.ðʊz,iðʊz,iðʊz,iðʊz,iðʊz
i.ðʊʃ,i.ðʊʃ,iðʊʃ,iðʊʃ,iðʊʃ,iðʊʃ
i.ðʊʒ,i.ðʊʒ,iðʊʒ,iðʊʒ,iðʊʒ,iðʊʒ
i.ðʊθ,i.ðʊθ,iðʊθ,iðʊθ,iðʊθ,iðʊθ
i.ðʊð,i.ðʊð,iðʊð,iðʊð,iðʊð,iðʊð
i.hʊm,i.hʊm,ihʊm,ihʊm,ihʊm,ihʊm
i.hʊn,i.hʊn,ihʊn,ihʊn,ihʊn,ihʊn
i.hʊŋ,i.hʊŋ,ihʊŋ,ihʊŋ,ihʊŋ,ihʊŋ
i.hʊp,i.hʊp,ihʊp,ihʊp,ihʊp,ihʊp
i.hʊt,i.hʊt,ihʊt,ihʊt,ihʊt,ihʊt
i.hʊk,i.hʊk,ihʊk,ihʊk,ihʊk,ihʊk
i.hʊb,i.hʊb,ihʊb,ihʊb,ihʊb,ihʊb
i.hʊd,i.hʊd,ihʊd,ihʊd,ihʊd,ihʊd
i.hʊg,i.hʊg,ihʊg,ihʊg,ihʊg,ihʊg
i.hʊf,i.hʊf,ihʊf,ihʊf,ihʊf,ihʊf
i.hʊs,i.hʊs,ihʊs,ihʊs,ihʊs,ihʊs
i.hʊv,i.hʊv,ihʊv,ihʊv,ihʊv,ihʊv
i.hʊz,i.hʊz,ihʊz,ihʊz,ihʊz,ihʊz
i.hʊʃ,i.hʊʃ,ihʊʃ,ihʊʃ,ihʊʃ,ihʊʃ
i.hʊʒ,i.hʊʒ,ihʊʒ,ihʊʒ,ihʊʒ,ihʊʒ
i.hʊθ,i.hʊθ,ihʊθ,ihʊθ,ihʊθ,ihʊθ
i.hʊð,i.hʊð,ihʊð,ihʊð,ihʊð,ihʊð
i.mɔm,i.mɔm,imɔm,imɔm,imɔm,imɔm
i.mɔn,i.mɔn,imɔn,imɔn,imɔn,imɔn
i.mɔŋ,i.mɔŋ,imɔŋ,imɔŋ,imɔŋ,imɔŋ
i.mɔp,i.mɔp,imɔp,imɔp,imɔp,imɔp
i.mɔt,i.mɔt,imɔt,imɔt,imɔt,imɔt
i.mɔk,i.mɔk,imɔk,imɔk,imɔk,imɔk
i.mɔb,i.mɔb,imɔb,imɔb,imɔb,imɔb
i.mɔd,i.mɔd,imɔd,imɔd,imɔd,imɔd
i.mɔg,i.mɔg,imɔg,imɔg,imɔg,imɔg
i.mɔf,i.mɔf,imɔf,imɔf,imɔf,imɔf
i.mɔs,i.mɔs,imɔs,imɔs,imɔs,imɔs
i.mɔv,i.mɔv,imɔv,imɔv,imɔv,imɔv
i.mɔz,i.mɔz,imɔz,imɔz,imɔz,imɔz
i.mɔʃ,i.mɔʃ,imɔʃ,imɔʃ,imɔʃ,imɔʃ
i.mɔʒ,i.mɔʒ,imɔʒ,imɔʒ,imɔʒ,imɔʒ
i.mɔθ,i.mɔθ,imɔθ,imɔθ,imɔθ,imɔθ
i.mɔð,i.mɔð,imɔð,imɔð,imɔð,imɔð
i.nɔm,i.nɔm,inɔm,inɔm,inɔm,inɔm
i.nɔn,i.nɔn,inɔn,inɔn,inɔn,inɔn
i.nɔŋ,i.nɔŋ,inɔŋ,inɔŋ,inɔŋ,inɔŋ
i.nɔp,i.nɔp,inɔp,inɔp,inɔp,inɔp
i.nɔt,i.nɔt,inɔt,inɔt,inɔt,inɔt
i.nɔk,i.nɔk,inɔk,inɔk,inɔk,inɔk
i.nɔb,i.nɔb,inɔb,inɔb,inɔb,inɔb
i.nɔd,i.nɔd,inɔd,inɔd,inɔd,inɔd
i.nɔg,i.nɔg,inɔg,inɔg,inɔg,inɔg
i.nɔf,i.nɔf,inɔf,inɔf,inɔf,inɔf
i.nɔs,i.nɔs,inɔs,inɔs,inɔs,inɔs
i.nɔv,i.nɔv,inɔv,inɔv,inɔv,inɔv
i.nɔz,i.nɔz,inɔz,inɔz,inɔz,inɔz
i.nɔʃ,i.nɔʃ,inɔʃ,inɔʃ,inɔʃ,inɔʃ
i.nɔʒ,i.nɔʒ,inɔʒ,inɔʒ,inɔʒ,inɔʒ
i.nɔθ,i.nɔθ,inɔθ,inɔθ,inɔθ,inɔθ
i.nɔð,i.nɔð,inɔð,inɔð,inɔð,inɔð
i.pɔm,i.pɔm,ipɔm,ipɔm,ipɔm,ipɔm
i.pɔn,i.pɔn,ipɔn,ipɔn,ipɔn,ipɔn
i.pɔŋ,i.pɔŋ,ipɔŋ,ipɔŋ,ipɔŋ,ipɔŋ
i.pɔp,i.pɔp,ipɔp,ipɔp,ipɔp,ipɔp
i.pɔt,i.pɔt,ipɔt,ipɔt,ipɔt,ipɔt
i.pɔk,i.pɔk,ipɔk,ipɔk,ipɔk,ipɔk
i.pɔb,i.pɔb,ipɔb,ipɔb,ipɔb,ipɔb
i.pɔd,i.pɔd,ipɔd,ipɔd,ipɔd,ipɔd
i.pɔg,i.pɔg,ipɔg,ipɔg,ipɔg,ipɔg
i.pɔf,i.pɔf,ipɔf,ipɔf,ipɔf,ipɔf
i.pɔs,i.pɔs,ipɔs,ipɔs,ipɔs,ipɔs
i.pɔv,i.pɔv,ipɔv,ipɔv,ipɔv,ipɔv
i.pɔz,i.pɔz,ipɔz,ipɔz,ipɔz,ipɔz
i.pɔʃ,i.pɔʃ,ipɔʃ,ipɔʃ,ipɔʃ,ipɔʃ
i.pɔʒ,i.pɔʒ,ipɔʒ,ipɔʒ,ipɔʒ,ipɔʒ
i.pɔθ,i.pɔθ,ipɔθ,ipɔθ,ipɔθ,ipɔθ
i.pɔð,i.pɔð,ipɔð,ipɔð,ipɔð,ipɔð
i.tɔm,i.tɔm,itɔm,itɔm,itɔm,itɔm
i.tɔn,i.tɔn,itɔn,itɔn,itɔn,itɔn
i.tɔŋ,i.tɔŋ,itɔŋ,itɔŋ,itɔŋ,itɔŋ
i.tɔp,i.tɔp,itɔp,itɔp,itɔp,itɔp
i.tɔt,i.tɔt,itɔt,itɔt,itɔt,itɔt
i.tɔk,i.tɔk,itɔk,itɔk,itɔk,itɔk
i.tɔb,i.tɔb,itɔb,itɔb,itɔb,itɔb
i.tɔd,i.tɔd,itɔd,itɔd,itɔd,itɔd
i.tɔg,i.tɔg,itɔg,itɔg,itɔg,itɔg
i.tɔf,i.tɔf,itɔf,itɔf,itɔf,itɔf
i.tɔs,i.tɔs,itɔs,itɔs,itɔs,itɔs
i.tɔv,i.tɔv,itɔv,itɔv,itɔv,itɔv
i.tɔz,i.tɔz,itɔz,itɔz,itɔz,itɔz
i.tɔʃ,i.tɔʃ,itɔʃ,itɔʃ,itɔʃ,itɔʃ
i.tɔʒ,i.tɔʒ,itɔʒ,itɔʒ,itɔʒ,itɔʒ
i.tɔθ,i.tɔθ,itɔθ,itɔθ,itɔθ,itɔθ
i.tɔð,i.tɔð,itɔð,itɔð,itɔð,itɔð
i.kɔm,i.kɔm,ikɔm,ikɔm,ikɔm,ikɔm
i.kɔn,i.kɔn,ikɔn,ikɔn,ikɔn,ikɔn
i.kɔŋ,i.kɔŋ,ikɔŋ,ikɔŋ,ikɔŋ,ikɔŋ
i.kɔp,i.kɔp,ikɔp,ikɔp,ikɔp,ikɔp
i.kɔt,i.kɔt,ikɔt,ikɔt,ikɔt,ikɔt
i.kɔk,i.kɔk,ikɔk,ikɔk,ikɔk,ikɔk
i.kɔb,i.kɔb,ikɔb,ikɔb,ikɔb,ikɔb
i.kɔd,i.kɔd,ikɔd,ikɔd,ikɔd,ikɔd
i.kɔg,i.kɔg,ikɔg,ikɔg,ikɔg,ikɔg
i.kɔf,i.kɔf,ikɔf,ikɔf,ikɔf,ikɔf
i.kɔs,i.kɔs,ikɔs,ikɔs,ikɔs,ikɔs
i.kɔv,i.kɔv,ikɔv,ikɔv,ikɔv,ikɔv
i.kɔz,i.kɔz,ikɔz,ikɔz,ikɔz,ikɔz
i.kɔʃ,i.kɔʃ,ikɔʃ,ikɔʃ,ikɔʃ,ikɔʃ
i.kɔʒ,i.kɔʒ,ikɔʒ,ikɔʒ,ikɔʒ,ikɔʒ
i.kɔθ,i.kɔθ,ikɔθ,ikɔθ,ikɔθ,ikɔθ
i.kɔð,i.kɔð,ikɔð,ikɔð,ikɔð,ikɔð
i.bɔm,i.bɔm,ibɔm,ibɔm,ibɔm,ibɔm
i.bɔn,i.bɔn,ibɔn,ibɔn,ibɔn,ibɔn
i.bɔŋ,i.bɔŋ,ibɔŋ,ibɔŋ,ibɔŋ,ibɔŋ
i.bɔp,i.bɔp,ibɔp,ibɔp,ibɔp,ibɔp
i.bɔt,i.bɔt,ibɔt,ibɔt,ibɔt,ibɔt
i.bɔk,i.bɔk,ibɔk,ibɔk,ibɔk,ibɔk
i.bɔb,i.bɔb,ibɔb,ibɔb,ibɔb,ibɔb
i.bɔd,i.bɔd,ibɔd,ibɔd,ibɔd,ibɔd
i.bɔg,i.bɔg,ibɔg,ibɔg,ibɔg,ibɔg
i.bɔf,i.bɔf,ibɔf,ibɔf,ibɔf,ibɔf
i.bɔs,i.bɔs,ibɔs,ibɔs,ibɔs,ibɔs
i.bɔv,i.bɔv,ibɔv,ibɔv,ibɔv,ibɔv
i.bɔz,i.bɔz,ibɔz,ibɔz,ibɔz,ibɔz
i.bɔʃ,i.bɔʃ,ibɔʃ,ibɔʃ,ibɔʃ,ibɔʃ
i.bɔʒ,i.bɔʒ,ibɔʒ,ibɔʒ,ibɔʒ,ibɔʒ
i.bɔθ,i.bɔθ,ibɔθ,ibɔθ,ibɔθ,ibɔθ
i.bɔð,i.bɔð,ibɔð,ibɔð,ibɔð,ibɔð
i.dɔm,i.dɔm,idɔm,idɔm,idɔm,idɔm
i.dɔn,i.dɔn,idɔn,idɔn,idɔn,idɔn
i.dɔŋ,i.dɔŋ,idɔŋ,idɔŋ,idɔŋ,idɔŋ
i.dɔp,i.dɔp,idɔp,idɔp,idɔp,idɔp
i.dɔt,i.dɔt,idɔt,idɔt,idɔt,idɔt
i.dɔk,i.dɔk,idɔk,idɔk,idɔk,idɔk
i.dɔb,i.dɔb,idɔb,idɔb,idɔb,idɔb
i.dɔd,i.dɔd,idɔd,idɔd,idɔd,idɔd
i.dɔg,i.dɔg,idɔg,idɔg,idɔg,idɔg
i.dɔf,i.dɔf,idɔf,idɔf,idɔf,idɔf
i.dɔs,i.dɔs,idɔs,idɔs,idɔs,idɔs
i.dɔv,i.dɔv,idɔv,idɔv,idɔv,idɔv
i.dɔz,i.dɔz,idɔz,idɔz,idɔz,idɔz
i.dɔʃ,i.dɔʃ,idɔʃ,idɔʃ,idɔʃ,idɔʃ
i.dɔʒ,i.dɔʒ,idɔʒ,idɔʒ,idɔʒ,idɔʒ
i.dɔθ,i.dɔθ,idɔθ,idɔθ,idɔθ,idɔθ
i.dɔð,i.dɔð,idɔð,idɔð,idɔð,idɔð
i.gɔm,i.gɔm,igɔm,igɔm,igɔm,igɔm
i.gɔn,i.gɔn,igɔn,igɔn,igɔn,igɔn
i.gɔŋ,i.gɔŋ,igɔŋ,igɔŋ,igɔŋ,igɔŋ
i.gɔp,i.gɔp,igɔp,igɔp,igɔp,igɔp
i.gɔt,i.gɔt,igɔt,igɔt,igɔt,igɔt
i.gɔk,i.gɔk,igɔk,igɔk,igɔk,igɔk
i.gɔb,i.gɔb,igɔb,igɔb,igɔb,igɔb
i.gɔd,i.gɔd,igɔd,igɔd,igɔd,igɔd
i.gɔg,i.gɔg,igɔg,igɔg,igɔg,igɔg
i.gɔf,i.gɔf,igɔf,igɔf,igɔf,igɔf
i.gɔs,i.gɔs,igɔs,igɔs,igɔs,igɔs
i.gɔv,i.gɔv,igɔv,igɔv,igɔv,igɔv
i.gɔz,i.gɔz,igɔz,igɔz,igɔz,igɔz
i.gɔʃ,i.gɔʃ,igɔʃ,igɔʃ,igɔʃ,igɔʃ
i.gɔʒ,i.gɔʒ,igɔʒ,igɔʒ,igɔʒ,igɔʒ
i.gɔθ,i.gɔθ,igɔθ,igɔθ,igɔθ,igɔθ
i.gɔð,i.gɔð,igɔð,igɔð,igɔð,igɔð
i.fɔm,i.fɔm,ifɔm,ifɔm,ifɔm,ifɔm
i.fɔn,i.fɔn,ifɔn,ifɔn,ifɔn,ifɔn
i.fɔŋ,i.fɔŋ,ifɔŋ,ifɔŋ,ifɔŋ,ifɔŋ
i.fɔp,i.fɔp,ifɔp,ifɔp,ifɔp,ifɔp
i.fɔt,i.fɔt,ifɔt,ifɔt,ifɔt,ifɔt
i.fɔk,i.fɔk,ifɔk,ifɔk,ifɔk,ifɔk
i.fɔb,i.fɔb,ifɔb,ifɔb,ifɔb,ifɔb
i.fɔd,i.fɔd,ifɔd,ifɔd,ifɔd,ifɔd
i.fɔg,i.fɔg,ifɔg,ifɔg,ifɔg,ifɔg
i.fɔf,i.fɔf,ifɔf,ifɔf,ifɔf,ifɔf
i.fɔs,i.fɔs,ifɔs,ifɔs,ifɔs,ifɔs
i.fɔv,i.fɔv,ifɔv,ifɔv,ifɔv,ifɔv
i.fɔz,i.fɔz,ifɔz,ifɔz,ifɔz,ifɔz
i.fɔʃ,i.fɔʃ,ifɔʃ,ifɔʃ,ifɔʃ,ifɔʃ
i.fɔʒ,i.fɔʒ,ifɔʒ,ifɔʒ,ifɔʒ,ifɔʒ
i.fɔθ,i.fɔθ,ifɔθ,ifɔθ,ifɔθ,ifɔθ
i.fɔð,i.fɔð,ifɔð,ifɔð,ifɔð,ifɔð
i.sɔm,i.sɔm,isɔm,isɔm,isɔm,isɔm
i.sɔn,i.sɔn,isɔn,isɔn,isɔn,isɔn
i.sɔŋ,i.sɔŋ,isɔŋ,isɔŋ,isɔŋ,isɔŋ
i.sɔp,i.sɔp,isɔp,isɔp,isɔp,isɔp
i.sɔt,i.sɔt,isɔt,isɔt,isɔt,isɔt
i.sɔk,i.sɔk,isɔk,isɔk,isɔk,isɔk
i.sɔb,i.sɔb,isɔb,isɔb,isɔb,isɔb
i.sɔd,i.sɔd,isɔd,isɔd,isɔd,isɔd
i.sɔg,i.sɔg,isɔg,isɔg,isɔg,isɔg
i.sɔf,i.sɔf,isɔf,isɔf,isɔf,isɔf
i.sɔs,i.sɔs,isɔs,isɔs,isɔs,isɔs
i.sɔv,i.sɔv,isɔv,isɔv,isɔv,isɔv
i.sɔz,i.sɔz,isɔz,isɔz,isɔz,isɔz
i.sɔʃ,i.sɔʃ,isɔʃ,isɔʃ,isɔʃ,isɔʃ
i.sɔʒ,i.sɔʒ,isɔʒ,isɔʒ,isɔʒ,isɔʒ
i.sɔθ,i.sɔθ,isɔθ,isɔθ,isɔθ,isɔθ
i.sɔð,i.sɔð,isɔð,isɔð,isɔð,isɔð
i.vɔm,i.vɔm,ivɔm,ivɔm,ivɔm,ivɔm
i.vɔn,i.vɔn,ivɔn,ivɔn,ivɔn,ivɔn
i.vɔŋ,i.vɔŋ,ivɔŋ,ivɔŋ,ivɔŋ,ivɔŋ
i.vɔp,i.vɔp,ivɔp,ivɔp,ivɔp,ivɔp
i.vɔt,i.vɔt,ivɔt,ivɔt,ivɔt,ivɔt
i.vɔk,i.vɔk,ivɔk,ivɔk,ivɔk,ivɔk
i.vɔb,i.vɔb,ivɔb,ivɔb,ivɔb,ivɔb
i.vɔd,i.vɔd,ivɔd,ivɔd,ivɔd,ivɔd
i.vɔg,i.vɔg,ivɔg,ivɔg,ivɔg,ivɔg
i.vɔf,i.vɔf,ivɔf,ivɔf,ivɔf,ivɔf
i.vɔs,i.vɔs,ivɔs,ivɔs,ivɔs,ivɔs
i.vɔv,i.vɔv,ivɔv,ivɔv,ivɔv,ivɔv
i.vɔz,i.vɔz,ivɔz,ivɔz,ivɔz,ivɔz
i.vɔʃ,i.vɔʃ,ivɔʃ,ivɔʃ,ivɔʃ,ivɔʃ
i.vɔʒ,i.vɔʒ,ivɔʒ,ivɔʒ,ivɔʒ,ivɔʒ
i.vɔθ,i.vɔθ,ivɔθ,ivɔθ,ivɔθ,ivɔθ
i.vɔð,i.vɔð,ivɔð,ivɔð,ivɔð,ivɔð
i.zɔm,i.zɔm,izɔm,izɔm,izɔm,izɔm
i.zɔn,i.zɔn,izɔn,izɔn,izɔn,izɔn
i.zɔŋ,i.zɔŋ,izɔŋ,izɔŋ,izɔŋ,izɔŋ
i.zɔp,i.zɔp,izɔp,izɔp,izɔp,izɔp
i.zɔt,i.zɔt,izɔt,izɔt,izɔt,izɔt
i.zɔk,i.zɔk,izɔk,izɔk,izɔk,izɔk
i.zɔb,i.zɔb,izɔb,izɔb,izɔb,izɔb
i.zɔd,i.zɔd,izɔd,izɔd,izɔd,izɔd
i.zɔg,i.zɔg,izɔg,izɔg,izɔg,izɔg
i.zɔf,i.zɔf,izɔf,izɔf,izɔf,izɔf
i.zɔs,i.zɔs,izɔs,izɔs,izɔs,izɔs
i.zɔv,i.zɔv,izɔv,izɔv,izɔv,izɔv
i.zɔz,i.zɔz,izɔz,izɔz,izɔz,izɔz
i.zɔʃ,i.zɔʃ,izɔʃ,izɔʃ,izɔʃ,izɔʃ
i.zɔʒ,i.zɔʒ,izɔʒ,izɔʒ,izɔʒ,izɔʒ
i.zɔθ,i.zɔθ,izɔθ,izɔθ,izɔθ,izɔθ
i.zɔð,i.zɔð,izɔð,izɔð,izɔð,izɔð
i.ʃɔm,i.ʃɔm,iʃɔm,iʃɔm,iʃɔm,iʃɔm
i.ʃɔn,i.ʃɔn,iʃɔn,iʃɔn,iʃɔn,iʃɔn
i.ʃɔŋ,i.ʃɔŋ,iʃɔŋ,iʃɔŋ,iʃɔŋ,iʃɔŋ
i.ʃɔp,i.ʃɔp,iʃɔp,iʃɔp,iʃɔp,iʃɔp
i.ʃɔt,i.ʃɔt,iʃɔt,iʃɔt,iʃɔt,iʃɔt
i.ʃɔk,i.ʃɔk,iʃɔk,iʃɔk,iʃɔk,iʃɔk
i.ʃɔb,i.ʃɔb,iʃɔb,iʃɔb,iʃɔb,iʃɔb
i.ʃɔd,i.ʃɔd,iʃɔd,iʃɔd,iʃɔd,iʃɔd
i.ʃɔg,i.ʃɔg,iʃɔg,iʃɔg,iʃɔg,iʃɔg
i.ʃɔf,i.ʃɔf,iʃɔf,iʃɔf,iʃɔf,iʃɔf
i.ʃɔs,i.ʃɔs,iʃɔs,iʃɔs,iʃɔs,iʃɔs
i.ʃɔv,i.ʃɔv,iʃɔv,iʃɔv,iʃɔv,iʃɔv
i.ʃɔz,i.ʃɔz,iʃɔz,iʃɔz,iʃɔz,iʃɔz
i.ʃɔʃ,i.ʃɔʃ,iʃɔʃ,iʃɔʃ,iʃɔʃ,iʃɔʃ
i.ʃɔʒ,i.ʃɔʒ,iʃɔʒ,iʃɔʒ,iʃɔʒ,iʃɔʒ
i.ʃɔθ,i.ʃɔθ,iʃɔθ,iʃɔθ,iʃɔθ,iʃɔθ
i.ʃɔð,i.ʃɔð,iʃɔð,iʃɔð,iʃɔð,iʃɔð
i.ʒɔm,i.ʒɔm,iʒɔm,iʒɔm,iʒɔm,iʒɔm
i.ʒɔn,i.ʒɔn,iʒɔn,iʒɔn,iʒɔn,iʒɔn
i.ʒɔŋ,i.ʒɔŋ,iʒɔŋ,iʒɔŋ,iʒɔŋ,iʒɔŋ
i.ʒɔp,i.ʒɔp,iʒɔp,iʒɔp,iʒɔp,iʒɔp
i.ʒɔt,i.ʒɔt,iʒɔt,iʒɔt,iʒɔt,iʒɔt
i.ʒɔk,i.ʒɔk,iʒɔk,iʒɔk,iʒɔk,iʒɔk
i.ʒɔb,i.ʒɔb,iʒɔb,iʒɔb,iʒɔb,iʒɔb
i.ʒɔd,i.ʒɔd,iʒɔd,iʒɔd,iʒɔd,iʒɔd
i.ʒɔg,i.ʒɔg,iʒɔg,iʒɔg,iʒɔg,iʒɔg
i.ʒɔf,i.ʒɔf,iʒɔf,iʒɔf,iʒɔf,iʒɔf
i.ʒɔs,i.ʒɔs,iʒɔs,iʒɔs,iʒɔs,iʒɔs
i.ʒɔv,i.ʒɔv,iʒɔv,iʒɔv,iʒɔv,iʒɔv
i.ʒɔz,i.ʒɔz,iʒɔz,iʒɔz,iʒɔz,iʒɔz
i.ʒɔʃ,i.ʒɔʃ,iʒɔʃ,iʒɔʃ,iʒɔʃ,iʒɔʃ
i.ʒɔʒ,i.ʒɔʒ,iʒɔʒ,iʒɔʒ,iʒɔʒ,iʒɔʒ
i.ʒɔθ,i.ʒɔθ,iʒɔθ,iʒɔθ,iʒɔθ,iʒɔθ
i.ʒɔð,i.ʒɔð,iʒɔð,iʒɔð,iʒɔð,iʒɔð
i.θɔm,i.θɔm,iθɔm,iθɔm,iθɔm,iθɔm
i.θɔn,i.θɔn,iθɔn,iθɔn,iθɔn,iθɔn
i.θɔŋ,i.θɔŋ,iθɔŋ,iθɔŋ,iθɔŋ,iθɔŋ
i.θɔp,i.θɔp,iθɔp,iθɔp,iθɔp,iθɔp
i.θɔt,i.θɔt,iθɔt,iθɔt,iθɔt,iθɔt
i.θɔk,i.θɔk,iθɔk,iθɔk,iθɔk,iθɔk
i.θɔb,i.θɔb,iθɔb,iθɔb,iθɔb,iθɔb
i.θɔd,i.θɔd,iθɔd,iθɔd,iθɔd,iθɔd
i.θɔg,i.θɔg,iθɔg,iθɔg,iθɔg,iθɔg
i.θɔf,i.θɔf,iθɔf,iθɔf,iθɔf,iθɔf
i.θɔs,i.θɔs,iθɔs,iθɔs,iθɔs,iθɔs
i.θɔv,i.θɔv,iθɔv,iθɔv,iθɔv,iθɔv
i.θɔz,i.θɔz,iθɔz,iθɔz,iθɔz,iθɔz
i.θɔʃ,i.θɔʃ,iθɔʃ,iθɔʃ,iθɔʃ,iθɔʃ
i.θɔʒ,i.θɔʒ,iθɔʒ,iθɔʒ,iθɔʒ,iθɔʒ
i.θɔθ,i.θɔθ,iθɔθ,iθɔθ,iθɔθ,iθɔθ
i.θɔð,i.θɔð,iθɔð,iθɔð,iθɔð,iθɔð
i.ðɔm,i.ðɔm,iðɔm,iðɔm,iðɔm,iðɔm
i.ðɔn,i.ðɔn,iðɔn,iðɔn,iðɔn,iðɔn
i.ðɔŋ,i.ðɔŋ,iðɔŋ,iðɔŋ,iðɔŋ,iðɔŋ
i.ðɔp,i.ðɔp,iðɔp,iðɔp,iðɔp,iðɔp
i.ðɔt,i.ðɔt,iðɔt,iðɔt,iðɔt,iðɔt
i.ðɔk,i.ðɔk,iðɔk,iðɔk,iðɔk,iðɔk
i.ðɔb,i.ðɔb,iðɔb,iðɔb,iðɔb,iðɔb
i.ðɔd,i.ðɔd,iðɔd,iðɔd,iðɔd,iðɔd
i.ðɔg,i.ðɔg,iðɔg,iðɔg,iðɔg,iðɔg
i.ðɔf,i.ðɔf,iðɔf,iðɔf,iðɔf,iðɔf
i.ðɔs,i.ðɔs,iðɔs,iðɔs,iðɔs,iðɔs
i.ðɔv,i.ðɔv,iðɔv,iðɔv,iðɔv,iðɔv
i.ðɔz,i.ðɔz,iðɔz,iðɔz,iðɔz,iðɔz
i.ðɔʃ,i.ðɔʃ,iðɔʃ,iðɔʃ,iðɔʃ,iðɔʃ
i.ðɔʒ,i.ðɔʒ,iðɔʒ,iðɔʒ,iðɔʒ,iðɔʒ
i.ðɔθ,i.ðɔθ,iðɔθ,iðɔθ,iðɔθ,iðɔθ
i.ðɔð,i.ðɔð,iðɔð,iðɔð,iðɔð,iðɔð
i.hɔm,i.hɔm,ihɔm,ihɔm,ihɔm,ihɔm
i.hɔn,i.hɔn,ihɔn,ihɔn,ihɔn,ihɔn
i.hɔŋ,i.hɔŋ,ihɔŋ,ihɔŋ,ihɔŋ,ihɔŋ
i.hɔp,i.hɔp,ihɔp,ihɔp,ihɔp,ihɔp
i.hɔt,i.hɔt,ihɔt,ihɔt,ihɔt,ihɔt
i.hɔk,i.hɔk,ihɔk,ihɔk,ihɔk,ihɔk
i.hɔb,i.hɔb,ihɔb,ihɔb,ihɔb,ihɔb
i.hɔd,i.hɔd,ihɔd,ihɔd,ihɔd,ihɔd
i.hɔg,i.hɔg,ihɔg,ihɔg,ihɔg,ihɔg
i.hɔf,i.hɔf,ihɔf,ihɔf,ihɔf,ihɔf
i.hɔs,i.hɔs,ihɔs,ihɔs,ihɔs,ihɔs
i.hɔv,i.hɔv,ihɔv,ihɔv,ihɔv,ihɔv
i.hɔz,i.hɔz,ihɔz,ihɔz,ihɔz,ihɔz
i.hɔʃ,i.hɔʃ,ihɔʃ,ihɔʃ,ihɔʃ,ihɔʃ
i.hɔʒ,i.hɔʒ,ihɔʒ,ihɔʒ,ihɔʒ,ihɔʒ
i.hɔθ,i.hɔθ,ihɔθ,ihɔθ,ihɔθ,ihɔθ
i.hɔð,i.hɔð,ihɔð,ihɔð,ihɔð,ihɔð
e.mɪm,e.mɪm,emɪm,emɪm,eɪmɪm,eɪmɪm
e.mɪn,e.mɪn,emɪn,emɪn,eɪmɪn,eɪmɪn
e.mɪŋ,e.mɪŋ,emɪŋ,emɪŋ,eɪmɪŋ,eɪmɪŋ
e.mɪp,e.mɪp,emɪp,emɪp,eɪmɪp,eɪmɪp
e.mɪt,e.mɪt,emɪt,emɪt,eɪmɪt,eɪmɪt
e.mɪk,e.mɪk,emɪk,emɪk,eɪmɪk,eɪmɪk
e.mɪb,e.mɪb,emɪb,emɪb,eɪmɪb,eɪmɪb
e.mɪd,e.mɪd,emɪd,emɪd,eɪmɪd,eɪmɪd
e.mɪg,e.mɪg,emɪg,emɪg,eɪmɪg,eɪmɪg
e.mɪf,e.mɪf,emɪf,emɪf,eɪmɪf,eɪmɪf
e.mɪs,e.mɪs,emɪs,emɪs,eɪmɪs,eɪmɪs
e.mɪv,e.mɪv,emɪv,emɪv,eɪmɪv,eɪmɪv
e.mɪz,e.mɪz,emɪz,emɪz,eɪmɪz,eɪmɪz
e.mɪʃ,e.mɪʃ,emɪʃ,emɪʃ,eɪmɪʃ,eɪmɪʃ
e.mɪʒ,e.mɪʒ,emɪʒ,emɪʒ,eɪmɪʒ,eɪmɪʒ
e.mɪθ,e.mɪθ,emɪθ,emɪθ,eɪmɪθ,eɪmɪθ
e.mɪð,e.mɪð,emɪð,emɪð,eɪmɪð,eɪmɪð
e.nɪm,e.nɪm,enɪm,enɪm,eɪnɪm,eɪnɪm
e.nɪn,e.nɪn,enɪn,enɪn,eɪnɪn,eɪnɪn
e.nɪŋ,e.nɪŋ,enɪŋ,enɪŋ,eɪnɪŋ,eɪnɪŋ
e.nɪp,e.nɪp,enɪp,enɪp,eɪnɪp,eɪnɪp
e.nɪt,e.nɪt,enɪt,enɪt,eɪnɪt,eɪnɪt
e.nɪk,e.nɪk,enɪk,enɪk,eɪnɪk,eɪnɪk
e.nɪb,e.nɪb,enɪb,enɪb,eɪnɪb,eɪnɪb
e.nɪd,e.nɪd,enɪd,enɪd,eɪnɪd,eɪnɪd
e.nɪg,e.nɪg,enɪg,enɪg,eɪnɪg,eɪnɪg
e.nɪf,e.nɪf,enɪf,enɪf,eɪnɪf,eɪnɪf
e.nɪs,e.nɪs,enɪs,enɪs,eɪnɪs,eɪnɪs
e.nɪv,e.nɪv,enɪv,enɪv,eɪnɪv,eɪnɪv
e.nɪz,e.nɪz,enɪz,enɪz,eɪnɪz,eɪnɪz
e.nɪʃ,e.nɪʃ,enɪʃ,enɪʃ,eɪnɪʃ,eɪnɪʃ
e.nɪʒ,e.nɪʒ,enɪʒ,enɪʒ,eɪnɪʒ,eɪnɪʒ
e.nɪθ,e.nɪθ,enɪθ,enɪθ,eɪnɪθ,eɪnɪθ
e.nɪð,e.nɪð,enɪð,enɪð,eɪnɪð,eɪnɪð
e.pɪm,e.pɪm,epɪm,epɪm,eɪpɪm,eɪpɪm
e.pɪn,e.pɪn,epɪn,epɪn,eɪpɪn,eɪpɪn
e.pɪŋ,e.pɪŋ,epɪŋ,epɪŋ,eɪpɪŋ,eɪpɪŋ
e.pɪp,e.pɪp,epɪp,epɪp,eɪpɪp,eɪpɪp
e.pɪt,e.pɪt,epɪt,epɪt,eɪpɪt,eɪpɪt
e.pɪk,e.pɪk,epɪk,epɪk,eɪpɪk,eɪpɪk
e.pɪb,e.pɪb,epɪb,epɪb,eɪpɪb,eɪpɪb
e.pɪd,e.pɪd,epɪd,epɪd,eɪpɪd,eɪpɪd
e.pɪg,e.pɪg,epɪg,epɪg,eɪpɪg,eɪpɪg
e.pɪf,e.pɪf,epɪf,epɪf,eɪpɪf,eɪpɪf
e.pɪs,e.pɪs,epɪs,epɪs,eɪpɪs,eɪpɪs
e.pɪv,e.pɪv,epɪv,epɪv,eɪpɪv,eɪpɪv
e.pɪz,e.pɪz,epɪz,epɪz,eɪpɪz,eɪpɪz
e.pɪʃ,e.pɪʃ,epɪʃ,epɪʃ,eɪpɪʃ,eɪpɪʃ
e.pɪʒ,e.pɪʒ,epɪʒ,epɪʒ,eɪpɪʒ,eɪpɪʒ
e.pɪθ,e.pɪθ,epɪθ,epɪθ,eɪpɪθ,eɪpɪθ
e.pɪð,e.pɪð,epɪð,epɪð,eɪpɪð,eɪpɪð
e.tɪm,e.tɪm,etɪm,etɪm,eɪtɪm,eɪtɪm
e.tɪn,e.tɪn,etɪn,etɪn,eɪtɪn,eɪtɪn
e.tɪŋ,e.tɪŋ,etɪŋ,etɪŋ,eɪtɪŋ,eɪtɪŋ
e.tɪp,e.tɪp,etɪp,etɪp,eɪtɪp,eɪtɪp
e.tɪt,e.tɪt,etɪt,etɪt,eɪtɪt,eɪtɪt
e.tɪk,e.tɪk,etɪk,etɪk,eɪtɪk,eɪtɪk
e.tɪb,e.tɪb,etɪb,etɪb,eɪtɪb,eɪtɪb
e.tɪd,e.tɪd,etɪd,etɪd,eɪtɪd,eɪtɪd
e.tɪg,e.tɪg,etɪg,etɪg,eɪtɪg,eɪtɪg
e.tɪf,e.tɪf,etɪf,etɪf,eɪtɪf,eɪtɪf
e.tɪs,e.tɪs,etɪs,etɪs,eɪtɪs,eɪtɪs
e.tɪv,e.tɪv,etɪv,etɪv,eɪtɪv,eɪtɪv
e.tɪz,e.tɪz,etɪz,etɪz,eɪtɪz,eɪtɪz
e.tɪʃ,e.tɪʃ,etɪʃ,etɪʃ,eɪtɪʃ,eɪtɪʃ
e.tɪʒ,e.tɪʒ,etɪʒ,etɪʒ,eɪtɪʒ,eɪtɪʒ
e.tɪθ,e.tɪθ,etɪθ,etɪθ,eɪtɪθ,eɪtɪθ
e.tɪð,e.tɪð,etɪð,etɪð,eɪtɪð,eɪtɪð
e.kɪm,e.kɪm,ekɪm,ekɪm,eɪkɪm,eɪkɪm
e.kɪn,e.kɪn,ekɪn,ekɪn,eɪkɪn,eɪkɪn
e.kɪŋ,e.kɪŋ,ekɪŋ,ekɪŋ,eɪkɪŋ,eɪkɪŋ
e.kɪp,e.kɪp,ekɪp,ekɪp,eɪkɪp,eɪkɪp
e.kɪt,e.kɪt,ekɪt,ekɪt,eɪkɪt,eɪkɪt
e.kɪk,e.kɪk,ekɪk,ekɪk,eɪkɪk,eɪkɪk
e.kɪb,e.kɪb,ekɪb,ekɪb,eɪkɪb,eɪkɪb
e.kɪd,e.kɪd,ekɪd,ekɪd,eɪkɪd,eɪkɪd
e.kɪg,e.kɪg,ekɪg,ekɪg,eɪkɪg,eɪkɪg
e.kɪf,e.kɪf,ekɪf,ekɪf,eɪkɪf,eɪkɪf
e.kɪs,e.kɪs,ekɪs,ekɪs,eɪkɪs,eɪkɪs
e.kɪv,e.kɪv,ekɪv,ekɪv,eɪkɪv,eɪkɪv
e.kɪz,e.kɪz,ekɪz,ekɪz,eɪkɪz,eɪkɪz
e.kɪʃ,e.kɪʃ,ekɪʃ,ekɪʃ,eɪkɪʃ,eɪkɪʃ
e.kɪʒ,e.kɪʒ,ekɪʒ,ekɪʒ,eɪkɪʒ,eɪkɪʒ
e.kɪθ,e.kɪθ,ekɪθ,ekɪθ,eɪkɪθ,eɪkɪθ
e.kɪð,e.kɪð,ekɪð,ekɪð,eɪkɪð,eɪkɪð
e.bɪm,e.bɪm,ebɪm,ebɪm,eɪbɪm,eɪbɪm
e.bɪn,e.bɪn,ebɪn,ebɪn,eɪbɪn,eɪbɪn
e.bɪŋ,e.bɪŋ,ebɪŋ,ebɪŋ,eɪbɪŋ,eɪbɪŋ
e.bɪp,e.bɪp,ebɪp,ebɪp,eɪbɪp,eɪbɪp
e.bɪt,e.bɪt,ebɪt,ebɪt,eɪbɪt,eɪbɪt
e.bɪk,e.bɪk,ebɪk,ebɪk,eɪbɪk,eɪbɪk
e.bɪb,e.bɪb,ebɪb,ebɪb,eɪbɪb,eɪbɪb
e.bɪd,e.bɪd,ebɪd,ebɪd,eɪbɪd,eɪbɪd
e.bɪg,e.bɪg,ebɪg,ebɪg,eɪbɪg,eɪbɪg
e.bɪf,e.bɪf,ebɪf,ebɪf,eɪbɪf,eɪbɪf
e.bɪs,e.bɪs,ebɪs,ebɪs,eɪbɪs,eɪbɪs
e.bɪv,e.bɪv,ebɪv,ebɪv,eɪbɪv,eɪbɪv
e.bɪz,e.bɪz,ebɪz,ebɪz,eɪbɪz,eɪbɪz
e.bɪʃ,e.bɪʃ,ebɪʃ,ebɪʃ,eɪbɪʃ,eɪbɪʃ
e.bɪʒ,e.bɪʒ,ebɪʒ,ebɪʒ,eɪbɪʒ,eɪbɪʒ
e.bɪθ,e.bɪθ,ebɪθ,ebɪθ,eɪbɪθ,eɪbɪθ
e.bɪð,e.bɪð,ebɪð,ebɪð,eɪbɪð,eɪbɪð
e.dɪm,e.dɪm,edɪm,edɪm,eɪdɪm,eɪdɪm
e.dɪn,e.dɪn,edɪn,edɪn,eɪdɪn,eɪdɪn
e.dɪŋ,e.dɪŋ,edɪŋ,edɪŋ,eɪdɪŋ,eɪdɪŋ
e.dɪp,e.dɪp,edɪp,edɪp,eɪdɪp,eɪdɪp
e.dɪt,e.dɪt,edɪt,edɪt,eɪdɪt,eɪdɪt
e.dɪk,e.dɪk,edɪk,edɪk,eɪdɪk,eɪdɪk
e.dɪb,e.dɪb,edɪb,edɪb,eɪdɪb,eɪdɪb
e.dɪd,e.dɪd,edɪd,edɪd,eɪdɪd,eɪdɪd
e.dɪg,e.dɪg,edɪg,edɪg,eɪdɪg,eɪdɪg
e.dɪf,e.dɪf,edɪf,edɪf,eɪdɪf,eɪdɪf
e.dɪs,e.dɪs,edɪs,edɪs,eɪdɪs,eɪdɪs
e.dɪv,e.dɪv,edɪv,edɪv,eɪdɪv,eɪdɪv
e.dɪz,e.dɪz,edɪz,edɪz,eɪdɪz,eɪdɪz
e.dɪʃ,e.dɪʃ,edɪʃ,edɪʃ,eɪdɪʃ,eɪdɪʃ
e.dɪʒ,e.dɪʒ,edɪʒ,edɪʒ,eɪdɪʒ,eɪdɪʒ
e.dɪθ,e.dɪθ,edɪθ,edɪθ,eɪdɪθ,eɪdɪθ
e.dɪð,e.dɪð,edɪð,edɪð,eɪdɪð,eɪdɪð
e.gɪm,e.gɪm,egɪm,egɪm,eɪgɪm,eɪgɪm
e.gɪn,e.gɪn,egɪn,egɪn,eɪgɪn,eɪgɪn
e.gɪŋ,e.gɪŋ,egɪŋ,egɪŋ,eɪgɪŋ,eɪgɪŋ
e.gɪp,e.gɪp,egɪp,egɪp,eɪgɪp,eɪgɪp
e.gɪt,e.gɪt,egɪt,egɪt,eɪgɪt,eɪgɪt
e.gɪk,e.gɪk,egɪk,egɪk,eɪgɪk,eɪgɪk
e.gɪb,e.gɪb,egɪb,egɪb,eɪgɪb,eɪgɪb
e.gɪd,e.gɪd,egɪd,egɪd,eɪgɪd,eɪgɪd
e.gɪg,e.gɪg,egɪg,egɪg,eɪgɪg,eɪgɪg
e.gɪf,e.gɪf,egɪf,egɪf,eɪgɪf,eɪgɪf
e.gɪs,e.gɪs,egɪs,egɪs,eɪgɪs,eɪgɪs
e.gɪv,e.gɪv,egɪv,egɪv,eɪgɪv,eɪgɪv
e.gɪz,e.gɪz,egɪz,egɪz,eɪgɪz,eɪgɪz
e.gɪʃ,e.gɪʃ,egɪʃ,egɪʃ,eɪgɪʃ,eɪgɪʃ
e.gɪʒ,e.gɪʒ,egɪʒ,egɪʒ,eɪgɪʒ,eɪgɪʒ
e.gɪθ,e.gɪθ,egɪθ,egɪθ,eɪgɪθ,eɪgɪθ
e.gɪð,e.gɪð,egɪð,egɪð,eɪgɪð,eɪgɪð
e.fɪm,e.fɪm,efɪm,efɪm,eɪfɪm,eɪfɪm
e.fɪn,e.fɪn,efɪn,efɪn,eɪfɪn,eɪfɪn
e.fɪŋ,e.fɪŋ,efɪŋ,efɪŋ,eɪfɪŋ,eɪfɪŋ
e.fɪp,e.fɪp,efɪp,efɪp,eɪfɪp,eɪfɪp
e.fɪt,e.fɪt,efɪt,efɪt,eɪfɪt,eɪfɪt
e.fɪk,e.fɪk,efɪk,efɪk,eɪfɪk,eɪfɪk
e.fɪb,e.fɪb,efɪb,efɪb,eɪfɪb,eɪfɪb
e.fɪd,e.fɪd,efɪd,efɪd,eɪfɪd,eɪfɪd
e.fɪg,e.fɪg,efɪg,efɪg,eɪfɪg,eɪfɪg
e.fɪf,e.fɪf,efɪf,efɪf,eɪfɪf,eɪfɪf
e.fɪs,e.fɪs,efɪs,efɪs,eɪfɪs,eɪfɪs
e.fɪv,e.fɪv,efɪv,efɪv,eɪfɪv,eɪfɪv
e.fɪz,e.fɪz,efɪz,efɪz,eɪfɪz,eɪfɪz
e.fɪʃ,e.fɪʃ,efɪʃ,efɪʃ,eɪfɪʃ,eɪfɪʃ
e.fɪʒ,e.fɪʒ,efɪʒ,efɪʒ,eɪfɪʒ,eɪfɪʒ
e.fɪθ,e.fɪθ,efɪθ,efɪθ,eɪfɪθ,eɪfɪθ
e.fɪð,e.fɪð,efɪð,efɪð,eɪfɪð,eɪfɪð
e.sɪm,e.sɪm,esɪm,esɪm,eɪsɪm,eɪsɪm
e.sɪn,e.sɪn,esɪn,esɪn,eɪsɪn,eɪsɪn
e.sɪŋ,e.sɪŋ,esɪŋ,esɪŋ,eɪsɪŋ,eɪsɪŋ
e.sɪp,e.sɪp,esɪp,esɪp,eɪsɪp,eɪsɪp
e.sɪt,e.sɪt,esɪt,esɪt,eɪsɪt,eɪsɪt
e.sɪk,e.sɪk,esɪk,esɪk,eɪsɪk,eɪsɪk
e.sɪb,e.sɪb,esɪb,esɪb,eɪsɪb,eɪsɪb
e.sɪd,e.sɪd,esɪd,esɪd,eɪsɪd,eɪsɪd
e.sɪg,e.sɪg,esɪg,esɪg,eɪsɪg,eɪsɪg
e.sɪf,e.sɪf,esɪf,esɪf,eɪsɪf,eɪsɪf
e.sɪs,e.sɪs,esɪs,esɪs,eɪsɪs,eɪsɪs
e.sɪv,e.sɪv,esɪv,esɪv,eɪsɪv,eɪsɪv
e.sɪz,e.sɪz,esɪz,esɪz,eɪsɪz,eɪsɪz
e.sɪʃ,e.sɪʃ,esɪʃ,esɪʃ,eɪsɪʃ,eɪsɪʃ
e.sɪʒ,e.sɪʒ,esɪʒ,esɪʒ,eɪsɪʒ,eɪsɪʒ
e.sɪθ,e.sɪθ,esɪθ,esɪθ,eɪsɪθ,eɪsɪθ
e.sɪð,e.sɪð,esɪð,esɪð,eɪsɪð,eɪsɪð
e.vɪm,e.vɪm,evɪm,evɪm,eɪvɪm,eɪvɪm
e.vɪn,e.vɪn,evɪn,evɪn,eɪvɪn,eɪvɪn
e.vɪŋ,e.vɪŋ,evɪŋ,evɪŋ,eɪvɪŋ,eɪvɪŋ
e.vɪp,e.vɪp,evɪp,evɪp,eɪvɪp,eɪvɪp
e.vɪt,e.vɪt,evɪt,evɪt,eɪvɪt,eɪvɪt
e.vɪk,e.vɪk,evɪk,evɪk,eɪvɪk,eɪvɪk
e.vɪb,e.vɪb,evɪb,evɪb,eɪvɪb,eɪvɪb
e.vɪd,e.vɪd,evɪd,evɪd,eɪvɪd,eɪvɪd
e.vɪg,e.vɪg,evɪg,evɪg,eɪvɪg,eɪvɪg
e.vɪf,e.vɪf,evɪf,evɪf,eɪvɪf,eɪvɪf
e.vɪs,e.vɪs,evɪs,evɪs,eɪvɪs,eɪvɪs
e.vɪv,e.vɪv,evɪv,evɪv,eɪvɪv,eɪvɪv
e.vɪz,e.vɪz,evɪz,evɪz,eɪvɪz,eɪvɪz
e.vɪʃ,e.vɪʃ,evɪʃ,evɪʃ,eɪvɪʃ,eɪvɪʃ
e.vɪʒ,e.vɪʒ,evɪʒ,evɪʒ,eɪvɪʒ,eɪvɪʒ
e.vɪθ,e.vɪθ,evɪθ,evɪθ,eɪvɪθ,eɪvɪθ
e.vɪð,e.vɪð,evɪð,evɪð,eɪvɪð,eɪvɪð
e.zɪm,e.zɪm,ezɪm,ezɪm,eɪzɪm,eɪzɪm
e.zɪn,e.zɪn,ezɪn,ezɪn,eɪzɪn,eɪzɪn
e.zɪŋ,e.zɪŋ,ezɪŋ,ezɪŋ,eɪzɪŋ,eɪzɪŋ
e.zɪp,e.zɪp,ezɪp,ezɪp,eɪzɪp,eɪzɪp
e.zɪt,e.zɪt,ezɪt,ezɪt,eɪzɪt,eɪzɪt
e.zɪk,e.zɪk,ezɪk,ezɪk,eɪzɪk,eɪzɪk
e.zɪb,e.zɪb,ezɪb,ezɪb,eɪzɪb,eɪzɪb
e.zɪd,e.zɪd,ezɪd,ezɪd,eɪzɪd,eɪzɪd
e.zɪg,e.zɪg,ezɪg,ezɪg,eɪzɪg,eɪzɪg
e.zɪf,e.zɪf,ezɪf,ezɪf,eɪzɪf,eɪzɪf
e.zɪs,e.zɪs,ezɪs,ezɪs,eɪzɪs,eɪzɪs
e.zɪv,e.zɪv,ezɪv,ezɪv,eɪzɪv,eɪzɪv
e.zɪz,e.zɪz,ezɪz,ezɪz,eɪzɪz,eɪzɪz
e.zɪʃ,e.zɪʃ,ezɪʃ,ezɪʃ,eɪzɪʃ,eɪzɪʃ
e.zɪʒ,e.zɪʒ,ezɪʒ,ezɪʒ,eɪzɪʒ,eɪzɪʒ
e.zɪθ,e.zɪθ,ezɪθ,ezɪθ,eɪzɪθ,eɪzɪθ
e.zɪð,e.zɪð,ezɪð,ezɪð,eɪzɪð,eɪzɪð
e.ʃɪm,e.ʃɪm,eʃɪm,eʃɪm,eɪʃɪm,eɪʃɪm
e.ʃɪn,e.ʃɪn,eʃɪn,eʃɪn,eɪʃɪn,eɪʃɪn
e.ʃɪŋ,e.ʃɪŋ,eʃɪŋ,eʃɪŋ,eɪʃɪŋ,eɪʃɪŋ
e.ʃɪp,e.ʃɪp,eʃɪp,eʃɪp,eɪʃɪp,eɪʃɪp
e.ʃɪt,e.ʃɪt,eʃɪt,eʃɪt,eɪʃɪt,eɪʃɪt
e.ʃɪk,e.ʃɪk,eʃɪk,eʃɪk,eɪʃɪk,eɪʃɪk
e.ʃɪb,e.ʃɪb,eʃɪb,eʃɪb,eɪʃɪb,eɪʃɪb
e.ʃɪd,e.ʃɪd,eʃɪd,eʃɪd,eɪʃɪd,eɪʃɪd
e.ʃɪg,e.ʃɪg,eʃɪg,eʃɪg,eɪʃɪg,eɪʃɪg
e.ʃɪf,e.ʃɪf,eʃɪf,eʃɪf,eɪʃɪf,eɪʃɪf
e.ʃɪs,e.ʃɪs,eʃɪs,eʃɪs,eɪʃɪs,eɪʃɪs
e.ʃɪv,e.ʃɪv,eʃɪv,eʃɪv,eɪʃɪv,eɪʃɪv
e.ʃɪz,e.ʃɪz,eʃɪz,eʃɪz,eɪʃɪz,eɪʃɪz
e.ʃɪʃ,e.ʃɪʃ,eʃɪʃ,eʃɪʃ,eɪʃɪʃ,eɪʃɪʃ
e.ʃɪʒ,e.ʃɪʒ,eʃɪʒ,eʃɪʒ,eɪʃɪʒ,eɪʃɪʒ
e.ʃɪθ,e.ʃɪθ,eʃɪθ,eʃɪθ,eɪʃɪθ,eɪʃɪθ
e.ʃɪð,e.ʃɪð,eʃɪð,eʃɪð,eɪʃɪð,eɪʃɪð
e.ʒɪm,e.ʒɪm,eʒɪm,eʒɪm,eɪʒɪm,eɪʒɪm
e.ʒɪn,e.ʒɪn,eʒɪn,eʒɪn,eɪʒɪn,eɪʒɪn
e.ʒɪŋ,e.ʒɪŋ,eʒɪŋ,eʒɪŋ,eɪʒɪŋ,eɪʒɪŋ
e.ʒɪp,e.ʒɪp,eʒɪp,eʒɪp,eɪʒɪp,eɪʒɪp
e.ʒɪt,e.ʒɪt,eʒɪt,eʒɪt,eɪʒɪt,eɪʒɪt
e.ʒɪk,e.ʒɪk,eʒɪk,eʒɪk,eɪʒɪk,eɪʒɪk
e.ʒɪb,e.ʒɪb,eʒɪb,eʒɪb,eɪʒɪb,eɪʒɪb
e.ʒɪd,e.ʒɪd,eʒɪd,eʒɪd,eɪʒɪd,eɪʒɪd
e.ʒɪg,e.ʒɪg,eʒɪg,eʒɪg,eɪʒɪg,eɪʒɪg
e.ʒɪf,e.ʒɪf,eʒɪf,eʒɪf,eɪʒɪf,eɪʒɪf
e.ʒɪs,e.ʒɪs,eʒɪs,eʒɪs,eɪʒɪs,eɪʒɪs
e.ʒɪv,e.ʒɪv,eʒɪv,eʒɪv,eɪʒɪv,eɪʒɪv
e.ʒɪz,e.ʒɪz,eʒɪz,eʒɪz,eɪʒɪz,eɪʒɪz
e.ʒɪʃ,e.ʒɪʃ,eʒɪʃ,eʒɪʃ,eɪʒɪʃ,eɪʒɪʃ
e.ʒɪʒ,e.ʒɪʒ,eʒɪʒ,eʒɪʒ,eɪʒɪʒ,eɪʒɪʒ
e.ʒɪθ,e.ʒɪθ,eʒɪθ,eʒɪθ,eɪʒɪθ,eɪʒɪθ
e.ʒɪð,e.ʒɪð,eʒɪð,eʒɪð,eɪʒɪð,eɪʒɪð
e.θɪm,e.θɪm,eθɪm,eθɪm,eɪθɪm,eɪθɪm
e.θɪn,e.θɪn,eθɪn,eθɪn,eɪθɪn,eɪθɪn
e.θɪŋ,e.θɪŋ,eθɪŋ,eθɪŋ,eɪθɪŋ,eɪθɪŋ
e.θɪp,e.θɪp,eθɪp,eθɪp,eɪθɪp,eɪθɪp
e.θɪt,e.θɪt,eθɪt,eθɪt,eɪθɪt,eɪθɪt
e.θɪk,e.θɪk,eθɪk,eθɪk,eɪθɪk,eɪθɪk
e.θɪb,e.θɪb,eθɪb,eθɪb,eɪθɪb,eɪθɪb
e.θɪd,e.θɪd,eθɪd,eθɪd,eɪθɪd,eɪθɪd
e.θɪg,e.θɪg,eθɪg,eθɪg,eɪθɪg,eɪθɪg
e.θɪf,e.θɪf,eθɪf,eθɪf,eɪθɪf,eɪθɪf
e.θɪs,e.θɪs,eθɪs,eθɪs,eɪθɪs,eɪθɪs
e.θɪv,e.θɪv,eθɪv,eθɪv,eɪθɪv,eɪθɪv
e.θɪz,e.θɪz,eθɪz,eθɪz,eɪθɪz,eɪθɪz
e.θɪʃ,e.θɪʃ,eθɪʃ,eθɪʃ,eɪθɪʃ,eɪθɪʃ
e.θɪʒ,e.θɪʒ,eθɪʒ,eθɪʒ,eɪθɪʒ,eɪθɪʒ
e.θɪθ,e.θɪθ,eθɪθ,eθɪθ,eɪθɪθ,eɪθɪθ
e.θɪð,e.θɪð,eθɪð,eθɪð,eɪθɪð,eɪθɪð
e.ðɪm,e.ðɪm,eðɪm,eðɪm,eɪðɪm,eɪðɪm
e.ðɪn,e.ðɪn,eðɪn,eðɪn,eɪðɪn,eɪðɪn
e.ðɪŋ,e.ðɪŋ,eðɪŋ,eðɪŋ,eɪðɪŋ,eɪðɪŋ
e.ðɪp,e.ðɪp,eðɪp,eðɪp,eɪðɪp,eɪðɪp
e.ðɪt,e.ðɪt,eðɪt,eðɪt,eɪðɪt,eɪðɪt
e.ðɪk,e.ðɪk,eðɪk,eðɪk,eɪðɪk,eɪðɪk
e.ðɪb,e.ðɪb,eðɪb,eðɪb,eɪðɪb,eɪðɪb
e.ðɪd,e.ðɪd,eðɪd,eðɪd,eɪðɪd,eɪðɪd
e.ðɪg,e.ðɪg,eðɪg,eðɪg,eɪðɪg,eɪðɪg
e.ðɪf,e.ðɪf,eðɪf,eðɪf,eɪðɪf,eɪðɪf
e.ðɪs,e.ðɪs,eðɪs,eðɪs,eɪðɪs,eɪðɪs
e.ðɪv,e.ðɪv,eðɪv,eðɪv,eɪðɪv,eɪðɪv
e.ðɪz,e.ðɪz,eðɪz,eðɪz,eɪðɪz,eɪðɪz
e.ðɪʃ,e.ðɪʃ,eðɪʃ,eðɪʃ,eɪðɪʃ,eɪðɪʃ
e.ðɪʒ,e.ðɪʒ,eðɪʒ,eðɪʒ,eɪðɪʒ,eɪðɪʒ
e.ðɪθ,e.ðɪθ,eðɪθ,eðɪθ,eɪðɪθ,eɪðɪθ
e.ðɪð,e.ðɪð,eðɪð,eðɪð,eɪðɪð,eɪðɪð
e.hɪm,e.hɪm,ehɪm,ehɪm,eɪhɪm,eɪhɪm
e.hɪn,e.hɪn,ehɪn,ehɪn,eɪhɪn,eɪhɪn
e.hɪŋ,e.hɪŋ,ehɪŋ,ehɪŋ,eɪhɪŋ,eɪhɪŋ
e.hɪp,e.hɪp,ehɪp,ehɪp,eɪhɪp,eɪhɪp
e.hɪt,e.hɪt,ehɪt,ehɪt,eɪhɪt,eɪhɪt
e.hɪk,e.hɪk,ehɪk,ehɪk,eɪhɪk,eɪhɪk
e.hɪb,e.hɪb,ehɪb,ehɪb,eɪhɪb,eɪhɪb
e.hɪd,e.hɪd,ehɪd,ehɪd,eɪhɪd,eɪhɪd
e.hɪg,e.hɪg,ehɪg,ehɪg,eɪhɪg,eɪhɪg
e.hɪf,e.hɪf,ehɪf,ehɪf,eɪhɪf,eɪhɪf
e.hɪs,e.hɪs,ehɪs,ehɪs,eɪhɪs,eɪhɪs
e.hɪv,e.hɪv,ehɪv,ehɪv,eɪhɪv,eɪhɪv
e.hɪz,e.hɪz,ehɪz,ehɪz,eɪhɪz,eɪhɪz
e.hɪʃ,e.hɪʃ,ehɪʃ,ehɪʃ,eɪhɪʃ,eɪhɪʃ
e.hɪʒ,e.hɪʒ,ehɪʒ,ehɪʒ,eɪhɪʒ,eɪhɪʒ
e.hɪθ,e.hɪθ,ehɪθ,ehɪθ,eɪhɪθ,eɪhɪθ
e.hɪð,e.hɪð,ehɪð,ehɪð,eɪhɪð,eɪhɪð
e.mɛm,e.mɛm,emɛm,emɛm,eɪmɛm,eɪmɛm
e.mɛn,e.mɛn,emɛn,emɛn,eɪmɛn,eɪmɛn
e.mɛŋ,e.mɛŋ,emɛŋ,emɛŋ,eɪmɛŋ,eɪmɛŋ
e.mɛp,e.mɛp,emɛp,emɛp,eɪmɛp,eɪmɛp
e.mɛt,e.mɛt,emɛt,emɛt,eɪmɛt,eɪmɛt
e.mɛk,e.mɛk,emɛk,emɛk,eɪmɛk,eɪmɛk
e.mɛb,e.mɛb,emɛb,emɛb,eɪmɛb,eɪmɛb
e.mɛd,e.mɛd,emɛd,emɛd,eɪmɛd,eɪmɛd
e.mɛg,e.mɛg,emɛg,emɛg,eɪmɛg,eɪmɛg
e.mɛf,e.mɛf,emɛf,emɛf,eɪmɛf,eɪmɛf
e.mɛs,e.mɛs,emɛs,emɛs,eɪmɛs,eɪmɛs
e.mɛv,e.mɛv,emɛv,emɛv,eɪmɛv,eɪmɛv
e.mɛz,e.mɛz,emɛz,emɛz,eɪmɛz,eɪmɛz
e.mɛʃ,e.mɛʃ,emɛʃ,emɛʃ,eɪmɛʃ,eɪmɛʃ
e.mɛʒ,e.mɛʒ,emɛʒ,emɛʒ,eɪmɛʒ,eɪmɛʒ
e.mɛθ,e.mɛθ,emɛθ,emɛθ,eɪmɛθ,eɪmɛθ
e.mɛð,e.mɛð,emɛð,emɛð,eɪmɛð,eɪmɛð
e.nɛm,e.nɛm,enɛm,enɛm,eɪnɛm,eɪnɛm
e.nɛn,e.nɛn,enɛn,enɛn,eɪnɛn,eɪnɛn
e.nɛŋ,e.nɛŋ,enɛŋ,enɛŋ,eɪnɛŋ,eɪnɛŋ
e.nɛp,e.nɛp,enɛp,enɛp,eɪnɛp,eɪnɛp
e.nɛt,e.nɛt,enɛt,enɛt,eɪnɛt,eɪnɛt
e.nɛk,e.nɛk,enɛk,enɛk,eɪnɛk,eɪnɛk
e.nɛb,e.nɛb,enɛb,enɛb,eɪnɛb,eɪnɛb
e.nɛd,e.nɛd,enɛd,enɛd,eɪnɛd,eɪnɛd
e.nɛg,e.nɛg,enɛg,enɛg,eɪnɛg,eɪnɛg
e.nɛf,e.nɛf,enɛf,enɛf,eɪnɛf,eɪnɛf
e.nɛs,e.nɛs,enɛs,enɛs,eɪnɛs,eɪnɛs
e.nɛv,e.nɛv,enɛv,enɛv,eɪnɛv,eɪnɛv
e.nɛz,e.nɛz,enɛz,enɛz,eɪnɛz,eɪnɛz
e.nɛʃ,e.nɛʃ,enɛʃ,enɛʃ,eɪnɛʃ,eɪnɛʃ
e.nɛʒ,e.nɛʒ,enɛʒ,enɛʒ,eɪnɛʒ,eɪnɛʒ
e.nɛθ,e.nɛθ,enɛθ,enɛθ,eɪnɛθ,eɪnɛθ
e.nɛð,e.nɛð,enɛð,enɛð,eɪnɛð,eɪnɛð
e.pɛm,e.pɛm,epɛm,epɛm,eɪpɛm,eɪpɛm
e.pɛn,e.pɛn,epɛn,epɛn,eɪpɛn,eɪpɛn
e.pɛŋ,e.pɛŋ,epɛŋ,epɛŋ,eɪpɛŋ,eɪpɛŋ
e.pɛp,e.pɛp,epɛp,epɛp,eɪpɛp,eɪpɛp
e.pɛt,e.pɛt,epɛt,epɛt,eɪpɛt,eɪpɛt
e.pɛk,e.pɛk,epɛk,epɛk,eɪpɛk,eɪpɛk
e.pɛb,e.pɛb,epɛb,epɛb,eɪpɛb,eɪpɛb
e.pɛd,e.pɛd,epɛd,epɛd,eɪpɛd,eɪpɛd
e.pɛg,e.pɛg,epɛg,epɛg,eɪpɛg,eɪpɛg
e.pɛf,e.pɛf,epɛf,epɛf,eɪpɛf,eɪpɛf
e.pɛs,e.pɛs,epɛs,epɛs,eɪpɛs,eɪpɛs
e.pɛv,e.pɛv,epɛv,epɛv,eɪpɛv,eɪpɛv
e.pɛz,e.pɛz,epɛz,epɛz,eɪpɛz,eɪpɛz
e.pɛʃ,e.pɛʃ,epɛʃ,epɛʃ,eɪpɛʃ,eɪpɛʃ
e.pɛʒ,e.pɛʒ,epɛʒ,epɛʒ,eɪpɛʒ,eɪpɛʒ
e.pɛθ,e.pɛθ,epɛθ,epɛθ,eɪpɛθ,eɪpɛθ
e.pɛð,e.pɛð,epɛð,epɛð,eɪpɛð,eɪpɛð
e.tɛm,e.tɛm,etɛm,etɛm,eɪtɛm,eɪtɛm
e.tɛn,e.tɛn,etɛn,etɛn,eɪtɛn,eɪtɛn
e.tɛŋ,e.tɛŋ,etɛŋ,etɛŋ,eɪtɛŋ,eɪtɛŋ
e.tɛp,e.tɛp,etɛp,etɛp,eɪtɛp,eɪtɛp
e.tɛt,e.tɛt,etɛt,etɛt,eɪtɛt,eɪtɛt
e.tɛk,e.tɛk,etɛk,etɛk,eɪtɛk,eɪtɛk
e.tɛb,e.tɛb,etɛb,etɛb,eɪtɛb,eɪtɛb
e.tɛd,e.tɛd,etɛd,etɛd,eɪtɛd,eɪtɛd
e.tɛg,e.tɛg,etɛg,etɛg,eɪtɛg,eɪtɛg
e.tɛf,e.tɛf,etɛf,etɛf,eɪtɛf,eɪtɛf
e.tɛs,e.tɛs,etɛs,etɛs,eɪtɛs,eɪtɛs
e.tɛv,e.tɛv,etɛv,etɛv,eɪtɛv,eɪtɛv
e.tɛz,e.tɛz,etɛz,etɛz,eɪtɛz,eɪtɛz
e.tɛʃ,e.tɛʃ,etɛʃ,etɛʃ,eɪtɛʃ,eɪtɛʃ
e.tɛʒ,e.tɛʒ,etɛʒ,etɛʒ,eɪtɛʒ,eɪtɛʒ
e.tɛθ,e.tɛθ,etɛθ,etɛθ,eɪtɛθ,eɪtɛθ
e.tɛð,e.tɛð,etɛð,etɛð,eɪtɛð,eɪtɛð
e.kɛm,e.kɛm,ekɛm,ekɛm,eɪkɛm,eɪkɛm
e.kɛn,e.kɛn,ekɛn,ekɛn,eɪkɛn,eɪkɛn
e.kɛŋ,e.kɛŋ,ekɛŋ,ekɛŋ,eɪkɛŋ,eɪkɛŋ
e.kɛp,e.kɛp,ekɛp,ekɛp,eɪkɛp,eɪkɛp
e.kɛt,e.kɛt,ekɛt,ekɛt,eɪkɛt,eɪkɛt
e.kɛk,e.kɛk,ekɛk,ekɛk,eɪkɛk,eɪkɛk
e.kɛb,e.kɛb,ekɛb,ekɛb,eɪkɛb,eɪkɛb
e.kɛd,e.kɛd,ekɛd,ekɛd,eɪkɛd,eɪkɛd
e.kɛg,e.kɛg,ekɛg,ekɛg,eɪkɛg,eɪkɛg
e.kɛf,e.kɛf,ekɛf,ekɛf,eɪkɛf,eɪkɛf
e.kɛs,e.kɛs,ekɛs,ekɛs,eɪkɛs,eɪkɛs
e.kɛv,e.kɛv,ekɛv,ekɛv,eɪkɛv,eɪkɛv
e.kɛz,e.kɛz,ekɛz,ekɛz,eɪkɛz,eɪkɛz
e.kɛʃ,e.kɛʃ,ekɛʃ,ekɛʃ,eɪkɛʃ,eɪkɛʃ
e.kɛʒ,e.kɛʒ,ekɛʒ,ekɛʒ,eɪkɛʒ,eɪkɛʒ
e.kɛθ,e.kɛθ,ekɛθ,ekɛθ,eɪkɛθ,eɪkɛθ
e.kɛð,e.kɛð,ekɛð,ekɛð,eɪkɛð,eɪkɛð
e.bɛm,e.bɛm,ebɛm,ebɛm,eɪbɛm,eɪbɛm
e.bɛn,e.bɛn,ebɛn,ebɛn,eɪbɛn,eɪbɛn
e.bɛŋ,e.bɛŋ,ebɛŋ,ebɛŋ,eɪbɛŋ,eɪbɛŋ
e.bɛp,e.bɛp,ebɛp,ebɛp,eɪbɛp,eɪbɛp
e.bɛt,e.bɛt,ebɛt,ebɛt,eɪbɛt,eɪbɛt
e.bɛk,e.bɛk,ebɛk,ebɛk,eɪbɛk,eɪbɛk
e.bɛb,e.bɛb,ebɛb,ebɛb,eɪbɛb,eɪbɛb
e.bɛd,e.bɛd,ebɛd,ebɛd,eɪbɛd,eɪbɛd
e.bɛg,e.bɛg,ebɛg,ebɛg,eɪbɛg,eɪbɛg
e.bɛf,e.bɛf,ebɛf,ebɛf,eɪbɛf,eɪbɛf
e.bɛs,e.bɛs,ebɛs,ebɛs,eɪbɛs,eɪbɛs
e.bɛv,e.bɛv,ebɛv,ebɛv,eɪbɛv,eɪbɛv
e.bɛz,e.bɛz,ebɛz,ebɛz,eɪbɛz,eɪbɛz
e.bɛʃ,e.bɛʃ,ebɛʃ,ebɛʃ,eɪbɛʃ,eɪbɛʃ
e.bɛʒ,e.bɛʒ,ebɛʒ,ebɛʒ,eɪbɛʒ,eɪbɛʒ
e.bɛθ,e.bɛθ,ebɛθ,ebɛθ,eɪbɛθ,eɪbɛθ
e.bɛð,e.bɛð,ebɛð,ebɛð,eɪbɛð,eɪbɛð
e.dɛm,e.dɛm,edɛm,edɛm,eɪdɛm,eɪdɛm
e.dɛn,e.dɛn,edɛn,edɛn,eɪdɛn,eɪdɛn
e.dɛŋ,e.dɛŋ,edɛŋ,edɛŋ,eɪdɛŋ,eɪdɛŋ
e.dɛp,e.dɛp,edɛp,edɛp,eɪdɛp,eɪdɛp
e.dɛt,e.dɛt,edɛt,edɛt,eɪdɛt,eɪdɛt
e.dɛk,e.dɛk,edɛk,edɛk,eɪdɛk,eɪdɛk
e.dɛb,e.dɛb,edɛb,edɛb,eɪdɛb,eɪdɛb
e.dɛd,e.dɛd,edɛd,edɛd,eɪdɛd,eɪdɛd
e.dɛg,e.dɛg,edɛg,edɛg,eɪdɛg,eɪdɛg
e.dɛf,e.dɛf,edɛf,edɛf,eɪdɛf,eɪdɛf
e.dɛs,e.dɛs,edɛs,edɛs,eɪdɛs,eɪdɛs
e.dɛv,e.dɛv,edɛv,edɛv,eɪdɛv,eɪdɛv
e.dɛz,e.dɛz,edɛz,edɛz,eɪdɛz,eɪdɛz
e.dɛʃ,e.dɛʃ,edɛʃ,edɛʃ,eɪdɛʃ,eɪdɛʃ
e.dɛʒ,e.dɛʒ,edɛʒ,edɛʒ,eɪdɛʒ,eɪdɛʒ
e.dɛθ,e.dɛθ,edɛθ,edɛθ,eɪdɛθ,eɪdɛθ
e.dɛð,e.dɛð,edɛð,edɛð,eɪdɛð,eɪdɛð
e.gɛm,e.gɛm,egɛm,egɛm,eɪgɛm,eɪgɛm
e.gɛn,e.gɛn,egɛn,egɛn,eɪgɛn,eɪgɛn
e.gɛŋ,e.gɛŋ,egɛŋ,egɛŋ,eɪgɛŋ,eɪgɛŋ
e.gɛp,e.gɛp,egɛp,egɛp,eɪgɛp,eɪgɛp
e.gɛt,e.gɛt,egɛt,egɛt,eɪgɛt,eɪgɛt
e.gɛk,e.gɛk,egɛk,egɛk,eɪgɛk,eɪgɛk
e.gɛb,e.gɛb,egɛb,egɛb,eɪgɛb,eɪgɛb
e.gɛd,e.gɛd,egɛd,egɛd,eɪgɛd,eɪgɛd
e.gɛg,e.gɛg,egɛg,egɛg,eɪgɛg,eɪgɛg
e.gɛf,e.gɛf,egɛf,egɛf,eɪgɛf,eɪgɛf
e.gɛs,e.gɛs,egɛs,egɛs,eɪgɛs,eɪgɛs
e.gɛv,e.gɛv,egɛv,egɛv,eɪgɛv,eɪgɛv
e.gɛz,e.gɛz,egɛz,egɛz,eɪgɛz,eɪgɛz
e.gɛʃ,e.gɛʃ,egɛʃ,egɛʃ,eɪgɛʃ,eɪgɛʃ
e.gɛʒ,e.gɛʒ,egɛʒ,egɛʒ,eɪgɛʒ,eɪgɛʒ
e.gɛθ,e.gɛθ,egɛθ,egɛθ,eɪgɛθ,eɪgɛθ
e.gɛð,e.gɛð,egɛð,egɛð,eɪgɛð,eɪgɛð
e.fɛm,e.fɛm,efɛm,efɛm,eɪfɛm,eɪfɛm
e.fɛn,e.fɛn,efɛn,efɛn,eɪfɛn,eɪfɛn
e.fɛŋ,e.fɛŋ,efɛŋ,efɛŋ,eɪfɛŋ,eɪfɛŋ
e.fɛp,e.fɛp,efɛp,efɛp,eɪfɛp,eɪfɛp
e.fɛt,e.fɛt,efɛt,efɛt,eɪfɛt,eɪfɛt
e.fɛk,e.fɛk,efɛk,efɛk,eɪfɛk,eɪfɛk
e.fɛb,e.fɛb,efɛb,efɛb,eɪfɛb,eɪfɛb
e.fɛd,e.fɛd,efɛd,efɛd,eɪfɛd,eɪfɛd
e.fɛg,e.fɛg,efɛg,efɛg,eɪfɛg,eɪfɛg
e.fɛf,e.fɛf,efɛf,efɛf,eɪfɛf,eɪfɛf
e.fɛs,e.fɛs,efɛs,efɛs,eɪfɛs,eɪfɛs
e.fɛv,e.fɛv,efɛv,efɛv,eɪfɛv,eɪfɛv
e.fɛz,e.fɛz,efɛz,efɛz,eɪfɛz,eɪfɛz
e.fɛʃ,e.fɛʃ,efɛʃ,efɛʃ,eɪfɛʃ,eɪfɛʃ
e.fɛʒ,e.fɛʒ,efɛʒ,efɛʒ,eɪfɛʒ,eɪfɛʒ
e.fɛθ,e.fɛθ,efɛθ,efɛθ,eɪfɛθ,eɪfɛθ
e.fɛð,e.fɛð,efɛð,efɛð,eɪfɛð,eɪfɛð
e.sɛm,e.sɛm,esɛm,esɛm,eɪsɛm,eɪsɛm
e.sɛn,e.sɛn,esɛn,esɛn,eɪsɛn,eɪsɛn
e.sɛŋ,e.sɛŋ,esɛŋ,esɛŋ,eɪsɛŋ,eɪsɛŋ
e.sɛp,e.sɛp,esɛp,esɛp,eɪsɛp,eɪsɛp
e.sɛt,e.sɛt,esɛt,esɛt,eɪsɛt,eɪsɛt
e.sɛk,e.sɛk,esɛk,esɛk,eɪsɛk,eɪsɛk
e.sɛb,e.sɛb,esɛb,esɛb,eɪsɛb,eɪsɛb
e.sɛd,e.sɛd,esɛd,esɛd,eɪsɛd,eɪsɛd
e.sɛg,e.sɛg,esɛg,esɛg,eɪsɛg,eɪsɛg
e.sɛf,e.sɛf,esɛf,esɛf,eɪsɛf,eɪsɛf
e.sɛs,e.sɛs,esɛs,esɛs,eɪsɛs,eɪsɛs
e.sɛv,e.sɛv,esɛv,esɛv,eɪsɛv,eɪsɛv
e.sɛz,e.sɛz,esɛz,esɛz,eɪsɛz,eɪsɛz
e.sɛʃ,e.sɛʃ,esɛʃ,esɛʃ,eɪsɛʃ,eɪsɛʃ
e.sɛʒ,e.sɛʒ,esɛʒ,esɛʒ,eɪsɛʒ,eɪsɛʒ
e.sɛθ,e.sɛθ,esɛθ,esɛθ,eɪsɛθ,eɪsɛθ
e.sɛð,e.sɛð,esɛð,esɛð,eɪsɛð,eɪsɛð
e.vɛm,e.vɛm,evɛm,evɛm,eɪvɛm,eɪvɛm
e.vɛn,e.vɛn,evɛn,evɛn,eɪvɛn,eɪvɛn
e.vɛŋ,e.vɛŋ,evɛŋ,evɛŋ,eɪvɛŋ,eɪvɛŋ
e.vɛp,e.vɛp,evɛp,evɛp,eɪvɛp,eɪvɛp
e.vɛt,e.vɛt,evɛt,evɛt,eɪvɛt,eɪvɛt
e.vɛk,e.vɛk,evɛk,evɛk,eɪvɛk,eɪvɛk
e.vɛb,e.vɛb,evɛb,evɛb,eɪvɛb,eɪvɛb
e.vɛd,e.vɛd,evɛd,evɛd,eɪvɛd,eɪvɛd
e.vɛg,e.vɛg,evɛg,evɛg,eɪvɛg,eɪvɛg
e.vɛf,e.vɛf,evɛf,evɛf,eɪvɛf,eɪvɛf
e.vɛs,e.vɛs,evɛs,evɛs,eɪvɛs,eɪvɛs
e.vɛv,e.vɛv,evɛv,evɛv,eɪvɛv,eɪvɛv
e.vɛz,e.vɛz,evɛz,evɛz,eɪvɛz,eɪvɛz
e.vɛʃ,e.vɛʃ,evɛʃ,evɛʃ,eɪvɛʃ,eɪvɛʃ
e.vɛʒ,e.vɛʒ,evɛʒ,evɛʒ,eɪvɛʒ,eɪvɛʒ
e.vɛθ,e.vɛθ,evɛθ,evɛθ,eɪvɛθ,eɪvɛθ
e.vɛð,e.vɛð,evɛð,evɛð,eɪvɛð,eɪvɛð
e.zɛm,e.zɛm,ezɛm,ezɛm,eɪzɛm,eɪzɛm
e.zɛn,e.zɛn,ezɛn,ezɛn,eɪzɛn,eɪzɛn
e.zɛŋ,e.zɛŋ,ezɛŋ,ezɛŋ,eɪzɛŋ,eɪzɛŋ
e.zɛp,e.zɛp,ezɛp,ezɛp,eɪzɛp,eɪzɛp
e.zɛt,e.zɛt,ezɛt,ezɛt,eɪzɛt,eɪzɛt
e.zɛk,e.zɛk,ezɛk,ezɛk,eɪzɛk,eɪzɛk
e.zɛb,e.zɛb,ezɛb,ezɛb,eɪzɛb,eɪzɛb
e.zɛd,e.zɛd,ezɛd,ezɛd,eɪzɛd,eɪzɛd
e.zɛg,e.zɛg,ezɛg,ezɛg,eɪzɛg,eɪzɛg
e.zɛf,e.zɛf,ezɛf,ezɛf,eɪzɛf,eɪzɛf
e.zɛs,e.zɛs,ezɛs,ezɛs,eɪzɛs,eɪzɛs
e.zɛv,e.zɛv,ezɛv,ezɛv,eɪzɛv,eɪzɛv
e.zɛz,e.zɛz,ezɛz,ezɛz,eɪzɛz,eɪzɛz
e.zɛʃ,e.zɛʃ,ezɛʃ,ezɛʃ,eɪzɛʃ,eɪzɛʃ
e.zɛʒ,e.zɛʒ,ezɛʒ,ezɛʒ,eɪzɛʒ,eɪzɛʒ
e.zɛθ,e.zɛθ,ezɛθ,ezɛθ,eɪzɛθ,eɪzɛθ
e.zɛð,e.zɛð,ezɛð,ezɛð,eɪzɛð,eɪzɛð
e.ʃɛm,e.ʃɛm,eʃɛm,eʃɛm,eɪʃɛm,eɪʃɛm
e.ʃɛn,e.ʃɛn,eʃɛn,eʃɛn,eɪʃɛn,eɪʃɛn
e.ʃɛŋ,e.ʃɛŋ,eʃɛŋ,eʃɛŋ,eɪʃɛŋ,eɪʃɛŋ
e.ʃɛp,e.ʃɛp,eʃɛp,eʃɛp,eɪʃɛp,eɪʃɛp
e.ʃɛt,e.ʃɛt,eʃɛt,eʃɛt,eɪʃɛt,eɪʃɛt
e.ʃɛk,e.ʃɛk,eʃɛk,eʃɛk,eɪʃɛk,eɪʃɛk
e.ʃɛb,e.ʃɛb,eʃɛb,eʃɛb,eɪʃɛb,eɪʃɛb
e.ʃɛd,e.ʃɛd,eʃɛd,eʃɛd,eɪʃɛd,eɪʃɛd
e.ʃɛg,e.ʃɛg,eʃɛg,eʃɛg,eɪʃɛg,eɪʃɛg
e.ʃɛf,e.ʃɛf,eʃɛf,eʃɛf,eɪʃɛf,eɪʃɛf
e.ʃɛs,e.ʃɛs,eʃɛs,eʃɛs,eɪʃɛs,eɪʃɛs
e.ʃɛv,e.ʃɛv,eʃɛv,eʃɛv,eɪʃɛv,eɪʃɛv
e.ʃɛz,e.ʃɛz,eʃɛz,eʃɛz,eɪʃɛz,eɪʃɛz
e.ʃɛʃ,e.ʃɛʃ,eʃɛʃ,eʃɛʃ,eɪʃɛʃ,eɪʃɛʃ
e.ʃɛʒ,e.ʃɛʒ,eʃɛʒ,eʃɛʒ,eɪʃɛʒ,eɪʃɛʒ
e.ʃɛθ,e.ʃɛθ,eʃɛθ,eʃɛθ,eɪʃɛθ,eɪʃɛθ
e.ʃɛð,e.ʃɛð,eʃɛð,eʃɛð,eɪʃɛð,eɪʃɛð
e.ʒɛm,e.ʒɛm,eʒɛm,eʒɛm,eɪʒɛm,eɪʒɛm
e.ʒɛn,e.ʒɛn,eʒɛn,eʒɛn,eɪʒɛn,eɪʒɛn
e.ʒɛŋ,e.ʒɛŋ,eʒɛŋ,eʒɛŋ,eɪʒɛŋ,eɪʒɛŋ
e.ʒɛp,e.ʒɛp,eʒɛp,eʒɛp,eɪʒɛp,eɪʒɛp
e.ʒɛt,e.ʒɛt,eʒɛt,eʒɛt,eɪʒɛt,eɪʒɛt
e.ʒɛk,e.ʒɛk,eʒɛk,eʒɛk,eɪʒɛk,eɪʒɛk
e.ʒɛb,e.ʒɛb,eʒɛb,eʒɛb,eɪʒɛb,eɪʒɛb
e.ʒɛd,e.ʒɛd,eʒɛd,eʒɛd,eɪʒɛd,eɪʒɛd
e.ʒɛg,e.ʒɛg,eʒɛg,eʒɛg,eɪʒɛg,eɪʒɛg
e.ʒɛf,e.ʒɛf,eʒɛf,eʒɛf,eɪʒɛf,eɪʒɛf
e.ʒɛs,e.ʒɛs,eʒɛs,eʒɛs,eɪʒɛs,eɪʒɛs
e.ʒɛv,e.ʒɛv,eʒɛv,eʒɛv,eɪʒɛv,eɪʒɛv
e.ʒɛz,e.ʒɛz,eʒɛz,eʒɛz,eɪʒɛz,eɪʒɛz
e.ʒɛʃ,e.ʒɛʃ,eʒɛʃ,eʒɛʃ,eɪʒɛʃ,eɪʒɛʃ
e.ʒɛʒ,e.ʒɛʒ,eʒɛʒ,eʒɛʒ,eɪʒɛʒ,eɪʒɛʒ
e.ʒɛθ,e.ʒɛθ,eʒɛθ,eʒɛθ,eɪʒɛθ,eɪʒɛθ
e.ʒɛð,e.ʒɛð,eʒɛð,eʒɛð,eɪʒɛð,eɪʒɛð
e.θɛm,e.θɛm,eθɛm,eθɛm,eɪθɛm,eɪθɛm
e.θɛn,e.θɛn,eθɛn,eθɛn,eɪθɛn,eɪθɛn
e.θɛŋ,e.θɛŋ,eθɛŋ,eθɛŋ,eɪθɛŋ,eɪθɛŋ
e.θɛp,e.θɛp,eθɛp,eθɛp,eɪθɛp,eɪθɛp
e.θɛt,e.θɛt,eθɛt,eθɛt,eɪθɛt,eɪθɛt
e.θɛk,e.θɛk,eθɛk,eθɛk,eɪθɛk,eɪθɛk
e.θɛb,e.θɛb,eθɛb,eθɛb,eɪθɛb,eɪθɛb
e.θɛd,e.θɛd,eθɛd,eθɛd,eɪθɛd,eɪθɛd
e.θɛg,e.θɛg,eθɛg,eθɛg,eɪθɛg,eɪθɛg
e.θɛf,e.θɛf,eθɛf,eθɛf,eɪθɛf,eɪθɛf
e.θɛs,e.θɛs,eθɛs,eθɛs,eɪθɛs,eɪθɛs
e.θɛv,e.θɛv,eθɛv,eθɛv,eɪθɛv,eɪθɛv
e.θɛz,e.θɛz,eθɛz,eθɛz,eɪθɛz,eɪθɛz
e.θɛʃ,e.θɛʃ,eθɛʃ,eθɛʃ,eɪθɛʃ,eɪθɛʃ
e.θɛʒ,e.θɛʒ,eθɛʒ,eθɛʒ,eɪθɛʒ,eɪθɛʒ
e.θɛθ,e.θɛθ,eθɛθ,eθɛθ,eɪθɛθ,eɪθɛθ
e.θɛð,e.θɛð,eθɛð,eθɛð,eɪθɛð,eɪθɛð
e.ðɛm,e.ðɛm,eðɛm,eðɛm,eɪðɛm,eɪðɛm
e.ðɛn,e.ðɛn,eðɛn,eðɛn,eɪðɛn,eɪðɛn
e.ðɛŋ,e.ðɛŋ,eðɛŋ,eðɛŋ,eɪðɛŋ,eɪðɛŋ
e.ðɛp,e.ðɛp,eðɛp,eðɛp,eɪðɛp,eɪðɛp
e.ðɛt,e.ðɛt,eðɛt,eðɛt,eɪðɛt,eɪðɛt
e.ðɛk,e.ðɛk,eðɛk,eðɛk,eɪðɛk,eɪðɛk
e.ðɛb,e.ðɛb,eðɛb,eðɛb,eɪðɛb,eɪðɛb
e.ðɛd,e.ðɛd,eðɛd,eðɛd,eɪðɛd,eɪðɛd
e.ðɛg,e.ðɛg,eðɛg,eðɛg,eɪðɛg,eɪðɛg
e.ðɛf,e.ðɛf,eðɛf,eðɛf,eɪðɛf,eɪðɛf
e.ðɛs,e.ðɛs,eðɛs,eðɛs,eɪðɛs,eɪðɛs
e.ðɛv,e.ðɛv,eðɛv,eðɛv,eɪðɛv,eɪðɛv
e.ðɛz,e.ðɛz,eðɛz,eðɛz,eɪðɛz,eɪðɛz
e.ðɛʃ,e.ðɛʃ,eðɛʃ,eðɛʃ,eɪðɛʃ,eɪðɛʃ
e.ðɛʒ,e.ðɛʒ,eðɛʒ,eðɛʒ,eɪðɛʒ,eɪðɛʒ
e.ðɛθ,e.ðɛθ,eðɛθ,eðɛθ,eɪðɛθ,eɪðɛθ
e.ðɛð,e.ðɛð,eðɛð,eðɛð,eɪðɛð,eɪðɛð
e.hɛm,e.hɛm,ehɛm,ehɛm,eɪhɛm,eɪhɛm
e.hɛn,e.hɛn,ehɛn,ehɛn,eɪhɛn,eɪhɛn
e.hɛŋ,e.hɛŋ,ehɛŋ,ehɛŋ,eɪhɛŋ,eɪhɛŋ
e.hɛp,e.hɛp,ehɛp,ehɛp,eɪhɛp,eɪhɛp
e.hɛt,e.hɛt,ehɛt,ehɛt,eɪhɛt,eɪhɛt
e.hɛk,e.hɛk,ehɛk,ehɛk,eɪhɛk,eɪhɛk
e.hɛb,e.hɛb,ehɛb,ehɛb,eɪhɛb,eɪhɛb
e.hɛd,e.hɛd,ehɛd,ehɛd,eɪhɛd,eɪhɛd
e.hɛg,e.hɛg,ehɛg,ehɛg,eɪhɛg,eɪhɛg
e.hɛf,e.hɛf,ehɛf,ehɛf,eɪhɛf,eɪhɛf
e.hɛs,e.hɛs,ehɛs,ehɛs,eɪhɛs,eɪhɛs
e.hɛv,e.hɛv,ehɛv,ehɛv,eɪhɛv,eɪhɛv
e.hɛz,e.hɛz,ehɛz,ehɛz,eɪhɛz,eɪhɛz
e.hɛʃ,e.hɛʃ,ehɛʃ,ehɛʃ,eɪhɛʃ,eɪhɛʃ
e.hɛʒ,e.hɛʒ,ehɛʒ,ehɛʒ,eɪhɛʒ,eɪhɛʒ
e.hɛθ,e.hɛθ,ehɛθ,ehɛθ,eɪhɛθ,eɪhɛθ
e.hɛð,e.hɛð,ehɛð,ehɛð,eɪhɛð,eɪhɛð
e.mʊm,e.mʊm,emʊm,emʊm,eɪmʊm,eɪmʊm
e.mʊn,e.mʊn,emʊn,emʊn,eɪmʊn,eɪmʊn
e.mʊŋ,e.mʊŋ,emʊŋ,emʊŋ,eɪmʊŋ,eɪmʊŋ
e.mʊp,e.mʊp,emʊp,emʊp,eɪmʊp,eɪmʊp
e.mʊt,e.mʊt,emʊt,emʊt,eɪmʊt,eɪmʊt
e.mʊk,e.mʊk,emʊk,emʊk,eɪmʊk,eɪmʊk
e.mʊb,e.mʊb,emʊb,emʊb,eɪmʊb,eɪmʊb
e.mʊd,e.mʊd,emʊd,emʊd,eɪmʊd,eɪmʊd
e.mʊg,e.mʊg,emʊg,emʊg,eɪmʊg,eɪmʊg
e.mʊf,e.mʊf,emʊf,emʊf,eɪmʊf,eɪmʊf
e.mʊs,e.mʊs,emʊs,emʊs,eɪmʊs,eɪmʊs
e.mʊv,e.mʊv,emʊv,emʊv,eɪmʊv,eɪmʊv
e.mʊz,e.mʊz,emʊz,emʊz,eɪmʊz,eɪmʊz
e.mʊʃ,e.mʊʃ,emʊʃ,emʊʃ,eɪmʊʃ,eɪmʊʃ
e.mʊʒ,e.mʊʒ,emʊʒ,emʊʒ,eɪmʊʒ,eɪmʊʒ
e.mʊθ,e.mʊθ,emʊθ,emʊθ,eɪmʊθ,eɪmʊθ
e.mʊð,e.mʊð,emʊð,emʊð,eɪmʊð,eɪmʊð
e.nʊm,e.nʊm,enʊm,enʊm,eɪnʊm,eɪnʊm
e.nʊn,e.nʊn,enʊn,enʊn,eɪnʊn,eɪnʊn
e.nʊŋ,e.nʊŋ,enʊŋ,enʊŋ,eɪnʊŋ,eɪnʊŋ
e.nʊp,e.nʊp,enʊp,enʊp,eɪnʊp,eɪnʊp
e.nʊt,e.nʊt,enʊt,enʊt,eɪnʊt,eɪnʊt
e.nʊk,e.nʊk,enʊk,enʊk,eɪnʊk,eɪnʊk
e.nʊb,e.nʊb,enʊb,enʊb,eɪnʊb,eɪnʊb
e.nʊd,e.nʊd,enʊd,enʊd,eɪnʊd,eɪnʊd
e.nʊg,e.nʊg,enʊg,enʊg,eɪnʊg,eɪnʊg
e.nʊf,e.nʊf,enʊf,enʊf,eɪnʊf,eɪnʊf
e.nʊs,e.nʊs,enʊs,enʊs,eɪnʊs,eɪnʊs
e.nʊv,e.nʊv,enʊv,enʊv,eɪnʊv,eɪnʊv
e.nʊz,e.nʊz,enʊz,enʊz,eɪnʊz,eɪnʊz
e.nʊʃ,e.nʊʃ,enʊʃ,enʊʃ,eɪnʊʃ,eɪnʊʃ
e.nʊʒ,e.nʊʒ,enʊʒ,enʊʒ,eɪnʊʒ,eɪnʊʒ
e.nʊθ,e.nʊθ,enʊθ,enʊθ,eɪnʊθ,eɪnʊθ
e.nʊð,e.nʊð,enʊð,enʊð,eɪnʊð,eɪnʊð
e.pʊm,e.pʊm,epʊm,epʊm,eɪpʊm,eɪpʊm
e.pʊn,e.pʊn,epʊn,epʊn,eɪpʊn,eɪpʊn
e.pʊŋ,e.pʊŋ,epʊŋ,epʊŋ,eɪpʊŋ,eɪpʊŋ
e.pʊp,e.pʊp,epʊp,epʊp,eɪpʊp,eɪpʊp
e.pʊt,e.pʊt,epʊt,epʊt,eɪpʊt,eɪpʊt
e.pʊk,e.pʊk,epʊk,epʊk,eɪpʊk,eɪpʊk
e.pʊb,e.pʊb,epʊb,epʊb,eɪpʊb,eɪpʊb
e.pʊd,e.pʊd,epʊd,epʊd,eɪpʊd,eɪpʊd
e.pʊg,e.pʊg,epʊg,epʊg,eɪpʊg,eɪpʊg
e.pʊf,e.pʊf,epʊf,epʊf,eɪpʊf,eɪpʊf
e.pʊs,e.pʊs,epʊs,epʊs,eɪpʊs,eɪpʊs
e.pʊv,e.pʊv,epʊv,epʊv,eɪpʊv,eɪpʊv
e.pʊz,e.pʊz,epʊz,epʊz,eɪpʊz,eɪpʊz
e.pʊʃ,e.pʊʃ,epʊʃ,epʊʃ,eɪpʊʃ,eɪpʊʃ
e.pʊʒ,e.pʊʒ,epʊʒ,epʊʒ,eɪpʊʒ,eɪpʊʒ
e.pʊθ,e.pʊθ,epʊθ,epʊθ,eɪpʊθ,eɪpʊθ
e.pʊð,e.pʊð,epʊð,epʊð,eɪpʊð,eɪpʊð
e.tʊm,e.tʊm,etʊm,etʊm,eɪtʊm,eɪtʊm
e.tʊn,e.tʊn,etʊn,etʊn,eɪtʊn,eɪtʊn
e.tʊŋ,e.tʊŋ,etʊŋ,etʊŋ,eɪtʊŋ,eɪtʊŋ
e.tʊp,e.tʊp,etʊp,etʊp,eɪtʊp,eɪtʊp
e.tʊt,e.tʊt,etʊt,etʊt,eɪtʊt,eɪtʊt
e.tʊk,e.tʊk,etʊk,etʊk,eɪtʊk,eɪtʊk
e.tʊb,e.tʊb,etʊb,etʊb,eɪtʊb,eɪtʊb
e.tʊd,e.tʊd,etʊd,etʊd,eɪtʊd,eɪtʊd
e.tʊg,e.tʊg,etʊg,etʊg,eɪtʊg,eɪtʊg
e.tʊf,e.tʊf,etʊf,etʊf,eɪtʊf,eɪtʊf
e.tʊs,e.tʊs,etʊs,etʊs,eɪtʊs,eɪtʊs
e.tʊv,e.tʊv,etʊv,etʊv,eɪtʊv,eɪtʊv
e.tʊz,e.tʊz,etʊz,etʊz,eɪtʊz,eɪtʊz
e.tʊʃ,e.tʊʃ,etʊʃ,etʊʃ,eɪtʊʃ,eɪtʊʃ
e.tʊʒ,e.tʊʒ,etʊʒ,etʊʒ,eɪtʊʒ,eɪtʊʒ
e.tʊθ,e.tʊθ,etʊθ,etʊθ,eɪtʊθ,eɪtʊθ
e.tʊð,e.tʊð,etʊð,etʊð,eɪtʊð,eɪtʊð
e.kʊm,e.kʊm,ekʊm,ekʊm,eɪkʊm,eɪkʊm
e.kʊn,e.kʊn,ekʊn,ekʊn,eɪkʊn,eɪkʊn
e.kʊŋ,e.kʊŋ,ekʊŋ,ekʊŋ,eɪkʊŋ,eɪkʊŋ
e.kʊp,e.kʊp,ekʊp,ekʊp,eɪkʊp,eɪkʊp
e.kʊt,e.kʊt,ekʊt,ekʊt,eɪkʊt,eɪkʊt
e.kʊk,e.kʊk,ekʊk,ekʊk,eɪkʊk,eɪkʊk
e.kʊb,e.kʊb,ekʊb,ekʊb,eɪkʊb,eɪkʊb
e.kʊd,e.kʊd,ekʊd,ekʊd,eɪkʊd,eɪkʊd
e.kʊg,e.kʊg,ekʊg,ekʊg,eɪkʊg,eɪkʊg
e.kʊf,e.kʊf,ekʊf,ekʊf,eɪkʊf,eɪkʊf
e.kʊs,e.kʊs,ekʊs,ekʊs,eɪkʊs,eɪkʊs
e.kʊv,e.kʊv,ekʊv,ekʊv,eɪkʊv,eɪkʊv
e.kʊz,e.kʊz,ekʊz,ekʊz,eɪkʊz,eɪkʊz
e.kʊʃ,e.kʊʃ,ekʊʃ,ekʊʃ,eɪkʊʃ,eɪkʊʃ
e.kʊʒ,e.kʊʒ,ekʊʒ,ekʊʒ,eɪkʊʒ,eɪkʊʒ
e.kʊθ,e.kʊθ,ekʊθ,ekʊθ,eɪkʊθ,eɪkʊθ
e.kʊð,e.kʊð,ekʊð,ekʊð,eɪkʊð,eɪkʊð
e.bʊm,e.bʊm,ebʊm,ebʊm,eɪbʊm,eɪbʊm
e.bʊn,e.bʊn,ebʊn,ebʊn,eɪbʊn,eɪbʊn
e.bʊŋ,e.bʊŋ,ebʊŋ,ebʊŋ,eɪbʊŋ,eɪbʊŋ
e.bʊp,e.bʊp,ebʊp,ebʊp,eɪbʊp,eɪbʊp
e.bʊt,e.bʊt,ebʊt,ebʊt,eɪbʊt,eɪbʊt
e.bʊk,e.bʊk,ebʊk,ebʊk,eɪbʊk,eɪbʊk
e.bʊb,e.bʊb,ebʊb,ebʊb,eɪbʊb,eɪbʊb
e.bʊd,e.bʊd,ebʊd,ebʊd,eɪbʊd,eɪbʊd
e.bʊg,e.bʊg,ebʊg,ebʊg,eɪbʊg,eɪbʊg
e.bʊf,e.bʊf,ebʊf,ebʊf,eɪbʊf,eɪbʊf
e.bʊs,e.bʊs,ebʊs,ebʊs,eɪbʊs,eɪbʊs
e.bʊv,e.bʊv,ebʊv,ebʊv,eɪbʊv,eɪbʊv
e.bʊz,e.bʊz,ebʊz,ebʊz,eɪbʊz,eɪbʊz
e.bʊʃ,e.bʊʃ,ebʊʃ,ebʊʃ,eɪbʊʃ,eɪbʊʃ
e.bʊʒ,e.bʊʒ,ebʊʒ,ebʊʒ,eɪbʊʒ,eɪbʊʒ
e.bʊθ,e.bʊθ,ebʊθ,ebʊθ,eɪbʊθ,eɪbʊθ
e.bʊð,e.bʊð,ebʊð,ebʊð,eɪbʊð,eɪbʊð
e.dʊm,e.dʊm,edʊm,edʊm,eɪdʊm,eɪdʊm
e.dʊn,e.dʊn,edʊn,edʊn,eɪdʊn,eɪdʊn
e.dʊŋ,e.dʊŋ,edʊŋ,edʊŋ,eɪdʊŋ,eɪdʊŋ
e.dʊp,e.dʊp,edʊp,edʊp,eɪdʊp,eɪdʊp
e.dʊt,e.dʊt,edʊt,edʊt,eɪdʊt,eɪdʊt
e.dʊk,e.dʊk,edʊk,edʊk,eɪdʊk,eɪdʊk
e.dʊb,e.dʊb,edʊb,edʊb,eɪdʊb,eɪdʊb
e.dʊd,e.dʊd,edʊd,edʊd,eɪdʊd,eɪdʊd
e.dʊg,e.dʊg,edʊg,edʊg,eɪdʊg,eɪdʊg
e.dʊf,e.dʊf,edʊf,edʊf,eɪdʊf,eɪdʊf
e.dʊs,e.dʊs,edʊs,edʊs,eɪdʊs,eɪdʊs
e.dʊv,e.dʊv,edʊv,edʊv,eɪdʊv,eɪdʊv
e.dʊz,e.dʊz,edʊz,edʊz,eɪdʊz,eɪdʊz
e.dʊʃ,e.dʊʃ,edʊʃ,edʊʃ,eɪdʊʃ,eɪdʊʃ
e.dʊʒ,e.dʊʒ,edʊʒ,edʊʒ,eɪdʊʒ,eɪdʊʒ
e.dʊθ,e.dʊθ,edʊθ,edʊθ,eɪdʊθ,eɪdʊθ
e.dʊð,e.dʊð,edʊð,edʊð,eɪdʊð,eɪdʊð
e.gʊm,e.gʊm,egʊm,egʊm,eɪgʊm,eɪgʊm
e.gʊn,e.gʊn,egʊn,egʊn,eɪgʊn,eɪgʊn
e.gʊŋ,e.gʊŋ,egʊŋ,egʊŋ,eɪgʊŋ,eɪgʊŋ
e.gʊp,e.gʊp,egʊp,egʊp,eɪgʊp,eɪgʊp
e.gʊt,e.gʊt,egʊt,egʊt,eɪgʊt,eɪgʊt
e.gʊk,e.gʊk,egʊk,egʊk,eɪgʊk,eɪgʊk
e.gʊb,e.gʊb,egʊb,egʊb,eɪgʊb,eɪgʊb
e.gʊd,e.gʊd,egʊd,egʊd,eɪgʊd,eɪgʊd
e.gʊg,e.gʊg,egʊg,egʊg,eɪgʊg,eɪgʊg
e.gʊf,e.gʊf,egʊf,egʊf,eɪgʊf,eɪgʊf
e.gʊs,e.gʊs,egʊs,egʊs,eɪgʊs,eɪgʊs
e.gʊv,e.gʊv,egʊv,egʊv,eɪgʊv,eɪgʊv
e.gʊz,e.gʊz,egʊz,egʊz,eɪgʊz,eɪgʊz
e.gʊʃ,e.gʊʃ,egʊʃ,egʊʃ,eɪgʊʃ,eɪgʊʃ
e.gʊʒ,e.gʊʒ,egʊʒ,egʊʒ,eɪgʊʒ,eɪgʊʒ
e.gʊθ,e.gʊθ,egʊθ,egʊθ,eɪgʊθ,eɪgʊθ
e.gʊð,e.gʊð,egʊð,egʊð,eɪgʊð,eɪgʊð
e.fʊm,e.fʊm,efʊm,efʊm,eɪfʊm,eɪfʊm
e.fʊn,e.fʊn,efʊn,efʊn,eɪfʊn,eɪfʊn
e.fʊŋ,e.fʊŋ,efʊŋ,efʊŋ,eɪfʊŋ,eɪfʊŋ
e.fʊp,e.fʊp,efʊp,efʊp,eɪfʊp,eɪfʊp
e.fʊt,e.fʊt,efʊt,efʊt,eɪfʊt,eɪfʊt
e.fʊk,e.fʊk,efʊk,efʊk,eɪfʊk,eɪfʊk
e.fʊb,e.fʊb,efʊb,efʊb,eɪfʊb,eɪfʊb
e.fʊd,e.fʊd,efʊd,efʊd,eɪfʊd,eɪfʊd
e.fʊg,e.fʊg,efʊg,efʊg,eɪfʊg,eɪfʊg
e.fʊf,e.fʊf,efʊf,efʊf,eɪfʊf,eɪfʊf
e.fʊs,e.fʊs,efʊs,efʊs,eɪfʊs,eɪfʊs
e.fʊv,e.fʊv,efʊv,efʊv,eɪfʊv,eɪfʊv
e.fʊz,e.fʊz,efʊz,efʊz,eɪfʊz,eɪfʊz
e.fʊʃ,e.fʊʃ,efʊʃ,efʊʃ,eɪfʊʃ,eɪfʊʃ
e.fʊʒ,e.fʊʒ,efʊʒ,efʊʒ,eɪfʊʒ,eɪfʊʒ
e.fʊθ,e.fʊθ,efʊθ,efʊθ,eɪfʊθ,eɪfʊθ
e.fʊð,e.fʊð,efʊð,efʊð,eɪfʊð,eɪfʊð
e.sʊm,e.sʊm,esʊm,esʊm,eɪsʊm,eɪsʊm
e.sʊn,e.sʊn,esʊn,esʊn,eɪsʊn,eɪsʊn
e.sʊŋ,e.sʊŋ,esʊŋ,esʊŋ,eɪsʊŋ,eɪsʊŋ
e.sʊp,e.sʊp,esʊp,esʊp,eɪsʊp,eɪsʊp
e.sʊt,e.sʊt,esʊt,esʊt,eɪsʊt,eɪsʊt
e.sʊk,e.sʊk,esʊk,esʊk,eɪsʊk,eɪsʊk
e.sʊb,e.sʊb,esʊb,esʊb,eɪsʊb,eɪsʊb
e.sʊd,e.sʊd,esʊd,esʊd,eɪsʊd,eɪsʊd
e.sʊg,e.sʊg,esʊg,esʊg,eɪsʊg,eɪsʊg
e.sʊf,e.sʊf,esʊf,esʊf,eɪsʊf,eɪsʊf
e.sʊs,e.sʊs,esʊs,esʊs,eɪsʊs,eɪsʊs
e.sʊv,e.sʊv,esʊv,esʊv,eɪsʊv,eɪsʊv
e.sʊz,e.sʊz,esʊz,esʊz,eɪsʊz,eɪsʊz
e.sʊʃ,e.sʊʃ,esʊʃ,esʊʃ,eɪsʊʃ,eɪsʊʃ
e.sʊʒ,e.sʊʒ,esʊʒ,esʊʒ,eɪsʊʒ,eɪsʊʒ
e.sʊθ,e.sʊθ,esʊθ,esʊθ,eɪsʊθ,eɪsʊθ
e.sʊð,e.sʊð,esʊð,esʊð,eɪsʊð,eɪsʊð
e.vʊm,e.vʊm,evʊm,evʊm,eɪvʊm,eɪvʊm
e.vʊn,e.vʊn,evʊn,evʊn,eɪvʊn,eɪvʊn
e.vʊŋ,e.vʊŋ,evʊŋ,evʊŋ,eɪvʊŋ,eɪvʊŋ
e.vʊp,e.vʊp,evʊp,evʊp,eɪvʊp,eɪvʊp
e.vʊt,e.vʊt,evʊt,evʊt,eɪvʊt,eɪvʊt
e.vʊk,e.vʊk,evʊk,evʊk,eɪvʊk,eɪvʊk
e.vʊb,e.vʊb,evʊb,evʊb,eɪvʊb,eɪvʊb
e.vʊd,e.vʊd,evʊd,evʊd,eɪvʊd,eɪvʊd
e.vʊg,e.vʊg,evʊg,evʊg,eɪvʊg,eɪvʊg
e.vʊf,e.vʊf,evʊf,evʊf,eɪvʊf,eɪvʊf
e.vʊs,e.vʊs,evʊs,evʊs,eɪvʊs,eɪvʊs
e.vʊv,e.vʊv,evʊv,evʊv,eɪvʊv,eɪvʊv
e.vʊz,e.vʊz,evʊz,evʊz,eɪvʊz,eɪvʊz
e.vʊʃ,e.vʊʃ,evʊʃ,evʊʃ,eɪvʊʃ,eɪvʊʃ
e.vʊʒ,e.vʊʒ,evʊʒ,evʊʒ,eɪvʊʒ,eɪvʊʒ
e.vʊθ,e.vʊθ,evʊθ,evʊθ,eɪvʊθ,eɪvʊθ
e.vʊð,e.vʊð,evʊð,evʊð,eɪvʊð,eɪvʊð
e.zʊm,e.zʊm,ezʊm,ezʊm,eɪzʊm,eɪzʊm
e.zʊn,e.zʊn,ezʊn,ezʊn,eɪzʊn,eɪzʊn
e.zʊŋ,e.zʊŋ,ezʊŋ,ezʊŋ,eɪzʊŋ,eɪzʊŋ
e.zʊp,e.zʊp,ezʊp,ezʊp,eɪzʊp,eɪzʊp
e.zʊt,e.zʊt,ezʊt,ezʊt,eɪzʊt,eɪzʊt
e.zʊk,e.zʊk,ezʊk,ezʊk,eɪzʊk,eɪzʊk
e.zʊb,e.zʊb,ezʊb,ezʊb,eɪzʊb,eɪzʊb
e.zʊd,e.zʊd,ezʊd,ezʊd,eɪzʊd,eɪzʊd
e.zʊg,e.zʊg,ezʊg,ezʊg,eɪzʊg,eɪzʊg
e.zʊf,e.zʊf,ezʊf,ezʊf,eɪzʊf,eɪzʊf
e.zʊs,e.zʊs,ezʊs,ezʊs,eɪzʊs,eɪzʊs
e.zʊv,e.zʊv,ezʊv,ezʊv,eɪzʊv,eɪzʊv
e.zʊz,e.zʊz,ezʊz,ezʊz,eɪzʊz,eɪzʊz
e.zʊʃ,e.zʊʃ,ezʊʃ,ezʊʃ,eɪzʊʃ,eɪzʊʃ
e.zʊʒ,e.zʊʒ,ezʊʒ,ezʊʒ,eɪzʊʒ,eɪzʊʒ
e.zʊθ,e.zʊθ,ezʊθ,ezʊθ,eɪzʊθ,eɪzʊθ
e.zʊð,e.zʊð,ezʊð,ezʊð,eɪzʊð,eɪzʊð
e.ʃʊm,e.ʃʊm,eʃʊm,eʃʊm,eɪʃʊm,eɪʃʊm
e.ʃʊn,e.ʃʊn,eʃʊn,eʃʊn,eɪʃʊn,eɪʃʊn
e.ʃʊŋ,e.ʃʊŋ,eʃʊŋ,eʃʊŋ,eɪʃʊŋ,eɪʃʊŋ
e.ʃʊp,e.ʃʊp,eʃʊp,eʃʊp,eɪʃʊp,eɪʃʊp
e.ʃʊt,e.ʃʊt,eʃʊt,eʃʊt,eɪʃʊt,eɪʃʊt
e.ʃʊk,e.ʃʊk,eʃʊk,eʃʊk,eɪʃʊk,eɪʃʊk
e.ʃʊb,e.ʃʊb,eʃʊb,eʃʊb,eɪʃʊb,eɪʃʊb
e.ʃʊd,e.ʃʊd,eʃʊd,eʃʊd,eɪʃʊd,eɪʃʊd
e.ʃʊg,e.ʃʊg,eʃʊg,eʃʊg,eɪʃʊg,eɪʃʊg
e.ʃʊf,e.ʃʊf,eʃʊf,eʃʊf,eɪʃʊf,eɪʃʊf
e.ʃʊs,e.ʃʊs,eʃʊs,eʃʊs,eɪʃʊs,eɪʃʊs
e.ʃʊv,e.ʃʊv,eʃʊv,eʃʊv,eɪʃʊv,eɪʃʊv
e.ʃʊz,e.ʃʊz,eʃʊz,eʃʊz,eɪʃʊz,eɪʃʊz
e.ʃʊʃ,e.ʃʊʃ,eʃʊʃ,eʃʊʃ,eɪʃʊʃ,eɪʃʊʃ
e.ʃʊʒ,e.ʃʊʒ,eʃʊʒ,eʃʊʒ,eɪʃʊʒ,eɪʃʊʒ
e.ʃʊθ,e.ʃʊθ,eʃʊθ,eʃʊθ,eɪʃʊθ,eɪʃʊθ
e.ʃʊð,e.ʃʊð,eʃʊð,eʃʊð,eɪʃʊð,eɪʃʊð
e.ʒʊm,e.ʒʊm,eʒʊm,eʒʊm,eɪʒʊm,eɪʒʊm
e.ʒʊn,e.ʒʊn,eʒʊn,eʒʊn,eɪʒʊn,eɪʒʊn
e.ʒʊŋ,e.ʒʊŋ,eʒʊŋ,eʒʊŋ,eɪʒʊŋ,eɪʒʊŋ
e.ʒʊp,e.ʒʊp,eʒʊp,eʒʊp,eɪʒʊp,eɪʒʊp
e.ʒʊt,e.ʒʊt,eʒʊt,eʒʊt,eɪʒʊt,eɪʒʊt
e.ʒʊk,e.ʒʊk,eʒʊk,eʒʊk,eɪʒʊk,eɪʒʊk
e.ʒʊb,e.ʒʊb,eʒʊb,eʒʊb,eɪʒʊb,eɪʒʊb
e.ʒʊd,e.ʒʊd,eʒʊd,eʒʊd,eɪʒʊd,eɪʒʊd
e.ʒʊg,e.ʒʊg,eʒʊg,eʒʊg,eɪʒʊg,eɪʒʊg
e.ʒʊf,e.ʒʊf,eʒʊf,eʒʊf,eɪʒʊf,eɪʒʊf
e.ʒʊs,e.ʒʊs,eʒʊs,eʒʊs,eɪʒʊs,eɪʒʊs
e.ʒʊv,e.ʒʊv,eʒʊv,eʒʊv,eɪʒʊv,eɪʒʊv
e.ʒʊz,e.ʒʊz,eʒʊz,eʒʊz,eɪʒʊz,eɪʒʊz
e.ʒʊʃ,e.ʒʊʃ,eʒʊʃ,eʒʊʃ,eɪʒʊʃ,eɪʒʊʃ
e.ʒʊʒ,e.ʒʊʒ,eʒʊʒ,eʒʊʒ,eɪʒʊʒ,eɪʒʊʒ
e.ʒʊθ,e.ʒʊθ,eʒʊθ,eʒʊθ,eɪʒʊθ,eɪʒʊθ
e.ʒʊð,e.ʒʊð,eʒʊð,eʒʊð,eɪʒʊð,eɪʒʊð
e.θʊm,e.θʊm,eθʊm,eθʊm,eɪθʊm,eɪθʊm
e.θʊn,e.θʊn,eθʊn,eθʊn,eɪθʊn,eɪθʊn
e.θʊŋ,e.θʊŋ,eθʊŋ,eθʊŋ,eɪθʊŋ,eɪθʊŋ
e.θʊp,e.θʊp,eθʊp,eθʊp,eɪθʊp,eɪθʊp
e.θʊt,e.θʊt,eθʊt,eθʊt,eɪθʊt,eɪθʊt
e.θʊk,e.θʊk,eθʊk,eθʊk,eɪθʊk,eɪθʊk
e.θʊb,e.θʊb,eθʊb,eθʊb,eɪθʊb,eɪθʊb
e.θʊd,e.θʊd,eθʊd,eθʊd,eɪθʊd,eɪθʊd
e.θʊg,e.θʊg,eθʊg,eθʊg,eɪθʊg,eɪθʊg
e.θʊf,e.θʊf,eθʊf,eθʊf,eɪθʊf,eɪθʊf
e.θʊs,e.θʊs,eθʊs,eθʊs,eɪθʊs,eɪθʊs
e.θʊv,e.θʊv,eθʊv,eθʊv,eɪθʊv,eɪθʊv
e.θʊz,e.θʊz,eθʊz,eθʊz,eɪθʊz,eɪθʊz
e.θʊʃ,e.θʊʃ,eθʊʃ,eθʊʃ,eɪθʊʃ,eɪθʊʃ
e.θʊʒ,e.θʊʒ,eθʊʒ,eθʊʒ,eɪθʊʒ,eɪθʊʒ
e.θʊθ,e.θʊθ,eθʊθ,eθʊθ,eɪθʊθ,eɪθʊθ
e.θʊð,e.θʊð,eθʊð,eθʊð,eɪθʊð,eɪθʊð
e.ðʊm,e.ðʊm,eðʊm,eðʊm,eɪðʊm,eɪðʊm
e.ðʊn,e.ðʊn,eðʊn,eðʊn,eɪðʊn,eɪðʊn
e.ðʊŋ,e.ðʊŋ,eðʊŋ,eðʊŋ,eɪðʊŋ,eɪðʊŋ
e.ðʊp,e.ðʊp,eðʊp,eðʊp,eɪðʊp,eɪðʊp
e.ðʊt,e.ðʊt,eðʊt,eðʊt,eɪðʊt,eɪðʊt
e.ðʊk,e.ðʊk,eðʊk,eðʊk,eɪðʊk,eɪðʊk
e.ðʊb,e.ðʊb,eðʊb,eðʊb,eɪðʊb,eɪðʊb
e.ðʊd,e.ðʊd,eðʊd,eðʊd,eɪðʊd,eɪðʊd
e.ðʊg,e.ðʊg,eðʊg,eðʊg,eɪðʊg,eɪðʊg
e.ðʊf,e.ðʊf,eðʊf,eðʊf,eɪðʊf,eɪðʊf
e.ðʊs,e.ðʊs,eðʊs,eðʊs,eɪðʊs,eɪðʊs
e.ðʊv,e.ðʊv,eðʊv,eðʊv,eɪðʊv,eɪðʊv
e.ðʊz,e.ðʊz,eðʊz,eðʊz,eɪðʊz,eɪðʊz
e.ðʊʃ,e.ðʊʃ,eðʊʃ,eðʊʃ,eɪðʊʃ,eɪðʊʃ
e.ðʊʒ,e.ðʊʒ,eðʊʒ,eðʊʒ,eɪðʊʒ,eɪðʊʒ
e.ðʊθ,e.ðʊθ,eðʊθ,eðʊθ,eɪðʊθ,eɪðʊθ
e.ðʊð,e.ðʊð,eðʊð,eðʊð,eɪðʊð,eɪðʊð
e.hʊm,e.hʊm,ehʊm,ehʊm,eɪhʊm,eɪhʊm
e.hʊn,e.hʊn,ehʊn,ehʊn,eɪhʊn,eɪhʊn
e.hʊŋ,e.hʊŋ,ehʊŋ,ehʊŋ,eɪhʊŋ,eɪhʊŋ
e.hʊp,e.hʊp,ehʊp,ehʊp,eɪhʊp,eɪhʊp
e.hʊt,e.hʊt,ehʊt,ehʊt,eɪhʊt,eɪhʊt
e.hʊk,e.hʊk,ehʊk,ehʊk,eɪhʊk,eɪhʊk
e.hʊb,e.hʊb,ehʊb,ehʊb,eɪhʊb,eɪhʊb
e.hʊd,e.hʊd,ehʊd,ehʊd,eɪhʊd,eɪhʊd
e.hʊg,e.hʊg,ehʊg,ehʊg,eɪhʊg,eɪhʊg
e.hʊf,e.hʊf,ehʊf,ehʊf,eɪhʊf,eɪhʊf
e.hʊs,e.hʊs,ehʊs,ehʊs,eɪhʊs,eɪhʊs
e.hʊv,e.hʊv,ehʊv,ehʊv,eɪhʊv,eɪhʊv
e.hʊz,e.hʊz,ehʊz,ehʊz,eɪhʊz,eɪhʊz
e.hʊʃ,e.hʊʃ,ehʊʃ,ehʊʃ,eɪhʊʃ,eɪhʊʃ
e.hʊʒ,e.hʊʒ,ehʊʒ,ehʊʒ,eɪhʊʒ,eɪhʊʒ
e.hʊθ,e.hʊθ,ehʊθ,ehʊθ,eɪhʊθ,eɪhʊθ
e.hʊð,e.hʊð,ehʊð,ehʊð,eɪhʊð,eɪhʊð
e.mɔm,e.mɔm,emɔm,emɔm,eɪmɔm,eɪmɔm
e.mɔn,e.mɔn,emɔn,emɔn,eɪmɔn,eɪmɔn
e.mɔŋ,e.mɔŋ,emɔŋ,emɔŋ,eɪmɔŋ,eɪmɔŋ
e.mɔp,e.mɔp,emɔp,emɔp,eɪmɔp,eɪmɔp
e.mɔt,e.mɔt,emɔt,emɔt,eɪmɔt,eɪmɔt
e.mɔk,e.mɔk,emɔk,emɔk,eɪmɔk,eɪmɔk
e.mɔb,e.mɔb,emɔb,emɔb,eɪmɔb,eɪmɔb
e.mɔd,e.mɔd,emɔd,emɔd,eɪmɔd,eɪmɔd
e.mɔg,e.mɔg,emɔg,emɔg,eɪmɔg,eɪmɔg
e.mɔf,e.mɔf,emɔf,emɔf,eɪmɔf,eɪmɔf
e.mɔs,e.mɔs,emɔs,emɔs,eɪmɔs,eɪmɔs
e.mɔv,e.mɔv,emɔv,emɔv,eɪmɔv,eɪmɔv
e.mɔz,e.mɔz,emɔz,emɔz,eɪmɔz,eɪmɔz
e.mɔʃ,e.mɔʃ,emɔʃ,emɔʃ,eɪmɔʃ,eɪmɔʃ
e.mɔʒ,e.mɔʒ,emɔʒ,emɔʒ,eɪmɔʒ,eɪmɔʒ
e.mɔθ,e.mɔθ,emɔθ,emɔθ,eɪmɔθ,eɪmɔθ
e.mɔð,e.mɔð,emɔð,emɔð,eɪmɔð,eɪmɔð
e.nɔm,e.nɔm,enɔm,enɔm,eɪnɔm,eɪnɔm
e.nɔn,e.nɔn,enɔn,enɔn,eɪnɔn,eɪnɔn
e.nɔŋ,e.nɔŋ,enɔŋ,enɔŋ,eɪnɔŋ,eɪnɔŋ
e.nɔp,e.nɔp,enɔp,enɔp,eɪnɔp,eɪnɔp
e.nɔt,e.nɔt,enɔt,enɔt,eɪnɔt,eɪnɔt
e.nɔk,e.nɔk,enɔk,enɔk,eɪnɔk,eɪnɔk
e.nɔb,e.nɔb,enɔb,enɔb,eɪnɔb,eɪnɔb
e.nɔd,e.nɔd,enɔd,enɔd,eɪnɔd,eɪnɔd
e.nɔg,e.nɔg,enɔg,enɔg,eɪnɔg,eɪnɔg
e.nɔf,e.nɔf,enɔf,enɔf,eɪnɔf,eɪnɔf
e.nɔs,e.nɔs,enɔs,enɔs,eɪnɔs,eɪnɔs
e.nɔv,e.nɔv,enɔv,enɔv,eɪnɔv,eɪnɔv
e.nɔz,e.nɔz,enɔz,enɔz,eɪnɔz,eɪnɔz
e.nɔʃ,e.nɔʃ,enɔʃ,enɔʃ,eɪnɔʃ,eɪnɔʃ
e.nɔʒ,e.nɔʒ,enɔʒ,enɔʒ,eɪnɔʒ,eɪnɔʒ
e.nɔθ,e.nɔθ,enɔθ,enɔθ,eɪnɔθ,eɪnɔθ
e.nɔð,e.nɔð,enɔð,enɔð,eɪnɔð,eɪnɔð
e.pɔm,e.pɔm,epɔm,epɔm,eɪpɔm,eɪpɔm
e.pɔn,e.pɔn,epɔn,epɔn,eɪpɔn,eɪpɔn
e.pɔŋ,e.pɔŋ,epɔŋ,epɔŋ,eɪpɔŋ,eɪpɔŋ
e.pɔp,e.pɔp,epɔp,epɔp,eɪpɔp,eɪpɔp
e.pɔt,e.pɔt,epɔt,epɔt,eɪpɔt,eɪpɔt
e.pɔk,e.pɔk,epɔk,epɔk,eɪpɔk,eɪpɔk
e.pɔb,e.pɔb,epɔb,epɔb,eɪpɔb,eɪpɔb
e.pɔd,e.pɔd,epɔd,epɔd,eɪpɔd,eɪpɔd
e.pɔg,e.pɔg,epɔg,epɔg,eɪpɔg,eɪpɔg
e.pɔf,e.pɔf,epɔf,epɔf,eɪpɔf,eɪpɔf
e.pɔs,e.pɔs,epɔs,epɔs,eɪpɔs,eɪpɔs
e.pɔv,e.pɔv,epɔv,epɔv,eɪpɔv,eɪpɔv
e.pɔz,e.pɔz,epɔz,epɔz,eɪpɔz,eɪpɔz
e.pɔʃ,e.pɔʃ,epɔʃ,epɔʃ,eɪpɔʃ,eɪpɔʃ
e.pɔʒ,e.pɔʒ,epɔʒ,epɔʒ,eɪpɔʒ,eɪpɔʒ
e.pɔθ,e.pɔθ,epɔθ,epɔθ,eɪpɔθ,eɪpɔθ
e.pɔð,e.pɔð,epɔð,epɔð,eɪpɔð,eɪpɔð
e.tɔm,e.tɔm,etɔm,etɔm,eɪtɔm,eɪtɔm
e.tɔn,e.tɔn,etɔn,etɔn,eɪtɔn,eɪtɔn
e.tɔŋ,e.tɔŋ,etɔŋ,etɔŋ,eɪtɔŋ,eɪtɔŋ
e.tɔp,e.tɔp,etɔp,etɔp,eɪtɔp,eɪtɔp
e.tɔt,e.tɔt,etɔt,etɔt,eɪtɔt,eɪtɔt
e.tɔk,e.tɔk,etɔk,etɔk,eɪtɔk,eɪtɔk
e.tɔb,e.tɔb,etɔb,etɔb,eɪtɔb,eɪtɔb
e.tɔd,e.tɔd,etɔd,etɔd,eɪtɔd,eɪtɔd
e.tɔg,e.tɔg,etɔg,etɔg,eɪtɔg,eɪtɔg
e.tɔf,e.tɔf,etɔf,etɔf,eɪtɔf,eɪtɔf
e.tɔs,e.tɔs,etɔs,etɔs,eɪtɔs,eɪtɔs
e.tɔv,e.tɔv,etɔv,etɔv,eɪtɔv,eɪtɔv
e.tɔz,e.tɔz,etɔz,etɔz,eɪtɔz,eɪtɔz
e.tɔʃ,e.tɔʃ,etɔʃ,etɔʃ,eɪtɔʃ,eɪtɔʃ
e.tɔʒ,e.tɔʒ,etɔʒ,etɔʒ,eɪtɔʒ,eɪtɔʒ
e.tɔθ,e.tɔθ,etɔθ,etɔθ,eɪtɔθ,eɪtɔθ
e.tɔð,e.tɔð,etɔð,etɔð,eɪtɔð,eɪtɔð
e.kɔm,e.kɔm,ekɔm,ekɔm,eɪkɔm,eɪkɔm
e.kɔn,e.kɔn,ekɔn,ekɔn,eɪkɔn,eɪkɔn
e.kɔŋ,e.kɔŋ,ekɔŋ,ekɔŋ,eɪkɔŋ,eɪkɔŋ
e.kɔp,e.kɔp,ekɔp,ekɔp,eɪkɔp,eɪkɔp
e.kɔt,e.kɔt,ekɔt,ekɔt,eɪkɔt,eɪkɔt
e.kɔk,e.kɔk,ekɔk,ekɔk,eɪkɔk,eɪkɔk
e.kɔb,e.kɔb,ekɔb,ekɔb,eɪkɔb,eɪkɔb
e.kɔd,e.kɔd,ekɔd,ekɔd,eɪkɔd,eɪkɔd
e.kɔg,e.kɔg,ekɔg,ekɔg,eɪkɔg,eɪkɔg
e.kɔf,e.kɔf,ekɔf,ekɔf,eɪkɔf,eɪkɔf
e.kɔs,e.kɔs,ekɔs,ekɔs,eɪkɔs,eɪkɔs
e.kɔv,e.kɔv,ekɔv,ekɔv,eɪkɔv,eɪkɔv
e.kɔz,e.kɔz,ekɔz,ekɔz,eɪkɔz,eɪkɔz
e.kɔʃ,e.kɔʃ,ekɔʃ,ekɔʃ,eɪkɔʃ,eɪkɔʃ
e.kɔʒ,e.kɔʒ,ekɔʒ,ekɔʒ,eɪkɔʒ,eɪkɔʒ
e.kɔθ,e.kɔθ,ekɔθ,ekɔθ,eɪkɔθ,eɪkɔθ
e.kɔð,e.kɔð,ekɔð,ekɔð,eɪkɔð,eɪkɔð
e.bɔm,e.bɔm,ebɔm,ebɔm,eɪbɔm,eɪbɔm
e.bɔn,e.bɔn,ebɔn,ebɔn,eɪbɔn,eɪbɔn
e.bɔŋ,e.bɔŋ,ebɔŋ,ebɔŋ,eɪbɔŋ,eɪbɔŋ
e.bɔp,e.bɔp,ebɔp,ebɔp,eɪbɔp,eɪbɔp
e.bɔt,e.bɔt,ebɔt,ebɔt,eɪbɔt,eɪbɔt
e.bɔk,e.bɔk,ebɔk,ebɔk,eɪbɔk,eɪbɔk
e.bɔb,e.bɔb,ebɔb,ebɔb,eɪbɔb,eɪbɔb
e.bɔd,e.bɔd,ebɔd,ebɔd,eɪbɔd,eɪbɔd
e.bɔg,e.bɔg,ebɔg,ebɔg,eɪbɔg,eɪbɔg
e.bɔf,e.bɔf,ebɔf,ebɔf,eɪbɔf,eɪbɔf
e.bɔs,e.bɔs,ebɔs,ebɔs,eɪbɔs,eɪbɔs
e.bɔv,e.bɔv,ebɔv,ebɔv,eɪbɔv,eɪbɔv
e.bɔz,e.bɔz,ebɔz,ebɔz,eɪbɔz,eɪbɔz
e.bɔʃ,e.bɔʃ,ebɔʃ,ebɔʃ,eɪbɔʃ,eɪbɔʃ
e.bɔʒ,e.bɔʒ,ebɔʒ,ebɔʒ,eɪbɔʒ,eɪbɔʒ
e.bɔθ,e.bɔθ,ebɔθ,ebɔθ,eɪbɔθ,eɪbɔθ
e.bɔð,e.bɔð,ebɔð,ebɔð,eɪbɔð,eɪbɔð
e.dɔm,e.dɔm,edɔm,edɔm,eɪdɔm,eɪdɔm
e.dɔn,e.dɔn,edɔn,edɔn,eɪdɔn,eɪdɔn
e.dɔŋ,e.dɔŋ,edɔŋ,edɔŋ,eɪdɔŋ,eɪdɔŋ
e.dɔp,e.dɔp,edɔp,edɔp,eɪdɔp,eɪdɔp
e.dɔt,e.dɔt,edɔt,edɔt,eɪdɔt,eɪdɔt
e.dɔk,e.dɔk,edɔk,edɔk,eɪdɔk,eɪdɔk
e.dɔb,e.dɔb,edɔb,edɔb,eɪdɔb,eɪdɔb
e.dɔd,e.dɔd,edɔd,edɔd,eɪdɔd,eɪdɔd
e.dɔg,e.dɔg,edɔg,edɔg,eɪdɔg,eɪdɔg
e.dɔf,e.dɔf,edɔf,edɔf,eɪdɔf,eɪdɔf
e.dɔs,e.dɔs,edɔs,edɔs,eɪdɔs,eɪdɔs
e.dɔv,e.dɔv,edɔv,edɔv,eɪdɔv,eɪdɔv
e.dɔz,e.dɔz,edɔz,edɔz,eɪdɔz,eɪdɔz
e.dɔʃ,e.dɔʃ,edɔʃ,edɔʃ,eɪdɔʃ,eɪdɔʃ
e.dɔʒ,e.dɔʒ,edɔʒ,edɔʒ,eɪdɔʒ,eɪdɔʒ
e.dɔθ,e.dɔθ,edɔθ,edɔθ,eɪdɔθ,eɪdɔθ
e.dɔð,e.dɔð,edɔð,edɔð,eɪdɔð,eɪdɔð
e.gɔm,e.gɔm,egɔm,egɔm,eɪgɔm,eɪgɔm
e.gɔn,e.gɔn,egɔn,egɔn,eɪgɔn,eɪgɔn
e.gɔŋ,e.gɔŋ,egɔŋ,egɔŋ,eɪgɔŋ,eɪgɔŋ
e.gɔp,e.gɔp,egɔp,egɔp,eɪgɔp,eɪgɔp
e.gɔt,e.gɔt,egɔt,egɔt,eɪgɔt,eɪgɔt
e.gɔk,e.gɔk,egɔk,egɔk,eɪgɔk,eɪgɔk
e.gɔb,e.gɔb,egɔb,egɔb,eɪgɔb,eɪgɔb
e.gɔd,e.gɔd,egɔd,egɔd,eɪgɔd,eɪgɔd
e.gɔg,e.gɔg,egɔg,egɔg,eɪgɔg,eɪgɔg
e.gɔf,e.gɔf,egɔf,egɔf,eɪgɔf,eɪgɔf
e.gɔs,e.gɔs,egɔs,egɔs,eɪgɔs,eɪgɔs
e.gɔv,e.gɔv,egɔv,egɔv,eɪgɔv,eɪgɔv
e.gɔz,e.gɔz,egɔz,egɔz,eɪgɔz,eɪgɔz
e.gɔʃ,e.gɔʃ,egɔʃ,egɔʃ,eɪgɔʃ,eɪgɔʃ
e.gɔʒ,e.gɔʒ,egɔʒ,egɔʒ,eɪgɔʒ,eɪgɔʒ
e.gɔθ,e.gɔθ,egɔθ,egɔθ,eɪgɔθ,eɪgɔθ
e.gɔð,e.gɔð,egɔð,egɔð,eɪgɔð,eɪgɔð
e.fɔm,e.fɔm,efɔm,efɔm,eɪfɔm,eɪfɔm
e.fɔn,e.fɔn,efɔn,efɔn,eɪfɔn,eɪfɔn
e.fɔŋ,e.fɔŋ,efɔŋ,efɔŋ,eɪfɔŋ,eɪfɔŋ
e.fɔp,e.fɔp,efɔp,efɔp,eɪfɔp,eɪfɔp
e.fɔt,e.fɔt,efɔt,efɔt,eɪfɔt,eɪfɔt
e.fɔk,e.fɔk,efɔk,efɔk,eɪfɔk,eɪfɔk
e.fɔb,e.fɔb,efɔb,efɔb,eɪfɔb,eɪfɔb
e.fɔd,e.fɔd,efɔd,efɔd,eɪfɔd,eɪfɔd
e.fɔg,e.fɔg,efɔg,efɔg,eɪfɔg,eɪfɔg
e.fɔf,e.fɔf,efɔf,efɔf,eɪfɔf,eɪfɔf
e.fɔs,e.fɔs,efɔs,efɔs,eɪfɔs,eɪfɔs
e.fɔv,e.fɔv,efɔv,efɔv,eɪfɔv,eɪfɔv
e.fɔz,e.fɔz,efɔz,efɔz,eɪfɔz,eɪfɔz
e.fɔʃ,e.fɔʃ,efɔʃ,efɔʃ,eɪfɔʃ,eɪfɔʃ
e.fɔʒ,e.fɔʒ,efɔʒ,efɔʒ,eɪfɔʒ,eɪfɔʒ
e.fɔθ,e.fɔθ,efɔθ,efɔθ,eɪfɔθ,eɪfɔθ
e.fɔð,e.fɔð,efɔð,efɔð,eɪfɔð,eɪfɔð
e.sɔm,e.sɔm,esɔm,esɔm,eɪsɔm,eɪsɔm
e.sɔn,e.sɔn,esɔn,esɔn,eɪsɔn,eɪsɔn
e.sɔŋ,e.sɔŋ,esɔŋ,esɔŋ,eɪsɔŋ,eɪsɔŋ
e.sɔp,e.sɔp,esɔp,esɔp,eɪsɔp,eɪsɔp
e.sɔt,e.sɔt,esɔt,esɔt,eɪsɔt,eɪsɔt
e.sɔk,e.sɔk,esɔk,esɔk,eɪsɔk,eɪsɔk
e.sɔb,e.sɔb,esɔb,esɔb,eɪsɔb,eɪsɔb
e.sɔd,e.sɔd,esɔd,esɔd,eɪsɔd,eɪsɔd
e.sɔg,e.sɔg,esɔg,esɔg,eɪsɔg,eɪsɔg
e.sɔf,e.sɔf,esɔf,esɔf,eɪsɔf,eɪsɔf
e.sɔs,e.sɔs,esɔs,esɔs,eɪsɔs,eɪsɔs
e.sɔv,e.sɔv,esɔv,esɔv,eɪsɔv,eɪsɔv
e.sɔz,e.sɔz,esɔz,esɔz,eɪsɔz,eɪsɔz
e.sɔʃ,e.sɔʃ,esɔʃ,esɔʃ,eɪsɔʃ,eɪsɔʃ
e.sɔʒ,e.sɔʒ,esɔʒ,esɔʒ,eɪsɔʒ,eɪsɔʒ
e.sɔθ,e.sɔθ,esɔθ,esɔθ,eɪsɔθ,eɪsɔθ
e.sɔð,e.sɔð,esɔð,esɔð,eɪsɔð,eɪsɔð
e.vɔm,e.vɔm,evɔm,evɔm,eɪvɔm,eɪvɔm
e.vɔn,e.vɔn,evɔn,evɔn,eɪvɔn,eɪvɔn
e.vɔŋ,e.vɔŋ,evɔŋ,evɔŋ,eɪvɔŋ,eɪvɔŋ
e.vɔp,e.vɔp,evɔp,evɔp,eɪvɔp,eɪvɔp
e.vɔt,e.vɔt,evɔt,evɔt,eɪvɔt,eɪvɔt
e.vɔk,e.vɔk,evɔk,evɔk,eɪvɔk,eɪvɔk
e.vɔb,e.vɔb,evɔb,evɔb,eɪvɔb,eɪvɔb
e.vɔd,e.vɔd,evɔd,evɔd,eɪvɔd,eɪvɔd
e.vɔg,e.vɔg,evɔg,evɔg,eɪvɔg,eɪvɔg
e.vɔf,e.vɔf,evɔf,evɔf,eɪvɔf,eɪvɔf
e.vɔs,e.vɔs,evɔs,evɔs,eɪvɔs,eɪvɔs
e.vɔv,e.vɔv,evɔv,evɔv,eɪvɔv,eɪvɔv
e.vɔz,e.vɔz,evɔz,evɔz,eɪvɔz,eɪvɔz
e.vɔʃ,e.vɔʃ,evɔʃ,evɔʃ,eɪvɔʃ,eɪvɔʃ
e.vɔʒ,e.vɔʒ,evɔʒ,evɔʒ,eɪvɔʒ,eɪvɔʒ
e.vɔθ,e.vɔθ,evɔθ,evɔθ,eɪvɔθ,eɪvɔθ
e.vɔð,e.vɔð,evɔð,evɔð,eɪvɔð,eɪvɔð
e.zɔm,e.zɔm,ezɔm,ezɔm,eɪzɔm,eɪzɔm
e.zɔn,e.zɔn,ezɔn,ezɔn,eɪzɔn,eɪzɔn
e.zɔŋ,e.zɔŋ,ezɔŋ,ezɔŋ,eɪzɔŋ,eɪzɔŋ
e.zɔp,e.zɔp,ezɔp,ezɔp,eɪzɔp,eɪzɔp
e.zɔt,e.zɔt,ezɔt,ezɔt,eɪzɔt,eɪzɔt
e.zɔk,e.zɔk,ezɔk,ezɔk,eɪzɔk,eɪzɔk
e.zɔb,e.zɔb,ezɔb,ezɔb,eɪzɔb,eɪzɔb
e.zɔd,e.zɔd,ezɔd,ezɔd,eɪzɔd,eɪzɔd
e.zɔg,e.zɔg,ezɔg,ezɔg,eɪzɔg,eɪzɔg
e.zɔf,e.zɔf,ezɔf,ezɔf,eɪzɔf,eɪzɔf
e.zɔs,e.zɔs,ezɔs,ezɔs,eɪzɔs,eɪzɔs
e.zɔv,e.zɔv,ezɔv,ezɔv,eɪzɔv,eɪzɔv
e.zɔz,e.zɔz,ezɔz,ezɔz,eɪzɔz,eɪzɔz
e.zɔʃ,e.zɔʃ,ezɔʃ,ezɔʃ,eɪzɔʃ,eɪzɔʃ
e.zɔʒ,e.zɔʒ,ezɔʒ,ezɔʒ,eɪzɔʒ,eɪzɔʒ
e.zɔθ,e.zɔθ,ezɔθ,ezɔθ,eɪzɔθ,eɪzɔθ
e.zɔð,e.zɔð,ezɔð,ezɔð,eɪzɔð,eɪzɔð
e.ʃɔm,e.ʃɔm,eʃɔm,eʃɔm,eɪʃɔm,eɪʃɔm
e.ʃɔn,e.ʃɔn,eʃɔn,eʃɔn,eɪʃɔn,eɪʃɔn
e.ʃɔŋ,e.ʃɔŋ,eʃɔŋ,eʃɔŋ,eɪʃɔŋ,eɪʃɔŋ
e.ʃɔp,e.ʃɔp,eʃɔp,eʃɔp,eɪʃɔp,eɪʃɔp
e.ʃɔt,e.ʃɔt,eʃɔt,eʃɔt,eɪʃɔt,eɪʃɔt
e.ʃɔk,e.ʃɔk,eʃɔk,eʃɔk,eɪʃɔk,eɪʃɔk
e.ʃɔb,e.ʃɔb,eʃɔb,eʃɔb,eɪʃɔb,eɪʃɔb
e.ʃɔd,e.ʃɔd,eʃɔd,eʃɔd,eɪʃɔd,eɪʃɔd
e.ʃɔg,e.ʃɔg,eʃɔg,eʃɔg,eɪʃɔg,eɪʃɔg
e.ʃɔf,e.ʃɔf,eʃɔf,eʃɔf,eɪʃɔf,eɪʃɔf
e.ʃɔs,e.ʃɔs,eʃɔs,eʃɔs,eɪʃɔs,eɪʃɔs
e.ʃɔv,e.ʃɔv,eʃɔv,eʃɔv,eɪʃɔv,eɪʃɔv
e.ʃɔz,e.ʃɔz,eʃɔz,eʃɔz,eɪʃɔz,eɪʃɔz
e.ʃɔʃ,e.ʃɔʃ,eʃɔʃ,eʃɔʃ,eɪʃɔʃ,eɪʃɔʃ
e.ʃɔʒ,e.ʃɔʒ,eʃɔʒ,eʃɔʒ,eɪʃɔʒ,eɪʃɔʒ
e.ʃɔθ,e.ʃɔθ,eʃɔθ,eʃɔθ,eɪʃɔθ,eɪʃɔθ
e.ʃɔð,e.ʃɔð,eʃɔð,eʃɔð,eɪʃɔð,eɪʃɔð
e.ʒɔm,e.ʒɔm,eʒɔm,eʒɔm,eɪʒɔm,eɪʒɔm
e.ʒɔn,e.ʒɔn,eʒɔn,eʒɔn,eɪʒɔn,eɪʒɔn
e.ʒɔŋ,e.ʒɔŋ,eʒɔŋ,eʒɔŋ,eɪʒɔŋ,eɪʒɔŋ
e.ʒɔp,e.ʒɔp,eʒɔp,eʒɔp,eɪʒɔp,eɪʒɔp
e.ʒɔt,e.ʒɔt,eʒɔt,eʒɔt,eɪʒɔt,eɪʒɔt
e.ʒɔk,e.ʒɔk,eʒɔk,eʒɔk,eɪʒɔk,eɪʒɔk
e.ʒɔb,e.ʒɔb,eʒɔb,eʒɔb,eɪʒɔb,eɪʒɔb
e.ʒɔd,e.ʒɔd,eʒɔd,eʒɔd,eɪʒɔd,eɪʒɔd
e.ʒɔg,e.ʒɔg,eʒɔg,eʒɔg,eɪʒɔg,eɪʒɔg
e.ʒɔf,e.ʒɔf,eʒɔf,eʒɔf,eɪʒɔf,eɪʒɔf
e.ʒɔs,e.ʒɔs,eʒɔs,eʒɔs,eɪʒɔs,eɪʒɔs
e.ʒɔv,e.ʒɔv,eʒɔv,eʒɔv,eɪʒɔv,eɪʒɔv
e.ʒɔz,e.ʒɔz,eʒɔz,eʒɔz,eɪʒɔz,eɪʒɔz
e.ʒɔʃ,e.ʒɔʃ,eʒɔʃ,eʒɔʃ,eɪʒɔʃ,eɪʒɔʃ
e.ʒɔʒ,e.ʒɔʒ,eʒɔʒ,eʒɔʒ,eɪʒɔʒ,eɪʒɔʒ
e.ʒɔθ,e.ʒɔθ,eʒɔθ,eʒɔθ,eɪʒɔθ,eɪʒɔθ
e.ʒɔð,e.ʒɔð,eʒɔð,eʒɔð,eɪʒɔð,eɪʒɔð
e.θɔm,e.θɔm,eθɔm,eθɔm,eɪθɔm,eɪθɔm
e.θɔn,e.θɔn,eθɔn,eθɔn,eɪθɔn,eɪθɔn
e.θɔŋ,e.θɔŋ,eθɔŋ,eθɔŋ,eɪθɔŋ,eɪθɔŋ
e.θɔp,e.θɔp,eθɔp,eθɔp,eɪθɔp,eɪθɔp
e.θɔt,e.θɔt,eθɔt,eθɔt,eɪθɔt,eɪθɔt
e.θɔk,e.θɔk,eθɔk,eθɔk,eɪθɔk,eɪθɔk
e.θɔb,e.θɔb,eθɔb,eθɔb,eɪθɔb,eɪθɔb
e.θɔd,e.θɔd,eθɔd,eθɔd,eɪθɔd,eɪθɔd
e.θɔg,e.θɔg,eθɔg,eθɔg,eɪθɔg,eɪθɔg
e.θɔf,e.θɔf,eθɔf,eθɔf,eɪθɔf,eɪθɔf
e.θɔs,e.θɔs,eθɔs,eθɔs,eɪθɔs,eɪθɔs
e.θɔv,e.θɔv,eθɔv,eθɔv,eɪθɔv,eɪθɔv
e.θɔz,e.θɔz,eθɔz,eθɔz,eɪθɔz,eɪθɔz
e.θɔʃ,e.θɔʃ,eθɔʃ,eθɔʃ,eɪθɔʃ,eɪθɔʃ
e.θɔʒ,e.θɔʒ,eθɔʒ,eθɔʒ,eɪθɔʒ,eɪθɔʒ
e.θɔθ,e.θɔθ,eθɔθ,eθɔθ,eɪθɔθ,eɪθɔθ
e.θɔð,e.θɔð,eθɔð,eθɔð,eɪθɔð,eɪθɔð
e.ðɔm,e.ðɔm,eðɔm,eðɔm,eɪðɔm,eɪðɔm
e.ðɔn,e.ðɔn,eðɔn,eðɔn,eɪðɔn,eɪðɔn
e.ðɔŋ,e.ðɔŋ,eðɔŋ,eðɔŋ,eɪðɔŋ,eɪðɔŋ
e.ðɔp,e.ðɔp,eðɔp,eðɔp,eɪðɔp,eɪðɔp
e.ðɔt,e.ðɔt,eðɔt,eðɔt,eɪðɔt,eɪðɔt
e.ðɔk,e.ðɔk,eðɔk,eðɔk,eɪðɔk,eɪðɔk
e.ðɔb,e.ðɔb,eðɔb,eðɔb,eɪðɔb,eɪðɔb
e.ðɔd,e.ðɔd,eðɔd,eðɔd,eɪðɔd,eɪðɔd
e.ðɔg,e.ðɔg,eðɔg,eðɔg,eɪðɔg,eɪðɔg
e.ðɔf,e.ðɔf,eðɔf,eðɔf,eɪðɔf,eɪðɔf
e.ðɔs,e.ðɔs,eðɔs,eðɔs,eɪðɔs,eɪðɔs
e.ðɔv,e.ðɔv,eðɔv,eðɔv,eɪðɔv,eɪðɔv
e.ðɔz,e.ðɔz,eðɔz,eðɔz,eɪðɔz,eɪðɔz
e.ðɔʃ,e.ðɔʃ,eðɔʃ,eðɔʃ,eɪðɔʃ,eɪðɔʃ
e.ðɔʒ,e.ðɔʒ,eðɔʒ,eðɔʒ,eɪðɔʒ,eɪðɔʒ
e.ðɔθ,e.ðɔθ,eðɔθ,eðɔθ,eɪðɔθ,eɪðɔθ
e.ðɔð,e.ðɔð,eðɔð,eðɔð,eɪðɔð,eɪðɔð
e.hɔm,e.hɔm,ehɔm,ehɔm,eɪhɔm,eɪhɔm
e.hɔn,e.hɔn,ehɔn,ehɔn,eɪhɔn,eɪhɔn
e.hɔŋ,e.hɔŋ,ehɔŋ,ehɔŋ,eɪhɔŋ,eɪhɔŋ
e.hɔp,e.hɔp,ehɔp,ehɔp,eɪhɔp,eɪhɔp
e.hɔt,e.hɔt,ehɔt,ehɔt,eɪhɔt,eɪhɔt
e.hɔk,e.hɔk,ehɔk,ehɔk,eɪhɔk,eɪhɔk
e.hɔb,e.hɔb,ehɔb,ehɔb,eɪhɔb,eɪhɔb
e.hɔd,e.hɔd,ehɔd,ehɔd,eɪhɔd,eɪhɔd
e.hɔg,e.hɔg,ehɔg,ehɔg,eɪhɔg,eɪhɔg
e.hɔf,e.hɔf,ehɔf,ehɔf,eɪhɔf,eɪhɔf
e.hɔs,e.hɔs,ehɔs,ehɔs,eɪhɔs,eɪhɔs
e.hɔv,e.hɔv,ehɔv,ehɔv,eɪhɔv,eɪhɔv
e.hɔz,e.hɔz,ehɔz,ehɔz,eɪhɔz,eɪhɔz
e.hɔʃ,e.hɔʃ,ehɔʃ,ehɔʃ,eɪhɔʃ,eɪhɔʃ
e.hɔʒ,e.hɔʒ,ehɔʒ,ehɔʒ,eɪhɔʒ,eɪhɔʒ
e.hɔθ,e.hɔθ,ehɔθ,ehɔθ,eɪhɔθ,eɪhɔθ
e.hɔð,e.hɔð,ehɔð,ehɔð,eɪhɔð,eɪhɔð
u.mɪm,u.mɪm,umɪm,umɪm,umɪm,umɪm
u.mɪn,u.mɪn,umɪn,umɪn,umɪn,umɪn
u.mɪŋ,u.mɪŋ,umɪŋ,umɪŋ,umɪŋ,umɪŋ
u.mɪp,u.mɪp,umɪp,umɪp,umɪp,umɪp
u.mɪt,u.mɪt,umɪt,umɪt,umɪt,umɪt
u.mɪk,u.mɪk,umɪk,umɪk,umɪk,umɪk
u.mɪb,u.mɪb,umɪb,umɪb,umɪb,umɪb
u.mɪd,u.mɪd,umɪd,umɪd,umɪd,umɪd
u.mɪg,u.mɪg,umɪg,umɪg,umɪg,umɪg
u.mɪf,u.mɪf,umɪf,umɪf,umɪf,umɪf
u.mɪs,u.mɪs,umɪs,umɪs,umɪs,umɪs
u.mɪv,u.mɪv,umɪv,umɪv,umɪv,umɪv
u.mɪz,u.mɪz,umɪz,umɪz,umɪz,umɪz
u.mɪʃ,u.mɪʃ,umɪʃ,umɪʃ,umɪʃ,umɪʃ
u.mɪʒ,u.mɪʒ,umɪʒ,umɪʒ,umɪʒ,umɪʒ
u.mɪθ,u.mɪθ,umɪθ,umɪθ,umɪθ,umɪθ
u.mɪð,u.mɪð,umɪð,umɪð,umɪð,umɪð
u.nɪm,u.nɪm,unɪm,unɪm,unɪm,unɪm
u.nɪn,u.nɪn,unɪn,unɪn,unɪn,unɪn
u.nɪŋ,u.nɪŋ,unɪŋ,unɪŋ,unɪŋ,unɪŋ
u.nɪp,u.nɪp,unɪp,unɪp,unɪp,unɪp
u.nɪt,u.nɪt,unɪt,unɪt,unɪt,unɪt
u.nɪk,u.nɪk,unɪk,unɪk,unɪk,unɪk
u.nɪb,u.nɪb,unɪb,unɪb,unɪb,unɪb
u.nɪd,u.nɪd,unɪd,unɪd,unɪd,unɪd
u.nɪg,u.nɪg,unɪg,unɪg,unɪg,unɪg
u.nɪf,u.nɪf,unɪf,unɪf,unɪf,unɪf
u.nɪs,u.nɪs,unɪs,unɪs,unɪs,unɪs
u.nɪv,u.nɪv,unɪv,unɪv,unɪv,unɪv
u.nɪz,u.nɪz,unɪz,unɪz,unɪz,unɪz
u.nɪʃ,u.nɪʃ,unɪʃ,unɪʃ,unɪʃ,unɪʃ
u.nɪʒ,u.nɪʒ,unɪʒ,unɪʒ,unɪʒ,unɪʒ
u.nɪθ,u.nɪθ,unɪθ,unɪθ,unɪθ,unɪθ
u.nɪð,u.nɪð,unɪð,unɪð,unɪð,unɪð
u.pɪm,u.pɪm,upɪm,upɪm,upɪm,upɪm
u.pɪn,u.pɪn,upɪn,upɪn,upɪn,upɪn
u.pɪŋ,u.pɪŋ,upɪŋ,upɪŋ,upɪŋ,upɪŋ
u.pɪp,u.pɪp,upɪp,upɪp,upɪp,upɪp
u.pɪt,u.pɪt,upɪt,upɪt,upɪt,upɪt
u.pɪk,u.pɪk,upɪk,upɪk,upɪk,upɪk
u.pɪb,u.pɪb,upɪb,upɪb,upɪb,upɪb
u.pɪd,u.pɪd,upɪd,upɪd,upɪd,upɪd
u.pɪg,u.pɪg,upɪg,upɪg,upɪg,upɪg
u.pɪf,u.pɪf,upɪf,upɪf,upɪf,upɪf
u.pɪs,u.pɪs,upɪs,upɪs,upɪs,upɪs
u.pɪv,u.pɪv,upɪv,upɪv,upɪv,upɪv
u.pɪz,u.pɪz,upɪz,upɪz,upɪz,upɪz
u.pɪʃ,u.pɪʃ,upɪʃ,upɪʃ,upɪʃ,upɪʃ
u.pɪʒ,u.pɪʒ,upɪʒ,upɪʒ,upɪʒ,upɪʒ
u.pɪθ,u.pɪθ,upɪθ,upɪθ,upɪθ,upɪθ
u.pɪð,u.pɪð,upɪð,upɪð,upɪð,upɪð
u.tɪm,u.tɪm,utɪm,utɪm,utɪm,utɪm
u.tɪn,u.tɪn,utɪn,utɪn,utɪn,utɪn
u.tɪŋ,u.tɪŋ,utɪŋ,utɪŋ,utɪŋ,utɪŋ
u.tɪp,u.tɪp,utɪp,utɪp,utɪp,utɪp
u.tɪt,u.tɪt,utɪt,utɪt,utɪt,utɪt
u.tɪk,u.tɪk,utɪk,utɪk,utɪk,utɪk
u.tɪb,u.tɪb,utɪb,utɪb,utɪb,utɪb
u.tɪd,u.tɪd,utɪd,utɪd,utɪd,utɪd
u.tɪg,u.tɪg,utɪg,utɪg,utɪg,utɪg
u.tɪf,u.tɪf,utɪf,utɪf,utɪf,utɪf
u.tɪs,u.tɪs,utɪs,utɪs,utɪs,utɪs
u.tɪv,u.tɪv,utɪv,utɪv,utɪv,utɪv
u.tɪz,u.tɪz,utɪz,utɪz,utɪz,utɪz
u.tɪʃ,u.tɪʃ,utɪʃ,utɪʃ,utɪʃ,utɪʃ
u.tɪʒ,u.tɪʒ,utɪʒ,utɪʒ,utɪʒ,utɪʒ
u.tɪθ,u.tɪθ,utɪθ,utɪθ,utɪθ,utɪθ
u.tɪð,u.tɪð,utɪð,utɪð,utɪð,utɪð
u.kɪm,u.kɪm,ukɪm,ukɪm,ukɪm,ukɪm
u.kɪn,u.kɪn,ukɪn,ukɪn,ukɪn,ukɪn
u.kɪŋ,u.kɪŋ,ukɪŋ,ukɪŋ,ukɪŋ,ukɪŋ
u.kɪp,u.kɪp,ukɪp,ukɪp,ukɪp,ukɪp
u.kɪt,u.kɪt,ukɪt,ukɪt,ukɪt,ukɪt
u.kɪk,u.kɪk,ukɪk,ukɪk,ukɪk,ukɪk
u.kɪb,u.kɪb,ukɪb,ukɪb,ukɪb,ukɪb
u.kɪd,u.kɪd,ukɪd,ukɪd,ukɪd,ukɪd
u.kɪg,u.kɪg,ukɪg,ukɪg,ukɪg,ukɪg
u.kɪf,u.kɪf,ukɪf,ukɪf,ukɪf,ukɪf
u.kɪs,u.kɪs,ukɪs,ukɪs,ukɪs,ukɪs
u.kɪv,u.kɪv,ukɪv,ukɪv,ukɪv,ukɪv
u.kɪz,u.kɪz,ukɪz,ukɪz,ukɪz,ukɪz
u.kɪʃ,u.kɪʃ,ukɪʃ,ukɪʃ,ukɪʃ,ukɪʃ
u.kɪʒ,u.kɪʒ,ukɪʒ,ukɪʒ,ukɪʒ,ukɪʒ
u.kɪθ,u.kɪθ,ukɪθ,ukɪθ,ukɪθ,ukɪθ
u.kɪð,u.kɪð,ukɪð,ukɪð,ukɪð,ukɪð
u.bɪm,u.bɪm,ubɪm,ubɪm,ubɪm,ubɪm
u.bɪn,u.bɪn,ubɪn,ubɪn,ubɪn,ubɪn
u.bɪŋ,u.bɪŋ,ubɪŋ,ubɪŋ,ubɪŋ,ubɪŋ
u.bɪp,u.bɪp,ubɪp,ubɪp,ubɪp,ubɪp
u.bɪt,u.bɪt,ubɪt,ubɪt,ubɪt,ubɪt
u.bɪk,u.bɪk,ubɪk,ubɪk,ubɪk,ubɪk
u.bɪb,u.bɪb,ubɪb,ubɪb,ubɪb,ubɪb
u.bɪd,u.bɪd,ubɪd,ubɪd,ubɪd,ubɪd
u.bɪg,u.bɪg,ubɪg,ubɪg,ubɪg,ubɪg
u.bɪf,u.bɪf,ubɪf,ubɪf,ubɪf,ubɪf
u.bɪs,u.bɪs,ubɪs,ubɪs,ubɪs,ubɪs
u.bɪv,u.bɪv,ubɪv,ubɪv,ubɪv,ubɪv
u.bɪz,u.bɪz,ubɪz,ubɪz,ubɪz,ubɪz
u.bɪʃ,u.bɪʃ,ubɪʃ,ubɪʃ,ubɪʃ,ubɪʃ
u.bɪʒ,u.bɪʒ,ubɪʒ,ubɪʒ,ubɪʒ,ubɪʒ
u.bɪθ,u.bɪθ,ubɪθ,ubɪθ,ubɪθ,ubɪθ
u.bɪð,u.bɪð,ubɪð,ubɪð,ubɪð,ubɪð
u.dɪm,u.dɪm,udɪm,udɪm,udɪm,udɪm
u.dɪn,u.dɪn,udɪn,udɪn,udɪn,udɪn
u.dɪŋ,u.dɪŋ,udɪŋ,udɪŋ,udɪŋ,udɪŋ
u.dɪp,u.dɪp,udɪp,udɪp,udɪp,udɪp
u.dɪt,u.dɪt,udɪt,udɪt,udɪt,udɪt
u.dɪk,u.dɪk,udɪk,udɪk,udɪk,udɪk
u.dɪb,u.dɪb,udɪb,udɪb,udɪb,udɪb
u.dɪd,u.dɪd,udɪd,udɪd,udɪd,udɪd
u.dɪg,u.dɪg,udɪg,udɪg,udɪg,udɪg
u.dɪf,u.dɪf,udɪf,udɪf,udɪf,udɪf
u.dɪs,u.dɪs,udɪs,udɪs,udɪs,udɪs
u.dɪv,u.dɪv,udɪv,udɪv,udɪv,udɪv
u.dɪz,u.dɪz,udɪz,udɪz,udɪz,udɪz
u.dɪʃ,u.dɪʃ,udɪʃ,udɪʃ,udɪʃ,udɪʃ
u.dɪʒ,u.dɪʒ,udɪʒ,udɪʒ,udɪʒ,udɪʒ
u.dɪθ,u.dɪθ,udɪθ,udɪθ,udɪθ,udɪθ
u.dɪð,u.dɪð,udɪð,udɪð,udɪð,udɪð
u.gɪm,u.gɪm,ugɪm,ugɪm,ugɪm,ugɪm
u.gɪn,u.gɪn,ugɪn,ugɪn,ugɪn,ugɪn
u.gɪŋ,u.gɪŋ,ugɪŋ,ugɪŋ,ugɪŋ,ugɪŋ
u.gɪp,u.gɪp,ugɪp,ugɪp,ugɪp,ugɪp
u.gɪt,u.gɪt,ugɪt,ugɪt,ugɪt,ugɪt
u.gɪk,u.gɪk,ugɪk,ugɪk,ugɪk,ugɪk
u.gɪb,u.gɪb,ugɪb,ugɪb,ugɪb,ugɪb
u.gɪd,u.gɪd,ugɪd,ugɪd,ugɪd,ugɪd
u.gɪg,u.gɪg,ugɪg,ugɪg,ugɪg,ugɪg
u.gɪf,u.gɪf,ugɪf,ugɪf,ugɪf,ugɪf
u.gɪs,u.gɪs,ugɪs,ugɪs,ugɪs,ugɪs
u.gɪv,u.gɪv,ugɪv,ugɪv,ugɪv,ugɪv
u.gɪz,u.gɪz,ugɪz,ugɪz,ugɪz,ugɪz
u.gɪʃ,u.gɪʃ,ugɪʃ,ugɪʃ,ugɪʃ,ugɪʃ
u.gɪʒ,u.gɪʒ,ugɪʒ,ugɪʒ,ugɪʒ,ugɪʒ
u.gɪθ,u.gɪθ,ugɪθ,ugɪθ,ugɪθ,ugɪθ
u.gɪð,u.gɪð,ugɪð,ugɪð,ugɪð,ugɪð
u.fɪm,u.fɪm,ufɪm,ufɪm,ufɪm,ufɪm
u.fɪn,u.fɪn,ufɪn,ufɪn,ufɪn,ufɪn
u.fɪŋ,u.fɪŋ,ufɪŋ,ufɪŋ,ufɪŋ,ufɪŋ
u.fɪp,u.fɪp,ufɪp,ufɪp,ufɪp,ufɪp
u.fɪt,u.fɪt,ufɪt,ufɪt,ufɪt,ufɪt
u.fɪk,u.fɪk,ufɪk,ufɪk,ufɪk,ufɪk
u.fɪb,u.fɪb,ufɪb,ufɪb,ufɪb,ufɪb
u.fɪd,u.fɪd,ufɪd,ufɪd,ufɪd,ufɪd
u.fɪg,u.fɪg,ufɪg,ufɪg,ufɪg,ufɪg
u.fɪf,u.fɪf,ufɪf,ufɪf,ufɪf,ufɪf
u.fɪs,u.fɪs,ufɪs,ufɪs,ufɪs,ufɪs
u.fɪv,u.fɪv,ufɪv,ufɪv,ufɪv,ufɪv
u.fɪz,u.fɪz,ufɪz,ufɪz,ufɪz,ufɪz
u.fɪʃ,u.fɪʃ,ufɪʃ,ufɪʃ,ufɪʃ,ufɪʃ
u.fɪʒ,u.fɪʒ,ufɪʒ,ufɪʒ,ufɪʒ,ufɪʒ
u.fɪθ,u.fɪθ,ufɪθ,ufɪθ,ufɪθ,ufɪθ
u.fɪð,u.fɪð,ufɪð,ufɪð,ufɪð,ufɪð
u.sɪm,u.sɪm,usɪm,usɪm,usɪm,usɪm
u.sɪn,u.sɪn,usɪn,usɪn,usɪn,usɪn
u.sɪŋ,u.sɪŋ,usɪŋ,usɪŋ,usɪŋ,usɪŋ
u.sɪp,u.sɪp,usɪp,usɪp,usɪp,usɪp
u.sɪt,u.sɪt,usɪt,usɪt,usɪt,usɪt
u.sɪk,u.sɪk,usɪk,usɪk,usɪk,usɪk
u.sɪb,u.sɪb,usɪb,usɪb,usɪb,usɪb
u.sɪd,u.sɪd,usɪd,usɪd,usɪd,usɪd
u.sɪg,u.sɪg,usɪg,usɪg,usɪg,usɪg
u.sɪf,u.sɪf,usɪf,usɪf,usɪf,usɪf
u.sɪs,u.sɪs,usɪs,usɪs,usɪs,usɪs
u.sɪv,u.sɪv,usɪv,usɪv,usɪv,usɪv
u.sɪz,u.sɪz,usɪz,usɪz,usɪz,usɪz
u.sɪʃ,u.sɪʃ,usɪʃ,usɪʃ,usɪʃ,usɪʃ
u.sɪʒ,u.sɪʒ,usɪʒ,usɪʒ,usɪʒ,usɪʒ
u.sɪθ,u.sɪθ,usɪθ,usɪθ,usɪθ,usɪθ
u.sɪð,u.sɪð,usɪð,usɪð,usɪð,usɪð
u.vɪm,u.vɪm,uvɪm,uvɪm,uvɪm,uvɪm
u.vɪn,u.vɪn,uvɪn,uvɪn,uvɪn,uvɪn
u.vɪŋ,u.vɪŋ,uvɪŋ,uvɪŋ,uvɪŋ,uvɪŋ
u.vɪp,u.vɪp,uvɪp,uvɪp,uvɪp,uvɪp
u.vɪt,u.vɪt,uvɪt,uvɪt,uvɪt,uvɪt
u.vɪk,u.vɪk,uvɪk,uvɪk,uvɪk,uvɪk
u.vɪb,u.vɪb,uvɪb,uvɪb,uvɪb,uvɪb
u.vɪd,u.vɪd,uvɪd,uvɪd,uvɪd,uvɪd
u.vɪg,u.vɪg,uvɪg,uvɪg,uvɪg,uvɪg
u.vɪf,u.vɪf,uvɪf,uvɪf,uvɪf,uvɪf
u.vɪs,u.vɪs,uvɪs,uvɪs,uvɪs,uvɪs
u.vɪv,u.vɪv,uvɪv,uvɪv,uvɪv,uvɪv
u.vɪz,u.vɪz,uvɪz,uvɪz,uvɪz,uvɪz
u.vɪʃ,u.vɪʃ,uvɪʃ,uvɪʃ,uvɪʃ,uvɪʃ
u.vɪʒ,u.vɪʒ,uvɪʒ,uvɪʒ,uvɪʒ,uvɪʒ
u.vɪθ,u.vɪθ,uvɪθ,uvɪθ,uvɪθ,uvɪθ
u.vɪð,u.vɪð,uvɪð,uvɪð,uvɪð,uvɪð
u.zɪm,u.zɪm,uzɪm,uzɪm,uzɪm,uzɪm
u.zɪn,u.zɪn,uzɪn,uzɪn,uzɪn,uzɪn
u.zɪŋ,u.zɪŋ,uzɪŋ,uzɪŋ,uzɪŋ,uzɪŋ
u.zɪp,u.zɪp,uzɪp,uzɪp,uzɪp,uzɪp
u.zɪt,u.zɪt,uzɪt,uzɪt,uzɪt,uzɪt
u.zɪk,u.zɪk,uzɪk,uzɪk,uzɪk,uzɪk
u.zɪb,u.zɪb,uzɪb,uzɪb,uzɪb,uzɪb
u.zɪd,u.zɪd,uzɪd,uzɪd,uzɪd,uzɪd
u.zɪg,u.zɪg,uzɪg,uzɪg,uzɪg,uzɪg
u.zɪf,u.zɪf,uzɪf,uzɪf,uzɪf,uzɪf
u.zɪs,u.zɪs,uzɪs,uzɪs,uzɪs,uzɪs
u.zɪv,u.zɪv,uzɪv,uzɪv,uzɪv,uzɪv
u.zɪz,u.zɪz,uzɪz,uzɪz,uzɪz,uzɪz
u.zɪʃ,u.zɪʃ,uzɪʃ,uzɪʃ,uzɪʃ,uzɪʃ
u.zɪʒ,u.zɪʒ,uzɪʒ,uzɪʒ,uzɪʒ,uzɪʒ
u.zɪθ,u.zɪθ,uzɪθ,uzɪθ,uzɪθ,uzɪθ
u.zɪð,u.zɪð,uzɪð,uzɪð,uzɪð,uzɪð
u.ʃɪm,u.ʃɪm,uʃɪm,uʃɪm,uʃɪm,uʃɪm
u.ʃɪn,u.ʃɪn,uʃɪn,uʃɪn,uʃɪn,uʃɪn
u.ʃɪŋ,u.ʃɪŋ,uʃɪŋ,uʃɪŋ,uʃɪŋ,uʃɪŋ
u.ʃɪp,u.ʃɪp,uʃɪp,uʃɪp,uʃɪp,uʃɪp
u.ʃɪt,u.ʃɪt,uʃɪt,uʃɪt,uʃɪt,uʃɪt
u.ʃɪk,u.ʃɪk,uʃɪk,uʃɪk,uʃɪk,uʃɪk
u.ʃɪb,u.ʃɪb,uʃɪb,uʃɪb,uʃɪb,uʃɪb
u.ʃɪd,u.ʃɪd,uʃɪd,uʃɪd,uʃɪd,uʃɪd
u.ʃɪg,u.ʃɪg,uʃɪg,uʃɪg,uʃɪg,uʃɪg
u.ʃɪf,u.ʃɪf,uʃɪf,uʃɪf,uʃɪf,uʃɪf
u.ʃɪs,u.ʃɪs,uʃɪs,uʃɪs,uʃɪs,uʃɪs
u.ʃɪv,u.ʃɪv,uʃɪv,uʃɪv,uʃɪv,uʃɪv
u.ʃɪz,u.ʃɪz,uʃɪz,uʃɪz,uʃɪz,uʃɪz
u.ʃɪʃ,u.ʃɪʃ,uʃɪʃ,uʃɪʃ,uʃɪʃ,uʃɪʃ
u.ʃɪʒ,u.ʃɪʒ,uʃɪʒ,uʃɪʒ,uʃɪʒ,uʃɪʒ
u.ʃɪθ,u.ʃɪθ,uʃɪθ,uʃɪθ,uʃɪθ,uʃɪθ
u.ʃɪð,u.ʃɪð,uʃɪð,uʃɪð,uʃɪð,uʃɪð
u.ʒɪm,u.ʒɪm,uʒɪm,uʒɪm,uʒɪm,uʒɪm
u.ʒɪn,u.ʒɪn,uʒɪn,uʒɪn,uʒɪn,uʒɪn
u.ʒɪŋ,u.ʒɪŋ,uʒɪŋ,uʒɪŋ,uʒɪŋ,uʒɪŋ
u.ʒɪp,u.ʒɪp,uʒɪp,uʒɪp,uʒɪp,uʒɪp
u.ʒɪt,u.ʒɪt,uʒɪt,uʒɪt,uʒɪt,uʒɪt
u.ʒɪk,u.ʒɪk,uʒɪk,uʒɪk,uʒɪk,uʒɪk
u.ʒɪb,u.ʒɪb,uʒɪb,uʒɪb,uʒɪb,uʒɪb
u.ʒɪd,u.ʒɪd,uʒɪd,uʒɪd,uʒɪd,uʒɪd
u.ʒɪg,u.ʒɪg,uʒɪg,uʒɪg,uʒɪg,uʒɪg
u.ʒɪf,u.ʒɪf,uʒɪf,uʒɪf,uʒɪf,uʒɪf
u.ʒɪs,u.ʒɪs,uʒɪs,uʒɪs,uʒɪs,uʒɪs
u.ʒɪv,u.ʒɪv,uʒɪv,uʒɪv,uʒɪv,uʒɪv
u.ʒɪz,u.ʒɪz,uʒɪz,uʒɪz,uʒɪz,uʒɪz
u.ʒɪʃ,u.ʒɪʃ,uʒɪʃ,uʒɪʃ,uʒɪʃ,uʒɪʃ
u.ʒɪʒ,u.ʒɪʒ,uʒɪʒ,uʒɪʒ,uʒɪʒ,uʒɪʒ
u.ʒɪθ,u.ʒɪθ,uʒɪθ,uʒɪθ,uʒɪθ,uʒɪθ
u.ʒɪð,u.ʒɪð,uʒɪð,uʒɪð,uʒɪð,uʒɪð
u.θɪm,u.θɪm,uθɪm,uθɪm,uθɪm,uθɪm
u.θɪn,u.θɪn,uθɪn,uθɪn,uθɪn,uθɪn
u.θɪŋ,u.θɪŋ,uθɪŋ,uθɪŋ,uθɪŋ,uθɪŋ
u.θɪp,u.θɪp,uθɪp,uθɪp,uθɪp,uθɪp
u.θɪt,u.θɪt,uθɪt,uθɪt,uθɪt,uθɪt
u.θɪk,u.θɪk,uθɪk,uθɪk,uθɪk,uθɪk
u.θɪb,u.θɪb,uθɪb,uθɪb,uθɪb,uθɪb
u.θɪd,u.θɪd,uθɪd,uθɪd,uθɪd,uθɪd
u.θɪg,u.θɪg,uθɪg,uθɪg,uθɪg,uθɪg
u.θɪf,u.θɪf,uθɪf,uθɪf,uθɪf,uθɪf
u.θɪs,u.θɪs,uθɪs,uθɪs,uθɪs,uθɪs
u.θɪv,u.θɪv,uθɪv,uθɪv,uθɪv,uθɪv
u.θɪz,u.θɪz,uθɪz,uθɪz,uθɪz,uθɪz
u.θɪʃ,u.θɪʃ,uθɪʃ,uθɪʃ,uθɪʃ,uθɪʃ
u.θɪʒ,u.θɪʒ,uθɪʒ,uθɪʒ,uθɪʒ,uθɪʒ
u.θɪθ,u.θɪθ,uθɪθ,uθɪθ,uθɪθ,uθɪθ
u.θɪð,u.θɪð,uθɪð,uθɪð,uθɪð,uθɪð
u.ðɪm,u.ðɪm,uðɪm,uðɪm,uðɪm,uðɪm
u.ðɪn,u.ðɪn,uðɪn,uðɪn,uðɪn,uðɪn
u.ðɪŋ,u.ðɪŋ,uðɪŋ,uðɪŋ,uðɪŋ,uðɪŋ
u.ðɪp,u.ðɪp,uðɪp,uðɪp,uðɪp,uðɪp
u.ðɪt,u.ðɪt,uðɪt,uðɪt,uðɪt,uðɪt
u.ðɪk,u.ðɪk,uðɪk,uðɪk,uðɪk,uðɪk
u.ðɪb,u.ðɪb,uðɪb,uðɪb,uðɪb,uðɪb
u.ðɪd,u.ðɪd,uðɪd,uðɪd,uðɪd,uðɪd
u.ðɪg,u.ðɪg,uðɪg,uðɪg,uðɪg,uðɪg
u.ðɪf,u.ðɪf,uðɪf,uðɪf,uðɪf,uðɪf
u.ðɪs,u.ðɪs,uðɪs,uðɪs,uðɪs,uðɪs
u.ðɪv,u.ðɪv,uðɪv,uðɪv,uðɪv,uðɪv
u.ðɪz,u.ðɪz,uðɪz,uðɪz,uðɪz,uðɪz
u.ðɪʃ,u.ðɪʃ,uðɪʃ,uðɪʃ,uðɪʃ,uðɪʃ
u.ðɪʒ,u.ðɪʒ,uðɪʒ,uðɪʒ,uðɪʒ,uðɪʒ
u.ðɪθ,u.ðɪθ,uðɪθ,uðɪθ,uðɪθ,uðɪθ
u.ðɪð,u.ðɪð,uðɪð,uðɪð,uðɪð,uðɪð
u.hɪm,u.hɪm,uhɪm,uhɪm,uhɪm,uhɪm
u.hɪn,u.hɪn,uhɪn,uhɪn,uhɪn,uhɪn
u.hɪŋ,u.hɪŋ,uhɪŋ,uhɪŋ,uhɪŋ,uhɪŋ
u.hɪp,u.hɪp,uhɪp,uhɪp,uhɪp,uhɪp
u.hɪt,u.hɪt,uhɪt,uhɪt,uhɪt,uhɪt
u.hɪk,u.hɪk,uhɪk,uhɪk,uhɪk,uhɪk
u.hɪb,u.hɪb,uhɪb,uhɪb,uhɪb,uhɪb
u.hɪd,u.hɪd,uhɪd,uhɪd,uhɪd,uhɪd
u.hɪg,u.hɪg,uhɪg,uhɪg,uhɪg,uhɪg
u.hɪf,u.hɪf,uhɪf,uhɪf,uhɪf,uhɪf
u.hɪs,u.hɪs,uhɪs,uhɪs,uhɪs,uhɪs
u.hɪv,u.hɪv,uhɪv,uhɪv,uhɪv,uhɪv
u.hɪz,u.hɪz,uhɪz,uhɪz,uhɪz,uhɪz
u.hɪʃ,u.hɪʃ,uhɪʃ,uhɪʃ,uhɪʃ,uhɪʃ
u.hɪʒ,u.hɪʒ,uhɪʒ,uhɪʒ,uhɪʒ,uhɪʒ
u.hɪθ,u.hɪθ,uhɪθ,uhɪθ,uhɪθ,uhɪθ
u.hɪð,u.hɪð,uhɪð,uhɪð,uhɪð,uhɪð
u.mɛm,u.mɛm,umɛm,umɛm,umɛm,umɛm
u.mɛn,u.mɛn,umɛn,umɛn,umɛn,umɛn
u.mɛŋ,u.mɛŋ,umɛŋ,umɛŋ,umɛŋ,umɛŋ
u.mɛp,u.mɛp,umɛp,umɛp,umɛp,umɛp
u.mɛt,u.mɛt,umɛt,umɛt,umɛt,umɛt
u.mɛk,u.mɛk,umɛk,umɛk,umɛk,umɛk
u.mɛb,u.mɛb,umɛb,umɛb,umɛb,umɛb
u.mɛd,u.mɛd,umɛd,umɛd,umɛd,umɛd
u.mɛg,u.mɛg,umɛg,umɛg,umɛg,umɛg
u.mɛf,u.mɛf,umɛf,umɛf,umɛf,umɛf
u.mɛs,u.mɛs,umɛs,umɛs,umɛs,umɛs
u.mɛv,u.mɛv,umɛv,umɛv,umɛv,umɛv
u.mɛz,u.mɛz,umɛz,umɛz,umɛz,umɛz
u.mɛʃ,u.mɛʃ,umɛʃ,umɛʃ,umɛʃ,umɛʃ
u.mɛʒ,u.mɛʒ,umɛʒ,umɛʒ,umɛʒ,umɛʒ
u.mɛθ,u.mɛθ,umɛθ,umɛθ,umɛθ,umɛθ
u.mɛð,u.mɛð,umɛð,umɛð,umɛð,umɛð
u.nɛm,u.nɛm,unɛm,unɛm,unɛm,unɛm
u.nɛn,u.nɛn,unɛn,unɛn,unɛn,unɛn
u.nɛŋ,u.nɛŋ,unɛŋ,unɛŋ,unɛŋ,unɛŋ
u.nɛp,u.nɛp,unɛp,unɛp,unɛp,unɛp
u.nɛt,u.nɛt,unɛt,unɛt,unɛt,unɛt
u.nɛk,u.nɛk,unɛk,unɛk,unɛk,unɛk
u.nɛb,u.nɛb,unɛb,unɛb,unɛb,unɛb
u.nɛd,u.nɛd,unɛd,unɛd,unɛd,unɛd
u.nɛg,u.nɛg,unɛg,unɛg,unɛg,unɛg
u.nɛf,u.nɛf,unɛf,unɛf,unɛf,unɛf
u.nɛs,u.nɛs,unɛs,unɛs,unɛs,unɛs
u.nɛv,u.nɛv,unɛv,unɛv,unɛv,unɛv
u.nɛz,u.nɛz,unɛz,unɛz,unɛz,unɛz
u.nɛʃ,u.nɛʃ,unɛʃ,unɛʃ,unɛʃ,unɛʃ
u.nɛʒ,u.nɛʒ,unɛʒ,unɛʒ,unɛʒ,unɛʒ
u.nɛθ,u.nɛθ,unɛθ,unɛθ,unɛθ,unɛθ
u.nɛð,u.nɛð,unɛð,unɛð,unɛð,unɛð
u.pɛm,u.pɛm,upɛm,upɛm,upɛm,upɛm
u.pɛn,u.pɛn,upɛn,upɛn,upɛn,upɛn
u.pɛŋ,u.pɛŋ,upɛŋ,upɛŋ,upɛŋ,upɛŋ
u.pɛp,u.pɛp,upɛp,upɛp,upɛp,upɛp
u.pɛt,u.pɛt,upɛt,upɛt,upɛt,upɛt
u.pɛk,u.pɛk,upɛk,upɛk,upɛk,upɛk
u.pɛb,u.pɛb,upɛb,upɛb,upɛb,upɛb
u.pɛd,u.pɛd,upɛd,upɛd,upɛd,upɛd
u.pɛg,u.pɛg,upɛg,upɛg,upɛg,upɛg
u.pɛf,u.pɛf,upɛf,upɛf,upɛf,upɛf
u.pɛs,u.pɛs,upɛs,upɛs,upɛs,upɛs
u.pɛv,u.pɛv,upɛv,upɛv,upɛv,upɛv
u.pɛz,u.pɛz,upɛz,upɛz,upɛz,upɛz
u.pɛʃ,u.pɛʃ,upɛʃ,upɛʃ,upɛʃ,upɛʃ
u.pɛʒ,u.pɛʒ,upɛʒ,upɛʒ,upɛʒ,upɛʒ
u.pɛθ,u.pɛθ,upɛθ,upɛθ,upɛθ,upɛθ
u.pɛð,u.pɛð,upɛð,upɛð,upɛð,upɛð
u.tɛm,u.tɛm,utɛm,utɛm,utɛm,utɛm
u.tɛn,u.tɛn,utɛn,utɛn,utɛn,utɛn
u.tɛŋ,u.tɛŋ,utɛŋ,utɛŋ,utɛŋ,utɛŋ
u.tɛp,u.tɛp,utɛp,utɛp,utɛp,utɛp
u.tɛt,u.tɛt,utɛt,utɛt,utɛt,utɛt
u.tɛk,u.tɛk,utɛk,utɛk,utɛk,utɛk
u.tɛb,u.tɛb,utɛb,utɛb,utɛb,utɛb
u.tɛd,u.tɛd,utɛd,utɛd,utɛd,utɛd
u.tɛg,u.tɛg,utɛg,utɛg,utɛg,utɛg
u.tɛf,u.tɛf,utɛf,utɛf,utɛf,utɛf
u.tɛs,u.tɛs,utɛs,utɛs,utɛs,utɛs
u.tɛv,u.tɛv,utɛv,utɛv,utɛv,utɛv
u.tɛz,u.tɛz,utɛz,utɛz,utɛz,utɛz
u.tɛʃ,u.tɛʃ,utɛʃ,utɛʃ,utɛʃ,utɛʃ
u.tɛʒ,u.tɛʒ,utɛʒ,utɛʒ,utɛʒ,utɛʒ
u.tɛθ,u.tɛθ,utɛθ,utɛθ,utɛθ,utɛθ
u.tɛð,u.tɛð,utɛð,utɛð,utɛð,utɛð
u.kɛm,u.kɛm,ukɛm,ukɛm,ukɛm,ukɛm
u.kɛn,u.kɛn,ukɛn,ukɛn,ukɛn,ukɛn
u.kɛŋ,u.kɛŋ,ukɛŋ,ukɛŋ,ukɛŋ,ukɛŋ
u.kɛp,u.kɛp,ukɛp,ukɛp,ukɛp,ukɛp
u.kɛt,u.kɛt,ukɛt,ukɛt,ukɛt,ukɛt
u.kɛk,u.kɛk,ukɛk,ukɛk,ukɛk,ukɛk
u.kɛb,u.kɛb,ukɛb,ukɛb,ukɛb,ukɛb
u.kɛd,u.kɛd,ukɛd,ukɛd,ukɛd,ukɛd
u.kɛg,u.kɛg,ukɛg,ukɛg,ukɛg,ukɛg
u.kɛf,u.kɛf,ukɛf,ukɛf,ukɛf,ukɛf
u.kɛs,u.kɛs,ukɛs,ukɛs,ukɛs,ukɛs
u.kɛv,u.kɛv,ukɛv,ukɛv,ukɛv,ukɛv
u.kɛz,u.kɛz,ukɛz,ukɛz,ukɛz,ukɛz
u.kɛʃ,u.kɛʃ,ukɛʃ,ukɛʃ,ukɛʃ,ukɛʃ
u.kɛʒ,u.kɛʒ,ukɛʒ,ukɛʒ,ukɛʒ,ukɛʒ
u.kɛθ,u.kɛθ,ukɛθ,ukɛθ,ukɛθ,ukɛθ
u.kɛð,u.kɛð,ukɛð,ukɛð,ukɛð,ukɛð
u.bɛm,u.bɛm,ubɛm,ubɛm,ubɛm,ubɛm
u.bɛn,u.bɛn,ubɛn,ubɛn,ubɛn,ubɛn
u.bɛŋ,u.bɛŋ,ubɛŋ,ubɛŋ,ubɛŋ,ubɛŋ
u.bɛp,u.bɛp,ubɛp,ubɛp,ubɛp,ubɛp
u.bɛt,u.bɛt,ubɛt,ubɛt,ubɛt,ubɛt
u.bɛk,u.bɛk,ubɛk,ubɛk,ubɛk,ubɛk
u.bɛb,u.bɛb,ubɛb,ubɛb,ubɛb,ubɛb
u.bɛd,u.bɛd,ubɛd,ubɛd,ubɛd,ubɛd
u.bɛg,u.bɛg,ubɛg,ubɛg,ubɛg,ubɛg
u.bɛf,u.bɛf,ubɛf,ubɛf,ubɛf,ubɛf
u.bɛs,u.bɛs,ubɛs,ubɛs,ubɛs,ubɛs
u.bɛv,u.bɛv,ubɛv,ubɛv,ubɛv,ubɛv
u.bɛz,u.bɛz,ubɛz,ubɛz,ubɛz,ubɛz
u.bɛʃ,u.bɛʃ,ubɛʃ,ubɛʃ,ubɛʃ,ubɛʃ
u.bɛʒ,u.bɛʒ,ubɛʒ,ubɛʒ,ubɛʒ,ubɛʒ
u.bɛθ,u.bɛθ,ubɛθ,ubɛθ,ubɛθ,ubɛθ
u.bɛð,u.bɛð,ubɛð,ubɛð,ubɛð,ubɛð
u.dɛm,u.dɛm,udɛm,udɛm,udɛm,udɛm
u.dɛn,u.dɛn,udɛn,udɛn,udɛn,udɛn
u.dɛŋ,u.dɛŋ,udɛŋ,udɛŋ,udɛŋ,udɛŋ
u.dɛp,u.dɛp,udɛp,udɛp,udɛp,udɛp
u.dɛt,u.dɛt,udɛt,udɛt,udɛt,udɛt
u.dɛk,u.dɛk,udɛk,udɛk,udɛk,udɛk
u.dɛb,u.dɛb,udɛb,udɛb,udɛb,udɛb
u.dɛd,u.dɛd,udɛd,udɛd,udɛd,udɛd
u.dɛg,u.dɛg,udɛg,udɛg,udɛg,udɛg
u.dɛf,u.dɛf,udɛf,udɛf,udɛf,udɛf
u.dɛs,u.dɛs,udɛs,udɛs,udɛs,udɛs
u.dɛv,u.dɛv,udɛv,udɛv,udɛv,udɛv
u.dɛz,u.dɛz,udɛz,udɛz,udɛz,udɛz
u.dɛʃ,u.dɛʃ,udɛʃ,udɛʃ,udɛʃ,udɛʃ
u.dɛʒ,u.dɛʒ,udɛʒ,udɛʒ,udɛʒ,udɛʒ
u.dɛθ,u.dɛθ,udɛθ,udɛθ,udɛθ,udɛθ
u.dɛð,u.dɛð,udɛð,udɛð,udɛð,udɛð
u.gɛm,u.gɛm,ugɛm,ugɛm,ugɛm,ugɛm
u.gɛn,u.gɛn,ugɛn,ugɛn,ugɛn,ugɛn
u.gɛŋ,u.gɛŋ,ugɛŋ,ugɛŋ,ugɛŋ,ugɛŋ
u.gɛp,u.gɛp,ugɛp,ugɛp,ugɛp,ugɛp
u.gɛt,u.gɛt,ugɛt,ugɛt,ugɛt,ugɛt
u.gɛk,u.gɛk,ugɛk,ugɛk,ugɛk,ugɛk
u.gɛb,u.gɛb,ugɛb,ugɛb,ugɛb,ugɛb
u.gɛd,u.gɛd,ugɛd,ugɛd,ugɛd,ugɛd
u.gɛg,u.gɛg,ugɛg,ugɛg,ugɛg,ugɛg
u.gɛf,u.gɛf,ugɛf,ugɛf,ugɛf,ugɛf
u.gɛs,u.gɛs,ugɛs,ugɛs,ugɛs,ugɛs
u.gɛv,u.gɛv,ugɛv,ugɛv,ugɛv,ugɛv
u.gɛz,u.gɛz,ugɛz,ugɛz,ugɛz,ugɛz
u.gɛʃ,u.gɛʃ,ugɛʃ,ugɛʃ,ugɛʃ,ugɛʃ
u.gɛʒ,u.gɛʒ,ugɛʒ,ugɛʒ,ugɛʒ,ugɛʒ
u.gɛθ,u.gɛθ,ugɛθ,ugɛθ,ugɛθ,ugɛθ
u.gɛð,u.gɛð,ugɛð,ugɛð,ugɛð,ugɛð
u.fɛm,u.fɛm,ufɛm,ufɛm,ufɛm,ufɛm
u.fɛn,u.fɛn,ufɛn,ufɛn,ufɛn,ufɛn
u.fɛŋ,u.fɛŋ,ufɛŋ,ufɛŋ,ufɛŋ,ufɛŋ
u.fɛp,u.fɛp,ufɛp,ufɛp,ufɛp,ufɛp
u.fɛt,u.fɛt,ufɛt,ufɛt,ufɛt,ufɛt
u.fɛk,u.fɛk,ufɛk,ufɛk,ufɛk,ufɛk
u.fɛb,u.fɛb,ufɛb,ufɛb,ufɛb,ufɛb
u.fɛd,u.fɛd,ufɛd,ufɛd,ufɛd,ufɛd
u.fɛg,u.fɛg,ufɛg,ufɛg,ufɛg,ufɛg
u.fɛf,u.fɛf,ufɛf,ufɛf,ufɛf,ufɛf
u.fɛs,u.fɛs,ufɛs,ufɛs,ufɛs,ufɛs
u.fɛv,u.fɛv,ufɛv,ufɛv,ufɛv,ufɛv
u.fɛz,u.fɛz,ufɛz,ufɛz,ufɛz,ufɛz
u.fɛʃ,u.fɛʃ,ufɛʃ,ufɛʃ,ufɛʃ,ufɛʃ
u.fɛʒ,u.fɛʒ,ufɛʒ,ufɛʒ,ufɛʒ,ufɛʒ
u.fɛθ,u.fɛθ,ufɛθ,ufɛθ,ufɛθ,ufɛθ
u.fɛð,u.fɛð,ufɛð,ufɛð,ufɛð,ufɛð
u.sɛm,u.sɛm,usɛm,usɛm,usɛm,usɛm
u.sɛn,u.sɛn,usɛn,usɛn,usɛn,usɛn
u.sɛŋ,u.sɛŋ,usɛŋ,usɛŋ,usɛŋ,usɛŋ
u.sɛp,u.sɛp,usɛp,usɛp,usɛp,usɛp
u.sɛt,u.sɛt,usɛt,usɛt,usɛt,usɛt
u.sɛk,u.sɛk,usɛk,usɛk,usɛk,usɛk
u.sɛb,u.sɛb,usɛb,usɛb,usɛb,usɛb
u.sɛd,u.sɛd,usɛd,usɛd,usɛd,usɛd
u.sɛg,u.sɛg,usɛg,usɛg,usɛg,usɛg
u.sɛf,u.sɛf,usɛf,usɛf,usɛf,usɛf
u.sɛs,u.sɛs,usɛs,usɛs,usɛs,usɛs
u.sɛv,u.sɛv,usɛv,usɛv,usɛv,usɛv
u.sɛz,u.sɛz,usɛz,usɛz,usɛz,usɛz
u.sɛʃ,u.sɛʃ,usɛʃ,usɛʃ,usɛʃ,usɛʃ
u.sɛʒ,u.sɛʒ,usɛʒ,usɛʒ,usɛʒ,usɛʒ
u.sɛθ,u.sɛθ,usɛθ,usɛθ,usɛθ,usɛθ
u.sɛð,u.sɛð,usɛð,usɛð,usɛð,usɛð
u.vɛm,u.vɛm,uvɛm,uvɛm,uvɛm,uvɛm
u.vɛn,u.vɛn,uvɛn,uvɛn,uvɛn,uvɛn
u.vɛŋ,u.vɛŋ,uvɛŋ,uvɛŋ,uvɛŋ,uvɛŋ
u.vɛp,u.vɛp,uvɛp,uvɛp,uvɛp,uvɛp
u.vɛt,u.vɛt,uvɛt,uvɛt,uvɛt,uvɛt
u.vɛk,u.vɛk,uvɛk,uvɛk,uvɛk,uvɛk
u.vɛb,u.vɛb,uvɛb,uvɛb,uvɛb,uvɛb
u.vɛd,u.vɛd,uvɛd,uvɛd,uvɛd,uvɛd
u.vɛg,u.vɛg,uvɛg,uvɛg,uvɛg,uvɛg
u.vɛf,u.vɛf,uvɛf,uvɛf,uvɛf,uvɛf
u.vɛs,u.vɛs,uvɛs,uvɛs,uvɛs,uvɛs
u.vɛv,u.vɛv,uvɛv,uvɛv,uvɛv,uvɛv
u.vɛz,u.vɛz,uvɛz,uvɛz,uvɛz,uvɛz
u.vɛʃ,u.vɛʃ,uvɛʃ,uvɛʃ,uvɛʃ,uvɛʃ
u.vɛʒ,u.vɛʒ,uvɛʒ,uvɛʒ,uvɛʒ,uvɛʒ
u.vɛθ,u.vɛθ,uvɛθ,uvɛθ,uvɛθ,uvɛθ
u.vɛð,u.vɛð,uvɛð,uvɛð,uvɛð,uvɛð
u.zɛm,u.zɛm,uzɛm,uzɛm,uzɛm,uzɛm
u.zɛn,u.zɛn,uzɛn,uzɛn,uzɛn,uzɛn
u.zɛŋ,u.zɛŋ,uzɛŋ,uzɛŋ,uzɛŋ,uzɛŋ
u.zɛp,u.zɛp,uzɛp,uzɛp,uzɛp,uzɛp
u.zɛt,u.zɛt,uzɛt,uzɛt,uzɛt,uzɛt
u.zɛk,u.zɛk,uzɛk,uzɛk,uzɛk,uzɛk
u.zɛb,u.zɛb,uzɛb,uzɛb,uzɛb,uzɛb
u.zɛd,u.zɛd,uzɛd,uzɛd,uzɛd,uzɛd
u.zɛg,u.zɛg,uzɛg,uzɛg,uzɛg,uzɛg
u.zɛf,u.zɛf,uzɛf,uzɛf,uzɛf,uzɛf
u.zɛs,u.zɛs,uzɛs,uzɛs,uzɛs,uzɛs
u.zɛv,u.zɛv,uzɛv,uzɛv,uzɛv,uzɛv
u.zɛz,u.zɛz,uzɛz,uzɛz,uzɛz,uzɛz
u.zɛʃ,u.zɛʃ,uzɛʃ,uzɛʃ,uzɛʃ,uzɛʃ
u.zɛʒ,u.zɛʒ,uzɛʒ,uzɛʒ,uzɛʒ,uzɛʒ
u.zɛθ,u.zɛθ,uzɛθ,uzɛθ,uzɛθ,uzɛθ
u.zɛð,u.zɛð,uzɛð,uzɛð,uzɛð,uzɛð
u.ʃɛm,u.ʃɛm,uʃɛm,uʃɛm,uʃɛm,uʃɛm
u.ʃɛn,u.ʃɛn,uʃɛn,uʃɛn,uʃɛn,uʃɛn
u.ʃɛŋ,u.ʃɛŋ,uʃɛŋ,uʃɛŋ,uʃɛŋ,uʃɛŋ
u.ʃɛp,u.ʃɛp,uʃɛp,uʃɛp,uʃɛp,uʃɛp
u.ʃɛt,u.ʃɛt,uʃɛt,uʃɛt,uʃɛt,uʃɛt
u.ʃɛk,u.ʃɛk,uʃɛk,uʃɛk,uʃɛk,uʃɛk
u.ʃɛb,u.ʃɛb,uʃɛb,uʃɛb,uʃɛb,uʃɛb
u.ʃɛd,u.ʃɛd,uʃɛd,uʃɛd,uʃɛd,uʃɛd
u.ʃɛg,u.ʃɛg,uʃɛg,uʃɛg,uʃɛg,uʃɛg
u.ʃɛf,u.ʃɛf,uʃɛf,uʃɛf,uʃɛf,uʃɛf
u.ʃɛs,u.ʃɛs,uʃɛs,uʃɛs,uʃɛs,uʃɛs
u.ʃɛv,u.ʃɛv,uʃɛv,uʃɛv,uʃɛv,uʃɛv
u.ʃɛz,u.ʃɛz,uʃɛz,uʃɛz,uʃɛz,uʃɛz
u.ʃɛʃ,u.ʃɛʃ,uʃɛʃ,uʃɛʃ,uʃɛʃ,uʃɛʃ
u.ʃɛʒ,u.ʃɛʒ,uʃɛʒ,uʃɛʒ,uʃɛʒ,uʃɛʒ
u.ʃɛθ,u.ʃɛθ,uʃɛθ,uʃɛθ,uʃɛθ,uʃɛθ
u.ʃɛð,u.ʃɛð,uʃɛð,uʃɛð,uʃɛð,uʃɛð
u.ʒɛm,u.ʒɛm,uʒɛm,uʒɛm,uʒɛm,uʒɛm
u.ʒɛn,u.ʒɛn,uʒɛn,uʒɛn,uʒɛn,uʒɛn
u.ʒɛŋ,u.ʒɛŋ,uʒɛŋ,uʒɛŋ,uʒɛŋ,uʒɛŋ
u.ʒɛp,u.ʒɛp,uʒɛp,uʒɛp,uʒɛp,uʒɛp
u.ʒɛt,u.ʒɛt,uʒɛt,uʒɛt,uʒɛt,uʒɛt
u.ʒɛk,u.ʒɛk,uʒɛk,uʒɛk,uʒɛk,uʒɛk
u.ʒɛb,u.ʒɛb,uʒɛb,uʒɛb,uʒɛb,uʒɛb
u.ʒɛd,u.ʒɛd,uʒɛd,uʒɛd,uʒɛd,uʒɛd
u.ʒɛg,u.ʒɛg,uʒɛg,uʒɛg,uʒɛg,uʒɛg
u.ʒɛf,u.ʒɛf,uʒɛf,uʒɛf,uʒɛf,uʒɛf
u.ʒɛs,u.ʒɛs,uʒɛs,uʒɛs,uʒɛs,uʒɛs
u.ʒɛv,u.ʒɛv,uʒɛv,uʒɛv,uʒɛv,uʒɛv
u.ʒɛz,u.ʒɛz,uʒɛz,uʒɛz,uʒɛz,uʒɛz
u.ʒɛʃ,u.ʒɛʃ,uʒɛʃ,uʒɛʃ,uʒɛʃ,uʒɛʃ
u.ʒɛʒ,u.ʒɛʒ,uʒɛʒ,uʒɛʒ,uʒɛʒ,uʒɛʒ
u.ʒɛθ,u.ʒɛθ,uʒɛθ,uʒɛθ,uʒɛθ,uʒɛθ
u.ʒɛð,u.ʒɛð,uʒɛð,uʒɛð,uʒɛð,uʒɛð
u.θɛm,u.θɛm,uθɛm,uθɛm,uθɛm,uθɛm
u.θɛn,u.θɛn,uθɛn,uθɛn,uθɛn,uθɛn
u.θɛŋ,u.θɛŋ,uθɛŋ,uθɛŋ,uθɛŋ,uθɛŋ
u.θɛp,u.θɛp,uθɛp,uθɛp,uθɛp,uθɛp
u.θɛt,u.θɛt,uθɛt,uθɛt,uθɛt,uθɛt
u.θɛk,u.θɛk,uθɛk,uθɛk,uθɛk,uθɛk
u.θɛb,u.θɛb,uθɛb,uθɛb,uθɛb,uθɛb
u.θɛd,u.θɛd,uθɛd,uθɛd,uθɛd,uθɛd
u.θɛg,u.θɛg,uθɛg,uθɛg,uθɛg,uθɛg
u.θɛf,u.θɛf,uθɛf,uθɛf,uθɛf,uθɛf
u.θɛs,u.θɛs,uθɛs,uθɛs,uθɛs,uθɛs
u.θɛv,u.θɛv,uθɛv,uθɛv,uθɛv,uθɛv
u.θɛz,u.θɛz,uθɛz,uθɛz,uθɛz,uθɛz
u.θɛʃ,u.θɛʃ,uθɛʃ,uθɛʃ,uθɛʃ,uθɛʃ
u.θɛʒ,u.θɛʒ,uθɛʒ,uθɛʒ,uθɛʒ,uθɛʒ
u.θɛθ,u.θɛθ,uθɛθ,uθɛθ,uθɛθ,uθɛθ
u.θɛð,u.θɛð,uθɛð,uθɛð,uθɛð,uθɛð
u.ðɛm,u.ðɛm,uðɛm,uðɛm,uðɛm,uðɛm
u.ðɛn,u.ðɛn,uðɛn,uðɛn,uðɛn,uðɛn
u.ðɛŋ,u.ðɛŋ,uðɛŋ,uðɛŋ,uðɛŋ,uðɛŋ
u.ðɛp,u.ðɛp,uðɛp,uðɛp,uðɛp,uðɛp
u.ðɛt,u.ðɛt,uðɛt,uðɛt,uðɛt,uðɛt
u.ðɛk,u.ðɛk,uðɛk,uðɛk,uðɛk,uðɛk
u.ðɛb,u.ðɛb,uðɛb,uðɛb,uðɛb,uðɛb
u.ðɛd,u.ðɛd,uðɛd,uðɛd,uðɛd,uðɛd
u.ðɛg,u.ðɛg,uðɛg,uðɛg,uðɛg,uðɛg
u.ðɛf,u.ðɛf,uðɛf,uðɛf,uðɛf,uðɛf
u.ðɛs,u.ðɛs,uðɛs,uðɛs,uðɛs,uðɛs
u.ðɛv,u.ðɛv,uðɛv,uðɛv,uðɛv,uðɛv
u.ðɛz,u.ðɛz,uðɛz,uðɛz,uðɛz,uðɛz
u.ðɛʃ,u.ðɛʃ,uðɛʃ,uðɛʃ,uðɛʃ,uðɛʃ
u.ðɛʒ,u.ðɛʒ,uðɛʒ,uðɛʒ,uðɛʒ,uðɛʒ
u.ðɛθ,u.ðɛθ,uðɛθ,uðɛθ,uðɛθ,uðɛθ
u.ðɛð,u.ðɛð,uðɛð,uðɛð,uðɛð,uðɛð
u.hɛm,u.hɛm,uhɛm,uhɛm,uhɛm,uhɛm
u.hɛn,u.hɛn,uhɛn,uhɛn,uhɛn,uhɛn
u.hɛŋ,u.hɛŋ,uhɛŋ,uhɛŋ,uhɛŋ,uhɛŋ
u.hɛp,u.hɛp,uhɛp,uhɛp,uhɛp,uhɛp
u.hɛt,u.hɛt,uhɛt,uhɛt,uhɛt,uhɛt
u.hɛk,u.hɛk,uhɛk,uhɛk,uhɛk,uhɛk
u.hɛb,u.hɛb,uhɛb,uhɛb,uhɛb,uhɛb
u.hɛd,u.hɛd,uhɛd,uhɛd,uhɛd,uhɛd
u.hɛg,u.hɛg,uhɛg,uhɛg,uhɛg,uhɛg
u.hɛf,u.hɛf,uhɛf,uhɛf,uhɛf,uhɛf
u.hɛs,u.hɛs,uhɛs,uhɛs,uhɛs,uhɛs
u.hɛv,u.hɛv,uhɛv,uhɛv,uhɛv,uhɛv
u.hɛz,u.hɛz,uhɛz,uhɛz,uhɛz,uhɛz
u.hɛʃ,u.hɛʃ,uhɛʃ,uhɛʃ,uhɛʃ,uhɛʃ
u.hɛʒ,u.hɛʒ,uhɛʒ,uhɛʒ,uhɛʒ,uhɛʒ
u.hɛθ,u.hɛθ,uhɛθ,uhɛθ,uhɛθ,uhɛθ
u.hɛð,u.hɛð,uhɛð,uhɛð,uhɛð,uhɛð
u.mʊm,u.mʊm,umʊm,umʊm,umʊm,umʊm
u.mʊn,u.mʊn,umʊn,umʊn,umʊn,umʊn
u.mʊŋ,u.mʊŋ,umʊŋ,umʊŋ,umʊŋ,umʊŋ
u.mʊp,u.mʊp,umʊp,umʊp,umʊp,umʊp
u.mʊt,u.mʊt,umʊt,umʊt,umʊt,umʊt
u.mʊk,u.mʊk,umʊk,umʊk,umʊk,umʊk
u.mʊb,u.mʊb,umʊb,umʊb,umʊb,umʊb
u.mʊd,u.mʊd,umʊd,umʊd,umʊd,umʊd
u.mʊg,u.mʊg,umʊg,umʊg,umʊg,umʊg
u.mʊf,u.mʊf,umʊf,umʊf,umʊf,umʊf
u.mʊs,u.mʊs,umʊs,umʊs,umʊs,umʊs
u.mʊv,u.mʊv,umʊv,umʊv,umʊv,umʊv
u.mʊz,u.mʊz,umʊz,umʊz,umʊz,umʊz
u.mʊʃ,u.mʊʃ,umʊʃ,umʊʃ,umʊʃ,umʊʃ
u.mʊʒ,u.mʊʒ,umʊʒ,umʊʒ,umʊʒ,umʊʒ
u.mʊθ,u.mʊθ,umʊθ,umʊθ,umʊθ,umʊθ
u.mʊð,u.mʊð,umʊð,umʊð,umʊð,umʊð
u.nʊm,u.nʊm,unʊm,unʊm,unʊm,unʊm
u.nʊn,u.nʊn,unʊn,unʊn,unʊn,unʊn
u.nʊŋ,u.nʊŋ,unʊŋ,unʊŋ,unʊŋ,unʊŋ
u.nʊp,u.nʊp,unʊp,unʊp,unʊp,unʊp
u.nʊt,u.nʊt,unʊt,unʊt,unʊt,unʊt
u.nʊk,u.nʊk,unʊk,unʊk,unʊk,unʊk
u.nʊb,u.nʊb,unʊb,unʊb,unʊb,unʊb
u.nʊd,u.nʊd,unʊd,unʊd,unʊd,unʊd
u.nʊg,u.nʊg,unʊg,unʊg,unʊg,unʊg
u.nʊf,u.nʊf,unʊf,unʊf,unʊf,unʊf
u.nʊs,u.nʊs,unʊs,unʊs,unʊs,unʊs
u.nʊv,u.nʊv,unʊv,unʊv,unʊv,unʊv
u.nʊz,u.nʊz,unʊz,unʊz,unʊz,unʊz
u.nʊʃ,u.nʊʃ,unʊʃ,unʊʃ,unʊʃ,unʊʃ
u.nʊʒ,u.nʊʒ,unʊʒ,unʊʒ,unʊʒ,unʊʒ
u.nʊθ,u.nʊθ,unʊθ,unʊθ,unʊθ,unʊθ
u.nʊð,u.nʊð,unʊð,unʊð,unʊð,unʊð
u.pʊm,u.pʊm,upʊm,upʊm,upʊm,upʊm
u.pʊn,u.pʊn,upʊn,upʊn,upʊn,upʊn
u.pʊŋ,u.pʊŋ,upʊŋ,upʊŋ,upʊŋ,upʊŋ
u.pʊp,u.pʊp,upʊp,upʊp,upʊp,upʊp
u.pʊt,u.pʊt,upʊt,upʊt,upʊt,upʊt
u.pʊk,u.pʊk,upʊk,upʊk,upʊk,upʊk
u.pʊb,u.pʊb,upʊb,upʊb,upʊb,upʊb
u.pʊd,u.pʊd,upʊd,upʊd,upʊd,upʊd
u.pʊg,u.pʊg,upʊg,upʊg,upʊg,upʊg
u.pʊf,u.pʊf,upʊf,upʊf,upʊf,upʊf
u.pʊs,u.pʊs,upʊs,upʊs,upʊs,upʊs
u.pʊv,u.pʊv,upʊv,upʊv,upʊv,upʊv
u.pʊz,u.pʊz,upʊz,upʊz,upʊz,upʊz
u.pʊʃ,u.pʊʃ,upʊʃ,upʊʃ,upʊʃ,upʊʃ
u.pʊʒ,u.pʊʒ,upʊʒ,upʊʒ,upʊʒ,upʊʒ
u.pʊθ,u.pʊθ,upʊθ,upʊθ,upʊθ,upʊθ
u.pʊð,u.pʊð,upʊð,upʊð,upʊð,upʊð
u.tʊm,u.tʊm,utʊm,utʊm,utʊm,utʊm
u.tʊn,u.tʊn,utʊn,utʊn,utʊn,utʊn
u.tʊŋ,u.tʊŋ,utʊŋ,utʊŋ,utʊŋ,utʊŋ
u.tʊp,u.tʊp,utʊp,utʊp,utʊp,utʊp
u.tʊt,u.tʊt,utʊt,utʊt,utʊt,utʊt
u.tʊk,u.tʊk,utʊk,utʊk,utʊk,utʊk
u.tʊb,u.tʊb,utʊb,utʊb,utʊb,utʊb
u.tʊd,u.tʊd,utʊd,utʊd,utʊd,utʊd
u.tʊg,u.tʊg,utʊg,utʊg,utʊg,utʊg
u.tʊf,u.tʊf,utʊf,utʊf,utʊf,utʊf
u.tʊs,u.tʊs,utʊs,utʊs,utʊs,utʊs
u.tʊv,u.tʊv,utʊv,utʊv,utʊv,utʊv
u.tʊz,u.tʊz,utʊz,utʊz,utʊz,utʊz
u.tʊʃ,u.tʊʃ,utʊʃ,utʊʃ,utʊʃ,utʊʃ
u.tʊʒ,u.tʊʒ,utʊʒ,utʊʒ,utʊʒ,utʊʒ
u.tʊθ,u.tʊθ,utʊθ,utʊθ,utʊθ,utʊθ
u.tʊð,u.tʊð,utʊð,utʊð,utʊð,utʊð
u.kʊm,u.kʊm,ukʊm,ukʊm,ukʊm,ukʊm
u.kʊn,u.kʊn,ukʊn,ukʊn,ukʊn,ukʊn
u.kʊŋ,u.kʊŋ,ukʊŋ,ukʊŋ,ukʊŋ,ukʊŋ
u.kʊp,u.kʊp,ukʊp,ukʊp,ukʊp,ukʊp
u.kʊt,u.kʊt,ukʊt,ukʊt,ukʊt,ukʊt
u.kʊk,u.kʊk,ukʊk,ukʊk,ukʊk,ukʊk
u.kʊb,u.kʊb,ukʊb,ukʊb,ukʊb,ukʊb
u.kʊd,u.kʊd,ukʊd,ukʊd,ukʊd,ukʊd
u.kʊg,u.kʊg,ukʊg,ukʊg,ukʊg,ukʊg
u.kʊf,u.kʊf,ukʊf,ukʊf,ukʊf,ukʊf
u.kʊs,u.kʊs,ukʊs,ukʊs,ukʊs,ukʊs
u.kʊv,u.kʊv,ukʊv,ukʊv,ukʊv,ukʊv
u.kʊz,u.kʊz,ukʊz,ukʊz,ukʊz,ukʊz
u.kʊʃ,u.kʊʃ,ukʊʃ,ukʊʃ,ukʊʃ,ukʊʃ
u.kʊʒ,u.kʊʒ,ukʊʒ,ukʊʒ,ukʊʒ,ukʊʒ
u.kʊθ,u.kʊθ,ukʊθ,ukʊθ,ukʊθ,ukʊθ
u.kʊð,u.kʊð,ukʊð,ukʊð,ukʊð,ukʊð
u.bʊm,u.bʊm,ubʊm,ubʊm,ubʊm,ubʊm
u.bʊn,u.bʊn,ubʊn,ubʊn,ubʊn,ubʊn
u.bʊŋ,u.bʊŋ,ubʊŋ,ubʊŋ,ubʊŋ,ubʊŋ
u.bʊp,u.bʊp,ubʊp,ubʊp,ubʊp,ubʊp
u.bʊt,u.bʊt,ubʊt,ubʊt,ubʊt,ubʊt
u.bʊk,u.bʊk,ubʊk,ubʊk,ubʊk,ubʊk
u.bʊb,u.bʊb,ubʊb,ubʊb,ubʊb,ubʊb
u.bʊd,u.bʊd,ubʊd,ubʊd,ubʊd,ubʊd
u.bʊg,u.bʊg,ubʊg,ubʊg,ubʊg,ubʊg
u.bʊf,u.bʊf,ubʊf,ubʊf,ubʊf,ubʊf
u.bʊs,u.bʊs,ubʊs,ubʊs,ubʊs,ubʊs
u.bʊv,u.bʊv,ubʊv,ubʊv,ubʊv,ubʊv
u.bʊz,u.bʊz,ubʊz,ubʊz,ubʊz,ubʊz
u.bʊʃ,u.bʊʃ,ubʊʃ,ubʊʃ,ubʊʃ,ubʊʃ
u.bʊʒ,u.bʊʒ,ubʊʒ,ubʊʒ,ubʊʒ,ubʊʒ
u.bʊθ,u.bʊθ,ubʊθ,ubʊθ,ubʊθ,ubʊθ
u.bʊð,u.bʊð,ubʊð,ubʊð,ubʊð,ubʊð
u.dʊm,u.dʊm,udʊm,udʊm,udʊm,udʊm
u.dʊn,u.dʊn,udʊn,udʊn,udʊn,udʊn
u.dʊŋ,u.dʊŋ,udʊŋ,udʊŋ,udʊŋ,udʊŋ
u.dʊp,u.dʊp,udʊp,udʊp,udʊp,udʊp
u.dʊt,u.dʊt,udʊt,udʊt,udʊt,udʊt
u.dʊk,u.dʊk,udʊk,udʊk,udʊk,udʊk
u.dʊb,u.dʊb,udʊb,udʊb,udʊb,udʊb
u.dʊd,u.dʊd,udʊd,udʊd,udʊd,udʊd
u.dʊg,u.dʊg,udʊg,udʊg,udʊg,udʊg
u.dʊf,u.dʊf,udʊf,udʊf,udʊf,udʊf
u.dʊs,u.dʊs,udʊs,udʊs,udʊs,udʊs
u.dʊv,u.dʊv,udʊv,udʊv,udʊv,udʊv
u.dʊz,u.dʊz,udʊz,udʊz,udʊz,udʊz
u.dʊʃ,u.dʊʃ,udʊʃ,udʊʃ,udʊʃ,udʊʃ
u.dʊʒ,u.dʊʒ,udʊʒ,udʊʒ,udʊʒ,udʊʒ
u.dʊθ,u.dʊθ,udʊθ,udʊθ,udʊθ,udʊθ
u.dʊð,u.dʊð,udʊð,udʊð,udʊð,udʊð
u.gʊm,u.gʊm,ugʊm,ugʊm,ugʊm,ugʊm
u.gʊn,u.gʊn,ugʊn,ugʊn,ugʊn,ugʊn
u.gʊŋ,u.gʊŋ,ugʊŋ,ugʊŋ,ugʊŋ,ugʊŋ
u.gʊp,u.gʊp,ugʊp,ugʊp,ugʊp,ugʊp
u.gʊt,u.gʊt,ugʊt,ugʊt,ugʊt,ugʊt
u.gʊk,u.gʊk,ugʊk,ugʊk,ugʊk,ugʊk
u.gʊb,u.gʊb,ugʊb,ugʊb,ugʊb,ugʊb
u.gʊd,u.gʊd,ugʊd,ugʊd,ugʊd,ugʊd
u.gʊg,u.gʊg,ugʊg,ugʊg,ugʊg,ugʊg
u.gʊf,u.gʊf,ugʊf,ugʊf,ugʊf,ugʊf
u.gʊs,u.gʊs,ugʊs,ugʊs,ugʊs,ugʊs
u.gʊv,u.gʊv,ugʊv,ugʊv,ugʊv,ugʊv
u.gʊz,u.gʊz,ugʊz,ugʊz,ugʊz,ugʊz
u.gʊʃ,u.gʊʃ,ugʊʃ,ugʊʃ,ugʊʃ,ugʊʃ
u.gʊʒ,u.gʊʒ,ugʊʒ,ugʊʒ,ugʊʒ,ugʊʒ
u.gʊθ,u.gʊθ,ugʊθ,ugʊθ,ugʊθ,ugʊθ
u.gʊð,u.gʊð,ugʊð,ugʊð,ugʊð,ugʊð
u.fʊm,u.fʊm,ufʊm,ufʊm,ufʊm,ufʊm
u.fʊn,u.fʊn,ufʊn,ufʊn,ufʊn,ufʊn
u.fʊŋ,u.fʊŋ,ufʊŋ,ufʊŋ,ufʊŋ,ufʊŋ
u.fʊp,u.fʊp,ufʊp,ufʊp,ufʊp,ufʊp
u.fʊt,u.fʊt,ufʊt,ufʊt,ufʊt,ufʊt
u.fʊk,u.fʊk,ufʊk,ufʊk,ufʊk,ufʊk
u.fʊb,u.fʊb,ufʊb,ufʊb,ufʊb,ufʊb
u.fʊd,u.fʊd,ufʊd,ufʊd,ufʊd,ufʊd
u.fʊg,u.fʊg,ufʊg,ufʊg,ufʊg,ufʊg
u.fʊf,u.fʊf,ufʊf,ufʊf,ufʊf,ufʊf
u.fʊs,u.fʊs,ufʊs,ufʊs,ufʊs,ufʊs
u.fʊv,u.fʊv,ufʊv,ufʊv,ufʊv,ufʊv
u.fʊz,u.fʊz,ufʊz,ufʊz,ufʊz,ufʊz
u.fʊʃ,u.fʊʃ,ufʊʃ,ufʊʃ,ufʊʃ,ufʊʃ
u.fʊʒ,u.fʊʒ,ufʊʒ,ufʊʒ,ufʊʒ,ufʊʒ
u.fʊθ,u.fʊθ,ufʊθ,ufʊθ,ufʊθ,ufʊθ
u.fʊð,u.fʊð,ufʊð,ufʊð,ufʊð,ufʊð
u.sʊm,u.sʊm,usʊm,usʊm,usʊm,usʊm
u.sʊn,u.sʊn,usʊn,usʊn,usʊn,usʊn
u.sʊŋ,u.sʊŋ,usʊŋ,usʊŋ,usʊŋ,usʊŋ
u.sʊp,u.sʊp,usʊp,usʊp,usʊp,usʊp
u.sʊt,u.sʊt,usʊt,usʊt,usʊt,usʊt
u.sʊk,u.sʊk,usʊk,usʊk,usʊk,usʊk
u.sʊb,u.sʊb,usʊb,usʊb,usʊb,usʊb
u.sʊd,u.sʊd,usʊd,usʊd,usʊd,usʊd
u.sʊg,u.sʊg,usʊg,usʊg,usʊg,usʊg
u.sʊf,u.sʊf,usʊf,usʊf,usʊf,usʊf
u.sʊs,u.sʊs,usʊs,usʊs,usʊs,usʊs
u.sʊv,u.sʊv,usʊv,usʊv,usʊv,usʊv
u.sʊz,u.sʊz,usʊz,usʊz,usʊz,usʊz
u.sʊʃ,u.sʊʃ,usʊʃ,usʊʃ,usʊʃ,usʊʃ
u.sʊʒ,u.sʊʒ,usʊʒ,usʊʒ,usʊʒ,usʊʒ
u.sʊθ,u.sʊθ,usʊθ,usʊθ,usʊθ,usʊθ
u.sʊð,u.sʊð,usʊð,usʊð,usʊð,usʊð
u.vʊm,u.vʊm,uvʊm,uvʊm,uvʊm,uvʊm
u.vʊn,u.vʊn,uvʊn,uvʊn,uvʊn,uvʊn
u.vʊŋ,u.vʊŋ,uvʊŋ,uvʊŋ,uvʊŋ,uvʊŋ
u.vʊp,u.vʊp,uvʊp,uvʊp,uvʊp,uvʊp
u.vʊt,u.vʊt,uvʊt,uvʊt,uvʊt,uvʊt
u.vʊk,u.vʊk,uvʊk,uvʊk,uvʊk,uvʊk
u.vʊb,u.vʊb,uvʊb,uvʊb,uvʊb,uvʊb
u.vʊd,u.vʊd,uvʊd,uvʊd,uvʊd,uvʊd
u.vʊg,u.vʊg,uvʊg,uvʊg,uvʊg,uvʊg
u.vʊf,u.vʊf,uvʊf,uvʊf,uvʊf,uvʊf
u.vʊs,u.vʊs,uvʊs,uvʊs,uvʊs,uvʊs
u.vʊv,u.vʊv,uvʊv,uvʊv,uvʊv,uvʊv
u.vʊz,u.vʊz,uvʊz,uvʊz,uvʊz,uvʊz
u.vʊʃ,u.vʊʃ,uvʊʃ,uvʊʃ,uvʊʃ,uvʊʃ
u.vʊʒ,u.vʊʒ,uvʊʒ,uvʊʒ,uvʊʒ,uvʊʒ
u.vʊθ,u.vʊθ,uvʊθ,uvʊθ,uvʊθ,uvʊθ
u.vʊð,u.vʊð,uvʊð,uvʊð,uvʊð,uvʊð
u.zʊm,u.zʊm,uzʊm,uzʊm,uzʊm,uzʊm
u.zʊn,u.zʊn,uzʊn,uzʊn,uzʊn,uzʊn
u.zʊŋ,u.zʊŋ,uzʊŋ,uzʊŋ,uzʊŋ,uzʊŋ
u.zʊp,u.zʊp,uzʊp,uzʊp,uzʊp,uzʊp
u.zʊt,u.zʊt,uzʊt,uzʊt,uzʊt,uzʊt
u.zʊk,u.zʊk,uzʊk,uzʊk,uzʊk,uzʊk
u.zʊb,u.zʊb,uzʊb,uzʊb,uzʊb,uzʊb
u.zʊd,u.zʊd,uzʊd,uzʊd,uzʊd,uzʊd
u.zʊg,u.zʊg,uzʊg,uzʊg,uzʊg,uzʊg
u.zʊf,u.zʊf,uzʊf,uzʊf,uzʊf,uzʊf
u.zʊs,u.zʊs,uzʊs,uzʊs,uzʊs,uzʊs
u.zʊv,u.zʊv,uzʊv,uzʊv,uzʊv,uzʊv
u.zʊz,u.zʊz,uzʊz,uzʊz,uzʊz,uzʊz
u.zʊʃ,u.zʊʃ,uzʊʃ,uzʊʃ,uzʊʃ,uzʊʃ
u.zʊʒ,u.zʊʒ,uzʊʒ,uzʊʒ,uzʊʒ,uzʊʒ
u.zʊθ,u.zʊθ,uzʊθ,uzʊθ,uzʊθ,uzʊθ
u.zʊð,u.zʊð,uzʊð,uzʊð,uzʊð,uzʊð
u.ʃʊm,u.ʃʊm,uʃʊm,uʃʊm,uʃʊm,uʃʊm
u.ʃʊn,u.ʃʊn,uʃʊn,uʃʊn,uʃʊn,uʃʊn
u.ʃʊŋ,u.ʃʊŋ,uʃʊŋ,uʃʊŋ,uʃʊŋ,uʃʊŋ
u.ʃʊp,u.ʃʊp,uʃʊp,uʃʊp,uʃʊp,uʃʊp
u.ʃʊt,u.ʃʊt,uʃʊt,uʃʊt,uʃʊt,uʃʊt
u.ʃʊk,u.ʃʊk,uʃʊk,uʃʊk,uʃʊk,uʃʊk
u.ʃʊb,u.ʃʊb,uʃʊb,uʃʊb,uʃʊb,uʃʊb
u.ʃʊd,u.ʃʊd,uʃʊd,uʃʊd,uʃʊd,uʃʊd
u.ʃʊg,u.ʃʊg,uʃʊg,uʃʊg,uʃʊg,uʃʊg
u.ʃʊf,u.ʃʊf,uʃʊf,uʃʊf,uʃʊf,uʃʊf
u.ʃʊs,u.ʃʊs,uʃʊs,uʃʊs,uʃʊs,uʃʊs
u.ʃʊv,u.ʃʊv,uʃʊv,uʃʊv,uʃʊv,uʃʊv
u.ʃʊz,u.ʃʊz,uʃʊz,uʃʊz,uʃʊz,uʃʊz
u.ʃʊʃ,u.ʃʊʃ,uʃʊʃ,uʃʊʃ,uʃʊʃ,uʃʊʃ
u.ʃʊʒ,u.ʃʊʒ,uʃʊʒ,uʃʊʒ,uʃʊʒ,uʃʊʒ
u.ʃʊθ,u.ʃʊθ,uʃʊθ,uʃʊθ,uʃʊθ,uʃʊθ
u.ʃʊð,u.ʃʊð,uʃʊð,uʃʊð,uʃʊð,uʃʊð
u.ʒʊm,u.ʒʊm,uʒʊm,uʒʊm,uʒʊm,uʒʊm
u.ʒʊn,u.ʒʊn,uʒʊn,uʒʊn,uʒʊn,uʒʊn
u.ʒʊŋ,u.ʒʊŋ,uʒʊŋ,uʒʊŋ,uʒʊŋ,uʒʊŋ
u.ʒʊp,u.ʒʊp,uʒʊp,uʒʊp,uʒʊp,uʒʊp
u.ʒʊt,u.ʒʊt,uʒʊt,uʒʊt,uʒʊt,uʒʊt
u.ʒʊk,u.ʒʊk,uʒʊk,uʒʊk,uʒʊk,uʒʊk
u.ʒʊb,u.ʒʊb,uʒʊb,uʒʊb,uʒʊb,uʒʊb
u.ʒʊd,u.ʒʊd,uʒʊd,uʒʊd,uʒʊd,uʒʊd
u.ʒʊg,u.ʒʊg,uʒʊg,uʒʊg,uʒʊg,uʒʊg
u.ʒʊf,u.ʒʊf,uʒʊf,uʒʊf,uʒʊf,uʒʊf
u.ʒʊs,u.ʒʊs,uʒʊs,uʒʊs,uʒʊs,uʒʊs
u.ʒʊv,u.ʒʊv,uʒʊv,uʒʊv,uʒʊv,uʒʊv
u.ʒʊz,u.ʒʊz,uʒʊz,uʒʊz,uʒʊz,uʒʊz
u.ʒʊʃ,u.ʒʊʃ,uʒʊʃ,uʒʊʃ,uʒʊʃ,uʒʊʃ
u.ʒʊʒ,u.ʒʊʒ,uʒʊʒ,uʒʊʒ,uʒʊʒ,uʒʊʒ
u.ʒʊθ,u.ʒʊθ,uʒʊθ,uʒʊθ,uʒʊθ,uʒʊθ
u.ʒʊð,u.ʒʊð,uʒʊð,uʒʊð,uʒʊð,uʒʊð
u.θʊm,u.θʊm,uθʊm,uθʊm,uθʊm,uθʊm
u.θʊn,u.θʊn,uθʊn,uθʊn,uθʊn,uθʊn
u.θʊŋ,u.θʊŋ,uθʊŋ,uθʊŋ,uθʊŋ,uθʊŋ
u.θʊp,u.θʊp,uθʊp,uθʊp,uθʊp,uθʊp
u.θʊt,u.θʊt,uθʊt,uθʊt,uθʊt,uθʊt
u.θʊk,u.θʊk,uθʊk,uθʊk,uθʊk,uθʊk
u.θʊb,u.θʊb,uθʊb,uθʊb,uθʊb,uθʊb
u.θʊd,u.θʊd,uθʊd,uθʊd,uθʊd,uθʊd
u.θʊg,u.θʊg,uθʊg,uθʊg,uθʊg,uθʊg
u.θʊf,u.θʊf,uθʊf,uθʊf,uθʊf,uθʊf
u.θʊs,u.θʊs,uθʊs,uθʊs,uθʊs,uθʊs
u.θʊv,u.θʊv,uθʊv,uθʊv,uθʊv,uθʊv
u.θʊz,u.θʊz,uθʊz,uθʊz,uθʊz,uθʊz
u.θʊʃ,u.θʊʃ,uθʊʃ,uθʊʃ,uθʊʃ,uθʊʃ
u.θʊʒ,u.θʊʒ,uθʊʒ,uθʊʒ,uθʊʒ,uθʊʒ
u.θʊθ,u.θʊθ,uθʊθ,uθʊθ,uθʊθ,uθʊθ
u.θʊð,u.θʊð,uθʊð,uθʊð,uθʊð,uθʊð
u.ðʊm,u.ðʊm,uðʊm,uðʊm,uðʊm,uðʊm
u.ðʊn,u.ðʊn,uðʊn,uðʊn,uðʊn,uðʊn
u.ðʊŋ,u.ðʊŋ,uðʊŋ,uðʊŋ,uðʊŋ,uðʊŋ
u.ðʊp,u.ðʊp,uðʊp,uðʊp,uðʊp,uðʊp
u.ðʊt,u.ðʊt,uðʊt,uðʊt,uðʊt,uðʊt
u.ðʊk,u.ðʊk,uðʊk,uðʊk,uðʊk,uðʊk
u.ðʊb,u.ðʊb,uðʊb,uðʊb,uðʊb,uðʊb
u.ðʊd,u.ðʊd,uðʊd,uðʊd,uðʊd,uðʊd
u.ðʊg,u.ðʊg,uðʊg,uðʊg,uðʊg,uðʊg
u.ðʊf,u.ðʊf,uðʊf,uðʊf,uðʊf,uðʊf
u.ðʊs,u.ðʊs,uðʊs,uðʊs,uðʊs,uðʊs
u.ðʊv,u.ðʊv,uðʊv,uðʊv,uðʊv,uðʊv
u.ðʊz,u.ðʊz,uðʊz,uðʊz,uðʊz,uðʊz
u.ðʊʃ,u.ðʊʃ,uðʊʃ,uðʊʃ,uðʊʃ,uðʊʃ
u.ðʊʒ,u.ðʊʒ,uðʊʒ,uðʊʒ,uðʊʒ,uðʊʒ
u.ðʊθ,u.ðʊθ,uðʊθ,uðʊθ,uðʊθ,uðʊθ
u.ðʊð,u.ðʊð,uðʊð,uðʊð,uðʊð,uðʊð
u.hʊm,u.hʊm,uhʊm,uhʊm,uhʊm,uhʊm
u.hʊn,u.hʊn,uhʊn,uhʊn,uhʊn,uhʊn
u.hʊŋ,u.hʊŋ,uhʊŋ,uhʊŋ,uhʊŋ,uhʊŋ
u.hʊp,u.hʊp,uhʊp,uhʊp,uhʊp,uhʊp
u.hʊt,u.hʊt,uhʊt,uhʊt,uhʊt,uhʊt
u.hʊk,u.hʊk,uhʊk,uhʊk,uhʊk,uhʊk
u.hʊb,u.hʊb,uhʊb,uhʊb,uhʊb,uhʊb
u.hʊd,u.hʊd,uhʊd,uhʊd,uhʊd,uhʊd
u.hʊg,u.hʊg,uhʊg,uhʊg,uhʊg,uhʊg
u.hʊf,u.hʊf,uhʊf,uhʊf,uhʊf,uhʊf
u.hʊs,u.hʊs,uhʊs,uhʊs,uhʊs,uhʊs
u.hʊv,u.hʊv,uhʊv,uhʊv,uhʊv,uhʊv
u.hʊz,u.hʊz,uhʊz,uhʊz,uhʊz,uhʊz
u.hʊʃ,u.hʊʃ,uhʊʃ,uhʊʃ,uhʊʃ,uhʊʃ
u.hʊʒ,u.hʊʒ,uhʊʒ,uhʊʒ,uhʊʒ,uhʊʒ
u.hʊθ,u.hʊθ,uhʊθ,uhʊθ,uhʊθ,uhʊθ
u.hʊð,u.hʊð,uhʊð,uhʊð,uhʊð,uhʊð
u.mɔm,u.mɔm,umɔm,umɔm,umɔm,umɔm
u.mɔn,u.mɔn,umɔn,umɔn,umɔn,umɔn
u.mɔŋ,u.mɔŋ,umɔŋ,umɔŋ,umɔŋ,umɔŋ
u.mɔp,u.mɔp,umɔp,umɔp,umɔp,umɔp
u.mɔt,u.mɔt,umɔt,umɔt,umɔt,umɔt
u.mɔk,u.mɔk,umɔk,umɔk,umɔk,umɔk
u.mɔb,u.mɔb,umɔb,umɔb,umɔb,umɔb
u.mɔd,u.mɔd,umɔd,umɔd,umɔd,umɔd
u.mɔg,u.mɔg,umɔg,umɔg,umɔg,umɔg
u.mɔf,u.mɔf,umɔf,umɔf,umɔf,umɔf
u.mɔs,u.mɔs,umɔs,umɔs,umɔs,umɔs
u.mɔv,u.mɔv,umɔv,umɔv,umɔv,umɔv
u.mɔz,u.mɔz,umɔz,umɔz,umɔz,umɔz
u.mɔʃ,u.mɔʃ,umɔʃ,umɔʃ,umɔʃ,umɔʃ
u.mɔʒ,u.mɔʒ,umɔʒ,umɔʒ,umɔʒ,umɔʒ
u.mɔθ,u.mɔθ,umɔθ,umɔθ,umɔθ,umɔθ
u.mɔð,u.mɔð,umɔð,umɔð,umɔð,umɔð
u.nɔm,u.nɔm,unɔm,unɔm,unɔm,unɔm
u.nɔn,u.nɔn,unɔn,unɔn,unɔn,unɔn
u.nɔŋ,u.nɔŋ,unɔŋ,unɔŋ,unɔŋ,unɔŋ
u.nɔp,u.nɔp,unɔp,unɔp,unɔp,unɔp
u.nɔt,u.nɔt,unɔt,unɔt,unɔt,unɔt
u.nɔk,u.nɔk,unɔk,unɔk,unɔk,unɔk
u.nɔb,u.nɔb,unɔb,unɔb,unɔb,unɔb
u.nɔd,u.nɔd,unɔd,unɔd,unɔd,unɔd
u.nɔg,u.nɔg,unɔg,unɔg,unɔg,unɔg
u.nɔf,u.nɔf,unɔf,unɔf,unɔf,unɔf
u.nɔs,u.nɔs,unɔs,unɔs,unɔs,unɔs
u.nɔv,u.nɔv,unɔv,unɔv,unɔv,unɔv
u.nɔz,u.nɔz,unɔz,unɔz,unɔz,unɔz
u.nɔʃ,u.nɔʃ,unɔʃ,unɔʃ,unɔʃ,unɔʃ
u.nɔʒ,u.nɔʒ,unɔʒ,unɔʒ,unɔʒ,unɔʒ
u.nɔθ,u.nɔθ,unɔθ,unɔθ,unɔθ,unɔθ
u.nɔð,u.nɔð,unɔð,unɔð,unɔð,unɔð
u.pɔm,u.pɔm,upɔm,upɔm,upɔm,upɔm
u.pɔn,u.pɔn,upɔn,upɔn,upɔn,upɔn
u.pɔŋ,u.pɔŋ,upɔŋ,upɔŋ,upɔŋ,upɔŋ
u.pɔp,u.pɔp,upɔp,upɔp,upɔp,upɔp
u.pɔt,u.pɔt,upɔt,upɔt,upɔt,upɔt
u.pɔk,u.pɔk,upɔk,upɔk,upɔk,upɔk
u.pɔb,u.pɔb,upɔb,upɔb,upɔb,upɔb
u.pɔd,u.pɔd,upɔd,upɔd,upɔd,upɔd
u.pɔg,u.pɔg,upɔg,upɔg,upɔg,upɔg
u.pɔf,u.pɔf,upɔf,upɔf,upɔf,upɔf
u.pɔs,u.pɔs,upɔs,upɔs,upɔs,upɔs
u.pɔv,u.pɔv,upɔv,upɔv,upɔv,upɔv
u.pɔz,u.pɔz,upɔz,upɔz,upɔz,upɔz
u.pɔʃ,u.pɔʃ,upɔʃ,upɔʃ,upɔʃ,upɔʃ
u.pɔʒ,u.pɔʒ,upɔʒ,upɔʒ,upɔʒ,upɔʒ
u.pɔθ,u.pɔθ,upɔθ,upɔθ,upɔθ,upɔθ
u.pɔð,u.pɔð,upɔð,upɔð,upɔð,upɔð
u.tɔm,u.tɔm,utɔm,utɔm,utɔm,utɔm
u.tɔn,u.tɔn,utɔn,utɔn,utɔn,utɔn
u.tɔŋ,u.tɔŋ,utɔŋ,utɔŋ,utɔŋ,utɔŋ
u.tɔp,u.tɔp,utɔp,utɔp,utɔp,utɔp
u.tɔt,u.tɔt,utɔt,utɔt,utɔt,utɔt
u.tɔk,u.tɔk,utɔk,utɔk,utɔk,utɔk
u.tɔb,u.tɔb,utɔb,utɔb,utɔb,utɔb
u.tɔd,u.tɔd,utɔd,utɔd,utɔd,utɔd
u.tɔg,u.tɔg,utɔg,utɔg,utɔg,utɔg
u.tɔf,u.tɔf,utɔf,utɔf,utɔf,utɔf
u.tɔs,u.tɔs,utɔs,utɔs,utɔs,utɔs
u.tɔv,u.tɔv,utɔv,utɔv,utɔv,utɔv
u.tɔz,u.tɔz,utɔz,utɔz,utɔz,utɔz
u.tɔʃ,u.tɔʃ,utɔʃ,utɔʃ,utɔʃ,utɔʃ
u.tɔʒ,u.tɔʒ,utɔʒ,utɔʒ,utɔʒ,utɔʒ
u.tɔθ,u.tɔθ,utɔθ,utɔθ,utɔθ,utɔθ
u.tɔð,u.tɔð,utɔð,utɔð,utɔð,utɔð
u.kɔm,u.kɔm,ukɔm,ukɔm,ukɔm,ukɔm
u.kɔn,u.kɔn,ukɔn,ukɔn,ukɔn,ukɔn
u.kɔŋ,u.kɔŋ,ukɔŋ,ukɔŋ,ukɔŋ,ukɔŋ
u.kɔp,u.kɔp,ukɔp,ukɔp,ukɔp,ukɔp
u.kɔt,u.kɔt,ukɔt,ukɔt,ukɔt,ukɔt
u.kɔk,u.kɔk,ukɔk,ukɔk,ukɔk,ukɔk
u.kɔb,u.kɔb,ukɔb,ukɔb,ukɔb,ukɔb
u.kɔd,u.kɔd,ukɔd,ukɔd,ukɔd,ukɔd
u.kɔg,u.kɔg,ukɔg,ukɔg,ukɔg,ukɔg
u.kɔf,u.kɔf,ukɔf,ukɔf,ukɔf,ukɔf
u.kɔs,u.kɔs,ukɔs,ukɔs,ukɔs,ukɔs
u.kɔv,u.kɔv,ukɔv,ukɔv,ukɔv,ukɔv
u.kɔz,u.kɔz,ukɔz,ukɔz,ukɔz,ukɔz
u.kɔʃ,u.kɔʃ,ukɔʃ,ukɔʃ,ukɔʃ,ukɔʃ
u.kɔʒ,u.kɔʒ,ukɔʒ,ukɔʒ,ukɔʒ,ukɔʒ
u.kɔθ,u.kɔθ,ukɔθ,ukɔθ,ukɔθ,ukɔθ
u.kɔð,u.kɔð,ukɔð,ukɔð,ukɔð,ukɔð
u.bɔm,u.bɔm,ubɔm,ubɔm,ubɔm,ubɔm
u.bɔn,u.bɔn,ubɔn,ubɔn,ubɔn,ubɔn
u.bɔŋ,u.bɔŋ,ubɔŋ,ubɔŋ,ubɔŋ,ubɔŋ
u.bɔp,u.bɔp,ubɔp,ubɔp,ubɔp,ubɔp
u.bɔt,u.bɔt,ubɔt,ubɔt,ubɔt,ubɔt
u.bɔk,u.bɔk,ubɔk,ubɔk,ubɔk,ubɔk
u.bɔb,u.bɔb,ubɔb,ubɔb,ubɔb,ubɔb
u.bɔd,u.bɔd,ubɔd,ubɔd,ubɔd,ubɔd
u.bɔg,u.bɔg,ubɔg,ubɔg,ubɔg,ubɔg
u.bɔf,u.bɔf,ubɔf,ubɔf,ubɔf,ubɔf
u.bɔs,u.bɔs,ubɔs,ubɔs,ubɔs,ubɔs
u.bɔv,u.bɔv,ubɔv,ubɔv,ubɔv,ubɔv
u.bɔz,u.bɔz,ubɔz,ubɔz,ubɔz,ubɔz
u.bɔʃ,u.bɔʃ,ubɔʃ,ubɔʃ,ubɔʃ,ubɔʃ
u.bɔʒ,u.bɔʒ,ubɔʒ,ubɔʒ,ubɔʒ,ubɔʒ
u.bɔθ,u.bɔθ,ubɔθ,ubɔθ,ubɔθ,ubɔθ
u.bɔð,u.bɔð,ubɔð,ubɔð,ubɔð,ubɔð
u.dɔm,u.dɔm,udɔm,udɔm,udɔm,udɔm
u.dɔn,u.dɔn,udɔn,udɔn,udɔn,udɔn
u.dɔŋ,u.dɔŋ,udɔŋ,udɔŋ,udɔŋ,udɔŋ
u.dɔp,u.dɔp,udɔp,udɔp,udɔp,udɔp
u.dɔt,u.dɔt,udɔt,udɔt,udɔt,udɔt
u.dɔk,u.dɔk,udɔk,udɔk,udɔk,udɔk
u.dɔb,u.dɔb,udɔb,udɔb,udɔb,udɔb
u.dɔd,u.dɔd,udɔd,udɔd,udɔd,udɔd
u.dɔg,u.dɔg,udɔg,udɔg,udɔg,udɔg
u.dɔf,u.dɔf,udɔf,udɔf,udɔf,udɔf
u.dɔs,u.dɔs,udɔs,udɔs,udɔs,udɔs
u.dɔv,u.dɔv,udɔv,udɔv,udɔv,udɔv
u.dɔz,u.dɔz,udɔz,udɔz,udɔz,udɔz
u.dɔʃ,u.dɔʃ,udɔʃ,udɔʃ,udɔʃ,udɔʃ
u.dɔʒ,u.dɔʒ,udɔʒ,udɔʒ,udɔʒ,udɔʒ
u.dɔθ,u.dɔθ,udɔθ,udɔθ,udɔθ,udɔθ
u.dɔð,u.dɔð,udɔð,udɔð,udɔð,udɔð
u.gɔm,u.gɔm,ugɔm,ugɔm,ugɔm,ugɔm
u.gɔn,u.gɔn,ugɔn,ugɔn,ugɔn,ugɔn
u.gɔŋ,u.gɔŋ,ugɔŋ,ugɔŋ,ugɔŋ,ugɔŋ
u.gɔp,u.gɔp,ugɔp,ugɔp,ugɔp,ugɔp
u.gɔt,u.gɔt,ugɔt,ugɔt,ugɔt,ugɔt
u.gɔk,u.gɔk,ugɔk,ugɔk,ugɔk,ugɔk
u.gɔb,u.gɔb,ugɔb,ugɔb,ugɔb,ugɔb
u.gɔd,u.gɔd,ugɔd,ugɔd,ugɔd,ugɔd
u.gɔg,u.gɔg,ugɔg,ugɔg,ugɔg,ugɔg
u.gɔf,u.gɔf,ugɔf,ugɔf,ugɔf,ugɔf
u.gɔs,u.gɔs,ugɔs,ugɔs,ugɔs,ugɔs
u.gɔv,u.gɔv,ugɔv,ugɔv,ugɔv,ugɔv
u.gɔz,u.gɔz,ugɔz,ugɔz,ugɔz,ugɔz
u.gɔʃ,u.gɔʃ,ugɔʃ,ugɔʃ,ugɔʃ,ugɔʃ
u.gɔʒ,u.gɔʒ,ugɔʒ,ugɔʒ,ugɔʒ,ugɔʒ
u.gɔθ,u.gɔθ,ugɔθ,ugɔθ,ugɔθ,ugɔθ
u.gɔð,u.gɔð,ugɔð,ugɔð,ugɔð,ugɔð
u.fɔm,u.fɔm,ufɔm,ufɔm,ufɔm,ufɔm
u.fɔn,u.fɔn,ufɔn,ufɔn,ufɔn,ufɔn
u.fɔŋ,u.fɔŋ,ufɔŋ,ufɔŋ,ufɔŋ,ufɔŋ
u.fɔp,u.fɔp,ufɔp,ufɔp,ufɔp,ufɔp
u.fɔt,u.fɔt,ufɔt,ufɔt,ufɔt,ufɔt
u.fɔk,u.fɔk,ufɔk,ufɔk,ufɔk,ufɔk
u.fɔb,u.fɔb,ufɔb,ufɔb,ufɔb,ufɔb
u.fɔd,u.fɔd,ufɔd,ufɔd,ufɔd,ufɔd
u.fɔg,u.fɔg,ufɔg,ufɔg,ufɔg,ufɔg
u.fɔf,u.fɔf,ufɔf,ufɔf,ufɔf,ufɔf
u.fɔs,u.fɔs,ufɔs,ufɔs,ufɔs,ufɔs
u.fɔv,u.fɔv,ufɔv,ufɔv,ufɔv,ufɔv
u.fɔz,u.fɔz,ufɔz,ufɔz,ufɔz,ufɔz
u.fɔʃ,u.fɔʃ,ufɔʃ,ufɔʃ,ufɔʃ,ufɔʃ
u.fɔʒ,u.fɔʒ,ufɔʒ,ufɔʒ,ufɔʒ,ufɔʒ
u.fɔθ,u.fɔθ,ufɔθ,ufɔθ,ufɔθ,ufɔθ
u.fɔð,u.fɔð,ufɔð,ufɔð,ufɔð,ufɔð
u.sɔm,u.sɔm,usɔm,usɔm,usɔm,usɔm
u.sɔn,u.sɔn,usɔn,usɔn,usɔn,usɔn
u.sɔŋ,u.sɔŋ,usɔŋ,usɔŋ,usɔŋ,usɔŋ
u.sɔp,u.sɔp,usɔp,usɔp,usɔp,usɔp
u.sɔt,u.sɔt,usɔt,usɔt,usɔt,usɔt
u.sɔk,u.sɔk,usɔk,usɔk,usɔk,usɔk
u.sɔb,u.sɔb,usɔb,usɔb,usɔb,usɔb
u.sɔd,u.sɔd,usɔd,usɔd,usɔd,usɔd
u.sɔg,u.sɔg,usɔg,usɔg,usɔg,usɔg
u.sɔf,u.sɔf,usɔf,usɔf,usɔf,usɔf
u.sɔs,u.sɔs,usɔs,usɔs,usɔs,usɔs
u.sɔv,u.sɔv,usɔv,usɔv,usɔv,usɔv
u.sɔz,u.sɔz,usɔz,usɔz,usɔz,usɔz
u.sɔʃ,u.sɔʃ,usɔʃ,usɔʃ,usɔʃ,usɔʃ
u.sɔʒ,u.sɔʒ,usɔʒ,usɔʒ,usɔʒ,usɔʒ
u.sɔθ,u.sɔθ,usɔθ,usɔθ,usɔθ,usɔθ
u.sɔð,u.sɔð,usɔð,usɔð,usɔð,usɔð
u.vɔm,u.vɔm,uvɔm,uvɔm,uvɔm,uvɔm
u.vɔn,u.vɔn,uvɔn,uvɔn,uvɔn,uvɔn
u.vɔŋ,u.vɔŋ,uvɔŋ,uvɔŋ,uvɔŋ,uvɔŋ
u.vɔp,u.vɔp,uvɔp,uvɔp,uvɔp,uvɔp
u.vɔt,u.vɔt,uvɔt,uvɔt,uvɔt,uvɔt
u.vɔk,u.vɔk,uvɔk,uvɔk,uvɔk,uvɔk
u.vɔb,u.vɔb,uvɔb,uvɔb,uvɔb,uvɔb
u.vɔd,u.vɔd,uvɔd,uvɔd,uvɔd,uvɔd
u.vɔg,u.vɔg,uvɔg,uvɔg,uvɔg,uvɔg
u.vɔf,u.vɔf,uvɔf,uvɔf,uvɔf,uvɔf
u.vɔs,u.vɔs,uvɔs,uvɔs,uvɔs,uvɔs
u.vɔv,u.vɔv,uvɔv,uvɔv,uvɔv,uvɔv
u.vɔz,u.vɔz,uvɔz,uvɔz,uvɔz,uvɔz
u.vɔʃ,u.vɔʃ,uvɔʃ,uvɔʃ,uvɔʃ,uvɔʃ
u.vɔʒ,u.vɔʒ,uvɔʒ,uvɔʒ,uvɔʒ,uvɔʒ
u.vɔθ,u.vɔθ,uvɔθ,uvɔθ,uvɔθ,uvɔθ
u.vɔð,u.vɔð,uvɔð,uvɔð,uvɔð,uvɔð
u.zɔm,u.zɔm,uzɔm,uzɔm,uzɔm,uzɔm
u.zɔn,u.zɔn,uzɔn,uzɔn,uzɔn,uzɔn
u.zɔŋ,u.zɔŋ,uzɔŋ,uzɔŋ,uzɔŋ,uzɔŋ
u.zɔp,u.zɔp,uzɔp,uzɔp,uzɔp,uzɔp
u.zɔt,u.zɔt,uzɔt,uzɔt,uzɔt,uzɔt
u.zɔk,u.zɔk,uzɔk,uzɔk,uzɔk,uzɔk
u.zɔb,u.zɔb,uzɔb,uzɔb,uzɔb,uzɔb
u.zɔd,u.zɔd,uzɔd,uzɔd,uzɔd,uzɔd
u.zɔg,u.zɔg,uzɔg,uzɔg,uzɔg,uzɔg
u.zɔf,u.zɔf,uzɔf,uzɔf,uzɔf,uzɔf
u.zɔs,u.zɔs,uzɔs,uzɔs,uzɔs,uzɔs
u.zɔv,u.zɔv,uzɔv,uzɔv,uzɔv,uzɔv
u.zɔz,u.zɔz,uzɔz,uzɔz,uzɔz,uzɔz
u.zɔʃ,u.zɔʃ,uzɔʃ,uzɔʃ,uzɔʃ,uzɔʃ
u.zɔʒ,u.zɔʒ,uzɔʒ,uzɔʒ,uzɔʒ,uzɔʒ
u.zɔθ,u.zɔθ,uzɔθ,uzɔθ,uzɔθ,uzɔθ
u.zɔð,u.zɔð,uzɔð,uzɔð,uzɔð,uzɔð
u.ʃɔm,u.ʃɔm,uʃɔm,uʃɔm,uʃɔm,uʃɔm
u.ʃɔn,u.ʃɔn,uʃɔn,uʃɔn,uʃɔn,uʃɔn
u.ʃɔŋ,u.ʃɔŋ,uʃɔŋ,uʃɔŋ,uʃɔŋ,uʃɔŋ
u.ʃɔp,u.ʃɔp,uʃɔp,uʃɔp,uʃɔp,uʃɔp
u.ʃɔt,u.ʃɔt,uʃɔt,uʃɔt,uʃɔt,uʃɔt
u.ʃɔk,u.ʃɔk,uʃɔk,uʃɔk,uʃɔk,uʃɔk
u.ʃɔb,u.ʃɔb,uʃɔb,uʃɔb,uʃɔb,uʃɔb
u.ʃɔd,u.ʃɔd,uʃɔd,uʃɔd,uʃɔd,uʃɔd
u.ʃɔg,u.ʃɔg,uʃɔg,uʃɔg,uʃɔg,uʃɔg
u.ʃɔf,u.ʃɔf,uʃɔf,uʃɔf,uʃɔf,uʃɔf
u.ʃɔs,u.ʃɔs,uʃɔs,uʃɔs,uʃɔs,uʃɔs
u.ʃɔv,u.ʃɔv,uʃɔv,uʃɔv,uʃɔv,uʃɔv
u.ʃɔz,u.ʃɔz,uʃɔz,uʃɔz,uʃɔz,uʃɔz
u.ʃɔʃ,u.ʃɔʃ,uʃɔʃ,uʃɔʃ,uʃɔʃ,uʃɔʃ
u.ʃɔʒ,u.ʃɔʒ,uʃɔʒ,uʃɔʒ,uʃɔʒ,uʃɔʒ
u.ʃɔθ,u.ʃɔθ,uʃɔθ,uʃɔθ,uʃɔθ,uʃɔθ
u.ʃɔð,u.ʃɔð,uʃɔð,uʃɔð,uʃɔð,uʃɔð
u.ʒɔm,u.ʒɔm,uʒɔm,uʒɔm,uʒɔm,uʒɔm
u.ʒɔn,u.ʒɔn,uʒɔn,uʒɔn,uʒɔn,uʒɔn
u.ʒɔŋ,u.ʒɔŋ,uʒɔŋ,uʒɔŋ,uʒɔŋ,uʒɔŋ
u.ʒɔp,u.ʒɔp,uʒɔp,uʒɔp,uʒɔp,uʒɔp
u.ʒɔt,u.ʒɔt,uʒɔt,uʒɔt,uʒɔt,uʒɔt
u.ʒɔk,u.ʒɔk,uʒɔk,uʒɔk,uʒɔk,uʒɔk
u.ʒɔb,u.ʒɔb,uʒɔb,uʒɔb,uʒɔb,uʒɔb
u.ʒɔd,u.ʒɔd,uʒɔd,uʒɔd,uʒɔd,uʒɔd
u.ʒɔg,u.ʒɔg,uʒɔg,uʒɔg,uʒɔg,uʒɔg
u.ʒɔf,u.ʒɔf,uʒɔf,uʒɔf,uʒɔf,uʒɔf
u.ʒɔs,u.ʒɔs,uʒɔs,uʒɔs,uʒɔs,uʒɔs
u.ʒɔv,u.ʒɔv,uʒɔv,uʒɔv,uʒɔv,uʒɔv
u.ʒɔz,u.ʒɔz,uʒɔz,uʒɔz,uʒɔz,uʒɔz
u.ʒɔʃ,u.ʒɔʃ,uʒɔʃ,uʒɔʃ,uʒɔʃ,uʒɔʃ
u.ʒɔʒ,u.ʒɔʒ,uʒɔʒ,uʒɔʒ,uʒɔʒ,uʒɔʒ
u.ʒɔθ,u.ʒɔθ,uʒɔθ,uʒɔθ,uʒɔθ,uʒɔθ
u.ʒɔð,u.ʒɔð,uʒɔð,uʒɔð,uʒɔð,uʒɔð
u.θɔm,u.θɔm,uθɔm,uθɔm,uθɔm,uθɔm
u.θɔn,u.θɔn,uθɔn,uθɔn,uθɔn,uθɔn
u.θɔŋ,u.θɔŋ,uθɔŋ,uθɔŋ,uθɔŋ,uθɔŋ
u.θɔp,u.θɔp,uθɔp,uθɔp,uθɔp,uθɔp
u.θɔt,u.θɔt,uθɔt,uθɔt,uθɔt,uθɔt
u.θɔk,u.θɔk,uθɔk,uθɔk,uθɔk,uθɔk
u.θɔb,u.θɔb,uθɔb,uθɔb,uθɔb,uθɔb
u.θɔd,u.θɔd,uθɔd,uθɔd,uθɔd,uθɔd
u.θɔg,u.θɔg,uθɔg,uθɔg,uθɔg,uθɔg
u.θɔf,u.θɔf,uθɔf,uθɔf,uθɔf,uθɔf
u.θɔs,u.θɔs,uθɔs,uθɔs,uθɔs,uθɔs
u.θɔv,u.θɔv,uθɔv,uθɔv,uθɔv,uθɔv
u.θɔz,u.θɔz,uθɔz,uθɔz,uθɔz,uθɔz
u.θɔʃ,u.θɔʃ,uθɔʃ,uθɔʃ,uθɔʃ,uθɔʃ
u.θɔʒ,u.θɔʒ,uθɔʒ,uθɔʒ,uθɔʒ,uθɔʒ
u.θɔθ,u.θɔθ,uθɔθ,uθɔθ,uθɔθ,uθɔθ
u.θɔð,u.θɔð,uθɔð,uθɔð,uθɔð,uθɔð
u.ðɔm,u.ðɔm,uðɔm,uðɔm,uðɔm,uðɔm
u.ðɔn,u.ðɔn,uðɔn,uðɔn,uðɔn,uðɔn
u.ðɔŋ,u.ðɔŋ,uðɔŋ,uðɔŋ,uðɔŋ,uðɔŋ
u.ðɔp,u.ðɔp,uðɔp,uðɔp,uðɔp,uðɔp
u.ðɔt,u.ðɔt,uðɔt,uðɔt,uðɔt,uðɔt
u.ðɔk,u.ðɔk,uðɔk,uðɔk,uðɔk,uðɔk
u.ðɔb,u.ðɔb,uðɔb,uðɔb,uðɔb,uðɔb
u.ðɔd,u.ðɔd,uðɔd,uðɔd,uðɔd,uðɔd
u.ðɔg,u.ðɔg,uðɔg,uðɔg,uðɔg,uðɔg
u.ðɔf,u.ðɔf,uðɔf,uðɔf,uðɔf,uðɔf
u.ðɔs,u.ðɔs,uðɔs,uðɔs,uðɔs,uðɔs
u.ðɔv,u.ðɔv,uðɔv,uðɔv,uðɔv,uðɔv
u.ðɔz,u.ðɔz,uðɔz,uðɔz,uðɔz,uðɔz
u.ðɔʃ,u.ðɔʃ,uðɔʃ,uðɔʃ,uðɔʃ,uðɔʃ
u.ðɔʒ,u.ðɔʒ,uðɔʒ,uðɔʒ,uðɔʒ,uðɔʒ
u.ðɔθ,u.ðɔθ,uðɔθ,uðɔθ,uðɔθ,uðɔθ
u.ðɔð,u.ðɔð,uðɔð,uðɔð,uðɔð,uðɔð
u.hɔm,u.hɔm,uhɔm,uhɔm,uhɔm,uhɔm
u.hɔn,u.hɔn,uhɔn,uhɔn,uhɔn,uhɔn
u.hɔŋ,u.hɔŋ,uhɔŋ,uhɔŋ,uhɔŋ,uhɔŋ
u.hɔp,u.hɔp,uhɔp,uhɔp,uhɔp,uhɔp
u.hɔt,u.hɔt,uhɔt,uhɔt,uhɔt,uhɔt
u.hɔk,u.hɔk,uhɔk,uhɔk,uhɔk,uhɔk
u.hɔb,u.hɔb,uhɔb,uhɔb,uhɔb,uhɔb
u.hɔd,u.hɔd,uhɔd,uhɔd,uhɔd,uhɔd
u.hɔg,u.hɔg,uhɔg,uhɔg,uhɔg,uhɔg
u.hɔf,u.hɔf,uhɔf,uhɔf,uhɔf,uhɔf
u.hɔs,u.hɔs,uhɔs,uhɔs,uhɔs,uhɔs
u.hɔv,u.hɔv,uhɔv,uhɔv,uhɔv,uhɔv
u.hɔz,u.hɔz,uhɔz,uhɔz,uhɔz,uhɔz
u.hɔʃ,u.hɔʃ,uhɔʃ,uhɔʃ,uhɔʃ,uhɔʃ
u.hɔʒ,u.hɔʒ,uhɔʒ,uhɔʒ,uhɔʒ,uhɔʒ
u.hɔθ,u.hɔθ,uhɔθ,uhɔθ,uhɔθ,uhɔθ
u.hɔð,u.hɔð,uhɔð,uhɔð,uhɔð,uhɔð
o.mɪm,o.mɪm,omɪm,omɪm,oʊmɪm,oʊmɪm
o.mɪn,o.mɪn,omɪn,omɪn,oʊmɪn,oʊmɪn
o.mɪŋ,o.mɪŋ,omɪŋ,omɪŋ,oʊmɪŋ,oʊmɪŋ
o.mɪp,o.mɪp,omɪp,omɪp,oʊmɪp,oʊmɪp
o.mɪt,o.mɪt,omɪt,omɪt,oʊmɪt,oʊmɪt
o.mɪk,o.mɪk,omɪk,omɪk,oʊmɪk,oʊmɪk
o.mɪb,o.mɪb,omɪb,omɪb,oʊmɪb,oʊmɪb
o.mɪd,o.mɪd,omɪd,omɪd,oʊmɪd,oʊmɪd
o.mɪg,o.mɪg,omɪg,omɪg,oʊmɪg,oʊmɪg
o.mɪf,o.mɪf,omɪf,omɪf,oʊmɪf,oʊmɪf
o.mɪs,o.mɪs,omɪs,omɪs,oʊmɪs,oʊmɪs
o.mɪv,o.mɪv,omɪv,omɪv,oʊmɪv,oʊmɪv
o.mɪz,o.mɪz,omɪz,omɪz,oʊmɪz,oʊmɪz
o.mɪʃ,o.mɪʃ,omɪʃ,omɪʃ,oʊmɪʃ,oʊmɪʃ
o.mɪʒ,o.mɪʒ,omɪʒ,omɪʒ,oʊmɪʒ,oʊmɪʒ
o.mɪθ,o.mɪθ,omɪθ,omɪθ,oʊmɪθ,oʊmɪθ
o.mɪð,o.mɪð,omɪð,omɪð,oʊmɪð,oʊmɪð
o.nɪm,o.nɪm,onɪm,onɪm,oʊnɪm,oʊnɪm
o.nɪn,o.nɪn,onɪn,onɪn,oʊnɪn,oʊnɪn
o.nɪŋ,o.nɪŋ,onɪŋ,onɪŋ,oʊnɪŋ,oʊnɪŋ
o.nɪp,o.nɪp,onɪp,onɪp,oʊnɪp,oʊnɪp
o.nɪt,o.nɪt,onɪt,onɪt,oʊnɪt,oʊnɪt
o.nɪk,o.nɪk,onɪk,onɪk,oʊnɪk,oʊnɪk
o.nɪb,o.nɪb,onɪb,onɪb,oʊnɪb,oʊnɪb
o.nɪd,o.nɪd,onɪd,onɪd,oʊnɪd,oʊnɪd
o.nɪg,o.nɪg,onɪg,onɪg,oʊnɪg,oʊnɪg
o.nɪf,o.nɪf,onɪf,onɪf,oʊnɪf,oʊnɪf
o.nɪs,o.nɪs,onɪs,onɪs,oʊnɪs,oʊnɪs
o.nɪv,o.nɪv,onɪv,onɪv,oʊnɪv,oʊnɪv
o.nɪz,o.nɪz,onɪz,onɪz,oʊnɪz,oʊnɪz
o.nɪʃ,o.nɪʃ,onɪʃ,onɪʃ,oʊnɪʃ,oʊnɪʃ
o.nɪʒ,o.nɪʒ,onɪʒ,onɪʒ,oʊnɪʒ,oʊnɪʒ
o.nɪθ,o.nɪθ,onɪθ,onɪθ,oʊnɪθ,oʊnɪθ
o.nɪð,o.nɪð,onɪð,onɪð,oʊnɪð,oʊnɪð
o.pɪm,o.pɪm,opɪm,opɪm,oʊpɪm,oʊpɪm
o.pɪn,o.pɪn,opɪn,opɪn,oʊpɪn,oʊpɪn
o.pɪŋ,o.pɪŋ,opɪŋ,opɪŋ,oʊpɪŋ,oʊpɪŋ
o.pɪp,o.pɪp,opɪp,opɪp,oʊpɪp,oʊpɪp
o.pɪt,o.pɪt,opɪt,opɪt,oʊpɪt,oʊpɪt
o.pɪk,o.pɪk,opɪk,opɪk,oʊpɪk,oʊpɪk
o.pɪb,o.pɪb,opɪb,opɪb,oʊpɪb,oʊpɪb
o.pɪd,o.pɪd,opɪd,opɪd,oʊpɪd,oʊpɪd
o.pɪg,o.pɪg,opɪg,opɪg,oʊpɪg,oʊpɪg
o.pɪf,o.pɪf,opɪf,opɪf,oʊpɪf,oʊpɪf
o.pɪs,o.pɪs,opɪs,opɪs,oʊpɪs,oʊpɪs
o.pɪv,o.pɪv,opɪv,opɪv,oʊpɪv,oʊpɪv
o.pɪz,o.pɪz,opɪz,opɪz,oʊpɪz,oʊpɪz
o.pɪʃ,o.pɪʃ,opɪʃ,opɪʃ,oʊpɪʃ,oʊpɪʃ
o.pɪʒ,o.pɪʒ,opɪʒ,opɪʒ,oʊpɪʒ,oʊpɪʒ
o.pɪθ,o.pɪθ,opɪθ,opɪθ,oʊpɪθ,oʊpɪθ
o.pɪð,o.pɪð,opɪð,opɪð,oʊpɪð,oʊpɪð
o.tɪm,o.tɪm,otɪm,otɪm,oʊtɪm,oʊtɪm
o.tɪn,o.tɪn,otɪn,otɪn,oʊtɪn,oʊtɪn
o.tɪŋ,o.tɪŋ,otɪŋ,otɪŋ,oʊtɪŋ,oʊtɪŋ
o.tɪp,o.tɪp,otɪp,otɪp,oʊtɪp,oʊtɪp
o.tɪt,o.tɪt,otɪt,otɪt,oʊtɪt,oʊtɪt
o.tɪk,o.tɪk,otɪk,otɪk,oʊtɪk,oʊtɪk
o.tɪb,o.tɪb,otɪb,otɪb,oʊtɪb,oʊtɪb
o.tɪd,o.tɪd,otɪd,otɪd,oʊtɪd,oʊtɪd
o.tɪg,o.tɪg,otɪg,otɪg,oʊtɪg,oʊtɪg
o.tɪf,o.tɪf,otɪf,otɪf,oʊtɪf,oʊtɪf
o.tɪs,o.tɪs,otɪs,otɪs,oʊtɪs,oʊtɪs
o.tɪv,o.tɪv,otɪv,otɪv,oʊtɪv,oʊtɪv
o.tɪz,o.tɪz,otɪz,otɪz,oʊtɪz,oʊtɪz
o.tɪʃ,o.tɪʃ,otɪʃ,otɪʃ,oʊtɪʃ,oʊtɪʃ
o.tɪʒ,o.tɪʒ,otɪʒ,otɪʒ,oʊtɪʒ,oʊtɪʒ
o.tɪθ,o.tɪθ,otɪθ,otɪθ,oʊtɪθ,oʊtɪθ
o.tɪð,o.tɪð,otɪð,otɪð,oʊtɪð,oʊtɪð
o.kɪm,o.kɪm,okɪm,okɪm,oʊkɪm,oʊkɪm
o.kɪn,o.kɪn,okɪn,okɪn,oʊkɪn,oʊkɪn
o.kɪŋ,o.kɪŋ,okɪŋ,okɪŋ,oʊkɪŋ,oʊkɪŋ
o.kɪp,o.kɪp,okɪp,okɪp,oʊkɪp,oʊkɪp
o.kɪt,o.kɪt,okɪt,okɪt,oʊkɪt,oʊkɪt
o.kɪk,o.kɪk,okɪk,okɪk,oʊkɪk,oʊkɪk
o.kɪb,o.kɪb,okɪb,okɪb,oʊkɪb,oʊkɪb
o.kɪd,o.kɪd,okɪd,okɪd,oʊkɪd,oʊkɪd
o.kɪg,o.kɪg,okɪg,okɪg,oʊkɪg,oʊkɪg
o.kɪf,o.kɪf,okɪf,okɪf,oʊkɪf,oʊkɪf
o.kɪs,o.kɪs,okɪs,okɪs,oʊkɪs,oʊkɪs
o.kɪv,o.kɪv,okɪv,okɪv,oʊkɪv,oʊkɪv
o.kɪz,o.kɪz,okɪz,okɪz,oʊkɪz,oʊkɪz
o.kɪʃ,o.kɪʃ,okɪʃ,okɪʃ,oʊkɪʃ,oʊkɪʃ
o.kɪʒ,o.kɪʒ,okɪʒ,okɪʒ,oʊkɪʒ,oʊkɪʒ
o.kɪθ,o.kɪθ,okɪθ,okɪθ,oʊkɪθ,oʊkɪθ
o.kɪð,o.kɪð,okɪð,okɪð,oʊkɪð,oʊkɪð
o.bɪm,o.bɪm,obɪm,obɪm,oʊbɪm,oʊbɪm
o.bɪn,o.bɪn,obɪn,obɪn,oʊbɪn,oʊbɪn
o.bɪŋ,o.bɪŋ,obɪŋ,obɪŋ,oʊbɪŋ,oʊbɪŋ
o.bɪp,o.bɪp,obɪp,obɪp,oʊbɪp,oʊbɪp
o.bɪt,o.bɪt,obɪt,obɪt,oʊbɪt,oʊbɪt
o.bɪk,o.bɪk,obɪk,obɪk,oʊbɪk,oʊbɪk
o.bɪb,o.bɪb,obɪb,obɪb,oʊbɪb,oʊbɪb
o.bɪd,o.bɪd,obɪd,obɪd,oʊbɪd,oʊbɪd
o.bɪg,o.bɪg,obɪg,obɪg,oʊbɪg,oʊbɪg
o.bɪf,o.bɪf,obɪf,obɪf,oʊbɪf,oʊbɪf
o.bɪs,o.bɪs,obɪs,obɪs,oʊbɪs,oʊbɪs
o.bɪv,o.bɪv,obɪv,obɪv,oʊbɪv,oʊbɪv
o.bɪz,o.bɪz,obɪz,obɪz,oʊbɪz,oʊbɪz
o.bɪʃ,o.bɪʃ,obɪʃ,obɪʃ,oʊbɪʃ,oʊbɪʃ
o.bɪʒ,o.bɪʒ,obɪʒ,obɪʒ,oʊbɪʒ,oʊbɪʒ
o.bɪθ,o.bɪθ,obɪθ,obɪθ,oʊbɪθ,oʊbɪθ
o.bɪð,o.bɪð,obɪð,obɪð,oʊbɪð,oʊbɪð
o.dɪm,o.dɪm,odɪm,odɪm,oʊdɪm,oʊdɪm
o.dɪn,o.dɪn,odɪn,odɪn,oʊdɪn,oʊdɪn
o.dɪŋ,o.dɪŋ,odɪŋ,odɪŋ,oʊdɪŋ,oʊdɪŋ
o.dɪp,o.dɪp,odɪp,odɪp,oʊdɪp,oʊdɪp
o.dɪt,o.dɪt,odɪt,odɪt,oʊdɪt,oʊdɪt
o.dɪk,o.dɪk,odɪk,odɪk,oʊdɪk,oʊdɪk
o.dɪb,o.dɪb,odɪb,odɪb,oʊdɪb,oʊdɪb
o.dɪd,o.dɪd,odɪd,odɪd,oʊdɪd,oʊdɪd
o.dɪg,o.dɪg,odɪg,odɪg,oʊdɪg,oʊdɪg
o.dɪf,o.dɪf,odɪf,odɪf,oʊdɪf,oʊdɪf
o.dɪs,o.dɪs,odɪs,odɪs,oʊdɪs,oʊdɪs
o.dɪv,o.dɪv,odɪv,odɪv,oʊdɪv,oʊdɪv
o.dɪz,o.dɪz,odɪz,odɪz,oʊdɪz,oʊdɪz
o.dɪʃ,o.dɪʃ,odɪʃ,odɪʃ,oʊdɪʃ,oʊdɪʃ
o.dɪʒ,o.dɪʒ,odɪʒ,odɪʒ,oʊdɪʒ,oʊdɪʒ
o.dɪθ,o.dɪθ,odɪθ,odɪθ,oʊdɪθ,oʊdɪθ
o.dɪð,o.dɪð,odɪð,odɪð,oʊdɪð,oʊdɪð
o.gɪm,o.gɪm,ogɪm,ogɪm,oʊgɪm,oʊgɪm
o.gɪn,o.gɪn,ogɪn,ogɪn,oʊgɪn,oʊgɪn
o.gɪŋ,o.gɪŋ,ogɪŋ,ogɪŋ,oʊgɪŋ,oʊgɪŋ
o.gɪp,o.gɪp,ogɪp,ogɪp,oʊgɪp,oʊgɪp
o.gɪt,o.gɪt,ogɪt,ogɪt,oʊgɪt,oʊgɪt
o.gɪk,o.gɪk,ogɪk,ogɪk,oʊgɪk,oʊgɪk
o.gɪb,o.gɪb,ogɪb,ogɪb,oʊgɪb,oʊgɪb
o.gɪd,o.gɪd,ogɪd,ogɪd,oʊgɪd,oʊgɪd
o.gɪg,o.gɪg,ogɪg,ogɪg,oʊgɪg,oʊgɪg
o.gɪf,o.gɪf,ogɪf,ogɪf,oʊgɪf,oʊgɪf
o.gɪs,o.gɪs,ogɪs,ogɪs,oʊgɪs,oʊgɪs
o.gɪv,o.gɪv,ogɪv,ogɪv,oʊgɪv,oʊgɪv
o.gɪz,o.gɪz,ogɪz,ogɪz,oʊgɪz,oʊgɪz
o.gɪʃ,o.gɪʃ,ogɪʃ,ogɪʃ,oʊgɪʃ,oʊgɪʃ
o.gɪʒ,o.gɪʒ,ogɪʒ,ogɪʒ,oʊgɪʒ,oʊgɪʒ
o.gɪθ,o.gɪθ,ogɪθ,ogɪθ,oʊgɪθ,oʊgɪθ
o.gɪð,o.gɪð,ogɪð,ogɪð,oʊgɪð,oʊgɪð
o.fɪm,o.fɪm,ofɪm,ofɪm,oʊfɪm,oʊfɪm
o.fɪn,o.fɪn,ofɪn,ofɪn,oʊfɪn,oʊfɪn
o.fɪŋ,o.fɪŋ,ofɪŋ,ofɪŋ,oʊfɪŋ,oʊfɪŋ
o.fɪp,o.fɪp,ofɪp,ofɪp,oʊfɪp,oʊfɪp
o.fɪt,o.fɪt,ofɪt,ofɪt,oʊfɪt,oʊfɪt
o.fɪk,o.fɪk,ofɪk,ofɪk,oʊfɪk,oʊfɪk
o.fɪb,o.fɪb,ofɪb,ofɪb,oʊfɪb,oʊfɪb
o.fɪd,o.fɪd,ofɪd,ofɪd,oʊfɪd,oʊfɪd
o.fɪg,o.fɪg,ofɪg,ofɪg,oʊfɪg,oʊfɪg
o.fɪf,o.fɪf,ofɪf,ofɪf,oʊfɪf,oʊfɪf
o.fɪs,o.fɪs,ofɪs,ofɪs,oʊfɪs,oʊfɪs
o.fɪv,o.fɪv,ofɪv,ofɪv,oʊfɪv,oʊfɪv
o.fɪz,o.fɪz,ofɪz,ofɪz,oʊfɪz,oʊfɪz
o.fɪʃ,o.fɪʃ,ofɪʃ,ofɪʃ,oʊfɪʃ,oʊfɪʃ
o.fɪʒ,o.fɪʒ,ofɪʒ,ofɪʒ,oʊfɪʒ,oʊfɪʒ
o.fɪθ,o.fɪθ,ofɪθ,ofɪθ,oʊfɪθ,oʊfɪθ
o.fɪð,o.fɪð,ofɪð,ofɪð,oʊfɪð,oʊfɪð
o.sɪm,o.sɪm,osɪm,osɪm,oʊsɪm,oʊsɪm
o.sɪn,o.sɪn,osɪn,osɪn,oʊsɪn,oʊsɪn
o.sɪŋ,o.sɪŋ,osɪŋ,osɪŋ,oʊsɪŋ,oʊsɪŋ
o.sɪp,o.sɪp,osɪp,osɪp,oʊsɪp,oʊsɪp
o.sɪt,o.sɪt,osɪt,osɪt,oʊsɪt,oʊsɪt
o.sɪk,o.sɪk,osɪk,osɪk,oʊsɪk,oʊsɪk
o.sɪb,o.sɪb,osɪb,osɪb,oʊsɪb,oʊsɪb
o.sɪd,o.sɪd,osɪd,osɪd,oʊsɪd,oʊsɪd
o.sɪg,o.sɪg,osɪg,osɪg,oʊsɪg,oʊsɪg
o.sɪf,o.sɪf,osɪf,osɪf,oʊsɪf,oʊsɪf
o.sɪs,o.sɪs,osɪs,osɪs,oʊsɪs,oʊsɪs
o.sɪv,o.sɪv,osɪv,osɪv,oʊsɪv,oʊsɪv
o.sɪz,o.sɪz,osɪz,osɪz,oʊsɪz,oʊsɪz
o.sɪʃ,o.sɪʃ,osɪʃ,osɪʃ,oʊsɪʃ,oʊsɪʃ
o.sɪʒ,o.sɪʒ,osɪʒ,osɪʒ,oʊsɪʒ,oʊsɪʒ
o.sɪθ,o.sɪθ,osɪθ,osɪθ,oʊsɪθ,oʊsɪθ
o.sɪð,o.sɪð,osɪð,osɪð,oʊsɪð,oʊsɪð
o.vɪm,o.vɪm,ovɪm,ovɪm,oʊvɪm,oʊvɪm
o.vɪn,o.vɪn,ovɪn,ovɪn,oʊvɪn,oʊvɪn
o.vɪŋ,o.vɪŋ,ovɪŋ,ovɪŋ,oʊvɪŋ,oʊvɪŋ
o.vɪp,o.vɪp,ovɪp,ovɪp,oʊvɪp,oʊvɪp
o.vɪt,o.vɪt,ovɪt,ovɪt,oʊvɪt,oʊvɪt
o.vɪk,o.vɪk,ovɪk,ovɪk,oʊvɪk,oʊvɪk
o.vɪb,o.vɪb,ovɪb,ovɪb,oʊvɪb,oʊvɪb
o.vɪd,o.vɪd,ovɪd,ovɪd,oʊvɪd,oʊvɪd
o.vɪg,o.vɪg,ovɪg,ovɪg,oʊvɪg,oʊvɪg
o.vɪf,o.vɪf,ovɪf,ovɪf,oʊvɪf,oʊvɪf
o.vɪs,o.vɪs,ovɪs,ovɪs,oʊvɪs,oʊvɪs
o.vɪv,o.vɪv,ovɪv,ovɪv,oʊvɪv,oʊvɪv
o.vɪz,o.vɪz,ovɪz,ovɪz,oʊvɪz,oʊvɪz
o.vɪʃ,o.vɪʃ,ovɪʃ,ovɪʃ,oʊvɪʃ,oʊvɪʃ
o.vɪʒ,o.vɪʒ,ovɪʒ,ovɪʒ,oʊvɪʒ,oʊvɪʒ
o.vɪθ,o.vɪθ,ovɪθ,ovɪθ,oʊvɪθ,oʊvɪθ
o.vɪð,o.vɪð,ovɪð,ovɪð,oʊvɪð,oʊvɪð
o.zɪm,o.zɪm,ozɪm,ozɪm,oʊzɪm,oʊzɪm
o.zɪn,o.zɪn,ozɪn,ozɪn,oʊzɪn,oʊzɪn
o.zɪŋ,o.zɪŋ,ozɪŋ,ozɪŋ,oʊzɪŋ,oʊzɪŋ
o.zɪp,o.zɪp,ozɪp,ozɪp,oʊzɪp,oʊzɪp
o.zɪt,o.zɪt,ozɪt,ozɪt,oʊzɪt,oʊzɪt
o.zɪk,o.zɪk,ozɪk,ozɪk,oʊzɪk,oʊzɪk
o.zɪb,o.zɪb,ozɪb,ozɪb,oʊzɪb,oʊzɪb
o.zɪd,o.zɪd,ozɪd,ozɪd,oʊzɪd,oʊzɪd
o.zɪg,o.zɪg,ozɪg,ozɪg,oʊzɪg,oʊzɪg
o.zɪf,o.zɪf,ozɪf,ozɪf,oʊzɪf,oʊzɪf
o.zɪs,o.zɪs,ozɪs,ozɪs,oʊzɪs,oʊzɪs
o.zɪv,o.zɪv,ozɪv,ozɪv,oʊzɪv,oʊzɪv
o.zɪz,o.zɪz,ozɪz,ozɪz,oʊzɪz,oʊzɪz
o.zɪʃ,o.zɪʃ,ozɪʃ,ozɪʃ,oʊzɪʃ,oʊzɪʃ
o.zɪʒ,o.zɪʒ,ozɪʒ,ozɪʒ,oʊzɪʒ,oʊzɪʒ
o.zɪθ,o.zɪθ,ozɪθ,ozɪθ,oʊzɪθ,oʊzɪθ
o.zɪð,o.zɪð,ozɪð,ozɪð,oʊzɪð,oʊzɪð
o.ʃɪm,o.ʃɪm,oʃɪm,oʃɪm,oʊʃɪm,oʊʃɪm
o.ʃɪn,o.ʃɪn,oʃɪn,oʃɪn,oʊʃɪn,oʊʃɪn
o.ʃɪŋ,o.ʃɪŋ,oʃɪŋ,oʃɪŋ,oʊʃɪŋ,oʊʃɪŋ
o.ʃɪp,o.ʃɪp,oʃɪp,oʃɪp,oʊʃɪp,oʊʃɪp
o.ʃɪt,o.ʃɪt,oʃɪt,oʃɪt,oʊʃɪt,oʊʃɪt
o.ʃɪk,o.ʃɪk,oʃɪk,oʃɪk,oʊʃɪk,oʊʃɪk
o.ʃɪb,o.ʃɪb,oʃɪb,oʃɪb,oʊʃɪb,oʊʃɪb
o.ʃɪd,o.ʃɪd,oʃɪd,oʃɪd,oʊʃɪd,oʊʃɪd
o.ʃɪg,o.ʃɪg,oʃɪg,oʃɪg,oʊʃɪg,oʊʃɪg
o.ʃɪf,o.ʃɪf,oʃɪf,oʃɪf,oʊʃɪf,oʊʃɪf
o.ʃɪs,o.ʃɪs,oʃɪs,oʃɪs,oʊʃɪs,oʊʃɪs
o.ʃɪv,o.ʃɪv,oʃɪv,oʃɪv,oʊʃɪv,oʊʃɪv
o.ʃɪz,o.ʃɪz,oʃɪz,oʃɪz,oʊʃɪz,oʊʃɪz
o.ʃɪʃ,o.ʃɪʃ,oʃɪʃ,oʃɪʃ,oʊʃɪʃ,oʊʃɪʃ
o.ʃɪʒ,o.ʃɪʒ,oʃɪʒ,oʃɪʒ,oʊʃɪʒ,oʊʃɪʒ
o.ʃɪθ,o.ʃɪθ,oʃɪθ,oʃɪθ,oʊʃɪθ,oʊʃɪθ
o.ʃɪð,o.ʃɪð,oʃɪð,oʃɪð,oʊʃɪð,oʊʃɪð
o.ʒɪm,o.ʒɪm,oʒɪm,oʒɪm,oʊʒɪm,oʊʒɪm
o.ʒɪn,o.ʒɪn,oʒɪn,oʒɪn,oʊʒɪn,oʊʒɪn
o.ʒɪŋ,o.ʒɪŋ,oʒɪŋ,oʒɪŋ,oʊʒɪŋ,oʊʒɪŋ
o.ʒɪp,o.ʒɪp,oʒɪp,oʒɪp,oʊʒɪp,oʊʒɪp
o.ʒɪt,o.ʒɪt,oʒɪt,oʒɪt,oʊʒɪt,oʊʒɪt
o.ʒɪk,o.ʒɪk,oʒɪk,oʒɪk,oʊʒɪk,oʊʒɪk
o.ʒɪb,o.ʒɪb,oʒɪb,oʒɪb,oʊʒɪb,oʊʒɪb
o.ʒɪd,o.ʒɪd,oʒɪd,oʒɪd,oʊʒɪd,oʊʒɪd
o.ʒɪg,o.ʒɪg,oʒɪg,oʒɪg,oʊʒɪg,oʊʒɪg
o.ʒɪf,o.ʒɪf,oʒɪf,oʒɪf,oʊʒɪf,oʊʒɪf
o.ʒɪs,o.ʒɪs,oʒɪs,oʒɪs,oʊʒɪs,oʊʒɪs
o.ʒɪv,o.ʒɪv,oʒɪv,oʒɪv,oʊʒɪv,oʊʒɪv
o.ʒɪz,o.ʒɪz,oʒɪz,oʒɪz,oʊʒɪz,oʊʒɪz
o.ʒɪʃ,o.ʒɪʃ,oʒɪʃ,oʒɪʃ,oʊʒɪʃ,oʊʒɪʃ
o.ʒɪʒ,o.ʒɪʒ,oʒɪʒ,oʒɪʒ,oʊʒɪʒ,oʊʒɪʒ
o.ʒɪθ,o.ʒɪθ,oʒɪθ,oʒɪθ,oʊʒɪθ,oʊʒɪθ
o.ʒɪð,o.ʒɪð,oʒɪð,oʒɪð,oʊʒɪð,oʊʒɪð
o.θɪm,o.θɪm,oθɪm,oθɪm,oʊθɪm,oʊθɪm
o.θɪn,o.θɪn,oθɪn,oθɪn,oʊθɪn,oʊθɪn
o.θɪŋ,o.θɪŋ,oθɪŋ,oθɪŋ,oʊθɪŋ,oʊθɪŋ
o.θɪp,o.θɪp,oθɪp,oθɪp,oʊθɪp,oʊθɪp
o.θɪt,o.θɪt,oθɪt,oθɪt,oʊθɪt,oʊθɪt
o.θɪk,o.θɪk,oθɪk,oθɪk,oʊθɪk,oʊθɪk
o.θɪb,o.θɪb,oθɪb,oθɪb,oʊθɪb,oʊθɪb
o.θɪd,o.θɪd,oθɪd,oθɪd,oʊθɪd,oʊθɪd
o.θɪg,o.θɪg,oθɪg,oθɪg,oʊθɪg,oʊθɪg
o.θɪf,o.θɪf,oθɪf,oθɪf,oʊθɪf,oʊθɪf
o.θɪs,o.θɪs,oθɪs,oθɪs,oʊθɪs,oʊθɪs
o.θɪv,o.θɪv,oθɪv,oθɪv,oʊθɪv,oʊθɪv
o.θɪz,o.θɪz,oθɪz,oθɪz,oʊθɪz,oʊθɪz
o.θɪʃ,o.θɪʃ,oθɪʃ,oθɪʃ,oʊθɪʃ,oʊθɪʃ
o.θɪʒ,o.θɪʒ,oθɪʒ,oθɪʒ,oʊθɪʒ,oʊθɪʒ
o.θɪθ,o.θɪθ,oθɪθ,oθɪθ,oʊθɪθ,oʊθɪθ
o.θɪð,o.θɪð,oθɪð,oθɪð,oʊθɪð,oʊθɪð
o.ðɪm,o.ðɪm,oðɪm,oðɪm,oʊðɪm,oʊðɪm
o.ðɪn,o.ðɪn,oðɪn,oðɪn,oʊðɪn,oʊðɪn
o.ðɪŋ,o.ðɪŋ,oðɪŋ,oðɪŋ,oʊðɪŋ,oʊðɪŋ
o.ðɪp,o.ðɪp,oðɪp,oðɪp,oʊðɪp,oʊðɪp
o.ðɪt,o.ðɪt,oðɪt,oðɪt,oʊðɪt,oʊðɪt
o.ðɪk,o.ðɪk,oðɪk,oðɪk,oʊðɪk,oʊðɪk
o.ðɪb,o.ðɪb,oðɪb,oðɪb,oʊðɪb,oʊðɪb
o.ðɪd,o.ðɪd,oðɪd,oðɪd,oʊðɪd,oʊðɪd
o.ðɪg,o.ðɪg,oðɪg,oðɪg,oʊðɪg,oʊðɪg
o.ðɪf,o.ðɪf,oðɪf,oðɪf,oʊðɪf,oʊðɪf
o.ðɪs,o.ðɪs,oðɪs,oðɪs,oʊðɪs,oʊðɪs
o.ðɪv,o.ðɪv,oðɪv,oðɪv,oʊðɪv,oʊðɪv
o.ðɪz,o.ðɪz,oðɪz,oðɪz,oʊðɪz,oʊðɪz
o.ðɪʃ,o.ðɪʃ,oðɪʃ,oðɪʃ,oʊðɪʃ,oʊðɪʃ
o.ðɪʒ,o.ðɪʒ,oðɪʒ,oðɪʒ,oʊðɪʒ,oʊðɪʒ
o.ðɪθ,o.ðɪθ,oðɪθ,oðɪθ,oʊðɪθ,oʊðɪθ
o.ðɪð,o.ðɪð,oðɪð,oðɪð,oʊðɪð,oʊðɪð
o.hɪm,o.hɪm,ohɪm,ohɪm,oʊhɪm,oʊhɪm
o.hɪn,o.hɪn,ohɪn,ohɪn,oʊhɪn,oʊhɪn
o.hɪŋ,o.hɪŋ,ohɪŋ,ohɪŋ,oʊhɪŋ,oʊhɪŋ
o.hɪp,o.hɪp,ohɪp,ohɪp,oʊhɪp,oʊhɪp
o.hɪt,o.hɪt,ohɪt,ohɪt,oʊhɪt,oʊhɪt
o.hɪk,o.hɪk,ohɪk,ohɪk,oʊhɪk,oʊhɪk
o.hɪb,o.hɪb,ohɪb,ohɪb,oʊhɪb,oʊhɪb
o.hɪd,o.hɪd,ohɪd,ohɪd,oʊhɪd,oʊhɪd
o.hɪg,o.hɪg,ohɪg,ohɪg,oʊhɪg,oʊhɪg
o.hɪf,o.hɪf,ohɪf,ohɪf,oʊhɪf,oʊhɪf
o.hɪs,o.hɪs,ohɪs,ohɪs,oʊhɪs,oʊhɪs
o.hɪv,o.hɪv,ohɪv,ohɪv,oʊhɪv,oʊhɪv
o.hɪz,o.hɪz,ohɪz,ohɪz,oʊhɪz,oʊhɪz
o.hɪʃ,o.hɪʃ,ohɪʃ,ohɪʃ,oʊhɪʃ,oʊhɪʃ
o.hɪʒ,o.hɪʒ,ohɪʒ,ohɪʒ,oʊhɪʒ,oʊhɪʒ
o.hɪθ,o.hɪθ,ohɪθ,ohɪθ,oʊhɪθ,oʊhɪθ
o.hɪð,o.hɪð,ohɪð,ohɪð,oʊhɪð,oʊhɪð
o.mɛm,o.mɛm,omɛm,omɛm,oʊmɛm,oʊmɛm
o.mɛn,o.mɛn,omɛn,omɛn,oʊmɛn,oʊmɛn
o.mɛŋ,o.mɛŋ,omɛŋ,omɛŋ,oʊmɛŋ,oʊmɛŋ
o.mɛp,o.mɛp,omɛp,omɛp,oʊmɛp,oʊmɛp
o.mɛt,o.mɛt,omɛt,omɛt,oʊmɛt,oʊmɛt
o.mɛk,o.mɛk,omɛk,omɛk,oʊmɛk,oʊmɛk
o.mɛb,o.mɛb,omɛb,omɛb,oʊmɛb,oʊmɛb
o.mɛd,o.mɛd,omɛd,omɛd,oʊmɛd,oʊmɛd
o.mɛg,o.mɛg,omɛg,omɛg,oʊmɛg,oʊmɛg
o.mɛf,o.mɛf,omɛf,omɛf,oʊmɛf,oʊmɛf
o.mɛs,o.mɛs,omɛs,omɛs,oʊmɛs,oʊmɛs
o.mɛv,o.mɛv,omɛv,omɛv,oʊmɛv,oʊmɛv
o.mɛz,o.mɛz,omɛz,omɛz,oʊmɛz,oʊmɛz
o.mɛʃ,o.mɛʃ,omɛʃ,omɛʃ,oʊmɛʃ,oʊmɛʃ
o.mɛʒ,o.mɛʒ,omɛʒ,omɛʒ,oʊmɛʒ,oʊmɛʒ
o.mɛθ,o.mɛθ,omɛθ,omɛθ,oʊmɛθ,oʊmɛθ
o.mɛð,o.mɛð,omɛð,omɛð,oʊmɛð,oʊmɛð
o.nɛm,o.nɛm,onɛm,onɛm,oʊnɛm,oʊnɛm
o.nɛn,o.nɛn,onɛn,onɛn,oʊnɛn,oʊnɛn
o.nɛŋ,o.nɛŋ,onɛŋ,onɛŋ,oʊnɛŋ,oʊnɛŋ
o.nɛp,o.nɛp,onɛp,onɛp,oʊnɛp,oʊnɛp
o.nɛt,o.nɛt,onɛt,onɛt,oʊnɛt,oʊnɛt
o.nɛk,o.nɛk,onɛk,onɛk,oʊnɛk,oʊnɛk
o.nɛb,o.nɛb,onɛb,onɛb,oʊnɛb,oʊnɛb
o.nɛd,o.nɛd,onɛd,onɛd,oʊnɛd,oʊnɛd
o.nɛg,o.nɛg,onɛg,onɛg,oʊnɛg,oʊnɛg
o.nɛf,o.nɛf,onɛf,onɛf,oʊnɛf,oʊnɛf
o.nɛs,o.nɛs,onɛs,onɛs,oʊnɛs,oʊnɛs
o.nɛv,o.nɛv,onɛv,onɛv,oʊnɛv,oʊnɛv
o.nɛz,o.nɛz,onɛz,onɛz,oʊnɛz,oʊnɛz
o.nɛʃ,o.nɛʃ,onɛʃ,onɛʃ,oʊnɛʃ,oʊnɛʃ
o.nɛʒ,o.nɛʒ,onɛʒ,onɛʒ,oʊnɛʒ,oʊnɛʒ
o.nɛθ,o.nɛθ,onɛθ,onɛθ,oʊnɛθ,oʊnɛθ
o.nɛð,o.nɛð,onɛð,onɛð,oʊnɛð,oʊnɛð
o.pɛm,o.pɛm,opɛm,opɛm,oʊpɛm,oʊpɛm
o.pɛn,o.pɛn,opɛn,opɛn,oʊpɛn,oʊpɛn
o.pɛŋ,o.pɛŋ,opɛŋ,opɛŋ,oʊpɛŋ,oʊpɛŋ
o.pɛp,o.pɛp,opɛp,opɛp,oʊpɛp,oʊpɛp
o.pɛt,o.pɛt,opɛt,opɛt,oʊpɛt,oʊpɛt
o.pɛk,o.pɛk,opɛk,opɛk,oʊpɛk,oʊpɛk
o.pɛb,o.pɛb,opɛb,opɛb,oʊpɛb,oʊpɛb
o.pɛd,o.pɛd,opɛd,opɛd,oʊpɛd,oʊpɛd
o.pɛg,o.pɛg,opɛg,opɛg,oʊpɛg,oʊpɛg
o.pɛf,o.pɛf,opɛf,opɛf,oʊpɛf,oʊpɛf
o.pɛs,o.pɛs,opɛs,opɛs,oʊpɛs,oʊpɛs
o.pɛv,o.pɛv,opɛv,opɛv,oʊpɛv,oʊpɛv
o.pɛz,o.pɛz,opɛz,opɛz,oʊpɛz,oʊpɛz
o.pɛʃ,o.pɛʃ,opɛʃ,opɛʃ,oʊpɛʃ,oʊpɛʃ
o.pɛʒ,o.pɛʒ,opɛʒ,opɛʒ,oʊpɛʒ,oʊpɛʒ
o.pɛθ,o.pɛθ,opɛθ,opɛθ,oʊpɛθ,oʊpɛθ
o.pɛð,o.pɛð,opɛð,opɛð,oʊpɛð,oʊpɛð
o.tɛm,o.tɛm,otɛm,otɛm,oʊtɛm,oʊtɛm
o.tɛn,o.tɛn,otɛn,otɛn,oʊtɛn,oʊtɛn
o.tɛŋ,o.tɛŋ,otɛŋ,otɛŋ,oʊtɛŋ,oʊtɛŋ
o.tɛp,o.tɛp,otɛp,otɛp,oʊtɛp,oʊtɛp
o.tɛt,o.tɛt,otɛt,otɛt,oʊtɛt,oʊtɛt
o.tɛk,o.tɛk,otɛk,otɛk,oʊtɛk,oʊtɛk
o.tɛb,o.tɛb,otɛb,otɛb,oʊtɛb,oʊtɛb
o.tɛd,o.tɛd,otɛd,otɛd,oʊtɛd,oʊtɛd
o.tɛg,o.tɛg,otɛg,otɛg,oʊtɛg,oʊtɛg
o.tɛf,o.tɛf,otɛf,otɛf,oʊtɛf,oʊtɛf
o.tɛs,o.tɛs,otɛs,otɛs,oʊtɛs,oʊtɛs
o.tɛv,o.tɛv,otɛv,otɛv,oʊtɛv,oʊtɛv
o.tɛz,o.tɛz,otɛz,otɛz,oʊtɛz,oʊtɛz
o.tɛʃ,o.tɛʃ,otɛʃ,otɛʃ,oʊtɛʃ,oʊtɛʃ
o.tɛʒ,o.tɛʒ,otɛʒ,otɛʒ,oʊtɛʒ,oʊtɛʒ
o.tɛθ,o.tɛθ,otɛθ,otɛθ,oʊtɛθ,oʊtɛθ
o.tɛð,o.tɛð,otɛð,otɛð,oʊtɛð,oʊtɛð
o.kɛm,o.kɛm,okɛm,okɛm,oʊkɛm,oʊkɛm
o.kɛn,o.kɛn,okɛn,okɛn,oʊkɛn,oʊkɛn
o.kɛŋ,o.kɛŋ,okɛŋ,okɛŋ,oʊkɛŋ,oʊkɛŋ
o.kɛp,o.kɛp,okɛp,okɛp,oʊkɛp,oʊkɛp
o.kɛt,o.kɛt,okɛt,okɛt,oʊkɛt,oʊkɛt
o.kɛk,o.kɛk,okɛk,okɛk,oʊkɛk,oʊkɛk
o.kɛb,o.kɛb,okɛb,okɛb,oʊkɛb,oʊkɛb
o.kɛd,o.kɛd,okɛd,okɛd,oʊkɛd,oʊkɛd
o.kɛg,o.kɛg,okɛg,okɛg,oʊkɛg,oʊkɛg
o.kɛf,o.kɛf,okɛf,okɛf,oʊkɛf,oʊkɛf
o.kɛs,o.kɛs,okɛs,okɛs,oʊkɛs,oʊkɛs
o.kɛv,o.kɛv,okɛv,okɛv,oʊkɛv,oʊkɛv
o.kɛz,o.kɛz,okɛz,okɛz,oʊkɛz,oʊkɛz
o.kɛʃ,o.kɛʃ,okɛʃ,okɛʃ,oʊkɛʃ,oʊkɛʃ
o.kɛʒ,o.kɛʒ,okɛʒ,okɛʒ,oʊkɛʒ,oʊkɛʒ
o.kɛθ,o.kɛθ,okɛθ,okɛθ,oʊkɛθ,oʊkɛθ
o.kɛð,o.kɛð,okɛð,okɛð,oʊkɛð,oʊkɛð
o.bɛm,o.bɛm,obɛm,obɛm,oʊbɛm,oʊbɛm
o.bɛn,o.bɛn,obɛn,obɛn,oʊbɛn,oʊbɛn
o.bɛŋ,o.bɛŋ,obɛŋ,obɛŋ,oʊbɛŋ,oʊbɛŋ
o.bɛp,o.bɛp,obɛp,obɛp,oʊbɛp,oʊbɛp
o.bɛt,o.bɛt,obɛt,obɛt,oʊbɛt,oʊbɛt
o.bɛk,o.bɛk,obɛk,obɛk,oʊbɛk,oʊbɛk
o.bɛb,o.bɛb,obɛb,obɛb,oʊbɛb,oʊbɛb
o.bɛd,o.bɛd,obɛd,obɛd,oʊbɛd,oʊbɛd
o.bɛg,o.bɛg,obɛg,obɛg,oʊbɛg,oʊbɛg
o.bɛf,o.bɛf,obɛf,obɛf,oʊbɛf,oʊbɛf
o.bɛs,o.bɛs,obɛs,obɛs,oʊbɛs,oʊbɛs
o.bɛv,o.bɛv,obɛv,obɛv,oʊbɛv,oʊbɛv
o.bɛz,o.bɛz,obɛz,obɛz,oʊbɛz,oʊbɛz
o.bɛʃ,o.bɛʃ,obɛʃ,obɛʃ,oʊbɛʃ,oʊbɛʃ
o.bɛʒ,o.bɛʒ,obɛʒ,obɛʒ,oʊbɛʒ,oʊbɛʒ
o.bɛθ,o.bɛθ,obɛθ,obɛθ,oʊbɛθ,oʊbɛθ
o.bɛð,o.bɛð,obɛð,obɛð,oʊbɛð,oʊbɛð
o.dɛm,o.dɛm,odɛm,odɛm,oʊdɛm,oʊdɛm
o.dɛn,o.dɛn,odɛn,odɛn,oʊdɛn,oʊdɛn
o.dɛŋ,o.dɛŋ,odɛŋ,odɛŋ,oʊdɛŋ,oʊdɛŋ
o.dɛp,o.dɛp,odɛp,odɛp,oʊdɛp,oʊdɛp
o.dɛt,o.dɛt,odɛt,odɛt,oʊdɛt,oʊdɛt
o.dɛk,o.dɛk,odɛk,odɛk,oʊdɛk,oʊdɛk
o.dɛb,o.dɛb,odɛb,odɛb,oʊdɛb,oʊdɛb
o.dɛd,o.dɛd,odɛd,odɛd,oʊdɛd,oʊdɛd
o.dɛg,o.dɛg,odɛg,odɛg,oʊdɛg,oʊdɛg
o.dɛf,o.dɛf,odɛf,odɛf,oʊdɛf,oʊdɛf
o.dɛs,o.dɛs,odɛs,odɛs,oʊdɛs,oʊdɛs
o.dɛv,o.dɛv,odɛv,odɛv,oʊdɛv,oʊdɛv
o.dɛz,o.dɛz,odɛz,odɛz,oʊdɛz,oʊdɛz
o.dɛʃ,o.dɛʃ,odɛʃ,odɛʃ,oʊdɛʃ,oʊdɛʃ
o.dɛʒ,o.dɛʒ,odɛʒ,odɛʒ,oʊdɛʒ,oʊdɛʒ
o.dɛθ,o.dɛθ,odɛθ,odɛθ,oʊdɛθ,oʊdɛθ
o.dɛð,o.dɛð,odɛð,odɛð,oʊdɛð,oʊdɛð
o.gɛm,o.gɛm,ogɛm,ogɛm,oʊgɛm,oʊgɛm
o.gɛn,o.gɛn,ogɛn,ogɛn,oʊgɛn,oʊgɛn
o.gɛŋ,o.gɛŋ,ogɛŋ,ogɛŋ,oʊgɛŋ,oʊgɛŋ
o.gɛp,o.gɛp,ogɛp,ogɛp,oʊgɛp,oʊgɛp
o.gɛt,o.gɛt,ogɛt,ogɛt,oʊgɛt,oʊgɛt
o.gɛk,o.gɛk,ogɛk,ogɛk,oʊgɛk,oʊgɛk
o.gɛb,o.gɛb,ogɛb,ogɛb,oʊgɛb,oʊgɛb
o.gɛd,o.gɛd,ogɛd,ogɛd,oʊgɛd,oʊgɛd
o.gɛg,o.gɛg,ogɛg,ogɛg,oʊgɛg,oʊgɛg
o.gɛf,o.gɛf,ogɛf,ogɛf,oʊgɛf,oʊgɛf
o.gɛs,o.gɛs,ogɛs,ogɛs,oʊgɛs,oʊgɛs
o.gɛv,o.gɛv,ogɛv,ogɛv,oʊgɛv,oʊgɛv
o.gɛz,o.gɛz,ogɛz,ogɛz,oʊgɛz,oʊgɛz
o.gɛʃ,o.gɛʃ,ogɛʃ,ogɛʃ,oʊgɛʃ,oʊgɛʃ
o.gɛʒ,o.gɛʒ,ogɛʒ,ogɛʒ,oʊgɛʒ,oʊgɛʒ
o.gɛθ,o.gɛθ,ogɛθ,ogɛθ,oʊgɛθ,oʊgɛθ
o.gɛð,o.gɛð,ogɛð,ogɛð,oʊgɛð,oʊgɛð
o.fɛm,o.fɛm,ofɛm,ofɛm,oʊfɛm,oʊfɛm
o.fɛn,o.fɛn,ofɛn,ofɛn,oʊfɛn,oʊfɛn
o.fɛŋ,o.fɛŋ,ofɛŋ,ofɛŋ,oʊfɛŋ,oʊfɛŋ
o.fɛp,o.fɛp,ofɛp,ofɛp,oʊfɛp,oʊfɛp
o.fɛt,o.fɛt,ofɛt,ofɛt,oʊfɛt,oʊfɛt
o.fɛk,o.fɛk,ofɛk,ofɛk,oʊfɛk,oʊfɛk
o.fɛb,o.fɛb,ofɛb,ofɛb,oʊfɛb,oʊfɛb
o.fɛd,o.fɛd,ofɛd,ofɛd,oʊfɛd,oʊfɛd
o.fɛg,o.fɛg,ofɛg,ofɛg,oʊfɛg,oʊfɛg
o.fɛf,o.fɛf,ofɛf,ofɛf,oʊfɛf,oʊfɛf
o.fɛs,o.fɛs,ofɛs,ofɛs,oʊfɛs,oʊfɛs
o.fɛv,o.fɛv,ofɛv,ofɛv,oʊfɛv,oʊfɛv
o.fɛz,o.fɛz,ofɛz,ofɛz,oʊfɛz,oʊfɛz
o.fɛʃ,o.fɛʃ,ofɛʃ,ofɛʃ,oʊfɛʃ,oʊfɛʃ
o.fɛʒ,o.fɛʒ,ofɛʒ,ofɛʒ,oʊfɛʒ,oʊfɛʒ
o.fɛθ,o.fɛθ,ofɛθ,ofɛθ,oʊfɛθ,oʊfɛθ
o.fɛð,o.fɛð,ofɛð,ofɛð,oʊfɛð,oʊfɛð
o.sɛm,o.sɛm,osɛm,osɛm,oʊsɛm,oʊsɛm
o.sɛn,o.sɛn,osɛn,osɛn,oʊsɛn,oʊsɛn
o.sɛŋ,o.sɛŋ,osɛŋ,osɛŋ,oʊsɛŋ,oʊsɛŋ
o.sɛp,o.sɛp,osɛp,osɛp,oʊsɛp,oʊsɛp
o.sɛt,o.sɛt,osɛt,osɛt,oʊsɛt,oʊsɛt
o.sɛk,o.sɛk,osɛk,osɛk,oʊsɛk,oʊsɛk
o.sɛb,o.sɛb,osɛb,osɛb,oʊsɛb,oʊsɛb
o.sɛd,o.sɛd,osɛd,osɛd,oʊsɛd,oʊsɛd
o.sɛg,o.sɛg,osɛg,osɛg,oʊsɛg,oʊsɛg
o.sɛf,o.sɛf,osɛf,osɛf,oʊsɛf,oʊsɛf
o.sɛs,o.sɛs,osɛs,osɛs,oʊsɛs,oʊsɛs
o.sɛv,o.sɛv,osɛv,osɛv,oʊsɛv,oʊsɛv
o.sɛz,o.sɛz,osɛz,osɛz,oʊsɛz,oʊsɛz
o.sɛʃ,o.sɛʃ,osɛʃ,osɛʃ,oʊsɛʃ,oʊsɛʃ
o.sɛʒ,o.sɛʒ,osɛʒ,osɛʒ,oʊsɛʒ,oʊsɛʒ
o.sɛθ,o.sɛθ,osɛθ,osɛθ,oʊsɛθ,oʊsɛθ
o.sɛð,o.sɛð,osɛð,osɛð,oʊsɛð,oʊsɛð
o.vɛm,o.vɛm,ovɛm,ovɛm,oʊvɛm,oʊvɛm
o.vɛn,o.vɛn,ovɛn,ovɛn,oʊvɛn,oʊvɛn
o.vɛŋ,o.vɛŋ,ovɛŋ,ovɛŋ,oʊvɛŋ,oʊvɛŋ
o.vɛp,o.vɛp,ovɛp,ovɛp,oʊvɛp,oʊvɛp
o.vɛt,o.vɛt,ovɛt,ovɛt,oʊvɛt,oʊvɛt
o.vɛk,o.vɛk,ovɛk,ovɛk,oʊvɛk,oʊvɛk
o.vɛb,o.vɛb,ovɛb,ovɛb,oʊvɛb,oʊvɛb
o.vɛd,o.vɛd,ovɛd,ovɛd,oʊvɛd,oʊvɛd
o.vɛg,o.vɛg,ovɛg,ovɛg,oʊvɛg,oʊvɛg
o.vɛf,o.vɛf,ovɛf,ovɛf,oʊvɛf,oʊvɛf
o.vɛs,o.vɛs,ovɛs,ovɛs,oʊvɛs,oʊvɛs
o.vɛv,o.vɛv,ovɛv,ovɛv,oʊvɛv,oʊvɛv
o.vɛz,o.vɛz,ovɛz,ovɛz,oʊvɛz,oʊvɛz
o.vɛʃ,o.vɛʃ,ovɛʃ,ovɛʃ,oʊvɛʃ,oʊvɛʃ
o.vɛʒ,o.vɛʒ,ovɛʒ,ovɛʒ,oʊvɛʒ,oʊvɛʒ
o.vɛθ,o.vɛθ,ovɛθ,ovɛθ,oʊvɛθ,oʊvɛθ
o.vɛð,o.vɛð,ovɛð,ovɛð,oʊvɛð,oʊvɛð
o.zɛm,o.zɛm,ozɛm,ozɛm,oʊzɛm,oʊzɛm
o.zɛn,o.zɛn,ozɛn,ozɛn,oʊzɛn,oʊzɛn
o.zɛŋ,o.zɛŋ,ozɛŋ,ozɛŋ,oʊzɛŋ,oʊzɛŋ
o.zɛp,o.zɛp,ozɛp,ozɛp,oʊzɛp,oʊzɛp
o.zɛt,o.zɛt,ozɛt,ozɛt,oʊzɛt,oʊzɛt
o.zɛk,o.zɛk,ozɛk,ozɛk,oʊzɛk,oʊzɛk
o.zɛb,o.zɛb,ozɛb,ozɛb,oʊzɛb,oʊzɛb
o.zɛd,o.zɛd,ozɛd,ozɛd,oʊzɛd,oʊzɛd
o.zɛg,o.zɛg,ozɛg,ozɛg,oʊzɛg,oʊzɛg
o.zɛf,o.zɛf,ozɛf,ozɛf,oʊzɛf,oʊzɛf
o.zɛs,o.zɛs,ozɛs,ozɛs,oʊzɛs,oʊzɛs
o.zɛv,o.zɛv,ozɛv,ozɛv,oʊzɛv,oʊzɛv
o.zɛz,o.zɛz,ozɛz,ozɛz,oʊzɛz,oʊzɛz
o.zɛʃ,o.zɛʃ,ozɛʃ,ozɛʃ,oʊzɛʃ,oʊzɛʃ
o.zɛʒ,o.zɛʒ,ozɛʒ,ozɛʒ,oʊzɛʒ,oʊzɛʒ
o.zɛθ,o.zɛθ,ozɛθ,ozɛθ,oʊzɛθ,oʊzɛθ
o.zɛð,o.zɛð,ozɛð,ozɛð,oʊzɛð,oʊzɛð
o.ʃɛm,o.ʃɛm,oʃɛm,oʃɛm,oʊʃɛm,oʊʃɛm
o.ʃɛn,o.ʃɛn,oʃɛn,oʃɛn,oʊʃɛn,oʊʃɛn
o.ʃɛŋ,o.ʃɛŋ,oʃɛŋ,oʃɛŋ,oʊʃɛŋ,oʊʃɛŋ
o.ʃɛp,o.ʃɛp,oʃɛp,oʃɛp,oʊʃɛp,oʊʃɛp
o.ʃɛt,o.ʃɛt,oʃɛt,oʃɛt,oʊʃɛt,oʊʃɛt
o.ʃɛk,o.ʃɛk,oʃɛk,oʃɛk,oʊʃɛk,oʊʃɛk
o.ʃɛb,o.ʃɛb,oʃɛb,oʃɛb,oʊʃɛb,oʊʃɛb
o.ʃɛd,o.ʃɛd,oʃɛd,oʃɛd,oʊʃɛd,oʊʃɛd
o.ʃɛg,o.ʃɛg,oʃɛg,oʃɛg,oʊʃɛg,oʊʃɛg
o.ʃɛf,o.ʃɛf,oʃɛf,oʃɛf,oʊʃɛf,oʊʃɛf
o.ʃɛs,o.ʃɛs,oʃɛs,oʃɛs,oʊʃɛs,oʊʃɛs
o.ʃɛv,o.ʃɛv,oʃɛv,oʃɛv,oʊʃɛv,oʊʃɛv
o.ʃɛz,o.ʃɛz,oʃɛz,oʃɛz,oʊʃɛz,oʊʃɛz
o.ʃɛʃ,o.ʃɛʃ,oʃɛʃ,oʃɛʃ,oʊʃɛʃ,oʊʃɛʃ
o.ʃɛʒ,o.ʃɛʒ,oʃɛʒ,oʃɛʒ,oʊʃɛʒ,oʊʃɛʒ
o.ʃɛθ,o.ʃɛθ,oʃɛθ,oʃɛθ,oʊʃɛθ,oʊʃɛθ
o.ʃɛð,o.ʃɛð,oʃɛð,oʃɛð,oʊʃɛð,oʊʃɛð
o.ʒɛm,o.ʒɛm,oʒɛm,oʒɛm,oʊʒɛm,oʊʒɛm
o.ʒɛn,o.ʒɛn,oʒɛn,oʒɛn,oʊʒɛn,oʊʒɛn
o.ʒɛŋ,o.ʒɛŋ,oʒɛŋ,oʒɛŋ,oʊʒɛŋ,oʊʒɛŋ
o.ʒɛp,o.ʒɛp,oʒɛp,oʒɛp,oʊʒɛp,oʊʒɛp
o.ʒɛt,o.ʒɛt,oʒɛt,oʒɛt,oʊʒɛt,oʊʒɛt
o.ʒɛk,o.ʒɛk,oʒɛk,oʒɛk,oʊʒɛk,oʊʒɛk
o.ʒɛb,o.ʒɛb,oʒɛb,oʒɛb,oʊʒɛb,oʊʒɛb
o.ʒɛd,o.ʒɛd,oʒɛd,oʒɛd,oʊʒɛd,oʊʒɛd
o.ʒɛg,o.ʒɛg,oʒɛg,oʒɛg,oʊʒɛg,oʊʒɛg
o.ʒɛf,o.ʒɛf,oʒɛf,oʒɛf,oʊʒɛf,oʊʒɛf
o.ʒɛs,o.ʒɛs,oʒɛs,oʒɛs,oʊʒɛs,oʊʒɛs
o.ʒɛv,o.ʒɛv,oʒɛv,oʒɛv,oʊʒɛv,oʊʒɛv
o.ʒɛz,o.ʒɛz,oʒɛz,oʒɛz,oʊʒɛz,oʊʒɛz
o.ʒɛʃ,o.ʒɛʃ,oʒɛʃ,oʒɛʃ,oʊʒɛʃ,oʊʒɛʃ
o.ʒɛʒ,o.ʒɛʒ,oʒɛʒ,oʒɛʒ,oʊʒɛʒ,oʊʒɛʒ
o.ʒɛθ,o.ʒɛθ,oʒɛθ,oʒɛθ,oʊʒɛθ,oʊʒɛθ
o.ʒɛð,o.ʒɛð,oʒɛð,oʒɛð,oʊʒɛð,oʊʒɛð
o.θɛm,o.θɛm,oθɛm,oθɛm,oʊθɛm,oʊθɛm
o.θɛn,o.θɛn,oθɛn,oθɛn,oʊθɛn,oʊθɛn
o.θɛŋ,o.θɛŋ,oθɛŋ,oθɛŋ,oʊθɛŋ,oʊθɛŋ
o.θɛp,o.θɛp,oθɛp,oθɛp,oʊθɛp,oʊθɛp
o.θɛt,o.θɛt,oθɛt,oθɛt,oʊθɛt,oʊθɛt
o.θɛk,o.θɛk,oθɛk,oθɛk,oʊθɛk,oʊθɛk
o.θɛb,o.θɛb,oθɛb,oθɛb,oʊθɛb,oʊθɛb
o.θɛd,o.θɛd,oθɛd,oθɛd,oʊθɛd,oʊθɛd
o.θɛg,o.θɛg,oθɛg,oθɛg,oʊθɛg,oʊθɛg
o.θɛf,o.θɛf,oθɛf,oθɛf,oʊθɛf,oʊθɛf
o.θɛs,o.θɛs,oθɛs,oθɛs,oʊθɛs,oʊθɛs
o.θɛv,o.θɛv,oθɛv,oθɛv,oʊθɛv,oʊθɛv
o.θɛz,o.θɛz,oθɛz,oθɛz,oʊθɛz,oʊθɛz
o.θɛʃ,o.θɛʃ,oθɛʃ,oθɛʃ,oʊθɛʃ,oʊθɛʃ
o.θɛʒ,o.θɛʒ,oθɛʒ,oθɛʒ,oʊθɛʒ,oʊθɛʒ
o.θɛθ,o.θɛθ,oθɛθ,oθɛθ,oʊθɛθ,oʊθɛθ
o.θɛð,o.θɛð,oθɛð,oθɛð,oʊθɛð,oʊθɛð
o.ðɛm,o.ðɛm,oðɛm,oðɛm,oʊðɛm,oʊðɛm
o.ðɛn,o.ðɛn,oðɛn,oðɛn,oʊðɛn,oʊðɛn
o.ðɛŋ,o.ðɛŋ,oðɛŋ,oðɛŋ,oʊðɛŋ,oʊðɛŋ
o.ðɛp,o.ðɛp,oðɛp,oðɛp,oʊðɛp,oʊðɛp
o.ðɛt,o.ðɛt,oðɛt,oðɛt,oʊðɛt,oʊðɛt
o.ðɛk,o.ðɛk,oðɛk,oðɛk,oʊðɛk,oʊðɛk
o.ðɛb,o.ðɛb,oðɛb,oðɛb,oʊðɛb,oʊðɛb
o.ðɛd,o.ðɛd,oðɛd,oðɛd,oʊðɛd,oʊðɛd
o.ðɛg,o.ðɛg,oðɛg,oðɛg,oʊðɛg,oʊðɛg
o.ðɛf,o.ðɛf,oðɛf,oðɛf,oʊðɛf,oʊðɛf
o.ðɛs,o.ðɛs,oðɛs,oðɛs,oʊðɛs,oʊðɛs
o.ðɛv,o.ðɛv,oðɛv,oðɛv,oʊðɛv,oʊðɛv
o.ðɛz,o.ðɛz,oðɛz,oðɛz,oʊðɛz,oʊðɛz
o.ðɛʃ,o.ðɛʃ,oðɛʃ,oðɛʃ,oʊðɛʃ,oʊðɛʃ
o.ðɛʒ,o.ðɛʒ,oðɛʒ,oðɛʒ,oʊðɛʒ,oʊðɛʒ
o.ðɛθ,o.ðɛθ,oðɛθ,oðɛθ,oʊðɛθ,oʊðɛθ
o.ðɛð,o.ðɛð,oðɛð,oðɛð,oʊðɛð,oʊðɛð
o.hɛm,o.hɛm,ohɛm,ohɛm,oʊhɛm,oʊhɛm
o.hɛn,o.hɛn,ohɛn,ohɛn,oʊhɛn,oʊhɛn
o.hɛŋ,o.hɛŋ,ohɛŋ,ohɛŋ,oʊhɛŋ,oʊhɛŋ
o.hɛp,o.hɛp,ohɛp,ohɛp,oʊhɛp,oʊhɛp
o.hɛt,o.hɛt,ohɛt,ohɛt,oʊhɛt,oʊhɛt
o.hɛk,o.hɛk,ohɛk,ohɛk,oʊhɛk,oʊhɛk
o.hɛb,o.hɛb,ohɛb,ohɛb,oʊhɛb,oʊhɛb
o.hɛd,o.hɛd,ohɛd,ohɛd,oʊhɛd,oʊhɛd
o.hɛg,o.hɛg,ohɛg,ohɛg,oʊhɛg,oʊhɛg
o.hɛf,o.hɛf,ohɛf,ohɛf,oʊhɛf,oʊhɛf
o.hɛs,o.hɛs,ohɛs,ohɛs,oʊhɛs,oʊhɛs
o.hɛv,o.hɛv,ohɛv,ohɛv,oʊhɛv,oʊhɛv
o.hɛz,o.hɛz,ohɛz,ohɛz,oʊhɛz,oʊhɛz
o.hɛʃ,o.hɛʃ,ohɛʃ,ohɛʃ,oʊhɛʃ,oʊhɛʃ
o.hɛʒ,o.hɛʒ,ohɛʒ,ohɛʒ,oʊhɛʒ,oʊhɛʒ
o.hɛθ,o.hɛθ,ohɛθ,ohɛθ,oʊhɛθ,oʊhɛθ
o.hɛð,o.hɛð,ohɛð,ohɛð,oʊhɛð,oʊhɛð
o.mʊm,o.mʊm,omʊm,omʊm,oʊmʊm,oʊmʊm
o.mʊn,o.mʊn,omʊn,omʊn,oʊmʊn,oʊmʊn
o.mʊŋ,o.mʊŋ,omʊŋ,omʊŋ,oʊmʊŋ,oʊmʊŋ
o.mʊp,o.mʊp,omʊp,omʊp,oʊmʊp,oʊmʊp
o.mʊt,o.mʊt,omʊt,omʊt,oʊmʊt,oʊmʊt
o.mʊk,o.mʊk,omʊk,omʊk,oʊmʊk,oʊmʊk
o.mʊb,o.mʊb,omʊb,omʊb,oʊmʊb,oʊmʊb
o.mʊd,o.mʊd,omʊd,omʊd,oʊmʊd,oʊmʊd
o.mʊg,o.mʊg,omʊg,omʊg,oʊmʊg,oʊmʊg
o.mʊf,o.mʊf,omʊf,omʊf,oʊmʊf,oʊmʊf
o.mʊs,o.mʊs,omʊs,omʊs,oʊmʊs,oʊmʊs
o.mʊv,o.mʊv,omʊv,omʊv,oʊmʊv,oʊmʊv
o.mʊz,o.mʊz,omʊz,omʊz,oʊmʊz,oʊmʊz
o.mʊʃ,o.mʊʃ,omʊʃ,omʊʃ,oʊmʊʃ,oʊmʊʃ
o.mʊʒ,o.mʊʒ,omʊʒ,omʊʒ,oʊmʊʒ,oʊmʊʒ
o.mʊθ,o.mʊθ,omʊθ,omʊθ,oʊmʊθ,oʊmʊθ
o.mʊð,o.mʊð,omʊð,omʊð,oʊmʊð,oʊmʊð
o.nʊm,o.nʊm,onʊm,onʊm,oʊnʊm,oʊnʊm
o.nʊn,o.nʊn,onʊn,onʊn,oʊnʊn,oʊnʊn
o.nʊŋ,o.nʊŋ,onʊŋ,onʊŋ,oʊnʊŋ,oʊnʊŋ
o.nʊp,o.nʊp,onʊp,onʊp,oʊnʊp,oʊnʊp
o.nʊt,o.nʊt,onʊt,onʊt,oʊnʊt,oʊnʊt
o.nʊk,o.nʊk,onʊk,onʊk,oʊnʊk,oʊnʊk
o.nʊb,o.nʊb,onʊb,onʊb,oʊnʊb,oʊnʊb
o.nʊd,o.nʊd,onʊd,onʊd,oʊnʊd,oʊnʊd
o.nʊg,o.nʊg,onʊg,onʊg,oʊnʊg,oʊnʊg
o.nʊf,o.nʊf,onʊf,onʊf,oʊnʊf,oʊnʊf
o.nʊs,o.nʊs,onʊs,onʊs,oʊnʊs,oʊnʊs
o.nʊv,o.nʊv,onʊv,onʊv,oʊnʊv,oʊnʊv
o.nʊz,o.nʊz,onʊz,onʊz,oʊnʊz,oʊnʊz
o.nʊʃ,o.nʊʃ,onʊʃ,onʊʃ,oʊnʊʃ,oʊnʊʃ
o.nʊʒ,o.nʊʒ,onʊʒ,onʊʒ,oʊnʊʒ,oʊnʊʒ
o.nʊθ,o.nʊθ,onʊθ,onʊθ,oʊnʊθ,oʊnʊθ
o.nʊð,o.nʊð,onʊð,onʊð,oʊnʊð,oʊnʊð
o.pʊm,o.pʊm,opʊm,opʊm,oʊpʊm,oʊpʊm
o.pʊn,o.pʊn,opʊn,opʊn,oʊpʊn,oʊpʊn
o.pʊŋ,o.pʊŋ,opʊŋ,opʊŋ,oʊpʊŋ,oʊpʊŋ
o.pʊp,o.pʊp,opʊp,opʊp,oʊpʊp,oʊpʊp
o.pʊt,o.pʊt,opʊt,opʊt,oʊpʊt,oʊpʊt
o.pʊk,o.pʊk,opʊk,opʊk,oʊpʊk,oʊpʊk
o.pʊb,o.pʊb,opʊb,opʊb,oʊpʊb,oʊpʊb
o.pʊd,o.pʊd,opʊd,opʊd,oʊpʊd,oʊpʊd
o.pʊg,o.pʊg,opʊg,opʊg,oʊpʊg,oʊpʊg
o.pʊf,o.pʊf,opʊf,opʊf,oʊpʊf,oʊpʊf
o.pʊs,o.pʊs,opʊs,opʊs,oʊpʊs,oʊpʊs
o.pʊv,o.pʊv,opʊv,opʊv,oʊpʊv,oʊpʊv
o.pʊz,o.pʊz,opʊz,opʊz,oʊpʊz,oʊpʊz
o.pʊʃ,o.pʊʃ,opʊʃ,opʊʃ,oʊpʊʃ,oʊpʊʃ
o.pʊʒ,o.pʊʒ,opʊʒ,opʊʒ,oʊpʊʒ,oʊpʊʒ
o.pʊθ,o.pʊθ,opʊθ,opʊθ,oʊpʊθ,oʊpʊθ
o.pʊð,o.pʊð,opʊð,opʊð,oʊpʊð,oʊpʊð
o.tʊm,o.tʊm,otʊm,otʊm,oʊtʊm,oʊtʊm
o.tʊn,o.tʊn,otʊn,otʊn,oʊtʊn,oʊtʊn
o.tʊŋ,o.tʊŋ,otʊŋ,otʊŋ,oʊtʊŋ,oʊtʊŋ
o.tʊp,o.tʊp,otʊp,otʊp,oʊtʊp,oʊtʊp
o.tʊt,o.tʊt,otʊt,otʊt,oʊtʊt,oʊtʊt
o.tʊk,o.tʊk,otʊk,otʊk,oʊtʊk,oʊtʊk
o.tʊb,o.tʊb,otʊb,otʊb,oʊtʊb,oʊtʊb
o.tʊd,o.tʊd,otʊd,otʊd,oʊtʊd,oʊtʊd
o.tʊg,o.tʊg,otʊg,otʊg,oʊtʊg,oʊtʊg
o.tʊf,o.tʊf,otʊf,otʊf,oʊtʊf,oʊtʊf
o.tʊs,o.tʊs,otʊs,otʊs,oʊtʊs,oʊtʊs
o.tʊv,o.tʊv,otʊv,otʊv,oʊtʊv,oʊtʊv
o.tʊz,o.tʊz,otʊz,otʊz,oʊtʊz,oʊtʊz
o.tʊʃ,o.tʊʃ,otʊʃ,otʊʃ,oʊtʊʃ,oʊtʊʃ
o.tʊʒ,o.tʊʒ,otʊʒ,otʊʒ,oʊtʊʒ,oʊtʊʒ
o.tʊθ,o.tʊθ,otʊθ,otʊθ,oʊtʊθ,oʊtʊθ
o.tʊð,o.tʊð,otʊð,otʊð,oʊtʊð,oʊtʊð
o.kʊm,o.kʊm,okʊm,okʊm,oʊkʊm,oʊkʊm
o.kʊn,o.kʊn,okʊn,okʊn,oʊkʊn,oʊkʊn
o.kʊŋ,o.kʊŋ,okʊŋ,okʊŋ,oʊkʊŋ,oʊkʊŋ
o.kʊp,o.kʊp,okʊp,okʊp,oʊkʊp,oʊkʊp
o.kʊt,o.kʊt,okʊt,okʊt,oʊkʊt,oʊkʊt
o.kʊk,o.kʊk,okʊk,okʊk,oʊkʊk,oʊkʊk
o.kʊb,o.kʊb,okʊb,okʊb,oʊkʊb,oʊkʊb
o.kʊd,o.kʊd,okʊd,okʊd,oʊkʊd,oʊkʊd
o.kʊg,o.kʊg,okʊg,okʊg,oʊkʊg,oʊkʊg
o.kʊf,o.kʊf,okʊf,okʊf,oʊkʊf,oʊkʊf
o.kʊs,o.kʊs,okʊs,okʊs,oʊkʊs,oʊkʊs
o.kʊv,o.kʊv,okʊv,okʊv,oʊkʊv,oʊkʊv
o.kʊz,o.kʊz,okʊz,okʊz,oʊkʊz,oʊkʊz
o.kʊʃ,o.kʊʃ,okʊʃ,okʊʃ,oʊkʊʃ,oʊkʊʃ
o.kʊʒ,o.kʊʒ,okʊʒ,okʊʒ,oʊkʊʒ,oʊkʊʒ
o.kʊθ,o.kʊθ,okʊθ,okʊθ,oʊkʊθ,oʊkʊθ
o.kʊð,o.kʊð,okʊð,okʊð,oʊkʊð,oʊkʊð
o.bʊm,o.bʊm,obʊm,obʊm,oʊbʊm,oʊbʊm
o.bʊn,o.bʊn,obʊn,obʊn,oʊbʊn,oʊbʊn
o.bʊŋ,o.bʊŋ,obʊŋ,obʊŋ,oʊbʊŋ,oʊbʊŋ
o.bʊp,o.bʊp,obʊp,obʊp,oʊbʊp,oʊbʊp
o.bʊt,o.bʊt,obʊt,obʊt,oʊbʊt,oʊbʊt
o.bʊk,o.bʊk,obʊk,obʊk,oʊbʊk,oʊbʊk
o.bʊb,o.bʊb,obʊb,obʊb,oʊbʊb,oʊbʊb
o.bʊd,o.bʊd,obʊd,obʊd,oʊbʊd,oʊbʊd
o.bʊg,o.bʊg,obʊg,obʊg,oʊbʊg,oʊbʊg
o.bʊf,o.bʊf,obʊf,obʊf,oʊbʊf,oʊbʊf
o.bʊs,o.bʊs,obʊs,obʊs,oʊbʊs,oʊbʊs
o.bʊv,o.bʊv,obʊv,obʊv,oʊbʊv,oʊbʊv
o.bʊz,o.bʊz,obʊz,obʊz,oʊbʊz,oʊbʊz
o.bʊʃ,o.bʊʃ,obʊʃ,obʊʃ,oʊbʊʃ,oʊbʊʃ
o.bʊʒ,o.bʊʒ,obʊʒ,obʊʒ,oʊbʊʒ,oʊbʊʒ
o.bʊθ,o.bʊθ,obʊθ,obʊθ,oʊbʊθ,oʊbʊθ
o.bʊð,o.bʊð,obʊð,obʊð,oʊbʊð,oʊbʊð
o.dʊm,o.dʊm,odʊm,odʊm,oʊdʊm,oʊdʊm
o.dʊn,o.dʊn,odʊn,odʊn,oʊdʊn,oʊdʊn
o.dʊŋ,o.dʊŋ,odʊŋ,odʊŋ,oʊdʊŋ,oʊdʊŋ
o.dʊp,o.dʊp,odʊp,odʊp,oʊdʊp,oʊdʊp
o.dʊt,o.dʊt,odʊt,odʊt,oʊdʊt,oʊdʊt
o.dʊk,o.dʊk,odʊk,odʊk,oʊdʊk,oʊdʊk
o.dʊb,o.dʊb,odʊb,odʊb,oʊdʊb,oʊdʊb
o.dʊd,o.dʊd,odʊd,odʊd,oʊdʊd,oʊdʊd
o.dʊg,o.dʊg,odʊg,odʊg,oʊdʊg,oʊdʊg
o.dʊf,o.dʊf,odʊf,odʊf,oʊdʊf,oʊdʊf
o.dʊs,o.dʊs,odʊs,odʊs,oʊdʊs,oʊdʊs
o.dʊv,o.dʊv,odʊv,odʊv,oʊdʊv,oʊdʊv
o.dʊz,o.dʊz,odʊz,odʊz,oʊdʊz,oʊdʊz
o.dʊʃ,o.dʊʃ,odʊʃ,odʊʃ,oʊdʊʃ,oʊdʊʃ
o.dʊʒ,o.dʊʒ,odʊʒ,odʊʒ,oʊdʊʒ,oʊdʊʒ
o.dʊθ,o.dʊθ,odʊθ,odʊθ,oʊdʊθ,oʊdʊθ
o.dʊð,o.dʊð,odʊð,odʊð,oʊdʊð,oʊdʊð
o.gʊm,o.gʊm,ogʊm,ogʊm,oʊgʊm,oʊgʊm
o.gʊn,o.gʊn,ogʊn,ogʊn,oʊgʊn,oʊgʊn
o.gʊŋ,o.gʊŋ,ogʊŋ,ogʊŋ,oʊgʊŋ,oʊgʊŋ
o.gʊp,o.gʊp,ogʊp,ogʊp,oʊgʊp,oʊgʊp
o.gʊt,o.gʊt,ogʊt,ogʊt,oʊgʊt,oʊgʊt
o.gʊk,o.gʊk,ogʊk,ogʊk,oʊgʊk,oʊgʊk
o.gʊb,o.gʊb,ogʊb,ogʊb,oʊgʊb,oʊgʊb
o.gʊd,o.gʊd,ogʊd,ogʊd,oʊgʊd,oʊgʊd
o.gʊg,o.gʊg,ogʊg,ogʊg,oʊgʊg,oʊgʊg
o.gʊf,o.gʊf,ogʊf,ogʊf,oʊgʊf,oʊgʊf
o.gʊs,o.gʊs,ogʊs,ogʊs,oʊgʊs,oʊgʊs
o.gʊv,o.gʊv,ogʊv,ogʊv,oʊgʊv,oʊgʊv
o.gʊz,o.gʊz,ogʊz,ogʊz,oʊgʊz,oʊgʊz
o.gʊʃ,o.gʊʃ,ogʊʃ,ogʊʃ,oʊgʊʃ,oʊgʊʃ
o.gʊʒ,o.gʊʒ,ogʊʒ,ogʊʒ,oʊgʊʒ,oʊgʊʒ
o.gʊθ,o.gʊθ,ogʊθ,ogʊθ,oʊgʊθ,oʊgʊθ
o.gʊð,o.gʊð,ogʊð,ogʊð,oʊgʊð,oʊgʊð
o.fʊm,o.fʊm,ofʊm,ofʊm,oʊfʊm,oʊfʊm
o.fʊn,o.fʊn,ofʊn,ofʊn,oʊfʊn,oʊfʊn
o.fʊŋ,o.fʊŋ,ofʊŋ,ofʊŋ,oʊfʊŋ,oʊfʊŋ
o.fʊp,o.fʊp,ofʊp,ofʊp,oʊfʊp,oʊfʊp
o.fʊt,o.fʊt,ofʊt,ofʊt,oʊfʊt,oʊfʊt
o.fʊk,o.fʊk,ofʊk,ofʊk,oʊfʊk,oʊfʊk
o.fʊb,o.fʊb,ofʊb,ofʊb,oʊfʊb,oʊfʊb
o.fʊd,o.fʊd,ofʊd,ofʊd,oʊfʊd,oʊfʊd
o.fʊg,o.fʊg,ofʊg,ofʊg,oʊfʊg,oʊfʊg
o.fʊf,o.fʊf,ofʊf,ofʊf,oʊfʊf,oʊfʊf
o.fʊs,o.fʊs,ofʊs,ofʊs,oʊfʊs,oʊfʊs
o.fʊv,o.fʊv,ofʊv,ofʊv,oʊfʊv,oʊfʊv
o.fʊz,o.fʊz,ofʊz,ofʊz,oʊfʊz,oʊfʊz
o.fʊʃ,o.fʊʃ,ofʊʃ,ofʊʃ,oʊfʊʃ,oʊfʊʃ
o.fʊʒ,o.fʊʒ,ofʊʒ,ofʊʒ,oʊfʊʒ,oʊfʊʒ
o.fʊθ,o.fʊθ,ofʊθ,ofʊθ,oʊfʊθ,oʊfʊθ
o.fʊð,o.fʊð,ofʊð,ofʊð,oʊfʊð,oʊfʊð
o.sʊm,o.sʊm,osʊm,osʊm,oʊsʊm,oʊsʊm
o.sʊn,o.sʊn,osʊn,osʊn,oʊsʊn,oʊsʊn
o.sʊŋ,o.sʊŋ,osʊŋ,osʊŋ,oʊsʊŋ,oʊsʊŋ
o.sʊp,o.sʊp,osʊp,osʊp,oʊsʊp,oʊsʊp
o.sʊt,o.sʊt,osʊt,osʊt,oʊsʊt,oʊsʊt
o.sʊk,o.sʊk,osʊk,osʊk,oʊsʊk,oʊsʊk
o.sʊb,o.sʊb,osʊb,osʊb,oʊsʊb,oʊsʊb
o.sʊd,o.sʊd,osʊd,osʊd,oʊsʊd,oʊsʊd
o.sʊg,o.sʊg,osʊg,osʊg,oʊsʊg,oʊsʊg
o.sʊf,o.sʊf,osʊf,osʊf,oʊsʊf,oʊsʊf
o.sʊs,o.sʊs,osʊs,osʊs,oʊsʊs,oʊsʊs
o.sʊv,o.sʊv,osʊv,osʊv,oʊsʊv,oʊsʊv
o.sʊz,o.sʊz,osʊz,osʊz,oʊsʊz,oʊsʊz
o.sʊʃ,o.sʊʃ,osʊʃ,osʊʃ,oʊsʊʃ,oʊsʊʃ
o.sʊʒ,o.sʊʒ,osʊʒ,osʊʒ,oʊsʊʒ,oʊsʊʒ
o.sʊθ,o.sʊθ,osʊθ,osʊθ,oʊsʊθ,oʊsʊθ
o.sʊð,o.sʊð,osʊð,osʊð,oʊsʊð,oʊsʊð
o.vʊm,o.vʊm,ovʊm,ovʊm,oʊvʊm,oʊvʊm
o.vʊn,o.vʊn,ovʊn,ovʊn,oʊvʊn,oʊvʊn
o.vʊŋ,o.vʊŋ,ovʊŋ,ovʊŋ,oʊvʊŋ,oʊvʊŋ
o.vʊp,o.vʊp,ovʊp,ovʊp,oʊvʊp,oʊvʊp
o.vʊt,o.vʊt,ovʊt,ovʊt,oʊvʊt,oʊvʊt
o.vʊk,o.vʊk,ovʊk,ovʊk,oʊvʊk,oʊvʊk
o.vʊb,o.vʊb,ovʊb,ovʊb,oʊvʊb,oʊvʊb
o.vʊd,o.vʊd,ovʊd,ovʊd,oʊvʊd,oʊvʊd
o.vʊg,o.vʊg,ovʊg,ovʊg,oʊvʊg,oʊvʊg
o.vʊf,o.vʊf,ovʊf,ovʊf,oʊvʊf,oʊvʊf
o.vʊs,o.vʊs,ovʊs,ovʊs,oʊvʊs,oʊvʊs
o.vʊv,o.vʊv,ovʊv,ovʊv,oʊvʊv,oʊvʊv
o.vʊz,o.vʊz,ovʊz,ovʊz,oʊvʊz,oʊvʊz
o.vʊʃ,o.vʊʃ,ovʊʃ,ovʊʃ,oʊvʊʃ,oʊvʊʃ
o.vʊʒ,o.vʊʒ,ovʊʒ,ovʊʒ,oʊvʊʒ,oʊvʊʒ
o.vʊθ,o.vʊθ,ovʊθ,ovʊθ,oʊvʊθ,oʊvʊθ
o.vʊð,o.vʊð,ovʊð,ovʊð,oʊvʊð,oʊvʊð
o.zʊm,o.zʊm,ozʊm,ozʊm,oʊzʊm,oʊzʊm
o.zʊn,o.zʊn,ozʊn,ozʊn,oʊzʊn,oʊzʊn
o.zʊŋ,o.zʊŋ,ozʊŋ,ozʊŋ,oʊzʊŋ,oʊzʊŋ
o.zʊp,o.zʊp,ozʊp,ozʊp,oʊzʊp,oʊzʊp
o.zʊt,o.zʊt,ozʊt,ozʊt,oʊzʊt,oʊzʊt
o.zʊk,o.zʊk,ozʊk,ozʊk,oʊzʊk,oʊzʊk
o.zʊb,o.zʊb,ozʊb,ozʊb,oʊzʊb,oʊzʊb
o.zʊd,o.zʊd,ozʊd,ozʊd,oʊzʊd,oʊzʊd
o.zʊg,o.zʊg,ozʊg,ozʊg,oʊzʊg,oʊzʊg
o.zʊf,o.zʊf,ozʊf,ozʊf,oʊzʊf,oʊzʊf
o.zʊs,o.zʊs,ozʊs,ozʊs,oʊzʊs,oʊzʊs
o.zʊv,o.zʊv,ozʊv,ozʊv,oʊzʊv,oʊzʊv
o.zʊz,o.zʊz,ozʊz,ozʊz,oʊzʊz,oʊzʊz
o.zʊʃ,o.zʊʃ,ozʊʃ,ozʊʃ,oʊzʊʃ,oʊzʊʃ
o.zʊʒ,o.zʊʒ,ozʊʒ,ozʊʒ,oʊzʊʒ,oʊzʊʒ
o.zʊθ,o.zʊθ,ozʊθ,ozʊθ,oʊzʊθ,oʊzʊθ
o.zʊð,o.zʊð,ozʊð,ozʊð,oʊzʊð,oʊzʊð
o.ʃʊm,o.ʃʊm,oʃʊm,oʃʊm,oʊʃʊm,oʊʃʊm
o.ʃʊn,o.ʃʊn,oʃʊn,oʃʊn,oʊʃʊn,oʊʃʊn
o.ʃʊŋ,o.ʃʊŋ,oʃʊŋ,oʃʊŋ,oʊʃʊŋ,oʊʃʊŋ
o.ʃʊp,o.ʃʊp,oʃʊp,oʃʊp,oʊʃʊp,oʊʃʊp
o.ʃʊt,o.ʃʊt,oʃʊt,oʃʊt,oʊʃʊt,oʊʃʊt
o.ʃʊk,o.ʃʊk,oʃʊk,oʃʊk,oʊʃʊk,oʊʃʊk
o.ʃʊb,o.ʃʊb,oʃʊb,oʃʊb,oʊʃʊb,oʊʃʊb
o.ʃʊd,o.ʃʊd,oʃʊd,oʃʊd,oʊʃʊd,oʊʃʊd
o.ʃʊg,o.ʃʊg,oʃʊg,oʃʊg,oʊʃʊg,oʊʃʊg
o.ʃʊf,o.ʃʊf,oʃʊf,oʃʊf,oʊʃʊf,oʊʃʊf
o.ʃʊs,o.ʃʊs,oʃʊs,oʃʊs,oʊʃʊs,oʊʃʊs
o.ʃʊv,o.ʃʊv,oʃʊv,oʃʊv,oʊʃʊv,oʊʃʊv
o.ʃʊz,o.ʃʊz,oʃʊz,oʃʊz,oʊʃʊz,oʊʃʊz
o.ʃʊʃ,o.ʃʊʃ,oʃʊʃ,oʃʊʃ,oʊʃʊʃ,oʊʃʊʃ
o.ʃʊʒ,o.ʃʊʒ,oʃʊʒ,oʃʊʒ,oʊʃʊʒ,oʊʃʊʒ
o.ʃʊθ,o.ʃʊθ,oʃʊθ,oʃʊθ,oʊʃʊθ,oʊʃʊθ
o.ʃʊð,o.ʃʊð,oʃʊð,oʃʊð,oʊʃʊð,oʊʃʊð
o.ʒʊm,o.ʒʊm,oʒʊm,oʒʊm,oʊʒʊm,oʊʒʊm
o.ʒʊn,o.ʒʊn,oʒʊn,oʒʊn,oʊʒʊn,oʊʒʊn
o.ʒʊŋ,o.ʒʊŋ,oʒʊŋ,oʒʊŋ,oʊʒʊŋ,oʊʒʊŋ
o.ʒʊp,o.ʒʊp,oʒʊp,oʒʊp,oʊʒʊp,oʊʒʊp
o.ʒʊt,o.ʒʊt,oʒʊt,oʒʊt,oʊʒʊt,oʊʒʊt
o.ʒʊk,o.ʒʊk,oʒʊk,oʒʊk,oʊʒʊk,oʊʒʊk
o.ʒʊb,o.ʒʊb,oʒʊb,oʒʊb,oʊʒʊb,oʊʒʊb
o.ʒʊd,o.ʒʊd,oʒʊd,oʒʊd,oʊʒʊd,oʊʒʊd
o.ʒʊg,o.ʒʊg,oʒʊg,oʒʊg,oʊʒʊg,oʊʒʊg
o.ʒʊf,o.ʒʊf,oʒʊf,oʒʊf,oʊʒʊf,oʊʒʊf
o.ʒʊs,o.ʒʊs,oʒʊs,oʒʊs,oʊʒʊs,oʊʒʊs
o.ʒʊv,o.ʒʊv,oʒʊv,oʒʊv,oʊʒʊv,oʊʒʊv
o.ʒʊz,o.ʒʊz,oʒʊz,oʒʊz,oʊʒʊz,oʊʒʊz
o.ʒʊʃ,o.ʒʊʃ,oʒʊʃ,oʒʊʃ,oʊʒʊʃ,oʊʒʊʃ
o.ʒʊʒ,o.ʒʊʒ,oʒʊʒ,oʒʊʒ,oʊʒʊʒ,oʊʒʊʒ
o.ʒʊθ,o.ʒʊθ,oʒʊθ,oʒʊθ,oʊʒʊθ,oʊʒʊθ
o.ʒʊð,o.ʒʊð,oʒʊð,oʒʊð,oʊʒʊð,oʊʒʊð
o.θʊm,o.θʊm,oθʊm,oθʊm,oʊθʊm,oʊθʊm
o.θʊn,o.θʊn,oθʊn,oθʊn,oʊθʊn,oʊθʊn
o.θʊŋ,o.θʊŋ,oθʊŋ,oθʊŋ,oʊθʊŋ,oʊθʊŋ
o.θʊp,o.θʊp,oθʊp,oθʊp,oʊθʊp,oʊθʊp
o.θʊt,o.θʊt,oθʊt,oθʊt,oʊθʊt,oʊθʊt
o.θʊk,o.θʊk,oθʊk,oθʊk,oʊθʊk,oʊθʊk
o.θʊb,o.θʊb,oθʊb,oθʊb,oʊθʊb,oʊθʊb
o.θʊd,o.θʊd,oθʊd,oθʊd,oʊθʊd,oʊθʊd
o.θʊg,o.θʊg,oθʊg,oθʊg,oʊθʊg,oʊθʊg
o.θʊf,o.θʊf,oθʊf,oθʊf,oʊθʊf,oʊθʊf
o.θʊs,o.θʊs,oθʊs,oθʊs,oʊθʊs,oʊθʊs
o.θʊv,o.θʊv,oθʊv,oθʊv,oʊθʊv,oʊθʊv
o.θʊz,o.θʊz,oθʊz,oθʊz,oʊθʊz,oʊθʊz
o.θʊʃ,o.θʊʃ,oθʊʃ,oθʊʃ,oʊθʊʃ,oʊθʊʃ
o.θʊʒ,o.θʊʒ,oθʊʒ,oθʊʒ,oʊθʊʒ,oʊθʊʒ
o.θʊθ,o.θʊθ,oθʊθ,oθʊθ,oʊθʊθ,oʊθʊθ
o.θʊð,o.θʊð,oθʊð,oθʊð,oʊθʊð,oʊθʊð
o.ðʊm,o.ðʊm,oðʊm,oðʊm,oʊðʊm,oʊðʊm
o.ðʊn,o.ðʊn,oðʊn,oðʊn,oʊðʊn,oʊðʊn
o.ðʊŋ,o.ðʊŋ,oðʊŋ,oðʊŋ,oʊðʊŋ,oʊðʊŋ
o.ðʊp,o.ðʊp,oðʊp,oðʊp,oʊðʊp,oʊðʊp
o.ðʊt,o.ðʊt,oðʊt,oðʊt,oʊðʊt,oʊðʊt
o.ðʊk,o.ðʊk,oðʊk,oðʊk,oʊðʊk,oʊðʊk
o.ðʊb,o.ðʊb,oðʊb,oðʊb,oʊðʊb,oʊðʊb
o.ðʊd,o.ðʊd,oðʊd,oðʊd,oʊðʊd,oʊðʊd
o.ðʊg,o.ðʊg,oðʊg,oðʊg,oʊðʊg,oʊðʊg
o.ðʊf,o.ðʊf,oðʊf,oðʊf,oʊðʊf,oʊðʊf
o.ðʊs,o.ðʊs,oðʊs,oðʊs,oʊðʊs,oʊðʊs
o.ðʊv,o.ðʊv,oðʊv,oðʊv,oʊðʊv,oʊðʊv
o.ðʊz,o.ðʊz,oðʊz,oðʊz,oʊðʊz,oʊðʊz
o.ðʊʃ,o.ðʊʃ,oðʊʃ,oðʊʃ,oʊðʊʃ,oʊðʊʃ
o.ðʊʒ,o.ðʊʒ,oðʊʒ,oðʊʒ,oʊðʊʒ,oʊðʊʒ
o.ðʊθ,o.ðʊθ,oðʊθ,oðʊθ,oʊðʊθ,oʊðʊθ
o.ðʊð,o.ðʊð,oðʊð,oðʊð,oʊðʊð,oʊðʊð
o.hʊm,o.hʊm,ohʊm,ohʊm,oʊhʊm,oʊhʊm
o.hʊn,o.hʊn,ohʊn,ohʊn,oʊhʊn,oʊhʊn
o.hʊŋ,o.hʊŋ,ohʊŋ,ohʊŋ,oʊhʊŋ,oʊhʊŋ
o.hʊp,o.hʊp,ohʊp,ohʊp,oʊhʊp,oʊhʊp
o.hʊt,o.hʊt,ohʊt,ohʊt,oʊhʊt,oʊhʊt
o.hʊk,o.hʊk,ohʊk,ohʊk,oʊhʊk,oʊhʊk
o.hʊb,o.hʊb,ohʊb,ohʊb,oʊhʊb,oʊhʊb
o.hʊd,o.hʊd,ohʊd,ohʊd,oʊhʊd,oʊhʊd
o.hʊg,o.hʊg,ohʊg,ohʊg,oʊhʊg,oʊhʊg
o.hʊf,o.hʊf,ohʊf,ohʊf,oʊhʊf,oʊhʊf
o.hʊs,o.hʊs,ohʊs,ohʊs,oʊhʊs,oʊhʊs
o.hʊv,o.hʊv,ohʊv,ohʊv,oʊhʊv,oʊhʊv
o.hʊz,o.hʊz,ohʊz,ohʊz,oʊhʊz,oʊhʊz
o.hʊʃ,o.hʊʃ,ohʊʃ,ohʊʃ,oʊhʊʃ,oʊhʊʃ
o.hʊʒ,o.hʊʒ,ohʊʒ,ohʊʒ,oʊhʊʒ,oʊhʊʒ
o.hʊθ,o.hʊθ,ohʊθ,ohʊθ,oʊhʊθ,oʊhʊθ
o.hʊð,o.hʊð,ohʊð,ohʊð,oʊhʊð,oʊhʊð
o.mɔm,o.mɔm,omɔm,omɔm,oʊmɔm,oʊmɔm
o.mɔn,o.mɔn,omɔn,omɔn,oʊmɔn,oʊmɔn
o.mɔŋ,o.mɔŋ,omɔŋ,omɔŋ,oʊmɔŋ,oʊmɔŋ
o.mɔp,o.mɔp,omɔp,omɔp,oʊmɔp,oʊmɔp
o.mɔt,o.mɔt,omɔt,omɔt,oʊmɔt,oʊmɔt
o.mɔk,o.mɔk,omɔk,omɔk,oʊmɔk,oʊmɔk
o.mɔb,o.mɔb,omɔb,omɔb,oʊmɔb,oʊmɔb
o.mɔd,o.mɔd,omɔd,omɔd,oʊmɔd,oʊmɔd
o.mɔg,o.mɔg,omɔg,omɔg,oʊmɔg,oʊmɔg
o.mɔf,o.mɔf,omɔf,omɔf,oʊmɔf,oʊmɔf
o.mɔs,o.mɔs,omɔs,omɔs,oʊmɔs,oʊmɔs
o.mɔv,o.mɔv,omɔv,omɔv,oʊmɔv,oʊmɔv
o.mɔz,o.mɔz,omɔz,omɔz,oʊmɔz,oʊmɔz
o.mɔʃ,o.mɔʃ,omɔʃ,omɔʃ,oʊmɔʃ,oʊmɔʃ
o.mɔʒ,o.mɔʒ,omɔʒ,omɔʒ,oʊmɔʒ,oʊmɔʒ
o.mɔθ,o.mɔθ,omɔθ,omɔθ,oʊmɔθ,oʊmɔθ
o.mɔð,o.mɔð,omɔð,omɔð,oʊmɔð,oʊmɔð
o.nɔm,o.nɔm,onɔm,onɔm,oʊnɔm,oʊnɔm
o.nɔn,o.nɔn,onɔn,onɔn,oʊnɔn,oʊnɔn
o.nɔŋ,o.nɔŋ,onɔŋ,onɔŋ,oʊnɔŋ,oʊnɔŋ
o.nɔp,o.nɔp,onɔp,onɔp,oʊnɔp,oʊnɔp
o.nɔt,o.nɔt,onɔt,onɔt,oʊnɔt,oʊnɔt
o.nɔk,o.nɔk,onɔk,onɔk,oʊnɔk,oʊnɔk
o.nɔb,o.nɔb,onɔb,onɔb,oʊnɔb,oʊnɔb
o.nɔd,o.nɔd,onɔd,onɔd,oʊnɔd,oʊnɔd
o.nɔg,o.nɔg,onɔg,onɔg,oʊnɔg,oʊnɔg
o.nɔf,o.nɔf,onɔf,onɔf,oʊnɔf,oʊnɔf
o.nɔs,o.nɔs,onɔs,onɔs,oʊnɔs,oʊnɔs
o.nɔv,o.nɔv,onɔv,onɔv,oʊnɔv,oʊnɔv
o.nɔz,o.nɔz,onɔz,onɔz,oʊnɔz,oʊnɔz
o.nɔʃ,o.nɔʃ,onɔʃ,onɔʃ,oʊnɔʃ,oʊnɔʃ
o.nɔʒ,o.nɔʒ,onɔʒ,onɔʒ,oʊnɔʒ,oʊnɔʒ
o.nɔθ,o.nɔθ,onɔθ,onɔθ,oʊnɔθ,oʊnɔθ
o.nɔð,o.nɔð,onɔð,onɔð,oʊnɔð,oʊnɔð
o.pɔm,o.pɔm,opɔm,opɔm,oʊpɔm,oʊpɔm
o.pɔn,o.pɔn,opɔn,opɔn,oʊpɔn,oʊpɔn
o.pɔŋ,o.pɔŋ,opɔŋ,opɔŋ,oʊpɔŋ,oʊpɔŋ
o.pɔp,o.pɔp,opɔp,opɔp,oʊpɔp,oʊpɔp
o.pɔt,o.pɔt,opɔt,opɔt,oʊpɔt,oʊpɔt
o.pɔk,o.pɔk,opɔk,opɔk,oʊpɔk,oʊpɔk
o.pɔb,o.pɔb,opɔb,opɔb,oʊpɔb,oʊpɔb
o.pɔd,o.pɔd,opɔd,opɔd,oʊpɔd,oʊpɔd
o.pɔg,o.pɔg,opɔg,opɔg,oʊpɔg,oʊpɔg
o.pɔf,o.pɔf,opɔf,opɔf,oʊpɔf,oʊpɔf
o.pɔs,o.pɔs,opɔs,opɔs,oʊpɔs,oʊpɔs
o.pɔv,o.pɔv,opɔv,opɔv,oʊpɔv,oʊpɔv
o.pɔz,o.pɔz,opɔz,opɔz,oʊpɔz,oʊpɔz
o.pɔʃ,o.pɔʃ,opɔʃ,opɔʃ,oʊpɔʃ,oʊpɔʃ
o.pɔʒ,o.pɔʒ,opɔʒ,opɔʒ,oʊpɔʒ,oʊpɔʒ
o.pɔθ,o.pɔθ,opɔθ,opɔθ,oʊpɔθ,oʊpɔθ
o.pɔð,o.pɔð,opɔð,opɔð,oʊpɔð,oʊpɔð
o.tɔm,o.tɔm,otɔm,otɔm,oʊtɔm,oʊtɔm
o.tɔn,o.tɔn,otɔn,otɔn,oʊtɔn,oʊtɔn
o.tɔŋ,o.tɔŋ,otɔŋ,otɔŋ,oʊtɔŋ,oʊtɔŋ
o.tɔp,o.tɔp,otɔp,otɔp,oʊtɔp,oʊtɔp
o.tɔt,o.tɔt,otɔt,otɔt,oʊtɔt,oʊtɔt
o.tɔk,o.tɔk,otɔk,otɔk,oʊtɔk,oʊtɔk
o.tɔb,o.tɔb,otɔb,otɔb,oʊtɔb,oʊtɔb
o.tɔd,o.tɔd,otɔd,otɔd,oʊtɔd,oʊtɔd
o.tɔg,o.tɔg,otɔg,otɔg,oʊtɔg,oʊtɔg
o.tɔf,o.tɔf,otɔf,otɔf,oʊtɔf,oʊtɔf
o.tɔs,o.tɔs,otɔs,otɔs,oʊtɔs,oʊtɔs
o.tɔv,o.tɔv,otɔv,otɔv,oʊtɔv,oʊtɔv
o.tɔz,o.tɔz,otɔz,otɔz,oʊtɔz,oʊtɔz
o.tɔʃ,o.tɔʃ,otɔʃ,otɔʃ,oʊtɔʃ,oʊtɔʃ
o.tɔʒ,o.tɔʒ,otɔʒ,otɔʒ,oʊtɔʒ,oʊtɔʒ
o.tɔθ,o.tɔθ,otɔθ,otɔθ,oʊtɔθ,oʊtɔθ
o.tɔð,o.tɔð,otɔð,otɔð,oʊtɔð,oʊtɔð
o.kɔm,o.kɔm,okɔm,okɔm,oʊkɔm,oʊkɔm
o.kɔn,o.kɔn,okɔn,okɔn,oʊkɔn,oʊkɔn
o.kɔŋ,o.kɔŋ,okɔŋ,okɔŋ,oʊkɔŋ,oʊkɔŋ
o.kɔp,o.kɔp,okɔp,okɔp,oʊkɔp,oʊkɔp
o.kɔt,o.kɔt,okɔt,okɔt,oʊkɔt,oʊkɔt
o.kɔk,o.kɔk,okɔk,okɔk,oʊkɔk,oʊkɔk
o.kɔb,o.kɔb,okɔb,okɔb,oʊkɔb,oʊkɔb
o.kɔd,o.kɔd,okɔd,okɔd,oʊkɔd,oʊkɔd
o.kɔg,o.kɔg,okɔg,okɔg,oʊkɔg,oʊkɔg
o.kɔf,o.kɔf,okɔf,okɔf,oʊkɔf,oʊkɔf
o.kɔs,o.kɔs,okɔs,okɔs,oʊkɔs,oʊkɔs
o.kɔv,o.kɔv,okɔv,okɔv,oʊkɔv,oʊkɔv
o.kɔz,o.kɔz,okɔz,okɔz,oʊkɔz,oʊkɔz
o.kɔʃ,o.kɔʃ,okɔʃ,okɔʃ,oʊkɔʃ,oʊkɔʃ
o.kɔʒ,o.kɔʒ,okɔʒ,okɔʒ,oʊkɔʒ,oʊkɔʒ
o.kɔθ,o.kɔθ,okɔθ,okɔθ,oʊkɔθ,oʊkɔθ
o.kɔð,o.kɔð,okɔð,okɔð,oʊkɔð,oʊkɔð
o.bɔm,o.bɔm,obɔm,obɔm,oʊbɔm,oʊbɔm
o.bɔn,o.bɔn,obɔn,obɔn,oʊbɔn,oʊbɔn
o.bɔŋ,o.bɔŋ,obɔŋ,obɔŋ,oʊbɔŋ,oʊbɔŋ
o.bɔp,o.bɔp,obɔp,obɔp,oʊbɔp,oʊbɔp
o.bɔt,o.bɔt,obɔt,obɔt,oʊbɔt,oʊbɔt
o.bɔk,o.bɔk,obɔk,obɔk,oʊbɔk,oʊbɔk
o.bɔb,o.bɔb,obɔb,obɔb,oʊbɔb,oʊbɔb
o.bɔd,o.bɔd,obɔd,obɔd,oʊbɔd,oʊbɔd
o.bɔg,o.bɔg,obɔg,obɔg,oʊbɔg,oʊbɔg
o.bɔf,o.bɔf,obɔf,obɔf,oʊbɔf,oʊbɔf
o.bɔs,o.bɔs,obɔs,obɔs,oʊbɔs,oʊbɔs
o.bɔv,o.bɔv,obɔv,obɔv,oʊbɔv,oʊbɔv
o.bɔz,o.bɔz,obɔz,obɔz,oʊbɔz,oʊbɔz
o.bɔʃ,o.bɔʃ,obɔʃ,obɔʃ,oʊbɔʃ,oʊbɔʃ
o.bɔʒ,o.bɔʒ,obɔʒ,obɔʒ,oʊbɔʒ,oʊbɔʒ
o.bɔθ,o.bɔθ,obɔθ,obɔθ,oʊbɔθ,oʊbɔθ
o.bɔð,o.bɔð,obɔð,obɔð,oʊbɔð,oʊbɔð
o.dɔm,o.dɔm,odɔm,odɔm,oʊdɔm,oʊdɔm
o.dɔn,o.dɔn,odɔn,odɔn,oʊdɔn,oʊdɔn
o.dɔŋ,o.dɔŋ,odɔŋ,odɔŋ,oʊdɔŋ,oʊdɔŋ
o.dɔp,o.dɔp,odɔp,odɔp,oʊdɔp,oʊdɔp
o.dɔt,o.dɔt,odɔt,odɔt,oʊdɔt,oʊdɔt
o.dɔk,o.dɔk,odɔk,odɔk,oʊdɔk,oʊdɔk
o.dɔb,o.dɔb,odɔb,odɔb,oʊdɔb,oʊdɔb
o.dɔd,o.dɔd,odɔd,odɔd,oʊdɔd,oʊdɔd
o.dɔg,o.dɔg,odɔg,odɔg,oʊdɔg,oʊdɔg
o.dɔf,o.dɔf,odɔf,odɔf,oʊdɔf,oʊdɔf
o.dɔs,o.dɔs,odɔs,odɔs,oʊdɔs,oʊdɔs
o.dɔv,o.dɔv,odɔv,odɔv,oʊdɔv,oʊdɔv
o.dɔz,o.dɔz,odɔz,odɔz,oʊdɔz,oʊdɔz
o.dɔʃ,o.dɔʃ,odɔʃ,odɔʃ,oʊdɔʃ,oʊdɔʃ
o.dɔʒ,o.dɔʒ,odɔʒ,odɔʒ,oʊdɔʒ,oʊdɔʒ
o.dɔθ,o.dɔθ,odɔθ,odɔθ,oʊdɔθ,oʊdɔθ
o.dɔð,o.dɔð,odɔð,odɔð,oʊdɔð,oʊdɔð
o.gɔm,o.gɔm,ogɔm,ogɔm,oʊgɔm,oʊgɔm
o.gɔn,o.gɔn,ogɔn,ogɔn,oʊgɔn,oʊgɔn
o.gɔŋ,o.gɔŋ,ogɔŋ,ogɔŋ,oʊgɔŋ,oʊgɔŋ
o.gɔp,o.gɔp,ogɔp,ogɔp,oʊgɔp,oʊgɔp
o.gɔt,o.gɔt,ogɔt,ogɔt,oʊgɔt,oʊgɔt
o.gɔk,o.gɔk,ogɔk,ogɔk,oʊgɔk,oʊgɔk
o.gɔb,o.gɔb,ogɔb,ogɔb,oʊgɔb,oʊgɔb
o.gɔd,o.gɔd,ogɔd,ogɔd,oʊgɔd,oʊgɔd
o.gɔg,o.gɔg,ogɔg,ogɔg,oʊgɔg,oʊgɔg
o.gɔf,o.gɔf,ogɔf,ogɔf,oʊgɔf,oʊgɔf
o.gɔs,o.gɔs,ogɔs,ogɔs,oʊgɔs,oʊgɔs
o.gɔv,o.gɔv,ogɔv,ogɔv,oʊgɔv,oʊgɔv
o.gɔz,o.gɔz,ogɔz,ogɔz,oʊgɔz,oʊgɔz
o.gɔʃ,o.gɔʃ,ogɔʃ,ogɔʃ,oʊgɔʃ,oʊgɔʃ
o.gɔʒ,o.gɔʒ,ogɔʒ,ogɔʒ,oʊgɔʒ,oʊgɔʒ
o.gɔθ,o.gɔθ,ogɔθ,ogɔθ,oʊgɔθ,oʊgɔθ
o.gɔð,o.gɔð,ogɔð,ogɔð,oʊgɔð,oʊgɔð
o.fɔm,o.fɔm,ofɔm,ofɔm,oʊfɔm,oʊfɔm
o.fɔn,o.fɔn,ofɔn,ofɔn,oʊfɔn,oʊfɔn
o.fɔŋ,o.fɔŋ,ofɔŋ,ofɔŋ,oʊfɔŋ,oʊfɔŋ
o.fɔp,o.fɔp,ofɔp,ofɔp,oʊfɔp,oʊfɔp
o.fɔt,o.fɔt,ofɔt,ofɔt,oʊfɔt,oʊfɔt
o.fɔk,o.fɔk,ofɔk,ofɔk,oʊfɔk,oʊfɔk
o.fɔb,o.fɔb,ofɔb,ofɔb,oʊfɔb,oʊfɔb
o.fɔd,o.fɔd,ofɔd,ofɔd,oʊfɔd,oʊfɔd
o.fɔg,o.fɔg,ofɔg,ofɔg,oʊfɔg,oʊfɔg
o.fɔf,o.fɔf,ofɔf,ofɔf,oʊfɔf,oʊfɔf
o.fɔs,o.fɔs,ofɔs,ofɔs,oʊfɔs,oʊfɔs
o.fɔv,o.fɔv,ofɔv,ofɔv,oʊfɔv,oʊfɔv
o.fɔz,o.fɔz,ofɔz,ofɔz,oʊfɔz,oʊfɔz
o.fɔʃ,o.fɔʃ,ofɔʃ,ofɔʃ,oʊfɔʃ,oʊfɔʃ
o.fɔʒ,o.fɔʒ,ofɔʒ,ofɔʒ,oʊfɔʒ,oʊfɔʒ
o.fɔθ,o.fɔθ,ofɔθ,ofɔθ,oʊfɔθ,oʊfɔθ
o.fɔð,o.fɔð,ofɔð,ofɔð,oʊfɔð,oʊfɔð
o.sɔm,o.sɔm,osɔm,osɔm,oʊsɔm,oʊsɔm
o.sɔn,o.sɔn,osɔn,osɔn,oʊsɔn,oʊsɔn
o.sɔŋ,o.sɔŋ,osɔŋ,osɔŋ,oʊsɔŋ,oʊsɔŋ
o.sɔp,o.sɔp,osɔp,osɔp,oʊsɔp,oʊsɔp
o.sɔt,o.sɔt,osɔt,osɔt,oʊsɔt,oʊsɔt
o.sɔk,o.sɔk,osɔk,osɔk,oʊsɔk,oʊsɔk
o.sɔb,o.sɔb,osɔb,osɔb,oʊsɔb,oʊsɔb
o.sɔd,o.sɔd,osɔd,osɔd,oʊsɔd,oʊsɔd
o.sɔg,o.sɔg,osɔg,osɔg,oʊsɔg,oʊsɔg
o.sɔf,o.sɔf,osɔf,osɔf,oʊsɔf,oʊsɔf
o.sɔs,o.sɔs,osɔs,osɔs,oʊsɔs,oʊsɔs
o.sɔv,o.sɔv,osɔv,osɔv,oʊsɔv,oʊsɔv
o.sɔz,o.sɔz,osɔz,osɔz,oʊsɔz,oʊsɔz
o.sɔʃ,o.sɔʃ,osɔʃ,osɔʃ,oʊsɔʃ,oʊsɔʃ
o.sɔʒ,o.sɔʒ,osɔʒ,osɔʒ,oʊsɔʒ,oʊsɔʒ
o.sɔθ,o.sɔθ,osɔθ,osɔθ,oʊsɔθ,oʊsɔθ
o.sɔð,o.sɔð,osɔð,osɔð,oʊsɔð,oʊsɔð
o.vɔm,o.vɔm,ovɔm,ovɔm,oʊvɔm,oʊvɔm
o.vɔn,o.vɔn,ovɔn,ovɔn,oʊvɔn,oʊvɔn
o.vɔŋ,o.vɔŋ,ovɔŋ,ovɔŋ,oʊvɔŋ,oʊvɔŋ
o.vɔp,o.vɔp,ovɔp,ovɔp,oʊvɔp,oʊvɔp
o.vɔt,o.vɔt,ovɔt,ovɔt,oʊvɔt,oʊvɔt
o.vɔk,o.vɔk,ovɔk,ovɔk,oʊvɔk,oʊvɔk
o.vɔb,o.vɔb,ovɔb,ovɔb,oʊvɔb,oʊvɔb
o.vɔd,o.vɔd,ovɔd,ovɔd,oʊvɔd,oʊvɔd
o.vɔg,o.vɔg,ovɔg,ovɔg,oʊvɔg,oʊvɔg
o.vɔf,o.vɔf,ovɔf,ovɔf,oʊvɔf,oʊvɔf
o.vɔs,o.vɔs,ovɔs,ovɔs,oʊvɔs,oʊvɔs
o.vɔv,o.vɔv,ovɔv,ovɔv,oʊvɔv,oʊvɔv
o.vɔz,o.vɔz,ovɔz,ovɔz,oʊvɔz,oʊvɔz
o.vɔʃ,o.vɔʃ,ovɔʃ,ovɔʃ,oʊvɔʃ,oʊvɔʃ
o.vɔʒ,o.vɔʒ,ovɔʒ,ovɔʒ,oʊvɔʒ,oʊvɔʒ
o.vɔθ,o.vɔθ,ovɔθ,ovɔθ,oʊvɔθ,oʊvɔθ
o.vɔð,o.vɔð,ovɔð,ovɔð,oʊvɔð,oʊvɔð
o.zɔm,o.zɔm,ozɔm,ozɔm,oʊzɔm,oʊzɔm
o.zɔn,o.zɔn,ozɔn,ozɔn,oʊzɔn,oʊzɔn
o.zɔŋ,o.zɔŋ,ozɔŋ,ozɔŋ,oʊzɔŋ,oʊzɔŋ
o.zɔp,o.zɔp,ozɔp,ozɔp,oʊzɔp,oʊzɔp
o.zɔt,o.zɔt,ozɔt,ozɔt,oʊzɔt,oʊzɔt
o.zɔk,o.zɔk,ozɔk,ozɔk,oʊzɔk,oʊzɔk
o.zɔb,o.zɔb,ozɔb,ozɔb,oʊzɔb,oʊzɔb
o.zɔd,o.zɔd,ozɔd,ozɔd,oʊzɔd,oʊzɔd
o.zɔg,o.zɔg,ozɔg,ozɔg,oʊzɔg,oʊzɔg
o.zɔf,o.zɔf,ozɔf,ozɔf,oʊzɔf,oʊzɔf
o.zɔs,o.zɔs,ozɔs,ozɔs,oʊzɔs,oʊzɔs
o.zɔv,o.zɔv,ozɔv,ozɔv,oʊzɔv,oʊzɔv
o.zɔz,o.zɔz,ozɔz,ozɔz,oʊzɔz,oʊzɔz
o.zɔʃ,o.zɔʃ,ozɔʃ,ozɔʃ,oʊzɔʃ,oʊzɔʃ
o.zɔʒ,o.zɔʒ,ozɔʒ,ozɔʒ,oʊzɔʒ,oʊzɔʒ
o.zɔθ,o.zɔθ,ozɔθ,ozɔθ,oʊzɔθ,oʊzɔθ
o.zɔð,o.zɔð,ozɔð,ozɔð,oʊzɔð,oʊzɔð
o.ʃɔm,o.ʃɔm,oʃɔm,oʃɔm,oʊʃɔm,oʊʃɔm
o.ʃɔn,o.ʃɔn,oʃɔn,oʃɔn,oʊʃɔn,oʊʃɔn
o.ʃɔŋ,o.ʃɔŋ,oʃɔŋ,oʃɔŋ,oʊʃɔŋ,oʊʃɔŋ
o.ʃɔp,o.ʃɔp,oʃɔp,oʃɔp,oʊʃɔp,oʊʃɔp
o.ʃɔt,o.ʃɔt,oʃɔt,oʃɔt,oʊʃɔt,oʊʃɔt
o.ʃɔk,o.ʃɔk,oʃɔk,oʃɔk,oʊʃɔk,oʊʃɔk
o.ʃɔb,o.ʃɔb,oʃɔb,oʃɔb,oʊʃɔb,oʊʃɔb
o.ʃɔd,o.ʃɔd,oʃɔd,oʃɔd,oʊʃɔd,oʊʃɔd
o.ʃɔg,o.ʃɔg,oʃɔg,oʃɔg,oʊʃɔg,oʊʃɔg
o.ʃɔf,o.ʃɔf,oʃɔf,oʃɔf,oʊʃɔf,oʊʃɔf
o.ʃɔs,o.ʃɔs,oʃɔs,oʃɔs,oʊʃɔs,oʊʃɔs
o.ʃɔv,o.ʃɔv,oʃɔv,oʃɔv,oʊʃɔv,oʊʃɔv
o.ʃɔz,o.ʃɔz,oʃɔz,oʃɔz,oʊʃɔz,oʊʃɔz
o.ʃɔʃ,o.ʃɔʃ,oʃɔʃ,oʃɔʃ,oʊʃɔʃ,oʊʃɔʃ
o.ʃɔʒ,o.ʃɔʒ,oʃɔʒ,oʃɔʒ,oʊʃɔʒ,oʊʃɔʒ
o.ʃɔθ,o.ʃɔθ,oʃɔθ,oʃɔθ,oʊʃɔθ,oʊʃɔθ
o.ʃɔð,o.ʃɔð,oʃɔð,oʃɔð,oʊʃɔð,oʊʃɔð
o.ʒɔm,o.ʒɔm,oʒɔm,oʒɔm,oʊʒɔm,oʊʒɔm
o.ʒɔn,o.ʒɔn,oʒɔn,oʒɔn,oʊʒɔn,oʊʒɔn
o.ʒɔŋ,o.ʒɔŋ,oʒɔŋ,oʒɔŋ,oʊʒɔŋ,oʊʒɔŋ
o.ʒɔp,o.ʒɔp,oʒɔp,oʒɔp,oʊʒɔp,oʊʒɔp
o.ʒɔt,o.ʒɔt,oʒɔt,oʒɔt,oʊʒɔt,oʊʒɔt
o.ʒɔk,o.ʒɔk,oʒɔk,oʒɔk,oʊʒɔk,oʊʒɔk
o.ʒɔb,o.ʒɔb,oʒɔb,oʒɔb,oʊʒɔb,oʊʒɔb
o.ʒɔd,o.ʒɔd,oʒɔd,oʒɔd,oʊʒɔd,oʊʒɔd
o.ʒɔg,o.ʒɔg,oʒɔg,oʒɔg,oʊʒɔg,oʊʒɔg
o.ʒɔf,o.ʒɔf,oʒɔf,oʒɔf,oʊʒɔf,oʊʒɔf
o.ʒɔs,o.ʒɔs,oʒɔs,oʒɔs,oʊʒɔs,oʊʒɔs
o.ʒɔv,o.ʒɔv,oʒɔv,oʒɔv,oʊʒɔv,oʊʒɔv
o.ʒɔz,o.ʒɔz,oʒɔz,oʒɔz,oʊʒɔz,oʊʒɔz
o.ʒɔʃ,o.ʒɔʃ,oʒɔʃ,oʒɔʃ,oʊʒɔʃ,oʊʒɔʃ
o.ʒɔʒ,o.ʒɔʒ,oʒɔʒ,oʒɔʒ,oʊʒɔʒ,oʊʒɔʒ
o.ʒɔθ,o.ʒɔθ,oʒɔθ,oʒɔθ,oʊʒɔθ,oʊʒɔθ
o.ʒɔð,o.ʒɔð,oʒɔð,oʒɔð,oʊʒɔð,oʊʒɔð
o.θɔm,o.θɔm,oθɔm,oθɔm,oʊθɔm,oʊθɔm
o.θɔn,o.θɔn,oθɔn,oθɔn,oʊθɔn,oʊθɔn
o.θɔŋ,o.θɔŋ,oθɔŋ,oθɔŋ,oʊθɔŋ,oʊθɔŋ
o.θɔp,o.θɔp,oθɔp,oθɔp,oʊθɔp,oʊθɔp
o.θɔt,o.θɔt,oθɔt,oθɔt,oʊθɔt,oʊθɔt
o.θɔk,o.θɔk,oθɔk,oθɔk,oʊθɔk,oʊθɔk
o.θɔb,o.θɔb,oθɔb,oθɔb,oʊθɔb,oʊθɔb
o.θɔd,o.θɔd,oθɔd,oθɔd,oʊθɔd,oʊθɔd
o.θɔg,o.θɔg,oθɔg,oθɔg,oʊθɔg,oʊθɔg
o.θɔf,o.θɔf,oθɔf,oθɔf,oʊθɔf,oʊθɔf
o.θɔs,o.θɔs,oθɔs,oθɔs,oʊθɔs,oʊθɔs
o.θɔv,o.θɔv,oθɔv,oθɔv,oʊθɔv,oʊθɔv
o.θɔz,o.θɔz,oθɔz,oθɔz,oʊθɔz,oʊθɔz
o.θɔʃ,o.θɔʃ,oθɔʃ,oθɔʃ,oʊθɔʃ,oʊθɔʃ
o.θɔʒ,o.θɔʒ,oθɔʒ,oθɔʒ,oʊθɔʒ,oʊθɔʒ
o.θɔθ,o.θɔθ,oθɔθ,oθɔθ,oʊθɔθ,oʊθɔθ
o.θɔð,o.θɔð,oθɔð,oθɔð,oʊθɔð,oʊθɔð
o.ðɔm,o.ðɔm,oðɔm,oðɔm,oʊðɔm,oʊðɔm
o.ðɔn,o.ðɔn,oðɔn,oðɔn,oʊðɔn,oʊðɔn
o.ðɔŋ,o.ðɔŋ,oðɔŋ,oðɔŋ,oʊðɔŋ,oʊðɔŋ
o.ðɔp,o.ðɔp,oðɔp,oðɔp,oʊðɔp,oʊðɔp
o.ðɔt,o.ðɔt,oðɔt,oðɔt,oʊðɔt,oʊðɔt
o.ðɔk,o.ðɔk,oðɔk,oðɔk,oʊðɔk,oʊðɔk
o.ðɔb,o.ðɔb,oðɔb,oðɔb,oʊðɔb,oʊðɔb
o.ðɔd,o.ðɔd,oðɔd,oðɔd,oʊðɔd,oʊðɔd
o.ðɔg,o.ðɔg,oðɔg,oðɔg,oʊðɔg,oʊðɔg
o.ðɔf,o.ðɔf,oðɔf,oðɔf,oʊðɔf,oʊðɔf
o.ðɔs,o.ðɔs,oðɔs,oðɔs,oʊðɔs,oʊðɔs
o.ðɔv,o.ðɔv,oðɔv,oðɔv,oʊðɔv,oʊðɔv
o.ðɔz,o.ðɔz,oðɔz,oðɔz,oʊðɔz,oʊðɔz
o.ðɔʃ,o.ðɔʃ,oðɔʃ,oðɔʃ,oʊðɔʃ,oʊðɔʃ
o.ðɔʒ,o.ðɔʒ,oðɔʒ,oðɔʒ,oʊðɔʒ,oʊðɔʒ
o.ðɔθ,o.ðɔθ,oðɔθ,oðɔθ,oʊðɔθ,oʊðɔθ
o.ðɔð,o.ðɔð,oðɔð,oðɔð,oʊðɔð,oʊðɔð
o.hɔm,o.hɔm,ohɔm,ohɔm,oʊhɔm,oʊhɔm
o.hɔn,o.hɔn,ohɔn,ohɔn,oʊhɔn,oʊhɔn
o.hɔŋ,o.hɔŋ,ohɔŋ,ohɔŋ,oʊhɔŋ,oʊhɔŋ
o.hɔp,o.hɔp,ohɔp,ohɔp,oʊhɔp,oʊhɔp
o.hɔt,o.hɔt,ohɔt,ohɔt,oʊhɔt,oʊhɔt
o.hɔk,o.hɔk,ohɔk,ohɔk,oʊhɔk,oʊhɔk
o.hɔb,o.hɔb,ohɔb,ohɔb,oʊhɔb,oʊhɔb
o.hɔd,o.hɔd,ohɔd,ohɔd,oʊhɔd,oʊhɔd
o.hɔg,o.hɔg,ohɔg,ohɔg,oʊhɔg,oʊhɔg
o.hɔf,o.hɔf,ohɔf,ohɔf,oʊhɔf,oʊhɔf
o.hɔs,o.hɔs,ohɔs,ohɔs,oʊhɔs,oʊhɔs
o.hɔv,o.hɔv,ohɔv,ohɔv,oʊhɔv,oʊhɔv
o.hɔz,o.hɔz,ohɔz,ohɔz,oʊhɔz,oʊhɔz
o.hɔʃ,o.hɔʃ,ohɔʃ,ohɔʃ,oʊhɔʃ,oʊhɔʃ
o.hɔʒ,o.hɔʒ,ohɔʒ,ohɔʒ,oʊhɔʒ,oʊhɔʒ
o.hɔθ,o.hɔθ,ohɔθ,ohɔθ,oʊhɔθ,oʊhɔθ
o.hɔð,o.hɔð,ohɔð,ohɔð,oʊhɔð,oʊhɔð
mi.mi,mi.mi,mimi,mimi,mimi,mimi
mi.ni,mi.ni,mini,mini,mini,mini
mi.pi,mi.pi,mipi,mipi,mipi,mipi
mi.ti,mi.ti,miti,miti,miti,miti
mi.ki,mi.ki,miki,miki,miki,miki
mi.bi,mi.bi,mibi,mibi,mibi,mibi
mi.di,mi.di,midi,midi,midi,midi
mi.gi,mi.gi,migi,migi,migi,migi
mi.fi,mi.fi,mifi,mifi,mifi,mifi
mi.si,mi.si,misi,misi,misi,misi
mi.vi,mi.vi,mivi,mivi,mivi,mivi
mi.zi,mi.zi,mizi,mizi,mizi,mizi
mi.ʃi,mi.ʃi,miʃi,miʃi,miʃi,miʃi
mi.ʒi,mi.ʒi,miʒi,miʒi,miʒi,miʒi
mi.θi,mi.θi,miθi,miθi,miθi,miθi
mi.ði,mi.ði,miði,miði,miði,miði
mi.hi,mi.hi,mihi,mihi,mihi,mihi
mi.me,mi.me,mime,mime,mimeɪ,mimeɪ
mi.ne,mi.ne,mine,mine,mineɪ,mineɪ
mi.pe,mi.pe,mipe,mipe,mipeɪ,mipeɪ
mi.te,mi.te,mite,mite,miteɪ,miteɪ
mi.ke,mi.ke,mike,mike,mikeɪ,mikeɪ
mi.be,mi.be,mibe,mibe,mibeɪ,mibeɪ
mi.de,mi.de,mide,mide,mideɪ,mideɪ
mi.ge,mi.ge,mige,mige,migeɪ,migeɪ
mi.fe,mi.fe,mife,mife,mifeɪ,mifeɪ
mi.se,mi.se,mise,mise,miseɪ,miseɪ
mi.ve,mi.ve,mive,mive,miveɪ,miveɪ
mi.ze,mi.ze,mize,mize,mizeɪ,mizeɪ
mi.ʃe,mi.ʃe,miʃe,miʃe,miʃeɪ,miʃeɪ
mi.ʒe,mi.ʒe,miʒe,miʒe,miʒeɪ,miʒeɪ
mi.θe,mi.θe,miθe,miθe,miθeɪ,miθeɪ
mi.ðe,mi.ðe,miðe,miðe,miðeɪ,miðeɪ
mi.he,mi.he,mihe,mihe,miheɪ,miheɪ
mi.mu,mi.mu,mimu,mimu,mimu,mimu
mi.nu,mi.nu,minu,minu,minu,minu
mi.pu,mi.pu,mipu,mipu,mipu,mipu
mi.tu,mi.tu,mitu,mitu,mitu,mitu
mi.ku,mi.ku,miku,miku,miku,miku
mi.bu,mi.bu,mibu,mibu,mibu,mibu
mi.du,mi.du,midu,midu,midu,midu
mi.gu,mi.gu,migu,migu,migu,migu
mi.fu,mi.fu,mifu,mifu,mifu,mifu
mi.su,mi.su,misu,misu,misu,misu
mi.vu,mi.vu,mivu,mivu,mivu,mivu
mi.zu,mi.zu,mizu,mizu,mizu,mizu
mi.ʃu,mi.ʃu,miʃu,miʃu,miʃu,miʃu
mi.ʒu,mi.ʒu,miʒu,miʒu,miʒu,miʒu
mi.θu,mi.θu,miθu,miθu,miθu,miθu
mi.ðu,mi.ðu,miðu,miðu,miðu,miðu
mi.hu,mi.hu,mihu,mihu,mihu,mihu
mi.mo,mi.mo,mimo,mimo,mimoʊ,mimoʊ
mi.no,mi.no,mino,mino,minoʊ,minoʊ
mi.po,mi.po,mipo,mipo,mipoʊ,mipoʊ
mi.to,mi.to,mito,mito,mitoʊ,mitoʊ
mi.ko,mi.ko,miko,miko,mikoʊ,mikoʊ
mi.bo,mi.bo,mibo,mibo,miboʊ,miboʊ
mi.do,mi.do,mido,mido,midoʊ,midoʊ
mi.go,mi.go,migo,migo,migoʊ,migoʊ
mi.fo,mi.fo,mifo,mifo,mifoʊ,mifoʊ
mi.so,mi.so,miso,miso,misoʊ,misoʊ
mi.vo,mi.vo,mivo,mivo,mivoʊ,mivoʊ
mi.zo,mi.zo,mizo,mizo,mizoʊ,mizoʊ
mi.ʃo,mi.ʃo,miʃo,miʃo,miʃoʊ,miʃoʊ
mi.ʒo,mi.ʒo,miʒo,miʒo,miʒoʊ,miʒoʊ
mi.θo,mi.θo,miθo,miθo,miθoʊ,miθoʊ
mi.ðo,mi.ðo,miðo,miðo,miðoʊ,miðoʊ
mi.ho,mi.ho,miho,miho,mihoʊ,mihoʊ
ni.mi,ni.mi,nimi,nimi,nimi,nimi
ni.ni,ni.ni,nini,nini,nini,nini
ni.pi,ni.pi,nipi,nipi,nipi,nipi
ni.ti,ni.ti,niti,niti,niti,niti
ni.ki,ni.ki,niki,niki,niki,niki
ni.bi,ni.bi,nibi,nibi,nibi,nibi
ni.di,ni.di,nidi,nidi,nidi,nidi
ni.gi,ni.gi,nigi,nigi,nigi,nigi
ni.fi,ni.fi,nifi,nifi,nifi,nifi
ni.si,ni.si,nisi,nisi,nisi,nisi
ni.vi,ni.vi,nivi,nivi,nivi,nivi
ni.zi,ni.zi,nizi,nizi,nizi,nizi
ni.ʃi,ni.ʃi,niʃi,niʃi,niʃi,niʃi
ni.ʒi,ni.ʒi,niʒi,niʒi,niʒi,niʒi
ni.θi,ni.θi,niθi,niθi,niθi,niθi
ni.ði,ni.ði,niði,niði,niði,niði
ni.hi,ni.hi,nihi,nihi,nihi,nihi
ni.me,ni.me,nime,nime,nimeɪ,nimeɪ
ni.ne,ni.ne,nine,nine,nineɪ,nineɪ
ni.pe,ni.pe,nipe,nipe,nipeɪ,nipeɪ
ni.te,ni.te,nite,nite,niteɪ,niteɪ
ni.ke,ni.ke,nike,nike,nikeɪ,nikeɪ
ni.be,ni.be,nibe,nibe,nibeɪ,nibeɪ
ni.de,ni.de,nide,nide,nideɪ,nideɪ
ni.ge,ni.ge,nige,nige,nigeɪ,nigeɪ
ni.fe,ni.fe,nife,nife,nifeɪ,nifeɪ
ni.se,ni.se,nise,nise,niseɪ,niseɪ
ni.ve,ni.ve,nive,nive,niveɪ,niveɪ
ni.ze,ni.ze,nize,nize,nizeɪ,nizeɪ
ni.ʃe,ni.ʃe,niʃe,niʃe,niʃeɪ,niʃeɪ
ni.ʒe,ni.ʒe,niʒe,niʒe,niʒeɪ,niʒeɪ
ni.θe,ni.θe,niθe,niθe,niθeɪ,niθeɪ
ni.ðe,ni.ðe,niðe,niðe,niðeɪ,niðeɪ
ni.he,ni.he,nihe,nihe,niheɪ,niheɪ
ni.mu,ni.mu,nimu,nimu,nimu,nimu
ni.nu,ni.nu,ninu,ninu,ninu,ninu
ni.pu,ni.pu,nipu,nipu,nipu,nipu
ni.tu,ni.tu,nitu,nitu,nitu,nitu
ni.ku,ni.ku,niku,niku,niku,niku
ni.bu,ni.bu,nibu,nibu,nibu,nibu
ni.du,ni.du,nidu,nidu,nidu,nidu
ni.gu,ni.gu,nigu,nigu,nigu,nigu
ni.fu,ni.fu,nifu,nifu,nifu,nifu
ni.su,ni.su,nisu,nisu,nisu,nisu
ni.vu,ni.vu,nivu,nivu,nivu,nivu
ni.zu,ni.zu,nizu,nizu,nizu,nizu
ni.ʃu,ni.ʃu,niʃu,niʃu,niʃu,niʃu
ni.ʒu,ni.ʒu,niʒu,niʒu,niʒu,niʒu
ni.θu,ni.θu,niθu,niθu,niθu,niθu
ni.ðu,ni.ðu,niðu,niðu,niðu,niðu
ni.hu,ni.hu,nihu,nihu,nihu,nihu
ni.mo,ni.mo,nimo,nimo,nimoʊ,nimoʊ
ni.no,ni.no,nino,nino,ninoʊ,ninoʊ
ni.po,ni.po,nipo,nipo,nipoʊ,nipoʊ
ni.to,ni.to,nito,nito,nitoʊ,nitoʊ
ni.ko,ni.ko,niko,niko,nikoʊ,nikoʊ
ni.bo,ni.bo,nibo,nibo,niboʊ,niboʊ
ni.do,ni.do,nido,nido,nidoʊ,nidoʊ
ni.go,ni.go,nigo,nigo,nigoʊ,nigoʊ
ni.fo,ni.fo,nifo,nifo,nifoʊ,nifoʊ
ni.so,ni.so,niso,niso,nisoʊ,nisoʊ
ni.vo,ni.vo,nivo,nivo,nivoʊ,nivoʊ
ni.zo,ni.zo,nizo,nizo,nizoʊ,nizoʊ
ni.ʃo,ni.ʃo,niʃo,niʃo,niʃoʊ,niʃoʊ
ni.ʒo,ni.ʒo,niʒo,niʒo,niʒoʊ,niʒoʊ
ni.θo,ni.θo,niθo,niθo,niθoʊ,niθoʊ
ni.ðo,ni.ðo,niðo,niðo,niðoʊ,niðoʊ
ni.ho,ni.ho,niho,niho,nihoʊ,nihoʊ
pi.mi,pi.mi,pimi,pimi,pimi,pimi
pi.ni,pi.ni,pini,pini,pini,pini
pi.pi,pi.pi,pipi,pipi,pipi,pipi
pi.ti,pi.ti,piti,piti,piti,piti
pi.ki,pi.ki,piki,piki,piki,piki
pi.bi,pi.bi,pibi,pibi,pibi,pibi
pi.di,pi.di,pidi,pidi,pidi,pidi
pi.gi,pi.gi,pigi,pigi,pigi,pigi
pi.fi,pi.fi,pifi,pifi,pifi,pifi
pi.si,pi.si,pisi,pisi,pisi,pisi
pi.vi,pi.vi,pivi,pivi,pivi,pivi
pi.zi,pi.zi,pizi,pizi,pizi,pizi
pi.ʃi,pi.ʃi,piʃi,piʃi,piʃi,piʃi
pi.ʒi,pi.ʒi,piʒi,piʒi,piʒi,piʒi
pi.θi,pi.θi,piθi,piθi,piθi,piθi
pi.ði,pi.ði,piði,piði,piði,piði
pi.hi,pi.hi,pihi,pihi,pihi,pihi
pi.me,pi.me,pime,pime,pimeɪ,pimeɪ
pi.ne,pi.ne,pine,pine,pineɪ,pineɪ
pi.pe,pi.pe,pipe,pipe,pipeɪ,pipeɪ
pi.te,pi.te,pite,pite,piteɪ,piteɪ
pi.ke,pi.ke,pike,pike,pikeɪ,pikeɪ
pi.be,pi.be,pibe,pibe,pibeɪ,pibeɪ
pi.de,pi.de,pide,pide,pideɪ,pideɪ
pi.ge,pi.ge,pige,pige,pigeɪ,pigeɪ
pi.fe,pi.fe,pife,pife,pifeɪ,pifeɪ
pi.se,pi.se,pise,pise,piseɪ,piseɪ
pi.ve,pi.ve,pive,pive,piveɪ,piveɪ
pi.ze,pi.ze,pize,pize,pizeɪ,pizeɪ
pi.ʃe,pi.ʃe,piʃe,piʃe,piʃeɪ,piʃeɪ
pi.ʒe,pi.ʒe,piʒe,piʒe,piʒeɪ,piʒeɪ
pi.θe,pi.θe,piθe,piθe,piθeɪ,piθeɪ
pi.ðe,pi.ðe,piðe,piðe,piðeɪ,piðeɪ
pi.he,pi.he,pihe,pihe,piheɪ,piheɪ
pi.mu,pi.mu,pimu,pimu,pimu,pimu
pi.nu,pi.nu,pinu,pinu,pinu,pinu
pi.pu,pi.pu,pipu,pipu,pipu,pipu
pi.tu,pi.tu,pitu,pitu,pitu,pitu
pi.ku,pi.ku,piku,piku,piku,piku
pi.bu,pi.bu,pibu,pibu,pibu,pibu
pi.du,pi.du,pidu,pidu,pidu,pidu
pi.gu,pi.gu,pigu,pigu,pigu,pigu
pi.fu,pi.fu,pifu,pifu,pifu,pifu
pi.su,pi.su,pisu,pisu,pisu,pisu
pi.vu,pi.vu,pivu,pivu,pivu,pivu
pi.zu,pi.zu,pizu,pizu,pizu,pizu
pi.ʃu,pi.ʃu,piʃu,piʃu,piʃu,piʃu
pi.ʒu,pi.ʒu,piʒu,piʒu,piʒu,piʒu
pi.θu,pi.θu,piθu,piθu,piθu,piθu
pi.ðu,pi.ðu,piðu,piðu,piðu,piðu
pi.hu,pi.hu,pihu,pihu,pihu,pihu
pi.mo,pi.mo,pimo,pimo,pimoʊ,pimoʊ
pi.no,pi.no,pino,pino,pinoʊ,pinoʊ
pi.po,pi.po,pipo,pipo,pipoʊ,pipoʊ
pi.to,pi.to,pito,pito,pitoʊ,pitoʊ
pi.ko,pi.ko,piko,piko,pikoʊ,pikoʊ
pi.bo,pi.bo,pibo,pibo,piboʊ,piboʊ
pi.do,pi.do,pido,pido,pidoʊ,pidoʊ
pi.go,pi.go,pigo,pigo,pigoʊ,pigoʊ
pi.fo,pi.fo,pifo,pifo,pifoʊ,pifoʊ
pi.so,pi.so,piso,piso,pisoʊ,pisoʊ
pi.vo,pi.vo,pivo,pivo,pivoʊ,pivoʊ
pi.zo,pi.zo,pizo,pizo,pizoʊ,pizoʊ
pi.ʃo,pi.ʃo,piʃo,piʃo,piʃoʊ,piʃoʊ
pi.ʒo,pi.ʒo,piʒo,piʒo,piʒoʊ,piʒoʊ
pi.θo,pi.θo,piθo,piθo,piθoʊ,piθoʊ
pi.ðo,pi.ðo,piðo,piðo,piðoʊ,piðoʊ
pi.ho,pi.ho,piho,piho,pihoʊ,pihoʊ
ti.mi,ti.mi,timi,timi,timi,timi
ti.ni,ti.ni,tini,tini,tini,tini
ti.pi,ti.pi,tipi,tipi,tipi,tipi
ti.ti,ti.ti,titi,titi,titi,titi
ti.ki,ti.ki,tiki,tiki,tiki,tiki
ti.bi,ti.bi,tibi,tibi,tibi,tibi
ti.di,ti.di,tidi,tidi,tidi,tidi
ti.gi,ti.gi,tigi,tigi,tigi,tigi
ti.fi,ti.fi,tifi,tifi,tifi,tifi
ti.si,ti.si,tisi,tisi,tisi,tisi
ti.vi,ti.vi,tivi,tivi,tivi,tivi
ti.zi,ti.zi,tizi,tizi,tizi,tizi
ti.ʃi,ti.ʃi,tiʃi,tiʃi,tiʃi,tiʃi
ti.ʒi,ti.ʒi,tiʒi,tiʒi,tiʒi,tiʒi
ti.θi,ti.θi,tiθi,tiθi,tiθi,tiθi
ti.ði,ti.ði,tiði,tiði,tiði,tiði
ti.hi,ti.hi,tihi,tihi,tihi,tihi
ti.me,ti.me,time,time,timeɪ,timeɪ
ti.ne,ti.ne,tine,tine,tineɪ,tineɪ
ti.pe,ti.pe,tipe,tipe,tipeɪ,tipeɪ
ti.te,ti.te,tite,tite,titeɪ,titeɪ
ti.ke,ti.ke,tike,tike,tikeɪ,tikeɪ
ti.be,ti.be,tibe,tibe,tibeɪ,tibeɪ
ti.de,ti.de,tide,tide,tideɪ,tideɪ
ti.ge,ti.ge,tige,tige,tigeɪ,tigeɪ
ti.fe,ti.fe,tife,tife,tifeɪ,tifeɪ
ti.se,ti.se,tise,tise,tiseɪ,tiseɪ
ti.ve,ti.ve,tive,tive,tiveɪ,tiveɪ
ti.ze,ti.ze,tize,tize,tizeɪ,tizeɪ
ti.ʃe,ti.ʃe,tiʃe,tiʃe,tiʃeɪ,tiʃeɪ
ti.ʒe,ti.ʒe,tiʒe,tiʒe,tiʒeɪ,tiʒeɪ
ti.θe,ti.θe,tiθe,tiθe,tiθeɪ,tiθeɪ
ti.ðe,ti.ðe,tiðe,tiðe,tiðeɪ,tiðeɪ
ti.he,ti.he,tihe,tihe,tiheɪ,tiheɪ
ti.mu,ti.mu,timu,timu,timu,timu
ti.nu,ti.nu,tinu,tinu,tinu,tinu
ti.pu,ti.pu,tipu,tipu,tipu,tipu
ti.tu,ti.tu,titu,titu,titu,titu
ti.ku,ti.ku,tiku,tiku,tiku,tiku
ti.bu,ti.bu,tibu,tibu,tibu,tibu
ti.du,ti.du,tidu,tidu,tidu,tidu
ti.gu,ti.gu,tigu,tigu,tigu,tigu
ti.fu,ti.fu,tifu,tifu,tifu,tifu
ti.su,ti.su,tisu,tisu,tisu,tisu
ti.vu,ti.vu,tivu,tivu,tivu,tivu
ti.zu,ti.zu,tizu,tizu,tizu,tizu
ti.ʃu,ti.ʃu,tiʃu,tiʃu,tiʃu,tiʃu
ti.ʒu,ti.ʒu,tiʒu,tiʒu,tiʒu,tiʒu
ti.θu,ti.θu,tiθu,tiθu,tiθu,tiθu
ti.ðu,ti.ðu,tiðu,tiðu,tiðu,tiðu
ti.hu,ti.hu,tihu,tihu,tihu,tihu
ti.mo,ti.mo,timo,timo,timoʊ,timoʊ
ti.no,ti.no,tino,tino,tinoʊ,tinoʊ
ti.po,ti.po,tipo,tipo,tipoʊ,tipoʊ
ti.to,ti.to,tito,tito,titoʊ,titoʊ
ti.ko,ti.ko,tiko,tiko,tikoʊ,tikoʊ
ti.bo,ti.bo,tibo,tibo,tiboʊ,tiboʊ
ti.do,ti.do,tido,tido,tidoʊ,tidoʊ
ti.go,ti.go,tigo,tigo,tigoʊ,tigoʊ
ti.fo,ti.fo,tifo,tifo,tifoʊ,tifoʊ
ti.so,ti.so,tiso,tiso,tisoʊ,tisoʊ
ti.vo,ti.vo,tivo,tivo,tivoʊ,tivoʊ
ti.zo,ti.zo,tizo,tizo,tizoʊ,tizoʊ
ti.ʃo,ti.ʃo,tiʃo,tiʃo,tiʃoʊ,tiʃoʊ
ti.ʒo,ti.ʒo,tiʒo,tiʒo,tiʒoʊ,tiʒoʊ
ti.θo,ti.θo,tiθo,tiθo,tiθoʊ,tiθoʊ
ti.ðo,ti.ðo,tiðo,tiðo,tiðoʊ,tiðoʊ
ti.ho,ti.ho,tiho,tiho,tihoʊ,tihoʊ
ki.mi,ki.mi,kimi,kimi,kimi,kimi
ki.ni,ki.ni,kini,kini,kini,kini
ki.pi,ki.pi,kipi,kipi,kipi,kipi
ki.ti,ki.ti,kiti,kiti,kiti,kiti
ki.ki,ki.ki,kiki,kiki,kiki,kiki
ki.bi,ki.bi,kibi,kibi,kibi,kibi
ki.di,ki.di,kidi,kidi,kidi,kidi
ki.gi,ki.gi,kigi,kigi,kigi,kigi
ki.fi,ki.fi,kifi,kifi,kifi,kifi
ki.si,ki.si,kisi,kisi,kisi,kisi
ki.vi,ki.vi,kivi,kivi,kivi,kivi
ki.zi,ki.zi,kizi,kizi,kizi,kizi
ki.ʃi,ki.ʃi,kiʃi,kiʃi,kiʃi,kiʃi
ki.ʒi,ki.ʒi,kiʒi,kiʒi,kiʒi,kiʒi
ki.θi,ki.θi,kiθi,kiθi,kiθi,kiθi
ki.ði,ki.ði,kiði,kiði,kiði,kiði
ki.hi,ki.hi,kihi,kihi,kihi,kihi
ki.me,ki.me,kime,kime,kimeɪ,kimeɪ
ki.ne,ki.ne,kine,kine,kineɪ,kineɪ
ki.pe,ki.pe,kipe,kipe,kipeɪ,kipeɪ
ki.te,ki.te,kite,kite,kiteɪ,kiteɪ
ki.ke,ki.ke,kike,kike,kikeɪ,kikeɪ
ki.be,ki.be,kibe,kibe,kibeɪ,kibeɪ
ki.de,ki.de,kide,kide,kideɪ,kideɪ
ki.ge,ki.ge,kige,kige,kigeɪ,kigeɪ
ki.fe,ki.fe,kife,kife,kifeɪ,kifeɪ
ki.se,ki.se,kise,kise,kiseɪ,kiseɪ
ki.ve,ki.ve,kive,kive,kiveɪ,kiveɪ
ki.ze,ki.ze,kize,kize,kizeɪ,kizeɪ
ki.ʃe,ki.ʃe,kiʃe,kiʃe,kiʃeɪ,kiʃeɪ
ki.ʒe,ki.ʒe,kiʒe,kiʒe,kiʒeɪ,kiʒeɪ
ki.θe,ki.θe,kiθe,kiθe,kiθeɪ,kiθeɪ
ki.ðe,ki.ðe,kiðe,kiðe,kiðeɪ,kiðeɪ
ki.he,ki.he,kihe,kihe,kiheɪ,kiheɪ
ki.mu,ki.mu,kimu,kimu,kimu,kimu
ki.nu,ki.nu,kinu,kinu,kinu,kinu
ki.pu,ki.pu,kipu,kipu,kipu,kipu
ki.tu,ki.tu,kitu,kitu,kitu,kitu
ki.ku,ki.ku,kiku,kiku,kiku,kiku
ki.bu,ki.bu,kibu,kibu,kibu,kibu
ki.du,ki.du,kidu,kidu,kidu,kidu
ki.gu,ki.gu,kigu,kigu,kigu,kigu
ki.fu,ki.fu,kifu,kifu,kifu,kifu
ki.su,ki.su,kisu,kisu,kisu,kisu
ki.vu,ki.vu,kivu,kivu,kivu,kivu
ki.zu,ki.zu,kizu,kizu,kizu,kizu
ki.ʃu,ki.ʃu,kiʃu,kiʃu,kiʃu,kiʃu
ki.ʒu,ki.ʒu,kiʒu,kiʒu,kiʒu,kiʒu
ki.θu,ki.θu,kiθu,kiθu,kiθu,kiθu
ki.ðu,ki.ðu,kiðu,kiðu,kiðu,kiðu
ki.hu,ki.hu,kihu,kihu,kihu,kihu
ki.mo,ki.mo,kimo,kimo,kimoʊ,kimoʊ
ki.no,ki.no,kino,kino,kinoʊ,kinoʊ
ki.po,ki.po,kipo,kipo,kipoʊ,kipoʊ
ki.to,ki.to,kito,kito,kitoʊ,kitoʊ
ki.ko,ki.ko,kiko,kiko,kikoʊ,kikoʊ
ki.bo,ki.bo,kibo,kibo,kiboʊ,kiboʊ
ki.do,ki.do,kido,kido,kidoʊ,kidoʊ
ki.go,ki.go,kigo,kigo,kigoʊ,kigoʊ
ki.fo,ki.fo,kifo,kifo,kifoʊ,kifoʊ
ki.so,ki.so,kiso,kiso,kisoʊ,kisoʊ
ki.vo,ki.vo,kivo,kivo,kivoʊ,kivoʊ
ki.zo,ki.zo,kizo,kizo,kizoʊ,kizoʊ
ki.ʃo,ki.ʃo,kiʃo,kiʃo,kiʃoʊ,kiʃoʊ
ki.ʒo,ki.ʒo,kiʒo,kiʒo,kiʒoʊ,kiʒoʊ
ki.θo,ki.θo,kiθo,kiθo,kiθoʊ,kiθoʊ
ki.ðo,ki.ðo,kiðo,kiðo,kiðoʊ,kiðoʊ
ki.ho,ki.ho,kiho,kiho,kihoʊ,kihoʊ
bi.mi,bi.mi,bimi,bimi,bimi,bimi
bi.ni,bi.ni,bini,bini,bini,bini
bi.pi,bi.pi,bipi,bipi,bipi,bipi
bi.ti,bi.ti,biti,biti,biti,biti
bi.ki,bi.ki,biki,biki,biki,biki
bi.bi,bi.bi,bibi,bibi,bibi,bibi
bi.di,bi.di,bidi,bidi,bidi,bidi
bi.gi,bi.gi,bigi,bigi,bigi,bigi
bi.fi,bi.fi,bifi,bifi,bifi,bifi
bi.si,bi.si,bisi,bisi,bisi,bisi
bi.vi,bi.vi,bivi,bivi,bivi,bivi
bi.zi,bi.zi,bizi,bizi,bizi,bizi
bi.ʃi,bi.ʃi,biʃi,biʃi,biʃi,biʃi
bi.ʒi,bi.ʒi,biʒi,biʒi,biʒi,biʒi
bi.θi,bi.θi,biθi,biθi,biθi,biθi
bi.ði,bi.ði,biði,biði,biði,biði
bi.hi,bi.hi,bihi,bihi,bihi,bihi
bi.me,bi.me,bime,bime,bimeɪ,bimeɪ
bi.ne,bi.ne,bine,bine,bineɪ,bineɪ
bi.pe,bi.pe,bipe,bipe,bipeɪ,bipeɪ
bi.te,bi.te,bite,bite,biteɪ,biteɪ
bi.ke,bi.ke,bike,bike,bikeɪ,bikeɪ
bi.be,bi.be,bibe,bibe,bibeɪ,bibeɪ
bi.de,bi.de,bide,bide,bideɪ,bideɪ
bi.ge,bi.ge,bige,bige,bigeɪ,bigeɪ
bi.fe,bi.fe,bife,bife,bifeɪ,bifeɪ
bi.se,bi.se,bise,bise,biseɪ,biseɪ
bi.ve,bi.ve,bive,bive,biveɪ,biveɪ
bi.ze,bi.ze,bize,bize,bizeɪ,bizeɪ
bi.ʃe,bi.ʃe,biʃe,biʃe,biʃeɪ,biʃeɪ
bi.ʒe,bi.ʒe,biʒe,biʒe,biʒeɪ,biʒeɪ
bi.θe,bi.θe,biθe,biθe,biθeɪ,biθeɪ
bi.ðe,bi.ðe,biðe,biðe,biðeɪ,biðeɪ
bi.he,bi.he,bihe,bihe,biheɪ,biheɪ
bi.mu,bi.mu,bimu,bimu,bimu,bimu
bi.nu,bi.nu,binu,binu,binu,binu
bi.pu,bi.pu,bipu,bipu,bipu,bipu
bi.tu,bi.tu,bitu,bitu,bitu,bitu
bi.ku,bi.ku,biku,biku,biku,biku
bi.bu,bi.bu,bibu,bibu,bibu,bibu
bi.du,bi.du,bidu,bidu,bidu,bidu
bi.gu,bi.gu,bigu,bigu,bigu,bigu
bi.fu,bi.fu,bifu,bifu,bifu,bifu
bi.su,bi.su,bisu,bisu,bisu,bisu
bi.vu,bi.vu,bivu,bivu,bivu,bivu
bi.zu,bi.zu,bizu,bizu,bizu,bizu
bi.ʃu,bi.ʃu,biʃu,biʃu,biʃu,biʃu
bi.ʒu,bi.ʒu,biʒu,biʒu,biʒu,biʒu
bi.θu,bi.θu,biθu,biθu,biθu,biθu
bi.ðu,bi.ðu,biðu,biðu,biðu,biðu
bi.hu,bi.hu,bihu,bihu,bihu,bihu
bi.mo,bi.mo,bimo,bimo,bimoʊ,bimoʊ
bi.no,bi.no,bino,bino,binoʊ,binoʊ
bi.po,bi.po,bipo,bipo,bipoʊ,bipoʊ
bi.to,bi.to,bito,bito,bitoʊ,bitoʊ
bi.ko,bi.ko,biko,biko,bikoʊ,bikoʊ
bi.bo,bi.bo,bibo,bibo,biboʊ,biboʊ
bi.do,bi.do,bido,bido,bidoʊ,bidoʊ
bi.go,bi.go,bigo,bigo,bigoʊ,bigoʊ
bi.fo,bi.fo,bifo,bifo,bifoʊ,bifoʊ
bi.so,bi.so,biso,biso,bisoʊ,bisoʊ
bi.vo,bi.vo,bivo,bivo,bivoʊ,bivoʊ
bi.zo,bi.zo,bizo,bizo,bizoʊ,bizoʊ
bi.ʃo,bi.ʃo,biʃo,biʃo,biʃoʊ,biʃoʊ
bi.ʒo,bi.ʒo,biʒo,biʒo,biʒoʊ,biʒoʊ
bi.θo,bi.θo,biθo,biθo,biθoʊ,biθoʊ
bi.ðo,bi.ðo,biðo,biðo,biðoʊ,biðoʊ
bi.ho,bi.ho,biho,biho,bihoʊ,bihoʊ
di.mi,di.mi,dimi,dimi,dimi,dimi
di.ni,di.ni,dini,dini,dini,dini
di.pi,di.pi,dipi,dipi,dipi,dipi
di.ti,di.ti,diti,diti,diti,diti
di.ki,di.ki,diki,diki,diki,diki
di.bi,di.bi,dibi,dibi,dibi,dibi
di.di,di.di,didi,didi,didi,didi
di.gi,di.gi,digi,digi,digi,digi
di.fi,di.fi,difi,difi,difi,difi
di.si,di.si,disi,disi,disi,disi
di.vi,di.vi,divi,divi,divi,divi
di.zi,di.zi,dizi,dizi,dizi,dizi
di.ʃi,di.ʃi,diʃi,diʃi,diʃi,diʃi
di.ʒi,di.ʒi,diʒi,diʒi,diʒi,diʒi
di.θi,di.θi,diθi,diθi,diθi,diθi
di.ði,di.ði,diði,diði,diði,diði
di.hi,di.hi,dihi,dihi,dihi,dihi
di.me,di.me,dime,dime,dimeɪ,dimeɪ
di.ne,di.ne,dine,dine,dineɪ,dineɪ
di.pe,di.pe,dipe,dipe,dipeɪ,dipeɪ
di.te,di.te,dite,dite,diteɪ,diteɪ
di.ke,di.ke,dike,dike,dikeɪ,dikeɪ
di.be,di.be,dibe,dibe,dibeɪ,dibeɪ
di.de,di.de,dide,dide,dideɪ,dideɪ
di.ge,di.ge,dige,dige,digeɪ,digeɪ
di.fe,di.fe,dife,dife,difeɪ,difeɪ
di.se,di.se,dise,dise,diseɪ,diseɪ
di.ve,di.ve,dive,dive,diveɪ,diveɪ
di.ze,di.ze,dize,dize,dizeɪ,dizeɪ
di.ʃe,di.ʃe,diʃe,diʃe,diʃeɪ,diʃeɪ
di.ʒe,di.ʒe,diʒe,diʒe,diʒeɪ,diʒeɪ
di.θe,di.θe,diθe,diθe,diθeɪ,diθeɪ
di.ðe,di.ðe,diðe,diðe,diðeɪ,diðeɪ
di.he,di.he,dihe,dihe,diheɪ,diheɪ
di.mu,di.mu,dimu,dimu,dimu,dimu
di.nu,di.nu,dinu,dinu,dinu,dinu
di.pu,di.pu,dipu,dipu,dipu,dipu
di.tu,di.tu,ditu,ditu,ditu,ditu
di.ku,di.ku,diku,diku,diku,diku
di.bu,di.bu,dibu,dibu,dibu,dibu
di.du,di.du,didu,didu,didu,didu
di.gu,di.gu,digu,digu,digu,digu
di.fu,di.fu,difu,difu,difu,difu
di.su,di.su,disu,disu,disu,disu
di.vu,di.vu,divu,divu,divu,divu
di.zu,di.zu,dizu,dizu,dizu,dizu
di.ʃu,di.ʃu,diʃu,diʃu,diʃu,diʃu
di.ʒu,di.ʒu,diʒu,diʒu,diʒu,diʒu
di.θu,di.θu,diθu,diθu,diθu,diθu
di.ðu,di.ðu,diðu,diðu,diðu,diðu
di.hu,di.hu,dihu,dihu,dihu,dihu
di.mo,di.mo,dimo,dimo,dimoʊ,dimoʊ
di.no,di.no,dino,dino,dinoʊ,dinoʊ
di.po,di.po,dipo,dipo,dipoʊ,dipoʊ
di.to,di.to,dito,dito,ditoʊ,ditoʊ
di.ko,di.ko,diko,diko,dikoʊ,dikoʊ
di.bo,di.bo,dibo,dibo,diboʊ,diboʊ
di.do,di.do,dido,dido,didoʊ,didoʊ
di.go,di.go,digo,digo,digoʊ,digoʊ
di.fo,di.fo,difo,difo,difoʊ,difoʊ
di.so,di.so,diso,diso,disoʊ,disoʊ
di.vo,di.vo,divo,divo,divoʊ,divoʊ
di.zo,di.zo,dizo,dizo,dizoʊ,dizoʊ
di.ʃo,di.ʃo,diʃo,diʃo,diʃoʊ,diʃoʊ
di.ʒo,di.ʒo,diʒo,diʒo,diʒoʊ,diʒoʊ
di.θo,di.θo,diθo,diθo,diθoʊ,diθoʊ
di.ðo,di.ðo,diðo,diðo,diðoʊ,diðoʊ
di.ho,di.ho,diho,diho,dihoʊ,dihoʊ
gi.mi,gi.mi,gimi,gimi,gimi,gimi
gi.ni,gi.ni,gini,gini,gini,gini
gi.pi,gi.pi,gipi,gipi,gipi,gipi
gi.ti,gi.ti,giti,giti,giti,giti
gi.ki,gi.ki,giki,giki,giki,giki
gi.bi,gi.bi,gibi,gibi,gibi,gibi
gi.di,gi.di,gidi,gidi,gidi,gidi
gi.gi,gi.gi,gigi,gigi,gigi,gigi
gi.fi,gi.fi,gifi,gifi,gifi,gifi
gi.si,gi.si,gisi,gisi,gisi,gisi
gi.vi,gi.vi,givi,givi,givi,givi
gi.zi,gi.zi,gizi,gizi,gizi,gizi
gi.ʃi,gi.ʃi,giʃi,giʃi,giʃi,giʃi
gi.ʒi,gi.ʒi,giʒi,giʒi,giʒi,giʒi
gi.θi,gi.θi,giθi,giθi,giθi,giθi
gi.ði,gi.ði,giði,giði,giði,giði
gi.hi,gi.hi,gihi,gihi,gihi,gihi
gi.me,gi.me,gime,gime,gimeɪ,gimeɪ
gi.ne,gi.ne,gine,gine,gineɪ,gineɪ
gi.pe,gi.pe,gipe,gipe,gipeɪ,gipeɪ
gi.te,gi.te,gite,gite,giteɪ,giteɪ
gi.ke,gi.ke,gike,gike,gikeɪ,gikeɪ
gi.be,gi.be,gibe,gibe,gibeɪ,gibeɪ
gi.de,gi.de,gide,gide,gideɪ,gideɪ
gi.ge,gi.ge,gige,gige,gigeɪ,gigeɪ
gi.fe,gi.fe,gife,gife,gifeɪ,gifeɪ
gi.se,gi.se,gise,gise,giseɪ,giseɪ
gi.ve,gi.ve,give,give,giveɪ,giveɪ
gi.ze,gi.ze,gize,gize,gizeɪ,gizeɪ
gi.ʃe,gi.ʃe,giʃe,giʃe,giʃeɪ,giʃeɪ
gi.ʒe,gi.ʒe,giʒe,giʒe,giʒeɪ,giʒeɪ
gi.θe,gi.θe,giθe,giθe,giθeɪ,giθeɪ
gi.ðe,gi.ðe,giðe,giðe,giðeɪ,giðeɪ
gi.he,gi.he,gihe,gihe,giheɪ,giheɪ
gi.mu,gi.mu,gimu,gimu,gimu,gimu
gi.nu,gi.nu,ginu,ginu,ginu,ginu
gi.pu,gi.pu,gipu,gipu,gipu,gipu
gi.tu,gi.tu,gitu,gitu,gitu,gitu
gi.ku,gi.ku,giku,giku,giku,giku
gi.bu,gi.bu,gibu,gibu,gibu,gibu
gi.du,gi.du,gidu,gidu,gidu,gidu
gi.gu,gi.gu,gigu,gigu,gigu,gigu
gi.fu,gi.fu,gifu,gifu,gifu,gifu
gi.su,gi.su,gisu,gisu,gisu,gisu
gi.vu,gi.vu,givu,givu,givu,givu
gi.zu,gi.zu,gizu,gizu,gizu,gizu
gi.ʃu,gi.ʃu,giʃu,giʃu,giʃu,giʃu
gi.ʒu,gi.ʒu,giʒu,giʒu,giʒu,giʒu
gi.θu,gi.θu,giθu,giθu,giθu,giθu
gi.ðu,gi.ðu,giðu,giðu,giðu,giðu
gi.hu,gi.hu,gihu,gihu,gihu,gihu
gi.mo,gi.mo,gimo,gimo,gimoʊ,gimoʊ
gi.no,gi.no,gino,gino,ginoʊ,ginoʊ
gi.po,gi.po,gipo,gipo,gipoʊ,gipoʊ
gi.to,gi.to,gito,gito,gitoʊ,gitoʊ
gi.ko,gi.ko,giko,giko,gikoʊ,gikoʊ
gi.bo,gi.bo,gibo,gibo,giboʊ,giboʊ
gi.do,gi.do,gido,gido,gidoʊ,gidoʊ
gi.go,gi.go,gigo,gigo,gigoʊ,gigoʊ
gi.fo,gi.fo,gifo,gifo,gifoʊ,gifoʊ
gi.so,gi.so,giso,giso,gisoʊ,gisoʊ
gi.vo,gi.vo,givo,givo,givoʊ,givoʊ
gi.zo,gi.zo,gizo,gizo,gizoʊ,gizoʊ
gi.ʃo,gi.ʃo,giʃo,giʃo,giʃoʊ,giʃoʊ
gi.ʒo,gi.ʒo,giʒo,giʒo,giʒoʊ,giʒoʊ
gi.θo,gi.θo,giθo,giθo,giθoʊ,giθoʊ
gi.ðo,gi.ðo,giðo,giðo,giðoʊ,giðoʊ
gi.ho,gi.ho,giho,giho,gihoʊ,gihoʊ
fi.mi,fi.mi,fimi,fimi,fimi,fimi
fi.ni,fi.ni,fini,fini,fini,fini
fi.pi,fi.pi,fipi,fipi,fipi,fipi
fi.ti,fi.ti,fiti,fiti,fiti,fiti
fi.ki,fi.ki,fiki,fiki,fiki,fiki
fi.bi,fi.bi,fibi,fibi,fibi,fibi
fi.di,fi.di,fidi,fidi,fidi,fidi
fi.gi,fi.gi,figi,figi,figi,figi
fi.fi,fi.fi,fifi,fifi,fifi,fifi
fi.si,fi.si,fisi,fisi,fisi,fisi
fi.vi,fi.vi,fivi,fivi,fivi,fivi
fi.zi,fi.zi,fizi,fizi,fizi,fizi
fi.ʃi,fi.ʃi,fiʃi,fiʃi,fiʃi,fiʃi
fi.ʒi,fi.ʒi,fiʒi,fiʒi,fiʒi,fiʒi
fi.θi,fi.θi,fiθi,fiθi,fiθi,fiθi
fi.ði,fi.ði,fiði,fiði,fiði,fiði
fi.hi,fi.hi,fihi,fihi,fihi,fihi
fi.me,fi.me,fime,fime,fimeɪ,fimeɪ
fi.ne,fi.ne,fine,fine,fineɪ,fineɪ
fi.pe,fi.pe,fipe,fipe,fipeɪ,fipeɪ
fi.te,fi.te,fite,fite,fiteɪ,fiteɪ
fi.ke,fi.ke,fike,fike,fikeɪ,fikeɪ
fi.be,fi.be,fibe,fibe,fibeɪ,fibeɪ
fi.de,fi.de,fide,fide,fideɪ,fideɪ
fi.ge,fi.ge,fige,fige,figeɪ,figeɪ
fi.fe,fi.fe,fife,fife,fifeɪ,fifeɪ
fi.se,fi.se,fise,fise,fiseɪ,fiseɪ
fi.ve,fi.ve,five,five,fiveɪ,fiveɪ
fi.ze,fi.ze,fize,fize,fizeɪ,fizeɪ
fi.ʃe,fi.ʃe,fiʃe,fiʃe,fiʃeɪ,fiʃeɪ
fi.ʒe,fi.ʒe,fiʒe,fiʒe,fiʒeɪ,fiʒeɪ
fi.θe,fi.θe,fiθe,fiθe,fiθeɪ,fiθeɪ
fi.ðe,fi.ðe,fiðe,fiðe,fiðeɪ,fiðeɪ
fi.he,fi.he,fihe,fihe,fiheɪ,fiheɪ
fi.mu,fi.mu,fimu,fimu,fimu,fimu
fi.nu,fi.nu,finu,finu,finu,finu
fi.pu,fi.pu,fipu,fipu,fipu,fipu
fi.tu,fi.tu,fitu,fitu,fitu,fitu
fi.ku,fi.ku,fiku,fiku,fiku,fiku
fi.bu,fi.bu,fibu,fibu,fibu,fibu
fi.du,fi.du,fidu,fidu,fidu,fidu
fi.gu,fi.gu,figu,figu,figu,figu
fi.fu,fi.fu,fifu,fifu,fifu,fifu
fi.su,fi.su,fisu,fisu,fisu,fisu
fi.vu,fi.vu,fivu,fivu,fivu,fivu
fi.zu,fi.zu,fizu,fizu,fizu,fizu
fi.ʃu,fi.ʃu,fiʃu,fiʃu,fiʃu,fiʃu
fi.ʒu,fi.ʒu,fiʒu,fiʒu,fiʒu,fiʒu
fi.θu,fi.θu,fiθu,fiθu,fiθu,fiθu
fi.ðu,fi.ðu,fiðu,fiðu,fiðu,fiðu
fi.hu,fi.hu,fihu,fihu,fihu,fihu
fi.mo,fi.mo,fimo,fimo,fimoʊ,fimoʊ
fi.no,fi.no,fino,fino,finoʊ,finoʊ
fi.po,fi.po,fipo,fipo,fipoʊ,fipoʊ
fi.to,fi.to,fito,fito,fitoʊ,fitoʊ
fi.ko,fi.ko,fiko,fiko,fikoʊ,fikoʊ
fi.bo,fi.bo,fibo,fibo,fiboʊ,fiboʊ
fi.do,fi.do,fido,fido,fidoʊ,fidoʊ
fi.go,fi.go,figo,figo,figoʊ,figoʊ
fi.fo,fi.fo,fifo,fifo,fifoʊ,fifoʊ
fi.so,fi.so,fiso,fiso,fisoʊ,fisoʊ
fi.vo,fi.vo,fivo,fivo,fivoʊ,fivoʊ
fi.zo,fi.zo,fizo,fizo,fizoʊ,fizoʊ
fi.ʃo,fi.ʃo,fiʃo,fiʃo,fiʃoʊ,fiʃoʊ
fi.ʒo,fi.ʒo,fiʒo,fiʒo,fiʒoʊ,fiʒoʊ
fi.θo,fi.θo,fiθo,fiθo,fiθoʊ,fiθoʊ
fi.ðo,fi.ðo,fiðo,fiðo,fiðoʊ,fiðoʊ
fi.ho,fi.ho,fiho,fiho,fihoʊ,fihoʊ
si.mi,si.mi,simi,simi,simi,simi
si.ni,si.ni,sini,sini,sini,sini
si.pi,si.pi,sipi,sipi,sipi,sipi
si.ti,si.ti,siti,siti,siti,siti
si.ki,si.ki,siki,siki,siki,siki
si.bi,si.bi,sibi,sibi,sibi,sibi
si.di,si.di,sidi,sidi,sidi,sidi
si.gi,si.gi,sigi,sigi,sigi,sigi
si.fi,si.fi,sifi,sifi,sifi,sifi
si.si,si.si,sisi,sisi,sisi,sisi
si.vi,si.vi,sivi,sivi,sivi,sivi
si.zi,si.zi,sizi,sizi,sizi,sizi
si.ʃi,si.ʃi,siʃi,siʃi,siʃi,siʃi
si.ʒi,si.ʒi,siʒi,siʒi,siʒi,siʒi
si.θi,si.θi,siθi,siθi,siθi,siθi
si.ði,si.ði,siði,siði,siði,siði
si.hi,si.hi,sihi,sihi,sihi,sihi
si.me,si.me,sime,sime,simeɪ,simeɪ
si.ne,si.ne,sine,sine,sineɪ,sineɪ
si.pe,si.pe,sipe,sipe,sipeɪ,sipeɪ
si.te,si.te,site,site,siteɪ,siteɪ
si.ke,si.ke,sike,sike,sikeɪ,sikeɪ
si.be,si.be,sibe,sibe,sibeɪ,sibeɪ
si.de,si.de,side,side,sideɪ,sideɪ
si.ge,si.ge,sige,sige,sigeɪ,sigeɪ
si.fe,si.fe,sife,sife,sifeɪ,sifeɪ
si.se,si.se,sise,sise,siseɪ,siseɪ
si.ve,si.ve,sive,sive,siveɪ,siveɪ
si.ze,si.ze,size,size,sizeɪ,sizeɪ
si.ʃe,si.ʃe,siʃe,siʃe,siʃeɪ,siʃeɪ
si.ʒe,si.ʒe,siʒe,siʒe,siʒeɪ,siʒeɪ
si.θe,si.θe,siθe,siθe,siθeɪ,siθeɪ
si.ðe,si.ðe,siðe,siðe,siðeɪ,siðeɪ
si.he,si.he,sihe,sihe,siheɪ,siheɪ
si.mu,si.mu,simu,simu,simu,simu
si.nu,si.nu,sinu,sinu,sinu,sinu
si.pu,si.pu,sipu,sipu,sipu,sipu
si.tu,si.tu,situ,situ,situ,situ
si.ku,si.ku,siku,siku,siku,siku
si.bu,si.bu,sibu,sibu,sibu,sibu
si.du,si.du,sidu,sidu,sidu,sidu
si.gu,si.gu,sigu,sigu,sigu,sigu
si.fu,si.fu,sifu,sifu,sifu,sifu
si.su,si.su,sisu,sisu,sisu,sisu
si.vu,si.vu,sivu,sivu,sivu,sivu
si.zu,si.zu,sizu,sizu,sizu,sizu
si.ʃu,si.ʃu,siʃu,siʃu,siʃu,siʃu
si.ʒu,si.ʒu,siʒu,siʒu,siʒu,siʒu
si.θu,si.θu,siθu,siθu,siθu,siθu
si.ðu,si.ðu,siðu,siðu,siðu,siðu
si.hu,si.hu,sihu,sihu,sihu,sihu
si.mo,si.mo,simo,simo,simoʊ,simoʊ
si.no,si.no,sino,sino,sinoʊ,sinoʊ
si.po,si.po,sipo,sipo,sipoʊ,sipoʊ
si.to,si.to,sito,sito,sitoʊ,sitoʊ
si.ko,si.ko,siko,siko,sikoʊ,sikoʊ
si.bo,si.bo,sibo,sibo,siboʊ,siboʊ
si.do,si.do,sido,sido,sidoʊ,sidoʊ
si.go,si.go,sigo,sigo,sigoʊ,sigoʊ
si.fo,si.fo,sifo,sifo,sifoʊ,sifoʊ
si.so,si.so,siso,siso,sisoʊ,sisoʊ
si.vo,si.vo,sivo,sivo,sivoʊ,sivoʊ
si.zo,si.zo,sizo,sizo,sizoʊ,sizoʊ
si.ʃo,si.ʃo,siʃo,siʃo,siʃoʊ,siʃoʊ
si.ʒo,si.ʒo,siʒo,siʒo,siʒoʊ,siʒoʊ
si.θo,si.θo,siθo,siθo,siθoʊ,siθoʊ
si.ðo,si.ðo,siðo,siðo,siðoʊ,siðoʊ
si.ho,si.ho,siho,siho,sihoʊ,sihoʊ
vi.mi,vi.mi,vimi,vimi,vimi,vimi
vi.ni,vi.ni,vini,vini,vini,vini
vi.pi,vi.pi,vipi,vipi,vipi,vipi
vi.ti,vi.ti,viti,viti,viti,viti
vi.ki,vi.ki,viki,viki,viki,viki
vi.bi,vi.bi,vibi,vibi,vibi,vibi
vi.di,vi.di,vidi,vidi,vidi,vidi
vi.gi,vi.gi,vigi,vigi,vigi,vigi
vi.fi,vi.fi,vifi,vifi,vifi,vifi
vi.si,vi.si,visi,visi,visi,visi
vi.vi,vi.vi,vivi,vivi,vivi,vivi
vi.zi,vi.zi,vizi,vizi,vizi,vizi
vi.ʃi,vi.ʃi,viʃi,viʃi,viʃi,viʃi
vi.ʒi,vi.ʒi,viʒi,viʒi,viʒi,viʒi
vi.θi,vi.θi,viθi,viθi,viθi,viθi
vi.ði,vi.ði,viði,viði,viði,viði
vi.hi,vi.hi,vihi,vihi,vihi,vihi
vi.me,vi.me,vime,vime,vimeɪ,vimeɪ
vi.ne,vi.ne,vine,vine,vineɪ,vineɪ
vi.pe,vi.pe,vipe,vipe,vipeɪ,vipeɪ
vi.te,vi.te,vite,vite,viteɪ,viteɪ
vi.ke,vi.ke,vike,vike,vikeɪ,vikeɪ
vi.be,vi.be,vibe,vibe,vibeɪ,vibeɪ
vi.de,vi.de,vide,vide,videɪ,videɪ
vi.ge,vi.ge,vige,vige,vigeɪ,vigeɪ
vi.fe,vi.fe,vife,vife,vifeɪ,vifeɪ
vi.se,vi.se,vise,vise,viseɪ,viseɪ
vi.ve,vi.ve,vive,vive,viveɪ,viveɪ
vi.ze,vi.ze,vize,vize,vizeɪ,vizeɪ
vi.ʃe,vi.ʃe,viʃe,viʃe,viʃeɪ,viʃeɪ
vi.ʒe,vi.ʒe,viʒe,viʒe,viʒeɪ,viʒeɪ
vi.θe,vi.θe,viθe,viθe,viθeɪ,viθeɪ
vi.ðe,vi.ðe,viðe,viðe,viðeɪ,viðeɪ
vi.he,vi.he,vihe,vihe,viheɪ,viheɪ
vi.mu,vi.mu,vimu,vimu,vimu,vimu
vi.nu,vi.nu,vinu,vinu,vinu,vinu
vi.pu,vi.pu,vipu,vipu,vipu,vipu
vi.tu,vi.tu,vitu,vitu,vitu,vitu
vi.ku,vi.ku,viku,viku,viku,viku
vi.bu,vi.bu,vibu,vibu,vibu,vibu
vi.du,vi.du,vidu,vidu,vidu,vidu
vi.gu,vi.gu,vigu,vigu,vigu,vigu
vi.fu,vi.fu,vifu,vifu,vifu,vifu
vi.su,vi.su,visu,visu,visu,visu
vi.vu,vi.vu,vivu,vivu,vivu,vivu
vi.zu,vi.zu,vizu,vizu,vizu,vizu
vi.ʃu,vi.ʃu,viʃu,viʃu,viʃu,viʃu
vi.ʒu,vi.ʒu,viʒu,viʒu,viʒu,viʒu
vi.θu,vi.θu,viθu,viθu,viθu,viθu
vi.ðu,vi.ðu,viðu,viðu,viðu,viðu
vi.hu,vi.hu,vihu,vihu,vihu,vihu
vi.mo,vi.mo,vimo,vimo,vimoʊ,vimoʊ
vi.no,vi.no,vino,vino,vinoʊ,vinoʊ
vi.po,vi.po,vipo,vipo,vipoʊ,vipoʊ
vi.to,vi.to,vito,vito,vitoʊ,vitoʊ
vi.ko,vi.ko,viko,viko,vikoʊ,vikoʊ
vi.bo,vi.bo,vibo,vibo,viboʊ,viboʊ
vi.do,vi.do,vido,vido,vidoʊ,vidoʊ
vi.go,vi.go,vigo,vigo,vigoʊ,vigoʊ
vi.fo,vi.fo,vifo,vifo,vifoʊ,vifoʊ
vi.so,vi.so,viso,viso,visoʊ,visoʊ
vi.vo,vi.vo,vivo,vivo,vivoʊ,vivoʊ
vi.zo,vi.zo,vizo,vizo,vizoʊ,vizoʊ
vi.ʃo,vi.ʃo,viʃo,viʃo,viʃoʊ,viʃoʊ
vi.ʒo,vi.ʒo,viʒo,viʒo,viʒoʊ,viʒoʊ
vi.θo,vi.θo,viθo,viθo,viθoʊ,viθoʊ
vi.ðo,vi.ðo,viðo,viðo,viðoʊ,viðoʊ
vi.ho,vi.ho,viho,viho,vihoʊ,vihoʊ
zi.mi,zi.mi,zimi,zimi,zimi,zimi
zi.ni,zi.ni,zini,zini,zini,zini
zi.pi,zi.pi,zipi,zipi,zipi,zipi
zi.ti,zi.ti,ziti,ziti,ziti,ziti
zi.ki,zi.ki,ziki,ziki,ziki,ziki
zi.bi,zi.bi,zibi,zibi,zibi,zibi
zi.di,zi.di,zidi,zidi,zidi,zidi
zi.gi,zi.gi,zigi,zigi,zigi,zigi
zi.fi,zi.fi,zifi,zifi,zifi,zifi
zi.si,zi.si,zisi,zisi,zisi,zisi
zi.vi,zi.vi,zivi,zivi,zivi,zivi
zi.zi,zi.zi,zizi,zizi,zizi,zizi
zi.ʃi,zi.ʃi,ziʃi,ziʃi,ziʃi,ziʃi
zi.ʒi,zi.ʒi,ziʒi,ziʒi,ziʒi,ziʒi
zi.θi,zi.θi,ziθi,ziθi,ziθi,ziθi
zi.ði,zi.ði,ziði,ziði,ziði,ziði
zi.hi,zi.hi,zihi,zihi,zihi,zihi
zi.me,zi.me,zime,zime,zimeɪ,zimeɪ
zi.ne,zi.ne,zine,zine,zineɪ,zineɪ
zi.pe,zi.pe,zipe,zipe,zipeɪ,zipeɪ
zi.te,zi.te,zite,zite,ziteɪ,ziteɪ
zi.ke,zi.ke,zike,zike,zikeɪ,zikeɪ
zi.be,zi.be,zibe,zibe,zibeɪ,zibeɪ
zi.de,zi.de,zide,zide,zideɪ,zideɪ
zi.ge,zi.ge,zige,zige,zigeɪ,zigeɪ
zi.fe,zi.fe,zife,zife,zifeɪ,zifeɪ
zi.se,zi.se,zise,zise,ziseɪ,ziseɪ
zi.ve,zi.ve,zive,zive,ziveɪ,ziveɪ
zi.ze,zi.ze,zize,zize,zizeɪ,zizeɪ
zi.ʃe,zi.ʃe,ziʃe,ziʃe,ziʃeɪ,ziʃeɪ
zi.ʒe,zi.ʒe,ziʒe,ziʒe,ziʒeɪ,ziʒeɪ
zi.θe,zi.θe,ziθe,ziθe,ziθeɪ,ziθeɪ
zi.ðe,zi.ðe,ziðe,ziðe,ziðeɪ,ziðeɪ
zi.he,zi.he,zihe,zihe,ziheɪ,ziheɪ
zi.mu,zi.mu,zimu,zimu,zimu,zimu
zi.nu,zi.nu,zinu,zinu,zinu,zinu
zi.pu,zi.pu,zipu,zipu,zipu,zipu
zi.tu,zi.tu,zitu,zitu,zitu,zitu
zi.ku,zi.ku,ziku,ziku,ziku,ziku
zi.bu,zi.bu,zibu,zibu,zibu,zibu
zi.du,zi.du,zidu,zidu,zidu,zidu
zi.gu,zi.gu,zigu,zigu,zigu,zigu
zi.fu,zi.fu,zifu,zifu,zifu,zifu
zi.su,zi.su,zisu,zisu,zisu,zisu
zi.vu,zi.vu,zivu,zivu,zivu,zivu
zi.zu,zi.zu,zizu,zizu,zizu,zizu
zi.ʃu,zi.ʃu,ziʃu,ziʃu,ziʃu,ziʃu
zi.ʒu,zi.ʒu,ziʒu,ziʒu,ziʒu,ziʒu
zi.θu,zi.θu,ziθu,ziθu,ziθu,ziθu
zi.ðu,zi.ðu,ziðu,ziðu,ziðu,ziðu
zi.hu,zi.hu,zihu,zihu,zihu,zihu
zi.mo,zi.mo,zimo,zimo,zimoʊ,zimoʊ
zi.no,zi.no,zino,zino,zinoʊ,zinoʊ
zi.po,zi.po,zipo,zipo,zipoʊ,zipoʊ
zi.to,zi.to,zito,zito,zitoʊ,zitoʊ
zi.ko,zi.ko,ziko,ziko,zikoʊ,zikoʊ
zi.bo,zi.bo,zibo,zibo,ziboʊ,ziboʊ
zi.do,zi.do,zido,zido,zidoʊ,zidoʊ
zi.go,zi.go,zigo,zigo,zigoʊ,zigoʊ
zi.fo,zi.fo,zifo,zifo,zifoʊ,zifoʊ
zi.so,zi.so,ziso,ziso,zisoʊ,zisoʊ
zi.vo,zi.vo,zivo,zivo,zivoʊ,zivoʊ
zi.zo,zi.zo,zizo,zizo,zizoʊ,zizoʊ
zi.ʃo,zi.ʃo,ziʃo,ziʃo,ziʃoʊ,ziʃoʊ
zi.ʒo,zi.ʒo,ziʒo,ziʒo,ziʒoʊ,ziʒoʊ
zi.θo,zi.θo,ziθo,ziθo,ziθoʊ,ziθoʊ
zi.ðo,zi.ðo,ziðo,ziðo,ziðoʊ,ziðoʊ
zi.ho,zi.ho,ziho,ziho,zihoʊ,zihoʊ
ʃi.mi,ʃi.mi,ʃimi,ʃimi,ʃimi,ʃimi
ʃi.ni,ʃi.ni,ʃini,ʃini,ʃini,ʃini
ʃi.pi,ʃi.pi,ʃipi,ʃipi,ʃipi,ʃipi
ʃi.ti,ʃi.ti,ʃiti,ʃiti,ʃiti,ʃiti
ʃi.ki,ʃi.ki,ʃiki,ʃiki,ʃiki,ʃiki
ʃi.bi,ʃi.bi,ʃibi,ʃibi,ʃibi,ʃibi
ʃi.di,ʃi.di,ʃidi,ʃidi,ʃidi,ʃidi
ʃi.gi,ʃi.gi,ʃigi,ʃigi,ʃigi,ʃigi
ʃi.fi,ʃi.fi,ʃifi,ʃifi,ʃifi,ʃifi
ʃi.si,ʃi.si,ʃisi,ʃisi,ʃisi,ʃisi
ʃi.vi,ʃi.vi,ʃivi,ʃivi,ʃivi,ʃivi
ʃi.zi,ʃi.zi,ʃizi,ʃizi,ʃizi,ʃizi
ʃi.ʃi,ʃi.ʃi,ʃiʃi,ʃiʃi,ʃiʃi,ʃiʃi
ʃi.ʒi,ʃi.ʒi,ʃiʒi,ʃiʒi,ʃiʒi,ʃiʒi
ʃi.θi,ʃi.θi,ʃiθi,ʃiθi,ʃiθi,ʃiθi
ʃi.ði,ʃi.ði,ʃiði,ʃiði,ʃiði,ʃiði
ʃi.hi,ʃi.hi,ʃihi,ʃihi,ʃihi,ʃihi
ʃi.me,ʃi.me,ʃime,ʃime,ʃimeɪ,ʃimeɪ
ʃi.ne,ʃi.ne,ʃine,ʃine,ʃineɪ,ʃineɪ
ʃi.pe,ʃi.pe,ʃipe,ʃipe,ʃipeɪ,ʃipeɪ
ʃi.te,ʃi.te,ʃite,ʃite,ʃiteɪ,ʃiteɪ
ʃi.ke,ʃi.ke,ʃike,ʃike,ʃikeɪ,ʃikeɪ
ʃi.be,ʃi.be,ʃibe,ʃibe,ʃibeɪ,ʃibeɪ
ʃi.de,ʃi.de,ʃide,ʃide,ʃideɪ,ʃideɪ
ʃi.ge,ʃi.ge,ʃige,ʃige,ʃigeɪ,ʃigeɪ
ʃi.fe,ʃi.fe,ʃife,ʃife,ʃifeɪ,ʃifeɪ
ʃi.se,ʃi.se,ʃise,ʃise,ʃiseɪ,ʃiseɪ
ʃi.ve,ʃi.ve,ʃive,ʃive,ʃiveɪ,ʃiveɪ
ʃi.ze,ʃi.ze,ʃize,ʃize,ʃizeɪ,ʃizeɪ
ʃi.ʃe,ʃi.ʃe,ʃiʃe,ʃiʃe,ʃiʃeɪ,ʃiʃeɪ
ʃi.ʒe,ʃi.ʒe,ʃiʒe,ʃiʒe,ʃiʒeɪ,ʃiʒeɪ
ʃi.θe,ʃi.θe,ʃiθe,ʃiθe,ʃiθeɪ,ʃiθeɪ
ʃi.ðe,ʃi.ðe,ʃiðe,ʃiðe,ʃiðeɪ,ʃiðeɪ
ʃi.he,ʃi.he,ʃihe,ʃihe,ʃiheɪ,ʃiheɪ
ʃi.mu,ʃi.mu,ʃimu,ʃimu,ʃimu,ʃimu
ʃi.nu,ʃi.nu,ʃinu,ʃinu,ʃinu,ʃinu
ʃi.pu,ʃi.pu,ʃipu,ʃipu,ʃipu,ʃipu
ʃi.tu,ʃi.tu,ʃitu,ʃitu,ʃitu,ʃitu
ʃi.ku,ʃi.ku,ʃiku,ʃiku,ʃiku,ʃiku
ʃi.bu,ʃi.bu,ʃibu,ʃibu,ʃibu,ʃibu
ʃi.du,ʃi.du,ʃidu,ʃidu,ʃidu,ʃidu
ʃi.gu,ʃi.gu,ʃigu,ʃigu,ʃigu,ʃigu
ʃi.fu,ʃi.fu,ʃifu,ʃifu,ʃifu,ʃifu
ʃi.su,ʃi.su,ʃisu,ʃisu,ʃisu,ʃisu
ʃi.vu,ʃi.vu,ʃivu,ʃivu,ʃivu,ʃivu
ʃi.zu,ʃi.zu,ʃizu,ʃizu,ʃizu,ʃizu
ʃi.ʃu,ʃi.ʃu,ʃiʃu,ʃiʃu,ʃiʃu,ʃiʃu
ʃi.ʒu,ʃi.ʒu,ʃiʒu,ʃiʒu,ʃiʒu,ʃiʒu
ʃi.θu,ʃi.θu,ʃiθu,ʃiθu,ʃiθu,ʃiθu
ʃi.ðu,ʃi.ðu,ʃiðu,ʃiðu,ʃiðu,ʃiðu
ʃi.hu,ʃi.hu,ʃihu,ʃihu,ʃihu,ʃihu
ʃi.mo,ʃi.mo,ʃimo,ʃimo,ʃimoʊ,ʃimoʊ
ʃi.no,ʃi.no,ʃino,ʃino,ʃinoʊ,ʃinoʊ
ʃi.po,ʃi.po,ʃipo,ʃipo,ʃipoʊ,ʃipoʊ
ʃi.to,ʃi.to,ʃito,ʃito,ʃitoʊ,ʃitoʊ
ʃi.ko,ʃi.ko,ʃiko,ʃiko,ʃikoʊ,ʃikoʊ
ʃi.bo,ʃi.bo,ʃibo,ʃibo,ʃiboʊ,ʃiboʊ
ʃi.do,ʃi.do,ʃido,ʃido,ʃidoʊ,ʃidoʊ
ʃi.go,ʃi.go,ʃigo,ʃigo,ʃigoʊ,ʃigoʊ
ʃi.fo,ʃi.fo,ʃifo,ʃifo,ʃifoʊ,ʃifoʊ
ʃi.so,ʃi.so,ʃiso,ʃiso,ʃisoʊ,ʃisoʊ
ʃi.vo,ʃi.vo,ʃivo,ʃivo,ʃivoʊ,ʃivoʊ
ʃi.zo,ʃi.zo,ʃizo,ʃizo,ʃizoʊ,ʃizoʊ
ʃi.ʃo,ʃi.ʃo,ʃiʃo,ʃiʃo,ʃiʃoʊ,ʃiʃoʊ
ʃi.ʒo,ʃi.ʒo,ʃiʒo,ʃiʒo,ʃiʒoʊ,ʃiʒoʊ
ʃi.θo,ʃi.θo,ʃiθo,ʃiθo,ʃiθoʊ,ʃiθoʊ
ʃi.ðo,ʃi.ðo,ʃiðo,ʃiðo,ʃiðoʊ,ʃiðoʊ
ʃi.ho,ʃi.ho,ʃiho,ʃiho,ʃihoʊ,ʃihoʊ
ʒi.mi,ʒi.mi,ʒimi,ʒimi,ʒimi,ʒimi
ʒi.ni,ʒi.ni,ʒini,ʒini,ʒini,ʒini
ʒi.pi,ʒi.pi,ʒipi,ʒipi,ʒipi,ʒipi
ʒi.ti,ʒi.ti,ʒiti,ʒiti,ʒiti,ʒiti
ʒi.ki,ʒi.ki,ʒiki,ʒiki,ʒiki,ʒiki
ʒi.bi,ʒi.bi,ʒibi,ʒibi,ʒibi,ʒibi
ʒi.di,ʒi.di,ʒidi,ʒidi,ʒidi,ʒidi
ʒi.gi,ʒi.gi,ʒigi,ʒigi,ʒigi,ʒigi
ʒi.fi,ʒi.fi,ʒifi,ʒifi,ʒifi,ʒifi
ʒi.si,ʒi.si,ʒisi,ʒisi,ʒisi,ʒisi
ʒi.vi,ʒi.vi,ʒivi,ʒivi,ʒivi,ʒivi
ʒi.zi,ʒi.zi,ʒizi,ʒizi,ʒizi,ʒizi
ʒi.ʃi,ʒi.ʃi,ʒiʃi,ʒiʃi,ʒiʃi,ʒiʃi
ʒi.ʒi,ʒi.ʒi,ʒiʒi,ʒiʒi,ʒiʒi,ʒiʒi
ʒi.θi,ʒi.θi,ʒiθi,ʒiθi,ʒiθi,ʒiθi
ʒi.ði,ʒi.ði,ʒiði,ʒiði,ʒiði,ʒiði
ʒi.hi,ʒi.hi,ʒihi,ʒihi,ʒihi,ʒihi
ʒi.me,ʒi.me,ʒime,ʒime,ʒimeɪ,ʒimeɪ
ʒi.ne,ʒi.ne,ʒine,ʒine,ʒineɪ,ʒineɪ
ʒi.pe,ʒi.pe,ʒipe,ʒipe,ʒipeɪ,ʒipeɪ
ʒi.te,ʒi.te,ʒite,ʒite,ʒiteɪ,ʒiteɪ
ʒi.ke,ʒi.ke,ʒike,ʒike,ʒikeɪ,ʒikeɪ
ʒi.be,ʒi.be,ʒibe,ʒibe,ʒibeɪ,ʒibeɪ
ʒi.de,ʒi.de,ʒide,ʒide,ʒideɪ,ʒideɪ
ʒi.ge,ʒi.ge,ʒige,ʒige,ʒigeɪ,ʒigeɪ
ʒi.fe,ʒi.fe,ʒife,ʒife,ʒifeɪ,ʒifeɪ
ʒi.se,ʒi.se,ʒise,ʒise,ʒiseɪ,ʒiseɪ
ʒi.ve,ʒi.ve,ʒive,ʒive,ʒiveɪ,ʒiveɪ
ʒi.ze,ʒi.ze,ʒize,ʒize,ʒizeɪ,ʒizeɪ
ʒi.ʃe,ʒi.ʃe,ʒiʃe,ʒiʃe,ʒiʃeɪ,ʒiʃeɪ
ʒi.ʒe,ʒi.ʒe,ʒiʒe,ʒiʒe,ʒiʒeɪ,ʒiʒeɪ
ʒi.θe,ʒi.θe,ʒiθe,ʒiθe,ʒiθeɪ,ʒiθeɪ
ʒi.ðe,ʒi.ðe,ʒiðe,ʒiðe,ʒiðeɪ,ʒiðeɪ
ʒi.he,ʒi.he,ʒihe,ʒihe,ʒiheɪ,ʒiheɪ
ʒi.mu,ʒi.mu,ʒimu,ʒimu,ʒimu,ʒimu
ʒi.nu,ʒi.nu,ʒinu,ʒinu,ʒinu,ʒinu
ʒi.pu,ʒi.pu,ʒipu,ʒipu,ʒipu,ʒipu
ʒi.tu,ʒi.tu,ʒitu,ʒitu,ʒitu,ʒitu
ʒi.ku,ʒi.ku,ʒiku,ʒiku,ʒiku,ʒiku
ʒi.bu,ʒi.bu,ʒibu,ʒibu,ʒibu,ʒibu
ʒi.du,ʒi.du,ʒidu,ʒidu,ʒidu,ʒidu
ʒi.gu,ʒi.gu,ʒigu,ʒigu,ʒigu,ʒigu
ʒi.fu,ʒi.fu,ʒifu,ʒifu,ʒifu,ʒifu
ʒi.su,ʒi.su,ʒisu,ʒisu,ʒisu,ʒisu
ʒi.vu,ʒi.vu,ʒivu,ʒivu,ʒivu,ʒivu
ʒi.zu,ʒi.zu,ʒizu,ʒizu,ʒizu,ʒizu
ʒi.ʃu,ʒi.ʃu,ʒiʃu,ʒiʃu,ʒiʃu,ʒiʃu
ʒi.ʒu,ʒi.ʒu,ʒiʒu,ʒiʒu,ʒiʒu,ʒiʒu
ʒi.θu,ʒi.θu,ʒiθu,ʒiθu,ʒiθu,ʒiθu
ʒi.ðu,ʒi.ðu,ʒiðu,ʒiðu,ʒiðu,ʒiðu
ʒi.hu,ʒi.hu,ʒihu,ʒihu,ʒihu,ʒihu
ʒi.mo,ʒi.mo,ʒimo,ʒimo,ʒimoʊ,ʒimoʊ
ʒi.no,ʒi.no,ʒino,ʒino,ʒinoʊ,ʒinoʊ
ʒi.po,ʒi.po,ʒipo,ʒipo,ʒipoʊ,ʒipoʊ
ʒi.to,ʒi.to,ʒito,ʒito,ʒitoʊ,ʒitoʊ
ʒi.ko,ʒi.ko,ʒiko,ʒiko,ʒikoʊ,ʒikoʊ
ʒi.bo,ʒi.bo,ʒibo,ʒibo,ʒiboʊ,ʒiboʊ
ʒi.do,ʒi.do,ʒido,ʒido,ʒidoʊ,ʒidoʊ
ʒi.go,ʒi.go,ʒigo,ʒigo,ʒigoʊ,ʒigoʊ
ʒi.fo,ʒi.fo,ʒifo,ʒifo,ʒifoʊ,ʒifoʊ
ʒi.so,ʒi.so,ʒiso,ʒiso,ʒisoʊ,ʒisoʊ
ʒi.vo,ʒi.vo,ʒivo,ʒivo,ʒivoʊ,ʒivoʊ
ʒi.zo,ʒi.zo,ʒizo,ʒizo,ʒizoʊ,ʒizoʊ
ʒi.ʃo,ʒi.ʃo,ʒiʃo,ʒiʃo,ʒiʃoʊ,ʒiʃoʊ
ʒi.ʒo,ʒi.ʒo,ʒiʒo,ʒiʒo,ʒiʒoʊ,ʒiʒoʊ
ʒi.θo,ʒi.θo,ʒiθo,ʒiθo,ʒiθoʊ,ʒiθoʊ
ʒi.ðo,ʒi.ðo,ʒiðo,ʒiðo,ʒiðoʊ,ʒiðoʊ
ʒi.ho,ʒi.ho,ʒiho,ʒiho,ʒihoʊ,ʒihoʊ
θi.mi,θi.mi,θimi,θimi,θimi,θimi
θi.ni,θi.ni,θini,θini,θini,θini
θi.pi,θi.pi,θipi,θipi,θipi,θipi
θi.ti,θi.ti,θiti,θiti,θiti,θiti
θi.ki,θi.ki,θiki,θiki,θiki,θiki
θi.bi,θi.bi,θibi,θibi,θibi,θibi
θi.di,θi.di,θidi,θidi,θidi,θidi
θi.gi,θi.gi,θigi,θigi,θigi,θigi
θi.fi,θi.fi,θifi,θifi,θifi,θifi
θi.si,θi.si,θisi,θisi,θisi,θisi
θi.vi,θi.vi,θivi,θivi,θivi,θivi
θi.zi,θi.zi,θizi,θizi,θizi,θizi
θi.ʃi,θi.ʃi,θiʃi,θiʃi,θiʃi,θiʃi
θi.ʒi,θi.ʒi,θiʒi,θiʒi,θiʒi,θiʒi
θi.θi,θi.θi,θiθi,θiθi,θiθi,θiθi
θi.ði,θi.ði,θiði,θiði,θiði,θiði
θi.hi,θi.hi,θihi,θihi,θihi,θihi
θi.me,θi.me,θime,θime,θimeɪ,θimeɪ
θi.ne,θi.ne,θine,θine,θineɪ,θineɪ
θi.pe,θi.pe,θipe,θipe,θipeɪ,θipeɪ
θi.te,θi.te,θite,θite,θiteɪ,θiteɪ
θi.ke,θi.ke,θike,θike,θikeɪ,θikeɪ
θi.be,θi.be,θibe,θibe,θibeɪ,θibeɪ
θi.de,θi.de,θide,θide,θideɪ,θideɪ
θi.ge,θi.ge,θige,θige,θigeɪ,θigeɪ
θi.fe,θi.fe,θife,θife,θifeɪ,θifeɪ
θi.se,θi.se,θise,θise,θiseɪ,θiseɪ
θi.ve,θi.ve,θive,θive,θiveɪ,θiveɪ
θi.ze,θi.ze,θize,θize,θizeɪ,θizeɪ
θi.ʃe,θi.ʃe,θiʃe,θiʃe,θiʃeɪ,θiʃeɪ
θi.ʒe,θi.ʒe,θiʒe,θiʒe,θiʒeɪ,θiʒeɪ
θi.θe,θi.θe,θiθe,θiθe,θiθeɪ,θiθeɪ
θi.ðe,θi.ðe,θiðe,θiðe,θiðeɪ,θiðeɪ
θi.he,θi.he,θihe,θihe,θiheɪ,θiheɪ
θi.mu,θi.mu,θimu,θimu,θimu,θimu
θi.nu,θi.nu,θinu,θinu,θinu,θinu
θi.pu,θi.pu,θipu,θipu,θipu,θipu
θi.tu,θi.tu,θitu,θitu,θitu,θitu
θi.ku,θi.ku,θiku,θiku,θiku,θiku
θi.bu,θi.bu,θibu,θibu,θibu,θibu
θi.du,θi.du,θidu,θidu,θidu,θidu
θi.gu,θi.gu,θigu,θigu,θigu,θigu
θi.fu,θi.fu,θifu,θifu,θifu,θifu
θi.su,θi.su,θisu,θisu,θisu,θisu
θi.vu,θi.vu,θivu,θivu,θivu,θivu
θi.zu,θi.zu,θizu,θizu,θizu,θizu
θi.ʃu,θi.ʃu,θiʃu,θiʃu,θiʃu,θiʃu
θi.ʒu,θi.ʒu,θiʒu,θiʒu,θiʒu,θiʒu
θi.θu,θi.θu,θiθu,θiθu,θiθu,θiθu
θi.ðu,θi.ðu,θiðu,θiðu,θiðu,θiðu
θi.hu,θi.hu,θihu,θihu,θihu,θihu
θi.mo,θi.mo,θimo,θimo,θimoʊ,θimoʊ
θi.no,θi.no,θino,θino,θinoʊ,θinoʊ
θi.po,θi.po,θipo,θipo,θipoʊ,θipoʊ
θi.to,θi.to,θito,θito,θitoʊ,θitoʊ
θi.ko,θi.ko,θiko,θiko,θikoʊ,θikoʊ
θi.bo,θi.bo,θibo,θibo,θiboʊ,θiboʊ
θi.do,θi.do,θido,θido,θidoʊ,θidoʊ
θi.go,θi.go,θigo,θigo,θigoʊ,θigoʊ
θi.fo,θi.fo,θifo,θifo,θifoʊ,θifoʊ
θi.so,θi.so,θiso,θiso,θisoʊ,θisoʊ
θi.vo,θi.vo,θivo,θivo,θivoʊ,θivoʊ
θi.zo,θi.zo,θizo,θizo,θizoʊ,θizoʊ
θi.ʃo,θi.ʃo,θiʃo,θiʃo,θiʃoʊ,θiʃoʊ
θi.ʒo,θi.ʒo,θiʒo,θiʒo,θiʒoʊ,θiʒoʊ
θi.θo,θi.θo,θiθo,θiθo,θiθoʊ,θiθoʊ
θi.ðo,θi.ðo,θiðo,θiðo,θiðoʊ,θiðoʊ
θi.ho,θi.ho,θiho,θiho,θihoʊ,θihoʊ
ði.mi,ði.mi,ðimi,ðimi,ðimi,ðimi
ði.ni,ði.ni,ðini,ðini,ðini,ðini
ði.pi,ði.pi,ðipi,ðipi,ðipi,ðipi
ði.ti,ði.ti,ðiti,ðiti,ðiti,ðiti
ði.ki,ði.ki,ðiki,ðiki,ðiki,ðiki
ði.bi,ði.bi,ðibi,ðibi,ðibi,ðibi
ði.di,ði.di,ðidi,ðidi,ðidi,ðidi
ði.gi,ði.gi,ðigi,ðigi,ðigi,ðigi
ði.fi,ði.fi,ðifi,ðifi,ðifi,ðifi
ði.si,ði.si,ðisi,ðisi,ðisi,ðisi
ði.vi,ði.vi,ðivi,ðivi,ðivi,ðivi
ði.zi,ði.zi,ðizi,ðizi,ðizi,ðizi
ði.ʃi,ði.ʃi,ðiʃi,ðiʃi,ðiʃi,ðiʃi
ði.ʒi,ði.ʒi,ðiʒi,ðiʒi,ðiʒi,ðiʒi
ði.θi,ði.θi,ðiθi,ðiθi,ðiθi,ðiθi
ði.ði,ði.ði,ðiði,ðiði,ðiði,ðiði
ði.hi,ði.hi,ðihi,ðihi,ðihi,ðihi
ði.me,ði.me,ðime,ðime,ðimeɪ,ðimeɪ
ði.ne,ði.ne,ðine,ðine,ðineɪ,ðineɪ
ði.pe,ði.pe,ðipe,ðipe,ðipeɪ,ðipeɪ
ði.te,ði.te,ðite,ðite,ðiteɪ,ðiteɪ
ði.ke,ði.ke,ðike,ðike,ðikeɪ,ðikeɪ
ði.be,ði.be,ðibe,ðibe,ðibeɪ,ðibeɪ
ði.de,ði.de,ðide,ðide,ðideɪ,ðideɪ
ði.ge,ði.ge,ðige,ðige,ðigeɪ,ðigeɪ
ði.fe,ði.fe,ðife,ðife,ðifeɪ,ðifeɪ
ði.se,ði.se,ðise,ðise,ðiseɪ,ðiseɪ
ði.ve,ði.ve,ðive,ðive,ðiveɪ,ðiveɪ
ði.ze,ði.ze,ðize,ðize,ðizeɪ,ðizeɪ
ði.ʃe,ði.ʃe,ðiʃe,ðiʃe,ðiʃeɪ,ðiʃeɪ
ði.ʒe,ði.ʒe,ðiʒe,ðiʒe,ðiʒeɪ,ðiʒeɪ
ði.θe,ði.θe,ðiθe,ðiθe,ðiθeɪ,ðiθeɪ
ði.ðe,ði.ðe,ðiðe,ðiðe,ðiðeɪ,ðiðeɪ
ði.he,ði.he,ðihe,ðihe,ðiheɪ,ðiheɪ
ði.mu,ði.mu,ðimu,ðimu,ðimu,ðimu
ði.nu,ði.nu,ðinu,ðinu,ðinu,ðinu
ði.pu,ði.pu,ðipu,ðipu,ðipu,ðipu
ði.tu,ði.tu,ðitu,ðitu,ðitu,ðitu
ði.ku,ði.ku,ðiku,ðiku,ðiku,ðiku
ði.bu,ði.bu,ðibu,ðibu,ðibu,ðibu
ði.du,ði.du,ðidu,ðidu,ðidu,ðidu
ði.gu,ði.gu,ðigu,ðigu,ðigu,ðigu
ði.fu,ði.fu,ðifu,ðifu,ðifu,ðifu
ði.su,ði.su,ðisu,ðisu,ðisu,ðisu
ði.vu,ði.vu,ðivu,ðivu,ðivu,ðivu
ði.zu,ði.zu,ðizu,ðizu,ðizu,ðizu
ði.ʃu,ði.ʃu,ðiʃu,ðiʃu,ðiʃu,ðiʃu
ði.ʒu,ði.ʒu,ðiʒu,ðiʒu,ðiʒu,ðiʒu
ði.θu,ði.θu,ðiθu,ðiθu,ðiθu,ðiθu
ði.ðu,ði.ðu,ðiðu,ðiðu,ðiðu,ðiðu
ði.hu,ði.hu,ðihu,ðihu,ðihu,ðihu
ði.mo,ði.mo,ðimo,ðimo,ðimoʊ,ðimoʊ
ði.no,ði.no,ðino,ðino,ðinoʊ,ðinoʊ
ði.po,ði.po,ðipo,ðipo,ðipoʊ,ðipoʊ
ði.to,ði.to,ðito,ðito,ðitoʊ,ðitoʊ
ði.ko,ði.ko,ðiko,ðiko,ðikoʊ,ðikoʊ
ði.bo,ði.bo,ðibo,ðibo,ðiboʊ,ðiboʊ
ði.do,ði.do,ðido,ðido,ðidoʊ,ðidoʊ
ði.go,ði.go,ðigo,ðigo,ðigoʊ,ðigoʊ
ði.fo,ði.fo,ðifo,ðifo,ðifoʊ,ðifoʊ
ði.so,ði.so,ðiso,ðiso,ðisoʊ,ðisoʊ
ði.vo,ði.vo,ðivo,ðivo,ðivoʊ,ðivoʊ
ði.zo,ði.zo,ðizo,ðizo,ðizoʊ,ðizoʊ
ði.ʃo,ði.ʃo,ðiʃo,ðiʃo,ðiʃoʊ,ðiʃoʊ
ði.ʒo,ði.ʒo,ðiʒo,ðiʒo,ðiʒoʊ,ðiʒoʊ
ði.θo,ði.θo,ðiθo,ðiθo,ðiθoʊ,ðiθoʊ
ði.ðo,ði.ðo,ðiðo,ðiðo,ðiðoʊ,ðiðoʊ
ði.ho,ði.ho,ðiho,ðiho,ðihoʊ,ðihoʊ
hi.mi,hi.mi,himi,himi,himi,himi
hi.ni,hi.ni,hini,hini,hini,hini
hi.pi,hi.pi,hipi,hipi,hipi,hipi
hi.ti,hi.ti,hiti,hiti,hiti,hiti
hi.ki,hi.ki,hiki,hiki,hiki,hiki
hi.bi,hi.bi,hibi,hibi,hibi,hibi
hi.di,hi.di,hidi,hidi,hidi,hidi
hi.gi,hi.gi,higi,higi,higi,higi
hi.fi,hi.fi,hifi,hifi,hifi,hifi
hi.si,hi.si,hisi,hisi,hisi,hisi
hi.vi,hi.vi,hivi,hivi,hivi,hivi
hi.zi,hi.zi,hizi,hizi,hizi,hizi
hi.ʃi,hi.ʃi,hiʃi,hiʃi,hiʃi,hiʃi
hi.ʒi,hi.ʒi,hiʒi,hiʒi,hiʒi,hiʒi
hi.θi,hi.θi,hiθi,hiθi,hiθi,hiθi
hi.ði,hi.ði,hiði,hiði,hiði,hiði
hi.hi,hi.hi,hihi,hihi,hihi,hihi
hi.me,hi.me,hime,hime,himeɪ,himeɪ
hi.ne,hi.ne,hine,hine,hineɪ,hineɪ
hi.pe,hi.pe,hipe,hipe,hipeɪ,hipeɪ
hi.te,hi.te,hite,hite,hiteɪ,hiteɪ
hi.ke,hi.ke,hike,hike,hikeɪ,hikeɪ
hi.be,hi.be,hibe,hibe,hibeɪ,hibeɪ
hi.de,hi.de,hide,hide,hideɪ,hideɪ
hi.ge,hi.ge,hige,hige,higeɪ,higeɪ
hi.fe,hi.fe,hife,hife,hifeɪ,hifeɪ
hi.se,hi.se,hise,hise,hiseɪ,hiseɪ
hi.ve,hi.ve,hive,hive,hiveɪ,hiveɪ
hi.ze,hi.ze,hize,hize,hizeɪ,hizeɪ
hi.ʃe,hi.ʃe,hiʃe,hiʃe,hiʃeɪ,hiʃeɪ
hi.ʒe,hi.ʒe,hiʒe,hiʒe,hiʒeɪ,hiʒeɪ
hi.θe,hi.θe,hiθe,hiθe,hiθeɪ,hiθeɪ
hi.ðe,hi.ðe,hiðe,hiðe,hiðeɪ,hiðeɪ
hi.he,hi.he,hihe,hihe,hiheɪ,hiheɪ
hi.mu,hi.mu,himu,himu,himu,himu
hi.nu,hi.nu,hinu,hinu,hinu,hinu
hi.pu,hi.pu,hipu,hipu,hipu,hipu
hi.tu,hi.tu,hitu,hitu,hitu,hitu
hi.ku,hi.ku,hiku,hiku,hiku,hiku
hi.bu,hi.bu,hibu,hibu,hibu,hibu
hi.du,hi.du,hidu,hidu,hidu,hidu
hi.gu,hi.gu,higu,higu,higu,higu
hi.fu,hi.fu,hifu,hifu,hifu,hifu
hi.su,hi.su,hisu,hisu,hisu,hisu
hi.vu,hi.vu,hivu,hivu,hivu,hivu
hi.zu,hi.zu,hizu,hizu,hizu,hizu
hi.ʃu,hi.ʃu,hiʃu,hiʃu,hiʃu,hiʃu
hi.ʒu,hi.ʒu,hiʒu,hiʒu,hiʒu,hiʒu
hi.θu,hi.θu,hiθu,hiθu,hiθu,hiθu
hi.ðu,hi.ðu,hiðu,hiðu,hiðu,hiðu
hi.hu,hi.hu,hihu,hihu,hihu,hihu
hi.mo,hi.mo,himo,himo,himoʊ,himoʊ
hi.no,hi.no,hino,hino,hinoʊ,hinoʊ
hi.po,hi.po,hipo,hipo,hipoʊ,hipoʊ
hi.to,hi.to,hito,hito,hitoʊ,hitoʊ
hi.ko,hi.ko,hiko,hiko,hikoʊ,hikoʊ
hi.bo,hi.bo,hibo,hibo,hiboʊ,hiboʊ
hi.do,hi.do,hido,hido,hidoʊ,hidoʊ
hi.go,hi.go,higo,higo,higoʊ,higoʊ
hi.fo,hi.fo,hifo,hifo,hifoʊ,hifoʊ
hi.so,hi.so,hiso,hiso,hisoʊ,hisoʊ
hi.vo,hi.vo,hivo,hivo,hivoʊ,hivoʊ
hi.zo,hi.zo,hizo,hizo,hizoʊ,hizoʊ
hi.ʃo,hi.ʃo,hiʃo,hiʃo,hiʃoʊ,hiʃoʊ
hi.ʒo,hi.ʒo,hiʒo,hiʒo,hiʒoʊ,hiʒoʊ
hi.θo,hi.θo,hiθo,hiθo,hiθoʊ,hiθoʊ
hi.ðo,hi.ðo,hiðo,hiðo,hiðoʊ,hiðoʊ
hi.ho,hi.ho,hiho,hiho,hihoʊ,hihoʊ
me.mi,me.mi,memi,memi,meɪmi,meɪmi
me.ni,me.ni,meni,meni,meɪni,meɪni
me.pi,me.pi,mepi,mepi,meɪpi,meɪpi
me.ti,me.ti,meti,meti,meɪti,meɪti
me.ki,me.ki,meki,meki,meɪki,meɪki
me.bi,me.bi,mebi,mebi,meɪbi,meɪbi
me.di,me.di,medi,medi,meɪdi,meɪdi
me.gi,me.gi,megi,megi,meɪgi,meɪgi
me.fi,me.fi,mefi,mefi,meɪfi,meɪfi
me.si,me.si,mesi,mesi,meɪsi,meɪsi
me.vi,me.vi,mevi,mevi,meɪvi,meɪvi
me.zi,me.zi,mezi,mezi,meɪzi,meɪzi
me.ʃi,me.ʃi,meʃi,meʃi,meɪʃi,meɪʃi
me.ʒi,me.ʒi,meʒi,meʒi,meɪʒi,meɪʒi
me.θi,me.θi,meθi,meθi,meɪθi,meɪθi
me.ði,me.ði,meði,meði,meɪði,meɪði
me.hi,me.hi,mehi,mehi,meɪhi,meɪhi
me.me,me.me,meme,meme,meɪmeɪ,meɪmeɪ
me.ne,me.ne,mene,mene,meɪneɪ,meɪneɪ
me.pe,me.pe,mepe,mepe,meɪpeɪ,meɪpeɪ
me.te,me.te,mete,mete,meɪteɪ,meɪteɪ
me.ke,me.ke,meke,meke,meɪkeɪ,meɪkeɪ
me.be,me.be,mebe,mebe,meɪbeɪ,meɪbeɪ
me.de,me.de,mede,mede,meɪdeɪ,meɪdeɪ
me.ge,me.ge,mege,mege,meɪgeɪ,meɪgeɪ
me.fe,me.fe,mefe,mefe,meɪfeɪ,meɪfeɪ
me.se,me.se,mese,mese,meɪseɪ,meɪseɪ
me.ve,me.ve,meve,meve,meɪveɪ,meɪveɪ
me.ze,me.ze,meze,meze,meɪzeɪ,meɪzeɪ
me.ʃe,me.ʃe,meʃe,meʃe,meɪʃeɪ,meɪʃeɪ
me.ʒe,me.ʒe,meʒe,meʒe,meɪʒeɪ,meɪʒeɪ
me.θe,me.θe,meθe,meθe,meɪθeɪ,meɪθeɪ
me.ðe,me.ðe,meðe,meðe,meɪðeɪ,meɪðeɪ
me.he,me.he,mehe,mehe,meɪheɪ,meɪheɪ
me.mu,me.mu,memu,memu,meɪmu,meɪmu
me.nu,me.nu,menu,menu,meɪnu,meɪnu
me.pu,me.pu,mepu,mepu,meɪpu,meɪpu
me.tu,me.tu,metu,metu,meɪtu,meɪtu
me.ku,me.ku,meku,meku,meɪku,meɪku
me.bu,me.bu,mebu,mebu,meɪbu,meɪbu
me.du,me.du,medu,medu,meɪdu,meɪdu
me.gu,me.gu,megu,megu,meɪgu,meɪgu
me.fu,me.fu,mefu,mefu,meɪfu,meɪfu
me.su,me.su,mesu,mesu,meɪsu,meɪsu
me.vu,me.vu,mevu,mevu,meɪvu,meɪvu
me.zu,me.zu,mezu,mezu,meɪzu,meɪzu
me.ʃu,me.ʃu,meʃu,meʃu,meɪʃu,meɪʃu
me.ʒu,me.ʒu,meʒu,meʒu,meɪʒu,meɪʒu
me.θu,me.θu,meθu,meθu,meɪθu,meɪθu
me.ðu,me.ðu,meðu,meðu,meɪðu,meɪðu
me.hu,me.hu,mehu,mehu,meɪhu,meɪhu
me.mo,me.mo,memo,memo,meɪmoʊ,meɪmoʊ
me.no,me.no,meno,meno,meɪnoʊ,meɪnoʊ
me.po,me.po,mepo,mepo,meɪpoʊ,meɪpoʊ
me.to,me.to,meto,meto,meɪtoʊ,meɪtoʊ
me.ko,me.ko,meko,meko,meɪkoʊ,meɪkoʊ
me.bo,me.bo,mebo,mebo,meɪboʊ,meɪboʊ
me.do,me.do,medo,medo,meɪdoʊ,meɪdoʊ
me.go,me.go,mego,mego,meɪgoʊ,meɪgoʊ
me.fo,me.fo,mefo,mefo,meɪfoʊ,meɪfoʊ
me.so,me.so,meso,meso,meɪsoʊ,meɪsoʊ
me.vo,me.vo,mevo,mevo,meɪvoʊ,meɪvoʊ
me.zo,me.zo,mezo,mezo,meɪzoʊ,meɪzoʊ
me.ʃo,me.ʃo,meʃo,meʃo,meɪʃoʊ,meɪʃoʊ
me.ʒo,me.ʒo,meʒo,meʒo,meɪʒoʊ,meɪʒoʊ
me.θo,me.θo,meθo,meθo,meɪθoʊ,meɪθoʊ
me.ðo,me.ðo,meðo,meðo,meɪðoʊ,meɪðoʊ
me.ho,me.ho,meho,meho,meɪhoʊ,meɪhoʊ
ne.mi,ne.mi,nemi,nemi,neɪmi,neɪmi
ne.ni,ne.ni,neni,neni,neɪni,neɪni
ne.pi,ne.pi,nepi,nepi,neɪpi,neɪpi
ne.ti,ne.ti,neti,neti,neɪti,neɪti
ne.ki,ne.ki,neki,neki,neɪki,neɪki
ne.bi,ne.bi,nebi,nebi,neɪbi,neɪbi
ne.di,ne.di,nedi,nedi,neɪdi,neɪdi
ne.gi,ne.gi,negi,negi,neɪgi,neɪgi
ne.fi,ne.fi,nefi,nefi,neɪfi,neɪfi
ne.si,ne.si,nesi,nesi,neɪsi,neɪsi
ne.vi,ne.vi,nevi,nevi,neɪvi,neɪvi
ne.zi,ne.zi,nezi,nezi,neɪzi,neɪzi
ne.ʃi,ne.ʃi,neʃi,neʃi,neɪʃi,neɪʃi
ne.ʒi,ne.ʒi,neʒi,neʒi,neɪʒi,neɪʒi
ne.θi,ne.θi,neθi,neθi,neɪθi,neɪθi
ne.ði,ne.ði,neði,neði,neɪði,neɪði
ne.hi,ne.hi,nehi,nehi,neɪhi,neɪhi
ne.me,ne.me,neme,neme,neɪmeɪ,neɪmeɪ
ne.ne,ne.ne,nene,nene,neɪneɪ,neɪneɪ
ne.pe,ne.pe,nepe,nepe,neɪpeɪ,neɪpeɪ
ne.te,ne.te,nete,nete,neɪteɪ,neɪteɪ
ne.ke,ne.ke,neke,neke,neɪkeɪ,neɪkeɪ
ne.be,ne.be,nebe,nebe,neɪbeɪ,neɪbeɪ
ne.de,ne.de,nede,nede,neɪdeɪ,neɪdeɪ
ne.ge,ne.ge,nege,nege,neɪgeɪ,neɪgeɪ
ne.fe,ne.fe,nefe,nefe,neɪfeɪ,neɪfeɪ
ne.se,ne.se,nese,nese,neɪseɪ,neɪseɪ
ne.ve,ne.ve,neve,neve,neɪveɪ,neɪveɪ
ne.ze,ne.ze,neze,neze,neɪzeɪ,neɪzeɪ
ne.ʃe,ne.ʃe,neʃe,neʃe,neɪʃeɪ,neɪʃeɪ
ne.ʒe,ne.ʒe,neʒe,neʒe,neɪʒeɪ,neɪʒeɪ
ne.θe,ne.θe,neθe,neθe,neɪθeɪ,neɪθeɪ
ne.ðe,ne.ðe,neðe,neðe,neɪðeɪ,neɪðeɪ
ne.he,ne.he,nehe,nehe,neɪheɪ,neɪheɪ
ne.mu,ne.mu,nemu,nemu,neɪmu,neɪmu
ne.nu,ne.nu,nenu,nenu,neɪnu,neɪnu
ne.pu,ne.pu,nepu,nepu,neɪpu,neɪpu
ne.tu,ne.tu,netu,netu,neɪtu,neɪtu
ne.ku,ne.ku,neku,neku,neɪku,neɪku
ne.bu,ne.bu,nebu,nebu,neɪbu,neɪbu
ne.du,ne.du,nedu,nedu,neɪdu,neɪdu
ne.gu,ne.gu,negu,negu,neɪgu,neɪgu
ne.fu,ne.fu,nefu,nefu,neɪfu,neɪfu
ne.su,ne.su,nesu,nesu,neɪsu,neɪsu
ne.vu,ne.vu,nevu,nevu,neɪvu,neɪvu
ne.zu,ne.zu,nezu,nezu,neɪzu,neɪzu
ne.ʃu,ne.ʃu,neʃu,neʃu,neɪʃu,neɪʃu
ne.ʒu,ne.ʒu,neʒu,neʒu,neɪʒu,neɪʒu
ne.θu,ne.θu,neθu,neθu,neɪθu,neɪθu
ne.ðu,ne.ðu,neðu,neðu,neɪðu,neɪðu
ne.hu,ne.hu,nehu,nehu,neɪhu,neɪhu
ne.mo,ne.mo,nemo,nemo,neɪmoʊ,neɪmoʊ
ne.no,ne.no,neno,neno,neɪnoʊ,neɪnoʊ
ne.po,ne.po,nepo,nepo,neɪpoʊ,neɪpoʊ
ne.to,ne.to,neto,neto,neɪtoʊ,neɪtoʊ
ne.ko,ne.ko,neko,neko,neɪkoʊ,neɪkoʊ
ne.bo,ne.bo,nebo,nebo,neɪboʊ,neɪboʊ
ne.do,ne.do,nedo,nedo,neɪdoʊ,neɪdoʊ
ne.go,ne.go,nego,nego,neɪgoʊ,neɪgoʊ
ne.fo,ne.fo,nefo,nefo,neɪfoʊ,neɪfoʊ
ne.so,ne.so,neso,neso,neɪsoʊ,neɪsoʊ
ne.vo,ne.vo,nevo,nevo,neɪvoʊ,neɪvoʊ
ne.zo,ne.zo,nezo,nezo,neɪzoʊ,neɪzoʊ
ne.ʃo,ne.ʃo,neʃo,neʃo,neɪʃoʊ,neɪʃoʊ
ne.ʒo,ne.ʒo,neʒo,neʒo,neɪʒoʊ,neɪʒoʊ
ne.θo,ne.θo,neθo,neθo,neɪθoʊ,neɪθoʊ
ne.ðo,ne.ðo,neðo,neðo,neɪðoʊ,neɪðoʊ
ne.ho,ne.ho,neho,neho,neɪhoʊ,neɪhoʊ
pe.mi,pe.mi,pemi,pemi,peɪmi,peɪmi
pe.ni,pe.ni,peni,peni,peɪni,peɪni
pe.pi,pe.pi,pepi,pepi,peɪpi,peɪpi
pe.ti,pe.ti,peti,peti,peɪti,peɪti
pe.ki,pe.ki,peki,peki,peɪki,peɪki
pe.bi,pe.bi,pebi,pebi,peɪbi,peɪbi
pe.di,pe.di,pedi,pedi,peɪdi,peɪdi
pe.gi,pe.gi,pegi,pegi,peɪgi,peɪgi
pe.fi,pe.fi,pefi,pefi,peɪfi,peɪfi
pe.si,pe.si,pesi,pesi,peɪsi,peɪsi
pe.vi,pe.vi,pevi,pevi,peɪvi,peɪvi
pe.zi,pe.zi,pezi,pezi,peɪzi,peɪzi
pe.ʃi,pe.ʃi,peʃi,peʃi,peɪʃi,peɪʃi
pe.ʒi,pe.ʒi,peʒi,peʒi,peɪʒi,peɪʒi
pe.θi,pe.θi,peθi,peθi,peɪθi,peɪθi
pe.ði,pe.ði,peði,peði,peɪði,peɪði
pe.hi,pe.hi,pehi,pehi,peɪhi,peɪhi
pe.me,pe.me,peme,peme,peɪmeɪ,peɪmeɪ
pe.ne,pe.ne,pene,pene,peɪneɪ,peɪneɪ
pe.pe,pe.pe,pepe,pepe,peɪpeɪ,peɪpeɪ
pe.te,pe.te,pete,pete,peɪteɪ,peɪteɪ
pe.ke,pe.ke,peke,peke,peɪkeɪ,peɪkeɪ
pe.be,pe.be,pebe,pebe,peɪbeɪ,peɪbeɪ
pe.de,pe.de,pede,pede,peɪdeɪ,peɪdeɪ
pe.ge,pe.ge,pege,pege,peɪgeɪ,peɪgeɪ
pe.fe,pe.fe,pefe,pefe,peɪfeɪ,peɪfeɪ
pe.se,pe.se,pese,pese,peɪseɪ,peɪseɪ
pe.ve,pe.ve,peve,peve,peɪveɪ,peɪveɪ
pe.ze,pe.ze,peze,peze,peɪzeɪ,peɪzeɪ
pe.ʃe,pe.ʃe,peʃe,peʃe,peɪʃeɪ,peɪʃeɪ
pe.ʒe,pe.ʒe,peʒe,peʒe,peɪʒeɪ,peɪʒeɪ
pe.θe,pe.θe,peθe,peθe,peɪθeɪ,peɪθeɪ
pe.ðe,pe.ðe,peðe,peðe,peɪðeɪ,peɪðeɪ
pe.he,pe.he,pehe,pehe,peɪheɪ,peɪheɪ
pe.mu,pe.mu,pemu,pemu,peɪmu,peɪmu
pe.nu,pe.nu,penu,penu,peɪnu,peɪnu
pe.pu,pe.pu,pepu,pepu,peɪpu,peɪpu
pe.tu,pe.tu,petu,petu,peɪtu,peɪtu
pe.ku,pe.ku,peku,peku,peɪku,peɪku
pe.bu,pe.bu,pebu,pebu,peɪbu,peɪbu
pe.du,pe.du,pedu,pedu,peɪdu,peɪdu
pe.gu,pe.gu,pegu,pegu,peɪgu,peɪgu
pe.fu,pe.fu,pefu,pefu,peɪfu,peɪfu
pe.su,pe.su,pesu,pesu,peɪsu,peɪsu
pe.vu,pe.vu,pevu,pevu,peɪvu,peɪvu
pe.zu,pe.zu,pezu,pezu,peɪzu,peɪzu
pe.ʃu,pe.ʃu,peʃu,peʃu,peɪʃu,peɪʃu
pe.ʒu,pe.ʒu,peʒu,peʒu,peɪʒu,peɪʒu
pe.θu,pe.θu,peθu,peθu,peɪθu,peɪθu
pe.ðu,pe.ðu,peðu,peðu,peɪðu,peɪðu
pe.hu,pe.hu,pehu,pehu,peɪhu,peɪhu
pe.mo,pe.mo,pemo,pemo,peɪmoʊ,peɪmoʊ
pe.no,pe.no,peno,peno,peɪnoʊ,peɪnoʊ
pe.po,pe.po,pepo,pepo,peɪpoʊ,peɪpoʊ
pe.to,pe.to,peto,peto,peɪtoʊ,peɪtoʊ
pe.ko,pe.ko,peko,peko,peɪkoʊ,peɪkoʊ
pe.bo,pe.bo,pebo,pebo,peɪboʊ,peɪboʊ
pe.do,pe.do,pedo,pedo,peɪdoʊ,peɪdoʊ
pe.go,pe.go,pego,pego,peɪgoʊ,peɪgoʊ
pe.fo,pe.fo,pefo,pefo,peɪfoʊ,peɪfoʊ
pe.so,pe.so,peso,peso,peɪsoʊ,peɪsoʊ
pe.vo,pe.vo,pevo,pevo,peɪvoʊ,peɪvoʊ
pe.zo,pe.zo,pezo,pezo,peɪzoʊ,peɪzoʊ
pe.ʃo,pe.ʃo,peʃo,peʃo,peɪʃoʊ,peɪʃoʊ
pe.ʒo,pe.ʒo,peʒo,peʒo,peɪʒoʊ,peɪʒoʊ
pe.θo,pe.θo,peθo,peθo,peɪθoʊ,peɪθoʊ
pe.ðo,pe.ðo,peðo,peðo,peɪðoʊ,peɪðoʊ
pe.ho,pe.ho,peho,peho,peɪhoʊ,peɪhoʊ
te.mi,te.mi,temi,temi,teɪmi,teɪmi
te.ni,te.ni,teni,teni,teɪni,teɪni
te.pi,te.pi,tepi,tepi,teɪpi,teɪpi
te.ti,te.ti,teti,teti,teɪti,teɪti
te.ki,te.ki,teki,teki,teɪki,teɪki
te.bi,te.bi,tebi,tebi,teɪbi,teɪbi
te.di,te.di,tedi,tedi,teɪdi,teɪdi
te.gi,te.gi,tegi,tegi,teɪgi,teɪgi
te.fi,te.fi,tefi,tefi,teɪfi,teɪfi
te.si,te.si,tesi,tesi,teɪsi,teɪsi
te.vi,te.vi,tevi,tevi,teɪvi,teɪvi
te.zi,te.zi,tezi,tezi,teɪzi,teɪzi
te.ʃi,te.ʃi,teʃi,teʃi,teɪʃi,teɪʃi
te.ʒi,te.ʒi,teʒi,teʒi,teɪʒi,teɪʒi
te.θi,te.θi,teθi,teθi,teɪθi,teɪθi
te.ði,te.ði,teði,teði,teɪði,teɪði
te.hi,te.hi,tehi,tehi,teɪhi,teɪhi
te.me,te.me,teme,teme,teɪmeɪ,teɪmeɪ
te.ne,te.ne,tene,tene,teɪneɪ,teɪneɪ
te.pe,te.pe,tepe,tepe,teɪpeɪ,teɪpeɪ
te.te,te.te,tete,tete,teɪteɪ,teɪteɪ
te.ke,te.ke,teke,teke,teɪkeɪ,teɪkeɪ
te.be,te.be,tebe,tebe,teɪbeɪ,teɪbeɪ
te.de,te.de,tede,tede,teɪdeɪ,teɪdeɪ
te.ge,te.ge,tege,tege,teɪgeɪ,teɪgeɪ
te.fe,te.fe,tefe,tefe,teɪfeɪ,teɪfeɪ
te.se,te.se,tese,tese,teɪseɪ,teɪseɪ
te.ve,te.ve,teve,teve,teɪveɪ,teɪveɪ
te.ze,te.ze,teze,teze,teɪzeɪ,teɪzeɪ
te.ʃe,te.ʃe,teʃe,teʃe,teɪʃeɪ,teɪʃeɪ
te.ʒe,te.ʒe,teʒe,teʒe,teɪʒeɪ,teɪʒeɪ
te.θe,te.θe,teθe,teθe,teɪθeɪ,teɪθeɪ
te.ðe,te.ðe,teðe,teðe,teɪðeɪ,teɪðeɪ
te.he,te.he,tehe,tehe,teɪheɪ,teɪheɪ
te.mu,te.mu,temu,temu,teɪmu,teɪmu
te.nu,te.nu,tenu,tenu,teɪnu,teɪnu
te.pu,te.pu,tepu,tepu,teɪpu,teɪpu
te.tu,te.tu,tetu,tetu,teɪtu,teɪtu
te.ku,te.ku,teku,teku,teɪku,teɪku
te.bu,te.bu,tebu,tebu,teɪbu,teɪbu
te.du,te.du,tedu,tedu,teɪdu,teɪdu
te.gu,te.gu,tegu,tegu,teɪgu,teɪgu
te.fu,te.fu,tefu,tefu,teɪfu,teɪfu
te.su,te.su,tesu,tesu,teɪsu,teɪsu
te.vu,te.vu,tevu,tevu,teɪvu,teɪvu
te.zu,te.zu,tezu,tezu,teɪzu,teɪzu
te.ʃu,te.ʃu,teʃu,teʃu,teɪʃu,teɪʃu
te.ʒu,te.ʒu,teʒu,teʒu,teɪʒu,teɪʒu
te.θu,te.θu,teθu,teθu,teɪθu,teɪθu
te.ðu,te.ðu,teðu,teðu,teɪðu,teɪðu
te.hu,te.hu,tehu,tehu,teɪhu,teɪhu
te.mo,te.mo,temo,temo,teɪmoʊ,teɪmoʊ
te.no,te.no,teno,teno,teɪnoʊ,teɪnoʊ
te.po,te.po,tepo,tepo,teɪpoʊ,teɪpoʊ
te.to,te.to,teto,teto,teɪtoʊ,teɪtoʊ
te.ko,te.ko,teko,teko,teɪkoʊ,teɪkoʊ
te.bo,te.bo,tebo,tebo,teɪboʊ,teɪboʊ
te.do,te.do,tedo,tedo,teɪdoʊ,teɪdoʊ
te.go,te.go,tego,tego,teɪgoʊ,teɪgoʊ
te.fo,te.fo,tefo,tefo,teɪfoʊ,teɪfoʊ
te.so,te.so,teso,teso,teɪsoʊ,teɪsoʊ
te.vo,te.vo,tevo,tevo,teɪvoʊ,teɪvoʊ
te.zo,te.zo,tezo,tezo,teɪzoʊ,teɪzoʊ
te.ʃo,te.ʃo,teʃo,teʃo,teɪʃoʊ,teɪʃoʊ
te.ʒo,te.ʒo,teʒo,teʒo,teɪʒoʊ,teɪʒoʊ
te.θo,te.θo,teθo,teθo,teɪθoʊ,teɪθoʊ
te.ðo,te.ðo,teðo,teðo,teɪðoʊ,teɪðoʊ
te.ho,te.ho,teho,teho,teɪhoʊ,teɪhoʊ
ke.mi,ke.mi,kemi,kemi,keɪmi,keɪmi
ke.ni,ke.ni,keni,keni,keɪni,keɪni
ke.pi,ke.pi,kepi,kepi,keɪpi,keɪpi
ke.ti,ke.ti,keti,keti,keɪti,keɪti
ke.ki,ke.ki,keki,keki,keɪki,keɪki
ke.bi,ke.bi,kebi,kebi,keɪbi,keɪbi
ke.di,ke.di,kedi,kedi,keɪdi,keɪdi
ke.gi,ke.gi,kegi,kegi,keɪgi,keɪgi
ke.fi,ke.fi,kefi,kefi,keɪfi,keɪfi
ke.si,ke.si,kesi,kesi,keɪsi,keɪsi
ke.vi,ke.vi,kevi,kevi,keɪvi,keɪvi
ke.zi,ke.zi,kezi,kezi,keɪzi,keɪzi
ke.ʃi,ke.ʃi,keʃi,keʃi,keɪʃi,keɪʃi
ke.ʒi,ke.ʒi,keʒi,keʒi,keɪʒi,keɪʒi
ke.θi,ke.θi,keθi,keθi,keɪθi,keɪθi
ke.ði,ke.ði,keði,keði,keɪði,keɪði
ke.hi,ke.hi,kehi,kehi,keɪhi,keɪhi
ke.me,ke.me,keme,keme,keɪmeɪ,keɪmeɪ
ke.ne,ke.ne,kene,kene,keɪneɪ,keɪneɪ
ke.pe,ke.pe,kepe,kepe,keɪpeɪ,keɪpeɪ
ke.te,ke.te,kete,kete,keɪteɪ,keɪteɪ
ke.ke,ke.ke,keke,keke,keɪkeɪ,keɪkeɪ
ke.be,ke.be,kebe,kebe,keɪbeɪ,keɪbeɪ
ke.de,ke.de,kede,kede,keɪdeɪ,keɪdeɪ
ke.ge,ke.ge,kege,kege,keɪgeɪ,keɪgeɪ
ke.fe,ke.fe,kefe,kefe,keɪfeɪ,keɪfeɪ
ke.se,ke.se,kese,kese,keɪseɪ,keɪseɪ
ke.ve,ke.ve,keve,keve,keɪveɪ,keɪveɪ
ke.ze,ke.ze,keze,keze,keɪzeɪ,keɪzeɪ
ke.ʃe,ke.ʃe,keʃe,keʃe,keɪʃeɪ,keɪʃeɪ
ke.ʒe,ke.ʒe,keʒe,keʒe,keɪʒeɪ,keɪʒeɪ
ke.θe,ke.θe,keθe,keθe,keɪθeɪ,keɪθeɪ
ke.ðe,ke.ðe,keðe,keðe,keɪðeɪ,keɪðeɪ
ke.he,ke.he,kehe,kehe,keɪheɪ,keɪheɪ
ke.mu,ke.mu,kemu,kemu,keɪmu,keɪmu
ke.nu,ke.nu,kenu,kenu,keɪnu,keɪnu
ke.pu,ke.pu,kepu,kepu,keɪpu,keɪpu
ke.tu,ke.tu,ketu,ketu,keɪtu,keɪtu
ke.ku,ke.ku,keku,keku,keɪku,keɪku
ke.bu,ke.bu,kebu,kebu,keɪbu,keɪbu
ke.du,ke.du,kedu,kedu,keɪdu,keɪdu
ke.gu,ke.gu,kegu,kegu,keɪgu,keɪgu
ke.fu,ke.fu,kefu,kefu,keɪfu,keɪfu
ke.su,ke.su,kesu,kesu,keɪsu,keɪsu
ke.vu,ke.vu,kevu,kevu,keɪvu,keɪvu
ke.zu,ke.zu,kezu,kezu,keɪzu,keɪzu
ke.ʃu,ke.ʃu,keʃu,keʃu,keɪʃu,keɪʃu
ke.ʒu,ke.ʒu,keʒu,keʒu,keɪʒu,keɪʒu
ke.θu,ke.θu,keθu,keθu,keɪθu,keɪθu
ke.ðu,ke.ðu,keðu,keðu,keɪðu,keɪðu
ke.hu,ke.hu,kehu,kehu,keɪhu,keɪhu
ke.mo,ke.mo,kemo,kemo,keɪmoʊ,keɪmoʊ
ke.no,ke.no,keno,keno,keɪnoʊ,keɪnoʊ
ke.po,ke.po,kepo,kepo,keɪpoʊ,keɪpoʊ
ke.to,ke.to,keto,keto,keɪtoʊ,keɪtoʊ
ke.ko,ke.ko,keko,keko,keɪkoʊ,keɪkoʊ
ke.bo,ke.bo,kebo,kebo,keɪboʊ,keɪboʊ
ke.do,ke.do,kedo,kedo,keɪdoʊ,keɪdoʊ
ke.go,ke.go,kego,kego,keɪgoʊ,keɪgoʊ
ke.fo,ke.fo,kefo,kefo,keɪfoʊ,keɪfoʊ
ke.so,ke.so,keso,keso,keɪsoʊ,keɪsoʊ
ke.vo,ke.vo,kevo,kevo,keɪvoʊ,keɪvoʊ
ke.zo,ke.zo,kezo,kezo,keɪzoʊ,keɪzoʊ
ke.ʃo,ke.ʃo,keʃo,keʃo,keɪʃoʊ,keɪʃoʊ
ke.ʒo,ke.ʒo,keʒo,keʒo,keɪʒoʊ,keɪʒoʊ
ke.θo,ke.θo,keθo,keθo,keɪθoʊ,keɪθoʊ
ke.ðo,ke.ðo,keðo,keðo,keɪðoʊ,keɪðoʊ
ke.ho,ke.ho,keho,keho,keɪhoʊ,keɪhoʊ
be.mi,be.mi,bemi,bemi,beɪmi,beɪmi
be.ni,be.ni,beni,beni,beɪni,beɪni
be.pi,be.pi,bepi,bepi,beɪpi,beɪpi
be.ti,be.ti,beti,beti,beɪti,beɪti
be.ki,be.ki,beki,beki,beɪki,beɪki
be.bi,be.bi,bebi,bebi,beɪbi,beɪbi
be.di,be.di,bedi,bedi,beɪdi,beɪdi
be.gi,be.gi,begi,begi,beɪgi,beɪgi
be.fi,be.fi,befi,befi,beɪfi,beɪfi
be.si,be.si,besi,besi,beɪsi,beɪsi
be.vi,be.vi,bevi,bevi,beɪvi,beɪvi
be.zi,be.zi,bezi,bezi,beɪzi,beɪzi
be.ʃi,be.ʃi,beʃi,beʃi,beɪʃi,beɪʃi
be.ʒi,be.ʒi,beʒi,beʒi,beɪʒi,beɪʒi
be.θi,be.θi,beθi,beθi,beɪθi,beɪθi
be.ði,be.ði,beði,beði,beɪði,beɪði
be.hi,be.hi,behi,behi,beɪhi,beɪhi
be.me,be.me,beme,beme,beɪmeɪ,beɪmeɪ
be.ne,be.ne,bene,bene,beɪneɪ,beɪneɪ
be.pe,be.pe,bepe,bepe,beɪpeɪ,beɪpeɪ
be.te,be.te,bete,bete,beɪteɪ,beɪteɪ
be.ke,be.ke,beke,beke,beɪkeɪ,beɪkeɪ
be.be,be.be,bebe,bebe,beɪbeɪ,beɪbeɪ
be.de,be.de,bede,bede,beɪdeɪ,beɪdeɪ
be.ge,be.ge,bege,bege,beɪgeɪ,beɪgeɪ
be.fe,be.fe,befe,befe,beɪfeɪ,beɪfeɪ
be.se,be.se,bese,bese,beɪseɪ,beɪseɪ
be.ve,be.ve,beve,beve,beɪveɪ,beɪveɪ
be.ze,be.ze,beze,beze,beɪzeɪ,beɪzeɪ
be.ʃe,be.ʃe,beʃe,beʃe,beɪʃeɪ,beɪʃeɪ
be.ʒe,be.ʒe,beʒe,beʒe,beɪʒeɪ,beɪʒeɪ
be.θe,be.θe,beθe,beθe,beɪθeɪ,beɪθeɪ
be.ðe,be.ðe,beðe,beðe,beɪðeɪ,beɪðeɪ
be.he,be.he,behe,behe,beɪheɪ,beɪheɪ
be.mu,be.mu,bemu,bemu,beɪmu,beɪmu
be.nu,be.nu,benu,benu,beɪnu,beɪnu
be.pu,be.pu,bepu,bepu,beɪpu,beɪpu
be.tu,be.tu,betu,betu,beɪtu,beɪtu
be.ku,be.ku,beku,beku,beɪku,beɪku
be.bu,be.bu,bebu,bebu,beɪbu,beɪbu
be.du,be.du,bedu,bedu,beɪdu,beɪdu
be.gu,be.gu,begu,begu,beɪgu,beɪgu
be.fu,be.fu,befu,befu,beɪfu,beɪfu
be.su,be.su,besu,besu,beɪsu,beɪsu
be.vu,be.vu,bevu,bevu,beɪvu,beɪvu
be.zu,be.zu,bezu,bezu,beɪzu,beɪzu
be.ʃu,be.ʃu,beʃu,beʃu,beɪʃu,beɪʃu
be.ʒu,be.ʒu,beʒu,beʒu,beɪʒu,beɪʒu
be.θu,be.θu,beθu,beθu,beɪθu,beɪθu
be.ðu,be.ðu,beðu,beðu,beɪðu,beɪðu
be.hu,be.hu,behu,behu,beɪhu,beɪhu
be.mo,be.mo,bemo,bemo,beɪmoʊ,beɪmoʊ
be.no,be.no,beno,beno,beɪnoʊ,beɪnoʊ
be.po,be.po,bepo,bepo,beɪpoʊ,beɪpoʊ
be.to,be.to,beto,beto,beɪtoʊ,beɪtoʊ
be.ko,be.ko,beko,beko,beɪkoʊ,beɪkoʊ
be.bo,be.bo,bebo,bebo,beɪboʊ,beɪboʊ
be.do,be.do,bedo,bedo,beɪdoʊ,beɪdoʊ
be.go,be.go,bego,bego,beɪgoʊ,beɪgoʊ
be.fo,be.fo,befo,befo,beɪfoʊ,beɪfoʊ
be.so,be.so,beso,beso,beɪsoʊ,beɪsoʊ
be.vo,be.vo,bevo,bevo,beɪvoʊ,beɪvoʊ
be.zo,be.zo,bezo,bezo,beɪzoʊ,beɪzoʊ
be.ʃo,be.ʃo,beʃo,beʃo,beɪʃoʊ,beɪʃoʊ
be.ʒo,be.ʒo,beʒo,beʒo,beɪʒoʊ,beɪʒoʊ
be.θo,be.θo,beθo,beθo,beɪθoʊ,beɪθoʊ
be.ðo,be.ðo,beðo,beðo,beɪðoʊ,beɪðoʊ
be.ho,be.ho,beho,beho,beɪhoʊ,beɪhoʊ
de.mi,de.mi,demi,demi,deɪmi,deɪmi
de.ni,de.ni,deni,deni,deɪni,deɪni
de.pi,de.pi,depi,depi,deɪpi,deɪpi
de.ti,de.ti,deti,deti,deɪti,deɪti
de.ki,de.ki,deki,deki,deɪki,deɪki
de.bi,de.bi,debi,debi,deɪbi,deɪbi
de.di,de.di,dedi,dedi,deɪdi,deɪdi
de.gi,de.gi,degi,degi,deɪgi,deɪgi
de.fi,de.fi,defi,defi,deɪfi,deɪfi
de.si,de.si,desi,desi,deɪsi,deɪsi
de.vi,de.vi,devi,devi,deɪvi,deɪvi
de.zi,de.zi,dezi,dezi,deɪzi,deɪzi
de.ʃi,de.ʃi,deʃi,deʃi,deɪʃi,deɪʃi
de.ʒi,de.ʒi,deʒi,deʒi,deɪʒi,deɪʒi
de.θi,de.θi,deθi,deθi,deɪθi,deɪθi
de.ði,de.ði,deði,deði,deɪði,deɪði
de.hi,de.hi,dehi,dehi,deɪhi,deɪhi
de.me,de.me,deme,deme,deɪmeɪ,deɪmeɪ
de.ne,de.ne,dene,dene,deɪneɪ,deɪneɪ
de.pe,de.pe,depe,depe,deɪpeɪ,deɪpeɪ
de.te,de.te,dete,dete,deɪteɪ,deɪteɪ
de.ke,de.ke,deke,deke,deɪkeɪ,deɪkeɪ
de.be,de.be,debe,debe,deɪbeɪ,deɪbeɪ
de.de,de.de,dede,dede,deɪdeɪ,deɪdeɪ
de.ge,de.ge,dege,dege,deɪgeɪ,deɪgeɪ
de.fe,de.fe,defe,defe,deɪfeɪ,deɪfeɪ
de.se,de.se,dese,dese,deɪseɪ,deɪseɪ
de.ve,de.ve,deve,deve,deɪveɪ,deɪveɪ
de.ze,de.ze,deze,deze,deɪzeɪ,deɪzeɪ
de.ʃe,de.ʃe,deʃe,deʃe,deɪʃeɪ,deɪʃeɪ
de.ʒe,de.ʒe,deʒe,deʒe,deɪʒeɪ,deɪʒeɪ
de.θe,de.θe,deθe,deθe,deɪθeɪ,deɪθeɪ
de.ðe,de.ðe,deðe,deðe,deɪðeɪ,deɪðeɪ
de.he,de.he,dehe,dehe,deɪheɪ,deɪheɪ
de.mu,de.mu,demu,demu,deɪmu,deɪmu
de.nu,de.nu,denu,denu,deɪnu,deɪnu
de.pu,de.pu,depu,depu,deɪpu,deɪpu
de.tu,de.tu,detu,detu,deɪtu,deɪtu
de.ku,de.ku,deku,deku,deɪku,deɪku
de.bu,de.bu,debu,debu,deɪbu,deɪbu
de.du,de.du,dedu,dedu,deɪdu,deɪdu
de.gu,de.gu,degu,degu,deɪgu,deɪgu
de.fu,de.fu,defu,defu,deɪfu,deɪfu
de.su,de.su,desu,desu,deɪsu,deɪsu
de.vu,de.vu,devu,devu,deɪvu,deɪvu
de.zu,de.zu,dezu,dezu,deɪzu,deɪzu
de.ʃu,de.ʃu,deʃu,deʃu,deɪʃu,deɪʃu
de.ʒu,de.ʒu,deʒu,deʒu,deɪʒu,deɪʒu
de.θu,de.θu,deθu,deθu,deɪθu,deɪθu
de.ðu,de.ðu,deðu,deðu,deɪðu,deɪðu
de.hu,de.hu,dehu,dehu,deɪhu,deɪhu
de.mo,de.mo,demo,demo,deɪmoʊ,deɪmoʊ
de.no,de.no,deno,deno,deɪnoʊ,deɪnoʊ
de.po,de.po,depo,depo,deɪpoʊ,deɪpoʊ
de.to,de.to,deto,deto,deɪtoʊ,deɪtoʊ
de.ko,de.ko,deko,deko,deɪkoʊ,deɪkoʊ
de.bo,de.bo,debo,debo,deɪboʊ,deɪboʊ
de.do,de.do,dedo,dedo,deɪdoʊ,deɪdoʊ
de.go,de.go,dego,dego,deɪgoʊ,deɪgoʊ
de.fo,de.fo,defo,defo,deɪfoʊ,deɪfoʊ
de.so,de.so,deso,deso,deɪsoʊ,deɪsoʊ
de.vo,de.vo,devo,devo,deɪvoʊ,deɪvoʊ
de.zo,de.zo,dezo,dezo,deɪzoʊ,deɪzoʊ
de.ʃo,de.ʃo,deʃo,deʃo,deɪʃoʊ,deɪʃoʊ
de.ʒo,de.ʒo,deʒo,deʒo,deɪʒoʊ,deɪʒoʊ
de.θo,de.θo,deθo,deθo,deɪθoʊ,deɪθoʊ
de.ðo,de.ðo,deðo,deðo,deɪðoʊ,deɪðoʊ
de.ho,de.ho,deho,deho,deɪhoʊ,deɪhoʊ
ge.mi,ge.mi,gemi,gemi,geɪmi,geɪmi
ge.ni,ge.ni,geni,geni,geɪni,geɪni
ge.pi,ge.pi,gepi,gepi,geɪpi,geɪpi
ge.ti,ge.ti,geti,geti,geɪti,geɪti
ge.ki,ge.ki,geki,geki,geɪki,geɪki
ge.bi,ge.bi,gebi,gebi,geɪbi,geɪbi
ge.di,ge.di,gedi,gedi,geɪdi,geɪdi
ge.gi,ge.gi,gegi,gegi,geɪgi,geɪgi
ge.fi,ge.fi,gefi,gefi,geɪfi,geɪfi
ge.si,ge.si,gesi,gesi,geɪsi,geɪsi
ge.vi,ge.vi,gevi,gevi,geɪvi,geɪvi
ge.zi,ge.zi,gezi,gezi,geɪzi,geɪzi
ge.ʃi,ge.ʃi,geʃi,geʃi,geɪʃi,geɪʃi
ge.ʒi,ge.ʒi,geʒi,geʒi,geɪʒi,geɪʒi
ge.θi,ge.θi,geθi,geθi,geɪθi,geɪθi
ge.ði,ge.ði,geði,geði,geɪði,geɪði
ge.hi,ge.hi,gehi,gehi,geɪhi,geɪhi
ge.me,ge.me,geme,geme,geɪmeɪ,geɪmeɪ
ge.ne,ge.ne,gene,gene,geɪneɪ,geɪneɪ
ge.pe,ge.pe,gepe,gepe,geɪpeɪ,geɪpeɪ
ge.te,ge.te,gete,gete,geɪteɪ,geɪteɪ
ge.ke,ge.ke,geke,geke,geɪkeɪ,geɪkeɪ
ge.be,ge.be,gebe,gebe,geɪbeɪ,geɪbeɪ
ge.de,ge.de,gede,gede,geɪdeɪ,geɪdeɪ
ge.ge,ge.ge,gege,gege,geɪgeɪ,geɪgeɪ
ge.fe,ge.fe,gefe,gefe,geɪfeɪ,geɪfeɪ
ge.se,ge.se,gese,gese,geɪseɪ,geɪseɪ
ge.ve,ge.ve,geve,geve,geɪveɪ,geɪveɪ
ge.ze,ge.ze,geze,geze,geɪzeɪ,geɪzeɪ
ge.ʃe,ge.ʃe,geʃe,geʃe,geɪʃeɪ,geɪʃeɪ
ge.ʒe,ge.ʒe,geʒe,geʒe,geɪʒeɪ,geɪʒeɪ
ge.θe,ge.θe,geθe,geθe,geɪθeɪ,geɪθeɪ
ge.ðe,ge.ðe,geðe,geðe,geɪðeɪ,geɪðeɪ
ge.he,ge.he,gehe,gehe,geɪheɪ,geɪheɪ
ge.mu,ge.mu,gemu,gemu,geɪmu,geɪmu
ge.nu,ge.nu,genu,genu,geɪnu,geɪnu
ge.pu,ge.pu,gepu,gepu,geɪpu,geɪpu
ge.tu,ge.tu,getu,getu,geɪtu,geɪtu
ge.ku,ge.ku,geku,geku,geɪku,geɪku
ge.bu,ge.bu,gebu,gebu,geɪbu,geɪbu
ge.du,ge.du,gedu,gedu,geɪdu,geɪdu
ge.gu,ge.gu,gegu,gegu,geɪgu,geɪgu
ge.fu,ge.fu,gefu,gefu,geɪfu,geɪfu
ge.su,ge.su,gesu,gesu,geɪsu,geɪsu
ge.vu,ge.vu,gevu,gevu,geɪvu,geɪvu
ge.zu,ge.zu,gezu,gezu,geɪzu,geɪzu
ge.ʃu,ge.ʃu,geʃu,geʃu,geɪʃu,geɪʃu
ge.ʒu,ge.ʒu,geʒu,geʒu,geɪʒu,geɪʒu
ge.θu,ge.θu,geθu,geθu,geɪθu,geɪθu
ge.ðu,ge.ðu,geðu,geðu,geɪðu,geɪðu
ge.hu,ge.hu,gehu,gehu,geɪhu,geɪhu
ge.mo,ge.mo,gemo,gemo,geɪmoʊ,geɪmoʊ
ge.no,ge.no,geno,geno,geɪnoʊ,geɪnoʊ
ge.po,ge.po,gepo,gepo,geɪpoʊ,geɪpoʊ
ge.to,ge.to,geto,geto,geɪtoʊ,geɪtoʊ
ge.ko,ge.ko,geko,geko,geɪkoʊ,geɪkoʊ
ge.bo,ge.bo,gebo,gebo,geɪboʊ,geɪboʊ
ge.do,ge.do,gedo,gedo,geɪdoʊ,geɪdoʊ
ge.go,ge.go,gego,gego,geɪgoʊ,geɪgoʊ
ge.fo,ge.fo,gefo,gefo,geɪfoʊ,geɪfoʊ
ge.so,ge.so,geso,geso,geɪsoʊ,geɪsoʊ
ge.vo,ge.vo,gevo,gevo,geɪvoʊ,geɪvoʊ
ge.zo,ge.zo,gezo,gezo,geɪzoʊ,geɪzoʊ
ge.ʃo,ge.ʃo,geʃo,geʃo,geɪʃoʊ,geɪʃoʊ
ge.ʒo,ge.ʒo,geʒo,geʒo,geɪʒoʊ,geɪʒoʊ
ge.θo,ge.θo,geθo,geθo,geɪθoʊ,geɪθoʊ
ge.ðo,ge.ðo,geðo,geðo,geɪðoʊ,geɪðoʊ
ge.ho,ge.ho,geho,geho,geɪhoʊ,geɪhoʊ
fe.mi,fe.mi,femi,femi,feɪmi,feɪmi
fe.ni,fe.ni,feni,feni,feɪni,feɪni
fe.pi,fe.pi,fepi,fepi,feɪpi,feɪpi
fe.ti,fe.ti,feti,feti,feɪti,feɪti
fe.ki,fe.ki,feki,feki,feɪki,feɪki
fe.bi,fe.bi,febi,febi,feɪbi,feɪbi
fe.di,fe.di,fedi,fedi,feɪdi,feɪdi
fe.gi,fe.gi,fegi,fegi,feɪgi,feɪgi
fe.fi,fe.fi,fefi,fefi,feɪfi,feɪfi
fe.si,fe.si,fesi,fesi,feɪsi,feɪsi
fe.vi,fe.vi,fevi,fevi,feɪvi,feɪvi
fe.zi,fe.zi,fezi,fezi,feɪzi,feɪzi
fe.ʃi,fe.ʃi,feʃi,feʃi,feɪʃi,feɪʃi
fe.ʒi,fe.ʒi,feʒi,feʒi,feɪʒi,feɪʒi
fe.θi,fe.θi,feθi,feθi,feɪθi,feɪθi
fe.ði,fe.ði,feði,feði,feɪði,feɪði
fe.hi,fe.hi,fehi,fehi,feɪhi,feɪhi
fe.me,fe.me,feme,feme,feɪmeɪ,feɪmeɪ
fe.ne,fe.ne,fene,fene,feɪneɪ,feɪneɪ
fe.pe,fe.pe,fepe,fepe,feɪpeɪ,feɪpeɪ
fe.te,fe.te,fete,fete,feɪteɪ,feɪteɪ
fe.ke,fe.ke,feke,feke,feɪkeɪ,feɪkeɪ
fe.be,fe.be,febe,febe,feɪbeɪ,feɪbeɪ
fe.de,fe.de,fede,fede,feɪdeɪ,feɪdeɪ
fe.ge,fe.ge,fege,fege,feɪgeɪ,feɪgeɪ
fe.fe,fe.fe,fefe,fefe,feɪfeɪ,feɪfeɪ
fe.se,fe.se,fese,fese,feɪseɪ,feɪseɪ
fe.ve,fe.ve,feve,feve,feɪveɪ,feɪveɪ
fe.ze,fe.ze,feze,feze,feɪzeɪ,feɪzeɪ
fe.ʃe,fe.ʃe,feʃe,feʃe,feɪʃeɪ,feɪʃeɪ
fe.ʒe,fe.ʒe,feʒe,feʒe,feɪʒeɪ,feɪʒeɪ
fe.θe,fe.θe,feθe,feθe,feɪθeɪ,feɪθeɪ
fe.ðe,fe.ðe,feðe,feðe,feɪðeɪ,feɪðeɪ
fe.he,fe.he,fehe,fehe,feɪheɪ,feɪheɪ
fe.mu,fe.mu,femu,femu,feɪmu,feɪmu
fe.nu,fe.nu,fenu,fenu,feɪnu,feɪnu
fe.pu,fe.pu,fepu,fepu,feɪpu,feɪpu
fe.tu,fe.tu,fetu,fetu,feɪtu,feɪtu
fe.ku,fe.ku,feku,feku,feɪku,feɪku
fe.bu,fe.bu,febu,febu,feɪbu,feɪbu
fe.du,fe.du,fedu,fedu,feɪdu,feɪdu
fe.gu,fe.gu,fegu,fegu,feɪgu,feɪgu
fe.fu,fe.fu,fefu,fefu,feɪfu,feɪfu
fe.su,fe.su,fesu,fesu,feɪsu,feɪsu
fe.vu,fe.vu,fevu,fevu,feɪvu,feɪvu
fe.zu,fe.zu,fezu,fezu,feɪzu,feɪzu
fe.ʃu,fe.ʃu,feʃu,feʃu,feɪʃu,feɪʃu
fe.ʒu,fe.ʒu,feʒu,feʒu,feɪʒu,feɪʒu
fe.θu,fe.θu,feθu,feθu,feɪθu,feɪθu
fe.ðu,fe.ðu,feðu,feðu,feɪðu,feɪðu
fe.hu,fe.hu,fehu,fehu,feɪhu,feɪhu
fe.mo,fe.mo,femo,femo,feɪmoʊ,feɪmoʊ
fe.no,fe.no,feno,feno,feɪnoʊ,feɪnoʊ
fe.po,fe.po,fepo,fepo,feɪpoʊ,feɪpoʊ
fe.to,fe.to,feto,feto,feɪtoʊ,feɪtoʊ
fe.ko,fe.ko,feko,feko,feɪkoʊ,feɪkoʊ
fe.bo,fe.bo,febo,febo,feɪboʊ,feɪboʊ
fe.do,fe.do,fedo,fedo,feɪdoʊ,feɪdoʊ
fe.go,fe.go,fego,fego,feɪgoʊ,feɪgoʊ
fe.fo,fe.fo,fefo,fefo,feɪfoʊ,feɪfoʊ
fe.so,fe.so,feso,feso,feɪsoʊ,feɪsoʊ
fe.vo,fe.vo,fevo,fevo,feɪvoʊ,feɪvoʊ
fe.zo,fe.zo,fezo,fezo,feɪzoʊ,feɪzoʊ
fe.ʃo,fe.ʃo,feʃo,feʃo,feɪʃoʊ,feɪʃoʊ
fe.ʒo,fe.ʒo,feʒo,feʒo,feɪʒoʊ,feɪʒoʊ
fe.θo,fe.θo,feθo,feθo,feɪθoʊ,feɪθoʊ
fe.ðo,fe.ðo,feðo,feðo,feɪðoʊ,feɪðoʊ
fe.ho,fe.ho,feho,feho,feɪhoʊ,feɪhoʊ
se.mi,se.mi,semi,semi,seɪmi,seɪmi
se.ni,se.ni,seni,seni,seɪni,seɪni
se.pi,se.pi,sepi,sepi,seɪpi,seɪpi
se.ti,se.ti,seti,seti,seɪti,seɪti
se.ki,se.ki,seki,seki,seɪki,seɪki
se.bi,se.bi,sebi,sebi,seɪbi,seɪbi
se.di,se.di,sedi,sedi,seɪdi,seɪdi
se.gi,se.gi,segi,segi,seɪgi,seɪgi
se.fi,se.fi,sefi,sefi,seɪfi,seɪfi
se.si,se.si,sesi,sesi,seɪsi,seɪsi
se.vi,se.vi,sevi,sevi,seɪvi,seɪvi
se.zi,se.zi,sezi,sezi,seɪzi,seɪzi
se.ʃi,se.ʃi,seʃi,seʃi,seɪʃi,seɪʃi
se.ʒi,se.ʒi,seʒi,seʒi,seɪʒi,seɪʒi
se.θi,se.θi,seθi,seθi,seɪθi,seɪθi
se.ði,se.ði,seði,seði,seɪði,seɪði
se.hi,se.hi,sehi,sehi,seɪhi,seɪhi
se.me,se.me,seme,seme,seɪmeɪ,seɪmeɪ
se.ne,se.ne,sene,sene,seɪneɪ,seɪneɪ
se.pe,se.pe,sepe,sepe,seɪpeɪ,seɪpeɪ
se.te,se.te,sete,sete,seɪteɪ,seɪteɪ
se.ke,se.ke,seke,seke,seɪkeɪ,seɪkeɪ
se.be,se.be,sebe,sebe,seɪbeɪ,seɪbeɪ
se.de,se.de,sede,sede,seɪdeɪ,seɪdeɪ
se.ge,se.ge,sege,sege,seɪgeɪ,seɪgeɪ
se.fe,se.fe,sefe,sefe,seɪfeɪ,seɪfeɪ
se.se,se.se,sese,sese,seɪseɪ,seɪseɪ
se.ve,se.ve,seve,seve,seɪveɪ,seɪveɪ
se.ze,se.ze,seze,seze,seɪzeɪ,seɪzeɪ
se.ʃe,se.ʃe,seʃe,seʃe,seɪʃeɪ,seɪʃeɪ
se.ʒe,se.ʒe,seʒe,seʒe,seɪʒeɪ,seɪʒeɪ
se.θe,se.θe,seθe,seθe,seɪθeɪ,seɪθeɪ
se.ðe,se.ðe,seðe,seðe,seɪðeɪ,seɪðeɪ
se.he,se.he,sehe,sehe,seɪheɪ,seɪheɪ
se.mu,se.mu,semu,semu,seɪmu,seɪmu
se.nu,se.nu,senu,senu,seɪnu,seɪnu
se.pu,se.pu,sepu,sepu,seɪpu,seɪpu
se.tu,se.tu,setu,setu,seɪtu,seɪtu
se.ku,se.ku,seku,seku,seɪku,seɪku
se.bu,se.bu,sebu,sebu,seɪbu,seɪbu
se.du,se.du,sedu,sedu,seɪdu,seɪdu
se.gu,se.gu,segu,segu,seɪgu,seɪgu
se.fu,se.fu,sefu,sefu,seɪfu,seɪfu
se.su,se.su,sesu,sesu,seɪsu,seɪsu
se.vu,se.vu,sevu,sevu,seɪvu,seɪvu
se.zu,se.zu,sezu,sezu,seɪzu,seɪzu
se.ʃu,se.ʃu,seʃu,seʃu,seɪʃu,seɪʃu
se.ʒu,se.ʒu,seʒu,seʒu,seɪʒu,seɪʒu
se.θu,se.θu,seθu,seθu,seɪθu,seɪθu
se.ðu,se.ðu,seðu,seðu,seɪðu,seɪðu
se.hu,se.hu,sehu,sehu,seɪhu,seɪhu
se.mo,se.mo,semo,semo,seɪmoʊ,seɪmoʊ
se.no,se.no,seno,seno,seɪnoʊ,seɪnoʊ
se.po,se.po,sepo,sepo,seɪpoʊ,seɪpoʊ
se.to,se.to,seto,seto,seɪtoʊ,seɪtoʊ
se.ko,se.ko,seko,seko,seɪkoʊ,seɪkoʊ
se.bo,se.bo,sebo,sebo,seɪboʊ,seɪboʊ
se.do,se.do,sedo,sedo,seɪdoʊ,seɪdoʊ
se.go,se.go,sego,sego,seɪgoʊ,seɪgoʊ
se.fo,se.fo,sefo,sefo,seɪfoʊ,seɪfoʊ
se.so,se.so,seso,seso,seɪsoʊ,seɪsoʊ
se.vo,se.vo,sevo,sevo,seɪvoʊ,seɪvoʊ
se.zo,se.zo,sezo,sezo,seɪzoʊ,seɪzoʊ
se.ʃo,se.ʃo,seʃo,seʃo,seɪʃoʊ,seɪʃoʊ
se.ʒo,se.ʒo,seʒo,seʒo,seɪʒoʊ,seɪʒoʊ
se.θo,se.θo,seθo,seθo,seɪθoʊ,seɪθoʊ
se.ðo,se.ðo,seðo,seðo,seɪðoʊ,seɪðoʊ
se.ho,se.ho,seho,seho,seɪhoʊ,seɪhoʊ
ve.mi,ve.mi,vemi,vemi,veɪmi,veɪmi
ve.ni,ve.ni,veni,veni,veɪni,veɪni
ve.pi,ve.pi,vepi,vepi,veɪpi,veɪpi
ve.ti,ve.ti,veti,veti,veɪti,veɪti
ve.ki,ve.ki,veki,veki,veɪki,veɪki
ve.bi,ve.bi,vebi,vebi,veɪbi,veɪbi
ve.di,ve.di,vedi,vedi,veɪdi,veɪdi
ve.gi,ve.gi,vegi,vegi,veɪgi,veɪgi
ve.fi,ve.fi,vefi,vefi,veɪfi,veɪfi
ve.si,ve.si,vesi,vesi,veɪsi,veɪsi
ve.vi,ve.vi,vevi,vevi,veɪvi,veɪvi
ve.zi,ve.zi,vezi,vezi,veɪzi,veɪzi
ve.ʃi,ve.ʃi,veʃi,veʃi,veɪʃi,veɪʃi
ve.ʒi,ve.ʒi,veʒi,veʒi,veɪʒi,veɪʒi
ve.θi,ve.θi,veθi,veθi,veɪθi,veɪθi
ve.ði,ve.ði,veði,veði,veɪði,veɪði
ve.hi,ve.hi,vehi,vehi,veɪhi,veɪhi
ve.me,ve.me,veme,veme,veɪmeɪ,veɪmeɪ
ve.ne,ve.ne,vene,vene,veɪneɪ,veɪneɪ
ve.pe,ve.pe,vepe,vepe,veɪpeɪ,veɪpeɪ
ve.te,ve.te,vete,vete,veɪteɪ,veɪteɪ
ve.ke,ve.ke,veke,veke,veɪkeɪ,veɪkeɪ
ve.be,ve.be,vebe,vebe,veɪbeɪ,veɪbeɪ
ve.de,ve.de,vede,vede,veɪdeɪ,veɪdeɪ
ve.ge,ve.ge,vege,vege,veɪgeɪ,veɪgeɪ
ve.fe,ve.fe,vefe,vefe,veɪfeɪ,veɪfeɪ
ve.se,ve.se,vese,vese,veɪseɪ,veɪseɪ
ve.ve,ve.ve,veve,veve,veɪveɪ,veɪveɪ
ve.ze,ve.ze,veze,veze,veɪzeɪ,veɪzeɪ
ve.ʃe,ve.ʃe,veʃe,veʃe,veɪʃeɪ,veɪʃeɪ
ve.ʒe,ve.ʒe,veʒe,veʒe,veɪʒeɪ,veɪʒeɪ
ve.θe,ve.θe,veθe,veθe,veɪθeɪ,veɪθeɪ
ve.ðe,ve.ðe,veðe,veðe,veɪðeɪ,veɪðeɪ
ve.he,ve.he,vehe,vehe,veɪheɪ,veɪheɪ
ve.mu,ve.mu,vemu,vemu,veɪmu,veɪmu
ve.nu,ve.nu,venu,venu,veɪnu,veɪnu
ve.pu,ve.pu,vepu,vepu,veɪpu,veɪpu
ve.tu,ve.tu,vetu,vetu,veɪtu,veɪtu
ve.ku,ve.ku,veku,veku,veɪku,veɪku
ve.bu,ve.bu,vebu,vebu,veɪbu,veɪbu
ve.du,ve.du,vedu,vedu,veɪdu,veɪdu
ve.gu,ve.gu,vegu,vegu,veɪgu,veɪgu
ve.fu,ve.fu,vefu,vefu,veɪfu,veɪfu
ve.su,ve.su,vesu,vesu,veɪsu,veɪsu
ve.vu,ve.vu,vevu,vevu,veɪvu,veɪvu
ve.zu,ve.zu,vezu,vezu,veɪzu,veɪzu
ve.ʃu,ve.ʃu,veʃu,veʃu,veɪʃu,veɪʃu
ve.ʒu,ve.ʒu,veʒu,veʒu,veɪʒu,veɪʒu
ve.θu,ve.θu,veθu,veθu,veɪθu,veɪθu
ve.ðu,ve.ðu,veðu,veðu,veɪðu,veɪðu
ve.hu,ve.hu,vehu,vehu,veɪhu,veɪhu
ve.mo,ve.mo,vemo,vemo,veɪmoʊ,veɪmoʊ
ve.no,ve.no,veno,veno,veɪnoʊ,veɪnoʊ
ve.po,ve.po,vepo,vepo,veɪpoʊ,veɪpoʊ
ve.to,ve.to,veto,veto,veɪtoʊ,veɪtoʊ
ve.ko,ve.ko,veko,veko,veɪkoʊ,veɪkoʊ
ve.bo,ve.bo,vebo,vebo,veɪboʊ,veɪboʊ
ve.do,ve.do,vedo,vedo,veɪdoʊ,veɪdoʊ
ve.go,ve.go,vego,vego,veɪgoʊ,veɪgoʊ
ve.fo,ve.fo,vefo,vefo,veɪfoʊ,veɪfoʊ
ve.so,ve.so,veso,veso,veɪsoʊ,veɪsoʊ
ve.vo,ve.vo,vevo,vevo,veɪvoʊ,veɪvoʊ
ve.zo,ve.zo,vezo,vezo,veɪzoʊ,veɪzoʊ
ve.ʃo,ve.ʃo,veʃo,veʃo,veɪʃoʊ,veɪʃoʊ
ve.ʒo,ve.ʒo,veʒo,veʒo,veɪʒoʊ,veɪʒoʊ
ve.θo,ve.θo,veθo,veθo,veɪθoʊ,veɪθoʊ
ve.ðo,ve.ðo,veðo,veðo,veɪðoʊ,veɪðoʊ
ve.ho,ve.ho,veho,veho,veɪhoʊ,veɪhoʊ
ze.mi,ze.mi,zemi,zemi,zeɪmi,zeɪmi
ze.ni,ze.ni,zeni,zeni,zeɪni,zeɪni
ze.pi,ze.pi,zepi,zepi,zeɪpi,zeɪpi
ze.ti,ze.ti,zeti,zeti,zeɪti,zeɪti
ze.ki,ze.ki,zeki,zeki,zeɪki,zeɪki
ze.bi,ze.bi,zebi,zebi,zeɪbi,zeɪbi
ze.di,ze.di,zedi,zedi,zeɪdi,zeɪdi
ze.gi,ze.gi,zegi,zegi,zeɪgi,zeɪgi
ze.fi,ze.fi,zefi,zefi,zeɪfi,zeɪfi
ze.si,ze.si,zesi,zesi,zeɪsi,zeɪsi
ze.vi,ze.vi,zevi,zevi,zeɪvi,zeɪvi
ze.zi,ze.zi,zezi,zezi,zeɪzi,zeɪzi
ze.ʃi,ze.ʃi,zeʃi,zeʃi,zeɪʃi,zeɪʃi
ze.ʒi,ze.ʒi,zeʒi,zeʒi,zeɪʒi,zeɪʒi
ze.θi,ze.θi,zeθi,zeθi,zeɪθi,zeɪθi
ze.ði,ze.ði,zeði,zeði,zeɪði,zeɪði
ze.hi,ze.hi,zehi,zehi,zeɪhi,zeɪhi
ze.me,ze.me,zeme,zeme,zeɪmeɪ,zeɪmeɪ
ze.ne,ze.ne,zene,zene,zeɪneɪ,zeɪneɪ
ze.pe,ze.pe,zepe,zepe,zeɪpeɪ,zeɪpeɪ
ze.te,ze.te,zete,zete,zeɪteɪ,zeɪteɪ
ze.ke,ze.ke,zeke,zeke,zeɪkeɪ,zeɪkeɪ
ze.be,ze.be,zebe,zebe,zeɪbeɪ,zeɪbeɪ
ze.de,ze.de,zede,zede,zeɪdeɪ,zeɪdeɪ
ze.ge,ze.ge,zege,zege,zeɪgeɪ,zeɪgeɪ
ze.fe,ze.fe,zefe,zefe,zeɪfeɪ,zeɪfeɪ
ze.se,ze.se,zese,zese,zeɪseɪ,zeɪseɪ
ze.ve,ze.ve,zeve,zeve,zeɪveɪ,zeɪveɪ
ze.ze,ze.ze,zeze,zeze,zeɪzeɪ,zeɪzeɪ
ze.ʃe,ze.ʃe,zeʃe,zeʃe,zeɪʃeɪ,zeɪʃeɪ
ze.ʒe,ze.ʒe,zeʒe,zeʒe,zeɪʒeɪ,zeɪʒeɪ
ze.θe,ze.θe,zeθe,zeθe,zeɪθeɪ,zeɪθeɪ
ze.ðe,ze.ðe,zeðe,zeðe,zeɪðeɪ,zeɪðeɪ
ze.he,ze.he,zehe,zehe,zeɪheɪ,zeɪheɪ
ze.mu,ze.mu,zemu,zemu,zeɪmu,zeɪmu
ze.nu,ze.nu,zenu,zenu,zeɪnu,zeɪnu
ze.pu,ze.pu,zepu,zepu,zeɪpu,zeɪpu
ze.tu,ze.tu,zetu,zetu,zeɪtu,zeɪtu
ze.ku,ze.ku,zeku,zeku,zeɪku,zeɪku
ze.bu,ze.bu,zebu,zebu,zeɪbu,zeɪbu
ze.du,ze.du,zedu,zedu,zeɪdu,zeɪdu
ze.gu,ze.gu,zegu,zegu,zeɪgu,zeɪgu
ze.fu,ze.fu,zefu,zefu,zeɪfu,zeɪfu
ze.su,ze.su,zesu,zesu,zeɪsu,zeɪsu
ze.vu,ze.vu,zevu,zevu,zeɪvu,zeɪvu
ze.zu,ze.zu,zezu,zezu,zeɪzu,zeɪzu
ze.ʃu,ze.ʃu,zeʃu,zeʃu,zeɪʃu,zeɪʃu
ze.ʒu,ze.ʒu,zeʒu,zeʒu,zeɪʒu,zeɪʒu
ze.θu,ze.θu,zeθu,zeθu,zeɪθu,zeɪθu
ze.ðu,ze.ðu,zeðu,zeðu,zeɪðu,zeɪðu
ze.hu,ze.hu,zehu,zehu,zeɪhu,zeɪhu
ze.mo,ze.mo,zemo,zemo,zeɪmoʊ,zeɪmoʊ
ze.no,ze.no,zeno,zeno,zeɪnoʊ,zeɪnoʊ
ze.po,ze.po,zepo,zepo,zeɪpoʊ,zeɪpoʊ
ze.to,ze.to,zeto,zeto,zeɪtoʊ,zeɪtoʊ
ze.ko,ze.ko,zeko,zeko,zeɪkoʊ,zeɪkoʊ
ze.bo,ze.bo,zebo,zebo,zeɪboʊ,zeɪboʊ
ze.do,ze.do,zedo,zedo,zeɪdoʊ,zeɪdoʊ
ze.go,ze.go,zego,zego,zeɪgoʊ,zeɪgoʊ
ze.fo,ze.fo,zefo,zefo,zeɪfoʊ,zeɪfoʊ
ze.so,ze.so,zeso,zeso,zeɪsoʊ,zeɪsoʊ
ze.vo,ze.vo,zevo,zevo,zeɪvoʊ,zeɪvoʊ
ze.zo,ze.zo,zezo,zezo,zeɪzoʊ,zeɪzoʊ
ze.ʃo,ze.ʃo,zeʃo,zeʃo,zeɪʃoʊ,zeɪʃoʊ
ze.ʒo,ze.ʒo,zeʒo,zeʒo,zeɪʒoʊ,zeɪʒoʊ
ze.θo,ze.θo,zeθo,zeθo,zeɪθoʊ,zeɪθoʊ
ze.ðo,ze.ðo,zeðo,zeðo,zeɪðoʊ,zeɪðoʊ
ze.ho,ze.ho,zeho,zeho,zeɪhoʊ,zeɪhoʊ
ʃe.mi,ʃe.mi,ʃemi,ʃemi,ʃeɪmi,ʃeɪmi
ʃe.ni,ʃe.ni,ʃeni,ʃeni,ʃeɪni,ʃeɪni
ʃe.pi,ʃe.pi,ʃepi,ʃepi,ʃeɪpi,ʃeɪpi
ʃe.ti,ʃe.ti,ʃeti,ʃeti,ʃeɪti,ʃeɪti
ʃe.ki,ʃe.ki,ʃeki,ʃeki,ʃeɪki,ʃeɪki
ʃe.bi,ʃe.bi,ʃebi,ʃebi,ʃeɪbi,ʃeɪbi
ʃe.di,ʃe.di,ʃedi,ʃedi,ʃeɪdi,ʃeɪdi
ʃe.gi,ʃe.gi,ʃegi,ʃegi,ʃeɪgi,ʃeɪgi
ʃe.fi,ʃe.fi,ʃefi,ʃefi,ʃeɪfi,ʃeɪfi
ʃe.si,ʃe.si,ʃesi,ʃesi,ʃeɪsi,ʃeɪsi
ʃe.vi,ʃe.vi,ʃevi,ʃevi,ʃeɪvi,ʃeɪvi
ʃe.zi,ʃe.zi,ʃezi,ʃezi,ʃeɪzi,ʃeɪzi
ʃe.ʃi,ʃe.ʃi,ʃeʃi,ʃeʃi,ʃeɪʃi,ʃeɪʃi
ʃe.ʒi,ʃe.ʒi,ʃeʒi,ʃeʒi,ʃeɪʒi,ʃeɪʒi
ʃe.θi,ʃe.θi,ʃeθi,ʃeθi,ʃeɪθi,ʃeɪθi
ʃe.ði,ʃe.ði,ʃeði,ʃeði,ʃeɪði,ʃeɪði
ʃe.hi,ʃe.hi,ʃehi,ʃehi,ʃeɪhi,ʃeɪhi
ʃe.me,ʃe.me,ʃeme,ʃeme,ʃeɪmeɪ,ʃeɪmeɪ
ʃe.ne,ʃe.ne,ʃene,ʃene,ʃeɪneɪ,ʃeɪneɪ
ʃe.pe,ʃe.pe,ʃepe,ʃepe,ʃeɪpeɪ,ʃeɪpeɪ
ʃe.te,ʃe.te,ʃete,ʃete,ʃeɪteɪ,ʃeɪteɪ
ʃe.ke,ʃe.ke,ʃeke,ʃeke,ʃeɪkeɪ,ʃeɪkeɪ
ʃe.be,ʃe.be,ʃebe,ʃebe,ʃeɪbeɪ,ʃeɪbeɪ
ʃe.de,ʃe.de,ʃede,ʃede,ʃeɪdeɪ,ʃeɪdeɪ
ʃe.ge,ʃe.ge,ʃege,ʃege,ʃeɪgeɪ,ʃeɪgeɪ
ʃe.fe,ʃe.fe,ʃefe,ʃefe,ʃeɪfeɪ,ʃeɪfeɪ
ʃe.se,ʃe.se,ʃese,ʃese,ʃeɪseɪ,ʃeɪseɪ
ʃe.ve,ʃe.ve,ʃeve,ʃeve,ʃeɪveɪ,ʃeɪveɪ
ʃe.ze,ʃe.ze,ʃeze,ʃeze,ʃeɪzeɪ,ʃeɪzeɪ
ʃe.ʃe,ʃe.ʃe,ʃeʃe,ʃeʃe,ʃeɪʃeɪ,ʃeɪʃeɪ
ʃe.ʒe,ʃe.ʒe,ʃeʒe,ʃeʒe,ʃeɪʒeɪ,ʃeɪʒeɪ
ʃe.θe,ʃe.θe,ʃeθe,ʃeθe,ʃeɪθeɪ,ʃeɪθeɪ
ʃe.ðe,ʃe.ðe,ʃeðe,ʃeðe,ʃeɪðeɪ,ʃeɪðeɪ
ʃe.he,ʃe.he,ʃehe,ʃehe,ʃeɪheɪ,ʃeɪheɪ
ʃe.mu,ʃe.mu,ʃemu,ʃemu,ʃeɪmu,ʃeɪmu
ʃe.nu,ʃe.nu,ʃenu,ʃenu,ʃeɪnu,ʃeɪnu
ʃe.pu,ʃe.pu,ʃepu,ʃepu,ʃeɪpu,ʃeɪpu
ʃe.tu,ʃe.tu,ʃetu,ʃetu,ʃeɪtu,ʃeɪtu
ʃe.ku,ʃe.ku,ʃeku,ʃeku,ʃeɪku,ʃeɪku
ʃe.bu,ʃe.bu,ʃebu,ʃebu,ʃeɪbu,ʃeɪbu
ʃe.du,ʃe.du,ʃedu,ʃedu,ʃeɪdu,ʃeɪdu
ʃe.gu,ʃe.gu,ʃegu,ʃegu,ʃeɪgu,ʃeɪgu
ʃe.fu,ʃe.fu,ʃefu,ʃefu,ʃeɪfu,ʃeɪfu
ʃe.su,ʃe.su,ʃesu,ʃesu,ʃeɪsu,ʃeɪsu
ʃe.vu,ʃe.vu,ʃevu,ʃevu,ʃeɪvu,ʃeɪvu
ʃe.zu,ʃe.zu,ʃezu,ʃezu,ʃeɪzu,ʃeɪzu
ʃe.ʃu,ʃe.ʃu,ʃeʃu,ʃeʃu,ʃeɪʃu,ʃeɪʃu
ʃe.ʒu,ʃe.ʒu,ʃeʒu,ʃeʒu,ʃeɪʒu,ʃeɪʒu
ʃe.θu,ʃe.θu,ʃeθu,ʃeθu,ʃeɪθu,ʃeɪθu
ʃe.ðu,ʃe.ðu,ʃeðu,ʃeðu,ʃeɪðu,ʃeɪðu
ʃe.hu,ʃe.hu,ʃehu,ʃehu,ʃeɪhu,ʃeɪhu
ʃe.mo,ʃe.mo,ʃemo,ʃemo,ʃeɪmoʊ,ʃeɪmoʊ
ʃe.no,ʃe.no,ʃeno,ʃeno,ʃeɪnoʊ,ʃeɪnoʊ
ʃe.po,ʃe.po,ʃepo,ʃepo,ʃeɪpoʊ,ʃeɪpoʊ
ʃe.to,ʃe.to,ʃeto,ʃeto,ʃeɪtoʊ,ʃeɪtoʊ
ʃe.ko,ʃe.ko,ʃeko,ʃeko,ʃeɪkoʊ,ʃeɪkoʊ
ʃe.bo,ʃe.bo,ʃebo,ʃebo,ʃeɪboʊ,ʃeɪboʊ
ʃe.do,ʃe.do,ʃedo,ʃedo,ʃeɪdoʊ,ʃeɪdoʊ
ʃe.go,ʃe.go,ʃego,ʃego,ʃeɪgoʊ,ʃeɪgoʊ
ʃe.fo,ʃe.fo,ʃefo,ʃefo,ʃeɪfoʊ,ʃeɪfoʊ
ʃe.so,ʃe.so,ʃeso,ʃeso,ʃeɪsoʊ,ʃeɪsoʊ
ʃe.vo,ʃe.vo,ʃevo,ʃevo,ʃeɪvoʊ,ʃeɪvoʊ
ʃe.zo,ʃe.zo,ʃezo,ʃezo,ʃeɪzoʊ,ʃeɪzoʊ
ʃe.ʃo,ʃe.ʃo,ʃeʃo,ʃeʃo,ʃeɪʃoʊ,ʃeɪʃoʊ
ʃe.ʒo,ʃe.ʒo,ʃeʒo,ʃeʒo,ʃeɪʒoʊ,ʃeɪʒoʊ
ʃe.θo,ʃe.θo,ʃeθo,ʃeθo,ʃeɪθoʊ,ʃeɪθoʊ
ʃe.ðo,ʃe.ðo,ʃeðo,ʃeðo,ʃeɪðoʊ,ʃeɪðoʊ
ʃe.ho,ʃe.ho,ʃeho,ʃeho,ʃeɪhoʊ,ʃeɪhoʊ
ʒe.mi,ʒe.mi,ʒemi,ʒemi,ʒeɪmi,ʒeɪmi
ʒe.ni,ʒe.ni,ʒeni,ʒeni,ʒeɪni,ʒeɪni
ʒe.pi,ʒe.pi,ʒepi,ʒepi,ʒeɪpi,ʒeɪpi
ʒe.ti,ʒe.ti,ʒeti,ʒeti,ʒeɪti,ʒeɪti
ʒe.ki,ʒe.ki,ʒeki,ʒeki,ʒeɪki,ʒeɪki
ʒe.bi,ʒe.bi,ʒebi,ʒebi,ʒeɪbi,ʒeɪbi
ʒe.di,ʒe.di,ʒedi,ʒedi,ʒeɪdi,ʒeɪdi
ʒe.gi,ʒe.gi,ʒegi,ʒegi,ʒeɪgi,ʒeɪgi
ʒe.fi,ʒe.fi,ʒefi,ʒefi,ʒeɪfi,ʒeɪfi
ʒe.si,ʒe.si,ʒesi,ʒesi,ʒeɪsi,ʒeɪsi
ʒe.vi,ʒe.vi,ʒevi,ʒevi,ʒeɪvi,ʒeɪvi
ʒe.zi,ʒe.zi,ʒezi,ʒezi,ʒeɪzi,ʒeɪzi
ʒe.ʃi,ʒe.ʃi,ʒeʃi,ʒeʃi,ʒeɪʃi,ʒeɪʃi
ʒe.ʒi,ʒe.ʒi,ʒeʒi,ʒeʒi,ʒeɪʒi,ʒeɪʒi
ʒe.θi,ʒe.θi,ʒeθi,ʒeθi,ʒeɪθi,ʒeɪθi
ʒe.ði,ʒe.ði,ʒeði,ʒeði,ʒeɪði,ʒeɪði
ʒe.hi,ʒe.hi,ʒehi,ʒehi,ʒeɪhi,ʒeɪhi
ʒe.me,ʒe.me,ʒeme,ʒeme,ʒeɪmeɪ,ʒeɪmeɪ
ʒe.ne,ʒe.ne,ʒene,ʒene,ʒeɪneɪ,ʒeɪneɪ
ʒe.pe,ʒe.pe,ʒepe,ʒepe,ʒeɪpeɪ,ʒeɪpeɪ
ʒe.te,ʒe.te,ʒete,ʒete,ʒeɪteɪ,ʒeɪteɪ
ʒe.ke,ʒe.ke,ʒeke,ʒeke,ʒeɪkeɪ,ʒeɪkeɪ
ʒe.be,ʒe.be,ʒebe,ʒebe,ʒeɪbeɪ,ʒeɪbeɪ
ʒe.de,ʒe.de,ʒede,ʒede,ʒeɪdeɪ,ʒeɪdeɪ
ʒe.ge,ʒe.ge,ʒege,ʒege,ʒeɪgeɪ,ʒeɪgeɪ
ʒe.fe,ʒe.fe,ʒefe,ʒefe,ʒeɪfeɪ,ʒeɪfeɪ
ʒe.se,ʒe.se,ʒese,ʒese,ʒeɪseɪ,ʒeɪseɪ
ʒe.ve,ʒe.ve,ʒeve,ʒeve,ʒeɪveɪ,ʒeɪveɪ
ʒe.ze,ʒe.ze,ʒeze,ʒeze,ʒeɪzeɪ,ʒeɪzeɪ
ʒe.ʃe,ʒe.ʃe,ʒeʃe,ʒeʃe,ʒeɪʃeɪ,ʒeɪʃeɪ
ʒe.ʒe,ʒe.ʒe,ʒeʒe,ʒeʒe,ʒeɪʒeɪ,ʒeɪʒeɪ
ʒe.θe,ʒe.θe,ʒeθe,ʒeθe,ʒeɪθeɪ,ʒeɪθeɪ
ʒe.ðe,ʒe.ðe,ʒeðe,ʒeðe,ʒeɪðeɪ,ʒeɪðeɪ
ʒe.he,ʒe.he,ʒehe,ʒehe,ʒeɪheɪ,ʒeɪheɪ
ʒe.mu,ʒe.mu,ʒemu,ʒemu,ʒeɪmu,ʒeɪmu
ʒe.nu,ʒe.nu,ʒenu,ʒenu,ʒeɪnu,ʒeɪnu
ʒe.pu,ʒe.pu,ʒepu,ʒepu,ʒeɪpu,ʒeɪpu
ʒe.tu,ʒe.tu,ʒetu,ʒetu,ʒeɪtu,ʒeɪtu
ʒe.ku,ʒe.ku,ʒeku,ʒeku,ʒeɪku,ʒeɪku
ʒe.bu,ʒe.bu,ʒebu,ʒebu,ʒeɪbu,ʒeɪbu
ʒe.du,ʒe.du,ʒedu,ʒedu,ʒeɪdu,ʒeɪdu
ʒe.gu,ʒe.gu,ʒegu,ʒegu,ʒeɪgu,ʒeɪgu
ʒe.fu,ʒe.fu,ʒefu,ʒefu,ʒeɪfu,ʒeɪfu
ʒe.su,ʒe.su,ʒesu,ʒesu,ʒeɪsu,ʒeɪsu
ʒe.vu,ʒe.vu,ʒevu,ʒevu,ʒeɪvu,ʒeɪvu
ʒe.zu,ʒe.zu,ʒezu,ʒezu,ʒeɪzu,ʒeɪzu
ʒe.ʃu,ʒe.ʃu,ʒeʃu,ʒeʃu,ʒeɪʃu,ʒeɪʃu
ʒe.ʒu,ʒe.ʒu,ʒeʒu,ʒeʒu,ʒeɪʒu,ʒeɪʒu
ʒe.θu,ʒe.θu,ʒeθu,ʒeθu,ʒeɪθu,ʒeɪθu
ʒe.ðu,ʒe.ðu,ʒeðu,ʒeðu,ʒeɪðu,ʒeɪðu
ʒe.hu,ʒe.hu,ʒehu,ʒehu,ʒeɪhu,ʒeɪhu
ʒe.mo,ʒe.mo,ʒemo,ʒemo,ʒeɪmoʊ,ʒeɪmoʊ
ʒe.no,ʒe.no,ʒeno,ʒeno,ʒeɪnoʊ,ʒeɪnoʊ
ʒe.po,ʒe.po,ʒepo,ʒepo,ʒeɪpoʊ,ʒeɪpoʊ
ʒe.to,ʒe.to,ʒeto,ʒeto,ʒeɪtoʊ,ʒeɪtoʊ
ʒe.ko,ʒe.ko,ʒeko,ʒeko,ʒeɪkoʊ,ʒeɪkoʊ
ʒe.bo,ʒe.bo,ʒebo,ʒebo,ʒeɪboʊ,ʒeɪboʊ
ʒe.do,ʒe.do,ʒedo,ʒedo,ʒeɪdoʊ,ʒeɪdoʊ
ʒe.go,ʒe.go,ʒego,ʒego,ʒeɪgoʊ,ʒeɪgoʊ
ʒe.fo,ʒe.fo,ʒefo,ʒefo,ʒeɪfoʊ,ʒeɪfoʊ
ʒe.so,ʒe.so,ʒeso,ʒeso,ʒeɪsoʊ,ʒeɪsoʊ
ʒe.vo,ʒe.vo,ʒevo,ʒevo,ʒeɪvoʊ,ʒeɪvoʊ
ʒe.zo,ʒe.zo,ʒezo,ʒezo,ʒeɪzoʊ,ʒeɪzoʊ
ʒe.ʃo,ʒe.ʃo,ʒeʃo,ʒeʃo,ʒeɪʃoʊ,ʒeɪʃoʊ
ʒe.ʒo,ʒe.ʒo,ʒeʒo,ʒeʒo,ʒeɪʒoʊ,ʒeɪʒoʊ
ʒe.θo,ʒe.θo,ʒeθo,ʒeθo,ʒeɪθoʊ,ʒeɪθoʊ
ʒe.ðo,ʒe.ðo,ʒeðo,ʒeðo,ʒeɪðoʊ,ʒeɪðoʊ
ʒe.ho,ʒe.ho,ʒeho,ʒeho,ʒeɪhoʊ,ʒeɪhoʊ
θe.mi,θe.mi,θemi,θemi,θeɪmi,θeɪmi
θe.ni,θe.ni,θeni,θeni,θeɪni,θeɪni
θe.pi,θe.pi,θepi,θepi,θeɪpi,θeɪpi
θe.ti,θe.ti,θeti,θeti,θeɪti,θeɪti
θe.ki,θe.ki,θeki,θeki,θeɪki,θeɪki
θe.bi,θe.bi,θebi,θebi,θeɪbi,θeɪbi
θe.di,θe.di,θedi,θedi,θeɪdi,θeɪdi
θe.gi,θe.gi,θegi,θegi,θeɪgi,θeɪgi
θe.fi,θe.fi,θefi,θefi,θeɪfi,θeɪfi
θe.si,θe.si,θesi,θesi,θeɪsi,θeɪsi
θe.vi,θe.vi,θevi,θevi,θeɪvi,θeɪvi
θe.zi,θe.zi,θezi,θezi,θeɪzi,θeɪzi
θe.ʃi,θe.ʃi,θeʃi,θeʃi,θeɪʃi,θeɪʃi
θe.ʒi,θe.ʒi,θeʒi,θeʒi,θeɪʒi,θeɪʒi
θe.θi,θe.θi,θeθi,θeθi,θeɪθi,θeɪθi
θe.ði,θe.ði,θeði,θeði,θeɪði,θeɪði
θe.hi,θe.hi,θehi,θehi,θeɪhi,θeɪhi
θe.me,θe.me,θeme,θeme,θeɪmeɪ,θeɪmeɪ
θe.ne,θe.ne,θene,θene,θeɪneɪ,θeɪneɪ
θe.pe,θe.pe,θepe,θepe,θeɪpeɪ,θeɪpeɪ
θe.te,θe.te,θete,θete,θeɪteɪ,θeɪteɪ
θe.ke,θe.ke,θeke,θeke,θeɪkeɪ,θeɪkeɪ
θe.be,θe.be,θebe,θebe,θeɪbeɪ,θeɪbeɪ
θe.de,θe.de,θede,θede,θeɪdeɪ,θeɪdeɪ
θe.ge,θe.ge,θege,θege,θeɪgeɪ,θeɪgeɪ
θe.fe,θe.fe,θefe,θefe,θeɪfeɪ,θeɪfeɪ
θe.se,θe.se,θese,θese,θeɪseɪ,θeɪseɪ
θe.ve,θe.ve,θeve,θeve,θeɪveɪ,θeɪveɪ
θe.ze,θe.ze,θeze,θeze,θeɪzeɪ,θeɪzeɪ
θe.ʃe,θe.ʃe,θeʃe,θeʃe,θeɪʃeɪ,θeɪʃeɪ
θe.ʒe,θe.ʒe,θeʒe,θeʒe,θeɪʒeɪ,θeɪʒeɪ
θe.θe,θe.θe,θeθe,θeθe,θeɪθeɪ,θeɪθeɪ
θe.ðe,θe.ðe,θeðe,θeðe,θeɪðeɪ,θeɪðeɪ
θe.he,θe.he,θehe,θehe,θeɪheɪ,θeɪheɪ
θe.mu,θe.mu,θemu,θemu,θeɪmu,θeɪmu
θe.nu,θe.nu,θenu,θenu,θeɪnu,θeɪnu
θe.pu,θe.pu,θepu,θepu,θeɪpu,θeɪpu
θe.tu,θe.tu,θetu,θetu,θeɪtu,θeɪtu
θe.ku,θe.ku,θeku,θeku,θeɪku,θeɪku
θe.bu,θe.bu,θebu,θebu,θeɪbu,θeɪbu
θe.du,θe.du,θedu,θedu,θeɪdu,θeɪdu
θe.gu,θe.gu,θegu,θegu,θeɪgu,θeɪgu
θe.fu,θe.fu,θefu,θefu,θeɪfu,θeɪfu
θe.su,θe.su,θesu,θesu,θeɪsu,θeɪsu
θe.vu,θe.vu,θevu,θevu,θeɪvu,θeɪvu
θe.zu,θe.zu,θezu,θezu,θeɪzu,θeɪzu
θe.ʃu,θe.ʃu,θeʃu,θeʃu,θeɪʃu,θeɪʃu
θe.ʒu,θe.ʒu,θeʒu,θeʒu,θeɪʒu,θeɪʒu
θe.θu,θe.θu,θeθu,θeθu,θeɪθu,θeɪθu
θe.ðu,θe.ðu,θeðu,θeðu,θeɪðu,θeɪðu
θe.hu,θe.hu,θehu,θehu,θeɪhu,θeɪhu
θe.mo,θe.mo,θemo,θemo,θeɪmoʊ,θeɪmoʊ
θe.no,θe.no,θeno,θeno,θeɪnoʊ,θeɪnoʊ
θe.po,θe.po,θepo,θepo,θeɪpoʊ,θeɪpoʊ
θe.to,θe.to,θeto,θeto,θeɪtoʊ,θeɪtoʊ
θe.ko,θe.ko,θeko,θeko,θeɪkoʊ,θeɪkoʊ
θe.bo,θe.bo,θebo,θebo,θeɪboʊ,θeɪboʊ
θe.do,θe.do,θedo,θedo,θeɪdoʊ,θeɪdoʊ
θe.go,θe.go,θego,θego,θeɪgoʊ,θeɪgoʊ
θe.fo,θe.fo,θefo,θefo,θeɪfoʊ,θeɪfoʊ
θe.so,θe.so,θeso,θeso,θeɪsoʊ,θeɪsoʊ
θe.vo,θe.vo,θevo,θevo,θeɪvoʊ,θeɪvoʊ
θe.zo,θe.zo,θezo,θezo,θeɪzoʊ,θeɪzoʊ
θe.ʃo,θe.ʃo,θeʃo,θeʃo,θeɪʃoʊ,θeɪʃoʊ
θe.ʒo,θe.ʒo,θeʒo,θeʒo,θeɪʒoʊ,θeɪʒoʊ
θe.θo,θe.θo,θeθo,θeθo,θeɪθoʊ,θeɪθoʊ
θe.ðo,θe.ðo,θeðo,θeðo,θeɪðoʊ,θeɪðoʊ
θe.ho,θe.ho,θeho,θeho,θeɪhoʊ,θeɪhoʊ
ðe.mi,ðe.mi,ðemi,ðemi,ðeɪmi,ðeɪmi
ðe.ni,ðe.ni,ðeni,ðeni,ðeɪni,ðeɪni
ðe.pi,ðe.pi,ðepi,ðepi,ðeɪpi,ðeɪpi
ðe.ti,ðe.ti,ðeti,ðeti,ðeɪti,ðeɪti
ðe.ki,ðe.ki,ðeki,ðeki,ðeɪki,ðeɪki
ðe.bi,ðe.bi,ðebi,ðebi,ðeɪbi,ðeɪbi
ðe.di,ðe.di,ðedi,ðedi,ðeɪdi,ðeɪdi
ðe.gi,ðe.gi,ðegi,ðegi,ðeɪgi,ðeɪgi
ðe.fi,ðe.fi,ðefi,ðefi,ðeɪfi,ðeɪfi
ðe.si,ðe.si,ðesi,ðesi,ðeɪsi,ðeɪsi
ðe.vi,ðe.vi,ðevi,ðevi,ðeɪvi,ðeɪvi
ðe.zi,ðe.zi,ðezi,ðezi,ðeɪzi,ðeɪzi
ðe.ʃi,ðe.ʃi,ðeʃi,ðeʃi,ðeɪʃi,ðeɪʃi
ðe.ʒi,ðe.ʒi,ðeʒi,ðeʒi,ðeɪʒi,ðeɪʒi
ðe.θi,ðe.θi,ðeθi,ðeθi,ðeɪθi,ðeɪθi
ðe.ði,ðe.ði,ðeði,ðeði,ðeɪði,ðeɪði
ðe.hi,ðe.hi,ðehi,ðehi,ðeɪhi,ðeɪhi
ðe.me,ðe.me,ðeme,ðeme,ðeɪmeɪ,ðeɪmeɪ
ðe.ne,ðe.ne,ðene,ðene,ðeɪneɪ,ðeɪneɪ
ðe.pe,ðe.pe,ðepe,ðepe,ðeɪpeɪ,ðeɪpeɪ
ðe.te,ðe.te,ðete,ðete,ðeɪteɪ,ðeɪteɪ
ðe.ke,ðe.ke,ðeke,ðeke,ðeɪkeɪ,ðeɪkeɪ
ðe.be,ðe.be,ðebe,ðebe,ðeɪbeɪ,ðeɪbeɪ
ðe.de,ðe.de,ðede,ðede,ðeɪdeɪ,ðeɪdeɪ
ðe.ge,ðe.ge,ðege,ðege,ðeɪgeɪ,ðeɪgeɪ
ðe.fe,ðe.fe,ðefe,ðefe,ðeɪfeɪ,ðeɪfeɪ
ðe.se,ðe.se,ðese,ðese,ðeɪseɪ,ðeɪseɪ
ðe.ve,ðe.ve,ðeve,ðeve,ðeɪveɪ,ðeɪveɪ
ðe.ze,ðe.ze,ðeze,ðeze,ðeɪzeɪ,ðeɪzeɪ
ðe.ʃe,ðe.ʃe,ðeʃe,ðeʃe,ðeɪʃeɪ,ðeɪʃeɪ
ðe.ʒe,ðe.ʒe,ðeʒe,ðeʒe,ðeɪʒeɪ,ðeɪʒeɪ
ðe.θe,ðe.θe,ðeθe,ðeθe,ðeɪθeɪ,ðeɪθeɪ
ðe.ðe,ðe.ðe,ðeðe,ðeðe,ðeɪðeɪ,ðeɪðeɪ
ðe.he,ðe.he,ðehe,ðehe,ðeɪheɪ,ðeɪheɪ
ðe.mu,ðe.mu,ðemu,ðemu,ðeɪmu,ðeɪmu
ðe.nu,ðe.nu,ðenu,ðenu,ðeɪnu,ðeɪnu
ðe.pu,ðe.pu,ðepu,ðepu,ðeɪpu,ðeɪpu
ðe.tu,ðe.tu,ðetu,ðetu,ðeɪtu,ðeɪtu
ðe.ku,ðe.ku,ðeku,ðeku,ðeɪku,ðeɪku
ðe.bu,ðe.bu,ðebu,ðebu,ðeɪbu,ðeɪbu
ðe.du,ðe.du,ðedu,ðedu,ðeɪdu,ðeɪdu
ðe.gu,ðe.gu,ðegu,ðegu,ðeɪgu,ðeɪgu
ðe.fu,ðe.fu,ðefu,ðefu,ðeɪfu,ðeɪfu
ðe.su,ðe.su,ðesu,ðesu,ðeɪsu,ðeɪsu
ðe.vu,ðe.vu,ðevu,ðevu,ðeɪvu,ðeɪvu
ðe.zu,ðe.zu,ðezu,ðezu,ðeɪzu,ðeɪzu
ðe.ʃu,ðe.ʃu,ðeʃu,ðeʃu,ðeɪʃu,ðeɪʃu
ðe.ʒu,ðe.ʒu,ðeʒu,ðeʒu,ðeɪʒu,ðeɪʒu
ðe.θu,ðe.θu,ðeθu,ðeθu,ðeɪθu,ðeɪθu
ðe.ðu,ðe.ðu,ðeðu,ðeðu,ðeɪðu,ðeɪðu
ðe.hu,ðe.hu,ðehu,ðehu,ðeɪhu,ðeɪhu
ðe.mo,ðe.mo,ðemo,ðemo,ðeɪmoʊ,ðeɪmoʊ
ðe.no,ðe.no,ðeno,ðeno,ðeɪnoʊ,ðeɪnoʊ
ðe.po,ðe.po,ðepo,ðepo,ðeɪpoʊ,ðeɪpoʊ
ðe.to,ðe.to,ðeto,ðeto,ðeɪtoʊ,ðeɪtoʊ
ðe.ko,ðe.ko,ðeko,ðeko,ðeɪkoʊ,ðeɪkoʊ
ðe.bo,ðe.bo,ðebo,ðebo,ðeɪboʊ,ðeɪboʊ
ðe.do,ðe.do,ðedo,ðedo,ðeɪdoʊ,ðeɪdoʊ
ðe.go,ðe.go,ðego,ðego,ðeɪgoʊ,ðeɪgoʊ
ðe.fo,ðe.fo,ðefo,ðefo,ðeɪfoʊ,ðeɪfoʊ
ðe.so,ðe.so,ðeso,ðeso,ðeɪsoʊ,ðeɪsoʊ
ðe.vo,ðe.vo,ðevo,ðevo,ðeɪvoʊ,ðeɪvoʊ
ðe.zo,ðe.zo,ðezo,ðezo,ðeɪzoʊ,ðeɪzoʊ
ðe.ʃo,ðe.ʃo,ðeʃo,ðeʃo,ðeɪʃoʊ,ðeɪʃoʊ
ðe.ʒo,ðe.ʒo,ðeʒo,ðeʒo,ðeɪʒoʊ,ðeɪʒoʊ
ðe.θo,ðe.θo,ðeθo,ðeθo,ðeɪθoʊ,ðeɪθoʊ
ðe.ðo,ðe.ðo,ðeðo,ðeðo,ðeɪðoʊ,ðeɪðoʊ
ðe.ho,ðe.ho,ðeho,ðeho,ðeɪhoʊ,ðeɪhoʊ
he.mi,he.mi,hemi,hemi,heɪmi,heɪmi
he.ni,he.ni,heni,heni,heɪni,heɪni
he.pi,he.pi,hepi,hepi,heɪpi,heɪpi
he.ti,he.ti,heti,heti,heɪti,heɪti
he.ki,he.ki,heki,heki,heɪki,heɪki
he.bi,he.bi,hebi,hebi,heɪbi,heɪbi
he.di,he.di,hedi,hedi,heɪdi,heɪdi
he.gi,he.gi,hegi,hegi,heɪgi,heɪgi
he.fi,he.fi,hefi,hefi,heɪfi,heɪfi
he.si,he.si,hesi,hesi,heɪsi,heɪsi
he.vi,he.vi,hevi,hevi,heɪvi,heɪvi
he.zi,he.zi,hezi,hezi,heɪzi,heɪzi
he.ʃi,he.ʃi,heʃi,heʃi,heɪʃi,heɪʃi
he.ʒi,he.ʒi,heʒi,heʒi,heɪʒi,heɪʒi
he.θi,he.θi,heθi,heθi,heɪθi,heɪθi
he.ði,he.ði,heði,heði,heɪði,heɪði
he.hi,he.hi,hehi,hehi,heɪhi,heɪhi
he.me,he.me,heme,heme,heɪmeɪ,heɪmeɪ
he.ne,he.ne,hene,hene,heɪneɪ,heɪneɪ
he.pe,he.pe,hepe,hepe,heɪpeɪ,heɪpeɪ
he.te,he.te,hete,hete,heɪteɪ,heɪteɪ
he.ke,he.ke,heke,heke,heɪkeɪ,heɪkeɪ
he.be,he.be,hebe,hebe,heɪbeɪ,heɪbeɪ
he.de,he.de,hede,hede,heɪdeɪ,heɪdeɪ
he.ge,he.ge,hege,hege,heɪgeɪ,heɪgeɪ
he.fe,he.fe,hefe,hefe,heɪfeɪ,heɪfeɪ
he.se,he.se,hese,hese,heɪseɪ,heɪseɪ
he.ve,he.ve,heve,heve,heɪveɪ,heɪveɪ
he.ze,he.ze,heze,heze,heɪzeɪ,heɪzeɪ
he.ʃe,he.ʃe,heʃe,heʃe,heɪʃeɪ,heɪʃeɪ
he.ʒe,he.ʒe,heʒe,heʒe,heɪʒeɪ,heɪʒeɪ
he.θe,he.θe,heθe,heθe,heɪθeɪ,heɪθeɪ
he.ðe,he.ðe,heðe,heðe,heɪðeɪ,heɪðeɪ
he.he,he.he,hehe,hehe,heɪheɪ,heɪheɪ
he.mu,he.mu,hemu,hemu,heɪmu,heɪmu
he.nu,he.nu,henu,henu,heɪnu,heɪnu
he.pu,he.pu,hepu,hepu,heɪpu,heɪpu
he.tu,he.tu,hetu,hetu,heɪtu,heɪtu
he.ku,he.ku,heku,heku,heɪku,heɪku
he.bu,he.bu,hebu,hebu,heɪbu,heɪbu
he.du,he.du,hedu,hedu,heɪdu,heɪdu
he.gu,he.gu,hegu,hegu,heɪgu,heɪgu
he.fu,he.fu,hefu,hefu,heɪfu,heɪfu
he.su,he.su,hesu,hesu,heɪsu,heɪsu
he.vu,he.vu,hevu,hevu,heɪvu,heɪvu
he.zu,he.zu,hezu,hezu,heɪzu,heɪzu
he.ʃu,he.ʃu,heʃu,heʃu,heɪʃu,heɪʃu
he.ʒu,he.ʒu,heʒu,heʒu,heɪʒu,heɪʒu
he.θu,he.θu,heθu,heθu,heɪθu,heɪθu
he.ðu,he.ðu,heðu,heðu,heɪðu,heɪðu
he.hu,he.hu,hehu,hehu,heɪhu,heɪhu
he.mo,he.mo,hemo,hemo,heɪmoʊ,heɪmoʊ
he.no,he.no,heno,heno,heɪnoʊ,heɪnoʊ
he.po,he.po,hepo,hepo,heɪpoʊ,heɪpoʊ
he.to,he.to,heto,heto,heɪtoʊ,heɪtoʊ
he.ko,he.ko,heko,heko,heɪkoʊ,heɪkoʊ
he.bo,he.bo,hebo,hebo,heɪboʊ,heɪboʊ
he.do,he.do,hedo,hedo,heɪdoʊ,heɪdoʊ
he.go,he.go,hego,hego,heɪgoʊ,heɪgoʊ
he.fo,he.fo,hefo,hefo,heɪfoʊ,heɪfoʊ
he.so,he.so,heso,heso,heɪsoʊ,heɪsoʊ
he.vo,he.vo,hevo,hevo,heɪvoʊ,heɪvoʊ
he.zo,he.zo,hezo,hezo,heɪzoʊ,heɪzoʊ
he.ʃo,he.ʃo,heʃo,heʃo,heɪʃoʊ,heɪʃoʊ
he.ʒo,he.ʒo,heʒo,heʒo,heɪʒoʊ,heɪʒoʊ
he.θo,he.θo,heθo,heθo,heɪθoʊ,heɪθoʊ
he.ðo,he.ðo,heðo,heðo,heɪðoʊ,heɪðoʊ
he.ho,he.ho,heho,heho,heɪhoʊ,heɪhoʊ
mu.mi,mu.mi,mumi,mumi,mumi,mumi
mu.ni,mu.ni,muni,muni,muni,muni
mu.pi,mu.pi,mupi,mupi,mupi,mupi
mu.ti,mu.ti,muti,muti,muti,muti
mu.ki,mu.ki,muki,muki,muki,muki
mu.bi,mu.bi,mubi,mubi,mubi,mubi
mu.di,mu.di,mudi,mudi,mudi,mudi
mu.gi,mu.gi,mugi,mugi,mugi,mugi
mu.fi,mu.fi,mufi,mufi,mufi,mufi
mu.si,mu.si,musi,musi,musi,musi
mu.vi,mu.vi,muvi,muvi,muvi,muvi
mu.zi,mu.zi,muzi,muzi,muzi,muzi
mu.ʃi,mu.ʃi,muʃi,muʃi,muʃi,muʃi
mu.ʒi,mu.ʒi,muʒi,muʒi,muʒi,muʒi
mu.θi,mu.θi,muθi,muθi,muθi,muθi
mu.ði,mu.ði,muði,muði,muði,muði
mu.hi,mu.hi,muhi,muhi,muhi,muhi
mu.me,mu.me,mume,mume,mumeɪ,mumeɪ
mu.ne,mu.ne,mune,mune,muneɪ,muneɪ
mu.pe,mu.pe,mupe,mupe,mupeɪ,mupeɪ
mu.te,mu.te,mute,mute,muteɪ,muteɪ
mu.ke,mu.ke,muke,muke,mukeɪ,mukeɪ
mu.be,mu.be,mube,mube,mubeɪ,mubeɪ
mu.de,mu.de,mude,mude,mudeɪ,mudeɪ
mu.ge,mu.ge,muge,muge,mugeɪ,mugeɪ
mu.fe,mu.fe,mufe,mufe,mufeɪ,mufeɪ
mu.se,mu.se,muse,muse,museɪ,museɪ
mu.ve,mu.ve,muve,muve,muveɪ,muveɪ
mu.ze,mu.ze,muze,muze,muzeɪ,muzeɪ
mu.ʃe,mu.ʃe,muʃe,muʃe,muʃeɪ,muʃeɪ
mu.ʒe,mu.ʒe,muʒe,muʒe,muʒeɪ,muʒeɪ
mu.θe,mu.θe,muθe,muθe,muθeɪ,muθeɪ
mu.ðe,mu.ðe,muðe,muðe,muðeɪ,muðeɪ
mu.he,mu.he,muhe,muhe,muheɪ,muheɪ
mu.mu,mu.mu,mumu,mumu,mumu,mumu
mu.nu,mu.nu,munu,munu,munu,munu
mu.pu,mu.pu,mupu,mupu,mupu,mupu
mu.tu,mu.tu,mutu,mutu,mutu,mutu
mu.ku,mu.ku,muku,muku,muku,muku
mu.bu,mu.bu,mubu,mubu,mubu,mubu
mu.du,mu.du,mudu,mudu,mudu,mudu
mu.gu,mu.gu,mugu,mugu,mugu,mugu
mu.fu,mu.fu,mufu,mufu,mufu,mufu
mu.su,mu.su,musu,musu,musu,musu
mu.vu,mu.vu,muvu,muvu,muvu,muvu
mu.zu,mu.zu,muzu,muzu,muzu,muzu
mu.ʃu,mu.ʃu,muʃu,muʃu,muʃu,muʃu
mu.ʒu,mu.ʒu,muʒu,muʒu,muʒu,muʒu
mu.θu,mu.θu,muθu,muθu,muθu,muθu
mu.ðu,mu.ðu,muðu,muðu,muðu,muðu
mu.hu,mu.hu,muhu,muhu,muhu,muhu
mu.mo,mu.mo,mumo,mumo,mumoʊ,mumoʊ
mu.no,mu.no,muno,muno,munoʊ,munoʊ
mu.po,mu.po,mupo,mupo,mupoʊ,mupoʊ
mu.to,mu.to,muto,muto,mutoʊ,mutoʊ
mu.ko,mu.ko,muko,muko,mukoʊ,mukoʊ
mu.bo,mu.bo,mubo,mubo,muboʊ,muboʊ
mu.do,mu.do,mudo,mudo,mudoʊ,mudoʊ
mu.go,mu.go,mugo,mugo,mugoʊ,mugoʊ
mu.fo,mu.fo,mufo,mufo,mufoʊ,mufoʊ
mu.so,mu.so,muso,muso,musoʊ,musoʊ
mu.vo,mu.vo,muvo,muvo,muvoʊ,muvoʊ
mu.zo,mu.zo,muzo,muzo,muzoʊ,muzoʊ
mu.ʃo,mu.ʃo,muʃo,muʃo,muʃoʊ,muʃoʊ
mu.ʒo,mu.ʒo,muʒo,muʒo,muʒoʊ,muʒoʊ
mu.θo,mu.θo,muθo,muθo,muθoʊ,muθoʊ
mu.ðo,mu.ðo,muðo,muðo,muðoʊ,muðoʊ
mu.ho,mu.ho,muho,muho,muhoʊ,muhoʊ
nu.mi,nu.mi,numi,numi,numi,numi
nu.ni,nu.ni,nuni,nuni,nuni,nuni
nu.pi,nu.pi,nupi,nupi,nupi,nupi
nu.ti,nu.ti,nuti,nuti,nuti,nuti
nu.ki,nu.ki,nuki,nuki,nuki,nuki
nu.bi,nu.bi,nubi,nubi,nubi,nubi
nu.di,nu.di,nudi,nudi,nudi,nudi
nu.gi,nu.gi,nugi,nugi,nugi,nugi
nu.fi,nu.fi,nufi,nufi,nufi,nufi
nu.si,nu.si,nusi,nusi,nusi,nusi
nu.vi,nu.vi,nuvi,nuvi,nuvi,nuvi
nu.zi,nu.zi,nuzi,nuzi,nuzi,nuzi
nu.ʃi,nu.ʃi,nuʃi,nuʃi,nuʃi,nuʃi
nu.ʒi,nu.ʒi,nuʒi,nuʒi,nuʒi,nuʒi
nu.θi,nu.θi,nuθi,nuθi,nuθi,nuθi
nu.ði,nu.ði,nuði,nuði,nuði,nuði
nu.hi,nu.hi,nuhi,nuhi,nuhi,nuhi
nu.me,nu.me,nume,nume,numeɪ,numeɪ
nu.ne,nu.ne,nune,nune,nuneɪ,nuneɪ
nu.pe,nu.pe,nupe,nupe,nupeɪ,nupeɪ
nu.te,nu.te,nute,nute,nuteɪ,nuteɪ
nu.ke,nu.ke,nuke,nuke,nukeɪ,nukeɪ
nu.be,nu.be,nube,nube,nubeɪ,nubeɪ
nu.de,nu.de,nude,nude,nudeɪ,nudeɪ
nu.ge,nu.ge,nuge,nuge,nugeɪ,nugeɪ
nu.fe,nu.fe,nufe,nufe,nufeɪ,nufeɪ
nu.se,nu.se,nuse,nuse,nuseɪ,nuseɪ
nu.ve,nu.ve,nuve,nuve,nuveɪ,nuveɪ
nu.ze,nu.ze,nuze,nuze,nuzeɪ,nuzeɪ
nu.ʃe,nu.ʃe,nuʃe,nuʃe,nuʃeɪ,nuʃeɪ
nu.ʒe,nu.ʒe,nuʒe,nuʒe,nuʒeɪ,nuʒeɪ
nu.θe,nu.θe,nuθe,nuθe,nuθeɪ,nuθeɪ
nu.ðe,nu.ðe,nuðe,nuðe,nuðeɪ,nuðeɪ
nu.he,nu.he,nuhe,nuhe,nuheɪ,nuheɪ
nu.mu,nu.mu,numu,numu,numu,numu
nu.nu,nu.nu,nunu,nunu,nunu,nunu
nu.pu,nu.pu,nupu,nupu,nupu,nupu
nu.tu,nu.tu,nutu,nutu,nutu,nutu
nu.ku,nu.ku,nuku,nuku,nuku,nuku
nu.bu,nu.bu,nubu,nubu,nubu,nubu
nu.du,nu.du,nudu,nudu,nudu,nudu
nu.gu,nu.gu,nugu,nugu,nugu,nugu
nu.fu,nu.fu,nufu,nufu,nufu,nufu
nu.su,nu.su,nusu,nusu,nusu,nusu
nu.vu,nu.vu,nuvu,nuvu,nuvu,nuvu
nu.zu,nu.zu,nuzu,nuzu,nuzu,nuzu
nu.ʃu,nu.ʃu,nuʃu,nuʃu,nuʃu,nuʃu
nu.ʒu,nu.ʒu,nuʒu,nuʒu,nuʒu,nuʒu
nu.θu,nu.θu,nuθu,nuθu,nuθu,nuθu
nu.ðu,nu.ðu,nuðu,nuðu,nuðu,nuðu
nu.hu,nu.hu,nuhu,nuhu,nuhu,nuhu
nu.mo,nu.mo,numo,numo,numoʊ,numoʊ
nu.no,nu.no,nuno,nuno,nunoʊ,nunoʊ
nu.po,nu.po,nupo,nupo,nupoʊ,nupoʊ
nu.to,nu.to,nuto,nuto,nutoʊ,nutoʊ
nu.ko,nu.ko,nuko,nuko,nukoʊ,nukoʊ
nu.bo,nu.bo,nubo,nubo,nuboʊ,nuboʊ
nu.do,nu.do,nudo,nudo,nudoʊ,nudoʊ
nu.go,nu.go,nugo,nugo,nugoʊ,nugoʊ
nu.fo,nu.fo,nufo,nufo,nufoʊ,nufoʊ
nu.so,nu.so,nuso,nuso,nusoʊ,nusoʊ
nu.vo,nu.vo,nuvo,nuvo,nuvoʊ,nuvoʊ
nu.zo,nu.zo,nuzo,nuzo,nuzoʊ,nuzoʊ
nu.ʃo,nu.ʃo,nuʃo,nuʃo,nuʃoʊ,nuʃoʊ
nu.ʒo,nu.ʒo,nuʒo,nuʒo,nuʒoʊ,nuʒoʊ
nu.θo,nu.θo,nuθo,nuθo,nuθoʊ,nuθoʊ
nu.ðo,nu.ðo,nuðo,nuðo,nuðoʊ,nuðoʊ
nu.ho,nu.ho,nuho,nuho,nuhoʊ,nuhoʊ
pu.mi,pu.mi,pumi,pumi,pumi,pumi
pu.ni,pu.ni,puni,puni,puni,puni
pu.pi,pu.pi,pupi,pupi,pupi,pupi
pu.ti,pu.ti,puti,puti,puti,puti
pu.ki,pu.ki,puki,puki,puki,puki
pu.bi,pu.bi,pubi,pubi,pubi,pubi
pu.di,pu.di,pudi,pudi,pudi,pudi
pu.gi,pu.gi,pugi,pugi,pugi,pugi
pu.fi,pu.fi,pufi,pufi,pufi,pufi
pu.si,pu.si,pusi,pusi,pusi,pusi
pu.vi,pu.vi,puvi,puvi,puvi,puvi
pu.zi,pu.zi,puzi,puzi,puzi,puzi
pu.ʃi,pu.ʃi,puʃi,puʃi,puʃi,puʃi
pu.ʒi,pu.ʒi,puʒi,puʒi,puʒi,puʒi
pu.θi,pu.θi,puθi,puθi,puθi,puθi
pu.ði,pu.ði,puði,puði,puði,puði
pu.hi,pu.hi,puhi,puhi,puhi,puhi
pu.me,pu.me,pume,pume,pumeɪ,pumeɪ
pu.ne,pu.ne,pune,pune,puneɪ,puneɪ
pu.pe,pu.pe,pupe,pupe,pupeɪ,pupeɪ
pu.te,pu.te,pute,pute,puteɪ,puteɪ
pu.ke,pu.ke,puke,puke,pukeɪ,pukeɪ
pu.be,pu.be,pube,pube,pubeɪ,pubeɪ
pu.de,pu.de,pude,pude,pudeɪ,pudeɪ
pu.ge,pu.ge,puge,puge,pugeɪ,pugeɪ
pu.fe,pu.fe,pufe,pufe,pufeɪ,pufeɪ
pu.se,pu.se,puse,puse,puseɪ,puseɪ
pu.ve,pu.ve,puve,puve,puveɪ,puveɪ
pu.ze,pu.ze,puze,puze,puzeɪ,puzeɪ
pu.ʃe,pu.ʃe,puʃe,puʃe,puʃeɪ,puʃeɪ
pu.ʒe,pu.ʒe,puʒe,puʒe,puʒeɪ,puʒeɪ
pu.θe,pu.θe,puθe,puθe,puθeɪ,puθeɪ
pu.ðe,pu.ðe,puðe,puðe,puðeɪ,puðeɪ
pu.he,pu.he,puhe,puhe,puheɪ,puheɪ
pu.mu,pu.mu,pumu,pumu,pumu,pumu
pu.nu,pu.nu,punu,punu,punu,punu
pu.pu,pu.pu,pupu,pupu,pupu,pupu
pu.tu,pu.tu,putu,putu,putu,putu
pu.ku,pu.ku,puku,puku,puku,puku
pu.bu,pu.bu,pubu,pubu,pubu,pubu
pu.du,pu.du,pudu,pudu,pudu,pudu
pu.gu,pu.gu,pugu,pugu,pugu,pugu
pu.fu,pu.fu,pufu,pufu,pufu,pufu
pu.su,pu.su,pusu,pusu,pusu,pusu
pu.vu,pu.vu,puvu,puvu,puvu,puvu
pu.zu,pu.zu,puzu,puzu,puzu,puzu
pu.ʃu,pu.ʃu,puʃu,puʃu,puʃu,puʃu
pu.ʒu,pu.ʒu,puʒu,puʒu,puʒu,puʒu
pu.θu,pu.θu,puθu,puθu,puθu,puθu
pu.ðu,pu.ðu,puðu,puðu,puðu,puðu
pu.hu,pu.hu,puhu,puhu,puhu,puhu
pu.mo,pu.mo,pumo,pumo,pumoʊ,pumoʊ
pu.no,pu.no,puno,puno,punoʊ,punoʊ
pu.po,pu.po,pupo,pupo,pupoʊ,pupoʊ
pu.to,pu.to,puto,puto,putoʊ,putoʊ
pu.ko,pu.ko,puko,puko,pukoʊ,pukoʊ
pu.bo,pu.bo,pubo,pubo,puboʊ,puboʊ
pu.do,pu.do,pudo,pudo,pudoʊ,pudoʊ
pu.go,pu.go,pugo,pugo,pugoʊ,pugoʊ
pu.fo,pu.fo,pufo,pufo,pufoʊ,pufoʊ
pu.so,pu.so,puso,puso,pusoʊ,pusoʊ
pu.vo,pu.vo,puvo,puvo,puvoʊ,puvoʊ
pu.zo,pu.zo,puzo,puzo,puzoʊ,puzoʊ
pu.ʃo,pu.ʃo,puʃo,puʃo,puʃoʊ,puʃoʊ
pu.ʒo,pu.ʒo,puʒo,puʒo,puʒoʊ,puʒoʊ
pu.θo,pu.θo,puθo,puθo,puθoʊ,puθoʊ
pu.ðo,pu.ðo,puðo,puðo,puðoʊ,puðoʊ
pu.ho,pu.ho,puho,puho,puhoʊ,puhoʊ
tu.mi,tu.mi,tumi,tumi,tumi,tumi
tu.ni,tu.ni,tuni,tuni,tuni,tuni
tu.pi,tu.pi,tupi,tupi,tupi,tupi
tu.ti,tu.ti,tuti,tuti,tuti,tuti
tu.ki,tu.ki,tuki,tuki,tuki,tuki
tu.bi,tu.bi,tubi,tubi,tubi,tubi
tu.di,tu.di,tudi,tudi,tudi,tudi
tu.gi,tu.gi,tugi,tugi,tugi,tugi
tu.fi,tu.fi,tufi,tufi,tufi,tufi
tu.si,tu.si,tusi,tusi,tusi,tusi
tu.vi,tu.vi,tuvi,tuvi,tuvi,tuvi
tu.zi,tu.zi,tuzi,tuzi,tuzi,tuzi
tu.ʃi,tu.ʃi,tuʃi,tuʃi,tuʃi,tuʃi
tu.ʒi,tu.ʒi,tuʒi,tuʒi,tuʒi,tuʒi
tu.θi,tu.θi,tuθi,tuθi,tuθi,tuθi
tu.ði,tu.ði,tuði,tuði,tuði,tuði
tu.hi,tu.hi,tuhi,tuhi,tuhi,tuhi
tu.me,tu.me,tume,tume,tumeɪ,tumeɪ
tu.ne,tu.ne,tune,tune,tuneɪ,tuneɪ
tu.pe,tu.pe,tupe,tupe,tupeɪ,tupeɪ
tu.te,tu.te,tute,tute,tuteɪ,tuteɪ
tu.ke,tu.ke,tuke,tuke,tukeɪ,tukeɪ
tu.be,tu.be,tube,tube,tubeɪ,tubeɪ
tu.de,tu.de,tude,tude,tudeɪ,tudeɪ
tu.ge,tu.ge,tuge,tuge,tugeɪ,tugeɪ
tu.fe,tu.fe,tufe,tufe,tufeɪ,tufeɪ
tu.se,tu.se,tuse,tuse,tuseɪ,tuseɪ
tu.ve,tu.ve,tuve,tuve,tuveɪ,tuveɪ
tu.ze,tu.ze,tuze,tuze,tuzeɪ,tuzeɪ
tu.ʃe,tu.ʃe,tuʃe,tuʃe,tuʃeɪ,tuʃeɪ
tu.ʒe,tu.ʒe,tuʒe,tuʒe,tuʒeɪ,tuʒeɪ
tu.θe,tu.θe,tuθe,tuθe,tuθeɪ,tuθeɪ
tu.ðe,tu.ðe,tuðe,tuðe,tuðeɪ,tuðeɪ
tu.he,tu.he,tuhe,tuhe,tuheɪ,tuheɪ
tu.mu,tu.mu,tumu,tumu,tumu,tumu
tu.nu,tu.nu,tunu,tunu,tunu,tunu
tu.pu,tu.pu,tupu,tupu,tupu,tupu
tu.tu,tu.tu,tutu,tutu,tutu,tutu
tu.ku,tu.ku,tuku,tuku,tuku,tuku
tu.bu,tu.bu,tubu,tubu,tubu,tubu
tu.du,tu.du,tudu,tudu,tudu,tudu
tu.gu,tu.gu,tugu,tugu,tugu,tugu
tu.fu,tu.fu,tufu,tufu,tufu,tufu
tu.su,tu.su,tusu,tusu,tusu,tusu
tu.vu,tu.vu,tuvu,tuvu,tuvu,tuvu
tu.zu,tu.zu,tuzu,tuzu,tuzu,tuzu
tu.ʃu,tu.ʃu,tuʃu,tuʃu,tuʃu,tuʃu
tu.ʒu,tu.ʒu,tuʒu,tuʒu,tuʒu,tuʒu
tu.θu,tu.θu,tuθu,tuθu,tuθu,tuθu
tu.ðu,tu.ðu,tuðu,tuðu,tuðu,tuðu
tu.hu,tu.hu,tuhu,tuhu,tuhu,tuhu
tu.mo,tu.mo,tumo,tumo,tumoʊ,tumoʊ
tu.no,tu.no,tuno,tuno,tunoʊ,tunoʊ
tu.po,tu.po,tupo,tupo,tupoʊ,tupoʊ
tu.to,tu.to,tuto,tuto,tutoʊ,tutoʊ
tu.ko,tu.ko,tuko,tuko,tukoʊ,tukoʊ
tu.bo,tu.bo,tubo,tubo,tuboʊ,tuboʊ
tu.do,tu.do,tudo,tudo,tudoʊ,tudoʊ
tu.go,tu.go,tugo,tugo,tugoʊ,tugoʊ
tu.fo,tu.fo,tufo,tufo,tufoʊ,tufoʊ
tu.so,tu.so,tuso,tuso,tusoʊ,tusoʊ
tu.vo,tu.vo,tuvo,tuvo,tuvoʊ,tuvoʊ
tu.zo,tu.zo,tuzo,tuzo,tuzoʊ,tuzoʊ
tu.ʃo,tu.ʃo,tuʃo,tuʃo,tuʃoʊ,tuʃoʊ
tu.ʒo,tu.ʒo,tuʒo,tuʒo,tuʒoʊ,tuʒoʊ
tu.θo,tu.θo,tuθo,tuθo,tuθoʊ,tuθoʊ
tu.ðo,tu.ðo,tuðo,tuðo,tuðoʊ,tuðoʊ
tu.ho,tu.ho,tuho,tuho,tuhoʊ,tuhoʊ
ku.mi,ku.mi,kumi,kumi,kumi,kumi
ku.ni,ku.ni,kuni,kuni,kuni,kuni
ku.pi,ku.pi,kupi,kupi,kupi,kupi
ku.ti,ku.ti,kuti,kuti,kuti,kuti
ku.ki,ku.ki,kuki,kuki,kuki,kuki
ku.bi,ku.bi,kubi,kubi,kubi,kubi
ku.di,ku.di,kudi,kudi,kudi,kudi
ku.gi,ku.gi,kugi,kugi,kugi,kugi
ku.fi,ku.fi,kufi,kufi,kufi,kufi
ku.si,ku.si,kusi,kusi,kusi,kusi
ku.vi,ku.vi,kuvi,kuvi,kuvi,kuvi
ku.zi,ku.zi,kuzi,kuzi,kuzi,kuzi
ku.ʃi,ku.ʃi,kuʃi,kuʃi,kuʃi,kuʃi
ku.ʒi,ku.ʒi,kuʒi,kuʒi,kuʒi,kuʒi
ku.θi,ku.θi,kuθi,kuθi,kuθi,kuθi
ku.ði,ku.ði,kuði,kuði,kuði,kuði
ku.hi,ku.hi,kuhi,kuhi,kuhi,kuhi
ku.me,ku.me,kume,kume,kumeɪ,kumeɪ
ku.ne,ku.ne,kune,kune,kuneɪ,kuneɪ
ku.pe,ku.pe,kupe,kupe,kupeɪ,kupeɪ
ku.te,ku.te,kute,kute,kuteɪ,kuteɪ
ku.ke,ku.ke,kuke,kuke,kukeɪ,kukeɪ
ku.be,ku.be,kube,kube,kubeɪ,kubeɪ
ku.de,ku.de,kude,kude,kudeɪ,kudeɪ
ku.ge,ku.ge,kuge,kuge,kugeɪ,kugeɪ
ku.fe,ku.fe,kufe,kufe,kufeɪ,kufeɪ
ku.se,ku.se,kuse,kuse,kuseɪ,kuseɪ
ku.ve,ku.ve,kuve,kuve,kuveɪ,kuveɪ
ku.ze,ku.ze,kuze,kuze,kuzeɪ,kuzeɪ
ku.ʃe,ku.ʃe,kuʃe,kuʃe,kuʃeɪ,kuʃeɪ
ku.ʒe,ku.ʒe,kuʒe,kuʒe,kuʒeɪ,kuʒeɪ
ku.θe,ku.θe,kuθe,kuθe,kuθeɪ,kuθeɪ
ku.ðe,ku.ðe,kuðe,kuðe,kuðeɪ,kuðeɪ
ku.he,ku.he,kuhe,kuhe,kuheɪ,kuheɪ
ku.mu,ku.mu,kumu,kumu,kumu,kumu
ku.nu,ku.nu,kunu,kunu,kunu,kunu
ku.pu,ku.pu,kupu,kupu,kupu,kupu
ku.tu,ku.tu,kutu,kutu,kutu,kutu
ku.ku,ku.ku,kuku,kuku,kuku,kuku
ku.bu,ku.bu,kubu,kubu,kubu,kubu
ku.du,ku.du,kudu,kudu,kudu,kudu
ku.gu,ku.gu,kugu,kugu,kugu,kugu
ku.fu,ku.fu,kufu,kufu,kufu,kufu
ku.su,ku.su,kusu,kusu,kusu,kusu
ku.vu,ku.vu,kuvu,kuvu,kuvu,kuvu
ku.zu,ku.zu,kuzu,kuzu,kuzu,kuzu
ku.ʃu,ku.ʃu,kuʃu,kuʃu,kuʃu,kuʃu
ku.ʒu,ku.ʒu,kuʒu,kuʒu,kuʒu,kuʒu
ku.θu,ku.θu,kuθu,kuθu,kuθu,kuθu
ku.ðu,ku.ðu,kuðu,kuðu,kuðu,kuðu
ku.hu,ku.hu,kuhu,kuhu,kuhu,kuhu
ku.mo,ku.mo,kumo,kumo,kumoʊ,kumoʊ
ku.no,ku.no,kuno,kuno,kunoʊ,kunoʊ
ku.po,ku.po,kupo,kupo,kupoʊ,kupoʊ
ku.to,ku.to,kuto,kuto,kutoʊ,kutoʊ
ku.ko,ku.ko,kuko,kuko,kukoʊ,kukoʊ
ku.bo,ku.bo,kubo,kubo,kuboʊ,kuboʊ
ku.do,ku.do,kudo,kudo,kudoʊ,kudoʊ
ku.go,ku.go,kugo,kugo,kugoʊ,kugoʊ
ku.fo,ku.fo,kufo,kufo,kufoʊ,kufoʊ
ku.so,ku.so,kuso,kuso,kusoʊ,kusoʊ
ku.vo,ku.vo,kuvo,kuvo,kuvoʊ,kuvoʊ
ku.zo,ku.zo,kuzo,kuzo,kuzoʊ,kuzoʊ
ku.ʃo,ku.ʃo,kuʃo,kuʃo,kuʃoʊ,kuʃoʊ
ku.ʒo,ku.ʒo,kuʒo,kuʒo,kuʒoʊ,kuʒoʊ
ku.θo,ku.θo,kuθo,kuθo,kuθoʊ,kuθoʊ
ku.ðo,ku.ðo,kuðo,kuðo,kuðoʊ,kuðoʊ
ku.ho,ku.ho,kuho,kuho,kuhoʊ,kuhoʊ
bu.mi,bu.mi,bumi,bumi,bumi,bumi
bu.ni,bu.ni,buni,buni,buni,buni
bu.pi,bu.pi,bupi,bupi,bupi,bupi
bu.ti,bu.ti,buti,buti,buti,buti
bu.ki,bu.ki,buki,buki,buki,buki
bu.bi,bu.bi,bubi,bubi,bubi,bubi
bu.di,bu.di,budi,budi,budi,budi
bu.gi,bu.gi,bugi,bugi,bugi,bugi
bu.fi,bu.fi,bufi,bufi,bufi,bufi
bu.si,bu.si,busi,busi,busi,busi
bu.vi,bu.vi,buvi,buvi,buvi,buvi
bu.zi,bu.zi,buzi,buzi,buzi,buzi
bu.ʃi,bu.ʃi,buʃi,buʃi,buʃi,buʃi
bu.ʒi,bu.ʒi,buʒi,buʒi,buʒi,buʒi
bu.θi,bu.θi,buθi,buθi,buθi,buθi
bu.ði,bu.ði,buði,buði,buði,buði
bu.hi,bu.hi,buhi,buhi,buhi,buhi
bu.me,bu.me,bume,bume,bumeɪ,bumeɪ
bu.ne,bu.ne,bune,bune,buneɪ,buneɪ
bu.pe,bu.pe,bupe,bupe,bupeɪ,bupeɪ
bu.te,bu.te,bute,bute,buteɪ,buteɪ
bu.ke,bu.ke,buke,buke,bukeɪ,bukeɪ
bu.be,bu.be,bube,bube,bubeɪ,bubeɪ
bu.de,bu.de,bude,bude,budeɪ,budeɪ
bu.ge,bu.ge,buge,buge,bugeɪ,bugeɪ
bu.fe,bu.fe,bufe,bufe,bufeɪ,bufeɪ
bu.se,bu.se,buse,buse,buseɪ,buseɪ
bu.ve,bu.ve,buve,buve,buveɪ,buveɪ
bu.ze,bu.ze,buze,buze,buzeɪ,buzeɪ
bu.ʃe,bu.ʃe,buʃe,buʃe,buʃeɪ,buʃeɪ
bu.ʒe,bu.ʒe,buʒe,buʒe,buʒeɪ,buʒeɪ
bu.θe,bu.θe,buθe,buθe,buθeɪ,buθeɪ
bu.ðe,bu.ðe,buðe,buðe,buðeɪ,buðeɪ
bu.he,bu.he,buhe,buhe,buheɪ,buheɪ
bu.mu,bu.mu,bumu,bumu,bumu,bumu
bu.nu,bu.nu,bunu,bunu,bunu,bunu
bu.pu,bu.pu,bupu,bupu,bupu,bupu
bu.tu,bu.tu,butu,butu,butu,butu
bu.ku,bu.ku,buku,buku,buku,buku
bu.bu,bu.bu,bubu,bubu,bubu,bubu
bu.du,bu.du,budu,budu,budu,budu
bu.gu,bu.gu,bugu,bugu,bugu,bugu
bu.fu,bu.fu,bufu,bufu,bufu,bufu
bu.su,bu.su,busu,busu,busu,busu
bu.vu,bu.vu,buvu,buvu,buvu,buvu
bu.zu,bu.zu,buzu,buzu,buzu,buzu
bu.ʃu,bu.ʃu,buʃu,buʃu,buʃu,buʃu
bu.ʒu,bu.ʒu,buʒu,buʒu,buʒu,buʒu
bu.θu,bu.θu,buθu,buθu,buθu,buθu
bu.ðu,bu.ðu,buðu,buðu,buðu,buðu
bu.hu,bu.hu,buhu,buhu,buhu,buhu
bu.mo,bu.mo,bumo,bumo,bumoʊ,bumoʊ
bu.no,bu.no,buno,buno,bunoʊ,bunoʊ
bu.po,bu.po,bupo,bupo,bupoʊ,bupoʊ
bu.to,bu.to,buto,buto,butoʊ,butoʊ
bu.ko,bu.ko,buko,buko,bukoʊ,bukoʊ
bu.bo,bu.bo,bubo,bubo,buboʊ,buboʊ
bu.do,bu.do,budo,budo,budoʊ,budoʊ
bu.go,bu.go,bugo,bugo,bugoʊ,bugoʊ
bu.fo,bu.fo,bufo,bufo,bufoʊ,bufoʊ
bu.so,bu.so,buso,buso,busoʊ,busoʊ
bu.vo,bu.vo,buvo,buvo,buvoʊ,buvoʊ
bu.zo,bu.zo,buzo,buzo,buzoʊ,buzoʊ
bu.ʃo,bu.ʃo,buʃo,buʃo,buʃoʊ,buʃoʊ
bu.ʒo,bu.ʒo,buʒo,buʒo,buʒoʊ,buʒoʊ
bu.θo,bu.θo,buθo,buθo,buθoʊ,buθoʊ
bu.ðo,bu.ðo,buðo,buðo,buðoʊ,buðoʊ
bu.ho,bu.ho,buho,buho,buhoʊ,buhoʊ
du.mi,du.mi,dumi,dumi,dumi,dumi
du.ni,du.ni,duni,duni,duni,duni
du.pi,du.pi,dupi,dupi,dupi,dupi
du.ti,du.ti,duti,duti,duti,duti
du.ki,du.ki,duki,duki,duki,duki
du.bi,du.bi,dubi,dubi,dubi,dubi
du.di,du.di,dudi,dudi,dudi,dudi
du.gi,du.gi,dugi,dugi,dugi,dugi
du.fi,du.fi,dufi,dufi,dufi,dufi
du.si,du.si,dusi,dusi,dusi,dusi
du.vi,du.vi,duvi,duvi,duvi,duvi
du.zi,du.zi,duzi,duzi,duzi,duzi
du.ʃi,du.ʃi,duʃi,duʃi,duʃi,duʃi
du.ʒi,du.ʒi,duʒi,duʒi,duʒi,duʒi
du.θi,du.θi,duθi,duθi,duθi,duθi
du.ði,du.ði,duði,duði,duði,duði
du.hi,du.hi,duhi,duhi,duhi,duhi
du.me,du.me,dume,dume,dumeɪ,dumeɪ
du.ne,du.ne,dune,dune,duneɪ,duneɪ
du.pe,du.pe,dupe,dupe,dupeɪ,dupeɪ
du.te,du.te,dute,dute,duteɪ,duteɪ
du.ke,du.ke,duke,duke,dukeɪ,dukeɪ
du.be,du.be,dube,dube,dubeɪ,dubeɪ
du.de,du.de,dude,dude,dudeɪ,dudeɪ
du.ge,du.ge,duge,duge,dugeɪ,dugeɪ
du.fe,du.fe,dufe,dufe,dufeɪ,dufeɪ
du.se,du.se,duse,duse,duseɪ,duseɪ
du.ve,du.ve,duve,duve,duveɪ,duveɪ
du.ze,du.ze,duze,duze,duzeɪ,duzeɪ
du.ʃe,du.ʃe,duʃe,duʃe,duʃeɪ,duʃeɪ
du.ʒe,du.ʒe,duʒe,duʒe,duʒeɪ,duʒeɪ
du.θe,du.θe,duθe,duθe,duθeɪ,duθeɪ
du.ðe,du.ðe,duðe,duðe,duðeɪ,duðeɪ
du.he,du.he,duhe,duhe,duheɪ,duheɪ
du.mu,du.mu,dumu,dumu,dumu,dumu
du.nu,du.nu,dunu,dunu,dunu,dunu
du.pu,du.pu,dupu,dupu,dupu,dupu
du.tu,du.tu,dutu,dutu,dutu,dutu
du.ku,du.ku,duku,duku,duku,duku
du.bu,du.bu,dubu,dubu,dubu,dubu
du.du,du.du,dudu,dudu,dudu,dudu
du.gu,du.gu,dugu,dugu,dugu,dugu
du.fu,du.fu,dufu,dufu,dufu,dufu
du.su,du.su,dusu,dusu,dusu,dusu
du.vu,du.vu,duvu,duvu,duvu,duvu
du.zu,du.zu,duzu,duzu,duzu,duzu
du.ʃu,du.ʃu,duʃu,duʃu,duʃu,duʃu
du.ʒu,du.ʒu,duʒu,duʒu,duʒu,duʒu
du.θu,du.θu,duθu,duθu,duθu,duθu
du.ðu,du.ðu,duðu,duðu,duðu,duðu
du.hu,du.hu,duhu,duhu,duhu,duhu
du.mo,du.mo,dumo,dumo,dumoʊ,dumoʊ
du.no,du.no,duno,duno,dunoʊ,dunoʊ
du.po,du.po,dupo,dupo,dupoʊ,dupoʊ
du.to,du.to,duto,duto,dutoʊ,dutoʊ
du.ko,du.ko,duko,duko,dukoʊ,dukoʊ
du.bo,du.bo,dubo,dubo,duboʊ,duboʊ
du.do,du.do,dudo,dudo,dudoʊ,dudoʊ
du.go,du.go,dugo,dugo,dugoʊ,dugoʊ
du.fo,du.fo,dufo,dufo,dufoʊ,dufoʊ
du.so,du.so,duso,duso,dusoʊ,dusoʊ
du.vo,du.vo,duvo,duvo,duvoʊ,duvoʊ
du.zo,du.zo,duzo,duzo,duzoʊ,duzoʊ
du.ʃo,du.ʃo,duʃo,duʃo,duʃoʊ,duʃoʊ
du.ʒo,du.ʒo,duʒo,duʒo,duʒoʊ,duʒoʊ
du.θo,du.θo,duθo,duθo,duθoʊ,duθoʊ
du.ðo,du.ðo,duðo,duðo,duðoʊ,duðoʊ
du.ho,du.ho,duho,duho,duhoʊ,duhoʊ
gu.mi,gu.mi,gumi,gumi,gumi,gumi
gu.ni,gu.ni,guni,guni,guni,guni
gu.pi,gu.pi,gupi,gupi,gupi,gupi
gu.ti,gu.ti,guti,guti,guti,guti
gu.ki,gu.ki,guki,guki,guki,guki
gu.bi,gu.bi,gubi,gubi,gubi,gubi
gu.di,gu.di,gudi,gudi,gudi,gudi
gu.gi,gu.gi,gugi,gugi,gugi,gugi
gu.fi,gu.fi,gufi,gufi,gufi,gufi
gu.si,gu.si,gusi,gusi,gusi,gusi
gu.vi,gu.vi,guvi,guvi,guvi,guvi
gu.zi,gu.zi,guzi,guzi,guzi,guzi
gu.ʃi,gu.ʃi,guʃi,guʃi,guʃi,guʃi
gu.ʒi,gu.ʒi,guʒi,guʒi,guʒi,guʒi
gu.θi,gu.θi,guθi,guθi,guθi,guθi
gu.ði,gu.ði,guði,guði,guði,guði
gu.hi,gu.hi,guhi,guhi,guhi,guhi
gu.me,gu.me,gume,gume,gumeɪ,gumeɪ
gu.ne,gu.ne,gune,gune,guneɪ,guneɪ
gu.pe,gu.pe,gupe,gupe,gupeɪ,gupeɪ
gu.te,gu.te,gute,gute,guteɪ,guteɪ
gu.ke,gu.ke,guke,guke,gukeɪ,gukeɪ
gu.be,gu.be,gube,gube,gubeɪ,gubeɪ
gu.de,gu.de,gude,gude,gudeɪ,gudeɪ
gu.ge,gu.ge,guge,guge,gugeɪ,gugeɪ
gu.fe,gu.fe,gufe,gufe,gufeɪ,gufeɪ
gu.se,gu.se,guse,guse,guseɪ,guseɪ
gu.ve,gu.ve,guve,guve,guveɪ,guveɪ
gu.ze,gu.ze,guze,guze,guzeɪ,guzeɪ
gu.ʃe,gu.ʃe,guʃe,guʃe,guʃeɪ,guʃeɪ
gu.ʒe,gu.ʒe,guʒe,guʒe,guʒeɪ,guʒeɪ
gu.θe,gu.θe,guθe,guθe,guθeɪ,guθeɪ
gu.ðe,gu.ðe,guðe,guðe,guðeɪ,guðeɪ
gu.he,gu.he,guhe,guhe,guheɪ,guheɪ
gu.mu,gu.mu,gumu,gumu,gumu,gumu
gu.nu,gu.nu,gunu,gunu,gunu,gunu
gu.pu,gu.pu,gupu,gupu,gupu,gupu
gu.tu,gu.tu,gutu,gutu,gutu,gutu
gu.ku,gu.ku,guku,guku,guku,guku
gu.bu,gu.bu,gubu,gubu,gubu,gubu
gu.du,gu.du,gudu,gudu,gudu,gudu
gu.gu,gu.gu,gugu,gugu,gugu,gugu
gu.fu,gu.fu,gufu,gufu,gufu,gufu
gu.su,gu.su,gusu,gusu,gusu,gusu
gu.vu,gu.vu,guvu,guvu,guvu,guvu
gu.zu,gu.zu,guzu,guzu,guzu,guzu
gu.ʃu,gu.ʃu,guʃu,guʃu,guʃu,guʃu
gu.ʒu,gu.ʒu,guʒu,guʒu,guʒu,guʒu
gu.θu,gu.θu,guθu,guθu,guθu,guθu
gu.ðu,gu.ðu,guðu,guðu,guðu,guðu
gu.hu,gu.hu,guhu,guhu,guhu,guhu
gu.mo,gu.mo,gumo,gumo,gumoʊ,gumoʊ
gu.no,gu.no,guno,guno,gunoʊ,gunoʊ
gu.po,gu.po,gupo,gupo,gupoʊ,gupoʊ
gu.to,gu.to,guto,guto,gutoʊ,gutoʊ
gu.ko,gu.ko,guko,guko,gukoʊ,gukoʊ
gu.bo,gu.bo,gubo,gubo,guboʊ,guboʊ
gu.do,gu.do,gudo,gudo,gudoʊ,gudoʊ
gu.go,gu.go,gugo,gugo,gugoʊ,gugoʊ
gu.fo,gu.fo,gufo,gufo,gufoʊ,gufoʊ
gu.so,gu.so,guso,guso,gusoʊ,gusoʊ
gu.vo,gu.vo,guvo,guvo,guvoʊ,guvoʊ
gu.zo,gu.zo,guzo,guzo,guzoʊ,guzoʊ
gu.ʃo,gu.ʃo,guʃo,guʃo,guʃoʊ,guʃoʊ
gu.ʒo,gu.ʒo,guʒo,guʒo,guʒoʊ,guʒoʊ
gu.θo,gu.θo,guθo,guθo,guθoʊ,guθoʊ
gu.ðo,gu.ðo,guðo,guðo,guðoʊ,guðoʊ
gu.ho,gu.ho,guho,guho,guhoʊ,guhoʊ
fu.mi,fu.mi,fumi,fumi,fumi,fumi
fu.ni,fu.ni,funi,funi,funi,funi
fu.pi,fu.pi,fupi,fupi,fupi,fupi
fu.ti,fu.ti,futi,futi,futi,futi
fu.ki,fu.ki,fuki,fuki,fuki,fuki
fu.bi,fu.bi,fubi,fubi,fubi,fubi
fu.di,fu.di,fudi,fudi,fudi,fudi
fu.gi,fu.gi,fugi,fugi,fugi,fugi
fu.fi,fu.fi,fufi,fufi,fufi,fufi
fu.si,fu.si,fusi,fusi,fusi,fusi
fu.vi,fu.vi,fuvi,fuvi,fuvi,fuvi
fu.zi,fu.zi,fuzi,fuzi,fuzi,fuzi
fu.ʃi,fu.ʃi,fuʃi,fuʃi,fuʃi,fuʃi
fu.ʒi,fu.ʒi,fuʒi,fuʒi,fuʒi,fuʒi
fu.θi,fu.θi,fuθi,fuθi,fuθi,fuθi
fu.ði,fu.ði,fuði,fuði,fuði,fuði
fu.hi,fu.hi,fuhi,fuhi,fuhi,fuhi
fu.me,fu.me,fume,fume,fumeɪ,fumeɪ
fu.ne,fu.ne,fune,fune,funeɪ,funeɪ
fu.pe,fu.pe,fupe,fupe,fupeɪ,fupeɪ
fu.te,fu.te,fute,fute,futeɪ,futeɪ
fu.ke,fu.ke,fuke,fuke,fukeɪ,fukeɪ
fu.be,fu.be,fube,fube,fubeɪ,fubeɪ
fu.de,fu.de,fude,fude,fudeɪ,fudeɪ
fu.ge,fu.ge,fuge,fuge,fugeɪ,fugeɪ
fu.fe,fu.fe,fufe,fufe,fufeɪ,fufeɪ
fu.se,fu.se,fuse,fuse,fuseɪ,fuseɪ
fu.ve,fu.ve,fuve,fuve,fuveɪ,fuveɪ
fu.ze,fu.ze,fuze,fuze,fuzeɪ,fuzeɪ
fu.ʃe,fu.ʃe,fuʃe,fuʃe,fuʃeɪ,fuʃeɪ
fu.ʒe,fu.ʒe,fuʒe,fuʒe,fuʒeɪ,fuʒeɪ
fu.θe,fu.θe,fuθe,fuθe,fuθeɪ,fuθeɪ
fu.ðe,fu.ðe,fuðe,fuðe,fuðeɪ,fuðeɪ
fu.he,fu.he,fuhe,fuhe,fuheɪ,fuheɪ
fu.mu,fu.mu,fumu,fumu,fumu,fumu
fu.nu,fu.nu,funu,funu,funu,funu
fu.pu,fu.pu,fupu,fupu,fupu,fupu
fu.tu,fu.tu,futu,futu,futu,futu
fu.ku,fu.ku,fuku,fuku,fuku,fuku
fu.bu,fu.bu,fubu,fubu,fubu,fubu
fu.du,fu.du,fudu,fudu,fudu,fudu
fu.gu,fu.gu,fugu,fugu,fugu,fugu
fu.fu,fu.fu,fufu,fufu,fufu,fufu
fu.su,fu.su,fusu,fusu,fusu,fusu
fu.vu,fu.vu,fuvu,fuvu,fuvu,fuvu
fu.zu,fu.zu,fuzu,fuzu,fuzu,fuzu
fu.ʃu,fu.ʃu,fuʃu,fuʃu,fuʃu,fuʃu
fu.ʒu,fu.ʒu,fuʒu,fuʒu,fuʒu,fuʒu
fu.θu,fu.θu,fuθu,fuθu,fuθu,fuθu
fu.ðu,fu.ðu,fuðu,fuðu,fuðu,fuðu
fu.hu,fu.hu,fuhu,fuhu,fuhu,fuhu
fu.mo,fu.mo,fumo,fumo,fumoʊ,fumoʊ
fu.no,fu.no,funo,funo,funoʊ,funoʊ
fu.po,fu.po,fupo,fupo,fupoʊ,fupoʊ
fu.to,fu.to,futo,futo,futoʊ,futoʊ
fu.ko,fu.ko,fuko,fuko,fukoʊ,fukoʊ
fu.bo,fu.bo,fubo,fubo,fuboʊ,fuboʊ
fu.do,fu.do,fudo,fudo,fudoʊ,fudoʊ
fu.go,fu.go,fugo,fugo,fugoʊ,fugoʊ
fu.fo,fu.fo,fufo,fufo,fufoʊ,fufoʊ
fu.so,fu.so,fuso,fuso,fusoʊ,fusoʊ
fu.vo,fu.vo,fuvo,fuvo,fuvoʊ,fuvoʊ
fu.zo,fu.zo,fuzo,fuzo,fuzoʊ,fuzoʊ
fu.ʃo,fu.ʃo,fuʃo,fuʃo,fuʃoʊ,fuʃoʊ
fu.ʒo,fu.ʒo,fuʒo,fuʒo,fuʒoʊ,fuʒoʊ
fu.θo,fu.θo,fuθo,fuθo,fuθoʊ,fuθoʊ
fu.ðo,fu.ðo,fuðo,fuðo,fuðoʊ,fuðoʊ
fu.ho,fu.ho,fuho,fuho,fuhoʊ,fuhoʊ
su.mi,su.mi,sumi,sumi,sumi,sumi
su.ni,su.ni,suni,suni,suni,suni
su.pi,su.pi,supi,supi,supi,supi
su.ti,su.ti,suti,suti,suti,suti
su.ki,su.ki,suki,suki,suki,suki
su.bi,su.bi,subi,subi,subi,subi
su.di,su.di,sudi,sudi,sudi,sudi
su.gi,su.gi,sugi,sugi,sugi,sugi
su.fi,su.fi,sufi,sufi,sufi,sufi
su.si,su.si,susi,susi,susi,susi
su.vi,su.vi,suvi,suvi,suvi,suvi
su.zi,su.zi,suzi,suzi,suzi,suzi
su.ʃi,su.ʃi,suʃi,suʃi,suʃi,suʃi
su.ʒi,su.ʒi,suʒi,suʒi,suʒi,suʒi
su.θi,su.θi,suθi,suθi,suθi,suθi
su.ði,su.ði,suði,suði,suði,suði
su.hi,su.hi,suhi,suhi,suhi,suhi
su.me,su.me,sume,sume,sumeɪ,sumeɪ
su.ne,su.ne,sune,sune,suneɪ,suneɪ
su.pe,su.pe,supe,supe,supeɪ,supeɪ
su.te,su.te,sute,sute,suteɪ,suteɪ
su.ke,su.ke,suke,suke,sukeɪ,sukeɪ
su.be,su.be,sube,sube,subeɪ,subeɪ
su.de,su.de,sude,sude,sudeɪ,sudeɪ
su.ge,su.ge,suge,suge,sugeɪ,sugeɪ
su.fe,su.fe,sufe,sufe,sufeɪ,sufeɪ
su.se,su.se,suse,suse,suseɪ,suseɪ
su.ve,su.ve,suve,suve,suveɪ,suveɪ
su.ze,su.ze,suze,suze,suzeɪ,suzeɪ
su.ʃe,su.ʃe,suʃe,suʃe,suʃeɪ,suʃeɪ
su.ʒe,su.ʒe,suʒe,suʒe,suʒeɪ,suʒeɪ
su.θe,su.θe,suθe,suθe,suθeɪ,suθeɪ
su.ðe,su.ðe,suðe,suðe,suðeɪ,suðeɪ
su.he,su.he,suhe,suhe,suheɪ,suheɪ
su.mu,su.mu,sumu,sumu,sumu,sumu
su.nu,su.nu,sunu,sunu,sunu,sunu
su.pu,su.pu,supu,supu,supu,supu
su.tu,su.tu,sutu,sutu,sutu,sutu
su.ku,su.ku,suku,suku,suku,suku
su.bu,su.bu,subu,subu,subu,subu
su.du,su.du,sudu,sudu,sudu,sudu
su.gu,su.gu,sugu,sugu,sugu,sugu
su.fu,su.fu,sufu,sufu,sufu,sufu
su.su,su.su,susu,susu,susu,susu
su.vu,su.vu,suvu,suvu,suvu,suvu
su.zu,su.zu,suzu,suzu,suzu,suzu
su.ʃu,su.ʃu,suʃu,suʃu,suʃu,suʃu
su.ʒu,su.ʒu,suʒu,suʒu,suʒu,suʒu
su.θu,su.θu,suθu,suθu,suθu,suθu
su.ðu,su.ðu,suðu,suðu,suðu,suðu
su.hu,su.hu,suhu,suhu,suhu,suhu
su.mo,su.mo,sumo,sumo,sumoʊ,sumoʊ
su.no,su.no,suno,suno,sunoʊ,sunoʊ
su.po,su.po,supo,supo,supoʊ,supoʊ
su.to,su.to,suto,suto,sutoʊ,sutoʊ
su.ko,su.ko,suko,suko,sukoʊ,sukoʊ
su.bo,su.bo,subo,subo,suboʊ,suboʊ
su.do,su.do,sudo,sudo,sudoʊ,sudoʊ
su.go,su.go,sugo,sugo,sugoʊ,sugoʊ
su.fo,su.fo,sufo,sufo,sufoʊ,sufoʊ
su.so,su.so,suso,suso,susoʊ,susoʊ
su.vo,su.vo,suvo,suvo,suvoʊ,suvoʊ
su.zo,su.zo,suzo,suzo,suzoʊ,suzoʊ
su.ʃo,su.ʃo,suʃo,suʃo,suʃoʊ,suʃoʊ
su.ʒo,su.ʒo,suʒo,suʒo,suʒoʊ,suʒoʊ
su.θo,su.θo,suθo,suθo,suθoʊ,suθoʊ
su.ðo,su.ðo,suðo,suðo,suðoʊ,suðoʊ
su.ho,su.ho,suho,suho,suhoʊ,suhoʊ
vu.mi,vu.mi,vumi,vumi,vumi,vumi
vu.ni,vu.ni,vuni,vuni,vuni,vuni
vu.pi,vu.pi,vupi,vupi,vupi,vupi
vu.ti,vu.ti,vuti,vuti,vuti,vuti
vu.ki,vu.ki,vuki,vuki,vuki,vuki
vu.bi,vu.bi,vubi,vubi,vubi,vubi
vu.di,vu.di,vudi,vudi,vudi,vudi
vu.gi,vu.gi,vugi,vugi,vugi,vugi
vu.fi,vu.fi,vufi,vufi,vufi,vufi
vu.si,vu.si,vusi,vusi,vusi,vusi
vu.vi,vu.vi,vuvi,vuvi,vuvi,vuvi
vu.zi,vu.zi,vuzi,vuzi,vuzi,vuzi
vu.ʃi,vu.ʃi,vuʃi,vuʃi,vuʃi,vuʃi
vu.ʒi,vu.ʒi,vuʒi,vuʒi,vuʒi,vuʒi
vu.θi,vu.θi,vuθi,vuθi,vuθi,vuθi
vu.ði,vu.ði,vuði,vuði,vuði,vuði
vu.hi,vu.hi,vuhi,vuhi,vuhi,vuhi
vu.me,vu.me,vume,vume,vumeɪ,vumeɪ
vu.ne,vu.ne,vune,vune,vuneɪ,vuneɪ
vu.pe,vu.pe,vupe,vupe,vupeɪ,vupeɪ
vu.te,vu.te,vute,vute,vuteɪ,vuteɪ
vu.ke,vu.ke,vuke,vuke,vukeɪ,vukeɪ
vu.be,vu.be,vube,vube,vubeɪ,vubeɪ
vu.de,vu.de,vude,vude,vudeɪ,vudeɪ
vu.ge,vu.ge,vuge,vuge,vugeɪ,vugeɪ
vu.fe,vu.fe,vufe,vufe,vufeɪ,vufeɪ
vu.se,vu.se,vuse,vuse,vuseɪ,vuseɪ
vu.ve,vu.ve,vuve,vuve,vuveɪ,vuveɪ
vu.ze,vu.ze,vuze,vuze,vuzeɪ,vuzeɪ
vu.ʃe,vu.ʃe,vuʃe,vuʃe,vuʃeɪ,vuʃeɪ
vu.ʒe,vu.ʒe,vuʒe,vuʒe,vuʒeɪ,vuʒeɪ
vu.θe,vu.θe,vuθe,vuθe,vuθeɪ,vuθeɪ
vu.ðe,vu.ðe,vuðe,vuðe,vuðeɪ,vuðeɪ
vu.he,vu.he,vuhe,vuhe,vuheɪ,vuheɪ
vu.mu,vu.mu,vumu,vumu,vumu,vumu
vu.nu,vu.nu,vunu,vunu,vunu,vunu
vu.pu,vu.pu,vupu,vupu,vupu,vupu
vu.tu,vu.tu,vutu,vutu,vutu,vutu
vu.ku,vu.ku,vuku,vuku,vuku,vuku
vu.bu,vu.bu,vubu,vubu,vubu,vubu
vu.du,vu.du,vudu,vudu,vudu,vudu
vu.gu,vu.gu,vugu,vugu,vugu,vugu
vu.fu,vu.fu,vufu,vufu,vufu,vufu
vu.su,vu.su,vusu,vusu,vusu,vusu
vu.vu,vu.vu,vuvu,vuvu,vuvu,vuvu
vu.zu,vu.zu,vuzu,vuzu,vuzu,vuzu
vu.ʃu,vu.ʃu,vuʃu,vuʃu,vuʃu,vuʃu
vu.ʒu,vu.ʒu,vuʒu,vuʒu,vuʒu,vuʒu
vu.θu,vu.θu,vuθu,vuθu,vuθu,vuθu
vu.ðu,vu.ðu,vuðu,vuðu,vuðu,vuðu
vu.hu,vu.hu,vuhu,vuhu,vuhu,vuhu
vu.mo,vu.mo,vumo,vumo,vumoʊ,vumoʊ
vu.no,vu.no,vuno,vuno,vunoʊ,vunoʊ
vu.po,vu.po,vupo,vupo,vupoʊ,vupoʊ
vu.to,vu.to,vuto,vuto,vutoʊ,vutoʊ
vu.ko,vu.ko,vuko,vuko,vukoʊ,vukoʊ
vu.bo,vu.bo,vubo,vubo,vuboʊ,vuboʊ
vu.do,vu.do,vudo,vudo,vudoʊ,vudoʊ
vu.go,vu.go,vugo,vugo,vugoʊ,vugoʊ
vu.fo,vu.fo,vufo,vufo,vufoʊ,vufoʊ
vu.so,vu.so,vuso,vuso,vusoʊ,vusoʊ
vu.vo,vu.vo,vuvo,vuvo,vuvoʊ,vuvoʊ
vu.zo,vu.zo,vuzo,vuzo,vuzoʊ,vuzoʊ
vu.ʃo,vu.ʃo,vuʃo,vuʃo,vuʃoʊ,vuʃoʊ
vu.ʒo,vu.ʒo,vuʒo,vuʒo,vuʒoʊ,vuʒoʊ
vu.θo,vu.θo,vuθo,vuθo,vuθoʊ,vuθoʊ
vu.ðo,vu.ðo,vuðo,vuðo,vuðoʊ,vuðoʊ
vu.ho,vu.ho,vuho,vuho,vuhoʊ,vuhoʊ
zu.mi,zu.mi,zumi,zumi,zumi,zumi
zu.ni,zu.ni,zuni,zuni,zuni,zuni
zu.pi,zu.pi,zupi,zupi,zupi,zupi
zu.ti,zu.ti,zuti,zuti,zuti,zuti
zu.ki,zu.ki,zuki,zuki,zuki,zuki
zu.bi,zu.bi,zubi,zubi,zubi,zubi
zu.di,zu.di,zudi,zudi,zudi,zudi
zu.gi,zu.gi,zugi,zugi,zugi,zugi
zu.fi,zu.fi,zufi,zufi,zufi,zufi
zu.si,zu.si,zusi,zusi,zusi,zusi
zu.vi,zu.vi,zuvi,zuvi,zuvi,zuvi
zu.zi,zu.zi,zuzi,zuzi,zuzi,zuzi
zu.ʃi,zu.ʃi,zuʃi,zuʃi,zuʃi,zuʃi
zu.ʒi,zu.ʒi,zuʒi,zuʒi,zuʒi,zuʒi
zu.θi,zu.θi,zuθi,zuθi,zuθi,zuθi
zu.ði,zu.ði,zuði,zuði,zuði,zuði
zu.hi,zu.hi,zuhi,zuhi,zuhi,zuhi
zu.me,zu.me,zume,zume,zumeɪ,zumeɪ
zu.ne,zu.ne,zune,zune,zuneɪ,zuneɪ
zu.pe,zu.pe,zupe,zupe,zupeɪ,zupeɪ
zu.te,zu.te,zute,zute,zuteɪ,zuteɪ
zu.ke,zu.ke,zuke,zuke,zukeɪ,zukeɪ
zu.be,zu.be,zube,zube,zubeɪ,zubeɪ
zu.de,zu.de,zude,zude,zudeɪ,zudeɪ
zu.ge,zu.ge,zuge,zuge,zugeɪ,zugeɪ
zu.fe,zu.fe,zufe,zufe,zufeɪ,zufeɪ
zu.se,zu.se,zuse,zuse,zuseɪ,zuseɪ
zu.ve,zu.ve,zuve,zuve,zuveɪ,zuveɪ
zu.ze,zu.ze,zuze,zuze,zuzeɪ,zuzeɪ
zu.ʃe,zu.ʃe,zuʃe,zuʃe,zuʃeɪ,zuʃeɪ
zu.ʒe,zu.ʒe,zuʒe,zuʒe,zuʒeɪ,zuʒeɪ
zu.θe,zu.θe,zuθe,zuθe,zuθeɪ,zuθeɪ
zu.ðe,zu.ðe,zuðe,zuðe,zuðeɪ,zuðeɪ
zu.he,zu.he,zuhe,zuhe,zuheɪ,zuheɪ
zu.mu,zu.mu,zumu,zumu,zumu,zumu
zu.nu,zu.nu,zunu,zunu,zunu,zunu
zu.pu,zu.pu,zupu,zupu,zupu,zupu
zu.tu,zu.tu,zutu,zutu,zutu,zutu
zu.ku,zu.ku,zuku,zuku,zuku,zuku
zu.bu,zu.bu,zubu,zubu,zubu,zubu
zu.du,zu.du,zudu,zudu,zudu,zudu
zu.gu,zu.gu,zugu,zugu,zugu,zugu
zu.fu,zu.fu,zufu,zufu,zufu,zufu
zu.su,zu.su,zusu,zusu,zusu,zusu
zu.vu,zu.vu,zuvu,zuvu,zuvu,zuvu
zu.zu,zu.zu,zuzu,zuzu,zuzu,zuzu
zu.ʃu,zu.ʃu,zuʃu,zuʃu,zuʃu,zuʃu
zu.ʒu,zu.ʒu,zuʒu,zuʒu,zuʒu,zuʒu
zu.θu,zu.θu,zuθu,zuθu,zuθu,zuθu
zu.ðu,zu.ðu,zuðu,zuðu,zuðu,zuðu
zu.hu,zu.hu,zuhu,zuhu,zuhu,zuhu
zu.mo,zu.mo,zumo,zumo,zumoʊ,zumoʊ
zu.no,zu.no,zuno,zuno,zunoʊ,zunoʊ
zu.po,zu.po,zupo,zupo,zupoʊ,zupoʊ
zu.to,zu.to,zuto,zuto,zutoʊ,zutoʊ
zu.ko,zu.ko,zuko,zuko,zukoʊ,zukoʊ
zu.bo,zu.bo,zubo,zubo,zuboʊ,zuboʊ
zu.do,zu.do,zudo,zudo,zudoʊ,zudoʊ
zu.go,zu.go,zugo,zugo,zugoʊ,zugoʊ
zu.fo,zu.fo,zufo,zufo,zufoʊ,zufoʊ
zu.so,zu.so,zuso,zuso,zusoʊ,zusoʊ
zu.vo,zu.vo,zuvo,zuvo,zuvoʊ,zuvoʊ
zu.zo,zu.zo,zuzo,zuzo,zuzoʊ,zuzoʊ
zu.ʃo,zu.ʃo,zuʃo,zuʃo,zuʃoʊ,zuʃoʊ
zu.ʒo,zu.ʒo,zuʒo,zuʒo,zuʒoʊ,zuʒoʊ
zu.θo,zu.θo,zuθo,zuθo,zuθoʊ,zuθoʊ
zu.ðo,zu.ðo,zuðo,zuðo,zuðoʊ,zuðoʊ
zu.ho,zu.ho,zuho,zuho,zuhoʊ,zuhoʊ
ʃu.mi,ʃu.mi,ʃumi,ʃumi,ʃumi,ʃumi
ʃu.ni,ʃu.ni,ʃuni,ʃuni,ʃuni,ʃuni
ʃu.pi,ʃu.pi,ʃupi,ʃupi,ʃupi,ʃupi
ʃu.ti,ʃu.ti,ʃuti,ʃuti,ʃuti,ʃuti
ʃu.ki,ʃu.ki,ʃuki,ʃuki,ʃuki,ʃuki
ʃu.bi,ʃu.bi,ʃubi,ʃubi,ʃubi,ʃubi
ʃu.di,ʃu.di,ʃudi,ʃudi,ʃudi,ʃudi
ʃu.gi,ʃu.gi,ʃugi,ʃugi,ʃugi,ʃugi
ʃu.fi,ʃu.fi,ʃufi,ʃufi,ʃufi,ʃufi
ʃu.si,ʃu.si,ʃusi,ʃusi,ʃusi,ʃusi
ʃu.vi,ʃu.vi,ʃuvi,ʃuvi,ʃuvi,ʃuvi
ʃu.zi,ʃu.zi,ʃuzi,ʃuzi,ʃuzi,ʃuzi
ʃu.ʃi,ʃu.ʃi,ʃuʃi,ʃuʃi,ʃuʃi,ʃuʃi
ʃu.ʒi,ʃu.ʒi,ʃuʒi,ʃuʒi,ʃuʒi,ʃuʒi
ʃu.θi,ʃu.θi,ʃuθi,ʃuθi,ʃuθi,ʃuθi
ʃu.ði,ʃu.ði,ʃuði,ʃuði,ʃuði,ʃuði
ʃu.hi,ʃu.hi,ʃuhi,ʃuhi,ʃuhi,ʃuhi
ʃu.me,ʃu.me,ʃume,ʃume,ʃumeɪ,ʃumeɪ
ʃu.ne,ʃu.ne,ʃune,ʃune,ʃuneɪ,ʃuneɪ
ʃu.pe,ʃu.pe,ʃupe,ʃupe,ʃupeɪ,ʃupeɪ
ʃu.te,ʃu.te,ʃute,ʃute,ʃuteɪ,ʃuteɪ
ʃu.ke,ʃu.ke,ʃuke,ʃuke,ʃukeɪ,ʃukeɪ
ʃu.be,ʃu.be,ʃube,ʃube,ʃubeɪ,ʃubeɪ
ʃu.de,ʃu.de,ʃude,ʃude,ʃudeɪ,ʃudeɪ
ʃu.ge,ʃu.ge,ʃuge,ʃuge,ʃugeɪ,ʃugeɪ
ʃu.fe,ʃu.fe,ʃufe,ʃufe,ʃufeɪ,ʃufeɪ
ʃu.se,ʃu.se,ʃuse,ʃuse,ʃuseɪ,ʃuseɪ
ʃu.ve,ʃu.ve,ʃuve,ʃuve,ʃuveɪ,ʃuveɪ
ʃu.ze,ʃu.ze,ʃuze,ʃuze,ʃuzeɪ,ʃuzeɪ
ʃu.ʃe,ʃu.ʃe,ʃuʃe,ʃuʃe,ʃuʃeɪ,ʃuʃeɪ
ʃu.ʒe,ʃu.ʒe,ʃuʒe,ʃuʒe,ʃuʒeɪ,ʃuʒeɪ
ʃu.θe,ʃu.θe,ʃuθe,ʃuθe,ʃuθeɪ,ʃuθeɪ
ʃu.ðe,ʃu.ðe,ʃuðe,ʃuðe,ʃuðeɪ,ʃuðeɪ
ʃu.he,ʃu.he,ʃuhe,ʃuhe,ʃuheɪ,ʃuheɪ
ʃu.mu,ʃu.mu,ʃumu,ʃumu,ʃumu,ʃumu
ʃu.nu,ʃu.nu,ʃunu,ʃunu,ʃunu,ʃunu
ʃu.pu,ʃu.pu,ʃupu,ʃupu,ʃupu,ʃupu
ʃu.tu,ʃu.tu,ʃutu,ʃutu,ʃutu,ʃutu
ʃu.ku,ʃu.ku,ʃuku,ʃuku,ʃuku,ʃuku
ʃu.bu,ʃu.bu,ʃubu,ʃubu,ʃubu,ʃubu
ʃu.du,ʃu.du,ʃudu,ʃudu,ʃudu,ʃudu
ʃu.gu,ʃu.gu,ʃugu,ʃugu,ʃugu,ʃugu
ʃu.fu,ʃu.fu,ʃufu,ʃufu,ʃufu,ʃufu
ʃu.su,ʃu.su,ʃusu,ʃusu,ʃusu,ʃusu
ʃu.vu,ʃu.vu,ʃuvu,ʃuvu,ʃuvu,ʃuvu
ʃu.zu,ʃu.zu,ʃuzu,ʃuzu,ʃuzu,ʃuzu
ʃu.ʃu,ʃu.ʃu,ʃuʃu,ʃuʃu,ʃuʃu,ʃuʃu
ʃu.ʒu,ʃu.ʒu,ʃuʒu,ʃuʒu,ʃuʒu,ʃuʒu
ʃu.θu,ʃu.θu,ʃuθu,ʃuθu,ʃuθu,ʃuθu
ʃu.ðu,ʃu.ðu,ʃuðu,ʃuðu,ʃuðu,ʃuðu
ʃu.hu,ʃu.hu,ʃuhu,ʃuhu,ʃuhu,ʃuhu
ʃu.mo,ʃu.mo,ʃumo,ʃumo,ʃumoʊ,ʃumoʊ
ʃu.no,ʃu.no,ʃuno,ʃuno,ʃunoʊ,ʃunoʊ
ʃu.po,ʃu.po,ʃupo,ʃupo,ʃupoʊ,ʃupoʊ
ʃu.to,ʃu.to,ʃuto,ʃuto,ʃutoʊ,ʃutoʊ
ʃu.ko,ʃu.ko,ʃuko,ʃuko,ʃukoʊ,ʃukoʊ
ʃu.bo,ʃu.bo,ʃubo,ʃubo,ʃuboʊ,ʃuboʊ
ʃu.do,ʃu.do,ʃudo,ʃudo,ʃudoʊ,ʃudoʊ
ʃu.go,ʃu.go,ʃugo,ʃugo,ʃugoʊ,ʃugoʊ
ʃu.fo,ʃu.fo,ʃufo,ʃufo,ʃufoʊ,ʃufoʊ
ʃu.so,ʃu.so,ʃuso,ʃuso,ʃusoʊ,ʃusoʊ
ʃu.vo,ʃu.vo,ʃuvo,ʃuvo,ʃuvoʊ,ʃuvoʊ
ʃu.zo,ʃu.zo,ʃuzo,ʃuzo,ʃuzoʊ,ʃuzoʊ
ʃu.ʃo,ʃu.ʃo,ʃuʃo,ʃuʃo,ʃuʃoʊ,ʃuʃoʊ
ʃu.ʒo,ʃu.ʒo,ʃuʒo,ʃuʒo,ʃuʒoʊ,ʃuʒoʊ
ʃu.θo,ʃu.θo,ʃuθo,ʃuθo,ʃuθoʊ,ʃuθoʊ
ʃu.ðo,ʃu.ðo,ʃuðo,ʃuðo,ʃuðoʊ,ʃuðoʊ
ʃu.ho,ʃu.ho,ʃuho,ʃuho,ʃuhoʊ,ʃuhoʊ
ʒu.mi,ʒu.mi,ʒumi,ʒumi,ʒumi,ʒumi
ʒu.ni,ʒu.ni,ʒuni,ʒuni,ʒuni,ʒuni
ʒu.pi,ʒu.pi,ʒupi,ʒupi,ʒupi,ʒupi
ʒu.ti,ʒu.ti,ʒuti,ʒuti,ʒuti,ʒuti
ʒu.ki,ʒu.ki,ʒuki,ʒuki,ʒuki,ʒuki
ʒu.bi,ʒu.bi,ʒubi,ʒubi,ʒubi,ʒubi
ʒu.di,ʒu.di,ʒudi,ʒudi,ʒudi,ʒudi
ʒu.gi,ʒu.gi,ʒugi,ʒugi,ʒugi,ʒugi
ʒu.fi,ʒu.fi,ʒufi,ʒufi,ʒufi,ʒufi
ʒu.si,ʒu.si,ʒusi,ʒusi,ʒusi,ʒusi
ʒu.vi,ʒu.vi,ʒuvi,ʒuvi,ʒuvi,ʒuvi
ʒu.zi,ʒu.zi,ʒuzi,ʒuzi,ʒuzi,ʒuzi
ʒu.ʃi,ʒu.ʃi,ʒuʃi,ʒuʃi,ʒuʃi,ʒuʃi
ʒu.ʒi,ʒu.ʒi,ʒuʒi,ʒuʒi,ʒuʒi,ʒuʒi
ʒu.θi,ʒu.θi,ʒuθi,ʒuθi,ʒuθi,ʒuθi
ʒu.ði,ʒu.ði,ʒuði,ʒuði,ʒuði,ʒuði
ʒu.hi,ʒu.hi,ʒuhi,ʒuhi,ʒuhi,ʒuhi
ʒu.me,ʒu.me,ʒume,ʒume,ʒumeɪ,ʒumeɪ
ʒu.ne,ʒu.ne,ʒune,ʒune,ʒuneɪ,ʒuneɪ
ʒu.pe,ʒu.pe,ʒupe,ʒupe,ʒupeɪ,ʒupeɪ
ʒu.te,ʒu.te,ʒute,ʒute,ʒuteɪ,ʒuteɪ
ʒu.ke,ʒu.ke,ʒuke,ʒuke,ʒukeɪ,ʒukeɪ
ʒu.be,ʒu.be,ʒube,ʒube,ʒubeɪ,ʒubeɪ
ʒu.de,ʒu.de,ʒude,ʒude,ʒudeɪ,ʒudeɪ
ʒu.ge,ʒu.ge,ʒuge,ʒuge,ʒugeɪ,ʒugeɪ
ʒu.fe,ʒu.fe,ʒufe,ʒufe,ʒufeɪ,ʒufeɪ
ʒu.se,ʒu.se,ʒuse,ʒuse,ʒuseɪ,ʒuseɪ
ʒu.ve,ʒu.ve,ʒuve,ʒuve,ʒuveɪ,ʒuveɪ
ʒu.ze,ʒu.ze,ʒuze,ʒuze,ʒuzeɪ,ʒuzeɪ
ʒu.ʃe,ʒu.ʃe,ʒuʃe,ʒuʃe,ʒuʃeɪ,ʒuʃeɪ
ʒu.ʒe,ʒu.ʒe,ʒuʒe,ʒuʒe,ʒuʒeɪ,ʒuʒeɪ
ʒu.θe,ʒu.θe,ʒuθe,ʒuθe,ʒuθeɪ,ʒuθeɪ
ʒu.ðe,ʒu.ðe,ʒuðe,ʒuðe,ʒuðeɪ,ʒuðeɪ
ʒu.he,ʒu.he,ʒuhe,ʒuhe,ʒuheɪ,ʒuheɪ
ʒu.mu,ʒu.mu,ʒumu,ʒumu,ʒumu,ʒumu
ʒu.nu,ʒu.nu,ʒunu,ʒunu,ʒunu,ʒunu
ʒu.pu,ʒu.pu,ʒupu,ʒupu,ʒupu,ʒupu
ʒu.tu,ʒu.tu,ʒutu,ʒutu,ʒutu,ʒutu
ʒu.ku,ʒu.ku,ʒuku,ʒuku,ʒuku,ʒuku
ʒu.bu,ʒu.bu,ʒubu,ʒubu,ʒubu,ʒubu
ʒu.du,ʒu.du,ʒudu,ʒudu,ʒudu,ʒudu
ʒu.gu,ʒu.gu,ʒugu,ʒugu,ʒugu,ʒugu
ʒu.fu,ʒu.fu,ʒufu,ʒufu,ʒufu,ʒufu
ʒu.su,ʒu.su,ʒusu,ʒusu,ʒusu,ʒusu
ʒu.vu,ʒu.vu,ʒuvu,ʒuvu,ʒuvu,ʒuvu
ʒu.zu,ʒu.zu,ʒuzu,ʒuzu,ʒuzu,ʒuzu
ʒu.ʃu,ʒu.ʃu,ʒuʃu,ʒuʃu,ʒuʃu,ʒuʃu
ʒu.ʒu,ʒu.ʒu,ʒuʒu,ʒuʒu,ʒuʒu,ʒuʒu
ʒu.θu,ʒu.θu,ʒuθu,ʒuθu,ʒuθu,ʒuθu
ʒu.ðu,ʒu.ðu,ʒuðu,ʒuðu,ʒuðu,ʒuðu
ʒu.hu,ʒu.hu,ʒuhu,ʒuhu,ʒuhu,ʒuhu
ʒu.mo,ʒu.mo,ʒumo,ʒumo,ʒumoʊ,ʒumoʊ
ʒu.no,ʒu.no,ʒuno,ʒuno,ʒunoʊ,ʒunoʊ
ʒu.po,ʒu.po,ʒupo,ʒupo,ʒupoʊ,ʒupoʊ
ʒu.to,ʒu.to,ʒuto,ʒuto,ʒutoʊ,ʒutoʊ
ʒu.ko,ʒu.ko,ʒuko,ʒuko,ʒukoʊ,ʒukoʊ
ʒu.bo,ʒu.bo,ʒubo,ʒubo,ʒuboʊ,ʒuboʊ
ʒu.do,ʒu.do,ʒudo,ʒudo,ʒudoʊ,ʒudoʊ
ʒu.go,ʒu.go,ʒugo,ʒugo,ʒugoʊ,ʒugoʊ
ʒu.fo,ʒu.fo,ʒufo,ʒufo,ʒufoʊ,ʒufoʊ
ʒu.so,ʒu.so,ʒuso,ʒuso,ʒusoʊ,ʒusoʊ
ʒu.vo,ʒu.vo,ʒuvo,ʒuvo,ʒuvoʊ,ʒuvoʊ
ʒu.zo,ʒu.zo,ʒuzo,ʒuzo,ʒuzoʊ,ʒuzoʊ
ʒu.ʃo,ʒu.ʃo,ʒuʃo,ʒuʃo,ʒuʃoʊ,ʒuʃoʊ
ʒu.ʒo,ʒu.ʒo,ʒuʒo,ʒuʒo,ʒuʒoʊ,ʒuʒoʊ
ʒu.θo,ʒu.θo,ʒuθo,ʒuθo,ʒuθoʊ,ʒuθoʊ
ʒu.ðo,ʒu.ðo,ʒuðo,ʒuðo,ʒuðoʊ,ʒuðoʊ
ʒu.ho,ʒu.ho,ʒuho,ʒuho,ʒuhoʊ,ʒuhoʊ
θu.mi,θu.mi,θumi,θumi,θumi,θumi
θu.ni,θu.ni,θuni,θuni,θuni,θuni
θu.pi,θu.pi,θupi,θupi,θupi,θupi
θu.ti,θu.ti,θuti,θuti,θuti,θuti
θu.ki,θu.ki,θuki,θuki,θuki,θuki
θu.bi,θu.bi,θubi,θubi,θubi,θubi
θu.di,θu.di,θudi,θudi,θudi,θudi
θu.gi,θu.gi,θugi,θugi,θugi,θugi
θu.fi,θu.fi,θufi,θufi,θufi,θufi
θu.si,θu.si,θusi,θusi,θusi,θusi
θu.vi,θu.vi,θuvi,θuvi,θuvi,θuvi
θu.zi,θu.zi,θuzi,θuzi,θuzi,θuzi
θu.ʃi,θu.ʃi,θuʃi,θuʃi,θuʃi,θuʃi
θu.ʒi,θu.ʒi,θuʒi,θuʒi,θuʒi,θuʒi
θu.θi,θu.θi,θuθi,θuθi,θuθi,θuθi
θu.ði,θu.ði,θuði,θuði,θuði,θuði
θu.hi,θu.hi,θuhi,θuhi,θuhi,θuhi
θu.me,θu.me,θume,θume,θumeɪ,θumeɪ
θu.ne,θu.ne,θune,θune,θuneɪ,θuneɪ
θu.pe,θu.pe,θupe,θupe,θupeɪ,θupeɪ
θu.te,θu.te,θute,θute,θuteɪ,θuteɪ
θu.ke,θu.ke,θuke,θuke,θukeɪ,θukeɪ
θu.be,θu.be,θube,θube,θubeɪ,θubeɪ
θu.de,θu.de,θude,θude,θudeɪ,θudeɪ
θu.ge,θu.ge,θuge,θuge,θugeɪ,θugeɪ
θu.fe,θu.fe,θufe,θufe,θufeɪ,θufeɪ
θu.se,θu.se,θuse,θuse,θuseɪ,θuseɪ
θu.ve,θu.ve,θuve,θuve,θuveɪ,θuveɪ
θu.ze,θu.ze,θuze,θuze,θuzeɪ,θuzeɪ
θu.ʃe,θu.ʃe,θuʃe,θuʃe,θuʃeɪ,θuʃeɪ
θu.ʒe,θu.ʒe,θuʒe,θuʒe,θuʒeɪ,θuʒeɪ
θu.θe,θu.θe,θuθe,θuθe,θuθeɪ,θuθeɪ
θu.ðe,θu.ðe,θuðe,θuðe,θuðeɪ,θuðeɪ
θu.he,θu.he,θuhe,θuhe,θuheɪ,θuheɪ
θu.mu,θu.mu,θumu,θumu,θumu,θumu
θu.nu,θu.nu,θunu,θunu,θunu,θunu
θu.pu,θu.pu,θupu,θupu,θupu,θupu
θu.tu,θu.tu,θutu,θutu,θutu,θutu
θu.ku,θu.ku,θuku,θuku,θuku,θuku
θu.bu,θu.bu,θubu,θubu,θubu,θubu
θu.du,θu.du,θudu,θudu,θudu,θudu
θu.gu,θu.gu,θugu,θugu,θugu,θugu
θu.fu,θu.fu,θufu,θufu,θufu,θufu
θu.su,θu.su,θusu,θusu,θusu,θusu
θu.vu,θu.vu,θuvu,θuvu,θuvu,θuvu
θu.zu,θu.zu,θuzu,θuzu,θuzu,θuzu
θu.ʃu,θu.ʃu,θuʃu,θuʃu,θuʃu,θuʃu
θu.ʒu,θu.ʒu,θuʒu,θuʒu,θuʒu,θuʒu
θu.θu,θu.θu,θuθu,θuθu,θuθu,θuθu
θu.ðu,θu.ðu,θuðu,θuðu,θuðu,θuðu
θu.hu,θu.hu,θuhu,θuhu,θuhu,θuhu
θu.mo,θu.mo,θumo,θumo,θumoʊ,θumoʊ
θu.no,θu.no,θuno,θuno,θunoʊ,θunoʊ
θu.po,θu.po,θupo,θupo,θupoʊ,θupoʊ
θu.to,θu.to,θuto,θuto,θutoʊ,θutoʊ
θu.ko,θu.ko,θuko,θuko,θukoʊ,θukoʊ
θu.bo,θu.bo,θubo,θubo,θuboʊ,θuboʊ
θu.do,θu.do,θudo,θudo,θudoʊ,θudoʊ
θu.go,θu.go,θugo,θugo,θugoʊ,θugoʊ
θu.fo,θu.fo,θufo,θufo,θufoʊ,θufoʊ
θu.so,θu.so,θuso,θuso,θusoʊ,θusoʊ
θu.vo,θu.vo,θuvo,θuvo,θuvoʊ,θuvoʊ
θu.zo,θu.zo,θuzo,θuzo,θuzoʊ,θuzoʊ
θu.ʃo,θu.ʃo,θuʃo,θuʃo,θuʃoʊ,θuʃoʊ
θu.ʒo,θu.ʒo,θuʒo,θuʒo,θuʒoʊ,θuʒoʊ
θu.θo,θu.θo,θuθo,θuθo,θuθoʊ,θuθoʊ
θu.ðo,θu.ðo,θuðo,θuðo,θuðoʊ,θuðoʊ
θu.ho,θu.ho,θuho,θuho,θuhoʊ,θuhoʊ
ðu.mi,ðu.mi,ðumi,ðumi,ðumi,ðumi
ðu.ni,ðu.ni,ðuni,ðuni,ðuni,ðuni
ðu.pi,ðu.pi,ðupi,ðupi,ðupi,ðupi
ðu.ti,ðu.ti,ðuti,ðuti,ðuti,ðuti
ðu.ki,ðu.ki,ðuki,ðuki,ðuki,ðuki
ðu.bi,ðu.bi,ðubi,ðubi,ðubi,ðubi
ðu.di,ðu.di,ðudi,ðudi,ðudi,ðudi
ðu.gi,ðu.gi,ðugi,ðugi,ðugi,ðugi
ðu.fi,ðu.fi,ðufi,ðufi,ðufi,ðufi
ðu.si,ðu.si,ðusi,ðusi,ðusi,ðusi
ðu.vi,ðu.vi,ðuvi,ðuvi,ðuvi,ðuvi
ðu.zi,ðu.zi,ðuzi,ðuzi,ðuzi,ðuzi
ðu.ʃi,ðu.ʃi,ðuʃi,ðuʃi,ðuʃi,ðuʃi
ðu.ʒi,ðu.ʒi,ðuʒi,ðuʒi,ðuʒi,ðuʒi
ðu.θi,ðu.θi,ðuθi,ðuθi,ðuθi,ðuθi
ðu.ði,ðu.ði,ðuði,ðuði,ðuði,ðuði
ðu.hi,ðu.hi,ðuhi,ðuhi,ðuhi,ðuhi
ðu.me,ðu.me,ðume,ðume,ðumeɪ,ðumeɪ
ðu.ne,ðu.ne,ðune,ðune,ðuneɪ,ðuneɪ
ðu.pe,ðu.pe,ðupe,ðupe,ðupeɪ,ðupeɪ
ðu.te,ðu.te,ðute,ðute,ðuteɪ,ðuteɪ
ðu.ke,ðu.ke,ðuke,ðuke,ðukeɪ,ðukeɪ
ðu.be,ðu.be,ðube,ðube,ðubeɪ,ðubeɪ
ðu.de,ðu.de,ðude,ðude,ðudeɪ,ðudeɪ
ðu.ge,ðu.ge,ðuge,ðuge,ðugeɪ,ðugeɪ
ðu.fe,ðu.fe,ðufe,ðufe,ðufeɪ,ðufeɪ
ðu.se,ðu.se,ðuse,ðuse,ðuseɪ,ðuseɪ
ðu.ve,ðu.ve,ðuve,ðuve,ðuveɪ,ðuveɪ
ðu.ze,ðu.ze,ðuze,ðuze,ðuzeɪ,ðuzeɪ
ðu.ʃe,ðu.ʃe,ðuʃe,ðuʃe,ðuʃeɪ,ðuʃeɪ
ðu.ʒe,ðu.ʒe,ðuʒe,ðuʒe,ðuʒeɪ,ðuʒeɪ
ðu.θe,ðu.θe,ðuθe,ðuθe,ðuθeɪ,ðuθeɪ
ðu.ðe,ðu.ðe,ðuðe,ðuðe,ðuðeɪ,ðuðeɪ
ðu.he,ðu.he,ðuhe,ðuhe,ðuheɪ,ðuheɪ
ðu.mu,ðu.mu,ðumu,ðumu,ðumu,ðumu
ðu.nu,ðu.nu,ðunu,ðunu,ðunu,ðunu
ðu.pu,ðu.pu,ðupu,ðupu,ðupu,ðupu
ðu.tu,ðu.tu,ðutu,ðutu,ðutu,ðutu
ðu.ku,ðu.ku,ðuku,ðuku,ðuku,ðuku
ðu.bu,ðu.bu,ðubu,ðubu,ðubu,ðubu
ðu.du,ðu.du,ðudu,ðudu,ðudu,ðudu
ðu.gu,ðu.gu,ðugu,ðugu,ðugu,ðugu
ðu.fu,ðu.fu,ðufu,ðufu,ðufu,ðufu
ðu.su,ðu.su,ðusu,ðusu,ðusu,ðusu
ðu.vu,ðu.vu,ðuvu,ðuvu,ðuvu,ðuvu
ðu.zu,ðu.zu,ðuzu,ðuzu,ðuzu,ðuzu
ðu.ʃu,ðu.ʃu,ðuʃu,ðuʃu,ðuʃu,ðuʃu
ðu.ʒu,ðu.ʒu,ðuʒu,ðuʒu,ðuʒu,ðuʒu
ðu.θu,ðu.θu,ðuθu,ðuθu,ðuθu,ðuθu
ðu.ðu,ðu.ðu,ðuðu,ðuðu,ðuðu,ðuðu
ðu.hu,ðu.hu,ðuhu,ðuhu,ðuhu,ðuhu
ðu.mo,ðu.mo,ðumo,ðumo,ðumoʊ,ðumoʊ
ðu.no,ðu.no,ðuno,ðuno,ðunoʊ,ðunoʊ
ðu.po,ðu.po,ðupo,ðupo,ðupoʊ,ðupoʊ
ðu.to,ðu.to,ðuto,ðuto,ðutoʊ,ðutoʊ
ðu.ko,ðu.ko,ðuko,ðuko,ðukoʊ,ðukoʊ
ðu.bo,ðu.bo,ðubo,ðubo,ðuboʊ,ðuboʊ
ðu.do,ðu.do,ðudo,ðudo,ðudoʊ,ðudoʊ
ðu.go,ðu.go,ðugo,ðugo,ðugoʊ,ðugoʊ
ðu.fo,ðu.fo,ðufo,ðufo,ðufoʊ,ðufoʊ
ðu.so,ðu.so,ðuso,ðuso,ðusoʊ,ðusoʊ
ðu.vo,ðu.vo,ðuvo,ðuvo,ðuvoʊ,ðuvoʊ
ðu.zo,ðu.zo,ðuzo,ðuzo,ðuzoʊ,ðuzoʊ
ðu.ʃo,ðu.ʃo,ðuʃo,ðuʃo,ðuʃoʊ,ðuʃoʊ
ðu.ʒo,ðu.ʒo,ðuʒo,ðuʒo,ðuʒoʊ,ðuʒoʊ
ðu.θo,ðu.θo,ðuθo,ðuθo,ðuθoʊ,ðuθoʊ
ðu.ðo,ðu.ðo,ðuðo,ðuðo,ðuðoʊ,ðuðoʊ
ðu.ho,ðu.ho,ðuho,ðuho,ðuhoʊ,ðuhoʊ
hu.mi,hu.mi,humi,humi,humi,humi
hu.ni,hu.ni,huni,huni,huni,huni
hu.pi,hu.pi,hupi,hupi,hupi,hupi
hu.ti,hu.ti,huti,huti,huti,huti
hu.ki,hu.ki,huki,huki,huki,huki
hu.bi,hu.bi,hubi,hubi,hubi,hubi
hu.di,hu.di,hudi,hudi,hudi,hudi
hu.gi,hu.gi,hugi,hugi,hugi,hugi
hu.fi,hu.fi,hufi,hufi,hufi,hufi
hu.si,hu.si,husi,husi,husi,husi
hu.vi,hu.vi,huvi,huvi,huvi,huvi
hu.zi,hu.zi,huzi,huzi,huzi,huzi
hu.ʃi,hu.ʃi,huʃi,huʃi,huʃi,huʃi
hu.ʒi,hu.ʒi,huʒi,huʒi,huʒi,huʒi
hu.θi,hu.θi,huθi,huθi,huθi,huθi
hu.ði,hu.ði,huði,huði,huði,huði
hu.hi,hu.hi,huhi,huhi,huhi,huhi
hu.me,hu.me,hume,hume,humeɪ,humeɪ
hu.ne,hu.ne,hune,hune,huneɪ,huneɪ
hu.pe,hu.pe,hupe,hupe,hupeɪ,hupeɪ
hu.te,hu.te,hute,hute,huteɪ,huteɪ
hu.ke,hu.ke,huke,huke,hukeɪ,hukeɪ
hu.be,hu.be,hube,hube,hubeɪ,hubeɪ
hu.de,hu.de,hude,hude,hudeɪ,hudeɪ
hu.ge,hu.ge,huge,huge,hugeɪ,hugeɪ
hu.fe,hu.fe,hufe,hufe,hufeɪ,hufeɪ
hu.se,hu.se,huse,huse,huseɪ,huseɪ
hu.ve,hu.ve,huve,huve,huveɪ,huveɪ
hu.ze,hu.ze,huze,huze,huzeɪ,huzeɪ
hu.ʃe,hu.ʃe,huʃe,huʃe,huʃeɪ,huʃeɪ
hu.ʒe,hu.ʒe,huʒe,huʒe,huʒeɪ,huʒeɪ
hu.θe,hu.θe,huθe,huθe,huθeɪ,huθeɪ
hu.ðe,hu.ðe,huðe,huðe,huðeɪ,huðeɪ
hu.he,hu.he,huhe,huhe,huheɪ,huheɪ
hu.mu,hu.mu,humu,humu,humu,humu
hu.nu,hu.nu,hunu,hunu,hunu,hunu
hu.pu,hu.pu,hupu,hupu,hupu,hupu
hu.tu,hu.tu,hutu,hutu,hutu,hutu
hu.ku,hu.ku,huku,huku,huku,huku
hu.bu,hu.bu,hubu,hubu,hubu,hubu
hu.du,hu.du,hudu,hudu,hudu,hudu
hu.gu,hu.gu,hugu,hugu,hugu,hugu
hu.fu,hu.fu,hufu,hufu,hufu,hufu
hu.su,hu.su,husu,husu,husu,husu
hu.vu,hu.vu,huvu,huvu,huvu,huvu
hu.zu,hu.zu,huzu,huzu,huzu,huzu
hu.ʃu,hu.ʃu,huʃu,huʃu,huʃu,huʃu
hu.ʒu,hu.ʒu,huʒu,huʒu,huʒu,huʒu
hu.θu,hu.θu,huθu,huθu,huθu,huθu
hu.ðu,hu.ðu,huðu,huðu,huðu,huðu
hu.hu,hu.hu,huhu,huhu,huhu,huhu
hu.mo,hu.mo,humo,humo,humoʊ,humoʊ
hu.no,hu.no,huno,huno,hunoʊ,hunoʊ
hu.po,hu.po,hupo,hupo,hupoʊ,hupoʊ
hu.to,hu.to,huto,huto,hutoʊ,hutoʊ
hu.ko,hu.ko,huko,huko,hukoʊ,hukoʊ
hu.bo,hu.bo,hubo,hubo,huboʊ,huboʊ
hu.do,hu.do,hudo,hudo,hudoʊ,hudoʊ
hu.go,hu.go,hugo,hugo,hugoʊ,hugoʊ
hu.fo,hu.fo,hufo,hufo,hufoʊ,hufoʊ
hu.so,hu.so,huso,huso,husoʊ,husoʊ
hu.vo,hu.vo,huvo,huvo,huvoʊ,huvoʊ
hu.zo,hu.zo,huzo,huzo,huzoʊ,huzoʊ
hu.ʃo,hu.ʃo,huʃo,huʃo,huʃoʊ,huʃoʊ
hu.ʒo,hu.ʒo,huʒo,huʒo,huʒoʊ,huʒoʊ
hu.θo,hu.θo,huθo,huθo,huθoʊ,huθoʊ
hu.ðo,hu.ðo,huðo,huðo,huðoʊ,huðoʊ
hu.ho,hu.ho,huho,huho,huhoʊ,huhoʊ
mo.mi,mo.mi,momi,momi,moʊmi,moʊmi
mo.ni,mo.ni,moni,moni,moʊni,moʊni
mo.pi,mo.pi,mopi,mopi,moʊpi,moʊpi
mo.ti,mo.ti,moti,moti,moʊti,moʊti
mo.ki,mo.ki,moki,moki,moʊki,moʊki
mo.bi,mo.bi,mobi,mobi,moʊbi,moʊbi
mo.di,mo.di,modi,modi,moʊdi,moʊdi
mo.gi,mo.gi,mogi,mogi,moʊgi,moʊgi
mo.fi,mo.fi,mofi,mofi,moʊfi,moʊfi
mo.si,mo.si,mosi,mosi,moʊsi,moʊsi
mo.vi,mo.vi,movi,movi,moʊvi,moʊvi
mo.zi,mo.zi,mozi,mozi,moʊzi,moʊzi
mo.ʃi,mo.ʃi,moʃi,moʃi,moʊʃi,moʊʃi
mo.ʒi,mo.ʒi,moʒi,moʒi,moʊʒi,moʊʒi
mo.θi,mo.θi,moθi,moθi,moʊθi,moʊθi
mo.ði,mo.ði,moði,moði,moʊði,moʊði
mo.hi,mo.hi,mohi,mohi,moʊhi,moʊhi
mo.me,mo.me,mome,mome,moʊmeɪ,moʊmeɪ
mo.ne,mo.ne,mone,mone,moʊneɪ,moʊneɪ
mo.pe,mo.pe,mope,mope,moʊpeɪ,moʊpeɪ
mo.te,mo.te,mote,mote,moʊteɪ,moʊteɪ
mo.ke,mo.ke,moke,moke,moʊkeɪ,moʊkeɪ
mo.be,mo.be,mobe,mobe,moʊbeɪ,moʊbeɪ
mo.de,mo.de,mode,mode,moʊdeɪ,moʊdeɪ
mo.ge,mo.ge,moge,moge,moʊgeɪ,moʊgeɪ
mo.fe,mo.fe,mofe,mofe,moʊfeɪ,moʊfeɪ
mo.se,mo.se,mose,mose,moʊseɪ,moʊseɪ
mo.ve,mo.ve,move,move,moʊveɪ,moʊveɪ
mo.ze,mo.ze,moze,moze,moʊzeɪ,moʊzeɪ
mo.ʃe,mo.ʃe,moʃe,moʃe,moʊʃeɪ,moʊʃeɪ
mo.ʒe,mo.ʒe,moʒe,moʒe,moʊʒeɪ,moʊʒeɪ
mo.θe,mo.θe,moθe,moθe,moʊθeɪ,moʊθeɪ
mo.ðe,mo.ðe,moðe,moðe,moʊðeɪ,moʊðeɪ
mo.he,mo.he,mohe,mohe,moʊheɪ,moʊheɪ
mo.mu,mo.mu,momu,momu,moʊmu,moʊmu
mo.nu,mo.nu,monu,monu,moʊnu,moʊnu
mo.pu,mo.pu,mopu,mopu,moʊpu,moʊpu
mo.tu,mo.tu,motu,motu,moʊtu,moʊtu
mo.ku,mo.ku,moku,moku,moʊku,moʊku
mo.bu,mo.bu,mobu,mobu,moʊbu,moʊbu
mo.du,mo.du,modu,modu,moʊdu,moʊdu
mo.gu,mo.gu,mogu,mogu,moʊgu,moʊgu
mo.fu,mo.fu,mofu,mofu,moʊfu,moʊfu
mo.su,mo.su,mosu,mosu,moʊsu,moʊsu
mo.vu,mo.vu,movu,movu,moʊvu,moʊvu
mo.zu,mo.zu,mozu,mozu,moʊzu,moʊzu
mo.ʃu,mo.ʃu,moʃu,moʃu,moʊʃu,moʊʃu
mo.ʒu,mo.ʒu,moʒu,moʒu,moʊʒu,moʊʒu
mo.θu,mo.θu,moθu,moθu,moʊθu,moʊθu
mo.ðu,mo.ðu,moðu,moðu,moʊðu,moʊðu
mo.hu,mo.hu,mohu,mohu,moʊhu,moʊhu
mo.mo,mo.mo,momo,momo,moʊmoʊ,moʊmoʊ
mo.no,mo.no,mono,mono,moʊnoʊ,moʊnoʊ
mo.po,mo.po,mopo,mopo,moʊpoʊ,moʊpoʊ
mo.to,mo.to,moto,moto,moʊtoʊ,moʊtoʊ
mo.ko,mo.ko,moko,moko,moʊkoʊ,moʊkoʊ
mo.bo,mo.bo,mobo,mobo,moʊboʊ,moʊboʊ
mo.do,mo.do,modo,modo,moʊdoʊ,moʊdoʊ
mo.go,mo.go,mogo,mogo,moʊgoʊ,moʊgoʊ
mo.fo,mo.fo,mofo,mofo,moʊfoʊ,moʊfoʊ
mo.so,mo.so,moso,moso,moʊsoʊ,moʊsoʊ
mo.vo,mo.vo,movo,movo,moʊvoʊ,moʊvoʊ
mo.zo,mo.zo,mozo,mozo,moʊzoʊ,moʊzoʊ
mo.ʃo,mo.ʃo,moʃo,moʃo,moʊʃoʊ,moʊʃoʊ
mo.ʒo,mo.ʒo,moʒo,moʒo,moʊʒoʊ,moʊʒoʊ
mo.θo,mo.θo,moθo,moθo,moʊθoʊ,moʊθoʊ
mo.ðo,mo.ðo,moðo,moðo,moʊðoʊ,moʊðoʊ
mo.ho,mo.ho,moho,moho,moʊhoʊ,moʊhoʊ
no.mi,no.mi,nomi,nomi,noʊmi,noʊmi
no.ni,no.ni,noni,noni,noʊni,noʊni
no.pi,no.pi,nopi,nopi,noʊpi,noʊpi
no.ti,no.ti,noti,noti,noʊti,noʊti
no.ki,no.ki,noki,noki,noʊki,noʊki
no.bi,no.bi,nobi,nobi,noʊbi,noʊbi
no.di,no.di,nodi,nodi,noʊdi,noʊdi
no.gi,no.gi,nogi,nogi,noʊgi,noʊgi
no.fi,no.fi,nofi,nofi,noʊfi,noʊfi
no.si,no.si,nosi,nosi,noʊsi,noʊsi
no.vi,no.vi,novi,novi,noʊvi,noʊvi
no.zi,no.zi,nozi,nozi,noʊzi,noʊzi
no.ʃi,no.ʃi,noʃi,noʃi,noʊʃi,noʊʃi
no.ʒi,no.ʒi,noʒi,noʒi,noʊʒi,noʊʒi
no.θi,no.θi,noθi,noθi,noʊθi,noʊθi
no.ði,no.ði,noði,noði,noʊði,noʊði
no.hi,no.hi,nohi,nohi,noʊhi,noʊhi
no.me,no.me,nome,nome,noʊmeɪ,noʊmeɪ
no.ne,no.ne,none,none,noʊneɪ,noʊneɪ
no.pe,no.pe,nope,nope,noʊpeɪ,noʊpeɪ
no.te,no.te,note,note,noʊteɪ,noʊteɪ
no.ke,no.ke,noke,noke,noʊkeɪ,noʊkeɪ
no.be,no.be,nobe,nobe,noʊbeɪ,noʊbeɪ
no.de,no.de,node,node,noʊdeɪ,noʊdeɪ
no.ge,no.ge,noge,noge,noʊgeɪ,noʊgeɪ
no.fe,no.fe,nofe,nofe,noʊfeɪ,noʊfeɪ
no.se,no.se,nose,nose,noʊseɪ,noʊseɪ
no.ve,no.ve,nove,nove,noʊveɪ,noʊveɪ
no.ze,no.ze,noze,noze,noʊzeɪ,noʊzeɪ
no.ʃe,no.ʃe,noʃe,noʃe,noʊʃeɪ,noʊʃeɪ
no.ʒe,no.ʒe,noʒe,noʒe,noʊʒeɪ,noʊʒeɪ
no.θe,no.θe,noθe,noθe,noʊθeɪ,noʊθeɪ
no.ðe,no.ðe,noðe,noðe,noʊðeɪ,noʊðeɪ
no.he,no.he,nohe,nohe,noʊheɪ,noʊheɪ
no.mu,no.mu,nomu,nomu,noʊmu,noʊmu
no.nu,no.nu,nonu,nonu,noʊnu,noʊnu
no.pu,no.pu,nopu,nopu,noʊpu,noʊpu
no.tu,no.tu,notu,notu,noʊtu,noʊtu
no.ku,no.ku,noku,noku,noʊku,noʊku
no.bu,no.bu,nobu,nobu,noʊbu,noʊbu
no.du,no.du,nodu,nodu,noʊdu,noʊdu
no.gu,no.gu,nogu,nogu,noʊgu,noʊgu
no.fu,no.fu,nofu,nofu,noʊfu,noʊfu
no.su,no.su,nosu,nosu,noʊsu,noʊsu
no.vu,no.vu,novu,novu,noʊvu,noʊvu
no.zu,no.zu,nozu,nozu,noʊzu,noʊzu
no.ʃu,no.ʃu,noʃu,noʃu,noʊʃu,noʊʃu
no.ʒu,no.ʒu,noʒu,noʒu,noʊʒu,noʊʒu
no.θu,no.θu,noθu,noθu,noʊθu,noʊθu
no.ðu,no.ðu,noðu,noðu,noʊðu,noʊðu
no.hu,no.hu,nohu,nohu,noʊhu,noʊhu
no.mo,no.mo,nomo,nomo,noʊmoʊ,noʊmoʊ
no.no,no.no,nono,nono,noʊnoʊ,noʊnoʊ
no.po,no.po,nopo,nopo,noʊpoʊ,noʊpoʊ
no.to,no.to,noto,noto,noʊtoʊ,noʊtoʊ
no.ko,no.ko,noko,noko,noʊkoʊ,noʊkoʊ
no.bo,no.bo,nobo,nobo,noʊboʊ,noʊboʊ
no.do,no.do,nodo,nodo,noʊdoʊ,noʊdoʊ
no.go,no.go,nogo,nogo,noʊgoʊ,noʊgoʊ
no.fo,no.fo,nofo,nofo,noʊfoʊ,noʊfoʊ
no.so,no.so,noso,noso,noʊsoʊ,noʊsoʊ
no.vo,no.vo,novo,novo,noʊvoʊ,noʊvoʊ
no.zo,no.zo,nozo,nozo,noʊzoʊ,noʊzoʊ
no.ʃo,no.ʃo,noʃo,noʃo,noʊʃoʊ,noʊʃoʊ
no.ʒo,no.ʒo,noʒo,noʒo,noʊʒoʊ,noʊʒoʊ
no.θo,no.θo,noθo,noθo,noʊθoʊ,noʊθoʊ
no.ðo,no.ðo,noðo,noðo,noʊðoʊ,noʊðoʊ
no.ho,no.ho,noho,noho,noʊhoʊ,noʊhoʊ
po.mi,po.mi,pomi,pomi,poʊmi,poʊmi
po.ni,po.ni,poni,poni,poʊni,poʊni
po.pi,po.pi,popi,popi,poʊpi,poʊpi
po.ti,po.ti,poti,poti,poʊti,poʊti
po.ki,po.ki,poki,poki,poʊki,poʊki
po.bi,po.bi,pobi,pobi,poʊbi,poʊbi
po.di,po.di,podi,podi,poʊdi,poʊdi
po.gi,po.gi,pogi,pogi,poʊgi,poʊgi
po.fi,po.fi,pofi,pofi,poʊfi,poʊfi
po.si,po.si,posi,posi,poʊsi,poʊsi
po.vi,po.vi,povi,povi,poʊvi,poʊvi
po.zi,po.zi,pozi,pozi,poʊzi,poʊzi
po.ʃi,po.ʃi,poʃi,poʃi,poʊʃi,poʊʃi
po.ʒi,po.ʒi,poʒi,poʒi,poʊʒi,poʊʒi
po.θi,po.θi,poθi,poθi,poʊθi,poʊθi
po.ði,po.ði,poði,poði,poʊði,poʊði
po.hi,po.hi,pohi,pohi,poʊhi,poʊhi
po.me,po.me,pome,pome,poʊmeɪ,poʊmeɪ
po.ne,po.ne,pone,pone,poʊneɪ,poʊneɪ
po.pe,po.pe,pope,pope,poʊpeɪ,poʊpeɪ
po.te,po.te,pote,pote,poʊteɪ,poʊteɪ
po.ke,po.ke,poke,poke,poʊkeɪ,poʊkeɪ
po.be,po.be,pobe,pobe,poʊbeɪ,poʊbeɪ
po.de,po.de,pode,pode,poʊdeɪ,poʊdeɪ
po.ge,po.ge,poge,poge,poʊgeɪ,poʊgeɪ
po.fe,po.fe,pofe,pofe,poʊfeɪ,poʊfeɪ
po.se,po.se,pose,pose,poʊseɪ,poʊseɪ
po.ve,po.ve,pove,pove,poʊveɪ,poʊveɪ
po.ze,po.ze,poze,poze,poʊzeɪ,poʊzeɪ
po.ʃe,po.ʃe,poʃe,poʃe,poʊʃeɪ,poʊʃeɪ
po.ʒe,po.ʒe,poʒe,poʒe,poʊʒeɪ,poʊʒeɪ
po.θe,po.θe,poθe,poθe,poʊθeɪ,poʊθeɪ
po.ðe,po.ðe,poðe,poðe,poʊðeɪ,poʊðeɪ
po.he,po.he,pohe,pohe,poʊheɪ,poʊheɪ
po.mu,po.mu,pomu,pomu,poʊmu,poʊmu
po.nu,po.nu,ponu,ponu,poʊnu,poʊnu
po.pu,po.pu,popu,popu,poʊpu,poʊpu
po.tu,po.tu,potu,potu,poʊtu,poʊtu
po.ku,po.ku,poku,poku,poʊku,poʊku
po.bu,po.bu,pobu,pobu,poʊbu,poʊbu
po.du,po.du,podu,podu,poʊdu,poʊdu
po.gu,po.gu,pogu,pogu,poʊgu,poʊgu
po.fu,po.fu,pofu,pofu,poʊfu,poʊfu
po.su,po.su,posu,posu,poʊsu,poʊsu
po.vu,po.vu,povu,povu,poʊvu,poʊvu
po.zu,po.zu,pozu,pozu,poʊzu,poʊzu
po.ʃu,po.ʃu,poʃu,poʃu,poʊʃu,poʊʃu
po.ʒu,po.ʒu,poʒu,poʒu,poʊʒu,poʊʒu
po.θu,po.θu,poθu,poθu,poʊθu,poʊθu
po.ðu,po.ðu,poðu,poðu,poʊðu,poʊðu
po.hu,po.hu,pohu,pohu,poʊhu,poʊhu
po.mo,po.mo,pomo,pomo,poʊmoʊ,poʊmoʊ
po.no,po.no,pono,pono,poʊnoʊ,poʊnoʊ
po.po,po.po,popo,popo,poʊpoʊ,poʊpoʊ
po.to,po.to,poto,poto,poʊtoʊ,poʊtoʊ
po.ko,po.ko,poko,poko,poʊkoʊ,poʊkoʊ
po.bo,po.bo,pobo,pobo,poʊboʊ,poʊboʊ
po.do,po.do,podo,podo,poʊdoʊ,poʊdoʊ
po.go,po.go,pogo,pogo,poʊgoʊ,poʊgoʊ
po.fo,po.fo,pofo,pofo,poʊfoʊ,poʊfoʊ
po.so,po.so,poso,poso,poʊsoʊ,poʊsoʊ
po.vo,po.vo,povo,povo,poʊvoʊ,poʊvoʊ
po.zo,po.zo,pozo,pozo,poʊzoʊ,poʊzoʊ
po.ʃo,po.ʃo,poʃo,poʃo,poʊʃoʊ,poʊʃoʊ
po.ʒo,po.ʒo,poʒo,poʒo,poʊʒoʊ,poʊʒoʊ
po.θo,po.θo,poθo,poθo,poʊθoʊ,poʊθoʊ
po.ðo,po.ðo,poðo,poðo,poʊðoʊ,poʊðoʊ
po.ho,po.ho,poho,poho,poʊhoʊ,poʊhoʊ
to.mi,to.mi,tomi,tomi,toʊmi,toʊmi
to.ni,to.ni,toni,toni,toʊni,toʊni
to.pi,to.pi,topi,topi,toʊpi,toʊpi
to.ti,to.ti,toti,toti,toʊti,toʊti
to.ki,to.ki,toki,toki,toʊki,toʊki
to.bi,to.bi,tobi,tobi,toʊbi,toʊbi
to.di,to.di,todi,todi,toʊdi,toʊdi
to.gi,to.gi,togi,togi,toʊgi,toʊgi
to.fi,to.fi,tofi,tofi,toʊfi,toʊfi
to.si,to.si,tosi,tosi,toʊsi,toʊsi
to.vi,to.vi,tovi,tovi,toʊvi,toʊvi
to.zi,to.zi,tozi,tozi,toʊzi,toʊzi
to.ʃi,to.ʃi,toʃi,toʃi,toʊʃi,toʊʃi
to.ʒi,to.ʒi,toʒi,toʒi,toʊʒi,toʊʒi
to.θi,to.θi,toθi,toθi,toʊθi,toʊθi
to.ði,to.ði,toði,toði,toʊði,toʊði
to.hi,to.hi,tohi,tohi,toʊhi,toʊhi
to.me,to.me,tome,tome,toʊmeɪ,toʊmeɪ
to.ne,to.ne,tone,tone,toʊneɪ,toʊneɪ
to.pe,to.pe,tope,tope,toʊpeɪ,toʊpeɪ
to.te,to.te,tote,tote,toʊteɪ,toʊteɪ
to.ke,to.ke,toke,toke,toʊkeɪ,toʊkeɪ
to.be,to.be,tobe,tobe,toʊbeɪ,toʊbeɪ
to.de,to.de,tode,tode,toʊdeɪ,toʊdeɪ
to.ge,to.ge,toge,toge,toʊgeɪ,toʊgeɪ
to.fe,to.fe,tofe,tofe,toʊfeɪ,toʊfeɪ
to.se,to.se,tose,tose,toʊseɪ,toʊseɪ
to.ve,to.ve,tove,tove,toʊveɪ,toʊveɪ
to.ze,to.ze,toze,toze,toʊzeɪ,toʊzeɪ
to.ʃe,to.ʃe,toʃe,toʃe,toʊʃeɪ,toʊʃeɪ
to.ʒe,to.ʒe,toʒe,toʒe,toʊʒeɪ,toʊʒeɪ
to.θe,to.θe,toθe,toθe,toʊθeɪ,toʊθeɪ
to.ðe,to.ðe,toðe,toðe,toʊðeɪ,toʊðeɪ
to.he,to.he,tohe,tohe,toʊheɪ,toʊheɪ
to.mu,to.mu,tomu,tomu,toʊmu,toʊmu
to.nu,to.nu,tonu,tonu,toʊnu,toʊnu
to.pu,to.pu,topu,topu,toʊpu,toʊpu
to.tu,to.tu,totu,totu,toʊtu,toʊtu
to.ku,to.ku,toku,toku,toʊku,toʊku
to.bu,to.bu,tobu,tobu,toʊbu,toʊbu
to.du,to.du,todu,todu,toʊdu,toʊdu
to.gu,to.gu,togu,togu,toʊgu,toʊgu
to.fu,to.fu,tofu,tofu,toʊfu,toʊfu
to.su,to.su,tosu,tosu,toʊsu,toʊsu
to.vu,to.vu,tovu,tovu,toʊvu,toʊvu
to.zu,to.zu,tozu,tozu,toʊzu,toʊzu
to.ʃu,to.ʃu,toʃu,toʃu,toʊʃu,toʊʃu
to.ʒu,to.ʒu,toʒu,toʒu,toʊʒu,toʊʒu
to.θu,to.θu,toθu,toθu,toʊθu,toʊθu
to.ðu,to.ðu,toðu,toðu,toʊðu,toʊðu
to.hu,to.hu,tohu,tohu,toʊhu,toʊhu
to.mo,to.mo,tomo,tomo,toʊmoʊ,toʊmoʊ
to.no,to.no,tono,tono,toʊnoʊ,toʊnoʊ
to.po,to.po,topo,topo,toʊpoʊ,toʊpoʊ
to.to,to.to,toto,toto,toʊtoʊ,toʊtoʊ
to.ko,to.ko,toko,toko,toʊkoʊ,toʊkoʊ
to.bo,to.bo,tobo,tobo,toʊboʊ,toʊboʊ
to.do,to.do,todo,todo,toʊdoʊ,toʊdoʊ
to.go,to.go,togo,togo,toʊgoʊ,toʊgoʊ
to.fo,to.fo,tofo,tofo,toʊfoʊ,toʊfoʊ
to.so,to.so,toso,toso,toʊsoʊ,toʊsoʊ
to.vo,to.vo,tovo,tovo,toʊvoʊ,toʊvoʊ
to.zo,to.zo,tozo,tozo,toʊzoʊ,toʊzoʊ
to.ʃo,to.ʃo,toʃo,toʃo,toʊʃoʊ,toʊʃoʊ
to.ʒo,to.ʒo,toʒo,toʒo,toʊʒoʊ,toʊʒoʊ
to.θo,to.θo,toθo,toθo,toʊθoʊ,toʊθoʊ
to.ðo,to.ðo,toðo,toðo,toʊðoʊ,toʊðoʊ
to.ho,to.ho,toho,toho,toʊhoʊ,toʊhoʊ
ko.mi,ko.mi,komi,komi,koʊmi,koʊmi
ko.ni,ko.ni,koni,koni,koʊni,koʊni
ko.pi,ko.pi,kopi,kopi,koʊpi,koʊpi
ko.ti,ko.ti,koti,koti,koʊti,koʊti
ko.ki,ko.ki,koki,koki,koʊki,koʊki
ko.bi,ko.bi,kobi,kobi,koʊbi,koʊbi
ko.di,ko.di,kodi,kodi,koʊdi,koʊdi
ko.gi,ko.gi,kogi,kogi,koʊgi,koʊgi
ko.fi,ko.fi,kofi,kofi,koʊfi,koʊfi
ko.si,ko.si,kosi,kosi,koʊsi,koʊsi
ko.vi,ko.vi,kovi,kovi,koʊvi,koʊvi
ko.zi,ko.zi,kozi,kozi,koʊzi,koʊzi
ko.ʃi,ko.ʃi,koʃi,koʃi,koʊʃi,koʊʃi
ko.ʒi,ko.ʒi,koʒi,koʒi,koʊʒi,koʊʒi
ko.θi,ko.θi,koθi,koθi,koʊθi,koʊθi
ko.ði,ko.ði,koði,koði,koʊði,koʊði
ko.hi,ko.hi,kohi,kohi,koʊhi,koʊhi
ko.me,ko.me,kome,kome,koʊmeɪ,koʊmeɪ
ko.ne,ko.ne,kone,kone,koʊneɪ,koʊneɪ
ko.pe,ko.pe,kope,kope,koʊpeɪ,koʊpeɪ
ko.te,ko.te,kote,kote,koʊteɪ,koʊteɪ
ko.ke,ko.ke,koke,koke,koʊkeɪ,koʊkeɪ
ko.be,ko.be,kobe,kobe,koʊbeɪ,koʊbeɪ
ko.de,ko.de,kode,kode,koʊdeɪ,koʊdeɪ
ko.ge,ko.ge,koge,koge,koʊgeɪ,koʊgeɪ
ko.fe,ko.fe,kofe,kofe,koʊfeɪ,koʊfeɪ
ko.se,ko.se,kose,kose,koʊseɪ,koʊseɪ
ko.ve,ko.ve,kove,kove,koʊveɪ,koʊveɪ
ko.ze,ko.ze,koze,koze,koʊzeɪ,koʊzeɪ
ko.ʃe,ko.ʃe,koʃe,koʃe,koʊʃeɪ,koʊʃeɪ
ko.ʒe,ko.ʒe,koʒe,koʒe,koʊʒeɪ,koʊʒeɪ
ko.θe,ko.θe,koθe,koθe,koʊθeɪ,koʊθeɪ
ko.ðe,ko.ðe,koðe,koðe,koʊðeɪ,koʊðeɪ
ko.he,ko.he,kohe,kohe,koʊheɪ,koʊheɪ
ko.mu,ko.mu,komu,komu,koʊmu,koʊmu
ko.nu,ko.nu,konu,konu,koʊnu,koʊnu
ko.pu,ko.pu,kopu,kopu,koʊpu,koʊpu
ko.tu,ko.tu,kotu,kotu,koʊtu,koʊtu
ko.ku,ko.ku,koku,koku,koʊku,koʊku
ko.bu,ko.bu,kobu,kobu,koʊbu,koʊbu
ko.du,ko.du,kodu,kodu,koʊdu,koʊdu
ko.gu,ko.gu,kogu,kogu,koʊgu,koʊgu
ko.fu,ko.fu,kofu,kofu,koʊfu,koʊfu
ko.su,ko.su,kosu,kosu,koʊsu,koʊsu
ko.vu,ko.vu,kovu,kovu,koʊvu,koʊvu
ko.zu,ko.zu,kozu,kozu,koʊzu,koʊzu
ko.ʃu,ko.ʃu,koʃu,koʃu,koʊʃu,koʊʃu
ko.ʒu,ko.ʒu,koʒu,koʒu,koʊʒu,koʊʒu
ko.θu,ko.θu,koθu,koθu,koʊθu,koʊθu
ko.ðu,ko.ðu,koðu,koðu,koʊðu,koʊðu
ko.hu,ko.hu,kohu,kohu,koʊhu,koʊhu
ko.mo,ko.mo,komo,komo,koʊmoʊ,koʊmoʊ
ko.no,ko.no,kono,kono,koʊnoʊ,koʊnoʊ
ko.po,ko.po,kopo,kopo,koʊpoʊ,koʊpoʊ
ko.to,ko.to,koto,koto,koʊtoʊ,koʊtoʊ
ko.ko,ko.ko,koko,koko,koʊkoʊ,koʊkoʊ
ko.bo,ko.bo,kobo,kobo,koʊboʊ,koʊboʊ
ko.do,ko.do,kodo,kodo,koʊdoʊ,koʊdoʊ
ko.go,ko.go,kogo,kogo,koʊgoʊ,koʊgoʊ
ko.fo,ko.fo,kofo,kofo,koʊfoʊ,koʊfoʊ
ko.so,ko.so,koso,koso,koʊsoʊ,koʊsoʊ
ko.vo,ko.vo,kovo,kovo,koʊvoʊ,koʊvoʊ
ko.zo,ko.zo,kozo,kozo,koʊzoʊ,koʊzoʊ
ko.ʃo,ko.ʃo,koʃo,koʃo,koʊʃoʊ,koʊʃoʊ
ko.ʒo,ko.ʒo,koʒo,koʒo,koʊʒoʊ,koʊʒoʊ
ko.θo,ko.θo,koθo,koθo,koʊθoʊ,koʊθoʊ
ko.ðo,ko.ðo,koðo,koðo,koʊðoʊ,koʊðoʊ
ko.ho,ko.ho,koho,koho,koʊhoʊ,koʊhoʊ
bo.mi,bo.mi,bomi,bomi,boʊmi,boʊmi
bo.ni,bo.ni,boni,boni,boʊni,boʊni
bo.pi,bo.pi,bopi,bopi,boʊpi,boʊpi
bo.ti,bo.ti,boti,boti,boʊti,boʊti
bo.ki,bo.ki,boki,boki,boʊki,boʊki
bo.bi,bo.bi,bobi,bobi,boʊbi,boʊbi
bo.di,bo.di,bodi,bodi,boʊdi,boʊdi
bo.gi,bo.gi,bogi,bogi,boʊgi,boʊgi
bo.fi,bo.fi,bofi,bofi,boʊfi,boʊfi
bo.si,bo.si,bosi,bosi,boʊsi,boʊsi
bo.vi,bo.vi,bovi,bovi,boʊvi,boʊvi
bo.zi,bo.zi,bozi,bozi,boʊzi,boʊzi
bo.ʃi,bo.ʃi,boʃi,boʃi,boʊʃi,boʊʃi
bo.ʒi,bo.ʒi,boʒi,boʒi,boʊʒi,boʊʒi
bo.θi,bo.θi,boθi,boθi,boʊθi,boʊθi
bo.ði,bo.ði,boði,boði,boʊði,boʊði
bo.hi,bo.hi,bohi,bohi,boʊhi,boʊhi
bo.me,bo.me,bome,bome,boʊmeɪ,boʊmeɪ
bo.ne,bo.ne,bone,bone,boʊneɪ,boʊneɪ
bo.pe,bo.pe,bope,bope,boʊpeɪ,boʊpeɪ
bo.te,bo.te,bote,bote,boʊteɪ,boʊteɪ
bo.ke,bo.ke,boke,boke,boʊkeɪ,boʊkeɪ
bo.be,bo.be,bobe,bobe,boʊbeɪ,boʊbeɪ
bo.de,bo.de,bode,bode,boʊdeɪ,boʊdeɪ
bo.ge,bo.ge,boge,boge,boʊgeɪ,boʊgeɪ
bo.fe,bo.fe,bofe,bofe,boʊfeɪ,boʊfeɪ
bo.se,bo.se,bose,bose,boʊseɪ,boʊseɪ
bo.ve,bo.ve,bove,bove,boʊveɪ,boʊveɪ
bo.ze,bo.ze,boze,boze,boʊzeɪ,boʊzeɪ
bo.ʃe,bo.ʃe,boʃe,boʃe,boʊʃeɪ,boʊʃeɪ
bo.ʒe,bo.ʒe,boʒe,boʒe,boʊʒeɪ,boʊʒeɪ
bo.θe,bo.θe,boθe,boθe,boʊθeɪ,boʊθeɪ
bo.ðe,bo.ðe,boðe,boðe,boʊðeɪ,boʊðeɪ
bo.he,bo.he,bohe,bohe,boʊheɪ,boʊheɪ
bo.mu,bo.mu,bomu,bomu,boʊmu,boʊmu
bo.nu,bo.nu,bonu,bonu,boʊnu,boʊnu
bo.pu,bo.pu,bopu,bopu,boʊpu,boʊpu
bo.tu,bo.tu,botu,botu,boʊtu,boʊtu
bo.ku,bo.ku,boku,boku,boʊku,boʊku
bo.bu,bo.bu,bobu,bobu,boʊbu,boʊbu
bo.du,bo.du,bodu,bodu,boʊdu,boʊdu
bo.gu,bo.gu,bogu,bogu,boʊgu,boʊgu
bo.fu,bo.fu,bofu,bofu,boʊfu,boʊfu
bo.su,bo.su,bosu,bosu,boʊsu,boʊsu
bo.vu,bo.vu,bovu,bovu,boʊvu,boʊvu
bo.zu,bo.zu,bozu,bozu,boʊzu,boʊzu
bo.ʃu,bo.ʃu,boʃu,boʃu,boʊʃu,boʊʃu
bo.ʒu,bo.ʒu,boʒu,boʒu,boʊʒu,boʊʒu
bo.θu,bo.θu,boθu,boθu,boʊθu,boʊθu
bo.ðu,bo.ðu,boðu,boðu,boʊðu,boʊðu
bo.hu,bo.hu,bohu,bohu,boʊhu,boʊhu
bo.mo,bo.mo,bomo,bomo,boʊmoʊ,boʊmoʊ
bo.no,bo.no,bono,bono,boʊnoʊ,boʊnoʊ
bo.po,bo.po,bopo,bopo,boʊpoʊ,boʊpoʊ
bo.to,bo.to,boto,boto,boʊtoʊ,boʊtoʊ
bo.ko,bo.ko,boko,boko,boʊkoʊ,boʊkoʊ
bo.bo,bo.bo,bobo,bobo,boʊboʊ,boʊboʊ
bo.do,bo.do,bodo,bodo,boʊdoʊ,boʊdoʊ
bo.go,bo.go,bogo,bogo,boʊgoʊ,boʊgoʊ
bo.fo,bo.fo,bofo,bofo,boʊfoʊ,boʊfoʊ
bo.so,bo.so,boso,boso,boʊsoʊ,boʊsoʊ
bo.vo,bo.vo,bovo,bovo,boʊvoʊ,boʊvoʊ
bo.zo,bo.zo,bozo,bozo,boʊzoʊ,boʊzoʊ
bo.ʃo,bo.ʃo,boʃo,boʃo,boʊʃoʊ,boʊʃoʊ
bo.ʒo,bo.ʒo,boʒo,boʒo,boʊʒoʊ,boʊʒoʊ
bo.θo,bo.θo,boθo,boθo,boʊθoʊ,boʊθoʊ
bo.ðo,bo.ðo,boðo,boðo,boʊðoʊ,boʊðoʊ
bo.ho,bo.ho,boho,boho,boʊhoʊ,boʊhoʊ
do.mi,do.mi,domi,domi,doʊmi,doʊmi
do.ni,do.ni,doni,doni,doʊni,doʊni
do.pi,do.pi,dopi,dopi,doʊpi,doʊpi
do.ti,do.ti,doti,doti,doʊti,doʊti
do.ki,do.ki,doki,doki,doʊki,doʊki
do.bi,do.bi,dobi,dobi,doʊbi,doʊbi
do.di,do.di,dodi,dodi,doʊdi,doʊdi
do.gi,do.gi,dogi,dogi,doʊgi,doʊgi
do.fi,do.fi,dofi,dofi,doʊfi,doʊfi
do.si,do.si,dosi,dosi,doʊsi,doʊsi
do.vi,do.vi,dovi,dovi,doʊvi,doʊvi
do.zi,do.zi,dozi,dozi,doʊzi,doʊzi
do.ʃi,do.ʃi,doʃi,doʃi,doʊʃi,doʊʃi
do.ʒi,do.ʒi,doʒi,doʒi,doʊʒi,doʊʒi
do.θi,do.θi,doθi,doθi,doʊθi,doʊθi
do.ði,do.ði,doði,doði,doʊði,doʊði
do.hi,do.hi,dohi,dohi,doʊhi,doʊhi
do.me,do.me,dome,dome,doʊmeɪ,doʊmeɪ
do.ne,do.ne,done,done,doʊneɪ,doʊneɪ
do.pe,do.pe,dope,dope,doʊpeɪ,doʊpeɪ
do.te,do.te,dote,dote,doʊteɪ,doʊteɪ
do.ke,do.ke,doke,doke,doʊkeɪ,doʊkeɪ
do.be,do.be,dobe,dobe,doʊbeɪ,doʊbeɪ
do.de,do.de,dode,dode,doʊdeɪ,doʊdeɪ
do.ge,do.ge,doge,doge,doʊgeɪ,doʊgeɪ
do.fe,do.fe,dofe,dofe,doʊfeɪ,doʊfeɪ
do.se,do.se,dose,dose,doʊseɪ,doʊseɪ
do.ve,do.ve,dove,dove,doʊveɪ,doʊveɪ
do.ze,do.ze,doze,doze,doʊzeɪ,doʊzeɪ
do.ʃe,do.ʃe,doʃe,doʃe,doʊʃeɪ,doʊʃeɪ
do.ʒe,do.ʒe,doʒe,doʒe,doʊʒeɪ,doʊʒeɪ
do.θe,do.θe,doθe,doθe,doʊθeɪ,doʊθeɪ
do.ðe,do.ðe,doðe,doðe,doʊðeɪ,doʊðeɪ
do.he,do.he,dohe,dohe,doʊheɪ,doʊheɪ
do.mu,do.mu,domu,domu,doʊmu,doʊmu
do.nu,do.nu,donu,donu,doʊnu,doʊnu
do.pu,do.pu,dopu,dopu,doʊpu,doʊpu
do.tu,do.tu,dotu,dotu,doʊtu,doʊtu
do.ku,do.ku,doku,doku,doʊku,doʊku
do.bu,do.bu,dobu,dobu,doʊbu,doʊbu
do.du,do.du,dodu,dodu,doʊdu,doʊdu
do.gu,do.gu,dogu,dogu,doʊgu,doʊgu
do.fu,do.fu,dofu,dofu,doʊfu,doʊfu
do.su,do.su,dosu,dosu,doʊsu,doʊsu
do.vu,do.vu,dovu,dovu,doʊvu,doʊvu
do.zu,do.zu,dozu,dozu,doʊzu,doʊzu
do.ʃu,do.ʃu,doʃu,doʃu,doʊʃu,doʊʃu
do.ʒu,do.ʒu,doʒu,doʒu,doʊʒu,doʊʒu
do.θu,do.θu,doθu,doθu,doʊθu,doʊθu
do.ðu,do.ðu,doðu,doðu,doʊðu,doʊðu
do.hu,do.hu,dohu,dohu,doʊhu,doʊhu
do.mo,do.mo,domo,domo,doʊmoʊ,doʊmoʊ
do.no,do.no,dono,dono,doʊnoʊ,doʊnoʊ
do.po,do.po,dopo,dopo,doʊpoʊ,doʊpoʊ
do.to,do.to,doto,doto,doʊtoʊ,doʊtoʊ
do.ko,do.ko,doko,doko,doʊkoʊ,doʊkoʊ
do.bo,do.bo,dobo,dobo,doʊboʊ,doʊboʊ
do.do,do.do,dodo,dodo,doʊdoʊ,doʊdoʊ
do.go,do.go,dogo,dogo,doʊgoʊ,doʊgoʊ
do.fo,do.fo,dofo,dofo,doʊfoʊ,doʊfoʊ
do.so,do.so,doso,doso,doʊsoʊ,doʊsoʊ
do.vo,do.vo,dovo,dovo,doʊvoʊ,doʊvoʊ
do.zo,do.zo,dozo,dozo,doʊzoʊ,doʊzoʊ
do.ʃo,do.ʃo,doʃo,doʃo,doʊʃoʊ,doʊʃoʊ
do.ʒo,do.ʒo,doʒo,doʒo,doʊʒoʊ,doʊʒoʊ
do.θo,do.θo,doθo,doθo,doʊθoʊ,doʊθoʊ
do.ðo,do.ðo,doðo,doðo,doʊðoʊ,doʊðoʊ
do.ho,do.ho,doho,doho,doʊhoʊ,doʊhoʊ
go.mi,go.mi,gomi,gomi,goʊmi,goʊmi
go.ni,go.ni,goni,goni,goʊni,goʊni
go.pi,go.pi,gopi,gopi,goʊpi,goʊpi
go.ti,go.ti,goti,goti,goʊti,goʊti
go.ki,go.ki,goki,goki,goʊki,goʊki
go.bi,go.bi,gobi,gobi,goʊbi,goʊbi
go.di,go.di,godi,godi,goʊdi,goʊdi
go.gi,go.gi,gogi,gogi,goʊgi,goʊgi
go.fi,go.fi,gofi,gofi,goʊfi,goʊfi
go.si,go.si,gosi,gosi,goʊsi,goʊsi
go.vi,go.vi,govi,govi,goʊvi,goʊvi
go.zi,go.zi,gozi,gozi,goʊzi,goʊzi
go.ʃi,go.ʃi,goʃi,goʃi,goʊʃi,goʊʃi
go.ʒi,go.ʒi,goʒi,goʒi,goʊʒi,goʊʒi
go.θi,go.θi,goθi,goθi,goʊθi,goʊθi
go.ði,go.ði,goði,goði,goʊði,goʊði
go.hi,go.hi,gohi,gohi,goʊhi,goʊhi
go.me,go.me,gome,gome,goʊmeɪ,goʊmeɪ
go.ne,go.ne,gone,gone,goʊneɪ,goʊneɪ
go.pe,go.pe,gope,gope,goʊpeɪ,goʊpeɪ
go.te,go.te,gote,gote,goʊteɪ,goʊteɪ
go.ke,go.ke,goke,goke,goʊkeɪ,goʊkeɪ
go.be,go.be,gobe,gobe,goʊbeɪ,goʊbeɪ
go.de,go.de,gode,gode,goʊdeɪ,goʊdeɪ
go.ge,go.ge,goge,goge,goʊgeɪ,goʊgeɪ
go.fe,go.fe,gofe,gofe,goʊfeɪ,goʊfeɪ
go.se,go.se,gose,gose,goʊseɪ,goʊseɪ
go.ve,go.ve,gove,gove,goʊveɪ,goʊveɪ
go.ze,go.ze,goze,goze,goʊzeɪ,goʊzeɪ
go.ʃe,go.ʃe,goʃe,goʃe,goʊʃeɪ,goʊʃeɪ
go.ʒe,go.ʒe,goʒe,goʒe,goʊʒeɪ,goʊʒeɪ
go.θe,go.θe,goθe,goθe,goʊθeɪ,goʊθeɪ
go.ðe,go.ðe,goðe,goðe,goʊðeɪ,goʊðeɪ
go.he,go.he,gohe,gohe,goʊheɪ,goʊheɪ
go.mu,go.mu,gomu,gomu,goʊmu,goʊmu
go.nu,go.nu,gonu,gonu,goʊnu,goʊnu
go.pu,go.pu,gopu,gopu,goʊpu,goʊpu
go.tu,go.tu,gotu,gotu,goʊtu,goʊtu
go.ku,go.ku,goku,goku,goʊku,goʊku
go.bu,go.bu,gobu,gobu,goʊbu,goʊbu
go.du,go.du,godu,godu,goʊdu,goʊdu
go.gu,go.gu,gogu,gogu,goʊgu,goʊgu
go.fu,go.fu,gofu,gofu,goʊfu,goʊfu
go.su,go.su,gosu,gosu,goʊsu,goʊsu
go.vu,go.vu,govu,govu,goʊvu,goʊvu
go.zu,go.zu,gozu,gozu,goʊzu,goʊzu
go.ʃu,go.ʃu,goʃu,goʃu,goʊʃu,goʊʃu
go.ʒu,go.ʒu,goʒu,goʒu,goʊʒu,goʊʒu
go.θu,go.θu,goθu,goθu,goʊθu,goʊθu
go.ðu,go.ðu,goðu,goðu,goʊðu,goʊðu
go.hu,go.hu,gohu,gohu,goʊhu,goʊhu
go.mo,go.mo,gomo,gomo,goʊmoʊ,goʊmoʊ
go.no,go.no,gono,gono,goʊnoʊ,goʊnoʊ
go.po,go.po,gopo,gopo,goʊpoʊ,goʊpoʊ
go.to,go.to,goto,goto,goʊtoʊ,goʊtoʊ
go.ko,go.ko,goko,goko,goʊkoʊ,goʊkoʊ
go.bo,go.bo,gobo,gobo,goʊboʊ,goʊboʊ
go.do,go.do,godo,godo,goʊdoʊ,goʊdoʊ
go.go,go.go,gogo,gogo,goʊgoʊ,goʊgoʊ
go.fo,go.fo,gofo,gofo,goʊfoʊ,goʊfoʊ
go.so,go.so,goso,goso,goʊsoʊ,goʊsoʊ
go.vo,go.vo,govo,govo,goʊvoʊ,goʊvoʊ
go.zo,go.zo,gozo,gozo,goʊzoʊ,goʊzoʊ
go.ʃo,go.ʃo,goʃo,goʃo,goʊʃoʊ,goʊʃoʊ
go.ʒo,go.ʒo,goʒo,goʒo,goʊʒoʊ,goʊʒoʊ
go.θo,go.θo,goθo,goθo,goʊθoʊ,goʊθoʊ
go.ðo,go.ðo,goðo,goðo,goʊðoʊ,goʊðoʊ
go.ho,go.ho,goho,goho,goʊhoʊ,goʊhoʊ
fo.mi,fo.mi,fomi,fomi,foʊmi,foʊmi
fo.ni,fo.ni,foni,foni,foʊni,foʊni
fo.pi,fo.pi,fopi,fopi,foʊpi,foʊpi
fo.ti,fo.ti,foti,foti,foʊti,foʊti
fo.ki,fo.ki,foki,foki,foʊki,foʊki
fo.bi,fo.bi,fobi,fobi,foʊbi,foʊbi
fo.di,fo.di,fodi,fodi,foʊdi,foʊdi
fo.gi,fo.gi,fogi,fogi,foʊgi,foʊgi
fo.fi,fo.fi,fofi,fofi,foʊfi,foʊfi
fo.si,fo.si,fosi,fosi,foʊsi,foʊsi
fo.vi,fo.vi,fovi,fovi,foʊvi,foʊvi
fo.zi,fo.zi,fozi,fozi,foʊzi,foʊzi
fo.ʃi,fo.ʃi,foʃi,foʃi,foʊʃi,foʊʃi
fo.ʒi,fo.ʒi,foʒi,foʒi,foʊʒi,foʊʒi
fo.θi,fo.θi,foθi,foθi,foʊθi,foʊθi
fo.ði,fo.ði,foði,foði,foʊði,foʊði
fo.hi,fo.hi,fohi,fohi,foʊhi,foʊhi
fo.me,fo.me,fome,fome,foʊmeɪ,foʊmeɪ
fo.ne,fo.ne,fone,fone,foʊneɪ,foʊneɪ
fo.pe,fo.pe,fope,fope,foʊpeɪ,foʊpeɪ
fo.te,fo.te,fote,fote,foʊteɪ,foʊteɪ
fo.ke,fo.ke,foke,foke,foʊkeɪ,foʊkeɪ
fo.be,fo.be,fobe,fobe,foʊbeɪ,foʊbeɪ
fo.de,fo.de,fode,fode,foʊdeɪ,foʊdeɪ
fo.ge,fo.ge,foge,foge,foʊgeɪ,foʊgeɪ
fo.fe,fo.fe,fofe,fofe,foʊfeɪ,foʊfeɪ
fo.se,fo.se,fose,fose,foʊseɪ,foʊseɪ
fo.ve,fo.ve,fove,fove,foʊveɪ,foʊveɪ
fo.ze,fo.ze,foze,foze,foʊzeɪ,foʊzeɪ
fo.ʃe,fo.ʃe,foʃe,foʃe,foʊʃeɪ,foʊʃeɪ
fo.ʒe,fo.ʒe,foʒe,foʒe,foʊʒeɪ,foʊʒeɪ
fo.θe,fo.θe,foθe,foθe,foʊθeɪ,foʊθeɪ
fo.ðe,fo.ðe,foðe,foðe,foʊðeɪ,foʊðeɪ
fo.he,fo.he,fohe,fohe,foʊheɪ,foʊheɪ
fo.mu,fo.mu,fomu,fomu,foʊmu,foʊmu
fo.nu,fo.nu,fonu,fonu,foʊnu,foʊnu
fo.pu,fo.pu,fopu,fopu,foʊpu,foʊpu
fo.tu,fo.tu,fotu,fotu,foʊtu,foʊtu
fo.ku,fo.ku,foku,foku,foʊku,foʊku
fo.bu,fo.bu,fobu,fobu,foʊbu,foʊbu
fo.du,fo.du,fodu,fodu,foʊdu,foʊdu
fo.gu,fo.gu,fogu,fogu,foʊgu,foʊgu
fo.fu,fo.fu,fofu,fofu,foʊfu,foʊfu
fo.su,fo.su,fosu,fosu,foʊsu,foʊsu
fo.vu,fo.vu,fovu,fovu,foʊvu,foʊvu
fo.zu,fo.zu,fozu,fozu,foʊzu,foʊzu
fo.ʃu,fo.ʃu,foʃu,foʃu,foʊʃu,foʊʃu
fo.ʒu,fo.ʒu,foʒu,foʒu,foʊʒu,foʊʒu
fo.θu,fo.θu,foθu,foθu,foʊθu,foʊθu
fo.ðu,fo.ðu,foðu,foðu,foʊðu,foʊðu
fo.hu,fo.hu,fohu,fohu,foʊhu,foʊhu
fo.mo,fo.mo,fomo,fomo,foʊmoʊ,foʊmoʊ
fo.no,fo.no,fono,fono,foʊnoʊ,foʊnoʊ
fo.po,fo.po,fopo,fopo,foʊpoʊ,foʊpoʊ
fo.to,fo.to,foto,foto,foʊtoʊ,foʊtoʊ
fo.ko,fo.ko,foko,foko,foʊkoʊ,foʊkoʊ
fo.bo,fo.bo,fobo,fobo,foʊboʊ,foʊboʊ
fo.do,fo.do,fodo,fodo,foʊdoʊ,foʊdoʊ
fo.go,fo.go,fogo,fogo,foʊgoʊ,foʊgoʊ
fo.fo,fo.fo,fofo,fofo,foʊfoʊ,foʊfoʊ
fo.so,fo.so,foso,foso,foʊsoʊ,foʊsoʊ
fo.vo,fo.vo,fovo,fovo,foʊvoʊ,foʊvoʊ
fo.zo,fo.zo,fozo,fozo,foʊzoʊ,foʊzoʊ
fo.ʃo,fo.ʃo,foʃo,foʃo,foʊʃoʊ,foʊʃoʊ
fo.ʒo,fo.ʒo,foʒo,foʒo,foʊʒoʊ,foʊʒoʊ
fo.θo,fo.θo,foθo,foθo,foʊθoʊ,foʊθoʊ
fo.ðo,fo.ðo,foðo,foðo,foʊðoʊ,foʊðoʊ
fo.ho,fo.ho,foho,foho,foʊhoʊ,foʊhoʊ
so.mi,so.mi,somi,somi,soʊmi,soʊmi
so.ni,so.ni,soni,soni,soʊni,soʊni
so.pi,so.pi,sopi,sopi,soʊpi,soʊpi
so.ti,so.ti,soti,soti,soʊti,soʊti
so.ki,so.ki,soki,soki,soʊki,soʊki
so.bi,so.bi,sobi,sobi,soʊbi,soʊbi
so.di,so.di,sodi,sodi,soʊdi,soʊdi
so.gi,so.gi,sogi,sogi,soʊgi,soʊgi
so.fi,so.fi,sofi,sofi,soʊfi,soʊfi
so.si,so.si,sosi,sosi,soʊsi,soʊsi
so.vi,so.vi,sovi,sovi,soʊvi,soʊvi
so.zi,so.zi,sozi,sozi,soʊzi,soʊzi
so.ʃi,so.ʃi,soʃi,soʃi,soʊʃi,soʊʃi
so.ʒi,so.ʒi,soʒi,soʒi,soʊʒi,soʊʒi
so.θi,so.θi,soθi,soθi,soʊθi,soʊθi
so.ði,so.ði,soði,soði,soʊði,soʊði
so.hi,so.hi,sohi,sohi,soʊhi,soʊhi
so.me,so.me,some,some,soʊmeɪ,soʊmeɪ
so.ne,so.ne,sone,sone,soʊneɪ,soʊneɪ
so.pe,so.pe,sope,sope,soʊpeɪ,soʊpeɪ
so.te,so.te,sote,sote,soʊteɪ,soʊteɪ
so.ke,so.ke,soke,soke,soʊkeɪ,soʊkeɪ
so.be,so.be,sobe,sobe,soʊbeɪ,soʊbeɪ
so.de,so.de,sode,sode,soʊdeɪ,soʊdeɪ
so.ge,so.ge,soge,soge,soʊgeɪ,soʊgeɪ
so.fe,so.fe,sofe,sofe,soʊfeɪ,soʊfeɪ
so.se,so.se,sose,sose,soʊseɪ,soʊseɪ
so.ve,so.ve,sove,sove,soʊveɪ,soʊveɪ
so.ze,so.ze,soze,soze,soʊzeɪ,soʊzeɪ
so.ʃe,so.ʃe,soʃe,soʃe,soʊʃeɪ,soʊʃeɪ
so.ʒe,so.ʒe,soʒe,soʒe,soʊʒeɪ,soʊʒeɪ
so.θe,so.θe,soθe,soθe,soʊθeɪ,soʊθeɪ
so.ðe,so.ðe,soðe,soðe,soʊðeɪ,soʊðeɪ
so.he,so.he,sohe,sohe,soʊheɪ,soʊheɪ
so.mu,so.mu,somu,somu,soʊmu,soʊmu
so.nu,so.nu,sonu,sonu,soʊnu,soʊnu
so.pu,so.pu,sopu,sopu,soʊpu,soʊpu
so.tu,so.tu,sotu,sotu,soʊtu,soʊtu
so.ku,so.ku,soku,soku,soʊku,soʊku
so.bu,so.bu,sobu,sobu,soʊbu,soʊbu
so.du,so.du,sodu,sodu,soʊdu,soʊdu
so.gu,so.gu,sogu,sogu,soʊgu,soʊgu
so.fu,so.fu,sofu,sofu,soʊfu,soʊfu
so.su,so.su,sosu,sosu,soʊsu,soʊsu
so.vu,so.vu,sovu,sovu,soʊvu,soʊvu
so.zu,so.zu,sozu,sozu,soʊzu,soʊzu
so.ʃu,so.ʃu,soʃu,soʃu,soʊʃu,soʊʃu
so.ʒu,so.ʒu,soʒu,soʒu,soʊʒu,soʊʒu
so.θu,so.θu,soθu,soθu,soʊθu,soʊθu
so.ðu,so.ðu,soðu,soðu,soʊðu,soʊðu
so.hu,so.hu,sohu,sohu,soʊhu,soʊhu
so.mo,so.mo,somo,somo,soʊmoʊ,soʊmoʊ
so.no,so.no,sono,sono,soʊnoʊ,soʊnoʊ
so.po,so.po,sopo,sopo,soʊpoʊ,soʊpoʊ
so.to,so.to,soto,soto,soʊtoʊ,soʊtoʊ
so.ko,so.ko,soko,soko,soʊkoʊ,soʊkoʊ
so.bo,so.bo,sobo,sobo,soʊboʊ,soʊboʊ
so.do,so.do,sodo,sodo,soʊdoʊ,soʊdoʊ
so.go,so.go,sogo,sogo,soʊgoʊ,soʊgoʊ
so.fo,so.fo,sofo,sofo,soʊfoʊ,soʊfoʊ
so.so,so.so,soso,soso,soʊsoʊ,soʊsoʊ
so.vo,so.vo,sovo,sovo,soʊvoʊ,soʊvoʊ
so.zo,so.zo,sozo,sozo,soʊzoʊ,soʊzoʊ
so.ʃo,so.ʃo,soʃo,soʃo,soʊʃoʊ,soʊʃoʊ
so.ʒo,so.ʒo,soʒo,soʒo,soʊʒoʊ,soʊʒoʊ
so.θo,so.θo,soθo,soθo,soʊθoʊ,soʊθoʊ
so.ðo,so.ðo,soðo,soðo,soʊðoʊ,soʊðoʊ
so.ho,so.ho,soho,soho,soʊhoʊ,soʊhoʊ
vo.mi,vo.mi,vomi,vomi,voʊmi,voʊmi
vo.ni,vo.ni,voni,voni,voʊni,voʊni
vo.pi,vo.pi,vopi,vopi,voʊpi,voʊpi
vo.ti,vo.ti,voti,voti,voʊti,voʊti
vo.ki,vo.ki,voki,voki,voʊki,voʊki
vo.bi,vo.bi,vobi,vobi,voʊbi,voʊbi
vo.di,vo.di,vodi,vodi,voʊdi,voʊdi
vo.gi,vo.gi,vogi,vogi,voʊgi,voʊgi
vo.fi,vo.fi,vofi,vofi,voʊfi,voʊfi
vo.si,vo.si,vosi,vosi,voʊsi,voʊsi
vo.vi,vo.vi,vovi,vovi,voʊvi,voʊvi
vo.zi,vo.zi,vozi,vozi,voʊzi,voʊzi
vo.ʃi,vo.ʃi,voʃi,voʃi,voʊʃi,voʊʃi
vo.ʒi,vo.ʒi,voʒi,voʒi,voʊʒi,voʊʒi
vo.θi,vo.θi,voθi,voθi,voʊθi,voʊθi
vo.ði,vo.ði,voði,voði,voʊði,voʊði
vo.hi,vo.hi,vohi,vohi,voʊhi,voʊhi
vo.me,vo.me,vome,vome,voʊmeɪ,voʊmeɪ
vo.ne,vo.ne,vone,vone,voʊneɪ,voʊneɪ
vo.pe,vo.pe,vope,vope,voʊpeɪ,voʊpeɪ
vo.te,vo.te,vote,vote,voʊteɪ,voʊteɪ
vo.ke,vo.ke,voke,voke,voʊkeɪ,voʊkeɪ
vo.be,vo.be,vobe,vobe,voʊbeɪ,voʊbeɪ
vo.de,vo.de,vode,vode,voʊdeɪ,voʊdeɪ
vo.ge,vo.ge,voge,voge,voʊgeɪ,voʊgeɪ
vo.fe,vo.fe,vofe,vofe,voʊfeɪ,voʊfeɪ
vo.se,vo.se,vose,vose,voʊseɪ,voʊseɪ
vo.ve,vo.ve,vove,vove,voʊveɪ,voʊveɪ
vo.ze,vo.ze,voze,voze,voʊzeɪ,voʊzeɪ
vo.ʃe,vo.ʃe,voʃe,voʃe,voʊʃeɪ,voʊʃeɪ
vo.ʒe,vo.ʒe,voʒe,voʒe,voʊʒeɪ,voʊʒeɪ
vo.θe,vo.θe,voθe,voθe,voʊθeɪ,voʊθeɪ
vo.ðe,vo.ðe,voðe,voðe,voʊðeɪ,voʊðeɪ
vo.he,vo.he,vohe,vohe,voʊheɪ,voʊheɪ
vo.mu,vo.mu,vomu,vomu,voʊmu,voʊmu
vo.nu,vo.nu,vonu,vonu,voʊnu,voʊnu
vo.pu,vo.pu,vopu,vopu,voʊpu,voʊpu
vo.tu,vo.tu,votu,votu,voʊtu,voʊtu
vo.ku,vo.ku,voku,voku,voʊku,voʊku
vo.bu,vo.bu,vobu,vobu,voʊbu,voʊbu
vo.du,vo.du,vodu,vodu,voʊdu,voʊdu
vo.gu,vo.gu,vogu,vogu,voʊgu,voʊgu
vo.fu,vo.fu,vofu,vofu,voʊfu,voʊfu
vo.su,vo.su,vosu,vosu,voʊsu,voʊsu
vo.vu,vo.vu,vovu,vovu,voʊvu,voʊvu
vo.zu,vo.zu,vozu,vozu,voʊzu,voʊzu
vo.ʃu,vo.ʃu,voʃu,voʃu,voʊʃu,voʊʃu
vo.ʒu,vo.ʒu,voʒu,voʒu,voʊʒu,voʊʒu
vo.θu,vo.θu,voθu,voθu,voʊθu,voʊθu
vo.ðu,vo.ðu,voðu,voðu,voʊðu,voʊðu
vo.hu,vo.hu,vohu,vohu,voʊhu,voʊhu
vo.mo,vo.mo,vomo,vomo,voʊmoʊ,voʊmoʊ
vo.no,vo.no,vono,vono,voʊnoʊ,voʊnoʊ
vo.po,vo.po,vopo,vopo,voʊpoʊ,voʊpoʊ
vo.to,vo.to,voto,voto,voʊtoʊ,voʊtoʊ
vo.ko,vo.ko,voko,voko,voʊkoʊ,voʊkoʊ
vo.bo,vo.bo,vobo,vobo,voʊboʊ,voʊboʊ
vo.do,vo.do,vodo,vodo,voʊdoʊ,voʊdoʊ
vo.go,vo.go,vogo,vogo,voʊgoʊ,voʊgoʊ
vo.fo,vo.fo,vofo,vofo,voʊfoʊ,voʊfoʊ
vo.so,vo.so,voso,voso,voʊsoʊ,voʊsoʊ
vo.vo,vo.vo,vovo,vovo,voʊvoʊ,voʊvoʊ
vo.zo,vo.zo,vozo,vozo,voʊzoʊ,voʊzoʊ
vo.ʃo,vo.ʃo,voʃo,voʃo,voʊʃoʊ,voʊʃoʊ
vo.ʒo,vo.ʒo,voʒo,voʒo,voʊʒoʊ,voʊʒoʊ
vo.θo,vo.θo,voθo,voθo,voʊθoʊ,voʊθoʊ
vo.ðo,vo.ðo,voðo,voðo,voʊðoʊ,voʊðoʊ
vo.ho,vo.ho,voho,voho,voʊhoʊ,voʊhoʊ
zo.mi,zo.mi,zomi,zomi,zoʊmi,zoʊmi
zo.ni,zo.ni,zoni,zoni,zoʊni,zoʊni
zo.pi,zo.pi,zopi,zopi,zoʊpi,zoʊpi
zo.ti,zo.ti,zoti,zoti,zoʊti,zoʊti
zo.ki,zo.ki,zoki,zoki,zoʊki,zoʊki
zo.bi,zo.bi,zobi,zobi,zoʊbi,zoʊbi
zo.di,zo.di,zodi,zodi,zoʊdi,zoʊdi
zo.gi,zo.gi,zogi,zogi,zoʊgi,zoʊgi
zo.fi,zo.fi,zofi,zofi,zoʊfi,zoʊfi
zo.si,zo.si,zosi,zosi,zoʊsi,zoʊsi
zo.vi,zo.vi,zovi,zovi,zoʊvi,zoʊvi
zo.zi,zo.zi,zozi,zozi,zoʊzi,zoʊzi
zo.ʃi,zo.ʃi,zoʃi,zoʃi,zoʊʃi,zoʊʃi
zo.ʒi,zo.ʒi,zoʒi,zoʒi,zoʊʒi,zoʊʒi
zo.θi,zo.θi,zoθi,zoθi,zoʊθi,zoʊθi
zo.ði,zo.ði,zoði,zoði,zoʊði,zoʊði
zo.hi,zo.hi,zohi,zohi,zoʊhi,zoʊhi
zo.me,zo.me,zome,zome,zoʊmeɪ,zoʊmeɪ
zo.ne,zo.ne,zone,zone,zoʊneɪ,zoʊneɪ
zo.pe,zo.pe,zope,zope,zoʊpeɪ,zoʊpeɪ
zo.te,zo.te,zote,zote,zoʊteɪ,zoʊteɪ
zo.ke,zo.ke,zoke,zoke,zoʊkeɪ,zoʊkeɪ
zo.be,zo.be,zobe,zobe,zoʊbeɪ,zoʊbeɪ
zo.de,zo.de,zode,zode,zoʊdeɪ,zoʊdeɪ
zo.ge,zo.ge,zoge,zoge,zoʊgeɪ,zoʊgeɪ
zo.fe,zo.fe,zofe,zofe,zoʊfeɪ,zoʊfeɪ
zo.se,zo.se,zose,zose,zoʊseɪ,zoʊseɪ
zo.ve,zo.ve,zove,zove,zoʊveɪ,zoʊveɪ
zo.ze,zo.ze,zoze,zoze,zoʊzeɪ,zoʊzeɪ
zo.ʃe,zo.ʃe,zoʃe,zoʃe,zoʊʃeɪ,zoʊʃeɪ
zo.ʒe,zo.ʒe,zoʒe,zoʒe,zoʊʒeɪ,zoʊʒeɪ
zo.θe,zo.θe,zoθe,zoθe,zoʊθeɪ,zoʊθeɪ
zo.ðe,zo.ðe,zoðe,zoðe,zoʊðeɪ,zoʊðeɪ
zo.he,zo.he,zohe,zohe,zoʊheɪ,zoʊheɪ
zo.mu,zo.mu,zomu,zomu,zoʊmu,zoʊmu
zo.nu,zo.nu,zonu,zonu,zoʊnu,zoʊnu
zo.pu,zo.pu,zopu,zopu,zoʊpu,zoʊpu
zo.tu,zo.tu,zotu,zotu,zoʊtu,zoʊtu
zo.ku,zo.ku,zoku,zoku,zoʊku,zoʊku
zo.bu,zo.bu,zobu,zobu,zoʊbu,zoʊbu
zo.du,zo.du,zodu,zodu,zoʊdu,zoʊdu
zo.gu,zo.gu,zogu,zogu,zoʊgu,zoʊgu
zo.fu,zo.fu,zofu,zofu,zoʊfu,zoʊfu
zo.su,zo.su,zosu,zosu,zoʊsu,zoʊsu
zo.vu,zo.vu,zovu,zovu,zoʊvu,zoʊvu
zo.zu,zo.zu,zozu,zozu,zoʊzu,zoʊzu
zo.ʃu,zo.ʃu,zoʃu,zoʃu,zoʊʃu,zoʊʃu
zo.ʒu,zo.ʒu,zoʒu,zoʒu,zoʊʒu,zoʊʒu
zo.θu,zo.θu,zoθu,zoθu,zoʊθu,zoʊθu
zo.ðu,zo.ðu,zoðu,zoðu,zoʊðu,zoʊðu
zo.hu,zo.hu,zohu,zohu,zoʊhu,zoʊhu
zo.mo,zo.mo,zomo,zomo,zoʊmoʊ,zoʊmoʊ
zo.no,zo.no,zono,zono,zoʊnoʊ,zoʊnoʊ
zo.po,zo.po,zopo,zopo,zoʊpoʊ,zoʊpoʊ
zo.to,zo.to,zoto,zoto,zoʊtoʊ,zoʊtoʊ
zo.ko,zo.ko,zoko,zoko,zoʊkoʊ,zoʊkoʊ
zo.bo,zo.bo,zobo,zobo,zoʊboʊ,zoʊboʊ
zo.do,zo.do,zodo,zodo,zoʊdoʊ,zoʊdoʊ
zo.go,zo.go,zogo,zogo,zoʊgoʊ,zoʊgoʊ
zo.fo,zo.fo,zofo,zofo,zoʊfoʊ,zoʊfoʊ
zo.so,zo.so,zoso,zoso,zoʊsoʊ,zoʊsoʊ
zo.vo,zo.vo,zovo,zovo,zoʊvoʊ,zoʊvoʊ
zo.zo,zo.zo,zozo,zozo,zoʊzoʊ,zoʊzoʊ
zo.ʃo,zo.ʃo,zoʃo,zoʃo,zoʊʃoʊ,zoʊʃoʊ
zo.ʒo,zo.ʒo,zoʒo,zoʒo,zoʊʒoʊ,zoʊʒoʊ
zo.θo,zo.θo,zoθo,zoθo,zoʊθoʊ,zoʊθoʊ
zo.ðo,zo.ðo,zoðo,zoðo,zoʊðoʊ,zoʊðoʊ
zo.ho,zo.ho,zoho,zoho,zoʊhoʊ,zoʊhoʊ
ʃo.mi,ʃo.mi,ʃomi,ʃomi,ʃoʊmi,ʃoʊmi
ʃo.ni,ʃo.ni,ʃoni,ʃoni,ʃoʊni,ʃoʊni
ʃo.pi,ʃo.pi,ʃopi,ʃopi,ʃoʊpi,ʃoʊpi
ʃo.ti,ʃo.ti,ʃoti,ʃoti,ʃoʊti,ʃoʊti
ʃo.ki,ʃo.ki,ʃoki,ʃoki,ʃoʊki,ʃoʊki
ʃo.bi,ʃo.bi,ʃobi,ʃobi,ʃoʊbi,ʃoʊbi
ʃo.di,ʃo.di,ʃodi,ʃodi,ʃoʊdi,ʃoʊdi
ʃo.gi,ʃo.gi,ʃogi,ʃogi,ʃoʊgi,ʃoʊgi
ʃo.fi,ʃo.fi,ʃofi,ʃofi,ʃoʊfi,ʃoʊfi
ʃo.si,ʃo.si,ʃosi,ʃosi,ʃoʊsi,ʃoʊsi
ʃo.vi,ʃo.vi,ʃovi,ʃovi,ʃoʊvi,ʃoʊvi
ʃo.zi,ʃo.zi,ʃozi,ʃozi,ʃoʊzi,ʃoʊzi
ʃo.ʃi,ʃo.ʃi,ʃoʃi,ʃoʃi,ʃoʊʃi,ʃoʊʃi
ʃo.ʒi,ʃo.ʒi,ʃoʒi,ʃoʒi,ʃoʊʒi,ʃoʊʒi
ʃo.θi,ʃo.θi,ʃoθi,ʃoθi,ʃoʊθi,ʃoʊθi
ʃo.ði,ʃo.ði,ʃoði,ʃoði,ʃoʊði,ʃoʊði
ʃo.hi,ʃo.hi,ʃohi,ʃohi,ʃoʊhi,ʃoʊhi
ʃo.me,ʃo.me,ʃome,ʃome,ʃoʊmeɪ,ʃoʊmeɪ
ʃo.ne,ʃo.ne,ʃone,ʃone,ʃoʊneɪ,ʃoʊneɪ
ʃo.pe,ʃo.pe,ʃope,ʃope,ʃoʊpeɪ,ʃoʊpeɪ
ʃo.te,ʃo.te,ʃote,ʃote,ʃoʊteɪ,ʃoʊteɪ
ʃo.ke,ʃo.ke,ʃoke,ʃoke,ʃoʊkeɪ,ʃoʊkeɪ
ʃo.be,ʃo.be,ʃobe,ʃobe,ʃoʊbeɪ,ʃoʊbeɪ
ʃo.de,ʃo.de,ʃode,ʃode,ʃoʊdeɪ,ʃoʊdeɪ
ʃo.ge,ʃo.ge,ʃoge,ʃoge,ʃoʊgeɪ,ʃoʊgeɪ
ʃo.fe,ʃo.fe,ʃofe,ʃofe,ʃoʊfeɪ,ʃoʊfeɪ
ʃo.se,ʃo.se,ʃose,ʃose,ʃoʊseɪ,ʃoʊseɪ
ʃo.ve,ʃo.ve,ʃove,ʃove,ʃoʊveɪ,ʃoʊveɪ
ʃo.ze,ʃo.ze,ʃoze,ʃoze,ʃoʊzeɪ,ʃoʊzeɪ
ʃo.ʃe,ʃo.ʃe,ʃoʃe,ʃoʃe,ʃoʊʃeɪ,ʃoʊʃeɪ
ʃo.ʒe,ʃo.ʒe,ʃoʒe,ʃoʒe,ʃoʊʒeɪ,ʃoʊʒeɪ
ʃo.θe,ʃo.θe,ʃoθe,ʃoθe,ʃoʊθeɪ,ʃoʊθeɪ
ʃo.ðe,ʃo.ðe,ʃoðe,ʃoðe,ʃoʊðeɪ,ʃoʊðeɪ
ʃo.he,ʃo.he,ʃohe,ʃohe,ʃoʊheɪ,ʃoʊheɪ
ʃo.mu,ʃo.mu,ʃomu,ʃomu,ʃoʊmu,ʃoʊmu
ʃo.nu,ʃo.nu,ʃonu,ʃonu,ʃoʊnu,ʃoʊnu
ʃo.pu,ʃo.pu,ʃopu,ʃopu,ʃoʊpu,ʃoʊpu
ʃo.tu,ʃo.tu,ʃotu,ʃotu,ʃoʊtu,ʃoʊtu
ʃo.ku,ʃo.ku,ʃoku,ʃoku,ʃoʊku,ʃoʊku
ʃo.bu,ʃo.bu,ʃobu,ʃobu,ʃoʊbu,ʃoʊbu
ʃo.du,ʃo.du,ʃodu,ʃodu,ʃoʊdu,ʃoʊdu
ʃo.gu,ʃo.gu,ʃogu,ʃogu,ʃoʊgu,ʃoʊgu
ʃo.fu,ʃo.fu,ʃofu,ʃofu,ʃoʊfu,ʃoʊfu
ʃo.su,ʃo.su,ʃosu,ʃosu,ʃoʊsu,ʃoʊsu
ʃo.vu,ʃo.vu,ʃovu,ʃovu,ʃoʊvu,ʃoʊvu
ʃo.zu,ʃo.zu,ʃozu,ʃozu,ʃoʊzu,ʃoʊzu
ʃo.ʃu,ʃo.ʃu,ʃoʃu,ʃoʃu,ʃoʊʃu,ʃoʊʃu
ʃo.ʒu,ʃo.ʒu,ʃoʒu,ʃoʒu,ʃoʊʒu,ʃoʊʒu
ʃo.θu,ʃo.θu,ʃoθu,ʃoθu,ʃoʊθu,ʃoʊθu
ʃo.ðu,ʃo.ðu,ʃoðu,ʃoðu,ʃoʊðu,ʃoʊðu
ʃo.hu,ʃo.hu,ʃohu,ʃohu,ʃoʊhu,ʃoʊhu
ʃo.mo,ʃo.mo,ʃomo,ʃomo,ʃoʊmoʊ,ʃoʊmoʊ
ʃo.no,ʃo.no,ʃono,ʃono,ʃoʊnoʊ,ʃoʊnoʊ
ʃo.po,ʃo.po,ʃopo,ʃopo,ʃoʊpoʊ,ʃoʊpoʊ
ʃo.to,ʃo.to,ʃoto,ʃoto,ʃoʊtoʊ,ʃoʊtoʊ
ʃo.ko,ʃo.ko,ʃoko,ʃoko,ʃoʊkoʊ,ʃoʊkoʊ
ʃo.bo,ʃo.bo,ʃobo,ʃobo,ʃoʊboʊ,ʃoʊboʊ
ʃo.do,ʃo.do,ʃodo,ʃodo,ʃoʊdoʊ,ʃoʊdoʊ
ʃo.go,ʃo.go,ʃogo,ʃogo,ʃoʊgoʊ,ʃoʊgoʊ
ʃo.fo,ʃo.fo,ʃofo,ʃofo,ʃoʊfoʊ,ʃoʊfoʊ
ʃo.so,ʃo.so,ʃoso,ʃoso,ʃoʊsoʊ,ʃoʊsoʊ
ʃo.vo,ʃo.vo,ʃovo,ʃovo,ʃoʊvoʊ,ʃoʊvoʊ
ʃo.zo,ʃo.zo,ʃozo,ʃozo,ʃoʊzoʊ,ʃoʊzoʊ
ʃo.ʃo,ʃo.ʃo,ʃoʃo,ʃoʃo,ʃoʊʃoʊ,ʃoʊʃoʊ
ʃo.ʒo,ʃo.ʒo,ʃoʒo,ʃoʒo,ʃoʊʒoʊ,ʃoʊʒoʊ
ʃo.θo,ʃo.θo,ʃoθo,ʃoθo,ʃoʊθoʊ,ʃoʊθoʊ
ʃo.ðo,ʃo.ðo,ʃoðo,ʃoðo,ʃoʊðoʊ,ʃoʊðoʊ
ʃo.ho,ʃo.ho,ʃoho,ʃoho,ʃoʊhoʊ,ʃoʊhoʊ
ʒo.mi,ʒo.mi,ʒomi,ʒomi,ʒoʊmi,ʒoʊmi
ʒo.ni,ʒo.ni,ʒoni,ʒoni,ʒoʊni,ʒoʊni
ʒo.pi,ʒo.pi,ʒopi,ʒopi,ʒoʊpi,ʒoʊpi
ʒo.ti,ʒo.ti,ʒoti,ʒoti,ʒoʊti,ʒoʊti
ʒo.ki,ʒo.ki,ʒoki,ʒoki,ʒoʊki,ʒoʊki
ʒo.bi,ʒo.bi,ʒobi,ʒobi,ʒoʊbi,ʒoʊbi
ʒo.di,ʒo.di,ʒodi,ʒodi,ʒoʊdi,ʒoʊdi
ʒo.gi,ʒo.gi,ʒogi,ʒogi,ʒoʊgi,ʒoʊgi
ʒo.fi,ʒo.fi,ʒofi,ʒofi,ʒoʊfi,ʒoʊfi
ʒo.si,ʒo.si,ʒosi,ʒosi,ʒoʊsi,ʒoʊsi
ʒo.vi,ʒo.vi,ʒovi,ʒovi,ʒoʊvi,ʒoʊvi
ʒo.zi,ʒo.zi,ʒozi,ʒozi,ʒoʊzi,ʒoʊzi
ʒo.ʃi,ʒo.ʃi,ʒoʃi,ʒoʃi,ʒoʊʃi,ʒoʊʃi
ʒo.ʒi,ʒo.ʒi,ʒoʒi,ʒoʒi,ʒoʊʒi,ʒoʊʒi
ʒo.θi,ʒo.θi,ʒoθi,ʒoθi,ʒoʊθi,ʒoʊθi
ʒo.ði,ʒo.ði,ʒoði,ʒoði,ʒoʊði,ʒoʊði
ʒo.hi,ʒo.hi,ʒohi,ʒohi,ʒoʊhi,ʒoʊhi
ʒo.me,ʒo.me,ʒome,ʒome,ʒoʊmeɪ,ʒoʊmeɪ
ʒo.ne,ʒo.ne,ʒone,ʒone,ʒoʊneɪ,ʒoʊneɪ
ʒo.pe,ʒo.pe,ʒope,ʒope,ʒoʊpeɪ,ʒoʊpeɪ
ʒo.te,ʒo.te,ʒote,ʒote,ʒoʊteɪ,ʒoʊteɪ
ʒo.ke,ʒo.ke,ʒoke,ʒoke,ʒoʊkeɪ,ʒoʊkeɪ
ʒo.be,ʒo.be,ʒobe,ʒobe,ʒoʊbeɪ,ʒoʊbeɪ
ʒo.de,ʒo.de,ʒode,ʒode,ʒoʊdeɪ,ʒoʊdeɪ
ʒo.ge,ʒo.ge,ʒoge,ʒoge,ʒoʊgeɪ,ʒoʊgeɪ
ʒo.fe,ʒo.fe,ʒofe,ʒofe,ʒoʊfeɪ,ʒoʊfeɪ
ʒo.se,ʒo.se,ʒose,ʒose,ʒoʊseɪ,ʒoʊseɪ
ʒo.ve,ʒo.ve,ʒove,ʒove,ʒoʊveɪ,ʒoʊveɪ
ʒo.ze,ʒo.ze,ʒoze,ʒoze,ʒoʊzeɪ,ʒoʊzeɪ
ʒo.ʃe,ʒo.ʃe,ʒoʃe,ʒoʃe,ʒoʊʃeɪ,ʒoʊʃeɪ
ʒo.ʒe,ʒo.ʒe,ʒoʒe,ʒoʒe,ʒoʊʒeɪ,ʒoʊʒeɪ
ʒo.θe,ʒo.θe,ʒoθe,ʒoθe,ʒoʊθeɪ,ʒoʊθeɪ
ʒo.ðe,ʒo.ðe,ʒoðe,ʒoðe,ʒoʊðeɪ,ʒoʊðeɪ
ʒo.he,ʒo.he,ʒohe,ʒohe,ʒoʊheɪ,ʒoʊheɪ
ʒo.mu,ʒo.mu,ʒomu,ʒomu,ʒoʊmu,ʒoʊmu
ʒo.nu,ʒo.nu,ʒonu,ʒonu,ʒoʊnu,ʒoʊnu
ʒo.pu,ʒo.pu,ʒopu,ʒopu,ʒoʊpu,ʒoʊpu
ʒo.tu,ʒo.tu,ʒotu,ʒotu,ʒoʊtu,ʒoʊtu
ʒo.ku,ʒo.ku,ʒoku,ʒoku,ʒoʊku,ʒoʊku
ʒo.bu,ʒo.bu,ʒobu,ʒobu,ʒoʊbu,ʒoʊbu
ʒo.du,ʒo.du,ʒodu,ʒodu,ʒoʊdu,ʒoʊdu
ʒo.gu,ʒo.gu,ʒogu,ʒogu,ʒoʊgu,ʒoʊgu
ʒo.fu,ʒo.fu,ʒofu,ʒofu,ʒoʊfu,ʒoʊfu
ʒo.su,ʒo.su,ʒosu,ʒosu,ʒoʊsu,ʒoʊsu
ʒo.vu,ʒo.vu,ʒovu,ʒovu,ʒoʊvu,ʒoʊvu
ʒo.zu,ʒo.zu,ʒozu,ʒozu,ʒoʊzu,ʒoʊzu
ʒo.ʃu,ʒo.ʃu,ʒoʃu,ʒoʃu,ʒoʊʃu,ʒoʊʃu
ʒo.ʒu,ʒo.ʒu,ʒoʒu,ʒoʒu,ʒoʊʒu,ʒoʊʒu
ʒo.θu,ʒo.θu,ʒoθu,ʒoθu,ʒoʊθu,ʒoʊθu
ʒo.ðu,ʒo.ðu,ʒoðu,ʒoðu,ʒoʊðu,ʒoʊðu
ʒo.hu,ʒo.hu,ʒohu,ʒohu,ʒoʊhu,ʒoʊhu
ʒo.mo,ʒo.mo,ʒomo,ʒomo,ʒoʊmoʊ,ʒoʊmoʊ
ʒo.no,ʒo.no,ʒono,ʒono,ʒoʊnoʊ,ʒoʊnoʊ
ʒo.po,ʒo.po,ʒopo,ʒopo,ʒoʊpoʊ,ʒoʊpoʊ
ʒo.to,ʒo.to,ʒoto,ʒoto,ʒoʊtoʊ,ʒoʊtoʊ
ʒo.ko,ʒo.ko,ʒoko,ʒoko,ʒoʊkoʊ,ʒoʊkoʊ
ʒo.bo,ʒo.bo,ʒobo,ʒobo,ʒoʊboʊ,ʒoʊboʊ
ʒo.do,ʒo.do,ʒodo,ʒodo,ʒoʊdoʊ,ʒoʊdoʊ
ʒo.go,ʒo.go,ʒogo,ʒogo,ʒoʊgoʊ,ʒoʊgoʊ
ʒo.fo,ʒo.fo,ʒofo,ʒofo,ʒoʊfoʊ,ʒoʊfoʊ
ʒo.so,ʒo.so,ʒoso,ʒoso,ʒoʊsoʊ,ʒoʊsoʊ
ʒo.vo,ʒo.vo,ʒovo,ʒovo,ʒoʊvoʊ,ʒoʊvoʊ
ʒo.zo,ʒo.zo,ʒozo,ʒozo,ʒoʊzoʊ,ʒoʊzoʊ
ʒo.ʃo,ʒo.ʃo,ʒoʃo,ʒoʃo,ʒoʊʃoʊ,ʒoʊʃoʊ
ʒo.ʒo,ʒo.ʒo,ʒoʒo,ʒoʒo,ʒoʊʒoʊ,ʒoʊʒoʊ
ʒo.θo,ʒo.θo,ʒoθo,ʒoθo,ʒoʊθoʊ,ʒoʊθoʊ
ʒo.ðo,ʒo.ðo,ʒoðo,ʒoðo,ʒoʊðoʊ,ʒoʊðoʊ
ʒo.ho,ʒo.ho,ʒoho,ʒoho,ʒoʊhoʊ,ʒoʊhoʊ
θo.mi,θo.mi,θomi,θomi,θoʊmi,θoʊmi
θo.ni,θo.ni,θoni,θoni,θoʊni,θoʊni
θo.pi,θo.pi,θopi,θopi,θoʊpi,θoʊpi
θo.ti,θo.ti,θoti,θoti,θoʊti,θoʊti
θo.ki,θo.ki,θoki,θoki,θoʊki,θoʊki
θo.bi,θo.bi,θobi,θobi,θoʊbi,θoʊbi
θo.di,θo.di,θodi,θodi,θoʊdi,θoʊdi
θo.gi,θo.gi,θogi,θogi,θoʊgi,θoʊgi
θo.fi,θo.fi,θofi,θofi,θoʊfi,θoʊfi
θo.si,θo.si,θosi,θosi,θoʊsi,θoʊsi
θo.vi,θo.vi,θovi,θovi,θoʊvi,θoʊvi
θo.zi,θo.zi,θozi,θozi,θoʊzi,θoʊzi
θo.ʃi,θo.ʃi,θoʃi,θoʃi,θoʊʃi,θoʊʃi
θo.ʒi,θo.ʒi,θoʒi,θoʒi,θoʊʒi,θoʊʒi
θo.θi,θo.θi,θoθi,θoθi,θoʊθi,θoʊθi
θo.ði,θo.ði,θoði,θoði,θoʊði,θoʊði
θo.hi,θo.hi,θohi,θohi,θoʊhi,θoʊhi
θo.me,θo.me,θome,θome,θoʊmeɪ,θoʊmeɪ
θo.ne,θo.ne,θone,θone,θoʊneɪ,θoʊneɪ
θo.pe,θo.pe,θope,θope,θoʊpeɪ,θoʊpeɪ
θo.te,θo.te,θote,θote,θoʊteɪ,θoʊteɪ
θo.ke,θo.ke,θoke,θoke,θoʊkeɪ,θoʊkeɪ
θo.be,θo.be,θobe,θobe,θoʊbeɪ,θoʊbeɪ
θo.de,θo.de,θode,θode,θoʊdeɪ,θoʊdeɪ
θo.ge,θo.ge,θoge,θoge,θoʊgeɪ,θoʊgeɪ
θo.fe,θo.fe,θofe,θofe,θoʊfeɪ,θoʊfeɪ
θo.se,θo.se,θose,θose,θoʊseɪ,θoʊseɪ
θo.ve,θo.ve,θove,θove,θoʊveɪ,θoʊveɪ
θo.ze,θo.ze,θoze,θoze,θoʊzeɪ,θoʊzeɪ
θo.ʃe,θo.ʃe,θoʃe,θoʃe,θoʊʃeɪ,θoʊʃeɪ
θo.ʒe,θo.ʒe,θoʒe,θoʒe,θoʊʒeɪ,θoʊʒeɪ
θo.θe,θo.θe,θoθe,θoθe,θoʊθeɪ,θoʊθeɪ
θo.ðe,θo.ðe,θoðe,θoðe,θoʊðeɪ,θoʊðeɪ
θo.he,θo.he,θohe,θohe,θoʊheɪ,θoʊheɪ
θo.mu,θo.mu,θomu,θomu,θoʊmu,θoʊmu
θo.nu,θo.nu,θonu,θonu,θoʊnu,θoʊnu
θo.pu,θo.pu,θopu,θopu,θoʊpu,θoʊpu
θo.tu,θo.tu,θotu,θotu,θoʊtu,θoʊtu
θo.ku,θo.ku,θoku,θoku,θoʊku,θoʊku
θo.bu,θo.bu,θobu,θobu,θoʊbu,θoʊbu
θo.du,θo.du,θodu,θodu,θoʊdu,θoʊdu
θo.gu,θo.gu,θogu,θogu,θoʊgu,θoʊgu
θo.fu,θo.fu,θofu,θofu,θoʊfu,θoʊfu
θo.su,θo.su,θosu,θosu,θoʊsu,θoʊsu
θo.vu,θo.vu,θovu,θovu,θoʊvu,θoʊvu
θo.zu,θo.zu,θozu,θozu,θoʊzu,θoʊzu
θo.ʃu,θo.ʃu,θoʃu,θoʃu,θoʊʃu,θoʊʃu
θo.ʒu,θo.ʒu,θoʒu,θoʒu,θoʊʒu,θoʊʒu
θo.θu,θo.θu,θoθu,θoθu,θoʊθu,θoʊθu
θo.ðu,θo.ðu,θoðu,θoðu,θoʊðu,θoʊðu
θo.hu,θo.hu,θohu,θohu,θoʊhu,θoʊhu
θo.mo,θo.mo,θomo,θomo,θoʊmoʊ,θoʊmoʊ
θo.no,θo.no,θono,θono,θoʊnoʊ,θoʊnoʊ
θo.po,θo.po,θopo,θopo,θoʊpoʊ,θoʊpoʊ
θo.to,θo.to,θoto,θoto,θoʊtoʊ,θoʊtoʊ
θo.ko,θo.ko,θoko,θoko,θoʊkoʊ,θoʊkoʊ
θo.bo,θo.bo,θobo,θobo,θoʊboʊ,θoʊboʊ
θo.do,θo.do,θodo,θodo,θoʊdoʊ,θoʊdoʊ
θo.go,θo.go,θogo,θogo,θoʊgoʊ,θoʊgoʊ
θo.fo,θo.fo,θofo,θofo,θoʊfoʊ,θoʊfoʊ
θo.so,θo.so,θoso,θoso,θoʊsoʊ,θoʊsoʊ
θo.vo,θo.vo,θovo,θovo,θoʊvoʊ,θoʊvoʊ
θo.zo,θo.zo,θozo,θozo,θoʊzoʊ,θoʊzoʊ
θo.ʃo,θo.ʃo,θoʃo,θoʃo,θoʊʃoʊ,θoʊʃoʊ
θo.ʒo,θo.ʒo,θoʒo,θoʒo,θoʊʒoʊ,θoʊʒoʊ
θo.θo,θo.θo,θoθo,θoθo,θoʊθoʊ,θoʊθoʊ
θo.ðo,θo.ðo,θoðo,θoðo,θoʊðoʊ,θoʊðoʊ
θo.ho,θo.ho,θoho,θoho,θoʊhoʊ,θoʊhoʊ
ðo.mi,ðo.mi,ðomi,ðomi,ðoʊmi,ðoʊmi
ðo.ni,ðo.ni,ðoni,ðoni,ðoʊni,ðoʊni
ðo.pi,ðo.pi,ðopi,ðopi,ðoʊpi,ðoʊpi
ðo.ti,ðo.ti,ðoti,ðoti,ðoʊti,ðoʊti
ðo.ki,ðo.ki,ðoki,ðoki,ðoʊki,ðoʊki
ðo.bi,ðo.bi,ðobi,ðobi,ðoʊbi,ðoʊbi
ðo.di,ðo.di,ðodi,ðodi,ðoʊdi,ðoʊdi
ðo.gi,ðo.gi,ðogi,ðogi,ðoʊgi,ðoʊgi
ðo.fi,ðo.fi,ðofi,ðofi,ðoʊfi,ðoʊfi
ðo.si,ðo.si,ðosi,ðosi,ðoʊsi,ðoʊsi
ðo.vi,ðo.vi,ðovi,ðovi,ðoʊvi,ðoʊvi
ðo.zi,ðo.zi,ðozi,ðozi,ðoʊzi,ðoʊzi
ðo.ʃi,ðo.ʃi,ðoʃi,ðoʃi,ðoʊʃi,ðoʊʃi
ðo.ʒi,ðo.ʒi,ðoʒi,ðoʒi,ðoʊʒi,ðoʊʒi
ðo.θi,ðo.θi,ðoθi,ðoθi,ðoʊθi,ðoʊθi
ðo.ði,ðo.ði,ðoði,ðoði,ðoʊði,ðoʊði
ðo.hi,ðo.hi,ðohi,ðohi,ðoʊhi,ðoʊhi
ðo.me,ðo.me,ðome,ðome,ðoʊmeɪ,ðoʊmeɪ
ðo.ne,ðo.ne,ðone,ðone,ðoʊneɪ,ðoʊneɪ
ðo.pe,ðo.pe,ðope,ðope,ðoʊpeɪ,ðoʊpeɪ
ðo.te,ðo.te,ðote,ðote,ðoʊteɪ,ðoʊteɪ
ðo.ke,ðo.ke,ðoke,ðoke,ðoʊkeɪ,ðoʊkeɪ
ðo.be,ðo.be,ðobe,ðobe,ðoʊbeɪ,ðoʊbeɪ
ðo.de,ðo.de,ðode,ðode,ðoʊdeɪ,ðoʊdeɪ
ðo.ge,ðo.ge,ðoge,ðoge,ðoʊgeɪ,ðoʊgeɪ
ðo.fe,ðo.fe,ðofe,ðofe,ðoʊfeɪ,ðoʊfeɪ
ðo.se,ðo.se,ðose,ðose,ðoʊseɪ,ðoʊseɪ
ðo.ve,ðo.ve,ðove,ðove,ðoʊveɪ,ðoʊveɪ
ðo.ze,ðo.ze,ðoze,ðoze,ðoʊzeɪ,ðoʊzeɪ
ðo.ʃe,ðo.ʃe,ðoʃe,ðoʃe,ðoʊʃeɪ,ðoʊʃeɪ
ðo.ʒe,ðo.ʒe,ðoʒe,ðoʒe,ðoʊʒeɪ,ðoʊʒeɪ
ðo.θe,ðo.θe,ðoθe,ðoθe,ðoʊθeɪ,ðoʊθeɪ
ðo.ðe,ðo.ðe,ðoðe,ðoðe,ðoʊðeɪ,ðoʊðeɪ
ðo.he,ðo.he,ðohe,ðohe,ðoʊheɪ,ðoʊheɪ
ðo.mu,ðo.mu,ðomu,ðomu,ðoʊmu,ðoʊmu
ðo.nu,ðo.nu,ðonu,ðonu,ðoʊnu,ðoʊnu
ðo.pu,ðo.pu,ðopu,ðopu,ðoʊpu,ðoʊpu
ðo.tu,ðo.tu,ðotu,ðotu,ðoʊtu,ðoʊtu
ðo.ku,ðo.ku,ðoku,ðoku,ðoʊku,ðoʊku
ðo.bu,ðo.bu,ðobu,ðobu,ðoʊbu,ðoʊbu
ðo.du,ðo.du,ðodu,ðodu,ðoʊdu,ðoʊdu
ðo.gu,ðo.gu,ðogu,ðogu,ðoʊgu,ðoʊgu
ðo.fu,ðo.fu,ðofu,ðofu,ðoʊfu,ðoʊfu
ðo.su,ðo.su,ðosu,ðosu,ðoʊsu,ðoʊsu
ðo.vu,ðo.vu,ðovu,ðovu,ðoʊvu,ðoʊvu
ðo.zu,ðo.zu,ðozu,ðozu,ðoʊzu,ðoʊzu
ðo.ʃu,ðo.ʃu,ðoʃu,ðoʃu,ðoʊʃu,ðoʊʃu
ðo.ʒu,ðo.ʒu,ðoʒu,ðoʒu,ðoʊʒu,ðoʊʒu
ðo.θu,ðo.θu,ðoθu,ðoθu,ðoʊθu,ðoʊθu
ðo.ðu,ðo.ðu,ðoðu,ðoðu,ðoʊðu,ðoʊðu
ðo.hu,ðo.hu,ðohu,ðohu,ðoʊhu,ðoʊhu
ðo.mo,ðo.mo,ðomo,ðomo,ðoʊmoʊ,ðoʊmoʊ
ðo.no,ðo.no,ðono,ðono,ðoʊnoʊ,ðoʊnoʊ
ðo.po,ðo.po,ðopo,ðopo,ðoʊpoʊ,ðoʊpoʊ
ðo.to,ðo.to,ðoto,ðoto,ðoʊtoʊ,ðoʊtoʊ
ðo.ko,ðo.ko,ðoko,ðoko,ðoʊkoʊ,ðoʊkoʊ
ðo.bo,ðo.bo,ðobo,ðobo,ðoʊboʊ,ðoʊboʊ
ðo.do,ðo.do,ðodo,ðodo,ðoʊdoʊ,ðoʊdoʊ
ðo.go,ðo.go,ðogo,ðogo,ðoʊgoʊ,ðoʊgoʊ
ðo.fo,ðo.fo,ðofo,ðofo,ðoʊfoʊ,ðoʊfoʊ
ðo.so,ðo.so,ðoso,ðoso,ðoʊsoʊ,ðoʊsoʊ
ðo.vo,ðo.vo,ðovo,ðovo,ðoʊvoʊ,ðoʊvoʊ
ðo.zo,ðo.zo,ðozo,ðozo,ðoʊzoʊ,ðoʊzoʊ
ðo.ʃo,ðo.ʃo,ðoʃo,ðoʃo,ðoʊʃoʊ,ðoʊʃoʊ
ðo.ʒo,ðo.ʒo,ðoʒo,ðoʒo,ðoʊʒoʊ,ðoʊʒoʊ
ðo.θo,ðo.θo,ðoθo,ðoθo,ðoʊθoʊ,ðoʊθoʊ
ðo.ðo,ðo.ðo,ðoðo,ðoðo,ðoʊðoʊ,ðoʊðoʊ
ðo.ho,ðo.ho,ðoho,ðoho,ðoʊhoʊ,ðoʊhoʊ
ho.mi,ho.mi,homi,homi,hoʊmi,hoʊmi
ho.ni,ho.ni,honi,honi,hoʊni,hoʊni
ho.pi,ho.pi,hopi,hopi,hoʊpi,hoʊpi
ho.ti,ho.ti,hoti,hoti,hoʊti,hoʊti
ho.ki,ho.ki,hoki,hoki,hoʊki,hoʊki
ho.bi,ho.bi,hobi,hobi,hoʊbi,hoʊbi
ho.di,ho.di,hodi,hodi,hoʊdi,hoʊdi
ho.gi,ho.gi,hogi,hogi,hoʊgi,hoʊgi
ho.fi,ho.fi,hofi,hofi,hoʊfi,hoʊfi
ho.si,ho.si,hosi,hosi,hoʊsi,hoʊsi
ho.vi,ho.vi,hovi,hovi,hoʊvi,hoʊvi
ho.zi,ho.zi,hozi,hozi,hoʊzi,hoʊzi
ho.ʃi,ho.ʃi,hoʃi,hoʃi,hoʊʃi,hoʊʃi
ho.ʒi,ho.ʒi,hoʒi,hoʒi,hoʊʒi,hoʊʒi
ho.θi,ho.θi,hoθi,hoθi,hoʊθi,hoʊθi
ho.ði,ho.ði,hoði,hoði,hoʊði,hoʊði
ho.hi,ho.hi,hohi,hohi,hoʊhi,hoʊhi
ho.me,ho.me,home,home,hoʊmeɪ,hoʊmeɪ
ho.ne,ho.ne,hone,hone,hoʊneɪ,hoʊneɪ
ho.pe,ho.pe,hope,hope,hoʊpeɪ,hoʊpeɪ
ho.te,ho.te,hote,hote,hoʊteɪ,hoʊteɪ
ho.ke,ho.ke,hoke,hoke,hoʊkeɪ,hoʊkeɪ
ho.be,ho.be,hobe,hobe,hoʊbeɪ,hoʊbeɪ
ho.de,ho.de,hode,hode,hoʊdeɪ,hoʊdeɪ
ho.ge,ho.ge,hoge,hoge,hoʊgeɪ,hoʊgeɪ
ho.fe,ho.fe,hofe,hofe,hoʊfeɪ,hoʊfeɪ
ho.se,ho.se,hose,hose,hoʊseɪ,hoʊseɪ
ho.ve,ho.ve,hove,hove,hoʊveɪ,hoʊveɪ
ho.ze,ho.ze,hoze,hoze,hoʊzeɪ,hoʊzeɪ
ho.ʃe,ho.ʃe,hoʃe,hoʃe,hoʊʃeɪ,hoʊʃeɪ
ho.ʒe,ho.ʒe,hoʒe,hoʒe,hoʊʒeɪ,hoʊʒeɪ
ho.θe,ho.θe,hoθe,hoθe,hoʊθeɪ,hoʊθeɪ
ho.ðe,ho.ðe,hoðe,hoðe,hoʊðeɪ,hoʊðeɪ
ho.he,ho.he,hohe,hohe,hoʊheɪ,hoʊheɪ
ho.mu,ho.mu,homu,homu,hoʊmu,hoʊmu
ho.nu,ho.nu,honu,honu,hoʊnu,hoʊnu
ho.pu,ho.pu,hopu,hopu,hoʊpu,hoʊpu
ho.tu,ho.tu,hotu,hotu,hoʊtu,hoʊtu
ho.ku,ho.ku,hoku,hoku,hoʊku,hoʊku
ho.bu,ho.bu,hobu,hobu,hoʊbu,hoʊbu
ho.du,ho.du,hodu,hodu,hoʊdu,hoʊdu
ho.gu,ho.gu,hogu,hogu,hoʊgu,hoʊgu
ho.fu,ho.fu,hofu,hofu,hoʊfu,hoʊfu
ho.su,ho.su,hosu,hosu,hoʊsu,hoʊsu
ho.vu,ho.vu,hovu,hovu,hoʊvu,hoʊvu
ho.zu,ho.zu,hozu,hozu,hoʊzu,hoʊzu
ho.ʃu,ho.ʃu,hoʃu,hoʃu,hoʊʃu,hoʊʃu
ho.ʒu,ho.ʒu,hoʒu,hoʒu,hoʊʒu,hoʊʒu
ho.θu,ho.θu,hoθu,hoθu,hoʊθu,hoʊθu
ho.ðu,ho.ðu,hoðu,hoðu,hoʊðu,hoʊðu
ho.hu,ho.hu,hohu,hohu,hoʊhu,hoʊhu
ho.mo,ho.mo,homo,homo,hoʊmoʊ,hoʊmoʊ
ho.no,ho.no,hono,hono,hoʊnoʊ,hoʊnoʊ
ho.po,ho.po,hopo,hopo,hoʊpoʊ,hoʊpoʊ
ho.to,ho.to,hoto,hoto,hoʊtoʊ,hoʊtoʊ
ho.ko,ho.ko,hoko,hoko,hoʊkoʊ,hoʊkoʊ
ho.bo,ho.bo,hobo,hobo,hoʊboʊ,hoʊboʊ
ho.do,ho.do,hodo,hodo,hoʊdoʊ,hoʊdoʊ
ho.go,ho.go,hogo,hogo,hoʊgoʊ,hoʊgoʊ
ho.fo,ho.fo,hofo,hofo,hoʊfoʊ,hoʊfoʊ
ho.so,ho.so,hoso,hoso,hoʊsoʊ,hoʊsoʊ
ho.vo,ho.vo,hovo,hovo,hoʊvoʊ,hoʊvoʊ
ho.zo,ho.zo,hozo,hozo,hoʊzoʊ,hoʊzoʊ
ho.ʃo,ho.ʃo,hoʃo,hoʃo,hoʊʃoʊ,hoʊʃoʊ
ho.ʒo,ho.ʒo,hoʒo,hoʒo,hoʊʒoʊ,hoʊʒoʊ
ho.θo,ho.θo,hoθo,hoθo,hoʊθoʊ,hoʊθoʊ
ho.ðo,ho.ðo,hoðo,hoðo,hoʊðoʊ,hoʊðoʊ
ho.ho,ho.ho,hoho,hoho,hoʊhoʊ,hoʊhoʊ
ɪm.i,ɪm.i,ɪmi,ɪmi,ɪmi,ɪmi
ɪm.e,ɪm.e,ɪme,ɪme,ɪmeɪ,ɪmeɪ
ɪm.u,ɪm.u,ɪmu,ɪmu,ɪmu,ɪmu
ɪm.o,ɪm.o,ɪmo,ɪmo,ɪmoʊ,ɪmoʊ
ɪn.i,ɪn.i,ɪni,ɪni,ɪni,ɪni
ɪn.e,ɪn.e,ɪne,ɪne,ɪneɪ,ɪneɪ
ɪn.u,ɪn.u,ɪnu,ɪnu,ɪnu,ɪnu
ɪn.o,ɪn.o,ɪno,ɪno,ɪnoʊ,ɪnoʊ
ɪŋ.i,ɪŋ.i,ɪŋi,ɪŋi,ɪŋi,ɪŋi
ɪŋ.e,ɪŋ.e,ɪŋe,ɪŋe,ɪŋeɪ,ɪŋeɪ
ɪŋ.u,ɪŋ.u,ɪŋu,ɪŋu,ɪŋu,ɪŋu
ɪŋ.o,ɪŋ.o,ɪŋo,ɪŋo,ɪŋoʊ,ɪŋoʊ
ɪp.i,ɪp.i,ɪpi,ɪpi,ɪpi,ɪpi
ɪp.e,ɪp.e,ɪpe,ɪpe,ɪpeɪ,ɪpeɪ
ɪp.u,ɪp.u,ɪpu,ɪpu,ɪpu,ɪpu
ɪp.o,ɪp.o,ɪpo,ɪpo,ɪpoʊ,ɪpoʊ
ɪt.i,ɪt.i,ɪti,ɪti,ɪti,ɪti
ɪt.e,ɪt.e,ɪte,ɪte,ɪteɪ,ɪteɪ
ɪt.u,ɪt.u,ɪtu,ɪtu,ɪtu,ɪtu
ɪt.o,ɪt.o,ɪto,ɪto,ɪtoʊ,ɪtoʊ
ɪk.i,ɪk.i,ɪki,ɪki,ɪki,ɪki
ɪk.e,ɪk.e,ɪke,ɪke,ɪkeɪ,ɪkeɪ
ɪk.u,ɪk.u,ɪku,ɪku,ɪku,ɪku
ɪk.o,ɪk.o,ɪko,ɪko,ɪkoʊ,ɪkoʊ
ɪb.i,ɪb.i,ɪbi,ɪbi,ɪbi,ɪbi
ɪb.e,ɪb.e,ɪbe,ɪbe,ɪbeɪ,ɪbeɪ
ɪb.u,ɪb.u,ɪbu,ɪbu,ɪbu,ɪbu
ɪb.o,ɪb.o,ɪbo,ɪbo,ɪboʊ,ɪboʊ
ɪd.i,ɪd.i,ɪdi,ɪdi,ɪdi,ɪdi
ɪd.e,ɪd.e,ɪde,ɪde,ɪdeɪ,ɪdeɪ
ɪd.u,ɪd.u,ɪdu,ɪdu,ɪdu,ɪdu
ɪd.o,ɪd.o,ɪdo,ɪdo,ɪdoʊ,ɪdoʊ
ɪg.i,ɪg.i,ɪgi,ɪgi,ɪgi,ɪgi
ɪg.e,ɪg.e,ɪge,ɪge,ɪgeɪ,ɪgeɪ
ɪg.u,ɪg.u,ɪgu,ɪgu,ɪgu,ɪgu
ɪg.o,ɪg.o,ɪgo,ɪgo,ɪgoʊ,ɪgoʊ
ɪf.i,ɪf.i,ɪfi,ɪfi,ɪfi,ɪfi
ɪf.e,ɪf.e,ɪfe,ɪfe,ɪfeɪ,ɪfeɪ
ɪf.u,ɪf.u,ɪfu,ɪfu,ɪfu,ɪfu
ɪf.o,ɪf.o,ɪfo,ɪfo,ɪfoʊ,ɪfoʊ
ɪs.i,ɪs.i,ɪsi,ɪsi,ɪsi,ɪsi
ɪs.e,ɪs.e,ɪse,ɪse,ɪseɪ,ɪseɪ
ɪs.u,ɪs.u,ɪsu,ɪsu,ɪsu,ɪsu
ɪs.o,ɪs.o,ɪso,ɪso,ɪsoʊ,ɪsoʊ
ɪv.i,ɪv.i,ɪvi,ɪvi,ɪvi,ɪvi
ɪv.e,ɪv.e,ɪve,ɪve,ɪveɪ,ɪveɪ
ɪv.u,ɪv.u,ɪvu,ɪvu,ɪvu,ɪvu
ɪv.o,ɪv.o,ɪvo,ɪvo,ɪvoʊ,ɪvoʊ
ɪz.i,ɪz.i,ɪzi,ɪzi,ɪzi,ɪzi
ɪz.e,ɪz.e,ɪze,ɪze,ɪzeɪ,ɪzeɪ
ɪz.u,ɪz.u,ɪzu,ɪzu,ɪzu,ɪzu
ɪz.o,ɪz.o,ɪzo,ɪzo,ɪzoʊ,ɪzoʊ
ɪʃ.i,ɪʃ.i,ɪʃi,ɪʃi,ɪʃi,ɪʃi
ɪʃ.e,ɪʃ.e,ɪʃe,ɪʃe,ɪʃeɪ,ɪʃeɪ
ɪʃ.u,ɪʃ.u,ɪʃu,ɪʃu,ɪʃu,ɪʃu
ɪʃ.o,ɪʃ.o,ɪʃo,ɪʃo,ɪʃoʊ,ɪʃoʊ
ɪʒ.i,ɪʒ.i,ɪʒi,ɪʒi,ɪʒi,ɪʒi
ɪʒ.e,ɪʒ.e,ɪʒe,ɪʒe,ɪʒeɪ,ɪʒeɪ
ɪʒ.u,ɪʒ.u,ɪʒu,ɪʒu,ɪʒu,ɪʒu
ɪʒ.o,ɪʒ.o,ɪʒo,ɪʒo,ɪʒoʊ,ɪʒoʊ
ɪθ.i,ɪθ.i,ɪθi,ɪθi,ɪθi,ɪθi
ɪθ.e,ɪθ.e,ɪθe,ɪθe,ɪθeɪ,ɪθeɪ
ɪθ.u,ɪθ.u,ɪθu,ɪθu,ɪθu,ɪθu
ɪθ.o,ɪθ.o,ɪθo,ɪθo,ɪθoʊ,ɪθoʊ
ɪð.i,ɪð.i,ɪði,ɪði,ɪði,ɪði
ɪð.e,ɪð.e,ɪðe,ɪðe,ɪðeɪ,ɪðeɪ
ɪð.u,ɪð.u,ɪðu,ɪðu,ɪðu,ɪðu
ɪð.o,ɪð.o,ɪðo,ɪðo,ɪðoʊ,ɪðoʊ
ɛm.i,ɛm.i,ɛmi,ɛmi,ɛmi,ɛmi
ɛm.e,ɛm.e,ɛme,ɛme,ɛmeɪ,ɛmeɪ
ɛm.u,ɛm.u,ɛmu,ɛmu,ɛmu,ɛmu
ɛm.o,ɛm.o,ɛmo,ɛmo,ɛmoʊ,ɛmoʊ
ɛn.i,ɛn.i,ɛni,ɛni,ɛni,ɛni
ɛn.e,ɛn.e,ɛne,ɛne,ɛneɪ,ɛneɪ
ɛn.u,ɛn.u,ɛnu,ɛnu,ɛnu,ɛnu
ɛn.o,ɛn.o,ɛno,ɛno,ɛnoʊ,ɛnoʊ
ɛŋ.i,ɛŋ.i,ɛŋi,ɛŋi,ɛŋi,ɛŋi
ɛŋ.e,ɛŋ.e,ɛŋe,ɛŋe,ɛŋeɪ,ɛŋeɪ
ɛŋ.u,ɛŋ.u,ɛŋu,ɛŋu,ɛŋu,ɛŋu
ɛŋ.o,ɛŋ.o,ɛŋo,ɛŋo,ɛŋoʊ,ɛŋoʊ
ɛp.i,ɛp.i,ɛpi,ɛpi,ɛpi,ɛpi
ɛp.e,ɛp.e,ɛpe,ɛpe,ɛpeɪ,ɛpeɪ
ɛp.u,ɛp.u,ɛpu,ɛpu,ɛpu,ɛpu
ɛp.o,ɛp.o,ɛpo,ɛpo,ɛpoʊ,ɛpoʊ
ɛt.i,ɛt.i,ɛti,ɛti,ɛti,ɛti
ɛt.e,ɛt.e,ɛte,ɛte,ɛteɪ,ɛteɪ
ɛt.u,ɛt.u,ɛtu,ɛtu,ɛtu,ɛtu
ɛt.o,ɛt.o,ɛto,ɛto,ɛtoʊ,ɛtoʊ
ɛk.i,ɛk.i,ɛki,ɛki,ɛki,ɛki
ɛk.e,ɛk.e,ɛke,ɛke,ɛkeɪ,ɛkeɪ
ɛk.u,ɛk.u,ɛku,ɛku,ɛku,ɛku
ɛk.o,ɛk.o,ɛko,ɛko,ɛkoʊ,ɛkoʊ
ɛb.i,ɛb.i,ɛbi,ɛbi,ɛbi,ɛbi
ɛb.e,ɛb.e,ɛbe,ɛbe,ɛbeɪ,ɛbeɪ
ɛb.u,ɛb.u,ɛbu,ɛbu,ɛbu,ɛbu
ɛb.o,ɛb.o,ɛbo,ɛbo,ɛboʊ,ɛboʊ
ɛd.i,ɛd.i,ɛdi,ɛdi,ɛdi,ɛdi
ɛd.e,ɛd.e,ɛde,ɛde,ɛdeɪ,ɛdeɪ
ɛd.u,ɛd.u,ɛdu,ɛdu,ɛdu,ɛdu
ɛd.o,ɛd.o,ɛdo,ɛdo,ɛdoʊ,ɛdoʊ
ɛg.i,ɛg.i,ɛgi,ɛgi,ɛgi,ɛgi
ɛg.e,ɛg.e,ɛge,ɛge,ɛgeɪ,ɛgeɪ
ɛg.u,ɛg.u,ɛgu,ɛgu,ɛgu,ɛgu
ɛg.o,ɛg.o,ɛgo,ɛgo,ɛgoʊ,ɛgoʊ
ɛf.i,ɛf.i,ɛfi,ɛfi,ɛfi,ɛfi
ɛf.e,ɛf.e,ɛfe,ɛfe,ɛfeɪ,ɛfeɪ
ɛf.u,ɛf.u,ɛfu,ɛfu,ɛfu,ɛfu
ɛf.o,ɛf.o,ɛfo,ɛfo,ɛfoʊ,ɛfoʊ
ɛs.i,ɛs.i,ɛsi,ɛsi,ɛsi,ɛsi
ɛs.e,ɛs.e,ɛse,ɛse,ɛseɪ,ɛseɪ
ɛs.u,ɛs.u,ɛsu,ɛsu,ɛsu,ɛsu
ɛs.o,ɛs.o,ɛso,ɛso,ɛsoʊ,ɛsoʊ
ɛv.i,ɛv.i,ɛvi,ɛvi,ɛvi,ɛvi
ɛv.e,ɛv.e,ɛve,ɛve,ɛveɪ,ɛveɪ
ɛv.u,ɛv.u,ɛvu,ɛvu,ɛvu,ɛvu
ɛv.o,ɛv.o,ɛvo,ɛvo,ɛvoʊ,ɛvoʊ
ɛz.i,ɛz.i,ɛzi,ɛzi,ɛzi,ɛzi
ɛz.e,ɛz.e,ɛze,ɛze,ɛzeɪ,ɛzeɪ
ɛz.u,ɛz.u,ɛzu,ɛzu,ɛzu,ɛzu
ɛz.o,ɛz.o,ɛzo,ɛzo,ɛzoʊ,ɛzoʊ
ɛʃ.i,ɛʃ.i,ɛʃi,ɛʃi,ɛʃi,ɛʃi
ɛʃ.e,ɛʃ.e,ɛʃe,ɛʃe,ɛʃeɪ,ɛʃeɪ
ɛʃ.u,ɛʃ.u,ɛʃu,ɛʃu,ɛʃu,ɛʃu
ɛʃ.o,ɛʃ.o,ɛʃo,ɛʃo,ɛʃoʊ,ɛʃoʊ
ɛʒ.i,ɛʒ.i,ɛʒi,ɛʒi,ɛʒi,ɛʒi
ɛʒ.e,ɛʒ.e,ɛʒe,ɛʒe,ɛʒeɪ,ɛʒeɪ
ɛʒ.u,ɛʒ.u,ɛʒu,ɛʒu,ɛʒu,ɛʒu
ɛʒ.o,ɛʒ.o,ɛʒo,ɛʒo,ɛʒoʊ,ɛʒoʊ
ɛθ.i,ɛθ.i,ɛθi,ɛθi,ɛθi,ɛθi
ɛθ.e,ɛθ.e,ɛθe,ɛθe,ɛθeɪ,ɛθeɪ
ɛθ.u,ɛθ.u,ɛθu,ɛθu,ɛθu,ɛθu
ɛθ.o,ɛθ.o,ɛθo,ɛθo,ɛθoʊ,ɛθoʊ
ɛð.i,ɛð.i,ɛði,ɛði,ɛði,ɛði
ɛð.e,ɛð.e,ɛðe,ɛðe,ɛðeɪ,ɛðeɪ
ɛð.u,ɛð.u,ɛðu,ɛðu,ɛðu,ɛðu
ɛð.o,ɛð.o,ɛðo,ɛðo,ɛðoʊ,ɛðoʊ
ʊm.i,ʊm.i,ʊmi,ʊmi,ʊmi,ʊmi
ʊm.e,ʊm.e,ʊme,ʊme,ʊmeɪ,ʊmeɪ
ʊm.u,ʊm.u,ʊmu,ʊmu,ʊmu,ʊmu
ʊm.o,ʊm.o,ʊmo,ʊmo,ʊmoʊ,ʊmoʊ
ʊn.i,ʊn.i,ʊni,ʊni,ʊni,ʊni
ʊn.e,ʊn.e,ʊne,ʊne,ʊneɪ,ʊneɪ
ʊn.u,ʊn.u,ʊnu,ʊnu,ʊnu,ʊnu
ʊn.o,ʊn.o,ʊno,ʊno,ʊnoʊ,ʊnoʊ
ʊŋ.i,ʊŋ.i,ʊŋi,ʊŋi,ʊŋi,ʊŋi
ʊŋ.e,ʊŋ.e,ʊŋe,ʊŋe,ʊŋeɪ,ʊŋeɪ
ʊŋ.u,ʊŋ.u,ʊŋu,ʊŋu,ʊŋu,ʊŋu
ʊŋ.o,ʊŋ.o,ʊŋo,ʊŋo,ʊŋoʊ,ʊŋoʊ
ʊp.i,ʊp.i,ʊpi,ʊpi,ʊpi,ʊpi
ʊp.e,ʊp.e,ʊpe,ʊpe,ʊpeɪ,ʊpeɪ
ʊp.u,ʊp.u,ʊpu,ʊpu,ʊpu,ʊpu
ʊp.o,ʊp.o,ʊpo,ʊpo,ʊpoʊ,ʊpoʊ
ʊt.i,ʊt.i,ʊti,ʊti,ʊti,ʊti
ʊt.e,ʊt.e,ʊte,ʊte,ʊteɪ,ʊteɪ
ʊt.u,ʊt.u,ʊtu,ʊtu,ʊtu,ʊtu
ʊt.o,ʊt.o,ʊto,ʊto,ʊtoʊ,ʊtoʊ
ʊk.i,ʊk.i,ʊki,ʊki,ʊki,ʊki
ʊk.e,ʊk.e,ʊke,ʊke,ʊkeɪ,ʊkeɪ
ʊk.u,ʊk.u,ʊku,ʊku,ʊku,ʊku
ʊk.o,ʊk.o,ʊko,ʊko,ʊkoʊ,ʊkoʊ
ʊb.i,ʊb.i,ʊbi,ʊbi,ʊbi,ʊbi
ʊb.e,ʊb.e,ʊbe,ʊbe,ʊbeɪ,ʊbeɪ
ʊb.u,ʊb.u,ʊbu,ʊbu,ʊbu,ʊbu
ʊb.o,ʊb.o,ʊbo,ʊbo,ʊboʊ,ʊboʊ
ʊd.i,ʊd.i,ʊdi,ʊdi,ʊdi,ʊdi
ʊd.e,ʊd.e,ʊde,ʊde,ʊdeɪ,ʊdeɪ
ʊd.u,ʊd.u,ʊdu,ʊdu,ʊdu,ʊdu
ʊd.o,ʊd.o,ʊdo,ʊdo,ʊdoʊ,ʊdoʊ
ʊg.i,ʊg.i,ʊgi,ʊgi,ʊgi,ʊgi
ʊg.e,ʊg.e,ʊge,ʊge,ʊgeɪ,ʊgeɪ
ʊg.u,ʊg.u,ʊgu,ʊgu,ʊgu,ʊgu
ʊg.o,ʊg.o,ʊgo,ʊgo,ʊgoʊ,ʊgoʊ
ʊf.i,ʊf.i,ʊfi,ʊfi,ʊfi,ʊfi
ʊf.e,ʊf.e,ʊfe,ʊfe,ʊfeɪ,ʊfeɪ
ʊf.u,ʊf.u,ʊfu,ʊfu,ʊfu,ʊfu
ʊf.o,ʊf.o,ʊfo,ʊfo,ʊfoʊ,ʊfoʊ
ʊs.i,ʊs.i,ʊsi,ʊsi,ʊsi,ʊsi
ʊs.e,ʊs.e,ʊse,ʊse,ʊseɪ,ʊseɪ
ʊs.u,ʊs.u,ʊsu,ʊsu,ʊsu,ʊsu
ʊs.o,ʊs.o,ʊso,ʊso,ʊsoʊ,ʊsoʊ
ʊv.i,ʊv.i,ʊvi,ʊvi,ʊvi,ʊvi
ʊv.e,ʊv.e,ʊve,ʊve,ʊveɪ,ʊveɪ
ʊv.u,ʊv.u,ʊvu,ʊvu,ʊvu,ʊvu
ʊv.o,ʊv.o,ʊvo,ʊvo,ʊvoʊ,ʊvoʊ
ʊz.i,ʊz.i,ʊzi,ʊzi,ʊzi,ʊzi
ʊz.e,ʊz.e,ʊze,ʊze,ʊzeɪ,ʊzeɪ
ʊz.u,ʊz.u,ʊzu,ʊzu,ʊzu,ʊzu
ʊz.o,ʊz.o,ʊzo,ʊzo,ʊzoʊ,ʊzoʊ
ʊʃ.i,ʊʃ.i,ʊʃi,ʊʃi,ʊʃi,ʊʃi
ʊʃ.e,ʊʃ.e,ʊʃe,ʊʃe,ʊʃeɪ,ʊʃeɪ
ʊʃ.u,ʊʃ.u,ʊʃu,ʊʃu,ʊʃu,ʊʃu
ʊʃ.o,ʊʃ.o,ʊʃo,ʊʃo,ʊʃoʊ,ʊʃoʊ
ʊʒ.i,ʊʒ.i,ʊʒi,ʊʒi,ʊʒi,ʊʒi
ʊʒ.e,ʊʒ.e,ʊʒe,ʊʒe,ʊʒeɪ,ʊʒeɪ
ʊʒ.u,ʊʒ.u,ʊʒu,ʊʒu,ʊʒu,ʊʒu
ʊʒ.o,ʊʒ.o,ʊʒo,ʊʒo,ʊʒoʊ,ʊʒoʊ
ʊθ.i,ʊθ.i,ʊθi,ʊθi,ʊθi,ʊθi
ʊθ.e,ʊθ.e,ʊθe,ʊθe,ʊθeɪ,ʊθeɪ
ʊθ.u,ʊθ.u,ʊθu,ʊθu,ʊθu,ʊθu
ʊθ.o,ʊθ.o,ʊθo,ʊθo,ʊθoʊ,ʊθoʊ
ʊð.i,ʊð.i,ʊði,ʊði,ʊði,ʊði
ʊð.e,ʊð.e,ʊðe,ʊðe,ʊðeɪ,ʊðeɪ
ʊð.u,ʊð.u,ʊðu,ʊðu,ʊðu,ʊðu
ʊð.o,ʊð.o,ʊðo,ʊðo,ʊðoʊ,ʊðoʊ
ɔm.i,ɔm.i,ɔmi,ɔmi,ɔmi,ɔmi
ɔm.e,ɔm.e,ɔme,ɔme,ɔmeɪ,ɔmeɪ
ɔm.u,ɔm.u,ɔmu,ɔmu,ɔmu,ɔmu
ɔm.o,ɔm.o,ɔmo,ɔmo,ɔmoʊ,ɔmoʊ
ɔn.i,ɔn.i,ɔni,ɔni,ɔni,ɔni
ɔn.e,ɔn.e,ɔne,ɔne,ɔneɪ,ɔneɪ
ɔn.u,ɔn.u,ɔnu,ɔnu,ɔnu,ɔnu
ɔn.o,ɔn.o,ɔno,ɔno,ɔnoʊ,ɔnoʊ
ɔŋ.i,ɔŋ.i,ɔŋi,ɔŋi,ɔŋi,ɔŋi
ɔŋ.e,ɔŋ.e,ɔŋe,ɔŋe,ɔŋeɪ,ɔŋeɪ
ɔŋ.u,ɔŋ.u,ɔŋu,ɔŋu,ɔŋu,ɔŋu
ɔŋ.o,ɔŋ.o,ɔŋo,ɔŋo,ɔŋoʊ,ɔŋoʊ
ɔp.i,ɔp.i,ɔpi,ɔpi,ɔpi,ɔpi
ɔp.e,ɔp.e,ɔpe,ɔpe,ɔpeɪ,ɔpeɪ
ɔp.u,ɔp.u,ɔpu,ɔpu,ɔpu,ɔpu
ɔp.o,ɔp.o,ɔpo,ɔpo,ɔpoʊ,ɔpoʊ
ɔt.i,ɔt.i,ɔti,ɔti,ɔti,ɔti
ɔt.e,ɔt.e,ɔte,ɔte,ɔteɪ,ɔteɪ
ɔt.u,ɔt.u,ɔtu,ɔtu,ɔtu,ɔtu
ɔt.o,ɔt.o,ɔto,ɔto,ɔtoʊ,ɔtoʊ
ɔk.i,ɔk.i,ɔki,ɔki,ɔki,ɔki
ɔk.e,ɔk.e,ɔke,ɔke,ɔkeɪ,ɔkeɪ
ɔk.u,ɔk.u,ɔku,ɔku,ɔku,ɔku
ɔk.o,ɔk.o,ɔko,ɔko,ɔkoʊ,ɔkoʊ
ɔb.i,ɔb.i,ɔbi,ɔbi,ɔbi,ɔbi
ɔb.e,ɔb.e,ɔbe,ɔbe,ɔbeɪ,ɔbeɪ
ɔb.u,ɔb.u,ɔbu,ɔbu,ɔbu,ɔbu
ɔb.o,ɔb.o,ɔbo,ɔbo,ɔboʊ,ɔboʊ
ɔd.i,ɔd.i,ɔdi,ɔdi,ɔdi,ɔdi
ɔd.e,ɔd.e,ɔde,ɔde,ɔdeɪ,ɔdeɪ
ɔd.u,ɔd.u,ɔdu,ɔdu,ɔdu,ɔdu
ɔd.o,ɔd.o,ɔdo,ɔdo,ɔdoʊ,ɔdoʊ
ɔg.i,ɔg.i,ɔgi,ɔgi,ɔgi,ɔgi
ɔg.e,ɔg.e,ɔge,ɔge,ɔgeɪ,ɔgeɪ
ɔg.u,ɔg.u,ɔgu,ɔgu,ɔgu,ɔgu
ɔg.o,ɔg.o,ɔgo,ɔgo,ɔgoʊ,ɔgoʊ
ɔf.i,ɔf.i,ɔfi,ɔfi,ɔfi,ɔfi
ɔf.e,ɔf.e,ɔfe,ɔfe,ɔfeɪ,ɔfeɪ
ɔf.u,ɔf.u,ɔfu,ɔfu,ɔfu,ɔfu
ɔf.o,ɔf.o,ɔfo,ɔfo,ɔfoʊ,ɔfoʊ
ɔs.i,ɔs.i,ɔsi,ɔsi,ɔsi,ɔsi
ɔs.e,ɔs.e,ɔse,ɔse,ɔseɪ,ɔseɪ
ɔs.u,ɔs.u,ɔsu,ɔsu,ɔsu,ɔsu
ɔs.o,ɔs.o,ɔso,ɔso,ɔsoʊ,ɔsoʊ
ɔv.i,ɔv.i,ɔvi,ɔvi,ɔvi,ɔvi
ɔv.e,ɔv.e,ɔve,ɔve,ɔveɪ,ɔveɪ
ɔv.u,ɔv.u,ɔvu,ɔvu,ɔvu,ɔvu
ɔv.o,ɔv.o,ɔvo,ɔvo,ɔvoʊ,ɔvoʊ
ɔz.i,ɔz.i,ɔzi,ɔzi,ɔzi,ɔzi
ɔz.e,ɔz.e,ɔze,ɔze,ɔzeɪ,ɔzeɪ
ɔz.u,ɔz.u,ɔzu,ɔzu,ɔzu,ɔzu
ɔz.o,ɔz.o,ɔzo,ɔzo,ɔzoʊ,ɔzoʊ
ɔʃ.i,ɔʃ.i,ɔʃi,ɔʃi,ɔʃi,ɔʃi
ɔʃ.e,ɔʃ.e,ɔʃe,ɔʃe,ɔʃeɪ,ɔʃeɪ
ɔʃ.u,ɔʃ.u,ɔʃu,ɔʃu,ɔʃu,ɔʃu
ɔʃ.o,ɔʃ.o,ɔʃo,ɔʃo,ɔʃoʊ,ɔʃoʊ
ɔʒ.i,ɔʒ.i,ɔʒi,ɔʒi,ɔʒi,ɔʒi
ɔʒ.e,ɔʒ.e,ɔʒe,ɔʒe,ɔʒeɪ,ɔʒeɪ
ɔʒ.u,ɔʒ.u,ɔʒu,ɔʒu,ɔʒu,ɔʒu
ɔʒ.o,ɔʒ.o,ɔʒo,ɔʒo,ɔʒoʊ,ɔʒoʊ
ɔθ.i,ɔθ.i,ɔθi,ɔθi,ɔθi,ɔθi
ɔθ.e,ɔθ.e,ɔθe,ɔθe,ɔθeɪ,ɔθeɪ
ɔθ.u,ɔθ.u,ɔθu,ɔθu,ɔθu,ɔθu
ɔθ.o,ɔθ.o,ɔθo,ɔθo,ɔθoʊ,ɔθoʊ
ɔð.i,ɔð.i,ɔði,ɔði,ɔði,ɔði
ɔð.e,ɔð.e,ɔðe,ɔðe,ɔðeɪ,ɔðeɪ
ɔð.u,ɔð.u,ɔðu,ɔðu,ɔðu,ɔðu
ɔð.o,ɔð.o,ɔðo,ɔðo,ɔðoʊ,ɔðoʊ
ɪm.ɪm,ɪm.ɪm,ɪmɪm,ɪmɪm,ɪmɪm,ɪmɪm
ɪm.ɪn,ɪm.ɪn,ɪmɪn,ɪmɪn,ɪmɪn,ɪmɪn
ɪm.ɪŋ,ɪm.ɪŋ,ɪmɪŋ,ɪmɪŋ,ɪmɪŋ,ɪmɪŋ
ɪm.ɪp,ɪm.ɪp,ɪmɪp,ɪmɪp,ɪmɪp,ɪmɪp
ɪm.ɪt,ɪm.ɪt,ɪmɪt,ɪmɪt,ɪmɪt,ɪmɪt
ɪm.ɪk,ɪm.ɪk,ɪmɪk,ɪmɪk,ɪmɪk,ɪmɪk
ɪm.ɪb,ɪm.ɪb,ɪmɪb,ɪmɪb,ɪmɪb,ɪmɪb
ɪm.ɪd,ɪm.ɪd,ɪmɪd,ɪmɪd,ɪmɪd,ɪmɪd
ɪm.ɪg,ɪm.ɪg,ɪmɪg,ɪmɪg,ɪmɪg,ɪmɪg
ɪm.ɪf,ɪm.ɪf,ɪmɪf,ɪmɪf,ɪmɪf,ɪmɪf
ɪm.ɪs,ɪm.ɪs,ɪmɪs,ɪmɪs,ɪmɪs,ɪmɪs
ɪm.ɪv,ɪm.ɪv,ɪmɪv,ɪmɪv,ɪmɪv,ɪmɪv
ɪm.ɪz,ɪm.ɪz,ɪmɪz,ɪmɪz,ɪmɪz,ɪmɪz
ɪm.ɪʃ,ɪm.ɪʃ,ɪmɪʃ,ɪmɪʃ,ɪmɪʃ,ɪmɪʃ
ɪm.ɪʒ,ɪm.ɪʒ,ɪmɪʒ,ɪmɪʒ,ɪmɪʒ,ɪmɪʒ
ɪm.ɪθ,ɪm.ɪθ,ɪmɪθ,ɪmɪθ,ɪmɪθ,ɪmɪθ
ɪm.ɪð,ɪm.ɪð,ɪmɪð,ɪmɪð,ɪmɪð,ɪmɪð
ɪm.ɛm,ɪm.ɛm,ɪmɛm,ɪmɛm,ɪmɛm,ɪmɛm
ɪm.ɛn,ɪm.ɛn,ɪmɛn,ɪmɛn,ɪmɛn,ɪmɛn
ɪm.ɛŋ,ɪm.ɛŋ,ɪmɛŋ,ɪmɛŋ,ɪmɛŋ,ɪmɛŋ
ɪm.ɛp,ɪm.ɛp,ɪmɛp,ɪmɛp,ɪmɛp,ɪmɛp
ɪm.ɛt,ɪm.ɛt,ɪmɛt,ɪmɛt,ɪmɛt,ɪmɛt
ɪm.ɛk,ɪm.ɛk,ɪmɛk,ɪmɛk,ɪmɛk,ɪmɛk
ɪm.ɛb,ɪm.ɛb,ɪmɛb,ɪmɛb,ɪmɛb,ɪmɛb
ɪm.ɛd,ɪm.ɛd,ɪmɛd,ɪmɛd,ɪmɛd,ɪmɛd
ɪm.ɛg,ɪm.ɛg,ɪmɛg,ɪmɛg,ɪmɛg,ɪmɛg
ɪm.ɛf,ɪm.ɛf,ɪmɛf,ɪmɛf,ɪmɛf,ɪmɛf
ɪm.ɛs,ɪm.ɛs,ɪmɛs,ɪmɛs,ɪmɛs,ɪmɛs
ɪm.ɛv,ɪm.ɛv,ɪmɛv,ɪmɛv,ɪmɛv,ɪmɛv
ɪm.ɛz,ɪm.ɛz,ɪmɛz,ɪmɛz,ɪmɛz,ɪmɛz
ɪm.ɛʃ,ɪm.ɛʃ,ɪmɛʃ,ɪmɛʃ,ɪmɛʃ,ɪmɛʃ
ɪm.ɛʒ,ɪm.ɛʒ,ɪmɛʒ,ɪmɛʒ,ɪmɛʒ,ɪmɛʒ
ɪm.ɛθ,ɪm.ɛθ,ɪmɛθ,ɪmɛθ,ɪmɛθ,ɪmɛθ
ɪm.ɛð,ɪm.ɛð,ɪmɛð,ɪmɛð,ɪmɛð,ɪmɛð
ɪm.ʊm,ɪm.ʊm,ɪmʊm,ɪmʊm,ɪmʊm,ɪmʊm
ɪm.ʊn,ɪm.ʊn,ɪmʊn,ɪmʊn,ɪmʊn,ɪmʊn
ɪm.ʊŋ,ɪm.ʊŋ,ɪmʊŋ,ɪmʊŋ,ɪmʊŋ,ɪmʊŋ
ɪm.ʊp,ɪm.ʊp,ɪmʊp,ɪmʊp,ɪmʊp,ɪmʊp
ɪm.ʊt,ɪm.ʊt,ɪmʊt,ɪmʊt,ɪmʊt,ɪmʊt
ɪm.ʊk,ɪm.ʊk,ɪmʊk,ɪmʊk,ɪmʊk,ɪmʊk
ɪm.ʊb,ɪm.ʊb,ɪmʊb,ɪmʊb,ɪmʊb,ɪmʊb
ɪm.ʊd,ɪm.ʊd,ɪmʊd,ɪmʊd,ɪmʊd,ɪmʊd
ɪm.ʊg,ɪm.ʊg,ɪmʊg,ɪmʊg,ɪmʊg,ɪmʊg
ɪm.ʊf,ɪm.ʊf,ɪmʊf,ɪmʊf,ɪmʊf,ɪmʊf
ɪm.ʊs,ɪm.ʊs,ɪmʊs,ɪmʊs,ɪmʊs,ɪmʊs
ɪm.ʊv,ɪm.ʊv,ɪmʊv,ɪmʊv,ɪmʊv,ɪmʊv
ɪm.ʊz,ɪm.ʊz,ɪmʊz,ɪmʊz,ɪmʊz,ɪmʊz
ɪm.ʊʃ,ɪm.ʊʃ,ɪmʊʃ,ɪmʊʃ,ɪmʊʃ,ɪmʊʃ
ɪm.ʊʒ,ɪm.ʊʒ,ɪmʊʒ,ɪmʊʒ,ɪmʊʒ,ɪmʊʒ
ɪm.ʊθ,ɪm.ʊθ,ɪmʊθ,ɪmʊθ,ɪmʊθ,ɪmʊθ
ɪm.ʊð,ɪm.ʊð,ɪmʊð,ɪmʊð,ɪmʊð,ɪmʊð
ɪm.ɔm,ɪm.ɔm,ɪmɔm,ɪmɔm,ɪmɔm,ɪmɔm
ɪm.ɔn,ɪm.ɔn,ɪmɔn,ɪmɔn,ɪmɔn,ɪmɔn
ɪm.ɔŋ,ɪm.ɔŋ,ɪmɔŋ,ɪmɔŋ,ɪmɔŋ,ɪmɔŋ
ɪm.ɔp,ɪm.ɔp,ɪmɔp,ɪmɔp,ɪmɔp,ɪmɔp
ɪm.ɔt,ɪm.ɔt,ɪmɔt,ɪmɔt,ɪmɔt,ɪmɔt
ɪm.ɔk,ɪm.ɔk,ɪmɔk,ɪmɔk,ɪmɔk,ɪmɔk
ɪm.ɔb,ɪm.ɔb,ɪmɔb,ɪmɔb,ɪmɔb,ɪmɔb
ɪm.ɔd,ɪm.ɔd,ɪmɔd,ɪmɔd,ɪmɔd,ɪmɔd
ɪm.ɔg,ɪm.ɔg,ɪmɔg,ɪmɔg,ɪmɔg,ɪmɔg
ɪm.ɔf,ɪm.ɔf,ɪmɔf,ɪmɔf,ɪmɔf,ɪmɔf
ɪm.ɔs,ɪm.ɔs,ɪmɔs,ɪmɔs,ɪmɔs,ɪmɔs
ɪm.ɔv,ɪm.ɔv,ɪmɔv,ɪmɔv,ɪmɔv,ɪmɔv
ɪm.ɔz,ɪm.ɔz,ɪmɔz,ɪmɔz,ɪmɔz,ɪmɔz
ɪm.ɔʃ,ɪm.ɔʃ,ɪmɔʃ,ɪmɔʃ,ɪmɔʃ,ɪmɔʃ
ɪm.ɔʒ,ɪm.ɔʒ,ɪmɔʒ,ɪmɔʒ,ɪmɔʒ,ɪmɔʒ
ɪm.ɔθ,ɪm.ɔθ,ɪmɔθ,ɪmɔθ,ɪmɔθ,ɪmɔθ
ɪm.ɔð,ɪm.ɔð,ɪmɔð,ɪmɔð,ɪmɔð,ɪmɔð
ɪn.ɪm,ɪn.ɪm,ɪnɪm,ɪnɪm,ɪnɪm,ɪnɪm
ɪn.ɪn,ɪn.ɪn,ɪnɪn,ɪnɪn,ɪnɪn,ɪnɪn
ɪn.ɪŋ,ɪn.ɪŋ,ɪnɪŋ,ɪnɪŋ,ɪnɪŋ,ɪnɪŋ
ɪn.ɪp,ɪn.ɪp,ɪnɪp,ɪnɪp,ɪnɪp,ɪnɪp
ɪn.ɪt,ɪn.ɪt,ɪnɪt,ɪnɪt,ɪnɪt,ɪnɪt
ɪn.ɪk,ɪn.ɪk,ɪnɪk,ɪnɪk,ɪnɪk,ɪnɪk
ɪn.ɪb,ɪn.ɪb,ɪnɪb,ɪnɪb,ɪnɪb,ɪnɪb
ɪn.ɪd,ɪn.ɪd,ɪnɪd,ɪnɪd,ɪnɪd,ɪnɪd
ɪn.ɪg,ɪn.ɪg,ɪnɪg,ɪnɪg,ɪnɪg,ɪnɪg
ɪn.ɪf,ɪn.ɪf,ɪnɪf,ɪnɪf,ɪnɪf,ɪnɪf
ɪn.ɪs,ɪn.ɪs,ɪnɪs,ɪnɪs,ɪnɪs,ɪnɪs
ɪn.ɪv,ɪn.ɪv,ɪnɪv,ɪnɪv,ɪnɪv,ɪnɪv
ɪn.ɪz,ɪn.ɪz,ɪnɪz,ɪnɪz,ɪnɪz,ɪnɪz
ɪn.ɪʃ,ɪn.ɪʃ,ɪnɪʃ,ɪnɪʃ,ɪnɪʃ,ɪnɪʃ
ɪn.ɪʒ,ɪn.ɪʒ,ɪnɪʒ,ɪnɪʒ,ɪnɪʒ,ɪnɪʒ
ɪn.ɪθ,ɪn.ɪθ,ɪnɪθ,ɪnɪθ,ɪnɪθ,ɪnɪθ
ɪn.ɪð,ɪn.ɪð,ɪnɪð,ɪnɪð,ɪnɪð,ɪnɪð
ɪn.ɛm,ɪn.ɛm,ɪnɛm,ɪnɛm,ɪnɛm,ɪnɛm
ɪn.ɛn,ɪn.ɛn,ɪnɛn,ɪnɛn,ɪnɛn,ɪnɛn
ɪn.ɛŋ,ɪn.ɛŋ,ɪnɛŋ,ɪnɛŋ,ɪnɛŋ,ɪnɛŋ
ɪn.ɛp,ɪn.ɛp,ɪnɛp,ɪnɛp,ɪnɛp,ɪnɛp
ɪn.ɛt,ɪn.ɛt,ɪnɛt,ɪnɛt,ɪnɛt,ɪnɛt
ɪn.ɛk,ɪn.ɛk,ɪnɛk,ɪnɛk,ɪnɛk,ɪnɛk
ɪn.ɛb,ɪn.ɛb,ɪnɛb,ɪnɛb,ɪnɛb,ɪnɛb
ɪn.ɛd,ɪn.ɛd,ɪnɛd,ɪnɛd,ɪnɛd,ɪnɛd
ɪn.ɛg,ɪn.ɛg,ɪnɛg,ɪnɛg,ɪnɛg,ɪnɛg
ɪn.ɛf,ɪn.ɛf,ɪnɛf,ɪnɛf,ɪnɛf,ɪnɛf
ɪn.ɛs,ɪn.ɛs,ɪnɛs,ɪnɛs,ɪnɛs,ɪnɛs
ɪn.ɛv,ɪn.ɛv,ɪnɛv,ɪnɛv,ɪnɛv,ɪnɛv
ɪn.ɛz,ɪn.ɛz,ɪnɛz,ɪnɛz,ɪnɛz,ɪnɛz
ɪn.ɛʃ,ɪn.ɛʃ,ɪnɛʃ,ɪnɛʃ,ɪnɛʃ,ɪnɛʃ
ɪn.ɛʒ,ɪn.ɛʒ,ɪnɛʒ,ɪnɛʒ,ɪnɛʒ,ɪnɛʒ
ɪn.ɛθ,ɪn.ɛθ,ɪnɛθ,ɪnɛθ,ɪnɛθ,ɪnɛθ
ɪn.ɛð,ɪn.ɛð,ɪnɛð,ɪnɛð,ɪnɛð,ɪnɛð
ɪn.ʊm,ɪn.ʊm,ɪnʊm,ɪnʊm,ɪnʊm,ɪnʊm
ɪn.ʊn,ɪn.ʊn,ɪnʊn,ɪnʊn,ɪnʊn,ɪnʊn
ɪn.ʊŋ,ɪn.ʊŋ,ɪnʊŋ,ɪnʊŋ,ɪnʊŋ,ɪnʊŋ
ɪn.ʊp,ɪn.ʊp,ɪnʊp,ɪnʊp,ɪnʊp,ɪnʊp
ɪn.ʊt,ɪn.ʊt,ɪnʊt,ɪnʊt,ɪnʊt,ɪnʊt
ɪn.ʊk,ɪn.ʊk,ɪnʊk,ɪnʊk,ɪnʊk,ɪnʊk
ɪn.ʊb,ɪn.ʊb,ɪnʊb,ɪnʊb,ɪnʊb,ɪnʊb
ɪn.ʊd,ɪn.ʊd,ɪnʊd,ɪnʊd,ɪnʊd,ɪnʊd
ɪn.ʊg,ɪn.ʊg,ɪnʊg,ɪnʊg,ɪnʊg,ɪnʊg
ɪn.ʊf,ɪn.ʊf,ɪnʊf,ɪnʊf,ɪnʊf,ɪnʊf
ɪn.ʊs,ɪn.ʊs,ɪnʊs,ɪnʊs,ɪnʊs,ɪnʊs
ɪn.ʊv,ɪn.ʊv,ɪnʊv,ɪnʊv,ɪnʊv,ɪnʊv
ɪn.ʊz,ɪn.ʊz,ɪnʊz,ɪnʊz,ɪnʊz,ɪnʊz
ɪn.ʊʃ,ɪn.ʊʃ,ɪnʊʃ,ɪnʊʃ,ɪnʊʃ,ɪnʊʃ
ɪn.ʊʒ,ɪn.ʊʒ,ɪnʊʒ,ɪnʊʒ,ɪnʊʒ,ɪnʊʒ
ɪn.ʊθ,ɪn.ʊθ,ɪnʊθ,ɪnʊθ,ɪnʊθ,ɪnʊθ
ɪn.ʊð,ɪn.ʊð,ɪnʊð,ɪnʊð,ɪnʊð,ɪnʊð
ɪn.ɔm,ɪn.ɔm,ɪnɔm,ɪnɔm,ɪnɔm,ɪnɔm
ɪn.ɔn,ɪn.ɔn,ɪnɔn,ɪnɔn,ɪnɔn,ɪnɔn
ɪn.ɔŋ,ɪn.ɔŋ,ɪnɔŋ,ɪnɔŋ,ɪnɔŋ,ɪnɔŋ
ɪn.ɔp,ɪn.ɔp,ɪnɔp,ɪnɔp,ɪnɔp,ɪnɔp
ɪn.ɔt,ɪn.ɔt,ɪnɔt,ɪnɔt,ɪnɔt,ɪnɔt
ɪn.ɔk,ɪn.ɔk,ɪnɔk,ɪnɔk,ɪnɔk,ɪnɔk
ɪn.ɔb,ɪn.ɔb,ɪnɔb,ɪnɔb,ɪnɔb,ɪnɔb
ɪn.ɔd,ɪn.ɔd,ɪnɔd,ɪnɔd,ɪnɔd,ɪnɔd
ɪn.ɔg,ɪn.ɔg,ɪnɔg,ɪnɔg,ɪnɔg,ɪnɔg
ɪn.ɔf,ɪn.ɔf,ɪnɔf,ɪnɔf,ɪnɔf,ɪnɔf
ɪn.ɔs,ɪn.ɔs,ɪnɔs,ɪnɔs,ɪnɔs,ɪnɔs
ɪn.ɔv,ɪn.ɔv,ɪnɔv,ɪnɔv,ɪnɔv,ɪnɔv
ɪn.ɔz,ɪn.ɔz,ɪnɔz,ɪnɔz,ɪnɔz,ɪnɔz
ɪn.ɔʃ,ɪn.ɔʃ,ɪnɔʃ,ɪnɔʃ,ɪnɔʃ,ɪnɔʃ
ɪn.ɔʒ,ɪn.ɔʒ,ɪnɔʒ,ɪnɔʒ,ɪnɔʒ,ɪnɔʒ
ɪn.ɔθ,ɪn.ɔθ,ɪnɔθ,ɪnɔθ,ɪnɔθ,ɪnɔθ
ɪn.ɔð,ɪn.ɔð,ɪnɔð,ɪnɔð,ɪnɔð,ɪnɔð
ɪŋ.ɪm,ɪŋ.ɪm,ɪŋɪm,ɪŋɪm,ɪŋɪm,ɪŋɪm
ɪŋ.ɪn,ɪŋ.ɪn,ɪŋɪn,ɪŋɪn,ɪŋɪn,ɪŋɪn
ɪŋ.ɪŋ,ɪŋ.ɪŋ,ɪŋɪŋ,ɪŋɪŋ,ɪŋɪŋ,ɪŋɪŋ
ɪŋ.ɪp,ɪŋ.ɪp,ɪŋɪp,ɪŋɪp,ɪŋɪp,ɪŋɪp
ɪŋ.ɪt,ɪŋ.ɪt,ɪŋɪt,ɪŋɪt,ɪŋɪt,ɪŋɪt
ɪŋ.ɪk,ɪŋ.ɪk,ɪŋɪk,ɪŋɪk,ɪŋɪk,ɪŋɪk
ɪŋ.ɪb,ɪŋ.ɪb,ɪŋɪb,ɪŋɪb,ɪŋɪb,ɪŋɪb
ɪŋ.ɪd,ɪŋ.ɪd,ɪŋɪd,ɪŋɪd,ɪŋɪd,ɪŋɪd
ɪŋ.ɪg,ɪŋ.ɪg,ɪŋɪg,ɪŋɪg,ɪŋɪg,ɪŋɪg
ɪŋ.ɪf,ɪŋ.ɪf,ɪŋɪf,ɪŋɪf,ɪŋɪf,ɪŋɪf
ɪŋ.ɪs,ɪŋ.ɪs,ɪŋɪs,ɪŋɪs,ɪŋɪs,ɪŋɪs
ɪŋ.ɪv,ɪŋ.ɪv,ɪŋɪv,ɪŋɪv,ɪŋɪv,ɪŋɪv
ɪŋ.ɪz,ɪŋ.ɪz,ɪŋɪz,ɪŋɪz,ɪŋɪz,ɪŋɪz
ɪŋ.ɪʃ,ɪŋ.ɪʃ,ɪŋɪʃ,ɪŋɪʃ,ɪŋɪʃ,ɪŋɪʃ
ɪŋ.ɪʒ,ɪŋ.ɪʒ,ɪŋɪʒ,ɪŋɪʒ,ɪŋɪʒ,ɪŋɪʒ
ɪŋ.ɪθ,ɪŋ.ɪθ,ɪŋɪθ,ɪŋɪθ,ɪŋɪθ,ɪŋɪθ
ɪŋ.ɪð,ɪŋ.ɪð,ɪŋɪð,ɪŋɪð,ɪŋɪð,ɪŋɪð
ɪŋ.ɛm,ɪŋ.ɛm,ɪŋɛm,ɪŋɛm,ɪŋɛm,ɪŋɛm
ɪŋ.ɛn,ɪŋ.ɛn,ɪŋɛn,ɪŋɛn,ɪŋɛn,ɪŋɛn
ɪŋ.ɛŋ,ɪŋ.ɛŋ,ɪŋɛŋ,ɪŋɛŋ,ɪŋɛŋ,ɪŋɛŋ
ɪŋ.ɛp,ɪŋ.ɛp,ɪŋɛp,ɪŋɛp,ɪŋɛp,ɪŋɛp
ɪŋ.ɛt,ɪŋ.ɛt,ɪŋɛt,ɪŋɛt,ɪŋɛt,ɪŋɛt
ɪŋ.ɛk,ɪŋ.ɛk,ɪŋɛk,ɪŋɛk,ɪŋɛk,ɪŋɛk
ɪŋ.ɛb,ɪŋ.ɛb,ɪŋɛb,ɪŋɛb,ɪŋɛb,ɪŋɛb
ɪŋ.ɛd,ɪŋ.ɛd,ɪŋɛd,ɪŋɛd,ɪŋɛd,ɪŋɛd
ɪŋ.ɛg,ɪŋ.ɛg,ɪŋɛg,ɪŋɛg,ɪŋɛg,ɪŋɛg
ɪŋ.ɛf,ɪŋ.ɛf,ɪŋɛf,ɪŋɛf,ɪŋɛf,ɪŋɛf
ɪŋ.ɛs,ɪŋ.ɛs,ɪŋɛs,ɪŋɛs,ɪŋɛs,ɪŋɛs
ɪŋ.ɛv,ɪŋ.ɛv,ɪŋɛv,ɪŋɛv,ɪŋɛv,ɪŋɛv
ɪŋ.ɛz,ɪŋ.ɛz,ɪŋɛz,ɪŋɛz,ɪŋɛz,ɪŋɛz
ɪŋ.ɛʃ,ɪŋ.ɛʃ,ɪŋɛʃ,ɪŋɛʃ,ɪŋɛʃ,ɪŋɛʃ
ɪŋ.ɛʒ,ɪŋ.ɛʒ,ɪŋɛʒ,ɪŋɛʒ,ɪŋɛʒ,ɪŋɛʒ
ɪŋ.ɛθ,ɪŋ.ɛθ,ɪŋɛθ,ɪŋɛθ,ɪŋɛθ,ɪŋɛθ
ɪŋ.ɛð,ɪŋ.ɛð,ɪŋɛð,ɪŋɛð,ɪŋɛð,ɪŋɛð
ɪŋ.ʊm,ɪŋ.ʊm,ɪŋʊm,ɪŋʊm,ɪŋʊm,ɪŋʊm
ɪŋ.ʊn,ɪŋ.ʊn,ɪŋʊn,ɪŋʊn,ɪŋʊn,ɪŋʊn
ɪŋ.ʊŋ,ɪŋ.ʊŋ,ɪŋʊŋ,ɪŋʊŋ,ɪŋʊŋ,ɪŋʊŋ
ɪŋ.ʊp,ɪŋ.ʊp,ɪŋʊp,ɪŋʊp,ɪŋʊp,ɪŋʊp
ɪŋ.ʊt,ɪŋ.ʊt,ɪŋʊt,ɪŋʊt,ɪŋʊt,ɪŋʊt
ɪŋ.ʊk,ɪŋ.ʊk,ɪŋʊk,ɪŋʊk,ɪŋʊk,ɪŋʊk
ɪŋ.ʊb,ɪŋ.ʊb,ɪŋʊb,ɪŋʊb,ɪŋʊb,ɪŋʊb
ɪŋ.ʊd,ɪŋ.ʊd,ɪŋʊd,ɪŋʊd,ɪŋʊd,ɪŋʊd
ɪŋ.ʊg,ɪŋ.ʊg,ɪŋʊg,ɪŋʊg,ɪŋʊg,ɪŋʊg
ɪŋ.ʊf,ɪŋ.ʊf,ɪŋʊf,ɪŋʊf,ɪŋʊf,ɪŋʊf
ɪŋ.ʊs,ɪŋ.ʊs,ɪŋʊs,ɪŋʊs,ɪŋʊs,ɪŋʊs
ɪŋ.ʊv,ɪŋ.ʊv,ɪŋʊv,ɪŋʊv,ɪŋʊv,ɪŋʊv
ɪŋ.ʊz,ɪŋ.ʊz,ɪŋʊz,ɪŋʊz,ɪŋʊz,ɪŋʊz
ɪŋ.ʊʃ,ɪŋ.ʊʃ,ɪŋʊʃ,ɪŋʊʃ,ɪŋʊʃ,ɪŋʊʃ
ɪŋ.ʊʒ,ɪŋ.ʊʒ,ɪŋʊʒ,ɪŋʊʒ,ɪŋʊʒ,ɪŋʊʒ
ɪŋ.ʊθ,ɪŋ.ʊθ,ɪŋʊθ,ɪŋʊθ,ɪŋʊθ,ɪŋʊθ
ɪŋ.ʊð,ɪŋ.ʊð,ɪŋʊð,ɪŋʊð,ɪŋʊð,ɪŋʊð
ɪŋ.ɔm,ɪŋ.ɔm,ɪŋɔm,ɪŋɔm,ɪŋɔm,ɪŋɔm
ɪŋ.ɔn,ɪŋ.ɔn,ɪŋɔn,ɪŋɔn,ɪŋɔn,ɪŋɔn
ɪŋ.ɔŋ,ɪŋ.ɔŋ,ɪŋɔŋ,ɪŋɔŋ,ɪŋɔŋ,ɪŋɔŋ
ɪŋ.ɔp,ɪŋ.ɔp,ɪŋɔp,ɪŋɔp,ɪŋɔp,ɪŋɔp
ɪŋ.ɔt,ɪŋ.ɔt,ɪŋɔt,ɪŋɔt,ɪŋɔt,ɪŋɔt
ɪŋ.ɔk,ɪŋ.ɔk,ɪŋɔk,ɪŋɔk,ɪŋɔk,ɪŋɔk
ɪŋ.ɔb,ɪŋ.ɔb,ɪŋɔb,ɪŋɔb,ɪŋɔb,ɪŋɔb
ɪŋ.ɔd,ɪŋ.ɔd,ɪŋɔd,ɪŋɔd,ɪŋɔd,ɪŋɔd
ɪŋ.ɔg,ɪŋ.ɔg,ɪŋɔg,ɪŋɔg,ɪŋɔg,ɪŋɔg
ɪŋ.ɔf,ɪŋ.ɔf,ɪŋɔf,ɪŋɔf,ɪŋɔf,ɪŋɔf
ɪŋ.ɔs,ɪŋ.ɔs,ɪŋɔs,ɪŋɔs,ɪŋɔs,ɪŋɔs
ɪŋ.ɔv,ɪŋ.ɔv,ɪŋɔv,ɪŋɔv,ɪŋɔv,ɪŋɔv
ɪŋ.ɔz,ɪŋ.ɔz,ɪŋɔz,ɪŋɔz,ɪŋɔz,ɪŋɔz
ɪŋ.ɔʃ,ɪŋ.ɔʃ,ɪŋɔʃ,ɪŋɔʃ,ɪŋɔʃ,ɪŋɔʃ
ɪŋ.ɔʒ,ɪŋ.ɔʒ,ɪŋɔʒ,ɪŋɔʒ,ɪŋɔʒ,ɪŋɔʒ
ɪŋ.ɔθ,ɪŋ.ɔθ,ɪŋɔθ,ɪŋɔθ,ɪŋɔθ,ɪŋɔθ
ɪŋ.ɔð,ɪŋ.ɔð,ɪŋɔð,ɪŋɔð,ɪŋɔð,ɪŋɔð
ɪp.ɪm,ɪp.ɪm,ɪpɪm,ɪpɪm,ɪpɪm,ɪpɪm
ɪp.ɪn,ɪp.ɪn,ɪpɪn,ɪpɪn,ɪpɪn,ɪpɪn
ɪp.ɪŋ,ɪp.ɪŋ,ɪpɪŋ,ɪpɪŋ,ɪpɪŋ,ɪpɪŋ
ɪp.ɪp,ɪp.ɪp,ɪpɪp,ɪpɪp,ɪpɪp,ɪpɪp
ɪp.ɪt,ɪp.ɪt,ɪpɪt,ɪpɪt,ɪpɪt,ɪpɪt
ɪp.ɪk,ɪp.ɪk,ɪpɪk,ɪpɪk,ɪpɪk,ɪpɪk
ɪp.ɪb,ɪp.ɪb,ɪpɪb,ɪpɪb,ɪpɪb,ɪpɪb
ɪp.ɪd,ɪp.ɪd,ɪpɪd,ɪpɪd,ɪpɪd,ɪpɪd
ɪp.ɪg,ɪp.ɪg,ɪpɪg,ɪpɪg,ɪpɪg,ɪpɪg
ɪp.ɪf,ɪp.ɪf,ɪpɪf,ɪpɪf,ɪpɪf,ɪpɪf
ɪp.ɪs,ɪp.ɪs,ɪpɪs,ɪpɪs,ɪpɪs,ɪpɪs
ɪp.ɪv,ɪp.ɪv,ɪpɪv,ɪpɪv,ɪpɪv,ɪpɪv
ɪp.ɪz,ɪp.ɪz,ɪpɪz,ɪpɪz,ɪpɪz,ɪpɪz
ɪp.ɪʃ,ɪp.ɪʃ,ɪpɪʃ,ɪpɪʃ,ɪpɪʃ,ɪpɪʃ
ɪp.ɪʒ,ɪp.ɪʒ,ɪpɪʒ,ɪpɪʒ,ɪpɪʒ,ɪpɪʒ
ɪp.ɪθ,ɪp.ɪθ,ɪpɪθ,ɪpɪθ,ɪpɪθ,ɪpɪθ
ɪp.ɪð,ɪp.ɪð,ɪpɪð,ɪpɪð,ɪpɪð,ɪpɪð
ɪp.ɛm,ɪp.ɛm,ɪpɛm,ɪpɛm,ɪpɛm,ɪpɛm
ɪp.ɛn,ɪp.ɛn,ɪpɛn,ɪpɛn,ɪpɛn,ɪpɛn
ɪp.ɛŋ,ɪp.ɛŋ,ɪpɛŋ,ɪpɛŋ,ɪpɛŋ,ɪpɛŋ
ɪp.ɛp,ɪp.ɛp,ɪpɛp,ɪpɛp,ɪpɛp,ɪpɛp
ɪp.ɛt,ɪp.ɛt,ɪpɛt,ɪpɛt,ɪpɛt,ɪpɛt
ɪp.ɛk,ɪp.ɛk,ɪpɛk,ɪpɛk,ɪpɛk,ɪpɛk
ɪp.ɛb,ɪp.ɛb,ɪpɛb,ɪpɛb,ɪpɛb,ɪpɛb
ɪp.ɛd,ɪp.ɛd,ɪpɛd,ɪpɛd,ɪpɛd,ɪpɛd
ɪp.ɛg,ɪp.ɛg,ɪpɛg,ɪpɛg,ɪpɛg,ɪpɛg
ɪp.ɛf,ɪp.ɛf,ɪpɛf,ɪpɛf,ɪpɛf,ɪpɛf
ɪp.ɛs,ɪp.ɛs,ɪpɛs,ɪpɛs,ɪpɛs,ɪpɛs
ɪp.ɛv,ɪp.ɛv,ɪpɛv,ɪpɛv,ɪpɛv,ɪpɛv
ɪp.ɛz,ɪp.ɛz,ɪpɛz,ɪpɛz,ɪpɛz,ɪpɛz
ɪp.ɛʃ,ɪp.ɛʃ,ɪpɛʃ,ɪpɛʃ,ɪpɛʃ,ɪpɛʃ
ɪp.ɛʒ,ɪp.ɛʒ,ɪpɛʒ,ɪpɛʒ,ɪpɛʒ,ɪpɛʒ
ɪp.ɛθ,ɪp.ɛθ,ɪpɛθ,ɪpɛθ,ɪpɛθ,ɪpɛθ
ɪp.ɛð,ɪp.ɛð,ɪpɛð,ɪpɛð,ɪpɛð,ɪpɛð
ɪp.ʊm,ɪp.ʊm,ɪpʊm,ɪpʊm,ɪpʊm,ɪpʊm
ɪp.ʊn,ɪp.ʊn,ɪpʊn,ɪpʊn,ɪpʊn,ɪpʊn
ɪp.ʊŋ,ɪp.ʊŋ,ɪpʊŋ,ɪpʊŋ,ɪpʊŋ,ɪpʊŋ
ɪp.ʊp,ɪp.ʊp,ɪpʊp,ɪpʊp,ɪpʊp,ɪpʊp
ɪp.ʊt,ɪp.ʊt,ɪpʊt,ɪpʊt,ɪpʊt,ɪpʊt
ɪp.ʊk,ɪp.ʊk,ɪpʊk,ɪpʊk,ɪpʊk,ɪpʊk
ɪp.ʊb,ɪp.ʊb,ɪpʊb,ɪpʊb,ɪpʊb,ɪpʊb
ɪp.ʊd,ɪp.ʊd,ɪpʊd,ɪpʊd,ɪpʊd,ɪpʊd
ɪp.ʊg,ɪp.ʊg,ɪpʊg,ɪpʊg,ɪpʊg,ɪpʊg
ɪp.ʊf,ɪp.ʊf,ɪpʊf,ɪpʊf,ɪpʊf,ɪpʊf
ɪp.ʊs,ɪp.ʊs,ɪpʊs,ɪpʊs,ɪpʊs,ɪpʊs
ɪp.ʊv,ɪp.ʊv,ɪpʊv,ɪpʊv,ɪpʊv,ɪpʊv
ɪp.ʊz,ɪp.ʊz,ɪpʊz,ɪpʊz,ɪpʊz,ɪpʊz
ɪp.ʊʃ,ɪp.ʊʃ,ɪpʊʃ,ɪpʊʃ,ɪpʊʃ,ɪpʊʃ
ɪp.ʊʒ,ɪp.ʊʒ,ɪpʊʒ,ɪpʊʒ,ɪpʊʒ,ɪpʊʒ
ɪp.ʊθ,ɪp.ʊθ,ɪpʊθ,ɪpʊθ,ɪpʊθ,ɪpʊθ
ɪp.ʊð,ɪp.ʊð,ɪpʊð,ɪpʊð,ɪpʊð,ɪpʊð
ɪp.ɔm,ɪp.ɔm,ɪpɔm,ɪpɔm,ɪpɔm,ɪpɔm
ɪp.ɔn,ɪp.ɔn,ɪpɔn,ɪpɔn,ɪpɔn,ɪpɔn
ɪp.ɔŋ,ɪp.ɔŋ,ɪpɔŋ,ɪpɔŋ,ɪpɔŋ,ɪpɔŋ
ɪp.ɔp,ɪp.ɔp,ɪpɔp,ɪpɔp,ɪpɔp,ɪpɔp
ɪp.ɔt,ɪp.ɔt,ɪpɔt,ɪpɔt,ɪpɔt,ɪpɔt
ɪp.ɔk,ɪp.ɔk,ɪpɔk,ɪpɔk,ɪpɔk,ɪpɔk
ɪp.ɔb,ɪp.ɔb,ɪpɔb,ɪpɔb,ɪpɔb,ɪpɔb
ɪp.ɔd,ɪp.ɔd,ɪpɔd,ɪpɔd,ɪpɔd,ɪpɔd
ɪp.ɔg,ɪp.ɔg,ɪpɔg,ɪpɔg,ɪpɔg,ɪpɔg
ɪp.ɔf,ɪp.ɔf,ɪpɔf,ɪpɔf,ɪpɔf,ɪpɔf
ɪp.ɔs,ɪp.ɔs,ɪpɔs,ɪpɔs,ɪpɔs,ɪpɔs
ɪp.ɔv,ɪp.ɔv,ɪpɔv,ɪpɔv,ɪpɔv,ɪpɔv
ɪp.ɔz,ɪp.ɔz,ɪpɔz,ɪpɔz,ɪpɔz,ɪpɔz
ɪp.ɔʃ,ɪp.ɔʃ,ɪpɔʃ,ɪpɔʃ,ɪpɔʃ,ɪpɔʃ
ɪp.ɔʒ,ɪp.ɔʒ,ɪpɔʒ,ɪpɔʒ,ɪpɔʒ,ɪpɔʒ
ɪp.ɔθ,ɪp.ɔθ,ɪpɔθ,ɪpɔθ,ɪpɔθ,ɪpɔθ
ɪp.ɔð,ɪp.ɔð,ɪpɔð,ɪpɔð,ɪpɔð,ɪpɔð
ɪt.ɪm,ɪt.ɪm,ɪtɪm,ɪtɪm,ɪtɪm,ɪtɪm
ɪt.ɪn,ɪt.ɪn,ɪtɪn,ɪtɪn,ɪtɪn,ɪtɪn
ɪt.ɪŋ,ɪt.ɪŋ,ɪtɪŋ,ɪtɪŋ,ɪtɪŋ,ɪtɪŋ
ɪt.ɪp,ɪt.ɪp,ɪtɪp,ɪtɪp,ɪtɪp,ɪtɪp
ɪt.ɪt,ɪt.ɪt,ɪtɪt,ɪtɪt,ɪtɪt,ɪtɪt
ɪt.ɪk,ɪt.ɪk,ɪtɪk,ɪtɪk,ɪtɪk,ɪtɪk
ɪt.ɪb,ɪt.ɪb,ɪtɪb,ɪtɪb,ɪtɪb,ɪtɪb
ɪt.ɪd,ɪt.ɪd,ɪtɪd,ɪtɪd,ɪtɪd,ɪtɪd
ɪt.ɪg,ɪt.ɪg,ɪtɪg,ɪtɪg,ɪtɪg,ɪtɪg
ɪt.ɪf,ɪt.ɪf,ɪtɪf,ɪtɪf,ɪtɪf,ɪtɪf
ɪt.ɪs,ɪt.ɪs,ɪtɪs,ɪtɪs,ɪtɪs,ɪtɪs
ɪt.ɪv,ɪt.ɪv,ɪtɪv,ɪtɪv,ɪtɪv,ɪtɪv
ɪt.ɪz,ɪt.ɪz,ɪtɪz,ɪtɪz,ɪtɪz,ɪtɪz
ɪt.ɪʃ,ɪt.ɪʃ,ɪtɪʃ,ɪtɪʃ,ɪtɪʃ,ɪtɪʃ
ɪt.ɪʒ,ɪt.ɪʒ,ɪtɪʒ,ɪtɪʒ,ɪtɪʒ,ɪtɪʒ
ɪt.ɪθ,ɪt.ɪθ,ɪtɪθ,ɪtɪθ,ɪtɪθ,ɪtɪθ
ɪt.ɪð,ɪt.ɪð,ɪtɪð,ɪtɪð,ɪtɪð,ɪtɪð
ɪt.ɛm,ɪt.ɛm,ɪtɛm,ɪtɛm,ɪtɛm,ɪtɛm
ɪt.ɛn,ɪt.ɛn,ɪtɛn,ɪtɛn,ɪtɛn,ɪtɛn
ɪt.ɛŋ,ɪt.ɛŋ,ɪtɛŋ,ɪtɛŋ,ɪtɛŋ,ɪtɛŋ
ɪt.ɛp,ɪt.ɛp,ɪtɛp,ɪtɛp,ɪtɛp,ɪtɛp
ɪt.ɛt,ɪt.ɛt,ɪtɛt,ɪtɛt,ɪtɛt,ɪtɛt
ɪt.ɛk,ɪt.ɛk,ɪtɛk,ɪtɛk,ɪtɛk,ɪtɛk
ɪt.ɛb,ɪt.ɛb,ɪtɛb,ɪtɛb,ɪtɛb,ɪtɛb
ɪt.ɛd,ɪt.ɛd,ɪtɛd,ɪtɛd,ɪtɛd,ɪtɛd
ɪt.ɛg,ɪt.ɛg,ɪtɛg,ɪtɛg,ɪtɛg,ɪtɛg
ɪt.ɛf,ɪt.ɛf,ɪtɛf,ɪtɛf,ɪtɛf,ɪtɛf
ɪt.ɛs,ɪt.ɛs,ɪtɛs,ɪtɛs,ɪtɛs,ɪtɛs
ɪt.ɛv,ɪt.ɛv,ɪtɛv,ɪtɛv,ɪtɛv,ɪtɛv
ɪt.ɛz,ɪt.ɛz,ɪtɛz,ɪtɛz,ɪtɛz,ɪtɛz
ɪt.ɛʃ,ɪt.ɛʃ,ɪtɛʃ,ɪtɛʃ,ɪtɛʃ,ɪtɛʃ
ɪt.ɛʒ,ɪt.ɛʒ,ɪtɛʒ,ɪtɛʒ,ɪtɛʒ,ɪtɛʒ
ɪt.ɛθ,ɪt.ɛθ,ɪtɛθ,ɪtɛθ,ɪtɛθ,ɪtɛθ
ɪt.ɛð,ɪt.ɛð,ɪtɛð,ɪtɛð,ɪtɛð,ɪtɛð
ɪt.ʊm,ɪt.ʊm,ɪtʊm,ɪtʊm,ɪtʊm,ɪtʊm
ɪt.ʊn,ɪt.ʊn,ɪtʊn,ɪtʊn,ɪtʊn,ɪtʊn
ɪt.ʊŋ,ɪt.ʊŋ,ɪtʊŋ,ɪtʊŋ,ɪtʊŋ,ɪtʊŋ
ɪt.ʊp,ɪt.ʊp,ɪtʊp,ɪtʊp,ɪtʊp,ɪtʊp
ɪt.ʊt,ɪt.ʊt,ɪtʊt,ɪtʊt,ɪtʊt,ɪtʊt
ɪt.ʊk,ɪt.ʊk,ɪtʊk,ɪtʊk,ɪtʊk,ɪtʊk
ɪt.ʊb,ɪt.ʊb,ɪtʊb,ɪtʊb,ɪtʊb,ɪtʊb
ɪt.ʊd,ɪt.ʊd,ɪtʊd,ɪtʊd,ɪtʊd,ɪtʊd
ɪt.ʊg,ɪt.ʊg,ɪtʊg,ɪtʊg,ɪtʊg,ɪtʊg
ɪt.ʊf,ɪt.ʊf,ɪtʊf,ɪtʊf,ɪtʊf,ɪtʊf
ɪt.ʊs,ɪt.ʊs,ɪtʊs,ɪtʊs,ɪtʊs,ɪtʊs
ɪt.ʊv,ɪt.ʊv,ɪtʊv,ɪtʊv,ɪtʊv,ɪtʊv
ɪt.ʊz,ɪt.ʊz,ɪtʊz,ɪtʊz,ɪtʊz,ɪtʊz
ɪt.ʊʃ,ɪt.ʊʃ,ɪtʊʃ,ɪtʊʃ,ɪtʊʃ,ɪtʊʃ
ɪt.ʊʒ,ɪt.ʊʒ,ɪtʊʒ,ɪtʊʒ,ɪtʊʒ,ɪtʊʒ
ɪt.ʊθ,ɪt.ʊθ,ɪtʊθ,ɪtʊθ,ɪtʊθ,ɪtʊθ
ɪt.ʊð,ɪt.ʊð,ɪtʊð,ɪtʊð,ɪtʊð,ɪtʊð
ɪt.ɔm,ɪt.ɔm,ɪtɔm,ɪtɔm,ɪtɔm,ɪtɔm
ɪt.ɔn,ɪt.ɔn,ɪtɔn,ɪtɔn,ɪtɔn,ɪtɔn
ɪt.ɔŋ,ɪt.ɔŋ,ɪtɔŋ,ɪtɔŋ,ɪtɔŋ,ɪtɔŋ
ɪt.ɔp,ɪt.ɔp,ɪtɔp,ɪtɔp,ɪtɔp,ɪtɔp
ɪt.ɔt,ɪt.ɔt,ɪtɔt,ɪtɔt,ɪtɔt,ɪtɔt
ɪt.ɔk,ɪt.ɔk,ɪtɔk,ɪtɔk,ɪtɔk,ɪtɔk
ɪt.ɔb,ɪt.ɔb,ɪtɔb,ɪtɔb,ɪtɔb,ɪtɔb
ɪt.ɔd,ɪt.ɔd,ɪtɔd,ɪtɔd,ɪtɔd,ɪtɔd
ɪt.ɔg,ɪt.ɔg,ɪtɔg,ɪtɔg,ɪtɔg,ɪtɔg
ɪt.ɔf,ɪt.ɔf,ɪtɔf,ɪtɔf,ɪtɔf,ɪtɔf
ɪt.ɔs,ɪt.ɔs,ɪtɔs,ɪtɔs,ɪtɔs,ɪtɔs
ɪt.ɔv,ɪt.ɔv,ɪtɔv,ɪtɔv,ɪtɔv,ɪtɔv
ɪt.ɔz,ɪt.ɔz,ɪtɔz,ɪtɔz,ɪtɔz,ɪtɔz
ɪt.ɔʃ,ɪt.ɔʃ,ɪtɔʃ,ɪtɔʃ,ɪtɔʃ,ɪtɔʃ
ɪt.ɔʒ,ɪt.ɔʒ,ɪtɔʒ,ɪtɔʒ,ɪtɔʒ,ɪtɔʒ
ɪt.ɔθ,ɪt.ɔθ,ɪtɔθ,ɪtɔθ,ɪtɔθ,ɪtɔθ
ɪt.ɔð,ɪt.ɔð,ɪtɔð,ɪtɔð,ɪtɔð,ɪtɔð
ɪk.ɪm,ɪk.ɪm,ɪkɪm,ɪkɪm,ɪkɪm,ɪkɪm
ɪk.ɪn,ɪk.ɪn,ɪkɪn,ɪkɪn,ɪkɪn,ɪkɪn
ɪk.ɪŋ,ɪk.ɪŋ,ɪkɪŋ,ɪkɪŋ,ɪkɪŋ,ɪkɪŋ
ɪk.ɪp,ɪk.ɪp,ɪkɪp,ɪkɪp,ɪkɪp,ɪkɪp
ɪk.ɪt,ɪk.ɪt,ɪkɪt,ɪkɪt,ɪkɪt,ɪkɪt
ɪk.ɪk,ɪk.ɪk,ɪkɪk,ɪkɪk,ɪkɪk,ɪkɪk
ɪk.ɪb,ɪk.ɪb,ɪkɪb,ɪkɪb,ɪkɪb,ɪkɪb
ɪk.ɪd,ɪk.ɪd,ɪkɪd,ɪkɪd,ɪkɪd,ɪkɪd
ɪk.ɪg,ɪk.ɪg,ɪkɪg,ɪkɪg,ɪkɪg,ɪkɪg
ɪk.ɪf,ɪk.ɪf,ɪkɪf,ɪkɪf,ɪkɪf,ɪkɪf
ɪk.ɪs,ɪk.ɪs,ɪkɪs,ɪkɪs,ɪkɪs,ɪkɪs
ɪk.ɪv,ɪk.ɪv,ɪkɪv,ɪkɪv,ɪkɪv,ɪkɪv
ɪk.ɪz,ɪk.ɪz,ɪkɪz,ɪkɪz,ɪkɪz,ɪkɪz
ɪk.ɪʃ,ɪk.ɪʃ,ɪkɪʃ,ɪkɪʃ,ɪkɪʃ,ɪkɪʃ
ɪk.ɪʒ,ɪk.ɪʒ,ɪkɪʒ,ɪkɪʒ,ɪkɪʒ,ɪkɪʒ
ɪk.ɪθ,ɪk.ɪθ,ɪkɪθ,ɪkɪθ,ɪkɪθ,ɪkɪθ
ɪk.ɪð,ɪk.ɪð,ɪkɪð,ɪkɪð,ɪkɪð,ɪkɪð
ɪk.ɛm,ɪk.ɛm,ɪkɛm,ɪkɛm,ɪkɛm,ɪkɛm
ɪk.ɛn,ɪk.ɛn,ɪkɛn,ɪkɛn,ɪkɛn,ɪkɛn
ɪk.ɛŋ,ɪk.ɛŋ,ɪkɛŋ,ɪkɛŋ,ɪkɛŋ,ɪkɛŋ
ɪk.ɛp,ɪk.ɛp,ɪkɛp,ɪkɛp,ɪkɛp,ɪkɛp
ɪk.ɛt,ɪk.ɛt,ɪkɛt,ɪkɛt,ɪkɛt,ɪkɛt
ɪk.ɛk,ɪk.ɛk,ɪkɛk,ɪkɛk,ɪkɛk,ɪkɛk
ɪk.ɛb,ɪk.ɛb,ɪkɛb,ɪkɛb,ɪkɛb,ɪkɛb
ɪk.ɛd,ɪk.ɛd,ɪkɛd,ɪkɛd,ɪkɛd,ɪkɛd
ɪk.ɛg,ɪk.ɛg,ɪkɛg,ɪkɛg,ɪkɛg,ɪkɛg
ɪk.ɛf,ɪk.ɛf,ɪkɛf,ɪkɛf,ɪkɛf,ɪkɛf
ɪk.ɛs,ɪk.ɛs,ɪkɛs,ɪkɛs,ɪkɛs,ɪkɛs
ɪk.ɛv,ɪk.ɛv,ɪkɛv,ɪkɛv,ɪkɛv,ɪkɛv
ɪk.ɛz,ɪk.ɛz,ɪkɛz,ɪkɛz,ɪkɛz,ɪkɛz
ɪk.ɛʃ,ɪk.ɛʃ,ɪkɛʃ,ɪkɛʃ,ɪkɛʃ,ɪkɛʃ
ɪk.ɛʒ,ɪk.ɛʒ,ɪkɛʒ,ɪkɛʒ,ɪkɛʒ,ɪkɛʒ
ɪk.ɛθ,ɪk.ɛθ,ɪkɛθ,ɪkɛθ,ɪkɛθ,ɪkɛθ
ɪk.ɛð,ɪk.ɛð,ɪkɛð,ɪkɛð,ɪkɛð,ɪkɛð
ɪk.ʊm,ɪk.ʊm,ɪkʊm,ɪkʊm,ɪkʊm,ɪkʊm
ɪk.ʊn,ɪk.ʊn,ɪkʊn,ɪkʊn,ɪkʊn,ɪkʊn
ɪk.ʊŋ,ɪk.ʊŋ,ɪkʊŋ,ɪkʊŋ,ɪkʊŋ,ɪkʊŋ
ɪk.ʊp,ɪk.ʊp,ɪkʊp,ɪkʊp,ɪkʊp,ɪkʊp
ɪk.ʊt,ɪk.ʊt,ɪkʊt,ɪkʊt,ɪkʊt,ɪkʊt
ɪk.ʊk,ɪk.ʊk,ɪkʊk,ɪkʊk,ɪkʊk,ɪkʊk
ɪk.ʊb,ɪk.ʊb,ɪkʊb,ɪkʊb,ɪkʊb,ɪkʊb
ɪk.ʊd,ɪk.ʊd,ɪkʊd,ɪkʊd,ɪkʊd,ɪkʊd
ɪk.ʊg,ɪk.ʊg,ɪkʊg,ɪkʊg,ɪkʊg,ɪkʊg
ɪk.ʊf,ɪk.ʊf,ɪkʊf,ɪkʊf,ɪkʊf,ɪkʊf
ɪk.ʊs,ɪk.ʊs,ɪkʊs,ɪkʊs,ɪkʊs,ɪkʊs
ɪk.ʊv,ɪk.ʊv,ɪkʊv,ɪkʊv,ɪkʊv,ɪkʊv
ɪk.ʊz,ɪk.ʊz,ɪkʊz,ɪkʊz,ɪkʊz,ɪkʊz
ɪk.ʊʃ,ɪk.ʊʃ,ɪkʊʃ,ɪkʊʃ,ɪkʊʃ,ɪkʊʃ
ɪk.ʊʒ,ɪk.ʊʒ,ɪkʊʒ,ɪkʊʒ,ɪkʊʒ,ɪkʊʒ
ɪk.ʊθ,ɪk.ʊθ,ɪkʊθ,ɪkʊθ,ɪkʊθ,ɪkʊθ
ɪk.ʊð,ɪk.ʊð,ɪkʊð,ɪkʊð,ɪkʊð,ɪkʊð
ɪk.ɔm,ɪk.ɔm,ɪkɔm,ɪkɔm,ɪkɔm,ɪkɔm
ɪk.ɔn,ɪk.ɔn,ɪkɔn,ɪkɔn,ɪkɔn,ɪkɔn
ɪk.ɔŋ,ɪk.ɔŋ,ɪkɔŋ,ɪkɔŋ,ɪkɔŋ,ɪkɔŋ
ɪk.ɔp,ɪk.ɔp,ɪkɔp,ɪkɔp,ɪkɔp,ɪkɔp
ɪk.ɔt,ɪk.ɔt,ɪkɔt,ɪkɔt,ɪkɔt,ɪkɔt
ɪk.ɔk,ɪk.ɔk,ɪkɔk,ɪkɔk,ɪkɔk,ɪkɔk
ɪk.ɔb,ɪk.ɔb,ɪkɔb,ɪkɔb,ɪkɔb,ɪkɔb
ɪk.ɔd,ɪk.ɔd,ɪkɔd,ɪkɔd,ɪkɔd,ɪkɔd
ɪk.ɔg,ɪk.ɔg,ɪkɔg,ɪkɔg,ɪkɔg,ɪkɔg
ɪk.ɔf,ɪk.ɔf,ɪkɔf,ɪkɔf,ɪkɔf,ɪkɔf
ɪk.ɔs,ɪk.ɔs,ɪkɔs,ɪkɔs,ɪkɔs,ɪkɔs
ɪk.ɔv,ɪk.ɔv,ɪkɔv,ɪkɔv,ɪkɔv,ɪkɔv
ɪk.ɔz,ɪk.ɔz,ɪkɔz,ɪkɔz,ɪkɔz,ɪkɔz
ɪk.ɔʃ,ɪk.ɔʃ,ɪkɔʃ,ɪkɔʃ,ɪkɔʃ,ɪkɔʃ
ɪk.ɔʒ,ɪk.ɔʒ,ɪkɔʒ,ɪkɔʒ,ɪkɔʒ,ɪkɔʒ
ɪk.ɔθ,ɪk.ɔθ,ɪkɔθ,ɪkɔθ,ɪkɔθ,ɪkɔθ
ɪk.ɔð,ɪk.ɔð,ɪkɔð,ɪkɔð,ɪkɔð,ɪkɔð
ɪb.ɪm,ɪb.ɪm,ɪbɪm,ɪbɪm,ɪbɪm,ɪbɪm
ɪb.ɪn,ɪb.ɪn,ɪbɪn,ɪbɪn,ɪbɪn,ɪbɪn
ɪb.ɪŋ,ɪb.ɪŋ,ɪbɪŋ,ɪbɪŋ,ɪbɪŋ,ɪbɪŋ
ɪb.ɪp,ɪb.ɪp,ɪbɪp,ɪbɪp,ɪbɪp,ɪbɪp
ɪb.ɪt,ɪb.ɪt,ɪbɪt,ɪbɪt,ɪbɪt,ɪbɪt
ɪb.ɪk,ɪb.ɪk,ɪbɪk,ɪbɪk,ɪbɪk,ɪbɪk
ɪb.ɪb,ɪb.ɪb,ɪbɪb,ɪbɪb,ɪbɪb,ɪbɪb
ɪb.ɪd,ɪb.ɪd,ɪbɪd,ɪbɪd,ɪbɪd,ɪbɪd
ɪb.ɪg,ɪb.ɪg,ɪbɪg,ɪbɪg,ɪbɪg,ɪbɪg
ɪb.ɪf,ɪb.ɪf,ɪbɪf,ɪbɪf,ɪbɪf,ɪbɪf
ɪb.ɪs,ɪb.ɪs,ɪbɪs,ɪbɪs,ɪbɪs,ɪbɪs
ɪb.ɪv,ɪb.ɪv,ɪbɪv,ɪbɪv,ɪbɪv,ɪbɪv
ɪb.ɪz,ɪb.ɪz,ɪbɪz,ɪbɪz,ɪbɪz,ɪbɪz
ɪb.ɪʃ,ɪb.ɪʃ,ɪbɪʃ,ɪbɪʃ,ɪbɪʃ,ɪbɪʃ
ɪb.ɪʒ,ɪb.ɪʒ,ɪbɪʒ,ɪbɪʒ,ɪbɪʒ,ɪbɪʒ
ɪb.ɪθ,ɪb.ɪθ,ɪbɪθ,ɪbɪθ,ɪbɪθ,ɪbɪθ
ɪb.ɪð,ɪb.ɪð,ɪbɪð,ɪbɪð,ɪbɪð,ɪbɪð
ɪb.ɛm,ɪb.ɛm,ɪbɛm,ɪbɛm,ɪbɛm,ɪbɛm
ɪb.ɛn,ɪb.ɛn,ɪbɛn,ɪbɛn,ɪbɛn,ɪbɛn
ɪb.ɛŋ,ɪb.ɛŋ,ɪbɛŋ,ɪbɛŋ,ɪbɛŋ,ɪbɛŋ
ɪb.ɛp,ɪb.ɛp,ɪbɛp,ɪbɛp,ɪbɛp,ɪbɛp
ɪb.ɛt,ɪb.ɛt,ɪbɛt,ɪbɛt,ɪbɛt,ɪbɛt
ɪb.ɛk,ɪb.ɛk,ɪbɛk,ɪbɛk,ɪbɛk,ɪbɛk
ɪb.ɛb,ɪb.ɛb,ɪbɛb,ɪbɛb,ɪbɛb,ɪbɛb
ɪb.ɛd,ɪb.ɛd,ɪbɛd,ɪbɛd,ɪbɛd,ɪbɛd
ɪb.ɛg,ɪb.ɛg,ɪbɛg,ɪbɛg,ɪbɛg,ɪbɛg
ɪb.ɛf,ɪb.ɛf,ɪbɛf,ɪbɛf,ɪbɛf,ɪbɛf
ɪb.ɛs,ɪb.ɛs,ɪbɛs,ɪbɛs,ɪbɛs,ɪbɛs
ɪb.ɛv,ɪb.ɛv,ɪbɛv,ɪbɛv,ɪbɛv,ɪbɛv
ɪb.ɛz,ɪb.ɛz,ɪbɛz,ɪbɛz,ɪbɛz,ɪbɛz
ɪb.ɛʃ,ɪb.ɛʃ,ɪbɛʃ,ɪbɛʃ,ɪbɛʃ,ɪbɛʃ
ɪb.ɛʒ,ɪb.ɛʒ,ɪbɛʒ,ɪbɛʒ,ɪbɛʒ,ɪbɛʒ
ɪb.ɛθ,ɪb.ɛθ,ɪbɛθ,ɪbɛθ,ɪbɛθ,ɪbɛθ
ɪb.ɛð,ɪb.ɛð,ɪbɛð,ɪbɛð,ɪbɛð,ɪbɛð
ɪb.ʊm,ɪb.ʊm,ɪbʊm,ɪbʊm,ɪbʊm,ɪbʊm
ɪb.ʊn,ɪb.ʊn,ɪbʊn,ɪbʊn,ɪbʊn,ɪbʊn
ɪb.ʊŋ,ɪb.ʊŋ,ɪbʊŋ,ɪbʊŋ,ɪbʊŋ,ɪbʊŋ
ɪb.ʊp,ɪb.ʊp,ɪbʊp,ɪbʊp,ɪbʊp,ɪbʊp
ɪb.ʊt,ɪb.ʊt,ɪbʊt,ɪbʊt,ɪbʊt,ɪbʊt
ɪb.ʊk,ɪb.ʊk,ɪbʊk,ɪbʊk,ɪbʊk,ɪbʊk
ɪb.ʊb,ɪb.ʊb,ɪbʊb,ɪbʊb,ɪbʊb,ɪbʊb
ɪb.ʊd,ɪb.ʊd,ɪbʊd,ɪbʊd,ɪbʊd,ɪbʊd
ɪb.ʊg,ɪb.ʊg,ɪbʊg,ɪbʊg,ɪbʊg,ɪbʊg
ɪb.ʊf,ɪb.ʊf,ɪbʊf,ɪbʊf,ɪbʊf,ɪbʊf
ɪb.ʊs,ɪb.ʊs,ɪbʊs,ɪbʊs,ɪbʊs,ɪbʊs
ɪb.ʊv,ɪb.ʊv,ɪbʊv,ɪbʊv,ɪbʊv,ɪbʊv
ɪb.ʊz,ɪb.ʊz,ɪbʊz,ɪbʊz,ɪbʊz,ɪbʊz
ɪb.ʊʃ,ɪb.ʊʃ,ɪbʊʃ,ɪbʊʃ,ɪbʊʃ,ɪbʊʃ
ɪb.ʊʒ,ɪb.ʊʒ,ɪbʊʒ,ɪbʊʒ,ɪbʊʒ,ɪbʊʒ
ɪb.ʊθ,ɪb.ʊθ,ɪbʊθ,ɪbʊθ,ɪbʊθ,ɪbʊθ
ɪb.ʊð,ɪb.ʊð,ɪbʊð,ɪbʊð,ɪbʊð,ɪbʊð
ɪb.ɔm,ɪb.ɔm,ɪbɔm,ɪbɔm,ɪbɔm,ɪbɔm
ɪb.ɔn,ɪb.ɔn,ɪbɔn,ɪbɔn,ɪbɔn,ɪbɔn
ɪb.ɔŋ,ɪb.ɔŋ,ɪbɔŋ,ɪbɔŋ,ɪbɔŋ,ɪbɔŋ
ɪb.ɔp,ɪb.ɔp,ɪbɔp,ɪbɔp,ɪbɔp,ɪbɔp
ɪb.ɔt,ɪb.ɔt,ɪbɔt,ɪbɔt,ɪbɔt,ɪbɔt
ɪb.ɔk,ɪb.ɔk,ɪbɔk,ɪbɔk,ɪbɔk,ɪbɔk
ɪb.ɔb,ɪb.ɔb,ɪbɔb,ɪbɔb,ɪbɔb,ɪbɔb
ɪb.ɔd,ɪb.ɔd,ɪbɔd,ɪbɔd,ɪbɔd,ɪbɔd
ɪb.ɔg,ɪb.ɔg,ɪbɔg,ɪbɔg,ɪbɔg,ɪbɔg
ɪb.ɔf,ɪb.ɔf,ɪbɔf,ɪbɔf,ɪbɔf,ɪbɔf
ɪb.ɔs,ɪb.ɔs,ɪbɔs,ɪbɔs,ɪbɔs,ɪbɔs
ɪb.ɔv,ɪb.ɔv,ɪbɔv,ɪbɔv,ɪbɔv,ɪbɔv
ɪb.ɔz,ɪb.ɔz,ɪbɔz,ɪbɔz,ɪbɔz,ɪbɔz
ɪb.ɔʃ,ɪb.ɔʃ,ɪbɔʃ,ɪbɔʃ,ɪbɔʃ,ɪbɔʃ
ɪb.ɔʒ,ɪb.ɔʒ,ɪbɔʒ,ɪbɔʒ,ɪbɔʒ,ɪbɔʒ
ɪb.ɔθ,ɪb.ɔθ,ɪbɔθ,ɪbɔθ,ɪbɔθ,ɪbɔθ
ɪb.ɔð,ɪb.ɔð,ɪbɔð,ɪbɔð,ɪbɔð,ɪbɔð
ɪd.ɪm,ɪd.ɪm,ɪdɪm,ɪdɪm,ɪdɪm,ɪdɪm
ɪd.ɪn,ɪd.ɪn,ɪdɪn,ɪdɪn,ɪdɪn,ɪdɪn
ɪd.ɪŋ,ɪd.ɪŋ,ɪdɪŋ,ɪdɪŋ,ɪdɪŋ,ɪdɪŋ
ɪd.ɪp,ɪd.ɪp,ɪdɪp,ɪdɪp,ɪdɪp,ɪdɪp
ɪd.ɪt,ɪd.ɪt,ɪdɪt,ɪdɪt,ɪdɪt,ɪdɪt
ɪd.ɪk,ɪd.ɪk,ɪdɪk,ɪdɪk,ɪdɪk,ɪdɪk
ɪd.ɪb,ɪd.ɪb,ɪdɪb,ɪdɪb,ɪdɪb,ɪdɪb
ɪd.ɪd,ɪd.ɪd,ɪdɪd,ɪdɪd,ɪdɪd,ɪdɪd
ɪd.ɪg,ɪd.ɪg,ɪdɪg,ɪdɪg,ɪdɪg,ɪdɪg
ɪd.ɪf,ɪd.ɪf,ɪdɪf,ɪdɪf,ɪdɪf,ɪdɪf
ɪd.ɪs,ɪd.ɪs,ɪdɪs,ɪdɪs,ɪdɪs,ɪdɪs
ɪd.ɪv,ɪd.ɪv,ɪdɪv,ɪdɪv,ɪdɪv,ɪdɪv
ɪd.ɪz,ɪd.ɪz,ɪdɪz,ɪdɪz,ɪdɪz,ɪdɪz
ɪd.ɪʃ,ɪd.ɪʃ,ɪdɪʃ,ɪdɪʃ,ɪdɪʃ,ɪdɪʃ
ɪd.ɪʒ,ɪd.ɪʒ,ɪdɪʒ,ɪdɪʒ,ɪdɪʒ,ɪdɪʒ
ɪd.ɪθ,ɪd.ɪθ,ɪdɪθ,ɪdɪθ,ɪdɪθ,ɪdɪθ
ɪd.ɪð,ɪd.ɪð,ɪdɪð,ɪdɪð,ɪdɪð,ɪdɪð
ɪd.ɛm,ɪd.ɛm,ɪdɛm,ɪdɛm,ɪdɛm,ɪdɛm
ɪd.ɛn,ɪd.ɛn,ɪdɛn,ɪdɛn,ɪdɛn,ɪdɛn
ɪd.ɛŋ,ɪd.ɛŋ,ɪdɛŋ,ɪdɛŋ,ɪdɛŋ,ɪdɛŋ
ɪd.ɛp,ɪd.ɛp,ɪdɛp,ɪdɛp,ɪdɛp,ɪdɛp
ɪd.ɛt,ɪd.ɛt,ɪdɛt,ɪdɛt,ɪdɛt,ɪdɛt
ɪd.ɛk,ɪd.ɛk,ɪdɛk,ɪdɛk,ɪdɛk,ɪdɛk
ɪd.ɛb,ɪd.ɛb,ɪdɛb,ɪdɛb,ɪdɛb,ɪdɛb
ɪd.ɛd,ɪd.ɛd,ɪdɛd,ɪdɛd,ɪdɛd,ɪdɛd
ɪd.ɛg,ɪd.ɛg,ɪdɛg,ɪdɛg,ɪdɛg,ɪdɛg
ɪd.ɛf,ɪd.ɛf,ɪdɛf,ɪdɛf,ɪdɛf,ɪdɛf
ɪd.ɛs,ɪd.ɛs,ɪdɛs,ɪdɛs,ɪdɛs,ɪdɛs
ɪd.ɛv,ɪd.ɛv,ɪdɛv,ɪdɛv,ɪdɛv,ɪdɛv
ɪd.ɛz,ɪd.ɛz,ɪdɛz,ɪdɛz,ɪdɛz,ɪdɛz
ɪd.ɛʃ,ɪd.ɛʃ,ɪdɛʃ,ɪdɛʃ,ɪdɛʃ,ɪdɛʃ
ɪd.ɛʒ,ɪd.ɛʒ,ɪdɛʒ,ɪdɛʒ,ɪdɛʒ,ɪdɛʒ
ɪd.ɛθ,ɪd.ɛθ,ɪdɛθ,ɪdɛθ,ɪdɛθ,ɪdɛθ
ɪd.ɛð,ɪd.ɛð,ɪdɛð,ɪdɛð,ɪdɛð,ɪdɛð
ɪd.ʊm,ɪd.ʊm,ɪdʊm,ɪdʊm,ɪdʊm,ɪdʊm
ɪd.ʊn,ɪd.ʊn,ɪdʊn,ɪdʊn,ɪdʊn,ɪdʊn
ɪd.ʊŋ,ɪd.ʊŋ,ɪdʊŋ,ɪdʊŋ,ɪdʊŋ,ɪdʊŋ
ɪd.ʊp,ɪd.ʊp,ɪdʊp,ɪdʊp,ɪdʊp,ɪdʊp
ɪd.ʊt,ɪd.ʊt,ɪdʊt,ɪdʊt,ɪdʊt,ɪdʊt
ɪd.ʊk,ɪd.ʊk,ɪdʊk,ɪdʊk,ɪdʊk,ɪdʊk
ɪd.ʊb,ɪd.ʊb,ɪdʊb,ɪdʊb,ɪdʊb,ɪdʊb
ɪd.ʊd,ɪd.ʊd,ɪdʊd,ɪdʊd,ɪdʊd,ɪdʊd
ɪd.ʊg,ɪd.ʊg,ɪdʊg,ɪdʊg,ɪdʊg,ɪdʊg
ɪd.ʊf,ɪd.ʊf,ɪdʊf,ɪdʊf,ɪdʊf,ɪdʊf
ɪd.ʊs,ɪd.ʊs,ɪdʊs,ɪdʊs,ɪdʊs,ɪdʊs
ɪd.ʊv,ɪd.ʊv,ɪdʊv,ɪdʊv,ɪdʊv,ɪdʊv
ɪd.ʊz,ɪd.ʊz,ɪdʊz,ɪdʊz,ɪdʊz,ɪdʊz
ɪd.ʊʃ,ɪd.ʊʃ,ɪdʊʃ,ɪdʊʃ,ɪdʊʃ,ɪdʊʃ
ɪd.ʊʒ,ɪd.ʊʒ,ɪdʊʒ,ɪdʊʒ,ɪdʊʒ,ɪdʊʒ
ɪd.ʊθ,ɪd.ʊθ,ɪdʊθ,ɪdʊθ,ɪdʊθ,ɪdʊθ
ɪd.ʊð,ɪd.ʊð,ɪdʊð,ɪdʊð,ɪdʊð,ɪdʊð
ɪd.ɔm,ɪd.ɔm,ɪdɔm,ɪdɔm,ɪdɔm,ɪdɔm
ɪd.ɔn,ɪd.ɔn,ɪdɔn,ɪdɔn,ɪdɔn,ɪdɔn
ɪd.ɔŋ,ɪd.ɔŋ,ɪdɔŋ,ɪdɔŋ,ɪdɔŋ,ɪdɔŋ
ɪd.ɔp,ɪd.ɔp,ɪdɔp,ɪdɔp,ɪdɔp,ɪdɔp
ɪd.ɔt,ɪd.ɔt,ɪdɔt,ɪdɔt,ɪdɔt,ɪdɔt
ɪd.ɔk,ɪd.ɔk,ɪdɔk,ɪdɔk,ɪdɔk,ɪdɔk
ɪd.ɔb,ɪd.ɔb,ɪdɔb,ɪdɔb,ɪdɔb,ɪdɔb
ɪd.ɔd,ɪd.ɔd,ɪdɔd,ɪdɔd,ɪdɔd,ɪdɔd
ɪd.ɔg,ɪd.ɔg,ɪdɔg,ɪdɔg,ɪdɔg,ɪdɔg
ɪd.ɔf,ɪd.ɔf,ɪdɔf,ɪdɔf,ɪdɔf,ɪdɔf
ɪd.ɔs,ɪd.ɔs,ɪdɔs,ɪdɔs,ɪdɔs,ɪdɔs
ɪd.ɔv,ɪd.ɔv,ɪdɔv,ɪdɔv,ɪdɔv,ɪdɔv
ɪd.ɔz,ɪd.ɔz,ɪdɔz,ɪdɔz,ɪdɔz,ɪdɔz
ɪd.ɔʃ,ɪd.ɔʃ,ɪdɔʃ,ɪdɔʃ,ɪdɔʃ,ɪdɔʃ
ɪd.ɔʒ,ɪd.ɔʒ,ɪdɔʒ,ɪdɔʒ,ɪdɔʒ,ɪdɔʒ
ɪd.ɔθ,ɪd.ɔθ,ɪdɔθ,ɪdɔθ,ɪdɔθ,ɪdɔθ
ɪd.ɔð,ɪd.ɔð,ɪdɔð,ɪdɔð,ɪdɔð,ɪdɔð
ɪg.ɪm,ɪg.ɪm,ɪgɪm,ɪgɪm,ɪgɪm,ɪgɪm
ɪg.ɪn,ɪg.ɪn,ɪgɪn,ɪgɪn,ɪgɪn,ɪgɪn
ɪg.ɪŋ,ɪg.ɪŋ,ɪgɪŋ,ɪgɪŋ,ɪgɪŋ,ɪgɪŋ
ɪg.ɪp,ɪg.ɪp,ɪgɪp,ɪgɪp,ɪgɪp,ɪgɪp
ɪg.ɪt,ɪg.ɪt,ɪgɪt,ɪgɪt,ɪgɪt,ɪgɪt
ɪg.ɪk,ɪg.ɪk,ɪgɪk,ɪgɪk,ɪgɪk,ɪgɪk
ɪg.ɪb,ɪg.ɪb,ɪgɪb,ɪgɪb,ɪgɪb,ɪgɪb
ɪg.ɪd,ɪg.ɪd,ɪgɪd,ɪgɪd,ɪgɪd,ɪgɪd
ɪg.ɪg,ɪg.ɪg,ɪgɪg,ɪgɪg,ɪgɪg,ɪgɪg
ɪg.ɪf,ɪg.ɪf,ɪgɪf,ɪgɪf,ɪgɪf,ɪgɪf
ɪg.ɪs,ɪg.ɪs,ɪgɪs,ɪgɪs,ɪgɪs,ɪgɪs
ɪg.ɪv,ɪg.ɪv,ɪgɪv,ɪgɪv,ɪgɪv,ɪgɪv
ɪg.ɪz,ɪg.ɪz,ɪgɪz,ɪgɪz,ɪgɪz,ɪgɪz
ɪg.ɪʃ,ɪg.ɪʃ,ɪgɪʃ,ɪgɪʃ,ɪgɪʃ,ɪgɪʃ
ɪg.ɪʒ,ɪg.ɪʒ,ɪgɪʒ,ɪgɪʒ,ɪgɪʒ,ɪgɪʒ
ɪg.ɪθ,ɪg.ɪθ,ɪgɪθ,ɪgɪθ,ɪgɪθ,ɪgɪθ
ɪg.ɪð,ɪg.ɪð,ɪgɪð,ɪgɪð,ɪgɪð,ɪgɪð
ɪg.ɛm,ɪg.ɛm,ɪgɛm,ɪgɛm,ɪgɛm,ɪgɛm
ɪg.ɛn,ɪg.ɛn,ɪgɛn,ɪgɛn,ɪgɛn,ɪgɛn
ɪg.ɛŋ,ɪg.ɛŋ,ɪgɛŋ,ɪgɛŋ,ɪgɛŋ,ɪgɛŋ
ɪg.ɛp,ɪg.ɛp,ɪgɛp,ɪgɛp,ɪgɛp,ɪgɛp
ɪg.ɛt,ɪg.ɛt,ɪgɛt,ɪgɛt,ɪgɛt,ɪgɛt
ɪg.ɛk,ɪg.ɛk,ɪgɛk,ɪgɛk,ɪgɛk,ɪgɛk
ɪg.ɛb,ɪg.ɛb,ɪgɛb,ɪgɛb,ɪgɛb,ɪgɛb
ɪg.ɛd,ɪg.ɛd,ɪgɛd,ɪgɛd,ɪgɛd,ɪgɛd
ɪg.ɛg,ɪg.ɛg,ɪgɛg,ɪgɛg,ɪgɛg,ɪgɛg
ɪg.ɛf,ɪg.ɛf,ɪgɛf,ɪgɛf,ɪgɛf,ɪgɛf
ɪg.ɛs,ɪg.ɛs,ɪgɛs,ɪgɛs,ɪgɛs,ɪgɛs
ɪg.ɛv,ɪg.ɛv,ɪgɛv,ɪgɛv,ɪgɛv,ɪgɛv
ɪg.ɛz,ɪg.ɛz,ɪgɛz,ɪgɛz,ɪgɛz,ɪgɛz
ɪg.ɛʃ,ɪg.ɛʃ,ɪgɛʃ,ɪgɛʃ,ɪgɛʃ,ɪgɛʃ
ɪg.ɛʒ,ɪg.ɛʒ,ɪgɛʒ,ɪgɛʒ,ɪgɛʒ,ɪgɛʒ
ɪg.ɛθ,ɪg.ɛθ,ɪgɛθ,ɪgɛθ,ɪgɛθ,ɪgɛθ
ɪg.ɛð,ɪg.ɛð,ɪgɛð,ɪgɛð,ɪgɛð,ɪgɛð
ɪg.ʊm,ɪg.ʊm,ɪgʊm,ɪgʊm,ɪgʊm,ɪgʊm
ɪg.ʊn,ɪg.ʊn,ɪgʊn,ɪgʊn,ɪgʊn,ɪgʊn
ɪg.ʊŋ,ɪg.ʊŋ,ɪgʊŋ,ɪgʊŋ,ɪgʊŋ,ɪgʊŋ
ɪg.ʊp,ɪg.ʊp,ɪgʊp,ɪgʊp,ɪgʊp,ɪgʊp
ɪg.ʊt,ɪg.ʊt,ɪgʊt,ɪgʊt,ɪgʊt,ɪgʊt
ɪg.ʊk,ɪg.ʊk,ɪgʊk,ɪgʊk,ɪgʊk,ɪgʊk
ɪg.ʊb,ɪg.ʊb,ɪgʊb,ɪgʊb,ɪgʊb,ɪgʊb
ɪg.ʊd,ɪg.ʊd,ɪgʊd,ɪgʊd,ɪgʊd,ɪgʊd
ɪg.ʊg,ɪg.ʊg,ɪgʊg,ɪgʊg,ɪgʊg,ɪgʊg
ɪg.ʊf,ɪg.ʊf,ɪgʊf,ɪgʊf,ɪgʊf,ɪgʊf
ɪg.ʊs,ɪg.ʊs,ɪgʊs,ɪgʊs,ɪgʊs,ɪgʊs
ɪg.ʊv,ɪg.ʊv,ɪgʊv,ɪgʊv,ɪgʊv,ɪgʊv
ɪg.ʊz,ɪg.ʊz,ɪgʊz,ɪgʊz,ɪgʊz,ɪgʊz
ɪg.ʊʃ,ɪg.ʊʃ,ɪgʊʃ,ɪgʊʃ,ɪgʊʃ,ɪgʊʃ
ɪg.ʊʒ,ɪg.ʊʒ,ɪgʊʒ,ɪgʊʒ,ɪgʊʒ,ɪgʊʒ
ɪg.ʊθ,ɪg.ʊθ,ɪgʊθ,ɪgʊθ,ɪgʊθ,ɪgʊθ
ɪg.ʊð,ɪg.ʊð,ɪgʊð,ɪgʊð,ɪgʊð,ɪgʊð
ɪg.ɔm,ɪg.ɔm,ɪgɔm,ɪgɔm,ɪgɔm,ɪgɔm
ɪg.ɔn,ɪg.ɔn,ɪgɔn,ɪgɔn,ɪgɔn,ɪgɔn
ɪg.ɔŋ,ɪg.ɔŋ,ɪgɔŋ,ɪgɔŋ,ɪgɔŋ,ɪgɔŋ
ɪg.ɔp,ɪg.ɔp,ɪgɔp,ɪgɔp,ɪgɔp,ɪgɔp
ɪg.ɔt,ɪg.ɔt,ɪgɔt,ɪgɔt,ɪgɔt,ɪgɔt
ɪg.ɔk,ɪg.ɔk,ɪgɔk,ɪgɔk,ɪgɔk,ɪgɔk
ɪg.ɔb,ɪg.ɔb,ɪgɔb,ɪgɔb,ɪgɔb,ɪgɔb
ɪg.ɔd,ɪg.ɔd,ɪgɔd,ɪgɔd,ɪgɔd,ɪgɔd
ɪg.ɔg,ɪg.ɔg,ɪgɔg,ɪgɔg,ɪgɔg,ɪgɔg
ɪg.ɔf,ɪg.ɔf,ɪgɔf,ɪgɔf,ɪgɔf,ɪgɔf
ɪg.ɔs,ɪg.ɔs,ɪgɔs,ɪgɔs,ɪgɔs,ɪgɔs
ɪg.ɔv,ɪg.ɔv,ɪgɔv,ɪgɔv,ɪgɔv,ɪgɔv
ɪg.ɔz,ɪg.ɔz,ɪgɔz,ɪgɔz,ɪgɔz,ɪgɔz
ɪg.ɔʃ,ɪg.ɔʃ,ɪgɔʃ,ɪgɔʃ,ɪgɔʃ,ɪgɔʃ
ɪg.ɔʒ,ɪg.ɔʒ,ɪgɔʒ,ɪgɔʒ,ɪgɔʒ,ɪgɔʒ
ɪg.ɔθ,ɪg.ɔθ,ɪgɔθ,ɪgɔθ,ɪgɔθ,ɪgɔθ
ɪg.ɔð,ɪg.ɔð,ɪgɔð,ɪgɔð,ɪgɔð,ɪgɔð
ɪf.ɪm,ɪf.ɪm,ɪfɪm,ɪfɪm,ɪfɪm,ɪfɪm
ɪf.ɪn,ɪf.ɪn,ɪfɪn,ɪfɪn,ɪfɪn,ɪfɪn
ɪf.ɪŋ,ɪf.ɪŋ,ɪfɪŋ,ɪfɪŋ,ɪfɪŋ,ɪfɪŋ
ɪf.ɪp,ɪf.ɪp,ɪfɪp,ɪfɪp,ɪfɪp,ɪfɪp
ɪf.ɪt,ɪf.ɪt,ɪfɪt,ɪfɪt,ɪfɪt,ɪfɪt
ɪf.ɪk,ɪf.ɪk,ɪfɪk,ɪfɪk,ɪfɪk,ɪfɪk
ɪf.ɪb,ɪf.ɪb,ɪfɪb,ɪfɪb,ɪfɪb,ɪfɪb
ɪf.ɪd,ɪf.ɪd,ɪfɪd,ɪfɪd,ɪfɪd,ɪfɪd
ɪf.ɪg,ɪf.ɪg,ɪfɪg,ɪfɪg,ɪfɪg,ɪfɪg
ɪf.ɪf,ɪf.ɪf,ɪfɪf,ɪfɪf,ɪfɪf,ɪfɪf
ɪf.ɪs,ɪf.ɪs,ɪfɪs,ɪfɪs,ɪfɪs,ɪfɪs
ɪf.ɪv,ɪf.ɪv,ɪfɪv,ɪfɪv,ɪfɪv,ɪfɪv
ɪf.ɪz,ɪf.ɪz,ɪfɪz,ɪfɪz,ɪfɪz,ɪfɪz
ɪf.ɪʃ,ɪf.ɪʃ,ɪfɪʃ,ɪfɪʃ,ɪfɪʃ,ɪfɪʃ
ɪf.ɪʒ,ɪf.ɪʒ,ɪfɪʒ,ɪfɪʒ,ɪfɪʒ,ɪfɪʒ
ɪf.ɪθ,ɪf.ɪθ,ɪfɪθ,ɪfɪθ,ɪfɪθ,ɪfɪθ
ɪf.ɪð,ɪf.ɪð,ɪfɪð,ɪfɪð,ɪfɪð,ɪfɪð
ɪf.ɛm,ɪf.ɛm,ɪfɛm,ɪfɛm,ɪfɛm,ɪfɛm
ɪf.ɛn,ɪf.ɛn,ɪfɛn,ɪfɛn,ɪfɛn,ɪfɛn
ɪf.ɛŋ,ɪf.ɛŋ,ɪfɛŋ,ɪfɛŋ,ɪfɛŋ,ɪfɛŋ
ɪf.ɛp,ɪf.ɛp,ɪfɛp,ɪfɛp,ɪfɛp,ɪfɛp
ɪf.ɛt,ɪf.ɛt,ɪfɛt,ɪfɛt,ɪfɛt,ɪfɛt
ɪf.ɛk,ɪf.ɛk,ɪfɛk,ɪfɛk,ɪfɛk,ɪfɛk
ɪf.ɛb,ɪf.ɛb,ɪfɛb,ɪfɛb,ɪfɛb,ɪfɛb
ɪf.ɛd,ɪf.ɛd,ɪfɛd,ɪfɛd,ɪfɛd,ɪfɛd
ɪf.ɛg,ɪf.ɛg,ɪfɛg,ɪfɛg,ɪfɛg,ɪfɛg
ɪf.ɛf,ɪf.ɛf,ɪfɛf,ɪfɛf,ɪfɛf,ɪfɛf
ɪf.ɛs,ɪf.ɛs,ɪfɛs,ɪfɛs,ɪfɛs,ɪfɛs
ɪf.ɛv,ɪf.ɛv,ɪfɛv,ɪfɛv,ɪfɛv,ɪfɛv
ɪf.ɛz,ɪf.ɛz,ɪfɛz,ɪfɛz,ɪfɛz,ɪfɛz
ɪf.ɛʃ,ɪf.ɛʃ,ɪfɛʃ,ɪfɛʃ,ɪfɛʃ,ɪfɛʃ
ɪf.ɛʒ,ɪf.ɛʒ,ɪfɛʒ,ɪfɛʒ,ɪfɛʒ,ɪfɛʒ
ɪf.ɛθ,ɪf.ɛθ,ɪfɛθ,ɪfɛθ,ɪfɛθ,ɪfɛθ
ɪf.ɛð,ɪf.ɛð,ɪfɛð,ɪfɛð,ɪfɛð,ɪfɛð
ɪf.ʊm,ɪf.ʊm,ɪfʊm,ɪfʊm,ɪfʊm,ɪfʊm
ɪf.ʊn,ɪf.ʊn,ɪfʊn,ɪfʊn,ɪfʊn,ɪfʊn
ɪf.ʊŋ,ɪf.ʊŋ,ɪfʊŋ,ɪfʊŋ,ɪfʊŋ,ɪfʊŋ
ɪf.ʊp,ɪf.ʊp,ɪfʊp,ɪfʊp,ɪfʊp,ɪfʊp
ɪf.ʊt,ɪf.ʊt,ɪfʊt,ɪfʊt,ɪfʊt,ɪfʊt
ɪf.ʊk,ɪf.ʊk,ɪfʊk,ɪfʊk,ɪfʊk,ɪfʊk
ɪf.ʊb,ɪf.ʊb,ɪfʊb,ɪfʊb,ɪfʊb,ɪfʊb
ɪf.ʊd,ɪf.ʊd,ɪfʊd,ɪfʊd,ɪfʊd,ɪfʊd
ɪf.ʊg,ɪf.ʊg,ɪfʊg,ɪfʊg,ɪfʊg,ɪfʊg
ɪf.ʊf,ɪf.ʊf,ɪfʊf,ɪfʊf,ɪfʊf,ɪfʊf
ɪf.ʊs,ɪf.ʊs,ɪfʊs,ɪfʊs,ɪfʊs,ɪfʊs
ɪf.ʊv,ɪf.ʊv,ɪfʊv,ɪfʊv,ɪfʊv,ɪfʊv
ɪf.ʊz,ɪf.ʊz,ɪfʊz,ɪfʊz,ɪfʊz,ɪfʊz
ɪf.ʊʃ,ɪf.ʊʃ,ɪfʊʃ,ɪfʊʃ,ɪfʊʃ,ɪfʊʃ
ɪf.ʊʒ,ɪf.ʊʒ,ɪfʊʒ,ɪfʊʒ,ɪfʊʒ,ɪfʊʒ
ɪf.ʊθ,ɪf.ʊθ,ɪfʊθ,ɪfʊθ,ɪfʊθ,ɪfʊθ
ɪf.ʊð,ɪf.ʊð,ɪfʊð,ɪfʊð,ɪfʊð,ɪfʊð
ɪf.ɔm,ɪf.ɔm,ɪfɔm,ɪfɔm,ɪfɔm,ɪfɔm
ɪf.ɔn,ɪf.ɔn,ɪfɔn,ɪfɔn,ɪfɔn,ɪfɔn
ɪf.ɔŋ,ɪf.ɔŋ,ɪfɔŋ,ɪfɔŋ,ɪfɔŋ,ɪfɔŋ
ɪf.ɔp,ɪf.ɔp,ɪfɔp,ɪfɔp,ɪfɔp,ɪfɔp
ɪf.ɔt,ɪf.ɔt,ɪfɔt,ɪfɔt,ɪfɔt,ɪfɔt
ɪf.ɔk,ɪf.ɔk,ɪfɔk,ɪfɔk,ɪfɔk,ɪfɔk
ɪf.ɔb,ɪf.ɔb,ɪfɔb,ɪfɔb,ɪfɔb,ɪfɔb
ɪf.ɔd,ɪf.ɔd,ɪfɔd,ɪfɔd,ɪfɔd,ɪfɔd
ɪf.ɔg,ɪf.ɔg,ɪfɔg,ɪfɔg,ɪfɔg,ɪfɔg
ɪf.ɔf,ɪf.ɔf,ɪfɔf,ɪfɔf,ɪfɔf,ɪfɔf
ɪf.ɔs,ɪf.ɔs,ɪfɔs,ɪfɔs,ɪfɔs,ɪfɔs
ɪf.ɔv,ɪf.ɔv,ɪfɔv,ɪfɔv,ɪfɔv,ɪfɔv
ɪf.ɔz,ɪf.ɔz,ɪfɔz,ɪfɔz,ɪfɔz,ɪfɔz
ɪf.ɔʃ,ɪf.ɔʃ,ɪfɔʃ,ɪfɔʃ,ɪfɔʃ,ɪfɔʃ
ɪf.ɔʒ,ɪf.ɔʒ,ɪfɔʒ,ɪfɔʒ,ɪfɔʒ,ɪfɔʒ
ɪf.ɔθ,ɪf.ɔθ,ɪfɔθ,ɪfɔθ,ɪfɔθ,ɪfɔθ
ɪf.ɔð,ɪf.ɔð,ɪfɔð,ɪfɔð,ɪfɔð,ɪfɔð
ɪs.ɪm,ɪs.ɪm,ɪsɪm,ɪsɪm,ɪsɪm,ɪsɪm
ɪs.ɪn,ɪs.ɪn,ɪsɪn,ɪsɪn,ɪsɪn,ɪsɪn
ɪs.ɪŋ,ɪs.ɪŋ,ɪsɪŋ,ɪsɪŋ,ɪsɪŋ,ɪsɪŋ
ɪs.ɪp,ɪs.ɪp,ɪsɪp,ɪsɪp,ɪsɪp,ɪsɪp
ɪs.ɪt,ɪs.ɪt,ɪsɪt,ɪsɪt,ɪsɪt,ɪsɪt
ɪs.ɪk,ɪs.ɪk,ɪsɪk,ɪsɪk,ɪsɪk,ɪsɪk
ɪs.ɪb,ɪs.ɪb,ɪsɪb,ɪsɪb,ɪsɪb,ɪsɪb
ɪs.ɪd,ɪs.ɪd,ɪsɪd,ɪsɪd,ɪsɪd,ɪsɪd
ɪs.ɪg,ɪs.ɪg,ɪsɪg,ɪsɪg,ɪsɪg,ɪsɪg
ɪs.ɪf,ɪs.ɪf,ɪsɪf,ɪsɪf,ɪsɪf,ɪsɪf
ɪs.ɪs,ɪs.ɪs,ɪsɪs,ɪsɪs,ɪsɪs,ɪsɪs
ɪs.ɪv,ɪs.ɪv,ɪsɪv,ɪsɪv,ɪsɪv,ɪsɪv
ɪs.ɪz,ɪs.ɪz,ɪsɪz,ɪsɪz,ɪsɪz,ɪsɪz
ɪs.ɪʃ,ɪs.ɪʃ,ɪsɪʃ,ɪsɪʃ,ɪsɪʃ,ɪsɪʃ
ɪs.ɪʒ,ɪs.ɪʒ,ɪsɪʒ,ɪsɪʒ,ɪsɪʒ,ɪsɪʒ
ɪs.ɪθ,ɪs.ɪθ,ɪsɪθ,ɪsɪθ,ɪsɪθ,ɪsɪθ
ɪs.ɪð,ɪs.ɪð,ɪsɪð,ɪsɪð,ɪsɪð,ɪsɪð
ɪs.ɛm,ɪs.ɛm,ɪsɛm,ɪsɛm,ɪsɛm,ɪsɛm
ɪs.ɛn,ɪs.ɛn,ɪsɛn,ɪsɛn,ɪsɛn,ɪsɛn
ɪs.ɛŋ,ɪs.ɛŋ,ɪsɛŋ,ɪsɛŋ,ɪsɛŋ,ɪsɛŋ
ɪs.ɛp,ɪs.ɛp,ɪsɛp,ɪsɛp,ɪsɛp,ɪsɛp
ɪs.ɛt,ɪs.ɛt,ɪsɛt,ɪsɛt,ɪsɛt,ɪsɛt
ɪs.ɛk,ɪs.ɛk,ɪsɛk,ɪsɛk,ɪsɛk,ɪsɛk
ɪs.ɛb,ɪs.ɛb,ɪsɛb,ɪsɛb,ɪsɛb,ɪsɛb
ɪs.ɛd,ɪs.ɛd,ɪsɛd,ɪsɛd,ɪsɛd,ɪsɛd
ɪs.ɛg,ɪs.ɛg,ɪsɛg,ɪsɛg,ɪsɛg,ɪsɛg
ɪs.ɛf,ɪs.ɛf,ɪsɛf,ɪsɛf,ɪsɛf,ɪsɛf
ɪs.ɛs,ɪs.ɛs,ɪsɛs,ɪsɛs,ɪsɛs,ɪsɛs
ɪs.ɛv,ɪs.ɛv,ɪsɛv,ɪsɛv,ɪsɛv,ɪsɛv
ɪs.ɛz,ɪs.ɛz,ɪsɛz,ɪsɛz,ɪsɛz,ɪsɛz
ɪs.ɛʃ,ɪs.ɛʃ,ɪsɛʃ,ɪsɛʃ,ɪsɛʃ,ɪsɛʃ
ɪs.ɛʒ,ɪs.ɛʒ,ɪsɛʒ,ɪsɛʒ,ɪsɛʒ,ɪsɛʒ
ɪs.ɛθ,ɪs.ɛθ,ɪsɛθ,ɪsɛθ,ɪsɛθ,ɪsɛθ
ɪs.ɛð,ɪs.ɛð,ɪsɛð,ɪsɛð,ɪsɛð,ɪsɛð
ɪs.ʊm,ɪs.ʊm,ɪsʊm,ɪsʊm,ɪsʊm,ɪsʊm
ɪs.ʊn,ɪs.ʊn,ɪsʊn,ɪsʊn,ɪsʊn,ɪsʊn
ɪs.ʊŋ,ɪs.ʊŋ,ɪsʊŋ,ɪsʊŋ,ɪsʊŋ,ɪsʊŋ
ɪs.ʊp,ɪs.ʊp,ɪsʊp,ɪsʊp,ɪsʊp,ɪsʊp
ɪs.ʊt,ɪs.ʊt,ɪsʊt,ɪsʊt,ɪsʊt,ɪsʊt
ɪs.ʊk,ɪs.ʊk,ɪsʊk,ɪsʊk,ɪsʊk,ɪsʊk
ɪs.ʊb,ɪs.ʊb,ɪsʊb,ɪsʊb,ɪsʊb,ɪsʊb
ɪs.ʊd,ɪs.ʊd,ɪsʊd,ɪsʊd,ɪsʊd,ɪsʊd
ɪs.ʊg,ɪs.ʊg,ɪsʊg,ɪsʊg,ɪsʊg,ɪsʊg
ɪs.ʊf,ɪs.ʊf,ɪsʊf,ɪsʊf,ɪsʊf,ɪsʊf
ɪs.ʊs,ɪs.ʊs,ɪsʊs,ɪsʊs,ɪsʊs,ɪsʊs
ɪs.ʊv,ɪs.ʊv,ɪsʊv,ɪsʊv,ɪsʊv,ɪsʊv
ɪs.ʊz,ɪs.ʊz,ɪsʊz,ɪsʊz,ɪsʊz,ɪsʊz
ɪs.ʊʃ,ɪs.ʊʃ,ɪsʊʃ,ɪsʊʃ,ɪsʊʃ,ɪsʊʃ
ɪs.ʊʒ,ɪs.ʊʒ,ɪsʊʒ,ɪsʊʒ,ɪsʊʒ,ɪsʊʒ
ɪs.ʊθ,ɪs.ʊθ,ɪsʊθ,ɪsʊθ,ɪsʊθ,ɪsʊθ
ɪs.ʊð,ɪs.ʊð,ɪsʊð,ɪsʊð,ɪsʊð,ɪsʊð
ɪs.ɔm,ɪs.ɔm,ɪsɔm,ɪsɔm,ɪsɔm,ɪsɔm
ɪs.ɔn,ɪs.ɔn,ɪsɔn,ɪsɔn,ɪsɔn,ɪsɔn
ɪs.ɔŋ,ɪs.ɔŋ,ɪsɔŋ,ɪsɔŋ,ɪsɔŋ,ɪsɔŋ
ɪs.ɔp,ɪs.ɔp,ɪsɔp,ɪsɔp,ɪsɔp,ɪsɔp
ɪs.ɔt,ɪs.ɔt,ɪsɔt,ɪsɔt,ɪsɔt,ɪsɔt
ɪs.ɔk,ɪs.ɔk,ɪsɔk,ɪsɔk,ɪsɔk,ɪsɔk
ɪs.ɔb,ɪs.ɔb,ɪsɔb,ɪsɔb,ɪsɔb,ɪsɔb
ɪs.ɔd,ɪs.ɔd,ɪsɔd,ɪsɔd,ɪsɔd,ɪsɔd
ɪs.ɔg,ɪs.ɔg,ɪsɔg,ɪsɔg,ɪsɔg,ɪsɔg
ɪs.ɔf,ɪs.ɔf,ɪsɔf,ɪsɔf,ɪsɔf,ɪsɔf
ɪs.ɔs,ɪs.ɔs,ɪsɔs,ɪsɔs,ɪsɔs,ɪsɔs
ɪs.ɔv,ɪs.ɔv,ɪsɔv,ɪsɔv,ɪsɔv,ɪsɔv
ɪs.ɔz,ɪs.ɔz,ɪsɔz,ɪsɔz,ɪsɔz,ɪsɔz
ɪs.ɔʃ,ɪs.ɔʃ,ɪsɔʃ,ɪsɔʃ,ɪsɔʃ,ɪsɔʃ
ɪs.ɔʒ,ɪs.ɔʒ,ɪsɔʒ,ɪsɔʒ,ɪsɔʒ,ɪsɔʒ
ɪs.ɔθ,ɪs.ɔθ,ɪsɔθ,ɪsɔθ,ɪsɔθ,ɪsɔθ
ɪs.ɔð,ɪs.ɔð,ɪsɔð,ɪsɔð,ɪsɔð,ɪsɔð
ɪv.ɪm,ɪv.ɪm,ɪvɪm,ɪvɪm,ɪvɪm,ɪvɪm
ɪv.ɪn,ɪv.ɪn,ɪvɪn,ɪvɪn,ɪvɪn,ɪvɪn
ɪv.ɪŋ,ɪv.ɪŋ,ɪvɪŋ,ɪvɪŋ,ɪvɪŋ,ɪvɪŋ
ɪv.ɪp,ɪv.ɪp,ɪvɪp,ɪvɪp,ɪvɪp,ɪvɪp
ɪv.ɪt,ɪv.ɪt,ɪvɪt,ɪvɪt,ɪvɪt,ɪvɪt
ɪv.ɪk,ɪv.ɪk,ɪvɪk,ɪvɪk,ɪvɪk,ɪvɪk
ɪv.ɪb,ɪv.ɪb,ɪvɪb,ɪvɪb,ɪvɪb,ɪvɪb
ɪv.ɪd,ɪv.ɪd,ɪvɪd,ɪvɪd,ɪvɪd,ɪvɪd
ɪv.ɪg,ɪv.ɪg,ɪvɪg,ɪvɪg,ɪvɪg,ɪvɪg
ɪv.ɪf,ɪv.ɪf,ɪvɪf,ɪvɪf,ɪvɪf,ɪvɪf
ɪv.ɪs,ɪv.ɪs,ɪvɪs,ɪvɪs,ɪvɪs,ɪvɪs
ɪv.ɪv,ɪv.ɪv,ɪvɪv,ɪvɪv,ɪvɪv,ɪvɪv
ɪv.ɪz,ɪv.ɪz,ɪvɪz,ɪvɪz,ɪvɪz,ɪvɪz
ɪv.ɪʃ,ɪv.ɪʃ,ɪvɪʃ,ɪvɪʃ,ɪvɪʃ,ɪvɪʃ
ɪv.ɪʒ,ɪv.ɪʒ,ɪvɪʒ,ɪvɪʒ,ɪvɪʒ,ɪvɪʒ
ɪv.ɪθ,ɪv.ɪθ,ɪvɪθ,ɪvɪθ,ɪvɪθ,ɪvɪθ
ɪv.ɪð,ɪv.ɪð,ɪvɪð,ɪvɪð,ɪvɪð,ɪvɪð
ɪv.ɛm,ɪv.ɛm,ɪvɛm,ɪvɛm,ɪvɛm,ɪvɛm
ɪv.ɛn,ɪv.ɛn,ɪvɛn,ɪvɛn,ɪvɛn,ɪvɛn
ɪv.ɛŋ,ɪv.ɛŋ,ɪvɛŋ,ɪvɛŋ,ɪvɛŋ,ɪvɛŋ
ɪv.ɛp,ɪv.ɛp,ɪvɛp,ɪvɛp,ɪvɛp,ɪvɛp
ɪv.ɛt,ɪv.ɛt,ɪvɛt,ɪvɛt,ɪvɛt,ɪvɛt
ɪv.ɛk,ɪv.ɛk,ɪvɛk,ɪvɛk,ɪvɛk,ɪvɛk
ɪv.ɛb,ɪv.ɛb,ɪvɛb,ɪvɛb,ɪvɛb,ɪvɛb
ɪv.ɛd,ɪv.ɛd,ɪvɛd,ɪvɛd,ɪvɛd,ɪvɛd
ɪv.ɛg,ɪv.ɛg,ɪvɛg,ɪvɛg,ɪvɛg,ɪvɛg
ɪv.ɛf,ɪv.ɛf,ɪvɛf,ɪvɛf,ɪvɛf,ɪvɛf
ɪv.ɛs,ɪv.ɛs,ɪvɛs,ɪvɛs,ɪvɛs,ɪvɛs
ɪv.ɛv,ɪv.ɛv,ɪvɛv,ɪvɛv,ɪvɛv,ɪvɛv
ɪv.ɛz,ɪv.ɛz,ɪvɛz,ɪvɛz,ɪvɛz,ɪvɛz
ɪv.ɛʃ,ɪv.ɛʃ,ɪvɛʃ,ɪvɛʃ,ɪvɛʃ,ɪvɛʃ
ɪv.ɛʒ,ɪv.ɛʒ,ɪvɛʒ,ɪvɛʒ,ɪvɛʒ,ɪvɛʒ
ɪv.ɛθ,ɪv.ɛθ,ɪvɛθ,ɪvɛθ,ɪvɛθ,ɪvɛθ
ɪv.ɛð,ɪv.ɛð,ɪvɛð,ɪvɛð,ɪvɛð,ɪvɛð
ɪv.ʊm,ɪv.ʊm,ɪvʊm,ɪvʊm,ɪvʊm,ɪvʊm
ɪv.ʊn,ɪv.ʊn,ɪvʊn,ɪvʊn,ɪvʊn,ɪvʊn
ɪv.ʊŋ,ɪv.ʊŋ,ɪvʊŋ,ɪvʊŋ,ɪvʊŋ,ɪvʊŋ
ɪv.ʊp,ɪv.ʊp,ɪvʊp,ɪvʊp,ɪvʊp,ɪvʊp
ɪv.ʊt,ɪv.ʊt,ɪvʊt,ɪvʊt,ɪvʊt,ɪvʊt
ɪv.ʊk,ɪv.ʊk,ɪvʊk,ɪvʊk,ɪvʊk,ɪvʊk
ɪv.ʊb,ɪv.ʊb,ɪvʊb,ɪvʊb,ɪvʊb,ɪvʊb
ɪv.ʊd,ɪv.ʊd,ɪvʊd,ɪvʊd,ɪvʊd,ɪvʊd
ɪv.ʊg,ɪv.ʊg,ɪvʊg,ɪvʊg,ɪvʊg,ɪvʊg
ɪv.ʊf,ɪv.ʊf,ɪvʊf,ɪvʊf,ɪvʊf,ɪvʊf
ɪv.ʊs,ɪv.ʊs,ɪvʊs,ɪvʊs,ɪvʊs,ɪvʊs
ɪv.ʊv,ɪv.ʊv,ɪvʊv,ɪvʊv,ɪvʊv,ɪvʊv
ɪv.ʊz,ɪv.ʊz,ɪvʊz,ɪvʊz,ɪvʊz,ɪvʊz
ɪv.ʊʃ,ɪv.ʊʃ,ɪvʊʃ,ɪvʊʃ,ɪvʊʃ,ɪvʊʃ
ɪv.ʊʒ,ɪv.ʊʒ,ɪvʊʒ,ɪvʊʒ,ɪvʊʒ,ɪvʊʒ
ɪv.ʊθ,ɪv.ʊθ,ɪvʊθ,ɪvʊθ,ɪvʊθ,ɪvʊθ
ɪv.ʊð,ɪv.ʊð,ɪvʊð,ɪvʊð,ɪvʊð,ɪvʊð
ɪv.ɔm,ɪv.ɔm,ɪvɔm,ɪvɔm,ɪvɔm,ɪvɔm
ɪv.ɔn,ɪv.ɔn,ɪvɔn,ɪvɔn,ɪvɔn,ɪvɔn
ɪv.ɔŋ,ɪv.ɔŋ,ɪvɔŋ,ɪvɔŋ,ɪvɔŋ,ɪvɔŋ
ɪv.ɔp,ɪv.ɔp,ɪvɔp,ɪvɔp,ɪvɔp,ɪvɔp
ɪv.ɔt,ɪv.ɔt,ɪvɔt,ɪvɔt,ɪvɔt,ɪvɔt
ɪv.ɔk,ɪv.ɔk,ɪvɔk,ɪvɔk,ɪvɔk,ɪvɔk
ɪv.ɔb,ɪv.ɔb,ɪvɔb,ɪvɔb,ɪvɔb,ɪvɔb
ɪv.ɔd,ɪv.ɔd,ɪvɔd,ɪvɔd,ɪvɔd,ɪvɔd
ɪv.ɔg,ɪv.ɔg,ɪvɔg,ɪvɔg,ɪvɔg,ɪvɔg
ɪv.ɔf,ɪv.ɔf,ɪvɔf,ɪvɔf,ɪvɔf,ɪvɔf
ɪv.ɔs,ɪv.ɔs,ɪvɔs,ɪvɔs,ɪvɔs,ɪvɔs
ɪv.ɔv,ɪv.ɔv,ɪvɔv,ɪvɔv,ɪvɔv,ɪvɔv
ɪv.ɔz,ɪv.ɔz,ɪvɔz,ɪvɔz,ɪvɔz,ɪvɔz
ɪv.ɔʃ,ɪv.ɔʃ,ɪvɔʃ,ɪvɔʃ,ɪvɔʃ,ɪvɔʃ
ɪv.ɔʒ,ɪv.ɔʒ,ɪvɔʒ,ɪvɔʒ,ɪvɔʒ,ɪvɔʒ
ɪv.ɔθ,ɪv.ɔθ,ɪvɔθ,ɪvɔθ,ɪvɔθ,ɪvɔθ
ɪv.ɔð,ɪv.ɔð,ɪvɔð,ɪvɔð,ɪvɔð,ɪvɔð
ɪz.ɪm,ɪz.ɪm,ɪzɪm,ɪzɪm,ɪzɪm,ɪzɪm
ɪz.ɪn,ɪz.ɪn,ɪzɪn,ɪzɪn,ɪzɪn,ɪzɪn
ɪz.ɪŋ,ɪz.ɪŋ,ɪzɪŋ,ɪzɪŋ,ɪzɪŋ,ɪzɪŋ
ɪz.ɪp,ɪz.ɪp,ɪzɪp,ɪzɪp,ɪzɪp,ɪzɪp
ɪz.ɪt,ɪz.ɪt,ɪzɪt,ɪzɪt,ɪzɪt,ɪzɪt
ɪz.ɪk,ɪz.ɪk,ɪzɪk,ɪzɪk,ɪzɪk,ɪzɪk
ɪz.ɪb,ɪz.ɪb,ɪzɪb,ɪzɪb,ɪzɪb,ɪzɪb
ɪz.ɪd,ɪz.ɪd,ɪzɪd,ɪzɪd,ɪzɪd,ɪzɪd
ɪz.ɪg,ɪz.ɪg,ɪzɪg,ɪzɪg,ɪzɪg,ɪzɪg
ɪz.ɪf,ɪz.ɪf,ɪzɪf,ɪzɪf,ɪzɪf,ɪzɪf
ɪz.ɪs,ɪz.ɪs,ɪzɪs,ɪzɪs,ɪzɪs,ɪzɪs
ɪz.ɪv,ɪz.ɪv,ɪzɪv,ɪzɪv,ɪzɪv,ɪzɪv
ɪz.ɪz,ɪz.ɪz,ɪzɪz,ɪzɪz,ɪzɪz,ɪzɪz
ɪz.ɪʃ,ɪz.ɪʃ,ɪzɪʃ,ɪzɪʃ,ɪzɪʃ,ɪzɪʃ
ɪz.ɪʒ,ɪz.ɪʒ,ɪzɪʒ,ɪzɪʒ,ɪzɪʒ,ɪzɪʒ
ɪz.ɪθ,ɪz.ɪθ,ɪzɪθ,ɪzɪθ,ɪzɪθ,ɪzɪθ
ɪz.ɪð,ɪz.ɪð,ɪzɪð,ɪzɪð,ɪzɪð,ɪzɪð
ɪz.ɛm,ɪz.ɛm,ɪzɛm,ɪzɛm,ɪzɛm,ɪzɛm
ɪz.ɛn,ɪz.ɛn,ɪzɛn,ɪzɛn,ɪzɛn,ɪzɛn
ɪz.ɛŋ,ɪz.ɛŋ,ɪzɛŋ,ɪzɛŋ,ɪzɛŋ,ɪzɛŋ
ɪz.ɛp,ɪz.ɛp,ɪzɛp,ɪzɛp,ɪzɛp,ɪzɛp
ɪz.ɛt,ɪz.ɛt,ɪzɛt,ɪzɛt,ɪzɛt,ɪzɛt
ɪz.ɛk,ɪz.ɛk,ɪzɛk,ɪzɛk,ɪzɛk,ɪzɛk
ɪz.ɛb,ɪz.ɛb,ɪzɛb,ɪzɛb,ɪzɛb,ɪzɛb
ɪz.ɛd,ɪz.ɛd,ɪzɛd,ɪzɛd,ɪzɛd,ɪzɛd
ɪz.ɛg,ɪz.ɛg,ɪzɛg,ɪzɛg,ɪzɛg,ɪzɛg
ɪz.ɛf,ɪz.ɛf,ɪzɛf,ɪzɛf,ɪzɛf,ɪzɛf
ɪz.ɛs,ɪz.ɛs,ɪzɛs,ɪzɛs,ɪzɛs,ɪzɛs
ɪz.ɛv,ɪz.ɛv,ɪzɛv,ɪzɛv,ɪzɛv,ɪzɛv
ɪz.ɛz,ɪz.ɛz,ɪzɛz,ɪzɛz,ɪzɛz,ɪzɛz
ɪz.ɛʃ,ɪz.ɛʃ,ɪzɛʃ,ɪzɛʃ,ɪzɛʃ,ɪzɛʃ
ɪz.ɛʒ,ɪz.ɛʒ,ɪzɛʒ,ɪzɛʒ,ɪzɛʒ,ɪzɛʒ
ɪz.ɛθ,ɪz.ɛθ,ɪzɛθ,ɪzɛθ,ɪzɛθ,ɪzɛθ
ɪz.ɛð,ɪz.ɛð,ɪzɛð,ɪzɛð,ɪzɛð,ɪzɛð
ɪz.ʊm,ɪz.ʊm,ɪzʊm,ɪzʊm,ɪzʊm,ɪzʊm
ɪz.ʊn,ɪz.ʊn,ɪzʊn,ɪzʊn,ɪzʊn,ɪzʊn
ɪz.ʊŋ,ɪz.ʊŋ,ɪzʊŋ,ɪzʊŋ,ɪzʊŋ,ɪzʊŋ
ɪz.ʊp,ɪz.ʊp,ɪzʊp,ɪzʊp,ɪzʊp,ɪzʊp
ɪz.ʊt,ɪz.ʊt,ɪzʊt,ɪzʊt,ɪzʊt,ɪzʊt
ɪz.ʊk,ɪz.ʊk,ɪzʊk,ɪzʊk,ɪzʊk,ɪzʊk
ɪz.ʊb,ɪz.ʊb,ɪzʊb,ɪzʊb,ɪzʊb,ɪzʊb
ɪz.ʊd,ɪz.ʊd,ɪzʊd,ɪzʊd,ɪzʊd,ɪzʊd
ɪz.ʊg,ɪz.ʊg,ɪzʊg,ɪzʊg,ɪzʊg,ɪzʊg
ɪz.ʊf,ɪz.ʊf,ɪzʊf,ɪzʊf,ɪzʊf,ɪzʊf
ɪz.ʊs,ɪz.ʊs,ɪzʊs,ɪzʊs,ɪzʊs,ɪzʊs
ɪz.ʊv,ɪz.ʊv,ɪzʊv,ɪzʊv,ɪzʊv,ɪzʊv
ɪz.ʊz,ɪz.ʊz,ɪzʊz,ɪzʊz,ɪzʊz,ɪzʊz
ɪz.ʊʃ,ɪz.ʊʃ,ɪzʊʃ,ɪzʊʃ,ɪzʊʃ,ɪzʊʃ
ɪz.ʊʒ,ɪz.ʊʒ,ɪzʊʒ,ɪzʊʒ,ɪzʊʒ,ɪzʊʒ
ɪz.ʊθ,ɪz.ʊθ,ɪzʊθ,ɪzʊθ,ɪzʊθ,ɪzʊθ
ɪz.ʊð,ɪz.ʊð,ɪzʊð,ɪzʊð,ɪzʊð,ɪzʊð
ɪz.ɔm,ɪz.ɔm,ɪzɔm,ɪzɔm,ɪzɔm,ɪzɔm
ɪz.ɔn,ɪz.ɔn,ɪzɔn,ɪzɔn,ɪzɔn,ɪzɔn
ɪz.ɔŋ,ɪz.ɔŋ,ɪzɔŋ,ɪzɔŋ,ɪzɔŋ,ɪzɔŋ
ɪz.ɔp,ɪz.ɔp,ɪzɔp,ɪzɔp,ɪzɔp,ɪzɔp
ɪz.ɔt,ɪz.ɔt,ɪzɔt,ɪzɔt,ɪzɔt,ɪzɔt
ɪz.ɔk,ɪz.ɔk,ɪzɔk,ɪzɔk,ɪzɔk,ɪzɔk
ɪz.ɔb,ɪz.ɔb,ɪzɔb,ɪzɔb,ɪzɔb,ɪzɔb
ɪz.ɔd,ɪz.ɔd,ɪzɔd,ɪzɔd,ɪzɔd,ɪzɔd
ɪz.ɔg,ɪz.ɔg,ɪzɔg,ɪzɔg,ɪzɔg,ɪzɔg
ɪz.ɔf,ɪz.ɔf,ɪzɔf,ɪzɔf,ɪzɔf,ɪzɔf
ɪz.ɔs,ɪz.ɔs,ɪzɔs,ɪzɔs,ɪzɔs,ɪzɔs
ɪz.ɔv,ɪz.ɔv,ɪzɔv,ɪzɔv,ɪzɔv,ɪzɔv
ɪz.ɔz,ɪz.ɔz,ɪzɔz,ɪzɔz,ɪzɔz,ɪzɔz
ɪz.ɔʃ,ɪz.ɔʃ,ɪzɔʃ,ɪzɔʃ,ɪzɔʃ,ɪzɔʃ
ɪz.ɔʒ,ɪz.ɔʒ,ɪzɔʒ,ɪzɔʒ,ɪzɔʒ,ɪzɔʒ
ɪz.ɔθ,ɪz.ɔθ,ɪzɔθ,ɪzɔθ,ɪzɔθ,ɪzɔθ
ɪz.ɔð,ɪz.ɔð,ɪzɔð,ɪzɔð,ɪzɔð,ɪzɔð
ɪʃ.ɪm,ɪʃ.ɪm,ɪʃɪm,ɪʃɪm,ɪʃɪm,ɪʃɪm
ɪʃ.ɪn,ɪʃ.ɪn,ɪʃɪn,ɪʃɪn,ɪʃɪn,ɪʃɪn
ɪʃ.ɪŋ,ɪʃ.ɪŋ,ɪʃɪŋ,ɪʃɪŋ,ɪʃɪŋ,ɪʃɪŋ
ɪʃ.ɪp,ɪʃ.ɪp,ɪʃɪp,ɪʃɪp,ɪʃɪp,ɪʃɪp
ɪʃ.ɪt,ɪʃ.ɪt,ɪʃɪt,ɪʃɪt,ɪʃɪt,ɪʃɪt
ɪʃ.ɪk,ɪʃ.ɪk,ɪʃɪk,ɪʃɪk,ɪʃɪk,ɪʃɪk
ɪʃ.ɪb,ɪʃ.ɪb,ɪʃɪb,ɪʃɪb,ɪʃɪb,ɪʃɪb
ɪʃ.ɪd,ɪʃ.ɪd,ɪʃɪd,ɪʃɪd,ɪʃɪd,ɪʃɪd
ɪʃ.ɪg,ɪʃ.ɪg,ɪʃɪg,ɪʃɪg,ɪʃɪg,ɪʃɪg
ɪʃ.ɪf,ɪʃ.ɪf,ɪʃɪf,ɪʃɪf,ɪʃɪf,ɪʃɪf
ɪʃ.ɪs,ɪʃ.ɪs,ɪʃɪs,ɪʃɪs,ɪʃɪs,ɪʃɪs
ɪʃ.ɪv,ɪʃ.ɪv,ɪʃɪv,ɪʃɪv,ɪʃɪv,ɪʃɪv
ɪʃ.ɪz,ɪʃ.ɪz,ɪʃɪz,ɪʃɪz,ɪʃɪz,ɪʃɪz
ɪʃ.ɪʃ,ɪʃ.ɪʃ,ɪʃɪʃ,ɪʃɪʃ,ɪʃɪʃ,ɪʃɪʃ
ɪʃ.ɪʒ,ɪʃ.ɪʒ,ɪʃɪʒ,ɪʃɪʒ,ɪʃɪʒ,ɪʃɪʒ
ɪʃ.ɪθ,ɪʃ.ɪθ,ɪʃɪθ,ɪʃɪθ,ɪʃɪθ,ɪʃɪθ
ɪʃ.ɪð,ɪʃ.ɪð,ɪʃɪð,ɪʃɪð,ɪʃɪð,ɪʃɪð
ɪʃ.ɛm,ɪʃ.ɛm,ɪʃɛm,ɪʃɛm,ɪʃɛm,ɪʃɛm
ɪʃ.ɛn,ɪʃ.ɛn,ɪʃɛn,ɪʃɛn,ɪʃɛn,ɪʃɛn
ɪʃ.ɛŋ,ɪʃ.ɛŋ,ɪʃɛŋ,ɪʃɛŋ,ɪʃɛŋ,ɪʃɛŋ
ɪʃ.ɛp,ɪʃ.ɛp,ɪʃɛp,ɪʃɛp,ɪʃɛp,ɪʃɛp
ɪʃ.ɛt,ɪʃ.ɛt,ɪʃɛt,ɪʃɛt,ɪʃɛt,ɪʃɛt
ɪʃ.ɛk,ɪʃ.ɛk,ɪʃɛk,ɪʃɛk,ɪʃɛk,ɪʃɛk
ɪʃ.ɛb,ɪʃ.ɛb,ɪʃɛb,ɪʃɛb,ɪʃɛb,ɪʃɛb
ɪʃ.ɛd,ɪʃ.ɛd,ɪʃɛd,ɪʃɛd,ɪʃɛd,ɪʃɛd
ɪʃ.ɛg,ɪʃ.ɛg,ɪʃɛg,ɪʃɛg,ɪʃɛg,ɪʃɛg
ɪʃ.ɛf,ɪʃ.ɛf,ɪʃɛf,ɪʃɛf,ɪʃɛf,ɪʃɛf
ɪʃ.ɛs,ɪʃ.ɛs,ɪʃɛs,ɪʃɛs,ɪʃɛs,ɪʃɛs
ɪʃ.ɛv,ɪʃ.ɛv,ɪʃɛv,ɪʃɛv,ɪʃɛv,ɪʃɛv
ɪʃ.ɛz,ɪʃ.ɛz,ɪʃɛz,ɪʃɛz,ɪʃɛz,ɪʃɛz
ɪʃ.ɛʃ,ɪʃ.ɛʃ,ɪʃɛʃ,ɪʃɛʃ,ɪʃɛʃ,ɪʃɛʃ
ɪʃ.ɛʒ,ɪʃ.ɛʒ,ɪʃɛʒ,ɪʃɛʒ,ɪʃɛʒ,ɪʃɛʒ
ɪʃ.ɛθ,ɪʃ.ɛθ,ɪʃɛθ,ɪʃɛθ,ɪʃɛθ,ɪʃɛθ
ɪʃ.ɛð,ɪʃ.ɛð,ɪʃɛð,ɪʃɛð,ɪʃɛð,ɪʃɛð
ɪʃ.ʊm,ɪʃ.ʊm,ɪʃʊm,ɪʃʊm,ɪʃʊm,ɪʃʊm
ɪʃ.ʊn,ɪʃ.ʊn,ɪʃʊn,ɪʃʊn,ɪʃʊn,ɪʃʊn
ɪʃ.ʊŋ,ɪʃ.ʊŋ,ɪʃʊŋ,ɪʃʊŋ,ɪʃʊŋ,ɪʃʊŋ
ɪʃ.ʊp,ɪʃ.ʊp,ɪʃʊp,ɪʃʊp,ɪʃʊp,ɪʃʊp
ɪʃ.ʊt,ɪʃ.ʊt,ɪʃʊt,ɪʃʊt,ɪʃʊt,ɪʃʊt
ɪʃ.ʊk,ɪʃ.ʊk,ɪʃʊk,ɪʃʊk,ɪʃʊk,ɪʃʊk
ɪʃ.ʊb,ɪʃ.ʊb,ɪʃʊb,ɪʃʊb,ɪʃʊb,ɪʃʊb
ɪʃ.ʊd,ɪʃ.ʊd,ɪʃʊd,ɪʃʊd,ɪʃʊd,ɪʃʊd
ɪʃ.ʊg,ɪʃ.ʊg,ɪʃʊg,ɪʃʊg,ɪʃʊg,ɪʃʊg
ɪʃ.ʊf,ɪʃ.ʊf,ɪʃʊf,ɪʃʊf,ɪʃʊf,ɪʃʊf
ɪʃ.ʊs,ɪʃ.ʊs,ɪʃʊs,ɪʃʊs,ɪʃʊs,ɪʃʊs
ɪʃ.ʊv,ɪʃ.ʊv,ɪʃʊv,ɪʃʊv,ɪʃʊv,ɪʃʊv
ɪʃ.ʊz,ɪʃ.ʊz,ɪʃʊz,ɪʃʊz,ɪʃʊz,ɪʃʊz
ɪʃ.ʊʃ,ɪʃ.ʊʃ,ɪʃʊʃ,ɪʃʊʃ,ɪʃʊʃ,ɪʃʊʃ
ɪʃ.ʊʒ,ɪʃ.ʊʒ,ɪʃʊʒ,ɪʃʊʒ,ɪʃʊʒ,ɪʃʊʒ
ɪʃ.ʊθ,ɪʃ.ʊθ,ɪʃʊθ,ɪʃʊθ,ɪʃʊθ,ɪʃʊθ
ɪʃ.ʊð,ɪʃ.ʊð,ɪʃʊð,ɪʃʊð,ɪʃʊð,ɪʃʊð
ɪʃ.ɔm,ɪʃ.ɔm,ɪʃɔm,ɪʃɔm,ɪʃɔm,ɪʃɔm
ɪʃ.ɔn,ɪʃ.ɔn,ɪʃɔn,ɪʃɔn,ɪʃɔn,ɪʃɔn
ɪʃ.ɔŋ,ɪʃ.ɔŋ,ɪʃɔŋ,ɪʃɔŋ,ɪʃɔŋ,ɪʃɔŋ
ɪʃ.ɔp,ɪʃ.ɔp,ɪʃɔp,ɪʃɔp,ɪʃɔp,ɪʃɔp
ɪʃ.ɔt,ɪʃ.ɔt,ɪʃɔt,ɪʃɔt,ɪʃɔt,ɪʃɔt
ɪʃ.ɔk,ɪʃ.ɔk,ɪʃɔk,ɪʃɔk,ɪʃɔk,ɪʃɔk
ɪʃ.ɔb,ɪʃ.ɔb,ɪʃɔb,ɪʃɔb,ɪʃɔb,ɪʃɔb
ɪʃ.ɔd,ɪʃ.ɔd,ɪʃɔd,ɪʃɔd,ɪʃɔd,ɪʃɔd
ɪʃ.ɔg,ɪʃ.ɔg,ɪʃɔg,ɪʃɔg,ɪʃɔg,ɪʃɔg
ɪʃ.ɔf,ɪʃ.ɔf,ɪʃɔf,ɪʃɔf,ɪʃɔf,ɪʃɔf
ɪʃ.ɔs,ɪʃ.ɔs,ɪʃɔs,ɪʃɔs,ɪʃɔs,ɪʃɔs
ɪʃ.ɔv,ɪʃ.ɔv,ɪʃɔv,ɪʃɔv,ɪʃɔv,ɪʃɔv
ɪʃ.ɔz,ɪʃ.ɔz,ɪʃɔz,ɪʃɔz,ɪʃɔz,ɪʃɔz
ɪʃ.ɔʃ,ɪʃ.ɔʃ,ɪʃɔʃ,ɪʃɔʃ,ɪʃɔʃ,ɪʃɔʃ
ɪʃ.ɔʒ,ɪʃ.ɔʒ,ɪʃɔʒ,ɪʃɔʒ,ɪʃɔʒ,ɪʃɔʒ
ɪʃ.ɔθ,ɪʃ.ɔθ,ɪʃɔθ,ɪʃɔθ,ɪʃɔθ,ɪʃɔθ
ɪʃ.ɔð,ɪʃ.ɔð,ɪʃɔð,ɪʃɔð,ɪʃɔð,ɪʃɔð
ɪʒ.ɪm,ɪʒ.ɪm,ɪʒɪm,ɪʒɪm,ɪʒɪm,ɪʒɪm
ɪʒ.ɪn,ɪʒ.ɪn,ɪʒɪn,ɪʒɪn,ɪʒɪn,ɪʒɪn
ɪʒ.ɪŋ,ɪʒ.ɪŋ,ɪʒɪŋ,ɪʒɪŋ,ɪʒɪŋ,ɪʒɪŋ
ɪʒ.ɪp,ɪʒ.ɪp,ɪʒɪp,ɪʒɪp,ɪʒɪp,ɪʒɪp
ɪʒ.ɪt,ɪʒ.ɪt,ɪʒɪt,ɪʒɪt,ɪʒɪt,ɪʒɪt
ɪʒ.ɪk,ɪʒ.ɪk,ɪʒɪk,ɪʒɪk,ɪʒɪk,ɪʒɪk
ɪʒ.ɪb,ɪʒ.ɪb,ɪʒɪb,ɪʒɪb,ɪʒɪb,ɪʒɪb
ɪʒ.ɪd,ɪʒ.ɪd,ɪʒɪd,ɪʒɪd,ɪʒɪd,ɪʒɪd
ɪʒ.ɪg,ɪʒ.ɪg,ɪʒɪg,ɪʒɪg,ɪʒɪg,ɪʒɪg
ɪʒ.ɪf,ɪʒ.ɪf,ɪʒɪf,ɪʒɪf,ɪʒɪf,ɪʒɪf
ɪʒ.ɪs,ɪʒ.ɪs,ɪʒɪs,ɪʒɪs,ɪʒɪs,ɪʒɪs
ɪʒ.ɪv,ɪʒ.ɪv,ɪʒɪv,ɪʒɪv,ɪʒɪv,ɪʒɪv
ɪʒ.ɪz,ɪʒ.ɪz,ɪʒɪz,ɪʒɪz,ɪʒɪz,ɪʒɪz
ɪʒ.ɪʃ,ɪʒ.ɪʃ,ɪʒɪʃ,ɪʒɪʃ,ɪʒɪʃ,ɪʒɪʃ
ɪʒ.ɪʒ,ɪʒ.ɪʒ,ɪʒɪʒ,ɪʒɪʒ,ɪʒɪʒ,ɪʒɪʒ
ɪʒ.ɪθ,ɪʒ.ɪθ,ɪʒɪθ,ɪʒɪθ,ɪʒɪθ,ɪʒɪθ
ɪʒ.ɪð,ɪʒ.ɪð,ɪʒɪð,ɪʒɪð,ɪʒɪð,ɪʒɪð
ɪʒ.ɛm,ɪʒ.ɛm,ɪʒɛm,ɪʒɛm,ɪʒɛm,ɪʒɛm
ɪʒ.ɛn,ɪʒ.ɛn,ɪʒɛn,ɪʒɛn,ɪʒɛn,ɪʒɛn
ɪʒ.ɛŋ,ɪʒ.ɛŋ,ɪʒɛŋ,ɪʒɛŋ,ɪʒɛŋ,ɪʒɛŋ
ɪʒ.ɛp,ɪʒ.ɛp,ɪʒɛp,ɪʒɛp,ɪʒɛp,ɪʒɛp
ɪʒ.ɛt,ɪʒ.ɛt,ɪʒɛt,ɪʒɛt,ɪʒɛt,ɪʒɛt
ɪʒ.ɛk,ɪʒ.ɛk,ɪʒɛk,ɪʒɛk,ɪʒɛk,ɪʒɛk
ɪʒ.ɛb,ɪʒ.ɛb,ɪʒɛb,ɪʒɛb,ɪʒɛb,ɪʒɛb
ɪʒ.ɛd,ɪʒ.ɛd,ɪʒɛd,ɪʒɛd,ɪʒɛd,ɪʒɛd
ɪʒ.ɛg,ɪʒ.ɛg,ɪʒɛg,ɪʒɛg,ɪʒɛg,ɪʒɛg
ɪʒ.ɛf,ɪʒ.ɛf,ɪʒɛf,ɪʒɛf,ɪʒɛf,ɪʒɛf
ɪʒ.ɛs,ɪʒ.ɛs,ɪʒɛs,ɪʒɛs,ɪʒɛs,ɪʒɛs
ɪʒ.ɛv,ɪʒ.ɛv,ɪʒɛv,ɪʒɛv,ɪʒɛv,ɪʒɛv
ɪʒ.ɛz,ɪʒ.ɛz,ɪʒɛz,ɪʒɛz,ɪʒɛz,ɪʒɛz
ɪʒ.ɛʃ,ɪʒ.ɛʃ,ɪʒɛʃ,ɪʒɛʃ,ɪʒɛʃ,ɪʒɛʃ
ɪʒ.ɛʒ,ɪʒ.ɛʒ,ɪʒɛʒ,ɪʒɛʒ,ɪʒɛʒ,ɪʒɛʒ
ɪʒ.ɛθ,ɪʒ.ɛθ,ɪʒɛθ,ɪʒɛθ,ɪʒɛθ,ɪʒɛθ
ɪʒ.ɛð,ɪʒ.ɛð,ɪʒɛð,ɪʒɛð,ɪʒɛð,ɪʒɛð
ɪʒ.ʊm,ɪʒ.ʊm,ɪʒʊm,ɪʒʊm,ɪʒʊm,ɪʒʊm
ɪʒ.ʊn,ɪʒ.ʊn,ɪʒʊn,ɪʒʊn,ɪʒʊn,ɪʒʊn
ɪʒ.ʊŋ,ɪʒ.ʊŋ,ɪʒʊŋ,ɪʒʊŋ,ɪʒʊŋ,ɪʒʊŋ
ɪʒ.ʊp,ɪʒ.ʊp,ɪʒʊp,ɪʒʊp,ɪʒʊp,ɪʒʊp
ɪʒ.ʊt,ɪʒ.ʊt,ɪʒʊt,ɪʒʊt,ɪʒʊt,ɪʒʊt
ɪʒ.ʊk,ɪʒ.ʊk,ɪʒʊk,ɪʒʊk,ɪʒʊk,ɪʒʊk
ɪʒ.ʊb,ɪʒ.ʊb,ɪʒʊb,ɪʒʊb,ɪʒʊb,ɪʒʊb
ɪʒ.ʊd,ɪʒ.ʊd,ɪʒʊd,ɪʒʊd,ɪʒʊd,ɪʒʊd
ɪʒ.ʊg,ɪʒ.ʊg,ɪʒʊg,ɪʒʊg,ɪʒʊg,ɪʒʊg
ɪʒ.ʊf,ɪʒ.ʊf,ɪʒʊf,ɪʒʊf,ɪʒʊf,ɪʒʊf
ɪʒ.ʊs,ɪʒ.ʊs,ɪʒʊs,ɪʒʊs,ɪʒʊs,ɪʒʊs
ɪʒ.ʊv,ɪʒ.ʊv,ɪʒʊv,ɪʒʊv,ɪʒʊv,ɪʒʊv
ɪʒ.ʊz,ɪʒ.ʊz,ɪʒʊz,ɪʒʊz,ɪʒʊz,ɪʒʊz
ɪʒ.ʊʃ,ɪʒ.ʊʃ,ɪʒʊʃ,ɪʒʊʃ,ɪʒʊʃ,ɪʒʊʃ
ɪʒ.ʊʒ,ɪʒ.ʊʒ,ɪʒʊʒ,ɪʒʊʒ,ɪʒʊʒ,ɪʒʊʒ
ɪʒ.ʊθ,ɪʒ.ʊθ,ɪʒʊθ,ɪʒʊθ,ɪʒʊθ,ɪʒʊθ
ɪʒ.ʊð,ɪʒ.ʊð,ɪʒʊð,ɪʒʊð,ɪʒʊð,ɪʒʊð
ɪʒ.ɔm,ɪʒ.ɔm,ɪʒɔm,ɪʒɔm,ɪʒɔm,ɪʒɔm
ɪʒ.ɔn,ɪʒ.ɔn,ɪʒɔn,ɪʒɔn,ɪʒɔn,ɪʒɔn
ɪʒ.ɔŋ,ɪʒ.ɔŋ,ɪʒɔŋ,ɪʒɔŋ,ɪʒɔŋ,ɪʒɔŋ
ɪʒ.ɔp,ɪʒ.ɔp,ɪʒɔp,ɪʒɔp,ɪʒɔp,ɪʒɔp
ɪʒ.ɔt,ɪʒ.ɔt,ɪʒɔt,ɪʒɔt,ɪʒɔt,ɪʒɔt
ɪʒ.ɔk,ɪʒ.ɔk,ɪʒɔk,ɪʒɔk,ɪʒɔk,ɪʒɔk
ɪʒ.ɔb,ɪʒ.ɔb,ɪʒɔb,ɪʒɔb,ɪʒɔb,ɪʒɔb
ɪʒ.ɔd,ɪʒ.ɔd,ɪʒɔd,ɪʒɔd,ɪʒɔd,ɪʒɔd
ɪʒ.ɔg,ɪʒ.ɔg,ɪʒɔg,ɪʒɔg,ɪʒɔg,ɪʒɔg
ɪʒ.ɔf,ɪʒ.ɔf,ɪʒɔf,ɪʒɔf,ɪʒɔf,ɪʒɔf
ɪʒ.ɔs,ɪʒ.ɔs,ɪʒɔs,ɪʒɔs,ɪʒɔs,ɪʒɔs
ɪʒ.ɔv,ɪʒ.ɔv,ɪʒɔv,ɪʒɔv,ɪʒɔv,ɪʒɔv
ɪʒ.ɔz,ɪʒ.ɔz,ɪʒɔz,ɪʒɔz,ɪʒɔz,ɪʒɔz
ɪʒ.ɔʃ,ɪʒ.ɔʃ,ɪʒɔʃ,ɪʒɔʃ,ɪʒɔʃ,ɪʒɔʃ
ɪʒ.ɔʒ,ɪʒ.ɔʒ,ɪʒɔʒ,ɪʒɔʒ,ɪʒɔʒ,ɪʒɔʒ
ɪʒ.ɔθ,ɪʒ.ɔθ,ɪʒɔθ,ɪʒɔθ,ɪʒɔθ,ɪʒɔθ
ɪʒ.ɔð,ɪʒ.ɔð,ɪʒɔð,ɪʒɔð,ɪʒɔð,ɪʒɔð
ɪθ.ɪm,ɪθ.ɪm,ɪθɪm,ɪθɪm,ɪθɪm,ɪθɪm
ɪθ.ɪn,ɪθ.ɪn,ɪθɪn,ɪθɪn,ɪθɪn,ɪθɪn
ɪθ.ɪŋ,ɪθ.ɪŋ,ɪθɪŋ,ɪθɪŋ,ɪθɪŋ,ɪθɪŋ
ɪθ.ɪp,ɪθ.ɪp,ɪθɪp,ɪθɪp,ɪθɪp,ɪθɪp
ɪθ.ɪt,ɪθ.ɪt,ɪθɪt,ɪθɪt,ɪθɪt,ɪθɪt
ɪθ.ɪk,ɪθ.ɪk,ɪθɪk,ɪθɪk,ɪθɪk,ɪθɪk
ɪθ.ɪb,ɪθ.ɪb,ɪθɪb,ɪθɪb,ɪθɪb,ɪθɪb
ɪθ.ɪd,ɪθ.ɪd,ɪθɪd,ɪθɪd,ɪθɪd,ɪθɪd
ɪθ.ɪg,ɪθ.ɪg,ɪθɪg,ɪθɪg,ɪθɪg,ɪθɪg
ɪθ.ɪf,ɪθ.ɪf,ɪθɪf,ɪθɪf,ɪθɪf,ɪθɪf
ɪθ.ɪs,ɪθ.ɪs,ɪθɪs,ɪθɪs,ɪθɪs,ɪθɪs
ɪθ.ɪv,ɪθ.ɪv,ɪθɪv,ɪθɪv,ɪθɪv,ɪθɪv
ɪθ.ɪz,ɪθ.ɪz,ɪθɪz,ɪθɪz,ɪθɪz,ɪθɪz
ɪθ.ɪʃ,ɪθ.ɪʃ,ɪθɪʃ,ɪθɪʃ,ɪθɪʃ,ɪθɪʃ
ɪθ.ɪʒ,ɪθ.ɪʒ,ɪθɪʒ,ɪθɪʒ,ɪθɪʒ,ɪθɪʒ
ɪθ.ɪθ,ɪθ.ɪθ,ɪθɪθ,ɪθɪθ,ɪθɪθ,ɪθɪθ
ɪθ.ɪð,ɪθ.ɪð,ɪθɪð,ɪθɪð,ɪθɪð,ɪθɪð
ɪθ.ɛm,ɪθ.ɛm,ɪθɛm,ɪθɛm,ɪθɛm,ɪθɛm
ɪθ.ɛn,ɪθ.ɛn,ɪθɛn,ɪθɛn,ɪθɛn,ɪθɛn
ɪθ.ɛŋ,ɪθ.ɛŋ,ɪθɛŋ,ɪθɛŋ,ɪθɛŋ,ɪθɛŋ
ɪθ.ɛp,ɪθ.ɛp,ɪθɛp,ɪθɛp,ɪθɛp,ɪθɛp
ɪθ.ɛt,ɪθ.ɛt,ɪθɛt,ɪθɛt,ɪθɛt,ɪθɛt
ɪθ.ɛk,ɪθ.ɛk,ɪθɛk,ɪθɛk,ɪθɛk,ɪθɛk
ɪθ.ɛb,ɪθ.ɛb,ɪθɛb,ɪθɛb,ɪθɛb,ɪθɛb
ɪθ.ɛd,ɪθ.ɛd,ɪθɛd,ɪθɛd,ɪθɛd,ɪθɛd
ɪθ.ɛg,ɪθ.ɛg,ɪθɛg,ɪθɛg,ɪθɛg,ɪθɛg
ɪθ.ɛf,ɪθ.ɛf,ɪθɛf,ɪθɛf,ɪθɛf,ɪθɛf
ɪθ.ɛs,ɪθ.ɛs,ɪθɛs,ɪθɛs,ɪθɛs,ɪθɛs
ɪθ.ɛv,ɪθ.ɛv,ɪθɛv,ɪθɛv,ɪθɛv,ɪθɛv
ɪθ.ɛz,ɪθ.ɛz,ɪθɛz,ɪθɛz,ɪθɛz,ɪθɛz
ɪθ.ɛʃ,ɪθ.ɛʃ,ɪθɛʃ,ɪθɛʃ,ɪθɛʃ,ɪθɛʃ
ɪθ.ɛʒ,ɪθ.ɛʒ,ɪθɛʒ,ɪθɛʒ,ɪθɛʒ,ɪθɛʒ
ɪθ.ɛθ,ɪθ.ɛθ,ɪθɛθ,ɪθɛθ,ɪθɛθ,ɪθɛθ
ɪθ.ɛð,ɪθ.ɛð,ɪθɛð,ɪθɛð,ɪθɛð,ɪθɛð
ɪθ.ʊm,ɪθ.ʊm,ɪθʊm,ɪθʊm,ɪθʊm,ɪθʊm
ɪθ.ʊn,ɪθ.ʊn,ɪθʊn,ɪθʊn,ɪθʊn,ɪθʊn
ɪθ.ʊŋ,ɪθ.ʊŋ,ɪθʊŋ,ɪθʊŋ,ɪθʊŋ,ɪθʊŋ
ɪθ.ʊp,ɪθ.ʊp,ɪθʊp,ɪθʊp,ɪθʊp,ɪθʊp
ɪθ.ʊt,ɪθ.ʊt,ɪθʊt,ɪθʊt,ɪθʊt,ɪθʊt
ɪθ.ʊk,ɪθ.ʊk,ɪθʊk,ɪθʊk,ɪθʊk,ɪθʊk
ɪθ.ʊb,ɪθ.ʊb,ɪθʊb,ɪθʊb,ɪθʊb,ɪθʊb
ɪθ.ʊd,ɪθ.ʊd,ɪθʊd,ɪθʊd,ɪθʊd,ɪθʊd
ɪθ.ʊg,ɪθ.ʊg,ɪθʊg,ɪθʊg,ɪθʊg,ɪθʊg
ɪθ.ʊf,ɪθ.ʊf,ɪθʊf,ɪθʊf,ɪθʊf,ɪθʊf
ɪθ.ʊs,ɪθ.ʊs,ɪθʊs,ɪθʊs,ɪθʊs,ɪθʊs
ɪθ.ʊv,ɪθ.ʊv,ɪθʊv,ɪθʊv,ɪθʊv,ɪθʊv
ɪθ.ʊz,ɪθ.ʊz,ɪθʊz,ɪθʊz,ɪθʊz,ɪθʊz
ɪθ.ʊʃ,ɪθ.ʊʃ,ɪθʊʃ,ɪθʊʃ,ɪθʊʃ,ɪθʊʃ
ɪθ.ʊʒ,ɪθ.ʊʒ,ɪθʊʒ,ɪθʊʒ,ɪθʊʒ,ɪθʊʒ
ɪθ.ʊθ,ɪθ.ʊθ,ɪθʊθ,ɪθʊθ,ɪθʊθ,ɪθʊθ
ɪθ.ʊð,ɪθ.ʊð,ɪθʊð,ɪθʊð,ɪθʊð,ɪθʊð
ɪθ.ɔm,ɪθ.ɔm,ɪθɔm,ɪθɔm,ɪθɔm,ɪθɔm
ɪθ.ɔn,ɪθ.ɔn,ɪθɔn,ɪθɔn,ɪθɔn,ɪθɔn
ɪθ.ɔŋ,ɪθ.ɔŋ,ɪθɔŋ,ɪθɔŋ,ɪθɔŋ,ɪθɔŋ
ɪθ.ɔp,ɪθ.ɔp,ɪθɔp,ɪθɔp,ɪθɔp,ɪθɔp
ɪθ.ɔt,ɪθ.ɔt,ɪθɔt,ɪθɔt,ɪθɔt,ɪθɔt
ɪθ.ɔk,ɪθ.ɔk,ɪθɔk,ɪθɔk,ɪθɔk,ɪθɔk
ɪθ.ɔb,ɪθ.ɔb,ɪθɔb,ɪθɔb,ɪθɔb,ɪθɔb
ɪθ.ɔd,ɪθ.ɔd,ɪθɔd,ɪθɔd,ɪθɔd,ɪθɔd
ɪθ.ɔg,ɪθ.ɔg,ɪθɔg,ɪθɔg,ɪθɔg,ɪθɔg
ɪθ.ɔf,ɪθ.ɔf,ɪθɔf,ɪθɔf,ɪθɔf,ɪθɔf
ɪθ.ɔs,ɪθ.ɔs,ɪθɔs,ɪθɔs,ɪθɔs,ɪθɔs
ɪθ.ɔv,ɪθ.ɔv,ɪθɔv,ɪθɔv,ɪθɔv,ɪθɔv
ɪθ.ɔz,ɪθ.ɔz,ɪθɔz,ɪθɔz,ɪθɔz,ɪθɔz
ɪθ.ɔʃ,ɪθ.ɔʃ,ɪθɔʃ,ɪθɔʃ,ɪθɔʃ,ɪθɔʃ
ɪθ.ɔʒ,ɪθ.ɔʒ,ɪθɔʒ,ɪθɔʒ,ɪθɔʒ,ɪθɔʒ
ɪθ.ɔθ,ɪθ.ɔθ,ɪθɔθ,ɪθɔθ,ɪθɔθ,ɪθɔθ
ɪθ.ɔð,ɪθ.ɔð,ɪθɔð,ɪθɔð,ɪθɔð,ɪθɔð
ɪð.ɪm,ɪð.ɪm,ɪðɪm,ɪðɪm,ɪðɪm,ɪðɪm
ɪð.ɪn,ɪð.ɪn,ɪðɪn,ɪðɪn,ɪðɪn,ɪðɪn
ɪð.ɪŋ,ɪð.ɪŋ,ɪðɪŋ,ɪðɪŋ,ɪðɪŋ,ɪðɪŋ
ɪð.ɪp,ɪð.ɪp,ɪðɪp,ɪðɪp,ɪðɪp,ɪðɪp
ɪð.ɪt,ɪð.ɪt,ɪðɪt,ɪðɪt,ɪðɪt,ɪðɪt
ɪð.ɪk,ɪð.ɪk,ɪðɪk,ɪðɪk,ɪðɪk,ɪðɪk
ɪð.ɪb,ɪð.ɪb,ɪðɪb,ɪðɪb,ɪðɪb,ɪðɪb
ɪð.ɪd,ɪð.ɪd,ɪðɪd,ɪðɪd,ɪðɪd,ɪðɪd
ɪð.ɪg,ɪð.ɪg,ɪðɪg,ɪðɪg,ɪðɪg,ɪðɪg
ɪð.ɪf,ɪð.ɪf,ɪðɪf,ɪðɪf,ɪðɪf,ɪðɪf
ɪð.ɪs,ɪð.ɪs,ɪðɪs,ɪðɪs,ɪðɪs,ɪðɪs
ɪð.ɪv,ɪð.ɪv,ɪðɪv,ɪðɪv,ɪðɪv,ɪðɪv
ɪð.ɪz,ɪð.ɪz,ɪðɪz,ɪðɪz,ɪðɪz,ɪðɪz
ɪð.ɪʃ,ɪð.ɪʃ,ɪðɪʃ,ɪðɪʃ,ɪðɪʃ,ɪðɪʃ
ɪð.ɪʒ,ɪð.ɪʒ,ɪðɪʒ,ɪðɪʒ,ɪðɪʒ,ɪðɪʒ
ɪð.ɪθ,ɪð.ɪθ,ɪðɪθ,ɪðɪθ,ɪðɪθ,ɪðɪθ
ɪð.ɪð,ɪð.ɪð,ɪðɪð,ɪðɪð,ɪðɪð,ɪðɪð
ɪð.ɛm,ɪð.ɛm,ɪðɛm,ɪðɛm,ɪðɛm,ɪðɛm
ɪð.ɛn,ɪð.ɛn,ɪðɛn,ɪðɛn,ɪðɛn,ɪðɛn
ɪð.ɛŋ,ɪð.ɛŋ,ɪðɛŋ,ɪðɛŋ,ɪðɛŋ,ɪðɛŋ
ɪð.ɛp,ɪð.ɛp,ɪðɛp,ɪðɛp,ɪðɛp,ɪðɛp
ɪð.ɛt,ɪð.ɛt,ɪðɛt,ɪðɛt,ɪðɛt,ɪðɛt
ɪð.ɛk,ɪð.ɛk,ɪðɛk,ɪðɛk,ɪðɛk,ɪðɛk
ɪð.ɛb,ɪð.ɛb,ɪðɛb,ɪðɛb,ɪðɛb,ɪðɛb
ɪð.ɛd,ɪð.ɛd,ɪðɛd,ɪðɛd,ɪðɛd,ɪðɛd
ɪð.ɛg,ɪð.ɛg,ɪðɛg,ɪðɛg,ɪðɛg,ɪðɛg
ɪð.ɛf,ɪð.ɛf,ɪðɛf,ɪðɛf,ɪðɛf,ɪðɛf
ɪð.ɛs,ɪð.ɛs,ɪðɛs,ɪðɛs,ɪðɛs,ɪðɛs
ɪð.ɛv,ɪð.ɛv,ɪðɛv,ɪðɛv,ɪðɛv,ɪðɛv
ɪð.ɛz,ɪð.ɛz,ɪðɛz,ɪðɛz,ɪðɛz,ɪðɛz
ɪð.ɛʃ,ɪð.ɛʃ,ɪðɛʃ,ɪðɛʃ,ɪðɛʃ,ɪðɛʃ
ɪð.ɛʒ,ɪð.ɛʒ,ɪðɛʒ,ɪðɛʒ,ɪðɛʒ,ɪðɛʒ
ɪð.ɛθ,ɪð.ɛθ,ɪðɛθ,ɪðɛθ,ɪðɛθ,ɪðɛθ
ɪð.ɛð,ɪð.ɛð,ɪðɛð,ɪðɛð,ɪðɛð,ɪðɛð
ɪð.ʊm,ɪð.ʊm,ɪðʊm,ɪðʊm,ɪðʊm,ɪðʊm
ɪð.ʊn,ɪð.ʊn,ɪðʊn,ɪðʊn,ɪðʊn,ɪðʊn
ɪð.ʊŋ,ɪð.ʊŋ,ɪðʊŋ,ɪðʊŋ,ɪðʊŋ,ɪðʊŋ
ɪð.ʊp,ɪð.ʊp,ɪðʊp,ɪðʊp,ɪðʊp,ɪðʊp
ɪð.ʊt,ɪð.ʊt,ɪðʊt,ɪðʊt,ɪðʊt,ɪðʊt
ɪð.ʊk,ɪð.ʊk,ɪðʊk,ɪðʊk,ɪðʊk,ɪðʊk
ɪð.ʊb,ɪð.ʊb,ɪðʊb,ɪðʊb,ɪðʊb,ɪðʊb
ɪð.ʊd,ɪð.ʊd,ɪðʊd,ɪðʊd,ɪðʊd,ɪðʊd
ɪð.ʊg,ɪð.ʊg,ɪðʊg,ɪðʊg,ɪðʊg,ɪðʊg
ɪð.ʊf,ɪð.ʊf,ɪðʊf,ɪðʊf,ɪðʊf,ɪðʊf
ɪð.ʊs,ɪð.ʊs,ɪðʊs,ɪðʊs,ɪðʊs,ɪðʊs
ɪð.ʊv,ɪð.ʊv,ɪðʊv,ɪðʊv,ɪðʊv,ɪðʊv
ɪð.ʊz,ɪð.ʊz,ɪðʊz,ɪðʊz,ɪðʊz,ɪðʊz
ɪð.ʊʃ,ɪð.ʊʃ,ɪðʊʃ,ɪðʊʃ,ɪðʊʃ,ɪðʊʃ
ɪð.ʊʒ,ɪð.ʊʒ,ɪðʊʒ,ɪðʊʒ,ɪðʊʒ,ɪðʊʒ
ɪð.ʊθ,ɪð.ʊθ,ɪðʊθ,ɪðʊθ,ɪðʊθ,ɪðʊθ
ɪð.ʊð,ɪð.ʊð,ɪðʊð,ɪðʊð,ɪðʊð,ɪðʊð
ɪð.ɔm,ɪð.ɔm,ɪðɔm,ɪðɔm,ɪðɔm,ɪðɔm
ɪð.ɔn,ɪð.ɔn,ɪðɔn,ɪðɔn,ɪðɔn,ɪðɔn
ɪð.ɔŋ,ɪð.ɔŋ,ɪðɔŋ,ɪðɔŋ,ɪðɔŋ,ɪðɔŋ
ɪð.ɔp,ɪð.ɔp,ɪðɔp,ɪðɔp,ɪðɔp,ɪðɔp
ɪð.ɔt,ɪð.ɔt,ɪðɔt,ɪðɔt,ɪðɔt,ɪðɔt
ɪð.ɔk,ɪð.ɔk,ɪðɔk,ɪðɔk,ɪðɔk,ɪðɔk
ɪð.ɔb,ɪð.ɔb,ɪðɔb,ɪðɔb,ɪðɔb,ɪðɔb
ɪð.ɔd,ɪð.ɔd,ɪðɔd,ɪðɔd,ɪðɔd,ɪðɔd
ɪð.ɔg,ɪð.ɔg,ɪðɔg,ɪðɔg,ɪðɔg,ɪðɔg
ɪð.ɔf,ɪð.ɔf,ɪðɔf,ɪðɔf,ɪðɔf,ɪðɔf
ɪð.ɔs,ɪð.ɔs,ɪðɔs,ɪðɔs,ɪðɔs,ɪðɔs
ɪð.ɔv,ɪð.ɔv,ɪðɔv,ɪðɔv,ɪðɔv,ɪðɔv
ɪð.ɔz,ɪð.ɔz,ɪðɔz,ɪðɔz,ɪðɔz,ɪðɔz
ɪð.ɔʃ,ɪð.ɔʃ,ɪðɔʃ,ɪðɔʃ,ɪðɔʃ,ɪðɔʃ
ɪð.ɔʒ,ɪð.ɔʒ,ɪðɔʒ,ɪðɔʒ,ɪðɔʒ,ɪðɔʒ
ɪð.ɔθ,ɪð.ɔθ,ɪðɔθ,ɪðɔθ,ɪðɔθ,ɪðɔθ
ɪð.ɔð,ɪð.ɔð,ɪðɔð,ɪðɔð,ɪðɔð,ɪðɔð
ɛm.ɪm,ɛm.ɪm,ɛmɪm,ɛmɪm,ɛmɪm,ɛmɪm
ɛm.ɪn,ɛm.ɪn,ɛmɪn,ɛmɪn,ɛmɪn,ɛmɪn
ɛm.ɪŋ,ɛm.ɪŋ,ɛmɪŋ,ɛmɪŋ,ɛmɪŋ,ɛmɪŋ
ɛm.ɪp,ɛm.ɪp,ɛmɪp,ɛmɪp,ɛmɪp,ɛmɪp
ɛm.ɪt,ɛm.ɪt,ɛmɪt,ɛmɪt,ɛmɪt,ɛmɪt
ɛm.ɪk,ɛm.ɪk,ɛmɪk,ɛmɪk,ɛmɪk,ɛmɪk
ɛm.ɪb,ɛm.ɪb,ɛmɪb,ɛmɪb,ɛmɪb,ɛmɪb
ɛm.ɪd,ɛm.ɪd,ɛmɪd,ɛmɪd,ɛmɪd,ɛmɪd
ɛm.ɪg,ɛm.ɪg,ɛmɪg,ɛmɪg,ɛmɪg,ɛmɪg
ɛm.ɪf,ɛm.ɪf,ɛmɪf,ɛmɪf,ɛmɪf,ɛmɪf
ɛm.ɪs,ɛm.ɪs,ɛmɪs,ɛmɪs,ɛmɪs,ɛmɪs
ɛm.ɪv,ɛm.ɪv,ɛmɪv,ɛmɪv,ɛmɪv,ɛmɪv
ɛm.ɪz,ɛm.ɪz,ɛmɪz,ɛmɪz,ɛmɪz,ɛmɪz
ɛm.ɪʃ,ɛm.ɪʃ,ɛmɪʃ,ɛmɪʃ,ɛmɪʃ,ɛmɪʃ
ɛm.ɪʒ,ɛm.ɪʒ,ɛmɪʒ,ɛmɪʒ,ɛmɪʒ,ɛmɪʒ
ɛm.ɪθ,ɛm.ɪθ,ɛmɪθ,ɛmɪθ,ɛmɪθ,ɛmɪθ
ɛm.ɪð,ɛm.ɪð,ɛmɪð,ɛmɪð,ɛmɪð,ɛmɪð
ɛm.ɛm,ɛm.ɛm,ɛmɛm,ɛmɛm,ɛmɛm,ɛmɛm
ɛm.ɛn,ɛm.ɛn,ɛmɛn,ɛmɛn,ɛmɛn,ɛmɛn
ɛm.ɛŋ,ɛm.ɛŋ,ɛmɛŋ,ɛmɛŋ,ɛmɛŋ,ɛmɛŋ
ɛm.ɛp,ɛm.ɛp,ɛmɛp,ɛmɛp,ɛmɛp,ɛmɛp
ɛm.ɛt,ɛm.ɛt,ɛmɛt,ɛmɛt,ɛmɛt,ɛmɛt
ɛm.ɛk,ɛm.ɛk,ɛmɛk,ɛmɛk,ɛmɛk,ɛmɛk
ɛm.ɛb,ɛm.ɛb,ɛmɛb,ɛmɛb,ɛmɛb,ɛmɛb
ɛm.ɛd,ɛm.ɛd,ɛmɛd,ɛmɛd,ɛmɛd,ɛmɛd
ɛm.ɛg,ɛm.ɛg,ɛmɛg,ɛmɛg,ɛmɛg,ɛmɛg
ɛm.ɛf,ɛm.ɛf,ɛmɛf,ɛmɛf,ɛmɛf,ɛmɛf
ɛm.ɛs,ɛm.ɛs,ɛmɛs,ɛmɛs,ɛmɛs,ɛmɛs
ɛm.ɛv,ɛm.ɛv,ɛmɛv,ɛmɛv,ɛmɛv,ɛmɛv
ɛm.ɛz,ɛm.ɛz,ɛmɛz,ɛmɛz,ɛmɛz,ɛmɛz
ɛm.ɛʃ,ɛm.ɛʃ,ɛmɛʃ,ɛmɛʃ,ɛmɛʃ,ɛmɛʃ
ɛm.ɛʒ,ɛm.ɛʒ,ɛmɛʒ,ɛmɛʒ,ɛmɛʒ,ɛmɛʒ
ɛm.ɛθ,ɛm.ɛθ,ɛmɛθ,ɛmɛθ,ɛmɛθ,ɛmɛθ
ɛm.ɛð,ɛm.ɛð,ɛmɛð,ɛmɛð,ɛmɛð,ɛmɛð
ɛm.ʊm,ɛm.ʊm,ɛmʊm,ɛmʊm,ɛmʊm,ɛmʊm
ɛm.ʊn,ɛm.ʊn,ɛmʊn,ɛmʊn,ɛmʊn,ɛmʊn
ɛm.ʊŋ,ɛm.ʊŋ,ɛmʊŋ,ɛmʊŋ,ɛmʊŋ,ɛmʊŋ
ɛm.ʊp,ɛm.ʊp,ɛmʊp,ɛmʊp,ɛmʊp,ɛmʊp
ɛm.ʊt,ɛm.ʊt,ɛmʊt,ɛmʊt,ɛmʊt,ɛmʊt
ɛm.ʊk,ɛm.ʊk,ɛmʊk,ɛmʊk,ɛmʊk,ɛmʊk
ɛm.ʊb,ɛm.ʊb,ɛmʊb,ɛmʊb,ɛmʊb,ɛmʊb
ɛm.ʊd,ɛm.ʊd,ɛmʊd,ɛmʊd,ɛmʊd,ɛmʊd
ɛm.ʊg,ɛm.ʊg,ɛmʊg,ɛmʊg,ɛmʊg,ɛmʊg
ɛm.ʊf,ɛm.ʊf,ɛmʊf,ɛmʊf,ɛmʊf,ɛmʊf
ɛm.ʊs,ɛm.ʊs,ɛmʊs,ɛmʊs,ɛmʊs,ɛmʊs
ɛm.ʊv,ɛm.ʊv,ɛmʊv,ɛmʊv,ɛmʊv,ɛmʊv
ɛm.ʊz,ɛm.ʊz,ɛmʊz,ɛmʊz,ɛmʊz,ɛmʊz
ɛm.ʊʃ,ɛm.ʊʃ,ɛmʊʃ,ɛmʊʃ,ɛmʊʃ,ɛmʊʃ
ɛm.ʊʒ,ɛm.ʊʒ,ɛmʊʒ,ɛmʊʒ,ɛmʊʒ,ɛmʊʒ
ɛm.ʊθ,ɛm.ʊθ,ɛmʊθ,ɛmʊθ,ɛmʊθ,ɛmʊθ
ɛm.ʊð,ɛm.ʊð,ɛmʊð,ɛmʊð,ɛmʊð,ɛmʊð
ɛm.ɔm,ɛm.ɔm,ɛmɔm,ɛmɔm,ɛmɔm,ɛmɔm
ɛm.ɔn,ɛm.ɔn,ɛmɔn,ɛmɔn,ɛmɔn,ɛmɔn
ɛm.ɔŋ,ɛm.ɔŋ,ɛmɔŋ,ɛmɔŋ,ɛmɔŋ,ɛmɔŋ
ɛm.ɔp,ɛm.ɔp,ɛmɔp,ɛmɔp,ɛmɔp,ɛmɔp
ɛm.ɔt,ɛm.ɔt,ɛmɔt,ɛmɔt,ɛmɔt,ɛmɔt
ɛm.ɔk,ɛm.ɔk,ɛmɔk,ɛmɔk,ɛmɔk,ɛmɔk
ɛm.ɔb,ɛm.ɔb,ɛmɔb,ɛmɔb,ɛmɔb,ɛmɔb
ɛm.ɔd,ɛm.ɔd,ɛmɔd,ɛmɔd,ɛmɔd,ɛmɔd
ɛm.ɔg,ɛm.ɔg,ɛmɔg,ɛmɔg,ɛmɔg,ɛmɔg
ɛm.ɔf,ɛm.ɔf,ɛmɔf,ɛmɔf,ɛmɔf,ɛmɔf
ɛm.ɔs,ɛm.ɔs,ɛmɔs,ɛmɔs,ɛmɔs,ɛmɔs
ɛm.ɔv,ɛm.ɔv,ɛmɔv,ɛmɔv,ɛmɔv,ɛmɔv
ɛm.ɔz,ɛm.ɔz,ɛmɔz,ɛmɔz,ɛmɔz,ɛmɔz
ɛm.ɔʃ,ɛm.ɔʃ,ɛmɔʃ,ɛmɔʃ,ɛmɔʃ,ɛmɔʃ
ɛm.ɔʒ,ɛm.ɔʒ,ɛmɔʒ,ɛmɔʒ,ɛmɔʒ,ɛmɔʒ
ɛm.ɔθ,ɛm.ɔθ,ɛmɔθ,ɛmɔθ,ɛmɔθ,ɛmɔθ
ɛm.ɔð,ɛm.ɔð,ɛmɔð,ɛmɔð,ɛmɔð,ɛmɔð
ɛn.ɪm,ɛn.ɪm,ɛnɪm,ɛnɪm,ɛnɪm,ɛnɪm
ɛn.ɪn,ɛn.ɪn,ɛnɪn,ɛnɪn,ɛnɪn,ɛnɪn
ɛn.ɪŋ,ɛn.ɪŋ,ɛnɪŋ,ɛnɪŋ,ɛnɪŋ,ɛnɪŋ
ɛn.ɪp,ɛn.ɪp,ɛnɪp,ɛnɪp,ɛnɪp,ɛnɪp
ɛn.ɪt,ɛn.ɪt,ɛnɪt,ɛnɪt,ɛnɪt,ɛnɪt
ɛn.ɪk,ɛn.ɪk,ɛnɪk,ɛnɪk,ɛnɪk,ɛnɪk
ɛn.ɪb,ɛn.ɪb,ɛnɪb,ɛnɪb,ɛnɪb,ɛnɪb
ɛn.ɪd,ɛn.ɪd,ɛnɪd,ɛnɪd,ɛnɪd,ɛnɪd
ɛn.ɪg,ɛn.ɪg,ɛnɪg,ɛnɪg,ɛnɪg,ɛnɪg
ɛn.ɪf,ɛn.ɪf,ɛnɪf,ɛnɪf,ɛnɪf,ɛnɪf
ɛn.ɪs,ɛn.ɪs,ɛnɪs,ɛnɪs,ɛnɪs,ɛnɪs
ɛn.ɪv,ɛn.ɪv,ɛnɪv,ɛnɪv,ɛnɪv,ɛnɪv
ɛn.ɪz,ɛn.ɪz,ɛnɪz,ɛnɪz,ɛnɪz,ɛnɪz
ɛn.ɪʃ,ɛn.ɪʃ,ɛnɪʃ,ɛnɪʃ,ɛnɪʃ,ɛnɪʃ
ɛn.ɪʒ,ɛn.ɪʒ,ɛnɪʒ,ɛnɪʒ,ɛnɪʒ,ɛnɪʒ
ɛn.ɪθ,ɛn.ɪθ,ɛnɪθ,ɛnɪθ,ɛnɪθ,ɛnɪθ
ɛn.ɪð,ɛn.ɪð,ɛnɪð,ɛnɪð,ɛnɪð,ɛnɪð
ɛn.ɛm,ɛn.ɛm,ɛnɛm,ɛnɛm,ɛnɛm,ɛnɛm
ɛn.ɛn,ɛn.ɛn,ɛnɛn,ɛnɛn,ɛnɛn,ɛnɛn
ɛn.ɛŋ,ɛn.ɛŋ,ɛnɛŋ,ɛnɛŋ,ɛnɛŋ,ɛnɛŋ
ɛn.ɛp,ɛn.ɛp,ɛnɛp,ɛnɛp,ɛnɛp,ɛnɛp
ɛn.ɛt,ɛn.ɛt,ɛnɛt,ɛnɛt,ɛnɛt,ɛnɛt
ɛn.ɛk,ɛn.ɛk,ɛnɛk,ɛnɛk,ɛnɛk,ɛnɛk
ɛn.ɛb,ɛn.ɛb,ɛnɛb,ɛnɛb,ɛnɛb,ɛnɛb
ɛn.ɛd,ɛn.ɛd,ɛnɛd,ɛnɛd,ɛnɛd,ɛnɛd
ɛn.ɛg,ɛn.ɛg,ɛnɛg,ɛnɛg,ɛnɛg,ɛnɛg
ɛn.ɛf,ɛn.ɛf,ɛnɛf,ɛnɛf,ɛnɛf,ɛnɛf
ɛn.ɛs,ɛn.ɛs,ɛnɛs,ɛnɛs,ɛnɛs,ɛnɛs
ɛn.ɛv,ɛn.ɛv,ɛnɛv,ɛnɛv,ɛnɛv,ɛnɛv
ɛn.ɛz,ɛn.ɛz,ɛnɛz,ɛnɛz,ɛnɛz,ɛnɛz
ɛn.ɛʃ,ɛn.ɛʃ,ɛnɛʃ,ɛnɛʃ,ɛnɛʃ,ɛnɛʃ
ɛn.ɛʒ,ɛn.ɛʒ,ɛnɛʒ,ɛnɛʒ,ɛnɛʒ,ɛnɛʒ
ɛn.ɛθ,ɛn.ɛθ,ɛnɛθ,ɛnɛθ,ɛnɛθ,ɛnɛθ
ɛn.ɛð,ɛn.ɛð,ɛnɛð,ɛnɛð,ɛnɛð,ɛnɛð
ɛn.ʊm,ɛn.ʊm,ɛnʊm,ɛnʊm,ɛnʊm,ɛnʊm
ɛn.ʊn,ɛn.ʊn,ɛnʊn,ɛnʊn,ɛnʊn,ɛnʊn
ɛn.ʊŋ,ɛn.ʊŋ,ɛnʊŋ,ɛnʊŋ,ɛnʊŋ,ɛnʊŋ
ɛn.ʊp,ɛn.ʊp,ɛnʊp,ɛnʊp,ɛnʊp,ɛnʊp
ɛn.ʊt,ɛn.ʊt,ɛnʊt,ɛnʊt,ɛnʊt,ɛnʊt
ɛn.ʊk,ɛn.ʊk,ɛnʊk,ɛnʊk,ɛnʊk,ɛnʊk
ɛn.ʊb,ɛn.ʊb,ɛnʊb,ɛnʊb,ɛnʊb,ɛnʊb
ɛn.ʊd,ɛn.ʊd,ɛnʊd,ɛnʊd,ɛnʊd,ɛnʊd
ɛn.ʊg,ɛn.ʊg,ɛnʊg,ɛnʊg,ɛnʊg,ɛnʊg
ɛn.ʊf,ɛn.ʊf,ɛnʊf,ɛnʊf,ɛnʊf,ɛnʊf
ɛn.ʊs,ɛn.ʊs,ɛnʊs,ɛnʊs,ɛnʊs,ɛnʊs
ɛn.ʊv,ɛn.ʊv,ɛnʊv,ɛnʊv,ɛnʊv,ɛnʊv
ɛn.ʊz,ɛn.ʊz,ɛnʊz,ɛnʊz,ɛnʊz,ɛnʊz
ɛn.ʊʃ,ɛn.ʊʃ,ɛnʊʃ,ɛnʊʃ,ɛnʊʃ,ɛnʊʃ
ɛn.ʊʒ,ɛn.ʊʒ,ɛnʊʒ,ɛnʊʒ,ɛnʊʒ,ɛnʊʒ
ɛn.ʊθ,ɛn.ʊθ,ɛnʊθ,ɛnʊθ,ɛnʊθ,ɛnʊθ
ɛn.ʊð,ɛn.ʊð,ɛnʊð,ɛnʊð,ɛnʊð,ɛnʊð
ɛn.ɔm,ɛn.ɔm,ɛnɔm,ɛnɔm,ɛnɔm,ɛnɔm
ɛn.ɔn,ɛn.ɔn,ɛnɔn,ɛnɔn,ɛnɔn,ɛnɔn
ɛn.ɔŋ,ɛn.ɔŋ,ɛnɔŋ,ɛnɔŋ,ɛnɔŋ,ɛnɔŋ
ɛn.ɔp,ɛn.ɔp,ɛnɔp,ɛnɔp,ɛnɔp,ɛnɔp
ɛn.ɔt,ɛn.ɔt,ɛnɔt,ɛnɔt,ɛnɔt,ɛnɔt
ɛn.ɔk,ɛn.ɔk,ɛnɔk,ɛnɔk,ɛnɔk,ɛnɔk
ɛn.ɔb,ɛn.ɔb,ɛnɔb,ɛnɔb,ɛnɔb,ɛnɔb
ɛn.ɔd,ɛn.ɔd,ɛnɔd,ɛnɔd,ɛnɔd,ɛnɔd
ɛn.ɔg,ɛn.ɔg,ɛnɔg,ɛnɔg,ɛnɔg,ɛnɔg
ɛn.ɔf,ɛn.ɔf,ɛnɔf,ɛnɔf,ɛnɔf,ɛnɔf
ɛn.ɔs,ɛn.ɔs,ɛnɔs,ɛnɔs,ɛnɔs,ɛnɔs
ɛn.ɔv,ɛn.ɔv,ɛnɔv,ɛnɔv,ɛnɔv,ɛnɔv
ɛn.ɔz,ɛn.ɔz,ɛnɔz,ɛnɔz,ɛnɔz,ɛnɔz
ɛn.ɔʃ,ɛn.ɔʃ,ɛnɔʃ,ɛnɔʃ,ɛnɔʃ,ɛnɔʃ
ɛn.ɔʒ,ɛn.ɔʒ,ɛnɔʒ,ɛnɔʒ,ɛnɔʒ,ɛnɔʒ
ɛn.ɔθ,ɛn.ɔθ,ɛnɔθ,ɛnɔθ,ɛnɔθ,ɛnɔθ
ɛn.ɔð,ɛn.ɔð,ɛnɔð,ɛnɔð,ɛnɔð,ɛnɔð
ɛŋ.ɪm,ɛŋ.ɪm,ɛŋɪm,ɛŋɪm,ɛŋɪm,ɛŋɪm
ɛŋ.ɪn,ɛŋ.ɪn,ɛŋɪn,ɛŋɪn,ɛŋɪn,ɛŋɪn
ɛŋ.ɪŋ,ɛŋ.ɪŋ,ɛŋɪŋ,ɛŋɪŋ,ɛŋɪŋ,ɛŋɪŋ
ɛŋ.ɪp,ɛŋ.ɪp,ɛŋɪp,ɛŋɪp,ɛŋɪp,ɛŋɪp
ɛŋ.ɪt,ɛŋ.ɪt,ɛŋɪt,ɛŋɪt,ɛŋɪt,ɛŋɪt
ɛŋ.ɪk,ɛŋ.ɪk,ɛŋɪk,ɛŋɪk,ɛŋɪk,ɛŋɪk
ɛŋ.ɪb,ɛŋ.ɪb,ɛŋɪb,ɛŋɪb,ɛŋɪb,ɛŋɪb
ɛŋ.ɪd,ɛŋ.ɪd,ɛŋɪd,ɛŋɪd,ɛŋɪd,ɛŋɪd
ɛŋ.ɪg,ɛŋ.ɪg,ɛŋɪg,ɛŋɪg,ɛŋɪg,ɛŋɪg
ɛŋ.ɪf,ɛŋ.ɪf,ɛŋɪf,ɛŋɪf,ɛŋɪf,ɛŋɪf
ɛŋ.ɪs,ɛŋ.ɪs,ɛŋɪs,ɛŋɪs,ɛŋɪs,ɛŋɪs
ɛŋ.ɪv,ɛŋ.ɪv,ɛŋɪv,ɛŋɪv,ɛŋɪv,ɛŋɪv
ɛŋ.ɪz,ɛŋ.ɪz,ɛŋɪz,ɛŋɪz,ɛŋɪz,ɛŋɪz
ɛŋ.ɪʃ,ɛŋ.ɪʃ,ɛŋɪʃ,ɛŋɪʃ,ɛŋɪʃ,ɛŋɪʃ
ɛŋ.ɪʒ,ɛŋ.ɪʒ,ɛŋɪʒ,ɛŋɪʒ,ɛŋɪʒ,ɛŋɪʒ
ɛŋ.ɪθ,ɛŋ.ɪθ,ɛŋɪθ,ɛŋɪθ,ɛŋɪθ,ɛŋɪθ
ɛŋ.ɪð,ɛŋ.ɪð,ɛŋɪð,ɛŋɪð,ɛŋɪð,ɛŋɪð
ɛŋ.ɛm,ɛŋ.ɛm,ɛŋɛm,ɛŋɛm,ɛŋɛm,ɛŋɛm
ɛŋ.ɛn,ɛŋ.ɛn,ɛŋɛn,ɛŋɛn,ɛŋɛn,ɛŋɛn
ɛŋ.ɛŋ,ɛŋ.ɛŋ,ɛŋɛŋ,ɛŋɛŋ,ɛŋɛŋ,ɛŋɛŋ
ɛŋ.ɛp,ɛŋ.ɛp,ɛŋɛp,ɛŋɛp,ɛŋɛp,ɛŋɛp
ɛŋ.ɛt,ɛŋ.ɛt,ɛŋɛt,ɛŋɛt,ɛŋɛt,ɛŋɛt
ɛŋ.ɛk,ɛŋ.ɛk,ɛŋɛk,ɛŋɛk,ɛŋɛk,ɛŋɛk
ɛŋ.ɛb,ɛŋ.ɛb,ɛŋɛb,ɛŋɛb,ɛŋɛb,ɛŋɛb
ɛŋ.ɛd,ɛŋ.ɛd,ɛŋɛd,ɛŋɛd,ɛŋɛd,ɛŋɛd
ɛŋ.ɛg,ɛŋ.ɛg,ɛŋɛg,ɛŋɛg,ɛŋɛg,ɛŋɛg
ɛŋ.ɛf,ɛŋ.ɛf,ɛŋɛf,ɛŋɛf,ɛŋɛf,ɛŋɛf
ɛŋ.ɛs,ɛŋ.ɛs,ɛŋɛs,ɛŋɛs,ɛŋɛs,ɛŋɛs
ɛŋ.ɛv,ɛŋ.ɛv,ɛŋɛv,ɛŋɛv,ɛŋɛv,ɛŋɛv
ɛŋ.ɛz,ɛŋ.ɛz,ɛŋɛz,ɛŋɛz,ɛŋɛz,ɛŋɛz
ɛŋ.ɛʃ,ɛŋ.ɛʃ,ɛŋɛʃ,ɛŋɛʃ,ɛŋɛʃ,ɛŋɛʃ
ɛŋ.ɛʒ,ɛŋ.ɛʒ,ɛŋɛʒ,ɛŋɛʒ,ɛŋɛʒ,ɛŋɛʒ
ɛŋ.ɛθ,ɛŋ.ɛθ,ɛŋɛθ,ɛŋɛθ,ɛŋɛθ,ɛŋɛθ
ɛŋ.ɛð,ɛŋ.ɛð,ɛŋɛð,ɛŋɛð,ɛŋɛð,ɛŋɛð
ɛŋ.ʊm,ɛŋ.ʊm,ɛŋʊm,ɛŋʊm,ɛŋʊm,ɛŋʊm
ɛŋ.ʊn,ɛŋ.ʊn,ɛŋʊn,ɛŋʊn,ɛŋʊn,ɛŋʊn
ɛŋ.ʊŋ,ɛŋ.ʊŋ,ɛŋʊŋ,ɛŋʊŋ,ɛŋʊŋ,ɛŋʊŋ
ɛŋ.ʊp,ɛŋ.ʊp,ɛŋʊp,ɛŋʊp,ɛŋʊp,ɛŋʊp
ɛŋ.ʊt,ɛŋ.ʊt,ɛŋʊt,ɛŋʊt,ɛŋʊt,ɛŋʊt
ɛŋ.ʊk,ɛŋ.ʊk,ɛŋʊk,ɛŋʊk,ɛŋʊk,ɛŋʊk
ɛŋ.ʊb,ɛŋ.ʊb,ɛŋʊb,ɛŋʊb,ɛŋʊb,ɛŋʊb
ɛŋ.ʊd,ɛŋ.ʊd,ɛŋʊd,ɛŋʊd,ɛŋʊd,ɛŋʊd
ɛŋ.ʊg,ɛŋ.ʊg,ɛŋʊg,ɛŋʊg,ɛŋʊg,ɛŋʊg
ɛŋ.ʊf,ɛŋ.ʊf,ɛŋʊf,ɛŋʊf,ɛŋʊf,ɛŋʊf
ɛŋ.ʊs,ɛŋ.ʊs,ɛŋʊs,ɛŋʊs,ɛŋʊs,ɛŋʊs
ɛŋ.ʊv,ɛŋ.ʊv,ɛŋʊv,ɛŋʊv,ɛŋʊv,ɛŋʊv
ɛŋ.ʊz,ɛŋ.ʊz,ɛŋʊz,ɛŋʊz,ɛŋʊz,ɛŋʊz
ɛŋ.ʊʃ,ɛŋ.ʊʃ,ɛŋʊʃ,ɛŋʊʃ,ɛŋʊʃ,ɛŋʊʃ
ɛŋ.ʊʒ,ɛŋ.ʊʒ,ɛŋʊʒ,ɛŋʊʒ,ɛŋʊʒ,ɛŋʊʒ
ɛŋ.ʊθ,ɛŋ.ʊθ,ɛŋʊθ,ɛŋʊθ,ɛŋʊθ,ɛŋʊθ
ɛŋ.ʊð,ɛŋ.ʊð,ɛŋʊð,ɛŋʊð,ɛŋʊð,ɛŋʊð
ɛŋ.ɔm,ɛŋ.ɔm,ɛŋɔm,ɛŋɔm,ɛŋɔm,ɛŋɔm
ɛŋ.ɔn,ɛŋ.ɔn,ɛŋɔn,ɛŋɔn,ɛŋɔn,ɛŋɔn
ɛŋ.ɔŋ,ɛŋ.ɔŋ,ɛŋɔŋ,ɛŋɔŋ,ɛŋɔŋ,ɛŋɔŋ
ɛŋ.ɔp,ɛŋ.ɔp,ɛŋɔp,ɛŋɔp,ɛŋɔp,ɛŋɔp
ɛŋ.ɔt,ɛŋ.ɔt,ɛŋɔt,ɛŋɔt,ɛŋɔt,ɛŋɔt
ɛŋ.ɔk,ɛŋ.ɔk,ɛŋɔk,ɛŋɔk,ɛŋɔk,ɛŋɔk
ɛŋ.ɔb,ɛŋ.ɔb,ɛŋɔb,ɛŋɔb,ɛŋɔb,ɛŋɔb
ɛŋ.ɔd,ɛŋ.ɔd,ɛŋɔd,ɛŋɔd,ɛŋɔd,ɛŋɔd
ɛŋ.ɔg,ɛŋ.ɔg,ɛŋɔg,ɛŋɔg,ɛŋɔg,ɛŋɔg
ɛŋ.ɔf,ɛŋ.ɔf,ɛŋɔf,ɛŋɔf,ɛŋɔf,ɛŋɔf
ɛŋ.ɔs,ɛŋ.ɔs,ɛŋɔs,ɛŋɔs,ɛŋɔs,ɛŋɔs
ɛŋ.ɔv,ɛŋ.ɔv,ɛŋɔv,ɛŋɔv,ɛŋɔv,ɛŋɔv
ɛŋ.ɔz,ɛŋ.ɔz,ɛŋɔz,ɛŋɔz,ɛŋɔz,ɛŋɔz
ɛŋ.ɔʃ,ɛŋ.ɔʃ,ɛŋɔʃ,ɛŋɔʃ,ɛŋɔʃ,ɛŋɔʃ
ɛŋ.ɔʒ,ɛŋ.ɔʒ,ɛŋɔʒ,ɛŋɔʒ,ɛŋɔʒ,ɛŋɔʒ
ɛŋ.ɔθ,ɛŋ.ɔθ,ɛŋɔθ,ɛŋɔθ,ɛŋɔθ,ɛŋɔθ
ɛŋ.ɔð,ɛŋ.ɔð,ɛŋɔð,ɛŋɔð,ɛŋɔð,ɛŋɔð
ɛp.ɪm,ɛp.ɪm,ɛpɪm,ɛpɪm,ɛpɪm,ɛpɪm
ɛp.ɪn,ɛp.ɪn,ɛpɪn,ɛpɪn,ɛpɪn,ɛpɪn
ɛp.ɪŋ,ɛp.ɪŋ,ɛpɪŋ,ɛpɪŋ,ɛpɪŋ,ɛpɪŋ
ɛp.ɪp,ɛp.ɪp,ɛpɪp,ɛpɪp,ɛpɪp,ɛpɪp
ɛp.ɪt,ɛp.ɪt,ɛpɪt,ɛpɪt,ɛpɪt,ɛpɪt
ɛp.ɪk,ɛp.ɪk,ɛpɪk,ɛpɪk,ɛpɪk,ɛpɪk
ɛp.ɪb,ɛp.ɪb,ɛpɪb,ɛpɪb,ɛpɪb,ɛpɪb
ɛp.ɪd,ɛp.ɪd,ɛpɪd,ɛpɪd,ɛpɪd,ɛpɪd
ɛp.ɪg,ɛp.ɪg,ɛpɪg,ɛpɪg,ɛpɪg,ɛpɪg
ɛp.ɪf,ɛp.ɪf,ɛpɪf,ɛpɪf,ɛpɪf,ɛpɪf
ɛp.ɪs,ɛp.ɪs,ɛpɪs,ɛpɪs,ɛpɪs,ɛpɪs
ɛp.ɪv,ɛp.ɪv,ɛpɪv,ɛpɪv,ɛpɪv,ɛpɪv
ɛp.ɪz,ɛp.ɪz,ɛpɪz,ɛpɪz,ɛpɪz,ɛpɪz
ɛp.ɪʃ,ɛp.ɪʃ,ɛpɪʃ,ɛpɪʃ,ɛpɪʃ,ɛpɪʃ
ɛp.ɪʒ,ɛp.ɪʒ,ɛpɪʒ,ɛpɪʒ,ɛpɪʒ,ɛpɪʒ
ɛp.ɪθ,ɛp.ɪθ,ɛpɪθ,ɛpɪθ,ɛpɪθ,ɛpɪθ
ɛp.ɪð,ɛp.ɪð,ɛpɪð,ɛpɪð,ɛpɪð,ɛpɪð
ɛp.ɛm,ɛp.ɛm,ɛpɛm,ɛpɛm,ɛpɛm,ɛpɛm
ɛp.ɛn,ɛp.ɛn,ɛpɛn,ɛpɛn,ɛpɛn,ɛpɛn
ɛp.ɛŋ,ɛp.ɛŋ,ɛpɛŋ,ɛpɛŋ,ɛpɛŋ,ɛpɛŋ
ɛp.ɛp,ɛp.ɛp,ɛpɛp,ɛpɛp,ɛpɛp,ɛpɛp
ɛp.ɛt,ɛp.ɛt,ɛpɛt,ɛpɛt,ɛpɛt,ɛpɛt
ɛp.ɛk,ɛp.ɛk,ɛpɛk,ɛpɛk,ɛpɛk,ɛpɛk
ɛp.ɛb,ɛp.ɛb,ɛpɛb,ɛpɛb,ɛpɛb,ɛpɛb
ɛp.ɛd,ɛp.ɛd,ɛpɛd,ɛpɛd,ɛpɛd,ɛpɛd
ɛp.ɛg,ɛp.ɛg,ɛpɛg,ɛpɛg,ɛpɛg,ɛpɛg
ɛp.ɛf,ɛp.ɛf,ɛpɛf,ɛpɛf,ɛpɛf,ɛpɛf
ɛp.ɛs,ɛp.ɛs,ɛpɛs,ɛpɛs,ɛpɛs,ɛpɛs
ɛp.ɛv,ɛp.ɛv,ɛpɛv,ɛpɛv,ɛpɛv,ɛpɛv
ɛp.ɛz,ɛp.ɛz,ɛpɛz,ɛpɛz,ɛpɛz,ɛpɛz
ɛp.ɛʃ,ɛp.ɛʃ,ɛpɛʃ,ɛpɛʃ,ɛpɛʃ,ɛpɛʃ
ɛp.ɛʒ,ɛp.ɛʒ,ɛpɛʒ,ɛpɛʒ,ɛpɛʒ,ɛpɛʒ
ɛp.ɛθ,ɛp.ɛθ,ɛpɛθ,ɛpɛθ,ɛpɛθ,ɛpɛθ
ɛp.ɛð,ɛp.ɛð,ɛpɛð,ɛpɛð,ɛpɛð,ɛpɛð
ɛp.ʊm,ɛp.ʊm,ɛpʊm,ɛpʊm,ɛpʊm,ɛpʊm
ɛp.ʊn,ɛp.ʊn,ɛpʊn,ɛpʊn,ɛpʊn,ɛpʊn
ɛp.ʊŋ,ɛp.ʊŋ,ɛpʊŋ,ɛpʊŋ,ɛpʊŋ,ɛpʊŋ
ɛp.ʊp,ɛp.ʊp,ɛpʊp,ɛpʊp,ɛpʊp,ɛpʊp
ɛp.ʊt,ɛp.ʊt,ɛpʊt,ɛpʊt,ɛpʊt,ɛpʊt
ɛp.ʊk,ɛp.ʊk,ɛpʊk,ɛpʊk,ɛpʊk,ɛpʊk
ɛp.ʊb,ɛp.ʊb,ɛpʊb,ɛpʊb,ɛpʊb,ɛpʊb
ɛp.ʊd,ɛp.ʊd,ɛpʊd,ɛpʊd,ɛpʊd,ɛpʊd
ɛp.ʊg,ɛp.ʊg,ɛpʊg,ɛpʊg,ɛpʊg,ɛpʊg
ɛp.ʊf,ɛp.ʊf,ɛpʊf,ɛpʊf,ɛpʊf,ɛpʊf
ɛp.ʊs,ɛp.ʊs,ɛpʊs,ɛpʊs,ɛpʊs,ɛpʊs
ɛp.ʊv,ɛp.ʊv,ɛpʊv,ɛpʊv,ɛpʊv,ɛpʊv
ɛp.ʊz,ɛp.ʊz,ɛpʊz,ɛpʊz,ɛpʊz,ɛpʊz
ɛp.ʊʃ,ɛp.ʊʃ,ɛpʊʃ,ɛpʊʃ,ɛpʊʃ,ɛpʊʃ
ɛp.ʊʒ,ɛp.ʊʒ,ɛpʊʒ,ɛpʊʒ,ɛpʊʒ,ɛpʊʒ
ɛp.ʊθ,ɛp.ʊθ,ɛpʊθ,ɛpʊθ,ɛpʊθ,ɛpʊθ
ɛp.ʊð,ɛp.ʊð,ɛpʊð,ɛpʊð,ɛpʊð,ɛpʊð
ɛp.ɔm,ɛp.ɔm,ɛpɔm,ɛpɔm,ɛpɔm,ɛpɔm
ɛp.ɔn,ɛp.ɔn,ɛpɔn,ɛpɔn,ɛpɔn,ɛpɔn
ɛp.ɔŋ,ɛp.ɔŋ,ɛpɔŋ,ɛpɔŋ,ɛpɔŋ,ɛpɔŋ
ɛp.ɔp,ɛp.ɔp,ɛpɔp,ɛpɔp,ɛpɔp,ɛpɔp
ɛp.ɔt,ɛp.ɔt,ɛpɔt,ɛpɔt,ɛpɔt,ɛpɔt
ɛp.ɔk,ɛp.ɔk,ɛpɔk,ɛpɔk,ɛpɔk,ɛpɔk
ɛp.ɔb,ɛp.ɔb,ɛpɔb,ɛpɔb,ɛpɔb,ɛpɔb
ɛp.ɔd,ɛp.ɔd,ɛpɔd,ɛpɔd,ɛpɔd,ɛpɔd
ɛp.ɔg,ɛp.ɔg,ɛpɔg,ɛpɔg,ɛpɔg,ɛpɔg
ɛp.ɔf,ɛp.ɔf,ɛpɔf,ɛpɔf,ɛpɔf,ɛpɔf
ɛp.ɔs,ɛp.ɔs,ɛpɔs,ɛpɔs,ɛpɔs,ɛpɔs
ɛp.ɔv,ɛp.ɔv,ɛpɔv,ɛpɔv,ɛpɔv,ɛpɔv
ɛp.ɔz,ɛp.ɔz,ɛpɔz,ɛpɔz,ɛpɔz,ɛpɔz
ɛp.ɔʃ,ɛp.ɔʃ,ɛpɔʃ,ɛpɔʃ,ɛpɔʃ,ɛpɔʃ
ɛp.ɔʒ,ɛp.ɔʒ,ɛpɔʒ,ɛpɔʒ,ɛpɔʒ,ɛpɔʒ
ɛp.ɔθ,ɛp.ɔθ,ɛpɔθ,ɛpɔθ,ɛpɔθ,ɛpɔθ
ɛp.ɔð,ɛp.ɔð,ɛpɔð,ɛpɔð,ɛpɔð,ɛpɔð
ɛt.ɪm,ɛt.ɪm,ɛtɪm,ɛtɪm,ɛtɪm,ɛtɪm
ɛt.ɪn,ɛt.ɪn,ɛtɪn,ɛtɪn,ɛtɪn,ɛtɪn
ɛt.ɪŋ,ɛt.ɪŋ,ɛtɪŋ,ɛtɪŋ,ɛtɪŋ,ɛtɪŋ
ɛt.ɪp,ɛt.ɪp,ɛtɪp,ɛtɪp,ɛtɪp,ɛtɪp
ɛt.ɪt,ɛt.ɪt,ɛtɪt,ɛtɪt,ɛtɪt,ɛtɪt
ɛt.ɪk,ɛt.ɪk,ɛtɪk,ɛtɪk,ɛtɪk,ɛtɪk
ɛt.ɪb,ɛt.ɪb,ɛtɪb,ɛtɪb,ɛtɪb,ɛtɪb
ɛt.ɪd,ɛt.ɪd,ɛtɪd,ɛtɪd,ɛtɪd,ɛtɪd
ɛt.ɪg,ɛt.ɪg,ɛtɪg,ɛtɪg,ɛtɪg,ɛtɪg
ɛt.ɪf,ɛt.ɪf,ɛtɪf,ɛtɪf,ɛtɪf,ɛtɪf
ɛt.ɪs,ɛt.ɪs,ɛtɪs,ɛtɪs,ɛtɪs,ɛtɪs
ɛt.ɪv,ɛt.ɪv,ɛtɪv,ɛtɪv,ɛtɪv,ɛtɪv
ɛt.ɪz,ɛt.ɪz,ɛtɪz,ɛtɪz,ɛtɪz,ɛtɪz
ɛt.ɪʃ,ɛt.ɪʃ,ɛtɪʃ,ɛtɪʃ,ɛtɪʃ,ɛtɪʃ
ɛt.ɪʒ,ɛt.ɪʒ,ɛtɪʒ,ɛtɪʒ,ɛtɪʒ,ɛtɪʒ
ɛt.ɪθ,ɛt.ɪθ,ɛtɪθ,ɛtɪθ,ɛtɪθ,ɛtɪθ
ɛt.ɪð,ɛt.ɪð,ɛtɪð,ɛtɪð,ɛtɪð,ɛtɪð
ɛt.ɛm,ɛt.ɛm,ɛtɛm,ɛtɛm,ɛtɛm,ɛtɛm
ɛt.ɛn,ɛt.ɛn,ɛtɛn,ɛtɛn,ɛtɛn,ɛtɛn
ɛt.ɛŋ,ɛt.ɛŋ,ɛtɛŋ,ɛtɛŋ,ɛtɛŋ,ɛtɛŋ
ɛt.ɛp,ɛt.ɛp,ɛtɛp,ɛtɛp,ɛtɛp,ɛtɛp
ɛt.ɛt,ɛt.ɛt,ɛtɛt,ɛtɛt,ɛtɛt,ɛtɛt
ɛt.ɛk,ɛt.ɛk,ɛtɛk,ɛtɛk,ɛtɛk,ɛtɛk
ɛt.ɛb,ɛt.ɛb,ɛtɛb,ɛtɛb,ɛtɛb,ɛtɛb
ɛt.ɛd,ɛt.ɛd,ɛtɛd,ɛtɛd,ɛtɛd,ɛtɛd
ɛt.ɛg,ɛt.ɛg,ɛtɛg,ɛtɛg,ɛtɛg,ɛtɛg
ɛt.ɛf,ɛt.ɛf,ɛtɛf,ɛtɛf,ɛtɛf,ɛtɛf
ɛt.ɛs,ɛt.ɛs,ɛtɛs,ɛtɛs,ɛtɛs,ɛtɛs
ɛt.ɛv,ɛt.ɛv,ɛtɛv,ɛtɛv,ɛtɛv,ɛtɛv
ɛt.ɛz,ɛt.ɛz,ɛtɛz,ɛtɛz,ɛtɛz,ɛtɛz
ɛt.ɛʃ,ɛt.ɛʃ,ɛtɛʃ,ɛtɛʃ,ɛtɛʃ,ɛtɛʃ
ɛt.ɛʒ,ɛt.ɛʒ,ɛtɛʒ,ɛtɛʒ,ɛtɛʒ,ɛtɛʒ
ɛt.ɛθ,ɛt.ɛθ,ɛtɛθ,ɛtɛθ,ɛtɛθ,ɛtɛθ
ɛt.ɛð,ɛt.ɛð,ɛtɛð,ɛtɛð,ɛtɛð,ɛtɛð
ɛt.ʊm,ɛt.ʊm,ɛtʊm,ɛtʊm,ɛtʊm,ɛtʊm
ɛt.ʊn,ɛt.ʊn,ɛtʊn,ɛtʊn,ɛtʊn,ɛtʊn
ɛt.ʊŋ,ɛt.ʊŋ,ɛtʊŋ,ɛtʊŋ,ɛtʊŋ,ɛtʊŋ
ɛt.ʊp,ɛt.ʊp,ɛtʊp,ɛtʊp,ɛtʊp,ɛtʊp
ɛt.ʊt,ɛt.ʊt,ɛtʊt,ɛtʊt,ɛtʊt,ɛtʊt
ɛt.ʊk,ɛt.ʊk,ɛtʊk,ɛtʊk,ɛtʊk,ɛtʊk
ɛt.ʊb,ɛt.ʊb,ɛtʊb,ɛtʊb,ɛtʊb,ɛtʊb
ɛt.ʊd,ɛt.ʊd,ɛtʊd,ɛtʊd,ɛtʊd,ɛtʊd
ɛt.ʊg,ɛt.ʊg,ɛtʊg,ɛtʊg,ɛtʊg,ɛtʊg
ɛt.ʊf,ɛt.ʊf,ɛtʊf,ɛtʊf,ɛtʊf,ɛtʊf
ɛt.ʊs,ɛt.ʊs,ɛtʊs,ɛtʊs,ɛtʊs,ɛtʊs
ɛt.ʊv,ɛt.ʊv,ɛtʊv,ɛtʊv,ɛtʊv,ɛtʊv
ɛt.ʊz,ɛt.ʊz,ɛtʊz,ɛtʊz,ɛtʊz,ɛtʊz
ɛt.ʊʃ,ɛt.ʊʃ,ɛtʊʃ,ɛtʊʃ,ɛtʊʃ,ɛtʊʃ
ɛt.ʊʒ,ɛt.ʊʒ,ɛtʊʒ,ɛtʊʒ,ɛtʊʒ,ɛtʊʒ
ɛt.ʊθ,ɛt.ʊθ,ɛtʊθ,ɛtʊθ,ɛtʊθ,ɛtʊθ
ɛt.ʊð,ɛt.ʊð,ɛtʊð,ɛtʊð,ɛtʊð,ɛtʊð
ɛt.ɔm,ɛt.ɔm,ɛtɔm,ɛtɔm,ɛtɔm,ɛtɔm
ɛt.ɔn,ɛt.ɔn,ɛtɔn,ɛtɔn,ɛtɔn,ɛtɔn
ɛt.ɔŋ,ɛt.ɔŋ,ɛtɔŋ,ɛtɔŋ,ɛtɔŋ,ɛtɔŋ
ɛt.ɔp,ɛt.ɔp,ɛtɔp,ɛtɔp,ɛtɔp,ɛtɔp
ɛt.ɔt,ɛt.ɔt,ɛtɔt,ɛtɔt,ɛtɔt,ɛtɔt
ɛt.ɔk,ɛt.ɔk,ɛtɔk,ɛtɔk,ɛtɔk,ɛtɔk
ɛt.ɔb,ɛt.ɔb,ɛtɔb,ɛtɔb,ɛtɔb,ɛtɔb
ɛt.ɔd,ɛt.ɔd,ɛtɔd,ɛtɔd,ɛtɔd,ɛtɔd
ɛt.ɔg,ɛt.ɔg,ɛtɔg,ɛtɔg,ɛtɔg,ɛtɔg
ɛt.ɔf,ɛt.ɔf,ɛtɔf,ɛtɔf,ɛtɔf,ɛtɔf
ɛt.ɔs,ɛt.ɔs,ɛtɔs,ɛtɔs,ɛtɔs,ɛtɔs
ɛt.ɔv,ɛt.ɔv,ɛtɔv,ɛtɔv,ɛtɔv,ɛtɔv
ɛt.ɔz,ɛt.ɔz,ɛtɔz,ɛtɔz,ɛtɔz,ɛtɔz
ɛt.ɔʃ,ɛt.ɔʃ,ɛtɔʃ,ɛtɔʃ,ɛtɔʃ,ɛtɔʃ
ɛt.ɔʒ,ɛt.ɔʒ,ɛtɔʒ,ɛtɔʒ,ɛtɔʒ,ɛtɔʒ
ɛt.ɔθ,ɛt.ɔθ,ɛtɔθ,ɛtɔθ,ɛtɔθ,ɛtɔθ
ɛt.ɔð,ɛt.ɔð,ɛtɔð,ɛtɔð,ɛtɔð,ɛtɔð
ɛk.ɪm,ɛk.ɪm,ɛkɪm,ɛkɪm,ɛkɪm,ɛkɪm
ɛk.ɪn,ɛk.ɪn,ɛkɪn,ɛkɪn,ɛkɪn,ɛkɪn
ɛk.ɪŋ,ɛk.ɪŋ,ɛkɪŋ,ɛkɪŋ,ɛkɪŋ,ɛkɪŋ
ɛk.ɪp,ɛk.ɪp,ɛkɪp,ɛkɪp,ɛkɪp,ɛkɪp
ɛk.ɪt,ɛk.ɪt,ɛkɪt,ɛkɪt,ɛkɪt,ɛkɪt
ɛk.ɪk,ɛk.ɪk,ɛkɪk,ɛkɪk,ɛkɪk,ɛkɪk
ɛk.ɪb,ɛk.ɪb,ɛkɪb,ɛkɪb,ɛkɪb,ɛkɪb
ɛk.ɪd,ɛk.ɪd,ɛkɪd,ɛkɪd,ɛkɪd,ɛkɪd
ɛk.ɪg,ɛk.ɪg,ɛkɪg,ɛkɪg,ɛkɪg,ɛkɪg
ɛk.ɪf,ɛk.ɪf,ɛkɪf,ɛkɪf,ɛkɪf,ɛkɪf
ɛk.ɪs,ɛk.ɪs,ɛkɪs,ɛkɪs,ɛkɪs,ɛkɪs
ɛk.ɪv,ɛk.ɪv,ɛkɪv,ɛkɪv,ɛkɪv,ɛkɪv
ɛk.ɪz,ɛk.ɪz,ɛkɪz,ɛkɪz,ɛkɪz,ɛkɪz
ɛk.ɪʃ,ɛk.ɪʃ,ɛkɪʃ,ɛkɪʃ,ɛkɪʃ,ɛkɪʃ
ɛk.ɪʒ,ɛk.ɪʒ,ɛkɪʒ,ɛkɪʒ,ɛkɪʒ,ɛkɪʒ
ɛk.ɪθ,ɛk.ɪθ,ɛkɪθ,ɛkɪθ,ɛkɪθ,ɛkɪθ
ɛk.ɪð,ɛk.ɪð,ɛkɪð,ɛkɪð,ɛkɪð,ɛkɪð
ɛk.ɛm,ɛk.ɛm,ɛkɛm,ɛkɛm,ɛkɛm,ɛkɛm
ɛk.ɛn,ɛk.ɛn,ɛkɛn,ɛkɛn,ɛkɛn,ɛkɛn
ɛk.ɛŋ,ɛk.ɛŋ,ɛkɛŋ,ɛkɛŋ,ɛkɛŋ,ɛkɛŋ
ɛk.ɛp,ɛk.ɛp,ɛkɛp,ɛkɛp,ɛkɛp,ɛkɛp
ɛk.ɛt,ɛk.ɛt,ɛkɛt,ɛkɛt,ɛkɛt,ɛkɛt
ɛk.ɛk,ɛk.ɛk,ɛkɛk,ɛkɛk,ɛkɛk,ɛkɛk
ɛk.ɛb,ɛk.ɛb,ɛkɛb,ɛkɛb,ɛkɛb,ɛkɛb
ɛk.ɛd,ɛk.ɛd,ɛkɛd,ɛkɛd,ɛkɛd,ɛkɛd
ɛk.ɛg,ɛk.ɛg,ɛkɛg,ɛkɛg,ɛkɛg,ɛkɛg
ɛk.ɛf,ɛk.ɛf,ɛkɛf,ɛkɛf,ɛkɛf,ɛkɛf
ɛk.ɛs,ɛk.ɛs,ɛkɛs,ɛkɛs,ɛkɛs,ɛkɛs
ɛk.ɛv,ɛk.ɛv,ɛkɛv,ɛkɛv,ɛkɛv,ɛkɛv
ɛk.ɛz,ɛk.ɛz,ɛkɛz,ɛkɛz,ɛkɛz,ɛkɛz
ɛk.ɛʃ,ɛk.ɛʃ,ɛkɛʃ,ɛkɛʃ,ɛkɛʃ,ɛkɛʃ
ɛk.ɛʒ,ɛk.ɛʒ,ɛkɛʒ,ɛkɛʒ,ɛkɛʒ,ɛkɛʒ
ɛk.ɛθ,ɛk.ɛθ,ɛkɛθ,ɛkɛθ,ɛkɛθ,ɛkɛθ
ɛk.ɛð,ɛk.ɛð,ɛkɛð,ɛkɛð,ɛkɛð,ɛkɛð
ɛk.ʊm,ɛk.ʊm,ɛkʊm,ɛkʊm,ɛkʊm,ɛkʊm
ɛk.ʊn,ɛk.ʊn,ɛkʊn,ɛkʊn,ɛkʊn,ɛkʊn
ɛk.ʊŋ,ɛk.ʊŋ,ɛkʊŋ,ɛkʊŋ,ɛkʊŋ,ɛkʊŋ
ɛk.ʊp,ɛk.ʊp,ɛkʊp,ɛkʊp,ɛkʊp,ɛkʊp
ɛk.ʊt,ɛk.ʊt,ɛkʊt,ɛkʊt,ɛkʊt,ɛkʊt
ɛk.ʊk,ɛk.ʊk,ɛkʊk,ɛkʊk,ɛkʊk,ɛkʊk
ɛk.ʊb,ɛk.ʊb,ɛkʊb,ɛkʊb,ɛkʊb,ɛkʊb
ɛk.ʊd,ɛk.ʊd,ɛkʊd,ɛkʊd,ɛkʊd,ɛkʊd
ɛk.ʊg,ɛk.ʊg,ɛkʊg,ɛkʊg,ɛkʊg,ɛkʊg
ɛk.ʊf,ɛk.ʊf,ɛkʊf,ɛkʊf,ɛkʊf,ɛkʊf
ɛk.ʊs,ɛk.ʊs,ɛkʊs,ɛkʊs,ɛkʊs,ɛkʊs
ɛk.ʊv,ɛk.ʊv,ɛkʊv,ɛkʊv,ɛkʊv,ɛkʊv
ɛk.ʊz,ɛk.ʊz,ɛkʊz,ɛkʊz,ɛkʊz,ɛkʊz
ɛk.ʊʃ,ɛk.ʊʃ,ɛkʊʃ,ɛkʊʃ,ɛkʊʃ,ɛkʊʃ
ɛk.ʊʒ,ɛk.ʊʒ,ɛkʊʒ,ɛkʊʒ,ɛkʊʒ,ɛkʊʒ
ɛk.ʊθ,ɛk.ʊθ,ɛkʊθ,ɛkʊθ,ɛkʊθ,ɛkʊθ
ɛk.ʊð,ɛk.ʊð,ɛkʊð,ɛkʊð,ɛkʊð,ɛkʊð
ɛk.ɔm,ɛk.ɔm,ɛkɔm,ɛkɔm,ɛkɔm,ɛkɔm
ɛk.ɔn,ɛk.ɔn,ɛkɔn,ɛkɔn,ɛkɔn,ɛkɔn
ɛk.ɔŋ,ɛk.ɔŋ,ɛkɔŋ,ɛkɔŋ,ɛkɔŋ,ɛkɔŋ
ɛk.ɔp,ɛk.ɔp,ɛkɔp,ɛkɔp,ɛkɔp,ɛkɔp
ɛk.ɔt,ɛk.ɔt,ɛkɔt,ɛkɔt,ɛkɔt,ɛkɔt
ɛk.ɔk,ɛk.ɔk,ɛkɔk,ɛkɔk,ɛkɔk,ɛkɔk
ɛk.ɔb,ɛk.ɔb,ɛkɔb,ɛkɔb,ɛkɔb,ɛkɔb
ɛk.ɔd,ɛk.ɔd,ɛkɔd,ɛkɔd,ɛkɔd,ɛkɔd
ɛk.ɔg,ɛk.ɔg,ɛkɔg,ɛkɔg,ɛkɔg,ɛkɔg
ɛk.ɔf,ɛk.ɔf,ɛkɔf,ɛkɔf,ɛkɔf,ɛkɔf
ɛk.ɔs,ɛk.ɔs,ɛkɔs,ɛkɔs,ɛkɔs,ɛkɔs
ɛk.ɔv,ɛk.ɔv,ɛkɔv,ɛkɔv,ɛkɔv,ɛkɔv
ɛk.ɔz,ɛk.ɔz,ɛkɔz,ɛkɔz,ɛkɔz,ɛkɔz
ɛk.ɔʃ,ɛk.ɔʃ,ɛkɔʃ,ɛkɔʃ,ɛkɔʃ,ɛkɔʃ
ɛk.ɔʒ,ɛk.ɔʒ,ɛkɔʒ,ɛkɔʒ,ɛkɔʒ,ɛkɔʒ
ɛk.ɔθ,ɛk.ɔθ,ɛkɔθ,ɛkɔθ,ɛkɔθ,ɛkɔθ
ɛk.ɔð,ɛk.ɔð,ɛkɔð,ɛkɔð,ɛkɔð,ɛkɔð
ɛb.ɪm,ɛb.ɪm,ɛbɪm,ɛbɪm,ɛbɪm,ɛbɪm
ɛb.ɪn,ɛb.ɪn,ɛbɪn,ɛbɪn,ɛbɪn,ɛbɪn
ɛb.ɪŋ,ɛb.ɪŋ,ɛbɪŋ,ɛbɪŋ,ɛbɪŋ,ɛbɪŋ
ɛb.ɪp,ɛb.ɪp,ɛbɪp,ɛbɪp,ɛbɪp,ɛbɪp
ɛb.ɪt,ɛb.ɪt,ɛbɪt,ɛbɪt,ɛbɪt,ɛbɪt
ɛb.ɪk,ɛb.ɪk,ɛbɪk,ɛbɪk,ɛbɪk,ɛbɪk
ɛb.ɪb,ɛb.ɪb,ɛbɪb,ɛbɪb,ɛbɪb,ɛbɪb
ɛb.ɪd,ɛb.ɪd,ɛbɪd,ɛbɪd,ɛbɪd,ɛbɪd
ɛb.ɪg,ɛb.ɪg,ɛbɪg,ɛbɪg,ɛbɪg,ɛbɪg
ɛb.ɪf,ɛb.ɪf,ɛbɪf,ɛbɪf,ɛbɪf,ɛbɪf
ɛb.ɪs,ɛb.ɪs,ɛbɪs,ɛbɪs,ɛbɪs,ɛbɪs
ɛb.ɪv,ɛb.ɪv,ɛbɪv,ɛbɪv,ɛbɪv,ɛbɪv
ɛb.ɪz,ɛb.ɪz,ɛbɪz,ɛbɪz,ɛbɪz,ɛbɪz
ɛb.ɪʃ,ɛb.ɪʃ,ɛbɪʃ,ɛbɪʃ,ɛbɪʃ,ɛbɪʃ
ɛb.ɪʒ,ɛb.ɪʒ,ɛbɪʒ,ɛbɪʒ,ɛbɪʒ,ɛbɪʒ
ɛb.ɪθ,ɛb.ɪθ,ɛbɪθ,ɛbɪθ,ɛbɪθ,ɛbɪθ
ɛb.ɪð,ɛb.ɪð,ɛbɪð,ɛbɪð,ɛbɪð,ɛbɪð
ɛb.ɛm,ɛb.ɛm,ɛbɛm,ɛbɛm,ɛbɛm,ɛbɛm
ɛb.ɛn,ɛb.ɛn,ɛbɛn,ɛbɛn,ɛbɛn,ɛbɛn
ɛb.ɛŋ,ɛb.ɛŋ,ɛbɛŋ,ɛbɛŋ,ɛbɛŋ,ɛbɛŋ
ɛb.ɛp,ɛb.ɛp,ɛbɛp,ɛbɛp,ɛbɛp,ɛbɛp
ɛb.ɛt,ɛb.ɛt,ɛbɛt,ɛbɛt,ɛbɛt,ɛbɛt
ɛb.ɛk,ɛb.ɛk,ɛbɛk,ɛbɛk,ɛbɛk,ɛbɛk
ɛb.ɛb,ɛb.ɛb,ɛbɛb,ɛbɛb,ɛbɛb,ɛbɛb
ɛb.ɛd,ɛb.ɛd,ɛbɛd,ɛbɛd,ɛbɛd,ɛbɛd
ɛb.ɛg,ɛb.ɛg,ɛbɛg,ɛbɛg,ɛbɛg,ɛbɛg
ɛb.ɛf,ɛb.ɛf,ɛbɛf,ɛbɛf,ɛbɛf,ɛbɛf
ɛb.ɛs,ɛb.ɛs,ɛbɛs,ɛbɛs,ɛbɛs,ɛbɛs
ɛb.ɛv,ɛb.ɛv,ɛbɛv,ɛbɛv,ɛbɛv,ɛbɛv
ɛb.ɛz,ɛb.ɛz,ɛbɛz,ɛbɛz,ɛbɛz,ɛbɛz
ɛb.ɛʃ,ɛb.ɛʃ,ɛbɛʃ,ɛbɛʃ,ɛbɛʃ,ɛbɛʃ
ɛb.ɛʒ,ɛb.ɛʒ,ɛbɛʒ,ɛbɛʒ,ɛbɛʒ,ɛbɛʒ
ɛb.ɛθ,ɛb.ɛθ,ɛbɛθ,ɛbɛθ,ɛbɛθ,ɛbɛθ
ɛb.ɛð,ɛb.ɛð,ɛbɛð,ɛbɛð,ɛbɛð,ɛbɛð
ɛb.ʊm,ɛb.ʊm,ɛbʊm,ɛbʊm,ɛbʊm,ɛbʊm
ɛb.ʊn,ɛb.ʊn,ɛbʊn,ɛbʊn,ɛbʊn,ɛbʊn
ɛb.ʊŋ,ɛb.ʊŋ,ɛbʊŋ,ɛbʊŋ,ɛbʊŋ,ɛbʊŋ
ɛb.ʊp,ɛb.ʊp,ɛbʊp,ɛbʊp,ɛbʊp,ɛbʊp
ɛb.ʊt,ɛb.ʊt,ɛbʊt,ɛbʊt,ɛbʊt,ɛbʊt
ɛb.ʊk,ɛb.ʊk,ɛbʊk,ɛbʊk,ɛbʊk,ɛbʊk
ɛb.ʊb,ɛb.ʊb,ɛbʊb,ɛbʊb,ɛbʊb,ɛbʊb
ɛb.ʊd,ɛb.ʊd,ɛbʊd,ɛbʊd,ɛbʊd,ɛbʊd
ɛb.ʊg,ɛb.ʊg,ɛbʊg,ɛbʊg,ɛbʊg,ɛbʊg
ɛb.ʊf,ɛb.ʊf,ɛbʊf,ɛbʊf,ɛbʊf,ɛbʊf
ɛb.ʊs,ɛb.ʊs,ɛbʊs,ɛbʊs,ɛbʊs,ɛbʊs
ɛb.ʊv,ɛb.ʊv,ɛbʊv,ɛbʊv,ɛbʊv,ɛbʊv
ɛb.ʊz,ɛb.ʊz,ɛbʊz,ɛbʊz,ɛbʊz,ɛbʊz
ɛb.ʊʃ,ɛb.ʊʃ,ɛbʊʃ,ɛbʊʃ,ɛbʊʃ,ɛbʊʃ
ɛb.ʊʒ,ɛb.ʊʒ,ɛbʊʒ,ɛbʊʒ,ɛbʊʒ,ɛbʊʒ
ɛb.ʊθ,ɛb.ʊθ,ɛbʊθ,ɛbʊθ,ɛbʊθ,ɛbʊθ
ɛb.ʊð,ɛb.ʊð,ɛbʊð,ɛbʊð,ɛbʊð,ɛbʊð
ɛb.ɔm,ɛb.ɔm,ɛbɔm,ɛbɔm,ɛbɔm,ɛbɔm
ɛb.ɔn,ɛb.ɔn,ɛbɔn,ɛbɔn,ɛbɔn,ɛbɔn
ɛb.ɔŋ,ɛb.ɔŋ,ɛbɔŋ,ɛbɔŋ,ɛbɔŋ,ɛbɔŋ
ɛb.ɔp,ɛb.ɔp,ɛbɔp,ɛbɔp,ɛbɔp,ɛbɔp
ɛb.ɔt,ɛb.ɔt,ɛbɔt,ɛbɔt,ɛbɔt,ɛbɔt
ɛb.ɔk,ɛb.ɔk,ɛbɔk,ɛbɔk,ɛbɔk,ɛbɔk
ɛb.ɔb,ɛb.ɔb,ɛbɔb,ɛbɔb,ɛbɔb,ɛbɔb
ɛb.ɔd,ɛb.ɔd,ɛbɔd,ɛbɔd,ɛbɔd,ɛbɔd
ɛb.ɔg,ɛb.ɔg,ɛbɔg,ɛbɔg,ɛbɔg,ɛbɔg
ɛb.ɔf,ɛb.ɔf,ɛbɔf,ɛbɔf,ɛbɔf,ɛbɔf
ɛb.ɔs,ɛb.ɔs,ɛbɔs,ɛbɔs,ɛbɔs,ɛbɔs
ɛb.ɔv,ɛb.ɔv,ɛbɔv,ɛbɔv,ɛbɔv,ɛbɔv
ɛb.ɔz,ɛb.ɔz,ɛbɔz,ɛbɔz,ɛbɔz,ɛbɔz
ɛb.ɔʃ,ɛb.ɔʃ,ɛbɔʃ,ɛbɔʃ,ɛbɔʃ,ɛbɔʃ
ɛb.ɔʒ,ɛb.ɔʒ,ɛbɔʒ,ɛbɔʒ,ɛbɔʒ,ɛbɔʒ
ɛb.ɔθ,ɛb.ɔθ,ɛbɔθ,ɛbɔθ,ɛbɔθ,ɛbɔθ
ɛb.ɔð,ɛb.ɔð,ɛbɔð,ɛbɔð,ɛbɔð,ɛbɔð
ɛd.ɪm,ɛd.ɪm,ɛdɪm,ɛdɪm,ɛdɪm,ɛdɪm
ɛd.ɪn,ɛd.ɪn,ɛdɪn,ɛdɪn,ɛdɪn,ɛdɪn
ɛd.ɪŋ,ɛd.ɪŋ,ɛdɪŋ,ɛdɪŋ,ɛdɪŋ,ɛdɪŋ
ɛd.ɪp,ɛd.ɪp,ɛdɪp,ɛdɪp,ɛdɪp,ɛdɪp
ɛd.ɪt,ɛd.ɪt,ɛdɪt,ɛdɪt,ɛdɪt,ɛdɪt
ɛd.ɪk,ɛd.ɪk,ɛdɪk,ɛdɪk,ɛdɪk,ɛdɪk
ɛd.ɪb,ɛd.ɪb,ɛdɪb,ɛdɪb,ɛdɪb,ɛdɪb
ɛd.ɪd,ɛd.ɪd,ɛdɪd,ɛdɪd,ɛdɪd,ɛdɪd
ɛd.ɪg,ɛd.ɪg,ɛdɪg,ɛdɪg,ɛdɪg,ɛdɪg
ɛd.ɪf,ɛd.ɪf,ɛdɪf,ɛdɪf,ɛdɪf,ɛdɪf
ɛd.ɪs,ɛd.ɪs,ɛdɪs,ɛdɪs,ɛdɪs,ɛdɪs
ɛd.ɪv,ɛd.ɪv,ɛdɪv,ɛdɪv,ɛdɪv,ɛdɪv
ɛd.ɪz,ɛd.ɪz,ɛdɪz,ɛdɪz,ɛdɪz,ɛdɪz
ɛd.ɪʃ,ɛd.ɪʃ,ɛdɪʃ,ɛdɪʃ,ɛdɪʃ,ɛdɪʃ
ɛd.ɪʒ,ɛd.ɪʒ,ɛdɪʒ,ɛdɪʒ,ɛdɪʒ,ɛdɪʒ
ɛd.ɪθ,ɛd.ɪθ,ɛdɪθ,ɛdɪθ,ɛdɪθ,ɛdɪθ
ɛd.ɪð,ɛd.ɪð,ɛdɪð,ɛdɪð,ɛdɪð,ɛdɪð
ɛd.ɛm,ɛd.ɛm,ɛdɛm,ɛdɛm,ɛdɛm,ɛdɛm
ɛd.ɛn,ɛd.ɛn,ɛdɛn,ɛdɛn,ɛdɛn,ɛdɛn
ɛd.ɛŋ,ɛd.ɛŋ,ɛdɛŋ,ɛdɛŋ,ɛdɛŋ,ɛdɛŋ
ɛd.ɛp,ɛd.ɛp,ɛdɛp,ɛdɛp,ɛdɛp,ɛdɛp
ɛd.ɛt,ɛd.ɛt,ɛdɛt,ɛdɛt,ɛdɛt,ɛdɛt
ɛd.ɛk,ɛd.ɛk,ɛdɛk,ɛdɛk,ɛdɛk,ɛdɛk
ɛd.ɛb,ɛd.ɛb,ɛdɛb,ɛdɛb,ɛdɛb,ɛdɛb
ɛd.ɛd,ɛd.ɛd,ɛdɛd,ɛdɛd,ɛdɛd,ɛdɛd
ɛd.ɛg,ɛd.ɛg,ɛdɛg,ɛdɛg,ɛdɛg,ɛdɛg
ɛd.ɛf,ɛd.ɛf,ɛdɛf,ɛdɛf,ɛdɛf,ɛdɛf
ɛd.ɛs,ɛd.ɛs,ɛdɛs,ɛdɛs,ɛdɛs,ɛdɛs
ɛd.ɛv,ɛd.ɛv,ɛdɛv,ɛdɛv,ɛdɛv,ɛdɛv
ɛd.ɛz,ɛd.ɛz,ɛdɛz,ɛdɛz,ɛdɛz,ɛdɛz
ɛd.ɛʃ,ɛd.ɛʃ,ɛdɛʃ,ɛdɛʃ,ɛdɛʃ,ɛdɛʃ
ɛd.ɛʒ,ɛd.ɛʒ,ɛdɛʒ,ɛdɛʒ,ɛdɛʒ,ɛdɛʒ
ɛd.ɛθ,ɛd.ɛθ,ɛdɛθ,ɛdɛθ,ɛdɛθ,ɛdɛθ
ɛd.ɛð,ɛd.ɛð,ɛdɛð,ɛdɛð,ɛdɛð,ɛdɛð
ɛd.ʊm,ɛd.ʊm,ɛdʊm,ɛdʊm,ɛdʊm,ɛdʊm
ɛd.ʊn,ɛd.ʊn,ɛdʊn,ɛdʊn,ɛdʊn,ɛdʊn
ɛd.ʊŋ,ɛd.ʊŋ,ɛdʊŋ,ɛdʊŋ,ɛdʊŋ,ɛdʊŋ
ɛd.ʊp,ɛd.ʊp,ɛdʊp,ɛdʊp,ɛdʊp,ɛdʊp
ɛd.ʊt,ɛd.ʊt,ɛdʊt,ɛdʊt,ɛdʊt,ɛdʊt
ɛd.ʊk,ɛd.ʊk,ɛdʊk,ɛdʊk,ɛdʊk,ɛdʊk
ɛd.ʊb,ɛd.ʊb,ɛdʊb,ɛdʊb,ɛdʊb,ɛdʊb
ɛd.ʊd,ɛd.ʊd,ɛdʊd,ɛdʊd,ɛdʊd,ɛdʊd
ɛd.ʊg,ɛd.ʊg,ɛdʊg,ɛdʊg,ɛdʊg,ɛdʊg
ɛd.ʊf,ɛd.ʊf,ɛdʊf,ɛdʊf,ɛdʊf,ɛdʊf
ɛd.ʊs,ɛd.ʊs,ɛdʊs,ɛdʊs,ɛdʊs,ɛdʊs
ɛd.ʊv,ɛd.ʊv,ɛdʊv,ɛdʊv,ɛdʊv,ɛdʊv
ɛd.ʊz,ɛd.ʊz,ɛdʊz,ɛdʊz,ɛdʊz,ɛdʊz
ɛd.ʊʃ,ɛd.ʊʃ,ɛdʊʃ,ɛdʊʃ,ɛdʊʃ,ɛdʊʃ
ɛd.ʊʒ,ɛd.ʊʒ,ɛdʊʒ,ɛdʊʒ,ɛdʊʒ,ɛdʊʒ
ɛd.ʊθ,ɛd.ʊθ,ɛdʊθ,ɛdʊθ,ɛdʊθ,ɛdʊθ
ɛd.ʊð,ɛd.ʊð,ɛdʊð,ɛdʊð,ɛdʊð,ɛdʊð
ɛd.ɔm,ɛd.ɔm,ɛdɔm,ɛdɔm,ɛdɔm,ɛdɔm
ɛd.ɔn,ɛd.ɔn,ɛdɔn,ɛdɔn,ɛdɔn,ɛdɔn
ɛd.ɔŋ,ɛd.ɔŋ,ɛdɔŋ,ɛdɔŋ,ɛdɔŋ,ɛdɔŋ
ɛd.ɔp,ɛd.ɔp,ɛdɔp,ɛdɔp,ɛdɔp,ɛdɔp
ɛd.ɔt,ɛd.ɔt,ɛdɔt,ɛdɔt,ɛdɔt,ɛdɔt
ɛd.ɔk,ɛd.ɔk,ɛdɔk,ɛdɔk,ɛdɔk,ɛdɔk
ɛd.ɔb,ɛd.ɔb,ɛdɔb,ɛdɔb,ɛdɔb,ɛdɔb
ɛd.ɔd,ɛd.ɔd,ɛdɔd,ɛdɔd,ɛdɔd,ɛdɔd
ɛd.ɔg,ɛd.ɔg,ɛdɔg,ɛdɔg,ɛdɔg,ɛdɔg
ɛd.ɔf,ɛd.ɔf,ɛdɔf,ɛdɔf,ɛdɔf,ɛdɔf
ɛd.ɔs,ɛd.ɔs,ɛdɔs,ɛdɔs,ɛdɔs,ɛdɔs
ɛd.ɔv,ɛd.ɔv,ɛdɔv,ɛdɔv,ɛdɔv,ɛdɔv
ɛd.ɔz,ɛd.ɔz,ɛdɔz,ɛdɔz,ɛdɔz,ɛdɔz
ɛd.ɔʃ,ɛd.ɔʃ,ɛdɔʃ,ɛdɔʃ,ɛdɔʃ,ɛdɔʃ
ɛd.ɔʒ,ɛd.ɔʒ,ɛdɔʒ,ɛdɔʒ,ɛdɔʒ,ɛdɔʒ
ɛd.ɔθ,ɛd.ɔθ,ɛdɔθ,ɛdɔθ,ɛdɔθ,ɛdɔθ
ɛd.ɔð,ɛd.ɔð,ɛdɔð,ɛdɔð,ɛdɔð,ɛdɔð
ɛg.ɪm,ɛg.ɪm,ɛgɪm,ɛgɪm,ɛgɪm,ɛgɪm
ɛg.ɪn,ɛg.ɪn,ɛgɪn,ɛgɪn,ɛgɪn,ɛgɪn
ɛg.ɪŋ,ɛg.ɪŋ,ɛgɪŋ,ɛgɪŋ,ɛgɪŋ,ɛgɪŋ
ɛg.ɪp,ɛg.ɪp,ɛgɪp,ɛgɪp,ɛgɪp,ɛgɪp
ɛg.ɪt,ɛg.ɪt,ɛgɪt,ɛgɪt,ɛgɪt,ɛgɪt
ɛg.ɪk,ɛg.ɪk,ɛgɪk,ɛgɪk,ɛgɪk,ɛgɪk
ɛg.ɪb,ɛg.ɪb,ɛgɪb,ɛgɪb,ɛgɪb,ɛgɪb
ɛg.ɪd,ɛg.ɪd,ɛgɪd,ɛgɪd,ɛgɪd,ɛgɪd
ɛg.ɪg,ɛg.ɪg,ɛgɪg,ɛgɪg,ɛgɪg,ɛgɪg
ɛg.ɪf,ɛg.ɪf,ɛgɪf,ɛgɪf,ɛgɪf,ɛgɪf
ɛg.ɪs,ɛg.ɪs,ɛgɪs,ɛgɪs,ɛgɪs,ɛgɪs
ɛg.ɪv,ɛg.ɪv,ɛgɪv,ɛgɪv,ɛgɪv,ɛgɪv
ɛg.ɪz,ɛg.ɪz,ɛgɪz,ɛgɪz,ɛgɪz,ɛgɪz
ɛg.ɪʃ,ɛg.ɪʃ,ɛgɪʃ,ɛgɪʃ,ɛgɪʃ,ɛgɪʃ
ɛg.ɪʒ,ɛg.ɪʒ,ɛgɪʒ,ɛgɪʒ,ɛgɪʒ,ɛgɪʒ
ɛg.ɪθ,ɛg.ɪθ,ɛgɪθ,ɛgɪθ,ɛgɪθ,ɛgɪθ
ɛg.ɪð,ɛg.ɪð,ɛgɪð,ɛgɪð,ɛgɪð,ɛgɪð
ɛg.ɛm,ɛg.ɛm,ɛgɛm,ɛgɛm,ɛgɛm,ɛgɛm
ɛg.ɛn,ɛg.ɛn,ɛgɛn,ɛgɛn,ɛgɛn,ɛgɛn
ɛg.ɛŋ,ɛg.ɛŋ,ɛgɛŋ,ɛgɛŋ,ɛgɛŋ,ɛgɛŋ
ɛg.ɛp,ɛg.ɛp,ɛgɛp,ɛgɛp,ɛgɛp,ɛgɛp
ɛg.ɛt,ɛg.ɛt,ɛgɛt,ɛgɛt,ɛgɛt,ɛgɛt
ɛg.ɛk,ɛg.ɛk,ɛgɛk,ɛgɛk,ɛgɛk,ɛgɛk
ɛg.ɛb,ɛg.ɛb,ɛgɛb,ɛgɛb,ɛgɛb,ɛgɛb
ɛg.ɛd,ɛg.ɛd,ɛgɛd,ɛgɛd,ɛgɛd,ɛgɛd
ɛg.ɛg,ɛg.ɛg,ɛgɛg,ɛgɛg,ɛgɛg,ɛgɛg
ɛg.ɛf,ɛg.ɛf,ɛgɛf,ɛgɛf,ɛgɛf,ɛgɛf
ɛg.ɛs,ɛg.ɛs,ɛgɛs,ɛgɛs,ɛgɛs,ɛgɛs
ɛg.ɛv,ɛg.ɛv,ɛgɛv,ɛgɛv,ɛgɛv,ɛgɛv
ɛg.ɛz,ɛg.ɛz,ɛgɛz,ɛgɛz,ɛgɛz,ɛgɛz
ɛg.ɛʃ,ɛg.ɛʃ,ɛgɛʃ,ɛgɛʃ,ɛgɛʃ,ɛgɛʃ
ɛg.ɛʒ,ɛg.ɛʒ,ɛgɛʒ,ɛgɛʒ,ɛgɛʒ,ɛgɛʒ
ɛg.ɛθ,ɛg.ɛθ,ɛgɛθ,ɛgɛθ,ɛgɛθ,ɛgɛθ
ɛg.ɛð,ɛg.ɛð,ɛgɛð,ɛgɛð,ɛgɛð,ɛgɛð
ɛg.ʊm,ɛg.ʊm,ɛgʊm,ɛgʊm,ɛgʊm,ɛgʊm
ɛg.ʊn,ɛg.ʊn,ɛgʊn,ɛgʊn,ɛgʊn,ɛgʊn
ɛg.ʊŋ,ɛg.ʊŋ,ɛgʊŋ,ɛgʊŋ,ɛgʊŋ,ɛgʊŋ
ɛg.ʊp,ɛg.ʊp,ɛgʊp,ɛgʊp,ɛgʊp,ɛgʊp
ɛg.ʊt,ɛg.ʊt,ɛgʊt,ɛgʊt,ɛgʊt,ɛgʊt
ɛg.ʊk,ɛg.ʊk,ɛgʊk,ɛgʊk,ɛgʊk,ɛgʊk
ɛg.ʊb,ɛg.ʊb,ɛgʊb,ɛgʊb,ɛgʊb,ɛgʊb
ɛg.ʊd,ɛg.ʊd,ɛgʊd,ɛgʊd,ɛgʊd,ɛgʊd
ɛg.ʊg,ɛg.ʊg,ɛgʊg,ɛgʊg,ɛgʊg,ɛgʊg
ɛg.ʊf,ɛg.ʊf,ɛgʊf,ɛgʊf,ɛgʊf,ɛgʊf
ɛg.ʊs,ɛg.ʊs,ɛgʊs,ɛgʊs,ɛgʊs,ɛgʊs
ɛg.ʊv,ɛg.ʊv,ɛgʊv,ɛgʊv,ɛgʊv,ɛgʊv
ɛg.ʊz,ɛg.ʊz,ɛgʊz,ɛgʊz,ɛgʊz,ɛgʊz
ɛg.ʊʃ,ɛg.ʊʃ,ɛgʊʃ,ɛgʊʃ,ɛgʊʃ,ɛgʊʃ
ɛg.ʊʒ,ɛg.ʊʒ,ɛgʊʒ,ɛgʊʒ,ɛgʊʒ,ɛgʊʒ
ɛg.ʊθ,ɛg.ʊθ,ɛgʊθ,ɛgʊθ,ɛgʊθ,ɛgʊθ
ɛg.ʊð,ɛg.ʊð,ɛgʊð,ɛgʊð,ɛgʊð,ɛgʊð
ɛg.ɔm,ɛg.ɔm,ɛgɔm,ɛgɔm,ɛgɔm,ɛgɔm
ɛg.ɔn,ɛg.ɔn,ɛgɔn,ɛgɔn,ɛgɔn,ɛgɔn
ɛg.ɔŋ,ɛg.ɔŋ,ɛgɔŋ,ɛgɔŋ,ɛgɔŋ,ɛgɔŋ
ɛg.ɔp,ɛg.ɔp,ɛgɔp,ɛgɔp,ɛgɔp,ɛgɔp
ɛg.ɔt,ɛg.ɔt,ɛgɔt,ɛgɔt,ɛgɔt,ɛgɔt
ɛg.ɔk,ɛg.ɔk,ɛgɔk,ɛgɔk,ɛgɔk,ɛgɔk
ɛg.ɔb,ɛg.ɔb,ɛgɔb,ɛgɔb,ɛgɔb,ɛgɔb
ɛg.ɔd,ɛg.ɔd,ɛgɔd,ɛgɔd,ɛgɔd,ɛgɔd
ɛg.ɔg,ɛg.ɔg,ɛgɔg,ɛgɔg,ɛgɔg,ɛgɔg
ɛg.ɔf,ɛg.ɔf,ɛgɔf,ɛgɔf,ɛgɔf,ɛgɔf
ɛg.ɔs,ɛg.ɔs,ɛgɔs,ɛgɔs,ɛgɔs,ɛgɔs
ɛg.ɔv,ɛg.ɔv,ɛgɔv,ɛgɔv,ɛgɔv,ɛgɔv
ɛg.ɔz,ɛg.ɔz,ɛgɔz,ɛgɔz,ɛgɔz,ɛgɔz
ɛg.ɔʃ,ɛg.ɔʃ,ɛgɔʃ,ɛgɔʃ,ɛgɔʃ,ɛgɔʃ
ɛg.ɔʒ,ɛg.ɔʒ,ɛgɔʒ,ɛgɔʒ,ɛgɔʒ,ɛgɔʒ
ɛg.ɔθ,ɛg.ɔθ,ɛgɔθ,ɛgɔθ,ɛgɔθ,ɛgɔθ
ɛg.ɔð,ɛg.ɔð,ɛgɔð,ɛgɔð,ɛgɔð,ɛgɔð
ɛf.ɪm,ɛf.ɪm,ɛfɪm,ɛfɪm,ɛfɪm,ɛfɪm
ɛf.ɪn,ɛf.ɪn,ɛfɪn,ɛfɪn,ɛfɪn,ɛfɪn
ɛf.ɪŋ,ɛf.ɪŋ,ɛfɪŋ,ɛfɪŋ,ɛfɪŋ,ɛfɪŋ
ɛf.ɪp,ɛf.ɪp,ɛfɪp,ɛfɪp,ɛfɪp,ɛfɪp
ɛf.ɪt,ɛf.ɪt,ɛfɪt,ɛfɪt,ɛfɪt,ɛfɪt
ɛf.ɪk,ɛf.ɪk,ɛfɪk,ɛfɪk,ɛfɪk,ɛfɪk
ɛf.ɪb,ɛf.ɪb,ɛfɪb,ɛfɪb,ɛfɪb,ɛfɪb
ɛf.ɪd,ɛf.ɪd,ɛfɪd,ɛfɪd,ɛfɪd,ɛfɪd
ɛf.ɪg,ɛf.ɪg,ɛfɪg,ɛfɪg,ɛfɪg,ɛfɪg
ɛf.ɪf,ɛf.ɪf,ɛfɪf,ɛfɪf,ɛfɪf,ɛfɪf
ɛf.ɪs,ɛf.ɪs,ɛfɪs,ɛfɪs,ɛfɪs,ɛfɪs
ɛf.ɪv,ɛf.ɪv,ɛfɪv,ɛfɪv,ɛfɪv,ɛfɪv
ɛf.ɪz,ɛf.ɪz,ɛfɪz,ɛfɪz,ɛfɪz,ɛfɪz
ɛf.ɪʃ,ɛf.ɪʃ,ɛfɪʃ,ɛfɪʃ,ɛfɪʃ,ɛfɪʃ
ɛf.ɪʒ,ɛf.ɪʒ,ɛfɪʒ,ɛfɪʒ,ɛfɪʒ,ɛfɪʒ
ɛf.ɪθ,ɛf.ɪθ,ɛfɪθ,ɛfɪθ,ɛfɪθ,ɛfɪθ
ɛf.ɪð,ɛf.ɪð,ɛfɪð,ɛfɪð,ɛfɪð,ɛfɪð
ɛf.ɛm,ɛf.ɛm,ɛfɛm,ɛfɛm,ɛfɛm,ɛfɛm
ɛf.ɛn,ɛf.ɛn,ɛfɛn,ɛfɛn,ɛfɛn,ɛfɛn
ɛf.ɛŋ,ɛf.ɛŋ,ɛfɛŋ,ɛfɛŋ,ɛfɛŋ,ɛfɛŋ
ɛf.ɛp,ɛf.ɛp,ɛfɛp,ɛfɛp,ɛfɛp,ɛfɛp
ɛf.ɛt,ɛf.ɛt,ɛfɛt,ɛfɛt,ɛfɛt,ɛfɛt
ɛf.ɛk,ɛf.ɛk,ɛfɛk,ɛfɛk,ɛfɛk,ɛfɛk
ɛf.ɛb,ɛf.ɛb,ɛfɛb,ɛfɛb,ɛfɛb,ɛfɛb
ɛf.ɛd,ɛf.ɛd,ɛfɛd,ɛfɛd,ɛfɛd,ɛfɛd
ɛf.ɛg,ɛf.ɛg,ɛfɛg,ɛfɛg,ɛfɛg,ɛfɛg
ɛf.ɛf,ɛf.ɛf,ɛfɛf,ɛfɛf,ɛfɛf,ɛfɛf
ɛf.ɛs,ɛf.ɛs,ɛfɛs,ɛfɛs,ɛfɛs,ɛfɛs
ɛf.ɛv,ɛf.ɛv,ɛfɛv,ɛfɛv,ɛfɛv,ɛfɛv
ɛf.ɛz,ɛf.ɛz,ɛfɛz,ɛfɛz,ɛfɛz,ɛfɛz
ɛf.ɛʃ,ɛf.ɛʃ,ɛfɛʃ,ɛfɛʃ,ɛfɛʃ,ɛfɛʃ
ɛf.ɛʒ,ɛf.ɛʒ,ɛfɛʒ,ɛfɛʒ,ɛfɛʒ,ɛfɛʒ
ɛf.ɛθ,ɛf.ɛθ,ɛfɛθ,ɛfɛθ,ɛfɛθ,ɛfɛθ
ɛf.ɛð,ɛf.ɛð,ɛfɛð,ɛfɛð,ɛfɛð,ɛfɛð
ɛf.ʊm,ɛf.ʊm,ɛfʊm,ɛfʊm,ɛfʊm,ɛfʊm
ɛf.ʊn,ɛf.ʊn,ɛfʊn,ɛfʊn,ɛfʊn,ɛfʊn
ɛf.ʊŋ,ɛf.ʊŋ,ɛfʊŋ,ɛfʊŋ,ɛfʊŋ,ɛfʊŋ
ɛf.ʊp,ɛf.ʊp,ɛfʊp,ɛfʊp,ɛfʊp,ɛfʊp
ɛf.ʊt,ɛf.ʊt,ɛfʊt,ɛfʊt,ɛfʊt,ɛfʊt
ɛf.ʊk,ɛf.ʊk,ɛfʊk,ɛfʊk,ɛfʊk,ɛfʊk
ɛf.ʊb,ɛf.ʊb,ɛfʊb,ɛfʊb,ɛfʊb,ɛfʊb
ɛf.ʊd,ɛf.ʊd,ɛfʊd,ɛfʊd,ɛfʊd,ɛfʊd
ɛf.ʊg,ɛf.ʊg,ɛfʊg,ɛfʊg,ɛfʊg,ɛfʊg
ɛf.ʊf,ɛf.ʊf,ɛfʊf,ɛfʊf,ɛfʊf,ɛfʊf
ɛf.ʊs,ɛf.ʊs,ɛfʊs,ɛfʊs,ɛfʊs,ɛfʊs
ɛf.ʊv,ɛf.ʊv,ɛfʊv,ɛfʊv,ɛfʊv,ɛfʊv
ɛf.ʊz,ɛf.ʊz,ɛfʊz,ɛfʊz,ɛfʊz,ɛfʊz
ɛf.ʊʃ,ɛf.ʊʃ,ɛfʊʃ,ɛfʊʃ,ɛfʊʃ,ɛfʊʃ
ɛf.ʊʒ,ɛf.ʊʒ,ɛfʊʒ,ɛfʊʒ,ɛfʊʒ,ɛfʊʒ
ɛf.ʊθ,ɛf.ʊθ,ɛfʊθ,ɛfʊθ,ɛfʊθ,ɛfʊθ
ɛf.ʊð,ɛf.ʊð,ɛfʊð,ɛfʊð,ɛfʊð,ɛfʊð
ɛf.ɔm,ɛf.ɔm,ɛfɔm,ɛfɔm,ɛfɔm,ɛfɔm
ɛf.ɔn,ɛf.ɔn,ɛfɔn,ɛfɔn,ɛfɔn,ɛfɔn
ɛf.ɔŋ,ɛf.ɔŋ,ɛfɔŋ,ɛfɔŋ,ɛfɔŋ,ɛfɔŋ
ɛf.ɔp,ɛf.ɔp,ɛfɔp,ɛfɔp,ɛfɔp,ɛfɔp
ɛf.ɔt,ɛf.ɔt,ɛfɔt,ɛfɔt,ɛfɔt,ɛfɔt
ɛf.ɔk,ɛf.ɔk,ɛfɔk,ɛfɔk,ɛfɔk,ɛfɔk
ɛf.ɔb,ɛf.ɔb,ɛfɔb,ɛfɔb,ɛfɔb,ɛfɔb
ɛf.ɔd,ɛf.ɔd,ɛfɔd,ɛfɔd,ɛfɔd,ɛfɔd
ɛf.ɔg,ɛf.ɔg,ɛfɔg,ɛfɔg,ɛfɔg,ɛfɔg
ɛf.ɔf,ɛf.ɔf,ɛfɔf,ɛfɔf,ɛfɔf,ɛfɔf
ɛf.ɔs,ɛf.ɔs,ɛfɔs,ɛfɔs,ɛfɔs,ɛfɔs
ɛf.ɔv,ɛf.ɔv,ɛfɔv,ɛfɔv,ɛfɔv,ɛfɔv
ɛf.ɔz,ɛf.ɔz,ɛfɔz,ɛfɔz,ɛfɔz,ɛfɔz
ɛf.ɔʃ,ɛf.ɔʃ,ɛfɔʃ,ɛfɔʃ,ɛfɔʃ,ɛfɔʃ
ɛf.ɔʒ,ɛf.ɔʒ,ɛfɔʒ,ɛfɔʒ,ɛfɔʒ,ɛfɔʒ
ɛf.ɔθ,ɛf.ɔθ,ɛfɔθ,ɛfɔθ,ɛfɔθ,ɛfɔθ
ɛf.ɔð,ɛf.ɔð,ɛfɔð,ɛfɔð,ɛfɔð,ɛfɔð
ɛs.ɪm,ɛs.ɪm,ɛsɪm,ɛsɪm,ɛsɪm,ɛsɪm
ɛs.ɪn,ɛs.ɪn,ɛsɪn,ɛsɪn,ɛsɪn,ɛsɪn
ɛs.ɪŋ,ɛs.ɪŋ,ɛsɪŋ,ɛsɪŋ,ɛsɪŋ,ɛsɪŋ
ɛs.ɪp,ɛs.ɪp,ɛsɪp,ɛsɪp,ɛsɪp,ɛsɪp
ɛs.ɪt,ɛs.ɪt,ɛsɪt,ɛsɪt,ɛsɪt,ɛsɪt
ɛs.ɪk,ɛs.ɪk,ɛsɪk,ɛsɪk,ɛsɪk,ɛsɪk
ɛs.ɪb,ɛs.ɪb,ɛsɪb,ɛsɪb,ɛsɪb,ɛsɪb
ɛs.ɪd,ɛs.ɪd,ɛsɪd,ɛsɪd,ɛsɪd,ɛsɪd
ɛs.ɪg,ɛs.ɪg,ɛsɪg,ɛsɪg,ɛsɪg,ɛsɪg
ɛs.ɪf,ɛs.ɪf,ɛsɪf,ɛsɪf,ɛsɪf,ɛsɪf
ɛs.ɪs,ɛs.ɪs,ɛsɪs,ɛsɪs,ɛsɪs,ɛsɪs
ɛs.ɪv,ɛs.ɪv,ɛsɪv,ɛsɪv,ɛsɪv,ɛsɪv
ɛs.ɪz,ɛs.ɪz,ɛsɪz,ɛsɪz,ɛsɪz,ɛsɪz
ɛs.ɪʃ,ɛs.ɪʃ,ɛsɪʃ,ɛsɪʃ,ɛsɪʃ,ɛsɪʃ
ɛs.ɪʒ,ɛs.ɪʒ,ɛsɪʒ,ɛsɪʒ,ɛsɪʒ,ɛsɪʒ
ɛs.ɪθ,ɛs.ɪθ,ɛsɪθ,ɛsɪθ,ɛsɪθ,ɛsɪθ
ɛs.ɪð,ɛs.ɪð,ɛsɪð,ɛsɪð,ɛsɪð,ɛsɪð
ɛs.ɛm,ɛs.ɛm,ɛsɛm,ɛsɛm,ɛsɛm,ɛsɛm
ɛs.ɛn,ɛs.ɛn,ɛsɛn,ɛsɛn,ɛsɛn,ɛsɛn
ɛs.ɛŋ,ɛs.ɛŋ,ɛsɛŋ,ɛsɛŋ,ɛsɛŋ,ɛsɛŋ
ɛs.ɛp,ɛs.ɛp,ɛsɛp,ɛsɛp,ɛsɛp,ɛsɛp
ɛs.ɛt,ɛs.ɛt,ɛsɛt,ɛsɛt,ɛsɛt,ɛsɛt
ɛs.ɛk,ɛs.ɛk,ɛsɛk,ɛsɛk,ɛsɛk,ɛsɛk
ɛs.ɛb,ɛs.ɛb,ɛsɛb,ɛsɛb,ɛsɛb,ɛsɛb
ɛs.ɛd,ɛs.ɛd,ɛsɛd,ɛsɛd,ɛsɛd,ɛsɛd
ɛs.ɛg,ɛs.ɛg,ɛsɛg,ɛsɛg,ɛsɛg,ɛsɛg
ɛs.ɛf,ɛs.ɛf,ɛsɛf,ɛsɛf,ɛsɛf,ɛsɛf
ɛs.ɛs,ɛs.ɛs,ɛsɛs,ɛsɛs,ɛsɛs,ɛsɛs
ɛs.ɛv,ɛs.ɛv,ɛsɛv,ɛsɛv,ɛsɛv,ɛsɛv
ɛs.ɛz,ɛs.ɛz,ɛsɛz,ɛsɛz,ɛsɛz,ɛsɛz
ɛs.ɛʃ,ɛs.ɛʃ,ɛsɛʃ,ɛsɛʃ,ɛsɛʃ,ɛsɛʃ
ɛs.ɛʒ,ɛs.ɛʒ,ɛsɛʒ,ɛsɛʒ,ɛsɛʒ,ɛsɛʒ
ɛs.ɛθ,ɛs.ɛθ,ɛsɛθ,ɛsɛθ,ɛsɛθ,ɛsɛθ
ɛs.ɛð,ɛs.ɛð,ɛsɛð,ɛsɛð,ɛsɛð,ɛsɛð
ɛs.ʊm,ɛs.ʊm,ɛsʊm,ɛsʊm,ɛsʊm,ɛsʊm
ɛs.ʊn,ɛs.ʊn,ɛsʊn,ɛsʊn,ɛsʊn,ɛsʊn
ɛs.ʊŋ,ɛs.ʊŋ,ɛsʊŋ,ɛsʊŋ,ɛsʊŋ,ɛsʊŋ
ɛs.ʊp,ɛs.ʊp,ɛsʊp,ɛsʊp,ɛsʊp,ɛsʊp
ɛs.ʊt,ɛs.ʊt,ɛsʊt,ɛsʊt,ɛsʊt,ɛsʊt
ɛs.ʊk,ɛs.ʊk,ɛsʊk,ɛsʊk,ɛsʊk,ɛsʊk
ɛs.ʊb,ɛs.ʊb,ɛsʊb,ɛsʊb,ɛsʊb,ɛsʊb
ɛs.ʊd,ɛs.ʊd,ɛsʊd,ɛsʊd,ɛsʊd,ɛsʊd
ɛs.ʊg,ɛs.ʊg,ɛsʊg,ɛsʊg,ɛsʊg,ɛsʊg
ɛs.ʊf,ɛs.ʊf,ɛsʊf,ɛsʊf,ɛsʊf,ɛsʊf
ɛs.ʊs,ɛs.ʊs,ɛsʊs,ɛsʊs,ɛsʊs,ɛsʊs
ɛs.ʊv,ɛs.ʊv,ɛsʊv,ɛsʊv,ɛsʊv,ɛsʊv
ɛs.ʊz,ɛs.ʊz,ɛsʊz,ɛsʊz,ɛsʊz,ɛsʊz
ɛs.ʊʃ,ɛs.ʊʃ,ɛsʊʃ,ɛsʊʃ,ɛsʊʃ,ɛsʊʃ
ɛs.ʊʒ,ɛs.ʊʒ,ɛsʊʒ,ɛsʊʒ,ɛsʊʒ,ɛsʊʒ
ɛs.ʊθ,ɛs.ʊθ,ɛsʊθ,ɛsʊθ,ɛsʊθ,ɛsʊθ
ɛs.ʊð,ɛs.ʊð,ɛsʊð,ɛsʊð,ɛsʊð,ɛsʊð
ɛs.ɔm,ɛs.ɔm,ɛsɔm,ɛsɔm,ɛsɔm,ɛsɔm
ɛs.ɔn,ɛs.ɔn,ɛsɔn,ɛsɔn,ɛsɔn,ɛsɔn
ɛs.ɔŋ,ɛs.ɔŋ,ɛsɔŋ,ɛsɔŋ,ɛsɔŋ,ɛsɔŋ
ɛs.ɔp,ɛs.ɔp,ɛsɔp,ɛsɔp,ɛsɔp,ɛsɔp
ɛs.ɔt,ɛs.ɔt,ɛsɔt,ɛsɔt,ɛsɔt,ɛsɔt
ɛs.ɔk,ɛs.ɔk,ɛsɔk,ɛsɔk,ɛsɔk,ɛsɔk
ɛs.ɔb,ɛs.ɔb,ɛsɔb,ɛsɔb,ɛsɔb,ɛsɔb
ɛs.ɔd,ɛs.ɔd,ɛsɔd,ɛsɔd,ɛsɔd,ɛsɔd
ɛs.ɔg,ɛs.ɔg,ɛsɔg,ɛsɔg,ɛsɔg,ɛsɔg
ɛs.ɔf,ɛs.ɔf,ɛsɔf,ɛsɔf,ɛsɔf,ɛsɔf
ɛs.ɔs,ɛs.ɔs,ɛsɔs,ɛsɔs,ɛsɔs,ɛsɔs
ɛs.ɔv,ɛs.ɔv,ɛsɔv,ɛsɔv,ɛsɔv,ɛsɔv
ɛs.ɔz,ɛs.ɔz,ɛsɔz,ɛsɔz,ɛsɔz,ɛsɔz
ɛs.ɔʃ,ɛs.ɔʃ,ɛsɔʃ,ɛsɔʃ,ɛsɔʃ,ɛsɔʃ
ɛs.ɔʒ,ɛs.ɔʒ,ɛsɔʒ,ɛsɔʒ,ɛsɔʒ,ɛsɔʒ
ɛs.ɔθ,ɛs.ɔθ,ɛsɔθ,ɛsɔθ,ɛsɔθ,ɛsɔθ
ɛs.ɔð,ɛs.ɔð,ɛsɔð,ɛsɔð,ɛsɔð,ɛsɔð
ɛv.ɪm,ɛv.ɪm,ɛvɪm,ɛvɪm,ɛvɪm,ɛvɪm
ɛv.ɪn,ɛv.ɪn,ɛvɪn,ɛvɪn,ɛvɪn,ɛvɪn
ɛv.ɪŋ,ɛv.ɪŋ,ɛvɪŋ,ɛvɪŋ,ɛvɪŋ,ɛvɪŋ
ɛv.ɪp,ɛv.ɪp,ɛvɪp,ɛvɪp,ɛvɪp,ɛvɪp
ɛv.ɪt,ɛv.ɪt,ɛvɪt,ɛvɪt,ɛvɪt,ɛvɪt
ɛv.ɪk,ɛv.ɪk,ɛvɪk,ɛvɪk,ɛvɪk,ɛvɪk
ɛv.ɪb,ɛv.ɪb,ɛvɪb,ɛvɪb,ɛvɪb,ɛvɪb
ɛv.ɪd,ɛv.ɪd,ɛvɪd,ɛvɪd,ɛvɪd,ɛvɪd
ɛv.ɪg,ɛv.ɪg,ɛvɪg,ɛvɪg,ɛvɪg,ɛvɪg
ɛv.ɪf,ɛv.ɪf,ɛvɪf,ɛvɪf,ɛvɪf,ɛvɪf
ɛv.ɪs,ɛv.ɪs,ɛvɪs,ɛvɪs,ɛvɪs,ɛvɪs
ɛv.ɪv,ɛv.ɪv,ɛvɪv,ɛvɪv,ɛvɪv,ɛvɪv
ɛv.ɪz,ɛv.ɪz,ɛvɪz,ɛvɪz,ɛvɪz,ɛvɪz
ɛv.ɪʃ,ɛv.ɪʃ,ɛvɪʃ,ɛvɪʃ,ɛvɪʃ,ɛvɪʃ
ɛv.ɪʒ,ɛv.ɪʒ,ɛvɪʒ,ɛvɪʒ,ɛvɪʒ,ɛvɪʒ
ɛv.ɪθ,ɛv.ɪθ,ɛvɪθ,ɛvɪθ,ɛvɪθ,ɛvɪθ
ɛv.ɪð,ɛv.ɪð,ɛvɪð,ɛvɪð,ɛvɪð,ɛvɪð
ɛv.ɛm,ɛv.ɛm,ɛvɛm,ɛvɛm,ɛvɛm,ɛvɛm
ɛv.ɛn,ɛv.ɛn,ɛvɛn,ɛvɛn,ɛvɛn,ɛvɛn
ɛv.ɛŋ,ɛv.ɛŋ,ɛvɛŋ,ɛvɛŋ,ɛvɛŋ,ɛvɛŋ
ɛv.ɛp,ɛv.ɛp,ɛvɛp,ɛvɛp,ɛvɛp,ɛvɛp
ɛv.ɛt,ɛv.ɛt,ɛvɛt,ɛvɛt,ɛvɛt,ɛvɛt
ɛv.ɛk,ɛv.ɛk,ɛvɛk,ɛvɛk,ɛvɛk,ɛvɛk
ɛv.ɛb,ɛv.ɛb,ɛvɛb,ɛvɛb,ɛvɛb,ɛvɛb
ɛv.ɛd,ɛv.ɛd,ɛvɛd,ɛvɛd,ɛvɛd,ɛvɛd
ɛv.ɛg,ɛv.ɛg,ɛvɛg,ɛvɛg,ɛvɛg,ɛvɛg
ɛv.ɛf,ɛv.ɛf,ɛvɛf,ɛvɛf,ɛvɛf,ɛvɛf
ɛv.ɛs,ɛv.ɛs,ɛvɛs,ɛvɛs,ɛvɛs,ɛvɛs
ɛv.ɛv,ɛv.ɛv,ɛvɛv,ɛvɛv,ɛvɛv,ɛvɛv
ɛv.ɛz,ɛv.ɛz,ɛvɛz,ɛvɛz,ɛvɛz,ɛvɛz
ɛv.ɛʃ,ɛv.ɛʃ,ɛvɛʃ,ɛvɛʃ,ɛvɛʃ,ɛvɛʃ
ɛv.ɛʒ,ɛv.ɛʒ,ɛvɛʒ,ɛvɛʒ,ɛvɛʒ,ɛvɛʒ
ɛv.ɛθ,ɛv.ɛθ,ɛvɛθ,ɛvɛθ,ɛvɛθ,ɛvɛθ
ɛv.ɛð,ɛv.ɛð,ɛvɛð,ɛvɛð,ɛvɛð,ɛvɛð
ɛv.ʊm,ɛv.ʊm,ɛvʊm,ɛvʊm,ɛvʊm,ɛvʊm
ɛv.ʊn,ɛv.ʊn,ɛvʊn,ɛvʊn,ɛvʊn,ɛvʊn
ɛv.ʊŋ,ɛv.ʊŋ,ɛvʊŋ,ɛvʊŋ,ɛvʊŋ,ɛvʊŋ
ɛv.ʊp,ɛv.ʊp,ɛvʊp,ɛvʊp,ɛvʊp,ɛvʊp
ɛv.ʊt,ɛv.ʊt,ɛvʊt,ɛvʊt,ɛvʊt,ɛvʊt
ɛv.ʊk,ɛv.ʊk,ɛvʊk,ɛvʊk,ɛvʊk,ɛvʊk
ɛv.ʊb,ɛv.ʊb,ɛvʊb,ɛvʊb,ɛvʊb,ɛvʊb
ɛv.ʊd,ɛv.ʊd,ɛvʊd,ɛvʊd,ɛvʊd,ɛvʊd
ɛv.ʊg,ɛv.ʊg,ɛvʊg,ɛvʊg,ɛvʊg,ɛvʊg
ɛv.ʊf,ɛv.ʊf,ɛvʊf,ɛvʊf,ɛvʊf,ɛvʊf
ɛv.ʊs,ɛv.ʊs,ɛvʊs,ɛvʊs,ɛvʊs,ɛvʊs
ɛv.ʊv,ɛv.ʊv,ɛvʊv,ɛvʊv,ɛvʊv,ɛvʊv
ɛv.ʊz,ɛv.ʊz,ɛvʊz,ɛvʊz,ɛvʊz,ɛvʊz
ɛv.ʊʃ,ɛv.ʊʃ,ɛvʊʃ,ɛvʊʃ,ɛvʊʃ,ɛvʊʃ
ɛv.ʊʒ,ɛv.ʊʒ,ɛvʊʒ,ɛvʊʒ,ɛvʊʒ,ɛvʊʒ
ɛv.ʊθ,ɛv.ʊθ,ɛvʊθ,ɛvʊθ,ɛvʊθ,ɛvʊθ
ɛv.ʊð,ɛv.ʊð,ɛvʊð,ɛvʊð,ɛvʊð,ɛvʊð
ɛv.ɔm,ɛv.ɔm,ɛvɔm,ɛvɔm,ɛvɔm,ɛvɔm
ɛv.ɔn,ɛv.ɔn,ɛvɔn,ɛvɔn,ɛvɔn,ɛvɔn
ɛv.ɔŋ,ɛv.ɔŋ,ɛvɔŋ,ɛvɔŋ,ɛvɔŋ,ɛvɔŋ
ɛv.ɔp,ɛv.ɔp,ɛvɔp,ɛvɔp,ɛvɔp,ɛvɔp
ɛv.ɔt,ɛv.ɔt,ɛvɔt,ɛvɔt,ɛvɔt,ɛvɔt
ɛv.ɔk,ɛv.ɔk,ɛvɔk,ɛvɔk,ɛvɔk,ɛvɔk
ɛv.ɔb,ɛv.ɔb,ɛvɔb,ɛvɔb,ɛvɔb,ɛvɔb
ɛv.ɔd,ɛv.ɔd,ɛvɔd,ɛvɔd,ɛvɔd,ɛvɔd
ɛv.ɔg,ɛv.ɔg,ɛvɔg,ɛvɔg,ɛvɔg,ɛvɔg
ɛv.ɔf,ɛv.ɔf,ɛvɔf,ɛvɔf,ɛvɔf,ɛvɔf
ɛv.ɔs,ɛv.ɔs,ɛvɔs,ɛvɔs,ɛvɔs,ɛvɔs
ɛv.ɔv,ɛv.ɔv,ɛvɔv,ɛvɔv,ɛvɔv,ɛvɔv
ɛv.ɔz,ɛv.ɔz,ɛvɔz,ɛvɔz,ɛvɔz,ɛvɔz
ɛv.ɔʃ,ɛv.ɔʃ,ɛvɔʃ,ɛvɔʃ,ɛvɔʃ,ɛvɔʃ
ɛv.ɔʒ,ɛv.ɔʒ,ɛvɔʒ,ɛvɔʒ,ɛvɔʒ,ɛvɔʒ
ɛv.ɔθ,ɛv.ɔθ,ɛvɔθ,ɛvɔθ,ɛvɔθ,ɛvɔθ
ɛv.ɔð,ɛv.ɔð,ɛvɔð,ɛvɔð,ɛvɔð,ɛvɔð
ɛz.ɪm,ɛz.ɪm,ɛzɪm,ɛzɪm,ɛzɪm,ɛzɪm
ɛz.ɪn,ɛz.ɪn,ɛzɪn,ɛzɪn,ɛzɪn,ɛzɪn
ɛz.ɪŋ,ɛz.ɪŋ,ɛzɪŋ,ɛzɪŋ,ɛzɪŋ,ɛzɪŋ
ɛz.ɪp,ɛz.ɪp,ɛzɪp,ɛzɪp,ɛzɪp,ɛzɪp
ɛz.ɪt,ɛz.ɪt,ɛzɪt,ɛzɪt,ɛzɪt,ɛzɪt
ɛz.ɪk,ɛz.ɪk,ɛzɪk,ɛzɪk,ɛzɪk,ɛzɪk
ɛz.ɪb,ɛz.ɪb,ɛzɪb,ɛzɪb,ɛzɪb,ɛzɪb
ɛz.ɪd,ɛz.ɪd,ɛzɪd,ɛzɪd,ɛzɪd,ɛzɪd
ɛz.ɪg,ɛz.ɪg,ɛzɪg,ɛzɪg,ɛzɪg,ɛzɪg
ɛz.ɪf,ɛz.ɪf,ɛzɪf,ɛzɪf,ɛzɪf,ɛzɪf
ɛz.ɪs,ɛz.ɪs,ɛzɪs,ɛzɪs,ɛzɪs,ɛzɪs
ɛz.ɪv,ɛz.ɪv,ɛzɪv,ɛzɪv,ɛzɪv,ɛzɪv
ɛz.ɪz,ɛz.ɪz,ɛzɪz,ɛzɪz,ɛzɪz,ɛzɪz
ɛz.ɪʃ,ɛz.ɪʃ,ɛzɪʃ,ɛzɪʃ,ɛzɪʃ,ɛzɪʃ
ɛz.ɪʒ,ɛz.ɪʒ,ɛzɪʒ,ɛzɪʒ,ɛzɪʒ,ɛzɪʒ
ɛz.ɪθ,ɛz.ɪθ,ɛzɪθ,ɛzɪθ,ɛzɪθ,ɛzɪθ
ɛz.ɪð,ɛz.ɪð,ɛzɪð,ɛzɪð,ɛzɪð,ɛzɪð
ɛz.ɛm,ɛz.ɛm,ɛzɛm,ɛzɛm,ɛzɛm,ɛzɛm
ɛz.ɛn,ɛz.ɛn,ɛzɛn,ɛzɛn,ɛzɛn,ɛzɛn
ɛz.ɛŋ,ɛz.ɛŋ,ɛzɛŋ,ɛzɛŋ,ɛzɛŋ,ɛzɛŋ
ɛz.ɛp,ɛz.ɛp,ɛzɛp,ɛzɛp,ɛzɛp,ɛzɛp
ɛz.ɛt,ɛz.ɛt,ɛzɛt,ɛzɛt,ɛzɛt,ɛzɛt
ɛz.ɛk,ɛz.ɛk,ɛzɛk,ɛzɛk,ɛzɛk,ɛzɛk
ɛz.ɛb,ɛz.ɛb,ɛzɛb,ɛzɛb,ɛzɛb,ɛzɛb
ɛz.ɛd,ɛz.ɛd,ɛzɛd,ɛzɛd,ɛzɛd,ɛzɛd
ɛz.ɛg,ɛz.ɛg,ɛzɛg,ɛzɛg,ɛzɛg,ɛzɛg
ɛz.ɛf,ɛz.ɛf,ɛzɛf,ɛzɛf,ɛzɛf,ɛzɛf
ɛz.ɛs,ɛz.ɛs,ɛzɛs,ɛzɛs,ɛzɛs,ɛzɛs
ɛz.ɛv,ɛz.ɛv,ɛzɛv,ɛzɛv,ɛzɛv,ɛzɛv
ɛz.ɛz,ɛz.ɛz,ɛzɛz,ɛzɛz,ɛzɛz,ɛzɛz
ɛz.ɛʃ,ɛz.ɛʃ,ɛzɛʃ,ɛzɛʃ,ɛzɛʃ,ɛzɛʃ
ɛz.ɛʒ,ɛz.ɛʒ,ɛzɛʒ,ɛzɛʒ,ɛzɛʒ,ɛzɛʒ
ɛz.ɛθ,ɛz.ɛθ,ɛzɛθ,ɛzɛθ,ɛzɛθ,ɛzɛθ
ɛz.ɛð,ɛz.ɛð,ɛzɛð,ɛzɛð,ɛzɛð,ɛzɛð
ɛz.ʊm,ɛz.ʊm,ɛzʊm,ɛzʊm,ɛzʊm,ɛzʊm
ɛz.ʊn,ɛz.ʊn,ɛzʊn,ɛzʊn,ɛzʊn,ɛzʊn
ɛz.ʊŋ,ɛz.ʊŋ,ɛzʊŋ,ɛzʊŋ,ɛzʊŋ,ɛzʊŋ
ɛz.ʊp,ɛz.ʊp,ɛzʊp,ɛzʊp,ɛzʊp,ɛzʊp
ɛz.ʊt,ɛz.ʊt,ɛzʊt,ɛzʊt,ɛzʊt,ɛzʊt
ɛz.ʊk,ɛz.ʊk,ɛzʊk,ɛzʊk,ɛzʊk,ɛzʊk
ɛz.ʊb,ɛz.ʊb,ɛzʊb,ɛzʊb,ɛzʊb,ɛzʊb
ɛz.ʊd,ɛz.ʊd,ɛzʊd,ɛzʊd,ɛzʊd,ɛzʊd
ɛz.ʊg,ɛz.ʊg,ɛzʊg,ɛzʊg,ɛzʊg,ɛzʊg
ɛz.ʊf,ɛz.ʊf,ɛzʊf,ɛzʊf,ɛzʊf,ɛzʊf
ɛz.ʊs,ɛz.ʊs,ɛzʊs,ɛzʊs,ɛzʊs,ɛzʊs
ɛz.ʊv,ɛz.ʊv,ɛzʊv,ɛzʊv,ɛzʊv,ɛzʊv
ɛz.ʊz,ɛz.ʊz,ɛzʊz,ɛzʊz,ɛzʊz,ɛzʊz
ɛz.ʊʃ,ɛz.ʊʃ,ɛzʊʃ,ɛzʊʃ,ɛzʊʃ,ɛzʊʃ
ɛz.ʊʒ,ɛz.ʊʒ,ɛzʊʒ,ɛzʊʒ,ɛzʊʒ,ɛzʊʒ
ɛz.ʊθ,ɛz.ʊθ,ɛzʊθ,ɛzʊθ,ɛzʊθ,ɛzʊθ
ɛz.ʊð,ɛz.ʊð,ɛzʊð,ɛzʊð,ɛzʊð,ɛzʊð
ɛz.ɔm,ɛz.ɔm,ɛzɔm,ɛzɔm,ɛzɔm,ɛzɔm
ɛz.ɔn,ɛz.ɔn,ɛzɔn,ɛzɔn,ɛzɔn,ɛzɔn
ɛz.ɔŋ,ɛz.ɔŋ,ɛzɔŋ,ɛzɔŋ,ɛzɔŋ,ɛzɔŋ
ɛz.ɔp,ɛz.ɔp,ɛzɔp,ɛzɔp,ɛzɔp,ɛzɔp
ɛz.ɔt,ɛz.ɔt,ɛzɔt,ɛzɔt,ɛzɔt,ɛzɔt
ɛz.ɔk,ɛz.ɔk,ɛzɔk,ɛzɔk,ɛzɔk,ɛzɔk
ɛz.ɔb,ɛz.ɔb,ɛzɔb,ɛzɔb,ɛzɔb,ɛzɔb
ɛz.ɔd,ɛz.ɔd,ɛzɔd,ɛzɔd,ɛzɔd,ɛzɔd
ɛz.ɔg,ɛz.ɔg,ɛzɔg,ɛzɔg,ɛzɔg,ɛzɔg
ɛz.ɔf,ɛz.ɔf,ɛzɔf,ɛzɔf,ɛzɔf,ɛzɔf
ɛz.ɔs,ɛz.ɔs,ɛzɔs,ɛzɔs,ɛzɔs,ɛzɔs
ɛz.ɔv,ɛz.ɔv,ɛzɔv,ɛzɔv,ɛzɔv,ɛzɔv
ɛz.ɔz,ɛz.ɔz,ɛzɔz,ɛzɔz,ɛzɔz,ɛzɔz
ɛz.ɔʃ,ɛz.ɔʃ,ɛzɔʃ,ɛzɔʃ,ɛzɔʃ,ɛzɔʃ
ɛz.ɔʒ,ɛz.ɔʒ,ɛzɔʒ,ɛzɔʒ,ɛzɔʒ,ɛzɔʒ
ɛz.ɔθ,ɛz.ɔθ,ɛzɔθ,ɛzɔθ,ɛzɔθ,ɛzɔθ
ɛz.ɔð,ɛz.ɔð,ɛzɔð,ɛzɔð,ɛzɔð,ɛzɔð
ɛʃ.ɪm,ɛʃ.ɪm,ɛʃɪm,ɛʃɪm,ɛʃɪm,ɛʃɪm
ɛʃ.ɪn,ɛʃ.ɪn,ɛʃɪn,ɛʃɪn,ɛʃɪn,ɛʃɪn
ɛʃ.ɪŋ,ɛʃ.ɪŋ,ɛʃɪŋ,ɛʃɪŋ,ɛʃɪŋ,ɛʃɪŋ
ɛʃ.ɪp,ɛʃ.ɪp,ɛʃɪp,ɛʃɪp,ɛʃɪp,ɛʃɪp
ɛʃ.ɪt,ɛʃ.ɪt,ɛʃɪt,ɛʃɪt,ɛʃɪt,ɛʃɪt
ɛʃ.ɪk,ɛʃ.ɪk,ɛʃɪk,ɛʃɪk,ɛʃɪk,ɛʃɪk
ɛʃ.ɪb,ɛʃ.ɪb,ɛʃɪb,ɛʃɪb,ɛʃɪb,ɛʃɪb
ɛʃ.ɪd,ɛʃ.ɪd,ɛʃɪd,ɛʃɪd,ɛʃɪd,ɛʃɪd
ɛʃ.ɪg,ɛʃ.ɪg,ɛʃɪg,ɛʃɪg,ɛʃɪg,ɛʃɪg
ɛʃ.ɪf,ɛʃ.ɪf,ɛʃɪf,ɛʃɪf,ɛʃɪf,ɛʃɪf
ɛʃ.ɪs,ɛʃ.ɪs,ɛʃɪs,ɛʃɪs,ɛʃɪs,ɛʃɪs
ɛʃ.ɪv,ɛʃ.ɪv,ɛʃɪv,ɛʃɪv,ɛʃɪv,ɛʃɪv
ɛʃ.ɪz,ɛʃ.ɪz,ɛʃɪz,ɛʃɪz,ɛʃɪz,ɛʃɪz
ɛʃ.ɪʃ,ɛʃ.ɪʃ,ɛʃɪʃ,ɛʃɪʃ,ɛʃɪʃ,ɛʃɪʃ
ɛʃ.ɪʒ,ɛʃ.ɪʒ,ɛʃɪʒ,ɛʃɪʒ,ɛʃɪʒ,ɛʃɪʒ
ɛʃ.ɪθ,ɛʃ.ɪθ,ɛʃɪθ,ɛʃɪθ,ɛʃɪθ,ɛʃɪθ
ɛʃ.ɪð,ɛʃ.ɪð,ɛʃɪð,ɛʃɪð,ɛʃɪð,ɛʃɪð
ɛʃ.ɛm,ɛʃ.ɛm,ɛʃɛm,ɛʃɛm,ɛʃɛm,ɛʃɛm
ɛʃ.ɛn,ɛʃ.ɛn,ɛʃɛn,ɛʃɛn,ɛʃɛn,ɛʃɛn
ɛʃ.ɛŋ,ɛʃ.ɛŋ,ɛʃɛŋ,ɛʃɛŋ,ɛʃɛŋ,ɛʃɛŋ
ɛʃ.ɛp,ɛʃ.ɛp,ɛʃɛp,ɛʃɛp,ɛʃɛp,ɛʃɛp
ɛʃ.ɛt,ɛʃ.ɛt,ɛʃɛt,ɛʃɛt,ɛʃɛt,ɛʃɛt
ɛʃ.ɛk,ɛʃ.ɛk,ɛʃɛk,ɛʃɛk,ɛʃɛk,ɛʃɛk
ɛʃ.ɛb,ɛʃ.ɛb,ɛʃɛb,ɛʃɛb,ɛʃɛb,ɛʃɛb
ɛʃ.ɛd,ɛʃ.ɛd,ɛʃɛd,ɛʃɛd,ɛʃɛd,ɛʃɛd
ɛʃ.ɛg,ɛʃ.ɛg,ɛʃɛg,ɛʃɛg,ɛʃɛg,ɛʃɛg
ɛʃ.ɛf,ɛʃ.ɛf,ɛʃɛf,ɛʃɛf,ɛʃɛf,ɛʃɛf
ɛʃ.ɛs,ɛʃ.ɛs,ɛʃɛs,ɛʃɛs,ɛʃɛs,ɛʃɛs
ɛʃ.ɛv,ɛʃ.ɛv,ɛʃɛv,ɛʃɛv,ɛʃɛv,ɛʃɛv
ɛʃ.ɛz,ɛʃ.ɛz,ɛʃɛz,ɛʃɛz,ɛʃɛz,ɛʃɛz
ɛʃ.ɛʃ,ɛʃ.ɛʃ,ɛʃɛʃ,ɛʃɛʃ,ɛʃɛʃ,ɛʃɛʃ
ɛʃ.ɛʒ,ɛʃ.ɛʒ,ɛʃɛʒ,ɛʃɛʒ,ɛʃɛʒ,ɛʃɛʒ
ɛʃ.ɛθ,ɛʃ.ɛθ,ɛʃɛθ,ɛʃɛθ,ɛʃɛθ,ɛʃɛθ
ɛʃ.ɛð,ɛʃ.ɛð,ɛʃɛð,ɛʃɛð,ɛʃɛð,ɛʃɛð
ɛʃ.ʊm,ɛʃ.ʊm,ɛʃʊm,ɛʃʊm,ɛʃʊm,ɛʃʊm
ɛʃ.ʊn,ɛʃ.ʊn,ɛʃʊn,ɛʃʊn,ɛʃʊn,ɛʃʊn
ɛʃ.ʊŋ,ɛʃ.ʊŋ,ɛʃʊŋ,ɛʃʊŋ,ɛʃʊŋ,ɛʃʊŋ
ɛʃ.ʊp,ɛʃ.ʊp,ɛʃʊp,ɛʃʊp,ɛʃʊp,ɛʃʊp
ɛʃ.ʊt,ɛʃ.ʊt,ɛʃʊt,ɛʃʊt,ɛʃʊt,ɛʃʊt
ɛʃ.ʊk,ɛʃ.ʊk,ɛʃʊk,ɛʃʊk,ɛʃʊk,ɛʃʊk
ɛʃ.ʊb,ɛʃ.ʊb,ɛʃʊb,ɛʃʊb,ɛʃʊb,ɛʃʊb
ɛʃ.ʊd,ɛʃ.ʊd,ɛʃʊd,ɛʃʊd,ɛʃʊd,ɛʃʊd
ɛʃ.ʊg,ɛʃ.ʊg,ɛʃʊg,ɛʃʊg,ɛʃʊg,ɛʃʊg
ɛʃ.ʊf,ɛʃ.ʊf,ɛʃʊf,ɛʃʊf,ɛʃʊf,ɛʃʊf
ɛʃ.ʊs,ɛʃ.ʊs,ɛʃʊs,ɛʃʊs,ɛʃʊs,ɛʃʊs
ɛʃ.ʊv,ɛʃ.ʊv,ɛʃʊv,ɛʃʊv,ɛʃʊv,ɛʃʊv
ɛʃ.ʊz,ɛʃ.ʊz,ɛʃʊz,ɛʃʊz,ɛʃʊz,ɛʃʊz
ɛʃ.ʊʃ,ɛʃ.ʊʃ,ɛʃʊʃ,ɛʃʊʃ,ɛʃʊʃ,ɛʃʊʃ
ɛʃ.ʊʒ,ɛʃ.ʊʒ,ɛʃʊʒ,ɛʃʊʒ,ɛʃʊʒ,ɛʃʊʒ
ɛʃ.ʊθ,ɛʃ.ʊθ,ɛʃʊθ,ɛʃʊθ,ɛʃʊθ,ɛʃʊθ
ɛʃ.ʊð,ɛʃ.ʊð,ɛʃʊð,ɛʃʊð,ɛʃʊð,ɛʃʊð
ɛʃ.ɔm,ɛʃ.ɔm,ɛʃɔm,ɛʃɔm,ɛʃɔm,ɛʃɔm
ɛʃ.ɔn,ɛʃ.ɔn,ɛʃɔn,ɛʃɔn,ɛʃɔn,ɛʃɔn
ɛʃ.ɔŋ,ɛʃ.ɔŋ,ɛʃɔŋ,ɛʃɔŋ,ɛʃɔŋ,ɛʃɔŋ
ɛʃ.ɔp,ɛʃ.ɔp,ɛʃɔp,ɛʃɔp,ɛʃɔp,ɛʃɔp
ɛʃ.ɔt,ɛʃ.ɔt,ɛʃɔt,ɛʃɔt,ɛʃɔt,ɛʃɔt
ɛʃ.ɔk,ɛʃ.ɔk,ɛʃɔk,ɛʃɔk,ɛʃɔk,ɛʃɔk
ɛʃ.ɔb,ɛʃ.ɔb,ɛʃɔb,ɛʃɔb,ɛʃɔb,ɛʃɔb
ɛʃ.ɔd,ɛʃ.ɔd,ɛʃɔd,ɛʃɔd,ɛʃɔd,ɛʃɔd
ɛʃ.ɔg,ɛʃ.ɔg,ɛʃɔg,ɛʃɔg,ɛʃɔg,ɛʃɔg
ɛʃ.ɔf,ɛʃ.ɔf,ɛʃɔf,ɛʃɔf,ɛʃɔf,ɛʃɔf
ɛʃ.ɔs,ɛʃ.ɔs,ɛʃɔs,ɛʃɔs,ɛʃɔs,ɛʃɔs
ɛʃ.ɔv,ɛʃ.ɔv,ɛʃɔv,ɛʃɔv,ɛʃɔv,ɛʃɔv
ɛʃ.ɔz,ɛʃ.ɔz,ɛʃɔz,ɛʃɔz,ɛʃɔz,ɛʃɔz
ɛʃ.ɔʃ,ɛʃ.ɔʃ,ɛʃɔʃ,ɛʃɔʃ,ɛʃɔʃ,ɛʃɔʃ
ɛʃ.ɔʒ,ɛʃ.ɔʒ,ɛʃɔʒ,ɛʃɔʒ,ɛʃɔʒ,ɛʃɔʒ
ɛʃ.ɔθ,ɛʃ.ɔθ,ɛʃɔθ,ɛʃɔθ,ɛʃɔθ,ɛʃɔθ
ɛʃ.ɔð,ɛʃ.ɔð,ɛʃɔð,ɛʃɔð,ɛʃɔð,ɛʃɔð
ɛʒ.ɪm,ɛʒ.ɪm,ɛʒɪm,ɛʒɪm,ɛʒɪm,ɛʒɪm
ɛʒ.ɪn,ɛʒ.ɪn,ɛʒɪn,ɛʒɪn,ɛʒɪn,ɛʒɪn
ɛʒ.ɪŋ,ɛʒ.ɪŋ,ɛʒɪŋ,ɛʒɪŋ,ɛʒɪŋ,ɛʒɪŋ
ɛʒ.ɪp,ɛʒ.ɪp,ɛʒɪp,ɛʒɪp,ɛʒɪp,ɛʒɪp
ɛʒ.ɪt,ɛʒ.ɪt,ɛʒɪt,ɛʒɪt,ɛʒɪt,ɛʒɪt
ɛʒ.ɪk,ɛʒ.ɪk,ɛʒɪk,ɛʒɪk,ɛʒɪk,ɛʒɪk
ɛʒ.ɪb,ɛʒ.ɪb,ɛʒɪb,ɛʒɪb,ɛʒɪb,ɛʒɪb
ɛʒ.ɪd,ɛʒ.ɪd,ɛʒɪd,ɛʒɪd,ɛʒɪd,ɛʒɪd
ɛʒ.ɪg,ɛʒ.ɪg,ɛʒɪg,ɛʒɪg,ɛʒɪg,ɛʒɪg
ɛʒ.ɪf,ɛʒ.ɪf,ɛʒɪf,ɛʒɪf,ɛʒɪf,ɛʒɪf
ɛʒ.ɪs,ɛʒ.ɪs,ɛʒɪs,ɛʒɪs,ɛʒɪs,ɛʒɪs
ɛʒ.ɪv,ɛʒ.ɪv,ɛʒɪv,ɛʒɪv,ɛʒɪv,ɛʒɪv
ɛʒ.ɪz,ɛʒ.ɪz,ɛʒɪz,ɛʒɪz,ɛʒɪz,ɛʒɪz
ɛʒ.ɪʃ,ɛʒ.ɪʃ,ɛʒɪʃ,ɛʒɪʃ,ɛʒɪʃ,ɛʒɪʃ
ɛʒ.ɪʒ,ɛʒ.ɪʒ,ɛʒɪʒ,ɛʒɪʒ,ɛʒɪʒ,ɛʒɪʒ
ɛʒ.ɪθ,ɛʒ.ɪθ,ɛʒɪθ,ɛʒɪθ,ɛʒɪθ,ɛʒɪθ
ɛʒ.ɪð,ɛʒ.ɪð,ɛʒɪð,ɛʒɪð,ɛʒɪð,ɛʒɪð
ɛʒ.ɛm,ɛʒ.ɛm,ɛʒɛm,ɛʒɛm,ɛʒɛm,ɛʒɛm
ɛʒ.ɛn,ɛʒ.ɛn,ɛʒɛn,ɛʒɛn,ɛʒɛn,ɛʒɛn
ɛʒ.ɛŋ,ɛʒ.ɛŋ,ɛʒɛŋ,ɛʒɛŋ,ɛʒɛŋ,ɛʒɛŋ
ɛʒ.ɛp,ɛʒ.ɛp,ɛʒɛp,ɛʒɛp,ɛʒɛp,ɛʒɛp
ɛʒ.ɛt,ɛʒ.ɛt,ɛʒɛt,ɛʒɛt,ɛʒɛt,ɛʒɛt
ɛʒ.ɛk,ɛʒ.ɛk,ɛʒɛk,ɛʒɛk,ɛʒɛk,ɛʒɛk
ɛʒ.ɛb,ɛʒ.ɛb,ɛʒɛb,ɛʒɛb,ɛʒɛb,ɛʒɛb
ɛʒ.ɛd,ɛʒ.ɛd,ɛʒɛd,ɛʒɛd,ɛʒɛd,ɛʒɛd
ɛʒ.ɛg,ɛʒ.ɛg,ɛʒɛg,ɛʒɛg,ɛʒɛg,ɛʒɛg
ɛʒ.ɛf,ɛʒ.ɛf,ɛʒɛf,ɛʒɛf,ɛʒɛf,ɛʒɛf
ɛʒ.ɛs,ɛʒ.ɛs,ɛʒɛs,ɛʒɛs,ɛʒɛs,ɛʒɛs
ɛʒ.ɛv,ɛʒ.ɛv,ɛʒɛv,ɛʒɛv,ɛʒɛv,ɛʒɛv
ɛʒ.ɛz,ɛʒ.ɛz,ɛʒɛz,ɛʒɛz,ɛʒɛz,ɛʒɛz
ɛʒ.ɛʃ,ɛʒ.ɛʃ,ɛʒɛʃ,ɛʒɛʃ,ɛʒɛʃ,ɛʒɛʃ
ɛʒ.ɛʒ,ɛʒ.ɛʒ,ɛʒɛʒ,ɛʒɛʒ,ɛʒɛʒ,ɛʒɛʒ
ɛʒ.ɛθ,ɛʒ.ɛθ,ɛʒɛθ,ɛʒɛθ,ɛʒɛθ,ɛʒɛθ
ɛʒ.ɛð,ɛʒ.ɛð,ɛʒɛð,ɛʒɛð,ɛʒɛð,ɛʒɛð
ɛʒ.ʊm,ɛʒ.ʊm,ɛʒʊm,ɛʒʊm,ɛʒʊm,ɛʒʊm
ɛʒ.ʊn,ɛʒ.ʊn,ɛʒʊn,ɛʒʊn,ɛʒʊn,ɛʒʊn
ɛʒ.ʊŋ,ɛʒ.ʊŋ,ɛʒʊŋ,ɛʒʊŋ,ɛʒʊŋ,ɛʒʊŋ
ɛʒ.ʊp,ɛʒ.ʊp,ɛʒʊp,ɛʒʊp,ɛʒʊp,ɛʒʊp
ɛʒ.ʊt,ɛʒ.ʊt,ɛʒʊt,ɛʒʊt,ɛʒʊt,ɛʒʊt
ɛʒ.ʊk,ɛʒ.ʊk,ɛʒʊk,ɛʒʊk,ɛʒʊk,ɛʒʊk
ɛʒ.ʊb,ɛʒ.ʊb,ɛʒʊb,ɛʒʊb,ɛʒʊb,ɛʒʊb
ɛʒ.ʊd,ɛʒ.ʊd,ɛʒʊd,ɛʒʊd,ɛʒʊd,ɛʒʊd
ɛʒ.ʊg,ɛʒ.ʊg,ɛʒʊg,ɛʒʊg,ɛʒʊg,ɛʒʊg
ɛʒ.ʊf,ɛʒ.ʊf,ɛʒʊf,ɛʒʊf,ɛʒʊf,ɛʒʊf
ɛʒ.ʊs,ɛʒ.ʊs,ɛʒʊs,ɛʒʊs,ɛʒʊs,ɛʒʊs
ɛʒ.ʊv,ɛʒ.ʊv,ɛʒʊv,ɛʒʊv,ɛʒʊv,ɛʒʊv
ɛʒ.ʊz,ɛʒ.ʊz,ɛʒʊz,ɛʒʊz,ɛʒʊz,ɛʒʊz
ɛʒ.ʊʃ,ɛʒ.ʊʃ,ɛʒʊʃ,ɛʒʊʃ,ɛʒʊʃ,ɛʒʊʃ
ɛʒ.ʊʒ,ɛʒ.ʊʒ,ɛʒʊʒ,ɛʒʊʒ,ɛʒʊʒ,ɛʒʊʒ
ɛʒ.ʊθ,ɛʒ.ʊθ,ɛʒʊθ,ɛʒʊθ,ɛʒʊθ,ɛʒʊθ
ɛʒ.ʊð,ɛʒ.ʊð,ɛʒʊð,ɛʒʊð,ɛʒʊð,ɛʒʊð
ɛʒ.ɔm,ɛʒ.ɔm,ɛʒɔm,ɛʒɔm,ɛʒɔm,ɛʒɔm
ɛʒ.ɔn,ɛʒ.ɔn,ɛʒɔn,ɛʒɔn,ɛʒɔn,ɛʒɔn
ɛʒ.ɔŋ,ɛʒ.ɔŋ,ɛʒɔŋ,ɛʒɔŋ,ɛʒɔŋ,ɛʒɔŋ
ɛʒ.ɔp,ɛʒ.ɔp,ɛʒɔp,ɛʒɔp,ɛʒɔp,ɛʒɔp
ɛʒ.ɔt,ɛʒ.ɔt,ɛʒɔt,ɛʒɔt,ɛʒɔt,ɛʒɔt
ɛʒ.ɔk,ɛʒ.ɔk,ɛʒɔk,ɛʒɔk,ɛʒɔk,ɛʒɔk
ɛʒ.ɔb,ɛʒ.ɔb,ɛʒɔb,ɛʒɔb,ɛʒɔb,ɛʒɔb
ɛʒ.ɔd,ɛʒ.ɔd,ɛʒɔd,ɛʒɔd,ɛʒɔd,ɛʒɔd
ɛʒ.ɔg,ɛʒ.ɔg,ɛʒɔg,ɛʒɔg,ɛʒɔg,ɛʒɔg
ɛʒ.ɔf,ɛʒ.ɔf,ɛʒɔf,ɛʒɔf,ɛʒɔf,ɛʒɔf
ɛʒ.ɔs,ɛʒ.ɔs,ɛʒɔs,ɛʒɔs,ɛʒɔs,ɛʒɔs
ɛʒ.ɔv,ɛʒ.ɔv,ɛʒɔv,ɛʒɔv,ɛʒɔv,ɛʒɔv
ɛʒ.ɔz,ɛʒ.ɔz,ɛʒɔz,ɛʒɔz,ɛʒɔz,ɛʒɔz
ɛʒ.ɔʃ,ɛʒ.ɔʃ,ɛʒɔʃ,ɛʒɔʃ,ɛʒɔʃ,ɛʒɔʃ
ɛʒ.ɔʒ,ɛʒ.ɔʒ,ɛʒɔʒ,ɛʒɔʒ,ɛʒɔʒ,ɛʒɔʒ
ɛʒ.ɔθ,ɛʒ.ɔθ,ɛʒɔθ,ɛʒɔθ,ɛʒɔθ,ɛʒɔθ
ɛʒ.ɔð,ɛʒ.ɔð,ɛʒɔð,ɛʒɔð,ɛʒɔð,ɛʒɔð
ɛθ.ɪm,ɛθ.ɪm,ɛθɪm,ɛθɪm,ɛθɪm,ɛθɪm
ɛθ.ɪn,ɛθ.ɪn,ɛθɪn,ɛθɪn,ɛθɪn,ɛθɪn
ɛθ.ɪŋ,ɛθ.ɪŋ,ɛθɪŋ,ɛθɪŋ,ɛθɪŋ,ɛθɪŋ
ɛθ.ɪp,ɛθ.ɪp,ɛθɪp,ɛθɪp,ɛθɪp,ɛθɪp
ɛθ.ɪt,ɛθ.ɪt,ɛθɪt,ɛθɪt,ɛθɪt,ɛθɪt
ɛθ.ɪk,ɛθ.ɪk,ɛθɪk,ɛθɪk,ɛθɪk,ɛθɪk
ɛθ.ɪb,ɛθ.ɪb,ɛθɪb,ɛθɪb,ɛθɪb,ɛθɪb
ɛθ.ɪd,ɛθ.ɪd,ɛθɪd,ɛθɪd,ɛθɪd,ɛθɪd
ɛθ.ɪg,ɛθ.ɪg,ɛθɪg,ɛθɪg,ɛθɪg,ɛθɪg
ɛθ.ɪf,ɛθ.ɪf,ɛθɪf,ɛθɪf,ɛθɪf,ɛθɪf
ɛθ.ɪs,ɛθ.ɪs,ɛθɪs,ɛθɪs,ɛθɪs,ɛθɪs
ɛθ.ɪv,ɛθ.ɪv,ɛθɪv,ɛθɪv,ɛθɪv,ɛθɪv
ɛθ.ɪz,ɛθ.ɪz,ɛθɪz,ɛθɪz,ɛθɪz,ɛθɪz
ɛθ.ɪʃ,ɛθ.ɪʃ,ɛθɪʃ,ɛθɪʃ,ɛθɪʃ,ɛθɪʃ
ɛθ.ɪʒ,ɛθ.ɪʒ,ɛθɪʒ,ɛθɪʒ,ɛθɪʒ,ɛθɪʒ
ɛθ.ɪθ,ɛθ.ɪθ,ɛθɪθ,ɛθɪθ,ɛθɪθ,ɛθɪθ
ɛθ.ɪð,ɛθ.ɪð,ɛθɪð,ɛθɪð,ɛθɪð,ɛθɪð
ɛθ.ɛm,ɛθ.ɛm,ɛθɛm,ɛθɛm,ɛθɛm,ɛθɛm
ɛθ.ɛn,ɛθ.ɛn,ɛθɛn,ɛθɛn,ɛθɛn,ɛθɛn
ɛθ.ɛŋ,ɛθ.ɛŋ,ɛθɛŋ,ɛθɛŋ,ɛθɛŋ,ɛθɛŋ
ɛθ.ɛp,ɛθ.ɛp,ɛθɛp,ɛθɛp,ɛθɛp,ɛθɛp
ɛθ.ɛt,ɛθ.ɛt,ɛθɛt,ɛθɛt,ɛθɛt,ɛθɛt
ɛθ.ɛk,ɛθ.ɛk,ɛθɛk,ɛθɛk,ɛθɛk,ɛθɛk
ɛθ.ɛb,ɛθ.ɛb,ɛθɛb,ɛθɛb,ɛθɛb,ɛθɛb
ɛθ.ɛd,ɛθ.ɛd,ɛθɛd,ɛθɛd,ɛθɛd,ɛθɛd
ɛθ.ɛg,ɛθ.ɛg,ɛθɛg,ɛθɛg,ɛθɛg,ɛθɛg
ɛθ.ɛf,ɛθ.ɛf,ɛθɛf,ɛθɛf,ɛθɛf,ɛθɛf
ɛθ.ɛs,ɛθ.ɛs,ɛθɛs,ɛθɛs,ɛθɛs,ɛθɛs
ɛθ.ɛv,ɛθ.ɛv,ɛθɛv,ɛθɛv,ɛθɛv,ɛθɛv
ɛθ.ɛz,ɛθ.ɛz,ɛθɛz,ɛθɛz,ɛθɛz,ɛθɛz
ɛθ.ɛʃ,ɛθ.ɛʃ,ɛθɛʃ,ɛθɛʃ,ɛθɛʃ,ɛθɛʃ
ɛθ.ɛʒ,ɛθ.ɛʒ,ɛθɛʒ,ɛθɛʒ,ɛθɛʒ,ɛθɛʒ
ɛθ.ɛθ,ɛθ.ɛθ,ɛθɛθ,ɛθɛθ,ɛθɛθ,ɛθɛθ
ɛθ.ɛð,ɛθ.ɛð,ɛθɛð,ɛθɛð,ɛθɛð,ɛθɛð
ɛθ.ʊm,ɛθ.ʊm,ɛθʊm,ɛθʊm,ɛθʊm,ɛθʊm
ɛθ.ʊn,ɛθ.ʊn,ɛθʊn,ɛθʊn,ɛθʊn,ɛθʊn
ɛθ.ʊŋ,ɛθ.ʊŋ,ɛθʊŋ,ɛθʊŋ,ɛθʊŋ,ɛθʊŋ
ɛθ.ʊp,ɛθ.ʊp,ɛθʊp,ɛθʊp,ɛθʊp,ɛθʊp
ɛθ.ʊt,ɛθ.ʊt,ɛθʊt,ɛθʊt,ɛθʊt,ɛθʊt
ɛθ.ʊk,ɛθ.ʊk,ɛθʊk,ɛθʊk,ɛθʊk,ɛθʊk
ɛθ.ʊb,ɛθ.ʊb,ɛθʊb,ɛθʊb,ɛθʊb,ɛθʊb
ɛθ.ʊd,ɛθ.ʊd,ɛθʊd,ɛθʊd,ɛθʊd,ɛθʊd
ɛθ.ʊg,ɛθ.ʊg,ɛθʊg,ɛθʊg,ɛθʊg,ɛθʊg
ɛθ.ʊf,ɛθ.ʊf,ɛθʊf,ɛθʊf,ɛθʊf,ɛθʊf
ɛθ.ʊs,ɛθ.ʊs,ɛθʊs,ɛθʊs,ɛθʊs,ɛθʊs
ɛθ.ʊv,ɛθ.ʊv,ɛθʊv,ɛθʊv,ɛθʊv,ɛθʊv
ɛθ.ʊz,ɛθ.ʊz,ɛθʊz,ɛθʊz,ɛθʊz,ɛθʊz
ɛθ.ʊʃ,ɛθ.ʊʃ,ɛθʊʃ,ɛθʊʃ,ɛθʊʃ,ɛθʊʃ
ɛθ.ʊʒ,ɛθ.ʊʒ,ɛθʊʒ,ɛθʊʒ,ɛθʊʒ,ɛθʊʒ
ɛθ.ʊθ,ɛθ.ʊθ,ɛθʊθ,ɛθʊθ,ɛθʊθ,ɛθʊθ
ɛθ.ʊð,ɛθ.ʊð,ɛθʊð,ɛθʊð,ɛθʊð,ɛθʊð
ɛθ.ɔm,ɛθ.ɔm,ɛθɔm,ɛθɔm,ɛθɔm,ɛθɔm
ɛθ.ɔn,ɛθ.ɔn,ɛθɔn,ɛθɔn,ɛθɔn,ɛθɔn
ɛθ.ɔŋ,ɛθ.ɔŋ,ɛθɔŋ,ɛθɔŋ,ɛθɔŋ,ɛθɔŋ
ɛθ.ɔp,ɛθ.ɔp,ɛθɔp,ɛθɔp,ɛθɔp,ɛθɔp
ɛθ.ɔt,ɛθ.ɔt,ɛθɔt,ɛθɔt,ɛθɔt,ɛθɔt
ɛθ.ɔk,ɛθ.ɔk,ɛθɔk,ɛθɔk,ɛθɔk,ɛθɔk
ɛθ.ɔb,ɛθ.ɔb,ɛθɔb,ɛθɔb,ɛθɔb,ɛθɔb
ɛθ.ɔd,ɛθ.ɔd,ɛθɔd,ɛθɔd,ɛθɔd,ɛθɔd
ɛθ.ɔg,ɛθ.ɔg,ɛθɔg,ɛθɔg,ɛθɔg,ɛθɔg
ɛθ.ɔf,ɛθ.ɔf,ɛθɔf,ɛθɔf,ɛθɔf,ɛθɔf
ɛθ.ɔs,ɛθ.ɔs,ɛθɔs,ɛθɔs,ɛθɔs,ɛθɔs
ɛθ.ɔv,ɛθ.ɔv,ɛθɔv,ɛθɔv,ɛθɔv,ɛθɔv
ɛθ.ɔz,ɛθ.ɔz,ɛθɔz,ɛθɔz,ɛθɔz,ɛθɔz
ɛθ.ɔʃ,ɛθ.ɔʃ,ɛθɔʃ,ɛθɔʃ,ɛθɔʃ,ɛθɔʃ
ɛθ.ɔʒ,ɛθ.ɔʒ,ɛθɔʒ,ɛθɔʒ,ɛθɔʒ,ɛθɔʒ
ɛθ.ɔθ,ɛθ.ɔθ,ɛθɔθ,ɛθɔθ,ɛθɔθ,ɛθɔθ
ɛθ.ɔð,ɛθ.ɔð,ɛθɔð,ɛθɔð,ɛθɔð,ɛθɔð
ɛð.ɪm,ɛð.ɪm,ɛðɪm,ɛðɪm,ɛðɪm,ɛðɪm
ɛð.ɪn,ɛð.ɪn,ɛðɪn,ɛðɪn,ɛðɪn,ɛðɪn
ɛð.ɪŋ,ɛð.ɪŋ,ɛðɪŋ,ɛðɪŋ,ɛðɪŋ,ɛðɪŋ
ɛð.ɪp,ɛð.ɪp,ɛðɪp,ɛðɪp,ɛðɪp,ɛðɪp
ɛð.ɪt,ɛð.ɪt,ɛðɪt,ɛðɪt,ɛðɪt,ɛðɪt
ɛð.ɪk,ɛð.ɪk,ɛðɪk,ɛðɪk,ɛðɪk,ɛðɪk
ɛð.ɪb,ɛð.ɪb,ɛðɪb,ɛðɪb,ɛðɪb,ɛðɪb
ɛð.ɪd,ɛð.ɪd,ɛðɪd,ɛðɪd,ɛðɪd,ɛðɪd
ɛð.ɪg,ɛð.ɪg,ɛðɪg,ɛðɪg,ɛðɪg,ɛðɪg
ɛð.ɪf,ɛð.ɪf,ɛðɪf,ɛðɪf,ɛðɪf,ɛðɪf
ɛð.ɪs,ɛð.ɪs,ɛðɪs,ɛðɪs,ɛðɪs,ɛðɪs
ɛð.ɪv,ɛð.ɪv,ɛðɪv,ɛðɪv,ɛðɪv,ɛðɪv
ɛð.ɪz,ɛð.ɪz,ɛðɪz,ɛðɪz,ɛðɪz,ɛðɪz
ɛð.ɪʃ,ɛð.ɪʃ,ɛðɪʃ,ɛðɪʃ,ɛðɪʃ,ɛðɪʃ
ɛð.ɪʒ,ɛð.ɪʒ,ɛðɪʒ,ɛðɪʒ,ɛðɪʒ,ɛðɪʒ
ɛð.ɪθ,ɛð.ɪθ,ɛðɪθ,ɛðɪθ,ɛðɪθ,ɛðɪθ
ɛð.ɪð,ɛð.ɪð,ɛðɪð,ɛðɪð,ɛðɪð,ɛðɪð
ɛð.ɛm,ɛð.ɛm,ɛðɛm,ɛðɛm,ɛðɛm,ɛðɛm
ɛð.ɛn,ɛð.ɛn,ɛðɛn,ɛðɛn,ɛðɛn,ɛðɛn
ɛð.ɛŋ,ɛð.ɛŋ,ɛðɛŋ,ɛðɛŋ,ɛðɛŋ,ɛðɛŋ
ɛð.ɛp,ɛð.ɛp,ɛðɛp,ɛðɛp,ɛðɛp,ɛðɛp
ɛð.ɛt,ɛð.ɛt,ɛðɛt,ɛðɛt,ɛðɛt,ɛðɛt
ɛð.ɛk,ɛð.ɛk,ɛðɛk,ɛðɛk,ɛðɛk,ɛðɛk
ɛð.ɛb,ɛð.ɛb,ɛðɛb,ɛðɛb,ɛðɛb,ɛðɛb
ɛð.ɛd,ɛð.ɛd,ɛðɛd,ɛðɛd,ɛðɛd,ɛðɛd
ɛð.ɛg,ɛð.ɛg,ɛðɛg,ɛðɛg,ɛðɛg,ɛðɛg
ɛð.ɛf,ɛð.ɛf,ɛðɛf,ɛðɛf,ɛðɛf,ɛðɛf
ɛð.ɛs,ɛð.ɛs,ɛðɛs,ɛðɛs,ɛðɛs,ɛðɛs
ɛð.ɛv,ɛð.ɛv,ɛðɛv,ɛðɛv,ɛðɛv,ɛðɛv
ɛð.ɛz,ɛð.ɛz,ɛðɛz,ɛðɛz,ɛðɛz,ɛðɛz
ɛð.ɛʃ,ɛð.ɛʃ,ɛðɛʃ,ɛðɛʃ,ɛðɛʃ,ɛðɛʃ
ɛð.ɛʒ,ɛð.ɛʒ,ɛðɛʒ,ɛðɛʒ,ɛðɛʒ,ɛðɛʒ
ɛð.ɛθ,ɛð.ɛθ,ɛðɛθ,ɛðɛθ,ɛðɛθ,ɛðɛθ
ɛð.ɛð,ɛð.ɛð,ɛðɛð,ɛðɛð,ɛðɛð,ɛðɛð
ɛð.ʊm,ɛð.ʊm,ɛðʊm,ɛðʊm,ɛðʊm,ɛðʊm
ɛð.ʊn,ɛð.ʊn,ɛðʊn,ɛðʊn,ɛðʊn,ɛðʊn
ɛð.ʊŋ,ɛð.ʊŋ,ɛðʊŋ,ɛðʊŋ,ɛðʊŋ,ɛðʊŋ
ɛð.ʊp,ɛð.ʊp,ɛðʊp,ɛðʊp,ɛðʊp,ɛðʊp
ɛð.ʊt,ɛð.ʊt,ɛðʊt,ɛðʊt,ɛðʊt,ɛðʊt
ɛð.ʊk,ɛð.ʊk,ɛðʊk,ɛðʊk,ɛðʊk,ɛðʊk
ɛð.ʊb,ɛð.ʊb,ɛðʊb,ɛðʊb,ɛðʊb,ɛðʊb
ɛð.ʊd,ɛð.ʊd,ɛðʊd,ɛðʊd,ɛðʊd,ɛðʊd
ɛð.ʊg,ɛð.ʊg,ɛðʊg,ɛðʊg,ɛðʊg,ɛðʊg
ɛð.ʊf,ɛð.ʊf,ɛðʊf,ɛðʊf,ɛðʊf,ɛðʊf
ɛð.ʊs,ɛð.ʊs,ɛðʊs,ɛðʊs,ɛðʊs,ɛðʊs
ɛð.ʊv,ɛð.ʊv,ɛðʊv,ɛðʊv,ɛðʊv,ɛðʊv
ɛð.ʊz,ɛð.ʊz,ɛðʊz,ɛðʊz,ɛðʊz,ɛðʊz
ɛð.ʊʃ,ɛð.ʊʃ,ɛðʊʃ,ɛðʊʃ,ɛðʊʃ,ɛðʊʃ
ɛð.ʊʒ,ɛð.ʊʒ,ɛðʊʒ,ɛðʊʒ,ɛðʊʒ,ɛðʊʒ
ɛð.ʊθ,ɛð.ʊθ,ɛðʊθ,ɛðʊθ,ɛðʊθ,ɛðʊθ
ɛð.ʊð,ɛð.ʊð,ɛðʊð,ɛðʊð,ɛðʊð,ɛðʊð
ɛð.ɔm,ɛð.ɔm,ɛðɔm,ɛðɔm,ɛðɔm,ɛðɔm
ɛð.ɔn,ɛð.ɔn,ɛðɔn,ɛðɔn,ɛðɔn,ɛðɔn
ɛð.ɔŋ,ɛð.ɔŋ,ɛðɔŋ,ɛðɔŋ,ɛðɔŋ,ɛðɔŋ
ɛð.ɔp,ɛð.ɔp,ɛðɔp,ɛðɔp,ɛðɔp,ɛðɔp
ɛð.ɔt,ɛð.ɔt,ɛðɔt,ɛðɔt,ɛðɔt,ɛðɔt
ɛð.ɔk,ɛð.ɔk,ɛðɔk,ɛðɔk,ɛðɔk,ɛðɔk
ɛð.ɔb,ɛð.ɔb,ɛðɔb,ɛðɔb,ɛðɔb,ɛðɔb
ɛð.ɔd,ɛð.ɔd,ɛðɔd,ɛðɔd,ɛðɔd,ɛðɔd
ɛð.ɔg,ɛð.ɔg,ɛðɔg,ɛðɔg,ɛðɔg,ɛðɔg
ɛð.ɔf,ɛð.ɔf,ɛðɔf,ɛðɔf,ɛðɔf,ɛðɔf
ɛð.ɔs,ɛð.ɔs,ɛðɔs,ɛðɔs,ɛðɔs,ɛðɔs
ɛð.ɔv,ɛð.ɔv,ɛðɔv,ɛðɔv,ɛðɔv,ɛðɔv
ɛð.ɔz,ɛð.ɔz,ɛðɔz,ɛðɔz,ɛðɔz,ɛðɔz
ɛð.ɔʃ,ɛð.ɔʃ,ɛðɔʃ,ɛðɔʃ,ɛðɔʃ,ɛðɔʃ
ɛð.ɔʒ,ɛð.ɔʒ,ɛðɔʒ,ɛðɔʒ,ɛðɔʒ,ɛðɔʒ
ɛð.ɔθ,ɛð.ɔθ,ɛðɔθ,ɛðɔθ,ɛðɔθ,ɛðɔθ
ɛð.ɔð,ɛð.ɔð,ɛðɔð,ɛðɔð,ɛðɔð,ɛðɔð
ʊm.ɪm,ʊm.ɪm,ʊmɪm,ʊmɪm,ʊmɪm,ʊmɪm
ʊm.ɪn,ʊm.ɪn,ʊmɪn,ʊmɪn,ʊmɪn,ʊmɪn
ʊm.ɪŋ,ʊm.ɪŋ,ʊmɪŋ,ʊmɪŋ,ʊmɪŋ,ʊmɪŋ
ʊm.ɪp,ʊm.ɪp,ʊmɪp,ʊmɪp,ʊmɪp,ʊmɪp
ʊm.ɪt,ʊm.ɪt,ʊmɪt,ʊmɪt,ʊmɪt,ʊmɪt
ʊm.ɪk,ʊm.ɪk,ʊmɪk,ʊmɪk,ʊmɪk,ʊmɪk
ʊm.ɪb,ʊm.ɪb,ʊmɪb,ʊmɪb,ʊmɪb,ʊmɪb
ʊm.ɪd,ʊm.ɪd,ʊmɪd,ʊmɪd,ʊmɪd,ʊmɪd
ʊm.ɪg,ʊm.ɪg,ʊmɪg,ʊmɪg,ʊmɪg,ʊmɪg
ʊm.ɪf,ʊm.ɪf,ʊmɪf,ʊmɪf,ʊmɪf,ʊmɪf
ʊm.ɪs,ʊm.ɪs,ʊmɪs,ʊmɪs,ʊmɪs,ʊmɪs
ʊm.ɪv,ʊm.ɪv,ʊmɪv,ʊmɪv,ʊmɪv,ʊmɪv
ʊm.ɪz,ʊm.ɪz,ʊmɪz,ʊmɪz,ʊmɪz,ʊmɪz
ʊm.ɪʃ,ʊm.ɪʃ,ʊmɪʃ,ʊmɪʃ,ʊmɪʃ,ʊmɪʃ
ʊm.ɪʒ,ʊm.ɪʒ,ʊmɪʒ,ʊmɪʒ,ʊmɪʒ,ʊmɪʒ
ʊm.ɪθ,ʊm.ɪθ,ʊmɪθ,ʊmɪθ,ʊmɪθ,ʊmɪθ
ʊm.ɪð,ʊm.ɪð,ʊmɪð,ʊmɪð,ʊmɪð,ʊmɪð
ʊm.ɛm,ʊm.ɛm,ʊmɛm,ʊmɛm,ʊmɛm,ʊmɛm
ʊm.ɛn,ʊm.ɛn,ʊmɛn,ʊmɛn,ʊmɛn,ʊmɛn
ʊm.ɛŋ,ʊm.ɛŋ,ʊmɛŋ,ʊmɛŋ,ʊmɛŋ,ʊmɛŋ
ʊm.ɛp,ʊm.ɛp,ʊmɛp,ʊmɛp,ʊmɛp,ʊmɛp
ʊm.ɛt,ʊm.ɛt,ʊmɛt,ʊmɛt,ʊmɛt,ʊmɛt
ʊm.ɛk,ʊm.ɛk,ʊmɛk,ʊmɛk,ʊmɛk,ʊmɛk
ʊm.ɛb,ʊm.ɛb,ʊmɛb,ʊmɛb,ʊmɛb,ʊmɛb
ʊm.ɛd,ʊm.ɛd,ʊmɛd,ʊmɛd,ʊmɛd,ʊmɛd
ʊm.ɛg,ʊm.ɛg,ʊmɛg,ʊmɛg,ʊmɛg,ʊmɛg
ʊm.ɛf,ʊm.ɛf,ʊmɛf,ʊmɛf,ʊmɛf,ʊmɛf
ʊm.ɛs,ʊm.ɛs,ʊmɛs,ʊmɛs,ʊmɛs,ʊmɛs
ʊm.ɛv,ʊm.ɛv,ʊmɛv,ʊmɛv,ʊmɛv,ʊmɛv
ʊm.ɛz,ʊm.ɛz,ʊmɛz,ʊmɛz,ʊmɛz,ʊmɛz
ʊm.ɛʃ,ʊm.ɛʃ,ʊmɛʃ,ʊmɛʃ,ʊmɛʃ,ʊmɛʃ
ʊm.ɛʒ,ʊm.ɛʒ,ʊmɛʒ,ʊmɛʒ,ʊmɛʒ,ʊmɛʒ
ʊm.ɛθ,ʊm.ɛθ,ʊmɛθ,ʊmɛθ,ʊmɛθ,ʊmɛθ
ʊm.ɛð,ʊm.ɛð,ʊmɛð,ʊmɛð,ʊmɛð,ʊmɛð
ʊm.ʊm,ʊm.ʊm,ʊmʊm,ʊmʊm,ʊmʊm,ʊmʊm
ʊm.ʊn,ʊm.ʊn,ʊmʊn,ʊmʊn,ʊmʊn,ʊmʊn
ʊm.ʊŋ,ʊm.ʊŋ,ʊmʊŋ,ʊmʊŋ,ʊmʊŋ,ʊmʊŋ
ʊm.ʊp,ʊm.ʊp,ʊmʊp,ʊmʊp,ʊmʊp,ʊmʊp
ʊm.ʊt,ʊm.ʊt,ʊmʊt,ʊmʊt,ʊmʊt,ʊmʊt
ʊm.ʊk,ʊm.ʊk,ʊmʊk,ʊmʊk,ʊmʊk,ʊmʊk
ʊm.ʊb,ʊm.ʊb,ʊmʊb,ʊmʊb,ʊmʊb,ʊmʊb
ʊm.ʊd,ʊm.ʊd,ʊmʊd,ʊmʊd,ʊmʊd,ʊmʊd
ʊm.ʊg,ʊm.ʊg,ʊmʊg,ʊmʊg,ʊmʊg,ʊmʊg
ʊm.ʊf,ʊm.ʊf,ʊmʊf,ʊmʊf,ʊmʊf,ʊmʊf
ʊm.ʊs,ʊm.ʊs,ʊmʊs,ʊmʊs,ʊmʊs,ʊmʊs
ʊm.ʊv,ʊm.ʊv,ʊmʊv,ʊmʊv,ʊmʊv,ʊmʊv
ʊm.ʊz,ʊm.ʊz,ʊmʊz,ʊmʊz,ʊmʊz,ʊmʊz
ʊm.ʊʃ,ʊm.ʊʃ,ʊmʊʃ,ʊmʊʃ,ʊmʊʃ,ʊmʊʃ
ʊm.ʊʒ,ʊm.ʊʒ,ʊmʊʒ,ʊmʊʒ,ʊmʊʒ,ʊmʊʒ
ʊm.ʊθ,ʊm.ʊθ,ʊmʊθ,ʊmʊθ,ʊmʊθ,ʊmʊθ
ʊm.ʊð,ʊm.ʊð,ʊmʊð,ʊmʊð,ʊmʊð,ʊmʊð
ʊm.ɔm,ʊm.ɔm,ʊmɔm,ʊmɔm,ʊmɔm,ʊmɔm
ʊm.ɔn,ʊm.ɔn,ʊmɔn,ʊmɔn,ʊmɔn,ʊmɔn
ʊm.ɔŋ,ʊm.ɔŋ,ʊmɔŋ,ʊmɔŋ,ʊmɔŋ,ʊmɔŋ
ʊm.ɔp,ʊm.ɔp,ʊmɔp,ʊmɔp,ʊmɔp,ʊmɔp
ʊm.ɔt,ʊm.ɔt,ʊmɔt,ʊmɔt,ʊmɔt,ʊmɔt
ʊm.ɔk,ʊm.ɔk,ʊmɔk,ʊmɔk,ʊmɔk,ʊmɔk
ʊm.ɔb,ʊm.ɔb,ʊmɔb,ʊmɔb,ʊmɔb,ʊmɔb
ʊm.ɔd,ʊm.ɔd,ʊmɔd,ʊmɔd,ʊmɔd,ʊmɔd
ʊm.ɔg,ʊm.ɔg,ʊmɔg,ʊmɔg,ʊmɔg,ʊmɔg
ʊm.ɔf,ʊm.ɔf,ʊmɔf,ʊmɔf,ʊmɔf,ʊmɔf
ʊm.ɔs,ʊm.ɔs,ʊmɔs,ʊmɔs,ʊmɔs,ʊmɔs
ʊm.ɔv,ʊm.ɔv,ʊmɔv,ʊmɔv,ʊmɔv,ʊmɔv
ʊm.ɔz,ʊm.ɔz,ʊmɔz,ʊmɔz,ʊmɔz,ʊmɔz
ʊm.ɔʃ,ʊm.ɔʃ,ʊmɔʃ,ʊmɔʃ,ʊmɔʃ,ʊmɔʃ
ʊm.ɔʒ,ʊm.ɔʒ,ʊmɔʒ,ʊmɔʒ,ʊmɔʒ,ʊmɔʒ
ʊm.ɔθ,ʊm.ɔθ,ʊmɔθ,ʊmɔθ,ʊmɔθ,ʊmɔθ
ʊm.ɔð,ʊm.ɔð,ʊmɔð,ʊmɔð,ʊmɔð,ʊmɔð
ʊn.ɪm,ʊn.ɪm,ʊnɪm,ʊnɪm,ʊnɪm,ʊnɪm
ʊn.ɪn,ʊn.ɪn,ʊnɪn,ʊnɪn,ʊnɪn,ʊnɪn
ʊn.ɪŋ,ʊn.ɪŋ,ʊnɪŋ,ʊnɪŋ,ʊnɪŋ,ʊnɪŋ
ʊn.ɪp,ʊn.ɪp,ʊnɪp,ʊnɪp,ʊnɪp,ʊnɪp
ʊn.ɪt,ʊn.ɪt,ʊnɪt,ʊnɪt,ʊnɪt,ʊnɪt
ʊn.ɪk,ʊn.ɪk,ʊnɪk,ʊnɪk,ʊnɪk,ʊnɪk
ʊn.ɪb,ʊn.ɪb,ʊnɪb,ʊnɪb,ʊnɪb,ʊnɪb
ʊn.ɪd,ʊn.ɪd,ʊnɪd,ʊnɪd,ʊnɪd,ʊnɪd
ʊn.ɪg,ʊn.ɪg,ʊnɪg,ʊnɪg,ʊnɪg,ʊnɪg
ʊn.ɪf,ʊn.ɪf,ʊnɪf,ʊnɪf,ʊnɪf,ʊnɪf
ʊn.ɪs,ʊn.ɪs,ʊnɪs,ʊnɪs,ʊnɪs,ʊnɪs
ʊn.ɪv,ʊn.ɪv,ʊnɪv,ʊnɪv,ʊnɪv,ʊnɪv
ʊn.ɪz,ʊn.ɪz,ʊnɪz,ʊnɪz,ʊnɪz,ʊnɪz
ʊn.ɪʃ,ʊn.ɪʃ,ʊnɪʃ,ʊnɪʃ,ʊnɪʃ,ʊnɪʃ
ʊn.ɪʒ,ʊn.ɪʒ,ʊnɪʒ,ʊnɪʒ,ʊnɪʒ,ʊnɪʒ
ʊn.ɪθ,ʊn.ɪθ,ʊnɪθ,ʊnɪθ,ʊnɪθ,ʊnɪθ
ʊn.ɪð,ʊn.ɪð,ʊnɪð,ʊnɪð,ʊnɪð,ʊnɪð
ʊn.ɛm,ʊn.ɛm,ʊnɛm,ʊnɛm,ʊnɛm,ʊnɛm
ʊn.ɛn,ʊn.ɛn,ʊnɛn,ʊnɛn,ʊnɛn,ʊnɛn
ʊn.ɛŋ,ʊn.ɛŋ,ʊnɛŋ,ʊnɛŋ,ʊnɛŋ,ʊnɛŋ
ʊn.ɛp,ʊn.ɛp,ʊnɛp,ʊnɛp,ʊnɛp,ʊnɛp
ʊn.ɛt,ʊn.ɛt,ʊnɛt,ʊnɛt,ʊnɛt,ʊnɛt
ʊn.ɛk,ʊn.ɛk,ʊnɛk,ʊnɛk,ʊnɛk,ʊnɛk
ʊn.ɛb,ʊn.ɛb,ʊnɛb,ʊnɛb,ʊnɛb,ʊnɛb
ʊn.ɛd,ʊn.ɛd,ʊnɛd,ʊnɛd,ʊnɛd,ʊnɛd
ʊn.ɛg,ʊn.ɛg,ʊnɛg,ʊnɛg,ʊnɛg,ʊnɛg
ʊn.ɛf,ʊn.ɛf,ʊnɛf,ʊnɛf,ʊnɛf,ʊnɛf
ʊn.ɛs,ʊn.ɛs,ʊnɛs,ʊnɛs,ʊnɛs,ʊnɛs
ʊn.ɛv,ʊn.ɛv,ʊnɛv,ʊnɛv,ʊnɛv,ʊnɛv
ʊn.ɛz,ʊn.ɛz,ʊnɛz,ʊnɛz,ʊnɛz,ʊnɛz
ʊn.ɛʃ,ʊn.ɛʃ,ʊnɛʃ,ʊnɛʃ,ʊnɛʃ,ʊnɛʃ
ʊn.ɛʒ,ʊn.ɛʒ,ʊnɛʒ,ʊnɛʒ,ʊnɛʒ,ʊnɛʒ
ʊn.ɛθ,ʊn.ɛθ,ʊnɛθ,ʊnɛθ,ʊnɛθ,ʊnɛθ
ʊn.ɛð,ʊn.ɛð,ʊnɛð,ʊnɛð,ʊnɛð,ʊnɛð
ʊn.ʊm,ʊn.ʊm,ʊnʊm,ʊnʊm,ʊnʊm,ʊnʊm
ʊn.ʊn,ʊn.ʊn,ʊnʊn,ʊnʊn,ʊnʊn,ʊnʊn
ʊn.ʊŋ,ʊn.ʊŋ,ʊnʊŋ,ʊnʊŋ,ʊnʊŋ,ʊnʊŋ
ʊn.ʊp,ʊn.ʊp,ʊnʊp,ʊnʊp,ʊnʊp,ʊnʊp
ʊn.ʊt,ʊn.ʊt,ʊnʊt,ʊnʊt,ʊnʊt,ʊnʊt
ʊn.ʊk,ʊn.ʊk,ʊnʊk,ʊnʊk,ʊnʊk,ʊnʊk
ʊn.ʊb,ʊn.ʊb,ʊnʊb,ʊnʊb,ʊnʊb,ʊnʊb
ʊn.ʊd,ʊn.ʊd,ʊnʊd,ʊnʊd,ʊnʊd,ʊnʊd
ʊn.ʊg,ʊn.ʊg,ʊnʊg,ʊnʊg,ʊnʊg,ʊnʊg
ʊn.ʊf,ʊn.ʊf,ʊnʊf,ʊnʊf,ʊnʊf,ʊnʊf
ʊn.ʊs,ʊn.ʊs,ʊnʊs,ʊnʊs,ʊnʊs,ʊnʊs
ʊn.ʊv,ʊn.ʊv,ʊnʊv,ʊnʊv,ʊnʊv,ʊnʊv
ʊn.ʊz,ʊn.ʊz,ʊnʊz,ʊnʊz,ʊnʊz,ʊnʊz
ʊn.ʊʃ,ʊn.ʊʃ,ʊnʊʃ,ʊnʊʃ,ʊnʊʃ,ʊnʊʃ
ʊn.ʊʒ,ʊn.ʊʒ,ʊnʊʒ,ʊnʊʒ,ʊnʊʒ,ʊnʊʒ
ʊn.ʊθ,ʊn.ʊθ,ʊnʊθ,ʊnʊθ,ʊnʊθ,ʊnʊθ
ʊn.ʊð,ʊn.ʊð,ʊnʊð,ʊnʊð,ʊnʊð,ʊnʊð
ʊn.ɔm,ʊn.ɔm,ʊnɔm,ʊnɔm,ʊnɔm,ʊnɔm
ʊn.ɔn,ʊn.ɔn,ʊnɔn,ʊnɔn,ʊnɔn,ʊnɔn
ʊn.ɔŋ,ʊn.ɔŋ,ʊnɔŋ,ʊnɔŋ,ʊnɔŋ,ʊnɔŋ
ʊn.ɔp,ʊn.ɔp,ʊnɔp,ʊnɔp,ʊnɔp,ʊnɔp
ʊn.ɔt,ʊn.ɔt,ʊnɔt,ʊnɔt,ʊnɔt,ʊnɔt
ʊn.ɔk,ʊn.ɔk,ʊnɔk,ʊnɔk,ʊnɔk,ʊnɔk
ʊn.ɔb,ʊn.ɔb,ʊnɔb,ʊnɔb,ʊnɔb,ʊnɔb
ʊn.ɔd,ʊn.ɔd,ʊnɔd,ʊnɔd,ʊnɔd,ʊnɔd
ʊn.ɔg,ʊn.ɔg,ʊnɔg,ʊnɔg,ʊnɔg,ʊnɔg
ʊn.ɔf,ʊn.ɔf,ʊnɔf,ʊnɔf,ʊnɔf,ʊnɔf
ʊn.ɔs,ʊn.ɔs,ʊnɔs,ʊnɔs,ʊnɔs,ʊnɔs
ʊn.ɔv,ʊn.ɔv,ʊnɔv,ʊnɔv,ʊnɔv,ʊnɔv
ʊn.ɔz,ʊn.ɔz,ʊnɔz,ʊnɔz,ʊnɔz,ʊnɔz
ʊn.ɔʃ,ʊn.ɔʃ,ʊnɔʃ,ʊnɔʃ,ʊnɔʃ,ʊnɔʃ
ʊn.ɔʒ,ʊn.ɔʒ,ʊnɔʒ,ʊnɔʒ,ʊnɔʒ,ʊnɔʒ
ʊn.ɔθ,ʊn.ɔθ,ʊnɔθ,ʊnɔθ,ʊnɔθ,ʊnɔθ
ʊn.ɔð,ʊn.ɔð,ʊnɔð,ʊnɔð,ʊnɔð,ʊnɔð
ʊŋ.ɪm,ʊŋ.ɪm,ʊŋɪm,ʊŋɪm,ʊŋɪm,ʊŋɪm
ʊŋ.ɪn,ʊŋ.ɪn,ʊŋɪn,ʊŋɪn,ʊŋɪn,ʊŋɪn
ʊŋ.ɪŋ,ʊŋ.ɪŋ,ʊŋɪŋ,ʊŋɪŋ,ʊŋɪŋ,ʊŋɪŋ
ʊŋ.ɪp,ʊŋ.ɪp,ʊŋɪp,ʊŋɪp,ʊŋɪp,ʊŋɪp
ʊŋ.ɪt,ʊŋ.ɪt,ʊŋɪt,ʊŋɪt,ʊŋɪt,ʊŋɪt
ʊŋ.ɪk,ʊŋ.ɪk,ʊŋɪk,ʊŋɪk,ʊŋɪk,ʊŋɪk
ʊŋ.ɪb,ʊŋ.ɪb,ʊŋɪb,ʊŋɪb,ʊŋɪb,ʊŋɪb
ʊŋ.ɪd,ʊŋ.ɪd,ʊŋɪd,ʊŋɪd,ʊŋɪd,ʊŋɪd
ʊŋ.ɪg,ʊŋ.ɪg,ʊŋɪg,ʊŋɪg,ʊŋɪg,ʊŋɪg
ʊŋ.ɪf,ʊŋ.ɪf,ʊŋɪf,ʊŋɪf,ʊŋɪf,ʊŋɪf
ʊŋ.ɪs,ʊŋ.ɪs,ʊŋɪs,ʊŋɪs,ʊŋɪs,ʊŋɪs
ʊŋ.ɪv,ʊŋ.ɪv,ʊŋɪv,ʊŋɪv,ʊŋɪv,ʊŋɪv
ʊŋ.ɪz,ʊŋ.ɪz,ʊŋɪz,ʊŋɪz,ʊŋɪz,ʊŋɪz
ʊŋ.ɪʃ,ʊŋ.ɪʃ,ʊŋɪʃ,ʊŋɪʃ,ʊŋɪʃ,ʊŋɪʃ
ʊŋ.ɪʒ,ʊŋ.ɪʒ,ʊŋɪʒ,ʊŋɪʒ,ʊŋɪʒ,ʊŋɪʒ
ʊŋ.ɪθ,ʊŋ.ɪθ,ʊŋɪθ,ʊŋɪθ,ʊŋɪθ,ʊŋɪθ
ʊŋ.ɪð,ʊŋ.ɪð,ʊŋɪð,ʊŋɪð,ʊŋɪð,ʊŋɪð
ʊŋ.ɛm,ʊŋ.ɛm,ʊŋɛm,ʊŋɛm,ʊŋɛm,ʊŋɛm
ʊŋ.ɛn,ʊŋ.ɛn,ʊŋɛn,ʊŋɛn,ʊŋɛn,ʊŋɛn
ʊŋ.ɛŋ,ʊŋ.ɛŋ,ʊŋɛŋ,ʊŋɛŋ,ʊŋɛŋ,ʊŋɛŋ
ʊŋ.ɛp,ʊŋ.ɛp,ʊŋɛp,ʊŋɛp,ʊŋɛp,ʊŋɛp
ʊŋ.ɛt,ʊŋ.ɛt,ʊŋɛt,ʊŋɛt,ʊŋɛt,ʊŋɛt
ʊŋ.ɛk,ʊŋ.ɛk,ʊŋɛk,ʊŋɛk,ʊŋɛk,ʊŋɛk
ʊŋ.ɛb,ʊŋ.ɛb,ʊŋɛb,ʊŋɛb,ʊŋɛb,ʊŋɛb
ʊŋ.ɛd,ʊŋ.ɛd,ʊŋɛd,ʊŋɛd,ʊŋɛd,ʊŋɛd
ʊŋ.ɛg,ʊŋ.ɛg,ʊŋɛg,ʊŋɛg,ʊŋɛg,ʊŋɛg
ʊŋ.ɛf,ʊŋ.ɛf,ʊŋɛf,ʊŋɛf,ʊŋɛf,ʊŋɛf
ʊŋ.ɛs,ʊŋ.ɛs,ʊŋɛs,ʊŋɛs,ʊŋɛs,ʊŋɛs
ʊŋ.ɛv,ʊŋ.ɛv,ʊŋɛv,ʊŋɛv,ʊŋɛv,ʊŋɛv
ʊŋ.ɛz,ʊŋ.ɛz,ʊŋɛz,ʊŋɛz,ʊŋɛz,ʊŋɛz
ʊŋ.ɛʃ,ʊŋ.ɛʃ,ʊŋɛʃ,ʊŋɛʃ,ʊŋɛʃ,ʊŋɛʃ
ʊŋ.ɛʒ,ʊŋ.ɛʒ,ʊŋɛʒ,ʊŋɛʒ,ʊŋɛʒ,ʊŋɛʒ
ʊŋ.ɛθ,ʊŋ.ɛθ,ʊŋɛθ,ʊŋɛθ,ʊŋɛθ,ʊŋɛθ
ʊŋ.ɛð,ʊŋ.ɛð,ʊŋɛð,ʊŋɛð,ʊŋɛð,ʊŋɛð
ʊŋ.ʊm,ʊŋ.ʊm,ʊŋʊm,ʊŋʊm,ʊŋʊm,ʊŋʊm
ʊŋ.ʊn,ʊŋ.ʊn,ʊŋʊn,ʊŋʊn,ʊŋʊn,ʊŋʊn
ʊŋ.ʊŋ,ʊŋ.ʊŋ,ʊŋʊŋ,ʊŋʊŋ,ʊŋʊŋ,ʊŋʊŋ
ʊŋ.ʊp,ʊŋ.ʊp,ʊŋʊp,ʊŋʊp,ʊŋʊp,ʊŋʊp
ʊŋ.ʊt,ʊŋ.ʊt,ʊŋʊt,ʊŋʊt,ʊŋʊt,ʊŋʊt
ʊŋ.ʊk,ʊŋ.ʊk,ʊŋʊk,ʊŋʊk,ʊŋʊk,ʊŋʊk
ʊŋ.ʊb,ʊŋ.ʊb,ʊŋʊb,ʊŋʊb,ʊŋʊb,ʊŋʊb
ʊŋ.ʊd,ʊŋ.ʊd,ʊŋʊd,ʊŋʊd,ʊŋʊd,ʊŋʊd
ʊŋ.ʊg,ʊŋ.ʊg,ʊŋʊg,ʊŋʊg,ʊŋʊg,ʊŋʊg
ʊŋ.ʊf,ʊŋ.ʊf,ʊŋʊf,ʊŋʊf,ʊŋʊf,ʊŋʊf
ʊŋ.ʊs,ʊŋ.ʊs,ʊŋʊs,ʊŋʊs,ʊŋʊs,ʊŋʊs
ʊŋ.ʊv,ʊŋ.ʊv,ʊŋʊv,ʊŋʊv,ʊŋʊv,ʊŋʊv
ʊŋ.ʊz,ʊŋ.ʊz,ʊŋʊz,ʊŋʊz,ʊŋʊz,ʊŋʊz
ʊŋ.ʊʃ,ʊŋ.ʊʃ,ʊŋʊʃ,ʊŋʊʃ,ʊŋʊʃ,ʊŋʊʃ
ʊŋ.ʊʒ,ʊŋ.ʊʒ,ʊŋʊʒ,ʊŋʊʒ,ʊŋʊʒ,ʊŋʊʒ
ʊŋ.ʊθ,ʊŋ.ʊθ,ʊŋʊθ,ʊŋʊθ,ʊŋʊθ,ʊŋʊθ
ʊŋ.ʊð,ʊŋ.ʊð,ʊŋʊð,ʊŋʊð,ʊŋʊð,ʊŋʊð
ʊŋ.ɔm,ʊŋ.ɔm,ʊŋɔm,ʊŋɔm,ʊŋɔm,ʊŋɔm
ʊŋ.ɔn,ʊŋ.ɔn,ʊŋɔn,ʊŋɔn,ʊŋɔn,ʊŋɔn
ʊŋ.ɔŋ,ʊŋ.ɔŋ,ʊŋɔŋ,ʊŋɔŋ,ʊŋɔŋ,ʊŋɔŋ
ʊŋ.ɔp,ʊŋ.ɔp,ʊŋɔp,ʊŋɔp,ʊŋɔp,ʊŋɔp
ʊŋ.ɔt,ʊŋ.ɔt,ʊŋɔt,ʊŋɔt,ʊŋɔt,ʊŋɔt
ʊŋ.ɔk,ʊŋ.ɔk,ʊŋɔk,ʊŋɔk,ʊŋɔk,ʊŋɔk
ʊŋ.ɔb,ʊŋ.ɔb,ʊŋɔb,ʊŋɔb,ʊŋɔb,ʊŋɔb
ʊŋ.ɔd,ʊŋ.ɔd,ʊŋɔd,ʊŋɔd,ʊŋɔd,ʊŋɔd
ʊŋ.ɔg,ʊŋ.ɔg,ʊŋɔg,ʊŋɔg,ʊŋɔg,ʊŋɔg
ʊŋ.ɔf,ʊŋ.ɔf,ʊŋɔf,ʊŋɔf,ʊŋɔf,ʊŋɔf
ʊŋ.ɔs,ʊŋ.ɔs,ʊŋɔs,ʊŋɔs,ʊŋɔs,ʊŋɔs
ʊŋ.ɔv,ʊŋ.ɔv,ʊŋɔv,ʊŋɔv,ʊŋɔv,ʊŋɔv
ʊŋ.ɔz,ʊŋ.ɔz,ʊŋɔz,ʊŋɔz,ʊŋɔz,ʊŋɔz
ʊŋ.ɔʃ,ʊŋ.ɔʃ,ʊŋɔʃ,ʊŋɔʃ,ʊŋɔʃ,ʊŋɔʃ
ʊŋ.ɔʒ,ʊŋ.ɔʒ,ʊŋɔʒ,ʊŋɔʒ,ʊŋɔʒ,ʊŋɔʒ
ʊŋ.ɔθ,ʊŋ.ɔθ,ʊŋɔθ,ʊŋɔθ,ʊŋɔθ,ʊŋɔθ
ʊŋ.ɔð,ʊŋ.ɔð,ʊŋɔð,ʊŋɔð,ʊŋɔð,ʊŋɔð
ʊp.ɪm,ʊp.ɪm,ʊpɪm,ʊpɪm,ʊpɪm,ʊpɪm
ʊp.ɪn,ʊp.ɪn,ʊpɪn,ʊpɪn,ʊpɪn,ʊpɪn
ʊp.ɪŋ,ʊp.ɪŋ,ʊpɪŋ,ʊpɪŋ,ʊpɪŋ,ʊpɪŋ
ʊp.ɪp,ʊp.ɪp,ʊpɪp,ʊpɪp,ʊpɪp,ʊpɪp
ʊp.ɪt,ʊp.ɪt,ʊpɪt,ʊpɪt,ʊpɪt,ʊpɪt
ʊp.ɪk,ʊp.ɪk,ʊpɪk,ʊpɪk,ʊpɪk,ʊpɪk
ʊp.ɪb,ʊp.ɪb,ʊpɪb,ʊpɪb,ʊpɪb,ʊpɪb
ʊp.ɪd,ʊp.ɪd,ʊpɪd,ʊpɪd,ʊpɪd,ʊpɪd
ʊp.ɪg,ʊp.ɪg,ʊpɪg,ʊpɪg,ʊpɪg,ʊpɪg
ʊp.ɪf,ʊp.ɪf,ʊpɪf,ʊpɪf,ʊpɪf,ʊpɪf
ʊp.ɪs,ʊp.ɪs,ʊpɪs,ʊpɪs,ʊpɪs,ʊpɪs
ʊp.ɪv,ʊp.ɪv,ʊpɪv,ʊpɪv,ʊpɪv,ʊpɪv
ʊp.ɪz,ʊp.ɪz,ʊpɪz,ʊpɪz,ʊpɪz,ʊpɪz
ʊp.ɪʃ,ʊp.ɪʃ,ʊpɪʃ,ʊpɪʃ,ʊpɪʃ,ʊpɪʃ
ʊp.ɪʒ,ʊp.ɪʒ,ʊpɪʒ,ʊpɪʒ,ʊpɪʒ,ʊpɪʒ
ʊp.ɪθ,ʊp.ɪθ,ʊpɪθ,ʊpɪθ,ʊpɪθ,ʊpɪθ
ʊp.ɪð,ʊp.ɪð,ʊpɪð,ʊpɪð,ʊpɪð,ʊpɪð
ʊp.ɛm,ʊp.ɛm,ʊpɛm,ʊpɛm,ʊpɛm,ʊpɛm
ʊp.ɛn,ʊp.ɛn,ʊpɛn,ʊpɛn,ʊpɛn,ʊpɛn
ʊp.ɛŋ,ʊp.ɛŋ,ʊpɛŋ,ʊpɛŋ,ʊpɛŋ,ʊpɛŋ
ʊp.ɛp,ʊp.ɛp,ʊpɛp,ʊpɛp,ʊpɛp,ʊpɛp
ʊp.ɛt,ʊp.ɛt,ʊpɛt,ʊpɛt,ʊpɛt,ʊpɛt
ʊp.ɛk,ʊp.ɛk,ʊpɛk,ʊpɛk,ʊpɛk,ʊpɛk
ʊp.ɛb,ʊp.ɛb,ʊpɛb,ʊpɛb,ʊpɛb,ʊpɛb
ʊp.ɛd,ʊp.ɛd,ʊpɛd,ʊpɛd,ʊpɛd,ʊpɛd
ʊp.ɛg,ʊp.ɛg,ʊpɛg,ʊpɛg,ʊpɛg,ʊpɛg
ʊp.ɛf,ʊp.ɛf,ʊpɛf,ʊpɛf,ʊpɛf,ʊpɛf
ʊp.ɛs,ʊp.ɛs,ʊpɛs,ʊpɛs,ʊpɛs,ʊpɛs
ʊp.ɛv,ʊp.ɛv,ʊpɛv,ʊpɛv,ʊpɛv,ʊpɛv
ʊp.ɛz,ʊp.ɛz,ʊpɛz,ʊpɛz,ʊpɛz,ʊpɛz
ʊp.ɛʃ,ʊp.ɛʃ,ʊpɛʃ,ʊpɛʃ,ʊpɛʃ,ʊpɛʃ
ʊp.ɛʒ,ʊp.ɛʒ,ʊpɛʒ,ʊpɛʒ,ʊpɛʒ,ʊpɛʒ
ʊp.ɛθ,ʊp.ɛθ,ʊpɛθ,ʊpɛθ,ʊpɛθ,ʊpɛθ
ʊp.ɛð,ʊp.ɛð,ʊpɛð,ʊpɛð,ʊpɛð,ʊpɛð
ʊp.ʊm,ʊp.ʊm,ʊpʊm,ʊpʊm,ʊpʊm,ʊpʊm
ʊp.ʊn,ʊp.ʊn,ʊpʊn,ʊpʊn,ʊpʊn,ʊpʊn
ʊp.ʊŋ,ʊp.ʊŋ,ʊpʊŋ,ʊpʊŋ,ʊpʊŋ,ʊpʊŋ
ʊp.ʊp,ʊp.ʊp,ʊpʊp,ʊpʊp,ʊpʊp,ʊpʊp
ʊp.ʊt,ʊp.ʊt,ʊpʊt,ʊpʊt,ʊpʊt,ʊpʊt
ʊp.ʊk,ʊp.ʊk,ʊpʊk,ʊpʊk,ʊpʊk,ʊpʊk
ʊp.ʊb,ʊp.ʊb,ʊpʊb,ʊpʊb,ʊpʊb,ʊpʊb
ʊp.ʊd,ʊp.ʊd,ʊpʊd,ʊpʊd,ʊpʊd,ʊpʊd
ʊp.ʊg,ʊp.ʊg,ʊpʊg,ʊpʊg,ʊpʊg,ʊpʊg
ʊp.ʊf,ʊp.ʊf,ʊpʊf,ʊpʊf,ʊpʊf,ʊpʊf
ʊp.ʊs,ʊp.ʊs,ʊpʊs,ʊpʊs,ʊpʊs,ʊpʊs
ʊp.ʊv,ʊp.ʊv,ʊpʊv,ʊpʊv,ʊpʊv,ʊpʊv
ʊp.ʊz,ʊp.ʊz,ʊpʊz,ʊpʊz,ʊpʊz,ʊpʊz
ʊp.ʊʃ,ʊp.ʊʃ,ʊpʊʃ,ʊpʊʃ,ʊpʊʃ,ʊpʊʃ
ʊp.ʊʒ,ʊp.ʊʒ,ʊpʊʒ,ʊpʊʒ,ʊpʊʒ,ʊpʊʒ
ʊp.ʊθ,ʊp.ʊθ,ʊpʊθ,ʊpʊθ,ʊpʊθ,ʊpʊθ
ʊp.ʊð,ʊp.ʊð,ʊpʊð,ʊpʊð,ʊpʊð,ʊpʊð
ʊp.ɔm,ʊp.ɔm,ʊpɔm,ʊpɔm,ʊpɔm,ʊpɔm
ʊp.ɔn,ʊp.ɔn,ʊpɔn,ʊpɔn,ʊpɔn,ʊpɔn
ʊp.ɔŋ,ʊp.ɔŋ,ʊpɔŋ,ʊpɔŋ,ʊpɔŋ,ʊpɔŋ
ʊp.ɔp,ʊp.ɔp,ʊpɔp,ʊpɔp,ʊpɔp,ʊpɔp
ʊp.ɔt,ʊp.ɔt,ʊpɔt,ʊpɔt,ʊpɔt,ʊpɔt
ʊp.ɔk,ʊp.ɔk,ʊpɔk,ʊpɔk,ʊpɔk,ʊpɔk
ʊp.ɔb,ʊp.ɔb,ʊpɔb,ʊpɔb,ʊpɔb,ʊpɔb
ʊp.ɔd,ʊp.ɔd,ʊpɔd,ʊpɔd,ʊpɔd,ʊpɔd
ʊp.ɔg,ʊp.ɔg,ʊpɔg,ʊpɔg,ʊpɔg,ʊpɔg
ʊp.ɔf,ʊp.ɔf,ʊpɔf,ʊpɔf,ʊpɔf,ʊpɔf
ʊp.ɔs,ʊp.ɔs,ʊpɔs,ʊpɔs,ʊpɔs,ʊpɔs
ʊp.ɔv,ʊp.ɔv,ʊpɔv,ʊpɔv,ʊpɔv,ʊpɔv
ʊp.ɔz,ʊp.ɔz,ʊpɔz,ʊpɔz,ʊpɔz,ʊpɔz
ʊp.ɔʃ,ʊp.ɔʃ,ʊpɔʃ,ʊpɔʃ,ʊpɔʃ,ʊpɔʃ
ʊp.ɔʒ,ʊp.ɔʒ,ʊpɔʒ,ʊpɔʒ,ʊpɔʒ,ʊpɔʒ
ʊp.ɔθ,ʊp.ɔθ,ʊpɔθ,ʊpɔθ,ʊpɔθ,ʊpɔθ
ʊp.ɔð,ʊp.ɔð,ʊpɔð,ʊpɔð,ʊpɔð,ʊpɔð
ʊt.ɪm,ʊt.ɪm,ʊtɪm,ʊtɪm,ʊtɪm,ʊtɪm
ʊt.ɪn,ʊt.ɪn,ʊtɪn,ʊtɪn,ʊtɪn,ʊtɪn
ʊt.ɪŋ,ʊt.ɪŋ,ʊtɪŋ,ʊtɪŋ,ʊtɪŋ,ʊtɪŋ
ʊt.ɪp,ʊt.ɪp,ʊtɪp,ʊtɪp,ʊtɪp,ʊtɪp
ʊt.ɪt,ʊt.ɪt,ʊtɪt,ʊtɪt,ʊtɪt,ʊtɪt
ʊt.ɪk,ʊt.ɪk,ʊtɪk,ʊtɪk,ʊtɪk,ʊtɪk
ʊt.ɪb,ʊt.ɪb,ʊtɪb,ʊtɪb,ʊtɪb,ʊtɪb
ʊt.ɪd,ʊt.ɪd,ʊtɪd,ʊtɪd,ʊtɪd,ʊtɪd
ʊt.ɪg,ʊt.ɪg,ʊtɪg,ʊtɪg,ʊtɪg,ʊtɪg
ʊt.ɪf,ʊt.ɪf,ʊtɪf,ʊtɪf,ʊtɪf,ʊtɪf
ʊt.ɪs,ʊt.ɪs,ʊtɪs,ʊtɪs,ʊtɪs,ʊtɪs
ʊt.ɪv,ʊt.ɪv,ʊtɪv,ʊtɪv,ʊtɪv,ʊtɪv
ʊt.ɪz,ʊt.ɪz,ʊtɪz,ʊtɪz,ʊtɪz,ʊtɪz
ʊt.ɪʃ,ʊt.ɪʃ,ʊtɪʃ,ʊtɪʃ,ʊtɪʃ,ʊtɪʃ
ʊt.ɪʒ,ʊt.ɪʒ,ʊtɪʒ,ʊtɪʒ,ʊtɪʒ,ʊtɪʒ
ʊt.ɪθ,ʊt.ɪθ,ʊtɪθ,ʊtɪθ,ʊtɪθ,ʊtɪθ
ʊt.ɪð,ʊt.ɪð,ʊtɪð,ʊtɪð,ʊtɪð,ʊtɪð
ʊt.ɛm,ʊt.ɛm,ʊtɛm,ʊtɛm,ʊtɛm,ʊtɛm
ʊt.ɛn,ʊt.ɛn,ʊtɛn,ʊtɛn,ʊtɛn,ʊtɛn
ʊt.ɛŋ,ʊt.ɛŋ,ʊtɛŋ,ʊtɛŋ,ʊtɛŋ,ʊtɛŋ
ʊt.ɛp,ʊt.ɛp,ʊtɛp,ʊtɛp,ʊtɛp,ʊtɛp
ʊt.ɛt,ʊt.ɛt,ʊtɛt,ʊtɛt,ʊtɛt,ʊtɛt
ʊt.ɛk,ʊt.ɛk,ʊtɛk,ʊtɛk,ʊtɛk,ʊtɛk
ʊt.ɛb,ʊt.ɛb,ʊtɛb,ʊtɛb,ʊtɛb,ʊtɛb
ʊt.ɛd,ʊt.ɛd,ʊtɛd,ʊtɛd,ʊtɛd,ʊtɛd
ʊt.ɛg,ʊt.ɛg,ʊtɛg,ʊtɛg,ʊtɛg,ʊtɛg
ʊt.ɛf,ʊt.ɛf,ʊtɛf,ʊtɛf,ʊtɛf,ʊtɛf
ʊt.ɛs,ʊt.ɛs,ʊtɛs,ʊtɛs,ʊtɛs,ʊtɛs
ʊt.ɛv,ʊt.ɛv,ʊtɛv,ʊtɛv,ʊtɛv,ʊtɛv
ʊt.ɛz,ʊt.ɛz,ʊtɛz,ʊtɛz,ʊtɛz,ʊtɛz
ʊt.ɛʃ,ʊt.ɛʃ,ʊtɛʃ,ʊtɛʃ,ʊtɛʃ,ʊtɛʃ
ʊt.ɛʒ,ʊt.ɛʒ,ʊtɛʒ,ʊtɛʒ,ʊtɛʒ,ʊtɛʒ
ʊt.ɛθ,ʊt.ɛθ,ʊtɛθ,ʊtɛθ,ʊtɛθ,ʊtɛθ
ʊt.ɛð,ʊt.ɛð,ʊtɛð,ʊtɛð,ʊtɛð,ʊtɛð
ʊt.ʊm,ʊt.ʊm,ʊtʊm,ʊtʊm,ʊtʊm,ʊtʊm
ʊt.ʊn,ʊt.ʊn,ʊtʊn,ʊtʊn,ʊtʊn,ʊtʊn
ʊt.ʊŋ,ʊt.ʊŋ,ʊtʊŋ,ʊtʊŋ,ʊtʊŋ,ʊtʊŋ
ʊt.ʊp,ʊt.ʊp,ʊtʊp,ʊtʊp,ʊtʊp,ʊtʊp
ʊt.ʊt,ʊt.ʊt,ʊtʊt,ʊtʊt,ʊtʊt,ʊtʊt
ʊt.ʊk,ʊt.ʊk,ʊtʊk,ʊtʊk,ʊtʊk,ʊtʊk
ʊt.ʊb,ʊt.ʊb,ʊtʊb,ʊtʊb,ʊtʊb,ʊtʊb
ʊt.ʊd,ʊt.ʊd,ʊtʊd,ʊtʊd,ʊtʊd,ʊtʊd
ʊt.ʊg,ʊt.ʊg,ʊtʊg,ʊtʊg,ʊtʊg,ʊtʊg
ʊt.ʊf,ʊt.ʊf,ʊtʊf,ʊtʊf,ʊtʊf,ʊtʊf
ʊt.ʊs,ʊt.ʊs,ʊtʊs,ʊtʊs,ʊtʊs,ʊtʊs
ʊt.ʊv,ʊt.ʊv,ʊtʊv,ʊtʊv,ʊtʊv,ʊtʊv
ʊt.ʊz,ʊt.ʊz,ʊtʊz,ʊtʊz,ʊtʊz,ʊtʊz
ʊt.ʊʃ,ʊt.ʊʃ,ʊtʊʃ,ʊtʊʃ,ʊtʊʃ,ʊtʊʃ
ʊt.ʊʒ,ʊt.ʊʒ,ʊtʊʒ,ʊtʊʒ,ʊtʊʒ,ʊtʊʒ
ʊt.ʊθ,ʊt.ʊθ,ʊtʊθ,ʊtʊθ,ʊtʊθ,ʊtʊθ
ʊt.ʊð,ʊt.ʊð,ʊtʊð,ʊtʊð,ʊtʊð,ʊtʊð
ʊt.ɔm,ʊt.ɔm,ʊtɔm,ʊtɔm,ʊtɔm,ʊtɔm
ʊt.ɔn,ʊt.ɔn,ʊtɔn,ʊtɔn,ʊtɔn,ʊtɔn
ʊt.ɔŋ,ʊt.ɔŋ,ʊtɔŋ,ʊtɔŋ,ʊtɔŋ,ʊtɔŋ
ʊt.ɔp,ʊt.ɔp,ʊtɔp,ʊtɔp,ʊtɔp,ʊtɔp
ʊt.ɔt,ʊt.ɔt,ʊtɔt,ʊtɔt,ʊtɔt,ʊtɔt
ʊt.ɔk,ʊt.ɔk,ʊtɔk,ʊtɔk,ʊtɔk,ʊtɔk
ʊt.ɔb,ʊt.ɔb,ʊtɔb,ʊtɔb,ʊtɔb,ʊtɔb
ʊt.ɔd,ʊt.ɔd,ʊtɔd,ʊtɔd,ʊtɔd,ʊtɔd
ʊt.ɔg,ʊt.ɔg,ʊtɔg,ʊtɔg,ʊtɔg,ʊtɔg
ʊt.ɔf,ʊt.ɔf,ʊtɔf,ʊtɔf,ʊtɔf,ʊtɔf
ʊt.ɔs,ʊt.ɔs,ʊtɔs,ʊtɔs,ʊtɔs,ʊtɔs
ʊt.ɔv,ʊt.ɔv,ʊtɔv,ʊtɔv,ʊtɔv,ʊtɔv
ʊt.ɔz,ʊt.ɔz,ʊtɔz,ʊtɔz,ʊtɔz,ʊtɔz
ʊt.ɔʃ,ʊt.ɔʃ,ʊtɔʃ,ʊtɔʃ,ʊtɔʃ,ʊtɔʃ
ʊt.ɔʒ,ʊt.ɔʒ,ʊtɔʒ,ʊtɔʒ,ʊtɔʒ,ʊtɔʒ
ʊt.ɔθ,ʊt.ɔθ,ʊtɔθ,ʊtɔθ,ʊtɔθ,ʊtɔθ
ʊt.ɔð,ʊt.ɔð,ʊtɔð,ʊtɔð,ʊtɔð,ʊtɔð
ʊk.ɪm,ʊk.ɪm,ʊkɪm,ʊkɪm,ʊkɪm,ʊkɪm
ʊk.ɪn,ʊk.ɪn,ʊkɪn,ʊkɪn,ʊkɪn,ʊkɪn
ʊk.ɪŋ,ʊk.ɪŋ,ʊkɪŋ,ʊkɪŋ,ʊkɪŋ,ʊkɪŋ
ʊk.ɪp,ʊk.ɪp,ʊkɪp,ʊkɪp,ʊkɪp,ʊkɪp
ʊk.ɪt,ʊk.ɪt,ʊkɪt,ʊkɪt,ʊkɪt,ʊkɪt
ʊk.ɪk,ʊk.ɪk,ʊkɪk,ʊkɪk,ʊkɪk,ʊkɪk
ʊk.ɪb,ʊk.ɪb,ʊkɪb,ʊkɪb,ʊkɪb,ʊkɪb
ʊk.ɪd,ʊk.ɪd,ʊkɪd,ʊkɪd,ʊkɪd,ʊkɪd
ʊk.ɪg,ʊk.ɪg,ʊkɪg,ʊkɪg,ʊkɪg,ʊkɪg
ʊk.ɪf,ʊk.ɪf,ʊkɪf,ʊkɪf,ʊkɪf,ʊkɪf
ʊk.ɪs,ʊk.ɪs,ʊkɪs,ʊkɪs,ʊkɪs,ʊkɪs
ʊk.ɪv,ʊk.ɪv,ʊkɪv,ʊkɪv,ʊkɪv,ʊkɪv
ʊk.ɪz,ʊk.ɪz,ʊkɪz,ʊkɪz,ʊkɪz,ʊkɪz
ʊk.ɪʃ,ʊk.ɪʃ,ʊkɪʃ,ʊkɪʃ,ʊkɪʃ,ʊkɪʃ
ʊk.ɪʒ,ʊk.ɪʒ,ʊkɪʒ,ʊkɪʒ,ʊkɪʒ,ʊkɪʒ
ʊk.ɪθ,ʊk.ɪθ,ʊkɪθ,ʊkɪθ,ʊkɪθ,ʊkɪθ
ʊk.ɪð,ʊk.ɪð,ʊkɪð,ʊkɪð,ʊkɪð,ʊkɪð
ʊk.ɛm,ʊk.ɛm,ʊkɛm,ʊkɛm,ʊkɛm,ʊkɛm
ʊk.ɛn,ʊk.ɛn,ʊkɛn,ʊkɛn,ʊkɛn,ʊkɛn
ʊk.ɛŋ,ʊk.ɛŋ,ʊkɛŋ,ʊkɛŋ,ʊkɛŋ,ʊkɛŋ
ʊk.ɛp,ʊk.ɛp,ʊkɛp,ʊkɛp,ʊkɛp,ʊkɛp
ʊk.ɛt,ʊk.ɛt,ʊkɛt,ʊkɛt,ʊkɛt,ʊkɛt
ʊk.ɛk,ʊk.ɛk,ʊkɛk,ʊkɛk,ʊkɛk,ʊkɛk
ʊk.ɛb,ʊk.ɛb,ʊkɛb,ʊkɛb,ʊkɛb,ʊkɛb
ʊk.ɛd,ʊk.ɛd,ʊkɛd,ʊkɛd,ʊkɛd,ʊkɛd
ʊk.ɛg,ʊk.ɛg,ʊkɛg,ʊkɛg,ʊkɛg,ʊkɛg
ʊk.ɛf,ʊk.ɛf,ʊkɛf,ʊkɛf,ʊkɛf,ʊkɛf
ʊk.ɛs,ʊk.ɛs,ʊkɛs,ʊkɛs,ʊkɛs,ʊkɛs
ʊk.ɛv,ʊk.ɛv,ʊkɛv,ʊkɛv,ʊkɛv,ʊkɛv
ʊk.ɛz,ʊk.ɛz,ʊkɛz,ʊkɛz,ʊkɛz,ʊkɛz
ʊk.ɛʃ,ʊk.ɛʃ,ʊkɛʃ,ʊkɛʃ,ʊkɛʃ,ʊkɛʃ
ʊk.ɛʒ,ʊk.ɛʒ,ʊkɛʒ,ʊkɛʒ,ʊkɛʒ,ʊkɛʒ
ʊk.ɛθ,ʊk.ɛθ,ʊkɛθ,ʊkɛθ,ʊkɛθ,ʊkɛθ
ʊk.ɛð,ʊk.ɛð,ʊkɛð,ʊkɛð,ʊkɛð,ʊkɛð
ʊk.ʊm,ʊk.ʊm,ʊkʊm,ʊkʊm,ʊkʊm,ʊkʊm
ʊk.ʊn,ʊk.ʊn,ʊkʊn,ʊkʊn,ʊkʊn,ʊkʊn
ʊk.ʊŋ,ʊk.ʊŋ,ʊkʊŋ,ʊkʊŋ,ʊkʊŋ,ʊkʊŋ
ʊk.ʊp,ʊk.ʊp,ʊkʊp,ʊkʊp,ʊkʊp,ʊkʊp
ʊk.ʊt,ʊk.ʊt,ʊkʊt,ʊkʊt,ʊkʊt,ʊkʊt
ʊk.ʊk,ʊk.ʊk,ʊkʊk,ʊkʊk,ʊkʊk,ʊkʊk
ʊk.ʊb,ʊk.ʊb,ʊkʊb,ʊkʊb,ʊkʊb,ʊkʊb
ʊk.ʊd,ʊk.ʊd,ʊkʊd,ʊkʊd,ʊkʊd,ʊkʊd
ʊk.ʊg,ʊk.ʊg,ʊkʊg,ʊkʊg,ʊkʊg,ʊkʊg
ʊk.ʊf,ʊk.ʊf,ʊkʊf,ʊkʊf,ʊkʊf,ʊkʊf
ʊk.ʊs,ʊk.ʊs,ʊkʊs,ʊkʊs,ʊkʊs,ʊkʊs
ʊk.ʊv,ʊk.ʊv,ʊkʊv,ʊkʊv,ʊkʊv,ʊkʊv
ʊk.ʊz,ʊk.ʊz,ʊkʊz,ʊkʊz,ʊkʊz,ʊkʊz
ʊk.ʊʃ,ʊk.ʊʃ,ʊkʊʃ,ʊkʊʃ,ʊkʊʃ,ʊkʊʃ
ʊk.ʊʒ,ʊk.ʊʒ,ʊkʊʒ,ʊkʊʒ,ʊkʊʒ,ʊkʊʒ
ʊk.ʊθ,ʊk.ʊθ,ʊkʊθ,ʊkʊθ,ʊkʊθ,ʊkʊθ
ʊk.ʊð,ʊk.ʊð,ʊkʊð,ʊkʊð,ʊkʊð,ʊkʊð
ʊk.ɔm,ʊk.ɔm,ʊkɔm,ʊkɔm,ʊkɔm,ʊkɔm
ʊk.ɔn,ʊk.ɔn,ʊkɔn,ʊkɔn,ʊkɔn,ʊkɔn
ʊk.ɔŋ,ʊk.ɔŋ,ʊkɔŋ,ʊkɔŋ,ʊkɔŋ,ʊkɔŋ
ʊk.ɔp,ʊk.ɔp,ʊkɔp,ʊkɔp,ʊkɔp,ʊkɔp
ʊk.ɔt,ʊk.ɔt,ʊkɔt,ʊkɔt,ʊkɔt,ʊkɔt
ʊk.ɔk,ʊk.ɔk,ʊkɔk,ʊkɔk,ʊkɔk,ʊkɔk
ʊk.ɔb,ʊk.ɔb,ʊkɔb,ʊkɔb,ʊkɔb,ʊkɔb
ʊk.ɔd,ʊk.ɔd,ʊkɔd,ʊkɔd,ʊkɔd,ʊkɔd
ʊk.ɔg,ʊk.ɔg,ʊkɔg,ʊkɔg,ʊkɔg,ʊkɔg
ʊk.ɔf,ʊk.ɔf,ʊkɔf,ʊkɔf,ʊkɔf,ʊkɔf
ʊk.ɔs,ʊk.ɔs,ʊkɔs,ʊkɔs,ʊkɔs,ʊkɔs
ʊk.ɔv,ʊk.ɔv,ʊkɔv,ʊkɔv,ʊkɔv,ʊkɔv
ʊk.ɔz,ʊk.ɔz,ʊkɔz,ʊkɔz,ʊkɔz,ʊkɔz
ʊk.ɔʃ,ʊk.ɔʃ,ʊkɔʃ,ʊkɔʃ,ʊkɔʃ,ʊkɔʃ
ʊk.ɔʒ,ʊk.ɔʒ,ʊkɔʒ,ʊkɔʒ,ʊkɔʒ,ʊkɔʒ
ʊk.ɔθ,ʊk.ɔθ,ʊkɔθ,ʊkɔθ,ʊkɔθ,ʊkɔθ
ʊk.ɔð,ʊk.ɔð,ʊkɔð,ʊkɔð,ʊkɔð,ʊkɔð
ʊb.ɪm,ʊb.ɪm,ʊbɪm,ʊbɪm,ʊbɪm,ʊbɪm
ʊb.ɪn,ʊb.ɪn,ʊbɪn,ʊbɪn,ʊbɪn,ʊbɪn
ʊb.ɪŋ,ʊb.ɪŋ,ʊbɪŋ,ʊbɪŋ,ʊbɪŋ,ʊbɪŋ
ʊb.ɪp,ʊb.ɪp,ʊbɪp,ʊbɪp,ʊbɪp,ʊbɪp
ʊb.ɪt,ʊb.ɪt,ʊbɪt,ʊbɪt,ʊbɪt,ʊbɪt
ʊb.ɪk,ʊb.ɪk,ʊbɪk,ʊbɪk,ʊbɪk,ʊbɪk
ʊb.ɪb,ʊb.ɪb,ʊbɪb,ʊbɪb,ʊbɪb,ʊbɪb
ʊb.ɪd,ʊb.ɪd,ʊbɪd,ʊbɪd,ʊbɪd,ʊbɪd
ʊb.ɪg,ʊb.ɪg,ʊbɪg,ʊbɪg,ʊbɪg,ʊbɪg
ʊb.ɪf,ʊb.ɪf,ʊbɪf,ʊbɪf,ʊbɪf,ʊbɪf
ʊb.ɪs,ʊb.ɪs,ʊbɪs,ʊbɪs,ʊbɪs,ʊbɪs
ʊb.ɪv,ʊb.ɪv,ʊbɪv,ʊbɪv,ʊbɪv,ʊbɪv
ʊb.ɪz,ʊb.ɪz,ʊbɪz,ʊbɪz,ʊbɪz,ʊbɪz
ʊb.ɪʃ,ʊb.ɪʃ,ʊbɪʃ,ʊbɪʃ,ʊbɪʃ,ʊbɪʃ
ʊb.ɪʒ,ʊb.ɪʒ,ʊbɪʒ,ʊbɪʒ,ʊbɪʒ,ʊbɪʒ
ʊb.ɪθ,ʊb.ɪθ,ʊbɪθ,ʊbɪθ,ʊbɪθ,ʊbɪθ
ʊb.ɪð,ʊb.ɪð,ʊbɪð,ʊbɪð,ʊbɪð,ʊbɪð
ʊb.ɛm,ʊb.ɛm,ʊbɛm,ʊbɛm,ʊbɛm,ʊbɛm
ʊb.ɛn,ʊb.ɛn,ʊbɛn,ʊbɛn,ʊbɛn,ʊbɛn
ʊb.ɛŋ,ʊb.ɛŋ,ʊbɛŋ,ʊbɛŋ,ʊbɛŋ,ʊbɛŋ
ʊb.ɛp,ʊb.ɛp,ʊbɛp,ʊbɛp,ʊbɛp,ʊbɛp
ʊb.ɛt,ʊb.ɛt,ʊbɛt,ʊbɛt,ʊbɛt,ʊbɛt
ʊb.ɛk,ʊb.ɛk,ʊbɛk,ʊbɛk,ʊbɛk,ʊbɛk
ʊb.ɛb,ʊb.ɛb,ʊbɛb,ʊbɛb,ʊbɛb,ʊbɛb
ʊb.ɛd,ʊb.ɛd,ʊbɛd,ʊbɛd,ʊbɛd,ʊbɛd
ʊb.ɛg,ʊb.ɛg,ʊbɛg,ʊbɛg,ʊbɛg,ʊbɛg
ʊb.ɛf,ʊb.ɛf,ʊbɛf,ʊbɛf,ʊbɛf,ʊbɛf
ʊb.ɛs,ʊb.ɛs,ʊbɛs,ʊbɛs,ʊbɛs,ʊbɛs
ʊb.ɛv,ʊb.ɛv,ʊbɛv,ʊbɛv,ʊbɛv,ʊbɛv
ʊb.ɛz,ʊb.ɛz,ʊbɛz,ʊbɛz,ʊbɛz,ʊbɛz
ʊb.ɛʃ,ʊb.ɛʃ,ʊbɛʃ,ʊbɛʃ,ʊbɛʃ,ʊbɛʃ
ʊb.ɛʒ,ʊb.ɛʒ,ʊbɛʒ,ʊbɛʒ,ʊbɛʒ,ʊbɛʒ
ʊb.ɛθ,ʊb.ɛθ,ʊbɛθ,ʊbɛθ,ʊbɛθ,ʊbɛθ
ʊb.ɛð,ʊb.ɛð,ʊbɛð,ʊbɛð,ʊbɛð,ʊbɛð
ʊb.ʊm,ʊb.ʊm,ʊbʊm,ʊbʊm,ʊbʊm,ʊbʊm
ʊb.ʊn,ʊb.ʊn,ʊbʊn,ʊbʊn,ʊbʊn,ʊbʊn
ʊb.ʊŋ,ʊb.ʊŋ,ʊbʊŋ,ʊbʊŋ,ʊbʊŋ,ʊbʊŋ
ʊb.ʊp,ʊb.ʊp,ʊbʊp,ʊbʊp,ʊbʊp,ʊbʊp
ʊb.ʊt,ʊb.ʊt,ʊbʊt,ʊbʊt,ʊbʊt,ʊbʊt
ʊb.ʊk,ʊb.ʊk,ʊbʊk,ʊbʊk,ʊbʊk,ʊbʊk
ʊb.ʊb,ʊb.ʊb,ʊbʊb,ʊbʊb,ʊbʊb,ʊbʊb
ʊb.ʊd,ʊb.ʊd,ʊbʊd,ʊbʊd,ʊbʊd,ʊbʊd
ʊb.ʊg,ʊb.ʊg,ʊbʊg,ʊbʊg,ʊbʊg,ʊbʊg
ʊb.ʊf,ʊb.ʊf,ʊbʊf,ʊbʊf,ʊbʊf,ʊbʊf
ʊb.ʊs,ʊb.ʊs,ʊbʊs,ʊbʊs,ʊbʊs,ʊbʊs
ʊb.ʊv,ʊb.ʊv,ʊbʊv,ʊbʊv,ʊbʊv,ʊbʊv
ʊb.ʊz,ʊb.ʊz,ʊbʊz,ʊbʊz,ʊbʊz,ʊbʊz
ʊb.ʊʃ,ʊb.ʊʃ,ʊbʊʃ,ʊbʊʃ,ʊbʊʃ,ʊbʊʃ
ʊb.ʊʒ,ʊb.ʊʒ,ʊbʊʒ,ʊbʊʒ,ʊbʊʒ,ʊbʊʒ
ʊb.ʊθ,ʊb.ʊθ,ʊbʊθ,ʊbʊθ,ʊbʊθ,ʊbʊθ
ʊb.ʊð,ʊb.ʊð,ʊbʊð,ʊbʊð,ʊbʊð,ʊbʊð
ʊb.ɔm,ʊb.ɔm,ʊbɔm,ʊbɔm,ʊbɔm,ʊbɔm
ʊb.ɔn,ʊb.ɔn,ʊbɔn,ʊbɔn,ʊbɔn,ʊbɔn
ʊb.ɔŋ,ʊb.ɔŋ,ʊbɔŋ,ʊbɔŋ,ʊbɔŋ,ʊbɔŋ
ʊb.ɔp,ʊb.ɔp,ʊbɔp,ʊbɔp,ʊbɔp,ʊbɔp
ʊb.ɔt,ʊb.ɔt,ʊbɔt,ʊbɔt,ʊbɔt,ʊbɔt
ʊb.ɔk,ʊb.ɔk,ʊbɔk,ʊbɔk,ʊbɔk,ʊbɔk
ʊb.ɔb,ʊb.ɔb,ʊbɔb,ʊbɔb,ʊbɔb,ʊbɔb
ʊb.ɔd,ʊb.ɔd,ʊbɔd,ʊbɔd,ʊbɔd,ʊbɔd
ʊb.ɔg,ʊb.ɔg,ʊbɔg,ʊbɔg,ʊbɔg,ʊbɔg
ʊb.ɔf,ʊb.ɔf,ʊbɔf,ʊbɔf,ʊbɔf,ʊbɔf
ʊb.ɔs,ʊb.ɔs,ʊbɔs,ʊbɔs,ʊbɔs,ʊbɔs
ʊb.ɔv,ʊb.ɔv,ʊbɔv,ʊbɔv,ʊbɔv,ʊbɔv
ʊb.ɔz,ʊb.ɔz,ʊbɔz,ʊbɔz,ʊbɔz,ʊbɔz
ʊb.ɔʃ,ʊb.ɔʃ,ʊbɔʃ,ʊbɔʃ,ʊbɔʃ,ʊbɔʃ
ʊb.ɔʒ,ʊb.ɔʒ,ʊbɔʒ,ʊbɔʒ,ʊbɔʒ,ʊbɔʒ
ʊb.ɔθ,ʊb.ɔθ,ʊbɔθ,ʊbɔθ,ʊbɔθ,ʊbɔθ
ʊb.ɔð,ʊb.ɔð,ʊbɔð,ʊbɔð,ʊbɔð,ʊbɔð
ʊd.ɪm,ʊd.ɪm,ʊdɪm,ʊdɪm,ʊdɪm,ʊdɪm
ʊd.ɪn,ʊd.ɪn,ʊdɪn,ʊdɪn,ʊdɪn,ʊdɪn
ʊd.ɪŋ,ʊd.ɪŋ,ʊdɪŋ,ʊdɪŋ,ʊdɪŋ,ʊdɪŋ
ʊd.ɪp,ʊd.ɪp,ʊdɪp,ʊdɪp,ʊdɪp,ʊdɪp
ʊd.ɪt,ʊd.ɪt,ʊdɪt,ʊdɪt,ʊdɪt,ʊdɪt
ʊd.ɪk,ʊd.ɪk,ʊdɪk,ʊdɪk,ʊdɪk,ʊdɪk
ʊd.ɪb,ʊd.ɪb,ʊdɪb,ʊdɪb,ʊdɪb,ʊdɪb
ʊd.ɪd,ʊd.ɪd,ʊdɪd,ʊdɪd,ʊdɪd,ʊdɪd
ʊd.ɪg,ʊd.ɪg,ʊdɪg,ʊdɪg,ʊdɪg,ʊdɪg
ʊd.ɪf,ʊd.ɪf,ʊdɪf,ʊdɪf,ʊdɪf,ʊdɪf
ʊd.ɪs,ʊd.ɪs,ʊdɪs,ʊdɪs,ʊdɪs,ʊdɪs
ʊd.ɪv,ʊd.ɪv,ʊdɪv,ʊdɪv,ʊdɪv,ʊdɪv
ʊd.ɪz,ʊd.ɪz,ʊdɪz,ʊdɪz,ʊdɪz,ʊdɪz
ʊd.ɪʃ,ʊd.ɪʃ,ʊdɪʃ,ʊdɪʃ,ʊdɪʃ,ʊdɪʃ
ʊd.ɪʒ,ʊd.ɪʒ,ʊdɪʒ,ʊdɪʒ,ʊdɪʒ,ʊdɪʒ
ʊd.ɪθ,ʊd.ɪθ,ʊdɪθ,ʊdɪθ,ʊdɪθ,ʊdɪθ
ʊd.ɪð,ʊd.ɪð,ʊdɪð,ʊdɪð,ʊdɪð,ʊdɪð
ʊd.ɛm,ʊd.ɛm,ʊdɛm,ʊdɛm,ʊdɛm,ʊdɛm
ʊd.ɛn,ʊd.ɛn,ʊdɛn,ʊdɛn,ʊdɛn,ʊdɛn
ʊd.ɛŋ,ʊd.ɛŋ,ʊdɛŋ,ʊdɛŋ,ʊdɛŋ,ʊdɛŋ
ʊd.ɛp,ʊd.ɛp,ʊdɛp,ʊdɛp,ʊdɛp,ʊdɛp
ʊd.ɛt,ʊd.ɛt,ʊdɛt,ʊdɛt,ʊdɛt,ʊdɛt
ʊd.ɛk,ʊd.ɛk,ʊdɛk,ʊdɛk,ʊdɛk,ʊdɛk
ʊd.ɛb,ʊd.ɛb,ʊdɛb,ʊdɛb,ʊdɛb,ʊdɛb
ʊd.ɛd,ʊd.ɛd,ʊdɛd,ʊdɛd,ʊdɛd,ʊdɛd
ʊd.ɛg,ʊd.ɛg,ʊdɛg,ʊdɛg,ʊdɛg,ʊdɛg
ʊd.ɛf,ʊd.ɛf,ʊdɛf,ʊdɛf,ʊdɛf,ʊdɛf
ʊd.ɛs,ʊd.ɛs,ʊdɛs,ʊdɛs,ʊdɛs,ʊdɛs
ʊd.ɛv,ʊd.ɛv,ʊdɛv,ʊdɛv,ʊdɛv,ʊdɛv
ʊd.ɛz,ʊd.ɛz,ʊdɛz,ʊdɛz,ʊdɛz,ʊdɛz
ʊd.ɛʃ,ʊd.ɛʃ,ʊdɛʃ,ʊdɛʃ,ʊdɛʃ,ʊdɛʃ
ʊd.ɛʒ,ʊd.ɛʒ,ʊdɛʒ,ʊdɛʒ,ʊdɛʒ,ʊdɛʒ
ʊd.ɛθ,ʊd.ɛθ,ʊdɛθ,ʊdɛθ,ʊdɛθ,ʊdɛθ
ʊd.ɛð,ʊd.ɛð,ʊdɛð,ʊdɛð,ʊdɛð,ʊdɛð
ʊd.ʊm,ʊd.ʊm,ʊdʊm,ʊdʊm,ʊdʊm,ʊdʊm
ʊd.ʊn,ʊd.ʊn,ʊdʊn,ʊdʊn,ʊdʊn,ʊdʊn
ʊd.ʊŋ,ʊd.ʊŋ,ʊdʊŋ,ʊdʊŋ,ʊdʊŋ,ʊdʊŋ
ʊd.ʊp,ʊd.ʊp,ʊdʊp,ʊdʊp,ʊdʊp,ʊdʊp
ʊd.ʊt,ʊd.ʊt,ʊdʊt,ʊdʊt,ʊdʊt,ʊdʊt
ʊd.ʊk,ʊd.ʊk,ʊdʊk,ʊdʊk,ʊdʊk,ʊdʊk
ʊd.ʊb,ʊd.ʊb,ʊdʊb,ʊdʊb,ʊdʊb,ʊdʊb
ʊd.ʊd,ʊd.ʊd,ʊdʊd,ʊdʊd,ʊdʊd,ʊdʊd
ʊd.ʊg,ʊd.ʊg,ʊdʊg,ʊdʊg,ʊdʊg,ʊdʊg
ʊd.ʊf,ʊd.ʊf,ʊdʊf,ʊdʊf,ʊdʊf,ʊdʊf
ʊd.ʊs,ʊd.ʊs,ʊdʊs,ʊdʊs,ʊdʊs,ʊdʊs
ʊd.ʊv,ʊd.ʊv,ʊdʊv,ʊdʊv,ʊdʊv,ʊdʊv
ʊd.ʊz,ʊd.ʊz,ʊdʊz,ʊdʊz,ʊdʊz,ʊdʊz
ʊd.ʊʃ,ʊd.ʊʃ,ʊdʊʃ,ʊdʊʃ,ʊdʊʃ,ʊdʊʃ
ʊd.ʊʒ,ʊd.ʊʒ,ʊdʊʒ,ʊdʊʒ,ʊdʊʒ,ʊdʊʒ
ʊd.ʊθ,ʊd.ʊθ,ʊdʊθ,ʊdʊθ,ʊdʊθ,ʊdʊθ
ʊd.ʊð,ʊd.ʊð,ʊdʊð,ʊdʊð,ʊdʊð,ʊdʊð
ʊd.ɔm,ʊd.ɔm,ʊdɔm,ʊdɔm,ʊdɔm,ʊdɔm
ʊd.ɔn,ʊd.ɔn,ʊdɔn,ʊdɔn,ʊdɔn,ʊdɔn
ʊd.ɔŋ,ʊd.ɔŋ,ʊdɔŋ,ʊdɔŋ,ʊdɔŋ,ʊdɔŋ
ʊd.ɔp,ʊd.ɔp,ʊdɔp,ʊdɔp,ʊdɔp,ʊdɔp
ʊd.ɔt,ʊd.ɔt,ʊdɔt,ʊdɔt,ʊdɔt,ʊdɔt
ʊd.ɔk,ʊd.ɔk,ʊdɔk,ʊdɔk,ʊdɔk,ʊdɔk
ʊd.ɔb,ʊd.ɔb,ʊdɔb,ʊdɔb,ʊdɔb,ʊdɔb
ʊd.ɔd,ʊd.ɔd,ʊdɔd,ʊdɔd,ʊdɔd,ʊdɔd
ʊd.ɔg,ʊd.ɔg,ʊdɔg,ʊdɔg,ʊdɔg,ʊdɔg
ʊd.ɔf,ʊd.ɔf,ʊdɔf,ʊdɔf,ʊdɔf,ʊdɔf
ʊd.ɔs,ʊd.ɔs,ʊdɔs,ʊdɔs,ʊdɔs,ʊdɔs
ʊd.ɔv,ʊd.ɔv,ʊdɔv,ʊdɔv,ʊdɔv,ʊdɔv
ʊd.ɔz,ʊd.ɔz,ʊdɔz,ʊdɔz,ʊdɔz,ʊdɔz
ʊd.ɔʃ,ʊd.ɔʃ,ʊdɔʃ,ʊdɔʃ,ʊdɔʃ,ʊdɔʃ
ʊd.ɔʒ,ʊd.ɔʒ,ʊdɔʒ,ʊdɔʒ,ʊdɔʒ,ʊdɔʒ
ʊd.ɔθ,ʊd.ɔθ,ʊdɔθ,ʊdɔθ,ʊdɔθ,ʊdɔθ
ʊd.ɔð,ʊd.ɔð,ʊdɔð,ʊdɔð,ʊdɔð,ʊdɔð
ʊg.ɪm,ʊg.ɪm,ʊgɪm,ʊgɪm,ʊgɪm,ʊgɪm
ʊg.ɪn,ʊg.ɪn,ʊgɪn,ʊgɪn,ʊgɪn,ʊgɪn
ʊg.ɪŋ,ʊg.ɪŋ,ʊgɪŋ,ʊgɪŋ,ʊgɪŋ,ʊgɪŋ
ʊg.ɪp,ʊg.ɪp,ʊgɪp,ʊgɪp,ʊgɪp,ʊgɪp
ʊg.ɪt,ʊg.ɪt,ʊgɪt,ʊgɪt,ʊgɪt,ʊgɪt
ʊg.ɪk,ʊg.ɪk,ʊgɪk,ʊgɪk,ʊgɪk,ʊgɪk
ʊg.ɪb,ʊg.ɪb,ʊgɪb,ʊgɪb,ʊgɪb,ʊgɪb
ʊg.ɪd,ʊg.ɪd,ʊgɪd,ʊgɪd,ʊgɪd,ʊgɪd
ʊg.ɪg,ʊg.ɪg,ʊgɪg,ʊgɪg,ʊgɪg,ʊgɪg
ʊg.ɪf,ʊg.ɪf,ʊgɪf,ʊgɪf,ʊgɪf,ʊgɪf
ʊg.ɪs,ʊg.ɪs,ʊgɪs,ʊgɪs,ʊgɪs,ʊgɪs
ʊg.ɪv,ʊg.ɪv,ʊgɪv,ʊgɪv,ʊgɪv,ʊgɪv
ʊg.ɪz,ʊg.ɪz,ʊgɪz,ʊgɪz,ʊgɪz,ʊgɪz
ʊg.ɪʃ,ʊg.ɪʃ,ʊgɪʃ,ʊgɪʃ,ʊgɪʃ,ʊgɪʃ
ʊg.ɪʒ,ʊg.ɪʒ,ʊgɪʒ,ʊgɪʒ,ʊgɪʒ,ʊgɪʒ
ʊg.ɪθ,ʊg.ɪθ,ʊgɪθ,ʊgɪθ,ʊgɪθ,ʊgɪθ
ʊg.ɪð,ʊg.ɪð,ʊgɪð,ʊgɪð,ʊgɪð,ʊgɪð
ʊg.ɛm,ʊg.ɛm,ʊgɛm,ʊgɛm,ʊgɛm,ʊgɛm
ʊg.ɛn,ʊg.ɛn,ʊgɛn,ʊgɛn,ʊgɛn,ʊgɛn
ʊg.ɛŋ,ʊg.ɛŋ,ʊgɛŋ,ʊgɛŋ,ʊgɛŋ,ʊgɛŋ
ʊg.ɛp,ʊg.ɛp,ʊgɛp,ʊgɛp,ʊgɛp,ʊgɛp
ʊg.ɛt,ʊg.ɛt,ʊgɛt,ʊgɛt,ʊgɛt,ʊgɛt
ʊg.ɛk,ʊg.ɛk,ʊgɛk,ʊgɛk,ʊgɛk,ʊgɛk
ʊg.ɛb,ʊg.ɛb,ʊgɛb,ʊgɛb,ʊgɛb,ʊgɛb
ʊg.ɛd,ʊg.ɛd,ʊgɛd,ʊgɛd,ʊgɛd,ʊgɛd
ʊg.ɛg,ʊg.ɛg,ʊgɛg,ʊgɛg,ʊgɛg,ʊgɛg
ʊg.ɛf,ʊg.ɛf,ʊgɛf,ʊgɛf,ʊgɛf,ʊgɛf
ʊg.ɛs,ʊg.ɛs,ʊgɛs,ʊgɛs,ʊgɛs,ʊgɛs
ʊg.ɛv,ʊg.ɛv,ʊgɛv,ʊgɛv,ʊgɛv,ʊgɛv
ʊg.ɛz,ʊg.ɛz,ʊgɛz,ʊgɛz,ʊgɛz,ʊgɛz
ʊg.ɛʃ,ʊg.ɛʃ,ʊgɛʃ,ʊgɛʃ,ʊgɛʃ,ʊgɛʃ
ʊg.ɛʒ,ʊg.ɛʒ,ʊgɛʒ,ʊgɛʒ,ʊgɛʒ,ʊgɛʒ
ʊg.ɛθ,ʊg.ɛθ,ʊgɛθ,ʊgɛθ,ʊgɛθ,ʊgɛθ
ʊg.ɛð,ʊg.ɛð,ʊgɛð,ʊgɛð,ʊgɛð,ʊgɛð
ʊg.ʊm,ʊg.ʊm,ʊgʊm,ʊgʊm,ʊgʊm,ʊgʊm
ʊg.ʊn,ʊg.ʊn,ʊgʊn,ʊgʊn,ʊgʊn,ʊgʊn
ʊg.ʊŋ,ʊg.ʊŋ,ʊgʊŋ,ʊgʊŋ,ʊgʊŋ,ʊgʊŋ
ʊg.ʊp,ʊg.ʊp,ʊgʊp,ʊgʊp,ʊgʊp,ʊgʊp
ʊg.ʊt,ʊg.ʊt,ʊgʊt,ʊgʊt,ʊgʊt,ʊgʊt
ʊg.ʊk,ʊg.ʊk,ʊgʊk,ʊgʊk,ʊgʊk,ʊgʊk
ʊg.ʊb,ʊg.ʊb,ʊgʊb,ʊgʊb,ʊgʊb,ʊgʊb
ʊg.ʊd,ʊg.ʊd,ʊgʊd,ʊgʊd,ʊgʊd,ʊgʊd
ʊg.ʊg,ʊg.ʊg,ʊgʊg,ʊgʊg,ʊgʊg,ʊgʊg
ʊg.ʊf,ʊg.ʊf,ʊgʊf,ʊgʊf,ʊgʊf,ʊgʊf
ʊg.ʊs,ʊg.ʊs,ʊgʊs,ʊgʊs,ʊgʊs,ʊgʊs
ʊg.ʊv,ʊg.ʊv,ʊgʊv,ʊgʊv,ʊgʊv,ʊgʊv
ʊg.ʊz,ʊg.ʊz,ʊgʊz,ʊgʊz,ʊgʊz,ʊgʊz
ʊg.ʊʃ,ʊg.ʊʃ,ʊgʊʃ,ʊgʊʃ,ʊgʊʃ,ʊgʊʃ
ʊg.ʊʒ,ʊg.ʊʒ,ʊgʊʒ,ʊgʊʒ,ʊgʊʒ,ʊgʊʒ
ʊg.ʊθ,ʊg.ʊθ,ʊgʊθ,ʊgʊθ,ʊgʊθ,ʊgʊθ
ʊg.ʊð,ʊg.ʊð,ʊgʊð,ʊgʊð,ʊgʊð,ʊgʊð
ʊg.ɔm,ʊg.ɔm,ʊgɔm,ʊgɔm,ʊgɔm,ʊgɔm
ʊg.ɔn,ʊg.ɔn,ʊgɔn,ʊgɔn,ʊgɔn,ʊgɔn
ʊg.ɔŋ,ʊg.ɔŋ,ʊgɔŋ,ʊgɔŋ,ʊgɔŋ,ʊgɔŋ
ʊg.ɔp,ʊg.ɔp,ʊgɔp,ʊgɔp,ʊgɔp,ʊgɔp
ʊg.ɔt,ʊg.ɔt,ʊgɔt,ʊgɔt,ʊgɔt,ʊgɔt
ʊg.ɔk,ʊg.ɔk,ʊgɔk,ʊgɔk,ʊgɔk,ʊgɔk
ʊg.ɔb,ʊg.ɔb,ʊgɔb,ʊgɔb,ʊgɔb,ʊgɔb
ʊg.ɔd,ʊg.ɔd,ʊgɔd,ʊgɔd,ʊgɔd,ʊgɔd
ʊg.ɔg,ʊg.ɔg,ʊgɔg,ʊgɔg,ʊgɔg,ʊgɔg
ʊg.ɔf,ʊg.ɔf,ʊgɔf,ʊgɔf,ʊgɔf,ʊgɔf
ʊg.ɔs,ʊg.ɔs,ʊgɔs,ʊgɔs,ʊgɔs,ʊgɔs
ʊg.ɔv,ʊg.ɔv,ʊgɔv,ʊgɔv,ʊgɔv,ʊgɔv
ʊg.ɔz,ʊg.ɔz,ʊgɔz,ʊgɔz,ʊgɔz,ʊgɔz
ʊg.ɔʃ,ʊg.ɔʃ,ʊgɔʃ,ʊgɔʃ,ʊgɔʃ,ʊgɔʃ
ʊg.ɔʒ,ʊg.ɔʒ,ʊgɔʒ,ʊgɔʒ,ʊgɔʒ,ʊgɔʒ
ʊg.ɔθ,ʊg.ɔθ,ʊgɔθ,ʊgɔθ,ʊgɔθ,ʊgɔθ
ʊg.ɔð,ʊg.ɔð,ʊgɔð,ʊgɔð,ʊgɔð,ʊgɔð
ʊf.ɪm,ʊf.ɪm,ʊfɪm,ʊfɪm,ʊfɪm,ʊfɪm
ʊf.ɪn,ʊf.ɪn,ʊfɪn,ʊfɪn,ʊfɪn,ʊfɪn
ʊf.ɪŋ,ʊf.ɪŋ,ʊfɪŋ,ʊfɪŋ,ʊfɪŋ,ʊfɪŋ
ʊf.ɪp,ʊf.ɪp,ʊfɪp,ʊfɪp,ʊfɪp,ʊfɪp
ʊf.ɪt,ʊf.ɪt,ʊfɪt,ʊfɪt,ʊfɪt,ʊfɪt
ʊf.ɪk,ʊf.ɪk,ʊfɪk,ʊfɪk,ʊfɪk,ʊfɪk
ʊf.ɪb,ʊf.ɪb,ʊfɪb,ʊfɪb,ʊfɪb,ʊfɪb
ʊf.ɪd,ʊf.ɪd,ʊfɪd,ʊfɪd,ʊfɪd,ʊfɪd
ʊf.ɪg,ʊf.ɪg,ʊfɪg,ʊfɪg,ʊfɪg,ʊfɪg
ʊf.ɪf,ʊf.ɪf,ʊfɪf,ʊfɪf,ʊfɪf,ʊfɪf
ʊf.ɪs,ʊf.ɪs,ʊfɪs,ʊfɪs,ʊfɪs,ʊfɪs
ʊf.ɪv,ʊf.ɪv,ʊfɪv,ʊfɪv,ʊfɪv,ʊfɪv
ʊf.ɪz,ʊf.ɪz,ʊfɪz,ʊfɪz,ʊfɪz,ʊfɪz
ʊf.ɪʃ,ʊf.ɪʃ,ʊfɪʃ,ʊfɪʃ,ʊfɪʃ,ʊfɪʃ
ʊf.ɪʒ,ʊf.ɪʒ,ʊfɪʒ,ʊfɪʒ,ʊfɪʒ,ʊfɪʒ
ʊf.ɪθ,ʊf.ɪθ,ʊfɪθ,ʊfɪθ,ʊfɪθ,ʊfɪθ
ʊf.ɪð,ʊf.ɪð,ʊfɪð,ʊfɪð,ʊfɪð,ʊfɪð
ʊf.ɛm,ʊf.ɛm,ʊfɛm,ʊfɛm,ʊfɛm,ʊfɛm
ʊf.ɛn,ʊf.ɛn,ʊfɛn,ʊfɛn,ʊfɛn,ʊfɛn
ʊf.ɛŋ,ʊf.ɛŋ,ʊfɛŋ,ʊfɛŋ,ʊfɛŋ,ʊfɛŋ
ʊf.ɛp,ʊf.ɛp,ʊfɛp,ʊfɛp,ʊfɛp,ʊfɛp
ʊf.ɛt,ʊf.ɛt,ʊfɛt,ʊfɛt,ʊfɛt,ʊfɛt
ʊf.ɛk,ʊf.ɛk,ʊfɛk,ʊfɛk,ʊfɛk,ʊfɛk
ʊf.ɛb,ʊf.ɛb,ʊfɛb,ʊfɛb,ʊfɛb,ʊfɛb
ʊf.ɛd,ʊf.ɛd,ʊfɛd,ʊfɛd,ʊfɛd,ʊfɛd
ʊf.ɛg,ʊf.ɛg,ʊfɛg,ʊfɛg,ʊfɛg,ʊfɛg
ʊf.ɛf,ʊf.ɛf,ʊfɛf,ʊfɛf,ʊfɛf,ʊfɛf
ʊf.ɛs,ʊf.ɛs,ʊfɛs,ʊfɛs,ʊfɛs,ʊfɛs
ʊf.ɛv,ʊf.ɛv,ʊfɛv,ʊfɛv,ʊfɛv,ʊfɛv
ʊf.ɛz,ʊf.ɛz,ʊfɛz,ʊfɛz,ʊfɛz,ʊfɛz
ʊf.ɛʃ,ʊf.ɛʃ,ʊfɛʃ,ʊfɛʃ,ʊfɛʃ,ʊfɛʃ
ʊf.ɛʒ,ʊf.ɛʒ,ʊfɛʒ,ʊfɛʒ,ʊfɛʒ,ʊfɛʒ
ʊf.ɛθ,ʊf.ɛθ,ʊfɛθ,ʊfɛθ,ʊfɛθ,ʊfɛθ
ʊf.ɛð,ʊf.ɛð,ʊfɛð,ʊfɛð,ʊfɛð,ʊfɛð
ʊf.ʊm,ʊf.ʊm,ʊfʊm,ʊfʊm,ʊfʊm,ʊfʊm
ʊf.ʊn,ʊf.ʊn,ʊfʊn,ʊfʊn,ʊfʊn,ʊfʊn
ʊf.ʊŋ,ʊf.ʊŋ,ʊfʊŋ,ʊfʊŋ,ʊfʊŋ,ʊfʊŋ
ʊf.ʊp,ʊf.ʊp,ʊfʊp,ʊfʊp,ʊfʊp,ʊfʊp
ʊf.ʊt,ʊf.ʊt,ʊfʊt,ʊfʊt,ʊfʊt,ʊfʊt
ʊf.ʊk,ʊf.ʊk,ʊfʊk,ʊfʊk,ʊfʊk,ʊfʊk
ʊf.ʊb,ʊf.ʊb,ʊfʊb,ʊfʊb,ʊfʊb,ʊfʊb
ʊf.ʊd,ʊf.ʊd,ʊfʊd,ʊfʊd,ʊfʊd,ʊfʊd
ʊf.ʊg,ʊf.ʊg,ʊfʊg,ʊfʊg,ʊfʊg,ʊfʊg
ʊf.ʊf,ʊf.ʊf,ʊfʊf,ʊfʊf,ʊfʊf,ʊfʊf
ʊf.ʊs,ʊf.ʊs,ʊfʊs,ʊfʊs,ʊfʊs,ʊfʊs
ʊf.ʊv,ʊf.ʊv,ʊfʊv,ʊfʊv,ʊfʊv,ʊfʊv
ʊf.ʊz,ʊf.ʊz,ʊfʊz,ʊfʊz,ʊfʊz,ʊfʊz
ʊf.ʊʃ,ʊf.ʊʃ,ʊfʊʃ,ʊfʊʃ,ʊfʊʃ,ʊfʊʃ
ʊf.ʊʒ,ʊf.ʊʒ,ʊfʊʒ,ʊfʊʒ,ʊfʊʒ,ʊfʊʒ
ʊf.ʊθ,ʊf.ʊθ,ʊfʊθ,ʊfʊθ,ʊfʊθ,ʊfʊθ
ʊf.ʊð,ʊf.ʊð,ʊfʊð,ʊfʊð,ʊfʊð,ʊfʊð
ʊf.ɔm,ʊf.ɔm,ʊfɔm,ʊfɔm,ʊfɔm,ʊfɔm
ʊf.ɔn,ʊf.ɔn,ʊfɔn,ʊfɔn,ʊfɔn,ʊfɔn
ʊf.ɔŋ,ʊf.ɔŋ,ʊfɔŋ,ʊfɔŋ,ʊfɔŋ,ʊfɔŋ
ʊf.ɔp,ʊf.ɔp,ʊfɔp,ʊfɔp,ʊfɔp,ʊfɔp
ʊf.ɔt,ʊf.ɔt,ʊfɔt,ʊfɔt,ʊfɔt,ʊfɔt
ʊf.ɔk,ʊf.ɔk,ʊfɔk,ʊfɔk,ʊfɔk,ʊfɔk
ʊf.ɔb,ʊf.ɔb,ʊfɔb,ʊfɔb,ʊfɔb,ʊfɔb
ʊf.ɔd,ʊf.ɔd,ʊfɔd,ʊfɔd,ʊfɔd,ʊfɔd
ʊf.ɔg,ʊf.ɔg,ʊfɔg,ʊfɔg,ʊfɔg,ʊfɔg
ʊf.ɔf,ʊf.ɔf,ʊfɔf,ʊfɔf,ʊfɔf,ʊfɔf
ʊf.ɔs,ʊf.ɔs,ʊfɔs,ʊfɔs,ʊfɔs,ʊfɔs
ʊf.ɔv,ʊf.ɔv,ʊfɔv,ʊfɔv,ʊfɔv,ʊfɔv
ʊf.ɔz,ʊf.ɔz,ʊfɔz,ʊfɔz,ʊfɔz,ʊfɔz
ʊf.ɔʃ,ʊf.ɔʃ,ʊfɔʃ,ʊfɔʃ,ʊfɔʃ,ʊfɔʃ
ʊf.ɔʒ,ʊf.ɔʒ,ʊfɔʒ,ʊfɔʒ,ʊfɔʒ,ʊfɔʒ
ʊf.ɔθ,ʊf.ɔθ,ʊfɔθ,ʊfɔθ,ʊfɔθ,ʊfɔθ
ʊf.ɔð,ʊf.ɔð,ʊfɔð,ʊfɔð,ʊfɔð,ʊfɔð
ʊs.ɪm,ʊs.ɪm,ʊsɪm,ʊsɪm,ʊsɪm,ʊsɪm
ʊs.ɪn,ʊs.ɪn,ʊsɪn,ʊsɪn,ʊsɪn,ʊsɪn
ʊs.ɪŋ,ʊs.ɪŋ,ʊsɪŋ,ʊsɪŋ,ʊsɪŋ,ʊsɪŋ
ʊs.ɪp,ʊs.ɪp,ʊsɪp,ʊsɪp,ʊsɪp,ʊsɪp
ʊs.ɪt,ʊs.ɪt,ʊsɪt,ʊsɪt,ʊsɪt,ʊsɪt
ʊs.ɪk,ʊs.ɪk,ʊsɪk,ʊsɪk,ʊsɪk,ʊsɪk
ʊs.ɪb,ʊs.ɪb,ʊsɪb,ʊsɪb,ʊsɪb,ʊsɪb
ʊs.ɪd,ʊs.ɪd,ʊsɪd,ʊsɪd,ʊsɪd,ʊsɪd
ʊs.ɪg,ʊs.ɪg,ʊsɪg,ʊsɪg,ʊsɪg,ʊsɪg
ʊs.ɪf,ʊs.ɪf,ʊsɪf,ʊsɪf,ʊsɪf,ʊsɪf
ʊs.ɪs,ʊs.ɪs,ʊsɪs,ʊsɪs,ʊsɪs,ʊsɪs
ʊs.ɪv,ʊs.ɪv,ʊsɪv,ʊsɪv,ʊsɪv,ʊsɪv
ʊs.ɪz,ʊs.ɪz,ʊsɪz,ʊsɪz,ʊsɪz,ʊsɪz
ʊs.ɪʃ,ʊs.ɪʃ,ʊsɪʃ,ʊsɪʃ,ʊsɪʃ,ʊsɪʃ
ʊs.ɪʒ,ʊs.ɪʒ,ʊsɪʒ,ʊsɪʒ,ʊsɪʒ,ʊsɪʒ
ʊs.ɪθ,ʊs.ɪθ,ʊsɪθ,ʊsɪθ,ʊsɪθ,ʊsɪθ
ʊs.ɪð,ʊs.ɪð,ʊsɪð,ʊsɪð,ʊsɪð,ʊsɪð
ʊs.ɛm,ʊs.ɛm,ʊsɛm,ʊsɛm,ʊsɛm,ʊsɛm
ʊs.ɛn,ʊs.ɛn,ʊsɛn,ʊsɛn,ʊsɛn,ʊsɛn
ʊs.ɛŋ,ʊs.ɛŋ,ʊsɛŋ,ʊsɛŋ,ʊsɛŋ,ʊsɛŋ
ʊs.ɛp,ʊs.ɛp,ʊsɛp,ʊsɛp,ʊsɛp,ʊsɛp
ʊs.ɛt,ʊs.ɛt,ʊsɛt,ʊsɛt,ʊsɛt,ʊsɛt
ʊs.ɛk,ʊs.ɛk,ʊsɛk,ʊsɛk,ʊsɛk,ʊsɛk
ʊs.ɛb,ʊs.ɛb,ʊsɛb,ʊsɛb,ʊsɛb,ʊsɛb
ʊs.ɛd,ʊs.ɛd,ʊsɛd,ʊsɛd,ʊsɛd,ʊsɛd
ʊs.ɛg,ʊs.ɛg,ʊsɛg,ʊsɛg,ʊsɛg,ʊsɛg
ʊs.ɛf,ʊs.ɛf,ʊsɛf,ʊsɛf,ʊsɛf,ʊsɛf
ʊs.ɛs,ʊs.ɛs,ʊsɛs,ʊsɛs,ʊsɛs,ʊsɛs
ʊs.ɛv,ʊs.ɛv,ʊsɛv,ʊsɛv,ʊsɛv,ʊsɛv
ʊs.ɛz,ʊs.ɛz,ʊsɛz,ʊsɛz,ʊsɛz,ʊsɛz
ʊs.ɛʃ,ʊs.ɛʃ,ʊsɛʃ,ʊsɛʃ,ʊsɛʃ,ʊsɛʃ
ʊs.ɛʒ,ʊs.ɛʒ,ʊsɛʒ,ʊsɛʒ,ʊsɛʒ,ʊsɛʒ
ʊs.ɛθ,ʊs.ɛθ,ʊsɛθ,ʊsɛθ,ʊsɛθ,ʊsɛθ
ʊs.ɛð,ʊs.ɛð,ʊsɛð,ʊsɛð,ʊsɛð,ʊsɛð
ʊs.ʊm,ʊs.ʊm,ʊsʊm,ʊsʊm,ʊsʊm,ʊsʊm
ʊs.ʊn,ʊs.ʊn,ʊsʊn,ʊsʊn,ʊsʊn,ʊsʊn
ʊs.ʊŋ,ʊs.ʊŋ,ʊsʊŋ,ʊsʊŋ,ʊsʊŋ,ʊsʊŋ
ʊs.ʊp,ʊs.ʊp,ʊsʊp,ʊsʊp,ʊsʊp,ʊsʊp
ʊs.ʊt,ʊs.ʊt,ʊsʊt,ʊsʊt,ʊsʊt,ʊsʊt
ʊs.ʊk,ʊs.ʊk,ʊsʊk,ʊsʊk,ʊsʊk,ʊsʊk
ʊs.ʊb,ʊs.ʊb,ʊsʊb,ʊsʊb,ʊsʊb,ʊsʊb
ʊs.ʊd,ʊs.ʊd,ʊsʊd,ʊsʊd,ʊsʊd,ʊsʊd
ʊs.ʊg,ʊs.ʊg,ʊsʊg,ʊsʊg,ʊsʊg,ʊsʊg
ʊs.ʊf,ʊs.ʊf,ʊsʊf,ʊsʊf,ʊsʊf,ʊsʊf
ʊs.ʊs,ʊs.ʊs,ʊsʊs,ʊsʊs,ʊsʊs,ʊsʊs
ʊs.ʊv,ʊs.ʊv,ʊsʊv,ʊsʊv,ʊsʊv,ʊsʊv
ʊs.ʊz,ʊs.ʊz,ʊsʊz,ʊsʊz,ʊsʊz,ʊsʊz
ʊs.ʊʃ,ʊs.ʊʃ,ʊsʊʃ,ʊsʊʃ,ʊsʊʃ,ʊsʊʃ
ʊs.ʊʒ,ʊs.ʊʒ,ʊsʊʒ,ʊsʊʒ,ʊsʊʒ,ʊsʊʒ
ʊs.ʊθ,ʊs.ʊθ,ʊsʊθ,ʊsʊθ,ʊsʊθ,ʊsʊθ
ʊs.ʊð,ʊs.ʊð,ʊsʊð,ʊsʊð,ʊsʊð,ʊsʊð
ʊs.ɔm,ʊs.ɔm,ʊsɔm,ʊsɔm,ʊsɔm,ʊsɔm
ʊs.ɔn,ʊs.ɔn,ʊsɔn,ʊsɔn,ʊsɔn,ʊsɔn
ʊs.ɔŋ,ʊs.ɔŋ,ʊsɔŋ,ʊsɔŋ,ʊsɔŋ,ʊsɔŋ
ʊs.ɔp,ʊs.ɔp,ʊsɔp,ʊsɔp,ʊsɔp,ʊsɔp
ʊs.ɔt,ʊs.ɔt,ʊsɔt,ʊsɔt,ʊsɔt,ʊsɔt
ʊs.ɔk,ʊs.ɔk,ʊsɔk,ʊsɔk,ʊsɔk,ʊsɔk
ʊs.ɔb,ʊs.ɔb,ʊsɔb,ʊsɔb,ʊsɔb,ʊsɔb
ʊs.ɔd,ʊs.ɔd,ʊsɔd,ʊsɔd,ʊsɔd,ʊsɔd
ʊs.ɔg,ʊs.ɔg,ʊsɔg,ʊsɔg,ʊsɔg,ʊsɔg
ʊs.ɔf,ʊs.ɔf,ʊsɔf,ʊsɔf,ʊsɔf,ʊsɔf
ʊs.ɔs,ʊs.ɔs,ʊsɔs,ʊsɔs,ʊsɔs,ʊsɔs
ʊs.ɔv,ʊs.ɔv,ʊsɔv,ʊsɔv,ʊsɔv,ʊsɔv
ʊs.ɔz,ʊs.ɔz,ʊsɔz,ʊsɔz,ʊsɔz,ʊsɔz
ʊs.ɔʃ,ʊs.ɔʃ,ʊsɔʃ,ʊsɔʃ,ʊsɔʃ,ʊsɔʃ
ʊs.ɔʒ,ʊs.ɔʒ,ʊsɔʒ,ʊsɔʒ,ʊsɔʒ,ʊsɔʒ
ʊs.ɔθ,ʊs.ɔθ,ʊsɔθ,ʊsɔθ,ʊsɔθ,ʊsɔθ
ʊs.ɔð,ʊs.ɔð,ʊsɔð,ʊsɔð,ʊsɔð,ʊsɔð
ʊv.ɪm,ʊv.ɪm,ʊvɪm,ʊvɪm,ʊvɪm,ʊvɪm
ʊv.ɪn,ʊv.ɪn,ʊvɪn,ʊvɪn,ʊvɪn,ʊvɪn
ʊv.ɪŋ,ʊv.ɪŋ,ʊvɪŋ,ʊvɪŋ,ʊvɪŋ,ʊvɪŋ
ʊv.ɪp,ʊv.ɪp,ʊvɪp,ʊvɪp,ʊvɪp,ʊvɪp
ʊv.ɪt,ʊv.ɪt,ʊvɪt,ʊvɪt,ʊvɪt,ʊvɪt
ʊv.ɪk,ʊv.ɪk,ʊvɪk,ʊvɪk,ʊvɪk,ʊvɪk
ʊv.ɪb,ʊv.ɪb,ʊvɪb,ʊvɪb,ʊvɪb,ʊvɪb
ʊv.ɪd,ʊv.ɪd,ʊvɪd,ʊvɪd,ʊvɪd,ʊvɪd
ʊv.ɪg,ʊv.ɪg,ʊvɪg,ʊvɪg,ʊvɪg,ʊvɪg
ʊv.ɪf,ʊv.ɪf,ʊvɪf,ʊvɪf,ʊvɪf,ʊvɪf
ʊv.ɪs,ʊv.ɪs,ʊvɪs,ʊvɪs,ʊvɪs,ʊvɪs
ʊv.ɪv,ʊv.ɪv,ʊvɪv,ʊvɪv,ʊvɪv,ʊvɪv
ʊv.ɪz,ʊv.ɪz,ʊvɪz,ʊvɪz,ʊvɪz,ʊvɪz
ʊv.ɪʃ,ʊv.ɪʃ,ʊvɪʃ,ʊvɪʃ,ʊvɪʃ,ʊvɪʃ
ʊv.ɪʒ,ʊv.ɪʒ,ʊvɪʒ,ʊvɪʒ,ʊvɪʒ,ʊvɪʒ
ʊv.ɪθ,ʊv.ɪθ,ʊvɪθ,ʊvɪθ,ʊvɪθ,ʊvɪθ
ʊv.ɪð,ʊv.ɪð,ʊvɪð,ʊvɪð,ʊvɪð,ʊvɪð
ʊv.ɛm,ʊv.ɛm,ʊvɛm,ʊvɛm,ʊvɛm,ʊvɛm
ʊv.ɛn,ʊv.ɛn,ʊvɛn,ʊvɛn,ʊvɛn,ʊvɛn
ʊv.ɛŋ,ʊv.ɛŋ,ʊvɛŋ,ʊvɛŋ,ʊvɛŋ,ʊvɛŋ
ʊv.ɛp,ʊv.ɛp,ʊvɛp,ʊvɛp,ʊvɛp,ʊvɛp
ʊv.ɛt,ʊv.ɛt,ʊvɛt,ʊvɛt,ʊvɛt,ʊvɛt
ʊv.ɛk,ʊv.ɛk,ʊvɛk,ʊvɛk,ʊvɛk,ʊvɛk
ʊv.ɛb,ʊv.ɛb,ʊvɛb,ʊvɛb,ʊvɛb,ʊvɛb
ʊv.ɛd,ʊv.ɛd,ʊvɛd,ʊvɛd,ʊvɛd,ʊvɛd
ʊv.ɛg,ʊv.ɛg,ʊvɛg,ʊvɛg,ʊvɛg,ʊvɛg
ʊv.ɛf,ʊv.ɛf,ʊvɛf,ʊvɛf,ʊvɛf,ʊvɛf
ʊv.ɛs,ʊv.ɛs,ʊvɛs,ʊvɛs,ʊvɛs,ʊvɛs
ʊv.ɛv,ʊv.ɛv,ʊvɛv,ʊvɛv,ʊvɛv,ʊvɛv
ʊv.ɛz,ʊv.ɛz,ʊvɛz,ʊvɛz,ʊvɛz,ʊvɛz
ʊv.ɛʃ,ʊv.ɛʃ,ʊvɛʃ,ʊvɛʃ,ʊvɛʃ,ʊvɛʃ
ʊv.ɛʒ,ʊv.ɛʒ,ʊvɛʒ,ʊvɛʒ,ʊvɛʒ,ʊvɛʒ
ʊv.ɛθ,ʊv.ɛθ,ʊvɛθ,ʊvɛθ,ʊvɛθ,ʊvɛθ
ʊv.ɛð,ʊv.ɛð,ʊvɛð,ʊvɛð,ʊvɛð,ʊvɛð
ʊv.ʊm,ʊv.ʊm,ʊvʊm,ʊvʊm,ʊvʊm,ʊvʊm
ʊv.ʊn,ʊv.ʊn,ʊvʊn,ʊvʊn,ʊvʊn,ʊvʊn
ʊv.ʊŋ,ʊv.ʊŋ,ʊvʊŋ,ʊvʊŋ,ʊvʊŋ,ʊvʊŋ
ʊv.ʊp,ʊv.ʊp,ʊvʊp,ʊvʊp,ʊvʊp,ʊvʊp
ʊv.ʊt,ʊv.ʊt,ʊvʊt,ʊvʊt,ʊvʊt,ʊvʊt
ʊv.ʊk,ʊv.ʊk,ʊvʊk,ʊvʊk,ʊvʊk,ʊvʊk
ʊv.ʊb,ʊv.ʊb,ʊvʊb,ʊvʊb,ʊvʊb,ʊvʊb
ʊv.ʊd,ʊv.ʊd,ʊvʊd,ʊvʊd,ʊvʊd,ʊvʊd
ʊv.ʊg,ʊv.ʊg,ʊvʊg,ʊvʊg,ʊvʊg,ʊvʊg
ʊv.ʊf,ʊv.ʊf,ʊvʊf,ʊvʊf,ʊvʊf,ʊvʊf
ʊv.ʊs,ʊv.ʊs,ʊvʊs,ʊvʊs,ʊvʊs,ʊvʊs
ʊv.ʊv,ʊv.ʊv,ʊvʊv,ʊvʊv,ʊvʊv,ʊvʊv
ʊv.ʊz,ʊv.ʊz,ʊvʊz,ʊvʊz,ʊvʊz,ʊvʊz
ʊv.ʊʃ,ʊv.ʊʃ,ʊvʊʃ,ʊvʊʃ,ʊvʊʃ,ʊvʊʃ
ʊv.ʊʒ,ʊv.ʊʒ,ʊvʊʒ,ʊvʊʒ,ʊvʊʒ,ʊvʊʒ
ʊv.ʊθ,ʊv.ʊθ,ʊvʊθ,ʊvʊθ,ʊvʊθ,ʊvʊθ
ʊv.ʊð,ʊv.ʊð,ʊvʊð,ʊvʊð,ʊvʊð,ʊvʊð
ʊv.ɔm,ʊv.ɔm,ʊvɔm,ʊvɔm,ʊvɔm,ʊvɔm
ʊv.ɔn,ʊv.ɔn,ʊvɔn,ʊvɔn,ʊvɔn,ʊvɔn
ʊv.ɔŋ,ʊv.ɔŋ,ʊvɔŋ,ʊvɔŋ,ʊvɔŋ,ʊvɔŋ
ʊv.ɔp,ʊv.ɔp,ʊvɔp,ʊvɔp,ʊvɔp,ʊvɔp
ʊv.ɔt,ʊv.ɔt,ʊvɔt,ʊvɔt,ʊvɔt,ʊvɔt
ʊv.ɔk,ʊv.ɔk,ʊvɔk,ʊvɔk,ʊvɔk,ʊvɔk
ʊv.ɔb,ʊv.ɔb,ʊvɔb,ʊvɔb,ʊvɔb,ʊvɔb
ʊv.ɔd,ʊv.ɔd,ʊvɔd,ʊvɔd,ʊvɔd,ʊvɔd
ʊv.ɔg,ʊv.ɔg,ʊvɔg,ʊvɔg,ʊvɔg,ʊvɔg
ʊv.ɔf,ʊv.ɔf,ʊvɔf,ʊvɔf,ʊvɔf,ʊvɔf
ʊv.ɔs,ʊv.ɔs,ʊvɔs,ʊvɔs,ʊvɔs,ʊvɔs
ʊv.ɔv,ʊv.ɔv,ʊvɔv,ʊvɔv,ʊvɔv,ʊvɔv
ʊv.ɔz,ʊv.ɔz,ʊvɔz,ʊvɔz,ʊvɔz,ʊvɔz
ʊv.ɔʃ,ʊv.ɔʃ,ʊvɔʃ,ʊvɔʃ,ʊvɔʃ,ʊvɔʃ
ʊv.ɔʒ,ʊv.ɔʒ,ʊvɔʒ,ʊvɔʒ,ʊvɔʒ,ʊvɔʒ
ʊv.ɔθ,ʊv.ɔθ,ʊvɔθ,ʊvɔθ,ʊvɔθ,ʊvɔθ
ʊv.ɔð,ʊv.ɔð,ʊvɔð,ʊvɔð,ʊvɔð,ʊvɔð
ʊz.ɪm,ʊz.ɪm,ʊzɪm,ʊzɪm,ʊzɪm,ʊzɪm
ʊz.ɪn,ʊz.ɪn,ʊzɪn,ʊzɪn,ʊzɪn,ʊzɪn
ʊz.ɪŋ,ʊz.ɪŋ,ʊzɪŋ,ʊzɪŋ,ʊzɪŋ,ʊzɪŋ
ʊz.ɪp,ʊz.ɪp,ʊzɪp,ʊzɪp,ʊzɪp,ʊzɪp
ʊz.ɪt,ʊz.ɪt,ʊzɪt,ʊzɪt,ʊzɪt,ʊzɪt
ʊz.ɪk,ʊz.ɪk,ʊzɪk,ʊzɪk,ʊzɪk,ʊzɪk
ʊz.ɪb,ʊz.ɪb,ʊzɪb,ʊzɪb,ʊzɪb,ʊzɪb
ʊz.ɪd,ʊz.ɪd,ʊzɪd,ʊzɪd,ʊzɪd,ʊzɪd
ʊz.ɪg,ʊz.ɪg,ʊzɪg,ʊzɪg,ʊzɪg,ʊzɪg
ʊz.ɪf,ʊz.ɪf,ʊzɪf,ʊzɪf,ʊzɪf,ʊzɪf
ʊz.ɪs,ʊz.ɪs,ʊzɪs,ʊzɪs,ʊzɪs,ʊzɪs
ʊz.ɪv,ʊz.ɪv,ʊzɪv,ʊzɪv,ʊzɪv,ʊzɪv
ʊz.ɪz,ʊz.ɪz,ʊzɪz,ʊzɪz,ʊzɪz,ʊzɪz
ʊz.ɪʃ,ʊz.ɪʃ,ʊzɪʃ,ʊzɪʃ,ʊzɪʃ,ʊzɪʃ
ʊz.ɪʒ,ʊz.ɪʒ,ʊzɪʒ,ʊzɪʒ,ʊzɪʒ,ʊzɪʒ
ʊz.ɪθ,ʊz.ɪθ,ʊzɪθ,ʊzɪθ,ʊzɪθ,ʊzɪθ
ʊz.ɪð,ʊz.ɪð,ʊzɪð,ʊzɪð,ʊzɪð,ʊzɪð
ʊz.ɛm,ʊz.ɛm,ʊzɛm,ʊzɛm,ʊzɛm,ʊzɛm
ʊz.ɛn,ʊz.ɛn,ʊzɛn,ʊzɛn,ʊzɛn,ʊzɛn
ʊz.ɛŋ,ʊz.ɛŋ,ʊzɛŋ,ʊzɛŋ,ʊzɛŋ,ʊzɛŋ
ʊz.ɛp,ʊz.ɛp,ʊzɛp,ʊzɛp,ʊzɛp,ʊzɛp
ʊz.ɛt,ʊz.ɛt,ʊzɛt,ʊzɛt,ʊzɛt,ʊzɛt
ʊz.ɛk,ʊz.ɛk,ʊzɛk,ʊzɛk,ʊzɛk,ʊzɛk
ʊz.ɛb,ʊz.ɛb,ʊzɛb,ʊzɛb,ʊzɛb,ʊzɛb
ʊz.ɛd,ʊz.ɛd,ʊzɛd,ʊzɛd,ʊzɛd,ʊzɛd
ʊz.ɛg,ʊz.ɛg,ʊzɛg,ʊzɛg,ʊzɛg,ʊzɛg
ʊz.ɛf,ʊz.ɛf,ʊzɛf,ʊzɛf,ʊzɛf,ʊzɛf
ʊz.ɛs,ʊz.ɛs,ʊzɛs,ʊzɛs,ʊzɛs,ʊzɛs
ʊz.ɛv,ʊz.ɛv,ʊzɛv,ʊzɛv,ʊzɛv,ʊzɛv
ʊz.ɛz,ʊz.ɛz,ʊzɛz,ʊzɛz,ʊzɛz,ʊzɛz
ʊz.ɛʃ,ʊz.ɛʃ,ʊzɛʃ,ʊzɛʃ,ʊzɛʃ,ʊzɛʃ
ʊz.ɛʒ,ʊz.ɛʒ,ʊzɛʒ,ʊzɛʒ,ʊzɛʒ,ʊzɛʒ
ʊz.ɛθ,ʊz.ɛθ,ʊzɛθ,ʊzɛθ,ʊzɛθ,ʊzɛθ
ʊz.ɛð,ʊz.ɛð,ʊzɛð,ʊzɛð,ʊzɛð,ʊzɛð
ʊz.ʊm,ʊz.ʊm,ʊzʊm,ʊzʊm,ʊzʊm,ʊzʊm
ʊz.ʊn,ʊz.ʊn,ʊzʊn,ʊzʊn,ʊzʊn,ʊzʊn
ʊz.ʊŋ,ʊz.ʊŋ,ʊzʊŋ,ʊzʊŋ,ʊzʊŋ,ʊzʊŋ
ʊz.ʊp,ʊz.ʊp,ʊzʊp,ʊzʊp,ʊzʊp,ʊzʊp
ʊz.ʊt,ʊz.ʊt,ʊzʊt,ʊzʊt,ʊzʊt,ʊzʊt
ʊz.ʊk,ʊz.ʊk,ʊzʊk,ʊzʊk,ʊzʊk,ʊzʊk
ʊz.ʊb,ʊz.ʊb,ʊzʊb,ʊzʊb,ʊzʊb,ʊzʊb
ʊz.ʊd,ʊz.ʊd,ʊzʊd,ʊzʊd,ʊzʊd,ʊzʊd
ʊz.ʊg,ʊz.ʊg,ʊzʊg,ʊzʊg,ʊzʊg,ʊzʊg
ʊz.ʊf,ʊz.ʊf,ʊzʊf,ʊzʊf,ʊzʊf,ʊzʊf
ʊz.ʊs,ʊz.ʊs,ʊzʊs,ʊzʊs,ʊzʊs,ʊzʊs
ʊz.ʊv,ʊz.ʊv,ʊzʊv,ʊzʊv,ʊzʊv,ʊzʊv
ʊz.ʊz,ʊz.ʊz,ʊzʊz,ʊzʊz,ʊzʊz,ʊzʊz
ʊz.ʊʃ,ʊz.ʊʃ,ʊzʊʃ,ʊzʊʃ,ʊzʊʃ,ʊzʊʃ
ʊz.ʊʒ,ʊz.ʊʒ,ʊzʊʒ,ʊzʊʒ,ʊzʊʒ,ʊzʊʒ
ʊz.ʊθ,ʊz.ʊθ,ʊzʊθ,ʊzʊθ,ʊzʊθ,ʊzʊθ
ʊz.ʊð,ʊz.ʊð,ʊzʊð,ʊzʊð,ʊzʊð,ʊzʊð
ʊz.ɔm,ʊz.ɔm,ʊzɔm,ʊzɔm,ʊzɔm,ʊzɔm
ʊz.ɔn,ʊz.ɔn,ʊzɔn,ʊzɔn,ʊzɔn,ʊzɔn
ʊz.ɔŋ,ʊz.ɔŋ,ʊzɔŋ,ʊzɔŋ,ʊzɔŋ,ʊzɔŋ
ʊz.ɔp,ʊz.ɔp,ʊzɔp,ʊzɔp,ʊzɔp,ʊzɔp
ʊz.ɔt,ʊz.ɔt,ʊzɔt,ʊzɔt,ʊzɔt,ʊzɔt
ʊz.ɔk,ʊz.ɔk,ʊzɔk,ʊzɔk,ʊzɔk,ʊzɔk
ʊz.ɔb,ʊz.ɔb,ʊzɔb,ʊzɔb,ʊzɔb,ʊzɔb
ʊz.ɔd,ʊz.ɔd,ʊzɔd,ʊzɔd,ʊzɔd,ʊzɔd
ʊz.ɔg,ʊz.ɔg,ʊzɔg,ʊzɔg,ʊzɔg,ʊzɔg
ʊz.ɔf,ʊz.ɔf,ʊzɔf,ʊzɔf,ʊzɔf,ʊzɔf
ʊz.ɔs,ʊz.ɔs,ʊzɔs,ʊzɔs,ʊzɔs,ʊzɔs
ʊz.ɔv,ʊz.ɔv,ʊzɔv,ʊzɔv,ʊzɔv,ʊzɔv
ʊz.ɔz,ʊz.ɔz,ʊzɔz,ʊzɔz,ʊzɔz,ʊzɔz
ʊz.ɔʃ,ʊz.ɔʃ,ʊzɔʃ,ʊzɔʃ,ʊzɔʃ,ʊzɔʃ
ʊz.ɔʒ,ʊz.ɔʒ,ʊzɔʒ,ʊzɔʒ,ʊzɔʒ,ʊzɔʒ
ʊz.ɔθ,ʊz.ɔθ,ʊzɔθ,ʊzɔθ,ʊzɔθ,ʊzɔθ
ʊz.ɔð,ʊz.ɔð,ʊzɔð,ʊzɔð,ʊzɔð,ʊzɔð
ʊʃ.ɪm,ʊʃ.ɪm,ʊʃɪm,ʊʃɪm,ʊʃɪm,ʊʃɪm
ʊʃ.ɪn,ʊʃ.ɪn,ʊʃɪn,ʊʃɪn,ʊʃɪn,ʊʃɪn
ʊʃ.ɪŋ,ʊʃ.ɪŋ,ʊʃɪŋ,ʊʃɪŋ,ʊʃɪŋ,ʊʃɪŋ
ʊʃ.ɪp,ʊʃ.ɪp,ʊʃɪp,ʊʃɪp,ʊʃɪp,ʊʃɪp
ʊʃ.ɪt,ʊʃ.ɪt,ʊʃɪt,ʊʃɪt,ʊʃɪt,ʊʃɪt
ʊʃ.ɪk,ʊʃ.ɪk,ʊʃɪk,ʊʃɪk,ʊʃɪk,ʊʃɪk
ʊʃ.ɪb,ʊʃ.ɪb,ʊʃɪb,ʊʃɪb,ʊʃɪb,ʊʃɪb
ʊʃ.ɪd,ʊʃ.ɪd,ʊʃɪd,ʊʃɪd,ʊʃɪd,ʊʃɪd
ʊʃ.ɪg,ʊʃ.ɪg,ʊʃɪg,ʊʃɪg,ʊʃɪg,ʊʃɪg
ʊʃ.ɪf,ʊʃ.ɪf,ʊʃɪf,ʊʃɪf,ʊʃɪf,ʊʃɪf
ʊʃ.ɪs,ʊʃ.ɪs,ʊʃɪs,ʊʃɪs,ʊʃɪs,ʊʃɪs
ʊʃ.ɪv,ʊʃ.ɪv,ʊʃɪv,ʊʃɪv,ʊʃɪv,ʊʃɪv
ʊʃ.ɪz,ʊʃ.ɪz,ʊʃɪz,ʊʃɪz,ʊʃɪz,ʊʃɪz
ʊʃ.ɪʃ,ʊʃ.ɪʃ,ʊʃɪʃ,ʊʃɪʃ,ʊʃɪʃ,ʊʃɪʃ
ʊʃ.ɪʒ,ʊʃ.ɪʒ,ʊʃɪʒ,ʊʃɪʒ,ʊʃɪʒ,ʊʃɪʒ
ʊʃ.ɪθ,ʊʃ.ɪθ,ʊʃɪθ,ʊʃɪθ,ʊʃɪθ,ʊʃɪθ
ʊʃ.ɪð,ʊʃ.ɪð,ʊʃɪð,ʊʃɪð,ʊʃɪð,ʊʃɪð
ʊʃ.ɛm,ʊʃ.ɛm,ʊʃɛm,ʊʃɛm,ʊʃɛm,ʊʃɛm
ʊʃ.ɛn,ʊʃ.ɛn,ʊʃɛn,ʊʃɛn,ʊʃɛn,ʊʃɛn
ʊʃ.ɛŋ,ʊʃ.ɛŋ,ʊʃɛŋ,ʊʃɛŋ,ʊʃɛŋ,ʊʃɛŋ
ʊʃ.ɛp,ʊʃ.ɛp,ʊʃɛp,ʊʃɛp,ʊʃɛp,ʊʃɛp
ʊʃ.ɛt,ʊʃ.ɛt,ʊʃɛt,ʊʃɛt,ʊʃɛt,ʊʃɛt
ʊʃ.ɛk,ʊʃ.ɛk,ʊʃɛk,ʊʃɛk,ʊʃɛk,ʊʃɛk
ʊʃ.ɛb,ʊʃ.ɛb,ʊʃɛb,ʊʃɛb,ʊʃɛb,ʊʃɛb
ʊʃ.ɛd,ʊʃ.ɛd,ʊʃɛd,ʊʃɛd,ʊʃɛd,ʊʃɛd
ʊʃ.ɛg,ʊʃ.ɛg,ʊʃɛg,ʊʃɛg,ʊʃɛg,ʊʃɛg
ʊʃ.ɛf,ʊʃ.ɛf,ʊʃɛf,ʊʃɛf,ʊʃɛf,ʊʃɛf
ʊʃ.ɛs,ʊʃ.ɛs,ʊʃɛs,ʊʃɛs,ʊʃɛs,ʊʃɛs
ʊʃ.ɛv,ʊʃ.ɛv,ʊʃɛv,ʊʃɛv,ʊʃɛv,ʊʃɛv
ʊʃ.ɛz,ʊʃ.ɛz,ʊʃɛz,ʊʃɛz,ʊʃɛz,ʊʃɛz
ʊʃ.ɛʃ,ʊʃ.ɛʃ,ʊʃɛʃ,ʊʃɛʃ,ʊʃɛʃ,ʊʃɛʃ
ʊʃ.ɛʒ,ʊʃ.ɛʒ,ʊʃɛʒ,ʊʃɛʒ,ʊʃɛʒ,ʊʃɛʒ
ʊʃ.ɛθ,ʊʃ.ɛθ,ʊʃɛθ,ʊʃɛθ,ʊʃɛθ,ʊʃɛθ
ʊʃ.ɛð,ʊʃ.ɛð,ʊʃɛð,ʊʃɛð,ʊʃɛð,ʊʃɛð
ʊʃ.ʊm,ʊʃ.ʊm,ʊʃʊm,ʊʃʊm,ʊʃʊm,ʊʃʊm
ʊʃ.ʊn,ʊʃ.ʊn,ʊʃʊn,ʊʃʊn,ʊʃʊn,ʊʃʊn
ʊʃ.ʊŋ,ʊʃ.ʊŋ,ʊʃʊŋ,ʊʃʊŋ,ʊʃʊŋ,ʊʃʊŋ
ʊʃ.ʊp,ʊʃ.ʊp,ʊʃʊp,ʊʃʊp,ʊʃʊp,ʊʃʊp
ʊʃ.ʊt,ʊʃ.ʊt,ʊʃʊt,ʊʃʊt,ʊʃʊt,ʊʃʊt
ʊʃ.ʊk,ʊʃ.ʊk,ʊʃʊk,ʊʃʊk,ʊʃʊk,ʊʃʊk
ʊʃ.ʊb,ʊʃ.ʊb,ʊʃʊb,ʊʃʊb,ʊʃʊb,ʊʃʊb
ʊʃ.ʊd,ʊʃ.ʊd,ʊʃʊd,ʊʃʊd,ʊʃʊd,ʊʃʊd
ʊʃ.ʊg,ʊʃ.ʊg,ʊʃʊg,ʊʃʊg,ʊʃʊg,ʊʃʊg
ʊʃ.ʊf,ʊʃ.ʊf,ʊʃʊf,ʊʃʊf,ʊʃʊf,ʊʃʊf
ʊʃ.ʊs,ʊʃ.ʊs,ʊʃʊs,ʊʃʊs,ʊʃʊs,ʊʃʊs
ʊʃ.ʊv,ʊʃ.ʊv,ʊʃʊv,ʊʃʊv,ʊʃʊv,ʊʃʊv
ʊʃ.ʊz,ʊʃ.ʊz,ʊʃʊz,ʊʃʊz,ʊʃʊz,ʊʃʊz
ʊʃ.ʊʃ,ʊʃ.ʊʃ,ʊʃʊʃ,ʊʃʊʃ,ʊʃʊʃ,ʊʃʊʃ
ʊʃ.ʊʒ,ʊʃ.ʊʒ,ʊʃʊʒ,ʊʃʊʒ,ʊʃʊʒ,ʊʃʊʒ
ʊʃ.ʊθ,ʊʃ.ʊθ,ʊʃʊθ,ʊʃʊθ,ʊʃʊθ,ʊʃʊθ
ʊʃ.ʊð,ʊʃ.ʊð,ʊʃʊð,ʊʃʊð,ʊʃʊð,ʊʃʊð
ʊʃ.ɔm,ʊʃ.ɔm,ʊʃɔm,ʊʃɔm,ʊʃɔm,ʊʃɔm
ʊʃ.ɔn,ʊʃ.ɔn,ʊʃɔn,ʊʃɔn,ʊʃɔn,ʊʃɔn
ʊʃ.ɔŋ,ʊʃ.ɔŋ,ʊʃɔŋ,ʊʃɔŋ,ʊʃɔŋ,ʊʃɔŋ
ʊʃ.ɔp,ʊʃ.ɔp,ʊʃɔp,ʊʃɔp,ʊʃɔp,ʊʃɔp
ʊʃ.ɔt,ʊʃ.ɔt,ʊʃɔt,ʊʃɔt,ʊʃɔt,ʊʃɔt
ʊʃ.ɔk,ʊʃ.ɔk,ʊʃɔk,ʊʃɔk,ʊʃɔk,ʊʃɔk
ʊʃ.ɔb,ʊʃ.ɔb,ʊʃɔb,ʊʃɔb,ʊʃɔb,ʊʃɔb
ʊʃ.ɔd,ʊʃ.ɔd,ʊʃɔd,ʊʃɔd,ʊʃɔd,ʊʃɔd
ʊʃ.ɔg,ʊʃ.ɔg,ʊʃɔg,ʊʃɔg,ʊʃɔg,ʊʃɔg
ʊʃ.ɔf,ʊʃ.ɔf,ʊʃɔf,ʊʃɔf,ʊʃɔf,ʊʃɔf
ʊʃ.ɔs,ʊʃ.ɔs,ʊʃɔs,ʊʃɔs,ʊʃɔs,ʊʃɔs
ʊʃ.ɔv,ʊʃ.ɔv,ʊʃɔv,ʊʃɔv,ʊʃɔv,ʊʃɔv
ʊʃ.ɔz,ʊʃ.ɔz,ʊʃɔz,ʊʃɔz,ʊʃɔz,ʊʃɔz
ʊʃ.ɔʃ,ʊʃ.ɔʃ,ʊʃɔʃ,ʊʃɔʃ,ʊʃɔʃ,ʊʃɔʃ
ʊʃ.ɔʒ,ʊʃ.ɔʒ,ʊʃɔʒ,ʊʃɔʒ,ʊʃɔʒ,ʊʃɔʒ
ʊʃ.ɔθ,ʊʃ.ɔθ,ʊʃɔθ,ʊʃɔθ,ʊʃɔθ,ʊʃɔθ
ʊʃ.ɔð,ʊʃ.ɔð,ʊʃɔð,ʊʃɔð,ʊʃɔð,ʊʃɔð
ʊʒ.ɪm,ʊʒ.ɪm,ʊʒɪm,ʊʒɪm,ʊʒɪm,ʊʒɪm
ʊʒ.ɪn,ʊʒ.ɪn,ʊʒɪn,ʊʒɪn,ʊʒɪn,ʊʒɪn
ʊʒ.ɪŋ,ʊʒ.ɪŋ,ʊʒɪŋ,ʊʒɪŋ,ʊʒɪŋ,ʊʒɪŋ
ʊʒ.ɪp,ʊʒ.ɪp,ʊʒɪp,ʊʒɪp,ʊʒɪp,ʊʒɪp
ʊʒ.ɪt,ʊʒ.ɪt,ʊʒɪt,ʊʒɪt,ʊʒɪt,ʊʒɪt
ʊʒ.ɪk,ʊʒ.ɪk,ʊʒɪk,ʊʒɪk,ʊʒɪk,ʊʒɪk
ʊʒ.ɪb,ʊʒ.ɪb,ʊʒɪb,ʊʒɪb,ʊʒɪb,ʊʒɪb
ʊʒ.ɪd,ʊʒ.ɪd,ʊʒɪd,ʊʒɪd,ʊʒɪd,ʊʒɪd
ʊʒ.ɪg,ʊʒ.ɪg,ʊʒɪg,ʊʒɪg,ʊʒɪg,ʊʒɪg
ʊʒ.ɪf,ʊʒ.ɪf,ʊʒɪf,ʊʒɪf,ʊʒɪf,ʊʒɪf
ʊʒ.ɪs,ʊʒ.ɪs,ʊʒɪs,ʊʒɪs,ʊʒɪs,ʊʒɪs
ʊʒ.ɪv,ʊʒ.ɪv,ʊʒɪv,ʊʒɪv,ʊʒɪv,ʊʒɪv
ʊʒ.ɪz,ʊʒ.ɪz,ʊʒɪz,ʊʒɪz,ʊʒɪz,ʊʒɪz
ʊʒ.ɪʃ,ʊʒ.ɪʃ,ʊʒɪʃ,ʊʒɪʃ,ʊʒɪʃ,ʊʒɪʃ
ʊʒ.ɪʒ,ʊʒ.ɪʒ,ʊʒɪʒ,ʊʒɪʒ,ʊʒɪʒ,ʊʒɪʒ
ʊʒ.ɪθ,ʊʒ.ɪθ,ʊʒɪθ,ʊʒɪθ,ʊʒɪθ,ʊʒɪθ
ʊʒ.ɪð,ʊʒ.ɪð,ʊʒɪð,ʊʒɪð,ʊʒɪð,ʊʒɪð
ʊʒ.ɛm,ʊʒ.ɛm,ʊʒɛm,ʊʒɛm,ʊʒɛm,ʊʒɛm
ʊʒ.ɛn,ʊʒ.ɛn,ʊʒɛn,ʊʒɛn,ʊʒɛn,ʊʒɛn
ʊʒ.ɛŋ,ʊʒ.ɛŋ,ʊʒɛŋ,ʊʒɛŋ,ʊʒɛŋ,ʊʒɛŋ
ʊʒ.ɛp,ʊʒ.ɛp,ʊʒɛp,ʊʒɛp,ʊʒɛp,ʊʒɛp
ʊʒ.ɛt,ʊʒ.ɛt,ʊʒɛt,ʊʒɛt,ʊʒɛt,ʊʒɛt
ʊʒ.ɛk,ʊʒ.ɛk,ʊʒɛk,ʊʒɛk,ʊʒɛk,ʊʒɛk
ʊʒ.ɛb,ʊʒ.ɛb,ʊʒɛb,ʊʒɛb,ʊʒɛb,ʊʒɛb
ʊʒ.ɛd,ʊʒ.ɛd,ʊʒɛd,ʊʒɛd,ʊʒɛd,ʊʒɛd
ʊʒ.ɛg,ʊʒ.ɛg,ʊʒɛg,ʊʒɛg,ʊʒɛg,ʊʒɛg
ʊʒ.ɛf,ʊʒ.ɛf,ʊʒɛf,ʊʒɛf,ʊʒɛf,ʊʒɛf
ʊʒ.ɛs,ʊʒ.ɛs,ʊʒɛs,ʊʒɛs,ʊʒɛs,ʊʒɛs
ʊʒ.ɛv,ʊʒ.ɛv,ʊʒɛv,ʊʒɛv,ʊʒɛv,ʊʒɛv
ʊʒ.ɛz,ʊʒ.ɛz,ʊʒɛz,ʊʒɛz,ʊʒɛz,ʊʒɛz
ʊʒ.ɛʃ,ʊʒ.ɛʃ,ʊʒɛʃ,ʊʒɛʃ,ʊʒɛʃ,ʊʒɛʃ
ʊʒ.ɛʒ,ʊʒ.ɛʒ,ʊʒɛʒ,ʊʒɛʒ,ʊʒɛʒ,ʊʒɛʒ
ʊʒ.ɛθ,ʊʒ.ɛθ,ʊʒɛθ,ʊʒɛθ,ʊʒɛθ,ʊʒɛθ
ʊʒ.ɛð,ʊʒ.ɛð,ʊʒɛð,ʊʒɛð,ʊʒɛð,ʊʒɛð
ʊʒ.ʊm,ʊʒ.ʊm,ʊʒʊm,ʊʒʊm,ʊʒʊm,ʊʒʊm
ʊʒ.ʊn,ʊʒ.ʊn,ʊʒʊn,ʊʒʊn,ʊʒʊn,ʊʒʊn
ʊʒ.ʊŋ,ʊʒ.ʊŋ,ʊʒʊŋ,ʊʒʊŋ,ʊʒʊŋ,ʊʒʊŋ
ʊʒ.ʊp,ʊʒ.ʊp,ʊʒʊp,ʊʒʊp,ʊʒʊp,ʊʒʊp
ʊʒ.ʊt,ʊʒ.ʊt,ʊʒʊt,ʊʒʊt,ʊʒʊt,ʊʒʊt
ʊʒ.ʊk,ʊʒ.ʊk,ʊʒʊk,ʊʒʊk,ʊʒʊk,ʊʒʊk
ʊʒ.ʊb,ʊʒ.ʊb,ʊʒʊb,ʊʒʊb,ʊʒʊb,ʊʒʊb
ʊʒ.ʊd,ʊʒ.ʊd,ʊʒʊd,ʊʒʊd,ʊʒʊd,ʊʒʊd
ʊʒ.ʊg,ʊʒ.ʊg,ʊʒʊg,ʊʒʊg,ʊʒʊg,ʊʒʊg
ʊʒ.ʊf,ʊʒ.ʊf,ʊʒʊf,ʊʒʊf,ʊʒʊf,ʊʒʊf
ʊʒ.ʊs,ʊʒ.ʊs,ʊʒʊs,ʊʒʊs,ʊʒʊs,ʊʒʊs
ʊʒ.ʊv,ʊʒ.ʊv,ʊʒʊv,ʊʒʊv,ʊʒʊv,ʊʒʊv
ʊʒ.ʊz,ʊʒ.ʊz,ʊʒʊz,ʊʒʊz,ʊʒʊz,ʊʒʊz
ʊʒ.ʊʃ,ʊʒ.ʊʃ,ʊʒʊʃ,ʊʒʊʃ,ʊʒʊʃ,ʊʒʊʃ
ʊʒ.ʊʒ,ʊʒ.ʊʒ,ʊʒʊʒ,ʊʒʊʒ,ʊʒʊʒ,ʊʒʊʒ
ʊʒ.ʊθ,ʊʒ.ʊθ,ʊʒʊθ,ʊʒʊθ,ʊʒʊθ,ʊʒʊθ
ʊʒ.ʊð,ʊʒ.ʊð,ʊʒʊð,ʊʒʊð,ʊʒʊð,ʊʒʊð
ʊʒ.ɔm,ʊʒ.ɔm,ʊʒɔm,ʊʒɔm,ʊʒɔm,ʊʒɔm
ʊʒ.ɔn,ʊʒ.ɔn,ʊʒɔn,ʊʒɔn,ʊʒɔn,ʊʒɔn
ʊʒ.ɔŋ,ʊʒ.ɔŋ,ʊʒɔŋ,ʊʒɔŋ,ʊʒɔŋ,ʊʒɔŋ
ʊʒ.ɔp,ʊʒ.ɔp,ʊʒɔp,ʊʒɔp,ʊʒɔp,ʊʒɔp
ʊʒ.ɔt,ʊʒ.ɔt,ʊʒɔt,ʊʒɔt,ʊʒɔt,ʊʒɔt
ʊʒ.ɔk,ʊʒ.ɔk,ʊʒɔk,ʊʒɔk,ʊʒɔk,ʊʒɔk
ʊʒ.ɔb,ʊʒ.ɔb,ʊʒɔb,ʊʒɔb,ʊʒɔb,ʊʒɔb
ʊʒ.ɔd,ʊʒ.ɔd,ʊʒɔd,ʊʒɔd,ʊʒɔd,ʊʒɔd
ʊʒ.ɔg,ʊʒ.ɔg,ʊʒɔg,ʊʒɔg,ʊʒɔg,ʊʒɔg
ʊʒ.ɔf,ʊʒ.ɔf,ʊʒɔf,ʊʒɔf,ʊʒɔf,ʊʒɔf
ʊʒ.ɔs,ʊʒ.ɔs,ʊʒɔs,ʊʒɔs,ʊʒɔs,ʊʒɔs
ʊʒ.ɔv,ʊʒ.ɔv,ʊʒɔv,ʊʒɔv,ʊʒɔv,ʊʒɔv
ʊʒ.ɔz,ʊʒ.ɔz,ʊʒɔz,ʊʒɔz,ʊʒɔz,ʊʒɔz
ʊʒ.ɔʃ,ʊʒ.ɔʃ,ʊʒɔʃ,ʊʒɔʃ,ʊʒɔʃ,ʊʒɔʃ
ʊʒ.ɔʒ,ʊʒ.ɔʒ,ʊʒɔʒ,ʊʒɔʒ,ʊʒɔʒ,ʊʒɔʒ
ʊʒ.ɔθ,ʊʒ.ɔθ,ʊʒɔθ,ʊʒɔθ,ʊʒɔθ,ʊʒɔθ
ʊʒ.ɔð,ʊʒ.ɔð,ʊʒɔð,ʊʒɔð,ʊʒɔð,ʊʒɔð
ʊθ.ɪm,ʊθ.ɪm,ʊθɪm,ʊθɪm,ʊθɪm,ʊθɪm
ʊθ.ɪn,ʊθ.ɪn,ʊθɪn,ʊθɪn,ʊθɪn,ʊθɪn
ʊθ.ɪŋ,ʊθ.ɪŋ,ʊθɪŋ,ʊθɪŋ,ʊθɪŋ,ʊθɪŋ
ʊθ.ɪp,ʊθ.ɪp,ʊθɪp,ʊθɪp,ʊθɪp,ʊθɪp
ʊθ.ɪt,ʊθ.ɪt,ʊθɪt,ʊθɪt,ʊθɪt,ʊθɪt
ʊθ.ɪk,ʊθ.ɪk,ʊθɪk,ʊθɪk,ʊθɪk,ʊθɪk
ʊθ.ɪb,ʊθ.ɪb,ʊθɪb,ʊθɪb,ʊθɪb,ʊθɪb
ʊθ.ɪd,ʊθ.ɪd,ʊθɪd,ʊθɪd,ʊθɪd,ʊθɪd
ʊθ.ɪg,ʊθ.ɪg,ʊθɪg,ʊθɪg,ʊθɪg,ʊθɪg
ʊθ.ɪf,ʊθ.ɪf,ʊθɪf,ʊθɪf,ʊθɪf,ʊθɪf
ʊθ.ɪs,ʊθ.ɪs,ʊθɪs,ʊθɪs,ʊθɪs,ʊθɪs
ʊθ.ɪv,ʊθ.ɪv,ʊθɪv,ʊθɪv,ʊθɪv,ʊθɪv
ʊθ.ɪz,ʊθ.ɪz,ʊθɪz,ʊθɪz,ʊθɪz,ʊθɪz
ʊθ.ɪʃ,ʊθ.ɪʃ,ʊθɪʃ,ʊθɪʃ,ʊθɪʃ,ʊθɪʃ
ʊθ.ɪʒ,ʊθ.ɪʒ,ʊθɪʒ,ʊθɪʒ,ʊθɪʒ,ʊθɪʒ
ʊθ.ɪθ,ʊθ.ɪθ,ʊθɪθ,ʊθɪθ,ʊθɪθ,ʊθɪθ
ʊθ.ɪð,ʊθ.ɪð,ʊθɪð,ʊθɪð,ʊθɪð,ʊθɪð
ʊθ.ɛm,ʊθ.ɛm,ʊθɛm,ʊθɛm,ʊθɛm,ʊθɛm
ʊθ.ɛn,ʊθ.ɛn,ʊθɛn,ʊθɛn,ʊθɛn,ʊθɛn
ʊθ.ɛŋ,ʊθ.ɛŋ,ʊθɛŋ,ʊθɛŋ,ʊθɛŋ,ʊθɛŋ
ʊθ.ɛp,ʊθ.ɛp,ʊθɛp,ʊθɛp,ʊθɛp,ʊθɛp
ʊθ.ɛt,ʊθ.ɛt,ʊθɛt,ʊθɛt,ʊθɛt,ʊθɛt
ʊθ.ɛk,ʊθ.ɛk,ʊθɛk,ʊθɛk,ʊθɛk,ʊθɛk
ʊθ.ɛb,ʊθ.ɛb,ʊθɛb,ʊθɛb,ʊθɛb,ʊθɛb
ʊθ.ɛd,ʊθ.ɛd,ʊθɛd,ʊθɛd,ʊθɛd,ʊθɛd
ʊθ.ɛg,ʊθ.ɛg,ʊθɛg,ʊθɛg,ʊθɛg,ʊθɛg
ʊθ.ɛf,ʊθ.ɛf,ʊθɛf,ʊθɛf,ʊθɛf,ʊθɛf
ʊθ.ɛs,ʊθ.ɛs,ʊθɛs,ʊθɛs,ʊθɛs,ʊθɛs
ʊθ.ɛv,ʊθ.ɛv,ʊθɛv,ʊθɛv,ʊθɛv,ʊθɛv
ʊθ.ɛz,ʊθ.ɛz,ʊθɛz,ʊθɛz,ʊθɛz,ʊθɛz
ʊθ.ɛʃ,ʊθ.ɛʃ,ʊθɛʃ,ʊθɛʃ,ʊθɛʃ,ʊθɛʃ
ʊθ.ɛʒ,ʊθ.ɛʒ,ʊθɛʒ,ʊθɛʒ,ʊθɛʒ,ʊθɛʒ
ʊθ.ɛθ,ʊθ.ɛθ,ʊθɛθ,ʊθɛθ,ʊθɛθ,ʊθɛθ
ʊθ.ɛð,ʊθ.ɛð,ʊθɛð,ʊθɛð,ʊθɛð,ʊθɛð
ʊθ.ʊm,ʊθ.ʊm,ʊθʊm,ʊθʊm,ʊθʊm,ʊθʊm
ʊθ.ʊn,ʊθ.ʊn,ʊθʊn,ʊθʊn,ʊθʊn,ʊθʊn
ʊθ.ʊŋ,ʊθ.ʊŋ,ʊθʊŋ,ʊθʊŋ,ʊθʊŋ,ʊθʊŋ
ʊθ.ʊp,ʊθ.ʊp,ʊθʊp,ʊθʊp,ʊθʊp,ʊθʊp
ʊθ.ʊt,ʊθ.ʊt,ʊθʊt,ʊθʊt,ʊθʊt,ʊθʊt
ʊθ.ʊk,ʊθ.ʊk,ʊθʊk,ʊθʊk,ʊθʊk,ʊθʊk
ʊθ.ʊb,ʊθ.ʊb,ʊθʊb,ʊθʊb,ʊθʊb,ʊθʊb
ʊθ.ʊd,ʊθ.ʊd,ʊθʊd,ʊθʊd,ʊθʊd,ʊθʊd
ʊθ.ʊg,ʊθ.ʊg,ʊθʊg,ʊθʊg,ʊθʊg,ʊθʊg
ʊθ.ʊf,ʊθ.ʊf,ʊθʊf,ʊθʊf,ʊθʊf,ʊθʊf
ʊθ.ʊs,ʊθ.ʊs,ʊθʊs,ʊθʊs,ʊθʊs,ʊθʊs
ʊθ.ʊv,ʊθ.ʊv,ʊθʊv,ʊθʊv,ʊθʊv,ʊθʊv
ʊθ.ʊz,ʊθ.ʊz,ʊθʊz,ʊθʊz,ʊθʊz,ʊθʊz
ʊθ.ʊʃ,ʊθ.ʊʃ,ʊθʊʃ,ʊθʊʃ,ʊθʊʃ,ʊθʊʃ
ʊθ.ʊʒ,ʊθ.ʊʒ,ʊθʊʒ,ʊθʊʒ,ʊθʊʒ,ʊθʊʒ
ʊθ.ʊθ,ʊθ.ʊθ,ʊθʊθ,ʊθʊθ,ʊθʊθ,ʊθʊθ
ʊθ.ʊð,ʊθ.ʊð,ʊθʊð,ʊθʊð,ʊθʊð,ʊθʊð
ʊθ.ɔm,ʊθ.ɔm,ʊθɔm,ʊθɔm,ʊθɔm,ʊθɔm
ʊθ.ɔn,ʊθ.ɔn,ʊθɔn,ʊθɔn,ʊθɔn,ʊθɔn
ʊθ.ɔŋ,ʊθ.ɔŋ,ʊθɔŋ,ʊθɔŋ,ʊθɔŋ,ʊθɔŋ
ʊθ.ɔp,ʊθ.ɔp,ʊθɔp,ʊθɔp,ʊθɔp,ʊθɔp
ʊθ.ɔt,ʊθ.ɔt,ʊθɔt,ʊθɔt,ʊθɔt,ʊθɔt
ʊθ.ɔk,ʊθ.ɔk,ʊθɔk,ʊθɔk,ʊθɔk,ʊθɔk
ʊθ.ɔb,ʊθ.ɔb,ʊθɔb,ʊθɔb,ʊθɔb,ʊθɔb
ʊθ.ɔd,ʊθ.ɔd,ʊθɔd,ʊθɔd,ʊθɔd,ʊθɔd
ʊθ.ɔg,ʊθ.ɔg,ʊθɔg,ʊθɔg,ʊθɔg,ʊθɔg
ʊθ.ɔf,ʊθ.ɔf,ʊθɔf,ʊθɔf,ʊθɔf,ʊθɔf
ʊθ.ɔs,ʊθ.ɔs,ʊθɔs,ʊθɔs,ʊθɔs,ʊθɔs
ʊθ.ɔv,ʊθ.ɔv,ʊθɔv,ʊθɔv,ʊθɔv,ʊθɔv
ʊθ.ɔz,ʊθ.ɔz,ʊθɔz,ʊθɔz,ʊθɔz,ʊθɔz
ʊθ.ɔʃ,ʊθ.ɔʃ,ʊθɔʃ,ʊθɔʃ,ʊθɔʃ,ʊθɔʃ
ʊθ.ɔʒ,ʊθ.ɔʒ,ʊθɔʒ,ʊθɔʒ,ʊθɔʒ,ʊθɔʒ
ʊθ.ɔθ,ʊθ.ɔθ,ʊθɔθ,ʊθɔθ,ʊθɔθ,ʊθɔθ
ʊθ.ɔð,ʊθ.ɔð,ʊθɔð,ʊθɔð,ʊθɔð,ʊθɔð
ʊð.ɪm,ʊð.ɪm,ʊðɪm,ʊðɪm,ʊðɪm,ʊðɪm
ʊð.ɪn,ʊð.ɪn,ʊðɪn,ʊðɪn,ʊðɪn,ʊðɪn
ʊð.ɪŋ,ʊð.ɪŋ,ʊðɪŋ,ʊðɪŋ,ʊðɪŋ,ʊðɪŋ
ʊð.ɪp,ʊð.ɪp,ʊðɪp,ʊðɪp,ʊðɪp,ʊðɪp
ʊð.ɪt,ʊð.ɪt,ʊðɪt,ʊðɪt,ʊðɪt,ʊðɪt
ʊð.ɪk,ʊð.ɪk,ʊðɪk,ʊðɪk,ʊðɪk,ʊðɪk
ʊð.ɪb,ʊð.ɪb,ʊðɪb,ʊðɪb,ʊðɪb,ʊðɪb
ʊð.ɪd,ʊð.ɪd,ʊðɪd,ʊðɪd,ʊðɪd,ʊðɪd
ʊð.ɪg,ʊð.ɪg,ʊðɪg,ʊðɪg,ʊðɪg,ʊðɪg
ʊð.ɪf,ʊð.ɪf,ʊðɪf,ʊðɪf,ʊðɪf,ʊðɪf
ʊð.ɪs,ʊð.ɪs,ʊðɪs,ʊðɪs,ʊðɪs,ʊðɪs
ʊð.ɪv,ʊð.ɪv,ʊðɪv,ʊðɪv,ʊðɪv,ʊðɪv
ʊð.ɪz,ʊð.ɪz,ʊðɪz,ʊðɪz,ʊðɪz,ʊðɪz
ʊð.ɪʃ,ʊð.ɪʃ,ʊðɪʃ,ʊðɪʃ,ʊðɪʃ,ʊðɪʃ
ʊð.ɪʒ,ʊð.ɪʒ,ʊðɪʒ,ʊðɪʒ,ʊðɪʒ,ʊðɪʒ
ʊð.ɪθ,ʊð.ɪθ,ʊðɪθ,ʊðɪθ,ʊðɪθ,ʊðɪθ
ʊð.ɪð,ʊð.ɪð,ʊðɪð,ʊðɪð,ʊðɪð,ʊðɪð
ʊð.ɛm,ʊð.ɛm,ʊðɛm,ʊðɛm,ʊðɛm,ʊðɛm
ʊð.ɛn,ʊð.ɛn,ʊðɛn,ʊðɛn,ʊðɛn,ʊðɛn
ʊð.ɛŋ,ʊð.ɛŋ,ʊðɛŋ,ʊðɛŋ,ʊðɛŋ,ʊðɛŋ
ʊð.ɛp,ʊð.ɛp,ʊðɛp,ʊðɛp,ʊðɛp,ʊðɛp
ʊð.ɛt,ʊð.ɛt,ʊðɛt,ʊðɛt,ʊðɛt,ʊðɛt
ʊð.ɛk,ʊð.ɛk,ʊðɛk,ʊðɛk,ʊðɛk,ʊðɛk
ʊð.ɛb,ʊð.ɛb,ʊðɛb,ʊðɛb,ʊðɛb,ʊðɛb
ʊð.ɛd,ʊð.ɛd,ʊðɛd,ʊðɛd,ʊðɛd,ʊðɛd
ʊð.ɛg,ʊð.ɛg,ʊðɛg,ʊðɛg,ʊðɛg,ʊðɛg
ʊð.ɛf,ʊð.ɛf,ʊðɛf,ʊðɛf,ʊðɛf,ʊðɛf
ʊð.ɛs,ʊð.ɛs,ʊðɛs,ʊðɛs,ʊðɛs,ʊðɛs
ʊð.ɛv,ʊð.ɛv,ʊðɛv,ʊðɛv,ʊðɛv,ʊðɛv
ʊð.ɛz,ʊð.ɛz,ʊðɛz,ʊðɛz,ʊðɛz,ʊðɛz
ʊð.ɛʃ,ʊð.ɛʃ,ʊðɛʃ,ʊðɛʃ,ʊðɛʃ,ʊðɛʃ
ʊð.ɛʒ,ʊð.ɛʒ,ʊðɛʒ,ʊðɛʒ,ʊðɛʒ,ʊðɛʒ
ʊð.ɛθ,ʊð.ɛθ,ʊðɛθ,ʊðɛθ,ʊðɛθ,ʊðɛθ
ʊð.ɛð,ʊð.ɛð,ʊðɛð,ʊðɛð,ʊðɛð,ʊðɛð
ʊð.ʊm,ʊð.ʊm,ʊðʊm,ʊðʊm,ʊðʊm,ʊðʊm
ʊð.ʊn,ʊð.ʊn,ʊðʊn,ʊðʊn,ʊðʊn,ʊðʊn
ʊð.ʊŋ,ʊð.ʊŋ,ʊðʊŋ,ʊðʊŋ,ʊðʊŋ,ʊðʊŋ
ʊð.ʊp,ʊð.ʊp,ʊðʊp,ʊðʊp,ʊðʊp,ʊðʊp
ʊð.ʊt,ʊð.ʊt,ʊðʊt,ʊðʊt,ʊðʊt,ʊðʊt
ʊð.ʊk,ʊð.ʊk,ʊðʊk,ʊðʊk,ʊðʊk,ʊðʊk
ʊð.ʊb,ʊð.ʊb,ʊðʊb,ʊðʊb,ʊðʊb,ʊðʊb
ʊð.ʊd,ʊð.ʊd,ʊðʊd,ʊðʊd,ʊðʊd,ʊðʊd
ʊð.ʊg,ʊð.ʊg,ʊðʊg,ʊðʊg,ʊðʊg,ʊðʊg
ʊð.ʊf,ʊð.ʊf,ʊðʊf,ʊðʊf,ʊðʊf,ʊðʊf
ʊð.ʊs,ʊð.ʊs,ʊðʊs,ʊðʊs,ʊðʊs,ʊðʊs
ʊð.ʊv,ʊð.ʊv,ʊðʊv,ʊðʊv,ʊðʊv,ʊðʊv
ʊð.ʊz,ʊð.ʊz,ʊðʊz,ʊðʊz,ʊðʊz,ʊðʊz
ʊð.ʊʃ,ʊð.ʊʃ,ʊðʊʃ,ʊðʊʃ,ʊðʊʃ,ʊðʊʃ
ʊð.ʊʒ,ʊð.ʊʒ,ʊðʊʒ,ʊðʊʒ,ʊðʊʒ,ʊðʊʒ
ʊð.ʊθ,ʊð.ʊθ,ʊðʊθ,ʊðʊθ,ʊðʊθ,ʊðʊθ
ʊð.ʊð,ʊð.ʊð,ʊðʊð,ʊðʊð,ʊðʊð,ʊðʊð
ʊð.ɔm,ʊð.ɔm,ʊðɔm,ʊðɔm,ʊðɔm,ʊðɔm
ʊð.ɔn,ʊð.ɔn,ʊðɔn,ʊðɔn,ʊðɔn,ʊðɔn
ʊð.ɔŋ,ʊð.ɔŋ,ʊðɔŋ,ʊðɔŋ,ʊðɔŋ,ʊðɔŋ
ʊð.ɔp,ʊð.ɔp,ʊðɔp,ʊðɔp,ʊðɔp,ʊðɔp
ʊð.ɔt,ʊð.ɔt,ʊðɔt,ʊðɔt,ʊðɔt,ʊðɔt
ʊð.ɔk,ʊð.ɔk,ʊðɔk,ʊðɔk,ʊðɔk,ʊðɔk
ʊð.ɔb,ʊð.ɔb,ʊðɔb,ʊðɔb,ʊðɔb,ʊðɔb
ʊð.ɔd,ʊð.ɔd,ʊðɔd,ʊðɔd,ʊðɔd,ʊðɔd
ʊð.ɔg,ʊð.ɔg,ʊðɔg,ʊðɔg,ʊðɔg,ʊðɔg
ʊð.ɔf,ʊð.ɔf,ʊðɔf,ʊðɔf,ʊðɔf,ʊðɔf
ʊð.ɔs,ʊð.ɔs,ʊðɔs,ʊðɔs,ʊðɔs,ʊðɔs
ʊð.ɔv,ʊð.ɔv,ʊðɔv,ʊðɔv,ʊðɔv,ʊðɔv
ʊð.ɔz,ʊð.ɔz,ʊðɔz,ʊðɔz,ʊðɔz,ʊðɔz
ʊð.ɔʃ,ʊð.ɔʃ,ʊðɔʃ,ʊðɔʃ,ʊðɔʃ,ʊðɔʃ
ʊð.ɔʒ,ʊð.ɔʒ,ʊðɔʒ,ʊðɔʒ,ʊðɔʒ,ʊðɔʒ
ʊð.ɔθ,ʊð.ɔθ,ʊðɔθ,ʊðɔθ,ʊðɔθ,ʊðɔθ
ʊð.ɔð,ʊð.ɔð,ʊðɔð,ʊðɔð,ʊðɔð,ʊðɔð
ɔm.ɪm,ɔm.ɪm,ɔmɪm,ɔmɪm,ɔmɪm,ɔmɪm
ɔm.ɪn,ɔm.ɪn,ɔmɪn,ɔmɪn,ɔmɪn,ɔmɪn
ɔm.ɪŋ,ɔm.ɪŋ,ɔmɪŋ,ɔmɪŋ,ɔmɪŋ,ɔmɪŋ
ɔm.ɪp,ɔm.ɪp,ɔmɪp,ɔmɪp,ɔmɪp,ɔmɪp
ɔm.ɪt,ɔm.ɪt,ɔmɪt,ɔmɪt,ɔmɪt,ɔmɪt
ɔm.ɪk,ɔm.ɪk,ɔmɪk,ɔmɪk,ɔmɪk,ɔmɪk
ɔm.ɪb,ɔm.ɪb,ɔmɪb,ɔmɪb,ɔmɪb,ɔmɪb
ɔm.ɪd,ɔm.ɪd,ɔmɪd,ɔmɪd,ɔmɪd,ɔmɪd
ɔm.ɪg,ɔm.ɪg,ɔmɪg,ɔmɪg,ɔmɪg,ɔmɪg
ɔm.ɪf,ɔm.ɪf,ɔmɪf,ɔmɪf,ɔmɪf,ɔmɪf
ɔm.ɪs,ɔm.ɪs,ɔmɪs,ɔmɪs,ɔmɪs,ɔmɪs
ɔm.ɪv,ɔm.ɪv,ɔmɪv,ɔmɪv,ɔmɪv,ɔmɪv
ɔm.ɪz,ɔm.ɪz,ɔmɪz,ɔmɪz,ɔmɪz,ɔmɪz
ɔm.ɪʃ,ɔm.ɪʃ,ɔmɪʃ,ɔmɪʃ,ɔmɪʃ,ɔmɪʃ
ɔm.ɪʒ,ɔm.ɪʒ,ɔmɪʒ,ɔmɪʒ,ɔmɪʒ,ɔmɪʒ
ɔm.ɪθ,ɔm.ɪθ,ɔmɪθ,ɔmɪθ,ɔmɪθ,ɔmɪθ
ɔm.ɪð,ɔm.ɪð,ɔmɪð,ɔmɪð,ɔmɪð,ɔmɪð
ɔm.ɛm,ɔm.ɛm,ɔmɛm,ɔmɛm,ɔmɛm,ɔmɛm
ɔm.ɛn,ɔm.ɛn,ɔmɛn,ɔmɛn,ɔmɛn,ɔmɛn
ɔm.ɛŋ,ɔm.ɛŋ,ɔmɛŋ,ɔmɛŋ,ɔmɛŋ,ɔmɛŋ
ɔm.ɛp,ɔm.ɛp,ɔmɛp,ɔmɛp,ɔmɛp,ɔmɛp
ɔm.ɛt,ɔm.ɛt,ɔmɛt,ɔmɛt,ɔmɛt,ɔmɛt
ɔm.ɛk,ɔm.ɛk,ɔmɛk,ɔmɛk,ɔmɛk,ɔmɛk
ɔm.ɛb,ɔm.ɛb,ɔmɛb,ɔmɛb,ɔmɛb,ɔmɛb
ɔm.ɛd,ɔm.ɛd,ɔmɛd,ɔmɛd,ɔmɛd,ɔmɛd
ɔm.ɛg,ɔm.ɛg,ɔmɛg,ɔmɛg,ɔmɛg,ɔmɛg
ɔm.ɛf,ɔm.ɛf,ɔmɛf,ɔmɛf,ɔmɛf,ɔmɛf
ɔm.ɛs,ɔm.ɛs,ɔmɛs,ɔmɛs,ɔmɛs,ɔmɛs
ɔm.ɛv,ɔm.ɛv,ɔmɛv,ɔmɛv,ɔmɛv,ɔmɛv
ɔm.ɛz,ɔm.ɛz,ɔmɛz,ɔmɛz,ɔmɛz,ɔmɛz
ɔm.ɛʃ,ɔm.ɛʃ,ɔmɛʃ,ɔmɛʃ,ɔmɛʃ,ɔmɛʃ
ɔm.ɛʒ,ɔm.ɛʒ,ɔmɛʒ,ɔmɛʒ,ɔmɛʒ,ɔmɛʒ
ɔm.ɛθ,ɔm.ɛθ,ɔmɛθ,ɔmɛθ,ɔmɛθ,ɔmɛθ
ɔm.ɛð,ɔm.ɛð,ɔmɛð,ɔmɛð,ɔmɛð,ɔmɛð
ɔm.ʊm,ɔm.ʊm,ɔmʊm,ɔmʊm,ɔmʊm,ɔmʊm
ɔm.ʊn,ɔm.ʊn,ɔmʊn,ɔmʊn,ɔmʊn,ɔmʊn
ɔm.ʊŋ,ɔm.ʊŋ,ɔmʊŋ,ɔmʊŋ,ɔmʊŋ,ɔmʊŋ
ɔm.ʊp,ɔm.ʊp,ɔmʊp,ɔmʊp,ɔmʊp,ɔmʊp
ɔm.ʊt,ɔm.ʊt,ɔmʊt,ɔmʊt,ɔmʊt,ɔmʊt
ɔm.ʊk,ɔm.ʊk,ɔmʊk,ɔmʊk,ɔmʊk,ɔmʊk
ɔm.ʊb,ɔm.ʊb,ɔmʊb,ɔmʊb,ɔmʊb,ɔmʊb
ɔm.ʊd,ɔm.ʊd,ɔmʊd,ɔmʊd,ɔmʊd,ɔmʊd
ɔm.ʊg,ɔm.ʊg,ɔmʊg,ɔmʊg,ɔmʊg,ɔmʊg
ɔm.ʊf,ɔm.ʊf,ɔmʊf,ɔmʊf,ɔmʊf,ɔmʊf
ɔm.ʊs,ɔm.ʊs,ɔmʊs,ɔmʊs,ɔmʊs,ɔmʊs
ɔm.ʊv,ɔm.ʊv,ɔmʊv,ɔmʊv,ɔmʊv,ɔmʊv
ɔm.ʊz,ɔm.ʊz,ɔmʊz,ɔmʊz,ɔmʊz,ɔmʊz
ɔm.ʊʃ,ɔm.ʊʃ,ɔmʊʃ,ɔmʊʃ,ɔmʊʃ,ɔmʊʃ
ɔm.ʊʒ,ɔm.ʊʒ,ɔmʊʒ,ɔmʊʒ,ɔmʊʒ,ɔmʊʒ
ɔm.ʊθ,ɔm.ʊθ,ɔmʊθ,ɔmʊθ,ɔmʊθ,ɔmʊθ
ɔm.ʊð,ɔm.ʊð,ɔmʊð,ɔmʊð,ɔmʊð,ɔmʊð
ɔm.ɔm,ɔm.ɔm,ɔmɔm,ɔmɔm,ɔmɔm,ɔmɔm
ɔm.ɔn,ɔm.ɔn,ɔmɔn,ɔmɔn,ɔmɔn,ɔmɔn
ɔm.ɔŋ,ɔm.ɔŋ,ɔmɔŋ,ɔmɔŋ,ɔmɔŋ,ɔmɔŋ
ɔm.ɔp,ɔm.ɔp,ɔmɔp,ɔmɔp,ɔmɔp,ɔmɔp
ɔm.ɔt,ɔm.ɔt,ɔmɔt,ɔmɔt,ɔmɔt,ɔmɔt
ɔm.ɔk,ɔm.ɔk,ɔmɔk,ɔmɔk,ɔmɔk,ɔmɔk
ɔm.ɔb,ɔm.ɔb,ɔmɔb,ɔmɔb,ɔmɔb,ɔmɔb
ɔm.ɔd,ɔm.ɔd,ɔmɔd,ɔmɔd,ɔmɔd,ɔmɔd
ɔm.ɔg,ɔm.ɔg,ɔmɔg,ɔmɔg,ɔmɔg,ɔmɔg
ɔm.ɔf,ɔm.ɔf,ɔmɔf,ɔmɔf,ɔmɔf,ɔmɔf
ɔm.ɔs,ɔm.ɔs,ɔmɔs,ɔmɔs,ɔmɔs,ɔmɔs
ɔm.ɔv,ɔm.ɔv,ɔmɔv,ɔmɔv,ɔmɔv,ɔmɔv
ɔm.ɔz,ɔm.ɔz,ɔmɔz,ɔmɔz,ɔmɔz,ɔmɔz
ɔm.ɔʃ,ɔm.ɔʃ,ɔmɔʃ,ɔmɔʃ,ɔmɔʃ,ɔmɔʃ
ɔm.ɔʒ,ɔm.ɔʒ,ɔmɔʒ,ɔmɔʒ,ɔmɔʒ,ɔmɔʒ
ɔm.ɔθ,ɔm.ɔθ,ɔmɔθ,ɔmɔθ,ɔmɔθ,ɔmɔθ
ɔm.ɔð,ɔm.ɔð,ɔmɔð,ɔmɔð,ɔmɔð,ɔmɔð
ɔn.ɪm,ɔn.ɪm,ɔnɪm,ɔnɪm,ɔnɪm,ɔnɪm
ɔn.ɪn,ɔn.ɪn,ɔnɪn,ɔnɪn,ɔnɪn,ɔnɪn
ɔn.ɪŋ,ɔn.ɪŋ,ɔnɪŋ,ɔnɪŋ,ɔnɪŋ,ɔnɪŋ
ɔn.ɪp,ɔn.ɪp,ɔnɪp,ɔnɪp,ɔnɪp,ɔnɪp
ɔn.ɪt,ɔn.ɪt,ɔnɪt,ɔnɪt,ɔnɪt,ɔnɪt
ɔn.ɪk,ɔn.ɪk,ɔnɪk,ɔnɪk,ɔnɪk,ɔnɪk
ɔn.ɪb,ɔn.ɪb,ɔnɪb,ɔnɪb,ɔnɪb,ɔnɪb
ɔn.ɪd,ɔn.ɪd,ɔnɪd,ɔnɪd,ɔnɪd,ɔnɪd
ɔn.ɪg,ɔn.ɪg,ɔnɪg,ɔnɪg,ɔnɪg,ɔnɪg
ɔn.ɪf,ɔn.ɪf,ɔnɪf,ɔnɪf,ɔnɪf,ɔnɪf
ɔn.ɪs,ɔn.ɪs,ɔnɪs,ɔnɪs,ɔnɪs,ɔnɪs
ɔn.ɪv,ɔn.ɪv,ɔnɪv,ɔnɪv,ɔnɪv,ɔnɪv
ɔn.ɪz,ɔn.ɪz,ɔnɪz,ɔnɪz,ɔnɪz,ɔnɪz
ɔn.ɪʃ,ɔn.ɪʃ,ɔnɪʃ,ɔnɪʃ,ɔnɪʃ,ɔnɪʃ
ɔn.ɪʒ,ɔn.ɪʒ,ɔnɪʒ,ɔnɪʒ,ɔnɪʒ,ɔnɪʒ
ɔn.ɪθ,ɔn.ɪθ,ɔnɪθ,ɔnɪθ,ɔnɪθ,ɔnɪθ
ɔn.ɪð,ɔn.ɪð,ɔnɪð,ɔnɪð,ɔnɪð,ɔnɪð
ɔn.ɛm,ɔn.ɛm,ɔnɛm,ɔnɛm,ɔnɛm,ɔnɛm
ɔn.ɛn,ɔn.ɛn,ɔnɛn,ɔnɛn,ɔnɛn,ɔnɛn
ɔn.ɛŋ,ɔn.ɛŋ,ɔnɛŋ,ɔnɛŋ,ɔnɛŋ,ɔnɛŋ
ɔn.ɛp,ɔn.ɛp,ɔnɛp,ɔnɛp,ɔnɛp,ɔnɛp
ɔn.ɛt,ɔn.ɛt,ɔnɛt,ɔnɛt,ɔnɛt,ɔnɛt
ɔn.ɛk,ɔn.ɛk,ɔnɛk,ɔnɛk,ɔnɛk,ɔnɛk
ɔn.ɛb,ɔn.ɛb,ɔnɛb,ɔnɛb,ɔnɛb,ɔnɛb
ɔn.ɛd,ɔn.ɛd,ɔnɛd,ɔnɛd,ɔnɛd,ɔnɛd
ɔn.ɛg,ɔn.ɛg,ɔnɛg,ɔnɛg,ɔnɛg,ɔnɛg
ɔn.ɛf,ɔn.ɛf,ɔnɛf,ɔnɛf,ɔnɛf,ɔnɛf
ɔn.ɛs,ɔn.ɛs,ɔnɛs,ɔnɛs,ɔnɛs,ɔnɛs
ɔn.ɛv,ɔn.ɛv,ɔnɛv,ɔnɛv,ɔnɛv,ɔnɛv
ɔn.ɛz,ɔn.ɛz,ɔnɛz,ɔnɛz,ɔnɛz,ɔnɛz
ɔn.ɛʃ,ɔn.ɛʃ,ɔnɛʃ,ɔnɛʃ,ɔnɛʃ,ɔnɛʃ
ɔn.ɛʒ,ɔn.ɛʒ,ɔnɛʒ,ɔnɛʒ,ɔnɛʒ,ɔnɛʒ
ɔn.ɛθ,ɔn.ɛθ,ɔnɛθ,ɔnɛθ,ɔnɛθ,ɔnɛθ
ɔn.ɛð,ɔn.ɛð,ɔnɛð,ɔnɛð,ɔnɛð,ɔnɛð
ɔn.ʊm,ɔn.ʊm,ɔnʊm,ɔnʊm,ɔnʊm,ɔnʊm
ɔn.ʊn,ɔn.ʊn,ɔnʊn,ɔnʊn,ɔnʊn,ɔnʊn
ɔn.ʊŋ,ɔn.ʊŋ,ɔnʊŋ,ɔnʊŋ,ɔnʊŋ,ɔnʊŋ
ɔn.ʊp,ɔn.ʊp,ɔnʊp,ɔnʊp,ɔnʊp,ɔnʊp
ɔn.ʊt,ɔn.ʊt,ɔnʊt,ɔnʊt,ɔnʊt,ɔnʊt
ɔn.ʊk,ɔn.ʊk,ɔnʊk,ɔnʊk,ɔnʊk,ɔnʊk
ɔn.ʊb,ɔn.ʊb,ɔnʊb,ɔnʊb,ɔnʊb,ɔnʊb
ɔn.ʊd,ɔn.ʊd,ɔnʊd,ɔnʊd,ɔnʊd,ɔnʊd
ɔn.ʊg,ɔn.ʊg,ɔnʊg,ɔnʊg,ɔnʊg,ɔnʊg
ɔn.ʊf,ɔn.ʊf,ɔnʊf,ɔnʊf,ɔnʊf,ɔnʊf
ɔn.ʊs,ɔn.ʊs,ɔnʊs,ɔnʊs,ɔnʊs,ɔnʊs
ɔn.ʊv,ɔn.ʊv,ɔnʊv,ɔnʊv,ɔnʊv,ɔnʊv
ɔn.ʊz,ɔn.ʊz,ɔnʊz,ɔnʊz,ɔnʊz,ɔnʊz
ɔn.ʊʃ,ɔn.ʊʃ,ɔnʊʃ,ɔnʊʃ,ɔnʊʃ,ɔnʊʃ
ɔn.ʊʒ,ɔn.ʊʒ,ɔnʊʒ,ɔnʊʒ,ɔnʊʒ,ɔnʊʒ
ɔn.ʊθ,ɔn.ʊθ,ɔnʊθ,ɔnʊθ,ɔnʊθ,ɔnʊθ
ɔn.ʊð,ɔn.ʊð,ɔnʊð,ɔnʊð,ɔnʊð,ɔnʊð
ɔn.ɔm,ɔn.ɔm,ɔnɔm,ɔnɔm,ɔnɔm,ɔnɔm
ɔn.ɔn,ɔn.ɔn,ɔnɔn,ɔnɔn,ɔnɔn,ɔnɔn
ɔn.ɔŋ,ɔn.ɔŋ,ɔnɔŋ,ɔnɔŋ,ɔnɔŋ,ɔnɔŋ
ɔn.ɔp,ɔn.ɔp,ɔnɔp,ɔnɔp,ɔnɔp,ɔnɔp
ɔn.ɔt,ɔn.ɔt,ɔnɔt,ɔnɔt,ɔnɔt,ɔnɔt
ɔn.ɔk,ɔn.ɔk,ɔnɔk,ɔnɔk,ɔnɔk,ɔnɔk
ɔn.ɔb,ɔn.ɔb,ɔnɔb,ɔnɔb,ɔnɔb,ɔnɔb
ɔn.ɔd,ɔn.ɔd,ɔnɔd,ɔnɔd,ɔnɔd,ɔnɔd
ɔn.ɔg,ɔn.ɔg,ɔnɔg,ɔnɔg,ɔnɔg,ɔnɔg
ɔn.ɔf,ɔn.ɔf,ɔnɔf,ɔnɔf,ɔnɔf,ɔnɔf
ɔn.ɔs,ɔn.ɔs,ɔnɔs,ɔnɔs,ɔnɔs,ɔnɔs
ɔn.ɔv,ɔn.ɔv,ɔnɔv,ɔnɔv,ɔnɔv,ɔnɔv
ɔn.ɔz,ɔn.ɔz,ɔnɔz,ɔnɔz,ɔnɔz,ɔnɔz
ɔn.ɔʃ,ɔn.ɔʃ,ɔnɔʃ,ɔnɔʃ,ɔnɔʃ,ɔnɔʃ
ɔn.ɔʒ,ɔn.ɔʒ,ɔnɔʒ,ɔnɔʒ,ɔnɔʒ,ɔnɔʒ
ɔn.ɔθ,ɔn.ɔθ,ɔnɔθ,ɔnɔθ,ɔnɔθ,ɔnɔθ
ɔn.ɔð,ɔn.ɔð,ɔnɔð,ɔnɔð,ɔnɔð,ɔnɔð
ɔŋ.ɪm,ɔŋ.ɪm,ɔŋɪm,ɔŋɪm,ɔŋɪm,ɔŋɪm
ɔŋ.ɪn,ɔŋ.ɪn,ɔŋɪn,ɔŋɪn,ɔŋɪn,ɔŋɪn
ɔŋ.ɪŋ,ɔŋ.ɪŋ,ɔŋɪŋ,ɔŋɪŋ,ɔŋɪŋ,ɔŋɪŋ
ɔŋ.ɪp,ɔŋ.ɪp,ɔŋɪp,ɔŋɪp,ɔŋɪp,ɔŋɪp
ɔŋ.ɪt,ɔŋ.ɪt,ɔŋɪt,ɔŋɪt,ɔŋɪt,ɔŋɪt
ɔŋ.ɪk,ɔŋ.ɪk,ɔŋɪk,ɔŋɪk,ɔŋɪk,ɔŋɪk
ɔŋ.ɪb,ɔŋ.ɪb,ɔŋɪb,ɔŋɪb,ɔŋɪb,ɔŋɪb
ɔŋ.ɪd,ɔŋ.ɪd,ɔŋɪd,ɔŋɪd,ɔŋɪd,ɔŋɪd
ɔŋ.ɪg,ɔŋ.ɪg,ɔŋɪg,ɔŋɪg,ɔŋɪg,ɔŋɪg
ɔŋ.ɪf,ɔŋ.ɪf,ɔŋɪf,ɔŋɪf,ɔŋɪf,ɔŋɪf
ɔŋ.ɪs,ɔŋ.ɪs,ɔŋɪs,ɔŋɪs,ɔŋɪs,ɔŋɪs
ɔŋ.ɪv,ɔŋ.ɪv,ɔŋɪv,ɔŋɪv,ɔŋɪv,ɔŋɪv
ɔŋ.ɪz,ɔŋ.ɪz,ɔŋɪz,ɔŋɪz,ɔŋɪz,ɔŋɪz
ɔŋ.ɪʃ,ɔŋ.ɪʃ,ɔŋɪʃ,ɔŋɪʃ,ɔŋɪʃ,ɔŋɪʃ
ɔŋ.ɪʒ,ɔŋ.ɪʒ,ɔŋɪʒ,ɔŋɪʒ,ɔŋɪʒ,ɔŋɪʒ
ɔŋ.ɪθ,ɔŋ.ɪθ,ɔŋɪθ,ɔŋɪθ,ɔŋɪθ,ɔŋɪθ
ɔŋ.ɪð,ɔŋ.ɪð,ɔŋɪð,ɔŋɪð,ɔŋɪð,ɔŋɪð
ɔŋ.ɛm,ɔŋ.ɛm,ɔŋɛm,ɔŋɛm,ɔŋɛm,ɔŋɛm
ɔŋ.ɛn,ɔŋ.ɛn,ɔŋɛn,ɔŋɛn,ɔŋɛn,ɔŋɛn
ɔŋ.ɛŋ,ɔŋ.ɛŋ,ɔŋɛŋ,ɔŋɛŋ,ɔŋɛŋ,ɔŋɛŋ
ɔŋ.ɛp,ɔŋ.ɛp,ɔŋɛp,ɔŋɛp,ɔŋɛp,ɔŋɛp
ɔŋ.ɛt,ɔŋ.ɛt,ɔŋɛt,ɔŋɛt,ɔŋɛt,ɔŋɛt
ɔŋ.ɛk,ɔŋ.ɛk,ɔŋɛk,ɔŋɛk,ɔŋɛk,ɔŋɛk
ɔŋ.ɛb,ɔŋ.ɛb,ɔŋɛb,ɔŋɛb,ɔŋɛb,ɔŋɛb
ɔŋ.ɛd,ɔŋ.ɛd,ɔŋɛd,ɔŋɛd,ɔŋɛd,ɔŋɛd
ɔŋ.ɛg,ɔŋ.ɛg,ɔŋɛg,ɔŋɛg,ɔŋɛg,ɔŋɛg
ɔŋ.ɛf,ɔŋ.ɛf,ɔŋɛf,ɔŋɛf,ɔŋɛf,ɔŋɛf
ɔŋ.ɛs,ɔŋ.ɛs,ɔŋɛs,ɔŋɛs,ɔŋɛs,ɔŋɛs
ɔŋ.ɛv,ɔŋ.ɛv,ɔŋɛv,ɔŋɛv,ɔŋɛv,ɔŋɛv
ɔŋ.ɛz,ɔŋ.ɛz,ɔŋɛz,ɔŋɛz,ɔŋɛz,ɔŋɛz
ɔŋ.ɛʃ,ɔŋ.ɛʃ,ɔŋɛʃ,ɔŋɛʃ,ɔŋɛʃ,ɔŋɛʃ
ɔŋ.ɛʒ,ɔŋ.ɛʒ,ɔŋɛʒ,ɔŋɛʒ,ɔŋɛʒ,ɔŋɛʒ
ɔŋ.ɛθ,ɔŋ.ɛθ,ɔŋɛθ,ɔŋɛθ,ɔŋɛθ,ɔŋɛθ
ɔŋ.ɛð,ɔŋ.ɛð,ɔŋɛð,ɔŋɛð,ɔŋɛð,ɔŋɛð
ɔŋ.ʊm,ɔŋ.ʊm,ɔŋʊm,ɔŋʊm,ɔŋʊm,ɔŋʊm
ɔŋ.ʊn,ɔŋ.ʊn,ɔŋʊn,ɔŋʊn,ɔŋʊn,ɔŋʊn
ɔŋ.ʊŋ,ɔŋ.ʊŋ,ɔŋʊŋ,ɔŋʊŋ,ɔŋʊŋ,ɔŋʊŋ
ɔŋ.ʊp,ɔŋ.ʊp,ɔŋʊp,ɔŋʊp,ɔŋʊp,ɔŋʊp
ɔŋ.ʊt,ɔŋ.ʊt,ɔŋʊt,ɔŋʊt,ɔŋʊt,ɔŋʊt
ɔŋ.ʊk,ɔŋ.ʊk,ɔŋʊk,ɔŋʊk,ɔŋʊk,ɔŋʊk
ɔŋ.ʊb,ɔŋ.ʊb,ɔŋʊb,ɔŋʊb,ɔŋʊb,ɔŋʊb
ɔŋ.ʊd,ɔŋ.ʊd,ɔŋʊd,ɔŋʊd,ɔŋʊd,ɔŋʊd
ɔŋ.ʊg,ɔŋ.ʊg,ɔŋʊg,ɔŋʊg,ɔŋʊg,ɔŋʊg
ɔŋ.ʊf,ɔŋ.ʊf,ɔŋʊf,ɔŋʊf,ɔŋʊf,ɔŋʊf
ɔŋ.ʊs,ɔŋ.ʊs,ɔŋʊs,ɔŋʊs,ɔŋʊs,ɔŋʊs
ɔŋ.ʊv,ɔŋ.ʊv,ɔŋʊv,ɔŋʊv,ɔŋʊv,ɔŋʊv
ɔŋ.ʊz,ɔŋ.ʊz,ɔŋʊz,ɔŋʊz,ɔŋʊz,ɔŋʊz
ɔŋ.ʊʃ,ɔŋ.ʊʃ,ɔŋʊʃ,ɔŋʊʃ,ɔŋʊʃ,ɔŋʊʃ
ɔŋ.ʊʒ,ɔŋ.ʊʒ,ɔŋʊʒ,ɔŋʊʒ,ɔŋʊʒ,ɔŋʊʒ
ɔŋ.ʊθ,ɔŋ.ʊθ,ɔŋʊθ,ɔŋʊθ,ɔŋʊθ,ɔŋʊθ
ɔŋ.ʊð,ɔŋ.ʊð,ɔŋʊð,ɔŋʊð,ɔŋʊð,ɔŋʊð
ɔŋ.ɔm,ɔŋ.ɔm,ɔŋɔm,ɔŋɔm,ɔŋɔm,ɔŋɔm
ɔŋ.ɔn,ɔŋ.ɔn,ɔŋɔn,ɔŋɔn,ɔŋɔn,ɔŋɔn
ɔŋ.ɔŋ,ɔŋ.ɔŋ,ɔŋɔŋ,ɔŋɔŋ,ɔŋɔŋ,ɔŋɔŋ
ɔŋ.ɔp,ɔŋ.ɔp,ɔŋɔp,ɔŋɔp,ɔŋɔp,ɔŋɔp
ɔŋ.ɔt,ɔŋ.ɔt,ɔŋɔt,ɔŋɔt,ɔŋɔt,ɔŋɔt
ɔŋ.ɔk,ɔŋ.ɔk,ɔŋɔk,ɔŋɔk,ɔŋɔk,ɔŋɔk
ɔŋ.ɔb,ɔŋ.ɔb,ɔŋɔb,ɔŋɔb,ɔŋɔb,ɔŋɔb
ɔŋ.ɔd,ɔŋ.ɔd,ɔŋɔd,ɔŋɔd,ɔŋɔd,ɔŋɔd
ɔŋ.ɔg,ɔŋ.ɔg,ɔŋɔg,ɔŋɔg,ɔŋɔg,ɔŋɔg
ɔŋ.ɔf,ɔŋ.ɔf,ɔŋɔf,ɔŋɔf,ɔŋɔf,ɔŋɔf
ɔŋ.ɔs,ɔŋ.ɔs,ɔŋɔs,ɔŋɔs,ɔŋɔs,ɔŋɔs
ɔŋ.ɔv,ɔŋ.ɔv,ɔŋɔv,ɔŋɔv,ɔŋɔv,ɔŋɔv
ɔŋ.ɔz,ɔŋ.ɔz,ɔŋɔz,ɔŋɔz,ɔŋɔz,ɔŋɔz
ɔŋ.ɔʃ,ɔŋ.ɔʃ,ɔŋɔʃ,ɔŋɔʃ,ɔŋɔʃ,ɔŋɔʃ
ɔŋ.ɔʒ,ɔŋ.ɔʒ,ɔŋɔʒ,ɔŋɔʒ,ɔŋɔʒ,ɔŋɔʒ
ɔŋ.ɔθ,ɔŋ.ɔθ,ɔŋɔθ,ɔŋɔθ,ɔŋɔθ,ɔŋɔθ
ɔŋ.ɔð,ɔŋ.ɔð,ɔŋɔð,ɔŋɔð,ɔŋɔð,ɔŋɔð
ɔp.ɪm,ɔp.ɪm,ɔpɪm,ɔpɪm,ɔpɪm,ɔpɪm
ɔp.ɪn,ɔp.ɪn,ɔpɪn,ɔpɪn,ɔpɪn,ɔpɪn
ɔp.ɪŋ,ɔp.ɪŋ,ɔpɪŋ,ɔpɪŋ,ɔpɪŋ,ɔpɪŋ
ɔp.ɪp,ɔp.ɪp,ɔpɪp,ɔpɪp,ɔpɪp,ɔpɪp
ɔp.ɪt,ɔp.ɪt,ɔpɪt,ɔpɪt,ɔpɪt,ɔpɪt
ɔp.ɪk,ɔp.ɪk,ɔpɪk,ɔpɪk,ɔpɪk,ɔpɪk
ɔp.ɪb,ɔp.ɪb,ɔpɪb,ɔpɪb,ɔpɪb,ɔpɪb
ɔp.ɪd,ɔp.ɪd,ɔpɪd,ɔpɪd,ɔpɪd,ɔpɪd
ɔp.ɪg,ɔp.ɪg,ɔpɪg,ɔpɪg,ɔpɪg,ɔpɪg
ɔp.ɪf,ɔp.ɪf,ɔpɪf,ɔpɪf,ɔpɪf,ɔpɪf
ɔp.ɪs,ɔp.ɪs,ɔpɪs,ɔpɪs,ɔpɪs,ɔpɪs
ɔp.ɪv,ɔp.ɪv,ɔpɪv,ɔpɪv,ɔpɪv,ɔpɪv
ɔp.ɪz,ɔp.ɪz,ɔpɪz,ɔpɪz,ɔpɪz,ɔpɪz
ɔp.ɪʃ,ɔp.ɪʃ,ɔpɪʃ,ɔpɪʃ,ɔpɪʃ,ɔpɪʃ
ɔp.ɪʒ,ɔp.ɪʒ,ɔpɪʒ,ɔpɪʒ,ɔpɪʒ,ɔpɪʒ
ɔp.ɪθ,ɔp.ɪθ,ɔpɪθ,ɔpɪθ,ɔpɪθ,ɔpɪθ
ɔp.ɪð,ɔp.ɪð,ɔpɪð,ɔpɪð,ɔpɪð,ɔpɪð
ɔp.ɛm,ɔp.ɛm,ɔpɛm,ɔpɛm,ɔpɛm,ɔpɛm
ɔp.ɛn,ɔp.ɛn,ɔpɛn,ɔpɛn,ɔpɛn,ɔpɛn
ɔp.ɛŋ,ɔp.ɛŋ,ɔpɛŋ,ɔpɛŋ,ɔpɛŋ,ɔpɛŋ
ɔp.ɛp,ɔp.ɛp,ɔpɛp,ɔpɛp,ɔpɛp,ɔpɛp
ɔp.ɛt,ɔp.ɛt,ɔpɛt,ɔpɛt,ɔpɛt,ɔpɛt
ɔp.ɛk,ɔp.ɛk,ɔpɛk,ɔpɛk,ɔpɛk,ɔpɛk
ɔp.ɛb,ɔp.ɛb,ɔpɛb,ɔpɛb,ɔpɛb,ɔpɛb
ɔp.ɛd,ɔp.ɛd,ɔpɛd,ɔpɛd,ɔpɛd,ɔpɛd
ɔp.ɛg,ɔp.ɛg,ɔpɛg,ɔpɛg,ɔpɛg,ɔpɛg
ɔp.ɛf,ɔp.ɛf,ɔpɛf,ɔpɛf,ɔpɛf,ɔpɛf
ɔp.ɛs,ɔp.ɛs,ɔpɛs,ɔpɛs,ɔpɛs,ɔpɛs
ɔp.ɛv,ɔp.ɛv,ɔpɛv,ɔpɛv,ɔpɛv,ɔpɛv
ɔp.ɛz,ɔp.ɛz,ɔpɛz,ɔpɛz,ɔpɛz,ɔpɛz
ɔp.ɛʃ,ɔp.ɛʃ,ɔpɛʃ,ɔpɛʃ,ɔpɛʃ,ɔpɛʃ
ɔp.ɛʒ,ɔp.ɛʒ,ɔpɛʒ,ɔpɛʒ,ɔpɛʒ,ɔpɛʒ
ɔp.ɛθ,ɔp.ɛθ,ɔpɛθ,ɔpɛθ,ɔpɛθ,ɔpɛθ
ɔp.ɛð,ɔp.ɛð,ɔpɛð,ɔpɛð,ɔpɛð,ɔpɛð
ɔp.ʊm,ɔp.ʊm,ɔpʊm,ɔpʊm,ɔpʊm,ɔpʊm
ɔp.ʊn,ɔp.ʊn,ɔpʊn,ɔpʊn,ɔpʊn,ɔpʊn
ɔp.ʊŋ,ɔp.ʊŋ,ɔpʊŋ,ɔpʊŋ,ɔpʊŋ,ɔpʊŋ
ɔp.ʊp,ɔp.ʊp,ɔpʊp,ɔpʊp,ɔpʊp,ɔpʊp
ɔp.ʊt,ɔp.ʊt,ɔpʊt,ɔpʊt,ɔpʊt,ɔpʊt
ɔp.ʊk,ɔp.ʊk,ɔpʊk,ɔpʊk,ɔpʊk,ɔpʊk
ɔp.ʊb,ɔp.ʊb,ɔpʊb,ɔpʊb,ɔpʊb,ɔpʊb
ɔp.ʊd,ɔp.ʊd,ɔpʊd,ɔpʊd,ɔpʊd,ɔpʊd
ɔp.ʊg,ɔp.ʊg,ɔpʊg,ɔpʊg,ɔpʊg,ɔpʊg
ɔp.ʊf,ɔp.ʊf,ɔpʊf,ɔpʊf,ɔpʊf,ɔpʊf
ɔp.ʊs,ɔp.ʊs,ɔpʊs,ɔpʊs,ɔpʊs,ɔpʊs
ɔp.ʊv,ɔp.ʊv,ɔpʊv,ɔpʊv,ɔpʊv,ɔpʊv
ɔp.ʊz,ɔp.ʊz,ɔpʊz,ɔpʊz,ɔpʊz,ɔpʊz
ɔp.ʊʃ,ɔp.ʊʃ,ɔpʊʃ,ɔpʊʃ,ɔpʊʃ,ɔpʊʃ
ɔp.ʊʒ,ɔp.ʊʒ,ɔpʊʒ,ɔpʊʒ,ɔpʊʒ,ɔpʊʒ
ɔp.ʊθ,ɔp.ʊθ,ɔpʊθ,ɔpʊθ,ɔpʊθ,ɔpʊθ
ɔp.ʊð,ɔp.ʊð,ɔpʊð,ɔpʊð,ɔpʊð,ɔpʊð
ɔp.ɔm,ɔp.ɔm,ɔpɔm,ɔpɔm,ɔpɔm,ɔpɔm
ɔp.ɔn,ɔp.ɔn,ɔpɔn,ɔpɔn,ɔpɔn,ɔpɔn
ɔp.ɔŋ,ɔp.ɔŋ,ɔpɔŋ,ɔpɔŋ,ɔpɔŋ,ɔpɔŋ
ɔp.ɔp,ɔp.ɔp,ɔpɔp,ɔpɔp,ɔpɔp,ɔpɔp
ɔp.ɔt,ɔp.ɔt,ɔpɔt,ɔpɔt,ɔpɔt,ɔpɔt
ɔp.ɔk,ɔp.ɔk,ɔpɔk,ɔpɔk,ɔpɔk,ɔpɔk
ɔp.ɔb,ɔp.ɔb,ɔpɔb,ɔpɔb,ɔpɔb,ɔpɔb
ɔp.ɔd,ɔp.ɔd,ɔpɔd,ɔpɔd,ɔpɔd,ɔpɔd
ɔp.ɔg,ɔp.ɔg,ɔpɔg,ɔpɔg,ɔpɔg,ɔpɔg
ɔp.ɔf,ɔp.ɔf,ɔpɔf,ɔpɔf,ɔpɔf,ɔpɔf
ɔp.ɔs,ɔp.ɔs,ɔpɔs,ɔpɔs,ɔpɔs,ɔpɔs
ɔp.ɔv,ɔp.ɔv,ɔpɔv,ɔpɔv,ɔpɔv,ɔpɔv
ɔp.ɔz,ɔp.ɔz,ɔpɔz,ɔpɔz,ɔpɔz,ɔpɔz
ɔp.ɔʃ,ɔp.ɔʃ,ɔpɔʃ,ɔpɔʃ,ɔpɔʃ,ɔpɔʃ
ɔp.ɔʒ,ɔp.ɔʒ,ɔpɔʒ,ɔpɔʒ,ɔpɔʒ,ɔpɔʒ
ɔp.ɔθ,ɔp.ɔθ,ɔpɔθ,ɔpɔθ,ɔpɔθ,ɔpɔθ
ɔp.ɔð,ɔp.ɔð,ɔpɔð,ɔpɔð,ɔpɔð,ɔpɔð
ɔt.ɪm,ɔt.ɪm,ɔtɪm,ɔtɪm,ɔtɪm,ɔtɪm
ɔt.ɪn,ɔt.ɪn,ɔtɪn,ɔtɪn,ɔtɪn,ɔtɪn
ɔt.ɪŋ,ɔt.ɪŋ,ɔtɪŋ,ɔtɪŋ,ɔtɪŋ,ɔtɪŋ
ɔt.ɪp,ɔt.ɪp,ɔtɪp,ɔtɪp,ɔtɪp,ɔtɪp
ɔt.ɪt,ɔt.ɪt,ɔtɪt,ɔtɪt,ɔtɪt,ɔtɪt
ɔt.ɪk,ɔt.ɪk,ɔtɪk,ɔtɪk,ɔtɪk,ɔtɪk
ɔt.ɪb,ɔt.ɪb,ɔtɪb,ɔtɪb,ɔtɪb,ɔtɪb
ɔt.ɪd,ɔt.ɪd,ɔtɪd,ɔtɪd,ɔtɪd,ɔtɪd
ɔt.ɪg,ɔt.ɪg,ɔtɪg,ɔtɪg,ɔtɪg,ɔtɪg
ɔt.ɪf,ɔt.ɪf,ɔtɪf,ɔtɪf,ɔtɪf,ɔtɪf
ɔt.ɪs,ɔt.ɪs,ɔtɪs,ɔtɪs,ɔtɪs,ɔtɪs
ɔt.ɪv,ɔt.ɪv,ɔtɪv,ɔtɪv,ɔtɪv,ɔtɪv
ɔt.ɪz,ɔt.ɪz,ɔtɪz,ɔtɪz,ɔtɪz,ɔtɪz
ɔt.ɪʃ,ɔt.ɪʃ,ɔtɪʃ,ɔtɪʃ,ɔtɪʃ,ɔtɪʃ
ɔt.ɪʒ,ɔt.ɪʒ,ɔtɪʒ,ɔtɪʒ,ɔtɪʒ,ɔtɪʒ
ɔt.ɪθ,ɔt.ɪθ,ɔtɪθ,ɔtɪθ,ɔtɪθ,ɔtɪθ
ɔt.ɪð,ɔt.ɪð,ɔtɪð,ɔtɪð,ɔtɪð,ɔtɪð
ɔt.ɛm,ɔt.ɛm,ɔtɛm,ɔtɛm,ɔtɛm,ɔtɛm
ɔt.ɛn,ɔt.ɛn,ɔtɛn,ɔtɛn,ɔtɛn,ɔtɛn
ɔt.ɛŋ,ɔt.ɛŋ,ɔtɛŋ,ɔtɛŋ,ɔtɛŋ,ɔtɛŋ
ɔt.ɛp,ɔt.ɛp,ɔtɛp,ɔtɛp,ɔtɛp,ɔtɛp
ɔt.ɛt,ɔt.ɛt,ɔtɛt,ɔtɛt,ɔtɛt,ɔtɛt
ɔt.ɛk,ɔt.ɛk,ɔtɛk,ɔtɛk,ɔtɛk,ɔtɛk
ɔt.ɛb,ɔt.ɛb,ɔtɛb,ɔtɛb,ɔtɛb,ɔtɛb
ɔt.ɛd,ɔt.ɛd,ɔtɛd,ɔtɛd,ɔtɛd,ɔtɛd
ɔt.ɛg,ɔt.ɛg,ɔtɛg,ɔtɛg,ɔtɛg,ɔtɛg
ɔt.ɛf,ɔt.ɛf,ɔtɛf,ɔtɛf,ɔtɛf,ɔtɛf
ɔt.ɛs,ɔt.ɛs,ɔtɛs,ɔtɛs,ɔtɛs,ɔtɛs
ɔt.ɛv,ɔt.ɛv,ɔtɛv,ɔtɛv,ɔtɛv,ɔtɛv
ɔt.ɛz,ɔt.ɛz,ɔtɛz,ɔtɛz,ɔtɛz,ɔtɛz
ɔt.ɛʃ,ɔt.ɛʃ,ɔtɛʃ,ɔtɛʃ,ɔtɛʃ,ɔtɛʃ
ɔt.ɛʒ,ɔt.ɛʒ,ɔtɛʒ,ɔtɛʒ,ɔtɛʒ,ɔtɛʒ
ɔt.ɛθ,ɔt.ɛθ,ɔtɛθ,ɔtɛθ,ɔtɛθ,ɔtɛθ
ɔt.ɛð,ɔt.ɛð,ɔtɛð,ɔtɛð,ɔtɛð,ɔtɛð
ɔt.ʊm,ɔt.ʊm,ɔtʊm,ɔtʊm,ɔtʊm,ɔtʊm
ɔt.ʊn,ɔt.ʊn,ɔtʊn,ɔtʊn,ɔtʊn,ɔtʊn
ɔt.ʊŋ,ɔt.ʊŋ,ɔtʊŋ,ɔtʊŋ,ɔtʊŋ,ɔtʊŋ
ɔt.ʊp,ɔt.ʊp,ɔtʊp,ɔtʊp,ɔtʊp,ɔtʊp
ɔt.ʊt,ɔt.ʊt,ɔtʊt,ɔtʊt,ɔtʊt,ɔtʊt
ɔt.ʊk,ɔt.ʊk,ɔtʊk,ɔtʊk,ɔtʊk,ɔtʊk
ɔt.ʊb,ɔt.ʊb,ɔtʊb,ɔtʊb,ɔtʊb,ɔtʊb
ɔt.ʊd,ɔt.ʊd,ɔtʊd,ɔtʊd,ɔtʊd,ɔtʊd
ɔt.ʊg,ɔt.ʊg,ɔtʊg,ɔtʊg,ɔtʊg,ɔtʊg
ɔt.ʊf,ɔt.ʊf,ɔtʊf,ɔtʊf,ɔtʊf,ɔtʊf
ɔt.ʊs,ɔt.ʊs,ɔtʊs,ɔtʊs,ɔtʊs,ɔtʊs
ɔt.ʊv,ɔt.ʊv,ɔtʊv,ɔtʊv,ɔtʊv,ɔtʊv
ɔt.ʊz,ɔt.ʊz,ɔtʊz,ɔtʊz,ɔtʊz,ɔtʊz
ɔt.ʊʃ,ɔt.ʊʃ,ɔtʊʃ,ɔtʊʃ,ɔtʊʃ,ɔtʊʃ
ɔt.ʊʒ,ɔt.ʊʒ,ɔtʊʒ,ɔtʊʒ,ɔtʊʒ,ɔtʊʒ
ɔt.ʊθ,ɔt.ʊθ,ɔtʊθ,ɔtʊθ,ɔtʊθ,ɔtʊθ
ɔt.ʊð,ɔt.ʊð,ɔtʊð,ɔtʊð,ɔtʊð,ɔtʊð
ɔt.ɔm,ɔt.ɔm,ɔtɔm,ɔtɔm,ɔtɔm,ɔtɔm
ɔt.ɔn,ɔt.ɔn,ɔtɔn,ɔtɔn,ɔtɔn,ɔtɔn
ɔt.ɔŋ,ɔt.ɔŋ,ɔtɔŋ,ɔtɔŋ,ɔtɔŋ,ɔtɔŋ
ɔt.ɔp,ɔt.ɔp,ɔtɔp,ɔtɔp,ɔtɔp,ɔtɔp
ɔt.ɔt,ɔt.ɔt,ɔtɔt,ɔtɔt,ɔtɔt,ɔtɔt
ɔt.ɔk,ɔt.ɔk,ɔtɔk,ɔtɔk,ɔtɔk,ɔtɔk
ɔt.ɔb,ɔt.ɔb,ɔtɔb,ɔtɔb,ɔtɔb,ɔtɔb
ɔt.ɔd,ɔt.ɔd,ɔtɔd,ɔtɔd,ɔtɔd,ɔtɔd
ɔt.ɔg,ɔt.ɔg,ɔtɔg,ɔtɔg,ɔtɔg,ɔtɔg
ɔt.ɔf,ɔt.ɔf,ɔtɔf,ɔtɔf,ɔtɔf,ɔtɔf
ɔt.ɔs,ɔt.ɔs,ɔtɔs,ɔtɔs,ɔtɔs,ɔtɔs
ɔt.ɔv,ɔt.ɔv,ɔtɔv,ɔtɔv,ɔtɔv,ɔtɔv
ɔt.ɔz,ɔt.ɔz,ɔtɔz,ɔtɔz,ɔtɔz,ɔtɔz
ɔt.ɔʃ,ɔt.ɔʃ,ɔtɔʃ,ɔtɔʃ,ɔtɔʃ,ɔtɔʃ
ɔt.ɔʒ,ɔt.ɔʒ,ɔtɔʒ,ɔtɔʒ,ɔtɔʒ,ɔtɔʒ
ɔt.ɔθ,ɔt.ɔθ,ɔtɔθ,ɔtɔθ,ɔtɔθ,ɔtɔθ
ɔt.ɔð,ɔt.ɔð,ɔtɔð,ɔtɔð,ɔtɔð,ɔtɔð
ɔk.ɪm,ɔk.ɪm,ɔkɪm,ɔkɪm,ɔkɪm,ɔkɪm
ɔk.ɪn,ɔk.ɪn,ɔkɪn,ɔkɪn,ɔkɪn,ɔkɪn
ɔk.ɪŋ,ɔk.ɪŋ,ɔkɪŋ,ɔkɪŋ,ɔkɪŋ,ɔkɪŋ
ɔk.ɪp,ɔk.ɪp,ɔkɪp,ɔkɪp,ɔkɪp,ɔkɪp
ɔk.ɪt,ɔk.ɪt,ɔkɪt,ɔkɪt,ɔkɪt,ɔkɪt
ɔk.ɪk,ɔk.ɪk,ɔkɪk,ɔkɪk,ɔkɪk,ɔkɪk
ɔk.ɪb,ɔk.ɪb,ɔkɪb,ɔkɪb,ɔkɪb,ɔkɪb
ɔk.ɪd,ɔk.ɪd,ɔkɪd,ɔkɪd,ɔkɪd,ɔkɪd
ɔk.ɪg,ɔk.ɪg,ɔkɪg,ɔkɪg,ɔkɪg,ɔkɪg
ɔk.ɪf,ɔk.ɪf,ɔkɪf,ɔkɪf,ɔkɪf,ɔkɪf
ɔk.ɪs,ɔk.ɪs,ɔkɪs,ɔkɪs,ɔkɪs,ɔkɪs
ɔk.ɪv,ɔk.ɪv,ɔkɪv,ɔkɪv,ɔkɪv,ɔkɪv
ɔk.ɪz,ɔk.ɪz,ɔkɪz,ɔkɪz,ɔkɪz,ɔkɪz
ɔk.ɪʃ,ɔk.ɪʃ,ɔkɪʃ,ɔkɪʃ,ɔkɪʃ,ɔkɪʃ
ɔk.ɪʒ,ɔk.ɪʒ,ɔkɪʒ,ɔkɪʒ,ɔkɪʒ,ɔkɪʒ
ɔk.ɪθ,ɔk.ɪθ,ɔkɪθ,ɔkɪθ,ɔkɪθ,ɔkɪθ
ɔk.ɪð,ɔk.ɪð,ɔkɪð,ɔkɪð,ɔkɪð,ɔkɪð
ɔk.ɛm,ɔk.ɛm,ɔkɛm,ɔkɛm,ɔkɛm,ɔkɛm
ɔk.ɛn,ɔk.ɛn,ɔkɛn,ɔkɛn,ɔkɛn,ɔkɛn
ɔk.ɛŋ,ɔk.ɛŋ,ɔkɛŋ,ɔkɛŋ,ɔkɛŋ,ɔkɛŋ
ɔk.ɛp,ɔk.ɛp,ɔkɛp,ɔkɛp,ɔkɛp,ɔkɛp
ɔk.ɛt,ɔk.ɛt,ɔkɛt,ɔkɛt,ɔkɛt,ɔkɛt
ɔk.ɛk,ɔk.ɛk,ɔkɛk,ɔkɛk,ɔkɛk,ɔkɛk
ɔk.ɛb,ɔk.ɛb,ɔkɛb,ɔkɛb,ɔkɛb,ɔkɛb
ɔk.ɛd,ɔk.ɛd,ɔkɛd,ɔkɛd,ɔkɛd,ɔkɛd
ɔk.ɛg,ɔk.ɛg,ɔkɛg,ɔkɛg,ɔkɛg,ɔkɛg
ɔk.ɛf,ɔk.ɛf,ɔkɛf,ɔkɛf,ɔkɛf,ɔkɛf
ɔk.ɛs,ɔk.ɛs,ɔkɛs,ɔkɛs,ɔkɛs,ɔkɛs
ɔk.ɛv,ɔk.ɛv,ɔkɛv,ɔkɛv,ɔkɛv,ɔkɛv
ɔk.ɛz,ɔk.ɛz,ɔkɛz,ɔkɛz,ɔkɛz,ɔkɛz
ɔk.ɛʃ,ɔk.ɛʃ,ɔkɛʃ,ɔkɛʃ,ɔkɛʃ,ɔkɛʃ
ɔk.ɛʒ,ɔk.ɛʒ,ɔkɛʒ,ɔkɛʒ,ɔkɛʒ,ɔkɛʒ
ɔk.ɛθ,ɔk.ɛθ,ɔkɛθ,ɔkɛθ,ɔkɛθ,ɔkɛθ
ɔk.ɛð,ɔk.ɛð,ɔkɛð,ɔkɛð,ɔkɛð,ɔkɛð
ɔk.ʊm,ɔk.ʊm,ɔkʊm,ɔkʊm,ɔkʊm,ɔkʊm
ɔk.ʊn,ɔk.ʊn,ɔkʊn,ɔkʊn,ɔkʊn,ɔkʊn
ɔk.ʊŋ,ɔk.ʊŋ,ɔkʊŋ,ɔkʊŋ,ɔkʊŋ,ɔkʊŋ
ɔk.ʊp,ɔk.ʊp,ɔkʊp,ɔkʊp,ɔkʊp,ɔkʊp
ɔk.ʊt,ɔk.ʊt,ɔkʊt,ɔkʊt,ɔkʊt,ɔkʊt
ɔk.ʊk,ɔk.ʊk,ɔkʊk,ɔkʊk,ɔkʊk,ɔkʊk
ɔk.ʊb,ɔk.ʊb,ɔkʊb,ɔkʊb,ɔkʊb,ɔkʊb
ɔk.ʊd,ɔk.ʊd,ɔkʊd,ɔkʊd,ɔkʊd,ɔkʊd
ɔk.ʊg,ɔk.ʊg,ɔkʊg,ɔkʊg,ɔkʊg,ɔkʊg
ɔk.ʊf,ɔk.ʊf,ɔkʊf,ɔkʊf,ɔkʊf,ɔkʊf
ɔk.ʊs,ɔk.ʊs,ɔkʊs,ɔkʊs,ɔkʊs,ɔkʊs
ɔk.ʊv,ɔk.ʊv,ɔkʊv,ɔkʊv,ɔkʊv,ɔkʊv
ɔk.ʊz,ɔk.ʊz,ɔkʊz,ɔkʊz,ɔkʊz,ɔkʊz
ɔk.ʊʃ,ɔk.ʊʃ,ɔkʊʃ,ɔkʊʃ,ɔkʊʃ,ɔkʊʃ
ɔk.ʊʒ,ɔk.ʊʒ,ɔkʊʒ,ɔkʊʒ,ɔkʊʒ,ɔkʊʒ
ɔk.ʊθ,ɔk.ʊθ,ɔkʊθ,ɔkʊθ,ɔkʊθ,ɔkʊθ
ɔk.ʊð,ɔk.ʊð,ɔkʊð,ɔkʊð,ɔkʊð,ɔkʊð
ɔk.ɔm,ɔk.ɔm,ɔkɔm,ɔkɔm,ɔkɔm,ɔkɔm
ɔk.ɔn,ɔk.ɔn,ɔkɔn,ɔkɔn,ɔkɔn,ɔkɔn
ɔk.ɔŋ,ɔk.ɔŋ,ɔkɔŋ,ɔkɔŋ,ɔkɔŋ,ɔkɔŋ
ɔk.ɔp,ɔk.ɔp,ɔkɔp,ɔkɔp,ɔkɔp,ɔkɔp
ɔk.ɔt,ɔk.ɔt,ɔkɔt,ɔkɔt,ɔkɔt,ɔkɔt
ɔk.ɔk,ɔk.ɔk,ɔkɔk,ɔkɔk,ɔkɔk,ɔkɔk
ɔk.ɔb,ɔk.ɔb,ɔkɔb,ɔkɔb,ɔkɔb,ɔkɔb
ɔk.ɔd,ɔk.ɔd,ɔkɔd,ɔkɔd,ɔkɔd,ɔkɔd
ɔk.ɔg,ɔk.ɔg,ɔkɔg,ɔkɔg,ɔkɔg,ɔkɔg
ɔk.ɔf,ɔk.ɔf,ɔkɔf,ɔkɔf,ɔkɔf,ɔkɔf
ɔk.ɔs,ɔk.ɔs,ɔkɔs,ɔkɔs,ɔkɔs,ɔkɔs
ɔk.ɔv,ɔk.ɔv,ɔkɔv,ɔkɔv,ɔkɔv,ɔkɔv
ɔk.ɔz,ɔk.ɔz,ɔkɔz,ɔkɔz,ɔkɔz,ɔkɔz
ɔk.ɔʃ,ɔk.ɔʃ,ɔkɔʃ,ɔkɔʃ,ɔkɔʃ,ɔkɔʃ
ɔk.ɔʒ,ɔk.ɔʒ,ɔkɔʒ,ɔkɔʒ,ɔkɔʒ,ɔkɔʒ
ɔk.ɔθ,ɔk.ɔθ,ɔkɔθ,ɔkɔθ,ɔkɔθ,ɔkɔθ
ɔk.ɔð,ɔk.ɔð,ɔkɔð,ɔkɔð,ɔkɔð,ɔkɔð
ɔb.ɪm,ɔb.ɪm,ɔbɪm,ɔbɪm,ɔbɪm,ɔbɪm
ɔb.ɪn,ɔb.ɪn,ɔbɪn,ɔbɪn,ɔbɪn,ɔbɪn
ɔb.ɪŋ,ɔb.ɪŋ,ɔbɪŋ,ɔbɪŋ,ɔbɪŋ,ɔbɪŋ
ɔb.ɪp,ɔb.ɪp,ɔbɪp,ɔbɪp,ɔbɪp,ɔbɪp
ɔb.ɪt,ɔb.ɪt,ɔbɪt,ɔbɪt,ɔbɪt,ɔbɪt
ɔb.ɪk,ɔb.ɪk,ɔbɪk,ɔbɪk,ɔbɪk,ɔbɪk
ɔb.ɪb,ɔb.ɪb,ɔbɪb,ɔbɪb,ɔbɪb,ɔbɪb
ɔb.ɪd,ɔb.ɪd,ɔbɪd,ɔbɪd,ɔbɪd,ɔbɪd
ɔb.ɪg,ɔb.ɪg,ɔbɪg,ɔbɪg,ɔbɪg,ɔbɪg
ɔb.ɪf,ɔb.ɪf,ɔbɪf,ɔbɪf,ɔbɪf,ɔbɪf
ɔb.ɪs,ɔb.ɪs,ɔbɪs,ɔbɪs,ɔbɪs,ɔbɪs
ɔb.ɪv,ɔb.ɪv,ɔbɪv,ɔbɪv,ɔbɪv,ɔbɪv
ɔb.ɪz,ɔb.ɪz,ɔbɪz,ɔbɪz,ɔbɪz,ɔbɪz
ɔb.ɪʃ,ɔb.ɪʃ,ɔbɪʃ,ɔbɪʃ,ɔbɪʃ,ɔbɪʃ
ɔb.ɪʒ,ɔb.ɪʒ,ɔbɪʒ,ɔbɪʒ,ɔbɪʒ,ɔbɪʒ
ɔb.ɪθ,ɔb.ɪθ,ɔbɪθ,ɔbɪθ,ɔbɪθ,ɔbɪθ
ɔb.ɪð,ɔb.ɪð,ɔbɪð,ɔbɪð,ɔbɪð,ɔbɪð
ɔb.ɛm,ɔb.ɛm,ɔbɛm,ɔbɛm,ɔbɛm,ɔbɛm
ɔb.ɛn,ɔb.ɛn,ɔbɛn,ɔbɛn,ɔbɛn,ɔbɛn
ɔb.ɛŋ,ɔb.ɛŋ,ɔbɛŋ,ɔbɛŋ,ɔbɛŋ,ɔbɛŋ
ɔb.ɛp,ɔb.ɛp,ɔbɛp,ɔbɛp,ɔbɛp,ɔbɛp
ɔb.ɛt,ɔb.ɛt,ɔbɛt,ɔbɛt,ɔbɛt,ɔbɛt
ɔb.ɛk,ɔb.ɛk,ɔbɛk,ɔbɛk,ɔbɛk,ɔbɛk
ɔb.ɛb,ɔb.ɛb,ɔbɛb,ɔbɛb,ɔbɛb,ɔbɛb
ɔb.ɛd,ɔb.ɛd,ɔbɛd,ɔbɛd,ɔbɛd,ɔbɛd
ɔb.ɛg,ɔb.ɛg,ɔbɛg,ɔbɛg,ɔbɛg,ɔbɛg
ɔb.ɛf,ɔb.ɛf,ɔbɛf,ɔbɛf,ɔbɛf,ɔbɛf
ɔb.ɛs,ɔb.ɛs,ɔbɛs,ɔbɛs,ɔbɛs,ɔbɛs
ɔb.ɛv,ɔb.ɛv,ɔbɛv,ɔbɛv,ɔbɛv,ɔbɛv
ɔb.ɛz,ɔb.ɛz,ɔbɛz,ɔbɛz,ɔbɛz,ɔbɛz
ɔb.ɛʃ,ɔb.ɛʃ,ɔbɛʃ,ɔbɛʃ,ɔbɛʃ,ɔbɛʃ
ɔb.ɛʒ,ɔb.ɛʒ,ɔbɛʒ,ɔbɛʒ,ɔbɛʒ,ɔbɛʒ
ɔb.ɛθ,ɔb.ɛθ,ɔbɛθ,ɔbɛθ,ɔbɛθ,ɔbɛθ
ɔb.ɛð,ɔb.ɛð,ɔbɛð,ɔbɛð,ɔbɛð,ɔbɛð
ɔb.ʊm,ɔb.ʊm,ɔbʊm,ɔbʊm,ɔbʊm,ɔbʊm
ɔb.ʊn,ɔb.ʊn,ɔbʊn,ɔbʊn,ɔbʊn,ɔbʊn
ɔb.ʊŋ,ɔb.ʊŋ,ɔbʊŋ,ɔbʊŋ,ɔbʊŋ,ɔbʊŋ
ɔb.ʊp,ɔb.ʊp,ɔbʊp,ɔbʊp,ɔbʊp,ɔbʊp
ɔb.ʊt,ɔb.ʊt,ɔbʊt,ɔbʊt,ɔbʊt,ɔbʊt
ɔb.ʊk,ɔb.ʊk,ɔbʊk,ɔbʊk,ɔbʊk,ɔbʊk
ɔb.ʊb,ɔb.ʊb,ɔbʊb,ɔbʊb,ɔbʊb,ɔbʊb
ɔb.ʊd,ɔb.ʊd,ɔbʊd,ɔbʊd,ɔbʊd,ɔbʊd
ɔb.ʊg,ɔb.ʊg,ɔbʊg,ɔbʊg,ɔbʊg,ɔbʊg
ɔb.ʊf,ɔb.ʊf,ɔbʊf,ɔbʊf,ɔbʊf,ɔbʊf
ɔb.ʊs,ɔb.ʊs,ɔbʊs,ɔbʊs,ɔbʊs,ɔbʊs
ɔb.ʊv,ɔb.ʊv,ɔbʊv,ɔbʊv,ɔbʊv,ɔbʊv
ɔb.ʊz,ɔb.ʊz,ɔbʊz,ɔbʊz,ɔbʊz,ɔbʊz
ɔb.ʊʃ,ɔb.ʊʃ,ɔbʊʃ,ɔbʊʃ,ɔbʊʃ,ɔbʊʃ
ɔb.ʊʒ,ɔb.ʊʒ,ɔbʊʒ,ɔbʊʒ,ɔbʊʒ,ɔbʊʒ
ɔb.ʊθ,ɔb.ʊθ,ɔbʊθ,ɔbʊθ,ɔbʊθ,ɔbʊθ
ɔb.ʊð,ɔb.ʊð,ɔbʊð,ɔbʊð,ɔbʊð,ɔbʊð
ɔb.ɔm,ɔb.ɔm,ɔbɔm,ɔbɔm,ɔbɔm,ɔbɔm
ɔb.ɔn,ɔb.ɔn,ɔbɔn,ɔbɔn,ɔbɔn,ɔbɔn
ɔb.ɔŋ,ɔb.ɔŋ,ɔbɔŋ,ɔbɔŋ,ɔbɔŋ,ɔbɔŋ
ɔb.ɔp,ɔb.ɔp,ɔbɔp,ɔbɔp,ɔbɔp,ɔbɔp
ɔb.ɔt,ɔb.ɔt,ɔbɔt,ɔbɔt,ɔbɔt,ɔbɔt
ɔb.ɔk,ɔb.ɔk,ɔbɔk,ɔbɔk,ɔbɔk,ɔbɔk
ɔb.ɔb,ɔb.ɔb,ɔbɔb,ɔbɔb,ɔbɔb,ɔbɔb
ɔb.ɔd,ɔb.ɔd,ɔbɔd,ɔbɔd,ɔbɔd,ɔbɔd
ɔb.ɔg,ɔb.ɔg,ɔbɔg,ɔbɔg,ɔbɔg,ɔbɔg
ɔb.ɔf,ɔb.ɔf,ɔbɔf,ɔbɔf,ɔbɔf,ɔbɔf
ɔb.ɔs,ɔb.ɔs,ɔbɔs,ɔbɔs,ɔbɔs,ɔbɔs
ɔb.ɔv,ɔb.ɔv,ɔbɔv,ɔbɔv,ɔbɔv,ɔbɔv
ɔb.ɔz,ɔb.ɔz,ɔbɔz,ɔbɔz,ɔbɔz,ɔbɔz
ɔb.ɔʃ,ɔb.ɔʃ,ɔbɔʃ,ɔbɔʃ,ɔbɔʃ,ɔbɔʃ
ɔb.ɔʒ,ɔb.ɔʒ,ɔbɔʒ,ɔbɔʒ,ɔbɔʒ,ɔbɔʒ
ɔb.ɔθ,ɔb.ɔθ,ɔbɔθ,ɔbɔθ,ɔbɔθ,ɔbɔθ
ɔb.ɔð,ɔb.ɔð,ɔbɔð,ɔbɔð,ɔbɔð,ɔbɔð
ɔd.ɪm,ɔd.ɪm,ɔdɪm,ɔdɪm,ɔdɪm,ɔdɪm
ɔd.ɪn,ɔd.ɪn,ɔdɪn,ɔdɪn,ɔdɪn,ɔdɪn
ɔd.ɪŋ,ɔd.ɪŋ,ɔdɪŋ,ɔdɪŋ,ɔdɪŋ,ɔdɪŋ
ɔd.ɪp,ɔd.ɪp,ɔdɪp,ɔdɪp,ɔdɪp,ɔdɪp
ɔd.ɪt,ɔd.ɪt,ɔdɪt,ɔdɪt,ɔdɪt,ɔdɪt
ɔd.ɪk,ɔd.ɪk,ɔdɪk,ɔdɪk,ɔdɪk,ɔdɪk
ɔd.ɪb,ɔd.ɪb,ɔdɪb,ɔdɪb,ɔdɪb,ɔdɪb
ɔd.ɪd,ɔd.ɪd,ɔdɪd,ɔdɪd,ɔdɪd,ɔdɪd
ɔd.ɪg,ɔd.ɪg,ɔdɪg,ɔdɪg,ɔdɪg,ɔdɪg
ɔd.ɪf,ɔd.ɪf,ɔdɪf,ɔdɪf,ɔdɪf,ɔdɪf
ɔd.ɪs,ɔd.ɪs,ɔdɪs,ɔdɪs,ɔdɪs,ɔdɪs
ɔd.ɪv,ɔd.ɪv,ɔdɪv,ɔdɪv,ɔdɪv,ɔdɪv
ɔd.ɪz,ɔd.ɪz,ɔdɪz,ɔdɪz,ɔdɪz,ɔdɪz
ɔd.ɪʃ,ɔd.ɪʃ,ɔdɪʃ,ɔdɪʃ,ɔdɪʃ,ɔdɪʃ
ɔd.ɪʒ,ɔd.ɪʒ,ɔdɪʒ,ɔdɪʒ,ɔdɪʒ,ɔdɪʒ
ɔd.ɪθ,ɔd.ɪθ,ɔdɪθ,ɔdɪθ,ɔdɪθ,ɔdɪθ
ɔd.ɪð,ɔd.ɪð,ɔdɪð,ɔdɪð,ɔdɪð,ɔdɪð
ɔd.ɛm,ɔd.ɛm,ɔdɛm,ɔdɛm,ɔdɛm,ɔdɛm
ɔd.ɛn,ɔd.ɛn,ɔdɛn,ɔdɛn,ɔdɛn,ɔdɛn
ɔd.ɛŋ,ɔd.ɛŋ,ɔdɛŋ,ɔdɛŋ,ɔdɛŋ,ɔdɛŋ
ɔd.ɛp,ɔd.ɛp,ɔdɛp,ɔdɛp,ɔdɛp,ɔdɛp
ɔd.ɛt,ɔd.ɛt,ɔdɛt,ɔdɛt,ɔdɛt,ɔdɛt
ɔd.ɛk,ɔd.ɛk,ɔdɛk,ɔdɛk,ɔdɛk,ɔdɛk
ɔd.ɛb,ɔd.ɛb,ɔdɛb,ɔdɛb,ɔdɛb,ɔdɛb
ɔd.ɛd,ɔd.ɛd,ɔdɛd,ɔdɛd,ɔdɛd,ɔdɛd
ɔd.ɛg,ɔd.ɛg,ɔdɛg,ɔdɛg,ɔdɛg,ɔdɛg
ɔd.ɛf,ɔd.ɛf,ɔdɛf,ɔdɛf,ɔdɛf,ɔdɛf
ɔd.ɛs,ɔd.ɛs,ɔdɛs,ɔdɛs,ɔdɛs,ɔdɛs
ɔd.ɛv,ɔd.ɛv,ɔdɛv,ɔdɛv,ɔdɛv,ɔdɛv
ɔd.ɛz,ɔd.ɛz,ɔdɛz,ɔdɛz,ɔdɛz,ɔdɛz
ɔd.ɛʃ,ɔd.ɛʃ,ɔdɛʃ,ɔdɛʃ,ɔdɛʃ,ɔdɛʃ
ɔd.ɛʒ,ɔd.ɛʒ,ɔdɛʒ,ɔdɛʒ,ɔdɛʒ,ɔdɛʒ
ɔd.ɛθ,ɔd.ɛθ,ɔdɛθ,ɔdɛθ,ɔdɛθ,ɔdɛθ
ɔd.ɛð,ɔd.ɛð,ɔdɛð,ɔdɛð,ɔdɛð,ɔdɛð
ɔd.ʊm,ɔd.ʊm,ɔdʊm,ɔdʊm,ɔdʊm,ɔdʊm
ɔd.ʊn,ɔd.ʊn,ɔdʊn,ɔdʊn,ɔdʊn,ɔdʊn
ɔd.ʊŋ,ɔd.ʊŋ,ɔdʊŋ,ɔdʊŋ,ɔdʊŋ,ɔdʊŋ
ɔd.ʊp,ɔd.ʊp,ɔdʊp,ɔdʊp,ɔdʊp,ɔdʊp
ɔd.ʊt,ɔd.ʊt,ɔdʊt,ɔdʊt,ɔdʊt,ɔdʊt
ɔd.ʊk,ɔd.ʊk,ɔdʊk,ɔdʊk,ɔdʊk,ɔdʊk
ɔd.ʊb,ɔd.ʊb,ɔdʊb,ɔdʊb,ɔdʊb,ɔdʊb
ɔd.ʊd,ɔd.ʊd,ɔdʊd,ɔdʊd,ɔdʊd,ɔdʊd
ɔd.ʊg,ɔd.ʊg,ɔdʊg,ɔdʊg,ɔdʊg,ɔdʊg
ɔd.ʊf,ɔd.ʊf,ɔdʊf,ɔdʊf,ɔdʊf,ɔdʊf
ɔd.ʊs,ɔd.ʊs,ɔdʊs,ɔdʊs,ɔdʊs,ɔdʊs
ɔd.ʊv,ɔd.ʊv,ɔdʊv,ɔdʊv,ɔdʊv,ɔdʊv
ɔd.ʊz,ɔd.ʊz,ɔdʊz,ɔdʊz,ɔdʊz,ɔdʊz
ɔd.ʊʃ,ɔd.ʊʃ,ɔdʊʃ,ɔdʊʃ,ɔdʊʃ,ɔdʊʃ
ɔd.ʊʒ,ɔd.ʊʒ,ɔdʊʒ,ɔdʊʒ,ɔdʊʒ,ɔdʊʒ
ɔd.ʊθ,ɔd.ʊθ,ɔdʊθ,ɔdʊθ,ɔdʊθ,ɔdʊθ
ɔd.ʊð,ɔd.ʊð,ɔdʊð,ɔdʊð,ɔdʊð,ɔdʊð
ɔd.ɔm,ɔd.ɔm,ɔdɔm,ɔdɔm,ɔdɔm,ɔdɔm
ɔd.ɔn,ɔd.ɔn,ɔdɔn,ɔdɔn,ɔdɔn,ɔdɔn
ɔd.ɔŋ,ɔd.ɔŋ,ɔdɔŋ,ɔdɔŋ,ɔdɔŋ,ɔdɔŋ
ɔd.ɔp,ɔd.ɔp,ɔdɔp,ɔdɔp,ɔdɔp,ɔdɔp
ɔd.ɔt,ɔd.ɔt,ɔdɔt,ɔdɔt,ɔdɔt,ɔdɔt
ɔd.ɔk,ɔd.ɔk,ɔdɔk,ɔdɔk,ɔdɔk,ɔdɔk
ɔd.ɔb,ɔd.ɔb,ɔdɔb,ɔdɔb,ɔdɔb,ɔdɔb
ɔd.ɔd,ɔd.ɔd,ɔdɔd,ɔdɔd,ɔdɔd,ɔdɔd
ɔd.ɔg,ɔd.ɔg,ɔdɔg,ɔdɔg,ɔdɔg,ɔdɔg
ɔd.ɔf,ɔd.ɔf,ɔdɔf,ɔdɔf,ɔdɔf,ɔdɔf
ɔd.ɔs,ɔd.ɔs,ɔdɔs,ɔdɔs,ɔdɔs,ɔdɔs
ɔd.ɔv,ɔd.ɔv,ɔdɔv,ɔdɔv,ɔdɔv,ɔdɔv
ɔd.ɔz,ɔd.ɔz,ɔdɔz,ɔdɔz,ɔdɔz,ɔdɔz
ɔd.ɔʃ,ɔd.ɔʃ,ɔdɔʃ,ɔdɔʃ,ɔdɔʃ,ɔdɔʃ
ɔd.ɔʒ,ɔd.ɔʒ,ɔdɔʒ,ɔdɔʒ,ɔdɔʒ,ɔdɔʒ
ɔd.ɔθ,ɔd.ɔθ,ɔdɔθ,ɔdɔθ,ɔdɔθ,ɔdɔθ
ɔd.ɔð,ɔd.ɔð,ɔdɔð,ɔdɔð,ɔdɔð,ɔdɔð
ɔg.ɪm,ɔg.ɪm,ɔgɪm,ɔgɪm,ɔgɪm,ɔgɪm
ɔg.ɪn,ɔg.ɪn,ɔgɪn,ɔgɪn,ɔgɪn,ɔgɪn
ɔg.ɪŋ,ɔg.ɪŋ,ɔgɪŋ,ɔgɪŋ,ɔgɪŋ,ɔgɪŋ
ɔg.ɪp,ɔg.ɪp,ɔgɪp,ɔgɪp,ɔgɪp,ɔgɪp
ɔg.ɪt,ɔg.ɪt,ɔgɪt,ɔgɪt,ɔgɪt,ɔgɪt
ɔg.ɪk,ɔg.ɪk,ɔgɪk,ɔgɪk,ɔgɪk,ɔgɪk
ɔg.ɪb,ɔg.ɪb,ɔgɪb,ɔgɪb,ɔgɪb,ɔgɪb
ɔg.ɪd,ɔg.ɪd,ɔgɪd,ɔgɪd,ɔgɪd,ɔgɪd
ɔg.ɪg,ɔg.ɪg,ɔgɪg,ɔgɪg,ɔgɪg,ɔgɪg
ɔg.ɪf,ɔg.ɪf,ɔgɪf,ɔgɪf,ɔgɪf,ɔgɪf
ɔg.ɪs,ɔg.ɪs,ɔgɪs,ɔgɪs,ɔgɪs,ɔgɪs
ɔg.ɪv,ɔg.ɪv,ɔgɪv,ɔgɪv,ɔgɪv,ɔgɪv
ɔg.ɪz,ɔg.ɪz,ɔgɪz,ɔgɪz,ɔgɪz,ɔgɪz
ɔg.ɪʃ,ɔg.ɪʃ,ɔgɪʃ,ɔgɪʃ,ɔgɪʃ,ɔgɪʃ
ɔg.ɪʒ,ɔg.ɪʒ,ɔgɪʒ,ɔgɪʒ,ɔgɪʒ,ɔgɪʒ
ɔg.ɪθ,ɔg.ɪθ,ɔgɪθ,ɔgɪθ,ɔgɪθ,ɔgɪθ
ɔg.ɪð,ɔg.ɪð,ɔgɪð,ɔgɪð,ɔgɪð,ɔgɪð
ɔg.ɛm,ɔg.ɛm,ɔgɛm,ɔgɛm,ɔgɛm,ɔgɛm
ɔg.ɛn,ɔg.ɛn,ɔgɛn,ɔgɛn,ɔgɛn,ɔgɛn
ɔg.ɛŋ,ɔg.ɛŋ,ɔgɛŋ,ɔgɛŋ,ɔgɛŋ,ɔgɛŋ
ɔg.ɛp,ɔg.ɛp,ɔgɛp,ɔgɛp,ɔgɛp,ɔgɛp
ɔg.ɛt,ɔg.ɛt,ɔgɛt,ɔgɛt,ɔgɛt,ɔgɛt
ɔg.ɛk,ɔg.ɛk,ɔgɛk,ɔgɛk,ɔgɛk,ɔgɛk
ɔg.ɛb,ɔg.ɛb,ɔgɛb,ɔgɛb,ɔgɛb,ɔgɛb
ɔg.ɛd,ɔg.ɛd,ɔgɛd,ɔgɛd,ɔgɛd,ɔgɛd
ɔg.ɛg,ɔg.ɛg,ɔgɛg,ɔgɛg,ɔgɛg,ɔgɛg
ɔg.ɛf,ɔg.ɛf,ɔgɛf,ɔgɛf,ɔgɛf,ɔgɛf
ɔg.ɛs,ɔg.ɛs,ɔgɛs,ɔgɛs,ɔgɛs,ɔgɛs
ɔg.ɛv,ɔg.ɛv,ɔgɛv,ɔgɛv,ɔgɛv,ɔgɛv
ɔg.ɛz,ɔg.ɛz,ɔgɛz,ɔgɛz,ɔgɛz,ɔgɛz
ɔg.ɛʃ,ɔg.ɛʃ,ɔgɛʃ,ɔgɛʃ,ɔgɛʃ,ɔgɛʃ
ɔg.ɛʒ,ɔg.ɛʒ,ɔgɛʒ,ɔgɛʒ,ɔgɛʒ,ɔgɛʒ
ɔg.ɛθ,ɔg.ɛθ,ɔgɛθ,ɔgɛθ,ɔgɛθ,ɔgɛθ
ɔg.ɛð,ɔg.ɛð,ɔgɛð,ɔgɛð,ɔgɛð,ɔgɛð
ɔg.ʊm,ɔg.ʊm,ɔgʊm,ɔgʊm,ɔgʊm,ɔgʊm
ɔg.ʊn,ɔg.ʊn,ɔgʊn,ɔgʊn,ɔgʊn,ɔgʊn
ɔg.ʊŋ,ɔg.ʊŋ,ɔgʊŋ,ɔgʊŋ,ɔgʊŋ,ɔgʊŋ
ɔg.ʊp,ɔg.ʊp,ɔgʊp,ɔgʊp,ɔgʊp,ɔgʊp
ɔg.ʊt,ɔg.ʊt,ɔgʊt,ɔgʊt,ɔgʊt,ɔgʊt
ɔg.ʊk,ɔg.ʊk,ɔgʊk,ɔgʊk,ɔgʊk,ɔgʊk
ɔg.ʊb,ɔg.ʊb,ɔgʊb,ɔgʊb,ɔgʊb,ɔgʊb
ɔg.ʊd,ɔg.ʊd,ɔgʊd,ɔgʊd,ɔgʊd,ɔgʊd
ɔg.ʊg,ɔg.ʊg,ɔgʊg,ɔgʊg,ɔgʊg,ɔgʊg
ɔg.ʊf,ɔg.ʊf,ɔgʊf,ɔgʊf,ɔgʊf,ɔgʊf
ɔg.ʊs,ɔg.ʊs,ɔgʊs,ɔgʊs,ɔgʊs,ɔgʊs
ɔg.ʊv,ɔg.ʊv,ɔgʊv,ɔgʊv,ɔgʊv,ɔgʊv
ɔg.ʊz,ɔg.ʊz,ɔgʊz,ɔgʊz,ɔgʊz,ɔgʊz
ɔg.ʊʃ,ɔg.ʊʃ,ɔgʊʃ,ɔgʊʃ,ɔgʊʃ,ɔgʊʃ
ɔg.ʊʒ,ɔg.ʊʒ,ɔgʊʒ,ɔgʊʒ,ɔgʊʒ,ɔgʊʒ
ɔg.ʊθ,ɔg.ʊθ,ɔgʊθ,ɔgʊθ,ɔgʊθ,ɔgʊθ
ɔg.ʊð,ɔg.ʊð,ɔgʊð,ɔgʊð,ɔgʊð,ɔgʊð
ɔg.ɔm,ɔg.ɔm,ɔgɔm,ɔgɔm,ɔgɔm,ɔgɔm
ɔg.ɔn,ɔg.ɔn,ɔgɔn,ɔgɔn,ɔgɔn,ɔgɔn
ɔg.ɔŋ,ɔg.ɔŋ,ɔgɔŋ,ɔgɔŋ,ɔgɔŋ,ɔgɔŋ
ɔg.ɔp,ɔg.ɔp,ɔgɔp,ɔgɔp,ɔgɔp,ɔgɔp
ɔg.ɔt,ɔg.ɔt,ɔgɔt,ɔgɔt,ɔgɔt,ɔgɔt
ɔg.ɔk,ɔg.ɔk,ɔgɔk,ɔgɔk,ɔgɔk,ɔgɔk
ɔg.ɔb,ɔg.ɔb,ɔgɔb,ɔgɔb,ɔgɔb,ɔgɔb
ɔg.ɔd,ɔg.ɔd,ɔgɔd,ɔgɔd,ɔgɔd,ɔgɔd
ɔg.ɔg,ɔg.ɔg,ɔgɔg,ɔgɔg,ɔgɔg,ɔgɔg
ɔg.ɔf,ɔg.ɔf,ɔgɔf,ɔgɔf,ɔgɔf,ɔgɔf
ɔg.ɔs,ɔg.ɔs,ɔgɔs,ɔgɔs,ɔgɔs,ɔgɔs
ɔg.ɔv,ɔg.ɔv,ɔgɔv,ɔgɔv,ɔgɔv,ɔgɔv
ɔg.ɔz,ɔg.ɔz,ɔgɔz,ɔgɔz,ɔgɔz,ɔgɔz
ɔg.ɔʃ,ɔg.ɔʃ,ɔgɔʃ,ɔgɔʃ,ɔgɔʃ,ɔgɔʃ
ɔg.ɔʒ,ɔg.ɔʒ,ɔgɔʒ,ɔgɔʒ,ɔgɔʒ,ɔgɔʒ
ɔg.ɔθ,ɔg.ɔθ,ɔgɔθ,ɔgɔθ,ɔgɔθ,ɔgɔθ
ɔg.ɔð,ɔg.ɔð,ɔgɔð,ɔgɔð,ɔgɔð,ɔgɔð
ɔf.ɪm,ɔf.ɪm,ɔfɪm,ɔfɪm,ɔfɪm,ɔfɪm
ɔf.ɪn,ɔf.ɪn,ɔfɪn,ɔfɪn,ɔfɪn,ɔfɪn
ɔf.ɪŋ,ɔf.ɪŋ,ɔfɪŋ,ɔfɪŋ,ɔfɪŋ,ɔfɪŋ
ɔf.ɪp,ɔf.ɪp,ɔfɪp,ɔfɪp,ɔfɪp,ɔfɪp
ɔf.ɪt,ɔf.ɪt,ɔfɪt,ɔfɪt,ɔfɪt,ɔfɪt
ɔf.ɪk,ɔf.ɪk,ɔfɪk,ɔfɪk,ɔfɪk,ɔfɪk
ɔf.ɪb,ɔf.ɪb,ɔfɪb,ɔfɪb,ɔfɪb,ɔfɪb
ɔf.ɪd,ɔf.ɪd,ɔfɪd,ɔfɪd,ɔfɪd,ɔfɪd
ɔf.ɪg,ɔf.ɪg,ɔfɪg,ɔfɪg,ɔfɪg,ɔfɪg
ɔf.ɪf,ɔf.ɪf,ɔfɪf,ɔfɪf,ɔfɪf,ɔfɪf
ɔf.ɪs,ɔf.ɪs,ɔfɪs,ɔfɪs,ɔfɪs,ɔfɪs
ɔf.ɪv,ɔf.ɪv,ɔfɪv,ɔfɪv,ɔfɪv,ɔfɪv
ɔf.ɪz,ɔf.ɪz,ɔfɪz,ɔfɪz,ɔfɪz,ɔfɪz
ɔf.ɪʃ,ɔf.ɪʃ,ɔfɪʃ,ɔfɪʃ,ɔfɪʃ,ɔfɪʃ
ɔf.ɪʒ,ɔf.ɪʒ,ɔfɪʒ,ɔfɪʒ,ɔfɪʒ,ɔfɪʒ
ɔf.ɪθ,ɔf.ɪθ,ɔfɪθ,ɔfɪθ,ɔfɪθ,ɔfɪθ
ɔf.ɪð,ɔf.ɪð,ɔfɪð,ɔfɪð,ɔfɪð,ɔfɪð
ɔf.ɛm,ɔf.ɛm,ɔfɛm,ɔfɛm,ɔfɛm,ɔfɛm
ɔf.ɛn,ɔf.ɛn,ɔfɛn,ɔfɛn,ɔfɛn,ɔfɛn
ɔf.ɛŋ,ɔf.ɛŋ,ɔfɛŋ,ɔfɛŋ,ɔfɛŋ,ɔfɛŋ
ɔf.ɛp,ɔf.ɛp,ɔfɛp,ɔfɛp,ɔfɛp,ɔfɛp
ɔf.ɛt,ɔf.ɛt,ɔfɛt,ɔfɛt,ɔfɛt,ɔfɛt
ɔf.ɛk,ɔf.ɛk,ɔfɛk,ɔfɛk,ɔfɛk,ɔfɛk
ɔf.ɛb,ɔf.ɛb,ɔfɛb,ɔfɛb,ɔfɛb,ɔfɛb
ɔf.ɛd,ɔf.ɛd,ɔfɛd,ɔfɛd,ɔfɛd,ɔfɛd
ɔf.ɛg,ɔf.ɛg,ɔfɛg,ɔfɛg,ɔfɛg,ɔfɛg
ɔf.ɛf,ɔf.ɛf,ɔfɛf,ɔfɛf,ɔfɛf,ɔfɛf
ɔf.ɛs,ɔf.ɛs,ɔfɛs,ɔfɛs,ɔfɛs,ɔfɛs
ɔf.ɛv,ɔf.ɛv,ɔfɛv,ɔfɛv,ɔfɛv,ɔfɛv
ɔf.ɛz,ɔf.ɛz,ɔfɛz,ɔfɛz,ɔfɛz,ɔfɛz
ɔf.ɛʃ,ɔf.ɛʃ,ɔfɛʃ,ɔfɛʃ,ɔfɛʃ,ɔfɛʃ
ɔf.ɛʒ,ɔf.ɛʒ,ɔfɛʒ,ɔfɛʒ,ɔfɛʒ,ɔfɛʒ
ɔf.ɛθ,ɔf.ɛθ,ɔfɛθ,ɔfɛθ,ɔfɛθ,ɔfɛθ
ɔf.ɛð,ɔf.ɛð,ɔfɛð,ɔfɛð,ɔfɛð,ɔfɛð
ɔf.ʊm,ɔf.ʊm,ɔfʊm,ɔfʊm,ɔfʊm,ɔfʊm
ɔf.ʊn,ɔf.ʊn,ɔfʊn,ɔfʊn,ɔfʊn,ɔfʊn
ɔf.ʊŋ,ɔf.ʊŋ,ɔfʊŋ,ɔfʊŋ,ɔfʊŋ,ɔfʊŋ
ɔf.ʊp,ɔf.ʊp,ɔfʊp,ɔfʊp,ɔfʊp,ɔfʊp
ɔf.ʊt,ɔf.ʊt,ɔfʊt,ɔfʊt,ɔfʊt,ɔfʊt
ɔf.ʊk,ɔf.ʊk,ɔfʊk,ɔfʊk,ɔfʊk,ɔfʊk
ɔf.ʊb,ɔf.ʊb,ɔfʊb,ɔfʊb,ɔfʊb,ɔfʊb
ɔf.ʊd,ɔf.ʊd,ɔfʊd,ɔfʊd,ɔfʊd,ɔfʊd
ɔf.ʊg,ɔf.ʊg,ɔfʊg,ɔfʊg,ɔfʊg,ɔfʊg
ɔf.ʊf,ɔf.ʊf,ɔfʊf,ɔfʊf,ɔfʊf,ɔfʊf
ɔf.ʊs,ɔf.ʊs,ɔfʊs,ɔfʊs,ɔfʊs,ɔfʊs
ɔf.ʊv,ɔf.ʊv,ɔfʊv,ɔfʊv,ɔfʊv,ɔfʊv
ɔf.ʊz,ɔf.ʊz,ɔfʊz,ɔfʊz,ɔfʊz,ɔfʊz
ɔf.ʊʃ,ɔf.ʊʃ,ɔfʊʃ,ɔfʊʃ,ɔfʊʃ,ɔfʊʃ
ɔf.ʊʒ,ɔf.ʊʒ,ɔfʊʒ,ɔfʊʒ,ɔfʊʒ,ɔfʊʒ
ɔf.ʊθ,ɔf.ʊθ,ɔfʊθ,ɔfʊθ,ɔfʊθ,ɔfʊθ
ɔf.ʊð,ɔf.ʊð,ɔfʊð,ɔfʊð,ɔfʊð,ɔfʊð
ɔf.ɔm,ɔf.ɔm,ɔfɔm,ɔfɔm,ɔfɔm,ɔfɔm
ɔf.ɔn,ɔf.ɔn,ɔfɔn,ɔfɔn,ɔfɔn,ɔfɔn
ɔf.ɔŋ,ɔf.ɔŋ,ɔfɔŋ,ɔfɔŋ,ɔfɔŋ,ɔfɔŋ
ɔf.ɔp,ɔf.ɔp,ɔfɔp,ɔfɔp,ɔfɔp,ɔfɔp
ɔf.ɔt,ɔf.ɔt,ɔfɔt,ɔfɔt,ɔfɔt,ɔfɔt
ɔf.ɔk,ɔf.ɔk,ɔfɔk,ɔfɔk,ɔfɔk,ɔfɔk
ɔf.ɔb,ɔf.ɔb,ɔfɔb,ɔfɔb,ɔfɔb,ɔfɔb
ɔf.ɔd,ɔf.ɔd,ɔfɔd,ɔfɔd,ɔfɔd,ɔfɔd
ɔf.ɔg,ɔf.ɔg,ɔfɔg,ɔfɔg,ɔfɔg,ɔfɔg
ɔf.ɔf,ɔf.ɔf,ɔfɔf,ɔfɔf,ɔfɔf,ɔfɔf
ɔf.ɔs,ɔf.ɔs,ɔfɔs,ɔfɔs,ɔfɔs,ɔfɔs
ɔf.ɔv,ɔf.ɔv,ɔfɔv,ɔfɔv,ɔfɔv,ɔfɔv
ɔf.ɔz,ɔf.ɔz,ɔfɔz,ɔfɔz,ɔfɔz,ɔfɔz
ɔf.ɔʃ,ɔf.ɔʃ,ɔfɔʃ,ɔfɔʃ,ɔfɔʃ,ɔfɔʃ
ɔf.ɔʒ,ɔf.ɔʒ,ɔfɔʒ,ɔfɔʒ,ɔfɔʒ,ɔfɔʒ
ɔf.ɔθ,ɔf.ɔθ,ɔfɔθ,ɔfɔθ,ɔfɔθ,ɔfɔθ
ɔf.ɔð,ɔf.ɔð,ɔfɔð,ɔfɔð,ɔfɔð,ɔfɔð
ɔs.ɪm,ɔs.ɪm,ɔsɪm,ɔsɪm,ɔsɪm,ɔsɪm
ɔs.ɪn,ɔs.ɪn,ɔsɪn,ɔsɪn,ɔsɪn,ɔsɪn
ɔs.ɪŋ,ɔs.ɪŋ,ɔsɪŋ,ɔsɪŋ,ɔsɪŋ,ɔsɪŋ
ɔs.ɪp,ɔs.ɪp,ɔsɪp,ɔsɪp,ɔsɪp,ɔsɪp
ɔs.ɪt,ɔs.ɪt,ɔsɪt,ɔsɪt,ɔsɪt,ɔsɪt
ɔs.ɪk,ɔs.ɪk,ɔsɪk,ɔsɪk,ɔsɪk,ɔsɪk
ɔs.ɪb,ɔs.ɪb,ɔsɪb,ɔsɪb,ɔsɪb,ɔsɪb
ɔs.ɪd,ɔs.ɪd,ɔsɪd,ɔsɪd,ɔsɪd,ɔsɪd
ɔs.ɪg,ɔs.ɪg,ɔsɪg,ɔsɪg,ɔsɪg,ɔsɪg
ɔs.ɪf,ɔs.ɪf,ɔsɪf,ɔsɪf,ɔsɪf,ɔsɪf
ɔs.ɪs,ɔs.ɪs,ɔsɪs,ɔsɪs,ɔsɪs,ɔsɪs
ɔs.ɪv,ɔs.ɪv,ɔsɪv,ɔsɪv,ɔsɪv,ɔsɪv
ɔs.ɪz,ɔs.ɪz,ɔsɪz,ɔsɪz,ɔsɪz,ɔsɪz
ɔs.ɪʃ,ɔs.ɪʃ,ɔsɪʃ,ɔsɪʃ,ɔsɪʃ,ɔsɪʃ
ɔs.ɪʒ,ɔs.ɪʒ,ɔsɪʒ,ɔsɪʒ,ɔsɪʒ,ɔsɪʒ
ɔs.ɪθ,ɔs.ɪθ,ɔsɪθ,ɔsɪθ,ɔsɪθ,ɔsɪθ
ɔs.ɪð,ɔs.ɪð,ɔsɪð,ɔsɪð,ɔsɪð,ɔsɪð
ɔs.ɛm,ɔs.ɛm,ɔsɛm,ɔsɛm,ɔsɛm,ɔsɛm
ɔs.ɛn,ɔs.ɛn,ɔsɛn,ɔsɛn,ɔsɛn,ɔsɛn
ɔs.ɛŋ,ɔs.ɛŋ,ɔsɛŋ,ɔsɛŋ,ɔsɛŋ,ɔsɛŋ
ɔs.ɛp,ɔs.ɛp,ɔsɛp,ɔsɛp,ɔsɛp,ɔsɛp
ɔs.ɛt,ɔs.ɛt,ɔsɛt,ɔsɛt,ɔsɛt,ɔsɛt
ɔs.ɛk,ɔs.ɛk,ɔsɛk,ɔsɛk,ɔsɛk,ɔsɛk
ɔs.ɛb,ɔs.ɛb,ɔsɛb,ɔsɛb,ɔsɛb,ɔsɛb
ɔs.ɛd,ɔs.ɛd,ɔsɛd,ɔsɛd,ɔsɛd,ɔsɛd
ɔs.ɛg,ɔs.ɛg,ɔsɛg,ɔsɛg,ɔsɛg,ɔsɛg
ɔs.ɛf,ɔs.ɛf,ɔsɛf,ɔsɛf,ɔsɛf,ɔsɛf
ɔs.ɛs,ɔs.ɛs,ɔsɛs,ɔsɛs,ɔsɛs,ɔsɛs
ɔs.ɛv,ɔs.ɛv,ɔsɛv,ɔsɛv,ɔsɛv,ɔsɛv
ɔs.ɛz,ɔs.ɛz,ɔsɛz,ɔsɛz,ɔsɛz,ɔsɛz
ɔs.ɛʃ,ɔs.ɛʃ,ɔsɛʃ,ɔsɛʃ,ɔsɛʃ,ɔsɛʃ
ɔs.ɛʒ,ɔs.ɛʒ,ɔsɛʒ,ɔsɛʒ,ɔsɛʒ,ɔsɛʒ
ɔs.ɛθ,ɔs.ɛθ,ɔsɛθ,ɔsɛθ,ɔsɛθ,ɔsɛθ
ɔs.ɛð,ɔs.ɛð,ɔsɛð,ɔsɛð,ɔsɛð,ɔsɛð
ɔs.ʊm,ɔs.ʊm,ɔsʊm,ɔsʊm,ɔsʊm,ɔsʊm
ɔs.ʊn,ɔs.ʊn,ɔsʊn,ɔsʊn,ɔsʊn,ɔsʊn
ɔs.ʊŋ,ɔs.ʊŋ,ɔsʊŋ,ɔsʊŋ,ɔsʊŋ,ɔsʊŋ
ɔs.ʊp,ɔs.ʊp,ɔsʊp,ɔsʊp,ɔsʊp,ɔsʊp
ɔs.ʊt,ɔs.ʊt,ɔsʊt,ɔsʊt,ɔsʊt,ɔsʊt
ɔs.ʊk,ɔs.ʊk,ɔsʊk,ɔsʊk,ɔsʊk,ɔsʊk
ɔs.ʊb,ɔs.ʊb,ɔsʊb,ɔsʊb,ɔsʊb,ɔsʊb
ɔs.ʊd,ɔs.ʊd,ɔsʊd,ɔsʊd,ɔsʊd,ɔsʊd
ɔs.ʊg,ɔs.ʊg,ɔsʊg,ɔsʊg,ɔsʊg,ɔsʊg
ɔs.ʊf,ɔs.ʊf,ɔsʊf,ɔsʊf,ɔsʊf,ɔsʊf
ɔs.ʊs,ɔs.ʊs,ɔsʊs,ɔsʊs,ɔsʊs,ɔsʊs
ɔs.ʊv,ɔs.ʊv,ɔsʊv,ɔsʊv,ɔsʊv,ɔsʊv
ɔs.ʊz,ɔs.ʊz,ɔsʊz,ɔsʊz,ɔsʊz,ɔsʊz
ɔs.ʊʃ,ɔs.ʊʃ,ɔsʊʃ,ɔsʊʃ,ɔsʊʃ,ɔsʊʃ
ɔs.ʊʒ,ɔs.ʊʒ,ɔsʊʒ,ɔsʊʒ,ɔsʊʒ,ɔsʊʒ
ɔs.ʊθ,ɔs.ʊθ,ɔsʊθ,ɔsʊθ,ɔsʊθ,ɔsʊθ
ɔs.ʊð,ɔs.ʊð,ɔsʊð,ɔsʊð,ɔsʊð,ɔsʊð
ɔs.ɔm,ɔs.ɔm,ɔsɔm,ɔsɔm,ɔsɔm,ɔsɔm
ɔs.ɔn,ɔs.ɔn,ɔsɔn,ɔsɔn,ɔsɔn,ɔsɔn
ɔs.ɔŋ,ɔs.ɔŋ,ɔsɔŋ,ɔsɔŋ,ɔsɔŋ,ɔsɔŋ
ɔs.ɔp,ɔs.ɔp,ɔsɔp,ɔsɔp,ɔsɔp,ɔsɔp
ɔs.ɔt,ɔs.ɔt,ɔsɔt,ɔsɔt,ɔsɔt,ɔsɔt
ɔs.ɔk,ɔs.ɔk,ɔsɔk,ɔsɔk,ɔsɔk,ɔsɔk
ɔs.ɔb,ɔs.ɔb,ɔsɔb,ɔsɔb,ɔsɔb,ɔsɔb
ɔs.ɔd,ɔs.ɔd,ɔsɔd,ɔsɔd,ɔsɔd,ɔsɔd
ɔs.ɔg,ɔs.ɔg,ɔsɔg,ɔsɔg,ɔsɔg,ɔsɔg
ɔs.ɔf,ɔs.ɔf,ɔsɔf,ɔsɔf,ɔsɔf,ɔsɔf
ɔs.ɔs,ɔs.ɔs,ɔsɔs,ɔsɔs,ɔsɔs,ɔsɔs
ɔs.ɔv,ɔs.ɔv,ɔsɔv,ɔsɔv,ɔsɔv,ɔsɔv
ɔs.ɔz,ɔs.ɔz,ɔsɔz,ɔsɔz,ɔsɔz,ɔsɔz
ɔs.ɔʃ,ɔs.ɔʃ,ɔsɔʃ,ɔsɔʃ,ɔsɔʃ,ɔsɔʃ
ɔs.ɔʒ,ɔs.ɔʒ,ɔsɔʒ,ɔsɔʒ,ɔsɔʒ,ɔsɔʒ
ɔs.ɔθ,ɔs.ɔθ,ɔsɔθ,ɔsɔθ,ɔsɔθ,ɔsɔθ
ɔs.ɔð,ɔs.ɔð,ɔsɔð,ɔsɔð,ɔsɔð,ɔsɔð
ɔv.ɪm,ɔv.ɪm,ɔvɪm,ɔvɪm,ɔvɪm,ɔvɪm
ɔv.ɪn,ɔv.ɪn,ɔvɪn,ɔvɪn,ɔvɪn,ɔvɪn
ɔv.ɪŋ,ɔv.ɪŋ,ɔvɪŋ,ɔvɪŋ,ɔvɪŋ,ɔvɪŋ
ɔv.ɪp,ɔv.ɪp,ɔvɪp,ɔvɪp,ɔvɪp,ɔvɪp
ɔv.ɪt,ɔv.ɪt,ɔvɪt,ɔvɪt,ɔvɪt,ɔvɪt
ɔv.ɪk,ɔv.ɪk,ɔvɪk,ɔvɪk,ɔvɪk,ɔvɪk
ɔv.ɪb,ɔv.ɪb,ɔvɪb,ɔvɪb,ɔvɪb,ɔvɪb
ɔv.ɪd,ɔv.ɪd,ɔvɪd,ɔvɪd,ɔvɪd,ɔvɪd
ɔv.ɪg,ɔv.ɪg,ɔvɪg,ɔvɪg,ɔvɪg,ɔvɪg
ɔv.ɪf,ɔv.ɪf,ɔvɪf,ɔvɪf,ɔvɪf,ɔvɪf
ɔv.ɪs,ɔv.ɪs,ɔvɪs,ɔvɪs,ɔvɪs,ɔvɪs
ɔv.ɪv,ɔv.ɪv,ɔvɪv,ɔvɪv,ɔvɪv,ɔvɪv
ɔv.ɪz,ɔv.ɪz,ɔvɪz,ɔvɪz,ɔvɪz,ɔvɪz
ɔv.ɪʃ,ɔv.ɪʃ,ɔvɪʃ,ɔvɪʃ,ɔvɪʃ,ɔvɪʃ
ɔv.ɪʒ,ɔv.ɪʒ,ɔvɪʒ,ɔvɪʒ,ɔvɪʒ,ɔvɪʒ
ɔv.ɪθ,ɔv.ɪθ,ɔvɪθ,ɔvɪθ,ɔvɪθ,ɔvɪθ
ɔv.ɪð,ɔv.ɪð,ɔvɪð,ɔvɪð,ɔvɪð,ɔvɪð
ɔv.ɛm,ɔv.ɛm,ɔvɛm,ɔvɛm,ɔvɛm,ɔvɛm
ɔv.ɛn,ɔv.ɛn,ɔvɛn,ɔvɛn,ɔvɛn,ɔvɛn
ɔv.ɛŋ,ɔv.ɛŋ,ɔvɛŋ,ɔvɛŋ,ɔvɛŋ,ɔvɛŋ
ɔv.ɛp,ɔv.ɛp,ɔvɛp,ɔvɛp,ɔvɛp,ɔvɛp
ɔv.ɛt,ɔv.ɛt,ɔvɛt,ɔvɛt,ɔvɛt,ɔvɛt
ɔv.ɛk,ɔv.ɛk,ɔvɛk,ɔvɛk,ɔvɛk,ɔvɛk
ɔv.ɛb,ɔv.ɛb,ɔvɛb,ɔvɛb,ɔvɛb,ɔvɛb
ɔv.ɛd,ɔv.ɛd,ɔvɛd,ɔvɛd,ɔvɛd,ɔvɛd
ɔv.ɛg,ɔv.ɛg,ɔvɛg,ɔvɛg,ɔvɛg,ɔvɛg
ɔv.ɛf,ɔv.ɛf,ɔvɛf,ɔvɛf,ɔvɛf,ɔvɛf
ɔv.ɛs,ɔv.ɛs,ɔvɛs,ɔvɛs,ɔvɛs,ɔvɛs
ɔv.ɛv,ɔv.ɛv,ɔvɛv,ɔvɛv,ɔvɛv,ɔvɛv
ɔv.ɛz,ɔv.ɛz,ɔvɛz,ɔvɛz,ɔvɛz,ɔvɛz
ɔv.ɛʃ,ɔv.ɛʃ,ɔvɛʃ,ɔvɛʃ,ɔvɛʃ,ɔvɛʃ
ɔv.ɛʒ,ɔv.ɛʒ,ɔvɛʒ,ɔvɛʒ,ɔvɛʒ,ɔvɛʒ
ɔv.ɛθ,ɔv.ɛθ,ɔvɛθ,ɔvɛθ,ɔvɛθ,ɔvɛθ
ɔv.ɛð,ɔv.ɛð,ɔvɛð,ɔvɛð,ɔvɛð,ɔvɛð
ɔv.ʊm,ɔv.ʊm,ɔvʊm,ɔvʊm,ɔvʊm,ɔvʊm
ɔv.ʊn,ɔv.ʊn,ɔvʊn,ɔvʊn,ɔvʊn,ɔvʊn
ɔv.ʊŋ,ɔv.ʊŋ,ɔvʊŋ,ɔvʊŋ,ɔvʊŋ,ɔvʊŋ
ɔv.ʊp,ɔv.ʊp,ɔvʊp,ɔvʊp,ɔvʊp,ɔvʊp
ɔv.ʊt,ɔv.ʊt,ɔvʊt,ɔvʊt,ɔvʊt,ɔvʊt
ɔv.ʊk,ɔv.ʊk,ɔvʊk,ɔvʊk,ɔvʊk,ɔvʊk
ɔv.ʊb,ɔv.ʊb,ɔvʊb,ɔvʊb,ɔvʊb,ɔvʊb
ɔv.ʊd,ɔv.ʊd,ɔvʊd,ɔvʊd,ɔvʊd,ɔvʊd
ɔv.ʊg,ɔv.ʊg,ɔvʊg,ɔvʊg,ɔvʊg,ɔvʊg
ɔv.ʊf,ɔv.ʊf,ɔvʊf,ɔvʊf,ɔvʊf,ɔvʊf
ɔv.ʊs,ɔv.ʊs,ɔvʊs,ɔvʊs,ɔvʊs,ɔvʊs
ɔv.ʊv,ɔv.ʊv,ɔvʊv,ɔvʊv,ɔvʊv,ɔvʊv
ɔv.ʊz,ɔv.ʊz,ɔvʊz,ɔvʊz,ɔvʊz,ɔvʊz
ɔv.ʊʃ,ɔv.ʊʃ,ɔvʊʃ,ɔvʊʃ,ɔvʊʃ,ɔvʊʃ
ɔv.ʊʒ,ɔv.ʊʒ,ɔvʊʒ,ɔvʊʒ,ɔvʊʒ,ɔvʊʒ
ɔv.ʊθ,ɔv.ʊθ,ɔvʊθ,ɔvʊθ,ɔvʊθ,ɔvʊθ
ɔv.ʊð,ɔv.ʊð,ɔvʊð,ɔvʊð,ɔvʊð,ɔvʊð
ɔv.ɔm,ɔv.ɔm,ɔvɔm,ɔvɔm,ɔvɔm,ɔvɔm
ɔv.ɔn,ɔv.ɔn,ɔvɔn,ɔvɔn,ɔvɔn,ɔvɔn
ɔv.ɔŋ,ɔv.ɔŋ,ɔvɔŋ,ɔvɔŋ,ɔvɔŋ,ɔvɔŋ
ɔv.ɔp,ɔv.ɔp,ɔvɔp,ɔvɔp,ɔvɔp,ɔvɔp
ɔv.ɔt,ɔv.ɔt,ɔvɔt,ɔvɔt,ɔvɔt,ɔvɔt
ɔv.ɔk,ɔv.ɔk,ɔvɔk,ɔvɔk,ɔvɔk,ɔvɔk
ɔv.ɔb,ɔv.ɔb,ɔvɔb,ɔvɔb,ɔvɔb,ɔvɔb
ɔv.ɔd,ɔv.ɔd,ɔvɔd,ɔvɔd,ɔvɔd,ɔvɔd
ɔv.ɔg,ɔv.ɔg,ɔvɔg,ɔvɔg,ɔvɔg,ɔvɔg
ɔv.ɔf,ɔv.ɔf,ɔvɔf,ɔvɔf,ɔvɔf,ɔvɔf
ɔv.ɔs,ɔv.ɔs,ɔvɔs,ɔvɔs,ɔvɔs,ɔvɔs
ɔv.ɔv,ɔv.ɔv,ɔvɔv,ɔvɔv,ɔvɔv,ɔvɔv
ɔv.ɔz,ɔv.ɔz,ɔvɔz,ɔvɔz,ɔvɔz,ɔvɔz
ɔv.ɔʃ,ɔv.ɔʃ,ɔvɔʃ,ɔvɔʃ,ɔvɔʃ,ɔvɔʃ
ɔv.ɔʒ,ɔv.ɔʒ,ɔvɔʒ,ɔvɔʒ,ɔvɔʒ,ɔvɔʒ
ɔv.ɔθ,ɔv.ɔθ,ɔvɔθ,ɔvɔθ,ɔvɔθ,ɔvɔθ
ɔv.ɔð,ɔv.ɔð,ɔvɔð,ɔvɔð,ɔvɔð,ɔvɔð
ɔz.ɪm,ɔz.ɪm,ɔzɪm,ɔzɪm,ɔzɪm,ɔzɪm
ɔz.ɪn,ɔz.ɪn,ɔzɪn,ɔzɪn,ɔzɪn,ɔzɪn
ɔz.ɪŋ,ɔz.ɪŋ,ɔzɪŋ,ɔzɪŋ,ɔzɪŋ,ɔzɪŋ
ɔz.ɪp,ɔz.ɪp,ɔzɪp,ɔzɪp,ɔzɪp,ɔzɪp
ɔz.ɪt,ɔz.ɪt,ɔzɪt,ɔzɪt,ɔzɪt,ɔzɪt
ɔz.ɪk,ɔz.ɪk,ɔzɪk,ɔzɪk,ɔzɪk,ɔzɪk
ɔz.ɪb,ɔz.ɪb,ɔzɪb,ɔzɪb,ɔzɪb,ɔzɪb
ɔz.ɪd,ɔz.ɪd,ɔzɪd,ɔzɪd,ɔzɪd,ɔzɪd
ɔz.ɪg,ɔz.ɪg,ɔzɪg,ɔzɪg,ɔzɪg,ɔzɪg
ɔz.ɪf,ɔz.ɪf,ɔzɪf,ɔzɪf,ɔzɪf,ɔzɪf
ɔz.ɪs,ɔz.ɪs,ɔzɪs,ɔzɪs,ɔzɪs,ɔzɪs
ɔz.ɪv,ɔz.ɪv,ɔzɪv,ɔzɪv,ɔzɪv,ɔzɪv
ɔz.ɪz,ɔz.ɪz,ɔzɪz,ɔzɪz,ɔzɪz,ɔzɪz
ɔz.ɪʃ,ɔz.ɪʃ,ɔzɪʃ,ɔzɪʃ,ɔzɪʃ,ɔzɪʃ
ɔz.ɪʒ,ɔz.ɪʒ,ɔzɪʒ,ɔzɪʒ,ɔzɪʒ,ɔzɪʒ
ɔz.ɪθ,ɔz.ɪθ,ɔzɪθ,ɔzɪθ,ɔzɪθ,ɔzɪθ
ɔz.ɪð,ɔz.ɪð,ɔzɪð,ɔzɪð,ɔzɪð,ɔzɪð
ɔz.ɛm,ɔz.ɛm,ɔzɛm,ɔzɛm,ɔzɛm,ɔzɛm
ɔz.ɛn,ɔz.ɛn,ɔzɛn,ɔzɛn,ɔzɛn,ɔzɛn
ɔz.ɛŋ,ɔz.ɛŋ,ɔzɛŋ,ɔzɛŋ,ɔzɛŋ,ɔzɛŋ
ɔz.ɛp,ɔz.ɛp,ɔzɛp,ɔzɛp,ɔzɛp,ɔzɛp
ɔz.ɛt,ɔz.ɛt,ɔzɛt,ɔzɛt,ɔzɛt,ɔzɛt
ɔz.ɛk,ɔz.ɛk,ɔzɛk,ɔzɛk,ɔzɛk,ɔzɛk
ɔz.ɛb,ɔz.ɛb,ɔzɛb,ɔzɛb,ɔzɛb,ɔzɛb
ɔz.ɛd,ɔz.ɛd,ɔzɛd,ɔzɛd,ɔzɛd,ɔzɛd
ɔz.ɛg,ɔz.ɛg,ɔzɛg,ɔzɛg,ɔzɛg,ɔzɛg
ɔz.ɛf,ɔz.ɛf,ɔzɛf,ɔzɛf,ɔzɛf,ɔzɛf
ɔz.ɛs,ɔz.ɛs,ɔzɛs,ɔzɛs,ɔzɛs,ɔzɛs
ɔz.ɛv,ɔz.ɛv,ɔzɛv,ɔzɛv,ɔzɛv,ɔzɛv
ɔz.ɛz,ɔz.ɛz,ɔzɛz,ɔzɛz,ɔzɛz,ɔzɛz
ɔz.ɛʃ,ɔz.ɛʃ,ɔzɛʃ,ɔzɛʃ,ɔzɛʃ,ɔzɛʃ
ɔz.ɛʒ,ɔz.ɛʒ,ɔzɛʒ,ɔzɛʒ,ɔzɛʒ,ɔzɛʒ
ɔz.ɛθ,ɔz.ɛθ,ɔzɛθ,ɔzɛθ,ɔzɛθ,ɔzɛθ
ɔz.ɛð,ɔz.ɛð,ɔzɛð,ɔzɛð,ɔzɛð,ɔzɛð
ɔz.ʊm,ɔz.ʊm,ɔzʊm,ɔzʊm,ɔzʊm,ɔzʊm
ɔz.ʊn,ɔz.ʊn,ɔzʊn,ɔzʊn,ɔzʊn,ɔzʊn
ɔz.ʊŋ,ɔz.ʊŋ,ɔzʊŋ,ɔzʊŋ,ɔzʊŋ,ɔzʊŋ
ɔz.ʊp,ɔz.ʊp,ɔzʊp,ɔzʊp,ɔzʊp,ɔzʊp
ɔz.ʊt,ɔz.ʊt,ɔzʊt,ɔzʊt,ɔzʊt,ɔzʊt
ɔz.ʊk,ɔz.ʊk,ɔzʊk,ɔzʊk,ɔzʊk,ɔzʊk
ɔz.ʊb,ɔz.ʊb,ɔzʊb,ɔzʊb,ɔzʊb,ɔzʊb
ɔz.ʊd,ɔz.ʊd,ɔzʊd,ɔzʊd,ɔzʊd,ɔzʊd
ɔz.ʊg,ɔz.ʊg,ɔzʊg,ɔzʊg,ɔzʊg,ɔzʊg
ɔz.ʊf,ɔz.ʊf,ɔzʊf,ɔzʊf,ɔzʊf,ɔzʊf
ɔz.ʊs,ɔz.ʊs,ɔzʊs,ɔzʊs,ɔzʊs,ɔzʊs
ɔz.ʊv,ɔz.ʊv,ɔzʊv,ɔzʊv,ɔzʊv,ɔzʊv
ɔz.ʊz,ɔz.ʊz,ɔzʊz,ɔzʊz,ɔzʊz,ɔzʊz
ɔz.ʊʃ,ɔz.ʊʃ,ɔzʊʃ,ɔzʊʃ,ɔzʊʃ,ɔzʊʃ
ɔz.ʊʒ,ɔz.ʊʒ,ɔzʊʒ,ɔzʊʒ,ɔzʊʒ,ɔzʊʒ
ɔz.ʊθ,ɔz.ʊθ,ɔzʊθ,ɔzʊθ,ɔzʊθ,ɔzʊθ
ɔz.ʊð,ɔz.ʊð,ɔzʊð,ɔzʊð,ɔzʊð,ɔzʊð
ɔz.ɔm,ɔz.ɔm,ɔzɔm,ɔzɔm,ɔzɔm,ɔzɔm
ɔz.ɔn,ɔz.ɔn,ɔzɔn,ɔzɔn,ɔzɔn,ɔzɔn
ɔz.ɔŋ,ɔz.ɔŋ,ɔzɔŋ,ɔzɔŋ,ɔzɔŋ,ɔzɔŋ
ɔz.ɔp,ɔz.ɔp,ɔzɔp,ɔzɔp,ɔzɔp,ɔzɔp
ɔz.ɔt,ɔz.ɔt,ɔzɔt,ɔzɔt,ɔzɔt,ɔzɔt
ɔz.ɔk,ɔz.ɔk,ɔzɔk,ɔzɔk,ɔzɔk,ɔzɔk
ɔz.ɔb,ɔz.ɔb,ɔzɔb,ɔzɔb,ɔzɔb,ɔzɔb
ɔz.ɔd,ɔz.ɔd,ɔzɔd,ɔzɔd,ɔzɔd,ɔzɔd
ɔz.ɔg,ɔz.ɔg,ɔzɔg,ɔzɔg,ɔzɔg,ɔzɔg
ɔz.ɔf,ɔz.ɔf,ɔzɔf,ɔzɔf,ɔzɔf,ɔzɔf
ɔz.ɔs,ɔz.ɔs,ɔzɔs,ɔzɔs,ɔzɔs,ɔzɔs
ɔz.ɔv,ɔz.ɔv,ɔzɔv,ɔzɔv,ɔzɔv,ɔzɔv
ɔz.ɔz,ɔz.ɔz,ɔzɔz,ɔzɔz,ɔzɔz,ɔzɔz
ɔz.ɔʃ,ɔz.ɔʃ,ɔzɔʃ,ɔzɔʃ,ɔzɔʃ,ɔzɔʃ
ɔz.ɔʒ,ɔz.ɔʒ,ɔzɔʒ,ɔzɔʒ,ɔzɔʒ,ɔzɔʒ
ɔz.ɔθ,ɔz.ɔθ,ɔzɔθ,ɔzɔθ,ɔzɔθ,ɔzɔθ
ɔz.ɔð,ɔz.ɔð,ɔzɔð,ɔzɔð,ɔzɔð,ɔzɔð
ɔʃ.ɪm,ɔʃ.ɪm,ɔʃɪm,ɔʃɪm,ɔʃɪm,ɔʃɪm
ɔʃ.ɪn,ɔʃ.ɪn,ɔʃɪn,ɔʃɪn,ɔʃɪn,ɔʃɪn
ɔʃ.ɪŋ,ɔʃ.ɪŋ,ɔʃɪŋ,ɔʃɪŋ,ɔʃɪŋ,ɔʃɪŋ
ɔʃ.ɪp,ɔʃ.ɪp,ɔʃɪp,ɔʃɪp,ɔʃɪp,ɔʃɪp
ɔʃ.ɪt,ɔʃ.ɪt,ɔʃɪt,ɔʃɪt,ɔʃɪt,ɔʃɪt
ɔʃ.ɪk,ɔʃ.ɪk,ɔʃɪk,ɔʃɪk,ɔʃɪk,ɔʃɪk
ɔʃ.ɪb,ɔʃ.ɪb,ɔʃɪb,ɔʃɪb,ɔʃɪb,ɔʃɪb
ɔʃ.ɪd,ɔʃ.ɪd,ɔʃɪd,ɔʃɪd,ɔʃɪd,ɔʃɪd
ɔʃ.ɪg,ɔʃ.ɪg,ɔʃɪg,ɔʃɪg,ɔʃɪg,ɔʃɪg
ɔʃ.ɪf,ɔʃ.ɪf,ɔʃɪf,ɔʃɪf,ɔʃɪf,ɔʃɪf
ɔʃ.ɪs,ɔʃ.ɪs,ɔʃɪs,ɔʃɪs,ɔʃɪs,ɔʃɪs
ɔʃ.ɪv,ɔʃ.ɪv,ɔʃɪv,ɔʃɪv,ɔʃɪv,ɔʃɪv
ɔʃ.ɪz,ɔʃ.ɪz,ɔʃɪz,ɔʃɪz,ɔʃɪz,ɔʃɪz
ɔʃ.ɪʃ,ɔʃ.ɪʃ,ɔʃɪʃ,ɔʃɪʃ,ɔʃɪʃ,ɔʃɪʃ
ɔʃ.ɪʒ,ɔʃ.ɪʒ,ɔʃɪʒ,ɔʃɪʒ,ɔʃɪʒ,ɔʃɪʒ
ɔʃ.ɪθ,ɔʃ.ɪθ,ɔʃɪθ,ɔʃɪθ,ɔʃɪθ,ɔʃɪθ
ɔʃ.ɪð,ɔʃ.ɪð,ɔʃɪð,ɔʃɪð,ɔʃɪð,ɔʃɪð
ɔʃ.ɛm,ɔʃ.ɛm,ɔʃɛm,ɔʃɛm,ɔʃɛm,ɔʃɛm
ɔʃ.ɛn,ɔʃ.ɛn,ɔʃɛn,ɔʃɛn,ɔʃɛn,ɔʃɛn
ɔʃ.ɛŋ,ɔʃ.ɛŋ,ɔʃɛŋ,ɔʃɛŋ,ɔʃɛŋ,ɔʃɛŋ
ɔʃ.ɛp,ɔʃ.ɛp,ɔʃɛp,ɔʃɛp,ɔʃɛp,ɔʃɛp
ɔʃ.ɛt,ɔʃ.ɛt,ɔʃɛt,ɔʃɛt,ɔʃɛt,ɔʃɛt
ɔʃ.ɛk,ɔʃ.ɛk,ɔʃɛk,ɔʃɛk,ɔʃɛk,ɔʃɛk
ɔʃ.ɛb,ɔʃ.ɛb,ɔʃɛb,ɔʃɛb,ɔʃɛb,ɔʃɛb
ɔʃ.ɛd,ɔʃ.ɛd,ɔʃɛd,ɔʃɛd,ɔʃɛd,ɔʃɛd
ɔʃ.ɛg,ɔʃ.ɛg,ɔʃɛg,ɔʃɛg,ɔʃɛg,ɔʃɛg
ɔʃ.ɛf,ɔʃ.ɛf,ɔʃɛf,ɔʃɛf,ɔʃɛf,ɔʃɛf
ɔʃ.ɛs,ɔʃ.ɛs,ɔʃɛs,ɔʃɛs,ɔʃɛs,ɔʃɛs
ɔʃ.ɛv,ɔʃ.ɛv,ɔʃɛv,ɔʃɛv,ɔʃɛv,ɔʃɛv
ɔʃ.ɛz,ɔʃ.ɛz,ɔʃɛz,ɔʃɛz,ɔʃɛz,ɔʃɛz
ɔʃ.ɛʃ,ɔʃ.ɛʃ,ɔʃɛʃ,ɔʃɛʃ,ɔʃɛʃ,ɔʃɛʃ
ɔʃ.ɛʒ,ɔʃ.ɛʒ,ɔʃɛʒ,ɔʃɛʒ,ɔʃɛʒ,ɔʃɛʒ
ɔʃ.ɛθ,ɔʃ.ɛθ,ɔʃɛθ,ɔʃɛθ,ɔʃɛθ,ɔʃɛθ
ɔʃ.ɛð,ɔʃ.ɛð,ɔʃɛð,ɔʃɛð,ɔʃɛð,ɔʃɛð
ɔʃ.ʊm,ɔʃ.ʊm,ɔʃʊm,ɔʃʊm,ɔʃʊm,ɔʃʊm
ɔʃ.ʊn,ɔʃ.ʊn,ɔʃʊn,ɔʃʊn,ɔʃʊn,ɔʃʊn
ɔʃ.ʊŋ,ɔʃ.ʊŋ,ɔʃʊŋ,ɔʃʊŋ,ɔʃʊŋ,ɔʃʊŋ
ɔʃ.ʊp,ɔʃ.ʊp,ɔʃʊp,ɔʃʊp,ɔʃʊp,ɔʃʊp
ɔʃ.ʊt,ɔʃ.ʊt,ɔʃʊt,ɔʃʊt,ɔʃʊt,ɔʃʊt
ɔʃ.ʊk,ɔʃ.ʊk,ɔʃʊk,ɔʃʊk,ɔʃʊk,ɔʃʊk
ɔʃ.ʊb,ɔʃ.ʊb,ɔʃʊb,ɔʃʊb,ɔʃʊb,ɔʃʊb
ɔʃ.ʊd,ɔʃ.ʊd,ɔʃʊd,ɔʃʊd,ɔʃʊd,ɔʃʊd
ɔʃ.ʊg,ɔʃ.ʊg,ɔʃʊg,ɔʃʊg,ɔʃʊg,ɔʃʊg
ɔʃ.ʊf,ɔʃ.ʊf,ɔʃʊf,ɔʃʊf,ɔʃʊf,ɔʃʊf
ɔʃ.ʊs,ɔʃ.ʊs,ɔʃʊs,ɔʃʊs,ɔʃʊs,ɔʃʊs
ɔʃ.ʊv,ɔʃ.ʊv,ɔʃʊv,ɔʃʊv,ɔʃʊv,ɔʃʊv
ɔʃ.ʊz,ɔʃ.ʊz,ɔʃʊz,ɔʃʊz,ɔʃʊz,ɔʃʊz
ɔʃ.ʊʃ,ɔʃ.ʊʃ,ɔʃʊʃ,ɔʃʊʃ,ɔʃʊʃ,ɔʃʊʃ
ɔʃ.ʊʒ,ɔʃ.ʊʒ,ɔʃʊʒ,ɔʃʊʒ,ɔʃʊʒ,ɔʃʊʒ
ɔʃ.ʊθ,ɔʃ.ʊθ,ɔʃʊθ,ɔʃʊθ,ɔʃʊθ,ɔʃʊθ
ɔʃ.ʊð,ɔʃ.ʊð,ɔʃʊð,ɔʃʊð,ɔʃʊð,ɔʃʊð
ɔʃ.ɔm,ɔʃ.ɔm,ɔʃɔm,ɔʃɔm,ɔʃɔm,ɔʃɔm
ɔʃ.ɔn,ɔʃ.ɔn,ɔʃɔn,ɔʃɔn,ɔʃɔn,ɔʃɔn
ɔʃ.ɔŋ,ɔʃ.ɔŋ,ɔʃɔŋ,ɔʃɔŋ,ɔʃɔŋ,ɔʃɔŋ
ɔʃ.ɔp,ɔʃ.ɔp,ɔʃɔp,ɔʃɔp,ɔʃɔp,ɔʃɔp
ɔʃ.ɔt,ɔʃ.ɔt,ɔʃɔt,ɔʃɔt,ɔʃɔt,ɔʃɔt
ɔʃ.ɔk,ɔʃ.ɔk,ɔʃɔk,ɔʃɔk,ɔʃɔk,ɔʃɔk
ɔʃ.ɔb,ɔʃ.ɔb,ɔʃɔb,ɔʃɔb,ɔʃɔb,ɔʃɔb
ɔʃ.ɔd,ɔʃ.ɔd,ɔʃɔd,ɔʃɔd,ɔʃɔd,ɔʃɔd
ɔʃ.ɔg,ɔʃ.ɔg,ɔʃɔg,ɔʃɔg,ɔʃɔg,ɔʃɔg
ɔʃ.ɔf,ɔʃ.ɔf,ɔʃɔf,ɔʃɔf,ɔʃɔf,ɔʃɔf
ɔʃ.ɔs,ɔʃ.ɔs,ɔʃɔs,ɔʃɔs,ɔʃɔs,ɔʃɔs
ɔʃ.ɔv,ɔʃ.ɔv,ɔʃɔv,ɔʃɔv,ɔʃɔv,ɔʃɔv
ɔʃ.ɔz,ɔʃ.ɔz,ɔʃɔz,ɔʃɔz,ɔʃɔz,ɔʃɔz
ɔʃ.ɔʃ,ɔʃ.ɔʃ,ɔʃɔʃ,ɔʃɔʃ,ɔʃɔʃ,ɔʃɔʃ
ɔʃ.ɔʒ,ɔʃ.ɔʒ,ɔʃɔʒ,ɔʃɔʒ,ɔʃɔʒ,ɔʃɔʒ
ɔʃ.ɔθ,ɔʃ.ɔθ,ɔʃɔθ,ɔʃɔθ,ɔʃɔθ,ɔʃɔθ
ɔʃ.ɔð,ɔʃ.ɔð,ɔʃɔð,ɔʃɔð,ɔʃɔð,ɔʃɔð
ɔʒ.ɪm,ɔʒ.ɪm,ɔʒɪm,ɔʒɪm,ɔʒɪm,ɔʒɪm
ɔʒ.ɪn,ɔʒ.ɪn,ɔʒɪn,ɔʒɪn,ɔʒɪn,ɔʒɪn
ɔʒ.ɪŋ,ɔʒ.ɪŋ,ɔʒɪŋ,ɔʒɪŋ,ɔʒɪŋ,ɔʒɪŋ
ɔʒ.ɪp,ɔʒ.ɪp,ɔʒɪp,ɔʒɪp,ɔʒɪp,ɔʒɪp
ɔʒ.ɪt,ɔʒ.ɪt,ɔʒɪt,ɔʒɪt,ɔʒɪt,ɔʒɪt
ɔʒ.ɪk,ɔʒ.ɪk,ɔʒɪk,ɔʒɪk,ɔʒɪk,ɔʒɪk
ɔʒ.ɪb,ɔʒ.ɪb,ɔʒɪb,ɔʒɪb,ɔʒɪb,ɔʒɪb
ɔʒ.ɪd,ɔʒ.ɪd,ɔʒɪd,ɔʒɪd,ɔʒɪd,ɔʒɪd
ɔʒ.ɪg,ɔʒ.ɪg,ɔʒɪg,ɔʒɪg,ɔʒɪg,ɔʒɪg
ɔʒ.ɪf,ɔʒ.ɪf,ɔʒɪf,ɔʒɪf,ɔʒɪf,ɔʒɪf
ɔʒ.ɪs,ɔʒ.ɪs,ɔʒɪs,ɔʒɪs,ɔʒɪs,ɔʒɪs
ɔʒ.ɪv,ɔʒ.ɪv,ɔʒɪv,ɔʒɪv,ɔʒɪv,ɔʒɪv
ɔʒ.ɪz,ɔʒ.ɪz,ɔʒɪz,ɔʒɪz,ɔʒɪz,ɔʒɪz
ɔʒ.ɪʃ,ɔʒ.ɪʃ,ɔʒɪʃ,ɔʒɪʃ,ɔʒɪʃ,ɔʒɪʃ
ɔʒ.ɪʒ,ɔʒ.ɪʒ,ɔʒɪʒ,ɔʒɪʒ,ɔʒɪʒ,ɔʒɪʒ
ɔʒ.ɪθ,ɔʒ.ɪθ,ɔʒɪθ,ɔʒɪθ,ɔʒɪθ,ɔʒɪθ
ɔʒ.ɪð,ɔʒ.ɪð,ɔʒɪð,ɔʒɪð,ɔʒɪð,ɔʒɪð
ɔʒ.ɛm,ɔʒ.ɛm,ɔʒɛm,ɔʒɛm,ɔʒɛm,ɔʒɛm
ɔʒ.ɛn,ɔʒ.ɛn,ɔʒɛn,ɔʒɛn,ɔʒɛn,ɔʒɛn
ɔʒ.ɛŋ,ɔʒ.ɛŋ,ɔʒɛŋ,ɔʒɛŋ,ɔʒɛŋ,ɔʒɛŋ
ɔʒ.ɛp,ɔʒ.ɛp,ɔʒɛp,ɔʒɛp,ɔʒɛp,ɔʒɛp
ɔʒ.ɛt,ɔʒ.ɛt,ɔʒɛt,ɔʒɛt,ɔʒɛt,ɔʒɛt
ɔʒ.ɛk,ɔʒ.ɛk,ɔʒɛk,ɔʒɛk,ɔʒɛk,ɔʒɛk
ɔʒ.ɛb,ɔʒ.ɛb,ɔʒɛb,ɔʒɛb,ɔʒɛb,ɔʒɛb
ɔʒ.ɛd,ɔʒ.ɛd,ɔʒɛd,ɔʒɛd,ɔʒɛd,ɔʒɛd
ɔʒ.ɛg,ɔʒ.ɛg,ɔʒɛg,ɔʒɛg,ɔʒɛg,ɔʒɛg
ɔʒ.ɛf,ɔʒ.ɛf,ɔʒɛf,ɔʒɛf,ɔʒɛf,ɔʒɛf
ɔʒ.ɛs,ɔʒ.ɛs,ɔʒɛs,ɔʒɛs,ɔʒɛs,ɔʒɛs
ɔʒ.ɛv,ɔʒ.ɛv,ɔʒɛv,ɔʒɛv,ɔʒɛv,ɔʒɛv
ɔʒ.ɛz,ɔʒ.ɛz,ɔʒɛz,ɔʒɛz,ɔʒɛz,ɔʒɛz
ɔʒ.ɛʃ,ɔʒ.ɛʃ,ɔʒɛʃ,ɔʒɛʃ,ɔʒɛʃ,ɔʒɛʃ
ɔʒ.ɛʒ,ɔʒ.ɛʒ,ɔʒɛʒ,ɔʒɛʒ,ɔʒɛʒ,ɔʒɛʒ
ɔʒ.ɛθ,ɔʒ.ɛθ,ɔʒɛθ,ɔʒɛθ,ɔʒɛθ,ɔʒɛθ
ɔʒ.ɛð,ɔʒ.ɛð,ɔʒɛð,ɔʒɛð,ɔʒɛð,ɔʒɛð
ɔʒ.ʊm,ɔʒ.ʊm,ɔʒʊm,ɔʒʊm,ɔʒʊm,ɔʒʊm
ɔʒ.ʊn,ɔʒ.ʊn,ɔʒʊn,ɔʒʊn,ɔʒʊn,ɔʒʊn
ɔʒ.ʊŋ,ɔʒ.ʊŋ,ɔʒʊŋ,ɔʒʊŋ,ɔʒʊŋ,ɔʒʊŋ
ɔʒ.ʊp,ɔʒ.ʊp,ɔʒʊp,ɔʒʊp,ɔʒʊp,ɔʒʊp
ɔʒ.ʊt,ɔʒ.ʊt,ɔʒʊt,ɔʒʊt,ɔʒʊt,ɔʒʊt
ɔʒ.ʊk,ɔʒ.ʊk,ɔʒʊk,ɔʒʊk,ɔʒʊk,ɔʒʊk
ɔʒ.ʊb,ɔʒ.ʊb,ɔʒʊb,ɔʒʊb,ɔʒʊb,ɔʒʊb
ɔʒ.ʊd,ɔʒ.ʊd,ɔʒʊd,ɔʒʊd,ɔʒʊd,ɔʒʊd
ɔʒ.ʊg,ɔʒ.ʊg,ɔʒʊg,ɔʒʊg,ɔʒʊg,ɔʒʊg
ɔʒ.ʊf,ɔʒ.ʊf,ɔʒʊf,ɔʒʊf,ɔʒʊf,ɔʒʊf
ɔʒ.ʊs,ɔʒ.ʊs,ɔʒʊs,ɔʒʊs,ɔʒʊs,ɔʒʊs
ɔʒ.ʊv,ɔʒ.ʊv,ɔʒʊv,ɔʒʊv,ɔʒʊv,ɔʒʊv
ɔʒ.ʊz,ɔʒ.ʊz,ɔʒʊz,ɔʒʊz,ɔʒʊz,ɔʒʊz
ɔʒ.ʊʃ,ɔʒ.ʊʃ,ɔʒʊʃ,ɔʒʊʃ,ɔʒʊʃ,ɔʒʊʃ
ɔʒ.ʊʒ,ɔʒ.ʊʒ,ɔʒʊʒ,ɔʒʊʒ,ɔʒʊʒ,ɔʒʊʒ
ɔʒ.ʊθ,ɔʒ.ʊθ,ɔʒʊθ,ɔʒʊθ,ɔʒʊθ,ɔʒʊθ
ɔʒ.ʊð,ɔʒ.ʊð,ɔʒʊð,ɔʒʊð,ɔʒʊð,ɔʒʊð
ɔʒ.ɔm,ɔʒ.ɔm,ɔʒɔm,ɔʒɔm,ɔʒɔm,ɔʒɔm
ɔʒ.ɔn,ɔʒ.ɔn,ɔʒɔn,ɔʒɔn,ɔʒɔn,ɔʒɔn
ɔʒ.ɔŋ,ɔʒ.ɔŋ,ɔʒɔŋ,ɔʒɔŋ,ɔʒɔŋ,ɔʒɔŋ
ɔʒ.ɔp,ɔʒ.ɔp,ɔʒɔp,ɔʒɔp,ɔʒɔp,ɔʒɔp
ɔʒ.ɔt,ɔʒ.ɔt,ɔʒɔt,ɔʒɔt,ɔʒɔt,ɔʒɔt
ɔʒ.ɔk,ɔʒ.ɔk,ɔʒɔk,ɔʒɔk,ɔʒɔk,ɔʒɔk
ɔʒ.ɔb,ɔʒ.ɔb,ɔʒɔb,ɔʒɔb,ɔʒɔb,ɔʒɔb
ɔʒ.ɔd,ɔʒ.ɔd,ɔʒɔd,ɔʒɔd,ɔʒɔd,ɔʒɔd
ɔʒ.ɔg,ɔʒ.ɔg,ɔʒɔg,ɔʒɔg,ɔʒɔg,ɔʒɔg
ɔʒ.ɔf,ɔʒ.ɔf,ɔʒɔf,ɔʒɔf,ɔʒɔf,ɔʒɔf
ɔʒ.ɔs,ɔʒ.ɔs,ɔʒɔs,ɔʒɔs,ɔʒɔs,ɔʒɔs
ɔʒ.ɔv,ɔʒ.ɔv,ɔʒɔv,ɔʒɔv,ɔʒɔv,ɔʒɔv
ɔʒ.ɔz,ɔʒ.ɔz,ɔʒɔz,ɔʒɔz,ɔʒɔz,ɔʒɔz
ɔʒ.ɔʃ,ɔʒ.ɔʃ,ɔʒɔʃ,ɔʒɔʃ,ɔʒɔʃ,ɔʒɔʃ
ɔʒ.ɔʒ,ɔʒ.ɔʒ,ɔʒɔʒ,ɔʒɔʒ,ɔʒɔʒ,ɔʒɔʒ
ɔʒ.ɔθ,ɔʒ.ɔθ,ɔʒɔθ,ɔʒɔθ,ɔʒɔθ,ɔʒɔθ
ɔʒ.ɔð,ɔʒ.ɔð,ɔʒɔð,ɔʒɔð,ɔʒɔð,ɔʒɔð
ɔθ.ɪm,ɔθ.ɪm,ɔθɪm,ɔθɪm,ɔθɪm,ɔθɪm
ɔθ.ɪn,ɔθ.ɪn,ɔθɪn,ɔθɪn,ɔθɪn,ɔθɪn
ɔθ.ɪŋ,ɔθ.ɪŋ,ɔθɪŋ,ɔθɪŋ,ɔθɪŋ,ɔθɪŋ
ɔθ.ɪp,ɔθ.ɪp,ɔθɪp,ɔθɪp,ɔθɪp,ɔθɪp
ɔθ.ɪt,ɔθ.ɪt,ɔθɪt,ɔθɪt,ɔθɪt,ɔθɪt
ɔθ.ɪk,ɔθ.ɪk,ɔθɪk,ɔθɪk,ɔθɪk,ɔθɪk
ɔθ.ɪb,ɔθ.ɪb,ɔθɪb,ɔθɪb,ɔθɪb,ɔθɪb
ɔθ.ɪd,ɔθ.ɪd,ɔθɪd,ɔθɪd,ɔθɪd,ɔθɪd
ɔθ.ɪg,ɔθ.ɪg,ɔθɪg,ɔθɪg,ɔθɪg,ɔθɪg
ɔθ.ɪf,ɔθ.ɪf,ɔθɪf,ɔθɪf,ɔθɪf,ɔθɪf
ɔθ.ɪs,ɔθ.ɪs,ɔθɪs,ɔθɪs,ɔθɪs,ɔθɪs
ɔθ.ɪv,ɔθ.ɪv,ɔθɪv,ɔθɪv,ɔθɪv,ɔθɪv
ɔθ.ɪz,ɔθ.ɪz,ɔθɪz,ɔθɪz,ɔθɪz,ɔθɪz
ɔθ.ɪʃ,ɔθ.ɪʃ,ɔθɪʃ,ɔθɪʃ,ɔθɪʃ,ɔθɪʃ
ɔθ.ɪʒ,ɔθ.ɪʒ,ɔθɪʒ,ɔθɪʒ,ɔθɪʒ,ɔθɪʒ
ɔθ.ɪθ,ɔθ.ɪθ,ɔθɪθ,ɔθɪθ,ɔθɪθ,ɔθɪθ
ɔθ.ɪð,ɔθ.ɪð,ɔθɪð,ɔθɪð,ɔθɪð,ɔθɪð
ɔθ.ɛm,ɔθ.ɛm,ɔθɛm,ɔθɛm,ɔθɛm,ɔθɛm
ɔθ.ɛn,ɔθ.ɛn,ɔθɛn,ɔθɛn,ɔθɛn,ɔθɛn
ɔθ.ɛŋ,ɔθ.ɛŋ,ɔθɛŋ,ɔθɛŋ,ɔθɛŋ,ɔθɛŋ
ɔθ.ɛp,ɔθ.ɛp,ɔθɛp,ɔθɛp,ɔθɛp,ɔθɛp
ɔθ.ɛt,ɔθ.ɛt,ɔθɛt,ɔθɛt,ɔθɛt,ɔθɛt
ɔθ.ɛk,ɔθ.ɛk,ɔθɛk,ɔθɛk,ɔθɛk,ɔθɛk
ɔθ.ɛb,ɔθ.ɛb,ɔθɛb,ɔθɛb,ɔθɛb,ɔθɛb
ɔθ.ɛd,ɔθ.ɛd,ɔθɛd,ɔθɛd,ɔθɛd,ɔθɛd
ɔθ.ɛg,ɔθ.ɛg,ɔθɛg,ɔθɛg,ɔθɛg,ɔθɛg
ɔθ.ɛf,ɔθ.ɛf,ɔθɛf,ɔθɛf,ɔθɛf,ɔθɛf
ɔθ.ɛs,ɔθ.ɛs,ɔθɛs,ɔθɛs,ɔθɛs,ɔθɛs
ɔθ.ɛv,ɔθ.ɛv,ɔθɛv,ɔθɛv,ɔθɛv,ɔθɛv
ɔθ.ɛz,ɔθ.ɛz,ɔθɛz,ɔθɛz,ɔθɛz,ɔθɛz
ɔθ.ɛʃ,ɔθ.ɛʃ,ɔθɛʃ,ɔθɛʃ,ɔθɛʃ,ɔθɛʃ
ɔθ.ɛʒ,ɔθ.ɛʒ,ɔθɛʒ,ɔθɛʒ,ɔθɛʒ,ɔθɛʒ
ɔθ.ɛθ,ɔθ.ɛθ,ɔθɛθ,ɔθɛθ,ɔθɛθ,ɔθɛθ
ɔθ.ɛð,ɔθ.ɛð,ɔθɛð,ɔθɛð,ɔθɛð,ɔθɛð
ɔθ.ʊm,ɔθ.ʊm,ɔθʊm,ɔθʊm,ɔθʊm,ɔθʊm
ɔθ.ʊn,ɔθ.ʊn,ɔθʊn,ɔθʊn,ɔθʊn,ɔθʊn
ɔθ.ʊŋ,ɔθ.ʊŋ,ɔθʊŋ,ɔθʊŋ,ɔθʊŋ,ɔθʊŋ
ɔθ.ʊp,ɔθ.ʊp,ɔθʊp,ɔθʊp,ɔθʊp,ɔθʊp
ɔθ.ʊt,ɔθ.ʊt,ɔθʊt,ɔθʊt,ɔθʊt,ɔθʊt
ɔθ.ʊk,ɔθ.ʊk,ɔθʊk,ɔθʊk,ɔθʊk,ɔθʊk
ɔθ.ʊb,ɔθ.ʊb,ɔθʊb,ɔθʊb,ɔθʊb,ɔθʊb
ɔθ.ʊd,ɔθ.ʊd,ɔθʊd,ɔθʊd,ɔθʊd,ɔθʊd
ɔθ.ʊg,ɔθ.ʊg,ɔθʊg,ɔθʊg,ɔθʊg,ɔθʊg
ɔθ.ʊf,ɔθ.ʊf,ɔθʊf,ɔθʊf,ɔθʊf,ɔθʊf
ɔθ.ʊs,ɔθ.ʊs,ɔθʊs,ɔθʊs,ɔθʊs,ɔθʊs
ɔθ.ʊv,ɔθ.ʊv,ɔθʊv,ɔθʊv,ɔθʊv,ɔθʊv
ɔθ.ʊz,ɔθ.ʊz,ɔθʊz,ɔθʊz,ɔθʊz,ɔθʊz
ɔθ.ʊʃ,ɔθ.ʊʃ,ɔθʊʃ,ɔθʊʃ,ɔθʊʃ,ɔθʊʃ
ɔθ.ʊʒ,ɔθ.ʊʒ,ɔθʊʒ,ɔθʊʒ,ɔθʊʒ,ɔθʊʒ
ɔθ.ʊθ,ɔθ.ʊθ,ɔθʊθ,ɔθʊθ,ɔθʊθ,ɔθʊθ
ɔθ.ʊð,ɔθ.ʊð,ɔθʊð,ɔθʊð,ɔθʊð,ɔθʊð
ɔθ.ɔm,ɔθ.ɔm,ɔθɔm,ɔθɔm,ɔθɔm,ɔθɔm
ɔθ.ɔn,ɔθ.ɔn,ɔθɔn,ɔθɔn,ɔθɔn,ɔθɔn
ɔθ.ɔŋ,ɔθ.ɔŋ,ɔθɔŋ,ɔθɔŋ,ɔθɔŋ,ɔθɔŋ
ɔθ.ɔp,ɔθ.ɔp,ɔθɔp,ɔθɔp,ɔθɔp,ɔθɔp
ɔθ.ɔt,ɔθ.ɔt,ɔθɔt,ɔθɔt,ɔθɔt,ɔθɔt
ɔθ.ɔk,ɔθ.ɔk,ɔθɔk,ɔθɔk,ɔθɔk,ɔθɔk
ɔθ.ɔb,ɔθ.ɔb,ɔθɔb,ɔθɔb,ɔθɔb,ɔθɔb
ɔθ.ɔd,ɔθ.ɔd,ɔθɔd,ɔθɔd,ɔθɔd,ɔθɔd
ɔθ.ɔg,ɔθ.ɔg,ɔθɔg,ɔθɔg,ɔθɔg,ɔθɔg
ɔθ.ɔf,ɔθ.ɔf,ɔθɔf,ɔθɔf,ɔθɔf,ɔθɔf
ɔθ.ɔs,ɔθ.ɔs,ɔθɔs,ɔθɔs,ɔθɔs,ɔθɔs
ɔθ.ɔv,ɔθ.ɔv,ɔθɔv,ɔθɔv,ɔθɔv,ɔθɔv
ɔθ.ɔz,ɔθ.ɔz,ɔθɔz,ɔθɔz,ɔθɔz,ɔθɔz
ɔθ.ɔʃ,ɔθ.ɔʃ,ɔθɔʃ,ɔθɔʃ,ɔθɔʃ,ɔθɔʃ
ɔθ.ɔʒ,ɔθ.ɔʒ,ɔθɔʒ,ɔθɔʒ,ɔθɔʒ,ɔθɔʒ
ɔθ.ɔθ,ɔθ.ɔθ,ɔθɔθ,ɔθɔθ,ɔθɔθ,ɔθɔθ
ɔθ.ɔð,ɔθ.ɔð,ɔθɔð,ɔθɔð,ɔθɔð,ɔθɔð
ɔð.ɪm,ɔð.ɪm,ɔðɪm,ɔðɪm,ɔðɪm,ɔðɪm
ɔð.ɪn,ɔð.ɪn,ɔðɪn,ɔðɪn,ɔðɪn,ɔðɪn
ɔð.ɪŋ,ɔð.ɪŋ,ɔðɪŋ,ɔðɪŋ,ɔðɪŋ,ɔðɪŋ
ɔð.ɪp,ɔð.ɪp,ɔðɪp,ɔðɪp,ɔðɪp,ɔðɪp
ɔð.ɪt,ɔð.ɪt,ɔðɪt,ɔðɪt,ɔðɪt,ɔðɪt
ɔð.ɪk,ɔð.ɪk,ɔðɪk,ɔðɪk,ɔðɪk,ɔðɪk
ɔð.ɪb,ɔð.ɪb,ɔðɪb,ɔðɪb,ɔðɪb,ɔðɪb
ɔð.ɪd,ɔð.ɪd,ɔðɪd,ɔðɪd,ɔðɪd,ɔðɪd
ɔð.ɪg,ɔð.ɪg,ɔðɪg,ɔðɪg,ɔðɪg,ɔðɪg
ɔð.ɪf,ɔð.ɪf,ɔðɪf,ɔðɪf,ɔðɪf,ɔðɪf
ɔð.ɪs,ɔð.ɪs,ɔðɪs,ɔðɪs,ɔðɪs,ɔðɪs
ɔð.ɪv,ɔð.ɪv,ɔðɪv,ɔðɪv,ɔðɪv,ɔðɪv
ɔð.ɪz,ɔð.ɪz,ɔðɪz,ɔðɪz,ɔðɪz,ɔðɪz
ɔð.ɪʃ,ɔð.ɪʃ,ɔðɪʃ,ɔðɪʃ,ɔðɪʃ,ɔðɪʃ
ɔð.ɪʒ,ɔð.ɪʒ,ɔðɪʒ,ɔðɪʒ,ɔðɪʒ,ɔðɪʒ
ɔð.ɪθ,ɔð.ɪθ,ɔðɪθ,ɔðɪθ,ɔðɪθ,ɔðɪθ
ɔð.ɪð,ɔð.ɪð,ɔðɪð,ɔðɪð,ɔðɪð,ɔðɪð
ɔð.ɛm,ɔð.ɛm,ɔðɛm,ɔðɛm,ɔðɛm,ɔðɛm
ɔð.ɛn,ɔð.ɛn,ɔðɛn,ɔðɛn,ɔðɛn,ɔðɛn
ɔð.ɛŋ,ɔð.ɛŋ,ɔðɛŋ,ɔðɛŋ,ɔðɛŋ,ɔðɛŋ
ɔð.ɛp,ɔð.ɛp,ɔðɛp,ɔðɛp,ɔðɛp,ɔðɛp
ɔð.ɛt,ɔð.ɛt,ɔðɛt,ɔðɛt,ɔðɛt,ɔðɛt
ɔð.ɛk,ɔð.ɛk,ɔðɛk,ɔðɛk,ɔðɛk,ɔðɛk
ɔð.ɛb,ɔð.ɛb,ɔðɛb,ɔðɛb,ɔðɛb,ɔðɛb
ɔð.ɛd,ɔð.ɛd,ɔðɛd,ɔðɛd,ɔðɛd,ɔðɛd
ɔð.ɛg,ɔð.ɛg,ɔðɛg,ɔðɛg,ɔðɛg,ɔðɛg
ɔð.ɛf,ɔð.ɛf,ɔðɛf,ɔðɛf,ɔðɛf,ɔðɛf
ɔð.ɛs,ɔð.ɛs,ɔðɛs,ɔðɛs,ɔðɛs,ɔðɛs
ɔð.ɛv,ɔð.ɛv,ɔðɛv,ɔðɛv,ɔðɛv,ɔðɛv
ɔð.ɛz,ɔð.ɛz,ɔðɛz,ɔðɛz,ɔðɛz,ɔðɛz
ɔð.ɛʃ,ɔð.ɛʃ,ɔðɛʃ,ɔðɛʃ,ɔðɛʃ,ɔðɛʃ
ɔð.ɛʒ,ɔð.ɛʒ,ɔðɛʒ,ɔðɛʒ,ɔðɛʒ,ɔðɛʒ
ɔð.ɛθ,ɔð.ɛθ,ɔðɛθ,ɔðɛθ,ɔðɛθ,ɔðɛθ
ɔð.ɛð,ɔð.ɛð,ɔðɛð,ɔðɛð,ɔðɛð,ɔðɛð
ɔð.ʊm,ɔð.ʊm,ɔðʊm,ɔðʊm,ɔðʊm,ɔðʊm
ɔð.ʊn,ɔð.ʊn,ɔðʊn,ɔðʊn,ɔðʊn,ɔðʊn
ɔð.ʊŋ,ɔð.ʊŋ,ɔðʊŋ,ɔðʊŋ,ɔðʊŋ,ɔðʊŋ
ɔð.ʊp,ɔð.ʊp,ɔðʊp,ɔðʊp,ɔðʊp,ɔðʊp
ɔð.ʊt,ɔð.ʊt,ɔðʊt,ɔðʊt,ɔðʊt,ɔðʊt
ɔð.ʊk,ɔð.ʊk,ɔðʊk,ɔðʊk,ɔðʊk,ɔðʊk
ɔð.ʊb,ɔð.ʊb,ɔðʊb,ɔðʊb,ɔðʊb,ɔðʊb
ɔð.ʊd,ɔð.ʊd,ɔðʊd,ɔðʊd,ɔðʊd,ɔðʊd
ɔð.ʊg,ɔð.ʊg,ɔðʊg,ɔðʊg,ɔðʊg,ɔðʊg
ɔð.ʊf,ɔð.ʊf,ɔðʊf,ɔðʊf,ɔðʊf,ɔðʊf
ɔð.ʊs,ɔð.ʊs,ɔðʊs,ɔðʊs,ɔðʊs,ɔðʊs
ɔð.ʊv,ɔð.ʊv,ɔðʊv,ɔðʊv,ɔðʊv,ɔðʊv
ɔð.ʊz,ɔð.ʊz,ɔðʊz,ɔðʊz,ɔðʊz,ɔðʊz
ɔð.ʊʃ,ɔð.ʊʃ,ɔðʊʃ,ɔðʊʃ,ɔðʊʃ,ɔðʊʃ
ɔð.ʊʒ,ɔð.ʊʒ,ɔðʊʒ,ɔðʊʒ,ɔðʊʒ,ɔðʊʒ
ɔð.ʊθ,ɔð.ʊθ,ɔðʊθ,ɔðʊθ,ɔðʊθ,ɔðʊθ
ɔð.ʊð,ɔð.ʊð,ɔðʊð,ɔðʊð,ɔðʊð,ɔðʊð
ɔð.ɔm,ɔð.ɔm,ɔðɔm,ɔðɔm,ɔðɔm,ɔðɔm
ɔð.ɔn,ɔð.ɔn,ɔðɔn,ɔðɔn,ɔðɔn,ɔðɔn
ɔð.ɔŋ,ɔð.ɔŋ,ɔðɔŋ,ɔðɔŋ,ɔðɔŋ,ɔðɔŋ
ɔð.ɔp,ɔð.ɔp,ɔðɔp,ɔðɔp,ɔðɔp,ɔðɔp
ɔð.ɔt,ɔð.ɔt,ɔðɔt,ɔðɔt,ɔðɔt,ɔðɔt
ɔð.ɔk,ɔð.ɔk,ɔðɔk,ɔðɔk,ɔðɔk,ɔðɔk
ɔð.ɔb,ɔð.ɔb,ɔðɔb,ɔðɔb,ɔðɔb,ɔðɔb
ɔð.ɔd,ɔð.ɔd,ɔðɔd,ɔðɔd,ɔðɔd,ɔðɔd
ɔð.ɔg,ɔð.ɔg,ɔðɔg,ɔðɔg,ɔðɔg,ɔðɔg
ɔð.ɔf,ɔð.ɔf,ɔðɔf,ɔðɔf,ɔðɔf,ɔðɔf
ɔð.ɔs,ɔð.ɔs,ɔðɔs,ɔðɔs,ɔðɔs,ɔðɔs
ɔð.ɔv,ɔð.ɔv,ɔðɔv,ɔðɔv,ɔðɔv,ɔðɔv
ɔð.ɔz,ɔð.ɔz,ɔðɔz,ɔðɔz,ɔðɔz,ɔðɔz
ɔð.ɔʃ,ɔð.ɔʃ,ɔðɔʃ,ɔðɔʃ,ɔðɔʃ,ɔðɔʃ
ɔð.ɔʒ,ɔð.ɔʒ,ɔðɔʒ,ɔðɔʒ,ɔðɔʒ,ɔðɔʒ
ɔð.ɔθ,ɔð.ɔθ,ɔðɔθ,ɔðɔθ,ɔðɔθ,ɔðɔθ
ɔð.ɔð,ɔð.ɔð,ɔðɔð,ɔðɔð,ɔðɔð,ɔðɔð
mɪm.i,mɪm.i,mɪmi,mɪmi,mɪmi,mɪmi
mɪm.e,mɪm.e,mɪme,mɪme,mɪmeɪ,mɪmeɪ
mɪm.u,mɪm.u,mɪmu,mɪmu,mɪmu,mɪmu
mɪm.o,mɪm.o,mɪmo,mɪmo,mɪmoʊ,mɪmoʊ
mɪn.i,mɪn.i,mɪni,mɪni,mɪni,mɪni
mɪn.e,mɪn.e,mɪne,mɪne,mɪneɪ,mɪneɪ
mɪn.u,mɪn.u,mɪnu,mɪnu,mɪnu,mɪnu
mɪn.o,mɪn.o,mɪno,mɪno,mɪnoʊ,mɪnoʊ
mɪŋ.i,mɪŋ.i,mɪŋi,mɪŋi,mɪŋi,mɪŋi
mɪŋ.e,mɪŋ.e,mɪŋe,mɪŋe,mɪŋeɪ,mɪŋeɪ
mɪŋ.u,mɪŋ.u,mɪŋu,mɪŋu,mɪŋu,mɪŋu
mɪŋ.o,mɪŋ.o,mɪŋo,mɪŋo,mɪŋoʊ,mɪŋoʊ
mɪp.i,mɪp.i,mɪpi,mɪpi,mɪpi,mɪpi
mɪp.e,mɪp.e,mɪpe,mɪpe,mɪpeɪ,mɪpeɪ
mɪp.u,mɪp.u,mɪpu,mɪpu,mɪpu,mɪpu
mɪp.o,mɪp.o,mɪpo,mɪpo,mɪpoʊ,mɪpoʊ
mɪt.i,mɪt.i,mɪti,mɪti,mɪti,mɪti
mɪt.e,mɪt.e,mɪte,mɪte,mɪteɪ,mɪteɪ
mɪt.u,mɪt.u,mɪtu,mɪtu,mɪtu,mɪtu
mɪt.o,mɪt.o,mɪto,mɪto,mɪtoʊ,mɪtoʊ
mɪk.i,mɪk.i,mɪki,mɪki,mɪki,mɪki
mɪk.e,mɪk.e,mɪke,mɪke,mɪkeɪ,mɪkeɪ
mɪk.u,mɪk.u,mɪku,mɪku,mɪku,mɪku
mɪk.o,mɪk.o,mɪko,mɪko,mɪkoʊ,mɪkoʊ
mɪb.i,mɪb.i,mɪbi,mɪbi,mɪbi,mɪbi
mɪb.e,mɪb.e,mɪbe,mɪbe,mɪbeɪ,mɪbeɪ
mɪb.u,mɪb.u,mɪbu,mɪbu,mɪbu,mɪbu
mɪb.o,mɪb.o,mɪbo,mɪbo,mɪboʊ,mɪboʊ
mɪd.i,mɪd.i,mɪdi,mɪdi,mɪdi,mɪdi
mɪd.e,mɪd.e,mɪde,mɪde,mɪdeɪ,mɪdeɪ
mɪd.u,mɪd.u,mɪdu,mɪdu,mɪdu,mɪdu
mɪd.o,mɪd.o,mɪdo,mɪdo,mɪdoʊ,mɪdoʊ
mɪg.i,mɪg.i,mɪgi,mɪgi,mɪgi,mɪgi
mɪg.e,mɪg.e,mɪge,mɪge,mɪgeɪ,mɪgeɪ
mɪg.u,mɪg.u,mɪgu,mɪgu,mɪgu,mɪgu
mɪg.o,mɪg.o,mɪgo,mɪgo,mɪgoʊ,mɪgoʊ
mɪf.i,mɪf.i,mɪfi,mɪfi,mɪfi,mɪfi
mɪf.e,mɪf.e,mɪfe,mɪfe,mɪfeɪ,mɪfeɪ
mɪf.u,mɪf.u,mɪfu,mɪfu,mɪfu,mɪfu
mɪf.o,mɪf.o,mɪfo,mɪfo,mɪfoʊ,mɪfoʊ
mɪs.i,mɪs.i,mɪsi,mɪsi,mɪsi,mɪsi
mɪs.e,mɪs.e,mɪse,mɪse,mɪseɪ,mɪseɪ
mɪs.u,mɪs.u,mɪsu,mɪsu,mɪsu,mɪsu
mɪs.o,mɪs.o,mɪso,mɪso,mɪsoʊ,mɪsoʊ
mɪv.i,mɪv.i,mɪvi,mɪvi,mɪvi,mɪvi
mɪv.e,mɪv.e,mɪve,mɪve,mɪveɪ,mɪveɪ
mɪv.u,mɪv.u,mɪvu,mɪvu,mɪvu,mɪvu
mɪv.o,mɪv.o,mɪvo,mɪvo,mɪvoʊ,mɪvoʊ
mɪz.i,mɪz.i,mɪzi,mɪzi,mɪzi,mɪzi
mɪz.e,mɪz.e,mɪze,mɪze,mɪzeɪ,mɪzeɪ
mɪz.u,mɪz.u,mɪzu,mɪzu,mɪzu,mɪzu
mɪz.o,mɪz.o,mɪzo,mɪzo,mɪzoʊ,mɪzoʊ
mɪʃ.i,mɪʃ.i,mɪʃi,mɪʃi,mɪʃi,mɪʃi
mɪʃ.e,mɪʃ.e,mɪʃe,mɪʃe,mɪʃeɪ,mɪʃeɪ
mɪʃ.u,mɪʃ.u,mɪʃu,mɪʃu,mɪʃu,mɪʃu
mɪʃ.o,mɪʃ.o,mɪʃo,mɪʃo,mɪʃoʊ,mɪʃoʊ
mɪʒ.i,mɪʒ.i,mɪʒi,mɪʒi,mɪʒi,mɪʒi
mɪʒ.e,mɪʒ.e,mɪʒe,mɪʒe,mɪʒeɪ,mɪʒeɪ
mɪʒ.u,mɪʒ.u,mɪʒu,mɪʒu,mɪʒu,mɪʒu
mɪʒ.o,mɪʒ.o,mɪʒo,mɪʒo,mɪʒoʊ,mɪʒoʊ
mɪθ.i,mɪθ.i,mɪθi,mɪθi,mɪθi,mɪθi
mɪθ.e,mɪθ.e,mɪθe,mɪθe,mɪθeɪ,mɪθeɪ
mɪθ.u,mɪθ.u,mɪθu,mɪθu,mɪθu,mɪθu
mɪθ.o,mɪθ.o,mɪθo,mɪθo,mɪθoʊ,mɪθoʊ
mɪð.i,mɪð.i,mɪði,mɪði,mɪði,mɪði
mɪð.e,mɪð.e,mɪðe,mɪðe,mɪðeɪ,mɪðeɪ
mɪð.u,mɪð.u,mɪðu,mɪðu,mɪðu,mɪðu
mɪð.o,mɪð.o,mɪðo,mɪðo,mɪðoʊ,mɪðoʊ
nɪm.i,nɪm.i,nɪmi,nɪmi,nɪmi,nɪmi
nɪm.e,nɪm.e,nɪme,nɪme,nɪmeɪ,nɪmeɪ
nɪm.u,nɪm.u,nɪmu,nɪmu,nɪmu,nɪmu
nɪm.o,nɪm.o,nɪmo,nɪmo,nɪmoʊ,nɪmoʊ
nɪn.i,nɪn.i,nɪni,nɪni,nɪni,nɪni
nɪn.e,nɪn.e,nɪne,nɪne,nɪneɪ,nɪneɪ
nɪn.u,nɪn.u,nɪnu,nɪnu,nɪnu,nɪnu
nɪn.o,nɪn.o,nɪno,nɪno,nɪnoʊ,nɪnoʊ
nɪŋ.i,nɪŋ.i,nɪŋi,nɪŋi,nɪŋi,nɪŋi
nɪŋ.e,nɪŋ.e,nɪŋe,nɪŋe,nɪŋeɪ,nɪŋeɪ
nɪŋ.u,nɪŋ.u,nɪŋu,nɪŋu,nɪŋu,nɪŋu
nɪŋ.o,nɪŋ.o,nɪŋo,nɪŋo,nɪŋoʊ,nɪŋoʊ
nɪp.i,nɪp.i,nɪpi,nɪpi,nɪpi,nɪpi
nɪp.e,nɪp.e,nɪpe,nɪpe,nɪpeɪ,nɪpeɪ
nɪp.u,nɪp.u,nɪpu,nɪpu,nɪpu,nɪpu
nɪp.o,nɪp.o,nɪpo,nɪpo,nɪpoʊ,nɪpoʊ
nɪt.i,nɪt.i,nɪti,nɪti,nɪti,nɪti
nɪt.e,nɪt.e,nɪte,nɪte,nɪteɪ,nɪteɪ
nɪt.u,nɪt.u,nɪtu,nɪtu,nɪtu,nɪtu
nɪt.o,nɪt.o,nɪto,nɪto,nɪtoʊ,nɪtoʊ
nɪk.i,nɪk.i,nɪki,nɪki,nɪki,nɪki
nɪk.e,nɪk.e,nɪke,nɪke,nɪkeɪ,nɪkeɪ
nɪk.u,nɪk.u,nɪku,nɪku,nɪku,nɪku
nɪk.o,nɪk.o,nɪko,nɪko,nɪkoʊ,nɪkoʊ
nɪb.i,nɪb.i,nɪbi,nɪbi,nɪbi,nɪbi
nɪb.e,nɪb.e,nɪbe,nɪbe,nɪbeɪ,nɪbeɪ
nɪb.u,nɪb.u,nɪbu,nɪbu,nɪbu,nɪbu
nɪb.o,nɪb.o,nɪbo,nɪbo,nɪboʊ,nɪboʊ
nɪd.i,nɪd.i,nɪdi,nɪdi,nɪdi,nɪdi
nɪd.e,nɪd.e,nɪde,nɪde,nɪdeɪ,nɪdeɪ
nɪd.u,nɪd.u,nɪdu,nɪdu,nɪdu,nɪdu
nɪd.o,nɪd.o,nɪdo,nɪdo,nɪdoʊ,nɪdoʊ
nɪg.i,nɪg.i,nɪgi,nɪgi,nɪgi,nɪgi
nɪg.e,nɪg.e,nɪge,nɪge,nɪgeɪ,nɪgeɪ
nɪg.u,nɪg.u,nɪgu,nɪgu,nɪgu,nɪgu
nɪg.o,nɪg.o,nɪgo,nɪgo,nɪgoʊ,nɪgoʊ
nɪf.i,nɪf.i,nɪfi,nɪfi,nɪfi,nɪfi
nɪf.e,nɪf.e,nɪfe,nɪfe,nɪfeɪ,nɪfeɪ
nɪf.u,nɪf.u,nɪfu,nɪfu,nɪfu,nɪfu
nɪf.o,nɪf.o,nɪfo,nɪfo,nɪfoʊ,nɪfoʊ
nɪs.i,nɪs.i,nɪsi,nɪsi,nɪsi,nɪsi
nɪs.e,nɪs.e,nɪse,nɪse,nɪseɪ,nɪseɪ
nɪs.u,nɪs.u,nɪsu,nɪsu,nɪsu,nɪsu
nɪs.o,nɪs.o,nɪso,nɪso,nɪsoʊ,nɪsoʊ
nɪv.i,nɪv.i,nɪvi,nɪvi,nɪvi,nɪvi
nɪv.e,nɪv.e,nɪve,nɪve,nɪveɪ,nɪveɪ
nɪv.u,nɪv.u,nɪvu,nɪvu,nɪvu,nɪvu
nɪv.o,nɪv.o,nɪvo,nɪvo,nɪvoʊ,nɪvoʊ
nɪz.i,nɪz.i,nɪzi,nɪzi,nɪzi,nɪzi
nɪz.e,nɪz.e,nɪze,nɪze,nɪzeɪ,nɪzeɪ
nɪz.u,nɪz.u,nɪzu,nɪzu,nɪzu,nɪzu
nɪz.o,nɪz.o,nɪzo,nɪzo,nɪzoʊ,nɪzoʊ
nɪʃ.i,nɪʃ.i,nɪʃi,nɪʃi,nɪʃi,nɪʃi
nɪʃ.e,nɪʃ.e,nɪʃe,nɪʃe,nɪʃeɪ,nɪʃeɪ
nɪʃ.u,nɪʃ.u,nɪʃu,nɪʃu,nɪʃu,nɪʃu
nɪʃ.o,nɪʃ.o,nɪʃo,nɪʃo,nɪʃoʊ,nɪʃoʊ
nɪʒ.i,nɪʒ.i,nɪʒi,nɪʒi,nɪʒi,nɪʒi
nɪʒ.e,nɪʒ.e,nɪʒe,nɪʒe,nɪʒeɪ,nɪʒeɪ
nɪʒ.u,nɪʒ.u,nɪʒu,nɪʒu,nɪʒu,nɪʒu
nɪʒ.o,nɪʒ.o,nɪʒo,nɪʒo,nɪʒoʊ,nɪʒoʊ
nɪθ.i,nɪθ.i,nɪθi,nɪθi,nɪθi,nɪθi
nɪθ.e,nɪθ.e,nɪθe,nɪθe,nɪθeɪ,nɪθeɪ
nɪθ.u,nɪθ.u,nɪθu,nɪθu,nɪθu,nɪθu
nɪθ.o,nɪθ.o,nɪθo,nɪθo,nɪθoʊ,nɪθoʊ
nɪð.i,nɪð.i,nɪði,nɪði,nɪði,nɪði
nɪð.e,nɪð.e,nɪðe,nɪðe,nɪðeɪ,nɪðeɪ
nɪð.u,nɪð.u,nɪðu,nɪðu,nɪðu,nɪðu
nɪð.o,nɪð.o,nɪðo,nɪðo,nɪðoʊ,nɪðoʊ
pɪm.i,pɪm.i,pɪmi,pɪmi,pɪmi,pɪmi
pɪm.e,pɪm.e,pɪme,pɪme,pɪmeɪ,pɪmeɪ
pɪm.u,pɪm.u,pɪmu,pɪmu,pɪmu,pɪmu
pɪm.o,pɪm.o,pɪmo,pɪmo,pɪmoʊ,pɪmoʊ
pɪn.i,pɪn.i,pɪni,pɪni,pɪni,pɪni
pɪn.e,pɪn.e,pɪne,pɪne,pɪneɪ,pɪneɪ
pɪn.u,pɪn.u,pɪnu,pɪnu,pɪnu,pɪnu
pɪn.o,pɪn.o,pɪno,pɪno,pɪnoʊ,pɪnoʊ
pɪŋ.i,pɪŋ.i,pɪŋi,pɪŋi,pɪŋi,pɪŋi
pɪŋ.e,pɪŋ.e,pɪŋe,pɪŋe,pɪŋeɪ,pɪŋeɪ
pɪŋ.u,pɪŋ.u,pɪŋu,pɪŋu,pɪŋu,pɪŋu
pɪŋ.o,pɪŋ.o,pɪŋo,pɪŋo,pɪŋoʊ,pɪŋoʊ
pɪp.i,pɪp.i,pɪpi,pɪpi,pɪpi,pɪpi
pɪp.e,pɪp.e,pɪpe,pɪpe,pɪpeɪ,pɪpeɪ
pɪp.u,pɪp.u,pɪpu,pɪpu,pɪpu,pɪpu
pɪp.o,pɪp.o,pɪpo,pɪpo,pɪpoʊ,pɪpoʊ
pɪt.i,pɪt.i,pɪti,pɪti,pɪti,pɪti
pɪt.e,pɪt.e,pɪte,pɪte,pɪteɪ,pɪteɪ
pɪt.u,pɪt.u,pɪtu,pɪtu,pɪtu,pɪtu
pɪt.o,pɪt.o,pɪto,pɪto,pɪtoʊ,pɪtoʊ
pɪk.i,pɪk.i,pɪki,pɪki,pɪki,pɪki
pɪk.e,pɪk.e,pɪke,pɪke,pɪkeɪ,pɪkeɪ
pɪk.u,pɪk.u,pɪku,pɪku,pɪku,pɪku
pɪk.o,pɪk.o,pɪko,pɪko,pɪkoʊ,pɪkoʊ
pɪb.i,pɪb.i,pɪbi,pɪbi,pɪbi,pɪbi
pɪb.e,pɪb.e,pɪbe,pɪbe,pɪbeɪ,pɪbeɪ
pɪb.u,pɪb.u,pɪbu,pɪbu,pɪbu,pɪbu
pɪb.o,pɪb.o,pɪbo,pɪbo,pɪboʊ,pɪboʊ
pɪd.i,pɪd.i,pɪdi,pɪdi,pɪdi,pɪdi
pɪd.e,pɪd.e,pɪde,pɪde,pɪdeɪ,pɪdeɪ
pɪd.u,pɪd.u,pɪdu,pɪdu,pɪdu,pɪdu
pɪd.o,pɪd.o,pɪdo,pɪdo,pɪdoʊ,pɪdoʊ
pɪg.i,pɪg.i,pɪgi,pɪgi,pɪgi,pɪgi
pɪg.e,pɪg.e,pɪge,pɪge,pɪgeɪ,pɪgeɪ
pɪg.u,pɪg.u,pɪgu,pɪgu,pɪgu,pɪgu
pɪg.o,pɪg.o,pɪgo,pɪgo,pɪgoʊ,pɪgoʊ
pɪf.i,pɪf.i,pɪfi,pɪfi,pɪfi,pɪfi
pɪf.e,pɪf.e,pɪfe,pɪfe,pɪfeɪ,pɪfeɪ
pɪf.u,pɪf.u,pɪfu,pɪfu,pɪfu,pɪfu
pɪf.o,pɪf.o,pɪfo,pɪfo,pɪfoʊ,pɪfoʊ
pɪs.i,pɪs.i,pɪsi,pɪsi,pɪsi,pɪsi
pɪs.e,pɪs.e,pɪse,pɪse,pɪseɪ,pɪseɪ
pɪs.u,pɪs.u,pɪsu,pɪsu,pɪsu,pɪsu
pɪs.o,pɪs.o,pɪso,pɪso,pɪsoʊ,pɪsoʊ
pɪv.i,pɪv.i,pɪvi,pɪvi,pɪvi,pɪvi
pɪv.e,pɪv.e,pɪve,pɪve,pɪveɪ,pɪveɪ
pɪv.u,pɪv.u,pɪvu,pɪvu,pɪvu,pɪvu
pɪv.o,pɪv.o,pɪvo,pɪvo,pɪvoʊ,pɪvoʊ
pɪz.i,pɪz.i,pɪzi,pɪzi,pɪzi,pɪzi
pɪz.e,pɪz.e,pɪze,pɪze,pɪzeɪ,pɪzeɪ
pɪz.u,pɪz.u,pɪzu,pɪzu,pɪzu,pɪzu
pɪz.o,pɪz.o,pɪzo,pɪzo,pɪzoʊ,pɪzoʊ
pɪʃ.i,pɪʃ.i,pɪʃi,pɪʃi,pɪʃi,pɪʃi
pɪʃ.e,pɪʃ.e,pɪʃe,pɪʃe,pɪʃeɪ,pɪʃeɪ
pɪʃ.u,pɪʃ.u,pɪʃu,pɪʃu,pɪʃu,pɪʃu
pɪʃ.o,pɪʃ.o,pɪʃo,pɪʃo,pɪʃoʊ,pɪʃoʊ
pɪʒ.i,pɪʒ.i,pɪʒi,pɪʒi,pɪʒi,pɪʒi
pɪʒ.e,pɪʒ.e,pɪʒe,pɪʒe,pɪʒeɪ,pɪʒeɪ
pɪʒ.u,pɪʒ.u,pɪʒu,pɪʒu,pɪʒu,pɪʒu
pɪʒ.o,pɪʒ.o,pɪʒo,pɪʒo,pɪʒoʊ,pɪʒoʊ
pɪθ.i,pɪθ.i,pɪθi,pɪθi,pɪθi,pɪθi
pɪθ.e,pɪθ.e,pɪθe,pɪθe,pɪθeɪ,pɪθeɪ
pɪθ.u,pɪθ.u,pɪθu,pɪθu,pɪθu,pɪθu
pɪθ.o,pɪθ.o,pɪθo,pɪθo,pɪθoʊ,pɪθoʊ
pɪð.i,pɪð.i,pɪði,pɪði,pɪði,pɪði
pɪð.e,pɪð.e,pɪðe,pɪðe,pɪðeɪ,pɪðeɪ
pɪð.u,pɪð.u,pɪðu,pɪðu,pɪðu,pɪðu
pɪð.o,pɪð.o,pɪðo,pɪðo,pɪðoʊ,pɪðoʊ
tɪm.i,tɪm.i,tɪmi,tɪmi,tɪmi,tɪmi
tɪm.e,tɪm.e,tɪme,tɪme,tɪmeɪ,tɪmeɪ
tɪm.u,tɪm.u,tɪmu,tɪmu,tɪmu,tɪmu
tɪm.o,tɪm.o,tɪmo,tɪmo,tɪmoʊ,tɪmoʊ
tɪn.i,tɪn.i,tɪni,tɪni,tɪni,tɪni
tɪn.e,tɪn.e,tɪne,tɪne,tɪneɪ,tɪneɪ
tɪn.u,tɪn.u,tɪnu,tɪnu,tɪnu,tɪnu
tɪn.o,tɪn.o,tɪno,tɪno,tɪnoʊ,tɪnoʊ
tɪŋ.i,tɪŋ.i,tɪŋi,tɪŋi,tɪŋi,tɪŋi
tɪŋ.e,tɪŋ.e,tɪŋe,tɪŋe,tɪŋeɪ,tɪŋeɪ
tɪŋ.u,tɪŋ.u,tɪŋu,tɪŋu,tɪŋu,tɪŋu
tɪŋ.o,tɪŋ.o,tɪŋo,tɪŋo,tɪŋoʊ,tɪŋoʊ
tɪp.i,tɪp.i,tɪpi,tɪpi,tɪpi,tɪpi
tɪp.e,tɪp.e,tɪpe,tɪpe,tɪpeɪ,tɪpeɪ
tɪp.u,tɪp.u,tɪpu,tɪpu,tɪpu,tɪpu
tɪp.o,tɪp.o,tɪpo,tɪpo,tɪpoʊ,tɪpoʊ
tɪt.i,tɪt.i,tɪti,tɪti,tɪti,tɪti
tɪt.e,tɪt.e,tɪte,tɪte,tɪteɪ,tɪteɪ
tɪt.u,tɪt.u,tɪtu,tɪtu,tɪtu,tɪtu
tɪt.o,tɪt.o,tɪto,tɪto,tɪtoʊ,tɪtoʊ
tɪk.i,tɪk.i,tɪki,tɪki,tɪki,tɪki
tɪk.e,tɪk.e,tɪke,tɪke,tɪkeɪ,tɪkeɪ
tɪk.u,tɪk.u,tɪku,tɪku,tɪku,tɪku
tɪk.o,tɪk.o,tɪko,tɪko,tɪkoʊ,tɪkoʊ
tɪb.i,tɪb.i,tɪbi,tɪbi,tɪbi,tɪbi
tɪb.e,tɪb.e,tɪbe,tɪbe,tɪbeɪ,tɪbeɪ
tɪb.u,tɪb.u,tɪbu,tɪbu,tɪbu,tɪbu
tɪb.o,tɪb.o,tɪbo,tɪbo,tɪboʊ,tɪboʊ
tɪd.i,tɪd.i,tɪdi,tɪdi,tɪdi,tɪdi
tɪd.e,tɪd.e,tɪde,tɪde,tɪdeɪ,tɪdeɪ
tɪd.u,tɪd.u,tɪdu,tɪdu,tɪdu,tɪdu
tɪd.o,tɪd.o,tɪdo,tɪdo,tɪdoʊ,tɪdoʊ
tɪg.i,tɪg.i,tɪgi,tɪgi,tɪgi,tɪgi
tɪg.e,tɪg.e,tɪge,tɪge,tɪgeɪ,tɪgeɪ
tɪg.u,tɪg.u,tɪgu,tɪgu,tɪgu,tɪgu
tɪg.o,tɪg.o,tɪgo,tɪgo,tɪgoʊ,tɪgoʊ
tɪf.i,tɪf.i,tɪfi,tɪfi,tɪfi,tɪfi
tɪf.e,tɪf.e,tɪfe,tɪfe,tɪfeɪ,tɪfeɪ
tɪf.u,tɪf.u,tɪfu,tɪfu,tɪfu,tɪfu
tɪf.o,tɪf.o,tɪfo,tɪfo,tɪfoʊ,tɪfoʊ
tɪs.i,tɪs.i,tɪsi,tɪsi,tɪsi,tɪsi
tɪs.e,tɪs.e,tɪse,tɪse,tɪseɪ,tɪseɪ
tɪs.u,tɪs.u,tɪsu,tɪsu,tɪsu,tɪsu
tɪs.o,tɪs.o,tɪso,tɪso,tɪsoʊ,tɪsoʊ
tɪv.i,tɪv.i,tɪvi,tɪvi,tɪvi,tɪvi
tɪv.e,tɪv.e,tɪve,tɪve,tɪveɪ,tɪveɪ
tɪv.u,tɪv.u,tɪvu,tɪvu,tɪvu,tɪvu
tɪv.o,tɪv.o,tɪvo,tɪvo,tɪvoʊ,tɪvoʊ
tɪz.i,tɪz.i,tɪzi,tɪzi,tɪzi,tɪzi
tɪz.e,tɪz.e,tɪze,tɪze,tɪzeɪ,tɪzeɪ
tɪz.u,tɪz.u,tɪzu,tɪzu,tɪzu,tɪzu
tɪz.o,tɪz.o,tɪzo,tɪzo,tɪzoʊ,tɪzoʊ
tɪʃ.i,tɪʃ.i,tɪʃi,tɪʃi,tɪʃi,tɪʃi
tɪʃ.e,tɪʃ.e,tɪʃe,tɪʃe,tɪʃeɪ,tɪʃeɪ
tɪʃ.u,tɪʃ.u,tɪʃu,tɪʃu,tɪʃu,tɪʃu
tɪʃ.o,tɪʃ.o,tɪʃo,tɪʃo,tɪʃoʊ,tɪʃoʊ
tɪʒ.i,tɪʒ.i,tɪʒi,tɪʒi,tɪʒi,tɪʒi
tɪʒ.e,tɪʒ.e,tɪʒe,tɪʒe,tɪʒeɪ,tɪʒeɪ
tɪʒ.u,tɪʒ.u,tɪʒu,tɪʒu,tɪʒu,tɪʒu
tɪʒ.o,tɪʒ.o,tɪʒo,tɪʒo,tɪʒoʊ,tɪʒoʊ
tɪθ.i,tɪθ.i,tɪθi,tɪθi,tɪθi,tɪθi
tɪθ.e,tɪθ.e,tɪθe,tɪθe,tɪθeɪ,tɪθeɪ
tɪθ.u,tɪθ.u,tɪθu,tɪθu,tɪθu,tɪθu
tɪθ.o,tɪθ.o,tɪθo,tɪθo,tɪθoʊ,tɪθoʊ
tɪð.i,tɪð.i,tɪði,tɪði,tɪði,tɪði
tɪð.e,tɪð.e,tɪðe,tɪðe,tɪðeɪ,tɪðeɪ
tɪð.u,tɪð.u,tɪðu,tɪðu,tɪðu,tɪðu
tɪð.o,tɪð.o,tɪðo,tɪðo,tɪðoʊ,tɪðoʊ
kɪm.i,kɪm.i,kɪmi,kɪmi,kɪmi,kɪmi
kɪm.e,kɪm.e,kɪme,kɪme,kɪmeɪ,kɪmeɪ
kɪm.u,kɪm.u,kɪmu,kɪmu,kɪmu,kɪmu
kɪm.o,kɪm.o,kɪmo,kɪmo,kɪmoʊ,kɪmoʊ
kɪn.i,kɪn.i,kɪni,kɪni,kɪni,kɪni
kɪn.e,kɪn.e,kɪne,kɪne,kɪneɪ,kɪneɪ
kɪn.u,kɪn.u,kɪnu,kɪnu,kɪnu,kɪnu
kɪn.o,kɪn.o,kɪno,kɪno,kɪnoʊ,kɪnoʊ
kɪŋ.i,kɪŋ.i,kɪŋi,kɪŋi,kɪŋi,kɪŋi
kɪŋ.e,kɪŋ.e,kɪŋe,kɪŋe,kɪŋeɪ,kɪŋeɪ
kɪŋ.u,kɪŋ.u,kɪŋu,kɪŋu,kɪŋu,kɪŋu
kɪŋ.o,kɪŋ.o,kɪŋo,kɪŋo,kɪŋoʊ,kɪŋoʊ
kɪp.i,kɪp.i,kɪpi,kɪpi,kɪpi,kɪpi
kɪp.e,kɪp.e,kɪpe,kɪpe,kɪpeɪ,kɪpeɪ
kɪp.u,kɪp.u,kɪpu,kɪpu,kɪpu,kɪpu
kɪp.o,kɪp.o,kɪpo,kɪpo,kɪpoʊ,kɪpoʊ
kɪt.i,kɪt.i,kɪti,kɪti,kɪti,kɪti
kɪt.e,kɪt.e,kɪte,kɪte,kɪteɪ,kɪteɪ
kɪt.u,kɪt.u,kɪtu,kɪtu,kɪtu,kɪtu
kɪt.o,kɪt.o,kɪto,kɪto,kɪtoʊ,kɪtoʊ
kɪk.i,kɪk.i,kɪki,kɪki,kɪki,kɪki
kɪk.e,kɪk.e,kɪke,kɪke,kɪkeɪ,kɪkeɪ
kɪk.u,kɪk.u,kɪku,kɪku,kɪku,kɪku
kɪk.o,kɪk.o,kɪko,kɪko,kɪkoʊ,kɪkoʊ
kɪb.i,kɪb.i,kɪbi,kɪbi,kɪbi,kɪbi
kɪb.e,kɪb.e,kɪbe,kɪbe,kɪbeɪ,kɪbeɪ
kɪb.u,kɪb.u,kɪbu,kɪbu,kɪbu,kɪbu
kɪb.o,kɪb.o,kɪbo,kɪbo,kɪboʊ,kɪboʊ
kɪd.i,kɪd.i,kɪdi,kɪdi,kɪdi,kɪdi
kɪd.e,kɪd.e,kɪde,kɪde,kɪdeɪ,kɪdeɪ
kɪd.u,kɪd.u,kɪdu,kɪdu,kɪdu,kɪdu
kɪd.o,kɪd.o,kɪdo,kɪdo,kɪdoʊ,kɪdoʊ
kɪg.i,kɪg.i,kɪgi,kɪgi,kɪgi,kɪgi
kɪg.e,kɪg.e,kɪge,kɪge,kɪgeɪ,kɪgeɪ
kɪg.u,kɪg.u,kɪgu,kɪgu,kɪgu,kɪgu
kɪg.o,kɪg.o,kɪgo,kɪgo,kɪgoʊ,kɪgoʊ
kɪf.i,kɪf.i,kɪfi,kɪfi,kɪfi,kɪfi
kɪf.e,kɪf.e,kɪfe,kɪfe,kɪfeɪ,kɪfeɪ
kɪf.u,kɪf.u,kɪfu,kɪfu,kɪfu,kɪfu
kɪf.o,kɪf.o,kɪfo,kɪfo,kɪfoʊ,kɪfoʊ
kɪs.i,kɪs.i,kɪsi,kɪsi,kɪsi,kɪsi
kɪs.e,kɪs.e,kɪse,kɪse,kɪseɪ,kɪseɪ
kɪs.u,kɪs.u,kɪsu,kɪsu,kɪsu,kɪsu
kɪs.o,kɪs.o,kɪso,kɪso,kɪsoʊ,kɪsoʊ
kɪv.i,kɪv.i,kɪvi,kɪvi,kɪvi,kɪvi
kɪv.e,kɪv.e,kɪve,kɪve,kɪveɪ,kɪveɪ
kɪv.u,kɪv.u,kɪvu,kɪvu,kɪvu,kɪvu
kɪv.o,kɪv.o,kɪvo,kɪvo,kɪvoʊ,kɪvoʊ
kɪz.i,kɪz.i,kɪzi,kɪzi,kɪzi,kɪzi
kɪz.e,kɪz.e,kɪze,kɪze,kɪzeɪ,kɪzeɪ
kɪz.u,kɪz.u,kɪzu,kɪzu,kɪzu,kɪzu
kɪz.o,kɪz.o,kɪzo,kɪzo,kɪzoʊ,kɪzoʊ
kɪʃ.i,kɪʃ.i,kɪʃi,kɪʃi,kɪʃi,kɪʃi
kɪʃ.e,kɪʃ.e,kɪʃe,kɪʃe,kɪʃeɪ,kɪʃeɪ
kɪʃ.u,kɪʃ.u,kɪʃu,kɪʃu,kɪʃu,kɪʃu
kɪʃ.o,kɪʃ.o,kɪʃo,kɪʃo,kɪʃoʊ,kɪʃoʊ
kɪʒ.i,kɪʒ.i,kɪʒi,kɪʒi,kɪʒi,kɪʒi
kɪʒ.e,kɪʒ.e,kɪʒe,kɪʒe,kɪʒeɪ,kɪʒeɪ
kɪʒ.u,kɪʒ.u,kɪʒu,kɪʒu,kɪʒu,kɪʒu
kɪʒ.o,kɪʒ.o,kɪʒo,kɪʒo,kɪʒoʊ,kɪʒoʊ
kɪθ.i,kɪθ.i,kɪθi,kɪθi,kɪθi,kɪθi
kɪθ.e,kɪθ.e,kɪθe,kɪθe,kɪθeɪ,kɪθeɪ
kɪθ.u,kɪθ.u,kɪθu,kɪθu,kɪθu,kɪθu
kɪθ.o,kɪθ.o,kɪθo,kɪθo,kɪθoʊ,kɪθoʊ
kɪð.i,kɪð.i,kɪði,kɪði,kɪði,kɪði
kɪð.e,kɪð.e,kɪðe,kɪðe,kɪðeɪ,kɪðeɪ
kɪð.u,kɪð.u,kɪðu,kɪðu,kɪðu,kɪðu
kɪð.o,kɪð.o,kɪðo,kɪðo,kɪðoʊ,kɪðoʊ
bɪm.i,bɪm.i,bɪmi,bɪmi,bɪmi,bɪmi
bɪm.e,bɪm.e,bɪme,bɪme,bɪmeɪ,bɪmeɪ
bɪm.u,bɪm.u,bɪmu,bɪmu,bɪmu,bɪmu
bɪm.o,bɪm.o,bɪmo,bɪmo,bɪmoʊ,bɪmoʊ
bɪn.i,bɪn.i,bɪni,bɪni,bɪni,bɪni
bɪn.e,bɪn.e,bɪne,bɪne,bɪneɪ,bɪneɪ
bɪn.u,bɪn.u,bɪnu,bɪnu,bɪnu,bɪnu
bɪn.o,bɪn.o,bɪno,bɪno,bɪnoʊ,bɪnoʊ
bɪŋ.i,bɪŋ.i,bɪŋi,bɪŋi,bɪŋi,bɪŋi
bɪŋ.e,bɪŋ.e,bɪŋe,bɪŋe,bɪŋeɪ,bɪŋeɪ
bɪŋ.u,bɪŋ.u,bɪŋu,bɪŋu,bɪŋu,bɪŋu
bɪŋ.o,bɪŋ.o,bɪŋo,bɪŋo,bɪŋoʊ,bɪŋoʊ
bɪp.i,bɪp.i,bɪpi,bɪpi,bɪpi,bɪpi
bɪp.e,bɪp.e,bɪpe,bɪpe,bɪpeɪ,bɪpeɪ
bɪp.u,bɪp.u,bɪpu,bɪpu,bɪpu,bɪpu
bɪp.o,bɪp.o,bɪpo,bɪpo,bɪpoʊ,bɪpoʊ
bɪt.i,bɪt.i,bɪti,bɪti,bɪti,bɪti
bɪt.e,bɪt.e,bɪte,bɪte,bɪteɪ,bɪteɪ
bɪt.u,bɪt.u,bɪtu,bɪtu,bɪtu,bɪtu
bɪt.o,bɪt.o,bɪto,bɪto,bɪtoʊ,bɪtoʊ
bɪk.i,bɪk.i,bɪki,bɪki,bɪki,bɪki
bɪk.e,bɪk.e,bɪke,bɪke,bɪkeɪ,bɪkeɪ
bɪk.u,bɪk.u,bɪku,bɪku,bɪku,bɪku
bɪk.o,bɪk.o,bɪko,bɪko,bɪkoʊ,bɪkoʊ
bɪb.i,bɪb.i,bɪbi,bɪbi,bɪbi,bɪbi
bɪb.e,bɪb.e,bɪbe,bɪbe,bɪbeɪ,bɪbeɪ
bɪb.u,bɪb.u,bɪbu,bɪbu,bɪbu,bɪbu
bɪb.o,bɪb.o,bɪbo,bɪbo,bɪboʊ,bɪboʊ
bɪd.i,bɪd.i,bɪdi,bɪdi,bɪdi,bɪdi
bɪd.e,bɪd.e,bɪde,bɪde,bɪdeɪ,bɪdeɪ
bɪd.u,bɪd.u,bɪdu,bɪdu,bɪdu,bɪdu
bɪd.o,bɪd.o,bɪdo,bɪdo,bɪdoʊ,bɪdoʊ
bɪg.i,bɪg.i,bɪgi,bɪgi,bɪgi,bɪgi
bɪg.e,bɪg.e,bɪge,bɪge,bɪgeɪ,bɪgeɪ
bɪg.u,bɪg.u,bɪgu,bɪgu,bɪgu,bɪgu
bɪg.o,bɪg.o,bɪgo,bɪgo,bɪgoʊ,bɪgoʊ
bɪf.i,bɪf.i,bɪfi,bɪfi,bɪfi,bɪfi
bɪf.e,bɪf.e,bɪfe,bɪfe,bɪfeɪ,bɪfeɪ
bɪf.u,bɪf.u,bɪfu,bɪfu,bɪfu,bɪfu
bɪf.o,bɪf.o,bɪfo,bɪfo,bɪfoʊ,bɪfoʊ
bɪs.i,bɪs.i,bɪsi,bɪsi,bɪsi,bɪsi
bɪs.e,bɪs.e,bɪse,bɪse,bɪseɪ,bɪseɪ
bɪs.u,bɪs.u,bɪsu,bɪsu,bɪsu,bɪsu
bɪs.o,bɪs.o,bɪso,bɪso,bɪsoʊ,bɪsoʊ
bɪv.i,bɪv.i,bɪvi,bɪvi,bɪvi,bɪvi
bɪv.e,bɪv.e,bɪve,bɪve,bɪveɪ,bɪveɪ
bɪv.u,bɪv.u,bɪvu,bɪvu,bɪvu,bɪvu
bɪv.o,bɪv.o,bɪvo,bɪvo,bɪvoʊ,bɪvoʊ
bɪz.i,bɪz.i,bɪzi,bɪzi,bɪzi,bɪzi
bɪz.e,bɪz.e,bɪze,bɪze,bɪzeɪ,bɪzeɪ
bɪz.u,bɪz.u,bɪzu,bɪzu,bɪzu,bɪzu
bɪz.o,bɪz.o,bɪzo,bɪzo,bɪzoʊ,bɪzoʊ
bɪʃ.i,bɪʃ.i,bɪʃi,bɪʃi,bɪʃi,bɪʃi
bɪʃ.e,bɪʃ.e,bɪʃe,bɪʃe,bɪʃeɪ,bɪʃeɪ
bɪʃ.u,bɪʃ.u,bɪʃu,bɪʃu,bɪʃu,bɪʃu
bɪʃ.o,bɪʃ.o,bɪʃo,bɪʃo,bɪʃoʊ,bɪʃoʊ
bɪʒ.i,bɪʒ.i,bɪʒi,bɪʒi,bɪʒi,bɪʒi
bɪʒ.e,bɪʒ.e,bɪʒe,bɪʒe,bɪʒeɪ,bɪʒeɪ
bɪʒ.u,bɪʒ.u,bɪʒu,bɪʒu,bɪʒu,bɪʒu
bɪʒ.o,bɪʒ.o,bɪʒo,bɪʒo,bɪʒoʊ,bɪʒoʊ
bɪθ.i,bɪθ.i,bɪθi,bɪθi,bɪθi,bɪθi
bɪθ.e,bɪθ.e,bɪθe,bɪθe,bɪθeɪ,bɪθeɪ
bɪθ.u,bɪθ.u,bɪθu,bɪθu,bɪθu,bɪθu
bɪθ.o,bɪθ.o,bɪθo,bɪθo,bɪθoʊ,bɪθoʊ
bɪð.i,bɪð.i,bɪði,bɪði,bɪði,bɪði
bɪð.e,bɪð.e,bɪðe,bɪðe,bɪðeɪ,bɪðeɪ
bɪð.u,bɪð.u,bɪðu,bɪðu,bɪðu,bɪðu
bɪð.o,bɪð.o,bɪðo,bɪðo,bɪðoʊ,bɪðoʊ
dɪm.i,dɪm.i,dɪmi,dɪmi,dɪmi,dɪmi
dɪm.e,dɪm.e,dɪme,dɪme,dɪmeɪ,dɪmeɪ
dɪm.u,dɪm.u,dɪmu,dɪmu,dɪmu,dɪmu
dɪm.o,dɪm.o,dɪmo,dɪmo,dɪmoʊ,dɪmoʊ
dɪn.i,dɪn.i,dɪni,dɪni,dɪni,dɪni
dɪn.e,dɪn.e,dɪne,dɪne,dɪneɪ,dɪneɪ
dɪn.u,dɪn.u,dɪnu,dɪnu,dɪnu,dɪnu
dɪn.o,dɪn.o,dɪno,dɪno,dɪnoʊ,dɪnoʊ
dɪŋ.i,dɪŋ.i,dɪŋi,dɪŋi,dɪŋi,dɪŋi
dɪŋ.e,dɪŋ.e,dɪŋe,dɪŋe,dɪŋeɪ,dɪŋeɪ
dɪŋ.u,dɪŋ.u,dɪŋu,dɪŋu,dɪŋu,dɪŋu
dɪŋ.o,dɪŋ.o,dɪŋo,dɪŋo,dɪŋoʊ,dɪŋoʊ
dɪp.i,dɪp.i,dɪpi,dɪpi,dɪpi,dɪpi
dɪp.e,dɪp.e,dɪpe,dɪpe,dɪpeɪ,dɪpeɪ
dɪp.u,dɪp.u,dɪpu,dɪpu,dɪpu,dɪpu
dɪp.o,dɪp.o,dɪpo,dɪpo,dɪpoʊ,dɪpoʊ
dɪt.i,dɪt.i,dɪti,dɪti,dɪti,dɪti
dɪt.e,dɪt.e,dɪte,dɪte,dɪteɪ,dɪteɪ
dɪt.u,dɪt.u,dɪtu,dɪtu,dɪtu,dɪtu
dɪt.o,dɪt.o,dɪto,dɪto,dɪtoʊ,dɪtoʊ
dɪk.i,dɪk.i,dɪki,dɪki,dɪki,dɪki
dɪk.e,dɪk.e,dɪke,dɪke,dɪkeɪ,dɪkeɪ
dɪk.u,dɪk.u,dɪku,dɪku,dɪku,dɪku
dɪk.o,dɪk.o,dɪko,dɪko,dɪkoʊ,dɪkoʊ
dɪb.i,dɪb.i,dɪbi,dɪbi,dɪbi,dɪbi
dɪb.e,dɪb.e,dɪbe,dɪbe,dɪbeɪ,dɪbeɪ
dɪb.u,dɪb.u,dɪbu,dɪbu,dɪbu,dɪbu
dɪb.o,dɪb.o,dɪbo,dɪbo,dɪboʊ,dɪboʊ
dɪd.i,dɪd.i,dɪdi,dɪdi,dɪdi,dɪdi
dɪd.e,dɪd.e,dɪde,dɪde,dɪdeɪ,dɪdeɪ
dɪd.u,dɪd.u,dɪdu,dɪdu,dɪdu,dɪdu
dɪd.o,dɪd.o,dɪdo,dɪdo,dɪdoʊ,dɪdoʊ
dɪg.i,dɪg.i,dɪgi,dɪgi,dɪgi,dɪgi
dɪg.e,dɪg.e,dɪge,dɪge,dɪgeɪ,dɪgeɪ
dɪg.u,dɪg.u,dɪgu,dɪgu,dɪgu,dɪgu
dɪg.o,dɪg.o,dɪgo,dɪgo,dɪgoʊ,dɪgoʊ
dɪf.i,dɪf.i,dɪfi,dɪfi,dɪfi,dɪfi
dɪf.e,dɪf.e,dɪfe,dɪfe,dɪfeɪ,dɪfeɪ
dɪf.u,dɪf.u,dɪfu,dɪfu,dɪfu,dɪfu
dɪf.o,dɪf.o,dɪfo,dɪfo,dɪfoʊ,dɪfoʊ
dɪs.i,dɪs.i,dɪsi,dɪsi,dɪsi,dɪsi
dɪs.e,dɪs.e,dɪse,dɪse,dɪseɪ,dɪseɪ
dɪs.u,dɪs.u,dɪsu,dɪsu,dɪsu,dɪsu
dɪs.o,dɪs.o,dɪso,dɪso,dɪsoʊ,dɪsoʊ
dɪv.i,dɪv.i,dɪvi,dɪvi,dɪvi,dɪvi
dɪv.e,dɪv.e,dɪve,dɪve,dɪveɪ,dɪveɪ
dɪv.u,dɪv.u,dɪvu,dɪvu,dɪvu,dɪvu
dɪv.o,dɪv.o,dɪvo,dɪvo,dɪvoʊ,dɪvoʊ
dɪz.i,dɪz.i,dɪzi,dɪzi,dɪzi,dɪzi
dɪz.e,dɪz.e,dɪze,dɪze,dɪzeɪ,dɪzeɪ
dɪz.u,dɪz.u,dɪzu,dɪzu,dɪzu,dɪzu
dɪz.o,dɪz.o,dɪzo,dɪzo,dɪzoʊ,dɪzoʊ
dɪʃ.i,dɪʃ.i,dɪʃi,dɪʃi,dɪʃi,dɪʃi
dɪʃ.e,dɪʃ.e,dɪʃe,dɪʃe,dɪʃeɪ,dɪʃeɪ
dɪʃ.u,dɪʃ.u,dɪʃu,dɪʃu,dɪʃu,dɪʃu
dɪʃ.o,dɪʃ.o,dɪʃo,dɪʃo,dɪʃoʊ,dɪʃoʊ
dɪʒ.i,dɪʒ.i,dɪʒi,dɪʒi,dɪʒi,dɪʒi
dɪʒ.e,dɪʒ.e,dɪʒe,dɪʒe,dɪʒeɪ,dɪʒeɪ
dɪʒ.u,dɪʒ.u,dɪʒu,dɪʒu,dɪʒu,dɪʒu
dɪʒ.o,dɪʒ.o,dɪʒo,dɪʒo,dɪʒoʊ,dɪʒoʊ
dɪθ.i,dɪθ.i,dɪθi,dɪθi,dɪθi,dɪθi
dɪθ.e,dɪθ.e,dɪθe,dɪθe,dɪθeɪ,dɪθeɪ
dɪθ.u,dɪθ.u,dɪθu,dɪθu,dɪθu,dɪθu
dɪθ.o,dɪθ.o,dɪθo,dɪθo,dɪθoʊ,dɪθoʊ
dɪð.i,dɪð.i,dɪði,dɪði,dɪði,dɪði
dɪð.e,dɪð.e,dɪðe,dɪðe,dɪðeɪ,dɪðeɪ
dɪð.u,dɪð.u,dɪðu,dɪðu,dɪðu,dɪðu
dɪð.o,dɪð.o,dɪðo,dɪðo,dɪðoʊ,dɪðoʊ
gɪm.i,gɪm.i,gɪmi,gɪmi,gɪmi,gɪmi
gɪm.e,gɪm.e,gɪme,gɪme,gɪmeɪ,gɪmeɪ
gɪm.u,gɪm.u,gɪmu,gɪmu,gɪmu,gɪmu
gɪm.o,gɪm.o,gɪmo,gɪmo,gɪmoʊ,gɪmoʊ
gɪn.i,gɪn.i,gɪni,gɪni,gɪni,gɪni
gɪn.e,gɪn.e,gɪne,gɪne,gɪneɪ,gɪneɪ
gɪn.u,gɪn.u,gɪnu,gɪnu,gɪnu,gɪnu
gɪn.o,gɪn.o,gɪno,gɪno,gɪnoʊ,gɪnoʊ
gɪŋ.i,gɪŋ.i,gɪŋi,gɪŋi,gɪŋi,gɪŋi
gɪŋ.e,gɪŋ.e,gɪŋe,gɪŋe,gɪŋeɪ,gɪŋeɪ
gɪŋ.u,gɪŋ.u,gɪŋu,gɪŋu,gɪŋu,gɪŋu
gɪŋ.o,gɪŋ.o,gɪŋo,gɪŋo,gɪŋoʊ,gɪŋoʊ
gɪp.i,gɪp.i,gɪpi,gɪpi,gɪpi,gɪpi
gɪp.e,gɪp.e,gɪpe,gɪpe,gɪpeɪ,gɪpeɪ
gɪp.u,gɪp.u,gɪpu,gɪpu,gɪpu,gɪpu
gɪp.o,gɪp.o,gɪpo,gɪpo,gɪpoʊ,gɪpoʊ
gɪt.i,gɪt.i,gɪti,gɪti,gɪti,gɪti
gɪt.e,gɪt.e,gɪte,gɪte,gɪteɪ,gɪteɪ
gɪt.u,gɪt.u,gɪtu,gɪtu,gɪtu,gɪtu
gɪt.o,gɪt.o,gɪto,gɪto,gɪtoʊ,gɪtoʊ
gɪk.i,gɪk.i,gɪki,gɪki,gɪki,gɪki
gɪk.e,gɪk.e,gɪke,gɪke,gɪkeɪ,gɪkeɪ
gɪk.u,gɪk.u,gɪku,gɪku,gɪku,gɪku
gɪk.o,gɪk.o,gɪko,gɪko,gɪkoʊ,gɪkoʊ
gɪb.i,gɪb.i,gɪbi,gɪbi,gɪbi,gɪbi
gɪb.e,gɪb.e,gɪbe,gɪbe,gɪbeɪ,gɪbeɪ
gɪb.u,gɪb.u,gɪbu,gɪbu,gɪbu,gɪbu
gɪb.o,gɪb.o,gɪbo,gɪbo,gɪboʊ,gɪboʊ
gɪd.i,gɪd.i,gɪdi,gɪdi,gɪdi,gɪdi
gɪd.e,gɪd.e,gɪde,gɪde,gɪdeɪ,gɪdeɪ
gɪd.u,gɪd.u,gɪdu,gɪdu,gɪdu,gɪdu
gɪd.o,gɪd.o,gɪdo,gɪdo,gɪdoʊ,gɪdoʊ
gɪg.i,gɪg.i,gɪgi,gɪgi,gɪgi,gɪgi
gɪg.e,gɪg.e,gɪge,gɪge,gɪgeɪ,gɪgeɪ
gɪg.u,gɪg.u,gɪgu,gɪgu,gɪgu,gɪgu
gɪg.o,gɪg.o,gɪgo,gɪgo,gɪgoʊ,gɪgoʊ
gɪf.i,gɪf.i,gɪfi,gɪfi,gɪfi,gɪfi
gɪf.e,gɪf.e,gɪfe,gɪfe,gɪfeɪ,gɪfeɪ
gɪf.u,gɪf.u,gɪfu,gɪfu,gɪfu,gɪfu
gɪf.o,gɪf.o,gɪfo,gɪfo,gɪfoʊ,gɪfoʊ
gɪs.i,gɪs.i,gɪsi,gɪsi,gɪsi,gɪsi
gɪs.e,gɪs.e,gɪse,gɪse,gɪseɪ,gɪseɪ
gɪs.u,gɪs.u,gɪsu,gɪsu,gɪsu,gɪsu
gɪs.o,gɪs.o,gɪso,gɪso,gɪsoʊ,gɪsoʊ
gɪv.i,gɪv.i,gɪvi,gɪvi,gɪvi,gɪvi
gɪv.e,gɪv.e,gɪve,gɪve,gɪveɪ,gɪveɪ
gɪv.u,gɪv.u,gɪvu,gɪvu,gɪvu,gɪvu
gɪv.o,gɪv.o,gɪvo,gɪvo,gɪvoʊ,gɪvoʊ
gɪz.i,gɪz.i,gɪzi,gɪzi,gɪzi,gɪzi
gɪz.e,gɪz.e,gɪze,gɪze,gɪzeɪ,gɪzeɪ
gɪz.u,gɪz.u,gɪzu,gɪzu,gɪzu,gɪzu
gɪz.o,gɪz.o,gɪzo,gɪzo,gɪzoʊ,gɪzoʊ
gɪʃ.i,gɪʃ.i,gɪʃi,gɪʃi,gɪʃi,gɪʃi
gɪʃ.e,gɪʃ.e,gɪʃe,gɪʃe,gɪʃeɪ,gɪʃeɪ
gɪʃ.u,gɪʃ.u,gɪʃu,gɪʃu,gɪʃu,gɪʃu
gɪʃ.o,gɪʃ.o,gɪʃo,gɪʃo,gɪʃoʊ,gɪʃoʊ
gɪʒ.i,gɪʒ.i,gɪʒi,gɪʒi,gɪʒi,gɪʒi
gɪʒ.e,gɪʒ.e,gɪʒe,gɪʒe,gɪʒeɪ,gɪʒeɪ
gɪʒ.u,gɪʒ.u,gɪʒu,gɪʒu,gɪʒu,gɪʒu
gɪʒ.o,gɪʒ.o,gɪʒo,gɪʒo,gɪʒoʊ,gɪʒoʊ
gɪθ.i,gɪθ.i,gɪθi,gɪθi,gɪθi,gɪθi
gɪθ.e,gɪθ.e,gɪθe,gɪθe,gɪθeɪ,gɪθeɪ
gɪθ.u,gɪθ.u,gɪθu,gɪθu,gɪθu,gɪθu
gɪθ.o,gɪθ.o,gɪθo,gɪθo,gɪθoʊ,gɪθoʊ
gɪð.i,gɪð.i,gɪði,gɪði,gɪði,gɪði
gɪð.e,gɪð.e,gɪðe,gɪðe,gɪðeɪ,gɪðeɪ
gɪð.u,gɪð.u,gɪðu,gɪðu,gɪðu,gɪðu
gɪð.o,gɪð.o,gɪðo,gɪðo,gɪðoʊ,gɪðoʊ
fɪm.i,fɪm.i,fɪmi,fɪmi,fɪmi,fɪmi
fɪm.e,fɪm.e,fɪme,fɪme,fɪmeɪ,fɪmeɪ
fɪm.u,fɪm.u,fɪmu,fɪmu,fɪmu,fɪmu
fɪm.o,fɪm.o,fɪmo,fɪmo,fɪmoʊ,fɪmoʊ
fɪn.i,fɪn.i,fɪni,fɪni,fɪni,fɪni
fɪn.e,fɪn.e,fɪne,fɪne,fɪneɪ,fɪneɪ
fɪn.u,fɪn.u,fɪnu,fɪnu,fɪnu,fɪnu
fɪn.o,fɪn.o,fɪno,fɪno,fɪnoʊ,fɪnoʊ
fɪŋ.i,fɪŋ.i,fɪŋi,fɪŋi,fɪŋi,fɪŋi
fɪŋ.e,fɪŋ.e,fɪŋe,fɪŋe,fɪŋeɪ,fɪŋeɪ
fɪŋ.u,fɪŋ.u,fɪŋu,fɪŋu,fɪŋu,fɪŋu
fɪŋ.o,fɪŋ.o,fɪŋo,fɪŋo,fɪŋoʊ,fɪŋoʊ
fɪp.i,fɪp.i,fɪpi,fɪpi,fɪpi,fɪpi
fɪp.e,fɪp.e,fɪpe,fɪpe,fɪpeɪ,fɪpeɪ
fɪp.u,fɪp.u,fɪpu,fɪpu,fɪpu,fɪpu
fɪp.o,fɪp.o,fɪpo,fɪpo,fɪpoʊ,fɪpoʊ
fɪt.i,fɪt.i,fɪti,fɪti,fɪti,fɪti
fɪt.e,fɪt.e,fɪte,fɪte,fɪteɪ,fɪteɪ
fɪt.u,fɪt.u,fɪtu,fɪtu,fɪtu,fɪtu
fɪt.o,fɪt.o,fɪto,fɪto,fɪtoʊ,fɪtoʊ
fɪk.i,fɪk.i,fɪki,fɪki,fɪki,fɪki
fɪk.e,fɪk.e,fɪke,fɪke,fɪkeɪ,fɪkeɪ
fɪk.u,fɪk.u,fɪku,fɪku,fɪku,fɪku
fɪk.o,fɪk.o,fɪko,fɪko,fɪkoʊ,fɪkoʊ
fɪb.i,fɪb.i,fɪbi,fɪbi,fɪbi,fɪbi
fɪb.e,fɪb.e,fɪbe,fɪbe,fɪbeɪ,fɪbeɪ
fɪb.u,fɪb.u,fɪbu,fɪbu,fɪbu,fɪbu
fɪb.o,fɪb.o,fɪbo,fɪbo,fɪboʊ,fɪboʊ
fɪd.i,fɪd.i,fɪdi,fɪdi,fɪdi,fɪdi
fɪd.e,fɪd.e,fɪde,fɪde,fɪdeɪ,fɪdeɪ
fɪd.u,fɪd.u,fɪdu,fɪdu,fɪdu,fɪdu
fɪd.o,fɪd.o,fɪdo,fɪdo,fɪdoʊ,fɪdoʊ
fɪg.i,fɪg.i,fɪgi,fɪgi,fɪgi,fɪgi
fɪg.e,fɪg.e,fɪge,fɪge,fɪgeɪ,fɪgeɪ
fɪg.u,fɪg.u,fɪgu,fɪgu,fɪgu,fɪgu
fɪg.o,fɪg.o,fɪgo,fɪgo,fɪgoʊ,fɪgoʊ
fɪf.i,fɪf.i,fɪfi,fɪfi,fɪfi,fɪfi
fɪf.e,fɪf.e,fɪfe,fɪfe,fɪfeɪ,fɪfeɪ
fɪf.u,fɪf.u,fɪfu,fɪfu,fɪfu,fɪfu
fɪf.o,fɪf.o,fɪfo,fɪfo,fɪfoʊ,fɪfoʊ
fɪs.i,fɪs.i,fɪsi,fɪsi,fɪsi,fɪsi
fɪs.e,fɪs.e,fɪse,fɪse,fɪseɪ,fɪseɪ
fɪs.u,fɪs.u,fɪsu,fɪsu,fɪsu,fɪsu
fɪs.o,fɪs.o,fɪso,fɪso,fɪsoʊ,fɪsoʊ
fɪv.i,fɪv.i,fɪvi,fɪvi,fɪvi,fɪvi
fɪv.e,fɪv.e,fɪve,fɪve,fɪveɪ,fɪveɪ
fɪv.u,fɪv.u,fɪvu,fɪvu,fɪvu,fɪvu
fɪv.o,fɪv.o,fɪvo,fɪvo,fɪvoʊ,fɪvoʊ
fɪz.i,fɪz.i,fɪzi,fɪzi,fɪzi,fɪzi
fɪz.e,fɪz.e,fɪze,fɪze,fɪzeɪ,fɪzeɪ
fɪz.u,fɪz.u,fɪzu,fɪzu,fɪzu,fɪzu
fɪz.o,fɪz.o,fɪzo,fɪzo,fɪzoʊ,fɪzoʊ
fɪʃ.i,fɪʃ.i,fɪʃi,fɪʃi,fɪʃi,fɪʃi
fɪʃ.e,fɪʃ.e,fɪʃe,fɪʃe,fɪʃeɪ,fɪʃeɪ
fɪʃ.u,fɪʃ.u,fɪʃu,fɪʃu,fɪʃu,fɪʃu
fɪʃ.o,fɪʃ.o,fɪʃo,fɪʃo,fɪʃoʊ,fɪʃoʊ
fɪʒ.i,fɪʒ.i,fɪʒi,fɪʒi,fɪʒi,fɪʒi
fɪʒ.e,fɪʒ.e,fɪʒe,fɪʒe,fɪʒeɪ,fɪʒeɪ
fɪʒ.u,fɪʒ.u,fɪʒu,fɪʒu,fɪʒu,fɪʒu
fɪʒ.o,fɪʒ.o,fɪʒo,fɪʒo,fɪʒoʊ,fɪʒoʊ
fɪθ.i,fɪθ.i,fɪθi,fɪθi,fɪθi,fɪθi
fɪθ.e,fɪθ.e,fɪθe,fɪθe,fɪθeɪ,fɪθeɪ
fɪθ.u,fɪθ.u,fɪθu,fɪθu,fɪθu,fɪθu
fɪθ.o,fɪθ.o,fɪθo,fɪθo,fɪθoʊ,fɪθoʊ
fɪð.i,fɪð.i,fɪði,fɪði,fɪði,fɪði
fɪð.e,fɪð.e,fɪðe,fɪðe,fɪðeɪ,fɪðeɪ
fɪð.u,fɪð.u,fɪðu,fɪðu,fɪðu,fɪðu
fɪð.o,fɪð.o,fɪðo,fɪðo,fɪðoʊ,fɪðoʊ
sɪm.i,sɪm.i,sɪmi,sɪmi,sɪmi,sɪmi
sɪm.e,sɪm.e,sɪme,sɪme,sɪmeɪ,sɪmeɪ
sɪm.u,sɪm.u,sɪmu,sɪmu,sɪmu,sɪmu
sɪm.o,sɪm.o,sɪmo,sɪmo,sɪmoʊ,sɪmoʊ
sɪn.i,sɪn.i,sɪni,sɪni,sɪni,sɪni
sɪn.e,sɪn.e,sɪne,sɪne,sɪneɪ,sɪneɪ
sɪn.u,sɪn.u,sɪnu,sɪnu,sɪnu,sɪnu
sɪn.o,sɪn.o,sɪno,sɪno,sɪnoʊ,sɪnoʊ
sɪŋ.i,sɪŋ.i,sɪŋi,sɪŋi,sɪŋi,sɪŋi
sɪŋ.e,sɪŋ.e,sɪŋe,sɪŋe,sɪŋeɪ,sɪŋeɪ
sɪŋ.u,sɪŋ.u,sɪŋu,sɪŋu,sɪŋu,sɪŋu
sɪŋ.o,sɪŋ.o,sɪŋo,sɪŋo,sɪŋoʊ,sɪŋoʊ
sɪp.i,sɪp.i,sɪpi,sɪpi,sɪpi,sɪpi
sɪp.e,sɪp.e,sɪpe,sɪpe,sɪpeɪ,sɪpeɪ
sɪp.u,sɪp.u,sɪpu,sɪpu,sɪpu,sɪpu
sɪp.o,sɪp.o,sɪpo,sɪpo,sɪpoʊ,sɪpoʊ
sɪt.i,sɪt.i,sɪti,sɪti,sɪti,sɪti
sɪt.e,sɪt.e,sɪte,sɪte,sɪteɪ,sɪteɪ
sɪt.u,sɪt.u,sɪtu,sɪtu,sɪtu,sɪtu
sɪt.o,sɪt.o,sɪto,sɪto,sɪtoʊ,sɪtoʊ
sɪk.i,sɪk.i,sɪki,sɪki,sɪki,sɪki
sɪk.e,sɪk.e,sɪke,sɪke,sɪkeɪ,sɪkeɪ
sɪk.u,sɪk.u,sɪku,sɪku,sɪku,sɪku
sɪk.o,sɪk.o,sɪko,sɪko,sɪkoʊ,sɪkoʊ
sɪb.i,sɪb.i,sɪbi,sɪbi,sɪbi,sɪbi
sɪb.e,sɪb.e,sɪbe,sɪbe,sɪbeɪ,sɪbeɪ
sɪb.u,sɪb.u,sɪbu,sɪbu,sɪbu,sɪbu
sɪb.o,sɪb.o,sɪbo,sɪbo,sɪboʊ,sɪboʊ
sɪd.i,sɪd.i,sɪdi,sɪdi,sɪdi,sɪdi
sɪd.e,sɪd.e,sɪde,sɪde,sɪdeɪ,sɪdeɪ
sɪd.u,sɪd.u,sɪdu,sɪdu,sɪdu,sɪdu
sɪd.o,sɪd.o,sɪdo,sɪdo,sɪdoʊ,sɪdoʊ
sɪg.i,sɪg.i,sɪgi,sɪgi,sɪgi,sɪgi
sɪg.e,sɪg.e,sɪge,sɪge,sɪgeɪ,sɪgeɪ
sɪg.u,sɪg.u,sɪgu,sɪgu,sɪgu,sɪgu
sɪg.o,sɪg.o,sɪgo,sɪgo,sɪgoʊ,sɪgoʊ
sɪf.i,sɪf.i,sɪfi,sɪfi,sɪfi,sɪfi
sɪf.e,sɪf.e,sɪfe,sɪfe,sɪfeɪ,sɪfeɪ
sɪf.u,sɪf.u,sɪfu,sɪfu,sɪfu,sɪfu
sɪf.o,sɪf.o,sɪfo,sɪfo,sɪfoʊ,sɪfoʊ
sɪs.i,sɪs.i,sɪsi,sɪsi,sɪsi,sɪsi
sɪs.e,sɪs.e,sɪse,sɪse,sɪseɪ,sɪseɪ
sɪs.u,sɪs.u,sɪsu,sɪsu,sɪsu,sɪsu
sɪs.o,sɪs.o,sɪso,sɪso,sɪsoʊ,sɪsoʊ
sɪv.i,sɪv.i,sɪvi,sɪvi,sɪvi,sɪvi
sɪv.e,sɪv.e,sɪve,sɪve,sɪveɪ,sɪveɪ
sɪv.u,sɪv.u,sɪvu,sɪvu,sɪvu,sɪvu
sɪv.o,sɪv.o,sɪvo,sɪvo,sɪvoʊ,sɪvoʊ
sɪz.i,sɪz.i,sɪzi,sɪzi,sɪzi,sɪzi
sɪz.e,sɪz.e,sɪze,sɪze,sɪzeɪ,sɪzeɪ
sɪz.u,sɪz.u,sɪzu,sɪzu,sɪzu,sɪzu
sɪz.o,sɪz.o,sɪzo,sɪzo,sɪzoʊ,sɪzoʊ
sɪʃ.i,sɪʃ.i,sɪʃi,sɪʃi,sɪʃi,sɪʃi
sɪʃ.e,sɪʃ.e,sɪʃe,sɪʃe,sɪʃeɪ,sɪʃeɪ
sɪʃ.u,sɪʃ.u,sɪʃu,sɪʃu,sɪʃu,sɪʃu
sɪʃ.o,sɪʃ.o,sɪʃo,sɪʃo,sɪʃoʊ,sɪʃoʊ
sɪʒ.i,sɪʒ.i,sɪʒi,sɪʒi,sɪʒi,sɪʒi
sɪʒ.e,sɪʒ.e,sɪʒe,sɪʒe,sɪʒeɪ,sɪʒeɪ
sɪʒ.u,sɪʒ.u,sɪʒu,sɪʒu,sɪʒu,sɪʒu
sɪʒ.o,sɪʒ.o,sɪʒo,sɪʒo,sɪʒoʊ,sɪʒoʊ
sɪθ.i,sɪθ.i,sɪθi,sɪθi,sɪθi,sɪθi
sɪθ.e,sɪθ.e,sɪθe,sɪθe,sɪθeɪ,sɪθeɪ
sɪθ.u,sɪθ.u,sɪθu,sɪθu,sɪθu,sɪθu
sɪθ.o,sɪθ.o,sɪθo,sɪθo,sɪθoʊ,sɪθoʊ
sɪð.i,sɪð.i,sɪði,sɪði,sɪði,sɪði
sɪð.e,sɪð.e,sɪðe,sɪðe,sɪðeɪ,sɪðeɪ
sɪð.u,sɪð.u,sɪðu,sɪðu,sɪðu,sɪðu
sɪð.o,sɪð.o,sɪðo,sɪðo,sɪðoʊ,sɪðoʊ
vɪm.i,vɪm.i,vɪmi,vɪmi,vɪmi,vɪmi
vɪm.e,vɪm.e,vɪme,vɪme,vɪmeɪ,vɪmeɪ
vɪm.u,vɪm.u,vɪmu,vɪmu,vɪmu,vɪmu
vɪm.o,vɪm.o,vɪmo,vɪmo,vɪmoʊ,vɪmoʊ
vɪn.i,vɪn.i,vɪni,vɪni,vɪni,vɪni
vɪn.e,vɪn.e,vɪne,vɪne,vɪneɪ,vɪneɪ
vɪn.u,vɪn.u,vɪnu,vɪnu,vɪnu,vɪnu
vɪn.o,vɪn.o,vɪno,vɪno,vɪnoʊ,vɪnoʊ
vɪŋ.i,vɪŋ.i,vɪŋi,vɪŋi,vɪŋi,vɪŋi
vɪŋ.e,vɪŋ.e,vɪŋe,vɪŋe,vɪŋeɪ,vɪŋeɪ
vɪŋ.u,vɪŋ.u,vɪŋu,vɪŋu,vɪŋu,vɪŋu
vɪŋ.o,vɪŋ.o,vɪŋo,vɪŋo,vɪŋoʊ,vɪŋoʊ
vɪp.i,vɪp.i,vɪpi,vɪpi,vɪpi,vɪpi
vɪp.e,vɪp.e,vɪpe,vɪpe,vɪpeɪ,vɪpeɪ
vɪp.u,vɪp.u,vɪpu,vɪpu,vɪpu,vɪpu
vɪp.o,vɪp.o,vɪpo,vɪpo,vɪpoʊ,vɪpoʊ
vɪt.i,vɪt.i,vɪti,vɪti,vɪti,vɪti
vɪt.e,vɪt.e,vɪte,vɪte,vɪteɪ,vɪteɪ
vɪt.u,vɪt.u,vɪtu,vɪtu,vɪtu,vɪtu
vɪt.o,vɪt.o,vɪto,vɪto,vɪtoʊ,vɪtoʊ
vɪk.i,vɪk.i,vɪki,vɪki,vɪki,vɪki
vɪk.e,vɪk.e,vɪke,vɪke,vɪkeɪ,vɪkeɪ
vɪk.u,vɪk.u,vɪku,vɪku,vɪku,vɪku
vɪk.o,vɪk.o,vɪko,vɪko,vɪkoʊ,vɪkoʊ
vɪb.i,vɪb.i,vɪbi,vɪbi,vɪbi,vɪbi
vɪb.e,vɪb.e,vɪbe,vɪbe,vɪbeɪ,vɪbeɪ
vɪb.u,vɪb.u,vɪbu,vɪbu,vɪbu,vɪbu
vɪb.o,vɪb.o,vɪbo,vɪbo,vɪboʊ,vɪboʊ
vɪd.i,vɪd.i,vɪdi,vɪdi,vɪdi,vɪdi
vɪd.e,vɪd.e,vɪde,vɪde,vɪdeɪ,vɪdeɪ
vɪd.u,vɪd.u,vɪdu,vɪdu,vɪdu,vɪdu
vɪd.o,vɪd.o,vɪdo,vɪdo,vɪdoʊ,vɪdoʊ
vɪg.i,vɪg.i,vɪgi,vɪgi,vɪgi,vɪgi
vɪg.e,vɪg.e,vɪge,vɪge,vɪgeɪ,vɪgeɪ
vɪg.u,vɪg.u,vɪgu,vɪgu,vɪgu,vɪgu
vɪg.o,vɪg.o,vɪgo,vɪgo,vɪgoʊ,vɪgoʊ
vɪf.i,vɪf.i,vɪfi,vɪfi,vɪfi,vɪfi
vɪf.e,vɪf.e,vɪfe,vɪfe,vɪfeɪ,vɪfeɪ
vɪf.u,vɪf.u,vɪfu,vɪfu,vɪfu,vɪfu
vɪf.o,vɪf.o,vɪfo,vɪfo,vɪfoʊ,vɪfoʊ
vɪs.i,vɪs.i,vɪsi,vɪsi,vɪsi,vɪsi
vɪs.e,vɪs.e,vɪse,vɪse,vɪseɪ,vɪseɪ
vɪs.u,vɪs.u,vɪsu,vɪsu,vɪsu,vɪsu
vɪs.o,vɪs.o,vɪso,vɪso,vɪsoʊ,vɪsoʊ
vɪv.i,vɪv.i,vɪvi,vɪvi,vɪvi,vɪvi
vɪv.e,vɪv.e,vɪve,vɪve,vɪveɪ,vɪveɪ
vɪv.u,vɪv.u,vɪvu,vɪvu,vɪvu,vɪvu
vɪv.o,vɪv.o,vɪvo,vɪvo,vɪvoʊ,vɪvoʊ
vɪz.i,vɪz.i,vɪzi,vɪzi,vɪzi,vɪzi
vɪz.e,vɪz.e,vɪze,vɪze,vɪzeɪ,vɪzeɪ
vɪz.u,vɪz.u,vɪzu,vɪzu,vɪzu,vɪzu
vɪz.o,vɪz.o,vɪzo,vɪzo,vɪzoʊ,vɪzoʊ
vɪʃ.i,vɪʃ.i,vɪʃi,vɪʃi,vɪʃi,vɪʃi
vɪʃ.e,vɪʃ.e,vɪʃe,vɪʃe,vɪʃeɪ,vɪʃeɪ
vɪʃ.u,vɪʃ.u,vɪʃu,vɪʃu,vɪʃu,vɪʃu
vɪʃ.o,vɪʃ.o,vɪʃo,vɪʃo,vɪʃoʊ,vɪʃoʊ
vɪʒ.i,vɪʒ.i,vɪʒi,vɪʒi,vɪʒi,vɪʒi
vɪʒ.e,vɪʒ.e,vɪʒe,vɪʒe,vɪʒeɪ,vɪʒeɪ
vɪʒ.u,vɪʒ.u,vɪʒu,vɪʒu,vɪʒu,vɪʒu
vɪʒ.o,vɪʒ.o,vɪʒo,vɪʒo,vɪʒoʊ,vɪʒoʊ
vɪθ.i,vɪθ.i,vɪθi,vɪθi,vɪθi,vɪθi
vɪθ.e,vɪθ.e,vɪθe,vɪθe,vɪθeɪ,vɪθeɪ
vɪθ.u,vɪθ.u,vɪθu,vɪθu,vɪθu,vɪθu
vɪθ.o,vɪθ.o,vɪθo,vɪθo,vɪθoʊ,vɪθoʊ
vɪð.i,vɪð.i,vɪði,vɪði,vɪði,vɪði
vɪð.e,vɪð.e,vɪðe,vɪðe,vɪðeɪ,vɪðeɪ
vɪð.u,vɪð.u,vɪðu,vɪðu,vɪðu,vɪðu
vɪð.o,vɪð.o,vɪðo,vɪðo,vɪðoʊ,vɪðoʊ
zɪm.i,zɪm.i,zɪmi,zɪmi,zɪmi,zɪmi
zɪm.e,zɪm.e,zɪme,zɪme,zɪmeɪ,zɪmeɪ
zɪm.u,zɪm.u,zɪmu,zɪmu,zɪmu,zɪmu
zɪm.o,zɪm.o,zɪmo,zɪmo,zɪmoʊ,zɪmoʊ
zɪn.i,zɪn.i,zɪni,zɪni,zɪni,zɪni
zɪn.e,zɪn.e,zɪne,zɪne,zɪneɪ,zɪneɪ
zɪn.u,zɪn.u,zɪnu,zɪnu,zɪnu,zɪnu
zɪn.o,zɪn.o,zɪno,zɪno,zɪnoʊ,zɪnoʊ
zɪŋ.i,zɪŋ.i,zɪŋi,zɪŋi,zɪŋi,zɪŋi
zɪŋ.e,zɪŋ.e,zɪŋe,zɪŋe,zɪŋeɪ,zɪŋeɪ
zɪŋ.u,zɪŋ.u,zɪŋu,zɪŋu,zɪŋu,zɪŋu
zɪŋ.o,zɪŋ.o,zɪŋo,zɪŋo,zɪŋoʊ,zɪŋoʊ
zɪp.i,zɪp.i,zɪpi,zɪpi,zɪpi,zɪpi
zɪp.e,zɪp.e,zɪpe,zɪpe,zɪpeɪ,zɪpeɪ
zɪp.u,zɪp.u,zɪpu,zɪpu,zɪpu,zɪpu
zɪp.o,zɪp.o,zɪpo,zɪpo,zɪpoʊ,zɪpoʊ
zɪt.i,zɪt.i,zɪti,zɪti,zɪti,zɪti
zɪt.e,zɪt.e,zɪte,zɪte,zɪteɪ,zɪteɪ
zɪt.u,zɪt.u,zɪtu,zɪtu,zɪtu,zɪtu
zɪt.o,zɪt.o,zɪto,zɪto,zɪtoʊ,zɪtoʊ
zɪk.i,zɪk.i,zɪki,zɪki,zɪki,zɪki
zɪk.e,zɪk.e,zɪke,zɪke,zɪkeɪ,zɪkeɪ
zɪk.u,zɪk.u,zɪku,zɪku,zɪku,zɪku
zɪk.o,zɪk.o,zɪko,zɪko,zɪkoʊ,zɪkoʊ
zɪb.i,zɪb.i,zɪbi,zɪbi,zɪbi,zɪbi
zɪb.e,zɪb.e,zɪbe,zɪbe,zɪbeɪ,zɪbeɪ
zɪb.u,zɪb.u,zɪbu,zɪbu,zɪbu,zɪbu
zɪb.o,zɪb.o,zɪbo,zɪbo,zɪboʊ,zɪboʊ
zɪd.i,zɪd.i,zɪdi,zɪdi,zɪdi,zɪdi
zɪd.e,zɪd.e,zɪde,zɪde,zɪdeɪ,zɪdeɪ
zɪd.u,zɪd.u,zɪdu,zɪdu,zɪdu,zɪdu
zɪd.o,zɪd.o,zɪdo,zɪdo,zɪdoʊ,zɪdoʊ
zɪg.i,zɪg.i,zɪgi,zɪgi,zɪgi,zɪgi
zɪg.e,zɪg.e,zɪge,zɪge,zɪgeɪ,zɪgeɪ
zɪg.u,zɪg.u,zɪgu,zɪgu,zɪgu,zɪgu
zɪg.o,zɪg.o,zɪgo,zɪgo,zɪgoʊ,zɪgoʊ
zɪf.i,zɪf.i,zɪfi,zɪfi,zɪfi,zɪfi
zɪf.e,zɪf.e,zɪfe,zɪfe,zɪfeɪ,zɪfeɪ
zɪf.u,zɪf.u,zɪfu,zɪfu,zɪfu,zɪfu
zɪf.o,zɪf.o,zɪfo,zɪfo,zɪfoʊ,zɪfoʊ
zɪs.i,zɪs.i,zɪsi,zɪsi,zɪsi,zɪsi
zɪs.e,zɪs.e,zɪse,zɪse,zɪseɪ,zɪseɪ
zɪs.u,zɪs.u,zɪsu,zɪsu,zɪsu,zɪsu
zɪs.o,zɪs.o,zɪso,zɪso,zɪsoʊ,zɪsoʊ
zɪv.i,zɪv.i,zɪvi,zɪvi,zɪvi,zɪvi
zɪv.e,zɪv.e,zɪve,zɪve,zɪveɪ,zɪveɪ
zɪv.u,zɪv.u,zɪvu,zɪvu,zɪvu,zɪvu
zɪv.o,zɪv.o,zɪvo,zɪvo,zɪvoʊ,zɪvoʊ
zɪz.i,zɪz.i,zɪzi,zɪzi,zɪzi,zɪzi
zɪz.e,zɪz.e,zɪze,zɪze,zɪzeɪ,zɪzeɪ
zɪz.u,zɪz.u,zɪzu,zɪzu,zɪzu,zɪzu
zɪz.o,zɪz.o,zɪzo,zɪzo,zɪzoʊ,zɪzoʊ
zɪʃ.i,zɪʃ.i,zɪʃi,zɪʃi,zɪʃi,zɪʃi
zɪʃ.e,zɪʃ.e,zɪʃe,zɪʃe,zɪʃeɪ,zɪʃeɪ
zɪʃ.u,zɪʃ.u,zɪʃu,zɪʃu,zɪʃu,zɪʃu
zɪʃ.o,zɪʃ.o,zɪʃo,zɪʃo,zɪʃoʊ,zɪʃoʊ
zɪʒ.i,zɪʒ.i,zɪʒi,zɪʒi,zɪʒi,zɪʒi
zɪʒ.e,zɪʒ.e,zɪʒe,zɪʒe,zɪʒeɪ,zɪʒeɪ
zɪʒ.u,zɪʒ.u,zɪʒu,zɪʒu,zɪʒu,zɪʒu
zɪʒ.o,zɪʒ.o,zɪʒo,zɪʒo,zɪʒoʊ,zɪʒoʊ
zɪθ.i,zɪθ.i,zɪθi,zɪθi,zɪθi,zɪθi
zɪθ.e,zɪθ.e,zɪθe,zɪθe,zɪθeɪ,zɪθeɪ
zɪθ.u,zɪθ.u,zɪθu,zɪθu,zɪθu,zɪθu
zɪθ.o,zɪθ.o,zɪθo,zɪθo,zɪθoʊ,zɪθoʊ
zɪð.i,zɪð.i,zɪði,zɪði,zɪði,zɪði
zɪð.e,zɪð.e,zɪðe,zɪðe,zɪðeɪ,zɪðeɪ
zɪð.u,zɪð.u,zɪðu,zɪðu,zɪðu,zɪðu
zɪð.o,zɪð.o,zɪðo,zɪðo,zɪðoʊ,zɪðoʊ
ʃɪm.i,ʃɪm.i,ʃɪmi,ʃɪmi,ʃɪmi,ʃɪmi
ʃɪm.e,ʃɪm.e,ʃɪme,ʃɪme,ʃɪmeɪ,ʃɪmeɪ
ʃɪm.u,ʃɪm.u,ʃɪmu,ʃɪmu,ʃɪmu,ʃɪmu
ʃɪm.o,ʃɪm.o,ʃɪmo,ʃɪmo,ʃɪmoʊ,ʃɪmoʊ
ʃɪn.i,ʃɪn.i,ʃɪni,ʃɪni,ʃɪni,ʃɪni
ʃɪn.e,ʃɪn.e,ʃɪne,ʃɪne,ʃɪneɪ,ʃɪneɪ
ʃɪn.u,ʃɪn.u,ʃɪnu,ʃɪnu,ʃɪnu,ʃɪnu
ʃɪn.o,ʃɪn.o,ʃɪno,ʃɪno,ʃɪnoʊ,ʃɪnoʊ
ʃɪŋ.i,ʃɪŋ.i,ʃɪŋi,ʃɪŋi,ʃɪŋi,ʃɪŋi
ʃɪŋ.e,ʃɪŋ.e,ʃɪŋe,ʃɪŋe,ʃɪŋeɪ,ʃɪŋeɪ
ʃɪŋ.u,ʃɪŋ.u,ʃɪŋu,ʃɪŋu,ʃɪŋu,ʃɪŋu
ʃɪŋ.o,ʃɪŋ.o,ʃɪŋo,ʃɪŋo,ʃɪŋoʊ,ʃɪŋoʊ
ʃɪp.i,ʃɪp.i,ʃɪpi,ʃɪpi,ʃɪpi,ʃɪpi
ʃɪp.e,ʃɪp.e,ʃɪpe,ʃɪpe,ʃɪpeɪ,ʃɪpeɪ
ʃɪp.u,ʃɪp.u,ʃɪpu,ʃɪpu,ʃɪpu,ʃɪpu
ʃɪp.o,ʃɪp.o,ʃɪpo,ʃɪpo,ʃɪpoʊ,ʃɪpoʊ
ʃɪt.i,ʃɪt.i,ʃɪti,ʃɪti,ʃɪti,ʃɪti
ʃɪt.e,ʃɪt.e,ʃɪte,ʃɪte,ʃɪteɪ,ʃɪteɪ
ʃɪt.u,ʃɪt.u,ʃɪtu,ʃɪtu,ʃɪtu,ʃɪtu
ʃɪt.o,ʃɪt.o,ʃɪto,ʃɪto,ʃɪtoʊ,ʃɪtoʊ
ʃɪk.i,ʃɪk.i,ʃɪki,ʃɪki,ʃɪki,ʃɪki
ʃɪk.e,ʃɪk.e,ʃɪke,ʃɪke,ʃɪkeɪ,ʃɪkeɪ
ʃɪk.u,ʃɪk.u,ʃɪku,ʃɪku,ʃɪku,ʃɪku
ʃɪk.o,ʃɪk.o,ʃɪko,ʃɪko,ʃɪkoʊ,ʃɪkoʊ
ʃɪb.i,ʃɪb.i,ʃɪbi,ʃɪbi,ʃɪbi,ʃɪbi
ʃɪb.e,ʃɪb.e,ʃɪbe,ʃɪbe,ʃɪbeɪ,ʃɪbeɪ
ʃɪb.u,ʃɪb.u,ʃɪbu,ʃɪbu,ʃɪbu,ʃɪbu
ʃɪb.o,ʃɪb.o,ʃɪbo,ʃɪbo,ʃɪboʊ,ʃɪboʊ
ʃɪd.i,ʃɪd.i,ʃɪdi,ʃɪdi,ʃɪdi,ʃɪdi
ʃɪd.e,ʃɪd.e,ʃɪde,ʃɪde,ʃɪdeɪ,ʃɪdeɪ
ʃɪd.u,ʃɪd.u,ʃɪdu,ʃɪdu,ʃɪdu,ʃɪdu
ʃɪd.o,ʃɪd.o,ʃɪdo,ʃɪdo,ʃɪdoʊ,ʃɪdoʊ
ʃɪg.i,ʃɪg.i,ʃɪgi,ʃɪgi,ʃɪgi,ʃɪgi
ʃɪg.e,ʃɪg.e,ʃɪge,ʃɪge,ʃɪgeɪ,ʃɪgeɪ
ʃɪg.u,ʃɪg.u,ʃɪgu,ʃɪgu,ʃɪgu,ʃɪgu
ʃɪg.o,ʃɪg.o,ʃɪgo,ʃɪgo,ʃɪgoʊ,ʃɪgoʊ
ʃɪf.i,ʃɪf.i,ʃɪfi,ʃɪfi,ʃɪfi,ʃɪfi
ʃɪf.e,ʃɪf.e,ʃɪfe,ʃɪfe,ʃɪfeɪ,ʃɪfeɪ
ʃɪf.u,ʃɪf.u,ʃɪfu,ʃɪfu,ʃɪfu,ʃɪfu
ʃɪf.o,ʃɪf.o,ʃɪfo,ʃɪfo,ʃɪfoʊ,ʃɪfoʊ
ʃɪs.i,ʃɪs.i,ʃɪsi,ʃɪsi,ʃɪsi,ʃɪsi
ʃɪs.e,ʃɪs.e,ʃɪse,ʃɪse,ʃɪseɪ,ʃɪseɪ
ʃɪs.u,ʃɪs.u,ʃɪsu,ʃɪsu,ʃɪsu,ʃɪsu
ʃɪs.o,ʃɪs.o,ʃɪso,ʃɪso,ʃɪsoʊ,ʃɪsoʊ
ʃɪv.i,ʃɪv.i,ʃɪvi,ʃɪvi,ʃɪvi,ʃɪvi
ʃɪv.e,ʃɪv.e,ʃɪve,ʃɪve,ʃɪveɪ,ʃɪveɪ
ʃɪv.u,ʃɪv.u,ʃɪvu,ʃɪvu,ʃɪvu,ʃɪvu
ʃɪv.o,ʃɪv.o,ʃɪvo,ʃɪvo,ʃɪvoʊ,ʃɪvoʊ
ʃɪz.i,ʃɪz.i,ʃɪzi,ʃɪzi,ʃɪzi,ʃɪzi
ʃɪz.e,ʃɪz.e,ʃɪze,ʃɪze,ʃɪzeɪ,ʃɪzeɪ
ʃɪz.u,ʃɪz.u,ʃɪzu,ʃɪzu,ʃɪzu,ʃɪzu
ʃɪz.o,ʃɪz.o,ʃɪzo,ʃɪzo,ʃɪzoʊ,ʃɪzoʊ
ʃɪʃ.i,ʃɪʃ.i,ʃɪʃi,ʃɪʃi,ʃɪʃi,ʃɪʃi
ʃɪʃ.e,ʃɪʃ.e,ʃɪʃe,ʃɪʃe,ʃɪʃeɪ,ʃɪʃeɪ
ʃɪʃ.u,ʃɪʃ.u,ʃɪʃu,ʃɪʃu,ʃɪʃu,ʃɪʃu
ʃɪʃ.o,ʃɪʃ.o,ʃɪʃo,ʃɪʃo,ʃɪʃoʊ,ʃɪʃoʊ
ʃɪʒ.i,ʃɪʒ.i,ʃɪʒi,ʃɪʒi,ʃɪʒi,ʃɪʒi
ʃɪʒ.e,ʃɪʒ.e,ʃɪʒe,ʃɪʒe,ʃɪʒeɪ,ʃɪʒeɪ
ʃɪʒ.u,ʃɪʒ.u,ʃɪʒu,ʃɪʒu,ʃɪʒu,ʃɪʒu
ʃɪʒ.o,ʃɪʒ.o,ʃɪʒo,ʃɪʒo,ʃɪʒoʊ,ʃɪʒoʊ
ʃɪθ.i,ʃɪθ.i,ʃɪθi,ʃɪθi,ʃɪθi,ʃɪθi
ʃɪθ.e,ʃɪθ.e,ʃɪθe,ʃɪθe,ʃɪθeɪ,ʃɪθeɪ
ʃɪθ.u,ʃɪθ.u,ʃɪθu,ʃɪθu,ʃɪθu,ʃɪθu
ʃɪθ.o,ʃɪθ.o,ʃɪθo,ʃɪθo,ʃɪθoʊ,ʃɪθoʊ
ʃɪð.i,ʃɪð.i,ʃɪði,ʃɪði,ʃɪði,ʃɪði
ʃɪð.e,ʃɪð.e,ʃɪðe,ʃɪðe,ʃɪðeɪ,ʃɪðeɪ
ʃɪð.u,ʃɪð.u,ʃɪðu,ʃɪðu,ʃɪðu,ʃɪðu
ʃɪð.o,ʃɪð.o,ʃɪðo,ʃɪðo,ʃɪðoʊ,ʃɪðoʊ
ʒɪm.i,ʒɪm.i,ʒɪmi,ʒɪmi,ʒɪmi,ʒɪmi
ʒɪm.e,ʒɪm.e,ʒɪme,ʒɪme,ʒɪmeɪ,ʒɪmeɪ
ʒɪm.u,ʒɪm.u,ʒɪmu,ʒɪmu,ʒɪmu,ʒɪmu
ʒɪm.o,ʒɪm.o,ʒɪmo,ʒɪmo,ʒɪmoʊ,ʒɪmoʊ
ʒɪn.i,ʒɪn.i,ʒɪni,ʒɪni,ʒɪni,ʒɪni
ʒɪn.e,ʒɪn.e,ʒɪne,ʒɪne,ʒɪneɪ,ʒɪneɪ
ʒɪn.u,ʒɪn.u,ʒɪnu,ʒɪnu,ʒɪnu,ʒɪnu
ʒɪn.o,ʒɪn.o,ʒɪno,ʒɪno,ʒɪnoʊ,ʒɪnoʊ
ʒɪŋ.i,ʒɪŋ.i,ʒɪŋi,ʒɪŋi,ʒɪŋi,ʒɪŋi
ʒɪŋ.e,ʒɪŋ.e,ʒɪŋe,ʒɪŋe,ʒɪŋeɪ,ʒɪŋeɪ
ʒɪŋ.u,ʒɪŋ.u,ʒɪŋu,ʒɪŋu,ʒɪŋu,ʒɪŋu
ʒɪŋ.o,ʒɪŋ.o,ʒɪŋo,ʒɪŋo,ʒɪŋoʊ,ʒɪŋoʊ
ʒɪp.i,ʒɪp.i,ʒɪpi,ʒɪpi,ʒɪpi,ʒɪpi
ʒɪp.e,ʒɪp.e,ʒɪpe,ʒɪpe,ʒɪpeɪ,ʒɪpeɪ
ʒɪp.u,ʒɪp.u,ʒɪpu,ʒɪpu,ʒɪpu,ʒɪpu
ʒɪp.o,ʒɪp.o,ʒɪpo,ʒɪpo,ʒɪpoʊ,ʒɪpoʊ
ʒɪt.i,ʒɪt.i,ʒɪti,ʒɪti,ʒɪti,ʒɪti
ʒɪt.e,ʒɪt.e,ʒɪte,ʒɪte,ʒɪteɪ,ʒɪteɪ
ʒɪt.u,ʒɪt.u,ʒɪtu,ʒɪtu,ʒɪtu,ʒɪtu
ʒɪt.o,ʒɪt.o,ʒɪto,ʒɪto,ʒɪtoʊ,ʒɪtoʊ
ʒɪk.i,ʒɪk.i,ʒɪki,ʒɪki,ʒɪki,ʒɪki
ʒɪk.e,ʒɪk.e,ʒɪke,ʒɪke,ʒɪkeɪ,ʒɪkeɪ
ʒɪk.u,ʒɪk.u,ʒɪku,ʒɪku,ʒɪku,ʒɪku
ʒɪk.o,ʒɪk.o,ʒɪko,ʒɪko,ʒɪkoʊ,ʒɪkoʊ
ʒɪb.i,ʒɪb.i,ʒɪbi,ʒɪbi,ʒɪbi,ʒɪbi
ʒɪb.e,ʒɪb.e,ʒɪbe,ʒɪbe,ʒɪbeɪ,ʒɪbeɪ
ʒɪb.u,ʒɪb.u,ʒɪbu,ʒɪbu,ʒɪbu,ʒɪbu
ʒɪb.o,ʒɪb.o,ʒɪbo,ʒɪbo,ʒɪboʊ,ʒɪboʊ
ʒɪd.i,ʒɪd.i,ʒɪdi,ʒɪdi,ʒɪdi,ʒɪdi
ʒɪd.e,ʒɪd.e,ʒɪde,ʒɪde,ʒɪdeɪ,ʒɪdeɪ
ʒɪd.u,ʒɪd.u,ʒɪdu,ʒɪdu,ʒɪdu,ʒɪdu
ʒɪd.o,ʒɪd.o,ʒɪdo,ʒɪdo,ʒɪdoʊ,ʒɪdoʊ
ʒɪg.i,ʒɪg.i,ʒɪgi,ʒɪgi,ʒɪgi,ʒɪgi
ʒɪg.e,ʒɪg.e,ʒɪge,ʒɪge,ʒɪgeɪ,ʒɪgeɪ
ʒɪg.u,ʒɪg.u,ʒɪgu,ʒɪgu,ʒɪgu,ʒɪgu
ʒɪg.o,ʒɪg.o,ʒɪgo,ʒɪgo,ʒɪgoʊ,ʒɪgoʊ
ʒɪf.i,ʒɪf.i,ʒɪfi,ʒɪfi,ʒɪfi,ʒɪfi
ʒɪf.e,ʒɪf.e,ʒɪfe,ʒɪfe,ʒɪfeɪ,ʒɪfeɪ
ʒɪf.u,ʒɪf.u,ʒɪfu,ʒɪfu,ʒɪfu,ʒɪfu
ʒɪf.o,ʒɪf.o,ʒɪfo,ʒɪfo,ʒɪfoʊ,ʒɪfoʊ
ʒɪs.i,ʒɪs.i,ʒɪsi,ʒɪsi,ʒɪsi,ʒɪsi
ʒɪs.e,ʒɪs.e,ʒɪse,ʒɪse,ʒɪseɪ,ʒɪseɪ
ʒɪs.u,ʒɪs.u,ʒɪsu,ʒɪsu,ʒɪsu,ʒɪsu
ʒɪs.o,ʒɪs.o,ʒɪso,ʒɪso,ʒɪsoʊ,ʒɪsoʊ
ʒɪv.i,ʒɪv.i,ʒɪvi,ʒɪvi,ʒɪvi,ʒɪvi
ʒɪv.e,ʒɪv.e,ʒɪve,ʒɪve,ʒɪveɪ,ʒɪveɪ
ʒɪv.u,ʒɪv.u,ʒɪvu,ʒɪvu,ʒɪvu,ʒɪvu
ʒɪv.o,ʒɪv.o,ʒɪvo,ʒɪvo,ʒɪvoʊ,ʒɪvoʊ
ʒɪz.i,ʒɪz.i,ʒɪzi,ʒɪzi,ʒɪzi,ʒɪzi
ʒɪz.e,ʒɪz.e,ʒɪze,ʒɪze,ʒɪzeɪ,ʒɪzeɪ
ʒɪz.u,ʒɪz.u,ʒɪzu,ʒɪzu,ʒɪzu,ʒɪzu
ʒɪz.o,ʒɪz.o,ʒɪzo,ʒɪzo,ʒɪzoʊ,ʒɪzoʊ
ʒɪʃ.i,ʒɪʃ.i,ʒɪʃi,ʒɪʃi,ʒɪʃi,ʒɪʃi
ʒɪʃ.e,ʒɪʃ.e,ʒɪʃe,ʒɪʃe,ʒɪʃeɪ,ʒɪʃeɪ
ʒɪʃ.u,ʒɪʃ.u,ʒɪʃu,ʒɪʃu,ʒɪʃu,ʒɪʃu
ʒɪʃ.o,ʒɪʃ.o,ʒɪʃo,ʒɪʃo,ʒɪʃoʊ,ʒɪʃoʊ
ʒɪʒ.i,ʒɪʒ.i,ʒɪʒi,ʒɪʒi,ʒɪʒi,ʒɪʒi
ʒɪʒ.e,ʒɪʒ.e,ʒɪʒe,ʒɪʒe,ʒɪʒeɪ,ʒɪʒeɪ
ʒɪʒ.u,ʒɪʒ.u,ʒɪʒu,ʒɪʒu,ʒɪʒu,ʒɪʒu
ʒɪʒ.o,ʒɪʒ.o,ʒɪʒo,ʒɪʒo,ʒɪʒoʊ,ʒɪʒoʊ
ʒɪθ.i,ʒɪθ.i,ʒɪθi,ʒɪθi,ʒɪθi,ʒɪθi
ʒɪθ.e,ʒɪθ.e,ʒɪθe,ʒɪθe,ʒɪθeɪ,ʒɪθeɪ
ʒɪθ.u,ʒɪθ.u,ʒɪθu,ʒɪθu,ʒɪθu,ʒɪθu
ʒɪθ.o,ʒɪθ.o,ʒɪθo,ʒɪθo,ʒɪθoʊ,ʒɪθoʊ
ʒɪð.i,ʒɪð.i,ʒɪði,ʒɪði,ʒɪði,ʒɪði
ʒɪð.e,ʒɪð.e,ʒɪðe,ʒɪðe,ʒɪðeɪ,ʒɪðeɪ
ʒɪð.u,ʒɪð.u,ʒɪðu,ʒɪðu,ʒɪðu,ʒɪðu
ʒɪð.o,ʒɪð.o,ʒɪðo,ʒɪðo,ʒɪðoʊ,ʒɪðoʊ
θɪm.i,θɪm.i,θɪmi,θɪmi,θɪmi,θɪmi
θɪm.e,θɪm.e,θɪme,θɪme,θɪmeɪ,θɪmeɪ
θɪm.u,θɪm.u,θɪmu,θɪmu,θɪmu,θɪmu
θɪm.o,θɪm.o,θɪmo,θɪmo,θɪmoʊ,θɪmoʊ
θɪn.i,θɪn.i,θɪni,θɪni,θɪni,θɪni
θɪn.e,θɪn.e,θɪne,θɪne,θɪneɪ,θɪneɪ
θɪn.u,θɪn.u,θɪnu,θɪnu,θɪnu,θɪnu
θɪn.o,θɪn.o,θɪno,θɪno,θɪnoʊ,θɪnoʊ
θɪŋ.i,θɪŋ.i,θɪŋi,θɪŋi,θɪŋi,θɪŋi
θɪŋ.e,θɪŋ.e,θɪŋe,θɪŋe,θɪŋeɪ,θɪŋeɪ
θɪŋ.u,θɪŋ.u,θɪŋu,θɪŋu,θɪŋu,θɪŋu
θɪŋ.o,θɪŋ.o,θɪŋo,θɪŋo,θɪŋoʊ,θɪŋoʊ
θɪp.i,θɪp.i,θɪpi,θɪpi,θɪpi,θɪpi
θɪp.e,θɪp.e,θɪpe,θɪpe,θɪpeɪ,θɪpeɪ
θɪp.u,θɪp.u,θɪpu,θɪpu,θɪpu,θɪpu
θɪp.o,θɪp.o,θɪpo,θɪpo,θɪpoʊ,θɪpoʊ
θɪt.i,θɪt.i,θɪti,θɪti,θɪti,θɪti
θɪt.e,θɪt.e,θɪte,θɪte,θɪteɪ,θɪteɪ
θɪt.u,θɪt.u,θɪtu,θɪtu,θɪtu,θɪtu
θɪt.o,θɪt.o,θɪto,θɪto,θɪtoʊ,θɪtoʊ
θɪk.i,θɪk.i,θɪki,θɪki,θɪki,θɪki
θɪk.e,θɪk.e,θɪke,θɪke,θɪkeɪ,θɪkeɪ
θɪk.u,θɪk.u,θɪku,θɪku,θɪku,θɪku
θɪk.o,θɪk.o,θɪko,θɪko,θɪkoʊ,θɪkoʊ
θɪb.i,θɪb.i,θɪbi,θɪbi,θɪbi,θɪbi
θɪb.e,θɪb.e,θɪbe,θɪbe,θɪbeɪ,θɪbeɪ
θɪb.u,θɪb.u,θɪbu,θɪbu,θɪbu,θɪbu
θɪb.o,θɪb.o,θɪbo,θɪbo,θɪboʊ,θɪboʊ
θɪd.i,θɪd.i,θɪdi,θɪdi,θɪdi,θɪdi
θɪd.e,θɪd.e,θɪde,θɪde,θɪdeɪ,θɪdeɪ
θɪd.u,θɪd.u,θɪdu,θɪdu,θɪdu,θɪdu
θɪd.o,θɪd.o,θɪdo,θɪdo,θɪdoʊ,θɪdoʊ
θɪg.i,θɪg.i,θɪgi,θɪgi,θɪgi,θɪgi
θɪg.e,θɪg.e,θɪge,θɪge,θɪgeɪ,θɪgeɪ
θɪg.u,θɪg.u,θɪgu,θɪgu,θɪgu,θɪgu
θɪg.o,θɪg.o,θɪgo,θɪgo,θɪgoʊ,θɪgoʊ
θɪf.i,θɪf.i,θɪfi,θɪfi,θɪfi,θɪfi
θɪf.e,θɪf.e,θɪfe,θɪfe,θɪfeɪ,θɪfeɪ
θɪf.u,θɪf.u,θɪfu,θɪfu,θɪfu,θɪfu
θɪf.o,θɪf.o,θɪfo,θɪfo,θɪfoʊ,θɪfoʊ
θɪs.i,θɪs.i,θɪsi,θɪsi,θɪsi,θɪsi
θɪs.e,θɪs.e,θɪse,θɪse,θɪseɪ,θɪseɪ
θɪs.u,θɪs.u,θɪsu,θɪsu,θɪsu,θɪsu
θɪs.o,θɪs.o,θɪso,θɪso,θɪsoʊ,θɪsoʊ
θɪv.i,θɪv.i,θɪvi,θɪvi,θɪvi,θɪvi
θɪv.e,θɪv.e,θɪve,θɪve,θɪveɪ,θɪveɪ
θɪv.u,θɪv.u,θɪvu,θɪvu,θɪvu,θɪvu
θɪv.o,θɪv.o,θɪvo,θɪvo,θɪvoʊ,θɪvoʊ
θɪz.i,θɪz.i,θɪzi,θɪzi,θɪzi,θɪzi
θɪz.e,θɪz.e,θɪze,θɪze,θɪzeɪ,θɪzeɪ
θɪz.u,θɪz.u,θɪzu,θɪzu,θɪzu,θɪzu
θɪz.o,θɪz.o,θɪzo,θɪzo,θɪzoʊ,θɪzoʊ
θɪʃ.i,θɪʃ.i,θɪʃi,θɪʃi,θɪʃi,θɪʃi
θɪʃ.e,θɪʃ.e,θɪʃe,θɪʃe,θɪʃeɪ,θɪʃeɪ
θɪʃ.u,θɪʃ.u,θɪʃu,θɪʃu,θɪʃu,θɪʃu
θɪʃ.o,θɪʃ.o,θɪʃo,θɪʃo,θɪʃoʊ,θɪʃoʊ
θɪʒ.i,θɪʒ.i,θɪʒi,θɪʒi,θɪʒi,θɪʒi
θɪʒ.e,θɪʒ.e,θɪʒe,θɪʒe,θɪʒeɪ,θɪʒeɪ
θɪʒ.u,θɪʒ.u,θɪʒu,θɪʒu,θɪʒu,θɪʒu
θɪʒ.o,θɪʒ.o,θɪʒo,θɪʒo,θɪʒoʊ,θɪʒoʊ
θɪθ.i,θɪθ.i,θɪθi,θɪθi,θɪθi,θɪθi
θɪθ.e,θɪθ.e,θɪθe,θɪθe,θɪθeɪ,θɪθeɪ
θɪθ.u,θɪθ.u,θɪθu,θɪθu,θɪθu,θɪθu
θɪθ.o,θɪθ.o,θɪθo,θɪθo,θɪθoʊ,θɪθoʊ
θɪð.i,θɪð.i,θɪði,θɪði,θɪði,θɪði
θɪð.e,θɪð.e,θɪðe,θɪðe,θɪðeɪ,θɪðeɪ
θɪð.u,θɪð.u,θɪðu,θɪðu,θɪðu,θɪðu
θɪð.o,θɪð.o,θɪðo,θɪðo,θɪðoʊ,θɪðoʊ
ðɪm.i,ðɪm.i,ðɪmi,ðɪmi,ðɪmi,ðɪmi
ðɪm.e,ðɪm.e,ðɪme,ðɪme,ðɪmeɪ,ðɪmeɪ
ðɪm.u,ðɪm.u,ðɪmu,ðɪmu,ðɪmu,ðɪmu
ðɪm.o,ðɪm.o,ðɪmo,ðɪmo,ðɪmoʊ,ðɪmoʊ
ðɪn.i,ðɪn.i,ðɪni,ðɪni,ðɪni,ðɪni
ðɪn.e,ðɪn.e,ðɪne,ðɪne,ðɪneɪ,ðɪneɪ
ðɪn.u,ðɪn.u,ðɪnu,ðɪnu,ðɪnu,ðɪnu
ðɪn.o,ðɪn.o,ðɪno,ðɪno,ðɪnoʊ,ðɪnoʊ
ðɪŋ.i,ðɪŋ.i,ðɪŋi,ðɪŋi,ðɪŋi,ðɪŋi
ðɪŋ.e,ðɪŋ.e,ðɪŋe,ðɪŋe,ðɪŋeɪ,ðɪŋeɪ
ðɪŋ.u,ðɪŋ.u,ðɪŋu,ðɪŋu,ðɪŋu,ðɪŋu
ðɪŋ.o,ðɪŋ.o,ðɪŋo,ðɪŋo,ðɪŋoʊ,ðɪŋoʊ
ðɪp.i,ðɪp.i,ðɪpi,ðɪpi,ðɪpi,ðɪpi
ðɪp.e,ðɪp.e,ðɪpe,ðɪpe,ðɪpeɪ,ðɪpeɪ
ðɪp.u,ðɪp.u,ðɪpu,ðɪpu,ðɪpu,ðɪpu
ðɪp.o,ðɪp.o,ðɪpo,ðɪpo,ðɪpoʊ,ðɪpoʊ
ðɪt.i,ðɪt.i,ðɪti,ðɪti,ðɪti,ðɪti
ðɪt.e,ðɪt.e,ðɪte,ðɪte,ðɪteɪ,ðɪteɪ
ðɪt.u,ðɪt.u,ðɪtu,ðɪtu,ðɪtu,ðɪtu
ðɪt.o,ðɪt.o,ðɪto,ðɪto,ðɪtoʊ,ðɪtoʊ
ðɪk.i,ðɪk.i,ðɪki,ðɪki,ðɪki,ðɪki
ðɪk.e,ðɪk.e,ðɪke,ðɪke,ðɪkeɪ,ðɪkeɪ
ðɪk.u,ðɪk.u,ðɪku,ðɪku,ðɪku,ðɪku
ðɪk.o,ðɪk.o,ðɪko,ðɪko,ðɪkoʊ,ðɪkoʊ
ðɪb.i,ðɪb.i,ðɪbi,ðɪbi,ðɪbi,ðɪbi
ðɪb.e,ðɪb.e,ðɪbe,ðɪbe,ðɪbeɪ,ðɪbeɪ
ðɪb.u,ðɪb.u,ðɪbu,ðɪbu,ðɪbu,ðɪbu
ðɪb.o,ðɪb.o,ðɪbo,ðɪbo,ðɪboʊ,ðɪboʊ
ðɪd.i,ðɪd.i,ðɪdi,ðɪdi,ðɪdi,ðɪdi
ðɪd.e,ðɪd.e,ðɪde,ðɪde,ðɪdeɪ,ðɪdeɪ
ðɪd.u,ðɪd.u,ðɪdu,ðɪdu,ðɪdu,ðɪdu
ðɪd.o,ðɪd.o,ðɪdo,ðɪdo,ðɪdoʊ,ðɪdoʊ
ðɪg.i,ðɪg.i,ðɪgi,ðɪgi,ðɪgi,ðɪgi
ðɪg.e,ðɪg.e,ðɪge,ðɪge,ðɪgeɪ,ðɪgeɪ
ðɪg.u,ðɪg.u,ðɪgu,ðɪgu,ðɪgu,ðɪgu
ðɪg.o,ðɪg.o,ðɪgo,ðɪgo,ðɪgoʊ,ðɪgoʊ
ðɪf.i,ðɪf.i,ðɪfi,ðɪfi,ðɪfi,ðɪfi
ðɪf.e,ðɪf.e,ðɪfe,ðɪfe,ðɪfeɪ,ðɪfeɪ
ðɪf.u,ðɪf.u,ðɪfu,ðɪfu,ðɪfu,ðɪfu
ðɪf.o,ðɪf.o,ðɪfo,ðɪfo,ðɪfoʊ,ðɪfoʊ
ðɪs.i,ðɪs.i,ðɪsi,ðɪsi,ðɪsi,ðɪsi
ðɪs.e,ðɪs.e,ðɪse,ðɪse,ðɪseɪ,ðɪseɪ
ðɪs.u,ðɪs.u,ðɪsu,ðɪsu,ðɪsu,ðɪsu
ðɪs.o,ðɪs.o,ðɪso,ðɪso,ðɪsoʊ,ðɪsoʊ
ðɪv.i,ðɪv.i,ðɪvi,ðɪvi,ðɪvi,ðɪvi
ðɪv.e,ðɪv.e,ðɪve,ðɪve,ðɪveɪ,ðɪveɪ
ðɪv.u,ðɪv.u,ðɪvu,ðɪvu,ðɪvu,ðɪvu
ðɪv.o,ðɪv.o,ðɪvo,ðɪvo,ðɪvoʊ,ðɪvoʊ
ðɪz.i,ðɪz.i,ðɪzi,ðɪzi,ðɪzi,ðɪzi
ðɪz.e,ðɪz.e,ðɪze,ðɪze,ðɪzeɪ,ðɪzeɪ
ðɪz.u,ðɪz.u,ðɪzu,ðɪzu,ðɪzu,ðɪzu
ðɪz.o,ðɪz.o,ðɪzo,ðɪzo,ðɪzoʊ,ðɪzoʊ
ðɪʃ.i,ðɪʃ.i,ðɪʃi,ðɪʃi,ðɪʃi,ðɪʃi
ðɪʃ.e,ðɪʃ.e,ðɪʃe,ðɪʃe,ðɪʃeɪ,ðɪʃeɪ
ðɪʃ.u,ðɪʃ.u,ðɪʃu,ðɪʃu,ðɪʃu,ðɪʃu
ðɪʃ.o,ðɪʃ.o,ðɪʃo,ðɪʃo,ðɪʃoʊ,ðɪʃoʊ
ðɪʒ.i,ðɪʒ.i,ðɪʒi,ðɪʒi,ðɪʒi,ðɪʒi
ðɪʒ.e,ðɪʒ.e,ðɪʒe,ðɪʒe,ðɪʒeɪ,ðɪʒeɪ
ðɪʒ.u,ðɪʒ.u,ðɪʒu,ðɪʒu,ðɪʒu,ðɪʒu
ðɪʒ.o,ðɪʒ.o,ðɪʒo,ðɪʒo,ðɪʒoʊ,ðɪʒoʊ
ðɪθ.i,ðɪθ.i,ðɪθi,ðɪθi,ðɪθi,ðɪθi
ðɪθ.e,ðɪθ.e,ðɪθe,ðɪθe,ðɪθeɪ,ðɪθeɪ
ðɪθ.u,ðɪθ.u,ðɪθu,ðɪθu,ðɪθu,ðɪθu
ðɪθ.o,ðɪθ.o,ðɪθo,ðɪθo,ðɪθoʊ,ðɪθoʊ
ðɪð.i,ðɪð.i,ðɪði,ðɪði,ðɪði,ðɪði
ðɪð.e,ðɪð.e,ðɪðe,ðɪðe,ðɪðeɪ,ðɪðeɪ
ðɪð.u,ðɪð.u,ðɪðu,ðɪðu,ðɪðu,ðɪðu
ðɪð.o,ðɪð.o,ðɪðo,ðɪðo,ðɪðoʊ,ðɪðoʊ
hɪm.i,hɪm.i,hɪmi,hɪmi,hɪmi,hɪmi
hɪm.e,hɪm.e,hɪme,hɪme,hɪmeɪ,hɪmeɪ
hɪm.u,hɪm.u,hɪmu,hɪmu,hɪmu,hɪmu
hɪm.o,hɪm.o,hɪmo,hɪmo,hɪmoʊ,hɪmoʊ
hɪn.i,hɪn.i,hɪni,hɪni,hɪni,hɪni
hɪn.e,hɪn.e,hɪne,hɪne,hɪneɪ,hɪneɪ
hɪn.u,hɪn.u,hɪnu,hɪnu,hɪnu,hɪnu
hɪn.o,hɪn.o,hɪno,hɪno,hɪnoʊ,hɪnoʊ
hɪŋ.i,hɪŋ.i,hɪŋi,hɪŋi,hɪŋi,hɪŋi
hɪŋ.e,hɪŋ.e,hɪŋe,hɪŋe,hɪŋeɪ,hɪŋeɪ
hɪŋ.u,hɪŋ.u,hɪŋu,hɪŋu,hɪŋu,hɪŋu
hɪŋ.o,hɪŋ.o,hɪŋo,hɪŋo,hɪŋoʊ,hɪŋoʊ
hɪp.i,hɪp.i,hɪpi,hɪpi,hɪpi,hɪpi
hɪp.e,hɪp.e,hɪpe,hɪpe,hɪpeɪ,hɪpeɪ
hɪp.u,hɪp.u,hɪpu,hɪpu,hɪpu,hɪpu
hɪp.o,hɪp.o,hɪpo,hɪpo,hɪpoʊ,hɪpoʊ
hɪt.i,hɪt.i,hɪti,hɪti,hɪti,hɪti
hɪt.e,hɪt.e,hɪte,hɪte,hɪteɪ,hɪteɪ
hɪt.u,hɪt.u,hɪtu,hɪtu,hɪtu,hɪtu
hɪt.o,hɪt.o,hɪto,hɪto,hɪtoʊ,hɪtoʊ
hɪk.i,hɪk.i,hɪki,hɪki,hɪki,hɪki
hɪk.e,hɪk.e,hɪke,hɪke,hɪkeɪ,hɪkeɪ
hɪk.u,hɪk.u,hɪku,hɪku,hɪku,hɪku
hɪk.o,hɪk.o,hɪko,hɪko,hɪkoʊ,hɪkoʊ
hɪb.i,hɪb.i,hɪbi,hɪbi,hɪbi,hɪbi
hɪb.e,hɪb.e,hɪbe,hɪbe,hɪbeɪ,hɪbeɪ
hɪb.u,hɪb.u,hɪbu,hɪbu,hɪbu,hɪbu
hɪb.o,hɪb.o,hɪbo,hɪbo,hɪboʊ,hɪboʊ
hɪd.i,hɪd.i,hɪdi,hɪdi,hɪdi,hɪdi
hɪd.e,hɪd.e,hɪde,hɪde,hɪdeɪ,hɪdeɪ
hɪd.u,hɪd.u,hɪdu,hɪdu,hɪdu,hɪdu
hɪd.o,hɪd.o,hɪdo,hɪdo,hɪdoʊ,hɪdoʊ
hɪg.i,hɪg.i,hɪgi,hɪgi,hɪgi,hɪgi
hɪg.e,hɪg.e,hɪge,hɪge,hɪgeɪ,hɪgeɪ
hɪg.u,hɪg.u,hɪgu,hɪgu,hɪgu,hɪgu
hɪg.o,hɪg.o,hɪgo,hɪgo,hɪgoʊ,hɪgoʊ
hɪf.i,hɪf.i,hɪfi,hɪfi,hɪfi,hɪfi
hɪf.e,hɪf.e,hɪfe,hɪfe,hɪfeɪ,hɪfeɪ
hɪf.u,hɪf.u,hɪfu,hɪfu,hɪfu,hɪfu
hɪf.o,hɪf.o,hɪfo,hɪfo,hɪfoʊ,hɪfoʊ
hɪs.i,hɪs.i,hɪsi,hɪsi,hɪsi,hɪsi
hɪs.e,hɪs.e,hɪse,hɪse,hɪseɪ,hɪseɪ
hɪs.u,hɪs.u,hɪsu,hɪsu,hɪsu,hɪsu
hɪs.o,hɪs.o,hɪso,hɪso,hɪsoʊ,hɪsoʊ
hɪv.i,hɪv.i,hɪvi,hɪvi,hɪvi,hɪvi
hɪv.e,hɪv.e,hɪve,hɪve,hɪveɪ,hɪveɪ
hɪv.u,hɪv.u,hɪvu,hɪvu,hɪvu,hɪvu
hɪv.o,hɪv.o,hɪvo,hɪvo,hɪvoʊ,hɪvoʊ
hɪz.i,hɪz.i,hɪzi,hɪzi,hɪzi,hɪzi
hɪz.e,hɪz.e,hɪze,hɪze,hɪzeɪ,hɪzeɪ
hɪz.u,hɪz.u,hɪzu,hɪzu,hɪzu,hɪzu
hɪz.o,hɪz.o,hɪzo,hɪzo,hɪzoʊ,hɪzoʊ
hɪʃ.i,hɪʃ.i,hɪʃi,hɪʃi,hɪʃi,hɪʃi
hɪʃ.e,hɪʃ.e,hɪʃe,hɪʃe,hɪʃeɪ,hɪʃeɪ
hɪʃ.u,hɪʃ.u,hɪʃu,hɪʃu,hɪʃu,hɪʃu
hɪʃ.o,hɪʃ.o,hɪʃo,hɪʃo,hɪʃoʊ,hɪʃoʊ
hɪʒ.i,hɪʒ.i,hɪʒi,hɪʒi,hɪʒi,hɪʒi
hɪʒ.e,hɪʒ.e,hɪʒe,hɪʒe,hɪʒeɪ,hɪʒeɪ
hɪʒ.u,hɪʒ.u,hɪʒu,hɪʒu,hɪʒu,hɪʒu
hɪʒ.o,hɪʒ.o,hɪʒo,hɪʒo,hɪʒoʊ,hɪʒoʊ
hɪθ.i,hɪθ.i,hɪθi,hɪθi,hɪθi,hɪθi
hɪθ.e,hɪθ.e,hɪθe,hɪθe,hɪθeɪ,hɪθeɪ
hɪθ.u,hɪθ.u,hɪθu,hɪθu,hɪθu,hɪθu
hɪθ.o,hɪθ.o,hɪθo,hɪθo,hɪθoʊ,hɪθoʊ
hɪð.i,hɪð.i,hɪði,hɪði,hɪði,hɪði
hɪð.e,hɪð.e,hɪðe,hɪðe,hɪðeɪ,hɪðeɪ
hɪð.u,hɪð.u,hɪðu,hɪðu,hɪðu,hɪðu
hɪð.o,hɪð.o,hɪðo,hɪðo,hɪðoʊ,hɪðoʊ
mɛm.i,mɛm.i,mɛmi,mɛmi,mɛmi,mɛmi
mɛm.e,mɛm.e,mɛme,mɛme,mɛmeɪ,mɛmeɪ
mɛm.u,mɛm.u,mɛmu,mɛmu,mɛmu,mɛmu
mɛm.o,mɛm.o,mɛmo,mɛmo,mɛmoʊ,mɛmoʊ
mɛn.i,mɛn.i,mɛni,mɛni,mɛni,mɛni
mɛn.e,mɛn.e,mɛne,mɛne,mɛneɪ,mɛneɪ
mɛn.u,mɛn.u,mɛnu,mɛnu,mɛnu,mɛnu
mɛn.o,mɛn.o,mɛno,mɛno,mɛnoʊ,mɛnoʊ
mɛŋ.i,mɛŋ.i,mɛŋi,mɛŋi,mɛŋi,mɛŋi
mɛŋ.e,mɛŋ.e,mɛŋe,mɛŋe,mɛŋeɪ,mɛŋeɪ
mɛŋ.u,mɛŋ.u,mɛŋu,mɛŋu,mɛŋu,mɛŋu
mɛŋ.o,mɛŋ.o,mɛŋo,mɛŋo,mɛŋoʊ,mɛŋoʊ
mɛp.i,mɛp.i,mɛpi,mɛpi,mɛpi,mɛpi
mɛp.e,mɛp.e,mɛpe,mɛpe,mɛpeɪ,mɛpeɪ
mɛp.u,mɛp.u,mɛpu,mɛpu,mɛpu,mɛpu
mɛp.o,mɛp.o,mɛpo,mɛpo,mɛpoʊ,mɛpoʊ
mɛt.i,mɛt.i,mɛti,mɛti,mɛti,mɛti
mɛt.e,mɛt.e,mɛte,mɛte,mɛteɪ,mɛteɪ
mɛt.u,mɛt.u,mɛtu,mɛtu,mɛtu,mɛtu
mɛt.o,mɛt.o,mɛto,mɛto,mɛtoʊ,mɛtoʊ
mɛk.i,mɛk.i,mɛki,mɛki,mɛki,mɛki
mɛk.e,mɛk.e,mɛke,mɛke,mɛkeɪ,mɛkeɪ
mɛk.u,mɛk.u,mɛku,mɛku,mɛku,mɛku
mɛk.o,mɛk.o,mɛko,mɛko,mɛkoʊ,mɛkoʊ
mɛb.i,mɛb.i,mɛbi,mɛbi,mɛbi,mɛbi
mɛb.e,mɛb.e,mɛbe,mɛbe,mɛbeɪ,mɛbeɪ
mɛb.u,mɛb.u,mɛbu,mɛbu,mɛbu,mɛbu
mɛb.o,mɛb.o,mɛbo,mɛbo,mɛboʊ,mɛboʊ
mɛd.i,mɛd.i,mɛdi,mɛdi,mɛdi,mɛdi
mɛd.e,mɛd.e,mɛde,mɛde,mɛdeɪ,mɛdeɪ
mɛd.u,mɛd.u,mɛdu,mɛdu,mɛdu,mɛdu
mɛd.o,mɛd.o,mɛdo,mɛdo,mɛdoʊ,mɛdoʊ
mɛg.i,mɛg.i,mɛgi,mɛgi,mɛgi,mɛgi
mɛg.e,mɛg.e,mɛge,mɛge,mɛgeɪ,mɛgeɪ
mɛg.u,mɛg.u,mɛgu,mɛgu,mɛgu,mɛgu
mɛg.o,mɛg.o,mɛgo,mɛgo,mɛgoʊ,mɛgoʊ
mɛf.i,mɛf.i,mɛfi,mɛfi,mɛfi,mɛfi
mɛf.e,mɛf.e,mɛfe,mɛfe,mɛfeɪ,mɛfeɪ
mɛf.u,mɛf.u,mɛfu,mɛfu,mɛfu,mɛfu
mɛf.o,mɛf.o,mɛfo,mɛfo,mɛfoʊ,mɛfoʊ
mɛs.i,mɛs.i,mɛsi,mɛsi,mɛsi,mɛsi
mɛs.e,mɛs.e,mɛse,mɛse,mɛseɪ,mɛseɪ
mɛs.u,mɛs.u,mɛsu,mɛsu,mɛsu,mɛsu
mɛs.o,mɛs.o,mɛso,mɛso,mɛsoʊ,mɛsoʊ
mɛv.i,mɛv.i,mɛvi,mɛvi,mɛvi,mɛvi
mɛv.e,mɛv.e,mɛve,mɛve,mɛveɪ,mɛveɪ
mɛv.u,mɛv.u,mɛvu,mɛvu,mɛvu,mɛvu
mɛv.o,mɛv.o,mɛvo,mɛvo,mɛvoʊ,mɛvoʊ
mɛz.i,mɛz.i,mɛzi,mɛzi,mɛzi,mɛzi
mɛz.e,mɛz.e,mɛze,mɛze,mɛzeɪ,mɛzeɪ
mɛz.u,mɛz.u,mɛzu,mɛzu,mɛzu,mɛzu
mɛz.o,mɛz.o,mɛzo,mɛzo,mɛzoʊ,mɛzoʊ
mɛʃ.i,mɛʃ.i,mɛʃi,mɛʃi,mɛʃi,mɛʃi
mɛʃ.e,mɛʃ.e,mɛʃe,mɛʃe,mɛʃeɪ,mɛʃeɪ
mɛʃ.u,mɛʃ.u,mɛʃu,mɛʃu,mɛʃu,mɛʃu
mɛʃ.o,mɛʃ.o,mɛʃo,mɛʃo,mɛʃoʊ,mɛʃoʊ
mɛʒ.i,mɛʒ.i,mɛʒi,mɛʒi,mɛʒi,mɛʒi
mɛʒ.e,mɛʒ.e,mɛʒe,mɛʒe,mɛʒeɪ,mɛʒeɪ
mɛʒ.u,mɛʒ.u,mɛʒu,mɛʒu,mɛʒu,mɛʒu
mɛʒ.o,mɛʒ.o,mɛʒo,mɛʒo,mɛʒoʊ,mɛʒoʊ
mɛθ.i,mɛθ.i,mɛθi,mɛθi,mɛθi,mɛθi
mɛθ.e,mɛθ.e,mɛθe,mɛθe,mɛθeɪ,mɛθeɪ
mɛθ.u,mɛθ.u,mɛθu,mɛθu,mɛθu,mɛθu
mɛθ.o,mɛθ.o,mɛθo,mɛθo,mɛθoʊ,mɛθoʊ
mɛð.i,mɛð.i,mɛði,mɛði,mɛði,mɛði
mɛð.e,mɛð.e,mɛðe,mɛðe,mɛðeɪ,mɛðeɪ
mɛð.u,mɛð.u,mɛðu,mɛðu,mɛðu,mɛðu
mɛð.o,mɛð.o,mɛðo,mɛðo,mɛðoʊ,mɛðoʊ
nɛm.i,nɛm.i,nɛmi,nɛmi,nɛmi,nɛmi
nɛm.e,nɛm.e,nɛme,nɛme,nɛmeɪ,nɛmeɪ
nɛm.u,nɛm.u,nɛmu,nɛmu,nɛmu,nɛmu
nɛm.o,nɛm.o,nɛmo,nɛmo,nɛmoʊ,nɛmoʊ
nɛn.i,nɛn.i,nɛni,nɛni,nɛni,nɛni
nɛn.e,nɛn.e,nɛne,nɛne,nɛneɪ,nɛneɪ
nɛn.u,nɛn.u,nɛnu,nɛnu,nɛnu,nɛnu
nɛn.o,nɛn.o,nɛno,nɛno,nɛnoʊ,nɛnoʊ
nɛŋ.i,nɛŋ.i,nɛŋi,nɛŋi,nɛŋi,nɛŋi
nɛŋ.e,nɛŋ.e,nɛŋe,nɛŋe,nɛŋeɪ,nɛŋeɪ
nɛŋ.u,nɛŋ.u,nɛŋu,nɛŋu,nɛŋu,nɛŋu
nɛŋ.o,nɛŋ.o,nɛŋo,nɛŋo,nɛŋoʊ,nɛŋoʊ
nɛp.i,nɛp.i,nɛpi,nɛpi,nɛpi,nɛpi
nɛp.e,nɛp.e,nɛpe,nɛpe,nɛpeɪ,nɛpeɪ
nɛp.u,nɛp.u,nɛpu,nɛpu,nɛpu,nɛpu
nɛp.o,nɛp.o,nɛpo,nɛpo,nɛpoʊ,nɛpoʊ
nɛt.i,nɛt.i,nɛti,nɛti,nɛti,nɛti
nɛt.e,nɛt.e,nɛte,nɛte,nɛteɪ,nɛteɪ
nɛt.u,nɛt.u,nɛtu,nɛtu,nɛtu,nɛtu
nɛt.o,nɛt.o,nɛto,nɛto,nɛtoʊ,nɛtoʊ
nɛk.i,nɛk.i,nɛki,nɛki,nɛki,nɛki
nɛk.e,nɛk.e,nɛke,nɛke,nɛkeɪ,nɛkeɪ
nɛk.u,nɛk.u,nɛku,nɛku,nɛku,nɛku
nɛk.o,nɛk.o,nɛko,nɛko,nɛkoʊ,nɛkoʊ
nɛb.i,nɛb.i,nɛbi,nɛbi,nɛbi,nɛbi
nɛb.e,nɛb.e,nɛbe,nɛbe,nɛbeɪ,nɛbeɪ
nɛb.u,nɛb.u,nɛbu,nɛbu,nɛbu,nɛbu
nɛb.o,nɛb.o,nɛbo,nɛbo,nɛboʊ,nɛboʊ
nɛd.i,nɛd.i,nɛdi,nɛdi,nɛdi,nɛdi
nɛd.e,nɛd.e,nɛde,nɛde,nɛdeɪ,nɛdeɪ
nɛd.u,nɛd.u,nɛdu,nɛdu,nɛdu,nɛdu
nɛd.o,nɛd.o,nɛdo,nɛdo,nɛdoʊ,nɛdoʊ
nɛg.i,nɛg.i,nɛgi,nɛgi,nɛgi,nɛgi
nɛg.e,nɛg.e,nɛge,nɛge,nɛgeɪ,nɛgeɪ
nɛg.u,nɛg.u,nɛgu,nɛgu,nɛgu,nɛgu
nɛg.o,nɛg.o,nɛgo,nɛgo,nɛgoʊ,nɛgoʊ
nɛf.i,nɛf.i,nɛfi,nɛfi,nɛfi,nɛfi
nɛf.e,nɛf.e,nɛfe,nɛfe,nɛfeɪ,nɛfeɪ
nɛf.u,nɛf.u,nɛfu,nɛfu,nɛfu,nɛfu
nɛf.o,nɛf.o,nɛfo,nɛfo,nɛfoʊ,nɛfoʊ
nɛs.i,nɛs.i,nɛsi,nɛsi,nɛsi,nɛsi
nɛs.e,nɛs.e,nɛse,nɛse,nɛseɪ,nɛseɪ
nɛs.u,nɛs.u,nɛsu,nɛsu,nɛsu,nɛsu
nɛs.o,nɛs.o,nɛso,nɛso,nɛsoʊ,nɛsoʊ
nɛv.i,nɛv.i,nɛvi,nɛvi,nɛvi,nɛvi
nɛv.e,nɛv.e,nɛve,nɛve,nɛveɪ,nɛveɪ
nɛv.u,nɛv.u,nɛvu,nɛvu,nɛvu,nɛvu
nɛv.o,nɛv.o,nɛvo,nɛvo,nɛvoʊ,nɛvoʊ
nɛz.i,nɛz.i,nɛzi,nɛzi,nɛzi,nɛzi
nɛz.e,nɛz.e,nɛze,nɛze,nɛzeɪ,nɛzeɪ
nɛz.u,nɛz.u,nɛzu,nɛzu,nɛzu,nɛzu
nɛz.o,nɛz.o,nɛzo,nɛzo,nɛzoʊ,nɛzoʊ
nɛʃ.i,nɛʃ.i,nɛʃi,nɛʃi,nɛʃi,nɛʃi
nɛʃ.e,nɛʃ.e,nɛʃe,nɛʃe,nɛʃeɪ,nɛʃeɪ
nɛʃ.u,nɛʃ.u,nɛʃu,nɛʃu,nɛʃu,nɛʃu
nɛʃ.o,nɛʃ.o,nɛʃo,nɛʃo,nɛʃoʊ,nɛʃoʊ
nɛʒ.i,nɛʒ.i,nɛʒi,nɛʒi,nɛʒi,nɛʒi
nɛʒ.e,nɛʒ.e,nɛʒe,nɛʒe,nɛʒeɪ,nɛʒeɪ
nɛʒ.u,nɛʒ.u,nɛʒu,nɛʒu,nɛʒu,nɛʒu
nɛʒ.o,nɛʒ.o,nɛʒo,nɛʒo,nɛʒoʊ,nɛʒoʊ
nɛθ.i,nɛθ.i,nɛθi,nɛθi,nɛθi,nɛθi
nɛθ.e,nɛθ.e,nɛθe,nɛθe,nɛθeɪ,nɛθeɪ
nɛθ.u,nɛθ.u,nɛθu,nɛθu,nɛθu,nɛθu
nɛθ.o,nɛθ.o,nɛθo,nɛθo,nɛθoʊ,nɛθoʊ
nɛð.i,nɛð.i,nɛði,nɛði,nɛði,nɛði
nɛð.e,nɛð.e,nɛðe,nɛðe,nɛðeɪ,nɛðeɪ
nɛð.u,nɛð.u,nɛðu,nɛðu,nɛðu,nɛðu
nɛð.o,nɛð.o,nɛðo,nɛðo,nɛðoʊ,nɛðoʊ
pɛm.i,pɛm.i,pɛmi,pɛmi,pɛmi,pɛmi
pɛm.e,pɛm.e,pɛme,pɛme,pɛmeɪ,pɛmeɪ
pɛm.u,pɛm.u,pɛmu,pɛmu,pɛmu,pɛmu
pɛm.o,pɛm.o,pɛmo,pɛmo,pɛmoʊ,pɛmoʊ
pɛn.i,pɛn.i,pɛni,pɛni,pɛni,pɛni
pɛn.e,pɛn.e,pɛne,pɛne,pɛneɪ,pɛneɪ
pɛn.u,pɛn.u,pɛnu,pɛnu,pɛnu,pɛnu
pɛn.o,pɛn.o,pɛno,pɛno,pɛnoʊ,pɛnoʊ
pɛŋ.i,pɛŋ.i,pɛŋi,pɛŋi,pɛŋi,pɛŋi
pɛŋ.e,pɛŋ.e,pɛŋe,pɛŋe,pɛŋeɪ,pɛŋeɪ
pɛŋ.u,pɛŋ.u,pɛŋu,pɛŋu,pɛŋu,pɛŋu
pɛŋ.o,pɛŋ.o,pɛŋo,pɛŋo,pɛŋoʊ,pɛŋoʊ
pɛp.i,pɛp.i,pɛpi,pɛpi,pɛpi,pɛpi
pɛp.e,pɛp.e,pɛpe,pɛpe,pɛpeɪ,pɛpeɪ
pɛp.u,pɛp.u,pɛpu,pɛpu,pɛpu,pɛpu
pɛp.o,pɛp.o,pɛpo,pɛpo,pɛpoʊ,pɛpoʊ
pɛt.i,pɛt.i,pɛti,pɛti,pɛti,pɛti
pɛt.e,pɛt.e,pɛte,pɛte,pɛteɪ,pɛteɪ
pɛt.u,pɛt.u,pɛtu,pɛtu,pɛtu,pɛtu
pɛt.o,pɛt.o,pɛto,pɛto,pɛtoʊ,pɛtoʊ
pɛk.i,pɛk.i,pɛki,pɛki,pɛki,pɛki
pɛk.e,pɛk.e,pɛke,pɛke,pɛkeɪ,pɛkeɪ
pɛk.u,pɛk.u,pɛku,pɛku,pɛku,pɛku
pɛk.o,pɛk.o,pɛko,pɛko,pɛkoʊ,pɛkoʊ
pɛb.i,pɛb.i,pɛbi,pɛbi,pɛbi,pɛbi
pɛb.e,pɛb.e,pɛbe,pɛbe,pɛbeɪ,pɛbeɪ
pɛb.u,pɛb.u,pɛbu,pɛbu,pɛbu,pɛbu
pɛb.o,pɛb.o,pɛbo,pɛbo,pɛboʊ,pɛboʊ
pɛd.i,pɛd.i,pɛdi,pɛdi,pɛdi,pɛdi
pɛd.e,pɛd.e,pɛde,pɛde,pɛdeɪ,pɛdeɪ
pɛd.u,pɛd.u,pɛdu,pɛdu,pɛdu,pɛdu
pɛd.o,pɛd.o,pɛdo,pɛdo,pɛdoʊ,pɛdoʊ
pɛg.i,pɛg.i,pɛgi,pɛgi,pɛgi,pɛgi
pɛg.e,pɛg.e,pɛge,pɛge,pɛgeɪ,pɛgeɪ
pɛg.u,pɛg.u,pɛgu,pɛgu,pɛgu,pɛgu
pɛg.o,pɛg.o,pɛgo,pɛgo,pɛgoʊ,pɛgoʊ
pɛf.i,pɛf.i,pɛfi,pɛfi,pɛfi,pɛfi
pɛf.e,pɛf.e,pɛfe,pɛfe,pɛfeɪ,pɛfeɪ
pɛf.u,pɛf.u,pɛfu,pɛfu,pɛfu,pɛfu
pɛf.o,pɛf.o,pɛfo,pɛfo,pɛfoʊ,pɛfoʊ
pɛs.i,pɛs.i,pɛsi,pɛsi,pɛsi,pɛsi
pɛs.e,pɛs.e,pɛse,pɛse,pɛseɪ,pɛseɪ
pɛs.u,pɛs.u,pɛsu,pɛsu,pɛsu,pɛsu
pɛs.o,pɛs.o,pɛso,pɛso,pɛsoʊ,pɛsoʊ
pɛv.i,pɛv.i,pɛvi,pɛvi,pɛvi,pɛvi
pɛv.e,pɛv.e,pɛve,pɛve,pɛveɪ,pɛveɪ
pɛv.u,pɛv.u,pɛvu,pɛvu,pɛvu,pɛvu
pɛv.o,pɛv.o,pɛvo,pɛvo,pɛvoʊ,pɛvoʊ
pɛz.i,pɛz.i,pɛzi,pɛzi,pɛzi,pɛzi
pɛz.e,pɛz.e,pɛze,pɛze,pɛzeɪ,pɛzeɪ
pɛz.u,pɛz.u,pɛzu,pɛzu,pɛzu,pɛzu
pɛz.o,pɛz.o,pɛzo,pɛzo,pɛzoʊ,pɛzoʊ
pɛʃ.i,pɛʃ.i,pɛʃi,pɛʃi,pɛʃi,pɛʃi
pɛʃ.e,pɛʃ.e,pɛʃe,pɛʃe,pɛʃeɪ,pɛʃeɪ
pɛʃ.u,pɛʃ.u,pɛʃu,pɛʃu,pɛʃu,pɛʃu
pɛʃ.o,pɛʃ.o,pɛʃo,pɛʃo,pɛʃoʊ,pɛʃoʊ
pɛʒ.i,pɛʒ.i,pɛʒi,pɛʒi,pɛʒi,pɛʒi
pɛʒ.e,pɛʒ.e,pɛʒe,pɛʒe,pɛʒeɪ,pɛʒeɪ
pɛʒ.u,pɛʒ.u,pɛʒu,pɛʒu,pɛʒu,pɛʒu
pɛʒ.o,pɛʒ.o,pɛʒo,pɛʒo,pɛʒoʊ,pɛʒoʊ
pɛθ.i,pɛθ.i,pɛθi,pɛθi,pɛθi,pɛθi
pɛθ.e,pɛθ.e,pɛθe,pɛθe,pɛθeɪ,pɛθeɪ
pɛθ.u,pɛθ.u,pɛθu,pɛθu,pɛθu,pɛθu
pɛθ.o,pɛθ.o,pɛθo,pɛθo,pɛθoʊ,pɛθoʊ
pɛð.i,pɛð.i,pɛði,pɛði,pɛði,pɛði
pɛð.e,pɛð.e,pɛðe,pɛðe,pɛðeɪ,pɛðeɪ
pɛð.u,pɛð.u,pɛðu,pɛðu,pɛðu,pɛðu
pɛð.o,pɛð.o,pɛðo,pɛðo,pɛðoʊ,pɛðoʊ
tɛm.i,tɛm.i,tɛmi,tɛmi,tɛmi,tɛmi
tɛm.e,tɛm.e,tɛme,tɛme,tɛmeɪ,tɛmeɪ
tɛm.u,tɛm.u,tɛmu,tɛmu,tɛmu,tɛmu
tɛm.o,tɛm.o,tɛmo,tɛmo,tɛmoʊ,tɛmoʊ
tɛn.i,tɛn.i,tɛni,tɛni,tɛni,tɛni
tɛn.e,tɛn.e,tɛne,tɛne,tɛneɪ,tɛneɪ
tɛn.u,tɛn.u,tɛnu,tɛnu,tɛnu,tɛnu
tɛn.o,tɛn.o,tɛno,tɛno,tɛnoʊ,tɛnoʊ
tɛŋ.i,tɛŋ.i,tɛŋi,tɛŋi,tɛŋi,tɛŋi
tɛŋ.e,tɛŋ.e,tɛŋe,tɛŋe,tɛŋeɪ,tɛŋeɪ
tɛŋ.u,tɛŋ.u,tɛŋu,tɛŋu,tɛŋu,tɛŋu
tɛŋ.o,tɛŋ.o,tɛŋo,tɛŋo,tɛŋoʊ,tɛŋoʊ
tɛp.i,tɛp.i,tɛpi,tɛpi,tɛpi,tɛpi
tɛp.e,tɛp.e,tɛpe,tɛpe,tɛpeɪ,tɛpeɪ
tɛp.u,tɛp.u,tɛpu,tɛpu,tɛpu,tɛpu
tɛp.o,tɛp.o,tɛpo,tɛpo,tɛpoʊ,tɛpoʊ
tɛt.i,tɛt.i,tɛti,tɛti,tɛti,tɛti
tɛt.e,tɛt.e,tɛte,tɛte,tɛteɪ,tɛteɪ
tɛt.u,tɛt.u,tɛtu,tɛtu,tɛtu,tɛtu
tɛt.o,tɛt.o,tɛto,tɛto,tɛtoʊ,tɛtoʊ
tɛk.i,tɛk.i,tɛki,tɛki,tɛki,tɛki
tɛk.e,tɛk.e,tɛke,tɛke,tɛkeɪ,tɛkeɪ
tɛk.u,tɛk.u,tɛku,tɛku,tɛku,tɛku
tɛk.o,tɛk.o,tɛko,tɛko,tɛkoʊ,tɛkoʊ
tɛb.i,tɛb.i,tɛbi,tɛbi,tɛbi,tɛbi
tɛb.e,tɛb.e,tɛbe,tɛbe,tɛbeɪ,tɛbeɪ
tɛb.u,tɛb.u,tɛbu,tɛbu,tɛbu,tɛbu
tɛb.o,tɛb.o,tɛbo,tɛbo,tɛboʊ,tɛboʊ
tɛd.i,tɛd.i,tɛdi,tɛdi,tɛdi,tɛdi
tɛd.e,tɛd.e,tɛde,tɛde,tɛdeɪ,tɛdeɪ
tɛd.u,tɛd.u,tɛdu,tɛdu,tɛdu,tɛdu
tɛd.o,tɛd.o,tɛdo,tɛdo,tɛdoʊ,tɛdoʊ
tɛg.i,tɛg.i,tɛgi,tɛgi,tɛgi,tɛgi
tɛg.e,tɛg.e,tɛge,tɛge,tɛgeɪ,tɛgeɪ
tɛg.u,tɛg.u,tɛgu,tɛgu,tɛgu,tɛgu
tɛg.o,tɛg.o,tɛgo,tɛgo,tɛgoʊ,tɛgoʊ
tɛf.i,tɛf.i,tɛfi,tɛfi,tɛfi,tɛfi
tɛf.e,tɛf.e,tɛfe,tɛfe,tɛfeɪ,tɛfeɪ
tɛf.u,tɛf.u,tɛfu,tɛfu,tɛfu,tɛfu
tɛf.o,tɛf.o,tɛfo,tɛfo,tɛfoʊ,tɛfoʊ
tɛs.i,tɛs.i,tɛsi,tɛsi,tɛsi,tɛsi
tɛs.e,tɛs.e,tɛse,tɛse,tɛseɪ,tɛseɪ
tɛs.u,tɛs.u,tɛsu,tɛsu,tɛsu,tɛsu
tɛs.o,tɛs.o,tɛso,tɛso,tɛsoʊ,tɛsoʊ
tɛv.i,tɛv.i,tɛvi,tɛvi,tɛvi,tɛvi
tɛv.e,tɛv.e,tɛve,tɛve,tɛveɪ,tɛveɪ
tɛv.u,tɛv.u,tɛvu,tɛvu,tɛvu,tɛvu
tɛv.o,tɛv.o,tɛvo,tɛvo,tɛvoʊ,tɛvoʊ
tɛz.i,tɛz.i,tɛzi,tɛzi,tɛzi,tɛzi
tɛz.e,tɛz.e,tɛze,tɛze,tɛzeɪ,tɛzeɪ
tɛz.u,tɛz.u,tɛzu,tɛzu,tɛzu,tɛzu
tɛz.o,tɛz.o,tɛzo,tɛzo,tɛzoʊ,tɛzoʊ
tɛʃ.i,tɛʃ.i,tɛʃi,tɛʃi,tɛʃi,tɛʃi
tɛʃ.e,tɛʃ.e,tɛʃe,tɛʃe,tɛʃeɪ,tɛʃeɪ
tɛʃ.u,tɛʃ.u,tɛʃu,tɛʃu,tɛʃu,tɛʃu
tɛʃ.o,tɛʃ.o,tɛʃo,tɛʃo,tɛʃoʊ,tɛʃoʊ
tɛʒ.i,tɛʒ.i,tɛʒi,tɛʒi,tɛʒi,tɛʒi
tɛʒ.e,tɛʒ.e,tɛʒe,tɛʒe,tɛʒeɪ,tɛʒeɪ
tɛʒ.u,tɛʒ.u,tɛʒu,tɛʒu,tɛʒu,tɛʒu
tɛʒ.o,tɛʒ.o,tɛʒo,tɛʒo,tɛʒoʊ,tɛʒoʊ
tɛθ.i,tɛθ.i,tɛθi,tɛθi,tɛθi,tɛθi
tɛθ.e,tɛθ.e,tɛθe,tɛθe,tɛθeɪ,tɛθeɪ
tɛθ.u,tɛθ.u,tɛθu,tɛθu,tɛθu,tɛθu
tɛθ.o,tɛθ.o,tɛθo,tɛθo,tɛθoʊ,tɛθoʊ
tɛð.i,tɛð.i,tɛði,tɛði,tɛði,tɛði
tɛð.e,tɛð.e,tɛðe,tɛðe,tɛðeɪ,tɛðeɪ
tɛð.u,tɛð.u,tɛðu,tɛðu,tɛðu,tɛðu
tɛð.o,tɛð.o,tɛðo,tɛðo,tɛðoʊ,tɛðoʊ
kɛm.i,kɛm.i,kɛmi,kɛmi,kɛmi,kɛmi
kɛm.e,kɛm.e,kɛme,kɛme,kɛmeɪ,kɛmeɪ
kɛm.u,kɛm.u,kɛmu,kɛmu,kɛmu,kɛmu
kɛm.o,kɛm.o,kɛmo,kɛmo,kɛmoʊ,kɛmoʊ
kɛn.i,kɛn.i,kɛni,kɛni,kɛni,kɛni
kɛn.e,kɛn.e,kɛne,kɛne,kɛneɪ,kɛneɪ
kɛn.u,kɛn.u,kɛnu,kɛnu,kɛnu,kɛnu
kɛn.o,kɛn.o,kɛno,kɛno,kɛnoʊ,kɛnoʊ
kɛŋ.i,kɛŋ.i,kɛŋi,kɛŋi,kɛŋi,kɛŋi
kɛŋ.e,kɛŋ.e,kɛŋe,kɛŋe,kɛŋeɪ,kɛŋeɪ
kɛŋ.u,kɛŋ.u,kɛŋu,kɛŋu,kɛŋu,kɛŋu
kɛŋ.o,kɛŋ.o,kɛŋo,kɛŋo,kɛŋoʊ,kɛŋoʊ
kɛp.i,kɛp.i,kɛpi,kɛpi,kɛpi,kɛpi
kɛp.e,kɛp.e,kɛpe,kɛpe,kɛpeɪ,kɛpeɪ
kɛp.u,kɛp.u,kɛpu,kɛpu,kɛpu,kɛpu
kɛp.o,kɛp.o,kɛpo,kɛpo,kɛpoʊ,kɛpoʊ
kɛt.i,kɛt.i,kɛti,kɛti,kɛti,kɛti
kɛt.e,kɛt.e,kɛte,kɛte,kɛteɪ,kɛteɪ
kɛt.u,kɛt.u,kɛtu,kɛtu,kɛtu,kɛtu
kɛt.o,kɛt.o,kɛto,kɛto,kɛtoʊ,kɛtoʊ
kɛk.i,kɛk.i,kɛki,kɛki,kɛki,kɛki
kɛk.e,kɛk.e,kɛke,kɛke,kɛkeɪ,kɛkeɪ
kɛk.u,kɛk.u,kɛku,kɛku,kɛku,kɛku
kɛk.o,kɛk.o,kɛko,kɛko,kɛkoʊ,kɛkoʊ
kɛb.i,kɛb.i,kɛbi,kɛbi,kɛbi,kɛbi
kɛb.e,kɛb.e,kɛbe,kɛbe,kɛbeɪ,kɛbeɪ
kɛb.u,kɛb.u,kɛbu,kɛbu,kɛbu,kɛbu
kɛb.o,kɛb.o,kɛbo,kɛbo,kɛboʊ,kɛboʊ
kɛd.i,kɛd.i,kɛdi,kɛdi,kɛdi,kɛdi
kɛd.e,kɛd.e,kɛde,kɛde,kɛdeɪ,kɛdeɪ
kɛd.u,kɛd.u,kɛdu,kɛdu,kɛdu,kɛdu
kɛd.o,kɛd.o,kɛdo,kɛdo,kɛdoʊ,kɛdoʊ
kɛg.i,kɛg.i,kɛgi,kɛgi,kɛgi,kɛgi
kɛg.e,kɛg.e,kɛge,kɛge,kɛgeɪ,kɛgeɪ
kɛg.u,kɛg.u,kɛgu,kɛgu,kɛgu,kɛgu
kɛg.o,kɛg.o,kɛgo,kɛgo,kɛgoʊ,kɛgoʊ
kɛf.i,kɛf.i,kɛfi,kɛfi,kɛfi,kɛfi
kɛf.e,kɛf.e,kɛfe,kɛfe,kɛfeɪ,kɛfeɪ
kɛf.u,kɛf.u,kɛfu,kɛfu,kɛfu,kɛfu
kɛf.o,kɛf.o,kɛfo,kɛfo,kɛfoʊ,kɛfoʊ
kɛs.i,kɛs.i,kɛsi,kɛsi,kɛsi,kɛsi
kɛs.e,kɛs.e,kɛse,kɛse,kɛseɪ,kɛseɪ
kɛs.u,kɛs.u,kɛsu,kɛsu,kɛsu,kɛsu
kɛs.o,kɛs.o,kɛso,kɛso,kɛsoʊ,kɛsoʊ
kɛv.i,kɛv.i,kɛvi,kɛvi,kɛvi,kɛvi
kɛv.e,kɛv.e,kɛve,kɛve,kɛveɪ,kɛveɪ
kɛv.u,kɛv.u,kɛvu,kɛvu,kɛvu,kɛvu
kɛv.o,kɛv.o,kɛvo,kɛvo,kɛvoʊ,kɛvoʊ
kɛz.i,kɛz.i,kɛzi,kɛzi,kɛzi,kɛzi
kɛz.e,kɛz.e,kɛze,kɛze,kɛzeɪ,kɛzeɪ
kɛz.u,kɛz.u,kɛzu,kɛzu,kɛzu,kɛzu
kɛz.o,kɛz.o,kɛzo,kɛzo,kɛzoʊ,kɛzoʊ
kɛʃ.i,kɛʃ.i,kɛʃi,kɛʃi,kɛʃi,kɛʃi
kɛʃ.e,kɛʃ.e,kɛʃe,kɛʃe,kɛʃeɪ,kɛʃeɪ
kɛʃ.u,kɛʃ.u,kɛʃu,kɛʃu,kɛʃu,kɛʃu
kɛʃ.o,kɛʃ.o,kɛʃo,kɛʃo,kɛʃoʊ,kɛʃoʊ
kɛʒ.i,kɛʒ.i,kɛʒi,kɛʒi,kɛʒi,kɛʒi
kɛʒ.e,kɛʒ.e,kɛʒe,kɛʒe,kɛʒeɪ,kɛʒeɪ
kɛʒ.u,kɛʒ.u,kɛʒu,kɛʒu,kɛʒu,kɛʒu
kɛʒ.o,kɛʒ.o,kɛʒo,kɛʒo,kɛʒoʊ,kɛʒoʊ
kɛθ.i,kɛθ.i,kɛθi,kɛθi,kɛθi,kɛθi
kɛθ.e,kɛθ.e,kɛθe,kɛθe,kɛθeɪ,kɛθeɪ
kɛθ.u,kɛθ.u,kɛθu,kɛθu,kɛθu,kɛθu
kɛθ.o,kɛθ.o,kɛθo,kɛθo,kɛθoʊ,kɛθoʊ
kɛð.i,kɛð.i,kɛði,kɛði,kɛði,kɛði
kɛð.e,kɛð.e,kɛðe,kɛðe,kɛðeɪ,kɛðeɪ
kɛð.u,kɛð.u,kɛðu,kɛðu,kɛðu,kɛðu
kɛð.o,kɛð.o,kɛðo,kɛðo,kɛðoʊ,kɛðoʊ
bɛm.i,bɛm.i,bɛmi,bɛmi,bɛmi,bɛmi
bɛm.e,bɛm.e,bɛme,bɛme,bɛmeɪ,bɛmeɪ
bɛm.u,bɛm.u,bɛmu,bɛmu,bɛmu,bɛmu
bɛm.o,bɛm.o,bɛmo,bɛmo,bɛmoʊ,bɛmoʊ
bɛn.i,bɛn.i,bɛni,bɛni,bɛni,bɛni
bɛn.e,bɛn.e,bɛne,bɛne,bɛneɪ,bɛneɪ
bɛn.u,bɛn.u,bɛnu,bɛnu,bɛnu,bɛnu
bɛn.o,bɛn.o,bɛno,bɛno,bɛnoʊ,bɛnoʊ
bɛŋ.i,bɛŋ.i,bɛŋi,bɛŋi,bɛŋi,bɛŋi
bɛŋ.e,bɛŋ.e,bɛŋe,bɛŋe,bɛŋeɪ,bɛŋeɪ
bɛŋ.u,bɛŋ.u,bɛŋu,bɛŋu,bɛŋu,bɛŋu
bɛŋ.o,bɛŋ.o,bɛŋo,bɛŋo,bɛŋoʊ,bɛŋoʊ
bɛp.i,bɛp.i,bɛpi,bɛpi,bɛpi,bɛpi
bɛp.e,bɛp.e,bɛpe,bɛpe,bɛpeɪ,bɛpeɪ
bɛp.u,bɛp.u,bɛpu,bɛpu,bɛpu,bɛpu
bɛp.o,bɛp.o,bɛpo,bɛpo,bɛpoʊ,bɛpoʊ
bɛt.i,bɛt.i,bɛti,bɛti,bɛti,bɛti
bɛt.e,bɛt.e,bɛte,bɛte,bɛteɪ,bɛteɪ
bɛt.u,bɛt.u,bɛtu,bɛtu,bɛtu,bɛtu
bɛt.o,bɛt.o,bɛto,bɛto,bɛtoʊ,bɛtoʊ
bɛk.i,bɛk.i,bɛki,bɛki,bɛki,bɛki
bɛk.e,bɛk.e,bɛke,bɛke,bɛkeɪ,bɛkeɪ
bɛk.u,bɛk.u,bɛku,bɛku,bɛku,bɛku
bɛk.o,bɛk.o,bɛko,bɛko,bɛkoʊ,bɛkoʊ
bɛb.i,bɛb.i,bɛbi,bɛbi,bɛbi,bɛbi
bɛb.e,bɛb.e,bɛbe,bɛbe,bɛbeɪ,bɛbeɪ
bɛb.u,bɛb.u,bɛbu,bɛbu,bɛbu,bɛbu
bɛb.o,bɛb.o,bɛbo,bɛbo,bɛboʊ,bɛboʊ
bɛd.i,bɛd.i,bɛdi,bɛdi,bɛdi,bɛdi
bɛd.e,bɛd.e,bɛde,bɛde,bɛdeɪ,bɛdeɪ
bɛd.u,bɛd.u,bɛdu,bɛdu,bɛdu,bɛdu
bɛd.o,bɛd.o,bɛdo,bɛdo,bɛdoʊ,bɛdoʊ
bɛg.i,bɛg.i,bɛgi,bɛgi,bɛgi,bɛgi
bɛg.e,bɛg.e,bɛge,bɛge,bɛgeɪ,bɛgeɪ
bɛg.u,bɛg.u,bɛgu,bɛgu,bɛgu,bɛgu
bɛg.o,bɛg.o,bɛgo,bɛgo,bɛgoʊ,bɛgoʊ
bɛf.i,bɛf.i,bɛfi,bɛfi,bɛfi,bɛfi
bɛf.e,bɛf.e,bɛfe,bɛfe,bɛfeɪ,bɛfeɪ
bɛf.u,bɛf.u,bɛfu,bɛfu,bɛfu,bɛfu
bɛf.o,bɛf.o,bɛfo,bɛfo,bɛfoʊ,bɛfoʊ
bɛs.i,bɛs.i,bɛsi,bɛsi,bɛsi,bɛsi
bɛs.e,bɛs.e,bɛse,bɛse,bɛseɪ,bɛseɪ
bɛs.u,bɛs.u,bɛsu,bɛsu,bɛsu,bɛsu
bɛs.o,bɛs.o,bɛso,bɛso,bɛsoʊ,bɛsoʊ
bɛv.i,bɛv.i,bɛvi,bɛvi,bɛvi,bɛvi
bɛv.e,bɛv.e,bɛve,bɛve,bɛveɪ,bɛveɪ
bɛv.u,bɛv.u,bɛvu,bɛvu,bɛvu,bɛvu
bɛv.o,bɛv.o,bɛvo,bɛvo,bɛvoʊ,bɛvoʊ
bɛz.i,bɛz.i,bɛzi,bɛzi,bɛzi,bɛzi
bɛz.e,bɛz.e,bɛze,bɛze,bɛzeɪ,bɛzeɪ
bɛz.u,bɛz.u,bɛzu,bɛzu,bɛzu,bɛzu
bɛz.o,bɛz.o,bɛzo,bɛzo,bɛzoʊ,bɛzoʊ
bɛʃ.i,bɛʃ.i,bɛʃi,bɛʃi,bɛʃi,bɛʃi
bɛʃ.e,bɛʃ.e,bɛʃe,bɛʃe,bɛʃeɪ,bɛʃeɪ
bɛʃ.u,bɛʃ.u,bɛʃu,bɛʃu,bɛʃu,bɛʃu
bɛʃ.o,bɛʃ.o,bɛʃo,bɛʃo,bɛʃoʊ,bɛʃoʊ
bɛʒ.i,bɛʒ.i,bɛʒi,bɛʒi,bɛʒi,bɛʒi
bɛʒ.e,bɛʒ.e,bɛʒe,bɛʒe,bɛʒeɪ,bɛʒeɪ
bɛʒ.u,bɛʒ.u,bɛʒu,bɛʒu,bɛʒu,bɛʒu
bɛʒ.o,bɛʒ.o,bɛʒo,bɛʒo,bɛʒoʊ,bɛʒoʊ
bɛθ.i,bɛθ.i,bɛθi,bɛθi,bɛθi,bɛθi
bɛθ.e,bɛθ.e,bɛθe,bɛθe,bɛθeɪ,bɛθeɪ
bɛθ.u,bɛθ.u,bɛθu,bɛθu,bɛθu,bɛθu
bɛθ.o,bɛθ.o,bɛθo,bɛθo,bɛθoʊ,bɛθoʊ
bɛð.i,bɛð.i,bɛði,bɛði,bɛði,bɛði
bɛð.e,bɛð.e,bɛðe,bɛðe,bɛðeɪ,bɛðeɪ
bɛð.u,bɛð.u,bɛðu,bɛðu,bɛðu,bɛðu
bɛð.o,bɛð.o,bɛðo,bɛðo,bɛðoʊ,bɛðoʊ
dɛm.i,dɛm.i,dɛmi,dɛmi,dɛmi,dɛmi
dɛm.e,dɛm.e,dɛme,dɛme,dɛmeɪ,dɛmeɪ
dɛm.u,dɛm.u,dɛmu,dɛmu,dɛmu,dɛmu
dɛm.o,dɛm.o,dɛmo,dɛmo,dɛmoʊ,dɛmoʊ
dɛn.i,dɛn.i,dɛni,dɛni,dɛni,dɛni
dɛn.e,dɛn.e,dɛne,dɛne,dɛneɪ,dɛneɪ
dɛn.u,dɛn.u,dɛnu,dɛnu,dɛnu,dɛnu
dɛn.o,dɛn.o,dɛno,dɛno,dɛnoʊ,dɛnoʊ
dɛŋ.i,dɛŋ.i,dɛŋi,dɛŋi,dɛŋi,dɛŋi
dɛŋ.e,dɛŋ.e,dɛŋe,dɛŋe,dɛŋeɪ,dɛŋeɪ
dɛŋ.u,dɛŋ.u,dɛŋu,dɛŋu,dɛŋu,dɛŋu
dɛŋ.o,dɛŋ.o,dɛŋo,dɛŋo,dɛŋoʊ,dɛŋoʊ
dɛp.i,dɛp.i,dɛpi,dɛpi,dɛpi,dɛpi
dɛp.e,dɛp.e,dɛpe,dɛpe,dɛpeɪ,dɛpeɪ
dɛp.u,dɛp.u,dɛpu,dɛpu,dɛpu,dɛpu
dɛp.o,dɛp.o,dɛpo,dɛpo,dɛpoʊ,dɛpoʊ
dɛt.i,dɛt.i,dɛti,dɛti,dɛti,dɛti
dɛt.e,dɛt.e,dɛte,dɛte,dɛteɪ,dɛteɪ
dɛt.u,dɛt.u,dɛtu,dɛtu,dɛtu,dɛtu
dɛt.o,dɛt.o,dɛto,dɛto,dɛtoʊ,dɛtoʊ
dɛk.i,dɛk.i,dɛki,dɛki,dɛki,dɛki
dɛk.e,dɛk.e,dɛke,dɛke,dɛkeɪ,dɛkeɪ
dɛk.u,dɛk.u,dɛku,dɛku,dɛku,dɛku
dɛk.o,dɛk.o,dɛko,dɛko,dɛkoʊ,dɛkoʊ
dɛb.i,dɛb.i,dɛbi,dɛbi,dɛbi,dɛbi
dɛb.e,dɛb.e,dɛbe,dɛbe,dɛbeɪ,dɛbeɪ
dɛb.u,dɛb.u,dɛbu,dɛbu,dɛbu,dɛbu
dɛb.o,dɛb.o,dɛbo,dɛbo,dɛboʊ,dɛboʊ
dɛd.i,dɛd.i,dɛdi,dɛdi,dɛdi,dɛdi
dɛd.e,dɛd.e,dɛde,dɛde,dɛdeɪ,dɛdeɪ
dɛd.u,dɛd.u,dɛdu,dɛdu,dɛdu,dɛdu
dɛd.o,dɛd.o,dɛdo,dɛdo,dɛdoʊ,dɛdoʊ
dɛg.i,dɛg.i,dɛgi,dɛgi,dɛgi,dɛgi
dɛg.e,dɛg.e,dɛge,dɛge,dɛgeɪ,dɛgeɪ
dɛg.u,dɛg.u,dɛgu,dɛgu,dɛgu,dɛgu
dɛg.o,dɛg.o,dɛgo,dɛgo,dɛgoʊ,dɛgoʊ
dɛf.i,dɛf.i,dɛfi,dɛfi,dɛfi,dɛfi
dɛf.e,dɛf.e,dɛfe,dɛfe,dɛfeɪ,dɛfeɪ
dɛf.u,dɛf.u,dɛfu,dɛfu,dɛfu,dɛfu
dɛf.o,dɛf.o,dɛfo,dɛfo,dɛfoʊ,dɛfoʊ
dɛs.i,dɛs.i,dɛsi,dɛsi,dɛsi,dɛsi
dɛs.e,dɛs.e,dɛse,dɛse,dɛseɪ,dɛseɪ
dɛs.u,dɛs.u,dɛsu,dɛsu,dɛsu,dɛsu
dɛs.o,dɛs.o,dɛso,dɛso,dɛsoʊ,dɛsoʊ
dɛv.i,dɛv.i,dɛvi,dɛvi,dɛvi,dɛvi
dɛv.e,dɛv.e,dɛve,dɛve,dɛveɪ,dɛveɪ
dɛv.u,dɛv.u,dɛvu,dɛvu,dɛvu,dɛvu
dɛv.o,dɛv.o,dɛvo,dɛvo,dɛvoʊ,dɛvoʊ
dɛz.i,dɛz.i,dɛzi,dɛzi,dɛzi,dɛzi
dɛz.e,dɛz.e,dɛze,dɛze,dɛzeɪ,dɛzeɪ
dɛz.u,dɛz.u,dɛzu,dɛzu,dɛzu,dɛzu
dɛz.o,dɛz.o,dɛzo,dɛzo,dɛzoʊ,dɛzoʊ
dɛʃ.i,dɛʃ.i,dɛʃi,dɛʃi,dɛʃi,dɛʃi
dɛʃ.e,dɛʃ.e,dɛʃe,dɛʃe,dɛʃeɪ,dɛʃeɪ
dɛʃ.u,dɛʃ.u,dɛʃu,dɛʃu,dɛʃu,dɛʃu
dɛʃ.o,dɛʃ.o,dɛʃo,dɛʃo,dɛʃoʊ,dɛʃoʊ
dɛʒ.i,dɛʒ.i,dɛʒi,dɛʒi,dɛʒi,dɛʒi
dɛʒ.e,dɛʒ.e,dɛʒe,dɛʒe,dɛʒeɪ,dɛʒeɪ
dɛʒ.u,dɛʒ.u,dɛʒu,dɛʒu,dɛʒu,dɛʒu
dɛʒ.o,dɛʒ.o,dɛʒo,dɛʒo,dɛʒoʊ,dɛʒoʊ
dɛθ.i,dɛθ.i,dɛθi,dɛθi,dɛθi,dɛθi
dɛθ.e,dɛθ.e,dɛθe,dɛθe,dɛθeɪ,dɛθeɪ
dɛθ.u,dɛθ.u,dɛθu,dɛθu,dɛθu,dɛθu
dɛθ.o,dɛθ.o,dɛθo,dɛθo,dɛθoʊ,dɛθoʊ
dɛð.i,dɛð.i,dɛði,dɛði,dɛði,dɛði
dɛð.e,dɛð.e,dɛðe,dɛðe,dɛðeɪ,dɛðeɪ
dɛð.u,dɛð.u,dɛðu,dɛðu,dɛðu,dɛðu
dɛð.o,dɛð.o,dɛðo,dɛðo,dɛðoʊ,dɛðoʊ
gɛm.i,gɛm.i,gɛmi,gɛmi,gɛmi,gɛmi
gɛm.e,gɛm.e,gɛme,gɛme,gɛmeɪ,gɛmeɪ
gɛm.u,gɛm.u,gɛmu,gɛmu,gɛmu,gɛmu
gɛm.o,gɛm.o,gɛmo,gɛmo,gɛmoʊ,gɛmoʊ
gɛn.i,gɛn.i,gɛni,gɛni,gɛni,gɛni
gɛn.e,gɛn.e,gɛne,gɛne,gɛneɪ,gɛneɪ
gɛn.u,gɛn.u,gɛnu,gɛnu,gɛnu,gɛnu
gɛn.o,gɛn.o,gɛno,gɛno,gɛnoʊ,gɛnoʊ
gɛŋ.i,gɛŋ.i,gɛŋi,gɛŋi,gɛŋi,gɛŋi
gɛŋ.e,gɛŋ.e,gɛŋe,gɛŋe,gɛŋeɪ,gɛŋeɪ
gɛŋ.u,gɛŋ.u,gɛŋu,gɛŋu,gɛŋu,gɛŋu
gɛŋ.o,gɛŋ.o,gɛŋo,gɛŋo,gɛŋoʊ,gɛŋoʊ
gɛp.i,gɛp.i,gɛpi,gɛpi,gɛpi,gɛpi
gɛp.e,gɛp.e,gɛpe,gɛpe,gɛpeɪ,gɛpeɪ
gɛp.u,gɛp.u,gɛpu,gɛpu,gɛpu,gɛpu
gɛp.o,gɛp.o,gɛpo,gɛpo,gɛpoʊ,gɛpoʊ
gɛt.i,gɛt.i,gɛti,gɛti,gɛti,gɛti
gɛt.e,gɛt.e,gɛte,gɛte,gɛteɪ,gɛteɪ
gɛt.u,gɛt.u,gɛtu,gɛtu,gɛtu,gɛtu
gɛt.o,gɛt.o,gɛto,gɛto,gɛtoʊ,gɛtoʊ
gɛk.i,gɛk.i,gɛki,gɛki,gɛki,gɛki
gɛk.e,gɛk.e,gɛke,gɛke,gɛkeɪ,gɛkeɪ
gɛk.u,gɛk.u,gɛku,gɛku,gɛku,gɛku
gɛk.o,gɛk.o,gɛko,gɛko,gɛkoʊ,gɛkoʊ
gɛb.i,gɛb.i,gɛbi,gɛbi,gɛbi,gɛbi
gɛb.e,gɛb.e,gɛbe,gɛbe,gɛbeɪ,gɛbeɪ
gɛb.u,gɛb.u,gɛbu,gɛbu,gɛbu,gɛbu
gɛb.o,gɛb.o,gɛbo,gɛbo,gɛboʊ,gɛboʊ
gɛd.i,gɛd.i,gɛdi,gɛdi,gɛdi,gɛdi
gɛd.e,gɛd.e,gɛde,gɛde,gɛdeɪ,gɛdeɪ
gɛd.u,gɛd.u,gɛdu,gɛdu,gɛdu,gɛdu
gɛd.o,gɛd.o,gɛdo,gɛdo,gɛdoʊ,gɛdoʊ
gɛg.i,gɛg.i,gɛgi,gɛgi,gɛgi,gɛgi
gɛg.e,gɛg.e,gɛge,gɛge,gɛgeɪ,gɛgeɪ
gɛg.u,gɛg.u,gɛgu,gɛgu,gɛgu,gɛgu
gɛg.o,gɛg.o,gɛgo,gɛgo,gɛgoʊ,gɛgoʊ
gɛf.i,gɛf.i,gɛfi,gɛfi,gɛfi,gɛfi
gɛf.e,gɛf.e,gɛfe,gɛfe,gɛfeɪ,gɛfeɪ
gɛf.u,gɛf.u,gɛfu,gɛfu,gɛfu,gɛfu
gɛf.o,gɛf.o,gɛfo,gɛfo,gɛfoʊ,gɛfoʊ
gɛs.i,gɛs.i,gɛsi,gɛsi,gɛsi,gɛsi
gɛs.e,gɛs.e,gɛse,gɛse,gɛseɪ,gɛseɪ
gɛs.u,gɛs.u,gɛsu,gɛsu,gɛsu,gɛsu
gɛs.o,gɛs.o,gɛso,gɛso,gɛsoʊ,gɛsoʊ
gɛv.i,gɛv.i,gɛvi,gɛvi,gɛvi,gɛvi
gɛv.e,gɛv.e,gɛve,gɛve,gɛveɪ,gɛveɪ
gɛv.u,gɛv.u,gɛvu,gɛvu,gɛvu,gɛvu
gɛv.o,gɛv.o,gɛvo,gɛvo,gɛvoʊ,gɛvoʊ
gɛz.i,gɛz.i,gɛzi,gɛzi,gɛzi,gɛzi
gɛz.e,gɛz.e,gɛze,gɛze,gɛzeɪ,gɛzeɪ
gɛz.u,gɛz.u,gɛzu,gɛzu,gɛzu,gɛzu
gɛz.o,gɛz.o,gɛzo,gɛzo,gɛzoʊ,gɛzoʊ
gɛʃ.i,gɛʃ.i,gɛʃi,gɛʃi,gɛʃi,gɛʃi
gɛʃ.e,gɛʃ.e,gɛʃe,gɛʃe,gɛʃeɪ,gɛʃeɪ
gɛʃ.u,gɛʃ.u,gɛʃu,gɛʃu,gɛʃu,gɛʃu
gɛʃ.o,gɛʃ.o,gɛʃo,gɛʃo,gɛʃoʊ,gɛʃoʊ
gɛʒ.i,gɛʒ.i,gɛʒi,gɛʒi,gɛʒi,gɛʒi
gɛʒ.e,gɛʒ.e,gɛʒe,gɛʒe,gɛʒeɪ,gɛʒeɪ
gɛʒ.u,gɛʒ.u,gɛʒu,gɛʒu,gɛʒu,gɛʒu
gɛʒ.o,gɛʒ.o,gɛʒo,gɛʒo,gɛʒoʊ,gɛʒoʊ
gɛθ.i,gɛθ.i,gɛθi,gɛθi,gɛθi,gɛθi
gɛθ.e,gɛθ.e,gɛθe,gɛθe,gɛθeɪ,gɛθeɪ
gɛθ.u,gɛθ.u,gɛθu,gɛθu,gɛθu,gɛθu
gɛθ.o,gɛθ.o,gɛθo,gɛθo,gɛθoʊ,gɛθoʊ
gɛð.i,gɛð.i,gɛði,gɛði,gɛði,gɛði
gɛð.e,gɛð.e,gɛðe,gɛðe,gɛðeɪ,gɛðeɪ
gɛð.u,gɛð.u,gɛðu,gɛðu,gɛðu,gɛðu
gɛð.o,gɛð.o,gɛðo,gɛðo,gɛðoʊ,gɛðoʊ
fɛm.i,fɛm.i,fɛmi,fɛmi,fɛmi,fɛmi
fɛm.e,fɛm.e,fɛme,fɛme,fɛmeɪ,fɛmeɪ
fɛm.u,fɛm.u,fɛmu,fɛmu,fɛmu,fɛmu
fɛm.o,fɛm.o,fɛmo,fɛmo,fɛmoʊ,fɛmoʊ
fɛn.i,fɛn.i,fɛni,fɛni,fɛni,fɛni
fɛn.e,fɛn.e,fɛne,fɛne,fɛneɪ,fɛneɪ
fɛn.u,fɛn.u,fɛnu,fɛnu,fɛnu,fɛnu
fɛn.o,fɛn.o,fɛno,fɛno,fɛnoʊ,fɛnoʊ
fɛŋ.i,fɛŋ.i,fɛŋi,fɛŋi,fɛŋi,fɛŋi
fɛŋ.e,fɛŋ.e,fɛŋe,fɛŋe,fɛŋeɪ,fɛŋeɪ
fɛŋ.u,fɛŋ.u,fɛŋu,fɛŋu,fɛŋu,fɛŋu
fɛŋ.o,fɛŋ.o,fɛŋo,fɛŋo,fɛŋoʊ,fɛŋoʊ
fɛp.i,fɛp.i,fɛpi,fɛpi,fɛpi,fɛpi
fɛp.e,fɛp.e,fɛpe,fɛpe,fɛpeɪ,fɛpeɪ
fɛp.u,fɛp.u,fɛpu,fɛpu,fɛpu,fɛpu
fɛp.o,fɛp.o,fɛpo,fɛpo,fɛpoʊ,fɛpoʊ
fɛt.i,fɛt.i,fɛti,fɛti,fɛti,fɛti
fɛt.e,fɛt.e,fɛte,fɛte,fɛteɪ,fɛteɪ
fɛt.u,fɛt.u,fɛtu,fɛtu,fɛtu,fɛtu
fɛt.o,fɛt.o,fɛto,fɛto,fɛtoʊ,fɛtoʊ
fɛk.i,fɛk.i,fɛki,fɛki,fɛki,fɛki
fɛk.e,fɛk.e,fɛke,fɛke,fɛkeɪ,fɛkeɪ
fɛk.u,fɛk.u,fɛku,fɛku,fɛku,fɛku
fɛk.o,fɛk.o,fɛko,fɛko,fɛkoʊ,fɛkoʊ
fɛb.i,fɛb.i,fɛbi,fɛbi,fɛbi,fɛbi
fɛb.e,fɛb.e,fɛbe,fɛbe,fɛbeɪ,fɛbeɪ
fɛb.u,fɛb.u,fɛbu,fɛbu,fɛbu,fɛbu
fɛb.o,fɛb.o,fɛbo,fɛbo,fɛboʊ,fɛboʊ
fɛd.i,fɛd.i,fɛdi,fɛdi,fɛdi,fɛdi
fɛd.e,fɛd.e,fɛde,fɛde,fɛdeɪ,fɛdeɪ
fɛd.u,fɛd.u,fɛdu,fɛdu,fɛdu,fɛdu
fɛd.o,fɛd.o,fɛdo,fɛdo,fɛdoʊ,fɛdoʊ
fɛg.i,fɛg.i,fɛgi,fɛgi,fɛgi,fɛgi
fɛg.e,fɛg.e,fɛge,fɛge,fɛgeɪ,fɛgeɪ
fɛg.u,fɛg.u,fɛgu,fɛgu,fɛgu,fɛgu
fɛg.o,fɛg.o,fɛgo,fɛgo,fɛgoʊ,fɛgoʊ
fɛf.i,fɛf.i,fɛfi,fɛfi,fɛfi,fɛfi
fɛf.e,fɛf.e,fɛfe,fɛfe,fɛfeɪ,fɛfeɪ
fɛf.u,fɛf.u,fɛfu,fɛfu,fɛfu,fɛfu
fɛf.o,fɛf.o,fɛfo,fɛfo,fɛfoʊ,fɛfoʊ
fɛs.i,fɛs.i,fɛsi,fɛsi,fɛsi,fɛsi
fɛs.e,fɛs.e,fɛse,fɛse,fɛseɪ,fɛseɪ
fɛs.u,fɛs.u,fɛsu,fɛsu,fɛsu,fɛsu
fɛs.o,fɛs.o,fɛso,fɛso,fɛsoʊ,fɛsoʊ
fɛv.i,fɛv.i,fɛvi,fɛvi,fɛvi,fɛvi
fɛv.e,fɛv.e,fɛve,fɛve,fɛveɪ,fɛveɪ
fɛv.u,fɛv.u,fɛvu,fɛvu,fɛvu,fɛvu
fɛv.o,fɛv.o,fɛvo,fɛvo,fɛvoʊ,fɛvoʊ
fɛz.i,fɛz.i,fɛzi,fɛzi,fɛzi,fɛzi
fɛz.e,fɛz.e,fɛze,fɛze,fɛzeɪ,fɛzeɪ
fɛz.u,fɛz.u,fɛzu,fɛzu,fɛzu,fɛzu
fɛz.o,fɛz.o,fɛzo,fɛzo,fɛzoʊ,fɛzoʊ
fɛʃ.i,fɛʃ.i,fɛʃi,fɛʃi,fɛʃi,fɛʃi
fɛʃ.e,fɛʃ.e,fɛʃe,fɛʃe,fɛʃeɪ,fɛʃeɪ
fɛʃ.u,fɛʃ.u,fɛʃu,fɛʃu,fɛʃu,fɛʃu
fɛʃ.o,fɛʃ.o,fɛʃo,fɛʃo,fɛʃoʊ,fɛʃoʊ
fɛʒ.i,fɛʒ.i,fɛʒi,fɛʒi,fɛʒi,fɛʒi
fɛʒ.e,fɛʒ.e,fɛʒe,fɛʒe,fɛʒeɪ,fɛʒeɪ
fɛʒ.u,fɛʒ.u,fɛʒu,fɛʒu,fɛʒu,fɛʒu
fɛʒ.o,fɛʒ.o,fɛʒo,fɛʒo,fɛʒoʊ,fɛʒoʊ
fɛθ.i,fɛθ.i,fɛθi,fɛθi,fɛθi,fɛθi
fɛθ.e,fɛθ.e,fɛθe,fɛθe,fɛθeɪ,fɛθeɪ
fɛθ.u,fɛθ.u,fɛθu,fɛθu,fɛθu,fɛθu
fɛθ.o,fɛθ.o,fɛθo,fɛθo,fɛθoʊ,fɛθoʊ
fɛð.i,fɛð.i,fɛði,fɛði,fɛði,fɛði
fɛð.e,fɛð.e,fɛðe,fɛðe,fɛðeɪ,fɛðeɪ
fɛð.u,fɛð.u,fɛðu,fɛðu,fɛðu,fɛðu
fɛð.o,fɛð.o,fɛðo,fɛðo,fɛðoʊ,fɛðoʊ
sɛm.i,sɛm.i,sɛmi,sɛmi,sɛmi,sɛmi
sɛm.e,sɛm.e,sɛme,sɛme,sɛmeɪ,sɛmeɪ
sɛm.u,sɛm.u,sɛmu,sɛmu,sɛmu,sɛmu
sɛm.o,sɛm.o,sɛmo,sɛmo,sɛmoʊ,sɛmoʊ
sɛn.i,sɛn.i,sɛni,sɛni,sɛni,sɛni
sɛn.e,sɛn.e,sɛne,sɛne,sɛneɪ,sɛneɪ
sɛn.u,sɛn.u,sɛnu,sɛnu,sɛnu,sɛnu
sɛn.o,sɛn.o,sɛno,sɛno,sɛnoʊ,sɛnoʊ
sɛŋ.i,sɛŋ.i,sɛŋi,sɛŋi,sɛŋi,sɛŋi
sɛŋ.e,sɛŋ.e,sɛŋe,sɛŋe,sɛŋeɪ,sɛŋeɪ
sɛŋ.u,sɛŋ.u,sɛŋu,sɛŋu,sɛŋu,sɛŋu
sɛŋ.o,sɛŋ.o,sɛŋo,sɛŋo,sɛŋoʊ,sɛŋoʊ
sɛp.i,sɛp.i,sɛpi,sɛpi,sɛpi,sɛpi
sɛp.e,sɛp.e,sɛpe,sɛpe,sɛpeɪ,sɛpeɪ
sɛp.u,sɛp.u,sɛpu,sɛpu,sɛpu,sɛpu
sɛp.o,sɛp.o,sɛpo,sɛpo,sɛpoʊ,sɛpoʊ
sɛt.i,sɛt.i,sɛti,sɛti,sɛti,sɛti
sɛt.e,sɛt.e,sɛte,sɛte,sɛteɪ,sɛteɪ
sɛt.u,sɛt.u,sɛtu,sɛtu,sɛtu,sɛtu
sɛt.o,sɛt.o,sɛto,sɛto,sɛtoʊ,sɛtoʊ
sɛk.i,sɛk.i,sɛki,sɛki,sɛki,sɛki
sɛk.e,sɛk.e,sɛke,sɛke,sɛkeɪ,sɛkeɪ
sɛk.u,sɛk.u,sɛku,sɛku,sɛku,sɛku
sɛk.o,sɛk.o,sɛko,sɛko,sɛkoʊ,sɛkoʊ
sɛb.i,sɛb.i,sɛbi,sɛbi,sɛbi,sɛbi
sɛb.e,sɛb.e,sɛbe,sɛbe,sɛbeɪ,sɛbeɪ
sɛb.u,sɛb.u,sɛbu,sɛbu,sɛbu,sɛbu
sɛb.o,sɛb.o,sɛbo,sɛbo,sɛboʊ,sɛboʊ
sɛd.i,sɛd.i,sɛdi,sɛdi,sɛdi,sɛdi
sɛd.e,sɛd.e,sɛde,sɛde,sɛdeɪ,sɛdeɪ
sɛd.u,sɛd.u,sɛdu,sɛdu,sɛdu,sɛdu
sɛd.o,sɛd.o,sɛdo,sɛdo,sɛdoʊ,sɛdoʊ
sɛg.i,sɛg.i,sɛgi,sɛgi,sɛgi,sɛgi
sɛg.e,sɛg.e,sɛge,sɛge,sɛgeɪ,sɛgeɪ
sɛg.u,sɛg.u,sɛgu,sɛgu,sɛgu,sɛgu
sɛg.o,sɛg.o,sɛgo,sɛgo,sɛgoʊ,sɛgoʊ
sɛf.i,sɛf.i,sɛfi,sɛfi,sɛfi,sɛfi
sɛf.e,sɛf.e,sɛfe,sɛfe,sɛfeɪ,sɛfeɪ
sɛf.u,sɛf.u,sɛfu,sɛfu,sɛfu,sɛfu
sɛf.o,sɛf.o,sɛfo,sɛfo,sɛfoʊ,sɛfoʊ
sɛs.i,sɛs.i,sɛsi,sɛsi,sɛsi,sɛsi
sɛs.e,sɛs.e,sɛse,sɛse,sɛseɪ,sɛseɪ
sɛs.u,sɛs.u,sɛsu,sɛsu,sɛsu,sɛsu
sɛs.o,sɛs.o,sɛso,sɛso,sɛsoʊ,sɛsoʊ
sɛv.i,sɛv.i,sɛvi,sɛvi,sɛvi,sɛvi
sɛv.e,sɛv.e,sɛve,sɛve,sɛveɪ,sɛveɪ
sɛv.u,sɛv.u,sɛvu,sɛvu,sɛvu,sɛvu
sɛv.o,sɛv.o,sɛvo,sɛvo,sɛvoʊ,sɛvoʊ
sɛz.i,sɛz.i,sɛzi,sɛzi,sɛzi,sɛzi
sɛz.e,sɛz.e,sɛze,sɛze,sɛzeɪ,sɛzeɪ
sɛz.u,sɛz.u,sɛzu,sɛzu,sɛzu,sɛzu
sɛz.o,sɛz.o,sɛzo,sɛzo,sɛzoʊ,sɛzoʊ
sɛʃ.i,sɛʃ.i,sɛʃi,sɛʃi,sɛʃi,sɛʃi
sɛʃ.e,sɛʃ.e,sɛʃe,sɛʃe,sɛʃeɪ,sɛʃeɪ
sɛʃ.u,sɛʃ.u,sɛʃu,sɛʃu,sɛʃu,sɛʃu
sɛʃ.o,sɛʃ.o,sɛʃo,sɛʃo,sɛʃoʊ,sɛʃoʊ
sɛʒ.i,sɛʒ.i,sɛʒi,sɛʒi,sɛʒi,sɛʒi
sɛʒ.e,sɛʒ.e,sɛʒe,sɛʒe,sɛʒeɪ,sɛʒeɪ
sɛʒ.u,sɛʒ.u,sɛʒu,sɛʒu,sɛʒu,sɛʒu
sɛʒ.o,sɛʒ.o,sɛʒo,sɛʒo,sɛʒoʊ,sɛʒoʊ
sɛθ.i,sɛθ.i,sɛθi,sɛθi,sɛθi,sɛθi
sɛθ.e,sɛθ.e,sɛθe,sɛθe,sɛθeɪ,sɛθeɪ
sɛθ.u,sɛθ.u,sɛθu,sɛθu,sɛθu,sɛθu
sɛθ.o,sɛθ.o,sɛθo,sɛθo,sɛθoʊ,sɛθoʊ
sɛð.i,sɛð.i,sɛði,sɛði,sɛði,sɛði
sɛð.e,sɛð.e,sɛðe,sɛðe,sɛðeɪ,sɛðeɪ
sɛð.u,sɛð.u,sɛðu,sɛðu,sɛðu,sɛðu
sɛð.o,sɛð.o,sɛðo,sɛðo,sɛðoʊ,sɛðoʊ
vɛm.i,vɛm.i,vɛmi,vɛmi,vɛmi,vɛmi
vɛm.e,vɛm.e,vɛme,vɛme,vɛmeɪ,vɛmeɪ
vɛm.u,vɛm.u,vɛmu,vɛmu,vɛmu,vɛmu
vɛm.o,vɛm.o,vɛmo,vɛmo,vɛmoʊ,vɛmoʊ
vɛn.i,vɛn.i,vɛni,vɛni,vɛni,vɛni
vɛn.e,vɛn.e,vɛne,vɛne,vɛneɪ,vɛneɪ
vɛn.u,vɛn.u,vɛnu,vɛnu,vɛnu,vɛnu
vɛn.o,vɛn.o,vɛno,vɛno,vɛnoʊ,vɛnoʊ
vɛŋ.i,vɛŋ.i,vɛŋi,vɛŋi,vɛŋi,vɛŋi
vɛŋ.e,vɛŋ.e,vɛŋe,vɛŋe,vɛŋeɪ,vɛŋeɪ
vɛŋ.u,vɛŋ.u,vɛŋu,vɛŋu,vɛŋu,vɛŋu
vɛŋ.o,vɛŋ.o,vɛŋo,vɛŋo,vɛŋoʊ,vɛŋoʊ
vɛp.i,vɛp.i,vɛpi,vɛpi,vɛpi,vɛpi
vɛp.e,vɛp.e,vɛpe,vɛpe,vɛpeɪ,vɛpeɪ
vɛp.u,vɛp.u,vɛpu,vɛpu,vɛpu,vɛpu
vɛp.o,vɛp.o,vɛpo,vɛpo,vɛpoʊ,vɛpoʊ
vɛt.i,vɛt.i,vɛti,vɛti,vɛti,vɛti
vɛt.e,vɛt.e,vɛte,vɛte,vɛteɪ,vɛteɪ
vɛt.u,vɛt.u,vɛtu,vɛtu,vɛtu,vɛtu
vɛt.o,vɛt.o,vɛto,vɛto,vɛtoʊ,vɛtoʊ
vɛk.i,vɛk.i,vɛki,vɛki,vɛki,vɛki
vɛk.e,vɛk.e,vɛke,vɛke,vɛkeɪ,vɛkeɪ
vɛk.u,vɛk.u,vɛku,vɛku,vɛku,vɛku
vɛk.o,vɛk.o,vɛko,vɛko,vɛkoʊ,vɛkoʊ
vɛb.i,vɛb.i,vɛbi,vɛbi,vɛbi,vɛbi
vɛb.e,vɛb.e,vɛbe,vɛbe,vɛbeɪ,vɛbeɪ
vɛb.u,vɛb.u,vɛbu,vɛbu,vɛbu,vɛbu
vɛb.o,vɛb.o,vɛbo,vɛbo,vɛboʊ,vɛboʊ
vɛd.i,vɛd.i,vɛdi,vɛdi,vɛdi,vɛdi
vɛd.e,vɛd.e,vɛde,vɛde,vɛdeɪ,vɛdeɪ
vɛd.u,vɛd.u,vɛdu,vɛdu,vɛdu,vɛdu
vɛd.o,vɛd.o,vɛdo,vɛdo,vɛdoʊ,vɛdoʊ
vɛg.i,vɛg.i,vɛgi,vɛgi,vɛgi,vɛgi
vɛg.e,vɛg.e,vɛge,vɛge,vɛgeɪ,vɛgeɪ
vɛg.u,vɛg.u,vɛgu,vɛgu,vɛgu,vɛgu
vɛg.o,vɛg.o,vɛgo,vɛgo,vɛgoʊ,vɛgoʊ
vɛf.i,vɛf.i,vɛfi,vɛfi,vɛfi,vɛfi
vɛf.e,vɛf.e,vɛfe,vɛfe,vɛfeɪ,vɛfeɪ
vɛf.u,vɛf.u,vɛfu,vɛfu,vɛfu,vɛfu
vɛf.o,vɛf.o,vɛfo,vɛfo,vɛfoʊ,vɛfoʊ
vɛs.i,vɛs.i,vɛsi,vɛsi,vɛsi,vɛsi
vɛs.e,vɛs.e,vɛse,vɛse,vɛseɪ,vɛseɪ
vɛs.u,vɛs.u,vɛsu,vɛsu,vɛsu,vɛsu
vɛs.o,vɛs.o,vɛso,vɛso,vɛsoʊ,vɛsoʊ
vɛv.i,vɛv.i,vɛvi,vɛvi,vɛvi,vɛvi
vɛv.e,vɛv.e,vɛve,vɛve,vɛveɪ,vɛveɪ
vɛv.u,vɛv.u,vɛvu,vɛvu,vɛvu,vɛvu
vɛv.o,vɛv.o,vɛvo,vɛvo,vɛvoʊ,vɛvoʊ
vɛz.i,vɛz.i,vɛzi,vɛzi,vɛzi,vɛzi
vɛz.e,vɛz.e,vɛze,vɛze,vɛzeɪ,vɛzeɪ
vɛz.u,vɛz.u,vɛzu,vɛzu,vɛzu,vɛzu
vɛz.o,vɛz.o,vɛzo,vɛzo,vɛzoʊ,vɛzoʊ
vɛʃ.i,vɛʃ.i,vɛʃi,vɛʃi,vɛʃi,vɛʃi
vɛʃ.e,vɛʃ.e,vɛʃe,vɛʃe,vɛʃeɪ,vɛʃeɪ
vɛʃ.u,vɛʃ.u,vɛʃu,vɛʃu,vɛʃu,vɛʃu
vɛʃ.o,vɛʃ.o,vɛʃo,vɛʃo,vɛʃoʊ,vɛʃoʊ
vɛʒ.i,vɛʒ.i,vɛʒi,vɛʒi,vɛʒi,vɛʒi
vɛʒ.e,vɛʒ.e,vɛʒe,vɛʒe,vɛʒeɪ,vɛʒeɪ
vɛʒ.u,vɛʒ.u,vɛʒu,vɛʒu,vɛʒu,vɛʒu
vɛʒ.o,vɛʒ.o,vɛʒo,vɛʒo,vɛʒoʊ,vɛʒoʊ
vɛθ.i,vɛθ.i,vɛθi,vɛθi,vɛθi,vɛθi
vɛθ.e,vɛθ.e,vɛθe,vɛθe,vɛθeɪ,vɛθeɪ
vɛθ.u,vɛθ.u,vɛθu,vɛθu,vɛθu,vɛθu
vɛθ.o,vɛθ.o,vɛθo,vɛθo,vɛθoʊ,vɛθoʊ
vɛð.i,vɛð.i,vɛði,vɛði,vɛði,vɛði
vɛð.e,vɛð.e,vɛðe,vɛðe,vɛðeɪ,vɛðeɪ
vɛð.u,vɛð.u,vɛðu,vɛðu,vɛðu,vɛðu
vɛð.o,vɛð.o,vɛðo,vɛðo,vɛðoʊ,vɛðoʊ
zɛm.i,zɛm.i,zɛmi,zɛmi,zɛmi,zɛmi
zɛm.e,zɛm.e,zɛme,zɛme,zɛmeɪ,zɛmeɪ
zɛm.u,zɛm.u,zɛmu,zɛmu,zɛmu,zɛmu
zɛm.o,zɛm.o,zɛmo,zɛmo,zɛmoʊ,zɛmoʊ
zɛn.i,zɛn.i,zɛni,zɛni,zɛni,zɛni
zɛn.e,zɛn.e,zɛne,zɛne,zɛneɪ,zɛneɪ
zɛn.u,zɛn.u,zɛnu,zɛnu,zɛnu,zɛnu
zɛn.o,zɛn.o,zɛno,zɛno,zɛnoʊ,zɛnoʊ
zɛŋ.i,zɛŋ.i,zɛŋi,zɛŋi,zɛŋi,zɛŋi
zɛŋ.e,zɛŋ.e,zɛŋe,zɛŋe,zɛŋeɪ,zɛŋeɪ
zɛŋ.u,zɛŋ.u,zɛŋu,zɛŋu,zɛŋu,zɛŋu
zɛŋ.o,zɛŋ.o,zɛŋo,zɛŋo,zɛŋoʊ,zɛŋoʊ
zɛp.i,zɛp.i,zɛpi,zɛpi,zɛpi,zɛpi
zɛp.e,zɛp.e,zɛpe,zɛpe,zɛpeɪ,zɛpeɪ
zɛp.u,zɛp.u,zɛpu,zɛpu,zɛpu,zɛpu
zɛp.o,zɛp.o,zɛpo,zɛpo,zɛpoʊ,zɛpoʊ
zɛt.i,zɛt.i,zɛti,zɛti,zɛti,zɛti
zɛt.e,zɛt.e,zɛte,zɛte,zɛteɪ,zɛteɪ
zɛt.u,zɛt.u,zɛtu,zɛtu,zɛtu,zɛtu
zɛt.o,zɛt.o,zɛto,zɛto,zɛtoʊ,zɛtoʊ
zɛk.i,zɛk.i,zɛki,zɛki,zɛki,zɛki
zɛk.e,zɛk.e,zɛke,zɛke,zɛkeɪ,zɛkeɪ
zɛk.u,zɛk.u,zɛku,zɛku,zɛku,zɛku
zɛk.o,zɛk.o,zɛko,zɛko,zɛkoʊ,zɛkoʊ
zɛb.i,zɛb.i,zɛbi,zɛbi,zɛbi,zɛbi
zɛb.e,zɛb.e,zɛbe,zɛbe,zɛbeɪ,zɛbeɪ
zɛb.u,zɛb.u,zɛbu,zɛbu,zɛbu,zɛbu
zɛb.o,zɛb.o,zɛbo,zɛbo,zɛboʊ,zɛboʊ
zɛd.i,zɛd.i,zɛdi,zɛdi,zɛdi,zɛdi
zɛd.e,zɛd.e,zɛde,zɛde,zɛdeɪ,zɛdeɪ
zɛd.u,zɛd.u,zɛdu,zɛdu,zɛdu,zɛdu
zɛd.o,zɛd.o,zɛdo,zɛdo,zɛdoʊ,zɛdoʊ
zɛg.i,zɛg.i,zɛgi,zɛgi,zɛgi,zɛgi
zɛg.e,zɛg.e,zɛge,zɛge,zɛgeɪ,zɛgeɪ
zɛg.u,zɛg.u,zɛgu,zɛgu,zɛgu,zɛgu
zɛg.o,zɛg.o,zɛgo,zɛgo,zɛgoʊ,zɛgoʊ
zɛf.i,zɛf.i,zɛfi,zɛfi,zɛfi,zɛfi
zɛf.e,zɛf.e,zɛfe,zɛfe,zɛfeɪ,zɛfeɪ
zɛf.u,zɛf.u,zɛfu,zɛfu,zɛfu,zɛfu
zɛf.o,zɛf.o,zɛfo,zɛfo,zɛfoʊ,zɛfoʊ
zɛs.i,zɛs.i,zɛsi,zɛsi,zɛsi,zɛsi
zɛs.e,zɛs.e,zɛse,zɛse,zɛseɪ,zɛseɪ
zɛs.u,zɛs.u,zɛsu,zɛsu,zɛsu,zɛsu
zɛs.o,zɛs.o,zɛso,zɛso,zɛsoʊ,zɛsoʊ
zɛv.i,zɛv.i,zɛvi,zɛvi,zɛvi,zɛvi
zɛv.e,zɛv.e,zɛve,zɛve,zɛveɪ,zɛveɪ
zɛv.u,zɛv.u,zɛvu,zɛvu,zɛvu,zɛvu
zɛv.o,zɛv.o,zɛvo,zɛvo,zɛvoʊ,zɛvoʊ
zɛz.i,zɛz.i,zɛzi,zɛzi,zɛzi,zɛzi
zɛz.e,zɛz.e,zɛze,zɛze,zɛzeɪ,zɛzeɪ
zɛz.u,zɛz.u,zɛzu,zɛzu,zɛzu,zɛzu
zɛz.o,zɛz.o,zɛzo,zɛzo,zɛzoʊ,zɛzoʊ
zɛʃ.i,zɛʃ.i,zɛʃi,zɛʃi,zɛʃi,zɛʃi
zɛʃ.e,zɛʃ.e,zɛʃe,zɛʃe,zɛʃeɪ,zɛʃeɪ
zɛʃ.u,zɛʃ.u,zɛʃu,zɛʃu,zɛʃu,zɛʃu
zɛʃ.o,zɛʃ.o,zɛʃo,zɛʃo,zɛʃoʊ,zɛʃoʊ
zɛʒ.i,zɛʒ.i,zɛʒi,zɛʒi,zɛʒi,zɛʒi
zɛʒ.e,zɛʒ.e,zɛʒe,zɛʒe,zɛʒeɪ,zɛʒeɪ
zɛʒ.u,zɛʒ.u,zɛʒu,zɛʒu,zɛʒu,zɛʒu
zɛʒ.o,zɛʒ.o,zɛʒo,zɛʒo,zɛʒoʊ,zɛʒoʊ
zɛθ.i,zɛθ.i,zɛθi,zɛθi,zɛθi,zɛθi
zɛθ.e,zɛθ.e,zɛθe,zɛθe,zɛθeɪ,zɛθeɪ
zɛθ.u,zɛθ.u,zɛθu,zɛθu,zɛθu,zɛθu
zɛθ.o,zɛθ.o,zɛθo,zɛθo,zɛθoʊ,zɛθoʊ
zɛð.i,zɛð.i,zɛði,zɛði,zɛði,zɛði
zɛð.e,zɛð.e,zɛðe,zɛðe,zɛðeɪ,zɛðeɪ
zɛð.u,zɛð.u,zɛðu,zɛðu,zɛðu,zɛðu
zɛð.o,zɛð.o,zɛðo,zɛðo,zɛðoʊ,zɛðoʊ
ʃɛm.i,ʃɛm.i,ʃɛmi,ʃɛmi,ʃɛmi,ʃɛmi
ʃɛm.e,ʃɛm.e,ʃɛme,ʃɛme,ʃɛmeɪ,ʃɛmeɪ
ʃɛm.u,ʃɛm.u,ʃɛmu,ʃɛmu,ʃɛmu,ʃɛmu
ʃɛm.o,ʃɛm.o,ʃɛmo,ʃɛmo,ʃɛmoʊ,ʃɛmoʊ
ʃɛn.i,ʃɛn.i,ʃɛni,ʃɛni,ʃɛni,ʃɛni
ʃɛn.e,ʃɛn.e,ʃɛne,ʃɛne,ʃɛneɪ,ʃɛneɪ
ʃɛn.u,ʃɛn.u,ʃɛnu,ʃɛnu,ʃɛnu,ʃɛnu
ʃɛn.o,ʃɛn.o,ʃɛno,ʃɛno,ʃɛnoʊ,ʃɛnoʊ
ʃɛŋ.i,ʃɛŋ.i,ʃɛŋi,ʃɛŋi,ʃɛŋi,ʃɛŋi
ʃɛŋ.e,ʃɛŋ.e,ʃɛŋe,ʃɛŋe,ʃɛŋeɪ,ʃɛŋeɪ
ʃɛŋ.u,ʃɛŋ.u,ʃɛŋu,ʃɛŋu,ʃɛŋu,ʃɛŋu
ʃɛŋ.o,ʃɛŋ.o,ʃɛŋo,ʃɛŋo,ʃɛŋoʊ,ʃɛŋoʊ
ʃɛp.i,ʃɛp.i,ʃɛpi,ʃɛpi,ʃɛpi,ʃɛpi
ʃɛp.e,ʃɛp.e,ʃɛpe,ʃɛpe,ʃɛpeɪ,ʃɛpeɪ
ʃɛp.u,ʃɛp.u,ʃɛpu,ʃɛpu,ʃɛpu,ʃɛpu
ʃɛp.o,ʃɛp.o,ʃɛpo,ʃɛpo,ʃɛpoʊ,ʃɛpoʊ
ʃɛt.i,ʃɛt.i,ʃɛti,ʃɛti,ʃɛti,ʃɛti
ʃɛt.e,ʃɛt.e,ʃɛte,ʃɛte,ʃɛteɪ,ʃɛteɪ
ʃɛt.u,ʃɛt.u,ʃɛtu,ʃɛtu,ʃɛtu,ʃɛtu
ʃɛt.o,ʃɛt.o,ʃɛto,ʃɛto,ʃɛtoʊ,ʃɛtoʊ
ʃɛk.i,ʃɛk.i,ʃɛki,ʃɛki,ʃɛki,ʃɛki
ʃɛk.e,ʃɛk.e,ʃɛke,ʃɛke,ʃɛkeɪ,ʃɛkeɪ
ʃɛk.u,ʃɛk.u,ʃɛku,ʃɛku,ʃɛku,ʃɛku
ʃɛk.o,ʃɛk.o,ʃɛko,ʃɛko,ʃɛkoʊ,ʃɛkoʊ
ʃɛb.i,ʃɛb.i,ʃɛbi,ʃɛbi,ʃɛbi,ʃɛbi
ʃɛb.e,ʃɛb.e,ʃɛbe,ʃɛbe,ʃɛbeɪ,ʃɛbeɪ
ʃɛb.u,ʃɛb.u,ʃɛbu,ʃɛbu,ʃɛbu,ʃɛbu
ʃɛb.o,ʃɛb.o,ʃɛbo,ʃɛbo,ʃɛboʊ,ʃɛboʊ
ʃɛd.i,ʃɛd.i,ʃɛdi,ʃɛdi,ʃɛdi,ʃɛdi
ʃɛd.e,ʃɛd.e,ʃɛde,ʃɛde,ʃɛdeɪ,ʃɛdeɪ
ʃɛd.u,ʃɛd.u,ʃɛdu,ʃɛdu,ʃɛdu,ʃɛdu
ʃɛd.o,ʃɛd.o,ʃɛdo,ʃɛdo,ʃɛdoʊ,ʃɛdoʊ
ʃɛg.i,ʃɛg.i,ʃɛgi,ʃɛgi,ʃɛgi,ʃɛgi
ʃɛg.e,ʃɛg.e,ʃɛge,ʃɛge,ʃɛgeɪ,ʃɛgeɪ
ʃɛg.u,ʃɛg.u,ʃɛgu,ʃɛgu,ʃɛgu,ʃɛgu
ʃɛg.o,ʃɛg.o,ʃɛgo,ʃɛgo,ʃɛgoʊ,ʃɛgoʊ
ʃɛf.i,ʃɛf.i,ʃɛfi,ʃɛfi,ʃɛfi,ʃɛfi
ʃɛf.e,ʃɛf.e,ʃɛfe,ʃɛfe,ʃɛfeɪ,ʃɛfeɪ
ʃɛf.u,ʃɛf.u,ʃɛfu,ʃɛfu,ʃɛfu,ʃɛfu
ʃɛf.o,ʃɛf.o,ʃɛfo,ʃɛfo,ʃɛfoʊ,ʃɛfoʊ
ʃɛs.i,ʃɛs.i,ʃɛsi,ʃɛsi,ʃɛsi,ʃɛsi
ʃɛs.e,ʃɛs.e,ʃɛse,ʃɛse,ʃɛseɪ,ʃɛseɪ
ʃɛs.u,ʃɛs.u,ʃɛsu,ʃɛsu,ʃɛsu,ʃɛsu
ʃɛs.o,ʃɛs.o,ʃɛso,ʃɛso,ʃɛsoʊ,ʃɛsoʊ
ʃɛv.i,ʃɛv.i,ʃɛvi,ʃɛvi,ʃɛvi,ʃɛvi
ʃɛv.e,ʃɛv.e,ʃɛve,ʃɛve,ʃɛveɪ,ʃɛveɪ
ʃɛv.u,ʃɛv.u,ʃɛvu,ʃɛvu,ʃɛvu,ʃɛvu
ʃɛv.o,ʃɛv.o,ʃɛvo,ʃɛvo,ʃɛvoʊ,ʃɛvoʊ
ʃɛz.i,ʃɛz.i,ʃɛzi,ʃɛzi,ʃɛzi,ʃɛzi
ʃɛz.e,ʃɛz.e,ʃɛze,ʃɛze,ʃɛzeɪ,ʃɛzeɪ
ʃɛz.u,ʃɛz.u,ʃɛzu,ʃɛzu,ʃɛzu,ʃɛzu
ʃɛz.o,ʃɛz.o,ʃɛzo,ʃɛzo,ʃɛzoʊ,ʃɛzoʊ
ʃɛʃ.i,ʃɛʃ.i,ʃɛʃi,ʃɛʃi,ʃɛʃi,ʃɛʃi
ʃɛʃ.e,ʃɛʃ.e,ʃɛʃe,ʃɛʃe,ʃɛʃeɪ,ʃɛʃeɪ
ʃɛʃ.u,ʃɛʃ.u,ʃɛʃu,ʃɛʃu,ʃɛʃu,ʃɛʃu
ʃɛʃ.o,ʃɛʃ.o,ʃɛʃo,ʃɛʃo,ʃɛʃoʊ,ʃɛʃoʊ
ʃɛʒ.i,ʃɛʒ.i,ʃɛʒi,ʃɛʒi,ʃɛʒi,ʃɛʒi
ʃɛʒ.e,ʃɛʒ.e,ʃɛʒe,ʃɛʒe,ʃɛʒeɪ,ʃɛʒeɪ
ʃɛʒ.u,ʃɛʒ.u,ʃɛʒu,ʃɛʒu,ʃɛʒu,ʃɛʒu
ʃɛʒ.o,ʃɛʒ.o,ʃɛʒo,ʃɛʒo,ʃɛʒoʊ,ʃɛʒoʊ
ʃɛθ.i,ʃɛθ.i,ʃɛθi,ʃɛθi,ʃɛθi,ʃɛθi
ʃɛθ.e,ʃɛθ.e,ʃɛθe,ʃɛθe,ʃɛθeɪ,ʃɛθeɪ
ʃɛθ.u,ʃɛθ.u,ʃɛθu,ʃɛθu,ʃɛθu,ʃɛθu
ʃɛθ.o,ʃɛθ.o,ʃɛθo,ʃɛθo,ʃɛθoʊ,ʃɛθoʊ
ʃɛð.i,ʃɛð.i,ʃɛði,ʃɛði,ʃɛði,ʃɛði
ʃɛð.e,ʃɛð.e,ʃɛðe,ʃɛðe,ʃɛðeɪ,ʃɛðeɪ
ʃɛð.u,ʃɛð.u,ʃɛðu,ʃɛðu,ʃɛðu,ʃɛðu
ʃɛð.o,ʃɛð.o,ʃɛðo,ʃɛðo,ʃɛðoʊ,ʃɛðoʊ
ʒɛm.i,ʒɛm.i,ʒɛmi,ʒɛmi,ʒɛmi,ʒɛmi
ʒɛm.e,ʒɛm.e,ʒɛme,ʒɛme,ʒɛmeɪ,ʒɛmeɪ
ʒɛm.u,ʒɛm.u,ʒɛmu,ʒɛmu,ʒɛmu,ʒɛmu
ʒɛm.o,ʒɛm.o,ʒɛmo,ʒɛmo,ʒɛmoʊ,ʒɛmoʊ
ʒɛn.i,ʒɛn.i,ʒɛni,ʒɛni,ʒɛni,ʒɛni
ʒɛn.e,ʒɛn.e,ʒɛne,ʒɛne,ʒɛneɪ,ʒɛneɪ
ʒɛn.u,ʒɛn.u,ʒɛnu,ʒɛnu,ʒɛnu,ʒɛnu
ʒɛn.o,ʒɛn.o,ʒɛno,ʒɛno,ʒɛnoʊ,ʒɛnoʊ
ʒɛŋ.i,ʒɛŋ.i,ʒɛŋi,ʒɛŋi,ʒɛŋi,ʒɛŋi
ʒɛŋ.e,ʒɛŋ.e,ʒɛŋe,ʒɛŋe,ʒɛŋeɪ,ʒɛŋeɪ
ʒɛŋ.u,ʒɛŋ.u,ʒɛŋu,ʒɛŋu,ʒɛŋu,ʒɛŋu
ʒɛŋ.o,ʒɛŋ.o,ʒɛŋo,ʒɛŋo,ʒɛŋoʊ,ʒɛŋoʊ
ʒɛp.i,ʒɛp.i,ʒɛpi,ʒɛpi,ʒɛpi,ʒɛpi
ʒɛp.e,ʒɛp.e,ʒɛpe,ʒɛpe,ʒɛpeɪ,ʒɛpeɪ
ʒɛp.u,ʒɛp.u,ʒɛpu,ʒɛpu,ʒɛpu,ʒɛpu
ʒɛp.o,ʒɛp.o,ʒɛpo,ʒɛpo,ʒɛpoʊ,ʒɛpoʊ
ʒɛt.i,ʒɛt.i,ʒɛti,ʒɛti,ʒɛti,ʒɛti
ʒɛt.e,ʒɛt.e,ʒɛte,ʒɛte,ʒɛteɪ,ʒɛteɪ
ʒɛt.u,ʒɛt.u,ʒɛtu,ʒɛtu,ʒɛtu,ʒɛtu
ʒɛt.o,ʒɛt.o,ʒɛto,ʒɛto,ʒɛtoʊ,ʒɛtoʊ
ʒɛk.i,ʒɛk.i,ʒɛki,ʒɛki,ʒɛki,ʒɛki
ʒɛk.e,ʒɛk.e,ʒɛke,ʒɛke,ʒɛkeɪ,ʒɛkeɪ
ʒɛk.u,ʒɛk.u,ʒɛku,ʒɛku,ʒɛku,ʒɛku
ʒɛk.o,ʒɛk.o,ʒɛko,ʒɛko,ʒɛkoʊ,ʒɛkoʊ
ʒɛb.i,ʒɛb.i,ʒɛbi,ʒɛbi,ʒɛbi,ʒɛbi
ʒɛb.e,ʒɛb.e,ʒɛbe,ʒɛbe,ʒɛbeɪ,ʒɛbeɪ
ʒɛb.u,ʒɛb.u,ʒɛbu,ʒɛbu,ʒɛbu,ʒɛbu
ʒɛb.o,ʒɛb.o,ʒɛbo,ʒɛbo,ʒɛboʊ,ʒɛboʊ
ʒɛd.i,ʒɛd.i,ʒɛdi,ʒɛdi,ʒɛdi,ʒɛdi
ʒɛd.e,ʒɛd.e,ʒɛde,ʒɛde,ʒɛdeɪ,ʒɛdeɪ
ʒɛd.u,ʒɛd.u,ʒɛdu,ʒɛdu,ʒɛdu,ʒɛdu
ʒɛd.o,ʒɛd.o,ʒɛdo,ʒɛdo,ʒɛdoʊ,ʒɛdoʊ
ʒɛg.i,ʒɛg.i,ʒɛgi,ʒɛgi,ʒɛgi,ʒɛgi
ʒɛg.e,ʒɛg.e,ʒɛge,ʒɛge,ʒɛgeɪ,ʒɛgeɪ
ʒɛg.u,ʒɛg.u,ʒɛgu,ʒɛgu,ʒɛgu,ʒɛgu
ʒɛg.o,ʒɛg.o,ʒɛgo,ʒɛgo,ʒɛgoʊ,ʒɛgoʊ
ʒɛf.i,ʒɛf.i,ʒɛfi,ʒɛfi,ʒɛfi,ʒɛfi
ʒɛf.e,ʒɛf.e,ʒɛfe,ʒɛfe,ʒɛfeɪ,ʒɛfeɪ
ʒɛf.u,ʒɛf.u,ʒɛfu,ʒɛfu,ʒɛfu,ʒɛfu
ʒɛf.o,ʒɛf.o,ʒɛfo,ʒɛfo,ʒɛfoʊ,ʒɛfoʊ
ʒɛs.i,ʒɛs.i,ʒɛsi,ʒɛsi,ʒɛsi,ʒɛsi
ʒɛs.e,ʒɛs.e,ʒɛse,ʒɛse,ʒɛseɪ,ʒɛseɪ
ʒɛs.u,ʒɛs.u,ʒɛsu,ʒɛsu,ʒɛsu,ʒɛsu
ʒɛs.o,ʒɛs.o,ʒɛso,ʒɛso,ʒɛsoʊ,ʒɛsoʊ
ʒɛv.i,ʒɛv.i,ʒɛvi,ʒɛvi,ʒɛvi,ʒɛvi
ʒɛv.e,ʒɛv.e,ʒɛve,ʒɛve,ʒɛveɪ,ʒɛveɪ
ʒɛv.u,ʒɛv.u,ʒɛvu,ʒɛvu,ʒɛvu,ʒɛvu
ʒɛv.o,ʒɛv.o,ʒɛvo,ʒɛvo,ʒɛvoʊ,ʒɛvoʊ
ʒɛz.i,ʒɛz.i,ʒɛzi,ʒɛzi,ʒɛzi,ʒɛzi
ʒɛz.e,ʒɛz.e,ʒɛze,ʒɛze,ʒɛzeɪ,ʒɛzeɪ
ʒɛz.u,ʒɛz.u,ʒɛzu,ʒɛzu,ʒɛzu,ʒɛzu
ʒɛz.o,ʒɛz.o,ʒɛzo,ʒɛzo,ʒɛzoʊ,ʒɛzoʊ
ʒɛʃ.i,ʒɛʃ.i,ʒɛʃi,ʒɛʃi,ʒɛʃi,ʒɛʃi
ʒɛʃ.e,ʒɛʃ.e,ʒɛʃe,ʒɛʃe,ʒɛʃeɪ,ʒɛʃeɪ
ʒɛʃ.u,ʒɛʃ.u,ʒɛʃu,ʒɛʃu,ʒɛʃu,ʒɛʃu
ʒɛʃ.o,ʒɛʃ.o,ʒɛʃo,ʒɛʃo,ʒɛʃoʊ,ʒɛʃoʊ
ʒɛʒ.i,ʒɛʒ.i,ʒɛʒi,ʒɛʒi,ʒɛʒi,ʒɛʒi
ʒɛʒ.e,ʒɛʒ.e,ʒɛʒe,ʒɛʒe,ʒɛʒeɪ,ʒɛʒeɪ
ʒɛʒ.u,ʒɛʒ.u,ʒɛʒu,ʒɛʒu,ʒɛʒu,ʒɛʒu
ʒɛʒ.o,ʒɛʒ.o,ʒɛʒo,ʒɛʒo,ʒɛʒoʊ,ʒɛʒoʊ
ʒɛθ.i,ʒɛθ.i,ʒɛθi,ʒɛθi,ʒɛθi,ʒɛθi
ʒɛθ.e,ʒɛθ.e,ʒɛθe,ʒɛθe,ʒɛθeɪ,ʒɛθeɪ
ʒɛθ.u,ʒɛθ.u,ʒɛθu,ʒɛθu,ʒɛθu,ʒɛθu
ʒɛθ.o,ʒɛθ.o,ʒɛθo,ʒɛθo,ʒɛθoʊ,ʒɛθoʊ
ʒɛð.i,ʒɛð.i,ʒɛði,ʒɛði,ʒɛði,ʒɛði
ʒɛð.e,ʒɛð.e,ʒɛðe,ʒɛðe,ʒɛðeɪ,ʒɛðeɪ
ʒɛð.u,ʒɛð.u,ʒɛðu,ʒɛðu,ʒɛðu,ʒɛðu
ʒɛð.o,ʒɛð.o,ʒɛðo,ʒɛðo,ʒɛðoʊ,ʒɛðoʊ
θɛm.i,θɛm.i,θɛmi,θɛmi,θɛmi,θɛmi
θɛm.e,θɛm.e,θɛme,θɛme,θɛmeɪ,θɛmeɪ
θɛm.u,θɛm.u,θɛmu,θɛmu,θɛmu,θɛmu
θɛm.o,θɛm.o,θɛmo,θɛmo,θɛmoʊ,θɛmoʊ
θɛn.i,θɛn.i,θɛni,θɛni,θɛni,θɛni
θɛn.e,θɛn.e,θɛne,θɛne,θɛneɪ,θɛneɪ
θɛn.u,θɛn.u,θɛnu,θɛnu,θɛnu,θɛnu
θɛn.o,θɛn.o,θɛno,θɛno,θɛnoʊ,θɛnoʊ
θɛŋ.i,θɛŋ.i,θɛŋi,θɛŋi,θɛŋi,θɛŋi
θɛŋ.e,θɛŋ.e,θɛŋe,θɛŋe,θɛŋeɪ,θɛŋeɪ
θɛŋ.u,θɛŋ.u,θɛŋu,θɛŋu,θɛŋu,θɛŋu
θɛŋ.o,θɛŋ.o,θɛŋo,θɛŋo,θɛŋoʊ,θɛŋoʊ
θɛp.i,θɛp.i,θɛpi,θɛpi,θɛpi,θɛpi
θɛp.e,θɛp.e,θɛpe,θɛpe,θɛpeɪ,θɛpeɪ
θɛp.u,θɛp.u,θɛpu,θɛpu,θɛpu,θɛpu
θɛp.o,θɛp.o,θɛpo,θɛpo,θɛpoʊ,θɛpoʊ
θɛt.i,θɛt.i,θɛti,θɛti,θɛti,θɛti
θɛt.e,θɛt.e,θɛte,θɛte,θɛteɪ,θɛteɪ
θɛt.u,θɛt.u,θɛtu,θɛtu,θɛtu,θɛtu
θɛt.o,θɛt.o,θɛto,θɛto,θɛtoʊ,θɛtoʊ
θɛk.i,θɛk.i,θɛki,θɛki,θɛki,θɛki
θɛk.e,θɛk.e,θɛke,θɛke,θɛkeɪ,θɛkeɪ
θɛk.u,θɛk.u,θɛku,θɛku,θɛku,θɛku
θɛk.o,θɛk.o,θɛko,θɛko,θɛkoʊ,θɛkoʊ
θɛb.i,θɛb.i,θɛbi,θɛbi,θɛbi,θɛbi
θɛb.e,θɛb.e,θɛbe,θɛbe,θɛbeɪ,θɛbeɪ
θɛb.u,θɛb.u,θɛbu,θɛbu,θɛbu,θɛbu
θɛb.o,θɛb.o,θɛbo,θɛbo,θɛboʊ,θɛboʊ
θɛd.i,θɛd.i,θɛdi,θɛdi,θɛdi,θɛdi
θɛd.e,θɛd.e,θɛde,θɛde,θɛdeɪ,θɛdeɪ
θɛd.u,θɛd.u,θɛdu,θɛdu,θɛdu,θɛdu
θɛd.o,θɛd.o,θɛdo,θɛdo,θɛdoʊ,θɛdoʊ
θɛg.i,θɛg.i,θɛgi,θɛgi,θɛgi,θɛgi
θɛg.e,θɛg.e,θɛge,θɛge,θɛgeɪ,θɛgeɪ
θɛg.u,θɛg.u,θɛgu,θɛgu,θɛgu,θɛgu
θɛg.o,θɛg.o,θɛgo,θɛgo,θɛgoʊ,θɛgoʊ
θɛf.i,θɛf.i,θɛfi,θɛfi,θɛfi,θɛfi
θɛf.e,θɛf.e,θɛfe,θɛfe,θɛfeɪ,θɛfeɪ
θɛf.u,θɛf.u,θɛfu,θɛfu,θɛfu,θɛfu
θɛf.o,θɛf.o,θɛfo,θɛfo,θɛfoʊ,θɛfoʊ
θɛs.i,θɛs.i,θɛsi,θɛsi,θɛsi,θɛsi
θɛs.e,θɛs.e,θɛse,θɛse,θɛseɪ,θɛseɪ
θɛs.u,θɛs.u,θɛsu,θɛsu,θɛsu,θɛsu
θɛs.o,θɛs.o,θɛso,θɛso,θɛsoʊ,θɛsoʊ
θɛv.i,θɛv.i,θɛvi,θɛvi,θɛvi,θɛvi
θɛv.e,θɛv.e,θɛve,θɛve,θɛveɪ,θɛveɪ
θɛv.u,θɛv.u,θɛvu,θɛvu,θɛvu,θɛvu
θɛv.o,θɛv.o,θɛvo,θɛvo,θɛvoʊ,θɛvoʊ
θɛz.i,θɛz.i,θɛzi,θɛzi,θɛzi,θɛzi
θɛz.e,θɛz.e,θɛze,θɛze,θɛzeɪ,θɛzeɪ
θɛz.u,θɛz.u,θɛzu,θɛzu,θɛzu,θɛzu
θɛz.o,θɛz.o,θɛzo,θɛzo,θɛzoʊ,θɛzoʊ
θɛʃ.i,θɛʃ.i,θɛʃi,θɛʃi,θɛʃi,θɛʃi
θɛʃ.e,θɛʃ.e,θɛʃe,θɛʃe,θɛʃeɪ,θɛʃeɪ
θɛʃ.u,θɛʃ.u,θɛʃu,θɛʃu,θɛʃu,θɛʃu
θɛʃ.o,θɛʃ.o,θɛʃo,θɛʃo,θɛʃoʊ,θɛʃoʊ
θɛʒ.i,θɛʒ.i,θɛʒi,θɛʒi,θɛʒi,θɛʒi
θɛʒ.e,θɛʒ.e,θɛʒe,θɛʒe,θɛʒeɪ,θɛʒeɪ
θɛʒ.u,θɛʒ.u,θɛʒu,θɛʒu,θɛʒu,θɛʒu
θɛʒ.o,θɛʒ.o,θɛʒo,θɛʒo,θɛʒoʊ,θɛʒoʊ
θɛθ.i,θɛθ.i,θɛθi,θɛθi,θɛθi,θɛθi
θɛθ.e,θɛθ.e,θɛθe,θɛθe,θɛθeɪ,θɛθeɪ
θɛθ.u,θɛθ.u,θɛθu,θɛθu,θɛθu,θɛθu
θɛθ.o,θɛθ.o,θɛθo,θɛθo,θɛθoʊ,θɛθoʊ
θɛð.i,θɛð.i,θɛði,θɛði,θɛði,θɛði
θɛð.e,θɛð.e,θɛðe,θɛðe,θɛðeɪ,θɛðeɪ
θɛð.u,θɛð.u,θɛðu,θɛðu,θɛðu,θɛðu
θɛð.o,θɛð.o,θɛðo,θɛðo,θɛðoʊ,θɛðoʊ
ðɛm.i,ðɛm.i,ðɛmi,ðɛmi,ðɛmi,ðɛmi
ðɛm.e,ðɛm.e,ðɛme,ðɛme,ðɛmeɪ,ðɛmeɪ
ðɛm.u,ðɛm.u,ðɛmu,ðɛmu,ðɛmu,ðɛmu
ðɛm.o,ðɛm.o,ðɛmo,ðɛmo,ðɛmoʊ,ðɛmoʊ
ðɛn.i,ðɛn.i,ðɛni,ðɛni,ðɛni,ðɛni
ðɛn.e,ðɛn.e,ðɛne,ðɛne,ðɛneɪ,ðɛneɪ
ðɛn.u,ðɛn.u,ðɛnu,ðɛnu,ðɛnu,ðɛnu
ðɛn.o,ðɛn.o,ðɛno,ðɛno,ðɛnoʊ,ðɛnoʊ
ðɛŋ.i,ðɛŋ.i,ðɛŋi,ðɛŋi,ðɛŋi,ðɛŋi
ðɛŋ.e,ðɛŋ.e,ðɛŋe,ðɛŋe,ðɛŋeɪ,ðɛŋeɪ
ðɛŋ.u,ðɛŋ.u,ðɛŋu,ðɛŋu,ðɛŋu,ðɛŋu
ðɛŋ.o,ðɛŋ.o,ðɛŋo,ðɛŋo,ðɛŋoʊ,ðɛŋoʊ
ðɛp.i,ðɛp.i,ðɛpi,ðɛpi,ðɛpi,ðɛpi
ðɛp.e,ðɛp.e,ðɛpe,ðɛpe,ðɛpeɪ,ðɛpeɪ
ðɛp.u,ðɛp.u,ðɛpu,ðɛpu,ðɛpu,ðɛpu
ðɛp.o,ðɛp.o,ðɛpo,ðɛpo,ðɛpoʊ,ðɛpoʊ
ðɛt.i,ðɛt.i,ðɛti,ðɛti,ðɛti,ðɛti
ðɛt.e,ðɛt.e,ðɛte,ðɛte,ðɛteɪ,ðɛteɪ
ðɛt.u,ðɛt.u,ðɛtu,ðɛtu,ðɛtu,ðɛtu
ðɛt.o,ðɛt.o,ðɛto,ðɛto,ðɛtoʊ,ðɛtoʊ
ðɛk.i,ðɛk.i,ðɛki,ðɛki,ðɛki,ðɛki
ðɛk.e,ðɛk.e,ðɛke,ðɛke,ðɛkeɪ,ðɛkeɪ
ðɛk.u,ðɛk.u,ðɛku,ðɛku,ðɛku,ðɛku
ðɛk.o,ðɛk.o,ðɛko,ðɛko,ðɛkoʊ,ðɛkoʊ
ðɛb.i,ðɛb.i,ðɛbi,ðɛbi,ðɛbi,ðɛbi
ðɛb.e,ðɛb.e,ðɛbe,ðɛbe,ðɛbeɪ,ðɛbeɪ
ðɛb.u,ðɛb.u,ðɛbu,ðɛbu,ðɛbu,ðɛbu
ðɛb.o,ðɛb.o,ðɛbo,ðɛbo,ðɛboʊ,ðɛboʊ
ðɛd.i,ðɛd.i,ðɛdi,ðɛdi,ðɛdi,ðɛdi
ðɛd.e,ðɛd.e,ðɛde,ðɛde,ðɛdeɪ,ðɛdeɪ
ðɛd.u,ðɛd.u,ðɛdu,ðɛdu,ðɛdu,ðɛdu
ðɛd.o,ðɛd.o,ðɛdo,ðɛdo,ðɛdoʊ,ðɛdoʊ
ðɛg.i,ðɛg.i,ðɛgi,ðɛgi,ðɛgi,ðɛgi
ðɛg.e,ðɛg.e,ðɛge,ðɛge,ðɛgeɪ,ðɛgeɪ
ðɛg.u,ðɛg.u,ðɛgu,ðɛgu,ðɛgu,ðɛgu
ðɛg.o,ðɛg.o,ðɛgo,ðɛgo,ðɛgoʊ,ðɛgoʊ
ðɛf.i,ðɛf.i,ðɛfi,ðɛfi,ðɛfi,ðɛfi
ðɛf.e,ðɛf.e,ðɛfe,ðɛfe,ðɛfeɪ,ðɛfeɪ
ðɛf.u,ðɛf.u,ðɛfu,ðɛfu,ðɛfu,ðɛfu
ðɛf.o,ðɛf.o,ðɛfo,ðɛfo,ðɛfoʊ,ðɛfoʊ
ðɛs.i,ðɛs.i,ðɛsi,ðɛsi,ðɛsi,ðɛsi
ðɛs.e,ðɛs.e,ðɛse,ðɛse,ðɛseɪ,ðɛseɪ
ðɛs.u,ðɛs.u,ðɛsu,ðɛsu,ðɛsu,ðɛsu
ðɛs.o,ðɛs.o,ðɛso,ðɛso,ðɛsoʊ,ðɛsoʊ
ðɛv.i,ðɛv.i,ðɛvi,ðɛvi,ðɛvi,ðɛvi
ðɛv.e,ðɛv.e,ðɛve,ðɛve,ðɛveɪ,ðɛveɪ
ðɛv.u,ðɛv.u,ðɛvu,ðɛvu,ðɛvu,ðɛvu
ðɛv.o,ðɛv.o,ðɛvo,ðɛvo,ðɛvoʊ,ðɛvoʊ
ðɛz.i,ðɛz.i,ðɛzi,ðɛzi,ðɛzi,ðɛzi
ðɛz.e,ðɛz.e,ðɛze,ðɛze,ðɛzeɪ,ðɛzeɪ
ðɛz.u,ðɛz.u,ðɛzu,ðɛzu,ðɛzu,ðɛzu
ðɛz.o,ðɛz.o,ðɛzo,ðɛzo,ðɛzoʊ,ðɛzoʊ
ðɛʃ.i,ðɛʃ.i,ðɛʃi,ðɛʃi,ðɛʃi,ðɛʃi
ðɛʃ.e,ðɛʃ.e,ðɛʃe,ðɛʃe,ðɛʃeɪ,ðɛʃeɪ
ðɛʃ.u,ðɛʃ.u,ðɛʃu,ðɛʃu,ðɛʃu,ðɛʃu
ðɛʃ.o,ðɛʃ.o,ðɛʃo,ðɛʃo,ðɛʃoʊ,ðɛʃoʊ
ðɛʒ.i,ðɛʒ.i,ðɛʒi,ðɛʒi,ðɛʒi,ðɛʒi
ðɛʒ.e,ðɛʒ.e,ðɛʒe,ðɛʒe,ðɛʒeɪ,ðɛʒeɪ
ðɛʒ.u,ðɛʒ.u,ðɛʒu,ðɛʒu,ðɛʒu,ðɛʒu
ðɛʒ.o,ðɛʒ.o,ðɛʒo,ðɛʒo,ðɛʒoʊ,ðɛʒoʊ
ðɛθ.i,ðɛθ.i,ðɛθi,ðɛθi,ðɛθi,ðɛθi
ðɛθ.e,ðɛθ.e,ðɛθe,ðɛθe,ðɛθeɪ,ðɛθeɪ
ðɛθ.u,ðɛθ.u,ðɛθu,ðɛθu,ðɛθu,ðɛθu
ðɛθ.o,ðɛθ.o,ðɛθo,ðɛθo,ðɛθoʊ,ðɛθoʊ
ðɛð.i,ðɛð.i,ðɛði,ðɛði,ðɛði,ðɛði
ðɛð.e,ðɛð.e,ðɛðe,ðɛðe,ðɛðeɪ,ðɛðeɪ
ðɛð.u,ðɛð.u,ðɛðu,ðɛðu,ðɛðu,ðɛðu
ðɛð.o,ðɛð.o,ðɛðo,ðɛðo,ðɛðoʊ,ðɛðoʊ
hɛm.i,hɛm.i,hɛmi,hɛmi,hɛmi,hɛmi
hɛm.e,hɛm.e,hɛme,hɛme,hɛmeɪ,hɛmeɪ
hɛm.u,hɛm.u,hɛmu,hɛmu,hɛmu,hɛmu
hɛm.o,hɛm.o,hɛmo,hɛmo,hɛmoʊ,hɛmoʊ
hɛn.i,hɛn.i,hɛni,hɛni,hɛni,hɛni
hɛn.e,hɛn.e,hɛne,hɛne,hɛneɪ,hɛneɪ
hɛn.u,hɛn.u,hɛnu,hɛnu,hɛnu,hɛnu
hɛn.o,hɛn.o,hɛno,hɛno,hɛnoʊ,hɛnoʊ
hɛŋ.i,hɛŋ.i,hɛŋi,hɛŋi,hɛŋi,hɛŋi
hɛŋ.e,hɛŋ.e,hɛŋe,hɛŋe,hɛŋeɪ,hɛŋeɪ
hɛŋ.u,hɛŋ.u,hɛŋu,hɛŋu,hɛŋu,hɛŋu
hɛŋ.o,hɛŋ.o,hɛŋo,hɛŋo,hɛŋoʊ,hɛŋoʊ
hɛp.i,hɛp.i,hɛpi,hɛpi,hɛpi,hɛpi
hɛp.e,hɛp.e,hɛpe,hɛpe,hɛpeɪ,hɛpeɪ
hɛp.u,hɛp.u,hɛpu,hɛpu,hɛpu,hɛpu
hɛp.o,hɛp.o,hɛpo,hɛpo,hɛpoʊ,hɛpoʊ
hɛt.i,hɛt.i,hɛti,hɛti,hɛti,hɛti
hɛt.e,hɛt.e,hɛte,hɛte,hɛteɪ,hɛteɪ
hɛt.u,hɛt.u,hɛtu,hɛtu,hɛtu,hɛtu
hɛt.o,hɛt.o,hɛto,hɛto,hɛtoʊ,hɛtoʊ
hɛk.i,hɛk.i,hɛki,hɛki,hɛki,hɛki
hɛk.e,hɛk.e,hɛke,hɛke,hɛkeɪ,hɛkeɪ
hɛk.u,hɛk.u,hɛku,hɛku,hɛku,hɛku
hɛk.o,hɛk.o,hɛko,hɛko,hɛkoʊ,hɛkoʊ
hɛb.i,hɛb.i,hɛbi,hɛbi,hɛbi,hɛbi
hɛb.e,hɛb.e,hɛbe,hɛbe,hɛbeɪ,hɛbeɪ
hɛb.u,hɛb.u,hɛbu,hɛbu,hɛbu,hɛbu
hɛb.o,hɛb.o,hɛbo,hɛbo,hɛboʊ,hɛboʊ
hɛd.i,hɛd.i,hɛdi,hɛdi,hɛdi,hɛdi
hɛd.e,hɛd.e,hɛde,hɛde,hɛdeɪ,hɛdeɪ
hɛd.u,hɛd.u,hɛdu,hɛdu,hɛdu,hɛdu
hɛd.o,hɛd.o,hɛdo,hɛdo,hɛdoʊ,hɛdoʊ
hɛg.i,hɛg.i,hɛgi,hɛgi,hɛgi,hɛgi
hɛg.e,hɛg.e,hɛge,hɛge,hɛgeɪ,hɛgeɪ
hɛg.u,hɛg.u,hɛgu,hɛgu,hɛgu,hɛgu
hɛg.o,hɛg.o,hɛgo,hɛgo,hɛgoʊ,hɛgoʊ
hɛf.i,hɛf.i,hɛfi,hɛfi,hɛfi,hɛfi
hɛf.e,hɛf.e,hɛfe,hɛfe,hɛfeɪ,hɛfeɪ
hɛf.u,hɛf.u,hɛfu,hɛfu,hɛfu,hɛfu
hɛf.o,hɛf.o,hɛfo,hɛfo,hɛfoʊ,hɛfoʊ
hɛs.i,hɛs.i,hɛsi,hɛsi,hɛsi,hɛsi
hɛs.e,hɛs.e,hɛse,hɛse,hɛseɪ,hɛseɪ
hɛs.u,hɛs.u,hɛsu,hɛsu,hɛsu,hɛsu
hɛs.o,hɛs.o,hɛso,hɛso,hɛsoʊ,hɛsoʊ
hɛv.i,hɛv.i,hɛvi,hɛvi,hɛvi,hɛvi
hɛv.e,hɛv.e,hɛve,hɛve,hɛveɪ,hɛveɪ
hɛv.u,hɛv.u,hɛvu,hɛvu,hɛvu,hɛvu
hɛv.o,hɛv.o,hɛvo,hɛvo,hɛvoʊ,hɛvoʊ
hɛz.i,hɛz.i,hɛzi,hɛzi,hɛzi,hɛzi
hɛz.e,hɛz.e,hɛze,hɛze,hɛzeɪ,hɛzeɪ
hɛz.u,hɛz.u,hɛzu,hɛzu,hɛzu,hɛzu
hɛz.o,hɛz.o,hɛzo,hɛzo,hɛzoʊ,hɛzoʊ
hɛʃ.i,hɛʃ.i,hɛʃi,hɛʃi,hɛʃi,hɛʃi
hɛʃ.e,hɛʃ.e,hɛʃe,hɛʃe,hɛʃeɪ,hɛʃeɪ
hɛʃ.u,hɛʃ.u,hɛʃu,hɛʃu,hɛʃu,hɛʃu
hɛʃ.o,hɛʃ.o,hɛʃo,hɛʃo,hɛʃoʊ,hɛʃoʊ
hɛʒ.i,hɛʒ.i,hɛʒi,hɛʒi,hɛʒi,hɛʒi
hɛʒ.e,hɛʒ.e,hɛʒe,hɛʒe,hɛʒeɪ,hɛʒeɪ
hɛʒ.u,hɛʒ.u,hɛʒu,hɛʒu,hɛʒu,hɛʒu
hɛʒ.o,hɛʒ.o,hɛʒo,hɛʒo,hɛʒoʊ,hɛʒoʊ
hɛθ.i,hɛθ.i,hɛθi,hɛθi,hɛθi,hɛθi
hɛθ.e,hɛθ.e,hɛθe,hɛθe,hɛθeɪ,hɛθeɪ
hɛθ.u,hɛθ.u,hɛθu,hɛθu,hɛθu,hɛθu
hɛθ.o,hɛθ.o,hɛθo,hɛθo,hɛθoʊ,hɛθoʊ
hɛð.i,hɛð.i,hɛði,hɛði,hɛði,hɛði
hɛð.e,hɛð.e,hɛðe,hɛðe,hɛðeɪ,hɛðeɪ
hɛð.u,hɛð.u,hɛðu,hɛðu,hɛðu,hɛðu
hɛð.o,hɛð.o,hɛðo,hɛðo,hɛðoʊ,hɛðoʊ
mʊm.i,mʊm.i,mʊmi,mʊmi,mʊmi,mʊmi
mʊm.e,mʊm.e,mʊme,mʊme,mʊmeɪ,mʊmeɪ
mʊm.u,mʊm.u,mʊmu,mʊmu,mʊmu,mʊmu
mʊm.o,mʊm.o,mʊmo,mʊmo,mʊmoʊ,mʊmoʊ
mʊn.i,mʊn.i,mʊni,mʊni,mʊni,mʊni
mʊn.e,mʊn.e,mʊne,mʊne,mʊneɪ,mʊneɪ
mʊn.u,mʊn.u,mʊnu,mʊnu,mʊnu,mʊnu
mʊn.o,mʊn.o,mʊno,mʊno,mʊnoʊ,mʊnoʊ
mʊŋ.i,mʊŋ.i,mʊŋi,mʊŋi,mʊŋi,mʊŋi
mʊŋ.e,mʊŋ.e,mʊŋe,mʊŋe,mʊŋeɪ,mʊŋeɪ
mʊŋ.u,mʊŋ.u,mʊŋu,mʊŋu,mʊŋu,mʊŋu
mʊŋ.o,mʊŋ.o,mʊŋo,mʊŋo,mʊŋoʊ,mʊŋoʊ
mʊp.i,mʊp.i,mʊpi,mʊpi,mʊpi,mʊpi
mʊp.e,mʊp.e,mʊpe,mʊpe,mʊpeɪ,mʊpeɪ
mʊp.u,mʊp.u,mʊpu,mʊpu,mʊpu,mʊpu
mʊp.o,mʊp.o,mʊpo,mʊpo,mʊpoʊ,mʊpoʊ
mʊt.i,mʊt.i,mʊti,mʊti,mʊti,mʊti
mʊt.e,mʊt.e,mʊte,mʊte,mʊteɪ,mʊteɪ
mʊt.u,mʊt.u,mʊtu,mʊtu,mʊtu,mʊtu
mʊt.o,mʊt.o,mʊto,mʊto,mʊtoʊ,mʊtoʊ
mʊk.i,mʊk.i,mʊki,mʊki,mʊki,mʊki
mʊk.e,mʊk.e,mʊke,mʊke,mʊkeɪ,mʊkeɪ
mʊk.u,mʊk.u,mʊku,mʊku,mʊku,mʊku
mʊk.o,mʊk.o,mʊko,mʊko,mʊkoʊ,mʊkoʊ
mʊb.i,mʊb.i,mʊbi,mʊbi,mʊbi,mʊbi
mʊb.e,mʊb.e,mʊbe,mʊbe,mʊbeɪ,mʊbeɪ
mʊb.u,mʊb.u,mʊbu,mʊbu,mʊbu,mʊbu
mʊb.o,mʊb.o,mʊbo,mʊbo,mʊboʊ,mʊboʊ
mʊd.i,mʊd.i,mʊdi,mʊdi,mʊdi,mʊdi
mʊd.e,mʊd.e,mʊde,mʊde,mʊdeɪ,mʊdeɪ
mʊd.u,mʊd.u,mʊdu,mʊdu,mʊdu,mʊdu
mʊd.o,mʊd.o,mʊdo,mʊdo,mʊdoʊ,mʊdoʊ
mʊg.i,mʊg.i,mʊgi,mʊgi,mʊgi,mʊgi
mʊg.e,mʊg.e,mʊge,mʊge,mʊgeɪ,mʊgeɪ
mʊg.u,mʊg.u,mʊgu,mʊgu,mʊgu,mʊgu
mʊg.o,mʊg.o,mʊgo,mʊgo,mʊgoʊ,mʊgoʊ
mʊf.i,mʊf.i,mʊfi,mʊfi,mʊfi,mʊfi
mʊf.e,mʊf.e,mʊfe,mʊfe,mʊfeɪ,mʊfeɪ
mʊf.u,mʊf.u,mʊfu,mʊfu,mʊfu,mʊfu
mʊf.o,mʊf.o,mʊfo,mʊfo,mʊfoʊ,mʊfoʊ
mʊs.i,mʊs.i,mʊsi,mʊsi,mʊsi,mʊsi
mʊs.e,mʊs.e,mʊse,mʊse,mʊseɪ,mʊseɪ
mʊs.u,mʊs.u,mʊsu,mʊsu,mʊsu,mʊsu
mʊs.o,mʊs.o,mʊso,mʊso,mʊsoʊ,mʊsoʊ
mʊv.i,mʊv.i,mʊvi,mʊvi,mʊvi,mʊvi
mʊv.e,mʊv.e,mʊve,mʊve,mʊveɪ,mʊveɪ
mʊv.u,mʊv.u,mʊvu,mʊvu,mʊvu,mʊvu
mʊv.o,mʊv.o,mʊvo,mʊvo,mʊvoʊ,mʊvoʊ
mʊz.i,mʊz.i,mʊzi,mʊzi,mʊzi,mʊzi
mʊz.e,mʊz.e,mʊze,mʊze,mʊzeɪ,mʊzeɪ
mʊz.u,mʊz.u,mʊzu,mʊzu,mʊzu,mʊzu
mʊz.o,mʊz.o,mʊzo,mʊzo,mʊzoʊ,mʊzoʊ
mʊʃ.i,mʊʃ.i,mʊʃi,mʊʃi,mʊʃi,mʊʃi
mʊʃ.e,mʊʃ.e,mʊʃe,mʊʃe,mʊʃeɪ,mʊʃeɪ
mʊʃ.u,mʊʃ.u,mʊʃu,mʊʃu,mʊʃu,mʊʃu
mʊʃ.o,mʊʃ.o,mʊʃo,mʊʃo,mʊʃoʊ,mʊʃoʊ
mʊʒ.i,mʊʒ.i,mʊʒi,mʊʒi,mʊʒi,mʊʒi
mʊʒ.e,mʊʒ.e,mʊʒe,mʊʒe,mʊʒeɪ,mʊʒeɪ
mʊʒ.u,mʊʒ.u,mʊʒu,mʊʒu,mʊʒu,mʊʒu
mʊʒ.o,mʊʒ.o,mʊʒo,mʊʒo,mʊʒoʊ,mʊʒoʊ
mʊθ.i,mʊθ.i,mʊθi,mʊθi,mʊθi,mʊθi
mʊθ.e,mʊθ.e,mʊθe,mʊθe,mʊθeɪ,mʊθeɪ
mʊθ.u,mʊθ.u,mʊθu,mʊθu,mʊθu,mʊθu
mʊθ.o,mʊθ.o,mʊθo,mʊθo,mʊθoʊ,mʊθoʊ
mʊð.i,mʊð.i,mʊði,mʊði,mʊði,mʊði
mʊð.e,mʊð.e,mʊðe,mʊðe,mʊðeɪ,mʊðeɪ
mʊð.u,mʊð.u,mʊðu,mʊðu,mʊðu,mʊðu
mʊð.o,mʊð.o,mʊðo,mʊðo,mʊðoʊ,mʊðoʊ
nʊm.i,nʊm.i,nʊmi,nʊmi,nʊmi,nʊmi
nʊm.e,nʊm.e,nʊme,nʊme,nʊmeɪ,nʊmeɪ
nʊm.u,nʊm.u,nʊmu,nʊmu,nʊmu,nʊmu
nʊm.o,nʊm.o,nʊmo,nʊmo,nʊmoʊ,nʊmoʊ
nʊn.i,nʊn.i,nʊni,nʊni,nʊni,nʊni
nʊn.e,nʊn.e,nʊne,nʊne,nʊneɪ,nʊneɪ
nʊn.u,nʊn.u,nʊnu,nʊnu,nʊnu,nʊnu
nʊn.o,nʊn.o,nʊno,nʊno,nʊnoʊ,nʊnoʊ
nʊŋ.i,nʊŋ.i,nʊŋi,nʊŋi,nʊŋi,nʊŋi
nʊŋ.e,nʊŋ.e,nʊŋe,nʊŋe,nʊŋeɪ,nʊŋeɪ
nʊŋ.u,nʊŋ.u,nʊŋu,nʊŋu,nʊŋu,nʊŋu
nʊŋ.o,nʊŋ.o,nʊŋo,nʊŋo,nʊŋoʊ,nʊŋoʊ
nʊp.i,nʊp.i,nʊpi,nʊpi,nʊpi,nʊpi
nʊp.e,nʊp.e,nʊpe,nʊpe,nʊpeɪ,nʊpeɪ
nʊp.u,nʊp.u,nʊpu,nʊpu,nʊpu,nʊpu
nʊp.o,nʊp.o,nʊpo,nʊpo,nʊpoʊ,nʊpoʊ
nʊt.i,nʊt.i,nʊti,nʊti,nʊti,nʊti
nʊt.e,nʊt.e,nʊte,nʊte,nʊteɪ,nʊteɪ
nʊt.u,nʊt.u,nʊtu,nʊtu,nʊtu,nʊtu
nʊt.o,nʊt.o,nʊto,nʊto,nʊtoʊ,nʊtoʊ
nʊk.i,nʊk.i,nʊki,nʊki,nʊki,nʊki
nʊk.e,nʊk.e,nʊke,nʊke,nʊkeɪ,nʊkeɪ
nʊk.u,nʊk.u,nʊku,nʊku,nʊku,nʊku
nʊk.o,nʊk.o,nʊko,nʊko,nʊkoʊ,nʊkoʊ
nʊb.i,nʊb.i,nʊbi,nʊbi,nʊbi,nʊbi
nʊb.e,nʊb.e,nʊbe,nʊbe,nʊbeɪ,nʊbeɪ
nʊb.u,nʊb.u,nʊbu,nʊbu,nʊbu,nʊbu
nʊb.o,nʊb.o,nʊbo,nʊbo,nʊboʊ,nʊboʊ
nʊd.i,nʊd.i,nʊdi,nʊdi,nʊdi,nʊdi
nʊd.e,nʊd.e,nʊde,nʊde,nʊdeɪ,nʊdeɪ
nʊd.u,nʊd.u,nʊdu,nʊdu,nʊdu,nʊdu
nʊd.o,nʊd.o,nʊdo,nʊdo,nʊdoʊ,nʊdoʊ
nʊg.i,nʊg.i,nʊgi,nʊgi,nʊgi,nʊgi
nʊg.e,nʊg.e,nʊge,nʊge,nʊgeɪ,nʊgeɪ
nʊg.u,nʊg.u,nʊgu,nʊgu,nʊgu,nʊgu
nʊg.o,nʊg.o,nʊgo,nʊgo,nʊgoʊ,nʊgoʊ
nʊf.i,nʊf.i,nʊfi,nʊfi,nʊfi,nʊfi
nʊf.e,nʊf.e,nʊfe,nʊfe,nʊfeɪ,nʊfeɪ
nʊf.u,nʊf.u,nʊfu,nʊfu,nʊfu,nʊfu
nʊf.o,nʊf.o,nʊfo,nʊfo,nʊfoʊ,nʊfoʊ
nʊs.i,nʊs.i,nʊsi,nʊsi,nʊsi,nʊsi
nʊs.e,nʊs.e,nʊse,nʊse,nʊseɪ,nʊseɪ
nʊs.u,nʊs.u,nʊsu,nʊsu,nʊsu,nʊsu
nʊs.o,nʊs.o,nʊso,nʊso,nʊsoʊ,nʊsoʊ
nʊv.i,nʊv.i,nʊvi,nʊvi,nʊvi,nʊvi
nʊv.e,nʊv.e,nʊve,nʊve,nʊveɪ,nʊveɪ
nʊv.u,nʊv.u,nʊvu,nʊvu,nʊvu,nʊvu
nʊv.o,nʊv.o,nʊvo,nʊvo,nʊvoʊ,nʊvoʊ
nʊz.i,nʊz.i,nʊzi,nʊzi,nʊzi,nʊzi
nʊz.e,nʊz.e,nʊze,nʊze,nʊzeɪ,nʊzeɪ
nʊz.u,nʊz.u,nʊzu,nʊzu,nʊzu,nʊzu
nʊz.o,nʊz.o,nʊzo,nʊzo,nʊzoʊ,nʊzoʊ
nʊʃ.i,nʊʃ.i,nʊʃi,nʊʃi,nʊʃi,nʊʃi
nʊʃ.e,nʊʃ.e,nʊʃe,nʊʃe,nʊʃeɪ,nʊʃeɪ
nʊʃ.u,nʊʃ.u,nʊʃu,nʊʃu,nʊʃu,nʊʃu
nʊʃ.o,nʊʃ.o,nʊʃo,nʊʃo,nʊʃoʊ,nʊʃoʊ
nʊʒ.i,nʊʒ.i,nʊʒi,nʊʒi,nʊʒi,nʊʒi
nʊʒ.e,nʊʒ.e,nʊʒe,nʊʒe,nʊʒeɪ,nʊʒeɪ
nʊʒ.u,nʊʒ.u,nʊʒu,nʊʒu,nʊʒu,nʊʒu
nʊʒ.o,nʊʒ.o,nʊʒo,nʊʒo,nʊʒoʊ,nʊʒoʊ
nʊθ.i,nʊθ.i,nʊθi,nʊθi,nʊθi,nʊθi
nʊθ.e,nʊθ.e,nʊθe,nʊθe,nʊθeɪ,nʊθeɪ
nʊθ.u,nʊθ.u,nʊθu,nʊθu,nʊθu,nʊθu
nʊθ.o,nʊθ.o,nʊθo,nʊθo,nʊθoʊ,nʊθoʊ
nʊð.i,nʊð.i,nʊði,nʊði,nʊði,nʊði
nʊð.e,nʊð.e,nʊðe,nʊðe,nʊðeɪ,nʊðeɪ
nʊð.u,nʊð.u,nʊðu,nʊðu,nʊðu,nʊðu
nʊð.o,nʊð.o,nʊðo,nʊðo,nʊðoʊ,nʊðoʊ
pʊm.i,pʊm.i,pʊmi,pʊmi,pʊmi,pʊmi
pʊm.e,pʊm.e,pʊme,pʊme,pʊmeɪ,pʊmeɪ
pʊm.u,pʊm.u,pʊmu,pʊmu,pʊmu,pʊmu
pʊm.o,pʊm.o,pʊmo,pʊmo,pʊmoʊ,pʊmoʊ
pʊn.i,pʊn.i,pʊni,pʊni,pʊni,pʊni
pʊn.e,pʊn.e,pʊne,pʊne,pʊneɪ,pʊneɪ
pʊn.u,pʊn.u,pʊnu,pʊnu,pʊnu,pʊnu
pʊn.o,pʊn.o,pʊno,pʊno,pʊnoʊ,pʊnoʊ
pʊŋ.i,pʊŋ.i,pʊŋi,pʊŋi,pʊŋi,pʊŋi
pʊŋ.e,pʊŋ.e,pʊŋe,pʊŋe,pʊŋeɪ,pʊŋeɪ
pʊŋ.u,pʊŋ.u,pʊŋu,pʊŋu,pʊŋu,pʊŋu
pʊŋ.o,pʊŋ.o,pʊŋo,pʊŋo,pʊŋoʊ,pʊŋoʊ
pʊp.i,pʊp.i,pʊpi,pʊpi,pʊpi,pʊpi
pʊp.e,pʊp.e,pʊpe,pʊpe,pʊpeɪ,pʊpeɪ
pʊp.u,pʊp.u,pʊpu,pʊpu,pʊpu,pʊpu
pʊp.o,pʊp.o,pʊpo,pʊpo,pʊpoʊ,pʊpoʊ
pʊt.i,pʊt.i,pʊti,pʊti,pʊti,pʊti
pʊt.e,pʊt.e,pʊte,pʊte,pʊteɪ,pʊteɪ
pʊt.u,pʊt.u,pʊtu,pʊtu,pʊtu,pʊtu
pʊt.o,pʊt.o,pʊto,pʊto,pʊtoʊ,pʊtoʊ
pʊk.i,pʊk.i,pʊki,pʊki,pʊki,pʊki
pʊk.e,pʊk.e,pʊke,pʊke,pʊkeɪ,pʊkeɪ
pʊk.u,pʊk.u,pʊku,pʊku,pʊku,pʊku
pʊk.o,pʊk.o,pʊko,pʊko,pʊkoʊ,pʊkoʊ
pʊb.i,pʊb.i,pʊbi,pʊbi,pʊbi,pʊbi
pʊb.e,pʊb.e,pʊbe,pʊbe,pʊbeɪ,pʊbeɪ
pʊb.u,pʊb.u,pʊbu,pʊbu,pʊbu,pʊbu
pʊb.o,pʊb.o,pʊbo,pʊbo,pʊboʊ,pʊboʊ
pʊd.i,pʊd.i,pʊdi,pʊdi,pʊdi,pʊdi
pʊd.e,pʊd.e,pʊde,pʊde,pʊdeɪ,pʊdeɪ
pʊd.u,pʊd.u,pʊdu,pʊdu,pʊdu,pʊdu
pʊd.o,pʊd.o,pʊdo,pʊdo,pʊdoʊ,pʊdoʊ
pʊg.i,pʊg.i,pʊgi,pʊgi,pʊgi,pʊgi
pʊg.e,pʊg.e,pʊge,pʊge,pʊgeɪ,pʊgeɪ
pʊg.u,pʊg.u,pʊgu,pʊgu,pʊgu,pʊgu
pʊg.o,pʊg.o,pʊgo,pʊgo,pʊgoʊ,pʊgoʊ
pʊf.i,pʊf.i,pʊfi,pʊfi,pʊfi,pʊfi
pʊf.e,pʊf.e,pʊfe,pʊfe,pʊfeɪ,pʊfeɪ
pʊf.u,pʊf.u,pʊfu,pʊfu,pʊfu,pʊfu
pʊf.o,pʊf.o,pʊfo,pʊfo,pʊfoʊ,pʊfoʊ
pʊs.i,pʊs.i,pʊsi,pʊsi,pʊsi,pʊsi
pʊs.e,pʊs.e,pʊse,pʊse,pʊseɪ,pʊseɪ
pʊs.u,pʊs.u,pʊsu,pʊsu,pʊsu,pʊsu
pʊs.o,pʊs.o,pʊso,pʊso,pʊsoʊ,pʊsoʊ
pʊv.i,pʊv.i,pʊvi,pʊvi,pʊvi,pʊvi
pʊv.e,pʊv.e,pʊve,pʊve,pʊveɪ,pʊveɪ
pʊv.u,pʊv.u,pʊvu,pʊvu,pʊvu,pʊvu
pʊv.o,pʊv.o,pʊvo,pʊvo,pʊvoʊ,pʊvoʊ
pʊz.i,pʊz.i,pʊzi,pʊzi,pʊzi,pʊzi
pʊz.e,pʊz.e,pʊze,pʊze,pʊzeɪ,pʊzeɪ
pʊz.u,pʊz.u,pʊzu,pʊzu,pʊzu,pʊzu
pʊz.o,pʊz.o,pʊzo,pʊzo,pʊzoʊ,pʊzoʊ
pʊʃ.i,pʊʃ.i,pʊʃi,pʊʃi,pʊʃi,pʊʃi
pʊʃ.e,pʊʃ.e,pʊʃe,pʊʃe,pʊʃeɪ,pʊʃeɪ
pʊʃ.u,pʊʃ.u,pʊʃu,pʊʃu,pʊʃu,pʊʃu
pʊʃ.o,pʊʃ.o,pʊʃo,pʊʃo,pʊʃoʊ,pʊʃoʊ
pʊʒ.i,pʊʒ.i,pʊʒi,pʊʒi,pʊʒi,pʊʒi
pʊʒ.e,pʊʒ.e,pʊʒe,pʊʒe,pʊʒeɪ,pʊʒeɪ
pʊʒ.u,pʊʒ.u,pʊʒu,pʊʒu,pʊʒu,pʊʒu
pʊʒ.o,pʊʒ.o,pʊʒo,pʊʒo,pʊʒoʊ,pʊʒoʊ
pʊθ.i,pʊθ.i,pʊθi,pʊθi,pʊθi,pʊθi
pʊθ.e,pʊθ.e,pʊθe,pʊθe,pʊθeɪ,pʊθeɪ
pʊθ.u,pʊθ.u,pʊθu,pʊθu,pʊθu,pʊθu
pʊθ.o,pʊθ.o,pʊθo,pʊθo,pʊθoʊ,pʊθoʊ
pʊð.i,pʊð.i,pʊði,pʊði,pʊði,pʊði
pʊð.e,pʊð.e,pʊðe,pʊðe,pʊðeɪ,pʊðeɪ
pʊð.u,pʊð.u,pʊðu,pʊðu,pʊðu,pʊðu
pʊð.o,pʊð.o,pʊðo,pʊðo,pʊðoʊ,pʊðoʊ
tʊm.i,tʊm.i,tʊmi,tʊmi,tʊmi,tʊmi
tʊm.e,tʊm.e,tʊme,tʊme,tʊmeɪ,tʊmeɪ
tʊm.u,tʊm.u,tʊmu,tʊmu,tʊmu,tʊmu
tʊm.o,tʊm.o,tʊmo,tʊmo,tʊmoʊ,tʊmoʊ
tʊn.i,tʊn.i,tʊni,tʊni,tʊni,tʊni
tʊn.e,tʊn.e,tʊne,tʊne,tʊneɪ,tʊneɪ
tʊn.u,tʊn.u,tʊnu,tʊnu,tʊnu,tʊnu
tʊn.o,tʊn.o,tʊno,tʊno,tʊnoʊ,tʊnoʊ
tʊŋ.i,tʊŋ.i,tʊŋi,tʊŋi,tʊŋi,tʊŋi
tʊŋ.e,tʊŋ.e,tʊŋe,tʊŋe,tʊŋeɪ,tʊŋeɪ
tʊŋ.u,tʊŋ.u,tʊŋu,tʊŋu,tʊŋu,tʊŋu
tʊŋ.o,tʊŋ.o,tʊŋo,tʊŋo,tʊŋoʊ,tʊŋoʊ
tʊp.i,tʊp.i,tʊpi,tʊpi,tʊpi,tʊpi
tʊp.e,tʊp.e,tʊpe,tʊpe,tʊpeɪ,tʊpeɪ
tʊp.u,tʊp.u,tʊpu,tʊpu,tʊpu,tʊpu
tʊp.o,tʊp.o,tʊpo,tʊpo,tʊpoʊ,tʊpoʊ
tʊt.i,tʊt.i,tʊti,tʊti,tʊti,tʊti
tʊt.e,tʊt.e,tʊte,tʊte,tʊteɪ,tʊteɪ
tʊt.u,tʊt.u,tʊtu,tʊtu,tʊtu,tʊtu
tʊt.o,tʊt.o,tʊto,tʊto,tʊtoʊ,tʊtoʊ
tʊk.i,tʊk.i,tʊki,tʊki,tʊki,tʊki
tʊk.e,tʊk.e,tʊke,tʊke,tʊkeɪ,tʊkeɪ
tʊk.u,tʊk.u,tʊku,tʊku,tʊku,tʊku
tʊk.o,tʊk.o,tʊko,tʊko,tʊkoʊ,tʊkoʊ
tʊb.i,tʊb.i,tʊbi,tʊbi,tʊbi,tʊbi
tʊb.e,tʊb.e,tʊbe,tʊbe,tʊbeɪ,tʊbeɪ
tʊb.u,tʊb.u,tʊbu,tʊbu,tʊbu,tʊbu
tʊb.o,tʊb.o,tʊbo,tʊbo,tʊboʊ,tʊboʊ
tʊd.i,tʊd.i,tʊdi,tʊdi,tʊdi,tʊdi
tʊd.e,tʊd.e,tʊde,tʊde,tʊdeɪ,tʊdeɪ
tʊd.u,tʊd.u,tʊdu,tʊdu,tʊdu,tʊdu
tʊd.o,tʊd.o,tʊdo,tʊdo,tʊdoʊ,tʊdoʊ
tʊg.i,tʊg.i,tʊgi,tʊgi,tʊgi,tʊgi
tʊg.e,tʊg.e,tʊge,tʊge,tʊgeɪ,tʊgeɪ
tʊg.u,tʊg.u,tʊgu,tʊgu,tʊgu,tʊgu
tʊg.o,tʊg.o,tʊgo,tʊgo,tʊgoʊ,tʊgoʊ
tʊf.i,tʊf.i,tʊfi,tʊfi,tʊfi,tʊfi
tʊf.e,tʊf.e,tʊfe,tʊfe,tʊfeɪ,tʊfeɪ
tʊf.u,tʊf.u,tʊfu,tʊfu,tʊfu,tʊfu
tʊf.o,tʊf.o,tʊfo,tʊfo,tʊfoʊ,tʊfoʊ
tʊs.i,tʊs.i,tʊsi,tʊsi,tʊsi,tʊsi
tʊs.e,tʊs.e,tʊse,tʊse,tʊseɪ,tʊseɪ
tʊs.u,tʊs.u,tʊsu,tʊsu,tʊsu,tʊsu
tʊs.o,tʊs.o,tʊso,tʊso,tʊsoʊ,tʊsoʊ
tʊv.i,tʊv.i,tʊvi,tʊvi,tʊvi,tʊvi
tʊv.e,tʊv.e,tʊve,tʊve,tʊveɪ,tʊveɪ
tʊv.u,tʊv.u,tʊvu,tʊvu,tʊvu,tʊvu
tʊv.o,tʊv.o,tʊvo,tʊvo,tʊvoʊ,tʊvoʊ
tʊz.i,tʊz.i,tʊzi,tʊzi,tʊzi,tʊzi
tʊz.e,tʊz.e,tʊze,tʊze,tʊzeɪ,tʊzeɪ
tʊz.u,tʊz.u,tʊzu,tʊzu,tʊzu,tʊzu
tʊz.o,tʊz.o,tʊzo,tʊzo,tʊzoʊ,tʊzoʊ
tʊʃ.i,tʊʃ.i,tʊʃi,tʊʃi,tʊʃi,tʊʃi
tʊʃ.e,tʊʃ.e,tʊʃe,tʊʃe,tʊʃeɪ,tʊʃeɪ
tʊʃ.u,tʊʃ.u,tʊʃu,tʊʃu,tʊʃu,tʊʃu
tʊʃ.o,tʊʃ.o,tʊʃo,tʊʃo,tʊʃoʊ,tʊʃoʊ
tʊʒ.i,tʊʒ.i,tʊʒi,tʊʒi,tʊʒi,tʊʒi
tʊʒ.e,tʊʒ.e,tʊʒe,tʊʒe,tʊʒeɪ,tʊʒeɪ
tʊʒ.u,tʊʒ.u,tʊʒu,tʊʒu,tʊʒu,tʊʒu
tʊʒ.o,tʊʒ.o,tʊʒo,tʊʒo,tʊʒoʊ,tʊʒoʊ
tʊθ.i,tʊθ.i,tʊθi,tʊθi,tʊθi,tʊθi
tʊθ.e,tʊθ.e,tʊθe,tʊθe,tʊθeɪ,tʊθeɪ
tʊθ.u,tʊθ.u,tʊθu,tʊθu,tʊθu,tʊθu
tʊθ.o,tʊθ.o,tʊθo,tʊθo,tʊθoʊ,tʊθoʊ
tʊð.i,tʊð.i,tʊði,tʊði,tʊði,tʊði
tʊð.e,tʊð.e,tʊðe,tʊðe,tʊðeɪ,tʊðeɪ
tʊð.u,tʊð.u,tʊðu,tʊðu,tʊðu,tʊðu
tʊð.o,tʊð.o,tʊðo,tʊðo,tʊðoʊ,tʊðoʊ
kʊm.i,kʊm.i,kʊmi,kʊmi,kʊmi,kʊmi
kʊm.e,kʊm.e,kʊme,kʊme,kʊmeɪ,kʊmeɪ
kʊm.u,kʊm.u,kʊmu,kʊmu,kʊmu,kʊmu
kʊm.o,kʊm.o,kʊmo,kʊmo,kʊmoʊ,kʊmoʊ
kʊn.i,kʊn.i,kʊni,kʊni,kʊni,kʊni
kʊn.e,kʊn.e,kʊne,kʊne,kʊneɪ,kʊneɪ
kʊn.u,kʊn.u,kʊnu,kʊnu,kʊnu,kʊnu
kʊn.o,kʊn.o,kʊno,kʊno,kʊnoʊ,kʊnoʊ
kʊŋ.i,kʊŋ.i,kʊŋi,kʊŋi,kʊŋi,kʊŋi
kʊŋ.e,kʊŋ.e,kʊŋe,kʊŋe,kʊŋeɪ,kʊŋeɪ
kʊŋ.u,kʊŋ.u,kʊŋu,kʊŋu,kʊŋu,kʊŋu
kʊŋ.o,kʊŋ.o,kʊŋo,kʊŋo,kʊŋoʊ,kʊŋoʊ
kʊp.i,kʊp.i,kʊpi,kʊpi,kʊpi,kʊpi
kʊp.e,kʊp.e,kʊpe,kʊpe,kʊpeɪ,kʊpeɪ
kʊp.u,kʊp.u,kʊpu,kʊpu,kʊpu,kʊpu
kʊp.o,kʊp.o,kʊpo,kʊpo,kʊpoʊ,kʊpoʊ
kʊt.i,kʊt.i,kʊti,kʊti,kʊti,kʊti
kʊt.e,kʊt.e,kʊte,kʊte,kʊteɪ,kʊteɪ
kʊt.u,kʊt.u,kʊtu,kʊtu,kʊtu,kʊtu
kʊt.o,kʊt.o,kʊto,kʊto,kʊtoʊ,kʊtoʊ
kʊk.i,kʊk.i,kʊki,kʊki,kʊki,kʊki
kʊk.e,kʊk.e,kʊke,kʊke,kʊkeɪ,kʊkeɪ
kʊk.u,kʊk.u,kʊku,kʊku,kʊku,kʊku
kʊk.o,kʊk.o,kʊko,kʊko,kʊkoʊ,kʊkoʊ
kʊb.i,kʊb.i,kʊbi,kʊbi,kʊbi,kʊbi
kʊb.e,kʊb.e,kʊbe,kʊbe,kʊbeɪ,kʊbeɪ
kʊb.u,kʊb.u,kʊbu,kʊbu,kʊbu,kʊbu
kʊb.o,kʊb.o,kʊbo,kʊbo,kʊboʊ,kʊboʊ
kʊd.i,kʊd.i,kʊdi,kʊdi,kʊdi,kʊdi
kʊd.e,kʊd.e,kʊde,kʊde,kʊdeɪ,kʊdeɪ
kʊd.u,kʊd.u,kʊdu,kʊdu,kʊdu,kʊdu
kʊd.o,kʊd.o,kʊdo,kʊdo,kʊdoʊ,kʊdoʊ
kʊg.i,kʊg.i,kʊgi,kʊgi,kʊgi,kʊgi
kʊg.e,kʊg.e,kʊge,kʊge,kʊgeɪ,kʊgeɪ
kʊg.u,kʊg.u,kʊgu,kʊgu,kʊgu,kʊgu
kʊg.o,kʊg.o,kʊgo,kʊgo,kʊgoʊ,kʊgoʊ
kʊf.i,kʊf.i,kʊfi,kʊfi,kʊfi,kʊfi
kʊf.e,kʊf.e,kʊfe,kʊfe,kʊfeɪ,kʊfeɪ
kʊf.u,kʊf.u,kʊfu,kʊfu,kʊfu,kʊfu
kʊf.o,kʊf.o,kʊfo,kʊfo,kʊfoʊ,kʊfoʊ
kʊs.i,kʊs.i,kʊsi,kʊsi,kʊsi,kʊsi
kʊs.e,kʊs.e,kʊse,kʊse,kʊseɪ,kʊseɪ
kʊs.u,kʊs.u,kʊsu,kʊsu,kʊsu,kʊsu
kʊs.o,kʊs.o,kʊso,kʊso,kʊsoʊ,kʊsoʊ
kʊv.i,kʊv.i,kʊvi,kʊvi,kʊvi,kʊvi
kʊv.e,kʊv.e,kʊve,kʊve,kʊveɪ,kʊveɪ
kʊv.u,kʊv.u,kʊvu,kʊvu,kʊvu,kʊvu
kʊv.o,kʊv.o,kʊvo,kʊvo,kʊvoʊ,kʊvoʊ
kʊz.i,kʊz.i,kʊzi,kʊzi,kʊzi,kʊzi
kʊz.e,kʊz.e,kʊze,kʊze,kʊzeɪ,kʊzeɪ
kʊz.u,kʊz.u,kʊzu,kʊzu,kʊzu,kʊzu
kʊz.o,kʊz.o,kʊzo,kʊzo,kʊzoʊ,kʊzoʊ
kʊʃ.i,kʊʃ.i,kʊʃi,kʊʃi,kʊʃi,kʊʃi
kʊʃ.e,kʊʃ.e,kʊʃe,kʊʃe,kʊʃeɪ,kʊʃeɪ
kʊʃ.u,kʊʃ.u,kʊʃu,kʊʃu,kʊʃu,kʊʃu
kʊʃ.o,kʊʃ.o,kʊʃo,kʊʃo,kʊʃoʊ,kʊʃoʊ
kʊʒ.i,kʊʒ.i,kʊʒi,kʊʒi,kʊʒi,kʊʒi
kʊʒ.e,kʊʒ.e,kʊʒe,kʊʒe,kʊʒeɪ,kʊʒeɪ
kʊʒ.u,kʊʒ.u,kʊʒu,kʊʒu,kʊʒu,kʊʒu
kʊʒ.o,kʊʒ.o,kʊʒo,kʊʒo,kʊʒoʊ,kʊʒoʊ
kʊθ.i,kʊθ.i,kʊθi,kʊθi,kʊθi,kʊθi
kʊθ.e,kʊθ.e,kʊθe,kʊθe,kʊθeɪ,kʊθeɪ
kʊθ.u,kʊθ.u,kʊθu,kʊθu,kʊθu,kʊθu
kʊθ.o,kʊθ.o,kʊθo,kʊθo,kʊθoʊ,kʊθoʊ
kʊð.i,kʊð.i,kʊði,kʊði,kʊði,kʊði
kʊð.e,kʊð.e,kʊðe,kʊðe,kʊðeɪ,kʊðeɪ
kʊð.u,kʊð.u,kʊðu,kʊðu,kʊðu,kʊðu
kʊð.o,kʊð.o,kʊðo,kʊðo,kʊðoʊ,kʊðoʊ
bʊm.i,bʊm.i,bʊmi,bʊmi,bʊmi,bʊmi
bʊm.e,bʊm.e,bʊme,bʊme,bʊmeɪ,bʊmeɪ
bʊm.u,bʊm.u,bʊmu,bʊmu,bʊmu,bʊmu
bʊm.o,bʊm.o,bʊmo,bʊmo,bʊmoʊ,bʊmoʊ
bʊn.i,bʊn.i,bʊni,bʊni,bʊni,bʊni
bʊn.e,bʊn.e,bʊne,bʊne,bʊneɪ,bʊneɪ
bʊn.u,bʊn.u,bʊnu,bʊnu,bʊnu,bʊnu
bʊn.o,bʊn.o,bʊno,bʊno,bʊnoʊ,bʊnoʊ
bʊŋ.i,bʊŋ.i,bʊŋi,bʊŋi,bʊŋi,bʊŋi
bʊŋ.e,bʊŋ.e,bʊŋe,bʊŋe,bʊŋeɪ,bʊŋeɪ
bʊŋ.u,bʊŋ.u,bʊŋu,bʊŋu,bʊŋu,bʊŋu
bʊŋ.o,bʊŋ.o,bʊŋo,bʊŋo,bʊŋoʊ,bʊŋoʊ
bʊp.i,bʊp.i,bʊpi,bʊpi,bʊpi,bʊpi
bʊp.e,bʊp.e,bʊpe,bʊpe,bʊpeɪ,bʊpeɪ
bʊp.u,bʊp.u,bʊpu,bʊpu,bʊpu,bʊpu
bʊp.o,bʊp.o,bʊpo,bʊpo,bʊpoʊ,bʊpoʊ
bʊt.i,bʊt.i,bʊti,bʊti,bʊti,bʊti
bʊt.e,bʊt.e,bʊte,bʊte,bʊteɪ,bʊteɪ
bʊt.u,bʊt.u,bʊtu,bʊtu,bʊtu,bʊtu
bʊt.o,bʊt.o,bʊto,bʊto,bʊtoʊ,bʊtoʊ
bʊk.i,bʊk.i,bʊki,bʊki,bʊki,bʊki
bʊk.e,bʊk.e,bʊke,bʊke,bʊkeɪ,bʊkeɪ
bʊk.u,bʊk.u,bʊku,bʊku,bʊku,bʊku
bʊk.o,bʊk.o,bʊko,bʊko,bʊkoʊ,bʊkoʊ
bʊb.i,bʊb.i,bʊbi,bʊbi,bʊbi,bʊbi
bʊb.e,bʊb.e,bʊbe,bʊbe,bʊbeɪ,bʊbeɪ
bʊb.u,bʊb.u,bʊbu,bʊbu,bʊbu,bʊbu
bʊb.o,bʊb.o,bʊbo,bʊbo,bʊboʊ,bʊboʊ
bʊd.i,bʊd.i,bʊdi,bʊdi,bʊdi,bʊdi
bʊd.e,bʊd.e,bʊde,bʊde,bʊdeɪ,bʊdeɪ
bʊd.u,bʊd.u,bʊdu,bʊdu,bʊdu,bʊdu
bʊd.o,bʊd.o,bʊdo,bʊdo,bʊdoʊ,bʊdoʊ
bʊg.i,bʊg.i,bʊgi,bʊgi,bʊgi,bʊgi
bʊg.e,bʊg.e,bʊge,bʊge,bʊgeɪ,bʊgeɪ
bʊg.u,bʊg.u,bʊgu,bʊgu,bʊgu,bʊgu
bʊg.o,bʊg.o,bʊgo,bʊgo,bʊgoʊ,bʊgoʊ
bʊf.i,bʊf.i,bʊfi,bʊfi,bʊfi,bʊfi
bʊf.e,bʊf.e,bʊfe,bʊfe,bʊfeɪ,bʊfeɪ
bʊf.u,bʊf.u,bʊfu,bʊfu,bʊfu,bʊfu
bʊf.o,bʊf.o,bʊfo,bʊfo,bʊfoʊ,bʊfoʊ
bʊs.i,bʊs.i,bʊsi,bʊsi,bʊsi,bʊsi
bʊs.e,bʊs.e,bʊse,bʊse,bʊseɪ,bʊseɪ
bʊs.u,bʊs.u,bʊsu,bʊsu,bʊsu,bʊsu
bʊs.o,bʊs.o,bʊso,bʊso,bʊsoʊ,bʊsoʊ
bʊv.i,bʊv.i,bʊvi,bʊvi,bʊvi,bʊvi
bʊv.e,bʊv.e,bʊve,bʊve,bʊveɪ,bʊveɪ
bʊv.u,bʊv.u,bʊvu,bʊvu,bʊvu,bʊvu
bʊv.o,bʊv.o,bʊvo,bʊvo,bʊvoʊ,bʊvoʊ
bʊz.i,bʊz.i,bʊzi,bʊzi,bʊzi,bʊzi
bʊz.e,bʊz.e,bʊze,bʊze,bʊzeɪ,bʊzeɪ
bʊz.u,bʊz.u,bʊzu,bʊzu,bʊzu,bʊzu
bʊz.o,bʊz.o,bʊzo,bʊzo,bʊzoʊ,bʊzoʊ
bʊʃ.i,bʊʃ.i,bʊʃi,bʊʃi,bʊʃi,bʊʃi
bʊʃ.e,bʊʃ.e,bʊʃe,bʊʃe,bʊʃeɪ,bʊʃeɪ
bʊʃ.u,bʊʃ.u,bʊʃu,bʊʃu,bʊʃu,bʊʃu
bʊʃ.o,bʊʃ.o,bʊʃo,bʊʃo,bʊʃoʊ,bʊʃoʊ
bʊʒ.i,bʊʒ.i,bʊʒi,bʊʒi,bʊʒi,bʊʒi
bʊʒ.e,bʊʒ.e,bʊʒe,bʊʒe,bʊʒeɪ,bʊʒeɪ
bʊʒ.u,bʊʒ.u,bʊʒu,bʊʒu,bʊʒu,bʊʒu
bʊʒ.o,bʊʒ.o,bʊʒo,bʊʒo,bʊʒoʊ,bʊʒoʊ
bʊθ.i,bʊθ.i,bʊθi,bʊθi,bʊθi,bʊθi
bʊθ.e,bʊθ.e,bʊθe,bʊθe,bʊθeɪ,bʊθeɪ
bʊθ.u,bʊθ.u,bʊθu,bʊθu,bʊθu,bʊθu
bʊθ.o,bʊθ.o,bʊθo,bʊθo,bʊθoʊ,bʊθoʊ
bʊð.i,bʊð.i,bʊði,bʊði,bʊði,bʊði
bʊð.e,bʊð.e,bʊðe,bʊðe,bʊðeɪ,bʊðeɪ
bʊð.u,bʊð.u,bʊðu,bʊðu,bʊðu,bʊðu
bʊð.o,bʊð.o,bʊðo,bʊðo,bʊðoʊ,bʊðoʊ
dʊm.i,dʊm.i,dʊmi,dʊmi,dʊmi,dʊmi
dʊm.e,dʊm.e,dʊme,dʊme,dʊmeɪ,dʊmeɪ
dʊm.u,dʊm.u,dʊmu,dʊmu,dʊmu,dʊmu
dʊm.o,dʊm.o,dʊmo,dʊmo,dʊmoʊ,dʊmoʊ
dʊn.i,dʊn.i,dʊni,dʊni,dʊni,dʊni
dʊn.e,dʊn.e,dʊne,dʊne,dʊneɪ,dʊneɪ
dʊn.u,dʊn.u,dʊnu,dʊnu,dʊnu,dʊnu
dʊn.o,dʊn.o,dʊno,dʊno,dʊnoʊ,dʊnoʊ
dʊŋ.i,dʊŋ.i,dʊŋi,dʊŋi,dʊŋi,dʊŋi
dʊŋ.e,dʊŋ.e,dʊŋe,dʊŋe,dʊŋeɪ,dʊŋeɪ
dʊŋ.u,dʊŋ.u,dʊŋu,dʊŋu,dʊŋu,dʊŋu
dʊŋ.o,dʊŋ.o,dʊŋo,dʊŋo,dʊŋoʊ,dʊŋoʊ
dʊp.i,dʊp.i,dʊpi,dʊpi,dʊpi,dʊpi
dʊp.e,dʊp.e,dʊpe,dʊpe,dʊpeɪ,dʊpeɪ
dʊp.u,dʊp.u,dʊpu,dʊpu,dʊpu,dʊpu
dʊp.o,dʊp.o,dʊpo,dʊpo,dʊpoʊ,dʊpoʊ
dʊt.i,dʊt.i,dʊti,dʊti,dʊti,dʊti
dʊt.e,dʊt.e,dʊte,dʊte,dʊteɪ,dʊteɪ
dʊt.u,dʊt.u,dʊtu,dʊtu,dʊtu,dʊtu
dʊt.o,dʊt.o,dʊto,dʊto,dʊtoʊ,dʊtoʊ
dʊk.i,dʊk.i,dʊki,dʊki,dʊki,dʊki
dʊk.e,dʊk.e,dʊke,dʊke,dʊkeɪ,dʊkeɪ
dʊk.u,dʊk.u,dʊku,dʊku,dʊku,dʊku
dʊk.o,dʊk.o,dʊko,dʊko,dʊkoʊ,dʊkoʊ
dʊb.i,dʊb.i,dʊbi,dʊbi,dʊbi,dʊbi
dʊb.e,dʊb.e,dʊbe,dʊbe,dʊbeɪ,dʊbeɪ
dʊb.u,dʊb.u,dʊbu,dʊbu,dʊbu,dʊbu
dʊb.o,dʊb.o,dʊbo,dʊbo,dʊboʊ,dʊboʊ
dʊd.i,dʊd.i,dʊdi,dʊdi,dʊdi,dʊdi
dʊd.e,dʊd.e,dʊde,dʊde,dʊdeɪ,dʊdeɪ
dʊd.u,dʊd.u,dʊdu,dʊdu,dʊdu,dʊdu
dʊd.o,dʊd.o,dʊdo,dʊdo,dʊdoʊ,dʊdoʊ
dʊg.i,dʊg.i,dʊgi,dʊgi,dʊgi,dʊgi
dʊg.e,dʊg.e,dʊge,dʊge,dʊgeɪ,dʊgeɪ
dʊg.u,dʊg.u,dʊgu,dʊgu,dʊgu,dʊgu
dʊg.o,dʊg.o,dʊgo,dʊgo,dʊgoʊ,dʊgoʊ
dʊf.i,dʊf.i,dʊfi,dʊfi,dʊfi,dʊfi
dʊf.e,dʊf.e,dʊfe,dʊfe,dʊfeɪ,dʊfeɪ
dʊf.u,dʊf.u,dʊfu,dʊfu,dʊfu,dʊfu
dʊf.o,dʊf.o,dʊfo,dʊfo,dʊfoʊ,dʊfoʊ
dʊs.i,dʊs.i,dʊsi,dʊsi,dʊsi,dʊsi
dʊs.e,dʊs.e,dʊse,dʊse,dʊseɪ,dʊseɪ
dʊs.u,dʊs.u,dʊsu,dʊsu,dʊsu,dʊsu
dʊs.o,dʊs.o,dʊso,dʊso,dʊsoʊ,dʊsoʊ
dʊv.i,dʊv.i,dʊvi,dʊvi,dʊvi,dʊvi
dʊv.e,dʊv.e,dʊve,dʊve,dʊveɪ,dʊveɪ
dʊv.u,dʊv.u,dʊvu,dʊvu,dʊvu,dʊvu
dʊv.o,dʊv.o,dʊvo,dʊvo,dʊvoʊ,dʊvoʊ
dʊz.i,dʊz.i,dʊzi,dʊzi,dʊzi,dʊzi
dʊz.e,dʊz.e,dʊze,dʊze,dʊzeɪ,dʊzeɪ
dʊz.u,dʊz.u,dʊzu,dʊzu,dʊzu,dʊzu
dʊz.o,dʊz.o,dʊzo,dʊzo,dʊzoʊ,dʊzoʊ
dʊʃ.i,dʊʃ.i,dʊʃi,dʊʃi,dʊʃi,dʊʃi
dʊʃ.e,dʊʃ.e,dʊʃe,dʊʃe,dʊʃeɪ,dʊʃeɪ
dʊʃ.u,dʊʃ.u,dʊʃu,dʊʃu,dʊʃu,dʊʃu
dʊʃ.o,dʊʃ.o,dʊʃo,dʊʃo,dʊʃoʊ,dʊʃoʊ
dʊʒ.i,dʊʒ.i,dʊʒi,dʊʒi,dʊʒi,dʊʒi
dʊʒ.e,dʊʒ.e,dʊʒe,dʊʒe,dʊʒeɪ,dʊʒeɪ
dʊʒ.u,dʊʒ.u,dʊʒu,dʊʒu,dʊʒu,dʊʒu
dʊʒ.o,dʊʒ.o,dʊʒo,dʊʒo,dʊʒoʊ,dʊʒoʊ
dʊθ.i,dʊθ.i,dʊθi,dʊθi,dʊθi,dʊθi
dʊθ.e,dʊθ.e,dʊθe,dʊθe,dʊθeɪ,dʊθeɪ
dʊθ.u,dʊθ.u,dʊθu,dʊθu,dʊθu,dʊθu
dʊθ.o,dʊθ.o,dʊθo,dʊθo,dʊθoʊ,dʊθoʊ
dʊð.i,dʊð.i,dʊði,dʊði,dʊði,dʊði
dʊð.e,dʊð.e,dʊðe,dʊðe,dʊðeɪ,dʊðeɪ
dʊð.u,dʊð.u,dʊðu,dʊðu,dʊðu,dʊðu
dʊð.o,dʊð.o,dʊðo,dʊðo,dʊðoʊ,dʊðoʊ
gʊm.i,gʊm.i,gʊmi,gʊmi,gʊmi,gʊmi
gʊm.e,gʊm.e,gʊme,gʊme,gʊmeɪ,gʊmeɪ
gʊm.u,gʊm.u,gʊmu,gʊmu,gʊmu,gʊmu
gʊm.o,gʊm.o,gʊmo,gʊmo,gʊmoʊ,gʊmoʊ
gʊn.i,gʊn.i,gʊni,gʊni,gʊni,gʊni
gʊn.e,gʊn.e,gʊne,gʊne,gʊneɪ,gʊneɪ
gʊn.u,gʊn.u,gʊnu,gʊnu,gʊnu,gʊnu
gʊn.o,gʊn.o,gʊno,gʊno,gʊnoʊ,gʊnoʊ
gʊŋ.i,gʊŋ.i,gʊŋi,gʊŋi,gʊŋi,gʊŋi
gʊŋ.e,gʊŋ.e,gʊŋe,gʊŋe,gʊŋeɪ,gʊŋeɪ
gʊŋ.u,gʊŋ.u,gʊŋu,gʊŋu,gʊŋu,gʊŋu
gʊŋ.o,gʊŋ.o,gʊŋo,gʊŋo,gʊŋoʊ,gʊŋoʊ
gʊp.i,gʊp.i,gʊpi,gʊpi,gʊpi,gʊpi
gʊp.e,gʊp.e,gʊpe,gʊpe,gʊpeɪ,gʊpeɪ
gʊp.u,gʊp.u,gʊpu,gʊpu,gʊpu,gʊpu
gʊp.o,gʊp.o,gʊpo,gʊpo,gʊpoʊ,gʊpoʊ
gʊt.i,gʊt.i,gʊti,gʊti,gʊti,gʊti
gʊt.e,gʊt.e,gʊte,gʊte,gʊteɪ,gʊteɪ
gʊt.u,gʊt.u,gʊtu,gʊtu,gʊtu,gʊtu
gʊt.o,gʊt.o,gʊto,gʊto,gʊtoʊ,gʊtoʊ
gʊk.i,gʊk.i,gʊki,gʊki,gʊki,gʊki
gʊk.e,gʊk.e,gʊke,gʊke,gʊkeɪ,gʊkeɪ
gʊk.u,gʊk.u,gʊku,gʊku,gʊku,gʊku
gʊk.o,gʊk.o,gʊko,gʊko,gʊkoʊ,gʊkoʊ
gʊb.i,gʊb.i,gʊbi,gʊbi,gʊbi,gʊbi
gʊb.e,gʊb.e,gʊbe,gʊbe,gʊbeɪ,gʊbeɪ
gʊb.u,gʊb.u,gʊbu,gʊbu,gʊbu,gʊbu
gʊb.o,gʊb.o,gʊbo,gʊbo,gʊboʊ,gʊboʊ
gʊd.i,gʊd.i,gʊdi,gʊdi,gʊdi,gʊdi
gʊd.e,gʊd.e,gʊde,gʊde,gʊdeɪ,gʊdeɪ
gʊd.u,gʊd.u,gʊdu,gʊdu,gʊdu,gʊdu
gʊd.o,gʊd.o,gʊdo,gʊdo,gʊdoʊ,gʊdoʊ
gʊg.i,gʊg.i,gʊgi,gʊgi,gʊgi,gʊgi
gʊg.e,gʊg.e,gʊge,gʊge,gʊgeɪ,gʊgeɪ
gʊg.u,gʊg.u,gʊgu,gʊgu,gʊgu,gʊgu
gʊg.o,gʊg.o,gʊgo,gʊgo,gʊgoʊ,gʊgoʊ
gʊf.i,gʊf.i,gʊfi,gʊfi,gʊfi,gʊfi
gʊf.e,gʊf.e,gʊfe,gʊfe,gʊfeɪ,gʊfeɪ
gʊf.u,gʊf.u,gʊfu,gʊfu,gʊfu,gʊfu
gʊf.o,gʊf.o,gʊfo,gʊfo,gʊfoʊ,gʊfoʊ
gʊs.i,gʊs.i,gʊsi,gʊsi,gʊsi,gʊsi
gʊs.e,gʊs.e,gʊse,gʊse,gʊseɪ,gʊseɪ
gʊs.u,gʊs.u,gʊsu,gʊsu,gʊsu,gʊsu
gʊs.o,gʊs.o,gʊso,gʊso,gʊsoʊ,gʊsoʊ
gʊv.i,gʊv.i,gʊvi,gʊvi,gʊvi,gʊvi
gʊv.e,gʊv.e,gʊve,gʊve,gʊveɪ,gʊveɪ
gʊv.u,gʊv.u,gʊvu,gʊvu,gʊvu,gʊvu
gʊv.o,gʊv.o,gʊvo,gʊvo,gʊvoʊ,gʊvoʊ
gʊz.i,gʊz.i,gʊzi,gʊzi,gʊzi,gʊzi
gʊz.e,gʊz.e,gʊze,gʊze,gʊzeɪ,gʊzeɪ
gʊz.u,gʊz.u,gʊzu,gʊzu,gʊzu,gʊzu
gʊz.o,gʊz.o,gʊzo,gʊzo,gʊzoʊ,gʊzoʊ
gʊʃ.i,gʊʃ.i,gʊʃi,gʊʃi,gʊʃi,gʊʃi
gʊʃ.e,gʊʃ.e,gʊʃe,gʊʃe,gʊʃeɪ,gʊʃeɪ
gʊʃ.u,gʊʃ.u,gʊʃu,gʊʃu,gʊʃu,gʊʃu
gʊʃ.o,gʊʃ.o,gʊʃo,gʊʃo,gʊʃoʊ,gʊʃoʊ
gʊʒ.i,gʊʒ.i,gʊʒi,gʊʒi,gʊʒi,gʊʒi
gʊʒ.e,gʊʒ.e,gʊʒe,gʊʒe,gʊʒeɪ,gʊʒeɪ
gʊʒ.u,gʊʒ.u,gʊʒu,gʊʒu,gʊʒu,gʊʒu
gʊʒ.o,gʊʒ.o,gʊʒo,gʊʒo,gʊʒoʊ,gʊʒoʊ
gʊθ.i,gʊθ.i,gʊθi,gʊθi,gʊθi,gʊθi
gʊθ.e,gʊθ.e,gʊθe,gʊθe,gʊθeɪ,gʊθeɪ
gʊθ.u,gʊθ.u,gʊθu,gʊθu,gʊθu,gʊθu
gʊθ.o,gʊθ.o,gʊθo,gʊθo,gʊθoʊ,gʊθoʊ
gʊð.i,gʊð.i,gʊði,gʊði,gʊði,gʊði
gʊð.e,gʊð.e,gʊðe,gʊðe,gʊðeɪ,gʊðeɪ
gʊð.u,gʊð.u,gʊðu,gʊðu,gʊðu,gʊðu
gʊð.o,gʊð.o,gʊðo,gʊðo,gʊðoʊ,gʊðoʊ
fʊm.i,fʊm.i,fʊmi,fʊmi,fʊmi,fʊmi
fʊm.e,fʊm.e,fʊme,fʊme,fʊmeɪ,fʊmeɪ
fʊm.u,fʊm.u,fʊmu,fʊmu,fʊmu,fʊmu
fʊm.o,fʊm.o,fʊmo,fʊmo,fʊmoʊ,fʊmoʊ
fʊn.i,fʊn.i,fʊni,fʊni,fʊni,fʊni
fʊn.e,fʊn.e,fʊne,fʊne,fʊneɪ,fʊneɪ
fʊn.u,fʊn.u,fʊnu,fʊnu,fʊnu,fʊnu
fʊn.o,fʊn.o,fʊno,fʊno,fʊnoʊ,fʊnoʊ
fʊŋ.i,fʊŋ.i,fʊŋi,fʊŋi,fʊŋi,fʊŋi
fʊŋ.e,fʊŋ.e,fʊŋe,fʊŋe,fʊŋeɪ,fʊŋeɪ
fʊŋ.u,fʊŋ.u,fʊŋu,fʊŋu,fʊŋu,fʊŋu
fʊŋ.o,fʊŋ.o,fʊŋo,fʊŋo,fʊŋoʊ,fʊŋoʊ
fʊp.i,fʊp.i,fʊpi,fʊpi,fʊpi,fʊpi
fʊp.e,fʊp.e,fʊpe,fʊpe,fʊpeɪ,fʊpeɪ
fʊp.u,fʊp.u,fʊpu,fʊpu,fʊpu,fʊpu
fʊp.o,fʊp.o,fʊpo,fʊpo,fʊpoʊ,fʊpoʊ
fʊt.i,fʊt.i,fʊti,fʊti,fʊti,fʊti
fʊt.e,fʊt.e,fʊte,fʊte,fʊteɪ,fʊteɪ
fʊt.u,fʊt.u,fʊtu,fʊtu,fʊtu,fʊtu
fʊt.o,fʊt.o,fʊto,fʊto,fʊtoʊ,fʊtoʊ
fʊk.i,fʊk.i,fʊki,fʊki,fʊki,fʊki
fʊk.e,fʊk.e,fʊke,fʊke,fʊkeɪ,fʊkeɪ
fʊk.u,fʊk.u,fʊku,fʊku,fʊku,fʊku
fʊk.o,fʊk.o,fʊko,fʊko,fʊkoʊ,fʊkoʊ
fʊb.i,fʊb.i,fʊbi,fʊbi,fʊbi,fʊbi
fʊb.e,fʊb.e,fʊbe,fʊbe,fʊbeɪ,fʊbeɪ
fʊb.u,fʊb.u,fʊbu,fʊbu,fʊbu,fʊbu
fʊb.o,fʊb.o,fʊbo,fʊbo,fʊboʊ,fʊboʊ
fʊd.i,fʊd.i,fʊdi,fʊdi,fʊdi,fʊdi
fʊd.e,fʊd.e,fʊde,fʊde,fʊdeɪ,fʊdeɪ
fʊd.u,fʊd.u,fʊdu,fʊdu,fʊdu,fʊdu
fʊd.o,fʊd.o,fʊdo,fʊdo,fʊdoʊ,fʊdoʊ
fʊg.i,fʊg.i,fʊgi,fʊgi,fʊgi,fʊgi
fʊg.e,fʊg.e,fʊge,fʊge,fʊgeɪ,fʊgeɪ
fʊg.u,fʊg.u,fʊgu,fʊgu,fʊgu,fʊgu
fʊg.o,fʊg.o,fʊgo,fʊgo,fʊgoʊ,fʊgoʊ
fʊf.i,fʊf.i,fʊfi,fʊfi,fʊfi,fʊfi
fʊf.e,fʊf.e,fʊfe,fʊfe,fʊfeɪ,fʊfeɪ
fʊf.u,fʊf.u,fʊfu,fʊfu,fʊfu,fʊfu
fʊf.o,fʊf.o,fʊfo,fʊfo,fʊfoʊ,fʊfoʊ
fʊs.i,fʊs.i,fʊsi,fʊsi,fʊsi,fʊsi
fʊs.e,fʊs.e,fʊse,fʊse,fʊseɪ,fʊseɪ
fʊs.u,fʊs.u,fʊsu,fʊsu,fʊsu,fʊsu
fʊs.o,fʊs.o,fʊso,fʊso,fʊsoʊ,fʊsoʊ
fʊv.i,fʊv.i,fʊvi,fʊvi,fʊvi,fʊvi
fʊv.e,fʊv.e,fʊve,fʊve,fʊveɪ,fʊveɪ
fʊv.u,fʊv.u,fʊvu,fʊvu,fʊvu,fʊvu
fʊv.o,fʊv.o,fʊvo,fʊvo,fʊvoʊ,fʊvoʊ
fʊz.i,fʊz.i,fʊzi,fʊzi,fʊzi,fʊzi
fʊz.e,fʊz.e,fʊze,fʊze,fʊzeɪ,fʊzeɪ
fʊz.u,fʊz.u,fʊzu,fʊzu,fʊzu,fʊzu
fʊz.o,fʊz.o,fʊzo,fʊzo,fʊzoʊ,fʊzoʊ
fʊʃ.i,fʊʃ.i,fʊʃi,fʊʃi,fʊʃi,fʊʃi
fʊʃ.e,fʊʃ.e,fʊʃe,fʊʃe,fʊʃeɪ,fʊʃeɪ
fʊʃ.u,fʊʃ.u,fʊʃu,fʊʃu,fʊʃu,fʊʃu
fʊʃ.o,fʊʃ.o,fʊʃo,fʊʃo,fʊʃoʊ,fʊʃoʊ
fʊʒ.i,fʊʒ.i,fʊʒi,fʊʒi,fʊʒi,fʊʒi
fʊʒ.e,fʊʒ.e,fʊʒe,fʊʒe,fʊʒeɪ,fʊʒeɪ
fʊʒ.u,fʊʒ.u,fʊʒu,fʊʒu,fʊʒu,fʊʒu
fʊʒ.o,fʊʒ.o,fʊʒo,fʊʒo,fʊʒoʊ,fʊʒoʊ
fʊθ.i,fʊθ.i,fʊθi,fʊθi,fʊθi,fʊθi
fʊθ.e,fʊθ.e,fʊθe,fʊθe,fʊθeɪ,fʊθeɪ
fʊθ.u,fʊθ.u,fʊθu,fʊθu,fʊθu,fʊθu
fʊθ.o,fʊθ.o,fʊθo,fʊθo,fʊθoʊ,fʊθoʊ
fʊð.i,fʊð.i,fʊði,fʊði,fʊði,fʊði
fʊð.e,fʊð.e,fʊðe,fʊðe,fʊðeɪ,fʊðeɪ
fʊð.u,fʊð.u,fʊðu,fʊðu,fʊðu,fʊðu
fʊð.o,fʊð.o,fʊðo,fʊðo,fʊðoʊ,fʊðoʊ
sʊm.i,sʊm.i,sʊmi,sʊmi,sʊmi,sʊmi
sʊm.e,sʊm.e,sʊme,sʊme,sʊmeɪ,sʊmeɪ
sʊm.u,sʊm.u,sʊmu,sʊmu,sʊmu,sʊmu
sʊm.o,sʊm.o,sʊmo,sʊmo,sʊmoʊ,sʊmoʊ
sʊn.i,sʊn.i,sʊni,sʊni,sʊni,sʊni
sʊn.e,sʊn.e,sʊne,sʊne,sʊneɪ,sʊneɪ
sʊn.u,sʊn.u,sʊnu,sʊnu,sʊnu,sʊnu
sʊn.o,sʊn.o,sʊno,sʊno,sʊnoʊ,sʊnoʊ
sʊŋ.i,sʊŋ.i,sʊŋi,sʊŋi,sʊŋi,sʊŋi
sʊŋ.e,sʊŋ.e,sʊŋe,sʊŋe,sʊŋeɪ,sʊŋeɪ
sʊŋ.u,sʊŋ.u,sʊŋu,sʊŋu,sʊŋu,sʊŋu
sʊŋ.o,sʊŋ.o,sʊŋo,sʊŋo,sʊŋoʊ,sʊŋoʊ
sʊp.i,sʊp.i,sʊpi,sʊpi,sʊpi,sʊpi
sʊp.e,sʊp.e,sʊpe,sʊpe,sʊpeɪ,sʊpeɪ
sʊp.u,sʊp.u,sʊpu,sʊpu,sʊpu,sʊpu
sʊp.o,sʊp.o,sʊpo,sʊpo,sʊpoʊ,sʊpoʊ
sʊt.i,sʊt.i,sʊti,sʊti,sʊti,sʊti
sʊt.e,sʊt.e,sʊte,sʊte,sʊteɪ,sʊteɪ
sʊt.u,sʊt.u,sʊtu,sʊtu,sʊtu,sʊtu
sʊt.o,sʊt.o,sʊto,sʊto,sʊtoʊ,sʊtoʊ
sʊk.i,sʊk.i,sʊki,sʊki,sʊki,sʊki
sʊk.e,sʊk.e,sʊke,sʊke,sʊkeɪ,sʊkeɪ
sʊk.u,sʊk.u,sʊku,sʊku,sʊku,sʊku
sʊk.o,sʊk.o,sʊko,sʊko,sʊkoʊ,sʊkoʊ
sʊb.i,sʊb.i,sʊbi,sʊbi,sʊbi,sʊbi
sʊb.e,sʊb.e,sʊbe,sʊbe,sʊbeɪ,sʊbeɪ
sʊb.u,sʊb.u,sʊbu,sʊbu,sʊbu,sʊbu
sʊb.o,sʊb.o,sʊbo,sʊbo,sʊboʊ,sʊboʊ
sʊd.i,sʊd.i,sʊdi,sʊdi,sʊdi,sʊdi
sʊd.e,sʊd.e,sʊde,sʊde,sʊdeɪ,sʊdeɪ
sʊd.u,sʊd.u,sʊdu,sʊdu,sʊdu,sʊdu
sʊd.o,sʊd.o,sʊdo,sʊdo,sʊdoʊ,sʊdoʊ
sʊg.i,sʊg.i,sʊgi,sʊgi,sʊgi,sʊgi
sʊg.e,sʊg.e,sʊge,sʊge,sʊgeɪ,sʊgeɪ
sʊg.u,sʊg.u,sʊgu,sʊgu,sʊgu,sʊgu
sʊg.o,sʊg.o,sʊgo,sʊgo,sʊgoʊ,sʊgoʊ
sʊf.i,sʊf.i,sʊfi,sʊfi,sʊfi,sʊfi
sʊf.e,sʊf.e,sʊfe,sʊfe,sʊfeɪ,sʊfeɪ
sʊf.u,sʊf.u,sʊfu,sʊfu,sʊfu,sʊfu
sʊf.o,sʊf.o,sʊfo,sʊfo,sʊfoʊ,sʊfoʊ
sʊs.i,sʊs.i,sʊsi,sʊsi,sʊsi,sʊsi
sʊs.e,sʊs.e,sʊse,sʊse,sʊseɪ,sʊseɪ
sʊs.u,sʊs.u,sʊsu,sʊsu,sʊsu,sʊsu
sʊs.o,sʊs.o,sʊso,sʊso,sʊsoʊ,sʊsoʊ
sʊv.i,sʊv.i,sʊvi,sʊvi,sʊvi,sʊvi
sʊv.e,sʊv.e,sʊve,sʊve,sʊveɪ,sʊveɪ
sʊv.u,sʊv.u,sʊvu,sʊvu,sʊvu,sʊvu
sʊv.o,sʊv.o,sʊvo,sʊvo,sʊvoʊ,sʊvoʊ
sʊz.i,sʊz.i,sʊzi,sʊzi,sʊzi,sʊzi
sʊz.e,sʊz.e,sʊze,sʊze,sʊzeɪ,sʊzeɪ
sʊz.u,sʊz.u,sʊzu,sʊzu,sʊzu,sʊzu
sʊz.o,sʊz.o,sʊzo,sʊzo,sʊzoʊ,sʊzoʊ
sʊʃ.i,sʊʃ.i,sʊʃi,sʊʃi,sʊʃi,sʊʃi
sʊʃ.e,sʊʃ.e,sʊʃe,sʊʃe,sʊʃeɪ,sʊʃeɪ
sʊʃ.u,sʊʃ.u,sʊʃu,sʊʃu,sʊʃu,sʊʃu
sʊʃ.o,sʊʃ.o,sʊʃo,sʊʃo,sʊʃoʊ,sʊʃoʊ
sʊʒ.i,sʊʒ.i,sʊʒi,sʊʒi,sʊʒi,sʊʒi
sʊʒ.e,sʊʒ.e,sʊʒe,sʊʒe,sʊʒeɪ,sʊʒeɪ
sʊʒ.u,sʊʒ.u,sʊʒu,sʊʒu,sʊʒu,sʊʒu
sʊʒ.o,sʊʒ.o,sʊʒo,sʊʒo,sʊʒoʊ,sʊʒoʊ
sʊθ.i,sʊθ.i,sʊθi,sʊθi,sʊθi,sʊθi
sʊθ.e,sʊθ.e,sʊθe,sʊθe,sʊθeɪ,sʊθeɪ
sʊθ.u,sʊθ.u,sʊθu,sʊθu,sʊθu,sʊθu
sʊθ.o,sʊθ.o,sʊθo,sʊθo,sʊθoʊ,sʊθoʊ
sʊð.i,sʊð.i,sʊði,sʊði,sʊði,sʊði
sʊð.e,sʊð.e,sʊðe,sʊðe,sʊðeɪ,sʊðeɪ
sʊð.u,sʊð.u,sʊðu,sʊðu,sʊðu,sʊðu
sʊð.o,sʊð.o,sʊðo,sʊðo,sʊðoʊ,sʊðoʊ
vʊm.i,vʊm.i,vʊmi,vʊmi,vʊmi,vʊmi
vʊm.e,vʊm.e,vʊme,vʊme,vʊmeɪ,vʊmeɪ
vʊm.u,vʊm.u,vʊmu,vʊmu,vʊmu,vʊmu
vʊm.o,vʊm.o,vʊmo,vʊmo,vʊmoʊ,vʊmoʊ
vʊn.i,vʊn.i,vʊni,vʊni,vʊni,vʊni
vʊn.e,vʊn.e,vʊne,vʊne,vʊneɪ,vʊneɪ
vʊn.u,vʊn.u,vʊnu,vʊnu,vʊnu,vʊnu
vʊn.o,vʊn.o,vʊno,vʊno,vʊnoʊ,vʊnoʊ
vʊŋ.i,vʊŋ.i,vʊŋi,vʊŋi,vʊŋi,vʊŋi
vʊŋ.e,vʊŋ.e,vʊŋe,vʊŋe,vʊŋeɪ,vʊŋeɪ
vʊŋ.u,vʊŋ.u,vʊŋu,vʊŋu,vʊŋu,vʊŋu
vʊŋ.o,vʊŋ.o,vʊŋo,vʊŋo,vʊŋoʊ,vʊŋoʊ
vʊp.i,vʊp.i,vʊpi,vʊpi,vʊpi,vʊpi
vʊp.e,vʊp.e,vʊpe,vʊpe,vʊpeɪ,vʊpeɪ
vʊp.u,vʊp.u,vʊpu,vʊpu,vʊpu,vʊpu
vʊp.o,vʊp.o,vʊpo,vʊpo,vʊpoʊ,vʊpoʊ
vʊt.i,vʊt.i,vʊti,vʊti,vʊti,vʊti
vʊt.e,vʊt.e,vʊte,vʊte,vʊteɪ,vʊteɪ
vʊt.u,vʊt.u,vʊtu,vʊtu,vʊtu,vʊtu
vʊt.o,vʊt.o,vʊto,vʊto,vʊtoʊ,vʊtoʊ
vʊk.i,vʊk.i,vʊki,vʊki,vʊki,vʊki
vʊk.e,vʊk.e,vʊke,vʊke,vʊkeɪ,vʊkeɪ
vʊk.u,vʊk.u,vʊku,vʊku,vʊku,vʊku
vʊk.o,vʊk.o,vʊko,vʊko,vʊkoʊ,vʊkoʊ
vʊb.i,vʊb.i,vʊbi,vʊbi,vʊbi,vʊbi
vʊb.e,vʊb.e,vʊbe,vʊbe,vʊbeɪ,vʊbeɪ
vʊb.u,vʊb.u,vʊbu,vʊbu,vʊbu,vʊbu
vʊb.o,vʊb.o,vʊbo,vʊbo,vʊboʊ,vʊboʊ
vʊd.i,vʊd.i,vʊdi,vʊdi,vʊdi,vʊdi
vʊd.e,vʊd.e,vʊde,vʊde,vʊdeɪ,vʊdeɪ
vʊd.u,vʊd.u,vʊdu,vʊdu,vʊdu,vʊdu
vʊd.o,vʊd.o,vʊdo,vʊdo,vʊdoʊ,vʊdoʊ
vʊg.i,vʊg.i,vʊgi,vʊgi,vʊgi,vʊgi
vʊg.e,vʊg.e,vʊge,vʊge,vʊgeɪ,vʊgeɪ
vʊg.u,vʊg.u,vʊgu,vʊgu,vʊgu,vʊgu
vʊg.o,vʊg.o,vʊgo,vʊgo,vʊgoʊ,vʊgoʊ
vʊf.i,vʊf.i,vʊfi,vʊfi,vʊfi,vʊfi
vʊf.e,vʊf.e,vʊfe,vʊfe,vʊfeɪ,vʊfeɪ
vʊf.u,vʊf.u,vʊfu,vʊfu,vʊfu,vʊfu
vʊf.o,vʊf.o,vʊfo,vʊfo,vʊfoʊ,vʊfoʊ
vʊs.i,vʊs.i,vʊsi,vʊsi,vʊsi,vʊsi
vʊs.e,vʊs.e,vʊse,vʊse,vʊseɪ,vʊseɪ
vʊs.u,vʊs.u,vʊsu,vʊsu,vʊsu,vʊsu
vʊs.o,vʊs.o,vʊso,vʊso,vʊsoʊ,vʊsoʊ
vʊv.i,vʊv.i,vʊvi,vʊvi,vʊvi,vʊvi
vʊv.e,vʊv.e,vʊve,vʊve,vʊveɪ,vʊveɪ
vʊv.u,vʊv.u,vʊvu,vʊvu,vʊvu,vʊvu
vʊv.o,vʊv.o,vʊvo,vʊvo,vʊvoʊ,vʊvoʊ
vʊz.i,vʊz.i,vʊzi,vʊzi,vʊzi,vʊzi
vʊz.e,vʊz.e,vʊze,vʊze,vʊzeɪ,vʊzeɪ
vʊz.u,vʊz.u,vʊzu,vʊzu,vʊzu,vʊzu
vʊz.o,vʊz.o,vʊzo,vʊzo,vʊzoʊ,vʊzoʊ
vʊʃ.i,vʊʃ.i,vʊʃi,vʊʃi,vʊʃi,vʊʃi
vʊʃ.e,vʊʃ.e,vʊʃe,vʊʃe,vʊʃeɪ,vʊʃeɪ
vʊʃ.u,vʊʃ.u,vʊʃu,vʊʃu,vʊʃu,vʊʃu
vʊʃ.o,vʊʃ.o,vʊʃo,vʊʃo,vʊʃoʊ,vʊʃoʊ
vʊʒ.i,vʊʒ.i,vʊʒi,vʊʒi,vʊʒi,vʊʒi
vʊʒ.e,vʊʒ.e,vʊʒe,vʊʒe,vʊʒeɪ,vʊʒeɪ
vʊʒ.u,vʊʒ.u,vʊʒu,vʊʒu,vʊʒu,vʊʒu
vʊʒ.o,vʊʒ.o,vʊʒo,vʊʒo,vʊʒoʊ,vʊʒoʊ
vʊθ.i,vʊθ.i,vʊθi,vʊθi,vʊθi,vʊθi
vʊθ.e,vʊθ.e,vʊθe,vʊθe,vʊθeɪ,vʊθeɪ
vʊθ.u,vʊθ.u,vʊθu,vʊθu,vʊθu,vʊθu
vʊθ.o,vʊθ.o,vʊθo,vʊθo,vʊθoʊ,vʊθoʊ
vʊð.i,vʊð.i,vʊði,vʊði,vʊði,vʊði
vʊð.e,vʊð.e,vʊðe,vʊðe,vʊðeɪ,vʊðeɪ
vʊð.u,vʊð.u,vʊðu,vʊðu,vʊðu,vʊðu
vʊð.o,vʊð.o,vʊðo,vʊðo,vʊðoʊ,vʊðoʊ
zʊm.i,zʊm.i,zʊmi,zʊmi,zʊmi,zʊmi
zʊm.e,zʊm.e,zʊme,zʊme,zʊmeɪ,zʊmeɪ
zʊm.u,zʊm.u,zʊmu,zʊmu,zʊmu,zʊmu
zʊm.o,zʊm.o,zʊmo,zʊmo,zʊmoʊ,zʊmoʊ
zʊn.i,zʊn.i,zʊni,zʊni,zʊni,zʊni
zʊn.e,zʊn.e,zʊne,zʊne,zʊneɪ,zʊneɪ
zʊn.u,zʊn.u,zʊnu,zʊnu,zʊnu,zʊnu
zʊn.o,zʊn.o,zʊno,zʊno,zʊnoʊ,zʊnoʊ
zʊŋ.i,zʊŋ.i,zʊŋi,zʊŋi,zʊŋi,zʊŋi
zʊŋ.e,zʊŋ.e,zʊŋe,zʊŋe,zʊŋeɪ,zʊŋeɪ
zʊŋ.u,zʊŋ.u,zʊŋu,zʊŋu,zʊŋu,zʊŋu
zʊŋ.o,zʊŋ.o,zʊŋo,zʊŋo,zʊŋoʊ,zʊŋoʊ
zʊp.i,zʊp.i,zʊpi,zʊpi,zʊpi,zʊpi
zʊp.e,zʊp.e,zʊpe,zʊpe,zʊpeɪ,zʊpeɪ
zʊp.u,zʊp.u,zʊpu,zʊpu,zʊpu,zʊpu
zʊp.o,zʊp.o,zʊpo,zʊpo,zʊpoʊ,zʊpoʊ
zʊt.i,zʊt.i,zʊti,zʊti,zʊti,zʊti
zʊt.e,zʊt.e,zʊte,zʊte,zʊteɪ,zʊteɪ
zʊt.u,zʊt.u,zʊtu,zʊtu,zʊtu,zʊtu
zʊt.o,zʊt.o,zʊto,zʊto,zʊtoʊ,zʊtoʊ
zʊk.i,zʊk.i,zʊki,zʊki,zʊki,zʊki
zʊk.e,zʊk.e,zʊke,zʊke,zʊkeɪ,zʊkeɪ
zʊk.u,zʊk.u,zʊku,zʊku,zʊku,zʊku
zʊk.o,zʊk.o,zʊko,zʊko,zʊkoʊ,zʊkoʊ
zʊb.i,zʊb.i,zʊbi,zʊbi,zʊbi,zʊbi
zʊb.e,zʊb.e,zʊbe,zʊbe,zʊbeɪ,zʊbeɪ
zʊb.u,zʊb.u,zʊbu,zʊbu,zʊbu,zʊbu
zʊb.o,zʊb.o,zʊbo,zʊbo,zʊboʊ,zʊboʊ
zʊd.i,zʊd.i,zʊdi,zʊdi,zʊdi,zʊdi
zʊd.e,zʊd.e,zʊde,zʊde,zʊdeɪ,zʊdeɪ
zʊd.u,zʊd.u,zʊdu,zʊdu,zʊdu,zʊdu
zʊd.o,zʊd.o,zʊdo,zʊdo,zʊdoʊ,zʊdoʊ
zʊg.i,zʊg.i,zʊgi,zʊgi,zʊgi,zʊgi
zʊg.e,zʊg.e,zʊge,zʊge,zʊgeɪ,zʊgeɪ
zʊg.u,zʊg.u,zʊgu,zʊgu,zʊgu,zʊgu
zʊg.o,zʊg.o,zʊgo,zʊgo,zʊgoʊ,zʊgoʊ
zʊf.i,zʊf.i,zʊfi,zʊfi,zʊfi,zʊfi
zʊf.e,zʊf.e,zʊfe,zʊfe,zʊfeɪ,zʊfeɪ
zʊf.u,zʊf.u,zʊfu,zʊfu,zʊfu,zʊfu
zʊf.o,zʊf.o,zʊfo,zʊfo,zʊfoʊ,zʊfoʊ
zʊs.i,zʊs.i,zʊsi,zʊsi,zʊsi,zʊsi
zʊs.e,zʊs.e,zʊse,zʊse,zʊseɪ,zʊseɪ
zʊs.u,zʊs.u,zʊsu,zʊsu,zʊsu,zʊsu
zʊs.o,zʊs.o,zʊso,zʊso,zʊsoʊ,zʊsoʊ
zʊv.i,zʊv.i,zʊvi,zʊvi,zʊvi,zʊvi
zʊv.e,zʊv.e,zʊve,zʊve,zʊveɪ,zʊveɪ
zʊv.u,zʊv.u,zʊvu,zʊvu,zʊvu,zʊvu
zʊv.o,zʊv.o,zʊvo,zʊvo,zʊvoʊ,zʊvoʊ
zʊz.i,zʊz.i,zʊzi,zʊzi,zʊzi,zʊzi
zʊz.e,zʊz.e,zʊze,zʊze,zʊzeɪ,zʊzeɪ
zʊz.u,zʊz.u,zʊzu,zʊzu,zʊzu,zʊzu
zʊz.o,zʊz.o,zʊzo,zʊzo,zʊzoʊ,zʊzoʊ
zʊʃ.i,zʊʃ.i,zʊʃi,zʊʃi,zʊʃi,zʊʃi
zʊʃ.e,zʊʃ.e,zʊʃe,zʊʃe,zʊʃeɪ,zʊʃeɪ
zʊʃ.u,zʊʃ.u,zʊʃu,zʊʃu,zʊʃu,zʊʃu
zʊʃ.o,zʊʃ.o,zʊʃo,zʊʃo,zʊʃoʊ,zʊʃoʊ
zʊʒ.i,zʊʒ.i,zʊʒi,zʊʒi,zʊʒi,zʊʒi
zʊʒ.e,zʊʒ.e,zʊʒe,zʊʒe,zʊʒeɪ,zʊʒeɪ
zʊʒ.u,zʊʒ.u,zʊʒu,zʊʒu,zʊʒu,zʊʒu
zʊʒ.o,zʊʒ.o,zʊʒo,zʊʒo,zʊʒoʊ,zʊʒoʊ
zʊθ.i,zʊθ.i,zʊθi,zʊθi,zʊθi,zʊθi
zʊθ.e,zʊθ.e,zʊθe,zʊθe,zʊθeɪ,zʊθeɪ
zʊθ.u,zʊθ.u,zʊθu,zʊθu,zʊθu,zʊθu
zʊθ.o,zʊθ.o,zʊθo,zʊθo,zʊθoʊ,zʊθoʊ
zʊð.i,zʊð.i,zʊði,zʊði,zʊði,zʊði
zʊð.e,zʊð.e,zʊðe,zʊðe,zʊðeɪ,zʊðeɪ
zʊð.u,zʊð.u,zʊðu,zʊðu,zʊðu,zʊðu
zʊð.o,zʊð.o,zʊðo,zʊðo,zʊðoʊ,zʊðoʊ
ʃʊm.i,ʃʊm.i,ʃʊmi,ʃʊmi,ʃʊmi,ʃʊmi
ʃʊm.e,ʃʊm.e,ʃʊme,ʃʊme,ʃʊmeɪ,ʃʊmeɪ
ʃʊm.u,ʃʊm.u,ʃʊmu,ʃʊmu,ʃʊmu,ʃʊmu
ʃʊm.o,ʃʊm.o,ʃʊmo,ʃʊmo,ʃʊmoʊ,ʃʊmoʊ
ʃʊn.i,ʃʊn.i,ʃʊni,ʃʊni,ʃʊni,ʃʊni
ʃʊn.e,ʃʊn.e,ʃʊne,ʃʊne,ʃʊneɪ,ʃʊneɪ
ʃʊn.u,ʃʊn.u,ʃʊnu,ʃʊnu,ʃʊnu,ʃʊnu
ʃʊn.o,ʃʊn.o,ʃʊno,ʃʊno,ʃʊnoʊ,ʃʊnoʊ
ʃʊŋ.i,ʃʊŋ.i,ʃʊŋi,ʃʊŋi,ʃʊŋi,ʃʊŋi
ʃʊŋ.e,ʃʊŋ.e,ʃʊŋe,ʃʊŋe,ʃʊŋeɪ,ʃʊŋeɪ
ʃʊŋ.u,ʃʊŋ.u,ʃʊŋu,ʃʊŋu,ʃʊŋu,ʃʊŋu
ʃʊŋ.o,ʃʊŋ.o,ʃʊŋo,ʃʊŋo,ʃʊŋoʊ,ʃʊŋoʊ
ʃʊp.i,ʃʊp.i,ʃʊpi,ʃʊpi,ʃʊpi,ʃʊpi
ʃʊp.e,ʃʊp.e,ʃʊpe,ʃʊpe,ʃʊpeɪ,ʃʊpeɪ
ʃʊp.u,ʃʊp.u,ʃʊpu,ʃʊpu,ʃʊpu,ʃʊpu
ʃʊp.o,ʃʊp.o,ʃʊpo,ʃʊpo,ʃʊpoʊ,ʃʊpoʊ
ʃʊt.i,ʃʊt.i,ʃʊti,ʃʊti,ʃʊti,ʃʊti
ʃʊt.e,ʃʊt.e,ʃʊte,ʃʊte,ʃʊteɪ,ʃʊteɪ
ʃʊt.u,ʃʊt.u,ʃʊtu,ʃʊtu,ʃʊtu,ʃʊtu
ʃʊt.o,ʃʊt.o,ʃʊto,ʃʊto,ʃʊtoʊ,ʃʊtoʊ
ʃʊk.i,ʃʊk.i,ʃʊki,ʃʊki,ʃʊki,ʃʊki
ʃʊk.e,ʃʊk.e,ʃʊke,ʃʊke,ʃʊkeɪ,ʃʊkeɪ
ʃʊk.u,ʃʊk.u,ʃʊku,ʃʊku,ʃʊku,ʃʊku
ʃʊk.o,ʃʊk.o,ʃʊko,ʃʊko,ʃʊkoʊ,ʃʊkoʊ
ʃʊb.i,ʃʊb.i,ʃʊbi,ʃʊbi,ʃʊbi,ʃʊbi
ʃʊb.e,ʃʊb.e,ʃʊbe,ʃʊbe,ʃʊbeɪ,ʃʊbeɪ
ʃʊb.u,ʃʊb.u,ʃʊbu,ʃʊbu,ʃʊbu,ʃʊbu
ʃʊb.o,ʃʊb.o,ʃʊbo,ʃʊbo,ʃʊboʊ,ʃʊboʊ
ʃʊd.i,ʃʊd.i,ʃʊdi,ʃʊdi,ʃʊdi,ʃʊdi
ʃʊd.e,ʃʊd.e,ʃʊde,ʃʊde,ʃʊdeɪ,ʃʊdeɪ
ʃʊd.u,ʃʊd.u,ʃʊdu,ʃʊdu,ʃʊdu,ʃʊdu
ʃʊd.o,ʃʊd.o,ʃʊdo,ʃʊdo,ʃʊdoʊ,ʃʊdoʊ
ʃʊg.i,ʃʊg.i,ʃʊgi,ʃʊgi,ʃʊgi,ʃʊgi
ʃʊg.e,ʃʊg.e,ʃʊge,ʃʊge,ʃʊgeɪ,ʃʊgeɪ
ʃʊg.u,ʃʊg.u,ʃʊgu,ʃʊgu,ʃʊgu,ʃʊgu
ʃʊg.o,ʃʊg.o,ʃʊgo,ʃʊgo,ʃʊgoʊ,ʃʊgoʊ
ʃʊf.i,ʃʊf.i,ʃʊfi,ʃʊfi,ʃʊfi,ʃʊfi
ʃʊf.e,ʃʊf.e,ʃʊfe,ʃʊfe,ʃʊfeɪ,ʃʊfeɪ
ʃʊf.u,ʃʊf.u,ʃʊfu,ʃʊfu,ʃʊfu,ʃʊfu
ʃʊf.o,ʃʊf.o,ʃʊfo,ʃʊfo,ʃʊfoʊ,ʃʊfoʊ
ʃʊs.i,ʃʊs.i,ʃʊsi,ʃʊsi,ʃʊsi,ʃʊsi
ʃʊs.e,ʃʊs.e,ʃʊse,ʃʊse,ʃʊseɪ,ʃʊseɪ
ʃʊs.u,ʃʊs.u,ʃʊsu,ʃʊsu,ʃʊsu,ʃʊsu
ʃʊs.o,ʃʊs.o,ʃʊso,ʃʊso,ʃʊsoʊ,ʃʊsoʊ
ʃʊv.i,ʃʊv.i,ʃʊvi,ʃʊvi,ʃʊvi,ʃʊvi
ʃʊv.e,ʃʊv.e,ʃʊve,ʃʊve,ʃʊveɪ,ʃʊveɪ
ʃʊv.u,ʃʊv.u,ʃʊvu,ʃʊvu,ʃʊvu,ʃʊvu
ʃʊv.o,ʃʊv.o,ʃʊvo,ʃʊvo,ʃʊvoʊ,ʃʊvoʊ
ʃʊz.i,ʃʊz.i,ʃʊzi,ʃʊzi,ʃʊzi,ʃʊzi
ʃʊz.e,ʃʊz.e,ʃʊze,ʃʊze,ʃʊzeɪ,ʃʊzeɪ
ʃʊz.u,ʃʊz.u,ʃʊzu,ʃʊzu,ʃʊzu,ʃʊzu
ʃʊz.o,ʃʊz.o,ʃʊzo,ʃʊzo,ʃʊzoʊ,ʃʊzoʊ
ʃʊʃ.i,ʃʊʃ.i,ʃʊʃi,ʃʊʃi,ʃʊʃi,ʃʊʃi
ʃʊʃ.e,ʃʊʃ.e,ʃʊʃe,ʃʊʃe,ʃʊʃeɪ,ʃʊʃeɪ
ʃʊʃ.u,ʃʊʃ.u,ʃʊʃu,ʃʊʃu,ʃʊʃu,ʃʊʃu
ʃʊʃ.o,ʃʊʃ.o,ʃʊʃo,ʃʊʃo,ʃʊʃoʊ,ʃʊʃoʊ
ʃʊʒ.i,ʃʊʒ.i,ʃʊʒi,ʃʊʒi,ʃʊʒi,ʃʊʒi
ʃʊʒ.e,ʃʊʒ.e,ʃʊʒe,ʃʊʒe,ʃʊʒeɪ,ʃʊʒeɪ
ʃʊʒ.u,ʃʊʒ.u,ʃʊʒu,ʃʊʒu,ʃʊʒu,ʃʊʒu
ʃʊʒ.o,ʃʊʒ.o,ʃʊʒo,ʃʊʒo,ʃʊʒoʊ,ʃʊʒoʊ
ʃʊθ.i,ʃʊθ.i,ʃʊθi,ʃʊθi,ʃʊθi,ʃʊθi
ʃʊθ.e,ʃʊθ.e,ʃʊθe,ʃʊθe,ʃʊθeɪ,ʃʊθeɪ
ʃʊθ.u,ʃʊθ.u,ʃʊθu,ʃʊθu,ʃʊθu,ʃʊθu
ʃʊθ.o,ʃʊθ.o,ʃʊθo,ʃʊθo,ʃʊθoʊ,ʃʊθoʊ
ʃʊð.i,ʃʊð.i,ʃʊði,ʃʊði,ʃʊði,ʃʊði
ʃʊð.e,ʃʊð.e,ʃʊðe,ʃʊðe,ʃʊðeɪ,ʃʊðeɪ
ʃʊð.u,ʃʊð.u,ʃʊðu,ʃʊðu,ʃʊðu,ʃʊðu
ʃʊð.o,ʃʊð.o,ʃʊðo,ʃʊðo,ʃʊðoʊ,ʃʊðoʊ
ʒʊm.i,ʒʊm.i,ʒʊmi,ʒʊmi,ʒʊmi,ʒʊmi
ʒʊm.e,ʒʊm.e,ʒʊme,ʒʊme,ʒʊmeɪ,ʒʊmeɪ
ʒʊm.u,ʒʊm.u,ʒʊmu,ʒʊmu,ʒʊmu,ʒʊmu
ʒʊm.o,ʒʊm.o,ʒʊmo,ʒʊmo,ʒʊmoʊ,ʒʊmoʊ
ʒʊn.i,ʒʊn.i,ʒʊni,ʒʊni,ʒʊni,ʒʊni
ʒʊn.e,ʒʊn.e,ʒʊne,ʒʊne,ʒʊneɪ,ʒʊneɪ
ʒʊn.u,ʒʊn.u,ʒʊnu,ʒʊnu,ʒʊnu,ʒʊnu
ʒʊn.o,ʒʊn.o,ʒʊno,ʒʊno,ʒʊnoʊ,ʒʊnoʊ
ʒʊŋ.i,ʒʊŋ.i,ʒʊŋi,ʒʊŋi,ʒʊŋi,ʒʊŋi
ʒʊŋ.e,ʒʊŋ.e,ʒʊŋe,ʒʊŋe,ʒʊŋeɪ,ʒʊŋeɪ
ʒʊŋ.u,ʒʊŋ.u,ʒʊŋu,ʒʊŋu,ʒʊŋu,ʒʊŋu
ʒʊŋ.o,ʒʊŋ.o,ʒʊŋo,ʒʊŋo,ʒʊŋoʊ,ʒʊŋoʊ
ʒʊp.i,ʒʊp.i,ʒʊpi,ʒʊpi,ʒʊpi,ʒʊpi
ʒʊp.e,ʒʊp.e,ʒʊpe,ʒʊpe,ʒʊpeɪ,ʒʊpeɪ
ʒʊp.u,ʒʊp.u,ʒʊpu,ʒʊpu,ʒʊpu,ʒʊpu
ʒʊp.o,ʒʊp.o,ʒʊpo,ʒʊpo,ʒʊpoʊ,ʒʊpoʊ
ʒʊt.i,ʒʊt.i,ʒʊti,ʒʊti,ʒʊti,ʒʊti
ʒʊt.e,ʒʊt.e,ʒʊte,ʒʊte,ʒʊteɪ,ʒʊteɪ
ʒʊt.u,ʒʊt.u,ʒʊtu,ʒʊtu,ʒʊtu,ʒʊtu
ʒʊt.o,ʒʊt.o,ʒʊto,ʒʊto,ʒʊtoʊ,ʒʊtoʊ
ʒʊk.i,ʒʊk.i,ʒʊki,ʒʊki,ʒʊki,ʒʊki
ʒʊk.e,ʒʊk.e,ʒʊke,ʒʊke,ʒʊkeɪ,ʒʊkeɪ
ʒʊk.u,ʒʊk.u,ʒʊku,ʒʊku,ʒʊku,ʒʊku
ʒʊk.o,ʒʊk.o,ʒʊko,ʒʊko,ʒʊkoʊ,ʒʊkoʊ
ʒʊb.i,ʒʊb.i,ʒʊbi,ʒʊbi,ʒʊbi,ʒʊbi
ʒʊb.e,ʒʊb.e,ʒʊbe,ʒʊbe,ʒʊbeɪ,ʒʊbeɪ
ʒʊb.u,ʒʊb.u,ʒʊbu,ʒʊbu,ʒʊbu,ʒʊbu
ʒʊb.o,ʒʊb.o,ʒʊbo,ʒʊbo,ʒʊboʊ,ʒʊboʊ
ʒʊd.i,ʒʊd.i,ʒʊdi,ʒʊdi,ʒʊdi,ʒʊdi
ʒʊd.e,ʒʊd.e,ʒʊde,ʒʊde,ʒʊdeɪ,ʒʊdeɪ
ʒʊd.u,ʒʊd.u,ʒʊdu,ʒʊdu,ʒʊdu,ʒʊdu
ʒʊd.o,ʒʊd.o,ʒʊdo,ʒʊdo,ʒʊdoʊ,ʒʊdoʊ
ʒʊg.i,ʒʊg.i,ʒʊgi,ʒʊgi,ʒʊgi,ʒʊgi
ʒʊg.e,ʒʊg.e,ʒʊge,ʒʊge,ʒʊgeɪ,ʒʊgeɪ
ʒʊg.u,ʒʊg.u,ʒʊgu,ʒʊgu,ʒʊgu,ʒʊgu
ʒʊg.o,ʒʊg.o,ʒʊgo,ʒʊgo,ʒʊgoʊ,ʒʊgoʊ
ʒʊf.i,ʒʊf.i,ʒʊfi,ʒʊfi,ʒʊfi,ʒʊfi
ʒʊf.e,ʒʊf.e,ʒʊfe,ʒʊfe,ʒʊfeɪ,ʒʊfeɪ
ʒʊf.u,ʒʊf.u,ʒʊfu,ʒʊfu,ʒʊfu,ʒʊfu
ʒʊf.o,ʒʊf.o,ʒʊfo,ʒʊfo,ʒʊfoʊ,ʒʊfoʊ
ʒʊs.i,ʒʊs.i,ʒʊsi,ʒʊsi,ʒʊsi,ʒʊsi
ʒʊs.e,ʒʊs.e,ʒʊse,ʒʊse,ʒʊseɪ,ʒʊseɪ
ʒʊs.u,ʒʊs.u,ʒʊsu,ʒʊsu,ʒʊsu,ʒʊsu
ʒʊs.o,ʒʊs.o,ʒʊso,ʒʊso,ʒʊsoʊ,ʒʊsoʊ
ʒʊv.i,ʒʊv.i,ʒʊvi,ʒʊvi,ʒʊvi,ʒʊvi
ʒʊv.e,ʒʊv.e,ʒʊve,ʒʊve,ʒʊveɪ,ʒʊveɪ
ʒʊv.u,ʒʊv.u,ʒʊvu,ʒʊvu,ʒʊvu,ʒʊvu
ʒʊv.o,ʒʊv.o,ʒʊvo,ʒʊvo,ʒʊvoʊ,ʒʊvoʊ
ʒʊz.i,ʒʊz.i,ʒʊzi,ʒʊzi,ʒʊzi,ʒʊzi
ʒʊz.e,ʒʊz.e,ʒʊze,ʒʊze,ʒʊzeɪ,ʒʊzeɪ
ʒʊz.u,ʒʊz.u,ʒʊzu,ʒʊzu,ʒʊzu,ʒʊzu
ʒʊz.o,ʒʊz.o,ʒʊzo,ʒʊzo,ʒʊzoʊ,ʒʊzoʊ
ʒʊʃ.i,ʒʊʃ.i,ʒʊʃi,ʒʊʃi,ʒʊʃi,ʒʊʃi
ʒʊʃ.e,ʒʊʃ.e,ʒʊʃe,ʒʊʃe,ʒʊʃeɪ,ʒʊʃeɪ
ʒʊʃ.u,ʒʊʃ.u,ʒʊʃu,ʒʊʃu,ʒʊʃu,ʒʊʃu
ʒʊʃ.o,ʒʊʃ.o,ʒʊʃo,ʒʊʃo,ʒʊʃoʊ,ʒʊʃoʊ
ʒʊʒ.i,ʒʊʒ.i,ʒʊʒi,ʒʊʒi,ʒʊʒi,ʒʊʒi
ʒʊʒ.e,ʒʊʒ.e,ʒʊʒe,ʒʊʒe,ʒʊʒeɪ,ʒʊʒeɪ
ʒʊʒ.u,ʒʊʒ.u,ʒʊʒu,ʒʊʒu,ʒʊʒu,ʒʊʒu
ʒʊʒ.o,ʒʊʒ.o,ʒʊʒo,ʒʊʒo,ʒʊʒoʊ,ʒʊʒoʊ
ʒʊθ.i,ʒʊθ.i,ʒʊθi,ʒʊθi,ʒʊθi,ʒʊθi
ʒʊθ.e,ʒʊθ.e,ʒʊθe,ʒʊθe,ʒʊθeɪ,ʒʊθeɪ
ʒʊθ.u,ʒʊθ.u,ʒʊθu,ʒʊθu,ʒʊθu,ʒʊθu
ʒʊθ.o,ʒʊθ.o,ʒʊθo,ʒʊθo,ʒʊθoʊ,ʒʊθoʊ
ʒʊð.i,ʒʊð.i,ʒʊði,ʒʊði,ʒʊði,ʒʊði
ʒʊð.e,ʒʊð.e,ʒʊðe,ʒʊðe,ʒʊðeɪ,ʒʊðeɪ
ʒʊð.u,ʒʊð.u,ʒʊðu,ʒʊðu,ʒʊðu,ʒʊðu
ʒʊð.o,ʒʊð.o,ʒʊðo,ʒʊðo,ʒʊðoʊ,ʒʊðoʊ
θʊm.i,θʊm.i,θʊmi,θʊmi,θʊmi,θʊmi
θʊm.e,θʊm.e,θʊme,θʊme,θʊmeɪ,θʊmeɪ
θʊm.u,θʊm.u,θʊmu,θʊmu,θʊmu,θʊmu
θʊm.o,θʊm.o,θʊmo,θʊmo,θʊmoʊ,θʊmoʊ
θʊn.i,θʊn.i,θʊni,θʊni,θʊni,θʊni
θʊn.e,θʊn.e,θʊne,θʊne,θʊneɪ,θʊneɪ
θʊn.u,θʊn.u,θʊnu,θʊnu,θʊnu,θʊnu
θʊn.o,θʊn.o,θʊno,θʊno,θʊnoʊ,θʊnoʊ
θʊŋ.i,θʊŋ.i,θʊŋi,θʊŋi,θʊŋi,θʊŋi
θʊŋ.e,θʊŋ.e,θʊŋe,θʊŋe,θʊŋeɪ,θʊŋeɪ
θʊŋ.u,θʊŋ.u,θʊŋu,θʊŋu,θʊŋu,θʊŋu
θʊŋ.o,θʊŋ.o,θʊŋo,θʊŋo,θʊŋoʊ,θʊŋoʊ
θʊp.i,θʊp.i,θʊpi,θʊpi,θʊpi,θʊpi
θʊp.e,θʊp.e,θʊpe,θʊpe,θʊpeɪ,θʊpeɪ
θʊp.u,θʊp.u,θʊpu,θʊpu,θʊpu,θʊpu
θʊp.o,θʊp.o,θʊpo,θʊpo,θʊpoʊ,θʊpoʊ
θʊt.i,θʊt.i,θʊti,θʊti,θʊti,θʊti
θʊt.e,θʊt.e,θʊte,θʊte,θʊteɪ,θʊteɪ
θʊt.u,θʊt.u,θʊtu,θʊtu,θʊtu,θʊtu
θʊt.o,θʊt.o,θʊto,θʊto,θʊtoʊ,θʊtoʊ
θʊk.i,θʊk.i,θʊki,θʊki,θʊki,θʊki
θʊk.e,θʊk.e,θʊke,θʊke,θʊkeɪ,θʊkeɪ
θʊk.u,θʊk.u,θʊku,θʊku,θʊku,θʊku
θʊk.o,θʊk.o,θʊko,θʊko,θʊkoʊ,θʊkoʊ
θʊb.i,θʊb.i,θʊbi,θʊbi,θʊbi,θʊbi
θʊb.e,θʊb.e,θʊbe,θʊbe,θʊbeɪ,θʊbeɪ
θʊb.u,θʊb.u,θʊbu,θʊbu,θʊbu,θʊbu
θʊb.o,θʊb.o,θʊbo,θʊbo,θʊboʊ,θʊboʊ
θʊd.i,θʊd.i,θʊdi,θʊdi,θʊdi,θʊdi
θʊd.e,θʊd.e,θʊde,θʊde,θʊdeɪ,θʊdeɪ
θʊd.u,θʊd.u,θʊdu,θʊdu,θʊdu,θʊdu
θʊd.o,θʊd.o,θʊdo,θʊdo,θʊdoʊ,θʊdoʊ
θʊg.i,θʊg.i,θʊgi,θʊgi,θʊgi,θʊgi
θʊg.e,θʊg.e,θʊge,θʊge,θʊgeɪ,θʊgeɪ
θʊg.u,θʊg.u,θʊgu,θʊgu,θʊgu,θʊgu
θʊg.o,θʊg.o,θʊgo,θʊgo,θʊgoʊ,θʊgoʊ
θʊf.i,θʊf.i,θʊfi,θʊfi,θʊfi,θʊfi
θʊf.e,θʊf.e,θʊfe,θʊfe,θʊfeɪ,θʊfeɪ
θʊf.u,θʊf.u,θʊfu,θʊfu,θʊfu,θʊfu
θʊf.o,θʊf.o,θʊfo,θʊfo,θʊfoʊ,θʊfoʊ
θʊs.i,θʊs.i,θʊsi,θʊsi,θʊsi,θʊsi
θʊs.e,θʊs.e,θʊse,θʊse,θʊseɪ,θʊseɪ
θʊs.u,θʊs.u,θʊsu,θʊsu,θʊsu,θʊsu
θʊs.o,θʊs.o,θʊso,θʊso,θʊsoʊ,θʊsoʊ
θʊv.i,θʊv.i,θʊvi,θʊvi,θʊvi,θʊvi
θʊv.e,θʊv.e,θʊve,θʊve,θʊveɪ,θʊveɪ
θʊv.u,θʊv.u,θʊvu,θʊvu,θʊvu,θʊvu
θʊv.o,θʊv.o,θʊvo,θʊvo,θʊvoʊ,θʊvoʊ
θʊz.i,θʊz.i,θʊzi,θʊzi,θʊzi,θʊzi
θʊz.e,θʊz.e,θʊze,θʊze,θʊzeɪ,θʊzeɪ
θʊz.u,θʊz.u,θʊzu,θʊzu,θʊzu,θʊzu
θʊz.o,θʊz.o,θʊzo,θʊzo,θʊzoʊ,θʊzoʊ
θʊʃ.i,θʊʃ.i,θʊʃi,θʊʃi,θʊʃi,θʊʃi
θʊʃ.e,θʊʃ.e,θʊʃe,θʊʃe,θʊʃeɪ,θʊʃeɪ
θʊʃ.u,θʊʃ.u,θʊʃu,θʊʃu,θʊʃu,θʊʃu
θʊʃ.o,θʊʃ.o,θʊʃo,θʊʃo,θʊʃoʊ,θʊʃoʊ
θʊʒ.i,θʊʒ.i,θʊʒi,θʊʒi,θʊʒi,θʊʒi
θʊʒ.e,θʊʒ.e,θʊʒe,θʊʒe,θʊʒeɪ,θʊʒeɪ
θʊʒ.u,θʊʒ.u,θʊʒu,θʊʒu,θʊʒu,θʊʒu
θʊʒ.o,θʊʒ.o,θʊʒo,θʊʒo,θʊʒoʊ,θʊʒoʊ
θʊθ.i,θʊθ.i,θʊθi,θʊθi,θʊθi,θʊθi
θʊθ.e,θʊθ.e,θʊθe,θʊθe,θʊθeɪ,θʊθeɪ
θʊθ.u,θʊθ.u,θʊθu,θʊθu,θʊθu,θʊθu
θʊθ.o,θʊθ.o,θʊθo,θʊθo,θʊθoʊ,θʊθoʊ
θʊð.i,θʊð.i,θʊði,θʊði,θʊði,θʊði
θʊð.e,θʊð.e,θʊðe,θʊðe,θʊðeɪ,θʊðeɪ
θʊð.u,θʊð.u,θʊðu,θʊðu,θʊðu,θʊðu
θʊð.o,θʊð.o,θʊðo,θʊðo,θʊðoʊ,θʊðoʊ
ðʊm.i,ðʊm.i,ðʊmi,ðʊmi,ðʊmi,ðʊmi
ðʊm.e,ðʊm.e,ðʊme,ðʊme,ðʊmeɪ,ðʊmeɪ
ðʊm.u,ðʊm.u,ðʊmu,ðʊmu,ðʊmu,ðʊmu
ðʊm.o,ðʊm.o,ðʊmo,ðʊmo,ðʊmoʊ,ðʊmoʊ
ðʊn.i,ðʊn.i,ðʊni,ðʊni,ðʊni,ðʊni
ðʊn.e,ðʊn.e,ðʊne,ðʊne,ðʊneɪ,ðʊneɪ
ðʊn.u,ðʊn.u,ðʊnu,ðʊnu,ðʊnu,ðʊnu
ðʊn.o,ðʊn.o,ðʊno,ðʊno,ðʊnoʊ,ðʊnoʊ
ðʊŋ.i,ðʊŋ.i,ðʊŋi,ðʊŋi,ðʊŋi,ðʊŋi
ðʊŋ.e,ðʊŋ.e,ðʊŋe,ðʊŋe,ðʊŋeɪ,ðʊŋeɪ
ðʊŋ.u,ðʊŋ.u,ðʊŋu,ðʊŋu,ðʊŋu,ðʊŋu
ðʊŋ.o,ðʊŋ.o,ðʊŋo,ðʊŋo,ðʊŋoʊ,ðʊŋoʊ
ðʊp.i,ðʊp.i,ðʊpi,ðʊpi,ðʊpi,ðʊpi
ðʊp.e,ðʊp.e,ðʊpe,ðʊpe,ðʊpeɪ,ðʊpeɪ
ðʊp.u,ðʊp.u,ðʊpu,ðʊpu,ðʊpu,ðʊpu
ðʊp.o,ðʊp.o,ðʊpo,ðʊpo,ðʊpoʊ,ðʊpoʊ
ðʊt.i,ðʊt.i,ðʊti,ðʊti,ðʊti,ðʊti
ðʊt.e,ðʊt.e,ðʊte,ðʊte,ðʊteɪ,ðʊteɪ
ðʊt.u,ðʊt.u,ðʊtu,ðʊtu,ðʊtu,ðʊtu
ðʊt.o,ðʊt.o,ðʊto,ðʊto,ðʊtoʊ,ðʊtoʊ
ðʊk.i,ðʊk.i,ðʊki,ðʊki,ðʊki,ðʊki
ðʊk.e,ðʊk.e,ðʊke,ðʊke,ðʊkeɪ,ðʊkeɪ
ðʊk.u,ðʊk.u,ðʊku,ðʊku,ðʊku,ðʊku
ðʊk.o,ðʊk.o,ðʊko,ðʊko,ðʊkoʊ,ðʊkoʊ
ðʊb.i,ðʊb.i,ðʊbi,ðʊbi,ðʊbi,ðʊbi
ðʊb.e,ðʊb.e,ðʊbe,ðʊbe,ðʊbeɪ,ðʊbeɪ
ðʊb.u,ðʊb.u,ðʊbu,ðʊbu,ðʊbu,ðʊbu
ðʊb.o,ðʊb.o,ðʊbo,ðʊbo,ðʊboʊ,ðʊboʊ
ðʊd.i,ðʊd.i,ðʊdi,ðʊdi,ðʊdi,ðʊdi
ðʊd.e,ðʊd.e,ðʊde,ðʊde,ðʊdeɪ,ðʊdeɪ
ðʊd.u,ðʊd.u,ðʊdu,ðʊdu,ðʊdu,ðʊdu
ðʊd.o,ðʊd.o,ðʊdo,ðʊdo,ðʊdoʊ,ðʊdoʊ
ðʊg.i,ðʊg.i,ðʊgi,ðʊgi,ðʊgi,ðʊgi
ðʊg.e,ðʊg.e,ðʊge,ðʊge,ðʊgeɪ,ðʊgeɪ
ðʊg.u,ðʊg.u,ðʊgu,ðʊgu,ðʊgu,ðʊgu
ðʊg.o,ðʊg.o,ðʊgo,ðʊgo,ðʊgoʊ,ðʊgoʊ
ðʊf.i,ðʊf.i,ðʊfi,ðʊfi,ðʊfi,ðʊfi
ðʊf.e,ðʊf.e,ðʊfe,ðʊfe,ðʊfeɪ,ðʊfeɪ
ðʊf.u,ðʊf.u,ðʊfu,ðʊfu,ðʊfu,ðʊfu
ðʊf.o,ðʊf.o,ðʊfo,ðʊfo,ðʊfoʊ,ðʊfoʊ
ðʊs.i,ðʊs.i,ðʊsi,ðʊsi,ðʊsi,ðʊsi
ðʊs.e,ðʊs.e,ðʊse,ðʊse,ðʊseɪ,ðʊseɪ
ðʊs.u,ðʊs.u,ðʊsu,ðʊsu,ðʊsu,ðʊsu
ðʊs.o,ðʊs.o,ðʊso,ðʊso,ðʊsoʊ,ðʊsoʊ
ðʊv.i,ðʊv.i,ðʊvi,ðʊvi,ðʊvi,ðʊvi
ðʊv.e,ðʊv.e,ðʊve,ðʊve,ðʊveɪ,ðʊveɪ
ðʊv.u,ðʊv.u,ðʊvu,ðʊvu,ðʊvu,ðʊvu
ðʊv.o,ðʊv.o,ðʊvo,ðʊvo,ðʊvoʊ,ðʊvoʊ
ðʊz.i,ðʊz.i,ðʊzi,ðʊzi,ðʊzi,ðʊzi
ðʊz.e,ðʊz.e,ðʊze,ðʊze,ðʊzeɪ,ðʊzeɪ
ðʊz.u,ðʊz.u,ðʊzu,ðʊzu,ðʊzu,ðʊzu
ðʊz.o,ðʊz.o,ðʊzo,ðʊzo,ðʊzoʊ,ðʊzoʊ
ðʊʃ.i,ðʊʃ.i,ðʊʃi,ðʊʃi,ðʊʃi,ðʊʃi
ðʊʃ.e,ðʊʃ.e,ðʊʃe,ðʊʃe,ðʊʃeɪ,ðʊʃeɪ
ðʊʃ.u,ðʊʃ.u,ðʊʃu,ðʊʃu,ðʊʃu,ðʊʃu
ðʊʃ.o,ðʊʃ.o,ðʊʃo,ðʊʃo,ðʊʃoʊ,ðʊʃoʊ
ðʊʒ.i,ðʊʒ.i,ðʊʒi,ðʊʒi,ðʊʒi,ðʊʒi
ðʊʒ.e,ðʊʒ.e,ðʊʒe,ðʊʒe,ðʊʒeɪ,ðʊʒeɪ
ðʊʒ.u,ðʊʒ.u,ðʊʒu,ðʊʒu,ðʊʒu,ðʊʒu
ðʊʒ.o,ðʊʒ.o,ðʊʒo,ðʊʒo,ðʊʒoʊ,ðʊʒoʊ
ðʊθ.i,ðʊθ.i,ðʊθi,ðʊθi,ðʊθi,ðʊθi
ðʊθ.e,ðʊθ.e,ðʊθe,ðʊθe,ðʊθeɪ,ðʊθeɪ
ðʊθ.u,ðʊθ.u,ðʊθu,ðʊθu,ðʊθu,ðʊθu
ðʊθ.o,ðʊθ.o,ðʊθo,ðʊθo,ðʊθoʊ,ðʊθoʊ
ðʊð.i,ðʊð.i,ðʊði,ðʊði,ðʊði,ðʊði
ðʊð.e,ðʊð.e,ðʊðe,ðʊðe,ðʊðeɪ,ðʊðeɪ
ðʊð.u,ðʊð.u,ðʊðu,ðʊðu,ðʊðu,ðʊðu
ðʊð.o,ðʊð.o,ðʊðo,ðʊðo,ðʊðoʊ,ðʊðoʊ
hʊm.i,hʊm.i,hʊmi,hʊmi,hʊmi,hʊmi
hʊm.e,hʊm.e,hʊme,hʊme,hʊmeɪ,hʊmeɪ
hʊm.u,hʊm.u,hʊmu,hʊmu,hʊmu,hʊmu
hʊm.o,hʊm.o,hʊmo,hʊmo,hʊmoʊ,hʊmoʊ
hʊn.i,hʊn.i,hʊni,hʊni,hʊni,hʊni
hʊn.e,hʊn.e,hʊne,hʊne,hʊneɪ,hʊneɪ
hʊn.u,hʊn.u,hʊnu,hʊnu,hʊnu,hʊnu
hʊn.o,hʊn.o,hʊno,hʊno,hʊnoʊ,hʊnoʊ
hʊŋ.i,hʊŋ.i,hʊŋi,hʊŋi,hʊŋi,hʊŋi
hʊŋ.e,hʊŋ.e,hʊŋe,hʊŋe,hʊŋeɪ,hʊŋeɪ
hʊŋ.u,hʊŋ.u,hʊŋu,hʊŋu,hʊŋu,hʊŋu
hʊŋ.o,hʊŋ.o,hʊŋo,hʊŋo,hʊŋoʊ,hʊŋoʊ
hʊp.i,hʊp.i,hʊpi,hʊpi,hʊpi,hʊpi
hʊp.e,hʊp.e,hʊpe,hʊpe,hʊpeɪ,hʊpeɪ
hʊp.u,hʊp.u,hʊpu,hʊpu,hʊpu,hʊpu
hʊp.o,hʊp.o,hʊpo,hʊpo,hʊpoʊ,hʊpoʊ
hʊt.i,hʊt.i,hʊti,hʊti,hʊti,hʊti
hʊt.e,hʊt.e,hʊte,hʊte,hʊteɪ,hʊteɪ
hʊt.u,hʊt.u,hʊtu,hʊtu,hʊtu,hʊtu
hʊt.o,hʊt.o,hʊto,hʊto,hʊtoʊ,hʊtoʊ
hʊk.i,hʊk.i,hʊki,hʊki,hʊki,hʊki
hʊk.e,hʊk.e,hʊke,hʊke,hʊkeɪ,hʊkeɪ
hʊk.u,hʊk.u,hʊku,hʊku,hʊku,hʊku
hʊk.o,hʊk.o,hʊko,hʊko,hʊkoʊ,hʊkoʊ
hʊb.i,hʊb.i,hʊbi,hʊbi,hʊbi,hʊbi
hʊb.e,hʊb.e,hʊbe,hʊbe,hʊbeɪ,hʊbeɪ
hʊb.u,hʊb.u,hʊbu,hʊbu,hʊbu,hʊbu
hʊb.o,hʊb.o,hʊbo,hʊbo,hʊboʊ,hʊboʊ
hʊd.i,hʊd.i,hʊdi,hʊdi,hʊdi,hʊdi
hʊd.e,hʊd.e,hʊde,hʊde,hʊdeɪ,hʊdeɪ
hʊd.u,hʊd.u,hʊdu,hʊdu,hʊdu,hʊdu
hʊd.o,hʊd.o,hʊdo,hʊdo,hʊdoʊ,hʊdoʊ
hʊg.i,hʊg.i,hʊgi,hʊgi,hʊgi,hʊgi
hʊg.e,hʊg.e,hʊge,hʊge,hʊgeɪ,hʊgeɪ
hʊg.u,hʊg.u,hʊgu,hʊgu,hʊgu,hʊgu
hʊg.o,hʊg.o,hʊgo,hʊgo,hʊgoʊ,hʊgoʊ
hʊf.i,hʊf.i,hʊfi,hʊfi,hʊfi,hʊfi
hʊf.e,hʊf.e,hʊfe,hʊfe,hʊfeɪ,hʊfeɪ
hʊf.u,hʊf.u,hʊfu,hʊfu,hʊfu,hʊfu
hʊf.o,hʊf.o,hʊfo,hʊfo,hʊfoʊ,hʊfoʊ
hʊs.i,hʊs.i,hʊsi,hʊsi,hʊsi,hʊsi
hʊs.e,hʊs.e,hʊse,hʊse,hʊseɪ,hʊseɪ
hʊs.u,hʊs.u,hʊsu,hʊsu,hʊsu,hʊsu
hʊs.o,hʊs.o,hʊso,hʊso,hʊsoʊ,hʊsoʊ
hʊv.i,hʊv.i,hʊvi,hʊvi,hʊvi,hʊvi
hʊv.e,hʊv.e,hʊve,hʊve,hʊveɪ,hʊveɪ
hʊv.u,hʊv.u,hʊvu,hʊvu,hʊvu,hʊvu
hʊv.o,hʊv.o,hʊvo,hʊvo,hʊvoʊ,hʊvoʊ
hʊz.i,hʊz.i,hʊzi,hʊzi,hʊzi,hʊzi
hʊz.e,hʊz.e,hʊze,hʊze,hʊzeɪ,hʊzeɪ
hʊz.u,hʊz.u,hʊzu,hʊzu,hʊzu,hʊzu
hʊz.o,hʊz.o,hʊzo,hʊzo,hʊzoʊ,hʊzoʊ
hʊʃ.i,hʊʃ.i,hʊʃi,hʊʃi,hʊʃi,hʊʃi
hʊʃ.e,hʊʃ.e,hʊʃe,hʊʃe,hʊʃeɪ,hʊʃeɪ
hʊʃ.u,hʊʃ.u,hʊʃu,hʊʃu,hʊʃu,hʊʃu
hʊʃ.o,hʊʃ.o,hʊʃo,hʊʃo,hʊʃoʊ,hʊʃoʊ
hʊʒ.i,hʊʒ.i,hʊʒi,hʊʒi,hʊʒi,hʊʒi
hʊʒ.e,hʊʒ.e,hʊʒe,hʊʒe,hʊʒeɪ,hʊʒeɪ
hʊʒ.u,hʊʒ.u,hʊʒu,hʊʒu,hʊʒu,hʊʒu
hʊʒ.o,hʊʒ.o,hʊʒo,hʊʒo,hʊʒoʊ,hʊʒoʊ
hʊθ.i,hʊθ.i,hʊθi,hʊθi,hʊθi,hʊθi
hʊθ.e,hʊθ.e,hʊθe,hʊθe,hʊθeɪ,hʊθeɪ
hʊθ.u,hʊθ.u,hʊθu,hʊθu,hʊθu,hʊθu
hʊθ.o,hʊθ.o,hʊθo,hʊθo,hʊθoʊ,hʊθoʊ
hʊð.i,hʊð.i,hʊði,hʊði,hʊði,hʊði
hʊð.e,hʊð.e,hʊðe,hʊðe,hʊðeɪ,hʊðeɪ
hʊð.u,hʊð.u,hʊðu,hʊðu,hʊðu,hʊðu
hʊð.o,hʊð.o,hʊðo,hʊðo,hʊðoʊ,hʊðoʊ
mɔm.i,mɔm.i,mɔmi,mɔmi,mɔmi,mɔmi
mɔm.e,mɔm.e,mɔme,mɔme,mɔmeɪ,mɔmeɪ
mɔm.u,mɔm.u,mɔmu,mɔmu,mɔmu,mɔmu
mɔm.o,mɔm.o,mɔmo,mɔmo,mɔmoʊ,mɔmoʊ
mɔn.i,mɔn.i,mɔni,mɔni,mɔni,mɔni
mɔn.e,mɔn.e,mɔne,mɔne,mɔneɪ,mɔneɪ
mɔn.u,mɔn.u,mɔnu,mɔnu,mɔnu,mɔnu
mɔn.o,mɔn.o,mɔno,mɔno,mɔnoʊ,mɔnoʊ
mɔŋ.i,mɔŋ.i,mɔŋi,mɔŋi,mɔŋi,mɔŋi
mɔŋ.e,mɔŋ.e,mɔŋe,mɔŋe,mɔŋeɪ,mɔŋeɪ
mɔŋ.u,mɔŋ.u,mɔŋu,mɔŋu,mɔŋu,mɔŋu
mɔŋ.o,mɔŋ.o,mɔŋo,mɔŋo,mɔŋoʊ,mɔŋoʊ
mɔp.i,mɔp.i,mɔpi,mɔpi,mɔpi,mɔpi
mɔp.e,mɔp.e,mɔpe,mɔpe,mɔpeɪ,mɔpeɪ
mɔp.u,mɔp.u,mɔpu,mɔpu,mɔpu,mɔpu
mɔp.o,mɔp.o,mɔpo,mɔpo,mɔpoʊ,mɔpoʊ
mɔt.i,mɔt.i,mɔti,mɔti,mɔti,mɔti
mɔt.e,mɔt.e,mɔte,mɔte,mɔteɪ,mɔteɪ
mɔt.u,mɔt.u,mɔtu,mɔtu,mɔtu,mɔtu
mɔt.o,mɔt.o,mɔto,mɔto,mɔtoʊ,mɔtoʊ
mɔk.i,mɔk.i,mɔki,mɔki,mɔki,mɔki
mɔk.e,mɔk.e,mɔke,mɔke,mɔkeɪ,mɔkeɪ
mɔk.u,mɔk.u,mɔku,mɔku,mɔku,mɔku
mɔk.o,mɔk.o,mɔko,mɔko,mɔkoʊ,mɔkoʊ
mɔb.i,mɔb.i,mɔbi,mɔbi,mɔbi,mɔbi
mɔb.e,mɔb.e,mɔbe,mɔbe,mɔbeɪ,mɔbeɪ
mɔb.u,mɔb.u,mɔbu,mɔbu,mɔbu,mɔbu
mɔb.o,mɔb.o,mɔbo,mɔbo,mɔboʊ,mɔboʊ
mɔd.i,mɔd.i,mɔdi,mɔdi,mɔdi,mɔdi
mɔd.e,mɔd.e,mɔde,mɔde,mɔdeɪ,mɔdeɪ
mɔd.u,mɔd.u,mɔdu,mɔdu,mɔdu,mɔdu
mɔd.o,mɔd.o,mɔdo,mɔdo,mɔdoʊ,mɔdoʊ
mɔg.i,mɔg.i,mɔgi,mɔgi,mɔgi,mɔgi
mɔg.e,mɔg.e,mɔge,mɔge,mɔgeɪ,mɔgeɪ
mɔg.u,mɔg.u,mɔgu,mɔgu,mɔgu,mɔgu
mɔg.o,mɔg.o,mɔgo,mɔgo,mɔgoʊ,mɔgoʊ
mɔf.i,mɔf.i,mɔfi,mɔfi,mɔfi,mɔfi
mɔf.e,mɔf.e,mɔfe,mɔfe,mɔfeɪ,mɔfeɪ
mɔf.u,mɔf.u,mɔfu,mɔfu,mɔfu,mɔfu
mɔf.o,mɔf.o,mɔfo,mɔfo,mɔfoʊ,mɔfoʊ
mɔs.i,mɔs.i,mɔsi,mɔsi,mɔsi,mɔsi
mɔs.e,mɔs.e,mɔse,mɔse,mɔseɪ,mɔseɪ
mɔs.u,mɔs.u,mɔsu,mɔsu,mɔsu,mɔsu
mɔs.o,mɔs.o,mɔso,mɔso,mɔsoʊ,mɔsoʊ
mɔv.i,mɔv.i,mɔvi,mɔvi,mɔvi,mɔvi
mɔv.e,mɔv.e,mɔve,mɔve,mɔveɪ,mɔveɪ
mɔv.u,mɔv.u,mɔvu,mɔvu,mɔvu,mɔvu
mɔv.o,mɔv.o,mɔvo,mɔvo,mɔvoʊ,mɔvoʊ
mɔz.i,mɔz.i,mɔzi,mɔzi,mɔzi,mɔzi
mɔz.e,mɔz.e,mɔze,mɔze,mɔzeɪ,mɔzeɪ
mɔz.u,mɔz.u,mɔzu,mɔzu,mɔzu,mɔzu
mɔz.o,mɔz.o,mɔzo,mɔzo,mɔzoʊ,mɔzoʊ
mɔʃ.i,mɔʃ.i,mɔʃi,mɔʃi,mɔʃi,mɔʃi
mɔʃ.e,mɔʃ.e,mɔʃe,mɔʃe,mɔʃeɪ,mɔʃeɪ
mɔʃ.u,mɔʃ.u,mɔʃu,mɔʃu,mɔʃu,mɔʃu
mɔʃ.o,mɔʃ.o,mɔʃo,mɔʃo,mɔʃoʊ,mɔʃoʊ
mɔʒ.i,mɔʒ.i,mɔʒi,mɔʒi,mɔʒi,mɔʒi
mɔʒ.e,mɔʒ.e,mɔʒe,mɔʒe,mɔʒeɪ,mɔʒeɪ
mɔʒ.u,mɔʒ.u,mɔʒu,mɔʒu,mɔʒu,mɔʒu
mɔʒ.o,mɔʒ.o,mɔʒo,mɔʒo,mɔʒoʊ,mɔʒoʊ
mɔθ.i,mɔθ.i,mɔθi,mɔθi,mɔθi,mɔθi
mɔθ.e,mɔθ.e,mɔθe,mɔθe,mɔθeɪ,mɔθeɪ
mɔθ.u,mɔθ.u,mɔθu,mɔθu,mɔθu,mɔθu
mɔθ.o,mɔθ.o,mɔθo,mɔθo,mɔθoʊ,mɔθoʊ
mɔð.i,mɔð.i,mɔði,mɔði,mɔði,mɔði
mɔð.e,mɔð.e,mɔðe,mɔðe,mɔðeɪ,mɔðeɪ
mɔð.u,mɔð.u,mɔðu,mɔðu,mɔðu,mɔðu
mɔð.o,mɔð.o,mɔðo,mɔðo,mɔðoʊ,mɔðoʊ
nɔm.i,nɔm.i,nɔmi,nɔmi,nɔmi,nɔmi
nɔm.e,nɔm.e,nɔme,nɔme,nɔmeɪ,nɔmeɪ
nɔm.u,nɔm.u,nɔmu,nɔmu,nɔmu,nɔmu
nɔm.o,nɔm.o,nɔmo,nɔmo,nɔmoʊ,nɔmoʊ
nɔn.i,nɔn.i,nɔni,nɔni,nɔni,nɔni
nɔn.e,nɔn.e,nɔne,nɔne,nɔneɪ,nɔneɪ
nɔn.u,nɔn.u,nɔnu,nɔnu,nɔnu,nɔnu
nɔn.o,nɔn.o,nɔno,nɔno,nɔnoʊ,nɔnoʊ
nɔŋ.i,nɔŋ.i,nɔŋi,nɔŋi,nɔŋi,nɔŋi
nɔŋ.e,nɔŋ.e,nɔŋe,nɔŋe,nɔŋeɪ,nɔŋeɪ
nɔŋ.u,nɔŋ.u,nɔŋu,nɔŋu,nɔŋu,nɔŋu
nɔŋ.o,nɔŋ.o,nɔŋo,nɔŋo,nɔŋoʊ,nɔŋoʊ
nɔp.i,nɔp.i,nɔpi,nɔpi,nɔpi,nɔpi
nɔp.e,nɔp.e,nɔpe,nɔpe,nɔpeɪ,nɔpeɪ
nɔp.u,nɔp.u,nɔpu,nɔpu,nɔpu,nɔpu
nɔp.o,nɔp.o,nɔpo,nɔpo,nɔpoʊ,nɔpoʊ
nɔt.i,nɔt.i,nɔti,nɔti,nɔti,nɔti
nɔt.e,nɔt.e,nɔte,nɔte,nɔteɪ,nɔteɪ
nɔt.u,nɔt.u,nɔtu,nɔtu,nɔtu,nɔtu
nɔt.o,nɔt.o,nɔto,nɔto,nɔtoʊ,nɔtoʊ
nɔk.i,nɔk.i,nɔki,nɔki,nɔki,nɔki
nɔk.e,nɔk.e,nɔke,nɔke,nɔkeɪ,nɔkeɪ
nɔk.u,nɔk.u,nɔku,nɔku,nɔku,nɔku
nɔk.o,nɔk.o,nɔko,nɔko,nɔkoʊ,nɔkoʊ
nɔb.i,nɔb.i,nɔbi,nɔbi,nɔbi,nɔbi
nɔb.e,nɔb.e,nɔbe,nɔbe,nɔbeɪ,nɔbeɪ
nɔb.u,nɔb.u,nɔbu,nɔbu,nɔbu,nɔbu
nɔb.o,nɔb.o,nɔbo,nɔbo,nɔboʊ,nɔboʊ
nɔd.i,nɔd.i,nɔdi,nɔdi,nɔdi,nɔdi
nɔd.e,nɔd.e,nɔde,nɔde,nɔdeɪ,nɔdeɪ
nɔd.u,nɔd.u,nɔdu,nɔdu,nɔdu,nɔdu
nɔd.o,nɔd.o,nɔdo,nɔdo,nɔdoʊ,nɔdoʊ
nɔg.i,nɔg.i,nɔgi,nɔgi,nɔgi,nɔgi
nɔg.e,nɔg.e,nɔge,nɔge,nɔgeɪ,nɔgeɪ
nɔg.u,nɔg.u,nɔgu,nɔgu,nɔgu,nɔgu
nɔg.o,nɔg.o,nɔgo,nɔgo,nɔgoʊ,nɔgoʊ
nɔf.i,nɔf.i,nɔfi,nɔfi,nɔfi,nɔfi
nɔf.e,nɔf.e,nɔfe,nɔfe,nɔfeɪ,nɔfeɪ
nɔf.u,nɔf.u,nɔfu,nɔfu,nɔfu,nɔfu
nɔf.o,nɔf.o,nɔfo,nɔfo,nɔfoʊ,nɔfoʊ
nɔs.i,nɔs.i,nɔsi,nɔsi,nɔsi,nɔsi
nɔs.e,nɔs.e,nɔse,nɔse,nɔseɪ,nɔseɪ
nɔs.u,nɔs.u,nɔsu,nɔsu,nɔsu,nɔsu
nɔs.o,nɔs.o,nɔso,nɔso,nɔsoʊ,nɔsoʊ
nɔv.i,nɔv.i,nɔvi,nɔvi,nɔvi,nɔvi
nɔv.e,nɔv.e,nɔve,nɔve,nɔveɪ,nɔveɪ
nɔv.u,nɔv.u,nɔvu,nɔvu,nɔvu,nɔvu
nɔv.o,nɔv.o,nɔvo,nɔvo,nɔvoʊ,nɔvoʊ
nɔz.i,nɔz.i,nɔzi,nɔzi,nɔzi,nɔzi
nɔz.e,nɔz.e,nɔze,nɔze,nɔzeɪ,nɔzeɪ
nɔz.u,nɔz.u,nɔzu,nɔzu,nɔzu,nɔzu
nɔz.o,nɔz.o,nɔzo,nɔzo,nɔzoʊ,nɔzoʊ
nɔʃ.i,nɔʃ.i,nɔʃi,nɔʃi,nɔʃi,nɔʃi
nɔʃ.e,nɔʃ.e,nɔʃe,nɔʃe,nɔʃeɪ,nɔʃeɪ
nɔʃ.u,nɔʃ.u,nɔʃu,nɔʃu,nɔʃu,nɔʃu
nɔʃ.o,nɔʃ.o,nɔʃo,nɔʃo,nɔʃoʊ,nɔʃoʊ
nɔʒ.i,nɔʒ.i,nɔʒi,nɔʒi,nɔʒi,nɔʒi
nɔʒ.e,nɔʒ.e,nɔʒe,nɔʒe,nɔʒeɪ,nɔʒeɪ
nɔʒ.u,nɔʒ.u,nɔʒu,nɔʒu,nɔʒu,nɔʒu
nɔʒ.o,nɔʒ.o,nɔʒo,nɔʒo,nɔʒoʊ,nɔʒoʊ
nɔθ.i,nɔθ.i,nɔθi,nɔθi,nɔθi,nɔθi
nɔθ.e,nɔθ.e,nɔθe,nɔθe,nɔθeɪ,nɔθeɪ
nɔθ.u,nɔθ.u,nɔθu,nɔθu,nɔθu,nɔθu
nɔθ.o,nɔθ.o,nɔθo,nɔθo,nɔθoʊ,nɔθoʊ
nɔð.i,nɔð.i,nɔði,nɔði,nɔði,nɔði
nɔð.e,nɔð.e,nɔðe,nɔðe,nɔðeɪ,nɔðeɪ
nɔð.u,nɔð.u,nɔðu,nɔðu,nɔðu,nɔðu
nɔð.o,nɔð.o,nɔðo,nɔðo,nɔðoʊ,nɔðoʊ
pɔm.i,pɔm.i,pɔmi,pɔmi,pɔmi,pɔmi
pɔm.e,pɔm.e,pɔme,pɔme,pɔmeɪ,pɔmeɪ
pɔm.u,pɔm.u,pɔmu,pɔmu,pɔmu,pɔmu
pɔm.o,pɔm.o,pɔmo,pɔmo,pɔmoʊ,pɔmoʊ
pɔn.i,pɔn.i,pɔni,pɔni,pɔni,pɔni
pɔn.e,pɔn.e,pɔne,pɔne,pɔneɪ,pɔneɪ
pɔn.u,pɔn.u,pɔnu,pɔnu,pɔnu,pɔnu
pɔn.o,pɔn.o,pɔno,pɔno,pɔnoʊ,pɔnoʊ
pɔŋ.i,pɔŋ.i,pɔŋi,pɔŋi,pɔŋi,pɔŋi
pɔŋ.e,pɔŋ.e,pɔŋe,pɔŋe,pɔŋeɪ,pɔŋeɪ
pɔŋ.u,pɔŋ.u,pɔŋu,pɔŋu,pɔŋu,pɔŋu
pɔŋ.o,pɔŋ.o,pɔŋo,pɔŋo,pɔŋoʊ,pɔŋoʊ
pɔp.i,pɔp.i,pɔpi,pɔpi,pɔpi,pɔpi
pɔp.e,pɔp.e,pɔpe,pɔpe,pɔpeɪ,pɔpeɪ
pɔp.u,pɔp.u,pɔpu,pɔpu,pɔpu,pɔpu
pɔp.o,pɔp.o,pɔpo,pɔpo,pɔpoʊ,pɔpoʊ
pɔt.i,pɔt.i,pɔti,pɔti,pɔti,pɔti
pɔt.e,pɔt.e,pɔte,pɔte,pɔteɪ,pɔteɪ
pɔt.u,pɔt.u,pɔtu,pɔtu,pɔtu,pɔtu
pɔt.o,pɔt.o,pɔto,pɔto,pɔtoʊ,pɔtoʊ
pɔk.i,pɔk.i,pɔki,pɔki,pɔki,pɔki
pɔk.e,pɔk.e,pɔke,pɔke,pɔkeɪ,pɔkeɪ
pɔk.u,pɔk.u,pɔku,pɔku,pɔku,pɔku
pɔk.o,pɔk.o,pɔko,pɔko,pɔkoʊ,pɔkoʊ
pɔb.i,pɔb.i,pɔbi,pɔbi,pɔbi,pɔbi
pɔb.e,pɔb.e,pɔbe,pɔbe,pɔbeɪ,pɔbeɪ
pɔb.u,pɔb.u,pɔbu,pɔbu,pɔbu,pɔbu
pɔb.o,pɔb.o,pɔbo,pɔbo,pɔboʊ,pɔboʊ
pɔd.i,pɔd.i,pɔdi,pɔdi,pɔdi,pɔdi
pɔd.e,pɔd.e,pɔde,pɔde,pɔdeɪ,pɔdeɪ
pɔd.u,pɔd.u,pɔdu,pɔdu,pɔdu,pɔdu
pɔd.o,pɔd.o,pɔdo,pɔdo,pɔdoʊ,pɔdoʊ
pɔg.i,pɔg.i,pɔgi,pɔgi,pɔgi,pɔgi
pɔg.e,pɔg.e,pɔge,pɔge,pɔgeɪ,pɔgeɪ
pɔg.u,pɔg.u,pɔgu,pɔgu,pɔgu,pɔgu
pɔg.o,pɔg.o,pɔgo,pɔgo,pɔgoʊ,pɔgoʊ
pɔf.i,pɔf.i,pɔfi,pɔfi,pɔfi,pɔfi
pɔf.e,pɔf.e,pɔfe,pɔfe,pɔfeɪ,pɔfeɪ
pɔf.u,pɔf.u,pɔfu,pɔfu,pɔfu,pɔfu
pɔf.o,pɔf.o,pɔfo,pɔfo,pɔfoʊ,pɔfoʊ
pɔs.i,pɔs.i,pɔsi,pɔsi,pɔsi,pɔsi
pɔs.e,pɔs.e,pɔse,pɔse,pɔseɪ,pɔseɪ
pɔs.u,pɔs.u,pɔsu,pɔsu,pɔsu,pɔsu
pɔs.o,pɔs.o,pɔso,pɔso,pɔsoʊ,pɔsoʊ
pɔv.i,pɔv.i,pɔvi,pɔvi,pɔvi,pɔvi
pɔv.e,pɔv.e,pɔve,pɔve,pɔveɪ,pɔveɪ
pɔv.u,pɔv.u,pɔvu,pɔvu,pɔvu,pɔvu
pɔv.o,pɔv.o,pɔvo,pɔvo,pɔvoʊ,pɔvoʊ
pɔz.i,pɔz.i,pɔzi,pɔzi,pɔzi,pɔzi
pɔz.e,pɔz.e,pɔze,pɔze,pɔzeɪ,pɔzeɪ
pɔz.u,pɔz.u,pɔzu,pɔzu,pɔzu,pɔzu
pɔz.o,pɔz.o,pɔzo,pɔzo,pɔzoʊ,pɔzoʊ
pɔʃ.i,pɔʃ.i,pɔʃi,pɔʃi,pɔʃi,pɔʃi
pɔʃ.e,pɔʃ.e,pɔʃe,pɔʃe,pɔʃeɪ,pɔʃeɪ
pɔʃ.u,pɔʃ.u,pɔʃu,pɔʃu,pɔʃu,pɔʃu
pɔʃ.o,pɔʃ.o,pɔʃo,pɔʃo,pɔʃoʊ,pɔʃoʊ
pɔʒ.i,pɔʒ.i,pɔʒi,pɔʒi,pɔʒi,pɔʒi
pɔʒ.e,pɔʒ.e,pɔʒe,pɔʒe,pɔʒeɪ,pɔʒeɪ
pɔʒ.u,pɔʒ.u,pɔʒu,pɔʒu,pɔʒu,pɔʒu
pɔʒ.o,pɔʒ.o,pɔʒo,pɔʒo,pɔʒoʊ,pɔʒoʊ
pɔθ.i,pɔθ.i,pɔθi,pɔθi,pɔθi,pɔθi
pɔθ.e,pɔθ.e,pɔθe,pɔθe,pɔθeɪ,pɔθeɪ
pɔθ.u,pɔθ.u,pɔθu,pɔθu,pɔθu,pɔθu
pɔθ.o,pɔθ.o,pɔθo,pɔθo,pɔθoʊ,pɔθoʊ
pɔð.i,pɔð.i,pɔði,pɔði,pɔði,pɔði
pɔð.e,pɔð.e,pɔðe,pɔðe,pɔðeɪ,pɔðeɪ
pɔð.u,pɔð.u,pɔðu,pɔðu,pɔðu,pɔðu
pɔð.o,pɔð.o,pɔðo,pɔðo,pɔðoʊ,pɔðoʊ
tɔm.i,tɔm.i,tɔmi,tɔmi,tɔmi,tɔmi
tɔm.e,tɔm.e,tɔme,tɔme,tɔmeɪ,tɔmeɪ
tɔm.u,tɔm.u,tɔmu,tɔmu,tɔmu,tɔmu
tɔm.o,tɔm.o,tɔmo,tɔmo,tɔmoʊ,tɔmoʊ
tɔn.i,tɔn.i,tɔni,tɔni,tɔni,tɔni
tɔn.e,tɔn.e,tɔne,tɔne,tɔneɪ,tɔneɪ
tɔn.u,tɔn.u,tɔnu,tɔnu,tɔnu,tɔnu
tɔn.o,tɔn.o,tɔno,tɔno,tɔnoʊ,tɔnoʊ
tɔŋ.i,tɔŋ.i,tɔŋi,tɔŋi,tɔŋi,tɔŋi
tɔŋ.e,tɔŋ.e,tɔŋe,tɔŋe,tɔŋeɪ,tɔŋeɪ
tɔŋ.u,tɔŋ.u,tɔŋu,tɔŋu,tɔŋu,tɔŋu
tɔŋ.o,tɔŋ.o,tɔŋo,tɔŋo,tɔŋoʊ,tɔŋoʊ
tɔp.i,tɔp.i,tɔpi,tɔpi,tɔpi,tɔpi
tɔp.e,tɔp.e,tɔpe,tɔpe,tɔpeɪ,tɔpeɪ
tɔp.u,tɔp.u,tɔpu,tɔpu,tɔpu,tɔpu
tɔp.o,tɔp.o,tɔpo,tɔpo,tɔpoʊ,tɔpoʊ
tɔt.i,tɔt.i,tɔti,tɔti,tɔti,tɔti
tɔt.e,tɔt.e,tɔte,tɔte,tɔteɪ,tɔteɪ
tɔt.u,tɔt.u,tɔtu,tɔtu,tɔtu,tɔtu
tɔt.o,tɔt.o,tɔto,tɔto,tɔtoʊ,tɔtoʊ
tɔk.i,tɔk.i,tɔki,tɔki,tɔki,tɔki
tɔk.e,tɔk.e,tɔke,tɔke,tɔkeɪ,tɔkeɪ
tɔk.u,tɔk.u,tɔku,tɔku,tɔku,tɔku
tɔk.o,tɔk.o,tɔko,tɔko,tɔkoʊ,tɔkoʊ
tɔb.i,tɔb.i,tɔbi,tɔbi,tɔbi,tɔbi
tɔb.e,tɔb.e,tɔbe,tɔbe,tɔbeɪ,tɔbeɪ
tɔb.u,tɔb.u,tɔbu,tɔbu,tɔbu,tɔbu
tɔb.o,tɔb.o,tɔbo,tɔbo,tɔboʊ,tɔboʊ
tɔd.i,tɔd.i,tɔdi,tɔdi,tɔdi,tɔdi
tɔd.e,tɔd.e,tɔde,tɔde,tɔdeɪ,tɔdeɪ
tɔd.u,tɔd.u,tɔdu,tɔdu,tɔdu,tɔdu
tɔd.o,tɔd.o,tɔdo,tɔdo,tɔdoʊ,tɔdoʊ
tɔg.i,tɔg.i,tɔgi,tɔgi,tɔgi,tɔgi
tɔg.e,tɔg.e,tɔge,tɔge,tɔgeɪ,tɔgeɪ
tɔg.u,tɔg.u,tɔgu,tɔgu,tɔgu,tɔgu
tɔg.o,tɔg.o,tɔgo,tɔgo,tɔgoʊ,tɔgoʊ
tɔf.i,tɔf.i,tɔfi,tɔfi,tɔfi,tɔfi
tɔf.e,tɔf.e,tɔfe,tɔfe,tɔfeɪ,tɔfeɪ
tɔf.u,tɔf.u,tɔfu,tɔfu,tɔfu,tɔfu
tɔf.o,tɔf.o,tɔfo,tɔfo,tɔfoʊ,tɔfoʊ
tɔs.i,tɔs.i,tɔsi,tɔsi,tɔsi,tɔsi
tɔs.e,tɔs.e,tɔse,tɔse,tɔseɪ,tɔseɪ
tɔs.u,tɔs.u,tɔsu,tɔsu,tɔsu,tɔsu
tɔs.o,tɔs.o,tɔso,tɔso,tɔsoʊ,tɔsoʊ
tɔv.i,tɔv.i,tɔvi,tɔvi,tɔvi,tɔvi
tɔv.e,tɔv.e,tɔve,tɔve,tɔveɪ,tɔveɪ
tɔv.u,tɔv.u,tɔvu,tɔvu,tɔvu,tɔvu
tɔv.o,tɔv.o,tɔvo,tɔvo,tɔvoʊ,tɔvoʊ
tɔz.i,tɔz.i,tɔzi,tɔzi,tɔzi,tɔzi
tɔz.e,tɔz.e,tɔze,tɔze,tɔzeɪ,tɔzeɪ
tɔz.u,tɔz.u,tɔzu,tɔzu,tɔzu,tɔzu
tɔz.o,tɔz.o,tɔzo,tɔzo,tɔzoʊ,tɔzoʊ
tɔʃ.i,tɔʃ.i,tɔʃi,tɔʃi,tɔʃi,tɔʃi
tɔʃ.e,tɔʃ.e,tɔʃe,tɔʃe,tɔʃeɪ,tɔʃeɪ
tɔʃ.u,tɔʃ.u,tɔʃu,tɔʃu,tɔʃu,tɔʃu
tɔʃ.o,tɔʃ.o,tɔʃo,tɔʃo,tɔʃoʊ,tɔʃoʊ
tɔʒ.i,tɔʒ.i,tɔʒi,tɔʒi,tɔʒi,tɔʒi
tɔʒ.e,tɔʒ.e,tɔʒe,tɔʒe,tɔʒeɪ,tɔʒeɪ
tɔʒ.u,tɔʒ.u,tɔʒu,tɔʒu,tɔʒu,tɔʒu
tɔʒ.o,tɔʒ.o,tɔʒo,tɔʒo,tɔʒoʊ,tɔʒoʊ
tɔθ.i,tɔθ.i,tɔθi,tɔθi,tɔθi,tɔθi
tɔθ.e,tɔθ.e,tɔθe,tɔθe,tɔθeɪ,tɔθeɪ
tɔθ.u,tɔθ.u,tɔθu,tɔθu,tɔθu,tɔθu
tɔθ.o,tɔθ.o,tɔθo,tɔθo,tɔθoʊ,tɔθoʊ
tɔð.i,tɔð.i,tɔði,tɔði,tɔði,tɔði
tɔð.e,tɔð.e,tɔðe,tɔðe,tɔðeɪ,tɔðeɪ
tɔð.u,tɔð.u,tɔðu,tɔðu,tɔðu,tɔðu
tɔð.o,tɔð.o,tɔðo,tɔðo,tɔðoʊ,tɔðoʊ
kɔm.i,kɔm.i,kɔmi,kɔmi,kɔmi,kɔmi
kɔm.e,kɔm.e,kɔme,kɔme,kɔmeɪ,kɔmeɪ
kɔm.u,kɔm.u,kɔmu,kɔmu,kɔmu,kɔmu
kɔm.o,kɔm.o,kɔmo,kɔmo,kɔmoʊ,kɔmoʊ
kɔn.i,kɔn.i,kɔni,kɔni,kɔni,kɔni
kɔn.e,kɔn.e,kɔne,kɔne,kɔneɪ,kɔneɪ
kɔn.u,kɔn.u,kɔnu,kɔnu,kɔnu,kɔnu
kɔn.o,kɔn.o,kɔno,kɔno,kɔnoʊ,kɔnoʊ
kɔŋ.i,kɔŋ.i,kɔŋi,kɔŋi,kɔŋi,kɔŋi
kɔŋ.e,kɔŋ.e,kɔŋe,kɔŋe,kɔŋeɪ,kɔŋeɪ
kɔŋ.u,kɔŋ.u,kɔŋu,kɔŋu,kɔŋu,kɔŋu
kɔŋ.o,kɔŋ.o,kɔŋo,kɔŋo,kɔŋoʊ,kɔŋoʊ
kɔp.i,kɔp.i,kɔpi,kɔpi,kɔpi,kɔpi
kɔp.e,kɔp.e,kɔpe,kɔpe,kɔpeɪ,kɔpeɪ
kɔp.u,kɔp.u,kɔpu,kɔpu,kɔpu,kɔpu
kɔp.o,kɔp.o,kɔpo,kɔpo,kɔpoʊ,kɔpoʊ
kɔt.i,kɔt.i,kɔti,kɔti,kɔti,kɔti
kɔt.e,kɔt.e,kɔte,kɔte,kɔteɪ,kɔteɪ
kɔt.u,kɔt.u,kɔtu,kɔtu,kɔtu,kɔtu
kɔt.o,kɔt.o,kɔto,kɔto,kɔtoʊ,kɔtoʊ
kɔk.i,kɔk.i,kɔki,kɔki,kɔki,kɔki
kɔk.e,kɔk.e,kɔke,kɔke,kɔkeɪ,kɔkeɪ
kɔk.u,kɔk.u,kɔku,kɔku,kɔku,kɔku
kɔk.o,kɔk.o,kɔko,kɔko,kɔkoʊ,kɔkoʊ
kɔb.i,kɔb.i,kɔbi,kɔbi,kɔbi,kɔbi
kɔb.e,kɔb.e,kɔbe,kɔbe,kɔbeɪ,kɔbeɪ
kɔb.u,kɔb.u,kɔbu,kɔbu,kɔbu,kɔbu
kɔb.o,kɔb.o,kɔbo,kɔbo,kɔboʊ,kɔboʊ
kɔd.i,kɔd.i,kɔdi,kɔdi,kɔdi,kɔdi
kɔd.e,kɔd.e,kɔde,kɔde,kɔdeɪ,kɔdeɪ
kɔd.u,kɔd.u,kɔdu,kɔdu,kɔdu,kɔdu
kɔd.o,kɔd.o,kɔdo,kɔdo,kɔdoʊ,kɔdoʊ
kɔg.i,kɔg.i,kɔgi,kɔgi,kɔgi,kɔgi
kɔg.e,kɔg.e,kɔge,kɔge,kɔgeɪ,kɔgeɪ
kɔg.u,kɔg.u,kɔgu,kɔgu,kɔgu,kɔgu
kɔg.o,kɔg.o,kɔgo,kɔgo,kɔgoʊ,kɔgoʊ
kɔf.i,kɔf.i,kɔfi,kɔfi,kɔfi,kɔfi
kɔf.e,kɔf.e,kɔfe,kɔfe,kɔfeɪ,kɔfeɪ
kɔf.u,kɔf.u,kɔfu,kɔfu,kɔfu,kɔfu
kɔf.o,kɔf.o,kɔfo,kɔfo,kɔfoʊ,kɔfoʊ
kɔs.i,kɔs.i,kɔsi,kɔsi,kɔsi,kɔsi
kɔs.e,kɔs.e,kɔse,kɔse,kɔseɪ,kɔseɪ
kɔs.u,kɔs.u,kɔsu,kɔsu,kɔsu,kɔsu
kɔs.o,kɔs.o,kɔso,kɔso,kɔsoʊ,kɔsoʊ
kɔv.i,kɔv.i,kɔvi,kɔvi,kɔvi,kɔvi
kɔv.e,kɔv.e,kɔve,kɔve,kɔveɪ,kɔveɪ
kɔv.u,kɔv.u,kɔvu,kɔvu,kɔvu,kɔvu
kɔv.o,kɔv.o,kɔvo,kɔvo,kɔvoʊ,kɔvoʊ
kɔz.i,kɔz.i,kɔzi,kɔzi,kɔzi,kɔzi
kɔz.e,kɔz.e,kɔze,kɔze,kɔzeɪ,kɔzeɪ
kɔz.u,kɔz.u,kɔzu,kɔzu,kɔzu,kɔzu
kɔz.o,kɔz.o,kɔzo,kɔzo,kɔzoʊ,kɔzoʊ
kɔʃ.i,kɔʃ.i,kɔʃi,kɔʃi,kɔʃi,kɔʃi
kɔʃ.e,kɔʃ.e,kɔʃe,kɔʃe,kɔʃeɪ,kɔʃeɪ
kɔʃ.u,kɔʃ.u,kɔʃu,kɔʃu,kɔʃu,kɔʃu
kɔʃ.o,kɔʃ.o,kɔʃo,kɔʃo,kɔʃoʊ,kɔʃoʊ
kɔʒ.i,kɔʒ.i,kɔʒi,kɔʒi,kɔʒi,kɔʒi
kɔʒ.e,kɔʒ.e,kɔʒe,kɔʒe,kɔʒeɪ,kɔʒeɪ
kɔʒ.u,kɔʒ.u,kɔʒu,kɔʒu,kɔʒu,kɔʒu
kɔʒ.o,kɔʒ.o,kɔʒo,kɔʒo,kɔʒoʊ,kɔʒoʊ
kɔθ.i,kɔθ.i,kɔθi,kɔθi,kɔθi,kɔθi
kɔθ.e,kɔθ.e,kɔθe,kɔθe,kɔθeɪ,kɔθeɪ
kɔθ.u,kɔθ.u,kɔθu,kɔθu,kɔθu,kɔθu
kɔθ.o,kɔθ.o,kɔθo,kɔθo,kɔθoʊ,kɔθoʊ
kɔð.i,kɔð.i,kɔði,kɔði,kɔði,kɔði
kɔð.e,kɔð.e,kɔðe,kɔðe,kɔðeɪ,kɔðeɪ
kɔð.u,kɔð.u,kɔðu,kɔðu,kɔðu,kɔðu
kɔð.o,kɔð.o,kɔðo,kɔðo,kɔðoʊ,kɔðoʊ
bɔm.i,bɔm.i,bɔmi,bɔmi,bɔmi,bɔmi
bɔm.e,bɔm.e,bɔme,bɔme,bɔmeɪ,bɔmeɪ
bɔm.u,bɔm.u,bɔmu,bɔmu,bɔmu,bɔmu
bɔm.o,bɔm.o,bɔmo,bɔmo,bɔmoʊ,bɔmoʊ
bɔn.i,bɔn.i,bɔni,bɔni,bɔni,bɔni
bɔn.e,bɔn.e,bɔne,bɔne,bɔneɪ,bɔneɪ
bɔn.u,bɔn.u,bɔnu,bɔnu,bɔnu,bɔnu
bɔn.o,bɔn.o,bɔno,bɔno,bɔnoʊ,bɔnoʊ
bɔŋ.i,bɔŋ.i,bɔŋi,bɔŋi,bɔŋi,bɔŋi
bɔŋ.e,bɔŋ.e,bɔŋe,bɔŋe,bɔŋeɪ,bɔŋeɪ
bɔŋ.u,bɔŋ.u,bɔŋu,bɔŋu,bɔŋu,bɔŋu
bɔŋ.o,bɔŋ.o,bɔŋo,bɔŋo,bɔŋoʊ,bɔŋoʊ
bɔp.i,bɔp.i,bɔpi,bɔpi,bɔpi,bɔpi
bɔp.e,bɔp.e,bɔpe,bɔpe,bɔpeɪ,bɔpeɪ
bɔp.u,bɔp.u,bɔpu,bɔpu,bɔpu,bɔpu
bɔp.o,bɔp.o,bɔpo,bɔpo,bɔpoʊ,bɔpoʊ
bɔt.i,bɔt.i,bɔti,bɔti,bɔti,bɔti
bɔt.e,bɔt.e,bɔte,bɔte,bɔteɪ,bɔteɪ
bɔt.u,bɔt.u,bɔtu,bɔtu,bɔtu,bɔtu
bɔt.o,bɔt.o,bɔto,bɔto,bɔtoʊ,bɔtoʊ
bɔk.i,bɔk.i,bɔki,bɔki,bɔki,bɔki
bɔk.e,bɔk.e,bɔke,bɔke,bɔkeɪ,bɔkeɪ
bɔk.u,bɔk.u,bɔku,bɔku,bɔku,bɔku
bɔk.o,bɔk.o,bɔko,bɔko,bɔkoʊ,bɔkoʊ
bɔb.i,bɔb.i,bɔbi,bɔbi,bɔbi,bɔbi
bɔb.e,bɔb.e,bɔbe,bɔbe,bɔbeɪ,bɔbeɪ
bɔb.u,bɔb.u,bɔbu,bɔbu,bɔbu,bɔbu
bɔb.o,bɔb.o,bɔbo,bɔbo,bɔboʊ,bɔboʊ
bɔd.i,bɔd.i,bɔdi,bɔdi,bɔdi,bɔdi
bɔd.e,bɔd.e,bɔde,bɔde,bɔdeɪ,bɔdeɪ
bɔd.u,bɔd.u,bɔdu,bɔdu,bɔdu,bɔdu
bɔd.o,bɔd.o,bɔdo,bɔdo,bɔdoʊ,bɔdoʊ
bɔg.i,bɔg.i,bɔgi,bɔgi,bɔgi,bɔgi
bɔg.e,bɔg.e,bɔge,bɔge,bɔgeɪ,bɔgeɪ
bɔg.u,bɔg.u,bɔgu,bɔgu,bɔgu,bɔgu
bɔg.o,bɔg.o,bɔgo,bɔgo,bɔgoʊ,bɔgoʊ
bɔf.i,bɔf.i,bɔfi,bɔfi,bɔfi,bɔfi
bɔf.e,bɔf.e,bɔfe,bɔfe,bɔfeɪ,bɔfeɪ
bɔf.u,bɔf.u,bɔfu,bɔfu,bɔfu,bɔfu
bɔf.o,bɔf.o,bɔfo,bɔfo,bɔfoʊ,bɔfoʊ
bɔs.i,bɔs.i,bɔsi,bɔsi,bɔsi,bɔsi
bɔs.e,bɔs.e,bɔse,bɔse,bɔseɪ,bɔseɪ
bɔs.u,bɔs.u,bɔsu,bɔsu,bɔsu,bɔsu
bɔs.o,bɔs.o,bɔso,bɔso,bɔsoʊ,bɔsoʊ
bɔv.i,bɔv.i,bɔvi,bɔvi,bɔvi,bɔvi
bɔv.e,bɔv.e,bɔve,bɔve,bɔveɪ,bɔveɪ
bɔv.u,bɔv.u,bɔvu,bɔvu,bɔvu,bɔvu
bɔv.o,bɔv.o,bɔvo,bɔvo,bɔvoʊ,bɔvoʊ
bɔz.i,bɔz.i,bɔzi,bɔzi,bɔzi,bɔzi
bɔz.e,bɔz.e,bɔze,bɔze,bɔzeɪ,bɔzeɪ
bɔz.u,bɔz.u,bɔzu,bɔzu,bɔzu,bɔzu
bɔz.o,bɔz.o,bɔzo,bɔzo,bɔzoʊ,bɔzoʊ
bɔʃ.i,bɔʃ.i,bɔʃi,bɔʃi,bɔʃi,bɔʃi
bɔʃ.e,bɔʃ.e,bɔʃe,bɔʃe,bɔʃeɪ,bɔʃeɪ
bɔʃ.u,bɔʃ.u,bɔʃu,bɔʃu,bɔʃu,bɔʃu
bɔʃ.o,bɔʃ.o,bɔʃo,bɔʃo,bɔʃoʊ,bɔʃoʊ
bɔʒ.i,bɔʒ.i,bɔʒi,bɔʒi,bɔʒi,bɔʒi
bɔʒ.e,bɔʒ.e,bɔʒe,bɔʒe,bɔʒeɪ,bɔʒeɪ
bɔʒ.u,bɔʒ.u,bɔʒu,bɔʒu,bɔʒu,bɔʒu
bɔʒ.o,bɔʒ.o,bɔʒo,bɔʒo,bɔʒoʊ,bɔʒoʊ
bɔθ.i,bɔθ.i,bɔθi,bɔθi,bɔθi,bɔθi
bɔθ.e,bɔθ.e,bɔθe,bɔθe,bɔθeɪ,bɔθeɪ
bɔθ.u,bɔθ.u,bɔθu,bɔθu,bɔθu,bɔθu
bɔθ.o,bɔθ.o,bɔθo,bɔθo,bɔθoʊ,bɔθoʊ
bɔð.i,bɔð.i,bɔði,bɔði,bɔði,bɔði
bɔð.e,bɔð.e,bɔðe,bɔðe,bɔðeɪ,bɔðeɪ
bɔð.u,bɔð.u,bɔðu,bɔðu,bɔðu,bɔðu
bɔð.o,bɔð.o,bɔðo,bɔðo,bɔðoʊ,bɔðoʊ
dɔm.i,dɔm.i,dɔmi,dɔmi,dɔmi,dɔmi
dɔm.e,dɔm.e,dɔme,dɔme,dɔmeɪ,dɔmeɪ
dɔm.u,dɔm.u,dɔmu,dɔmu,dɔmu,dɔmu
dɔm.o,dɔm.o,dɔmo,dɔmo,dɔmoʊ,dɔmoʊ
dɔn.i,dɔn.i,dɔni,dɔni,dɔni,dɔni
dɔn.e,dɔn.e,dɔne,dɔne,dɔneɪ,dɔneɪ
dɔn.u,dɔn.u,dɔnu,dɔnu,dɔnu,dɔnu
dɔn.o,dɔn.o,dɔno,dɔno,dɔnoʊ,dɔnoʊ
dɔŋ.i,dɔŋ.i,dɔŋi,dɔŋi,dɔŋi,dɔŋi
dɔŋ.e,dɔŋ.e,dɔŋe,dɔŋe,dɔŋeɪ,dɔŋeɪ
dɔŋ.u,dɔŋ.u,dɔŋu,dɔŋu,dɔŋu,dɔŋu
dɔŋ.o,dɔŋ.o,dɔŋo,dɔŋo,dɔŋoʊ,dɔŋoʊ
dɔp.i,dɔp.i,dɔpi,dɔpi,dɔpi,dɔpi
dɔp.e,dɔp.e,dɔpe,dɔpe,dɔpeɪ,dɔpeɪ
dɔp.u,dɔp.u,dɔpu,dɔpu,dɔpu,dɔpu
dɔp.o,dɔp.o,dɔpo,dɔpo,dɔpoʊ,dɔpoʊ
dɔt.i,dɔt.i,dɔti,dɔti,dɔti,dɔti
dɔt.e,dɔt.e,dɔte,dɔte,dɔteɪ,dɔteɪ
dɔt.u,dɔt.u,dɔtu,dɔtu,dɔtu,dɔtu
dɔt.o,dɔt.o,dɔto,dɔto,dɔtoʊ,dɔtoʊ
dɔk.i,dɔk.i,dɔki,dɔki,dɔki,dɔki
dɔk.e,dɔk.e,dɔke,dɔke,dɔkeɪ,dɔkeɪ
dɔk.u,dɔk.u,dɔku,dɔku,dɔku,dɔku
dɔk.o,dɔk.o,dɔko,dɔko,dɔkoʊ,dɔkoʊ
dɔb.i,dɔb.i,dɔbi,dɔbi,dɔbi,dɔbi
dɔb.e,dɔb.e,dɔbe,dɔbe,dɔbeɪ,dɔbeɪ
dɔb.u,dɔb.u,dɔbu,dɔbu,dɔbu,dɔbu
dɔb.o,dɔb.o,dɔbo,dɔbo,dɔboʊ,dɔboʊ
dɔd.i,dɔd.i,dɔdi,dɔdi,dɔdi,dɔdi
dɔd.e,dɔd.e,dɔde,dɔde,dɔdeɪ,dɔdeɪ
dɔd.u,dɔd.u,dɔdu,dɔdu,dɔdu,dɔdu
dɔd.o,dɔd.o,dɔdo,dɔdo,dɔdoʊ,dɔdoʊ
dɔg.i,dɔg.i,dɔgi,dɔgi,dɔgi,dɔgi
dɔg.e,dɔg.e,dɔge,dɔge,dɔgeɪ,dɔgeɪ
dɔg.u,dɔg.u,dɔgu,dɔgu,dɔgu,dɔgu
dɔg.o,dɔg.o,dɔgo,dɔgo,dɔgoʊ,dɔgoʊ
dɔf.i,dɔf.i,dɔfi,dɔfi,dɔfi,dɔfi
dɔf.e,dɔf.e,dɔfe,dɔfe,dɔfeɪ,dɔfeɪ
dɔf.u,dɔf.u,dɔfu,dɔfu,dɔfu,dɔfu
dɔf.o,dɔf.o,dɔfo,dɔfo,dɔfoʊ,dɔfoʊ
dɔs.i,dɔs.i,dɔsi,dɔsi,dɔsi,dɔsi
dɔs.e,dɔs.e,dɔse,dɔse,dɔseɪ,dɔseɪ
dɔs.u,dɔs.u,dɔsu,dɔsu,dɔsu,dɔsu
dɔs.o,dɔs.o,dɔso,dɔso,dɔsoʊ,dɔsoʊ
dɔv.i,dɔv.i,dɔvi,dɔvi,dɔvi,dɔvi
dɔv.e,dɔv.e,dɔve,dɔve,dɔveɪ,dɔveɪ
dɔv.u,dɔv.u,dɔvu,dɔvu,dɔvu,dɔvu
dɔv.o,dɔv.o,dɔvo,dɔvo,dɔvoʊ,dɔvoʊ
dɔz.i,dɔz.i,dɔzi,dɔzi,dɔzi,dɔzi
dɔz.e,dɔz.e,dɔze,dɔze,dɔzeɪ,dɔzeɪ
dɔz.u,dɔz.u,dɔzu,dɔzu,dɔzu,dɔzu
dɔz.o,dɔz.o,dɔzo,dɔzo,dɔzoʊ,dɔzoʊ
dɔʃ.i,dɔʃ.i,dɔʃi,dɔʃi,dɔʃi,dɔʃi
dɔʃ.e,dɔʃ.e,dɔʃe,dɔʃe,dɔʃeɪ,dɔʃeɪ
dɔʃ.u,dɔʃ.u,dɔʃu,dɔʃu,dɔʃu,dɔʃu
dɔʃ.o,dɔʃ.o,dɔʃo,dɔʃo,dɔʃoʊ,dɔʃoʊ
dɔʒ.i,dɔʒ.i,dɔʒi,dɔʒi,dɔʒi,dɔʒi
dɔʒ.e,dɔʒ.e,dɔʒe,dɔʒe,dɔʒeɪ,dɔʒeɪ
dɔʒ.u,dɔʒ.u,dɔʒu,dɔʒu,dɔʒu,dɔʒu
dɔʒ.o,dɔʒ.o,dɔʒo,dɔʒo,dɔʒoʊ,dɔʒoʊ
dɔθ.i,dɔθ.i,dɔθi,dɔθi,dɔθi,dɔθi
dɔθ.e,dɔθ.e,dɔθe,dɔθe,dɔθeɪ,dɔθeɪ
dɔθ.u,dɔθ.u,dɔθu,dɔθu,dɔθu,dɔθu
dɔθ.o,dɔθ.o,dɔθo,dɔθo,dɔθoʊ,dɔθoʊ
dɔð.i,dɔð.i,dɔði,dɔði,dɔði,dɔði
dɔð.e,dɔð.e,dɔðe,dɔðe,dɔðeɪ,dɔðeɪ
dɔð.u,dɔð.u,dɔðu,dɔðu,dɔðu,dɔðu
dɔð.o,dɔð.o,dɔðo,dɔðo,dɔðoʊ,dɔðoʊ
gɔm.i,gɔm.i,gɔmi,gɔmi,gɔmi,gɔmi
gɔm.e,gɔm.e,gɔme,gɔme,gɔmeɪ,gɔmeɪ
gɔm.u,gɔm.u,gɔmu,gɔmu,gɔmu,gɔmu
gɔm.o,gɔm.o,gɔmo,gɔmo,gɔmoʊ,gɔmoʊ
gɔn.i,gɔn.i,gɔni,gɔni,gɔni,gɔni
gɔn.e,gɔn.e,gɔne,gɔne,gɔneɪ,gɔneɪ
gɔn.u,gɔn.u,gɔnu,gɔnu,gɔnu,gɔnu
gɔn.o,gɔn.o,gɔno,gɔno,gɔnoʊ,gɔnoʊ
gɔŋ.i,gɔŋ.i,gɔŋi,gɔŋi,gɔŋi,gɔŋi
gɔŋ.e,gɔŋ.e,gɔŋe,gɔŋe,gɔŋeɪ,gɔŋeɪ
gɔŋ.u,gɔŋ.u,gɔŋu,gɔŋu,gɔŋu,gɔŋu
gɔŋ.o,gɔŋ.o,gɔŋo,gɔŋo,gɔŋoʊ,gɔŋoʊ
gɔp.i,gɔp.i,gɔpi,gɔpi,gɔpi,gɔpi
gɔp.e,gɔp.e,gɔpe,gɔpe,gɔpeɪ,gɔpeɪ
gɔp.u,gɔp.u,gɔpu,gɔpu,gɔpu,gɔpu
gɔp.o,gɔp.o,gɔpo,gɔpo,gɔpoʊ,gɔpoʊ
gɔt.i,gɔt.i,gɔti,gɔti,gɔti,gɔti
gɔt.e,gɔt.e,gɔte,gɔte,gɔteɪ,gɔteɪ
gɔt.u,gɔt.u,gɔtu,gɔtu,gɔtu,gɔtu
gɔt.o,gɔt.o,gɔto,gɔto,gɔtoʊ,gɔtoʊ
gɔk.i,gɔk.i,gɔki,gɔki,gɔki,gɔki
gɔk.e,gɔk.e,gɔke,gɔke,gɔkeɪ,gɔkeɪ
gɔk.u,gɔk.u,gɔku,gɔku,gɔku,gɔku
gɔk.o,gɔk.o,gɔko,gɔko,gɔkoʊ,gɔkoʊ
gɔb.i,gɔb.i,gɔbi,gɔbi,gɔbi,gɔbi
gɔb.e,gɔb.e,gɔbe,gɔbe,gɔbeɪ,gɔbeɪ
gɔb.u,gɔb.u,gɔbu,gɔbu,gɔbu,gɔbu
gɔb.o,gɔb.o,gɔbo,gɔbo,gɔboʊ,gɔboʊ
gɔd.i,gɔd.i,gɔdi,gɔdi,gɔdi,gɔdi
gɔd.e,gɔd.e,gɔde,gɔde,gɔdeɪ,gɔdeɪ
gɔd.u,gɔd.u,gɔdu,gɔdu,gɔdu,gɔdu
gɔd.o,gɔd.o,gɔdo,gɔdo,gɔdoʊ,gɔdoʊ
gɔg.i,gɔg.i,gɔgi,gɔgi,gɔgi,gɔgi
gɔg.e,gɔg.e,gɔge,gɔge,gɔgeɪ,gɔgeɪ
gɔg.u,gɔg.u,gɔgu,gɔgu,gɔgu,gɔgu
gɔg.o,gɔg.o,gɔgo,gɔgo,gɔgoʊ,gɔgoʊ
gɔf.i,gɔf.i,gɔfi,gɔfi,gɔfi,gɔfi
gɔf.e,gɔf.e,gɔfe,gɔfe,gɔfeɪ,gɔfeɪ
gɔf.u,gɔf.u,gɔfu,gɔfu,gɔfu,gɔfu
gɔf.o,gɔf.o,gɔfo,gɔfo,gɔfoʊ,gɔfoʊ
gɔs.i,gɔs.i,gɔsi,gɔsi,gɔsi,gɔsi
gɔs.e,gɔs.e,gɔse,gɔse,gɔseɪ,gɔseɪ
gɔs.u,gɔs.u,gɔsu,gɔsu,gɔsu,gɔsu
gɔs.o,gɔs.o,gɔso,gɔso,gɔsoʊ,gɔsoʊ
gɔv.i,gɔv.i,gɔvi,gɔvi,gɔvi,gɔvi
gɔv.e,gɔv.e,gɔve,gɔve,gɔveɪ,gɔveɪ
gɔv.u,gɔv.u,gɔvu,gɔvu,gɔvu,gɔvu
gɔv.o,gɔv.o,gɔvo,gɔvo,gɔvoʊ,gɔvoʊ
gɔz.i,gɔz.i,gɔzi,gɔzi,gɔzi,gɔzi
gɔz.e,gɔz.e,gɔze,gɔze,gɔzeɪ,gɔzeɪ
gɔz.u,gɔz.u,gɔzu,gɔzu,gɔzu,gɔzu
gɔz.o,gɔz.o,gɔzo,gɔzo,gɔzoʊ,gɔzoʊ
gɔʃ.i,gɔʃ.i,gɔʃi,gɔʃi,gɔʃi,gɔʃi
gɔʃ.e,gɔʃ.e,gɔʃe,gɔʃe,gɔʃeɪ,gɔʃeɪ
gɔʃ.u,gɔʃ.u,gɔʃu,gɔʃu,gɔʃu,gɔʃu
gɔʃ.o,gɔʃ.o,gɔʃo,gɔʃo,gɔʃoʊ,gɔʃoʊ
gɔʒ.i,gɔʒ.i,gɔʒi,gɔʒi,gɔʒi,gɔʒi
gɔʒ.e,gɔʒ.e,gɔʒe,gɔʒe,gɔʒeɪ,gɔʒeɪ
gɔʒ.u,gɔʒ.u,gɔʒu,gɔʒu,gɔʒu,gɔʒu
gɔʒ.o,gɔʒ.o,gɔʒo,gɔʒo,gɔʒoʊ,gɔʒoʊ
gɔθ.i,gɔθ.i,gɔθi,gɔθi,gɔθi,gɔθi
gɔθ.e,gɔθ.e,gɔθe,gɔθe,gɔθeɪ,gɔθeɪ
gɔθ.u,gɔθ.u,gɔθu,gɔθu,gɔθu,gɔθu
gɔθ.o,gɔθ.o,gɔθo,gɔθo,gɔθoʊ,gɔθoʊ
gɔð.i,gɔð.i,gɔði,gɔði,gɔði,gɔði
gɔð.e,gɔð.e,gɔðe,gɔðe,gɔðeɪ,gɔðeɪ
gɔð.u,gɔð.u,gɔðu,gɔðu,gɔðu,gɔðu
gɔð.o,gɔð.o,gɔðo,gɔðo,gɔðoʊ,gɔðoʊ
fɔm.i,fɔm.i,fɔmi,fɔmi,fɔmi,fɔmi
fɔm.e,fɔm.e,fɔme,fɔme,fɔmeɪ,fɔmeɪ
fɔm.u,fɔm.u,fɔmu,fɔmu,fɔmu,fɔmu
fɔm.o,fɔm.o,fɔmo,fɔmo,fɔmoʊ,fɔmoʊ
fɔn.i,fɔn.i,fɔni,fɔni,fɔni,fɔni
fɔn.e,fɔn.e,fɔne,fɔne,fɔneɪ,fɔneɪ
fɔn.u,fɔn.u,fɔnu,fɔnu,fɔnu,fɔnu
fɔn.o,fɔn.o,fɔno,fɔno,fɔnoʊ,fɔnoʊ
fɔŋ.i,fɔŋ.i,fɔŋi,fɔŋi,fɔŋi,fɔŋi
fɔŋ.e,fɔŋ.e,fɔŋe,fɔŋe,fɔŋeɪ,fɔŋeɪ
fɔŋ.u,fɔŋ.u,fɔŋu,fɔŋu,fɔŋu,fɔŋu
fɔŋ.o,fɔŋ.o,fɔŋo,fɔŋo,fɔŋoʊ,fɔŋoʊ
fɔp.i,fɔp.i,fɔpi,fɔpi,fɔpi,fɔpi
fɔp.e,fɔp.e,fɔpe,fɔpe,fɔpeɪ,fɔpeɪ
fɔp.u,fɔp.u,fɔpu,fɔpu,fɔpu,fɔpu
fɔp.o,fɔp.o,fɔpo,fɔpo,fɔpoʊ,fɔpoʊ
fɔt.i,fɔt.i,fɔti,fɔti,fɔti,fɔti
fɔt.e,fɔt.e,fɔte,fɔte,fɔteɪ,fɔteɪ
fɔt.u,fɔt.u,fɔtu,fɔtu,fɔtu,fɔtu
fɔt.o,fɔt.o,fɔto,fɔto,fɔtoʊ,fɔtoʊ
fɔk.i,fɔk.i,fɔki,fɔki,fɔki,fɔki
fɔk.e,fɔk.e,fɔke,fɔke,fɔkeɪ,fɔkeɪ
fɔk.u,fɔk.u,fɔku,fɔku,fɔku,fɔku
fɔk.o,fɔk.o,fɔko,fɔko,fɔkoʊ,fɔkoʊ
fɔb.i,fɔb.i,fɔbi,fɔbi,fɔbi,fɔbi
fɔb.e,fɔb.e,fɔbe,fɔbe,fɔbeɪ,fɔbeɪ
fɔb.u,fɔb.u,fɔbu,fɔbu,fɔbu,fɔbu
fɔb.o,fɔb.o,fɔbo,fɔbo,fɔboʊ,fɔboʊ
fɔd.i,fɔd.i,fɔdi,fɔdi,fɔdi,fɔdi
fɔd.e,fɔd.e,fɔde,fɔde,fɔdeɪ,fɔdeɪ
fɔd.u,fɔd.u,fɔdu,fɔdu,fɔdu,fɔdu
fɔd.o,fɔd.o,fɔdo,fɔdo,fɔdoʊ,fɔdoʊ
fɔg.i,fɔg.i,fɔgi,fɔgi,fɔgi,fɔgi
fɔg.e,fɔg.e,fɔge,fɔge,fɔgeɪ,fɔgeɪ
fɔg.u,fɔg.u,fɔgu,fɔgu,fɔgu,fɔgu
fɔg.o,fɔg.o,fɔgo,fɔgo,fɔgoʊ,fɔgoʊ
fɔf.i,fɔf.i,fɔfi,fɔfi,fɔfi,fɔfi
fɔf.e,fɔf.e,fɔfe,fɔfe,fɔfeɪ,fɔfeɪ
fɔf.u,fɔf.u,fɔfu,fɔfu,fɔfu,fɔfu
fɔf.o,fɔf.o,fɔfo,fɔfo,fɔfoʊ,fɔfoʊ
fɔs.i,fɔs.i,fɔsi,fɔsi,fɔsi,fɔsi
fɔs.e,fɔs.e,fɔse,fɔse,fɔseɪ,fɔseɪ
fɔs.u,fɔs.u,fɔsu,fɔsu,fɔsu,fɔsu
fɔs.o,fɔs.o,fɔso,fɔso,fɔsoʊ,fɔsoʊ
fɔv.i,fɔv.i,fɔvi,fɔvi,fɔvi,fɔvi
fɔv.e,fɔv.e,fɔve,fɔve,fɔveɪ,fɔveɪ
fɔv.u,fɔv.u,fɔvu,fɔvu,fɔvu,fɔvu
fɔv.o,fɔv.o,fɔvo,fɔvo,fɔvoʊ,fɔvoʊ
fɔz.i,fɔz.i,fɔzi,fɔzi,fɔzi,fɔzi
fɔz.e,fɔz.e,fɔze,fɔze,fɔzeɪ,fɔzeɪ
fɔz.u,fɔz.u,fɔzu,fɔzu,fɔzu,fɔzu
fɔz.o,fɔz.o,fɔzo,fɔzo,fɔzoʊ,fɔzoʊ
fɔʃ.i,fɔʃ.i,fɔʃi,fɔʃi,fɔʃi,fɔʃi
fɔʃ.e,fɔʃ.e,fɔʃe,fɔʃe,fɔʃeɪ,fɔʃeɪ
fɔʃ.u,fɔʃ.u,fɔʃu,fɔʃu,fɔʃu,fɔʃu
fɔʃ.o,fɔʃ.o,fɔʃo,fɔʃo,fɔʃoʊ,fɔʃoʊ
fɔʒ.i,fɔʒ.i,fɔʒi,fɔʒi,fɔʒi,fɔʒi
fɔʒ.e,fɔʒ.e,fɔʒe,fɔʒe,fɔʒeɪ,fɔʒeɪ
fɔʒ.u,fɔʒ.u,fɔʒu,fɔʒu,fɔʒu,fɔʒu
fɔʒ.o,fɔʒ.o,fɔʒo,fɔʒo,fɔʒoʊ,fɔʒoʊ
fɔθ.i,fɔθ.i,fɔθi,fɔθi,fɔθi,fɔθi
fɔθ.e,fɔθ.e,fɔθe,fɔθe,fɔθeɪ,fɔθeɪ
fɔθ.u,fɔθ.u,fɔθu,fɔθu,fɔθu,fɔθu
fɔθ.o,fɔθ.o,fɔθo,fɔθo,fɔθoʊ,fɔθoʊ
fɔð.i,fɔð.i,fɔði,fɔði,fɔði,fɔði
fɔð.e,fɔð.e,fɔðe,fɔðe,fɔðeɪ,fɔðeɪ
fɔð.u,fɔð.u,fɔðu,fɔðu,fɔðu,fɔðu
fɔð.o,fɔð.o,fɔðo,fɔðo,fɔðoʊ,fɔðoʊ
sɔm.i,sɔm.i,sɔmi,sɔmi,sɔmi,sɔmi
sɔm.e,sɔm.e,sɔme,sɔme,sɔmeɪ,sɔmeɪ
sɔm.u,sɔm.u,sɔmu,sɔmu,sɔmu,sɔmu
sɔm.o,sɔm.o,sɔmo,sɔmo,sɔmoʊ,sɔmoʊ
sɔn.i,sɔn.i,sɔni,sɔni,sɔni,sɔni
sɔn.e,sɔn.e,sɔne,sɔne,sɔneɪ,sɔneɪ
sɔn.u,sɔn.u,sɔnu,sɔnu,sɔnu,sɔnu
sɔn.o,sɔn.o,sɔno,sɔno,sɔnoʊ,sɔnoʊ
sɔŋ.i,sɔŋ.i,sɔŋi,sɔŋi,sɔŋi,sɔŋi
sɔŋ.e,sɔŋ.e,sɔŋe,sɔŋe,sɔŋeɪ,sɔŋeɪ
sɔŋ.u,sɔŋ.u,sɔŋu,sɔŋu,sɔŋu,sɔŋu
sɔŋ.o,sɔŋ.o,sɔŋo,sɔŋo,sɔŋoʊ,sɔŋoʊ
sɔp.i,sɔp.i,sɔpi,sɔpi,sɔpi,sɔpi
sɔp.e,sɔp.e,sɔpe,sɔpe,sɔpeɪ,sɔpeɪ
sɔp.u,sɔp.u,sɔpu,sɔpu,sɔpu,sɔpu
sɔp.o,sɔp.o,sɔpo,sɔpo,sɔpoʊ,sɔpoʊ
sɔt.i,sɔt.i,sɔti,sɔti,sɔti,sɔti
sɔt.e,sɔt.e,sɔte,sɔte,sɔteɪ,sɔteɪ
sɔt.u,sɔt.u,sɔtu,sɔtu,sɔtu,sɔtu
sɔt.o,sɔt.o,sɔto,sɔto,sɔtoʊ,sɔtoʊ
sɔk.i,sɔk.i,sɔki,sɔki,sɔki,sɔki
sɔk.e,sɔk.e,sɔke,sɔke,sɔkeɪ,sɔkeɪ
sɔk.u,sɔk.u,sɔku,sɔku,sɔku,sɔku
sɔk.o,sɔk.o,sɔko,sɔko,sɔkoʊ,sɔkoʊ
sɔb.i,sɔb.i,sɔbi,sɔbi,sɔbi,sɔbi
sɔb.e,sɔb.e,sɔbe,sɔbe,sɔbeɪ,sɔbeɪ
sɔb.u,sɔb.u,sɔbu,sɔbu,sɔbu,sɔbu
sɔb.o,sɔb.o,sɔbo,sɔbo,sɔboʊ,sɔboʊ
sɔd.i,sɔd.i,sɔdi,sɔdi,sɔdi,sɔdi
sɔd.e,sɔd.e,sɔde,sɔde,sɔdeɪ,sɔdeɪ
sɔd.u,sɔd.u,sɔdu,sɔdu,sɔdu,sɔdu
sɔd.o,sɔd.o,sɔdo,sɔdo,sɔdoʊ,sɔdoʊ
sɔg.i,sɔg.i,sɔgi,sɔgi,sɔgi,sɔgi
sɔg.e,sɔg.e,sɔge,sɔge,sɔgeɪ,sɔgeɪ
sɔg.u,sɔg.u,sɔgu,sɔgu,sɔgu,sɔgu
sɔg.o,sɔg.o,sɔgo,sɔgo,sɔgoʊ,sɔgoʊ
sɔf.i,sɔf.i,sɔfi,sɔfi,sɔfi,sɔfi
sɔf.e,sɔf.e,sɔfe,sɔfe,sɔfeɪ,sɔfeɪ
sɔf.u,sɔf.u,sɔfu,sɔfu,sɔfu,sɔfu
sɔf.o,sɔf.o,sɔfo,sɔfo,sɔfoʊ,sɔfoʊ
sɔs.i,sɔs.i,sɔsi,sɔsi,sɔsi,sɔsi
sɔs.e,sɔs.e,sɔse,sɔse,sɔseɪ,sɔseɪ
sɔs.u,sɔs.u,sɔsu,sɔsu,sɔsu,sɔsu
sɔs.o,sɔs.o,sɔso,sɔso,sɔsoʊ,sɔsoʊ
sɔv.i,sɔv.i,sɔvi,sɔvi,sɔvi,sɔvi
sɔv.e,sɔv.e,sɔve,sɔve,sɔveɪ,sɔveɪ
sɔv.u,sɔv.u,sɔvu,sɔvu,sɔvu,sɔvu
sɔv.o,sɔv.o,sɔvo,sɔvo,sɔvoʊ,sɔvoʊ
sɔz.i,sɔz.i,sɔzi,sɔzi,sɔzi,sɔzi
sɔz.e,sɔz.e,sɔze,sɔze,sɔzeɪ,sɔzeɪ
sɔz.u,sɔz.u,sɔzu,sɔzu,sɔzu,sɔzu
sɔz.o,sɔz.o,sɔzo,sɔzo,sɔzoʊ,sɔzoʊ
sɔʃ.i,sɔʃ.i,sɔʃi,sɔʃi,sɔʃi,sɔʃi
sɔʃ.e,sɔʃ.e,sɔʃe,sɔʃe,sɔʃeɪ,sɔʃeɪ
sɔʃ.u,sɔʃ.u,sɔʃu,sɔʃu,sɔʃu,sɔʃu
sɔʃ.o,sɔʃ.o,sɔʃo,sɔʃo,sɔʃoʊ,sɔʃoʊ
sɔʒ.i,sɔʒ.i,sɔʒi,sɔʒi,sɔʒi,sɔʒi
sɔʒ.e,sɔʒ.e,sɔʒe,sɔʒe,sɔʒeɪ,sɔʒeɪ
sɔʒ.u,sɔʒ.u,sɔʒu,sɔʒu,sɔʒu,sɔʒu
sɔʒ.o,sɔʒ.o,sɔʒo,sɔʒo,sɔʒoʊ,sɔʒoʊ
sɔθ.i,sɔθ.i,sɔθi,sɔθi,sɔθi,sɔθi
sɔθ.e,sɔθ.e,sɔθe,sɔθe,sɔθeɪ,sɔθeɪ
sɔθ.u,sɔθ.u,sɔθu,sɔθu,sɔθu,sɔθu
sɔθ.o,sɔθ.o,sɔθo,sɔθo,sɔθoʊ,sɔθoʊ
sɔð.i,sɔð.i,sɔði,sɔði,sɔði,sɔði
sɔð.e,sɔð.e,sɔðe,sɔðe,sɔðeɪ,sɔðeɪ
sɔð.u,sɔð.u,sɔðu,sɔðu,sɔðu,sɔðu
sɔð.o,sɔð.o,sɔðo,sɔðo,sɔðoʊ,sɔðoʊ
vɔm.i,vɔm.i,vɔmi,vɔmi,vɔmi,vɔmi
vɔm.e,vɔm.e,vɔme,vɔme,vɔmeɪ,vɔmeɪ
vɔm.u,vɔm.u,vɔmu,vɔmu,vɔmu,vɔmu
vɔm.o,vɔm.o,vɔmo,vɔmo,vɔmoʊ,vɔmoʊ
vɔn.i,vɔn.i,vɔni,vɔni,vɔni,vɔni
vɔn.e,vɔn.e,vɔne,vɔne,vɔneɪ,vɔneɪ
vɔn.u,vɔn.u,vɔnu,vɔnu,vɔnu,vɔnu
vɔn.o,vɔn.o,vɔno,vɔno,vɔnoʊ,vɔnoʊ
vɔŋ.i,vɔŋ.i,vɔŋi,vɔŋi,vɔŋi,vɔŋi
vɔŋ.e,vɔŋ.e,vɔŋe,vɔŋe,vɔŋeɪ,vɔŋeɪ
vɔŋ.u,vɔŋ.u,vɔŋu,vɔŋu,vɔŋu,vɔŋu
vɔŋ.o,vɔŋ.o,vɔŋo,vɔŋo,vɔŋoʊ,vɔŋoʊ
vɔp.i,vɔp.i,vɔpi,vɔpi,vɔpi,vɔpi
vɔp.e,vɔp.e,vɔpe,vɔpe,vɔpeɪ,vɔpeɪ
vɔp.u,vɔp.u,vɔpu,vɔpu,vɔpu,vɔpu
vɔp.o,vɔp.o,vɔpo,vɔpo,vɔpoʊ,vɔpoʊ
vɔt.i,vɔt.i,vɔti,vɔti,vɔti,vɔti
vɔt.e,vɔt.e,vɔte,vɔte,vɔteɪ,vɔteɪ
vɔt.u,vɔt.u,vɔtu,vɔtu,vɔtu,vɔtu
vɔt.o,vɔt.o,vɔto,vɔto,vɔtoʊ,vɔtoʊ
vɔk.i,vɔk.i,vɔki,vɔki,vɔki,vɔki
vɔk.e,vɔk.e,vɔke,vɔke,vɔkeɪ,vɔkeɪ
vɔk.u,vɔk.u,vɔku,vɔku,vɔku,vɔku
vɔk.o,vɔk.o,vɔko,vɔko,vɔkoʊ,vɔkoʊ
vɔb.i,vɔb.i,vɔbi,vɔbi,vɔbi,vɔbi
vɔb.e,vɔb.e,vɔbe,vɔbe,vɔbeɪ,vɔbeɪ
vɔb.u,vɔb.u,vɔbu,vɔbu,vɔbu,vɔbu
vɔb.o,vɔb.o,vɔbo,vɔbo,vɔboʊ,vɔboʊ
vɔd.i,vɔd.i,vɔdi,vɔdi,vɔdi,vɔdi
vɔd.e,vɔd.e,vɔde,vɔde,vɔdeɪ,vɔdeɪ
vɔd.u,vɔd.u,vɔdu,vɔdu,vɔdu,vɔdu
vɔd.o,vɔd.o,vɔdo,vɔdo,vɔdoʊ,vɔdoʊ
vɔg.i,vɔg.i,vɔgi,vɔgi,vɔgi,vɔgi
vɔg.e,vɔg.e,vɔge,vɔge,vɔgeɪ,vɔgeɪ
vɔg.u,vɔg.u,vɔgu,vɔgu,vɔgu,vɔgu
vɔg.o,vɔg.o,vɔgo,vɔgo,vɔgoʊ,vɔgoʊ
vɔf.i,vɔf.i,vɔfi,vɔfi,vɔfi,vɔfi
vɔf.e,vɔf.e,vɔfe,vɔfe,vɔfeɪ,vɔfeɪ
vɔf.u,vɔf.u,vɔfu,vɔfu,vɔfu,vɔfu
vɔf.o,vɔf.o,vɔfo,vɔfo,vɔfoʊ,vɔfoʊ
vɔs.i,vɔs.i,vɔsi,vɔsi,vɔsi,vɔsi
vɔs.e,vɔs.e,vɔse,vɔse,vɔseɪ,vɔseɪ
vɔs.u,vɔs.u,vɔsu,vɔsu,vɔsu,vɔsu
vɔs.o,vɔs.o,vɔso,vɔso,vɔsoʊ,vɔsoʊ
vɔv.i,vɔv.i,vɔvi,vɔvi,vɔvi,vɔvi
vɔv.e,vɔv.e,vɔve,vɔve,vɔveɪ,vɔveɪ
vɔv.u,vɔv.u,vɔvu,vɔvu,vɔvu,vɔvu
vɔv.o,vɔv.o,vɔvo,vɔvo,vɔvoʊ,vɔvoʊ
vɔz.i,vɔz.i,vɔzi,vɔzi,vɔzi,vɔzi
vɔz.e,vɔz.e,vɔze,vɔze,vɔzeɪ,vɔzeɪ
vɔz.u,vɔz.u,vɔzu,vɔzu,vɔzu,vɔzu
vɔz.o,vɔz.o,vɔzo,vɔzo,vɔzoʊ,vɔzoʊ
vɔʃ.i,vɔʃ.i,vɔʃi,vɔʃi,vɔʃi,vɔʃi
vɔʃ.e,vɔʃ.e,vɔʃe,vɔʃe,vɔʃeɪ,vɔʃeɪ
vɔʃ.u,vɔʃ.u,vɔʃu,vɔʃu,vɔʃu,vɔʃu
vɔʃ.o,vɔʃ.o,vɔʃo,vɔʃo,vɔʃoʊ,vɔʃoʊ
vɔʒ.i,vɔʒ.i,vɔʒi,vɔʒi,vɔʒi,vɔʒi
vɔʒ.e,vɔʒ.e,vɔʒe,vɔʒe,vɔʒeɪ,vɔʒeɪ
vɔʒ.u,vɔʒ.u,vɔʒu,vɔʒu,vɔʒu,vɔʒu
vɔʒ.o,vɔʒ.o,vɔʒo,vɔʒo,vɔʒoʊ,vɔʒoʊ
vɔθ.i,vɔθ.i,vɔθi,vɔθi,vɔθi,vɔθi
vɔθ.e,vɔθ.e,vɔθe,vɔθe,vɔθeɪ,vɔθeɪ
vɔθ.u,vɔθ.u,vɔθu,vɔθu,vɔθu,vɔθu
vɔθ.o,vɔθ.o,vɔθo,vɔθo,vɔθoʊ,vɔθoʊ
vɔð.i,vɔð.i,vɔði,vɔði,vɔði,vɔði
vɔð.e,vɔð.e,vɔðe,vɔðe,vɔðeɪ,vɔðeɪ
vɔð.u,vɔð.u,vɔðu,vɔðu,vɔðu,vɔðu
vɔð.o,vɔð.o,vɔðo,vɔðo,vɔðoʊ,vɔðoʊ
zɔm.i,zɔm.i,zɔmi,zɔmi,zɔmi,zɔmi
zɔm.e,zɔm.e,zɔme,zɔme,zɔmeɪ,zɔmeɪ
zɔm.u,zɔm.u,zɔmu,zɔmu,zɔmu,zɔmu
zɔm.o,zɔm.o,zɔmo,zɔmo,zɔmoʊ,zɔmoʊ
zɔn.i,zɔn.i,zɔni,zɔni,zɔni,zɔni
zɔn.e,zɔn.e,zɔne,zɔne,zɔneɪ,zɔneɪ
zɔn.u,zɔn.u,zɔnu,zɔnu,zɔnu,zɔnu
zɔn.o,zɔn.o,zɔno,zɔno,zɔnoʊ,zɔnoʊ
zɔŋ.i,zɔŋ.i,zɔŋi,zɔŋi,zɔŋi,zɔŋi
zɔŋ.e,zɔŋ.e,zɔŋe,zɔŋe,zɔŋeɪ,zɔŋeɪ
zɔŋ.u,zɔŋ.u,zɔŋu,zɔŋu,zɔŋu,zɔŋu
zɔŋ.o,zɔŋ.o,zɔŋo,zɔŋo,zɔŋoʊ,zɔŋoʊ
zɔp.i,zɔp.i,zɔpi,zɔpi,zɔpi,zɔpi
zɔp.e,zɔp.e,zɔpe,zɔpe,zɔpeɪ,zɔpeɪ
zɔp.u,zɔp.u,zɔpu,zɔpu,zɔpu,zɔpu
zɔp.o,zɔp.o,zɔpo,zɔpo,zɔpoʊ,zɔpoʊ
zɔt.i,zɔt.i,zɔti,zɔti,zɔti,zɔti
zɔt.e,zɔt.e,zɔte,zɔte,zɔteɪ,zɔteɪ
zɔt.u,zɔt.u,zɔtu,zɔtu,zɔtu,zɔtu
zɔt.o,zɔt.o,zɔto,zɔto,zɔtoʊ,zɔtoʊ
zɔk.i,zɔk.i,zɔki,zɔki,zɔki,zɔki
zɔk.e,zɔk.e,zɔke,zɔke,zɔkeɪ,zɔkeɪ
zɔk.u,zɔk.u,zɔku,zɔku,zɔku,zɔku
zɔk.o,zɔk.o,zɔko,zɔko,zɔkoʊ,zɔkoʊ
zɔb.i,zɔb.i,zɔbi,zɔbi,zɔbi,zɔbi
zɔb.e,zɔb.e,zɔbe,zɔbe,zɔbeɪ,zɔbeɪ
zɔb.u,zɔb.u,zɔbu,zɔbu,zɔbu,zɔbu
zɔb.o,zɔb.o,zɔbo,zɔbo,zɔboʊ,zɔboʊ
zɔd.i,zɔd.i,zɔdi,zɔdi,zɔdi,zɔdi
zɔd.e,zɔd.e,zɔde,zɔde,zɔdeɪ,zɔdeɪ
zɔd.u,zɔd.u,zɔdu,zɔdu,zɔdu,zɔdu
zɔd.o,zɔd.o,zɔdo,zɔdo,zɔdoʊ,zɔdoʊ
zɔg.i,zɔg.i,zɔgi,zɔgi,zɔgi,zɔgi
zɔg.e,zɔg.e,zɔge,zɔge,zɔgeɪ,zɔgeɪ
zɔg.u,zɔg.u,zɔgu,zɔgu,zɔgu,zɔgu
zɔg.o,zɔg.o,zɔgo,zɔgo,zɔgoʊ,zɔgoʊ
zɔf.i,zɔf.i,zɔfi,zɔfi,zɔfi,zɔfi
zɔf.e,zɔf.e,zɔfe,zɔfe,zɔfeɪ,zɔfeɪ
zɔf.u,zɔf.u,zɔfu,zɔfu,zɔfu,zɔfu
zɔf.o,zɔf.o,zɔfo,zɔfo,zɔfoʊ,zɔfoʊ
zɔs.i,zɔs.i,zɔsi,zɔsi,zɔsi,zɔsi
zɔs.e,zɔs.e,zɔse,zɔse,zɔseɪ,zɔseɪ
zɔs.u,zɔs.u,zɔsu,zɔsu,zɔsu,zɔsu
zɔs.o,zɔs.o,zɔso,zɔso,zɔsoʊ,zɔsoʊ
zɔv.i,zɔv.i,zɔvi,zɔvi,zɔvi,zɔvi
zɔv.e,zɔv.e,zɔve,zɔve,zɔveɪ,zɔveɪ
zɔv.u,zɔv.u,zɔvu,zɔvu,zɔvu,zɔvu
zɔv.o,zɔv.o,zɔvo,zɔvo,zɔvoʊ,zɔvoʊ
zɔz.i,zɔz.i,zɔzi,zɔzi,zɔzi,zɔzi
zɔz.e,zɔz.e,zɔze,zɔze,zɔzeɪ,zɔzeɪ
zɔz.u,zɔz.u,zɔzu,zɔzu,zɔzu,zɔzu
zɔz.o,zɔz.o,zɔzo,zɔzo,zɔzoʊ,zɔzoʊ
zɔʃ.i,zɔʃ.i,zɔʃi,zɔʃi,zɔʃi,zɔʃi
zɔʃ.e,zɔʃ.e,zɔʃe,zɔʃe,zɔʃeɪ,zɔʃeɪ
zɔʃ.u,zɔʃ.u,zɔʃu,zɔʃu,zɔʃu,zɔʃu
zɔʃ.o,zɔʃ.o,zɔʃo,zɔʃo,zɔʃoʊ,zɔʃoʊ
zɔʒ.i,zɔʒ.i,zɔʒi,zɔʒi,zɔʒi,zɔʒi
zɔʒ.e,zɔʒ.e,zɔʒe,zɔʒe,zɔʒeɪ,zɔʒeɪ
zɔʒ.u,zɔʒ.u,zɔʒu,zɔʒu,zɔʒu,zɔʒu
zɔʒ.o,zɔʒ.o,zɔʒo,zɔʒo,zɔʒoʊ,zɔʒoʊ
zɔθ.i,zɔθ.i,zɔθi,zɔθi,zɔθi,zɔθi
zɔθ.e,zɔθ.e,zɔθe,zɔθe,zɔθeɪ,zɔθeɪ
zɔθ.u,zɔθ.u,zɔθu,zɔθu,zɔθu,zɔθu
zɔθ.o,zɔθ.o,zɔθo,zɔθo,zɔθoʊ,zɔθoʊ
zɔð.i,zɔð.i,zɔði,zɔði,zɔði,zɔði
zɔð.e,zɔð.e,zɔðe,zɔðe,zɔðeɪ,zɔðeɪ
zɔð.u,zɔð.u,zɔðu,zɔðu,zɔðu,zɔðu
zɔð.o,zɔð.o,zɔðo,zɔðo,zɔðoʊ,zɔðoʊ
ʃɔm.i,ʃɔm.i,ʃɔmi,ʃɔmi,ʃɔmi,ʃɔmi
ʃɔm.e,ʃɔm.e,ʃɔme,ʃɔme,ʃɔmeɪ,ʃɔmeɪ
ʃɔm.u,ʃɔm.u,ʃɔmu,ʃɔmu,ʃɔmu,ʃɔmu
ʃɔm.o,ʃɔm.o,ʃɔmo,ʃɔmo,ʃɔmoʊ,ʃɔmoʊ
ʃɔn.i,ʃɔn.i,ʃɔni,ʃɔni,ʃɔni,ʃɔni
ʃɔn.e,ʃɔn.e,ʃɔne,ʃɔne,ʃɔneɪ,ʃɔneɪ
ʃɔn.u,ʃɔn.u,ʃɔnu,ʃɔnu,ʃɔnu,ʃɔnu
ʃɔn.o,ʃɔn.o,ʃɔno,ʃɔno,ʃɔnoʊ,ʃɔnoʊ
ʃɔŋ.i,ʃɔŋ.i,ʃɔŋi,ʃɔŋi,ʃɔŋi,ʃɔŋi
ʃɔŋ.e,ʃɔŋ.e,ʃɔŋe,ʃɔŋe,ʃɔŋeɪ,ʃɔŋeɪ
ʃɔŋ.u,ʃɔŋ.u,ʃɔŋu,ʃɔŋu,ʃɔŋu,ʃɔŋu
ʃɔŋ.o,ʃɔŋ.o,ʃɔŋo,ʃɔŋo,ʃɔŋoʊ,ʃɔŋoʊ
ʃɔp.i,ʃɔp.i,ʃɔpi,ʃɔpi,ʃɔpi,ʃɔpi
ʃɔp.e,ʃɔp.e,ʃɔpe,ʃɔpe,ʃɔpeɪ,ʃɔpeɪ
ʃɔp.u,ʃɔp.u,ʃɔpu,ʃɔpu,ʃɔpu,ʃɔpu
ʃɔp.o,ʃɔp.o,ʃɔpo,ʃɔpo,ʃɔpoʊ,ʃɔpoʊ
ʃɔt.i,ʃɔt.i,ʃɔti,ʃɔti,ʃɔti,ʃɔti
ʃɔt.e,ʃɔt.e,ʃɔte,ʃɔte,ʃɔteɪ,ʃɔteɪ
ʃɔt.u,ʃɔt.u,ʃɔtu,ʃɔtu,ʃɔtu,ʃɔtu
ʃɔt.o,ʃɔt.o,ʃɔto,ʃɔto,ʃɔtoʊ,ʃɔtoʊ
ʃɔk.i,ʃɔk.i,ʃɔki,ʃɔki,ʃɔki,ʃɔki
ʃɔk.e,ʃɔk.e,ʃɔke,ʃɔke,ʃɔkeɪ,ʃɔkeɪ
ʃɔk.u,ʃɔk.u,ʃɔku,ʃɔku,ʃɔku,ʃɔku
ʃɔk.o,ʃɔk.o,ʃɔko,ʃɔko,ʃɔkoʊ,ʃɔkoʊ
ʃɔb.i,ʃɔb.i,ʃɔbi,ʃɔbi,ʃɔbi,ʃɔbi
ʃɔb.e,ʃɔb.e,ʃɔbe,ʃɔbe,ʃɔbeɪ,ʃɔbeɪ
ʃɔb.u,ʃɔb.u,ʃɔbu,ʃɔbu,ʃɔbu,ʃɔbu
ʃɔb.o,ʃɔb.o,ʃɔbo,ʃɔbo,ʃɔboʊ,ʃɔboʊ
ʃɔd.i,ʃɔd.i,ʃɔdi,ʃɔdi,ʃɔdi,ʃɔdi
ʃɔd.e,ʃɔd.e,ʃɔde,ʃɔde,ʃɔdeɪ,ʃɔdeɪ
ʃɔd.u,ʃɔd.u,ʃɔdu,ʃɔdu,ʃɔdu,ʃɔdu
ʃɔd.o,ʃɔd.o,ʃɔdo,ʃɔdo,ʃɔdoʊ,ʃɔdoʊ
ʃɔg.i,ʃɔg.i,ʃɔgi,ʃɔgi,ʃɔgi,ʃɔgi
ʃɔg.e,ʃɔg.e,ʃɔge,ʃɔge,ʃɔgeɪ,ʃɔgeɪ
ʃɔg.u,ʃɔg.u,ʃɔgu,ʃɔgu,ʃɔgu,ʃɔgu
ʃɔg.o,ʃɔg.o,ʃɔgo,ʃɔgo,ʃɔgoʊ,ʃɔgoʊ
ʃɔf.i,ʃɔf.i,ʃɔfi,ʃɔfi,ʃɔfi,ʃɔfi
ʃɔf.e,ʃɔf.e,ʃɔfe,ʃɔfe,ʃɔfeɪ,ʃɔfeɪ
ʃɔf.u,ʃɔf.u,ʃɔfu,ʃɔfu,ʃɔfu,ʃɔfu
ʃɔf.o,ʃɔf.o,ʃɔfo,ʃɔfo,ʃɔfoʊ,ʃɔfoʊ
ʃɔs.i,ʃɔs.i,ʃɔsi,ʃɔsi,ʃɔsi,ʃɔsi
ʃɔs.e,ʃɔs.e,ʃɔse,ʃɔse,ʃɔseɪ,ʃɔseɪ
ʃɔs.u,ʃɔs.u,ʃɔsu,ʃɔsu,ʃɔsu,ʃɔsu
ʃɔs.o,ʃɔs.o,ʃɔso,ʃɔso,ʃɔsoʊ,ʃɔsoʊ
ʃɔv.i,ʃɔv.i,ʃɔvi,ʃɔvi,ʃɔvi,ʃɔvi
ʃɔv.e,ʃɔv.e,ʃɔve,ʃɔve,ʃɔveɪ,ʃɔveɪ
ʃɔv.u,ʃɔv.u,ʃɔvu,ʃɔvu,ʃɔvu,ʃɔvu
ʃɔv.o,ʃɔv.o,ʃɔvo,ʃɔvo,ʃɔvoʊ,ʃɔvoʊ
ʃɔz.i,ʃɔz.i,ʃɔzi,ʃɔzi,ʃɔzi,ʃɔzi
ʃɔz.e,ʃɔz.e,ʃɔze,ʃɔze,ʃɔzeɪ,ʃɔzeɪ
ʃɔz.u,ʃɔz.u,ʃɔzu,ʃɔzu,ʃɔzu,ʃɔzu
ʃɔz.o,ʃɔz.o,ʃɔzo,ʃɔzo,ʃɔzoʊ,ʃɔzoʊ
ʃɔʃ.i,ʃɔʃ.i,ʃɔʃi,ʃɔʃi,ʃɔʃi,ʃɔʃi
ʃɔʃ.e,ʃɔʃ.e,ʃɔʃe,ʃɔʃe,ʃɔʃeɪ,ʃɔʃeɪ
ʃɔʃ.u,ʃɔʃ.u,ʃɔʃu,ʃɔʃu,ʃɔʃu,ʃɔʃu
ʃɔʃ.o,ʃɔʃ.o,ʃɔʃo,ʃɔʃo,ʃɔʃoʊ,ʃɔʃoʊ
ʃɔʒ.i,ʃɔʒ.i,ʃɔʒi,ʃɔʒi,ʃɔʒi,ʃɔʒi
ʃɔʒ.e,ʃɔʒ.e,ʃɔʒe,ʃɔʒe,ʃɔʒeɪ,ʃɔʒeɪ
ʃɔʒ.u,ʃɔʒ.u,ʃɔʒu,ʃɔʒu,ʃɔʒu,ʃɔʒu
ʃɔʒ.o,ʃɔʒ.o,ʃɔʒo,ʃɔʒo,ʃɔʒoʊ,ʃɔʒoʊ
ʃɔθ.i,ʃɔθ.i,ʃɔθi,ʃɔθi,ʃɔθi,ʃɔθi
ʃɔθ.e,ʃɔθ.e,ʃɔθe,ʃɔθe,ʃɔθeɪ,ʃɔθeɪ
ʃɔθ.u,ʃɔθ.u,ʃɔθu,ʃɔθu,ʃɔθu,ʃɔθu
ʃɔθ.o,ʃɔθ.o,ʃɔθo,ʃɔθo,ʃɔθoʊ,ʃɔθoʊ
ʃɔð.i,ʃɔð.i,ʃɔði,ʃɔði,ʃɔði,ʃɔði
ʃɔð.e,ʃɔð.e,ʃɔðe,ʃɔðe,ʃɔðeɪ,ʃɔðeɪ
ʃɔð.u,ʃɔð.u,ʃɔðu,ʃɔðu,ʃɔðu,ʃɔðu
ʃɔð.o,ʃɔð.o,ʃɔðo,ʃɔðo,ʃɔðoʊ,ʃɔðoʊ
ʒɔm.i,ʒɔm.i,ʒɔmi,ʒɔmi,ʒɔmi,ʒɔmi
ʒɔm.e,ʒɔm.e,ʒɔme,ʒɔme,ʒɔmeɪ,ʒɔmeɪ
ʒɔm.u,ʒɔm.u,ʒɔmu,ʒɔmu,ʒɔmu,ʒɔmu
ʒɔm.o,ʒɔm.o,ʒɔmo,ʒɔmo,ʒɔmoʊ,ʒɔmoʊ
ʒɔn.i,ʒɔn.i,ʒɔni,ʒɔni,ʒɔni,ʒɔni
ʒɔn.e,ʒɔn.e,ʒɔne,ʒɔne,ʒɔneɪ,ʒɔneɪ
ʒɔn.u,ʒɔn.u,ʒɔnu,ʒɔnu,ʒɔnu,ʒɔnu
ʒɔn.o,ʒɔn.o,ʒɔno,ʒɔno,ʒɔnoʊ,ʒɔnoʊ
ʒɔŋ.i,ʒɔŋ.i,ʒɔŋi,ʒɔŋi,ʒɔŋi,ʒɔŋi
ʒɔŋ.e,ʒɔŋ.e,ʒɔŋe,ʒɔŋe,ʒɔŋeɪ,ʒɔŋeɪ
ʒɔŋ.u,ʒɔŋ.u,ʒɔŋu,ʒɔŋu,ʒɔŋu,ʒɔŋu
ʒɔŋ.o,ʒɔŋ.o,ʒɔŋo,ʒɔŋo,ʒɔŋoʊ,ʒɔŋoʊ
ʒɔp.i,ʒɔp.i,ʒɔpi,ʒɔpi,ʒɔpi,ʒɔpi
ʒɔp.e,ʒɔp.e,ʒɔpe,ʒɔpe,ʒɔpeɪ,ʒɔpeɪ
ʒɔp.u,ʒɔp.u,ʒɔpu,ʒɔpu,ʒɔpu,ʒɔpu
ʒɔp.o,ʒɔp.o,ʒɔpo,ʒɔpo,ʒɔpoʊ,ʒɔpoʊ
ʒɔt.i,ʒɔt.i,ʒɔti,ʒɔti,ʒɔti,ʒɔti
ʒɔt.e,ʒɔt.e,ʒɔte,ʒɔte,ʒɔteɪ,ʒɔteɪ
ʒɔt.u,ʒɔt.u,ʒɔtu,ʒɔtu,ʒɔtu,ʒɔtu
ʒɔt.o,ʒɔt.o,ʒɔto,ʒɔto,ʒɔtoʊ,ʒɔtoʊ
ʒɔk.i,ʒɔk.i,ʒɔki,ʒɔki,ʒɔki,ʒɔki
ʒɔk.e,ʒɔk.e,ʒɔke,ʒɔke,ʒɔkeɪ,ʒɔkeɪ
ʒɔk.u,ʒɔk.u,ʒɔku,ʒɔku,ʒɔku,ʒɔku
ʒɔk.o,ʒɔk.o,ʒɔko,ʒɔko,ʒɔkoʊ,ʒɔkoʊ
ʒɔb.i,ʒɔb.i,ʒɔbi,ʒɔbi,ʒɔbi,ʒɔbi
ʒɔb.e,ʒɔb.e,ʒɔbe,ʒɔbe,ʒɔbeɪ,ʒɔbeɪ
ʒɔb.u,ʒɔb.u,ʒɔbu,ʒɔbu,ʒɔbu,ʒɔbu
ʒɔb.o,ʒɔb.o,ʒɔbo,ʒɔbo,ʒɔboʊ,ʒɔboʊ
ʒɔd.i,ʒɔd.i,ʒɔdi,ʒɔdi,ʒɔdi,ʒɔdi
ʒɔd.e,ʒɔd.e,ʒɔde,ʒɔde,ʒɔdeɪ,ʒɔdeɪ
ʒɔd.u,ʒɔd.u,ʒɔdu,ʒɔdu,ʒɔdu,ʒɔdu
ʒɔd.o,ʒɔd.o,ʒɔdo,ʒɔdo,ʒɔdoʊ,ʒɔdoʊ
ʒɔg.i,ʒɔg.i,ʒɔgi,ʒɔgi,ʒɔgi,ʒɔgi
ʒɔg.e,ʒɔg.e,ʒɔge,ʒɔge,ʒɔgeɪ,ʒɔgeɪ
ʒɔg.u,ʒɔg.u,ʒɔgu,ʒɔgu,ʒɔgu,ʒɔgu
ʒɔg.o,ʒɔg.o,ʒɔgo,ʒɔgo,ʒɔgoʊ,ʒɔgoʊ
ʒɔf.i,ʒɔf.i,ʒɔfi,ʒɔfi,ʒɔfi,ʒɔfi
ʒɔf.e,ʒɔf.e,ʒɔfe,ʒɔfe,ʒɔfeɪ,ʒɔfeɪ
ʒɔf.u,ʒɔf.u,ʒɔfu,ʒɔfu,ʒɔfu,ʒɔfu
ʒɔf.o,ʒɔf.o,ʒɔfo,ʒɔfo,ʒɔfoʊ,ʒɔfoʊ
ʒɔs.i,ʒɔs.i,ʒɔsi,ʒɔsi,ʒɔsi,ʒɔsi
ʒɔs.e,ʒɔs.e,ʒɔse,ʒɔse,ʒɔseɪ,ʒɔseɪ
ʒɔs.u,ʒɔs.u,ʒɔsu,ʒɔsu,ʒɔsu,ʒɔsu
ʒɔs.o,ʒɔs.o,ʒɔso,ʒɔso,ʒɔsoʊ,ʒɔsoʊ
ʒɔv.i,ʒɔv.i,ʒɔvi,ʒɔvi,ʒɔvi,ʒɔvi
ʒɔv.e,ʒɔv.e,ʒɔve,ʒɔve,ʒɔveɪ,ʒɔveɪ
ʒɔv.u,ʒɔv.u,ʒɔvu,ʒɔvu,ʒɔvu,ʒɔvu
ʒɔv.o,ʒɔv.o,ʒɔvo,ʒɔvo,ʒɔvoʊ,ʒɔvoʊ
ʒɔz.i,ʒɔz.i,ʒɔzi,ʒɔzi,ʒɔzi,ʒɔzi
ʒɔz.e,ʒɔz.e,ʒɔze,ʒɔze,ʒɔzeɪ,ʒɔzeɪ
ʒɔz.u,ʒɔz.u,ʒɔzu,ʒɔzu,ʒɔzu,ʒɔzu
ʒɔz.o,ʒɔz.o,ʒɔzo,ʒɔzo,ʒɔzoʊ,ʒɔzoʊ
ʒɔʃ.i,ʒɔʃ.i,ʒɔʃi,ʒɔʃi,ʒɔʃi,ʒɔʃi
ʒɔʃ.e,ʒɔʃ.e,ʒɔʃe,ʒɔʃe,ʒɔʃeɪ,ʒɔʃeɪ
ʒɔʃ.u,ʒɔʃ.u,ʒɔʃu,ʒɔʃu,ʒɔʃu,ʒɔʃu
ʒɔʃ.o,ʒɔʃ.o,ʒɔʃo,ʒɔʃo,ʒɔʃoʊ,ʒɔʃoʊ
ʒɔʒ.i,ʒɔʒ.i,ʒɔʒi,ʒɔʒi,ʒɔʒi,ʒɔʒi
ʒɔʒ.e,ʒɔʒ.e,ʒɔʒe,ʒɔʒe,ʒɔʒeɪ,ʒɔʒeɪ
ʒɔʒ.u,ʒɔʒ.u,ʒɔʒu,ʒɔʒu,ʒɔʒu,ʒɔʒu
ʒɔʒ.o,ʒɔʒ.o,ʒɔʒo,ʒɔʒo,ʒɔʒoʊ,ʒɔʒoʊ
ʒɔθ.i,ʒɔθ.i,ʒɔθi,ʒɔθi,ʒɔθi,ʒɔθi
ʒɔθ.e,ʒɔθ.e,ʒɔθe,ʒɔθe,ʒɔθeɪ,ʒɔθeɪ
ʒɔθ.u,ʒɔθ.u,ʒɔθu,ʒɔθu,ʒɔθu,ʒɔθu
ʒɔθ.o,ʒɔθ.o,ʒɔθo,ʒɔθo,ʒɔθoʊ,ʒɔθoʊ
ʒɔð.i,ʒɔð.i,ʒɔði,ʒɔði,ʒɔði,ʒɔði
ʒɔð.e,ʒɔð.e,ʒɔðe,ʒɔðe,ʒɔðeɪ,ʒɔðeɪ
ʒɔð.u,ʒɔð.u,ʒɔðu,ʒɔðu,ʒɔðu,ʒɔðu
ʒɔð.o,ʒɔð.o,ʒɔðo,ʒɔðo,ʒɔðoʊ,ʒɔðoʊ
θɔm.i,θɔm.i,θɔmi,θɔmi,θɔmi,θɔmi
θɔm.e,θɔm.e,θɔme,θɔme,θɔmeɪ,θɔmeɪ
θɔm.u,θɔm.u,θɔmu,θɔmu,θɔmu,θɔmu
θɔm.o,θɔm.o,θɔmo,θɔmo,θɔmoʊ,θɔmoʊ
θɔn.i,θɔn.i,θɔni,θɔni,θɔni,θɔni
θɔn.e,θɔn.e,θɔne,θɔne,θɔneɪ,θɔneɪ
θɔn.u,θɔn.u,θɔnu,θɔnu,θɔnu,θɔnu
θɔn.o,θɔn.o,θɔno,θɔno,θɔnoʊ,θɔnoʊ
θɔŋ.i,θɔŋ.i,θɔŋi,θɔŋi,θɔŋi,θɔŋi
θɔŋ.e,θɔŋ.e,θɔŋe,θɔŋe,θɔŋeɪ,θɔŋeɪ
θɔŋ.u,θɔŋ.u,θɔŋu,θɔŋu,θɔŋu,θɔŋu
θɔŋ.o,θɔŋ.o,θɔŋo,θɔŋo,θɔŋoʊ,θɔŋoʊ
θɔp.i,θɔp.i,θɔpi,θɔpi,θɔpi,θɔpi
θɔp.e,θɔp.e,θɔpe,θɔpe,θɔpeɪ,θɔpeɪ
θɔp.u,θɔp.u,θɔpu,θɔpu,θɔpu,θɔpu
θɔp.o,θɔp.o,θɔpo,θɔpo,θɔpoʊ,θɔpoʊ
θɔt.i,θɔt.i,θɔti,θɔti,θɔti,θɔti
θɔt.e,θɔt.e,θɔte,θɔte,θɔteɪ,θɔteɪ
θɔt.u,θɔt.u,θɔtu,θɔtu,θɔtu,θɔtu
θɔt.o,θɔt.o,θɔto,θɔto,θɔtoʊ,θɔtoʊ
θɔk.i,θɔk.i,θɔki,θɔki,θɔki,θɔki
θɔk.e,θɔk.e,θɔke,θɔke,θɔkeɪ,θɔkeɪ
θɔk.u,θɔk.u,θɔku,θɔku,θɔku,θɔku
θɔk.o,θɔk.o,θɔko,θɔko,θɔkoʊ,θɔkoʊ
θɔb.i,θɔb.i,θɔbi,θɔbi,θɔbi,θɔbi
θɔb.e,θɔb.e,θɔbe,θɔbe,θɔbeɪ,θɔbeɪ
θɔb.u,θɔb.u,θɔbu,θɔbu,θɔbu,θɔbu
θɔb.o,θɔb.o,θɔbo,θɔbo,θɔboʊ,θɔboʊ
θɔd.i,θɔd.i,θɔdi,θɔdi,θɔdi,θɔdi
θɔd.e,θɔd.e,θɔde,θɔde,θɔdeɪ,θɔdeɪ
θɔd.u,θɔd.u,θɔdu,θɔdu,θɔdu,θɔdu
θɔd.o,θɔd.o,θɔdo,θɔdo,θɔdoʊ,θɔdoʊ
θɔg.i,θɔg.i,θɔgi,θɔgi,θɔgi,θɔgi
θɔg.e,θɔg.e,θɔge,θɔge,θɔgeɪ,θɔgeɪ
θɔg.u,θɔg.u,θɔgu,θɔgu,θɔgu,θɔgu
θɔg.o,θɔg.o,θɔgo,θɔgo,θɔgoʊ,θɔgoʊ
θɔf.i,θɔf.i,θɔfi,θɔfi,θɔfi,θɔfi
θɔf.e,θɔf.e,θɔfe,θɔfe,θɔfeɪ,θɔfeɪ
θɔf.u,θɔf.u,θɔfu,θɔfu,θɔfu,θɔfu
θɔf.o,θɔf.o,θɔfo,θɔfo,θɔfoʊ,θɔfoʊ
θɔs.i,θɔs.i,θɔsi,θɔsi,θɔsi,θɔsi
θɔs.e,θɔs.e,θɔse,θɔse,θɔseɪ,θɔseɪ
θɔs.u,θɔs.u,θɔsu,θɔsu,θɔsu,θɔsu
θɔs.o,θɔs.o,θɔso,θɔso,θɔsoʊ,θɔsoʊ
θɔv.i,θɔv.i,θɔvi,θɔvi,θɔvi,θɔvi
θɔv.e,θɔv.e,θɔve,θɔve,θɔveɪ,θɔveɪ
θɔv.u,θɔv.u,θɔvu,θɔvu,θɔvu,θɔvu
θɔv.o,θɔv.o,θɔvo,θɔvo,θɔvoʊ,θɔvoʊ
θɔz.i,θɔz.i,θɔzi,θɔzi,θɔzi,θɔzi
θɔz.e,θɔz.e,θɔze,θɔze,θɔzeɪ,θɔzeɪ
θɔz.u,θɔz.u,θɔzu,θɔzu,θɔzu,θɔzu
θɔz.o,θɔz.o,θɔzo,θɔzo,θɔzoʊ,θɔzoʊ
θɔʃ.i,θɔʃ.i,θɔʃi,θɔʃi,θɔʃi,θɔʃi
θɔʃ.e,θɔʃ.e,θɔʃe,θɔʃe,θɔʃeɪ,θɔʃeɪ
θɔʃ.u,θɔʃ.u,θɔʃu,θɔʃu,θɔʃu,θɔʃu
θɔʃ.o,θɔʃ.o,θɔʃo,θɔʃo,θɔʃoʊ,θɔʃoʊ
θɔʒ.i,θɔʒ.i,θɔʒi,θɔʒi,θɔʒi,θɔʒi
θɔʒ.e,θɔʒ.e,θɔʒe,θɔʒe,θɔʒeɪ,θɔʒeɪ
θɔʒ.u,θɔʒ.u,θɔʒu,θɔʒu,θɔʒu,θɔʒu
θɔʒ.o,θɔʒ.o,θɔʒo,θɔʒo,θɔʒoʊ,θɔʒoʊ
θɔθ.i,θɔθ.i,θɔθi,θɔθi,θɔθi,θɔθi
θɔθ.e,θɔθ.e,θɔθe,θɔθe,θɔθeɪ,θɔθeɪ
θɔθ.u,θɔθ.u,θɔθu,θɔθu,θɔθu,θɔθu
θɔθ.o,θɔθ.o,θɔθo,θɔθo,θɔθoʊ,θɔθoʊ
θɔð.i,θɔð.i,θɔði,θɔði,θɔði,θɔði
θɔð.e,θɔð.e,θɔðe,θɔðe,θɔðeɪ,θɔðeɪ
θɔð.u,θɔð.u,θɔðu,θɔðu,θɔðu,θɔðu
θɔð.o,θɔð.o,θɔðo,θɔðo,θɔðoʊ,θɔðoʊ
ðɔm.i,ðɔm.i,ðɔmi,ðɔmi,ðɔmi,ðɔmi
ðɔm.e,ðɔm.e,ðɔme,ðɔme,ðɔmeɪ,ðɔmeɪ
ðɔm.u,ðɔm.u,ðɔmu,ðɔmu,ðɔmu,ðɔmu
ðɔm.o,ðɔm.o,ðɔmo,ðɔmo,ðɔmoʊ,ðɔmoʊ
ðɔn.i,ðɔn.i,ðɔni,ðɔni,ðɔni,ðɔni
ðɔn.e,ðɔn.e,ðɔne,ðɔne,ðɔneɪ,ðɔneɪ
ðɔn.u,ðɔn.u,ðɔnu,ðɔnu,ðɔnu,ðɔnu
ðɔn.o,ðɔn.o,ðɔno,ðɔno,ðɔnoʊ,ðɔnoʊ
ðɔŋ.i,ðɔŋ.i,ðɔŋi,ðɔŋi,ðɔŋi,ðɔŋi
ðɔŋ.e,ðɔŋ.e,ðɔŋe,ðɔŋe,ðɔŋeɪ,ðɔŋeɪ
ðɔŋ.u,ðɔŋ.u,ðɔŋu,ðɔŋu,ðɔŋu,ðɔŋu
ðɔŋ.o,ðɔŋ.o,ðɔŋo,ðɔŋo,ðɔŋoʊ,ðɔŋoʊ
ðɔp.i,ðɔp.i,ðɔpi,ðɔpi,ðɔpi,ðɔpi
ðɔp.e,ðɔp.e,ðɔpe,ðɔpe,ðɔpeɪ,ðɔpeɪ
ðɔp.u,ðɔp.u,ðɔpu,ðɔpu,ðɔpu,ðɔpu
ðɔp.o,ðɔp.o,ðɔpo,ðɔpo,ðɔpoʊ,ðɔpoʊ
ðɔt.i,ðɔt.i,ðɔti,ðɔti,ðɔti,ðɔti
ðɔt.e,ðɔt.e,ðɔte,ðɔte,ðɔteɪ,ðɔteɪ
ðɔt.u,ðɔt.u,ðɔtu,ðɔtu,ðɔtu,ðɔtu
ðɔt.o,ðɔt.o,ðɔto,ðɔto,ðɔtoʊ,ðɔtoʊ
ðɔk.i,ðɔk.i,ðɔki,ðɔki,ðɔki,ðɔki
ðɔk.e,ðɔk.e,ðɔke,ðɔke,ðɔkeɪ,ðɔkeɪ
ðɔk.u,ðɔk.u,ðɔku,ðɔku,ðɔku,ðɔku
ðɔk.o,ðɔk.o,ðɔko,ðɔko,ðɔkoʊ,ðɔkoʊ
ðɔb.i,ðɔb.i,ðɔbi,ðɔbi,ðɔbi,ðɔbi
ðɔb.e,ðɔb.e,ðɔbe,ðɔbe,ðɔbeɪ,ðɔbeɪ
ðɔb.u,ðɔb.u,ðɔbu,ðɔbu,ðɔbu,ðɔbu
ðɔb.o,ðɔb.o,ðɔbo,ðɔbo,ðɔboʊ,ðɔboʊ
ðɔd.i,ðɔd.i,ðɔdi,ðɔdi,ðɔdi,ðɔdi
ðɔd.e,ðɔd.e,ðɔde,ðɔde,ðɔdeɪ,ðɔdeɪ
ðɔd.u,ðɔd.u,ðɔdu,ðɔdu,ðɔdu,ðɔdu
ðɔd.o,ðɔd.o,ðɔdo,ðɔdo,ðɔdoʊ,ðɔdoʊ
ðɔg.i,ðɔg.i,ðɔgi,ðɔgi,ðɔgi,ðɔgi
ðɔg.e,ðɔg.e,ðɔge,ðɔge,ðɔgeɪ,ðɔgeɪ
ðɔg.u,ðɔg.u,ðɔgu,ðɔgu,ðɔgu,ðɔgu
ðɔg.o,ðɔg.o,ðɔgo,ðɔgo,ðɔgoʊ,ðɔgoʊ
ðɔf.i,ðɔf.i,ðɔfi,ðɔfi,ðɔfi,ðɔfi
ðɔf.e,ðɔf.e,ðɔfe,ðɔfe,ðɔfeɪ,ðɔfeɪ
ðɔf.u,ðɔf.u,ðɔfu,ðɔfu,ðɔfu,ðɔfu
ðɔf.o,ðɔf.o,ðɔfo,ðɔfo,ðɔfoʊ,ðɔfoʊ
ðɔs.i,ðɔs.i,ðɔsi,ðɔsi,ðɔsi,ðɔsi
ðɔs.e,ðɔs.e,ðɔse,ðɔse,ðɔseɪ,ðɔseɪ
ðɔs.u,ðɔs.u,ðɔsu,ðɔsu,ðɔsu,ðɔsu
ðɔs.o,ðɔs.o,ðɔso,ðɔso,ðɔsoʊ,ðɔsoʊ
ðɔv.i,ðɔv.i,ðɔvi,ðɔvi,ðɔvi,ðɔvi
ðɔv.e,ðɔv.e,ðɔve,ðɔve,ðɔveɪ,ðɔveɪ
ðɔv.u,ðɔv.u,ðɔvu,ðɔvu,ðɔvu,ðɔvu
ðɔv.o,ðɔv.o,ðɔvo,ðɔvo,ðɔvoʊ,ðɔvoʊ
ðɔz.i,ðɔz.i,ðɔzi,ðɔzi,ðɔzi,ðɔzi
ðɔz.e,ðɔz.e,ðɔze,ðɔze,ðɔzeɪ,ðɔzeɪ
ðɔz.u,ðɔz.u,ðɔzu,ðɔzu,ðɔzu,ðɔzu
ðɔz.o,ðɔz.o,ðɔzo,ðɔzo,ðɔzoʊ,ðɔzoʊ
ðɔʃ.i,ðɔʃ.i,ðɔʃi,ðɔʃi,ðɔʃi,ðɔʃi
ðɔʃ.e,ðɔʃ.e,ðɔʃe,ðɔʃe,ðɔʃeɪ,ðɔʃeɪ
ðɔʃ.u,ðɔʃ.u,ðɔʃu,ðɔʃu,ðɔʃu,ðɔʃu
ðɔʃ.o,ðɔʃ.o,ðɔʃo,ðɔʃo,ðɔʃoʊ,ðɔʃoʊ
ðɔʒ.i,ðɔʒ.i,ðɔʒi,ðɔʒi,ðɔʒi,ðɔʒi
ðɔʒ.e,ðɔʒ.e,ðɔʒe,ðɔʒe,ðɔʒeɪ,ðɔʒeɪ
ðɔʒ.u,ðɔʒ.u,ðɔʒu,ðɔʒu,ðɔʒu,ðɔʒu
ðɔʒ.o,ðɔʒ.o,ðɔʒo,ðɔʒo,ðɔʒoʊ,ðɔʒoʊ
ðɔθ.i,ðɔθ.i,ðɔθi,ðɔθi,ðɔθi,ðɔθi
ðɔθ.e,ðɔθ.e,ðɔθe,ðɔθe,ðɔθeɪ,ðɔθeɪ
ðɔθ.u,ðɔθ.u,ðɔθu,ðɔθu,ðɔθu,ðɔθu
ðɔθ.o,ðɔθ.o,ðɔθo,ðɔθo,ðɔθoʊ,ðɔθoʊ
ðɔð.i,ðɔð.i,ðɔði,ðɔði,ðɔði,ðɔði
ðɔð.e,ðɔð.e,ðɔðe,ðɔðe,ðɔðeɪ,ðɔðeɪ
ðɔð.u,ðɔð.u,ðɔðu,ðɔðu,ðɔðu,ðɔðu
ðɔð.o,ðɔð.o,ðɔðo,ðɔðo,ðɔðoʊ,ðɔðoʊ
hɔm.i,hɔm.i,hɔmi,hɔmi,hɔmi,hɔmi
hɔm.e,hɔm.e,hɔme,hɔme,hɔmeɪ,hɔmeɪ
hɔm.u,hɔm.u,hɔmu,hɔmu,hɔmu,hɔmu
hɔm.o,hɔm.o,hɔmo,hɔmo,hɔmoʊ,hɔmoʊ
hɔn.i,hɔn.i,hɔni,hɔni,hɔni,hɔni
hɔn.e,hɔn.e,hɔne,hɔne,hɔneɪ,hɔneɪ
hɔn.u,hɔn.u,hɔnu,hɔnu,hɔnu,hɔnu
hɔn.o,hɔn.o,hɔno,hɔno,hɔnoʊ,hɔnoʊ
hɔŋ.i,hɔŋ.i,hɔŋi,hɔŋi,hɔŋi,hɔŋi
hɔŋ.e,hɔŋ.e,hɔŋe,hɔŋe,hɔŋeɪ,hɔŋeɪ
hɔŋ.u,hɔŋ.u,hɔŋu,hɔŋu,hɔŋu,hɔŋu
hɔŋ.o,hɔŋ.o,hɔŋo,hɔŋo,hɔŋoʊ,hɔŋoʊ
hɔp.i,hɔp.i,hɔpi,hɔpi,hɔpi,hɔpi
hɔp.e,hɔp.e,hɔpe,hɔpe,hɔpeɪ,hɔpeɪ
hɔp.u,hɔp.u,hɔpu,hɔpu,hɔpu,hɔpu
hɔp.o,hɔp.o,hɔpo,hɔpo,hɔpoʊ,hɔpoʊ
hɔt.i,hɔt.i,hɔti,hɔti,hɔti,hɔti
hɔt.e,hɔt.e,hɔte,hɔte,hɔteɪ,hɔteɪ
hɔt.u,hɔt.u,hɔtu,hɔtu,hɔtu,hɔtu
hɔt.o,hɔt.o,hɔto,hɔto,hɔtoʊ,hɔtoʊ
hɔk.i,hɔk.i,hɔki,hɔki,hɔki,hɔki
hɔk.e,hɔk.e,hɔke,hɔke,hɔkeɪ,hɔkeɪ
hɔk.u,hɔk.u,hɔku,hɔku,hɔku,hɔku
hɔk.o,hɔk.o,hɔko,hɔko,hɔkoʊ,hɔkoʊ
hɔb.i,hɔb.i,hɔbi,hɔbi,hɔbi,hɔbi
hɔb.e,hɔb.e,hɔbe,hɔbe,hɔbeɪ,hɔbeɪ
hɔb.u,hɔb.u,hɔbu,hɔbu,hɔbu,hɔbu
hɔb.o,hɔb.o,hɔbo,hɔbo,hɔboʊ,hɔboʊ
hɔd.i,hɔd.i,hɔdi,hɔdi,hɔdi,hɔdi
hɔd.e,hɔd.e,hɔde,hɔde,hɔdeɪ,hɔdeɪ
hɔd.u,hɔd.u,hɔdu,hɔdu,hɔdu,hɔdu
hɔd.o,hɔd.o,hɔdo,hɔdo,hɔdoʊ,hɔdoʊ
hɔg.i,hɔg.i,hɔgi,hɔgi,hɔgi,hɔgi
hɔg.e,hɔg.e,hɔge,hɔge,hɔgeɪ,hɔgeɪ
hɔg.u,hɔg.u,hɔgu,hɔgu,hɔgu,hɔgu
hɔg.o,hɔg.o,hɔgo,hɔgo,hɔgoʊ,hɔgoʊ
hɔf.i,hɔf.i,hɔfi,hɔfi,hɔfi,hɔfi
hɔf.e,hɔf.e,hɔfe,hɔfe,hɔfeɪ,hɔfeɪ
hɔf.u,hɔf.u,hɔfu,hɔfu,hɔfu,hɔfu
hɔf.o,hɔf.o,hɔfo,hɔfo,hɔfoʊ,hɔfoʊ
hɔs.i,hɔs.i,hɔsi,hɔsi,hɔsi,hɔsi
hɔs.e,hɔs.e,hɔse,hɔse,hɔseɪ,hɔseɪ
hɔs.u,hɔs.u,hɔsu,hɔsu,hɔsu,hɔsu
hɔs.o,hɔs.o,hɔso,hɔso,hɔsoʊ,hɔsoʊ
hɔv.i,hɔv.i,hɔvi,hɔvi,hɔvi,hɔvi
hɔv.e,hɔv.e,hɔve,hɔve,hɔveɪ,hɔveɪ
hɔv.u,hɔv.u,hɔvu,hɔvu,hɔvu,hɔvu
hɔv.o,hɔv.o,hɔvo,hɔvo,hɔvoʊ,hɔvoʊ
hɔz.i,hɔz.i,hɔzi,hɔzi,hɔzi,hɔzi
hɔz.e,hɔz.e,hɔze,hɔze,hɔzeɪ,hɔzeɪ
hɔz.u,hɔz.u,hɔzu,hɔzu,hɔzu,hɔzu
hɔz.o,hɔz.o,hɔzo,hɔzo,hɔzoʊ,hɔzoʊ
hɔʃ.i,hɔʃ.i,hɔʃi,hɔʃi,hɔʃi,hɔʃi
hɔʃ.e,hɔʃ.e,hɔʃe,hɔʃe,hɔʃeɪ,hɔʃeɪ
hɔʃ.u,hɔʃ.u,hɔʃu,hɔʃu,hɔʃu,hɔʃu
hɔʃ.o,hɔʃ.o,hɔʃo,hɔʃo,hɔʃoʊ,hɔʃoʊ
hɔʒ.i,hɔʒ.i,hɔʒi,hɔʒi,hɔʒi,hɔʒi
hɔʒ.e,hɔʒ.e,hɔʒe,hɔʒe,hɔʒeɪ,hɔʒeɪ
hɔʒ.u,hɔʒ.u,hɔʒu,hɔʒu,hɔʒu,hɔʒu
hɔʒ.o,hɔʒ.o,hɔʒo,hɔʒo,hɔʒoʊ,hɔʒoʊ
hɔθ.i,hɔθ.i,hɔθi,hɔθi,hɔθi,hɔθi
hɔθ.e,hɔθ.e,hɔθe,hɔθe,hɔθeɪ,hɔθeɪ
hɔθ.u,hɔθ.u,hɔθu,hɔθu,hɔθu,hɔθu
hɔθ.o,hɔθ.o,hɔθo,hɔθo,hɔθoʊ,hɔθoʊ
hɔð.i,hɔð.i,hɔði,hɔði,hɔði,hɔði
hɔð.e,hɔð.e,hɔðe,hɔðe,hɔðeɪ,hɔðeɪ
hɔð.u,hɔð.u,hɔðu,hɔðu,hɔðu,hɔðu
hɔð.o,hɔð.o,hɔðo,hɔðo,hɔðoʊ,hɔðoʊ
